2025-06-06 14:10:07,778 - JSPGymEnvironment - INFO - Environment reset
2025-06-06 14:10:13,785 - JSPGymEnvironment - INFO - Environment reset
2025-06-06 14:10:26,306 - JSPGymEnvironment - INFO - Material change on machine M3:  -> Racebike_Steuerrohr_montiert, setup time: 0
2025-06-06 14:10:26,307 - JSPGymEnvironment - INFO - Executed operation: Job J167, Op 0, Machine M3, Start: 0, End: 52, Setup: 0
2025-06-06 14:10:26,308 - JSPGymEnvironment - INFO - 
===== REWARD DETAILS FOR STEP 1 =====
Job: J167, Operation: 0, Job Completed: False
Current Time: 0.00 -> 52.00, Setup Time: 0.00
Processing Time: 52.00, Idle Time: 0.00
Completed Jobs: 0/300
Machine: M3, Material: Racebike_Steuerrohr_montiert

REWARD COMPONENTS:
- makespan_reward: -0.2600
- setup_reward: 0.0000
- deadline_reward: 0.0000
- priority_reward: 0.0000
- critical_job_reward: 0.5000
- placement_reward: 0.0000
- timeliness_reward: 9.1777
- machine_idle_penalty: -1.4000

TOTAL REWARD: 8.0177

CUMULATIVE REWARD COMPONENTS:
- makespan_reward: -0.2600
- setup_reward: 0.0000
- deadline_reward: 0.0000
- priority_reward: 0.0000
- critical_job_reward: 0.5000
- placement_reward: 0.0000
- timeliness_reward: 9.1777
- machine_idle_penalty: -1.4000

CUMULATIVE TOTAL: 8.0177

CRITICAL STATE INFO:
- Valid actions: ['J1', 'J2', 'J3', 'J4', 'J5', 'J6', 'J7', 'J8', 'J9', 'J10', 'J11', 'J12', 'J13', 'J14', 'J15', 'J16', 'J17', 'J18', 'J19', 'J20', 'J21', 'J22', 'J23', 'J24', 'J25', 'J26', 'J27', 'J28', 'J29', 'J30', 'J31', 'J32', 'J33', 'J34', 'J35', 'J36', 'J37', 'J38', 'J39', 'J40', 'J41', 'J42', 'J43', 'J44', 'J45', 'J46', 'J47', 'J48', 'J49', 'J50', 'J51', 'J52', 'J53', 'J54', 'J55', 'J56', 'J57', 'J58', 'J59', 'J60', 'J61', 'J62', 'J63', 'J64', 'J65', 'J66', 'J67', 'J68', 'J69', 'J70', 'J71', 'J72', 'J73', 'J74', 'J75', 'J76', 'J77', 'J78', 'J79', 'J80', 'J81', 'J82', 'J83', 'J84', 'J85', 'J86', 'J87', 'J88', 'J89', 'J90', 'J91', 'J92', 'J93', 'J94', 'J95', 'J96', 'J97', 'J98', 'J99', 'J100', 'J101', 'J102', 'J103', 'J104', 'J105', 'J106', 'J107', 'J108', 'J109', 'J110', 'J111', 'J112', 'J113', 'J114', 'J115', 'J116', 'J117', 'J118', 'J119', 'J120', 'J121', 'J122', 'J123', 'J124', 'J125', 'J126', 'J127', 'J128', 'J129', 'J130', 'J131', 'J132', 'J133', 'J134', 'J135', 'J136', 'J137', 'J138', 'J139', 'J140', 'J141', 'J142', 'J143', 'J144', 'J145', 'J146', 'J147', 'J148', 'J149', 'J150', 'J151', 'J152', 'J153', 'J154', 'J155', 'J156', 'J157', 'J158', 'J159', 'J160', 'J161', 'J162', 'J163', 'J164', 'J165', 'J166', 'J167', 'J168', 'J169', 'J170', 'J171', 'J172', 'J173', 'J174', 'J175', 'J176', 'J177', 'J178', 'J179', 'J180', 'J181', 'J182', 'J183', 'J184', 'J185', 'J186', 'J187', 'J188', 'J189', 'J190', 'J191', 'J192', 'J193', 'J194', 'J195', 'J196', 'J197', 'J198', 'J199', 'J200', 'J201', 'J202', 'J203', 'J204', 'J205', 'J206', 'J207', 'J208', 'J209', 'J210', 'J211', 'J212', 'J213', 'J214', 'J215', 'J216', 'J217', 'J218', 'J219', 'J220', 'J221', 'J222', 'J223', 'J224', 'J225', 'J226', 'J227', 'J228', 'J229', 'J230', 'J231', 'J232', 'J233', 'J234', 'J235', 'J236', 'J237', 'J238', 'J239', 'J240', 'J241', 'J242', 'J243', 'J244', 'J245', 'J246', 'J247', 'J248', 'J249', 'J250', 'J251', 'J252', 'J253', 'J254', 'J255', 'J256', 'J257', 'J258', 'J259', 'J260', 'J261', 'J262', 'J263', 'J264', 'J265', 'J266', 'J267', 'J268', 'J269', 'J270', 'J271', 'J272', 'J273', 'J274', 'J275', 'J276', 'J277', 'J278', 'J279', 'J280', 'J281', 'J282', 'J283', 'J284', 'J285', 'J286', 'J287', 'J288', 'J289', 'J290', 'J291', 'J292', 'J293', 'J294', 'J295', 'J296', 'J297', 'J298', 'J299', 'J300']
- Machine states:
  - Machine M1: Time=0.00, Idle=52.00, Material=None
  - Machine M2: Time=0.00, Idle=52.00, Material=None
  - Machine M3: Time=52.00, Idle=0.00, Material=Racebike_Steuerrohr_montiert
==================================================

2025-06-06 14:10:38,294 - JSPGymEnvironment - INFO - Material change on machine M1:  -> Citybike_Bremsaufnahme_gebohrt, setup time: 0
2025-06-06 14:10:38,294 - JSPGymEnvironment - INFO - Executed operation: Job J215, Op 0, Machine M1, Start: 52, End: 78, Setup: 0
2025-06-06 14:10:38,296 - JSPGymEnvironment - INFO - 
===== REWARD DETAILS FOR STEP 2 =====
Job: J215, Operation: 0, Job Completed: False
Current Time: 52.00 -> 78.00, Setup Time: 0.00
Processing Time: 26.00, Idle Time: 0.00
Completed Jobs: 0/300
Machine: M1, Material: Citybike_Bremsaufnahme_gebohrt

REWARD COMPONENTS:
- makespan_reward: -0.1300
- setup_reward: 0.0000
- deadline_reward: 0.0000
- priority_reward: 0.0000
- critical_job_reward: 0.0000
- placement_reward: 0.0000
- timeliness_reward: 9.1859
- machine_idle_penalty: -1.3500

TOTAL REWARD: 7.7059

CUMULATIVE REWARD COMPONENTS:
- makespan_reward: -0.3900
- setup_reward: 0.0000
- deadline_reward: 0.0000
- priority_reward: 0.0000
- critical_job_reward: 0.5000
- placement_reward: 0.0000
- timeliness_reward: 18.3635
- machine_idle_penalty: -2.7500

CUMULATIVE TOTAL: 15.7235

CRITICAL STATE INFO:
- Valid actions: ['J1', 'J2', 'J3', 'J4', 'J5', 'J6', 'J7', 'J8', 'J9', 'J10', 'J11', 'J12', 'J13', 'J14', 'J15', 'J16', 'J17', 'J18', 'J19', 'J20', 'J21', 'J22', 'J23', 'J24', 'J25', 'J26', 'J27', 'J28', 'J29', 'J30', 'J31', 'J32', 'J33', 'J34', 'J35', 'J36', 'J37', 'J38', 'J39', 'J40', 'J41', 'J42', 'J43', 'J44', 'J45', 'J46', 'J47', 'J48', 'J49', 'J50', 'J51', 'J52', 'J53', 'J54', 'J55', 'J56', 'J57', 'J58', 'J59', 'J60', 'J61', 'J62', 'J63', 'J64', 'J65', 'J66', 'J67', 'J68', 'J69', 'J70', 'J71', 'J72', 'J73', 'J74', 'J75', 'J76', 'J77', 'J78', 'J79', 'J80', 'J81', 'J82', 'J83', 'J84', 'J85', 'J86', 'J87', 'J88', 'J89', 'J90', 'J91', 'J92', 'J93', 'J94', 'J95', 'J96', 'J97', 'J98', 'J99', 'J100', 'J101', 'J102', 'J103', 'J104', 'J105', 'J106', 'J107', 'J108', 'J109', 'J110', 'J111', 'J112', 'J113', 'J114', 'J115', 'J116', 'J117', 'J118', 'J119', 'J120', 'J121', 'J122', 'J123', 'J124', 'J125', 'J126', 'J127', 'J128', 'J129', 'J130', 'J131', 'J132', 'J133', 'J134', 'J135', 'J136', 'J137', 'J138', 'J139', 'J140', 'J141', 'J142', 'J143', 'J144', 'J145', 'J146', 'J147', 'J148', 'J149', 'J150', 'J151', 'J152', 'J153', 'J154', 'J155', 'J156', 'J157', 'J158', 'J159', 'J160', 'J161', 'J162', 'J163', 'J164', 'J165', 'J166', 'J167', 'J168', 'J169', 'J170', 'J171', 'J172', 'J173', 'J174', 'J175', 'J176', 'J177', 'J178', 'J179', 'J180', 'J181', 'J182', 'J183', 'J184', 'J185', 'J186', 'J187', 'J188', 'J189', 'J190', 'J191', 'J192', 'J193', 'J194', 'J195', 'J196', 'J197', 'J198', 'J199', 'J200', 'J201', 'J202', 'J203', 'J204', 'J205', 'J206', 'J207', 'J208', 'J209', 'J210', 'J211', 'J212', 'J213', 'J214', 'J215', 'J216', 'J217', 'J218', 'J219', 'J220', 'J221', 'J222', 'J223', 'J224', 'J225', 'J226', 'J227', 'J228', 'J229', 'J230', 'J231', 'J232', 'J233', 'J234', 'J235', 'J236', 'J237', 'J238', 'J239', 'J240', 'J241', 'J242', 'J243', 'J244', 'J245', 'J246', 'J247', 'J248', 'J249', 'J250', 'J251', 'J252', 'J253', 'J254', 'J255', 'J256', 'J257', 'J258', 'J259', 'J260', 'J261', 'J262', 'J263', 'J264', 'J265', 'J266', 'J267', 'J268', 'J269', 'J270', 'J271', 'J272', 'J273', 'J274', 'J275', 'J276', 'J277', 'J278', 'J279', 'J280', 'J281', 'J282', 'J283', 'J284', 'J285', 'J286', 'J287', 'J288', 'J289', 'J290', 'J291', 'J292', 'J293', 'J294', 'J295', 'J296', 'J297', 'J298', 'J299', 'J300']
- Machine states:
  - Machine M1: Time=78.00, Idle=0.00, Material=Citybike_Bremsaufnahme_gebohrt
  - Machine M2: Time=0.00, Idle=78.00, Material=None
  - Machine M3: Time=52.00, Idle=26.00, Material=Racebike_Steuerrohr_montiert
==================================================

2025-06-06 14:10:49,787 - JSPGymEnvironment - INFO - Material change on machine M2:  -> Racebike_Laufraeder_montiert, setup time: 0
2025-06-06 14:10:49,787 - JSPGymEnvironment - INFO - Executed operation: Job J243, Op 0, Machine M2, Start: 78, End: 104, Setup: 0
2025-06-06 14:10:49,788 - JSPGymEnvironment - INFO - 
===== REWARD DETAILS FOR STEP 3 =====
Job: J243, Operation: 0, Job Completed: False
Current Time: 78.00 -> 104.00, Setup Time: 0.00
Processing Time: 26.00, Idle Time: 0.00
Completed Jobs: 0/300
Machine: M2, Material: Racebike_Laufraeder_montiert

REWARD COMPONENTS:
- makespan_reward: -0.1300
- setup_reward: 0.0000
- deadline_reward: 0.0000
- priority_reward: 0.0000
- critical_job_reward: 0.0000
- placement_reward: 0.0000
- timeliness_reward: 9.1960
- machine_idle_penalty: -1.0250

TOTAL REWARD: 8.0410

CUMULATIVE REWARD COMPONENTS:
- makespan_reward: -0.5200
- setup_reward: 0.0000
- deadline_reward: 0.0000
- priority_reward: 0.0000
- critical_job_reward: 0.5000
- placement_reward: 0.0000
- timeliness_reward: 27.5596
- machine_idle_penalty: -3.7750

CUMULATIVE TOTAL: 23.7646

CRITICAL STATE INFO:
- Valid actions: ['J1', 'J2', 'J3', 'J4', 'J5', 'J6', 'J7', 'J8', 'J9', 'J10', 'J11', 'J12', 'J13', 'J14', 'J15', 'J16', 'J17', 'J18', 'J19', 'J20', 'J21', 'J22', 'J23', 'J24', 'J25', 'J26', 'J27', 'J28', 'J29', 'J30', 'J31', 'J32', 'J33', 'J34', 'J35', 'J36', 'J37', 'J38', 'J39', 'J40', 'J41', 'J42', 'J43', 'J44', 'J45', 'J46', 'J47', 'J48', 'J49', 'J50', 'J51', 'J52', 'J53', 'J54', 'J55', 'J56', 'J57', 'J58', 'J59', 'J60', 'J61', 'J62', 'J63', 'J64', 'J65', 'J66', 'J67', 'J68', 'J69', 'J70', 'J71', 'J72', 'J73', 'J74', 'J75', 'J76', 'J77', 'J78', 'J79', 'J80', 'J81', 'J82', 'J83', 'J84', 'J85', 'J86', 'J87', 'J88', 'J89', 'J90', 'J91', 'J92', 'J93', 'J94', 'J95', 'J96', 'J97', 'J98', 'J99', 'J100', 'J101', 'J102', 'J103', 'J104', 'J105', 'J106', 'J107', 'J108', 'J109', 'J110', 'J111', 'J112', 'J113', 'J114', 'J115', 'J116', 'J117', 'J118', 'J119', 'J120', 'J121', 'J122', 'J123', 'J124', 'J125', 'J126', 'J127', 'J128', 'J129', 'J130', 'J131', 'J132', 'J133', 'J134', 'J135', 'J136', 'J137', 'J138', 'J139', 'J140', 'J141', 'J142', 'J143', 'J144', 'J145', 'J146', 'J147', 'J148', 'J149', 'J150', 'J151', 'J152', 'J153', 'J154', 'J155', 'J156', 'J157', 'J158', 'J159', 'J160', 'J161', 'J162', 'J163', 'J164', 'J165', 'J166', 'J167', 'J168', 'J169', 'J170', 'J171', 'J172', 'J173', 'J174', 'J175', 'J176', 'J177', 'J178', 'J179', 'J180', 'J181', 'J182', 'J183', 'J184', 'J185', 'J186', 'J187', 'J188', 'J189', 'J190', 'J191', 'J192', 'J193', 'J194', 'J195', 'J196', 'J197', 'J198', 'J199', 'J200', 'J201', 'J202', 'J203', 'J204', 'J205', 'J206', 'J207', 'J208', 'J209', 'J210', 'J211', 'J212', 'J213', 'J214', 'J215', 'J216', 'J217', 'J218', 'J219', 'J220', 'J221', 'J222', 'J223', 'J224', 'J225', 'J226', 'J227', 'J228', 'J229', 'J230', 'J231', 'J232', 'J233', 'J234', 'J235', 'J236', 'J237', 'J238', 'J239', 'J240', 'J241', 'J242', 'J243', 'J244', 'J245', 'J246', 'J247', 'J248', 'J249', 'J250', 'J251', 'J252', 'J253', 'J254', 'J255', 'J256', 'J257', 'J258', 'J259', 'J260', 'J261', 'J262', 'J263', 'J264', 'J265', 'J266', 'J267', 'J268', 'J269', 'J270', 'J271', 'J272', 'J273', 'J274', 'J275', 'J276', 'J277', 'J278', 'J279', 'J280', 'J281', 'J282', 'J283', 'J284', 'J285', 'J286', 'J287', 'J288', 'J289', 'J290', 'J291', 'J292', 'J293', 'J294', 'J295', 'J296', 'J297', 'J298', 'J299', 'J300']
- Machine states:
  - Machine M1: Time=78.00, Idle=26.00, Material=Citybike_Bremsaufnahme_gebohrt
  - Machine M2: Time=104.00, Idle=0.00, Material=Racebike_Laufraeder_montiert
  - Machine M3: Time=52.00, Idle=52.00, Material=Racebike_Steuerrohr_montiert
==================================================

2025-06-06 14:11:02,206 - JSPGymEnvironment - INFO - Material change on machine M1: Citybike_Bremsaufnahme_gebohrt -> Racebike_Tretlager_gefraest, setup time: 30
2025-06-06 14:11:02,206 - JSPGymEnvironment - INFO - Executed operation: Job J84, Op 0, Machine M1, Start: 134, End: 178, Setup: 30
2025-06-06 14:11:02,207 - JSPGymEnvironment - INFO - 
===== REWARD DETAILS FOR STEP 4 =====
Job: J84, Operation: 0, Job Completed: False
Current Time: 104.00 -> 178.00, Setup Time: 30.00
Processing Time: 44.00, Idle Time: 0.00
Completed Jobs: 0/300
Machine: M1, Material: Racebike_Tretlager_gefraest

REWARD COMPONENTS:
- makespan_reward: -0.3700
- setup_reward: -7.5000
- deadline_reward: 0.0000
- priority_reward: 0.0000
- critical_job_reward: 0.5000
- placement_reward: 0.0000
- timeliness_reward: 9.2197
- machine_idle_penalty: -2.6000

TOTAL REWARD: -0.7503

CUMULATIVE REWARD COMPONENTS:
- makespan_reward: -0.8900
- setup_reward: -7.5000
- deadline_reward: 0.0000
- priority_reward: 0.0000
- critical_job_reward: 1.0000
- placement_reward: 0.0000
- timeliness_reward: 36.7793
- machine_idle_penalty: -6.3750

CUMULATIVE TOTAL: 23.0143

CRITICAL STATE INFO:
- Valid actions: ['J1', 'J2', 'J3', 'J4', 'J5', 'J6', 'J7', 'J8', 'J9', 'J10', 'J11', 'J12', 'J13', 'J14', 'J15', 'J16', 'J17', 'J18', 'J19', 'J20', 'J21', 'J22', 'J23', 'J24', 'J25', 'J26', 'J27', 'J28', 'J29', 'J30', 'J31', 'J32', 'J33', 'J34', 'J35', 'J36', 'J37', 'J38', 'J39', 'J40', 'J41', 'J42', 'J43', 'J44', 'J45', 'J46', 'J47', 'J48', 'J49', 'J50', 'J51', 'J52', 'J53', 'J54', 'J55', 'J56', 'J57', 'J58', 'J59', 'J60', 'J61', 'J62', 'J63', 'J64', 'J65', 'J66', 'J67', 'J68', 'J69', 'J70', 'J71', 'J72', 'J73', 'J74', 'J75', 'J76', 'J77', 'J78', 'J79', 'J80', 'J81', 'J82', 'J83', 'J84', 'J85', 'J86', 'J87', 'J88', 'J89', 'J90', 'J91', 'J92', 'J93', 'J94', 'J95', 'J96', 'J97', 'J98', 'J99', 'J100', 'J101', 'J102', 'J103', 'J104', 'J105', 'J106', 'J107', 'J108', 'J109', 'J110', 'J111', 'J112', 'J113', 'J114', 'J115', 'J116', 'J117', 'J118', 'J119', 'J120', 'J121', 'J122', 'J123', 'J124', 'J125', 'J126', 'J127', 'J128', 'J129', 'J130', 'J131', 'J132', 'J133', 'J134', 'J135', 'J136', 'J137', 'J138', 'J139', 'J140', 'J141', 'J142', 'J143', 'J144', 'J145', 'J146', 'J147', 'J148', 'J149', 'J150', 'J151', 'J152', 'J153', 'J154', 'J155', 'J156', 'J157', 'J158', 'J159', 'J160', 'J161', 'J162', 'J163', 'J164', 'J165', 'J166', 'J167', 'J168', 'J169', 'J170', 'J171', 'J172', 'J173', 'J174', 'J175', 'J176', 'J177', 'J178', 'J179', 'J180', 'J181', 'J182', 'J183', 'J184', 'J185', 'J186', 'J187', 'J188', 'J189', 'J190', 'J191', 'J192', 'J193', 'J194', 'J195', 'J196', 'J197', 'J198', 'J199', 'J200', 'J201', 'J202', 'J203', 'J204', 'J205', 'J206', 'J207', 'J208', 'J209', 'J210', 'J211', 'J212', 'J213', 'J214', 'J215', 'J216', 'J217', 'J218', 'J219', 'J220', 'J221', 'J222', 'J223', 'J224', 'J225', 'J226', 'J227', 'J228', 'J229', 'J230', 'J231', 'J232', 'J233', 'J234', 'J235', 'J236', 'J237', 'J238', 'J239', 'J240', 'J241', 'J242', 'J243', 'J244', 'J245', 'J246', 'J247', 'J248', 'J249', 'J250', 'J251', 'J252', 'J253', 'J254', 'J255', 'J256', 'J257', 'J258', 'J259', 'J260', 'J261', 'J262', 'J263', 'J264', 'J265', 'J266', 'J267', 'J268', 'J269', 'J270', 'J271', 'J272', 'J273', 'J274', 'J275', 'J276', 'J277', 'J278', 'J279', 'J280', 'J281', 'J282', 'J283', 'J284', 'J285', 'J286', 'J287', 'J288', 'J289', 'J290', 'J291', 'J292', 'J293', 'J294', 'J295', 'J296', 'J297', 'J298', 'J299', 'J300']
- Machine states:
  - Machine M1: Time=178.00, Idle=0.00, Material=Racebike_Tretlager_gefraest
  - Machine M2: Time=104.00, Idle=74.00, Material=Racebike_Laufraeder_montiert
  - Machine M3: Time=52.00, Idle=126.00, Material=Racebike_Steuerrohr_montiert
==================================================

2025-06-06 14:11:14,242 - JSPGymEnvironment - INFO - Material change on machine M3: Racebike_Steuerrohr_montiert -> Citybike_Fahrrad_endmontiert, setup time: 17
2025-06-06 14:11:14,242 - JSPGymEnvironment - INFO - Executed operation: Job J182, Op 0, Machine M3, Start: 195, End: 228, Setup: 17
2025-06-06 14:11:14,243 - JSPGymEnvironment - INFO - 
===== REWARD DETAILS FOR STEP 5 =====
Job: J182, Operation: 0, Job Completed: False
Current Time: 178.00 -> 228.00, Setup Time: 17.00
Processing Time: 33.00, Idle Time: 0.00
Completed Jobs: 0/300
Machine: M3, Material: Citybike_Fahrrad_endmontiert

REWARD COMPONENTS:
- makespan_reward: -0.2500
- setup_reward: -4.2500
- deadline_reward: 0.0000
- priority_reward: 0.0000
- critical_job_reward: 0.0000
- placement_reward: 0.0000
- timeliness_reward: 9.2317
- machine_idle_penalty: -2.2250

TOTAL REWARD: 2.5067

CUMULATIVE REWARD COMPONENTS:
- makespan_reward: -1.1400
- setup_reward: -11.7500
- deadline_reward: 0.0000
- priority_reward: 0.0000
- critical_job_reward: 1.0000
- placement_reward: 0.0000
- timeliness_reward: 46.0110
- machine_idle_penalty: -8.6000

CUMULATIVE TOTAL: 25.5210

CRITICAL STATE INFO:
- Valid actions: ['J1', 'J2', 'J3', 'J4', 'J5', 'J6', 'J7', 'J8', 'J9', 'J10', 'J11', 'J12', 'J13', 'J14', 'J15', 'J16', 'J17', 'J18', 'J19', 'J20', 'J21', 'J22', 'J23', 'J24', 'J25', 'J26', 'J27', 'J28', 'J29', 'J30', 'J31', 'J32', 'J33', 'J34', 'J35', 'J36', 'J37', 'J38', 'J39', 'J40', 'J41', 'J42', 'J43', 'J44', 'J45', 'J46', 'J47', 'J48', 'J49', 'J50', 'J51', 'J52', 'J53', 'J54', 'J55', 'J56', 'J57', 'J58', 'J59', 'J60', 'J61', 'J62', 'J63', 'J64', 'J65', 'J66', 'J67', 'J68', 'J69', 'J70', 'J71', 'J72', 'J73', 'J74', 'J75', 'J76', 'J77', 'J78', 'J79', 'J80', 'J81', 'J82', 'J83', 'J84', 'J85', 'J86', 'J87', 'J88', 'J89', 'J90', 'J91', 'J92', 'J93', 'J94', 'J95', 'J96', 'J97', 'J98', 'J99', 'J100', 'J101', 'J102', 'J103', 'J104', 'J105', 'J106', 'J107', 'J108', 'J109', 'J110', 'J111', 'J112', 'J113', 'J114', 'J115', 'J116', 'J117', 'J118', 'J119', 'J120', 'J121', 'J122', 'J123', 'J124', 'J125', 'J126', 'J127', 'J128', 'J129', 'J130', 'J131', 'J132', 'J133', 'J134', 'J135', 'J136', 'J137', 'J138', 'J139', 'J140', 'J141', 'J142', 'J143', 'J144', 'J145', 'J146', 'J147', 'J148', 'J149', 'J150', 'J151', 'J152', 'J153', 'J154', 'J155', 'J156', 'J157', 'J158', 'J159', 'J160', 'J161', 'J162', 'J163', 'J164', 'J165', 'J166', 'J167', 'J168', 'J169', 'J170', 'J171', 'J172', 'J173', 'J174', 'J175', 'J176', 'J177', 'J178', 'J179', 'J180', 'J181', 'J182', 'J183', 'J184', 'J185', 'J186', 'J187', 'J188', 'J189', 'J190', 'J191', 'J192', 'J193', 'J194', 'J195', 'J196', 'J197', 'J198', 'J199', 'J200', 'J201', 'J202', 'J203', 'J204', 'J205', 'J206', 'J207', 'J208', 'J209', 'J210', 'J211', 'J212', 'J213', 'J214', 'J215', 'J216', 'J217', 'J218', 'J219', 'J220', 'J221', 'J222', 'J223', 'J224', 'J225', 'J226', 'J227', 'J228', 'J229', 'J230', 'J231', 'J232', 'J233', 'J234', 'J235', 'J236', 'J237', 'J238', 'J239', 'J240', 'J241', 'J242', 'J243', 'J244', 'J245', 'J246', 'J247', 'J248', 'J249', 'J250', 'J251', 'J252', 'J253', 'J254', 'J255', 'J256', 'J257', 'J258', 'J259', 'J260', 'J261', 'J262', 'J263', 'J264', 'J265', 'J266', 'J267', 'J268', 'J269', 'J270', 'J271', 'J272', 'J273', 'J274', 'J275', 'J276', 'J277', 'J278', 'J279', 'J280', 'J281', 'J282', 'J283', 'J284', 'J285', 'J286', 'J287', 'J288', 'J289', 'J290', 'J291', 'J292', 'J293', 'J294', 'J295', 'J296', 'J297', 'J298', 'J299', 'J300']
- Machine states:
  - Machine M1: Time=178.00, Idle=50.00, Material=Racebike_Tretlager_gefraest
  - Machine M2: Time=104.00, Idle=124.00, Material=Racebike_Laufraeder_montiert
  - Machine M3: Time=228.00, Idle=0.00, Material=Citybike_Fahrrad_endmontiert
==================================================

2025-06-06 14:11:25,983 - JSPGymEnvironment - INFO - Material change on machine M3: Citybike_Fahrrad_endmontiert -> Mountainbike_Tretlager_gefraest, setup time: 10
2025-06-06 14:11:25,983 - JSPGymEnvironment - INFO - Executed operation: Job J95, Op 0, Machine M3, Start: 238, End: 288, Setup: 10
2025-06-06 14:11:25,984 - JSPGymEnvironment - INFO - 
===== REWARD DETAILS FOR STEP 6 =====
Job: J95, Operation: 0, Job Completed: False
Current Time: 228.00 -> 288.00, Setup Time: 10.00
Processing Time: 50.00, Idle Time: 0.00
Completed Jobs: 0/300
Machine: M3, Material: Mountainbike_Tretlager_gefraest

REWARD COMPONENTS:
- makespan_reward: -0.3000
- setup_reward: -2.5000
- deadline_reward: 0.0000
- priority_reward: 0.0000
- critical_job_reward: 0.0000
- placement_reward: 0.0000
- timeliness_reward: 9.2530
- machine_idle_penalty: -3.7250

TOTAL REWARD: 2.7280

CUMULATIVE REWARD COMPONENTS:
- makespan_reward: -1.4400
- setup_reward: -14.2500
- deadline_reward: 0.0000
- priority_reward: 0.0000
- critical_job_reward: 1.0000
- placement_reward: 0.0000
- timeliness_reward: 55.2639
- machine_idle_penalty: -12.3250

CUMULATIVE TOTAL: 28.2489

CRITICAL STATE INFO:
- Valid actions: ['J1', 'J2', 'J3', 'J4', 'J5', 'J6', 'J7', 'J8', 'J9', 'J10', 'J11', 'J12', 'J13', 'J14', 'J15', 'J16', 'J17', 'J18', 'J19', 'J20', 'J21', 'J22', 'J23', 'J24', 'J25', 'J26', 'J27', 'J28', 'J29', 'J30', 'J31', 'J32', 'J33', 'J34', 'J35', 'J36', 'J37', 'J38', 'J39', 'J40', 'J41', 'J42', 'J43', 'J44', 'J45', 'J46', 'J47', 'J48', 'J49', 'J50', 'J51', 'J52', 'J53', 'J54', 'J55', 'J56', 'J57', 'J58', 'J59', 'J60', 'J61', 'J62', 'J63', 'J64', 'J65', 'J66', 'J67', 'J68', 'J69', 'J70', 'J71', 'J72', 'J73', 'J74', 'J75', 'J76', 'J77', 'J78', 'J79', 'J80', 'J81', 'J82', 'J83', 'J84', 'J85', 'J86', 'J87', 'J88', 'J89', 'J90', 'J91', 'J92', 'J93', 'J94', 'J95', 'J96', 'J97', 'J98', 'J99', 'J100', 'J101', 'J102', 'J103', 'J104', 'J105', 'J106', 'J107', 'J108', 'J109', 'J110', 'J111', 'J112', 'J113', 'J114', 'J115', 'J116', 'J117', 'J118', 'J119', 'J120', 'J121', 'J122', 'J123', 'J124', 'J125', 'J126', 'J127', 'J128', 'J129', 'J130', 'J131', 'J132', 'J133', 'J134', 'J135', 'J136', 'J137', 'J138', 'J139', 'J140', 'J141', 'J142', 'J143', 'J144', 'J145', 'J146', 'J147', 'J148', 'J149', 'J150', 'J151', 'J152', 'J153', 'J154', 'J155', 'J156', 'J157', 'J158', 'J159', 'J160', 'J161', 'J162', 'J163', 'J164', 'J165', 'J166', 'J167', 'J168', 'J169', 'J170', 'J171', 'J172', 'J173', 'J174', 'J175', 'J176', 'J177', 'J178', 'J179', 'J180', 'J181', 'J182', 'J183', 'J184', 'J185', 'J186', 'J187', 'J188', 'J189', 'J190', 'J191', 'J192', 'J193', 'J194', 'J195', 'J196', 'J197', 'J198', 'J199', 'J200', 'J201', 'J202', 'J203', 'J204', 'J205', 'J206', 'J207', 'J208', 'J209', 'J210', 'J211', 'J212', 'J213', 'J214', 'J215', 'J216', 'J217', 'J218', 'J219', 'J220', 'J221', 'J222', 'J223', 'J224', 'J225', 'J226', 'J227', 'J228', 'J229', 'J230', 'J231', 'J232', 'J233', 'J234', 'J235', 'J236', 'J237', 'J238', 'J239', 'J240', 'J241', 'J242', 'J243', 'J244', 'J245', 'J246', 'J247', 'J248', 'J249', 'J250', 'J251', 'J252', 'J253', 'J254', 'J255', 'J256', 'J257', 'J258', 'J259', 'J260', 'J261', 'J262', 'J263', 'J264', 'J265', 'J266', 'J267', 'J268', 'J269', 'J270', 'J271', 'J272', 'J273', 'J274', 'J275', 'J276', 'J277', 'J278', 'J279', 'J280', 'J281', 'J282', 'J283', 'J284', 'J285', 'J286', 'J287', 'J288', 'J289', 'J290', 'J291', 'J292', 'J293', 'J294', 'J295', 'J296', 'J297', 'J298', 'J299', 'J300']
- Machine states:
  - Machine M1: Time=178.00, Idle=110.00, Material=Racebike_Tretlager_gefraest
  - Machine M2: Time=104.00, Idle=184.00, Material=Racebike_Laufraeder_montiert
  - Machine M3: Time=288.00, Idle=0.00, Material=Mountainbike_Tretlager_gefraest
==================================================

2025-06-06 14:11:38,031 - JSPGymEnvironment - INFO - Material change on machine M1: Racebike_Tretlager_gefraest -> Mountainbike_Schaltauge_bearbeitet, setup time: 46
2025-06-06 14:11:38,031 - JSPGymEnvironment - INFO - Executed operation: Job J72, Op 0, Machine M1, Start: 334, End: 370, Setup: 46
2025-06-06 14:11:38,032 - JSPGymEnvironment - INFO - 
===== REWARD DETAILS FOR STEP 7 =====
Job: J72, Operation: 0, Job Completed: False
Current Time: 288.00 -> 370.00, Setup Time: 46.00
Processing Time: 36.00, Idle Time: 0.00
Completed Jobs: 0/300
Machine: M1, Material: Mountainbike_Schaltauge_bearbeitet

REWARD COMPONENTS:
- makespan_reward: -0.4100
- setup_reward: -11.5000
- deadline_reward: 0.0000
- priority_reward: 0.0000
- critical_job_reward: 0.5000
- placement_reward: 0.0000
- timeliness_reward: 9.2713
- machine_idle_penalty: -4.4000

TOTAL REWARD: -6.5387

CUMULATIVE REWARD COMPONENTS:
- makespan_reward: -1.8500
- setup_reward: -25.7500
- deadline_reward: 0.0000
- priority_reward: 0.0000
- critical_job_reward: 1.5000
- placement_reward: 0.0000
- timeliness_reward: 64.5352
- machine_idle_penalty: -16.7250

CUMULATIVE TOTAL: 21.7102

CRITICAL STATE INFO:
- Valid actions: ['J1', 'J2', 'J3', 'J4', 'J5', 'J6', 'J7', 'J8', 'J9', 'J10', 'J11', 'J12', 'J13', 'J14', 'J15', 'J16', 'J17', 'J18', 'J19', 'J20', 'J21', 'J22', 'J23', 'J24', 'J25', 'J26', 'J27', 'J28', 'J29', 'J30', 'J31', 'J32', 'J33', 'J34', 'J35', 'J36', 'J37', 'J38', 'J39', 'J40', 'J41', 'J42', 'J43', 'J44', 'J45', 'J46', 'J47', 'J48', 'J49', 'J50', 'J51', 'J52', 'J53', 'J54', 'J55', 'J56', 'J57', 'J58', 'J59', 'J60', 'J61', 'J62', 'J63', 'J64', 'J65', 'J66', 'J67', 'J68', 'J69', 'J70', 'J71', 'J72', 'J73', 'J74', 'J75', 'J76', 'J77', 'J78', 'J79', 'J80', 'J81', 'J82', 'J83', 'J84', 'J85', 'J86', 'J87', 'J88', 'J89', 'J90', 'J91', 'J92', 'J93', 'J94', 'J95', 'J96', 'J97', 'J98', 'J99', 'J100', 'J101', 'J102', 'J103', 'J104', 'J105', 'J106', 'J107', 'J108', 'J109', 'J110', 'J111', 'J112', 'J113', 'J114', 'J115', 'J116', 'J117', 'J118', 'J119', 'J120', 'J121', 'J122', 'J123', 'J124', 'J125', 'J126', 'J127', 'J128', 'J129', 'J130', 'J131', 'J132', 'J133', 'J134', 'J135', 'J136', 'J137', 'J138', 'J139', 'J140', 'J141', 'J142', 'J143', 'J144', 'J145', 'J146', 'J147', 'J148', 'J149', 'J150', 'J151', 'J152', 'J153', 'J154', 'J155', 'J156', 'J157', 'J158', 'J159', 'J160', 'J161', 'J162', 'J163', 'J164', 'J165', 'J166', 'J167', 'J168', 'J169', 'J170', 'J171', 'J172', 'J173', 'J174', 'J175', 'J176', 'J177', 'J178', 'J179', 'J180', 'J181', 'J182', 'J183', 'J184', 'J185', 'J186', 'J187', 'J188', 'J189', 'J190', 'J191', 'J192', 'J193', 'J194', 'J195', 'J196', 'J197', 'J198', 'J199', 'J200', 'J201', 'J202', 'J203', 'J204', 'J205', 'J206', 'J207', 'J208', 'J209', 'J210', 'J211', 'J212', 'J213', 'J214', 'J215', 'J216', 'J217', 'J218', 'J219', 'J220', 'J221', 'J222', 'J223', 'J224', 'J225', 'J226', 'J227', 'J228', 'J229', 'J230', 'J231', 'J232', 'J233', 'J234', 'J235', 'J236', 'J237', 'J238', 'J239', 'J240', 'J241', 'J242', 'J243', 'J244', 'J245', 'J246', 'J247', 'J248', 'J249', 'J250', 'J251', 'J252', 'J253', 'J254', 'J255', 'J256', 'J257', 'J258', 'J259', 'J260', 'J261', 'J262', 'J263', 'J264', 'J265', 'J266', 'J267', 'J268', 'J269', 'J270', 'J271', 'J272', 'J273', 'J274', 'J275', 'J276', 'J277', 'J278', 'J279', 'J280', 'J281', 'J282', 'J283', 'J284', 'J285', 'J286', 'J287', 'J288', 'J289', 'J290', 'J291', 'J292', 'J293', 'J294', 'J295', 'J296', 'J297', 'J298', 'J299', 'J300']
- Machine states:
  - Machine M1: Time=370.00, Idle=0.00, Material=Mountainbike_Schaltauge_bearbeitet
  - Machine M2: Time=104.00, Idle=266.00, Material=Racebike_Laufraeder_montiert
  - Machine M3: Time=288.00, Idle=82.00, Material=Mountainbike_Tretlager_gefraest
==================================================

2025-06-06 14:11:49,830 - JSPGymEnvironment - INFO - Material change on machine M2: Racebike_Laufraeder_montiert -> Racebike_Tretlager_gefraest, setup time: 20
2025-06-06 14:11:49,831 - JSPGymEnvironment - INFO - Executed operation: Job J107, Op 0, Machine M2, Start: 390, End: 407, Setup: 20
2025-06-06 14:11:49,832 - JSPGymEnvironment - INFO - 
===== REWARD DETAILS FOR STEP 8 =====
Job: J107, Operation: 0, Job Completed: False
Current Time: 370.00 -> 407.00, Setup Time: 20.00
Processing Time: 17.00, Idle Time: 0.00
Completed Jobs: 0/300
Machine: M2, Material: Racebike_Tretlager_gefraest

REWARD COMPONENTS:
- makespan_reward: -0.1850
- setup_reward: -5.0000
- deadline_reward: 0.0000
- priority_reward: 0.0000
- critical_job_reward: 0.5000
- placement_reward: 0.0000
- timeliness_reward: 9.2793
- machine_idle_penalty: -1.9500

TOTAL REWARD: 2.6443

CUMULATIVE REWARD COMPONENTS:
- makespan_reward: -2.0350
- setup_reward: -30.7500
- deadline_reward: 0.0000
- priority_reward: 0.0000
- critical_job_reward: 2.0000
- placement_reward: 0.0000
- timeliness_reward: 73.8145
- machine_idle_penalty: -18.6750

CUMULATIVE TOTAL: 24.3545

CRITICAL STATE INFO:
- Valid actions: ['J1', 'J2', 'J3', 'J4', 'J5', 'J6', 'J7', 'J8', 'J9', 'J10', 'J11', 'J12', 'J13', 'J14', 'J15', 'J16', 'J17', 'J18', 'J19', 'J20', 'J21', 'J22', 'J23', 'J24', 'J25', 'J26', 'J27', 'J28', 'J29', 'J30', 'J31', 'J32', 'J33', 'J34', 'J35', 'J36', 'J37', 'J38', 'J39', 'J40', 'J41', 'J42', 'J43', 'J44', 'J45', 'J46', 'J47', 'J48', 'J49', 'J50', 'J51', 'J52', 'J53', 'J54', 'J55', 'J56', 'J57', 'J58', 'J59', 'J60', 'J61', 'J62', 'J63', 'J64', 'J65', 'J66', 'J67', 'J68', 'J69', 'J70', 'J71', 'J72', 'J73', 'J74', 'J75', 'J76', 'J77', 'J78', 'J79', 'J80', 'J81', 'J82', 'J83', 'J84', 'J85', 'J86', 'J87', 'J88', 'J89', 'J90', 'J91', 'J92', 'J93', 'J94', 'J95', 'J96', 'J97', 'J98', 'J99', 'J100', 'J101', 'J102', 'J103', 'J104', 'J105', 'J106', 'J107', 'J108', 'J109', 'J110', 'J111', 'J112', 'J113', 'J114', 'J115', 'J116', 'J117', 'J118', 'J119', 'J120', 'J121', 'J122', 'J123', 'J124', 'J125', 'J126', 'J127', 'J128', 'J129', 'J130', 'J131', 'J132', 'J133', 'J134', 'J135', 'J136', 'J137', 'J138', 'J139', 'J140', 'J141', 'J142', 'J143', 'J144', 'J145', 'J146', 'J147', 'J148', 'J149', 'J150', 'J151', 'J152', 'J153', 'J154', 'J155', 'J156', 'J157', 'J158', 'J159', 'J160', 'J161', 'J162', 'J163', 'J164', 'J165', 'J166', 'J167', 'J168', 'J169', 'J170', 'J171', 'J172', 'J173', 'J174', 'J175', 'J176', 'J177', 'J178', 'J179', 'J180', 'J181', 'J182', 'J183', 'J184', 'J185', 'J186', 'J187', 'J188', 'J189', 'J190', 'J191', 'J192', 'J193', 'J194', 'J195', 'J196', 'J197', 'J198', 'J199', 'J200', 'J201', 'J202', 'J203', 'J204', 'J205', 'J206', 'J207', 'J208', 'J209', 'J210', 'J211', 'J212', 'J213', 'J214', 'J215', 'J216', 'J217', 'J218', 'J219', 'J220', 'J221', 'J222', 'J223', 'J224', 'J225', 'J226', 'J227', 'J228', 'J229', 'J230', 'J231', 'J232', 'J233', 'J234', 'J235', 'J236', 'J237', 'J238', 'J239', 'J240', 'J241', 'J242', 'J243', 'J244', 'J245', 'J246', 'J247', 'J248', 'J249', 'J250', 'J251', 'J252', 'J253', 'J254', 'J255', 'J256', 'J257', 'J258', 'J259', 'J260', 'J261', 'J262', 'J263', 'J264', 'J265', 'J266', 'J267', 'J268', 'J269', 'J270', 'J271', 'J272', 'J273', 'J274', 'J275', 'J276', 'J277', 'J278', 'J279', 'J280', 'J281', 'J282', 'J283', 'J284', 'J285', 'J286', 'J287', 'J288', 'J289', 'J290', 'J291', 'J292', 'J293', 'J294', 'J295', 'J296', 'J297', 'J298', 'J299', 'J300']
- Machine states:
  - Machine M1: Time=370.00, Idle=37.00, Material=Mountainbike_Schaltauge_bearbeitet
  - Machine M2: Time=407.00, Idle=0.00, Material=Racebike_Tretlager_gefraest
  - Machine M3: Time=288.00, Idle=119.00, Material=Mountainbike_Tretlager_gefraest
==================================================

2025-06-06 14:12:01,945 - JSPGymEnvironment - INFO - Material change on machine M1: Mountainbike_Schaltauge_bearbeitet -> Citybike_Tretlager_gefraest, setup time: 42
2025-06-06 14:12:01,945 - JSPGymEnvironment - INFO - Executed operation: Job J215, Op 1, Machine M1, Start: 449, End: 471, Setup: 42
2025-06-06 14:12:01,946 - JSPGymEnvironment - INFO - 
===== REWARD DETAILS FOR STEP 9 =====
Job: J215, Operation: 1, Job Completed: False
Current Time: 407.00 -> 471.00, Setup Time: 42.00
Processing Time: 22.00, Idle Time: 0.00
Completed Jobs: 0/300
Machine: M1, Material: Citybike_Tretlager_gefraest

REWARD COMPONENTS:
- makespan_reward: -0.3200
- setup_reward: -10.5000
- deadline_reward: 0.0000
- priority_reward: 0.0000
- critical_job_reward: 0.0000
- placement_reward: 0.0000
- timeliness_reward: 9.2898
- machine_idle_penalty: -3.0875

TOTAL REWARD: -4.6177

CUMULATIVE REWARD COMPONENTS:
- makespan_reward: -2.3550
- setup_reward: -41.2500
- deadline_reward: 0.0000
- priority_reward: 0.0000
- critical_job_reward: 2.0000
- placement_reward: 0.0000
- timeliness_reward: 83.1043
- machine_idle_penalty: -21.7625

CUMULATIVE TOTAL: 19.7368

CRITICAL STATE INFO:
- Valid actions: ['J1', 'J2', 'J3', 'J4', 'J5', 'J6', 'J7', 'J8', 'J9', 'J10', 'J11', 'J12', 'J13', 'J14', 'J15', 'J16', 'J17', 'J18', 'J19', 'J20', 'J21', 'J22', 'J23', 'J24', 'J25', 'J26', 'J27', 'J28', 'J29', 'J30', 'J31', 'J32', 'J33', 'J34', 'J35', 'J36', 'J37', 'J38', 'J39', 'J40', 'J41', 'J42', 'J43', 'J44', 'J45', 'J46', 'J47', 'J48', 'J49', 'J50', 'J51', 'J52', 'J53', 'J54', 'J55', 'J56', 'J57', 'J58', 'J59', 'J60', 'J61', 'J62', 'J63', 'J64', 'J65', 'J66', 'J67', 'J68', 'J69', 'J70', 'J71', 'J72', 'J73', 'J74', 'J75', 'J76', 'J77', 'J78', 'J79', 'J80', 'J81', 'J82', 'J83', 'J84', 'J85', 'J86', 'J87', 'J88', 'J89', 'J90', 'J91', 'J92', 'J93', 'J94', 'J95', 'J96', 'J97', 'J98', 'J99', 'J100', 'J101', 'J102', 'J103', 'J104', 'J105', 'J106', 'J107', 'J108', 'J109', 'J110', 'J111', 'J112', 'J113', 'J114', 'J115', 'J116', 'J117', 'J118', 'J119', 'J120', 'J121', 'J122', 'J123', 'J124', 'J125', 'J126', 'J127', 'J128', 'J129', 'J130', 'J131', 'J132', 'J133', 'J134', 'J135', 'J136', 'J137', 'J138', 'J139', 'J140', 'J141', 'J142', 'J143', 'J144', 'J145', 'J146', 'J147', 'J148', 'J149', 'J150', 'J151', 'J152', 'J153', 'J154', 'J155', 'J156', 'J157', 'J158', 'J159', 'J160', 'J161', 'J162', 'J163', 'J164', 'J165', 'J166', 'J167', 'J168', 'J169', 'J170', 'J171', 'J172', 'J173', 'J174', 'J175', 'J176', 'J177', 'J178', 'J179', 'J180', 'J181', 'J182', 'J183', 'J184', 'J185', 'J186', 'J187', 'J188', 'J189', 'J190', 'J191', 'J192', 'J193', 'J194', 'J195', 'J196', 'J197', 'J198', 'J199', 'J200', 'J201', 'J202', 'J203', 'J204', 'J205', 'J206', 'J207', 'J208', 'J209', 'J210', 'J211', 'J212', 'J213', 'J214', 'J215', 'J216', 'J217', 'J218', 'J219', 'J220', 'J221', 'J222', 'J223', 'J224', 'J225', 'J226', 'J227', 'J228', 'J229', 'J230', 'J231', 'J232', 'J233', 'J234', 'J235', 'J236', 'J237', 'J238', 'J239', 'J240', 'J241', 'J242', 'J243', 'J244', 'J245', 'J246', 'J247', 'J248', 'J249', 'J250', 'J251', 'J252', 'J253', 'J254', 'J255', 'J256', 'J257', 'J258', 'J259', 'J260', 'J261', 'J262', 'J263', 'J264', 'J265', 'J266', 'J267', 'J268', 'J269', 'J270', 'J271', 'J272', 'J273', 'J274', 'J275', 'J276', 'J277', 'J278', 'J279', 'J280', 'J281', 'J282', 'J283', 'J284', 'J285', 'J286', 'J287', 'J288', 'J289', 'J290', 'J291', 'J292', 'J293', 'J294', 'J295', 'J296', 'J297', 'J298', 'J299', 'J300']
- Machine states:
  - Machine M1: Time=471.00, Idle=0.00, Material=Citybike_Tretlager_gefraest
  - Machine M2: Time=407.00, Idle=64.00, Material=Racebike_Tretlager_gefraest
  - Machine M3: Time=288.00, Idle=183.00, Material=Mountainbike_Tretlager_gefraest
==================================================

2025-06-06 14:12:13,934 - JSPGymEnvironment - INFO - Material change on machine M3: Mountainbike_Tretlager_gefraest -> E-Bike_Fahrrad_endmontiert, setup time: 25
2025-06-06 14:12:13,935 - JSPGymEnvironment - INFO - Executed operation: Job J6, Op 0, Machine M3, Start: 496, End: 553, Setup: 25
2025-06-06 14:12:13,936 - JSPGymEnvironment - INFO - 
===== REWARD DETAILS FOR STEP 10 =====
Job: J6, Operation: 0, Job Completed: False
Current Time: 471.00 -> 553.00, Setup Time: 25.00
Processing Time: 57.00, Idle Time: 0.00
Completed Jobs: 0/300
Machine: M3, Material: E-Bike_Fahrrad_endmontiert

REWARD COMPONENTS:
- makespan_reward: -0.4100
- setup_reward: -6.2500
- deadline_reward: 0.0000
- priority_reward: 0.0000
- critical_job_reward: 0.5000
- placement_reward: 0.0000
- timeliness_reward: 9.3075
- machine_idle_penalty: -2.8500

TOTAL REWARD: 0.2975

CUMULATIVE REWARD COMPONENTS:
- makespan_reward: -2.7650
- setup_reward: -47.5000
- deadline_reward: 0.0000
- priority_reward: 0.0000
- critical_job_reward: 2.5000
- placement_reward: 0.0000
- timeliness_reward: 92.4118
- machine_idle_penalty: -24.6125

CUMULATIVE TOTAL: 20.0343

CRITICAL STATE INFO:
- Valid actions: ['J1', 'J2', 'J3', 'J4', 'J5', 'J6', 'J7', 'J8', 'J9', 'J10', 'J11', 'J12', 'J13', 'J14', 'J15', 'J16', 'J17', 'J18', 'J19', 'J20', 'J21', 'J22', 'J23', 'J24', 'J25', 'J26', 'J27', 'J28', 'J29', 'J30', 'J31', 'J32', 'J33', 'J34', 'J35', 'J36', 'J37', 'J38', 'J39', 'J40', 'J41', 'J42', 'J43', 'J44', 'J45', 'J46', 'J47', 'J48', 'J49', 'J50', 'J51', 'J52', 'J53', 'J54', 'J55', 'J56', 'J57', 'J58', 'J59', 'J60', 'J61', 'J62', 'J63', 'J64', 'J65', 'J66', 'J67', 'J68', 'J69', 'J70', 'J71', 'J72', 'J73', 'J74', 'J75', 'J76', 'J77', 'J78', 'J79', 'J80', 'J81', 'J82', 'J83', 'J84', 'J85', 'J86', 'J87', 'J88', 'J89', 'J90', 'J91', 'J92', 'J93', 'J94', 'J95', 'J96', 'J97', 'J98', 'J99', 'J100', 'J101', 'J102', 'J103', 'J104', 'J105', 'J106', 'J107', 'J108', 'J109', 'J110', 'J111', 'J112', 'J113', 'J114', 'J115', 'J116', 'J117', 'J118', 'J119', 'J120', 'J121', 'J122', 'J123', 'J124', 'J125', 'J126', 'J127', 'J128', 'J129', 'J130', 'J131', 'J132', 'J133', 'J134', 'J135', 'J136', 'J137', 'J138', 'J139', 'J140', 'J141', 'J142', 'J143', 'J144', 'J145', 'J146', 'J147', 'J148', 'J149', 'J150', 'J151', 'J152', 'J153', 'J154', 'J155', 'J156', 'J157', 'J158', 'J159', 'J160', 'J161', 'J162', 'J163', 'J164', 'J165', 'J166', 'J167', 'J168', 'J169', 'J170', 'J171', 'J172', 'J173', 'J174', 'J175', 'J176', 'J177', 'J178', 'J179', 'J180', 'J181', 'J182', 'J183', 'J184', 'J185', 'J186', 'J187', 'J188', 'J189', 'J190', 'J191', 'J192', 'J193', 'J194', 'J195', 'J196', 'J197', 'J198', 'J199', 'J200', 'J201', 'J202', 'J203', 'J204', 'J205', 'J206', 'J207', 'J208', 'J209', 'J210', 'J211', 'J212', 'J213', 'J214', 'J215', 'J216', 'J217', 'J218', 'J219', 'J220', 'J221', 'J222', 'J223', 'J224', 'J225', 'J226', 'J227', 'J228', 'J229', 'J230', 'J231', 'J232', 'J233', 'J234', 'J235', 'J236', 'J237', 'J238', 'J239', 'J240', 'J241', 'J242', 'J243', 'J244', 'J245', 'J246', 'J247', 'J248', 'J249', 'J250', 'J251', 'J252', 'J253', 'J254', 'J255', 'J256', 'J257', 'J258', 'J259', 'J260', 'J261', 'J262', 'J263', 'J264', 'J265', 'J266', 'J267', 'J268', 'J269', 'J270', 'J271', 'J272', 'J273', 'J274', 'J275', 'J276', 'J277', 'J278', 'J279', 'J280', 'J281', 'J282', 'J283', 'J284', 'J285', 'J286', 'J287', 'J288', 'J289', 'J290', 'J291', 'J292', 'J293', 'J294', 'J295', 'J296', 'J297', 'J298', 'J299', 'J300']
- Machine states:
  - Machine M1: Time=471.00, Idle=82.00, Material=Citybike_Tretlager_gefraest
  - Machine M2: Time=407.00, Idle=146.00, Material=Racebike_Tretlager_gefraest
  - Machine M3: Time=553.00, Idle=0.00, Material=E-Bike_Fahrrad_endmontiert
==================================================

2025-06-06 14:12:25,655 - JSPGymEnvironment - INFO - Material change on machine M2: Racebike_Tretlager_gefraest -> Citybike_Fahrrad_endmontiert, setup time: 25
2025-06-06 14:12:25,655 - JSPGymEnvironment - INFO - Executed operation: Job J215, Op 2, Machine M2, Start: 578, End: 591, Setup: 25
2025-06-06 14:12:25,656 - JSPGymEnvironment - INFO - 
===== REWARD DETAILS FOR STEP 11 =====
Job: J215, Operation: 2, Job Completed: False
Current Time: 553.00 -> 591.00, Setup Time: 25.00
Processing Time: 13.00, Idle Time: 0.00
Completed Jobs: 0/300
Machine: M2, Material: Citybike_Fahrrad_endmontiert

REWARD COMPONENTS:
- makespan_reward: -0.1900
- setup_reward: -6.2500
- deadline_reward: 0.0000
- priority_reward: 0.0000
- critical_job_reward: 0.0000
- placement_reward: 0.0000
- timeliness_reward: 9.3094
- machine_idle_penalty: -1.9750

TOTAL REWARD: 0.8944

CUMULATIVE REWARD COMPONENTS:
- makespan_reward: -2.9550
- setup_reward: -53.7500
- deadline_reward: 0.0000
- priority_reward: 0.0000
- critical_job_reward: 2.5000
- placement_reward: 0.0000
- timeliness_reward: 101.7211
- machine_idle_penalty: -26.5875

CUMULATIVE TOTAL: 20.9286

CRITICAL STATE INFO:
- Valid actions: ['J1', 'J2', 'J3', 'J4', 'J5', 'J6', 'J7', 'J8', 'J9', 'J10', 'J11', 'J12', 'J13', 'J14', 'J15', 'J16', 'J17', 'J18', 'J19', 'J20', 'J21', 'J22', 'J23', 'J24', 'J25', 'J26', 'J27', 'J28', 'J29', 'J30', 'J31', 'J32', 'J33', 'J34', 'J35', 'J36', 'J37', 'J38', 'J39', 'J40', 'J41', 'J42', 'J43', 'J44', 'J45', 'J46', 'J47', 'J48', 'J49', 'J50', 'J51', 'J52', 'J53', 'J54', 'J55', 'J56', 'J57', 'J58', 'J59', 'J60', 'J61', 'J62', 'J63', 'J64', 'J65', 'J66', 'J67', 'J68', 'J69', 'J70', 'J71', 'J72', 'J73', 'J74', 'J75', 'J76', 'J77', 'J78', 'J79', 'J80', 'J81', 'J82', 'J83', 'J84', 'J85', 'J86', 'J87', 'J88', 'J89', 'J90', 'J91', 'J92', 'J93', 'J94', 'J95', 'J96', 'J97', 'J98', 'J99', 'J100', 'J101', 'J102', 'J103', 'J104', 'J105', 'J106', 'J107', 'J108', 'J109', 'J110', 'J111', 'J112', 'J113', 'J114', 'J115', 'J116', 'J117', 'J118', 'J119', 'J120', 'J121', 'J122', 'J123', 'J124', 'J125', 'J126', 'J127', 'J128', 'J129', 'J130', 'J131', 'J132', 'J133', 'J134', 'J135', 'J136', 'J137', 'J138', 'J139', 'J140', 'J141', 'J142', 'J143', 'J144', 'J145', 'J146', 'J147', 'J148', 'J149', 'J150', 'J151', 'J152', 'J153', 'J154', 'J155', 'J156', 'J157', 'J158', 'J159', 'J160', 'J161', 'J162', 'J163', 'J164', 'J165', 'J166', 'J167', 'J168', 'J169', 'J170', 'J171', 'J172', 'J173', 'J174', 'J175', 'J176', 'J177', 'J178', 'J179', 'J180', 'J181', 'J182', 'J183', 'J184', 'J185', 'J186', 'J187', 'J188', 'J189', 'J190', 'J191', 'J192', 'J193', 'J194', 'J195', 'J196', 'J197', 'J198', 'J199', 'J200', 'J201', 'J202', 'J203', 'J204', 'J205', 'J206', 'J207', 'J208', 'J209', 'J210', 'J211', 'J212', 'J213', 'J214', 'J215', 'J216', 'J217', 'J218', 'J219', 'J220', 'J221', 'J222', 'J223', 'J224', 'J225', 'J226', 'J227', 'J228', 'J229', 'J230', 'J231', 'J232', 'J233', 'J234', 'J235', 'J236', 'J237', 'J238', 'J239', 'J240', 'J241', 'J242', 'J243', 'J244', 'J245', 'J246', 'J247', 'J248', 'J249', 'J250', 'J251', 'J252', 'J253', 'J254', 'J255', 'J256', 'J257', 'J258', 'J259', 'J260', 'J261', 'J262', 'J263', 'J264', 'J265', 'J266', 'J267', 'J268', 'J269', 'J270', 'J271', 'J272', 'J273', 'J274', 'J275', 'J276', 'J277', 'J278', 'J279', 'J280', 'J281', 'J282', 'J283', 'J284', 'J285', 'J286', 'J287', 'J288', 'J289', 'J290', 'J291', 'J292', 'J293', 'J294', 'J295', 'J296', 'J297', 'J298', 'J299', 'J300']
- Machine states:
  - Machine M1: Time=471.00, Idle=120.00, Material=Citybike_Tretlager_gefraest
  - Machine M2: Time=591.00, Idle=0.00, Material=Citybike_Fahrrad_endmontiert
  - Machine M3: Time=553.00, Idle=38.00, Material=E-Bike_Fahrrad_endmontiert
==================================================

2025-06-06 14:12:38,088 - JSPGymEnvironment - INFO - Material change on machine M1: Citybike_Tretlager_gefraest -> E-Bike_Bremsaufnahme_gebohrt, setup time: 49
2025-06-06 14:12:38,088 - JSPGymEnvironment - INFO - Executed operation: Job J185, Op 0, Machine M1, Start: 640, End: 657, Setup: 49
2025-06-06 14:12:38,089 - JSPGymEnvironment - INFO - 
===== REWARD DETAILS FOR STEP 12 =====
Job: J185, Operation: 0, Job Completed: False
Current Time: 591.00 -> 657.00, Setup Time: 49.00
Processing Time: 17.00, Idle Time: 0.00
Completed Jobs: 0/300
Machine: M1, Material: E-Bike_Bremsaufnahme_gebohrt

REWARD COMPONENTS:
- makespan_reward: -0.3300
- setup_reward: -12.2500
- deadline_reward: 0.0000
- priority_reward: 0.0000
- critical_job_reward: 0.5000
- placement_reward: 0.0000
- timeliness_reward: 9.3166
- machine_idle_penalty: -2.1250

TOTAL REWARD: -4.8884

CUMULATIVE REWARD COMPONENTS:
- makespan_reward: -3.2850
- setup_reward: -66.0000
- deadline_reward: 0.0000
- priority_reward: 0.0000
- critical_job_reward: 3.0000
- placement_reward: 0.0000
- timeliness_reward: 111.0377
- machine_idle_penalty: -28.7125

CUMULATIVE TOTAL: 16.0402

CRITICAL STATE INFO:
- Valid actions: ['J1', 'J2', 'J3', 'J4', 'J5', 'J6', 'J7', 'J8', 'J9', 'J10', 'J11', 'J12', 'J13', 'J14', 'J15', 'J16', 'J17', 'J18', 'J19', 'J20', 'J21', 'J22', 'J23', 'J24', 'J25', 'J26', 'J27', 'J28', 'J29', 'J30', 'J31', 'J32', 'J33', 'J34', 'J35', 'J36', 'J37', 'J38', 'J39', 'J40', 'J41', 'J42', 'J43', 'J44', 'J45', 'J46', 'J47', 'J48', 'J49', 'J50', 'J51', 'J52', 'J53', 'J54', 'J55', 'J56', 'J57', 'J58', 'J59', 'J60', 'J61', 'J62', 'J63', 'J64', 'J65', 'J66', 'J67', 'J68', 'J69', 'J70', 'J71', 'J72', 'J73', 'J74', 'J75', 'J76', 'J77', 'J78', 'J79', 'J80', 'J81', 'J82', 'J83', 'J84', 'J85', 'J86', 'J87', 'J88', 'J89', 'J90', 'J91', 'J92', 'J93', 'J94', 'J95', 'J96', 'J97', 'J98', 'J99', 'J100', 'J101', 'J102', 'J103', 'J104', 'J105', 'J106', 'J107', 'J108', 'J109', 'J110', 'J111', 'J112', 'J113', 'J114', 'J115', 'J116', 'J117', 'J118', 'J119', 'J120', 'J121', 'J122', 'J123', 'J124', 'J125', 'J126', 'J127', 'J128', 'J129', 'J130', 'J131', 'J132', 'J133', 'J134', 'J135', 'J136', 'J137', 'J138', 'J139', 'J140', 'J141', 'J142', 'J143', 'J144', 'J145', 'J146', 'J147', 'J148', 'J149', 'J150', 'J151', 'J152', 'J153', 'J154', 'J155', 'J156', 'J157', 'J158', 'J159', 'J160', 'J161', 'J162', 'J163', 'J164', 'J165', 'J166', 'J167', 'J168', 'J169', 'J170', 'J171', 'J172', 'J173', 'J174', 'J175', 'J176', 'J177', 'J178', 'J179', 'J180', 'J181', 'J182', 'J183', 'J184', 'J185', 'J186', 'J187', 'J188', 'J189', 'J190', 'J191', 'J192', 'J193', 'J194', 'J195', 'J196', 'J197', 'J198', 'J199', 'J200', 'J201', 'J202', 'J203', 'J204', 'J205', 'J206', 'J207', 'J208', 'J209', 'J210', 'J211', 'J212', 'J213', 'J214', 'J215', 'J216', 'J217', 'J218', 'J219', 'J220', 'J221', 'J222', 'J223', 'J224', 'J225', 'J226', 'J227', 'J228', 'J229', 'J230', 'J231', 'J232', 'J233', 'J234', 'J235', 'J236', 'J237', 'J238', 'J239', 'J240', 'J241', 'J242', 'J243', 'J244', 'J245', 'J246', 'J247', 'J248', 'J249', 'J250', 'J251', 'J252', 'J253', 'J254', 'J255', 'J256', 'J257', 'J258', 'J259', 'J260', 'J261', 'J262', 'J263', 'J264', 'J265', 'J266', 'J267', 'J268', 'J269', 'J270', 'J271', 'J272', 'J273', 'J274', 'J275', 'J276', 'J277', 'J278', 'J279', 'J280', 'J281', 'J282', 'J283', 'J284', 'J285', 'J286', 'J287', 'J288', 'J289', 'J290', 'J291', 'J292', 'J293', 'J294', 'J295', 'J296', 'J297', 'J298', 'J299', 'J300']
- Machine states:
  - Machine M1: Time=657.00, Idle=0.00, Material=E-Bike_Bremsaufnahme_gebohrt
  - Machine M2: Time=591.00, Idle=66.00, Material=Citybike_Fahrrad_endmontiert
  - Machine M3: Time=553.00, Idle=104.00, Material=E-Bike_Fahrrad_endmontiert
==================================================

2025-06-06 14:12:49,828 - JSPGymEnvironment - INFO - Material change on machine M3: E-Bike_Fahrrad_endmontiert -> Citybike_Rahmen_komplettiert, setup time: 16
2025-06-06 14:12:49,828 - JSPGymEnvironment - INFO - Executed operation: Job J151, Op 0, Machine M3, Start: 673, End: 730, Setup: 16
2025-06-06 14:12:49,829 - JSPGymEnvironment - INFO - 
===== REWARD DETAILS FOR STEP 13 =====
Job: J151, Operation: 0, Job Completed: False
Current Time: 657.00 -> 730.00, Setup Time: 16.00
Processing Time: 57.00, Idle Time: 0.00
Completed Jobs: 0/300
Machine: M3, Material: Citybike_Rahmen_komplettiert

REWARD COMPONENTS:
- makespan_reward: -0.3650
- setup_reward: -4.0000
- deadline_reward: 0.0000
- priority_reward: 0.0000
- critical_job_reward: 0.0000
- placement_reward: 0.0000
- timeliness_reward: 9.3212
- machine_idle_penalty: -2.6500

TOTAL REWARD: 2.3062

CUMULATIVE REWARD COMPONENTS:
- makespan_reward: -3.6500
- setup_reward: -70.0000
- deadline_reward: 0.0000
- priority_reward: 0.0000
- critical_job_reward: 3.0000
- placement_reward: 0.0000
- timeliness_reward: 120.3589
- machine_idle_penalty: -31.3625

CUMULATIVE TOTAL: 18.3464

CRITICAL STATE INFO:
- Valid actions: ['J1', 'J2', 'J3', 'J4', 'J5', 'J6', 'J7', 'J8', 'J9', 'J10', 'J11', 'J12', 'J13', 'J14', 'J15', 'J16', 'J17', 'J18', 'J19', 'J20', 'J21', 'J22', 'J23', 'J24', 'J25', 'J26', 'J27', 'J28', 'J29', 'J30', 'J31', 'J32', 'J33', 'J34', 'J35', 'J36', 'J37', 'J38', 'J39', 'J40', 'J41', 'J42', 'J43', 'J44', 'J45', 'J46', 'J47', 'J48', 'J49', 'J50', 'J51', 'J52', 'J53', 'J54', 'J55', 'J56', 'J57', 'J58', 'J59', 'J60', 'J61', 'J62', 'J63', 'J64', 'J65', 'J66', 'J67', 'J68', 'J69', 'J70', 'J71', 'J72', 'J73', 'J74', 'J75', 'J76', 'J77', 'J78', 'J79', 'J80', 'J81', 'J82', 'J83', 'J84', 'J85', 'J86', 'J87', 'J88', 'J89', 'J90', 'J91', 'J92', 'J93', 'J94', 'J95', 'J96', 'J97', 'J98', 'J99', 'J100', 'J101', 'J102', 'J103', 'J104', 'J105', 'J106', 'J107', 'J108', 'J109', 'J110', 'J111', 'J112', 'J113', 'J114', 'J115', 'J116', 'J117', 'J118', 'J119', 'J120', 'J121', 'J122', 'J123', 'J124', 'J125', 'J126', 'J127', 'J128', 'J129', 'J130', 'J131', 'J132', 'J133', 'J134', 'J135', 'J136', 'J137', 'J138', 'J139', 'J140', 'J141', 'J142', 'J143', 'J144', 'J145', 'J146', 'J147', 'J148', 'J149', 'J150', 'J151', 'J152', 'J153', 'J154', 'J155', 'J156', 'J157', 'J158', 'J159', 'J160', 'J161', 'J162', 'J163', 'J164', 'J165', 'J166', 'J167', 'J168', 'J169', 'J170', 'J171', 'J172', 'J173', 'J174', 'J175', 'J176', 'J177', 'J178', 'J179', 'J180', 'J181', 'J182', 'J183', 'J184', 'J185', 'J186', 'J187', 'J188', 'J189', 'J190', 'J191', 'J192', 'J193', 'J194', 'J195', 'J196', 'J197', 'J198', 'J199', 'J200', 'J201', 'J202', 'J203', 'J204', 'J205', 'J206', 'J207', 'J208', 'J209', 'J210', 'J211', 'J212', 'J213', 'J214', 'J215', 'J216', 'J217', 'J218', 'J219', 'J220', 'J221', 'J222', 'J223', 'J224', 'J225', 'J226', 'J227', 'J228', 'J229', 'J230', 'J231', 'J232', 'J233', 'J234', 'J235', 'J236', 'J237', 'J238', 'J239', 'J240', 'J241', 'J242', 'J243', 'J244', 'J245', 'J246', 'J247', 'J248', 'J249', 'J250', 'J251', 'J252', 'J253', 'J254', 'J255', 'J256', 'J257', 'J258', 'J259', 'J260', 'J261', 'J262', 'J263', 'J264', 'J265', 'J266', 'J267', 'J268', 'J269', 'J270', 'J271', 'J272', 'J273', 'J274', 'J275', 'J276', 'J277', 'J278', 'J279', 'J280', 'J281', 'J282', 'J283', 'J284', 'J285', 'J286', 'J287', 'J288', 'J289', 'J290', 'J291', 'J292', 'J293', 'J294', 'J295', 'J296', 'J297', 'J298', 'J299', 'J300']
- Machine states:
  - Machine M1: Time=657.00, Idle=73.00, Material=E-Bike_Bremsaufnahme_gebohrt
  - Machine M2: Time=591.00, Idle=139.00, Material=Citybike_Fahrrad_endmontiert
  - Machine M3: Time=730.00, Idle=0.00, Material=Citybike_Rahmen_komplettiert
==================================================

2025-06-06 14:13:01,609 - JSPGymEnvironment - INFO - Material change on machine M2: Citybike_Fahrrad_endmontiert -> Citybike_Tretlager_gefraest, setup time: 20
2025-06-06 14:13:01,609 - JSPGymEnvironment - INFO - Executed operation: Job J182, Op 1, Machine M2, Start: 750, End: 773, Setup: 20
2025-06-06 14:13:01,610 - JSPGymEnvironment - INFO - 
===== REWARD DETAILS FOR STEP 14 =====
Job: J182, Operation: 1, Job Completed: False
Current Time: 730.00 -> 773.00, Setup Time: 20.00
Processing Time: 23.00, Idle Time: 0.00
Completed Jobs: 0/300
Machine: M2, Material: Citybike_Tretlager_gefraest

REWARD COMPONENTS:
- makespan_reward: -0.2150
- setup_reward: -5.0000
- deadline_reward: 0.0000
- priority_reward: 0.0000
- critical_job_reward: 0.0000
- placement_reward: 0.0000
- timeliness_reward: 9.3239
- machine_idle_penalty: -1.9875

TOTAL REWARD: 2.1214

CUMULATIVE REWARD COMPONENTS:
- makespan_reward: -3.8650
- setup_reward: -75.0000
- deadline_reward: 0.0000
- priority_reward: 0.0000
- critical_job_reward: 3.0000
- placement_reward: 0.0000
- timeliness_reward: 129.6828
- machine_idle_penalty: -33.3500

CUMULATIVE TOTAL: 20.4678

CRITICAL STATE INFO:
- Valid actions: ['J1', 'J2', 'J3', 'J4', 'J5', 'J6', 'J7', 'J8', 'J9', 'J10', 'J11', 'J12', 'J13', 'J14', 'J15', 'J16', 'J17', 'J18', 'J19', 'J20', 'J21', 'J22', 'J23', 'J24', 'J25', 'J26', 'J27', 'J28', 'J29', 'J30', 'J31', 'J32', 'J33', 'J34', 'J35', 'J36', 'J37', 'J38', 'J39', 'J40', 'J41', 'J42', 'J43', 'J44', 'J45', 'J46', 'J47', 'J48', 'J49', 'J50', 'J51', 'J52', 'J53', 'J54', 'J55', 'J56', 'J57', 'J58', 'J59', 'J60', 'J61', 'J62', 'J63', 'J64', 'J65', 'J66', 'J67', 'J68', 'J69', 'J70', 'J71', 'J72', 'J73', 'J74', 'J75', 'J76', 'J77', 'J78', 'J79', 'J80', 'J81', 'J82', 'J83', 'J84', 'J85', 'J86', 'J87', 'J88', 'J89', 'J90', 'J91', 'J92', 'J93', 'J94', 'J95', 'J96', 'J97', 'J98', 'J99', 'J100', 'J101', 'J102', 'J103', 'J104', 'J105', 'J106', 'J107', 'J108', 'J109', 'J110', 'J111', 'J112', 'J113', 'J114', 'J115', 'J116', 'J117', 'J118', 'J119', 'J120', 'J121', 'J122', 'J123', 'J124', 'J125', 'J126', 'J127', 'J128', 'J129', 'J130', 'J131', 'J132', 'J133', 'J134', 'J135', 'J136', 'J137', 'J138', 'J139', 'J140', 'J141', 'J142', 'J143', 'J144', 'J145', 'J146', 'J147', 'J148', 'J149', 'J150', 'J151', 'J152', 'J153', 'J154', 'J155', 'J156', 'J157', 'J158', 'J159', 'J160', 'J161', 'J162', 'J163', 'J164', 'J165', 'J166', 'J167', 'J168', 'J169', 'J170', 'J171', 'J172', 'J173', 'J174', 'J175', 'J176', 'J177', 'J178', 'J179', 'J180', 'J181', 'J182', 'J183', 'J184', 'J185', 'J186', 'J187', 'J188', 'J189', 'J190', 'J191', 'J192', 'J193', 'J194', 'J195', 'J196', 'J197', 'J198', 'J199', 'J200', 'J201', 'J202', 'J203', 'J204', 'J205', 'J206', 'J207', 'J208', 'J209', 'J210', 'J211', 'J212', 'J213', 'J214', 'J215', 'J216', 'J217', 'J218', 'J219', 'J220', 'J221', 'J222', 'J223', 'J224', 'J225', 'J226', 'J227', 'J228', 'J229', 'J230', 'J231', 'J232', 'J233', 'J234', 'J235', 'J236', 'J237', 'J238', 'J239', 'J240', 'J241', 'J242', 'J243', 'J244', 'J245', 'J246', 'J247', 'J248', 'J249', 'J250', 'J251', 'J252', 'J253', 'J254', 'J255', 'J256', 'J257', 'J258', 'J259', 'J260', 'J261', 'J262', 'J263', 'J264', 'J265', 'J266', 'J267', 'J268', 'J269', 'J270', 'J271', 'J272', 'J273', 'J274', 'J275', 'J276', 'J277', 'J278', 'J279', 'J280', 'J281', 'J282', 'J283', 'J284', 'J285', 'J286', 'J287', 'J288', 'J289', 'J290', 'J291', 'J292', 'J293', 'J294', 'J295', 'J296', 'J297', 'J298', 'J299', 'J300']
- Machine states:
  - Machine M1: Time=657.00, Idle=116.00, Material=E-Bike_Bremsaufnahme_gebohrt
  - Machine M2: Time=773.00, Idle=0.00, Material=Citybike_Tretlager_gefraest
  - Machine M3: Time=730.00, Idle=43.00, Material=Citybike_Rahmen_komplettiert
==================================================

2025-06-06 14:13:13,845 - JSPGymEnvironment - INFO - Material change on machine M3: Citybike_Rahmen_komplettiert -> Citybike_Laufraeder_montiert, setup time: 15
2025-06-06 14:13:13,846 - JSPGymEnvironment - INFO - Executed operation: Job J102, Op 0, Machine M3, Start: 788, End: 826, Setup: 15
2025-06-06 14:13:13,847 - JSPGymEnvironment - INFO - 
===== REWARD DETAILS FOR STEP 15 =====
Job: J102, Operation: 0, Job Completed: False
Current Time: 773.00 -> 826.00, Setup Time: 15.00
Processing Time: 38.00, Idle Time: 0.00
Completed Jobs: 0/300
Machine: M3, Material: Citybike_Laufraeder_montiert

REWARD COMPONENTS:
- makespan_reward: -0.2650
- setup_reward: -3.7500
- deadline_reward: 0.0000
- priority_reward: 0.0000
- critical_job_reward: 0.5000
- placement_reward: 0.0000
- timeliness_reward: 9.3206
- machine_idle_penalty: -2.7750

TOTAL REWARD: 3.0306

CUMULATIVE REWARD COMPONENTS:
- makespan_reward: -4.1300
- setup_reward: -78.7500
- deadline_reward: 0.0000
- priority_reward: 0.0000
- critical_job_reward: 3.5000
- placement_reward: 0.0000
- timeliness_reward: 139.0035
- machine_idle_penalty: -36.1250

CUMULATIVE TOTAL: 23.4985

CRITICAL STATE INFO:
- Valid actions: ['J1', 'J2', 'J3', 'J4', 'J5', 'J6', 'J7', 'J8', 'J9', 'J10', 'J11', 'J12', 'J13', 'J14', 'J15', 'J16', 'J17', 'J18', 'J19', 'J20', 'J21', 'J22', 'J23', 'J24', 'J25', 'J26', 'J27', 'J28', 'J29', 'J30', 'J31', 'J32', 'J33', 'J34', 'J35', 'J36', 'J37', 'J38', 'J39', 'J40', 'J41', 'J42', 'J43', 'J44', 'J45', 'J46', 'J47', 'J48', 'J49', 'J50', 'J51', 'J52', 'J53', 'J54', 'J55', 'J56', 'J57', 'J58', 'J59', 'J60', 'J61', 'J62', 'J63', 'J64', 'J65', 'J66', 'J67', 'J68', 'J69', 'J70', 'J71', 'J72', 'J73', 'J74', 'J75', 'J76', 'J77', 'J78', 'J79', 'J80', 'J81', 'J82', 'J83', 'J84', 'J85', 'J86', 'J87', 'J88', 'J89', 'J90', 'J91', 'J92', 'J93', 'J94', 'J95', 'J96', 'J97', 'J98', 'J99', 'J100', 'J101', 'J102', 'J103', 'J104', 'J105', 'J106', 'J107', 'J108', 'J109', 'J110', 'J111', 'J112', 'J113', 'J114', 'J115', 'J116', 'J117', 'J118', 'J119', 'J120', 'J121', 'J122', 'J123', 'J124', 'J125', 'J126', 'J127', 'J128', 'J129', 'J130', 'J131', 'J132', 'J133', 'J134', 'J135', 'J136', 'J137', 'J138', 'J139', 'J140', 'J141', 'J142', 'J143', 'J144', 'J145', 'J146', 'J147', 'J148', 'J149', 'J150', 'J151', 'J152', 'J153', 'J154', 'J155', 'J156', 'J157', 'J158', 'J159', 'J160', 'J161', 'J162', 'J163', 'J164', 'J165', 'J166', 'J167', 'J168', 'J169', 'J170', 'J171', 'J172', 'J173', 'J174', 'J175', 'J176', 'J177', 'J178', 'J179', 'J180', 'J181', 'J182', 'J183', 'J184', 'J185', 'J186', 'J187', 'J188', 'J189', 'J190', 'J191', 'J192', 'J193', 'J194', 'J195', 'J196', 'J197', 'J198', 'J199', 'J200', 'J201', 'J202', 'J203', 'J204', 'J205', 'J206', 'J207', 'J208', 'J209', 'J210', 'J211', 'J212', 'J213', 'J214', 'J215', 'J216', 'J217', 'J218', 'J219', 'J220', 'J221', 'J222', 'J223', 'J224', 'J225', 'J226', 'J227', 'J228', 'J229', 'J230', 'J231', 'J232', 'J233', 'J234', 'J235', 'J236', 'J237', 'J238', 'J239', 'J240', 'J241', 'J242', 'J243', 'J244', 'J245', 'J246', 'J247', 'J248', 'J249', 'J250', 'J251', 'J252', 'J253', 'J254', 'J255', 'J256', 'J257', 'J258', 'J259', 'J260', 'J261', 'J262', 'J263', 'J264', 'J265', 'J266', 'J267', 'J268', 'J269', 'J270', 'J271', 'J272', 'J273', 'J274', 'J275', 'J276', 'J277', 'J278', 'J279', 'J280', 'J281', 'J282', 'J283', 'J284', 'J285', 'J286', 'J287', 'J288', 'J289', 'J290', 'J291', 'J292', 'J293', 'J294', 'J295', 'J296', 'J297', 'J298', 'J299', 'J300']
- Machine states:
  - Machine M1: Time=657.00, Idle=169.00, Material=E-Bike_Bremsaufnahme_gebohrt
  - Machine M2: Time=773.00, Idle=53.00, Material=Citybike_Tretlager_gefraest
  - Machine M3: Time=826.00, Idle=0.00, Material=Citybike_Laufraeder_montiert
==================================================

2025-06-06 14:13:26,378 - JSPGymEnvironment - INFO - Material change on machine M1: E-Bike_Bremsaufnahme_gebohrt -> Citybike_Rahmen_lackiert, setup time: 55
2025-06-06 14:13:26,378 - JSPGymEnvironment - INFO - Executed operation: Job J215, Op 3, Machine M1, Start: 881, End: 921, Setup: 55
2025-06-06 14:13:26,379 - JSPGymEnvironment - INFO - 
===== REWARD DETAILS FOR STEP 16 =====
Job: J215, Operation: 3, Job Completed: False
Current Time: 826.00 -> 921.00, Setup Time: 55.00
Processing Time: 40.00, Idle Time: 0.00
Completed Jobs: 0/300
Machine: M1, Material: Citybike_Rahmen_lackiert

REWARD COMPONENTS:
- makespan_reward: -0.4750
- setup_reward: -13.7500
- deadline_reward: 0.0000
- priority_reward: 0.0000
- critical_job_reward: 0.0000
- placement_reward: 0.0000
- timeliness_reward: 9.3115
- machine_idle_penalty: -3.0375

TOTAL REWARD: -7.9510

CUMULATIVE REWARD COMPONENTS:
- makespan_reward: -4.6050
- setup_reward: -92.5000
- deadline_reward: 0.0000
- priority_reward: 0.0000
- critical_job_reward: 3.5000
- placement_reward: 0.0000
- timeliness_reward: 148.3149
- machine_idle_penalty: -39.1625

CUMULATIVE TOTAL: 15.5474

CRITICAL STATE INFO:
- Valid actions: ['J1', 'J2', 'J3', 'J4', 'J5', 'J6', 'J7', 'J8', 'J9', 'J10', 'J11', 'J12', 'J13', 'J14', 'J15', 'J16', 'J17', 'J18', 'J19', 'J20', 'J21', 'J22', 'J23', 'J24', 'J25', 'J26', 'J27', 'J28', 'J29', 'J30', 'J31', 'J32', 'J33', 'J34', 'J35', 'J36', 'J37', 'J38', 'J39', 'J40', 'J41', 'J42', 'J43', 'J44', 'J45', 'J46', 'J47', 'J48', 'J49', 'J50', 'J51', 'J52', 'J53', 'J54', 'J55', 'J56', 'J57', 'J58', 'J59', 'J60', 'J61', 'J62', 'J63', 'J64', 'J65', 'J66', 'J67', 'J68', 'J69', 'J70', 'J71', 'J72', 'J73', 'J74', 'J75', 'J76', 'J77', 'J78', 'J79', 'J80', 'J81', 'J82', 'J83', 'J84', 'J85', 'J86', 'J87', 'J88', 'J89', 'J90', 'J91', 'J92', 'J93', 'J94', 'J95', 'J96', 'J97', 'J98', 'J99', 'J100', 'J101', 'J102', 'J103', 'J104', 'J105', 'J106', 'J107', 'J108', 'J109', 'J110', 'J111', 'J112', 'J113', 'J114', 'J115', 'J116', 'J117', 'J118', 'J119', 'J120', 'J121', 'J122', 'J123', 'J124', 'J125', 'J126', 'J127', 'J128', 'J129', 'J130', 'J131', 'J132', 'J133', 'J134', 'J135', 'J136', 'J137', 'J138', 'J139', 'J140', 'J141', 'J142', 'J143', 'J144', 'J145', 'J146', 'J147', 'J148', 'J149', 'J150', 'J151', 'J152', 'J153', 'J154', 'J155', 'J156', 'J157', 'J158', 'J159', 'J160', 'J161', 'J162', 'J163', 'J164', 'J165', 'J166', 'J167', 'J168', 'J169', 'J170', 'J171', 'J172', 'J173', 'J174', 'J175', 'J176', 'J177', 'J178', 'J179', 'J180', 'J181', 'J182', 'J183', 'J184', 'J185', 'J186', 'J187', 'J188', 'J189', 'J190', 'J191', 'J192', 'J193', 'J194', 'J195', 'J196', 'J197', 'J198', 'J199', 'J200', 'J201', 'J202', 'J203', 'J204', 'J205', 'J206', 'J207', 'J208', 'J209', 'J210', 'J211', 'J212', 'J213', 'J214', 'J215', 'J216', 'J217', 'J218', 'J219', 'J220', 'J221', 'J222', 'J223', 'J224', 'J225', 'J226', 'J227', 'J228', 'J229', 'J230', 'J231', 'J232', 'J233', 'J234', 'J235', 'J236', 'J237', 'J238', 'J239', 'J240', 'J241', 'J242', 'J243', 'J244', 'J245', 'J246', 'J247', 'J248', 'J249', 'J250', 'J251', 'J252', 'J253', 'J254', 'J255', 'J256', 'J257', 'J258', 'J259', 'J260', 'J261', 'J262', 'J263', 'J264', 'J265', 'J266', 'J267', 'J268', 'J269', 'J270', 'J271', 'J272', 'J273', 'J274', 'J275', 'J276', 'J277', 'J278', 'J279', 'J280', 'J281', 'J282', 'J283', 'J284', 'J285', 'J286', 'J287', 'J288', 'J289', 'J290', 'J291', 'J292', 'J293', 'J294', 'J295', 'J296', 'J297', 'J298', 'J299', 'J300']
- Machine states:
  - Machine M1: Time=921.00, Idle=0.00, Material=Citybike_Rahmen_lackiert
  - Machine M2: Time=773.00, Idle=148.00, Material=Citybike_Tretlager_gefraest
  - Machine M3: Time=826.00, Idle=95.00, Material=Citybike_Laufraeder_montiert
==================================================

2025-06-06 14:13:38,265 - JSPGymEnvironment - INFO - Material change on machine M2: Citybike_Tretlager_gefraest -> Racebike_Steuerrohr_montiert, setup time: 21
2025-06-06 14:13:38,265 - JSPGymEnvironment - INFO - Executed operation: Job J161, Op 0, Machine M2, Start: 942, End: 971, Setup: 21
2025-06-06 14:13:38,266 - JSPGymEnvironment - INFO - 
===== REWARD DETAILS FOR STEP 17 =====
Job: J161, Operation: 0, Job Completed: False
Current Time: 921.00 -> 971.00, Setup Time: 21.00
Processing Time: 29.00, Idle Time: 0.00
Completed Jobs: 0/300
Machine: M2, Material: Racebike_Steuerrohr_montiert

REWARD COMPONENTS:
- makespan_reward: -0.2500
- setup_reward: -5.2500
- deadline_reward: 0.0000
- priority_reward: 0.0000
- critical_job_reward: 0.5000
- placement_reward: 0.0000
- timeliness_reward: 9.3112
- machine_idle_penalty: -2.4375

TOTAL REWARD: 1.8737

CUMULATIVE REWARD COMPONENTS:
- makespan_reward: -4.8550
- setup_reward: -97.7500
- deadline_reward: 0.0000
- priority_reward: 0.0000
- critical_job_reward: 4.0000
- placement_reward: 0.0000
- timeliness_reward: 157.6261
- machine_idle_penalty: -41.6000

CUMULATIVE TOTAL: 17.4211

CRITICAL STATE INFO:
- Valid actions: ['J1', 'J2', 'J3', 'J4', 'J5', 'J6', 'J7', 'J8', 'J9', 'J10', 'J11', 'J12', 'J13', 'J14', 'J15', 'J16', 'J17', 'J18', 'J19', 'J20', 'J21', 'J22', 'J23', 'J24', 'J25', 'J26', 'J27', 'J28', 'J29', 'J30', 'J31', 'J32', 'J33', 'J34', 'J35', 'J36', 'J37', 'J38', 'J39', 'J40', 'J41', 'J42', 'J43', 'J44', 'J45', 'J46', 'J47', 'J48', 'J49', 'J50', 'J51', 'J52', 'J53', 'J54', 'J55', 'J56', 'J57', 'J58', 'J59', 'J60', 'J61', 'J62', 'J63', 'J64', 'J65', 'J66', 'J67', 'J68', 'J69', 'J70', 'J71', 'J72', 'J73', 'J74', 'J75', 'J76', 'J77', 'J78', 'J79', 'J80', 'J81', 'J82', 'J83', 'J84', 'J85', 'J86', 'J87', 'J88', 'J89', 'J90', 'J91', 'J92', 'J93', 'J94', 'J95', 'J96', 'J97', 'J98', 'J99', 'J100', 'J101', 'J102', 'J103', 'J104', 'J105', 'J106', 'J107', 'J108', 'J109', 'J110', 'J111', 'J112', 'J113', 'J114', 'J115', 'J116', 'J117', 'J118', 'J119', 'J120', 'J121', 'J122', 'J123', 'J124', 'J125', 'J126', 'J127', 'J128', 'J129', 'J130', 'J131', 'J132', 'J133', 'J134', 'J135', 'J136', 'J137', 'J138', 'J139', 'J140', 'J141', 'J142', 'J143', 'J144', 'J145', 'J146', 'J147', 'J148', 'J149', 'J150', 'J151', 'J152', 'J153', 'J154', 'J155', 'J156', 'J157', 'J158', 'J159', 'J160', 'J161', 'J162', 'J163', 'J164', 'J165', 'J166', 'J167', 'J168', 'J169', 'J170', 'J171', 'J172', 'J173', 'J174', 'J175', 'J176', 'J177', 'J178', 'J179', 'J180', 'J181', 'J182', 'J183', 'J184', 'J185', 'J186', 'J187', 'J188', 'J189', 'J190', 'J191', 'J192', 'J193', 'J194', 'J195', 'J196', 'J197', 'J198', 'J199', 'J200', 'J201', 'J202', 'J203', 'J204', 'J205', 'J206', 'J207', 'J208', 'J209', 'J210', 'J211', 'J212', 'J213', 'J214', 'J215', 'J216', 'J217', 'J218', 'J219', 'J220', 'J221', 'J222', 'J223', 'J224', 'J225', 'J226', 'J227', 'J228', 'J229', 'J230', 'J231', 'J232', 'J233', 'J234', 'J235', 'J236', 'J237', 'J238', 'J239', 'J240', 'J241', 'J242', 'J243', 'J244', 'J245', 'J246', 'J247', 'J248', 'J249', 'J250', 'J251', 'J252', 'J253', 'J254', 'J255', 'J256', 'J257', 'J258', 'J259', 'J260', 'J261', 'J262', 'J263', 'J264', 'J265', 'J266', 'J267', 'J268', 'J269', 'J270', 'J271', 'J272', 'J273', 'J274', 'J275', 'J276', 'J277', 'J278', 'J279', 'J280', 'J281', 'J282', 'J283', 'J284', 'J285', 'J286', 'J287', 'J288', 'J289', 'J290', 'J291', 'J292', 'J293', 'J294', 'J295', 'J296', 'J297', 'J298', 'J299', 'J300']
- Machine states:
  - Machine M1: Time=921.00, Idle=50.00, Material=Citybike_Rahmen_lackiert
  - Machine M2: Time=971.00, Idle=0.00, Material=Racebike_Steuerrohr_montiert
  - Machine M3: Time=826.00, Idle=145.00, Material=Citybike_Laufraeder_montiert
==================================================

2025-06-06 14:13:50,821 - JSPGymEnvironment - INFO - Material change on machine M3: Citybike_Laufraeder_montiert -> Mountainbike_Bremsaufnahme_gebohrt, setup time: 10
2025-06-06 14:13:50,821 - JSPGymEnvironment - INFO - Executed operation: Job J13, Op 0, Machine M3, Start: 981, End: 1033, Setup: 10
2025-06-06 14:13:50,822 - JSPGymEnvironment - INFO - 
===== REWARD DETAILS FOR STEP 18 =====
Job: J13, Operation: 0, Job Completed: False
Current Time: 971.00 -> 1033.00, Setup Time: 10.00
Processing Time: 52.00, Idle Time: 0.00
Completed Jobs: 0/300
Machine: M3, Material: Mountainbike_Bremsaufnahme_gebohrt

REWARD COMPONENTS:
- makespan_reward: -0.3100
- setup_reward: -2.5000
- deadline_reward: 0.0000
- priority_reward: 0.0000
- critical_job_reward: 0.0000
- placement_reward: 0.0000
- timeliness_reward: 9.2871
- machine_idle_penalty: -2.1750

TOTAL REWARD: 4.3021

CUMULATIVE REWARD COMPONENTS:
- makespan_reward: -5.1650
- setup_reward: -100.2500
- deadline_reward: 0.0000
- priority_reward: 0.0000
- critical_job_reward: 4.0000
- placement_reward: 0.0000
- timeliness_reward: 166.9132
- machine_idle_penalty: -43.7750

CUMULATIVE TOTAL: 21.7232

CRITICAL STATE INFO:
- Valid actions: ['J1', 'J2', 'J3', 'J4', 'J5', 'J6', 'J7', 'J8', 'J9', 'J10', 'J11', 'J12', 'J13', 'J14', 'J15', 'J16', 'J17', 'J18', 'J19', 'J20', 'J21', 'J22', 'J23', 'J24', 'J25', 'J26', 'J27', 'J28', 'J29', 'J30', 'J31', 'J32', 'J33', 'J34', 'J35', 'J36', 'J37', 'J38', 'J39', 'J40', 'J41', 'J42', 'J43', 'J44', 'J45', 'J46', 'J47', 'J48', 'J49', 'J50', 'J51', 'J52', 'J53', 'J54', 'J55', 'J56', 'J57', 'J58', 'J59', 'J60', 'J61', 'J62', 'J63', 'J64', 'J65', 'J66', 'J67', 'J68', 'J69', 'J70', 'J71', 'J72', 'J73', 'J74', 'J75', 'J76', 'J77', 'J78', 'J79', 'J80', 'J81', 'J82', 'J83', 'J84', 'J85', 'J86', 'J87', 'J88', 'J89', 'J90', 'J91', 'J92', 'J93', 'J94', 'J95', 'J96', 'J97', 'J98', 'J99', 'J100', 'J101', 'J102', 'J103', 'J104', 'J105', 'J106', 'J107', 'J108', 'J109', 'J110', 'J111', 'J112', 'J113', 'J114', 'J115', 'J116', 'J117', 'J118', 'J119', 'J120', 'J121', 'J122', 'J123', 'J124', 'J125', 'J126', 'J127', 'J128', 'J129', 'J130', 'J131', 'J132', 'J133', 'J134', 'J135', 'J136', 'J137', 'J138', 'J139', 'J140', 'J141', 'J142', 'J143', 'J144', 'J145', 'J146', 'J147', 'J148', 'J149', 'J150', 'J151', 'J152', 'J153', 'J154', 'J155', 'J156', 'J157', 'J158', 'J159', 'J160', 'J161', 'J162', 'J163', 'J164', 'J165', 'J166', 'J167', 'J168', 'J169', 'J170', 'J171', 'J172', 'J173', 'J174', 'J175', 'J176', 'J177', 'J178', 'J179', 'J180', 'J181', 'J182', 'J183', 'J184', 'J185', 'J186', 'J187', 'J188', 'J189', 'J190', 'J191', 'J192', 'J193', 'J194', 'J195', 'J196', 'J197', 'J198', 'J199', 'J200', 'J201', 'J202', 'J203', 'J204', 'J205', 'J206', 'J207', 'J208', 'J209', 'J210', 'J211', 'J212', 'J213', 'J214', 'J215', 'J216', 'J217', 'J218', 'J219', 'J220', 'J221', 'J222', 'J223', 'J224', 'J225', 'J226', 'J227', 'J228', 'J229', 'J230', 'J231', 'J232', 'J233', 'J234', 'J235', 'J236', 'J237', 'J238', 'J239', 'J240', 'J241', 'J242', 'J243', 'J244', 'J245', 'J246', 'J247', 'J248', 'J249', 'J250', 'J251', 'J252', 'J253', 'J254', 'J255', 'J256', 'J257', 'J258', 'J259', 'J260', 'J261', 'J262', 'J263', 'J264', 'J265', 'J266', 'J267', 'J268', 'J269', 'J270', 'J271', 'J272', 'J273', 'J274', 'J275', 'J276', 'J277', 'J278', 'J279', 'J280', 'J281', 'J282', 'J283', 'J284', 'J285', 'J286', 'J287', 'J288', 'J289', 'J290', 'J291', 'J292', 'J293', 'J294', 'J295', 'J296', 'J297', 'J298', 'J299', 'J300']
- Machine states:
  - Machine M1: Time=921.00, Idle=112.00, Material=Citybike_Rahmen_lackiert
  - Machine M2: Time=971.00, Idle=62.00, Material=Racebike_Steuerrohr_montiert
  - Machine M3: Time=1033.00, Idle=0.00, Material=Mountainbike_Bremsaufnahme_gebohrt
==================================================

2025-06-06 14:14:03,002 - JSPGymEnvironment - INFO - Material change on machine M1: Citybike_Rahmen_lackiert -> E-Bike_Steuerrohr_ausgerieben, setup time: 49
2025-06-06 14:14:03,002 - JSPGymEnvironment - INFO - Executed operation: Job J6, Op 1, Machine M1, Start: 1082, End: 1126, Setup: 49
2025-06-06 14:14:03,003 - JSPGymEnvironment - INFO - 
===== REWARD DETAILS FOR STEP 19 =====
Job: J6, Operation: 1, Job Completed: False
Current Time: 1033.00 -> 1126.00, Setup Time: 49.00
Processing Time: 44.00, Idle Time: 0.00
Completed Jobs: 0/300
Machine: M1, Material: E-Bike_Steuerrohr_ausgerieben

REWARD COMPONENTS:
- makespan_reward: -0.4650
- setup_reward: -12.2500
- deadline_reward: 0.0000
- priority_reward: 0.0000
- critical_job_reward: 0.5000
- placement_reward: 0.0000
- timeliness_reward: 9.2605
- machine_idle_penalty: -3.1000

TOTAL REWARD: -6.0545

CUMULATIVE REWARD COMPONENTS:
- makespan_reward: -5.6300
- setup_reward: -112.5000
- deadline_reward: 0.0000
- priority_reward: 0.0000
- critical_job_reward: 4.5000
- placement_reward: 0.0000
- timeliness_reward: 176.1737
- machine_idle_penalty: -46.8750

CUMULATIVE TOTAL: 15.6687

CRITICAL STATE INFO:
- Valid actions: ['J1', 'J2', 'J3', 'J4', 'J5', 'J6', 'J7', 'J8', 'J9', 'J10', 'J11', 'J12', 'J13', 'J14', 'J15', 'J16', 'J17', 'J18', 'J19', 'J20', 'J21', 'J22', 'J23', 'J24', 'J25', 'J26', 'J27', 'J28', 'J29', 'J30', 'J31', 'J32', 'J33', 'J34', 'J35', 'J36', 'J37', 'J38', 'J39', 'J40', 'J41', 'J42', 'J43', 'J44', 'J45', 'J46', 'J47', 'J48', 'J49', 'J50', 'J51', 'J52', 'J53', 'J54', 'J55', 'J56', 'J57', 'J58', 'J59', 'J60', 'J61', 'J62', 'J63', 'J64', 'J65', 'J66', 'J67', 'J68', 'J69', 'J70', 'J71', 'J72', 'J73', 'J74', 'J75', 'J76', 'J77', 'J78', 'J79', 'J80', 'J81', 'J82', 'J83', 'J84', 'J85', 'J86', 'J87', 'J88', 'J89', 'J90', 'J91', 'J92', 'J93', 'J94', 'J95', 'J96', 'J97', 'J98', 'J99', 'J100', 'J101', 'J102', 'J103', 'J104', 'J105', 'J106', 'J107', 'J108', 'J109', 'J110', 'J111', 'J112', 'J113', 'J114', 'J115', 'J116', 'J117', 'J118', 'J119', 'J120', 'J121', 'J122', 'J123', 'J124', 'J125', 'J126', 'J127', 'J128', 'J129', 'J130', 'J131', 'J132', 'J133', 'J134', 'J135', 'J136', 'J137', 'J138', 'J139', 'J140', 'J141', 'J142', 'J143', 'J144', 'J145', 'J146', 'J147', 'J148', 'J149', 'J150', 'J151', 'J152', 'J153', 'J154', 'J155', 'J156', 'J157', 'J158', 'J159', 'J160', 'J161', 'J162', 'J163', 'J164', 'J165', 'J166', 'J167', 'J168', 'J169', 'J170', 'J171', 'J172', 'J173', 'J174', 'J175', 'J176', 'J177', 'J178', 'J179', 'J180', 'J181', 'J182', 'J183', 'J184', 'J185', 'J186', 'J187', 'J188', 'J189', 'J190', 'J191', 'J192', 'J193', 'J194', 'J195', 'J196', 'J197', 'J198', 'J199', 'J200', 'J201', 'J202', 'J203', 'J204', 'J205', 'J206', 'J207', 'J208', 'J209', 'J210', 'J211', 'J212', 'J213', 'J214', 'J215', 'J216', 'J217', 'J218', 'J219', 'J220', 'J221', 'J222', 'J223', 'J224', 'J225', 'J226', 'J227', 'J228', 'J229', 'J230', 'J231', 'J232', 'J233', 'J234', 'J235', 'J236', 'J237', 'J238', 'J239', 'J240', 'J241', 'J242', 'J243', 'J244', 'J245', 'J246', 'J247', 'J248', 'J249', 'J250', 'J251', 'J252', 'J253', 'J254', 'J255', 'J256', 'J257', 'J258', 'J259', 'J260', 'J261', 'J262', 'J263', 'J264', 'J265', 'J266', 'J267', 'J268', 'J269', 'J270', 'J271', 'J272', 'J273', 'J274', 'J275', 'J276', 'J277', 'J278', 'J279', 'J280', 'J281', 'J282', 'J283', 'J284', 'J285', 'J286', 'J287', 'J288', 'J289', 'J290', 'J291', 'J292', 'J293', 'J294', 'J295', 'J296', 'J297', 'J298', 'J299', 'J300']
- Machine states:
  - Machine M1: Time=1126.00, Idle=0.00, Material=E-Bike_Steuerrohr_ausgerieben
  - Machine M2: Time=971.00, Idle=155.00, Material=Racebike_Steuerrohr_montiert
  - Machine M3: Time=1033.00, Idle=93.00, Material=Mountainbike_Bremsaufnahme_gebohrt
==================================================

2025-06-06 14:14:14,806 - JSPGymEnvironment - INFO - Material change on machine M3: Mountainbike_Bremsaufnahme_gebohrt -> Racebike_Rahmen_nachbearbeitet, setup time: 14
2025-06-06 14:14:14,807 - JSPGymEnvironment - INFO - Executed operation: Job J107, Op 1, Machine M3, Start: 1140, End: 1167, Setup: 14
2025-06-06 14:14:14,808 - JSPGymEnvironment - INFO - 
===== REWARD DETAILS FOR STEP 20 =====
Job: J107, Operation: 1, Job Completed: False
Current Time: 1126.00 -> 1167.00, Setup Time: 14.00
Processing Time: 27.00, Idle Time: 0.00
Completed Jobs: 0/300
Machine: M3, Material: Racebike_Rahmen_nachbearbeitet

REWARD COMPONENTS:
- makespan_reward: -0.2050
- setup_reward: -3.5000
- deadline_reward: 0.0000
- priority_reward: 0.0000
- critical_job_reward: 0.5000
- placement_reward: 0.0000
- timeliness_reward: 9.2420
- machine_idle_penalty: -2.9625

TOTAL REWARD: 3.0745

CUMULATIVE REWARD COMPONENTS:
- makespan_reward: -5.8350
- setup_reward: -116.0000
- deadline_reward: 0.0000
- priority_reward: 0.0000
- critical_job_reward: 5.0000
- placement_reward: 0.0000
- timeliness_reward: 185.4157
- machine_idle_penalty: -49.8375

CUMULATIVE TOTAL: 18.7432

CRITICAL STATE INFO:
- Valid actions: ['J1', 'J2', 'J3', 'J4', 'J5', 'J6', 'J7', 'J8', 'J9', 'J10', 'J11', 'J12', 'J13', 'J14', 'J15', 'J16', 'J17', 'J18', 'J19', 'J20', 'J21', 'J22', 'J23', 'J24', 'J25', 'J26', 'J27', 'J28', 'J29', 'J30', 'J31', 'J32', 'J33', 'J34', 'J35', 'J36', 'J37', 'J38', 'J39', 'J40', 'J41', 'J42', 'J43', 'J44', 'J45', 'J46', 'J47', 'J48', 'J49', 'J50', 'J51', 'J52', 'J53', 'J54', 'J55', 'J56', 'J57', 'J58', 'J59', 'J60', 'J61', 'J62', 'J63', 'J64', 'J65', 'J66', 'J67', 'J68', 'J69', 'J70', 'J71', 'J72', 'J73', 'J74', 'J75', 'J76', 'J77', 'J78', 'J79', 'J80', 'J81', 'J82', 'J83', 'J84', 'J85', 'J86', 'J87', 'J88', 'J89', 'J90', 'J91', 'J92', 'J93', 'J94', 'J95', 'J96', 'J97', 'J98', 'J99', 'J100', 'J101', 'J102', 'J103', 'J104', 'J105', 'J106', 'J107', 'J108', 'J109', 'J110', 'J111', 'J112', 'J113', 'J114', 'J115', 'J116', 'J117', 'J118', 'J119', 'J120', 'J121', 'J122', 'J123', 'J124', 'J125', 'J126', 'J127', 'J128', 'J129', 'J130', 'J131', 'J132', 'J133', 'J134', 'J135', 'J136', 'J137', 'J138', 'J139', 'J140', 'J141', 'J142', 'J143', 'J144', 'J145', 'J146', 'J147', 'J148', 'J149', 'J150', 'J151', 'J152', 'J153', 'J154', 'J155', 'J156', 'J157', 'J158', 'J159', 'J160', 'J161', 'J162', 'J163', 'J164', 'J165', 'J166', 'J167', 'J168', 'J169', 'J170', 'J171', 'J172', 'J173', 'J174', 'J175', 'J176', 'J177', 'J178', 'J179', 'J180', 'J181', 'J182', 'J183', 'J184', 'J185', 'J186', 'J187', 'J188', 'J189', 'J190', 'J191', 'J192', 'J193', 'J194', 'J195', 'J196', 'J197', 'J198', 'J199', 'J200', 'J201', 'J202', 'J203', 'J204', 'J205', 'J206', 'J207', 'J208', 'J209', 'J210', 'J211', 'J212', 'J213', 'J214', 'J215', 'J216', 'J217', 'J218', 'J219', 'J220', 'J221', 'J222', 'J223', 'J224', 'J225', 'J226', 'J227', 'J228', 'J229', 'J230', 'J231', 'J232', 'J233', 'J234', 'J235', 'J236', 'J237', 'J238', 'J239', 'J240', 'J241', 'J242', 'J243', 'J244', 'J245', 'J246', 'J247', 'J248', 'J249', 'J250', 'J251', 'J252', 'J253', 'J254', 'J255', 'J256', 'J257', 'J258', 'J259', 'J260', 'J261', 'J262', 'J263', 'J264', 'J265', 'J266', 'J267', 'J268', 'J269', 'J270', 'J271', 'J272', 'J273', 'J274', 'J275', 'J276', 'J277', 'J278', 'J279', 'J280', 'J281', 'J282', 'J283', 'J284', 'J285', 'J286', 'J287', 'J288', 'J289', 'J290', 'J291', 'J292', 'J293', 'J294', 'J295', 'J296', 'J297', 'J298', 'J299', 'J300']
- Machine states:
  - Machine M1: Time=1126.00, Idle=41.00, Material=E-Bike_Steuerrohr_ausgerieben
  - Machine M2: Time=971.00, Idle=196.00, Material=Racebike_Steuerrohr_montiert
  - Machine M3: Time=1167.00, Idle=0.00, Material=Racebike_Rahmen_nachbearbeitet
==================================================

2025-06-06 14:14:26,838 - JSPGymEnvironment - INFO - Material change on machine M2: Racebike_Steuerrohr_montiert -> Racebike_Fahrrad_endmontiert, setup time: 20
2025-06-06 14:14:26,838 - JSPGymEnvironment - INFO - Executed operation: Job J266, Op 0, Machine M2, Start: 1187, End: 1207, Setup: 20
2025-06-06 14:14:26,839 - JSPGymEnvironment - INFO - 
===== REWARD DETAILS FOR STEP 21 =====
Job: J266, Operation: 0, Job Completed: False
Current Time: 1167.00 -> 1207.00, Setup Time: 20.00
Processing Time: 20.00, Idle Time: 0.00
Completed Jobs: 0/300
Machine: M2, Material: Racebike_Fahrrad_endmontiert

REWARD COMPONENTS:
- makespan_reward: -0.2000
- setup_reward: -5.0000
- deadline_reward: 0.0000
- priority_reward: 0.0000
- critical_job_reward: 0.0000
- placement_reward: 0.0000
- timeliness_reward: 9.2121
- machine_idle_penalty: -1.5125

TOTAL REWARD: 2.4996

CUMULATIVE REWARD COMPONENTS:
- makespan_reward: -6.0350
- setup_reward: -121.0000
- deadline_reward: 0.0000
- priority_reward: 0.0000
- critical_job_reward: 5.0000
- placement_reward: 0.0000
- timeliness_reward: 194.6278
- machine_idle_penalty: -51.3500

CUMULATIVE TOTAL: 21.2428

CRITICAL STATE INFO:
- Valid actions: ['J1', 'J2', 'J3', 'J4', 'J5', 'J6', 'J7', 'J8', 'J9', 'J10', 'J11', 'J12', 'J13', 'J14', 'J15', 'J16', 'J17', 'J18', 'J19', 'J20', 'J21', 'J22', 'J23', 'J24', 'J25', 'J26', 'J27', 'J28', 'J29', 'J30', 'J31', 'J32', 'J33', 'J34', 'J35', 'J36', 'J37', 'J38', 'J39', 'J40', 'J41', 'J42', 'J43', 'J44', 'J45', 'J46', 'J47', 'J48', 'J49', 'J50', 'J51', 'J52', 'J53', 'J54', 'J55', 'J56', 'J57', 'J58', 'J59', 'J60', 'J61', 'J62', 'J63', 'J64', 'J65', 'J66', 'J67', 'J68', 'J69', 'J70', 'J71', 'J72', 'J73', 'J74', 'J75', 'J76', 'J77', 'J78', 'J79', 'J80', 'J81', 'J82', 'J83', 'J84', 'J85', 'J86', 'J87', 'J88', 'J89', 'J90', 'J91', 'J92', 'J93', 'J94', 'J95', 'J96', 'J97', 'J98', 'J99', 'J100', 'J101', 'J102', 'J103', 'J104', 'J105', 'J106', 'J107', 'J108', 'J109', 'J110', 'J111', 'J112', 'J113', 'J114', 'J115', 'J116', 'J117', 'J118', 'J119', 'J120', 'J121', 'J122', 'J123', 'J124', 'J125', 'J126', 'J127', 'J128', 'J129', 'J130', 'J131', 'J132', 'J133', 'J134', 'J135', 'J136', 'J137', 'J138', 'J139', 'J140', 'J141', 'J142', 'J143', 'J144', 'J145', 'J146', 'J147', 'J148', 'J149', 'J150', 'J151', 'J152', 'J153', 'J154', 'J155', 'J156', 'J157', 'J158', 'J159', 'J160', 'J161', 'J162', 'J163', 'J164', 'J165', 'J166', 'J167', 'J168', 'J169', 'J170', 'J171', 'J172', 'J173', 'J174', 'J175', 'J176', 'J177', 'J178', 'J179', 'J180', 'J181', 'J182', 'J183', 'J184', 'J185', 'J186', 'J187', 'J188', 'J189', 'J190', 'J191', 'J192', 'J193', 'J194', 'J195', 'J196', 'J197', 'J198', 'J199', 'J200', 'J201', 'J202', 'J203', 'J204', 'J205', 'J206', 'J207', 'J208', 'J209', 'J210', 'J211', 'J212', 'J213', 'J214', 'J215', 'J216', 'J217', 'J218', 'J219', 'J220', 'J221', 'J222', 'J223', 'J224', 'J225', 'J226', 'J227', 'J228', 'J229', 'J230', 'J231', 'J232', 'J233', 'J234', 'J235', 'J236', 'J237', 'J238', 'J239', 'J240', 'J241', 'J242', 'J243', 'J244', 'J245', 'J246', 'J247', 'J248', 'J249', 'J250', 'J251', 'J252', 'J253', 'J254', 'J255', 'J256', 'J257', 'J258', 'J259', 'J260', 'J261', 'J262', 'J263', 'J264', 'J265', 'J266', 'J267', 'J268', 'J269', 'J270', 'J271', 'J272', 'J273', 'J274', 'J275', 'J276', 'J277', 'J278', 'J279', 'J280', 'J281', 'J282', 'J283', 'J284', 'J285', 'J286', 'J287', 'J288', 'J289', 'J290', 'J291', 'J292', 'J293', 'J294', 'J295', 'J296', 'J297', 'J298', 'J299', 'J300']
- Machine states:
  - Machine M1: Time=1126.00, Idle=81.00, Material=E-Bike_Steuerrohr_ausgerieben
  - Machine M2: Time=1207.00, Idle=0.00, Material=Racebike_Fahrrad_endmontiert
  - Machine M3: Time=1167.00, Idle=40.00, Material=Racebike_Rahmen_nachbearbeitet
==================================================

2025-06-06 14:14:38,552 - JSPGymEnvironment - INFO - Material change on machine M1: E-Bike_Steuerrohr_ausgerieben -> E-Bike_Antrieb_installiert, setup time: 40
2025-06-06 14:14:38,552 - JSPGymEnvironment - INFO - Executed operation: Job J7, Op 0, Machine M1, Start: 1247, End: 1270, Setup: 40
2025-06-06 14:14:38,553 - JSPGymEnvironment - INFO - 
===== REWARD DETAILS FOR STEP 22 =====
Job: J7, Operation: 0, Job Completed: False
Current Time: 1207.00 -> 1270.00, Setup Time: 40.00
Processing Time: 23.00, Idle Time: 0.00
Completed Jobs: 0/300
Machine: M1, Material: E-Bike_Antrieb_installiert

REWARD COMPONENTS:
- makespan_reward: -0.3150
- setup_reward: -10.0000
- deadline_reward: 0.0000
- priority_reward: 0.0000
- critical_job_reward: 0.0000
- placement_reward: 0.0000
- timeliness_reward: 9.1950
- machine_idle_penalty: -2.0750

TOTAL REWARD: -3.1950

CUMULATIVE REWARD COMPONENTS:
- makespan_reward: -6.3500
- setup_reward: -131.0000
- deadline_reward: 0.0000
- priority_reward: 0.0000
- critical_job_reward: 5.0000
- placement_reward: 0.0000
- timeliness_reward: 203.8228
- machine_idle_penalty: -53.4250

CUMULATIVE TOTAL: 18.0478

CRITICAL STATE INFO:
- Valid actions: ['J1', 'J2', 'J3', 'J4', 'J5', 'J6', 'J7', 'J8', 'J9', 'J10', 'J11', 'J12', 'J13', 'J14', 'J15', 'J16', 'J17', 'J18', 'J19', 'J20', 'J21', 'J22', 'J23', 'J24', 'J25', 'J26', 'J27', 'J28', 'J29', 'J30', 'J31', 'J32', 'J33', 'J34', 'J35', 'J36', 'J37', 'J38', 'J39', 'J40', 'J41', 'J42', 'J43', 'J44', 'J45', 'J46', 'J47', 'J48', 'J49', 'J50', 'J51', 'J52', 'J53', 'J54', 'J55', 'J56', 'J57', 'J58', 'J59', 'J60', 'J61', 'J62', 'J63', 'J64', 'J65', 'J66', 'J67', 'J68', 'J69', 'J70', 'J71', 'J72', 'J73', 'J74', 'J75', 'J76', 'J77', 'J78', 'J79', 'J80', 'J81', 'J82', 'J83', 'J84', 'J85', 'J86', 'J87', 'J88', 'J89', 'J90', 'J91', 'J92', 'J93', 'J94', 'J95', 'J96', 'J97', 'J98', 'J99', 'J100', 'J101', 'J102', 'J103', 'J104', 'J105', 'J106', 'J107', 'J108', 'J109', 'J110', 'J111', 'J112', 'J113', 'J114', 'J115', 'J116', 'J117', 'J118', 'J119', 'J120', 'J121', 'J122', 'J123', 'J124', 'J125', 'J126', 'J127', 'J128', 'J129', 'J130', 'J131', 'J132', 'J133', 'J134', 'J135', 'J136', 'J137', 'J138', 'J139', 'J140', 'J141', 'J142', 'J143', 'J144', 'J145', 'J146', 'J147', 'J148', 'J149', 'J150', 'J151', 'J152', 'J153', 'J154', 'J155', 'J156', 'J157', 'J158', 'J159', 'J160', 'J161', 'J162', 'J163', 'J164', 'J165', 'J166', 'J167', 'J168', 'J169', 'J170', 'J171', 'J172', 'J173', 'J174', 'J175', 'J176', 'J177', 'J178', 'J179', 'J180', 'J181', 'J182', 'J183', 'J184', 'J185', 'J186', 'J187', 'J188', 'J189', 'J190', 'J191', 'J192', 'J193', 'J194', 'J195', 'J196', 'J197', 'J198', 'J199', 'J200', 'J201', 'J202', 'J203', 'J204', 'J205', 'J206', 'J207', 'J208', 'J209', 'J210', 'J211', 'J212', 'J213', 'J214', 'J215', 'J216', 'J217', 'J218', 'J219', 'J220', 'J221', 'J222', 'J223', 'J224', 'J225', 'J226', 'J227', 'J228', 'J229', 'J230', 'J231', 'J232', 'J233', 'J234', 'J235', 'J236', 'J237', 'J238', 'J239', 'J240', 'J241', 'J242', 'J243', 'J244', 'J245', 'J246', 'J247', 'J248', 'J249', 'J250', 'J251', 'J252', 'J253', 'J254', 'J255', 'J256', 'J257', 'J258', 'J259', 'J260', 'J261', 'J262', 'J263', 'J264', 'J265', 'J266', 'J267', 'J268', 'J269', 'J270', 'J271', 'J272', 'J273', 'J274', 'J275', 'J276', 'J277', 'J278', 'J279', 'J280', 'J281', 'J282', 'J283', 'J284', 'J285', 'J286', 'J287', 'J288', 'J289', 'J290', 'J291', 'J292', 'J293', 'J294', 'J295', 'J296', 'J297', 'J298', 'J299', 'J300']
- Machine states:
  - Machine M1: Time=1270.00, Idle=0.00, Material=E-Bike_Antrieb_installiert
  - Machine M2: Time=1207.00, Idle=63.00, Material=Racebike_Fahrrad_endmontiert
  - Machine M3: Time=1167.00, Idle=103.00, Material=Racebike_Rahmen_nachbearbeitet
==================================================

2025-06-06 14:14:50,732 - JSPGymEnvironment - INFO - Material change on machine M2: Racebike_Fahrrad_endmontiert -> E-Bike_Steuerrohr_ausgerieben, setup time: 24
2025-06-06 14:14:50,732 - JSPGymEnvironment - INFO - Executed operation: Job J75, Op 0, Machine M2, Start: 1294, End: 1316, Setup: 24
2025-06-06 14:14:50,733 - JSPGymEnvironment - INFO - 
===== REWARD DETAILS FOR STEP 23 =====
Job: J75, Operation: 0, Job Completed: False
Current Time: 1270.00 -> 1316.00, Setup Time: 24.00
Processing Time: 22.00, Idle Time: 0.00
Completed Jobs: 0/300
Machine: M2, Material: E-Bike_Steuerrohr_ausgerieben

REWARD COMPONENTS:
- makespan_reward: -0.2300
- setup_reward: -6.0000
- deadline_reward: 0.0000
- priority_reward: 0.0000
- critical_job_reward: 0.5000
- placement_reward: 0.0000
- timeliness_reward: 9.1355
- machine_idle_penalty: -2.4375

TOTAL REWARD: 0.9680

CUMULATIVE REWARD COMPONENTS:
- makespan_reward: -6.5800
- setup_reward: -137.0000
- deadline_reward: 0.0000
- priority_reward: 0.0000
- critical_job_reward: 5.5000
- placement_reward: 0.0000
- timeliness_reward: 212.9583
- machine_idle_penalty: -55.8625

CUMULATIVE TOTAL: 19.0158

CRITICAL STATE INFO:
- Valid actions: ['J1', 'J2', 'J3', 'J4', 'J5', 'J6', 'J7', 'J8', 'J9', 'J10', 'J11', 'J12', 'J13', 'J14', 'J15', 'J16', 'J17', 'J18', 'J19', 'J20', 'J21', 'J22', 'J23', 'J24', 'J25', 'J26', 'J27', 'J28', 'J29', 'J30', 'J31', 'J32', 'J33', 'J34', 'J35', 'J36', 'J37', 'J38', 'J39', 'J40', 'J41', 'J42', 'J43', 'J44', 'J45', 'J46', 'J47', 'J48', 'J49', 'J50', 'J51', 'J52', 'J53', 'J54', 'J55', 'J56', 'J57', 'J58', 'J59', 'J60', 'J61', 'J62', 'J63', 'J64', 'J65', 'J66', 'J67', 'J68', 'J69', 'J70', 'J71', 'J72', 'J73', 'J74', 'J75', 'J76', 'J77', 'J78', 'J79', 'J80', 'J81', 'J82', 'J83', 'J84', 'J85', 'J86', 'J87', 'J88', 'J89', 'J90', 'J91', 'J92', 'J93', 'J94', 'J95', 'J96', 'J97', 'J98', 'J99', 'J100', 'J101', 'J102', 'J103', 'J104', 'J105', 'J106', 'J107', 'J108', 'J109', 'J110', 'J111', 'J112', 'J113', 'J114', 'J115', 'J116', 'J117', 'J118', 'J119', 'J120', 'J121', 'J122', 'J123', 'J124', 'J125', 'J126', 'J127', 'J128', 'J129', 'J130', 'J131', 'J132', 'J133', 'J134', 'J135', 'J136', 'J137', 'J138', 'J139', 'J140', 'J141', 'J142', 'J143', 'J144', 'J145', 'J146', 'J147', 'J148', 'J149', 'J150', 'J151', 'J152', 'J153', 'J154', 'J155', 'J156', 'J157', 'J158', 'J159', 'J160', 'J161', 'J162', 'J163', 'J164', 'J165', 'J166', 'J167', 'J168', 'J169', 'J170', 'J171', 'J172', 'J173', 'J174', 'J175', 'J176', 'J177', 'J178', 'J179', 'J180', 'J181', 'J182', 'J183', 'J184', 'J185', 'J186', 'J187', 'J188', 'J189', 'J190', 'J191', 'J192', 'J193', 'J194', 'J195', 'J196', 'J197', 'J198', 'J199', 'J200', 'J201', 'J202', 'J203', 'J204', 'J205', 'J206', 'J207', 'J208', 'J209', 'J210', 'J211', 'J212', 'J213', 'J214', 'J215', 'J216', 'J217', 'J218', 'J219', 'J220', 'J221', 'J222', 'J223', 'J224', 'J225', 'J226', 'J227', 'J228', 'J229', 'J230', 'J231', 'J232', 'J233', 'J234', 'J235', 'J236', 'J237', 'J238', 'J239', 'J240', 'J241', 'J242', 'J243', 'J244', 'J245', 'J246', 'J247', 'J248', 'J249', 'J250', 'J251', 'J252', 'J253', 'J254', 'J255', 'J256', 'J257', 'J258', 'J259', 'J260', 'J261', 'J262', 'J263', 'J264', 'J265', 'J266', 'J267', 'J268', 'J269', 'J270', 'J271', 'J272', 'J273', 'J274', 'J275', 'J276', 'J277', 'J278', 'J279', 'J280', 'J281', 'J282', 'J283', 'J284', 'J285', 'J286', 'J287', 'J288', 'J289', 'J290', 'J291', 'J292', 'J293', 'J294', 'J295', 'J296', 'J297', 'J298', 'J299', 'J300']
- Machine states:
  - Machine M1: Time=1270.00, Idle=46.00, Material=E-Bike_Antrieb_installiert
  - Machine M2: Time=1316.00, Idle=0.00, Material=E-Bike_Steuerrohr_ausgerieben
  - Machine M3: Time=1167.00, Idle=149.00, Material=Racebike_Rahmen_nachbearbeitet
==================================================

2025-06-06 14:15:02,458 - JSPGymEnvironment - INFO - Material change on machine M1: E-Bike_Antrieb_installiert -> Citybike_Rahmen_nachbearbeitet, setup time: 55
2025-06-06 14:15:02,458 - JSPGymEnvironment - INFO - Executed operation: Job J48, Op 0, Machine M1, Start: 1371, End: 1393, Setup: 55
2025-06-06 14:15:02,460 - JSPGymEnvironment - INFO - 
===== REWARD DETAILS FOR STEP 24 =====
Job: J48, Operation: 0, Job Completed: False
Current Time: 1316.00 -> 1393.00, Setup Time: 55.00
Processing Time: 22.00, Idle Time: 0.00
Completed Jobs: 0/300
Machine: M1, Material: Citybike_Rahmen_nachbearbeitet

REWARD COMPONENTS:
- makespan_reward: -0.3850
- setup_reward: -13.7500
- deadline_reward: 0.0000
- priority_reward: 0.0000
- critical_job_reward: 0.0000
- placement_reward: 0.0000
- timeliness_reward: 9.0879
- machine_idle_penalty: -3.7875

TOTAL REWARD: -8.8346

CUMULATIVE REWARD COMPONENTS:
- makespan_reward: -6.9650
- setup_reward: -150.7500
- deadline_reward: 0.0000
- priority_reward: 0.0000
- critical_job_reward: 5.5000
- placement_reward: 0.0000
- timeliness_reward: 222.0462
- machine_idle_penalty: -59.6500

CUMULATIVE TOTAL: 10.1812

CRITICAL STATE INFO:
- Valid actions: ['J1', 'J2', 'J3', 'J4', 'J5', 'J6', 'J7', 'J8', 'J9', 'J10', 'J11', 'J12', 'J13', 'J14', 'J15', 'J16', 'J17', 'J18', 'J19', 'J20', 'J21', 'J22', 'J23', 'J24', 'J25', 'J26', 'J27', 'J28', 'J29', 'J30', 'J31', 'J32', 'J33', 'J34', 'J35', 'J36', 'J37', 'J38', 'J39', 'J40', 'J41', 'J42', 'J43', 'J44', 'J45', 'J46', 'J47', 'J48', 'J49', 'J50', 'J51', 'J52', 'J53', 'J54', 'J55', 'J56', 'J57', 'J58', 'J59', 'J60', 'J61', 'J62', 'J63', 'J64', 'J65', 'J66', 'J67', 'J68', 'J69', 'J70', 'J71', 'J72', 'J73', 'J74', 'J75', 'J76', 'J77', 'J78', 'J79', 'J80', 'J81', 'J82', 'J83', 'J84', 'J85', 'J86', 'J87', 'J88', 'J89', 'J90', 'J91', 'J92', 'J93', 'J94', 'J95', 'J96', 'J97', 'J98', 'J99', 'J100', 'J101', 'J102', 'J103', 'J104', 'J105', 'J106', 'J107', 'J108', 'J109', 'J110', 'J111', 'J112', 'J113', 'J114', 'J115', 'J116', 'J117', 'J118', 'J119', 'J120', 'J121', 'J122', 'J123', 'J124', 'J125', 'J126', 'J127', 'J128', 'J129', 'J130', 'J131', 'J132', 'J133', 'J134', 'J135', 'J136', 'J137', 'J138', 'J139', 'J140', 'J141', 'J142', 'J143', 'J144', 'J145', 'J146', 'J147', 'J148', 'J149', 'J150', 'J151', 'J152', 'J153', 'J154', 'J155', 'J156', 'J157', 'J158', 'J159', 'J160', 'J161', 'J162', 'J163', 'J164', 'J165', 'J166', 'J167', 'J168', 'J169', 'J170', 'J171', 'J172', 'J173', 'J174', 'J175', 'J176', 'J177', 'J178', 'J179', 'J180', 'J181', 'J182', 'J183', 'J184', 'J185', 'J186', 'J187', 'J188', 'J189', 'J190', 'J191', 'J192', 'J193', 'J194', 'J195', 'J196', 'J197', 'J198', 'J199', 'J200', 'J201', 'J202', 'J203', 'J204', 'J205', 'J206', 'J207', 'J208', 'J209', 'J210', 'J211', 'J212', 'J213', 'J214', 'J215', 'J216', 'J217', 'J218', 'J219', 'J220', 'J221', 'J222', 'J223', 'J224', 'J225', 'J226', 'J227', 'J228', 'J229', 'J230', 'J231', 'J232', 'J233', 'J234', 'J235', 'J236', 'J237', 'J238', 'J239', 'J240', 'J241', 'J242', 'J243', 'J244', 'J245', 'J246', 'J247', 'J248', 'J249', 'J250', 'J251', 'J252', 'J253', 'J254', 'J255', 'J256', 'J257', 'J258', 'J259', 'J260', 'J261', 'J262', 'J263', 'J264', 'J265', 'J266', 'J267', 'J268', 'J269', 'J270', 'J271', 'J272', 'J273', 'J274', 'J275', 'J276', 'J277', 'J278', 'J279', 'J280', 'J281', 'J282', 'J283', 'J284', 'J285', 'J286', 'J287', 'J288', 'J289', 'J290', 'J291', 'J292', 'J293', 'J294', 'J295', 'J296', 'J297', 'J298', 'J299', 'J300']
- Machine states:
  - Machine M1: Time=1393.00, Idle=0.00, Material=Citybike_Rahmen_nachbearbeitet
  - Machine M2: Time=1316.00, Idle=77.00, Material=E-Bike_Steuerrohr_ausgerieben
  - Machine M3: Time=1167.00, Idle=226.00, Material=Racebike_Rahmen_nachbearbeitet
==================================================

2025-06-06 14:15:14,991 - JSPGymEnvironment - INFO - Material change on machine M2: E-Bike_Steuerrohr_ausgerieben -> E-Bike_Rahmen_lackiert, setup time: 20
2025-06-06 14:15:14,991 - JSPGymEnvironment - INFO - Executed operation: Job J181, Op 0, Machine M2, Start: 1413, End: 1434, Setup: 20
2025-06-06 14:15:14,993 - JSPGymEnvironment - INFO - 
===== REWARD DETAILS FOR STEP 25 =====
Job: J181, Operation: 0, Job Completed: False
Current Time: 1393.00 -> 1434.00, Setup Time: 20.00
Processing Time: 21.00, Idle Time: 0.00
Completed Jobs: 0/300
Machine: M2, Material: E-Bike_Rahmen_lackiert

REWARD COMPONENTS:
- makespan_reward: -0.2050
- setup_reward: -5.0000
- deadline_reward: 0.0000
- priority_reward: 0.0000
- critical_job_reward: 0.5000
- placement_reward: 0.0000
- timeliness_reward: 9.0200
- machine_idle_penalty: -3.8500

TOTAL REWARD: 0.4650

CUMULATIVE REWARD COMPONENTS:
- makespan_reward: -7.1700
- setup_reward: -155.7500
- deadline_reward: 0.0000
- priority_reward: 0.0000
- critical_job_reward: 6.0000
- placement_reward: 0.0000
- timeliness_reward: 231.0662
- machine_idle_penalty: -63.5000

CUMULATIVE TOTAL: 10.6462

CRITICAL STATE INFO:
- Valid actions: ['J1', 'J2', 'J3', 'J4', 'J5', 'J6', 'J7', 'J8', 'J9', 'J10', 'J11', 'J12', 'J13', 'J14', 'J15', 'J16', 'J17', 'J18', 'J19', 'J20', 'J21', 'J22', 'J23', 'J24', 'J25', 'J26', 'J27', 'J28', 'J29', 'J30', 'J31', 'J32', 'J33', 'J34', 'J35', 'J36', 'J37', 'J38', 'J39', 'J40', 'J41', 'J42', 'J43', 'J44', 'J45', 'J46', 'J47', 'J48', 'J49', 'J50', 'J51', 'J52', 'J53', 'J54', 'J55', 'J56', 'J57', 'J58', 'J59', 'J60', 'J61', 'J62', 'J63', 'J64', 'J65', 'J66', 'J67', 'J68', 'J69', 'J70', 'J71', 'J72', 'J73', 'J74', 'J75', 'J76', 'J77', 'J78', 'J79', 'J80', 'J81', 'J82', 'J83', 'J84', 'J85', 'J86', 'J87', 'J88', 'J89', 'J90', 'J91', 'J92', 'J93', 'J94', 'J95', 'J96', 'J97', 'J98', 'J99', 'J100', 'J101', 'J102', 'J103', 'J104', 'J105', 'J106', 'J107', 'J108', 'J109', 'J110', 'J111', 'J112', 'J113', 'J114', 'J115', 'J116', 'J117', 'J118', 'J119', 'J120', 'J121', 'J122', 'J123', 'J124', 'J125', 'J126', 'J127', 'J128', 'J129', 'J130', 'J131', 'J132', 'J133', 'J134', 'J135', 'J136', 'J137', 'J138', 'J139', 'J140', 'J141', 'J142', 'J143', 'J144', 'J145', 'J146', 'J147', 'J148', 'J149', 'J150', 'J151', 'J152', 'J153', 'J154', 'J155', 'J156', 'J157', 'J158', 'J159', 'J160', 'J161', 'J162', 'J163', 'J164', 'J165', 'J166', 'J167', 'J168', 'J169', 'J170', 'J171', 'J172', 'J173', 'J174', 'J175', 'J176', 'J177', 'J178', 'J179', 'J180', 'J181', 'J182', 'J183', 'J184', 'J185', 'J186', 'J187', 'J188', 'J189', 'J190', 'J191', 'J192', 'J193', 'J194', 'J195', 'J196', 'J197', 'J198', 'J199', 'J200', 'J201', 'J202', 'J203', 'J204', 'J205', 'J206', 'J207', 'J208', 'J209', 'J210', 'J211', 'J212', 'J213', 'J214', 'J215', 'J216', 'J217', 'J218', 'J219', 'J220', 'J221', 'J222', 'J223', 'J224', 'J225', 'J226', 'J227', 'J228', 'J229', 'J230', 'J231', 'J232', 'J233', 'J234', 'J235', 'J236', 'J237', 'J238', 'J239', 'J240', 'J241', 'J242', 'J243', 'J244', 'J245', 'J246', 'J247', 'J248', 'J249', 'J250', 'J251', 'J252', 'J253', 'J254', 'J255', 'J256', 'J257', 'J258', 'J259', 'J260', 'J261', 'J262', 'J263', 'J264', 'J265', 'J266', 'J267', 'J268', 'J269', 'J270', 'J271', 'J272', 'J273', 'J274', 'J275', 'J276', 'J277', 'J278', 'J279', 'J280', 'J281', 'J282', 'J283', 'J284', 'J285', 'J286', 'J287', 'J288', 'J289', 'J290', 'J291', 'J292', 'J293', 'J294', 'J295', 'J296', 'J297', 'J298', 'J299', 'J300']
- Machine states:
  - Machine M1: Time=1393.00, Idle=41.00, Material=Citybike_Rahmen_nachbearbeitet
  - Machine M2: Time=1434.00, Idle=0.00, Material=E-Bike_Rahmen_lackiert
  - Machine M3: Time=1167.00, Idle=267.00, Material=Racebike_Rahmen_nachbearbeitet
==================================================

2025-06-06 14:15:26,922 - JSPGymEnvironment - INFO - Material change on machine M2: E-Bike_Rahmen_lackiert -> Racebike_Fahrrad_endmontiert, setup time: 26
2025-06-06 14:15:26,922 - JSPGymEnvironment - INFO - Executed operation: Job J12, Op 0, Machine M2, Start: 1460, End: 1481, Setup: 26
2025-06-06 14:15:26,923 - JSPGymEnvironment - INFO - 
===== REWARD DETAILS FOR STEP 26 =====
Job: J12, Operation: 0, Job Completed: False
Current Time: 1434.00 -> 1481.00, Setup Time: 26.00
Processing Time: 21.00, Idle Time: 0.00
Completed Jobs: 0/300
Machine: M2, Material: Racebike_Fahrrad_endmontiert

REWARD COMPONENTS:
- makespan_reward: -0.2350
- setup_reward: -6.5000
- deadline_reward: 0.0000
- priority_reward: 0.0000
- critical_job_reward: 0.5000
- placement_reward: 0.0000
- timeliness_reward: 8.9928
- machine_idle_penalty: -5.0250

TOTAL REWARD: -2.2672

CUMULATIVE REWARD COMPONENTS:
- makespan_reward: -7.4050
- setup_reward: -162.2500
- deadline_reward: 0.0000
- priority_reward: 0.0000
- critical_job_reward: 6.5000
- placement_reward: 0.0000
- timeliness_reward: 240.0590
- machine_idle_penalty: -68.5250

CUMULATIVE TOTAL: 8.3790

CRITICAL STATE INFO:
- Valid actions: ['J1', 'J2', 'J3', 'J4', 'J5', 'J6', 'J7', 'J8', 'J9', 'J10', 'J11', 'J12', 'J13', 'J14', 'J15', 'J16', 'J17', 'J18', 'J19', 'J20', 'J21', 'J22', 'J23', 'J24', 'J25', 'J26', 'J27', 'J28', 'J29', 'J30', 'J31', 'J32', 'J33', 'J34', 'J35', 'J36', 'J37', 'J38', 'J39', 'J40', 'J41', 'J42', 'J43', 'J44', 'J45', 'J46', 'J47', 'J48', 'J49', 'J50', 'J51', 'J52', 'J53', 'J54', 'J55', 'J56', 'J57', 'J58', 'J59', 'J60', 'J61', 'J62', 'J63', 'J64', 'J65', 'J66', 'J67', 'J68', 'J69', 'J70', 'J71', 'J72', 'J73', 'J74', 'J75', 'J76', 'J77', 'J78', 'J79', 'J80', 'J81', 'J82', 'J83', 'J84', 'J85', 'J86', 'J87', 'J88', 'J89', 'J90', 'J91', 'J92', 'J93', 'J94', 'J95', 'J96', 'J97', 'J98', 'J99', 'J100', 'J101', 'J102', 'J103', 'J104', 'J105', 'J106', 'J107', 'J108', 'J109', 'J110', 'J111', 'J112', 'J113', 'J114', 'J115', 'J116', 'J117', 'J118', 'J119', 'J120', 'J121', 'J122', 'J123', 'J124', 'J125', 'J126', 'J127', 'J128', 'J129', 'J130', 'J131', 'J132', 'J133', 'J134', 'J135', 'J136', 'J137', 'J138', 'J139', 'J140', 'J141', 'J142', 'J143', 'J144', 'J145', 'J146', 'J147', 'J148', 'J149', 'J150', 'J151', 'J152', 'J153', 'J154', 'J155', 'J156', 'J157', 'J158', 'J159', 'J160', 'J161', 'J162', 'J163', 'J164', 'J165', 'J166', 'J167', 'J168', 'J169', 'J170', 'J171', 'J172', 'J173', 'J174', 'J175', 'J176', 'J177', 'J178', 'J179', 'J180', 'J181', 'J182', 'J183', 'J184', 'J185', 'J186', 'J187', 'J188', 'J189', 'J190', 'J191', 'J192', 'J193', 'J194', 'J195', 'J196', 'J197', 'J198', 'J199', 'J200', 'J201', 'J202', 'J203', 'J204', 'J205', 'J206', 'J207', 'J208', 'J209', 'J210', 'J211', 'J212', 'J213', 'J214', 'J215', 'J216', 'J217', 'J218', 'J219', 'J220', 'J221', 'J222', 'J223', 'J224', 'J225', 'J226', 'J227', 'J228', 'J229', 'J230', 'J231', 'J232', 'J233', 'J234', 'J235', 'J236', 'J237', 'J238', 'J239', 'J240', 'J241', 'J242', 'J243', 'J244', 'J245', 'J246', 'J247', 'J248', 'J249', 'J250', 'J251', 'J252', 'J253', 'J254', 'J255', 'J256', 'J257', 'J258', 'J259', 'J260', 'J261', 'J262', 'J263', 'J264', 'J265', 'J266', 'J267', 'J268', 'J269', 'J270', 'J271', 'J272', 'J273', 'J274', 'J275', 'J276', 'J277', 'J278', 'J279', 'J280', 'J281', 'J282', 'J283', 'J284', 'J285', 'J286', 'J287', 'J288', 'J289', 'J290', 'J291', 'J292', 'J293', 'J294', 'J295', 'J296', 'J297', 'J298', 'J299', 'J300']
- Machine states:
  - Machine M1: Time=1393.00, Idle=88.00, Material=Citybike_Rahmen_nachbearbeitet
  - Machine M2: Time=1481.00, Idle=0.00, Material=Racebike_Fahrrad_endmontiert
  - Machine M3: Time=1167.00, Idle=314.00, Material=Racebike_Rahmen_nachbearbeitet
==================================================

2025-06-06 14:15:38,637 - JSPGymEnvironment - INFO - Material change on machine M1: Citybike_Rahmen_nachbearbeitet -> E-Bike_Hinterbau_vorbereitet, setup time: 49
2025-06-06 14:15:38,637 - JSPGymEnvironment - INFO - Executed operation: Job J90, Op 0, Machine M1, Start: 1530, End: 1566, Setup: 49
2025-06-06 14:15:38,638 - JSPGymEnvironment - INFO - 
===== REWARD DETAILS FOR STEP 27 =====
Job: J90, Operation: 0, Job Completed: False
Current Time: 1481.00 -> 1566.00, Setup Time: 49.00
Processing Time: 36.00, Idle Time: 0.00
Completed Jobs: 0/300
Machine: M1, Material: E-Bike_Hinterbau_vorbereitet

REWARD COMPONENTS:
- makespan_reward: -0.4250
- setup_reward: -12.2500
- deadline_reward: 0.0000
- priority_reward: 0.0000
- critical_job_reward: 0.5000
- placement_reward: 0.0000
- timeliness_reward: 8.8414
- machine_idle_penalty: -6.0500

TOTAL REWARD: -9.3836

CUMULATIVE REWARD COMPONENTS:
- makespan_reward: -7.8300
- setup_reward: -174.5000
- deadline_reward: 0.0000
- priority_reward: 0.0000
- critical_job_reward: 7.0000
- placement_reward: 0.0000
- timeliness_reward: 248.9004
- machine_idle_penalty: -74.5750

CUMULATIVE TOTAL: -1.0046

CRITICAL STATE INFO:
- Valid actions: ['J1', 'J2', 'J3', 'J4', 'J5', 'J6', 'J7', 'J8', 'J9', 'J10', 'J11', 'J12', 'J13', 'J14', 'J15', 'J16', 'J17', 'J18', 'J19', 'J20', 'J21', 'J22', 'J23', 'J24', 'J25', 'J26', 'J27', 'J28', 'J29', 'J30', 'J31', 'J32', 'J33', 'J34', 'J35', 'J36', 'J37', 'J38', 'J39', 'J40', 'J41', 'J42', 'J43', 'J44', 'J45', 'J46', 'J47', 'J48', 'J49', 'J50', 'J51', 'J52', 'J53', 'J54', 'J55', 'J56', 'J57', 'J58', 'J59', 'J60', 'J61', 'J62', 'J63', 'J64', 'J65', 'J66', 'J67', 'J68', 'J69', 'J70', 'J71', 'J72', 'J73', 'J74', 'J75', 'J76', 'J77', 'J78', 'J79', 'J80', 'J81', 'J82', 'J83', 'J84', 'J85', 'J86', 'J87', 'J88', 'J89', 'J90', 'J91', 'J92', 'J93', 'J94', 'J95', 'J96', 'J97', 'J98', 'J99', 'J100', 'J101', 'J102', 'J103', 'J104', 'J105', 'J106', 'J107', 'J108', 'J109', 'J110', 'J111', 'J112', 'J113', 'J114', 'J115', 'J116', 'J117', 'J118', 'J119', 'J120', 'J121', 'J122', 'J123', 'J124', 'J125', 'J126', 'J127', 'J128', 'J129', 'J130', 'J131', 'J132', 'J133', 'J134', 'J135', 'J136', 'J137', 'J138', 'J139', 'J140', 'J141', 'J142', 'J143', 'J144', 'J145', 'J146', 'J147', 'J148', 'J149', 'J150', 'J151', 'J152', 'J153', 'J154', 'J155', 'J156', 'J157', 'J158', 'J159', 'J160', 'J161', 'J162', 'J163', 'J164', 'J165', 'J166', 'J167', 'J168', 'J169', 'J170', 'J171', 'J172', 'J173', 'J174', 'J175', 'J176', 'J177', 'J178', 'J179', 'J180', 'J181', 'J182', 'J183', 'J184', 'J185', 'J186', 'J187', 'J188', 'J189', 'J190', 'J191', 'J192', 'J193', 'J194', 'J195', 'J196', 'J197', 'J198', 'J199', 'J200', 'J201', 'J202', 'J203', 'J204', 'J205', 'J206', 'J207', 'J208', 'J209', 'J210', 'J211', 'J212', 'J213', 'J214', 'J215', 'J216', 'J217', 'J218', 'J219', 'J220', 'J221', 'J222', 'J223', 'J224', 'J225', 'J226', 'J227', 'J228', 'J229', 'J230', 'J231', 'J232', 'J233', 'J234', 'J235', 'J236', 'J237', 'J238', 'J239', 'J240', 'J241', 'J242', 'J243', 'J244', 'J245', 'J246', 'J247', 'J248', 'J249', 'J250', 'J251', 'J252', 'J253', 'J254', 'J255', 'J256', 'J257', 'J258', 'J259', 'J260', 'J261', 'J262', 'J263', 'J264', 'J265', 'J266', 'J267', 'J268', 'J269', 'J270', 'J271', 'J272', 'J273', 'J274', 'J275', 'J276', 'J277', 'J278', 'J279', 'J280', 'J281', 'J282', 'J283', 'J284', 'J285', 'J286', 'J287', 'J288', 'J289', 'J290', 'J291', 'J292', 'J293', 'J294', 'J295', 'J296', 'J297', 'J298', 'J299', 'J300']
- Machine states:
  - Machine M1: Time=1566.00, Idle=0.00, Material=E-Bike_Hinterbau_vorbereitet
  - Machine M2: Time=1481.00, Idle=85.00, Material=Racebike_Fahrrad_endmontiert
  - Machine M3: Time=1167.00, Idle=399.00, Material=Racebike_Rahmen_nachbearbeitet
==================================================

2025-06-06 14:15:51,261 - JSPGymEnvironment - INFO - Material change on machine M3: Racebike_Rahmen_nachbearbeitet -> Racebike_Rahmen_komplettiert, setup time: 15
2025-06-06 14:15:51,261 - JSPGymEnvironment - INFO - Executed operation: Job J155, Op 0, Machine M3, Start: 1581, End: 1623, Setup: 15
2025-06-06 14:15:51,263 - JSPGymEnvironment - INFO - 
===== REWARD DETAILS FOR STEP 28 =====
Job: J155, Operation: 0, Job Completed: False
Current Time: 1566.00 -> 1623.00, Setup Time: 15.00
Processing Time: 42.00, Idle Time: 0.00
Completed Jobs: 0/300
Machine: M3, Material: Racebike_Rahmen_komplettiert

REWARD COMPONENTS:
- makespan_reward: -0.2850
- setup_reward: -3.7500
- deadline_reward: 0.0000
- priority_reward: 0.0000
- critical_job_reward: 0.5000
- placement_reward: 0.0000
- timeliness_reward: 8.7453
- machine_idle_penalty: -2.4875

TOTAL REWARD: 2.7228

CUMULATIVE REWARD COMPONENTS:
- makespan_reward: -8.1150
- setup_reward: -178.2500
- deadline_reward: 0.0000
- priority_reward: 0.0000
- critical_job_reward: 7.5000
- placement_reward: 0.0000
- timeliness_reward: 257.6457
- machine_idle_penalty: -77.0625

CUMULATIVE TOTAL: 1.7182

CRITICAL STATE INFO:
- Valid actions: ['J1', 'J2', 'J3', 'J4', 'J5', 'J6', 'J7', 'J8', 'J9', 'J10', 'J11', 'J12', 'J13', 'J14', 'J15', 'J16', 'J17', 'J18', 'J19', 'J20', 'J21', 'J22', 'J23', 'J24', 'J25', 'J26', 'J27', 'J28', 'J29', 'J30', 'J31', 'J32', 'J33', 'J34', 'J35', 'J36', 'J37', 'J38', 'J39', 'J40', 'J41', 'J42', 'J43', 'J44', 'J45', 'J46', 'J47', 'J48', 'J49', 'J50', 'J51', 'J52', 'J53', 'J54', 'J55', 'J56', 'J57', 'J58', 'J59', 'J60', 'J61', 'J62', 'J63', 'J64', 'J65', 'J66', 'J67', 'J68', 'J69', 'J70', 'J71', 'J72', 'J73', 'J74', 'J75', 'J76', 'J77', 'J78', 'J79', 'J80', 'J81', 'J82', 'J83', 'J84', 'J85', 'J86', 'J87', 'J88', 'J89', 'J90', 'J91', 'J92', 'J93', 'J94', 'J95', 'J96', 'J97', 'J98', 'J99', 'J100', 'J101', 'J102', 'J103', 'J104', 'J105', 'J106', 'J107', 'J108', 'J109', 'J110', 'J111', 'J112', 'J113', 'J114', 'J115', 'J116', 'J117', 'J118', 'J119', 'J120', 'J121', 'J122', 'J123', 'J124', 'J125', 'J126', 'J127', 'J128', 'J129', 'J130', 'J131', 'J132', 'J133', 'J134', 'J135', 'J136', 'J137', 'J138', 'J139', 'J140', 'J141', 'J142', 'J143', 'J144', 'J145', 'J146', 'J147', 'J148', 'J149', 'J150', 'J151', 'J152', 'J153', 'J154', 'J155', 'J156', 'J157', 'J158', 'J159', 'J160', 'J161', 'J162', 'J163', 'J164', 'J165', 'J166', 'J167', 'J168', 'J169', 'J170', 'J171', 'J172', 'J173', 'J174', 'J175', 'J176', 'J177', 'J178', 'J179', 'J180', 'J181', 'J182', 'J183', 'J184', 'J185', 'J186', 'J187', 'J188', 'J189', 'J190', 'J191', 'J192', 'J193', 'J194', 'J195', 'J196', 'J197', 'J198', 'J199', 'J200', 'J201', 'J202', 'J203', 'J204', 'J205', 'J206', 'J207', 'J208', 'J209', 'J210', 'J211', 'J212', 'J213', 'J214', 'J215', 'J216', 'J217', 'J218', 'J219', 'J220', 'J221', 'J222', 'J223', 'J224', 'J225', 'J226', 'J227', 'J228', 'J229', 'J230', 'J231', 'J232', 'J233', 'J234', 'J235', 'J236', 'J237', 'J238', 'J239', 'J240', 'J241', 'J242', 'J243', 'J244', 'J245', 'J246', 'J247', 'J248', 'J249', 'J250', 'J251', 'J252', 'J253', 'J254', 'J255', 'J256', 'J257', 'J258', 'J259', 'J260', 'J261', 'J262', 'J263', 'J264', 'J265', 'J266', 'J267', 'J268', 'J269', 'J270', 'J271', 'J272', 'J273', 'J274', 'J275', 'J276', 'J277', 'J278', 'J279', 'J280', 'J281', 'J282', 'J283', 'J284', 'J285', 'J286', 'J287', 'J288', 'J289', 'J290', 'J291', 'J292', 'J293', 'J294', 'J295', 'J296', 'J297', 'J298', 'J299', 'J300']
- Machine states:
  - Machine M1: Time=1566.00, Idle=57.00, Material=E-Bike_Hinterbau_vorbereitet
  - Machine M2: Time=1481.00, Idle=142.00, Material=Racebike_Fahrrad_endmontiert
  - Machine M3: Time=1623.00, Idle=0.00, Material=Racebike_Rahmen_komplettiert
==================================================

2025-06-06 14:16:03,095 - JSPGymEnvironment - INFO - Material change on machine M3: Racebike_Rahmen_komplettiert -> Racebike_Laufraeder_montiert, setup time: 15
2025-06-06 14:16:03,095 - JSPGymEnvironment - INFO - Executed operation: Job J107, Op 2, Machine M3, Start: 1638, End: 1697, Setup: 15
2025-06-06 14:16:03,096 - JSPGymEnvironment - INFO - 
===== REWARD DETAILS FOR STEP 29 =====
Job: J107, Operation: 2, Job Completed: False
Current Time: 1623.00 -> 1697.00, Setup Time: 15.00
Processing Time: 59.00, Idle Time: 0.00
Completed Jobs: 0/300
Machine: M3, Material: Racebike_Laufraeder_montiert

REWARD COMPONENTS:
- makespan_reward: -0.3700
- setup_reward: -3.7500
- deadline_reward: 0.0000
- priority_reward: 0.0000
- critical_job_reward: 0.5000
- placement_reward: 0.0000
- timeliness_reward: 8.6127
- machine_idle_penalty: -4.3375

TOTAL REWARD: 0.6552

CUMULATIVE REWARD COMPONENTS:
- makespan_reward: -8.4850
- setup_reward: -182.0000
- deadline_reward: 0.0000
- priority_reward: 0.0000
- critical_job_reward: 8.0000
- placement_reward: 0.0000
- timeliness_reward: 266.2585
- machine_idle_penalty: -81.4000

CUMULATIVE TOTAL: 2.3735

CRITICAL STATE INFO:
- Valid actions: ['J1', 'J2', 'J3', 'J4', 'J5', 'J6', 'J7', 'J8', 'J9', 'J10', 'J11', 'J12', 'J13', 'J14', 'J15', 'J16', 'J17', 'J18', 'J19', 'J20', 'J21', 'J22', 'J23', 'J24', 'J25', 'J26', 'J27', 'J28', 'J29', 'J30', 'J31', 'J32', 'J33', 'J34', 'J35', 'J36', 'J37', 'J38', 'J39', 'J40', 'J41', 'J42', 'J43', 'J44', 'J45', 'J46', 'J47', 'J48', 'J49', 'J50', 'J51', 'J52', 'J53', 'J54', 'J55', 'J56', 'J57', 'J58', 'J59', 'J60', 'J61', 'J62', 'J63', 'J64', 'J65', 'J66', 'J67', 'J68', 'J69', 'J70', 'J71', 'J72', 'J73', 'J74', 'J75', 'J76', 'J77', 'J78', 'J79', 'J80', 'J81', 'J82', 'J83', 'J84', 'J85', 'J86', 'J87', 'J88', 'J89', 'J90', 'J91', 'J92', 'J93', 'J94', 'J95', 'J96', 'J97', 'J98', 'J99', 'J100', 'J101', 'J102', 'J103', 'J104', 'J105', 'J106', 'J107', 'J108', 'J109', 'J110', 'J111', 'J112', 'J113', 'J114', 'J115', 'J116', 'J117', 'J118', 'J119', 'J120', 'J121', 'J122', 'J123', 'J124', 'J125', 'J126', 'J127', 'J128', 'J129', 'J130', 'J131', 'J132', 'J133', 'J134', 'J135', 'J136', 'J137', 'J138', 'J139', 'J140', 'J141', 'J142', 'J143', 'J144', 'J145', 'J146', 'J147', 'J148', 'J149', 'J150', 'J151', 'J152', 'J153', 'J154', 'J155', 'J156', 'J157', 'J158', 'J159', 'J160', 'J161', 'J162', 'J163', 'J164', 'J165', 'J166', 'J167', 'J168', 'J169', 'J170', 'J171', 'J172', 'J173', 'J174', 'J175', 'J176', 'J177', 'J178', 'J179', 'J180', 'J181', 'J182', 'J183', 'J184', 'J185', 'J186', 'J187', 'J188', 'J189', 'J190', 'J191', 'J192', 'J193', 'J194', 'J195', 'J196', 'J197', 'J198', 'J199', 'J200', 'J201', 'J202', 'J203', 'J204', 'J205', 'J206', 'J207', 'J208', 'J209', 'J210', 'J211', 'J212', 'J213', 'J214', 'J215', 'J216', 'J217', 'J218', 'J219', 'J220', 'J221', 'J222', 'J223', 'J224', 'J225', 'J226', 'J227', 'J228', 'J229', 'J230', 'J231', 'J232', 'J233', 'J234', 'J235', 'J236', 'J237', 'J238', 'J239', 'J240', 'J241', 'J242', 'J243', 'J244', 'J245', 'J246', 'J247', 'J248', 'J249', 'J250', 'J251', 'J252', 'J253', 'J254', 'J255', 'J256', 'J257', 'J258', 'J259', 'J260', 'J261', 'J262', 'J263', 'J264', 'J265', 'J266', 'J267', 'J268', 'J269', 'J270', 'J271', 'J272', 'J273', 'J274', 'J275', 'J276', 'J277', 'J278', 'J279', 'J280', 'J281', 'J282', 'J283', 'J284', 'J285', 'J286', 'J287', 'J288', 'J289', 'J290', 'J291', 'J292', 'J293', 'J294', 'J295', 'J296', 'J297', 'J298', 'J299', 'J300']
- Machine states:
  - Machine M1: Time=1566.00, Idle=131.00, Material=E-Bike_Hinterbau_vorbereitet
  - Machine M2: Time=1481.00, Idle=216.00, Material=Racebike_Fahrrad_endmontiert
  - Machine M3: Time=1697.00, Idle=0.00, Material=Racebike_Laufraeder_montiert
==================================================

2025-06-06 14:16:14,749 - JSPGymEnvironment - INFO - Material change on machine M2: Racebike_Fahrrad_endmontiert -> Citybike_Antrieb_installiert, setup time: 25
2025-06-06 14:16:14,750 - JSPGymEnvironment - INFO - Executed operation: Job J215, Op 4, Machine M2, Start: 1722, End: 1745, Setup: 25
2025-06-06 14:16:14,751 - JSPGymEnvironment - INFO - 
===== REWARD DETAILS FOR STEP 30 =====
Job: J215, Operation: 4, Job Completed: False
Current Time: 1697.00 -> 1745.00, Setup Time: 25.00
Processing Time: 23.00, Idle Time: 0.00
Completed Jobs: 0/300
Machine: M2, Material: Citybike_Antrieb_installiert

REWARD COMPONENTS:
- makespan_reward: -0.2400
- setup_reward: -6.2500
- deadline_reward: 0.0000
- priority_reward: 0.0000
- critical_job_reward: 0.0000
- placement_reward: 0.0000
- timeliness_reward: 8.4946
- machine_idle_penalty: -2.8375

TOTAL REWARD: -0.8329

CUMULATIVE REWARD COMPONENTS:
- makespan_reward: -8.7250
- setup_reward: -188.2500
- deadline_reward: 0.0000
- priority_reward: 0.0000
- critical_job_reward: 8.0000
- placement_reward: 0.0000
- timeliness_reward: 274.7530
- machine_idle_penalty: -84.2375

CUMULATIVE TOTAL: 1.5405

CRITICAL STATE INFO:
- Valid actions: ['J1', 'J2', 'J3', 'J4', 'J5', 'J6', 'J7', 'J8', 'J9', 'J10', 'J11', 'J12', 'J13', 'J14', 'J15', 'J16', 'J17', 'J18', 'J19', 'J20', 'J21', 'J22', 'J23', 'J24', 'J25', 'J26', 'J27', 'J28', 'J29', 'J30', 'J31', 'J32', 'J33', 'J34', 'J35', 'J36', 'J37', 'J38', 'J39', 'J40', 'J41', 'J42', 'J43', 'J44', 'J45', 'J46', 'J47', 'J48', 'J49', 'J50', 'J51', 'J52', 'J53', 'J54', 'J55', 'J56', 'J57', 'J58', 'J59', 'J60', 'J61', 'J62', 'J63', 'J64', 'J65', 'J66', 'J67', 'J68', 'J69', 'J70', 'J71', 'J72', 'J73', 'J74', 'J75', 'J76', 'J77', 'J78', 'J79', 'J80', 'J81', 'J82', 'J83', 'J84', 'J85', 'J86', 'J87', 'J88', 'J89', 'J90', 'J91', 'J92', 'J93', 'J94', 'J95', 'J96', 'J97', 'J98', 'J99', 'J100', 'J101', 'J102', 'J103', 'J104', 'J105', 'J106', 'J107', 'J108', 'J109', 'J110', 'J111', 'J112', 'J113', 'J114', 'J115', 'J116', 'J117', 'J118', 'J119', 'J120', 'J121', 'J122', 'J123', 'J124', 'J125', 'J126', 'J127', 'J128', 'J129', 'J130', 'J131', 'J132', 'J133', 'J134', 'J135', 'J136', 'J137', 'J138', 'J139', 'J140', 'J141', 'J142', 'J143', 'J144', 'J145', 'J146', 'J147', 'J148', 'J149', 'J150', 'J151', 'J152', 'J153', 'J154', 'J155', 'J156', 'J157', 'J158', 'J159', 'J160', 'J161', 'J162', 'J163', 'J164', 'J165', 'J166', 'J167', 'J168', 'J169', 'J170', 'J171', 'J172', 'J173', 'J174', 'J175', 'J176', 'J177', 'J178', 'J179', 'J180', 'J181', 'J182', 'J183', 'J184', 'J185', 'J186', 'J187', 'J188', 'J189', 'J190', 'J191', 'J192', 'J193', 'J194', 'J195', 'J196', 'J197', 'J198', 'J199', 'J200', 'J201', 'J202', 'J203', 'J204', 'J205', 'J206', 'J207', 'J208', 'J209', 'J210', 'J211', 'J212', 'J213', 'J214', 'J215', 'J216', 'J217', 'J218', 'J219', 'J220', 'J221', 'J222', 'J223', 'J224', 'J225', 'J226', 'J227', 'J228', 'J229', 'J230', 'J231', 'J232', 'J233', 'J234', 'J235', 'J236', 'J237', 'J238', 'J239', 'J240', 'J241', 'J242', 'J243', 'J244', 'J245', 'J246', 'J247', 'J248', 'J249', 'J250', 'J251', 'J252', 'J253', 'J254', 'J255', 'J256', 'J257', 'J258', 'J259', 'J260', 'J261', 'J262', 'J263', 'J264', 'J265', 'J266', 'J267', 'J268', 'J269', 'J270', 'J271', 'J272', 'J273', 'J274', 'J275', 'J276', 'J277', 'J278', 'J279', 'J280', 'J281', 'J282', 'J283', 'J284', 'J285', 'J286', 'J287', 'J288', 'J289', 'J290', 'J291', 'J292', 'J293', 'J294', 'J295', 'J296', 'J297', 'J298', 'J299', 'J300']
- Machine states:
  - Machine M1: Time=1566.00, Idle=179.00, Material=E-Bike_Hinterbau_vorbereitet
  - Machine M2: Time=1745.00, Idle=0.00, Material=Citybike_Antrieb_installiert
  - Machine M3: Time=1697.00, Idle=48.00, Material=Racebike_Laufraeder_montiert
==================================================

2025-06-06 14:16:27,362 - JSPGymEnvironment - INFO - Material change on machine M2: Citybike_Antrieb_installiert -> Citybike_Hinterbau_vorbereitet, setup time: 20
2025-06-06 14:16:27,363 - JSPGymEnvironment - INFO - Executed operation: Job J15, Op 0, Machine M2, Start: 1765, End: 1787, Setup: 20
2025-06-06 14:16:27,364 - JSPGymEnvironment - INFO - 
===== REWARD DETAILS FOR STEP 31 =====
Job: J15, Operation: 0, Job Completed: False
Current Time: 1745.00 -> 1787.00, Setup Time: 20.00
Processing Time: 22.00, Idle Time: 0.00
Completed Jobs: 0/300
Machine: M2, Material: Citybike_Hinterbau_vorbereitet

REWARD COMPONENTS:
- makespan_reward: -0.2100
- setup_reward: -5.0000
- deadline_reward: 0.0000
- priority_reward: 0.0000
- critical_job_reward: 0.0000
- placement_reward: 0.0000
- timeliness_reward: 8.3925
- machine_idle_penalty: -3.8875

TOTAL REWARD: -0.7050

CUMULATIVE REWARD COMPONENTS:
- makespan_reward: -8.9350
- setup_reward: -193.2500
- deadline_reward: 0.0000
- priority_reward: 0.0000
- critical_job_reward: 8.0000
- placement_reward: 0.0000
- timeliness_reward: 283.1455
- machine_idle_penalty: -88.1250

CUMULATIVE TOTAL: 0.8355

CRITICAL STATE INFO:
- Valid actions: ['J1', 'J2', 'J3', 'J4', 'J5', 'J6', 'J7', 'J8', 'J9', 'J10', 'J11', 'J12', 'J13', 'J14', 'J15', 'J16', 'J17', 'J18', 'J19', 'J20', 'J21', 'J22', 'J23', 'J24', 'J25', 'J26', 'J27', 'J28', 'J29', 'J30', 'J31', 'J32', 'J33', 'J34', 'J35', 'J36', 'J37', 'J38', 'J39', 'J40', 'J41', 'J42', 'J43', 'J44', 'J45', 'J46', 'J47', 'J48', 'J49', 'J50', 'J51', 'J52', 'J53', 'J54', 'J55', 'J56', 'J57', 'J58', 'J59', 'J60', 'J61', 'J62', 'J63', 'J64', 'J65', 'J66', 'J67', 'J68', 'J69', 'J70', 'J71', 'J72', 'J73', 'J74', 'J75', 'J76', 'J77', 'J78', 'J79', 'J80', 'J81', 'J82', 'J83', 'J84', 'J85', 'J86', 'J87', 'J88', 'J89', 'J90', 'J91', 'J92', 'J93', 'J94', 'J95', 'J96', 'J97', 'J98', 'J99', 'J100', 'J101', 'J102', 'J103', 'J104', 'J105', 'J106', 'J107', 'J108', 'J109', 'J110', 'J111', 'J112', 'J113', 'J114', 'J115', 'J116', 'J117', 'J118', 'J119', 'J120', 'J121', 'J122', 'J123', 'J124', 'J125', 'J126', 'J127', 'J128', 'J129', 'J130', 'J131', 'J132', 'J133', 'J134', 'J135', 'J136', 'J137', 'J138', 'J139', 'J140', 'J141', 'J142', 'J143', 'J144', 'J145', 'J146', 'J147', 'J148', 'J149', 'J150', 'J151', 'J152', 'J153', 'J154', 'J155', 'J156', 'J157', 'J158', 'J159', 'J160', 'J161', 'J162', 'J163', 'J164', 'J165', 'J166', 'J167', 'J168', 'J169', 'J170', 'J171', 'J172', 'J173', 'J174', 'J175', 'J176', 'J177', 'J178', 'J179', 'J180', 'J181', 'J182', 'J183', 'J184', 'J185', 'J186', 'J187', 'J188', 'J189', 'J190', 'J191', 'J192', 'J193', 'J194', 'J195', 'J196', 'J197', 'J198', 'J199', 'J200', 'J201', 'J202', 'J203', 'J204', 'J205', 'J206', 'J207', 'J208', 'J209', 'J210', 'J211', 'J212', 'J213', 'J214', 'J215', 'J216', 'J217', 'J218', 'J219', 'J220', 'J221', 'J222', 'J223', 'J224', 'J225', 'J226', 'J227', 'J228', 'J229', 'J230', 'J231', 'J232', 'J233', 'J234', 'J235', 'J236', 'J237', 'J238', 'J239', 'J240', 'J241', 'J242', 'J243', 'J244', 'J245', 'J246', 'J247', 'J248', 'J249', 'J250', 'J251', 'J252', 'J253', 'J254', 'J255', 'J256', 'J257', 'J258', 'J259', 'J260', 'J261', 'J262', 'J263', 'J264', 'J265', 'J266', 'J267', 'J268', 'J269', 'J270', 'J271', 'J272', 'J273', 'J274', 'J275', 'J276', 'J277', 'J278', 'J279', 'J280', 'J281', 'J282', 'J283', 'J284', 'J285', 'J286', 'J287', 'J288', 'J289', 'J290', 'J291', 'J292', 'J293', 'J294', 'J295', 'J296', 'J297', 'J298', 'J299', 'J300']
- Machine states:
  - Machine M1: Time=1566.00, Idle=221.00, Material=E-Bike_Hinterbau_vorbereitet
  - Machine M2: Time=1787.00, Idle=0.00, Material=Citybike_Hinterbau_vorbereitet
  - Machine M3: Time=1697.00, Idle=90.00, Material=Racebike_Laufraeder_montiert
==================================================

2025-06-06 14:16:39,225 - JSPGymEnvironment - INFO - Material change on machine M2: Citybike_Hinterbau_vorbereitet -> E-Bike_Rahmen_nachbearbeitet, setup time: 25
2025-06-06 14:16:39,225 - JSPGymEnvironment - INFO - Executed operation: Job J181, Op 1, Machine M2, Start: 1812, End: 1828, Setup: 25
2025-06-06 14:16:39,226 - JSPGymEnvironment - INFO - 
===== REWARD DETAILS FOR STEP 32 =====
Job: J181, Operation: 1, Job Completed: False
Current Time: 1787.00 -> 1828.00, Setup Time: 25.00
Processing Time: 16.00, Idle Time: 0.00
Completed Jobs: 0/300
Machine: M2, Material: E-Bike_Rahmen_nachbearbeitet

REWARD COMPONENTS:
- makespan_reward: -0.2050
- setup_reward: -6.2500
- deadline_reward: 0.0000
- priority_reward: 0.0000
- critical_job_reward: 0.5000
- placement_reward: 0.0000
- timeliness_reward: 8.2844
- machine_idle_penalty: -4.9125

TOTAL REWARD: -2.5831

CUMULATIVE REWARD COMPONENTS:
- makespan_reward: -9.1400
- setup_reward: -199.5000
- deadline_reward: 0.0000
- priority_reward: 0.0000
- critical_job_reward: 8.5000
- placement_reward: 0.0000
- timeliness_reward: 291.4300
- machine_idle_penalty: -93.0375

CUMULATIVE TOTAL: -1.7475

CRITICAL STATE INFO:
- Valid actions: ['J1', 'J2', 'J3', 'J4', 'J5', 'J6', 'J7', 'J8', 'J9', 'J10', 'J11', 'J12', 'J13', 'J14', 'J15', 'J16', 'J17', 'J18', 'J19', 'J20', 'J21', 'J22', 'J23', 'J24', 'J25', 'J26', 'J27', 'J28', 'J29', 'J30', 'J31', 'J32', 'J33', 'J34', 'J35', 'J36', 'J37', 'J38', 'J39', 'J40', 'J41', 'J42', 'J43', 'J44', 'J45', 'J46', 'J47', 'J48', 'J49', 'J50', 'J51', 'J52', 'J53', 'J54', 'J55', 'J56', 'J57', 'J58', 'J59', 'J60', 'J61', 'J62', 'J63', 'J64', 'J65', 'J66', 'J67', 'J68', 'J69', 'J70', 'J71', 'J72', 'J73', 'J74', 'J75', 'J76', 'J77', 'J78', 'J79', 'J80', 'J81', 'J82', 'J83', 'J84', 'J85', 'J86', 'J87', 'J88', 'J89', 'J90', 'J91', 'J92', 'J93', 'J94', 'J95', 'J96', 'J97', 'J98', 'J99', 'J100', 'J101', 'J102', 'J103', 'J104', 'J105', 'J106', 'J107', 'J108', 'J109', 'J110', 'J111', 'J112', 'J113', 'J114', 'J115', 'J116', 'J117', 'J118', 'J119', 'J120', 'J121', 'J122', 'J123', 'J124', 'J125', 'J126', 'J127', 'J128', 'J129', 'J130', 'J131', 'J132', 'J133', 'J134', 'J135', 'J136', 'J137', 'J138', 'J139', 'J140', 'J141', 'J142', 'J143', 'J144', 'J145', 'J146', 'J147', 'J148', 'J149', 'J150', 'J151', 'J152', 'J153', 'J154', 'J155', 'J156', 'J157', 'J158', 'J159', 'J160', 'J161', 'J162', 'J163', 'J164', 'J165', 'J166', 'J167', 'J168', 'J169', 'J170', 'J171', 'J172', 'J173', 'J174', 'J175', 'J176', 'J177', 'J178', 'J179', 'J180', 'J181', 'J182', 'J183', 'J184', 'J185', 'J186', 'J187', 'J188', 'J189', 'J190', 'J191', 'J192', 'J193', 'J194', 'J195', 'J196', 'J197', 'J198', 'J199', 'J200', 'J201', 'J202', 'J203', 'J204', 'J205', 'J206', 'J207', 'J208', 'J209', 'J210', 'J211', 'J212', 'J213', 'J214', 'J215', 'J216', 'J217', 'J218', 'J219', 'J220', 'J221', 'J222', 'J223', 'J224', 'J225', 'J226', 'J227', 'J228', 'J229', 'J230', 'J231', 'J232', 'J233', 'J234', 'J235', 'J236', 'J237', 'J238', 'J239', 'J240', 'J241', 'J242', 'J243', 'J244', 'J245', 'J246', 'J247', 'J248', 'J249', 'J250', 'J251', 'J252', 'J253', 'J254', 'J255', 'J256', 'J257', 'J258', 'J259', 'J260', 'J261', 'J262', 'J263', 'J264', 'J265', 'J266', 'J267', 'J268', 'J269', 'J270', 'J271', 'J272', 'J273', 'J274', 'J275', 'J276', 'J277', 'J278', 'J279', 'J280', 'J281', 'J282', 'J283', 'J284', 'J285', 'J286', 'J287', 'J288', 'J289', 'J290', 'J291', 'J292', 'J293', 'J294', 'J295', 'J296', 'J297', 'J298', 'J299', 'J300']
- Machine states:
  - Machine M1: Time=1566.00, Idle=262.00, Material=E-Bike_Hinterbau_vorbereitet
  - Machine M2: Time=1828.00, Idle=0.00, Material=E-Bike_Rahmen_nachbearbeitet
  - Machine M3: Time=1697.00, Idle=131.00, Material=Racebike_Laufraeder_montiert
==================================================

2025-06-06 14:16:50,997 - JSPGymEnvironment - INFO - Material change on machine M2: E-Bike_Rahmen_nachbearbeitet -> E-Bike_Bremsaufnahme_gebohrt, setup time: 20
2025-06-06 14:16:50,997 - JSPGymEnvironment - INFO - Executed operation: Job J45, Op 0, Machine M2, Start: 1848, End: 1869, Setup: 20
2025-06-06 14:16:50,998 - JSPGymEnvironment - INFO - 
===== REWARD DETAILS FOR STEP 33 =====
Job: J45, Operation: 0, Job Completed: False
Current Time: 1828.00 -> 1869.00, Setup Time: 20.00
Processing Time: 21.00, Idle Time: 0.00
Completed Jobs: 0/300
Machine: M2, Material: E-Bike_Bremsaufnahme_gebohrt

REWARD COMPONENTS:
- makespan_reward: -0.2050
- setup_reward: -5.0000
- deadline_reward: 0.0000
- priority_reward: 0.0000
- critical_job_reward: 0.0000
- placement_reward: 0.0000
- timeliness_reward: 8.1675
- machine_idle_penalty: -5.9375

TOTAL REWARD: -2.9750

CUMULATIVE REWARD COMPONENTS:
- makespan_reward: -9.3450
- setup_reward: -204.5000
- deadline_reward: 0.0000
- priority_reward: 0.0000
- critical_job_reward: 8.5000
- placement_reward: 0.0000
- timeliness_reward: 299.5975
- machine_idle_penalty: -98.9750

CUMULATIVE TOTAL: -4.7225

CRITICAL STATE INFO:
- Valid actions: ['J1', 'J2', 'J3', 'J4', 'J5', 'J6', 'J7', 'J8', 'J9', 'J10', 'J11', 'J12', 'J13', 'J14', 'J15', 'J16', 'J17', 'J18', 'J19', 'J20', 'J21', 'J22', 'J23', 'J24', 'J25', 'J26', 'J27', 'J28', 'J29', 'J30', 'J31', 'J32', 'J33', 'J34', 'J35', 'J36', 'J37', 'J38', 'J39', 'J40', 'J41', 'J42', 'J43', 'J44', 'J45', 'J46', 'J47', 'J48', 'J49', 'J50', 'J51', 'J52', 'J53', 'J54', 'J55', 'J56', 'J57', 'J58', 'J59', 'J60', 'J61', 'J62', 'J63', 'J64', 'J65', 'J66', 'J67', 'J68', 'J69', 'J70', 'J71', 'J72', 'J73', 'J74', 'J75', 'J76', 'J77', 'J78', 'J79', 'J80', 'J81', 'J82', 'J83', 'J84', 'J85', 'J86', 'J87', 'J88', 'J89', 'J90', 'J91', 'J92', 'J93', 'J94', 'J95', 'J96', 'J97', 'J98', 'J99', 'J100', 'J101', 'J102', 'J103', 'J104', 'J105', 'J106', 'J107', 'J108', 'J109', 'J110', 'J111', 'J112', 'J113', 'J114', 'J115', 'J116', 'J117', 'J118', 'J119', 'J120', 'J121', 'J122', 'J123', 'J124', 'J125', 'J126', 'J127', 'J128', 'J129', 'J130', 'J131', 'J132', 'J133', 'J134', 'J135', 'J136', 'J137', 'J138', 'J139', 'J140', 'J141', 'J142', 'J143', 'J144', 'J145', 'J146', 'J147', 'J148', 'J149', 'J150', 'J151', 'J152', 'J153', 'J154', 'J155', 'J156', 'J157', 'J158', 'J159', 'J160', 'J161', 'J162', 'J163', 'J164', 'J165', 'J166', 'J167', 'J168', 'J169', 'J170', 'J171', 'J172', 'J173', 'J174', 'J175', 'J176', 'J177', 'J178', 'J179', 'J180', 'J181', 'J182', 'J183', 'J184', 'J185', 'J186', 'J187', 'J188', 'J189', 'J190', 'J191', 'J192', 'J193', 'J194', 'J195', 'J196', 'J197', 'J198', 'J199', 'J200', 'J201', 'J202', 'J203', 'J204', 'J205', 'J206', 'J207', 'J208', 'J209', 'J210', 'J211', 'J212', 'J213', 'J214', 'J215', 'J216', 'J217', 'J218', 'J219', 'J220', 'J221', 'J222', 'J223', 'J224', 'J225', 'J226', 'J227', 'J228', 'J229', 'J230', 'J231', 'J232', 'J233', 'J234', 'J235', 'J236', 'J237', 'J238', 'J239', 'J240', 'J241', 'J242', 'J243', 'J244', 'J245', 'J246', 'J247', 'J248', 'J249', 'J250', 'J251', 'J252', 'J253', 'J254', 'J255', 'J256', 'J257', 'J258', 'J259', 'J260', 'J261', 'J262', 'J263', 'J264', 'J265', 'J266', 'J267', 'J268', 'J269', 'J270', 'J271', 'J272', 'J273', 'J274', 'J275', 'J276', 'J277', 'J278', 'J279', 'J280', 'J281', 'J282', 'J283', 'J284', 'J285', 'J286', 'J287', 'J288', 'J289', 'J290', 'J291', 'J292', 'J293', 'J294', 'J295', 'J296', 'J297', 'J298', 'J299', 'J300']
- Machine states:
  - Machine M1: Time=1566.00, Idle=303.00, Material=E-Bike_Hinterbau_vorbereitet
  - Machine M2: Time=1869.00, Idle=0.00, Material=E-Bike_Bremsaufnahme_gebohrt
  - Machine M3: Time=1697.00, Idle=172.00, Material=Racebike_Laufraeder_montiert
==================================================

2025-06-06 14:17:03,509 - JSPGymEnvironment - INFO - Material change on machine M1: E-Bike_Hinterbau_vorbereitet -> E-Bike_Rahmen_nachbearbeitet, setup time: 40
2025-06-06 14:17:03,510 - JSPGymEnvironment - INFO - Executed operation: Job J6, Op 2, Machine M1, Start: 1909, End: 1924, Setup: 40
2025-06-06 14:17:03,511 - JSPGymEnvironment - INFO - 
===== REWARD DETAILS FOR STEP 34 =====
Job: J6, Operation: 2, Job Completed: False
Current Time: 1869.00 -> 1924.00, Setup Time: 40.00
Processing Time: 15.00, Idle Time: 0.00
Completed Jobs: 0/300
Machine: M1, Material: E-Bike_Rahmen_nachbearbeitet

REWARD COMPONENTS:
- makespan_reward: -0.2750
- setup_reward: -10.0000
- deadline_reward: 0.0000
- priority_reward: 0.0000
- critical_job_reward: 0.5000
- placement_reward: 0.0000
- timeliness_reward: 8.0084
- machine_idle_penalty: -3.5250

TOTAL REWARD: -5.2916

CUMULATIVE REWARD COMPONENTS:
- makespan_reward: -9.6200
- setup_reward: -214.5000
- deadline_reward: 0.0000
- priority_reward: 0.0000
- critical_job_reward: 9.0000
- placement_reward: 0.0000
- timeliness_reward: 307.6059
- machine_idle_penalty: -102.5000

CUMULATIVE TOTAL: -10.0141

CRITICAL STATE INFO:
- Valid actions: ['J1', 'J2', 'J3', 'J4', 'J5', 'J6', 'J7', 'J8', 'J9', 'J10', 'J11', 'J12', 'J13', 'J14', 'J15', 'J16', 'J17', 'J18', 'J19', 'J20', 'J21', 'J22', 'J23', 'J24', 'J25', 'J26', 'J27', 'J28', 'J29', 'J30', 'J31', 'J32', 'J33', 'J34', 'J35', 'J36', 'J37', 'J38', 'J39', 'J40', 'J41', 'J42', 'J43', 'J44', 'J45', 'J46', 'J47', 'J48', 'J49', 'J50', 'J51', 'J52', 'J53', 'J54', 'J55', 'J56', 'J57', 'J58', 'J59', 'J60', 'J61', 'J62', 'J63', 'J64', 'J65', 'J66', 'J67', 'J68', 'J69', 'J70', 'J71', 'J72', 'J73', 'J74', 'J75', 'J76', 'J77', 'J78', 'J79', 'J80', 'J81', 'J82', 'J83', 'J84', 'J85', 'J86', 'J87', 'J88', 'J89', 'J90', 'J91', 'J92', 'J93', 'J94', 'J95', 'J96', 'J97', 'J98', 'J99', 'J100', 'J101', 'J102', 'J103', 'J104', 'J105', 'J106', 'J107', 'J108', 'J109', 'J110', 'J111', 'J112', 'J113', 'J114', 'J115', 'J116', 'J117', 'J118', 'J119', 'J120', 'J121', 'J122', 'J123', 'J124', 'J125', 'J126', 'J127', 'J128', 'J129', 'J130', 'J131', 'J132', 'J133', 'J134', 'J135', 'J136', 'J137', 'J138', 'J139', 'J140', 'J141', 'J142', 'J143', 'J144', 'J145', 'J146', 'J147', 'J148', 'J149', 'J150', 'J151', 'J152', 'J153', 'J154', 'J155', 'J156', 'J157', 'J158', 'J159', 'J160', 'J161', 'J162', 'J163', 'J164', 'J165', 'J166', 'J167', 'J168', 'J169', 'J170', 'J171', 'J172', 'J173', 'J174', 'J175', 'J176', 'J177', 'J178', 'J179', 'J180', 'J181', 'J182', 'J183', 'J184', 'J185', 'J186', 'J187', 'J188', 'J189', 'J190', 'J191', 'J192', 'J193', 'J194', 'J195', 'J196', 'J197', 'J198', 'J199', 'J200', 'J201', 'J202', 'J203', 'J204', 'J205', 'J206', 'J207', 'J208', 'J209', 'J210', 'J211', 'J212', 'J213', 'J214', 'J215', 'J216', 'J217', 'J218', 'J219', 'J220', 'J221', 'J222', 'J223', 'J224', 'J225', 'J226', 'J227', 'J228', 'J229', 'J230', 'J231', 'J232', 'J233', 'J234', 'J235', 'J236', 'J237', 'J238', 'J239', 'J240', 'J241', 'J242', 'J243', 'J244', 'J245', 'J246', 'J247', 'J248', 'J249', 'J250', 'J251', 'J252', 'J253', 'J254', 'J255', 'J256', 'J257', 'J258', 'J259', 'J260', 'J261', 'J262', 'J263', 'J264', 'J265', 'J266', 'J267', 'J268', 'J269', 'J270', 'J271', 'J272', 'J273', 'J274', 'J275', 'J276', 'J277', 'J278', 'J279', 'J280', 'J281', 'J282', 'J283', 'J284', 'J285', 'J286', 'J287', 'J288', 'J289', 'J290', 'J291', 'J292', 'J293', 'J294', 'J295', 'J296', 'J297', 'J298', 'J299', 'J300']
- Machine states:
  - Machine M1: Time=1924.00, Idle=0.00, Material=E-Bike_Rahmen_nachbearbeitet
  - Machine M2: Time=1869.00, Idle=55.00, Material=E-Bike_Bremsaufnahme_gebohrt
  - Machine M3: Time=1697.00, Idle=227.00, Material=Racebike_Laufraeder_montiert
==================================================

2025-06-06 14:17:15,458 - JSPGymEnvironment - INFO - Material change on machine M3: Racebike_Laufraeder_montiert -> E-Bike_Tretlager_gefraest, setup time: 15
2025-06-06 14:17:15,458 - JSPGymEnvironment - INFO - Executed operation: Job J6, Op 3, Machine M3, Start: 1939, End: 1960, Setup: 15
2025-06-06 14:17:15,459 - JSPGymEnvironment - INFO - 
===== REWARD DETAILS FOR STEP 35 =====
Job: J6, Operation: 3, Job Completed: False
Current Time: 1924.00 -> 1960.00, Setup Time: 15.00
Processing Time: 21.00, Idle Time: 0.00
Completed Jobs: 0/300
Machine: M3, Material: E-Bike_Tretlager_gefraest

REWARD COMPONENTS:
- makespan_reward: -0.1800
- setup_reward: -3.7500
- deadline_reward: 0.0000
- priority_reward: 0.0000
- critical_job_reward: 0.5000
- placement_reward: 0.0000
- timeliness_reward: 7.8872
- machine_idle_penalty: -1.5875

TOTAL REWARD: 2.8697

CUMULATIVE REWARD COMPONENTS:
- makespan_reward: -9.8000
- setup_reward: -218.2500
- deadline_reward: 0.0000
- priority_reward: 0.0000
- critical_job_reward: 9.5000
- placement_reward: 0.0000
- timeliness_reward: 315.4931
- machine_idle_penalty: -104.0875

CUMULATIVE TOTAL: -7.1444

CRITICAL STATE INFO:
- Valid actions: ['J1', 'J2', 'J3', 'J4', 'J5', 'J6', 'J7', 'J8', 'J9', 'J10', 'J11', 'J12', 'J13', 'J14', 'J15', 'J16', 'J17', 'J18', 'J19', 'J20', 'J21', 'J22', 'J23', 'J24', 'J25', 'J26', 'J27', 'J28', 'J29', 'J30', 'J31', 'J32', 'J33', 'J34', 'J35', 'J36', 'J37', 'J38', 'J39', 'J40', 'J41', 'J42', 'J43', 'J44', 'J45', 'J46', 'J47', 'J48', 'J49', 'J50', 'J51', 'J52', 'J53', 'J54', 'J55', 'J56', 'J57', 'J58', 'J59', 'J60', 'J61', 'J62', 'J63', 'J64', 'J65', 'J66', 'J67', 'J68', 'J69', 'J70', 'J71', 'J72', 'J73', 'J74', 'J75', 'J76', 'J77', 'J78', 'J79', 'J80', 'J81', 'J82', 'J83', 'J84', 'J85', 'J86', 'J87', 'J88', 'J89', 'J90', 'J91', 'J92', 'J93', 'J94', 'J95', 'J96', 'J97', 'J98', 'J99', 'J100', 'J101', 'J102', 'J103', 'J104', 'J105', 'J106', 'J107', 'J108', 'J109', 'J110', 'J111', 'J112', 'J113', 'J114', 'J115', 'J116', 'J117', 'J118', 'J119', 'J120', 'J121', 'J122', 'J123', 'J124', 'J125', 'J126', 'J127', 'J128', 'J129', 'J130', 'J131', 'J132', 'J133', 'J134', 'J135', 'J136', 'J137', 'J138', 'J139', 'J140', 'J141', 'J142', 'J143', 'J144', 'J145', 'J146', 'J147', 'J148', 'J149', 'J150', 'J151', 'J152', 'J153', 'J154', 'J155', 'J156', 'J157', 'J158', 'J159', 'J160', 'J161', 'J162', 'J163', 'J164', 'J165', 'J166', 'J167', 'J168', 'J169', 'J170', 'J171', 'J172', 'J173', 'J174', 'J175', 'J176', 'J177', 'J178', 'J179', 'J180', 'J181', 'J182', 'J183', 'J184', 'J185', 'J186', 'J187', 'J188', 'J189', 'J190', 'J191', 'J192', 'J193', 'J194', 'J195', 'J196', 'J197', 'J198', 'J199', 'J200', 'J201', 'J202', 'J203', 'J204', 'J205', 'J206', 'J207', 'J208', 'J209', 'J210', 'J211', 'J212', 'J213', 'J214', 'J215', 'J216', 'J217', 'J218', 'J219', 'J220', 'J221', 'J222', 'J223', 'J224', 'J225', 'J226', 'J227', 'J228', 'J229', 'J230', 'J231', 'J232', 'J233', 'J234', 'J235', 'J236', 'J237', 'J238', 'J239', 'J240', 'J241', 'J242', 'J243', 'J244', 'J245', 'J246', 'J247', 'J248', 'J249', 'J250', 'J251', 'J252', 'J253', 'J254', 'J255', 'J256', 'J257', 'J258', 'J259', 'J260', 'J261', 'J262', 'J263', 'J264', 'J265', 'J266', 'J267', 'J268', 'J269', 'J270', 'J271', 'J272', 'J273', 'J274', 'J275', 'J276', 'J277', 'J278', 'J279', 'J280', 'J281', 'J282', 'J283', 'J284', 'J285', 'J286', 'J287', 'J288', 'J289', 'J290', 'J291', 'J292', 'J293', 'J294', 'J295', 'J296', 'J297', 'J298', 'J299', 'J300']
- Machine states:
  - Machine M1: Time=1924.00, Idle=36.00, Material=E-Bike_Rahmen_nachbearbeitet
  - Machine M2: Time=1869.00, Idle=91.00, Material=E-Bike_Bremsaufnahme_gebohrt
  - Machine M3: Time=1960.00, Idle=0.00, Material=E-Bike_Tretlager_gefraest
==================================================

2025-06-06 14:17:27,281 - JSPGymEnvironment - INFO - Material change on machine M3: E-Bike_Tretlager_gefraest -> Citybike_Tretlageraufnahme_geschweisst, setup time: 16
2025-06-06 14:17:27,282 - JSPGymEnvironment - INFO - Executed operation: Job J31, Op 0, Machine M3, Start: 1976, End: 2007, Setup: 16
2025-06-06 14:17:27,283 - JSPGymEnvironment - INFO - 
===== REWARD DETAILS FOR STEP 36 =====
Job: J31, Operation: 0, Job Completed: False
Current Time: 1960.00 -> 2007.00, Setup Time: 16.00
Processing Time: 31.00, Idle Time: 0.00
Completed Jobs: 0/300
Machine: M3, Material: Citybike_Tretlageraufnahme_geschweisst

REWARD COMPONENTS:
- makespan_reward: -0.2350
- setup_reward: -4.0000
- deadline_reward: 0.0000
- priority_reward: 0.0000
- critical_job_reward: 0.0000
- placement_reward: 0.0000
- timeliness_reward: 7.7063
- machine_idle_penalty: -2.7625

TOTAL REWARD: 0.7088

CUMULATIVE REWARD COMPONENTS:
- makespan_reward: -10.0350
- setup_reward: -222.2500
- deadline_reward: 0.0000
- priority_reward: 0.0000
- critical_job_reward: 9.5000
- placement_reward: 0.0000
- timeliness_reward: 323.1993
- machine_idle_penalty: -106.8500

CUMULATIVE TOTAL: -6.4357

CRITICAL STATE INFO:
- Valid actions: ['J1', 'J2', 'J3', 'J4', 'J5', 'J6', 'J7', 'J8', 'J9', 'J10', 'J11', 'J12', 'J13', 'J14', 'J15', 'J16', 'J17', 'J18', 'J19', 'J20', 'J21', 'J22', 'J23', 'J24', 'J25', 'J26', 'J27', 'J28', 'J29', 'J30', 'J31', 'J32', 'J33', 'J34', 'J35', 'J36', 'J37', 'J38', 'J39', 'J40', 'J41', 'J42', 'J43', 'J44', 'J45', 'J46', 'J47', 'J48', 'J49', 'J50', 'J51', 'J52', 'J53', 'J54', 'J55', 'J56', 'J57', 'J58', 'J59', 'J60', 'J61', 'J62', 'J63', 'J64', 'J65', 'J66', 'J67', 'J68', 'J69', 'J70', 'J71', 'J72', 'J73', 'J74', 'J75', 'J76', 'J77', 'J78', 'J79', 'J80', 'J81', 'J82', 'J83', 'J84', 'J85', 'J86', 'J87', 'J88', 'J89', 'J90', 'J91', 'J92', 'J93', 'J94', 'J95', 'J96', 'J97', 'J98', 'J99', 'J100', 'J101', 'J102', 'J103', 'J104', 'J105', 'J106', 'J107', 'J108', 'J109', 'J110', 'J111', 'J112', 'J113', 'J114', 'J115', 'J116', 'J117', 'J118', 'J119', 'J120', 'J121', 'J122', 'J123', 'J124', 'J125', 'J126', 'J127', 'J128', 'J129', 'J130', 'J131', 'J132', 'J133', 'J134', 'J135', 'J136', 'J137', 'J138', 'J139', 'J140', 'J141', 'J142', 'J143', 'J144', 'J145', 'J146', 'J147', 'J148', 'J149', 'J150', 'J151', 'J152', 'J153', 'J154', 'J155', 'J156', 'J157', 'J158', 'J159', 'J160', 'J161', 'J162', 'J163', 'J164', 'J165', 'J166', 'J167', 'J168', 'J169', 'J170', 'J171', 'J172', 'J173', 'J174', 'J175', 'J176', 'J177', 'J178', 'J179', 'J180', 'J181', 'J182', 'J183', 'J184', 'J185', 'J186', 'J187', 'J188', 'J189', 'J190', 'J191', 'J192', 'J193', 'J194', 'J195', 'J196', 'J197', 'J198', 'J199', 'J200', 'J201', 'J202', 'J203', 'J204', 'J205', 'J206', 'J207', 'J208', 'J209', 'J210', 'J211', 'J212', 'J213', 'J214', 'J215', 'J216', 'J217', 'J218', 'J219', 'J220', 'J221', 'J222', 'J223', 'J224', 'J225', 'J226', 'J227', 'J228', 'J229', 'J230', 'J231', 'J232', 'J233', 'J234', 'J235', 'J236', 'J237', 'J238', 'J239', 'J240', 'J241', 'J242', 'J243', 'J244', 'J245', 'J246', 'J247', 'J248', 'J249', 'J250', 'J251', 'J252', 'J253', 'J254', 'J255', 'J256', 'J257', 'J258', 'J259', 'J260', 'J261', 'J262', 'J263', 'J264', 'J265', 'J266', 'J267', 'J268', 'J269', 'J270', 'J271', 'J272', 'J273', 'J274', 'J275', 'J276', 'J277', 'J278', 'J279', 'J280', 'J281', 'J282', 'J283', 'J284', 'J285', 'J286', 'J287', 'J288', 'J289', 'J290', 'J291', 'J292', 'J293', 'J294', 'J295', 'J296', 'J297', 'J298', 'J299', 'J300']
- Machine states:
  - Machine M1: Time=1924.00, Idle=83.00, Material=E-Bike_Rahmen_nachbearbeitet
  - Machine M2: Time=1869.00, Idle=138.00, Material=E-Bike_Bremsaufnahme_gebohrt
  - Machine M3: Time=2007.00, Idle=0.00, Material=Citybike_Tretlageraufnahme_geschweisst
==================================================

2025-06-06 14:17:39,851 - JSPGymEnvironment - INFO - Material change on machine M3: Citybike_Tretlageraufnahme_geschweisst -> E-Bike_Bremsen_justiert, setup time: 15
2025-06-06 14:17:39,851 - JSPGymEnvironment - INFO - Executed operation: Job J87, Op 0, Machine M3, Start: 2022, End: 2075, Setup: 15
2025-06-06 14:17:39,852 - JSPGymEnvironment - INFO - 
===== REWARD DETAILS FOR STEP 37 =====
Job: J87, Operation: 0, Job Completed: False
Current Time: 2007.00 -> 2075.00, Setup Time: 15.00
Processing Time: 53.00, Idle Time: 0.00
Completed Jobs: 0/300
Machine: M3, Material: E-Bike_Bremsen_justiert

REWARD COMPONENTS:
- makespan_reward: -0.3400
- setup_reward: -3.7500
- deadline_reward: 0.0000
- priority_reward: 0.0000
- critical_job_reward: 0.0000
- placement_reward: 0.0000
- timeliness_reward: 7.4340
- machine_idle_penalty: -4.4625

TOTAL REWARD: -1.1185

CUMULATIVE REWARD COMPONENTS:
- makespan_reward: -10.3750
- setup_reward: -226.0000
- deadline_reward: 0.0000
- priority_reward: 0.0000
- critical_job_reward: 9.5000
- placement_reward: 0.0000
- timeliness_reward: 330.6333
- machine_idle_penalty: -111.3125

CUMULATIVE TOTAL: -7.5542

CRITICAL STATE INFO:
- Valid actions: ['J1', 'J2', 'J3', 'J4', 'J5', 'J6', 'J7', 'J8', 'J9', 'J10', 'J11', 'J12', 'J13', 'J14', 'J15', 'J16', 'J17', 'J18', 'J19', 'J20', 'J21', 'J22', 'J23', 'J24', 'J25', 'J26', 'J27', 'J28', 'J29', 'J30', 'J31', 'J32', 'J33', 'J34', 'J35', 'J36', 'J37', 'J38', 'J39', 'J40', 'J41', 'J42', 'J43', 'J44', 'J45', 'J46', 'J47', 'J48', 'J49', 'J50', 'J51', 'J52', 'J53', 'J54', 'J55', 'J56', 'J57', 'J58', 'J59', 'J60', 'J61', 'J62', 'J63', 'J64', 'J65', 'J66', 'J67', 'J68', 'J69', 'J70', 'J71', 'J72', 'J73', 'J74', 'J75', 'J76', 'J77', 'J78', 'J79', 'J80', 'J81', 'J82', 'J83', 'J84', 'J85', 'J86', 'J87', 'J88', 'J89', 'J90', 'J91', 'J92', 'J93', 'J94', 'J95', 'J96', 'J97', 'J98', 'J99', 'J100', 'J101', 'J102', 'J103', 'J104', 'J105', 'J106', 'J107', 'J108', 'J109', 'J110', 'J111', 'J112', 'J113', 'J114', 'J115', 'J116', 'J117', 'J118', 'J119', 'J120', 'J121', 'J122', 'J123', 'J124', 'J125', 'J126', 'J127', 'J128', 'J129', 'J130', 'J131', 'J132', 'J133', 'J134', 'J135', 'J136', 'J137', 'J138', 'J139', 'J140', 'J141', 'J142', 'J143', 'J144', 'J145', 'J146', 'J147', 'J148', 'J149', 'J150', 'J151', 'J152', 'J153', 'J154', 'J155', 'J156', 'J157', 'J158', 'J159', 'J160', 'J161', 'J162', 'J163', 'J164', 'J165', 'J166', 'J167', 'J168', 'J169', 'J170', 'J171', 'J172', 'J173', 'J174', 'J175', 'J176', 'J177', 'J178', 'J179', 'J180', 'J181', 'J182', 'J183', 'J184', 'J185', 'J186', 'J187', 'J188', 'J189', 'J190', 'J191', 'J192', 'J193', 'J194', 'J195', 'J196', 'J197', 'J198', 'J199', 'J200', 'J201', 'J202', 'J203', 'J204', 'J205', 'J206', 'J207', 'J208', 'J209', 'J210', 'J211', 'J212', 'J213', 'J214', 'J215', 'J216', 'J217', 'J218', 'J219', 'J220', 'J221', 'J222', 'J223', 'J224', 'J225', 'J226', 'J227', 'J228', 'J229', 'J230', 'J231', 'J232', 'J233', 'J234', 'J235', 'J236', 'J237', 'J238', 'J239', 'J240', 'J241', 'J242', 'J243', 'J244', 'J245', 'J246', 'J247', 'J248', 'J249', 'J250', 'J251', 'J252', 'J253', 'J254', 'J255', 'J256', 'J257', 'J258', 'J259', 'J260', 'J261', 'J262', 'J263', 'J264', 'J265', 'J266', 'J267', 'J268', 'J269', 'J270', 'J271', 'J272', 'J273', 'J274', 'J275', 'J276', 'J277', 'J278', 'J279', 'J280', 'J281', 'J282', 'J283', 'J284', 'J285', 'J286', 'J287', 'J288', 'J289', 'J290', 'J291', 'J292', 'J293', 'J294', 'J295', 'J296', 'J297', 'J298', 'J299', 'J300']
- Machine states:
  - Machine M1: Time=1924.00, Idle=151.00, Material=E-Bike_Rahmen_nachbearbeitet
  - Machine M2: Time=1869.00, Idle=206.00, Material=E-Bike_Bremsaufnahme_gebohrt
  - Machine M3: Time=2075.00, Idle=0.00, Material=E-Bike_Bremsen_justiert
==================================================

2025-06-06 14:17:51,698 - JSPGymEnvironment - INFO - Material change on machine M3: E-Bike_Bremsen_justiert -> Racebike_Rahmen_komplettiert, setup time: 19
2025-06-06 14:17:51,699 - JSPGymEnvironment - INFO - Executed operation: Job J273, Op 0, Machine M3, Start: 2094, End: 2121, Setup: 19
2025-06-06 14:17:51,700 - JSPGymEnvironment - INFO - 
===== REWARD DETAILS FOR STEP 38 =====
Job: J273, Operation: 0, Job Completed: False
Current Time: 2075.00 -> 2121.00, Setup Time: 19.00
Processing Time: 27.00, Idle Time: 0.00
Completed Jobs: 0/300
Machine: M3, Material: Racebike_Rahmen_komplettiert

REWARD COMPONENTS:
- makespan_reward: -0.2300
- setup_reward: -4.7500
- deadline_reward: 0.0000
- priority_reward: 0.0000
- critical_job_reward: 0.5000
- placement_reward: 0.0000
- timeliness_reward: 7.2408
- machine_idle_penalty: -5.6125

TOTAL REWARD: -2.8517

CUMULATIVE REWARD COMPONENTS:
- makespan_reward: -10.6050
- setup_reward: -230.7500
- deadline_reward: 0.0000
- priority_reward: 0.0000
- critical_job_reward: 10.0000
- placement_reward: 0.0000
- timeliness_reward: 337.8741
- machine_idle_penalty: -116.9250

CUMULATIVE TOTAL: -10.4059

CRITICAL STATE INFO:
- Valid actions: ['J1', 'J2', 'J3', 'J4', 'J5', 'J6', 'J7', 'J8', 'J9', 'J10', 'J11', 'J12', 'J13', 'J14', 'J15', 'J16', 'J17', 'J18', 'J19', 'J20', 'J21', 'J22', 'J23', 'J24', 'J25', 'J26', 'J27', 'J28', 'J29', 'J30', 'J31', 'J32', 'J33', 'J34', 'J35', 'J36', 'J37', 'J38', 'J39', 'J40', 'J41', 'J42', 'J43', 'J44', 'J45', 'J46', 'J47', 'J48', 'J49', 'J50', 'J51', 'J52', 'J53', 'J54', 'J55', 'J56', 'J57', 'J58', 'J59', 'J60', 'J61', 'J62', 'J63', 'J64', 'J65', 'J66', 'J67', 'J68', 'J69', 'J70', 'J71', 'J72', 'J73', 'J74', 'J75', 'J76', 'J77', 'J78', 'J79', 'J80', 'J81', 'J82', 'J83', 'J84', 'J85', 'J86', 'J87', 'J88', 'J89', 'J90', 'J91', 'J92', 'J93', 'J94', 'J95', 'J96', 'J97', 'J98', 'J99', 'J100', 'J101', 'J102', 'J103', 'J104', 'J105', 'J106', 'J107', 'J108', 'J109', 'J110', 'J111', 'J112', 'J113', 'J114', 'J115', 'J116', 'J117', 'J118', 'J119', 'J120', 'J121', 'J122', 'J123', 'J124', 'J125', 'J126', 'J127', 'J128', 'J129', 'J130', 'J131', 'J132', 'J133', 'J134', 'J135', 'J136', 'J137', 'J138', 'J139', 'J140', 'J141', 'J142', 'J143', 'J144', 'J145', 'J146', 'J147', 'J148', 'J149', 'J150', 'J151', 'J152', 'J153', 'J154', 'J155', 'J156', 'J157', 'J158', 'J159', 'J160', 'J161', 'J162', 'J163', 'J164', 'J165', 'J166', 'J167', 'J168', 'J169', 'J170', 'J171', 'J172', 'J173', 'J174', 'J175', 'J176', 'J177', 'J178', 'J179', 'J180', 'J181', 'J182', 'J183', 'J184', 'J185', 'J186', 'J187', 'J188', 'J189', 'J190', 'J191', 'J192', 'J193', 'J194', 'J195', 'J196', 'J197', 'J198', 'J199', 'J200', 'J201', 'J202', 'J203', 'J204', 'J205', 'J206', 'J207', 'J208', 'J209', 'J210', 'J211', 'J212', 'J213', 'J214', 'J215', 'J216', 'J217', 'J218', 'J219', 'J220', 'J221', 'J222', 'J223', 'J224', 'J225', 'J226', 'J227', 'J228', 'J229', 'J230', 'J231', 'J232', 'J233', 'J234', 'J235', 'J236', 'J237', 'J238', 'J239', 'J240', 'J241', 'J242', 'J243', 'J244', 'J245', 'J246', 'J247', 'J248', 'J249', 'J250', 'J251', 'J252', 'J253', 'J254', 'J255', 'J256', 'J257', 'J258', 'J259', 'J260', 'J261', 'J262', 'J263', 'J264', 'J265', 'J266', 'J267', 'J268', 'J269', 'J270', 'J271', 'J272', 'J273', 'J274', 'J275', 'J276', 'J277', 'J278', 'J279', 'J280', 'J281', 'J282', 'J283', 'J284', 'J285', 'J286', 'J287', 'J288', 'J289', 'J290', 'J291', 'J292', 'J293', 'J294', 'J295', 'J296', 'J297', 'J298', 'J299', 'J300']
- Machine states:
  - Machine M1: Time=1924.00, Idle=197.00, Material=E-Bike_Rahmen_nachbearbeitet
  - Machine M2: Time=1869.00, Idle=252.00, Material=E-Bike_Bremsaufnahme_gebohrt
  - Machine M3: Time=2121.00, Idle=0.00, Material=Racebike_Rahmen_komplettiert
==================================================

2025-06-06 14:18:03,378 - JSPGymEnvironment - INFO - Material change on machine M2: E-Bike_Bremsaufnahme_gebohrt -> Mountainbike_Rahmen_komplettiert, setup time: 29
2025-06-06 14:18:03,379 - JSPGymEnvironment - INFO - Executed operation: Job J34, Op 0, Machine M2, Start: 2150, End: 2171, Setup: 29
2025-06-06 14:18:03,380 - JSPGymEnvironment - INFO - 
===== REWARD DETAILS FOR STEP 39 =====
Job: J34, Operation: 0, Job Completed: False
Current Time: 2121.00 -> 2171.00, Setup Time: 29.00
Processing Time: 21.00, Idle Time: 0.00
Completed Jobs: 0/300
Machine: M2, Material: Mountainbike_Rahmen_komplettiert

REWARD COMPONENTS:
- makespan_reward: -0.2500
- setup_reward: -7.2500
- deadline_reward: 0.0000
- priority_reward: 0.0000
- critical_job_reward: 0.0000
- placement_reward: 0.0000
- timeliness_reward: 7.0016
- machine_idle_penalty: -3.7125

TOTAL REWARD: -4.2109

CUMULATIVE REWARD COMPONENTS:
- makespan_reward: -10.8550
- setup_reward: -238.0000
- deadline_reward: 0.0000
- priority_reward: 0.0000
- critical_job_reward: 10.0000
- placement_reward: 0.0000
- timeliness_reward: 344.8757
- machine_idle_penalty: -120.6375

CUMULATIVE TOTAL: -14.6168

CRITICAL STATE INFO:
- Valid actions: ['J1', 'J2', 'J3', 'J4', 'J5', 'J6', 'J7', 'J8', 'J9', 'J10', 'J11', 'J12', 'J13', 'J14', 'J15', 'J16', 'J17', 'J18', 'J19', 'J20', 'J21', 'J22', 'J23', 'J24', 'J25', 'J26', 'J27', 'J28', 'J29', 'J30', 'J31', 'J32', 'J33', 'J34', 'J35', 'J36', 'J37', 'J38', 'J39', 'J40', 'J41', 'J42', 'J43', 'J44', 'J45', 'J46', 'J47', 'J48', 'J49', 'J50', 'J51', 'J52', 'J53', 'J54', 'J55', 'J56', 'J57', 'J58', 'J59', 'J60', 'J61', 'J62', 'J63', 'J64', 'J65', 'J66', 'J67', 'J68', 'J69', 'J70', 'J71', 'J72', 'J73', 'J74', 'J75', 'J76', 'J77', 'J78', 'J79', 'J80', 'J81', 'J82', 'J83', 'J84', 'J85', 'J86', 'J87', 'J88', 'J89', 'J90', 'J91', 'J92', 'J93', 'J94', 'J95', 'J96', 'J97', 'J98', 'J99', 'J100', 'J101', 'J102', 'J103', 'J104', 'J105', 'J106', 'J107', 'J108', 'J109', 'J110', 'J111', 'J112', 'J113', 'J114', 'J115', 'J116', 'J117', 'J118', 'J119', 'J120', 'J121', 'J122', 'J123', 'J124', 'J125', 'J126', 'J127', 'J128', 'J129', 'J130', 'J131', 'J132', 'J133', 'J134', 'J135', 'J136', 'J137', 'J138', 'J139', 'J140', 'J141', 'J142', 'J143', 'J144', 'J145', 'J146', 'J147', 'J148', 'J149', 'J150', 'J151', 'J152', 'J153', 'J154', 'J155', 'J156', 'J157', 'J158', 'J159', 'J160', 'J161', 'J162', 'J163', 'J164', 'J165', 'J166', 'J167', 'J168', 'J169', 'J170', 'J171', 'J172', 'J173', 'J174', 'J175', 'J176', 'J177', 'J178', 'J179', 'J180', 'J181', 'J182', 'J183', 'J184', 'J185', 'J186', 'J187', 'J188', 'J189', 'J190', 'J191', 'J192', 'J193', 'J194', 'J195', 'J196', 'J197', 'J198', 'J199', 'J200', 'J201', 'J202', 'J203', 'J204', 'J205', 'J206', 'J207', 'J208', 'J209', 'J210', 'J211', 'J212', 'J213', 'J214', 'J215', 'J216', 'J217', 'J218', 'J219', 'J220', 'J221', 'J222', 'J223', 'J224', 'J225', 'J226', 'J227', 'J228', 'J229', 'J230', 'J231', 'J232', 'J233', 'J234', 'J235', 'J236', 'J237', 'J238', 'J239', 'J240', 'J241', 'J242', 'J243', 'J244', 'J245', 'J246', 'J247', 'J248', 'J249', 'J250', 'J251', 'J252', 'J253', 'J254', 'J255', 'J256', 'J257', 'J258', 'J259', 'J260', 'J261', 'J262', 'J263', 'J264', 'J265', 'J266', 'J267', 'J268', 'J269', 'J270', 'J271', 'J272', 'J273', 'J274', 'J275', 'J276', 'J277', 'J278', 'J279', 'J280', 'J281', 'J282', 'J283', 'J284', 'J285', 'J286', 'J287', 'J288', 'J289', 'J290', 'J291', 'J292', 'J293', 'J294', 'J295', 'J296', 'J297', 'J298', 'J299', 'J300']
- Machine states:
  - Machine M1: Time=1924.00, Idle=247.00, Material=E-Bike_Rahmen_nachbearbeitet
  - Machine M2: Time=2171.00, Idle=0.00, Material=Mountainbike_Rahmen_komplettiert
  - Machine M3: Time=2121.00, Idle=50.00, Material=Racebike_Rahmen_komplettiert
==================================================

2025-06-06 14:18:15,853 - JSPGymEnvironment - INFO - Material change on machine M2: Mountainbike_Rahmen_komplettiert -> Racebike_Steuerrohr_montiert, setup time: 22
2025-06-06 14:18:15,853 - JSPGymEnvironment - INFO - Executed operation: Job J159, Op 0, Machine M2, Start: 2193, End: 2219, Setup: 22
2025-06-06 14:18:15,854 - JSPGymEnvironment - INFO - 
===== REWARD DETAILS FOR STEP 40 =====
Job: J159, Operation: 0, Job Completed: False
Current Time: 2171.00 -> 2219.00, Setup Time: 22.00
Processing Time: 26.00, Idle Time: 0.00
Completed Jobs: 0/300
Machine: M2, Material: Racebike_Steuerrohr_montiert

REWARD COMPONENTS:
- makespan_reward: -0.2400
- setup_reward: -5.5000
- deadline_reward: 0.0000
- priority_reward: 0.0000
- critical_job_reward: 0.5000
- placement_reward: 0.0000
- timeliness_reward: 6.7625
- machine_idle_penalty: -4.9125

TOTAL REWARD: -3.3900

CUMULATIVE REWARD COMPONENTS:
- makespan_reward: -11.0950
- setup_reward: -243.5000
- deadline_reward: 0.0000
- priority_reward: 0.0000
- critical_job_reward: 10.5000
- placement_reward: 0.0000
- timeliness_reward: 351.6382
- machine_idle_penalty: -125.5500

CUMULATIVE TOTAL: -18.0068

CRITICAL STATE INFO:
- Valid actions: ['J1', 'J2', 'J3', 'J4', 'J5', 'J6', 'J7', 'J8', 'J9', 'J10', 'J11', 'J12', 'J13', 'J14', 'J15', 'J16', 'J17', 'J18', 'J19', 'J20', 'J21', 'J22', 'J23', 'J24', 'J25', 'J26', 'J27', 'J28', 'J29', 'J30', 'J31', 'J32', 'J33', 'J34', 'J35', 'J36', 'J37', 'J38', 'J39', 'J40', 'J41', 'J42', 'J43', 'J44', 'J45', 'J46', 'J47', 'J48', 'J49', 'J50', 'J51', 'J52', 'J53', 'J54', 'J55', 'J56', 'J57', 'J58', 'J59', 'J60', 'J61', 'J62', 'J63', 'J64', 'J65', 'J66', 'J67', 'J68', 'J69', 'J70', 'J71', 'J72', 'J73', 'J74', 'J75', 'J76', 'J77', 'J78', 'J79', 'J80', 'J81', 'J82', 'J83', 'J84', 'J85', 'J86', 'J87', 'J88', 'J89', 'J90', 'J91', 'J92', 'J93', 'J94', 'J95', 'J96', 'J97', 'J98', 'J99', 'J100', 'J101', 'J102', 'J103', 'J104', 'J105', 'J106', 'J107', 'J108', 'J109', 'J110', 'J111', 'J112', 'J113', 'J114', 'J115', 'J116', 'J117', 'J118', 'J119', 'J120', 'J121', 'J122', 'J123', 'J124', 'J125', 'J126', 'J127', 'J128', 'J129', 'J130', 'J131', 'J132', 'J133', 'J134', 'J135', 'J136', 'J137', 'J138', 'J139', 'J140', 'J141', 'J142', 'J143', 'J144', 'J145', 'J146', 'J147', 'J148', 'J149', 'J150', 'J151', 'J152', 'J153', 'J154', 'J155', 'J156', 'J157', 'J158', 'J159', 'J160', 'J161', 'J162', 'J163', 'J164', 'J165', 'J166', 'J167', 'J168', 'J169', 'J170', 'J171', 'J172', 'J173', 'J174', 'J175', 'J176', 'J177', 'J178', 'J179', 'J180', 'J181', 'J182', 'J183', 'J184', 'J185', 'J186', 'J187', 'J188', 'J189', 'J190', 'J191', 'J192', 'J193', 'J194', 'J195', 'J196', 'J197', 'J198', 'J199', 'J200', 'J201', 'J202', 'J203', 'J204', 'J205', 'J206', 'J207', 'J208', 'J209', 'J210', 'J211', 'J212', 'J213', 'J214', 'J215', 'J216', 'J217', 'J218', 'J219', 'J220', 'J221', 'J222', 'J223', 'J224', 'J225', 'J226', 'J227', 'J228', 'J229', 'J230', 'J231', 'J232', 'J233', 'J234', 'J235', 'J236', 'J237', 'J238', 'J239', 'J240', 'J241', 'J242', 'J243', 'J244', 'J245', 'J246', 'J247', 'J248', 'J249', 'J250', 'J251', 'J252', 'J253', 'J254', 'J255', 'J256', 'J257', 'J258', 'J259', 'J260', 'J261', 'J262', 'J263', 'J264', 'J265', 'J266', 'J267', 'J268', 'J269', 'J270', 'J271', 'J272', 'J273', 'J274', 'J275', 'J276', 'J277', 'J278', 'J279', 'J280', 'J281', 'J282', 'J283', 'J284', 'J285', 'J286', 'J287', 'J288', 'J289', 'J290', 'J291', 'J292', 'J293', 'J294', 'J295', 'J296', 'J297', 'J298', 'J299', 'J300']
- Machine states:
  - Machine M1: Time=1924.00, Idle=295.00, Material=E-Bike_Rahmen_nachbearbeitet
  - Machine M2: Time=2219.00, Idle=0.00, Material=Racebike_Steuerrohr_montiert
  - Machine M3: Time=2121.00, Idle=98.00, Material=Racebike_Rahmen_komplettiert
==================================================

2025-06-06 14:18:27,610 - JSPGymEnvironment - INFO - Material change on machine M1: E-Bike_Rahmen_nachbearbeitet -> E-Bike_Laufraeder_montiert, setup time: 40
2025-06-06 14:18:27,611 - JSPGymEnvironment - INFO - Executed operation: Job J146, Op 0, Machine M1, Start: 2259, End: 2291, Setup: 40
2025-06-06 14:18:27,612 - JSPGymEnvironment - INFO - 
===== REWARD DETAILS FOR STEP 41 =====
Job: J146, Operation: 0, Job Completed: False
Current Time: 2219.00 -> 2291.00, Setup Time: 40.00
Processing Time: 32.00, Idle Time: 0.00
Completed Jobs: 0/300
Machine: M1, Material: E-Bike_Laufraeder_montiert

REWARD COMPONENTS:
- makespan_reward: -0.3600
- setup_reward: -10.0000
- deadline_reward: 0.0000
- priority_reward: 0.0000
- critical_job_reward: 0.5000
- placement_reward: 0.0000
- timeliness_reward: 6.3913
- machine_idle_penalty: -3.0250

TOTAL REWARD: -6.4937

CUMULATIVE REWARD COMPONENTS:
- makespan_reward: -11.4550
- setup_reward: -253.5000
- deadline_reward: 0.0000
- priority_reward: 0.0000
- critical_job_reward: 11.0000
- placement_reward: 0.0000
- timeliness_reward: 358.0295
- machine_idle_penalty: -128.5750

CUMULATIVE TOTAL: -24.5005

CRITICAL STATE INFO:
- Valid actions: ['J1', 'J2', 'J3', 'J4', 'J5', 'J6', 'J7', 'J8', 'J9', 'J10', 'J11', 'J12', 'J13', 'J14', 'J15', 'J16', 'J17', 'J18', 'J19', 'J20', 'J21', 'J22', 'J23', 'J24', 'J25', 'J26', 'J27', 'J28', 'J29', 'J30', 'J31', 'J32', 'J33', 'J34', 'J35', 'J36', 'J37', 'J38', 'J39', 'J40', 'J41', 'J42', 'J43', 'J44', 'J45', 'J46', 'J47', 'J48', 'J49', 'J50', 'J51', 'J52', 'J53', 'J54', 'J55', 'J56', 'J57', 'J58', 'J59', 'J60', 'J61', 'J62', 'J63', 'J64', 'J65', 'J66', 'J67', 'J68', 'J69', 'J70', 'J71', 'J72', 'J73', 'J74', 'J75', 'J76', 'J77', 'J78', 'J79', 'J80', 'J81', 'J82', 'J83', 'J84', 'J85', 'J86', 'J87', 'J88', 'J89', 'J90', 'J91', 'J92', 'J93', 'J94', 'J95', 'J96', 'J97', 'J98', 'J99', 'J100', 'J101', 'J102', 'J103', 'J104', 'J105', 'J106', 'J107', 'J108', 'J109', 'J110', 'J111', 'J112', 'J113', 'J114', 'J115', 'J116', 'J117', 'J118', 'J119', 'J120', 'J121', 'J122', 'J123', 'J124', 'J125', 'J126', 'J127', 'J128', 'J129', 'J130', 'J131', 'J132', 'J133', 'J134', 'J135', 'J136', 'J137', 'J138', 'J139', 'J140', 'J141', 'J142', 'J143', 'J144', 'J145', 'J146', 'J147', 'J148', 'J149', 'J150', 'J151', 'J152', 'J153', 'J154', 'J155', 'J156', 'J157', 'J158', 'J159', 'J160', 'J161', 'J162', 'J163', 'J164', 'J165', 'J166', 'J167', 'J168', 'J169', 'J170', 'J171', 'J172', 'J173', 'J174', 'J175', 'J176', 'J177', 'J178', 'J179', 'J180', 'J181', 'J182', 'J183', 'J184', 'J185', 'J186', 'J187', 'J188', 'J189', 'J190', 'J191', 'J192', 'J193', 'J194', 'J195', 'J196', 'J197', 'J198', 'J199', 'J200', 'J201', 'J202', 'J203', 'J204', 'J205', 'J206', 'J207', 'J208', 'J209', 'J210', 'J211', 'J212', 'J213', 'J214', 'J215', 'J216', 'J217', 'J218', 'J219', 'J220', 'J221', 'J222', 'J223', 'J224', 'J225', 'J226', 'J227', 'J228', 'J229', 'J230', 'J231', 'J232', 'J233', 'J234', 'J235', 'J236', 'J237', 'J238', 'J239', 'J240', 'J241', 'J242', 'J243', 'J244', 'J245', 'J246', 'J247', 'J248', 'J249', 'J250', 'J251', 'J252', 'J253', 'J254', 'J255', 'J256', 'J257', 'J258', 'J259', 'J260', 'J261', 'J262', 'J263', 'J264', 'J265', 'J266', 'J267', 'J268', 'J269', 'J270', 'J271', 'J272', 'J273', 'J274', 'J275', 'J276', 'J277', 'J278', 'J279', 'J280', 'J281', 'J282', 'J283', 'J284', 'J285', 'J286', 'J287', 'J288', 'J289', 'J290', 'J291', 'J292', 'J293', 'J294', 'J295', 'J296', 'J297', 'J298', 'J299', 'J300']
- Machine states:
  - Machine M1: Time=2291.00, Idle=0.00, Material=E-Bike_Laufraeder_montiert
  - Machine M2: Time=2219.00, Idle=72.00, Material=Racebike_Steuerrohr_montiert
  - Machine M3: Time=2121.00, Idle=170.00, Material=Racebike_Rahmen_komplettiert
==================================================

2025-06-06 14:18:39,346 - JSPGymEnvironment - INFO - Material change on machine M1: E-Bike_Laufraeder_montiert -> Racebike_Schaltauge_bearbeitet, setup time: 54
2025-06-06 14:18:39,347 - JSPGymEnvironment - INFO - Executed operation: Job J84, Op 1, Machine M1, Start: 2345, End: 2390, Setup: 54
2025-06-06 14:18:39,348 - JSPGymEnvironment - INFO - 
===== REWARD DETAILS FOR STEP 42 =====
Job: J84, Operation: 1, Job Completed: False
Current Time: 2291.00 -> 2390.00, Setup Time: 54.00
Processing Time: 45.00, Idle Time: 0.00
Completed Jobs: 0/300
Machine: M1, Material: Racebike_Schaltauge_bearbeitet

REWARD COMPONENTS:
- makespan_reward: -0.4950
- setup_reward: -13.5000
- deadline_reward: 0.0000
- priority_reward: 0.0000
- critical_job_reward: 0.5000
- placement_reward: 0.0000
- timeliness_reward: 5.8239
- machine_idle_penalty: -5.5000

TOTAL REWARD: -13.1711

CUMULATIVE REWARD COMPONENTS:
- makespan_reward: -11.9500
- setup_reward: -267.0000
- deadline_reward: 0.0000
- priority_reward: 0.0000
- critical_job_reward: 11.5000
- placement_reward: 0.0000
- timeliness_reward: 363.8534
- machine_idle_penalty: -134.0750

CUMULATIVE TOTAL: -37.6716

CRITICAL STATE INFO:
- Valid actions: ['J1', 'J2', 'J3', 'J4', 'J5', 'J6', 'J7', 'J8', 'J9', 'J10', 'J11', 'J12', 'J13', 'J14', 'J15', 'J16', 'J17', 'J18', 'J19', 'J20', 'J21', 'J22', 'J23', 'J24', 'J25', 'J26', 'J27', 'J28', 'J29', 'J30', 'J31', 'J32', 'J33', 'J34', 'J35', 'J36', 'J37', 'J38', 'J39', 'J40', 'J41', 'J42', 'J43', 'J44', 'J45', 'J46', 'J47', 'J48', 'J49', 'J50', 'J51', 'J52', 'J53', 'J54', 'J55', 'J56', 'J57', 'J58', 'J59', 'J60', 'J61', 'J62', 'J63', 'J64', 'J65', 'J66', 'J67', 'J68', 'J69', 'J70', 'J71', 'J72', 'J73', 'J74', 'J75', 'J76', 'J77', 'J78', 'J79', 'J80', 'J81', 'J82', 'J83', 'J84', 'J85', 'J86', 'J87', 'J88', 'J89', 'J90', 'J91', 'J92', 'J93', 'J94', 'J95', 'J96', 'J97', 'J98', 'J99', 'J100', 'J101', 'J102', 'J103', 'J104', 'J105', 'J106', 'J107', 'J108', 'J109', 'J110', 'J111', 'J112', 'J113', 'J114', 'J115', 'J116', 'J117', 'J118', 'J119', 'J120', 'J121', 'J122', 'J123', 'J124', 'J125', 'J126', 'J127', 'J128', 'J129', 'J130', 'J131', 'J132', 'J133', 'J134', 'J135', 'J136', 'J137', 'J138', 'J139', 'J140', 'J141', 'J142', 'J143', 'J144', 'J145', 'J146', 'J147', 'J148', 'J149', 'J150', 'J151', 'J152', 'J153', 'J154', 'J155', 'J156', 'J157', 'J158', 'J159', 'J160', 'J161', 'J162', 'J163', 'J164', 'J165', 'J166', 'J167', 'J168', 'J169', 'J170', 'J171', 'J172', 'J173', 'J174', 'J175', 'J176', 'J177', 'J178', 'J179', 'J180', 'J181', 'J182', 'J183', 'J184', 'J185', 'J186', 'J187', 'J188', 'J189', 'J190', 'J191', 'J192', 'J193', 'J194', 'J195', 'J196', 'J197', 'J198', 'J199', 'J200', 'J201', 'J202', 'J203', 'J204', 'J205', 'J206', 'J207', 'J208', 'J209', 'J210', 'J211', 'J212', 'J213', 'J214', 'J215', 'J216', 'J217', 'J218', 'J219', 'J220', 'J221', 'J222', 'J223', 'J224', 'J225', 'J226', 'J227', 'J228', 'J229', 'J230', 'J231', 'J232', 'J233', 'J234', 'J235', 'J236', 'J237', 'J238', 'J239', 'J240', 'J241', 'J242', 'J243', 'J244', 'J245', 'J246', 'J247', 'J248', 'J249', 'J250', 'J251', 'J252', 'J253', 'J254', 'J255', 'J256', 'J257', 'J258', 'J259', 'J260', 'J261', 'J262', 'J263', 'J264', 'J265', 'J266', 'J267', 'J268', 'J269', 'J270', 'J271', 'J272', 'J273', 'J274', 'J275', 'J276', 'J277', 'J278', 'J279', 'J280', 'J281', 'J282', 'J283', 'J284', 'J285', 'J286', 'J287', 'J288', 'J289', 'J290', 'J291', 'J292', 'J293', 'J294', 'J295', 'J296', 'J297', 'J298', 'J299', 'J300']
- Machine states:
  - Machine M1: Time=2390.00, Idle=0.00, Material=Racebike_Schaltauge_bearbeitet
  - Machine M2: Time=2219.00, Idle=171.00, Material=Racebike_Steuerrohr_montiert
  - Machine M3: Time=2121.00, Idle=269.00, Material=Racebike_Rahmen_komplettiert
==================================================

2025-06-06 14:18:51,915 - JSPGymEnvironment - INFO - Material change on machine M1: Racebike_Schaltauge_bearbeitet -> Racebike_Steuerrohr_montiert, setup time: 40
2025-06-06 14:18:51,915 - JSPGymEnvironment - INFO - Executed operation: Job J287, Op 0, Machine M1, Start: 2430, End: 2456, Setup: 40
2025-06-06 14:18:51,916 - JSPGymEnvironment - INFO - 
===== REWARD DETAILS FOR STEP 43 =====
Job: J287, Operation: 0, Job Completed: False
Current Time: 2390.00 -> 2456.00, Setup Time: 40.00
Processing Time: 26.00, Idle Time: 0.00
Completed Jobs: 0/300
Machine: M1, Material: Racebike_Steuerrohr_montiert

REWARD COMPONENTS:
- makespan_reward: -0.3300
- setup_reward: -10.0000
- deadline_reward: 0.0000
- priority_reward: 0.0000
- critical_job_reward: 0.5000
- placement_reward: 0.0000
- timeliness_reward: 5.3969
- machine_idle_penalty: -7.1500

TOTAL REWARD: -11.5831

CUMULATIVE REWARD COMPONENTS:
- makespan_reward: -12.2800
- setup_reward: -277.0000
- deadline_reward: 0.0000
- priority_reward: 0.0000
- critical_job_reward: 12.0000
- placement_reward: 0.0000
- timeliness_reward: 369.2503
- machine_idle_penalty: -141.2250

CUMULATIVE TOTAL: -49.2547

CRITICAL STATE INFO:
- Valid actions: ['J1', 'J2', 'J3', 'J4', 'J5', 'J6', 'J7', 'J8', 'J9', 'J10', 'J11', 'J12', 'J13', 'J14', 'J15', 'J16', 'J17', 'J18', 'J19', 'J20', 'J21', 'J22', 'J23', 'J24', 'J25', 'J26', 'J27', 'J28', 'J29', 'J30', 'J31', 'J32', 'J33', 'J34', 'J35', 'J36', 'J37', 'J38', 'J39', 'J40', 'J41', 'J42', 'J43', 'J44', 'J45', 'J46', 'J47', 'J48', 'J49', 'J50', 'J51', 'J52', 'J53', 'J54', 'J55', 'J56', 'J57', 'J58', 'J59', 'J60', 'J61', 'J62', 'J63', 'J64', 'J65', 'J66', 'J67', 'J68', 'J69', 'J70', 'J71', 'J72', 'J73', 'J74', 'J75', 'J76', 'J77', 'J78', 'J79', 'J80', 'J81', 'J82', 'J83', 'J84', 'J85', 'J86', 'J87', 'J88', 'J89', 'J90', 'J91', 'J92', 'J93', 'J94', 'J95', 'J96', 'J97', 'J98', 'J99', 'J100', 'J101', 'J102', 'J103', 'J104', 'J105', 'J106', 'J107', 'J108', 'J109', 'J110', 'J111', 'J112', 'J113', 'J114', 'J115', 'J116', 'J117', 'J118', 'J119', 'J120', 'J121', 'J122', 'J123', 'J124', 'J125', 'J126', 'J127', 'J128', 'J129', 'J130', 'J131', 'J132', 'J133', 'J134', 'J135', 'J136', 'J137', 'J138', 'J139', 'J140', 'J141', 'J142', 'J143', 'J144', 'J145', 'J146', 'J147', 'J148', 'J149', 'J150', 'J151', 'J152', 'J153', 'J154', 'J155', 'J156', 'J157', 'J158', 'J159', 'J160', 'J161', 'J162', 'J163', 'J164', 'J165', 'J166', 'J167', 'J168', 'J169', 'J170', 'J171', 'J172', 'J173', 'J174', 'J175', 'J176', 'J177', 'J178', 'J179', 'J180', 'J181', 'J182', 'J183', 'J184', 'J185', 'J186', 'J187', 'J188', 'J189', 'J190', 'J191', 'J192', 'J193', 'J194', 'J195', 'J196', 'J197', 'J198', 'J199', 'J200', 'J201', 'J202', 'J203', 'J204', 'J205', 'J206', 'J207', 'J208', 'J209', 'J210', 'J211', 'J212', 'J213', 'J214', 'J215', 'J216', 'J217', 'J218', 'J219', 'J220', 'J221', 'J222', 'J223', 'J224', 'J225', 'J226', 'J227', 'J228', 'J229', 'J230', 'J231', 'J232', 'J233', 'J234', 'J235', 'J236', 'J237', 'J238', 'J239', 'J240', 'J241', 'J242', 'J243', 'J244', 'J245', 'J246', 'J247', 'J248', 'J249', 'J250', 'J251', 'J252', 'J253', 'J254', 'J255', 'J256', 'J257', 'J258', 'J259', 'J260', 'J261', 'J262', 'J263', 'J264', 'J265', 'J266', 'J267', 'J268', 'J269', 'J270', 'J271', 'J272', 'J273', 'J274', 'J275', 'J276', 'J277', 'J278', 'J279', 'J280', 'J281', 'J282', 'J283', 'J284', 'J285', 'J286', 'J287', 'J288', 'J289', 'J290', 'J291', 'J292', 'J293', 'J294', 'J295', 'J296', 'J297', 'J298', 'J299', 'J300']
- Machine states:
  - Machine M1: Time=2456.00, Idle=0.00, Material=Racebike_Steuerrohr_montiert
  - Machine M2: Time=2219.00, Idle=237.00, Material=Racebike_Steuerrohr_montiert
  - Machine M3: Time=2121.00, Idle=335.00, Material=Racebike_Rahmen_komplettiert
==================================================

2025-06-06 14:19:03,753 - JSPGymEnvironment - INFO - Material change on machine M2: Racebike_Steuerrohr_montiert -> Racebike_Bremsen_justiert, setup time: 20
2025-06-06 14:19:03,753 - JSPGymEnvironment - INFO - Executed operation: Job J107, Op 3, Machine M2, Start: 2476, End: 2495, Setup: 20
2025-06-06 14:19:03,754 - JSPGymEnvironment - INFO - 
===== REWARD DETAILS FOR STEP 44 =====
Job: J107, Operation: 3, Job Completed: False
Current Time: 2456.00 -> 2495.00, Setup Time: 20.00
Processing Time: 19.00, Idle Time: 0.00
Completed Jobs: 0/300
Machine: M2, Material: Racebike_Bremsen_justiert

REWARD COMPONENTS:
- makespan_reward: -0.1950
- setup_reward: -5.0000
- deadline_reward: 0.0000
- priority_reward: 0.0000
- critical_job_reward: 0.5000
- placement_reward: 0.0000
- timeliness_reward: 5.1006
- machine_idle_penalty: -5.1625

TOTAL REWARD: -4.7569

CUMULATIVE REWARD COMPONENTS:
- makespan_reward: -12.4750
- setup_reward: -282.0000
- deadline_reward: 0.0000
- priority_reward: 0.0000
- critical_job_reward: 12.5000
- placement_reward: 0.0000
- timeliness_reward: 374.3509
- machine_idle_penalty: -146.3875

CUMULATIVE TOTAL: -54.0116

CRITICAL STATE INFO:
- Valid actions: ['J1', 'J2', 'J3', 'J4', 'J5', 'J6', 'J7', 'J8', 'J9', 'J10', 'J11', 'J12', 'J13', 'J14', 'J15', 'J16', 'J17', 'J18', 'J19', 'J20', 'J21', 'J22', 'J23', 'J24', 'J25', 'J26', 'J27', 'J28', 'J29', 'J30', 'J31', 'J32', 'J33', 'J34', 'J35', 'J36', 'J37', 'J38', 'J39', 'J40', 'J41', 'J42', 'J43', 'J44', 'J45', 'J46', 'J47', 'J48', 'J49', 'J50', 'J51', 'J52', 'J53', 'J54', 'J55', 'J56', 'J57', 'J58', 'J59', 'J60', 'J61', 'J62', 'J63', 'J64', 'J65', 'J66', 'J67', 'J68', 'J69', 'J70', 'J71', 'J72', 'J73', 'J74', 'J75', 'J76', 'J77', 'J78', 'J79', 'J80', 'J81', 'J82', 'J83', 'J84', 'J85', 'J86', 'J87', 'J88', 'J89', 'J90', 'J91', 'J92', 'J93', 'J94', 'J95', 'J96', 'J97', 'J98', 'J99', 'J100', 'J101', 'J102', 'J103', 'J104', 'J105', 'J106', 'J107', 'J108', 'J109', 'J110', 'J111', 'J112', 'J113', 'J114', 'J115', 'J116', 'J117', 'J118', 'J119', 'J120', 'J121', 'J122', 'J123', 'J124', 'J125', 'J126', 'J127', 'J128', 'J129', 'J130', 'J131', 'J132', 'J133', 'J134', 'J135', 'J136', 'J137', 'J138', 'J139', 'J140', 'J141', 'J142', 'J143', 'J144', 'J145', 'J146', 'J147', 'J148', 'J149', 'J150', 'J151', 'J152', 'J153', 'J154', 'J155', 'J156', 'J157', 'J158', 'J159', 'J160', 'J161', 'J162', 'J163', 'J164', 'J165', 'J166', 'J167', 'J168', 'J169', 'J170', 'J171', 'J172', 'J173', 'J174', 'J175', 'J176', 'J177', 'J178', 'J179', 'J180', 'J181', 'J182', 'J183', 'J184', 'J185', 'J186', 'J187', 'J188', 'J189', 'J190', 'J191', 'J192', 'J193', 'J194', 'J195', 'J196', 'J197', 'J198', 'J199', 'J200', 'J201', 'J202', 'J203', 'J204', 'J205', 'J206', 'J207', 'J208', 'J209', 'J210', 'J211', 'J212', 'J213', 'J214', 'J215', 'J216', 'J217', 'J218', 'J219', 'J220', 'J221', 'J222', 'J223', 'J224', 'J225', 'J226', 'J227', 'J228', 'J229', 'J230', 'J231', 'J232', 'J233', 'J234', 'J235', 'J236', 'J237', 'J238', 'J239', 'J240', 'J241', 'J242', 'J243', 'J244', 'J245', 'J246', 'J247', 'J248', 'J249', 'J250', 'J251', 'J252', 'J253', 'J254', 'J255', 'J256', 'J257', 'J258', 'J259', 'J260', 'J261', 'J262', 'J263', 'J264', 'J265', 'J266', 'J267', 'J268', 'J269', 'J270', 'J271', 'J272', 'J273', 'J274', 'J275', 'J276', 'J277', 'J278', 'J279', 'J280', 'J281', 'J282', 'J283', 'J284', 'J285', 'J286', 'J287', 'J288', 'J289', 'J290', 'J291', 'J292', 'J293', 'J294', 'J295', 'J296', 'J297', 'J298', 'J299', 'J300']
- Machine states:
  - Machine M1: Time=2456.00, Idle=39.00, Material=Racebike_Steuerrohr_montiert
  - Machine M2: Time=2495.00, Idle=0.00, Material=Racebike_Bremsen_justiert
  - Machine M3: Time=2121.00, Idle=374.00, Material=Racebike_Rahmen_komplettiert
==================================================

2025-06-06 14:19:15,497 - JSPGymEnvironment - INFO - Material change on machine M1: Racebike_Steuerrohr_montiert -> Citybike_Antrieb_installiert, setup time: 33
2025-06-06 14:19:15,497 - JSPGymEnvironment - INFO - Executed operation: Job J25, Op 0, Machine M1, Start: 2528, End: 2545, Setup: 33
2025-06-06 14:19:15,498 - JSPGymEnvironment - INFO - 
===== REWARD DETAILS FOR STEP 45 =====
Job: J25, Operation: 0, Job Completed: False
Current Time: 2495.00 -> 2545.00, Setup Time: 33.00
Processing Time: 17.00, Idle Time: 0.00
Completed Jobs: 0/300
Machine: M1, Material: Citybike_Antrieb_installiert

REWARD COMPONENTS:
- makespan_reward: -0.2500
- setup_reward: -8.2500
- deadline_reward: 0.0000
- priority_reward: 0.0000
- critical_job_reward: 0.0000
- placement_reward: 0.0000
- timeliness_reward: 4.7419
- machine_idle_penalty: -5.9250

TOTAL REWARD: -9.6831

CUMULATIVE REWARD COMPONENTS:
- makespan_reward: -12.7250
- setup_reward: -290.2500
- deadline_reward: 0.0000
- priority_reward: 0.0000
- critical_job_reward: 12.5000
- placement_reward: 0.0000
- timeliness_reward: 379.0928
- machine_idle_penalty: -152.3125

CUMULATIVE TOTAL: -63.6947

CRITICAL STATE INFO:
- Valid actions: ['J1', 'J2', 'J3', 'J4', 'J5', 'J6', 'J7', 'J8', 'J9', 'J10', 'J11', 'J12', 'J13', 'J14', 'J15', 'J16', 'J17', 'J18', 'J19', 'J20', 'J21', 'J22', 'J23', 'J24', 'J25', 'J26', 'J27', 'J28', 'J29', 'J30', 'J31', 'J32', 'J33', 'J34', 'J35', 'J36', 'J37', 'J38', 'J39', 'J40', 'J41', 'J42', 'J43', 'J44', 'J45', 'J46', 'J47', 'J48', 'J49', 'J50', 'J51', 'J52', 'J53', 'J54', 'J55', 'J56', 'J57', 'J58', 'J59', 'J60', 'J61', 'J62', 'J63', 'J64', 'J65', 'J66', 'J67', 'J68', 'J69', 'J70', 'J71', 'J72', 'J73', 'J74', 'J75', 'J76', 'J77', 'J78', 'J79', 'J80', 'J81', 'J82', 'J83', 'J84', 'J85', 'J86', 'J87', 'J88', 'J89', 'J90', 'J91', 'J92', 'J93', 'J94', 'J95', 'J96', 'J97', 'J98', 'J99', 'J100', 'J101', 'J102', 'J103', 'J104', 'J105', 'J106', 'J107', 'J108', 'J109', 'J110', 'J111', 'J112', 'J113', 'J114', 'J115', 'J116', 'J117', 'J118', 'J119', 'J120', 'J121', 'J122', 'J123', 'J124', 'J125', 'J126', 'J127', 'J128', 'J129', 'J130', 'J131', 'J132', 'J133', 'J134', 'J135', 'J136', 'J137', 'J138', 'J139', 'J140', 'J141', 'J142', 'J143', 'J144', 'J145', 'J146', 'J147', 'J148', 'J149', 'J150', 'J151', 'J152', 'J153', 'J154', 'J155', 'J156', 'J157', 'J158', 'J159', 'J160', 'J161', 'J162', 'J163', 'J164', 'J165', 'J166', 'J167', 'J168', 'J169', 'J170', 'J171', 'J172', 'J173', 'J174', 'J175', 'J176', 'J177', 'J178', 'J179', 'J180', 'J181', 'J182', 'J183', 'J184', 'J185', 'J186', 'J187', 'J188', 'J189', 'J190', 'J191', 'J192', 'J193', 'J194', 'J195', 'J196', 'J197', 'J198', 'J199', 'J200', 'J201', 'J202', 'J203', 'J204', 'J205', 'J206', 'J207', 'J208', 'J209', 'J210', 'J211', 'J212', 'J213', 'J214', 'J215', 'J216', 'J217', 'J218', 'J219', 'J220', 'J221', 'J222', 'J223', 'J224', 'J225', 'J226', 'J227', 'J228', 'J229', 'J230', 'J231', 'J232', 'J233', 'J234', 'J235', 'J236', 'J237', 'J238', 'J239', 'J240', 'J241', 'J242', 'J243', 'J244', 'J245', 'J246', 'J247', 'J248', 'J249', 'J250', 'J251', 'J252', 'J253', 'J254', 'J255', 'J256', 'J257', 'J258', 'J259', 'J260', 'J261', 'J262', 'J263', 'J264', 'J265', 'J266', 'J267', 'J268', 'J269', 'J270', 'J271', 'J272', 'J273', 'J274', 'J275', 'J276', 'J277', 'J278', 'J279', 'J280', 'J281', 'J282', 'J283', 'J284', 'J285', 'J286', 'J287', 'J288', 'J289', 'J290', 'J291', 'J292', 'J293', 'J294', 'J295', 'J296', 'J297', 'J298', 'J299', 'J300']
- Machine states:
  - Machine M1: Time=2545.00, Idle=0.00, Material=Citybike_Antrieb_installiert
  - Machine M2: Time=2495.00, Idle=50.00, Material=Racebike_Bremsen_justiert
  - Machine M3: Time=2121.00, Idle=424.00, Material=Racebike_Rahmen_komplettiert
==================================================

2025-06-06 14:19:27,739 - JSPGymEnvironment - INFO - Material change on machine M3: Racebike_Rahmen_komplettiert -> Racebike_Hauptrahmen_zugeschnitten, setup time: 15
2025-06-06 14:19:27,740 - JSPGymEnvironment - INFO - Executed operation: Job J84, Op 2, Machine M3, Start: 2560, End: 2620, Setup: 15
2025-06-06 14:19:27,741 - JSPGymEnvironment - INFO - 
===== REWARD DETAILS FOR STEP 46 =====
Job: J84, Operation: 2, Job Completed: False
Current Time: 2545.00 -> 2620.00, Setup Time: 15.00
Processing Time: 60.00, Idle Time: 0.00
Completed Jobs: 0/300
Machine: M3, Material: Racebike_Hauptrahmen_zugeschnitten

REWARD COMPONENTS:
- makespan_reward: -0.3750
- setup_reward: -3.7500
- deadline_reward: 0.0000
- priority_reward: 0.0000
- critical_job_reward: 0.5000
- placement_reward: 0.0000
- timeliness_reward: 4.1805
- machine_idle_penalty: -2.5000

TOTAL REWARD: -1.9445

CUMULATIVE REWARD COMPONENTS:
- makespan_reward: -13.1000
- setup_reward: -294.0000
- deadline_reward: 0.0000
- priority_reward: 0.0000
- critical_job_reward: 13.0000
- placement_reward: 0.0000
- timeliness_reward: 383.2734
- machine_idle_penalty: -154.8125

CUMULATIVE TOTAL: -65.6391

CRITICAL STATE INFO:
- Valid actions: ['J1', 'J2', 'J3', 'J4', 'J5', 'J6', 'J7', 'J8', 'J9', 'J10', 'J11', 'J12', 'J13', 'J14', 'J15', 'J16', 'J17', 'J18', 'J19', 'J20', 'J21', 'J22', 'J23', 'J24', 'J25', 'J26', 'J27', 'J28', 'J29', 'J30', 'J31', 'J32', 'J33', 'J34', 'J35', 'J36', 'J37', 'J38', 'J39', 'J40', 'J41', 'J42', 'J43', 'J44', 'J45', 'J46', 'J47', 'J48', 'J49', 'J50', 'J51', 'J52', 'J53', 'J54', 'J55', 'J56', 'J57', 'J58', 'J59', 'J60', 'J61', 'J62', 'J63', 'J64', 'J65', 'J66', 'J67', 'J68', 'J69', 'J70', 'J71', 'J72', 'J73', 'J74', 'J75', 'J76', 'J77', 'J78', 'J79', 'J80', 'J81', 'J82', 'J83', 'J84', 'J85', 'J86', 'J87', 'J88', 'J89', 'J90', 'J91', 'J92', 'J93', 'J94', 'J95', 'J96', 'J97', 'J98', 'J99', 'J100', 'J101', 'J102', 'J103', 'J104', 'J105', 'J106', 'J107', 'J108', 'J109', 'J110', 'J111', 'J112', 'J113', 'J114', 'J115', 'J116', 'J117', 'J118', 'J119', 'J120', 'J121', 'J122', 'J123', 'J124', 'J125', 'J126', 'J127', 'J128', 'J129', 'J130', 'J131', 'J132', 'J133', 'J134', 'J135', 'J136', 'J137', 'J138', 'J139', 'J140', 'J141', 'J142', 'J143', 'J144', 'J145', 'J146', 'J147', 'J148', 'J149', 'J150', 'J151', 'J152', 'J153', 'J154', 'J155', 'J156', 'J157', 'J158', 'J159', 'J160', 'J161', 'J162', 'J163', 'J164', 'J165', 'J166', 'J167', 'J168', 'J169', 'J170', 'J171', 'J172', 'J173', 'J174', 'J175', 'J176', 'J177', 'J178', 'J179', 'J180', 'J181', 'J182', 'J183', 'J184', 'J185', 'J186', 'J187', 'J188', 'J189', 'J190', 'J191', 'J192', 'J193', 'J194', 'J195', 'J196', 'J197', 'J198', 'J199', 'J200', 'J201', 'J202', 'J203', 'J204', 'J205', 'J206', 'J207', 'J208', 'J209', 'J210', 'J211', 'J212', 'J213', 'J214', 'J215', 'J216', 'J217', 'J218', 'J219', 'J220', 'J221', 'J222', 'J223', 'J224', 'J225', 'J226', 'J227', 'J228', 'J229', 'J230', 'J231', 'J232', 'J233', 'J234', 'J235', 'J236', 'J237', 'J238', 'J239', 'J240', 'J241', 'J242', 'J243', 'J244', 'J245', 'J246', 'J247', 'J248', 'J249', 'J250', 'J251', 'J252', 'J253', 'J254', 'J255', 'J256', 'J257', 'J258', 'J259', 'J260', 'J261', 'J262', 'J263', 'J264', 'J265', 'J266', 'J267', 'J268', 'J269', 'J270', 'J271', 'J272', 'J273', 'J274', 'J275', 'J276', 'J277', 'J278', 'J279', 'J280', 'J281', 'J282', 'J283', 'J284', 'J285', 'J286', 'J287', 'J288', 'J289', 'J290', 'J291', 'J292', 'J293', 'J294', 'J295', 'J296', 'J297', 'J298', 'J299', 'J300']
- Machine states:
  - Machine M1: Time=2545.00, Idle=75.00, Material=Citybike_Antrieb_installiert
  - Machine M2: Time=2495.00, Idle=125.00, Material=Racebike_Bremsen_justiert
  - Machine M3: Time=2620.00, Idle=0.00, Material=Racebike_Hauptrahmen_zugeschnitten
==================================================

2025-06-06 14:19:40,240 - JSPGymEnvironment - INFO - Material change on machine M3: Racebike_Hauptrahmen_zugeschnitten -> E-Bike_Rahmen_nachbearbeitet, setup time: 15
2025-06-06 14:19:40,240 - JSPGymEnvironment - INFO - Executed operation: Job J185, Op 1, Machine M3, Start: 2635, End: 2686, Setup: 15
2025-06-06 14:19:40,241 - JSPGymEnvironment - INFO - 
===== REWARD DETAILS FOR STEP 47 =====
Job: J185, Operation: 1, Job Completed: False
Current Time: 2620.00 -> 2686.00, Setup Time: 15.00
Processing Time: 51.00, Idle Time: 0.00
Completed Jobs: 0/300
Machine: M3, Material: E-Bike_Rahmen_nachbearbeitet

REWARD COMPONENTS:
- makespan_reward: -0.3300
- setup_reward: -3.7500
- deadline_reward: 0.0000
- priority_reward: 0.0000
- critical_job_reward: 0.5000
- placement_reward: 0.0000
- timeliness_reward: 3.6272
- machine_idle_penalty: -4.1500

TOTAL REWARD: -4.1028

CUMULATIVE REWARD COMPONENTS:
- makespan_reward: -13.4300
- setup_reward: -297.7500
- deadline_reward: 0.0000
- priority_reward: 0.0000
- critical_job_reward: 13.5000
- placement_reward: 0.0000
- timeliness_reward: 386.9006
- machine_idle_penalty: -158.9625

CUMULATIVE TOTAL: -69.7419

CRITICAL STATE INFO:
- Valid actions: ['J1', 'J2', 'J3', 'J4', 'J5', 'J6', 'J7', 'J8', 'J9', 'J10', 'J11', 'J12', 'J13', 'J14', 'J15', 'J16', 'J17', 'J18', 'J19', 'J20', 'J21', 'J22', 'J23', 'J24', 'J25', 'J26', 'J27', 'J28', 'J29', 'J30', 'J31', 'J32', 'J33', 'J34', 'J35', 'J36', 'J37', 'J38', 'J39', 'J40', 'J41', 'J42', 'J43', 'J44', 'J45', 'J46', 'J47', 'J48', 'J49', 'J50', 'J51', 'J52', 'J53', 'J54', 'J55', 'J56', 'J57', 'J58', 'J59', 'J60', 'J61', 'J62', 'J63', 'J64', 'J65', 'J66', 'J67', 'J68', 'J69', 'J70', 'J71', 'J72', 'J73', 'J74', 'J75', 'J76', 'J77', 'J78', 'J79', 'J80', 'J81', 'J82', 'J83', 'J84', 'J85', 'J86', 'J87', 'J88', 'J89', 'J90', 'J91', 'J92', 'J93', 'J94', 'J95', 'J96', 'J97', 'J98', 'J99', 'J100', 'J101', 'J102', 'J103', 'J104', 'J105', 'J106', 'J107', 'J108', 'J109', 'J110', 'J111', 'J112', 'J113', 'J114', 'J115', 'J116', 'J117', 'J118', 'J119', 'J120', 'J121', 'J122', 'J123', 'J124', 'J125', 'J126', 'J127', 'J128', 'J129', 'J130', 'J131', 'J132', 'J133', 'J134', 'J135', 'J136', 'J137', 'J138', 'J139', 'J140', 'J141', 'J142', 'J143', 'J144', 'J145', 'J146', 'J147', 'J148', 'J149', 'J150', 'J151', 'J152', 'J153', 'J154', 'J155', 'J156', 'J157', 'J158', 'J159', 'J160', 'J161', 'J162', 'J163', 'J164', 'J165', 'J166', 'J167', 'J168', 'J169', 'J170', 'J171', 'J172', 'J173', 'J174', 'J175', 'J176', 'J177', 'J178', 'J179', 'J180', 'J181', 'J182', 'J183', 'J184', 'J185', 'J186', 'J187', 'J188', 'J189', 'J190', 'J191', 'J192', 'J193', 'J194', 'J195', 'J196', 'J197', 'J198', 'J199', 'J200', 'J201', 'J202', 'J203', 'J204', 'J205', 'J206', 'J207', 'J208', 'J209', 'J210', 'J211', 'J212', 'J213', 'J214', 'J215', 'J216', 'J217', 'J218', 'J219', 'J220', 'J221', 'J222', 'J223', 'J224', 'J225', 'J226', 'J227', 'J228', 'J229', 'J230', 'J231', 'J232', 'J233', 'J234', 'J235', 'J236', 'J237', 'J238', 'J239', 'J240', 'J241', 'J242', 'J243', 'J244', 'J245', 'J246', 'J247', 'J248', 'J249', 'J250', 'J251', 'J252', 'J253', 'J254', 'J255', 'J256', 'J257', 'J258', 'J259', 'J260', 'J261', 'J262', 'J263', 'J264', 'J265', 'J266', 'J267', 'J268', 'J269', 'J270', 'J271', 'J272', 'J273', 'J274', 'J275', 'J276', 'J277', 'J278', 'J279', 'J280', 'J281', 'J282', 'J283', 'J284', 'J285', 'J286', 'J287', 'J288', 'J289', 'J290', 'J291', 'J292', 'J293', 'J294', 'J295', 'J296', 'J297', 'J298', 'J299', 'J300']
- Machine states:
  - Machine M1: Time=2545.00, Idle=141.00, Material=Citybike_Antrieb_installiert
  - Machine M2: Time=2495.00, Idle=191.00, Material=Racebike_Bremsen_justiert
  - Machine M3: Time=2686.00, Idle=0.00, Material=E-Bike_Rahmen_nachbearbeitet
==================================================

2025-06-06 14:19:52,159 - JSPGymEnvironment - INFO - Material change on machine M2: Racebike_Bremsen_justiert -> Citybike_Bremsaufnahme_gebohrt, setup time: 25
2025-06-06 14:19:52,159 - JSPGymEnvironment - INFO - Executed operation: Job J48, Op 1, Machine M2, Start: 2711, End: 2730, Setup: 25
2025-06-06 14:19:52,161 - JSPGymEnvironment - INFO - 
===== REWARD DETAILS FOR STEP 48 =====
Job: J48, Operation: 1, Job Completed: False
Current Time: 2686.00 -> 2730.00, Setup Time: 25.00
Processing Time: 19.00, Idle Time: 0.00
Completed Jobs: 0/300
Machine: M2, Material: Citybike_Bremsaufnahme_gebohrt

REWARD COMPONENTS:
- makespan_reward: -0.2200
- setup_reward: -6.2500
- deadline_reward: 0.0000
- priority_reward: 0.0000
- critical_job_reward: 0.0000
- placement_reward: 0.0000
- timeliness_reward: 3.3275
- machine_idle_penalty: -2.8625

TOTAL REWARD: -6.0050

CUMULATIVE REWARD COMPONENTS:
- makespan_reward: -13.6500
- setup_reward: -304.0000
- deadline_reward: 0.0000
- priority_reward: 0.0000
- critical_job_reward: 13.5000
- placement_reward: 0.0000
- timeliness_reward: 390.2281
- machine_idle_penalty: -161.8250

CUMULATIVE TOTAL: -75.7469

CRITICAL STATE INFO:
- Valid actions: ['J1', 'J2', 'J3', 'J4', 'J5', 'J6', 'J7', 'J8', 'J9', 'J10', 'J11', 'J12', 'J13', 'J14', 'J15', 'J16', 'J17', 'J18', 'J19', 'J20', 'J21', 'J22', 'J23', 'J24', 'J25', 'J26', 'J27', 'J28', 'J29', 'J30', 'J31', 'J32', 'J33', 'J34', 'J35', 'J36', 'J37', 'J38', 'J39', 'J40', 'J41', 'J42', 'J43', 'J44', 'J45', 'J46', 'J47', 'J48', 'J49', 'J50', 'J51', 'J52', 'J53', 'J54', 'J55', 'J56', 'J57', 'J58', 'J59', 'J60', 'J61', 'J62', 'J63', 'J64', 'J65', 'J66', 'J67', 'J68', 'J69', 'J70', 'J71', 'J72', 'J73', 'J74', 'J75', 'J76', 'J77', 'J78', 'J79', 'J80', 'J81', 'J82', 'J83', 'J84', 'J85', 'J86', 'J87', 'J88', 'J89', 'J90', 'J91', 'J92', 'J93', 'J94', 'J95', 'J96', 'J97', 'J98', 'J99', 'J100', 'J101', 'J102', 'J103', 'J104', 'J105', 'J106', 'J107', 'J108', 'J109', 'J110', 'J111', 'J112', 'J113', 'J114', 'J115', 'J116', 'J117', 'J118', 'J119', 'J120', 'J121', 'J122', 'J123', 'J124', 'J125', 'J126', 'J127', 'J128', 'J129', 'J130', 'J131', 'J132', 'J133', 'J134', 'J135', 'J136', 'J137', 'J138', 'J139', 'J140', 'J141', 'J142', 'J143', 'J144', 'J145', 'J146', 'J147', 'J148', 'J149', 'J150', 'J151', 'J152', 'J153', 'J154', 'J155', 'J156', 'J157', 'J158', 'J159', 'J160', 'J161', 'J162', 'J163', 'J164', 'J165', 'J166', 'J167', 'J168', 'J169', 'J170', 'J171', 'J172', 'J173', 'J174', 'J175', 'J176', 'J177', 'J178', 'J179', 'J180', 'J181', 'J182', 'J183', 'J184', 'J185', 'J186', 'J187', 'J188', 'J189', 'J190', 'J191', 'J192', 'J193', 'J194', 'J195', 'J196', 'J197', 'J198', 'J199', 'J200', 'J201', 'J202', 'J203', 'J204', 'J205', 'J206', 'J207', 'J208', 'J209', 'J210', 'J211', 'J212', 'J213', 'J214', 'J215', 'J216', 'J217', 'J218', 'J219', 'J220', 'J221', 'J222', 'J223', 'J224', 'J225', 'J226', 'J227', 'J228', 'J229', 'J230', 'J231', 'J232', 'J233', 'J234', 'J235', 'J236', 'J237', 'J238', 'J239', 'J240', 'J241', 'J242', 'J243', 'J244', 'J245', 'J246', 'J247', 'J248', 'J249', 'J250', 'J251', 'J252', 'J253', 'J254', 'J255', 'J256', 'J257', 'J258', 'J259', 'J260', 'J261', 'J262', 'J263', 'J264', 'J265', 'J266', 'J267', 'J268', 'J269', 'J270', 'J271', 'J272', 'J273', 'J274', 'J275', 'J276', 'J277', 'J278', 'J279', 'J280', 'J281', 'J282', 'J283', 'J284', 'J285', 'J286', 'J287', 'J288', 'J289', 'J290', 'J291', 'J292', 'J293', 'J294', 'J295', 'J296', 'J297', 'J298', 'J299', 'J300']
- Machine states:
  - Machine M1: Time=2545.00, Idle=185.00, Material=Citybike_Antrieb_installiert
  - Machine M2: Time=2730.00, Idle=0.00, Material=Citybike_Bremsaufnahme_gebohrt
  - Machine M3: Time=2686.00, Idle=44.00, Material=E-Bike_Rahmen_nachbearbeitet
==================================================

2025-06-06 14:20:04,782 - JSPGymEnvironment - INFO - Material change on machine M1: Citybike_Antrieb_installiert -> Mountainbike_Bremsen_justiert, setup time: 32
2025-06-06 14:20:04,782 - JSPGymEnvironment - INFO - Executed operation: Job J57, Op 0, Machine M1, Start: 2762, End: 2798, Setup: 32
2025-06-06 14:20:04,783 - JSPGymEnvironment - INFO - 
===== REWARD DETAILS FOR STEP 49 =====
Job: J57, Operation: 0, Job Completed: False
Current Time: 2730.00 -> 2798.00, Setup Time: 32.00
Processing Time: 36.00, Idle Time: 0.00
Completed Jobs: 0/300
Machine: M1, Material: Mountainbike_Bremsen_justiert

REWARD COMPONENTS:
- makespan_reward: -0.3400
- setup_reward: -8.0000
- deadline_reward: 0.0000
- priority_reward: 0.0000
- critical_job_reward: 0.0000
- placement_reward: 0.0000
- timeliness_reward: 2.7397
- machine_idle_penalty: -2.2500

TOTAL REWARD: -7.8503

CUMULATIVE REWARD COMPONENTS:
- makespan_reward: -13.9900
- setup_reward: -312.0000
- deadline_reward: 0.0000
- priority_reward: 0.0000
- critical_job_reward: 13.5000
- placement_reward: 0.0000
- timeliness_reward: 392.9678
- machine_idle_penalty: -164.0750

CUMULATIVE TOTAL: -83.5972

CRITICAL STATE INFO:
- Valid actions: ['J1', 'J2', 'J3', 'J4', 'J5', 'J6', 'J7', 'J8', 'J9', 'J10', 'J11', 'J12', 'J13', 'J14', 'J15', 'J16', 'J17', 'J18', 'J19', 'J20', 'J21', 'J22', 'J23', 'J24', 'J25', 'J26', 'J27', 'J28', 'J29', 'J30', 'J31', 'J32', 'J33', 'J34', 'J35', 'J36', 'J37', 'J38', 'J39', 'J40', 'J41', 'J42', 'J43', 'J44', 'J45', 'J46', 'J47', 'J48', 'J49', 'J50', 'J51', 'J52', 'J53', 'J54', 'J55', 'J56', 'J57', 'J58', 'J59', 'J60', 'J61', 'J62', 'J63', 'J64', 'J65', 'J66', 'J67', 'J68', 'J69', 'J70', 'J71', 'J72', 'J73', 'J74', 'J75', 'J76', 'J77', 'J78', 'J79', 'J80', 'J81', 'J82', 'J83', 'J84', 'J85', 'J86', 'J87', 'J88', 'J89', 'J90', 'J91', 'J92', 'J93', 'J94', 'J95', 'J96', 'J97', 'J98', 'J99', 'J100', 'J101', 'J102', 'J103', 'J104', 'J105', 'J106', 'J107', 'J108', 'J109', 'J110', 'J111', 'J112', 'J113', 'J114', 'J115', 'J116', 'J117', 'J118', 'J119', 'J120', 'J121', 'J122', 'J123', 'J124', 'J125', 'J126', 'J127', 'J128', 'J129', 'J130', 'J131', 'J132', 'J133', 'J134', 'J135', 'J136', 'J137', 'J138', 'J139', 'J140', 'J141', 'J142', 'J143', 'J144', 'J145', 'J146', 'J147', 'J148', 'J149', 'J150', 'J151', 'J152', 'J153', 'J154', 'J155', 'J156', 'J157', 'J158', 'J159', 'J160', 'J161', 'J162', 'J163', 'J164', 'J165', 'J166', 'J167', 'J168', 'J169', 'J170', 'J171', 'J172', 'J173', 'J174', 'J175', 'J176', 'J177', 'J178', 'J179', 'J180', 'J181', 'J182', 'J183', 'J184', 'J185', 'J186', 'J187', 'J188', 'J189', 'J190', 'J191', 'J192', 'J193', 'J194', 'J195', 'J196', 'J197', 'J198', 'J199', 'J200', 'J201', 'J202', 'J203', 'J204', 'J205', 'J206', 'J207', 'J208', 'J209', 'J210', 'J211', 'J212', 'J213', 'J214', 'J215', 'J216', 'J217', 'J218', 'J219', 'J220', 'J221', 'J222', 'J223', 'J224', 'J225', 'J226', 'J227', 'J228', 'J229', 'J230', 'J231', 'J232', 'J233', 'J234', 'J235', 'J236', 'J237', 'J238', 'J239', 'J240', 'J241', 'J242', 'J243', 'J244', 'J245', 'J246', 'J247', 'J248', 'J249', 'J250', 'J251', 'J252', 'J253', 'J254', 'J255', 'J256', 'J257', 'J258', 'J259', 'J260', 'J261', 'J262', 'J263', 'J264', 'J265', 'J266', 'J267', 'J268', 'J269', 'J270', 'J271', 'J272', 'J273', 'J274', 'J275', 'J276', 'J277', 'J278', 'J279', 'J280', 'J281', 'J282', 'J283', 'J284', 'J285', 'J286', 'J287', 'J288', 'J289', 'J290', 'J291', 'J292', 'J293', 'J294', 'J295', 'J296', 'J297', 'J298', 'J299', 'J300']
- Machine states:
  - Machine M1: Time=2798.00, Idle=0.00, Material=Mountainbike_Bremsen_justiert
  - Machine M2: Time=2730.00, Idle=68.00, Material=Citybike_Bremsaufnahme_gebohrt
  - Machine M3: Time=2686.00, Idle=112.00, Material=E-Bike_Rahmen_nachbearbeitet
==================================================

2025-06-06 14:20:17,080 - JSPGymEnvironment - INFO - Material change on machine M3: E-Bike_Rahmen_nachbearbeitet -> E-Bike_Rahmen_komplettiert, setup time: 15
2025-06-06 14:20:17,080 - JSPGymEnvironment - INFO - Executed operation: Job J6, Op 4, Machine M3, Start: 2813, End: 2841, Setup: 15
2025-06-06 14:20:17,081 - JSPGymEnvironment - INFO - 
===== REWARD DETAILS FOR STEP 50 =====
Job: J6, Operation: 4, Job Completed: False
Current Time: 2798.00 -> 2841.00, Setup Time: 15.00
Processing Time: 28.00, Idle Time: 0.00
Completed Jobs: 0/300
Machine: M3, Material: E-Bike_Rahmen_komplettiert

REWARD COMPONENTS:
- makespan_reward: -0.2150
- setup_reward: -3.7500
- deadline_reward: 0.0000
- priority_reward: 0.0000
- critical_job_reward: 0.5000
- placement_reward: 0.0000
- timeliness_reward: 2.4111
- machine_idle_penalty: -1.9250

TOTAL REWARD: -2.9789

CUMULATIVE REWARD COMPONENTS:
- makespan_reward: -14.2050
- setup_reward: -315.7500
- deadline_reward: 0.0000
- priority_reward: 0.0000
- critical_job_reward: 14.0000
- placement_reward: 0.0000
- timeliness_reward: 395.3789
- machine_idle_penalty: -166.0000

CUMULATIVE TOTAL: -86.5761

CRITICAL STATE INFO:
- Valid actions: ['J1', 'J2', 'J3', 'J4', 'J5', 'J6', 'J7', 'J8', 'J9', 'J10', 'J11', 'J12', 'J13', 'J14', 'J15', 'J16', 'J17', 'J18', 'J19', 'J20', 'J21', 'J22', 'J23', 'J24', 'J25', 'J26', 'J27', 'J28', 'J29', 'J30', 'J31', 'J32', 'J33', 'J34', 'J35', 'J36', 'J37', 'J38', 'J39', 'J40', 'J41', 'J42', 'J43', 'J44', 'J45', 'J46', 'J47', 'J48', 'J49', 'J50', 'J51', 'J52', 'J53', 'J54', 'J55', 'J56', 'J57', 'J58', 'J59', 'J60', 'J61', 'J62', 'J63', 'J64', 'J65', 'J66', 'J67', 'J68', 'J69', 'J70', 'J71', 'J72', 'J73', 'J74', 'J75', 'J76', 'J77', 'J78', 'J79', 'J80', 'J81', 'J82', 'J83', 'J84', 'J85', 'J86', 'J87', 'J88', 'J89', 'J90', 'J91', 'J92', 'J93', 'J94', 'J95', 'J96', 'J97', 'J98', 'J99', 'J100', 'J101', 'J102', 'J103', 'J104', 'J105', 'J106', 'J107', 'J108', 'J109', 'J110', 'J111', 'J112', 'J113', 'J114', 'J115', 'J116', 'J117', 'J118', 'J119', 'J120', 'J121', 'J122', 'J123', 'J124', 'J125', 'J126', 'J127', 'J128', 'J129', 'J130', 'J131', 'J132', 'J133', 'J134', 'J135', 'J136', 'J137', 'J138', 'J139', 'J140', 'J141', 'J142', 'J143', 'J144', 'J145', 'J146', 'J147', 'J148', 'J149', 'J150', 'J151', 'J152', 'J153', 'J154', 'J155', 'J156', 'J157', 'J158', 'J159', 'J160', 'J161', 'J162', 'J163', 'J164', 'J165', 'J166', 'J167', 'J168', 'J169', 'J170', 'J171', 'J172', 'J173', 'J174', 'J175', 'J176', 'J177', 'J178', 'J179', 'J180', 'J181', 'J182', 'J183', 'J184', 'J185', 'J186', 'J187', 'J188', 'J189', 'J190', 'J191', 'J192', 'J193', 'J194', 'J195', 'J196', 'J197', 'J198', 'J199', 'J200', 'J201', 'J202', 'J203', 'J204', 'J205', 'J206', 'J207', 'J208', 'J209', 'J210', 'J211', 'J212', 'J213', 'J214', 'J215', 'J216', 'J217', 'J218', 'J219', 'J220', 'J221', 'J222', 'J223', 'J224', 'J225', 'J226', 'J227', 'J228', 'J229', 'J230', 'J231', 'J232', 'J233', 'J234', 'J235', 'J236', 'J237', 'J238', 'J239', 'J240', 'J241', 'J242', 'J243', 'J244', 'J245', 'J246', 'J247', 'J248', 'J249', 'J250', 'J251', 'J252', 'J253', 'J254', 'J255', 'J256', 'J257', 'J258', 'J259', 'J260', 'J261', 'J262', 'J263', 'J264', 'J265', 'J266', 'J267', 'J268', 'J269', 'J270', 'J271', 'J272', 'J273', 'J274', 'J275', 'J276', 'J277', 'J278', 'J279', 'J280', 'J281', 'J282', 'J283', 'J284', 'J285', 'J286', 'J287', 'J288', 'J289', 'J290', 'J291', 'J292', 'J293', 'J294', 'J295', 'J296', 'J297', 'J298', 'J299', 'J300']
- Machine states:
  - Machine M1: Time=2798.00, Idle=43.00, Material=Mountainbike_Bremsen_justiert
  - Machine M2: Time=2730.00, Idle=111.00, Material=Citybike_Bremsaufnahme_gebohrt
  - Machine M3: Time=2841.00, Idle=0.00, Material=E-Bike_Rahmen_komplettiert
==================================================

2025-06-06 14:20:28,919 - JSPGymEnvironment - INFO - Material change on machine M3: E-Bike_Rahmen_komplettiert -> Racebike_Bremsaufnahme_gebohrt, setup time: 19
2025-06-06 14:20:28,919 - JSPGymEnvironment - INFO - Executed operation: Job J84, Op 3, Machine M3, Start: 2860, End: 2880, Setup: 19
2025-06-06 14:20:28,921 - JSPGymEnvironment - INFO - 
===== REWARD DETAILS FOR STEP 51 =====
Job: J84, Operation: 3, Job Completed: False
Current Time: 2841.00 -> 2880.00, Setup Time: 19.00
Processing Time: 20.00, Idle Time: 0.00
Completed Jobs: 0/300
Machine: M3, Material: Racebike_Bremsaufnahme_gebohrt

REWARD COMPONENTS:
- makespan_reward: -0.1950
- setup_reward: -4.7500
- deadline_reward: 0.0000
- priority_reward: 0.0000
- critical_job_reward: 0.5000
- placement_reward: 0.0000
- timeliness_reward: 2.0820
- machine_idle_penalty: -2.9000

TOTAL REWARD: -5.2630

CUMULATIVE REWARD COMPONENTS:
- makespan_reward: -14.4000
- setup_reward: -320.5000
- deadline_reward: 0.0000
- priority_reward: 0.0000
- critical_job_reward: 14.5000
- placement_reward: 0.0000
- timeliness_reward: 397.4609
- machine_idle_penalty: -168.9000

CUMULATIVE TOTAL: -91.8391

CRITICAL STATE INFO:
- Valid actions: ['J1', 'J2', 'J3', 'J4', 'J5', 'J6', 'J7', 'J8', 'J9', 'J10', 'J11', 'J12', 'J13', 'J14', 'J15', 'J16', 'J17', 'J18', 'J19', 'J20', 'J21', 'J22', 'J23', 'J24', 'J25', 'J26', 'J27', 'J28', 'J29', 'J30', 'J31', 'J32', 'J33', 'J34', 'J35', 'J36', 'J37', 'J38', 'J39', 'J40', 'J41', 'J42', 'J43', 'J44', 'J45', 'J46', 'J47', 'J48', 'J49', 'J50', 'J51', 'J52', 'J53', 'J54', 'J55', 'J56', 'J57', 'J58', 'J59', 'J60', 'J61', 'J62', 'J63', 'J64', 'J65', 'J66', 'J67', 'J68', 'J69', 'J70', 'J71', 'J72', 'J73', 'J74', 'J75', 'J76', 'J77', 'J78', 'J79', 'J80', 'J81', 'J82', 'J83', 'J84', 'J85', 'J86', 'J87', 'J88', 'J89', 'J90', 'J91', 'J92', 'J93', 'J94', 'J95', 'J96', 'J97', 'J98', 'J99', 'J100', 'J101', 'J102', 'J103', 'J104', 'J105', 'J106', 'J107', 'J108', 'J109', 'J110', 'J111', 'J112', 'J113', 'J114', 'J115', 'J116', 'J117', 'J118', 'J119', 'J120', 'J121', 'J122', 'J123', 'J124', 'J125', 'J126', 'J127', 'J128', 'J129', 'J130', 'J131', 'J132', 'J133', 'J134', 'J135', 'J136', 'J137', 'J138', 'J139', 'J140', 'J141', 'J142', 'J143', 'J144', 'J145', 'J146', 'J147', 'J148', 'J149', 'J150', 'J151', 'J152', 'J153', 'J154', 'J155', 'J156', 'J157', 'J158', 'J159', 'J160', 'J161', 'J162', 'J163', 'J164', 'J165', 'J166', 'J167', 'J168', 'J169', 'J170', 'J171', 'J172', 'J173', 'J174', 'J175', 'J176', 'J177', 'J178', 'J179', 'J180', 'J181', 'J182', 'J183', 'J184', 'J185', 'J186', 'J187', 'J188', 'J189', 'J190', 'J191', 'J192', 'J193', 'J194', 'J195', 'J196', 'J197', 'J198', 'J199', 'J200', 'J201', 'J202', 'J203', 'J204', 'J205', 'J206', 'J207', 'J208', 'J209', 'J210', 'J211', 'J212', 'J213', 'J214', 'J215', 'J216', 'J217', 'J218', 'J219', 'J220', 'J221', 'J222', 'J223', 'J224', 'J225', 'J226', 'J227', 'J228', 'J229', 'J230', 'J231', 'J232', 'J233', 'J234', 'J235', 'J236', 'J237', 'J238', 'J239', 'J240', 'J241', 'J242', 'J243', 'J244', 'J245', 'J246', 'J247', 'J248', 'J249', 'J250', 'J251', 'J252', 'J253', 'J254', 'J255', 'J256', 'J257', 'J258', 'J259', 'J260', 'J261', 'J262', 'J263', 'J264', 'J265', 'J266', 'J267', 'J268', 'J269', 'J270', 'J271', 'J272', 'J273', 'J274', 'J275', 'J276', 'J277', 'J278', 'J279', 'J280', 'J281', 'J282', 'J283', 'J284', 'J285', 'J286', 'J287', 'J288', 'J289', 'J290', 'J291', 'J292', 'J293', 'J294', 'J295', 'J296', 'J297', 'J298', 'J299', 'J300']
- Machine states:
  - Machine M1: Time=2798.00, Idle=82.00, Material=Mountainbike_Bremsen_justiert
  - Machine M2: Time=2730.00, Idle=150.00, Material=Citybike_Bremsaufnahme_gebohrt
  - Machine M3: Time=2880.00, Idle=0.00, Material=Racebike_Bremsaufnahme_gebohrt
==================================================

2025-06-06 14:20:40,978 - JSPGymEnvironment - INFO - Material change on machine M2: Citybike_Bremsaufnahme_gebohrt -> Racebike_Steuerrohr_montiert, setup time: 21
2025-06-06 14:20:40,978 - JSPGymEnvironment - INFO - Executed operation: Job J180, Op 0, Machine M2, Start: 2901, End: 2913, Setup: 21
2025-06-06 14:20:40,979 - JSPGymEnvironment - INFO - 
===== REWARD DETAILS FOR STEP 52 =====
Job: J180, Operation: 0, Job Completed: False
Current Time: 2880.00 -> 2913.00, Setup Time: 21.00
Processing Time: 12.00, Idle Time: 0.00
Completed Jobs: 0/300
Machine: M2, Material: Racebike_Steuerrohr_montiert

REWARD COMPONENTS:
- makespan_reward: -0.1650
- setup_reward: -5.2500
- deadline_reward: 0.0000
- priority_reward: 0.0000
- critical_job_reward: 0.5000
- placement_reward: 0.0000
- timeliness_reward: 1.8043
- machine_idle_penalty: -1.8500

TOTAL REWARD: -4.9607

CUMULATIVE REWARD COMPONENTS:
- makespan_reward: -14.5650
- setup_reward: -325.7500
- deadline_reward: 0.0000
- priority_reward: 0.0000
- critical_job_reward: 15.0000
- placement_reward: 0.0000
- timeliness_reward: 399.2651
- machine_idle_penalty: -170.7500

CUMULATIVE TOTAL: -96.7999

CRITICAL STATE INFO:
- Valid actions: ['J1', 'J2', 'J3', 'J4', 'J5', 'J6', 'J7', 'J8', 'J9', 'J10', 'J11', 'J12', 'J13', 'J14', 'J15', 'J16', 'J17', 'J18', 'J19', 'J20', 'J21', 'J22', 'J23', 'J24', 'J25', 'J26', 'J27', 'J28', 'J29', 'J30', 'J31', 'J32', 'J33', 'J34', 'J35', 'J36', 'J37', 'J38', 'J39', 'J40', 'J41', 'J42', 'J43', 'J44', 'J45', 'J46', 'J47', 'J48', 'J49', 'J50', 'J51', 'J52', 'J53', 'J54', 'J55', 'J56', 'J57', 'J58', 'J59', 'J60', 'J61', 'J62', 'J63', 'J64', 'J65', 'J66', 'J67', 'J68', 'J69', 'J70', 'J71', 'J72', 'J73', 'J74', 'J75', 'J76', 'J77', 'J78', 'J79', 'J80', 'J81', 'J82', 'J83', 'J84', 'J85', 'J86', 'J87', 'J88', 'J89', 'J90', 'J91', 'J92', 'J93', 'J94', 'J95', 'J96', 'J97', 'J98', 'J99', 'J100', 'J101', 'J102', 'J103', 'J104', 'J105', 'J106', 'J107', 'J108', 'J109', 'J110', 'J111', 'J112', 'J113', 'J114', 'J115', 'J116', 'J117', 'J118', 'J119', 'J120', 'J121', 'J122', 'J123', 'J124', 'J125', 'J126', 'J127', 'J128', 'J129', 'J130', 'J131', 'J132', 'J133', 'J134', 'J135', 'J136', 'J137', 'J138', 'J139', 'J140', 'J141', 'J142', 'J143', 'J144', 'J145', 'J146', 'J147', 'J148', 'J149', 'J150', 'J151', 'J152', 'J153', 'J154', 'J155', 'J156', 'J157', 'J158', 'J159', 'J160', 'J161', 'J162', 'J163', 'J164', 'J165', 'J166', 'J167', 'J168', 'J169', 'J170', 'J171', 'J172', 'J173', 'J174', 'J175', 'J176', 'J177', 'J178', 'J179', 'J180', 'J181', 'J182', 'J183', 'J184', 'J185', 'J186', 'J187', 'J188', 'J189', 'J190', 'J191', 'J192', 'J193', 'J194', 'J195', 'J196', 'J197', 'J198', 'J199', 'J200', 'J201', 'J202', 'J203', 'J204', 'J205', 'J206', 'J207', 'J208', 'J209', 'J210', 'J211', 'J212', 'J213', 'J214', 'J215', 'J216', 'J217', 'J218', 'J219', 'J220', 'J221', 'J222', 'J223', 'J224', 'J225', 'J226', 'J227', 'J228', 'J229', 'J230', 'J231', 'J232', 'J233', 'J234', 'J235', 'J236', 'J237', 'J238', 'J239', 'J240', 'J241', 'J242', 'J243', 'J244', 'J245', 'J246', 'J247', 'J248', 'J249', 'J250', 'J251', 'J252', 'J253', 'J254', 'J255', 'J256', 'J257', 'J258', 'J259', 'J260', 'J261', 'J262', 'J263', 'J264', 'J265', 'J266', 'J267', 'J268', 'J269', 'J270', 'J271', 'J272', 'J273', 'J274', 'J275', 'J276', 'J277', 'J278', 'J279', 'J280', 'J281', 'J282', 'J283', 'J284', 'J285', 'J286', 'J287', 'J288', 'J289', 'J290', 'J291', 'J292', 'J293', 'J294', 'J295', 'J296', 'J297', 'J298', 'J299', 'J300']
- Machine states:
  - Machine M1: Time=2798.00, Idle=115.00, Material=Mountainbike_Bremsen_justiert
  - Machine M2: Time=2913.00, Idle=0.00, Material=Racebike_Steuerrohr_montiert
  - Machine M3: Time=2880.00, Idle=33.00, Material=Racebike_Bremsaufnahme_gebohrt
==================================================

2025-06-06 14:20:52,824 - JSPGymEnvironment - INFO - Material change on machine M1: Mountainbike_Bremsen_justiert -> Racebike_Antrieb_installiert, setup time: 48
2025-06-06 14:20:52,825 - JSPGymEnvironment - INFO - Executed operation: Job J243, Op 1, Machine M1, Start: 2961, End: 3001, Setup: 48
2025-06-06 14:20:52,826 - JSPGymEnvironment - INFO - 
===== REWARD DETAILS FOR STEP 53 =====
Job: J243, Operation: 1, Job Completed: False
Current Time: 2913.00 -> 3001.00, Setup Time: 48.00
Processing Time: 40.00, Idle Time: 0.00
Completed Jobs: 0/300
Machine: M1, Material: Racebike_Antrieb_installiert

REWARD COMPONENTS:
- makespan_reward: -0.4400
- setup_reward: -12.0000
- deadline_reward: 0.0000
- priority_reward: 0.0000
- critical_job_reward: 0.0000
- placement_reward: 0.0000
- timeliness_reward: 1.0725
- machine_idle_penalty: -2.6125

TOTAL REWARD: -13.9800

CUMULATIVE REWARD COMPONENTS:
- makespan_reward: -15.0050
- setup_reward: -337.7500
- deadline_reward: 0.0000
- priority_reward: 0.0000
- critical_job_reward: 15.0000
- placement_reward: 0.0000
- timeliness_reward: 400.3376
- machine_idle_penalty: -173.3625

CUMULATIVE TOTAL: -110.7799

CRITICAL STATE INFO:
- Valid actions: ['J1', 'J2', 'J3', 'J4', 'J5', 'J6', 'J7', 'J8', 'J9', 'J10', 'J11', 'J12', 'J13', 'J14', 'J15', 'J16', 'J17', 'J18', 'J19', 'J20', 'J21', 'J22', 'J23', 'J24', 'J25', 'J26', 'J27', 'J28', 'J29', 'J30', 'J31', 'J32', 'J33', 'J34', 'J35', 'J36', 'J37', 'J38', 'J39', 'J40', 'J41', 'J42', 'J43', 'J44', 'J45', 'J46', 'J47', 'J48', 'J49', 'J50', 'J51', 'J52', 'J53', 'J54', 'J55', 'J56', 'J57', 'J58', 'J59', 'J60', 'J61', 'J62', 'J63', 'J64', 'J65', 'J66', 'J67', 'J68', 'J69', 'J70', 'J71', 'J72', 'J73', 'J74', 'J75', 'J76', 'J77', 'J78', 'J79', 'J80', 'J81', 'J82', 'J83', 'J84', 'J85', 'J86', 'J87', 'J88', 'J89', 'J90', 'J91', 'J92', 'J93', 'J94', 'J95', 'J96', 'J97', 'J98', 'J99', 'J100', 'J101', 'J102', 'J103', 'J104', 'J105', 'J106', 'J107', 'J108', 'J109', 'J110', 'J111', 'J112', 'J113', 'J114', 'J115', 'J116', 'J117', 'J118', 'J119', 'J120', 'J121', 'J122', 'J123', 'J124', 'J125', 'J126', 'J127', 'J128', 'J129', 'J130', 'J131', 'J132', 'J133', 'J134', 'J135', 'J136', 'J137', 'J138', 'J139', 'J140', 'J141', 'J142', 'J143', 'J144', 'J145', 'J146', 'J147', 'J148', 'J149', 'J150', 'J151', 'J152', 'J153', 'J154', 'J155', 'J156', 'J157', 'J158', 'J159', 'J160', 'J161', 'J162', 'J163', 'J164', 'J165', 'J166', 'J167', 'J168', 'J169', 'J170', 'J171', 'J172', 'J173', 'J174', 'J175', 'J176', 'J177', 'J178', 'J179', 'J180', 'J181', 'J182', 'J183', 'J184', 'J185', 'J186', 'J187', 'J188', 'J189', 'J190', 'J191', 'J192', 'J193', 'J194', 'J195', 'J196', 'J197', 'J198', 'J199', 'J200', 'J201', 'J202', 'J203', 'J204', 'J205', 'J206', 'J207', 'J208', 'J209', 'J210', 'J211', 'J212', 'J213', 'J214', 'J215', 'J216', 'J217', 'J218', 'J219', 'J220', 'J221', 'J222', 'J223', 'J224', 'J225', 'J226', 'J227', 'J228', 'J229', 'J230', 'J231', 'J232', 'J233', 'J234', 'J235', 'J236', 'J237', 'J238', 'J239', 'J240', 'J241', 'J242', 'J243', 'J244', 'J245', 'J246', 'J247', 'J248', 'J249', 'J250', 'J251', 'J252', 'J253', 'J254', 'J255', 'J256', 'J257', 'J258', 'J259', 'J260', 'J261', 'J262', 'J263', 'J264', 'J265', 'J266', 'J267', 'J268', 'J269', 'J270', 'J271', 'J272', 'J273', 'J274', 'J275', 'J276', 'J277', 'J278', 'J279', 'J280', 'J281', 'J282', 'J283', 'J284', 'J285', 'J286', 'J287', 'J288', 'J289', 'J290', 'J291', 'J292', 'J293', 'J294', 'J295', 'J296', 'J297', 'J298', 'J299', 'J300']
- Machine states:
  - Machine M1: Time=3001.00, Idle=0.00, Material=Racebike_Antrieb_installiert
  - Machine M2: Time=2913.00, Idle=88.00, Material=Racebike_Steuerrohr_montiert
  - Machine M3: Time=2880.00, Idle=121.00, Material=Racebike_Bremsaufnahme_gebohrt
==================================================

2025-06-06 14:21:05,029 - JSPGymEnvironment - INFO - Material change on machine M3: Racebike_Bremsaufnahme_gebohrt -> Citybike_Schaltauge_bearbeitet, setup time: 17
2025-06-06 14:21:05,029 - JSPGymEnvironment - INFO - Executed operation: Job J48, Op 2, Machine M3, Start: 3018, End: 3070, Setup: 17
2025-06-06 14:21:05,030 - JSPGymEnvironment - INFO - 
===== REWARD DETAILS FOR STEP 54 =====
Job: J48, Operation: 2, Job Completed: False
Current Time: 3001.00 -> 3070.00, Setup Time: 17.00
Processing Time: 52.00, Idle Time: 0.00
Completed Jobs: 0/300
Machine: M3, Material: Citybike_Schaltauge_bearbeitet

REWARD COMPONENTS:
- makespan_reward: -0.3450
- setup_reward: -4.2500
- deadline_reward: 0.0000
- priority_reward: 0.0000
- critical_job_reward: 0.0000
- placement_reward: 0.0000
- timeliness_reward: 0.5136
- machine_idle_penalty: -2.8250

TOTAL REWARD: -6.9064

CUMULATIVE REWARD COMPONENTS:
- makespan_reward: -15.3500
- setup_reward: -342.0000
- deadline_reward: 0.0000
- priority_reward: 0.0000
- critical_job_reward: 15.0000
- placement_reward: 0.0000
- timeliness_reward: 400.8512
- machine_idle_penalty: -176.1875

CUMULATIVE TOTAL: -117.6863

CRITICAL STATE INFO:
- Valid actions: ['J1', 'J2', 'J3', 'J4', 'J5', 'J6', 'J7', 'J8', 'J9', 'J10', 'J11', 'J12', 'J13', 'J14', 'J15', 'J16', 'J17', 'J18', 'J19', 'J20', 'J21', 'J22', 'J23', 'J24', 'J25', 'J26', 'J27', 'J28', 'J29', 'J30', 'J31', 'J32', 'J33', 'J34', 'J35', 'J36', 'J37', 'J38', 'J39', 'J40', 'J41', 'J42', 'J43', 'J44', 'J45', 'J46', 'J47', 'J48', 'J49', 'J50', 'J51', 'J52', 'J53', 'J54', 'J55', 'J56', 'J57', 'J58', 'J59', 'J60', 'J61', 'J62', 'J63', 'J64', 'J65', 'J66', 'J67', 'J68', 'J69', 'J70', 'J71', 'J72', 'J73', 'J74', 'J75', 'J76', 'J77', 'J78', 'J79', 'J80', 'J81', 'J82', 'J83', 'J84', 'J85', 'J86', 'J87', 'J88', 'J89', 'J90', 'J91', 'J92', 'J93', 'J94', 'J95', 'J96', 'J97', 'J98', 'J99', 'J100', 'J101', 'J102', 'J103', 'J104', 'J105', 'J106', 'J107', 'J108', 'J109', 'J110', 'J111', 'J112', 'J113', 'J114', 'J115', 'J116', 'J117', 'J118', 'J119', 'J120', 'J121', 'J122', 'J123', 'J124', 'J125', 'J126', 'J127', 'J128', 'J129', 'J130', 'J131', 'J132', 'J133', 'J134', 'J135', 'J136', 'J137', 'J138', 'J139', 'J140', 'J141', 'J142', 'J143', 'J144', 'J145', 'J146', 'J147', 'J148', 'J149', 'J150', 'J151', 'J152', 'J153', 'J154', 'J155', 'J156', 'J157', 'J158', 'J159', 'J160', 'J161', 'J162', 'J163', 'J164', 'J165', 'J166', 'J167', 'J168', 'J169', 'J170', 'J171', 'J172', 'J173', 'J174', 'J175', 'J176', 'J177', 'J178', 'J179', 'J180', 'J181', 'J182', 'J183', 'J184', 'J185', 'J186', 'J187', 'J188', 'J189', 'J190', 'J191', 'J192', 'J193', 'J194', 'J195', 'J196', 'J197', 'J198', 'J199', 'J200', 'J201', 'J202', 'J203', 'J204', 'J205', 'J206', 'J207', 'J208', 'J209', 'J210', 'J211', 'J212', 'J213', 'J214', 'J215', 'J216', 'J217', 'J218', 'J219', 'J220', 'J221', 'J222', 'J223', 'J224', 'J225', 'J226', 'J227', 'J228', 'J229', 'J230', 'J231', 'J232', 'J233', 'J234', 'J235', 'J236', 'J237', 'J238', 'J239', 'J240', 'J241', 'J242', 'J243', 'J244', 'J245', 'J246', 'J247', 'J248', 'J249', 'J250', 'J251', 'J252', 'J253', 'J254', 'J255', 'J256', 'J257', 'J258', 'J259', 'J260', 'J261', 'J262', 'J263', 'J264', 'J265', 'J266', 'J267', 'J268', 'J269', 'J270', 'J271', 'J272', 'J273', 'J274', 'J275', 'J276', 'J277', 'J278', 'J279', 'J280', 'J281', 'J282', 'J283', 'J284', 'J285', 'J286', 'J287', 'J288', 'J289', 'J290', 'J291', 'J292', 'J293', 'J294', 'J295', 'J296', 'J297', 'J298', 'J299', 'J300']
- Machine states:
  - Machine M1: Time=3001.00, Idle=69.00, Material=Racebike_Antrieb_installiert
  - Machine M2: Time=2913.00, Idle=157.00, Material=Racebike_Steuerrohr_montiert
  - Machine M3: Time=3070.00, Idle=0.00, Material=Citybike_Schaltauge_bearbeitet
==================================================

2025-06-06 14:21:16,794 - JSPGymEnvironment - INFO - Material change on machine M1: Racebike_Antrieb_installiert -> E-Bike_Bremsaufnahme_gebohrt, setup time: 60
2025-06-06 14:21:16,794 - JSPGymEnvironment - INFO - Executed operation: Job J288, Op 0, Machine M1, Start: 3130, End: 3155, Setup: 60
2025-06-06 14:21:16,796 - JSPGymEnvironment - INFO - 
===== REWARD DETAILS FOR STEP 55 =====
Job: J288, Operation: 0, Job Completed: False
Current Time: 3070.00 -> 3155.00, Setup Time: 60.00
Processing Time: 25.00, Idle Time: 0.00
Completed Jobs: 0/300
Machine: M1, Material: E-Bike_Bremsaufnahme_gebohrt

REWARD COMPONENTS:
- makespan_reward: -0.4250
- setup_reward: -15.0000
- deadline_reward: 0.0000
- priority_reward: 0.0000
- critical_job_reward: 0.0000
- placement_reward: 0.0000
- timeliness_reward: -0.1484
- machine_idle_penalty: -4.0875

TOTAL REWARD: -19.6609

CUMULATIVE REWARD COMPONENTS:
- makespan_reward: -15.7750
- setup_reward: -357.0000
- deadline_reward: 0.0000
- priority_reward: 0.0000
- critical_job_reward: 15.0000
- placement_reward: 0.0000
- timeliness_reward: 400.7028
- machine_idle_penalty: -180.2750

CUMULATIVE TOTAL: -137.3472

CRITICAL STATE INFO:
- Valid actions: ['J1', 'J2', 'J3', 'J4', 'J5', 'J6', 'J7', 'J8', 'J9', 'J10', 'J11', 'J12', 'J13', 'J14', 'J15', 'J16', 'J17', 'J18', 'J19', 'J20', 'J21', 'J22', 'J23', 'J24', 'J25', 'J26', 'J27', 'J28', 'J29', 'J30', 'J31', 'J32', 'J33', 'J34', 'J35', 'J36', 'J37', 'J38', 'J39', 'J40', 'J41', 'J42', 'J43', 'J44', 'J45', 'J46', 'J47', 'J48', 'J49', 'J50', 'J51', 'J52', 'J53', 'J54', 'J55', 'J56', 'J57', 'J58', 'J59', 'J60', 'J61', 'J62', 'J63', 'J64', 'J65', 'J66', 'J67', 'J68', 'J69', 'J70', 'J71', 'J72', 'J73', 'J74', 'J75', 'J76', 'J77', 'J78', 'J79', 'J80', 'J81', 'J82', 'J83', 'J84', 'J85', 'J86', 'J87', 'J88', 'J89', 'J90', 'J91', 'J92', 'J93', 'J94', 'J95', 'J96', 'J97', 'J98', 'J99', 'J100', 'J101', 'J102', 'J103', 'J104', 'J105', 'J106', 'J107', 'J108', 'J109', 'J110', 'J111', 'J112', 'J113', 'J114', 'J115', 'J116', 'J117', 'J118', 'J119', 'J120', 'J121', 'J122', 'J123', 'J124', 'J125', 'J126', 'J127', 'J128', 'J129', 'J130', 'J131', 'J132', 'J133', 'J134', 'J135', 'J136', 'J137', 'J138', 'J139', 'J140', 'J141', 'J142', 'J143', 'J144', 'J145', 'J146', 'J147', 'J148', 'J149', 'J150', 'J151', 'J152', 'J153', 'J154', 'J155', 'J156', 'J157', 'J158', 'J159', 'J160', 'J161', 'J162', 'J163', 'J164', 'J165', 'J166', 'J167', 'J168', 'J169', 'J170', 'J171', 'J172', 'J173', 'J174', 'J175', 'J176', 'J177', 'J178', 'J179', 'J180', 'J181', 'J182', 'J183', 'J184', 'J185', 'J186', 'J187', 'J188', 'J189', 'J190', 'J191', 'J192', 'J193', 'J194', 'J195', 'J196', 'J197', 'J198', 'J199', 'J200', 'J201', 'J202', 'J203', 'J204', 'J205', 'J206', 'J207', 'J208', 'J209', 'J210', 'J211', 'J212', 'J213', 'J214', 'J215', 'J216', 'J217', 'J218', 'J219', 'J220', 'J221', 'J222', 'J223', 'J224', 'J225', 'J226', 'J227', 'J228', 'J229', 'J230', 'J231', 'J232', 'J233', 'J234', 'J235', 'J236', 'J237', 'J238', 'J239', 'J240', 'J241', 'J242', 'J243', 'J244', 'J245', 'J246', 'J247', 'J248', 'J249', 'J250', 'J251', 'J252', 'J253', 'J254', 'J255', 'J256', 'J257', 'J258', 'J259', 'J260', 'J261', 'J262', 'J263', 'J264', 'J265', 'J266', 'J267', 'J268', 'J269', 'J270', 'J271', 'J272', 'J273', 'J274', 'J275', 'J276', 'J277', 'J278', 'J279', 'J280', 'J281', 'J282', 'J283', 'J284', 'J285', 'J286', 'J287', 'J288', 'J289', 'J290', 'J291', 'J292', 'J293', 'J294', 'J295', 'J296', 'J297', 'J298', 'J299', 'J300']
- Machine states:
  - Machine M1: Time=3155.00, Idle=0.00, Material=E-Bike_Bremsaufnahme_gebohrt
  - Machine M2: Time=2913.00, Idle=242.00, Material=Racebike_Steuerrohr_montiert
  - Machine M3: Time=3070.00, Idle=85.00, Material=Citybike_Schaltauge_bearbeitet
==================================================

2025-06-06 14:21:29,314 - JSPGymEnvironment - INFO - Material change on machine M1: E-Bike_Bremsaufnahme_gebohrt -> Racebike_Rahmen_nachbearbeitet, setup time: 54
2025-06-06 14:21:29,315 - JSPGymEnvironment - INFO - Executed operation: Job J83, Op 0, Machine M1, Start: 3209, End: 3250, Setup: 54
2025-06-06 14:21:29,316 - JSPGymEnvironment - INFO - 
===== REWARD DETAILS FOR STEP 56 =====
Job: J83, Operation: 0, Job Completed: False
Current Time: 3155.00 -> 3250.00, Setup Time: 54.00
Processing Time: 41.00, Idle Time: 0.00
Completed Jobs: 0/300
Machine: M1, Material: Racebike_Rahmen_nachbearbeitet

REWARD COMPONENTS:
- makespan_reward: -0.4750
- setup_reward: -13.5000
- deadline_reward: 0.0000
- priority_reward: 0.0000
- critical_job_reward: 0.0000
- placement_reward: 0.0000
- timeliness_reward: -0.8446
- machine_idle_penalty: -6.4625

TOTAL REWARD: -21.2821

CUMULATIVE REWARD COMPONENTS:
- makespan_reward: -16.2500
- setup_reward: -370.5000
- deadline_reward: 0.0000
- priority_reward: 0.0000
- critical_job_reward: 15.0000
- placement_reward: 0.0000
- timeliness_reward: 399.8583
- machine_idle_penalty: -186.7375

CUMULATIVE TOTAL: -158.6292

CRITICAL STATE INFO:
- Valid actions: ['J1', 'J2', 'J3', 'J4', 'J5', 'J6', 'J7', 'J8', 'J9', 'J10', 'J11', 'J12', 'J13', 'J14', 'J15', 'J16', 'J17', 'J18', 'J19', 'J20', 'J21', 'J22', 'J23', 'J24', 'J25', 'J26', 'J27', 'J28', 'J29', 'J30', 'J31', 'J32', 'J33', 'J34', 'J35', 'J36', 'J37', 'J38', 'J39', 'J40', 'J41', 'J42', 'J43', 'J44', 'J45', 'J46', 'J47', 'J48', 'J49', 'J50', 'J51', 'J52', 'J53', 'J54', 'J55', 'J56', 'J57', 'J58', 'J59', 'J60', 'J61', 'J62', 'J63', 'J64', 'J65', 'J66', 'J67', 'J68', 'J69', 'J70', 'J71', 'J72', 'J73', 'J74', 'J75', 'J76', 'J77', 'J78', 'J79', 'J80', 'J81', 'J82', 'J83', 'J84', 'J85', 'J86', 'J87', 'J88', 'J89', 'J90', 'J91', 'J92', 'J93', 'J94', 'J95', 'J96', 'J97', 'J98', 'J99', 'J100', 'J101', 'J102', 'J103', 'J104', 'J105', 'J106', 'J107', 'J108', 'J109', 'J110', 'J111', 'J112', 'J113', 'J114', 'J115', 'J116', 'J117', 'J118', 'J119', 'J120', 'J121', 'J122', 'J123', 'J124', 'J125', 'J126', 'J127', 'J128', 'J129', 'J130', 'J131', 'J132', 'J133', 'J134', 'J135', 'J136', 'J137', 'J138', 'J139', 'J140', 'J141', 'J142', 'J143', 'J144', 'J145', 'J146', 'J147', 'J148', 'J149', 'J150', 'J151', 'J152', 'J153', 'J154', 'J155', 'J156', 'J157', 'J158', 'J159', 'J160', 'J161', 'J162', 'J163', 'J164', 'J165', 'J166', 'J167', 'J168', 'J169', 'J170', 'J171', 'J172', 'J173', 'J174', 'J175', 'J176', 'J177', 'J178', 'J179', 'J180', 'J181', 'J182', 'J183', 'J184', 'J185', 'J186', 'J187', 'J188', 'J189', 'J190', 'J191', 'J192', 'J193', 'J194', 'J195', 'J196', 'J197', 'J198', 'J199', 'J200', 'J201', 'J202', 'J203', 'J204', 'J205', 'J206', 'J207', 'J208', 'J209', 'J210', 'J211', 'J212', 'J213', 'J214', 'J215', 'J216', 'J217', 'J218', 'J219', 'J220', 'J221', 'J222', 'J223', 'J224', 'J225', 'J226', 'J227', 'J228', 'J229', 'J230', 'J231', 'J232', 'J233', 'J234', 'J235', 'J236', 'J237', 'J238', 'J239', 'J240', 'J241', 'J242', 'J243', 'J244', 'J245', 'J246', 'J247', 'J248', 'J249', 'J250', 'J251', 'J252', 'J253', 'J254', 'J255', 'J256', 'J257', 'J258', 'J259', 'J260', 'J261', 'J262', 'J263', 'J264', 'J265', 'J266', 'J267', 'J268', 'J269', 'J270', 'J271', 'J272', 'J273', 'J274', 'J275', 'J276', 'J277', 'J278', 'J279', 'J280', 'J281', 'J282', 'J283', 'J284', 'J285', 'J286', 'J287', 'J288', 'J289', 'J290', 'J291', 'J292', 'J293', 'J294', 'J295', 'J296', 'J297', 'J298', 'J299', 'J300']
- Machine states:
  - Machine M1: Time=3250.00, Idle=0.00, Material=Racebike_Rahmen_nachbearbeitet
  - Machine M2: Time=2913.00, Idle=337.00, Material=Racebike_Steuerrohr_montiert
  - Machine M3: Time=3070.00, Idle=180.00, Material=Citybike_Schaltauge_bearbeitet
==================================================

2025-06-06 14:21:41,381 - JSPGymEnvironment - INFO - Material change on machine M1: Racebike_Rahmen_nachbearbeitet -> Citybike_Rahmen_nachbearbeitet, setup time: 33
2025-06-06 14:21:41,381 - JSPGymEnvironment - INFO - Executed operation: Job J10, Op 0, Machine M1, Start: 3283, End: 3320, Setup: 33
2025-06-06 14:21:41,382 - JSPGymEnvironment - INFO - 
===== REWARD DETAILS FOR STEP 57 =====
Job: J10, Operation: 0, Job Completed: False
Current Time: 3250.00 -> 3320.00, Setup Time: 33.00
Processing Time: 37.00, Idle Time: 0.00
Completed Jobs: 0/300
Machine: M1, Material: Citybike_Rahmen_nachbearbeitet

REWARD COMPONENTS:
- makespan_reward: -0.3500
- setup_reward: -8.2500
- deadline_reward: 0.0000
- priority_reward: 0.0000
- critical_job_reward: 0.0000
- placement_reward: 0.0000
- timeliness_reward: -1.3232
- machine_idle_penalty: -8.2125

TOTAL REWARD: -18.1357

CUMULATIVE REWARD COMPONENTS:
- makespan_reward: -16.6000
- setup_reward: -378.7500
- deadline_reward: 0.0000
- priority_reward: 0.0000
- critical_job_reward: 15.0000
- placement_reward: 0.0000
- timeliness_reward: 398.5350
- machine_idle_penalty: -194.9500

CUMULATIVE TOTAL: -176.7650

CRITICAL STATE INFO:
- Valid actions: ['J1', 'J2', 'J3', 'J4', 'J5', 'J6', 'J7', 'J8', 'J9', 'J10', 'J11', 'J12', 'J13', 'J14', 'J15', 'J16', 'J17', 'J18', 'J19', 'J20', 'J21', 'J22', 'J23', 'J24', 'J25', 'J26', 'J27', 'J28', 'J29', 'J30', 'J31', 'J32', 'J33', 'J34', 'J35', 'J36', 'J37', 'J38', 'J39', 'J40', 'J41', 'J42', 'J43', 'J44', 'J45', 'J46', 'J47', 'J48', 'J49', 'J50', 'J51', 'J52', 'J53', 'J54', 'J55', 'J56', 'J57', 'J58', 'J59', 'J60', 'J61', 'J62', 'J63', 'J64', 'J65', 'J66', 'J67', 'J68', 'J69', 'J70', 'J71', 'J72', 'J73', 'J74', 'J75', 'J76', 'J77', 'J78', 'J79', 'J80', 'J81', 'J82', 'J83', 'J84', 'J85', 'J86', 'J87', 'J88', 'J89', 'J90', 'J91', 'J92', 'J93', 'J94', 'J95', 'J96', 'J97', 'J98', 'J99', 'J100', 'J101', 'J102', 'J103', 'J104', 'J105', 'J106', 'J107', 'J108', 'J109', 'J110', 'J111', 'J112', 'J113', 'J114', 'J115', 'J116', 'J117', 'J118', 'J119', 'J120', 'J121', 'J122', 'J123', 'J124', 'J125', 'J126', 'J127', 'J128', 'J129', 'J130', 'J131', 'J132', 'J133', 'J134', 'J135', 'J136', 'J137', 'J138', 'J139', 'J140', 'J141', 'J142', 'J143', 'J144', 'J145', 'J146', 'J147', 'J148', 'J149', 'J150', 'J151', 'J152', 'J153', 'J154', 'J155', 'J156', 'J157', 'J158', 'J159', 'J160', 'J161', 'J162', 'J163', 'J164', 'J165', 'J166', 'J167', 'J168', 'J169', 'J170', 'J171', 'J172', 'J173', 'J174', 'J175', 'J176', 'J177', 'J178', 'J179', 'J180', 'J181', 'J182', 'J183', 'J184', 'J185', 'J186', 'J187', 'J188', 'J189', 'J190', 'J191', 'J192', 'J193', 'J194', 'J195', 'J196', 'J197', 'J198', 'J199', 'J200', 'J201', 'J202', 'J203', 'J204', 'J205', 'J206', 'J207', 'J208', 'J209', 'J210', 'J211', 'J212', 'J213', 'J214', 'J215', 'J216', 'J217', 'J218', 'J219', 'J220', 'J221', 'J222', 'J223', 'J224', 'J225', 'J226', 'J227', 'J228', 'J229', 'J230', 'J231', 'J232', 'J233', 'J234', 'J235', 'J236', 'J237', 'J238', 'J239', 'J240', 'J241', 'J242', 'J243', 'J244', 'J245', 'J246', 'J247', 'J248', 'J249', 'J250', 'J251', 'J252', 'J253', 'J254', 'J255', 'J256', 'J257', 'J258', 'J259', 'J260', 'J261', 'J262', 'J263', 'J264', 'J265', 'J266', 'J267', 'J268', 'J269', 'J270', 'J271', 'J272', 'J273', 'J274', 'J275', 'J276', 'J277', 'J278', 'J279', 'J280', 'J281', 'J282', 'J283', 'J284', 'J285', 'J286', 'J287', 'J288', 'J289', 'J290', 'J291', 'J292', 'J293', 'J294', 'J295', 'J296', 'J297', 'J298', 'J299', 'J300']
- Machine states:
  - Machine M1: Time=3320.00, Idle=0.00, Material=Citybike_Rahmen_nachbearbeitet
  - Machine M2: Time=2913.00, Idle=407.00, Material=Racebike_Steuerrohr_montiert
  - Machine M3: Time=3070.00, Idle=250.00, Material=Citybike_Schaltauge_bearbeitet
==================================================

2025-06-06 14:21:53,150 - JSPGymEnvironment - INFO - Material change on machine M3: Citybike_Schaltauge_bearbeitet -> Citybike_Tretlageraufnahme_geschweisst, setup time: 15
2025-06-06 14:21:53,150 - JSPGymEnvironment - INFO - Executed operation: Job J291, Op 0, Machine M3, Start: 3335, End: 3391, Setup: 15
2025-06-06 14:21:53,151 - JSPGymEnvironment - INFO - 
===== REWARD DETAILS FOR STEP 58 =====
Job: J291, Operation: 0, Job Completed: False
Current Time: 3320.00 -> 3391.00, Setup Time: 15.00
Processing Time: 56.00, Idle Time: 0.00
Completed Jobs: 0/300
Machine: M3, Material: Citybike_Tretlageraufnahme_geschweisst

REWARD COMPONENTS:
- makespan_reward: -0.3550
- setup_reward: -3.7500
- deadline_reward: 0.0000
- priority_reward: 0.0000
- critical_job_reward: 0.0000
- placement_reward: 0.0000
- timeliness_reward: -1.7762
- machine_idle_penalty: -6.8625

TOTAL REWARD: -12.7437

CUMULATIVE REWARD COMPONENTS:
- makespan_reward: -16.9550
- setup_reward: -382.5000
- deadline_reward: 0.0000
- priority_reward: 0.0000
- critical_job_reward: 15.0000
- placement_reward: 0.0000
- timeliness_reward: 396.7588
- machine_idle_penalty: -201.8125

CUMULATIVE TOTAL: -189.5087

CRITICAL STATE INFO:
- Valid actions: ['J1', 'J2', 'J3', 'J4', 'J5', 'J6', 'J7', 'J8', 'J9', 'J10', 'J11', 'J12', 'J13', 'J14', 'J15', 'J16', 'J17', 'J18', 'J19', 'J20', 'J21', 'J22', 'J23', 'J24', 'J25', 'J26', 'J27', 'J28', 'J29', 'J30', 'J31', 'J32', 'J33', 'J34', 'J35', 'J36', 'J37', 'J38', 'J39', 'J40', 'J41', 'J42', 'J43', 'J44', 'J45', 'J46', 'J47', 'J48', 'J49', 'J50', 'J51', 'J52', 'J53', 'J54', 'J55', 'J56', 'J57', 'J58', 'J59', 'J60', 'J61', 'J62', 'J63', 'J64', 'J65', 'J66', 'J67', 'J68', 'J69', 'J70', 'J71', 'J72', 'J73', 'J74', 'J75', 'J76', 'J77', 'J78', 'J79', 'J80', 'J81', 'J82', 'J83', 'J84', 'J85', 'J86', 'J87', 'J88', 'J89', 'J90', 'J91', 'J92', 'J93', 'J94', 'J95', 'J96', 'J97', 'J98', 'J99', 'J100', 'J101', 'J102', 'J103', 'J104', 'J105', 'J106', 'J107', 'J108', 'J109', 'J110', 'J111', 'J112', 'J113', 'J114', 'J115', 'J116', 'J117', 'J118', 'J119', 'J120', 'J121', 'J122', 'J123', 'J124', 'J125', 'J126', 'J127', 'J128', 'J129', 'J130', 'J131', 'J132', 'J133', 'J134', 'J135', 'J136', 'J137', 'J138', 'J139', 'J140', 'J141', 'J142', 'J143', 'J144', 'J145', 'J146', 'J147', 'J148', 'J149', 'J150', 'J151', 'J152', 'J153', 'J154', 'J155', 'J156', 'J157', 'J158', 'J159', 'J160', 'J161', 'J162', 'J163', 'J164', 'J165', 'J166', 'J167', 'J168', 'J169', 'J170', 'J171', 'J172', 'J173', 'J174', 'J175', 'J176', 'J177', 'J178', 'J179', 'J180', 'J181', 'J182', 'J183', 'J184', 'J185', 'J186', 'J187', 'J188', 'J189', 'J190', 'J191', 'J192', 'J193', 'J194', 'J195', 'J196', 'J197', 'J198', 'J199', 'J200', 'J201', 'J202', 'J203', 'J204', 'J205', 'J206', 'J207', 'J208', 'J209', 'J210', 'J211', 'J212', 'J213', 'J214', 'J215', 'J216', 'J217', 'J218', 'J219', 'J220', 'J221', 'J222', 'J223', 'J224', 'J225', 'J226', 'J227', 'J228', 'J229', 'J230', 'J231', 'J232', 'J233', 'J234', 'J235', 'J236', 'J237', 'J238', 'J239', 'J240', 'J241', 'J242', 'J243', 'J244', 'J245', 'J246', 'J247', 'J248', 'J249', 'J250', 'J251', 'J252', 'J253', 'J254', 'J255', 'J256', 'J257', 'J258', 'J259', 'J260', 'J261', 'J262', 'J263', 'J264', 'J265', 'J266', 'J267', 'J268', 'J269', 'J270', 'J271', 'J272', 'J273', 'J274', 'J275', 'J276', 'J277', 'J278', 'J279', 'J280', 'J281', 'J282', 'J283', 'J284', 'J285', 'J286', 'J287', 'J288', 'J289', 'J290', 'J291', 'J292', 'J293', 'J294', 'J295', 'J296', 'J297', 'J298', 'J299', 'J300']
- Machine states:
  - Machine M1: Time=3320.00, Idle=71.00, Material=Citybike_Rahmen_nachbearbeitet
  - Machine M2: Time=2913.00, Idle=478.00, Material=Racebike_Steuerrohr_montiert
  - Machine M3: Time=3391.00, Idle=0.00, Material=Citybike_Tretlageraufnahme_geschweisst
==================================================

2025-06-06 14:22:05,612 - JSPGymEnvironment - INFO - Material change on machine M1: Citybike_Rahmen_nachbearbeitet -> Racebike_Fahrrad_endmontiert, setup time: 30
2025-06-06 14:22:05,612 - JSPGymEnvironment - INFO - Executed operation: Job J84, Op 4, Machine M1, Start: 3421, End: 3441, Setup: 30
2025-06-06 14:22:05,612 - JSPGymEnvironment - INFO - Job J84 completed at time 3441, deadline: 2765, met: False, priority: 8
2025-06-06 14:22:05,614 - JSPGymEnvironment - INFO - 
===== REWARD DETAILS FOR STEP 59 =====
Job: J84, Operation: 4, Job Completed: True
Current Time: 3391.00 -> 3441.00, Setup Time: 30.00
Processing Time: 20.00, Idle Time: 0.00
Completed Jobs: 1/300
Machine: M1, Material: Racebike_Fahrrad_endmontiert
Job Deadline: 2765.00 (Missed), Priority: 8

REWARD COMPONENTS:
- makespan_reward: -0.2500
- setup_reward: -7.5000
- deadline_reward: -0.6112
- priority_reward: 32.0000
- critical_job_reward: 9.5662
- placement_reward: 0.0000
- timeliness_reward: -2.0724
- machine_idle_penalty: -7.2250

TOTAL REWARD: 23.9076

CUMULATIVE REWARD COMPONENTS:
- makespan_reward: -17.2050
- setup_reward: -390.0000
- deadline_reward: -0.6112
- priority_reward: 32.0000
- critical_job_reward: 24.5662
- placement_reward: 0.0000
- timeliness_reward: 394.6864
- machine_idle_penalty: -209.0375

CUMULATIVE TOTAL: -165.6011

CRITICAL STATE INFO:
- Valid actions: ['J1', 'J2', 'J3', 'J4', 'J5', 'J6', 'J7', 'J8', 'J9', 'J10', 'J11', 'J12', 'J13', 'J14', 'J15', 'J16', 'J17', 'J18', 'J19', 'J20', 'J21', 'J22', 'J23', 'J24', 'J25', 'J26', 'J27', 'J28', 'J29', 'J30', 'J31', 'J32', 'J33', 'J34', 'J35', 'J36', 'J37', 'J38', 'J39', 'J40', 'J41', 'J42', 'J43', 'J44', 'J45', 'J46', 'J47', 'J48', 'J49', 'J50', 'J51', 'J52', 'J53', 'J54', 'J55', 'J56', 'J57', 'J58', 'J59', 'J60', 'J61', 'J62', 'J63', 'J64', 'J65', 'J66', 'J67', 'J68', 'J69', 'J70', 'J71', 'J72', 'J73', 'J74', 'J75', 'J76', 'J77', 'J78', 'J79', 'J80', 'J81', 'J82', 'J83', 'J85', 'J86', 'J87', 'J88', 'J89', 'J90', 'J91', 'J92', 'J93', 'J94', 'J95', 'J96', 'J97', 'J98', 'J99', 'J100', 'J101', 'J102', 'J103', 'J104', 'J105', 'J106', 'J107', 'J108', 'J109', 'J110', 'J111', 'J112', 'J113', 'J114', 'J115', 'J116', 'J117', 'J118', 'J119', 'J120', 'J121', 'J122', 'J123', 'J124', 'J125', 'J126', 'J127', 'J128', 'J129', 'J130', 'J131', 'J132', 'J133', 'J134', 'J135', 'J136', 'J137', 'J138', 'J139', 'J140', 'J141', 'J142', 'J143', 'J144', 'J145', 'J146', 'J147', 'J148', 'J149', 'J150', 'J151', 'J152', 'J153', 'J154', 'J155', 'J156', 'J157', 'J158', 'J159', 'J160', 'J161', 'J162', 'J163', 'J164', 'J165', 'J166', 'J167', 'J168', 'J169', 'J170', 'J171', 'J172', 'J173', 'J174', 'J175', 'J176', 'J177', 'J178', 'J179', 'J180', 'J181', 'J182', 'J183', 'J184', 'J185', 'J186', 'J187', 'J188', 'J189', 'J190', 'J191', 'J192', 'J193', 'J194', 'J195', 'J196', 'J197', 'J198', 'J199', 'J200', 'J201', 'J202', 'J203', 'J204', 'J205', 'J206', 'J207', 'J208', 'J209', 'J210', 'J211', 'J212', 'J213', 'J214', 'J215', 'J216', 'J217', 'J218', 'J219', 'J220', 'J221', 'J222', 'J223', 'J224', 'J225', 'J226', 'J227', 'J228', 'J229', 'J230', 'J231', 'J232', 'J233', 'J234', 'J235', 'J236', 'J237', 'J238', 'J239', 'J240', 'J241', 'J242', 'J243', 'J244', 'J245', 'J246', 'J247', 'J248', 'J249', 'J250', 'J251', 'J252', 'J253', 'J254', 'J255', 'J256', 'J257', 'J258', 'J259', 'J260', 'J261', 'J262', 'J263', 'J264', 'J265', 'J266', 'J267', 'J268', 'J269', 'J270', 'J271', 'J272', 'J273', 'J274', 'J275', 'J276', 'J277', 'J278', 'J279', 'J280', 'J281', 'J282', 'J283', 'J284', 'J285', 'J286', 'J287', 'J288', 'J289', 'J290', 'J291', 'J292', 'J293', 'J294', 'J295', 'J296', 'J297', 'J298', 'J299', 'J300']
- Machine states:
  - Machine M1: Time=3441.00, Idle=0.00, Material=Racebike_Fahrrad_endmontiert
  - Machine M2: Time=2913.00, Idle=528.00, Material=Racebike_Steuerrohr_montiert
  - Machine M3: Time=3391.00, Idle=50.00, Material=Citybike_Tretlageraufnahme_geschweisst
==================================================

2025-06-06 14:22:05,614 - JSPGymEnvironment - INFO - Retro-Bonus für Job J84: -5.0
2025-06-06 14:22:17,456 - JSPGymEnvironment - INFO - Material change on machine M1: Racebike_Fahrrad_endmontiert -> Mountainbike_Steuerrohr_montiert, setup time: 46
2025-06-06 14:22:17,457 - JSPGymEnvironment - INFO - Executed operation: Job J57, Op 1, Machine M1, Start: 3487, End: 3526, Setup: 46
2025-06-06 14:22:17,458 - JSPGymEnvironment - INFO - 
===== REWARD DETAILS FOR STEP 60 =====
Job: J57, Operation: 1, Job Completed: False
Current Time: 3441.00 -> 3526.00, Setup Time: 46.00
Processing Time: 39.00, Idle Time: 0.00
Completed Jobs: 1/300
Machine: M1, Material: Mountainbike_Steuerrohr_montiert

REWARD COMPONENTS:
- makespan_reward: -0.4250
- setup_reward: -11.5000
- deadline_reward: 0.0000
- priority_reward: 0.0000
- critical_job_reward: 0.0000
- placement_reward: 0.0000
- timeliness_reward: -2.5410
- machine_idle_penalty: -9.3500

TOTAL REWARD: -23.8160

CUMULATIVE REWARD COMPONENTS:
- makespan_reward: -17.6300
- setup_reward: -401.5000
- deadline_reward: -0.6112
- priority_reward: 32.0000
- critical_job_reward: 24.5662
- placement_reward: 0.0000
- timeliness_reward: 392.1454
- machine_idle_penalty: -218.3875

CUMULATIVE TOTAL: -189.4171

CRITICAL STATE INFO:
- Valid actions: ['J1', 'J2', 'J3', 'J4', 'J5', 'J6', 'J7', 'J8', 'J9', 'J10', 'J11', 'J12', 'J13', 'J14', 'J15', 'J16', 'J17', 'J18', 'J19', 'J20', 'J21', 'J22', 'J23', 'J24', 'J25', 'J26', 'J27', 'J28', 'J29', 'J30', 'J31', 'J32', 'J33', 'J34', 'J35', 'J36', 'J37', 'J38', 'J39', 'J40', 'J41', 'J42', 'J43', 'J44', 'J45', 'J46', 'J47', 'J48', 'J49', 'J50', 'J51', 'J52', 'J53', 'J54', 'J55', 'J56', 'J57', 'J58', 'J59', 'J60', 'J61', 'J62', 'J63', 'J64', 'J65', 'J66', 'J67', 'J68', 'J69', 'J70', 'J71', 'J72', 'J73', 'J74', 'J75', 'J76', 'J77', 'J78', 'J79', 'J80', 'J81', 'J82', 'J83', 'J85', 'J86', 'J87', 'J88', 'J89', 'J90', 'J91', 'J92', 'J93', 'J94', 'J95', 'J96', 'J97', 'J98', 'J99', 'J100', 'J101', 'J102', 'J103', 'J104', 'J105', 'J106', 'J107', 'J108', 'J109', 'J110', 'J111', 'J112', 'J113', 'J114', 'J115', 'J116', 'J117', 'J118', 'J119', 'J120', 'J121', 'J122', 'J123', 'J124', 'J125', 'J126', 'J127', 'J128', 'J129', 'J130', 'J131', 'J132', 'J133', 'J134', 'J135', 'J136', 'J137', 'J138', 'J139', 'J140', 'J141', 'J142', 'J143', 'J144', 'J145', 'J146', 'J147', 'J148', 'J149', 'J150', 'J151', 'J152', 'J153', 'J154', 'J155', 'J156', 'J157', 'J158', 'J159', 'J160', 'J161', 'J162', 'J163', 'J164', 'J165', 'J166', 'J167', 'J168', 'J169', 'J170', 'J171', 'J172', 'J173', 'J174', 'J175', 'J176', 'J177', 'J178', 'J179', 'J180', 'J181', 'J182', 'J183', 'J184', 'J185', 'J186', 'J187', 'J188', 'J189', 'J190', 'J191', 'J192', 'J193', 'J194', 'J195', 'J196', 'J197', 'J198', 'J199', 'J200', 'J201', 'J202', 'J203', 'J204', 'J205', 'J206', 'J207', 'J208', 'J209', 'J210', 'J211', 'J212', 'J213', 'J214', 'J215', 'J216', 'J217', 'J218', 'J219', 'J220', 'J221', 'J222', 'J223', 'J224', 'J225', 'J226', 'J227', 'J228', 'J229', 'J230', 'J231', 'J232', 'J233', 'J234', 'J235', 'J236', 'J237', 'J238', 'J239', 'J240', 'J241', 'J242', 'J243', 'J244', 'J245', 'J246', 'J247', 'J248', 'J249', 'J250', 'J251', 'J252', 'J253', 'J254', 'J255', 'J256', 'J257', 'J258', 'J259', 'J260', 'J261', 'J262', 'J263', 'J264', 'J265', 'J266', 'J267', 'J268', 'J269', 'J270', 'J271', 'J272', 'J273', 'J274', 'J275', 'J276', 'J277', 'J278', 'J279', 'J280', 'J281', 'J282', 'J283', 'J284', 'J285', 'J286', 'J287', 'J288', 'J289', 'J290', 'J291', 'J292', 'J293', 'J294', 'J295', 'J296', 'J297', 'J298', 'J299', 'J300']
- Machine states:
  - Machine M1: Time=3526.00, Idle=0.00, Material=Mountainbike_Steuerrohr_montiert
  - Machine M2: Time=2913.00, Idle=613.00, Material=Racebike_Steuerrohr_montiert
  - Machine M3: Time=3391.00, Idle=135.00, Material=Citybike_Tretlageraufnahme_geschweisst
==================================================

2025-06-06 14:22:29,123 - JSPGymEnvironment - INFO - Material change on machine M2: Racebike_Steuerrohr_montiert -> Citybike_Bremsen_justiert, setup time: 25
2025-06-06 14:22:29,124 - JSPGymEnvironment - INFO - Executed operation: Job J182, Op 2, Machine M2, Start: 3551, End: 3579, Setup: 25
2025-06-06 14:22:29,125 - JSPGymEnvironment - INFO - 
===== REWARD DETAILS FOR STEP 61 =====
Job: J182, Operation: 2, Job Completed: False
Current Time: 3526.00 -> 3579.00, Setup Time: 25.00
Processing Time: 28.00, Idle Time: 0.00
Completed Jobs: 1/300
Machine: M2, Material: Citybike_Bremsen_justiert

REWARD COMPONENTS:
- makespan_reward: -0.2650
- setup_reward: -6.2500
- deadline_reward: 0.0000
- priority_reward: 0.0000
- critical_job_reward: 0.0000
- placement_reward: 0.0000
- timeliness_reward: -2.8082
- machine_idle_penalty: -3.0125

TOTAL REWARD: -12.3357

CUMULATIVE REWARD COMPONENTS:
- makespan_reward: -17.8950
- setup_reward: -407.7500
- deadline_reward: -0.6112
- priority_reward: 32.0000
- critical_job_reward: 24.5662
- placement_reward: 0.0000
- timeliness_reward: 389.3372
- machine_idle_penalty: -221.4000

CUMULATIVE TOTAL: -201.7528

CRITICAL STATE INFO:
- Valid actions: ['J1', 'J2', 'J3', 'J4', 'J5', 'J6', 'J7', 'J8', 'J9', 'J10', 'J11', 'J12', 'J13', 'J14', 'J15', 'J16', 'J17', 'J18', 'J19', 'J20', 'J21', 'J22', 'J23', 'J24', 'J25', 'J26', 'J27', 'J28', 'J29', 'J30', 'J31', 'J32', 'J33', 'J34', 'J35', 'J36', 'J37', 'J38', 'J39', 'J40', 'J41', 'J42', 'J43', 'J44', 'J45', 'J46', 'J47', 'J48', 'J49', 'J50', 'J51', 'J52', 'J53', 'J54', 'J55', 'J56', 'J57', 'J58', 'J59', 'J60', 'J61', 'J62', 'J63', 'J64', 'J65', 'J66', 'J67', 'J68', 'J69', 'J70', 'J71', 'J72', 'J73', 'J74', 'J75', 'J76', 'J77', 'J78', 'J79', 'J80', 'J81', 'J82', 'J83', 'J85', 'J86', 'J87', 'J88', 'J89', 'J90', 'J91', 'J92', 'J93', 'J94', 'J95', 'J96', 'J97', 'J98', 'J99', 'J100', 'J101', 'J102', 'J103', 'J104', 'J105', 'J106', 'J107', 'J108', 'J109', 'J110', 'J111', 'J112', 'J113', 'J114', 'J115', 'J116', 'J117', 'J118', 'J119', 'J120', 'J121', 'J122', 'J123', 'J124', 'J125', 'J126', 'J127', 'J128', 'J129', 'J130', 'J131', 'J132', 'J133', 'J134', 'J135', 'J136', 'J137', 'J138', 'J139', 'J140', 'J141', 'J142', 'J143', 'J144', 'J145', 'J146', 'J147', 'J148', 'J149', 'J150', 'J151', 'J152', 'J153', 'J154', 'J155', 'J156', 'J157', 'J158', 'J159', 'J160', 'J161', 'J162', 'J163', 'J164', 'J165', 'J166', 'J167', 'J168', 'J169', 'J170', 'J171', 'J172', 'J173', 'J174', 'J175', 'J176', 'J177', 'J178', 'J179', 'J180', 'J181', 'J182', 'J183', 'J184', 'J185', 'J186', 'J187', 'J188', 'J189', 'J190', 'J191', 'J192', 'J193', 'J194', 'J195', 'J196', 'J197', 'J198', 'J199', 'J200', 'J201', 'J202', 'J203', 'J204', 'J205', 'J206', 'J207', 'J208', 'J209', 'J210', 'J211', 'J212', 'J213', 'J214', 'J215', 'J216', 'J217', 'J218', 'J219', 'J220', 'J221', 'J222', 'J223', 'J224', 'J225', 'J226', 'J227', 'J228', 'J229', 'J230', 'J231', 'J232', 'J233', 'J234', 'J235', 'J236', 'J237', 'J238', 'J239', 'J240', 'J241', 'J242', 'J243', 'J244', 'J245', 'J246', 'J247', 'J248', 'J249', 'J250', 'J251', 'J252', 'J253', 'J254', 'J255', 'J256', 'J257', 'J258', 'J259', 'J260', 'J261', 'J262', 'J263', 'J264', 'J265', 'J266', 'J267', 'J268', 'J269', 'J270', 'J271', 'J272', 'J273', 'J274', 'J275', 'J276', 'J277', 'J278', 'J279', 'J280', 'J281', 'J282', 'J283', 'J284', 'J285', 'J286', 'J287', 'J288', 'J289', 'J290', 'J291', 'J292', 'J293', 'J294', 'J295', 'J296', 'J297', 'J298', 'J299', 'J300']
- Machine states:
  - Machine M1: Time=3526.00, Idle=53.00, Material=Mountainbike_Steuerrohr_montiert
  - Machine M2: Time=3579.00, Idle=0.00, Material=Citybike_Bremsen_justiert
  - Machine M3: Time=3391.00, Idle=188.00, Material=Citybike_Tretlageraufnahme_geschweisst
==================================================

2025-06-06 14:22:41,615 - JSPGymEnvironment - INFO - Material change on machine M2: Citybike_Bremsen_justiert -> Racebike_Steuerrohr_ausgerieben, setup time: 21
2025-06-06 14:22:41,615 - JSPGymEnvironment - INFO - Executed operation: Job J107, Op 4, Machine M2, Start: 3600, End: 3617, Setup: 21
2025-06-06 14:22:41,616 - JSPGymEnvironment - INFO - 
===== REWARD DETAILS FOR STEP 62 =====
Job: J107, Operation: 4, Job Completed: False
Current Time: 3579.00 -> 3617.00, Setup Time: 21.00
Processing Time: 17.00, Idle Time: 0.00
Completed Jobs: 1/300
Machine: M2, Material: Racebike_Steuerrohr_ausgerieben

REWARD COMPONENTS:
- makespan_reward: -0.1900
- setup_reward: -5.2500
- deadline_reward: 0.0000
- priority_reward: 0.0000
- critical_job_reward: 0.5000
- placement_reward: 0.0000
- timeliness_reward: -2.9883
- machine_idle_penalty: -3.9625

TOTAL REWARD: -11.8908

CUMULATIVE REWARD COMPONENTS:
- makespan_reward: -18.0850
- setup_reward: -413.0000
- deadline_reward: -0.6112
- priority_reward: 32.0000
- critical_job_reward: 25.0662
- placement_reward: 0.0000
- timeliness_reward: 386.3489
- machine_idle_penalty: -225.3625

CUMULATIVE TOTAL: -213.6436

CRITICAL STATE INFO:
- Valid actions: ['J1', 'J2', 'J3', 'J4', 'J5', 'J6', 'J7', 'J8', 'J9', 'J10', 'J11', 'J12', 'J13', 'J14', 'J15', 'J16', 'J17', 'J18', 'J19', 'J20', 'J21', 'J22', 'J23', 'J24', 'J25', 'J26', 'J27', 'J28', 'J29', 'J30', 'J31', 'J32', 'J33', 'J34', 'J35', 'J36', 'J37', 'J38', 'J39', 'J40', 'J41', 'J42', 'J43', 'J44', 'J45', 'J46', 'J47', 'J48', 'J49', 'J50', 'J51', 'J52', 'J53', 'J54', 'J55', 'J56', 'J57', 'J58', 'J59', 'J60', 'J61', 'J62', 'J63', 'J64', 'J65', 'J66', 'J67', 'J68', 'J69', 'J70', 'J71', 'J72', 'J73', 'J74', 'J75', 'J76', 'J77', 'J78', 'J79', 'J80', 'J81', 'J82', 'J83', 'J85', 'J86', 'J87', 'J88', 'J89', 'J90', 'J91', 'J92', 'J93', 'J94', 'J95', 'J96', 'J97', 'J98', 'J99', 'J100', 'J101', 'J102', 'J103', 'J104', 'J105', 'J106', 'J107', 'J108', 'J109', 'J110', 'J111', 'J112', 'J113', 'J114', 'J115', 'J116', 'J117', 'J118', 'J119', 'J120', 'J121', 'J122', 'J123', 'J124', 'J125', 'J126', 'J127', 'J128', 'J129', 'J130', 'J131', 'J132', 'J133', 'J134', 'J135', 'J136', 'J137', 'J138', 'J139', 'J140', 'J141', 'J142', 'J143', 'J144', 'J145', 'J146', 'J147', 'J148', 'J149', 'J150', 'J151', 'J152', 'J153', 'J154', 'J155', 'J156', 'J157', 'J158', 'J159', 'J160', 'J161', 'J162', 'J163', 'J164', 'J165', 'J166', 'J167', 'J168', 'J169', 'J170', 'J171', 'J172', 'J173', 'J174', 'J175', 'J176', 'J177', 'J178', 'J179', 'J180', 'J181', 'J182', 'J183', 'J184', 'J185', 'J186', 'J187', 'J188', 'J189', 'J190', 'J191', 'J192', 'J193', 'J194', 'J195', 'J196', 'J197', 'J198', 'J199', 'J200', 'J201', 'J202', 'J203', 'J204', 'J205', 'J206', 'J207', 'J208', 'J209', 'J210', 'J211', 'J212', 'J213', 'J214', 'J215', 'J216', 'J217', 'J218', 'J219', 'J220', 'J221', 'J222', 'J223', 'J224', 'J225', 'J226', 'J227', 'J228', 'J229', 'J230', 'J231', 'J232', 'J233', 'J234', 'J235', 'J236', 'J237', 'J238', 'J239', 'J240', 'J241', 'J242', 'J243', 'J244', 'J245', 'J246', 'J247', 'J248', 'J249', 'J250', 'J251', 'J252', 'J253', 'J254', 'J255', 'J256', 'J257', 'J258', 'J259', 'J260', 'J261', 'J262', 'J263', 'J264', 'J265', 'J266', 'J267', 'J268', 'J269', 'J270', 'J271', 'J272', 'J273', 'J274', 'J275', 'J276', 'J277', 'J278', 'J279', 'J280', 'J281', 'J282', 'J283', 'J284', 'J285', 'J286', 'J287', 'J288', 'J289', 'J290', 'J291', 'J292', 'J293', 'J294', 'J295', 'J296', 'J297', 'J298', 'J299', 'J300']
- Machine states:
  - Machine M1: Time=3526.00, Idle=91.00, Material=Mountainbike_Steuerrohr_montiert
  - Machine M2: Time=3617.00, Idle=0.00, Material=Racebike_Steuerrohr_ausgerieben
  - Machine M3: Time=3391.00, Idle=226.00, Material=Citybike_Tretlageraufnahme_geschweisst
==================================================

2025-06-06 14:22:53,478 - JSPGymEnvironment - INFO - Material change on machine M2: Racebike_Steuerrohr_ausgerieben -> Citybike_Tretlageraufnahme_geschweisst, setup time: 25
2025-06-06 14:22:53,478 - JSPGymEnvironment - INFO - Executed operation: Job J215, Op 5, Machine M2, Start: 3642, End: 3660, Setup: 25
2025-06-06 14:22:53,478 - JSPGymEnvironment - INFO - Job J215 completed at time 3660, deadline: 2880, met: False, priority: 4
2025-06-06 14:22:53,479 - JSPGymEnvironment - INFO - 
===== REWARD DETAILS FOR STEP 63 =====
Job: J215, Operation: 5, Job Completed: True
Current Time: 3617.00 -> 3660.00, Setup Time: 25.00
Processing Time: 18.00, Idle Time: 0.00
Completed Jobs: 2/300
Machine: M2, Material: Citybike_Tretlageraufnahme_geschweisst
Job Deadline: 2880.00 (Missed), Priority: 4

REWARD COMPONENTS:
- makespan_reward: -0.2150
- setup_reward: -6.2500
- deadline_reward: -0.6771
- priority_reward: 16.0000
- critical_job_reward: 0.0000
- placement_reward: 0.0000
- timeliness_reward: -3.1809
- machine_idle_penalty: -5.0375

TOTAL REWARD: 0.6396

CUMULATIVE REWARD COMPONENTS:
- makespan_reward: -18.3000
- setup_reward: -419.2500
- deadline_reward: -1.2883
- priority_reward: 48.0000
- critical_job_reward: 25.0662
- placement_reward: 0.0000
- timeliness_reward: 383.1680
- machine_idle_penalty: -230.4000

CUMULATIVE TOTAL: -213.0041

CRITICAL STATE INFO:
- Valid actions: ['J1', 'J2', 'J3', 'J4', 'J5', 'J6', 'J7', 'J8', 'J9', 'J10', 'J11', 'J12', 'J13', 'J14', 'J15', 'J16', 'J17', 'J18', 'J19', 'J20', 'J21', 'J22', 'J23', 'J24', 'J25', 'J26', 'J27', 'J28', 'J29', 'J30', 'J31', 'J32', 'J33', 'J34', 'J35', 'J36', 'J37', 'J38', 'J39', 'J40', 'J41', 'J42', 'J43', 'J44', 'J45', 'J46', 'J47', 'J48', 'J49', 'J50', 'J51', 'J52', 'J53', 'J54', 'J55', 'J56', 'J57', 'J58', 'J59', 'J60', 'J61', 'J62', 'J63', 'J64', 'J65', 'J66', 'J67', 'J68', 'J69', 'J70', 'J71', 'J72', 'J73', 'J74', 'J75', 'J76', 'J77', 'J78', 'J79', 'J80', 'J81', 'J82', 'J83', 'J85', 'J86', 'J87', 'J88', 'J89', 'J90', 'J91', 'J92', 'J93', 'J94', 'J95', 'J96', 'J97', 'J98', 'J99', 'J100', 'J101', 'J102', 'J103', 'J104', 'J105', 'J106', 'J107', 'J108', 'J109', 'J110', 'J111', 'J112', 'J113', 'J114', 'J115', 'J116', 'J117', 'J118', 'J119', 'J120', 'J121', 'J122', 'J123', 'J124', 'J125', 'J126', 'J127', 'J128', 'J129', 'J130', 'J131', 'J132', 'J133', 'J134', 'J135', 'J136', 'J137', 'J138', 'J139', 'J140', 'J141', 'J142', 'J143', 'J144', 'J145', 'J146', 'J147', 'J148', 'J149', 'J150', 'J151', 'J152', 'J153', 'J154', 'J155', 'J156', 'J157', 'J158', 'J159', 'J160', 'J161', 'J162', 'J163', 'J164', 'J165', 'J166', 'J167', 'J168', 'J169', 'J170', 'J171', 'J172', 'J173', 'J174', 'J175', 'J176', 'J177', 'J178', 'J179', 'J180', 'J181', 'J182', 'J183', 'J184', 'J185', 'J186', 'J187', 'J188', 'J189', 'J190', 'J191', 'J192', 'J193', 'J194', 'J195', 'J196', 'J197', 'J198', 'J199', 'J200', 'J201', 'J202', 'J203', 'J204', 'J205', 'J206', 'J207', 'J208', 'J209', 'J210', 'J211', 'J212', 'J213', 'J214', 'J216', 'J217', 'J218', 'J219', 'J220', 'J221', 'J222', 'J223', 'J224', 'J225', 'J226', 'J227', 'J228', 'J229', 'J230', 'J231', 'J232', 'J233', 'J234', 'J235', 'J236', 'J237', 'J238', 'J239', 'J240', 'J241', 'J242', 'J243', 'J244', 'J245', 'J246', 'J247', 'J248', 'J249', 'J250', 'J251', 'J252', 'J253', 'J254', 'J255', 'J256', 'J257', 'J258', 'J259', 'J260', 'J261', 'J262', 'J263', 'J264', 'J265', 'J266', 'J267', 'J268', 'J269', 'J270', 'J271', 'J272', 'J273', 'J274', 'J275', 'J276', 'J277', 'J278', 'J279', 'J280', 'J281', 'J282', 'J283', 'J284', 'J285', 'J286', 'J287', 'J288', 'J289', 'J290', 'J291', 'J292', 'J293', 'J294', 'J295', 'J296', 'J297', 'J298', 'J299', 'J300']
- Machine states:
  - Machine M1: Time=3526.00, Idle=134.00, Material=Mountainbike_Steuerrohr_montiert
  - Machine M2: Time=3660.00, Idle=0.00, Material=Citybike_Tretlageraufnahme_geschweisst
  - Machine M3: Time=3391.00, Idle=269.00, Material=Citybike_Tretlageraufnahme_geschweisst
==================================================

2025-06-06 14:22:53,479 - JSPGymEnvironment - INFO - Retro-Bonus für Job J215: -10.0
2025-06-06 14:23:05,203 - JSPGymEnvironment - INFO - Material change on machine M3: Citybike_Tretlageraufnahme_geschweisst -> Mountainbike_Steuerrohr_montiert, setup time: 10
2025-06-06 14:23:05,203 - JSPGymEnvironment - INFO - Executed operation: Job J80, Op 0, Machine M3, Start: 3670, End: 3690, Setup: 10
2025-06-06 14:23:05,204 - JSPGymEnvironment - INFO - 
===== REWARD DETAILS FOR STEP 64 =====
Job: J80, Operation: 0, Job Completed: False
Current Time: 3660.00 -> 3690.00, Setup Time: 10.00
Processing Time: 20.00, Idle Time: 0.00
Completed Jobs: 2/300
Machine: M3, Material: Mountainbike_Steuerrohr_montiert

REWARD COMPONENTS:
- makespan_reward: -0.1500
- setup_reward: -2.5000
- deadline_reward: 0.0000
- priority_reward: 0.0000
- critical_job_reward: 0.0000
- placement_reward: 0.0000
- timeliness_reward: -3.3080
- machine_idle_penalty: -2.4250

TOTAL REWARD: -8.3830

CUMULATIVE REWARD COMPONENTS:
- makespan_reward: -18.4500
- setup_reward: -421.7500
- deadline_reward: -1.2883
- priority_reward: 48.0000
- critical_job_reward: 25.0662
- placement_reward: 0.0000
- timeliness_reward: 379.8600
- machine_idle_penalty: -232.8250

CUMULATIVE TOTAL: -221.3871

CRITICAL STATE INFO:
- Valid actions: ['J1', 'J2', 'J3', 'J4', 'J5', 'J6', 'J7', 'J8', 'J9', 'J10', 'J11', 'J12', 'J13', 'J14', 'J15', 'J16', 'J17', 'J18', 'J19', 'J20', 'J21', 'J22', 'J23', 'J24', 'J25', 'J26', 'J27', 'J28', 'J29', 'J30', 'J31', 'J32', 'J33', 'J34', 'J35', 'J36', 'J37', 'J38', 'J39', 'J40', 'J41', 'J42', 'J43', 'J44', 'J45', 'J46', 'J47', 'J48', 'J49', 'J50', 'J51', 'J52', 'J53', 'J54', 'J55', 'J56', 'J57', 'J58', 'J59', 'J60', 'J61', 'J62', 'J63', 'J64', 'J65', 'J66', 'J67', 'J68', 'J69', 'J70', 'J71', 'J72', 'J73', 'J74', 'J75', 'J76', 'J77', 'J78', 'J79', 'J80', 'J81', 'J82', 'J83', 'J85', 'J86', 'J87', 'J88', 'J89', 'J90', 'J91', 'J92', 'J93', 'J94', 'J95', 'J96', 'J97', 'J98', 'J99', 'J100', 'J101', 'J102', 'J103', 'J104', 'J105', 'J106', 'J107', 'J108', 'J109', 'J110', 'J111', 'J112', 'J113', 'J114', 'J115', 'J116', 'J117', 'J118', 'J119', 'J120', 'J121', 'J122', 'J123', 'J124', 'J125', 'J126', 'J127', 'J128', 'J129', 'J130', 'J131', 'J132', 'J133', 'J134', 'J135', 'J136', 'J137', 'J138', 'J139', 'J140', 'J141', 'J142', 'J143', 'J144', 'J145', 'J146', 'J147', 'J148', 'J149', 'J150', 'J151', 'J152', 'J153', 'J154', 'J155', 'J156', 'J157', 'J158', 'J159', 'J160', 'J161', 'J162', 'J163', 'J164', 'J165', 'J166', 'J167', 'J168', 'J169', 'J170', 'J171', 'J172', 'J173', 'J174', 'J175', 'J176', 'J177', 'J178', 'J179', 'J180', 'J181', 'J182', 'J183', 'J184', 'J185', 'J186', 'J187', 'J188', 'J189', 'J190', 'J191', 'J192', 'J193', 'J194', 'J195', 'J196', 'J197', 'J198', 'J199', 'J200', 'J201', 'J202', 'J203', 'J204', 'J205', 'J206', 'J207', 'J208', 'J209', 'J210', 'J211', 'J212', 'J213', 'J214', 'J216', 'J217', 'J218', 'J219', 'J220', 'J221', 'J222', 'J223', 'J224', 'J225', 'J226', 'J227', 'J228', 'J229', 'J230', 'J231', 'J232', 'J233', 'J234', 'J235', 'J236', 'J237', 'J238', 'J239', 'J240', 'J241', 'J242', 'J243', 'J244', 'J245', 'J246', 'J247', 'J248', 'J249', 'J250', 'J251', 'J252', 'J253', 'J254', 'J255', 'J256', 'J257', 'J258', 'J259', 'J260', 'J261', 'J262', 'J263', 'J264', 'J265', 'J266', 'J267', 'J268', 'J269', 'J270', 'J271', 'J272', 'J273', 'J274', 'J275', 'J276', 'J277', 'J278', 'J279', 'J280', 'J281', 'J282', 'J283', 'J284', 'J285', 'J286', 'J287', 'J288', 'J289', 'J290', 'J291', 'J292', 'J293', 'J294', 'J295', 'J296', 'J297', 'J298', 'J299', 'J300']
- Machine states:
  - Machine M1: Time=3526.00, Idle=164.00, Material=Mountainbike_Steuerrohr_montiert
  - Machine M2: Time=3660.00, Idle=30.00, Material=Citybike_Tretlageraufnahme_geschweisst
  - Machine M3: Time=3690.00, Idle=0.00, Material=Mountainbike_Steuerrohr_montiert
==================================================

2025-06-06 14:23:17,748 - JSPGymEnvironment - INFO - Material change on machine M3: Mountainbike_Steuerrohr_montiert -> Racebike_Bremsaufnahme_gebohrt, setup time: 14
2025-06-06 14:23:17,748 - JSPGymEnvironment - INFO - Executed operation: Job J287, Op 1, Machine M3, Start: 3704, End: 3746, Setup: 14
2025-06-06 14:23:17,749 - JSPGymEnvironment - INFO - 
===== REWARD DETAILS FOR STEP 65 =====
Job: J287, Operation: 1, Job Completed: False
Current Time: 3690.00 -> 3746.00, Setup Time: 14.00
Processing Time: 42.00, Idle Time: 0.00
Completed Jobs: 2/300
Machine: M3, Material: Racebike_Bremsaufnahme_gebohrt

REWARD COMPONENTS:
- makespan_reward: -0.2800
- setup_reward: -3.5000
- deadline_reward: 0.0000
- priority_reward: 0.0000
- critical_job_reward: 0.5000
- placement_reward: 0.0000
- timeliness_reward: -3.5305
- machine_idle_penalty: -3.8250

TOTAL REWARD: -10.6355

CUMULATIVE REWARD COMPONENTS:
- makespan_reward: -18.7300
- setup_reward: -425.2500
- deadline_reward: -1.2883
- priority_reward: 48.0000
- critical_job_reward: 25.5662
- placement_reward: 0.0000
- timeliness_reward: 376.3295
- machine_idle_penalty: -236.6500

CUMULATIVE TOTAL: -232.0226

CRITICAL STATE INFO:
- Valid actions: ['J1', 'J2', 'J3', 'J4', 'J5', 'J6', 'J7', 'J8', 'J9', 'J10', 'J11', 'J12', 'J13', 'J14', 'J15', 'J16', 'J17', 'J18', 'J19', 'J20', 'J21', 'J22', 'J23', 'J24', 'J25', 'J26', 'J27', 'J28', 'J29', 'J30', 'J31', 'J32', 'J33', 'J34', 'J35', 'J36', 'J37', 'J38', 'J39', 'J40', 'J41', 'J42', 'J43', 'J44', 'J45', 'J46', 'J47', 'J48', 'J49', 'J50', 'J51', 'J52', 'J53', 'J54', 'J55', 'J56', 'J57', 'J58', 'J59', 'J60', 'J61', 'J62', 'J63', 'J64', 'J65', 'J66', 'J67', 'J68', 'J69', 'J70', 'J71', 'J72', 'J73', 'J74', 'J75', 'J76', 'J77', 'J78', 'J79', 'J80', 'J81', 'J82', 'J83', 'J85', 'J86', 'J87', 'J88', 'J89', 'J90', 'J91', 'J92', 'J93', 'J94', 'J95', 'J96', 'J97', 'J98', 'J99', 'J100', 'J101', 'J102', 'J103', 'J104', 'J105', 'J106', 'J107', 'J108', 'J109', 'J110', 'J111', 'J112', 'J113', 'J114', 'J115', 'J116', 'J117', 'J118', 'J119', 'J120', 'J121', 'J122', 'J123', 'J124', 'J125', 'J126', 'J127', 'J128', 'J129', 'J130', 'J131', 'J132', 'J133', 'J134', 'J135', 'J136', 'J137', 'J138', 'J139', 'J140', 'J141', 'J142', 'J143', 'J144', 'J145', 'J146', 'J147', 'J148', 'J149', 'J150', 'J151', 'J152', 'J153', 'J154', 'J155', 'J156', 'J157', 'J158', 'J159', 'J160', 'J161', 'J162', 'J163', 'J164', 'J165', 'J166', 'J167', 'J168', 'J169', 'J170', 'J171', 'J172', 'J173', 'J174', 'J175', 'J176', 'J177', 'J178', 'J179', 'J180', 'J181', 'J182', 'J183', 'J184', 'J185', 'J186', 'J187', 'J188', 'J189', 'J190', 'J191', 'J192', 'J193', 'J194', 'J195', 'J196', 'J197', 'J198', 'J199', 'J200', 'J201', 'J202', 'J203', 'J204', 'J205', 'J206', 'J207', 'J208', 'J209', 'J210', 'J211', 'J212', 'J213', 'J214', 'J216', 'J217', 'J218', 'J219', 'J220', 'J221', 'J222', 'J223', 'J224', 'J225', 'J226', 'J227', 'J228', 'J229', 'J230', 'J231', 'J232', 'J233', 'J234', 'J235', 'J236', 'J237', 'J238', 'J239', 'J240', 'J241', 'J242', 'J243', 'J244', 'J245', 'J246', 'J247', 'J248', 'J249', 'J250', 'J251', 'J252', 'J253', 'J254', 'J255', 'J256', 'J257', 'J258', 'J259', 'J260', 'J261', 'J262', 'J263', 'J264', 'J265', 'J266', 'J267', 'J268', 'J269', 'J270', 'J271', 'J272', 'J273', 'J274', 'J275', 'J276', 'J277', 'J278', 'J279', 'J280', 'J281', 'J282', 'J283', 'J284', 'J285', 'J286', 'J287', 'J288', 'J289', 'J290', 'J291', 'J292', 'J293', 'J294', 'J295', 'J296', 'J297', 'J298', 'J299', 'J300']
- Machine states:
  - Machine M1: Time=3526.00, Idle=220.00, Material=Mountainbike_Steuerrohr_montiert
  - Machine M2: Time=3660.00, Idle=86.00, Material=Citybike_Tretlageraufnahme_geschweisst
  - Machine M3: Time=3746.00, Idle=0.00, Material=Racebike_Bremsaufnahme_gebohrt
==================================================

2025-06-06 14:23:29,634 - JSPGymEnvironment - INFO - Material change on machine M3: Racebike_Bremsaufnahme_gebohrt -> E-Bike_Antrieb_installiert, setup time: 15
2025-06-06 14:23:29,635 - JSPGymEnvironment - INFO - Executed operation: Job J6, Op 5, Machine M3, Start: 3761, End: 3805, Setup: 15
2025-06-06 14:23:29,636 - JSPGymEnvironment - INFO - 
===== REWARD DETAILS FOR STEP 66 =====
Job: J6, Operation: 5, Job Completed: False
Current Time: 3746.00 -> 3805.00, Setup Time: 15.00
Processing Time: 44.00, Idle Time: 0.00
Completed Jobs: 2/300
Machine: M3, Material: E-Bike_Antrieb_installiert

REWARD COMPONENTS:
- makespan_reward: -0.2950
- setup_reward: -3.7500
- deadline_reward: 0.0000
- priority_reward: 0.0000
- critical_job_reward: 0.5000
- placement_reward: 0.0000
- timeliness_reward: -3.7447
- machine_idle_penalty: -5.3000

TOTAL REWARD: -12.5897

CUMULATIVE REWARD COMPONENTS:
- makespan_reward: -19.0250
- setup_reward: -429.0000
- deadline_reward: -1.2883
- priority_reward: 48.0000
- critical_job_reward: 26.0662
- placement_reward: 0.0000
- timeliness_reward: 372.5848
- machine_idle_penalty: -241.9500

CUMULATIVE TOTAL: -244.6123

CRITICAL STATE INFO:
- Valid actions: ['J1', 'J2', 'J3', 'J4', 'J5', 'J6', 'J7', 'J8', 'J9', 'J10', 'J11', 'J12', 'J13', 'J14', 'J15', 'J16', 'J17', 'J18', 'J19', 'J20', 'J21', 'J22', 'J23', 'J24', 'J25', 'J26', 'J27', 'J28', 'J29', 'J30', 'J31', 'J32', 'J33', 'J34', 'J35', 'J36', 'J37', 'J38', 'J39', 'J40', 'J41', 'J42', 'J43', 'J44', 'J45', 'J46', 'J47', 'J48', 'J49', 'J50', 'J51', 'J52', 'J53', 'J54', 'J55', 'J56', 'J57', 'J58', 'J59', 'J60', 'J61', 'J62', 'J63', 'J64', 'J65', 'J66', 'J67', 'J68', 'J69', 'J70', 'J71', 'J72', 'J73', 'J74', 'J75', 'J76', 'J77', 'J78', 'J79', 'J80', 'J81', 'J82', 'J83', 'J85', 'J86', 'J87', 'J88', 'J89', 'J90', 'J91', 'J92', 'J93', 'J94', 'J95', 'J96', 'J97', 'J98', 'J99', 'J100', 'J101', 'J102', 'J103', 'J104', 'J105', 'J106', 'J107', 'J108', 'J109', 'J110', 'J111', 'J112', 'J113', 'J114', 'J115', 'J116', 'J117', 'J118', 'J119', 'J120', 'J121', 'J122', 'J123', 'J124', 'J125', 'J126', 'J127', 'J128', 'J129', 'J130', 'J131', 'J132', 'J133', 'J134', 'J135', 'J136', 'J137', 'J138', 'J139', 'J140', 'J141', 'J142', 'J143', 'J144', 'J145', 'J146', 'J147', 'J148', 'J149', 'J150', 'J151', 'J152', 'J153', 'J154', 'J155', 'J156', 'J157', 'J158', 'J159', 'J160', 'J161', 'J162', 'J163', 'J164', 'J165', 'J166', 'J167', 'J168', 'J169', 'J170', 'J171', 'J172', 'J173', 'J174', 'J175', 'J176', 'J177', 'J178', 'J179', 'J180', 'J181', 'J182', 'J183', 'J184', 'J185', 'J186', 'J187', 'J188', 'J189', 'J190', 'J191', 'J192', 'J193', 'J194', 'J195', 'J196', 'J197', 'J198', 'J199', 'J200', 'J201', 'J202', 'J203', 'J204', 'J205', 'J206', 'J207', 'J208', 'J209', 'J210', 'J211', 'J212', 'J213', 'J214', 'J216', 'J217', 'J218', 'J219', 'J220', 'J221', 'J222', 'J223', 'J224', 'J225', 'J226', 'J227', 'J228', 'J229', 'J230', 'J231', 'J232', 'J233', 'J234', 'J235', 'J236', 'J237', 'J238', 'J239', 'J240', 'J241', 'J242', 'J243', 'J244', 'J245', 'J246', 'J247', 'J248', 'J249', 'J250', 'J251', 'J252', 'J253', 'J254', 'J255', 'J256', 'J257', 'J258', 'J259', 'J260', 'J261', 'J262', 'J263', 'J264', 'J265', 'J266', 'J267', 'J268', 'J269', 'J270', 'J271', 'J272', 'J273', 'J274', 'J275', 'J276', 'J277', 'J278', 'J279', 'J280', 'J281', 'J282', 'J283', 'J284', 'J285', 'J286', 'J287', 'J288', 'J289', 'J290', 'J291', 'J292', 'J293', 'J294', 'J295', 'J296', 'J297', 'J298', 'J299', 'J300']
- Machine states:
  - Machine M1: Time=3526.00, Idle=279.00, Material=Mountainbike_Steuerrohr_montiert
  - Machine M2: Time=3660.00, Idle=145.00, Material=Citybike_Tretlageraufnahme_geschweisst
  - Machine M3: Time=3805.00, Idle=0.00, Material=E-Bike_Antrieb_installiert
==================================================

2025-06-06 14:23:41,383 - JSPGymEnvironment - INFO - Material change on machine M1: Mountainbike_Steuerrohr_montiert -> Racebike_Steuerrohr_ausgerieben, setup time: 48
2025-06-06 14:23:41,383 - JSPGymEnvironment - INFO - Executed operation: Job J273, Op 1, Machine M1, Start: 3853, End: 3882, Setup: 48
2025-06-06 14:23:41,384 - JSPGymEnvironment - INFO - 
===== REWARD DETAILS FOR STEP 67 =====
Job: J273, Operation: 1, Job Completed: False
Current Time: 3805.00 -> 3882.00, Setup Time: 48.00
Processing Time: 29.00, Idle Time: 0.00
Completed Jobs: 2/300
Machine: M1, Material: Racebike_Steuerrohr_ausgerieben

REWARD COMPONENTS:
- makespan_reward: -0.3850
- setup_reward: -12.0000
- deadline_reward: 0.0000
- priority_reward: 0.0000
- critical_job_reward: 0.5000
- placement_reward: 0.0000
- timeliness_reward: -3.9951
- machine_idle_penalty: -3.7375

TOTAL REWARD: -19.6176

CUMULATIVE REWARD COMPONENTS:
- makespan_reward: -19.4100
- setup_reward: -441.0000
- deadline_reward: -1.2883
- priority_reward: 48.0000
- critical_job_reward: 26.5662
- placement_reward: 0.0000
- timeliness_reward: 368.5897
- machine_idle_penalty: -245.6875

CUMULATIVE TOTAL: -264.2299

CRITICAL STATE INFO:
- Valid actions: ['J1', 'J2', 'J3', 'J4', 'J5', 'J6', 'J7', 'J8', 'J9', 'J10', 'J11', 'J12', 'J13', 'J14', 'J15', 'J16', 'J17', 'J18', 'J19', 'J20', 'J21', 'J22', 'J23', 'J24', 'J25', 'J26', 'J27', 'J28', 'J29', 'J30', 'J31', 'J32', 'J33', 'J34', 'J35', 'J36', 'J37', 'J38', 'J39', 'J40', 'J41', 'J42', 'J43', 'J44', 'J45', 'J46', 'J47', 'J48', 'J49', 'J50', 'J51', 'J52', 'J53', 'J54', 'J55', 'J56', 'J57', 'J58', 'J59', 'J60', 'J61', 'J62', 'J63', 'J64', 'J65', 'J66', 'J67', 'J68', 'J69', 'J70', 'J71', 'J72', 'J73', 'J74', 'J75', 'J76', 'J77', 'J78', 'J79', 'J80', 'J81', 'J82', 'J83', 'J85', 'J86', 'J87', 'J88', 'J89', 'J90', 'J91', 'J92', 'J93', 'J94', 'J95', 'J96', 'J97', 'J98', 'J99', 'J100', 'J101', 'J102', 'J103', 'J104', 'J105', 'J106', 'J107', 'J108', 'J109', 'J110', 'J111', 'J112', 'J113', 'J114', 'J115', 'J116', 'J117', 'J118', 'J119', 'J120', 'J121', 'J122', 'J123', 'J124', 'J125', 'J126', 'J127', 'J128', 'J129', 'J130', 'J131', 'J132', 'J133', 'J134', 'J135', 'J136', 'J137', 'J138', 'J139', 'J140', 'J141', 'J142', 'J143', 'J144', 'J145', 'J146', 'J147', 'J148', 'J149', 'J150', 'J151', 'J152', 'J153', 'J154', 'J155', 'J156', 'J157', 'J158', 'J159', 'J160', 'J161', 'J162', 'J163', 'J164', 'J165', 'J166', 'J167', 'J168', 'J169', 'J170', 'J171', 'J172', 'J173', 'J174', 'J175', 'J176', 'J177', 'J178', 'J179', 'J180', 'J181', 'J182', 'J183', 'J184', 'J185', 'J186', 'J187', 'J188', 'J189', 'J190', 'J191', 'J192', 'J193', 'J194', 'J195', 'J196', 'J197', 'J198', 'J199', 'J200', 'J201', 'J202', 'J203', 'J204', 'J205', 'J206', 'J207', 'J208', 'J209', 'J210', 'J211', 'J212', 'J213', 'J214', 'J216', 'J217', 'J218', 'J219', 'J220', 'J221', 'J222', 'J223', 'J224', 'J225', 'J226', 'J227', 'J228', 'J229', 'J230', 'J231', 'J232', 'J233', 'J234', 'J235', 'J236', 'J237', 'J238', 'J239', 'J240', 'J241', 'J242', 'J243', 'J244', 'J245', 'J246', 'J247', 'J248', 'J249', 'J250', 'J251', 'J252', 'J253', 'J254', 'J255', 'J256', 'J257', 'J258', 'J259', 'J260', 'J261', 'J262', 'J263', 'J264', 'J265', 'J266', 'J267', 'J268', 'J269', 'J270', 'J271', 'J272', 'J273', 'J274', 'J275', 'J276', 'J277', 'J278', 'J279', 'J280', 'J281', 'J282', 'J283', 'J284', 'J285', 'J286', 'J287', 'J288', 'J289', 'J290', 'J291', 'J292', 'J293', 'J294', 'J295', 'J296', 'J297', 'J298', 'J299', 'J300']
- Machine states:
  - Machine M1: Time=3882.00, Idle=0.00, Material=Racebike_Steuerrohr_ausgerieben
  - Machine M2: Time=3660.00, Idle=222.00, Material=Citybike_Tretlageraufnahme_geschweisst
  - Machine M3: Time=3805.00, Idle=77.00, Material=E-Bike_Antrieb_installiert
==================================================

2025-06-06 14:23:53,915 - JSPGymEnvironment - INFO - Material change on machine M1: Racebike_Steuerrohr_ausgerieben -> Mountainbike_Hauptrahmen_zugeschnitten, setup time: 46
2025-06-06 14:23:53,915 - JSPGymEnvironment - INFO - Executed operation: Job J9, Op 0, Machine M1, Start: 3928, End: 3970, Setup: 46
2025-06-06 14:23:53,916 - JSPGymEnvironment - INFO - 
===== REWARD DETAILS FOR STEP 68 =====
Job: J9, Operation: 0, Job Completed: False
Current Time: 3882.00 -> 3970.00, Setup Time: 46.00
Processing Time: 42.00, Idle Time: 0.00
Completed Jobs: 2/300
Machine: M1, Material: Mountainbike_Hauptrahmen_zugeschnitten

REWARD COMPONENTS:
- makespan_reward: -0.4400
- setup_reward: -11.5000
- deadline_reward: 0.0000
- priority_reward: 0.0000
- critical_job_reward: 0.0000
- placement_reward: 0.0000
- timeliness_reward: -4.2441
- machine_idle_penalty: -5.9375

TOTAL REWARD: -22.1216

CUMULATIVE REWARD COMPONENTS:
- makespan_reward: -19.8500
- setup_reward: -452.5000
- deadline_reward: -1.2883
- priority_reward: 48.0000
- critical_job_reward: 26.5662
- placement_reward: 0.0000
- timeliness_reward: 364.3456
- machine_idle_penalty: -251.6250

CUMULATIVE TOTAL: -286.3515

CRITICAL STATE INFO:
- Valid actions: ['J1', 'J2', 'J3', 'J4', 'J5', 'J6', 'J7', 'J8', 'J9', 'J10', 'J11', 'J12', 'J13', 'J14', 'J15', 'J16', 'J17', 'J18', 'J19', 'J20', 'J21', 'J22', 'J23', 'J24', 'J25', 'J26', 'J27', 'J28', 'J29', 'J30', 'J31', 'J32', 'J33', 'J34', 'J35', 'J36', 'J37', 'J38', 'J39', 'J40', 'J41', 'J42', 'J43', 'J44', 'J45', 'J46', 'J47', 'J48', 'J49', 'J50', 'J51', 'J52', 'J53', 'J54', 'J55', 'J56', 'J57', 'J58', 'J59', 'J60', 'J61', 'J62', 'J63', 'J64', 'J65', 'J66', 'J67', 'J68', 'J69', 'J70', 'J71', 'J72', 'J73', 'J74', 'J75', 'J76', 'J77', 'J78', 'J79', 'J80', 'J81', 'J82', 'J83', 'J85', 'J86', 'J87', 'J88', 'J89', 'J90', 'J91', 'J92', 'J93', 'J94', 'J95', 'J96', 'J97', 'J98', 'J99', 'J100', 'J101', 'J102', 'J103', 'J104', 'J105', 'J106', 'J107', 'J108', 'J109', 'J110', 'J111', 'J112', 'J113', 'J114', 'J115', 'J116', 'J117', 'J118', 'J119', 'J120', 'J121', 'J122', 'J123', 'J124', 'J125', 'J126', 'J127', 'J128', 'J129', 'J130', 'J131', 'J132', 'J133', 'J134', 'J135', 'J136', 'J137', 'J138', 'J139', 'J140', 'J141', 'J142', 'J143', 'J144', 'J145', 'J146', 'J147', 'J148', 'J149', 'J150', 'J151', 'J152', 'J153', 'J154', 'J155', 'J156', 'J157', 'J158', 'J159', 'J160', 'J161', 'J162', 'J163', 'J164', 'J165', 'J166', 'J167', 'J168', 'J169', 'J170', 'J171', 'J172', 'J173', 'J174', 'J175', 'J176', 'J177', 'J178', 'J179', 'J180', 'J181', 'J182', 'J183', 'J184', 'J185', 'J186', 'J187', 'J188', 'J189', 'J190', 'J191', 'J192', 'J193', 'J194', 'J195', 'J196', 'J197', 'J198', 'J199', 'J200', 'J201', 'J202', 'J203', 'J204', 'J205', 'J206', 'J207', 'J208', 'J209', 'J210', 'J211', 'J212', 'J213', 'J214', 'J216', 'J217', 'J218', 'J219', 'J220', 'J221', 'J222', 'J223', 'J224', 'J225', 'J226', 'J227', 'J228', 'J229', 'J230', 'J231', 'J232', 'J233', 'J234', 'J235', 'J236', 'J237', 'J238', 'J239', 'J240', 'J241', 'J242', 'J243', 'J244', 'J245', 'J246', 'J247', 'J248', 'J249', 'J250', 'J251', 'J252', 'J253', 'J254', 'J255', 'J256', 'J257', 'J258', 'J259', 'J260', 'J261', 'J262', 'J263', 'J264', 'J265', 'J266', 'J267', 'J268', 'J269', 'J270', 'J271', 'J272', 'J273', 'J274', 'J275', 'J276', 'J277', 'J278', 'J279', 'J280', 'J281', 'J282', 'J283', 'J284', 'J285', 'J286', 'J287', 'J288', 'J289', 'J290', 'J291', 'J292', 'J293', 'J294', 'J295', 'J296', 'J297', 'J298', 'J299', 'J300']
- Machine states:
  - Machine M1: Time=3970.00, Idle=0.00, Material=Mountainbike_Hauptrahmen_zugeschnitten
  - Machine M2: Time=3660.00, Idle=310.00, Material=Citybike_Tretlageraufnahme_geschweisst
  - Machine M3: Time=3805.00, Idle=165.00, Material=E-Bike_Antrieb_installiert
==================================================

2025-06-06 14:24:05,903 - JSPGymEnvironment - INFO - Material change on machine M2: Citybike_Tretlageraufnahme_geschweisst -> Racebike_Tretlageraufnahme_geschweisst, setup time: 21
2025-06-06 14:24:05,903 - JSPGymEnvironment - INFO - Executed operation: Job J140, Op 0, Machine M2, Start: 3991, End: 4008, Setup: 21
2025-06-06 14:24:05,904 - JSPGymEnvironment - INFO - 
===== REWARD DETAILS FOR STEP 69 =====
Job: J140, Operation: 0, Job Completed: False
Current Time: 3970.00 -> 4008.00, Setup Time: 21.00
Processing Time: 17.00, Idle Time: 0.00
Completed Jobs: 2/300
Machine: M2, Material: Racebike_Tretlageraufnahme_geschweisst

REWARD COMPONENTS:
- makespan_reward: -0.1900
- setup_reward: -5.2500
- deadline_reward: 0.0000
- priority_reward: 0.0000
- critical_job_reward: 0.5000
- placement_reward: 0.0000
- timeliness_reward: -4.3404
- machine_idle_penalty: -3.0125

TOTAL REWARD: -12.2929

CUMULATIVE REWARD COMPONENTS:
- makespan_reward: -20.0400
- setup_reward: -457.7500
- deadline_reward: -1.2883
- priority_reward: 48.0000
- critical_job_reward: 27.0662
- placement_reward: 0.0000
- timeliness_reward: 360.0052
- machine_idle_penalty: -254.6375

CUMULATIVE TOTAL: -298.6444

CRITICAL STATE INFO:
- Valid actions: ['J1', 'J2', 'J3', 'J4', 'J5', 'J6', 'J7', 'J8', 'J9', 'J10', 'J11', 'J12', 'J13', 'J14', 'J15', 'J16', 'J17', 'J18', 'J19', 'J20', 'J21', 'J22', 'J23', 'J24', 'J25', 'J26', 'J27', 'J28', 'J29', 'J30', 'J31', 'J32', 'J33', 'J34', 'J35', 'J36', 'J37', 'J38', 'J39', 'J40', 'J41', 'J42', 'J43', 'J44', 'J45', 'J46', 'J47', 'J48', 'J49', 'J50', 'J51', 'J52', 'J53', 'J54', 'J55', 'J56', 'J57', 'J58', 'J59', 'J60', 'J61', 'J62', 'J63', 'J64', 'J65', 'J66', 'J67', 'J68', 'J69', 'J70', 'J71', 'J72', 'J73', 'J74', 'J75', 'J76', 'J77', 'J78', 'J79', 'J80', 'J81', 'J82', 'J83', 'J85', 'J86', 'J87', 'J88', 'J89', 'J90', 'J91', 'J92', 'J93', 'J94', 'J95', 'J96', 'J97', 'J98', 'J99', 'J100', 'J101', 'J102', 'J103', 'J104', 'J105', 'J106', 'J107', 'J108', 'J109', 'J110', 'J111', 'J112', 'J113', 'J114', 'J115', 'J116', 'J117', 'J118', 'J119', 'J120', 'J121', 'J122', 'J123', 'J124', 'J125', 'J126', 'J127', 'J128', 'J129', 'J130', 'J131', 'J132', 'J133', 'J134', 'J135', 'J136', 'J137', 'J138', 'J139', 'J140', 'J141', 'J142', 'J143', 'J144', 'J145', 'J146', 'J147', 'J148', 'J149', 'J150', 'J151', 'J152', 'J153', 'J154', 'J155', 'J156', 'J157', 'J158', 'J159', 'J160', 'J161', 'J162', 'J163', 'J164', 'J165', 'J166', 'J167', 'J168', 'J169', 'J170', 'J171', 'J172', 'J173', 'J174', 'J175', 'J176', 'J177', 'J178', 'J179', 'J180', 'J181', 'J182', 'J183', 'J184', 'J185', 'J186', 'J187', 'J188', 'J189', 'J190', 'J191', 'J192', 'J193', 'J194', 'J195', 'J196', 'J197', 'J198', 'J199', 'J200', 'J201', 'J202', 'J203', 'J204', 'J205', 'J206', 'J207', 'J208', 'J209', 'J210', 'J211', 'J212', 'J213', 'J214', 'J216', 'J217', 'J218', 'J219', 'J220', 'J221', 'J222', 'J223', 'J224', 'J225', 'J226', 'J227', 'J228', 'J229', 'J230', 'J231', 'J232', 'J233', 'J234', 'J235', 'J236', 'J237', 'J238', 'J239', 'J240', 'J241', 'J242', 'J243', 'J244', 'J245', 'J246', 'J247', 'J248', 'J249', 'J250', 'J251', 'J252', 'J253', 'J254', 'J255', 'J256', 'J257', 'J258', 'J259', 'J260', 'J261', 'J262', 'J263', 'J264', 'J265', 'J266', 'J267', 'J268', 'J269', 'J270', 'J271', 'J272', 'J273', 'J274', 'J275', 'J276', 'J277', 'J278', 'J279', 'J280', 'J281', 'J282', 'J283', 'J284', 'J285', 'J286', 'J287', 'J288', 'J289', 'J290', 'J291', 'J292', 'J293', 'J294', 'J295', 'J296', 'J297', 'J298', 'J299', 'J300']
- Machine states:
  - Machine M1: Time=3970.00, Idle=38.00, Material=Mountainbike_Hauptrahmen_zugeschnitten
  - Machine M2: Time=4008.00, Idle=0.00, Material=Racebike_Tretlageraufnahme_geschweisst
  - Machine M3: Time=3805.00, Idle=203.00, Material=E-Bike_Antrieb_installiert
==================================================

2025-06-06 14:24:17,660 - JSPGymEnvironment - INFO - Executed operation: Job J95, Op 1, Machine M1, Start: 4033, End: 4064, Setup: 25
2025-06-06 14:24:17,662 - JSPGymEnvironment - INFO - 
===== REWARD DETAILS FOR STEP 70 =====
Job: J95, Operation: 1, Job Completed: False
Current Time: 4008.00 -> 4064.00, Setup Time: 25.00
Processing Time: 31.00, Idle Time: 0.00
Completed Jobs: 2/300
Machine: M1, Material: Mountainbike_Hauptrahmen_zugeschnitten

REWARD COMPONENTS:
- makespan_reward: -0.2800
- setup_reward: -6.2500
- deadline_reward: 0.0000
- priority_reward: 0.0000
- critical_job_reward: 0.0000
- placement_reward: 0.0000
- timeliness_reward: -4.4709
- machine_idle_penalty: -3.9375

TOTAL REWARD: -14.9384

CUMULATIVE REWARD COMPONENTS:
- makespan_reward: -20.3200
- setup_reward: -464.0000
- deadline_reward: -1.2883
- priority_reward: 48.0000
- critical_job_reward: 27.0662
- placement_reward: 0.0000
- timeliness_reward: 355.5343
- machine_idle_penalty: -258.5750

CUMULATIVE TOTAL: -313.5828

CRITICAL STATE INFO:
- Valid actions: ['J1', 'J2', 'J3', 'J4', 'J5', 'J6', 'J7', 'J8', 'J9', 'J10', 'J11', 'J12', 'J13', 'J14', 'J15', 'J16', 'J17', 'J18', 'J19', 'J20', 'J21', 'J22', 'J23', 'J24', 'J25', 'J26', 'J27', 'J28', 'J29', 'J30', 'J31', 'J32', 'J33', 'J34', 'J35', 'J36', 'J37', 'J38', 'J39', 'J40', 'J41', 'J42', 'J43', 'J44', 'J45', 'J46', 'J47', 'J48', 'J49', 'J50', 'J51', 'J52', 'J53', 'J54', 'J55', 'J56', 'J57', 'J58', 'J59', 'J60', 'J61', 'J62', 'J63', 'J64', 'J65', 'J66', 'J67', 'J68', 'J69', 'J70', 'J71', 'J72', 'J73', 'J74', 'J75', 'J76', 'J77', 'J78', 'J79', 'J80', 'J81', 'J82', 'J83', 'J85', 'J86', 'J87', 'J88', 'J89', 'J90', 'J91', 'J92', 'J93', 'J94', 'J95', 'J96', 'J97', 'J98', 'J99', 'J100', 'J101', 'J102', 'J103', 'J104', 'J105', 'J106', 'J107', 'J108', 'J109', 'J110', 'J111', 'J112', 'J113', 'J114', 'J115', 'J116', 'J117', 'J118', 'J119', 'J120', 'J121', 'J122', 'J123', 'J124', 'J125', 'J126', 'J127', 'J128', 'J129', 'J130', 'J131', 'J132', 'J133', 'J134', 'J135', 'J136', 'J137', 'J138', 'J139', 'J140', 'J141', 'J142', 'J143', 'J144', 'J145', 'J146', 'J147', 'J148', 'J149', 'J150', 'J151', 'J152', 'J153', 'J154', 'J155', 'J156', 'J157', 'J158', 'J159', 'J160', 'J161', 'J162', 'J163', 'J164', 'J165', 'J166', 'J167', 'J168', 'J169', 'J170', 'J171', 'J172', 'J173', 'J174', 'J175', 'J176', 'J177', 'J178', 'J179', 'J180', 'J181', 'J182', 'J183', 'J184', 'J185', 'J186', 'J187', 'J188', 'J189', 'J190', 'J191', 'J192', 'J193', 'J194', 'J195', 'J196', 'J197', 'J198', 'J199', 'J200', 'J201', 'J202', 'J203', 'J204', 'J205', 'J206', 'J207', 'J208', 'J209', 'J210', 'J211', 'J212', 'J213', 'J214', 'J216', 'J217', 'J218', 'J219', 'J220', 'J221', 'J222', 'J223', 'J224', 'J225', 'J226', 'J227', 'J228', 'J229', 'J230', 'J231', 'J232', 'J233', 'J234', 'J235', 'J236', 'J237', 'J238', 'J239', 'J240', 'J241', 'J242', 'J243', 'J244', 'J245', 'J246', 'J247', 'J248', 'J249', 'J250', 'J251', 'J252', 'J253', 'J254', 'J255', 'J256', 'J257', 'J258', 'J259', 'J260', 'J261', 'J262', 'J263', 'J264', 'J265', 'J266', 'J267', 'J268', 'J269', 'J270', 'J271', 'J272', 'J273', 'J274', 'J275', 'J276', 'J277', 'J278', 'J279', 'J280', 'J281', 'J282', 'J283', 'J284', 'J285', 'J286', 'J287', 'J288', 'J289', 'J290', 'J291', 'J292', 'J293', 'J294', 'J295', 'J296', 'J297', 'J298', 'J299', 'J300']
- Machine states:
  - Machine M1: Time=4064.00, Idle=0.00, Material=Mountainbike_Hauptrahmen_zugeschnitten
  - Machine M2: Time=4008.00, Idle=56.00, Material=Racebike_Tretlageraufnahme_geschweisst
  - Machine M3: Time=3805.00, Idle=259.00, Material=E-Bike_Antrieb_installiert
==================================================

2025-06-06 14:24:30,290 - JSPGymEnvironment - INFO - Material change on machine M3: E-Bike_Antrieb_installiert -> Mountainbike_Rahmen_komplettiert, setup time: 24
2025-06-06 14:24:30,290 - JSPGymEnvironment - INFO - Executed operation: Job J163, Op 0, Machine M3, Start: 4088, End: 4132, Setup: 24
2025-06-06 14:24:30,292 - JSPGymEnvironment - INFO - 
===== REWARD DETAILS FOR STEP 71 =====
Job: J163, Operation: 0, Job Completed: False
Current Time: 4064.00 -> 4132.00, Setup Time: 24.00
Processing Time: 44.00, Idle Time: 0.00
Completed Jobs: 2/300
Machine: M3, Material: Mountainbike_Rahmen_komplettiert

REWARD COMPONENTS:
- makespan_reward: -0.3400
- setup_reward: -6.0000
- deadline_reward: 0.0000
- priority_reward: 0.0000
- critical_job_reward: 0.0000
- placement_reward: 0.0000
- timeliness_reward: -4.6125
- machine_idle_penalty: -2.4000

TOTAL REWARD: -13.3525

CUMULATIVE REWARD COMPONENTS:
- makespan_reward: -20.6600
- setup_reward: -470.0000
- deadline_reward: -1.2883
- priority_reward: 48.0000
- critical_job_reward: 27.0662
- placement_reward: 0.0000
- timeliness_reward: 350.9217
- machine_idle_penalty: -260.9750

CUMULATIVE TOTAL: -326.9354

CRITICAL STATE INFO:
- Valid actions: ['J1', 'J2', 'J3', 'J4', 'J5', 'J6', 'J7', 'J8', 'J9', 'J10', 'J11', 'J12', 'J13', 'J14', 'J15', 'J16', 'J17', 'J18', 'J19', 'J20', 'J21', 'J22', 'J23', 'J24', 'J25', 'J26', 'J27', 'J28', 'J29', 'J30', 'J31', 'J32', 'J33', 'J34', 'J35', 'J36', 'J37', 'J38', 'J39', 'J40', 'J41', 'J42', 'J43', 'J44', 'J45', 'J46', 'J47', 'J48', 'J49', 'J50', 'J51', 'J52', 'J53', 'J54', 'J55', 'J56', 'J57', 'J58', 'J59', 'J60', 'J61', 'J62', 'J63', 'J64', 'J65', 'J66', 'J67', 'J68', 'J69', 'J70', 'J71', 'J72', 'J73', 'J74', 'J75', 'J76', 'J77', 'J78', 'J79', 'J80', 'J81', 'J82', 'J83', 'J85', 'J86', 'J87', 'J88', 'J89', 'J90', 'J91', 'J92', 'J93', 'J94', 'J95', 'J96', 'J97', 'J98', 'J99', 'J100', 'J101', 'J102', 'J103', 'J104', 'J105', 'J106', 'J107', 'J108', 'J109', 'J110', 'J111', 'J112', 'J113', 'J114', 'J115', 'J116', 'J117', 'J118', 'J119', 'J120', 'J121', 'J122', 'J123', 'J124', 'J125', 'J126', 'J127', 'J128', 'J129', 'J130', 'J131', 'J132', 'J133', 'J134', 'J135', 'J136', 'J137', 'J138', 'J139', 'J140', 'J141', 'J142', 'J143', 'J144', 'J145', 'J146', 'J147', 'J148', 'J149', 'J150', 'J151', 'J152', 'J153', 'J154', 'J155', 'J156', 'J157', 'J158', 'J159', 'J160', 'J161', 'J162', 'J163', 'J164', 'J165', 'J166', 'J167', 'J168', 'J169', 'J170', 'J171', 'J172', 'J173', 'J174', 'J175', 'J176', 'J177', 'J178', 'J179', 'J180', 'J181', 'J182', 'J183', 'J184', 'J185', 'J186', 'J187', 'J188', 'J189', 'J190', 'J191', 'J192', 'J193', 'J194', 'J195', 'J196', 'J197', 'J198', 'J199', 'J200', 'J201', 'J202', 'J203', 'J204', 'J205', 'J206', 'J207', 'J208', 'J209', 'J210', 'J211', 'J212', 'J213', 'J214', 'J216', 'J217', 'J218', 'J219', 'J220', 'J221', 'J222', 'J223', 'J224', 'J225', 'J226', 'J227', 'J228', 'J229', 'J230', 'J231', 'J232', 'J233', 'J234', 'J235', 'J236', 'J237', 'J238', 'J239', 'J240', 'J241', 'J242', 'J243', 'J244', 'J245', 'J246', 'J247', 'J248', 'J249', 'J250', 'J251', 'J252', 'J253', 'J254', 'J255', 'J256', 'J257', 'J258', 'J259', 'J260', 'J261', 'J262', 'J263', 'J264', 'J265', 'J266', 'J267', 'J268', 'J269', 'J270', 'J271', 'J272', 'J273', 'J274', 'J275', 'J276', 'J277', 'J278', 'J279', 'J280', 'J281', 'J282', 'J283', 'J284', 'J285', 'J286', 'J287', 'J288', 'J289', 'J290', 'J291', 'J292', 'J293', 'J294', 'J295', 'J296', 'J297', 'J298', 'J299', 'J300']
- Machine states:
  - Machine M1: Time=4064.00, Idle=68.00, Material=Mountainbike_Hauptrahmen_zugeschnitten
  - Machine M2: Time=4008.00, Idle=124.00, Material=Racebike_Tretlageraufnahme_geschweisst
  - Machine M3: Time=4132.00, Idle=0.00, Material=Mountainbike_Rahmen_komplettiert
==================================================

2025-06-06 14:24:42,264 - JSPGymEnvironment - INFO - Material change on machine M2: Racebike_Tretlageraufnahme_geschweisst -> Citybike_Steuerrohr_montiert, setup time: 25
2025-06-06 14:24:42,264 - JSPGymEnvironment - INFO - Executed operation: Job J291, Op 1, Machine M2, Start: 4157, End: 4181, Setup: 25
2025-06-06 14:24:42,265 - JSPGymEnvironment - INFO - 
===== REWARD DETAILS FOR STEP 72 =====
Job: J291, Operation: 1, Job Completed: False
Current Time: 4132.00 -> 4181.00, Setup Time: 25.00
Processing Time: 24.00, Idle Time: 0.00
Completed Jobs: 2/300
Machine: M2, Material: Citybike_Steuerrohr_montiert

REWARD COMPONENTS:
- makespan_reward: -0.2450
- setup_reward: -6.2500
- deadline_reward: 0.0000
- priority_reward: 0.0000
- critical_job_reward: 0.0000
- placement_reward: 0.0000
- timeliness_reward: -4.7041
- machine_idle_penalty: -2.0750

TOTAL REWARD: -13.2741

CUMULATIVE REWARD COMPONENTS:
- makespan_reward: -20.9050
- setup_reward: -476.2500
- deadline_reward: -1.2883
- priority_reward: 48.0000
- critical_job_reward: 27.0662
- placement_reward: 0.0000
- timeliness_reward: 346.2176
- machine_idle_penalty: -263.0500

CUMULATIVE TOTAL: -340.2095

CRITICAL STATE INFO:
- Valid actions: ['J1', 'J2', 'J3', 'J4', 'J5', 'J6', 'J7', 'J8', 'J9', 'J10', 'J11', 'J12', 'J13', 'J14', 'J15', 'J16', 'J17', 'J18', 'J19', 'J20', 'J21', 'J22', 'J23', 'J24', 'J25', 'J26', 'J27', 'J28', 'J29', 'J30', 'J31', 'J32', 'J33', 'J34', 'J35', 'J36', 'J37', 'J38', 'J39', 'J40', 'J41', 'J42', 'J43', 'J44', 'J45', 'J46', 'J47', 'J48', 'J49', 'J50', 'J51', 'J52', 'J53', 'J54', 'J55', 'J56', 'J57', 'J58', 'J59', 'J60', 'J61', 'J62', 'J63', 'J64', 'J65', 'J66', 'J67', 'J68', 'J69', 'J70', 'J71', 'J72', 'J73', 'J74', 'J75', 'J76', 'J77', 'J78', 'J79', 'J80', 'J81', 'J82', 'J83', 'J85', 'J86', 'J87', 'J88', 'J89', 'J90', 'J91', 'J92', 'J93', 'J94', 'J95', 'J96', 'J97', 'J98', 'J99', 'J100', 'J101', 'J102', 'J103', 'J104', 'J105', 'J106', 'J107', 'J108', 'J109', 'J110', 'J111', 'J112', 'J113', 'J114', 'J115', 'J116', 'J117', 'J118', 'J119', 'J120', 'J121', 'J122', 'J123', 'J124', 'J125', 'J126', 'J127', 'J128', 'J129', 'J130', 'J131', 'J132', 'J133', 'J134', 'J135', 'J136', 'J137', 'J138', 'J139', 'J140', 'J141', 'J142', 'J143', 'J144', 'J145', 'J146', 'J147', 'J148', 'J149', 'J150', 'J151', 'J152', 'J153', 'J154', 'J155', 'J156', 'J157', 'J158', 'J159', 'J160', 'J161', 'J162', 'J163', 'J164', 'J165', 'J166', 'J167', 'J168', 'J169', 'J170', 'J171', 'J172', 'J173', 'J174', 'J175', 'J176', 'J177', 'J178', 'J179', 'J180', 'J181', 'J182', 'J183', 'J184', 'J185', 'J186', 'J187', 'J188', 'J189', 'J190', 'J191', 'J192', 'J193', 'J194', 'J195', 'J196', 'J197', 'J198', 'J199', 'J200', 'J201', 'J202', 'J203', 'J204', 'J205', 'J206', 'J207', 'J208', 'J209', 'J210', 'J211', 'J212', 'J213', 'J214', 'J216', 'J217', 'J218', 'J219', 'J220', 'J221', 'J222', 'J223', 'J224', 'J225', 'J226', 'J227', 'J228', 'J229', 'J230', 'J231', 'J232', 'J233', 'J234', 'J235', 'J236', 'J237', 'J238', 'J239', 'J240', 'J241', 'J242', 'J243', 'J244', 'J245', 'J246', 'J247', 'J248', 'J249', 'J250', 'J251', 'J252', 'J253', 'J254', 'J255', 'J256', 'J257', 'J258', 'J259', 'J260', 'J261', 'J262', 'J263', 'J264', 'J265', 'J266', 'J267', 'J268', 'J269', 'J270', 'J271', 'J272', 'J273', 'J274', 'J275', 'J276', 'J277', 'J278', 'J279', 'J280', 'J281', 'J282', 'J283', 'J284', 'J285', 'J286', 'J287', 'J288', 'J289', 'J290', 'J291', 'J292', 'J293', 'J294', 'J295', 'J296', 'J297', 'J298', 'J299', 'J300']
- Machine states:
  - Machine M1: Time=4064.00, Idle=117.00, Material=Mountainbike_Hauptrahmen_zugeschnitten
  - Machine M2: Time=4181.00, Idle=0.00, Material=Citybike_Steuerrohr_montiert
  - Machine M3: Time=4132.00, Idle=49.00, Material=Mountainbike_Rahmen_komplettiert
==================================================

2025-06-06 14:24:53,972 - JSPGymEnvironment - INFO - Material change on machine M2: Citybike_Steuerrohr_montiert -> Mountainbike_Tretlager_gefraest, setup time: 21
2025-06-06 14:24:53,972 - JSPGymEnvironment - INFO - Executed operation: Job J88, Op 0, Machine M2, Start: 4202, End: 4219, Setup: 21
2025-06-06 14:24:53,973 - JSPGymEnvironment - INFO - 
===== REWARD DETAILS FOR STEP 73 =====
Job: J88, Operation: 0, Job Completed: False
Current Time: 4181.00 -> 4219.00, Setup Time: 21.00
Processing Time: 17.00, Idle Time: 0.00
Completed Jobs: 2/300
Machine: M2, Material: Mountainbike_Tretlager_gefraest

REWARD COMPONENTS:
- makespan_reward: -0.1900
- setup_reward: -5.2500
- deadline_reward: 0.0000
- priority_reward: 0.0000
- critical_job_reward: 0.0000
- placement_reward: 0.0000
- timeliness_reward: -4.7696
- machine_idle_penalty: -3.0250

TOTAL REWARD: -13.2346

CUMULATIVE REWARD COMPONENTS:
- makespan_reward: -21.0950
- setup_reward: -481.5000
- deadline_reward: -1.2883
- priority_reward: 48.0000
- critical_job_reward: 27.0662
- placement_reward: 0.0000
- timeliness_reward: 341.4480
- machine_idle_penalty: -266.0750

CUMULATIVE TOTAL: -353.4441

CRITICAL STATE INFO:
- Valid actions: ['J1', 'J2', 'J3', 'J4', 'J5', 'J6', 'J7', 'J8', 'J9', 'J10', 'J11', 'J12', 'J13', 'J14', 'J15', 'J16', 'J17', 'J18', 'J19', 'J20', 'J21', 'J22', 'J23', 'J24', 'J25', 'J26', 'J27', 'J28', 'J29', 'J30', 'J31', 'J32', 'J33', 'J34', 'J35', 'J36', 'J37', 'J38', 'J39', 'J40', 'J41', 'J42', 'J43', 'J44', 'J45', 'J46', 'J47', 'J48', 'J49', 'J50', 'J51', 'J52', 'J53', 'J54', 'J55', 'J56', 'J57', 'J58', 'J59', 'J60', 'J61', 'J62', 'J63', 'J64', 'J65', 'J66', 'J67', 'J68', 'J69', 'J70', 'J71', 'J72', 'J73', 'J74', 'J75', 'J76', 'J77', 'J78', 'J79', 'J80', 'J81', 'J82', 'J83', 'J85', 'J86', 'J87', 'J88', 'J89', 'J90', 'J91', 'J92', 'J93', 'J94', 'J95', 'J96', 'J97', 'J98', 'J99', 'J100', 'J101', 'J102', 'J103', 'J104', 'J105', 'J106', 'J107', 'J108', 'J109', 'J110', 'J111', 'J112', 'J113', 'J114', 'J115', 'J116', 'J117', 'J118', 'J119', 'J120', 'J121', 'J122', 'J123', 'J124', 'J125', 'J126', 'J127', 'J128', 'J129', 'J130', 'J131', 'J132', 'J133', 'J134', 'J135', 'J136', 'J137', 'J138', 'J139', 'J140', 'J141', 'J142', 'J143', 'J144', 'J145', 'J146', 'J147', 'J148', 'J149', 'J150', 'J151', 'J152', 'J153', 'J154', 'J155', 'J156', 'J157', 'J158', 'J159', 'J160', 'J161', 'J162', 'J163', 'J164', 'J165', 'J166', 'J167', 'J168', 'J169', 'J170', 'J171', 'J172', 'J173', 'J174', 'J175', 'J176', 'J177', 'J178', 'J179', 'J180', 'J181', 'J182', 'J183', 'J184', 'J185', 'J186', 'J187', 'J188', 'J189', 'J190', 'J191', 'J192', 'J193', 'J194', 'J195', 'J196', 'J197', 'J198', 'J199', 'J200', 'J201', 'J202', 'J203', 'J204', 'J205', 'J206', 'J207', 'J208', 'J209', 'J210', 'J211', 'J212', 'J213', 'J214', 'J216', 'J217', 'J218', 'J219', 'J220', 'J221', 'J222', 'J223', 'J224', 'J225', 'J226', 'J227', 'J228', 'J229', 'J230', 'J231', 'J232', 'J233', 'J234', 'J235', 'J236', 'J237', 'J238', 'J239', 'J240', 'J241', 'J242', 'J243', 'J244', 'J245', 'J246', 'J247', 'J248', 'J249', 'J250', 'J251', 'J252', 'J253', 'J254', 'J255', 'J256', 'J257', 'J258', 'J259', 'J260', 'J261', 'J262', 'J263', 'J264', 'J265', 'J266', 'J267', 'J268', 'J269', 'J270', 'J271', 'J272', 'J273', 'J274', 'J275', 'J276', 'J277', 'J278', 'J279', 'J280', 'J281', 'J282', 'J283', 'J284', 'J285', 'J286', 'J287', 'J288', 'J289', 'J290', 'J291', 'J292', 'J293', 'J294', 'J295', 'J296', 'J297', 'J298', 'J299', 'J300']
- Machine states:
  - Machine M1: Time=4064.00, Idle=155.00, Material=Mountainbike_Hauptrahmen_zugeschnitten
  - Machine M2: Time=4219.00, Idle=0.00, Material=Mountainbike_Tretlager_gefraest
  - Machine M3: Time=4132.00, Idle=87.00, Material=Mountainbike_Rahmen_komplettiert
==================================================

2025-06-06 14:25:06,461 - JSPGymEnvironment - INFO - Material change on machine M2: Mountainbike_Tretlager_gefraest -> E-Bike_Bremsen_justiert, setup time: 23
2025-06-06 14:25:06,461 - JSPGymEnvironment - INFO - Executed operation: Job J6, Op 6, Machine M2, Start: 4242, End: 4265, Setup: 23
2025-06-06 14:25:06,462 - JSPGymEnvironment - INFO - 
===== REWARD DETAILS FOR STEP 74 =====
Job: J6, Operation: 6, Job Completed: False
Current Time: 4219.00 -> 4265.00, Setup Time: 23.00
Processing Time: 23.00, Idle Time: 0.00
Completed Jobs: 2/300
Machine: M2, Material: E-Bike_Bremsen_justiert

REWARD COMPONENTS:
- makespan_reward: -0.2300
- setup_reward: -5.7500
- deadline_reward: 0.0000
- priority_reward: 0.0000
- critical_job_reward: 0.5000
- placement_reward: 0.0000
- timeliness_reward: -4.8428
- machine_idle_penalty: -4.1750

TOTAL REWARD: -14.4978

CUMULATIVE REWARD COMPONENTS:
- makespan_reward: -21.3250
- setup_reward: -487.2500
- deadline_reward: -1.2883
- priority_reward: 48.0000
- critical_job_reward: 27.5662
- placement_reward: 0.0000
- timeliness_reward: 336.6052
- machine_idle_penalty: -270.2500

CUMULATIVE TOTAL: -367.9419

CRITICAL STATE INFO:
- Valid actions: ['J1', 'J2', 'J3', 'J4', 'J5', 'J6', 'J7', 'J8', 'J9', 'J10', 'J11', 'J12', 'J13', 'J14', 'J15', 'J16', 'J17', 'J18', 'J19', 'J20', 'J21', 'J22', 'J23', 'J24', 'J25', 'J26', 'J27', 'J28', 'J29', 'J30', 'J31', 'J32', 'J33', 'J34', 'J35', 'J36', 'J37', 'J38', 'J39', 'J40', 'J41', 'J42', 'J43', 'J44', 'J45', 'J46', 'J47', 'J48', 'J49', 'J50', 'J51', 'J52', 'J53', 'J54', 'J55', 'J56', 'J57', 'J58', 'J59', 'J60', 'J61', 'J62', 'J63', 'J64', 'J65', 'J66', 'J67', 'J68', 'J69', 'J70', 'J71', 'J72', 'J73', 'J74', 'J75', 'J76', 'J77', 'J78', 'J79', 'J80', 'J81', 'J82', 'J83', 'J85', 'J86', 'J87', 'J88', 'J89', 'J90', 'J91', 'J92', 'J93', 'J94', 'J95', 'J96', 'J97', 'J98', 'J99', 'J100', 'J101', 'J102', 'J103', 'J104', 'J105', 'J106', 'J107', 'J108', 'J109', 'J110', 'J111', 'J112', 'J113', 'J114', 'J115', 'J116', 'J117', 'J118', 'J119', 'J120', 'J121', 'J122', 'J123', 'J124', 'J125', 'J126', 'J127', 'J128', 'J129', 'J130', 'J131', 'J132', 'J133', 'J134', 'J135', 'J136', 'J137', 'J138', 'J139', 'J140', 'J141', 'J142', 'J143', 'J144', 'J145', 'J146', 'J147', 'J148', 'J149', 'J150', 'J151', 'J152', 'J153', 'J154', 'J155', 'J156', 'J157', 'J158', 'J159', 'J160', 'J161', 'J162', 'J163', 'J164', 'J165', 'J166', 'J167', 'J168', 'J169', 'J170', 'J171', 'J172', 'J173', 'J174', 'J175', 'J176', 'J177', 'J178', 'J179', 'J180', 'J181', 'J182', 'J183', 'J184', 'J185', 'J186', 'J187', 'J188', 'J189', 'J190', 'J191', 'J192', 'J193', 'J194', 'J195', 'J196', 'J197', 'J198', 'J199', 'J200', 'J201', 'J202', 'J203', 'J204', 'J205', 'J206', 'J207', 'J208', 'J209', 'J210', 'J211', 'J212', 'J213', 'J214', 'J216', 'J217', 'J218', 'J219', 'J220', 'J221', 'J222', 'J223', 'J224', 'J225', 'J226', 'J227', 'J228', 'J229', 'J230', 'J231', 'J232', 'J233', 'J234', 'J235', 'J236', 'J237', 'J238', 'J239', 'J240', 'J241', 'J242', 'J243', 'J244', 'J245', 'J246', 'J247', 'J248', 'J249', 'J250', 'J251', 'J252', 'J253', 'J254', 'J255', 'J256', 'J257', 'J258', 'J259', 'J260', 'J261', 'J262', 'J263', 'J264', 'J265', 'J266', 'J267', 'J268', 'J269', 'J270', 'J271', 'J272', 'J273', 'J274', 'J275', 'J276', 'J277', 'J278', 'J279', 'J280', 'J281', 'J282', 'J283', 'J284', 'J285', 'J286', 'J287', 'J288', 'J289', 'J290', 'J291', 'J292', 'J293', 'J294', 'J295', 'J296', 'J297', 'J298', 'J299', 'J300']
- Machine states:
  - Machine M1: Time=4064.00, Idle=201.00, Material=Mountainbike_Hauptrahmen_zugeschnitten
  - Machine M2: Time=4265.00, Idle=0.00, Material=E-Bike_Bremsen_justiert
  - Machine M3: Time=4132.00, Idle=133.00, Material=Mountainbike_Rahmen_komplettiert
==================================================

2025-06-06 14:25:18,321 - JSPGymEnvironment - INFO - Material change on machine M2: E-Bike_Bremsen_justiert -> Citybike_Laufraeder_montiert, setup time: 20
2025-06-06 14:25:18,321 - JSPGymEnvironment - INFO - Executed operation: Job J286, Op 0, Machine M2, Start: 4285, End: 4300, Setup: 20
2025-06-06 14:25:18,322 - JSPGymEnvironment - INFO - 
===== REWARD DETAILS FOR STEP 75 =====
Job: J286, Operation: 0, Job Completed: False
Current Time: 4265.00 -> 4300.00, Setup Time: 20.00
Processing Time: 15.00, Idle Time: 0.00
Completed Jobs: 2/300
Machine: M2, Material: Citybike_Laufraeder_montiert

REWARD COMPONENTS:
- makespan_reward: -0.1750
- setup_reward: -5.0000
- deadline_reward: 0.0000
- priority_reward: 0.0000
- critical_job_reward: 0.0000
- placement_reward: 0.0000
- timeliness_reward: -4.8943
- machine_idle_penalty: -5.0500

TOTAL REWARD: -15.1193

CUMULATIVE REWARD COMPONENTS:
- makespan_reward: -21.5000
- setup_reward: -492.2500
- deadline_reward: -1.2883
- priority_reward: 48.0000
- critical_job_reward: 27.5662
- placement_reward: 0.0000
- timeliness_reward: 331.7108
- machine_idle_penalty: -275.3000

CUMULATIVE TOTAL: -383.0613

CRITICAL STATE INFO:
- Valid actions: ['J1', 'J2', 'J3', 'J4', 'J5', 'J6', 'J7', 'J8', 'J9', 'J10', 'J11', 'J12', 'J13', 'J14', 'J15', 'J16', 'J17', 'J18', 'J19', 'J20', 'J21', 'J22', 'J23', 'J24', 'J25', 'J26', 'J27', 'J28', 'J29', 'J30', 'J31', 'J32', 'J33', 'J34', 'J35', 'J36', 'J37', 'J38', 'J39', 'J40', 'J41', 'J42', 'J43', 'J44', 'J45', 'J46', 'J47', 'J48', 'J49', 'J50', 'J51', 'J52', 'J53', 'J54', 'J55', 'J56', 'J57', 'J58', 'J59', 'J60', 'J61', 'J62', 'J63', 'J64', 'J65', 'J66', 'J67', 'J68', 'J69', 'J70', 'J71', 'J72', 'J73', 'J74', 'J75', 'J76', 'J77', 'J78', 'J79', 'J80', 'J81', 'J82', 'J83', 'J85', 'J86', 'J87', 'J88', 'J89', 'J90', 'J91', 'J92', 'J93', 'J94', 'J95', 'J96', 'J97', 'J98', 'J99', 'J100', 'J101', 'J102', 'J103', 'J104', 'J105', 'J106', 'J107', 'J108', 'J109', 'J110', 'J111', 'J112', 'J113', 'J114', 'J115', 'J116', 'J117', 'J118', 'J119', 'J120', 'J121', 'J122', 'J123', 'J124', 'J125', 'J126', 'J127', 'J128', 'J129', 'J130', 'J131', 'J132', 'J133', 'J134', 'J135', 'J136', 'J137', 'J138', 'J139', 'J140', 'J141', 'J142', 'J143', 'J144', 'J145', 'J146', 'J147', 'J148', 'J149', 'J150', 'J151', 'J152', 'J153', 'J154', 'J155', 'J156', 'J157', 'J158', 'J159', 'J160', 'J161', 'J162', 'J163', 'J164', 'J165', 'J166', 'J167', 'J168', 'J169', 'J170', 'J171', 'J172', 'J173', 'J174', 'J175', 'J176', 'J177', 'J178', 'J179', 'J180', 'J181', 'J182', 'J183', 'J184', 'J185', 'J186', 'J187', 'J188', 'J189', 'J190', 'J191', 'J192', 'J193', 'J194', 'J195', 'J196', 'J197', 'J198', 'J199', 'J200', 'J201', 'J202', 'J203', 'J204', 'J205', 'J206', 'J207', 'J208', 'J209', 'J210', 'J211', 'J212', 'J213', 'J214', 'J216', 'J217', 'J218', 'J219', 'J220', 'J221', 'J222', 'J223', 'J224', 'J225', 'J226', 'J227', 'J228', 'J229', 'J230', 'J231', 'J232', 'J233', 'J234', 'J235', 'J236', 'J237', 'J238', 'J239', 'J240', 'J241', 'J242', 'J243', 'J244', 'J245', 'J246', 'J247', 'J248', 'J249', 'J250', 'J251', 'J252', 'J253', 'J254', 'J255', 'J256', 'J257', 'J258', 'J259', 'J260', 'J261', 'J262', 'J263', 'J264', 'J265', 'J266', 'J267', 'J268', 'J269', 'J270', 'J271', 'J272', 'J273', 'J274', 'J275', 'J276', 'J277', 'J278', 'J279', 'J280', 'J281', 'J282', 'J283', 'J284', 'J285', 'J286', 'J287', 'J288', 'J289', 'J290', 'J291', 'J292', 'J293', 'J294', 'J295', 'J296', 'J297', 'J298', 'J299', 'J300']
- Machine states:
  - Machine M1: Time=4064.00, Idle=236.00, Material=Mountainbike_Hauptrahmen_zugeschnitten
  - Machine M2: Time=4300.00, Idle=0.00, Material=Citybike_Laufraeder_montiert
  - Machine M3: Time=4132.00, Idle=168.00, Material=Mountainbike_Rahmen_komplettiert
==================================================

2025-06-06 14:25:30,129 - JSPGymEnvironment - INFO - Material change on machine M2: Citybike_Laufraeder_montiert -> E-Bike_Tretlager_gefraest, setup time: 25
2025-06-06 14:25:30,129 - JSPGymEnvironment - INFO - Executed operation: Job J91, Op 0, Machine M2, Start: 4325, End: 4348, Setup: 25
2025-06-06 14:25:30,130 - JSPGymEnvironment - INFO - 
===== REWARD DETAILS FOR STEP 76 =====
Job: J91, Operation: 0, Job Completed: False
Current Time: 4300.00 -> 4348.00, Setup Time: 25.00
Processing Time: 23.00, Idle Time: 0.00
Completed Jobs: 2/300
Machine: M2, Material: E-Bike_Tretlager_gefraest

REWARD COMPONENTS:
- makespan_reward: -0.2400
- setup_reward: -6.2500
- deadline_reward: 0.0000
- priority_reward: 0.0000
- critical_job_reward: 0.5000
- placement_reward: 0.0000
- timeliness_reward: -4.9596
- machine_idle_penalty: -6.2500

TOTAL REWARD: -17.1996

CUMULATIVE REWARD COMPONENTS:
- makespan_reward: -21.7400
- setup_reward: -498.5000
- deadline_reward: -1.2883
- priority_reward: 48.0000
- critical_job_reward: 28.0662
- placement_reward: 0.0000
- timeliness_reward: 326.7512
- machine_idle_penalty: -281.5500

CUMULATIVE TOTAL: -400.2609

CRITICAL STATE INFO:
- Valid actions: ['J1', 'J2', 'J3', 'J4', 'J5', 'J6', 'J7', 'J8', 'J9', 'J10', 'J11', 'J12', 'J13', 'J14', 'J15', 'J16', 'J17', 'J18', 'J19', 'J20', 'J21', 'J22', 'J23', 'J24', 'J25', 'J26', 'J27', 'J28', 'J29', 'J30', 'J31', 'J32', 'J33', 'J34', 'J35', 'J36', 'J37', 'J38', 'J39', 'J40', 'J41', 'J42', 'J43', 'J44', 'J45', 'J46', 'J47', 'J48', 'J49', 'J50', 'J51', 'J52', 'J53', 'J54', 'J55', 'J56', 'J57', 'J58', 'J59', 'J60', 'J61', 'J62', 'J63', 'J64', 'J65', 'J66', 'J67', 'J68', 'J69', 'J70', 'J71', 'J72', 'J73', 'J74', 'J75', 'J76', 'J77', 'J78', 'J79', 'J80', 'J81', 'J82', 'J83', 'J85', 'J86', 'J87', 'J88', 'J89', 'J90', 'J91', 'J92', 'J93', 'J94', 'J95', 'J96', 'J97', 'J98', 'J99', 'J100', 'J101', 'J102', 'J103', 'J104', 'J105', 'J106', 'J107', 'J108', 'J109', 'J110', 'J111', 'J112', 'J113', 'J114', 'J115', 'J116', 'J117', 'J118', 'J119', 'J120', 'J121', 'J122', 'J123', 'J124', 'J125', 'J126', 'J127', 'J128', 'J129', 'J130', 'J131', 'J132', 'J133', 'J134', 'J135', 'J136', 'J137', 'J138', 'J139', 'J140', 'J141', 'J142', 'J143', 'J144', 'J145', 'J146', 'J147', 'J148', 'J149', 'J150', 'J151', 'J152', 'J153', 'J154', 'J155', 'J156', 'J157', 'J158', 'J159', 'J160', 'J161', 'J162', 'J163', 'J164', 'J165', 'J166', 'J167', 'J168', 'J169', 'J170', 'J171', 'J172', 'J173', 'J174', 'J175', 'J176', 'J177', 'J178', 'J179', 'J180', 'J181', 'J182', 'J183', 'J184', 'J185', 'J186', 'J187', 'J188', 'J189', 'J190', 'J191', 'J192', 'J193', 'J194', 'J195', 'J196', 'J197', 'J198', 'J199', 'J200', 'J201', 'J202', 'J203', 'J204', 'J205', 'J206', 'J207', 'J208', 'J209', 'J210', 'J211', 'J212', 'J213', 'J214', 'J216', 'J217', 'J218', 'J219', 'J220', 'J221', 'J222', 'J223', 'J224', 'J225', 'J226', 'J227', 'J228', 'J229', 'J230', 'J231', 'J232', 'J233', 'J234', 'J235', 'J236', 'J237', 'J238', 'J239', 'J240', 'J241', 'J242', 'J243', 'J244', 'J245', 'J246', 'J247', 'J248', 'J249', 'J250', 'J251', 'J252', 'J253', 'J254', 'J255', 'J256', 'J257', 'J258', 'J259', 'J260', 'J261', 'J262', 'J263', 'J264', 'J265', 'J266', 'J267', 'J268', 'J269', 'J270', 'J271', 'J272', 'J273', 'J274', 'J275', 'J276', 'J277', 'J278', 'J279', 'J280', 'J281', 'J282', 'J283', 'J284', 'J285', 'J286', 'J287', 'J288', 'J289', 'J290', 'J291', 'J292', 'J293', 'J294', 'J295', 'J296', 'J297', 'J298', 'J299', 'J300']
- Machine states:
  - Machine M1: Time=4064.00, Idle=284.00, Material=Mountainbike_Hauptrahmen_zugeschnitten
  - Machine M2: Time=4348.00, Idle=0.00, Material=E-Bike_Tretlager_gefraest
  - Machine M3: Time=4132.00, Idle=216.00, Material=Mountainbike_Rahmen_komplettiert
==================================================

2025-06-06 14:25:42,467 - JSPGymEnvironment - INFO - Material change on machine M1: Mountainbike_Hauptrahmen_zugeschnitten -> Mountainbike_Steuerrohr_ausgerieben, setup time: 40
2025-06-06 14:25:42,468 - JSPGymEnvironment - INFO - Executed operation: Job J120, Op 0, Machine M1, Start: 4388, End: 4408, Setup: 40
2025-06-06 14:25:42,469 - JSPGymEnvironment - INFO - 
===== REWARD DETAILS FOR STEP 77 =====
Job: J120, Operation: 0, Job Completed: False
Current Time: 4348.00 -> 4408.00, Setup Time: 40.00
Processing Time: 20.00, Idle Time: 0.00
Completed Jobs: 2/300
Machine: M1, Material: Mountainbike_Steuerrohr_ausgerieben

REWARD COMPONENTS:
- makespan_reward: -0.3000
- setup_reward: -10.0000
- deadline_reward: 0.0000
- priority_reward: 0.0000
- critical_job_reward: 0.0000
- placement_reward: 0.0000
- timeliness_reward: -5.0331
- machine_idle_penalty: -4.2000

TOTAL REWARD: -19.5331

CUMULATIVE REWARD COMPONENTS:
- makespan_reward: -22.0400
- setup_reward: -508.5000
- deadline_reward: -1.2883
- priority_reward: 48.0000
- critical_job_reward: 28.0662
- placement_reward: 0.0000
- timeliness_reward: 321.7181
- machine_idle_penalty: -285.7500

CUMULATIVE TOTAL: -419.7940

CRITICAL STATE INFO:
- Valid actions: ['J1', 'J2', 'J3', 'J4', 'J5', 'J6', 'J7', 'J8', 'J9', 'J10', 'J11', 'J12', 'J13', 'J14', 'J15', 'J16', 'J17', 'J18', 'J19', 'J20', 'J21', 'J22', 'J23', 'J24', 'J25', 'J26', 'J27', 'J28', 'J29', 'J30', 'J31', 'J32', 'J33', 'J34', 'J35', 'J36', 'J37', 'J38', 'J39', 'J40', 'J41', 'J42', 'J43', 'J44', 'J45', 'J46', 'J47', 'J48', 'J49', 'J50', 'J51', 'J52', 'J53', 'J54', 'J55', 'J56', 'J57', 'J58', 'J59', 'J60', 'J61', 'J62', 'J63', 'J64', 'J65', 'J66', 'J67', 'J68', 'J69', 'J70', 'J71', 'J72', 'J73', 'J74', 'J75', 'J76', 'J77', 'J78', 'J79', 'J80', 'J81', 'J82', 'J83', 'J85', 'J86', 'J87', 'J88', 'J89', 'J90', 'J91', 'J92', 'J93', 'J94', 'J95', 'J96', 'J97', 'J98', 'J99', 'J100', 'J101', 'J102', 'J103', 'J104', 'J105', 'J106', 'J107', 'J108', 'J109', 'J110', 'J111', 'J112', 'J113', 'J114', 'J115', 'J116', 'J117', 'J118', 'J119', 'J120', 'J121', 'J122', 'J123', 'J124', 'J125', 'J126', 'J127', 'J128', 'J129', 'J130', 'J131', 'J132', 'J133', 'J134', 'J135', 'J136', 'J137', 'J138', 'J139', 'J140', 'J141', 'J142', 'J143', 'J144', 'J145', 'J146', 'J147', 'J148', 'J149', 'J150', 'J151', 'J152', 'J153', 'J154', 'J155', 'J156', 'J157', 'J158', 'J159', 'J160', 'J161', 'J162', 'J163', 'J164', 'J165', 'J166', 'J167', 'J168', 'J169', 'J170', 'J171', 'J172', 'J173', 'J174', 'J175', 'J176', 'J177', 'J178', 'J179', 'J180', 'J181', 'J182', 'J183', 'J184', 'J185', 'J186', 'J187', 'J188', 'J189', 'J190', 'J191', 'J192', 'J193', 'J194', 'J195', 'J196', 'J197', 'J198', 'J199', 'J200', 'J201', 'J202', 'J203', 'J204', 'J205', 'J206', 'J207', 'J208', 'J209', 'J210', 'J211', 'J212', 'J213', 'J214', 'J216', 'J217', 'J218', 'J219', 'J220', 'J221', 'J222', 'J223', 'J224', 'J225', 'J226', 'J227', 'J228', 'J229', 'J230', 'J231', 'J232', 'J233', 'J234', 'J235', 'J236', 'J237', 'J238', 'J239', 'J240', 'J241', 'J242', 'J243', 'J244', 'J245', 'J246', 'J247', 'J248', 'J249', 'J250', 'J251', 'J252', 'J253', 'J254', 'J255', 'J256', 'J257', 'J258', 'J259', 'J260', 'J261', 'J262', 'J263', 'J264', 'J265', 'J266', 'J267', 'J268', 'J269', 'J270', 'J271', 'J272', 'J273', 'J274', 'J275', 'J276', 'J277', 'J278', 'J279', 'J280', 'J281', 'J282', 'J283', 'J284', 'J285', 'J286', 'J287', 'J288', 'J289', 'J290', 'J291', 'J292', 'J293', 'J294', 'J295', 'J296', 'J297', 'J298', 'J299', 'J300']
- Machine states:
  - Machine M1: Time=4408.00, Idle=0.00, Material=Mountainbike_Steuerrohr_ausgerieben
  - Machine M2: Time=4348.00, Idle=60.00, Material=E-Bike_Tretlager_gefraest
  - Machine M3: Time=4132.00, Idle=276.00, Material=Mountainbike_Rahmen_komplettiert
==================================================

2025-06-06 14:25:54,680 - JSPGymEnvironment - INFO - Material change on machine M1: Mountainbike_Steuerrohr_ausgerieben -> E-Bike_Bremsen_justiert, setup time: 50
2025-06-06 14:25:54,680 - JSPGymEnvironment - INFO - Executed operation: Job J19, Op 0, Machine M1, Start: 4458, End: 4500, Setup: 50
2025-06-06 14:25:54,681 - JSPGymEnvironment - INFO - 
===== REWARD DETAILS FOR STEP 78 =====
Job: J19, Operation: 0, Job Completed: False
Current Time: 4408.00 -> 4500.00, Setup Time: 50.00
Processing Time: 42.00, Idle Time: 0.00
Completed Jobs: 2/300
Machine: M1, Material: E-Bike_Bremsen_justiert

REWARD COMPONENTS:
- makespan_reward: -0.4600
- setup_reward: -12.5000
- deadline_reward: 0.0000
- priority_reward: 0.0000
- critical_job_reward: 0.5000
- placement_reward: 0.0000
- timeliness_reward: -5.1302
- machine_idle_penalty: -6.5000

TOTAL REWARD: -24.0902

CUMULATIVE REWARD COMPONENTS:
- makespan_reward: -22.5000
- setup_reward: -521.0000
- deadline_reward: -1.2883
- priority_reward: 48.0000
- critical_job_reward: 28.5662
- placement_reward: 0.0000
- timeliness_reward: 316.5879
- machine_idle_penalty: -292.2500

CUMULATIVE TOTAL: -443.8842

CRITICAL STATE INFO:
- Valid actions: ['J1', 'J2', 'J3', 'J4', 'J5', 'J6', 'J7', 'J8', 'J9', 'J10', 'J11', 'J12', 'J13', 'J14', 'J15', 'J16', 'J17', 'J18', 'J19', 'J20', 'J21', 'J22', 'J23', 'J24', 'J25', 'J26', 'J27', 'J28', 'J29', 'J30', 'J31', 'J32', 'J33', 'J34', 'J35', 'J36', 'J37', 'J38', 'J39', 'J40', 'J41', 'J42', 'J43', 'J44', 'J45', 'J46', 'J47', 'J48', 'J49', 'J50', 'J51', 'J52', 'J53', 'J54', 'J55', 'J56', 'J57', 'J58', 'J59', 'J60', 'J61', 'J62', 'J63', 'J64', 'J65', 'J66', 'J67', 'J68', 'J69', 'J70', 'J71', 'J72', 'J73', 'J74', 'J75', 'J76', 'J77', 'J78', 'J79', 'J80', 'J81', 'J82', 'J83', 'J85', 'J86', 'J87', 'J88', 'J89', 'J90', 'J91', 'J92', 'J93', 'J94', 'J95', 'J96', 'J97', 'J98', 'J99', 'J100', 'J101', 'J102', 'J103', 'J104', 'J105', 'J106', 'J107', 'J108', 'J109', 'J110', 'J111', 'J112', 'J113', 'J114', 'J115', 'J116', 'J117', 'J118', 'J119', 'J120', 'J121', 'J122', 'J123', 'J124', 'J125', 'J126', 'J127', 'J128', 'J129', 'J130', 'J131', 'J132', 'J133', 'J134', 'J135', 'J136', 'J137', 'J138', 'J139', 'J140', 'J141', 'J142', 'J143', 'J144', 'J145', 'J146', 'J147', 'J148', 'J149', 'J150', 'J151', 'J152', 'J153', 'J154', 'J155', 'J156', 'J157', 'J158', 'J159', 'J160', 'J161', 'J162', 'J163', 'J164', 'J165', 'J166', 'J167', 'J168', 'J169', 'J170', 'J171', 'J172', 'J173', 'J174', 'J175', 'J176', 'J177', 'J178', 'J179', 'J180', 'J181', 'J182', 'J183', 'J184', 'J185', 'J186', 'J187', 'J188', 'J189', 'J190', 'J191', 'J192', 'J193', 'J194', 'J195', 'J196', 'J197', 'J198', 'J199', 'J200', 'J201', 'J202', 'J203', 'J204', 'J205', 'J206', 'J207', 'J208', 'J209', 'J210', 'J211', 'J212', 'J213', 'J214', 'J216', 'J217', 'J218', 'J219', 'J220', 'J221', 'J222', 'J223', 'J224', 'J225', 'J226', 'J227', 'J228', 'J229', 'J230', 'J231', 'J232', 'J233', 'J234', 'J235', 'J236', 'J237', 'J238', 'J239', 'J240', 'J241', 'J242', 'J243', 'J244', 'J245', 'J246', 'J247', 'J248', 'J249', 'J250', 'J251', 'J252', 'J253', 'J254', 'J255', 'J256', 'J257', 'J258', 'J259', 'J260', 'J261', 'J262', 'J263', 'J264', 'J265', 'J266', 'J267', 'J268', 'J269', 'J270', 'J271', 'J272', 'J273', 'J274', 'J275', 'J276', 'J277', 'J278', 'J279', 'J280', 'J281', 'J282', 'J283', 'J284', 'J285', 'J286', 'J287', 'J288', 'J289', 'J290', 'J291', 'J292', 'J293', 'J294', 'J295', 'J296', 'J297', 'J298', 'J299', 'J300']
- Machine states:
  - Machine M1: Time=4500.00, Idle=0.00, Material=E-Bike_Bremsen_justiert
  - Machine M2: Time=4348.00, Idle=152.00, Material=E-Bike_Tretlager_gefraest
  - Machine M3: Time=4132.00, Idle=368.00, Material=Mountainbike_Rahmen_komplettiert
==================================================

2025-06-06 14:26:06,323 - JSPGymEnvironment - INFO - Material change on machine M1: E-Bike_Bremsen_justiert -> Mountainbike_Hauptrahmen_zugeschnitten, setup time: 60
2025-06-06 14:26:06,323 - JSPGymEnvironment - INFO - Executed operation: Job J57, Op 2, Machine M1, Start: 4560, End: 4598, Setup: 60
2025-06-06 14:26:06,325 - JSPGymEnvironment - INFO - 
===== REWARD DETAILS FOR STEP 79 =====
Job: J57, Operation: 2, Job Completed: False
Current Time: 4500.00 -> 4598.00, Setup Time: 60.00
Processing Time: 38.00, Idle Time: 0.00
Completed Jobs: 2/300
Machine: M1, Material: Mountainbike_Hauptrahmen_zugeschnitten

REWARD COMPONENTS:
- makespan_reward: -0.4900
- setup_reward: -15.0000
- deadline_reward: 0.0000
- priority_reward: 0.0000
- critical_job_reward: 0.0000
- placement_reward: 0.0000
- timeliness_reward: -5.2159
- machine_idle_penalty: -8.9500

TOTAL REWARD: -29.6559

CUMULATIVE REWARD COMPONENTS:
- makespan_reward: -22.9900
- setup_reward: -536.0000
- deadline_reward: -1.2883
- priority_reward: 48.0000
- critical_job_reward: 28.5662
- placement_reward: 0.0000
- timeliness_reward: 311.3720
- machine_idle_penalty: -301.2000

CUMULATIVE TOTAL: -473.5401

CRITICAL STATE INFO:
- Valid actions: ['J1', 'J2', 'J3', 'J4', 'J5', 'J6', 'J7', 'J8', 'J9', 'J10', 'J11', 'J12', 'J13', 'J14', 'J15', 'J16', 'J17', 'J18', 'J19', 'J20', 'J21', 'J22', 'J23', 'J24', 'J25', 'J26', 'J27', 'J28', 'J29', 'J30', 'J31', 'J32', 'J33', 'J34', 'J35', 'J36', 'J37', 'J38', 'J39', 'J40', 'J41', 'J42', 'J43', 'J44', 'J45', 'J46', 'J47', 'J48', 'J49', 'J50', 'J51', 'J52', 'J53', 'J54', 'J55', 'J56', 'J57', 'J58', 'J59', 'J60', 'J61', 'J62', 'J63', 'J64', 'J65', 'J66', 'J67', 'J68', 'J69', 'J70', 'J71', 'J72', 'J73', 'J74', 'J75', 'J76', 'J77', 'J78', 'J79', 'J80', 'J81', 'J82', 'J83', 'J85', 'J86', 'J87', 'J88', 'J89', 'J90', 'J91', 'J92', 'J93', 'J94', 'J95', 'J96', 'J97', 'J98', 'J99', 'J100', 'J101', 'J102', 'J103', 'J104', 'J105', 'J106', 'J107', 'J108', 'J109', 'J110', 'J111', 'J112', 'J113', 'J114', 'J115', 'J116', 'J117', 'J118', 'J119', 'J120', 'J121', 'J122', 'J123', 'J124', 'J125', 'J126', 'J127', 'J128', 'J129', 'J130', 'J131', 'J132', 'J133', 'J134', 'J135', 'J136', 'J137', 'J138', 'J139', 'J140', 'J141', 'J142', 'J143', 'J144', 'J145', 'J146', 'J147', 'J148', 'J149', 'J150', 'J151', 'J152', 'J153', 'J154', 'J155', 'J156', 'J157', 'J158', 'J159', 'J160', 'J161', 'J162', 'J163', 'J164', 'J165', 'J166', 'J167', 'J168', 'J169', 'J170', 'J171', 'J172', 'J173', 'J174', 'J175', 'J176', 'J177', 'J178', 'J179', 'J180', 'J181', 'J182', 'J183', 'J184', 'J185', 'J186', 'J187', 'J188', 'J189', 'J190', 'J191', 'J192', 'J193', 'J194', 'J195', 'J196', 'J197', 'J198', 'J199', 'J200', 'J201', 'J202', 'J203', 'J204', 'J205', 'J206', 'J207', 'J208', 'J209', 'J210', 'J211', 'J212', 'J213', 'J214', 'J216', 'J217', 'J218', 'J219', 'J220', 'J221', 'J222', 'J223', 'J224', 'J225', 'J226', 'J227', 'J228', 'J229', 'J230', 'J231', 'J232', 'J233', 'J234', 'J235', 'J236', 'J237', 'J238', 'J239', 'J240', 'J241', 'J242', 'J243', 'J244', 'J245', 'J246', 'J247', 'J248', 'J249', 'J250', 'J251', 'J252', 'J253', 'J254', 'J255', 'J256', 'J257', 'J258', 'J259', 'J260', 'J261', 'J262', 'J263', 'J264', 'J265', 'J266', 'J267', 'J268', 'J269', 'J270', 'J271', 'J272', 'J273', 'J274', 'J275', 'J276', 'J277', 'J278', 'J279', 'J280', 'J281', 'J282', 'J283', 'J284', 'J285', 'J286', 'J287', 'J288', 'J289', 'J290', 'J291', 'J292', 'J293', 'J294', 'J295', 'J296', 'J297', 'J298', 'J299', 'J300']
- Machine states:
  - Machine M1: Time=4598.00, Idle=0.00, Material=Mountainbike_Hauptrahmen_zugeschnitten
  - Machine M2: Time=4348.00, Idle=250.00, Material=E-Bike_Tretlager_gefraest
  - Machine M3: Time=4132.00, Idle=466.00, Material=Mountainbike_Rahmen_komplettiert
==================================================

2025-06-06 14:26:18,677 - JSPGymEnvironment - INFO - Material change on machine M3: Mountainbike_Rahmen_komplettiert -> E-Bike_Schaltauge_bearbeitet, setup time: 25
2025-06-06 14:26:18,677 - JSPGymEnvironment - INFO - Executed operation: Job J6, Op 7, Machine M3, Start: 4623, End: 4655, Setup: 25
2025-06-06 14:26:18,677 - JSPGymEnvironment - INFO - Job J6 completed at time 4655, deadline: 2837, met: False, priority: 9
2025-06-06 14:26:18,678 - JSPGymEnvironment - INFO - 
===== REWARD DETAILS FOR STEP 80 =====
Job: J6, Operation: 7, Job Completed: True
Current Time: 4598.00 -> 4655.00, Setup Time: 25.00
Processing Time: 32.00, Idle Time: 0.00
Completed Jobs: 3/300
Machine: M3, Material: E-Bike_Schaltauge_bearbeitet
Job Deadline: 2837.00 (Missed), Priority: 9

REWARD COMPONENTS:
- makespan_reward: -0.2850
- setup_reward: -6.2500
- deadline_reward: -1.6020
- priority_reward: 36.0000
- critical_job_reward: 4.8102
- placement_reward: 0.0000
- timeliness_reward: -5.2585
- machine_idle_penalty: -4.5500

TOTAL REWARD: 22.8647

CUMULATIVE REWARD COMPONENTS:
- makespan_reward: -23.2750
- setup_reward: -542.2500
- deadline_reward: -2.8903
- priority_reward: 84.0000
- critical_job_reward: 33.3764
- placement_reward: 0.0000
- timeliness_reward: 306.1136
- machine_idle_penalty: -305.7500

CUMULATIVE TOTAL: -450.6754

CRITICAL STATE INFO:
- Valid actions: ['J1', 'J2', 'J3', 'J4', 'J5', 'J7', 'J8', 'J9', 'J10', 'J11', 'J12', 'J13', 'J14', 'J15', 'J16', 'J17', 'J18', 'J19', 'J20', 'J21', 'J22', 'J23', 'J24', 'J25', 'J26', 'J27', 'J28', 'J29', 'J30', 'J31', 'J32', 'J33', 'J34', 'J35', 'J36', 'J37', 'J38', 'J39', 'J40', 'J41', 'J42', 'J43', 'J44', 'J45', 'J46', 'J47', 'J48', 'J49', 'J50', 'J51', 'J52', 'J53', 'J54', 'J55', 'J56', 'J57', 'J58', 'J59', 'J60', 'J61', 'J62', 'J63', 'J64', 'J65', 'J66', 'J67', 'J68', 'J69', 'J70', 'J71', 'J72', 'J73', 'J74', 'J75', 'J76', 'J77', 'J78', 'J79', 'J80', 'J81', 'J82', 'J83', 'J85', 'J86', 'J87', 'J88', 'J89', 'J90', 'J91', 'J92', 'J93', 'J94', 'J95', 'J96', 'J97', 'J98', 'J99', 'J100', 'J101', 'J102', 'J103', 'J104', 'J105', 'J106', 'J107', 'J108', 'J109', 'J110', 'J111', 'J112', 'J113', 'J114', 'J115', 'J116', 'J117', 'J118', 'J119', 'J120', 'J121', 'J122', 'J123', 'J124', 'J125', 'J126', 'J127', 'J128', 'J129', 'J130', 'J131', 'J132', 'J133', 'J134', 'J135', 'J136', 'J137', 'J138', 'J139', 'J140', 'J141', 'J142', 'J143', 'J144', 'J145', 'J146', 'J147', 'J148', 'J149', 'J150', 'J151', 'J152', 'J153', 'J154', 'J155', 'J156', 'J157', 'J158', 'J159', 'J160', 'J161', 'J162', 'J163', 'J164', 'J165', 'J166', 'J167', 'J168', 'J169', 'J170', 'J171', 'J172', 'J173', 'J174', 'J175', 'J176', 'J177', 'J178', 'J179', 'J180', 'J181', 'J182', 'J183', 'J184', 'J185', 'J186', 'J187', 'J188', 'J189', 'J190', 'J191', 'J192', 'J193', 'J194', 'J195', 'J196', 'J197', 'J198', 'J199', 'J200', 'J201', 'J202', 'J203', 'J204', 'J205', 'J206', 'J207', 'J208', 'J209', 'J210', 'J211', 'J212', 'J213', 'J214', 'J216', 'J217', 'J218', 'J219', 'J220', 'J221', 'J222', 'J223', 'J224', 'J225', 'J226', 'J227', 'J228', 'J229', 'J230', 'J231', 'J232', 'J233', 'J234', 'J235', 'J236', 'J237', 'J238', 'J239', 'J240', 'J241', 'J242', 'J243', 'J244', 'J245', 'J246', 'J247', 'J248', 'J249', 'J250', 'J251', 'J252', 'J253', 'J254', 'J255', 'J256', 'J257', 'J258', 'J259', 'J260', 'J261', 'J262', 'J263', 'J264', 'J265', 'J266', 'J267', 'J268', 'J269', 'J270', 'J271', 'J272', 'J273', 'J274', 'J275', 'J276', 'J277', 'J278', 'J279', 'J280', 'J281', 'J282', 'J283', 'J284', 'J285', 'J286', 'J287', 'J288', 'J289', 'J290', 'J291', 'J292', 'J293', 'J294', 'J295', 'J296', 'J297', 'J298', 'J299', 'J300']
- Machine states:
  - Machine M1: Time=4598.00, Idle=57.00, Material=Mountainbike_Hauptrahmen_zugeschnitten
  - Machine M2: Time=4348.00, Idle=307.00, Material=E-Bike_Tretlager_gefraest
  - Machine M3: Time=4655.00, Idle=0.00, Material=E-Bike_Schaltauge_bearbeitet
==================================================

2025-06-06 14:26:18,679 - JSPGymEnvironment - INFO - Retro-Bonus für Job J6: -5.0
2025-06-06 14:26:30,800 - JSPGymEnvironment - INFO - Material change on machine M1: Mountainbike_Hauptrahmen_zugeschnitten -> E-Bike_Antrieb_installiert, setup time: 50
2025-06-06 14:26:30,801 - JSPGymEnvironment - INFO - Executed operation: Job J185, Op 2, Machine M1, Start: 4705, End: 4723, Setup: 50
2025-06-06 14:26:30,802 - JSPGymEnvironment - INFO - 
===== REWARD DETAILS FOR STEP 81 =====
Job: J185, Operation: 2, Job Completed: False
Current Time: 4655.00 -> 4723.00, Setup Time: 50.00
Processing Time: 18.00, Idle Time: 0.00
Completed Jobs: 3/300
Machine: M1, Material: E-Bike_Antrieb_installiert

REWARD COMPONENTS:
- makespan_reward: -0.3400
- setup_reward: -12.5000
- deadline_reward: 0.0000
- priority_reward: 0.0000
- critical_job_reward: 0.5000
- placement_reward: 0.0000
- timeliness_reward: -5.3033
- machine_idle_penalty: -5.5375

TOTAL REWARD: -23.1808

CUMULATIVE REWARD COMPONENTS:
- makespan_reward: -23.6150
- setup_reward: -554.7500
- deadline_reward: -2.8903
- priority_reward: 84.0000
- critical_job_reward: 33.8764
- placement_reward: 0.0000
- timeliness_reward: 300.8103
- machine_idle_penalty: -311.2875

CUMULATIVE TOTAL: -473.8562

CRITICAL STATE INFO:
- Valid actions: ['J1', 'J2', 'J3', 'J4', 'J5', 'J7', 'J8', 'J9', 'J10', 'J11', 'J12', 'J13', 'J14', 'J15', 'J16', 'J17', 'J18', 'J19', 'J20', 'J21', 'J22', 'J23', 'J24', 'J25', 'J26', 'J27', 'J28', 'J29', 'J30', 'J31', 'J32', 'J33', 'J34', 'J35', 'J36', 'J37', 'J38', 'J39', 'J40', 'J41', 'J42', 'J43', 'J44', 'J45', 'J46', 'J47', 'J48', 'J49', 'J50', 'J51', 'J52', 'J53', 'J54', 'J55', 'J56', 'J57', 'J58', 'J59', 'J60', 'J61', 'J62', 'J63', 'J64', 'J65', 'J66', 'J67', 'J68', 'J69', 'J70', 'J71', 'J72', 'J73', 'J74', 'J75', 'J76', 'J77', 'J78', 'J79', 'J80', 'J81', 'J82', 'J83', 'J85', 'J86', 'J87', 'J88', 'J89', 'J90', 'J91', 'J92', 'J93', 'J94', 'J95', 'J96', 'J97', 'J98', 'J99', 'J100', 'J101', 'J102', 'J103', 'J104', 'J105', 'J106', 'J107', 'J108', 'J109', 'J110', 'J111', 'J112', 'J113', 'J114', 'J115', 'J116', 'J117', 'J118', 'J119', 'J120', 'J121', 'J122', 'J123', 'J124', 'J125', 'J126', 'J127', 'J128', 'J129', 'J130', 'J131', 'J132', 'J133', 'J134', 'J135', 'J136', 'J137', 'J138', 'J139', 'J140', 'J141', 'J142', 'J143', 'J144', 'J145', 'J146', 'J147', 'J148', 'J149', 'J150', 'J151', 'J152', 'J153', 'J154', 'J155', 'J156', 'J157', 'J158', 'J159', 'J160', 'J161', 'J162', 'J163', 'J164', 'J165', 'J166', 'J167', 'J168', 'J169', 'J170', 'J171', 'J172', 'J173', 'J174', 'J175', 'J176', 'J177', 'J178', 'J179', 'J180', 'J181', 'J182', 'J183', 'J184', 'J185', 'J186', 'J187', 'J188', 'J189', 'J190', 'J191', 'J192', 'J193', 'J194', 'J195', 'J196', 'J197', 'J198', 'J199', 'J200', 'J201', 'J202', 'J203', 'J204', 'J205', 'J206', 'J207', 'J208', 'J209', 'J210', 'J211', 'J212', 'J213', 'J214', 'J216', 'J217', 'J218', 'J219', 'J220', 'J221', 'J222', 'J223', 'J224', 'J225', 'J226', 'J227', 'J228', 'J229', 'J230', 'J231', 'J232', 'J233', 'J234', 'J235', 'J236', 'J237', 'J238', 'J239', 'J240', 'J241', 'J242', 'J243', 'J244', 'J245', 'J246', 'J247', 'J248', 'J249', 'J250', 'J251', 'J252', 'J253', 'J254', 'J255', 'J256', 'J257', 'J258', 'J259', 'J260', 'J261', 'J262', 'J263', 'J264', 'J265', 'J266', 'J267', 'J268', 'J269', 'J270', 'J271', 'J272', 'J273', 'J274', 'J275', 'J276', 'J277', 'J278', 'J279', 'J280', 'J281', 'J282', 'J283', 'J284', 'J285', 'J286', 'J287', 'J288', 'J289', 'J290', 'J291', 'J292', 'J293', 'J294', 'J295', 'J296', 'J297', 'J298', 'J299', 'J300']
- Machine states:
  - Machine M1: Time=4723.00, Idle=0.00, Material=E-Bike_Antrieb_installiert
  - Machine M2: Time=4348.00, Idle=375.00, Material=E-Bike_Tretlager_gefraest
  - Machine M3: Time=4655.00, Idle=68.00, Material=E-Bike_Schaltauge_bearbeitet
==================================================

2025-06-06 14:26:42,505 - JSPGymEnvironment - INFO - Material change on machine M1: E-Bike_Antrieb_installiert -> Mountainbike_Tretlageraufnahme_geschweisst, setup time: 60
2025-06-06 14:26:42,506 - JSPGymEnvironment - INFO - Executed operation: Job J34, Op 1, Machine M1, Start: 4783, End: 4818, Setup: 60
2025-06-06 14:26:42,507 - JSPGymEnvironment - INFO - 
===== REWARD DETAILS FOR STEP 82 =====
Job: J34, Operation: 1, Job Completed: False
Current Time: 4723.00 -> 4818.00, Setup Time: 60.00
Processing Time: 35.00, Idle Time: 0.00
Completed Jobs: 3/300
Machine: M1, Material: Mountainbike_Tretlageraufnahme_geschweisst

REWARD COMPONENTS:
- makespan_reward: -0.4750
- setup_reward: -15.0000
- deadline_reward: 0.0000
- priority_reward: 0.0000
- critical_job_reward: 0.0000
- placement_reward: 0.0000
- timeliness_reward: -5.3564
- machine_idle_penalty: -7.9125

TOTAL REWARD: -28.7439

CUMULATIVE REWARD COMPONENTS:
- makespan_reward: -24.0900
- setup_reward: -569.7500
- deadline_reward: -2.8903
- priority_reward: 84.0000
- critical_job_reward: 33.8764
- placement_reward: 0.0000
- timeliness_reward: 295.4539
- machine_idle_penalty: -319.2000

CUMULATIVE TOTAL: -502.6000

CRITICAL STATE INFO:
- Valid actions: ['J1', 'J2', 'J3', 'J4', 'J5', 'J7', 'J8', 'J9', 'J10', 'J11', 'J12', 'J13', 'J14', 'J15', 'J16', 'J17', 'J18', 'J19', 'J20', 'J21', 'J22', 'J23', 'J24', 'J25', 'J26', 'J27', 'J28', 'J29', 'J30', 'J31', 'J32', 'J33', 'J34', 'J35', 'J36', 'J37', 'J38', 'J39', 'J40', 'J41', 'J42', 'J43', 'J44', 'J45', 'J46', 'J47', 'J48', 'J49', 'J50', 'J51', 'J52', 'J53', 'J54', 'J55', 'J56', 'J57', 'J58', 'J59', 'J60', 'J61', 'J62', 'J63', 'J64', 'J65', 'J66', 'J67', 'J68', 'J69', 'J70', 'J71', 'J72', 'J73', 'J74', 'J75', 'J76', 'J77', 'J78', 'J79', 'J80', 'J81', 'J82', 'J83', 'J85', 'J86', 'J87', 'J88', 'J89', 'J90', 'J91', 'J92', 'J93', 'J94', 'J95', 'J96', 'J97', 'J98', 'J99', 'J100', 'J101', 'J102', 'J103', 'J104', 'J105', 'J106', 'J107', 'J108', 'J109', 'J110', 'J111', 'J112', 'J113', 'J114', 'J115', 'J116', 'J117', 'J118', 'J119', 'J120', 'J121', 'J122', 'J123', 'J124', 'J125', 'J126', 'J127', 'J128', 'J129', 'J130', 'J131', 'J132', 'J133', 'J134', 'J135', 'J136', 'J137', 'J138', 'J139', 'J140', 'J141', 'J142', 'J143', 'J144', 'J145', 'J146', 'J147', 'J148', 'J149', 'J150', 'J151', 'J152', 'J153', 'J154', 'J155', 'J156', 'J157', 'J158', 'J159', 'J160', 'J161', 'J162', 'J163', 'J164', 'J165', 'J166', 'J167', 'J168', 'J169', 'J170', 'J171', 'J172', 'J173', 'J174', 'J175', 'J176', 'J177', 'J178', 'J179', 'J180', 'J181', 'J182', 'J183', 'J184', 'J185', 'J186', 'J187', 'J188', 'J189', 'J190', 'J191', 'J192', 'J193', 'J194', 'J195', 'J196', 'J197', 'J198', 'J199', 'J200', 'J201', 'J202', 'J203', 'J204', 'J205', 'J206', 'J207', 'J208', 'J209', 'J210', 'J211', 'J212', 'J213', 'J214', 'J216', 'J217', 'J218', 'J219', 'J220', 'J221', 'J222', 'J223', 'J224', 'J225', 'J226', 'J227', 'J228', 'J229', 'J230', 'J231', 'J232', 'J233', 'J234', 'J235', 'J236', 'J237', 'J238', 'J239', 'J240', 'J241', 'J242', 'J243', 'J244', 'J245', 'J246', 'J247', 'J248', 'J249', 'J250', 'J251', 'J252', 'J253', 'J254', 'J255', 'J256', 'J257', 'J258', 'J259', 'J260', 'J261', 'J262', 'J263', 'J264', 'J265', 'J266', 'J267', 'J268', 'J269', 'J270', 'J271', 'J272', 'J273', 'J274', 'J275', 'J276', 'J277', 'J278', 'J279', 'J280', 'J281', 'J282', 'J283', 'J284', 'J285', 'J286', 'J287', 'J288', 'J289', 'J290', 'J291', 'J292', 'J293', 'J294', 'J295', 'J296', 'J297', 'J298', 'J299', 'J300']
- Machine states:
  - Machine M1: Time=4818.00, Idle=0.00, Material=Mountainbike_Tretlageraufnahme_geschweisst
  - Machine M2: Time=4348.00, Idle=470.00, Material=E-Bike_Tretlager_gefraest
  - Machine M3: Time=4655.00, Idle=163.00, Material=E-Bike_Schaltauge_bearbeitet
==================================================

2025-06-06 14:26:54,201 - JSPGymEnvironment - INFO - Material change on machine M2: E-Bike_Tretlager_gefraest -> Mountainbike_Schaltauge_bearbeitet, setup time: 29
2025-06-06 14:26:54,201 - JSPGymEnvironment - INFO - Executed operation: Job J110, Op 0, Machine M2, Start: 4847, End: 4876, Setup: 29
2025-06-06 14:26:54,202 - JSPGymEnvironment - INFO - 
===== REWARD DETAILS FOR STEP 83 =====
Job: J110, Operation: 0, Job Completed: False
Current Time: 4818.00 -> 4876.00, Setup Time: 29.00
Processing Time: 29.00, Idle Time: 0.00
Completed Jobs: 3/300
Machine: M2, Material: Mountainbike_Schaltauge_bearbeitet

REWARD COMPONENTS:
- makespan_reward: -0.2900
- setup_reward: -7.2500
- deadline_reward: 0.0000
- priority_reward: 0.0000
- critical_job_reward: 0.0000
- placement_reward: 0.0000
- timeliness_reward: -5.3841
- machine_idle_penalty: -3.4875

TOTAL REWARD: -16.4116

CUMULATIVE REWARD COMPONENTS:
- makespan_reward: -24.3800
- setup_reward: -577.0000
- deadline_reward: -2.8903
- priority_reward: 84.0000
- critical_job_reward: 33.8764
- placement_reward: 0.0000
- timeliness_reward: 290.0699
- machine_idle_penalty: -322.6875

CUMULATIVE TOTAL: -519.0116

CRITICAL STATE INFO:
- Valid actions: ['J1', 'J2', 'J3', 'J4', 'J5', 'J7', 'J8', 'J9', 'J10', 'J11', 'J12', 'J13', 'J14', 'J15', 'J16', 'J17', 'J18', 'J19', 'J20', 'J21', 'J22', 'J23', 'J24', 'J25', 'J26', 'J27', 'J28', 'J29', 'J30', 'J31', 'J32', 'J33', 'J34', 'J35', 'J36', 'J37', 'J38', 'J39', 'J40', 'J41', 'J42', 'J43', 'J44', 'J45', 'J46', 'J47', 'J48', 'J49', 'J50', 'J51', 'J52', 'J53', 'J54', 'J55', 'J56', 'J57', 'J58', 'J59', 'J60', 'J61', 'J62', 'J63', 'J64', 'J65', 'J66', 'J67', 'J68', 'J69', 'J70', 'J71', 'J72', 'J73', 'J74', 'J75', 'J76', 'J77', 'J78', 'J79', 'J80', 'J81', 'J82', 'J83', 'J85', 'J86', 'J87', 'J88', 'J89', 'J90', 'J91', 'J92', 'J93', 'J94', 'J95', 'J96', 'J97', 'J98', 'J99', 'J100', 'J101', 'J102', 'J103', 'J104', 'J105', 'J106', 'J107', 'J108', 'J109', 'J110', 'J111', 'J112', 'J113', 'J114', 'J115', 'J116', 'J117', 'J118', 'J119', 'J120', 'J121', 'J122', 'J123', 'J124', 'J125', 'J126', 'J127', 'J128', 'J129', 'J130', 'J131', 'J132', 'J133', 'J134', 'J135', 'J136', 'J137', 'J138', 'J139', 'J140', 'J141', 'J142', 'J143', 'J144', 'J145', 'J146', 'J147', 'J148', 'J149', 'J150', 'J151', 'J152', 'J153', 'J154', 'J155', 'J156', 'J157', 'J158', 'J159', 'J160', 'J161', 'J162', 'J163', 'J164', 'J165', 'J166', 'J167', 'J168', 'J169', 'J170', 'J171', 'J172', 'J173', 'J174', 'J175', 'J176', 'J177', 'J178', 'J179', 'J180', 'J181', 'J182', 'J183', 'J184', 'J185', 'J186', 'J187', 'J188', 'J189', 'J190', 'J191', 'J192', 'J193', 'J194', 'J195', 'J196', 'J197', 'J198', 'J199', 'J200', 'J201', 'J202', 'J203', 'J204', 'J205', 'J206', 'J207', 'J208', 'J209', 'J210', 'J211', 'J212', 'J213', 'J214', 'J216', 'J217', 'J218', 'J219', 'J220', 'J221', 'J222', 'J223', 'J224', 'J225', 'J226', 'J227', 'J228', 'J229', 'J230', 'J231', 'J232', 'J233', 'J234', 'J235', 'J236', 'J237', 'J238', 'J239', 'J240', 'J241', 'J242', 'J243', 'J244', 'J245', 'J246', 'J247', 'J248', 'J249', 'J250', 'J251', 'J252', 'J253', 'J254', 'J255', 'J256', 'J257', 'J258', 'J259', 'J260', 'J261', 'J262', 'J263', 'J264', 'J265', 'J266', 'J267', 'J268', 'J269', 'J270', 'J271', 'J272', 'J273', 'J274', 'J275', 'J276', 'J277', 'J278', 'J279', 'J280', 'J281', 'J282', 'J283', 'J284', 'J285', 'J286', 'J287', 'J288', 'J289', 'J290', 'J291', 'J292', 'J293', 'J294', 'J295', 'J296', 'J297', 'J298', 'J299', 'J300']
- Machine states:
  - Machine M1: Time=4818.00, Idle=58.00, Material=Mountainbike_Tretlageraufnahme_geschweisst
  - Machine M2: Time=4876.00, Idle=0.00, Material=Mountainbike_Schaltauge_bearbeitet
  - Machine M3: Time=4655.00, Idle=221.00, Material=E-Bike_Schaltauge_bearbeitet
==================================================

2025-06-06 14:27:06,588 - JSPGymEnvironment - INFO - Material change on machine M1: Mountainbike_Tretlageraufnahme_geschweisst -> Mountainbike_Rahmen_nachbearbeitet, setup time: 40
2025-06-06 14:27:06,588 - JSPGymEnvironment - INFO - Executed operation: Job J80, Op 1, Machine M1, Start: 4916, End: 4940, Setup: 40
2025-06-06 14:27:06,590 - JSPGymEnvironment - INFO - 
===== REWARD DETAILS FOR STEP 84 =====
Job: J80, Operation: 1, Job Completed: False
Current Time: 4876.00 -> 4940.00, Setup Time: 40.00
Processing Time: 24.00, Idle Time: 0.00
Completed Jobs: 3/300
Machine: M1, Material: Mountainbike_Rahmen_nachbearbeitet

REWARD COMPONENTS:
- makespan_reward: -0.3200
- setup_reward: -10.0000
- deadline_reward: 0.0000
- priority_reward: 0.0000
- critical_job_reward: 0.0000
- placement_reward: 0.0000
- timeliness_reward: -5.4110
- machine_idle_penalty: -4.3625

TOTAL REWARD: -20.0935

CUMULATIVE REWARD COMPONENTS:
- makespan_reward: -24.7000
- setup_reward: -587.0000
- deadline_reward: -2.8903
- priority_reward: 84.0000
- critical_job_reward: 33.8764
- placement_reward: 0.0000
- timeliness_reward: 284.6588
- machine_idle_penalty: -327.0500

CUMULATIVE TOTAL: -539.1051

CRITICAL STATE INFO:
- Valid actions: ['J1', 'J2', 'J3', 'J4', 'J5', 'J7', 'J8', 'J9', 'J10', 'J11', 'J12', 'J13', 'J14', 'J15', 'J16', 'J17', 'J18', 'J19', 'J20', 'J21', 'J22', 'J23', 'J24', 'J25', 'J26', 'J27', 'J28', 'J29', 'J30', 'J31', 'J32', 'J33', 'J34', 'J35', 'J36', 'J37', 'J38', 'J39', 'J40', 'J41', 'J42', 'J43', 'J44', 'J45', 'J46', 'J47', 'J48', 'J49', 'J50', 'J51', 'J52', 'J53', 'J54', 'J55', 'J56', 'J57', 'J58', 'J59', 'J60', 'J61', 'J62', 'J63', 'J64', 'J65', 'J66', 'J67', 'J68', 'J69', 'J70', 'J71', 'J72', 'J73', 'J74', 'J75', 'J76', 'J77', 'J78', 'J79', 'J80', 'J81', 'J82', 'J83', 'J85', 'J86', 'J87', 'J88', 'J89', 'J90', 'J91', 'J92', 'J93', 'J94', 'J95', 'J96', 'J97', 'J98', 'J99', 'J100', 'J101', 'J102', 'J103', 'J104', 'J105', 'J106', 'J107', 'J108', 'J109', 'J110', 'J111', 'J112', 'J113', 'J114', 'J115', 'J116', 'J117', 'J118', 'J119', 'J120', 'J121', 'J122', 'J123', 'J124', 'J125', 'J126', 'J127', 'J128', 'J129', 'J130', 'J131', 'J132', 'J133', 'J134', 'J135', 'J136', 'J137', 'J138', 'J139', 'J140', 'J141', 'J142', 'J143', 'J144', 'J145', 'J146', 'J147', 'J148', 'J149', 'J150', 'J151', 'J152', 'J153', 'J154', 'J155', 'J156', 'J157', 'J158', 'J159', 'J160', 'J161', 'J162', 'J163', 'J164', 'J165', 'J166', 'J167', 'J168', 'J169', 'J170', 'J171', 'J172', 'J173', 'J174', 'J175', 'J176', 'J177', 'J178', 'J179', 'J180', 'J181', 'J182', 'J183', 'J184', 'J185', 'J186', 'J187', 'J188', 'J189', 'J190', 'J191', 'J192', 'J193', 'J194', 'J195', 'J196', 'J197', 'J198', 'J199', 'J200', 'J201', 'J202', 'J203', 'J204', 'J205', 'J206', 'J207', 'J208', 'J209', 'J210', 'J211', 'J212', 'J213', 'J214', 'J216', 'J217', 'J218', 'J219', 'J220', 'J221', 'J222', 'J223', 'J224', 'J225', 'J226', 'J227', 'J228', 'J229', 'J230', 'J231', 'J232', 'J233', 'J234', 'J235', 'J236', 'J237', 'J238', 'J239', 'J240', 'J241', 'J242', 'J243', 'J244', 'J245', 'J246', 'J247', 'J248', 'J249', 'J250', 'J251', 'J252', 'J253', 'J254', 'J255', 'J256', 'J257', 'J258', 'J259', 'J260', 'J261', 'J262', 'J263', 'J264', 'J265', 'J266', 'J267', 'J268', 'J269', 'J270', 'J271', 'J272', 'J273', 'J274', 'J275', 'J276', 'J277', 'J278', 'J279', 'J280', 'J281', 'J282', 'J283', 'J284', 'J285', 'J286', 'J287', 'J288', 'J289', 'J290', 'J291', 'J292', 'J293', 'J294', 'J295', 'J296', 'J297', 'J298', 'J299', 'J300']
- Machine states:
  - Machine M1: Time=4940.00, Idle=0.00, Material=Mountainbike_Rahmen_nachbearbeitet
  - Machine M2: Time=4876.00, Idle=64.00, Material=Mountainbike_Schaltauge_bearbeitet
  - Machine M3: Time=4655.00, Idle=285.00, Material=E-Bike_Schaltauge_bearbeitet
==================================================

2025-06-06 14:27:18,625 - JSPGymEnvironment - INFO - Material change on machine M3: E-Bike_Schaltauge_bearbeitet -> Citybike_Steuerrohr_ausgerieben, setup time: 16
2025-06-06 14:27:18,625 - JSPGymEnvironment - INFO - Executed operation: Job J15, Op 1, Machine M3, Start: 4956, End: 4989, Setup: 16
2025-06-06 14:27:18,626 - JSPGymEnvironment - INFO - 
===== REWARD DETAILS FOR STEP 85 =====
Job: J15, Operation: 1, Job Completed: False
Current Time: 4940.00 -> 4989.00, Setup Time: 16.00
Processing Time: 33.00, Idle Time: 0.00
Completed Jobs: 3/300
Machine: M3, Material: Citybike_Steuerrohr_ausgerieben

REWARD COMPONENTS:
- makespan_reward: -0.2450
- setup_reward: -4.0000
- deadline_reward: 0.0000
- priority_reward: 0.0000
- critical_job_reward: 0.0000
- placement_reward: 0.0000
- timeliness_reward: -5.4294
- machine_idle_penalty: -2.0250

TOTAL REWARD: -11.6994

CUMULATIVE REWARD COMPONENTS:
- makespan_reward: -24.9450
- setup_reward: -591.0000
- deadline_reward: -2.8903
- priority_reward: 84.0000
- critical_job_reward: 33.8764
- placement_reward: 0.0000
- timeliness_reward: 279.2294
- machine_idle_penalty: -329.0750

CUMULATIVE TOTAL: -550.8045

CRITICAL STATE INFO:
- Valid actions: ['J1', 'J2', 'J3', 'J4', 'J5', 'J7', 'J8', 'J9', 'J10', 'J11', 'J12', 'J13', 'J14', 'J15', 'J16', 'J17', 'J18', 'J19', 'J20', 'J21', 'J22', 'J23', 'J24', 'J25', 'J26', 'J27', 'J28', 'J29', 'J30', 'J31', 'J32', 'J33', 'J34', 'J35', 'J36', 'J37', 'J38', 'J39', 'J40', 'J41', 'J42', 'J43', 'J44', 'J45', 'J46', 'J47', 'J48', 'J49', 'J50', 'J51', 'J52', 'J53', 'J54', 'J55', 'J56', 'J57', 'J58', 'J59', 'J60', 'J61', 'J62', 'J63', 'J64', 'J65', 'J66', 'J67', 'J68', 'J69', 'J70', 'J71', 'J72', 'J73', 'J74', 'J75', 'J76', 'J77', 'J78', 'J79', 'J80', 'J81', 'J82', 'J83', 'J85', 'J86', 'J87', 'J88', 'J89', 'J90', 'J91', 'J92', 'J93', 'J94', 'J95', 'J96', 'J97', 'J98', 'J99', 'J100', 'J101', 'J102', 'J103', 'J104', 'J105', 'J106', 'J107', 'J108', 'J109', 'J110', 'J111', 'J112', 'J113', 'J114', 'J115', 'J116', 'J117', 'J118', 'J119', 'J120', 'J121', 'J122', 'J123', 'J124', 'J125', 'J126', 'J127', 'J128', 'J129', 'J130', 'J131', 'J132', 'J133', 'J134', 'J135', 'J136', 'J137', 'J138', 'J139', 'J140', 'J141', 'J142', 'J143', 'J144', 'J145', 'J146', 'J147', 'J148', 'J149', 'J150', 'J151', 'J152', 'J153', 'J154', 'J155', 'J156', 'J157', 'J158', 'J159', 'J160', 'J161', 'J162', 'J163', 'J164', 'J165', 'J166', 'J167', 'J168', 'J169', 'J170', 'J171', 'J172', 'J173', 'J174', 'J175', 'J176', 'J177', 'J178', 'J179', 'J180', 'J181', 'J182', 'J183', 'J184', 'J185', 'J186', 'J187', 'J188', 'J189', 'J190', 'J191', 'J192', 'J193', 'J194', 'J195', 'J196', 'J197', 'J198', 'J199', 'J200', 'J201', 'J202', 'J203', 'J204', 'J205', 'J206', 'J207', 'J208', 'J209', 'J210', 'J211', 'J212', 'J213', 'J214', 'J216', 'J217', 'J218', 'J219', 'J220', 'J221', 'J222', 'J223', 'J224', 'J225', 'J226', 'J227', 'J228', 'J229', 'J230', 'J231', 'J232', 'J233', 'J234', 'J235', 'J236', 'J237', 'J238', 'J239', 'J240', 'J241', 'J242', 'J243', 'J244', 'J245', 'J246', 'J247', 'J248', 'J249', 'J250', 'J251', 'J252', 'J253', 'J254', 'J255', 'J256', 'J257', 'J258', 'J259', 'J260', 'J261', 'J262', 'J263', 'J264', 'J265', 'J266', 'J267', 'J268', 'J269', 'J270', 'J271', 'J272', 'J273', 'J274', 'J275', 'J276', 'J277', 'J278', 'J279', 'J280', 'J281', 'J282', 'J283', 'J284', 'J285', 'J286', 'J287', 'J288', 'J289', 'J290', 'J291', 'J292', 'J293', 'J294', 'J295', 'J296', 'J297', 'J298', 'J299', 'J300']
- Machine states:
  - Machine M1: Time=4940.00, Idle=49.00, Material=Mountainbike_Rahmen_nachbearbeitet
  - Machine M2: Time=4876.00, Idle=113.00, Material=Mountainbike_Schaltauge_bearbeitet
  - Machine M3: Time=4989.00, Idle=0.00, Material=Citybike_Steuerrohr_ausgerieben
==================================================

2025-06-06 14:27:30,160 - JSPGymEnvironment - INFO - Material change on machine M3: Citybike_Steuerrohr_ausgerieben -> Mountainbike_Tretlager_gefraest, setup time: 10
2025-06-06 14:27:30,161 - JSPGymEnvironment - INFO - Executed operation: Job J138, Op 0, Machine M3, Start: 4999, End: 5033, Setup: 10
2025-06-06 14:27:30,162 - JSPGymEnvironment - INFO - 
===== REWARD DETAILS FOR STEP 86 =====
Job: J138, Operation: 0, Job Completed: False
Current Time: 4989.00 -> 5033.00, Setup Time: 10.00
Processing Time: 34.00, Idle Time: 0.00
Completed Jobs: 3/300
Machine: M3, Material: Mountainbike_Tretlager_gefraest

REWARD COMPONENTS:
- makespan_reward: -0.2200
- setup_reward: -2.5000
- deadline_reward: 0.0000
- priority_reward: 0.0000
- critical_job_reward: 0.0000
- placement_reward: 0.0000
- timeliness_reward: -5.4444
- machine_idle_penalty: -3.1250

TOTAL REWARD: -11.2894

CUMULATIVE REWARD COMPONENTS:
- makespan_reward: -25.1650
- setup_reward: -593.5000
- deadline_reward: -2.8903
- priority_reward: 84.0000
- critical_job_reward: 33.8764
- placement_reward: 0.0000
- timeliness_reward: 273.7851
- machine_idle_penalty: -332.2000

CUMULATIVE TOTAL: -562.0939

CRITICAL STATE INFO:
- Valid actions: ['J1', 'J2', 'J3', 'J4', 'J5', 'J7', 'J8', 'J9', 'J10', 'J11', 'J12', 'J13', 'J14', 'J15', 'J16', 'J17', 'J18', 'J19', 'J20', 'J21', 'J22', 'J23', 'J24', 'J25', 'J26', 'J27', 'J28', 'J29', 'J30', 'J31', 'J32', 'J33', 'J34', 'J35', 'J36', 'J37', 'J38', 'J39', 'J40', 'J41', 'J42', 'J43', 'J44', 'J45', 'J46', 'J47', 'J48', 'J49', 'J50', 'J51', 'J52', 'J53', 'J54', 'J55', 'J56', 'J57', 'J58', 'J59', 'J60', 'J61', 'J62', 'J63', 'J64', 'J65', 'J66', 'J67', 'J68', 'J69', 'J70', 'J71', 'J72', 'J73', 'J74', 'J75', 'J76', 'J77', 'J78', 'J79', 'J80', 'J81', 'J82', 'J83', 'J85', 'J86', 'J87', 'J88', 'J89', 'J90', 'J91', 'J92', 'J93', 'J94', 'J95', 'J96', 'J97', 'J98', 'J99', 'J100', 'J101', 'J102', 'J103', 'J104', 'J105', 'J106', 'J107', 'J108', 'J109', 'J110', 'J111', 'J112', 'J113', 'J114', 'J115', 'J116', 'J117', 'J118', 'J119', 'J120', 'J121', 'J122', 'J123', 'J124', 'J125', 'J126', 'J127', 'J128', 'J129', 'J130', 'J131', 'J132', 'J133', 'J134', 'J135', 'J136', 'J137', 'J138', 'J139', 'J140', 'J141', 'J142', 'J143', 'J144', 'J145', 'J146', 'J147', 'J148', 'J149', 'J150', 'J151', 'J152', 'J153', 'J154', 'J155', 'J156', 'J157', 'J158', 'J159', 'J160', 'J161', 'J162', 'J163', 'J164', 'J165', 'J166', 'J167', 'J168', 'J169', 'J170', 'J171', 'J172', 'J173', 'J174', 'J175', 'J176', 'J177', 'J178', 'J179', 'J180', 'J181', 'J182', 'J183', 'J184', 'J185', 'J186', 'J187', 'J188', 'J189', 'J190', 'J191', 'J192', 'J193', 'J194', 'J195', 'J196', 'J197', 'J198', 'J199', 'J200', 'J201', 'J202', 'J203', 'J204', 'J205', 'J206', 'J207', 'J208', 'J209', 'J210', 'J211', 'J212', 'J213', 'J214', 'J216', 'J217', 'J218', 'J219', 'J220', 'J221', 'J222', 'J223', 'J224', 'J225', 'J226', 'J227', 'J228', 'J229', 'J230', 'J231', 'J232', 'J233', 'J234', 'J235', 'J236', 'J237', 'J238', 'J239', 'J240', 'J241', 'J242', 'J243', 'J244', 'J245', 'J246', 'J247', 'J248', 'J249', 'J250', 'J251', 'J252', 'J253', 'J254', 'J255', 'J256', 'J257', 'J258', 'J259', 'J260', 'J261', 'J262', 'J263', 'J264', 'J265', 'J266', 'J267', 'J268', 'J269', 'J270', 'J271', 'J272', 'J273', 'J274', 'J275', 'J276', 'J277', 'J278', 'J279', 'J280', 'J281', 'J282', 'J283', 'J284', 'J285', 'J286', 'J287', 'J288', 'J289', 'J290', 'J291', 'J292', 'J293', 'J294', 'J295', 'J296', 'J297', 'J298', 'J299', 'J300']
- Machine states:
  - Machine M1: Time=4940.00, Idle=93.00, Material=Mountainbike_Rahmen_nachbearbeitet
  - Machine M2: Time=4876.00, Idle=157.00, Material=Mountainbike_Schaltauge_bearbeitet
  - Machine M3: Time=5033.00, Idle=0.00, Material=Mountainbike_Tretlager_gefraest
==================================================

2025-06-06 14:27:42,538 - JSPGymEnvironment - INFO - Material change on machine M2: Mountainbike_Schaltauge_bearbeitet -> Citybike_Antrieb_installiert, setup time: 18
2025-06-06 14:27:42,538 - JSPGymEnvironment - INFO - Executed operation: Job J128, Op 0, Machine M2, Start: 5051, End: 5063, Setup: 18
2025-06-06 14:27:42,539 - JSPGymEnvironment - INFO - 
===== REWARD DETAILS FOR STEP 87 =====
Job: J128, Operation: 0, Job Completed: False
Current Time: 5033.00 -> 5063.00, Setup Time: 18.00
Processing Time: 12.00, Idle Time: 0.00
Completed Jobs: 3/300
Machine: M2, Material: Citybike_Antrieb_installiert

REWARD COMPONENTS:
- makespan_reward: -0.1500
- setup_reward: -4.5000
- deadline_reward: 0.0000
- priority_reward: 0.0000
- critical_job_reward: 0.0000
- placement_reward: 0.0000
- timeliness_reward: -5.4538
- machine_idle_penalty: -1.9125

TOTAL REWARD: -12.0163

CUMULATIVE REWARD COMPONENTS:
- makespan_reward: -25.3150
- setup_reward: -598.0000
- deadline_reward: -2.8903
- priority_reward: 84.0000
- critical_job_reward: 33.8764
- placement_reward: 0.0000
- timeliness_reward: 268.3312
- machine_idle_penalty: -334.1125

CUMULATIVE TOTAL: -574.1103

CRITICAL STATE INFO:
- Valid actions: ['J1', 'J2', 'J3', 'J4', 'J5', 'J7', 'J8', 'J9', 'J10', 'J11', 'J12', 'J13', 'J14', 'J15', 'J16', 'J17', 'J18', 'J19', 'J20', 'J21', 'J22', 'J23', 'J24', 'J25', 'J26', 'J27', 'J28', 'J29', 'J30', 'J31', 'J32', 'J33', 'J34', 'J35', 'J36', 'J37', 'J38', 'J39', 'J40', 'J41', 'J42', 'J43', 'J44', 'J45', 'J46', 'J47', 'J48', 'J49', 'J50', 'J51', 'J52', 'J53', 'J54', 'J55', 'J56', 'J57', 'J58', 'J59', 'J60', 'J61', 'J62', 'J63', 'J64', 'J65', 'J66', 'J67', 'J68', 'J69', 'J70', 'J71', 'J72', 'J73', 'J74', 'J75', 'J76', 'J77', 'J78', 'J79', 'J80', 'J81', 'J82', 'J83', 'J85', 'J86', 'J87', 'J88', 'J89', 'J90', 'J91', 'J92', 'J93', 'J94', 'J95', 'J96', 'J97', 'J98', 'J99', 'J100', 'J101', 'J102', 'J103', 'J104', 'J105', 'J106', 'J107', 'J108', 'J109', 'J110', 'J111', 'J112', 'J113', 'J114', 'J115', 'J116', 'J117', 'J118', 'J119', 'J120', 'J121', 'J122', 'J123', 'J124', 'J125', 'J126', 'J127', 'J128', 'J129', 'J130', 'J131', 'J132', 'J133', 'J134', 'J135', 'J136', 'J137', 'J138', 'J139', 'J140', 'J141', 'J142', 'J143', 'J144', 'J145', 'J146', 'J147', 'J148', 'J149', 'J150', 'J151', 'J152', 'J153', 'J154', 'J155', 'J156', 'J157', 'J158', 'J159', 'J160', 'J161', 'J162', 'J163', 'J164', 'J165', 'J166', 'J167', 'J168', 'J169', 'J170', 'J171', 'J172', 'J173', 'J174', 'J175', 'J176', 'J177', 'J178', 'J179', 'J180', 'J181', 'J182', 'J183', 'J184', 'J185', 'J186', 'J187', 'J188', 'J189', 'J190', 'J191', 'J192', 'J193', 'J194', 'J195', 'J196', 'J197', 'J198', 'J199', 'J200', 'J201', 'J202', 'J203', 'J204', 'J205', 'J206', 'J207', 'J208', 'J209', 'J210', 'J211', 'J212', 'J213', 'J214', 'J216', 'J217', 'J218', 'J219', 'J220', 'J221', 'J222', 'J223', 'J224', 'J225', 'J226', 'J227', 'J228', 'J229', 'J230', 'J231', 'J232', 'J233', 'J234', 'J235', 'J236', 'J237', 'J238', 'J239', 'J240', 'J241', 'J242', 'J243', 'J244', 'J245', 'J246', 'J247', 'J248', 'J249', 'J250', 'J251', 'J252', 'J253', 'J254', 'J255', 'J256', 'J257', 'J258', 'J259', 'J260', 'J261', 'J262', 'J263', 'J264', 'J265', 'J266', 'J267', 'J268', 'J269', 'J270', 'J271', 'J272', 'J273', 'J274', 'J275', 'J276', 'J277', 'J278', 'J279', 'J280', 'J281', 'J282', 'J283', 'J284', 'J285', 'J286', 'J287', 'J288', 'J289', 'J290', 'J291', 'J292', 'J293', 'J294', 'J295', 'J296', 'J297', 'J298', 'J299', 'J300']
- Machine states:
  - Machine M1: Time=4940.00, Idle=123.00, Material=Mountainbike_Rahmen_nachbearbeitet
  - Machine M2: Time=5063.00, Idle=0.00, Material=Citybike_Antrieb_installiert
  - Machine M3: Time=5033.00, Idle=30.00, Material=Mountainbike_Tretlager_gefraest
==================================================

2025-06-06 14:27:54,340 - JSPGymEnvironment - INFO - Material change on machine M2: Citybike_Antrieb_installiert -> Racebike_Steuerrohr_ausgerieben, setup time: 21
2025-06-06 14:27:54,340 - JSPGymEnvironment - INFO - Executed operation: Job J167, Op 1, Machine M2, Start: 5084, End: 5102, Setup: 21
2025-06-06 14:27:54,341 - JSPGymEnvironment - INFO - 
===== REWARD DETAILS FOR STEP 88 =====
Job: J167, Operation: 1, Job Completed: False
Current Time: 5063.00 -> 5102.00, Setup Time: 21.00
Processing Time: 18.00, Idle Time: 0.00
Completed Jobs: 3/300
Machine: M2, Material: Racebike_Steuerrohr_ausgerieben

REWARD COMPONENTS:
- makespan_reward: -0.1950
- setup_reward: -5.2500
- deadline_reward: 0.0000
- priority_reward: 0.0000
- critical_job_reward: 0.5000
- placement_reward: 0.0000
- timeliness_reward: -5.4653
- machine_idle_penalty: -2.8875

TOTAL REWARD: -13.2978

CUMULATIVE REWARD COMPONENTS:
- makespan_reward: -25.5100
- setup_reward: -603.2500
- deadline_reward: -2.8903
- priority_reward: 84.0000
- critical_job_reward: 34.3764
- placement_reward: 0.0000
- timeliness_reward: 262.8659
- machine_idle_penalty: -337.0000

CUMULATIVE TOTAL: -587.4080

CRITICAL STATE INFO:
- Valid actions: ['J1', 'J2', 'J3', 'J4', 'J5', 'J7', 'J8', 'J9', 'J10', 'J11', 'J12', 'J13', 'J14', 'J15', 'J16', 'J17', 'J18', 'J19', 'J20', 'J21', 'J22', 'J23', 'J24', 'J25', 'J26', 'J27', 'J28', 'J29', 'J30', 'J31', 'J32', 'J33', 'J34', 'J35', 'J36', 'J37', 'J38', 'J39', 'J40', 'J41', 'J42', 'J43', 'J44', 'J45', 'J46', 'J47', 'J48', 'J49', 'J50', 'J51', 'J52', 'J53', 'J54', 'J55', 'J56', 'J57', 'J58', 'J59', 'J60', 'J61', 'J62', 'J63', 'J64', 'J65', 'J66', 'J67', 'J68', 'J69', 'J70', 'J71', 'J72', 'J73', 'J74', 'J75', 'J76', 'J77', 'J78', 'J79', 'J80', 'J81', 'J82', 'J83', 'J85', 'J86', 'J87', 'J88', 'J89', 'J90', 'J91', 'J92', 'J93', 'J94', 'J95', 'J96', 'J97', 'J98', 'J99', 'J100', 'J101', 'J102', 'J103', 'J104', 'J105', 'J106', 'J107', 'J108', 'J109', 'J110', 'J111', 'J112', 'J113', 'J114', 'J115', 'J116', 'J117', 'J118', 'J119', 'J120', 'J121', 'J122', 'J123', 'J124', 'J125', 'J126', 'J127', 'J128', 'J129', 'J130', 'J131', 'J132', 'J133', 'J134', 'J135', 'J136', 'J137', 'J138', 'J139', 'J140', 'J141', 'J142', 'J143', 'J144', 'J145', 'J146', 'J147', 'J148', 'J149', 'J150', 'J151', 'J152', 'J153', 'J154', 'J155', 'J156', 'J157', 'J158', 'J159', 'J160', 'J161', 'J162', 'J163', 'J164', 'J165', 'J166', 'J167', 'J168', 'J169', 'J170', 'J171', 'J172', 'J173', 'J174', 'J175', 'J176', 'J177', 'J178', 'J179', 'J180', 'J181', 'J182', 'J183', 'J184', 'J185', 'J186', 'J187', 'J188', 'J189', 'J190', 'J191', 'J192', 'J193', 'J194', 'J195', 'J196', 'J197', 'J198', 'J199', 'J200', 'J201', 'J202', 'J203', 'J204', 'J205', 'J206', 'J207', 'J208', 'J209', 'J210', 'J211', 'J212', 'J213', 'J214', 'J216', 'J217', 'J218', 'J219', 'J220', 'J221', 'J222', 'J223', 'J224', 'J225', 'J226', 'J227', 'J228', 'J229', 'J230', 'J231', 'J232', 'J233', 'J234', 'J235', 'J236', 'J237', 'J238', 'J239', 'J240', 'J241', 'J242', 'J243', 'J244', 'J245', 'J246', 'J247', 'J248', 'J249', 'J250', 'J251', 'J252', 'J253', 'J254', 'J255', 'J256', 'J257', 'J258', 'J259', 'J260', 'J261', 'J262', 'J263', 'J264', 'J265', 'J266', 'J267', 'J268', 'J269', 'J270', 'J271', 'J272', 'J273', 'J274', 'J275', 'J276', 'J277', 'J278', 'J279', 'J280', 'J281', 'J282', 'J283', 'J284', 'J285', 'J286', 'J287', 'J288', 'J289', 'J290', 'J291', 'J292', 'J293', 'J294', 'J295', 'J296', 'J297', 'J298', 'J299', 'J300']
- Machine states:
  - Machine M1: Time=4940.00, Idle=162.00, Material=Mountainbike_Rahmen_nachbearbeitet
  - Machine M2: Time=5102.00, Idle=0.00, Material=Racebike_Steuerrohr_ausgerieben
  - Machine M3: Time=5033.00, Idle=69.00, Material=Mountainbike_Tretlager_gefraest
==================================================

2025-06-06 14:28:05,965 - JSPGymEnvironment - INFO - Material change on machine M2: Racebike_Steuerrohr_ausgerieben -> Citybike_Rahmen_komplettiert, setup time: 25
2025-06-06 14:28:05,965 - JSPGymEnvironment - INFO - Executed operation: Job J200, Op 0, Machine M2, Start: 5127, End: 5155, Setup: 25
2025-06-06 14:28:05,966 - JSPGymEnvironment - INFO - 
===== REWARD DETAILS FOR STEP 89 =====
Job: J200, Operation: 0, Job Completed: False
Current Time: 5102.00 -> 5155.00, Setup Time: 25.00
Processing Time: 28.00, Idle Time: 0.00
Completed Jobs: 3/300
Machine: M2, Material: Citybike_Rahmen_komplettiert

REWARD COMPONENTS:
- makespan_reward: -0.2650
- setup_reward: -6.2500
- deadline_reward: 0.0000
- priority_reward: 0.0000
- critical_job_reward: 0.0000
- placement_reward: 0.0000
- timeliness_reward: -5.4794
- machine_idle_penalty: -4.2125

TOTAL REWARD: -16.2069

CUMULATIVE REWARD COMPONENTS:
- makespan_reward: -25.7750
- setup_reward: -609.5000
- deadline_reward: -2.8903
- priority_reward: 84.0000
- critical_job_reward: 34.3764
- placement_reward: 0.0000
- timeliness_reward: 257.3865
- machine_idle_penalty: -341.2125

CUMULATIVE TOTAL: -603.6150

CRITICAL STATE INFO:
- Valid actions: ['J1', 'J2', 'J3', 'J4', 'J5', 'J7', 'J8', 'J9', 'J10', 'J11', 'J12', 'J13', 'J14', 'J15', 'J16', 'J17', 'J18', 'J19', 'J20', 'J21', 'J22', 'J23', 'J24', 'J25', 'J26', 'J27', 'J28', 'J29', 'J30', 'J31', 'J32', 'J33', 'J34', 'J35', 'J36', 'J37', 'J38', 'J39', 'J40', 'J41', 'J42', 'J43', 'J44', 'J45', 'J46', 'J47', 'J48', 'J49', 'J50', 'J51', 'J52', 'J53', 'J54', 'J55', 'J56', 'J57', 'J58', 'J59', 'J60', 'J61', 'J62', 'J63', 'J64', 'J65', 'J66', 'J67', 'J68', 'J69', 'J70', 'J71', 'J72', 'J73', 'J74', 'J75', 'J76', 'J77', 'J78', 'J79', 'J80', 'J81', 'J82', 'J83', 'J85', 'J86', 'J87', 'J88', 'J89', 'J90', 'J91', 'J92', 'J93', 'J94', 'J95', 'J96', 'J97', 'J98', 'J99', 'J100', 'J101', 'J102', 'J103', 'J104', 'J105', 'J106', 'J107', 'J108', 'J109', 'J110', 'J111', 'J112', 'J113', 'J114', 'J115', 'J116', 'J117', 'J118', 'J119', 'J120', 'J121', 'J122', 'J123', 'J124', 'J125', 'J126', 'J127', 'J128', 'J129', 'J130', 'J131', 'J132', 'J133', 'J134', 'J135', 'J136', 'J137', 'J138', 'J139', 'J140', 'J141', 'J142', 'J143', 'J144', 'J145', 'J146', 'J147', 'J148', 'J149', 'J150', 'J151', 'J152', 'J153', 'J154', 'J155', 'J156', 'J157', 'J158', 'J159', 'J160', 'J161', 'J162', 'J163', 'J164', 'J165', 'J166', 'J167', 'J168', 'J169', 'J170', 'J171', 'J172', 'J173', 'J174', 'J175', 'J176', 'J177', 'J178', 'J179', 'J180', 'J181', 'J182', 'J183', 'J184', 'J185', 'J186', 'J187', 'J188', 'J189', 'J190', 'J191', 'J192', 'J193', 'J194', 'J195', 'J196', 'J197', 'J198', 'J199', 'J200', 'J201', 'J202', 'J203', 'J204', 'J205', 'J206', 'J207', 'J208', 'J209', 'J210', 'J211', 'J212', 'J213', 'J214', 'J216', 'J217', 'J218', 'J219', 'J220', 'J221', 'J222', 'J223', 'J224', 'J225', 'J226', 'J227', 'J228', 'J229', 'J230', 'J231', 'J232', 'J233', 'J234', 'J235', 'J236', 'J237', 'J238', 'J239', 'J240', 'J241', 'J242', 'J243', 'J244', 'J245', 'J246', 'J247', 'J248', 'J249', 'J250', 'J251', 'J252', 'J253', 'J254', 'J255', 'J256', 'J257', 'J258', 'J259', 'J260', 'J261', 'J262', 'J263', 'J264', 'J265', 'J266', 'J267', 'J268', 'J269', 'J270', 'J271', 'J272', 'J273', 'J274', 'J275', 'J276', 'J277', 'J278', 'J279', 'J280', 'J281', 'J282', 'J283', 'J284', 'J285', 'J286', 'J287', 'J288', 'J289', 'J290', 'J291', 'J292', 'J293', 'J294', 'J295', 'J296', 'J297', 'J298', 'J299', 'J300']
- Machine states:
  - Machine M1: Time=4940.00, Idle=215.00, Material=Mountainbike_Rahmen_nachbearbeitet
  - Machine M2: Time=5155.00, Idle=0.00, Material=Citybike_Rahmen_komplettiert
  - Machine M3: Time=5033.00, Idle=122.00, Material=Mountainbike_Tretlager_gefraest
==================================================

2025-06-06 14:28:18,405 - JSPGymEnvironment - INFO - Material change on machine M3: Mountainbike_Tretlager_gefraest -> Racebike_Steuerrohr_montiert, setup time: 14
2025-06-06 14:28:18,405 - JSPGymEnvironment - INFO - Executed operation: Job J257, Op 0, Machine M3, Start: 5169, End: 5205, Setup: 14
2025-06-06 14:28:18,407 - JSPGymEnvironment - INFO - 
===== REWARD DETAILS FOR STEP 90 =====
Job: J257, Operation: 0, Job Completed: False
Current Time: 5155.00 -> 5205.00, Setup Time: 14.00
Processing Time: 36.00, Idle Time: 0.00
Completed Jobs: 3/300
Machine: M3, Material: Racebike_Steuerrohr_montiert

REWARD COMPONENTS:
- makespan_reward: -0.2500
- setup_reward: -3.5000
- deadline_reward: 0.0000
- priority_reward: 0.0000
- critical_job_reward: 0.0000
- placement_reward: 0.0000
- timeliness_reward: -5.4914
- machine_idle_penalty: -3.9375

TOTAL REWARD: -13.1789

CUMULATIVE REWARD COMPONENTS:
- makespan_reward: -26.0250
- setup_reward: -613.0000
- deadline_reward: -2.8903
- priority_reward: 84.0000
- critical_job_reward: 34.3764
- placement_reward: 0.0000
- timeliness_reward: 251.8950
- machine_idle_penalty: -345.1500

CUMULATIVE TOTAL: -616.7939

CRITICAL STATE INFO:
- Valid actions: ['J1', 'J2', 'J3', 'J4', 'J5', 'J7', 'J8', 'J9', 'J10', 'J11', 'J12', 'J13', 'J14', 'J15', 'J16', 'J17', 'J18', 'J19', 'J20', 'J21', 'J22', 'J23', 'J24', 'J25', 'J26', 'J27', 'J28', 'J29', 'J30', 'J31', 'J32', 'J33', 'J34', 'J35', 'J36', 'J37', 'J38', 'J39', 'J40', 'J41', 'J42', 'J43', 'J44', 'J45', 'J46', 'J47', 'J48', 'J49', 'J50', 'J51', 'J52', 'J53', 'J54', 'J55', 'J56', 'J57', 'J58', 'J59', 'J60', 'J61', 'J62', 'J63', 'J64', 'J65', 'J66', 'J67', 'J68', 'J69', 'J70', 'J71', 'J72', 'J73', 'J74', 'J75', 'J76', 'J77', 'J78', 'J79', 'J80', 'J81', 'J82', 'J83', 'J85', 'J86', 'J87', 'J88', 'J89', 'J90', 'J91', 'J92', 'J93', 'J94', 'J95', 'J96', 'J97', 'J98', 'J99', 'J100', 'J101', 'J102', 'J103', 'J104', 'J105', 'J106', 'J107', 'J108', 'J109', 'J110', 'J111', 'J112', 'J113', 'J114', 'J115', 'J116', 'J117', 'J118', 'J119', 'J120', 'J121', 'J122', 'J123', 'J124', 'J125', 'J126', 'J127', 'J128', 'J129', 'J130', 'J131', 'J132', 'J133', 'J134', 'J135', 'J136', 'J137', 'J138', 'J139', 'J140', 'J141', 'J142', 'J143', 'J144', 'J145', 'J146', 'J147', 'J148', 'J149', 'J150', 'J151', 'J152', 'J153', 'J154', 'J155', 'J156', 'J157', 'J158', 'J159', 'J160', 'J161', 'J162', 'J163', 'J164', 'J165', 'J166', 'J167', 'J168', 'J169', 'J170', 'J171', 'J172', 'J173', 'J174', 'J175', 'J176', 'J177', 'J178', 'J179', 'J180', 'J181', 'J182', 'J183', 'J184', 'J185', 'J186', 'J187', 'J188', 'J189', 'J190', 'J191', 'J192', 'J193', 'J194', 'J195', 'J196', 'J197', 'J198', 'J199', 'J200', 'J201', 'J202', 'J203', 'J204', 'J205', 'J206', 'J207', 'J208', 'J209', 'J210', 'J211', 'J212', 'J213', 'J214', 'J216', 'J217', 'J218', 'J219', 'J220', 'J221', 'J222', 'J223', 'J224', 'J225', 'J226', 'J227', 'J228', 'J229', 'J230', 'J231', 'J232', 'J233', 'J234', 'J235', 'J236', 'J237', 'J238', 'J239', 'J240', 'J241', 'J242', 'J243', 'J244', 'J245', 'J246', 'J247', 'J248', 'J249', 'J250', 'J251', 'J252', 'J253', 'J254', 'J255', 'J256', 'J257', 'J258', 'J259', 'J260', 'J261', 'J262', 'J263', 'J264', 'J265', 'J266', 'J267', 'J268', 'J269', 'J270', 'J271', 'J272', 'J273', 'J274', 'J275', 'J276', 'J277', 'J278', 'J279', 'J280', 'J281', 'J282', 'J283', 'J284', 'J285', 'J286', 'J287', 'J288', 'J289', 'J290', 'J291', 'J292', 'J293', 'J294', 'J295', 'J296', 'J297', 'J298', 'J299', 'J300']
- Machine states:
  - Machine M1: Time=4940.00, Idle=265.00, Material=Mountainbike_Rahmen_nachbearbeitet
  - Machine M2: Time=5155.00, Idle=50.00, Material=Citybike_Rahmen_komplettiert
  - Machine M3: Time=5205.00, Idle=0.00, Material=Racebike_Steuerrohr_montiert
==================================================

2025-06-06 14:28:30,075 - JSPGymEnvironment - INFO - Material change on machine M3: Racebike_Steuerrohr_montiert -> Racebike_Rahmen_nachbearbeitet, setup time: 15
2025-06-06 14:28:30,075 - JSPGymEnvironment - INFO - Executed operation: Job J236, Op 0, Machine M3, Start: 5220, End: 5250, Setup: 15
2025-06-06 14:28:30,076 - JSPGymEnvironment - INFO - 
===== REWARD DETAILS FOR STEP 91 =====
Job: J236, Operation: 0, Job Completed: False
Current Time: 5205.00 -> 5250.00, Setup Time: 15.00
Processing Time: 30.00, Idle Time: 0.00
Completed Jobs: 3/300
Machine: M3, Material: Racebike_Rahmen_nachbearbeitet

REWARD COMPONENTS:
- makespan_reward: -0.2250
- setup_reward: -3.7500
- deadline_reward: 0.0000
- priority_reward: 0.0000
- critical_job_reward: 0.5000
- placement_reward: 0.0000
- timeliness_reward: -5.5012
- machine_idle_penalty: -5.0625

TOTAL REWARD: -14.0387

CUMULATIVE REWARD COMPONENTS:
- makespan_reward: -26.2500
- setup_reward: -616.7500
- deadline_reward: -2.8903
- priority_reward: 84.0000
- critical_job_reward: 34.8764
- placement_reward: 0.0000
- timeliness_reward: 246.3938
- machine_idle_penalty: -350.2125

CUMULATIVE TOTAL: -630.8326

CRITICAL STATE INFO:
- Valid actions: ['J1', 'J2', 'J3', 'J4', 'J5', 'J7', 'J8', 'J9', 'J10', 'J11', 'J12', 'J13', 'J14', 'J15', 'J16', 'J17', 'J18', 'J19', 'J20', 'J21', 'J22', 'J23', 'J24', 'J25', 'J26', 'J27', 'J28', 'J29', 'J30', 'J31', 'J32', 'J33', 'J34', 'J35', 'J36', 'J37', 'J38', 'J39', 'J40', 'J41', 'J42', 'J43', 'J44', 'J45', 'J46', 'J47', 'J48', 'J49', 'J50', 'J51', 'J52', 'J53', 'J54', 'J55', 'J56', 'J57', 'J58', 'J59', 'J60', 'J61', 'J62', 'J63', 'J64', 'J65', 'J66', 'J67', 'J68', 'J69', 'J70', 'J71', 'J72', 'J73', 'J74', 'J75', 'J76', 'J77', 'J78', 'J79', 'J80', 'J81', 'J82', 'J83', 'J85', 'J86', 'J87', 'J88', 'J89', 'J90', 'J91', 'J92', 'J93', 'J94', 'J95', 'J96', 'J97', 'J98', 'J99', 'J100', 'J101', 'J102', 'J103', 'J104', 'J105', 'J106', 'J107', 'J108', 'J109', 'J110', 'J111', 'J112', 'J113', 'J114', 'J115', 'J116', 'J117', 'J118', 'J119', 'J120', 'J121', 'J122', 'J123', 'J124', 'J125', 'J126', 'J127', 'J128', 'J129', 'J130', 'J131', 'J132', 'J133', 'J134', 'J135', 'J136', 'J137', 'J138', 'J139', 'J140', 'J141', 'J142', 'J143', 'J144', 'J145', 'J146', 'J147', 'J148', 'J149', 'J150', 'J151', 'J152', 'J153', 'J154', 'J155', 'J156', 'J157', 'J158', 'J159', 'J160', 'J161', 'J162', 'J163', 'J164', 'J165', 'J166', 'J167', 'J168', 'J169', 'J170', 'J171', 'J172', 'J173', 'J174', 'J175', 'J176', 'J177', 'J178', 'J179', 'J180', 'J181', 'J182', 'J183', 'J184', 'J185', 'J186', 'J187', 'J188', 'J189', 'J190', 'J191', 'J192', 'J193', 'J194', 'J195', 'J196', 'J197', 'J198', 'J199', 'J200', 'J201', 'J202', 'J203', 'J204', 'J205', 'J206', 'J207', 'J208', 'J209', 'J210', 'J211', 'J212', 'J213', 'J214', 'J216', 'J217', 'J218', 'J219', 'J220', 'J221', 'J222', 'J223', 'J224', 'J225', 'J226', 'J227', 'J228', 'J229', 'J230', 'J231', 'J232', 'J233', 'J234', 'J235', 'J236', 'J237', 'J238', 'J239', 'J240', 'J241', 'J242', 'J243', 'J244', 'J245', 'J246', 'J247', 'J248', 'J249', 'J250', 'J251', 'J252', 'J253', 'J254', 'J255', 'J256', 'J257', 'J258', 'J259', 'J260', 'J261', 'J262', 'J263', 'J264', 'J265', 'J266', 'J267', 'J268', 'J269', 'J270', 'J271', 'J272', 'J273', 'J274', 'J275', 'J276', 'J277', 'J278', 'J279', 'J280', 'J281', 'J282', 'J283', 'J284', 'J285', 'J286', 'J287', 'J288', 'J289', 'J290', 'J291', 'J292', 'J293', 'J294', 'J295', 'J296', 'J297', 'J298', 'J299', 'J300']
- Machine states:
  - Machine M1: Time=4940.00, Idle=310.00, Material=Mountainbike_Rahmen_nachbearbeitet
  - Machine M2: Time=5155.00, Idle=95.00, Material=Citybike_Rahmen_komplettiert
  - Machine M3: Time=5250.00, Idle=0.00, Material=Racebike_Rahmen_nachbearbeitet
==================================================

2025-06-06 14:28:41,725 - JSPGymEnvironment - INFO - Material change on machine M3: Racebike_Rahmen_nachbearbeitet -> E-Bike_Hauptrahmen_zugeschnitten, setup time: 15
2025-06-06 14:28:41,725 - JSPGymEnvironment - INFO - Executed operation: Job J75, Op 1, Machine M3, Start: 5265, End: 5310, Setup: 15
2025-06-06 14:28:41,727 - JSPGymEnvironment - INFO - 
===== REWARD DETAILS FOR STEP 92 =====
Job: J75, Operation: 1, Job Completed: False
Current Time: 5250.00 -> 5310.00, Setup Time: 15.00
Processing Time: 45.00, Idle Time: 0.00
Completed Jobs: 3/300
Machine: M3, Material: E-Bike_Hauptrahmen_zugeschnitten

REWARD COMPONENTS:
- makespan_reward: -0.3000
- setup_reward: -3.7500
- deadline_reward: 0.0000
- priority_reward: 0.0000
- critical_job_reward: 0.5000
- placement_reward: 0.0000
- timeliness_reward: -5.5129
- machine_idle_penalty: -6.5625

TOTAL REWARD: -15.6254

CUMULATIVE REWARD COMPONENTS:
- makespan_reward: -26.5500
- setup_reward: -620.5000
- deadline_reward: -2.8903
- priority_reward: 84.0000
- critical_job_reward: 35.3764
- placement_reward: 0.0000
- timeliness_reward: 240.8809
- machine_idle_penalty: -356.7750

CUMULATIVE TOTAL: -646.4580

CRITICAL STATE INFO:
- Valid actions: ['J1', 'J2', 'J3', 'J4', 'J5', 'J7', 'J8', 'J9', 'J10', 'J11', 'J12', 'J13', 'J14', 'J15', 'J16', 'J17', 'J18', 'J19', 'J20', 'J21', 'J22', 'J23', 'J24', 'J25', 'J26', 'J27', 'J28', 'J29', 'J30', 'J31', 'J32', 'J33', 'J34', 'J35', 'J36', 'J37', 'J38', 'J39', 'J40', 'J41', 'J42', 'J43', 'J44', 'J45', 'J46', 'J47', 'J48', 'J49', 'J50', 'J51', 'J52', 'J53', 'J54', 'J55', 'J56', 'J57', 'J58', 'J59', 'J60', 'J61', 'J62', 'J63', 'J64', 'J65', 'J66', 'J67', 'J68', 'J69', 'J70', 'J71', 'J72', 'J73', 'J74', 'J75', 'J76', 'J77', 'J78', 'J79', 'J80', 'J81', 'J82', 'J83', 'J85', 'J86', 'J87', 'J88', 'J89', 'J90', 'J91', 'J92', 'J93', 'J94', 'J95', 'J96', 'J97', 'J98', 'J99', 'J100', 'J101', 'J102', 'J103', 'J104', 'J105', 'J106', 'J107', 'J108', 'J109', 'J110', 'J111', 'J112', 'J113', 'J114', 'J115', 'J116', 'J117', 'J118', 'J119', 'J120', 'J121', 'J122', 'J123', 'J124', 'J125', 'J126', 'J127', 'J128', 'J129', 'J130', 'J131', 'J132', 'J133', 'J134', 'J135', 'J136', 'J137', 'J138', 'J139', 'J140', 'J141', 'J142', 'J143', 'J144', 'J145', 'J146', 'J147', 'J148', 'J149', 'J150', 'J151', 'J152', 'J153', 'J154', 'J155', 'J156', 'J157', 'J158', 'J159', 'J160', 'J161', 'J162', 'J163', 'J164', 'J165', 'J166', 'J167', 'J168', 'J169', 'J170', 'J171', 'J172', 'J173', 'J174', 'J175', 'J176', 'J177', 'J178', 'J179', 'J180', 'J181', 'J182', 'J183', 'J184', 'J185', 'J186', 'J187', 'J188', 'J189', 'J190', 'J191', 'J192', 'J193', 'J194', 'J195', 'J196', 'J197', 'J198', 'J199', 'J200', 'J201', 'J202', 'J203', 'J204', 'J205', 'J206', 'J207', 'J208', 'J209', 'J210', 'J211', 'J212', 'J213', 'J214', 'J216', 'J217', 'J218', 'J219', 'J220', 'J221', 'J222', 'J223', 'J224', 'J225', 'J226', 'J227', 'J228', 'J229', 'J230', 'J231', 'J232', 'J233', 'J234', 'J235', 'J236', 'J237', 'J238', 'J239', 'J240', 'J241', 'J242', 'J243', 'J244', 'J245', 'J246', 'J247', 'J248', 'J249', 'J250', 'J251', 'J252', 'J253', 'J254', 'J255', 'J256', 'J257', 'J258', 'J259', 'J260', 'J261', 'J262', 'J263', 'J264', 'J265', 'J266', 'J267', 'J268', 'J269', 'J270', 'J271', 'J272', 'J273', 'J274', 'J275', 'J276', 'J277', 'J278', 'J279', 'J280', 'J281', 'J282', 'J283', 'J284', 'J285', 'J286', 'J287', 'J288', 'J289', 'J290', 'J291', 'J292', 'J293', 'J294', 'J295', 'J296', 'J297', 'J298', 'J299', 'J300']
- Machine states:
  - Machine M1: Time=4940.00, Idle=370.00, Material=Mountainbike_Rahmen_nachbearbeitet
  - Machine M2: Time=5155.00, Idle=155.00, Material=Citybike_Rahmen_komplettiert
  - Machine M3: Time=5310.00, Idle=0.00, Material=E-Bike_Hauptrahmen_zugeschnitten
==================================================

2025-06-06 14:28:54,231 - JSPGymEnvironment - INFO - Material change on machine M1: Mountainbike_Rahmen_nachbearbeitet -> Racebike_Antrieb_installiert, setup time: 48
2025-06-06 14:28:54,232 - JSPGymEnvironment - INFO - Executed operation: Job J202, Op 0, Machine M1, Start: 5358, End: 5397, Setup: 48
2025-06-06 14:28:54,233 - JSPGymEnvironment - INFO - 
===== REWARD DETAILS FOR STEP 93 =====
Job: J202, Operation: 0, Job Completed: False
Current Time: 5310.00 -> 5397.00, Setup Time: 48.00
Processing Time: 39.00, Idle Time: 0.00
Completed Jobs: 3/300
Machine: M1, Material: Racebike_Antrieb_installiert

REWARD COMPONENTS:
- makespan_reward: -0.4350
- setup_reward: -12.0000
- deadline_reward: 0.0000
- priority_reward: 0.0000
- critical_job_reward: 0.5000
- placement_reward: 0.0000
- timeliness_reward: -5.5274
- machine_idle_penalty: -4.1125

TOTAL REWARD: -21.5749

CUMULATIVE REWARD COMPONENTS:
- makespan_reward: -26.9850
- setup_reward: -632.5000
- deadline_reward: -2.8903
- priority_reward: 84.0000
- critical_job_reward: 35.8764
- placement_reward: 0.0000
- timeliness_reward: 235.3535
- machine_idle_penalty: -360.8875

CUMULATIVE TOTAL: -668.0330

CRITICAL STATE INFO:
- Valid actions: ['J1', 'J2', 'J3', 'J4', 'J5', 'J7', 'J8', 'J9', 'J10', 'J11', 'J12', 'J13', 'J14', 'J15', 'J16', 'J17', 'J18', 'J19', 'J20', 'J21', 'J22', 'J23', 'J24', 'J25', 'J26', 'J27', 'J28', 'J29', 'J30', 'J31', 'J32', 'J33', 'J34', 'J35', 'J36', 'J37', 'J38', 'J39', 'J40', 'J41', 'J42', 'J43', 'J44', 'J45', 'J46', 'J47', 'J48', 'J49', 'J50', 'J51', 'J52', 'J53', 'J54', 'J55', 'J56', 'J57', 'J58', 'J59', 'J60', 'J61', 'J62', 'J63', 'J64', 'J65', 'J66', 'J67', 'J68', 'J69', 'J70', 'J71', 'J72', 'J73', 'J74', 'J75', 'J76', 'J77', 'J78', 'J79', 'J80', 'J81', 'J82', 'J83', 'J85', 'J86', 'J87', 'J88', 'J89', 'J90', 'J91', 'J92', 'J93', 'J94', 'J95', 'J96', 'J97', 'J98', 'J99', 'J100', 'J101', 'J102', 'J103', 'J104', 'J105', 'J106', 'J107', 'J108', 'J109', 'J110', 'J111', 'J112', 'J113', 'J114', 'J115', 'J116', 'J117', 'J118', 'J119', 'J120', 'J121', 'J122', 'J123', 'J124', 'J125', 'J126', 'J127', 'J128', 'J129', 'J130', 'J131', 'J132', 'J133', 'J134', 'J135', 'J136', 'J137', 'J138', 'J139', 'J140', 'J141', 'J142', 'J143', 'J144', 'J145', 'J146', 'J147', 'J148', 'J149', 'J150', 'J151', 'J152', 'J153', 'J154', 'J155', 'J156', 'J157', 'J158', 'J159', 'J160', 'J161', 'J162', 'J163', 'J164', 'J165', 'J166', 'J167', 'J168', 'J169', 'J170', 'J171', 'J172', 'J173', 'J174', 'J175', 'J176', 'J177', 'J178', 'J179', 'J180', 'J181', 'J182', 'J183', 'J184', 'J185', 'J186', 'J187', 'J188', 'J189', 'J190', 'J191', 'J192', 'J193', 'J194', 'J195', 'J196', 'J197', 'J198', 'J199', 'J200', 'J201', 'J202', 'J203', 'J204', 'J205', 'J206', 'J207', 'J208', 'J209', 'J210', 'J211', 'J212', 'J213', 'J214', 'J216', 'J217', 'J218', 'J219', 'J220', 'J221', 'J222', 'J223', 'J224', 'J225', 'J226', 'J227', 'J228', 'J229', 'J230', 'J231', 'J232', 'J233', 'J234', 'J235', 'J236', 'J237', 'J238', 'J239', 'J240', 'J241', 'J242', 'J243', 'J244', 'J245', 'J246', 'J247', 'J248', 'J249', 'J250', 'J251', 'J252', 'J253', 'J254', 'J255', 'J256', 'J257', 'J258', 'J259', 'J260', 'J261', 'J262', 'J263', 'J264', 'J265', 'J266', 'J267', 'J268', 'J269', 'J270', 'J271', 'J272', 'J273', 'J274', 'J275', 'J276', 'J277', 'J278', 'J279', 'J280', 'J281', 'J282', 'J283', 'J284', 'J285', 'J286', 'J287', 'J288', 'J289', 'J290', 'J291', 'J292', 'J293', 'J294', 'J295', 'J296', 'J297', 'J298', 'J299', 'J300']
- Machine states:
  - Machine M1: Time=5397.00, Idle=0.00, Material=Racebike_Antrieb_installiert
  - Machine M2: Time=5155.00, Idle=242.00, Material=Citybike_Rahmen_komplettiert
  - Machine M3: Time=5310.00, Idle=87.00, Material=E-Bike_Hauptrahmen_zugeschnitten
==================================================

2025-06-06 14:29:05,874 - JSPGymEnvironment - INFO - Material change on machine M3: E-Bike_Hauptrahmen_zugeschnitten -> Racebike_Fahrrad_endmontiert, setup time: 19
2025-06-06 14:29:05,874 - JSPGymEnvironment - INFO - Executed operation: Job J107, Op 5, Machine M3, Start: 5416, End: 5459, Setup: 19
2025-06-06 14:29:05,874 - JSPGymEnvironment - INFO - Job J107 completed at time 5459, deadline: 2833, met: False, priority: 10
2025-06-06 14:29:05,875 - JSPGymEnvironment - INFO - 
===== REWARD DETAILS FOR STEP 94 =====
Job: J107, Operation: 5, Job Completed: True
Current Time: 5397.00 -> 5459.00, Setup Time: 19.00
Processing Time: 43.00, Idle Time: 0.00
Completed Jobs: 4/300
Machine: M3, Material: Racebike_Fahrrad_endmontiert
Job Deadline: 2833.00 (Missed), Priority: 10

REWARD COMPONENTS:
- makespan_reward: -0.3100
- setup_reward: -4.7500
- deadline_reward: -2.3173
- priority_reward: 40.0000
- critical_job_reward: 1.3768
- placement_reward: 0.0000
- timeliness_reward: -5.5363
- machine_idle_penalty: -4.5750

TOTAL REWARD: 23.8882

CUMULATIVE REWARD COMPONENTS:
- makespan_reward: -27.2950
- setup_reward: -637.2500
- deadline_reward: -5.2077
- priority_reward: 124.0000
- critical_job_reward: 37.2532
- placement_reward: 0.0000
- timeliness_reward: 229.8172
- machine_idle_penalty: -365.4625

CUMULATIVE TOTAL: -644.1448

CRITICAL STATE INFO:
- Valid actions: ['J1', 'J2', 'J3', 'J4', 'J5', 'J7', 'J8', 'J9', 'J10', 'J11', 'J12', 'J13', 'J14', 'J15', 'J16', 'J17', 'J18', 'J19', 'J20', 'J21', 'J22', 'J23', 'J24', 'J25', 'J26', 'J27', 'J28', 'J29', 'J30', 'J31', 'J32', 'J33', 'J34', 'J35', 'J36', 'J37', 'J38', 'J39', 'J40', 'J41', 'J42', 'J43', 'J44', 'J45', 'J46', 'J47', 'J48', 'J49', 'J50', 'J51', 'J52', 'J53', 'J54', 'J55', 'J56', 'J57', 'J58', 'J59', 'J60', 'J61', 'J62', 'J63', 'J64', 'J65', 'J66', 'J67', 'J68', 'J69', 'J70', 'J71', 'J72', 'J73', 'J74', 'J75', 'J76', 'J77', 'J78', 'J79', 'J80', 'J81', 'J82', 'J83', 'J85', 'J86', 'J87', 'J88', 'J89', 'J90', 'J91', 'J92', 'J93', 'J94', 'J95', 'J96', 'J97', 'J98', 'J99', 'J100', 'J101', 'J102', 'J103', 'J104', 'J105', 'J106', 'J108', 'J109', 'J110', 'J111', 'J112', 'J113', 'J114', 'J115', 'J116', 'J117', 'J118', 'J119', 'J120', 'J121', 'J122', 'J123', 'J124', 'J125', 'J126', 'J127', 'J128', 'J129', 'J130', 'J131', 'J132', 'J133', 'J134', 'J135', 'J136', 'J137', 'J138', 'J139', 'J140', 'J141', 'J142', 'J143', 'J144', 'J145', 'J146', 'J147', 'J148', 'J149', 'J150', 'J151', 'J152', 'J153', 'J154', 'J155', 'J156', 'J157', 'J158', 'J159', 'J160', 'J161', 'J162', 'J163', 'J164', 'J165', 'J166', 'J167', 'J168', 'J169', 'J170', 'J171', 'J172', 'J173', 'J174', 'J175', 'J176', 'J177', 'J178', 'J179', 'J180', 'J181', 'J182', 'J183', 'J184', 'J185', 'J186', 'J187', 'J188', 'J189', 'J190', 'J191', 'J192', 'J193', 'J194', 'J195', 'J196', 'J197', 'J198', 'J199', 'J200', 'J201', 'J202', 'J203', 'J204', 'J205', 'J206', 'J207', 'J208', 'J209', 'J210', 'J211', 'J212', 'J213', 'J214', 'J216', 'J217', 'J218', 'J219', 'J220', 'J221', 'J222', 'J223', 'J224', 'J225', 'J226', 'J227', 'J228', 'J229', 'J230', 'J231', 'J232', 'J233', 'J234', 'J235', 'J236', 'J237', 'J238', 'J239', 'J240', 'J241', 'J242', 'J243', 'J244', 'J245', 'J246', 'J247', 'J248', 'J249', 'J250', 'J251', 'J252', 'J253', 'J254', 'J255', 'J256', 'J257', 'J258', 'J259', 'J260', 'J261', 'J262', 'J263', 'J264', 'J265', 'J266', 'J267', 'J268', 'J269', 'J270', 'J271', 'J272', 'J273', 'J274', 'J275', 'J276', 'J277', 'J278', 'J279', 'J280', 'J281', 'J282', 'J283', 'J284', 'J285', 'J286', 'J287', 'J288', 'J289', 'J290', 'J291', 'J292', 'J293', 'J294', 'J295', 'J296', 'J297', 'J298', 'J299', 'J300']
- Machine states:
  - Machine M1: Time=5397.00, Idle=62.00, Material=Racebike_Antrieb_installiert
  - Machine M2: Time=5155.00, Idle=304.00, Material=Citybike_Rahmen_komplettiert
  - Machine M3: Time=5459.00, Idle=0.00, Material=Racebike_Fahrrad_endmontiert
==================================================

2025-06-06 14:29:05,875 - JSPGymEnvironment - INFO - Retro-Bonus für Job J107: -5.0
2025-06-06 14:29:17,466 - JSPGymEnvironment - INFO - Material change on machine M3: Racebike_Fahrrad_endmontiert -> Racebike_Laufraeder_montiert, setup time: 15
2025-06-06 14:29:17,466 - JSPGymEnvironment - INFO - Executed operation: Job J83, Op 1, Machine M3, Start: 5474, End: 5529, Setup: 15
2025-06-06 14:29:17,467 - JSPGymEnvironment - INFO - 
===== REWARD DETAILS FOR STEP 95 =====
Job: J83, Operation: 1, Job Completed: False
Current Time: 5459.00 -> 5529.00, Setup Time: 15.00
Processing Time: 55.00, Idle Time: 0.00
Completed Jobs: 4/300
Machine: M3, Material: Racebike_Laufraeder_montiert

REWARD COMPONENTS:
- makespan_reward: -0.3500
- setup_reward: -3.7500
- deadline_reward: 0.0000
- priority_reward: 0.0000
- critical_job_reward: 0.0000
- placement_reward: 0.0000
- timeliness_reward: -5.5450
- machine_idle_penalty: -6.3250

TOTAL REWARD: -15.9700

CUMULATIVE REWARD COMPONENTS:
- makespan_reward: -27.6450
- setup_reward: -641.0000
- deadline_reward: -5.2077
- priority_reward: 124.0000
- critical_job_reward: 37.2532
- placement_reward: 0.0000
- timeliness_reward: 224.2722
- machine_idle_penalty: -371.7875

CUMULATIVE TOTAL: -660.1148

CRITICAL STATE INFO:
- Valid actions: ['J1', 'J2', 'J3', 'J4', 'J5', 'J7', 'J8', 'J9', 'J10', 'J11', 'J12', 'J13', 'J14', 'J15', 'J16', 'J17', 'J18', 'J19', 'J20', 'J21', 'J22', 'J23', 'J24', 'J25', 'J26', 'J27', 'J28', 'J29', 'J30', 'J31', 'J32', 'J33', 'J34', 'J35', 'J36', 'J37', 'J38', 'J39', 'J40', 'J41', 'J42', 'J43', 'J44', 'J45', 'J46', 'J47', 'J48', 'J49', 'J50', 'J51', 'J52', 'J53', 'J54', 'J55', 'J56', 'J57', 'J58', 'J59', 'J60', 'J61', 'J62', 'J63', 'J64', 'J65', 'J66', 'J67', 'J68', 'J69', 'J70', 'J71', 'J72', 'J73', 'J74', 'J75', 'J76', 'J77', 'J78', 'J79', 'J80', 'J81', 'J82', 'J83', 'J85', 'J86', 'J87', 'J88', 'J89', 'J90', 'J91', 'J92', 'J93', 'J94', 'J95', 'J96', 'J97', 'J98', 'J99', 'J100', 'J101', 'J102', 'J103', 'J104', 'J105', 'J106', 'J108', 'J109', 'J110', 'J111', 'J112', 'J113', 'J114', 'J115', 'J116', 'J117', 'J118', 'J119', 'J120', 'J121', 'J122', 'J123', 'J124', 'J125', 'J126', 'J127', 'J128', 'J129', 'J130', 'J131', 'J132', 'J133', 'J134', 'J135', 'J136', 'J137', 'J138', 'J139', 'J140', 'J141', 'J142', 'J143', 'J144', 'J145', 'J146', 'J147', 'J148', 'J149', 'J150', 'J151', 'J152', 'J153', 'J154', 'J155', 'J156', 'J157', 'J158', 'J159', 'J160', 'J161', 'J162', 'J163', 'J164', 'J165', 'J166', 'J167', 'J168', 'J169', 'J170', 'J171', 'J172', 'J173', 'J174', 'J175', 'J176', 'J177', 'J178', 'J179', 'J180', 'J181', 'J182', 'J183', 'J184', 'J185', 'J186', 'J187', 'J188', 'J189', 'J190', 'J191', 'J192', 'J193', 'J194', 'J195', 'J196', 'J197', 'J198', 'J199', 'J200', 'J201', 'J202', 'J203', 'J204', 'J205', 'J206', 'J207', 'J208', 'J209', 'J210', 'J211', 'J212', 'J213', 'J214', 'J216', 'J217', 'J218', 'J219', 'J220', 'J221', 'J222', 'J223', 'J224', 'J225', 'J226', 'J227', 'J228', 'J229', 'J230', 'J231', 'J232', 'J233', 'J234', 'J235', 'J236', 'J237', 'J238', 'J239', 'J240', 'J241', 'J242', 'J243', 'J244', 'J245', 'J246', 'J247', 'J248', 'J249', 'J250', 'J251', 'J252', 'J253', 'J254', 'J255', 'J256', 'J257', 'J258', 'J259', 'J260', 'J261', 'J262', 'J263', 'J264', 'J265', 'J266', 'J267', 'J268', 'J269', 'J270', 'J271', 'J272', 'J273', 'J274', 'J275', 'J276', 'J277', 'J278', 'J279', 'J280', 'J281', 'J282', 'J283', 'J284', 'J285', 'J286', 'J287', 'J288', 'J289', 'J290', 'J291', 'J292', 'J293', 'J294', 'J295', 'J296', 'J297', 'J298', 'J299', 'J300']
- Machine states:
  - Machine M1: Time=5397.00, Idle=132.00, Material=Racebike_Antrieb_installiert
  - Machine M2: Time=5155.00, Idle=374.00, Material=Citybike_Rahmen_komplettiert
  - Machine M3: Time=5529.00, Idle=0.00, Material=Racebike_Laufraeder_montiert
==================================================

2025-06-06 14:29:29,811 - JSPGymEnvironment - INFO - Material change on machine M2: Citybike_Rahmen_komplettiert -> E-Bike_Fahrrad_endmontiert, setup time: 25
2025-06-06 14:29:29,811 - JSPGymEnvironment - INFO - Executed operation: Job J181, Op 2, Machine M2, Start: 5554, End: 5571, Setup: 25
2025-06-06 14:29:29,812 - JSPGymEnvironment - INFO - 
===== REWARD DETAILS FOR STEP 96 =====
Job: J181, Operation: 2, Job Completed: False
Current Time: 5529.00 -> 5571.00, Setup Time: 25.00
Processing Time: 17.00, Idle Time: 0.00
Completed Jobs: 4/300
Machine: M2, Material: E-Bike_Fahrrad_endmontiert

REWARD COMPONENTS:
- makespan_reward: -0.2100
- setup_reward: -6.2500
- deadline_reward: 0.0000
- priority_reward: 0.0000
- critical_job_reward: 0.5000
- placement_reward: 0.0000
- timeliness_reward: -5.5497
- machine_idle_penalty: -2.7000

TOTAL REWARD: -14.2097

CUMULATIVE REWARD COMPONENTS:
- makespan_reward: -27.8550
- setup_reward: -647.2500
- deadline_reward: -5.2077
- priority_reward: 124.0000
- critical_job_reward: 37.7532
- placement_reward: 0.0000
- timeliness_reward: 218.7225
- machine_idle_penalty: -374.4875

CUMULATIVE TOTAL: -674.3245

CRITICAL STATE INFO:
- Valid actions: ['J1', 'J2', 'J3', 'J4', 'J5', 'J7', 'J8', 'J9', 'J10', 'J11', 'J12', 'J13', 'J14', 'J15', 'J16', 'J17', 'J18', 'J19', 'J20', 'J21', 'J22', 'J23', 'J24', 'J25', 'J26', 'J27', 'J28', 'J29', 'J30', 'J31', 'J32', 'J33', 'J34', 'J35', 'J36', 'J37', 'J38', 'J39', 'J40', 'J41', 'J42', 'J43', 'J44', 'J45', 'J46', 'J47', 'J48', 'J49', 'J50', 'J51', 'J52', 'J53', 'J54', 'J55', 'J56', 'J57', 'J58', 'J59', 'J60', 'J61', 'J62', 'J63', 'J64', 'J65', 'J66', 'J67', 'J68', 'J69', 'J70', 'J71', 'J72', 'J73', 'J74', 'J75', 'J76', 'J77', 'J78', 'J79', 'J80', 'J81', 'J82', 'J83', 'J85', 'J86', 'J87', 'J88', 'J89', 'J90', 'J91', 'J92', 'J93', 'J94', 'J95', 'J96', 'J97', 'J98', 'J99', 'J100', 'J101', 'J102', 'J103', 'J104', 'J105', 'J106', 'J108', 'J109', 'J110', 'J111', 'J112', 'J113', 'J114', 'J115', 'J116', 'J117', 'J118', 'J119', 'J120', 'J121', 'J122', 'J123', 'J124', 'J125', 'J126', 'J127', 'J128', 'J129', 'J130', 'J131', 'J132', 'J133', 'J134', 'J135', 'J136', 'J137', 'J138', 'J139', 'J140', 'J141', 'J142', 'J143', 'J144', 'J145', 'J146', 'J147', 'J148', 'J149', 'J150', 'J151', 'J152', 'J153', 'J154', 'J155', 'J156', 'J157', 'J158', 'J159', 'J160', 'J161', 'J162', 'J163', 'J164', 'J165', 'J166', 'J167', 'J168', 'J169', 'J170', 'J171', 'J172', 'J173', 'J174', 'J175', 'J176', 'J177', 'J178', 'J179', 'J180', 'J181', 'J182', 'J183', 'J184', 'J185', 'J186', 'J187', 'J188', 'J189', 'J190', 'J191', 'J192', 'J193', 'J194', 'J195', 'J196', 'J197', 'J198', 'J199', 'J200', 'J201', 'J202', 'J203', 'J204', 'J205', 'J206', 'J207', 'J208', 'J209', 'J210', 'J211', 'J212', 'J213', 'J214', 'J216', 'J217', 'J218', 'J219', 'J220', 'J221', 'J222', 'J223', 'J224', 'J225', 'J226', 'J227', 'J228', 'J229', 'J230', 'J231', 'J232', 'J233', 'J234', 'J235', 'J236', 'J237', 'J238', 'J239', 'J240', 'J241', 'J242', 'J243', 'J244', 'J245', 'J246', 'J247', 'J248', 'J249', 'J250', 'J251', 'J252', 'J253', 'J254', 'J255', 'J256', 'J257', 'J258', 'J259', 'J260', 'J261', 'J262', 'J263', 'J264', 'J265', 'J266', 'J267', 'J268', 'J269', 'J270', 'J271', 'J272', 'J273', 'J274', 'J275', 'J276', 'J277', 'J278', 'J279', 'J280', 'J281', 'J282', 'J283', 'J284', 'J285', 'J286', 'J287', 'J288', 'J289', 'J290', 'J291', 'J292', 'J293', 'J294', 'J295', 'J296', 'J297', 'J298', 'J299', 'J300']
- Machine states:
  - Machine M1: Time=5397.00, Idle=174.00, Material=Racebike_Antrieb_installiert
  - Machine M2: Time=5571.00, Idle=0.00, Material=E-Bike_Fahrrad_endmontiert
  - Machine M3: Time=5529.00, Idle=42.00, Material=Racebike_Laufraeder_montiert
==================================================

2025-06-06 14:29:41,479 - JSPGymEnvironment - INFO - Material change on machine M1: Racebike_Antrieb_installiert -> Mountainbike_Rahmen_lackiert, setup time: 46
2025-06-06 14:29:41,480 - JSPGymEnvironment - INFO - Executed operation: Job J80, Op 2, Machine M1, Start: 5617, End: 5658, Setup: 46
2025-06-06 14:29:41,481 - JSPGymEnvironment - INFO - 
===== REWARD DETAILS FOR STEP 97 =====
Job: J80, Operation: 2, Job Completed: False
Current Time: 5571.00 -> 5658.00, Setup Time: 46.00
Processing Time: 41.00, Idle Time: 0.00
Completed Jobs: 4/300
Machine: M1, Material: Mountainbike_Rahmen_lackiert

REWARD COMPONENTS:
- makespan_reward: -0.4350
- setup_reward: -11.5000
- deadline_reward: 0.0000
- priority_reward: 0.0000
- critical_job_reward: 0.0000
- placement_reward: 0.0000
- timeliness_reward: -5.5581
- machine_idle_penalty: -2.7000

TOTAL REWARD: -20.1931

CUMULATIVE REWARD COMPONENTS:
- makespan_reward: -28.2900
- setup_reward: -658.7500
- deadline_reward: -5.2077
- priority_reward: 124.0000
- critical_job_reward: 37.7532
- placement_reward: 0.0000
- timeliness_reward: 213.1644
- machine_idle_penalty: -377.1875

CUMULATIVE TOTAL: -694.5176

CRITICAL STATE INFO:
- Valid actions: ['J1', 'J2', 'J3', 'J4', 'J5', 'J7', 'J8', 'J9', 'J10', 'J11', 'J12', 'J13', 'J14', 'J15', 'J16', 'J17', 'J18', 'J19', 'J20', 'J21', 'J22', 'J23', 'J24', 'J25', 'J26', 'J27', 'J28', 'J29', 'J30', 'J31', 'J32', 'J33', 'J34', 'J35', 'J36', 'J37', 'J38', 'J39', 'J40', 'J41', 'J42', 'J43', 'J44', 'J45', 'J46', 'J47', 'J48', 'J49', 'J50', 'J51', 'J52', 'J53', 'J54', 'J55', 'J56', 'J57', 'J58', 'J59', 'J60', 'J61', 'J62', 'J63', 'J64', 'J65', 'J66', 'J67', 'J68', 'J69', 'J70', 'J71', 'J72', 'J73', 'J74', 'J75', 'J76', 'J77', 'J78', 'J79', 'J80', 'J81', 'J82', 'J83', 'J85', 'J86', 'J87', 'J88', 'J89', 'J90', 'J91', 'J92', 'J93', 'J94', 'J95', 'J96', 'J97', 'J98', 'J99', 'J100', 'J101', 'J102', 'J103', 'J104', 'J105', 'J106', 'J108', 'J109', 'J110', 'J111', 'J112', 'J113', 'J114', 'J115', 'J116', 'J117', 'J118', 'J119', 'J120', 'J121', 'J122', 'J123', 'J124', 'J125', 'J126', 'J127', 'J128', 'J129', 'J130', 'J131', 'J132', 'J133', 'J134', 'J135', 'J136', 'J137', 'J138', 'J139', 'J140', 'J141', 'J142', 'J143', 'J144', 'J145', 'J146', 'J147', 'J148', 'J149', 'J150', 'J151', 'J152', 'J153', 'J154', 'J155', 'J156', 'J157', 'J158', 'J159', 'J160', 'J161', 'J162', 'J163', 'J164', 'J165', 'J166', 'J167', 'J168', 'J169', 'J170', 'J171', 'J172', 'J173', 'J174', 'J175', 'J176', 'J177', 'J178', 'J179', 'J180', 'J181', 'J182', 'J183', 'J184', 'J185', 'J186', 'J187', 'J188', 'J189', 'J190', 'J191', 'J192', 'J193', 'J194', 'J195', 'J196', 'J197', 'J198', 'J199', 'J200', 'J201', 'J202', 'J203', 'J204', 'J205', 'J206', 'J207', 'J208', 'J209', 'J210', 'J211', 'J212', 'J213', 'J214', 'J216', 'J217', 'J218', 'J219', 'J220', 'J221', 'J222', 'J223', 'J224', 'J225', 'J226', 'J227', 'J228', 'J229', 'J230', 'J231', 'J232', 'J233', 'J234', 'J235', 'J236', 'J237', 'J238', 'J239', 'J240', 'J241', 'J242', 'J243', 'J244', 'J245', 'J246', 'J247', 'J248', 'J249', 'J250', 'J251', 'J252', 'J253', 'J254', 'J255', 'J256', 'J257', 'J258', 'J259', 'J260', 'J261', 'J262', 'J263', 'J264', 'J265', 'J266', 'J267', 'J268', 'J269', 'J270', 'J271', 'J272', 'J273', 'J274', 'J275', 'J276', 'J277', 'J278', 'J279', 'J280', 'J281', 'J282', 'J283', 'J284', 'J285', 'J286', 'J287', 'J288', 'J289', 'J290', 'J291', 'J292', 'J293', 'J294', 'J295', 'J296', 'J297', 'J298', 'J299', 'J300']
- Machine states:
  - Machine M1: Time=5658.00, Idle=0.00, Material=Mountainbike_Rahmen_lackiert
  - Machine M2: Time=5571.00, Idle=87.00, Material=E-Bike_Fahrrad_endmontiert
  - Machine M3: Time=5529.00, Idle=129.00, Material=Racebike_Laufraeder_montiert
==================================================

2025-06-06 14:29:53,180 - JSPGymEnvironment - INFO - Material change on machine M2: E-Bike_Fahrrad_endmontiert -> Mountainbike_Tretlager_gefraest, setup time: 29
2025-06-06 14:29:53,180 - JSPGymEnvironment - INFO - Executed operation: Job J34, Op 2, Machine M2, Start: 5687, End: 5702, Setup: 29
2025-06-06 14:29:53,181 - JSPGymEnvironment - INFO - 
===== REWARD DETAILS FOR STEP 98 =====
Job: J34, Operation: 2, Job Completed: False
Current Time: 5658.00 -> 5702.00, Setup Time: 29.00
Processing Time: 15.00, Idle Time: 0.00
Completed Jobs: 4/300
Machine: M2, Material: Mountainbike_Tretlager_gefraest

REWARD COMPONENTS:
- makespan_reward: -0.2200
- setup_reward: -7.2500
- deadline_reward: 0.0000
- priority_reward: 0.0000
- critical_job_reward: 0.0000
- placement_reward: 0.0000
- timeliness_reward: -5.5618
- machine_idle_penalty: -2.7125

TOTAL REWARD: -15.7443

CUMULATIVE REWARD COMPONENTS:
- makespan_reward: -28.5100
- setup_reward: -666.0000
- deadline_reward: -5.2077
- priority_reward: 124.0000
- critical_job_reward: 37.7532
- placement_reward: 0.0000
- timeliness_reward: 207.6026
- machine_idle_penalty: -379.9000

CUMULATIVE TOTAL: -710.2618

CRITICAL STATE INFO:
- Valid actions: ['J1', 'J2', 'J3', 'J4', 'J5', 'J7', 'J8', 'J9', 'J10', 'J11', 'J12', 'J13', 'J14', 'J15', 'J16', 'J17', 'J18', 'J19', 'J20', 'J21', 'J22', 'J23', 'J24', 'J25', 'J26', 'J27', 'J28', 'J29', 'J30', 'J31', 'J32', 'J33', 'J34', 'J35', 'J36', 'J37', 'J38', 'J39', 'J40', 'J41', 'J42', 'J43', 'J44', 'J45', 'J46', 'J47', 'J48', 'J49', 'J50', 'J51', 'J52', 'J53', 'J54', 'J55', 'J56', 'J57', 'J58', 'J59', 'J60', 'J61', 'J62', 'J63', 'J64', 'J65', 'J66', 'J67', 'J68', 'J69', 'J70', 'J71', 'J72', 'J73', 'J74', 'J75', 'J76', 'J77', 'J78', 'J79', 'J80', 'J81', 'J82', 'J83', 'J85', 'J86', 'J87', 'J88', 'J89', 'J90', 'J91', 'J92', 'J93', 'J94', 'J95', 'J96', 'J97', 'J98', 'J99', 'J100', 'J101', 'J102', 'J103', 'J104', 'J105', 'J106', 'J108', 'J109', 'J110', 'J111', 'J112', 'J113', 'J114', 'J115', 'J116', 'J117', 'J118', 'J119', 'J120', 'J121', 'J122', 'J123', 'J124', 'J125', 'J126', 'J127', 'J128', 'J129', 'J130', 'J131', 'J132', 'J133', 'J134', 'J135', 'J136', 'J137', 'J138', 'J139', 'J140', 'J141', 'J142', 'J143', 'J144', 'J145', 'J146', 'J147', 'J148', 'J149', 'J150', 'J151', 'J152', 'J153', 'J154', 'J155', 'J156', 'J157', 'J158', 'J159', 'J160', 'J161', 'J162', 'J163', 'J164', 'J165', 'J166', 'J167', 'J168', 'J169', 'J170', 'J171', 'J172', 'J173', 'J174', 'J175', 'J176', 'J177', 'J178', 'J179', 'J180', 'J181', 'J182', 'J183', 'J184', 'J185', 'J186', 'J187', 'J188', 'J189', 'J190', 'J191', 'J192', 'J193', 'J194', 'J195', 'J196', 'J197', 'J198', 'J199', 'J200', 'J201', 'J202', 'J203', 'J204', 'J205', 'J206', 'J207', 'J208', 'J209', 'J210', 'J211', 'J212', 'J213', 'J214', 'J216', 'J217', 'J218', 'J219', 'J220', 'J221', 'J222', 'J223', 'J224', 'J225', 'J226', 'J227', 'J228', 'J229', 'J230', 'J231', 'J232', 'J233', 'J234', 'J235', 'J236', 'J237', 'J238', 'J239', 'J240', 'J241', 'J242', 'J243', 'J244', 'J245', 'J246', 'J247', 'J248', 'J249', 'J250', 'J251', 'J252', 'J253', 'J254', 'J255', 'J256', 'J257', 'J258', 'J259', 'J260', 'J261', 'J262', 'J263', 'J264', 'J265', 'J266', 'J267', 'J268', 'J269', 'J270', 'J271', 'J272', 'J273', 'J274', 'J275', 'J276', 'J277', 'J278', 'J279', 'J280', 'J281', 'J282', 'J283', 'J284', 'J285', 'J286', 'J287', 'J288', 'J289', 'J290', 'J291', 'J292', 'J293', 'J294', 'J295', 'J296', 'J297', 'J298', 'J299', 'J300']
- Machine states:
  - Machine M1: Time=5658.00, Idle=44.00, Material=Mountainbike_Rahmen_lackiert
  - Machine M2: Time=5702.00, Idle=0.00, Material=Mountainbike_Tretlager_gefraest
  - Machine M3: Time=5529.00, Idle=173.00, Material=Racebike_Laufraeder_montiert
==================================================

2025-06-06 14:30:05,572 - JSPGymEnvironment - INFO - Material change on machine M3: Racebike_Laufraeder_montiert -> Mountainbike_Bremsen_justiert, setup time: 13
2025-06-06 14:30:05,572 - JSPGymEnvironment - INFO - Executed operation: Job J103, Op 0, Machine M3, Start: 5715, End: 5762, Setup: 13
2025-06-06 14:30:05,573 - JSPGymEnvironment - INFO - 
===== REWARD DETAILS FOR STEP 99 =====
Job: J103, Operation: 0, Job Completed: False
Current Time: 5702.00 -> 5762.00, Setup Time: 13.00
Processing Time: 47.00, Idle Time: 0.00
Completed Jobs: 4/300
Machine: M3, Material: Mountainbike_Bremsen_justiert

REWARD COMPONENTS:
- makespan_reward: -0.3000
- setup_reward: -3.2500
- deadline_reward: 0.0000
- priority_reward: 0.0000
- critical_job_reward: 0.0000
- placement_reward: 0.0000
- timeliness_reward: -5.5663
- machine_idle_penalty: -2.0500

TOTAL REWARD: -11.1663

CUMULATIVE REWARD COMPONENTS:
- makespan_reward: -28.8100
- setup_reward: -669.2500
- deadline_reward: -5.2077
- priority_reward: 124.0000
- critical_job_reward: 37.7532
- placement_reward: 0.0000
- timeliness_reward: 202.0363
- machine_idle_penalty: -381.9500

CUMULATIVE TOTAL: -721.4282

CRITICAL STATE INFO:
- Valid actions: ['J1', 'J2', 'J3', 'J4', 'J5', 'J7', 'J8', 'J9', 'J10', 'J11', 'J12', 'J13', 'J14', 'J15', 'J16', 'J17', 'J18', 'J19', 'J20', 'J21', 'J22', 'J23', 'J24', 'J25', 'J26', 'J27', 'J28', 'J29', 'J30', 'J31', 'J32', 'J33', 'J34', 'J35', 'J36', 'J37', 'J38', 'J39', 'J40', 'J41', 'J42', 'J43', 'J44', 'J45', 'J46', 'J47', 'J48', 'J49', 'J50', 'J51', 'J52', 'J53', 'J54', 'J55', 'J56', 'J57', 'J58', 'J59', 'J60', 'J61', 'J62', 'J63', 'J64', 'J65', 'J66', 'J67', 'J68', 'J69', 'J70', 'J71', 'J72', 'J73', 'J74', 'J75', 'J76', 'J77', 'J78', 'J79', 'J80', 'J81', 'J82', 'J83', 'J85', 'J86', 'J87', 'J88', 'J89', 'J90', 'J91', 'J92', 'J93', 'J94', 'J95', 'J96', 'J97', 'J98', 'J99', 'J100', 'J101', 'J102', 'J103', 'J104', 'J105', 'J106', 'J108', 'J109', 'J110', 'J111', 'J112', 'J113', 'J114', 'J115', 'J116', 'J117', 'J118', 'J119', 'J120', 'J121', 'J122', 'J123', 'J124', 'J125', 'J126', 'J127', 'J128', 'J129', 'J130', 'J131', 'J132', 'J133', 'J134', 'J135', 'J136', 'J137', 'J138', 'J139', 'J140', 'J141', 'J142', 'J143', 'J144', 'J145', 'J146', 'J147', 'J148', 'J149', 'J150', 'J151', 'J152', 'J153', 'J154', 'J155', 'J156', 'J157', 'J158', 'J159', 'J160', 'J161', 'J162', 'J163', 'J164', 'J165', 'J166', 'J167', 'J168', 'J169', 'J170', 'J171', 'J172', 'J173', 'J174', 'J175', 'J176', 'J177', 'J178', 'J179', 'J180', 'J181', 'J182', 'J183', 'J184', 'J185', 'J186', 'J187', 'J188', 'J189', 'J190', 'J191', 'J192', 'J193', 'J194', 'J195', 'J196', 'J197', 'J198', 'J199', 'J200', 'J201', 'J202', 'J203', 'J204', 'J205', 'J206', 'J207', 'J208', 'J209', 'J210', 'J211', 'J212', 'J213', 'J214', 'J216', 'J217', 'J218', 'J219', 'J220', 'J221', 'J222', 'J223', 'J224', 'J225', 'J226', 'J227', 'J228', 'J229', 'J230', 'J231', 'J232', 'J233', 'J234', 'J235', 'J236', 'J237', 'J238', 'J239', 'J240', 'J241', 'J242', 'J243', 'J244', 'J245', 'J246', 'J247', 'J248', 'J249', 'J250', 'J251', 'J252', 'J253', 'J254', 'J255', 'J256', 'J257', 'J258', 'J259', 'J260', 'J261', 'J262', 'J263', 'J264', 'J265', 'J266', 'J267', 'J268', 'J269', 'J270', 'J271', 'J272', 'J273', 'J274', 'J275', 'J276', 'J277', 'J278', 'J279', 'J280', 'J281', 'J282', 'J283', 'J284', 'J285', 'J286', 'J287', 'J288', 'J289', 'J290', 'J291', 'J292', 'J293', 'J294', 'J295', 'J296', 'J297', 'J298', 'J299', 'J300']
- Machine states:
  - Machine M1: Time=5658.00, Idle=104.00, Material=Mountainbike_Rahmen_lackiert
  - Machine M2: Time=5702.00, Idle=60.00, Material=Mountainbike_Tretlager_gefraest
  - Machine M3: Time=5762.00, Idle=0.00, Material=Mountainbike_Bremsen_justiert
==================================================

2025-06-06 14:30:17,270 - JSPGymEnvironment - INFO - Material change on machine M3: Mountainbike_Bremsen_justiert -> E-Bike_Laufraeder_montiert, setup time: 25
2025-06-06 14:30:17,270 - JSPGymEnvironment - INFO - Executed operation: Job J7, Op 1, Machine M3, Start: 5787, End: 5847, Setup: 25
2025-06-06 14:30:17,271 - JSPGymEnvironment - INFO - 
===== REWARD DETAILS FOR STEP 100 =====
Job: J7, Operation: 1, Job Completed: False
Current Time: 5762.00 -> 5847.00, Setup Time: 25.00
Processing Time: 60.00, Idle Time: 0.00
Completed Jobs: 4/300
Machine: M3, Material: E-Bike_Laufraeder_montiert

REWARD COMPONENTS:
- makespan_reward: -0.4250
- setup_reward: -6.2500
- deadline_reward: 0.0000
- priority_reward: 0.0000
- critical_job_reward: 0.0000
- placement_reward: 0.0000
- timeliness_reward: -5.5718
- machine_idle_penalty: -4.1750

TOTAL REWARD: -16.4218

CUMULATIVE REWARD COMPONENTS:
- makespan_reward: -29.2350
- setup_reward: -675.5000
- deadline_reward: -5.2077
- priority_reward: 124.0000
- critical_job_reward: 37.7532
- placement_reward: 0.0000
- timeliness_reward: 196.4645
- machine_idle_penalty: -386.1250

CUMULATIVE TOTAL: -737.8500

CRITICAL STATE INFO:
- Valid actions: ['J1', 'J2', 'J3', 'J4', 'J5', 'J7', 'J8', 'J9', 'J10', 'J11', 'J12', 'J13', 'J14', 'J15', 'J16', 'J17', 'J18', 'J19', 'J20', 'J21', 'J22', 'J23', 'J24', 'J25', 'J26', 'J27', 'J28', 'J29', 'J30', 'J31', 'J32', 'J33', 'J34', 'J35', 'J36', 'J37', 'J38', 'J39', 'J40', 'J41', 'J42', 'J43', 'J44', 'J45', 'J46', 'J47', 'J48', 'J49', 'J50', 'J51', 'J52', 'J53', 'J54', 'J55', 'J56', 'J57', 'J58', 'J59', 'J60', 'J61', 'J62', 'J63', 'J64', 'J65', 'J66', 'J67', 'J68', 'J69', 'J70', 'J71', 'J72', 'J73', 'J74', 'J75', 'J76', 'J77', 'J78', 'J79', 'J80', 'J81', 'J82', 'J83', 'J85', 'J86', 'J87', 'J88', 'J89', 'J90', 'J91', 'J92', 'J93', 'J94', 'J95', 'J96', 'J97', 'J98', 'J99', 'J100', 'J101', 'J102', 'J103', 'J104', 'J105', 'J106', 'J108', 'J109', 'J110', 'J111', 'J112', 'J113', 'J114', 'J115', 'J116', 'J117', 'J118', 'J119', 'J120', 'J121', 'J122', 'J123', 'J124', 'J125', 'J126', 'J127', 'J128', 'J129', 'J130', 'J131', 'J132', 'J133', 'J134', 'J135', 'J136', 'J137', 'J138', 'J139', 'J140', 'J141', 'J142', 'J143', 'J144', 'J145', 'J146', 'J147', 'J148', 'J149', 'J150', 'J151', 'J152', 'J153', 'J154', 'J155', 'J156', 'J157', 'J158', 'J159', 'J160', 'J161', 'J162', 'J163', 'J164', 'J165', 'J166', 'J167', 'J168', 'J169', 'J170', 'J171', 'J172', 'J173', 'J174', 'J175', 'J176', 'J177', 'J178', 'J179', 'J180', 'J181', 'J182', 'J183', 'J184', 'J185', 'J186', 'J187', 'J188', 'J189', 'J190', 'J191', 'J192', 'J193', 'J194', 'J195', 'J196', 'J197', 'J198', 'J199', 'J200', 'J201', 'J202', 'J203', 'J204', 'J205', 'J206', 'J207', 'J208', 'J209', 'J210', 'J211', 'J212', 'J213', 'J214', 'J216', 'J217', 'J218', 'J219', 'J220', 'J221', 'J222', 'J223', 'J224', 'J225', 'J226', 'J227', 'J228', 'J229', 'J230', 'J231', 'J232', 'J233', 'J234', 'J235', 'J236', 'J237', 'J238', 'J239', 'J240', 'J241', 'J242', 'J243', 'J244', 'J245', 'J246', 'J247', 'J248', 'J249', 'J250', 'J251', 'J252', 'J253', 'J254', 'J255', 'J256', 'J257', 'J258', 'J259', 'J260', 'J261', 'J262', 'J263', 'J264', 'J265', 'J266', 'J267', 'J268', 'J269', 'J270', 'J271', 'J272', 'J273', 'J274', 'J275', 'J276', 'J277', 'J278', 'J279', 'J280', 'J281', 'J282', 'J283', 'J284', 'J285', 'J286', 'J287', 'J288', 'J289', 'J290', 'J291', 'J292', 'J293', 'J294', 'J295', 'J296', 'J297', 'J298', 'J299', 'J300']
- Machine states:
  - Machine M1: Time=5658.00, Idle=189.00, Material=Mountainbike_Rahmen_lackiert
  - Machine M2: Time=5702.00, Idle=145.00, Material=Mountainbike_Tretlager_gefraest
  - Machine M3: Time=5847.00, Idle=0.00, Material=E-Bike_Laufraeder_montiert
==================================================

2025-06-06 14:30:28,903 - JSPGymEnvironment - INFO - Material change on machine M1: Mountainbike_Rahmen_lackiert -> Citybike_Bremsaufnahme_gebohrt, setup time: 42
2025-06-06 14:30:28,904 - JSPGymEnvironment - INFO - Executed operation: Job J182, Op 3, Machine M1, Start: 5889, End: 5926, Setup: 42
2025-06-06 14:30:28,905 - JSPGymEnvironment - INFO - 
===== REWARD DETAILS FOR STEP 101 =====
Job: J182, Operation: 3, Job Completed: False
Current Time: 5847.00 -> 5926.00, Setup Time: 42.00
Processing Time: 37.00, Idle Time: 0.00
Completed Jobs: 4/300
Machine: M1, Material: Citybike_Bremsaufnahme_gebohrt

REWARD COMPONENTS:
- makespan_reward: -0.3950
- setup_reward: -10.5000
- deadline_reward: 0.0000
- priority_reward: 0.0000
- critical_job_reward: 0.0000
- placement_reward: 0.0000
- timeliness_reward: -5.5762
- machine_idle_penalty: -3.7875

TOTAL REWARD: -20.2587

CUMULATIVE REWARD COMPONENTS:
- makespan_reward: -29.6300
- setup_reward: -686.0000
- deadline_reward: -5.2077
- priority_reward: 124.0000
- critical_job_reward: 37.7532
- placement_reward: 0.0000
- timeliness_reward: 190.8883
- machine_idle_penalty: -389.9125

CUMULATIVE TOTAL: -758.1087

CRITICAL STATE INFO:
- Valid actions: ['J1', 'J2', 'J3', 'J4', 'J5', 'J7', 'J8', 'J9', 'J10', 'J11', 'J12', 'J13', 'J14', 'J15', 'J16', 'J17', 'J18', 'J19', 'J20', 'J21', 'J22', 'J23', 'J24', 'J25', 'J26', 'J27', 'J28', 'J29', 'J30', 'J31', 'J32', 'J33', 'J34', 'J35', 'J36', 'J37', 'J38', 'J39', 'J40', 'J41', 'J42', 'J43', 'J44', 'J45', 'J46', 'J47', 'J48', 'J49', 'J50', 'J51', 'J52', 'J53', 'J54', 'J55', 'J56', 'J57', 'J58', 'J59', 'J60', 'J61', 'J62', 'J63', 'J64', 'J65', 'J66', 'J67', 'J68', 'J69', 'J70', 'J71', 'J72', 'J73', 'J74', 'J75', 'J76', 'J77', 'J78', 'J79', 'J80', 'J81', 'J82', 'J83', 'J85', 'J86', 'J87', 'J88', 'J89', 'J90', 'J91', 'J92', 'J93', 'J94', 'J95', 'J96', 'J97', 'J98', 'J99', 'J100', 'J101', 'J102', 'J103', 'J104', 'J105', 'J106', 'J108', 'J109', 'J110', 'J111', 'J112', 'J113', 'J114', 'J115', 'J116', 'J117', 'J118', 'J119', 'J120', 'J121', 'J122', 'J123', 'J124', 'J125', 'J126', 'J127', 'J128', 'J129', 'J130', 'J131', 'J132', 'J133', 'J134', 'J135', 'J136', 'J137', 'J138', 'J139', 'J140', 'J141', 'J142', 'J143', 'J144', 'J145', 'J146', 'J147', 'J148', 'J149', 'J150', 'J151', 'J152', 'J153', 'J154', 'J155', 'J156', 'J157', 'J158', 'J159', 'J160', 'J161', 'J162', 'J163', 'J164', 'J165', 'J166', 'J167', 'J168', 'J169', 'J170', 'J171', 'J172', 'J173', 'J174', 'J175', 'J176', 'J177', 'J178', 'J179', 'J180', 'J181', 'J182', 'J183', 'J184', 'J185', 'J186', 'J187', 'J188', 'J189', 'J190', 'J191', 'J192', 'J193', 'J194', 'J195', 'J196', 'J197', 'J198', 'J199', 'J200', 'J201', 'J202', 'J203', 'J204', 'J205', 'J206', 'J207', 'J208', 'J209', 'J210', 'J211', 'J212', 'J213', 'J214', 'J216', 'J217', 'J218', 'J219', 'J220', 'J221', 'J222', 'J223', 'J224', 'J225', 'J226', 'J227', 'J228', 'J229', 'J230', 'J231', 'J232', 'J233', 'J234', 'J235', 'J236', 'J237', 'J238', 'J239', 'J240', 'J241', 'J242', 'J243', 'J244', 'J245', 'J246', 'J247', 'J248', 'J249', 'J250', 'J251', 'J252', 'J253', 'J254', 'J255', 'J256', 'J257', 'J258', 'J259', 'J260', 'J261', 'J262', 'J263', 'J264', 'J265', 'J266', 'J267', 'J268', 'J269', 'J270', 'J271', 'J272', 'J273', 'J274', 'J275', 'J276', 'J277', 'J278', 'J279', 'J280', 'J281', 'J282', 'J283', 'J284', 'J285', 'J286', 'J287', 'J288', 'J289', 'J290', 'J291', 'J292', 'J293', 'J294', 'J295', 'J296', 'J297', 'J298', 'J299', 'J300']
- Machine states:
  - Machine M1: Time=5926.00, Idle=0.00, Material=Citybike_Bremsaufnahme_gebohrt
  - Machine M2: Time=5702.00, Idle=224.00, Material=Mountainbike_Tretlager_gefraest
  - Machine M3: Time=5847.00, Idle=79.00, Material=E-Bike_Laufraeder_montiert
==================================================

2025-06-06 14:30:41,342 - JSPGymEnvironment - INFO - Material change on machine M2: Mountainbike_Tretlager_gefraest -> E-Bike_Fahrrad_endmontiert, setup time: 23
2025-06-06 14:30:41,342 - JSPGymEnvironment - INFO - Executed operation: Job J7, Op 2, Machine M2, Start: 5949, End: 5979, Setup: 23
2025-06-06 14:30:41,343 - JSPGymEnvironment - INFO - 
===== REWARD DETAILS FOR STEP 102 =====
Job: J7, Operation: 2, Job Completed: False
Current Time: 5926.00 -> 5979.00, Setup Time: 23.00
Processing Time: 30.00, Idle Time: 0.00
Completed Jobs: 4/300
Machine: M2, Material: E-Bike_Fahrrad_endmontiert

REWARD COMPONENTS:
- makespan_reward: -0.2650
- setup_reward: -5.7500
- deadline_reward: 0.0000
- priority_reward: 0.0000
- critical_job_reward: 0.0000
- placement_reward: 0.0000
- timeliness_reward: -5.5787
- machine_idle_penalty: -2.3125

TOTAL REWARD: -13.9062

CUMULATIVE REWARD COMPONENTS:
- makespan_reward: -29.8950
- setup_reward: -691.7500
- deadline_reward: -5.2077
- priority_reward: 124.0000
- critical_job_reward: 37.7532
- placement_reward: 0.0000
- timeliness_reward: 185.3096
- machine_idle_penalty: -392.2250

CUMULATIVE TOTAL: -772.0149

CRITICAL STATE INFO:
- Valid actions: ['J1', 'J2', 'J3', 'J4', 'J5', 'J7', 'J8', 'J9', 'J10', 'J11', 'J12', 'J13', 'J14', 'J15', 'J16', 'J17', 'J18', 'J19', 'J20', 'J21', 'J22', 'J23', 'J24', 'J25', 'J26', 'J27', 'J28', 'J29', 'J30', 'J31', 'J32', 'J33', 'J34', 'J35', 'J36', 'J37', 'J38', 'J39', 'J40', 'J41', 'J42', 'J43', 'J44', 'J45', 'J46', 'J47', 'J48', 'J49', 'J50', 'J51', 'J52', 'J53', 'J54', 'J55', 'J56', 'J57', 'J58', 'J59', 'J60', 'J61', 'J62', 'J63', 'J64', 'J65', 'J66', 'J67', 'J68', 'J69', 'J70', 'J71', 'J72', 'J73', 'J74', 'J75', 'J76', 'J77', 'J78', 'J79', 'J80', 'J81', 'J82', 'J83', 'J85', 'J86', 'J87', 'J88', 'J89', 'J90', 'J91', 'J92', 'J93', 'J94', 'J95', 'J96', 'J97', 'J98', 'J99', 'J100', 'J101', 'J102', 'J103', 'J104', 'J105', 'J106', 'J108', 'J109', 'J110', 'J111', 'J112', 'J113', 'J114', 'J115', 'J116', 'J117', 'J118', 'J119', 'J120', 'J121', 'J122', 'J123', 'J124', 'J125', 'J126', 'J127', 'J128', 'J129', 'J130', 'J131', 'J132', 'J133', 'J134', 'J135', 'J136', 'J137', 'J138', 'J139', 'J140', 'J141', 'J142', 'J143', 'J144', 'J145', 'J146', 'J147', 'J148', 'J149', 'J150', 'J151', 'J152', 'J153', 'J154', 'J155', 'J156', 'J157', 'J158', 'J159', 'J160', 'J161', 'J162', 'J163', 'J164', 'J165', 'J166', 'J167', 'J168', 'J169', 'J170', 'J171', 'J172', 'J173', 'J174', 'J175', 'J176', 'J177', 'J178', 'J179', 'J180', 'J181', 'J182', 'J183', 'J184', 'J185', 'J186', 'J187', 'J188', 'J189', 'J190', 'J191', 'J192', 'J193', 'J194', 'J195', 'J196', 'J197', 'J198', 'J199', 'J200', 'J201', 'J202', 'J203', 'J204', 'J205', 'J206', 'J207', 'J208', 'J209', 'J210', 'J211', 'J212', 'J213', 'J214', 'J216', 'J217', 'J218', 'J219', 'J220', 'J221', 'J222', 'J223', 'J224', 'J225', 'J226', 'J227', 'J228', 'J229', 'J230', 'J231', 'J232', 'J233', 'J234', 'J235', 'J236', 'J237', 'J238', 'J239', 'J240', 'J241', 'J242', 'J243', 'J244', 'J245', 'J246', 'J247', 'J248', 'J249', 'J250', 'J251', 'J252', 'J253', 'J254', 'J255', 'J256', 'J257', 'J258', 'J259', 'J260', 'J261', 'J262', 'J263', 'J264', 'J265', 'J266', 'J267', 'J268', 'J269', 'J270', 'J271', 'J272', 'J273', 'J274', 'J275', 'J276', 'J277', 'J278', 'J279', 'J280', 'J281', 'J282', 'J283', 'J284', 'J285', 'J286', 'J287', 'J288', 'J289', 'J290', 'J291', 'J292', 'J293', 'J294', 'J295', 'J296', 'J297', 'J298', 'J299', 'J300']
- Machine states:
  - Machine M1: Time=5926.00, Idle=53.00, Material=Citybike_Bremsaufnahme_gebohrt
  - Machine M2: Time=5979.00, Idle=0.00, Material=E-Bike_Fahrrad_endmontiert
  - Machine M3: Time=5847.00, Idle=132.00, Material=E-Bike_Laufraeder_montiert
==================================================

2025-06-06 14:30:53,041 - JSPGymEnvironment - INFO - Material change on machine M3: E-Bike_Laufraeder_montiert -> Citybike_Bremsen_justiert, setup time: 16
2025-06-06 14:30:53,041 - JSPGymEnvironment - INFO - Executed operation: Job J299, Op 0, Machine M3, Start: 5995, End: 6050, Setup: 16
2025-06-06 14:30:53,042 - JSPGymEnvironment - INFO - 
===== REWARD DETAILS FOR STEP 103 =====
Job: J299, Operation: 0, Job Completed: False
Current Time: 5979.00 -> 6050.00, Setup Time: 16.00
Processing Time: 55.00, Idle Time: 0.00
Completed Jobs: 4/300
Machine: M3, Material: Citybike_Bremsen_justiert

REWARD COMPONENTS:
- makespan_reward: -0.3550
- setup_reward: -4.0000
- deadline_reward: 0.0000
- priority_reward: 0.0000
- critical_job_reward: 0.0000
- placement_reward: 0.0000
- timeliness_reward: -5.5816
- machine_idle_penalty: -2.4375

TOTAL REWARD: -12.3741

CUMULATIVE REWARD COMPONENTS:
- makespan_reward: -30.2500
- setup_reward: -695.7500
- deadline_reward: -5.2077
- priority_reward: 124.0000
- critical_job_reward: 37.7532
- placement_reward: 0.0000
- timeliness_reward: 179.7280
- machine_idle_penalty: -394.6625

CUMULATIVE TOTAL: -784.3890

CRITICAL STATE INFO:
- Valid actions: ['J1', 'J2', 'J3', 'J4', 'J5', 'J7', 'J8', 'J9', 'J10', 'J11', 'J12', 'J13', 'J14', 'J15', 'J16', 'J17', 'J18', 'J19', 'J20', 'J21', 'J22', 'J23', 'J24', 'J25', 'J26', 'J27', 'J28', 'J29', 'J30', 'J31', 'J32', 'J33', 'J34', 'J35', 'J36', 'J37', 'J38', 'J39', 'J40', 'J41', 'J42', 'J43', 'J44', 'J45', 'J46', 'J47', 'J48', 'J49', 'J50', 'J51', 'J52', 'J53', 'J54', 'J55', 'J56', 'J57', 'J58', 'J59', 'J60', 'J61', 'J62', 'J63', 'J64', 'J65', 'J66', 'J67', 'J68', 'J69', 'J70', 'J71', 'J72', 'J73', 'J74', 'J75', 'J76', 'J77', 'J78', 'J79', 'J80', 'J81', 'J82', 'J83', 'J85', 'J86', 'J87', 'J88', 'J89', 'J90', 'J91', 'J92', 'J93', 'J94', 'J95', 'J96', 'J97', 'J98', 'J99', 'J100', 'J101', 'J102', 'J103', 'J104', 'J105', 'J106', 'J108', 'J109', 'J110', 'J111', 'J112', 'J113', 'J114', 'J115', 'J116', 'J117', 'J118', 'J119', 'J120', 'J121', 'J122', 'J123', 'J124', 'J125', 'J126', 'J127', 'J128', 'J129', 'J130', 'J131', 'J132', 'J133', 'J134', 'J135', 'J136', 'J137', 'J138', 'J139', 'J140', 'J141', 'J142', 'J143', 'J144', 'J145', 'J146', 'J147', 'J148', 'J149', 'J150', 'J151', 'J152', 'J153', 'J154', 'J155', 'J156', 'J157', 'J158', 'J159', 'J160', 'J161', 'J162', 'J163', 'J164', 'J165', 'J166', 'J167', 'J168', 'J169', 'J170', 'J171', 'J172', 'J173', 'J174', 'J175', 'J176', 'J177', 'J178', 'J179', 'J180', 'J181', 'J182', 'J183', 'J184', 'J185', 'J186', 'J187', 'J188', 'J189', 'J190', 'J191', 'J192', 'J193', 'J194', 'J195', 'J196', 'J197', 'J198', 'J199', 'J200', 'J201', 'J202', 'J203', 'J204', 'J205', 'J206', 'J207', 'J208', 'J209', 'J210', 'J211', 'J212', 'J213', 'J214', 'J216', 'J217', 'J218', 'J219', 'J220', 'J221', 'J222', 'J223', 'J224', 'J225', 'J226', 'J227', 'J228', 'J229', 'J230', 'J231', 'J232', 'J233', 'J234', 'J235', 'J236', 'J237', 'J238', 'J239', 'J240', 'J241', 'J242', 'J243', 'J244', 'J245', 'J246', 'J247', 'J248', 'J249', 'J250', 'J251', 'J252', 'J253', 'J254', 'J255', 'J256', 'J257', 'J258', 'J259', 'J260', 'J261', 'J262', 'J263', 'J264', 'J265', 'J266', 'J267', 'J268', 'J269', 'J270', 'J271', 'J272', 'J273', 'J274', 'J275', 'J276', 'J277', 'J278', 'J279', 'J280', 'J281', 'J282', 'J283', 'J284', 'J285', 'J286', 'J287', 'J288', 'J289', 'J290', 'J291', 'J292', 'J293', 'J294', 'J295', 'J296', 'J297', 'J298', 'J299', 'J300']
- Machine states:
  - Machine M1: Time=5926.00, Idle=124.00, Material=Citybike_Bremsaufnahme_gebohrt
  - Machine M2: Time=5979.00, Idle=71.00, Material=E-Bike_Fahrrad_endmontiert
  - Machine M3: Time=6050.00, Idle=0.00, Material=Citybike_Bremsen_justiert
==================================================

2025-06-06 14:31:04,618 - JSPGymEnvironment - INFO - Material change on machine M2: E-Bike_Fahrrad_endmontiert -> E-Bike_Antrieb_installiert, setup time: 20
2025-06-06 14:31:04,619 - JSPGymEnvironment - INFO - Executed operation: Job J181, Op 3, Machine M2, Start: 6070, End: 6080, Setup: 20
2025-06-06 14:31:04,620 - JSPGymEnvironment - INFO - 
===== REWARD DETAILS FOR STEP 104 =====
Job: J181, Operation: 3, Job Completed: False
Current Time: 6050.00 -> 6080.00, Setup Time: 20.00
Processing Time: 10.00, Idle Time: 0.00
Completed Jobs: 4/300
Machine: M2, Material: E-Bike_Antrieb_installiert

REWARD COMPONENTS:
- makespan_reward: -0.1500
- setup_reward: -5.0000
- deadline_reward: 0.0000
- priority_reward: 0.0000
- critical_job_reward: 0.5000
- placement_reward: 0.0000
- timeliness_reward: -5.5828
- machine_idle_penalty: -2.3000

TOTAL REWARD: -12.5328

CUMULATIVE REWARD COMPONENTS:
- makespan_reward: -30.4000
- setup_reward: -700.7500
- deadline_reward: -5.2077
- priority_reward: 124.0000
- critical_job_reward: 38.2532
- placement_reward: 0.0000
- timeliness_reward: 174.1452
- machine_idle_penalty: -396.9625

CUMULATIVE TOTAL: -796.9218

CRITICAL STATE INFO:
- Valid actions: ['J1', 'J2', 'J3', 'J4', 'J5', 'J7', 'J8', 'J9', 'J10', 'J11', 'J12', 'J13', 'J14', 'J15', 'J16', 'J17', 'J18', 'J19', 'J20', 'J21', 'J22', 'J23', 'J24', 'J25', 'J26', 'J27', 'J28', 'J29', 'J30', 'J31', 'J32', 'J33', 'J34', 'J35', 'J36', 'J37', 'J38', 'J39', 'J40', 'J41', 'J42', 'J43', 'J44', 'J45', 'J46', 'J47', 'J48', 'J49', 'J50', 'J51', 'J52', 'J53', 'J54', 'J55', 'J56', 'J57', 'J58', 'J59', 'J60', 'J61', 'J62', 'J63', 'J64', 'J65', 'J66', 'J67', 'J68', 'J69', 'J70', 'J71', 'J72', 'J73', 'J74', 'J75', 'J76', 'J77', 'J78', 'J79', 'J80', 'J81', 'J82', 'J83', 'J85', 'J86', 'J87', 'J88', 'J89', 'J90', 'J91', 'J92', 'J93', 'J94', 'J95', 'J96', 'J97', 'J98', 'J99', 'J100', 'J101', 'J102', 'J103', 'J104', 'J105', 'J106', 'J108', 'J109', 'J110', 'J111', 'J112', 'J113', 'J114', 'J115', 'J116', 'J117', 'J118', 'J119', 'J120', 'J121', 'J122', 'J123', 'J124', 'J125', 'J126', 'J127', 'J128', 'J129', 'J130', 'J131', 'J132', 'J133', 'J134', 'J135', 'J136', 'J137', 'J138', 'J139', 'J140', 'J141', 'J142', 'J143', 'J144', 'J145', 'J146', 'J147', 'J148', 'J149', 'J150', 'J151', 'J152', 'J153', 'J154', 'J155', 'J156', 'J157', 'J158', 'J159', 'J160', 'J161', 'J162', 'J163', 'J164', 'J165', 'J166', 'J167', 'J168', 'J169', 'J170', 'J171', 'J172', 'J173', 'J174', 'J175', 'J176', 'J177', 'J178', 'J179', 'J180', 'J181', 'J182', 'J183', 'J184', 'J185', 'J186', 'J187', 'J188', 'J189', 'J190', 'J191', 'J192', 'J193', 'J194', 'J195', 'J196', 'J197', 'J198', 'J199', 'J200', 'J201', 'J202', 'J203', 'J204', 'J205', 'J206', 'J207', 'J208', 'J209', 'J210', 'J211', 'J212', 'J213', 'J214', 'J216', 'J217', 'J218', 'J219', 'J220', 'J221', 'J222', 'J223', 'J224', 'J225', 'J226', 'J227', 'J228', 'J229', 'J230', 'J231', 'J232', 'J233', 'J234', 'J235', 'J236', 'J237', 'J238', 'J239', 'J240', 'J241', 'J242', 'J243', 'J244', 'J245', 'J246', 'J247', 'J248', 'J249', 'J250', 'J251', 'J252', 'J253', 'J254', 'J255', 'J256', 'J257', 'J258', 'J259', 'J260', 'J261', 'J262', 'J263', 'J264', 'J265', 'J266', 'J267', 'J268', 'J269', 'J270', 'J271', 'J272', 'J273', 'J274', 'J275', 'J276', 'J277', 'J278', 'J279', 'J280', 'J281', 'J282', 'J283', 'J284', 'J285', 'J286', 'J287', 'J288', 'J289', 'J290', 'J291', 'J292', 'J293', 'J294', 'J295', 'J296', 'J297', 'J298', 'J299', 'J300']
- Machine states:
  - Machine M1: Time=5926.00, Idle=154.00, Material=Citybike_Bremsaufnahme_gebohrt
  - Machine M2: Time=6080.00, Idle=0.00, Material=E-Bike_Antrieb_installiert
  - Machine M3: Time=6050.00, Idle=30.00, Material=Citybike_Bremsen_justiert
==================================================

2025-06-06 14:31:16,717 - JSPGymEnvironment - INFO - Material change on machine M2: E-Bike_Antrieb_installiert -> Citybike_Rahmen_komplettiert, setup time: 20
2025-06-06 14:31:16,717 - JSPGymEnvironment - INFO - Executed operation: Job J291, Op 2, Machine M2, Start: 6100, End: 6116, Setup: 20
2025-06-06 14:31:16,718 - JSPGymEnvironment - INFO - 
===== REWARD DETAILS FOR STEP 105 =====
Job: J291, Operation: 2, Job Completed: False
Current Time: 6080.00 -> 6116.00, Setup Time: 20.00
Processing Time: 16.00, Idle Time: 0.00
Completed Jobs: 4/300
Machine: M2, Material: Citybike_Rahmen_komplettiert

REWARD COMPONENTS:
- makespan_reward: -0.1800
- setup_reward: -5.0000
- deadline_reward: 0.0000
- priority_reward: 0.0000
- critical_job_reward: 0.0000
- placement_reward: 0.0000
- timeliness_reward: -5.5840
- machine_idle_penalty: -3.2000

TOTAL REWARD: -13.9640

CUMULATIVE REWARD COMPONENTS:
- makespan_reward: -30.5800
- setup_reward: -705.7500
- deadline_reward: -5.2077
- priority_reward: 124.0000
- critical_job_reward: 38.2532
- placement_reward: 0.0000
- timeliness_reward: 168.5612
- machine_idle_penalty: -400.1625

CUMULATIVE TOTAL: -810.8858

CRITICAL STATE INFO:
- Valid actions: ['J1', 'J2', 'J3', 'J4', 'J5', 'J7', 'J8', 'J9', 'J10', 'J11', 'J12', 'J13', 'J14', 'J15', 'J16', 'J17', 'J18', 'J19', 'J20', 'J21', 'J22', 'J23', 'J24', 'J25', 'J26', 'J27', 'J28', 'J29', 'J30', 'J31', 'J32', 'J33', 'J34', 'J35', 'J36', 'J37', 'J38', 'J39', 'J40', 'J41', 'J42', 'J43', 'J44', 'J45', 'J46', 'J47', 'J48', 'J49', 'J50', 'J51', 'J52', 'J53', 'J54', 'J55', 'J56', 'J57', 'J58', 'J59', 'J60', 'J61', 'J62', 'J63', 'J64', 'J65', 'J66', 'J67', 'J68', 'J69', 'J70', 'J71', 'J72', 'J73', 'J74', 'J75', 'J76', 'J77', 'J78', 'J79', 'J80', 'J81', 'J82', 'J83', 'J85', 'J86', 'J87', 'J88', 'J89', 'J90', 'J91', 'J92', 'J93', 'J94', 'J95', 'J96', 'J97', 'J98', 'J99', 'J100', 'J101', 'J102', 'J103', 'J104', 'J105', 'J106', 'J108', 'J109', 'J110', 'J111', 'J112', 'J113', 'J114', 'J115', 'J116', 'J117', 'J118', 'J119', 'J120', 'J121', 'J122', 'J123', 'J124', 'J125', 'J126', 'J127', 'J128', 'J129', 'J130', 'J131', 'J132', 'J133', 'J134', 'J135', 'J136', 'J137', 'J138', 'J139', 'J140', 'J141', 'J142', 'J143', 'J144', 'J145', 'J146', 'J147', 'J148', 'J149', 'J150', 'J151', 'J152', 'J153', 'J154', 'J155', 'J156', 'J157', 'J158', 'J159', 'J160', 'J161', 'J162', 'J163', 'J164', 'J165', 'J166', 'J167', 'J168', 'J169', 'J170', 'J171', 'J172', 'J173', 'J174', 'J175', 'J176', 'J177', 'J178', 'J179', 'J180', 'J181', 'J182', 'J183', 'J184', 'J185', 'J186', 'J187', 'J188', 'J189', 'J190', 'J191', 'J192', 'J193', 'J194', 'J195', 'J196', 'J197', 'J198', 'J199', 'J200', 'J201', 'J202', 'J203', 'J204', 'J205', 'J206', 'J207', 'J208', 'J209', 'J210', 'J211', 'J212', 'J213', 'J214', 'J216', 'J217', 'J218', 'J219', 'J220', 'J221', 'J222', 'J223', 'J224', 'J225', 'J226', 'J227', 'J228', 'J229', 'J230', 'J231', 'J232', 'J233', 'J234', 'J235', 'J236', 'J237', 'J238', 'J239', 'J240', 'J241', 'J242', 'J243', 'J244', 'J245', 'J246', 'J247', 'J248', 'J249', 'J250', 'J251', 'J252', 'J253', 'J254', 'J255', 'J256', 'J257', 'J258', 'J259', 'J260', 'J261', 'J262', 'J263', 'J264', 'J265', 'J266', 'J267', 'J268', 'J269', 'J270', 'J271', 'J272', 'J273', 'J274', 'J275', 'J276', 'J277', 'J278', 'J279', 'J280', 'J281', 'J282', 'J283', 'J284', 'J285', 'J286', 'J287', 'J288', 'J289', 'J290', 'J291', 'J292', 'J293', 'J294', 'J295', 'J296', 'J297', 'J298', 'J299', 'J300']
- Machine states:
  - Machine M1: Time=5926.00, Idle=190.00, Material=Citybike_Bremsaufnahme_gebohrt
  - Machine M2: Time=6116.00, Idle=0.00, Material=Citybike_Rahmen_komplettiert
  - Machine M3: Time=6050.00, Idle=66.00, Material=Citybike_Bremsen_justiert
==================================================

2025-06-06 14:31:29,028 - JSPGymEnvironment - INFO - Material change on machine M3: Citybike_Bremsen_justiert -> Racebike_Rahmen_komplettiert, setup time: 17
2025-06-06 14:31:29,028 - JSPGymEnvironment - INFO - Executed operation: Job J243, Op 2, Machine M3, Start: 6133, End: 6182, Setup: 17
2025-06-06 14:31:29,029 - JSPGymEnvironment - INFO - 
===== REWARD DETAILS FOR STEP 106 =====
Job: J243, Operation: 2, Job Completed: False
Current Time: 6116.00 -> 6182.00, Setup Time: 17.00
Processing Time: 49.00, Idle Time: 0.00
Completed Jobs: 4/300
Machine: M3, Material: Racebike_Rahmen_komplettiert

REWARD COMPONENTS:
- makespan_reward: -0.3300
- setup_reward: -4.2500
- deadline_reward: 0.0000
- priority_reward: 0.0000
- critical_job_reward: 0.0000
- placement_reward: 0.0000
- timeliness_reward: -5.5861
- machine_idle_penalty: -4.0250

TOTAL REWARD: -14.1911

CUMULATIVE REWARD COMPONENTS:
- makespan_reward: -30.9100
- setup_reward: -710.0000
- deadline_reward: -5.2077
- priority_reward: 124.0000
- critical_job_reward: 38.2532
- placement_reward: 0.0000
- timeliness_reward: 162.9751
- machine_idle_penalty: -404.1875

CUMULATIVE TOTAL: -825.0769

CRITICAL STATE INFO:
- Valid actions: ['J1', 'J2', 'J3', 'J4', 'J5', 'J7', 'J8', 'J9', 'J10', 'J11', 'J12', 'J13', 'J14', 'J15', 'J16', 'J17', 'J18', 'J19', 'J20', 'J21', 'J22', 'J23', 'J24', 'J25', 'J26', 'J27', 'J28', 'J29', 'J30', 'J31', 'J32', 'J33', 'J34', 'J35', 'J36', 'J37', 'J38', 'J39', 'J40', 'J41', 'J42', 'J43', 'J44', 'J45', 'J46', 'J47', 'J48', 'J49', 'J50', 'J51', 'J52', 'J53', 'J54', 'J55', 'J56', 'J57', 'J58', 'J59', 'J60', 'J61', 'J62', 'J63', 'J64', 'J65', 'J66', 'J67', 'J68', 'J69', 'J70', 'J71', 'J72', 'J73', 'J74', 'J75', 'J76', 'J77', 'J78', 'J79', 'J80', 'J81', 'J82', 'J83', 'J85', 'J86', 'J87', 'J88', 'J89', 'J90', 'J91', 'J92', 'J93', 'J94', 'J95', 'J96', 'J97', 'J98', 'J99', 'J100', 'J101', 'J102', 'J103', 'J104', 'J105', 'J106', 'J108', 'J109', 'J110', 'J111', 'J112', 'J113', 'J114', 'J115', 'J116', 'J117', 'J118', 'J119', 'J120', 'J121', 'J122', 'J123', 'J124', 'J125', 'J126', 'J127', 'J128', 'J129', 'J130', 'J131', 'J132', 'J133', 'J134', 'J135', 'J136', 'J137', 'J138', 'J139', 'J140', 'J141', 'J142', 'J143', 'J144', 'J145', 'J146', 'J147', 'J148', 'J149', 'J150', 'J151', 'J152', 'J153', 'J154', 'J155', 'J156', 'J157', 'J158', 'J159', 'J160', 'J161', 'J162', 'J163', 'J164', 'J165', 'J166', 'J167', 'J168', 'J169', 'J170', 'J171', 'J172', 'J173', 'J174', 'J175', 'J176', 'J177', 'J178', 'J179', 'J180', 'J181', 'J182', 'J183', 'J184', 'J185', 'J186', 'J187', 'J188', 'J189', 'J190', 'J191', 'J192', 'J193', 'J194', 'J195', 'J196', 'J197', 'J198', 'J199', 'J200', 'J201', 'J202', 'J203', 'J204', 'J205', 'J206', 'J207', 'J208', 'J209', 'J210', 'J211', 'J212', 'J213', 'J214', 'J216', 'J217', 'J218', 'J219', 'J220', 'J221', 'J222', 'J223', 'J224', 'J225', 'J226', 'J227', 'J228', 'J229', 'J230', 'J231', 'J232', 'J233', 'J234', 'J235', 'J236', 'J237', 'J238', 'J239', 'J240', 'J241', 'J242', 'J243', 'J244', 'J245', 'J246', 'J247', 'J248', 'J249', 'J250', 'J251', 'J252', 'J253', 'J254', 'J255', 'J256', 'J257', 'J258', 'J259', 'J260', 'J261', 'J262', 'J263', 'J264', 'J265', 'J266', 'J267', 'J268', 'J269', 'J270', 'J271', 'J272', 'J273', 'J274', 'J275', 'J276', 'J277', 'J278', 'J279', 'J280', 'J281', 'J282', 'J283', 'J284', 'J285', 'J286', 'J287', 'J288', 'J289', 'J290', 'J291', 'J292', 'J293', 'J294', 'J295', 'J296', 'J297', 'J298', 'J299', 'J300']
- Machine states:
  - Machine M1: Time=5926.00, Idle=256.00, Material=Citybike_Bremsaufnahme_gebohrt
  - Machine M2: Time=6116.00, Idle=66.00, Material=Citybike_Rahmen_komplettiert
  - Machine M3: Time=6182.00, Idle=0.00, Material=Racebike_Rahmen_komplettiert
==================================================

2025-06-06 14:31:40,861 - JSPGymEnvironment - INFO - Material change on machine M1: Citybike_Bremsaufnahme_gebohrt -> Citybike_Laufraeder_montiert, setup time: 40
2025-06-06 14:31:40,862 - JSPGymEnvironment - INFO - Executed operation: Job J292, Op 0, Machine M1, Start: 6222, End: 6248, Setup: 40
2025-06-06 14:31:40,863 - JSPGymEnvironment - INFO - 
===== REWARD DETAILS FOR STEP 107 =====
Job: J292, Operation: 0, Job Completed: False
Current Time: 6182.00 -> 6248.00, Setup Time: 40.00
Processing Time: 26.00, Idle Time: 0.00
Completed Jobs: 4/300
Machine: M1, Material: Citybike_Laufraeder_montiert

REWARD COMPONENTS:
- makespan_reward: -0.3300
- setup_reward: -10.0000
- deadline_reward: 0.0000
- priority_reward: 0.0000
- critical_job_reward: 0.0000
- placement_reward: 0.0000
- timeliness_reward: -5.5879
- machine_idle_penalty: -2.4750

TOTAL REWARD: -18.3929

CUMULATIVE REWARD COMPONENTS:
- makespan_reward: -31.2400
- setup_reward: -720.0000
- deadline_reward: -5.2077
- priority_reward: 124.0000
- critical_job_reward: 38.2532
- placement_reward: 0.0000
- timeliness_reward: 157.3872
- machine_idle_penalty: -406.6625

CUMULATIVE TOTAL: -843.4698

CRITICAL STATE INFO:
- Valid actions: ['J1', 'J2', 'J3', 'J4', 'J5', 'J7', 'J8', 'J9', 'J10', 'J11', 'J12', 'J13', 'J14', 'J15', 'J16', 'J17', 'J18', 'J19', 'J20', 'J21', 'J22', 'J23', 'J24', 'J25', 'J26', 'J27', 'J28', 'J29', 'J30', 'J31', 'J32', 'J33', 'J34', 'J35', 'J36', 'J37', 'J38', 'J39', 'J40', 'J41', 'J42', 'J43', 'J44', 'J45', 'J46', 'J47', 'J48', 'J49', 'J50', 'J51', 'J52', 'J53', 'J54', 'J55', 'J56', 'J57', 'J58', 'J59', 'J60', 'J61', 'J62', 'J63', 'J64', 'J65', 'J66', 'J67', 'J68', 'J69', 'J70', 'J71', 'J72', 'J73', 'J74', 'J75', 'J76', 'J77', 'J78', 'J79', 'J80', 'J81', 'J82', 'J83', 'J85', 'J86', 'J87', 'J88', 'J89', 'J90', 'J91', 'J92', 'J93', 'J94', 'J95', 'J96', 'J97', 'J98', 'J99', 'J100', 'J101', 'J102', 'J103', 'J104', 'J105', 'J106', 'J108', 'J109', 'J110', 'J111', 'J112', 'J113', 'J114', 'J115', 'J116', 'J117', 'J118', 'J119', 'J120', 'J121', 'J122', 'J123', 'J124', 'J125', 'J126', 'J127', 'J128', 'J129', 'J130', 'J131', 'J132', 'J133', 'J134', 'J135', 'J136', 'J137', 'J138', 'J139', 'J140', 'J141', 'J142', 'J143', 'J144', 'J145', 'J146', 'J147', 'J148', 'J149', 'J150', 'J151', 'J152', 'J153', 'J154', 'J155', 'J156', 'J157', 'J158', 'J159', 'J160', 'J161', 'J162', 'J163', 'J164', 'J165', 'J166', 'J167', 'J168', 'J169', 'J170', 'J171', 'J172', 'J173', 'J174', 'J175', 'J176', 'J177', 'J178', 'J179', 'J180', 'J181', 'J182', 'J183', 'J184', 'J185', 'J186', 'J187', 'J188', 'J189', 'J190', 'J191', 'J192', 'J193', 'J194', 'J195', 'J196', 'J197', 'J198', 'J199', 'J200', 'J201', 'J202', 'J203', 'J204', 'J205', 'J206', 'J207', 'J208', 'J209', 'J210', 'J211', 'J212', 'J213', 'J214', 'J216', 'J217', 'J218', 'J219', 'J220', 'J221', 'J222', 'J223', 'J224', 'J225', 'J226', 'J227', 'J228', 'J229', 'J230', 'J231', 'J232', 'J233', 'J234', 'J235', 'J236', 'J237', 'J238', 'J239', 'J240', 'J241', 'J242', 'J243', 'J244', 'J245', 'J246', 'J247', 'J248', 'J249', 'J250', 'J251', 'J252', 'J253', 'J254', 'J255', 'J256', 'J257', 'J258', 'J259', 'J260', 'J261', 'J262', 'J263', 'J264', 'J265', 'J266', 'J267', 'J268', 'J269', 'J270', 'J271', 'J272', 'J273', 'J274', 'J275', 'J276', 'J277', 'J278', 'J279', 'J280', 'J281', 'J282', 'J283', 'J284', 'J285', 'J286', 'J287', 'J288', 'J289', 'J290', 'J291', 'J292', 'J293', 'J294', 'J295', 'J296', 'J297', 'J298', 'J299', 'J300']
- Machine states:
  - Machine M1: Time=6248.00, Idle=0.00, Material=Citybike_Laufraeder_montiert
  - Machine M2: Time=6116.00, Idle=132.00, Material=Citybike_Rahmen_komplettiert
  - Machine M3: Time=6182.00, Idle=66.00, Material=Racebike_Rahmen_komplettiert
==================================================

2025-06-06 14:31:53,447 - JSPGymEnvironment - INFO - Material change on machine M3: Racebike_Rahmen_komplettiert -> Racebike_Tretlageraufnahme_geschweisst, setup time: 15
2025-06-06 14:31:53,448 - JSPGymEnvironment - INFO - Executed operation: Job J287, Op 2, Machine M3, Start: 6263, End: 6305, Setup: 15
2025-06-06 14:31:53,449 - JSPGymEnvironment - INFO - 
===== REWARD DETAILS FOR STEP 108 =====
Job: J287, Operation: 2, Job Completed: False
Current Time: 6248.00 -> 6305.00, Setup Time: 15.00
Processing Time: 42.00, Idle Time: 0.00
Completed Jobs: 4/300
Machine: M3, Material: Racebike_Tretlageraufnahme_geschweisst

REWARD COMPONENTS:
- makespan_reward: -0.2850
- setup_reward: -3.7500
- deadline_reward: 0.0000
- priority_reward: 0.0000
- critical_job_reward: 0.5000
- placement_reward: 0.0000
- timeliness_reward: -5.5893
- machine_idle_penalty: -3.0750

TOTAL REWARD: -12.1993

CUMULATIVE REWARD COMPONENTS:
- makespan_reward: -31.5250
- setup_reward: -723.7500
- deadline_reward: -5.2077
- priority_reward: 124.0000
- critical_job_reward: 38.7532
- placement_reward: 0.0000
- timeliness_reward: 151.7979
- machine_idle_penalty: -409.7375

CUMULATIVE TOTAL: -855.6691

CRITICAL STATE INFO:
- Valid actions: ['J1', 'J2', 'J3', 'J4', 'J5', 'J7', 'J8', 'J9', 'J10', 'J11', 'J12', 'J13', 'J14', 'J15', 'J16', 'J17', 'J18', 'J19', 'J20', 'J21', 'J22', 'J23', 'J24', 'J25', 'J26', 'J27', 'J28', 'J29', 'J30', 'J31', 'J32', 'J33', 'J34', 'J35', 'J36', 'J37', 'J38', 'J39', 'J40', 'J41', 'J42', 'J43', 'J44', 'J45', 'J46', 'J47', 'J48', 'J49', 'J50', 'J51', 'J52', 'J53', 'J54', 'J55', 'J56', 'J57', 'J58', 'J59', 'J60', 'J61', 'J62', 'J63', 'J64', 'J65', 'J66', 'J67', 'J68', 'J69', 'J70', 'J71', 'J72', 'J73', 'J74', 'J75', 'J76', 'J77', 'J78', 'J79', 'J80', 'J81', 'J82', 'J83', 'J85', 'J86', 'J87', 'J88', 'J89', 'J90', 'J91', 'J92', 'J93', 'J94', 'J95', 'J96', 'J97', 'J98', 'J99', 'J100', 'J101', 'J102', 'J103', 'J104', 'J105', 'J106', 'J108', 'J109', 'J110', 'J111', 'J112', 'J113', 'J114', 'J115', 'J116', 'J117', 'J118', 'J119', 'J120', 'J121', 'J122', 'J123', 'J124', 'J125', 'J126', 'J127', 'J128', 'J129', 'J130', 'J131', 'J132', 'J133', 'J134', 'J135', 'J136', 'J137', 'J138', 'J139', 'J140', 'J141', 'J142', 'J143', 'J144', 'J145', 'J146', 'J147', 'J148', 'J149', 'J150', 'J151', 'J152', 'J153', 'J154', 'J155', 'J156', 'J157', 'J158', 'J159', 'J160', 'J161', 'J162', 'J163', 'J164', 'J165', 'J166', 'J167', 'J168', 'J169', 'J170', 'J171', 'J172', 'J173', 'J174', 'J175', 'J176', 'J177', 'J178', 'J179', 'J180', 'J181', 'J182', 'J183', 'J184', 'J185', 'J186', 'J187', 'J188', 'J189', 'J190', 'J191', 'J192', 'J193', 'J194', 'J195', 'J196', 'J197', 'J198', 'J199', 'J200', 'J201', 'J202', 'J203', 'J204', 'J205', 'J206', 'J207', 'J208', 'J209', 'J210', 'J211', 'J212', 'J213', 'J214', 'J216', 'J217', 'J218', 'J219', 'J220', 'J221', 'J222', 'J223', 'J224', 'J225', 'J226', 'J227', 'J228', 'J229', 'J230', 'J231', 'J232', 'J233', 'J234', 'J235', 'J236', 'J237', 'J238', 'J239', 'J240', 'J241', 'J242', 'J243', 'J244', 'J245', 'J246', 'J247', 'J248', 'J249', 'J250', 'J251', 'J252', 'J253', 'J254', 'J255', 'J256', 'J257', 'J258', 'J259', 'J260', 'J261', 'J262', 'J263', 'J264', 'J265', 'J266', 'J267', 'J268', 'J269', 'J270', 'J271', 'J272', 'J273', 'J274', 'J275', 'J276', 'J277', 'J278', 'J279', 'J280', 'J281', 'J282', 'J283', 'J284', 'J285', 'J286', 'J287', 'J288', 'J289', 'J290', 'J291', 'J292', 'J293', 'J294', 'J295', 'J296', 'J297', 'J298', 'J299', 'J300']
- Machine states:
  - Machine M1: Time=6248.00, Idle=57.00, Material=Citybike_Laufraeder_montiert
  - Machine M2: Time=6116.00, Idle=189.00, Material=Citybike_Rahmen_komplettiert
  - Machine M3: Time=6305.00, Idle=0.00, Material=Racebike_Tretlageraufnahme_geschweisst
==================================================

2025-06-06 14:32:05,466 - JSPGymEnvironment - INFO - Material change on machine M2: Citybike_Rahmen_komplettiert -> Racebike_Tretlageraufnahme_geschweisst, setup time: 21
2025-06-06 14:32:05,466 - JSPGymEnvironment - INFO - Executed operation: Job J243, Op 3, Machine M2, Start: 6326, End: 6350, Setup: 21
2025-06-06 14:32:05,467 - JSPGymEnvironment - INFO - 
===== REWARD DETAILS FOR STEP 109 =====
Job: J243, Operation: 3, Job Completed: False
Current Time: 6305.00 -> 6350.00, Setup Time: 21.00
Processing Time: 24.00, Idle Time: 0.00
Completed Jobs: 4/300
Machine: M2, Material: Racebike_Tretlageraufnahme_geschweisst

REWARD COMPONENTS:
- makespan_reward: -0.2250
- setup_reward: -5.2500
- deadline_reward: 0.0000
- priority_reward: 0.0000
- critical_job_reward: 0.0000
- placement_reward: 0.0000
- timeliness_reward: -5.5903
- machine_idle_penalty: -1.8375

TOTAL REWARD: -12.9028

CUMULATIVE REWARD COMPONENTS:
- makespan_reward: -31.7500
- setup_reward: -729.0000
- deadline_reward: -5.2077
- priority_reward: 124.0000
- critical_job_reward: 38.7532
- placement_reward: 0.0000
- timeliness_reward: 146.2076
- machine_idle_penalty: -411.5750

CUMULATIVE TOTAL: -868.5719

CRITICAL STATE INFO:
- Valid actions: ['J1', 'J2', 'J3', 'J4', 'J5', 'J7', 'J8', 'J9', 'J10', 'J11', 'J12', 'J13', 'J14', 'J15', 'J16', 'J17', 'J18', 'J19', 'J20', 'J21', 'J22', 'J23', 'J24', 'J25', 'J26', 'J27', 'J28', 'J29', 'J30', 'J31', 'J32', 'J33', 'J34', 'J35', 'J36', 'J37', 'J38', 'J39', 'J40', 'J41', 'J42', 'J43', 'J44', 'J45', 'J46', 'J47', 'J48', 'J49', 'J50', 'J51', 'J52', 'J53', 'J54', 'J55', 'J56', 'J57', 'J58', 'J59', 'J60', 'J61', 'J62', 'J63', 'J64', 'J65', 'J66', 'J67', 'J68', 'J69', 'J70', 'J71', 'J72', 'J73', 'J74', 'J75', 'J76', 'J77', 'J78', 'J79', 'J80', 'J81', 'J82', 'J83', 'J85', 'J86', 'J87', 'J88', 'J89', 'J90', 'J91', 'J92', 'J93', 'J94', 'J95', 'J96', 'J97', 'J98', 'J99', 'J100', 'J101', 'J102', 'J103', 'J104', 'J105', 'J106', 'J108', 'J109', 'J110', 'J111', 'J112', 'J113', 'J114', 'J115', 'J116', 'J117', 'J118', 'J119', 'J120', 'J121', 'J122', 'J123', 'J124', 'J125', 'J126', 'J127', 'J128', 'J129', 'J130', 'J131', 'J132', 'J133', 'J134', 'J135', 'J136', 'J137', 'J138', 'J139', 'J140', 'J141', 'J142', 'J143', 'J144', 'J145', 'J146', 'J147', 'J148', 'J149', 'J150', 'J151', 'J152', 'J153', 'J154', 'J155', 'J156', 'J157', 'J158', 'J159', 'J160', 'J161', 'J162', 'J163', 'J164', 'J165', 'J166', 'J167', 'J168', 'J169', 'J170', 'J171', 'J172', 'J173', 'J174', 'J175', 'J176', 'J177', 'J178', 'J179', 'J180', 'J181', 'J182', 'J183', 'J184', 'J185', 'J186', 'J187', 'J188', 'J189', 'J190', 'J191', 'J192', 'J193', 'J194', 'J195', 'J196', 'J197', 'J198', 'J199', 'J200', 'J201', 'J202', 'J203', 'J204', 'J205', 'J206', 'J207', 'J208', 'J209', 'J210', 'J211', 'J212', 'J213', 'J214', 'J216', 'J217', 'J218', 'J219', 'J220', 'J221', 'J222', 'J223', 'J224', 'J225', 'J226', 'J227', 'J228', 'J229', 'J230', 'J231', 'J232', 'J233', 'J234', 'J235', 'J236', 'J237', 'J238', 'J239', 'J240', 'J241', 'J242', 'J243', 'J244', 'J245', 'J246', 'J247', 'J248', 'J249', 'J250', 'J251', 'J252', 'J253', 'J254', 'J255', 'J256', 'J257', 'J258', 'J259', 'J260', 'J261', 'J262', 'J263', 'J264', 'J265', 'J266', 'J267', 'J268', 'J269', 'J270', 'J271', 'J272', 'J273', 'J274', 'J275', 'J276', 'J277', 'J278', 'J279', 'J280', 'J281', 'J282', 'J283', 'J284', 'J285', 'J286', 'J287', 'J288', 'J289', 'J290', 'J291', 'J292', 'J293', 'J294', 'J295', 'J296', 'J297', 'J298', 'J299', 'J300']
- Machine states:
  - Machine M1: Time=6248.00, Idle=102.00, Material=Citybike_Laufraeder_montiert
  - Machine M2: Time=6350.00, Idle=0.00, Material=Racebike_Tretlageraufnahme_geschweisst
  - Machine M3: Time=6305.00, Idle=45.00, Material=Racebike_Tretlageraufnahme_geschweisst
==================================================

2025-06-06 14:32:17,156 - JSPGymEnvironment - INFO - Material change on machine M3: Racebike_Tretlageraufnahme_geschweisst -> Mountainbike_Hauptrahmen_zugeschnitten, setup time: 13
2025-06-06 14:32:17,157 - JSPGymEnvironment - INFO - Executed operation: Job J13, Op 1, Machine M3, Start: 6363, End: 6400, Setup: 13
2025-06-06 14:32:17,158 - JSPGymEnvironment - INFO - 
===== REWARD DETAILS FOR STEP 110 =====
Job: J13, Operation: 1, Job Completed: False
Current Time: 6350.00 -> 6400.00, Setup Time: 13.00
Processing Time: 37.00, Idle Time: 0.00
Completed Jobs: 4/300
Machine: M3, Material: Mountainbike_Hauptrahmen_zugeschnitten

REWARD COMPONENTS:
- makespan_reward: -0.2500
- setup_reward: -3.2500
- deadline_reward: 0.0000
- priority_reward: 0.0000
- critical_job_reward: 0.0000
- placement_reward: 0.0000
- timeliness_reward: -5.5912
- machine_idle_penalty: -2.5250

TOTAL REWARD: -11.6162

CUMULATIVE REWARD COMPONENTS:
- makespan_reward: -32.0000
- setup_reward: -732.2500
- deadline_reward: -5.2077
- priority_reward: 124.0000
- critical_job_reward: 38.7532
- placement_reward: 0.0000
- timeliness_reward: 140.6164
- machine_idle_penalty: -414.1000

CUMULATIVE TOTAL: -880.1881

CRITICAL STATE INFO:
- Valid actions: ['J1', 'J2', 'J3', 'J4', 'J5', 'J7', 'J8', 'J9', 'J10', 'J11', 'J12', 'J13', 'J14', 'J15', 'J16', 'J17', 'J18', 'J19', 'J20', 'J21', 'J22', 'J23', 'J24', 'J25', 'J26', 'J27', 'J28', 'J29', 'J30', 'J31', 'J32', 'J33', 'J34', 'J35', 'J36', 'J37', 'J38', 'J39', 'J40', 'J41', 'J42', 'J43', 'J44', 'J45', 'J46', 'J47', 'J48', 'J49', 'J50', 'J51', 'J52', 'J53', 'J54', 'J55', 'J56', 'J57', 'J58', 'J59', 'J60', 'J61', 'J62', 'J63', 'J64', 'J65', 'J66', 'J67', 'J68', 'J69', 'J70', 'J71', 'J72', 'J73', 'J74', 'J75', 'J76', 'J77', 'J78', 'J79', 'J80', 'J81', 'J82', 'J83', 'J85', 'J86', 'J87', 'J88', 'J89', 'J90', 'J91', 'J92', 'J93', 'J94', 'J95', 'J96', 'J97', 'J98', 'J99', 'J100', 'J101', 'J102', 'J103', 'J104', 'J105', 'J106', 'J108', 'J109', 'J110', 'J111', 'J112', 'J113', 'J114', 'J115', 'J116', 'J117', 'J118', 'J119', 'J120', 'J121', 'J122', 'J123', 'J124', 'J125', 'J126', 'J127', 'J128', 'J129', 'J130', 'J131', 'J132', 'J133', 'J134', 'J135', 'J136', 'J137', 'J138', 'J139', 'J140', 'J141', 'J142', 'J143', 'J144', 'J145', 'J146', 'J147', 'J148', 'J149', 'J150', 'J151', 'J152', 'J153', 'J154', 'J155', 'J156', 'J157', 'J158', 'J159', 'J160', 'J161', 'J162', 'J163', 'J164', 'J165', 'J166', 'J167', 'J168', 'J169', 'J170', 'J171', 'J172', 'J173', 'J174', 'J175', 'J176', 'J177', 'J178', 'J179', 'J180', 'J181', 'J182', 'J183', 'J184', 'J185', 'J186', 'J187', 'J188', 'J189', 'J190', 'J191', 'J192', 'J193', 'J194', 'J195', 'J196', 'J197', 'J198', 'J199', 'J200', 'J201', 'J202', 'J203', 'J204', 'J205', 'J206', 'J207', 'J208', 'J209', 'J210', 'J211', 'J212', 'J213', 'J214', 'J216', 'J217', 'J218', 'J219', 'J220', 'J221', 'J222', 'J223', 'J224', 'J225', 'J226', 'J227', 'J228', 'J229', 'J230', 'J231', 'J232', 'J233', 'J234', 'J235', 'J236', 'J237', 'J238', 'J239', 'J240', 'J241', 'J242', 'J243', 'J244', 'J245', 'J246', 'J247', 'J248', 'J249', 'J250', 'J251', 'J252', 'J253', 'J254', 'J255', 'J256', 'J257', 'J258', 'J259', 'J260', 'J261', 'J262', 'J263', 'J264', 'J265', 'J266', 'J267', 'J268', 'J269', 'J270', 'J271', 'J272', 'J273', 'J274', 'J275', 'J276', 'J277', 'J278', 'J279', 'J280', 'J281', 'J282', 'J283', 'J284', 'J285', 'J286', 'J287', 'J288', 'J289', 'J290', 'J291', 'J292', 'J293', 'J294', 'J295', 'J296', 'J297', 'J298', 'J299', 'J300']
- Machine states:
  - Machine M1: Time=6248.00, Idle=152.00, Material=Citybike_Laufraeder_montiert
  - Machine M2: Time=6350.00, Idle=50.00, Material=Racebike_Tretlageraufnahme_geschweisst
  - Machine M3: Time=6400.00, Idle=0.00, Material=Mountainbike_Hauptrahmen_zugeschnitten
==================================================

2025-06-06 14:32:28,747 - JSPGymEnvironment - INFO - Material change on machine M1: Citybike_Laufraeder_montiert -> Racebike_Tretlageraufnahme_geschweisst, setup time: 30
2025-06-06 14:32:28,748 - JSPGymEnvironment - INFO - Executed operation: Job J92, Op 0, Machine M1, Start: 6430, End: 6452, Setup: 30
2025-06-06 14:32:28,749 - JSPGymEnvironment - INFO - 
===== REWARD DETAILS FOR STEP 111 =====
Job: J92, Operation: 0, Job Completed: False
Current Time: 6400.00 -> 6452.00, Setup Time: 30.00
Processing Time: 22.00, Idle Time: 0.00
Completed Jobs: 4/300
Machine: M1, Material: Racebike_Tretlageraufnahme_geschweisst

REWARD COMPONENTS:
- makespan_reward: -0.2600
- setup_reward: -7.5000
- deadline_reward: 0.0000
- priority_reward: 0.0000
- critical_job_reward: 0.0000
- placement_reward: 0.0000
- timeliness_reward: -5.5921
- machine_idle_penalty: -1.9250

TOTAL REWARD: -15.2771

CUMULATIVE REWARD COMPONENTS:
- makespan_reward: -32.2600
- setup_reward: -739.7500
- deadline_reward: -5.2077
- priority_reward: 124.0000
- critical_job_reward: 38.7532
- placement_reward: 0.0000
- timeliness_reward: 135.0243
- machine_idle_penalty: -416.0250

CUMULATIVE TOTAL: -895.4652

CRITICAL STATE INFO:
- Valid actions: ['J1', 'J2', 'J3', 'J4', 'J5', 'J7', 'J8', 'J9', 'J10', 'J11', 'J12', 'J13', 'J14', 'J15', 'J16', 'J17', 'J18', 'J19', 'J20', 'J21', 'J22', 'J23', 'J24', 'J25', 'J26', 'J27', 'J28', 'J29', 'J30', 'J31', 'J32', 'J33', 'J34', 'J35', 'J36', 'J37', 'J38', 'J39', 'J40', 'J41', 'J42', 'J43', 'J44', 'J45', 'J46', 'J47', 'J48', 'J49', 'J50', 'J51', 'J52', 'J53', 'J54', 'J55', 'J56', 'J57', 'J58', 'J59', 'J60', 'J61', 'J62', 'J63', 'J64', 'J65', 'J66', 'J67', 'J68', 'J69', 'J70', 'J71', 'J72', 'J73', 'J74', 'J75', 'J76', 'J77', 'J78', 'J79', 'J80', 'J81', 'J82', 'J83', 'J85', 'J86', 'J87', 'J88', 'J89', 'J90', 'J91', 'J92', 'J93', 'J94', 'J95', 'J96', 'J97', 'J98', 'J99', 'J100', 'J101', 'J102', 'J103', 'J104', 'J105', 'J106', 'J108', 'J109', 'J110', 'J111', 'J112', 'J113', 'J114', 'J115', 'J116', 'J117', 'J118', 'J119', 'J120', 'J121', 'J122', 'J123', 'J124', 'J125', 'J126', 'J127', 'J128', 'J129', 'J130', 'J131', 'J132', 'J133', 'J134', 'J135', 'J136', 'J137', 'J138', 'J139', 'J140', 'J141', 'J142', 'J143', 'J144', 'J145', 'J146', 'J147', 'J148', 'J149', 'J150', 'J151', 'J152', 'J153', 'J154', 'J155', 'J156', 'J157', 'J158', 'J159', 'J160', 'J161', 'J162', 'J163', 'J164', 'J165', 'J166', 'J167', 'J168', 'J169', 'J170', 'J171', 'J172', 'J173', 'J174', 'J175', 'J176', 'J177', 'J178', 'J179', 'J180', 'J181', 'J182', 'J183', 'J184', 'J185', 'J186', 'J187', 'J188', 'J189', 'J190', 'J191', 'J192', 'J193', 'J194', 'J195', 'J196', 'J197', 'J198', 'J199', 'J200', 'J201', 'J202', 'J203', 'J204', 'J205', 'J206', 'J207', 'J208', 'J209', 'J210', 'J211', 'J212', 'J213', 'J214', 'J216', 'J217', 'J218', 'J219', 'J220', 'J221', 'J222', 'J223', 'J224', 'J225', 'J226', 'J227', 'J228', 'J229', 'J230', 'J231', 'J232', 'J233', 'J234', 'J235', 'J236', 'J237', 'J238', 'J239', 'J240', 'J241', 'J242', 'J243', 'J244', 'J245', 'J246', 'J247', 'J248', 'J249', 'J250', 'J251', 'J252', 'J253', 'J254', 'J255', 'J256', 'J257', 'J258', 'J259', 'J260', 'J261', 'J262', 'J263', 'J264', 'J265', 'J266', 'J267', 'J268', 'J269', 'J270', 'J271', 'J272', 'J273', 'J274', 'J275', 'J276', 'J277', 'J278', 'J279', 'J280', 'J281', 'J282', 'J283', 'J284', 'J285', 'J286', 'J287', 'J288', 'J289', 'J290', 'J291', 'J292', 'J293', 'J294', 'J295', 'J296', 'J297', 'J298', 'J299', 'J300']
- Machine states:
  - Machine M1: Time=6452.00, Idle=0.00, Material=Racebike_Tretlageraufnahme_geschweisst
  - Machine M2: Time=6350.00, Idle=102.00, Material=Racebike_Tretlageraufnahme_geschweisst
  - Machine M3: Time=6400.00, Idle=52.00, Material=Mountainbike_Hauptrahmen_zugeschnitten
==================================================

2025-06-06 14:32:41,113 - JSPGymEnvironment - INFO - Material change on machine M3: Mountainbike_Hauptrahmen_zugeschnitten -> E-Bike_Steuerrohr_montiert, setup time: 25
2025-06-06 14:32:41,114 - JSPGymEnvironment - INFO - Executed operation: Job J7, Op 3, Machine M3, Start: 6477, End: 6499, Setup: 25
2025-06-06 14:32:41,115 - JSPGymEnvironment - INFO - 
===== REWARD DETAILS FOR STEP 112 =====
Job: J7, Operation: 3, Job Completed: False
Current Time: 6452.00 -> 6499.00, Setup Time: 25.00
Processing Time: 22.00, Idle Time: 0.00
Completed Jobs: 4/300
Machine: M3, Material: E-Bike_Steuerrohr_montiert

REWARD COMPONENTS:
- makespan_reward: -0.2350
- setup_reward: -6.2500
- deadline_reward: 0.0000
- priority_reward: 0.0000
- critical_job_reward: 0.0000
- placement_reward: 0.0000
- timeliness_reward: -5.5929
- machine_idle_penalty: -2.4500

TOTAL REWARD: -14.5279

CUMULATIVE REWARD COMPONENTS:
- makespan_reward: -32.4950
- setup_reward: -746.0000
- deadline_reward: -5.2077
- priority_reward: 124.0000
- critical_job_reward: 38.7532
- placement_reward: 0.0000
- timeliness_reward: 129.4314
- machine_idle_penalty: -418.4750

CUMULATIVE TOTAL: -909.9931

CRITICAL STATE INFO:
- Valid actions: ['J1', 'J2', 'J3', 'J4', 'J5', 'J7', 'J8', 'J9', 'J10', 'J11', 'J12', 'J13', 'J14', 'J15', 'J16', 'J17', 'J18', 'J19', 'J20', 'J21', 'J22', 'J23', 'J24', 'J25', 'J26', 'J27', 'J28', 'J29', 'J30', 'J31', 'J32', 'J33', 'J34', 'J35', 'J36', 'J37', 'J38', 'J39', 'J40', 'J41', 'J42', 'J43', 'J44', 'J45', 'J46', 'J47', 'J48', 'J49', 'J50', 'J51', 'J52', 'J53', 'J54', 'J55', 'J56', 'J57', 'J58', 'J59', 'J60', 'J61', 'J62', 'J63', 'J64', 'J65', 'J66', 'J67', 'J68', 'J69', 'J70', 'J71', 'J72', 'J73', 'J74', 'J75', 'J76', 'J77', 'J78', 'J79', 'J80', 'J81', 'J82', 'J83', 'J85', 'J86', 'J87', 'J88', 'J89', 'J90', 'J91', 'J92', 'J93', 'J94', 'J95', 'J96', 'J97', 'J98', 'J99', 'J100', 'J101', 'J102', 'J103', 'J104', 'J105', 'J106', 'J108', 'J109', 'J110', 'J111', 'J112', 'J113', 'J114', 'J115', 'J116', 'J117', 'J118', 'J119', 'J120', 'J121', 'J122', 'J123', 'J124', 'J125', 'J126', 'J127', 'J128', 'J129', 'J130', 'J131', 'J132', 'J133', 'J134', 'J135', 'J136', 'J137', 'J138', 'J139', 'J140', 'J141', 'J142', 'J143', 'J144', 'J145', 'J146', 'J147', 'J148', 'J149', 'J150', 'J151', 'J152', 'J153', 'J154', 'J155', 'J156', 'J157', 'J158', 'J159', 'J160', 'J161', 'J162', 'J163', 'J164', 'J165', 'J166', 'J167', 'J168', 'J169', 'J170', 'J171', 'J172', 'J173', 'J174', 'J175', 'J176', 'J177', 'J178', 'J179', 'J180', 'J181', 'J182', 'J183', 'J184', 'J185', 'J186', 'J187', 'J188', 'J189', 'J190', 'J191', 'J192', 'J193', 'J194', 'J195', 'J196', 'J197', 'J198', 'J199', 'J200', 'J201', 'J202', 'J203', 'J204', 'J205', 'J206', 'J207', 'J208', 'J209', 'J210', 'J211', 'J212', 'J213', 'J214', 'J216', 'J217', 'J218', 'J219', 'J220', 'J221', 'J222', 'J223', 'J224', 'J225', 'J226', 'J227', 'J228', 'J229', 'J230', 'J231', 'J232', 'J233', 'J234', 'J235', 'J236', 'J237', 'J238', 'J239', 'J240', 'J241', 'J242', 'J243', 'J244', 'J245', 'J246', 'J247', 'J248', 'J249', 'J250', 'J251', 'J252', 'J253', 'J254', 'J255', 'J256', 'J257', 'J258', 'J259', 'J260', 'J261', 'J262', 'J263', 'J264', 'J265', 'J266', 'J267', 'J268', 'J269', 'J270', 'J271', 'J272', 'J273', 'J274', 'J275', 'J276', 'J277', 'J278', 'J279', 'J280', 'J281', 'J282', 'J283', 'J284', 'J285', 'J286', 'J287', 'J288', 'J289', 'J290', 'J291', 'J292', 'J293', 'J294', 'J295', 'J296', 'J297', 'J298', 'J299', 'J300']
- Machine states:
  - Machine M1: Time=6452.00, Idle=47.00, Material=Racebike_Tretlageraufnahme_geschweisst
  - Machine M2: Time=6350.00, Idle=149.00, Material=Racebike_Tretlageraufnahme_geschweisst
  - Machine M3: Time=6499.00, Idle=0.00, Material=E-Bike_Steuerrohr_montiert
==================================================

2025-06-06 14:32:52,969 - JSPGymEnvironment - INFO - Material change on machine M2: Racebike_Tretlageraufnahme_geschweisst -> Racebike_Bremsen_justiert, setup time: 20
2025-06-06 14:32:52,969 - JSPGymEnvironment - INFO - Executed operation: Job J214, Op 0, Machine M2, Start: 6519, End: 6538, Setup: 20
2025-06-06 14:32:52,970 - JSPGymEnvironment - INFO - 
===== REWARD DETAILS FOR STEP 113 =====
Job: J214, Operation: 0, Job Completed: False
Current Time: 6499.00 -> 6538.00, Setup Time: 20.00
Processing Time: 19.00, Idle Time: 0.00
Completed Jobs: 4/300
Machine: M2, Material: Racebike_Bremsen_justiert

REWARD COMPONENTS:
- makespan_reward: -0.1950
- setup_reward: -5.0000
- deadline_reward: 0.0000
- priority_reward: 0.0000
- critical_job_reward: 0.5000
- placement_reward: 0.0000
- timeliness_reward: -5.5934
- machine_idle_penalty: -1.5625

TOTAL REWARD: -11.8509

CUMULATIVE REWARD COMPONENTS:
- makespan_reward: -32.6900
- setup_reward: -751.0000
- deadline_reward: -5.2077
- priority_reward: 124.0000
- critical_job_reward: 39.2532
- placement_reward: 0.0000
- timeliness_reward: 123.8379
- machine_idle_penalty: -420.0375

CUMULATIVE TOTAL: -921.8441

CRITICAL STATE INFO:
- Valid actions: ['J1', 'J2', 'J3', 'J4', 'J5', 'J7', 'J8', 'J9', 'J10', 'J11', 'J12', 'J13', 'J14', 'J15', 'J16', 'J17', 'J18', 'J19', 'J20', 'J21', 'J22', 'J23', 'J24', 'J25', 'J26', 'J27', 'J28', 'J29', 'J30', 'J31', 'J32', 'J33', 'J34', 'J35', 'J36', 'J37', 'J38', 'J39', 'J40', 'J41', 'J42', 'J43', 'J44', 'J45', 'J46', 'J47', 'J48', 'J49', 'J50', 'J51', 'J52', 'J53', 'J54', 'J55', 'J56', 'J57', 'J58', 'J59', 'J60', 'J61', 'J62', 'J63', 'J64', 'J65', 'J66', 'J67', 'J68', 'J69', 'J70', 'J71', 'J72', 'J73', 'J74', 'J75', 'J76', 'J77', 'J78', 'J79', 'J80', 'J81', 'J82', 'J83', 'J85', 'J86', 'J87', 'J88', 'J89', 'J90', 'J91', 'J92', 'J93', 'J94', 'J95', 'J96', 'J97', 'J98', 'J99', 'J100', 'J101', 'J102', 'J103', 'J104', 'J105', 'J106', 'J108', 'J109', 'J110', 'J111', 'J112', 'J113', 'J114', 'J115', 'J116', 'J117', 'J118', 'J119', 'J120', 'J121', 'J122', 'J123', 'J124', 'J125', 'J126', 'J127', 'J128', 'J129', 'J130', 'J131', 'J132', 'J133', 'J134', 'J135', 'J136', 'J137', 'J138', 'J139', 'J140', 'J141', 'J142', 'J143', 'J144', 'J145', 'J146', 'J147', 'J148', 'J149', 'J150', 'J151', 'J152', 'J153', 'J154', 'J155', 'J156', 'J157', 'J158', 'J159', 'J160', 'J161', 'J162', 'J163', 'J164', 'J165', 'J166', 'J167', 'J168', 'J169', 'J170', 'J171', 'J172', 'J173', 'J174', 'J175', 'J176', 'J177', 'J178', 'J179', 'J180', 'J181', 'J182', 'J183', 'J184', 'J185', 'J186', 'J187', 'J188', 'J189', 'J190', 'J191', 'J192', 'J193', 'J194', 'J195', 'J196', 'J197', 'J198', 'J199', 'J200', 'J201', 'J202', 'J203', 'J204', 'J205', 'J206', 'J207', 'J208', 'J209', 'J210', 'J211', 'J212', 'J213', 'J214', 'J216', 'J217', 'J218', 'J219', 'J220', 'J221', 'J222', 'J223', 'J224', 'J225', 'J226', 'J227', 'J228', 'J229', 'J230', 'J231', 'J232', 'J233', 'J234', 'J235', 'J236', 'J237', 'J238', 'J239', 'J240', 'J241', 'J242', 'J243', 'J244', 'J245', 'J246', 'J247', 'J248', 'J249', 'J250', 'J251', 'J252', 'J253', 'J254', 'J255', 'J256', 'J257', 'J258', 'J259', 'J260', 'J261', 'J262', 'J263', 'J264', 'J265', 'J266', 'J267', 'J268', 'J269', 'J270', 'J271', 'J272', 'J273', 'J274', 'J275', 'J276', 'J277', 'J278', 'J279', 'J280', 'J281', 'J282', 'J283', 'J284', 'J285', 'J286', 'J287', 'J288', 'J289', 'J290', 'J291', 'J292', 'J293', 'J294', 'J295', 'J296', 'J297', 'J298', 'J299', 'J300']
- Machine states:
  - Machine M1: Time=6452.00, Idle=86.00, Material=Racebike_Tretlageraufnahme_geschweisst
  - Machine M2: Time=6538.00, Idle=0.00, Material=Racebike_Bremsen_justiert
  - Machine M3: Time=6499.00, Idle=39.00, Material=E-Bike_Steuerrohr_montiert
==================================================

2025-06-06 14:33:04,582 - JSPGymEnvironment - INFO - Material change on machine M1: Racebike_Tretlageraufnahme_geschweisst -> Mountainbike_Tretlageraufnahme_geschweisst, setup time: 46
2025-06-06 14:33:04,583 - JSPGymEnvironment - INFO - Executed operation: Job J163, Op 1, Machine M1, Start: 6584, End: 6607, Setup: 46
2025-06-06 14:33:04,584 - JSPGymEnvironment - INFO - 
===== REWARD DETAILS FOR STEP 114 =====
Job: J163, Operation: 1, Job Completed: False
Current Time: 6538.00 -> 6607.00, Setup Time: 46.00
Processing Time: 23.00, Idle Time: 0.00
Completed Jobs: 4/300
Machine: M1, Material: Mountainbike_Tretlageraufnahme_geschweisst

REWARD COMPONENTS:
- makespan_reward: -0.3450
- setup_reward: -11.5000
- deadline_reward: 0.0000
- priority_reward: 0.0000
- critical_job_reward: 0.0000
- placement_reward: 0.0000
- timeliness_reward: -5.5943
- machine_idle_penalty: -2.2125

TOTAL REWARD: -19.6518

CUMULATIVE REWARD COMPONENTS:
- makespan_reward: -33.0350
- setup_reward: -762.5000
- deadline_reward: -5.2077
- priority_reward: 124.0000
- critical_job_reward: 39.2532
- placement_reward: 0.0000
- timeliness_reward: 118.2436
- machine_idle_penalty: -422.2500

CUMULATIVE TOTAL: -941.4959

CRITICAL STATE INFO:
- Valid actions: ['J1', 'J2', 'J3', 'J4', 'J5', 'J7', 'J8', 'J9', 'J10', 'J11', 'J12', 'J13', 'J14', 'J15', 'J16', 'J17', 'J18', 'J19', 'J20', 'J21', 'J22', 'J23', 'J24', 'J25', 'J26', 'J27', 'J28', 'J29', 'J30', 'J31', 'J32', 'J33', 'J34', 'J35', 'J36', 'J37', 'J38', 'J39', 'J40', 'J41', 'J42', 'J43', 'J44', 'J45', 'J46', 'J47', 'J48', 'J49', 'J50', 'J51', 'J52', 'J53', 'J54', 'J55', 'J56', 'J57', 'J58', 'J59', 'J60', 'J61', 'J62', 'J63', 'J64', 'J65', 'J66', 'J67', 'J68', 'J69', 'J70', 'J71', 'J72', 'J73', 'J74', 'J75', 'J76', 'J77', 'J78', 'J79', 'J80', 'J81', 'J82', 'J83', 'J85', 'J86', 'J87', 'J88', 'J89', 'J90', 'J91', 'J92', 'J93', 'J94', 'J95', 'J96', 'J97', 'J98', 'J99', 'J100', 'J101', 'J102', 'J103', 'J104', 'J105', 'J106', 'J108', 'J109', 'J110', 'J111', 'J112', 'J113', 'J114', 'J115', 'J116', 'J117', 'J118', 'J119', 'J120', 'J121', 'J122', 'J123', 'J124', 'J125', 'J126', 'J127', 'J128', 'J129', 'J130', 'J131', 'J132', 'J133', 'J134', 'J135', 'J136', 'J137', 'J138', 'J139', 'J140', 'J141', 'J142', 'J143', 'J144', 'J145', 'J146', 'J147', 'J148', 'J149', 'J150', 'J151', 'J152', 'J153', 'J154', 'J155', 'J156', 'J157', 'J158', 'J159', 'J160', 'J161', 'J162', 'J163', 'J164', 'J165', 'J166', 'J167', 'J168', 'J169', 'J170', 'J171', 'J172', 'J173', 'J174', 'J175', 'J176', 'J177', 'J178', 'J179', 'J180', 'J181', 'J182', 'J183', 'J184', 'J185', 'J186', 'J187', 'J188', 'J189', 'J190', 'J191', 'J192', 'J193', 'J194', 'J195', 'J196', 'J197', 'J198', 'J199', 'J200', 'J201', 'J202', 'J203', 'J204', 'J205', 'J206', 'J207', 'J208', 'J209', 'J210', 'J211', 'J212', 'J213', 'J214', 'J216', 'J217', 'J218', 'J219', 'J220', 'J221', 'J222', 'J223', 'J224', 'J225', 'J226', 'J227', 'J228', 'J229', 'J230', 'J231', 'J232', 'J233', 'J234', 'J235', 'J236', 'J237', 'J238', 'J239', 'J240', 'J241', 'J242', 'J243', 'J244', 'J245', 'J246', 'J247', 'J248', 'J249', 'J250', 'J251', 'J252', 'J253', 'J254', 'J255', 'J256', 'J257', 'J258', 'J259', 'J260', 'J261', 'J262', 'J263', 'J264', 'J265', 'J266', 'J267', 'J268', 'J269', 'J270', 'J271', 'J272', 'J273', 'J274', 'J275', 'J276', 'J277', 'J278', 'J279', 'J280', 'J281', 'J282', 'J283', 'J284', 'J285', 'J286', 'J287', 'J288', 'J289', 'J290', 'J291', 'J292', 'J293', 'J294', 'J295', 'J296', 'J297', 'J298', 'J299', 'J300']
- Machine states:
  - Machine M1: Time=6607.00, Idle=0.00, Material=Mountainbike_Tretlageraufnahme_geschweisst
  - Machine M2: Time=6538.00, Idle=69.00, Material=Racebike_Bremsen_justiert
  - Machine M3: Time=6499.00, Idle=108.00, Material=E-Bike_Steuerrohr_montiert
==================================================

2025-06-06 14:33:16,917 - JSPGymEnvironment - INFO - Material change on machine M3: E-Bike_Steuerrohr_montiert -> E-Bike_Hinterbau_vorbereitet, setup time: 15
2025-06-06 14:33:16,917 - JSPGymEnvironment - INFO - Executed operation: Job J7, Op 4, Machine M3, Start: 6622, End: 6653, Setup: 15
2025-06-06 14:33:16,918 - JSPGymEnvironment - INFO - 
===== REWARD DETAILS FOR STEP 115 =====
Job: J7, Operation: 4, Job Completed: False
Current Time: 6607.00 -> 6653.00, Setup Time: 15.00
Processing Time: 31.00, Idle Time: 0.00
Completed Jobs: 4/300
Machine: M3, Material: E-Bike_Hinterbau_vorbereitet

REWARD COMPONENTS:
- makespan_reward: -0.2300
- setup_reward: -3.7500
- deadline_reward: 0.0000
- priority_reward: 0.0000
- critical_job_reward: 0.0000
- placement_reward: 0.0000
- timeliness_reward: -5.5949
- machine_idle_penalty: -2.0125

TOTAL REWARD: -11.5874

CUMULATIVE REWARD COMPONENTS:
- makespan_reward: -33.2650
- setup_reward: -766.2500
- deadline_reward: -5.2077
- priority_reward: 124.0000
- critical_job_reward: 39.2532
- placement_reward: 0.0000
- timeliness_reward: 112.6487
- machine_idle_penalty: -424.2625

CUMULATIVE TOTAL: -953.0832

CRITICAL STATE INFO:
- Valid actions: ['J1', 'J2', 'J3', 'J4', 'J5', 'J7', 'J8', 'J9', 'J10', 'J11', 'J12', 'J13', 'J14', 'J15', 'J16', 'J17', 'J18', 'J19', 'J20', 'J21', 'J22', 'J23', 'J24', 'J25', 'J26', 'J27', 'J28', 'J29', 'J30', 'J31', 'J32', 'J33', 'J34', 'J35', 'J36', 'J37', 'J38', 'J39', 'J40', 'J41', 'J42', 'J43', 'J44', 'J45', 'J46', 'J47', 'J48', 'J49', 'J50', 'J51', 'J52', 'J53', 'J54', 'J55', 'J56', 'J57', 'J58', 'J59', 'J60', 'J61', 'J62', 'J63', 'J64', 'J65', 'J66', 'J67', 'J68', 'J69', 'J70', 'J71', 'J72', 'J73', 'J74', 'J75', 'J76', 'J77', 'J78', 'J79', 'J80', 'J81', 'J82', 'J83', 'J85', 'J86', 'J87', 'J88', 'J89', 'J90', 'J91', 'J92', 'J93', 'J94', 'J95', 'J96', 'J97', 'J98', 'J99', 'J100', 'J101', 'J102', 'J103', 'J104', 'J105', 'J106', 'J108', 'J109', 'J110', 'J111', 'J112', 'J113', 'J114', 'J115', 'J116', 'J117', 'J118', 'J119', 'J120', 'J121', 'J122', 'J123', 'J124', 'J125', 'J126', 'J127', 'J128', 'J129', 'J130', 'J131', 'J132', 'J133', 'J134', 'J135', 'J136', 'J137', 'J138', 'J139', 'J140', 'J141', 'J142', 'J143', 'J144', 'J145', 'J146', 'J147', 'J148', 'J149', 'J150', 'J151', 'J152', 'J153', 'J154', 'J155', 'J156', 'J157', 'J158', 'J159', 'J160', 'J161', 'J162', 'J163', 'J164', 'J165', 'J166', 'J167', 'J168', 'J169', 'J170', 'J171', 'J172', 'J173', 'J174', 'J175', 'J176', 'J177', 'J178', 'J179', 'J180', 'J181', 'J182', 'J183', 'J184', 'J185', 'J186', 'J187', 'J188', 'J189', 'J190', 'J191', 'J192', 'J193', 'J194', 'J195', 'J196', 'J197', 'J198', 'J199', 'J200', 'J201', 'J202', 'J203', 'J204', 'J205', 'J206', 'J207', 'J208', 'J209', 'J210', 'J211', 'J212', 'J213', 'J214', 'J216', 'J217', 'J218', 'J219', 'J220', 'J221', 'J222', 'J223', 'J224', 'J225', 'J226', 'J227', 'J228', 'J229', 'J230', 'J231', 'J232', 'J233', 'J234', 'J235', 'J236', 'J237', 'J238', 'J239', 'J240', 'J241', 'J242', 'J243', 'J244', 'J245', 'J246', 'J247', 'J248', 'J249', 'J250', 'J251', 'J252', 'J253', 'J254', 'J255', 'J256', 'J257', 'J258', 'J259', 'J260', 'J261', 'J262', 'J263', 'J264', 'J265', 'J266', 'J267', 'J268', 'J269', 'J270', 'J271', 'J272', 'J273', 'J274', 'J275', 'J276', 'J277', 'J278', 'J279', 'J280', 'J281', 'J282', 'J283', 'J284', 'J285', 'J286', 'J287', 'J288', 'J289', 'J290', 'J291', 'J292', 'J293', 'J294', 'J295', 'J296', 'J297', 'J298', 'J299', 'J300']
- Machine states:
  - Machine M1: Time=6607.00, Idle=46.00, Material=Mountainbike_Tretlageraufnahme_geschweisst
  - Machine M2: Time=6538.00, Idle=115.00, Material=Racebike_Bremsen_justiert
  - Machine M3: Time=6653.00, Idle=0.00, Material=E-Bike_Hinterbau_vorbereitet
==================================================

2025-06-06 14:33:28,628 - JSPGymEnvironment - INFO - Material change on machine M3: E-Bike_Hinterbau_vorbereitet -> Mountainbike_Bremsen_justiert, setup time: 24
2025-06-06 14:33:28,628 - JSPGymEnvironment - INFO - Executed operation: Job J80, Op 3, Machine M3, Start: 6677, End: 6701, Setup: 24
2025-06-06 14:33:28,630 - JSPGymEnvironment - INFO - 
===== REWARD DETAILS FOR STEP 116 =====
Job: J80, Operation: 3, Job Completed: False
Current Time: 6653.00 -> 6701.00, Setup Time: 24.00
Processing Time: 24.00, Idle Time: 0.00
Completed Jobs: 4/300
Machine: M3, Material: Mountainbike_Bremsen_justiert

REWARD COMPONENTS:
- makespan_reward: -0.2400
- setup_reward: -6.0000
- deadline_reward: 0.0000
- priority_reward: 0.0000
- critical_job_reward: 0.0000
- placement_reward: 0.0000
- timeliness_reward: -5.5954
- machine_idle_penalty: -3.2125

TOTAL REWARD: -15.0479

CUMULATIVE REWARD COMPONENTS:
- makespan_reward: -33.5050
- setup_reward: -772.2500
- deadline_reward: -5.2077
- priority_reward: 124.0000
- critical_job_reward: 39.2532
- placement_reward: 0.0000
- timeliness_reward: 107.0534
- machine_idle_penalty: -427.4750

CUMULATIVE TOTAL: -968.1311

CRITICAL STATE INFO:
- Valid actions: ['J1', 'J2', 'J3', 'J4', 'J5', 'J7', 'J8', 'J9', 'J10', 'J11', 'J12', 'J13', 'J14', 'J15', 'J16', 'J17', 'J18', 'J19', 'J20', 'J21', 'J22', 'J23', 'J24', 'J25', 'J26', 'J27', 'J28', 'J29', 'J30', 'J31', 'J32', 'J33', 'J34', 'J35', 'J36', 'J37', 'J38', 'J39', 'J40', 'J41', 'J42', 'J43', 'J44', 'J45', 'J46', 'J47', 'J48', 'J49', 'J50', 'J51', 'J52', 'J53', 'J54', 'J55', 'J56', 'J57', 'J58', 'J59', 'J60', 'J61', 'J62', 'J63', 'J64', 'J65', 'J66', 'J67', 'J68', 'J69', 'J70', 'J71', 'J72', 'J73', 'J74', 'J75', 'J76', 'J77', 'J78', 'J79', 'J80', 'J81', 'J82', 'J83', 'J85', 'J86', 'J87', 'J88', 'J89', 'J90', 'J91', 'J92', 'J93', 'J94', 'J95', 'J96', 'J97', 'J98', 'J99', 'J100', 'J101', 'J102', 'J103', 'J104', 'J105', 'J106', 'J108', 'J109', 'J110', 'J111', 'J112', 'J113', 'J114', 'J115', 'J116', 'J117', 'J118', 'J119', 'J120', 'J121', 'J122', 'J123', 'J124', 'J125', 'J126', 'J127', 'J128', 'J129', 'J130', 'J131', 'J132', 'J133', 'J134', 'J135', 'J136', 'J137', 'J138', 'J139', 'J140', 'J141', 'J142', 'J143', 'J144', 'J145', 'J146', 'J147', 'J148', 'J149', 'J150', 'J151', 'J152', 'J153', 'J154', 'J155', 'J156', 'J157', 'J158', 'J159', 'J160', 'J161', 'J162', 'J163', 'J164', 'J165', 'J166', 'J167', 'J168', 'J169', 'J170', 'J171', 'J172', 'J173', 'J174', 'J175', 'J176', 'J177', 'J178', 'J179', 'J180', 'J181', 'J182', 'J183', 'J184', 'J185', 'J186', 'J187', 'J188', 'J189', 'J190', 'J191', 'J192', 'J193', 'J194', 'J195', 'J196', 'J197', 'J198', 'J199', 'J200', 'J201', 'J202', 'J203', 'J204', 'J205', 'J206', 'J207', 'J208', 'J209', 'J210', 'J211', 'J212', 'J213', 'J214', 'J216', 'J217', 'J218', 'J219', 'J220', 'J221', 'J222', 'J223', 'J224', 'J225', 'J226', 'J227', 'J228', 'J229', 'J230', 'J231', 'J232', 'J233', 'J234', 'J235', 'J236', 'J237', 'J238', 'J239', 'J240', 'J241', 'J242', 'J243', 'J244', 'J245', 'J246', 'J247', 'J248', 'J249', 'J250', 'J251', 'J252', 'J253', 'J254', 'J255', 'J256', 'J257', 'J258', 'J259', 'J260', 'J261', 'J262', 'J263', 'J264', 'J265', 'J266', 'J267', 'J268', 'J269', 'J270', 'J271', 'J272', 'J273', 'J274', 'J275', 'J276', 'J277', 'J278', 'J279', 'J280', 'J281', 'J282', 'J283', 'J284', 'J285', 'J286', 'J287', 'J288', 'J289', 'J290', 'J291', 'J292', 'J293', 'J294', 'J295', 'J296', 'J297', 'J298', 'J299', 'J300']
- Machine states:
  - Machine M1: Time=6607.00, Idle=94.00, Material=Mountainbike_Tretlageraufnahme_geschweisst
  - Machine M2: Time=6538.00, Idle=163.00, Material=Racebike_Bremsen_justiert
  - Machine M3: Time=6701.00, Idle=0.00, Material=Mountainbike_Bremsen_justiert
==================================================

2025-06-06 14:33:40,188 - JSPGymEnvironment - INFO - Material change on machine M3: Mountainbike_Bremsen_justiert -> Citybike_Antrieb_installiert, setup time: 16
2025-06-06 14:33:40,189 - JSPGymEnvironment - INFO - Executed operation: Job J291, Op 3, Machine M3, Start: 6717, End: 6751, Setup: 16
2025-06-06 14:33:40,190 - JSPGymEnvironment - INFO - 
===== REWARD DETAILS FOR STEP 117 =====
Job: J291, Operation: 3, Job Completed: False
Current Time: 6701.00 -> 6751.00, Setup Time: 16.00
Processing Time: 34.00, Idle Time: 0.00
Completed Jobs: 4/300
Machine: M3, Material: Citybike_Antrieb_installiert

REWARD COMPONENTS:
- makespan_reward: -0.2500
- setup_reward: -4.0000
- deadline_reward: 0.0000
- priority_reward: 0.0000
- critical_job_reward: 0.0000
- placement_reward: 0.0000
- timeliness_reward: -5.5958
- machine_idle_penalty: -4.4625

TOTAL REWARD: -14.3083

CUMULATIVE REWARD COMPONENTS:
- makespan_reward: -33.7550
- setup_reward: -776.2500
- deadline_reward: -5.2077
- priority_reward: 124.0000
- critical_job_reward: 39.2532
- placement_reward: 0.0000
- timeliness_reward: 101.4576
- machine_idle_penalty: -431.9375

CUMULATIVE TOTAL: -982.4394

CRITICAL STATE INFO:
- Valid actions: ['J1', 'J2', 'J3', 'J4', 'J5', 'J7', 'J8', 'J9', 'J10', 'J11', 'J12', 'J13', 'J14', 'J15', 'J16', 'J17', 'J18', 'J19', 'J20', 'J21', 'J22', 'J23', 'J24', 'J25', 'J26', 'J27', 'J28', 'J29', 'J30', 'J31', 'J32', 'J33', 'J34', 'J35', 'J36', 'J37', 'J38', 'J39', 'J40', 'J41', 'J42', 'J43', 'J44', 'J45', 'J46', 'J47', 'J48', 'J49', 'J50', 'J51', 'J52', 'J53', 'J54', 'J55', 'J56', 'J57', 'J58', 'J59', 'J60', 'J61', 'J62', 'J63', 'J64', 'J65', 'J66', 'J67', 'J68', 'J69', 'J70', 'J71', 'J72', 'J73', 'J74', 'J75', 'J76', 'J77', 'J78', 'J79', 'J80', 'J81', 'J82', 'J83', 'J85', 'J86', 'J87', 'J88', 'J89', 'J90', 'J91', 'J92', 'J93', 'J94', 'J95', 'J96', 'J97', 'J98', 'J99', 'J100', 'J101', 'J102', 'J103', 'J104', 'J105', 'J106', 'J108', 'J109', 'J110', 'J111', 'J112', 'J113', 'J114', 'J115', 'J116', 'J117', 'J118', 'J119', 'J120', 'J121', 'J122', 'J123', 'J124', 'J125', 'J126', 'J127', 'J128', 'J129', 'J130', 'J131', 'J132', 'J133', 'J134', 'J135', 'J136', 'J137', 'J138', 'J139', 'J140', 'J141', 'J142', 'J143', 'J144', 'J145', 'J146', 'J147', 'J148', 'J149', 'J150', 'J151', 'J152', 'J153', 'J154', 'J155', 'J156', 'J157', 'J158', 'J159', 'J160', 'J161', 'J162', 'J163', 'J164', 'J165', 'J166', 'J167', 'J168', 'J169', 'J170', 'J171', 'J172', 'J173', 'J174', 'J175', 'J176', 'J177', 'J178', 'J179', 'J180', 'J181', 'J182', 'J183', 'J184', 'J185', 'J186', 'J187', 'J188', 'J189', 'J190', 'J191', 'J192', 'J193', 'J194', 'J195', 'J196', 'J197', 'J198', 'J199', 'J200', 'J201', 'J202', 'J203', 'J204', 'J205', 'J206', 'J207', 'J208', 'J209', 'J210', 'J211', 'J212', 'J213', 'J214', 'J216', 'J217', 'J218', 'J219', 'J220', 'J221', 'J222', 'J223', 'J224', 'J225', 'J226', 'J227', 'J228', 'J229', 'J230', 'J231', 'J232', 'J233', 'J234', 'J235', 'J236', 'J237', 'J238', 'J239', 'J240', 'J241', 'J242', 'J243', 'J244', 'J245', 'J246', 'J247', 'J248', 'J249', 'J250', 'J251', 'J252', 'J253', 'J254', 'J255', 'J256', 'J257', 'J258', 'J259', 'J260', 'J261', 'J262', 'J263', 'J264', 'J265', 'J266', 'J267', 'J268', 'J269', 'J270', 'J271', 'J272', 'J273', 'J274', 'J275', 'J276', 'J277', 'J278', 'J279', 'J280', 'J281', 'J282', 'J283', 'J284', 'J285', 'J286', 'J287', 'J288', 'J289', 'J290', 'J291', 'J292', 'J293', 'J294', 'J295', 'J296', 'J297', 'J298', 'J299', 'J300']
- Machine states:
  - Machine M1: Time=6607.00, Idle=144.00, Material=Mountainbike_Tretlageraufnahme_geschweisst
  - Machine M2: Time=6538.00, Idle=213.00, Material=Racebike_Bremsen_justiert
  - Machine M3: Time=6751.00, Idle=0.00, Material=Citybike_Antrieb_installiert
==================================================

2025-06-06 14:33:52,656 - JSPGymEnvironment - INFO - Material change on machine M3: Citybike_Antrieb_installiert -> E-Bike_Rahmen_nachbearbeitet, setup time: 15
2025-06-06 14:33:52,656 - JSPGymEnvironment - INFO - Executed operation: Job J7, Op 5, Machine M3, Start: 6766, End: 6795, Setup: 15
2025-06-06 14:33:52,657 - JSPGymEnvironment - INFO - 
===== REWARD DETAILS FOR STEP 118 =====
Job: J7, Operation: 5, Job Completed: False
Current Time: 6751.00 -> 6795.00, Setup Time: 15.00
Processing Time: 29.00, Idle Time: 0.00
Completed Jobs: 4/300
Machine: M3, Material: E-Bike_Rahmen_nachbearbeitet

REWARD COMPONENTS:
- makespan_reward: -0.2200
- setup_reward: -3.7500
- deadline_reward: 0.0000
- priority_reward: 0.0000
- critical_job_reward: 0.0000
- placement_reward: 0.0000
- timeliness_reward: -5.5962
- machine_idle_penalty: -5.5625

TOTAL REWARD: -15.1287

CUMULATIVE REWARD COMPONENTS:
- makespan_reward: -33.9750
- setup_reward: -780.0000
- deadline_reward: -5.2077
- priority_reward: 124.0000
- critical_job_reward: 39.2532
- placement_reward: 0.0000
- timeliness_reward: 95.8614
- machine_idle_penalty: -437.5000

CUMULATIVE TOTAL: -997.5681

CRITICAL STATE INFO:
- Valid actions: ['J1', 'J2', 'J3', 'J4', 'J5', 'J7', 'J8', 'J9', 'J10', 'J11', 'J12', 'J13', 'J14', 'J15', 'J16', 'J17', 'J18', 'J19', 'J20', 'J21', 'J22', 'J23', 'J24', 'J25', 'J26', 'J27', 'J28', 'J29', 'J30', 'J31', 'J32', 'J33', 'J34', 'J35', 'J36', 'J37', 'J38', 'J39', 'J40', 'J41', 'J42', 'J43', 'J44', 'J45', 'J46', 'J47', 'J48', 'J49', 'J50', 'J51', 'J52', 'J53', 'J54', 'J55', 'J56', 'J57', 'J58', 'J59', 'J60', 'J61', 'J62', 'J63', 'J64', 'J65', 'J66', 'J67', 'J68', 'J69', 'J70', 'J71', 'J72', 'J73', 'J74', 'J75', 'J76', 'J77', 'J78', 'J79', 'J80', 'J81', 'J82', 'J83', 'J85', 'J86', 'J87', 'J88', 'J89', 'J90', 'J91', 'J92', 'J93', 'J94', 'J95', 'J96', 'J97', 'J98', 'J99', 'J100', 'J101', 'J102', 'J103', 'J104', 'J105', 'J106', 'J108', 'J109', 'J110', 'J111', 'J112', 'J113', 'J114', 'J115', 'J116', 'J117', 'J118', 'J119', 'J120', 'J121', 'J122', 'J123', 'J124', 'J125', 'J126', 'J127', 'J128', 'J129', 'J130', 'J131', 'J132', 'J133', 'J134', 'J135', 'J136', 'J137', 'J138', 'J139', 'J140', 'J141', 'J142', 'J143', 'J144', 'J145', 'J146', 'J147', 'J148', 'J149', 'J150', 'J151', 'J152', 'J153', 'J154', 'J155', 'J156', 'J157', 'J158', 'J159', 'J160', 'J161', 'J162', 'J163', 'J164', 'J165', 'J166', 'J167', 'J168', 'J169', 'J170', 'J171', 'J172', 'J173', 'J174', 'J175', 'J176', 'J177', 'J178', 'J179', 'J180', 'J181', 'J182', 'J183', 'J184', 'J185', 'J186', 'J187', 'J188', 'J189', 'J190', 'J191', 'J192', 'J193', 'J194', 'J195', 'J196', 'J197', 'J198', 'J199', 'J200', 'J201', 'J202', 'J203', 'J204', 'J205', 'J206', 'J207', 'J208', 'J209', 'J210', 'J211', 'J212', 'J213', 'J214', 'J216', 'J217', 'J218', 'J219', 'J220', 'J221', 'J222', 'J223', 'J224', 'J225', 'J226', 'J227', 'J228', 'J229', 'J230', 'J231', 'J232', 'J233', 'J234', 'J235', 'J236', 'J237', 'J238', 'J239', 'J240', 'J241', 'J242', 'J243', 'J244', 'J245', 'J246', 'J247', 'J248', 'J249', 'J250', 'J251', 'J252', 'J253', 'J254', 'J255', 'J256', 'J257', 'J258', 'J259', 'J260', 'J261', 'J262', 'J263', 'J264', 'J265', 'J266', 'J267', 'J268', 'J269', 'J270', 'J271', 'J272', 'J273', 'J274', 'J275', 'J276', 'J277', 'J278', 'J279', 'J280', 'J281', 'J282', 'J283', 'J284', 'J285', 'J286', 'J287', 'J288', 'J289', 'J290', 'J291', 'J292', 'J293', 'J294', 'J295', 'J296', 'J297', 'J298', 'J299', 'J300']
- Machine states:
  - Machine M1: Time=6607.00, Idle=188.00, Material=Mountainbike_Tretlageraufnahme_geschweisst
  - Machine M2: Time=6538.00, Idle=257.00, Material=Racebike_Bremsen_justiert
  - Machine M3: Time=6795.00, Idle=0.00, Material=E-Bike_Rahmen_nachbearbeitet
==================================================

2025-06-06 14:34:04,359 - JSPGymEnvironment - INFO - Material change on machine M3: E-Bike_Rahmen_nachbearbeitet -> Racebike_Hauptrahmen_zugeschnitten, setup time: 19
2025-06-06 14:34:04,359 - JSPGymEnvironment - INFO - Executed operation: Job J243, Op 4, Machine M3, Start: 6814, End: 6834, Setup: 19
2025-06-06 14:34:04,360 - JSPGymEnvironment - INFO - 
===== REWARD DETAILS FOR STEP 119 =====
Job: J243, Operation: 4, Job Completed: False
Current Time: 6795.00 -> 6834.00, Setup Time: 19.00
Processing Time: 20.00, Idle Time: 0.00
Completed Jobs: 4/300
Machine: M3, Material: Racebike_Hauptrahmen_zugeschnitten

REWARD COMPONENTS:
- makespan_reward: -0.1950
- setup_reward: -4.7500
- deadline_reward: 0.0000
- priority_reward: 0.0000
- critical_job_reward: 0.0000
- placement_reward: 0.0000
- timeliness_reward: -5.5965
- machine_idle_penalty: -6.5375

TOTAL REWARD: -17.0790

CUMULATIVE REWARD COMPONENTS:
- makespan_reward: -34.1700
- setup_reward: -784.7500
- deadline_reward: -5.2077
- priority_reward: 124.0000
- critical_job_reward: 39.2532
- placement_reward: 0.0000
- timeliness_reward: 90.2649
- machine_idle_penalty: -444.0375

CUMULATIVE TOTAL: -1014.6471

CRITICAL STATE INFO:
- Valid actions: ['J1', 'J2', 'J3', 'J4', 'J5', 'J7', 'J8', 'J9', 'J10', 'J11', 'J12', 'J13', 'J14', 'J15', 'J16', 'J17', 'J18', 'J19', 'J20', 'J21', 'J22', 'J23', 'J24', 'J25', 'J26', 'J27', 'J28', 'J29', 'J30', 'J31', 'J32', 'J33', 'J34', 'J35', 'J36', 'J37', 'J38', 'J39', 'J40', 'J41', 'J42', 'J43', 'J44', 'J45', 'J46', 'J47', 'J48', 'J49', 'J50', 'J51', 'J52', 'J53', 'J54', 'J55', 'J56', 'J57', 'J58', 'J59', 'J60', 'J61', 'J62', 'J63', 'J64', 'J65', 'J66', 'J67', 'J68', 'J69', 'J70', 'J71', 'J72', 'J73', 'J74', 'J75', 'J76', 'J77', 'J78', 'J79', 'J80', 'J81', 'J82', 'J83', 'J85', 'J86', 'J87', 'J88', 'J89', 'J90', 'J91', 'J92', 'J93', 'J94', 'J95', 'J96', 'J97', 'J98', 'J99', 'J100', 'J101', 'J102', 'J103', 'J104', 'J105', 'J106', 'J108', 'J109', 'J110', 'J111', 'J112', 'J113', 'J114', 'J115', 'J116', 'J117', 'J118', 'J119', 'J120', 'J121', 'J122', 'J123', 'J124', 'J125', 'J126', 'J127', 'J128', 'J129', 'J130', 'J131', 'J132', 'J133', 'J134', 'J135', 'J136', 'J137', 'J138', 'J139', 'J140', 'J141', 'J142', 'J143', 'J144', 'J145', 'J146', 'J147', 'J148', 'J149', 'J150', 'J151', 'J152', 'J153', 'J154', 'J155', 'J156', 'J157', 'J158', 'J159', 'J160', 'J161', 'J162', 'J163', 'J164', 'J165', 'J166', 'J167', 'J168', 'J169', 'J170', 'J171', 'J172', 'J173', 'J174', 'J175', 'J176', 'J177', 'J178', 'J179', 'J180', 'J181', 'J182', 'J183', 'J184', 'J185', 'J186', 'J187', 'J188', 'J189', 'J190', 'J191', 'J192', 'J193', 'J194', 'J195', 'J196', 'J197', 'J198', 'J199', 'J200', 'J201', 'J202', 'J203', 'J204', 'J205', 'J206', 'J207', 'J208', 'J209', 'J210', 'J211', 'J212', 'J213', 'J214', 'J216', 'J217', 'J218', 'J219', 'J220', 'J221', 'J222', 'J223', 'J224', 'J225', 'J226', 'J227', 'J228', 'J229', 'J230', 'J231', 'J232', 'J233', 'J234', 'J235', 'J236', 'J237', 'J238', 'J239', 'J240', 'J241', 'J242', 'J243', 'J244', 'J245', 'J246', 'J247', 'J248', 'J249', 'J250', 'J251', 'J252', 'J253', 'J254', 'J255', 'J256', 'J257', 'J258', 'J259', 'J260', 'J261', 'J262', 'J263', 'J264', 'J265', 'J266', 'J267', 'J268', 'J269', 'J270', 'J271', 'J272', 'J273', 'J274', 'J275', 'J276', 'J277', 'J278', 'J279', 'J280', 'J281', 'J282', 'J283', 'J284', 'J285', 'J286', 'J287', 'J288', 'J289', 'J290', 'J291', 'J292', 'J293', 'J294', 'J295', 'J296', 'J297', 'J298', 'J299', 'J300']
- Machine states:
  - Machine M1: Time=6607.00, Idle=227.00, Material=Mountainbike_Tretlageraufnahme_geschweisst
  - Machine M2: Time=6538.00, Idle=296.00, Material=Racebike_Bremsen_justiert
  - Machine M3: Time=6834.00, Idle=0.00, Material=Racebike_Hauptrahmen_zugeschnitten
==================================================

2025-06-06 14:34:16,051 - JSPGymEnvironment - INFO - Material change on machine M3: Racebike_Hauptrahmen_zugeschnitten -> Racebike_Antrieb_installiert, setup time: 15
2025-06-06 14:34:16,051 - JSPGymEnvironment - INFO - Executed operation: Job J92, Op 1, Machine M3, Start: 6849, End: 6887, Setup: 15
2025-06-06 14:34:16,052 - JSPGymEnvironment - INFO - 
===== REWARD DETAILS FOR STEP 120 =====
Job: J92, Operation: 1, Job Completed: False
Current Time: 6834.00 -> 6887.00, Setup Time: 15.00
Processing Time: 38.00, Idle Time: 0.00
Completed Jobs: 4/300
Machine: M3, Material: Racebike_Antrieb_installiert

REWARD COMPONENTS:
- makespan_reward: -0.2650
- setup_reward: -3.7500
- deadline_reward: 0.0000
- priority_reward: 0.0000
- critical_job_reward: 0.0000
- placement_reward: 0.0000
- timeliness_reward: -5.5969
- machine_idle_penalty: -7.8625

TOTAL REWARD: -17.4744

CUMULATIVE REWARD COMPONENTS:
- makespan_reward: -34.4350
- setup_reward: -788.5000
- deadline_reward: -5.2077
- priority_reward: 124.0000
- critical_job_reward: 39.2532
- placement_reward: 0.0000
- timeliness_reward: 84.6680
- machine_idle_penalty: -451.9000

CUMULATIVE TOTAL: -1032.1215

CRITICAL STATE INFO:
- Valid actions: ['J1', 'J2', 'J3', 'J4', 'J5', 'J7', 'J8', 'J9', 'J10', 'J11', 'J12', 'J13', 'J14', 'J15', 'J16', 'J17', 'J18', 'J19', 'J20', 'J21', 'J22', 'J23', 'J24', 'J25', 'J26', 'J27', 'J28', 'J29', 'J30', 'J31', 'J32', 'J33', 'J34', 'J35', 'J36', 'J37', 'J38', 'J39', 'J40', 'J41', 'J42', 'J43', 'J44', 'J45', 'J46', 'J47', 'J48', 'J49', 'J50', 'J51', 'J52', 'J53', 'J54', 'J55', 'J56', 'J57', 'J58', 'J59', 'J60', 'J61', 'J62', 'J63', 'J64', 'J65', 'J66', 'J67', 'J68', 'J69', 'J70', 'J71', 'J72', 'J73', 'J74', 'J75', 'J76', 'J77', 'J78', 'J79', 'J80', 'J81', 'J82', 'J83', 'J85', 'J86', 'J87', 'J88', 'J89', 'J90', 'J91', 'J92', 'J93', 'J94', 'J95', 'J96', 'J97', 'J98', 'J99', 'J100', 'J101', 'J102', 'J103', 'J104', 'J105', 'J106', 'J108', 'J109', 'J110', 'J111', 'J112', 'J113', 'J114', 'J115', 'J116', 'J117', 'J118', 'J119', 'J120', 'J121', 'J122', 'J123', 'J124', 'J125', 'J126', 'J127', 'J128', 'J129', 'J130', 'J131', 'J132', 'J133', 'J134', 'J135', 'J136', 'J137', 'J138', 'J139', 'J140', 'J141', 'J142', 'J143', 'J144', 'J145', 'J146', 'J147', 'J148', 'J149', 'J150', 'J151', 'J152', 'J153', 'J154', 'J155', 'J156', 'J157', 'J158', 'J159', 'J160', 'J161', 'J162', 'J163', 'J164', 'J165', 'J166', 'J167', 'J168', 'J169', 'J170', 'J171', 'J172', 'J173', 'J174', 'J175', 'J176', 'J177', 'J178', 'J179', 'J180', 'J181', 'J182', 'J183', 'J184', 'J185', 'J186', 'J187', 'J188', 'J189', 'J190', 'J191', 'J192', 'J193', 'J194', 'J195', 'J196', 'J197', 'J198', 'J199', 'J200', 'J201', 'J202', 'J203', 'J204', 'J205', 'J206', 'J207', 'J208', 'J209', 'J210', 'J211', 'J212', 'J213', 'J214', 'J216', 'J217', 'J218', 'J219', 'J220', 'J221', 'J222', 'J223', 'J224', 'J225', 'J226', 'J227', 'J228', 'J229', 'J230', 'J231', 'J232', 'J233', 'J234', 'J235', 'J236', 'J237', 'J238', 'J239', 'J240', 'J241', 'J242', 'J243', 'J244', 'J245', 'J246', 'J247', 'J248', 'J249', 'J250', 'J251', 'J252', 'J253', 'J254', 'J255', 'J256', 'J257', 'J258', 'J259', 'J260', 'J261', 'J262', 'J263', 'J264', 'J265', 'J266', 'J267', 'J268', 'J269', 'J270', 'J271', 'J272', 'J273', 'J274', 'J275', 'J276', 'J277', 'J278', 'J279', 'J280', 'J281', 'J282', 'J283', 'J284', 'J285', 'J286', 'J287', 'J288', 'J289', 'J290', 'J291', 'J292', 'J293', 'J294', 'J295', 'J296', 'J297', 'J298', 'J299', 'J300']
- Machine states:
  - Machine M1: Time=6607.00, Idle=280.00, Material=Mountainbike_Tretlageraufnahme_geschweisst
  - Machine M2: Time=6538.00, Idle=349.00, Material=Racebike_Bremsen_justiert
  - Machine M3: Time=6887.00, Idle=0.00, Material=Racebike_Antrieb_installiert
==================================================

2025-06-06 14:34:28,475 - JSPGymEnvironment - INFO - Material change on machine M1: Mountainbike_Tretlageraufnahme_geschweisst -> Mountainbike_Rahmen_komplettiert, setup time: 40
2025-06-06 14:34:28,475 - JSPGymEnvironment - INFO - Executed operation: Job J176, Op 0, Machine M1, Start: 6927, End: 6953, Setup: 40
2025-06-06 14:34:28,477 - JSPGymEnvironment - INFO - 
===== REWARD DETAILS FOR STEP 121 =====
Job: J176, Operation: 0, Job Completed: False
Current Time: 6887.00 -> 6953.00, Setup Time: 40.00
Processing Time: 26.00, Idle Time: 0.00
Completed Jobs: 4/300
Machine: M1, Material: Mountainbike_Rahmen_komplettiert

REWARD COMPONENTS:
- makespan_reward: -0.3300
- setup_reward: -10.0000
- deadline_reward: 0.0000
- priority_reward: 0.0000
- critical_job_reward: 0.0000
- placement_reward: 0.0000
- timeliness_reward: -5.5973
- machine_idle_penalty: -6.0125

TOTAL REWARD: -21.9398

CUMULATIVE REWARD COMPONENTS:
- makespan_reward: -34.7650
- setup_reward: -798.5000
- deadline_reward: -5.2077
- priority_reward: 124.0000
- critical_job_reward: 39.2532
- placement_reward: 0.0000
- timeliness_reward: 79.0708
- machine_idle_penalty: -457.9125

CUMULATIVE TOTAL: -1054.0612

CRITICAL STATE INFO:
- Valid actions: ['J1', 'J2', 'J3', 'J4', 'J5', 'J7', 'J8', 'J9', 'J10', 'J11', 'J12', 'J13', 'J14', 'J15', 'J16', 'J17', 'J18', 'J19', 'J20', 'J21', 'J22', 'J23', 'J24', 'J25', 'J26', 'J27', 'J28', 'J29', 'J30', 'J31', 'J32', 'J33', 'J34', 'J35', 'J36', 'J37', 'J38', 'J39', 'J40', 'J41', 'J42', 'J43', 'J44', 'J45', 'J46', 'J47', 'J48', 'J49', 'J50', 'J51', 'J52', 'J53', 'J54', 'J55', 'J56', 'J57', 'J58', 'J59', 'J60', 'J61', 'J62', 'J63', 'J64', 'J65', 'J66', 'J67', 'J68', 'J69', 'J70', 'J71', 'J72', 'J73', 'J74', 'J75', 'J76', 'J77', 'J78', 'J79', 'J80', 'J81', 'J82', 'J83', 'J85', 'J86', 'J87', 'J88', 'J89', 'J90', 'J91', 'J92', 'J93', 'J94', 'J95', 'J96', 'J97', 'J98', 'J99', 'J100', 'J101', 'J102', 'J103', 'J104', 'J105', 'J106', 'J108', 'J109', 'J110', 'J111', 'J112', 'J113', 'J114', 'J115', 'J116', 'J117', 'J118', 'J119', 'J120', 'J121', 'J122', 'J123', 'J124', 'J125', 'J126', 'J127', 'J128', 'J129', 'J130', 'J131', 'J132', 'J133', 'J134', 'J135', 'J136', 'J137', 'J138', 'J139', 'J140', 'J141', 'J142', 'J143', 'J144', 'J145', 'J146', 'J147', 'J148', 'J149', 'J150', 'J151', 'J152', 'J153', 'J154', 'J155', 'J156', 'J157', 'J158', 'J159', 'J160', 'J161', 'J162', 'J163', 'J164', 'J165', 'J166', 'J167', 'J168', 'J169', 'J170', 'J171', 'J172', 'J173', 'J174', 'J175', 'J176', 'J177', 'J178', 'J179', 'J180', 'J181', 'J182', 'J183', 'J184', 'J185', 'J186', 'J187', 'J188', 'J189', 'J190', 'J191', 'J192', 'J193', 'J194', 'J195', 'J196', 'J197', 'J198', 'J199', 'J200', 'J201', 'J202', 'J203', 'J204', 'J205', 'J206', 'J207', 'J208', 'J209', 'J210', 'J211', 'J212', 'J213', 'J214', 'J216', 'J217', 'J218', 'J219', 'J220', 'J221', 'J222', 'J223', 'J224', 'J225', 'J226', 'J227', 'J228', 'J229', 'J230', 'J231', 'J232', 'J233', 'J234', 'J235', 'J236', 'J237', 'J238', 'J239', 'J240', 'J241', 'J242', 'J243', 'J244', 'J245', 'J246', 'J247', 'J248', 'J249', 'J250', 'J251', 'J252', 'J253', 'J254', 'J255', 'J256', 'J257', 'J258', 'J259', 'J260', 'J261', 'J262', 'J263', 'J264', 'J265', 'J266', 'J267', 'J268', 'J269', 'J270', 'J271', 'J272', 'J273', 'J274', 'J275', 'J276', 'J277', 'J278', 'J279', 'J280', 'J281', 'J282', 'J283', 'J284', 'J285', 'J286', 'J287', 'J288', 'J289', 'J290', 'J291', 'J292', 'J293', 'J294', 'J295', 'J296', 'J297', 'J298', 'J299', 'J300']
- Machine states:
  - Machine M1: Time=6953.00, Idle=0.00, Material=Mountainbike_Rahmen_komplettiert
  - Machine M2: Time=6538.00, Idle=415.00, Material=Racebike_Bremsen_justiert
  - Machine M3: Time=6887.00, Idle=66.00, Material=Racebike_Antrieb_installiert
==================================================

2025-06-06 14:34:40,234 - JSPGymEnvironment - INFO - Material change on machine M2: Racebike_Bremsen_justiert -> Racebike_Tretlager_gefraest, setup time: 20
2025-06-06 14:34:40,234 - JSPGymEnvironment - INFO - Executed operation: Job J243, Op 5, Machine M2, Start: 6973, End: 6998, Setup: 20
2025-06-06 14:34:40,235 - JSPGymEnvironment - INFO - 
===== REWARD DETAILS FOR STEP 122 =====
Job: J243, Operation: 5, Job Completed: False
Current Time: 6953.00 -> 6998.00, Setup Time: 20.00
Processing Time: 25.00, Idle Time: 0.00
Completed Jobs: 4/300
Machine: M2, Material: Racebike_Tretlager_gefraest

REWARD COMPONENTS:
- makespan_reward: -0.2250
- setup_reward: -5.0000
- deadline_reward: 0.0000
- priority_reward: 0.0000
- critical_job_reward: 0.0000
- placement_reward: 0.0000
- timeliness_reward: -5.5975
- machine_idle_penalty: -1.9500

TOTAL REWARD: -12.7725

CUMULATIVE REWARD COMPONENTS:
- makespan_reward: -34.9900
- setup_reward: -803.5000
- deadline_reward: -5.2077
- priority_reward: 124.0000
- critical_job_reward: 39.2532
- placement_reward: 0.0000
- timeliness_reward: 73.4733
- machine_idle_penalty: -459.8625

CUMULATIVE TOTAL: -1066.8337

CRITICAL STATE INFO:
- Valid actions: ['J1', 'J2', 'J3', 'J4', 'J5', 'J7', 'J8', 'J9', 'J10', 'J11', 'J12', 'J13', 'J14', 'J15', 'J16', 'J17', 'J18', 'J19', 'J20', 'J21', 'J22', 'J23', 'J24', 'J25', 'J26', 'J27', 'J28', 'J29', 'J30', 'J31', 'J32', 'J33', 'J34', 'J35', 'J36', 'J37', 'J38', 'J39', 'J40', 'J41', 'J42', 'J43', 'J44', 'J45', 'J46', 'J47', 'J48', 'J49', 'J50', 'J51', 'J52', 'J53', 'J54', 'J55', 'J56', 'J57', 'J58', 'J59', 'J60', 'J61', 'J62', 'J63', 'J64', 'J65', 'J66', 'J67', 'J68', 'J69', 'J70', 'J71', 'J72', 'J73', 'J74', 'J75', 'J76', 'J77', 'J78', 'J79', 'J80', 'J81', 'J82', 'J83', 'J85', 'J86', 'J87', 'J88', 'J89', 'J90', 'J91', 'J92', 'J93', 'J94', 'J95', 'J96', 'J97', 'J98', 'J99', 'J100', 'J101', 'J102', 'J103', 'J104', 'J105', 'J106', 'J108', 'J109', 'J110', 'J111', 'J112', 'J113', 'J114', 'J115', 'J116', 'J117', 'J118', 'J119', 'J120', 'J121', 'J122', 'J123', 'J124', 'J125', 'J126', 'J127', 'J128', 'J129', 'J130', 'J131', 'J132', 'J133', 'J134', 'J135', 'J136', 'J137', 'J138', 'J139', 'J140', 'J141', 'J142', 'J143', 'J144', 'J145', 'J146', 'J147', 'J148', 'J149', 'J150', 'J151', 'J152', 'J153', 'J154', 'J155', 'J156', 'J157', 'J158', 'J159', 'J160', 'J161', 'J162', 'J163', 'J164', 'J165', 'J166', 'J167', 'J168', 'J169', 'J170', 'J171', 'J172', 'J173', 'J174', 'J175', 'J176', 'J177', 'J178', 'J179', 'J180', 'J181', 'J182', 'J183', 'J184', 'J185', 'J186', 'J187', 'J188', 'J189', 'J190', 'J191', 'J192', 'J193', 'J194', 'J195', 'J196', 'J197', 'J198', 'J199', 'J200', 'J201', 'J202', 'J203', 'J204', 'J205', 'J206', 'J207', 'J208', 'J209', 'J210', 'J211', 'J212', 'J213', 'J214', 'J216', 'J217', 'J218', 'J219', 'J220', 'J221', 'J222', 'J223', 'J224', 'J225', 'J226', 'J227', 'J228', 'J229', 'J230', 'J231', 'J232', 'J233', 'J234', 'J235', 'J236', 'J237', 'J238', 'J239', 'J240', 'J241', 'J242', 'J243', 'J244', 'J245', 'J246', 'J247', 'J248', 'J249', 'J250', 'J251', 'J252', 'J253', 'J254', 'J255', 'J256', 'J257', 'J258', 'J259', 'J260', 'J261', 'J262', 'J263', 'J264', 'J265', 'J266', 'J267', 'J268', 'J269', 'J270', 'J271', 'J272', 'J273', 'J274', 'J275', 'J276', 'J277', 'J278', 'J279', 'J280', 'J281', 'J282', 'J283', 'J284', 'J285', 'J286', 'J287', 'J288', 'J289', 'J290', 'J291', 'J292', 'J293', 'J294', 'J295', 'J296', 'J297', 'J298', 'J299', 'J300']
- Machine states:
  - Machine M1: Time=6953.00, Idle=45.00, Material=Mountainbike_Rahmen_komplettiert
  - Machine M2: Time=6998.00, Idle=0.00, Material=Racebike_Tretlager_gefraest
  - Machine M3: Time=6887.00, Idle=111.00, Material=Racebike_Antrieb_installiert
==================================================

2025-06-06 14:34:51,851 - JSPGymEnvironment - INFO - Material change on machine M3: Racebike_Antrieb_installiert -> Citybike_Rahmen_lackiert, setup time: 17
2025-06-06 14:34:51,851 - JSPGymEnvironment - INFO - Executed operation: Job J222, Op 0, Machine M3, Start: 7015, End: 7050, Setup: 17
2025-06-06 14:34:51,852 - JSPGymEnvironment - INFO - 
===== REWARD DETAILS FOR STEP 123 =====
Job: J222, Operation: 0, Job Completed: False
Current Time: 6998.00 -> 7050.00, Setup Time: 17.00
Processing Time: 35.00, Idle Time: 0.00
Completed Jobs: 4/300
Machine: M3, Material: Citybike_Rahmen_lackiert

REWARD COMPONENTS:
- makespan_reward: -0.2600
- setup_reward: -4.2500
- deadline_reward: 0.0000
- priority_reward: 0.0000
- critical_job_reward: 0.0000
- placement_reward: 0.0000
- timeliness_reward: -5.5978
- machine_idle_penalty: -1.8625

TOTAL REWARD: -11.9703

CUMULATIVE REWARD COMPONENTS:
- makespan_reward: -35.2500
- setup_reward: -807.7500
- deadline_reward: -5.2077
- priority_reward: 124.0000
- critical_job_reward: 39.2532
- placement_reward: 0.0000
- timeliness_reward: 67.8755
- machine_idle_penalty: -461.7250

CUMULATIVE TOTAL: -1078.8040

CRITICAL STATE INFO:
- Valid actions: ['J1', 'J2', 'J3', 'J4', 'J5', 'J7', 'J8', 'J9', 'J10', 'J11', 'J12', 'J13', 'J14', 'J15', 'J16', 'J17', 'J18', 'J19', 'J20', 'J21', 'J22', 'J23', 'J24', 'J25', 'J26', 'J27', 'J28', 'J29', 'J30', 'J31', 'J32', 'J33', 'J34', 'J35', 'J36', 'J37', 'J38', 'J39', 'J40', 'J41', 'J42', 'J43', 'J44', 'J45', 'J46', 'J47', 'J48', 'J49', 'J50', 'J51', 'J52', 'J53', 'J54', 'J55', 'J56', 'J57', 'J58', 'J59', 'J60', 'J61', 'J62', 'J63', 'J64', 'J65', 'J66', 'J67', 'J68', 'J69', 'J70', 'J71', 'J72', 'J73', 'J74', 'J75', 'J76', 'J77', 'J78', 'J79', 'J80', 'J81', 'J82', 'J83', 'J85', 'J86', 'J87', 'J88', 'J89', 'J90', 'J91', 'J92', 'J93', 'J94', 'J95', 'J96', 'J97', 'J98', 'J99', 'J100', 'J101', 'J102', 'J103', 'J104', 'J105', 'J106', 'J108', 'J109', 'J110', 'J111', 'J112', 'J113', 'J114', 'J115', 'J116', 'J117', 'J118', 'J119', 'J120', 'J121', 'J122', 'J123', 'J124', 'J125', 'J126', 'J127', 'J128', 'J129', 'J130', 'J131', 'J132', 'J133', 'J134', 'J135', 'J136', 'J137', 'J138', 'J139', 'J140', 'J141', 'J142', 'J143', 'J144', 'J145', 'J146', 'J147', 'J148', 'J149', 'J150', 'J151', 'J152', 'J153', 'J154', 'J155', 'J156', 'J157', 'J158', 'J159', 'J160', 'J161', 'J162', 'J163', 'J164', 'J165', 'J166', 'J167', 'J168', 'J169', 'J170', 'J171', 'J172', 'J173', 'J174', 'J175', 'J176', 'J177', 'J178', 'J179', 'J180', 'J181', 'J182', 'J183', 'J184', 'J185', 'J186', 'J187', 'J188', 'J189', 'J190', 'J191', 'J192', 'J193', 'J194', 'J195', 'J196', 'J197', 'J198', 'J199', 'J200', 'J201', 'J202', 'J203', 'J204', 'J205', 'J206', 'J207', 'J208', 'J209', 'J210', 'J211', 'J212', 'J213', 'J214', 'J216', 'J217', 'J218', 'J219', 'J220', 'J221', 'J222', 'J223', 'J224', 'J225', 'J226', 'J227', 'J228', 'J229', 'J230', 'J231', 'J232', 'J233', 'J234', 'J235', 'J236', 'J237', 'J238', 'J239', 'J240', 'J241', 'J242', 'J243', 'J244', 'J245', 'J246', 'J247', 'J248', 'J249', 'J250', 'J251', 'J252', 'J253', 'J254', 'J255', 'J256', 'J257', 'J258', 'J259', 'J260', 'J261', 'J262', 'J263', 'J264', 'J265', 'J266', 'J267', 'J268', 'J269', 'J270', 'J271', 'J272', 'J273', 'J274', 'J275', 'J276', 'J277', 'J278', 'J279', 'J280', 'J281', 'J282', 'J283', 'J284', 'J285', 'J286', 'J287', 'J288', 'J289', 'J290', 'J291', 'J292', 'J293', 'J294', 'J295', 'J296', 'J297', 'J298', 'J299', 'J300']
- Machine states:
  - Machine M1: Time=6953.00, Idle=97.00, Material=Mountainbike_Rahmen_komplettiert
  - Machine M2: Time=6998.00, Idle=52.00, Material=Racebike_Tretlager_gefraest
  - Machine M3: Time=7050.00, Idle=0.00, Material=Citybike_Rahmen_lackiert
==================================================

2025-06-06 14:35:04,231 - JSPGymEnvironment - INFO - Material change on machine M1: Mountainbike_Rahmen_komplettiert -> Racebike_Steuerrohr_ausgerieben, setup time: 48
2025-06-06 14:35:04,231 - JSPGymEnvironment - INFO - Executed operation: Job J243, Op 6, Machine M1, Start: 7098, End: 7121, Setup: 48
2025-06-06 14:35:04,231 - JSPGymEnvironment - INFO - Job J243 completed at time 7121, deadline: 2757, met: False, priority: 7
2025-06-06 14:35:04,232 - JSPGymEnvironment - INFO - 
===== REWARD DETAILS FOR STEP 124 =====
Job: J243, Operation: 6, Job Completed: True
Current Time: 7050.00 -> 7121.00, Setup Time: 48.00
Processing Time: 23.00, Idle Time: 0.00
Completed Jobs: 5/300
Machine: M1, Material: Racebike_Steuerrohr_ausgerieben
Job Deadline: 2757.00 (Missed), Priority: 7

REWARD COMPONENTS:
- makespan_reward: -0.3550
- setup_reward: -12.0000
- deadline_reward: -3.9572
- priority_reward: 28.0000
- critical_job_reward: 0.0000
- placement_reward: 0.0000
- timeliness_reward: -5.5981
- machine_idle_penalty: -2.4250

TOTAL REWARD: 3.6647

CUMULATIVE REWARD COMPONENTS:
- makespan_reward: -35.6050
- setup_reward: -819.7500
- deadline_reward: -9.1649
- priority_reward: 152.0000
- critical_job_reward: 39.2532
- placement_reward: 0.0000
- timeliness_reward: 62.2774
- machine_idle_penalty: -464.1500

CUMULATIVE TOTAL: -1075.1393

CRITICAL STATE INFO:
- Valid actions: ['J1', 'J2', 'J3', 'J4', 'J5', 'J7', 'J8', 'J9', 'J10', 'J11', 'J12', 'J13', 'J14', 'J15', 'J16', 'J17', 'J18', 'J19', 'J20', 'J21', 'J22', 'J23', 'J24', 'J25', 'J26', 'J27', 'J28', 'J29', 'J30', 'J31', 'J32', 'J33', 'J34', 'J35', 'J36', 'J37', 'J38', 'J39', 'J40', 'J41', 'J42', 'J43', 'J44', 'J45', 'J46', 'J47', 'J48', 'J49', 'J50', 'J51', 'J52', 'J53', 'J54', 'J55', 'J56', 'J57', 'J58', 'J59', 'J60', 'J61', 'J62', 'J63', 'J64', 'J65', 'J66', 'J67', 'J68', 'J69', 'J70', 'J71', 'J72', 'J73', 'J74', 'J75', 'J76', 'J77', 'J78', 'J79', 'J80', 'J81', 'J82', 'J83', 'J85', 'J86', 'J87', 'J88', 'J89', 'J90', 'J91', 'J92', 'J93', 'J94', 'J95', 'J96', 'J97', 'J98', 'J99', 'J100', 'J101', 'J102', 'J103', 'J104', 'J105', 'J106', 'J108', 'J109', 'J110', 'J111', 'J112', 'J113', 'J114', 'J115', 'J116', 'J117', 'J118', 'J119', 'J120', 'J121', 'J122', 'J123', 'J124', 'J125', 'J126', 'J127', 'J128', 'J129', 'J130', 'J131', 'J132', 'J133', 'J134', 'J135', 'J136', 'J137', 'J138', 'J139', 'J140', 'J141', 'J142', 'J143', 'J144', 'J145', 'J146', 'J147', 'J148', 'J149', 'J150', 'J151', 'J152', 'J153', 'J154', 'J155', 'J156', 'J157', 'J158', 'J159', 'J160', 'J161', 'J162', 'J163', 'J164', 'J165', 'J166', 'J167', 'J168', 'J169', 'J170', 'J171', 'J172', 'J173', 'J174', 'J175', 'J176', 'J177', 'J178', 'J179', 'J180', 'J181', 'J182', 'J183', 'J184', 'J185', 'J186', 'J187', 'J188', 'J189', 'J190', 'J191', 'J192', 'J193', 'J194', 'J195', 'J196', 'J197', 'J198', 'J199', 'J200', 'J201', 'J202', 'J203', 'J204', 'J205', 'J206', 'J207', 'J208', 'J209', 'J210', 'J211', 'J212', 'J213', 'J214', 'J216', 'J217', 'J218', 'J219', 'J220', 'J221', 'J222', 'J223', 'J224', 'J225', 'J226', 'J227', 'J228', 'J229', 'J230', 'J231', 'J232', 'J233', 'J234', 'J235', 'J236', 'J237', 'J238', 'J239', 'J240', 'J241', 'J242', 'J244', 'J245', 'J246', 'J247', 'J248', 'J249', 'J250', 'J251', 'J252', 'J253', 'J254', 'J255', 'J256', 'J257', 'J258', 'J259', 'J260', 'J261', 'J262', 'J263', 'J264', 'J265', 'J266', 'J267', 'J268', 'J269', 'J270', 'J271', 'J272', 'J273', 'J274', 'J275', 'J276', 'J277', 'J278', 'J279', 'J280', 'J281', 'J282', 'J283', 'J284', 'J285', 'J286', 'J287', 'J288', 'J289', 'J290', 'J291', 'J292', 'J293', 'J294', 'J295', 'J296', 'J297', 'J298', 'J299', 'J300']
- Machine states:
  - Machine M1: Time=7121.00, Idle=0.00, Material=Racebike_Steuerrohr_ausgerieben
  - Machine M2: Time=6998.00, Idle=123.00, Material=Racebike_Tretlager_gefraest
  - Machine M3: Time=7050.00, Idle=71.00, Material=Citybike_Rahmen_lackiert
==================================================

2025-06-06 14:35:04,233 - JSPGymEnvironment - INFO - Retro-Bonus für Job J243: -10.0
2025-06-06 14:35:15,865 - JSPGymEnvironment - INFO - Material change on machine M2: Racebike_Tretlager_gefraest -> Racebike_Rahmen_nachbearbeitet, setup time: 20
2025-06-06 14:35:15,865 - JSPGymEnvironment - INFO - Executed operation: Job J273, Op 2, Machine M2, Start: 7141, End: 7155, Setup: 20
2025-06-06 14:35:15,866 - JSPGymEnvironment - INFO - 
===== REWARD DETAILS FOR STEP 125 =====
Job: J273, Operation: 2, Job Completed: False
Current Time: 7121.00 -> 7155.00, Setup Time: 20.00
Processing Time: 14.00, Idle Time: 0.00
Completed Jobs: 5/300
Machine: M2, Material: Racebike_Rahmen_nachbearbeitet

REWARD COMPONENTS:
- makespan_reward: -0.1700
- setup_reward: -5.0000
- deadline_reward: 0.0000
- priority_reward: 0.0000
- critical_job_reward: 0.5000
- placement_reward: 0.0000
- timeliness_reward: -5.5982
- machine_idle_penalty: -1.7375

TOTAL REWARD: -12.0057

CUMULATIVE REWARD COMPONENTS:
- makespan_reward: -35.7750
- setup_reward: -824.7500
- deadline_reward: -9.1649
- priority_reward: 152.0000
- critical_job_reward: 39.7532
- placement_reward: 0.0000
- timeliness_reward: 56.6792
- machine_idle_penalty: -465.8875

CUMULATIVE TOTAL: -1087.1450

CRITICAL STATE INFO:
- Valid actions: ['J1', 'J2', 'J3', 'J4', 'J5', 'J7', 'J8', 'J9', 'J10', 'J11', 'J12', 'J13', 'J14', 'J15', 'J16', 'J17', 'J18', 'J19', 'J20', 'J21', 'J22', 'J23', 'J24', 'J25', 'J26', 'J27', 'J28', 'J29', 'J30', 'J31', 'J32', 'J33', 'J34', 'J35', 'J36', 'J37', 'J38', 'J39', 'J40', 'J41', 'J42', 'J43', 'J44', 'J45', 'J46', 'J47', 'J48', 'J49', 'J50', 'J51', 'J52', 'J53', 'J54', 'J55', 'J56', 'J57', 'J58', 'J59', 'J60', 'J61', 'J62', 'J63', 'J64', 'J65', 'J66', 'J67', 'J68', 'J69', 'J70', 'J71', 'J72', 'J73', 'J74', 'J75', 'J76', 'J77', 'J78', 'J79', 'J80', 'J81', 'J82', 'J83', 'J85', 'J86', 'J87', 'J88', 'J89', 'J90', 'J91', 'J92', 'J93', 'J94', 'J95', 'J96', 'J97', 'J98', 'J99', 'J100', 'J101', 'J102', 'J103', 'J104', 'J105', 'J106', 'J108', 'J109', 'J110', 'J111', 'J112', 'J113', 'J114', 'J115', 'J116', 'J117', 'J118', 'J119', 'J120', 'J121', 'J122', 'J123', 'J124', 'J125', 'J126', 'J127', 'J128', 'J129', 'J130', 'J131', 'J132', 'J133', 'J134', 'J135', 'J136', 'J137', 'J138', 'J139', 'J140', 'J141', 'J142', 'J143', 'J144', 'J145', 'J146', 'J147', 'J148', 'J149', 'J150', 'J151', 'J152', 'J153', 'J154', 'J155', 'J156', 'J157', 'J158', 'J159', 'J160', 'J161', 'J162', 'J163', 'J164', 'J165', 'J166', 'J167', 'J168', 'J169', 'J170', 'J171', 'J172', 'J173', 'J174', 'J175', 'J176', 'J177', 'J178', 'J179', 'J180', 'J181', 'J182', 'J183', 'J184', 'J185', 'J186', 'J187', 'J188', 'J189', 'J190', 'J191', 'J192', 'J193', 'J194', 'J195', 'J196', 'J197', 'J198', 'J199', 'J200', 'J201', 'J202', 'J203', 'J204', 'J205', 'J206', 'J207', 'J208', 'J209', 'J210', 'J211', 'J212', 'J213', 'J214', 'J216', 'J217', 'J218', 'J219', 'J220', 'J221', 'J222', 'J223', 'J224', 'J225', 'J226', 'J227', 'J228', 'J229', 'J230', 'J231', 'J232', 'J233', 'J234', 'J235', 'J236', 'J237', 'J238', 'J239', 'J240', 'J241', 'J242', 'J244', 'J245', 'J246', 'J247', 'J248', 'J249', 'J250', 'J251', 'J252', 'J253', 'J254', 'J255', 'J256', 'J257', 'J258', 'J259', 'J260', 'J261', 'J262', 'J263', 'J264', 'J265', 'J266', 'J267', 'J268', 'J269', 'J270', 'J271', 'J272', 'J273', 'J274', 'J275', 'J276', 'J277', 'J278', 'J279', 'J280', 'J281', 'J282', 'J283', 'J284', 'J285', 'J286', 'J287', 'J288', 'J289', 'J290', 'J291', 'J292', 'J293', 'J294', 'J295', 'J296', 'J297', 'J298', 'J299', 'J300']
- Machine states:
  - Machine M1: Time=7121.00, Idle=34.00, Material=Racebike_Steuerrohr_ausgerieben
  - Machine M2: Time=7155.00, Idle=0.00, Material=Racebike_Rahmen_nachbearbeitet
  - Machine M3: Time=7050.00, Idle=105.00, Material=Citybike_Rahmen_lackiert
==================================================

