2025-04-07 19:31:46,297 - JSPGymEnvironment - INFO - Environment reset
2025-04-07 19:31:46,362 - JSPGymEnvironment - INFO - Environment reset
2025-04-07 19:31:46,467 - JSPGymEnvironment - INFO - Material change on machine M1:  -> Racebike_Hauptrahmen_zugeschnitten, setup time: 0
2025-04-07 19:31:46,467 - JSPGymEnvironment - INFO - Executed operation: Job J6, Op 0, Machine M1, Start: 0.0, End: 36.0, Setup: 0
2025-04-07 19:31:46,517 - JSPGymEnvironment - INFO - Material change on machine M1: Racebike_Hauptrahmen_zugeschnitten -> Mountainbike_Hauptrahmen_zugeschnitten, setup time: 40
2025-04-07 19:31:46,517 - JSPGymEnvironment - INFO - Executed operation: Job J18, Op 0, Machine M1, Start: 76.0, End: 98.0, Setup: 40
2025-04-07 19:31:46,551 - JSPGymEnvironment - INFO - Material change on machine M1: Mountainbike_Hauptrahmen_zugeschnitten -> E-Bike_Hauptrahmen_zugeschnitten, setup time: 40
2025-04-07 19:31:46,551 - JSPGymEnvironment - INFO - Executed operation: Job J13, Op 0, Machine M1, Start: 138.0, End: 179.0, Setup: 40
2025-04-07 19:31:46,586 - JSPGymEnvironment - INFO - Material change on machine M1: E-Bike_Hauptrahmen_zugeschnitten -> Citybike_Hauptrahmen_zugeschnitten, setup time: 40
2025-04-07 19:31:46,587 - JSPGymEnvironment - INFO - Executed operation: Job J9, Op 0, Machine M1, Start: 219.0, End: 259.0, Setup: 40
2025-04-07 19:31:46,619 - JSPGymEnvironment - INFO - Material change on machine M2:  -> Racebike_Schaltauge_bearbeitet, setup time: 0
2025-04-07 19:31:46,624 - JSPGymEnvironment - INFO - Executed operation: Job J6, Op 1, Machine M2, Start: 259.0, End: 272.0, Setup: 0
2025-04-07 19:31:46,662 - JSPGymEnvironment - INFO - Material change on machine M2: Racebike_Schaltauge_bearbeitet -> E-Bike_Schaltauge_bearbeitet, setup time: 20
2025-04-07 19:31:46,662 - JSPGymEnvironment - INFO - Executed operation: Job J13, Op 1, Machine M2, Start: 292.0, End: 315.0, Setup: 20
2025-04-07 19:31:46,696 - JSPGymEnvironment - INFO - Material change on machine M1: Citybike_Hauptrahmen_zugeschnitten -> Racebike_Hauptrahmen_zugeschnitten, setup time: 40
2025-04-07 19:31:46,696 - JSPGymEnvironment - INFO - Executed operation: Job J4, Op 0, Machine M1, Start: 355.0, End: 380.0, Setup: 40
2025-04-07 19:31:46,728 - JSPGymEnvironment - INFO - Material change on machine M3:  -> E-Bike_Antrieb_installiert, setup time: 0
2025-04-07 19:31:46,728 - JSPGymEnvironment - INFO - Executed operation: Job J13, Op 2, Machine M3, Start: 380.0, End: 433.0, Setup: 0
2025-04-07 19:31:46,762 - JSPGymEnvironment - INFO - Material change on machine M1: Racebike_Hauptrahmen_zugeschnitten -> Citybike_Hauptrahmen_zugeschnitten, setup time: 40
2025-04-07 19:31:46,762 - JSPGymEnvironment - INFO - Executed operation: Job J2, Op 0, Machine M1, Start: 473.0, End: 489.0, Setup: 40
2025-04-07 19:31:46,791 - JSPGymEnvironment - INFO - Material change on machine M2: E-Bike_Schaltauge_bearbeitet -> E-Bike_Bremsaufnahme_gebohrt, setup time: 20
2025-04-07 19:31:46,791 - JSPGymEnvironment - INFO - Executed operation: Job J13, Op 3, Machine M2, Start: 509.0, End: 531.0, Setup: 20
2025-04-07 19:31:46,984 - JSPGymEnvironment - INFO - Material change on machine M1: Citybike_Hauptrahmen_zugeschnitten -> E-Bike_Hauptrahmen_zugeschnitten, setup time: 40
2025-04-07 19:31:46,984 - JSPGymEnvironment - INFO - Executed operation: Job J19, Op 0, Machine M1, Start: 571.0, End: 586.0, Setup: 40
2025-04-07 19:31:47,014 - JSPGymEnvironment - INFO - Material change on machine M3: E-Bike_Antrieb_installiert -> E-Bike_Fahrrad_endmontiert, setup time: 15
2025-04-07 19:31:47,014 - JSPGymEnvironment - INFO - Executed operation: Job J13, Op 4, Machine M3, Start: 601.0, End: 654.0, Setup: 15
2025-04-07 19:31:47,014 - JSPGymEnvironment - INFO - Job J13 completed at time 654.0, deadline: 2863, met: True, priority: 7
2025-04-07 19:31:47,045 - JSPGymEnvironment - INFO - Material change on machine M3: E-Bike_Fahrrad_endmontiert -> Racebike_Antrieb_installiert, setup time: 15
2025-04-07 19:31:47,045 - JSPGymEnvironment - INFO - Executed operation: Job J6, Op 2, Machine M3, Start: 669.0, End: 707.0, Setup: 15
2025-04-07 19:31:47,075 - JSPGymEnvironment - INFO - Material change on machine M2: E-Bike_Bremsaufnahme_gebohrt -> E-Bike_Schaltauge_bearbeitet, setup time: 20
2025-04-07 19:31:47,076 - JSPGymEnvironment - INFO - Executed operation: Job J19, Op 1, Machine M2, Start: 727.0, End: 757.0, Setup: 20
2025-04-07 19:31:47,107 - JSPGymEnvironment - INFO - Material change on machine M1: E-Bike_Hauptrahmen_zugeschnitten -> Citybike_Hauptrahmen_zugeschnitten, setup time: 40
2025-04-07 19:31:47,108 - JSPGymEnvironment - INFO - Executed operation: Job J8, Op 0, Machine M1, Start: 797.0, End: 816.0, Setup: 40
2025-04-07 19:31:47,139 - JSPGymEnvironment - INFO - Material change on machine M1: Citybike_Hauptrahmen_zugeschnitten -> Racebike_Hauptrahmen_zugeschnitten, setup time: 40
2025-04-07 19:31:47,139 - JSPGymEnvironment - INFO - Executed operation: Job J15, Op 0, Machine M1, Start: 856.0, End: 879.0, Setup: 40
2025-04-07 19:31:47,168 - JSPGymEnvironment - INFO - Material change on machine M1: Racebike_Hauptrahmen_zugeschnitten -> Mountainbike_Hauptrahmen_zugeschnitten, setup time: 40
2025-04-07 19:31:47,168 - JSPGymEnvironment - INFO - Executed operation: Job J20, Op 0, Machine M1, Start: 919.0, End: 938.0, Setup: 40
2025-04-07 19:31:47,197 - JSPGymEnvironment - INFO - Material change on machine M2: E-Bike_Schaltauge_bearbeitet -> Racebike_Schaltauge_bearbeitet, setup time: 20
2025-04-07 19:31:47,197 - JSPGymEnvironment - INFO - Executed operation: Job J15, Op 1, Machine M2, Start: 958.0, End: 971.0, Setup: 20
2025-04-07 19:31:47,226 - JSPGymEnvironment - INFO - Executed operation: Job J15, Op 2, Machine M3, Start: 981.0, End: 1016.0, Setup: 10
2025-04-07 19:31:47,258 - JSPGymEnvironment - INFO - Executed operation: Job J4, Op 1, Machine M2, Start: 1031.0, End: 1046.0, Setup: 15
2025-04-07 19:31:47,300 - JSPGymEnvironment - INFO - Material change on machine M1: Mountainbike_Hauptrahmen_zugeschnitten -> Racebike_Hauptrahmen_zugeschnitten, setup time: 40
2025-04-07 19:31:47,300 - JSPGymEnvironment - INFO - Executed operation: Job J1, Op 0, Machine M1, Start: 1086.0, End: 1126.0, Setup: 40
2025-04-07 19:31:47,339 - JSPGymEnvironment - INFO - Material change on machine M2: Racebike_Schaltauge_bearbeitet -> Citybike_Schaltauge_bearbeitet, setup time: 20
2025-04-07 19:31:47,339 - JSPGymEnvironment - INFO - Executed operation: Job J9, Op 1, Machine M2, Start: 1146.0, End: 1162.0, Setup: 20
2025-04-07 19:31:47,380 - JSPGymEnvironment - INFO - Material change on machine M3: Racebike_Antrieb_installiert -> Citybike_Antrieb_installiert, setup time: 15
2025-04-07 19:31:47,380 - JSPGymEnvironment - INFO - Executed operation: Job J9, Op 2, Machine M3, Start: 1177.0, End: 1231.0, Setup: 15
2025-04-07 19:31:47,423 - JSPGymEnvironment - INFO - Executed operation: Job J2, Op 1, Machine M2, Start: 1246.0, End: 1256.0, Setup: 15
2025-04-07 19:31:47,656 - JSPGymEnvironment - INFO - Material change on machine M3: Citybike_Antrieb_installiert -> Racebike_Antrieb_installiert, setup time: 15
2025-04-07 19:31:47,656 - JSPGymEnvironment - INFO - Executed operation: Job J4, Op 2, Machine M3, Start: 1271.0, End: 1311.0, Setup: 15
2025-04-07 19:31:47,694 - JSPGymEnvironment - INFO - Material change on machine M2: Citybike_Schaltauge_bearbeitet -> Racebike_Bremsaufnahme_gebohrt, setup time: 20
2025-04-07 19:31:47,694 - JSPGymEnvironment - INFO - Executed operation: Job J4, Op 3, Machine M2, Start: 1331.0, End: 1345.0, Setup: 20
2025-04-07 19:31:47,736 - JSPGymEnvironment - INFO - Material change on machine M3: Racebike_Antrieb_installiert -> Racebike_Bremsen_justiert, setup time: 15
2025-04-07 19:31:47,736 - JSPGymEnvironment - INFO - Executed operation: Job J15, Op 3, Machine M3, Start: 1360.0, End: 1387.0, Setup: 15
2025-04-07 19:31:47,773 - JSPGymEnvironment - INFO - Material change on machine M2: Racebike_Bremsaufnahme_gebohrt -> Citybike_Bremsaufnahme_gebohrt, setup time: 20
2025-04-07 19:31:47,773 - JSPGymEnvironment - INFO - Executed operation: Job J9, Op 3, Machine M2, Start: 1407.0, End: 1430.0, Setup: 20
2025-04-07 19:31:47,807 - JSPGymEnvironment - INFO - Material change on machine M1: Racebike_Hauptrahmen_zugeschnitten -> Mountainbike_Hauptrahmen_zugeschnitten, setup time: 40
2025-04-07 19:31:47,807 - JSPGymEnvironment - INFO - Executed operation: Job J5, Op 0, Machine M1, Start: 1470.0, End: 1506.0, Setup: 40
2025-04-07 19:31:47,839 - JSPGymEnvironment - INFO - Executed operation: Job J6, Op 3, Machine M3, Start: 1516.0, End: 1574.0, Setup: 10
2025-04-07 19:31:47,878 - JSPGymEnvironment - INFO - Material change on machine M2: Citybike_Bremsaufnahme_gebohrt -> Racebike_Rahmen_nachbearbeitet, setup time: 20
2025-04-07 19:31:47,878 - JSPGymEnvironment - INFO - Executed operation: Job J15, Op 4, Machine M2, Start: 1594.0, End: 1614.0, Setup: 20
2025-04-07 19:31:47,909 - JSPGymEnvironment - INFO - Material change on machine M2: Racebike_Rahmen_nachbearbeitet -> Racebike_Schaltauge_bearbeitet, setup time: 20
2025-04-07 19:31:47,909 - JSPGymEnvironment - INFO - Executed operation: Job J1, Op 1, Machine M2, Start: 1634.0, End: 1650.0, Setup: 20
2025-04-07 19:31:47,938 - JSPGymEnvironment - INFO - Material change on machine M3: Racebike_Bremsen_justiert -> Racebike_Antrieb_installiert, setup time: 15
2025-04-07 19:31:47,938 - JSPGymEnvironment - INFO - Executed operation: Job J1, Op 2, Machine M3, Start: 1665.0, End: 1701.0, Setup: 15
2025-04-07 19:31:47,966 - JSPGymEnvironment - INFO - Material change on machine M2: Racebike_Schaltauge_bearbeitet -> Mountainbike_Schaltauge_bearbeitet, setup time: 20
2025-04-07 19:31:47,966 - JSPGymEnvironment - INFO - Executed operation: Job J18, Op 1, Machine M2, Start: 1721.0, End: 1741.0, Setup: 20
2025-04-07 19:31:48,005 - JSPGymEnvironment - INFO - Material change on machine M2: Mountainbike_Schaltauge_bearbeitet -> Racebike_Bremsaufnahme_gebohrt, setup time: 20
2025-04-07 19:31:48,005 - JSPGymEnvironment - INFO - Executed operation: Job J1, Op 3, Machine M2, Start: 1761.0, End: 1779.0, Setup: 20
2025-04-07 19:31:48,041 - JSPGymEnvironment - INFO - Material change on machine M2: Racebike_Bremsaufnahme_gebohrt -> Racebike_Rahmen_nachbearbeitet, setup time: 20
2025-04-07 19:31:48,041 - JSPGymEnvironment - INFO - Executed operation: Job J1, Op 4, Machine M2, Start: 1799.0, End: 1821.0, Setup: 20
2025-04-07 19:31:48,073 - JSPGymEnvironment - INFO - Material change on machine M2: Racebike_Rahmen_nachbearbeitet -> Citybike_Rahmen_nachbearbeitet, setup time: 20
2025-04-07 19:31:48,073 - JSPGymEnvironment - INFO - Executed operation: Job J9, Op 4, Machine M2, Start: 1841.0, End: 1853.0, Setup: 20
2025-04-07 19:31:48,264 - JSPGymEnvironment - INFO - Material change on machine M2: Citybike_Rahmen_nachbearbeitet -> Racebike_Fahrrad_endmontiert, setup time: 20
2025-04-07 19:31:48,264 - JSPGymEnvironment - INFO - Executed operation: Job J1, Op 5, Machine M2, Start: 1873.0, End: 1885.0, Setup: 20
2025-04-07 19:31:48,264 - JSPGymEnvironment - INFO - Job J1 completed at time 1885.0, deadline: 2790, met: True, priority: 7
2025-04-07 19:31:48,296 - JSPGymEnvironment - INFO - Material change on machine M3: Racebike_Antrieb_installiert -> Citybike_Fahrrad_endmontiert, setup time: 15
2025-04-07 19:31:48,296 - JSPGymEnvironment - INFO - Executed operation: Job J9, Op 5, Machine M3, Start: 1900.0, End: 1951.0, Setup: 15
2025-04-07 19:31:48,324 - JSPGymEnvironment - INFO - Material change on machine M3: Citybike_Fahrrad_endmontiert -> Racebike_Fahrrad_endmontiert, setup time: 15
2025-04-07 19:31:48,324 - JSPGymEnvironment - INFO - Executed operation: Job J6, Op 4, Machine M3, Start: 1966.0, End: 2007.0, Setup: 15
2025-04-07 19:31:48,324 - JSPGymEnvironment - INFO - Job J6 completed at time 2007.0, deadline: 2880, met: True, priority: 10
2025-04-07 19:31:48,351 - JSPGymEnvironment - INFO - Material change on machine M2: Racebike_Fahrrad_endmontiert -> Racebike_Rahmen_nachbearbeitet, setup time: 20
2025-04-07 19:31:48,351 - JSPGymEnvironment - INFO - Executed operation: Job J4, Op 4, Machine M2, Start: 2027.0, End: 2052.0, Setup: 20
2025-04-07 19:31:48,380 - JSPGymEnvironment - INFO - Material change on machine M3: Racebike_Fahrrad_endmontiert -> Citybike_Antrieb_installiert, setup time: 15
2025-04-07 19:31:48,380 - JSPGymEnvironment - INFO - Executed operation: Job J2, Op 2, Machine M3, Start: 2067.0, End: 2095.0, Setup: 15
2025-04-07 19:31:48,410 - JSPGymEnvironment - INFO - Material change on machine M3: Citybike_Antrieb_installiert -> Citybike_Fahrrad_endmontiert, setup time: 15
2025-04-07 19:31:48,410 - JSPGymEnvironment - INFO - Executed operation: Job J9, Op 6, Machine M3, Start: 2110.0, End: 2133.0, Setup: 15
2025-04-07 19:31:48,410 - JSPGymEnvironment - INFO - Job J9 completed at time 2133.0, deadline: 2880, met: True, priority: 8
2025-04-07 19:31:48,439 - JSPGymEnvironment - INFO - Material change on machine M1: Mountainbike_Hauptrahmen_zugeschnitten -> Racebike_Hauptrahmen_zugeschnitten, setup time: 40
2025-04-07 19:31:48,440 - JSPGymEnvironment - INFO - Executed operation: Job J16, Op 0, Machine M1, Start: 2173.0, End: 2199.0, Setup: 40
2025-04-07 19:31:48,467 - JSPGymEnvironment - INFO - Material change on machine M3: Citybike_Fahrrad_endmontiert -> Mountainbike_Antrieb_installiert, setup time: 15
2025-04-07 19:31:48,468 - JSPGymEnvironment - INFO - Executed operation: Job J18, Op 2, Machine M3, Start: 2214.0, End: 2243.0, Setup: 15
2025-04-07 19:31:48,501 - JSPGymEnvironment - INFO - Material change on machine M2: Racebike_Rahmen_nachbearbeitet -> Citybike_Bremsaufnahme_gebohrt, setup time: 20
2025-04-07 19:31:48,501 - JSPGymEnvironment - INFO - Executed operation: Job J2, Op 3, Machine M2, Start: 2263.0, End: 2284.0, Setup: 20
2025-04-07 19:31:48,530 - JSPGymEnvironment - INFO - Material change on machine M2: Citybike_Bremsaufnahme_gebohrt -> Racebike_Rahmen_nachbearbeitet, setup time: 20
2025-04-07 19:31:48,530 - JSPGymEnvironment - INFO - Executed operation: Job J15, Op 5, Machine M2, Start: 2304.0, End: 2327.0, Setup: 20
2025-04-07 19:31:48,558 - JSPGymEnvironment - INFO - Executed operation: Job J4, Op 5, Machine M2, Start: 2342.0, End: 2366.0, Setup: 15
2025-04-07 19:31:48,590 - JSPGymEnvironment - INFO - Material change on machine M1: Racebike_Hauptrahmen_zugeschnitten -> Mountainbike_Hauptrahmen_zugeschnitten, setup time: 40
2025-04-07 19:31:48,590 - JSPGymEnvironment - INFO - Executed operation: Job J12, Op 0, Machine M1, Start: 2406.0, End: 2437.0, Setup: 40
2025-04-07 19:31:48,623 - JSPGymEnvironment - INFO - Material change on machine M2: Racebike_Rahmen_nachbearbeitet -> Mountainbike_Schaltauge_bearbeitet, setup time: 20
2025-04-07 19:31:48,623 - JSPGymEnvironment - INFO - Executed operation: Job J12, Op 1, Machine M2, Start: 2457.0, End: 2479.0, Setup: 20
2025-04-07 19:31:48,802 - JSPGymEnvironment - INFO - Material change on machine M3: Mountainbike_Antrieb_installiert -> Racebike_Fahrrad_endmontiert, setup time: 15
2025-04-07 19:31:48,802 - JSPGymEnvironment - INFO - Executed operation: Job J15, Op 6, Machine M3, Start: 2494.0, End: 2521.0, Setup: 15
2025-04-07 19:31:48,831 - JSPGymEnvironment - INFO - Executed operation: Job J4, Op 6, Machine M3, Start: 2531.0, End: 2557.0, Setup: 10
2025-04-07 19:31:48,831 - JSPGymEnvironment - INFO - Job J4 completed at time 2557.0, deadline: 2757, met: True, priority: 7
2025-04-07 19:31:48,860 - JSPGymEnvironment - INFO - Executed operation: Job J15, Op 7, Machine M3, Start: 2567.0, End: 2613.0, Setup: 10
2025-04-07 19:31:48,860 - JSPGymEnvironment - INFO - Job J15 completed at time 2613.0, deadline: 2833, met: True, priority: 10
2025-04-07 19:31:48,888 - JSPGymEnvironment - INFO - Material change on machine M2: Mountainbike_Schaltauge_bearbeitet -> Citybike_Rahmen_nachbearbeitet, setup time: 20
2025-04-07 19:31:48,888 - JSPGymEnvironment - INFO - Executed operation: Job J2, Op 4, Machine M2, Start: 2633.0, End: 2657.0, Setup: 20
2025-04-07 19:31:48,915 - JSPGymEnvironment - INFO - Material change on machine M3: Racebike_Fahrrad_endmontiert -> Mountainbike_Bremsen_justiert, setup time: 15
2025-04-07 19:31:48,915 - JSPGymEnvironment - INFO - Executed operation: Job J18, Op 3, Machine M3, Start: 2672.0, End: 2727.0, Setup: 15
2025-04-07 19:31:48,943 - JSPGymEnvironment - INFO - Material change on machine M2: Citybike_Rahmen_nachbearbeitet -> Mountainbike_Fahrrad_endmontiert, setup time: 20
2025-04-07 19:31:48,943 - JSPGymEnvironment - INFO - Executed operation: Job J18, Op 4, Machine M2, Start: 2747.0, End: 2760.0, Setup: 20
2025-04-07 19:31:48,943 - JSPGymEnvironment - INFO - Job J18 completed at time 2760.0, deadline: 2880, met: True, priority: 6
2025-04-07 19:31:48,970 - JSPGymEnvironment - INFO - Material change on machine M3: Mountainbike_Bremsen_justiert -> E-Bike_Antrieb_installiert, setup time: 15
2025-04-07 19:31:48,970 - JSPGymEnvironment - INFO - Executed operation: Job J19, Op 2, Machine M3, Start: 2775.0, End: 2797.0, Setup: 15
2025-04-07 19:31:48,997 - JSPGymEnvironment - INFO - Material change on machine M3: E-Bike_Antrieb_installiert -> Citybike_Fahrrad_endmontiert, setup time: 15
2025-04-07 19:31:48,997 - JSPGymEnvironment - INFO - Executed operation: Job J2, Op 5, Machine M3, Start: 2812.0, End: 2833.0, Setup: 15
2025-04-07 19:31:48,997 - JSPGymEnvironment - INFO - Job J2 completed at time 2833.0, deadline: 2880, met: True, priority: 3
2025-04-07 19:31:49,025 - JSPGymEnvironment - INFO - Material change on machine M2: Mountainbike_Fahrrad_endmontiert -> Racebike_Schaltauge_bearbeitet, setup time: 20
2025-04-07 19:31:49,025 - JSPGymEnvironment - INFO - Executed operation: Job J16, Op 1, Machine M2, Start: 2853.0, End: 2868.0, Setup: 20
2025-04-07 19:31:49,053 - JSPGymEnvironment - INFO - Material change on machine M3: Citybike_Fahrrad_endmontiert -> Mountainbike_Antrieb_installiert, setup time: 15
2025-04-07 19:31:49,053 - JSPGymEnvironment - INFO - Executed operation: Job J12, Op 2, Machine M3, Start: 2883.0, End: 2928.0, Setup: 15
2025-04-07 19:31:49,081 - JSPGymEnvironment - INFO - Material change on machine M2: Racebike_Schaltauge_bearbeitet -> Mountainbike_Bremsaufnahme_gebohrt, setup time: 20
2025-04-07 19:31:49,081 - JSPGymEnvironment - INFO - Executed operation: Job J12, Op 3, Machine M2, Start: 2948.0, End: 2974.0, Setup: 20
2025-04-07 19:31:49,108 - JSPGymEnvironment - INFO - Material change on machine M1: Mountainbike_Hauptrahmen_zugeschnitten -> Racebike_Hauptrahmen_zugeschnitten, setup time: 40
2025-04-07 19:31:49,108 - JSPGymEnvironment - INFO - Executed operation: Job J10, Op 0, Machine M1, Start: 3014.0, End: 3046.0, Setup: 40
2025-04-07 19:31:49,137 - JSPGymEnvironment - INFO - Material change on machine M1: Racebike_Hauptrahmen_zugeschnitten -> Citybike_Hauptrahmen_zugeschnitten, setup time: 40
2025-04-07 19:31:49,137 - JSPGymEnvironment - INFO - Executed operation: Job J17, Op 0, Machine M1, Start: 3086.0, End: 3124.0, Setup: 40
2025-04-07 19:31:49,165 - JSPGymEnvironment - INFO - Material change on machine M2: Mountainbike_Bremsaufnahme_gebohrt -> Mountainbike_Schaltauge_bearbeitet, setup time: 20
2025-04-07 19:31:49,165 - JSPGymEnvironment - INFO - Executed operation: Job J20, Op 1, Machine M2, Start: 3144.0, End: 3169.0, Setup: 20
2025-04-07 19:31:49,192 - JSPGymEnvironment - INFO - Material change on machine M1: Citybike_Hauptrahmen_zugeschnitten -> Racebike_Hauptrahmen_zugeschnitten, setup time: 40
2025-04-07 19:31:49,192 - JSPGymEnvironment - INFO - Executed operation: Job J7, Op 0, Machine M1, Start: 3209.0, End: 3244.0, Setup: 40
2025-04-07 19:31:49,358 - JSPGymEnvironment - INFO - Executed operation: Job J20, Op 2, Machine M3, Start: 3254.0, End: 3278.0, Setup: 10
2025-04-07 19:31:49,385 - JSPGymEnvironment - INFO - Material change on machine M2: Mountainbike_Schaltauge_bearbeitet -> E-Bike_Bremsaufnahme_gebohrt, setup time: 20
2025-04-07 19:31:49,385 - JSPGymEnvironment - INFO - Executed operation: Job J19, Op 3, Machine M2, Start: 3298.0, End: 3311.0, Setup: 20
2025-04-07 19:31:49,413 - JSPGymEnvironment - INFO - Material change on machine M2: E-Bike_Bremsaufnahme_gebohrt -> Mountainbike_Rahmen_nachbearbeitet, setup time: 20
2025-04-07 19:31:49,414 - JSPGymEnvironment - INFO - Executed operation: Job J12, Op 4, Machine M2, Start: 3331.0, End: 3359.0, Setup: 20
2025-04-07 19:31:49,441 - JSPGymEnvironment - INFO - Material change on machine M3: Mountainbike_Antrieb_installiert -> Mountainbike_Bremsen_justiert, setup time: 15
2025-04-07 19:31:49,441 - JSPGymEnvironment - INFO - Executed operation: Job J20, Op 3, Machine M3, Start: 3374.0, End: 3415.0, Setup: 15
2025-04-07 19:31:49,468 - JSPGymEnvironment - INFO - Material change on machine M2: Mountainbike_Rahmen_nachbearbeitet -> E-Bike_Rahmen_nachbearbeitet, setup time: 20
2025-04-07 19:31:49,468 - JSPGymEnvironment - INFO - Executed operation: Job J19, Op 4, Machine M2, Start: 3435.0, End: 3452.0, Setup: 20
2025-04-07 19:31:49,495 - JSPGymEnvironment - INFO - Material change on machine M1: Racebike_Hauptrahmen_zugeschnitten -> Citybike_Hauptrahmen_zugeschnitten, setup time: 40
2025-04-07 19:31:49,495 - JSPGymEnvironment - INFO - Executed operation: Job J14, Op 0, Machine M1, Start: 3492.0, End: 3510.0, Setup: 40
2025-04-07 19:31:49,523 - JSPGymEnvironment - INFO - Executed operation: Job J19, Op 5, Machine M2, Start: 3525.0, End: 3546.0, Setup: 15
2025-04-07 19:31:49,551 - JSPGymEnvironment - INFO - Material change on machine M2: E-Bike_Rahmen_nachbearbeitet -> Mountainbike_Rahmen_nachbearbeitet, setup time: 20
2025-04-07 19:31:49,551 - JSPGymEnvironment - INFO - Executed operation: Job J12, Op 5, Machine M2, Start: 3566.0, End: 3594.0, Setup: 20
2025-04-07 19:31:49,578 - JSPGymEnvironment - INFO - Material change on machine M3: Mountainbike_Bremsen_justiert -> Racebike_Antrieb_installiert, setup time: 15
2025-04-07 19:31:49,578 - JSPGymEnvironment - INFO - Executed operation: Job J16, Op 2, Machine M3, Start: 3609.0, End: 3639.0, Setup: 15
2025-04-07 19:31:49,606 - JSPGymEnvironment - INFO - Material change on machine M2: Mountainbike_Rahmen_nachbearbeitet -> Racebike_Bremsaufnahme_gebohrt, setup time: 20
2025-04-07 19:31:49,606 - JSPGymEnvironment - INFO - Executed operation: Job J16, Op 3, Machine M2, Start: 3659.0, End: 3682.0, Setup: 20
2025-04-07 19:31:49,635 - JSPGymEnvironment - INFO - Material change on machine M2: Racebike_Bremsaufnahme_gebohrt -> Mountainbike_Fahrrad_endmontiert, setup time: 20
2025-04-07 19:31:49,635 - JSPGymEnvironment - INFO - Executed operation: Job J12, Op 6, Machine M2, Start: 3702.0, End: 3724.0, Setup: 20
2025-04-07 19:31:49,635 - JSPGymEnvironment - INFO - Job J12 completed at time 3724.0, deadline: 2863, met: False, priority: 2
2025-04-07 19:31:49,669 - JSPGymEnvironment - INFO - Material change on machine M2: Mountainbike_Fahrrad_endmontiert -> Racebike_Rahmen_nachbearbeitet, setup time: 20
2025-04-07 19:31:49,669 - JSPGymEnvironment - INFO - Executed operation: Job J16, Op 4, Machine M2, Start: 3744.0, End: 3758.0, Setup: 20
2025-04-07 19:31:49,697 - JSPGymEnvironment - INFO - Material change on machine M2: Racebike_Rahmen_nachbearbeitet -> Racebike_Schaltauge_bearbeitet, setup time: 20
2025-04-07 19:31:49,697 - JSPGymEnvironment - INFO - Executed operation: Job J7, Op 1, Machine M2, Start: 3778.0, End: 3801.0, Setup: 20
2025-04-07 19:31:49,725 - JSPGymEnvironment - INFO - Executed operation: Job J7, Op 2, Machine M3, Start: 3811.0, End: 3835.0, Setup: 10
2025-04-07 19:31:49,916 - JSPGymEnvironment - INFO - Material change on machine M2: Racebike_Schaltauge_bearbeitet -> Racebike_Fahrrad_endmontiert, setup time: 20
2025-04-07 19:31:49,916 - JSPGymEnvironment - INFO - Executed operation: Job J16, Op 5, Machine M2, Start: 3855.0, End: 3885.0, Setup: 20
2025-04-07 19:31:49,916 - JSPGymEnvironment - INFO - Job J16 completed at time 3885.0, deadline: 2855, met: False, priority: 7
2025-04-07 19:31:49,943 - JSPGymEnvironment - INFO - Material change on machine M2: Racebike_Fahrrad_endmontiert -> Racebike_Bremsaufnahme_gebohrt, setup time: 20
2025-04-07 19:31:49,944 - JSPGymEnvironment - INFO - Executed operation: Job J7, Op 3, Machine M2, Start: 3905.0, End: 3928.0, Setup: 20
2025-04-07 19:31:49,972 - JSPGymEnvironment - INFO - Material change on machine M2: Racebike_Bremsaufnahme_gebohrt -> E-Bike_Fahrrad_endmontiert, setup time: 20
2025-04-07 19:31:49,972 - JSPGymEnvironment - INFO - Executed operation: Job J19, Op 6, Machine M2, Start: 3948.0, End: 3973.0, Setup: 20
2025-04-07 19:31:49,972 - JSPGymEnvironment - INFO - Job J19 completed at time 3973.0, deadline: 2737, met: False, priority: 8
2025-04-07 19:31:50,000 - JSPGymEnvironment - INFO - Material change on machine M2: E-Bike_Fahrrad_endmontiert -> Citybike_Schaltauge_bearbeitet, setup time: 20
2025-04-07 19:31:50,000 - JSPGymEnvironment - INFO - Executed operation: Job J14, Op 1, Machine M2, Start: 3993.0, End: 4009.0, Setup: 20
2025-04-07 19:31:50,032 - JSPGymEnvironment - INFO - Material change on machine M2: Citybike_Schaltauge_bearbeitet -> Mountainbike_Schaltauge_bearbeitet, setup time: 20
2025-04-07 19:31:50,032 - JSPGymEnvironment - INFO - Executed operation: Job J5, Op 1, Machine M2, Start: 4029.0, End: 4044.0, Setup: 20
2025-04-07 19:31:50,065 - JSPGymEnvironment - INFO - Material change on machine M2: Mountainbike_Schaltauge_bearbeitet -> Citybike_Schaltauge_bearbeitet, setup time: 20
2025-04-07 19:31:50,065 - JSPGymEnvironment - INFO - Executed operation: Job J8, Op 1, Machine M2, Start: 4064.0, End: 4077.0, Setup: 20
2025-04-07 19:31:50,098 - JSPGymEnvironment - INFO - Material change on machine M3: Racebike_Antrieb_installiert -> Mountainbike_Antrieb_installiert, setup time: 15
2025-04-07 19:31:50,098 - JSPGymEnvironment - INFO - Executed operation: Job J5, Op 2, Machine M3, Start: 4092.0, End: 4117.0, Setup: 15
2025-04-07 19:31:50,133 - JSPGymEnvironment - INFO - Material change on machine M2: Citybike_Schaltauge_bearbeitet -> Mountainbike_Bremsaufnahme_gebohrt, setup time: 20
2025-04-07 19:31:50,133 - JSPGymEnvironment - INFO - Executed operation: Job J5, Op 3, Machine M2, Start: 4137.0, End: 4152.0, Setup: 20
2025-04-07 19:31:50,174 - JSPGymEnvironment - INFO - Material change on machine M2: Mountainbike_Bremsaufnahme_gebohrt -> Racebike_Schaltauge_bearbeitet, setup time: 20
2025-04-07 19:31:50,174 - JSPGymEnvironment - INFO - Executed operation: Job J10, Op 1, Machine M2, Start: 4172.0, End: 4197.0, Setup: 20
2025-04-07 19:31:50,209 - JSPGymEnvironment - INFO - Executed operation: Job J11, Op 0, Machine M1, Start: 4222.0, End: 4253.0, Setup: 25
2025-04-07 19:31:50,239 - JSPGymEnvironment - INFO - Material change on machine M2: Racebike_Schaltauge_bearbeitet -> Mountainbike_Rahmen_nachbearbeitet, setup time: 20
2025-04-07 19:31:50,239 - JSPGymEnvironment - INFO - Executed operation: Job J20, Op 4, Machine M2, Start: 4273.0, End: 4290.0, Setup: 20
2025-04-07 19:31:50,270 - JSPGymEnvironment - INFO - Material change on machine M3: Mountainbike_Antrieb_installiert -> Mountainbike_Fahrrad_endmontiert, setup time: 15
2025-04-07 19:31:50,270 - JSPGymEnvironment - INFO - Executed operation: Job J20, Op 5, Machine M3, Start: 4305.0, End: 4330.0, Setup: 15
2025-04-07 19:31:50,301 - JSPGymEnvironment - INFO - Executed operation: Job J20, Op 6, Machine M3, Start: 4340.0, End: 4380.0, Setup: 10
2025-04-07 19:31:50,301 - JSPGymEnvironment - INFO - Job J20 completed at time 4380.0, deadline: 2744, met: False, priority: 3
2025-04-07 19:31:50,330 - JSPGymEnvironment - INFO - Executed operation: Job J5, Op 4, Machine M2, Start: 4395.0, End: 4425.0, Setup: 15
2025-04-07 19:31:50,499 - JSPGymEnvironment - INFO - Material change on machine M3: Mountainbike_Fahrrad_endmontiert -> Citybike_Antrieb_installiert, setup time: 15
2025-04-07 19:31:50,499 - JSPGymEnvironment - INFO - Executed operation: Job J8, Op 2, Machine M3, Start: 4440.0, End: 4494.0, Setup: 15
2025-04-07 19:31:50,534 - JSPGymEnvironment - INFO - Material change on machine M3: Citybike_Antrieb_installiert -> Racebike_Antrieb_installiert, setup time: 15
2025-04-07 19:31:50,534 - JSPGymEnvironment - INFO - Executed operation: Job J10, Op 2, Machine M3, Start: 4509.0, End: 4548.0, Setup: 15
2025-04-07 19:31:50,565 - JSPGymEnvironment - INFO - Material change on machine M3: Racebike_Antrieb_installiert -> Citybike_Antrieb_installiert, setup time: 15
2025-04-07 19:31:50,565 - JSPGymEnvironment - INFO - Executed operation: Job J14, Op 2, Machine M3, Start: 4563.0, End: 4585.0, Setup: 15
2025-04-07 19:31:50,595 - JSPGymEnvironment - INFO - Material change on machine M2: Mountainbike_Rahmen_nachbearbeitet -> Racebike_Bremsaufnahme_gebohrt, setup time: 20
2025-04-07 19:31:50,595 - JSPGymEnvironment - INFO - Executed operation: Job J10, Op 3, Machine M2, Start: 4605.0, End: 4627.0, Setup: 20
2025-04-07 19:31:50,624 - JSPGymEnvironment - INFO - Material change on machine M2: Racebike_Bremsaufnahme_gebohrt -> Racebike_Rahmen_nachbearbeitet, setup time: 20
2025-04-07 19:31:50,624 - JSPGymEnvironment - INFO - Executed operation: Job J7, Op 4, Machine M2, Start: 4647.0, End: 4673.0, Setup: 20
2025-04-07 19:31:50,654 - JSPGymEnvironment - INFO - Material change on machine M1: Citybike_Hauptrahmen_zugeschnitten -> E-Bike_Hauptrahmen_zugeschnitten, setup time: 40
2025-04-07 19:31:50,655 - JSPGymEnvironment - INFO - Executed operation: Job J3, Op 0, Machine M1, Start: 4713.0, End: 4747.0, Setup: 40
2025-04-07 19:31:50,685 - JSPGymEnvironment - INFO - Material change on machine M2: Racebike_Rahmen_nachbearbeitet -> Citybike_Schaltauge_bearbeitet, setup time: 20
2025-04-07 19:31:50,685 - JSPGymEnvironment - INFO - Executed operation: Job J17, Op 1, Machine M2, Start: 4767.0, End: 4787.0, Setup: 20
2025-04-07 19:31:50,716 - JSPGymEnvironment - INFO - Executed operation: Job J11, Op 1, Machine M2, Start: 4802.0, End: 4815.0, Setup: 15
2025-04-07 19:31:50,745 - JSPGymEnvironment - INFO - Material change on machine M2: Citybike_Schaltauge_bearbeitet -> Racebike_Rahmen_nachbearbeitet, setup time: 20
2025-04-07 19:31:50,745 - JSPGymEnvironment - INFO - Executed operation: Job J10, Op 4, Machine M2, Start: 4835.0, End: 4846.0, Setup: 20
2025-04-07 19:31:50,773 - JSPGymEnvironment - INFO - Executed operation: Job J7, Op 5, Machine M2, Start: 4861.0, End: 4879.0, Setup: 15
2025-04-07 19:31:50,802 - JSPGymEnvironment - INFO - Material change on machine M2: Racebike_Rahmen_nachbearbeitet -> Citybike_Bremsaufnahme_gebohrt, setup time: 20
2025-04-07 19:31:50,802 - JSPGymEnvironment - INFO - Executed operation: Job J14, Op 3, Machine M2, Start: 4899.0, End: 4917.0, Setup: 20
2025-04-07 19:31:50,831 - JSPGymEnvironment - INFO - Material change on machine M2: Citybike_Bremsaufnahme_gebohrt -> Citybike_Rahmen_nachbearbeitet, setup time: 20
2025-04-07 19:31:50,831 - JSPGymEnvironment - INFO - Executed operation: Job J14, Op 4, Machine M2, Start: 4937.0, End: 4966.0, Setup: 20
2025-04-07 19:31:50,860 - JSPGymEnvironment - INFO - Material change on machine M2: Citybike_Rahmen_nachbearbeitet -> Racebike_Rahmen_nachbearbeitet, setup time: 20
2025-04-07 19:31:50,860 - JSPGymEnvironment - INFO - Executed operation: Job J7, Op 6, Machine M2, Start: 4986.0, End: 5001.0, Setup: 20
2025-04-07 19:31:51,046 - JSPGymEnvironment - INFO - Material change on machine M2: Racebike_Rahmen_nachbearbeitet -> Mountainbike_Fahrrad_endmontiert, setup time: 20
2025-04-07 19:31:51,046 - JSPGymEnvironment - INFO - Executed operation: Job J5, Op 5, Machine M2, Start: 5021.0, End: 5043.0, Setup: 20
2025-04-07 19:31:51,046 - JSPGymEnvironment - INFO - Job J5 completed at time 5043.0, deadline: 2880, met: False, priority: 1
2025-04-07 19:31:51,078 - JSPGymEnvironment - INFO - Executed operation: Job J17, Op 2, Machine M3, Start: 5053.0, End: 5087.0, Setup: 10
2025-04-07 19:31:51,105 - JSPGymEnvironment - INFO - Material change on machine M2: Mountainbike_Fahrrad_endmontiert -> Racebike_Fahrrad_endmontiert, setup time: 20
2025-04-07 19:31:51,106 - JSPGymEnvironment - INFO - Executed operation: Job J7, Op 7, Machine M2, Start: 5107.0, End: 5132.0, Setup: 20
2025-04-07 19:31:51,106 - JSPGymEnvironment - INFO - Job J7 completed at time 5132.0, deadline: 2880, met: False, priority: 9
2025-04-07 19:31:51,133 - JSPGymEnvironment - INFO - Material change on machine M2: Racebike_Fahrrad_endmontiert -> Racebike_Rahmen_nachbearbeitet, setup time: 20
2025-04-07 19:31:51,134 - JSPGymEnvironment - INFO - Executed operation: Job J10, Op 5, Machine M2, Start: 5152.0, End: 5170.0, Setup: 20
2025-04-07 19:31:51,162 - JSPGymEnvironment - INFO - Material change on machine M3: Citybike_Antrieb_installiert -> Citybike_Bremsen_justiert, setup time: 15
2025-04-07 19:31:51,162 - JSPGymEnvironment - INFO - Executed operation: Job J8, Op 3, Machine M3, Start: 5185.0, End: 5243.0, Setup: 15
2025-04-07 19:31:51,192 - JSPGymEnvironment - INFO - Material change on machine M3: Citybike_Bremsen_justiert -> Citybike_Antrieb_installiert, setup time: 15
2025-04-07 19:31:51,192 - JSPGymEnvironment - INFO - Executed operation: Job J11, Op 2, Machine M3, Start: 5258.0, End: 5300.0, Setup: 15
2025-04-07 19:31:51,223 - JSPGymEnvironment - INFO - Material change on machine M3: Citybike_Antrieb_installiert -> Citybike_Fahrrad_endmontiert, setup time: 15
2025-04-07 19:31:51,223 - JSPGymEnvironment - INFO - Executed operation: Job J8, Op 4, Machine M3, Start: 5315.0, End: 5364.0, Setup: 15
2025-04-07 19:31:51,251 - JSPGymEnvironment - INFO - Material change on machine M2: Racebike_Rahmen_nachbearbeitet -> Citybike_Fahrrad_endmontiert, setup time: 20
2025-04-07 19:31:51,251 - JSPGymEnvironment - INFO - Executed operation: Job J8, Op 5, Machine M2, Start: 5384.0, End: 5414.0, Setup: 20
2025-04-07 19:31:51,251 - JSPGymEnvironment - INFO - Job J8 completed at time 5414.0, deadline: 2762, met: False, priority: 5
2025-04-07 19:31:51,280 - JSPGymEnvironment - INFO - Material change on machine M2: Citybike_Fahrrad_endmontiert -> Citybike_Rahmen_nachbearbeitet, setup time: 20
2025-04-07 19:31:51,280 - JSPGymEnvironment - INFO - Executed operation: Job J14, Op 5, Machine M2, Start: 5434.0, End: 5464.0, Setup: 20
2025-04-07 19:31:51,309 - JSPGymEnvironment - INFO - Executed operation: Job J14, Op 6, Machine M2, Start: 5479.0, End: 5503.0, Setup: 15
2025-04-07 19:31:51,337 - JSPGymEnvironment - INFO - Material change on machine M2: Citybike_Rahmen_nachbearbeitet -> Racebike_Rahmen_nachbearbeitet, setup time: 20
2025-04-07 19:31:51,337 - JSPGymEnvironment - INFO - Executed operation: Job J10, Op 6, Machine M2, Start: 5523.0, End: 5534.0, Setup: 20
2025-04-07 19:31:51,365 - JSPGymEnvironment - INFO - Material change on machine M2: Racebike_Rahmen_nachbearbeitet -> Racebike_Fahrrad_endmontiert, setup time: 20
2025-04-07 19:31:51,365 - JSPGymEnvironment - INFO - Executed operation: Job J10, Op 7, Machine M2, Start: 5554.0, End: 5566.0, Setup: 20
2025-04-07 19:31:51,365 - JSPGymEnvironment - INFO - Job J10 completed at time 5566.0, deadline: 2880, met: False, priority: 9
2025-04-07 19:31:51,393 - JSPGymEnvironment - INFO - Material change on machine M3: Citybike_Fahrrad_endmontiert -> Citybike_Bremsen_justiert, setup time: 15
2025-04-07 19:31:51,393 - JSPGymEnvironment - INFO - Executed operation: Job J17, Op 3, Machine M3, Start: 5581.0, End: 5607.0, Setup: 15
2025-04-07 19:31:51,421 - JSPGymEnvironment - INFO - Material change on machine M2: Racebike_Fahrrad_endmontiert -> E-Bike_Schaltauge_bearbeitet, setup time: 20
2025-04-07 19:31:51,421 - JSPGymEnvironment - INFO - Executed operation: Job J3, Op 1, Machine M2, Start: 5627.0, End: 5647.0, Setup: 20
2025-04-07 19:31:51,448 - JSPGymEnvironment - INFO - Executed operation: Job J11, Op 3, Machine M3, Start: 5657.0, End: 5679.0, Setup: 10
2025-04-07 19:31:51,610 - JSPGymEnvironment - INFO - Material change on machine M3: Citybike_Bremsen_justiert -> Citybike_Fahrrad_endmontiert, setup time: 15
2025-04-07 19:31:51,611 - JSPGymEnvironment - INFO - Executed operation: Job J11, Op 4, Machine M3, Start: 5694.0, End: 5733.0, Setup: 15
2025-04-07 19:31:51,638 - JSPGymEnvironment - INFO - Material change on machine M2: E-Bike_Schaltauge_bearbeitet -> Citybike_Fahrrad_endmontiert, setup time: 20
2025-04-07 19:31:51,638 - JSPGymEnvironment - INFO - Executed operation: Job J14, Op 7, Machine M2, Start: 5753.0, End: 5774.0, Setup: 20
2025-04-07 19:31:51,638 - JSPGymEnvironment - INFO - Job J14 completed at time 5774.0, deadline: 2880, met: False, priority: 3
2025-04-07 19:31:51,668 - JSPGymEnvironment - INFO - Material change on machine M2: Citybike_Fahrrad_endmontiert -> Citybike_Rahmen_nachbearbeitet, setup time: 20
2025-04-07 19:31:51,668 - JSPGymEnvironment - INFO - Executed operation: Job J11, Op 5, Machine M2, Start: 5794.0, End: 5811.0, Setup: 20
2025-04-07 19:31:51,695 - JSPGymEnvironment - INFO - Executed operation: Job J17, Op 4, Machine M3, Start: 5821.0, End: 5871.0, Setup: 10
2025-04-07 19:31:51,723 - JSPGymEnvironment - INFO - Executed operation: Job J11, Op 6, Machine M2, Start: 5886.0, End: 5908.0, Setup: 15
2025-04-07 19:31:51,752 - JSPGymEnvironment - INFO - Executed operation: Job J17, Op 5, Machine M3, Start: 5918.0, End: 5977.0, Setup: 10
2025-04-07 19:31:51,780 - JSPGymEnvironment - INFO - Material change on machine M2: Citybike_Rahmen_nachbearbeitet -> Citybike_Fahrrad_endmontiert, setup time: 20
2025-04-07 19:31:51,781 - JSPGymEnvironment - INFO - Executed operation: Job J11, Op 7, Machine M2, Start: 5997.0, End: 6026.0, Setup: 20
2025-04-07 19:31:51,781 - JSPGymEnvironment - INFO - Job J11 completed at time 6026.0, deadline: 2880, met: False, priority: 7
2025-04-07 19:31:51,809 - JSPGymEnvironment - INFO - Executed operation: Job J17, Op 6, Machine M3, Start: 6036.0, End: 6061.0, Setup: 10
2025-04-07 19:31:51,809 - JSPGymEnvironment - INFO - Job J17 completed at time 6061.0, deadline: 2880, met: False, priority: 6
2025-04-07 19:31:51,837 - JSPGymEnvironment - INFO - Material change on machine M3: Citybike_Fahrrad_endmontiert -> E-Bike_Antrieb_installiert, setup time: 15
2025-04-07 19:31:51,837 - JSPGymEnvironment - INFO - Executed operation: Job J3, Op 2, Machine M3, Start: 6076.0, End: 6134.0, Setup: 15
2025-04-07 19:31:51,864 - JSPGymEnvironment - INFO - Material change on machine M2: Citybike_Fahrrad_endmontiert -> E-Bike_Bremsaufnahme_gebohrt, setup time: 20
2025-04-07 19:31:51,864 - JSPGymEnvironment - INFO - Executed operation: Job J3, Op 3, Machine M2, Start: 6154.0, End: 6184.0, Setup: 20
2025-04-07 19:31:51,892 - JSPGymEnvironment - INFO - Material change on machine M2: E-Bike_Bremsaufnahme_gebohrt -> E-Bike_Rahmen_nachbearbeitet, setup time: 20
2025-04-07 19:31:51,892 - JSPGymEnvironment - INFO - Executed operation: Job J3, Op 4, Machine M2, Start: 6204.0, End: 6221.0, Setup: 20
2025-04-07 19:31:51,920 - JSPGymEnvironment - INFO - Executed operation: Job J3, Op 5, Machine M2, Start: 6236.0, End: 6257.0, Setup: 15
2025-04-07 19:31:51,947 - JSPGymEnvironment - INFO - Material change on machine M2: E-Bike_Rahmen_nachbearbeitet -> E-Bike_Fahrrad_endmontiert, setup time: 20
2025-04-07 19:31:51,948 - JSPGymEnvironment - INFO - Executed operation: Job J3, Op 6, Machine M2, Start: 6277.0, End: 6287.0, Setup: 20
2025-04-07 19:31:51,948 - JSPGymEnvironment - INFO - Job J3 completed at time 6287.0, deadline: 2862, met: False, priority: 8
2025-04-07 19:33:04,511 - JSPGymEnvironment - INFO - Environment reset
2025-04-07 19:33:04,543 - JSPGymEnvironment - INFO - Material change on machine M1:  -> Mountainbike_Hauptrahmen_zugeschnitten, setup time: 0
2025-04-07 19:33:04,543 - JSPGymEnvironment - INFO - Executed operation: Job J12, Op 0, Machine M1, Start: 0.0, End: 31.0, Setup: 0
2025-04-07 19:33:04,579 - JSPGymEnvironment - INFO - Executed operation: Job J18, Op 0, Machine M1, Start: 56.0, End: 78.0, Setup: 25
2025-04-07 19:33:04,615 - JSPGymEnvironment - INFO - Material change on machine M1: Mountainbike_Hauptrahmen_zugeschnitten -> E-Bike_Hauptrahmen_zugeschnitten, setup time: 40
2025-04-07 19:33:04,615 - JSPGymEnvironment - INFO - Executed operation: Job J3, Op 0, Machine M1, Start: 118.0, End: 152.0, Setup: 40
2025-04-07 19:33:04,815 - JSPGymEnvironment - INFO - Material change on machine M2:  -> Mountainbike_Schaltauge_bearbeitet, setup time: 0
2025-04-07 19:33:04,815 - JSPGymEnvironment - INFO - Executed operation: Job J12, Op 1, Machine M2, Start: 152.0, End: 174.0, Setup: 0
2025-04-07 19:33:04,847 - JSPGymEnvironment - INFO - Material change on machine M3:  -> Mountainbike_Antrieb_installiert, setup time: 0
2025-04-07 19:33:04,942 - JSPGymEnvironment - INFO - Executed operation: Job J12, Op 2, Machine M3, Start: 174.0, End: 219.0, Setup: 0
2025-04-07 19:33:04,972 - JSPGymEnvironment - INFO - Material change on machine M1: E-Bike_Hauptrahmen_zugeschnitten -> Mountainbike_Hauptrahmen_zugeschnitten, setup time: 40
2025-04-07 19:33:04,972 - JSPGymEnvironment - INFO - Executed operation: Job J20, Op 0, Machine M1, Start: 259.0, End: 278.0, Setup: 40
2025-04-07 19:33:05,003 - JSPGymEnvironment - INFO - Material change on machine M1: Mountainbike_Hauptrahmen_zugeschnitten -> Racebike_Hauptrahmen_zugeschnitten, setup time: 40
2025-04-07 19:33:05,003 - JSPGymEnvironment - INFO - Executed operation: Job J16, Op 0, Machine M1, Start: 318.0, End: 344.0, Setup: 40
2025-04-07 19:33:05,034 - JSPGymEnvironment - INFO - Executed operation: Job J15, Op 0, Machine M1, Start: 369.0, End: 392.0, Setup: 25
2025-04-07 19:33:05,067 - JSPGymEnvironment - INFO - Material change on machine M1: Racebike_Hauptrahmen_zugeschnitten -> Citybike_Hauptrahmen_zugeschnitten, setup time: 40
2025-04-07 19:33:05,067 - JSPGymEnvironment - INFO - Executed operation: Job J11, Op 0, Machine M1, Start: 432.0, End: 463.0, Setup: 40
2025-04-07 19:33:05,097 - JSPGymEnvironment - INFO - Executed operation: Job J18, Op 1, Machine M2, Start: 478.0, End: 498.0, Setup: 15
2025-04-07 19:33:05,170 - JSPGymEnvironment - INFO - Material change on machine M2: Mountainbike_Schaltauge_bearbeitet -> Citybike_Schaltauge_bearbeitet, setup time: 20
2025-04-07 19:33:05,170 - JSPGymEnvironment - INFO - Executed operation: Job J11, Op 1, Machine M2, Start: 518.0, End: 531.0, Setup: 20
2025-04-07 19:33:05,208 - JSPGymEnvironment - INFO - Material change on machine M2: Citybike_Schaltauge_bearbeitet -> Racebike_Schaltauge_bearbeitet, setup time: 20
2025-04-07 19:33:05,287 - JSPGymEnvironment - INFO - Executed operation: Job J15, Op 1, Machine M2, Start: 551.0, End: 564.0, Setup: 20
2025-04-07 19:33:05,321 - JSPGymEnvironment - INFO - Material change on machine M3: Mountainbike_Antrieb_installiert -> Citybike_Antrieb_installiert, setup time: 15
2025-04-07 19:33:05,322 - JSPGymEnvironment - INFO - Executed operation: Job J11, Op 2, Machine M3, Start: 579.0, End: 621.0, Setup: 15
2025-04-07 19:33:05,359 - JSPGymEnvironment - INFO - Material change on machine M2: Racebike_Schaltauge_bearbeitet -> E-Bike_Schaltauge_bearbeitet, setup time: 20
2025-04-07 19:33:05,359 - JSPGymEnvironment - INFO - Executed operation: Job J3, Op 1, Machine M2, Start: 641.0, End: 661.0, Setup: 20
2025-04-07 19:33:05,393 - JSPGymEnvironment - INFO - Material change on machine M2: E-Bike_Schaltauge_bearbeitet -> Mountainbike_Bremsaufnahme_gebohrt, setup time: 20
2025-04-07 19:33:05,395 - JSPGymEnvironment - INFO - Executed operation: Job J12, Op 3, Machine M2, Start: 681.0, End: 707.0, Setup: 20
2025-04-07 19:33:05,427 - JSPGymEnvironment - INFO - Material change on machine M1: Citybike_Hauptrahmen_zugeschnitten -> Racebike_Hauptrahmen_zugeschnitten, setup time: 40
2025-04-07 19:33:05,428 - JSPGymEnvironment - INFO - Executed operation: Job J1, Op 0, Machine M1, Start: 747.0, End: 787.0, Setup: 40
2025-04-07 19:33:05,463 - JSPGymEnvironment - INFO - Material change on machine M3: Citybike_Antrieb_installiert -> Racebike_Antrieb_installiert, setup time: 15
2025-04-07 19:33:05,464 - JSPGymEnvironment - INFO - Executed operation: Job J15, Op 2, Machine M3, Start: 802.0, End: 837.0, Setup: 15
2025-04-07 19:33:05,657 - JSPGymEnvironment - INFO - Material change on machine M3: Racebike_Antrieb_installiert -> Racebike_Bremsen_justiert, setup time: 15
2025-04-07 19:33:05,657 - JSPGymEnvironment - INFO - Executed operation: Job J15, Op 3, Machine M3, Start: 852.0, End: 879.0, Setup: 15
2025-04-07 19:33:05,686 - JSPGymEnvironment - INFO - Material change on machine M2: Mountainbike_Bremsaufnahme_gebohrt -> Racebike_Schaltauge_bearbeitet, setup time: 20
2025-04-07 19:33:05,688 - JSPGymEnvironment - INFO - Executed operation: Job J16, Op 1, Machine M2, Start: 899.0, End: 914.0, Setup: 20
2025-04-07 19:33:05,720 - JSPGymEnvironment - INFO - Material change on machine M2: Racebike_Schaltauge_bearbeitet -> Racebike_Rahmen_nachbearbeitet, setup time: 20
2025-04-07 19:33:05,720 - JSPGymEnvironment - INFO - Executed operation: Job J15, Op 4, Machine M2, Start: 934.0, End: 954.0, Setup: 20
2025-04-07 19:33:05,754 - JSPGymEnvironment - INFO - Material change on machine M1: Racebike_Hauptrahmen_zugeschnitten -> E-Bike_Hauptrahmen_zugeschnitten, setup time: 40
2025-04-07 19:33:05,754 - JSPGymEnvironment - INFO - Executed operation: Job J13, Op 0, Machine M1, Start: 994.0, End: 1035.0, Setup: 40
2025-04-07 19:33:05,794 - JSPGymEnvironment - INFO - Material change on machine M1: E-Bike_Hauptrahmen_zugeschnitten -> Mountainbike_Hauptrahmen_zugeschnitten, setup time: 40
2025-04-07 19:33:05,796 - JSPGymEnvironment - INFO - Executed operation: Job J5, Op 0, Machine M1, Start: 1075.0, End: 1111.0, Setup: 40
2025-04-07 19:33:05,833 - JSPGymEnvironment - INFO - Material change on machine M1: Mountainbike_Hauptrahmen_zugeschnitten -> Racebike_Hauptrahmen_zugeschnitten, setup time: 40
2025-04-07 19:33:05,833 - JSPGymEnvironment - INFO - Executed operation: Job J6, Op 0, Machine M1, Start: 1151.0, End: 1187.0, Setup: 40
2025-04-07 19:33:05,874 - JSPGymEnvironment - INFO - Material change on machine M2: Racebike_Rahmen_nachbearbeitet -> Racebike_Schaltauge_bearbeitet, setup time: 20
2025-04-07 19:33:05,874 - JSPGymEnvironment - INFO - Executed operation: Job J1, Op 1, Machine M2, Start: 1207.0, End: 1223.0, Setup: 20
2025-04-07 19:33:05,921 - JSPGymEnvironment - INFO - Material change on machine M3: Racebike_Bremsen_justiert -> Racebike_Antrieb_installiert, setup time: 15
2025-04-07 19:33:05,921 - JSPGymEnvironment - INFO - Executed operation: Job J1, Op 2, Machine M3, Start: 1238.0, End: 1274.0, Setup: 15
2025-04-07 19:33:05,963 - JSPGymEnvironment - INFO - Material change on machine M3: Racebike_Antrieb_installiert -> E-Bike_Antrieb_installiert, setup time: 15
2025-04-07 19:33:05,963 - JSPGymEnvironment - INFO - Executed operation: Job J3, Op 2, Machine M3, Start: 1289.0, End: 1347.0, Setup: 15
2025-04-07 19:33:05,997 - JSPGymEnvironment - INFO - Material change on machine M2: Racebike_Schaltauge_bearbeitet -> Mountainbike_Rahmen_nachbearbeitet, setup time: 20
2025-04-07 19:33:05,997 - JSPGymEnvironment - INFO - Executed operation: Job J12, Op 4, Machine M2, Start: 1367.0, End: 1395.0, Setup: 20
2025-04-07 19:33:06,028 - JSPGymEnvironment - INFO - Material change on machine M3: E-Bike_Antrieb_installiert -> Citybike_Bremsen_justiert, setup time: 15
2025-04-07 19:33:06,028 - JSPGymEnvironment - INFO - Executed operation: Job J11, Op 3, Machine M3, Start: 1410.0, End: 1432.0, Setup: 15
2025-04-07 19:33:06,062 - JSPGymEnvironment - INFO - Material change on machine M2: Mountainbike_Rahmen_nachbearbeitet -> E-Bike_Bremsaufnahme_gebohrt, setup time: 20
2025-04-07 19:33:06,062 - JSPGymEnvironment - INFO - Executed operation: Job J3, Op 3, Machine M2, Start: 1452.0, End: 1482.0, Setup: 20
2025-04-07 19:33:06,094 - JSPGymEnvironment - INFO - Material change on machine M1: Racebike_Hauptrahmen_zugeschnitten -> Citybike_Hauptrahmen_zugeschnitten, setup time: 40
2025-04-07 19:33:06,098 - JSPGymEnvironment - INFO - Executed operation: Job J9, Op 0, Machine M1, Start: 1522.0, End: 1562.0, Setup: 40
2025-04-07 19:33:06,130 - JSPGymEnvironment - INFO - Material change on machine M2: E-Bike_Bremsaufnahme_gebohrt -> Racebike_Rahmen_nachbearbeitet, setup time: 20
2025-04-07 19:33:06,131 - JSPGymEnvironment - INFO - Executed operation: Job J15, Op 5, Machine M2, Start: 1582.0, End: 1605.0, Setup: 20
2025-04-07 19:33:06,314 - JSPGymEnvironment - INFO - Material change on machine M2: Racebike_Rahmen_nachbearbeitet -> E-Bike_Rahmen_nachbearbeitet, setup time: 20
2025-04-07 19:33:06,314 - JSPGymEnvironment - INFO - Executed operation: Job J3, Op 4, Machine M2, Start: 1625.0, End: 1642.0, Setup: 20
2025-04-07 19:33:06,343 - JSPGymEnvironment - INFO - Material change on machine M3: Citybike_Bremsen_justiert -> Racebike_Fahrrad_endmontiert, setup time: 15
2025-04-07 19:33:06,343 - JSPGymEnvironment - INFO - Executed operation: Job J15, Op 6, Machine M3, Start: 1657.0, End: 1684.0, Setup: 15
2025-04-07 19:33:06,375 - JSPGymEnvironment - INFO - Material change on machine M2: E-Bike_Rahmen_nachbearbeitet -> Racebike_Schaltauge_bearbeitet, setup time: 20
2025-04-07 19:33:06,376 - JSPGymEnvironment - INFO - Executed operation: Job J6, Op 1, Machine M2, Start: 1704.0, End: 1717.0, Setup: 20
2025-04-07 19:33:06,410 - JSPGymEnvironment - INFO - Material change on machine M2: Racebike_Schaltauge_bearbeitet -> E-Bike_Schaltauge_bearbeitet, setup time: 20
2025-04-07 19:33:06,410 - JSPGymEnvironment - INFO - Executed operation: Job J13, Op 1, Machine M2, Start: 1737.0, End: 1760.0, Setup: 20
2025-04-07 19:33:06,448 - JSPGymEnvironment - INFO - Material change on machine M2: E-Bike_Schaltauge_bearbeitet -> Mountainbike_Schaltauge_bearbeitet, setup time: 20
2025-04-07 19:33:06,449 - JSPGymEnvironment - INFO - Executed operation: Job J5, Op 1, Machine M2, Start: 1780.0, End: 1795.0, Setup: 20
2025-04-07 19:33:06,480 - JSPGymEnvironment - INFO - Material change on machine M2: Mountainbike_Schaltauge_bearbeitet -> E-Bike_Rahmen_nachbearbeitet, setup time: 20
2025-04-07 19:33:06,480 - JSPGymEnvironment - INFO - Executed operation: Job J3, Op 5, Machine M2, Start: 1815.0, End: 1836.0, Setup: 20
2025-04-07 19:33:06,510 - JSPGymEnvironment - INFO - Executed operation: Job J2, Op 0, Machine M1, Start: 1861.0, End: 1877.0, Setup: 25
2025-04-07 19:33:06,542 - JSPGymEnvironment - INFO - Material change on machine M1: Citybike_Hauptrahmen_zugeschnitten -> Racebike_Hauptrahmen_zugeschnitten, setup time: 40
2025-04-07 19:33:06,543 - JSPGymEnvironment - INFO - Executed operation: Job J4, Op 0, Machine M1, Start: 1917.0, End: 1942.0, Setup: 40
2025-04-07 19:33:06,571 - JSPGymEnvironment - INFO - Material change on machine M2: E-Bike_Rahmen_nachbearbeitet -> Racebike_Bremsaufnahme_gebohrt, setup time: 20
2025-04-07 19:33:06,571 - JSPGymEnvironment - INFO - Executed operation: Job J1, Op 3, Machine M2, Start: 1962.0, End: 1980.0, Setup: 20
2025-04-07 19:33:06,600 - JSPGymEnvironment - INFO - Executed operation: Job J10, Op 0, Machine M1, Start: 2005.0, End: 2037.0, Setup: 25
2025-04-07 19:33:06,629 - JSPGymEnvironment - INFO - Material change on machine M3: Racebike_Fahrrad_endmontiert -> Citybike_Fahrrad_endmontiert, setup time: 15
2025-04-07 19:33:06,629 - JSPGymEnvironment - INFO - Executed operation: Job J11, Op 4, Machine M3, Start: 2052.0, End: 2091.0, Setup: 15
2025-04-07 19:33:06,660 - JSPGymEnvironment - INFO - Material change on machine M2: Racebike_Bremsaufnahme_gebohrt -> E-Bike_Fahrrad_endmontiert, setup time: 20
2025-04-07 19:33:06,660 - JSPGymEnvironment - INFO - Executed operation: Job J3, Op 6, Machine M2, Start: 2111.0, End: 2121.0, Setup: 20
2025-04-07 19:33:06,661 - JSPGymEnvironment - INFO - Job J3 completed at time 2121.0, deadline: 2862, met: True, priority: 8
2025-04-07 19:33:06,690 - JSPGymEnvironment - INFO - Material change on machine M2: E-Bike_Fahrrad_endmontiert -> Mountainbike_Rahmen_nachbearbeitet, setup time: 20
2025-04-07 19:33:06,690 - JSPGymEnvironment - INFO - Executed operation: Job J12, Op 5, Machine M2, Start: 2141.0, End: 2169.0, Setup: 20
2025-04-07 19:33:06,862 - JSPGymEnvironment - INFO - Material change on machine M2: Mountainbike_Rahmen_nachbearbeitet -> Racebike_Rahmen_nachbearbeitet, setup time: 20
2025-04-07 19:33:06,862 - JSPGymEnvironment - INFO - Executed operation: Job J1, Op 4, Machine M2, Start: 2189.0, End: 2211.0, Setup: 20
2025-04-07 19:33:06,891 - JSPGymEnvironment - INFO - Material change on machine M2: Racebike_Rahmen_nachbearbeitet -> Citybike_Rahmen_nachbearbeitet, setup time: 20
2025-04-07 19:33:06,891 - JSPGymEnvironment - INFO - Executed operation: Job J11, Op 5, Machine M2, Start: 2231.0, End: 2248.0, Setup: 20
2025-04-07 19:33:06,920 - JSPGymEnvironment - INFO - Material change on machine M3: Citybike_Fahrrad_endmontiert -> Racebike_Antrieb_installiert, setup time: 15
2025-04-07 19:33:06,920 - JSPGymEnvironment - INFO - Executed operation: Job J16, Op 2, Machine M3, Start: 2263.0, End: 2293.0, Setup: 15
2025-04-07 19:33:06,952 - JSPGymEnvironment - INFO - Executed operation: Job J7, Op 0, Machine M1, Start: 2318.0, End: 2353.0, Setup: 25
2025-04-07 19:33:06,987 - JSPGymEnvironment - INFO - Material change on machine M3: Racebike_Antrieb_installiert -> Racebike_Fahrrad_endmontiert, setup time: 15
2025-04-07 19:33:06,987 - JSPGymEnvironment - INFO - Executed operation: Job J15, Op 7, Machine M3, Start: 2368.0, End: 2414.0, Setup: 15
2025-04-07 19:33:06,987 - JSPGymEnvironment - INFO - Job J15 completed at time 2414.0, deadline: 2833, met: True, priority: 10
2025-04-07 19:33:07,020 - JSPGymEnvironment - INFO - Material change on machine M2: Citybike_Rahmen_nachbearbeitet -> Citybike_Schaltauge_bearbeitet, setup time: 20
2025-04-07 19:33:07,020 - JSPGymEnvironment - INFO - Executed operation: Job J9, Op 1, Machine M2, Start: 2434.0, End: 2450.0, Setup: 20
2025-04-07 19:33:07,055 - JSPGymEnvironment - INFO - Material change on machine M3: Racebike_Fahrrad_endmontiert -> Racebike_Antrieb_installiert, setup time: 15
2025-04-07 19:33:07,056 - JSPGymEnvironment - INFO - Executed operation: Job J6, Op 2, Machine M3, Start: 2465.0, End: 2503.0, Setup: 15
2025-04-07 19:33:07,089 - JSPGymEnvironment - INFO - Material change on machine M1: Racebike_Hauptrahmen_zugeschnitten -> Citybike_Hauptrahmen_zugeschnitten, setup time: 40
2025-04-07 19:33:07,089 - JSPGymEnvironment - INFO - Executed operation: Job J17, Op 0, Machine M1, Start: 2543.0, End: 2581.0, Setup: 40
2025-04-07 19:33:07,124 - JSPGymEnvironment - INFO - Material change on machine M3: Racebike_Antrieb_installiert -> Mountainbike_Antrieb_installiert, setup time: 15
2025-04-07 19:33:07,124 - JSPGymEnvironment - INFO - Executed operation: Job J18, Op 2, Machine M3, Start: 2596.0, End: 2625.0, Setup: 15
2025-04-07 19:33:07,154 - JSPGymEnvironment - INFO - Material change on machine M3: Mountainbike_Antrieb_installiert -> E-Bike_Antrieb_installiert, setup time: 15
2025-04-07 19:33:07,154 - JSPGymEnvironment - INFO - Executed operation: Job J13, Op 2, Machine M3, Start: 2640.0, End: 2693.0, Setup: 15
2025-04-07 19:33:07,184 - JSPGymEnvironment - INFO - Material change on machine M2: Citybike_Schaltauge_bearbeitet -> Citybike_Rahmen_nachbearbeitet, setup time: 20
2025-04-07 19:33:07,184 - JSPGymEnvironment - INFO - Executed operation: Job J11, Op 6, Machine M2, Start: 2713.0, End: 2735.0, Setup: 20
2025-04-07 19:33:07,217 - JSPGymEnvironment - INFO - Material change on machine M2: Citybike_Rahmen_nachbearbeitet -> Mountainbike_Fahrrad_endmontiert, setup time: 20
2025-04-07 19:33:07,217 - JSPGymEnvironment - INFO - Executed operation: Job J12, Op 6, Machine M2, Start: 2755.0, End: 2777.0, Setup: 20
2025-04-07 19:33:07,217 - JSPGymEnvironment - INFO - Job J12 completed at time 2777.0, deadline: 2863, met: True, priority: 2
2025-04-07 19:33:07,249 - JSPGymEnvironment - INFO - Material change on machine M2: Mountainbike_Fahrrad_endmontiert -> Racebike_Fahrrad_endmontiert, setup time: 20
2025-04-07 19:33:07,250 - JSPGymEnvironment - INFO - Executed operation: Job J1, Op 5, Machine M2, Start: 2797.0, End: 2809.0, Setup: 20
2025-04-07 19:33:07,250 - JSPGymEnvironment - INFO - Job J1 completed at time 2809.0, deadline: 2790, met: False, priority: 7
2025-04-07 19:33:07,279 - JSPGymEnvironment - INFO - Material change on machine M2: Racebike_Fahrrad_endmontiert -> E-Bike_Bremsaufnahme_gebohrt, setup time: 20
2025-04-07 19:33:07,279 - JSPGymEnvironment - INFO - Executed operation: Job J13, Op 3, Machine M2, Start: 2829.0, End: 2851.0, Setup: 20
2025-04-07 19:33:07,309 - JSPGymEnvironment - INFO - Material change on machine M3: E-Bike_Antrieb_installiert -> Racebike_Bremsen_justiert, setup time: 15
2025-04-07 19:33:07,309 - JSPGymEnvironment - INFO - Executed operation: Job J6, Op 3, Machine M3, Start: 2866.0, End: 2924.0, Setup: 15
2025-04-07 19:33:07,487 - JSPGymEnvironment - INFO - Material change on machine M2: E-Bike_Bremsaufnahme_gebohrt -> Citybike_Fahrrad_endmontiert, setup time: 20
2025-04-07 19:33:07,487 - JSPGymEnvironment - INFO - Executed operation: Job J11, Op 7, Machine M2, Start: 2944.0, End: 2973.0, Setup: 20
2025-04-07 19:33:07,487 - JSPGymEnvironment - INFO - Job J11 completed at time 2973.0, deadline: 2880, met: False, priority: 7
2025-04-07 19:33:07,516 - JSPGymEnvironment - INFO - Material change on machine M3: Racebike_Bremsen_justiert -> Racebike_Fahrrad_endmontiert, setup time: 15
2025-04-07 19:33:07,516 - JSPGymEnvironment - INFO - Executed operation: Job J6, Op 4, Machine M3, Start: 2988.0, End: 3029.0, Setup: 15
2025-04-07 19:33:07,516 - JSPGymEnvironment - INFO - Job J6 completed at time 3029.0, deadline: 2880, met: False, priority: 10
2025-04-07 19:33:07,547 - JSPGymEnvironment - INFO - Material change on machine M3: Racebike_Fahrrad_endmontiert -> Citybike_Antrieb_installiert, setup time: 15
2025-04-07 19:33:07,547 - JSPGymEnvironment - INFO - Executed operation: Job J9, Op 2, Machine M3, Start: 3044.0, End: 3098.0, Setup: 15
2025-04-07 19:33:07,577 - JSPGymEnvironment - INFO - Material change on machine M3: Citybike_Antrieb_installiert -> Mountainbike_Bremsen_justiert, setup time: 15
2025-04-07 19:33:07,577 - JSPGymEnvironment - INFO - Executed operation: Job J18, Op 3, Machine M3, Start: 3113.0, End: 3168.0, Setup: 15
2025-04-07 19:33:07,606 - JSPGymEnvironment - INFO - Material change on machine M2: Citybike_Fahrrad_endmontiert -> Citybike_Schaltauge_bearbeitet, setup time: 20
2025-04-07 19:33:07,606 - JSPGymEnvironment - INFO - Executed operation: Job J2, Op 1, Machine M2, Start: 3188.0, End: 3198.0, Setup: 20
2025-04-07 19:33:07,634 - JSPGymEnvironment - INFO - Executed operation: Job J14, Op 0, Machine M1, Start: 3223.0, End: 3241.0, Setup: 25
2025-04-07 19:33:07,664 - JSPGymEnvironment - INFO - Material change on machine M2: Citybike_Schaltauge_bearbeitet -> Citybike_Bremsaufnahme_gebohrt, setup time: 20
2025-04-07 19:33:07,664 - JSPGymEnvironment - INFO - Executed operation: Job J9, Op 3, Machine M2, Start: 3261.0, End: 3284.0, Setup: 20
2025-04-07 19:33:07,692 - JSPGymEnvironment - INFO - Material change on machine M2: Citybike_Bremsaufnahme_gebohrt -> Racebike_Schaltauge_bearbeitet, setup time: 20
2025-04-07 19:33:07,692 - JSPGymEnvironment - INFO - Executed operation: Job J10, Op 1, Machine M2, Start: 3304.0, End: 3329.0, Setup: 20
2025-04-07 19:33:07,720 - JSPGymEnvironment - INFO - Material change on machine M2: Racebike_Schaltauge_bearbeitet -> Mountainbike_Schaltauge_bearbeitet, setup time: 20
2025-04-07 19:33:07,720 - JSPGymEnvironment - INFO - Executed operation: Job J20, Op 1, Machine M2, Start: 3349.0, End: 3374.0, Setup: 20
2025-04-07 19:33:07,751 - JSPGymEnvironment - INFO - Material change on machine M2: Mountainbike_Schaltauge_bearbeitet -> Racebike_Bremsaufnahme_gebohrt, setup time: 20
2025-04-07 19:33:07,752 - JSPGymEnvironment - INFO - Executed operation: Job J16, Op 3, Machine M2, Start: 3394.0, End: 3417.0, Setup: 20
2025-04-07 19:33:07,782 - JSPGymEnvironment - INFO - Material change on machine M2: Racebike_Bremsaufnahme_gebohrt -> Racebike_Schaltauge_bearbeitet, setup time: 20
2025-04-07 19:33:07,782 - JSPGymEnvironment - INFO - Executed operation: Job J7, Op 1, Machine M2, Start: 3437.0, End: 3460.0, Setup: 20
2025-04-07 19:33:07,812 - JSPGymEnvironment - INFO - Material change on machine M2: Racebike_Schaltauge_bearbeitet -> Citybike_Schaltauge_bearbeitet, setup time: 20
2025-04-07 19:33:07,812 - JSPGymEnvironment - INFO - Executed operation: Job J17, Op 1, Machine M2, Start: 3480.0, End: 3500.0, Setup: 20
2025-04-07 19:33:07,842 - JSPGymEnvironment - INFO - Material change on machine M1: Citybike_Hauptrahmen_zugeschnitten -> E-Bike_Hauptrahmen_zugeschnitten, setup time: 40
2025-04-07 19:33:07,842 - JSPGymEnvironment - INFO - Executed operation: Job J19, Op 0, Machine M1, Start: 3540.0, End: 3555.0, Setup: 40
2025-04-07 19:33:07,871 - JSPGymEnvironment - INFO - Material change on machine M3: Mountainbike_Bremsen_justiert -> Mountainbike_Antrieb_installiert, setup time: 15
2025-04-07 19:33:07,871 - JSPGymEnvironment - INFO - Executed operation: Job J20, Op 2, Machine M3, Start: 3570.0, End: 3594.0, Setup: 15
2025-04-07 19:33:08,054 - JSPGymEnvironment - INFO - Material change on machine M2: Citybike_Schaltauge_bearbeitet -> E-Bike_Schaltauge_bearbeitet, setup time: 20
2025-04-07 19:33:08,054 - JSPGymEnvironment - INFO - Executed operation: Job J19, Op 1, Machine M2, Start: 3614.0, End: 3644.0, Setup: 20
2025-04-07 19:33:08,082 - JSPGymEnvironment - INFO - Material change on machine M3: Mountainbike_Antrieb_installiert -> E-Bike_Antrieb_installiert, setup time: 15
2025-04-07 19:33:08,082 - JSPGymEnvironment - INFO - Executed operation: Job J19, Op 2, Machine M3, Start: 3659.0, End: 3681.0, Setup: 15
2025-04-07 19:33:08,111 - JSPGymEnvironment - INFO - Material change on machine M3: E-Bike_Antrieb_installiert -> Mountainbike_Bremsen_justiert, setup time: 15
2025-04-07 19:33:08,111 - JSPGymEnvironment - INFO - Executed operation: Job J20, Op 3, Machine M3, Start: 3696.0, End: 3737.0, Setup: 15
2025-04-07 19:33:08,140 - JSPGymEnvironment - INFO - Material change on machine M2: E-Bike_Schaltauge_bearbeitet -> Citybike_Rahmen_nachbearbeitet, setup time: 20
2025-04-07 19:33:08,140 - JSPGymEnvironment - INFO - Executed operation: Job J9, Op 4, Machine M2, Start: 3757.0, End: 3769.0, Setup: 20
2025-04-07 19:33:08,171 - JSPGymEnvironment - INFO - Material change on machine M2: Citybike_Rahmen_nachbearbeitet -> Racebike_Schaltauge_bearbeitet, setup time: 20
2025-04-07 19:33:08,171 - JSPGymEnvironment - INFO - Executed operation: Job J4, Op 1, Machine M2, Start: 3789.0, End: 3804.0, Setup: 20
2025-04-07 19:33:08,206 - JSPGymEnvironment - INFO - Material change on machine M3: Mountainbike_Bremsen_justiert -> Citybike_Antrieb_installiert, setup time: 15
2025-04-07 19:33:08,206 - JSPGymEnvironment - INFO - Executed operation: Job J2, Op 2, Machine M3, Start: 3819.0, End: 3847.0, Setup: 15
2025-04-07 19:33:08,245 - JSPGymEnvironment - INFO - Material change on machine M2: Racebike_Schaltauge_bearbeitet -> E-Bike_Bremsaufnahme_gebohrt, setup time: 20
2025-04-07 19:33:08,245 - JSPGymEnvironment - INFO - Executed operation: Job J19, Op 3, Machine M2, Start: 3867.0, End: 3880.0, Setup: 20
2025-04-07 19:33:08,278 - JSPGymEnvironment - INFO - Material change on machine M2: E-Bike_Bremsaufnahme_gebohrt -> Racebike_Rahmen_nachbearbeitet, setup time: 20
2025-04-07 19:33:08,279 - JSPGymEnvironment - INFO - Executed operation: Job J16, Op 4, Machine M2, Start: 3900.0, End: 3914.0, Setup: 20
2025-04-07 19:33:08,314 - JSPGymEnvironment - INFO - Material change on machine M3: Citybike_Antrieb_installiert -> Racebike_Antrieb_installiert, setup time: 15
2025-04-07 19:33:08,315 - JSPGymEnvironment - INFO - Executed operation: Job J4, Op 2, Machine M3, Start: 3929.0, End: 3969.0, Setup: 15
2025-04-07 19:33:08,344 - JSPGymEnvironment - INFO - Material change on machine M2: Racebike_Rahmen_nachbearbeitet -> Mountainbike_Fahrrad_endmontiert, setup time: 20
2025-04-07 19:33:08,344 - JSPGymEnvironment - INFO - Executed operation: Job J18, Op 4, Machine M2, Start: 3989.0, End: 4002.0, Setup: 20
2025-04-07 19:33:08,344 - JSPGymEnvironment - INFO - Job J18 completed at time 4002.0, deadline: 2880, met: False, priority: 6
2025-04-07 19:33:08,374 - JSPGymEnvironment - INFO - Material change on machine M3: Racebike_Antrieb_installiert -> Citybike_Fahrrad_endmontiert, setup time: 15
2025-04-07 19:33:08,374 - JSPGymEnvironment - INFO - Executed operation: Job J9, Op 5, Machine M3, Start: 4017.0, End: 4068.0, Setup: 15
2025-04-07 19:33:08,404 - JSPGymEnvironment - INFO - Material change on machine M2: Mountainbike_Fahrrad_endmontiert -> Racebike_Bremsaufnahme_gebohrt, setup time: 20
2025-04-07 19:33:08,404 - JSPGymEnvironment - INFO - Executed operation: Job J4, Op 3, Machine M2, Start: 4088.0, End: 4102.0, Setup: 20
2025-04-07 19:33:08,434 - JSPGymEnvironment - INFO - Material change on machine M2: Racebike_Bremsaufnahme_gebohrt -> Citybike_Bremsaufnahme_gebohrt, setup time: 20
2025-04-07 19:33:08,434 - JSPGymEnvironment - INFO - Executed operation: Job J2, Op 3, Machine M2, Start: 4122.0, End: 4143.0, Setup: 20
2025-04-07 19:33:08,462 - JSPGymEnvironment - INFO - Material change on machine M2: Citybike_Bremsaufnahme_gebohrt -> Citybike_Schaltauge_bearbeitet, setup time: 20
2025-04-07 19:33:08,462 - JSPGymEnvironment - INFO - Executed operation: Job J14, Op 1, Machine M2, Start: 4163.0, End: 4179.0, Setup: 20
2025-04-07 19:33:08,637 - JSPGymEnvironment - INFO - Material change on machine M2: Citybike_Schaltauge_bearbeitet -> Racebike_Fahrrad_endmontiert, setup time: 20
2025-04-07 19:33:08,638 - JSPGymEnvironment - INFO - Executed operation: Job J16, Op 5, Machine M2, Start: 4199.0, End: 4229.0, Setup: 20
2025-04-07 19:33:08,638 - JSPGymEnvironment - INFO - Job J16 completed at time 4229.0, deadline: 2855, met: False, priority: 7
2025-04-07 19:33:08,666 - JSPGymEnvironment - INFO - Executed operation: Job J9, Op 6, Machine M3, Start: 4239.0, End: 4262.0, Setup: 10
2025-04-07 19:33:08,666 - JSPGymEnvironment - INFO - Job J9 completed at time 4262.0, deadline: 2880, met: False, priority: 8
2025-04-07 19:33:08,694 - JSPGymEnvironment - INFO - Material change on machine M1: E-Bike_Hauptrahmen_zugeschnitten -> Citybike_Hauptrahmen_zugeschnitten, setup time: 40
2025-04-07 19:33:08,694 - JSPGymEnvironment - INFO - Executed operation: Job J8, Op 0, Machine M1, Start: 4302.0, End: 4321.0, Setup: 40
2025-04-07 19:33:08,723 - JSPGymEnvironment - INFO - Material change on machine M2: Racebike_Fahrrad_endmontiert -> Racebike_Rahmen_nachbearbeitet, setup time: 20
2025-04-07 19:33:08,723 - JSPGymEnvironment - INFO - Executed operation: Job J4, Op 4, Machine M2, Start: 4341.0, End: 4366.0, Setup: 20
2025-04-07 19:33:08,752 - JSPGymEnvironment - INFO - Material change on machine M3: Citybike_Fahrrad_endmontiert -> Mountainbike_Antrieb_installiert, setup time: 15
2025-04-07 19:33:08,752 - JSPGymEnvironment - INFO - Executed operation: Job J5, Op 2, Machine M3, Start: 4381.0, End: 4406.0, Setup: 15
2025-04-07 19:33:08,780 - JSPGymEnvironment - INFO - Material change on machine M2: Racebike_Rahmen_nachbearbeitet -> E-Bike_Rahmen_nachbearbeitet, setup time: 20
2025-04-07 19:33:08,780 - JSPGymEnvironment - INFO - Executed operation: Job J19, Op 4, Machine M2, Start: 4426.0, End: 4443.0, Setup: 20
2025-04-07 19:33:08,808 - JSPGymEnvironment - INFO - Material change on machine M2: E-Bike_Rahmen_nachbearbeitet -> Citybike_Rahmen_nachbearbeitet, setup time: 20
2025-04-07 19:33:08,808 - JSPGymEnvironment - INFO - Executed operation: Job J2, Op 4, Machine M2, Start: 4463.0, End: 4487.0, Setup: 20
2025-04-07 19:33:08,839 - JSPGymEnvironment - INFO - Material change on machine M2: Citybike_Rahmen_nachbearbeitet -> E-Bike_Rahmen_nachbearbeitet, setup time: 20
2025-04-07 19:33:08,839 - JSPGymEnvironment - INFO - Executed operation: Job J19, Op 5, Machine M2, Start: 4507.0, End: 4528.0, Setup: 20
2025-04-07 19:33:08,866 - JSPGymEnvironment - INFO - Material change on machine M3: Mountainbike_Antrieb_installiert -> Citybike_Fahrrad_endmontiert, setup time: 15
2025-04-07 19:33:08,866 - JSPGymEnvironment - INFO - Executed operation: Job J2, Op 5, Machine M3, Start: 4543.0, End: 4564.0, Setup: 15
2025-04-07 19:33:08,867 - JSPGymEnvironment - INFO - Job J2 completed at time 4564.0, deadline: 2880, met: False, priority: 3
2025-04-07 19:33:08,894 - JSPGymEnvironment - INFO - Material change on machine M2: E-Bike_Rahmen_nachbearbeitet -> Mountainbike_Bremsaufnahme_gebohrt, setup time: 20
2025-04-07 19:33:08,894 - JSPGymEnvironment - INFO - Executed operation: Job J5, Op 3, Machine M2, Start: 4584.0, End: 4599.0, Setup: 20
2025-04-07 19:33:08,923 - JSPGymEnvironment - INFO - Material change on machine M3: Citybike_Fahrrad_endmontiert -> Citybike_Antrieb_installiert, setup time: 15
2025-04-07 19:33:08,923 - JSPGymEnvironment - INFO - Executed operation: Job J14, Op 2, Machine M3, Start: 4614.0, End: 4636.0, Setup: 15
2025-04-07 19:33:08,953 - JSPGymEnvironment - INFO - Material change on machine M2: Mountainbike_Bremsaufnahme_gebohrt -> Racebike_Rahmen_nachbearbeitet, setup time: 20
2025-04-07 19:33:08,954 - JSPGymEnvironment - INFO - Executed operation: Job J4, Op 5, Machine M2, Start: 4656.0, End: 4680.0, Setup: 20
2025-04-07 19:33:08,983 - JSPGymEnvironment - INFO - Material change on machine M3: Citybike_Antrieb_installiert -> E-Bike_Fahrrad_endmontiert, setup time: 15
2025-04-07 19:33:08,983 - JSPGymEnvironment - INFO - Executed operation: Job J13, Op 4, Machine M3, Start: 4695.0, End: 4748.0, Setup: 15
2025-04-07 19:33:08,983 - JSPGymEnvironment - INFO - Job J13 completed at time 4748.0, deadline: 2863, met: False, priority: 7
2025-04-07 19:33:09,159 - JSPGymEnvironment - INFO - Material change on machine M2: Racebike_Rahmen_nachbearbeitet -> Citybike_Bremsaufnahme_gebohrt, setup time: 20
2025-04-07 19:33:09,159 - JSPGymEnvironment - INFO - Executed operation: Job J14, Op 3, Machine M2, Start: 4768.0, End: 4786.0, Setup: 20
2025-04-07 19:33:09,191 - JSPGymEnvironment - INFO - Material change on machine M3: E-Bike_Fahrrad_endmontiert -> Racebike_Fahrrad_endmontiert, setup time: 15
2025-04-07 19:33:09,191 - JSPGymEnvironment - INFO - Executed operation: Job J4, Op 6, Machine M3, Start: 4801.0, End: 4827.0, Setup: 15
2025-04-07 19:33:09,191 - JSPGymEnvironment - INFO - Job J4 completed at time 4827.0, deadline: 2757, met: False, priority: 7
2025-04-07 19:33:09,220 - JSPGymEnvironment - INFO - Material change on machine M2: Citybike_Bremsaufnahme_gebohrt -> Mountainbike_Rahmen_nachbearbeitet, setup time: 20
2025-04-07 19:33:09,221 - JSPGymEnvironment - INFO - Executed operation: Job J20, Op 4, Machine M2, Start: 4847.0, End: 4864.0, Setup: 20
2025-04-07 19:33:09,248 - JSPGymEnvironment - INFO - Material change on machine M2: Mountainbike_Rahmen_nachbearbeitet -> E-Bike_Fahrrad_endmontiert, setup time: 20
2025-04-07 19:33:09,248 - JSPGymEnvironment - INFO - Executed operation: Job J19, Op 6, Machine M2, Start: 4884.0, End: 4909.0, Setup: 20
2025-04-07 19:33:09,248 - JSPGymEnvironment - INFO - Job J19 completed at time 4909.0, deadline: 2737, met: False, priority: 8
2025-04-07 19:33:09,276 - JSPGymEnvironment - INFO - Material change on machine M3: Racebike_Fahrrad_endmontiert -> Citybike_Antrieb_installiert, setup time: 15
2025-04-07 19:33:09,276 - JSPGymEnvironment - INFO - Executed operation: Job J17, Op 2, Machine M3, Start: 4924.0, End: 4958.0, Setup: 15
2025-04-07 19:33:09,305 - JSPGymEnvironment - INFO - Material change on machine M3: Citybike_Antrieb_installiert -> Racebike_Antrieb_installiert, setup time: 15
2025-04-07 19:33:09,305 - JSPGymEnvironment - INFO - Executed operation: Job J7, Op 2, Machine M3, Start: 4973.0, End: 4997.0, Setup: 15
2025-04-07 19:33:09,335 - JSPGymEnvironment - INFO - Material change on machine M2: E-Bike_Fahrrad_endmontiert -> Citybike_Schaltauge_bearbeitet, setup time: 20
2025-04-07 19:33:09,335 - JSPGymEnvironment - INFO - Executed operation: Job J8, Op 1, Machine M2, Start: 5017.0, End: 5030.0, Setup: 20
2025-04-07 19:33:09,368 - JSPGymEnvironment - INFO - Material change on machine M2: Citybike_Schaltauge_bearbeitet -> Mountainbike_Rahmen_nachbearbeitet, setup time: 20
2025-04-07 19:33:09,368 - JSPGymEnvironment - INFO - Executed operation: Job J5, Op 4, Machine M2, Start: 5050.0, End: 5080.0, Setup: 20
2025-04-07 19:33:09,401 - JSPGymEnvironment - INFO - Material change on machine M2: Mountainbike_Rahmen_nachbearbeitet -> Citybike_Rahmen_nachbearbeitet, setup time: 20
2025-04-07 19:33:09,401 - JSPGymEnvironment - INFO - Executed operation: Job J14, Op 4, Machine M2, Start: 5100.0, End: 5129.0, Setup: 20
2025-04-07 19:33:09,437 - JSPGymEnvironment - INFO - Material change on machine M2: Citybike_Rahmen_nachbearbeitet -> Racebike_Bremsaufnahme_gebohrt, setup time: 20
2025-04-07 19:33:09,437 - JSPGymEnvironment - INFO - Executed operation: Job J7, Op 3, Machine M2, Start: 5149.0, End: 5172.0, Setup: 20
2025-04-07 19:33:09,472 - JSPGymEnvironment - INFO - Material change on machine M2: Racebike_Bremsaufnahme_gebohrt -> Citybike_Rahmen_nachbearbeitet, setup time: 20
2025-04-07 19:33:09,472 - JSPGymEnvironment - INFO - Executed operation: Job J14, Op 5, Machine M2, Start: 5192.0, End: 5222.0, Setup: 20
2025-04-07 19:33:09,508 - JSPGymEnvironment - INFO - Executed operation: Job J10, Op 2, Machine M3, Start: 5232.0, End: 5271.0, Setup: 10
2025-04-07 19:33:09,539 - JSPGymEnvironment - INFO - Material change on machine M3: Racebike_Antrieb_installiert -> Citybike_Antrieb_installiert, setup time: 15
2025-04-07 19:33:09,539 - JSPGymEnvironment - INFO - Executed operation: Job J8, Op 2, Machine M3, Start: 5286.0, End: 5340.0, Setup: 15
2025-04-07 19:33:09,568 - JSPGymEnvironment - INFO - Executed operation: Job J14, Op 6, Machine M2, Start: 5355.0, End: 5379.0, Setup: 15
2025-04-07 19:33:09,597 - JSPGymEnvironment - INFO - Material change on machine M2: Citybike_Rahmen_nachbearbeitet -> Racebike_Rahmen_nachbearbeitet, setup time: 20
2025-04-07 19:33:09,597 - JSPGymEnvironment - INFO - Executed operation: Job J7, Op 4, Machine M2, Start: 5399.0, End: 5425.0, Setup: 20
2025-04-07 19:33:09,774 - JSPGymEnvironment - INFO - Material change on machine M3: Citybike_Antrieb_installiert -> Citybike_Bremsen_justiert, setup time: 15
2025-04-07 19:33:09,774 - JSPGymEnvironment - INFO - Executed operation: Job J8, Op 3, Machine M3, Start: 5440.0, End: 5498.0, Setup: 15
2025-04-07 19:33:09,807 - JSPGymEnvironment - INFO - Material change on machine M2: Racebike_Rahmen_nachbearbeitet -> Mountainbike_Fahrrad_endmontiert, setup time: 20
2025-04-07 19:33:09,807 - JSPGymEnvironment - INFO - Executed operation: Job J5, Op 5, Machine M2, Start: 5518.0, End: 5540.0, Setup: 20
2025-04-07 19:33:09,807 - JSPGymEnvironment - INFO - Job J5 completed at time 5540.0, deadline: 2880, met: False, priority: 1
2025-04-07 19:33:09,836 - JSPGymEnvironment - INFO - Material change on machine M3: Citybike_Bremsen_justiert -> Mountainbike_Fahrrad_endmontiert, setup time: 15
2025-04-07 19:33:09,836 - JSPGymEnvironment - INFO - Executed operation: Job J20, Op 5, Machine M3, Start: 5555.0, End: 5580.0, Setup: 15
2025-04-07 19:33:09,864 - JSPGymEnvironment - INFO - Material change on machine M3: Mountainbike_Fahrrad_endmontiert -> Citybike_Bremsen_justiert, setup time: 15
2025-04-07 19:33:09,864 - JSPGymEnvironment - INFO - Executed operation: Job J17, Op 3, Machine M3, Start: 5595.0, End: 5621.0, Setup: 15
2025-04-07 19:33:09,893 - JSPGymEnvironment - INFO - Material change on machine M2: Mountainbike_Fahrrad_endmontiert -> Racebike_Rahmen_nachbearbeitet, setup time: 20
2025-04-07 19:33:09,893 - JSPGymEnvironment - INFO - Executed operation: Job J7, Op 5, Machine M2, Start: 5641.0, End: 5659.0, Setup: 20
2025-04-07 19:33:09,921 - JSPGymEnvironment - INFO - Material change on machine M2: Racebike_Rahmen_nachbearbeitet -> Citybike_Fahrrad_endmontiert, setup time: 20
2025-04-07 19:33:09,921 - JSPGymEnvironment - INFO - Executed operation: Job J14, Op 7, Machine M2, Start: 5679.0, End: 5700.0, Setup: 20
2025-04-07 19:33:09,922 - JSPGymEnvironment - INFO - Job J14 completed at time 5700.0, deadline: 2880, met: False, priority: 3
2025-04-07 19:33:09,953 - JSPGymEnvironment - INFO - Material change on machine M3: Citybike_Bremsen_justiert -> Citybike_Fahrrad_endmontiert, setup time: 15
2025-04-07 19:33:09,953 - JSPGymEnvironment - INFO - Executed operation: Job J8, Op 4, Machine M3, Start: 5715.0, End: 5764.0, Setup: 15
2025-04-07 19:33:09,981 - JSPGymEnvironment - INFO - Material change on machine M2: Citybike_Fahrrad_endmontiert -> Racebike_Bremsaufnahme_gebohrt, setup time: 20
2025-04-07 19:33:09,982 - JSPGymEnvironment - INFO - Executed operation: Job J10, Op 3, Machine M2, Start: 5784.0, End: 5806.0, Setup: 20
2025-04-07 19:33:10,011 - JSPGymEnvironment - INFO - Material change on machine M2: Racebike_Bremsaufnahme_gebohrt -> Racebike_Rahmen_nachbearbeitet, setup time: 20
2025-04-07 19:33:10,011 - JSPGymEnvironment - INFO - Executed operation: Job J10, Op 4, Machine M2, Start: 5826.0, End: 5837.0, Setup: 20
2025-04-07 19:33:10,040 - JSPGymEnvironment - INFO - Executed operation: Job J10, Op 5, Machine M2, Start: 5852.0, End: 5870.0, Setup: 15
2025-04-07 19:33:10,070 - JSPGymEnvironment - INFO - Executed operation: Job J7, Op 6, Machine M2, Start: 5885.0, End: 5900.0, Setup: 15
2025-04-07 19:33:10,099 - JSPGymEnvironment - INFO - Material change on machine M2: Racebike_Rahmen_nachbearbeitet -> Citybike_Fahrrad_endmontiert, setup time: 20
2025-04-07 19:33:10,099 - JSPGymEnvironment - INFO - Executed operation: Job J8, Op 5, Machine M2, Start: 5920.0, End: 5950.0, Setup: 20
2025-04-07 19:33:10,099 - JSPGymEnvironment - INFO - Job J8 completed at time 5950.0, deadline: 2762, met: False, priority: 5
2025-04-07 19:33:10,126 - JSPGymEnvironment - INFO - Executed operation: Job J17, Op 4, Machine M3, Start: 5960.0, End: 6010.0, Setup: 10
2025-04-07 19:33:10,154 - JSPGymEnvironment - INFO - Material change on machine M3: Citybike_Fahrrad_endmontiert -> Mountainbike_Fahrrad_endmontiert, setup time: 15
2025-04-07 19:33:10,154 - JSPGymEnvironment - INFO - Executed operation: Job J20, Op 6, Machine M3, Start: 6025.0, End: 6065.0, Setup: 15
2025-04-07 19:33:10,154 - JSPGymEnvironment - INFO - Job J20 completed at time 6065.0, deadline: 2744, met: False, priority: 3
2025-04-07 19:33:10,330 - JSPGymEnvironment - INFO - Material change on machine M2: Citybike_Fahrrad_endmontiert -> Racebike_Rahmen_nachbearbeitet, setup time: 20
2025-04-07 19:33:10,331 - JSPGymEnvironment - INFO - Executed operation: Job J10, Op 6, Machine M2, Start: 6085.0, End: 6096.0, Setup: 20
2025-04-07 19:33:10,359 - JSPGymEnvironment - INFO - Material change on machine M2: Racebike_Rahmen_nachbearbeitet -> Racebike_Fahrrad_endmontiert, setup time: 20
2025-04-07 19:33:10,359 - JSPGymEnvironment - INFO - Executed operation: Job J10, Op 7, Machine M2, Start: 6116.0, End: 6128.0, Setup: 20
2025-04-07 19:33:10,359 - JSPGymEnvironment - INFO - Job J10 completed at time 6128.0, deadline: 2880, met: False, priority: 9
2025-04-07 19:33:10,387 - JSPGymEnvironment - INFO - Executed operation: Job J7, Op 7, Machine M2, Start: 6143.0, End: 6168.0, Setup: 15
2025-04-07 19:33:10,388 - JSPGymEnvironment - INFO - Job J7 completed at time 6168.0, deadline: 2880, met: False, priority: 9
2025-04-07 19:33:10,416 - JSPGymEnvironment - INFO - Material change on machine M3: Mountainbike_Fahrrad_endmontiert -> Citybike_Fahrrad_endmontiert, setup time: 15
2025-04-07 19:33:10,416 - JSPGymEnvironment - INFO - Executed operation: Job J17, Op 5, Machine M3, Start: 6183.0, End: 6242.0, Setup: 15
2025-04-07 19:33:10,445 - JSPGymEnvironment - INFO - Executed operation: Job J17, Op 6, Machine M3, Start: 6252.0, End: 6277.0, Setup: 10
2025-04-07 19:33:10,445 - JSPGymEnvironment - INFO - Job J17 completed at time 6277.0, deadline: 2880, met: False, priority: 6
2025-04-07 19:34:17,862 - JSPGymEnvironment - INFO - Environment reset
2025-04-07 19:34:17,891 - JSPGymEnvironment - INFO - Material change on machine M1:  -> Racebike_Hauptrahmen_zugeschnitten, setup time: 0
2025-04-07 19:34:17,891 - JSPGymEnvironment - INFO - Executed operation: Job J16, Op 0, Machine M1, Start: 0.0, End: 26.0, Setup: 0
2025-04-07 19:34:17,921 - JSPGymEnvironment - INFO - Material change on machine M1: Racebike_Hauptrahmen_zugeschnitten -> Mountainbike_Hauptrahmen_zugeschnitten, setup time: 40
2025-04-07 19:34:17,921 - JSPGymEnvironment - INFO - Executed operation: Job J5, Op 0, Machine M1, Start: 66.0, End: 102.0, Setup: 40
2025-04-07 19:34:17,950 - JSPGymEnvironment - INFO - Material change on machine M1: Mountainbike_Hauptrahmen_zugeschnitten -> Racebike_Hauptrahmen_zugeschnitten, setup time: 40
2025-04-07 19:34:17,950 - JSPGymEnvironment - INFO - Executed operation: Job J10, Op 0, Machine M1, Start: 142.0, End: 174.0, Setup: 40
2025-04-07 19:34:17,979 - JSPGymEnvironment - INFO - Material change on machine M1: Racebike_Hauptrahmen_zugeschnitten -> E-Bike_Hauptrahmen_zugeschnitten, setup time: 40
2025-04-07 19:34:17,979 - JSPGymEnvironment - INFO - Executed operation: Job J3, Op 0, Machine M1, Start: 214.0, End: 248.0, Setup: 40
2025-04-07 19:34:18,007 - JSPGymEnvironment - INFO - Material change on machine M1: E-Bike_Hauptrahmen_zugeschnitten -> Citybike_Hauptrahmen_zugeschnitten, setup time: 40
2025-04-07 19:34:18,008 - JSPGymEnvironment - INFO - Executed operation: Job J14, Op 0, Machine M1, Start: 288.0, End: 306.0, Setup: 40
2025-04-07 19:34:18,036 - JSPGymEnvironment - INFO - Executed operation: Job J17, Op 0, Machine M1, Start: 331.0, End: 369.0, Setup: 25
2025-04-07 19:34:18,065 - JSPGymEnvironment - INFO - Executed operation: Job J8, Op 0, Machine M1, Start: 394.0, End: 413.0, Setup: 25
2025-04-07 19:34:18,094 - JSPGymEnvironment - INFO - Material change on machine M1: Citybike_Hauptrahmen_zugeschnitten -> Racebike_Hauptrahmen_zugeschnitten, setup time: 40
2025-04-07 19:34:18,094 - JSPGymEnvironment - INFO - Executed operation: Job J7, Op 0, Machine M1, Start: 453.0, End: 488.0, Setup: 40
2025-04-07 19:34:18,123 - JSPGymEnvironment - INFO - Executed operation: Job J1, Op 0, Machine M1, Start: 513.0, End: 553.0, Setup: 25
2025-04-07 19:34:18,152 - JSPGymEnvironment - INFO - Executed operation: Job J6, Op 0, Machine M1, Start: 578.0, End: 614.0, Setup: 25
2025-04-07 19:34:18,181 - JSPGymEnvironment - INFO - Material change on machine M2:  -> Racebike_Schaltauge_bearbeitet, setup time: 0
2025-04-07 19:34:18,181 - JSPGymEnvironment - INFO - Executed operation: Job J10, Op 1, Machine M2, Start: 614.0, End: 639.0, Setup: 0
2025-04-07 19:34:18,218 - JSPGymEnvironment - INFO - Material change on machine M2: Racebike_Schaltauge_bearbeitet -> Citybike_Schaltauge_bearbeitet, setup time: 20
2025-04-07 19:34:18,218 - JSPGymEnvironment - INFO - Executed operation: Job J14, Op 1, Machine M2, Start: 659.0, End: 675.0, Setup: 20
2025-04-07 19:34:18,256 - JSPGymEnvironment - INFO - Executed operation: Job J8, Op 1, Machine M2, Start: 690.0, End: 703.0, Setup: 15
2025-04-07 19:34:18,451 - JSPGymEnvironment - INFO - Material change on machine M1: Racebike_Hauptrahmen_zugeschnitten -> E-Bike_Hauptrahmen_zugeschnitten, setup time: 40
2025-04-07 19:34:18,452 - JSPGymEnvironment - INFO - Executed operation: Job J13, Op 0, Machine M1, Start: 743.0, End: 784.0, Setup: 40
2025-04-07 19:34:18,480 - JSPGymEnvironment - INFO - Material change on machine M3:  -> Citybike_Antrieb_installiert, setup time: 0
2025-04-07 19:34:18,480 - JSPGymEnvironment - INFO - Executed operation: Job J8, Op 2, Machine M3, Start: 784.0, End: 838.0, Setup: 0
2025-04-07 19:34:18,509 - JSPGymEnvironment - INFO - Material change on machine M1: E-Bike_Hauptrahmen_zugeschnitten -> Citybike_Hauptrahmen_zugeschnitten, setup time: 40
2025-04-07 19:34:18,509 - JSPGymEnvironment - INFO - Executed operation: Job J11, Op 0, Machine M1, Start: 878.0, End: 909.0, Setup: 40
2025-04-07 19:34:18,538 - JSPGymEnvironment - INFO - Material change on machine M3: Citybike_Antrieb_installiert -> Citybike_Bremsen_justiert, setup time: 15
2025-04-07 19:34:18,538 - JSPGymEnvironment - INFO - Executed operation: Job J8, Op 3, Machine M3, Start: 924.0, End: 982.0, Setup: 15
2025-04-07 19:34:18,567 - JSPGymEnvironment - INFO - Material change on machine M2: Citybike_Schaltauge_bearbeitet -> Racebike_Schaltauge_bearbeitet, setup time: 20
2025-04-07 19:34:18,567 - JSPGymEnvironment - INFO - Executed operation: Job J7, Op 1, Machine M2, Start: 1002.0, End: 1025.0, Setup: 20
2025-04-07 19:34:18,596 - JSPGymEnvironment - INFO - Material change on machine M1: Citybike_Hauptrahmen_zugeschnitten -> Mountainbike_Hauptrahmen_zugeschnitten, setup time: 40
2025-04-07 19:34:18,596 - JSPGymEnvironment - INFO - Executed operation: Job J18, Op 0, Machine M1, Start: 1065.0, End: 1087.0, Setup: 40
2025-04-07 19:34:18,623 - JSPGymEnvironment - INFO - Material change on machine M3: Citybike_Bremsen_justiert -> Racebike_Antrieb_installiert, setup time: 15
2025-04-07 19:34:18,624 - JSPGymEnvironment - INFO - Executed operation: Job J7, Op 2, Machine M3, Start: 1102.0, End: 1126.0, Setup: 15
2025-04-07 19:34:18,652 - JSPGymEnvironment - INFO - Executed operation: Job J12, Op 0, Machine M1, Start: 1151.0, End: 1182.0, Setup: 25
2025-04-07 19:34:18,681 - JSPGymEnvironment - INFO - Material change on machine M2: Racebike_Schaltauge_bearbeitet -> Racebike_Bremsaufnahme_gebohrt, setup time: 20
2025-04-07 19:34:18,681 - JSPGymEnvironment - INFO - Executed operation: Job J7, Op 3, Machine M2, Start: 1202.0, End: 1225.0, Setup: 20
2025-04-07 19:34:18,709 - JSPGymEnvironment - INFO - Material change on machine M3: Racebike_Antrieb_installiert -> Citybike_Fahrrad_endmontiert, setup time: 15
2025-04-07 19:34:18,709 - JSPGymEnvironment - INFO - Executed operation: Job J8, Op 4, Machine M3, Start: 1240.0, End: 1289.0, Setup: 15
2025-04-07 19:34:18,738 - JSPGymEnvironment - INFO - Material change on machine M2: Racebike_Bremsaufnahme_gebohrt -> Racebike_Rahmen_nachbearbeitet, setup time: 20
2025-04-07 19:34:18,738 - JSPGymEnvironment - INFO - Executed operation: Job J7, Op 4, Machine M2, Start: 1309.0, End: 1335.0, Setup: 20
2025-04-07 19:34:18,767 - JSPGymEnvironment - INFO - Material change on machine M2: Racebike_Rahmen_nachbearbeitet -> Citybike_Fahrrad_endmontiert, setup time: 20
2025-04-07 19:34:18,767 - JSPGymEnvironment - INFO - Executed operation: Job J8, Op 5, Machine M2, Start: 1355.0, End: 1385.0, Setup: 20
2025-04-07 19:34:18,768 - JSPGymEnvironment - INFO - Job J8 completed at time 1385.0, deadline: 2762, met: True, priority: 5
2025-04-07 19:34:18,797 - JSPGymEnvironment - INFO - Material change on machine M2: Citybike_Fahrrad_endmontiert -> Racebike_Rahmen_nachbearbeitet, setup time: 20
2025-04-07 19:34:18,797 - JSPGymEnvironment - INFO - Executed operation: Job J7, Op 5, Machine M2, Start: 1405.0, End: 1423.0, Setup: 20
2025-04-07 19:34:18,976 - JSPGymEnvironment - INFO - Material change on machine M3: Citybike_Fahrrad_endmontiert -> Citybike_Antrieb_installiert, setup time: 15
2025-04-07 19:34:18,976 - JSPGymEnvironment - INFO - Executed operation: Job J14, Op 2, Machine M3, Start: 1438.0, End: 1460.0, Setup: 15
2025-04-07 19:34:19,005 - JSPGymEnvironment - INFO - Material change on machine M2: Racebike_Rahmen_nachbearbeitet -> Racebike_Schaltauge_bearbeitet, setup time: 20
2025-04-07 19:34:19,005 - JSPGymEnvironment - INFO - Executed operation: Job J6, Op 1, Machine M2, Start: 1480.0, End: 1493.0, Setup: 20
2025-04-07 19:34:19,037 - JSPGymEnvironment - INFO - Material change on machine M3: Citybike_Antrieb_installiert -> Racebike_Antrieb_installiert, setup time: 15
2025-04-07 19:34:19,037 - JSPGymEnvironment - INFO - Executed operation: Job J10, Op 2, Machine M3, Start: 1508.0, End: 1547.0, Setup: 15
2025-04-07 19:34:19,066 - JSPGymEnvironment - INFO - Material change on machine M2: Racebike_Schaltauge_bearbeitet -> Mountainbike_Schaltauge_bearbeitet, setup time: 20
2025-04-07 19:34:19,066 - JSPGymEnvironment - INFO - Executed operation: Job J12, Op 1, Machine M2, Start: 1567.0, End: 1589.0, Setup: 20
2025-04-07 19:34:19,095 - JSPGymEnvironment - INFO - Executed operation: Job J20, Op 0, Machine M1, Start: 1614.0, End: 1633.0, Setup: 25
2025-04-07 19:34:19,124 - JSPGymEnvironment - INFO - Material change on machine M2: Mountainbike_Schaltauge_bearbeitet -> Racebike_Schaltauge_bearbeitet, setup time: 20
2025-04-07 19:34:19,124 - JSPGymEnvironment - INFO - Executed operation: Job J1, Op 1, Machine M2, Start: 1653.0, End: 1669.0, Setup: 20
2025-04-07 19:34:19,153 - JSPGymEnvironment - INFO - Material change on machine M2: Racebike_Schaltauge_bearbeitet -> E-Bike_Schaltauge_bearbeitet, setup time: 20
2025-04-07 19:34:19,153 - JSPGymEnvironment - INFO - Executed operation: Job J3, Op 1, Machine M2, Start: 1689.0, End: 1709.0, Setup: 20
2025-04-07 19:34:19,183 - JSPGymEnvironment - INFO - Executed operation: Job J1, Op 2, Machine M3, Start: 1719.0, End: 1755.0, Setup: 10
2025-04-07 19:34:19,213 - JSPGymEnvironment - INFO - Material change on machine M2: E-Bike_Schaltauge_bearbeitet -> Racebike_Bremsaufnahme_gebohrt, setup time: 20
2025-04-07 19:34:19,213 - JSPGymEnvironment - INFO - Executed operation: Job J1, Op 3, Machine M2, Start: 1775.0, End: 1793.0, Setup: 20
2025-04-07 19:34:19,246 - JSPGymEnvironment - INFO - Material change on machine M2: Racebike_Bremsaufnahme_gebohrt -> Mountainbike_Schaltauge_bearbeitet, setup time: 20
2025-04-07 19:34:19,247 - JSPGymEnvironment - INFO - Executed operation: Job J5, Op 1, Machine M2, Start: 1813.0, End: 1828.0, Setup: 20
2025-04-07 19:34:19,276 - JSPGymEnvironment - INFO - Executed operation: Job J18, Op 1, Machine M2, Start: 1843.0, End: 1863.0, Setup: 15
2025-04-07 19:34:19,305 - JSPGymEnvironment - INFO - Material change on machine M2: Mountainbike_Schaltauge_bearbeitet -> Racebike_Rahmen_nachbearbeitet, setup time: 20
2025-04-07 19:34:19,305 - JSPGymEnvironment - INFO - Executed operation: Job J7, Op 6, Machine M2, Start: 1883.0, End: 1898.0, Setup: 20
2025-04-07 19:34:19,335 - JSPGymEnvironment - INFO - Material change on machine M2: Racebike_Rahmen_nachbearbeitet -> Citybike_Schaltauge_bearbeitet, setup time: 20
2025-04-07 19:34:19,335 - JSPGymEnvironment - INFO - Executed operation: Job J11, Op 1, Machine M2, Start: 1918.0, End: 1931.0, Setup: 20
2025-04-07 19:34:19,364 - JSPGymEnvironment - INFO - Material change on machine M2: Citybike_Schaltauge_bearbeitet -> Racebike_Bremsaufnahme_gebohrt, setup time: 20
2025-04-07 19:34:19,364 - JSPGymEnvironment - INFO - Executed operation: Job J10, Op 3, Machine M2, Start: 1951.0, End: 1973.0, Setup: 20
2025-04-07 19:34:19,397 - JSPGymEnvironment - INFO - Material change on machine M2: Racebike_Bremsaufnahme_gebohrt -> Mountainbike_Schaltauge_bearbeitet, setup time: 20
2025-04-07 19:34:19,397 - JSPGymEnvironment - INFO - Executed operation: Job J20, Op 1, Machine M2, Start: 1993.0, End: 2018.0, Setup: 20
2025-04-07 19:34:19,598 - JSPGymEnvironment - INFO - Material change on machine M2: Mountainbike_Schaltauge_bearbeitet -> Citybike_Bremsaufnahme_gebohrt, setup time: 20
2025-04-07 19:34:19,598 - JSPGymEnvironment - INFO - Executed operation: Job J14, Op 3, Machine M2, Start: 2038.0, End: 2056.0, Setup: 20
2025-04-07 19:34:19,630 - JSPGymEnvironment - INFO - Material change on machine M2: Citybike_Bremsaufnahme_gebohrt -> Racebike_Rahmen_nachbearbeitet, setup time: 20
2025-04-07 19:34:19,630 - JSPGymEnvironment - INFO - Executed operation: Job J1, Op 4, Machine M2, Start: 2076.0, End: 2098.0, Setup: 20
2025-04-07 19:34:19,659 - JSPGymEnvironment - INFO - Executed operation: Job J10, Op 4, Machine M2, Start: 2113.0, End: 2124.0, Setup: 15
2025-04-07 19:34:19,688 - JSPGymEnvironment - INFO - Material change on machine M2: Racebike_Rahmen_nachbearbeitet -> Racebike_Fahrrad_endmontiert, setup time: 20
2025-04-07 19:34:19,689 - JSPGymEnvironment - INFO - Executed operation: Job J7, Op 7, Machine M2, Start: 2144.0, End: 2169.0, Setup: 20
2025-04-07 19:34:19,689 - JSPGymEnvironment - INFO - Job J7 completed at time 2169.0, deadline: 2880, met: True, priority: 9
2025-04-07 19:34:19,718 - JSPGymEnvironment - INFO - Material change on machine M1: Mountainbike_Hauptrahmen_zugeschnitten -> E-Bike_Hauptrahmen_zugeschnitten, setup time: 40
2025-04-07 19:34:19,718 - JSPGymEnvironment - INFO - Executed operation: Job J19, Op 0, Machine M1, Start: 2209.0, End: 2224.0, Setup: 40
2025-04-07 19:34:19,747 - JSPGymEnvironment - INFO - Material change on machine M3: Racebike_Antrieb_installiert -> E-Bike_Antrieb_installiert, setup time: 15
2025-04-07 19:34:19,747 - JSPGymEnvironment - INFO - Executed operation: Job J3, Op 2, Machine M3, Start: 2239.0, End: 2297.0, Setup: 15
2025-04-07 19:34:19,775 - JSPGymEnvironment - INFO - Material change on machine M2: Racebike_Fahrrad_endmontiert -> Racebike_Schaltauge_bearbeitet, setup time: 20
2025-04-07 19:34:19,776 - JSPGymEnvironment - INFO - Executed operation: Job J16, Op 1, Machine M2, Start: 2317.0, End: 2332.0, Setup: 20
2025-04-07 19:34:19,806 - JSPGymEnvironment - INFO - Material change on machine M2: Racebike_Schaltauge_bearbeitet -> E-Bike_Schaltauge_bearbeitet, setup time: 20
2025-04-07 19:34:19,806 - JSPGymEnvironment - INFO - Executed operation: Job J13, Op 1, Machine M2, Start: 2352.0, End: 2375.0, Setup: 20
2025-04-07 19:34:19,835 - JSPGymEnvironment - INFO - Material change on machine M1: E-Bike_Hauptrahmen_zugeschnitten -> Citybike_Hauptrahmen_zugeschnitten, setup time: 40
2025-04-07 19:34:19,835 - JSPGymEnvironment - INFO - Executed operation: Job J9, Op 0, Machine M1, Start: 2415.0, End: 2455.0, Setup: 40
2025-04-07 19:34:19,869 - JSPGymEnvironment - INFO - Material change on machine M2: E-Bike_Schaltauge_bearbeitet -> E-Bike_Bremsaufnahme_gebohrt, setup time: 20
2025-04-07 19:34:19,869 - JSPGymEnvironment - INFO - Executed operation: Job J3, Op 3, Machine M2, Start: 2475.0, End: 2505.0, Setup: 20
2025-04-07 19:34:19,903 - JSPGymEnvironment - INFO - Executed operation: Job J2, Op 0, Machine M1, Start: 2530.0, End: 2546.0, Setup: 25
2025-04-07 19:34:19,933 - JSPGymEnvironment - INFO - Material change on machine M2: E-Bike_Bremsaufnahme_gebohrt -> Citybike_Schaltauge_bearbeitet, setup time: 20
2025-04-07 19:34:19,934 - JSPGymEnvironment - INFO - Executed operation: Job J9, Op 1, Machine M2, Start: 2566.0, End: 2582.0, Setup: 20
2025-04-07 19:34:19,964 - JSPGymEnvironment - INFO - Material change on machine M3: E-Bike_Antrieb_installiert -> Racebike_Antrieb_installiert, setup time: 15
2025-04-07 19:34:19,964 - JSPGymEnvironment - INFO - Executed operation: Job J6, Op 2, Machine M3, Start: 2597.0, End: 2635.0, Setup: 15
2025-04-07 19:34:19,993 - JSPGymEnvironment - INFO - Material change on machine M3: Racebike_Antrieb_installiert -> Mountainbike_Antrieb_installiert, setup time: 15
2025-04-07 19:34:19,994 - JSPGymEnvironment - INFO - Executed operation: Job J5, Op 2, Machine M3, Start: 2650.0, End: 2675.0, Setup: 15
2025-04-07 19:34:20,176 - JSPGymEnvironment - INFO - Material change on machine M2: Citybike_Schaltauge_bearbeitet -> Racebike_Rahmen_nachbearbeitet, setup time: 20
2025-04-07 19:34:20,176 - JSPGymEnvironment - INFO - Executed operation: Job J10, Op 5, Machine M2, Start: 2695.0, End: 2713.0, Setup: 20
2025-04-07 19:34:20,208 - JSPGymEnvironment - INFO - Material change on machine M3: Mountainbike_Antrieb_installiert -> Citybike_Antrieb_installiert, setup time: 15
2025-04-07 19:34:20,208 - JSPGymEnvironment - INFO - Executed operation: Job J9, Op 2, Machine M3, Start: 2728.0, End: 2782.0, Setup: 15
2025-04-07 19:34:20,238 - JSPGymEnvironment - INFO - Material change on machine M2: Racebike_Rahmen_nachbearbeitet -> Mountainbike_Bremsaufnahme_gebohrt, setup time: 20
2025-04-07 19:34:20,238 - JSPGymEnvironment - INFO - Executed operation: Job J5, Op 3, Machine M2, Start: 2802.0, End: 2817.0, Setup: 20
2025-04-07 19:34:20,270 - JSPGymEnvironment - INFO - Material change on machine M3: Citybike_Antrieb_installiert -> Mountainbike_Antrieb_installiert, setup time: 15
2025-04-07 19:34:20,270 - JSPGymEnvironment - INFO - Executed operation: Job J12, Op 2, Machine M3, Start: 2832.0, End: 2877.0, Setup: 15
2025-04-07 19:34:20,301 - JSPGymEnvironment - INFO - Material change on machine M2: Mountainbike_Bremsaufnahme_gebohrt -> Racebike_Rahmen_nachbearbeitet, setup time: 20
2025-04-07 19:34:20,301 - JSPGymEnvironment - INFO - Executed operation: Job J10, Op 6, Machine M2, Start: 2897.0, End: 2908.0, Setup: 20
2025-04-07 19:34:20,331 - JSPGymEnvironment - INFO - Material change on machine M1: Citybike_Hauptrahmen_zugeschnitten -> Racebike_Hauptrahmen_zugeschnitten, setup time: 40
2025-04-07 19:34:20,331 - JSPGymEnvironment - INFO - Executed operation: Job J4, Op 0, Machine M1, Start: 2948.0, End: 2973.0, Setup: 40
2025-04-07 19:34:20,363 - JSPGymEnvironment - INFO - Material change on machine M2: Racebike_Rahmen_nachbearbeitet -> Racebike_Fahrrad_endmontiert, setup time: 20
2025-04-07 19:34:20,363 - JSPGymEnvironment - INFO - Executed operation: Job J10, Op 7, Machine M2, Start: 2993.0, End: 3005.0, Setup: 20
2025-04-07 19:34:20,363 - JSPGymEnvironment - INFO - Job J10 completed at time 3005.0, deadline: 2880, met: False, priority: 9
2025-04-07 19:34:20,393 - JSPGymEnvironment - INFO - Material change on machine M3: Mountainbike_Antrieb_installiert -> E-Bike_Antrieb_installiert, setup time: 15
2025-04-07 19:34:20,393 - JSPGymEnvironment - INFO - Executed operation: Job J13, Op 2, Machine M3, Start: 3020.0, End: 3073.0, Setup: 15
2025-04-07 19:34:20,422 - JSPGymEnvironment - INFO - Material change on machine M2: Racebike_Fahrrad_endmontiert -> E-Bike_Schaltauge_bearbeitet, setup time: 20
2025-04-07 19:34:20,423 - JSPGymEnvironment - INFO - Executed operation: Job J19, Op 1, Machine M2, Start: 3093.0, End: 3123.0, Setup: 20
2025-04-07 19:34:20,451 - JSPGymEnvironment - INFO - Material change on machine M2: E-Bike_Schaltauge_bearbeitet -> Citybike_Bremsaufnahme_gebohrt, setup time: 20
2025-04-07 19:34:20,451 - JSPGymEnvironment - INFO - Executed operation: Job J9, Op 3, Machine M2, Start: 3143.0, End: 3166.0, Setup: 20
2025-04-07 19:34:20,480 - JSPGymEnvironment - INFO - Material change on machine M3: E-Bike_Antrieb_installiert -> Racebike_Antrieb_installiert, setup time: 15
2025-04-07 19:34:20,480 - JSPGymEnvironment - INFO - Executed operation: Job J16, Op 2, Machine M3, Start: 3181.0, End: 3211.0, Setup: 15
2025-04-07 19:34:20,509 - JSPGymEnvironment - INFO - Material change on machine M2: Citybike_Bremsaufnahme_gebohrt -> Racebike_Schaltauge_bearbeitet, setup time: 20
2025-04-07 19:34:20,509 - JSPGymEnvironment - INFO - Executed operation: Job J4, Op 1, Machine M2, Start: 3231.0, End: 3246.0, Setup: 20
2025-04-07 19:34:20,539 - JSPGymEnvironment - INFO - Material change on machine M3: Racebike_Antrieb_installiert -> Mountainbike_Antrieb_installiert, setup time: 15
2025-04-07 19:34:20,539 - JSPGymEnvironment - INFO - Executed operation: Job J18, Op 2, Machine M3, Start: 3261.0, End: 3290.0, Setup: 15
2025-04-07 19:34:20,572 - JSPGymEnvironment - INFO - Material change on machine M3: Mountainbike_Antrieb_installiert -> Racebike_Bremsen_justiert, setup time: 15
2025-04-07 19:34:20,572 - JSPGymEnvironment - INFO - Executed operation: Job J6, Op 3, Machine M3, Start: 3305.0, End: 3363.0, Setup: 15
2025-04-07 19:34:20,772 - JSPGymEnvironment - INFO - Material change on machine M2: Racebike_Schaltauge_bearbeitet -> Citybike_Rahmen_nachbearbeitet, setup time: 20
2025-04-07 19:34:20,772 - JSPGymEnvironment - INFO - Executed operation: Job J9, Op 4, Machine M2, Start: 3383.0, End: 3395.0, Setup: 20
2025-04-07 19:34:20,802 - JSPGymEnvironment - INFO - Material change on machine M2: Citybike_Rahmen_nachbearbeitet -> Racebike_Fahrrad_endmontiert, setup time: 20
2025-04-07 19:34:20,802 - JSPGymEnvironment - INFO - Executed operation: Job J1, Op 5, Machine M2, Start: 3415.0, End: 3427.0, Setup: 20
2025-04-07 19:34:20,802 - JSPGymEnvironment - INFO - Job J1 completed at time 3427.0, deadline: 2790, met: False, priority: 7
2025-04-07 19:34:20,832 - JSPGymEnvironment - INFO - Material change on machine M2: Racebike_Fahrrad_endmontiert -> Citybike_Rahmen_nachbearbeitet, setup time: 20
2025-04-07 19:34:20,833 - JSPGymEnvironment - INFO - Executed operation: Job J14, Op 4, Machine M2, Start: 3447.0, End: 3476.0, Setup: 20
2025-04-07 19:34:20,863 - JSPGymEnvironment - INFO - Material change on machine M3: Racebike_Bremsen_justiert -> Racebike_Antrieb_installiert, setup time: 15
2025-04-07 19:34:20,863 - JSPGymEnvironment - INFO - Executed operation: Job J4, Op 2, Machine M3, Start: 3491.0, End: 3531.0, Setup: 15
2025-04-07 19:34:20,892 - JSPGymEnvironment - INFO - Material change on machine M2: Citybike_Rahmen_nachbearbeitet -> Racebike_Bremsaufnahme_gebohrt, setup time: 20
2025-04-07 19:34:20,893 - JSPGymEnvironment - INFO - Executed operation: Job J4, Op 3, Machine M2, Start: 3551.0, End: 3565.0, Setup: 20
2025-04-07 19:34:20,924 - JSPGymEnvironment - INFO - Material change on machine M2: Racebike_Bremsaufnahme_gebohrt -> Citybike_Rahmen_nachbearbeitet, setup time: 20
2025-04-07 19:34:20,924 - JSPGymEnvironment - INFO - Executed operation: Job J14, Op 5, Machine M2, Start: 3585.0, End: 3615.0, Setup: 20
2025-04-07 19:34:20,954 - JSPGymEnvironment - INFO - Material change on machine M3: Racebike_Antrieb_installiert -> Racebike_Fahrrad_endmontiert, setup time: 15
2025-04-07 19:34:20,954 - JSPGymEnvironment - INFO - Executed operation: Job J6, Op 4, Machine M3, Start: 3630.0, End: 3671.0, Setup: 15
2025-04-07 19:34:20,955 - JSPGymEnvironment - INFO - Job J6 completed at time 3671.0, deadline: 2880, met: False, priority: 10
2025-04-07 19:34:20,984 - JSPGymEnvironment - INFO - Material change on machine M2: Citybike_Rahmen_nachbearbeitet -> Mountainbike_Rahmen_nachbearbeitet, setup time: 20
2025-04-07 19:34:20,984 - JSPGymEnvironment - INFO - Executed operation: Job J5, Op 4, Machine M2, Start: 3691.0, End: 3721.0, Setup: 20
2025-04-07 19:34:21,015 - JSPGymEnvironment - INFO - Material change on machine M2: Mountainbike_Rahmen_nachbearbeitet -> Citybike_Schaltauge_bearbeitet, setup time: 20
2025-04-07 19:34:21,015 - JSPGymEnvironment - INFO - Executed operation: Job J2, Op 1, Machine M2, Start: 3741.0, End: 3751.0, Setup: 20
2025-04-07 19:34:21,044 - JSPGymEnvironment - INFO - Material change on machine M3: Racebike_Fahrrad_endmontiert -> Mountainbike_Bremsen_justiert, setup time: 15
2025-04-07 19:34:21,044 - JSPGymEnvironment - INFO - Executed operation: Job J18, Op 3, Machine M3, Start: 3766.0, End: 3821.0, Setup: 15
2025-04-07 19:34:21,073 - JSPGymEnvironment - INFO - Material change on machine M3: Mountainbike_Bremsen_justiert -> Citybike_Fahrrad_endmontiert, setup time: 15
2025-04-07 19:34:21,073 - JSPGymEnvironment - INFO - Executed operation: Job J9, Op 5, Machine M3, Start: 3836.0, End: 3887.0, Setup: 15
2025-04-07 19:34:21,104 - JSPGymEnvironment - INFO - Material change on machine M3: Citybike_Fahrrad_endmontiert -> Citybike_Antrieb_installiert, setup time: 15
2025-04-07 19:34:21,104 - JSPGymEnvironment - INFO - Executed operation: Job J2, Op 2, Machine M3, Start: 3902.0, End: 3930.0, Setup: 15
2025-04-07 19:34:21,134 - JSPGymEnvironment - INFO - Material change on machine M3: Citybike_Antrieb_installiert -> E-Bike_Antrieb_installiert, setup time: 15
2025-04-07 19:34:21,134 - JSPGymEnvironment - INFO - Executed operation: Job J19, Op 2, Machine M3, Start: 3945.0, End: 3967.0, Setup: 15
2025-04-07 19:34:21,315 - JSPGymEnvironment - INFO - Material change on machine M2: Citybike_Schaltauge_bearbeitet -> Citybike_Bremsaufnahme_gebohrt, setup time: 20
2025-04-07 19:34:21,316 - JSPGymEnvironment - INFO - Executed operation: Job J2, Op 3, Machine M2, Start: 3987.0, End: 4008.0, Setup: 20
2025-04-07 19:34:21,346 - JSPGymEnvironment - INFO - Material change on machine M2: Citybike_Bremsaufnahme_gebohrt -> E-Bike_Bremsaufnahme_gebohrt, setup time: 20
2025-04-07 19:34:21,346 - JSPGymEnvironment - INFO - Executed operation: Job J19, Op 3, Machine M2, Start: 4028.0, End: 4041.0, Setup: 20
2025-04-07 19:34:21,374 - JSPGymEnvironment - INFO - Material change on machine M2: E-Bike_Bremsaufnahme_gebohrt -> Mountainbike_Fahrrad_endmontiert, setup time: 20
2025-04-07 19:34:21,375 - JSPGymEnvironment - INFO - Executed operation: Job J5, Op 5, Machine M2, Start: 4061.0, End: 4083.0, Setup: 20
2025-04-07 19:34:21,375 - JSPGymEnvironment - INFO - Job J5 completed at time 4083.0, deadline: 2880, met: False, priority: 1
2025-04-07 19:34:21,405 - JSPGymEnvironment - INFO - Material change on machine M3: E-Bike_Antrieb_installiert -> Citybike_Antrieb_installiert, setup time: 15
2025-04-07 19:34:21,405 - JSPGymEnvironment - INFO - Executed operation: Job J11, Op 2, Machine M3, Start: 4098.0, End: 4140.0, Setup: 15
2025-04-07 19:34:21,435 - JSPGymEnvironment - INFO - Material change on machine M3: Citybike_Antrieb_installiert -> Citybike_Fahrrad_endmontiert, setup time: 15
2025-04-07 19:34:21,435 - JSPGymEnvironment - INFO - Executed operation: Job J9, Op 6, Machine M3, Start: 4155.0, End: 4178.0, Setup: 15
2025-04-07 19:34:21,435 - JSPGymEnvironment - INFO - Job J9 completed at time 4178.0, deadline: 2880, met: False, priority: 8
2025-04-07 19:34:21,463 - JSPGymEnvironment - INFO - Material change on machine M2: Mountainbike_Fahrrad_endmontiert -> Mountainbike_Bremsaufnahme_gebohrt, setup time: 20
2025-04-07 19:34:21,463 - JSPGymEnvironment - INFO - Executed operation: Job J12, Op 3, Machine M2, Start: 4198.0, End: 4224.0, Setup: 20
2025-04-07 19:34:21,492 - JSPGymEnvironment - INFO - Material change on machine M2: Mountainbike_Bremsaufnahme_gebohrt -> E-Bike_Rahmen_nachbearbeitet, setup time: 20
2025-04-07 19:34:21,493 - JSPGymEnvironment - INFO - Executed operation: Job J3, Op 4, Machine M2, Start: 4244.0, End: 4261.0, Setup: 20
2025-04-07 19:34:21,521 - JSPGymEnvironment - INFO - Executed operation: Job J15, Op 0, Machine M1, Start: 4286.0, End: 4309.0, Setup: 25
2025-04-07 19:34:21,551 - JSPGymEnvironment - INFO - Material change on machine M2: E-Bike_Rahmen_nachbearbeitet -> Mountainbike_Fahrrad_endmontiert, setup time: 20
2025-04-07 19:34:21,551 - JSPGymEnvironment - INFO - Executed operation: Job J18, Op 4, Machine M2, Start: 4329.0, End: 4342.0, Setup: 20
2025-04-07 19:34:21,551 - JSPGymEnvironment - INFO - Job J18 completed at time 4342.0, deadline: 2880, met: False, priority: 6
2025-04-07 19:34:21,580 - JSPGymEnvironment - INFO - Material change on machine M2: Mountainbike_Fahrrad_endmontiert -> Citybike_Rahmen_nachbearbeitet, setup time: 20
2025-04-07 19:34:21,580 - JSPGymEnvironment - INFO - Executed operation: Job J14, Op 6, Machine M2, Start: 4362.0, End: 4386.0, Setup: 20
2025-04-07 19:34:21,608 - JSPGymEnvironment - INFO - Executed operation: Job J2, Op 4, Machine M2, Start: 4401.0, End: 4425.0, Setup: 15
2025-04-07 19:34:21,638 - JSPGymEnvironment - INFO - Material change on machine M2: Citybike_Rahmen_nachbearbeitet -> Mountainbike_Rahmen_nachbearbeitet, setup time: 20
2025-04-07 19:34:21,638 - JSPGymEnvironment - INFO - Executed operation: Job J12, Op 4, Machine M2, Start: 4445.0, End: 4473.0, Setup: 20
2025-04-07 19:34:21,667 - JSPGymEnvironment - INFO - Executed operation: Job J2, Op 5, Machine M3, Start: 4483.0, End: 4504.0, Setup: 10
2025-04-07 19:34:21,667 - JSPGymEnvironment - INFO - Job J2 completed at time 4504.0, deadline: 2880, met: False, priority: 3
2025-04-07 19:34:21,696 - JSPGymEnvironment - INFO - Material change on machine M2: Mountainbike_Rahmen_nachbearbeitet -> E-Bike_Rahmen_nachbearbeitet, setup time: 20
2025-04-07 19:34:21,697 - JSPGymEnvironment - INFO - Executed operation: Job J3, Op 5, Machine M2, Start: 4524.0, End: 4545.0, Setup: 20
2025-04-07 19:34:21,728 - JSPGymEnvironment - INFO - Material change on machine M2: E-Bike_Rahmen_nachbearbeitet -> E-Bike_Bremsaufnahme_gebohrt, setup time: 20
2025-04-07 19:34:21,728 - JSPGymEnvironment - INFO - Executed operation: Job J13, Op 3, Machine M2, Start: 4565.0, End: 4587.0, Setup: 20
2025-04-07 19:34:21,931 - JSPGymEnvironment - INFO - Material change on machine M2: E-Bike_Bremsaufnahme_gebohrt -> E-Bike_Fahrrad_endmontiert, setup time: 20
2025-04-07 19:34:21,931 - JSPGymEnvironment - INFO - Executed operation: Job J3, Op 6, Machine M2, Start: 4607.0, End: 4617.0, Setup: 20
2025-04-07 19:34:21,931 - JSPGymEnvironment - INFO - Job J3 completed at time 4617.0, deadline: 2862, met: False, priority: 8
2025-04-07 19:34:21,962 - JSPGymEnvironment - INFO - Material change on machine M2: E-Bike_Fahrrad_endmontiert -> Racebike_Schaltauge_bearbeitet, setup time: 20
2025-04-07 19:34:21,962 - JSPGymEnvironment - INFO - Executed operation: Job J15, Op 1, Machine M2, Start: 4637.0, End: 4650.0, Setup: 20
2025-04-07 19:34:21,992 - JSPGymEnvironment - INFO - Material change on machine M2: Racebike_Schaltauge_bearbeitet -> E-Bike_Rahmen_nachbearbeitet, setup time: 20
2025-04-07 19:34:21,992 - JSPGymEnvironment - INFO - Executed operation: Job J19, Op 4, Machine M2, Start: 4670.0, End: 4687.0, Setup: 20
2025-04-07 19:34:22,030 - JSPGymEnvironment - INFO - Material change on machine M3: Citybike_Fahrrad_endmontiert -> E-Bike_Fahrrad_endmontiert, setup time: 15
2025-04-07 19:34:22,030 - JSPGymEnvironment - INFO - Executed operation: Job J13, Op 4, Machine M3, Start: 4702.0, End: 4755.0, Setup: 15
2025-04-07 19:34:22,030 - JSPGymEnvironment - INFO - Job J13 completed at time 4755.0, deadline: 2863, met: False, priority: 7
2025-04-07 19:34:22,062 - JSPGymEnvironment - INFO - Material change on machine M2: E-Bike_Rahmen_nachbearbeitet -> Racebike_Rahmen_nachbearbeitet, setup time: 20
2025-04-07 19:34:22,063 - JSPGymEnvironment - INFO - Executed operation: Job J4, Op 4, Machine M2, Start: 4775.0, End: 4800.0, Setup: 20
2025-04-07 19:34:22,093 - JSPGymEnvironment - INFO - Material change on machine M2: Racebike_Rahmen_nachbearbeitet -> Mountainbike_Rahmen_nachbearbeitet, setup time: 20
2025-04-07 19:34:22,093 - JSPGymEnvironment - INFO - Executed operation: Job J12, Op 5, Machine M2, Start: 4820.0, End: 4848.0, Setup: 20
2025-04-07 19:34:22,122 - JSPGymEnvironment - INFO - Material change on machine M2: Mountainbike_Rahmen_nachbearbeitet -> Citybike_Fahrrad_endmontiert, setup time: 20
2025-04-07 19:34:22,122 - JSPGymEnvironment - INFO - Executed operation: Job J14, Op 7, Machine M2, Start: 4868.0, End: 4889.0, Setup: 20
2025-04-07 19:34:22,122 - JSPGymEnvironment - INFO - Job J14 completed at time 4889.0, deadline: 2880, met: False, priority: 3
2025-04-07 19:34:22,152 - JSPGymEnvironment - INFO - Material change on machine M3: E-Bike_Fahrrad_endmontiert -> Racebike_Antrieb_installiert, setup time: 15
2025-04-07 19:34:22,152 - JSPGymEnvironment - INFO - Executed operation: Job J15, Op 2, Machine M3, Start: 4904.0, End: 4939.0, Setup: 15
2025-04-07 19:34:22,182 - JSPGymEnvironment - INFO - Material change on machine M2: Citybike_Fahrrad_endmontiert -> Racebike_Bremsaufnahme_gebohrt, setup time: 20
2025-04-07 19:34:22,182 - JSPGymEnvironment - INFO - Executed operation: Job J16, Op 3, Machine M2, Start: 4959.0, End: 4982.0, Setup: 20
2025-04-07 19:34:22,215 - JSPGymEnvironment - INFO - Material change on machine M2: Racebike_Bremsaufnahme_gebohrt -> Racebike_Rahmen_nachbearbeitet, setup time: 20
2025-04-07 19:34:22,215 - JSPGymEnvironment - INFO - Executed operation: Job J16, Op 4, Machine M2, Start: 5002.0, End: 5016.0, Setup: 20
2025-04-07 19:34:22,250 - JSPGymEnvironment - INFO - Executed operation: Job J4, Op 5, Machine M2, Start: 5031.0, End: 5055.0, Setup: 15
2025-04-07 19:34:22,280 - JSPGymEnvironment - INFO - Material change on machine M2: Racebike_Rahmen_nachbearbeitet -> E-Bike_Rahmen_nachbearbeitet, setup time: 20
2025-04-07 19:34:22,280 - JSPGymEnvironment - INFO - Executed operation: Job J19, Op 5, Machine M2, Start: 5075.0, End: 5096.0, Setup: 20
2025-04-07 19:34:22,311 - JSPGymEnvironment - INFO - Material change on machine M3: Racebike_Antrieb_installiert -> Racebike_Fahrrad_endmontiert, setup time: 15
2025-04-07 19:34:22,311 - JSPGymEnvironment - INFO - Executed operation: Job J4, Op 6, Machine M3, Start: 5111.0, End: 5137.0, Setup: 15
2025-04-07 19:34:22,311 - JSPGymEnvironment - INFO - Job J4 completed at time 5137.0, deadline: 2757, met: False, priority: 7
2025-04-07 19:34:22,342 - JSPGymEnvironment - INFO - Material change on machine M3: Racebike_Fahrrad_endmontiert -> Citybike_Bremsen_justiert, setup time: 15
2025-04-07 19:34:22,342 - JSPGymEnvironment - INFO - Executed operation: Job J11, Op 3, Machine M3, Start: 5152.0, End: 5174.0, Setup: 15
2025-04-07 19:34:22,527 - JSPGymEnvironment - INFO - Material change on machine M3: Citybike_Bremsen_justiert -> Citybike_Fahrrad_endmontiert, setup time: 15
2025-04-07 19:34:22,527 - JSPGymEnvironment - INFO - Executed operation: Job J11, Op 4, Machine M3, Start: 5189.0, End: 5228.0, Setup: 15
2025-04-07 19:34:22,557 - JSPGymEnvironment - INFO - Material change on machine M3: Citybike_Fahrrad_endmontiert -> Mountainbike_Antrieb_installiert, setup time: 15
2025-04-07 19:34:22,557 - JSPGymEnvironment - INFO - Executed operation: Job J20, Op 2, Machine M3, Start: 5243.0, End: 5267.0, Setup: 15
2025-04-07 19:34:22,589 - JSPGymEnvironment - INFO - Material change on machine M3: Mountainbike_Antrieb_installiert -> Racebike_Bremsen_justiert, setup time: 15
2025-04-07 19:34:22,589 - JSPGymEnvironment - INFO - Executed operation: Job J15, Op 3, Machine M3, Start: 5282.0, End: 5309.0, Setup: 15
2025-04-07 19:34:22,618 - JSPGymEnvironment - INFO - Material change on machine M2: E-Bike_Rahmen_nachbearbeitet -> E-Bike_Fahrrad_endmontiert, setup time: 20
2025-04-07 19:34:22,619 - JSPGymEnvironment - INFO - Executed operation: Job J19, Op 6, Machine M2, Start: 5329.0, End: 5354.0, Setup: 20
2025-04-07 19:34:22,619 - JSPGymEnvironment - INFO - Job J19 completed at time 5354.0, deadline: 2737, met: False, priority: 8
2025-04-07 19:34:22,648 - JSPGymEnvironment - INFO - Material change on machine M2: E-Bike_Fahrrad_endmontiert -> Mountainbike_Fahrrad_endmontiert, setup time: 20
2025-04-07 19:34:22,649 - JSPGymEnvironment - INFO - Executed operation: Job J12, Op 6, Machine M2, Start: 5374.0, End: 5396.0, Setup: 20
2025-04-07 19:34:22,649 - JSPGymEnvironment - INFO - Job J12 completed at time 5396.0, deadline: 2863, met: False, priority: 2
2025-04-07 19:34:22,679 - JSPGymEnvironment - INFO - Material change on machine M2: Mountainbike_Fahrrad_endmontiert -> Citybike_Rahmen_nachbearbeitet, setup time: 20
2025-04-07 19:34:22,679 - JSPGymEnvironment - INFO - Executed operation: Job J11, Op 5, Machine M2, Start: 5416.0, End: 5433.0, Setup: 20
2025-04-07 19:34:22,711 - JSPGymEnvironment - INFO - Executed operation: Job J11, Op 6, Machine M2, Start: 5448.0, End: 5470.0, Setup: 15
2025-04-07 19:34:22,742 - JSPGymEnvironment - INFO - Material change on machine M3: Racebike_Bremsen_justiert -> Mountainbike_Bremsen_justiert, setup time: 15
2025-04-07 19:34:22,742 - JSPGymEnvironment - INFO - Executed operation: Job J20, Op 3, Machine M3, Start: 5485.0, End: 5526.0, Setup: 15
2025-04-07 19:34:22,773 - JSPGymEnvironment - INFO - Material change on machine M2: Citybike_Rahmen_nachbearbeitet -> Racebike_Fahrrad_endmontiert, setup time: 20
2025-04-07 19:34:22,774 - JSPGymEnvironment - INFO - Executed operation: Job J16, Op 5, Machine M2, Start: 5546.0, End: 5576.0, Setup: 20
2025-04-07 19:34:22,774 - JSPGymEnvironment - INFO - Job J16 completed at time 5576.0, deadline: 2855, met: False, priority: 7
2025-04-07 19:34:22,804 - JSPGymEnvironment - INFO - Material change on machine M2: Racebike_Fahrrad_endmontiert -> Citybike_Fahrrad_endmontiert, setup time: 20
2025-04-07 19:34:22,804 - JSPGymEnvironment - INFO - Executed operation: Job J11, Op 7, Machine M2, Start: 5596.0, End: 5625.0, Setup: 20
2025-04-07 19:34:22,804 - JSPGymEnvironment - INFO - Job J11 completed at time 5625.0, deadline: 2880, met: False, priority: 7
2025-04-07 19:34:22,833 - JSPGymEnvironment - INFO - Material change on machine M2: Citybike_Fahrrad_endmontiert -> Mountainbike_Rahmen_nachbearbeitet, setup time: 20
2025-04-07 19:34:22,833 - JSPGymEnvironment - INFO - Executed operation: Job J20, Op 4, Machine M2, Start: 5645.0, End: 5662.0, Setup: 20
2025-04-07 19:34:22,863 - JSPGymEnvironment - INFO - Material change on machine M2: Mountainbike_Rahmen_nachbearbeitet -> Racebike_Rahmen_nachbearbeitet, setup time: 20
2025-04-07 19:34:22,863 - JSPGymEnvironment - INFO - Executed operation: Job J15, Op 4, Machine M2, Start: 5682.0, End: 5702.0, Setup: 20
2025-04-07 19:34:22,894 - JSPGymEnvironment - INFO - Executed operation: Job J15, Op 5, Machine M2, Start: 5717.0, End: 5740.0, Setup: 15
2025-04-07 19:34:22,933 - JSPGymEnvironment - INFO - Material change on machine M2: Racebike_Rahmen_nachbearbeitet -> Citybike_Schaltauge_bearbeitet, setup time: 20
2025-04-07 19:34:22,933 - JSPGymEnvironment - INFO - Executed operation: Job J17, Op 1, Machine M2, Start: 5760.0, End: 5780.0, Setup: 20
2025-04-07 19:34:23,136 - JSPGymEnvironment - INFO - Material change on machine M3: Mountainbike_Bremsen_justiert -> Citybike_Antrieb_installiert, setup time: 15
2025-04-07 19:34:23,136 - JSPGymEnvironment - INFO - Executed operation: Job J17, Op 2, Machine M3, Start: 5795.0, End: 5829.0, Setup: 15
2025-04-07 19:34:23,165 - JSPGymEnvironment - INFO - Material change on machine M3: Citybike_Antrieb_installiert -> Citybike_Bremsen_justiert, setup time: 15
2025-04-07 19:34:23,165 - JSPGymEnvironment - INFO - Executed operation: Job J17, Op 3, Machine M3, Start: 5844.0, End: 5870.0, Setup: 15
2025-04-07 19:34:23,195 - JSPGymEnvironment - INFO - Material change on machine M3: Citybike_Bremsen_justiert -> Racebike_Fahrrad_endmontiert, setup time: 15
2025-04-07 19:34:23,195 - JSPGymEnvironment - INFO - Executed operation: Job J15, Op 6, Machine M3, Start: 5885.0, End: 5912.0, Setup: 15
2025-04-07 19:34:23,230 - JSPGymEnvironment - INFO - Material change on machine M3: Racebike_Fahrrad_endmontiert -> Mountainbike_Fahrrad_endmontiert, setup time: 15
2025-04-07 19:34:23,230 - JSPGymEnvironment - INFO - Executed operation: Job J20, Op 5, Machine M3, Start: 5927.0, End: 5952.0, Setup: 15
2025-04-07 19:34:23,260 - JSPGymEnvironment - INFO - Executed operation: Job J20, Op 6, Machine M3, Start: 5962.0, End: 6002.0, Setup: 10
2025-04-07 19:34:23,260 - JSPGymEnvironment - INFO - Job J20 completed at time 6002.0, deadline: 2744, met: False, priority: 3
2025-04-07 19:34:23,290 - JSPGymEnvironment - INFO - Material change on machine M3: Mountainbike_Fahrrad_endmontiert -> Racebike_Fahrrad_endmontiert, setup time: 15
2025-04-07 19:34:23,291 - JSPGymEnvironment - INFO - Executed operation: Job J15, Op 7, Machine M3, Start: 6017.0, End: 6063.0, Setup: 15
2025-04-07 19:34:23,291 - JSPGymEnvironment - INFO - Job J15 completed at time 6063.0, deadline: 2833, met: False, priority: 10
2025-04-07 19:34:23,320 - JSPGymEnvironment - INFO - Material change on machine M3: Racebike_Fahrrad_endmontiert -> Citybike_Fahrrad_endmontiert, setup time: 15
2025-04-07 19:34:23,320 - JSPGymEnvironment - INFO - Executed operation: Job J17, Op 4, Machine M3, Start: 6078.0, End: 6128.0, Setup: 15
2025-04-07 19:34:23,350 - JSPGymEnvironment - INFO - Executed operation: Job J17, Op 5, Machine M3, Start: 6138.0, End: 6197.0, Setup: 10
2025-04-07 19:34:23,379 - JSPGymEnvironment - INFO - Executed operation: Job J17, Op 6, Machine M3, Start: 6207.0, End: 6232.0, Setup: 10
2025-04-07 19:34:23,379 - JSPGymEnvironment - INFO - Job J17 completed at time 6232.0, deadline: 2880, met: False, priority: 6
2025-04-07 19:35:31,618 - JSPGymEnvironment - INFO - Environment reset
2025-04-07 19:35:31,645 - JSPGymEnvironment - INFO - Material change on machine M1:  -> Racebike_Hauptrahmen_zugeschnitten, setup time: 0
2025-04-07 19:35:31,646 - JSPGymEnvironment - INFO - Executed operation: Job J10, Op 0, Machine M1, Start: 0.0, End: 32.0, Setup: 0
2025-04-07 19:35:31,673 - JSPGymEnvironment - INFO - Material change on machine M1: Racebike_Hauptrahmen_zugeschnitten -> Mountainbike_Hauptrahmen_zugeschnitten, setup time: 40
2025-04-07 19:35:31,673 - JSPGymEnvironment - INFO - Executed operation: Job J12, Op 0, Machine M1, Start: 72.0, End: 103.0, Setup: 40
2025-04-07 19:35:31,700 - JSPGymEnvironment - INFO - Material change on machine M1: Mountainbike_Hauptrahmen_zugeschnitten -> Racebike_Hauptrahmen_zugeschnitten, setup time: 40
2025-04-07 19:35:31,700 - JSPGymEnvironment - INFO - Executed operation: Job J15, Op 0, Machine M1, Start: 143.0, End: 166.0, Setup: 40
2025-04-07 19:35:31,727 - JSPGymEnvironment - INFO - Material change on machine M1: Racebike_Hauptrahmen_zugeschnitten -> Citybike_Hauptrahmen_zugeschnitten, setup time: 40
2025-04-07 19:35:31,727 - JSPGymEnvironment - INFO - Executed operation: Job J9, Op 0, Machine M1, Start: 206.0, End: 246.0, Setup: 40
2025-04-07 19:35:31,755 - JSPGymEnvironment - INFO - Material change on machine M1: Citybike_Hauptrahmen_zugeschnitten -> Racebike_Hauptrahmen_zugeschnitten, setup time: 40
2025-04-07 19:35:31,755 - JSPGymEnvironment - INFO - Executed operation: Job J7, Op 0, Machine M1, Start: 286.0, End: 321.0, Setup: 40
2025-04-07 19:35:31,783 - JSPGymEnvironment - INFO - Material change on machine M2:  -> Racebike_Schaltauge_bearbeitet, setup time: 0
2025-04-07 19:35:31,783 - JSPGymEnvironment - INFO - Executed operation: Job J15, Op 1, Machine M2, Start: 321.0, End: 334.0, Setup: 0
2025-04-07 19:35:31,811 - JSPGymEnvironment - INFO - Executed operation: Job J7, Op 1, Machine M2, Start: 349.0, End: 372.0, Setup: 15
2025-04-07 19:35:31,838 - JSPGymEnvironment - INFO - Material change on machine M1: Racebike_Hauptrahmen_zugeschnitten -> Citybike_Hauptrahmen_zugeschnitten, setup time: 40
2025-04-07 19:35:31,839 - JSPGymEnvironment - INFO - Executed operation: Job J17, Op 0, Machine M1, Start: 412.0, End: 450.0, Setup: 40
2025-04-07 19:35:32,005 - JSPGymEnvironment - INFO - Executed operation: Job J2, Op 0, Machine M1, Start: 475.0, End: 491.0, Setup: 25
2025-04-07 19:35:32,032 - JSPGymEnvironment - INFO - Material change on machine M1: Citybike_Hauptrahmen_zugeschnitten -> E-Bike_Hauptrahmen_zugeschnitten, setup time: 40
2025-04-07 19:35:32,032 - JSPGymEnvironment - INFO - Executed operation: Job J3, Op 0, Machine M1, Start: 531.0, End: 565.0, Setup: 40
2025-04-07 19:35:32,064 - JSPGymEnvironment - INFO - Material change on machine M2: Racebike_Schaltauge_bearbeitet -> Citybike_Schaltauge_bearbeitet, setup time: 20
2025-04-07 19:35:32,064 - JSPGymEnvironment - INFO - Executed operation: Job J17, Op 1, Machine M2, Start: 585.0, End: 605.0, Setup: 20
2025-04-07 19:35:32,095 - JSPGymEnvironment - INFO - Material change on machine M3:  -> Citybike_Antrieb_installiert, setup time: 0
2025-04-07 19:35:32,095 - JSPGymEnvironment - INFO - Executed operation: Job J17, Op 2, Machine M3, Start: 605.0, End: 639.0, Setup: 0
2025-04-07 19:35:32,126 - JSPGymEnvironment - INFO - Material change on machine M1: E-Bike_Hauptrahmen_zugeschnitten -> Mountainbike_Hauptrahmen_zugeschnitten, setup time: 40
2025-04-07 19:35:32,126 - JSPGymEnvironment - INFO - Executed operation: Job J5, Op 0, Machine M1, Start: 679.0, End: 715.0, Setup: 40
2025-04-07 19:35:32,156 - JSPGymEnvironment - INFO - Material change on machine M3: Citybike_Antrieb_installiert -> Citybike_Bremsen_justiert, setup time: 15
2025-04-07 19:35:32,156 - JSPGymEnvironment - INFO - Executed operation: Job J17, Op 3, Machine M3, Start: 730.0, End: 756.0, Setup: 15
2025-04-07 19:35:32,186 - JSPGymEnvironment - INFO - Material change on machine M2: Citybike_Schaltauge_bearbeitet -> Racebike_Schaltauge_bearbeitet, setup time: 20
2025-04-07 19:35:32,186 - JSPGymEnvironment - INFO - Executed operation: Job J10, Op 1, Machine M2, Start: 776.0, End: 801.0, Setup: 20
2025-04-07 19:35:32,214 - JSPGymEnvironment - INFO - Material change on machine M1: Mountainbike_Hauptrahmen_zugeschnitten -> E-Bike_Hauptrahmen_zugeschnitten, setup time: 40
2025-04-07 19:35:32,214 - JSPGymEnvironment - INFO - Executed operation: Job J13, Op 0, Machine M1, Start: 841.0, End: 882.0, Setup: 40
2025-04-07 19:35:32,242 - JSPGymEnvironment - INFO - Material change on machine M3: Citybike_Bremsen_justiert -> Racebike_Antrieb_installiert, setup time: 15
2025-04-07 19:35:32,243 - JSPGymEnvironment - INFO - Executed operation: Job J15, Op 2, Machine M3, Start: 897.0, End: 932.0, Setup: 15
2025-04-07 19:35:32,271 - JSPGymEnvironment - INFO - Material change on machine M3: Racebike_Antrieb_installiert -> Racebike_Bremsen_justiert, setup time: 15
2025-04-07 19:35:32,271 - JSPGymEnvironment - INFO - Executed operation: Job J15, Op 3, Machine M3, Start: 947.0, End: 974.0, Setup: 15
2025-04-07 19:35:32,299 - JSPGymEnvironment - INFO - Material change on machine M2: Racebike_Schaltauge_bearbeitet -> Racebike_Rahmen_nachbearbeitet, setup time: 20
2025-04-07 19:35:32,299 - JSPGymEnvironment - INFO - Executed operation: Job J15, Op 4, Machine M2, Start: 994.0, End: 1014.0, Setup: 20
2025-04-07 19:35:32,326 - JSPGymEnvironment - INFO - Executed operation: Job J15, Op 5, Machine M2, Start: 1029.0, End: 1052.0, Setup: 15
2025-04-07 19:35:32,353 - JSPGymEnvironment - INFO - Material change on machine M3: Racebike_Bremsen_justiert -> Citybike_Fahrrad_endmontiert, setup time: 15
2025-04-07 19:35:32,354 - JSPGymEnvironment - INFO - Executed operation: Job J17, Op 4, Machine M3, Start: 1067.0, End: 1117.0, Setup: 15
2025-04-07 19:35:32,380 - JSPGymEnvironment - INFO - Material change on machine M3: Citybike_Fahrrad_endmontiert -> Racebike_Fahrrad_endmontiert, setup time: 15
2025-04-07 19:35:32,381 - JSPGymEnvironment - INFO - Executed operation: Job J15, Op 6, Machine M3, Start: 1132.0, End: 1159.0, Setup: 15
2025-04-07 19:35:32,409 - JSPGymEnvironment - INFO - Material change on machine M3: Racebike_Fahrrad_endmontiert -> Citybike_Fahrrad_endmontiert, setup time: 15
2025-04-07 19:35:32,409 - JSPGymEnvironment - INFO - Executed operation: Job J17, Op 5, Machine M3, Start: 1174.0, End: 1233.0, Setup: 15
2025-04-07 19:35:32,573 - JSPGymEnvironment - INFO - Executed operation: Job J17, Op 6, Machine M3, Start: 1243.0, End: 1268.0, Setup: 10
2025-04-07 19:35:32,573 - JSPGymEnvironment - INFO - Job J17 completed at time 1268.0, deadline: 2880, met: True, priority: 6
2025-04-07 19:35:32,601 - JSPGymEnvironment - INFO - Material change on machine M2: Racebike_Rahmen_nachbearbeitet -> E-Bike_Schaltauge_bearbeitet, setup time: 20
2025-04-07 19:35:32,601 - JSPGymEnvironment - INFO - Executed operation: Job J13, Op 1, Machine M2, Start: 1288.0, End: 1311.0, Setup: 20
2025-04-07 19:35:32,629 - JSPGymEnvironment - INFO - Material change on machine M3: Citybike_Fahrrad_endmontiert -> Racebike_Fahrrad_endmontiert, setup time: 15
2025-04-07 19:35:32,629 - JSPGymEnvironment - INFO - Executed operation: Job J15, Op 7, Machine M3, Start: 1326.0, End: 1372.0, Setup: 15
2025-04-07 19:35:32,629 - JSPGymEnvironment - INFO - Job J15 completed at time 1372.0, deadline: 2833, met: True, priority: 10
2025-04-07 19:35:32,657 - JSPGymEnvironment - INFO - Material change on machine M3: Racebike_Fahrrad_endmontiert -> Racebike_Antrieb_installiert, setup time: 15
2025-04-07 19:35:32,657 - JSPGymEnvironment - INFO - Executed operation: Job J10, Op 2, Machine M3, Start: 1387.0, End: 1426.0, Setup: 15
2025-04-07 19:35:32,683 - JSPGymEnvironment - INFO - Material change on machine M2: E-Bike_Schaltauge_bearbeitet -> Racebike_Bremsaufnahme_gebohrt, setup time: 20
2025-04-07 19:35:32,683 - JSPGymEnvironment - INFO - Executed operation: Job J10, Op 3, Machine M2, Start: 1446.0, End: 1468.0, Setup: 20
2025-04-07 19:35:32,712 - JSPGymEnvironment - INFO - Material change on machine M1: E-Bike_Hauptrahmen_zugeschnitten -> Mountainbike_Hauptrahmen_zugeschnitten, setup time: 40
2025-04-07 19:35:32,712 - JSPGymEnvironment - INFO - Executed operation: Job J20, Op 0, Machine M1, Start: 1508.0, End: 1527.0, Setup: 40
2025-04-07 19:35:32,740 - JSPGymEnvironment - INFO - Material change on machine M1: Mountainbike_Hauptrahmen_zugeschnitten -> Citybike_Hauptrahmen_zugeschnitten, setup time: 40
2025-04-07 19:35:32,740 - JSPGymEnvironment - INFO - Executed operation: Job J14, Op 0, Machine M1, Start: 1567.0, End: 1585.0, Setup: 40
2025-04-07 19:35:32,769 - JSPGymEnvironment - INFO - Material change on machine M2: Racebike_Bremsaufnahme_gebohrt -> Citybike_Schaltauge_bearbeitet, setup time: 20
2025-04-07 19:35:32,769 - JSPGymEnvironment - INFO - Executed operation: Job J2, Op 1, Machine M2, Start: 1605.0, End: 1615.0, Setup: 20
2025-04-07 19:35:32,798 - JSPGymEnvironment - INFO - Material change on machine M2: Citybike_Schaltauge_bearbeitet -> Racebike_Rahmen_nachbearbeitet, setup time: 20
2025-04-07 19:35:32,798 - JSPGymEnvironment - INFO - Executed operation: Job J10, Op 4, Machine M2, Start: 1635.0, End: 1646.0, Setup: 20
2025-04-07 19:35:32,827 - JSPGymEnvironment - INFO - Material change on machine M2: Racebike_Rahmen_nachbearbeitet -> Citybike_Schaltauge_bearbeitet, setup time: 20
2025-04-07 19:35:32,827 - JSPGymEnvironment - INFO - Executed operation: Job J14, Op 1, Machine M2, Start: 1666.0, End: 1682.0, Setup: 20
2025-04-07 19:35:32,856 - JSPGymEnvironment - INFO - Material change on machine M2: Citybike_Schaltauge_bearbeitet -> Mountainbike_Schaltauge_bearbeitet, setup time: 20
2025-04-07 19:35:32,856 - JSPGymEnvironment - INFO - Executed operation: Job J12, Op 1, Machine M2, Start: 1702.0, End: 1724.0, Setup: 20
2025-04-07 19:35:32,883 - JSPGymEnvironment - INFO - Material change on machine M3: Racebike_Antrieb_installiert -> Mountainbike_Antrieb_installiert, setup time: 15
2025-04-07 19:35:32,883 - JSPGymEnvironment - INFO - Executed operation: Job J12, Op 2, Machine M3, Start: 1739.0, End: 1784.0, Setup: 15
2025-04-07 19:35:32,910 - JSPGymEnvironment - INFO - Material change on machine M1: Citybike_Hauptrahmen_zugeschnitten -> E-Bike_Hauptrahmen_zugeschnitten, setup time: 40
2025-04-07 19:35:32,911 - JSPGymEnvironment - INFO - Executed operation: Job J19, Op 0, Machine M1, Start: 1824.0, End: 1839.0, Setup: 40
2025-04-07 19:35:32,937 - JSPGymEnvironment - INFO - Material change on machine M2: Mountainbike_Schaltauge_bearbeitet -> E-Bike_Schaltauge_bearbeitet, setup time: 20
2025-04-07 19:35:32,937 - JSPGymEnvironment - INFO - Executed operation: Job J3, Op 1, Machine M2, Start: 1859.0, End: 1879.0, Setup: 20
2025-04-07 19:35:33,102 - JSPGymEnvironment - INFO - Material change on machine M1: E-Bike_Hauptrahmen_zugeschnitten -> Citybike_Hauptrahmen_zugeschnitten, setup time: 40
2025-04-07 19:35:33,102 - JSPGymEnvironment - INFO - Executed operation: Job J11, Op 0, Machine M1, Start: 1919.0, End: 1950.0, Setup: 40
2025-04-07 19:35:33,129 - JSPGymEnvironment - INFO - Material change on machine M2: E-Bike_Schaltauge_bearbeitet -> Citybike_Schaltauge_bearbeitet, setup time: 20
2025-04-07 19:35:33,129 - JSPGymEnvironment - INFO - Executed operation: Job J9, Op 1, Machine M2, Start: 1970.0, End: 1986.0, Setup: 20
2025-04-07 19:35:33,159 - JSPGymEnvironment - INFO - Material change on machine M2: Citybike_Schaltauge_bearbeitet -> Mountainbike_Schaltauge_bearbeitet, setup time: 20
2025-04-07 19:35:33,159 - JSPGymEnvironment - INFO - Executed operation: Job J5, Op 1, Machine M2, Start: 2006.0, End: 2021.0, Setup: 20
2025-04-07 19:35:33,186 - JSPGymEnvironment - INFO - Executed operation: Job J8, Op 0, Machine M1, Start: 2046.0, End: 2065.0, Setup: 25
2025-04-07 19:35:33,217 - JSPGymEnvironment - INFO - Material change on machine M3: Mountainbike_Antrieb_installiert -> Racebike_Antrieb_installiert, setup time: 15
2025-04-07 19:35:33,217 - JSPGymEnvironment - INFO - Executed operation: Job J7, Op 2, Machine M3, Start: 2080.0, End: 2104.0, Setup: 15
2025-04-07 19:35:33,251 - JSPGymEnvironment - INFO - Material change on machine M1: Citybike_Hauptrahmen_zugeschnitten -> Racebike_Hauptrahmen_zugeschnitten, setup time: 40
2025-04-07 19:35:33,251 - JSPGymEnvironment - INFO - Executed operation: Job J6, Op 0, Machine M1, Start: 2144.0, End: 2180.0, Setup: 40
2025-04-07 19:35:33,284 - JSPGymEnvironment - INFO - Material change on machine M3: Racebike_Antrieb_installiert -> E-Bike_Antrieb_installiert, setup time: 15
2025-04-07 19:35:33,284 - JSPGymEnvironment - INFO - Executed operation: Job J3, Op 2, Machine M3, Start: 2195.0, End: 2253.0, Setup: 15
2025-04-07 19:35:33,316 - JSPGymEnvironment - INFO - Material change on machine M2: Mountainbike_Schaltauge_bearbeitet -> Racebike_Bremsaufnahme_gebohrt, setup time: 20
2025-04-07 19:35:33,316 - JSPGymEnvironment - INFO - Executed operation: Job J7, Op 3, Machine M2, Start: 2273.0, End: 2296.0, Setup: 20
2025-04-07 19:35:33,346 - JSPGymEnvironment - INFO - Material change on machine M3: E-Bike_Antrieb_installiert -> Citybike_Antrieb_installiert, setup time: 15
2025-04-07 19:35:33,347 - JSPGymEnvironment - INFO - Executed operation: Job J9, Op 2, Machine M3, Start: 2311.0, End: 2365.0, Setup: 15
2025-04-07 19:35:33,377 - JSPGymEnvironment - INFO - Material change on machine M1: Racebike_Hauptrahmen_zugeschnitten -> Mountainbike_Hauptrahmen_zugeschnitten, setup time: 40
2025-04-07 19:35:33,378 - JSPGymEnvironment - INFO - Executed operation: Job J18, Op 0, Machine M1, Start: 2405.0, End: 2427.0, Setup: 40
2025-04-07 19:35:33,405 - JSPGymEnvironment - INFO - Material change on machine M2: Racebike_Bremsaufnahme_gebohrt -> Mountainbike_Schaltauge_bearbeitet, setup time: 20
2025-04-07 19:35:33,406 - JSPGymEnvironment - INFO - Executed operation: Job J20, Op 1, Machine M2, Start: 2447.0, End: 2472.0, Setup: 20
2025-04-07 19:35:33,433 - JSPGymEnvironment - INFO - Material change on machine M2: Mountainbike_Schaltauge_bearbeitet -> Mountainbike_Bremsaufnahme_gebohrt, setup time: 20
2025-04-07 19:35:33,433 - JSPGymEnvironment - INFO - Executed operation: Job J12, Op 3, Machine M2, Start: 2492.0, End: 2518.0, Setup: 20
2025-04-07 19:35:33,460 - JSPGymEnvironment - INFO - Material change on machine M2: Mountainbike_Bremsaufnahme_gebohrt -> Citybike_Bremsaufnahme_gebohrt, setup time: 20
2025-04-07 19:35:33,460 - JSPGymEnvironment - INFO - Executed operation: Job J9, Op 3, Machine M2, Start: 2538.0, End: 2561.0, Setup: 20
2025-04-07 19:35:33,487 - JSPGymEnvironment - INFO - Material change on machine M2: Citybike_Bremsaufnahme_gebohrt -> Racebike_Rahmen_nachbearbeitet, setup time: 20
2025-04-07 19:35:33,487 - JSPGymEnvironment - INFO - Executed operation: Job J10, Op 5, Machine M2, Start: 2581.0, End: 2599.0, Setup: 20
2025-04-07 19:35:33,652 - JSPGymEnvironment - INFO - Material change on machine M3: Citybike_Antrieb_installiert -> Mountainbike_Antrieb_installiert, setup time: 15
2025-04-07 19:35:33,653 - JSPGymEnvironment - INFO - Executed operation: Job J5, Op 2, Machine M3, Start: 2614.0, End: 2639.0, Setup: 15
2025-04-07 19:35:33,680 - JSPGymEnvironment - INFO - Material change on machine M2: Racebike_Rahmen_nachbearbeitet -> Racebike_Schaltauge_bearbeitet, setup time: 20
2025-04-07 19:35:33,680 - JSPGymEnvironment - INFO - Executed operation: Job J6, Op 1, Machine M2, Start: 2659.0, End: 2672.0, Setup: 20
2025-04-07 19:35:33,707 - JSPGymEnvironment - INFO - Material change on machine M2: Racebike_Schaltauge_bearbeitet -> Mountainbike_Rahmen_nachbearbeitet, setup time: 20
2025-04-07 19:35:33,707 - JSPGymEnvironment - INFO - Executed operation: Job J12, Op 4, Machine M2, Start: 2692.0, End: 2720.0, Setup: 20
2025-04-07 19:35:33,734 - JSPGymEnvironment - INFO - Executed operation: Job J20, Op 2, Machine M3, Start: 2730.0, End: 2754.0, Setup: 10
2025-04-07 19:35:33,762 - JSPGymEnvironment - INFO - Material change on machine M2: Mountainbike_Rahmen_nachbearbeitet -> Racebike_Rahmen_nachbearbeitet, setup time: 20
2025-04-07 19:35:33,762 - JSPGymEnvironment - INFO - Executed operation: Job J10, Op 6, Machine M2, Start: 2774.0, End: 2785.0, Setup: 20
2025-04-07 19:35:33,791 - JSPGymEnvironment - INFO - Material change on machine M3: Mountainbike_Antrieb_installiert -> Mountainbike_Bremsen_justiert, setup time: 15
2025-04-07 19:35:33,791 - JSPGymEnvironment - INFO - Executed operation: Job J20, Op 3, Machine M3, Start: 2800.0, End: 2841.0, Setup: 15
2025-04-07 19:35:33,818 - JSPGymEnvironment - INFO - Material change on machine M1: Mountainbike_Hauptrahmen_zugeschnitten -> Racebike_Hauptrahmen_zugeschnitten, setup time: 40
2025-04-07 19:35:33,819 - JSPGymEnvironment - INFO - Executed operation: Job J4, Op 0, Machine M1, Start: 2881.0, End: 2906.0, Setup: 40
2025-04-07 19:35:33,845 - JSPGymEnvironment - INFO - Material change on machine M2: Racebike_Rahmen_nachbearbeitet -> Citybike_Rahmen_nachbearbeitet, setup time: 20
2025-04-07 19:35:33,845 - JSPGymEnvironment - INFO - Executed operation: Job J9, Op 4, Machine M2, Start: 2926.0, End: 2938.0, Setup: 20
2025-04-07 19:35:33,873 - JSPGymEnvironment - INFO - Material change on machine M2: Citybike_Rahmen_nachbearbeitet -> E-Bike_Bremsaufnahme_gebohrt, setup time: 20
2025-04-07 19:35:33,873 - JSPGymEnvironment - INFO - Executed operation: Job J3, Op 3, Machine M2, Start: 2958.0, End: 2988.0, Setup: 20
2025-04-07 19:35:33,900 - JSPGymEnvironment - INFO - Material change on machine M2: E-Bike_Bremsaufnahme_gebohrt -> Racebike_Schaltauge_bearbeitet, setup time: 20
2025-04-07 19:35:33,900 - JSPGymEnvironment - INFO - Executed operation: Job J4, Op 1, Machine M2, Start: 3008.0, End: 3023.0, Setup: 20
2025-04-07 19:35:33,928 - JSPGymEnvironment - INFO - Material change on machine M2: Racebike_Schaltauge_bearbeitet -> Citybike_Schaltauge_bearbeitet, setup time: 20
2025-04-07 19:35:33,928 - JSPGymEnvironment - INFO - Executed operation: Job J8, Op 1, Machine M2, Start: 3043.0, End: 3056.0, Setup: 20
2025-04-07 19:35:33,956 - JSPGymEnvironment - INFO - Material change on machine M2: Citybike_Schaltauge_bearbeitet -> Racebike_Fahrrad_endmontiert, setup time: 20
2025-04-07 19:35:33,956 - JSPGymEnvironment - INFO - Executed operation: Job J10, Op 7, Machine M2, Start: 3076.0, End: 3088.0, Setup: 20
2025-04-07 19:35:33,956 - JSPGymEnvironment - INFO - Job J10 completed at time 3088.0, deadline: 2880, met: False, priority: 9
2025-04-07 19:35:33,985 - JSPGymEnvironment - INFO - Executed operation: Job J1, Op 0, Machine M1, Start: 3113.0, End: 3153.0, Setup: 25
2025-04-07 19:35:34,148 - JSPGymEnvironment - INFO - Material change on machine M3: Mountainbike_Bremsen_justiert -> Citybike_Antrieb_installiert, setup time: 15
2025-04-07 19:35:34,148 - JSPGymEnvironment - INFO - Executed operation: Job J14, Op 2, Machine M3, Start: 3168.0, End: 3190.0, Setup: 15
2025-04-07 19:35:34,176 - JSPGymEnvironment - INFO - Material change on machine M2: Racebike_Fahrrad_endmontiert -> Citybike_Bremsaufnahme_gebohrt, setup time: 20
2025-04-07 19:35:34,176 - JSPGymEnvironment - INFO - Executed operation: Job J14, Op 3, Machine M2, Start: 3210.0, End: 3228.0, Setup: 20
2025-04-07 19:35:34,205 - JSPGymEnvironment - INFO - Material change on machine M2: Citybike_Bremsaufnahme_gebohrt -> E-Bike_Rahmen_nachbearbeitet, setup time: 20
2025-04-07 19:35:34,205 - JSPGymEnvironment - INFO - Executed operation: Job J3, Op 4, Machine M2, Start: 3248.0, End: 3265.0, Setup: 20
2025-04-07 19:35:34,232 - JSPGymEnvironment - INFO - Material change on machine M3: Citybike_Antrieb_installiert -> E-Bike_Antrieb_installiert, setup time: 15
2025-04-07 19:35:34,233 - JSPGymEnvironment - INFO - Executed operation: Job J13, Op 2, Machine M3, Start: 3280.0, End: 3333.0, Setup: 15
2025-04-07 19:35:34,261 - JSPGymEnvironment - INFO - Material change on machine M2: E-Bike_Rahmen_nachbearbeitet -> Mountainbike_Rahmen_nachbearbeitet, setup time: 20
2025-04-07 19:35:34,261 - JSPGymEnvironment - INFO - Executed operation: Job J12, Op 5, Machine M2, Start: 3353.0, End: 3381.0, Setup: 20
2025-04-07 19:35:34,289 - JSPGymEnvironment - INFO - Material change on machine M3: E-Bike_Antrieb_installiert -> Citybike_Fahrrad_endmontiert, setup time: 15
2025-04-07 19:35:34,289 - JSPGymEnvironment - INFO - Executed operation: Job J9, Op 5, Machine M3, Start: 3396.0, End: 3447.0, Setup: 15
2025-04-07 19:35:34,317 - JSPGymEnvironment - INFO - Material change on machine M3: Citybike_Fahrrad_endmontiert -> Citybike_Antrieb_installiert, setup time: 15
2025-04-07 19:35:34,317 - JSPGymEnvironment - INFO - Executed operation: Job J2, Op 2, Machine M3, Start: 3462.0, End: 3490.0, Setup: 15
2025-04-07 19:35:34,346 - JSPGymEnvironment - INFO - Executed operation: Job J20, Op 4, Machine M2, Start: 3505.0, End: 3522.0, Setup: 15
2025-04-07 19:35:34,374 - JSPGymEnvironment - INFO - Material change on machine M2: Mountainbike_Rahmen_nachbearbeitet -> E-Bike_Rahmen_nachbearbeitet, setup time: 20
2025-04-07 19:35:34,374 - JSPGymEnvironment - INFO - Executed operation: Job J3, Op 5, Machine M2, Start: 3542.0, End: 3563.0, Setup: 20
2025-04-07 19:35:34,406 - JSPGymEnvironment - INFO - Executed operation: Job J8, Op 2, Machine M3, Start: 3573.0, End: 3627.0, Setup: 10
2025-04-07 19:35:34,437 - JSPGymEnvironment - INFO - Material change on machine M3: Citybike_Antrieb_installiert -> Citybike_Bremsen_justiert, setup time: 15
2025-04-07 19:35:34,437 - JSPGymEnvironment - INFO - Executed operation: Job J8, Op 3, Machine M3, Start: 3642.0, End: 3700.0, Setup: 15
2025-04-07 19:35:34,467 - JSPGymEnvironment - INFO - Material change on machine M3: Citybike_Bremsen_justiert -> Citybike_Fahrrad_endmontiert, setup time: 15
2025-04-07 19:35:34,467 - JSPGymEnvironment - INFO - Executed operation: Job J9, Op 6, Machine M3, Start: 3715.0, End: 3738.0, Setup: 15
2025-04-07 19:35:34,467 - JSPGymEnvironment - INFO - Job J9 completed at time 3738.0, deadline: 2880, met: False, priority: 8
2025-04-07 19:35:34,497 - JSPGymEnvironment - INFO - Material change on machine M3: Citybike_Fahrrad_endmontiert -> Racebike_Antrieb_installiert, setup time: 15
2025-04-07 19:35:34,498 - JSPGymEnvironment - INFO - Executed operation: Job J6, Op 2, Machine M3, Start: 3753.0, End: 3791.0, Setup: 15
2025-04-07 19:35:34,529 - JSPGymEnvironment - INFO - Material change on machine M2: E-Bike_Rahmen_nachbearbeitet -> Racebike_Schaltauge_bearbeitet, setup time: 20
2025-04-07 19:35:34,530 - JSPGymEnvironment - INFO - Executed operation: Job J1, Op 1, Machine M2, Start: 3811.0, End: 3827.0, Setup: 20
2025-04-07 19:35:34,557 - JSPGymEnvironment - INFO - Material change on machine M2: Racebike_Schaltauge_bearbeitet -> Mountainbike_Fahrrad_endmontiert, setup time: 20
2025-04-07 19:35:34,557 - JSPGymEnvironment - INFO - Executed operation: Job J12, Op 6, Machine M2, Start: 3847.0, End: 3869.0, Setup: 20
2025-04-07 19:35:34,557 - JSPGymEnvironment - INFO - Job J12 completed at time 3869.0, deadline: 2863, met: False, priority: 2
2025-04-07 19:35:34,722 - JSPGymEnvironment - INFO - Material change on machine M2: Mountainbike_Fahrrad_endmontiert -> Mountainbike_Schaltauge_bearbeitet, setup time: 20
2025-04-07 19:35:34,722 - JSPGymEnvironment - INFO - Executed operation: Job J18, Op 1, Machine M2, Start: 3889.0, End: 3909.0, Setup: 20
2025-04-07 19:35:34,749 - JSPGymEnvironment - INFO - Material change on machine M2: Mountainbike_Schaltauge_bearbeitet -> Citybike_Rahmen_nachbearbeitet, setup time: 20
2025-04-07 19:35:34,749 - JSPGymEnvironment - INFO - Executed operation: Job J14, Op 4, Machine M2, Start: 3929.0, End: 3958.0, Setup: 20
2025-04-07 19:35:34,776 - JSPGymEnvironment - INFO - Material change on machine M3: Racebike_Antrieb_installiert -> Mountainbike_Antrieb_installiert, setup time: 15
2025-04-07 19:35:34,776 - JSPGymEnvironment - INFO - Executed operation: Job J18, Op 2, Machine M3, Start: 3973.0, End: 4002.0, Setup: 15
2025-04-07 19:35:34,805 - JSPGymEnvironment - INFO - Material change on machine M2: Citybike_Rahmen_nachbearbeitet -> E-Bike_Schaltauge_bearbeitet, setup time: 20
2025-04-07 19:35:34,805 - JSPGymEnvironment - INFO - Executed operation: Job J19, Op 1, Machine M2, Start: 4022.0, End: 4052.0, Setup: 20
2025-04-07 19:35:34,833 - JSPGymEnvironment - INFO - Material change on machine M3: Mountainbike_Antrieb_installiert -> Racebike_Antrieb_installiert, setup time: 15
2025-04-07 19:35:34,833 - JSPGymEnvironment - INFO - Executed operation: Job J4, Op 2, Machine M3, Start: 4067.0, End: 4107.0, Setup: 15
2025-04-07 19:35:34,860 - JSPGymEnvironment - INFO - Material change on machine M3: Racebike_Antrieb_installiert -> Mountainbike_Fahrrad_endmontiert, setup time: 15
2025-04-07 19:35:34,861 - JSPGymEnvironment - INFO - Executed operation: Job J20, Op 5, Machine M3, Start: 4122.0, End: 4147.0, Setup: 15
2025-04-07 19:35:34,888 - JSPGymEnvironment - INFO - Material change on machine M2: E-Bike_Schaltauge_bearbeitet -> Citybike_Schaltauge_bearbeitet, setup time: 20
2025-04-07 19:35:34,888 - JSPGymEnvironment - INFO - Executed operation: Job J11, Op 1, Machine M2, Start: 4167.0, End: 4180.0, Setup: 20
2025-04-07 19:35:34,917 - JSPGymEnvironment - INFO - Material change on machine M3: Mountainbike_Fahrrad_endmontiert -> Mountainbike_Bremsen_justiert, setup time: 15
2025-04-07 19:35:34,917 - JSPGymEnvironment - INFO - Executed operation: Job J18, Op 3, Machine M3, Start: 4195.0, End: 4250.0, Setup: 15
2025-04-07 19:35:34,944 - JSPGymEnvironment - INFO - Material change on machine M2: Citybike_Schaltauge_bearbeitet -> Racebike_Bremsaufnahme_gebohrt, setup time: 20
2025-04-07 19:35:34,945 - JSPGymEnvironment - INFO - Executed operation: Job J4, Op 3, Machine M2, Start: 4270.0, End: 4284.0, Setup: 20
2025-04-07 19:35:34,973 - JSPGymEnvironment - INFO - Material change on machine M3: Mountainbike_Bremsen_justiert -> Mountainbike_Fahrrad_endmontiert, setup time: 15
2025-04-07 19:35:34,973 - JSPGymEnvironment - INFO - Executed operation: Job J20, Op 6, Machine M3, Start: 4299.0, End: 4339.0, Setup: 15
2025-04-07 19:35:34,973 - JSPGymEnvironment - INFO - Job J20 completed at time 4339.0, deadline: 2744, met: False, priority: 3
2025-04-07 19:35:35,000 - JSPGymEnvironment - INFO - Material change on machine M2: Racebike_Bremsaufnahme_gebohrt -> E-Bike_Bremsaufnahme_gebohrt, setup time: 20
2025-04-07 19:35:35,001 - JSPGymEnvironment - INFO - Executed operation: Job J13, Op 3, Machine M2, Start: 4359.0, End: 4381.0, Setup: 20
2025-04-07 19:35:35,028 - JSPGymEnvironment - INFO - Material change on machine M2: E-Bike_Bremsaufnahme_gebohrt -> Mountainbike_Bremsaufnahme_gebohrt, setup time: 20
2025-04-07 19:35:35,028 - JSPGymEnvironment - INFO - Executed operation: Job J5, Op 3, Machine M2, Start: 4401.0, End: 4416.0, Setup: 20
2025-04-07 19:35:35,056 - JSPGymEnvironment - INFO - Material change on machine M3: Mountainbike_Fahrrad_endmontiert -> Citybike_Antrieb_installiert, setup time: 15
2025-04-07 19:35:35,056 - JSPGymEnvironment - INFO - Executed operation: Job J11, Op 2, Machine M3, Start: 4431.0, End: 4473.0, Setup: 15
2025-04-07 19:35:35,084 - JSPGymEnvironment - INFO - Material change on machine M3: Citybike_Antrieb_installiert -> Racebike_Bremsen_justiert, setup time: 15
2025-04-07 19:35:35,084 - JSPGymEnvironment - INFO - Executed operation: Job J6, Op 3, Machine M3, Start: 4488.0, End: 4546.0, Setup: 15
2025-04-07 19:35:35,248 - JSPGymEnvironment - INFO - Material change on machine M2: Mountainbike_Bremsaufnahme_gebohrt -> Citybike_Rahmen_nachbearbeitet, setup time: 20
2025-04-07 19:35:35,249 - JSPGymEnvironment - INFO - Executed operation: Job J14, Op 5, Machine M2, Start: 4566.0, End: 4596.0, Setup: 20
2025-04-07 19:35:35,277 - JSPGymEnvironment - INFO - Material change on machine M2: Citybike_Rahmen_nachbearbeitet -> Racebike_Rahmen_nachbearbeitet, setup time: 20
2025-04-07 19:35:35,277 - JSPGymEnvironment - INFO - Executed operation: Job J7, Op 4, Machine M2, Start: 4616.0, End: 4642.0, Setup: 20
2025-04-07 19:35:35,305 - JSPGymEnvironment - INFO - Executed operation: Job J4, Op 4, Machine M2, Start: 4657.0, End: 4682.0, Setup: 15
2025-04-07 19:35:35,333 - JSPGymEnvironment - INFO - Material change on machine M3: Racebike_Bremsen_justiert -> Citybike_Fahrrad_endmontiert, setup time: 15
2025-04-07 19:35:35,333 - JSPGymEnvironment - INFO - Executed operation: Job J8, Op 4, Machine M3, Start: 4697.0, End: 4746.0, Setup: 15
2025-04-07 19:35:35,362 - JSPGymEnvironment - INFO - Material change on machine M2: Racebike_Rahmen_nachbearbeitet -> Citybike_Fahrrad_endmontiert, setup time: 20
2025-04-07 19:35:35,362 - JSPGymEnvironment - INFO - Executed operation: Job J8, Op 5, Machine M2, Start: 4766.0, End: 4796.0, Setup: 20
2025-04-07 19:35:35,362 - JSPGymEnvironment - INFO - Job J8 completed at time 4796.0, deadline: 2762, met: False, priority: 5
2025-04-07 19:35:35,389 - JSPGymEnvironment - INFO - Material change on machine M2: Citybike_Fahrrad_endmontiert -> Mountainbike_Fahrrad_endmontiert, setup time: 20
2025-04-07 19:35:35,389 - JSPGymEnvironment - INFO - Executed operation: Job J18, Op 4, Machine M2, Start: 4816.0, End: 4829.0, Setup: 20
2025-04-07 19:35:35,389 - JSPGymEnvironment - INFO - Job J18 completed at time 4829.0, deadline: 2880, met: False, priority: 6
2025-04-07 19:35:35,418 - JSPGymEnvironment - INFO - Material change on machine M3: Citybike_Fahrrad_endmontiert -> E-Bike_Antrieb_installiert, setup time: 15
2025-04-07 19:35:35,418 - JSPGymEnvironment - INFO - Executed operation: Job J19, Op 2, Machine M3, Start: 4844.0, End: 4866.0, Setup: 15
2025-04-07 19:35:35,445 - JSPGymEnvironment - INFO - Material change on machine M2: Mountainbike_Fahrrad_endmontiert -> E-Bike_Bremsaufnahme_gebohrt, setup time: 20
2025-04-07 19:35:35,445 - JSPGymEnvironment - INFO - Executed operation: Job J19, Op 3, Machine M2, Start: 4886.0, End: 4899.0, Setup: 20
2025-04-07 19:35:35,472 - JSPGymEnvironment - INFO - Material change on machine M2: E-Bike_Bremsaufnahme_gebohrt -> Racebike_Rahmen_nachbearbeitet, setup time: 20
2025-04-07 19:35:35,472 - JSPGymEnvironment - INFO - Executed operation: Job J7, Op 5, Machine M2, Start: 4919.0, End: 4937.0, Setup: 20
2025-04-07 19:35:35,500 - JSPGymEnvironment - INFO - Material change on machine M2: Racebike_Rahmen_nachbearbeitet -> Mountainbike_Rahmen_nachbearbeitet, setup time: 20
2025-04-07 19:35:35,500 - JSPGymEnvironment - INFO - Executed operation: Job J5, Op 4, Machine M2, Start: 4957.0, End: 4987.0, Setup: 20
2025-04-07 19:35:35,527 - JSPGymEnvironment - INFO - Material change on machine M3: E-Bike_Antrieb_installiert -> E-Bike_Fahrrad_endmontiert, setup time: 15
2025-04-07 19:35:35,527 - JSPGymEnvironment - INFO - Executed operation: Job J13, Op 4, Machine M3, Start: 5002.0, End: 5055.0, Setup: 15
2025-04-07 19:35:35,528 - JSPGymEnvironment - INFO - Job J13 completed at time 5055.0, deadline: 2863, met: False, priority: 7
2025-04-07 19:35:35,559 - JSPGymEnvironment - INFO - Material change on machine M3: E-Bike_Fahrrad_endmontiert -> Racebike_Fahrrad_endmontiert, setup time: 15
2025-04-07 19:35:35,559 - JSPGymEnvironment - INFO - Executed operation: Job J6, Op 4, Machine M3, Start: 5070.0, End: 5111.0, Setup: 15
2025-04-07 19:35:35,559 - JSPGymEnvironment - INFO - Job J6 completed at time 5111.0, deadline: 2880, met: False, priority: 10
2025-04-07 19:35:35,592 - JSPGymEnvironment - INFO - Material change on machine M2: Mountainbike_Rahmen_nachbearbeitet -> Citybike_Rahmen_nachbearbeitet, setup time: 20
2025-04-07 19:35:35,592 - JSPGymEnvironment - INFO - Executed operation: Job J14, Op 6, Machine M2, Start: 5131.0, End: 5155.0, Setup: 20
2025-04-07 19:35:35,624 - JSPGymEnvironment - INFO - Material change on machine M2: Citybike_Rahmen_nachbearbeitet -> E-Bike_Fahrrad_endmontiert, setup time: 20
2025-04-07 19:35:35,624 - JSPGymEnvironment - INFO - Executed operation: Job J3, Op 6, Machine M2, Start: 5175.0, End: 5185.0, Setup: 20
2025-04-07 19:35:35,624 - JSPGymEnvironment - INFO - Job J3 completed at time 5185.0, deadline: 2862, met: False, priority: 8
2025-04-07 19:35:35,796 - JSPGymEnvironment - INFO - Material change on machine M2: E-Bike_Fahrrad_endmontiert -> Racebike_Rahmen_nachbearbeitet, setup time: 20
2025-04-07 19:35:35,796 - JSPGymEnvironment - INFO - Executed operation: Job J7, Op 6, Machine M2, Start: 5205.0, End: 5220.0, Setup: 20
2025-04-07 19:35:35,825 - JSPGymEnvironment - INFO - Material change on machine M2: Racebike_Rahmen_nachbearbeitet -> Citybike_Fahrrad_endmontiert, setup time: 20
2025-04-07 19:35:35,825 - JSPGymEnvironment - INFO - Executed operation: Job J14, Op 7, Machine M2, Start: 5240.0, End: 5261.0, Setup: 20
2025-04-07 19:35:35,825 - JSPGymEnvironment - INFO - Job J14 completed at time 5261.0, deadline: 2880, met: False, priority: 3
2025-04-07 19:35:35,853 - JSPGymEnvironment - INFO - Material change on machine M3: Racebike_Fahrrad_endmontiert -> Racebike_Antrieb_installiert, setup time: 15
2025-04-07 19:35:35,853 - JSPGymEnvironment - INFO - Executed operation: Job J1, Op 2, Machine M3, Start: 5276.0, End: 5312.0, Setup: 15
2025-04-07 19:35:35,880 - JSPGymEnvironment - INFO - Material change on machine M2: Citybike_Fahrrad_endmontiert -> Citybike_Bremsaufnahme_gebohrt, setup time: 20
2025-04-07 19:35:35,880 - JSPGymEnvironment - INFO - Executed operation: Job J2, Op 3, Machine M2, Start: 5332.0, End: 5353.0, Setup: 20
2025-04-07 19:35:35,908 - JSPGymEnvironment - INFO - Material change on machine M2: Citybike_Bremsaufnahme_gebohrt -> Racebike_Fahrrad_endmontiert, setup time: 20
2025-04-07 19:35:35,908 - JSPGymEnvironment - INFO - Executed operation: Job J7, Op 7, Machine M2, Start: 5373.0, End: 5398.0, Setup: 20
2025-04-07 19:35:35,908 - JSPGymEnvironment - INFO - Job J7 completed at time 5398.0, deadline: 2880, met: False, priority: 9
2025-04-07 19:35:35,935 - JSPGymEnvironment - INFO - Material change on machine M2: Racebike_Fahrrad_endmontiert -> Racebike_Bremsaufnahme_gebohrt, setup time: 20
2025-04-07 19:35:35,935 - JSPGymEnvironment - INFO - Executed operation: Job J1, Op 3, Machine M2, Start: 5418.0, End: 5436.0, Setup: 20
2025-04-07 19:35:35,963 - JSPGymEnvironment - INFO - Material change on machine M2: Racebike_Bremsaufnahme_gebohrt -> E-Bike_Rahmen_nachbearbeitet, setup time: 20
2025-04-07 19:35:35,964 - JSPGymEnvironment - INFO - Executed operation: Job J19, Op 4, Machine M2, Start: 5456.0, End: 5473.0, Setup: 20
2025-04-07 19:35:35,991 - JSPGymEnvironment - INFO - Executed operation: Job J19, Op 5, Machine M2, Start: 5488.0, End: 5509.0, Setup: 15
2025-04-07 19:35:36,018 - JSPGymEnvironment - INFO - Material change on machine M2: E-Bike_Rahmen_nachbearbeitet -> Racebike_Rahmen_nachbearbeitet, setup time: 20
2025-04-07 19:35:36,018 - JSPGymEnvironment - INFO - Executed operation: Job J4, Op 5, Machine M2, Start: 5529.0, End: 5553.0, Setup: 20
2025-04-07 19:35:36,047 - JSPGymEnvironment - INFO - Material change on machine M2: Racebike_Rahmen_nachbearbeitet -> Mountainbike_Fahrrad_endmontiert, setup time: 20
2025-04-07 19:35:36,047 - JSPGymEnvironment - INFO - Executed operation: Job J5, Op 5, Machine M2, Start: 5573.0, End: 5595.0, Setup: 20
2025-04-07 19:35:36,047 - JSPGymEnvironment - INFO - Job J5 completed at time 5595.0, deadline: 2880, met: False, priority: 1
2025-04-07 19:35:36,075 - JSPGymEnvironment - INFO - Material change on machine M2: Mountainbike_Fahrrad_endmontiert -> Racebike_Rahmen_nachbearbeitet, setup time: 20
2025-04-07 19:35:36,075 - JSPGymEnvironment - INFO - Executed operation: Job J1, Op 4, Machine M2, Start: 5615.0, End: 5637.0, Setup: 20
2025-04-07 19:35:36,102 - JSPGymEnvironment - INFO - Material change on machine M3: Racebike_Antrieb_installiert -> Citybike_Bremsen_justiert, setup time: 15
2025-04-07 19:35:36,102 - JSPGymEnvironment - INFO - Executed operation: Job J11, Op 3, Machine M3, Start: 5652.0, End: 5674.0, Setup: 15
2025-04-07 19:35:36,131 - JSPGymEnvironment - INFO - Material change on machine M3: Citybike_Bremsen_justiert -> Racebike_Fahrrad_endmontiert, setup time: 15
2025-04-07 19:35:36,131 - JSPGymEnvironment - INFO - Executed operation: Job J4, Op 6, Machine M3, Start: 5689.0, End: 5715.0, Setup: 15
2025-04-07 19:35:36,131 - JSPGymEnvironment - INFO - Job J4 completed at time 5715.0, deadline: 2757, met: False, priority: 7
2025-04-07 19:35:36,295 - JSPGymEnvironment - INFO - Material change on machine M3: Racebike_Fahrrad_endmontiert -> Citybike_Fahrrad_endmontiert, setup time: 15
2025-04-07 19:35:36,295 - JSPGymEnvironment - INFO - Executed operation: Job J11, Op 4, Machine M3, Start: 5730.0, End: 5769.0, Setup: 15
2025-04-07 19:35:36,322 - JSPGymEnvironment - INFO - Material change on machine M2: Racebike_Rahmen_nachbearbeitet -> Citybike_Rahmen_nachbearbeitet, setup time: 20
2025-04-07 19:35:36,322 - JSPGymEnvironment - INFO - Executed operation: Job J11, Op 5, Machine M2, Start: 5789.0, End: 5806.0, Setup: 20
2025-04-07 19:35:36,351 - JSPGymEnvironment - INFO - Executed operation: Job J11, Op 6, Machine M2, Start: 5821.0, End: 5843.0, Setup: 15
2025-04-07 19:35:36,378 - JSPGymEnvironment - INFO - Material change on machine M2: Citybike_Rahmen_nachbearbeitet -> Racebike_Fahrrad_endmontiert, setup time: 20
2025-04-07 19:35:36,379 - JSPGymEnvironment - INFO - Executed operation: Job J1, Op 5, Machine M2, Start: 5863.0, End: 5875.0, Setup: 20
2025-04-07 19:35:36,379 - JSPGymEnvironment - INFO - Job J1 completed at time 5875.0, deadline: 2790, met: False, priority: 7
2025-04-07 19:35:36,406 - JSPGymEnvironment - INFO - Material change on machine M2: Racebike_Fahrrad_endmontiert -> Citybike_Rahmen_nachbearbeitet, setup time: 20
2025-04-07 19:35:36,407 - JSPGymEnvironment - INFO - Executed operation: Job J2, Op 4, Machine M2, Start: 5895.0, End: 5919.0, Setup: 20
2025-04-07 19:35:36,436 - JSPGymEnvironment - INFO - Material change on machine M2: Citybike_Rahmen_nachbearbeitet -> Citybike_Fahrrad_endmontiert, setup time: 20
2025-04-07 19:35:36,436 - JSPGymEnvironment - INFO - Executed operation: Job J11, Op 7, Machine M2, Start: 5939.0, End: 5968.0, Setup: 20
2025-04-07 19:35:36,436 - JSPGymEnvironment - INFO - Job J11 completed at time 5968.0, deadline: 2880, met: False, priority: 7
2025-04-07 19:35:36,463 - JSPGymEnvironment - INFO - Executed operation: Job J2, Op 5, Machine M3, Start: 5978.0, End: 5999.0, Setup: 10
2025-04-07 19:35:36,463 - JSPGymEnvironment - INFO - Job J2 completed at time 5999.0, deadline: 2880, met: False, priority: 3
2025-04-07 19:35:36,490 - JSPGymEnvironment - INFO - Material change on machine M2: Citybike_Fahrrad_endmontiert -> E-Bike_Fahrrad_endmontiert, setup time: 20
2025-04-07 19:35:36,490 - JSPGymEnvironment - INFO - Executed operation: Job J19, Op 6, Machine M2, Start: 6019.0, End: 6044.0, Setup: 20
2025-04-07 19:35:36,490 - JSPGymEnvironment - INFO - Job J19 completed at time 6044.0, deadline: 2737, met: False, priority: 8
2025-04-07 19:35:36,518 - JSPGymEnvironment - INFO - Executed operation: Job J16, Op 0, Machine M1, Start: 6069.0, End: 6095.0, Setup: 25
2025-04-07 19:35:36,545 - JSPGymEnvironment - INFO - Material change on machine M2: E-Bike_Fahrrad_endmontiert -> Racebike_Schaltauge_bearbeitet, setup time: 20
2025-04-07 19:35:36,545 - JSPGymEnvironment - INFO - Executed operation: Job J16, Op 1, Machine M2, Start: 6115.0, End: 6130.0, Setup: 20
2025-04-07 19:35:36,574 - JSPGymEnvironment - INFO - Material change on machine M3: Citybike_Fahrrad_endmontiert -> Racebike_Antrieb_installiert, setup time: 15
2025-04-07 19:35:36,574 - JSPGymEnvironment - INFO - Executed operation: Job J16, Op 2, Machine M3, Start: 6145.0, End: 6175.0, Setup: 15
2025-04-07 19:35:36,601 - JSPGymEnvironment - INFO - Material change on machine M2: Racebike_Schaltauge_bearbeitet -> Racebike_Bremsaufnahme_gebohrt, setup time: 20
2025-04-07 19:35:36,602 - JSPGymEnvironment - INFO - Executed operation: Job J16, Op 3, Machine M2, Start: 6195.0, End: 6218.0, Setup: 20
2025-04-07 19:35:36,629 - JSPGymEnvironment - INFO - Material change on machine M2: Racebike_Bremsaufnahme_gebohrt -> Racebike_Rahmen_nachbearbeitet, setup time: 20
2025-04-07 19:35:36,629 - JSPGymEnvironment - INFO - Executed operation: Job J16, Op 4, Machine M2, Start: 6238.0, End: 6252.0, Setup: 20
2025-04-07 19:35:36,656 - JSPGymEnvironment - INFO - Material change on machine M2: Racebike_Rahmen_nachbearbeitet -> Racebike_Fahrrad_endmontiert, setup time: 20
2025-04-07 19:35:36,656 - JSPGymEnvironment - INFO - Executed operation: Job J16, Op 5, Machine M2, Start: 6272.0, End: 6302.0, Setup: 20
2025-04-07 19:35:36,656 - JSPGymEnvironment - INFO - Job J16 completed at time 6302.0, deadline: 2855, met: False, priority: 7
2025-04-07 19:36:50,243 - JSPGymEnvironment - INFO - Environment reset
2025-04-07 19:36:50,273 - JSPGymEnvironment - INFO - Material change on machine M1:  -> Citybike_Hauptrahmen_zugeschnitten, setup time: 0
2025-04-07 19:36:50,273 - JSPGymEnvironment - INFO - Executed operation: Job J17, Op 0, Machine M1, Start: 0.0, End: 38.0, Setup: 0
2025-04-07 19:36:50,303 - JSPGymEnvironment - INFO - Material change on machine M2:  -> Citybike_Schaltauge_bearbeitet, setup time: 0
2025-04-07 19:36:50,303 - JSPGymEnvironment - INFO - Executed operation: Job J17, Op 1, Machine M2, Start: 38.0, End: 58.0, Setup: 0
2025-04-07 19:36:50,330 - JSPGymEnvironment - INFO - Material change on machine M1: Citybike_Hauptrahmen_zugeschnitten -> Racebike_Hauptrahmen_zugeschnitten, setup time: 40
2025-04-07 19:36:50,330 - JSPGymEnvironment - INFO - Executed operation: Job J16, Op 0, Machine M1, Start: 98.0, End: 124.0, Setup: 40
2025-04-07 19:36:50,357 - JSPGymEnvironment - INFO - Material change on machine M1: Racebike_Hauptrahmen_zugeschnitten -> Citybike_Hauptrahmen_zugeschnitten, setup time: 40
2025-04-07 19:36:50,357 - JSPGymEnvironment - INFO - Executed operation: Job J8, Op 0, Machine M1, Start: 164.0, End: 183.0, Setup: 40
2025-04-07 19:36:50,384 - JSPGymEnvironment - INFO - Material change on machine M1: Citybike_Hauptrahmen_zugeschnitten -> Racebike_Hauptrahmen_zugeschnitten, setup time: 40
2025-04-07 19:36:50,385 - JSPGymEnvironment - INFO - Executed operation: Job J6, Op 0, Machine M1, Start: 223.0, End: 259.0, Setup: 40
2025-04-07 19:36:50,561 - JSPGymEnvironment - INFO - Executed operation: Job J1, Op 0, Machine M1, Start: 284.0, End: 324.0, Setup: 25
2025-04-07 19:36:50,594 - JSPGymEnvironment - INFO - Material change on machine M1: Racebike_Hauptrahmen_zugeschnitten -> Citybike_Hauptrahmen_zugeschnitten, setup time: 40
2025-04-07 19:36:50,594 - JSPGymEnvironment - INFO - Executed operation: Job J9, Op 0, Machine M1, Start: 364.0, End: 404.0, Setup: 40
2025-04-07 19:36:50,625 - JSPGymEnvironment - INFO - Executed operation: Job J8, Op 1, Machine M2, Start: 419.0, End: 432.0, Setup: 15
2025-04-07 19:36:50,657 - JSPGymEnvironment - INFO - Material change on machine M2: Citybike_Schaltauge_bearbeitet -> Racebike_Schaltauge_bearbeitet, setup time: 20
2025-04-07 19:36:50,657 - JSPGymEnvironment - INFO - Executed operation: Job J16, Op 1, Machine M2, Start: 452.0, End: 467.0, Setup: 20
2025-04-07 19:36:50,684 - JSPGymEnvironment - INFO - Executed operation: Job J11, Op 0, Machine M1, Start: 492.0, End: 523.0, Setup: 25
2025-04-07 19:36:50,711 - JSPGymEnvironment - INFO - Material change on machine M3:  -> Racebike_Antrieb_installiert, setup time: 0
2025-04-07 19:36:50,711 - JSPGymEnvironment - INFO - Executed operation: Job J16, Op 2, Machine M3, Start: 523.0, End: 553.0, Setup: 0
2025-04-07 19:36:50,738 - JSPGymEnvironment - INFO - Material change on machine M2: Racebike_Schaltauge_bearbeitet -> Citybike_Schaltauge_bearbeitet, setup time: 20
2025-04-07 19:36:50,738 - JSPGymEnvironment - INFO - Executed operation: Job J11, Op 1, Machine M2, Start: 573.0, End: 586.0, Setup: 20
2025-04-07 19:36:50,766 - JSPGymEnvironment - INFO - Executed operation: Job J9, Op 1, Machine M2, Start: 601.0, End: 617.0, Setup: 15
2025-04-07 19:36:50,794 - JSPGymEnvironment - INFO - Material change on machine M3: Racebike_Antrieb_installiert -> Citybike_Antrieb_installiert, setup time: 15
2025-04-07 19:36:50,794 - JSPGymEnvironment - INFO - Executed operation: Job J9, Op 2, Machine M3, Start: 632.0, End: 686.0, Setup: 15
2025-04-07 19:36:50,826 - JSPGymEnvironment - INFO - Executed operation: Job J14, Op 0, Machine M1, Start: 711.0, End: 729.0, Setup: 25
2025-04-07 19:36:50,855 - JSPGymEnvironment - INFO - Executed operation: Job J2, Op 0, Machine M1, Start: 754.0, End: 770.0, Setup: 25
2025-04-07 19:36:50,883 - JSPGymEnvironment - INFO - Material change on machine M1: Citybike_Hauptrahmen_zugeschnitten -> Racebike_Hauptrahmen_zugeschnitten, setup time: 40
2025-04-07 19:36:50,883 - JSPGymEnvironment - INFO - Executed operation: Job J15, Op 0, Machine M1, Start: 810.0, End: 833.0, Setup: 40
2025-04-07 19:36:50,910 - JSPGymEnvironment - INFO - Material change on machine M1: Racebike_Hauptrahmen_zugeschnitten -> Mountainbike_Hauptrahmen_zugeschnitten, setup time: 40
2025-04-07 19:36:50,910 - JSPGymEnvironment - INFO - Executed operation: Job J5, Op 0, Machine M1, Start: 873.0, End: 909.0, Setup: 40
2025-04-07 19:36:50,938 - JSPGymEnvironment - INFO - Material change on machine M2: Citybike_Schaltauge_bearbeitet -> Racebike_Schaltauge_bearbeitet, setup time: 20
2025-04-07 19:36:50,938 - JSPGymEnvironment - INFO - Executed operation: Job J15, Op 1, Machine M2, Start: 929.0, End: 942.0, Setup: 20
2025-04-07 19:36:51,109 - JSPGymEnvironment - INFO - Material change on machine M1: Mountainbike_Hauptrahmen_zugeschnitten -> E-Bike_Hauptrahmen_zugeschnitten, setup time: 40
2025-04-07 19:36:51,110 - JSPGymEnvironment - INFO - Executed operation: Job J3, Op 0, Machine M1, Start: 982.0, End: 1016.0, Setup: 40
2025-04-07 19:36:51,139 - JSPGymEnvironment - INFO - Material change on machine M2: Racebike_Schaltauge_bearbeitet -> Racebike_Bremsaufnahme_gebohrt, setup time: 20
2025-04-07 19:36:51,140 - JSPGymEnvironment - INFO - Executed operation: Job J16, Op 3, Machine M2, Start: 1036.0, End: 1059.0, Setup: 20
2025-04-07 19:36:51,168 - JSPGymEnvironment - INFO - Material change on machine M2: Racebike_Bremsaufnahme_gebohrt -> Citybike_Schaltauge_bearbeitet, setup time: 20
2025-04-07 19:36:51,168 - JSPGymEnvironment - INFO - Executed operation: Job J2, Op 1, Machine M2, Start: 1079.0, End: 1089.0, Setup: 20
2025-04-07 19:36:51,196 - JSPGymEnvironment - INFO - Material change on machine M1: E-Bike_Hauptrahmen_zugeschnitten -> Racebike_Hauptrahmen_zugeschnitten, setup time: 40
2025-04-07 19:36:51,196 - JSPGymEnvironment - INFO - Executed operation: Job J10, Op 0, Machine M1, Start: 1129.0, End: 1161.0, Setup: 40
2025-04-07 19:36:51,223 - JSPGymEnvironment - INFO - Material change on machine M1: Racebike_Hauptrahmen_zugeschnitten -> Mountainbike_Hauptrahmen_zugeschnitten, setup time: 40
2025-04-07 19:36:51,223 - JSPGymEnvironment - INFO - Executed operation: Job J18, Op 0, Machine M1, Start: 1201.0, End: 1223.0, Setup: 40
2025-04-07 19:36:51,251 - JSPGymEnvironment - INFO - Executed operation: Job J14, Op 1, Machine M2, Start: 1238.0, End: 1254.0, Setup: 15
2025-04-07 19:36:51,278 - JSPGymEnvironment - INFO - Material change on machine M2: Citybike_Schaltauge_bearbeitet -> Racebike_Rahmen_nachbearbeitet, setup time: 20
2025-04-07 19:36:51,279 - JSPGymEnvironment - INFO - Executed operation: Job J16, Op 4, Machine M2, Start: 1274.0, End: 1288.0, Setup: 20
2025-04-07 19:36:51,308 - JSPGymEnvironment - INFO - Executed operation: Job J11, Op 2, Machine M3, Start: 1298.0, End: 1340.0, Setup: 10
2025-04-07 19:36:51,335 - JSPGymEnvironment - INFO - Material change on machine M2: Racebike_Rahmen_nachbearbeitet -> Racebike_Schaltauge_bearbeitet, setup time: 20
2025-04-07 19:36:51,335 - JSPGymEnvironment - INFO - Executed operation: Job J10, Op 1, Machine M2, Start: 1360.0, End: 1385.0, Setup: 20
2025-04-07 19:36:51,363 - JSPGymEnvironment - INFO - Material change on machine M3: Citybike_Antrieb_installiert -> Racebike_Antrieb_installiert, setup time: 15
2025-04-07 19:36:51,363 - JSPGymEnvironment - INFO - Executed operation: Job J10, Op 2, Machine M3, Start: 1400.0, End: 1439.0, Setup: 15
2025-04-07 19:36:51,390 - JSPGymEnvironment - INFO - Executed operation: Job J1, Op 1, Machine M2, Start: 1454.0, End: 1470.0, Setup: 15
2025-04-07 19:36:51,420 - JSPGymEnvironment - INFO - Material change on machine M3: Racebike_Antrieb_installiert -> Citybike_Antrieb_installiert, setup time: 15
2025-04-07 19:36:51,420 - JSPGymEnvironment - INFO - Executed operation: Job J17, Op 2, Machine M3, Start: 1485.0, End: 1519.0, Setup: 15
2025-04-07 19:36:51,449 - JSPGymEnvironment - INFO - Material change on machine M2: Racebike_Schaltauge_bearbeitet -> E-Bike_Schaltauge_bearbeitet, setup time: 20
2025-04-07 19:36:51,449 - JSPGymEnvironment - INFO - Executed operation: Job J3, Op 1, Machine M2, Start: 1539.0, End: 1559.0, Setup: 20
2025-04-07 19:36:51,476 - JSPGymEnvironment - INFO - Material change on machine M1: Mountainbike_Hauptrahmen_zugeschnitten -> E-Bike_Hauptrahmen_zugeschnitten, setup time: 40
2025-04-07 19:36:51,476 - JSPGymEnvironment - INFO - Executed operation: Job J19, Op 0, Machine M1, Start: 1599.0, End: 1614.0, Setup: 40
2025-04-07 19:36:51,646 - JSPGymEnvironment - INFO - Material change on machine M3: Citybike_Antrieb_installiert -> Citybike_Bremsen_justiert, setup time: 15
2025-04-07 19:36:51,646 - JSPGymEnvironment - INFO - Executed operation: Job J17, Op 3, Machine M3, Start: 1629.0, End: 1655.0, Setup: 15
2025-04-07 19:36:51,676 - JSPGymEnvironment - INFO - Material change on machine M3: Citybike_Bremsen_justiert -> Citybike_Fahrrad_endmontiert, setup time: 15
2025-04-07 19:36:51,677 - JSPGymEnvironment - INFO - Executed operation: Job J17, Op 4, Machine M3, Start: 1670.0, End: 1720.0, Setup: 15
2025-04-07 19:36:51,706 - JSPGymEnvironment - INFO - Material change on machine M3: Citybike_Fahrrad_endmontiert -> Citybike_Bremsen_justiert, setup time: 15
2025-04-07 19:36:51,706 - JSPGymEnvironment - INFO - Executed operation: Job J11, Op 3, Machine M3, Start: 1735.0, End: 1757.0, Setup: 15
2025-04-07 19:36:51,737 - JSPGymEnvironment - INFO - Material change on machine M1: E-Bike_Hauptrahmen_zugeschnitten -> Racebike_Hauptrahmen_zugeschnitten, setup time: 40
2025-04-07 19:36:51,737 - JSPGymEnvironment - INFO - Executed operation: Job J4, Op 0, Machine M1, Start: 1797.0, End: 1822.0, Setup: 40
2025-04-07 19:36:51,769 - JSPGymEnvironment - INFO - Executed operation: Job J19, Op 1, Machine M2, Start: 1837.0, End: 1867.0, Setup: 15
2025-04-07 19:36:51,799 - JSPGymEnvironment - INFO - Material change on machine M2: E-Bike_Schaltauge_bearbeitet -> Racebike_Bremsaufnahme_gebohrt, setup time: 20
2025-04-07 19:36:51,799 - JSPGymEnvironment - INFO - Executed operation: Job J10, Op 3, Machine M2, Start: 1887.0, End: 1909.0, Setup: 20
2025-04-07 19:36:51,832 - JSPGymEnvironment - INFO - Material change on machine M2: Racebike_Bremsaufnahme_gebohrt -> Racebike_Rahmen_nachbearbeitet, setup time: 20
2025-04-07 19:36:51,832 - JSPGymEnvironment - INFO - Executed operation: Job J10, Op 4, Machine M2, Start: 1929.0, End: 1940.0, Setup: 20
2025-04-07 19:36:51,860 - JSPGymEnvironment - INFO - Material change on machine M2: Racebike_Rahmen_nachbearbeitet -> Racebike_Fahrrad_endmontiert, setup time: 20
2025-04-07 19:36:51,860 - JSPGymEnvironment - INFO - Executed operation: Job J16, Op 5, Machine M2, Start: 1960.0, End: 1990.0, Setup: 20
2025-04-07 19:36:51,861 - JSPGymEnvironment - INFO - Job J16 completed at time 1990.0, deadline: 2855, met: True, priority: 7
2025-04-07 19:36:51,888 - JSPGymEnvironment - INFO - Material change on machine M3: Citybike_Bremsen_justiert -> Citybike_Antrieb_installiert, setup time: 15
2025-04-07 19:36:51,888 - JSPGymEnvironment - INFO - Executed operation: Job J14, Op 2, Machine M3, Start: 2005.0, End: 2027.0, Setup: 15
2025-04-07 19:36:51,917 - JSPGymEnvironment - INFO - Material change on machine M1: Racebike_Hauptrahmen_zugeschnitten -> Mountainbike_Hauptrahmen_zugeschnitten, setup time: 40
2025-04-07 19:36:51,917 - JSPGymEnvironment - INFO - Executed operation: Job J20, Op 0, Machine M1, Start: 2067.0, End: 2086.0, Setup: 40
2025-04-07 19:36:51,945 - JSPGymEnvironment - INFO - Material change on machine M3: Citybike_Antrieb_installiert -> E-Bike_Antrieb_installiert, setup time: 15
2025-04-07 19:36:51,945 - JSPGymEnvironment - INFO - Executed operation: Job J19, Op 2, Machine M3, Start: 2101.0, End: 2123.0, Setup: 15
2025-04-07 19:36:51,974 - JSPGymEnvironment - INFO - Material change on machine M3: E-Bike_Antrieb_installiert -> Citybike_Antrieb_installiert, setup time: 15
2025-04-07 19:36:51,974 - JSPGymEnvironment - INFO - Executed operation: Job J2, Op 2, Machine M3, Start: 2138.0, End: 2166.0, Setup: 15
2025-04-07 19:36:52,002 - JSPGymEnvironment - INFO - Material change on machine M2: Racebike_Fahrrad_endmontiert -> Racebike_Schaltauge_bearbeitet, setup time: 20
2025-04-07 19:36:52,003 - JSPGymEnvironment - INFO - Executed operation: Job J4, Op 1, Machine M2, Start: 2186.0, End: 2201.0, Setup: 20
2025-04-07 19:36:52,172 - JSPGymEnvironment - INFO - Material change on machine M3: Citybike_Antrieb_installiert -> Citybike_Fahrrad_endmontiert, setup time: 15
2025-04-07 19:36:52,172 - JSPGymEnvironment - INFO - Executed operation: Job J11, Op 4, Machine M3, Start: 2216.0, End: 2255.0, Setup: 15
2025-04-07 19:36:52,199 - JSPGymEnvironment - INFO - Executed operation: Job J17, Op 5, Machine M3, Start: 2265.0, End: 2324.0, Setup: 10
2025-04-07 19:36:52,226 - JSPGymEnvironment - INFO - Executed operation: Job J12, Op 0, Machine M1, Start: 2349.0, End: 2380.0, Setup: 25
2025-04-07 19:36:52,254 - JSPGymEnvironment - INFO - Material change on machine M2: Racebike_Schaltauge_bearbeitet -> Citybike_Rahmen_nachbearbeitet, setup time: 20
2025-04-07 19:36:52,254 - JSPGymEnvironment - INFO - Executed operation: Job J11, Op 5, Machine M2, Start: 2400.0, End: 2417.0, Setup: 20
2025-04-07 19:36:52,281 - JSPGymEnvironment - INFO - Material change on machine M3: Citybike_Fahrrad_endmontiert -> Racebike_Antrieb_installiert, setup time: 15
2025-04-07 19:36:52,282 - JSPGymEnvironment - INFO - Executed operation: Job J15, Op 2, Machine M3, Start: 2432.0, End: 2467.0, Setup: 15
2025-04-07 19:36:52,311 - JSPGymEnvironment - INFO - Material change on machine M3: Racebike_Antrieb_installiert -> Citybike_Fahrrad_endmontiert, setup time: 15
2025-04-07 19:36:52,312 - JSPGymEnvironment - INFO - Executed operation: Job J17, Op 6, Machine M3, Start: 2482.0, End: 2507.0, Setup: 15
2025-04-07 19:36:52,312 - JSPGymEnvironment - INFO - Job J17 completed at time 2507.0, deadline: 2880, met: True, priority: 6
2025-04-07 19:36:52,339 - JSPGymEnvironment - INFO - Executed operation: Job J11, Op 6, Machine M2, Start: 2522.0, End: 2544.0, Setup: 15
2025-04-07 19:36:52,366 - JSPGymEnvironment - INFO - Material change on machine M2: Citybike_Rahmen_nachbearbeitet -> Mountainbike_Schaltauge_bearbeitet, setup time: 20
2025-04-07 19:36:52,366 - JSPGymEnvironment - INFO - Executed operation: Job J18, Op 1, Machine M2, Start: 2564.0, End: 2584.0, Setup: 20
2025-04-07 19:36:52,394 - JSPGymEnvironment - INFO - Material change on machine M2: Mountainbike_Schaltauge_bearbeitet -> Racebike_Schaltauge_bearbeitet, setup time: 20
2025-04-07 19:36:52,394 - JSPGymEnvironment - INFO - Executed operation: Job J6, Op 1, Machine M2, Start: 2604.0, End: 2617.0, Setup: 20
2025-04-07 19:36:52,423 - JSPGymEnvironment - INFO - Material change on machine M2: Racebike_Schaltauge_bearbeitet -> Citybike_Bremsaufnahme_gebohrt, setup time: 20
2025-04-07 19:36:52,423 - JSPGymEnvironment - INFO - Executed operation: Job J2, Op 3, Machine M2, Start: 2637.0, End: 2658.0, Setup: 20
2025-04-07 19:36:52,450 - JSPGymEnvironment - INFO - Material change on machine M2: Citybike_Bremsaufnahme_gebohrt -> Citybike_Rahmen_nachbearbeitet, setup time: 20
2025-04-07 19:36:52,450 - JSPGymEnvironment - INFO - Executed operation: Job J2, Op 4, Machine M2, Start: 2678.0, End: 2702.0, Setup: 20
2025-04-07 19:36:52,479 - JSPGymEnvironment - INFO - Material change on machine M2: Citybike_Rahmen_nachbearbeitet -> Citybike_Bremsaufnahme_gebohrt, setup time: 20
2025-04-07 19:36:52,479 - JSPGymEnvironment - INFO - Executed operation: Job J9, Op 3, Machine M2, Start: 2722.0, End: 2745.0, Setup: 20
2025-04-07 19:36:52,506 - JSPGymEnvironment - INFO - Material change on machine M3: Citybike_Fahrrad_endmontiert -> Racebike_Bremsen_justiert, setup time: 15
2025-04-07 19:36:52,506 - JSPGymEnvironment - INFO - Executed operation: Job J15, Op 3, Machine M3, Start: 2760.0, End: 2787.0, Setup: 15
2025-04-07 19:36:52,535 - JSPGymEnvironment - INFO - Material change on machine M2: Citybike_Bremsaufnahme_gebohrt -> Mountainbike_Schaltauge_bearbeitet, setup time: 20
2025-04-07 19:36:52,535 - JSPGymEnvironment - INFO - Executed operation: Job J20, Op 1, Machine M2, Start: 2807.0, End: 2832.0, Setup: 20
2025-04-07 19:36:52,565 - JSPGymEnvironment - INFO - Material change on machine M3: Racebike_Bremsen_justiert -> Citybike_Fahrrad_endmontiert, setup time: 15
2025-04-07 19:36:52,565 - JSPGymEnvironment - INFO - Executed operation: Job J2, Op 5, Machine M3, Start: 2847.0, End: 2868.0, Setup: 15
2025-04-07 19:36:52,565 - JSPGymEnvironment - INFO - Job J2 completed at time 2868.0, deadline: 2880, met: True, priority: 3
2025-04-07 19:36:52,733 - JSPGymEnvironment - INFO - Material change on machine M2: Mountainbike_Schaltauge_bearbeitet -> E-Bike_Bremsaufnahme_gebohrt, setup time: 20
2025-04-07 19:36:52,733 - JSPGymEnvironment - INFO - Executed operation: Job J19, Op 3, Machine M2, Start: 2888.0, End: 2901.0, Setup: 20
2025-04-07 19:36:52,760 - JSPGymEnvironment - INFO - Material change on machine M3: Citybike_Fahrrad_endmontiert -> Mountainbike_Antrieb_installiert, setup time: 15
2025-04-07 19:36:52,760 - JSPGymEnvironment - INFO - Executed operation: Job J18, Op 2, Machine M3, Start: 2916.0, End: 2945.0, Setup: 15
2025-04-07 19:36:52,788 - JSPGymEnvironment - INFO - Material change on machine M2: E-Bike_Bremsaufnahme_gebohrt -> Racebike_Rahmen_nachbearbeitet, setup time: 20
2025-04-07 19:36:52,788 - JSPGymEnvironment - INFO - Executed operation: Job J15, Op 4, Machine M2, Start: 2965.0, End: 2985.0, Setup: 20
2025-04-07 19:36:52,815 - JSPGymEnvironment - INFO - Executed operation: Job J15, Op 5, Machine M2, Start: 3000.0, End: 3023.0, Setup: 15
2025-04-07 19:36:52,845 - JSPGymEnvironment - INFO - Material change on machine M3: Mountainbike_Antrieb_installiert -> Mountainbike_Bremsen_justiert, setup time: 15
2025-04-07 19:36:52,846 - JSPGymEnvironment - INFO - Executed operation: Job J18, Op 3, Machine M3, Start: 3038.0, End: 3093.0, Setup: 15
2025-04-07 19:36:52,875 - JSPGymEnvironment - INFO - Material change on machine M3: Mountainbike_Bremsen_justiert -> Citybike_Antrieb_installiert, setup time: 15
2025-04-07 19:36:52,875 - JSPGymEnvironment - INFO - Executed operation: Job J8, Op 2, Machine M3, Start: 3108.0, End: 3162.0, Setup: 15
2025-04-07 19:36:52,909 - JSPGymEnvironment - INFO - Material change on machine M2: Racebike_Rahmen_nachbearbeitet -> Mountainbike_Schaltauge_bearbeitet, setup time: 20
2025-04-07 19:36:52,909 - JSPGymEnvironment - INFO - Executed operation: Job J5, Op 1, Machine M2, Start: 3182.0, End: 3197.0, Setup: 20
2025-04-07 19:36:52,943 - JSPGymEnvironment - INFO - Material change on machine M3: Citybike_Antrieb_installiert -> Racebike_Antrieb_installiert, setup time: 15
2025-04-07 19:36:52,943 - JSPGymEnvironment - INFO - Executed operation: Job J4, Op 2, Machine M3, Start: 3212.0, End: 3252.0, Setup: 15
2025-04-07 19:36:52,973 - JSPGymEnvironment - INFO - Material change on machine M2: Mountainbike_Schaltauge_bearbeitet -> Mountainbike_Fahrrad_endmontiert, setup time: 20
2025-04-07 19:36:52,974 - JSPGymEnvironment - INFO - Executed operation: Job J18, Op 4, Machine M2, Start: 3272.0, End: 3285.0, Setup: 20
2025-04-07 19:36:52,974 - JSPGymEnvironment - INFO - Job J18 completed at time 3285.0, deadline: 2880, met: False, priority: 6
2025-04-07 19:36:53,003 - JSPGymEnvironment - INFO - Executed operation: Job J6, Op 2, Machine M3, Start: 3295.0, End: 3333.0, Setup: 10
2025-04-07 19:36:53,030 - JSPGymEnvironment - INFO - Material change on machine M2: Mountainbike_Fahrrad_endmontiert -> E-Bike_Rahmen_nachbearbeitet, setup time: 20
2025-04-07 19:36:53,030 - JSPGymEnvironment - INFO - Executed operation: Job J19, Op 4, Machine M2, Start: 3353.0, End: 3370.0, Setup: 20
2025-04-07 19:36:53,059 - JSPGymEnvironment - INFO - Material change on machine M2: E-Bike_Rahmen_nachbearbeitet -> Racebike_Bremsaufnahme_gebohrt, setup time: 20
2025-04-07 19:36:53,059 - JSPGymEnvironment - INFO - Executed operation: Job J4, Op 3, Machine M2, Start: 3390.0, End: 3404.0, Setup: 20
2025-04-07 19:36:53,087 - JSPGymEnvironment - INFO - Material change on machine M2: Racebike_Bremsaufnahme_gebohrt -> Racebike_Rahmen_nachbearbeitet, setup time: 20
2025-04-07 19:36:53,087 - JSPGymEnvironment - INFO - Executed operation: Job J4, Op 4, Machine M2, Start: 3424.0, End: 3449.0, Setup: 20
2025-04-07 19:36:53,114 - JSPGymEnvironment - INFO - Material change on machine M3: Racebike_Antrieb_installiert -> Mountainbike_Antrieb_installiert, setup time: 15
2025-04-07 19:36:53,114 - JSPGymEnvironment - INFO - Executed operation: Job J5, Op 2, Machine M3, Start: 3464.0, End: 3489.0, Setup: 15
2025-04-07 19:36:53,287 - JSPGymEnvironment - INFO - Material change on machine M3: Mountainbike_Antrieb_installiert -> Racebike_Fahrrad_endmontiert, setup time: 15
2025-04-07 19:36:53,287 - JSPGymEnvironment - INFO - Executed operation: Job J15, Op 6, Machine M3, Start: 3504.0, End: 3531.0, Setup: 15
2025-04-07 19:36:53,316 - JSPGymEnvironment - INFO - Material change on machine M2: Racebike_Rahmen_nachbearbeitet -> Citybike_Bremsaufnahme_gebohrt, setup time: 20
2025-04-07 19:36:53,316 - JSPGymEnvironment - INFO - Executed operation: Job J14, Op 3, Machine M2, Start: 3551.0, End: 3569.0, Setup: 20
2025-04-07 19:36:53,343 - JSPGymEnvironment - INFO - Material change on machine M2: Citybike_Bremsaufnahme_gebohrt -> Citybike_Rahmen_nachbearbeitet, setup time: 20
2025-04-07 19:36:53,343 - JSPGymEnvironment - INFO - Executed operation: Job J14, Op 4, Machine M2, Start: 3589.0, End: 3618.0, Setup: 20
2025-04-07 19:36:53,370 - JSPGymEnvironment - INFO - Material change on machine M3: Racebike_Fahrrad_endmontiert -> Mountainbike_Antrieb_installiert, setup time: 15
2025-04-07 19:36:53,370 - JSPGymEnvironment - INFO - Executed operation: Job J20, Op 2, Machine M3, Start: 3633.0, End: 3657.0, Setup: 15
2025-04-07 19:36:53,398 - JSPGymEnvironment - INFO - Material change on machine M2: Citybike_Rahmen_nachbearbeitet -> E-Bike_Rahmen_nachbearbeitet, setup time: 20
2025-04-07 19:36:53,398 - JSPGymEnvironment - INFO - Executed operation: Job J19, Op 5, Machine M2, Start: 3677.0, End: 3698.0, Setup: 20
2025-04-07 19:36:53,426 - JSPGymEnvironment - INFO - Material change on machine M2: E-Bike_Rahmen_nachbearbeitet -> Citybike_Rahmen_nachbearbeitet, setup time: 20
2025-04-07 19:36:53,427 - JSPGymEnvironment - INFO - Executed operation: Job J9, Op 4, Machine M2, Start: 3718.0, End: 3730.0, Setup: 20
2025-04-07 19:36:53,453 - JSPGymEnvironment - INFO - Material change on machine M2: Citybike_Rahmen_nachbearbeitet -> Citybike_Fahrrad_endmontiert, setup time: 20
2025-04-07 19:36:53,454 - JSPGymEnvironment - INFO - Executed operation: Job J11, Op 7, Machine M2, Start: 3750.0, End: 3779.0, Setup: 20
2025-04-07 19:36:53,454 - JSPGymEnvironment - INFO - Job J11 completed at time 3779.0, deadline: 2880, met: False, priority: 7
2025-04-07 19:36:53,480 - JSPGymEnvironment - INFO - Material change on machine M3: Mountainbike_Antrieb_installiert -> Racebike_Antrieb_installiert, setup time: 15
2025-04-07 19:36:53,480 - JSPGymEnvironment - INFO - Executed operation: Job J1, Op 2, Machine M3, Start: 3794.0, End: 3830.0, Setup: 15
2025-04-07 19:36:53,507 - JSPGymEnvironment - INFO - Material change on machine M3: Racebike_Antrieb_installiert -> E-Bike_Antrieb_installiert, setup time: 15
2025-04-07 19:36:53,507 - JSPGymEnvironment - INFO - Executed operation: Job J3, Op 2, Machine M3, Start: 3845.0, End: 3903.0, Setup: 15
2025-04-07 19:36:53,534 - JSPGymEnvironment - INFO - Material change on machine M2: Citybike_Fahrrad_endmontiert -> Racebike_Rahmen_nachbearbeitet, setup time: 20
2025-04-07 19:36:53,534 - JSPGymEnvironment - INFO - Executed operation: Job J10, Op 5, Machine M2, Start: 3923.0, End: 3941.0, Setup: 20
2025-04-07 19:36:53,563 - JSPGymEnvironment - INFO - Material change on machine M3: E-Bike_Antrieb_installiert -> Racebike_Bremsen_justiert, setup time: 15
2025-04-07 19:36:53,564 - JSPGymEnvironment - INFO - Executed operation: Job J6, Op 3, Machine M3, Start: 3956.0, End: 4014.0, Setup: 15
2025-04-07 19:36:53,591 - JSPGymEnvironment - INFO - Material change on machine M1: Mountainbike_Hauptrahmen_zugeschnitten -> E-Bike_Hauptrahmen_zugeschnitten, setup time: 40
2025-04-07 19:36:53,591 - JSPGymEnvironment - INFO - Executed operation: Job J13, Op 0, Machine M1, Start: 4054.0, End: 4095.0, Setup: 40
2025-04-07 19:36:53,618 - JSPGymEnvironment - INFO - Material change on machine M2: Racebike_Rahmen_nachbearbeitet -> Mountainbike_Schaltauge_bearbeitet, setup time: 20
2025-04-07 19:36:53,619 - JSPGymEnvironment - INFO - Executed operation: Job J12, Op 1, Machine M2, Start: 4115.0, End: 4137.0, Setup: 20
2025-04-07 19:36:53,646 - JSPGymEnvironment - INFO - Material change on machine M2: Mountainbike_Schaltauge_bearbeitet -> Citybike_Rahmen_nachbearbeitet, setup time: 20
2025-04-07 19:36:53,646 - JSPGymEnvironment - INFO - Executed operation: Job J14, Op 5, Machine M2, Start: 4157.0, End: 4187.0, Setup: 20
2025-04-07 19:36:53,811 - JSPGymEnvironment - INFO - Material change on machine M2: Citybike_Rahmen_nachbearbeitet -> E-Bike_Schaltauge_bearbeitet, setup time: 20
2025-04-07 19:36:53,811 - JSPGymEnvironment - INFO - Executed operation: Job J13, Op 1, Machine M2, Start: 4207.0, End: 4230.0, Setup: 20
2025-04-07 19:36:53,839 - JSPGymEnvironment - INFO - Material change on machine M3: Racebike_Bremsen_justiert -> Citybike_Fahrrad_endmontiert, setup time: 15
2025-04-07 19:36:53,839 - JSPGymEnvironment - INFO - Executed operation: Job J9, Op 5, Machine M3, Start: 4245.0, End: 4296.0, Setup: 15
2025-04-07 19:36:53,867 - JSPGymEnvironment - INFO - Material change on machine M2: E-Bike_Schaltauge_bearbeitet -> E-Bike_Fahrrad_endmontiert, setup time: 20
2025-04-07 19:36:53,867 - JSPGymEnvironment - INFO - Executed operation: Job J19, Op 6, Machine M2, Start: 4316.0, End: 4341.0, Setup: 20
2025-04-07 19:36:53,867 - JSPGymEnvironment - INFO - Job J19 completed at time 4341.0, deadline: 2737, met: False, priority: 8
2025-04-07 19:36:53,894 - JSPGymEnvironment - INFO - Material change on machine M3: Citybike_Fahrrad_endmontiert -> Mountainbike_Antrieb_installiert, setup time: 15
2025-04-07 19:36:53,894 - JSPGymEnvironment - INFO - Executed operation: Job J12, Op 2, Machine M3, Start: 4356.0, End: 4401.0, Setup: 15
2025-04-07 19:36:53,922 - JSPGymEnvironment - INFO - Material change on machine M2: E-Bike_Fahrrad_endmontiert -> E-Bike_Bremsaufnahme_gebohrt, setup time: 20
2025-04-07 19:36:53,922 - JSPGymEnvironment - INFO - Executed operation: Job J3, Op 3, Machine M2, Start: 4421.0, End: 4451.0, Setup: 20
2025-04-07 19:36:53,949 - JSPGymEnvironment - INFO - Material change on machine M2: E-Bike_Bremsaufnahme_gebohrt -> Racebike_Rahmen_nachbearbeitet, setup time: 20
2025-04-07 19:36:53,949 - JSPGymEnvironment - INFO - Executed operation: Job J10, Op 6, Machine M2, Start: 4471.0, End: 4482.0, Setup: 20
2025-04-07 19:36:53,977 - JSPGymEnvironment - INFO - Material change on machine M3: Mountainbike_Antrieb_installiert -> Citybike_Fahrrad_endmontiert, setup time: 15
2025-04-07 19:36:53,977 - JSPGymEnvironment - INFO - Executed operation: Job J9, Op 6, Machine M3, Start: 4497.0, End: 4520.0, Setup: 15
2025-04-07 19:36:53,977 - JSPGymEnvironment - INFO - Job J9 completed at time 4520.0, deadline: 2880, met: False, priority: 8
2025-04-07 19:36:54,005 - JSPGymEnvironment - INFO - Executed operation: Job J4, Op 5, Machine M2, Start: 4535.0, End: 4559.0, Setup: 15
2025-04-07 19:36:54,036 - JSPGymEnvironment - INFO - Material change on machine M2: Racebike_Rahmen_nachbearbeitet -> Racebike_Fahrrad_endmontiert, setup time: 20
2025-04-07 19:36:54,036 - JSPGymEnvironment - INFO - Executed operation: Job J10, Op 7, Machine M2, Start: 4579.0, End: 4591.0, Setup: 20
2025-04-07 19:36:54,036 - JSPGymEnvironment - INFO - Job J10 completed at time 4591.0, deadline: 2880, met: False, priority: 9
2025-04-07 19:36:54,072 - JSPGymEnvironment - INFO - Material change on machine M3: Citybike_Fahrrad_endmontiert -> Citybike_Bremsen_justiert, setup time: 15
2025-04-07 19:36:54,072 - JSPGymEnvironment - INFO - Executed operation: Job J8, Op 3, Machine M3, Start: 4606.0, End: 4664.0, Setup: 15
2025-04-07 19:36:54,103 - JSPGymEnvironment - INFO - Material change on machine M2: Racebike_Fahrrad_endmontiert -> Citybike_Rahmen_nachbearbeitet, setup time: 20
2025-04-07 19:36:54,103 - JSPGymEnvironment - INFO - Executed operation: Job J14, Op 6, Machine M2, Start: 4684.0, End: 4708.0, Setup: 20
2025-04-07 19:36:54,137 - JSPGymEnvironment - INFO - Material change on machine M3: Citybike_Bremsen_justiert -> Citybike_Fahrrad_endmontiert, setup time: 15
2025-04-07 19:36:54,137 - JSPGymEnvironment - INFO - Executed operation: Job J8, Op 4, Machine M3, Start: 4723.0, End: 4772.0, Setup: 15
2025-04-07 19:36:54,169 - JSPGymEnvironment - INFO - Material change on machine M2: Citybike_Rahmen_nachbearbeitet -> Mountainbike_Bremsaufnahme_gebohrt, setup time: 20
2025-04-07 19:36:54,169 - JSPGymEnvironment - INFO - Executed operation: Job J5, Op 3, Machine M2, Start: 4792.0, End: 4807.0, Setup: 20
2025-04-07 19:36:54,350 - JSPGymEnvironment - INFO - Material change on machine M2: Mountainbike_Bremsaufnahme_gebohrt -> E-Bike_Rahmen_nachbearbeitet, setup time: 20
2025-04-07 19:36:54,350 - JSPGymEnvironment - INFO - Executed operation: Job J3, Op 4, Machine M2, Start: 4827.0, End: 4844.0, Setup: 20
2025-04-07 19:36:54,379 - JSPGymEnvironment - INFO - Material change on machine M2: E-Bike_Rahmen_nachbearbeitet -> Citybike_Fahrrad_endmontiert, setup time: 20
2025-04-07 19:36:54,379 - JSPGymEnvironment - INFO - Executed operation: Job J8, Op 5, Machine M2, Start: 4864.0, End: 4894.0, Setup: 20
2025-04-07 19:36:54,380 - JSPGymEnvironment - INFO - Job J8 completed at time 4894.0, deadline: 2762, met: False, priority: 5
2025-04-07 19:36:54,410 - JSPGymEnvironment - INFO - Material change on machine M3: Citybike_Fahrrad_endmontiert -> Racebike_Fahrrad_endmontiert, setup time: 15
2025-04-07 19:36:54,410 - JSPGymEnvironment - INFO - Executed operation: Job J4, Op 6, Machine M3, Start: 4909.0, End: 4935.0, Setup: 15
2025-04-07 19:36:54,410 - JSPGymEnvironment - INFO - Job J4 completed at time 4935.0, deadline: 2757, met: False, priority: 7
2025-04-07 19:36:54,441 - JSPGymEnvironment - INFO - Material change on machine M3: Racebike_Fahrrad_endmontiert -> Mountainbike_Bremsen_justiert, setup time: 15
2025-04-07 19:36:54,441 - JSPGymEnvironment - INFO - Executed operation: Job J20, Op 3, Machine M3, Start: 4950.0, End: 4991.0, Setup: 15
2025-04-07 19:36:54,476 - JSPGymEnvironment - INFO - Executed operation: Job J14, Op 7, Machine M2, Start: 5006.0, End: 5027.0, Setup: 15
2025-04-07 19:36:54,476 - JSPGymEnvironment - INFO - Job J14 completed at time 5027.0, deadline: 2880, met: False, priority: 3
2025-04-07 19:36:54,506 - JSPGymEnvironment - INFO - Material change on machine M2: Citybike_Fahrrad_endmontiert -> Racebike_Bremsaufnahme_gebohrt, setup time: 20
2025-04-07 19:36:54,506 - JSPGymEnvironment - INFO - Executed operation: Job J1, Op 3, Machine M2, Start: 5047.0, End: 5065.0, Setup: 20
2025-04-07 19:36:54,535 - JSPGymEnvironment - INFO - Material change on machine M2: Racebike_Bremsaufnahme_gebohrt -> Mountainbike_Rahmen_nachbearbeitet, setup time: 20
2025-04-07 19:36:54,535 - JSPGymEnvironment - INFO - Executed operation: Job J5, Op 4, Machine M2, Start: 5085.0, End: 5115.0, Setup: 20
2025-04-07 19:36:54,566 - JSPGymEnvironment - INFO - Material change on machine M3: Mountainbike_Bremsen_justiert -> Racebike_Fahrrad_endmontiert, setup time: 15
2025-04-07 19:36:54,566 - JSPGymEnvironment - INFO - Executed operation: Job J6, Op 4, Machine M3, Start: 5130.0, End: 5171.0, Setup: 15
2025-04-07 19:36:54,566 - JSPGymEnvironment - INFO - Job J6 completed at time 5171.0, deadline: 2880, met: False, priority: 10
2025-04-07 19:36:54,596 - JSPGymEnvironment - INFO - Material change on machine M2: Mountainbike_Rahmen_nachbearbeitet -> Racebike_Rahmen_nachbearbeitet, setup time: 20
2025-04-07 19:36:54,596 - JSPGymEnvironment - INFO - Executed operation: Job J1, Op 4, Machine M2, Start: 5191.0, End: 5213.0, Setup: 20
2025-04-07 19:36:54,625 - JSPGymEnvironment - INFO - Material change on machine M2: Racebike_Rahmen_nachbearbeitet -> Mountainbike_Fahrrad_endmontiert, setup time: 20
2025-04-07 19:36:54,625 - JSPGymEnvironment - INFO - Executed operation: Job J5, Op 5, Machine M2, Start: 5233.0, End: 5255.0, Setup: 20
2025-04-07 19:36:54,626 - JSPGymEnvironment - INFO - Job J5 completed at time 5255.0, deadline: 2880, met: False, priority: 1
2025-04-07 19:36:54,654 - JSPGymEnvironment - INFO - Material change on machine M1: E-Bike_Hauptrahmen_zugeschnitten -> Racebike_Hauptrahmen_zugeschnitten, setup time: 40
2025-04-07 19:36:54,655 - JSPGymEnvironment - INFO - Executed operation: Job J7, Op 0, Machine M1, Start: 5295.0, End: 5330.0, Setup: 40
2025-04-07 19:36:54,686 - JSPGymEnvironment - INFO - Material change on machine M3: Racebike_Fahrrad_endmontiert -> E-Bike_Antrieb_installiert, setup time: 15
2025-04-07 19:36:54,686 - JSPGymEnvironment - INFO - Executed operation: Job J13, Op 2, Machine M3, Start: 5345.0, End: 5398.0, Setup: 15
2025-04-07 19:36:54,715 - JSPGymEnvironment - INFO - Material change on machine M2: Mountainbike_Fahrrad_endmontiert -> Mountainbike_Rahmen_nachbearbeitet, setup time: 20
2025-04-07 19:36:54,716 - JSPGymEnvironment - INFO - Executed operation: Job J20, Op 4, Machine M2, Start: 5418.0, End: 5435.0, Setup: 20
2025-04-07 19:36:54,746 - JSPGymEnvironment - INFO - Material change on machine M2: Mountainbike_Rahmen_nachbearbeitet -> Racebike_Fahrrad_endmontiert, setup time: 20
2025-04-07 19:36:54,746 - JSPGymEnvironment - INFO - Executed operation: Job J1, Op 5, Machine M2, Start: 5455.0, End: 5467.0, Setup: 20
2025-04-07 19:36:54,746 - JSPGymEnvironment - INFO - Job J1 completed at time 5467.0, deadline: 2790, met: False, priority: 7
2025-04-07 19:36:54,776 - JSPGymEnvironment - INFO - Material change on machine M2: Racebike_Fahrrad_endmontiert -> Mountainbike_Bremsaufnahme_gebohrt, setup time: 20
2025-04-07 19:36:54,776 - JSPGymEnvironment - INFO - Executed operation: Job J12, Op 3, Machine M2, Start: 5487.0, End: 5513.0, Setup: 20
2025-04-07 19:36:54,964 - JSPGymEnvironment - INFO - Material change on machine M2: Mountainbike_Bremsaufnahme_gebohrt -> E-Bike_Bremsaufnahme_gebohrt, setup time: 20
2025-04-07 19:36:54,964 - JSPGymEnvironment - INFO - Executed operation: Job J13, Op 3, Machine M2, Start: 5533.0, End: 5555.0, Setup: 20
2025-04-07 19:36:54,993 - JSPGymEnvironment - INFO - Material change on machine M2: E-Bike_Bremsaufnahme_gebohrt -> E-Bike_Rahmen_nachbearbeitet, setup time: 20
2025-04-07 19:36:54,993 - JSPGymEnvironment - INFO - Executed operation: Job J3, Op 5, Machine M2, Start: 5575.0, End: 5596.0, Setup: 20
2025-04-07 19:36:55,021 - JSPGymEnvironment - INFO - Material change on machine M3: E-Bike_Antrieb_installiert -> Mountainbike_Fahrrad_endmontiert, setup time: 15
2025-04-07 19:36:55,021 - JSPGymEnvironment - INFO - Executed operation: Job J20, Op 5, Machine M3, Start: 5611.0, End: 5636.0, Setup: 15
2025-04-07 19:36:55,051 - JSPGymEnvironment - INFO - Material change on machine M3: Mountainbike_Fahrrad_endmontiert -> E-Bike_Fahrrad_endmontiert, setup time: 15
2025-04-07 19:36:55,051 - JSPGymEnvironment - INFO - Executed operation: Job J13, Op 4, Machine M3, Start: 5651.0, End: 5704.0, Setup: 15
2025-04-07 19:36:55,052 - JSPGymEnvironment - INFO - Job J13 completed at time 5704.0, deadline: 2863, met: False, priority: 7
2025-04-07 19:36:55,080 - JSPGymEnvironment - INFO - Material change on machine M3: E-Bike_Fahrrad_endmontiert -> Mountainbike_Fahrrad_endmontiert, setup time: 15
2025-04-07 19:36:55,080 - JSPGymEnvironment - INFO - Executed operation: Job J20, Op 6, Machine M3, Start: 5719.0, End: 5759.0, Setup: 15
2025-04-07 19:36:55,080 - JSPGymEnvironment - INFO - Job J20 completed at time 5759.0, deadline: 2744, met: False, priority: 3
2025-04-07 19:36:55,108 - JSPGymEnvironment - INFO - Material change on machine M2: E-Bike_Rahmen_nachbearbeitet -> E-Bike_Fahrrad_endmontiert, setup time: 20
2025-04-07 19:36:55,108 - JSPGymEnvironment - INFO - Executed operation: Job J3, Op 6, Machine M2, Start: 5779.0, End: 5789.0, Setup: 20
2025-04-07 19:36:55,108 - JSPGymEnvironment - INFO - Job J3 completed at time 5789.0, deadline: 2862, met: False, priority: 8
2025-04-07 19:36:55,136 - JSPGymEnvironment - INFO - Material change on machine M3: Mountainbike_Fahrrad_endmontiert -> Racebike_Fahrrad_endmontiert, setup time: 15
2025-04-07 19:36:55,136 - JSPGymEnvironment - INFO - Executed operation: Job J15, Op 7, Machine M3, Start: 5804.0, End: 5850.0, Setup: 15
2025-04-07 19:36:55,136 - JSPGymEnvironment - INFO - Job J15 completed at time 5850.0, deadline: 2833, met: False, priority: 10
2025-04-07 19:36:55,164 - JSPGymEnvironment - INFO - Material change on machine M2: E-Bike_Fahrrad_endmontiert -> Mountainbike_Rahmen_nachbearbeitet, setup time: 20
2025-04-07 19:36:55,164 - JSPGymEnvironment - INFO - Executed operation: Job J12, Op 4, Machine M2, Start: 5870.0, End: 5898.0, Setup: 20
2025-04-07 19:36:55,194 - JSPGymEnvironment - INFO - Executed operation: Job J12, Op 5, Machine M2, Start: 5913.0, End: 5941.0, Setup: 15
2025-04-07 19:36:55,225 - JSPGymEnvironment - INFO - Material change on machine M2: Mountainbike_Rahmen_nachbearbeitet -> Mountainbike_Fahrrad_endmontiert, setup time: 20
2025-04-07 19:36:55,225 - JSPGymEnvironment - INFO - Executed operation: Job J12, Op 6, Machine M2, Start: 5961.0, End: 5983.0, Setup: 20
2025-04-07 19:36:55,225 - JSPGymEnvironment - INFO - Job J12 completed at time 5983.0, deadline: 2863, met: False, priority: 2
2025-04-07 19:36:55,256 - JSPGymEnvironment - INFO - Material change on machine M2: Mountainbike_Fahrrad_endmontiert -> Racebike_Schaltauge_bearbeitet, setup time: 20
2025-04-07 19:36:55,256 - JSPGymEnvironment - INFO - Executed operation: Job J7, Op 1, Machine M2, Start: 6003.0, End: 6026.0, Setup: 20
2025-04-07 19:36:55,289 - JSPGymEnvironment - INFO - Material change on machine M3: Racebike_Fahrrad_endmontiert -> Racebike_Antrieb_installiert, setup time: 15
2025-04-07 19:36:55,289 - JSPGymEnvironment - INFO - Executed operation: Job J7, Op 2, Machine M3, Start: 6041.0, End: 6065.0, Setup: 15
2025-04-07 19:36:55,324 - JSPGymEnvironment - INFO - Material change on machine M2: Racebike_Schaltauge_bearbeitet -> Racebike_Bremsaufnahme_gebohrt, setup time: 20
2025-04-07 19:36:55,324 - JSPGymEnvironment - INFO - Executed operation: Job J7, Op 3, Machine M2, Start: 6085.0, End: 6108.0, Setup: 20
2025-04-07 19:36:55,356 - JSPGymEnvironment - INFO - Material change on machine M2: Racebike_Bremsaufnahme_gebohrt -> Racebike_Rahmen_nachbearbeitet, setup time: 20
2025-04-07 19:36:55,356 - JSPGymEnvironment - INFO - Executed operation: Job J7, Op 4, Machine M2, Start: 6128.0, End: 6154.0, Setup: 20
2025-04-07 19:36:55,529 - JSPGymEnvironment - INFO - Executed operation: Job J7, Op 5, Machine M2, Start: 6169.0, End: 6187.0, Setup: 15
2025-04-07 19:36:55,558 - JSPGymEnvironment - INFO - Executed operation: Job J7, Op 6, Machine M2, Start: 6202.0, End: 6217.0, Setup: 15
2025-04-07 19:36:55,586 - JSPGymEnvironment - INFO - Material change on machine M2: Racebike_Rahmen_nachbearbeitet -> Racebike_Fahrrad_endmontiert, setup time: 20
2025-04-07 19:36:55,586 - JSPGymEnvironment - INFO - Executed operation: Job J7, Op 7, Machine M2, Start: 6237.0, End: 6262.0, Setup: 20
2025-04-07 19:36:55,586 - JSPGymEnvironment - INFO - Job J7 completed at time 6262.0, deadline: 2880, met: False, priority: 9
2025-04-07 19:38:54,169 - JSPGymEnvironment - INFO - Environment reset
2025-04-07 19:38:54,217 - JSPGymEnvironment - INFO - Material change on machine M1:  -> Racebike_Hauptrahmen_zugeschnitten, setup time: 0
2025-04-07 19:38:54,217 - JSPGymEnvironment - INFO - Executed operation: Job J7, Op 0, Machine M1, Start: 0.0, End: 35.0, Setup: 0
2025-04-07 19:38:54,247 - JSPGymEnvironment - INFO - Material change on machine M1: Racebike_Hauptrahmen_zugeschnitten -> Citybike_Hauptrahmen_zugeschnitten, setup time: 40
2025-04-07 19:38:54,248 - JSPGymEnvironment - INFO - Executed operation: Job J17, Op 0, Machine M1, Start: 75.0, End: 113.0, Setup: 40
2025-04-07 19:38:54,275 - JSPGymEnvironment - INFO - Material change on machine M1: Citybike_Hauptrahmen_zugeschnitten -> Mountainbike_Hauptrahmen_zugeschnitten, setup time: 40
2025-04-07 19:38:54,276 - JSPGymEnvironment - INFO - Executed operation: Job J18, Op 0, Machine M1, Start: 153.0, End: 175.0, Setup: 40
2025-04-07 19:38:54,304 - JSPGymEnvironment - INFO - Material change on machine M1: Mountainbike_Hauptrahmen_zugeschnitten -> Citybike_Hauptrahmen_zugeschnitten, setup time: 40
2025-04-07 19:38:54,304 - JSPGymEnvironment - INFO - Executed operation: Job J2, Op 0, Machine M1, Start: 215.0, End: 231.0, Setup: 40
2025-04-07 19:38:54,334 - JSPGymEnvironment - INFO - Material change on machine M2:  -> Racebike_Schaltauge_bearbeitet, setup time: 0
2025-04-07 19:38:54,334 - JSPGymEnvironment - INFO - Executed operation: Job J7, Op 1, Machine M2, Start: 231.0, End: 254.0, Setup: 0
2025-04-07 19:38:54,360 - JSPGymEnvironment - INFO - Material change on machine M1: Citybike_Hauptrahmen_zugeschnitten -> E-Bike_Hauptrahmen_zugeschnitten, setup time: 40
2025-04-07 19:38:54,360 - JSPGymEnvironment - INFO - Executed operation: Job J13, Op 0, Machine M1, Start: 294.0, End: 335.0, Setup: 40
2025-04-07 19:38:54,388 - JSPGymEnvironment - INFO - Material change on machine M2: Racebike_Schaltauge_bearbeitet -> E-Bike_Schaltauge_bearbeitet, setup time: 20
2025-04-07 19:38:54,389 - JSPGymEnvironment - INFO - Executed operation: Job J13, Op 1, Machine M2, Start: 355.0, End: 378.0, Setup: 20
2025-04-07 19:38:54,417 - JSPGymEnvironment - INFO - Material change on machine M3:  -> Racebike_Antrieb_installiert, setup time: 0
2025-04-07 19:38:54,417 - JSPGymEnvironment - INFO - Executed operation: Job J7, Op 2, Machine M3, Start: 378.0, End: 402.0, Setup: 0
2025-04-07 19:38:54,443 - JSPGymEnvironment - INFO - Material change on machine M2: E-Bike_Schaltauge_bearbeitet -> Racebike_Bremsaufnahme_gebohrt, setup time: 20
2025-04-07 19:38:54,443 - JSPGymEnvironment - INFO - Executed operation: Job J7, Op 3, Machine M2, Start: 422.0, End: 445.0, Setup: 20
2025-04-07 19:38:54,880 - JSPGymEnvironment - INFO - Material change on machine M1: E-Bike_Hauptrahmen_zugeschnitten -> Mountainbike_Hauptrahmen_zugeschnitten, setup time: 40
2025-04-07 19:38:54,880 - JSPGymEnvironment - INFO - Executed operation: Job J12, Op 0, Machine M1, Start: 485.0, End: 516.0, Setup: 40
2025-04-07 19:38:54,914 - JSPGymEnvironment - INFO - Material change on machine M2: Racebike_Bremsaufnahme_gebohrt -> Citybike_Schaltauge_bearbeitet, setup time: 20
2025-04-07 19:38:54,914 - JSPGymEnvironment - INFO - Executed operation: Job J2, Op 1, Machine M2, Start: 536.0, End: 546.0, Setup: 20
2025-04-07 19:38:54,944 - JSPGymEnvironment - INFO - Material change on machine M3: Racebike_Antrieb_installiert -> E-Bike_Antrieb_installiert, setup time: 15
2025-04-07 19:38:54,944 - JSPGymEnvironment - INFO - Executed operation: Job J13, Op 2, Machine M3, Start: 561.0, End: 614.0, Setup: 15
2025-04-07 19:38:54,975 - JSPGymEnvironment - INFO - Material change on machine M1: Mountainbike_Hauptrahmen_zugeschnitten -> Racebike_Hauptrahmen_zugeschnitten, setup time: 40
2025-04-07 19:38:54,975 - JSPGymEnvironment - INFO - Executed operation: Job J16, Op 0, Machine M1, Start: 654.0, End: 680.0, Setup: 40
2025-04-07 19:38:55,010 - JSPGymEnvironment - INFO - Material change on machine M2: Citybike_Schaltauge_bearbeitet -> Racebike_Rahmen_nachbearbeitet, setup time: 20
2025-04-07 19:38:55,010 - JSPGymEnvironment - INFO - Executed operation: Job J7, Op 4, Machine M2, Start: 700.0, End: 726.0, Setup: 20
2025-04-07 19:38:55,040 - JSPGymEnvironment - INFO - Material change on machine M1: Racebike_Hauptrahmen_zugeschnitten -> Citybike_Hauptrahmen_zugeschnitten, setup time: 40
2025-04-07 19:38:55,040 - JSPGymEnvironment - INFO - Executed operation: Job J8, Op 0, Machine M1, Start: 766.0, End: 785.0, Setup: 40
2025-04-07 19:38:55,070 - JSPGymEnvironment - INFO - Material change on machine M3: E-Bike_Antrieb_installiert -> Citybike_Antrieb_installiert, setup time: 15
2025-04-07 19:38:55,070 - JSPGymEnvironment - INFO - Executed operation: Job J2, Op 2, Machine M3, Start: 800.0, End: 828.0, Setup: 15
2025-04-07 19:38:55,100 - JSPGymEnvironment - INFO - Material change on machine M1: Citybike_Hauptrahmen_zugeschnitten -> Mountainbike_Hauptrahmen_zugeschnitten, setup time: 40
2025-04-07 19:38:55,100 - JSPGymEnvironment - INFO - Executed operation: Job J5, Op 0, Machine M1, Start: 868.0, End: 904.0, Setup: 40
2025-04-07 19:38:55,129 - JSPGymEnvironment - INFO - Executed operation: Job J7, Op 5, Machine M2, Start: 919.0, End: 937.0, Setup: 15
2025-04-07 19:38:55,161 - JSPGymEnvironment - INFO - Material change on machine M2: Racebike_Rahmen_nachbearbeitet -> Mountainbike_Schaltauge_bearbeitet, setup time: 20
2025-04-07 19:38:55,161 - JSPGymEnvironment - INFO - Executed operation: Job J18, Op 1, Machine M2, Start: 957.0, End: 977.0, Setup: 20
2025-04-07 19:38:55,198 - JSPGymEnvironment - INFO - Material change on machine M1: Mountainbike_Hauptrahmen_zugeschnitten -> Racebike_Hauptrahmen_zugeschnitten, setup time: 40
2025-04-07 19:38:55,198 - JSPGymEnvironment - INFO - Executed operation: Job J1, Op 0, Machine M1, Start: 1017.0, End: 1057.0, Setup: 40
2025-04-07 19:38:55,234 - JSPGymEnvironment - INFO - Material change on machine M2: Mountainbike_Schaltauge_bearbeitet -> Racebike_Rahmen_nachbearbeitet, setup time: 20
2025-04-07 19:38:55,234 - JSPGymEnvironment - INFO - Executed operation: Job J7, Op 6, Machine M2, Start: 1077.0, End: 1092.0, Setup: 20
2025-04-07 19:38:55,276 - JSPGymEnvironment - INFO - Material change on machine M2: Racebike_Rahmen_nachbearbeitet -> Racebike_Fahrrad_endmontiert, setup time: 20
2025-04-07 19:38:55,276 - JSPGymEnvironment - INFO - Executed operation: Job J7, Op 7, Machine M2, Start: 1112.0, End: 1137.0, Setup: 20
2025-04-07 19:38:55,276 - JSPGymEnvironment - INFO - Job J7 completed at time 1137.0, deadline: 2880, met: True, priority: 9
2025-04-07 19:38:55,316 - JSPGymEnvironment - INFO - Material change on machine M2: Racebike_Fahrrad_endmontiert -> Racebike_Schaltauge_bearbeitet, setup time: 20
2025-04-07 19:38:55,316 - JSPGymEnvironment - INFO - Executed operation: Job J16, Op 1, Machine M2, Start: 1157.0, End: 1172.0, Setup: 20
2025-04-07 19:38:55,355 - JSPGymEnvironment - INFO - Executed operation: Job J4, Op 0, Machine M1, Start: 1197.0, End: 1222.0, Setup: 25
2025-04-07 19:38:55,617 - JSPGymEnvironment - INFO - Executed operation: Job J15, Op 0, Machine M1, Start: 1247.0, End: 1270.0, Setup: 25
2025-04-07 19:38:55,665 - JSPGymEnvironment - INFO - Material change on machine M1: Racebike_Hauptrahmen_zugeschnitten -> Citybike_Hauptrahmen_zugeschnitten, setup time: 40
2025-04-07 19:38:55,665 - JSPGymEnvironment - INFO - Executed operation: Job J14, Op 0, Machine M1, Start: 1310.0, End: 1328.0, Setup: 40
2025-04-07 19:38:55,729 - JSPGymEnvironment - INFO - Material change on machine M1: Citybike_Hauptrahmen_zugeschnitten -> E-Bike_Hauptrahmen_zugeschnitten, setup time: 40
2025-04-07 19:38:55,729 - JSPGymEnvironment - INFO - Executed operation: Job J3, Op 0, Machine M1, Start: 1368.0, End: 1402.0, Setup: 40
2025-04-07 19:38:55,769 - JSPGymEnvironment - INFO - Material change on machine M3: Citybike_Antrieb_installiert -> Racebike_Antrieb_installiert, setup time: 15
2025-04-07 19:38:55,769 - JSPGymEnvironment - INFO - Executed operation: Job J16, Op 2, Machine M3, Start: 1417.0, End: 1447.0, Setup: 15
2025-04-07 19:38:55,816 - JSPGymEnvironment - INFO - Material change on machine M2: Racebike_Schaltauge_bearbeitet -> E-Bike_Schaltauge_bearbeitet, setup time: 20
2025-04-07 19:38:55,820 - JSPGymEnvironment - INFO - Executed operation: Job J3, Op 1, Machine M2, Start: 1467.0, End: 1487.0, Setup: 20
2025-04-07 19:38:55,854 - JSPGymEnvironment - INFO - Material change on machine M1: E-Bike_Hauptrahmen_zugeschnitten -> Mountainbike_Hauptrahmen_zugeschnitten, setup time: 40
2025-04-07 19:38:55,855 - JSPGymEnvironment - INFO - Executed operation: Job J20, Op 0, Machine M1, Start: 1527.0, End: 1546.0, Setup: 40
2025-04-07 19:38:55,885 - JSPGymEnvironment - INFO - Material change on machine M3: Racebike_Antrieb_installiert -> Mountainbike_Antrieb_installiert, setup time: 15
2025-04-07 19:38:55,885 - JSPGymEnvironment - INFO - Executed operation: Job J18, Op 2, Machine M3, Start: 1561.0, End: 1590.0, Setup: 15
2025-04-07 19:38:55,920 - JSPGymEnvironment - INFO - Material change on machine M2: E-Bike_Schaltauge_bearbeitet -> Racebike_Schaltauge_bearbeitet, setup time: 20
2025-04-07 19:38:55,920 - JSPGymEnvironment - INFO - Executed operation: Job J15, Op 1, Machine M2, Start: 1610.0, End: 1623.0, Setup: 20
2025-04-07 19:38:55,952 - JSPGymEnvironment - INFO - Material change on machine M2: Racebike_Schaltauge_bearbeitet -> Mountainbike_Schaltauge_bearbeitet, setup time: 20
2025-04-07 19:38:55,952 - JSPGymEnvironment - INFO - Executed operation: Job J5, Op 1, Machine M2, Start: 1643.0, End: 1658.0, Setup: 20
2025-04-07 19:38:55,982 - JSPGymEnvironment - INFO - Material change on machine M2: Mountainbike_Schaltauge_bearbeitet -> Racebike_Schaltauge_bearbeitet, setup time: 20
2025-04-07 19:38:55,982 - JSPGymEnvironment - INFO - Executed operation: Job J1, Op 1, Machine M2, Start: 1678.0, End: 1694.0, Setup: 20
2025-04-07 19:38:56,011 - JSPGymEnvironment - INFO - Material change on machine M3: Mountainbike_Antrieb_installiert -> Racebike_Antrieb_installiert, setup time: 15
2025-04-07 19:38:56,011 - JSPGymEnvironment - INFO - Executed operation: Job J1, Op 2, Machine M3, Start: 1709.0, End: 1745.0, Setup: 15
2025-04-07 19:38:56,039 - JSPGymEnvironment - INFO - Material change on machine M2: Racebike_Schaltauge_bearbeitet -> Citybike_Schaltauge_bearbeitet, setup time: 20
2025-04-07 19:38:56,039 - JSPGymEnvironment - INFO - Executed operation: Job J14, Op 1, Machine M2, Start: 1765.0, End: 1781.0, Setup: 20
2025-04-07 19:38:56,067 - JSPGymEnvironment - INFO - Material change on machine M1: Mountainbike_Hauptrahmen_zugeschnitten -> Citybike_Hauptrahmen_zugeschnitten, setup time: 40
2025-04-07 19:38:56,068 - JSPGymEnvironment - INFO - Executed operation: Job J11, Op 0, Machine M1, Start: 1821.0, End: 1852.0, Setup: 40
2025-04-07 19:38:56,097 - JSPGymEnvironment - INFO - Executed operation: Job J17, Op 1, Machine M2, Start: 1867.0, End: 1887.0, Setup: 15
2025-04-07 19:38:56,292 - JSPGymEnvironment - INFO - Material change on machine M2: Citybike_Schaltauge_bearbeitet -> Racebike_Bremsaufnahme_gebohrt, setup time: 20
2025-04-07 19:38:56,292 - JSPGymEnvironment - INFO - Executed operation: Job J16, Op 3, Machine M2, Start: 1907.0, End: 1930.0, Setup: 20
2025-04-07 19:38:56,319 - JSPGymEnvironment - INFO - Material change on machine M2: Racebike_Bremsaufnahme_gebohrt -> Mountainbike_Schaltauge_bearbeitet, setup time: 20
2025-04-07 19:38:56,319 - JSPGymEnvironment - INFO - Executed operation: Job J20, Op 1, Machine M2, Start: 1950.0, End: 1975.0, Setup: 20
2025-04-07 19:38:56,346 - JSPGymEnvironment - INFO - Executed operation: Job J15, Op 2, Machine M3, Start: 1985.0, End: 2020.0, Setup: 10
2025-04-07 19:38:56,376 - JSPGymEnvironment - INFO - Material change on machine M3: Racebike_Antrieb_installiert -> Citybike_Antrieb_installiert, setup time: 15
2025-04-07 19:38:56,376 - JSPGymEnvironment - INFO - Executed operation: Job J17, Op 2, Machine M3, Start: 2035.0, End: 2069.0, Setup: 15
2025-04-07 19:38:56,414 - JSPGymEnvironment - INFO - Material change on machine M2: Mountainbike_Schaltauge_bearbeitet -> E-Bike_Bremsaufnahme_gebohrt, setup time: 20
2025-04-07 19:38:56,414 - JSPGymEnvironment - INFO - Executed operation: Job J13, Op 3, Machine M2, Start: 2089.0, End: 2111.0, Setup: 20
2025-04-07 19:38:56,455 - JSPGymEnvironment - INFO - Material change on machine M3: Citybike_Antrieb_installiert -> E-Bike_Fahrrad_endmontiert, setup time: 15
2025-04-07 19:38:56,455 - JSPGymEnvironment - INFO - Executed operation: Job J13, Op 4, Machine M3, Start: 2126.0, End: 2179.0, Setup: 15
2025-04-07 19:38:56,455 - JSPGymEnvironment - INFO - Job J13 completed at time 2179.0, deadline: 2863, met: True, priority: 7
2025-04-07 19:38:56,492 - JSPGymEnvironment - INFO - Material change on machine M2: E-Bike_Bremsaufnahme_gebohrt -> Racebike_Schaltauge_bearbeitet, setup time: 20
2025-04-07 19:38:56,493 - JSPGymEnvironment - INFO - Executed operation: Job J4, Op 1, Machine M2, Start: 2199.0, End: 2214.0, Setup: 20
2025-04-07 19:38:56,531 - JSPGymEnvironment - INFO - Material change on machine M1: Citybike_Hauptrahmen_zugeschnitten -> Racebike_Hauptrahmen_zugeschnitten, setup time: 40
2025-04-07 19:38:56,531 - JSPGymEnvironment - INFO - Executed operation: Job J6, Op 0, Machine M1, Start: 2254.0, End: 2290.0, Setup: 40
2025-04-07 19:38:56,562 - JSPGymEnvironment - INFO - Material change on machine M2: Racebike_Schaltauge_bearbeitet -> Mountainbike_Schaltauge_bearbeitet, setup time: 20
2025-04-07 19:38:56,562 - JSPGymEnvironment - INFO - Executed operation: Job J12, Op 1, Machine M2, Start: 2310.0, End: 2332.0, Setup: 20
2025-04-07 19:38:56,595 - JSPGymEnvironment - INFO - Material change on machine M3: E-Bike_Fahrrad_endmontiert -> Racebike_Antrieb_installiert, setup time: 15
2025-04-07 19:38:56,595 - JSPGymEnvironment - INFO - Executed operation: Job J4, Op 2, Machine M3, Start: 2347.0, End: 2387.0, Setup: 15
2025-04-07 19:38:56,625 - JSPGymEnvironment - INFO - Material change on machine M2: Mountainbike_Schaltauge_bearbeitet -> Racebike_Bremsaufnahme_gebohrt, setup time: 20
2025-04-07 19:38:56,625 - JSPGymEnvironment - INFO - Executed operation: Job J1, Op 3, Machine M2, Start: 2407.0, End: 2425.0, Setup: 20
2025-04-07 19:38:56,656 - JSPGymEnvironment - INFO - Material change on machine M2: Racebike_Bremsaufnahme_gebohrt -> Racebike_Rahmen_nachbearbeitet, setup time: 20
2025-04-07 19:38:56,657 - JSPGymEnvironment - INFO - Executed operation: Job J16, Op 4, Machine M2, Start: 2445.0, End: 2459.0, Setup: 20
2025-04-07 19:38:56,694 - JSPGymEnvironment - INFO - Executed operation: Job J1, Op 4, Machine M2, Start: 2474.0, End: 2496.0, Setup: 15
2025-04-07 19:38:56,741 - JSPGymEnvironment - INFO - Material change on machine M2: Racebike_Rahmen_nachbearbeitet -> Citybike_Schaltauge_bearbeitet, setup time: 20
2025-04-07 19:38:56,741 - JSPGymEnvironment - INFO - Executed operation: Job J11, Op 1, Machine M2, Start: 2516.0, End: 2529.0, Setup: 20
2025-04-07 19:38:56,782 - JSPGymEnvironment - INFO - Material change on machine M2: Citybike_Schaltauge_bearbeitet -> Racebike_Bremsaufnahme_gebohrt, setup time: 20
2025-04-07 19:38:56,782 - JSPGymEnvironment - INFO - Executed operation: Job J4, Op 3, Machine M2, Start: 2549.0, End: 2563.0, Setup: 20
2025-04-07 19:38:56,814 - JSPGymEnvironment - INFO - Material change on machine M2: Racebike_Bremsaufnahme_gebohrt -> Racebike_Schaltauge_bearbeitet, setup time: 20
2025-04-07 19:38:56,814 - JSPGymEnvironment - INFO - Executed operation: Job J6, Op 1, Machine M2, Start: 2583.0, End: 2596.0, Setup: 20
2025-04-07 19:38:56,852 - JSPGymEnvironment - INFO - Material change on machine M2: Racebike_Schaltauge_bearbeitet -> Citybike_Bremsaufnahme_gebohrt, setup time: 20
2025-04-07 19:38:56,852 - JSPGymEnvironment - INFO - Executed operation: Job J2, Op 3, Machine M2, Start: 2616.0, End: 2637.0, Setup: 20
2025-04-07 19:38:57,127 - JSPGymEnvironment - INFO - Material change on machine M3: Racebike_Antrieb_installiert -> Citybike_Bremsen_justiert, setup time: 15
2025-04-07 19:38:57,127 - JSPGymEnvironment - INFO - Executed operation: Job J17, Op 3, Machine M3, Start: 2652.0, End: 2678.0, Setup: 15
2025-04-07 19:38:57,161 - JSPGymEnvironment - INFO - Material change on machine M1: Racebike_Hauptrahmen_zugeschnitten -> E-Bike_Hauptrahmen_zugeschnitten, setup time: 40
2025-04-07 19:38:57,161 - JSPGymEnvironment - INFO - Executed operation: Job J19, Op 0, Machine M1, Start: 2718.0, End: 2733.0, Setup: 40
2025-04-07 19:38:57,194 - JSPGymEnvironment - INFO - Material change on machine M3: Citybike_Bremsen_justiert -> Citybike_Antrieb_installiert, setup time: 15
2025-04-07 19:38:57,194 - JSPGymEnvironment - INFO - Executed operation: Job J14, Op 2, Machine M3, Start: 2748.0, End: 2770.0, Setup: 15
2025-04-07 19:38:57,226 - JSPGymEnvironment - INFO - Material change on machine M3: Citybike_Antrieb_installiert -> Mountainbike_Antrieb_installiert, setup time: 15
2025-04-07 19:38:57,226 - JSPGymEnvironment - INFO - Executed operation: Job J20, Op 2, Machine M3, Start: 2785.0, End: 2809.0, Setup: 15
2025-04-07 19:38:57,257 - JSPGymEnvironment - INFO - Material change on machine M2: Citybike_Bremsaufnahme_gebohrt -> Citybike_Schaltauge_bearbeitet, setup time: 20
2025-04-07 19:38:57,258 - JSPGymEnvironment - INFO - Executed operation: Job J8, Op 1, Machine M2, Start: 2829.0, End: 2842.0, Setup: 20
2025-04-07 19:38:57,292 - JSPGymEnvironment - INFO - Material change on machine M3: Mountainbike_Antrieb_installiert -> Citybike_Antrieb_installiert, setup time: 15
2025-04-07 19:38:57,292 - JSPGymEnvironment - INFO - Executed operation: Job J11, Op 2, Machine M3, Start: 2857.0, End: 2899.0, Setup: 15
2025-04-07 19:38:57,327 - JSPGymEnvironment - INFO - Material change on machine M2: Citybike_Schaltauge_bearbeitet -> E-Bike_Schaltauge_bearbeitet, setup time: 20
2025-04-07 19:38:57,327 - JSPGymEnvironment - INFO - Executed operation: Job J19, Op 1, Machine M2, Start: 2919.0, End: 2949.0, Setup: 20
2025-04-07 19:38:57,365 - JSPGymEnvironment - INFO - Material change on machine M3: Citybike_Antrieb_installiert -> Mountainbike_Bremsen_justiert, setup time: 15
2025-04-07 19:38:57,365 - JSPGymEnvironment - INFO - Executed operation: Job J20, Op 3, Machine M3, Start: 2964.0, End: 3005.0, Setup: 15
2025-04-07 19:38:57,399 - JSPGymEnvironment - INFO - Material change on machine M2: E-Bike_Schaltauge_bearbeitet -> Racebike_Rahmen_nachbearbeitet, setup time: 20
2025-04-07 19:38:57,400 - JSPGymEnvironment - INFO - Executed operation: Job J4, Op 4, Machine M2, Start: 3025.0, End: 3050.0, Setup: 20
2025-04-07 19:38:57,433 - JSPGymEnvironment - INFO - Material change on machine M3: Mountainbike_Bremsen_justiert -> Citybike_Antrieb_installiert, setup time: 15
2025-04-07 19:38:57,433 - JSPGymEnvironment - INFO - Executed operation: Job J8, Op 2, Machine M3, Start: 3065.0, End: 3119.0, Setup: 15
2025-04-07 19:38:57,464 - JSPGymEnvironment - INFO - Material change on machine M3: Citybike_Antrieb_installiert -> Racebike_Antrieb_installiert, setup time: 15
2025-04-07 19:38:57,464 - JSPGymEnvironment - INFO - Executed operation: Job J6, Op 2, Machine M3, Start: 3134.0, End: 3172.0, Setup: 15
2025-04-07 19:38:57,497 - JSPGymEnvironment - INFO - Material change on machine M3: Racebike_Antrieb_installiert -> Citybike_Bremsen_justiert, setup time: 15
2025-04-07 19:38:57,497 - JSPGymEnvironment - INFO - Executed operation: Job J11, Op 3, Machine M3, Start: 3187.0, End: 3209.0, Setup: 15
2025-04-07 19:38:57,528 - JSPGymEnvironment - INFO - Material change on machine M1: E-Bike_Hauptrahmen_zugeschnitten -> Racebike_Hauptrahmen_zugeschnitten, setup time: 40
2025-04-07 19:38:57,529 - JSPGymEnvironment - INFO - Executed operation: Job J10, Op 0, Machine M1, Start: 3249.0, End: 3281.0, Setup: 40
2025-04-07 19:38:57,558 - JSPGymEnvironment - INFO - Material change on machine M2: Racebike_Rahmen_nachbearbeitet -> Mountainbike_Rahmen_nachbearbeitet, setup time: 20
2025-04-07 19:38:57,558 - JSPGymEnvironment - INFO - Executed operation: Job J20, Op 4, Machine M2, Start: 3301.0, End: 3318.0, Setup: 20
2025-04-07 19:38:57,587 - JSPGymEnvironment - INFO - Material change on machine M3: Citybike_Bremsen_justiert -> Citybike_Fahrrad_endmontiert, setup time: 15
2025-04-07 19:38:57,588 - JSPGymEnvironment - INFO - Executed operation: Job J17, Op 4, Machine M3, Start: 3333.0, End: 3383.0, Setup: 15
2025-04-07 19:38:57,621 - JSPGymEnvironment - INFO - Material change on machine M3: Citybike_Fahrrad_endmontiert -> E-Bike_Antrieb_installiert, setup time: 15
2025-04-07 19:38:57,621 - JSPGymEnvironment - INFO - Executed operation: Job J19, Op 2, Machine M3, Start: 3398.0, End: 3420.0, Setup: 15
2025-04-07 19:38:57,848 - JSPGymEnvironment - INFO - Material change on machine M2: Mountainbike_Rahmen_nachbearbeitet -> E-Bike_Bremsaufnahme_gebohrt, setup time: 20
2025-04-07 19:38:57,848 - JSPGymEnvironment - INFO - Executed operation: Job J19, Op 3, Machine M2, Start: 3440.0, End: 3453.0, Setup: 20
2025-04-07 19:38:57,877 - JSPGymEnvironment - INFO - Material change on machine M3: E-Bike_Antrieb_installiert -> Citybike_Fahrrad_endmontiert, setup time: 15
2025-04-07 19:38:57,877 - JSPGymEnvironment - INFO - Executed operation: Job J11, Op 4, Machine M3, Start: 3468.0, End: 3507.0, Setup: 15
2025-04-07 19:38:57,906 - JSPGymEnvironment - INFO - Material change on machine M2: E-Bike_Bremsaufnahme_gebohrt -> Racebike_Rahmen_nachbearbeitet, setup time: 20
2025-04-07 19:38:57,906 - JSPGymEnvironment - INFO - Executed operation: Job J4, Op 5, Machine M2, Start: 3527.0, End: 3551.0, Setup: 20
2025-04-07 19:38:57,936 - JSPGymEnvironment - INFO - Material change on machine M1: Racebike_Hauptrahmen_zugeschnitten -> Citybike_Hauptrahmen_zugeschnitten, setup time: 40
2025-04-07 19:38:57,936 - JSPGymEnvironment - INFO - Executed operation: Job J9, Op 0, Machine M1, Start: 3591.0, End: 3631.0, Setup: 40
2025-04-07 19:38:57,965 - JSPGymEnvironment - INFO - Material change on machine M3: Citybike_Fahrrad_endmontiert -> Mountainbike_Fahrrad_endmontiert, setup time: 15
2025-04-07 19:38:57,966 - JSPGymEnvironment - INFO - Executed operation: Job J20, Op 5, Machine M3, Start: 3646.0, End: 3671.0, Setup: 15
2025-04-07 19:38:57,995 - JSPGymEnvironment - INFO - Material change on machine M3: Mountainbike_Fahrrad_endmontiert -> Racebike_Fahrrad_endmontiert, setup time: 15
2025-04-07 19:38:57,995 - JSPGymEnvironment - INFO - Executed operation: Job J4, Op 6, Machine M3, Start: 3686.0, End: 3712.0, Setup: 15
2025-04-07 19:38:57,995 - JSPGymEnvironment - INFO - Job J4 completed at time 3712.0, deadline: 2757, met: False, priority: 7
2025-04-07 19:38:58,029 - JSPGymEnvironment - INFO - Material change on machine M3: Racebike_Fahrrad_endmontiert -> Racebike_Bremsen_justiert, setup time: 15
2025-04-07 19:38:58,029 - JSPGymEnvironment - INFO - Executed operation: Job J6, Op 3, Machine M3, Start: 3727.0, End: 3785.0, Setup: 15
2025-04-07 19:38:58,062 - JSPGymEnvironment - INFO - Material change on machine M3: Racebike_Bremsen_justiert -> Racebike_Fahrrad_endmontiert, setup time: 15
2025-04-07 19:38:58,063 - JSPGymEnvironment - INFO - Executed operation: Job J6, Op 4, Machine M3, Start: 3800.0, End: 3841.0, Setup: 15
2025-04-07 19:38:58,063 - JSPGymEnvironment - INFO - Job J6 completed at time 3841.0, deadline: 2880, met: False, priority: 10
2025-04-07 19:38:58,103 - JSPGymEnvironment - INFO - Material change on machine M2: Racebike_Rahmen_nachbearbeitet -> Racebike_Fahrrad_endmontiert, setup time: 20
2025-04-07 19:38:58,104 - JSPGymEnvironment - INFO - Executed operation: Job J16, Op 5, Machine M2, Start: 3861.0, End: 3891.0, Setup: 20
2025-04-07 19:38:58,104 - JSPGymEnvironment - INFO - Job J16 completed at time 3891.0, deadline: 2855, met: False, priority: 7
2025-04-07 19:38:58,147 - JSPGymEnvironment - INFO - Material change on machine M2: Racebike_Fahrrad_endmontiert -> Racebike_Schaltauge_bearbeitet, setup time: 20
2025-04-07 19:38:58,147 - JSPGymEnvironment - INFO - Executed operation: Job J10, Op 1, Machine M2, Start: 3911.0, End: 3936.0, Setup: 20
2025-04-07 19:38:58,186 - JSPGymEnvironment - INFO - Material change on machine M3: Racebike_Fahrrad_endmontiert -> Mountainbike_Bremsen_justiert, setup time: 15
2025-04-07 19:38:58,186 - JSPGymEnvironment - INFO - Executed operation: Job J18, Op 3, Machine M3, Start: 3951.0, End: 4006.0, Setup: 15
2025-04-07 19:38:58,230 - JSPGymEnvironment - INFO - Material change on machine M3: Mountainbike_Bremsen_justiert -> Racebike_Bremsen_justiert, setup time: 15
2025-04-07 19:38:58,230 - JSPGymEnvironment - INFO - Executed operation: Job J15, Op 3, Machine M3, Start: 4021.0, End: 4048.0, Setup: 15
2025-04-07 19:38:58,267 - JSPGymEnvironment - INFO - Material change on machine M3: Racebike_Bremsen_justiert -> E-Bike_Antrieb_installiert, setup time: 15
2025-04-07 19:38:58,267 - JSPGymEnvironment - INFO - Executed operation: Job J3, Op 2, Machine M3, Start: 4063.0, End: 4121.0, Setup: 15
2025-04-07 19:38:58,309 - JSPGymEnvironment - INFO - Material change on machine M3: E-Bike_Antrieb_installiert -> Citybike_Bremsen_justiert, setup time: 15
2025-04-07 19:38:58,309 - JSPGymEnvironment - INFO - Executed operation: Job J8, Op 3, Machine M3, Start: 4136.0, End: 4194.0, Setup: 15
2025-04-07 19:38:58,349 - JSPGymEnvironment - INFO - Material change on machine M2: Racebike_Schaltauge_bearbeitet -> Mountainbike_Fahrrad_endmontiert, setup time: 20
2025-04-07 19:38:58,349 - JSPGymEnvironment - INFO - Executed operation: Job J18, Op 4, Machine M2, Start: 4214.0, End: 4227.0, Setup: 20
2025-04-07 19:38:58,349 - JSPGymEnvironment - INFO - Job J18 completed at time 4227.0, deadline: 2880, met: False, priority: 6
2025-04-07 19:38:58,579 - JSPGymEnvironment - INFO - Material change on machine M2: Mountainbike_Fahrrad_endmontiert -> Citybike_Rahmen_nachbearbeitet, setup time: 20
2025-04-07 19:38:58,579 - JSPGymEnvironment - INFO - Executed operation: Job J2, Op 4, Machine M2, Start: 4247.0, End: 4271.0, Setup: 20
2025-04-07 19:38:58,617 - JSPGymEnvironment - INFO - Material change on machine M2: Citybike_Rahmen_nachbearbeitet -> Citybike_Bremsaufnahme_gebohrt, setup time: 20
2025-04-07 19:38:58,617 - JSPGymEnvironment - INFO - Executed operation: Job J14, Op 3, Machine M2, Start: 4291.0, End: 4309.0, Setup: 20
2025-04-07 19:38:58,655 - JSPGymEnvironment - INFO - Material change on machine M3: Citybike_Bremsen_justiert -> Racebike_Antrieb_installiert, setup time: 15
2025-04-07 19:38:58,655 - JSPGymEnvironment - INFO - Executed operation: Job J10, Op 2, Machine M3, Start: 4324.0, End: 4363.0, Setup: 15
2025-04-07 19:38:58,686 - JSPGymEnvironment - INFO - Material change on machine M2: Citybike_Bremsaufnahme_gebohrt -> Racebike_Rahmen_nachbearbeitet, setup time: 20
2025-04-07 19:38:58,686 - JSPGymEnvironment - INFO - Executed operation: Job J15, Op 4, Machine M2, Start: 4383.0, End: 4403.0, Setup: 20
2025-04-07 19:38:58,715 - JSPGymEnvironment - INFO - Material change on machine M3: Racebike_Antrieb_installiert -> Mountainbike_Antrieb_installiert, setup time: 15
2025-04-07 19:38:58,715 - JSPGymEnvironment - INFO - Executed operation: Job J5, Op 2, Machine M3, Start: 4418.0, End: 4443.0, Setup: 15
2025-04-07 19:38:58,744 - JSPGymEnvironment - INFO - Executed operation: Job J12, Op 2, Machine M3, Start: 4453.0, End: 4498.0, Setup: 10
2025-04-07 19:38:58,772 - JSPGymEnvironment - INFO - Material change on machine M2: Racebike_Rahmen_nachbearbeitet -> E-Bike_Bremsaufnahme_gebohrt, setup time: 20
2025-04-07 19:38:58,772 - JSPGymEnvironment - INFO - Executed operation: Job J3, Op 3, Machine M2, Start: 4518.0, End: 4548.0, Setup: 20
2025-04-07 19:38:58,805 - JSPGymEnvironment - INFO - Material change on machine M3: Mountainbike_Antrieb_installiert -> Citybike_Fahrrad_endmontiert, setup time: 15
2025-04-07 19:38:58,805 - JSPGymEnvironment - INFO - Executed operation: Job J8, Op 4, Machine M3, Start: 4563.0, End: 4612.0, Setup: 15
2025-04-07 19:38:58,835 - JSPGymEnvironment - INFO - Material change on machine M3: Citybike_Fahrrad_endmontiert -> Mountainbike_Fahrrad_endmontiert, setup time: 15
2025-04-07 19:38:58,836 - JSPGymEnvironment - INFO - Executed operation: Job J20, Op 6, Machine M3, Start: 4627.0, End: 4667.0, Setup: 15
2025-04-07 19:38:58,836 - JSPGymEnvironment - INFO - Job J20 completed at time 4667.0, deadline: 2744, met: False, priority: 3
2025-04-07 19:38:58,868 - JSPGymEnvironment - INFO - Material change on machine M2: E-Bike_Bremsaufnahme_gebohrt -> Racebike_Fahrrad_endmontiert, setup time: 20
2025-04-07 19:38:58,868 - JSPGymEnvironment - INFO - Executed operation: Job J1, Op 5, Machine M2, Start: 4687.0, End: 4699.0, Setup: 20
2025-04-07 19:38:58,868 - JSPGymEnvironment - INFO - Job J1 completed at time 4699.0, deadline: 2790, met: False, priority: 7
2025-04-07 19:38:58,899 - JSPGymEnvironment - INFO - Material change on machine M2: Racebike_Fahrrad_endmontiert -> Citybike_Fahrrad_endmontiert, setup time: 20
2025-04-07 19:38:58,899 - JSPGymEnvironment - INFO - Executed operation: Job J8, Op 5, Machine M2, Start: 4719.0, End: 4749.0, Setup: 20
2025-04-07 19:38:58,899 - JSPGymEnvironment - INFO - Job J8 completed at time 4749.0, deadline: 2762, met: False, priority: 5
2025-04-07 19:38:58,929 - JSPGymEnvironment - INFO - Material change on machine M3: Mountainbike_Fahrrad_endmontiert -> Citybike_Fahrrad_endmontiert, setup time: 15
2025-04-07 19:38:58,930 - JSPGymEnvironment - INFO - Executed operation: Job J17, Op 5, Machine M3, Start: 4764.0, End: 4823.0, Setup: 15
2025-04-07 19:38:58,958 - JSPGymEnvironment - INFO - Material change on machine M2: Citybike_Fahrrad_endmontiert -> Mountainbike_Bremsaufnahme_gebohrt, setup time: 20
2025-04-07 19:38:58,958 - JSPGymEnvironment - INFO - Executed operation: Job J5, Op 3, Machine M2, Start: 4843.0, End: 4858.0, Setup: 20
2025-04-07 19:38:58,987 - JSPGymEnvironment - INFO - Material change on machine M2: Mountainbike_Bremsaufnahme_gebohrt -> Mountainbike_Rahmen_nachbearbeitet, setup time: 20
2025-04-07 19:38:58,987 - JSPGymEnvironment - INFO - Executed operation: Job J5, Op 4, Machine M2, Start: 4878.0, End: 4908.0, Setup: 20
2025-04-07 19:38:59,198 - JSPGymEnvironment - INFO - Material change on machine M2: Mountainbike_Rahmen_nachbearbeitet -> Mountainbike_Fahrrad_endmontiert, setup time: 20
2025-04-07 19:38:59,198 - JSPGymEnvironment - INFO - Executed operation: Job J5, Op 5, Machine M2, Start: 4928.0, End: 4950.0, Setup: 20
2025-04-07 19:38:59,198 - JSPGymEnvironment - INFO - Job J5 completed at time 4950.0, deadline: 2880, met: False, priority: 1
2025-04-07 19:38:59,226 - JSPGymEnvironment - INFO - Material change on machine M2: Mountainbike_Fahrrad_endmontiert -> E-Bike_Rahmen_nachbearbeitet, setup time: 20
2025-04-07 19:38:59,226 - JSPGymEnvironment - INFO - Executed operation: Job J3, Op 4, Machine M2, Start: 4970.0, End: 4987.0, Setup: 20
2025-04-07 19:38:59,252 - JSPGymEnvironment - INFO - Executed operation: Job J19, Op 4, Machine M2, Start: 5002.0, End: 5019.0, Setup: 15
2025-04-07 19:38:59,278 - JSPGymEnvironment - INFO - Material change on machine M2: E-Bike_Rahmen_nachbearbeitet -> Citybike_Schaltauge_bearbeitet, setup time: 20
2025-04-07 19:38:59,279 - JSPGymEnvironment - INFO - Executed operation: Job J9, Op 1, Machine M2, Start: 5039.0, End: 5055.0, Setup: 20
2025-04-07 19:38:59,305 - JSPGymEnvironment - INFO - Material change on machine M2: Citybike_Schaltauge_bearbeitet -> Racebike_Rahmen_nachbearbeitet, setup time: 20
2025-04-07 19:38:59,305 - JSPGymEnvironment - INFO - Executed operation: Job J15, Op 5, Machine M2, Start: 5075.0, End: 5098.0, Setup: 20
2025-04-07 19:38:59,331 - JSPGymEnvironment - INFO - Material change on machine M2: Racebike_Rahmen_nachbearbeitet -> Citybike_Rahmen_nachbearbeitet, setup time: 20
2025-04-07 19:38:59,331 - JSPGymEnvironment - INFO - Executed operation: Job J14, Op 4, Machine M2, Start: 5118.0, End: 5147.0, Setup: 20
2025-04-07 19:38:59,358 - JSPGymEnvironment - INFO - Material change on machine M2: Citybike_Rahmen_nachbearbeitet -> E-Bike_Rahmen_nachbearbeitet, setup time: 20
2025-04-07 19:38:59,359 - JSPGymEnvironment - INFO - Executed operation: Job J19, Op 5, Machine M2, Start: 5167.0, End: 5188.0, Setup: 20
2025-04-07 19:38:59,385 - JSPGymEnvironment - INFO - Executed operation: Job J2, Op 5, Machine M3, Start: 5198.0, End: 5219.0, Setup: 10
2025-04-07 19:38:59,385 - JSPGymEnvironment - INFO - Job J2 completed at time 5219.0, deadline: 2880, met: False, priority: 3
2025-04-07 19:38:59,412 - JSPGymEnvironment - INFO - Material change on machine M3: Citybike_Fahrrad_endmontiert -> Racebike_Fahrrad_endmontiert, setup time: 15
2025-04-07 19:38:59,412 - JSPGymEnvironment - INFO - Executed operation: Job J15, Op 6, Machine M3, Start: 5234.0, End: 5261.0, Setup: 15
2025-04-07 19:38:59,441 - JSPGymEnvironment - INFO - Executed operation: Job J3, Op 5, Machine M2, Start: 5276.0, End: 5297.0, Setup: 15
2025-04-07 19:38:59,468 - JSPGymEnvironment - INFO - Material change on machine M2: E-Bike_Rahmen_nachbearbeitet -> Mountainbike_Bremsaufnahme_gebohrt, setup time: 20
2025-04-07 19:38:59,468 - JSPGymEnvironment - INFO - Executed operation: Job J12, Op 3, Machine M2, Start: 5317.0, End: 5343.0, Setup: 20
2025-04-07 19:38:59,499 - JSPGymEnvironment - INFO - Material change on machine M3: Racebike_Fahrrad_endmontiert -> Citybike_Fahrrad_endmontiert, setup time: 15
2025-04-07 19:38:59,499 - JSPGymEnvironment - INFO - Executed operation: Job J17, Op 6, Machine M3, Start: 5358.0, End: 5383.0, Setup: 15
2025-04-07 19:38:59,499 - JSPGymEnvironment - INFO - Job J17 completed at time 5383.0, deadline: 2880, met: False, priority: 6
2025-04-07 19:38:59,533 - JSPGymEnvironment - INFO - Material change on machine M2: Mountainbike_Bremsaufnahme_gebohrt -> Citybike_Rahmen_nachbearbeitet, setup time: 20
2025-04-07 19:38:59,533 - JSPGymEnvironment - INFO - Executed operation: Job J11, Op 5, Machine M2, Start: 5403.0, End: 5420.0, Setup: 20
2025-04-07 19:38:59,588 - JSPGymEnvironment - INFO - Material change on machine M2: Citybike_Rahmen_nachbearbeitet -> Mountainbike_Rahmen_nachbearbeitet, setup time: 20
2025-04-07 19:38:59,588 - JSPGymEnvironment - INFO - Executed operation: Job J12, Op 4, Machine M2, Start: 5440.0, End: 5468.0, Setup: 20
2025-04-07 19:38:59,635 - JSPGymEnvironment - INFO - Material change on machine M3: Citybike_Fahrrad_endmontiert -> Racebike_Fahrrad_endmontiert, setup time: 15
2025-04-07 19:38:59,635 - JSPGymEnvironment - INFO - Executed operation: Job J15, Op 7, Machine M3, Start: 5483.0, End: 5529.0, Setup: 15
2025-04-07 19:38:59,635 - JSPGymEnvironment - INFO - Job J15 completed at time 5529.0, deadline: 2833, met: False, priority: 10
2025-04-07 19:38:59,664 - JSPGymEnvironment - INFO - Material change on machine M2: Mountainbike_Rahmen_nachbearbeitet -> Citybike_Rahmen_nachbearbeitet, setup time: 20
2025-04-07 19:38:59,665 - JSPGymEnvironment - INFO - Executed operation: Job J11, Op 6, Machine M2, Start: 5549.0, End: 5571.0, Setup: 20
2025-04-07 19:38:59,692 - JSPGymEnvironment - INFO - Material change on machine M2: Citybike_Rahmen_nachbearbeitet -> E-Bike_Fahrrad_endmontiert, setup time: 20
2025-04-07 19:38:59,692 - JSPGymEnvironment - INFO - Executed operation: Job J3, Op 6, Machine M2, Start: 5591.0, End: 5601.0, Setup: 20
2025-04-07 19:38:59,692 - JSPGymEnvironment - INFO - Job J3 completed at time 5601.0, deadline: 2862, met: False, priority: 8
2025-04-07 19:39:00,110 - JSPGymEnvironment - INFO - Material change on machine M2: E-Bike_Fahrrad_endmontiert -> Mountainbike_Rahmen_nachbearbeitet, setup time: 20
2025-04-07 19:39:00,110 - JSPGymEnvironment - INFO - Executed operation: Job J12, Op 5, Machine M2, Start: 5621.0, End: 5649.0, Setup: 20
2025-04-07 19:39:00,179 - JSPGymEnvironment - INFO - Material change on machine M2: Mountainbike_Rahmen_nachbearbeitet -> Racebike_Bremsaufnahme_gebohrt, setup time: 20
2025-04-07 19:39:00,179 - JSPGymEnvironment - INFO - Executed operation: Job J10, Op 3, Machine M2, Start: 5669.0, End: 5691.0, Setup: 20
2025-04-07 19:39:00,232 - JSPGymEnvironment - INFO - Material change on machine M2: Racebike_Bremsaufnahme_gebohrt -> Citybike_Rahmen_nachbearbeitet, setup time: 20
2025-04-07 19:39:00,233 - JSPGymEnvironment - INFO - Executed operation: Job J14, Op 5, Machine M2, Start: 5711.0, End: 5741.0, Setup: 20
2025-04-07 19:39:00,287 - JSPGymEnvironment - INFO - Material change on machine M3: Racebike_Fahrrad_endmontiert -> Citybike_Antrieb_installiert, setup time: 15
2025-04-07 19:39:00,288 - JSPGymEnvironment - INFO - Executed operation: Job J9, Op 2, Machine M3, Start: 5756.0, End: 5810.0, Setup: 15
2025-04-07 19:39:00,323 - JSPGymEnvironment - INFO - Material change on machine M2: Citybike_Rahmen_nachbearbeitet -> E-Bike_Fahrrad_endmontiert, setup time: 20
2025-04-07 19:39:00,323 - JSPGymEnvironment - INFO - Executed operation: Job J19, Op 6, Machine M2, Start: 5830.0, End: 5855.0, Setup: 20
2025-04-07 19:39:00,324 - JSPGymEnvironment - INFO - Job J19 completed at time 5855.0, deadline: 2737, met: False, priority: 8
2025-04-07 19:39:00,359 - JSPGymEnvironment - INFO - Material change on machine M2: E-Bike_Fahrrad_endmontiert -> Citybike_Fahrrad_endmontiert, setup time: 20
2025-04-07 19:39:00,381 - JSPGymEnvironment - INFO - Executed operation: Job J11, Op 7, Machine M2, Start: 5875.0, End: 5904.0, Setup: 20
2025-04-07 19:39:00,381 - JSPGymEnvironment - INFO - Job J11 completed at time 5904.0, deadline: 2880, met: False, priority: 7
2025-04-07 19:39:00,451 - JSPGymEnvironment - INFO - Material change on machine M2: Citybike_Fahrrad_endmontiert -> Citybike_Rahmen_nachbearbeitet, setup time: 20
2025-04-07 19:39:00,452 - JSPGymEnvironment - INFO - Executed operation: Job J14, Op 6, Machine M2, Start: 5924.0, End: 5948.0, Setup: 20
2025-04-07 19:39:00,490 - JSPGymEnvironment - INFO - Material change on machine M2: Citybike_Rahmen_nachbearbeitet -> Citybike_Fahrrad_endmontiert, setup time: 20
2025-04-07 19:39:00,490 - JSPGymEnvironment - INFO - Executed operation: Job J14, Op 7, Machine M2, Start: 5968.0, End: 5989.0, Setup: 20
2025-04-07 19:39:00,490 - JSPGymEnvironment - INFO - Job J14 completed at time 5989.0, deadline: 2880, met: False, priority: 3
2025-04-07 19:39:00,525 - JSPGymEnvironment - INFO - Material change on machine M2: Citybike_Fahrrad_endmontiert -> Racebike_Rahmen_nachbearbeitet, setup time: 20
2025-04-07 19:39:00,526 - JSPGymEnvironment - INFO - Executed operation: Job J10, Op 4, Machine M2, Start: 6009.0, End: 6020.0, Setup: 20
2025-04-07 19:39:00,563 - JSPGymEnvironment - INFO - Executed operation: Job J10, Op 5, Machine M2, Start: 6035.0, End: 6053.0, Setup: 15
2025-04-07 19:39:00,598 - JSPGymEnvironment - INFO - Material change on machine M2: Racebike_Rahmen_nachbearbeitet -> Mountainbike_Fahrrad_endmontiert, setup time: 20
2025-04-07 19:39:00,598 - JSPGymEnvironment - INFO - Executed operation: Job J12, Op 6, Machine M2, Start: 6073.0, End: 6095.0, Setup: 20
2025-04-07 19:39:00,598 - JSPGymEnvironment - INFO - Job J12 completed at time 6095.0, deadline: 2863, met: False, priority: 2
2025-04-07 19:39:00,632 - JSPGymEnvironment - INFO - Material change on machine M2: Mountainbike_Fahrrad_endmontiert -> Citybike_Bremsaufnahme_gebohrt, setup time: 20
2025-04-07 19:39:00,632 - JSPGymEnvironment - INFO - Executed operation: Job J9, Op 3, Machine M2, Start: 6115.0, End: 6138.0, Setup: 20
2025-04-07 19:39:00,669 - JSPGymEnvironment - INFO - Material change on machine M2: Citybike_Bremsaufnahme_gebohrt -> Racebike_Rahmen_nachbearbeitet, setup time: 20
2025-04-07 19:39:00,669 - JSPGymEnvironment - INFO - Executed operation: Job J10, Op 6, Machine M2, Start: 6158.0, End: 6169.0, Setup: 20
2025-04-07 19:39:00,714 - JSPGymEnvironment - INFO - Material change on machine M2: Racebike_Rahmen_nachbearbeitet -> Racebike_Fahrrad_endmontiert, setup time: 20
2025-04-07 19:39:00,714 - JSPGymEnvironment - INFO - Executed operation: Job J10, Op 7, Machine M2, Start: 6189.0, End: 6201.0, Setup: 20
2025-04-07 19:39:00,714 - JSPGymEnvironment - INFO - Job J10 completed at time 6201.0, deadline: 2880, met: False, priority: 9
2025-04-07 19:39:00,749 - JSPGymEnvironment - INFO - Material change on machine M2: Racebike_Fahrrad_endmontiert -> Citybike_Rahmen_nachbearbeitet, setup time: 20
2025-04-07 19:39:00,749 - JSPGymEnvironment - INFO - Executed operation: Job J9, Op 4, Machine M2, Start: 6221.0, End: 6233.0, Setup: 20
2025-04-07 19:39:00,797 - JSPGymEnvironment - INFO - Material change on machine M3: Citybike_Antrieb_installiert -> Citybike_Fahrrad_endmontiert, setup time: 15
2025-04-07 19:39:00,797 - JSPGymEnvironment - INFO - Executed operation: Job J9, Op 5, Machine M3, Start: 6248.0, End: 6299.0, Setup: 15
2025-04-07 19:39:01,045 - JSPGymEnvironment - INFO - Executed operation: Job J9, Op 6, Machine M3, Start: 6309.0, End: 6332.0, Setup: 10
2025-04-07 19:39:01,045 - JSPGymEnvironment - INFO - Job J9 completed at time 6332.0, deadline: 2880, met: False, priority: 8
