2025-06-19 11:35:18,709 - JSPGymEnvironment - INFO - Environment reset
2025-06-19 11:35:18,736 - JSPGymEnvironment - INFO - Environment reset
2025-06-19 11:35:18,764 - JSPGymEnvironment - INFO - Material change on machine M1:  -> Racebike_Rahmen_nachbearbeitet, setup time: 0
2025-06-19 11:35:18,764 - JSPGymEnvironment - INFO - Executed operation: Job J20, Op 0, Machine M1, Start: 0, End: 25, Setup: 0
2025-06-19 11:35:18,764 - JSPGymEnvironment - INFO - 
===== REWARD DETAILS FOR STEP 1 =====
Job: J20, Operation: 0, Job Completed: False
Current Time: 0.00 -> 25.00, Setup Time: 0.00
Processing Time: 25.00, Idle Time: 0.00
Completed Jobs: 0/20
Machine: M1, Material: Racebike_Rahmen_nachbearbeitet

REWARD COMPONENTS:
- makespan_reward: -0.1250
- setup_reward: 0.0000
- deadline_reward: 0.0000
- priority_reward: 0.0000
- critical_job_reward: 0.5000
- placement_reward: 0.0000
- timeliness_reward: 9.1689
- machine_idle_penalty: -0.7250

TOTAL REWARD: 8.8189

CUMULATIVE REWARD COMPONENTS:
- makespan_reward: -0.1250
- setup_reward: 0.0000
- deadline_reward: 0.0000
- priority_reward: 0.0000
- critical_job_reward: 0.5000
- placement_reward: 0.0000
- timeliness_reward: 9.1689
- machine_idle_penalty: -0.7250

CUMULATIVE TOTAL: 8.8189

CRITICAL STATE INFO:
- Valid actions: ['J1', 'J2', 'J3', 'J4', 'J5', 'J6', 'J7', 'J8', 'J9', 'J10', 'J11', 'J12', 'J13', 'J14', 'J15', 'J16', 'J17', 'J18', 'J19', 'J20']
- Machine states:
  - Machine M1: Time=25.00, Idle=0.00, Material=Racebike_Rahmen_nachbearbeitet
  - Machine M2: Time=0.00, Idle=25.00, Material=None
  - Machine M3: Time=0.00, Idle=25.00, Material=None
==================================================

2025-06-19 11:35:18,774 - JSPGymEnvironment - INFO - Material change on machine M1: Racebike_Rahmen_nachbearbeitet -> Racebike_Steuerrohr_ausgerieben, setup time: 40
2025-06-19 11:35:18,774 - JSPGymEnvironment - INFO - Executed operation: Job J20, Op 1, Machine M1, Start: 65, End: 95, Setup: 40
2025-06-19 11:35:18,774 - JSPGymEnvironment - INFO - 
===== REWARD DETAILS FOR STEP 2 =====
Job: J20, Operation: 1, Job Completed: False
Current Time: 25.00 -> 95.00, Setup Time: 40.00
Processing Time: 30.00, Idle Time: 0.00
Completed Jobs: 0/20
Machine: M1, Material: Racebike_Steuerrohr_ausgerieben

REWARD COMPONENTS:
- makespan_reward: -0.3500
- setup_reward: -10.0000
- deadline_reward: 0.0000
- priority_reward: 0.0000
- critical_job_reward: 0.5000
- placement_reward: 0.0000
- timeliness_reward: 9.1918
- machine_idle_penalty: -2.4750

TOTAL REWARD: -3.1332

CUMULATIVE REWARD COMPONENTS:
- makespan_reward: -0.4750
- setup_reward: -10.0000
- deadline_reward: 0.0000
- priority_reward: 0.0000
- critical_job_reward: 1.0000
- placement_reward: 0.0000
- timeliness_reward: 18.3606
- machine_idle_penalty: -3.2000

CUMULATIVE TOTAL: 5.6856

CRITICAL STATE INFO:
- Valid actions: ['J1', 'J2', 'J3', 'J4', 'J5', 'J6', 'J7', 'J8', 'J9', 'J10', 'J11', 'J12', 'J13', 'J14', 'J15', 'J16', 'J17', 'J18', 'J19', 'J20']
- Machine states:
  - Machine M1: Time=95.00, Idle=0.00, Material=Racebike_Steuerrohr_ausgerieben
  - Machine M2: Time=0.00, Idle=95.00, Material=None
  - Machine M3: Time=0.00, Idle=95.00, Material=None
==================================================

2025-06-19 11:35:18,783 - JSPGymEnvironment - INFO - Material change on machine M1: Racebike_Steuerrohr_ausgerieben -> E-Bike_Rahmen_nachbearbeitet, setup time: 51
2025-06-19 11:35:18,783 - JSPGymEnvironment - INFO - Executed operation: Job J4, Op 0, Machine M1, Start: 146, End: 183, Setup: 51
2025-06-19 11:35:18,783 - JSPGymEnvironment - INFO - 
===== REWARD DETAILS FOR STEP 3 =====
Job: J4, Operation: 0, Job Completed: False
Current Time: 95.00 -> 183.00, Setup Time: 51.00
Processing Time: 37.00, Idle Time: 0.00
Completed Jobs: 0/20
Machine: M1, Material: E-Bike_Rahmen_nachbearbeitet

REWARD COMPONENTS:
- makespan_reward: -0.4400
- setup_reward: -12.7500
- deadline_reward: 0.0000
- priority_reward: 0.0000
- critical_job_reward: 0.5000
- placement_reward: 0.0000
- timeliness_reward: 9.2180
- machine_idle_penalty: -4.6750

TOTAL REWARD: -8.1470

CUMULATIVE REWARD COMPONENTS:
- makespan_reward: -0.9150
- setup_reward: -22.7500
- deadline_reward: 0.0000
- priority_reward: 0.0000
- critical_job_reward: 1.5000
- placement_reward: 0.0000
- timeliness_reward: 27.5787
- machine_idle_penalty: -7.8750

CUMULATIVE TOTAL: -2.4613

CRITICAL STATE INFO:
- Valid actions: ['J1', 'J2', 'J3', 'J4', 'J5', 'J6', 'J7', 'J8', 'J9', 'J10', 'J11', 'J12', 'J13', 'J14', 'J15', 'J16', 'J17', 'J18', 'J19', 'J20']
- Machine states:
  - Machine M1: Time=183.00, Idle=0.00, Material=E-Bike_Rahmen_nachbearbeitet
  - Machine M2: Time=0.00, Idle=183.00, Material=None
  - Machine M3: Time=0.00, Idle=183.00, Material=None
==================================================

2025-06-19 11:35:18,792 - JSPGymEnvironment - INFO - Material change on machine M3:  -> Racebike_Tretlageraufnahme_geschweisst, setup time: 0
2025-06-19 11:35:18,792 - JSPGymEnvironment - INFO - Executed operation: Job J20, Op 2, Machine M3, Start: 183, End: 232, Setup: 0
2025-06-19 11:35:18,792 - JSPGymEnvironment - INFO - 
===== REWARD DETAILS FOR STEP 4 =====
Job: J20, Operation: 2, Job Completed: False
Current Time: 183.00 -> 232.00, Setup Time: 0.00
Processing Time: 49.00, Idle Time: 0.00
Completed Jobs: 0/20
Machine: M3, Material: Racebike_Tretlageraufnahme_geschweisst

REWARD COMPONENTS:
- makespan_reward: -0.2450
- setup_reward: 0.0000
- deadline_reward: 0.0000
- priority_reward: 0.0000
- critical_job_reward: 0.5000
- placement_reward: 0.0000
- timeliness_reward: 9.2335
- machine_idle_penalty: -3.5625

TOTAL REWARD: 5.9260

CUMULATIVE REWARD COMPONENTS:
- makespan_reward: -1.1600
- setup_reward: -22.7500
- deadline_reward: 0.0000
- priority_reward: 0.0000
- critical_job_reward: 2.0000
- placement_reward: 0.0000
- timeliness_reward: 36.8121
- machine_idle_penalty: -11.4375

CUMULATIVE TOTAL: 3.4646

CRITICAL STATE INFO:
- Valid actions: ['J1', 'J2', 'J3', 'J4', 'J5', 'J6', 'J7', 'J8', 'J9', 'J10', 'J11', 'J12', 'J13', 'J14', 'J15', 'J16', 'J17', 'J18', 'J19', 'J20']
- Machine states:
  - Machine M1: Time=183.00, Idle=49.00, Material=E-Bike_Rahmen_nachbearbeitet
  - Machine M2: Time=0.00, Idle=232.00, Material=None
  - Machine M3: Time=232.00, Idle=0.00, Material=Racebike_Tretlageraufnahme_geschweisst
==================================================

2025-06-19 11:35:18,801 - JSPGymEnvironment - INFO - Material change on machine M3: Racebike_Tretlageraufnahme_geschweisst -> Racebike_Laufraeder_montiert, setup time: 15
2025-06-19 11:35:18,801 - JSPGymEnvironment - INFO - Executed operation: Job J13, Op 0, Machine M3, Start: 247, End: 274, Setup: 15
2025-06-19 11:35:18,801 - JSPGymEnvironment - INFO - 
===== REWARD DETAILS FOR STEP 5 =====
Job: J13, Operation: 0, Job Completed: False
Current Time: 232.00 -> 274.00, Setup Time: 15.00
Processing Time: 27.00, Idle Time: 0.00
Completed Jobs: 0/20
Machine: M3, Material: Racebike_Laufraeder_montiert

REWARD COMPONENTS:
- makespan_reward: -0.2100
- setup_reward: -3.7500
- deadline_reward: 0.0000
- priority_reward: 0.0000
- critical_job_reward: 0.0000
- placement_reward: 0.0000
- timeliness_reward: 9.2436
- machine_idle_penalty: -4.6125

TOTAL REWARD: 0.6711

CUMULATIVE REWARD COMPONENTS:
- makespan_reward: -1.3700
- setup_reward: -26.5000
- deadline_reward: 0.0000
- priority_reward: 0.0000
- critical_job_reward: 2.0000
- placement_reward: 0.0000
- timeliness_reward: 46.0557
- machine_idle_penalty: -16.0500

CUMULATIVE TOTAL: 4.1357

CRITICAL STATE INFO:
- Valid actions: ['J1', 'J2', 'J3', 'J4', 'J5', 'J6', 'J7', 'J8', 'J9', 'J10', 'J11', 'J12', 'J13', 'J14', 'J15', 'J16', 'J17', 'J18', 'J19', 'J20']
- Machine states:
  - Machine M1: Time=183.00, Idle=91.00, Material=E-Bike_Rahmen_nachbearbeitet
  - Machine M2: Time=0.00, Idle=274.00, Material=None
  - Machine M3: Time=274.00, Idle=0.00, Material=Racebike_Laufraeder_montiert
==================================================

2025-06-19 11:35:18,810 - JSPGymEnvironment - INFO - Material change on machine M3: Racebike_Laufraeder_montiert -> Racebike_Bremsaufnahme_gebohrt, setup time: 15
2025-06-19 11:35:18,810 - JSPGymEnvironment - INFO - Executed operation: Job J20, Op 3, Machine M3, Start: 289, End: 337, Setup: 15
2025-06-19 11:35:18,810 - JSPGymEnvironment - INFO - 
===== REWARD DETAILS FOR STEP 6 =====
Job: J20, Operation: 3, Job Completed: False
Current Time: 274.00 -> 337.00, Setup Time: 15.00
Processing Time: 48.00, Idle Time: 0.00
Completed Jobs: 0/20
Machine: M3, Material: Racebike_Bremsaufnahme_gebohrt

REWARD COMPONENTS:
- makespan_reward: -0.3150
- setup_reward: -3.7500
- deadline_reward: 0.0000
- priority_reward: 0.0000
- critical_job_reward: 0.5000
- placement_reward: 0.0000
- timeliness_reward: 9.2618
- machine_idle_penalty: -6.2375

TOTAL REWARD: -0.5407

CUMULATIVE REWARD COMPONENTS:
- makespan_reward: -1.6850
- setup_reward: -30.2500
- deadline_reward: 0.0000
- priority_reward: 0.0000
- critical_job_reward: 2.5000
- placement_reward: 0.0000
- timeliness_reward: 55.3175
- machine_idle_penalty: -22.2875

CUMULATIVE TOTAL: 3.5950

CRITICAL STATE INFO:
- Valid actions: ['J1', 'J2', 'J3', 'J4', 'J5', 'J6', 'J7', 'J8', 'J9', 'J10', 'J11', 'J12', 'J13', 'J14', 'J15', 'J16', 'J17', 'J18', 'J19', 'J20']
- Machine states:
  - Machine M1: Time=183.00, Idle=154.00, Material=E-Bike_Rahmen_nachbearbeitet
  - Machine M2: Time=0.00, Idle=337.00, Material=None
  - Machine M3: Time=337.00, Idle=0.00, Material=Racebike_Bremsaufnahme_gebohrt
==================================================

2025-06-19 11:35:18,819 - JSPGymEnvironment - INFO - Material change on machine M3: Racebike_Bremsaufnahme_gebohrt -> Racebike_Rahmen_lackiert, setup time: 15
2025-06-19 11:35:18,819 - JSPGymEnvironment - INFO - Executed operation: Job J20, Op 4, Machine M3, Start: 352, End: 378, Setup: 15
2025-06-19 11:35:18,819 - JSPGymEnvironment - INFO - Job J20 completed at time 378, deadline: 2839, met: True, priority: 9
2025-06-19 11:35:18,819 - JSPGymEnvironment - INFO - 
===== REWARD DETAILS FOR STEP 7 =====
Job: J20, Operation: 4, Job Completed: True
Current Time: 337.00 -> 378.00, Setup Time: 15.00
Processing Time: 26.00, Idle Time: 0.00
Completed Jobs: 1/20
Machine: M3, Material: Racebike_Rahmen_lackiert
Job Deadline: 2839.00 (Met), Priority: 9

REWARD COMPONENTS:
- makespan_reward: -0.2050
- setup_reward: -3.7500
- deadline_reward: 20.0000
- priority_reward: 36.0000
- critical_job_reward: 22.9023
- placement_reward: 0.0000
- timeliness_reward: 9.2719
- machine_idle_penalty: -7.2625

TOTAL REWARD: 76.9566

CUMULATIVE REWARD COMPONENTS:
- makespan_reward: -1.8900
- setup_reward: -34.0000
- deadline_reward: 20.0000
- priority_reward: 36.0000
- critical_job_reward: 25.4023
- placement_reward: 0.0000
- timeliness_reward: 64.5894
- machine_idle_penalty: -29.5500

CUMULATIVE TOTAL: 80.5517

CRITICAL STATE INFO:
- Valid actions: ['J1', 'J2', 'J3', 'J4', 'J5', 'J6', 'J7', 'J8', 'J9', 'J10', 'J11', 'J12', 'J13', 'J14', 'J15', 'J16', 'J17', 'J18', 'J19']
- Machine states:
  - Machine M1: Time=183.00, Idle=195.00, Material=E-Bike_Rahmen_nachbearbeitet
  - Machine M2: Time=0.00, Idle=378.00, Material=None
  - Machine M3: Time=378.00, Idle=0.00, Material=Racebike_Rahmen_lackiert
==================================================

2025-06-19 11:35:18,819 - JSPGymEnvironment - INFO - Retro-Bonus für Job J20: +15.0
2025-06-19 11:35:18,828 - JSPGymEnvironment - INFO - Material change on machine M3: Racebike_Rahmen_lackiert -> Citybike_Rahmen_nachbearbeitet, setup time: 12
2025-06-19 11:35:18,828 - JSPGymEnvironment - INFO - Executed operation: Job J18, Op 0, Machine M3, Start: 390, End: 429, Setup: 12
2025-06-19 11:35:18,828 - JSPGymEnvironment - INFO - 
===== REWARD DETAILS FOR STEP 8 =====
Job: J18, Operation: 0, Job Completed: False
Current Time: 378.00 -> 429.00, Setup Time: 12.00
Processing Time: 39.00, Idle Time: 0.00
Completed Jobs: 1/20
Machine: M3, Material: Citybike_Rahmen_nachbearbeitet

REWARD COMPONENTS:
- makespan_reward: -0.2550
- setup_reward: -3.0000
- deadline_reward: 0.0000
- priority_reward: 0.0000
- critical_job_reward: 0.0000
- placement_reward: 0.0000
- timeliness_reward: 9.2809
- machine_idle_penalty: -8.5375

TOTAL REWARD: -2.5116

CUMULATIVE REWARD COMPONENTS:
- makespan_reward: -2.1450
- setup_reward: -37.0000
- deadline_reward: 20.0000
- priority_reward: 36.0000
- critical_job_reward: 25.4023
- placement_reward: 0.0000
- timeliness_reward: 73.8703
- machine_idle_penalty: -38.0875

CUMULATIVE TOTAL: 78.0400

CRITICAL STATE INFO:
- Valid actions: ['J1', 'J2', 'J3', 'J4', 'J5', 'J6', 'J7', 'J8', 'J9', 'J10', 'J11', 'J12', 'J13', 'J14', 'J15', 'J16', 'J17', 'J18', 'J19']
- Machine states:
  - Machine M1: Time=183.00, Idle=246.00, Material=E-Bike_Rahmen_nachbearbeitet
  - Machine M2: Time=0.00, Idle=429.00, Material=None
  - Machine M3: Time=429.00, Idle=0.00, Material=Citybike_Rahmen_nachbearbeitet
==================================================

2025-06-19 11:35:18,838 - JSPGymEnvironment - INFO - Material change on machine M1: E-Bike_Rahmen_nachbearbeitet -> Racebike_Rahmen_nachbearbeitet, setup time: 56
2025-06-19 11:35:18,838 - JSPGymEnvironment - INFO - Executed operation: Job J13, Op 1, Machine M1, Start: 485, End: 525, Setup: 56
2025-06-19 11:35:18,838 - JSPGymEnvironment - INFO - 
===== REWARD DETAILS FOR STEP 9 =====
Job: J13, Operation: 1, Job Completed: False
Current Time: 429.00 -> 525.00, Setup Time: 56.00
Processing Time: 40.00, Idle Time: 0.00
Completed Jobs: 1/20
Machine: M1, Material: Racebike_Rahmen_nachbearbeitet

REWARD COMPONENTS:
- makespan_reward: -0.4800
- setup_reward: -14.0000
- deadline_reward: 0.0000
- priority_reward: 0.0000
- critical_job_reward: 0.0000
- placement_reward: 0.0000
- timeliness_reward: 9.2989
- machine_idle_penalty: -7.8125

TOTAL REWARD: -12.9936

CUMULATIVE REWARD COMPONENTS:
- makespan_reward: -2.6250
- setup_reward: -51.0000
- deadline_reward: 20.0000
- priority_reward: 36.0000
- critical_job_reward: 25.4023
- placement_reward: 0.0000
- timeliness_reward: 83.1692
- machine_idle_penalty: -45.9000

CUMULATIVE TOTAL: 65.0465

CRITICAL STATE INFO:
- Valid actions: ['J1', 'J2', 'J3', 'J4', 'J5', 'J6', 'J7', 'J8', 'J9', 'J10', 'J11', 'J12', 'J13', 'J14', 'J15', 'J16', 'J17', 'J18', 'J19']
- Machine states:
  - Machine M1: Time=525.00, Idle=0.00, Material=Racebike_Rahmen_nachbearbeitet
  - Machine M2: Time=0.00, Idle=525.00, Material=None
  - Machine M3: Time=429.00, Idle=96.00, Material=Citybike_Rahmen_nachbearbeitet
==================================================

2025-06-19 11:35:18,847 - JSPGymEnvironment - INFO - Material change on machine M3: Citybike_Rahmen_nachbearbeitet -> Racebike_Bremsaufnahme_gebohrt, setup time: 12
2025-06-19 11:35:18,848 - JSPGymEnvironment - INFO - Executed operation: Job J10, Op 0, Machine M3, Start: 537, End: 574, Setup: 12
2025-06-19 11:35:18,848 - JSPGymEnvironment - INFO - 
===== REWARD DETAILS FOR STEP 10 =====
Job: J10, Operation: 0, Job Completed: False
Current Time: 525.00 -> 574.00, Setup Time: 12.00
Processing Time: 37.00, Idle Time: 0.00
Completed Jobs: 1/20
Machine: M3, Material: Racebike_Bremsaufnahme_gebohrt

REWARD COMPONENTS:
- makespan_reward: -0.2450
- setup_reward: -3.0000
- deadline_reward: 0.0000
- priority_reward: 0.0000
- critical_job_reward: 0.5000
- placement_reward: 0.0000
- timeliness_reward: 9.3063
- machine_idle_penalty: -7.8375

TOTAL REWARD: -1.2762

CUMULATIVE REWARD COMPONENTS:
- makespan_reward: -2.8700
- setup_reward: -54.0000
- deadline_reward: 20.0000
- priority_reward: 36.0000
- critical_job_reward: 25.9023
- placement_reward: 0.0000
- timeliness_reward: 92.4755
- machine_idle_penalty: -53.7375

CUMULATIVE TOTAL: 63.7703

CRITICAL STATE INFO:
- Valid actions: ['J1', 'J2', 'J3', 'J4', 'J5', 'J6', 'J7', 'J8', 'J9', 'J10', 'J11', 'J12', 'J13', 'J14', 'J15', 'J16', 'J17', 'J18', 'J19']
- Machine states:
  - Machine M1: Time=525.00, Idle=49.00, Material=Racebike_Rahmen_nachbearbeitet
  - Machine M2: Time=0.00, Idle=574.00, Material=None
  - Machine M3: Time=574.00, Idle=0.00, Material=Racebike_Bremsaufnahme_gebohrt
==================================================

2025-06-19 11:35:18,857 - JSPGymEnvironment - INFO - Material change on machine M3: Racebike_Bremsaufnahme_gebohrt -> E-Bike_Fahrrad_endmontiert, setup time: 21
2025-06-19 11:35:18,858 - JSPGymEnvironment - INFO - Executed operation: Job J4, Op 1, Machine M3, Start: 595, End: 650, Setup: 21
2025-06-19 11:35:18,858 - JSPGymEnvironment - INFO - 
===== REWARD DETAILS FOR STEP 11 =====
Job: J4, Operation: 1, Job Completed: False
Current Time: 574.00 -> 650.00, Setup Time: 21.00
Processing Time: 55.00, Idle Time: 0.00
Completed Jobs: 1/20
Machine: M3, Material: E-Bike_Fahrrad_endmontiert

REWARD COMPONENTS:
- makespan_reward: -0.3800
- setup_reward: -5.2500
- deadline_reward: 0.0000
- priority_reward: 0.0000
- critical_job_reward: 0.5000
- placement_reward: 0.0000
- timeliness_reward: 9.3150
- machine_idle_penalty: -9.7375

TOTAL REWARD: -5.5525

CUMULATIVE REWARD COMPONENTS:
- makespan_reward: -3.2500
- setup_reward: -59.2500
- deadline_reward: 20.0000
- priority_reward: 36.0000
- critical_job_reward: 26.4023
- placement_reward: 0.0000
- timeliness_reward: 101.7906
- machine_idle_penalty: -63.4750

CUMULATIVE TOTAL: 58.2178

CRITICAL STATE INFO:
- Valid actions: ['J1', 'J2', 'J3', 'J4', 'J5', 'J6', 'J7', 'J8', 'J9', 'J10', 'J11', 'J12', 'J13', 'J14', 'J15', 'J16', 'J17', 'J18', 'J19']
- Machine states:
  - Machine M1: Time=525.00, Idle=125.00, Material=Racebike_Rahmen_nachbearbeitet
  - Machine M2: Time=0.00, Idle=650.00, Material=None
  - Machine M3: Time=650.00, Idle=0.00, Material=E-Bike_Fahrrad_endmontiert
==================================================

2025-06-19 11:35:18,866 - JSPGymEnvironment - INFO - Material change on machine M1: Racebike_Rahmen_nachbearbeitet -> Citybike_Laufraeder_montiert, setup time: 41
2025-06-19 11:35:18,866 - JSPGymEnvironment - INFO - Executed operation: Job J18, Op 1, Machine M1, Start: 691, End: 719, Setup: 41
2025-06-19 11:35:18,867 - JSPGymEnvironment - INFO - 
===== REWARD DETAILS FOR STEP 12 =====
Job: J18, Operation: 1, Job Completed: False
Current Time: 650.00 -> 719.00, Setup Time: 41.00
Processing Time: 28.00, Idle Time: 0.00
Completed Jobs: 1/20
Machine: M1, Material: Citybike_Laufraeder_montiert

REWARD COMPONENTS:
- makespan_reward: -0.3450
- setup_reward: -10.2500
- deadline_reward: 0.0000
- priority_reward: 0.0000
- critical_job_reward: 0.0000
- placement_reward: 0.0000
- timeliness_reward: 9.3195
- machine_idle_penalty: -9.9000

TOTAL REWARD: -11.1755

CUMULATIVE REWARD COMPONENTS:
- makespan_reward: -3.5950
- setup_reward: -69.5000
- deadline_reward: 20.0000
- priority_reward: 36.0000
- critical_job_reward: 26.4023
- placement_reward: 0.0000
- timeliness_reward: 111.1101
- machine_idle_penalty: -73.3750

CUMULATIVE TOTAL: 47.0423

CRITICAL STATE INFO:
- Valid actions: ['J1', 'J2', 'J3', 'J4', 'J5', 'J6', 'J7', 'J8', 'J9', 'J10', 'J11', 'J12', 'J13', 'J14', 'J15', 'J16', 'J17', 'J18', 'J19']
- Machine states:
  - Machine M1: Time=719.00, Idle=0.00, Material=Citybike_Laufraeder_montiert
  - Machine M2: Time=0.00, Idle=719.00, Material=None
  - Machine M3: Time=650.00, Idle=69.00, Material=E-Bike_Fahrrad_endmontiert
==================================================

2025-06-19 11:35:18,876 - JSPGymEnvironment - INFO - Material change on machine M2:  -> Citybike_Fahrrad_endmontiert, setup time: 0
2025-06-19 11:35:18,876 - JSPGymEnvironment - INFO - Executed operation: Job J15, Op 0, Machine M2, Start: 719, End: 735, Setup: 0
2025-06-19 11:35:18,876 - JSPGymEnvironment - INFO - 
===== REWARD DETAILS FOR STEP 13 =====
Job: J15, Operation: 0, Job Completed: False
Current Time: 719.00 -> 735.00, Setup Time: 0.00
Processing Time: 16.00, Idle Time: 0.00
Completed Jobs: 1/20
Machine: M2, Material: Citybike_Fahrrad_endmontiert

REWARD COMPONENTS:
- makespan_reward: -0.0800
- setup_reward: 0.0000
- deadline_reward: 0.0000
- priority_reward: 0.0000
- critical_job_reward: 0.0000
- placement_reward: 0.0000
- timeliness_reward: 9.3245
- machine_idle_penalty: -1.2625

TOTAL REWARD: 7.9820

CUMULATIVE REWARD COMPONENTS:
- makespan_reward: -3.6750
- setup_reward: -69.5000
- deadline_reward: 20.0000
- priority_reward: 36.0000
- critical_job_reward: 26.4023
- placement_reward: 0.0000
- timeliness_reward: 120.4346
- machine_idle_penalty: -74.6375

CUMULATIVE TOTAL: 55.0243

CRITICAL STATE INFO:
- Valid actions: ['J1', 'J2', 'J3', 'J4', 'J5', 'J6', 'J7', 'J8', 'J9', 'J10', 'J11', 'J12', 'J13', 'J14', 'J15', 'J16', 'J17', 'J18', 'J19']
- Machine states:
  - Machine M1: Time=719.00, Idle=16.00, Material=Citybike_Laufraeder_montiert
  - Machine M2: Time=735.00, Idle=0.00, Material=Citybike_Fahrrad_endmontiert
  - Machine M3: Time=650.00, Idle=85.00, Material=E-Bike_Fahrrad_endmontiert
==================================================

2025-06-19 11:35:18,885 - JSPGymEnvironment - INFO - Material change on machine M3: E-Bike_Fahrrad_endmontiert -> E-Bike_Rahmen_lackiert, setup time: 15
2025-06-19 11:35:18,885 - JSPGymEnvironment - INFO - Executed operation: Job J16, Op 0, Machine M3, Start: 750, End: 780, Setup: 15
2025-06-19 11:35:18,885 - JSPGymEnvironment - INFO - 
===== REWARD DETAILS FOR STEP 14 =====
Job: J16, Operation: 0, Job Completed: False
Current Time: 735.00 -> 780.00, Setup Time: 15.00
Processing Time: 30.00, Idle Time: 0.00
Completed Jobs: 1/20
Machine: M3, Material: E-Bike_Rahmen_lackiert

REWARD COMPONENTS:
- makespan_reward: -0.2250
- setup_reward: -3.7500
- deadline_reward: 0.0000
- priority_reward: 0.0000
- critical_job_reward: 0.5000
- placement_reward: 0.0000
- timeliness_reward: 9.3585
- machine_idle_penalty: -1.3250

TOTAL REWARD: 4.5585

CUMULATIVE REWARD COMPONENTS:
- makespan_reward: -3.9000
- setup_reward: -73.2500
- deadline_reward: 20.0000
- priority_reward: 36.0000
- critical_job_reward: 26.9023
- placement_reward: 0.0000
- timeliness_reward: 129.7930
- machine_idle_penalty: -75.9625

CUMULATIVE TOTAL: 59.5828

CRITICAL STATE INFO:
- Valid actions: ['J1', 'J2', 'J3', 'J4', 'J5', 'J6', 'J7', 'J8', 'J9', 'J10', 'J11', 'J12', 'J13', 'J14', 'J15', 'J16', 'J17', 'J18', 'J19']
- Machine states:
  - Machine M1: Time=719.00, Idle=61.00, Material=Citybike_Laufraeder_montiert
  - Machine M2: Time=735.00, Idle=45.00, Material=Citybike_Fahrrad_endmontiert
  - Machine M3: Time=780.00, Idle=0.00, Material=E-Bike_Rahmen_lackiert
==================================================

2025-06-19 11:35:18,894 - JSPGymEnvironment - INFO - Material change on machine M1: Citybike_Laufraeder_montiert -> Racebike_Bremsen_justiert, setup time: 30
2025-06-19 11:35:18,894 - JSPGymEnvironment - INFO - Executed operation: Job J13, Op 2, Machine M1, Start: 810, End: 831, Setup: 30
2025-06-19 11:35:18,894 - JSPGymEnvironment - INFO - 
===== REWARD DETAILS FOR STEP 15 =====
Job: J13, Operation: 2, Job Completed: False
Current Time: 780.00 -> 831.00, Setup Time: 30.00
Processing Time: 21.00, Idle Time: 0.00
Completed Jobs: 1/20
Machine: M1, Material: Racebike_Bremsen_justiert

REWARD COMPONENTS:
- makespan_reward: -0.2550
- setup_reward: -7.5000
- deadline_reward: 0.0000
- priority_reward: 0.0000
- critical_job_reward: 0.0000
- placement_reward: 0.0000
- timeliness_reward: 9.3186
- machine_idle_penalty: -1.8375

TOTAL REWARD: -0.2739

CUMULATIVE REWARD COMPONENTS:
- makespan_reward: -4.1550
- setup_reward: -80.7500
- deadline_reward: 20.0000
- priority_reward: 36.0000
- critical_job_reward: 26.9023
- placement_reward: 0.0000
- timeliness_reward: 139.1117
- machine_idle_penalty: -77.8000

CUMULATIVE TOTAL: 59.3089

CRITICAL STATE INFO:
- Valid actions: ['J1', 'J2', 'J3', 'J4', 'J5', 'J6', 'J7', 'J8', 'J9', 'J10', 'J11', 'J12', 'J13', 'J14', 'J15', 'J16', 'J17', 'J18', 'J19']
- Machine states:
  - Machine M1: Time=831.00, Idle=0.00, Material=Racebike_Bremsen_justiert
  - Machine M2: Time=735.00, Idle=96.00, Material=Citybike_Fahrrad_endmontiert
  - Machine M3: Time=780.00, Idle=51.00, Material=E-Bike_Rahmen_lackiert
==================================================

2025-06-19 11:35:18,903 - JSPGymEnvironment - INFO - Material change on machine M2: Citybike_Fahrrad_endmontiert -> E-Bike_Hinterbau_vorbereitet, setup time: 21
2025-06-19 11:35:18,903 - JSPGymEnvironment - INFO - Executed operation: Job J16, Op 1, Machine M2, Start: 852, End: 869, Setup: 21
2025-06-19 11:35:18,903 - JSPGymEnvironment - INFO - 
===== REWARD DETAILS FOR STEP 16 =====
Job: J16, Operation: 1, Job Completed: False
Current Time: 831.00 -> 869.00, Setup Time: 21.00
Processing Time: 17.00, Idle Time: 0.00
Completed Jobs: 1/20
Machine: M2, Material: E-Bike_Hinterbau_vorbereitet

REWARD COMPONENTS:
- makespan_reward: -0.1900
- setup_reward: -5.2500
- deadline_reward: 0.0000
- priority_reward: 0.0000
- critical_job_reward: 0.5000
- placement_reward: 0.0000
- timeliness_reward: 9.3581
- machine_idle_penalty: -1.5875

TOTAL REWARD: 2.8306

CUMULATIVE REWARD COMPONENTS:
- makespan_reward: -4.3450
- setup_reward: -86.0000
- deadline_reward: 20.0000
- priority_reward: 36.0000
- critical_job_reward: 27.4023
- placement_reward: 0.0000
- timeliness_reward: 148.4698
- machine_idle_penalty: -79.3875

CUMULATIVE TOTAL: 62.1395

CRITICAL STATE INFO:
- Valid actions: ['J1', 'J2', 'J3', 'J4', 'J5', 'J6', 'J7', 'J8', 'J9', 'J10', 'J11', 'J12', 'J13', 'J14', 'J15', 'J16', 'J17', 'J18', 'J19']
- Machine states:
  - Machine M1: Time=831.00, Idle=38.00, Material=Racebike_Bremsen_justiert
  - Machine M2: Time=869.00, Idle=0.00, Material=E-Bike_Hinterbau_vorbereitet
  - Machine M3: Time=780.00, Idle=89.00, Material=E-Bike_Rahmen_lackiert
==================================================

2025-06-19 11:35:18,912 - JSPGymEnvironment - INFO - Material change on machine M3: E-Bike_Rahmen_lackiert -> Citybike_Hauptrahmen_zugeschnitten, setup time: 15
2025-06-19 11:35:18,912 - JSPGymEnvironment - INFO - Executed operation: Job J18, Op 2, Machine M3, Start: 884, End: 931, Setup: 15
2025-06-19 11:35:18,912 - JSPGymEnvironment - INFO - 
===== REWARD DETAILS FOR STEP 17 =====
Job: J18, Operation: 2, Job Completed: False
Current Time: 869.00 -> 931.00, Setup Time: 15.00
Processing Time: 47.00, Idle Time: 0.00
Completed Jobs: 1/20
Machine: M3, Material: Citybike_Hauptrahmen_zugeschnitten

REWARD COMPONENTS:
- makespan_reward: -0.3100
- setup_reward: -3.7500
- deadline_reward: 0.0000
- priority_reward: 0.0000
- critical_job_reward: 0.0000
- placement_reward: 0.0000
- timeliness_reward: 9.3075
- machine_idle_penalty: -2.0250

TOTAL REWARD: 3.2225

CUMULATIVE REWARD COMPONENTS:
- makespan_reward: -4.6550
- setup_reward: -89.7500
- deadline_reward: 20.0000
- priority_reward: 36.0000
- critical_job_reward: 27.4023
- placement_reward: 0.0000
- timeliness_reward: 157.7773
- machine_idle_penalty: -81.4125

CUMULATIVE TOTAL: 65.3620

CRITICAL STATE INFO:
- Valid actions: ['J1', 'J2', 'J3', 'J4', 'J5', 'J6', 'J7', 'J8', 'J9', 'J10', 'J11', 'J12', 'J13', 'J14', 'J15', 'J16', 'J17', 'J18', 'J19']
- Machine states:
  - Machine M1: Time=831.00, Idle=100.00, Material=Racebike_Bremsen_justiert
  - Machine M2: Time=869.00, Idle=62.00, Material=E-Bike_Hinterbau_vorbereitet
  - Machine M3: Time=931.00, Idle=0.00, Material=Citybike_Hauptrahmen_zugeschnitten
==================================================

2025-06-19 11:35:18,921 - JSPGymEnvironment - INFO - Material change on machine M3: Citybike_Hauptrahmen_zugeschnitten -> Racebike_Rahmen_komplettiert, setup time: 12
2025-06-19 11:35:18,921 - JSPGymEnvironment - INFO - Executed operation: Job J13, Op 3, Machine M3, Start: 943, End: 982, Setup: 12
2025-06-19 11:35:18,921 - JSPGymEnvironment - INFO - 
===== REWARD DETAILS FOR STEP 18 =====
Job: J13, Operation: 3, Job Completed: False
Current Time: 931.00 -> 982.00, Setup Time: 12.00
Processing Time: 39.00, Idle Time: 0.00
Completed Jobs: 1/20
Machine: M3, Material: Racebike_Rahmen_komplettiert

REWARD COMPONENTS:
- makespan_reward: -0.2550
- setup_reward: -3.0000
- deadline_reward: 0.0000
- priority_reward: 0.0000
- critical_job_reward: 0.0000
- placement_reward: 0.0000
- timeliness_reward: 9.2974
- machine_idle_penalty: -3.3000

TOTAL REWARD: 2.7424

CUMULATIVE REWARD COMPONENTS:
- makespan_reward: -4.9100
- setup_reward: -92.7500
- deadline_reward: 20.0000
- priority_reward: 36.0000
- critical_job_reward: 27.4023
- placement_reward: 0.0000
- timeliness_reward: 167.0747
- machine_idle_penalty: -84.7125

CUMULATIVE TOTAL: 68.1044

CRITICAL STATE INFO:
- Valid actions: ['J1', 'J2', 'J3', 'J4', 'J5', 'J6', 'J7', 'J8', 'J9', 'J10', 'J11', 'J12', 'J13', 'J14', 'J15', 'J16', 'J17', 'J18', 'J19']
- Machine states:
  - Machine M1: Time=831.00, Idle=151.00, Material=Racebike_Bremsen_justiert
  - Machine M2: Time=869.00, Idle=113.00, Material=E-Bike_Hinterbau_vorbereitet
  - Machine M3: Time=982.00, Idle=0.00, Material=Racebike_Rahmen_komplettiert
==================================================

2025-06-19 11:35:18,929 - JSPGymEnvironment - INFO - Material change on machine M2: E-Bike_Hinterbau_vorbereitet -> Racebike_Rahmen_nachbearbeitet, setup time: 29
2025-06-19 11:35:18,929 - JSPGymEnvironment - INFO - Executed operation: Job J10, Op 1, Machine M2, Start: 1011, End: 1036, Setup: 29
2025-06-19 11:35:18,929 - JSPGymEnvironment - INFO - 
===== REWARD DETAILS FOR STEP 19 =====
Job: J10, Operation: 1, Job Completed: False
Current Time: 982.00 -> 1036.00, Setup Time: 29.00
Processing Time: 25.00, Idle Time: 0.00
Completed Jobs: 1/20
Machine: M2, Material: Racebike_Rahmen_nachbearbeitet

REWARD COMPONENTS:
- makespan_reward: -0.2700
- setup_reward: -7.2500
- deadline_reward: 0.0000
- priority_reward: 0.0000
- critical_job_reward: 0.5000
- placement_reward: 0.0000
- timeliness_reward: 9.2830
- machine_idle_penalty: -3.2375

TOTAL REWARD: -0.9745

CUMULATIVE REWARD COMPONENTS:
- makespan_reward: -5.1800
- setup_reward: -100.0000
- deadline_reward: 20.0000
- priority_reward: 36.0000
- critical_job_reward: 27.9023
- placement_reward: 0.0000
- timeliness_reward: 176.3577
- machine_idle_penalty: -87.9500

CUMULATIVE TOTAL: 67.1299

CRITICAL STATE INFO:
- Valid actions: ['J1', 'J2', 'J3', 'J4', 'J5', 'J6', 'J7', 'J8', 'J9', 'J10', 'J11', 'J12', 'J13', 'J14', 'J15', 'J16', 'J17', 'J18', 'J19']
- Machine states:
  - Machine M1: Time=831.00, Idle=205.00, Material=Racebike_Bremsen_justiert
  - Machine M2: Time=1036.00, Idle=0.00, Material=Racebike_Rahmen_nachbearbeitet
  - Machine M3: Time=982.00, Idle=54.00, Material=Racebike_Rahmen_komplettiert
==================================================

2025-06-19 11:35:18,939 - JSPGymEnvironment - INFO - Executed operation: Job J12, Op 0, Machine M3, Start: 1046, End: 1100, Setup: 10
2025-06-19 11:35:18,939 - JSPGymEnvironment - INFO - 
===== REWARD DETAILS FOR STEP 20 =====
Job: J12, Operation: 0, Job Completed: False
Current Time: 1036.00 -> 1100.00, Setup Time: 10.00
Processing Time: 54.00, Idle Time: 0.00
Completed Jobs: 1/20
Machine: M3, Material: Racebike_Rahmen_komplettiert

REWARD COMPONENTS:
- makespan_reward: -0.3200
- setup_reward: -2.5000
- deadline_reward: 0.0000
- priority_reward: 0.0000
- critical_job_reward: 0.5000
- placement_reward: 0.0000
- timeliness_reward: 9.2776
- machine_idle_penalty: -4.1625

TOTAL REWARD: 2.7951

CUMULATIVE REWARD COMPONENTS:
- makespan_reward: -5.5000
- setup_reward: -102.5000
- deadline_reward: 20.0000
- priority_reward: 36.0000
- critical_job_reward: 28.4023
- placement_reward: 0.0000
- timeliness_reward: 185.6353
- machine_idle_penalty: -92.1125

CUMULATIVE TOTAL: 69.9250

CRITICAL STATE INFO:
- Valid actions: ['J1', 'J2', 'J3', 'J4', 'J5', 'J6', 'J7', 'J8', 'J9', 'J10', 'J11', 'J12', 'J13', 'J14', 'J15', 'J16', 'J17', 'J18', 'J19']
- Machine states:
  - Machine M1: Time=831.00, Idle=269.00, Material=Racebike_Bremsen_justiert
  - Machine M2: Time=1036.00, Idle=64.00, Material=Racebike_Rahmen_nachbearbeitet
  - Machine M3: Time=1100.00, Idle=0.00, Material=Racebike_Rahmen_komplettiert
==================================================

2025-06-19 11:35:18,947 - JSPGymEnvironment - INFO - Material change on machine M1: Racebike_Bremsen_justiert -> Citybike_Schaltauge_bearbeitet, setup time: 41
2025-06-19 11:35:18,948 - JSPGymEnvironment - INFO - Executed operation: Job J18, Op 3, Machine M1, Start: 1141, End: 1182, Setup: 41
2025-06-19 11:35:18,948 - JSPGymEnvironment - INFO - 
===== REWARD DETAILS FOR STEP 21 =====
Job: J18, Operation: 3, Job Completed: False
Current Time: 1100.00 -> 1182.00, Setup Time: 41.00
Processing Time: 41.00, Idle Time: 0.00
Completed Jobs: 1/20
Machine: M1, Material: Citybike_Schaltauge_bearbeitet

REWARD COMPONENTS:
- makespan_reward: -0.4100
- setup_reward: -10.2500
- deadline_reward: 0.0000
- priority_reward: 0.0000
- critical_job_reward: 0.0000
- placement_reward: 0.0000
- timeliness_reward: 9.2212
- machine_idle_penalty: -2.8500

TOTAL REWARD: -4.2888

CUMULATIVE REWARD COMPONENTS:
- makespan_reward: -5.9100
- setup_reward: -112.7500
- deadline_reward: 20.0000
- priority_reward: 36.0000
- critical_job_reward: 28.4023
- placement_reward: 0.0000
- timeliness_reward: 194.8564
- machine_idle_penalty: -94.9625

CUMULATIVE TOTAL: 65.6362

CRITICAL STATE INFO:
- Valid actions: ['J1', 'J2', 'J3', 'J4', 'J5', 'J6', 'J7', 'J8', 'J9', 'J10', 'J11', 'J12', 'J13', 'J14', 'J15', 'J16', 'J17', 'J18', 'J19']
- Machine states:
  - Machine M1: Time=1182.00, Idle=0.00, Material=Citybike_Schaltauge_bearbeitet
  - Machine M2: Time=1036.00, Idle=146.00, Material=Racebike_Rahmen_nachbearbeitet
  - Machine M3: Time=1100.00, Idle=82.00, Material=Racebike_Rahmen_komplettiert
==================================================

2025-06-19 11:35:18,957 - JSPGymEnvironment - INFO - Material change on machine M1: Citybike_Schaltauge_bearbeitet -> Racebike_Schaltauge_bearbeitet, setup time: 30
2025-06-19 11:35:18,957 - JSPGymEnvironment - INFO - Executed operation: Job J10, Op 2, Machine M1, Start: 1212, End: 1255, Setup: 30
2025-06-19 11:35:18,957 - JSPGymEnvironment - INFO - 
===== REWARD DETAILS FOR STEP 22 =====
Job: J10, Operation: 2, Job Completed: False
Current Time: 1182.00 -> 1255.00, Setup Time: 30.00
Processing Time: 43.00, Idle Time: 0.00
Completed Jobs: 1/20
Machine: M1, Material: Racebike_Schaltauge_bearbeitet

REWARD COMPONENTS:
- makespan_reward: -0.3650
- setup_reward: -7.5000
- deadline_reward: 0.0000
- priority_reward: 0.0000
- critical_job_reward: 0.5000
- placement_reward: 0.0000
- timeliness_reward: 9.1755
- machine_idle_penalty: -4.6750

TOTAL REWARD: -2.8645

CUMULATIVE REWARD COMPONENTS:
- makespan_reward: -6.2750
- setup_reward: -120.2500
- deadline_reward: 20.0000
- priority_reward: 36.0000
- critical_job_reward: 28.9023
- placement_reward: 0.0000
- timeliness_reward: 204.0320
- machine_idle_penalty: -99.6375

CUMULATIVE TOTAL: 62.7717

CRITICAL STATE INFO:
- Valid actions: ['J1', 'J2', 'J3', 'J4', 'J5', 'J6', 'J7', 'J8', 'J9', 'J10', 'J11', 'J12', 'J13', 'J14', 'J15', 'J16', 'J17', 'J18', 'J19']
- Machine states:
  - Machine M1: Time=1255.00, Idle=0.00, Material=Racebike_Schaltauge_bearbeitet
  - Machine M2: Time=1036.00, Idle=219.00, Material=Racebike_Rahmen_nachbearbeitet
  - Machine M3: Time=1100.00, Idle=155.00, Material=Racebike_Rahmen_komplettiert
==================================================

2025-06-19 11:35:18,966 - JSPGymEnvironment - INFO - Material change on machine M1: Racebike_Schaltauge_bearbeitet -> Racebike_Tretlager_gefraest, setup time: 40
2025-06-19 11:35:18,966 - JSPGymEnvironment - INFO - Executed operation: Job J13, Op 4, Machine M1, Start: 1295, End: 1330, Setup: 40
2025-06-19 11:35:18,966 - JSPGymEnvironment - INFO - Job J13 completed at time 1330, deadline: 2880, met: True, priority: 7
2025-06-19 11:35:18,966 - JSPGymEnvironment - INFO - 
===== REWARD DETAILS FOR STEP 23 =====
Job: J13, Operation: 4, Job Completed: True
Current Time: 1255.00 -> 1330.00, Setup Time: 40.00
Processing Time: 35.00, Idle Time: 0.00
Completed Jobs: 2/20
Machine: M1, Material: Racebike_Tretlager_gefraest
Job Deadline: 2880.00 (Met), Priority: 7

REWARD COMPONENTS:
- makespan_reward: -0.3750
- setup_reward: -10.0000
- deadline_reward: 20.0000
- priority_reward: 28.0000
- critical_job_reward: 0.0000
- placement_reward: 0.0000
- timeliness_reward: 9.1148
- machine_idle_penalty: -6.5500

TOTAL REWARD: 40.1898

CUMULATIVE REWARD COMPONENTS:
- makespan_reward: -6.6500
- setup_reward: -130.2500
- deadline_reward: 40.0000
- priority_reward: 64.0000
- critical_job_reward: 28.9023
- placement_reward: 0.0000
- timeliness_reward: 213.1468
- machine_idle_penalty: -106.1875

CUMULATIVE TOTAL: 102.9615

CRITICAL STATE INFO:
- Valid actions: ['J1', 'J2', 'J3', 'J4', 'J5', 'J6', 'J7', 'J8', 'J9', 'J10', 'J11', 'J12', 'J14', 'J15', 'J16', 'J17', 'J18', 'J19']
- Machine states:
  - Machine M1: Time=1330.00, Idle=0.00, Material=Racebike_Tretlager_gefraest
  - Machine M2: Time=1036.00, Idle=294.00, Material=Racebike_Rahmen_nachbearbeitet
  - Machine M3: Time=1100.00, Idle=230.00, Material=Racebike_Rahmen_komplettiert
==================================================

2025-06-19 11:35:18,966 - JSPGymEnvironment - INFO - Retro-Bonus für Job J13: +10.0
2025-06-19 11:35:18,976 - JSPGymEnvironment - INFO - Material change on machine M1: Racebike_Tretlager_gefraest -> Racebike_Hauptrahmen_zugeschnitten, setup time: 40
2025-06-19 11:35:18,976 - JSPGymEnvironment - INFO - Executed operation: Job J10, Op 3, Machine M1, Start: 1370, End: 1414, Setup: 40
2025-06-19 11:35:18,976 - JSPGymEnvironment - INFO - 
===== REWARD DETAILS FOR STEP 24 =====
Job: J10, Operation: 3, Job Completed: False
Current Time: 1330.00 -> 1414.00, Setup Time: 40.00
Processing Time: 44.00, Idle Time: 0.00
Completed Jobs: 2/20
Machine: M1, Material: Racebike_Hauptrahmen_zugeschnitten

REWARD COMPONENTS:
- makespan_reward: -0.4200
- setup_reward: -10.0000
- deadline_reward: 0.0000
- priority_reward: 0.0000
- critical_job_reward: 0.5000
- placement_reward: 0.0000
- timeliness_reward: 9.0313
- machine_idle_penalty: -8.6500

TOTAL REWARD: -9.5387

CUMULATIVE REWARD COMPONENTS:
- makespan_reward: -7.0700
- setup_reward: -140.2500
- deadline_reward: 40.0000
- priority_reward: 64.0000
- critical_job_reward: 29.4023
- placement_reward: 0.0000
- timeliness_reward: 222.1780
- machine_idle_penalty: -114.8375

CUMULATIVE TOTAL: 93.4228

CRITICAL STATE INFO:
- Valid actions: ['J1', 'J2', 'J3', 'J4', 'J5', 'J6', 'J7', 'J8', 'J9', 'J10', 'J11', 'J12', 'J14', 'J15', 'J16', 'J17', 'J18', 'J19']
- Machine states:
  - Machine M1: Time=1414.00, Idle=0.00, Material=Racebike_Hauptrahmen_zugeschnitten
  - Machine M2: Time=1036.00, Idle=378.00, Material=Racebike_Rahmen_nachbearbeitet
  - Machine M3: Time=1100.00, Idle=314.00, Material=Racebike_Rahmen_komplettiert
==================================================

2025-06-19 11:35:19,071 - JSPGymEnvironment - INFO - Material change on machine M1: Racebike_Hauptrahmen_zugeschnitten -> Citybike_Bremsen_justiert, setup time: 41
2025-06-19 11:35:19,071 - JSPGymEnvironment - INFO - Executed operation: Job J18, Op 4, Machine M1, Start: 1455, End: 1484, Setup: 41
2025-06-19 11:35:19,071 - JSPGymEnvironment - INFO - 
===== REWARD DETAILS FOR STEP 25 =====
Job: J18, Operation: 4, Job Completed: False
Current Time: 1414.00 -> 1484.00, Setup Time: 41.00
Processing Time: 29.00, Idle Time: 0.00
Completed Jobs: 2/20
Machine: M1, Material: Citybike_Bremsen_justiert

REWARD COMPONENTS:
- makespan_reward: -0.3500
- setup_reward: -10.2500
- deadline_reward: 0.0000
- priority_reward: 0.0000
- critical_job_reward: 0.0000
- placement_reward: 0.0000
- timeliness_reward: 8.9460
- machine_idle_penalty: -10.4000

TOTAL REWARD: -12.0540

CUMULATIVE REWARD COMPONENTS:
- makespan_reward: -7.4200
- setup_reward: -150.5000
- deadline_reward: 40.0000
- priority_reward: 64.0000
- critical_job_reward: 29.4023
- placement_reward: 0.0000
- timeliness_reward: 231.1240
- machine_idle_penalty: -125.2375

CUMULATIVE TOTAL: 81.3688

CRITICAL STATE INFO:
- Valid actions: ['J1', 'J2', 'J3', 'J4', 'J5', 'J6', 'J7', 'J8', 'J9', 'J10', 'J11', 'J12', 'J14', 'J15', 'J16', 'J17', 'J18', 'J19']
- Machine states:
  - Machine M1: Time=1484.00, Idle=0.00, Material=Citybike_Bremsen_justiert
  - Machine M2: Time=1036.00, Idle=448.00, Material=Racebike_Rahmen_nachbearbeitet
  - Machine M3: Time=1100.00, Idle=384.00, Material=Racebike_Rahmen_komplettiert
==================================================

2025-06-19 11:35:19,081 - JSPGymEnvironment - INFO - Material change on machine M2: Racebike_Rahmen_nachbearbeitet -> Racebike_Rahmen_komplettiert, setup time: 20
2025-06-19 11:35:19,081 - JSPGymEnvironment - INFO - Executed operation: Job J10, Op 4, Machine M2, Start: 1504, End: 1532, Setup: 20
2025-06-19 11:35:19,081 - JSPGymEnvironment - INFO - Job J10 completed at time 1532, deadline: 2880, met: True, priority: 10
2025-06-19 11:35:19,081 - JSPGymEnvironment - INFO - 
===== REWARD DETAILS FOR STEP 26 =====
Job: J10, Operation: 4, Job Completed: True
Current Time: 1484.00 -> 1532.00, Setup Time: 20.00
Processing Time: 28.00, Idle Time: 0.00
Completed Jobs: 3/20
Machine: M2, Material: Racebike_Rahmen_komplettiert
Job Deadline: 2880.00 (Met), Priority: 10

REWARD COMPONENTS:
- makespan_reward: -0.2400
- setup_reward: -5.0000
- deadline_reward: 20.0000
- priority_reward: 40.0000
- critical_job_reward: 18.1167
- placement_reward: 0.0000
- timeliness_reward: 8.8721
- machine_idle_penalty: -6.0000

TOTAL REWARD: 75.7487

CUMULATIVE REWARD COMPONENTS:
- makespan_reward: -7.6600
- setup_reward: -155.5000
- deadline_reward: 60.0000
- priority_reward: 104.0000
- critical_job_reward: 47.5189
- placement_reward: 0.0000
- timeliness_reward: 239.9961
- machine_idle_penalty: -131.2375

CUMULATIVE TOTAL: 157.1175

CRITICAL STATE INFO:
- Valid actions: ['J1', 'J2', 'J3', 'J4', 'J5', 'J6', 'J7', 'J8', 'J9', 'J11', 'J12', 'J14', 'J15', 'J16', 'J17', 'J18', 'J19']
- Machine states:
  - Machine M1: Time=1484.00, Idle=48.00, Material=Citybike_Bremsen_justiert
  - Machine M2: Time=1532.00, Idle=0.00, Material=Racebike_Rahmen_komplettiert
  - Machine M3: Time=1100.00, Idle=432.00, Material=Racebike_Rahmen_komplettiert
==================================================

2025-06-19 11:35:19,081 - JSPGymEnvironment - INFO - Retro-Bonus für Job J10: +15.0
2025-06-19 11:35:19,090 - JSPGymEnvironment - INFO - Material change on machine M1: Citybike_Bremsen_justiert -> Citybike_Hinterbau_vorbereitet, setup time: 40
2025-06-19 11:35:19,091 - JSPGymEnvironment - INFO - Executed operation: Job J18, Op 5, Machine M1, Start: 1572, End: 1588, Setup: 40
2025-06-19 11:35:19,091 - JSPGymEnvironment - INFO - 
===== REWARD DETAILS FOR STEP 27 =====
Job: J18, Operation: 5, Job Completed: False
Current Time: 1532.00 -> 1588.00, Setup Time: 40.00
Processing Time: 16.00, Idle Time: 0.00
Completed Jobs: 3/20
Machine: M1, Material: Citybike_Hinterbau_vorbereitet

REWARD COMPONENTS:
- makespan_reward: -0.2800
- setup_reward: -10.0000
- deadline_reward: 0.0000
- priority_reward: 0.0000
- critical_job_reward: 0.0000
- placement_reward: 0.0000
- timeliness_reward: 8.7818
- machine_idle_penalty: -6.8000

TOTAL REWARD: -8.2982

CUMULATIVE REWARD COMPONENTS:
- makespan_reward: -7.9400
- setup_reward: -165.5000
- deadline_reward: 60.0000
- priority_reward: 104.0000
- critical_job_reward: 47.5189
- placement_reward: 0.0000
- timeliness_reward: 248.7779
- machine_idle_penalty: -138.0375

CUMULATIVE TOTAL: 148.8194

CRITICAL STATE INFO:
- Valid actions: ['J1', 'J2', 'J3', 'J4', 'J5', 'J6', 'J7', 'J8', 'J9', 'J11', 'J12', 'J14', 'J15', 'J16', 'J17', 'J18', 'J19']
- Machine states:
  - Machine M1: Time=1588.00, Idle=0.00, Material=Citybike_Hinterbau_vorbereitet
  - Machine M2: Time=1532.00, Idle=56.00, Material=Racebike_Rahmen_komplettiert
  - Machine M3: Time=1100.00, Idle=488.00, Material=Racebike_Rahmen_komplettiert
==================================================

2025-06-19 11:35:19,100 - JSPGymEnvironment - INFO - Material change on machine M2: Racebike_Rahmen_komplettiert -> Citybike_Steuerrohr_montiert, setup time: 22
2025-06-19 11:35:19,100 - JSPGymEnvironment - INFO - Executed operation: Job J18, Op 6, Machine M2, Start: 1610, End: 1635, Setup: 22
2025-06-19 11:35:19,100 - JSPGymEnvironment - INFO - Job J18 completed at time 1635, deadline: 2880, met: True, priority: 4
2025-06-19 11:35:19,100 - JSPGymEnvironment - INFO - 
===== REWARD DETAILS FOR STEP 28 =====
Job: J18, Operation: 6, Job Completed: True
Current Time: 1588.00 -> 1635.00, Setup Time: 22.00
Processing Time: 25.00, Idle Time: 0.00
Completed Jobs: 4/20
Machine: M2, Material: Citybike_Steuerrohr_montiert
Job Deadline: 2880.00 (Met), Priority: 4

REWARD COMPONENTS:
- makespan_reward: -0.2350
- setup_reward: -5.5000
- deadline_reward: 20.0000
- priority_reward: 16.0000
- critical_job_reward: 0.0000
- placement_reward: 0.0000
- timeliness_reward: 8.6953
- machine_idle_penalty: -7.2750

TOTAL REWARD: 31.6853

CUMULATIVE REWARD COMPONENTS:
- makespan_reward: -8.1750
- setup_reward: -171.0000
- deadline_reward: 80.0000
- priority_reward: 120.0000
- critical_job_reward: 47.5189
- placement_reward: 0.0000
- timeliness_reward: 257.4732
- machine_idle_penalty: -145.3125

CUMULATIVE TOTAL: 180.5046

CRITICAL STATE INFO:
- Valid actions: ['J1', 'J2', 'J3', 'J4', 'J5', 'J6', 'J7', 'J8', 'J9', 'J11', 'J12', 'J14', 'J15', 'J16', 'J17', 'J19']
- Machine states:
  - Machine M1: Time=1588.00, Idle=47.00, Material=Citybike_Hinterbau_vorbereitet
  - Machine M2: Time=1635.00, Idle=0.00, Material=Citybike_Steuerrohr_montiert
  - Machine M3: Time=1100.00, Idle=535.00, Material=Racebike_Rahmen_komplettiert
==================================================

2025-06-19 11:35:19,100 - JSPGymEnvironment - INFO - Retro-Bonus für Job J18: +10.0
2025-06-19 11:35:19,109 - JSPGymEnvironment - INFO - Material change on machine M3: Racebike_Rahmen_komplettiert -> E-Bike_Hauptrahmen_zugeschnitten, setup time: 21
2025-06-19 11:35:19,109 - JSPGymEnvironment - INFO - Executed operation: Job J7, Op 0, Machine M3, Start: 1656, End: 1704, Setup: 21
2025-06-19 11:35:19,109 - JSPGymEnvironment - INFO - 
===== REWARD DETAILS FOR STEP 29 =====
Job: J7, Operation: 0, Job Completed: False
Current Time: 1635.00 -> 1704.00, Setup Time: 21.00
Processing Time: 48.00, Idle Time: 0.00
Completed Jobs: 4/20
Machine: M3, Material: E-Bike_Hauptrahmen_zugeschnitten

REWARD COMPONENTS:
- makespan_reward: -0.3450
- setup_reward: -5.2500
- deadline_reward: 0.0000
- priority_reward: 0.0000
- critical_job_reward: 0.0000
- placement_reward: 0.0000
- timeliness_reward: 8.5795
- machine_idle_penalty: -2.3125

TOTAL REWARD: 0.6720

CUMULATIVE REWARD COMPONENTS:
- makespan_reward: -8.5200
- setup_reward: -176.2500
- deadline_reward: 80.0000
- priority_reward: 120.0000
- critical_job_reward: 47.5189
- placement_reward: 0.0000
- timeliness_reward: 266.0527
- machine_idle_penalty: -147.6250

CUMULATIVE TOTAL: 181.1767

CRITICAL STATE INFO:
- Valid actions: ['J1', 'J2', 'J3', 'J4', 'J5', 'J6', 'J7', 'J8', 'J9', 'J11', 'J12', 'J14', 'J15', 'J16', 'J17', 'J19']
- Machine states:
  - Machine M1: Time=1588.00, Idle=116.00, Material=Citybike_Hinterbau_vorbereitet
  - Machine M2: Time=1635.00, Idle=69.00, Material=Citybike_Steuerrohr_montiert
  - Machine M3: Time=1704.00, Idle=0.00, Material=E-Bike_Hauptrahmen_zugeschnitten
==================================================

2025-06-19 11:35:19,118 - JSPGymEnvironment - INFO - Material change on machine M3: E-Bike_Hauptrahmen_zugeschnitten -> Mountainbike_Tretlager_gefraest, setup time: 20
2025-06-19 11:35:19,118 - JSPGymEnvironment - INFO - Executed operation: Job J6, Op 0, Machine M3, Start: 1724, End: 1763, Setup: 20
2025-06-19 11:35:19,118 - JSPGymEnvironment - INFO - 
===== REWARD DETAILS FOR STEP 30 =====
Job: J6, Operation: 0, Job Completed: False
Current Time: 1704.00 -> 1763.00, Setup Time: 20.00
Processing Time: 39.00, Idle Time: 0.00
Completed Jobs: 4/20
Machine: M3, Material: Mountainbike_Tretlager_gefraest

REWARD COMPONENTS:
- makespan_reward: -0.2950
- setup_reward: -5.0000
- deadline_reward: 0.0000
- priority_reward: 0.0000
- critical_job_reward: 0.0000
- placement_reward: 0.0000
- timeliness_reward: 8.4144
- machine_idle_penalty: -3.7875

TOTAL REWARD: -0.6681

CUMULATIVE REWARD COMPONENTS:
- makespan_reward: -8.8150
- setup_reward: -181.2500
- deadline_reward: 80.0000
- priority_reward: 120.0000
- critical_job_reward: 47.5189
- placement_reward: 0.0000
- timeliness_reward: 274.4672
- machine_idle_penalty: -151.4125

CUMULATIVE TOTAL: 180.5086

CRITICAL STATE INFO:
- Valid actions: ['J1', 'J2', 'J3', 'J4', 'J5', 'J6', 'J7', 'J8', 'J9', 'J11', 'J12', 'J14', 'J15', 'J16', 'J17', 'J19']
- Machine states:
  - Machine M1: Time=1588.00, Idle=175.00, Material=Citybike_Hinterbau_vorbereitet
  - Machine M2: Time=1635.00, Idle=128.00, Material=Citybike_Steuerrohr_montiert
  - Machine M3: Time=1763.00, Idle=0.00, Material=Mountainbike_Tretlager_gefraest
==================================================

2025-06-19 11:35:19,128 - JSPGymEnvironment - INFO - Material change on machine M3: Mountainbike_Tretlager_gefraest -> E-Bike_Schaltauge_bearbeitet, setup time: 22
2025-06-19 11:35:19,128 - JSPGymEnvironment - INFO - Executed operation: Job J16, Op 2, Machine M3, Start: 1785, End: 1812, Setup: 22
2025-06-19 11:35:19,128 - JSPGymEnvironment - INFO - 
===== REWARD DETAILS FOR STEP 31 =====
Job: J16, Operation: 2, Job Completed: False
Current Time: 1763.00 -> 1812.00, Setup Time: 22.00
Processing Time: 27.00, Idle Time: 0.00
Completed Jobs: 4/20
Machine: M3, Material: E-Bike_Schaltauge_bearbeitet

REWARD COMPONENTS:
- makespan_reward: -0.2450
- setup_reward: -5.5000
- deadline_reward: 0.0000
- priority_reward: 0.0000
- critical_job_reward: 0.5000
- placement_reward: 0.0000
- timeliness_reward: 8.3746
- machine_idle_penalty: -5.0125

TOTAL REWARD: -1.8829

CUMULATIVE REWARD COMPONENTS:
- makespan_reward: -9.0600
- setup_reward: -186.7500
- deadline_reward: 80.0000
- priority_reward: 120.0000
- critical_job_reward: 48.0189
- placement_reward: 0.0000
- timeliness_reward: 282.8417
- machine_idle_penalty: -156.4250

CUMULATIVE TOTAL: 178.6257

CRITICAL STATE INFO:
- Valid actions: ['J1', 'J2', 'J3', 'J4', 'J5', 'J6', 'J7', 'J8', 'J9', 'J11', 'J12', 'J14', 'J15', 'J16', 'J17', 'J19']
- Machine states:
  - Machine M1: Time=1588.00, Idle=224.00, Material=Citybike_Hinterbau_vorbereitet
  - Machine M2: Time=1635.00, Idle=177.00, Material=Citybike_Steuerrohr_montiert
  - Machine M3: Time=1812.00, Idle=0.00, Material=E-Bike_Schaltauge_bearbeitet
==================================================

2025-06-19 11:35:19,137 - JSPGymEnvironment - INFO - Material change on machine M3: E-Bike_Schaltauge_bearbeitet -> E-Bike_Fahrrad_endmontiert, setup time: 15
2025-06-19 11:35:19,137 - JSPGymEnvironment - INFO - Executed operation: Job J16, Op 3, Machine M3, Start: 1827, End: 1868, Setup: 15
2025-06-19 11:35:19,137 - JSPGymEnvironment - INFO - 
===== REWARD DETAILS FOR STEP 32 =====
Job: J16, Operation: 3, Job Completed: False
Current Time: 1812.00 -> 1868.00, Setup Time: 15.00
Processing Time: 41.00, Idle Time: 0.00
Completed Jobs: 4/20
Machine: M3, Material: E-Bike_Fahrrad_endmontiert

REWARD COMPONENTS:
- makespan_reward: -0.2800
- setup_reward: -3.7500
- deadline_reward: 0.0000
- priority_reward: 0.0000
- critical_job_reward: 0.5000
- placement_reward: 0.0000
- timeliness_reward: 8.2152
- machine_idle_penalty: -6.4125

TOTAL REWARD: -1.7273

CUMULATIVE REWARD COMPONENTS:
- makespan_reward: -9.3400
- setup_reward: -190.5000
- deadline_reward: 80.0000
- priority_reward: 120.0000
- critical_job_reward: 48.5189
- placement_reward: 0.0000
- timeliness_reward: 291.0569
- machine_idle_penalty: -162.8375

CUMULATIVE TOTAL: 176.8984

CRITICAL STATE INFO:
- Valid actions: ['J1', 'J2', 'J3', 'J4', 'J5', 'J6', 'J7', 'J8', 'J9', 'J11', 'J12', 'J14', 'J15', 'J16', 'J17', 'J19']
- Machine states:
  - Machine M1: Time=1588.00, Idle=280.00, Material=Citybike_Hinterbau_vorbereitet
  - Machine M2: Time=1635.00, Idle=233.00, Material=Citybike_Steuerrohr_montiert
  - Machine M3: Time=1868.00, Idle=0.00, Material=E-Bike_Fahrrad_endmontiert
==================================================

2025-06-19 11:35:19,145 - JSPGymEnvironment - INFO - Material change on machine M1: Citybike_Hinterbau_vorbereitet -> Citybike_Tretlageraufnahme_geschweisst, setup time: 40
2025-06-19 11:35:19,145 - JSPGymEnvironment - INFO - Executed operation: Job J14, Op 0, Machine M1, Start: 1908, End: 1950, Setup: 40
2025-06-19 11:35:19,145 - JSPGymEnvironment - INFO - 
===== REWARD DETAILS FOR STEP 33 =====
Job: J14, Operation: 0, Job Completed: False
Current Time: 1868.00 -> 1950.00, Setup Time: 40.00
Processing Time: 42.00, Idle Time: 0.00
Completed Jobs: 4/20
Machine: M1, Material: Citybike_Tretlageraufnahme_geschweisst

REWARD COMPONENTS:
- makespan_reward: -0.4100
- setup_reward: -10.0000
- deadline_reward: 0.0000
- priority_reward: 0.0000
- critical_job_reward: 0.0000
- placement_reward: 0.0000
- timeliness_reward: 7.8788
- machine_idle_penalty: -4.9625

TOTAL REWARD: -7.4937

CUMULATIVE REWARD COMPONENTS:
- makespan_reward: -9.7500
- setup_reward: -200.5000
- deadline_reward: 80.0000
- priority_reward: 120.0000
- critical_job_reward: 48.5189
- placement_reward: 0.0000
- timeliness_reward: 298.9357
- machine_idle_penalty: -167.8000

CUMULATIVE TOTAL: 169.4047

CRITICAL STATE INFO:
- Valid actions: ['J1', 'J2', 'J3', 'J4', 'J5', 'J6', 'J7', 'J8', 'J9', 'J11', 'J12', 'J14', 'J15', 'J16', 'J17', 'J19']
- Machine states:
  - Machine M1: Time=1950.00, Idle=0.00, Material=Citybike_Tretlageraufnahme_geschweisst
  - Machine M2: Time=1635.00, Idle=315.00, Material=Citybike_Steuerrohr_montiert
  - Machine M3: Time=1868.00, Idle=82.00, Material=E-Bike_Fahrrad_endmontiert
==================================================

2025-06-19 11:35:19,155 - JSPGymEnvironment - INFO - Material change on machine M2: Citybike_Steuerrohr_montiert -> E-Bike_Steuerrohr_ausgerieben, setup time: 21
2025-06-19 11:35:19,155 - JSPGymEnvironment - INFO - Executed operation: Job J17, Op 0, Machine M2, Start: 1971, End: 1993, Setup: 21
2025-06-19 11:35:19,155 - JSPGymEnvironment - INFO - 
===== REWARD DETAILS FOR STEP 34 =====
Job: J17, Operation: 0, Job Completed: False
Current Time: 1950.00 -> 1993.00, Setup Time: 21.00
Processing Time: 22.00, Idle Time: 0.00
Completed Jobs: 4/20
Machine: M2, Material: E-Bike_Steuerrohr_ausgerieben

REWARD COMPONENTS:
- makespan_reward: -0.2150
- setup_reward: -5.2500
- deadline_reward: 0.0000
- priority_reward: 0.0000
- critical_job_reward: 0.0000
- placement_reward: 0.0000
- timeliness_reward: 7.6980
- machine_idle_penalty: -2.1000

TOTAL REWARD: 0.1330

CUMULATIVE REWARD COMPONENTS:
- makespan_reward: -9.9650
- setup_reward: -205.7500
- deadline_reward: 80.0000
- priority_reward: 120.0000
- critical_job_reward: 48.5189
- placement_reward: 0.0000
- timeliness_reward: 306.6337
- machine_idle_penalty: -169.9000

CUMULATIVE TOTAL: 169.5376

CRITICAL STATE INFO:
- Valid actions: ['J1', 'J2', 'J3', 'J4', 'J5', 'J6', 'J7', 'J8', 'J9', 'J11', 'J12', 'J14', 'J15', 'J16', 'J17', 'J19']
- Machine states:
  - Machine M1: Time=1950.00, Idle=43.00, Material=Citybike_Tretlageraufnahme_geschweisst
  - Machine M2: Time=1993.00, Idle=0.00, Material=E-Bike_Steuerrohr_ausgerieben
  - Machine M3: Time=1868.00, Idle=125.00, Material=E-Bike_Fahrrad_endmontiert
==================================================

2025-06-19 11:35:19,164 - JSPGymEnvironment - INFO - Material change on machine M2: E-Bike_Steuerrohr_ausgerieben -> Citybike_Rahmen_komplettiert, setup time: 21
2025-06-19 11:35:19,164 - JSPGymEnvironment - INFO - Executed operation: Job J14, Op 1, Machine M2, Start: 2014, End: 2039, Setup: 21
2025-06-19 11:35:19,164 - JSPGymEnvironment - INFO - 
===== REWARD DETAILS FOR STEP 35 =====
Job: J14, Operation: 1, Job Completed: False
Current Time: 1993.00 -> 2039.00, Setup Time: 21.00
Processing Time: 25.00, Idle Time: 0.00
Completed Jobs: 4/20
Machine: M2, Material: Citybike_Rahmen_komplettiert

REWARD COMPONENTS:
- makespan_reward: -0.2300
- setup_reward: -5.2500
- deadline_reward: 0.0000
- priority_reward: 0.0000
- critical_job_reward: 0.0000
- placement_reward: 0.0000
- timeliness_reward: 7.5423
- machine_idle_penalty: -3.2500

TOTAL REWARD: -1.1877

CUMULATIVE REWARD COMPONENTS:
- makespan_reward: -10.1950
- setup_reward: -211.0000
- deadline_reward: 80.0000
- priority_reward: 120.0000
- critical_job_reward: 48.5189
- placement_reward: 0.0000
- timeliness_reward: 314.1761
- machine_idle_penalty: -173.1500

CUMULATIVE TOTAL: 168.3500

CRITICAL STATE INFO:
- Valid actions: ['J1', 'J2', 'J3', 'J4', 'J5', 'J6', 'J7', 'J8', 'J9', 'J11', 'J12', 'J14', 'J15', 'J16', 'J17', 'J19']
- Machine states:
  - Machine M1: Time=1950.00, Idle=89.00, Material=Citybike_Tretlageraufnahme_geschweisst
  - Machine M2: Time=2039.00, Idle=0.00, Material=Citybike_Rahmen_komplettiert
  - Machine M3: Time=1868.00, Idle=171.00, Material=E-Bike_Fahrrad_endmontiert
==================================================

2025-06-19 11:35:19,173 - JSPGymEnvironment - INFO - Material change on machine M2: Citybike_Rahmen_komplettiert -> Citybike_Fahrrad_endmontiert, setup time: 20
2025-06-19 11:35:19,173 - JSPGymEnvironment - INFO - Executed operation: Job J14, Op 2, Machine M2, Start: 2059, End: 2069, Setup: 20
2025-06-19 11:35:19,174 - JSPGymEnvironment - INFO - 
===== REWARD DETAILS FOR STEP 36 =====
Job: J14, Operation: 2, Job Completed: False
Current Time: 2039.00 -> 2069.00, Setup Time: 20.00
Processing Time: 10.00, Idle Time: 0.00
Completed Jobs: 4/20
Machine: M2, Material: Citybike_Fahrrad_endmontiert

REWARD COMPONENTS:
- makespan_reward: -0.1500
- setup_reward: -5.0000
- deadline_reward: 0.0000
- priority_reward: 0.0000
- critical_job_reward: 0.0000
- placement_reward: 0.0000
- timeliness_reward: 7.4178
- machine_idle_penalty: -4.0000

TOTAL REWARD: -1.7322

CUMULATIVE REWARD COMPONENTS:
- makespan_reward: -10.3450
- setup_reward: -216.0000
- deadline_reward: 80.0000
- priority_reward: 120.0000
- critical_job_reward: 48.5189
- placement_reward: 0.0000
- timeliness_reward: 321.5939
- machine_idle_penalty: -177.1500

CUMULATIVE TOTAL: 166.6178

CRITICAL STATE INFO:
- Valid actions: ['J1', 'J2', 'J3', 'J4', 'J5', 'J6', 'J7', 'J8', 'J9', 'J11', 'J12', 'J14', 'J15', 'J16', 'J17', 'J19']
- Machine states:
  - Machine M1: Time=1950.00, Idle=119.00, Material=Citybike_Tretlageraufnahme_geschweisst
  - Machine M2: Time=2069.00, Idle=0.00, Material=Citybike_Fahrrad_endmontiert
  - Machine M3: Time=1868.00, Idle=201.00, Material=E-Bike_Fahrrad_endmontiert
==================================================

2025-06-19 11:35:19,183 - JSPGymEnvironment - INFO - Material change on machine M2: Citybike_Fahrrad_endmontiert -> Citybike_Antrieb_installiert, setup time: 20
2025-06-19 11:35:19,183 - JSPGymEnvironment - INFO - Executed operation: Job J14, Op 3, Machine M2, Start: 2089, End: 2103, Setup: 20
2025-06-19 11:35:19,183 - JSPGymEnvironment - INFO - 
===== REWARD DETAILS FOR STEP 37 =====
Job: J14, Operation: 3, Job Completed: False
Current Time: 2069.00 -> 2103.00, Setup Time: 20.00
Processing Time: 14.00, Idle Time: 0.00
Completed Jobs: 4/20
Machine: M2, Material: Citybike_Antrieb_installiert

REWARD COMPONENTS:
- makespan_reward: -0.1700
- setup_reward: -5.0000
- deadline_reward: 0.0000
- priority_reward: 0.0000
- critical_job_reward: 0.0000
- placement_reward: 0.0000
- timeliness_reward: 7.2697
- machine_idle_penalty: -4.8500

TOTAL REWARD: -2.7503

CUMULATIVE REWARD COMPONENTS:
- makespan_reward: -10.5150
- setup_reward: -221.0000
- deadline_reward: 80.0000
- priority_reward: 120.0000
- critical_job_reward: 48.5189
- placement_reward: 0.0000
- timeliness_reward: 328.8635
- machine_idle_penalty: -182.0000

CUMULATIVE TOTAL: 163.8674

CRITICAL STATE INFO:
- Valid actions: ['J1', 'J2', 'J3', 'J4', 'J5', 'J6', 'J7', 'J8', 'J9', 'J11', 'J12', 'J14', 'J15', 'J16', 'J17', 'J19']
- Machine states:
  - Machine M1: Time=1950.00, Idle=153.00, Material=Citybike_Tretlageraufnahme_geschweisst
  - Machine M2: Time=2103.00, Idle=0.00, Material=Citybike_Antrieb_installiert
  - Machine M3: Time=1868.00, Idle=235.00, Material=E-Bike_Fahrrad_endmontiert
==================================================

2025-06-19 11:35:19,191 - JSPGymEnvironment - INFO - Material change on machine M1: Citybike_Tretlageraufnahme_geschweisst -> E-Bike_Tretlageraufnahme_geschweisst, setup time: 50
2025-06-19 11:35:19,191 - JSPGymEnvironment - INFO - Executed operation: Job J16, Op 4, Machine M1, Start: 2153, End: 2184, Setup: 50
2025-06-19 11:35:19,191 - JSPGymEnvironment - INFO - Job J16 completed at time 2184, deadline: 2578, met: True, priority: 8
2025-06-19 11:35:19,192 - JSPGymEnvironment - INFO - 
===== REWARD DETAILS FOR STEP 38 =====
Job: J16, Operation: 4, Job Completed: True
Current Time: 2103.00 -> 2184.00, Setup Time: 50.00
Processing Time: 31.00, Idle Time: 0.00
Completed Jobs: 5/20
Machine: M1, Material: E-Bike_Tretlageraufnahme_geschweisst
Job Deadline: 2578.00 (Met), Priority: 8

REWARD COMPONENTS:
- makespan_reward: -0.4050
- setup_reward: -12.5000
- deadline_reward: 20.0000
- priority_reward: 32.0000
- critical_job_reward: 14.3340
- placement_reward: 0.0000
- timeliness_reward: 7.0237
- machine_idle_penalty: -4.9625

TOTAL REWARD: 55.4902

CUMULATIVE REWARD COMPONENTS:
- makespan_reward: -10.9200
- setup_reward: -233.5000
- deadline_reward: 100.0000
- priority_reward: 152.0000
- critical_job_reward: 62.8529
- placement_reward: 0.0000
- timeliness_reward: 335.8873
- machine_idle_penalty: -186.9625

CUMULATIVE TOTAL: 219.3577

CRITICAL STATE INFO:
- Valid actions: ['J1', 'J2', 'J3', 'J4', 'J5', 'J6', 'J7', 'J8', 'J9', 'J11', 'J12', 'J14', 'J15', 'J17', 'J19']
- Machine states:
  - Machine M1: Time=2184.00, Idle=0.00, Material=E-Bike_Tretlageraufnahme_geschweisst
  - Machine M2: Time=2103.00, Idle=81.00, Material=Citybike_Antrieb_installiert
  - Machine M3: Time=1868.00, Idle=316.00, Material=E-Bike_Fahrrad_endmontiert
==================================================

2025-06-19 11:35:19,192 - JSPGymEnvironment - INFO - Retro-Bonus für Job J16: +15.0
2025-06-19 11:35:19,201 - JSPGymEnvironment - INFO - Material change on machine M3: E-Bike_Fahrrad_endmontiert -> E-Bike_Steuerrohr_montiert, setup time: 15
2025-06-19 11:35:19,201 - JSPGymEnvironment - INFO - Executed operation: Job J17, Op 1, Machine M3, Start: 2199, End: 2231, Setup: 15
2025-06-19 11:35:19,201 - JSPGymEnvironment - INFO - 
===== REWARD DETAILS FOR STEP 39 =====
Job: J17, Operation: 1, Job Completed: False
Current Time: 2184.00 -> 2231.00, Setup Time: 15.00
Processing Time: 32.00, Idle Time: 0.00
Completed Jobs: 5/20
Machine: M3, Material: E-Bike_Steuerrohr_montiert

REWARD COMPONENTS:
- makespan_reward: -0.2350
- setup_reward: -3.7500
- deadline_reward: 0.0000
- priority_reward: 0.0000
- critical_job_reward: 0.0000
- placement_reward: 0.0000
- timeliness_reward: 6.6768
- machine_idle_penalty: -2.1875

TOTAL REWARD: 0.5043

CUMULATIVE REWARD COMPONENTS:
- makespan_reward: -11.1550
- setup_reward: -237.2500
- deadline_reward: 100.0000
- priority_reward: 152.0000
- critical_job_reward: 62.8529
- placement_reward: 0.0000
- timeliness_reward: 342.5641
- machine_idle_penalty: -189.1500

CUMULATIVE TOTAL: 219.8620

CRITICAL STATE INFO:
- Valid actions: ['J1', 'J2', 'J3', 'J4', 'J5', 'J6', 'J7', 'J8', 'J9', 'J11', 'J12', 'J14', 'J15', 'J17', 'J19']
- Machine states:
  - Machine M1: Time=2184.00, Idle=47.00, Material=E-Bike_Tretlageraufnahme_geschweisst
  - Machine M2: Time=2103.00, Idle=128.00, Material=Citybike_Antrieb_installiert
  - Machine M3: Time=2231.00, Idle=0.00, Material=E-Bike_Steuerrohr_montiert
==================================================

2025-06-19 11:35:19,209 - JSPGymEnvironment - INFO - Material change on machine M1: E-Bike_Tretlageraufnahme_geschweisst -> E-Bike_Hinterbau_vorbereitet, setup time: 40
2025-06-19 11:35:19,209 - JSPGymEnvironment - INFO - Executed operation: Job J5, Op 0, Machine M1, Start: 2271, End: 2307, Setup: 40
2025-06-19 11:35:19,210 - JSPGymEnvironment - INFO - 
===== REWARD DETAILS FOR STEP 40 =====
Job: J5, Operation: 0, Job Completed: False
Current Time: 2231.00 -> 2307.00, Setup Time: 40.00
Processing Time: 36.00, Idle Time: 0.00
Completed Jobs: 5/20
Machine: M1, Material: E-Bike_Hinterbau_vorbereitet

REWARD COMPONENTS:
- makespan_reward: -0.3800
- setup_reward: -10.0000
- deadline_reward: 0.0000
- priority_reward: 0.0000
- critical_job_reward: 0.5000
- placement_reward: 0.0000
- timeliness_reward: 6.2570
- machine_idle_penalty: -3.5000

TOTAL REWARD: -7.1230

CUMULATIVE REWARD COMPONENTS:
- makespan_reward: -11.5350
- setup_reward: -247.2500
- deadline_reward: 100.0000
- priority_reward: 152.0000
- critical_job_reward: 63.3529
- placement_reward: 0.0000
- timeliness_reward: 348.8211
- machine_idle_penalty: -192.6500

CUMULATIVE TOTAL: 212.7390

CRITICAL STATE INFO:
- Valid actions: ['J1', 'J2', 'J3', 'J4', 'J5', 'J6', 'J7', 'J8', 'J9', 'J11', 'J12', 'J14', 'J15', 'J17', 'J19']
- Machine states:
  - Machine M1: Time=2307.00, Idle=0.00, Material=E-Bike_Hinterbau_vorbereitet
  - Machine M2: Time=2103.00, Idle=204.00, Material=Citybike_Antrieb_installiert
  - Machine M3: Time=2231.00, Idle=76.00, Material=E-Bike_Steuerrohr_montiert
==================================================

2025-06-19 11:35:19,219 - JSPGymEnvironment - INFO - Material change on machine M2: Citybike_Antrieb_installiert -> E-Bike_Steuerrohr_ausgerieben, setup time: 21
2025-06-19 11:35:19,219 - JSPGymEnvironment - INFO - Executed operation: Job J8, Op 0, Machine M2, Start: 2328, End: 2355, Setup: 21
2025-06-19 11:35:19,219 - JSPGymEnvironment - INFO - 
===== REWARD DETAILS FOR STEP 41 =====
Job: J8, Operation: 0, Job Completed: False
Current Time: 2307.00 -> 2355.00, Setup Time: 21.00
Processing Time: 27.00, Idle Time: 0.00
Completed Jobs: 5/20
Machine: M2, Material: E-Bike_Steuerrohr_ausgerieben

REWARD COMPONENTS:
- makespan_reward: -0.2400
- setup_reward: -5.2500
- deadline_reward: 0.0000
- priority_reward: 0.0000
- critical_job_reward: 0.5000
- placement_reward: 0.0000
- timeliness_reward: 6.0191
- machine_idle_penalty: -2.1500

TOTAL REWARD: -1.1209

CUMULATIVE REWARD COMPONENTS:
- makespan_reward: -11.7750
- setup_reward: -252.5000
- deadline_reward: 100.0000
- priority_reward: 152.0000
- critical_job_reward: 63.8529
- placement_reward: 0.0000
- timeliness_reward: 354.8402
- machine_idle_penalty: -194.8000

CUMULATIVE TOTAL: 211.6181

CRITICAL STATE INFO:
- Valid actions: ['J1', 'J2', 'J3', 'J4', 'J5', 'J6', 'J7', 'J8', 'J9', 'J11', 'J12', 'J14', 'J15', 'J17', 'J19']
- Machine states:
  - Machine M1: Time=2307.00, Idle=48.00, Material=E-Bike_Hinterbau_vorbereitet
  - Machine M2: Time=2355.00, Idle=0.00, Material=E-Bike_Steuerrohr_ausgerieben
  - Machine M3: Time=2231.00, Idle=124.00, Material=E-Bike_Steuerrohr_montiert
==================================================

2025-06-19 11:35:19,228 - JSPGymEnvironment - INFO - Material change on machine M1: E-Bike_Hinterbau_vorbereitet -> E-Bike_Steuerrohr_ausgerieben, setup time: 40
2025-06-19 11:35:19,228 - JSPGymEnvironment - INFO - Executed operation: Job J4, Op 2, Machine M1, Start: 2395, End: 2415, Setup: 40
2025-06-19 11:35:19,228 - JSPGymEnvironment - INFO - 
===== REWARD DETAILS FOR STEP 42 =====
Job: J4, Operation: 2, Job Completed: False
Current Time: 2355.00 -> 2415.00, Setup Time: 40.00
Processing Time: 20.00, Idle Time: 0.00
Completed Jobs: 5/20
Machine: M1, Material: E-Bike_Steuerrohr_ausgerieben

REWARD COMPONENTS:
- makespan_reward: -0.3000
- setup_reward: -10.0000
- deadline_reward: 0.0000
- priority_reward: 0.0000
- critical_job_reward: 0.5000
- placement_reward: 0.0000
- timeliness_reward: 5.5973
- machine_idle_penalty: -3.0500

TOTAL REWARD: -7.2527

CUMULATIVE REWARD COMPONENTS:
- makespan_reward: -12.0750
- setup_reward: -262.5000
- deadline_reward: 100.0000
- priority_reward: 152.0000
- critical_job_reward: 64.3529
- placement_reward: 0.0000
- timeliness_reward: 360.4375
- machine_idle_penalty: -197.8500

CUMULATIVE TOTAL: 204.3654

CRITICAL STATE INFO:
- Valid actions: ['J1', 'J2', 'J3', 'J4', 'J5', 'J6', 'J7', 'J8', 'J9', 'J11', 'J12', 'J14', 'J15', 'J17', 'J19']
- Machine states:
  - Machine M1: Time=2415.00, Idle=0.00, Material=E-Bike_Steuerrohr_ausgerieben
  - Machine M2: Time=2355.00, Idle=60.00, Material=E-Bike_Steuerrohr_ausgerieben
  - Machine M3: Time=2231.00, Idle=184.00, Material=E-Bike_Steuerrohr_montiert
==================================================

2025-06-19 11:35:19,236 - JSPGymEnvironment - INFO - Material change on machine M1: E-Bike_Steuerrohr_ausgerieben -> E-Bike_Tretlager_gefraest, setup time: 40
2025-06-19 11:35:19,236 - JSPGymEnvironment - INFO - Executed operation: Job J17, Op 2, Machine M1, Start: 2455, End: 2473, Setup: 40
2025-06-19 11:35:19,236 - JSPGymEnvironment - INFO - 
===== REWARD DETAILS FOR STEP 43 =====
Job: J17, Operation: 2, Job Completed: False
Current Time: 2415.00 -> 2473.00, Setup Time: 40.00
Processing Time: 18.00, Idle Time: 0.00
Completed Jobs: 5/20
Machine: M1, Material: E-Bike_Tretlager_gefraest

REWARD COMPONENTS:
- makespan_reward: -0.2900
- setup_reward: -10.0000
- deadline_reward: 0.0000
- priority_reward: 0.0000
- critical_job_reward: 0.0000
- placement_reward: 0.0000
- timeliness_reward: 5.2153
- machine_idle_penalty: -4.5000

TOTAL REWARD: -9.5747

CUMULATIVE REWARD COMPONENTS:
- makespan_reward: -12.3650
- setup_reward: -272.5000
- deadline_reward: 100.0000
- priority_reward: 152.0000
- critical_job_reward: 64.3529
- placement_reward: 0.0000
- timeliness_reward: 365.6528
- machine_idle_penalty: -202.3500

CUMULATIVE TOTAL: 194.7907

CRITICAL STATE INFO:
- Valid actions: ['J1', 'J2', 'J3', 'J4', 'J5', 'J6', 'J7', 'J8', 'J9', 'J11', 'J12', 'J14', 'J15', 'J17', 'J19']
- Machine states:
  - Machine M1: Time=2473.00, Idle=0.00, Material=E-Bike_Tretlager_gefraest
  - Machine M2: Time=2355.00, Idle=118.00, Material=E-Bike_Steuerrohr_ausgerieben
  - Machine M3: Time=2231.00, Idle=242.00, Material=E-Bike_Steuerrohr_montiert
==================================================

2025-06-19 11:35:19,245 - JSPGymEnvironment - INFO - Material change on machine M2: E-Bike_Steuerrohr_ausgerieben -> Citybike_Schaltauge_bearbeitet, setup time: 21
2025-06-19 11:35:19,246 - JSPGymEnvironment - INFO - Executed operation: Job J14, Op 4, Machine M2, Start: 2494, End: 2519, Setup: 21
2025-06-19 11:35:19,246 - JSPGymEnvironment - INFO - 
===== REWARD DETAILS FOR STEP 44 =====
Job: J14, Operation: 4, Job Completed: False
Current Time: 2473.00 -> 2519.00, Setup Time: 21.00
Processing Time: 25.00, Idle Time: 0.00
Completed Jobs: 5/20
Machine: M2, Material: Citybike_Schaltauge_bearbeitet

REWARD COMPONENTS:
- makespan_reward: -0.2300
- setup_reward: -5.2500
- deadline_reward: 0.0000
- priority_reward: 0.0000
- critical_job_reward: 0.0000
- placement_reward: 0.0000
- timeliness_reward: 4.9190
- machine_idle_penalty: -4.1750

TOTAL REWARD: -4.7360

CUMULATIVE REWARD COMPONENTS:
- makespan_reward: -12.5950
- setup_reward: -277.7500
- deadline_reward: 100.0000
- priority_reward: 152.0000
- critical_job_reward: 64.3529
- placement_reward: 0.0000
- timeliness_reward: 370.5718
- machine_idle_penalty: -206.5250

CUMULATIVE TOTAL: 190.0547

CRITICAL STATE INFO:
- Valid actions: ['J1', 'J2', 'J3', 'J4', 'J5', 'J6', 'J7', 'J8', 'J9', 'J11', 'J12', 'J14', 'J15', 'J17', 'J19']
- Machine states:
  - Machine M1: Time=2473.00, Idle=46.00, Material=E-Bike_Tretlager_gefraest
  - Machine M2: Time=2519.00, Idle=0.00, Material=Citybike_Schaltauge_bearbeitet
  - Machine M3: Time=2231.00, Idle=288.00, Material=E-Bike_Steuerrohr_montiert
==================================================

2025-06-19 11:35:19,254 - JSPGymEnvironment - INFO - Material change on machine M2: Citybike_Schaltauge_bearbeitet -> Racebike_Fahrrad_endmontiert, setup time: 19
2025-06-19 11:35:19,254 - JSPGymEnvironment - INFO - Executed operation: Job J12, Op 1, Machine M2, Start: 2538, End: 2549, Setup: 19
2025-06-19 11:35:19,255 - JSPGymEnvironment - INFO - 
===== REWARD DETAILS FOR STEP 45 =====
Job: J12, Operation: 1, Job Completed: False
Current Time: 2519.00 -> 2549.00, Setup Time: 19.00
Processing Time: 11.00, Idle Time: 0.00
Completed Jobs: 5/20
Machine: M2, Material: Racebike_Fahrrad_endmontiert

REWARD COMPONENTS:
- makespan_reward: -0.1500
- setup_reward: -4.7500
- deadline_reward: 0.0000
- priority_reward: 0.0000
- critical_job_reward: 0.5000
- placement_reward: 0.0000
- timeliness_reward: 4.7017
- machine_idle_penalty: -4.9250

TOTAL REWARD: -4.6233

CUMULATIVE REWARD COMPONENTS:
- makespan_reward: -12.7450
- setup_reward: -282.5000
- deadline_reward: 100.0000
- priority_reward: 152.0000
- critical_job_reward: 64.8529
- placement_reward: 0.0000
- timeliness_reward: 375.2735
- machine_idle_penalty: -211.4500

CUMULATIVE TOTAL: 185.4314

CRITICAL STATE INFO:
- Valid actions: ['J1', 'J2', 'J3', 'J4', 'J5', 'J6', 'J7', 'J8', 'J9', 'J11', 'J12', 'J14', 'J15', 'J17', 'J19']
- Machine states:
  - Machine M1: Time=2473.00, Idle=76.00, Material=E-Bike_Tretlager_gefraest
  - Machine M2: Time=2549.00, Idle=0.00, Material=Racebike_Fahrrad_endmontiert
  - Machine M3: Time=2231.00, Idle=318.00, Material=E-Bike_Steuerrohr_montiert
==================================================

2025-06-19 11:35:19,263 - JSPGymEnvironment - INFO - Material change on machine M3: E-Bike_Steuerrohr_montiert -> E-Bike_Bremsen_justiert, setup time: 15
2025-06-19 11:35:19,263 - JSPGymEnvironment - INFO - Executed operation: Job J5, Op 1, Machine M3, Start: 2564, End: 2620, Setup: 15
2025-06-19 11:35:19,263 - JSPGymEnvironment - INFO - 
===== REWARD DETAILS FOR STEP 46 =====
Job: J5, Operation: 1, Job Completed: False
Current Time: 2549.00 -> 2620.00, Setup Time: 15.00
Processing Time: 56.00, Idle Time: 0.00
Completed Jobs: 5/20
Machine: M3, Material: E-Bike_Bremsen_justiert

REWARD COMPONENTS:
- makespan_reward: -0.3550
- setup_reward: -3.7500
- deadline_reward: 0.0000
- priority_reward: 0.0000
- critical_job_reward: 0.5000
- placement_reward: 0.0000
- timeliness_reward: 4.1125
- machine_idle_penalty: -2.7250

TOTAL REWARD: -2.2175

CUMULATIVE REWARD COMPONENTS:
- makespan_reward: -13.1000
- setup_reward: -286.2500
- deadline_reward: 100.0000
- priority_reward: 152.0000
- critical_job_reward: 65.3529
- placement_reward: 0.0000
- timeliness_reward: 379.3860
- machine_idle_penalty: -214.1750

CUMULATIVE TOTAL: 183.2139

CRITICAL STATE INFO:
- Valid actions: ['J1', 'J2', 'J3', 'J4', 'J5', 'J6', 'J7', 'J8', 'J9', 'J11', 'J12', 'J14', 'J15', 'J17', 'J19']
- Machine states:
  - Machine M1: Time=2473.00, Idle=147.00, Material=E-Bike_Tretlager_gefraest
  - Machine M2: Time=2549.00, Idle=71.00, Material=Racebike_Fahrrad_endmontiert
  - Machine M3: Time=2620.00, Idle=0.00, Material=E-Bike_Bremsen_justiert
==================================================

2025-06-19 11:35:19,273 - JSPGymEnvironment - INFO - Material change on machine M2: Racebike_Fahrrad_endmontiert -> E-Bike_Bremsaufnahme_gebohrt, setup time: 24
2025-06-19 11:35:19,273 - JSPGymEnvironment - INFO - Executed operation: Job J17, Op 3, Machine M2, Start: 2644, End: 2673, Setup: 24
2025-06-19 11:35:19,273 - JSPGymEnvironment - INFO - 
===== REWARD DETAILS FOR STEP 47 =====
Job: J17, Operation: 3, Job Completed: False
Current Time: 2620.00 -> 2673.00, Setup Time: 24.00
Processing Time: 29.00, Idle Time: 0.00
Completed Jobs: 5/20
Machine: M2, Material: E-Bike_Bremsaufnahme_gebohrt

REWARD COMPONENTS:
- makespan_reward: -0.2650
- setup_reward: -6.0000
- deadline_reward: 0.0000
- priority_reward: 0.0000
- critical_job_reward: 0.0000
- placement_reward: 0.0000
- timeliness_reward: 3.7047
- machine_idle_penalty: -3.1625

TOTAL REWARD: -5.7228

CUMULATIVE REWARD COMPONENTS:
- makespan_reward: -13.3650
- setup_reward: -292.2500
- deadline_reward: 100.0000
- priority_reward: 152.0000
- critical_job_reward: 65.3529
- placement_reward: 0.0000
- timeliness_reward: 383.0907
- machine_idle_penalty: -217.3375

CUMULATIVE TOTAL: 177.4911

CRITICAL STATE INFO:
- Valid actions: ['J1', 'J2', 'J3', 'J4', 'J5', 'J6', 'J7', 'J8', 'J9', 'J11', 'J12', 'J14', 'J15', 'J17', 'J19']
- Machine states:
  - Machine M1: Time=2473.00, Idle=200.00, Material=E-Bike_Tretlager_gefraest
  - Machine M2: Time=2673.00, Idle=0.00, Material=E-Bike_Bremsaufnahme_gebohrt
  - Machine M3: Time=2620.00, Idle=53.00, Material=E-Bike_Bremsen_justiert
==================================================

2025-06-19 11:35:19,281 - JSPGymEnvironment - INFO - Material change on machine M3: E-Bike_Bremsen_justiert -> Citybike_Bremsaufnahme_gebohrt, setup time: 15
2025-06-19 11:35:19,281 - JSPGymEnvironment - INFO - Executed operation: Job J14, Op 5, Machine M3, Start: 2688, End: 2717, Setup: 15
2025-06-19 11:35:19,281 - JSPGymEnvironment - INFO - 
===== REWARD DETAILS FOR STEP 48 =====
Job: J14, Operation: 5, Job Completed: False
Current Time: 2673.00 -> 2717.00, Setup Time: 15.00
Processing Time: 29.00, Idle Time: 0.00
Completed Jobs: 5/20
Machine: M3, Material: Citybike_Bremsaufnahme_gebohrt

REWARD COMPONENTS:
- makespan_reward: -0.2200
- setup_reward: -3.7500
- deadline_reward: 0.0000
- priority_reward: 0.0000
- critical_job_reward: 0.0000
- placement_reward: 0.0000
- timeliness_reward: 3.3929
- machine_idle_penalty: -3.6000

TOTAL REWARD: -4.1771

CUMULATIVE REWARD COMPONENTS:
- makespan_reward: -13.5850
- setup_reward: -296.0000
- deadline_reward: 100.0000
- priority_reward: 152.0000
- critical_job_reward: 65.3529
- placement_reward: 0.0000
- timeliness_reward: 386.4836
- machine_idle_penalty: -220.9375

CUMULATIVE TOTAL: 173.3140

CRITICAL STATE INFO:
- Valid actions: ['J1', 'J2', 'J3', 'J4', 'J5', 'J6', 'J7', 'J8', 'J9', 'J11', 'J12', 'J14', 'J15', 'J17', 'J19']
- Machine states:
  - Machine M1: Time=2473.00, Idle=244.00, Material=E-Bike_Tretlager_gefraest
  - Machine M2: Time=2673.00, Idle=44.00, Material=E-Bike_Bremsaufnahme_gebohrt
  - Machine M3: Time=2717.00, Idle=0.00, Material=Citybike_Bremsaufnahme_gebohrt
==================================================

2025-06-19 11:35:19,290 - JSPGymEnvironment - INFO - Material change on machine M1: E-Bike_Tretlager_gefraest -> E-Bike_Antrieb_installiert, setup time: 40
2025-06-19 11:35:19,290 - JSPGymEnvironment - INFO - Executed operation: Job J17, Op 4, Machine M1, Start: 2757, End: 2784, Setup: 40
2025-06-19 11:35:19,290 - JSPGymEnvironment - INFO - 
===== REWARD DETAILS FOR STEP 49 =====
Job: J17, Operation: 4, Job Completed: False
Current Time: 2717.00 -> 2784.00, Setup Time: 40.00
Processing Time: 27.00, Idle Time: 0.00
Completed Jobs: 5/20
Machine: M1, Material: E-Bike_Antrieb_installiert

REWARD COMPONENTS:
- makespan_reward: -0.3350
- setup_reward: -10.0000
- deadline_reward: 0.0000
- priority_reward: 0.0000
- critical_job_reward: 0.0000
- placement_reward: 0.0000
- timeliness_reward: 2.8264
- machine_idle_penalty: -2.2250

TOTAL REWARD: -9.7336

CUMULATIVE REWARD COMPONENTS:
- makespan_reward: -13.9200
- setup_reward: -306.0000
- deadline_reward: 100.0000
- priority_reward: 152.0000
- critical_job_reward: 65.3529
- placement_reward: 0.0000
- timeliness_reward: 389.3100
- machine_idle_penalty: -223.1625

CUMULATIVE TOTAL: 163.5804

CRITICAL STATE INFO:
- Valid actions: ['J1', 'J2', 'J3', 'J4', 'J5', 'J6', 'J7', 'J8', 'J9', 'J11', 'J12', 'J14', 'J15', 'J17', 'J19']
- Machine states:
  - Machine M1: Time=2784.00, Idle=0.00, Material=E-Bike_Antrieb_installiert
  - Machine M2: Time=2673.00, Idle=111.00, Material=E-Bike_Bremsaufnahme_gebohrt
  - Machine M3: Time=2717.00, Idle=67.00, Material=Citybike_Bremsaufnahme_gebohrt
==================================================

2025-06-19 11:35:19,298 - JSPGymEnvironment - INFO - Material change on machine M1: E-Bike_Antrieb_installiert -> E-Bike_Bremsen_justiert, setup time: 40
2025-06-19 11:35:19,298 - JSPGymEnvironment - INFO - Executed operation: Job J4, Op 3, Machine M1, Start: 2824, End: 2849, Setup: 40
2025-06-19 11:35:19,298 - JSPGymEnvironment - INFO - 
===== REWARD DETAILS FOR STEP 50 =====
Job: J4, Operation: 3, Job Completed: False
Current Time: 2784.00 -> 2849.00, Setup Time: 40.00
Processing Time: 25.00, Idle Time: 0.00
Completed Jobs: 5/20
Machine: M1, Material: E-Bike_Bremsen_justiert

REWARD COMPONENTS:
- makespan_reward: -0.3250
- setup_reward: -10.0000
- deadline_reward: 0.0000
- priority_reward: 0.0000
- critical_job_reward: 0.5000
- placement_reward: 0.0000
- timeliness_reward: 2.3046
- machine_idle_penalty: -3.8500

TOTAL REWARD: -11.3704

CUMULATIVE REWARD COMPONENTS:
- makespan_reward: -14.2450
- setup_reward: -316.0000
- deadline_reward: 100.0000
- priority_reward: 152.0000
- critical_job_reward: 65.8529
- placement_reward: 0.0000
- timeliness_reward: 391.6146
- machine_idle_penalty: -227.0125

CUMULATIVE TOTAL: 152.2100

CRITICAL STATE INFO:
- Valid actions: ['J1', 'J2', 'J3', 'J4', 'J5', 'J6', 'J7', 'J8', 'J9', 'J11', 'J12', 'J14', 'J15', 'J17', 'J19']
- Machine states:
  - Machine M1: Time=2849.00, Idle=0.00, Material=E-Bike_Bremsen_justiert
  - Machine M2: Time=2673.00, Idle=176.00, Material=E-Bike_Bremsaufnahme_gebohrt
  - Machine M3: Time=2717.00, Idle=132.00, Material=Citybike_Bremsaufnahme_gebohrt
==================================================

2025-06-19 11:35:19,309 - JSPGymEnvironment - INFO - Material change on machine M3: Citybike_Bremsaufnahme_gebohrt -> Mountainbike_Steuerrohr_montiert, setup time: 12
2025-06-19 11:35:19,309 - JSPGymEnvironment - INFO - Executed operation: Job J3, Op 0, Machine M3, Start: 2861, End: 2892, Setup: 12
2025-06-19 11:35:19,309 - JSPGymEnvironment - INFO - 
===== REWARD DETAILS FOR STEP 51 =====
Job: J3, Operation: 0, Job Completed: False
Current Time: 2849.00 -> 2892.00, Setup Time: 12.00
Processing Time: 31.00, Idle Time: 0.00
Completed Jobs: 5/20
Machine: M3, Material: Mountainbike_Steuerrohr_montiert

REWARD COMPONENTS:
- makespan_reward: -0.2150
- setup_reward: -3.0000
- deadline_reward: 0.0000
- priority_reward: 0.0000
- critical_job_reward: 0.0000
- placement_reward: 0.0000
- timeliness_reward: 1.9545
- machine_idle_penalty: -3.2750

TOTAL REWARD: -4.5355

CUMULATIVE REWARD COMPONENTS:
- makespan_reward: -14.4600
- setup_reward: -319.0000
- deadline_reward: 100.0000
- priority_reward: 152.0000
- critical_job_reward: 65.8529
- placement_reward: 0.0000
- timeliness_reward: 393.5691
- machine_idle_penalty: -230.2875

CUMULATIVE TOTAL: 147.6745

CRITICAL STATE INFO:
- Valid actions: ['J1', 'J2', 'J3', 'J4', 'J5', 'J6', 'J7', 'J8', 'J9', 'J11', 'J12', 'J14', 'J15', 'J17', 'J19']
- Machine states:
  - Machine M1: Time=2849.00, Idle=43.00, Material=E-Bike_Bremsen_justiert
  - Machine M2: Time=2673.00, Idle=219.00, Material=E-Bike_Bremsaufnahme_gebohrt
  - Machine M3: Time=2892.00, Idle=0.00, Material=Mountainbike_Steuerrohr_montiert
==================================================

2025-06-19 11:35:19,319 - JSPGymEnvironment - INFO - Material change on machine M3: Mountainbike_Steuerrohr_montiert -> Citybike_Tretlager_gefraest, setup time: 12
2025-06-19 11:35:19,319 - JSPGymEnvironment - INFO - Executed operation: Job J14, Op 6, Machine M3, Start: 2904, End: 2955, Setup: 12
2025-06-19 11:35:19,320 - JSPGymEnvironment - INFO - 
===== REWARD DETAILS FOR STEP 52 =====
Job: J14, Operation: 6, Job Completed: False
Current Time: 2892.00 -> 2955.00, Setup Time: 12.00
Processing Time: 51.00, Idle Time: 0.00
Completed Jobs: 5/20
Machine: M3, Material: Citybike_Tretlager_gefraest

REWARD COMPONENTS:
- makespan_reward: -0.3150
- setup_reward: -3.0000
- deadline_reward: 0.0000
- priority_reward: 0.0000
- critical_job_reward: 0.0000
- placement_reward: 0.0000
- timeliness_reward: 1.4263
- machine_idle_penalty: -4.8500

TOTAL REWARD: -6.7387

CUMULATIVE REWARD COMPONENTS:
- makespan_reward: -14.7750
- setup_reward: -322.0000
- deadline_reward: 100.0000
- priority_reward: 152.0000
- critical_job_reward: 65.8529
- placement_reward: 0.0000
- timeliness_reward: 394.9954
- machine_idle_penalty: -235.1375

CUMULATIVE TOTAL: 140.9358

CRITICAL STATE INFO:
- Valid actions: ['J1', 'J2', 'J3', 'J4', 'J5', 'J6', 'J7', 'J8', 'J9', 'J11', 'J12', 'J14', 'J15', 'J17', 'J19']
- Machine states:
  - Machine M1: Time=2849.00, Idle=106.00, Material=E-Bike_Bremsen_justiert
  - Machine M2: Time=2673.00, Idle=282.00, Material=E-Bike_Bremsaufnahme_gebohrt
  - Machine M3: Time=2955.00, Idle=0.00, Material=Citybike_Tretlager_gefraest
==================================================

2025-06-19 11:35:19,329 - JSPGymEnvironment - INFO - Material change on machine M2: E-Bike_Bremsaufnahme_gebohrt -> Racebike_Bremsen_justiert, setup time: 29
2025-06-19 11:35:19,329 - JSPGymEnvironment - INFO - Executed operation: Job J12, Op 2, Machine M2, Start: 2984, End: 3004, Setup: 29
2025-06-19 11:35:19,330 - JSPGymEnvironment - INFO - 
===== REWARD DETAILS FOR STEP 53 =====
Job: J12, Operation: 2, Job Completed: False
Current Time: 2955.00 -> 3004.00, Setup Time: 29.00
Processing Time: 20.00, Idle Time: 0.00
Completed Jobs: 5/20
Machine: M2, Material: Racebike_Bremsen_justiert

REWARD COMPONENTS:
- makespan_reward: -0.2450
- setup_reward: -7.2500
- deadline_reward: 0.0000
- priority_reward: 0.0000
- critical_job_reward: 0.5000
- placement_reward: 0.0000
- timeliness_reward: 1.0212
- machine_idle_penalty: -2.5500

TOTAL REWARD: -8.5238

CUMULATIVE REWARD COMPONENTS:
- makespan_reward: -15.0200
- setup_reward: -329.2500
- deadline_reward: 100.0000
- priority_reward: 152.0000
- critical_job_reward: 66.3529
- placement_reward: 0.0000
- timeliness_reward: 396.0166
- machine_idle_penalty: -237.6875

CUMULATIVE TOTAL: 132.4120

CRITICAL STATE INFO:
- Valid actions: ['J1', 'J2', 'J3', 'J4', 'J5', 'J6', 'J7', 'J8', 'J9', 'J11', 'J12', 'J14', 'J15', 'J17', 'J19']
- Machine states:
  - Machine M1: Time=2849.00, Idle=155.00, Material=E-Bike_Bremsen_justiert
  - Machine M2: Time=3004.00, Idle=0.00, Material=Racebike_Bremsen_justiert
  - Machine M3: Time=2955.00, Idle=49.00, Material=Citybike_Tretlager_gefraest
==================================================

2025-06-19 11:35:19,338 - JSPGymEnvironment - INFO - Material change on machine M3: Citybike_Tretlager_gefraest -> Citybike_Bremsen_justiert, setup time: 15
2025-06-19 11:35:19,338 - JSPGymEnvironment - INFO - Executed operation: Job J15, Op 1, Machine M3, Start: 3019, End: 3042, Setup: 15
2025-06-19 11:35:19,339 - JSPGymEnvironment - INFO - 
===== REWARD DETAILS FOR STEP 54 =====
Job: J15, Operation: 1, Job Completed: False
Current Time: 3004.00 -> 3042.00, Setup Time: 15.00
Processing Time: 23.00, Idle Time: 0.00
Completed Jobs: 5/20
Machine: M3, Material: Citybike_Bremsen_justiert

REWARD COMPONENTS:
- makespan_reward: -0.1900
- setup_reward: -3.7500
- deadline_reward: 0.0000
- priority_reward: 0.0000
- critical_job_reward: 0.0000
- placement_reward: 0.0000
- timeliness_reward: 0.7118
- machine_idle_penalty: -2.8875

TOTAL REWARD: -6.1157

CUMULATIVE REWARD COMPONENTS:
- makespan_reward: -15.2100
- setup_reward: -333.0000
- deadline_reward: 100.0000
- priority_reward: 152.0000
- critical_job_reward: 66.3529
- placement_reward: 0.0000
- timeliness_reward: 396.7285
- machine_idle_penalty: -240.5750

CUMULATIVE TOTAL: 126.2964

CRITICAL STATE INFO:
- Valid actions: ['J1', 'J2', 'J3', 'J4', 'J5', 'J6', 'J7', 'J8', 'J9', 'J11', 'J12', 'J14', 'J15', 'J17', 'J19']
- Machine states:
  - Machine M1: Time=2849.00, Idle=193.00, Material=E-Bike_Bremsen_justiert
  - Machine M2: Time=3004.00, Idle=38.00, Material=Racebike_Bremsen_justiert
  - Machine M3: Time=3042.00, Idle=0.00, Material=Citybike_Bremsen_justiert
==================================================

2025-06-19 11:35:19,347 - JSPGymEnvironment - INFO - Material change on machine M3: Citybike_Bremsen_justiert -> Citybike_Schaltauge_bearbeitet, setup time: 15
2025-06-19 11:35:19,347 - JSPGymEnvironment - INFO - Executed operation: Job J19, Op 0, Machine M3, Start: 3057, End: 3098, Setup: 15
2025-06-19 11:35:19,347 - JSPGymEnvironment - INFO - 
===== REWARD DETAILS FOR STEP 55 =====
Job: J19, Operation: 0, Job Completed: False
Current Time: 3042.00 -> 3098.00, Setup Time: 15.00
Processing Time: 41.00, Idle Time: 0.00
Completed Jobs: 5/20
Machine: M3, Material: Citybike_Schaltauge_bearbeitet

REWARD COMPONENTS:
- makespan_reward: -0.2800
- setup_reward: -3.7500
- deadline_reward: 0.0000
- priority_reward: 0.0000
- critical_job_reward: 0.0000
- placement_reward: 0.0000
- timeliness_reward: 0.2656
- machine_idle_penalty: -4.2875

TOTAL REWARD: -8.0519

CUMULATIVE REWARD COMPONENTS:
- makespan_reward: -15.4900
- setup_reward: -336.7500
- deadline_reward: 100.0000
- priority_reward: 152.0000
- critical_job_reward: 66.3529
- placement_reward: 0.0000
- timeliness_reward: 396.9941
- machine_idle_penalty: -244.8625

CUMULATIVE TOTAL: 118.2445

CRITICAL STATE INFO:
- Valid actions: ['J1', 'J2', 'J3', 'J4', 'J5', 'J6', 'J7', 'J8', 'J9', 'J11', 'J12', 'J14', 'J15', 'J17', 'J19']
- Machine states:
  - Machine M1: Time=2849.00, Idle=249.00, Material=E-Bike_Bremsen_justiert
  - Machine M2: Time=3004.00, Idle=94.00, Material=Racebike_Bremsen_justiert
  - Machine M3: Time=3098.00, Idle=0.00, Material=Citybike_Schaltauge_bearbeitet
==================================================

2025-06-19 11:35:19,355 - JSPGymEnvironment - INFO - Material change on machine M2: Racebike_Bremsen_justiert -> Mountainbike_Tretlager_gefraest, setup time: 16
2025-06-19 11:35:19,355 - JSPGymEnvironment - INFO - Executed operation: Job J11, Op 0, Machine M2, Start: 3114, End: 3137, Setup: 16
2025-06-19 11:35:19,355 - JSPGymEnvironment - INFO - 
===== REWARD DETAILS FOR STEP 56 =====
Job: J11, Operation: 0, Job Completed: False
Current Time: 3098.00 -> 3137.00, Setup Time: 16.00
Processing Time: 23.00, Idle Time: 0.00
Completed Jobs: 5/20
Machine: M2, Material: Mountainbike_Tretlager_gefraest

REWARD COMPONENTS:
- makespan_reward: -0.1950
- setup_reward: -4.0000
- deadline_reward: 0.0000
- priority_reward: 0.0000
- critical_job_reward: 0.0000
- placement_reward: 0.0000
- timeliness_reward: -0.0371
- machine_idle_penalty: -4.0875

TOTAL REWARD: -8.3196

CUMULATIVE REWARD COMPONENTS:
- makespan_reward: -15.6850
- setup_reward: -340.7500
- deadline_reward: 100.0000
- priority_reward: 152.0000
- critical_job_reward: 66.3529
- placement_reward: 0.0000
- timeliness_reward: 396.9571
- machine_idle_penalty: -248.9500

CUMULATIVE TOTAL: 109.9250

CRITICAL STATE INFO:
- Valid actions: ['J1', 'J2', 'J3', 'J4', 'J5', 'J6', 'J7', 'J8', 'J9', 'J11', 'J12', 'J14', 'J15', 'J17', 'J19']
- Machine states:
  - Machine M1: Time=2849.00, Idle=288.00, Material=E-Bike_Bremsen_justiert
  - Machine M2: Time=3137.00, Idle=0.00, Material=Mountainbike_Tretlager_gefraest
  - Machine M3: Time=3098.00, Idle=39.00, Material=Citybike_Schaltauge_bearbeitet
==================================================

2025-06-19 11:35:19,364 - JSPGymEnvironment - INFO - Material change on machine M3: Citybike_Schaltauge_bearbeitet -> E-Bike_Fahrrad_endmontiert, setup time: 25
2025-06-19 11:35:19,364 - JSPGymEnvironment - INFO - Executed operation: Job J1, Op 0, Machine M3, Start: 3162, End: 3187, Setup: 25
2025-06-19 11:35:19,365 - JSPGymEnvironment - INFO - 
===== REWARD DETAILS FOR STEP 57 =====
Job: J1, Operation: 0, Job Completed: False
Current Time: 3137.00 -> 3187.00, Setup Time: 25.00
Processing Time: 25.00, Idle Time: 0.00
Completed Jobs: 5/20
Machine: M3, Material: E-Bike_Fahrrad_endmontiert

REWARD COMPONENTS:
- makespan_reward: -0.2500
- setup_reward: -6.2500
- deadline_reward: 0.0000
- priority_reward: 0.0000
- critical_job_reward: 0.0000
- placement_reward: 0.0000
- timeliness_reward: -0.4141
- machine_idle_penalty: -4.8500

TOTAL REWARD: -11.7641

CUMULATIVE REWARD COMPONENTS:
- makespan_reward: -15.9350
- setup_reward: -347.0000
- deadline_reward: 100.0000
- priority_reward: 152.0000
- critical_job_reward: 66.3529
- placement_reward: 0.0000
- timeliness_reward: 396.5430
- machine_idle_penalty: -253.8000

CUMULATIVE TOTAL: 98.1609

CRITICAL STATE INFO:
- Valid actions: ['J1', 'J2', 'J3', 'J4', 'J5', 'J6', 'J7', 'J8', 'J9', 'J11', 'J12', 'J14', 'J15', 'J17', 'J19']
- Machine states:
  - Machine M1: Time=2849.00, Idle=338.00, Material=E-Bike_Bremsen_justiert
  - Machine M2: Time=3137.00, Idle=50.00, Material=Mountainbike_Tretlager_gefraest
  - Machine M3: Time=3187.00, Idle=0.00, Material=E-Bike_Fahrrad_endmontiert
==================================================

2025-06-19 11:35:19,374 - JSPGymEnvironment - INFO - Material change on machine M1: E-Bike_Bremsen_justiert -> E-Bike_Antrieb_installiert, setup time: 40
2025-06-19 11:35:19,374 - JSPGymEnvironment - INFO - Executed operation: Job J5, Op 2, Machine M1, Start: 3227, End: 3251, Setup: 40
2025-06-19 11:35:19,374 - JSPGymEnvironment - INFO - 
===== REWARD DETAILS FOR STEP 58 =====
Job: J5, Operation: 2, Job Completed: False
Current Time: 3187.00 -> 3251.00, Setup Time: 40.00
Processing Time: 24.00, Idle Time: 0.00
Completed Jobs: 5/20
Machine: M1, Material: E-Bike_Antrieb_installiert

REWARD COMPONENTS:
- makespan_reward: -0.3200
- setup_reward: -10.0000
- deadline_reward: 0.0000
- priority_reward: 0.0000
- critical_job_reward: 0.5000
- placement_reward: 0.0000
- timeliness_reward: -0.8764
- machine_idle_penalty: -2.2250

TOTAL REWARD: -12.9214

CUMULATIVE REWARD COMPONENTS:
- makespan_reward: -16.2550
- setup_reward: -357.0000
- deadline_reward: 100.0000
- priority_reward: 152.0000
- critical_job_reward: 66.8529
- placement_reward: 0.0000
- timeliness_reward: 395.6666
- machine_idle_penalty: -256.0250

CUMULATIVE TOTAL: 85.2395

CRITICAL STATE INFO:
- Valid actions: ['J1', 'J2', 'J3', 'J4', 'J5', 'J6', 'J7', 'J8', 'J9', 'J11', 'J12', 'J14', 'J15', 'J17', 'J19']
- Machine states:
  - Machine M1: Time=3251.00, Idle=0.00, Material=E-Bike_Antrieb_installiert
  - Machine M2: Time=3137.00, Idle=114.00, Material=Mountainbike_Tretlager_gefraest
  - Machine M3: Time=3187.00, Idle=64.00, Material=E-Bike_Fahrrad_endmontiert
==================================================

2025-06-19 11:35:19,382 - JSPGymEnvironment - INFO - Material change on machine M1: E-Bike_Antrieb_installiert -> Citybike_Bremsen_justiert, setup time: 55
2025-06-19 11:35:19,382 - JSPGymEnvironment - INFO - Executed operation: Job J14, Op 7, Machine M1, Start: 3306, End: 3341, Setup: 55
2025-06-19 11:35:19,382 - JSPGymEnvironment - INFO - Job J14 completed at time 3341, deadline: 2798, met: False, priority: 4
2025-06-19 11:35:19,382 - JSPGymEnvironment - INFO - 
===== REWARD DETAILS FOR STEP 59 =====
Job: J14, Operation: 7, Job Completed: True
Current Time: 3251.00 -> 3341.00, Setup Time: 55.00
Processing Time: 35.00, Idle Time: 0.00
Completed Jobs: 6/20
Machine: M1, Material: Citybike_Bremsen_justiert
Job Deadline: 2798.00 (Missed), Priority: 4

REWARD COMPONENTS:
- makespan_reward: -0.4500
- setup_reward: -13.7500
- deadline_reward: -0.4852
- priority_reward: 16.0000
- critical_job_reward: 0.0000
- placement_reward: 0.0000
- timeliness_reward: -1.4775
- machine_idle_penalty: -4.4750

TOTAL REWARD: -4.6377

CUMULATIVE REWARD COMPONENTS:
- makespan_reward: -16.7050
- setup_reward: -370.7500
- deadline_reward: 99.5148
- priority_reward: 168.0000
- critical_job_reward: 66.8529
- placement_reward: 0.0000
- timeliness_reward: 394.1891
- machine_idle_penalty: -260.5000

CUMULATIVE TOTAL: 80.6018

CRITICAL STATE INFO:
- Valid actions: ['J1', 'J2', 'J3', 'J4', 'J5', 'J6', 'J7', 'J8', 'J9', 'J11', 'J12', 'J15', 'J17', 'J19']
- Machine states:
  - Machine M1: Time=3341.00, Idle=0.00, Material=Citybike_Bremsen_justiert
  - Machine M2: Time=3137.00, Idle=204.00, Material=Mountainbike_Tretlager_gefraest
  - Machine M3: Time=3187.00, Idle=154.00, Material=E-Bike_Fahrrad_endmontiert
==================================================

2025-06-19 11:35:19,382 - JSPGymEnvironment - INFO - Retro-Bonus für Job J14: -10.0
2025-06-19 11:35:19,390 - JSPGymEnvironment - INFO - Material change on machine M2: Mountainbike_Tretlager_gefraest -> Mountainbike_Antrieb_installiert, setup time: 20
2025-06-19 11:35:19,390 - JSPGymEnvironment - INFO - Executed operation: Job J6, Op 1, Machine M2, Start: 3361, End: 3377, Setup: 20
2025-06-19 11:35:19,390 - JSPGymEnvironment - INFO - 
===== REWARD DETAILS FOR STEP 60 =====
Job: J6, Operation: 1, Job Completed: False
Current Time: 3341.00 -> 3377.00, Setup Time: 20.00
Processing Time: 16.00, Idle Time: 0.00
Completed Jobs: 6/20
Machine: M2, Material: Mountainbike_Antrieb_installiert

REWARD COMPONENTS:
- makespan_reward: -0.1800
- setup_reward: -5.0000
- deadline_reward: 0.0000
- priority_reward: 0.0000
- critical_job_reward: 0.0000
- placement_reward: 0.0000
- timeliness_reward: -1.7059
- machine_idle_penalty: -2.8250

TOTAL REWARD: -9.7109

CUMULATIVE REWARD COMPONENTS:
- makespan_reward: -16.8850
- setup_reward: -375.7500
- deadline_reward: 99.5148
- priority_reward: 168.0000
- critical_job_reward: 66.8529
- placement_reward: 0.0000
- timeliness_reward: 392.4831
- machine_idle_penalty: -263.3250

CUMULATIVE TOTAL: 70.8909

CRITICAL STATE INFO:
- Valid actions: ['J1', 'J2', 'J3', 'J4', 'J5', 'J6', 'J7', 'J8', 'J9', 'J11', 'J12', 'J15', 'J17', 'J19']
- Machine states:
  - Machine M1: Time=3341.00, Idle=36.00, Material=Citybike_Bremsen_justiert
  - Machine M2: Time=3377.00, Idle=0.00, Material=Mountainbike_Antrieb_installiert
  - Machine M3: Time=3187.00, Idle=190.00, Material=E-Bike_Fahrrad_endmontiert
==================================================

2025-06-19 11:35:19,399 - JSPGymEnvironment - INFO - Material change on machine M2: Mountainbike_Antrieb_installiert -> E-Bike_Hauptrahmen_zugeschnitten, setup time: 29
2025-06-19 11:35:19,399 - JSPGymEnvironment - INFO - Executed operation: Job J17, Op 5, Machine M2, Start: 3406, End: 3426, Setup: 29
2025-06-19 11:35:19,399 - JSPGymEnvironment - INFO - Job J17 completed at time 3426, deadline: 2880, met: False, priority: 7
2025-06-19 11:35:19,399 - JSPGymEnvironment - INFO - 
===== REWARD DETAILS FOR STEP 61 =====
Job: J17, Operation: 5, Job Completed: True
Current Time: 3377.00 -> 3426.00, Setup Time: 29.00
Processing Time: 20.00, Idle Time: 0.00
Completed Jobs: 7/20
Machine: M2, Material: E-Bike_Hauptrahmen_zugeschnitten
Job Deadline: 2880.00 (Missed), Priority: 7

REWARD COMPONENTS:
- makespan_reward: -0.2450
- setup_reward: -7.2500
- deadline_reward: -0.4740
- priority_reward: 28.0000
- critical_job_reward: 0.0000
- placement_reward: 0.0000
- timeliness_reward: -2.0222
- machine_idle_penalty: -4.0500

TOTAL REWARD: 13.9589

CUMULATIVE REWARD COMPONENTS:
- makespan_reward: -17.1300
- setup_reward: -383.0000
- deadline_reward: 99.0409
- priority_reward: 196.0000
- critical_job_reward: 66.8529
- placement_reward: 0.0000
- timeliness_reward: 390.4609
- machine_idle_penalty: -267.3750

CUMULATIVE TOTAL: 84.8497

CRITICAL STATE INFO:
- Valid actions: ['J1', 'J2', 'J3', 'J4', 'J5', 'J6', 'J7', 'J8', 'J9', 'J11', 'J12', 'J15', 'J19']
- Machine states:
  - Machine M1: Time=3341.00, Idle=85.00, Material=Citybike_Bremsen_justiert
  - Machine M2: Time=3426.00, Idle=0.00, Material=E-Bike_Hauptrahmen_zugeschnitten
  - Machine M3: Time=3187.00, Idle=239.00, Material=E-Bike_Fahrrad_endmontiert
==================================================

2025-06-19 11:35:19,399 - JSPGymEnvironment - INFO - Retro-Bonus für Job J17: -10.0
2025-06-19 11:35:19,490 - JSPGymEnvironment - INFO - Material change on machine M1: Citybike_Bremsen_justiert -> Citybike_Antrieb_installiert, setup time: 40
2025-06-19 11:35:19,490 - JSPGymEnvironment - INFO - Executed operation: Job J15, Op 2, Machine M1, Start: 3466, End: 3498, Setup: 40
2025-06-19 11:35:19,490 - JSPGymEnvironment - INFO - 
===== REWARD DETAILS FOR STEP 62 =====
Job: J15, Operation: 2, Job Completed: False
Current Time: 3426.00 -> 3498.00, Setup Time: 40.00
Processing Time: 32.00, Idle Time: 0.00
Completed Jobs: 7/20
Machine: M1, Material: Citybike_Antrieb_installiert

REWARD COMPONENTS:
- makespan_reward: -0.3600
- setup_reward: -10.0000
- deadline_reward: 0.0000
- priority_reward: 0.0000
- critical_job_reward: 0.0000
- placement_reward: 0.0000
- timeliness_reward: -2.4273
- machine_idle_penalty: -4.7875

TOTAL REWARD: -17.5748

CUMULATIVE REWARD COMPONENTS:
- makespan_reward: -17.4900
- setup_reward: -393.0000
- deadline_reward: 99.0409
- priority_reward: 196.0000
- critical_job_reward: 66.8529
- placement_reward: 0.0000
- timeliness_reward: 388.0337
- machine_idle_penalty: -272.1625

CUMULATIVE TOTAL: 67.2749

CRITICAL STATE INFO:
- Valid actions: ['J1', 'J2', 'J3', 'J4', 'J5', 'J6', 'J7', 'J8', 'J9', 'J11', 'J12', 'J15', 'J19']
- Machine states:
  - Machine M1: Time=3498.00, Idle=0.00, Material=Citybike_Antrieb_installiert
  - Machine M2: Time=3426.00, Idle=72.00, Material=E-Bike_Hauptrahmen_zugeschnitten
  - Machine M3: Time=3187.00, Idle=311.00, Material=E-Bike_Fahrrad_endmontiert
==================================================

2025-06-19 11:35:19,499 - JSPGymEnvironment - INFO - Material change on machine M1: Citybike_Antrieb_installiert -> Mountainbike_Laufraeder_montiert, setup time: 36
2025-06-19 11:35:19,499 - JSPGymEnvironment - INFO - Executed operation: Job J6, Op 2, Machine M1, Start: 3534, End: 3575, Setup: 36
2025-06-19 11:35:19,499 - JSPGymEnvironment - INFO - 
===== REWARD DETAILS FOR STEP 63 =====
Job: J6, Operation: 2, Job Completed: False
Current Time: 3498.00 -> 3575.00, Setup Time: 36.00
Processing Time: 41.00, Idle Time: 0.00
Completed Jobs: 7/20
Machine: M1, Material: Mountainbike_Laufraeder_montiert

REWARD COMPONENTS:
- makespan_reward: -0.3850
- setup_reward: -9.0000
- deadline_reward: 0.0000
- priority_reward: 0.0000
- critical_job_reward: 0.0000
- placement_reward: 0.0000
- timeliness_reward: -2.8212
- machine_idle_penalty: -6.7125

TOTAL REWARD: -18.9187

CUMULATIVE REWARD COMPONENTS:
- makespan_reward: -17.8750
- setup_reward: -402.0000
- deadline_reward: 99.0409
- priority_reward: 196.0000
- critical_job_reward: 66.8529
- placement_reward: 0.0000
- timeliness_reward: 385.2124
- machine_idle_penalty: -278.8750

CUMULATIVE TOTAL: 48.3562

CRITICAL STATE INFO:
- Valid actions: ['J1', 'J2', 'J3', 'J4', 'J5', 'J6', 'J7', 'J8', 'J9', 'J11', 'J12', 'J15', 'J19']
- Machine states:
  - Machine M1: Time=3575.00, Idle=0.00, Material=Mountainbike_Laufraeder_montiert
  - Machine M2: Time=3426.00, Idle=149.00, Material=E-Bike_Hauptrahmen_zugeschnitten
  - Machine M3: Time=3187.00, Idle=388.00, Material=E-Bike_Fahrrad_endmontiert
==================================================

2025-06-19 11:35:19,509 - JSPGymEnvironment - INFO - Material change on machine M1: Mountainbike_Laufraeder_montiert -> E-Bike_Rahmen_nachbearbeitet, setup time: 47
2025-06-19 11:35:19,509 - JSPGymEnvironment - INFO - Executed operation: Job J5, Op 3, Machine M1, Start: 3622, End: 3665, Setup: 47
2025-06-19 11:35:19,509 - JSPGymEnvironment - INFO - 
===== REWARD DETAILS FOR STEP 64 =====
Job: J5, Operation: 3, Job Completed: False
Current Time: 3575.00 -> 3665.00, Setup Time: 47.00
Processing Time: 43.00, Idle Time: 0.00
Completed Jobs: 7/20
Machine: M1, Material: E-Bike_Rahmen_nachbearbeitet

REWARD COMPONENTS:
- makespan_reward: -0.4500
- setup_reward: -11.7500
- deadline_reward: 0.0000
- priority_reward: 0.0000
- critical_job_reward: 0.5000
- placement_reward: 0.0000
- timeliness_reward: -3.2315
- machine_idle_penalty: -8.9625

TOTAL REWARD: -23.8940

CUMULATIVE REWARD COMPONENTS:
- makespan_reward: -18.3250
- setup_reward: -413.7500
- deadline_reward: 99.0409
- priority_reward: 196.0000
- critical_job_reward: 67.3529
- placement_reward: 0.0000
- timeliness_reward: 381.9809
- machine_idle_penalty: -287.8375

CUMULATIVE TOTAL: 24.4622

CRITICAL STATE INFO:
- Valid actions: ['J1', 'J2', 'J3', 'J4', 'J5', 'J6', 'J7', 'J8', 'J9', 'J11', 'J12', 'J15', 'J19']
- Machine states:
  - Machine M1: Time=3665.00, Idle=0.00, Material=E-Bike_Rahmen_nachbearbeitet
  - Machine M2: Time=3426.00, Idle=239.00, Material=E-Bike_Hauptrahmen_zugeschnitten
  - Machine M3: Time=3187.00, Idle=478.00, Material=E-Bike_Fahrrad_endmontiert
==================================================

2025-06-19 11:35:19,518 - JSPGymEnvironment - INFO - Material change on machine M2: E-Bike_Hauptrahmen_zugeschnitten -> E-Bike_Bremsaufnahme_gebohrt, setup time: 20
2025-06-19 11:35:19,518 - JSPGymEnvironment - INFO - Executed operation: Job J5, Op 4, Machine M2, Start: 3685, End: 3712, Setup: 20
2025-06-19 11:35:19,518 - JSPGymEnvironment - INFO - 
===== REWARD DETAILS FOR STEP 65 =====
Job: J5, Operation: 4, Job Completed: False
Current Time: 3665.00 -> 3712.00, Setup Time: 20.00
Processing Time: 27.00, Idle Time: 0.00
Completed Jobs: 7/20
Machine: M2, Material: E-Bike_Bremsaufnahme_gebohrt

REWARD COMPONENTS:
- makespan_reward: -0.2350
- setup_reward: -5.0000
- deadline_reward: 0.0000
- priority_reward: 0.0000
- critical_job_reward: 0.5000
- placement_reward: 0.0000
- timeliness_reward: -3.4251
- machine_idle_penalty: -7.1500

TOTAL REWARD: -15.3101

CUMULATIVE REWARD COMPONENTS:
- makespan_reward: -18.5600
- setup_reward: -418.7500
- deadline_reward: 99.0409
- priority_reward: 196.0000
- critical_job_reward: 67.8529
- placement_reward: 0.0000
- timeliness_reward: 378.5558
- machine_idle_penalty: -294.9875

CUMULATIVE TOTAL: 9.1521

CRITICAL STATE INFO:
- Valid actions: ['J1', 'J2', 'J3', 'J4', 'J5', 'J6', 'J7', 'J8', 'J9', 'J11', 'J12', 'J15', 'J19']
- Machine states:
  - Machine M1: Time=3665.00, Idle=47.00, Material=E-Bike_Rahmen_nachbearbeitet
  - Machine M2: Time=3712.00, Idle=0.00, Material=E-Bike_Bremsaufnahme_gebohrt
  - Machine M3: Time=3187.00, Idle=525.00, Material=E-Bike_Fahrrad_endmontiert
==================================================

2025-06-19 11:35:19,528 - JSPGymEnvironment - INFO - Material change on machine M1: E-Bike_Rahmen_nachbearbeitet -> Citybike_Antrieb_installiert, setup time: 55
2025-06-19 11:35:19,528 - JSPGymEnvironment - INFO - Executed operation: Job J19, Op 1, Machine M1, Start: 3767, End: 3799, Setup: 55
2025-06-19 11:35:19,528 - JSPGymEnvironment - INFO - 
===== REWARD DETAILS FOR STEP 66 =====
Job: J19, Operation: 1, Job Completed: False
Current Time: 3712.00 -> 3799.00, Setup Time: 55.00
Processing Time: 32.00, Idle Time: 0.00
Completed Jobs: 7/20
Machine: M1, Material: Citybike_Antrieb_installiert

REWARD COMPONENTS:
- makespan_reward: -0.4350
- setup_reward: -13.7500
- deadline_reward: 0.0000
- priority_reward: 0.0000
- critical_job_reward: 0.0000
- placement_reward: 0.0000
- timeliness_reward: -3.7483
- machine_idle_penalty: -8.7375

TOTAL REWARD: -26.6708

CUMULATIVE REWARD COMPONENTS:
- makespan_reward: -18.9950
- setup_reward: -432.5000
- deadline_reward: 99.0409
- priority_reward: 196.0000
- critical_job_reward: 67.8529
- placement_reward: 0.0000
- timeliness_reward: 374.8075
- machine_idle_penalty: -303.7250

CUMULATIVE TOTAL: -17.5187

CRITICAL STATE INFO:
- Valid actions: ['J1', 'J2', 'J3', 'J4', 'J5', 'J6', 'J7', 'J8', 'J9', 'J11', 'J12', 'J15', 'J19']
- Machine states:
  - Machine M1: Time=3799.00, Idle=0.00, Material=Citybike_Antrieb_installiert
  - Machine M2: Time=3712.00, Idle=87.00, Material=E-Bike_Bremsaufnahme_gebohrt
  - Machine M3: Time=3187.00, Idle=612.00, Material=E-Bike_Fahrrad_endmontiert
==================================================

2025-06-19 11:35:19,537 - JSPGymEnvironment - INFO - Material change on machine M2: E-Bike_Bremsaufnahme_gebohrt -> Mountainbike_Steuerrohr_montiert, setup time: 28
2025-06-19 11:35:19,537 - JSPGymEnvironment - INFO - Executed operation: Job J6, Op 3, Machine M2, Start: 3827, End: 3840, Setup: 28
2025-06-19 11:35:19,537 - JSPGymEnvironment - INFO - 
===== REWARD DETAILS FOR STEP 67 =====
Job: J6, Operation: 3, Job Completed: False
Current Time: 3799.00 -> 3840.00, Setup Time: 28.00
Processing Time: 13.00, Idle Time: 0.00
Completed Jobs: 7/20
Machine: M2, Material: Mountainbike_Steuerrohr_montiert

REWARD COMPONENTS:
- makespan_reward: -0.2050
- setup_reward: -7.0000
- deadline_reward: 0.0000
- priority_reward: 0.0000
- critical_job_reward: 0.0000
- placement_reward: 0.0000
- timeliness_reward: -3.8856
- machine_idle_penalty: -8.6750

TOTAL REWARD: -19.7656

CUMULATIVE REWARD COMPONENTS:
- makespan_reward: -19.2000
- setup_reward: -439.5000
- deadline_reward: 99.0409
- priority_reward: 196.0000
- critical_job_reward: 67.8529
- placement_reward: 0.0000
- timeliness_reward: 370.9219
- machine_idle_penalty: -312.4000

CUMULATIVE TOTAL: -37.2843

CRITICAL STATE INFO:
- Valid actions: ['J1', 'J2', 'J3', 'J4', 'J5', 'J6', 'J7', 'J8', 'J9', 'J11', 'J12', 'J15', 'J19']
- Machine states:
  - Machine M1: Time=3799.00, Idle=41.00, Material=Citybike_Antrieb_installiert
  - Machine M2: Time=3840.00, Idle=0.00, Material=Mountainbike_Steuerrohr_montiert
  - Machine M3: Time=3187.00, Idle=653.00, Material=E-Bike_Fahrrad_endmontiert
==================================================

2025-06-19 11:35:19,546 - JSPGymEnvironment - INFO - Material change on machine M3: E-Bike_Fahrrad_endmontiert -> Racebike_Tretlager_gefraest, setup time: 22
2025-06-19 11:35:19,546 - JSPGymEnvironment - INFO - Executed operation: Job J9, Op 0, Machine M3, Start: 3862, End: 3889, Setup: 22
2025-06-19 11:35:19,546 - JSPGymEnvironment - INFO - 
===== REWARD DETAILS FOR STEP 68 =====
Job: J9, Operation: 0, Job Completed: False
Current Time: 3840.00 -> 3889.00, Setup Time: 22.00
Processing Time: 27.00, Idle Time: 0.00
Completed Jobs: 7/20
Machine: M3, Material: Racebike_Tretlager_gefraest

REWARD COMPONENTS:
- makespan_reward: -0.2450
- setup_reward: -5.5000
- deadline_reward: 0.0000
- priority_reward: 0.0000
- critical_job_reward: 0.5000
- placement_reward: 0.0000
- timeliness_reward: -4.0379
- machine_idle_penalty: -1.7375

TOTAL REWARD: -11.0204

CUMULATIVE REWARD COMPONENTS:
- makespan_reward: -19.4450
- setup_reward: -445.0000
- deadline_reward: 99.0409
- priority_reward: 196.0000
- critical_job_reward: 68.3529
- placement_reward: 0.0000
- timeliness_reward: 366.8841
- machine_idle_penalty: -314.1375

CUMULATIVE TOTAL: -48.3047

CRITICAL STATE INFO:
- Valid actions: ['J1', 'J2', 'J3', 'J4', 'J5', 'J6', 'J7', 'J8', 'J9', 'J11', 'J12', 'J15', 'J19']
- Machine states:
  - Machine M1: Time=3799.00, Idle=90.00, Material=Citybike_Antrieb_installiert
  - Machine M2: Time=3840.00, Idle=49.00, Material=Mountainbike_Steuerrohr_montiert
  - Machine M3: Time=3889.00, Idle=0.00, Material=Racebike_Tretlager_gefraest
==================================================

2025-06-19 11:35:19,555 - JSPGymEnvironment - INFO - Material change on machine M3: Racebike_Tretlager_gefraest -> E-Bike_Laufraeder_montiert, setup time: 21
2025-06-19 11:35:19,555 - JSPGymEnvironment - INFO - Executed operation: Job J5, Op 5, Machine M3, Start: 3910, End: 3966, Setup: 21
2025-06-19 11:35:19,555 - JSPGymEnvironment - INFO - Job J5 completed at time 3966, deadline: 2880, met: False, priority: 9
2025-06-19 11:35:19,555 - JSPGymEnvironment - INFO - 
===== REWARD DETAILS FOR STEP 69 =====
Job: J5, Operation: 5, Job Completed: True
Current Time: 3889.00 -> 3966.00, Setup Time: 21.00
Processing Time: 56.00, Idle Time: 0.00
Completed Jobs: 8/20
Machine: M3, Material: E-Bike_Laufraeder_montiert
Job Deadline: 2880.00 (Missed), Priority: 9

REWARD COMPONENTS:
- makespan_reward: -0.3850
- setup_reward: -5.2500
- deadline_reward: -0.9427
- priority_reward: 36.0000
- critical_job_reward: 7.9750
- placement_reward: 0.0000
- timeliness_reward: -4.2726
- machine_idle_penalty: -3.6625

TOTAL REWARD: 29.4622

CUMULATIVE REWARD COMPONENTS:
- makespan_reward: -19.8300
- setup_reward: -450.2500
- deadline_reward: 98.0982
- priority_reward: 232.0000
- critical_job_reward: 76.3279
- placement_reward: 0.0000
- timeliness_reward: 362.6115
- machine_idle_penalty: -317.8000

CUMULATIVE TOTAL: -18.8424

CRITICAL STATE INFO:
- Valid actions: ['J1', 'J2', 'J3', 'J4', 'J6', 'J7', 'J8', 'J9', 'J11', 'J12', 'J15', 'J19']
- Machine states:
  - Machine M1: Time=3799.00, Idle=167.00, Material=Citybike_Antrieb_installiert
  - Machine M2: Time=3840.00, Idle=126.00, Material=Mountainbike_Steuerrohr_montiert
  - Machine M3: Time=3966.00, Idle=0.00, Material=E-Bike_Laufraeder_montiert
==================================================

2025-06-19 11:35:19,555 - JSPGymEnvironment - INFO - Retro-Bonus für Job J5: -5.0
2025-06-19 11:35:19,564 - JSPGymEnvironment - INFO - Material change on machine M1: Citybike_Antrieb_installiert -> Racebike_Bremsaufnahme_gebohrt, setup time: 30
2025-06-19 11:35:19,564 - JSPGymEnvironment - INFO - Executed operation: Job J12, Op 3, Machine M1, Start: 3996, End: 4033, Setup: 30
2025-06-19 11:35:19,564 - JSPGymEnvironment - INFO - 
===== REWARD DETAILS FOR STEP 70 =====
Job: J12, Operation: 3, Job Completed: False
Current Time: 3966.00 -> 4033.00, Setup Time: 30.00
Processing Time: 37.00, Idle Time: 0.00
Completed Jobs: 8/20
Machine: M1, Material: Racebike_Bremsaufnahme_gebohrt

REWARD COMPONENTS:
- makespan_reward: -0.3350
- setup_reward: -7.5000
- deadline_reward: 0.0000
- priority_reward: 0.0000
- critical_job_reward: 0.5000
- placement_reward: 0.0000
- timeliness_reward: -4.4355
- machine_idle_penalty: -3.2500

TOTAL REWARD: -15.0205

CUMULATIVE REWARD COMPONENTS:
- makespan_reward: -20.1650
- setup_reward: -457.7500
- deadline_reward: 98.0982
- priority_reward: 232.0000
- critical_job_reward: 76.8279
- placement_reward: 0.0000
- timeliness_reward: 358.1761
- machine_idle_penalty: -321.0500

CUMULATIVE TOTAL: -33.8629

CRITICAL STATE INFO:
- Valid actions: ['J1', 'J2', 'J3', 'J4', 'J6', 'J7', 'J8', 'J9', 'J11', 'J12', 'J15', 'J19']
- Machine states:
  - Machine M1: Time=4033.00, Idle=0.00, Material=Racebike_Bremsaufnahme_gebohrt
  - Machine M2: Time=3840.00, Idle=193.00, Material=Mountainbike_Steuerrohr_montiert
  - Machine M3: Time=3966.00, Idle=67.00, Material=E-Bike_Laufraeder_montiert
==================================================

2025-06-19 11:35:19,573 - JSPGymEnvironment - INFO - Material change on machine M1: Racebike_Bremsaufnahme_gebohrt -> Mountainbike_Rahmen_lackiert, setup time: 37
2025-06-19 11:35:19,574 - JSPGymEnvironment - INFO - Executed operation: Job J11, Op 1, Machine M1, Start: 4070, End: 4094, Setup: 37
2025-06-19 11:35:19,574 - JSPGymEnvironment - INFO - 
===== REWARD DETAILS FOR STEP 71 =====
Job: J11, Operation: 1, Job Completed: False
Current Time: 4033.00 -> 4094.00, Setup Time: 37.00
Processing Time: 24.00, Idle Time: 0.00
Completed Jobs: 8/20
Machine: M1, Material: Mountainbike_Rahmen_lackiert

REWARD COMPONENTS:
- makespan_reward: -0.3050
- setup_reward: -9.2500
- deadline_reward: 0.0000
- priority_reward: 0.0000
- critical_job_reward: 0.0000
- placement_reward: 0.0000
- timeliness_reward: -4.5675
- machine_idle_penalty: -4.7750

TOTAL REWARD: -18.8975

CUMULATIVE REWARD COMPONENTS:
- makespan_reward: -20.4700
- setup_reward: -467.0000
- deadline_reward: 98.0982
- priority_reward: 232.0000
- critical_job_reward: 76.8279
- placement_reward: 0.0000
- timeliness_reward: 353.6085
- machine_idle_penalty: -325.8250

CUMULATIVE TOTAL: -52.7604

CRITICAL STATE INFO:
- Valid actions: ['J1', 'J2', 'J3', 'J4', 'J6', 'J7', 'J8', 'J9', 'J11', 'J12', 'J15', 'J19']
- Machine states:
  - Machine M1: Time=4094.00, Idle=0.00, Material=Mountainbike_Rahmen_lackiert
  - Machine M2: Time=3840.00, Idle=254.00, Material=Mountainbike_Steuerrohr_montiert
  - Machine M3: Time=3966.00, Idle=128.00, Material=E-Bike_Laufraeder_montiert
==================================================

2025-06-19 11:35:19,583 - JSPGymEnvironment - INFO - Material change on machine M3: E-Bike_Laufraeder_montiert -> Racebike_Tretlageraufnahme_geschweisst, setup time: 22
2025-06-19 11:35:19,583 - JSPGymEnvironment - INFO - Executed operation: Job J12, Op 4, Machine M3, Start: 4116, End: 4173, Setup: 22
2025-06-19 11:35:19,583 - JSPGymEnvironment - INFO - 
===== REWARD DETAILS FOR STEP 72 =====
Job: J12, Operation: 4, Job Completed: False
Current Time: 4094.00 -> 4173.00, Setup Time: 22.00
Processing Time: 57.00, Idle Time: 0.00
Completed Jobs: 8/20
Machine: M3, Material: Racebike_Tretlageraufnahme_geschweisst

REWARD COMPONENTS:
- makespan_reward: -0.3950
- setup_reward: -5.5000
- deadline_reward: 0.0000
- priority_reward: 0.0000
- critical_job_reward: 0.5000
- placement_reward: 0.0000
- timeliness_reward: -4.7179
- machine_idle_penalty: -5.1500

TOTAL REWARD: -15.2629

CUMULATIVE REWARD COMPONENTS:
- makespan_reward: -20.8650
- setup_reward: -472.5000
- deadline_reward: 98.0982
- priority_reward: 232.0000
- critical_job_reward: 77.3279
- placement_reward: 0.0000
- timeliness_reward: 348.8907
- machine_idle_penalty: -330.9750

CUMULATIVE TOTAL: -68.0233

CRITICAL STATE INFO:
- Valid actions: ['J1', 'J2', 'J3', 'J4', 'J6', 'J7', 'J8', 'J9', 'J11', 'J12', 'J15', 'J19']
- Machine states:
  - Machine M1: Time=4094.00, Idle=79.00, Material=Mountainbike_Rahmen_lackiert
  - Machine M2: Time=3840.00, Idle=333.00, Material=Mountainbike_Steuerrohr_montiert
  - Machine M3: Time=4173.00, Idle=0.00, Material=Racebike_Tretlageraufnahme_geschweisst
==================================================

2025-06-19 11:35:19,591 - JSPGymEnvironment - INFO - Material change on machine M1: Mountainbike_Rahmen_lackiert -> Mountainbike_Rahmen_komplettiert, setup time: 40
2025-06-19 11:35:19,591 - JSPGymEnvironment - INFO - Executed operation: Job J6, Op 4, Machine M1, Start: 4213, End: 4233, Setup: 40
2025-06-19 11:35:19,592 - JSPGymEnvironment - INFO - 
===== REWARD DETAILS FOR STEP 73 =====
Job: J6, Operation: 4, Job Completed: False
Current Time: 4173.00 -> 4233.00, Setup Time: 40.00
Processing Time: 20.00, Idle Time: 0.00
Completed Jobs: 8/20
Machine: M1, Material: Mountainbike_Rahmen_komplettiert

REWARD COMPONENTS:
- makespan_reward: -0.3000
- setup_reward: -10.0000
- deadline_reward: 0.0000
- priority_reward: 0.0000
- critical_job_reward: 0.0000
- placement_reward: 0.0000
- timeliness_reward: -4.8180
- machine_idle_penalty: -5.6625

TOTAL REWARD: -20.7805

CUMULATIVE REWARD COMPONENTS:
- makespan_reward: -21.1650
- setup_reward: -482.5000
- deadline_reward: 98.0982
- priority_reward: 232.0000
- critical_job_reward: 77.3279
- placement_reward: 0.0000
- timeliness_reward: 344.0726
- machine_idle_penalty: -336.6375

CUMULATIVE TOTAL: -88.8038

CRITICAL STATE INFO:
- Valid actions: ['J1', 'J2', 'J3', 'J4', 'J6', 'J7', 'J8', 'J9', 'J11', 'J12', 'J15', 'J19']
- Machine states:
  - Machine M1: Time=4233.00, Idle=0.00, Material=Mountainbike_Rahmen_komplettiert
  - Machine M2: Time=3840.00, Idle=393.00, Material=Mountainbike_Steuerrohr_montiert
  - Machine M3: Time=4173.00, Idle=60.00, Material=Racebike_Tretlageraufnahme_geschweisst
==================================================

2025-06-19 11:35:19,600 - JSPGymEnvironment - INFO - Material change on machine M2: Mountainbike_Steuerrohr_montiert -> Racebike_Fahrrad_endmontiert, setup time: 16
2025-06-19 11:35:19,600 - JSPGymEnvironment - INFO - Executed operation: Job J9, Op 1, Machine M2, Start: 4249, End: 4270, Setup: 16
2025-06-19 11:35:19,600 - JSPGymEnvironment - INFO - 
===== REWARD DETAILS FOR STEP 74 =====
Job: J9, Operation: 1, Job Completed: False
Current Time: 4233.00 -> 4270.00, Setup Time: 16.00
Processing Time: 21.00, Idle Time: 0.00
Completed Jobs: 8/20
Machine: M2, Material: Racebike_Fahrrad_endmontiert

REWARD COMPONENTS:
- makespan_reward: -0.1850
- setup_reward: -4.0000
- deadline_reward: 0.0000
- priority_reward: 0.0000
- critical_job_reward: 0.5000
- placement_reward: 0.0000
- timeliness_reward: -4.8743
- machine_idle_penalty: -1.6750

TOTAL REWARD: -10.2343

CUMULATIVE REWARD COMPONENTS:
- makespan_reward: -21.3500
- setup_reward: -486.5000
- deadline_reward: 98.0982
- priority_reward: 232.0000
- critical_job_reward: 77.8279
- placement_reward: 0.0000
- timeliness_reward: 339.1983
- machine_idle_penalty: -338.3125

CUMULATIVE TOTAL: -99.0381

CRITICAL STATE INFO:
- Valid actions: ['J1', 'J2', 'J3', 'J4', 'J6', 'J7', 'J8', 'J9', 'J11', 'J12', 'J15', 'J19']
- Machine states:
  - Machine M1: Time=4233.00, Idle=37.00, Material=Mountainbike_Rahmen_komplettiert
  - Machine M2: Time=4270.00, Idle=0.00, Material=Racebike_Fahrrad_endmontiert
  - Machine M3: Time=4173.00, Idle=97.00, Material=Racebike_Tretlageraufnahme_geschweisst
==================================================

2025-06-19 11:35:19,608 - JSPGymEnvironment - INFO - Material change on machine M3: Racebike_Tretlageraufnahme_geschweisst -> Mountainbike_Rahmen_komplettiert, setup time: 18
2025-06-19 11:35:19,608 - JSPGymEnvironment - INFO - Executed operation: Job J11, Op 2, Machine M3, Start: 4288, End: 4339, Setup: 18
2025-06-19 11:35:19,609 - JSPGymEnvironment - INFO - 
===== REWARD DETAILS FOR STEP 75 =====
Job: J11, Operation: 2, Job Completed: False
Current Time: 4270.00 -> 4339.00, Setup Time: 18.00
Processing Time: 51.00, Idle Time: 0.00
Completed Jobs: 8/20
Machine: M3, Material: Mountainbike_Rahmen_komplettiert

REWARD COMPONENTS:
- makespan_reward: -0.3450
- setup_reward: -4.5000
- deadline_reward: 0.0000
- priority_reward: 0.0000
- critical_job_reward: 0.0000
- placement_reward: 0.0000
- timeliness_reward: -4.9691
- machine_idle_penalty: -2.1875

TOTAL REWARD: -12.0016

CUMULATIVE REWARD COMPONENTS:
- makespan_reward: -21.6950
- setup_reward: -491.0000
- deadline_reward: 98.0982
- priority_reward: 232.0000
- critical_job_reward: 77.8279
- placement_reward: 0.0000
- timeliness_reward: 334.2292
- machine_idle_penalty: -340.5000

CUMULATIVE TOTAL: -111.0397

CRITICAL STATE INFO:
- Valid actions: ['J1', 'J2', 'J3', 'J4', 'J6', 'J7', 'J8', 'J9', 'J11', 'J12', 'J15', 'J19']
- Machine states:
  - Machine M1: Time=4233.00, Idle=106.00, Material=Mountainbike_Rahmen_komplettiert
  - Machine M2: Time=4270.00, Idle=69.00, Material=Racebike_Fahrrad_endmontiert
  - Machine M3: Time=4339.00, Idle=0.00, Material=Mountainbike_Rahmen_komplettiert
==================================================

2025-06-19 11:35:19,618 - JSPGymEnvironment - INFO - Material change on machine M1: Mountainbike_Rahmen_komplettiert -> E-Bike_Laufraeder_montiert, setup time: 47
2025-06-19 11:35:19,618 - JSPGymEnvironment - INFO - Executed operation: Job J4, Op 4, Machine M1, Start: 4386, End: 4408, Setup: 47
2025-06-19 11:35:19,619 - JSPGymEnvironment - INFO - 
===== REWARD DETAILS FOR STEP 76 =====
Job: J4, Operation: 4, Job Completed: False
Current Time: 4339.00 -> 4408.00, Setup Time: 47.00
Processing Time: 22.00, Idle Time: 0.00
Completed Jobs: 8/20
Machine: M1, Material: E-Bike_Laufraeder_montiert

REWARD COMPONENTS:
- makespan_reward: -0.3450
- setup_reward: -11.7500
- deadline_reward: 0.0000
- priority_reward: 0.0000
- critical_job_reward: 0.5000
- placement_reward: 0.0000
- timeliness_reward: -5.0520
- machine_idle_penalty: -2.5875

TOTAL REWARD: -19.2345

CUMULATIVE REWARD COMPONENTS:
- makespan_reward: -22.0400
- setup_reward: -502.7500
- deadline_reward: 98.0982
- priority_reward: 232.0000
- critical_job_reward: 78.3279
- placement_reward: 0.0000
- timeliness_reward: 329.1772
- machine_idle_penalty: -343.0875

CUMULATIVE TOTAL: -130.2742

CRITICAL STATE INFO:
- Valid actions: ['J1', 'J2', 'J3', 'J4', 'J6', 'J7', 'J8', 'J9', 'J11', 'J12', 'J15', 'J19']
- Machine states:
  - Machine M1: Time=4408.00, Idle=0.00, Material=E-Bike_Laufraeder_montiert
  - Machine M2: Time=4270.00, Idle=138.00, Material=Racebike_Fahrrad_endmontiert
  - Machine M3: Time=4339.00, Idle=69.00, Material=Mountainbike_Rahmen_komplettiert
==================================================

2025-06-19 11:35:19,628 - JSPGymEnvironment - INFO - Material change on machine M2: Racebike_Fahrrad_endmontiert -> E-Bike_Hauptrahmen_zugeschnitten, setup time: 24
2025-06-19 11:35:19,628 - JSPGymEnvironment - INFO - Executed operation: Job J4, Op 5, Machine M2, Start: 4432, End: 4459, Setup: 24
2025-06-19 11:35:19,628 - JSPGymEnvironment - INFO - Job J4 completed at time 4459, deadline: 2880, met: False, priority: 9
2025-06-19 11:35:19,628 - JSPGymEnvironment - INFO - 
===== REWARD DETAILS FOR STEP 77 =====
Job: J4, Operation: 5, Job Completed: True
Current Time: 4408.00 -> 4459.00, Setup Time: 24.00
Processing Time: 27.00, Idle Time: 0.00
Completed Jobs: 9/20
Machine: M2, Material: E-Bike_Hauptrahmen_zugeschnitten
Job Deadline: 2880.00 (Missed), Priority: 9

REWARD COMPONENTS:
- makespan_reward: -0.2550
- setup_reward: -6.0000
- deadline_reward: -1.3707
- priority_reward: 36.0000
- critical_job_reward: 5.9208
- placement_reward: 0.0000
- timeliness_reward: -5.1175
- machine_idle_penalty: -2.1375

TOTAL REWARD: 27.0402

CUMULATIVE REWARD COMPONENTS:
- makespan_reward: -22.2950
- setup_reward: -508.7500
- deadline_reward: 96.7275
- priority_reward: 268.0000
- critical_job_reward: 84.2487
- placement_reward: 0.0000
- timeliness_reward: 324.0597
- machine_idle_penalty: -345.2250

CUMULATIVE TOTAL: -103.2341

CRITICAL STATE INFO:
- Valid actions: ['J1', 'J2', 'J3', 'J6', 'J7', 'J8', 'J9', 'J11', 'J12', 'J15', 'J19']
- Machine states:
  - Machine M1: Time=4408.00, Idle=51.00, Material=E-Bike_Laufraeder_montiert
  - Machine M2: Time=4459.00, Idle=0.00, Material=E-Bike_Hauptrahmen_zugeschnitten
  - Machine M3: Time=4339.00, Idle=120.00, Material=Mountainbike_Rahmen_komplettiert
==================================================

2025-06-19 11:35:19,628 - JSPGymEnvironment - INFO - Retro-Bonus für Job J4: -5.0
2025-06-19 11:35:19,638 - JSPGymEnvironment - INFO - Material change on machine M1: E-Bike_Laufraeder_montiert -> Racebike_Antrieb_installiert, setup time: 56
2025-06-19 11:35:19,638 - JSPGymEnvironment - INFO - Executed operation: Job J9, Op 2, Machine M1, Start: 4515, End: 4542, Setup: 56
2025-06-19 11:35:19,638 - JSPGymEnvironment - INFO - 
===== REWARD DETAILS FOR STEP 78 =====
Job: J9, Operation: 2, Job Completed: False
Current Time: 4459.00 -> 4542.00, Setup Time: 56.00
Processing Time: 27.00, Idle Time: 0.00
Completed Jobs: 9/20
Machine: M1, Material: Racebike_Antrieb_installiert

REWARD COMPONENTS:
- makespan_reward: -0.4150
- setup_reward: -14.0000
- deadline_reward: 0.0000
- priority_reward: 0.0000
- critical_job_reward: 0.5000
- placement_reward: 0.0000
- timeliness_reward: -5.1935
- machine_idle_penalty: -3.5750

TOTAL REWARD: -22.6835

CUMULATIVE REWARD COMPONENTS:
- makespan_reward: -22.7100
- setup_reward: -522.7500
- deadline_reward: 96.7275
- priority_reward: 268.0000
- critical_job_reward: 84.7487
- placement_reward: 0.0000
- timeliness_reward: 318.8662
- machine_idle_penalty: -348.8000

CUMULATIVE TOTAL: -125.9176

CRITICAL STATE INFO:
- Valid actions: ['J1', 'J2', 'J3', 'J6', 'J7', 'J8', 'J9', 'J11', 'J12', 'J15', 'J19']
- Machine states:
  - Machine M1: Time=4542.00, Idle=0.00, Material=Racebike_Antrieb_installiert
  - Machine M2: Time=4459.00, Idle=83.00, Material=E-Bike_Hauptrahmen_zugeschnitten
  - Machine M3: Time=4339.00, Idle=203.00, Material=Mountainbike_Rahmen_komplettiert
==================================================

2025-06-19 11:35:19,647 - JSPGymEnvironment - INFO - Material change on machine M1: Racebike_Antrieb_installiert -> Mountainbike_Rahmen_nachbearbeitet, setup time: 37
2025-06-19 11:35:19,647 - JSPGymEnvironment - INFO - Executed operation: Job J3, Op 1, Machine M1, Start: 4579, End: 4620, Setup: 37
2025-06-19 11:35:19,647 - JSPGymEnvironment - INFO - 
===== REWARD DETAILS FOR STEP 79 =====
Job: J3, Operation: 1, Job Completed: False
Current Time: 4542.00 -> 4620.00, Setup Time: 37.00
Processing Time: 41.00, Idle Time: 0.00
Completed Jobs: 9/20
Machine: M1, Material: Mountainbike_Rahmen_nachbearbeitet

REWARD COMPONENTS:
- makespan_reward: -0.3900
- setup_reward: -9.2500
- deadline_reward: 0.0000
- priority_reward: 0.0000
- critical_job_reward: 0.0000
- placement_reward: 0.0000
- timeliness_reward: -5.2542
- machine_idle_penalty: -5.5250

TOTAL REWARD: -20.4192

CUMULATIVE REWARD COMPONENTS:
- makespan_reward: -23.1000
- setup_reward: -532.0000
- deadline_reward: 96.7275
- priority_reward: 268.0000
- critical_job_reward: 84.7487
- placement_reward: 0.0000
- timeliness_reward: 313.6120
- machine_idle_penalty: -354.3250

CUMULATIVE TOTAL: -146.3368

CRITICAL STATE INFO:
- Valid actions: ['J1', 'J2', 'J3', 'J6', 'J7', 'J8', 'J9', 'J11', 'J12', 'J15', 'J19']
- Machine states:
  - Machine M1: Time=4620.00, Idle=0.00, Material=Mountainbike_Rahmen_nachbearbeitet
  - Machine M2: Time=4459.00, Idle=161.00, Material=E-Bike_Hauptrahmen_zugeschnitten
  - Machine M3: Time=4339.00, Idle=281.00, Material=Mountainbike_Rahmen_komplettiert
==================================================

2025-06-19 11:35:19,656 - JSPGymEnvironment - INFO - Material change on machine M2: E-Bike_Hauptrahmen_zugeschnitten -> Citybike_Tretlager_gefraest, setup time: 21
2025-06-19 11:35:19,656 - JSPGymEnvironment - INFO - Executed operation: Job J15, Op 3, Machine M2, Start: 4641, End: 4651, Setup: 21
2025-06-19 11:35:19,656 - JSPGymEnvironment - INFO - 
===== REWARD DETAILS FOR STEP 80 =====
Job: J15, Operation: 3, Job Completed: False
Current Time: 4620.00 -> 4651.00, Setup Time: 21.00
Processing Time: 10.00, Idle Time: 0.00
Completed Jobs: 9/20
Machine: M2, Material: Citybike_Tretlager_gefraest

REWARD COMPONENTS:
- makespan_reward: -0.1550
- setup_reward: -5.2500
- deadline_reward: 0.0000
- priority_reward: 0.0000
- critical_job_reward: 0.0000
- placement_reward: 0.0000
- timeliness_reward: -5.2758
- machine_idle_penalty: -4.2875

TOTAL REWARD: -14.9683

CUMULATIVE REWARD COMPONENTS:
- makespan_reward: -23.2550
- setup_reward: -537.2500
- deadline_reward: 96.7275
- priority_reward: 268.0000
- critical_job_reward: 84.7487
- placement_reward: 0.0000
- timeliness_reward: 308.3362
- machine_idle_penalty: -358.6125

CUMULATIVE TOTAL: -161.3051

CRITICAL STATE INFO:
- Valid actions: ['J1', 'J2', 'J3', 'J6', 'J7', 'J8', 'J9', 'J11', 'J12', 'J15', 'J19']
- Machine states:
  - Machine M1: Time=4620.00, Idle=31.00, Material=Mountainbike_Rahmen_nachbearbeitet
  - Machine M2: Time=4651.00, Idle=0.00, Material=Citybike_Tretlager_gefraest
  - Machine M3: Time=4339.00, Idle=312.00, Material=Mountainbike_Rahmen_komplettiert
==================================================

2025-06-19 11:35:19,666 - JSPGymEnvironment - INFO - Material change on machine M2: Citybike_Tretlager_gefraest -> E-Bike_Hauptrahmen_zugeschnitten, setup time: 21
2025-06-19 11:35:19,666 - JSPGymEnvironment - INFO - Executed operation: Job J8, Op 1, Machine M2, Start: 4672, End: 4685, Setup: 21
2025-06-19 11:35:19,666 - JSPGymEnvironment - INFO - 
===== REWARD DETAILS FOR STEP 81 =====
Job: J8, Operation: 1, Job Completed: False
Current Time: 4651.00 -> 4685.00, Setup Time: 21.00
Processing Time: 13.00, Idle Time: 0.00
Completed Jobs: 9/20
Machine: M2, Material: E-Bike_Hauptrahmen_zugeschnitten

REWARD COMPONENTS:
- makespan_reward: -0.1700
- setup_reward: -5.2500
- deadline_reward: 0.0000
- priority_reward: 0.0000
- critical_job_reward: 0.5000
- placement_reward: 0.0000
- timeliness_reward: -5.2980
- machine_idle_penalty: -5.1375

TOTAL REWARD: -15.3555

CUMULATIVE REWARD COMPONENTS:
- makespan_reward: -23.4250
- setup_reward: -542.5000
- deadline_reward: 96.7275
- priority_reward: 268.0000
- critical_job_reward: 85.2487
- placement_reward: 0.0000
- timeliness_reward: 303.0382
- machine_idle_penalty: -363.7500

CUMULATIVE TOTAL: -176.6606

CRITICAL STATE INFO:
- Valid actions: ['J1', 'J2', 'J3', 'J6', 'J7', 'J8', 'J9', 'J11', 'J12', 'J15', 'J19']
- Machine states:
  - Machine M1: Time=4620.00, Idle=65.00, Material=Mountainbike_Rahmen_nachbearbeitet
  - Machine M2: Time=4685.00, Idle=0.00, Material=E-Bike_Hauptrahmen_zugeschnitten
  - Machine M3: Time=4339.00, Idle=346.00, Material=Mountainbike_Rahmen_komplettiert
==================================================

2025-06-19 11:35:19,675 - JSPGymEnvironment - INFO - Material change on machine M2: E-Bike_Hauptrahmen_zugeschnitten -> Racebike_Hauptrahmen_zugeschnitten, setup time: 29
2025-06-19 11:35:19,675 - JSPGymEnvironment - INFO - Executed operation: Job J12, Op 5, Machine M2, Start: 4714, End: 4739, Setup: 29
2025-06-19 11:35:19,675 - JSPGymEnvironment - INFO - Job J12 completed at time 4739, deadline: 2775, met: False, priority: 9
2025-06-19 11:35:19,675 - JSPGymEnvironment - INFO - 
===== REWARD DETAILS FOR STEP 82 =====
Job: J12, Operation: 5, Job Completed: True
Current Time: 4685.00 -> 4739.00, Setup Time: 29.00
Processing Time: 25.00, Idle Time: 0.00
Completed Jobs: 10/20
Machine: M2, Material: Racebike_Hauptrahmen_zugeschnitten
Job Deadline: 2775.00 (Missed), Priority: 9

REWARD COMPONENTS:
- makespan_reward: -0.2700
- setup_reward: -7.2500
- deadline_reward: -1.7694
- priority_reward: 36.0000
- critical_job_reward: 4.0070
- placement_reward: 0.0000
- timeliness_reward: -5.3220
- machine_idle_penalty: -6.4875

TOTAL REWARD: 18.9082

CUMULATIVE REWARD COMPONENTS:
- makespan_reward: -23.6950
- setup_reward: -549.7500
- deadline_reward: 94.9581
- priority_reward: 304.0000
- critical_job_reward: 89.2558
- placement_reward: 0.0000
- timeliness_reward: 297.7162
- machine_idle_penalty: -370.2375

CUMULATIVE TOTAL: -157.7524

CRITICAL STATE INFO:
- Valid actions: ['J1', 'J2', 'J3', 'J6', 'J7', 'J8', 'J9', 'J11', 'J15', 'J19']
- Machine states:
  - Machine M1: Time=4620.00, Idle=119.00, Material=Mountainbike_Rahmen_nachbearbeitet
  - Machine M2: Time=4739.00, Idle=0.00, Material=Racebike_Hauptrahmen_zugeschnitten
  - Machine M3: Time=4339.00, Idle=400.00, Material=Mountainbike_Rahmen_komplettiert
==================================================

2025-06-19 11:35:19,675 - JSPGymEnvironment - INFO - Retro-Bonus für Job J12: -5.0
2025-06-19 11:35:19,684 - JSPGymEnvironment - INFO - Material change on machine M1: Mountainbike_Rahmen_nachbearbeitet -> E-Bike_Fahrrad_endmontiert, setup time: 47
2025-06-19 11:35:19,684 - JSPGymEnvironment - INFO - Executed operation: Job J8, Op 2, Machine M1, Start: 4786, End: 4812, Setup: 47
2025-06-19 11:35:19,685 - JSPGymEnvironment - INFO - 
===== REWARD DETAILS FOR STEP 83 =====
Job: J8, Operation: 2, Job Completed: False
Current Time: 4739.00 -> 4812.00, Setup Time: 47.00
Processing Time: 26.00, Idle Time: 0.00
Completed Jobs: 10/20
Machine: M1, Material: E-Bike_Fahrrad_endmontiert

REWARD COMPONENTS:
- makespan_reward: -0.3650
- setup_reward: -11.7500
- deadline_reward: 0.0000
- priority_reward: 0.0000
- critical_job_reward: 0.5000
- placement_reward: 0.0000
- timeliness_reward: -5.3612
- machine_idle_penalty: -6.8250

TOTAL REWARD: -23.8012

CUMULATIVE REWARD COMPONENTS:
- makespan_reward: -24.0600
- setup_reward: -561.5000
- deadline_reward: 94.9581
- priority_reward: 304.0000
- critical_job_reward: 89.7558
- placement_reward: 0.0000
- timeliness_reward: 292.3550
- machine_idle_penalty: -377.0625

CUMULATIVE TOTAL: -181.5536

CRITICAL STATE INFO:
- Valid actions: ['J1', 'J2', 'J3', 'J6', 'J7', 'J8', 'J9', 'J11', 'J15', 'J19']
- Machine states:
  - Machine M1: Time=4812.00, Idle=0.00, Material=E-Bike_Fahrrad_endmontiert
  - Machine M2: Time=4739.00, Idle=73.00, Material=Racebike_Hauptrahmen_zugeschnitten
  - Machine M3: Time=4339.00, Idle=473.00, Material=Mountainbike_Rahmen_komplettiert
==================================================

2025-06-19 11:35:19,693 - JSPGymEnvironment - INFO - Material change on machine M1: E-Bike_Fahrrad_endmontiert -> Citybike_Laufraeder_montiert, setup time: 55
2025-06-19 11:35:19,693 - JSPGymEnvironment - INFO - Executed operation: Job J15, Op 4, Machine M1, Start: 4867, End: 4889, Setup: 55
2025-06-19 11:35:19,694 - JSPGymEnvironment - INFO - 
===== REWARD DETAILS FOR STEP 84 =====
Job: J15, Operation: 4, Job Completed: False
Current Time: 4812.00 -> 4889.00, Setup Time: 55.00
Processing Time: 22.00, Idle Time: 0.00
Completed Jobs: 10/20
Machine: M1, Material: Citybike_Laufraeder_montiert

REWARD COMPONENTS:
- makespan_reward: -0.3850
- setup_reward: -13.7500
- deadline_reward: 0.0000
- priority_reward: 0.0000
- critical_job_reward: 0.0000
- placement_reward: 0.0000
- timeliness_reward: -5.3967
- machine_idle_penalty: -8.7500

TOTAL REWARD: -28.2817

CUMULATIVE REWARD COMPONENTS:
- makespan_reward: -24.4450
- setup_reward: -575.2500
- deadline_reward: 94.9581
- priority_reward: 304.0000
- critical_job_reward: 89.7558
- placement_reward: 0.0000
- timeliness_reward: 286.9583
- machine_idle_penalty: -385.8125

CUMULATIVE TOTAL: -209.8353

CRITICAL STATE INFO:
- Valid actions: ['J1', 'J2', 'J3', 'J6', 'J7', 'J8', 'J9', 'J11', 'J15', 'J19']
- Machine states:
  - Machine M1: Time=4889.00, Idle=0.00, Material=Citybike_Laufraeder_montiert
  - Machine M2: Time=4739.00, Idle=150.00, Material=Racebike_Hauptrahmen_zugeschnitten
  - Machine M3: Time=4339.00, Idle=550.00, Material=Mountainbike_Rahmen_komplettiert
==================================================

2025-06-19 11:35:19,702 - JSPGymEnvironment - INFO - Material change on machine M2: Racebike_Hauptrahmen_zugeschnitten -> E-Bike_Steuerrohr_montiert, setup time: 24
2025-06-19 11:35:19,702 - JSPGymEnvironment - INFO - Executed operation: Job J7, Op 1, Machine M2, Start: 4913, End: 4935, Setup: 24
2025-06-19 11:35:19,702 - JSPGymEnvironment - INFO - 
===== REWARD DETAILS FOR STEP 85 =====
Job: J7, Operation: 1, Job Completed: False
Current Time: 4889.00 -> 4935.00, Setup Time: 24.00
Processing Time: 22.00, Idle Time: 0.00
Completed Jobs: 10/20
Machine: M2, Material: E-Bike_Steuerrohr_montiert

REWARD COMPONENTS:
- makespan_reward: -0.2300
- setup_reward: -6.0000
- deadline_reward: 0.0000
- priority_reward: 0.0000
- critical_job_reward: 0.0000
- placement_reward: 0.0000
- timeliness_reward: -5.4153
- machine_idle_penalty: -8.0250

TOTAL REWARD: -19.6703

CUMULATIVE REWARD COMPONENTS:
- makespan_reward: -24.6750
- setup_reward: -581.2500
- deadline_reward: 94.9581
- priority_reward: 304.0000
- critical_job_reward: 89.7558
- placement_reward: 0.0000
- timeliness_reward: 281.5430
- machine_idle_penalty: -393.8375

CUMULATIVE TOTAL: -229.5056

CRITICAL STATE INFO:
- Valid actions: ['J1', 'J2', 'J3', 'J6', 'J7', 'J8', 'J9', 'J11', 'J15', 'J19']
- Machine states:
  - Machine M1: Time=4889.00, Idle=46.00, Material=Citybike_Laufraeder_montiert
  - Machine M2: Time=4935.00, Idle=0.00, Material=E-Bike_Steuerrohr_montiert
  - Machine M3: Time=4339.00, Idle=596.00, Material=Mountainbike_Rahmen_komplettiert
==================================================

2025-06-19 11:35:19,711 - JSPGymEnvironment - INFO - Material change on machine M2: E-Bike_Steuerrohr_montiert -> E-Bike_Laufraeder_montiert, setup time: 20
2025-06-19 11:35:19,711 - JSPGymEnvironment - INFO - Executed operation: Job J1, Op 1, Machine M2, Start: 4955, End: 4966, Setup: 20
2025-06-19 11:35:19,711 - JSPGymEnvironment - INFO - 
===== REWARD DETAILS FOR STEP 86 =====
Job: J1, Operation: 1, Job Completed: False
Current Time: 4935.00 -> 4966.00, Setup Time: 20.00
Processing Time: 11.00, Idle Time: 0.00
Completed Jobs: 10/20
Machine: M2, Material: E-Bike_Laufraeder_montiert

REWARD COMPONENTS:
- makespan_reward: -0.1550
- setup_reward: -5.0000
- deadline_reward: 0.0000
- priority_reward: 0.0000
- critical_job_reward: 0.0000
- placement_reward: 0.0000
- timeliness_reward: -5.4269
- machine_idle_penalty: -8.8000

TOTAL REWARD: -19.3819

CUMULATIVE REWARD COMPONENTS:
- makespan_reward: -24.8300
- setup_reward: -586.2500
- deadline_reward: 94.9581
- priority_reward: 304.0000
- critical_job_reward: 89.7558
- placement_reward: 0.0000
- timeliness_reward: 276.1161
- machine_idle_penalty: -402.6375

CUMULATIVE TOTAL: -248.8875

CRITICAL STATE INFO:
- Valid actions: ['J1', 'J2', 'J3', 'J6', 'J7', 'J8', 'J9', 'J11', 'J15', 'J19']
- Machine states:
  - Machine M1: Time=4889.00, Idle=77.00, Material=Citybike_Laufraeder_montiert
  - Machine M2: Time=4966.00, Idle=0.00, Material=E-Bike_Laufraeder_montiert
  - Machine M3: Time=4339.00, Idle=627.00, Material=Mountainbike_Rahmen_komplettiert
==================================================

2025-06-19 11:35:19,720 - JSPGymEnvironment - INFO - Material change on machine M1: Citybike_Laufraeder_montiert -> Mountainbike_Hauptrahmen_zugeschnitten, setup time: 36
2025-06-19 11:35:19,720 - JSPGymEnvironment - INFO - Executed operation: Job J6, Op 5, Machine M1, Start: 5002, End: 5041, Setup: 36
2025-06-19 11:35:19,720 - JSPGymEnvironment - INFO - Job J6 completed at time 5041, deadline: 2880, met: False, priority: 2
2025-06-19 11:35:19,720 - JSPGymEnvironment - INFO - 
===== REWARD DETAILS FOR STEP 87 =====
Job: J6, Operation: 5, Job Completed: True
Current Time: 4966.00 -> 5041.00, Setup Time: 36.00
Processing Time: 39.00, Idle Time: 0.00
Completed Jobs: 11/20
Machine: M1, Material: Mountainbike_Hauptrahmen_zugeschnitten
Job Deadline: 2880.00 (Missed), Priority: 2

REWARD COMPONENTS:
- makespan_reward: -0.3750
- setup_reward: -9.0000
- deadline_reward: -1.8759
- priority_reward: 8.0000
- critical_job_reward: 0.0000
- placement_reward: 0.0000
- timeliness_reward: -5.4523
- machine_idle_penalty: -9.7125

TOTAL REWARD: -18.4157

CUMULATIVE REWARD COMPONENTS:
- makespan_reward: -25.2050
- setup_reward: -595.2500
- deadline_reward: 93.0823
- priority_reward: 312.0000
- critical_job_reward: 89.7558
- placement_reward: 0.0000
- timeliness_reward: 270.6638
- machine_idle_penalty: -412.3500

CUMULATIVE TOTAL: -267.3032

CRITICAL STATE INFO:
- Valid actions: ['J1', 'J2', 'J3', 'J7', 'J8', 'J9', 'J11', 'J15', 'J19']
- Machine states:
  - Machine M1: Time=5041.00, Idle=0.00, Material=Mountainbike_Hauptrahmen_zugeschnitten
  - Machine M2: Time=4966.00, Idle=75.00, Material=E-Bike_Laufraeder_montiert
  - Machine M3: Time=4339.00, Idle=702.00, Material=Mountainbike_Rahmen_komplettiert
==================================================

2025-06-19 11:35:19,720 - JSPGymEnvironment - INFO - Retro-Bonus für Job J6: -10.0
2025-06-19 11:35:19,729 - JSPGymEnvironment - INFO - Material change on machine M1: Mountainbike_Hauptrahmen_zugeschnitten -> E-Bike_Rahmen_komplettiert, setup time: 47
2025-06-19 11:35:19,729 - JSPGymEnvironment - INFO - Executed operation: Job J8, Op 3, Machine M1, Start: 5088, End: 5119, Setup: 47
2025-06-19 11:35:19,729 - JSPGymEnvironment - INFO - 
===== REWARD DETAILS FOR STEP 88 =====
Job: J8, Operation: 3, Job Completed: False
Current Time: 5041.00 -> 5119.00, Setup Time: 47.00
Processing Time: 31.00, Idle Time: 0.00
Completed Jobs: 11/20
Machine: M1, Material: E-Bike_Rahmen_komplettiert

REWARD COMPONENTS:
- makespan_reward: -0.3900
- setup_reward: -11.7500
- deadline_reward: 0.0000
- priority_reward: 0.0000
- critical_job_reward: 0.5000
- placement_reward: 0.0000
- timeliness_reward: -5.4746
- machine_idle_penalty: -11.6625

TOTAL REWARD: -28.7771

CUMULATIVE REWARD COMPONENTS:
- makespan_reward: -25.5950
- setup_reward: -607.0000
- deadline_reward: 93.0823
- priority_reward: 312.0000
- critical_job_reward: 90.2558
- placement_reward: 0.0000
- timeliness_reward: 265.1891
- machine_idle_penalty: -424.0125

CUMULATIVE TOTAL: -296.0804

CRITICAL STATE INFO:
- Valid actions: ['J1', 'J2', 'J3', 'J7', 'J8', 'J9', 'J11', 'J15', 'J19']
- Machine states:
  - Machine M1: Time=5119.00, Idle=0.00, Material=E-Bike_Rahmen_komplettiert
  - Machine M2: Time=4966.00, Idle=153.00, Material=E-Bike_Laufraeder_montiert
  - Machine M3: Time=4339.00, Idle=780.00, Material=Mountainbike_Rahmen_komplettiert
==================================================

2025-06-19 11:35:19,737 - JSPGymEnvironment - INFO - Material change on machine M1: E-Bike_Rahmen_komplettiert -> Mountainbike_Antrieb_installiert, setup time: 47
2025-06-19 11:35:19,737 - JSPGymEnvironment - INFO - Executed operation: Job J11, Op 3, Machine M1, Start: 5166, End: 5204, Setup: 47
2025-06-19 11:35:19,737 - JSPGymEnvironment - INFO - 
===== REWARD DETAILS FOR STEP 89 =====
Job: J11, Operation: 3, Job Completed: False
Current Time: 5119.00 -> 5204.00, Setup Time: 47.00
Processing Time: 38.00, Idle Time: 0.00
Completed Jobs: 11/20
Machine: M1, Material: Mountainbike_Antrieb_installiert

REWARD COMPONENTS:
- makespan_reward: -0.4250
- setup_reward: -11.7500
- deadline_reward: 0.0000
- priority_reward: 0.0000
- critical_job_reward: 0.0000
- placement_reward: 0.0000
- timeliness_reward: -5.4952
- machine_idle_penalty: -13.7875

TOTAL REWARD: -31.4577

CUMULATIVE REWARD COMPONENTS:
- makespan_reward: -26.0200
- setup_reward: -618.7500
- deadline_reward: 93.0823
- priority_reward: 312.0000
- critical_job_reward: 90.2558
- placement_reward: 0.0000
- timeliness_reward: 259.6940
- machine_idle_penalty: -437.8000

CUMULATIVE TOTAL: -327.5380

CRITICAL STATE INFO:
- Valid actions: ['J1', 'J2', 'J3', 'J7', 'J8', 'J9', 'J11', 'J15', 'J19']
- Machine states:
  - Machine M1: Time=5204.00, Idle=0.00, Material=Mountainbike_Antrieb_installiert
  - Machine M2: Time=4966.00, Idle=238.00, Material=E-Bike_Laufraeder_montiert
  - Machine M3: Time=4339.00, Idle=865.00, Material=Mountainbike_Rahmen_komplettiert
==================================================

2025-06-19 11:35:19,745 - JSPGymEnvironment - INFO - Material change on machine M2: E-Bike_Laufraeder_montiert -> Mountainbike_Rahmen_komplettiert, setup time: 28
2025-06-19 11:35:19,745 - JSPGymEnvironment - INFO - Executed operation: Job J3, Op 2, Machine M2, Start: 5232, End: 5253, Setup: 28
2025-06-19 11:35:19,745 - JSPGymEnvironment - INFO - 
===== REWARD DETAILS FOR STEP 90 =====
Job: J3, Operation: 2, Job Completed: False
Current Time: 5204.00 -> 5253.00, Setup Time: 28.00
Processing Time: 21.00, Idle Time: 0.00
Completed Jobs: 11/20
Machine: M2, Material: Mountainbike_Rahmen_komplettiert

REWARD COMPONENTS:
- makespan_reward: -0.2450
- setup_reward: -7.0000
- deadline_reward: 0.0000
- priority_reward: 0.0000
- critical_job_reward: 0.0000
- placement_reward: 0.0000
- timeliness_reward: -5.5054
- machine_idle_penalty: -12.0375

TOTAL REWARD: -24.7879

CUMULATIVE REWARD COMPONENTS:
- makespan_reward: -26.2650
- setup_reward: -625.7500
- deadline_reward: 93.0823
- priority_reward: 312.0000
- critical_job_reward: 90.2558
- placement_reward: 0.0000
- timeliness_reward: 254.1885
- machine_idle_penalty: -449.8375

CUMULATIVE TOTAL: -352.3259

CRITICAL STATE INFO:
- Valid actions: ['J1', 'J2', 'J3', 'J7', 'J8', 'J9', 'J11', 'J15', 'J19']
- Machine states:
  - Machine M1: Time=5204.00, Idle=49.00, Material=Mountainbike_Antrieb_installiert
  - Machine M2: Time=5253.00, Idle=0.00, Material=Mountainbike_Rahmen_komplettiert
  - Machine M3: Time=4339.00, Idle=914.00, Material=Mountainbike_Rahmen_komplettiert
==================================================

2025-06-19 11:35:19,754 - JSPGymEnvironment - INFO - Material change on machine M1: Mountainbike_Antrieb_installiert -> Mountainbike_Rahmen_lackiert, setup time: 40
2025-06-19 11:35:19,754 - JSPGymEnvironment - INFO - Executed operation: Job J3, Op 3, Machine M1, Start: 5293, End: 5314, Setup: 40
2025-06-19 11:35:19,754 - JSPGymEnvironment - INFO - 
===== REWARD DETAILS FOR STEP 91 =====
Job: J3, Operation: 3, Job Completed: False
Current Time: 5253.00 -> 5314.00, Setup Time: 40.00
Processing Time: 21.00, Idle Time: 0.00
Completed Jobs: 11/20
Machine: M1, Material: Mountainbike_Rahmen_lackiert

REWARD COMPONENTS:
- makespan_reward: -0.3050
- setup_reward: -10.0000
- deadline_reward: 0.0000
- priority_reward: 0.0000
- critical_job_reward: 0.0000
- placement_reward: 0.0000
- timeliness_reward: -5.5168
- machine_idle_penalty: -12.9500

TOTAL REWARD: -28.7718

CUMULATIVE REWARD COMPONENTS:
- makespan_reward: -26.5700
- setup_reward: -635.7500
- deadline_reward: 93.0823
- priority_reward: 312.0000
- critical_job_reward: 90.2558
- placement_reward: 0.0000
- timeliness_reward: 248.6717
- machine_idle_penalty: -462.7875

CUMULATIVE TOTAL: -381.0978

CRITICAL STATE INFO:
- Valid actions: ['J1', 'J2', 'J3', 'J7', 'J8', 'J9', 'J11', 'J15', 'J19']
- Machine states:
  - Machine M1: Time=5314.00, Idle=0.00, Material=Mountainbike_Rahmen_lackiert
  - Machine M2: Time=5253.00, Idle=61.00, Material=Mountainbike_Rahmen_komplettiert
  - Machine M3: Time=4339.00, Idle=975.00, Material=Mountainbike_Rahmen_komplettiert
==================================================

2025-06-19 11:35:19,763 - JSPGymEnvironment - INFO - Material change on machine M1: Mountainbike_Rahmen_lackiert -> E-Bike_Schaltauge_bearbeitet, setup time: 47
2025-06-19 11:35:19,763 - JSPGymEnvironment - INFO - Executed operation: Job J8, Op 4, Machine M1, Start: 5361, End: 5392, Setup: 47
2025-06-19 11:35:19,763 - JSPGymEnvironment - INFO - 
===== REWARD DETAILS FOR STEP 92 =====
Job: J8, Operation: 4, Job Completed: False
Current Time: 5314.00 -> 5392.00, Setup Time: 47.00
Processing Time: 31.00, Idle Time: 0.00
Completed Jobs: 11/20
Machine: M1, Material: E-Bike_Schaltauge_bearbeitet

REWARD COMPONENTS:
- makespan_reward: -0.3900
- setup_reward: -11.7500
- deadline_reward: 0.0000
- priority_reward: 0.0000
- critical_job_reward: 0.5000
- placement_reward: 0.0000
- timeliness_reward: -5.5294
- machine_idle_penalty: -14.9000

TOTAL REWARD: -32.0694

CUMULATIVE REWARD COMPONENTS:
- makespan_reward: -26.9600
- setup_reward: -647.5000
- deadline_reward: 93.0823
- priority_reward: 312.0000
- critical_job_reward: 90.7558
- placement_reward: 0.0000
- timeliness_reward: 243.1423
- machine_idle_penalty: -477.6875

CUMULATIVE TOTAL: -413.1672

CRITICAL STATE INFO:
- Valid actions: ['J1', 'J2', 'J3', 'J7', 'J8', 'J9', 'J11', 'J15', 'J19']
- Machine states:
  - Machine M1: Time=5392.00, Idle=0.00, Material=E-Bike_Schaltauge_bearbeitet
  - Machine M2: Time=5253.00, Idle=139.00, Material=Mountainbike_Rahmen_komplettiert
  - Machine M3: Time=4339.00, Idle=1053.00, Material=Mountainbike_Rahmen_komplettiert
==================================================

2025-06-19 11:35:19,772 - JSPGymEnvironment - INFO - Material change on machine M1: E-Bike_Schaltauge_bearbeitet -> E-Bike_Rahmen_nachbearbeitet, setup time: 40
2025-06-19 11:35:19,772 - JSPGymEnvironment - INFO - Executed operation: Job J8, Op 5, Machine M1, Start: 5432, End: 5471, Setup: 40
2025-06-19 11:35:19,772 - JSPGymEnvironment - INFO - 
===== REWARD DETAILS FOR STEP 93 =====
Job: J8, Operation: 5, Job Completed: False
Current Time: 5392.00 -> 5471.00, Setup Time: 40.00
Processing Time: 39.00, Idle Time: 0.00
Completed Jobs: 11/20
Machine: M1, Material: E-Bike_Rahmen_nachbearbeitet

REWARD COMPONENTS:
- makespan_reward: -0.3950
- setup_reward: -10.0000
- deadline_reward: 0.0000
- priority_reward: 0.0000
- critical_job_reward: 0.5000
- placement_reward: 0.0000
- timeliness_reward: -5.5403
- machine_idle_penalty: -16.8750

TOTAL REWARD: -32.3103

CUMULATIVE REWARD COMPONENTS:
- makespan_reward: -27.3550
- setup_reward: -657.5000
- deadline_reward: 93.0823
- priority_reward: 312.0000
- critical_job_reward: 91.2558
- placement_reward: 0.0000
- timeliness_reward: 237.6020
- machine_idle_penalty: -494.5625

CUMULATIVE TOTAL: -445.4775

CRITICAL STATE INFO:
- Valid actions: ['J1', 'J2', 'J3', 'J7', 'J8', 'J9', 'J11', 'J15', 'J19']
- Machine states:
  - Machine M1: Time=5471.00, Idle=0.00, Material=E-Bike_Rahmen_nachbearbeitet
  - Machine M2: Time=5253.00, Idle=218.00, Material=Mountainbike_Rahmen_komplettiert
  - Machine M3: Time=4339.00, Idle=1132.00, Material=Mountainbike_Rahmen_komplettiert
==================================================

2025-06-19 11:35:19,780 - JSPGymEnvironment - INFO - Material change on machine M3: Mountainbike_Rahmen_komplettiert -> E-Bike_Rahmen_komplettiert, setup time: 22
2025-06-19 11:35:19,781 - JSPGymEnvironment - INFO - Executed operation: Job J7, Op 2, Machine M3, Start: 5493, End: 5536, Setup: 22
2025-06-19 11:35:19,781 - JSPGymEnvironment - INFO - 
===== REWARD DETAILS FOR STEP 94 =====
Job: J7, Operation: 2, Job Completed: False
Current Time: 5471.00 -> 5536.00, Setup Time: 22.00
Processing Time: 43.00, Idle Time: 0.00
Completed Jobs: 11/20
Machine: M3, Material: E-Bike_Rahmen_komplettiert

REWARD COMPONENTS:
- makespan_reward: -0.3250
- setup_reward: -5.5000
- deadline_reward: 0.0000
- priority_reward: 0.0000
- critical_job_reward: 0.0000
- placement_reward: 0.0000
- timeliness_reward: -5.5479
- machine_idle_penalty: -4.3500

TOTAL REWARD: -15.7229

CUMULATIVE REWARD COMPONENTS:
- makespan_reward: -27.6800
- setup_reward: -663.0000
- deadline_reward: 93.0823
- priority_reward: 312.0000
- critical_job_reward: 91.2558
- placement_reward: 0.0000
- timeliness_reward: 232.0541
- machine_idle_penalty: -498.9125

CUMULATIVE TOTAL: -461.2004

CRITICAL STATE INFO:
- Valid actions: ['J1', 'J2', 'J3', 'J7', 'J8', 'J9', 'J11', 'J15', 'J19']
- Machine states:
  - Machine M1: Time=5471.00, Idle=65.00, Material=E-Bike_Rahmen_nachbearbeitet
  - Machine M2: Time=5253.00, Idle=283.00, Material=Mountainbike_Rahmen_komplettiert
  - Machine M3: Time=5536.00, Idle=0.00, Material=E-Bike_Rahmen_komplettiert
==================================================

2025-06-19 11:35:19,873 - JSPGymEnvironment - INFO - Material change on machine M3: E-Bike_Rahmen_komplettiert -> E-Bike_Hinterbau_vorbereitet, setup time: 15
2025-06-19 11:35:19,874 - JSPGymEnvironment - INFO - Executed operation: Job J8, Op 6, Machine M3, Start: 5551, End: 5599, Setup: 15
2025-06-19 11:35:19,874 - JSPGymEnvironment - INFO - 
===== REWARD DETAILS FOR STEP 95 =====
Job: J8, Operation: 6, Job Completed: False
Current Time: 5536.00 -> 5599.00, Setup Time: 15.00
Processing Time: 48.00, Idle Time: 0.00
Completed Jobs: 11/20
Machine: M3, Material: E-Bike_Hinterbau_vorbereitet

REWARD COMPONENTS:
- makespan_reward: -0.3150
- setup_reward: -3.7500
- deadline_reward: 0.0000
- priority_reward: 0.0000
- critical_job_reward: 0.5000
- placement_reward: 0.0000
- timeliness_reward: -5.5544
- machine_idle_penalty: -5.9250

TOTAL REWARD: -15.0444

CUMULATIVE REWARD COMPONENTS:
- makespan_reward: -27.9950
- setup_reward: -666.7500
- deadline_reward: 93.0823
- priority_reward: 312.0000
- critical_job_reward: 91.7558
- placement_reward: 0.0000
- timeliness_reward: 226.4997
- machine_idle_penalty: -504.8375

CUMULATIVE TOTAL: -476.2448

CRITICAL STATE INFO:
- Valid actions: ['J1', 'J2', 'J3', 'J7', 'J8', 'J9', 'J11', 'J15', 'J19']
- Machine states:
  - Machine M1: Time=5471.00, Idle=128.00, Material=E-Bike_Rahmen_nachbearbeitet
  - Machine M2: Time=5253.00, Idle=346.00, Material=Mountainbike_Rahmen_komplettiert
  - Machine M3: Time=5599.00, Idle=0.00, Material=E-Bike_Hinterbau_vorbereitet
==================================================

2025-06-19 11:35:19,883 - JSPGymEnvironment - INFO - Material change on machine M3: E-Bike_Hinterbau_vorbereitet -> Racebike_Steuerrohr_montiert, setup time: 22
2025-06-19 11:35:19,884 - JSPGymEnvironment - INFO - Executed operation: Job J9, Op 3, Machine M3, Start: 5621, End: 5646, Setup: 22
2025-06-19 11:35:19,884 - JSPGymEnvironment - INFO - 
===== REWARD DETAILS FOR STEP 96 =====
Job: J9, Operation: 3, Job Completed: False
Current Time: 5599.00 -> 5646.00, Setup Time: 22.00
Processing Time: 25.00, Idle Time: 0.00
Completed Jobs: 11/20
Machine: M3, Material: Racebike_Steuerrohr_montiert

REWARD COMPONENTS:
- makespan_reward: -0.2350
- setup_reward: -5.5000
- deadline_reward: 0.0000
- priority_reward: 0.0000
- critical_job_reward: 0.5000
- placement_reward: 0.0000
- timeliness_reward: -5.5587
- machine_idle_penalty: -7.1000

TOTAL REWARD: -17.8937

CUMULATIVE REWARD COMPONENTS:
- makespan_reward: -28.2300
- setup_reward: -672.2500
- deadline_reward: 93.0823
- priority_reward: 312.0000
- critical_job_reward: 92.2558
- placement_reward: 0.0000
- timeliness_reward: 220.9409
- machine_idle_penalty: -511.9375

CUMULATIVE TOTAL: -494.1385

CRITICAL STATE INFO:
- Valid actions: ['J1', 'J2', 'J3', 'J7', 'J8', 'J9', 'J11', 'J15', 'J19']
- Machine states:
  - Machine M1: Time=5471.00, Idle=175.00, Material=E-Bike_Rahmen_nachbearbeitet
  - Machine M2: Time=5253.00, Idle=393.00, Material=Mountainbike_Rahmen_komplettiert
  - Machine M3: Time=5646.00, Idle=0.00, Material=Racebike_Steuerrohr_montiert
==================================================

2025-06-19 11:35:19,893 - JSPGymEnvironment - INFO - Material change on machine M2: Mountainbike_Rahmen_komplettiert -> Racebike_Steuerrohr_montiert, setup time: 16
2025-06-19 11:35:19,893 - JSPGymEnvironment - INFO - Executed operation: Job J2, Op 0, Machine M2, Start: 5662, End: 5680, Setup: 16
2025-06-19 11:35:19,893 - JSPGymEnvironment - INFO - 
===== REWARD DETAILS FOR STEP 97 =====
Job: J2, Operation: 0, Job Completed: False
Current Time: 5646.00 -> 5680.00, Setup Time: 16.00
Processing Time: 18.00, Idle Time: 0.00
Completed Jobs: 11/20
Machine: M2, Material: Racebike_Steuerrohr_montiert

REWARD COMPONENTS:
- makespan_reward: -0.1700
- setup_reward: -4.0000
- deadline_reward: 0.0000
- priority_reward: 0.0000
- critical_job_reward: 0.5000
- placement_reward: 0.0000
- timeliness_reward: -5.5616
- machine_idle_penalty: -3.0375

TOTAL REWARD: -12.2691

CUMULATIVE REWARD COMPONENTS:
- makespan_reward: -28.4000
- setup_reward: -676.2500
- deadline_reward: 93.0823
- priority_reward: 312.0000
- critical_job_reward: 92.7558
- placement_reward: 0.0000
- timeliness_reward: 215.3794
- machine_idle_penalty: -514.9750

CUMULATIVE TOTAL: -506.4076

CRITICAL STATE INFO:
- Valid actions: ['J1', 'J2', 'J3', 'J7', 'J8', 'J9', 'J11', 'J15', 'J19']
- Machine states:
  - Machine M1: Time=5471.00, Idle=209.00, Material=E-Bike_Rahmen_nachbearbeitet
  - Machine M2: Time=5680.00, Idle=0.00, Material=Racebike_Steuerrohr_montiert
  - Machine M3: Time=5646.00, Idle=34.00, Material=Racebike_Steuerrohr_montiert
==================================================

2025-06-19 11:35:19,902 - JSPGymEnvironment - INFO - Material change on machine M2: Racebike_Steuerrohr_montiert -> Racebike_Antrieb_installiert, setup time: 20
2025-06-19 11:35:19,903 - JSPGymEnvironment - INFO - Executed operation: Job J2, Op 1, Machine M2, Start: 5700, End: 5728, Setup: 20
2025-06-19 11:35:19,903 - JSPGymEnvironment - INFO - 
===== REWARD DETAILS FOR STEP 98 =====
Job: J2, Operation: 1, Job Completed: False
Current Time: 5680.00 -> 5728.00, Setup Time: 20.00
Processing Time: 28.00, Idle Time: 0.00
Completed Jobs: 11/20
Machine: M2, Material: Racebike_Antrieb_installiert

REWARD COMPONENTS:
- makespan_reward: -0.2400
- setup_reward: -5.0000
- deadline_reward: 0.0000
- priority_reward: 0.0000
- critical_job_reward: 0.5000
- placement_reward: 0.0000
- timeliness_reward: -5.5653
- machine_idle_penalty: -4.2375

TOTAL REWARD: -14.5428

CUMULATIVE REWARD COMPONENTS:
- makespan_reward: -28.6400
- setup_reward: -681.2500
- deadline_reward: 93.0823
- priority_reward: 312.0000
- critical_job_reward: 93.2558
- placement_reward: 0.0000
- timeliness_reward: 209.8141
- machine_idle_penalty: -519.2125

CUMULATIVE TOTAL: -520.9504

CRITICAL STATE INFO:
- Valid actions: ['J1', 'J2', 'J3', 'J7', 'J8', 'J9', 'J11', 'J15', 'J19']
- Machine states:
  - Machine M1: Time=5471.00, Idle=257.00, Material=E-Bike_Rahmen_nachbearbeitet
  - Machine M2: Time=5728.00, Idle=0.00, Material=Racebike_Antrieb_installiert
  - Machine M3: Time=5646.00, Idle=82.00, Material=Racebike_Steuerrohr_montiert
==================================================

2025-06-19 11:35:19,912 - JSPGymEnvironment - INFO - Material change on machine M2: Racebike_Antrieb_installiert -> Racebike_Hinterbau_vorbereitet, setup time: 20
2025-06-19 11:35:19,912 - JSPGymEnvironment - INFO - Executed operation: Job J2, Op 2, Machine M2, Start: 5748, End: 5761, Setup: 20
2025-06-19 11:35:19,912 - JSPGymEnvironment - INFO - 
===== REWARD DETAILS FOR STEP 99 =====
Job: J2, Operation: 2, Job Completed: False
Current Time: 5728.00 -> 5761.00, Setup Time: 20.00
Processing Time: 13.00, Idle Time: 0.00
Completed Jobs: 11/20
Machine: M2, Material: Racebike_Hinterbau_vorbereitet

REWARD COMPONENTS:
- makespan_reward: -0.1650
- setup_reward: -5.0000
- deadline_reward: 0.0000
- priority_reward: 0.0000
- critical_job_reward: 0.5000
- placement_reward: 0.0000
- timeliness_reward: -5.5676
- machine_idle_penalty: -5.0625

TOTAL REWARD: -15.2951

CUMULATIVE REWARD COMPONENTS:
- makespan_reward: -28.8050
- setup_reward: -686.2500
- deadline_reward: 93.0823
- priority_reward: 312.0000
- critical_job_reward: 93.7558
- placement_reward: 0.0000
- timeliness_reward: 204.2464
- machine_idle_penalty: -524.2750

CUMULATIVE TOTAL: -536.2455

CRITICAL STATE INFO:
- Valid actions: ['J1', 'J2', 'J3', 'J7', 'J8', 'J9', 'J11', 'J15', 'J19']
- Machine states:
  - Machine M1: Time=5471.00, Idle=290.00, Material=E-Bike_Rahmen_nachbearbeitet
  - Machine M2: Time=5761.00, Idle=0.00, Material=Racebike_Hinterbau_vorbereitet
  - Machine M3: Time=5646.00, Idle=115.00, Material=Racebike_Steuerrohr_montiert
==================================================

2025-06-19 11:35:19,922 - JSPGymEnvironment - INFO - Material change on machine M2: Racebike_Hinterbau_vorbereitet -> Citybike_Hauptrahmen_zugeschnitten, setup time: 22
2025-06-19 11:35:19,922 - JSPGymEnvironment - INFO - Executed operation: Job J19, Op 2, Machine M2, Start: 5783, End: 5798, Setup: 22
2025-06-19 11:35:19,922 - JSPGymEnvironment - INFO - 
===== REWARD DETAILS FOR STEP 100 =====
Job: J19, Operation: 2, Job Completed: False
Current Time: 5761.00 -> 5798.00, Setup Time: 22.00
Processing Time: 15.00, Idle Time: 0.00
Completed Jobs: 11/20
Machine: M2, Material: Citybike_Hauptrahmen_zugeschnitten

REWARD COMPONENTS:
- makespan_reward: -0.1850
- setup_reward: -5.5000
- deadline_reward: 0.0000
- priority_reward: 0.0000
- critical_job_reward: 0.0000
- placement_reward: 0.0000
- timeliness_reward: -5.5701
- machine_idle_penalty: -5.9875

TOTAL REWARD: -17.2426

CUMULATIVE REWARD COMPONENTS:
- makespan_reward: -28.9900
- setup_reward: -691.7500
- deadline_reward: 93.0823
- priority_reward: 312.0000
- critical_job_reward: 93.7558
- placement_reward: 0.0000
- timeliness_reward: 198.6764
- machine_idle_penalty: -530.2625

CUMULATIVE TOTAL: -553.4881

CRITICAL STATE INFO:
- Valid actions: ['J1', 'J2', 'J3', 'J7', 'J8', 'J9', 'J11', 'J15', 'J19']
- Machine states:
  - Machine M1: Time=5471.00, Idle=327.00, Material=E-Bike_Rahmen_nachbearbeitet
  - Machine M2: Time=5798.00, Idle=0.00, Material=Citybike_Hauptrahmen_zugeschnitten
  - Machine M3: Time=5646.00, Idle=152.00, Material=Racebike_Steuerrohr_montiert
==================================================

2025-06-19 11:35:19,931 - JSPGymEnvironment - INFO - Material change on machine M2: Citybike_Hauptrahmen_zugeschnitten -> Mountainbike_Bremsen_justiert, setup time: 22
2025-06-19 11:35:19,931 - JSPGymEnvironment - INFO - Executed operation: Job J3, Op 4, Machine M2, Start: 5820, End: 5842, Setup: 22
2025-06-19 11:35:19,932 - JSPGymEnvironment - INFO - 
===== REWARD DETAILS FOR STEP 101 =====
Job: J3, Operation: 4, Job Completed: False
Current Time: 5798.00 -> 5842.00, Setup Time: 22.00
Processing Time: 22.00, Idle Time: 0.00
Completed Jobs: 11/20
Machine: M2, Material: Mountainbike_Bremsen_justiert

REWARD COMPONENTS:
- makespan_reward: -0.2200
- setup_reward: -5.5000
- deadline_reward: 0.0000
- priority_reward: 0.0000
- critical_job_reward: 0.0000
- placement_reward: 0.0000
- timeliness_reward: -5.5727
- machine_idle_penalty: -7.0875

TOTAL REWARD: -18.3802

CUMULATIVE REWARD COMPONENTS:
- makespan_reward: -29.2100
- setup_reward: -697.2500
- deadline_reward: 93.0823
- priority_reward: 312.0000
- critical_job_reward: 93.7558
- placement_reward: 0.0000
- timeliness_reward: 193.1037
- machine_idle_penalty: -537.3500

CUMULATIVE TOTAL: -571.8683

CRITICAL STATE INFO:
- Valid actions: ['J1', 'J2', 'J3', 'J7', 'J8', 'J9', 'J11', 'J15', 'J19']
- Machine states:
  - Machine M1: Time=5471.00, Idle=371.00, Material=E-Bike_Rahmen_nachbearbeitet
  - Machine M2: Time=5842.00, Idle=0.00, Material=Mountainbike_Bremsen_justiert
  - Machine M3: Time=5646.00, Idle=196.00, Material=Racebike_Steuerrohr_montiert
==================================================

2025-06-19 11:35:19,967 - JSPGymEnvironment - INFO - Material change on machine M3: Racebike_Steuerrohr_montiert -> Citybike_Bremsaufnahme_gebohrt, setup time: 12
2025-06-19 11:35:19,967 - JSPGymEnvironment - INFO - Executed operation: Job J19, Op 3, Machine M3, Start: 5854, End: 5897, Setup: 12
2025-06-19 11:35:19,967 - JSPGymEnvironment - INFO - 
===== REWARD DETAILS FOR STEP 102 =====
Job: J19, Operation: 3, Job Completed: False
Current Time: 5842.00 -> 5897.00, Setup Time: 12.00
Processing Time: 43.00, Idle Time: 0.00
Completed Jobs: 11/20
Machine: M3, Material: Citybike_Bremsaufnahme_gebohrt

REWARD COMPONENTS:
- makespan_reward: -0.2750
- setup_reward: -3.0000
- deadline_reward: 0.0000
- priority_reward: 0.0000
- critical_job_reward: 0.0000
- placement_reward: 0.0000
- timeliness_reward: -5.5757
- machine_idle_penalty: -6.0125

TOTAL REWARD: -14.8632

CUMULATIVE REWARD COMPONENTS:
- makespan_reward: -29.4850
- setup_reward: -700.2500
- deadline_reward: 93.0823
- priority_reward: 312.0000
- critical_job_reward: 93.7558
- placement_reward: 0.0000
- timeliness_reward: 187.5279
- machine_idle_penalty: -543.3625

CUMULATIVE TOTAL: -586.7315

CRITICAL STATE INFO:
- Valid actions: ['J1', 'J2', 'J3', 'J7', 'J8', 'J9', 'J11', 'J15', 'J19']
- Machine states:
  - Machine M1: Time=5471.00, Idle=426.00, Material=E-Bike_Rahmen_nachbearbeitet
  - Machine M2: Time=5842.00, Idle=55.00, Material=Mountainbike_Bremsen_justiert
  - Machine M3: Time=5897.00, Idle=0.00, Material=Citybike_Bremsaufnahme_gebohrt
==================================================

2025-06-19 11:35:19,977 - JSPGymEnvironment - INFO - Material change on machine M1: E-Bike_Rahmen_nachbearbeitet -> Mountainbike_Bremsen_justiert, setup time: 47
2025-06-19 11:35:19,978 - JSPGymEnvironment - INFO - Executed operation: Job J11, Op 4, Machine M1, Start: 5944, End: 5968, Setup: 47
2025-06-19 11:35:19,978 - JSPGymEnvironment - INFO - Job J11 completed at time 5968, deadline: 2880, met: False, priority: 5
2025-06-19 11:35:19,978 - JSPGymEnvironment - INFO - 
===== REWARD DETAILS FOR STEP 103 =====
Job: J11, Operation: 4, Job Completed: True
Current Time: 5897.00 -> 5968.00, Setup Time: 47.00
Processing Time: 24.00, Idle Time: 0.00
Completed Jobs: 12/20
Machine: M1, Material: Mountainbike_Bremsen_justiert
Job Deadline: 2880.00 (Missed), Priority: 5

REWARD COMPONENTS:
- makespan_reward: -0.3550
- setup_reward: -11.7500
- deadline_reward: -2.6806
- priority_reward: 20.0000
- critical_job_reward: 0.0000
- placement_reward: 0.0000
- timeliness_reward: -5.5793
- machine_idle_penalty: -2.4625

TOTAL REWARD: -2.8274

CUMULATIVE REWARD COMPONENTS:
- makespan_reward: -29.8400
- setup_reward: -712.0000
- deadline_reward: 90.4017
- priority_reward: 332.0000
- critical_job_reward: 93.7558
- placement_reward: 0.0000
- timeliness_reward: 181.9486
- machine_idle_penalty: -545.8250

CUMULATIVE TOTAL: -589.5589

CRITICAL STATE INFO:
- Valid actions: ['J1', 'J2', 'J3', 'J7', 'J8', 'J9', 'J15', 'J19']
- Machine states:
  - Machine M1: Time=5968.00, Idle=0.00, Material=Mountainbike_Bremsen_justiert
  - Machine M2: Time=5842.00, Idle=126.00, Material=Mountainbike_Bremsen_justiert
  - Machine M3: Time=5897.00, Idle=71.00, Material=Citybike_Bremsaufnahme_gebohrt
==================================================

2025-06-19 11:35:19,978 - JSPGymEnvironment - INFO - Retro-Bonus für Job J11: -10.0
2025-06-19 11:35:19,986 - JSPGymEnvironment - INFO - Material change on machine M1: Mountainbike_Bremsen_justiert -> Citybike_Rahmen_komplettiert, setup time: 45
2025-06-19 11:35:19,986 - JSPGymEnvironment - INFO - Executed operation: Job J19, Op 4, Machine M1, Start: 6013, End: 6053, Setup: 45
2025-06-19 11:35:19,986 - JSPGymEnvironment - INFO - 
===== REWARD DETAILS FOR STEP 104 =====
Job: J19, Operation: 4, Job Completed: False
Current Time: 5968.00 -> 6053.00, Setup Time: 45.00
Processing Time: 40.00, Idle Time: 0.00
Completed Jobs: 12/20
Machine: M1, Material: Citybike_Rahmen_komplettiert

REWARD COMPONENTS:
- makespan_reward: -0.4250
- setup_reward: -11.2500
- deadline_reward: 0.0000
- priority_reward: 0.0000
- critical_job_reward: 0.0000
- placement_reward: 0.0000
- timeliness_reward: -5.5827
- machine_idle_penalty: -4.5875

TOTAL REWARD: -21.8452

CUMULATIVE REWARD COMPONENTS:
- makespan_reward: -30.2650
- setup_reward: -723.2500
- deadline_reward: 90.4017
- priority_reward: 332.0000
- critical_job_reward: 93.7558
- placement_reward: 0.0000
- timeliness_reward: 176.3658
- machine_idle_penalty: -550.4125

CUMULATIVE TOTAL: -611.4042

CRITICAL STATE INFO:
- Valid actions: ['J1', 'J2', 'J3', 'J7', 'J8', 'J9', 'J15', 'J19']
- Machine states:
  - Machine M1: Time=6053.00, Idle=0.00, Material=Citybike_Rahmen_komplettiert
  - Machine M2: Time=5842.00, Idle=211.00, Material=Mountainbike_Bremsen_justiert
  - Machine M3: Time=5897.00, Idle=156.00, Material=Citybike_Bremsaufnahme_gebohrt
==================================================

2025-06-19 11:35:19,998 - JSPGymEnvironment - INFO - Material change on machine M2: Mountainbike_Bremsen_justiert -> E-Bike_Rahmen_komplettiert, setup time: 29
2025-06-19 11:35:19,998 - JSPGymEnvironment - INFO - Executed operation: Job J1, Op 2, Machine M2, Start: 6082, End: 6111, Setup: 29
2025-06-19 11:35:19,998 - JSPGymEnvironment - INFO - 
===== REWARD DETAILS FOR STEP 105 =====
Job: J1, Operation: 2, Job Completed: False
Current Time: 6053.00 -> 6111.00, Setup Time: 29.00
Processing Time: 29.00, Idle Time: 0.00
Completed Jobs: 12/20
Machine: M2, Material: E-Bike_Rahmen_komplettiert

REWARD COMPONENTS:
- makespan_reward: -0.2900
- setup_reward: -7.2500
- deadline_reward: 0.0000
- priority_reward: 0.0000
- critical_job_reward: 0.0000
- placement_reward: 0.0000
- timeliness_reward: -5.5847
- machine_idle_penalty: -3.4000

TOTAL REWARD: -16.5247

CUMULATIVE REWARD COMPONENTS:
- makespan_reward: -30.5550
- setup_reward: -730.5000
- deadline_reward: 90.4017
- priority_reward: 332.0000
- critical_job_reward: 93.7558
- placement_reward: 0.0000
- timeliness_reward: 170.7811
- machine_idle_penalty: -553.8125

CUMULATIVE TOTAL: -627.9289

CRITICAL STATE INFO:
- Valid actions: ['J1', 'J2', 'J3', 'J7', 'J8', 'J9', 'J15', 'J19']
- Machine states:
  - Machine M1: Time=6053.00, Idle=58.00, Material=Citybike_Rahmen_komplettiert
  - Machine M2: Time=6111.00, Idle=0.00, Material=E-Bike_Rahmen_komplettiert
  - Machine M3: Time=5897.00, Idle=214.00, Material=Citybike_Bremsaufnahme_gebohrt
==================================================

2025-06-19 11:35:20,007 - JSPGymEnvironment - INFO - Material change on machine M3: Citybike_Bremsaufnahme_gebohrt -> Citybike_Rahmen_lackiert, setup time: 15
2025-06-19 11:35:20,008 - JSPGymEnvironment - INFO - Executed operation: Job J19, Op 5, Machine M3, Start: 6126, End: 6149, Setup: 15
2025-06-19 11:35:20,008 - JSPGymEnvironment - INFO - 
===== REWARD DETAILS FOR STEP 106 =====
Job: J19, Operation: 5, Job Completed: False
Current Time: 6111.00 -> 6149.00, Setup Time: 15.00
Processing Time: 23.00, Idle Time: 0.00
Completed Jobs: 12/20
Machine: M3, Material: Citybike_Rahmen_lackiert

REWARD COMPONENTS:
- makespan_reward: -0.1900
- setup_reward: -3.7500
- deadline_reward: 0.0000
- priority_reward: 0.0000
- critical_job_reward: 0.0000
- placement_reward: 0.0000
- timeliness_reward: -5.5859
- machine_idle_penalty: -1.6750

TOTAL REWARD: -11.2009

CUMULATIVE REWARD COMPONENTS:
- makespan_reward: -30.7450
- setup_reward: -734.2500
- deadline_reward: 90.4017
- priority_reward: 332.0000
- critical_job_reward: 93.7558
- placement_reward: 0.0000
- timeliness_reward: 165.1952
- machine_idle_penalty: -555.4875

CUMULATIVE TOTAL: -639.1299

CRITICAL STATE INFO:
- Valid actions: ['J1', 'J2', 'J3', 'J7', 'J8', 'J9', 'J15', 'J19']
- Machine states:
  - Machine M1: Time=6053.00, Idle=96.00, Material=Citybike_Rahmen_komplettiert
  - Machine M2: Time=6111.00, Idle=38.00, Material=E-Bike_Rahmen_komplettiert
  - Machine M3: Time=6149.00, Idle=0.00, Material=Citybike_Rahmen_lackiert
==================================================

2025-06-19 11:35:20,017 - JSPGymEnvironment - INFO - Material change on machine M2: E-Bike_Rahmen_komplettiert -> E-Bike_Rahmen_lackiert, setup time: 20
2025-06-19 11:35:20,017 - JSPGymEnvironment - INFO - Executed operation: Job J8, Op 7, Machine M2, Start: 6169, End: 6193, Setup: 20
2025-06-19 11:35:20,017 - JSPGymEnvironment - INFO - Job J8 completed at time 6193, deadline: 2750, met: False, priority: 8
2025-06-19 11:35:20,017 - JSPGymEnvironment - INFO - 
===== REWARD DETAILS FOR STEP 107 =====
Job: J8, Operation: 7, Job Completed: True
Current Time: 6149.00 -> 6193.00, Setup Time: 20.00
Processing Time: 24.00, Idle Time: 0.00
Completed Jobs: 13/20
Machine: M2, Material: E-Bike_Rahmen_lackiert
Job Deadline: 2750.00 (Missed), Priority: 8

REWARD COMPONENTS:
- makespan_reward: -0.2200
- setup_reward: -5.0000
- deadline_reward: -3.1300
- priority_reward: 32.0000
- critical_job_reward: 0.5000
- placement_reward: 0.0000
- timeliness_reward: -5.5863
- machine_idle_penalty: -2.3000

TOTAL REWARD: 16.2637

CUMULATIVE REWARD COMPONENTS:
- makespan_reward: -30.9650
- setup_reward: -739.2500
- deadline_reward: 87.2717
- priority_reward: 364.0000
- critical_job_reward: 94.2558
- placement_reward: 0.0000
- timeliness_reward: 159.6088
- machine_idle_penalty: -557.7875

CUMULATIVE TOTAL: -622.8662

CRITICAL STATE INFO:
- Valid actions: ['J1', 'J2', 'J3', 'J7', 'J9', 'J15', 'J19']
- Machine states:
  - Machine M1: Time=6053.00, Idle=140.00, Material=Citybike_Rahmen_komplettiert
  - Machine M2: Time=6193.00, Idle=0.00, Material=E-Bike_Rahmen_lackiert
  - Machine M3: Time=6149.00, Idle=44.00, Material=Citybike_Rahmen_lackiert
==================================================

2025-06-19 11:35:20,017 - JSPGymEnvironment - INFO - Retro-Bonus für Job J8: -5.0
2025-06-19 11:35:20,026 - JSPGymEnvironment - INFO - Material change on machine M3: Citybike_Rahmen_lackiert -> Racebike_Tretlageraufnahme_geschweisst, setup time: 12
2025-06-19 11:35:20,026 - JSPGymEnvironment - INFO - Executed operation: Job J9, Op 4, Machine M3, Start: 6205, End: 6247, Setup: 12
2025-06-19 11:35:20,026 - JSPGymEnvironment - INFO - 
===== REWARD DETAILS FOR STEP 108 =====
Job: J9, Operation: 4, Job Completed: False
Current Time: 6193.00 -> 6247.00, Setup Time: 12.00
Processing Time: 42.00, Idle Time: 0.00
Completed Jobs: 13/20
Machine: M3, Material: Racebike_Tretlageraufnahme_geschweisst

REWARD COMPONENTS:
- makespan_reward: -0.2700
- setup_reward: -3.0000
- deadline_reward: 0.0000
- priority_reward: 0.0000
- critical_job_reward: 0.5000
- placement_reward: 0.0000
- timeliness_reward: -5.5878
- machine_idle_penalty: -3.1000

TOTAL REWARD: -11.4578

CUMULATIVE REWARD COMPONENTS:
- makespan_reward: -31.2350
- setup_reward: -742.2500
- deadline_reward: 87.2717
- priority_reward: 364.0000
- critical_job_reward: 94.7558
- placement_reward: 0.0000
- timeliness_reward: 154.0210
- machine_idle_penalty: -560.8875

CUMULATIVE TOTAL: -634.3240

CRITICAL STATE INFO:
- Valid actions: ['J1', 'J2', 'J3', 'J7', 'J9', 'J15', 'J19']
- Machine states:
  - Machine M1: Time=6053.00, Idle=194.00, Material=Citybike_Rahmen_komplettiert
  - Machine M2: Time=6193.00, Idle=54.00, Material=E-Bike_Rahmen_lackiert
  - Machine M3: Time=6247.00, Idle=0.00, Material=Racebike_Tretlageraufnahme_geschweisst
==================================================

2025-06-19 11:35:20,035 - JSPGymEnvironment - INFO - Material change on machine M3: Racebike_Tretlageraufnahme_geschweisst -> E-Bike_Fahrrad_endmontiert, setup time: 21
2025-06-19 11:35:20,035 - JSPGymEnvironment - INFO - Executed operation: Job J7, Op 3, Machine M3, Start: 6268, End: 6321, Setup: 21
2025-06-19 11:35:20,035 - JSPGymEnvironment - INFO - 
===== REWARD DETAILS FOR STEP 109 =====
Job: J7, Operation: 3, Job Completed: False
Current Time: 6247.00 -> 6321.00, Setup Time: 21.00
Processing Time: 53.00, Idle Time: 0.00
Completed Jobs: 13/20
Machine: M3, Material: E-Bike_Fahrrad_endmontiert

REWARD COMPONENTS:
- makespan_reward: -0.3700
- setup_reward: -5.2500
- deadline_reward: 0.0000
- priority_reward: 0.0000
- critical_job_reward: 0.0000
- placement_reward: 0.0000
- timeliness_reward: -5.5896
- machine_idle_penalty: -4.9500

TOTAL REWARD: -16.1596

CUMULATIVE REWARD COMPONENTS:
- makespan_reward: -31.6050
- setup_reward: -747.5000
- deadline_reward: 87.2717
- priority_reward: 364.0000
- critical_job_reward: 94.7558
- placement_reward: 0.0000
- timeliness_reward: 148.4314
- machine_idle_penalty: -565.8375

CUMULATIVE TOTAL: -650.4836

CRITICAL STATE INFO:
- Valid actions: ['J1', 'J2', 'J3', 'J7', 'J9', 'J15', 'J19']
- Machine states:
  - Machine M1: Time=6053.00, Idle=268.00, Material=Citybike_Rahmen_komplettiert
  - Machine M2: Time=6193.00, Idle=128.00, Material=E-Bike_Rahmen_lackiert
  - Machine M3: Time=6321.00, Idle=0.00, Material=E-Bike_Fahrrad_endmontiert
==================================================

2025-06-19 11:35:20,046 - JSPGymEnvironment - INFO - Material change on machine M2: E-Bike_Rahmen_lackiert -> Citybike_Tretlageraufnahme_geschweisst, setup time: 21
2025-06-19 11:35:20,046 - JSPGymEnvironment - INFO - Executed operation: Job J15, Op 5, Machine M2, Start: 6342, End: 6367, Setup: 21
2025-06-19 11:35:20,046 - JSPGymEnvironment - INFO - Job J15 completed at time 6367, deadline: 2839, met: False, priority: 6
2025-06-19 11:35:20,046 - JSPGymEnvironment - INFO - 
===== REWARD DETAILS FOR STEP 110 =====
Job: J15, Operation: 5, Job Completed: True
Current Time: 6321.00 -> 6367.00, Setup Time: 21.00
Processing Time: 25.00, Idle Time: 0.00
Completed Jobs: 14/20
Machine: M2, Material: Citybike_Tretlageraufnahme_geschweisst
Job Deadline: 2839.00 (Missed), Priority: 6

REWARD COMPONENTS:
- makespan_reward: -0.2300
- setup_reward: -5.2500
- deadline_reward: -3.1067
- priority_reward: 24.0000
- critical_job_reward: 0.0000
- placement_reward: 0.0000
- timeliness_reward: -5.5905
- machine_idle_penalty: -4.5000

TOTAL REWARD: 5.3228

CUMULATIVE REWARD COMPONENTS:
- makespan_reward: -31.8350
- setup_reward: -752.7500
- deadline_reward: 84.1650
- priority_reward: 388.0000
- critical_job_reward: 94.7558
- placement_reward: 0.0000
- timeliness_reward: 142.8409
- machine_idle_penalty: -570.3375

CUMULATIVE TOTAL: -645.1608

CRITICAL STATE INFO:
- Valid actions: ['J1', 'J2', 'J3', 'J7', 'J9', 'J19']
- Machine states:
  - Machine M1: Time=6053.00, Idle=314.00, Material=Citybike_Rahmen_komplettiert
  - Machine M2: Time=6367.00, Idle=0.00, Material=Citybike_Tretlageraufnahme_geschweisst
  - Machine M3: Time=6321.00, Idle=46.00, Material=E-Bike_Fahrrad_endmontiert
==================================================

2025-06-19 11:35:20,046 - JSPGymEnvironment - INFO - Retro-Bonus für Job J15: -10.0
2025-06-19 11:35:20,055 - JSPGymEnvironment - INFO - Material change on machine M1: Citybike_Rahmen_komplettiert -> Racebike_Bremsen_justiert, setup time: 30
2025-06-19 11:35:20,055 - JSPGymEnvironment - INFO - Executed operation: Job J2, Op 3, Machine M1, Start: 6397, End: 6424, Setup: 30
2025-06-19 11:35:20,055 - JSPGymEnvironment - INFO - 
===== REWARD DETAILS FOR STEP 111 =====
Job: J2, Operation: 3, Job Completed: False
Current Time: 6367.00 -> 6424.00, Setup Time: 30.00
Processing Time: 27.00, Idle Time: 0.00
Completed Jobs: 14/20
Machine: M1, Material: Racebike_Bremsen_justiert

REWARD COMPONENTS:
- makespan_reward: -0.2850
- setup_reward: -7.5000
- deadline_reward: 0.0000
- priority_reward: 0.0000
- critical_job_reward: 0.5000
- placement_reward: 0.0000
- timeliness_reward: -5.5916
- machine_idle_penalty: -2.0000

TOTAL REWARD: -14.8766

CUMULATIVE REWARD COMPONENTS:
- makespan_reward: -32.1200
- setup_reward: -760.2500
- deadline_reward: 84.1650
- priority_reward: 388.0000
- critical_job_reward: 95.2558
- placement_reward: 0.0000
- timeliness_reward: 137.2493
- machine_idle_penalty: -572.3375

CUMULATIVE TOTAL: -660.0374

CRITICAL STATE INFO:
- Valid actions: ['J1', 'J2', 'J3', 'J7', 'J9', 'J19']
- Machine states:
  - Machine M1: Time=6424.00, Idle=0.00, Material=Racebike_Bremsen_justiert
  - Machine M2: Time=6367.00, Idle=57.00, Material=Citybike_Tretlageraufnahme_geschweisst
  - Machine M3: Time=6321.00, Idle=103.00, Material=E-Bike_Fahrrad_endmontiert
==================================================

2025-06-19 11:35:20,064 - JSPGymEnvironment - INFO - Material change on machine M1: Racebike_Bremsen_justiert -> E-Bike_Antrieb_installiert, setup time: 51
2025-06-19 11:35:20,064 - JSPGymEnvironment - INFO - Executed operation: Job J7, Op 4, Machine M1, Start: 6475, End: 6500, Setup: 51
2025-06-19 11:35:20,064 - JSPGymEnvironment - INFO - 
===== REWARD DETAILS FOR STEP 112 =====
Job: J7, Operation: 4, Job Completed: False
Current Time: 6424.00 -> 6500.00, Setup Time: 51.00
Processing Time: 25.00, Idle Time: 0.00
Completed Jobs: 14/20
Machine: M1, Material: E-Bike_Antrieb_installiert

REWARD COMPONENTS:
- makespan_reward: -0.3800
- setup_reward: -12.7500
- deadline_reward: 0.0000
- priority_reward: 0.0000
- critical_job_reward: 0.0000
- placement_reward: 0.0000
- timeliness_reward: -5.5928
- machine_idle_penalty: -3.9000

TOTAL REWARD: -22.6228

CUMULATIVE REWARD COMPONENTS:
- makespan_reward: -32.5000
- setup_reward: -773.0000
- deadline_reward: 84.1650
- priority_reward: 388.0000
- critical_job_reward: 95.2558
- placement_reward: 0.0000
- timeliness_reward: 131.6565
- machine_idle_penalty: -576.2375

CUMULATIVE TOTAL: -682.6603

CRITICAL STATE INFO:
- Valid actions: ['J1', 'J2', 'J3', 'J7', 'J9', 'J19']
- Machine states:
  - Machine M1: Time=6500.00, Idle=0.00, Material=E-Bike_Antrieb_installiert
  - Machine M2: Time=6367.00, Idle=133.00, Material=Citybike_Tretlageraufnahme_geschweisst
  - Machine M3: Time=6321.00, Idle=179.00, Material=E-Bike_Fahrrad_endmontiert
==================================================

2025-06-19 11:35:20,072 - JSPGymEnvironment - INFO - Material change on machine M3: E-Bike_Fahrrad_endmontiert -> Racebike_Rahmen_nachbearbeitet, setup time: 22
2025-06-19 11:35:20,072 - JSPGymEnvironment - INFO - Executed operation: Job J9, Op 5, Machine M3, Start: 6522, End: 6573, Setup: 22
2025-06-19 11:35:20,072 - JSPGymEnvironment - INFO - Job J9 completed at time 6573, deadline: 2835, met: False, priority: 9
2025-06-19 11:35:20,073 - JSPGymEnvironment - INFO - 
===== REWARD DETAILS FOR STEP 113 =====
Job: J9, Operation: 5, Job Completed: True
Current Time: 6500.00 -> 6573.00, Setup Time: 22.00
Processing Time: 51.00, Idle Time: 0.00
Completed Jobs: 15/20
Machine: M3, Material: Racebike_Rahmen_nachbearbeitet
Job Deadline: 2835.00 (Missed), Priority: 9

REWARD COMPONENTS:
- makespan_reward: -0.3650
- setup_reward: -5.5000
- deadline_reward: -3.2963
- priority_reward: 36.0000
- critical_job_reward: 0.5000
- placement_reward: 0.0000
- timeliness_reward: -5.5938
- machine_idle_penalty: -3.4875

TOTAL REWARD: 18.2574

CUMULATIVE REWARD COMPONENTS:
- makespan_reward: -32.8650
- setup_reward: -778.5000
- deadline_reward: 80.8687
- priority_reward: 424.0000
- critical_job_reward: 95.7558
- placement_reward: 0.0000
- timeliness_reward: 126.0627
- machine_idle_penalty: -579.7250

CUMULATIVE TOTAL: -664.4028

CRITICAL STATE INFO:
- Valid actions: ['J1', 'J2', 'J3', 'J7', 'J19']
- Machine states:
  - Machine M1: Time=6500.00, Idle=73.00, Material=E-Bike_Antrieb_installiert
  - Machine M2: Time=6367.00, Idle=206.00, Material=Citybike_Tretlageraufnahme_geschweisst
  - Machine M3: Time=6573.00, Idle=0.00, Material=Racebike_Rahmen_nachbearbeitet
==================================================

2025-06-19 11:35:20,073 - JSPGymEnvironment - INFO - Retro-Bonus für Job J9: -5.0
2025-06-19 11:35:20,081 - JSPGymEnvironment - INFO - Material change on machine M3: Racebike_Rahmen_nachbearbeitet -> Mountainbike_Bremsaufnahme_gebohrt, setup time: 18
2025-06-19 11:35:20,081 - JSPGymEnvironment - INFO - Executed operation: Job J3, Op 5, Machine M3, Start: 6591, End: 6649, Setup: 18
2025-06-19 11:35:20,081 - JSPGymEnvironment - INFO - Job J3 completed at time 6649, deadline: 2808, met: False, priority: 7
2025-06-19 11:35:20,081 - JSPGymEnvironment - INFO - 
===== REWARD DETAILS FOR STEP 114 =====
Job: J3, Operation: 5, Job Completed: True
Current Time: 6573.00 -> 6649.00, Setup Time: 18.00
Processing Time: 58.00, Idle Time: 0.00
Completed Jobs: 16/20
Machine: M3, Material: Mountainbike_Bremsaufnahme_gebohrt
Job Deadline: 2808.00 (Missed), Priority: 7

REWARD COMPONENTS:
- makespan_reward: -0.3800
- setup_reward: -4.5000
- deadline_reward: -3.4197
- priority_reward: 28.0000
- critical_job_reward: 0.0000
- placement_reward: 0.0000
- timeliness_reward: -5.5945
- machine_idle_penalty: -5.3875

TOTAL REWARD: 8.7184

CUMULATIVE REWARD COMPONENTS:
- makespan_reward: -33.2450
- setup_reward: -783.0000
- deadline_reward: 77.4490
- priority_reward: 452.0000
- critical_job_reward: 95.7558
- placement_reward: 0.0000
- timeliness_reward: 120.4683
- machine_idle_penalty: -585.1125

CUMULATIVE TOTAL: -655.6845

CRITICAL STATE INFO:
- Valid actions: ['J1', 'J2', 'J7', 'J19']
- Machine states:
  - Machine M1: Time=6500.00, Idle=149.00, Material=E-Bike_Antrieb_installiert
  - Machine M2: Time=6367.00, Idle=282.00, Material=Citybike_Tretlageraufnahme_geschweisst
  - Machine M3: Time=6649.00, Idle=0.00, Material=Mountainbike_Bremsaufnahme_gebohrt
==================================================

2025-06-19 11:35:20,082 - JSPGymEnvironment - INFO - Retro-Bonus für Job J3: -10.0
2025-06-19 11:35:20,091 - JSPGymEnvironment - INFO - Material change on machine M1: E-Bike_Antrieb_installiert -> Citybike_Steuerrohr_ausgerieben, setup time: 55
2025-06-19 11:35:20,091 - JSPGymEnvironment - INFO - Executed operation: Job J19, Op 6, Machine M1, Start: 6704, End: 6738, Setup: 55
2025-06-19 11:35:20,091 - JSPGymEnvironment - INFO - 
===== REWARD DETAILS FOR STEP 115 =====
Job: J19, Operation: 6, Job Completed: False
Current Time: 6649.00 -> 6738.00, Setup Time: 55.00
Processing Time: 34.00, Idle Time: 0.00
Completed Jobs: 16/20
Machine: M1, Material: Citybike_Steuerrohr_ausgerieben

REWARD COMPONENTS:
- makespan_reward: -0.4450
- setup_reward: -13.7500
- deadline_reward: 0.0000
- priority_reward: 0.0000
- critical_job_reward: 0.0000
- placement_reward: 0.0000
- timeliness_reward: -5.5954
- machine_idle_penalty: -5.7500

TOTAL REWARD: -25.5404

CUMULATIVE REWARD COMPONENTS:
- makespan_reward: -33.6900
- setup_reward: -796.7500
- deadline_reward: 77.4490
- priority_reward: 452.0000
- critical_job_reward: 95.7558
- placement_reward: 0.0000
- timeliness_reward: 114.8729
- machine_idle_penalty: -590.8625

CUMULATIVE TOTAL: -681.2249

CRITICAL STATE INFO:
- Valid actions: ['J1', 'J2', 'J7', 'J19']
- Machine states:
  - Machine M1: Time=6738.00, Idle=0.00, Material=Citybike_Steuerrohr_ausgerieben
  - Machine M2: Time=6367.00, Idle=371.00, Material=Citybike_Tretlageraufnahme_geschweisst
  - Machine M3: Time=6649.00, Idle=89.00, Material=Mountainbike_Bremsaufnahme_gebohrt
==================================================

2025-06-19 11:35:20,100 - JSPGymEnvironment - INFO - Material change on machine M1: Citybike_Steuerrohr_ausgerieben -> E-Bike_Bremsen_justiert, setup time: 50
2025-06-19 11:35:20,100 - JSPGymEnvironment - INFO - Executed operation: Job J1, Op 3, Machine M1, Start: 6788, End: 6805, Setup: 50
2025-06-19 11:35:20,101 - JSPGymEnvironment - INFO - 
===== REWARD DETAILS FOR STEP 116 =====
Job: J1, Operation: 3, Job Completed: False
Current Time: 6738.00 -> 6805.00, Setup Time: 50.00
Processing Time: 17.00, Idle Time: 0.00
Completed Jobs: 16/20
Machine: M1, Material: E-Bike_Bremsen_justiert

REWARD COMPONENTS:
- makespan_reward: -0.3350
- setup_reward: -12.5000
- deadline_reward: 0.0000
- priority_reward: 0.0000
- critical_job_reward: 0.0000
- placement_reward: 0.0000
- timeliness_reward: -5.5960
- machine_idle_penalty: -7.4250

TOTAL REWARD: -25.8560

CUMULATIVE REWARD COMPONENTS:
- makespan_reward: -34.0250
- setup_reward: -809.2500
- deadline_reward: 77.4490
- priority_reward: 452.0000
- critical_job_reward: 95.7558
- placement_reward: 0.0000
- timeliness_reward: 109.2769
- machine_idle_penalty: -598.2875

CUMULATIVE TOTAL: -707.0809

CRITICAL STATE INFO:
- Valid actions: ['J1', 'J2', 'J7', 'J19']
- Machine states:
  - Machine M1: Time=6805.00, Idle=0.00, Material=E-Bike_Bremsen_justiert
  - Machine M2: Time=6367.00, Idle=438.00, Material=Citybike_Tretlageraufnahme_geschweisst
  - Machine M3: Time=6649.00, Idle=156.00, Material=Mountainbike_Bremsaufnahme_gebohrt
==================================================

2025-06-19 11:35:20,109 - JSPGymEnvironment - INFO - Material change on machine M3: Mountainbike_Bremsaufnahme_gebohrt -> Citybike_Fahrrad_endmontiert, setup time: 12
2025-06-19 11:35:20,109 - JSPGymEnvironment - INFO - Executed operation: Job J19, Op 7, Machine M3, Start: 6817, End: 6858, Setup: 12
2025-06-19 11:35:20,110 - JSPGymEnvironment - INFO - Job J19 completed at time 6858, deadline: 2880, met: False, priority: 4
2025-06-19 11:35:20,110 - JSPGymEnvironment - INFO - 
===== REWARD DETAILS FOR STEP 117 =====
Job: J19, Operation: 7, Job Completed: True
Current Time: 6805.00 -> 6858.00, Setup Time: 12.00
Processing Time: 41.00, Idle Time: 0.00
Completed Jobs: 17/20
Machine: M3, Material: Citybike_Fahrrad_endmontiert
Job Deadline: 2880.00 (Missed), Priority: 4

REWARD COMPONENTS:
- makespan_reward: -0.2650
- setup_reward: -3.0000
- deadline_reward: -3.4531
- priority_reward: 16.0000
- critical_job_reward: 0.0000
- placement_reward: 0.0000
- timeliness_reward: -5.5965
- machine_idle_penalty: -6.8000

TOTAL REWARD: -3.1146

CUMULATIVE REWARD COMPONENTS:
- makespan_reward: -34.2900
- setup_reward: -812.2500
- deadline_reward: 73.9959
- priority_reward: 468.0000
- critical_job_reward: 95.7558
- placement_reward: 0.0000
- timeliness_reward: 103.6804
- machine_idle_penalty: -605.0875

CUMULATIVE TOTAL: -710.1955

CRITICAL STATE INFO:
- Valid actions: ['J1', 'J2', 'J7']
- Machine states:
  - Machine M1: Time=6805.00, Idle=53.00, Material=E-Bike_Bremsen_justiert
  - Machine M2: Time=6367.00, Idle=491.00, Material=Citybike_Tretlageraufnahme_geschweisst
  - Machine M3: Time=6858.00, Idle=0.00, Material=Citybike_Fahrrad_endmontiert
==================================================

2025-06-19 11:35:20,110 - JSPGymEnvironment - INFO - Retro-Bonus für Job J19: -10.0
2025-06-19 11:35:20,119 - JSPGymEnvironment - INFO - Material change on machine M2: Citybike_Tretlageraufnahme_geschweisst -> Racebike_Steuerrohr_ausgerieben, setup time: 19
2025-06-19 11:35:20,119 - JSPGymEnvironment - INFO - Executed operation: Job J2, Op 4, Machine M2, Start: 6877, End: 6903, Setup: 19
2025-06-19 11:35:20,119 - JSPGymEnvironment - INFO - 
===== REWARD DETAILS FOR STEP 118 =====
Job: J2, Operation: 4, Job Completed: False
Current Time: 6858.00 -> 6903.00, Setup Time: 19.00
Processing Time: 26.00, Idle Time: 0.00
Completed Jobs: 17/20
Machine: M2, Material: Racebike_Steuerrohr_ausgerieben

REWARD COMPONENTS:
- makespan_reward: -0.2250
- setup_reward: -4.7500
- deadline_reward: 0.0000
- priority_reward: 0.0000
- critical_job_reward: 0.5000
- placement_reward: 0.0000
- timeliness_reward: -5.5968
- machine_idle_penalty: -1.7875

TOTAL REWARD: -11.8593

CUMULATIVE REWARD COMPONENTS:
- makespan_reward: -34.5150
- setup_reward: -817.0000
- deadline_reward: 73.9959
- priority_reward: 468.0000
- critical_job_reward: 96.2558
- placement_reward: 0.0000
- timeliness_reward: 98.0836
- machine_idle_penalty: -606.8750

CUMULATIVE TOTAL: -722.0547

CRITICAL STATE INFO:
- Valid actions: ['J1', 'J2', 'J7']
- Machine states:
  - Machine M1: Time=6805.00, Idle=98.00, Material=E-Bike_Bremsen_justiert
  - Machine M2: Time=6903.00, Idle=0.00, Material=Racebike_Steuerrohr_ausgerieben
  - Machine M3: Time=6858.00, Idle=45.00, Material=Citybike_Fahrrad_endmontiert
==================================================

2025-06-19 11:35:20,129 - JSPGymEnvironment - INFO - Material change on machine M3: Citybike_Fahrrad_endmontiert -> Racebike_Tretlager_gefraest, setup time: 12
2025-06-19 11:35:20,129 - JSPGymEnvironment - INFO - Executed operation: Job J2, Op 5, Machine M3, Start: 6915, End: 6935, Setup: 12
2025-06-19 11:35:20,129 - JSPGymEnvironment - INFO - 
===== REWARD DETAILS FOR STEP 119 =====
Job: J2, Operation: 5, Job Completed: False
Current Time: 6903.00 -> 6935.00, Setup Time: 12.00
Processing Time: 20.00, Idle Time: 0.00
Completed Jobs: 17/20
Machine: M3, Material: Racebike_Tretlager_gefraest

REWARD COMPONENTS:
- makespan_reward: -0.1600
- setup_reward: -3.0000
- deadline_reward: 0.0000
- priority_reward: 0.0000
- critical_job_reward: 0.5000
- placement_reward: 0.0000
- timeliness_reward: -5.5970
- machine_idle_penalty: -2.0250

TOTAL REWARD: -10.2820

CUMULATIVE REWARD COMPONENTS:
- makespan_reward: -34.6750
- setup_reward: -820.0000
- deadline_reward: 73.9959
- priority_reward: 468.0000
- critical_job_reward: 96.7558
- placement_reward: 0.0000
- timeliness_reward: 92.4866
- machine_idle_penalty: -608.9000

CUMULATIVE TOTAL: -732.3367

CRITICAL STATE INFO:
- Valid actions: ['J1', 'J2', 'J7']
- Machine states:
  - Machine M1: Time=6805.00, Idle=130.00, Material=E-Bike_Bremsen_justiert
  - Machine M2: Time=6903.00, Idle=32.00, Material=Racebike_Steuerrohr_ausgerieben
  - Machine M3: Time=6935.00, Idle=0.00, Material=Racebike_Tretlager_gefraest
==================================================

2025-06-19 11:35:20,139 - JSPGymEnvironment - INFO - Material change on machine M3: Racebike_Tretlager_gefraest -> Racebike_Tretlageraufnahme_geschweisst, setup time: 15
2025-06-19 11:35:20,139 - JSPGymEnvironment - INFO - Executed operation: Job J2, Op 6, Machine M3, Start: 6950, End: 6985, Setup: 15
2025-06-19 11:35:20,139 - JSPGymEnvironment - INFO - 
===== REWARD DETAILS FOR STEP 120 =====
Job: J2, Operation: 6, Job Completed: False
Current Time: 6935.00 -> 6985.00, Setup Time: 15.00
Processing Time: 35.00, Idle Time: 0.00
Completed Jobs: 17/20
Machine: M3, Material: Racebike_Tretlageraufnahme_geschweisst

REWARD COMPONENTS:
- makespan_reward: -0.2500
- setup_reward: -3.7500
- deadline_reward: 0.0000
- priority_reward: 0.0000
- critical_job_reward: 0.5000
- placement_reward: 0.0000
- timeliness_reward: -5.5973
- machine_idle_penalty: -3.2750

TOTAL REWARD: -12.3723

CUMULATIVE REWARD COMPONENTS:
- makespan_reward: -34.9250
- setup_reward: -823.7500
- deadline_reward: 73.9959
- priority_reward: 468.0000
- critical_job_reward: 97.2558
- placement_reward: 0.0000
- timeliness_reward: 86.8894
- machine_idle_penalty: -612.1750

CUMULATIVE TOTAL: -744.7090

CRITICAL STATE INFO:
- Valid actions: ['J1', 'J2', 'J7']
- Machine states:
  - Machine M1: Time=6805.00, Idle=180.00, Material=E-Bike_Bremsen_justiert
  - Machine M2: Time=6903.00, Idle=82.00, Material=Racebike_Steuerrohr_ausgerieben
  - Machine M3: Time=6985.00, Idle=0.00, Material=Racebike_Tretlageraufnahme_geschweisst
==================================================

2025-06-19 11:35:20,149 - JSPGymEnvironment - INFO - Material change on machine M2: Racebike_Steuerrohr_ausgerieben -> E-Bike_Rahmen_lackiert, setup time: 24
2025-06-19 11:35:20,149 - JSPGymEnvironment - INFO - Executed operation: Job J1, Op 4, Machine M2, Start: 7009, End: 7029, Setup: 24
2025-06-19 11:35:20,149 - JSPGymEnvironment - INFO - 
===== REWARD DETAILS FOR STEP 121 =====
Job: J1, Operation: 4, Job Completed: False
Current Time: 6985.00 -> 7029.00, Setup Time: 24.00
Processing Time: 20.00, Idle Time: 0.00
Completed Jobs: 17/20
Machine: M2, Material: E-Bike_Rahmen_lackiert

REWARD COMPONENTS:
- makespan_reward: -0.2200
- setup_reward: -6.0000
- deadline_reward: 0.0000
- priority_reward: 0.0000
- critical_job_reward: 0.0000
- placement_reward: 0.0000
- timeliness_reward: -5.5975
- machine_idle_penalty: -3.3500

TOTAL REWARD: -15.1675

CUMULATIVE REWARD COMPONENTS:
- makespan_reward: -35.1450
- setup_reward: -829.7500
- deadline_reward: 73.9959
- priority_reward: 468.0000
- critical_job_reward: 97.2558
- placement_reward: 0.0000
- timeliness_reward: 81.2918
- machine_idle_penalty: -615.5250

CUMULATIVE TOTAL: -759.8765

CRITICAL STATE INFO:
- Valid actions: ['J1', 'J2', 'J7']
- Machine states:
  - Machine M1: Time=6805.00, Idle=224.00, Material=E-Bike_Bremsen_justiert
  - Machine M2: Time=7029.00, Idle=0.00, Material=E-Bike_Rahmen_lackiert
  - Machine M3: Time=6985.00, Idle=44.00, Material=Racebike_Tretlageraufnahme_geschweisst
==================================================

2025-06-19 11:35:20,158 - JSPGymEnvironment - INFO - Material change on machine M2: E-Bike_Rahmen_lackiert -> E-Bike_Steuerrohr_montiert, setup time: 20
2025-06-19 11:35:20,158 - JSPGymEnvironment - INFO - Executed operation: Job J1, Op 5, Machine M2, Start: 7049, End: 7064, Setup: 20
2025-06-19 11:35:20,158 - JSPGymEnvironment - INFO - 
===== REWARD DETAILS FOR STEP 122 =====
Job: J1, Operation: 5, Job Completed: False
Current Time: 7029.00 -> 7064.00, Setup Time: 20.00
Processing Time: 15.00, Idle Time: 0.00
Completed Jobs: 17/20
Machine: M2, Material: E-Bike_Steuerrohr_montiert

REWARD COMPONENTS:
- makespan_reward: -0.1750
- setup_reward: -5.0000
- deadline_reward: 0.0000
- priority_reward: 0.0000
- critical_job_reward: 0.0000
- placement_reward: 0.0000
- timeliness_reward: -5.5977
- machine_idle_penalty: -4.2250

TOTAL REWARD: -14.9977

CUMULATIVE REWARD COMPONENTS:
- makespan_reward: -35.3200
- setup_reward: -834.7500
- deadline_reward: 73.9959
- priority_reward: 468.0000
- critical_job_reward: 97.2558
- placement_reward: 0.0000
- timeliness_reward: 75.6941
- machine_idle_penalty: -619.7500

CUMULATIVE TOTAL: -774.8742

CRITICAL STATE INFO:
- Valid actions: ['J1', 'J2', 'J7']
- Machine states:
  - Machine M1: Time=6805.00, Idle=259.00, Material=E-Bike_Bremsen_justiert
  - Machine M2: Time=7064.00, Idle=0.00, Material=E-Bike_Steuerrohr_montiert
  - Machine M3: Time=6985.00, Idle=79.00, Material=Racebike_Tretlageraufnahme_geschweisst
==================================================

2025-06-19 11:35:20,166 - JSPGymEnvironment - INFO - Material change on machine M1: E-Bike_Bremsen_justiert -> Racebike_Rahmen_komplettiert, setup time: 56
2025-06-19 11:35:20,166 - JSPGymEnvironment - INFO - Executed operation: Job J2, Op 7, Machine M1, Start: 7120, End: 7144, Setup: 56
2025-06-19 11:35:20,166 - JSPGymEnvironment - INFO - Job J2 completed at time 7144, deadline: 2880, met: False, priority: 10
2025-06-19 11:35:20,166 - JSPGymEnvironment - INFO - 
===== REWARD DETAILS FOR STEP 123 =====
Job: J2, Operation: 7, Job Completed: True
Current Time: 7064.00 -> 7144.00, Setup Time: 56.00
Processing Time: 24.00, Idle Time: 0.00
Completed Jobs: 18/20
Machine: M1, Material: Racebike_Rahmen_komplettiert
Job Deadline: 2880.00 (Missed), Priority: 10

REWARD COMPONENTS:
- makespan_reward: -0.4000
- setup_reward: -14.0000
- deadline_reward: -3.7014
- priority_reward: 40.0000
- critical_job_reward: 0.5000
- placement_reward: 0.0000
- timeliness_reward: -5.5983
- machine_idle_penalty: -2.9875

TOTAL REWARD: 13.8128

CUMULATIVE REWARD COMPONENTS:
- makespan_reward: -35.7200
- setup_reward: -848.7500
- deadline_reward: 70.2945
- priority_reward: 508.0000
- critical_job_reward: 97.7558
- placement_reward: 0.0000
- timeliness_reward: 70.0958
- machine_idle_penalty: -622.7375

CUMULATIVE TOTAL: -761.0614

CRITICAL STATE INFO:
- Valid actions: ['J1', 'J7']
- Machine states:
  - Machine M1: Time=7144.00, Idle=0.00, Material=Racebike_Rahmen_komplettiert
  - Machine M2: Time=7064.00, Idle=80.00, Material=E-Bike_Steuerrohr_montiert
  - Machine M3: Time=6985.00, Idle=159.00, Material=Racebike_Tretlageraufnahme_geschweisst
==================================================

2025-06-19 11:35:20,167 - JSPGymEnvironment - INFO - Retro-Bonus für Job J2: -5.0
2025-06-19 11:35:20,176 - JSPGymEnvironment - INFO - Material change on machine M1: Racebike_Rahmen_komplettiert -> E-Bike_Hauptrahmen_zugeschnitten, setup time: 51
2025-06-19 11:35:20,176 - JSPGymEnvironment - INFO - Executed operation: Job J1, Op 6, Machine M1, Start: 7195, End: 7228, Setup: 51
2025-06-19 11:35:20,176 - JSPGymEnvironment - INFO - 
===== REWARD DETAILS FOR STEP 124 =====
Job: J1, Operation: 6, Job Completed: False
Current Time: 7144.00 -> 7228.00, Setup Time: 51.00
Processing Time: 33.00, Idle Time: 0.00
Completed Jobs: 18/20
Machine: M1, Material: E-Bike_Hauptrahmen_zugeschnitten

REWARD COMPONENTS:
- makespan_reward: -0.4200
- setup_reward: -12.7500
- deadline_reward: 0.0000
- priority_reward: 0.0000
- critical_job_reward: 0.0000
- placement_reward: 0.0000
- timeliness_reward: -5.5986
- machine_idle_penalty: -5.0875

TOTAL REWARD: -23.8561

CUMULATIVE REWARD COMPONENTS:
- makespan_reward: -36.1400
- setup_reward: -861.5000
- deadline_reward: 70.2945
- priority_reward: 508.0000
- critical_job_reward: 97.7558
- placement_reward: 0.0000
- timeliness_reward: 64.4972
- machine_idle_penalty: -627.8250

CUMULATIVE TOTAL: -784.9175

CRITICAL STATE INFO:
- Valid actions: ['J1', 'J7']
- Machine states:
  - Machine M1: Time=7228.00, Idle=0.00, Material=E-Bike_Hauptrahmen_zugeschnitten
  - Machine M2: Time=7064.00, Idle=164.00, Material=E-Bike_Steuerrohr_montiert
  - Machine M3: Time=6985.00, Idle=243.00, Material=Racebike_Tretlageraufnahme_geschweisst
==================================================

2025-06-19 11:35:20,184 - JSPGymEnvironment - INFO - Material change on machine M1: E-Bike_Hauptrahmen_zugeschnitten -> E-Bike_Steuerrohr_ausgerieben, setup time: 40
2025-06-19 11:35:20,184 - JSPGymEnvironment - INFO - Executed operation: Job J1, Op 7, Machine M1, Start: 7268, End: 7300, Setup: 40
2025-06-19 11:35:20,184 - JSPGymEnvironment - INFO - Job J1 completed at time 7300, deadline: 2880, met: False, priority: 7
2025-06-19 11:35:20,185 - JSPGymEnvironment - INFO - 
===== REWARD DETAILS FOR STEP 125 =====
Job: J1, Operation: 7, Job Completed: True
Current Time: 7228.00 -> 7300.00, Setup Time: 40.00
Processing Time: 32.00, Idle Time: 0.00
Completed Jobs: 19/20
Machine: M1, Material: E-Bike_Steuerrohr_ausgerieben
Job Deadline: 2880.00 (Missed), Priority: 7

REWARD COMPONENTS:
- makespan_reward: -0.3600
- setup_reward: -10.0000
- deadline_reward: -3.8368
- priority_reward: 28.0000
- critical_job_reward: 0.0000
- placement_reward: 0.0000
- timeliness_reward: -5.5991
- machine_idle_penalty: -6.8875

TOTAL REWARD: 1.3166

CUMULATIVE REWARD COMPONENTS:
- makespan_reward: -36.5000
- setup_reward: -871.5000
- deadline_reward: 66.4577
- priority_reward: 536.0000
- critical_job_reward: 97.7558
- placement_reward: 0.0000
- timeliness_reward: 58.8982
- machine_idle_penalty: -634.7125

CUMULATIVE TOTAL: -783.6009

CRITICAL STATE INFO:
- Valid actions: ['J7']
- Machine states:
  - Machine M1: Time=7300.00, Idle=0.00, Material=E-Bike_Steuerrohr_ausgerieben
  - Machine M2: Time=7064.00, Idle=236.00, Material=E-Bike_Steuerrohr_montiert
  - Machine M3: Time=6985.00, Idle=315.00, Material=Racebike_Tretlageraufnahme_geschweisst
==================================================

2025-06-19 11:35:20,185 - JSPGymEnvironment - INFO - Retro-Bonus für Job J1: -10.0
2025-06-19 11:35:20,193 - JSPGymEnvironment - INFO - Material change on machine M3: Racebike_Tretlageraufnahme_geschweisst -> E-Bike_Bremsen_justiert, setup time: 21
2025-06-19 11:35:20,193 - JSPGymEnvironment - INFO - Executed operation: Job J7, Op 5, Machine M3, Start: 7321, End: 7360, Setup: 21
2025-06-19 11:35:20,193 - JSPGymEnvironment - INFO - Job J7 completed at time 7360, deadline: 2777, met: False, priority: 7
2025-06-19 11:35:20,193 - JSPGymEnvironment - INFO - 
===== REWARD DETAILS FOR STEP 126 =====
Job: J7, Operation: 5, Job Completed: True
Current Time: 7300.00 -> 7360.00, Setup Time: 21.00
Processing Time: 39.00, Idle Time: 0.00
Completed Jobs: 20/20
Machine: M3, Material: E-Bike_Bremsen_justiert
Job Deadline: 2777.00 (Missed), Priority: 7

REWARD COMPONENTS:
- makespan_reward: -0.3000
- setup_reward: -5.2500
- deadline_reward: -4.1259
- priority_reward: 28.0000
- critical_job_reward: 0.0000
- placement_reward: 0.0000
- timeliness_reward: 2.4000
- machine_idle_penalty: -4.4500

TOTAL REWARD: 16.2741

CUMULATIVE REWARD COMPONENTS:
- makespan_reward: -36.8000
- setup_reward: -876.7500
- deadline_reward: 62.3318
- priority_reward: 564.0000
- critical_job_reward: 97.7558
- placement_reward: 0.0000
- timeliness_reward: 61.2982
- machine_idle_penalty: -639.1625

CUMULATIVE TOTAL: -767.3268

CRITICAL STATE INFO:
- Valid actions: []
- Machine states:
  - Machine M1: Time=7300.00, Idle=60.00, Material=E-Bike_Steuerrohr_ausgerieben
  - Machine M2: Time=7064.00, Idle=296.00, Material=E-Bike_Steuerrohr_montiert
  - Machine M3: Time=7360.00, Idle=0.00, Material=E-Bike_Bremsen_justiert
==================================================

2025-06-19 11:35:20,193 - JSPGymEnvironment - INFO - Retro-Bonus für Job J7: -10.0
2025-06-19 11:35:20,194 - JSPGymEnvironment - INFO - Reward function updated with 62 insights
2025-06-19 11:35:20,194 - JSPGymEnvironment - INFO -   Material change on critical path at Job 6 Operation 0 on Machine M3 (Severity: 1.40)
2025-06-19 11:35:20,194 - JSPGymEnvironment - INFO -   Material change on critical path at Job 6 Operation 1 on Machine M2 (Severity: 1.20)
2025-06-19 11:35:20,194 - JSPGymEnvironment - INFO -   Material change on critical path at Job 6 Operation 2 on Machine M3 (Severity: 1.47)
2025-06-19 11:35:20,194 - JSPGymEnvironment - INFO -   Material change on critical path at Job 6 Operation 3 on Machine M3 (Severity: 1.40)
2025-06-19 11:35:20,194 - JSPGymEnvironment - INFO -   Idle time on critical path before Job 6 Operation 3 on Machine M3 (Severity: 13.81)
2025-06-19 11:35:20,194 - JSPGymEnvironment - INFO -   Material change on critical path at Job 6 Operation 4 on Machine M1 (Severity: 1.27)
2025-06-19 11:35:20,194 - JSPGymEnvironment - INFO -   Material change on critical path at Job 6 Operation 5 on Machine M3 (Severity: 1.40)
2025-06-19 11:35:20,194 - JSPGymEnvironment - INFO -   High priority (9) not on critical path: Job 19 Operation 0 (Severity: 0.67)
2025-06-19 11:35:20,194 - JSPGymEnvironment - INFO -   High priority (9) not on critical path: Job 19 Operation 1 (Severity: 0.67)
2025-06-19 11:35:20,194 - JSPGymEnvironment - INFO -   High priority (9) not on critical path: Job 3 Operation 0 (Severity: 0.67)
2025-06-19 11:35:20,194 - JSPGymEnvironment - INFO -   High priority (9) not on critical path: Job 19 Operation 2 (Severity: 0.67)
2025-06-19 11:35:20,194 - JSPGymEnvironment - INFO -   High priority (9) not on critical path: Job 19 Operation 3 (Severity: 0.67)
2025-06-19 11:35:20,194 - JSPGymEnvironment - INFO -   High priority (9) not on critical path: Job 19 Operation 4 (Severity: 0.67)
2025-06-19 11:35:20,194 - JSPGymEnvironment - INFO -   High priority (10) not on critical path: Job 9 Operation 0 (Severity: 1.00)
2025-06-19 11:35:20,194 - JSPGymEnvironment - INFO -   High priority (9) not on critical path: Job 3 Operation 1 (Severity: 0.67)
2025-06-19 11:35:20,194 - JSPGymEnvironment - INFO -   High priority (8) not on critical path: Job 15 Operation 0 (Severity: 0.33)
2025-06-19 11:35:20,194 - JSPGymEnvironment - INFO -   High priority (8) not on critical path: Job 15 Operation 1 (Severity: 0.33)
2025-06-19 11:35:20,194 - JSPGymEnvironment - INFO -   High priority (10) not on critical path: Job 9 Operation 1 (Severity: 1.00)
2025-06-19 11:35:20,194 - JSPGymEnvironment - INFO -   High priority (9) not on critical path: Job 11 Operation 0 (Severity: 0.67)
2025-06-19 11:35:20,194 - JSPGymEnvironment - INFO -   High priority (10) not on critical path: Job 9 Operation 2 (Severity: 1.00)
2025-06-19 11:35:20,194 - JSPGymEnvironment - INFO -   High priority (10) not on critical path: Job 9 Operation 3 (Severity: 1.00)
2025-06-19 11:35:20,194 - JSPGymEnvironment - INFO -   High priority (10) not on critical path: Job 9 Operation 4 (Severity: 1.00)
2025-06-19 11:35:20,194 - JSPGymEnvironment - INFO -   High priority (8) not on critical path: Job 15 Operation 2 (Severity: 0.33)
2025-06-19 11:35:20,194 - JSPGymEnvironment - INFO -   High priority (8) not on critical path: Job 15 Operation 3 (Severity: 0.33)
2025-06-19 11:35:20,194 - JSPGymEnvironment - INFO -   High priority (8) not on critical path: Job 15 Operation 4 (Severity: 0.33)
2025-06-19 11:35:20,194 - JSPGymEnvironment - INFO -   High priority (9) not on critical path: Job 4 Operation 0 (Severity: 0.67)
2025-06-19 11:35:20,194 - JSPGymEnvironment - INFO -   High priority (8) not on critical path: Job 7 Operation 0 (Severity: 0.33)
2025-06-19 11:35:20,194 - JSPGymEnvironment - INFO -   High priority (9) not on critical path: Job 3 Operation 2 (Severity: 0.67)
2025-06-19 11:35:20,194 - JSPGymEnvironment - INFO -   High priority (9) not on critical path: Job 11 Operation 1 (Severity: 0.67)
2025-06-19 11:35:20,194 - JSPGymEnvironment - INFO -   High priority (9) not on critical path: Job 4 Operation 1 (Severity: 0.67)
2025-06-19 11:35:20,194 - JSPGymEnvironment - INFO -   High priority (9) not on critical path: Job 3 Operation 3 (Severity: 0.67)
2025-06-19 11:35:20,194 - JSPGymEnvironment - INFO -   High priority (9) not on critical path: Job 11 Operation 2 (Severity: 0.67)
2025-06-19 11:35:20,194 - JSPGymEnvironment - INFO -   High priority (9) not on critical path: Job 4 Operation 2 (Severity: 0.67)
2025-06-19 11:35:20,194 - JSPGymEnvironment - INFO -   High priority (9) not on critical path: Job 4 Operation 3 (Severity: 0.67)
2025-06-19 11:35:20,194 - JSPGymEnvironment - INFO -   High priority (9) not on critical path: Job 4 Operation 4 (Severity: 0.67)
2025-06-19 11:35:20,194 - JSPGymEnvironment - INFO -   High priority (9) not on critical path: Job 8 Operation 0 (Severity: 0.67)
2025-06-19 11:35:20,194 - JSPGymEnvironment - INFO -   High priority (9) not on critical path: Job 4 Operation 5 (Severity: 0.67)
2025-06-19 11:35:20,194 - JSPGymEnvironment - INFO -   High priority (9) not on critical path: Job 11 Operation 3 (Severity: 0.67)
2025-06-19 11:35:20,194 - JSPGymEnvironment - INFO -   High priority (9) not on critical path: Job 11 Operation 4 (Severity: 0.67)
2025-06-19 11:35:20,194 - JSPGymEnvironment - INFO -   High priority (9) not on critical path: Job 8 Operation 1 (Severity: 0.67)
2025-06-19 11:35:20,194 - JSPGymEnvironment - INFO -   High priority (9) not on critical path: Job 3 Operation 4 (Severity: 0.67)
2025-06-19 11:35:20,194 - JSPGymEnvironment - INFO -   High priority (9) not on critical path: Job 3 Operation 5 (Severity: 0.67)
2025-06-19 11:35:20,194 - JSPGymEnvironment - INFO -   High priority (9) not on critical path: Job 8 Operation 2 (Severity: 0.67)
2025-06-19 11:35:20,194 - JSPGymEnvironment - INFO -   High priority (8) not on critical path: Job 7 Operation 1 (Severity: 0.33)
2025-06-19 11:35:20,194 - JSPGymEnvironment - INFO -   High priority (9) not on critical path: Job 11 Operation 5 (Severity: 0.67)
2025-06-19 11:35:20,194 - JSPGymEnvironment - INFO -   High priority (8) not on critical path: Job 7 Operation 2 (Severity: 0.33)
2025-06-19 11:35:20,194 - JSPGymEnvironment - INFO -   High priority (8) not on critical path: Job 7 Operation 3 (Severity: 0.33)
2025-06-19 11:35:20,194 - JSPGymEnvironment - INFO -   High priority (8) not on critical path: Job 7 Operation 4 (Severity: 0.33)
2025-06-19 11:35:20,194 - JSPGymEnvironment - INFO -   High priority (8) not on critical path: Job 7 Operation 5 (Severity: 0.33)
2025-06-19 11:35:20,194 - JSPGymEnvironment - INFO -   High priority (8) not on critical path: Job 7 Operation 6 (Severity: 0.33)
2025-06-19 11:35:20,194 - JSPGymEnvironment - INFO -   High priority (9) not on critical path: Job 8 Operation 3 (Severity: 0.67)
2025-06-19 11:35:20,194 - JSPGymEnvironment - INFO -   High priority (10) not on critical path: Job 1 Operation 0 (Severity: 1.00)
2025-06-19 11:35:20,194 - JSPGymEnvironment - INFO -   High priority (10) not on critical path: Job 1 Operation 1 (Severity: 1.00)
2025-06-19 11:35:20,194 - JSPGymEnvironment - INFO -   High priority (10) not on critical path: Job 1 Operation 2 (Severity: 1.00)
2025-06-19 11:35:20,194 - JSPGymEnvironment - INFO -   High priority (8) not on critical path: Job 7 Operation 7 (Severity: 0.33)
2025-06-19 11:35:20,194 - JSPGymEnvironment - INFO -   High priority (9) not on critical path: Job 8 Operation 4 (Severity: 0.67)
2025-06-19 11:35:20,194 - JSPGymEnvironment - INFO -   High priority (10) not on critical path: Job 1 Operation 3 (Severity: 1.00)
2025-06-19 11:35:20,194 - JSPGymEnvironment - INFO -   High priority (9) not on critical path: Job 8 Operation 5 (Severity: 0.67)
2025-06-19 11:35:20,194 - JSPGymEnvironment - INFO -   High priority (10) not on critical path: Job 1 Operation 4 (Severity: 1.00)
2025-06-19 11:35:20,194 - JSPGymEnvironment - INFO -   High priority (10) not on critical path: Job 1 Operation 5 (Severity: 1.00)
2025-06-19 11:35:20,194 - JSPGymEnvironment - INFO -   High priority (10) not on critical path: Job 1 Operation 6 (Severity: 1.00)
2025-06-19 11:35:20,194 - JSPGymEnvironment - INFO -   High priority (10) not on critical path: Job 1 Operation 7 (Severity: 1.00)
2025-06-19 11:35:20,194 - JSPGymEnvironment - INFO - Episode completed. Critical path: 6 operations, Suboptimal placements: 62
2025-06-19 11:35:20,194 - JSPGymEnvironment - INFO - Reward components: {'makespan_reward': -0.3, 'setup_reward': -5.25, 'deadline_reward': -4.125855239467051, 'priority_reward': 28.0, 'critical_job_reward': 0.0, 'placement_reward': 0.0, 'timeliness_reward': 2.4, 'machine_idle_penalty': -4.45}
