2025-06-18 13:40:00,519 - JSPGymEnvironment - INFO - Environment reset
2025-06-18 13:40:00,708 - JSPGymEnvironment - INFO - Environment reset
2025-06-18 13:40:00,909 - JSPGymEnvironment - INFO - Material change on machine M3:  -> E-Bike_Tretlageraufnahme_geschweisst, setup time: 0
2025-06-18 13:40:00,909 - JSPGymEnvironment - INFO - Executed operation: Job J29, Op 0, Machine M3, Start: 0, End: 49, Setup: 0
2025-06-18 13:40:00,910 - JSPGymEnvironment - INFO - 
===== REWARD DETAILS FOR STEP 1 =====
Job: J29, Operation: 0, Job Completed: False
Current Time: 0.00 -> 49.00, Setup Time: 0.00
Processing Time: 49.00, Idle Time: 0.00
Completed Jobs: 0/30
Machine: M3, Material: E-Bike_Tretlageraufnahme_geschweisst

REWARD COMPONENTS:
- makespan_reward: -0.2450
- setup_reward: 0.0000
- deadline_reward: 0.0000
- priority_reward: 0.0000
- critical_job_reward: 0.5000
- placement_reward: 0.0000
- timeliness_reward: 9.1765
- machine_idle_penalty: -1.3250

TOTAL REWARD: 8.1065

CUMULATIVE REWARD COMPONENTS:
- makespan_reward: -0.2450
- setup_reward: 0.0000
- deadline_reward: 0.0000
- priority_reward: 0.0000
- critical_job_reward: 0.5000
- placement_reward: 0.0000
- timeliness_reward: 9.1765
- machine_idle_penalty: -1.3250

CUMULATIVE TOTAL: 8.1065

CRITICAL STATE INFO:
- Valid actions: ['J1', 'J2', 'J3', 'J4', 'J5', 'J6', 'J7', 'J8', 'J9', 'J10', 'J11', 'J12', 'J13', 'J14', 'J15', 'J16', 'J17', 'J18', 'J19', 'J20', 'J21', 'J22', 'J23', 'J24', 'J25', 'J26', 'J27', 'J28', 'J29', 'J30']
- Machine states:
  - Machine M1: Time=0.00, Idle=49.00, Material=None
  - Machine M2: Time=0.00, Idle=49.00, Material=None
  - Machine M3: Time=49.00, Idle=0.00, Material=E-Bike_Tretlageraufnahme_geschweisst
==================================================

2025-06-18 13:40:01,071 - JSPGymEnvironment - INFO - Material change on machine M2:  -> Mountainbike_Rahmen_nachbearbeitet, setup time: 0
2025-06-18 13:40:01,071 - JSPGymEnvironment - INFO - Executed operation: Job J22, Op 0, Machine M2, Start: 49, End: 72, Setup: 0
2025-06-18 13:40:01,071 - JSPGymEnvironment - INFO - 
===== REWARD DETAILS FOR STEP 2 =====
Job: J22, Operation: 0, Job Completed: False
Current Time: 49.00 -> 72.00, Setup Time: 0.00
Processing Time: 23.00, Idle Time: 0.00
Completed Jobs: 0/30
Machine: M2, Material: Mountainbike_Rahmen_nachbearbeitet

REWARD COMPONENTS:
- makespan_reward: -0.1150
- setup_reward: 0.0000
- deadline_reward: 0.0000
- priority_reward: 0.0000
- critical_job_reward: 0.0000
- placement_reward: 0.0000
- timeliness_reward: 9.1839
- machine_idle_penalty: -1.2375

TOTAL REWARD: 7.8314

CUMULATIVE REWARD COMPONENTS:
- makespan_reward: -0.3600
- setup_reward: 0.0000
- deadline_reward: 0.0000
- priority_reward: 0.0000
- critical_job_reward: 0.5000
- placement_reward: 0.0000
- timeliness_reward: 18.3603
- machine_idle_penalty: -2.5625

CUMULATIVE TOTAL: 15.9378

CRITICAL STATE INFO:
- Valid actions: ['J1', 'J2', 'J3', 'J4', 'J5', 'J6', 'J7', 'J8', 'J9', 'J10', 'J11', 'J12', 'J13', 'J14', 'J15', 'J16', 'J17', 'J18', 'J19', 'J20', 'J21', 'J22', 'J23', 'J24', 'J25', 'J26', 'J27', 'J28', 'J29', 'J30']
- Machine states:
  - Machine M1: Time=0.00, Idle=72.00, Material=None
  - Machine M2: Time=72.00, Idle=0.00, Material=Mountainbike_Rahmen_nachbearbeitet
  - Machine M3: Time=49.00, Idle=23.00, Material=E-Bike_Tretlageraufnahme_geschweisst
==================================================

2025-06-18 13:40:01,210 - JSPGymEnvironment - INFO - Material change on machine M3: E-Bike_Tretlageraufnahme_geschweisst -> Mountainbike_Tretlager_gefraest, setup time: 20
2025-06-18 13:40:01,211 - JSPGymEnvironment - INFO - Executed operation: Job J22, Op 1, Machine M3, Start: 92, End: 131, Setup: 20
2025-06-18 13:40:01,211 - JSPGymEnvironment - INFO - 
===== REWARD DETAILS FOR STEP 3 =====
Job: J22, Operation: 1, Job Completed: False
Current Time: 72.00 -> 131.00, Setup Time: 20.00
Processing Time: 39.00, Idle Time: 0.00
Completed Jobs: 0/30
Machine: M3, Material: Mountainbike_Tretlager_gefraest

REWARD COMPONENTS:
- makespan_reward: -0.2950
- setup_reward: -5.0000
- deadline_reward: 0.0000
- priority_reward: 0.0000
- critical_job_reward: 0.0000
- placement_reward: 0.0000
- timeliness_reward: 9.2022
- machine_idle_penalty: -2.4750

TOTAL REWARD: 1.4322

CUMULATIVE REWARD COMPONENTS:
- makespan_reward: -0.6550
- setup_reward: -5.0000
- deadline_reward: 0.0000
- priority_reward: 0.0000
- critical_job_reward: 0.5000
- placement_reward: 0.0000
- timeliness_reward: 27.5626
- machine_idle_penalty: -5.0375

CUMULATIVE TOTAL: 17.3701

CRITICAL STATE INFO:
- Valid actions: ['J1', 'J2', 'J3', 'J4', 'J5', 'J6', 'J7', 'J8', 'J9', 'J10', 'J11', 'J12', 'J13', 'J14', 'J15', 'J16', 'J17', 'J18', 'J19', 'J20', 'J21', 'J22', 'J23', 'J24', 'J25', 'J26', 'J27', 'J28', 'J29', 'J30']
- Machine states:
  - Machine M1: Time=0.00, Idle=131.00, Material=None
  - Machine M2: Time=72.00, Idle=59.00, Material=Mountainbike_Rahmen_nachbearbeitet
  - Machine M3: Time=131.00, Idle=0.00, Material=Mountainbike_Tretlager_gefraest
==================================================

2025-06-18 13:40:01,297 - JSPGymEnvironment - INFO - Material change on machine M2: Mountainbike_Rahmen_nachbearbeitet -> E-Bike_Steuerrohr_ausgerieben, setup time: 25
2025-06-18 13:40:01,297 - JSPGymEnvironment - INFO - Executed operation: Job J19, Op 0, Machine M2, Start: 156, End: 186, Setup: 25
2025-06-18 13:40:01,298 - JSPGymEnvironment - INFO - 
===== REWARD DETAILS FOR STEP 4 =====
Job: J19, Operation: 0, Job Completed: False
Current Time: 131.00 -> 186.00, Setup Time: 25.00
Processing Time: 30.00, Idle Time: 0.00
Completed Jobs: 0/30
Machine: M2, Material: E-Bike_Steuerrohr_ausgerieben

REWARD COMPONENTS:
- makespan_reward: -0.2750
- setup_reward: -6.2500
- deadline_reward: 0.0000
- priority_reward: 0.0000
- critical_job_reward: 0.5000
- placement_reward: 0.0000
- timeliness_reward: 9.2186
- machine_idle_penalty: -3.0625

TOTAL REWARD: 0.1311

CUMULATIVE REWARD COMPONENTS:
- makespan_reward: -0.9300
- setup_reward: -11.2500
- deadline_reward: 0.0000
- priority_reward: 0.0000
- critical_job_reward: 1.0000
- placement_reward: 0.0000
- timeliness_reward: 36.7812
- machine_idle_penalty: -8.1000

CUMULATIVE TOTAL: 17.5012

CRITICAL STATE INFO:
- Valid actions: ['J1', 'J2', 'J3', 'J4', 'J5', 'J6', 'J7', 'J8', 'J9', 'J10', 'J11', 'J12', 'J13', 'J14', 'J15', 'J16', 'J17', 'J18', 'J19', 'J20', 'J21', 'J22', 'J23', 'J24', 'J25', 'J26', 'J27', 'J28', 'J29', 'J30']
- Machine states:
  - Machine M1: Time=0.00, Idle=186.00, Material=None
  - Machine M2: Time=186.00, Idle=0.00, Material=E-Bike_Steuerrohr_ausgerieben
  - Machine M3: Time=131.00, Idle=55.00, Material=Mountainbike_Tretlager_gefraest
==================================================

2025-06-18 13:40:01,381 - JSPGymEnvironment - INFO - Material change on machine M2: E-Bike_Steuerrohr_ausgerieben -> Mountainbike_Rahmen_lackiert, setup time: 29
2025-06-18 13:40:01,381 - JSPGymEnvironment - INFO - Executed operation: Job J22, Op 2, Machine M2, Start: 215, End: 244, Setup: 29
2025-06-18 13:40:01,381 - JSPGymEnvironment - INFO - 
===== REWARD DETAILS FOR STEP 5 =====
Job: J22, Operation: 2, Job Completed: False
Current Time: 186.00 -> 244.00, Setup Time: 29.00
Processing Time: 29.00, Idle Time: 0.00
Completed Jobs: 0/30
Machine: M2, Material: Mountainbike_Rahmen_lackiert

REWARD COMPONENTS:
- makespan_reward: -0.2900
- setup_reward: -7.2500
- deadline_reward: 0.0000
- priority_reward: 0.0000
- critical_job_reward: 0.0000
- placement_reward: 0.0000
- timeliness_reward: 9.2351
- machine_idle_penalty: -4.5625

TOTAL REWARD: -2.8674

CUMULATIVE REWARD COMPONENTS:
- makespan_reward: -1.2200
- setup_reward: -18.5000
- deadline_reward: 0.0000
- priority_reward: 0.0000
- critical_job_reward: 1.0000
- placement_reward: 0.0000
- timeliness_reward: 46.0163
- machine_idle_penalty: -12.6625

CUMULATIVE TOTAL: 14.6338

CRITICAL STATE INFO:
- Valid actions: ['J1', 'J2', 'J3', 'J4', 'J5', 'J6', 'J7', 'J8', 'J9', 'J10', 'J11', 'J12', 'J13', 'J14', 'J15', 'J16', 'J17', 'J18', 'J19', 'J20', 'J21', 'J22', 'J23', 'J24', 'J25', 'J26', 'J27', 'J28', 'J29', 'J30']
- Machine states:
  - Machine M1: Time=0.00, Idle=244.00, Material=None
  - Machine M2: Time=244.00, Idle=0.00, Material=Mountainbike_Rahmen_lackiert
  - Machine M3: Time=131.00, Idle=113.00, Material=Mountainbike_Tretlager_gefraest
==================================================

2025-06-18 13:40:01,462 - JSPGymEnvironment - INFO - Material change on machine M1:  -> Mountainbike_Laufraeder_montiert, setup time: 0
2025-06-18 13:40:01,462 - JSPGymEnvironment - INFO - Executed operation: Job J22, Op 3, Machine M1, Start: 244, End: 279, Setup: 0
2025-06-18 13:40:01,462 - JSPGymEnvironment - INFO - 
===== REWARD DETAILS FOR STEP 6 =====
Job: J22, Operation: 3, Job Completed: False
Current Time: 244.00 -> 279.00, Setup Time: 0.00
Processing Time: 35.00, Idle Time: 0.00
Completed Jobs: 0/30
Machine: M1, Material: Mountainbike_Laufraeder_montiert

REWARD COMPONENTS:
- makespan_reward: -0.1750
- setup_reward: 0.0000
- deadline_reward: 0.0000
- priority_reward: 0.0000
- critical_job_reward: 0.0000
- placement_reward: 0.0000
- timeliness_reward: 9.2445
- machine_idle_penalty: -2.3375

TOTAL REWARD: 6.7320

CUMULATIVE REWARD COMPONENTS:
- makespan_reward: -1.3950
- setup_reward: -18.5000
- deadline_reward: 0.0000
- priority_reward: 0.0000
- critical_job_reward: 1.0000
- placement_reward: 0.0000
- timeliness_reward: 55.2607
- machine_idle_penalty: -15.0000

CUMULATIVE TOTAL: 21.3657

CRITICAL STATE INFO:
- Valid actions: ['J1', 'J2', 'J3', 'J4', 'J5', 'J6', 'J7', 'J8', 'J9', 'J10', 'J11', 'J12', 'J13', 'J14', 'J15', 'J16', 'J17', 'J18', 'J19', 'J20', 'J21', 'J22', 'J23', 'J24', 'J25', 'J26', 'J27', 'J28', 'J29', 'J30']
- Machine states:
  - Machine M1: Time=279.00, Idle=0.00, Material=Mountainbike_Laufraeder_montiert
  - Machine M2: Time=244.00, Idle=35.00, Material=Mountainbike_Rahmen_lackiert
  - Machine M3: Time=131.00, Idle=148.00, Material=Mountainbike_Tretlager_gefraest
==================================================

2025-06-18 13:40:01,597 - JSPGymEnvironment - INFO - Material change on machine M3: Mountainbike_Tretlager_gefraest -> Mountainbike_Steuerrohr_montiert, setup time: 15
2025-06-18 13:40:01,597 - JSPGymEnvironment - INFO - Executed operation: Job J22, Op 4, Machine M3, Start: 294, End: 316, Setup: 15
2025-06-18 13:40:01,597 - JSPGymEnvironment - INFO - 
===== REWARD DETAILS FOR STEP 7 =====
Job: J22, Operation: 4, Job Completed: False
Current Time: 279.00 -> 316.00, Setup Time: 15.00
Processing Time: 22.00, Idle Time: 0.00
Completed Jobs: 0/30
Machine: M3, Material: Mountainbike_Steuerrohr_montiert

REWARD COMPONENTS:
- makespan_reward: -0.1850
- setup_reward: -3.7500
- deadline_reward: 0.0000
- priority_reward: 0.0000
- critical_job_reward: 0.0000
- placement_reward: 0.0000
- timeliness_reward: 9.2540
- machine_idle_penalty: -1.3625

TOTAL REWARD: 3.9565

CUMULATIVE REWARD COMPONENTS:
- makespan_reward: -1.5800
- setup_reward: -22.2500
- deadline_reward: 0.0000
- priority_reward: 0.0000
- critical_job_reward: 1.0000
- placement_reward: 0.0000
- timeliness_reward: 64.5147
- machine_idle_penalty: -16.3625

CUMULATIVE TOTAL: 25.3222

CRITICAL STATE INFO:
- Valid actions: ['J1', 'J2', 'J3', 'J4', 'J5', 'J6', 'J7', 'J8', 'J9', 'J10', 'J11', 'J12', 'J13', 'J14', 'J15', 'J16', 'J17', 'J18', 'J19', 'J20', 'J21', 'J22', 'J23', 'J24', 'J25', 'J26', 'J27', 'J28', 'J29', 'J30']
- Machine states:
  - Machine M1: Time=279.00, Idle=37.00, Material=Mountainbike_Laufraeder_montiert
  - Machine M2: Time=244.00, Idle=72.00, Material=Mountainbike_Rahmen_lackiert
  - Machine M3: Time=316.00, Idle=0.00, Material=Mountainbike_Steuerrohr_montiert
==================================================

2025-06-18 13:40:01,681 - JSPGymEnvironment - INFO - Material change on machine M3: Mountainbike_Steuerrohr_montiert -> Racebike_Fahrrad_endmontiert, setup time: 20
2025-06-18 13:40:01,681 - JSPGymEnvironment - INFO - Executed operation: Job J1, Op 0, Machine M3, Start: 336, End: 368, Setup: 20
2025-06-18 13:40:01,681 - JSPGymEnvironment - INFO - 
===== REWARD DETAILS FOR STEP 8 =====
Job: J1, Operation: 0, Job Completed: False
Current Time: 316.00 -> 368.00, Setup Time: 20.00
Processing Time: 32.00, Idle Time: 0.00
Completed Jobs: 0/30
Machine: M3, Material: Racebike_Fahrrad_endmontiert

REWARD COMPONENTS:
- makespan_reward: -0.2600
- setup_reward: -5.0000
- deadline_reward: 0.0000
- priority_reward: 0.0000
- critical_job_reward: 0.5000
- placement_reward: 0.0000
- timeliness_reward: 9.2709
- machine_idle_penalty: -2.6625

TOTAL REWARD: 1.8484

CUMULATIVE REWARD COMPONENTS:
- makespan_reward: -1.8400
- setup_reward: -27.2500
- deadline_reward: 0.0000
- priority_reward: 0.0000
- critical_job_reward: 1.5000
- placement_reward: 0.0000
- timeliness_reward: 73.7857
- machine_idle_penalty: -19.0250

CUMULATIVE TOTAL: 27.1707

CRITICAL STATE INFO:
- Valid actions: ['J1', 'J2', 'J3', 'J4', 'J5', 'J6', 'J7', 'J8', 'J9', 'J10', 'J11', 'J12', 'J13', 'J14', 'J15', 'J16', 'J17', 'J18', 'J19', 'J20', 'J21', 'J22', 'J23', 'J24', 'J25', 'J26', 'J27', 'J28', 'J29', 'J30']
- Machine states:
  - Machine M1: Time=279.00, Idle=89.00, Material=Mountainbike_Laufraeder_montiert
  - Machine M2: Time=244.00, Idle=124.00, Material=Mountainbike_Rahmen_lackiert
  - Machine M3: Time=368.00, Idle=0.00, Material=Racebike_Fahrrad_endmontiert
==================================================

2025-06-18 13:40:01,765 - JSPGymEnvironment - INFO - Material change on machine M3: Racebike_Fahrrad_endmontiert -> Citybike_Hauptrahmen_zugeschnitten, setup time: 17
2025-06-18 13:40:01,765 - JSPGymEnvironment - INFO - Executed operation: Job J8, Op 0, Machine M3, Start: 385, End: 442, Setup: 17
2025-06-18 13:40:01,765 - JSPGymEnvironment - INFO - 
===== REWARD DETAILS FOR STEP 9 =====
Job: J8, Operation: 0, Job Completed: False
Current Time: 368.00 -> 442.00, Setup Time: 17.00
Processing Time: 57.00, Idle Time: 0.00
Completed Jobs: 0/30
Machine: M3, Material: Citybike_Hauptrahmen_zugeschnitten

REWARD COMPONENTS:
- makespan_reward: -0.3700
- setup_reward: -4.2500
- deadline_reward: 0.0000
- priority_reward: 0.0000
- critical_job_reward: 0.0000
- placement_reward: 0.0000
- timeliness_reward: 9.2894
- machine_idle_penalty: -4.5625

TOTAL REWARD: 0.1069

CUMULATIVE REWARD COMPONENTS:
- makespan_reward: -2.2100
- setup_reward: -31.5000
- deadline_reward: 0.0000
- priority_reward: 0.0000
- critical_job_reward: 1.5000
- placement_reward: 0.0000
- timeliness_reward: 83.0751
- machine_idle_penalty: -23.5875

CUMULATIVE TOTAL: 27.2776

CRITICAL STATE INFO:
- Valid actions: ['J1', 'J2', 'J3', 'J4', 'J5', 'J6', 'J7', 'J8', 'J9', 'J10', 'J11', 'J12', 'J13', 'J14', 'J15', 'J16', 'J17', 'J18', 'J19', 'J20', 'J21', 'J22', 'J23', 'J24', 'J25', 'J26', 'J27', 'J28', 'J29', 'J30']
- Machine states:
  - Machine M1: Time=279.00, Idle=163.00, Material=Mountainbike_Laufraeder_montiert
  - Machine M2: Time=244.00, Idle=198.00, Material=Mountainbike_Rahmen_lackiert
  - Machine M3: Time=442.00, Idle=0.00, Material=Citybike_Hauptrahmen_zugeschnitten
==================================================

2025-06-18 13:40:01,903 - JSPGymEnvironment - INFO - Material change on machine M1: Mountainbike_Laufraeder_montiert -> Citybike_Antrieb_installiert, setup time: 32
2025-06-18 13:40:01,903 - JSPGymEnvironment - INFO - Executed operation: Job J10, Op 0, Machine M1, Start: 474, End: 511, Setup: 32
2025-06-18 13:40:01,904 - JSPGymEnvironment - INFO - 
===== REWARD DETAILS FOR STEP 10 =====
Job: J10, Operation: 0, Job Completed: False
Current Time: 442.00 -> 511.00, Setup Time: 32.00
Processing Time: 37.00, Idle Time: 0.00
Completed Jobs: 0/30
Machine: M1, Material: Citybike_Antrieb_installiert

REWARD COMPONENTS:
- makespan_reward: -0.3450
- setup_reward: -8.0000
- deadline_reward: 0.0000
- priority_reward: 0.0000
- critical_job_reward: 0.0000
- placement_reward: 0.0000
- timeliness_reward: 9.2952
- machine_idle_penalty: -4.2500

TOTAL REWARD: -3.2998

CUMULATIVE REWARD COMPONENTS:
- makespan_reward: -2.5550
- setup_reward: -39.5000
- deadline_reward: 0.0000
- priority_reward: 0.0000
- critical_job_reward: 1.5000
- placement_reward: 0.0000
- timeliness_reward: 92.3703
- machine_idle_penalty: -27.8375

CUMULATIVE TOTAL: 23.9778

CRITICAL STATE INFO:
- Valid actions: ['J1', 'J2', 'J3', 'J4', 'J5', 'J6', 'J7', 'J8', 'J9', 'J10', 'J11', 'J12', 'J13', 'J14', 'J15', 'J16', 'J17', 'J18', 'J19', 'J20', 'J21', 'J22', 'J23', 'J24', 'J25', 'J26', 'J27', 'J28', 'J29', 'J30']
- Machine states:
  - Machine M1: Time=511.00, Idle=0.00, Material=Citybike_Antrieb_installiert
  - Machine M2: Time=244.00, Idle=267.00, Material=Mountainbike_Rahmen_lackiert
  - Machine M3: Time=442.00, Idle=69.00, Material=Citybike_Hauptrahmen_zugeschnitten
==================================================

2025-06-18 13:40:01,988 - JSPGymEnvironment - INFO - Material change on machine M2: Mountainbike_Rahmen_lackiert -> E-Bike_Rahmen_lackiert, setup time: 25
2025-06-18 13:40:01,988 - JSPGymEnvironment - INFO - Executed operation: Job J15, Op 0, Machine M2, Start: 536, End: 556, Setup: 25
2025-06-18 13:40:01,989 - JSPGymEnvironment - INFO - 
===== REWARD DETAILS FOR STEP 11 =====
Job: J15, Operation: 0, Job Completed: False
Current Time: 511.00 -> 556.00, Setup Time: 25.00
Processing Time: 20.00, Idle Time: 0.00
Completed Jobs: 0/30
Machine: M2, Material: E-Bike_Rahmen_lackiert

REWARD COMPONENTS:
- makespan_reward: -0.2250
- setup_reward: -6.2500
- deadline_reward: 0.0000
- priority_reward: 0.0000
- critical_job_reward: 0.5000
- placement_reward: 0.0000
- timeliness_reward: 9.3338
- machine_idle_penalty: -1.9875

TOTAL REWARD: 1.3713

CUMULATIVE REWARD COMPONENTS:
- makespan_reward: -2.7800
- setup_reward: -45.7500
- deadline_reward: 0.0000
- priority_reward: 0.0000
- critical_job_reward: 2.0000
- placement_reward: 0.0000
- timeliness_reward: 101.7041
- machine_idle_penalty: -29.8250

CUMULATIVE TOTAL: 25.3491

CRITICAL STATE INFO:
- Valid actions: ['J1', 'J2', 'J3', 'J4', 'J5', 'J6', 'J7', 'J8', 'J9', 'J10', 'J11', 'J12', 'J13', 'J14', 'J15', 'J16', 'J17', 'J18', 'J19', 'J20', 'J21', 'J22', 'J23', 'J24', 'J25', 'J26', 'J27', 'J28', 'J29', 'J30']
- Machine states:
  - Machine M1: Time=511.00, Idle=45.00, Material=Citybike_Antrieb_installiert
  - Machine M2: Time=556.00, Idle=0.00, Material=E-Bike_Rahmen_lackiert
  - Machine M3: Time=442.00, Idle=114.00, Material=Citybike_Hauptrahmen_zugeschnitten
==================================================

2025-06-18 13:40:02,074 - JSPGymEnvironment - INFO - Material change on machine M2: E-Bike_Rahmen_lackiert -> Racebike_Rahmen_komplettiert, setup time: 29
2025-06-18 13:40:02,074 - JSPGymEnvironment - INFO - Executed operation: Job J17, Op 0, Machine M2, Start: 585, End: 608, Setup: 29
2025-06-18 13:40:02,074 - JSPGymEnvironment - INFO - 
===== REWARD DETAILS FOR STEP 12 =====
Job: J17, Operation: 0, Job Completed: False
Current Time: 556.00 -> 608.00, Setup Time: 29.00
Processing Time: 23.00, Idle Time: 0.00
Completed Jobs: 0/30
Machine: M2, Material: Racebike_Rahmen_komplettiert

REWARD COMPONENTS:
- makespan_reward: -0.2600
- setup_reward: -7.2500
- deadline_reward: 0.0000
- priority_reward: 0.0000
- critical_job_reward: 0.5000
- placement_reward: 0.0000
- timeliness_reward: 9.3087
- machine_idle_penalty: -3.2875

TOTAL REWARD: -0.9888

CUMULATIVE REWARD COMPONENTS:
- makespan_reward: -3.0400
- setup_reward: -53.0000
- deadline_reward: 0.0000
- priority_reward: 0.0000
- critical_job_reward: 2.5000
- placement_reward: 0.0000
- timeliness_reward: 111.0127
- machine_idle_penalty: -33.1125

CUMULATIVE TOTAL: 24.3602

CRITICAL STATE INFO:
- Valid actions: ['J1', 'J2', 'J3', 'J4', 'J5', 'J6', 'J7', 'J8', 'J9', 'J10', 'J11', 'J12', 'J13', 'J14', 'J15', 'J16', 'J17', 'J18', 'J19', 'J20', 'J21', 'J22', 'J23', 'J24', 'J25', 'J26', 'J27', 'J28', 'J29', 'J30']
- Machine states:
  - Machine M1: Time=511.00, Idle=97.00, Material=Citybike_Antrieb_installiert
  - Machine M2: Time=608.00, Idle=0.00, Material=Racebike_Rahmen_komplettiert
  - Machine M3: Time=442.00, Idle=166.00, Material=Citybike_Hauptrahmen_zugeschnitten
==================================================

2025-06-18 13:40:02,159 - JSPGymEnvironment - INFO - Material change on machine M3: Citybike_Hauptrahmen_zugeschnitten -> Mountainbike_Rahmen_komplettiert, setup time: 15
2025-06-18 13:40:02,159 - JSPGymEnvironment - INFO - Executed operation: Job J22, Op 5, Machine M3, Start: 623, End: 650, Setup: 15
2025-06-18 13:40:02,159 - JSPGymEnvironment - INFO - Job J22 completed at time 650, deadline: 2879, met: True, priority: 2
2025-06-18 13:40:02,159 - JSPGymEnvironment - INFO - 
===== REWARD DETAILS FOR STEP 13 =====
Job: J22, Operation: 5, Job Completed: True
Current Time: 608.00 -> 650.00, Setup Time: 15.00
Processing Time: 27.00, Idle Time: 0.00
Completed Jobs: 1/30
Machine: M3, Material: Mountainbike_Rahmen_komplettiert
Job Deadline: 2879.00 (Met), Priority: 2

REWARD COMPONENTS:
- makespan_reward: -0.2100
- setup_reward: -3.7500
- deadline_reward: 20.0000
- priority_reward: 8.0000
- critical_job_reward: 0.0000
- placement_reward: 0.0000
- timeliness_reward: 9.3128
- machine_idle_penalty: -2.2625

TOTAL REWARD: 31.0903

CUMULATIVE REWARD COMPONENTS:
- makespan_reward: -3.2500
- setup_reward: -56.7500
- deadline_reward: 20.0000
- priority_reward: 8.0000
- critical_job_reward: 2.5000
- placement_reward: 0.0000
- timeliness_reward: 120.3255
- machine_idle_penalty: -35.3750

CUMULATIVE TOTAL: 55.4505

CRITICAL STATE INFO:
- Valid actions: ['J1', 'J2', 'J3', 'J4', 'J5', 'J6', 'J7', 'J8', 'J9', 'J10', 'J11', 'J12', 'J13', 'J14', 'J15', 'J16', 'J17', 'J18', 'J19', 'J20', 'J21', 'J23', 'J24', 'J25', 'J26', 'J27', 'J28', 'J29', 'J30']
- Machine states:
  - Machine M1: Time=511.00, Idle=139.00, Material=Citybike_Antrieb_installiert
  - Machine M2: Time=608.00, Idle=42.00, Material=Racebike_Rahmen_komplettiert
  - Machine M3: Time=650.00, Idle=0.00, Material=Mountainbike_Rahmen_komplettiert
==================================================

2025-06-18 13:40:02,159 - JSPGymEnvironment - INFO - Retro-Bonus für Job J22: +10.0
2025-06-18 13:40:02,298 - JSPGymEnvironment - INFO - Material change on machine M2: Racebike_Rahmen_komplettiert -> E-Bike_Schaltauge_bearbeitet, setup time: 29
2025-06-18 13:40:02,298 - JSPGymEnvironment - INFO - Executed operation: Job J29, Op 1, Machine M2, Start: 679, End: 696, Setup: 29
2025-06-18 13:40:02,299 - JSPGymEnvironment - INFO - 
===== REWARD DETAILS FOR STEP 14 =====
Job: J29, Operation: 1, Job Completed: False
Current Time: 650.00 -> 696.00, Setup Time: 29.00
Processing Time: 17.00, Idle Time: 0.00
Completed Jobs: 1/30
Machine: M2, Material: E-Bike_Schaltauge_bearbeitet

REWARD COMPONENTS:
- makespan_reward: -0.2300
- setup_reward: -7.2500
- deadline_reward: 0.0000
- priority_reward: 0.0000
- critical_job_reward: 0.5000
- placement_reward: 0.0000
- timeliness_reward: 9.3157
- machine_idle_penalty: -2.8875

TOTAL REWARD: -0.5518

CUMULATIVE REWARD COMPONENTS:
- makespan_reward: -3.4800
- setup_reward: -64.0000
- deadline_reward: 20.0000
- priority_reward: 8.0000
- critical_job_reward: 3.0000
- placement_reward: 0.0000
- timeliness_reward: 129.6412
- machine_idle_penalty: -38.2625

CUMULATIVE TOTAL: 54.8987

CRITICAL STATE INFO:
- Valid actions: ['J1', 'J2', 'J3', 'J4', 'J5', 'J6', 'J7', 'J8', 'J9', 'J10', 'J11', 'J12', 'J13', 'J14', 'J15', 'J16', 'J17', 'J18', 'J19', 'J20', 'J21', 'J23', 'J24', 'J25', 'J26', 'J27', 'J28', 'J29', 'J30']
- Machine states:
  - Machine M1: Time=511.00, Idle=185.00, Material=Citybike_Antrieb_installiert
  - Machine M2: Time=696.00, Idle=0.00, Material=E-Bike_Schaltauge_bearbeitet
  - Machine M3: Time=650.00, Idle=46.00, Material=Mountainbike_Rahmen_komplettiert
==================================================

2025-06-18 13:40:02,383 - JSPGymEnvironment - INFO - Material change on machine M3: Mountainbike_Rahmen_komplettiert -> E-Bike_Antrieb_installiert, setup time: 22
2025-06-18 13:40:02,383 - JSPGymEnvironment - INFO - Executed operation: Job J29, Op 2, Machine M3, Start: 718, End: 766, Setup: 22
2025-06-18 13:40:02,383 - JSPGymEnvironment - INFO - 
===== REWARD DETAILS FOR STEP 15 =====
Job: J29, Operation: 2, Job Completed: False
Current Time: 696.00 -> 766.00, Setup Time: 22.00
Processing Time: 48.00, Idle Time: 0.00
Completed Jobs: 1/30
Machine: M3, Material: E-Bike_Antrieb_installiert

REWARD COMPONENTS:
- makespan_reward: -0.3500
- setup_reward: -5.5000
- deadline_reward: 0.0000
- priority_reward: 0.0000
- critical_job_reward: 0.5000
- placement_reward: 0.0000
- timeliness_reward: 9.3170
- machine_idle_penalty: -4.0625

TOTAL REWARD: -0.0955

CUMULATIVE REWARD COMPONENTS:
- makespan_reward: -3.8300
- setup_reward: -69.5000
- deadline_reward: 20.0000
- priority_reward: 8.0000
- critical_job_reward: 3.5000
- placement_reward: 0.0000
- timeliness_reward: 138.9582
- machine_idle_penalty: -42.3250

CUMULATIVE TOTAL: 54.8032

CRITICAL STATE INFO:
- Valid actions: ['J1', 'J2', 'J3', 'J4', 'J5', 'J6', 'J7', 'J8', 'J9', 'J10', 'J11', 'J12', 'J13', 'J14', 'J15', 'J16', 'J17', 'J18', 'J19', 'J20', 'J21', 'J23', 'J24', 'J25', 'J26', 'J27', 'J28', 'J29', 'J30']
- Machine states:
  - Machine M1: Time=511.00, Idle=255.00, Material=Citybike_Antrieb_installiert
  - Machine M2: Time=696.00, Idle=70.00, Material=E-Bike_Schaltauge_bearbeitet
  - Machine M3: Time=766.00, Idle=0.00, Material=E-Bike_Antrieb_installiert
==================================================

2025-06-18 13:40:02,467 - JSPGymEnvironment - INFO - Material change on machine M2: E-Bike_Schaltauge_bearbeitet -> E-Bike_Laufraeder_montiert, setup time: 20
2025-06-18 13:40:02,467 - JSPGymEnvironment - INFO - Executed operation: Job J15, Op 1, Machine M2, Start: 786, End: 797, Setup: 20
2025-06-18 13:40:02,467 - JSPGymEnvironment - INFO - 
===== REWARD DETAILS FOR STEP 16 =====
Job: J15, Operation: 1, Job Completed: False
Current Time: 766.00 -> 797.00, Setup Time: 20.00
Processing Time: 11.00, Idle Time: 0.00
Completed Jobs: 1/30
Machine: M2, Material: E-Bike_Laufraeder_montiert

REWARD COMPONENTS:
- makespan_reward: -0.1550
- setup_reward: -5.0000
- deadline_reward: 0.0000
- priority_reward: 0.0000
- critical_job_reward: 0.5000
- placement_reward: 0.0000
- timeliness_reward: 9.3616
- machine_idle_penalty: -3.9625

TOTAL REWARD: 0.7441

CUMULATIVE REWARD COMPONENTS:
- makespan_reward: -3.9850
- setup_reward: -74.5000
- deadline_reward: 20.0000
- priority_reward: 8.0000
- critical_job_reward: 4.0000
- placement_reward: 0.0000
- timeliness_reward: 148.3197
- machine_idle_penalty: -46.2875

CUMULATIVE TOTAL: 55.5472

CRITICAL STATE INFO:
- Valid actions: ['J1', 'J2', 'J3', 'J4', 'J5', 'J6', 'J7', 'J8', 'J9', 'J10', 'J11', 'J12', 'J13', 'J14', 'J15', 'J16', 'J17', 'J18', 'J19', 'J20', 'J21', 'J23', 'J24', 'J25', 'J26', 'J27', 'J28', 'J29', 'J30']
- Machine states:
  - Machine M1: Time=511.00, Idle=286.00, Material=Citybike_Antrieb_installiert
  - Machine M2: Time=797.00, Idle=0.00, Material=E-Bike_Laufraeder_montiert
  - Machine M3: Time=766.00, Idle=31.00, Material=E-Bike_Antrieb_installiert
==================================================

2025-06-18 13:40:02,604 - JSPGymEnvironment - INFO - Material change on machine M1: Citybike_Antrieb_installiert -> E-Bike_Bremsen_justiert, setup time: 40
2025-06-18 13:40:02,604 - JSPGymEnvironment - INFO - Executed operation: Job J29, Op 3, Machine M1, Start: 837, End: 863, Setup: 40
2025-06-18 13:40:02,605 - JSPGymEnvironment - INFO - 
===== REWARD DETAILS FOR STEP 17 =====
Job: J29, Operation: 3, Job Completed: False
Current Time: 797.00 -> 863.00, Setup Time: 40.00
Processing Time: 26.00, Idle Time: 0.00
Completed Jobs: 1/30
Machine: M1, Material: E-Bike_Bremsen_justiert

REWARD COMPONENTS:
- makespan_reward: -0.3300
- setup_reward: -10.0000
- deadline_reward: 0.0000
- priority_reward: 0.0000
- critical_job_reward: 0.5000
- placement_reward: 0.0000
- timeliness_reward: 9.3115
- machine_idle_penalty: -2.0375

TOTAL REWARD: -2.5560

CUMULATIVE REWARD COMPONENTS:
- makespan_reward: -4.3150
- setup_reward: -84.5000
- deadline_reward: 20.0000
- priority_reward: 8.0000
- critical_job_reward: 4.5000
- placement_reward: 0.0000
- timeliness_reward: 157.6313
- machine_idle_penalty: -48.3250

CUMULATIVE TOTAL: 52.9913

CRITICAL STATE INFO:
- Valid actions: ['J1', 'J2', 'J3', 'J4', 'J5', 'J6', 'J7', 'J8', 'J9', 'J10', 'J11', 'J12', 'J13', 'J14', 'J15', 'J16', 'J17', 'J18', 'J19', 'J20', 'J21', 'J23', 'J24', 'J25', 'J26', 'J27', 'J28', 'J29', 'J30']
- Machine states:
  - Machine M1: Time=863.00, Idle=0.00, Material=E-Bike_Bremsen_justiert
  - Machine M2: Time=797.00, Idle=66.00, Material=E-Bike_Laufraeder_montiert
  - Machine M3: Time=766.00, Idle=97.00, Material=E-Bike_Antrieb_installiert
==================================================

2025-06-18 13:40:02,691 - JSPGymEnvironment - INFO - Executed operation: Job J29, Op 4, Machine M2, Start: 878, End: 895, Setup: 15
2025-06-18 13:40:02,691 - JSPGymEnvironment - INFO - Job J29 completed at time 895, deadline: 2880, met: True, priority: 10
2025-06-18 13:40:02,691 - JSPGymEnvironment - INFO - 
===== REWARD DETAILS FOR STEP 18 =====
Job: J29, Operation: 4, Job Completed: True
Current Time: 863.00 -> 895.00, Setup Time: 15.00
Processing Time: 17.00, Idle Time: 0.00
Completed Jobs: 2/30
Machine: M2, Material: E-Bike_Laufraeder_montiert
Job Deadline: 2880.00 (Met), Priority: 10

REWARD COMPONENTS:
- makespan_reward: -0.1600
- setup_reward: -3.7500
- deadline_reward: 20.0000
- priority_reward: 40.0000
- critical_job_reward: 20.7708
- placement_reward: 0.0000
- timeliness_reward: 9.3065
- machine_idle_penalty: -2.0125

TOTAL REWARD: 84.1548

CUMULATIVE REWARD COMPONENTS:
- makespan_reward: -4.4750
- setup_reward: -88.2500
- deadline_reward: 40.0000
- priority_reward: 48.0000
- critical_job_reward: 25.2708
- placement_reward: 0.0000
- timeliness_reward: 166.9377
- machine_idle_penalty: -50.3375

CUMULATIVE TOTAL: 137.1460

CRITICAL STATE INFO:
- Valid actions: ['J1', 'J2', 'J3', 'J4', 'J5', 'J6', 'J7', 'J8', 'J9', 'J10', 'J11', 'J12', 'J13', 'J14', 'J15', 'J16', 'J17', 'J18', 'J19', 'J20', 'J21', 'J23', 'J24', 'J25', 'J26', 'J27', 'J28', 'J30']
- Machine states:
  - Machine M1: Time=863.00, Idle=32.00, Material=E-Bike_Bremsen_justiert
  - Machine M2: Time=895.00, Idle=0.00, Material=E-Bike_Laufraeder_montiert
  - Machine M3: Time=766.00, Idle=129.00, Material=E-Bike_Antrieb_installiert
==================================================

2025-06-18 13:40:02,691 - JSPGymEnvironment - INFO - Retro-Bonus für Job J29: +15.0
2025-06-18 13:40:02,783 - JSPGymEnvironment - INFO - Material change on machine M1: E-Bike_Bremsen_justiert -> Citybike_Rahmen_komplettiert, setup time: 48
2025-06-18 13:40:02,784 - JSPGymEnvironment - INFO - Executed operation: Job J3, Op 0, Machine M1, Start: 943, End: 969, Setup: 48
2025-06-18 13:40:02,784 - JSPGymEnvironment - INFO - 
===== REWARD DETAILS FOR STEP 19 =====
Job: J3, Operation: 0, Job Completed: False
Current Time: 895.00 -> 969.00, Setup Time: 48.00
Processing Time: 26.00, Idle Time: 0.00
Completed Jobs: 2/30
Machine: M1, Material: Citybike_Rahmen_komplettiert

REWARD COMPONENTS:
- makespan_reward: -0.3700
- setup_reward: -12.0000
- deadline_reward: 0.0000
- priority_reward: 0.0000
- critical_job_reward: 0.0000
- placement_reward: 0.0000
- timeliness_reward: 9.2924
- machine_idle_penalty: -3.4625

TOTAL REWARD: -6.5401

CUMULATIVE REWARD COMPONENTS:
- makespan_reward: -4.8450
- setup_reward: -100.2500
- deadline_reward: 40.0000
- priority_reward: 48.0000
- critical_job_reward: 25.2708
- placement_reward: 0.0000
- timeliness_reward: 176.2301
- machine_idle_penalty: -53.8000

CUMULATIVE TOTAL: 130.6060

CRITICAL STATE INFO:
- Valid actions: ['J1', 'J2', 'J3', 'J4', 'J5', 'J6', 'J7', 'J8', 'J9', 'J10', 'J11', 'J12', 'J13', 'J14', 'J15', 'J16', 'J17', 'J18', 'J19', 'J20', 'J21', 'J23', 'J24', 'J25', 'J26', 'J27', 'J28', 'J30']
- Machine states:
  - Machine M1: Time=969.00, Idle=0.00, Material=Citybike_Rahmen_komplettiert
  - Machine M2: Time=895.00, Idle=74.00, Material=E-Bike_Laufraeder_montiert
  - Machine M3: Time=766.00, Idle=203.00, Material=E-Bike_Antrieb_installiert
==================================================

2025-06-18 13:40:02,874 - JSPGymEnvironment - INFO - Material change on machine M1: Citybike_Rahmen_komplettiert -> Citybike_Steuerrohr_montiert, setup time: 40
2025-06-18 13:40:02,874 - JSPGymEnvironment - INFO - Executed operation: Job J25, Op 0, Machine M1, Start: 1009, End: 1054, Setup: 40
2025-06-18 13:40:02,874 - JSPGymEnvironment - INFO - 
===== REWARD DETAILS FOR STEP 20 =====
Job: J25, Operation: 0, Job Completed: False
Current Time: 969.00 -> 1054.00, Setup Time: 40.00
Processing Time: 45.00, Idle Time: 0.00
Completed Jobs: 2/30
Machine: M1, Material: Citybike_Steuerrohr_montiert

REWARD COMPONENTS:
- makespan_reward: -0.4250
- setup_reward: -10.0000
- deadline_reward: 0.0000
- priority_reward: 0.0000
- critical_job_reward: 0.0000
- placement_reward: 0.0000
- timeliness_reward: 9.2671
- machine_idle_penalty: -5.5875

TOTAL REWARD: -6.7454

CUMULATIVE REWARD COMPONENTS:
- makespan_reward: -5.2700
- setup_reward: -110.2500
- deadline_reward: 40.0000
- priority_reward: 48.0000
- critical_job_reward: 25.2708
- placement_reward: 0.0000
- timeliness_reward: 185.4972
- machine_idle_penalty: -59.3875

CUMULATIVE TOTAL: 123.8606

CRITICAL STATE INFO:
- Valid actions: ['J1', 'J2', 'J3', 'J4', 'J5', 'J6', 'J7', 'J8', 'J9', 'J10', 'J11', 'J12', 'J13', 'J14', 'J15', 'J16', 'J17', 'J18', 'J19', 'J20', 'J21', 'J23', 'J24', 'J25', 'J26', 'J27', 'J28', 'J30']
- Machine states:
  - Machine M1: Time=1054.00, Idle=0.00, Material=Citybike_Steuerrohr_montiert
  - Machine M2: Time=895.00, Idle=159.00, Material=E-Bike_Laufraeder_montiert
  - Machine M3: Time=766.00, Idle=288.00, Material=E-Bike_Antrieb_installiert
==================================================

2025-06-18 13:40:03,018 - JSPGymEnvironment - INFO - Material change on machine M2: E-Bike_Laufraeder_montiert -> Racebike_Rahmen_lackiert, setup time: 29
2025-06-18 13:40:03,018 - JSPGymEnvironment - INFO - Executed operation: Job J26, Op 0, Machine M2, Start: 1083, End: 1101, Setup: 29
2025-06-18 13:40:03,019 - JSPGymEnvironment - INFO - 
===== REWARD DETAILS FOR STEP 21 =====
Job: J26, Operation: 0, Job Completed: False
Current Time: 1054.00 -> 1101.00, Setup Time: 29.00
Processing Time: 18.00, Idle Time: 0.00
Completed Jobs: 2/30
Machine: M2, Material: Racebike_Rahmen_lackiert

REWARD COMPONENTS:
- makespan_reward: -0.2350
- setup_reward: -7.2500
- deadline_reward: 0.0000
- priority_reward: 0.0000
- critical_job_reward: 0.5000
- placement_reward: 0.0000
- timeliness_reward: 9.2588
- machine_idle_penalty: -4.7750

TOTAL REWARD: -2.5012

CUMULATIVE REWARD COMPONENTS:
- makespan_reward: -5.5050
- setup_reward: -117.5000
- deadline_reward: 40.0000
- priority_reward: 48.0000
- critical_job_reward: 25.7708
- placement_reward: 0.0000
- timeliness_reward: 194.7560
- machine_idle_penalty: -64.1625

CUMULATIVE TOTAL: 121.3593

CRITICAL STATE INFO:
- Valid actions: ['J1', 'J2', 'J3', 'J4', 'J5', 'J6', 'J7', 'J8', 'J9', 'J10', 'J11', 'J12', 'J13', 'J14', 'J15', 'J16', 'J17', 'J18', 'J19', 'J20', 'J21', 'J23', 'J24', 'J25', 'J26', 'J27', 'J28', 'J30']
- Machine states:
  - Machine M1: Time=1054.00, Idle=47.00, Material=Citybike_Steuerrohr_montiert
  - Machine M2: Time=1101.00, Idle=0.00, Material=Racebike_Rahmen_lackiert
  - Machine M3: Time=766.00, Idle=335.00, Material=E-Bike_Antrieb_installiert
==================================================

2025-06-18 13:40:03,104 - JSPGymEnvironment - INFO - Material change on machine M3: E-Bike_Antrieb_installiert -> Racebike_Bremsen_justiert, setup time: 24
2025-06-18 13:40:03,105 - JSPGymEnvironment - INFO - Executed operation: Job J24, Op 0, Machine M3, Start: 1125, End: 1168, Setup: 24
2025-06-18 13:40:03,105 - JSPGymEnvironment - INFO - 
===== REWARD DETAILS FOR STEP 22 =====
Job: J24, Operation: 0, Job Completed: False
Current Time: 1101.00 -> 1168.00, Setup Time: 24.00
Processing Time: 43.00, Idle Time: 0.00
Completed Jobs: 2/30
Machine: M3, Material: Racebike_Bremsen_justiert

REWARD COMPONENTS:
- makespan_reward: -0.3350
- setup_reward: -6.0000
- deadline_reward: 0.0000
- priority_reward: 0.0000
- critical_job_reward: 0.5000
- placement_reward: 0.0000
- timeliness_reward: 9.2243
- machine_idle_penalty: -2.2625

TOTAL REWARD: 1.1268

CUMULATIVE REWARD COMPONENTS:
- makespan_reward: -5.8400
- setup_reward: -123.5000
- deadline_reward: 40.0000
- priority_reward: 48.0000
- critical_job_reward: 26.2708
- placement_reward: 0.0000
- timeliness_reward: 203.9803
- machine_idle_penalty: -66.4250

CUMULATIVE TOTAL: 122.4862

CRITICAL STATE INFO:
- Valid actions: ['J1', 'J2', 'J3', 'J4', 'J5', 'J6', 'J7', 'J8', 'J9', 'J10', 'J11', 'J12', 'J13', 'J14', 'J15', 'J16', 'J17', 'J18', 'J19', 'J20', 'J21', 'J23', 'J24', 'J25', 'J26', 'J27', 'J28', 'J30']
- Machine states:
  - Machine M1: Time=1054.00, Idle=114.00, Material=Citybike_Steuerrohr_montiert
  - Machine M2: Time=1101.00, Idle=67.00, Material=Racebike_Rahmen_lackiert
  - Machine M3: Time=1168.00, Idle=0.00, Material=Racebike_Bremsen_justiert
==================================================

2025-06-18 13:40:03,193 - JSPGymEnvironment - INFO - Material change on machine M3: Racebike_Bremsen_justiert -> Mountainbike_Steuerrohr_ausgerieben, setup time: 18
2025-06-18 13:40:03,193 - JSPGymEnvironment - INFO - Executed operation: Job J9, Op 0, Machine M3, Start: 1186, End: 1215, Setup: 18
2025-06-18 13:40:03,194 - JSPGymEnvironment - INFO - 
===== REWARD DETAILS FOR STEP 23 =====
Job: J9, Operation: 0, Job Completed: False
Current Time: 1168.00 -> 1215.00, Setup Time: 18.00
Processing Time: 29.00, Idle Time: 0.00
Completed Jobs: 2/30
Machine: M3, Material: Mountainbike_Steuerrohr_ausgerieben

REWARD COMPONENTS:
- makespan_reward: -0.2350
- setup_reward: -4.5000
- deadline_reward: 0.0000
- priority_reward: 0.0000
- critical_job_reward: 0.0000
- placement_reward: 0.0000
- timeliness_reward: 9.1862
- machine_idle_penalty: -3.4375

TOTAL REWARD: 1.0137

CUMULATIVE REWARD COMPONENTS:
- makespan_reward: -6.0750
- setup_reward: -128.0000
- deadline_reward: 40.0000
- priority_reward: 48.0000
- critical_job_reward: 26.2708
- placement_reward: 0.0000
- timeliness_reward: 213.1666
- machine_idle_penalty: -69.8625

CUMULATIVE TOTAL: 123.4999

CRITICAL STATE INFO:
- Valid actions: ['J1', 'J2', 'J3', 'J4', 'J5', 'J6', 'J7', 'J8', 'J9', 'J10', 'J11', 'J12', 'J13', 'J14', 'J15', 'J16', 'J17', 'J18', 'J19', 'J20', 'J21', 'J23', 'J24', 'J25', 'J26', 'J27', 'J28', 'J30']
- Machine states:
  - Machine M1: Time=1054.00, Idle=161.00, Material=Citybike_Steuerrohr_montiert
  - Machine M2: Time=1101.00, Idle=114.00, Material=Racebike_Rahmen_lackiert
  - Machine M3: Time=1215.00, Idle=0.00, Material=Mountainbike_Steuerrohr_ausgerieben
==================================================

2025-06-18 13:40:03,338 - JSPGymEnvironment - INFO - Material change on machine M3: Mountainbike_Steuerrohr_ausgerieben -> E-Bike_Rahmen_nachbearbeitet, setup time: 22
2025-06-18 13:40:03,338 - JSPGymEnvironment - INFO - Executed operation: Job J21, Op 0, Machine M3, Start: 1237, End: 1295, Setup: 22
2025-06-18 13:40:03,338 - JSPGymEnvironment - INFO - 
===== REWARD DETAILS FOR STEP 24 =====
Job: J21, Operation: 0, Job Completed: False
Current Time: 1215.00 -> 1295.00, Setup Time: 22.00
Processing Time: 58.00, Idle Time: 0.00
Completed Jobs: 2/30
Machine: M3, Material: E-Bike_Rahmen_nachbearbeitet

REWARD COMPONENTS:
- makespan_reward: -0.4000
- setup_reward: -5.5000
- deadline_reward: 0.0000
- priority_reward: 0.0000
- critical_job_reward: 0.5000
- placement_reward: 0.0000
- timeliness_reward: 9.1305
- machine_idle_penalty: -5.4375

TOTAL REWARD: -1.7070

CUMULATIVE REWARD COMPONENTS:
- makespan_reward: -6.4750
- setup_reward: -133.5000
- deadline_reward: 40.0000
- priority_reward: 48.0000
- critical_job_reward: 26.7708
- placement_reward: 0.0000
- timeliness_reward: 222.2970
- machine_idle_penalty: -75.3000

CUMULATIVE TOTAL: 121.7929

CRITICAL STATE INFO:
- Valid actions: ['J1', 'J2', 'J3', 'J4', 'J5', 'J6', 'J7', 'J8', 'J9', 'J10', 'J11', 'J12', 'J13', 'J14', 'J15', 'J16', 'J17', 'J18', 'J19', 'J20', 'J21', 'J23', 'J24', 'J25', 'J26', 'J27', 'J28', 'J30']
- Machine states:
  - Machine M1: Time=1054.00, Idle=241.00, Material=Citybike_Steuerrohr_montiert
  - Machine M2: Time=1101.00, Idle=194.00, Material=Racebike_Rahmen_lackiert
  - Machine M3: Time=1295.00, Idle=0.00, Material=E-Bike_Rahmen_nachbearbeitet
==================================================

2025-06-18 13:40:03,427 - JSPGymEnvironment - INFO - Material change on machine M2: Racebike_Rahmen_lackiert -> Mountainbike_Rahmen_lackiert, setup time: 18
2025-06-18 13:40:03,427 - JSPGymEnvironment - INFO - Executed operation: Job J30, Op 0, Machine M2, Start: 1313, End: 1325, Setup: 18
2025-06-18 13:40:03,427 - JSPGymEnvironment - INFO - 
===== REWARD DETAILS FOR STEP 25 =====
Job: J30, Operation: 0, Job Completed: False
Current Time: 1295.00 -> 1325.00, Setup Time: 18.00
Processing Time: 12.00, Idle Time: 0.00
Completed Jobs: 2/30
Machine: M2, Material: Mountainbike_Rahmen_lackiert

REWARD COMPONENTS:
- makespan_reward: -0.1500
- setup_reward: -4.5000
- deadline_reward: 0.0000
- priority_reward: 0.0000
- critical_job_reward: 0.0000
- placement_reward: 0.0000
- timeliness_reward: 9.0999
- machine_idle_penalty: -3.7625

TOTAL REWARD: 0.6874

CUMULATIVE REWARD COMPONENTS:
- makespan_reward: -6.6250
- setup_reward: -138.0000
- deadline_reward: 40.0000
- priority_reward: 48.0000
- critical_job_reward: 26.7708
- placement_reward: 0.0000
- timeliness_reward: 231.3969
- machine_idle_penalty: -79.0625

CUMULATIVE TOTAL: 122.4803

CRITICAL STATE INFO:
- Valid actions: ['J1', 'J2', 'J3', 'J4', 'J5', 'J6', 'J7', 'J8', 'J9', 'J10', 'J11', 'J12', 'J13', 'J14', 'J15', 'J16', 'J17', 'J18', 'J19', 'J20', 'J21', 'J23', 'J24', 'J25', 'J26', 'J27', 'J28', 'J30']
- Machine states:
  - Machine M1: Time=1054.00, Idle=271.00, Material=Citybike_Steuerrohr_montiert
  - Machine M2: Time=1325.00, Idle=0.00, Material=Mountainbike_Rahmen_lackiert
  - Machine M3: Time=1295.00, Idle=30.00, Material=E-Bike_Rahmen_nachbearbeitet
==================================================

2025-06-18 13:40:03,517 - JSPGymEnvironment - INFO - Material change on machine M2: Mountainbike_Rahmen_lackiert -> Citybike_Laufraeder_montiert, setup time: 22
2025-06-18 13:40:03,518 - JSPGymEnvironment - INFO - Executed operation: Job J25, Op 1, Machine M2, Start: 1347, End: 1359, Setup: 22
2025-06-18 13:40:03,519 - JSPGymEnvironment - INFO - 
===== REWARD DETAILS FOR STEP 26 =====
Job: J25, Operation: 1, Job Completed: False
Current Time: 1325.00 -> 1359.00, Setup Time: 22.00
Processing Time: 12.00, Idle Time: 0.00
Completed Jobs: 2/30
Machine: M2, Material: Citybike_Laufraeder_montiert

REWARD COMPONENTS:
- makespan_reward: -0.1700
- setup_reward: -5.5000
- deadline_reward: 0.0000
- priority_reward: 0.0000
- critical_job_reward: 0.0000
- placement_reward: 0.0000
- timeliness_reward: 9.0671
- machine_idle_penalty: -4.6125

TOTAL REWARD: -1.2154

CUMULATIVE REWARD COMPONENTS:
- makespan_reward: -6.7950
- setup_reward: -143.5000
- deadline_reward: 40.0000
- priority_reward: 48.0000
- critical_job_reward: 26.7708
- placement_reward: 0.0000
- timeliness_reward: 240.4641
- machine_idle_penalty: -83.6750

CUMULATIVE TOTAL: 121.2649

CRITICAL STATE INFO:
- Valid actions: ['J1', 'J2', 'J3', 'J4', 'J5', 'J6', 'J7', 'J8', 'J9', 'J10', 'J11', 'J12', 'J13', 'J14', 'J15', 'J16', 'J17', 'J18', 'J19', 'J20', 'J21', 'J23', 'J24', 'J25', 'J26', 'J27', 'J28', 'J30']
- Machine states:
  - Machine M1: Time=1054.00, Idle=305.00, Material=Citybike_Steuerrohr_montiert
  - Machine M2: Time=1359.00, Idle=0.00, Material=Citybike_Laufraeder_montiert
  - Machine M3: Time=1295.00, Idle=64.00, Material=E-Bike_Rahmen_nachbearbeitet
==================================================

2025-06-18 13:40:03,605 - JSPGymEnvironment - INFO - Material change on machine M3: E-Bike_Rahmen_nachbearbeitet -> Citybike_Bremsaufnahme_gebohrt, setup time: 16
2025-06-18 13:40:03,605 - JSPGymEnvironment - INFO - Executed operation: Job J10, Op 1, Machine M3, Start: 1375, End: 1417, Setup: 16
2025-06-18 13:40:03,606 - JSPGymEnvironment - INFO - 
===== REWARD DETAILS FOR STEP 27 =====
Job: J10, Operation: 1, Job Completed: False
Current Time: 1359.00 -> 1417.00, Setup Time: 16.00
Processing Time: 42.00, Idle Time: 0.00
Completed Jobs: 2/30
Machine: M3, Material: Citybike_Bremsaufnahme_gebohrt

REWARD COMPONENTS:
- makespan_reward: -0.2900
- setup_reward: -4.0000
- deadline_reward: 0.0000
- priority_reward: 0.0000
- critical_job_reward: 0.0000
- placement_reward: 0.0000
- timeliness_reward: 9.0038
- machine_idle_penalty: -5.2625

TOTAL REWARD: -0.5487

CUMULATIVE REWARD COMPONENTS:
- makespan_reward: -7.0850
- setup_reward: -147.5000
- deadline_reward: 40.0000
- priority_reward: 48.0000
- critical_job_reward: 26.7708
- placement_reward: 0.0000
- timeliness_reward: 249.4679
- machine_idle_penalty: -88.9375

CUMULATIVE TOTAL: 120.7162

CRITICAL STATE INFO:
- Valid actions: ['J1', 'J2', 'J3', 'J4', 'J5', 'J6', 'J7', 'J8', 'J9', 'J10', 'J11', 'J12', 'J13', 'J14', 'J15', 'J16', 'J17', 'J18', 'J19', 'J20', 'J21', 'J23', 'J24', 'J25', 'J26', 'J27', 'J28', 'J30']
- Machine states:
  - Machine M1: Time=1054.00, Idle=363.00, Material=Citybike_Steuerrohr_montiert
  - Machine M2: Time=1359.00, Idle=58.00, Material=Citybike_Laufraeder_montiert
  - Machine M3: Time=1417.00, Idle=0.00, Material=Citybike_Bremsaufnahme_gebohrt
==================================================

2025-06-18 13:40:03,745 - JSPGymEnvironment - INFO - Material change on machine M2: Citybike_Laufraeder_montiert -> Mountainbike_Laufraeder_montiert, setup time: 20
2025-06-18 13:40:03,745 - JSPGymEnvironment - INFO - Executed operation: Job J9, Op 1, Machine M2, Start: 1437, End: 1455, Setup: 20
2025-06-18 13:40:03,746 - JSPGymEnvironment - INFO - 
===== REWARD DETAILS FOR STEP 28 =====
Job: J9, Operation: 1, Job Completed: False
Current Time: 1417.00 -> 1455.00, Setup Time: 20.00
Processing Time: 18.00, Idle Time: 0.00
Completed Jobs: 2/30
Machine: M2, Material: Mountainbike_Laufraeder_montiert

REWARD COMPONENTS:
- makespan_reward: -0.1900
- setup_reward: -5.0000
- deadline_reward: 0.0000
- priority_reward: 0.0000
- critical_job_reward: 0.0000
- placement_reward: 0.0000
- timeliness_reward: 8.9568
- machine_idle_penalty: -5.4875

TOTAL REWARD: -1.7207

CUMULATIVE REWARD COMPONENTS:
- makespan_reward: -7.2750
- setup_reward: -152.5000
- deadline_reward: 40.0000
- priority_reward: 48.0000
- critical_job_reward: 26.7708
- placement_reward: 0.0000
- timeliness_reward: 258.4247
- machine_idle_penalty: -94.4250

CUMULATIVE TOTAL: 118.9955

CRITICAL STATE INFO:
- Valid actions: ['J1', 'J2', 'J3', 'J4', 'J5', 'J6', 'J7', 'J8', 'J9', 'J10', 'J11', 'J12', 'J13', 'J14', 'J15', 'J16', 'J17', 'J18', 'J19', 'J20', 'J21', 'J23', 'J24', 'J25', 'J26', 'J27', 'J28', 'J30']
- Machine states:
  - Machine M1: Time=1054.00, Idle=401.00, Material=Citybike_Steuerrohr_montiert
  - Machine M2: Time=1455.00, Idle=0.00, Material=Mountainbike_Laufraeder_montiert
  - Machine M3: Time=1417.00, Idle=38.00, Material=Citybike_Bremsaufnahme_gebohrt
==================================================

2025-06-18 13:40:03,832 - JSPGymEnvironment - INFO - Material change on machine M3: Citybike_Bremsaufnahme_gebohrt -> E-Bike_Fahrrad_endmontiert, setup time: 20
2025-06-18 13:40:03,833 - JSPGymEnvironment - INFO - Executed operation: Job J19, Op 1, Machine M3, Start: 1475, End: 1514, Setup: 20
2025-06-18 13:40:03,833 - JSPGymEnvironment - INFO - 
===== REWARD DETAILS FOR STEP 29 =====
Job: J19, Operation: 1, Job Completed: False
Current Time: 1455.00 -> 1514.00, Setup Time: 20.00
Processing Time: 39.00, Idle Time: 0.00
Completed Jobs: 2/30
Machine: M3, Material: E-Bike_Fahrrad_endmontiert

REWARD COMPONENTS:
- makespan_reward: -0.2950
- setup_reward: -5.0000
- deadline_reward: 0.0000
- priority_reward: 0.0000
- critical_job_reward: 0.5000
- placement_reward: 0.0000
- timeliness_reward: 8.8745
- machine_idle_penalty: -6.4875

TOTAL REWARD: -2.4080

CUMULATIVE REWARD COMPONENTS:
- makespan_reward: -7.5700
- setup_reward: -157.5000
- deadline_reward: 40.0000
- priority_reward: 48.0000
- critical_job_reward: 27.2708
- placement_reward: 0.0000
- timeliness_reward: 267.2992
- machine_idle_penalty: -100.9125

CUMULATIVE TOTAL: 116.5875

CRITICAL STATE INFO:
- Valid actions: ['J1', 'J2', 'J3', 'J4', 'J5', 'J6', 'J7', 'J8', 'J9', 'J10', 'J11', 'J12', 'J13', 'J14', 'J15', 'J16', 'J17', 'J18', 'J19', 'J20', 'J21', 'J23', 'J24', 'J25', 'J26', 'J27', 'J28', 'J30']
- Machine states:
  - Machine M1: Time=1054.00, Idle=460.00, Material=Citybike_Steuerrohr_montiert
  - Machine M2: Time=1455.00, Idle=59.00, Material=Mountainbike_Laufraeder_montiert
  - Machine M3: Time=1514.00, Idle=0.00, Material=E-Bike_Fahrrad_endmontiert
==================================================

2025-06-18 13:40:03,920 - JSPGymEnvironment - INFO - Material change on machine M3: E-Bike_Fahrrad_endmontiert -> E-Bike_Laufraeder_montiert, setup time: 15
2025-06-18 13:40:03,920 - JSPGymEnvironment - INFO - Executed operation: Job J21, Op 1, Machine M3, Start: 1529, End: 1577, Setup: 15
2025-06-18 13:40:03,920 - JSPGymEnvironment - INFO - 
===== REWARD DETAILS FOR STEP 30 =====
Job: J21, Operation: 1, Job Completed: False
Current Time: 1514.00 -> 1577.00, Setup Time: 15.00
Processing Time: 48.00, Idle Time: 0.00
Completed Jobs: 2/30
Machine: M3, Material: E-Bike_Laufraeder_montiert

REWARD COMPONENTS:
- makespan_reward: -0.3150
- setup_reward: -3.7500
- deadline_reward: 0.0000
- priority_reward: 0.0000
- critical_job_reward: 0.5000
- placement_reward: 0.0000
- timeliness_reward: 8.7780
- machine_idle_penalty: -8.0625

TOTAL REWARD: -2.8495

CUMULATIVE REWARD COMPONENTS:
- makespan_reward: -7.8850
- setup_reward: -161.2500
- deadline_reward: 40.0000
- priority_reward: 48.0000
- critical_job_reward: 27.7708
- placement_reward: 0.0000
- timeliness_reward: 276.0772
- machine_idle_penalty: -108.9750

CUMULATIVE TOTAL: 113.7380

CRITICAL STATE INFO:
- Valid actions: ['J1', 'J2', 'J3', 'J4', 'J5', 'J6', 'J7', 'J8', 'J9', 'J10', 'J11', 'J12', 'J13', 'J14', 'J15', 'J16', 'J17', 'J18', 'J19', 'J20', 'J21', 'J23', 'J24', 'J25', 'J26', 'J27', 'J28', 'J30']
- Machine states:
  - Machine M1: Time=1054.00, Idle=523.00, Material=Citybike_Steuerrohr_montiert
  - Machine M2: Time=1455.00, Idle=122.00, Material=Mountainbike_Laufraeder_montiert
  - Machine M3: Time=1577.00, Idle=0.00, Material=E-Bike_Laufraeder_montiert
==================================================

2025-06-18 13:40:04,062 - JSPGymEnvironment - INFO - Material change on machine M1: Citybike_Steuerrohr_montiert -> Racebike_Antrieb_installiert, setup time: 44
2025-06-18 13:40:04,062 - JSPGymEnvironment - INFO - Executed operation: Job J1, Op 1, Machine M1, Start: 1621, End: 1664, Setup: 44
2025-06-18 13:40:04,062 - JSPGymEnvironment - INFO - 
===== REWARD DETAILS FOR STEP 31 =====
Job: J1, Operation: 1, Job Completed: False
Current Time: 1577.00 -> 1664.00, Setup Time: 44.00
Processing Time: 43.00, Idle Time: 0.00
Completed Jobs: 2/30
Machine: M1, Material: Racebike_Antrieb_installiert

REWARD COMPONENTS:
- makespan_reward: -0.4350
- setup_reward: -11.0000
- deadline_reward: 0.0000
- priority_reward: 0.0000
- critical_job_reward: 0.5000
- placement_reward: 0.0000
- timeliness_reward: 8.6271
- machine_idle_penalty: -3.7000

TOTAL REWARD: -6.0079

CUMULATIVE REWARD COMPONENTS:
- makespan_reward: -8.3200
- setup_reward: -172.2500
- deadline_reward: 40.0000
- priority_reward: 48.0000
- critical_job_reward: 28.2708
- placement_reward: 0.0000
- timeliness_reward: 284.7042
- machine_idle_penalty: -112.6750

CUMULATIVE TOTAL: 107.7301

CRITICAL STATE INFO:
- Valid actions: ['J1', 'J2', 'J3', 'J4', 'J5', 'J6', 'J7', 'J8', 'J9', 'J10', 'J11', 'J12', 'J13', 'J14', 'J15', 'J16', 'J17', 'J18', 'J19', 'J20', 'J21', 'J23', 'J24', 'J25', 'J26', 'J27', 'J28', 'J30']
- Machine states:
  - Machine M1: Time=1664.00, Idle=0.00, Material=Racebike_Antrieb_installiert
  - Machine M2: Time=1455.00, Idle=209.00, Material=Mountainbike_Laufraeder_montiert
  - Machine M3: Time=1577.00, Idle=87.00, Material=E-Bike_Laufraeder_montiert
==================================================

2025-06-18 13:40:04,146 - JSPGymEnvironment - INFO - Material change on machine M1: Racebike_Antrieb_installiert -> Citybike_Schaltauge_bearbeitet, setup time: 45
2025-06-18 13:40:04,147 - JSPGymEnvironment - INFO - Executed operation: Job J18, Op 0, Machine M1, Start: 1709, End: 1745, Setup: 45
2025-06-18 13:40:04,147 - JSPGymEnvironment - INFO - 
===== REWARD DETAILS FOR STEP 32 =====
Job: J18, Operation: 0, Job Completed: False
Current Time: 1664.00 -> 1745.00, Setup Time: 45.00
Processing Time: 36.00, Idle Time: 0.00
Completed Jobs: 2/30
Machine: M1, Material: Citybike_Schaltauge_bearbeitet

REWARD COMPONENTS:
- makespan_reward: -0.4050
- setup_reward: -11.2500
- deadline_reward: 0.0000
- priority_reward: 0.0000
- critical_job_reward: 0.0000
- placement_reward: 0.0000
- timeliness_reward: 8.4411
- machine_idle_penalty: -5.7250

TOTAL REWARD: -8.9389

CUMULATIVE REWARD COMPONENTS:
- makespan_reward: -8.7250
- setup_reward: -183.5000
- deadline_reward: 40.0000
- priority_reward: 48.0000
- critical_job_reward: 28.2708
- placement_reward: 0.0000
- timeliness_reward: 293.1453
- machine_idle_penalty: -118.4000

CUMULATIVE TOTAL: 98.7912

CRITICAL STATE INFO:
- Valid actions: ['J1', 'J2', 'J3', 'J4', 'J5', 'J6', 'J7', 'J8', 'J9', 'J10', 'J11', 'J12', 'J13', 'J14', 'J15', 'J16', 'J17', 'J18', 'J19', 'J20', 'J21', 'J23', 'J24', 'J25', 'J26', 'J27', 'J28', 'J30']
- Machine states:
  - Machine M1: Time=1745.00, Idle=0.00, Material=Citybike_Schaltauge_bearbeitet
  - Machine M2: Time=1455.00, Idle=290.00, Material=Mountainbike_Laufraeder_montiert
  - Machine M3: Time=1577.00, Idle=168.00, Material=E-Bike_Laufraeder_montiert
==================================================

2025-06-18 13:40:04,233 - JSPGymEnvironment - INFO - Material change on machine M1: Citybike_Schaltauge_bearbeitet -> Citybike_Antrieb_installiert, setup time: 40
2025-06-18 13:40:04,233 - JSPGymEnvironment - INFO - Executed operation: Job J5, Op 0, Machine M1, Start: 1785, End: 1807, Setup: 40
2025-06-18 13:40:04,233 - JSPGymEnvironment - INFO - 
===== REWARD DETAILS FOR STEP 33 =====
Job: J5, Operation: 0, Job Completed: False
Current Time: 1745.00 -> 1807.00, Setup Time: 40.00
Processing Time: 22.00, Idle Time: 0.00
Completed Jobs: 2/30
Machine: M1, Material: Citybike_Antrieb_installiert

REWARD COMPONENTS:
- makespan_reward: -0.3100
- setup_reward: -10.0000
- deadline_reward: 0.0000
- priority_reward: 0.0000
- critical_job_reward: 0.0000
- placement_reward: 0.0000
- timeliness_reward: 8.2721
- machine_idle_penalty: -7.2750

TOTAL REWARD: -9.3129

CUMULATIVE REWARD COMPONENTS:
- makespan_reward: -9.0350
- setup_reward: -193.5000
- deadline_reward: 40.0000
- priority_reward: 48.0000
- critical_job_reward: 28.2708
- placement_reward: 0.0000
- timeliness_reward: 301.4174
- machine_idle_penalty: -125.6750

CUMULATIVE TOTAL: 89.4783

CRITICAL STATE INFO:
- Valid actions: ['J1', 'J2', 'J3', 'J4', 'J5', 'J6', 'J7', 'J8', 'J9', 'J10', 'J11', 'J12', 'J13', 'J14', 'J15', 'J16', 'J17', 'J18', 'J19', 'J20', 'J21', 'J23', 'J24', 'J25', 'J26', 'J27', 'J28', 'J30']
- Machine states:
  - Machine M1: Time=1807.00, Idle=0.00, Material=Citybike_Antrieb_installiert
  - Machine M2: Time=1455.00, Idle=352.00, Material=Mountainbike_Laufraeder_montiert
  - Machine M3: Time=1577.00, Idle=230.00, Material=E-Bike_Laufraeder_montiert
==================================================

2025-06-18 13:40:04,319 - JSPGymEnvironment - INFO - Material change on machine M1: Citybike_Antrieb_installiert -> Racebike_Hinterbau_vorbereitet, setup time: 44
2025-06-18 13:40:04,319 - JSPGymEnvironment - INFO - Executed operation: Job J24, Op 1, Machine M1, Start: 1851, End: 1883, Setup: 44
2025-06-18 13:40:04,320 - JSPGymEnvironment - INFO - 
===== REWARD DETAILS FOR STEP 34 =====
Job: J24, Operation: 1, Job Completed: False
Current Time: 1807.00 -> 1883.00, Setup Time: 44.00
Processing Time: 32.00, Idle Time: 0.00
Completed Jobs: 2/30
Machine: M1, Material: Racebike_Hinterbau_vorbereitet

REWARD COMPONENTS:
- makespan_reward: -0.3800
- setup_reward: -11.0000
- deadline_reward: 0.0000
- priority_reward: 0.0000
- critical_job_reward: 0.5000
- placement_reward: 0.0000
- timeliness_reward: 8.0495
- machine_idle_penalty: -9.1750

TOTAL REWARD: -12.0055

CUMULATIVE REWARD COMPONENTS:
- makespan_reward: -9.4150
- setup_reward: -204.5000
- deadline_reward: 40.0000
- priority_reward: 48.0000
- critical_job_reward: 28.7708
- placement_reward: 0.0000
- timeliness_reward: 309.4670
- machine_idle_penalty: -134.8500

CUMULATIVE TOTAL: 77.4728

CRITICAL STATE INFO:
- Valid actions: ['J1', 'J2', 'J3', 'J4', 'J5', 'J6', 'J7', 'J8', 'J9', 'J10', 'J11', 'J12', 'J13', 'J14', 'J15', 'J16', 'J17', 'J18', 'J19', 'J20', 'J21', 'J23', 'J24', 'J25', 'J26', 'J27', 'J28', 'J30']
- Machine states:
  - Machine M1: Time=1883.00, Idle=0.00, Material=Racebike_Hinterbau_vorbereitet
  - Machine M2: Time=1455.00, Idle=428.00, Material=Mountainbike_Laufraeder_montiert
  - Machine M3: Time=1577.00, Idle=306.00, Material=E-Bike_Laufraeder_montiert
==================================================

2025-06-18 13:40:04,457 - JSPGymEnvironment - INFO - Material change on machine M1: Racebike_Hinterbau_vorbereitet -> Citybike_Steuerrohr_ausgerieben, setup time: 45
2025-06-18 13:40:04,457 - JSPGymEnvironment - INFO - Executed operation: Job J10, Op 2, Machine M1, Start: 1928, End: 1949, Setup: 45
2025-06-18 13:40:04,457 - JSPGymEnvironment - INFO - 
===== REWARD DETAILS FOR STEP 35 =====
Job: J10, Operation: 2, Job Completed: False
Current Time: 1883.00 -> 1949.00, Setup Time: 45.00
Processing Time: 21.00, Idle Time: 0.00
Completed Jobs: 2/30
Machine: M1, Material: Citybike_Steuerrohr_ausgerieben

REWARD COMPONENTS:
- makespan_reward: -0.3300
- setup_reward: -11.2500
- deadline_reward: 0.0000
- priority_reward: 0.0000
- critical_job_reward: 0.0000
- placement_reward: 0.0000
- timeliness_reward: 7.8122
- machine_idle_penalty: -10.8250

TOTAL REWARD: -14.5928

CUMULATIVE REWARD COMPONENTS:
- makespan_reward: -9.7450
- setup_reward: -215.7500
- deadline_reward: 40.0000
- priority_reward: 48.0000
- critical_job_reward: 28.7708
- placement_reward: 0.0000
- timeliness_reward: 317.2792
- machine_idle_penalty: -145.6750

CUMULATIVE TOTAL: 62.8800

CRITICAL STATE INFO:
- Valid actions: ['J1', 'J2', 'J3', 'J4', 'J5', 'J6', 'J7', 'J8', 'J9', 'J10', 'J11', 'J12', 'J13', 'J14', 'J15', 'J16', 'J17', 'J18', 'J19', 'J20', 'J21', 'J23', 'J24', 'J25', 'J26', 'J27', 'J28', 'J30']
- Machine states:
  - Machine M1: Time=1949.00, Idle=0.00, Material=Citybike_Steuerrohr_ausgerieben
  - Machine M2: Time=1455.00, Idle=494.00, Material=Mountainbike_Laufraeder_montiert
  - Machine M3: Time=1577.00, Idle=372.00, Material=E-Bike_Laufraeder_montiert
==================================================

2025-06-18 13:40:04,546 - JSPGymEnvironment - INFO - Material change on machine M1: Citybike_Steuerrohr_ausgerieben -> E-Bike_Hinterbau_vorbereitet, setup time: 40
2025-06-18 13:40:04,546 - JSPGymEnvironment - INFO - Executed operation: Job J27, Op 0, Machine M1, Start: 1989, End: 2009, Setup: 40
2025-06-18 13:40:04,546 - JSPGymEnvironment - INFO - 
===== REWARD DETAILS FOR STEP 36 =====
Job: J27, Operation: 0, Job Completed: False
Current Time: 1949.00 -> 2009.00, Setup Time: 40.00
Processing Time: 20.00, Idle Time: 0.00
Completed Jobs: 2/30
Machine: M1, Material: E-Bike_Hinterbau_vorbereitet

REWARD COMPONENTS:
- makespan_reward: -0.3000
- setup_reward: -10.0000
- deadline_reward: 0.0000
- priority_reward: 0.0000
- critical_job_reward: 0.5000
- placement_reward: 0.0000
- timeliness_reward: 7.6882
- machine_idle_penalty: -12.3250

TOTAL REWARD: -14.4368

CUMULATIVE REWARD COMPONENTS:
- makespan_reward: -10.0450
- setup_reward: -225.7500
- deadline_reward: 40.0000
- priority_reward: 48.0000
- critical_job_reward: 29.2708
- placement_reward: 0.0000
- timeliness_reward: 324.9673
- machine_idle_penalty: -158.0000

CUMULATIVE TOTAL: 48.4432

CRITICAL STATE INFO:
- Valid actions: ['J1', 'J2', 'J3', 'J4', 'J5', 'J6', 'J7', 'J8', 'J9', 'J10', 'J11', 'J12', 'J13', 'J14', 'J15', 'J16', 'J17', 'J18', 'J19', 'J20', 'J21', 'J23', 'J24', 'J25', 'J26', 'J27', 'J28', 'J30']
- Machine states:
  - Machine M1: Time=2009.00, Idle=0.00, Material=E-Bike_Hinterbau_vorbereitet
  - Machine M2: Time=1455.00, Idle=554.00, Material=Mountainbike_Laufraeder_montiert
  - Machine M3: Time=1577.00, Idle=432.00, Material=E-Bike_Laufraeder_montiert
==================================================

2025-06-18 13:40:04,633 - JSPGymEnvironment - INFO - Material change on machine M2: Mountainbike_Laufraeder_montiert -> Mountainbike_Antrieb_installiert, setup time: 20
2025-06-18 13:40:04,634 - JSPGymEnvironment - INFO - Executed operation: Job J9, Op 2, Machine M2, Start: 2029, End: 2051, Setup: 20
2025-06-18 13:40:04,634 - JSPGymEnvironment - INFO - 
===== REWARD DETAILS FOR STEP 37 =====
Job: J9, Operation: 2, Job Completed: False
Current Time: 2009.00 -> 2051.00, Setup Time: 20.00
Processing Time: 22.00, Idle Time: 0.00
Completed Jobs: 2/30
Machine: M2, Material: Mountainbike_Antrieb_installiert

REWARD COMPONENTS:
- makespan_reward: -0.2100
- setup_reward: -5.0000
- deadline_reward: 0.0000
- priority_reward: 0.0000
- critical_job_reward: 0.0000
- placement_reward: 0.0000
- timeliness_reward: 7.4197
- machine_idle_penalty: -6.4500

TOTAL REWARD: -4.2403

CUMULATIVE REWARD COMPONENTS:
- makespan_reward: -10.2550
- setup_reward: -230.7500
- deadline_reward: 40.0000
- priority_reward: 48.0000
- critical_job_reward: 29.2708
- placement_reward: 0.0000
- timeliness_reward: 332.3871
- machine_idle_penalty: -164.4500

CUMULATIVE TOTAL: 44.2029

CRITICAL STATE INFO:
- Valid actions: ['J1', 'J2', 'J3', 'J4', 'J5', 'J6', 'J7', 'J8', 'J9', 'J10', 'J11', 'J12', 'J13', 'J14', 'J15', 'J16', 'J17', 'J18', 'J19', 'J20', 'J21', 'J23', 'J24', 'J25', 'J26', 'J27', 'J28', 'J30']
- Machine states:
  - Machine M1: Time=2009.00, Idle=42.00, Material=E-Bike_Hinterbau_vorbereitet
  - Machine M2: Time=2051.00, Idle=0.00, Material=Mountainbike_Antrieb_installiert
  - Machine M3: Time=1577.00, Idle=474.00, Material=E-Bike_Laufraeder_montiert
==================================================

2025-06-18 13:40:04,774 - JSPGymEnvironment - INFO - Material change on machine M2: Mountainbike_Antrieb_installiert -> E-Bike_Antrieb_installiert, setup time: 25
2025-06-18 13:40:04,774 - JSPGymEnvironment - INFO - Executed operation: Job J27, Op 1, Machine M2, Start: 2076, End: 2089, Setup: 25
2025-06-18 13:40:04,775 - JSPGymEnvironment - INFO - 
===== REWARD DETAILS FOR STEP 38 =====
Job: J27, Operation: 1, Job Completed: False
Current Time: 2051.00 -> 2089.00, Setup Time: 25.00
Processing Time: 13.00, Idle Time: 0.00
Completed Jobs: 2/30
Machine: M2, Material: E-Bike_Antrieb_installiert

REWARD COMPONENTS:
- makespan_reward: -0.1900
- setup_reward: -6.2500
- deadline_reward: 0.0000
- priority_reward: 0.0000
- critical_job_reward: 0.5000
- placement_reward: 0.0000
- timeliness_reward: 7.3615
- machine_idle_penalty: -7.4000

TOTAL REWARD: -5.9785

CUMULATIVE REWARD COMPONENTS:
- makespan_reward: -10.4450
- setup_reward: -237.0000
- deadline_reward: 40.0000
- priority_reward: 48.0000
- critical_job_reward: 29.7708
- placement_reward: 0.0000
- timeliness_reward: 339.7485
- machine_idle_penalty: -171.8500

CUMULATIVE TOTAL: 38.2244

CRITICAL STATE INFO:
- Valid actions: ['J1', 'J2', 'J3', 'J4', 'J5', 'J6', 'J7', 'J8', 'J9', 'J10', 'J11', 'J12', 'J13', 'J14', 'J15', 'J16', 'J17', 'J18', 'J19', 'J20', 'J21', 'J23', 'J24', 'J25', 'J26', 'J27', 'J28', 'J30']
- Machine states:
  - Machine M1: Time=2009.00, Idle=80.00, Material=E-Bike_Hinterbau_vorbereitet
  - Machine M2: Time=2089.00, Idle=0.00, Material=E-Bike_Antrieb_installiert
  - Machine M3: Time=1577.00, Idle=512.00, Material=E-Bike_Laufraeder_montiert
==================================================

2025-06-18 13:40:04,861 - JSPGymEnvironment - INFO - Material change on machine M2: E-Bike_Antrieb_installiert -> Racebike_Bremsaufnahme_gebohrt, setup time: 29
2025-06-18 13:40:04,861 - JSPGymEnvironment - INFO - Executed operation: Job J1, Op 2, Machine M2, Start: 2118, End: 2136, Setup: 29
2025-06-18 13:40:04,861 - JSPGymEnvironment - INFO - 
===== REWARD DETAILS FOR STEP 39 =====
Job: J1, Operation: 2, Job Completed: False
Current Time: 2089.00 -> 2136.00, Setup Time: 29.00
Processing Time: 18.00, Idle Time: 0.00
Completed Jobs: 2/30
Machine: M2, Material: Racebike_Bremsaufnahme_gebohrt

REWARD COMPONENTS:
- makespan_reward: -0.2350
- setup_reward: -7.2500
- deadline_reward: 0.0000
- priority_reward: 0.0000
- critical_job_reward: 0.5000
- placement_reward: 0.0000
- timeliness_reward: 7.0722
- machine_idle_penalty: -8.5750

TOTAL REWARD: -8.4878

CUMULATIVE REWARD COMPONENTS:
- makespan_reward: -10.6800
- setup_reward: -244.2500
- deadline_reward: 40.0000
- priority_reward: 48.0000
- critical_job_reward: 30.2708
- placement_reward: 0.0000
- timeliness_reward: 346.8207
- machine_idle_penalty: -180.4250

CUMULATIVE TOTAL: 29.7366

CRITICAL STATE INFO:
- Valid actions: ['J1', 'J2', 'J3', 'J4', 'J5', 'J6', 'J7', 'J8', 'J9', 'J10', 'J11', 'J12', 'J13', 'J14', 'J15', 'J16', 'J17', 'J18', 'J19', 'J20', 'J21', 'J23', 'J24', 'J25', 'J26', 'J27', 'J28', 'J30']
- Machine states:
  - Machine M1: Time=2009.00, Idle=127.00, Material=E-Bike_Hinterbau_vorbereitet
  - Machine M2: Time=2136.00, Idle=0.00, Material=Racebike_Bremsaufnahme_gebohrt
  - Machine M3: Time=1577.00, Idle=559.00, Material=E-Bike_Laufraeder_montiert
==================================================

2025-06-18 13:40:04,951 - JSPGymEnvironment - INFO - Material change on machine M2: Racebike_Bremsaufnahme_gebohrt -> E-Bike_Hauptrahmen_zugeschnitten, setup time: 29
2025-06-18 13:40:04,951 - JSPGymEnvironment - INFO - Executed operation: Job J19, Op 2, Machine M2, Start: 2165, End: 2180, Setup: 29
2025-06-18 13:40:04,951 - JSPGymEnvironment - INFO - 
===== REWARD DETAILS FOR STEP 40 =====
Job: J19, Operation: 2, Job Completed: False
Current Time: 2136.00 -> 2180.00, Setup Time: 29.00
Processing Time: 15.00, Idle Time: 0.00
Completed Jobs: 2/30
Machine: M2, Material: E-Bike_Hauptrahmen_zugeschnitten

REWARD COMPONENTS:
- makespan_reward: -0.2200
- setup_reward: -7.2500
- deadline_reward: 0.0000
- priority_reward: 0.0000
- critical_job_reward: 0.5000
- placement_reward: 0.0000
- timeliness_reward: 6.8304
- machine_idle_penalty: -9.6750

TOTAL REWARD: -9.8146

CUMULATIVE REWARD COMPONENTS:
- makespan_reward: -10.9000
- setup_reward: -251.5000
- deadline_reward: 40.0000
- priority_reward: 48.0000
- critical_job_reward: 30.7708
- placement_reward: 0.0000
- timeliness_reward: 353.6512
- machine_idle_penalty: -190.1000

CUMULATIVE TOTAL: 19.9220

CRITICAL STATE INFO:
- Valid actions: ['J1', 'J2', 'J3', 'J4', 'J5', 'J6', 'J7', 'J8', 'J9', 'J10', 'J11', 'J12', 'J13', 'J14', 'J15', 'J16', 'J17', 'J18', 'J19', 'J20', 'J21', 'J23', 'J24', 'J25', 'J26', 'J27', 'J28', 'J30']
- Machine states:
  - Machine M1: Time=2009.00, Idle=171.00, Material=E-Bike_Hinterbau_vorbereitet
  - Machine M2: Time=2180.00, Idle=0.00, Material=E-Bike_Hauptrahmen_zugeschnitten
  - Machine M3: Time=1577.00, Idle=603.00, Material=E-Bike_Laufraeder_montiert
==================================================

2025-06-18 13:40:05,041 - JSPGymEnvironment - INFO - Material change on machine M3: E-Bike_Laufraeder_montiert -> Mountainbike_Tretlageraufnahme_geschweisst, setup time: 20
2025-06-18 13:40:05,041 - JSPGymEnvironment - INFO - Executed operation: Job J20, Op 0, Machine M3, Start: 2200, End: 2226, Setup: 20
2025-06-18 13:40:05,041 - JSPGymEnvironment - INFO - 
===== REWARD DETAILS FOR STEP 41 =====
Job: J20, Operation: 0, Job Completed: False
Current Time: 2180.00 -> 2226.00, Setup Time: 20.00
Processing Time: 26.00, Idle Time: 0.00
Completed Jobs: 2/30
Machine: M3, Material: Mountainbike_Tretlageraufnahme_geschweisst

REWARD COMPONENTS:
- makespan_reward: -0.2300
- setup_reward: -5.0000
- deadline_reward: 0.0000
- priority_reward: 0.0000
- critical_job_reward: 0.0000
- placement_reward: 0.0000
- timeliness_reward: 6.6077
- machine_idle_penalty: -3.2875

TOTAL REWARD: -1.9098

CUMULATIVE REWARD COMPONENTS:
- makespan_reward: -11.1300
- setup_reward: -256.5000
- deadline_reward: 40.0000
- priority_reward: 48.0000
- critical_job_reward: 30.7708
- placement_reward: 0.0000
- timeliness_reward: 360.2589
- machine_idle_penalty: -193.3875

CUMULATIVE TOTAL: 18.0122

CRITICAL STATE INFO:
- Valid actions: ['J1', 'J2', 'J3', 'J4', 'J5', 'J6', 'J7', 'J8', 'J9', 'J10', 'J11', 'J12', 'J13', 'J14', 'J15', 'J16', 'J17', 'J18', 'J19', 'J20', 'J21', 'J23', 'J24', 'J25', 'J26', 'J27', 'J28', 'J30']
- Machine states:
  - Machine M1: Time=2009.00, Idle=217.00, Material=E-Bike_Hinterbau_vorbereitet
  - Machine M2: Time=2180.00, Idle=46.00, Material=E-Bike_Hauptrahmen_zugeschnitten
  - Machine M3: Time=2226.00, Idle=0.00, Material=Mountainbike_Tretlageraufnahme_geschweisst
==================================================

2025-06-18 13:40:05,184 - JSPGymEnvironment - INFO - Material change on machine M3: Mountainbike_Tretlageraufnahme_geschweisst -> E-Bike_Tretlageraufnahme_geschweisst, setup time: 22
2025-06-18 13:40:05,184 - JSPGymEnvironment - INFO - Executed operation: Job J27, Op 2, Machine M3, Start: 2248, End: 2307, Setup: 22
2025-06-18 13:40:05,184 - JSPGymEnvironment - INFO - 
===== REWARD DETAILS FOR STEP 42 =====
Job: J27, Operation: 2, Job Completed: False
Current Time: 2226.00 -> 2307.00, Setup Time: 22.00
Processing Time: 59.00, Idle Time: 0.00
Completed Jobs: 2/30
Machine: M3, Material: E-Bike_Tretlageraufnahme_geschweisst

REWARD COMPONENTS:
- makespan_reward: -0.4050
- setup_reward: -5.5000
- deadline_reward: 0.0000
- priority_reward: 0.0000
- critical_job_reward: 0.5000
- placement_reward: 0.0000
- timeliness_reward: 6.2424
- machine_idle_penalty: -5.3125

TOTAL REWARD: -4.4751

CUMULATIVE REWARD COMPONENTS:
- makespan_reward: -11.5350
- setup_reward: -262.0000
- deadline_reward: 40.0000
- priority_reward: 48.0000
- critical_job_reward: 31.2708
- placement_reward: 0.0000
- timeliness_reward: 366.5013
- machine_idle_penalty: -198.7000

CUMULATIVE TOTAL: 13.5371

CRITICAL STATE INFO:
- Valid actions: ['J1', 'J2', 'J3', 'J4', 'J5', 'J6', 'J7', 'J8', 'J9', 'J10', 'J11', 'J12', 'J13', 'J14', 'J15', 'J16', 'J17', 'J18', 'J19', 'J20', 'J21', 'J23', 'J24', 'J25', 'J26', 'J27', 'J28', 'J30']
- Machine states:
  - Machine M1: Time=2009.00, Idle=298.00, Material=E-Bike_Hinterbau_vorbereitet
  - Machine M2: Time=2180.00, Idle=127.00, Material=E-Bike_Hauptrahmen_zugeschnitten
  - Machine M3: Time=2307.00, Idle=0.00, Material=E-Bike_Tretlageraufnahme_geschweisst
==================================================

2025-06-18 13:40:05,278 - JSPGymEnvironment - INFO - Material change on machine M3: E-Bike_Tretlageraufnahme_geschweisst -> Mountainbike_Antrieb_installiert, setup time: 20
2025-06-18 13:40:05,279 - JSPGymEnvironment - INFO - Executed operation: Job J11, Op 0, Machine M3, Start: 2327, End: 2368, Setup: 20
2025-06-18 13:40:05,279 - JSPGymEnvironment - INFO - 
===== REWARD DETAILS FOR STEP 43 =====
Job: J11, Operation: 0, Job Completed: False
Current Time: 2307.00 -> 2368.00, Setup Time: 20.00
Processing Time: 41.00, Idle Time: 0.00
Completed Jobs: 2/30
Machine: M3, Material: Mountainbike_Antrieb_installiert

REWARD COMPONENTS:
- makespan_reward: -0.3050
- setup_reward: -5.0000
- deadline_reward: 0.0000
- priority_reward: 0.0000
- critical_job_reward: 0.0000
- placement_reward: 0.0000
- timeliness_reward: 5.7465
- machine_idle_penalty: -6.8375

TOTAL REWARD: -6.3960

CUMULATIVE REWARD COMPONENTS:
- makespan_reward: -11.8400
- setup_reward: -267.0000
- deadline_reward: 40.0000
- priority_reward: 48.0000
- critical_job_reward: 31.2708
- placement_reward: 0.0000
- timeliness_reward: 372.2477
- machine_idle_penalty: -205.5375

CUMULATIVE TOTAL: 7.1411

CRITICAL STATE INFO:
- Valid actions: ['J1', 'J2', 'J3', 'J4', 'J5', 'J6', 'J7', 'J8', 'J9', 'J10', 'J11', 'J12', 'J13', 'J14', 'J15', 'J16', 'J17', 'J18', 'J19', 'J20', 'J21', 'J23', 'J24', 'J25', 'J26', 'J27', 'J28', 'J30']
- Machine states:
  - Machine M1: Time=2009.00, Idle=359.00, Material=E-Bike_Hinterbau_vorbereitet
  - Machine M2: Time=2180.00, Idle=188.00, Material=E-Bike_Hauptrahmen_zugeschnitten
  - Machine M3: Time=2368.00, Idle=0.00, Material=Mountainbike_Antrieb_installiert
==================================================

2025-06-18 13:40:05,372 - JSPGymEnvironment - INFO - Material change on machine M1: E-Bike_Hinterbau_vorbereitet -> Mountainbike_Hauptrahmen_zugeschnitten, setup time: 59
2025-06-18 13:40:05,373 - JSPGymEnvironment - INFO - Executed operation: Job J11, Op 1, Machine M1, Start: 2427, End: 2467, Setup: 59
2025-06-18 13:40:05,373 - JSPGymEnvironment - INFO - 
===== REWARD DETAILS FOR STEP 44 =====
Job: J11, Operation: 1, Job Completed: False
Current Time: 2368.00 -> 2467.00, Setup Time: 59.00
Processing Time: 40.00, Idle Time: 0.00
Completed Jobs: 2/30
Machine: M1, Material: Mountainbike_Hauptrahmen_zugeschnitten

REWARD COMPONENTS:
- makespan_reward: -0.4950
- setup_reward: -14.7500
- deadline_reward: 0.0000
- priority_reward: 0.0000
- critical_job_reward: 0.0000
- placement_reward: 0.0000
- timeliness_reward: 5.0272
- machine_idle_penalty: -4.8250

TOTAL REWARD: -15.0428

CUMULATIVE REWARD COMPONENTS:
- makespan_reward: -12.3350
- setup_reward: -281.7500
- deadline_reward: 40.0000
- priority_reward: 48.0000
- critical_job_reward: 31.2708
- placement_reward: 0.0000
- timeliness_reward: 377.2750
- machine_idle_penalty: -210.3625

CUMULATIVE TOTAL: -7.9017

CRITICAL STATE INFO:
- Valid actions: ['J1', 'J2', 'J3', 'J4', 'J5', 'J6', 'J7', 'J8', 'J9', 'J10', 'J11', 'J12', 'J13', 'J14', 'J15', 'J16', 'J17', 'J18', 'J19', 'J20', 'J21', 'J23', 'J24', 'J25', 'J26', 'J27', 'J28', 'J30']
- Machine states:
  - Machine M1: Time=2467.00, Idle=0.00, Material=Mountainbike_Hauptrahmen_zugeschnitten
  - Machine M2: Time=2180.00, Idle=287.00, Material=E-Bike_Hauptrahmen_zugeschnitten
  - Machine M3: Time=2368.00, Idle=99.00, Material=Mountainbike_Antrieb_installiert
==================================================

2025-06-18 13:40:05,532 - JSPGymEnvironment - INFO - Material change on machine M1: Mountainbike_Hauptrahmen_zugeschnitten -> Citybike_Rahmen_komplettiert, setup time: 32
2025-06-18 13:40:05,533 - JSPGymEnvironment - INFO - Executed operation: Job J10, Op 3, Machine M1, Start: 2499, End: 2541, Setup: 32
2025-06-18 13:40:05,533 - JSPGymEnvironment - INFO - 
===== REWARD DETAILS FOR STEP 45 =====
Job: J10, Operation: 3, Job Completed: False
Current Time: 2467.00 -> 2541.00, Setup Time: 32.00
Processing Time: 42.00, Idle Time: 0.00
Completed Jobs: 2/30
Machine: M1, Material: Citybike_Rahmen_komplettiert

REWARD COMPONENTS:
- makespan_reward: -0.3700
- setup_reward: -8.0000
- deadline_reward: 0.0000
- priority_reward: 0.0000
- critical_job_reward: 0.0000
- placement_reward: 0.0000
- timeliness_reward: 4.4065
- machine_idle_penalty: -6.6750

TOTAL REWARD: -10.6385

CUMULATIVE REWARD COMPONENTS:
- makespan_reward: -12.7050
- setup_reward: -289.7500
- deadline_reward: 40.0000
- priority_reward: 48.0000
- critical_job_reward: 31.2708
- placement_reward: 0.0000
- timeliness_reward: 381.6815
- machine_idle_penalty: -217.0375

CUMULATIVE TOTAL: -18.5402

CRITICAL STATE INFO:
- Valid actions: ['J1', 'J2', 'J3', 'J4', 'J5', 'J6', 'J7', 'J8', 'J9', 'J10', 'J11', 'J12', 'J13', 'J14', 'J15', 'J16', 'J17', 'J18', 'J19', 'J20', 'J21', 'J23', 'J24', 'J25', 'J26', 'J27', 'J28', 'J30']
- Machine states:
  - Machine M1: Time=2541.00, Idle=0.00, Material=Citybike_Rahmen_komplettiert
  - Machine M2: Time=2180.00, Idle=361.00, Material=E-Bike_Hauptrahmen_zugeschnitten
  - Machine M3: Time=2368.00, Idle=173.00, Material=Mountainbike_Antrieb_installiert
==================================================

2025-06-18 13:40:05,629 - JSPGymEnvironment - INFO - Material change on machine M3: Mountainbike_Antrieb_installiert -> E-Bike_Antrieb_installiert, setup time: 22
2025-06-18 13:40:05,629 - JSPGymEnvironment - INFO - Executed operation: Job J21, Op 2, Machine M3, Start: 2563, End: 2617, Setup: 22
2025-06-18 13:40:05,629 - JSPGymEnvironment - INFO - 
===== REWARD DETAILS FOR STEP 46 =====
Job: J21, Operation: 2, Job Completed: False
Current Time: 2541.00 -> 2617.00, Setup Time: 22.00
Processing Time: 54.00, Idle Time: 0.00
Completed Jobs: 2/30
Machine: M3, Material: E-Bike_Antrieb_installiert

REWARD COMPONENTS:
- makespan_reward: -0.3800
- setup_reward: -5.5000
- deadline_reward: 0.0000
- priority_reward: 0.0000
- critical_job_reward: 0.5000
- placement_reward: 0.0000
- timeliness_reward: 3.7769
- machine_idle_penalty: -6.4125

TOTAL REWARD: -8.0156

CUMULATIVE REWARD COMPONENTS:
- makespan_reward: -13.0850
- setup_reward: -295.2500
- deadline_reward: 40.0000
- priority_reward: 48.0000
- critical_job_reward: 31.7708
- placement_reward: 0.0000
- timeliness_reward: 385.4584
- machine_idle_penalty: -223.4500

CUMULATIVE TOTAL: -26.5557

CRITICAL STATE INFO:
- Valid actions: ['J1', 'J2', 'J3', 'J4', 'J5', 'J6', 'J7', 'J8', 'J9', 'J10', 'J11', 'J12', 'J13', 'J14', 'J15', 'J16', 'J17', 'J18', 'J19', 'J20', 'J21', 'J23', 'J24', 'J25', 'J26', 'J27', 'J28', 'J30']
- Machine states:
  - Machine M1: Time=2541.00, Idle=76.00, Material=Citybike_Rahmen_komplettiert
  - Machine M2: Time=2180.00, Idle=437.00, Material=E-Bike_Hauptrahmen_zugeschnitten
  - Machine M3: Time=2617.00, Idle=0.00, Material=E-Bike_Antrieb_installiert
==================================================

2025-06-18 13:40:05,732 - JSPGymEnvironment - INFO - Material change on machine M1: Citybike_Rahmen_komplettiert -> E-Bike_Tretlager_gefraest, setup time: 40
2025-06-18 13:40:05,733 - JSPGymEnvironment - INFO - Executed operation: Job J2, Op 0, Machine M1, Start: 2657, End: 2701, Setup: 40
2025-06-18 13:40:05,733 - JSPGymEnvironment - INFO - 
===== REWARD DETAILS FOR STEP 47 =====
Job: J2, Operation: 0, Job Completed: False
Current Time: 2617.00 -> 2701.00, Setup Time: 40.00
Processing Time: 44.00, Idle Time: 0.00
Completed Jobs: 2/30
Machine: M1, Material: E-Bike_Tretlager_gefraest

REWARD COMPONENTS:
- makespan_reward: -0.4200
- setup_reward: -10.0000
- deadline_reward: 0.0000
- priority_reward: 0.0000
- critical_job_reward: 0.5000
- placement_reward: 0.0000
- timeliness_reward: 3.0960
- machine_idle_penalty: -7.5625

TOTAL REWARD: -14.3865

CUMULATIVE REWARD COMPONENTS:
- makespan_reward: -13.5050
- setup_reward: -305.2500
- deadline_reward: 40.0000
- priority_reward: 48.0000
- critical_job_reward: 32.2708
- placement_reward: 0.0000
- timeliness_reward: 388.5544
- machine_idle_penalty: -231.0125

CUMULATIVE TOTAL: -40.9423

CRITICAL STATE INFO:
- Valid actions: ['J1', 'J2', 'J3', 'J4', 'J5', 'J6', 'J7', 'J8', 'J9', 'J10', 'J11', 'J12', 'J13', 'J14', 'J15', 'J16', 'J17', 'J18', 'J19', 'J20', 'J21', 'J23', 'J24', 'J25', 'J26', 'J27', 'J28', 'J30']
- Machine states:
  - Machine M1: Time=2701.00, Idle=0.00, Material=E-Bike_Tretlager_gefraest
  - Machine M2: Time=2180.00, Idle=521.00, Material=E-Bike_Hauptrahmen_zugeschnitten
  - Machine M3: Time=2617.00, Idle=84.00, Material=E-Bike_Antrieb_installiert
==================================================

2025-06-18 13:40:05,827 - JSPGymEnvironment - INFO - Material change on machine M1: E-Bike_Tretlager_gefraest -> Mountainbike_Fahrrad_endmontiert, setup time: 59
2025-06-18 13:40:05,827 - JSPGymEnvironment - INFO - Executed operation: Job J9, Op 3, Machine M1, Start: 2760, End: 2797, Setup: 59
2025-06-18 13:40:05,828 - JSPGymEnvironment - INFO - 
===== REWARD DETAILS FOR STEP 48 =====
Job: J9, Operation: 3, Job Completed: False
Current Time: 2701.00 -> 2797.00, Setup Time: 59.00
Processing Time: 37.00, Idle Time: 0.00
Completed Jobs: 2/30
Machine: M1, Material: Mountainbike_Fahrrad_endmontiert

REWARD COMPONENTS:
- makespan_reward: -0.4800
- setup_reward: -14.7500
- deadline_reward: 0.0000
- priority_reward: 0.0000
- critical_job_reward: 0.0000
- placement_reward: 0.0000
- timeliness_reward: 2.3128
- machine_idle_penalty: -9.9625

TOTAL REWARD: -22.8797

CUMULATIVE REWARD COMPONENTS:
- makespan_reward: -13.9850
- setup_reward: -320.0000
- deadline_reward: 40.0000
- priority_reward: 48.0000
- critical_job_reward: 32.2708
- placement_reward: 0.0000
- timeliness_reward: 390.8672
- machine_idle_penalty: -240.9750

CUMULATIVE TOTAL: -63.8220

CRITICAL STATE INFO:
- Valid actions: ['J1', 'J2', 'J3', 'J4', 'J5', 'J6', 'J7', 'J8', 'J9', 'J10', 'J11', 'J12', 'J13', 'J14', 'J15', 'J16', 'J17', 'J18', 'J19', 'J20', 'J21', 'J23', 'J24', 'J25', 'J26', 'J27', 'J28', 'J30']
- Machine states:
  - Machine M1: Time=2797.00, Idle=0.00, Material=Mountainbike_Fahrrad_endmontiert
  - Machine M2: Time=2180.00, Idle=617.00, Material=E-Bike_Hauptrahmen_zugeschnitten
  - Machine M3: Time=2617.00, Idle=180.00, Material=E-Bike_Antrieb_installiert
==================================================

2025-06-18 13:40:05,984 - JSPGymEnvironment - INFO - Material change on machine M3: E-Bike_Antrieb_installiert -> Racebike_Rahmen_nachbearbeitet, setup time: 24
2025-06-18 13:40:05,984 - JSPGymEnvironment - INFO - Executed operation: Job J24, Op 2, Machine M3, Start: 2821, End: 2847, Setup: 24
2025-06-18 13:40:05,984 - JSPGymEnvironment - INFO - 
===== REWARD DETAILS FOR STEP 49 =====
Job: J24, Operation: 2, Job Completed: False
Current Time: 2797.00 -> 2847.00, Setup Time: 24.00
Processing Time: 26.00, Idle Time: 0.00
Completed Jobs: 2/30
Machine: M3, Material: Racebike_Rahmen_nachbearbeitet

REWARD COMPONENTS:
- makespan_reward: -0.2500
- setup_reward: -6.0000
- deadline_reward: 0.0000
- priority_reward: 0.0000
- critical_job_reward: 0.5000
- placement_reward: 0.0000
- timeliness_reward: 1.9180
- machine_idle_penalty: -8.9625

TOTAL REWARD: -12.7945

CUMULATIVE REWARD COMPONENTS:
- makespan_reward: -14.2350
- setup_reward: -326.0000
- deadline_reward: 40.0000
- priority_reward: 48.0000
- critical_job_reward: 32.7708
- placement_reward: 0.0000
- timeliness_reward: 392.7852
- machine_idle_penalty: -249.9375

CUMULATIVE TOTAL: -76.6165

CRITICAL STATE INFO:
- Valid actions: ['J1', 'J2', 'J3', 'J4', 'J5', 'J6', 'J7', 'J8', 'J9', 'J10', 'J11', 'J12', 'J13', 'J14', 'J15', 'J16', 'J17', 'J18', 'J19', 'J20', 'J21', 'J23', 'J24', 'J25', 'J26', 'J27', 'J28', 'J30']
- Machine states:
  - Machine M1: Time=2797.00, Idle=50.00, Material=Mountainbike_Fahrrad_endmontiert
  - Machine M2: Time=2180.00, Idle=667.00, Material=E-Bike_Hauptrahmen_zugeschnitten
  - Machine M3: Time=2847.00, Idle=0.00, Material=Racebike_Rahmen_nachbearbeitet
==================================================

2025-06-18 13:40:06,078 - JSPGymEnvironment - INFO - Material change on machine M1: Mountainbike_Fahrrad_endmontiert -> Mountainbike_Rahmen_komplettiert, setup time: 40
2025-06-18 13:40:06,078 - JSPGymEnvironment - INFO - Executed operation: Job J30, Op 1, Machine M1, Start: 2887, End: 2930, Setup: 40
2025-06-18 13:40:06,079 - JSPGymEnvironment - INFO - 
===== REWARD DETAILS FOR STEP 50 =====
Job: J30, Operation: 1, Job Completed: False
Current Time: 2847.00 -> 2930.00, Setup Time: 40.00
Processing Time: 43.00, Idle Time: 0.00
Completed Jobs: 2/30
Machine: M1, Material: Mountainbike_Rahmen_komplettiert

REWARD COMPONENTS:
- makespan_reward: -0.4150
- setup_reward: -10.0000
- deadline_reward: 0.0000
- priority_reward: 0.0000
- critical_job_reward: 0.0000
- placement_reward: 0.0000
- timeliness_reward: 1.2125
- machine_idle_penalty: -10.4125

TOTAL REWARD: -19.6150

CUMULATIVE REWARD COMPONENTS:
- makespan_reward: -14.6500
- setup_reward: -336.0000
- deadline_reward: 40.0000
- priority_reward: 48.0000
- critical_job_reward: 32.7708
- placement_reward: 0.0000
- timeliness_reward: 393.9977
- machine_idle_penalty: -260.3500

CUMULATIVE TOTAL: -96.2315

CRITICAL STATE INFO:
- Valid actions: ['J1', 'J2', 'J3', 'J4', 'J5', 'J6', 'J7', 'J8', 'J9', 'J10', 'J11', 'J12', 'J13', 'J14', 'J15', 'J16', 'J17', 'J18', 'J19', 'J20', 'J21', 'J23', 'J24', 'J25', 'J26', 'J27', 'J28', 'J30']
- Machine states:
  - Machine M1: Time=2930.00, Idle=0.00, Material=Mountainbike_Rahmen_komplettiert
  - Machine M2: Time=2180.00, Idle=750.00, Material=E-Bike_Hauptrahmen_zugeschnitten
  - Machine M3: Time=2847.00, Idle=83.00, Material=Racebike_Rahmen_nachbearbeitet
==================================================

2025-06-18 13:40:06,172 - JSPGymEnvironment - INFO - Material change on machine M2: E-Bike_Hauptrahmen_zugeschnitten -> Mountainbike_Hauptrahmen_zugeschnitten, setup time: 29
2025-06-18 13:40:06,172 - JSPGymEnvironment - INFO - Executed operation: Job J7, Op 0, Machine M2, Start: 2959, End: 2986, Setup: 29
2025-06-18 13:40:06,172 - JSPGymEnvironment - INFO - 
===== REWARD DETAILS FOR STEP 51 =====
Job: J7, Operation: 0, Job Completed: False
Current Time: 2930.00 -> 2986.00, Setup Time: 29.00
Processing Time: 27.00, Idle Time: 0.00
Completed Jobs: 2/30
Machine: M2, Material: Mountainbike_Hauptrahmen_zugeschnitten

REWARD COMPONENTS:
- makespan_reward: -0.2800
- setup_reward: -7.2500
- deadline_reward: 0.0000
- priority_reward: 0.0000
- critical_job_reward: 0.0000
- placement_reward: 0.0000
- timeliness_reward: 0.7463
- machine_idle_penalty: -2.4375

TOTAL REWARD: -9.2212

CUMULATIVE REWARD COMPONENTS:
- makespan_reward: -14.9300
- setup_reward: -343.2500
- deadline_reward: 40.0000
- priority_reward: 48.0000
- critical_job_reward: 32.7708
- placement_reward: 0.0000
- timeliness_reward: 394.7440
- machine_idle_penalty: -262.7875

CUMULATIVE TOTAL: -105.4527

CRITICAL STATE INFO:
- Valid actions: ['J1', 'J2', 'J3', 'J4', 'J5', 'J6', 'J7', 'J8', 'J9', 'J10', 'J11', 'J12', 'J13', 'J14', 'J15', 'J16', 'J17', 'J18', 'J19', 'J20', 'J21', 'J23', 'J24', 'J25', 'J26', 'J27', 'J28', 'J30']
- Machine states:
  - Machine M1: Time=2930.00, Idle=56.00, Material=Mountainbike_Rahmen_komplettiert
  - Machine M2: Time=2986.00, Idle=0.00, Material=Mountainbike_Hauptrahmen_zugeschnitten
  - Machine M3: Time=2847.00, Idle=139.00, Material=Racebike_Rahmen_nachbearbeitet
==================================================

2025-06-18 13:40:06,321 - JSPGymEnvironment - INFO - Material change on machine M2: Mountainbike_Hauptrahmen_zugeschnitten -> Mountainbike_Bremsaufnahme_gebohrt, setup time: 20
2025-06-18 13:40:06,321 - JSPGymEnvironment - INFO - Executed operation: Job J9, Op 4, Machine M2, Start: 3006, End: 3032, Setup: 20
2025-06-18 13:40:06,322 - JSPGymEnvironment - INFO - 
===== REWARD DETAILS FOR STEP 52 =====
Job: J9, Operation: 4, Job Completed: False
Current Time: 2986.00 -> 3032.00, Setup Time: 20.00
Processing Time: 26.00, Idle Time: 0.00
Completed Jobs: 2/30
Machine: M2, Material: Mountainbike_Bremsaufnahme_gebohrt

REWARD COMPONENTS:
- makespan_reward: -0.2300
- setup_reward: -5.0000
- deadline_reward: 0.0000
- priority_reward: 0.0000
- critical_job_reward: 0.0000
- placement_reward: 0.0000
- timeliness_reward: 0.3717
- machine_idle_penalty: -3.5875

TOTAL REWARD: -8.4458

CUMULATIVE REWARD COMPONENTS:
- makespan_reward: -15.1600
- setup_reward: -348.2500
- deadline_reward: 40.0000
- priority_reward: 48.0000
- critical_job_reward: 32.7708
- placement_reward: 0.0000
- timeliness_reward: 395.1157
- machine_idle_penalty: -266.3750

CUMULATIVE TOTAL: -113.8985

CRITICAL STATE INFO:
- Valid actions: ['J1', 'J2', 'J3', 'J4', 'J5', 'J6', 'J7', 'J8', 'J9', 'J10', 'J11', 'J12', 'J13', 'J14', 'J15', 'J16', 'J17', 'J18', 'J19', 'J20', 'J21', 'J23', 'J24', 'J25', 'J26', 'J27', 'J28', 'J30']
- Machine states:
  - Machine M1: Time=2930.00, Idle=102.00, Material=Mountainbike_Rahmen_komplettiert
  - Machine M2: Time=3032.00, Idle=0.00, Material=Mountainbike_Bremsaufnahme_gebohrt
  - Machine M3: Time=2847.00, Idle=185.00, Material=Racebike_Rahmen_nachbearbeitet
==================================================

2025-06-18 13:40:06,422 - JSPGymEnvironment - INFO - Material change on machine M2: Mountainbike_Bremsaufnahme_gebohrt -> Mountainbike_Hauptrahmen_zugeschnitten, setup time: 20
2025-06-18 13:40:06,423 - JSPGymEnvironment - INFO - Executed operation: Job J9, Op 5, Machine M2, Start: 3052, End: 3081, Setup: 20
2025-06-18 13:40:06,423 - JSPGymEnvironment - INFO - 
===== REWARD DETAILS FOR STEP 53 =====
Job: J9, Operation: 5, Job Completed: False
Current Time: 3032.00 -> 3081.00, Setup Time: 20.00
Processing Time: 29.00, Idle Time: 0.00
Completed Jobs: 2/30
Machine: M2, Material: Mountainbike_Hauptrahmen_zugeschnitten

REWARD COMPONENTS:
- makespan_reward: -0.2450
- setup_reward: -5.0000
- deadline_reward: 0.0000
- priority_reward: 0.0000
- critical_job_reward: 0.0000
- placement_reward: 0.0000
- timeliness_reward: -0.0170
- machine_idle_penalty: -4.8125

TOTAL REWARD: -10.0745

CUMULATIVE REWARD COMPONENTS:
- makespan_reward: -15.4050
- setup_reward: -353.2500
- deadline_reward: 40.0000
- priority_reward: 48.0000
- critical_job_reward: 32.7708
- placement_reward: 0.0000
- timeliness_reward: 395.0987
- machine_idle_penalty: -271.1875

CUMULATIVE TOTAL: -123.9730

CRITICAL STATE INFO:
- Valid actions: ['J1', 'J2', 'J3', 'J4', 'J5', 'J6', 'J7', 'J8', 'J9', 'J10', 'J11', 'J12', 'J13', 'J14', 'J15', 'J16', 'J17', 'J18', 'J19', 'J20', 'J21', 'J23', 'J24', 'J25', 'J26', 'J27', 'J28', 'J30']
- Machine states:
  - Machine M1: Time=2930.00, Idle=151.00, Material=Mountainbike_Rahmen_komplettiert
  - Machine M2: Time=3081.00, Idle=0.00, Material=Mountainbike_Hauptrahmen_zugeschnitten
  - Machine M3: Time=2847.00, Idle=234.00, Material=Racebike_Rahmen_nachbearbeitet
==================================================

2025-06-18 13:40:06,519 - JSPGymEnvironment - INFO - Material change on machine M2: Mountainbike_Hauptrahmen_zugeschnitten -> Citybike_Bremsaufnahme_gebohrt, setup time: 22
2025-06-18 13:40:06,520 - JSPGymEnvironment - INFO - Executed operation: Job J25, Op 2, Machine M2, Start: 3103, End: 3132, Setup: 22
2025-06-18 13:40:06,520 - JSPGymEnvironment - INFO - 
===== REWARD DETAILS FOR STEP 54 =====
Job: J25, Operation: 2, Job Completed: False
Current Time: 3081.00 -> 3132.00, Setup Time: 22.00
Processing Time: 29.00, Idle Time: 0.00
Completed Jobs: 2/30
Machine: M2, Material: Citybike_Bremsaufnahme_gebohrt

REWARD COMPONENTS:
- makespan_reward: -0.2550
- setup_reward: -5.5000
- deadline_reward: 0.0000
- priority_reward: 0.0000
- critical_job_reward: 0.0000
- placement_reward: 0.0000
- timeliness_reward: -0.4087
- machine_idle_penalty: -6.0875

TOTAL REWARD: -12.2512

CUMULATIVE REWARD COMPONENTS:
- makespan_reward: -15.6600
- setup_reward: -358.7500
- deadline_reward: 40.0000
- priority_reward: 48.0000
- critical_job_reward: 32.7708
- placement_reward: 0.0000
- timeliness_reward: 394.6901
- machine_idle_penalty: -277.2750

CUMULATIVE TOTAL: -136.2241

CRITICAL STATE INFO:
- Valid actions: ['J1', 'J2', 'J3', 'J4', 'J5', 'J6', 'J7', 'J8', 'J9', 'J10', 'J11', 'J12', 'J13', 'J14', 'J15', 'J16', 'J17', 'J18', 'J19', 'J20', 'J21', 'J23', 'J24', 'J25', 'J26', 'J27', 'J28', 'J30']
- Machine states:
  - Machine M1: Time=2930.00, Idle=202.00, Material=Mountainbike_Rahmen_komplettiert
  - Machine M2: Time=3132.00, Idle=0.00, Material=Citybike_Bremsaufnahme_gebohrt
  - Machine M3: Time=2847.00, Idle=285.00, Material=Racebike_Rahmen_nachbearbeitet
==================================================

2025-06-18 13:40:06,616 - JSPGymEnvironment - INFO - Material change on machine M1: Mountainbike_Rahmen_komplettiert -> E-Bike_Schaltauge_bearbeitet, setup time: 50
2025-06-18 13:40:06,616 - JSPGymEnvironment - INFO - Executed operation: Job J19, Op 3, Machine M1, Start: 3182, End: 3203, Setup: 50
2025-06-18 13:40:06,617 - JSPGymEnvironment - INFO - 
===== REWARD DETAILS FOR STEP 55 =====
Job: J19, Operation: 3, Job Completed: False
Current Time: 3132.00 -> 3203.00, Setup Time: 50.00
Processing Time: 21.00, Idle Time: 0.00
Completed Jobs: 2/30
Machine: M1, Material: E-Bike_Schaltauge_bearbeitet

REWARD COMPONENTS:
- makespan_reward: -0.3550
- setup_reward: -12.5000
- deadline_reward: 0.0000
- priority_reward: 0.0000
- critical_job_reward: 0.5000
- placement_reward: 0.0000
- timeliness_reward: -0.9290
- machine_idle_penalty: -5.3375

TOTAL REWARD: -18.6215

CUMULATIVE REWARD COMPONENTS:
- makespan_reward: -16.0150
- setup_reward: -371.2500
- deadline_reward: 40.0000
- priority_reward: 48.0000
- critical_job_reward: 33.2708
- placement_reward: 0.0000
- timeliness_reward: 393.7611
- machine_idle_penalty: -282.6125

CUMULATIVE TOTAL: -154.8456

CRITICAL STATE INFO:
- Valid actions: ['J1', 'J2', 'J3', 'J4', 'J5', 'J6', 'J7', 'J8', 'J9', 'J10', 'J11', 'J12', 'J13', 'J14', 'J15', 'J16', 'J17', 'J18', 'J19', 'J20', 'J21', 'J23', 'J24', 'J25', 'J26', 'J27', 'J28', 'J30']
- Machine states:
  - Machine M1: Time=3203.00, Idle=0.00, Material=E-Bike_Schaltauge_bearbeitet
  - Machine M2: Time=3132.00, Idle=71.00, Material=Citybike_Bremsaufnahme_gebohrt
  - Machine M3: Time=2847.00, Idle=356.00, Material=Racebike_Rahmen_nachbearbeitet
==================================================

2025-06-18 13:40:06,769 - JSPGymEnvironment - INFO - Material change on machine M2: Citybike_Bremsaufnahme_gebohrt -> Mountainbike_Schaltauge_bearbeitet, setup time: 20
2025-06-18 13:40:06,770 - JSPGymEnvironment - INFO - Executed operation: Job J20, Op 1, Machine M2, Start: 3223, End: 3246, Setup: 20
2025-06-18 13:40:06,770 - JSPGymEnvironment - INFO - 
===== REWARD DETAILS FOR STEP 56 =====
Job: J20, Operation: 1, Job Completed: False
Current Time: 3203.00 -> 3246.00, Setup Time: 20.00
Processing Time: 23.00, Idle Time: 0.00
Completed Jobs: 2/30
Machine: M2, Material: Mountainbike_Schaltauge_bearbeitet

REWARD COMPONENTS:
- makespan_reward: -0.2150
- setup_reward: -5.0000
- deadline_reward: 0.0000
- priority_reward: 0.0000
- critical_job_reward: 0.0000
- placement_reward: 0.0000
- timeliness_reward: -1.2288
- machine_idle_penalty: -5.5250

TOTAL REWARD: -11.9688

CUMULATIVE REWARD COMPONENTS:
- makespan_reward: -16.2300
- setup_reward: -376.2500
- deadline_reward: 40.0000
- priority_reward: 48.0000
- critical_job_reward: 33.2708
- placement_reward: 0.0000
- timeliness_reward: 392.5323
- machine_idle_penalty: -288.1375

CUMULATIVE TOTAL: -166.8144

CRITICAL STATE INFO:
- Valid actions: ['J1', 'J2', 'J3', 'J4', 'J5', 'J6', 'J7', 'J8', 'J9', 'J10', 'J11', 'J12', 'J13', 'J14', 'J15', 'J16', 'J17', 'J18', 'J19', 'J20', 'J21', 'J23', 'J24', 'J25', 'J26', 'J27', 'J28', 'J30']
- Machine states:
  - Machine M1: Time=3203.00, Idle=43.00, Material=E-Bike_Schaltauge_bearbeitet
  - Machine M2: Time=3246.00, Idle=0.00, Material=Mountainbike_Schaltauge_bearbeitet
  - Machine M3: Time=2847.00, Idle=399.00, Material=Racebike_Rahmen_nachbearbeitet
==================================================

2025-06-18 13:40:06,865 - JSPGymEnvironment - INFO - Material change on machine M3: Racebike_Rahmen_nachbearbeitet -> Racebike_Tretlager_gefraest, setup time: 15
2025-06-18 13:40:06,865 - JSPGymEnvironment - INFO - Executed operation: Job J17, Op 1, Machine M3, Start: 3261, End: 3305, Setup: 15
2025-06-18 13:40:06,866 - JSPGymEnvironment - INFO - 
===== REWARD DETAILS FOR STEP 57 =====
Job: J17, Operation: 1, Job Completed: False
Current Time: 3246.00 -> 3305.00, Setup Time: 15.00
Processing Time: 44.00, Idle Time: 0.00
Completed Jobs: 2/30
Machine: M3, Material: Racebike_Tretlager_gefraest

REWARD COMPONENTS:
- makespan_reward: -0.2950
- setup_reward: -3.7500
- deadline_reward: 0.0000
- priority_reward: 0.0000
- critical_job_reward: 0.5000
- placement_reward: 0.0000
- timeliness_reward: -1.6200
- machine_idle_penalty: -2.0125

TOTAL REWARD: -7.1775

CUMULATIVE REWARD COMPONENTS:
- makespan_reward: -16.5250
- setup_reward: -380.0000
- deadline_reward: 40.0000
- priority_reward: 48.0000
- critical_job_reward: 33.7708
- placement_reward: 0.0000
- timeliness_reward: 390.9123
- machine_idle_penalty: -290.1500

CUMULATIVE TOTAL: -173.9919

CRITICAL STATE INFO:
- Valid actions: ['J1', 'J2', 'J3', 'J4', 'J5', 'J6', 'J7', 'J8', 'J9', 'J10', 'J11', 'J12', 'J13', 'J14', 'J15', 'J16', 'J17', 'J18', 'J19', 'J20', 'J21', 'J23', 'J24', 'J25', 'J26', 'J27', 'J28', 'J30']
- Machine states:
  - Machine M1: Time=3203.00, Idle=102.00, Material=E-Bike_Schaltauge_bearbeitet
  - Machine M2: Time=3246.00, Idle=59.00, Material=Mountainbike_Schaltauge_bearbeitet
  - Machine M3: Time=3305.00, Idle=0.00, Material=Racebike_Tretlager_gefraest
==================================================

2025-06-18 13:40:06,956 - JSPGymEnvironment - INFO - Material change on machine M2: Mountainbike_Schaltauge_bearbeitet -> Citybike_Steuerrohr_ausgerieben, setup time: 22
2025-06-18 13:40:06,956 - JSPGymEnvironment - INFO - Executed operation: Job J25, Op 3, Machine M2, Start: 3327, End: 3356, Setup: 22
2025-06-18 13:40:06,956 - JSPGymEnvironment - INFO - 
===== REWARD DETAILS FOR STEP 58 =====
Job: J25, Operation: 3, Job Completed: False
Current Time: 3305.00 -> 3356.00, Setup Time: 22.00
Processing Time: 29.00, Idle Time: 0.00
Completed Jobs: 2/30
Machine: M2, Material: Citybike_Steuerrohr_ausgerieben

REWARD COMPONENTS:
- makespan_reward: -0.2550
- setup_reward: -5.5000
- deadline_reward: 0.0000
- priority_reward: 0.0000
- critical_job_reward: 0.0000
- placement_reward: 0.0000
- timeliness_reward: -1.9387
- machine_idle_penalty: -2.5500

TOTAL REWARD: -10.2437

CUMULATIVE REWARD COMPONENTS:
- makespan_reward: -16.7800
- setup_reward: -385.5000
- deadline_reward: 40.0000
- priority_reward: 48.0000
- critical_job_reward: 33.7708
- placement_reward: 0.0000
- timeliness_reward: 388.9736
- machine_idle_penalty: -292.7000

CUMULATIVE TOTAL: -184.2356

CRITICAL STATE INFO:
- Valid actions: ['J1', 'J2', 'J3', 'J4', 'J5', 'J6', 'J7', 'J8', 'J9', 'J10', 'J11', 'J12', 'J13', 'J14', 'J15', 'J16', 'J17', 'J18', 'J19', 'J20', 'J21', 'J23', 'J24', 'J25', 'J26', 'J27', 'J28', 'J30']
- Machine states:
  - Machine M1: Time=3203.00, Idle=153.00, Material=E-Bike_Schaltauge_bearbeitet
  - Machine M2: Time=3356.00, Idle=0.00, Material=Citybike_Steuerrohr_ausgerieben
  - Machine M3: Time=3305.00, Idle=51.00, Material=Racebike_Tretlager_gefraest
==================================================

2025-06-18 13:40:07,105 - JSPGymEnvironment - INFO - Material change on machine M3: Racebike_Tretlager_gefraest -> Racebike_Hauptrahmen_zugeschnitten, setup time: 15
2025-06-18 13:40:07,105 - JSPGymEnvironment - INFO - Executed operation: Job J24, Op 3, Machine M3, Start: 3371, End: 3396, Setup: 15
2025-06-18 13:40:07,105 - JSPGymEnvironment - INFO - 
===== REWARD DETAILS FOR STEP 59 =====
Job: J24, Operation: 3, Job Completed: False
Current Time: 3356.00 -> 3396.00, Setup Time: 15.00
Processing Time: 25.00, Idle Time: 0.00
Completed Jobs: 2/30
Machine: M3, Material: Racebike_Hauptrahmen_zugeschnitten

REWARD COMPONENTS:
- makespan_reward: -0.2000
- setup_reward: -3.7500
- deadline_reward: 0.0000
- priority_reward: 0.0000
- critical_job_reward: 0.5000
- placement_reward: 0.0000
- timeliness_reward: -2.1758
- machine_idle_penalty: -2.9125

TOTAL REWARD: -8.5383

CUMULATIVE REWARD COMPONENTS:
- makespan_reward: -16.9800
- setup_reward: -389.2500
- deadline_reward: 40.0000
- priority_reward: 48.0000
- critical_job_reward: 34.2708
- placement_reward: 0.0000
- timeliness_reward: 386.7978
- machine_idle_penalty: -295.6125

CUMULATIVE TOTAL: -192.7739

CRITICAL STATE INFO:
- Valid actions: ['J1', 'J2', 'J3', 'J4', 'J5', 'J6', 'J7', 'J8', 'J9', 'J10', 'J11', 'J12', 'J13', 'J14', 'J15', 'J16', 'J17', 'J18', 'J19', 'J20', 'J21', 'J23', 'J24', 'J25', 'J26', 'J27', 'J28', 'J30']
- Machine states:
  - Machine M1: Time=3203.00, Idle=193.00, Material=E-Bike_Schaltauge_bearbeitet
  - Machine M2: Time=3356.00, Idle=40.00, Material=Citybike_Steuerrohr_ausgerieben
  - Machine M3: Time=3396.00, Idle=0.00, Material=Racebike_Hauptrahmen_zugeschnitten
==================================================

2025-06-18 13:40:07,193 - JSPGymEnvironment - INFO - Material change on machine M1: E-Bike_Schaltauge_bearbeitet -> Citybike_Steuerrohr_ausgerieben, setup time: 48
2025-06-18 13:40:07,193 - JSPGymEnvironment - INFO - Executed operation: Job J5, Op 1, Machine M1, Start: 3444, End: 3486, Setup: 48
2025-06-18 13:40:07,193 - JSPGymEnvironment - INFO - 
===== REWARD DETAILS FOR STEP 60 =====
Job: J5, Operation: 1, Job Completed: False
Current Time: 3396.00 -> 3486.00, Setup Time: 48.00
Processing Time: 42.00, Idle Time: 0.00
Completed Jobs: 2/30
Machine: M1, Material: Citybike_Steuerrohr_ausgerieben

REWARD COMPONENTS:
- makespan_reward: -0.4500
- setup_reward: -12.0000
- deadline_reward: 0.0000
- priority_reward: 0.0000
- critical_job_reward: 0.0000
- placement_reward: 0.0000
- timeliness_reward: -2.6678
- machine_idle_penalty: -2.7500

TOTAL REWARD: -17.8678

CUMULATIVE REWARD COMPONENTS:
- makespan_reward: -17.4300
- setup_reward: -401.2500
- deadline_reward: 40.0000
- priority_reward: 48.0000
- critical_job_reward: 34.2708
- placement_reward: 0.0000
- timeliness_reward: 384.1300
- machine_idle_penalty: -298.3625

CUMULATIVE TOTAL: -210.6417

CRITICAL STATE INFO:
- Valid actions: ['J1', 'J2', 'J3', 'J4', 'J5', 'J6', 'J7', 'J8', 'J9', 'J10', 'J11', 'J12', 'J13', 'J14', 'J15', 'J16', 'J17', 'J18', 'J19', 'J20', 'J21', 'J23', 'J24', 'J25', 'J26', 'J27', 'J28', 'J30']
- Machine states:
  - Machine M1: Time=3486.00, Idle=0.00, Material=Citybike_Steuerrohr_ausgerieben
  - Machine M2: Time=3356.00, Idle=130.00, Material=Citybike_Steuerrohr_ausgerieben
  - Machine M3: Time=3396.00, Idle=90.00, Material=Racebike_Hauptrahmen_zugeschnitten
==================================================

2025-06-18 13:40:07,276 - JSPGymEnvironment - INFO - Material change on machine M2: Citybike_Steuerrohr_ausgerieben -> Citybike_Antrieb_installiert, setup time: 20
2025-06-18 13:40:07,276 - JSPGymEnvironment - INFO - Executed operation: Job J3, Op 1, Machine M2, Start: 3506, End: 3528, Setup: 20
2025-06-18 13:40:07,277 - JSPGymEnvironment - INFO - 
===== REWARD DETAILS FOR STEP 61 =====
Job: J3, Operation: 1, Job Completed: False
Current Time: 3486.00 -> 3528.00, Setup Time: 20.00
Processing Time: 22.00, Idle Time: 0.00
Completed Jobs: 2/30
Machine: M2, Material: Citybike_Antrieb_installiert

REWARD COMPONENTS:
- makespan_reward: -0.2100
- setup_reward: -5.0000
- deadline_reward: 0.0000
- priority_reward: 0.0000
- critical_job_reward: 0.0000
- placement_reward: 0.0000
- timeliness_reward: -2.8779
- machine_idle_penalty: -2.1750

TOTAL REWARD: -10.2629

CUMULATIVE REWARD COMPONENTS:
- makespan_reward: -17.6400
- setup_reward: -406.2500
- deadline_reward: 40.0000
- priority_reward: 48.0000
- critical_job_reward: 34.2708
- placement_reward: 0.0000
- timeliness_reward: 381.2521
- machine_idle_penalty: -300.5375

CUMULATIVE TOTAL: -220.9046

CRITICAL STATE INFO:
- Valid actions: ['J1', 'J2', 'J3', 'J4', 'J5', 'J6', 'J7', 'J8', 'J9', 'J10', 'J11', 'J12', 'J13', 'J14', 'J15', 'J16', 'J17', 'J18', 'J19', 'J20', 'J21', 'J23', 'J24', 'J25', 'J26', 'J27', 'J28', 'J30']
- Machine states:
  - Machine M1: Time=3486.00, Idle=42.00, Material=Citybike_Steuerrohr_ausgerieben
  - Machine M2: Time=3528.00, Idle=0.00, Material=Citybike_Antrieb_installiert
  - Machine M3: Time=3396.00, Idle=132.00, Material=Racebike_Hauptrahmen_zugeschnitten
==================================================

2025-06-18 13:40:07,367 - JSPGymEnvironment - INFO - Material change on machine M3: Racebike_Hauptrahmen_zugeschnitten -> Citybike_Laufraeder_montiert, setup time: 17
2025-06-18 13:40:07,367 - JSPGymEnvironment - INFO - Executed operation: Job J10, Op 4, Machine M3, Start: 3545, End: 3586, Setup: 17
2025-06-18 13:40:07,367 - JSPGymEnvironment - INFO - 
===== REWARD DETAILS FOR STEP 62 =====
Job: J10, Operation: 4, Job Completed: False
Current Time: 3528.00 -> 3586.00, Setup Time: 17.00
Processing Time: 41.00, Idle Time: 0.00
Completed Jobs: 2/30
Machine: M3, Material: Citybike_Laufraeder_montiert

REWARD COMPONENTS:
- makespan_reward: -0.2900
- setup_reward: -4.2500
- deadline_reward: 0.0000
- priority_reward: 0.0000
- critical_job_reward: 0.0000
- placement_reward: 0.0000
- timeliness_reward: -3.1481
- machine_idle_penalty: -1.9750

TOTAL REWARD: -9.6631

CUMULATIVE REWARD COMPONENTS:
- makespan_reward: -17.9300
- setup_reward: -410.5000
- deadline_reward: 40.0000
- priority_reward: 48.0000
- critical_job_reward: 34.2708
- placement_reward: 0.0000
- timeliness_reward: 378.1040
- machine_idle_penalty: -302.5125

CUMULATIVE TOTAL: -230.5677

CRITICAL STATE INFO:
- Valid actions: ['J1', 'J2', 'J3', 'J4', 'J5', 'J6', 'J7', 'J8', 'J9', 'J10', 'J11', 'J12', 'J13', 'J14', 'J15', 'J16', 'J17', 'J18', 'J19', 'J20', 'J21', 'J23', 'J24', 'J25', 'J26', 'J27', 'J28', 'J30']
- Machine states:
  - Machine M1: Time=3486.00, Idle=100.00, Material=Citybike_Steuerrohr_ausgerieben
  - Machine M2: Time=3528.00, Idle=58.00, Material=Citybike_Antrieb_installiert
  - Machine M3: Time=3586.00, Idle=0.00, Material=Citybike_Laufraeder_montiert
==================================================

2025-06-18 13:40:07,514 - JSPGymEnvironment - INFO - Material change on machine M2: Citybike_Antrieb_installiert -> Citybike_Fahrrad_endmontiert, setup time: 20
2025-06-18 13:40:07,514 - JSPGymEnvironment - INFO - Executed operation: Job J18, Op 1, Machine M2, Start: 3606, End: 3624, Setup: 20
2025-06-18 13:40:07,515 - JSPGymEnvironment - INFO - 
===== REWARD DETAILS FOR STEP 63 =====
Job: J18, Operation: 1, Job Completed: False
Current Time: 3586.00 -> 3624.00, Setup Time: 20.00
Processing Time: 18.00, Idle Time: 0.00
Completed Jobs: 2/30
Machine: M2, Material: Citybike_Fahrrad_endmontiert

REWARD COMPONENTS:
- makespan_reward: -0.1900
- setup_reward: -5.0000
- deadline_reward: 0.0000
- priority_reward: 0.0000
- critical_job_reward: 0.0000
- placement_reward: 0.0000
- timeliness_reward: -3.3130
- machine_idle_penalty: -2.2000

TOTAL REWARD: -10.7030

CUMULATIVE REWARD COMPONENTS:
- makespan_reward: -18.1200
- setup_reward: -415.5000
- deadline_reward: 40.0000
- priority_reward: 48.0000
- critical_job_reward: 34.2708
- placement_reward: 0.0000
- timeliness_reward: 374.7910
- machine_idle_penalty: -304.7125

CUMULATIVE TOTAL: -241.2707

CRITICAL STATE INFO:
- Valid actions: ['J1', 'J2', 'J3', 'J4', 'J5', 'J6', 'J7', 'J8', 'J9', 'J10', 'J11', 'J12', 'J13', 'J14', 'J15', 'J16', 'J17', 'J18', 'J19', 'J20', 'J21', 'J23', 'J24', 'J25', 'J26', 'J27', 'J28', 'J30']
- Machine states:
  - Machine M1: Time=3486.00, Idle=138.00, Material=Citybike_Steuerrohr_ausgerieben
  - Machine M2: Time=3624.00, Idle=0.00, Material=Citybike_Fahrrad_endmontiert
  - Machine M3: Time=3586.00, Idle=38.00, Material=Citybike_Laufraeder_montiert
==================================================

2025-06-18 13:40:07,605 - JSPGymEnvironment - INFO - Material change on machine M2: Citybike_Fahrrad_endmontiert -> Citybike_Hinterbau_vorbereitet, setup time: 20
2025-06-18 13:40:07,606 - JSPGymEnvironment - INFO - Executed operation: Job J10, Op 5, Machine M2, Start: 3644, End: 3660, Setup: 20
2025-06-18 13:40:07,606 - JSPGymEnvironment - INFO - Job J10 completed at time 3660, deadline: 2880, met: False, priority: 6
2025-06-18 13:40:07,606 - JSPGymEnvironment - INFO - 
===== REWARD DETAILS FOR STEP 64 =====
Job: J10, Operation: 5, Job Completed: True
Current Time: 3624.00 -> 3660.00, Setup Time: 20.00
Processing Time: 16.00, Idle Time: 0.00
Completed Jobs: 3/30
Machine: M2, Material: Citybike_Hinterbau_vorbereitet
Job Deadline: 2880.00 (Missed), Priority: 6

REWARD COMPONENTS:
- makespan_reward: -0.1800
- setup_reward: -5.0000
- deadline_reward: -0.6771
- priority_reward: 24.0000
- critical_job_reward: 0.0000
- placement_reward: 0.0000
- timeliness_reward: -3.4736
- machine_idle_penalty: -3.1000

TOTAL REWARD: 11.5693

CUMULATIVE REWARD COMPONENTS:
- makespan_reward: -18.3000
- setup_reward: -420.5000
- deadline_reward: 39.3229
- priority_reward: 72.0000
- critical_job_reward: 34.2708
- placement_reward: 0.0000
- timeliness_reward: 371.3174
- machine_idle_penalty: -307.8125

CUMULATIVE TOTAL: -229.7014

CRITICAL STATE INFO:
- Valid actions: ['J1', 'J2', 'J3', 'J4', 'J5', 'J6', 'J7', 'J8', 'J9', 'J11', 'J12', 'J13', 'J14', 'J15', 'J16', 'J17', 'J18', 'J19', 'J20', 'J21', 'J23', 'J24', 'J25', 'J26', 'J27', 'J28', 'J30']
- Machine states:
  - Machine M1: Time=3486.00, Idle=174.00, Material=Citybike_Steuerrohr_ausgerieben
  - Machine M2: Time=3660.00, Idle=0.00, Material=Citybike_Hinterbau_vorbereitet
  - Machine M3: Time=3586.00, Idle=74.00, Material=Citybike_Laufraeder_montiert
==================================================

2025-06-18 13:40:07,606 - JSPGymEnvironment - INFO - Retro-Bonus für Job J10: -10.0
2025-06-18 13:40:07,693 - JSPGymEnvironment - INFO - Material change on machine M2: Citybike_Hinterbau_vorbereitet -> E-Bike_Rahmen_nachbearbeitet, setup time: 30
2025-06-18 13:40:07,693 - JSPGymEnvironment - INFO - Executed operation: Job J28, Op 0, Machine M2, Start: 3690, End: 3712, Setup: 30
2025-06-18 13:40:07,694 - JSPGymEnvironment - INFO - 
===== REWARD DETAILS FOR STEP 65 =====
Job: J28, Operation: 0, Job Completed: False
Current Time: 3660.00 -> 3712.00, Setup Time: 30.00
Processing Time: 22.00, Idle Time: 0.00
Completed Jobs: 3/30
Machine: M2, Material: E-Bike_Rahmen_nachbearbeitet

REWARD COMPONENTS:
- makespan_reward: -0.2600
- setup_reward: -7.5000
- deadline_reward: 0.0000
- priority_reward: 0.0000
- critical_job_reward: 0.5000
- placement_reward: 0.0000
- timeliness_reward: -3.6716
- machine_idle_penalty: -4.4000

TOTAL REWARD: -15.3316

CUMULATIVE REWARD COMPONENTS:
- makespan_reward: -18.5600
- setup_reward: -428.0000
- deadline_reward: 39.3229
- priority_reward: 72.0000
- critical_job_reward: 34.7708
- placement_reward: 0.0000
- timeliness_reward: 367.6458
- machine_idle_penalty: -312.2125

CUMULATIVE TOTAL: -245.0330

CRITICAL STATE INFO:
- Valid actions: ['J1', 'J2', 'J3', 'J4', 'J5', 'J6', 'J7', 'J8', 'J9', 'J11', 'J12', 'J13', 'J14', 'J15', 'J16', 'J17', 'J18', 'J19', 'J20', 'J21', 'J23', 'J24', 'J25', 'J26', 'J27', 'J28', 'J30']
- Machine states:
  - Machine M1: Time=3486.00, Idle=226.00, Material=Citybike_Steuerrohr_ausgerieben
  - Machine M2: Time=3712.00, Idle=0.00, Material=E-Bike_Rahmen_nachbearbeitet
  - Machine M3: Time=3586.00, Idle=126.00, Material=Citybike_Laufraeder_montiert
==================================================

2025-06-18 13:40:07,844 - JSPGymEnvironment - INFO - Material change on machine M2: E-Bike_Rahmen_nachbearbeitet -> Citybike_Laufraeder_montiert, setup time: 21
2025-06-18 13:40:07,844 - JSPGymEnvironment - INFO - Executed operation: Job J8, Op 1, Machine M2, Start: 3733, End: 3747, Setup: 21
2025-06-18 13:40:07,845 - JSPGymEnvironment - INFO - 
===== REWARD DETAILS FOR STEP 66 =====
Job: J8, Operation: 1, Job Completed: False
Current Time: 3712.00 -> 3747.00, Setup Time: 21.00
Processing Time: 14.00, Idle Time: 0.00
Completed Jobs: 3/30
Machine: M2, Material: Citybike_Laufraeder_montiert

REWARD COMPONENTS:
- makespan_reward: -0.1750
- setup_reward: -5.2500
- deadline_reward: 0.0000
- priority_reward: 0.0000
- critical_job_reward: 0.0000
- placement_reward: 0.0000
- timeliness_reward: -3.7957
- machine_idle_penalty: -5.2750

TOTAL REWARD: -14.4957

CUMULATIVE REWARD COMPONENTS:
- makespan_reward: -18.7350
- setup_reward: -433.2500
- deadline_reward: 39.3229
- priority_reward: 72.0000
- critical_job_reward: 34.7708
- placement_reward: 0.0000
- timeliness_reward: 363.8501
- machine_idle_penalty: -317.4875

CUMULATIVE TOTAL: -259.5287

CRITICAL STATE INFO:
- Valid actions: ['J1', 'J2', 'J3', 'J4', 'J5', 'J6', 'J7', 'J8', 'J9', 'J11', 'J12', 'J13', 'J14', 'J15', 'J16', 'J17', 'J18', 'J19', 'J20', 'J21', 'J23', 'J24', 'J25', 'J26', 'J27', 'J28', 'J30']
- Machine states:
  - Machine M1: Time=3486.00, Idle=261.00, Material=Citybike_Steuerrohr_ausgerieben
  - Machine M2: Time=3747.00, Idle=0.00, Material=Citybike_Laufraeder_montiert
  - Machine M3: Time=3586.00, Idle=161.00, Material=Citybike_Laufraeder_montiert
==================================================

2025-06-18 13:40:07,938 - JSPGymEnvironment - INFO - Material change on machine M2: Citybike_Laufraeder_montiert -> Mountainbike_Tretlager_gefraest, setup time: 20
2025-06-18 13:40:07,938 - JSPGymEnvironment - INFO - Executed operation: Job J30, Op 2, Machine M2, Start: 3767, End: 3787, Setup: 20
2025-06-18 13:40:07,938 - JSPGymEnvironment - INFO - 
===== REWARD DETAILS FOR STEP 67 =====
Job: J30, Operation: 2, Job Completed: False
Current Time: 3747.00 -> 3787.00, Setup Time: 20.00
Processing Time: 20.00, Idle Time: 0.00
Completed Jobs: 3/30
Machine: M2, Material: Mountainbike_Tretlager_gefraest

REWARD COMPONENTS:
- makespan_reward: -0.2000
- setup_reward: -5.0000
- deadline_reward: 0.0000
- priority_reward: 0.0000
- critical_job_reward: 0.0000
- placement_reward: 0.0000
- timeliness_reward: -3.9290
- machine_idle_penalty: -6.2750

TOTAL REWARD: -15.4040

CUMULATIVE REWARD COMPONENTS:
- makespan_reward: -18.9350
- setup_reward: -438.2500
- deadline_reward: 39.3229
- priority_reward: 72.0000
- critical_job_reward: 34.7708
- placement_reward: 0.0000
- timeliness_reward: 359.9211
- machine_idle_penalty: -323.7625

CUMULATIVE TOTAL: -274.9327

CRITICAL STATE INFO:
- Valid actions: ['J1', 'J2', 'J3', 'J4', 'J5', 'J6', 'J7', 'J8', 'J9', 'J11', 'J12', 'J13', 'J14', 'J15', 'J16', 'J17', 'J18', 'J19', 'J20', 'J21', 'J23', 'J24', 'J25', 'J26', 'J27', 'J28', 'J30']
- Machine states:
  - Machine M1: Time=3486.00, Idle=301.00, Material=Citybike_Steuerrohr_ausgerieben
  - Machine M2: Time=3787.00, Idle=0.00, Material=Mountainbike_Tretlager_gefraest
  - Machine M3: Time=3586.00, Idle=201.00, Material=Citybike_Laufraeder_montiert
==================================================

2025-06-18 13:40:08,030 - JSPGymEnvironment - INFO - Material change on machine M3: Citybike_Laufraeder_montiert -> Citybike_Rahmen_komplettiert, setup time: 15
2025-06-18 13:40:08,030 - JSPGymEnvironment - INFO - Executed operation: Job J25, Op 4, Machine M3, Start: 3802, End: 3830, Setup: 15
2025-06-18 13:40:08,031 - JSPGymEnvironment - INFO - 
===== REWARD DETAILS FOR STEP 68 =====
Job: J25, Operation: 4, Job Completed: False
Current Time: 3787.00 -> 3830.00, Setup Time: 15.00
Processing Time: 28.00, Idle Time: 0.00
Completed Jobs: 3/30
Machine: M3, Material: Citybike_Rahmen_komplettiert

REWARD COMPONENTS:
- makespan_reward: -0.2150
- setup_reward: -3.7500
- deadline_reward: 0.0000
- priority_reward: 0.0000
- critical_job_reward: 0.0000
- placement_reward: 0.0000
- timeliness_reward: -4.0625
- machine_idle_penalty: -4.8375

TOTAL REWARD: -12.8650

CUMULATIVE REWARD COMPONENTS:
- makespan_reward: -19.1500
- setup_reward: -442.0000
- deadline_reward: 39.3229
- priority_reward: 72.0000
- critical_job_reward: 34.7708
- placement_reward: 0.0000
- timeliness_reward: 355.8586
- machine_idle_penalty: -328.6000

CUMULATIVE TOTAL: -287.7976

CRITICAL STATE INFO:
- Valid actions: ['J1', 'J2', 'J3', 'J4', 'J5', 'J6', 'J7', 'J8', 'J9', 'J11', 'J12', 'J13', 'J14', 'J15', 'J16', 'J17', 'J18', 'J19', 'J20', 'J21', 'J23', 'J24', 'J25', 'J26', 'J27', 'J28', 'J30']
- Machine states:
  - Machine M1: Time=3486.00, Idle=344.00, Material=Citybike_Steuerrohr_ausgerieben
  - Machine M2: Time=3787.00, Idle=43.00, Material=Mountainbike_Tretlager_gefraest
  - Machine M3: Time=3830.00, Idle=0.00, Material=Citybike_Rahmen_komplettiert
==================================================

2025-06-18 13:40:08,124 - JSPGymEnvironment - INFO - Material change on machine M3: Citybike_Rahmen_komplettiert -> Mountainbike_Laufraeder_montiert, setup time: 15
2025-06-18 13:40:08,125 - JSPGymEnvironment - INFO - Executed operation: Job J6, Op 0, Machine M3, Start: 3845, End: 3872, Setup: 15
2025-06-18 13:40:08,125 - JSPGymEnvironment - INFO - 
===== REWARD DETAILS FOR STEP 69 =====
Job: J6, Operation: 0, Job Completed: False
Current Time: 3830.00 -> 3872.00, Setup Time: 15.00
Processing Time: 27.00, Idle Time: 0.00
Completed Jobs: 3/30
Machine: M3, Material: Mountainbike_Laufraeder_montiert

REWARD COMPONENTS:
- makespan_reward: -0.2100
- setup_reward: -3.7500
- deadline_reward: 0.0000
- priority_reward: 0.0000
- critical_job_reward: 0.5000
- placement_reward: 0.0000
- timeliness_reward: -4.1836
- machine_idle_penalty: -5.8875

TOTAL REWARD: -13.5311

CUMULATIVE REWARD COMPONENTS:
- makespan_reward: -19.3600
- setup_reward: -445.7500
- deadline_reward: 39.3229
- priority_reward: 72.0000
- critical_job_reward: 35.2708
- placement_reward: 0.0000
- timeliness_reward: 351.6751
- machine_idle_penalty: -334.4875

CUMULATIVE TOTAL: -301.3287

CRITICAL STATE INFO:
- Valid actions: ['J1', 'J2', 'J3', 'J4', 'J5', 'J6', 'J7', 'J8', 'J9', 'J11', 'J12', 'J13', 'J14', 'J15', 'J16', 'J17', 'J18', 'J19', 'J20', 'J21', 'J23', 'J24', 'J25', 'J26', 'J27', 'J28', 'J30']
- Machine states:
  - Machine M1: Time=3486.00, Idle=386.00, Material=Citybike_Steuerrohr_ausgerieben
  - Machine M2: Time=3787.00, Idle=85.00, Material=Mountainbike_Tretlager_gefraest
  - Machine M3: Time=3872.00, Idle=0.00, Material=Mountainbike_Laufraeder_montiert
==================================================

2025-06-18 13:40:08,278 - JSPGymEnvironment - INFO - Material change on machine M2: Mountainbike_Tretlager_gefraest -> E-Bike_Antrieb_installiert, setup time: 25
2025-06-18 13:40:08,278 - JSPGymEnvironment - INFO - Executed operation: Job J19, Op 4, Machine M2, Start: 3897, End: 3920, Setup: 25
2025-06-18 13:40:08,278 - JSPGymEnvironment - INFO - 
===== REWARD DETAILS FOR STEP 70 =====
Job: J19, Operation: 4, Job Completed: False
Current Time: 3872.00 -> 3920.00, Setup Time: 25.00
Processing Time: 23.00, Idle Time: 0.00
Completed Jobs: 3/30
Machine: M2, Material: E-Bike_Antrieb_installiert

REWARD COMPONENTS:
- makespan_reward: -0.2400
- setup_reward: -6.2500
- deadline_reward: 0.0000
- priority_reward: 0.0000
- critical_job_reward: 0.5000
- placement_reward: 0.0000
- timeliness_reward: -4.3114
- machine_idle_penalty: -6.0250

TOTAL REWARD: -16.3264

CUMULATIVE REWARD COMPONENTS:
- makespan_reward: -19.6000
- setup_reward: -452.0000
- deadline_reward: 39.3229
- priority_reward: 72.0000
- critical_job_reward: 35.7708
- placement_reward: 0.0000
- timeliness_reward: 347.3637
- machine_idle_penalty: -340.5125

CUMULATIVE TOTAL: -317.6550

CRITICAL STATE INFO:
- Valid actions: ['J1', 'J2', 'J3', 'J4', 'J5', 'J6', 'J7', 'J8', 'J9', 'J11', 'J12', 'J13', 'J14', 'J15', 'J16', 'J17', 'J18', 'J19', 'J20', 'J21', 'J23', 'J24', 'J25', 'J26', 'J27', 'J28', 'J30']
- Machine states:
  - Machine M1: Time=3486.00, Idle=434.00, Material=Citybike_Steuerrohr_ausgerieben
  - Machine M2: Time=3920.00, Idle=0.00, Material=E-Bike_Antrieb_installiert
  - Machine M3: Time=3872.00, Idle=48.00, Material=Mountainbike_Laufraeder_montiert
==================================================

2025-06-18 13:40:08,377 - JSPGymEnvironment - INFO - Material change on machine M1: Citybike_Steuerrohr_ausgerieben -> Citybike_Bremsen_justiert, setup time: 40
2025-06-18 13:40:08,377 - JSPGymEnvironment - INFO - Executed operation: Job J18, Op 2, Machine M1, Start: 3960, End: 3991, Setup: 40
2025-06-18 13:40:08,378 - JSPGymEnvironment - INFO - 
===== REWARD DETAILS FOR STEP 71 =====
Job: J18, Operation: 2, Job Completed: False
Current Time: 3920.00 -> 3991.00, Setup Time: 40.00
Processing Time: 31.00, Idle Time: 0.00
Completed Jobs: 3/30
Machine: M1, Material: Citybike_Bremsen_justiert

REWARD COMPONENTS:
- makespan_reward: -0.3550
- setup_reward: -10.0000
- deadline_reward: 0.0000
- priority_reward: 0.0000
- critical_job_reward: 0.0000
- placement_reward: 0.0000
- timeliness_reward: -4.4812
- machine_idle_penalty: -2.3750

TOTAL REWARD: -17.2112

CUMULATIVE REWARD COMPONENTS:
- makespan_reward: -19.9550
- setup_reward: -462.0000
- deadline_reward: 39.3229
- priority_reward: 72.0000
- critical_job_reward: 35.7708
- placement_reward: 0.0000
- timeliness_reward: 342.8825
- machine_idle_penalty: -342.8875

CUMULATIVE TOTAL: -334.8662

CRITICAL STATE INFO:
- Valid actions: ['J1', 'J2', 'J3', 'J4', 'J5', 'J6', 'J7', 'J8', 'J9', 'J11', 'J12', 'J13', 'J14', 'J15', 'J16', 'J17', 'J18', 'J19', 'J20', 'J21', 'J23', 'J24', 'J25', 'J26', 'J27', 'J28', 'J30']
- Machine states:
  - Machine M1: Time=3991.00, Idle=0.00, Material=Citybike_Bremsen_justiert
  - Machine M2: Time=3920.00, Idle=71.00, Material=E-Bike_Antrieb_installiert
  - Machine M3: Time=3872.00, Idle=119.00, Material=Mountainbike_Laufraeder_montiert
==================================================

2025-06-18 13:40:08,473 - JSPGymEnvironment - INFO - Material change on machine M2: E-Bike_Antrieb_installiert -> E-Bike_Tretlager_gefraest, setup time: 20
2025-06-18 13:40:08,473 - JSPGymEnvironment - INFO - Executed operation: Job J28, Op 1, Machine M2, Start: 4011, End: 4041, Setup: 20
2025-06-18 13:40:08,474 - JSPGymEnvironment - INFO - 
===== REWARD DETAILS FOR STEP 72 =====
Job: J28, Operation: 1, Job Completed: False
Current Time: 3991.00 -> 4041.00, Setup Time: 20.00
Processing Time: 30.00, Idle Time: 0.00
Completed Jobs: 3/30
Machine: M2, Material: E-Bike_Tretlager_gefraest

REWARD COMPONENTS:
- makespan_reward: -0.2500
- setup_reward: -5.0000
- deadline_reward: 0.0000
- priority_reward: 0.0000
- critical_job_reward: 0.5000
- placement_reward: 0.0000
- timeliness_reward: -4.5881
- machine_idle_penalty: -2.7375

TOTAL REWARD: -12.0756

CUMULATIVE REWARD COMPONENTS:
- makespan_reward: -20.2050
- setup_reward: -467.0000
- deadline_reward: 39.3229
- priority_reward: 72.0000
- critical_job_reward: 36.2708
- placement_reward: 0.0000
- timeliness_reward: 338.2945
- machine_idle_penalty: -345.6250

CUMULATIVE TOTAL: -346.9418

CRITICAL STATE INFO:
- Valid actions: ['J1', 'J2', 'J3', 'J4', 'J5', 'J6', 'J7', 'J8', 'J9', 'J11', 'J12', 'J13', 'J14', 'J15', 'J16', 'J17', 'J18', 'J19', 'J20', 'J21', 'J23', 'J24', 'J25', 'J26', 'J27', 'J28', 'J30']
- Machine states:
  - Machine M1: Time=3991.00, Idle=50.00, Material=Citybike_Bremsen_justiert
  - Machine M2: Time=4041.00, Idle=0.00, Material=E-Bike_Tretlager_gefraest
  - Machine M3: Time=3872.00, Idle=169.00, Material=Mountainbike_Laufraeder_montiert
==================================================

2025-06-18 13:40:08,637 - JSPGymEnvironment - INFO - Material change on machine M1: Citybike_Bremsen_justiert -> E-Bike_Bremsen_justiert, setup time: 40
2025-06-18 13:40:08,637 - JSPGymEnvironment - INFO - Executed operation: Job J15, Op 2, Machine M1, Start: 4081, End: 4103, Setup: 40
2025-06-18 13:40:08,637 - JSPGymEnvironment - INFO - 
===== REWARD DETAILS FOR STEP 73 =====
Job: J15, Operation: 2, Job Completed: False
Current Time: 4041.00 -> 4103.00, Setup Time: 40.00
Processing Time: 22.00, Idle Time: 0.00
Completed Jobs: 3/30
Machine: M1, Material: E-Bike_Bremsen_justiert

REWARD COMPONENTS:
- makespan_reward: -0.3100
- setup_reward: -10.0000
- deadline_reward: 0.0000
- priority_reward: 0.0000
- critical_job_reward: 0.5000
- placement_reward: 0.0000
- timeliness_reward: -4.7074
- machine_idle_penalty: -3.6625

TOTAL REWARD: -18.1799

CUMULATIVE REWARD COMPONENTS:
- makespan_reward: -20.5150
- setup_reward: -477.0000
- deadline_reward: 39.3229
- priority_reward: 72.0000
- critical_job_reward: 36.7708
- placement_reward: 0.0000
- timeliness_reward: 333.5870
- machine_idle_penalty: -349.2875

CUMULATIVE TOTAL: -365.1217

CRITICAL STATE INFO:
- Valid actions: ['J1', 'J2', 'J3', 'J4', 'J5', 'J6', 'J7', 'J8', 'J9', 'J11', 'J12', 'J13', 'J14', 'J15', 'J16', 'J17', 'J18', 'J19', 'J20', 'J21', 'J23', 'J24', 'J25', 'J26', 'J27', 'J28', 'J30']
- Machine states:
  - Machine M1: Time=4103.00, Idle=0.00, Material=E-Bike_Bremsen_justiert
  - Machine M2: Time=4041.00, Idle=62.00, Material=E-Bike_Tretlager_gefraest
  - Machine M3: Time=3872.00, Idle=231.00, Material=Mountainbike_Laufraeder_montiert
==================================================

2025-06-18 13:40:08,730 - JSPGymEnvironment - INFO - Material change on machine M3: Mountainbike_Laufraeder_montiert -> Mountainbike_Rahmen_komplettiert, setup time: 15
2025-06-18 13:40:08,730 - JSPGymEnvironment - INFO - Executed operation: Job J9, Op 6, Machine M3, Start: 4118, End: 4145, Setup: 15
2025-06-18 13:40:08,730 - JSPGymEnvironment - INFO - 
===== REWARD DETAILS FOR STEP 74 =====
Job: J9, Operation: 6, Job Completed: False
Current Time: 4103.00 -> 4145.00, Setup Time: 15.00
Processing Time: 27.00, Idle Time: 0.00
Completed Jobs: 3/30
Machine: M3, Material: Mountainbike_Rahmen_komplettiert

REWARD COMPONENTS:
- makespan_reward: -0.2100
- setup_reward: -3.7500
- deadline_reward: 0.0000
- priority_reward: 0.0000
- critical_job_reward: 0.0000
- placement_reward: 0.0000
- timeliness_reward: -4.7806
- machine_idle_penalty: -1.8250

TOTAL REWARD: -10.5656

CUMULATIVE REWARD COMPONENTS:
- makespan_reward: -20.7250
- setup_reward: -480.7500
- deadline_reward: 39.3229
- priority_reward: 72.0000
- critical_job_reward: 36.7708
- placement_reward: 0.0000
- timeliness_reward: 328.8065
- machine_idle_penalty: -351.1125

CUMULATIVE TOTAL: -375.6873

CRITICAL STATE INFO:
- Valid actions: ['J1', 'J2', 'J3', 'J4', 'J5', 'J6', 'J7', 'J8', 'J9', 'J11', 'J12', 'J13', 'J14', 'J15', 'J16', 'J17', 'J18', 'J19', 'J20', 'J21', 'J23', 'J24', 'J25', 'J26', 'J27', 'J28', 'J30']
- Machine states:
  - Machine M1: Time=4103.00, Idle=42.00, Material=E-Bike_Bremsen_justiert
  - Machine M2: Time=4041.00, Idle=104.00, Material=E-Bike_Tretlager_gefraest
  - Machine M3: Time=4145.00, Idle=0.00, Material=Mountainbike_Rahmen_komplettiert
==================================================

2025-06-18 13:40:08,818 - JSPGymEnvironment - INFO - Material change on machine M1: E-Bike_Bremsen_justiert -> E-Bike_Steuerrohr_ausgerieben, setup time: 40
2025-06-18 13:40:08,818 - JSPGymEnvironment - INFO - Executed operation: Job J15, Op 3, Machine M1, Start: 4185, End: 4217, Setup: 40
2025-06-18 13:40:08,818 - JSPGymEnvironment - INFO - 
===== REWARD DETAILS FOR STEP 75 =====
Job: J15, Operation: 3, Job Completed: False
Current Time: 4145.00 -> 4217.00, Setup Time: 40.00
Processing Time: 32.00, Idle Time: 0.00
Completed Jobs: 3/30
Machine: M1, Material: E-Bike_Steuerrohr_ausgerieben

REWARD COMPONENTS:
- makespan_reward: -0.3600
- setup_reward: -10.0000
- deadline_reward: 0.0000
- priority_reward: 0.0000
- critical_job_reward: 0.5000
- placement_reward: 0.0000
- timeliness_reward: -4.8930
- machine_idle_penalty: -3.1000

TOTAL REWARD: -17.8530

CUMULATIVE REWARD COMPONENTS:
- makespan_reward: -21.0850
- setup_reward: -490.7500
- deadline_reward: 39.3229
- priority_reward: 72.0000
- critical_job_reward: 37.2708
- placement_reward: 0.0000
- timeliness_reward: 323.9135
- machine_idle_penalty: -354.2125

CUMULATIVE TOTAL: -393.5403

CRITICAL STATE INFO:
- Valid actions: ['J1', 'J2', 'J3', 'J4', 'J5', 'J6', 'J7', 'J8', 'J9', 'J11', 'J12', 'J13', 'J14', 'J15', 'J16', 'J17', 'J18', 'J19', 'J20', 'J21', 'J23', 'J24', 'J25', 'J26', 'J27', 'J28', 'J30']
- Machine states:
  - Machine M1: Time=4217.00, Idle=0.00, Material=E-Bike_Steuerrohr_ausgerieben
  - Machine M2: Time=4041.00, Idle=176.00, Material=E-Bike_Tretlager_gefraest
  - Machine M3: Time=4145.00, Idle=72.00, Material=Mountainbike_Rahmen_komplettiert
==================================================

2025-06-18 13:40:08,904 - JSPGymEnvironment - INFO - Material change on machine M3: Mountainbike_Rahmen_komplettiert -> E-Bike_Rahmen_nachbearbeitet, setup time: 22
2025-06-18 13:40:08,904 - JSPGymEnvironment - INFO - Executed operation: Job J15, Op 4, Machine M3, Start: 4239, End: 4280, Setup: 22
2025-06-18 13:40:08,904 - JSPGymEnvironment - INFO - Job J15 completed at time 4280, deadline: 2534, met: False, priority: 9
2025-06-18 13:40:08,905 - JSPGymEnvironment - INFO - 
===== REWARD DETAILS FOR STEP 76 =====
Job: J15, Operation: 4, Job Completed: True
Current Time: 4217.00 -> 4280.00, Setup Time: 22.00
Processing Time: 41.00, Idle Time: 0.00
Completed Jobs: 4/30
Machine: M3, Material: E-Bike_Rahmen_nachbearbeitet
Job Deadline: 2534.00 (Missed), Priority: 9

REWARD COMPONENTS:
- makespan_reward: -0.3150
- setup_reward: -5.5000
- deadline_reward: -1.7226
- priority_reward: 36.0000
- critical_job_reward: 4.2316
- placement_reward: 0.0000
- timeliness_reward: -4.9445
- machine_idle_penalty: -3.7750

TOTAL REWARD: 23.9746

CUMULATIVE REWARD COMPONENTS:
- makespan_reward: -21.4000
- setup_reward: -496.2500
- deadline_reward: 37.6003
- priority_reward: 108.0000
- critical_job_reward: 41.5025
- placement_reward: 0.0000
- timeliness_reward: 318.9689
- machine_idle_penalty: -357.9875

CUMULATIVE TOTAL: -369.5657

CRITICAL STATE INFO:
- Valid actions: ['J1', 'J2', 'J3', 'J4', 'J5', 'J6', 'J7', 'J8', 'J9', 'J11', 'J12', 'J13', 'J14', 'J16', 'J17', 'J18', 'J19', 'J20', 'J21', 'J23', 'J24', 'J25', 'J26', 'J27', 'J28', 'J30']
- Machine states:
  - Machine M1: Time=4217.00, Idle=63.00, Material=E-Bike_Steuerrohr_ausgerieben
  - Machine M2: Time=4041.00, Idle=239.00, Material=E-Bike_Tretlager_gefraest
  - Machine M3: Time=4280.00, Idle=0.00, Material=E-Bike_Rahmen_nachbearbeitet
==================================================

2025-06-18 13:40:08,905 - JSPGymEnvironment - INFO - Retro-Bonus für Job J15: -5.0
2025-06-18 13:40:09,047 - JSPGymEnvironment - INFO - Material change on machine M2: E-Bike_Tretlager_gefraest -> E-Bike_Rahmen_komplettiert, setup time: 20
2025-06-18 13:40:09,047 - JSPGymEnvironment - INFO - Executed operation: Job J21, Op 3, Machine M2, Start: 4300, End: 4319, Setup: 20
2025-06-18 13:40:09,047 - JSPGymEnvironment - INFO - 
===== REWARD DETAILS FOR STEP 77 =====
Job: J21, Operation: 3, Job Completed: False
Current Time: 4280.00 -> 4319.00, Setup Time: 20.00
Processing Time: 19.00, Idle Time: 0.00
Completed Jobs: 4/30
Machine: M2, Material: E-Bike_Rahmen_komplettiert

REWARD COMPONENTS:
- makespan_reward: -0.1950
- setup_reward: -5.0000
- deadline_reward: 0.0000
- priority_reward: 0.0000
- critical_job_reward: 0.5000
- placement_reward: 0.0000
- timeliness_reward: -4.9950
- machine_idle_penalty: -1.7625

TOTAL REWARD: -11.4525

CUMULATIVE REWARD COMPONENTS:
- makespan_reward: -21.5950
- setup_reward: -501.2500
- deadline_reward: 37.6003
- priority_reward: 108.0000
- critical_job_reward: 42.0025
- placement_reward: 0.0000
- timeliness_reward: 313.9740
- machine_idle_penalty: -359.7500

CUMULATIVE TOTAL: -381.0182

CRITICAL STATE INFO:
- Valid actions: ['J1', 'J2', 'J3', 'J4', 'J5', 'J6', 'J7', 'J8', 'J9', 'J11', 'J12', 'J13', 'J14', 'J16', 'J17', 'J18', 'J19', 'J20', 'J21', 'J23', 'J24', 'J25', 'J26', 'J27', 'J28', 'J30']
- Machine states:
  - Machine M1: Time=4217.00, Idle=102.00, Material=E-Bike_Steuerrohr_ausgerieben
  - Machine M2: Time=4319.00, Idle=0.00, Material=E-Bike_Rahmen_komplettiert
  - Machine M3: Time=4280.00, Idle=39.00, Material=E-Bike_Rahmen_nachbearbeitet
==================================================

2025-06-18 13:40:09,135 - JSPGymEnvironment - INFO - Material change on machine M3: E-Bike_Rahmen_nachbearbeitet -> Citybike_Fahrrad_endmontiert, setup time: 16
2025-06-18 13:40:09,135 - JSPGymEnvironment - INFO - Executed operation: Job J13, Op 0, Machine M3, Start: 4335, End: 4385, Setup: 16
2025-06-18 13:40:09,136 - JSPGymEnvironment - INFO - 
===== REWARD DETAILS FOR STEP 78 =====
Job: J13, Operation: 0, Job Completed: False
Current Time: 4319.00 -> 4385.00, Setup Time: 16.00
Processing Time: 50.00, Idle Time: 0.00
Completed Jobs: 4/30
Machine: M3, Material: Citybike_Fahrrad_endmontiert

REWARD COMPONENTS:
- makespan_reward: -0.3300
- setup_reward: -4.0000
- deadline_reward: 0.0000
- priority_reward: 0.0000
- critical_job_reward: 0.0000
- placement_reward: 0.0000
- timeliness_reward: -5.0720
- machine_idle_penalty: -2.9250

TOTAL REWARD: -12.3270

CUMULATIVE REWARD COMPONENTS:
- makespan_reward: -21.9250
- setup_reward: -505.2500
- deadline_reward: 37.6003
- priority_reward: 108.0000
- critical_job_reward: 42.0025
- placement_reward: 0.0000
- timeliness_reward: 308.9020
- machine_idle_penalty: -362.6750

CUMULATIVE TOTAL: -393.3452

CRITICAL STATE INFO:
- Valid actions: ['J1', 'J2', 'J3', 'J4', 'J5', 'J6', 'J7', 'J8', 'J9', 'J11', 'J12', 'J13', 'J14', 'J16', 'J17', 'J18', 'J19', 'J20', 'J21', 'J23', 'J24', 'J25', 'J26', 'J27', 'J28', 'J30']
- Machine states:
  - Machine M1: Time=4217.00, Idle=168.00, Material=E-Bike_Steuerrohr_ausgerieben
  - Machine M2: Time=4319.00, Idle=66.00, Material=E-Bike_Rahmen_komplettiert
  - Machine M3: Time=4385.00, Idle=0.00, Material=Citybike_Fahrrad_endmontiert
==================================================

2025-06-18 13:40:09,225 - JSPGymEnvironment - INFO - Material change on machine M1: E-Bike_Steuerrohr_ausgerieben -> E-Bike_Bremsen_justiert, setup time: 40
2025-06-18 13:40:09,225 - JSPGymEnvironment - INFO - Executed operation: Job J28, Op 2, Machine M1, Start: 4425, End: 4451, Setup: 40
2025-06-18 13:40:09,225 - JSPGymEnvironment - INFO - 
===== REWARD DETAILS FOR STEP 79 =====
Job: J28, Operation: 2, Job Completed: False
Current Time: 4385.00 -> 4451.00, Setup Time: 40.00
Processing Time: 26.00, Idle Time: 0.00
Completed Jobs: 4/30
Machine: M1, Material: E-Bike_Bremsen_justiert

REWARD COMPONENTS:
- makespan_reward: -0.3300
- setup_reward: -10.0000
- deadline_reward: 0.0000
- priority_reward: 0.0000
- critical_job_reward: 0.5000
- placement_reward: 0.0000
- timeliness_reward: -5.1395
- machine_idle_penalty: -2.4750

TOTAL REWARD: -17.4445

CUMULATIVE REWARD COMPONENTS:
- makespan_reward: -22.2550
- setup_reward: -515.2500
- deadline_reward: 37.6003
- priority_reward: 108.0000
- critical_job_reward: 42.5025
- placement_reward: 0.0000
- timeliness_reward: 303.7625
- machine_idle_penalty: -365.1500

CUMULATIVE TOTAL: -410.7897

CRITICAL STATE INFO:
- Valid actions: ['J1', 'J2', 'J3', 'J4', 'J5', 'J6', 'J7', 'J8', 'J9', 'J11', 'J12', 'J13', 'J14', 'J16', 'J17', 'J18', 'J19', 'J20', 'J21', 'J23', 'J24', 'J25', 'J26', 'J27', 'J28', 'J30']
- Machine states:
  - Machine M1: Time=4451.00, Idle=0.00, Material=E-Bike_Bremsen_justiert
  - Machine M2: Time=4319.00, Idle=132.00, Material=E-Bike_Rahmen_komplettiert
  - Machine M3: Time=4385.00, Idle=66.00, Material=Citybike_Fahrrad_endmontiert
==================================================

2025-06-18 13:40:09,368 - JSPGymEnvironment - INFO - Material change on machine M2: E-Bike_Rahmen_komplettiert -> Citybike_Fahrrad_endmontiert, setup time: 21
2025-06-18 13:40:09,368 - JSPGymEnvironment - INFO - Executed operation: Job J25, Op 5, Machine M2, Start: 4472, End: 4491, Setup: 21
2025-06-18 13:40:09,369 - JSPGymEnvironment - INFO - 
===== REWARD DETAILS FOR STEP 80 =====
Job: J25, Operation: 5, Job Completed: False
Current Time: 4451.00 -> 4491.00, Setup Time: 21.00
Processing Time: 19.00, Idle Time: 0.00
Completed Jobs: 4/30
Machine: M2, Material: Citybike_Fahrrad_endmontiert

REWARD COMPONENTS:
- makespan_reward: -0.2000
- setup_reward: -5.2500
- deadline_reward: 0.0000
- priority_reward: 0.0000
- critical_job_reward: 0.0000
- placement_reward: 0.0000
- timeliness_reward: -5.1763
- machine_idle_penalty: -1.8250

TOTAL REWARD: -12.4513

CUMULATIVE REWARD COMPONENTS:
- makespan_reward: -22.4550
- setup_reward: -520.5000
- deadline_reward: 37.6003
- priority_reward: 108.0000
- critical_job_reward: 42.5025
- placement_reward: 0.0000
- timeliness_reward: 298.5862
- machine_idle_penalty: -366.9750

CUMULATIVE TOTAL: -423.2410

CRITICAL STATE INFO:
- Valid actions: ['J1', 'J2', 'J3', 'J4', 'J5', 'J6', 'J7', 'J8', 'J9', 'J11', 'J12', 'J13', 'J14', 'J16', 'J17', 'J18', 'J19', 'J20', 'J21', 'J23', 'J24', 'J25', 'J26', 'J27', 'J28', 'J30']
- Machine states:
  - Machine M1: Time=4451.00, Idle=40.00, Material=E-Bike_Bremsen_justiert
  - Machine M2: Time=4491.00, Idle=0.00, Material=Citybike_Fahrrad_endmontiert
  - Machine M3: Time=4385.00, Idle=106.00, Material=Citybike_Fahrrad_endmontiert
==================================================

2025-06-18 13:40:09,458 - JSPGymEnvironment - INFO - Material change on machine M2: Citybike_Fahrrad_endmontiert -> Citybike_Bremsaufnahme_gebohrt, setup time: 20
2025-06-18 13:40:09,458 - JSPGymEnvironment - INFO - Executed operation: Job J5, Op 2, Machine M2, Start: 4511, End: 4538, Setup: 20
2025-06-18 13:40:09,458 - JSPGymEnvironment - INFO - 
===== REWARD DETAILS FOR STEP 81 =====
Job: J5, Operation: 2, Job Completed: False
Current Time: 4491.00 -> 4538.00, Setup Time: 20.00
Processing Time: 27.00, Idle Time: 0.00
Completed Jobs: 4/30
Machine: M2, Material: Citybike_Bremsaufnahme_gebohrt

REWARD COMPONENTS:
- makespan_reward: -0.2350
- setup_reward: -5.0000
- deadline_reward: 0.0000
- priority_reward: 0.0000
- critical_job_reward: 0.0000
- placement_reward: 0.0000
- timeliness_reward: -5.2158
- machine_idle_penalty: -3.0000

TOTAL REWARD: -13.4508

CUMULATIVE REWARD COMPONENTS:
- makespan_reward: -22.6900
- setup_reward: -525.5000
- deadline_reward: 37.6003
- priority_reward: 108.0000
- critical_job_reward: 42.5025
- placement_reward: 0.0000
- timeliness_reward: 293.3704
- machine_idle_penalty: -369.9750

CUMULATIVE TOTAL: -436.6918

CRITICAL STATE INFO:
- Valid actions: ['J1', 'J2', 'J3', 'J4', 'J5', 'J6', 'J7', 'J8', 'J9', 'J11', 'J12', 'J13', 'J14', 'J16', 'J17', 'J18', 'J19', 'J20', 'J21', 'J23', 'J24', 'J25', 'J26', 'J27', 'J28', 'J30']
- Machine states:
  - Machine M1: Time=4451.00, Idle=87.00, Material=E-Bike_Bremsen_justiert
  - Machine M2: Time=4538.00, Idle=0.00, Material=Citybike_Bremsaufnahme_gebohrt
  - Machine M3: Time=4385.00, Idle=153.00, Material=Citybike_Fahrrad_endmontiert
==================================================

2025-06-18 13:40:09,546 - JSPGymEnvironment - INFO - Material change on machine M3: Citybike_Fahrrad_endmontiert -> E-Bike_Bremsaufnahme_gebohrt, setup time: 20
2025-06-18 13:40:09,546 - JSPGymEnvironment - INFO - Executed operation: Job J28, Op 3, Machine M3, Start: 4558, End: 4595, Setup: 20
2025-06-18 13:40:09,547 - JSPGymEnvironment - INFO - 
===== REWARD DETAILS FOR STEP 82 =====
Job: J28, Operation: 3, Job Completed: False
Current Time: 4538.00 -> 4595.00, Setup Time: 20.00
Processing Time: 37.00, Idle Time: 0.00
Completed Jobs: 4/30
Machine: M3, Material: E-Bike_Bremsaufnahme_gebohrt

REWARD COMPONENTS:
- makespan_reward: -0.2850
- setup_reward: -5.0000
- deadline_reward: 0.0000
- priority_reward: 0.0000
- critical_job_reward: 0.5000
- placement_reward: 0.0000
- timeliness_reward: -5.2590
- machine_idle_penalty: -2.5125

TOTAL REWARD: -12.5565

CUMULATIVE REWARD COMPONENTS:
- makespan_reward: -22.9750
- setup_reward: -530.5000
- deadline_reward: 37.6003
- priority_reward: 108.0000
- critical_job_reward: 43.0025
- placement_reward: 0.0000
- timeliness_reward: 288.1114
- machine_idle_penalty: -372.4875

CUMULATIVE TOTAL: -449.2482

CRITICAL STATE INFO:
- Valid actions: ['J1', 'J2', 'J3', 'J4', 'J5', 'J6', 'J7', 'J8', 'J9', 'J11', 'J12', 'J13', 'J14', 'J16', 'J17', 'J18', 'J19', 'J20', 'J21', 'J23', 'J24', 'J25', 'J26', 'J27', 'J28', 'J30']
- Machine states:
  - Machine M1: Time=4451.00, Idle=144.00, Material=E-Bike_Bremsen_justiert
  - Machine M2: Time=4538.00, Idle=57.00, Material=Citybike_Bremsaufnahme_gebohrt
  - Machine M3: Time=4595.00, Idle=0.00, Material=E-Bike_Bremsaufnahme_gebohrt
==================================================

2025-06-18 13:40:09,632 - JSPGymEnvironment - INFO - Material change on machine M2: Citybike_Bremsaufnahme_gebohrt -> E-Bike_Hauptrahmen_zugeschnitten, setup time: 30
2025-06-18 13:40:09,632 - JSPGymEnvironment - INFO - Executed operation: Job J28, Op 4, Machine M2, Start: 4625, End: 4645, Setup: 30
2025-06-18 13:40:09,633 - JSPGymEnvironment - INFO - 
===== REWARD DETAILS FOR STEP 83 =====
Job: J28, Operation: 4, Job Completed: False
Current Time: 4595.00 -> 4645.00, Setup Time: 30.00
Processing Time: 20.00, Idle Time: 0.00
Completed Jobs: 4/30
Machine: M2, Material: E-Bike_Hauptrahmen_zugeschnitten

REWARD COMPONENTS:
- makespan_reward: -0.2500
- setup_reward: -7.5000
- deadline_reward: 0.0000
- priority_reward: 0.0000
- critical_job_reward: 0.5000
- placement_reward: 0.0000
- timeliness_reward: -5.2929
- machine_idle_penalty: -3.0500

TOTAL REWARD: -15.5929

CUMULATIVE REWARD COMPONENTS:
- makespan_reward: -23.2250
- setup_reward: -538.0000
- deadline_reward: 37.6003
- priority_reward: 108.0000
- critical_job_reward: 43.5025
- placement_reward: 0.0000
- timeliness_reward: 282.8186
- machine_idle_penalty: -375.5375

CUMULATIVE TOTAL: -464.8411

CRITICAL STATE INFO:
- Valid actions: ['J1', 'J2', 'J3', 'J4', 'J5', 'J6', 'J7', 'J8', 'J9', 'J11', 'J12', 'J13', 'J14', 'J16', 'J17', 'J18', 'J19', 'J20', 'J21', 'J23', 'J24', 'J25', 'J26', 'J27', 'J28', 'J30']
- Machine states:
  - Machine M1: Time=4451.00, Idle=194.00, Material=E-Bike_Bremsen_justiert
  - Machine M2: Time=4645.00, Idle=0.00, Material=E-Bike_Hauptrahmen_zugeschnitten
  - Machine M3: Time=4595.00, Idle=50.00, Material=E-Bike_Bremsaufnahme_gebohrt
==================================================

2025-06-18 13:40:09,773 - JSPGymEnvironment - INFO - Material change on machine M1: E-Bike_Bremsen_justiert -> Citybike_Antrieb_installiert, setup time: 48
2025-06-18 13:40:09,773 - JSPGymEnvironment - INFO - Executed operation: Job J25, Op 6, Machine M1, Start: 4693, End: 4715, Setup: 48
2025-06-18 13:40:09,773 - JSPGymEnvironment - INFO - 
===== REWARD DETAILS FOR STEP 84 =====
Job: J25, Operation: 6, Job Completed: False
Current Time: 4645.00 -> 4715.00, Setup Time: 48.00
Processing Time: 22.00, Idle Time: 0.00
Completed Jobs: 4/30
Machine: M1, Material: Citybike_Antrieb_installiert

REWARD COMPONENTS:
- makespan_reward: -0.3500
- setup_reward: -12.0000
- deadline_reward: 0.0000
- priority_reward: 0.0000
- critical_job_reward: 0.0000
- placement_reward: 0.0000
- timeliness_reward: -5.3349
- machine_idle_penalty: -2.3750

TOTAL REWARD: -20.0599

CUMULATIVE REWARD COMPONENTS:
- makespan_reward: -23.5750
- setup_reward: -550.0000
- deadline_reward: 37.6003
- priority_reward: 108.0000
- critical_job_reward: 43.5025
- placement_reward: 0.0000
- timeliness_reward: 277.4837
- machine_idle_penalty: -377.9125

CUMULATIVE TOTAL: -484.9010

CRITICAL STATE INFO:
- Valid actions: ['J1', 'J2', 'J3', 'J4', 'J5', 'J6', 'J7', 'J8', 'J9', 'J11', 'J12', 'J13', 'J14', 'J16', 'J17', 'J18', 'J19', 'J20', 'J21', 'J23', 'J24', 'J25', 'J26', 'J27', 'J28', 'J30']
- Machine states:
  - Machine M1: Time=4715.00, Idle=0.00, Material=Citybike_Antrieb_installiert
  - Machine M2: Time=4645.00, Idle=70.00, Material=E-Bike_Hauptrahmen_zugeschnitten
  - Machine M3: Time=4595.00, Idle=120.00, Material=E-Bike_Bremsaufnahme_gebohrt
==================================================

2025-06-18 13:40:09,861 - JSPGymEnvironment - INFO - Material change on machine M2: E-Bike_Hauptrahmen_zugeschnitten -> E-Bike_Steuerrohr_ausgerieben, setup time: 20
2025-06-18 13:40:09,861 - JSPGymEnvironment - INFO - Executed operation: Job J27, Op 3, Machine M2, Start: 4735, End: 4757, Setup: 20
2025-06-18 13:40:09,862 - JSPGymEnvironment - INFO - 
===== REWARD DETAILS FOR STEP 85 =====
Job: J27, Operation: 3, Job Completed: False
Current Time: 4715.00 -> 4757.00, Setup Time: 20.00
Processing Time: 22.00, Idle Time: 0.00
Completed Jobs: 4/30
Machine: M2, Material: E-Bike_Steuerrohr_ausgerieben

REWARD COMPONENTS:
- makespan_reward: -0.2100
- setup_reward: -5.0000
- deadline_reward: 0.0000
- priority_reward: 0.0000
- critical_job_reward: 0.5000
- placement_reward: 0.0000
- timeliness_reward: -5.3573
- machine_idle_penalty: -2.5500

TOTAL REWARD: -12.6173

CUMULATIVE REWARD COMPONENTS:
- makespan_reward: -23.7850
- setup_reward: -555.0000
- deadline_reward: 37.6003
- priority_reward: 108.0000
- critical_job_reward: 44.0025
- placement_reward: 0.0000
- timeliness_reward: 272.1264
- machine_idle_penalty: -380.4625

CUMULATIVE TOTAL: -497.5183

CRITICAL STATE INFO:
- Valid actions: ['J1', 'J2', 'J3', 'J4', 'J5', 'J6', 'J7', 'J8', 'J9', 'J11', 'J12', 'J13', 'J14', 'J16', 'J17', 'J18', 'J19', 'J20', 'J21', 'J23', 'J24', 'J25', 'J26', 'J27', 'J28', 'J30']
- Machine states:
  - Machine M1: Time=4715.00, Idle=42.00, Material=Citybike_Antrieb_installiert
  - Machine M2: Time=4757.00, Idle=0.00, Material=E-Bike_Steuerrohr_ausgerieben
  - Machine M3: Time=4595.00, Idle=162.00, Material=E-Bike_Bremsaufnahme_gebohrt
==================================================

2025-06-18 13:40:09,947 - JSPGymEnvironment - INFO - Material change on machine M2: E-Bike_Steuerrohr_ausgerieben -> Racebike_Tretlageraufnahme_geschweisst, setup time: 29
2025-06-18 13:40:09,947 - JSPGymEnvironment - INFO - Executed operation: Job J1, Op 3, Machine M2, Start: 4786, End: 4796, Setup: 29
2025-06-18 13:40:09,948 - JSPGymEnvironment - INFO - 
===== REWARD DETAILS FOR STEP 86 =====
Job: J1, Operation: 3, Job Completed: False
Current Time: 4757.00 -> 4796.00, Setup Time: 29.00
Processing Time: 10.00, Idle Time: 0.00
Completed Jobs: 4/30
Machine: M2, Material: Racebike_Tretlageraufnahme_geschweisst

REWARD COMPONENTS:
- makespan_reward: -0.1950
- setup_reward: -7.2500
- deadline_reward: 0.0000
- priority_reward: 0.0000
- critical_job_reward: 0.5000
- placement_reward: 0.0000
- timeliness_reward: -5.3765
- machine_idle_penalty: -3.5250

TOTAL REWARD: -15.8465

CUMULATIVE REWARD COMPONENTS:
- makespan_reward: -23.9800
- setup_reward: -562.2500
- deadline_reward: 37.6003
- priority_reward: 108.0000
- critical_job_reward: 44.5025
- placement_reward: 0.0000
- timeliness_reward: 266.7500
- machine_idle_penalty: -383.9875

CUMULATIVE TOTAL: -513.3647

CRITICAL STATE INFO:
- Valid actions: ['J1', 'J2', 'J3', 'J4', 'J5', 'J6', 'J7', 'J8', 'J9', 'J11', 'J12', 'J13', 'J14', 'J16', 'J17', 'J18', 'J19', 'J20', 'J21', 'J23', 'J24', 'J25', 'J26', 'J27', 'J28', 'J30']
- Machine states:
  - Machine M1: Time=4715.00, Idle=81.00, Material=Citybike_Antrieb_installiert
  - Machine M2: Time=4796.00, Idle=0.00, Material=Racebike_Tretlageraufnahme_geschweisst
  - Machine M3: Time=4595.00, Idle=201.00, Material=E-Bike_Bremsaufnahme_gebohrt
==================================================

2025-06-18 13:40:10,093 - JSPGymEnvironment - INFO - Material change on machine M1: Citybike_Antrieb_installiert -> Citybike_Schaltauge_bearbeitet, setup time: 40
2025-06-18 13:40:10,093 - JSPGymEnvironment - INFO - Executed operation: Job J25, Op 7, Machine M1, Start: 4836, End: 4877, Setup: 40
2025-06-18 13:40:10,093 - JSPGymEnvironment - INFO - Job J25 completed at time 4877, deadline: 2880, met: False, priority: 4
2025-06-18 13:40:10,093 - JSPGymEnvironment - INFO - 
===== REWARD DETAILS FOR STEP 87 =====
Job: J25, Operation: 7, Job Completed: True
Current Time: 4796.00 -> 4877.00, Setup Time: 40.00
Processing Time: 41.00, Idle Time: 0.00
Completed Jobs: 5/30
Machine: M1, Material: Citybike_Schaltauge_bearbeitet
Job Deadline: 2880.00 (Missed), Priority: 4

REWARD COMPONENTS:
- makespan_reward: -0.4050
- setup_reward: -10.0000
- deadline_reward: -1.7335
- priority_reward: 16.0000
- critical_job_reward: 0.0000
- placement_reward: 0.0000
- timeliness_reward: -5.4123
- machine_idle_penalty: -4.5375

TOTAL REWARD: -6.0883

CUMULATIVE REWARD COMPONENTS:
- makespan_reward: -24.3850
- setup_reward: -572.2500
- deadline_reward: 35.8668
- priority_reward: 124.0000
- critical_job_reward: 44.5025
- placement_reward: 0.0000
- timeliness_reward: 261.3377
- machine_idle_penalty: -388.5250

CUMULATIVE TOTAL: -519.4530

CRITICAL STATE INFO:
- Valid actions: ['J1', 'J2', 'J3', 'J4', 'J5', 'J6', 'J7', 'J8', 'J9', 'J11', 'J12', 'J13', 'J14', 'J16', 'J17', 'J18', 'J19', 'J20', 'J21', 'J23', 'J24', 'J26', 'J27', 'J28', 'J30']
- Machine states:
  - Machine M1: Time=4877.00, Idle=0.00, Material=Citybike_Schaltauge_bearbeitet
  - Machine M2: Time=4796.00, Idle=81.00, Material=Racebike_Tretlageraufnahme_geschweisst
  - Machine M3: Time=4595.00, Idle=282.00, Material=E-Bike_Bremsaufnahme_gebohrt
==================================================

2025-06-18 13:40:10,094 - JSPGymEnvironment - INFO - Retro-Bonus für Job J25: -10.0
2025-06-18 13:40:10,189 - JSPGymEnvironment - INFO - Material change on machine M3: E-Bike_Bremsaufnahme_gebohrt -> Citybike_Hinterbau_vorbereitet, setup time: 16
2025-06-18 13:40:10,190 - JSPGymEnvironment - INFO - Executed operation: Job J18, Op 3, Machine M3, Start: 4893, End: 4931, Setup: 16
2025-06-18 13:40:10,190 - JSPGymEnvironment - INFO - 
===== REWARD DETAILS FOR STEP 88 =====
Job: J18, Operation: 3, Job Completed: False
Current Time: 4877.00 -> 4931.00, Setup Time: 16.00
Processing Time: 38.00, Idle Time: 0.00
Completed Jobs: 5/30
Machine: M3, Material: Citybike_Hinterbau_vorbereitet

REWARD COMPONENTS:
- makespan_reward: -0.2700
- setup_reward: -4.0000
- deadline_reward: 0.0000
- priority_reward: 0.0000
- critical_job_reward: 0.0000
- placement_reward: 0.0000
- timeliness_reward: -5.4326
- machine_idle_penalty: -2.3625

TOTAL REWARD: -12.0651

CUMULATIVE REWARD COMPONENTS:
- makespan_reward: -24.6550
- setup_reward: -576.2500
- deadline_reward: 35.8668
- priority_reward: 124.0000
- critical_job_reward: 44.5025
- placement_reward: 0.0000
- timeliness_reward: 255.9051
- machine_idle_penalty: -390.8875

CUMULATIVE TOTAL: -531.5181

CRITICAL STATE INFO:
- Valid actions: ['J1', 'J2', 'J3', 'J4', 'J5', 'J6', 'J7', 'J8', 'J9', 'J11', 'J12', 'J13', 'J14', 'J16', 'J17', 'J18', 'J19', 'J20', 'J21', 'J23', 'J24', 'J26', 'J27', 'J28', 'J30']
- Machine states:
  - Machine M1: Time=4877.00, Idle=54.00, Material=Citybike_Schaltauge_bearbeitet
  - Machine M2: Time=4796.00, Idle=135.00, Material=Racebike_Tretlageraufnahme_geschweisst
  - Machine M3: Time=4931.00, Idle=0.00, Material=Citybike_Hinterbau_vorbereitet
==================================================

2025-06-18 13:40:10,288 - JSPGymEnvironment - INFO - Material change on machine M2: Racebike_Tretlageraufnahme_geschweisst -> Citybike_Steuerrohr_ausgerieben, setup time: 25
2025-06-18 13:40:10,289 - JSPGymEnvironment - INFO - Executed operation: Job J18, Op 4, Machine M2, Start: 4956, End: 4980, Setup: 25
2025-06-18 13:40:10,289 - JSPGymEnvironment - INFO - 
===== REWARD DETAILS FOR STEP 89 =====
Job: J18, Operation: 4, Job Completed: False
Current Time: 4931.00 -> 4980.00, Setup Time: 25.00
Processing Time: 24.00, Idle Time: 0.00
Completed Jobs: 5/30
Machine: M2, Material: Citybike_Steuerrohr_ausgerieben

REWARD COMPONENTS:
- makespan_reward: -0.2450
- setup_reward: -6.2500
- deadline_reward: 0.0000
- priority_reward: 0.0000
- critical_job_reward: 0.0000
- placement_reward: 0.0000
- timeliness_reward: -5.4491
- machine_idle_penalty: -1.9000

TOTAL REWARD: -13.8441

CUMULATIVE REWARD COMPONENTS:
- makespan_reward: -24.9000
- setup_reward: -582.5000
- deadline_reward: 35.8668
- priority_reward: 124.0000
- critical_job_reward: 44.5025
- placement_reward: 0.0000
- timeliness_reward: 250.4561
- machine_idle_penalty: -392.7875

CUMULATIVE TOTAL: -545.3621

CRITICAL STATE INFO:
- Valid actions: ['J1', 'J2', 'J3', 'J4', 'J5', 'J6', 'J7', 'J8', 'J9', 'J11', 'J12', 'J13', 'J14', 'J16', 'J17', 'J18', 'J19', 'J20', 'J21', 'J23', 'J24', 'J26', 'J27', 'J28', 'J30']
- Machine states:
  - Machine M1: Time=4877.00, Idle=103.00, Material=Citybike_Schaltauge_bearbeitet
  - Machine M2: Time=4980.00, Idle=0.00, Material=Citybike_Steuerrohr_ausgerieben
  - Machine M3: Time=4931.00, Idle=49.00, Material=Citybike_Hinterbau_vorbereitet
==================================================

2025-06-18 13:40:10,383 - JSPGymEnvironment - INFO - Material change on machine M2: Citybike_Steuerrohr_ausgerieben -> Racebike_Hinterbau_vorbereitet, setup time: 16
2025-06-18 13:40:10,384 - JSPGymEnvironment - INFO - Executed operation: Job J1, Op 4, Machine M2, Start: 4996, End: 5006, Setup: 16
2025-06-18 13:40:10,384 - JSPGymEnvironment - INFO - 
===== REWARD DETAILS FOR STEP 90 =====
Job: J1, Operation: 4, Job Completed: False
Current Time: 4980.00 -> 5006.00, Setup Time: 16.00
Processing Time: 10.00, Idle Time: 0.00
Completed Jobs: 5/30
Machine: M2, Material: Racebike_Hinterbau_vorbereitet

REWARD COMPONENTS:
- makespan_reward: -0.1300
- setup_reward: -4.0000
- deadline_reward: 0.0000
- priority_reward: 0.0000
- critical_job_reward: 0.5000
- placement_reward: 0.0000
- timeliness_reward: -5.4572
- machine_idle_penalty: -2.5500

TOTAL REWARD: -11.6372

CUMULATIVE REWARD COMPONENTS:
- makespan_reward: -25.0300
- setup_reward: -586.5000
- deadline_reward: 35.8668
- priority_reward: 124.0000
- critical_job_reward: 45.0025
- placement_reward: 0.0000
- timeliness_reward: 244.9989
- machine_idle_penalty: -395.3375

CUMULATIVE TOTAL: -556.9993

CRITICAL STATE INFO:
- Valid actions: ['J1', 'J2', 'J3', 'J4', 'J5', 'J6', 'J7', 'J8', 'J9', 'J11', 'J12', 'J13', 'J14', 'J16', 'J17', 'J18', 'J19', 'J20', 'J21', 'J23', 'J24', 'J26', 'J27', 'J28', 'J30']
- Machine states:
  - Machine M1: Time=4877.00, Idle=129.00, Material=Citybike_Schaltauge_bearbeitet
  - Machine M2: Time=5006.00, Idle=0.00, Material=Racebike_Hinterbau_vorbereitet
  - Machine M3: Time=4931.00, Idle=75.00, Material=Citybike_Hinterbau_vorbereitet
==================================================

2025-06-18 13:40:10,533 - JSPGymEnvironment - INFO - Material change on machine M2: Racebike_Hinterbau_vorbereitet -> Mountainbike_Rahmen_nachbearbeitet, setup time: 18
2025-06-18 13:40:10,533 - JSPGymEnvironment - INFO - Executed operation: Job J30, Op 3, Machine M2, Start: 5024, End: 5046, Setup: 18
2025-06-18 13:40:10,534 - JSPGymEnvironment - INFO - 
===== REWARD DETAILS FOR STEP 91 =====
Job: J30, Operation: 3, Job Completed: False
Current Time: 5006.00 -> 5046.00, Setup Time: 18.00
Processing Time: 22.00, Idle Time: 0.00
Completed Jobs: 5/30
Machine: M2, Material: Mountainbike_Rahmen_nachbearbeitet

REWARD COMPONENTS:
- makespan_reward: -0.2000
- setup_reward: -4.5000
- deadline_reward: 0.0000
- priority_reward: 0.0000
- critical_job_reward: 0.0000
- placement_reward: 0.0000
- timeliness_reward: -5.4688
- machine_idle_penalty: -3.5500

TOTAL REWARD: -13.7188

CUMULATIVE REWARD COMPONENTS:
- makespan_reward: -25.2300
- setup_reward: -591.0000
- deadline_reward: 35.8668
- priority_reward: 124.0000
- critical_job_reward: 45.0025
- placement_reward: 0.0000
- timeliness_reward: 239.5301
- machine_idle_penalty: -398.8875

CUMULATIVE TOTAL: -570.7180

CRITICAL STATE INFO:
- Valid actions: ['J1', 'J2', 'J3', 'J4', 'J5', 'J6', 'J7', 'J8', 'J9', 'J11', 'J12', 'J13', 'J14', 'J16', 'J17', 'J18', 'J19', 'J20', 'J21', 'J23', 'J24', 'J26', 'J27', 'J28', 'J30']
- Machine states:
  - Machine M1: Time=4877.00, Idle=169.00, Material=Citybike_Schaltauge_bearbeitet
  - Machine M2: Time=5046.00, Idle=0.00, Material=Mountainbike_Rahmen_nachbearbeitet
  - Machine M3: Time=4931.00, Idle=115.00, Material=Citybike_Hinterbau_vorbereitet
==================================================

2025-06-18 13:40:10,643 - JSPGymEnvironment - INFO - Material change on machine M3: Citybike_Hinterbau_vorbereitet -> Racebike_Steuerrohr_montiert, setup time: 13
2025-06-18 13:40:10,643 - JSPGymEnvironment - INFO - Executed operation: Job J1, Op 5, Machine M3, Start: 5059, End: 5098, Setup: 13
2025-06-18 13:40:10,644 - JSPGymEnvironment - INFO - 
===== REWARD DETAILS FOR STEP 92 =====
Job: J1, Operation: 5, Job Completed: False
Current Time: 5046.00 -> 5098.00, Setup Time: 13.00
Processing Time: 39.00, Idle Time: 0.00
Completed Jobs: 5/30
Machine: M3, Material: Racebike_Steuerrohr_montiert

REWARD COMPONENTS:
- makespan_reward: -0.2600
- setup_reward: -3.2500
- deadline_reward: 0.0000
- priority_reward: 0.0000
- critical_job_reward: 0.5000
- placement_reward: 0.0000
- timeliness_reward: -5.4825
- machine_idle_penalty: -3.4125

TOTAL REWARD: -11.9050

CUMULATIVE REWARD COMPONENTS:
- makespan_reward: -25.4900
- setup_reward: -594.2500
- deadline_reward: 35.8668
- priority_reward: 124.0000
- critical_job_reward: 45.5025
- placement_reward: 0.0000
- timeliness_reward: 234.0476
- machine_idle_penalty: -402.3000

CUMULATIVE TOTAL: -582.6230

CRITICAL STATE INFO:
- Valid actions: ['J1', 'J2', 'J3', 'J4', 'J5', 'J6', 'J7', 'J8', 'J9', 'J11', 'J12', 'J13', 'J14', 'J16', 'J17', 'J18', 'J19', 'J20', 'J21', 'J23', 'J24', 'J26', 'J27', 'J28', 'J30']
- Machine states:
  - Machine M1: Time=4877.00, Idle=221.00, Material=Citybike_Schaltauge_bearbeitet
  - Machine M2: Time=5046.00, Idle=52.00, Material=Mountainbike_Rahmen_nachbearbeitet
  - Machine M3: Time=5098.00, Idle=0.00, Material=Racebike_Steuerrohr_montiert
==================================================

2025-06-18 13:40:10,754 - JSPGymEnvironment - INFO - Material change on machine M2: Mountainbike_Rahmen_nachbearbeitet -> Mountainbike_Bremsaufnahme_gebohrt, setup time: 20
2025-06-18 13:40:10,754 - JSPGymEnvironment - INFO - Executed operation: Job J6, Op 1, Machine M2, Start: 5118, End: 5137, Setup: 20
2025-06-18 13:40:10,755 - JSPGymEnvironment - INFO - 
===== REWARD DETAILS FOR STEP 93 =====
Job: J6, Operation: 1, Job Completed: False
Current Time: 5098.00 -> 5137.00, Setup Time: 20.00
Processing Time: 19.00, Idle Time: 0.00
Completed Jobs: 5/30
Machine: M2, Material: Mountainbike_Bremsaufnahme_gebohrt

REWARD COMPONENTS:
- makespan_reward: -0.1950
- setup_reward: -5.0000
- deadline_reward: 0.0000
- priority_reward: 0.0000
- critical_job_reward: 0.5000
- placement_reward: 0.0000
- timeliness_reward: -5.4918
- machine_idle_penalty: -3.7375

TOTAL REWARD: -13.9243

CUMULATIVE REWARD COMPONENTS:
- makespan_reward: -25.6850
- setup_reward: -599.2500
- deadline_reward: 35.8668
- priority_reward: 124.0000
- critical_job_reward: 46.0025
- placement_reward: 0.0000
- timeliness_reward: 228.5558
- machine_idle_penalty: -406.0375

CUMULATIVE TOTAL: -596.5474

CRITICAL STATE INFO:
- Valid actions: ['J1', 'J2', 'J3', 'J4', 'J5', 'J6', 'J7', 'J8', 'J9', 'J11', 'J12', 'J13', 'J14', 'J16', 'J17', 'J18', 'J19', 'J20', 'J21', 'J23', 'J24', 'J26', 'J27', 'J28', 'J30']
- Machine states:
  - Machine M1: Time=4877.00, Idle=260.00, Material=Citybike_Schaltauge_bearbeitet
  - Machine M2: Time=5137.00, Idle=0.00, Material=Mountainbike_Bremsaufnahme_gebohrt
  - Machine M3: Time=5098.00, Idle=39.00, Material=Racebike_Steuerrohr_montiert
==================================================

2025-06-18 13:40:10,957 - JSPGymEnvironment - INFO - Material change on machine M2: Mountainbike_Bremsaufnahme_gebohrt -> Citybike_Tretlager_gefraest, setup time: 22
2025-06-18 13:40:10,957 - JSPGymEnvironment - INFO - Executed operation: Job J3, Op 2, Machine M2, Start: 5159, End: 5171, Setup: 22
2025-06-18 13:40:10,958 - JSPGymEnvironment - INFO - 
===== REWARD DETAILS FOR STEP 94 =====
Job: J3, Operation: 2, Job Completed: False
Current Time: 5137.00 -> 5171.00, Setup Time: 22.00
Processing Time: 12.00, Idle Time: 0.00
Completed Jobs: 5/30
Machine: M2, Material: Citybike_Tretlager_gefraest

REWARD COMPONENTS:
- makespan_reward: -0.1700
- setup_reward: -5.5000
- deadline_reward: 0.0000
- priority_reward: 0.0000
- critical_job_reward: 0.0000
- placement_reward: 0.0000
- timeliness_reward: -5.4994
- machine_idle_penalty: -4.5875

TOTAL REWARD: -15.7569

CUMULATIVE REWARD COMPONENTS:
- makespan_reward: -25.8550
- setup_reward: -604.7500
- deadline_reward: 35.8668
- priority_reward: 124.0000
- critical_job_reward: 46.0025
- placement_reward: 0.0000
- timeliness_reward: 223.0564
- machine_idle_penalty: -410.6250

CUMULATIVE TOTAL: -612.3042

CRITICAL STATE INFO:
- Valid actions: ['J1', 'J2', 'J3', 'J4', 'J5', 'J6', 'J7', 'J8', 'J9', 'J11', 'J12', 'J13', 'J14', 'J16', 'J17', 'J18', 'J19', 'J20', 'J21', 'J23', 'J24', 'J26', 'J27', 'J28', 'J30']
- Machine states:
  - Machine M1: Time=4877.00, Idle=294.00, Material=Citybike_Schaltauge_bearbeitet
  - Machine M2: Time=5171.00, Idle=0.00, Material=Citybike_Tretlager_gefraest
  - Machine M3: Time=5098.00, Idle=73.00, Material=Racebike_Steuerrohr_montiert
==================================================

2025-06-18 13:40:11,072 - JSPGymEnvironment - INFO - Material change on machine M2: Citybike_Tretlager_gefraest -> Mountainbike_Bremsen_justiert, setup time: 20
2025-06-18 13:40:11,072 - JSPGymEnvironment - INFO - Executed operation: Job J9, Op 7, Machine M2, Start: 5191, End: 5207, Setup: 20
2025-06-18 13:40:11,072 - JSPGymEnvironment - INFO - Job J9 completed at time 5207, deadline: 2880, met: False, priority: 2
2025-06-18 13:40:11,073 - JSPGymEnvironment - INFO - 
===== REWARD DETAILS FOR STEP 95 =====
Job: J9, Operation: 7, Job Completed: True
Current Time: 5171.00 -> 5207.00, Setup Time: 20.00
Processing Time: 16.00, Idle Time: 0.00
Completed Jobs: 6/30
Machine: M2, Material: Mountainbike_Bremsen_justiert
Job Deadline: 2880.00 (Missed), Priority: 2

REWARD COMPONENTS:
- makespan_reward: -0.1800
- setup_reward: -5.0000
- deadline_reward: -2.0200
- priority_reward: 8.0000
- critical_job_reward: 0.0000
- placement_reward: 0.0000
- timeliness_reward: -5.5069
- machine_idle_penalty: -5.4875

TOTAL REWARD: -10.1943

CUMULATIVE REWARD COMPONENTS:
- makespan_reward: -26.0350
- setup_reward: -609.7500
- deadline_reward: 33.8469
- priority_reward: 132.0000
- critical_job_reward: 46.0025
- placement_reward: 0.0000
- timeliness_reward: 217.5496
- machine_idle_penalty: -416.1125

CUMULATIVE TOTAL: -622.4986

CRITICAL STATE INFO:
- Valid actions: ['J1', 'J2', 'J3', 'J4', 'J5', 'J6', 'J7', 'J8', 'J11', 'J12', 'J13', 'J14', 'J16', 'J17', 'J18', 'J19', 'J20', 'J21', 'J23', 'J24', 'J26', 'J27', 'J28', 'J30']
- Machine states:
  - Machine M1: Time=4877.00, Idle=330.00, Material=Citybike_Schaltauge_bearbeitet
  - Machine M2: Time=5207.00, Idle=0.00, Material=Mountainbike_Bremsen_justiert
  - Machine M3: Time=5098.00, Idle=109.00, Material=Racebike_Steuerrohr_montiert
==================================================

2025-06-18 13:40:11,073 - JSPGymEnvironment - INFO - Retro-Bonus für Job J9: -10.0
2025-06-18 13:40:11,186 - JSPGymEnvironment - INFO - Material change on machine M1: Citybike_Schaltauge_bearbeitet -> Mountainbike_Hinterbau_vorbereitet, setup time: 30
2025-06-18 13:40:11,186 - JSPGymEnvironment - INFO - Executed operation: Job J6, Op 2, Machine M1, Start: 5237, End: 5281, Setup: 30
2025-06-18 13:40:11,186 - JSPGymEnvironment - INFO - 
===== REWARD DETAILS FOR STEP 96 =====
Job: J6, Operation: 2, Job Completed: False
Current Time: 5207.00 -> 5281.00, Setup Time: 30.00
Processing Time: 44.00, Idle Time: 0.00
Completed Jobs: 6/30
Machine: M1, Material: Mountainbike_Hinterbau_vorbereitet

REWARD COMPONENTS:
- makespan_reward: -0.3700
- setup_reward: -7.5000
- deadline_reward: 0.0000
- priority_reward: 0.0000
- critical_job_reward: 0.5000
- placement_reward: 0.0000
- timeliness_reward: -5.5204
- machine_idle_penalty: -3.2125

TOTAL REWARD: -16.1029

CUMULATIVE REWARD COMPONENTS:
- makespan_reward: -26.4050
- setup_reward: -617.2500
- deadline_reward: 33.8469
- priority_reward: 132.0000
- critical_job_reward: 46.5025
- placement_reward: 0.0000
- timeliness_reward: 212.0291
- machine_idle_penalty: -419.3250

CUMULATIVE TOTAL: -638.6015

CRITICAL STATE INFO:
- Valid actions: ['J1', 'J2', 'J3', 'J4', 'J5', 'J6', 'J7', 'J8', 'J11', 'J12', 'J13', 'J14', 'J16', 'J17', 'J18', 'J19', 'J20', 'J21', 'J23', 'J24', 'J26', 'J27', 'J28', 'J30']
- Machine states:
  - Machine M1: Time=5281.00, Idle=0.00, Material=Mountainbike_Hinterbau_vorbereitet
  - Machine M2: Time=5207.00, Idle=74.00, Material=Mountainbike_Bremsen_justiert
  - Machine M3: Time=5098.00, Idle=183.00, Material=Racebike_Steuerrohr_montiert
==================================================

2025-06-18 13:40:11,297 - JSPGymEnvironment - INFO - Material change on machine M3: Racebike_Steuerrohr_montiert -> Mountainbike_Hauptrahmen_zugeschnitten, setup time: 18
2025-06-18 13:40:11,297 - JSPGymEnvironment - INFO - Executed operation: Job J30, Op 4, Machine M3, Start: 5299, End: 5350, Setup: 18
2025-06-18 13:40:11,297 - JSPGymEnvironment - INFO - 
===== REWARD DETAILS FOR STEP 97 =====
Job: J30, Operation: 4, Job Completed: False
Current Time: 5281.00 -> 5350.00, Setup Time: 18.00
Processing Time: 51.00, Idle Time: 0.00
Completed Jobs: 6/30
Machine: M3, Material: Mountainbike_Hauptrahmen_zugeschnitten

REWARD COMPONENTS:
- makespan_reward: -0.3450
- setup_reward: -4.5000
- deadline_reward: 0.0000
- priority_reward: 0.0000
- critical_job_reward: 0.0000
- placement_reward: 0.0000
- timeliness_reward: -5.5313
- machine_idle_penalty: -2.6500

TOTAL REWARD: -13.0263

CUMULATIVE REWARD COMPONENTS:
- makespan_reward: -26.7500
- setup_reward: -621.7500
- deadline_reward: 33.8469
- priority_reward: 132.0000
- critical_job_reward: 46.5025
- placement_reward: 0.0000
- timeliness_reward: 206.4978
- machine_idle_penalty: -421.9750

CUMULATIVE TOTAL: -651.6278

CRITICAL STATE INFO:
- Valid actions: ['J1', 'J2', 'J3', 'J4', 'J5', 'J6', 'J7', 'J8', 'J11', 'J12', 'J13', 'J14', 'J16', 'J17', 'J18', 'J19', 'J20', 'J21', 'J23', 'J24', 'J26', 'J27', 'J28', 'J30']
- Machine states:
  - Machine M1: Time=5281.00, Idle=69.00, Material=Mountainbike_Hinterbau_vorbereitet
  - Machine M2: Time=5207.00, Idle=143.00, Material=Mountainbike_Bremsen_justiert
  - Machine M3: Time=5350.00, Idle=0.00, Material=Mountainbike_Hauptrahmen_zugeschnitten
==================================================

2025-06-18 13:40:11,487 - JSPGymEnvironment - INFO - Material change on machine M1: Mountainbike_Hinterbau_vorbereitet -> E-Bike_Rahmen_lackiert, setup time: 50
2025-06-18 13:40:11,487 - JSPGymEnvironment - INFO - Executed operation: Job J28, Op 5, Machine M1, Start: 5400, End: 5420, Setup: 50
2025-06-18 13:40:11,488 - JSPGymEnvironment - INFO - 
===== REWARD DETAILS FOR STEP 98 =====
Job: J28, Operation: 5, Job Completed: False
Current Time: 5350.00 -> 5420.00, Setup Time: 50.00
Processing Time: 20.00, Idle Time: 0.00
Completed Jobs: 6/30
Machine: M1, Material: E-Bike_Rahmen_lackiert

REWARD COMPONENTS:
- makespan_reward: -0.3500
- setup_reward: -12.5000
- deadline_reward: 0.0000
- priority_reward: 0.0000
- critical_job_reward: 0.5000
- placement_reward: 0.0000
- timeliness_reward: -5.5408
- machine_idle_penalty: -3.5375

TOTAL REWARD: -21.4283

CUMULATIVE REWARD COMPONENTS:
- makespan_reward: -27.1000
- setup_reward: -634.2500
- deadline_reward: 33.8469
- priority_reward: 132.0000
- critical_job_reward: 47.0025
- placement_reward: 0.0000
- timeliness_reward: 200.9570
- machine_idle_penalty: -425.5125

CUMULATIVE TOTAL: -673.0562

CRITICAL STATE INFO:
- Valid actions: ['J1', 'J2', 'J3', 'J4', 'J5', 'J6', 'J7', 'J8', 'J11', 'J12', 'J13', 'J14', 'J16', 'J17', 'J18', 'J19', 'J20', 'J21', 'J23', 'J24', 'J26', 'J27', 'J28', 'J30']
- Machine states:
  - Machine M1: Time=5420.00, Idle=0.00, Material=E-Bike_Rahmen_lackiert
  - Machine M2: Time=5207.00, Idle=213.00, Material=Mountainbike_Bremsen_justiert
  - Machine M3: Time=5350.00, Idle=70.00, Material=Mountainbike_Hauptrahmen_zugeschnitten
==================================================

2025-06-18 13:40:11,598 - JSPGymEnvironment - INFO - Material change on machine M3: Mountainbike_Hauptrahmen_zugeschnitten -> Mountainbike_Bremsaufnahme_gebohrt, setup time: 15
2025-06-18 13:40:11,599 - JSPGymEnvironment - INFO - Executed operation: Job J20, Op 2, Machine M3, Start: 5435, End: 5485, Setup: 15
2025-06-18 13:40:11,599 - JSPGymEnvironment - INFO - 
===== REWARD DETAILS FOR STEP 99 =====
Job: J20, Operation: 2, Job Completed: False
Current Time: 5420.00 -> 5485.00, Setup Time: 15.00
Processing Time: 50.00, Idle Time: 0.00
Completed Jobs: 6/30
Machine: M3, Material: Mountainbike_Bremsaufnahme_gebohrt

REWARD COMPONENTS:
- makespan_reward: -0.3250
- setup_reward: -3.7500
- deadline_reward: 0.0000
- priority_reward: 0.0000
- critical_job_reward: 0.0000
- placement_reward: 0.0000
- timeliness_reward: -5.5485
- machine_idle_penalty: -4.2875

TOTAL REWARD: -13.9110

CUMULATIVE REWARD COMPONENTS:
- makespan_reward: -27.4250
- setup_reward: -638.0000
- deadline_reward: 33.8469
- priority_reward: 132.0000
- critical_job_reward: 47.0025
- placement_reward: 0.0000
- timeliness_reward: 195.4085
- machine_idle_penalty: -429.8000

CUMULATIVE TOTAL: -686.9672

CRITICAL STATE INFO:
- Valid actions: ['J1', 'J2', 'J3', 'J4', 'J5', 'J6', 'J7', 'J8', 'J11', 'J12', 'J13', 'J14', 'J16', 'J17', 'J18', 'J19', 'J20', 'J21', 'J23', 'J24', 'J26', 'J27', 'J28', 'J30']
- Machine states:
  - Machine M1: Time=5420.00, Idle=65.00, Material=E-Bike_Rahmen_lackiert
  - Machine M2: Time=5207.00, Idle=278.00, Material=Mountainbike_Bremsen_justiert
  - Machine M3: Time=5485.00, Idle=0.00, Material=Mountainbike_Bremsaufnahme_gebohrt
==================================================

2025-06-18 13:40:11,711 - JSPGymEnvironment - INFO - Material change on machine M1: E-Bike_Rahmen_lackiert -> Citybike_Tretlageraufnahme_geschweisst, setup time: 48
2025-06-18 13:40:11,711 - JSPGymEnvironment - INFO - Executed operation: Job J13, Op 1, Machine M1, Start: 5533, End: 5558, Setup: 48
2025-06-18 13:40:11,712 - JSPGymEnvironment - INFO - 
===== REWARD DETAILS FOR STEP 100 =====
Job: J13, Operation: 1, Job Completed: False
Current Time: 5485.00 -> 5558.00, Setup Time: 48.00
Processing Time: 25.00, Idle Time: 0.00
Completed Jobs: 6/30
Machine: M1, Material: Citybike_Tretlageraufnahme_geschweisst

REWARD COMPONENTS:
- makespan_reward: -0.3650
- setup_reward: -12.0000
- deadline_reward: 0.0000
- priority_reward: 0.0000
- critical_job_reward: 0.0000
- placement_reward: 0.0000
- timeliness_reward: -5.5559
- machine_idle_penalty: -5.3000

TOTAL REWARD: -23.2209

CUMULATIVE REWARD COMPONENTS:
- makespan_reward: -27.7900
- setup_reward: -650.0000
- deadline_reward: 33.8469
- priority_reward: 132.0000
- critical_job_reward: 47.0025
- placement_reward: 0.0000
- timeliness_reward: 189.8525
- machine_idle_penalty: -435.1000

CUMULATIVE TOTAL: -710.1881

CRITICAL STATE INFO:
- Valid actions: ['J1', 'J2', 'J3', 'J4', 'J5', 'J6', 'J7', 'J8', 'J11', 'J12', 'J13', 'J14', 'J16', 'J17', 'J18', 'J19', 'J20', 'J21', 'J23', 'J24', 'J26', 'J27', 'J28', 'J30']
- Machine states:
  - Machine M1: Time=5558.00, Idle=0.00, Material=Citybike_Tretlageraufnahme_geschweisst
  - Machine M2: Time=5207.00, Idle=351.00, Material=Mountainbike_Bremsen_justiert
  - Machine M3: Time=5485.00, Idle=73.00, Material=Mountainbike_Bremsaufnahme_gebohrt
==================================================

2025-06-18 13:40:11,891 - JSPGymEnvironment - INFO - Material change on machine M2: Mountainbike_Bremsen_justiert -> Mountainbike_Hauptrahmen_zugeschnitten, setup time: 20
2025-06-18 13:40:11,891 - JSPGymEnvironment - INFO - Executed operation: Job J14, Op 0, Machine M2, Start: 5578, End: 5601, Setup: 20
2025-06-18 13:40:11,891 - JSPGymEnvironment - INFO - 
===== REWARD DETAILS FOR STEP 101 =====
Job: J14, Operation: 0, Job Completed: False
Current Time: 5558.00 -> 5601.00, Setup Time: 20.00
Processing Time: 23.00, Idle Time: 0.00
Completed Jobs: 6/30
Machine: M2, Material: Mountainbike_Hauptrahmen_zugeschnitten

REWARD COMPONENTS:
- makespan_reward: -0.2150
- setup_reward: -5.0000
- deadline_reward: 0.0000
- priority_reward: 0.0000
- critical_job_reward: 0.0000
- placement_reward: 0.0000
- timeliness_reward: -5.5598
- machine_idle_penalty: -1.9875

TOTAL REWARD: -12.7623

CUMULATIVE REWARD COMPONENTS:
- makespan_reward: -28.0050
- setup_reward: -655.0000
- deadline_reward: 33.8469
- priority_reward: 132.0000
- critical_job_reward: 47.0025
- placement_reward: 0.0000
- timeliness_reward: 184.2928
- machine_idle_penalty: -437.0875

CUMULATIVE TOTAL: -722.9504

CRITICAL STATE INFO:
- Valid actions: ['J1', 'J2', 'J3', 'J4', 'J5', 'J6', 'J7', 'J8', 'J11', 'J12', 'J13', 'J14', 'J16', 'J17', 'J18', 'J19', 'J20', 'J21', 'J23', 'J24', 'J26', 'J27', 'J28', 'J30']
- Machine states:
  - Machine M1: Time=5558.00, Idle=43.00, Material=Citybike_Tretlageraufnahme_geschweisst
  - Machine M2: Time=5601.00, Idle=0.00, Material=Mountainbike_Hauptrahmen_zugeschnitten
  - Machine M3: Time=5485.00, Idle=116.00, Material=Mountainbike_Bremsaufnahme_gebohrt
==================================================

2025-06-18 13:40:11,984 - JSPGymEnvironment - INFO - Material change on machine M1: Citybike_Tretlageraufnahme_geschweisst -> Citybike_Hauptrahmen_zugeschnitten, setup time: 40
2025-06-18 13:40:11,984 - JSPGymEnvironment - INFO - Executed operation: Job J13, Op 2, Machine M1, Start: 5641, End: 5674, Setup: 40
2025-06-18 13:40:11,984 - JSPGymEnvironment - INFO - 
===== REWARD DETAILS FOR STEP 102 =====
Job: J13, Operation: 2, Job Completed: False
Current Time: 5601.00 -> 5674.00, Setup Time: 40.00
Processing Time: 33.00, Idle Time: 0.00
Completed Jobs: 6/30
Machine: M1, Material: Citybike_Hauptrahmen_zugeschnitten

REWARD COMPONENTS:
- makespan_reward: -0.3650
- setup_reward: -10.0000
- deadline_reward: 0.0000
- priority_reward: 0.0000
- critical_job_reward: 0.0000
- placement_reward: 0.0000
- timeliness_reward: -5.5656
- machine_idle_penalty: -3.2750

TOTAL REWARD: -19.2056

CUMULATIVE REWARD COMPONENTS:
- makespan_reward: -28.3700
- setup_reward: -665.0000
- deadline_reward: 33.8469
- priority_reward: 132.0000
- critical_job_reward: 47.0025
- placement_reward: 0.0000
- timeliness_reward: 178.7272
- machine_idle_penalty: -440.3625

CUMULATIVE TOTAL: -742.1560

CRITICAL STATE INFO:
- Valid actions: ['J1', 'J2', 'J3', 'J4', 'J5', 'J6', 'J7', 'J8', 'J11', 'J12', 'J13', 'J14', 'J16', 'J17', 'J18', 'J19', 'J20', 'J21', 'J23', 'J24', 'J26', 'J27', 'J28', 'J30']
- Machine states:
  - Machine M1: Time=5674.00, Idle=0.00, Material=Citybike_Hauptrahmen_zugeschnitten
  - Machine M2: Time=5601.00, Idle=73.00, Material=Mountainbike_Hauptrahmen_zugeschnitten
  - Machine M3: Time=5485.00, Idle=189.00, Material=Mountainbike_Bremsaufnahme_gebohrt
==================================================

2025-06-18 13:40:12,090 - JSPGymEnvironment - INFO - Material change on machine M1: Citybike_Hauptrahmen_zugeschnitten -> E-Bike_Hinterbau_vorbereitet, setup time: 40
2025-06-18 13:40:12,090 - JSPGymEnvironment - INFO - Executed operation: Job J21, Op 4, Machine M1, Start: 5714, End: 5747, Setup: 40
2025-06-18 13:40:12,091 - JSPGymEnvironment - INFO - Job J21 completed at time 5747, deadline: 2858, met: False, priority: 10
2025-06-18 13:40:12,091 - JSPGymEnvironment - INFO - 
===== REWARD DETAILS FOR STEP 103 =====
Job: J21, Operation: 4, Job Completed: True
Current Time: 5674.00 -> 5747.00, Setup Time: 40.00
Processing Time: 33.00, Idle Time: 0.00
Completed Jobs: 7/30
Machine: M1, Material: E-Bike_Hinterbau_vorbereitet
Job Deadline: 2858.00 (Missed), Priority: 10

REWARD COMPONENTS:
- makespan_reward: -0.3650
- setup_reward: -10.0000
- deadline_reward: -2.5271
- priority_reward: 40.0000
- critical_job_reward: 0.5000
- placement_reward: 0.0000
- timeliness_reward: -5.5712
- machine_idle_penalty: -5.1000

TOTAL REWARD: 16.9367

CUMULATIVE REWARD COMPONENTS:
- makespan_reward: -28.7350
- setup_reward: -675.0000
- deadline_reward: 31.3198
- priority_reward: 172.0000
- critical_job_reward: 47.5025
- placement_reward: 0.0000
- timeliness_reward: 173.1560
- machine_idle_penalty: -445.4625

CUMULATIVE TOTAL: -725.2193

CRITICAL STATE INFO:
- Valid actions: ['J1', 'J2', 'J3', 'J4', 'J5', 'J6', 'J7', 'J8', 'J11', 'J12', 'J13', 'J14', 'J16', 'J17', 'J18', 'J19', 'J20', 'J23', 'J24', 'J26', 'J27', 'J28', 'J30']
- Machine states:
  - Machine M1: Time=5747.00, Idle=0.00, Material=E-Bike_Hinterbau_vorbereitet
  - Machine M2: Time=5601.00, Idle=146.00, Material=Mountainbike_Hauptrahmen_zugeschnitten
  - Machine M3: Time=5485.00, Idle=262.00, Material=Mountainbike_Bremsaufnahme_gebohrt
==================================================

2025-06-18 13:40:12,091 - JSPGymEnvironment - INFO - Retro-Bonus für Job J21: -5.0
2025-06-18 13:40:12,193 - JSPGymEnvironment - INFO - Material change on machine M3: Mountainbike_Bremsaufnahme_gebohrt -> Mountainbike_Schaltauge_bearbeitet, setup time: 15
2025-06-18 13:40:12,193 - JSPGymEnvironment - INFO - Executed operation: Job J30, Op 5, Machine M3, Start: 5762, End: 5787, Setup: 15
2025-06-18 13:40:12,194 - JSPGymEnvironment - INFO - 
===== REWARD DETAILS FOR STEP 104 =====
Job: J30, Operation: 5, Job Completed: False
Current Time: 5747.00 -> 5787.00, Setup Time: 15.00
Processing Time: 25.00, Idle Time: 0.00
Completed Jobs: 7/30
Machine: M3, Material: Mountainbike_Schaltauge_bearbeitet

REWARD COMPONENTS:
- makespan_reward: -0.2000
- setup_reward: -3.7500
- deadline_reward: 0.0000
- priority_reward: 0.0000
- critical_job_reward: 0.0000
- placement_reward: 0.0000
- timeliness_reward: -5.5736
- machine_idle_penalty: -2.8250

TOTAL REWARD: -12.3486

CUMULATIVE REWARD COMPONENTS:
- makespan_reward: -28.9350
- setup_reward: -678.7500
- deadline_reward: 31.3198
- priority_reward: 172.0000
- critical_job_reward: 47.5025
- placement_reward: 0.0000
- timeliness_reward: 167.5824
- machine_idle_penalty: -448.2875

CUMULATIVE TOTAL: -737.5678

CRITICAL STATE INFO:
- Valid actions: ['J1', 'J2', 'J3', 'J4', 'J5', 'J6', 'J7', 'J8', 'J11', 'J12', 'J13', 'J14', 'J16', 'J17', 'J18', 'J19', 'J20', 'J23', 'J24', 'J26', 'J27', 'J28', 'J30']
- Machine states:
  - Machine M1: Time=5747.00, Idle=40.00, Material=E-Bike_Hinterbau_vorbereitet
  - Machine M2: Time=5601.00, Idle=186.00, Material=Mountainbike_Hauptrahmen_zugeschnitten
  - Machine M3: Time=5787.00, Idle=0.00, Material=Mountainbike_Schaltauge_bearbeitet
==================================================

2025-06-18 13:40:12,371 - JSPGymEnvironment - INFO - Material change on machine M1: E-Bike_Hinterbau_vorbereitet -> E-Bike_Rahmen_komplettiert, setup time: 40
2025-06-18 13:40:12,371 - JSPGymEnvironment - INFO - Executed operation: Job J19, Op 5, Machine M1, Start: 5827, End: 5849, Setup: 40
2025-06-18 13:40:12,372 - JSPGymEnvironment - INFO - 
===== REWARD DETAILS FOR STEP 105 =====
Job: J19, Operation: 5, Job Completed: False
Current Time: 5787.00 -> 5849.00, Setup Time: 40.00
Processing Time: 22.00, Idle Time: 0.00
Completed Jobs: 7/30
Machine: M1, Material: E-Bike_Rahmen_komplettiert

REWARD COMPONENTS:
- makespan_reward: -0.3100
- setup_reward: -10.0000
- deadline_reward: 0.0000
- priority_reward: 0.0000
- critical_job_reward: 0.5000
- placement_reward: 0.0000
- timeliness_reward: -5.5768
- machine_idle_penalty: -3.8750

TOTAL REWARD: -19.2618

CUMULATIVE REWARD COMPONENTS:
- makespan_reward: -29.2450
- setup_reward: -688.7500
- deadline_reward: 31.3198
- priority_reward: 172.0000
- critical_job_reward: 48.0025
- placement_reward: 0.0000
- timeliness_reward: 162.0056
- machine_idle_penalty: -452.1625

CUMULATIVE TOTAL: -756.8297

CRITICAL STATE INFO:
- Valid actions: ['J1', 'J2', 'J3', 'J4', 'J5', 'J6', 'J7', 'J8', 'J11', 'J12', 'J13', 'J14', 'J16', 'J17', 'J18', 'J19', 'J20', 'J23', 'J24', 'J26', 'J27', 'J28', 'J30']
- Machine states:
  - Machine M1: Time=5849.00, Idle=0.00, Material=E-Bike_Rahmen_komplettiert
  - Machine M2: Time=5601.00, Idle=248.00, Material=Mountainbike_Hauptrahmen_zugeschnitten
  - Machine M3: Time=5787.00, Idle=62.00, Material=Mountainbike_Schaltauge_bearbeitet
==================================================

2025-06-18 13:40:12,464 - JSPGymEnvironment - INFO - Material change on machine M3: Mountainbike_Schaltauge_bearbeitet -> Citybike_Rahmen_nachbearbeitet, setup time: 18
2025-06-18 13:40:12,465 - JSPGymEnvironment - INFO - Executed operation: Job J3, Op 3, Machine M3, Start: 5867, End: 5891, Setup: 18
2025-06-18 13:40:12,465 - JSPGymEnvironment - INFO - 
===== REWARD DETAILS FOR STEP 106 =====
Job: J3, Operation: 3, Job Completed: False
Current Time: 5849.00 -> 5891.00, Setup Time: 18.00
Processing Time: 24.00, Idle Time: 0.00
Completed Jobs: 7/30
Machine: M3, Material: Citybike_Rahmen_nachbearbeitet

REWARD COMPONENTS:
- makespan_reward: -0.2100
- setup_reward: -4.5000
- deadline_reward: 0.0000
- priority_reward: 0.0000
- critical_job_reward: 0.0000
- placement_reward: 0.0000
- timeliness_reward: -5.5788
- machine_idle_penalty: -4.1500

TOTAL REWARD: -14.4388

CUMULATIVE REWARD COMPONENTS:
- makespan_reward: -29.4550
- setup_reward: -693.2500
- deadline_reward: 31.3198
- priority_reward: 172.0000
- critical_job_reward: 48.0025
- placement_reward: 0.0000
- timeliness_reward: 156.4268
- machine_idle_penalty: -456.3125

CUMULATIVE TOTAL: -771.2685

CRITICAL STATE INFO:
- Valid actions: ['J1', 'J2', 'J3', 'J4', 'J5', 'J6', 'J7', 'J8', 'J11', 'J12', 'J13', 'J14', 'J16', 'J17', 'J18', 'J19', 'J20', 'J23', 'J24', 'J26', 'J27', 'J28', 'J30']
- Machine states:
  - Machine M1: Time=5849.00, Idle=42.00, Material=E-Bike_Rahmen_komplettiert
  - Machine M2: Time=5601.00, Idle=290.00, Material=Mountainbike_Hauptrahmen_zugeschnitten
  - Machine M3: Time=5891.00, Idle=0.00, Material=Citybike_Rahmen_nachbearbeitet
==================================================

2025-06-18 13:40:12,557 - JSPGymEnvironment - INFO - Material change on machine M1: E-Bike_Rahmen_komplettiert -> Citybike_Tretlageraufnahme_geschweisst, setup time: 48
2025-06-18 13:40:12,557 - JSPGymEnvironment - INFO - Executed operation: Job J4, Op 0, Machine M1, Start: 5939, End: 5960, Setup: 48
2025-06-18 13:40:12,558 - JSPGymEnvironment - INFO - 
===== REWARD DETAILS FOR STEP 107 =====
Job: J4, Operation: 0, Job Completed: False
Current Time: 5891.00 -> 5960.00, Setup Time: 48.00
Processing Time: 21.00, Idle Time: 0.00
Completed Jobs: 7/30
Machine: M1, Material: Citybike_Tretlageraufnahme_geschweisst

REWARD COMPONENTS:
- makespan_reward: -0.3450
- setup_reward: -12.0000
- deadline_reward: 0.0000
- priority_reward: 0.0000
- critical_job_reward: 0.0000
- placement_reward: 0.0000
- timeliness_reward: -5.5817
- machine_idle_penalty: -5.3500

TOTAL REWARD: -23.2767

CUMULATIVE REWARD COMPONENTS:
- makespan_reward: -29.8000
- setup_reward: -705.2500
- deadline_reward: 31.3198
- priority_reward: 172.0000
- critical_job_reward: 48.0025
- placement_reward: 0.0000
- timeliness_reward: 150.8450
- machine_idle_penalty: -461.6625

CUMULATIVE TOTAL: -794.5452

CRITICAL STATE INFO:
- Valid actions: ['J1', 'J2', 'J3', 'J4', 'J5', 'J6', 'J7', 'J8', 'J11', 'J12', 'J13', 'J14', 'J16', 'J17', 'J18', 'J19', 'J20', 'J23', 'J24', 'J26', 'J27', 'J28', 'J30']
- Machine states:
  - Machine M1: Time=5960.00, Idle=0.00, Material=Citybike_Tretlageraufnahme_geschweisst
  - Machine M2: Time=5601.00, Idle=359.00, Material=Mountainbike_Hauptrahmen_zugeschnitten
  - Machine M3: Time=5891.00, Idle=69.00, Material=Citybike_Rahmen_nachbearbeitet
==================================================

2025-06-18 13:40:12,731 - JSPGymEnvironment - INFO - Material change on machine M3: Citybike_Rahmen_nachbearbeitet -> Racebike_Tretlageraufnahme_geschweisst, setup time: 13
2025-06-18 13:40:12,732 - JSPGymEnvironment - INFO - Executed operation: Job J26, Op 1, Machine M3, Start: 5973, End: 6009, Setup: 13
2025-06-18 13:40:12,732 - JSPGymEnvironment - INFO - 
===== REWARD DETAILS FOR STEP 108 =====
Job: J26, Operation: 1, Job Completed: False
Current Time: 5960.00 -> 6009.00, Setup Time: 13.00
Processing Time: 36.00, Idle Time: 0.00
Completed Jobs: 7/30
Machine: M3, Material: Racebike_Tretlageraufnahme_geschweisst

REWARD COMPONENTS:
- makespan_reward: -0.2450
- setup_reward: -3.2500
- deadline_reward: 0.0000
- priority_reward: 0.0000
- critical_job_reward: 0.5000
- placement_reward: 0.0000
- timeliness_reward: -5.5836
- machine_idle_penalty: -5.7125

TOTAL REWARD: -14.2911

CUMULATIVE REWARD COMPONENTS:
- makespan_reward: -30.0450
- setup_reward: -708.5000
- deadline_reward: 31.3198
- priority_reward: 172.0000
- critical_job_reward: 48.5025
- placement_reward: 0.0000
- timeliness_reward: 145.2615
- machine_idle_penalty: -467.3750

CUMULATIVE TOTAL: -808.8363

CRITICAL STATE INFO:
- Valid actions: ['J1', 'J2', 'J3', 'J4', 'J5', 'J6', 'J7', 'J8', 'J11', 'J12', 'J13', 'J14', 'J16', 'J17', 'J18', 'J19', 'J20', 'J23', 'J24', 'J26', 'J27', 'J28', 'J30']
- Machine states:
  - Machine M1: Time=5960.00, Idle=49.00, Material=Citybike_Tretlageraufnahme_geschweisst
  - Machine M2: Time=5601.00, Idle=408.00, Material=Mountainbike_Hauptrahmen_zugeschnitten
  - Machine M3: Time=6009.00, Idle=0.00, Material=Racebike_Tretlageraufnahme_geschweisst
==================================================

2025-06-18 13:40:12,823 - JSPGymEnvironment - INFO - Material change on machine M2: Mountainbike_Hauptrahmen_zugeschnitten -> E-Bike_Laufraeder_montiert, setup time: 25
2025-06-18 13:40:12,824 - JSPGymEnvironment - INFO - Executed operation: Job J19, Op 6, Machine M2, Start: 6034, End: 6052, Setup: 25
2025-06-18 13:40:12,824 - JSPGymEnvironment - INFO - Job J19 completed at time 6052, deadline: 2880, met: False, priority: 9
2025-06-18 13:40:12,824 - JSPGymEnvironment - INFO - 
===== REWARD DETAILS FOR STEP 109 =====
Job: J19, Operation: 6, Job Completed: True
Current Time: 6009.00 -> 6052.00, Setup Time: 25.00
Processing Time: 18.00, Idle Time: 0.00
Completed Jobs: 8/30
Machine: M2, Material: E-Bike_Laufraeder_montiert
Job Deadline: 2880.00 (Missed), Priority: 9

REWARD COMPONENTS:
- makespan_reward: -0.2150
- setup_reward: -6.2500
- deadline_reward: -2.7535
- priority_reward: 36.0000
- critical_job_reward: 0.5000
- placement_reward: 0.0000
- timeliness_reward: -5.5855
- machine_idle_penalty: -1.6875

TOTAL REWARD: 20.0086

CUMULATIVE REWARD COMPONENTS:
- makespan_reward: -30.2600
- setup_reward: -714.7500
- deadline_reward: 28.5663
- priority_reward: 208.0000
- critical_job_reward: 49.0025
- placement_reward: 0.0000
- timeliness_reward: 139.6760
- machine_idle_penalty: -469.0625

CUMULATIVE TOTAL: -788.8277

CRITICAL STATE INFO:
- Valid actions: ['J1', 'J2', 'J3', 'J4', 'J5', 'J6', 'J7', 'J8', 'J11', 'J12', 'J13', 'J14', 'J16', 'J17', 'J18', 'J20', 'J23', 'J24', 'J26', 'J27', 'J28', 'J30']
- Machine states:
  - Machine M1: Time=5960.00, Idle=92.00, Material=Citybike_Tretlageraufnahme_geschweisst
  - Machine M2: Time=6052.00, Idle=0.00, Material=E-Bike_Laufraeder_montiert
  - Machine M3: Time=6009.00, Idle=43.00, Material=Racebike_Tretlageraufnahme_geschweisst
==================================================

2025-06-18 13:40:12,824 - JSPGymEnvironment - INFO - Retro-Bonus für Job J19: -5.0
2025-06-18 13:40:12,919 - JSPGymEnvironment - INFO - Material change on machine M2: E-Bike_Laufraeder_montiert -> Racebike_Rahmen_nachbearbeitet, setup time: 29
2025-06-18 13:40:12,919 - JSPGymEnvironment - INFO - Executed operation: Job J1, Op 6, Machine M2, Start: 6081, End: 6092, Setup: 29
2025-06-18 13:40:12,920 - JSPGymEnvironment - INFO - 
===== REWARD DETAILS FOR STEP 110 =====
Job: J1, Operation: 6, Job Completed: False
Current Time: 6052.00 -> 6092.00, Setup Time: 29.00
Processing Time: 11.00, Idle Time: 0.00
Completed Jobs: 8/30
Machine: M2, Material: Racebike_Rahmen_nachbearbeitet

REWARD COMPONENTS:
- makespan_reward: -0.2000
- setup_reward: -7.2500
- deadline_reward: 0.0000
- priority_reward: 0.0000
- critical_job_reward: 0.5000
- placement_reward: 0.0000
- timeliness_reward: -5.5867
- machine_idle_penalty: -2.6875

TOTAL REWARD: -15.2242

CUMULATIVE REWARD COMPONENTS:
- makespan_reward: -30.4600
- setup_reward: -722.0000
- deadline_reward: 28.5663
- priority_reward: 208.0000
- critical_job_reward: 49.5025
- placement_reward: 0.0000
- timeliness_reward: 134.0894
- machine_idle_penalty: -471.7500

CUMULATIVE TOTAL: -804.0519

CRITICAL STATE INFO:
- Valid actions: ['J1', 'J2', 'J3', 'J4', 'J5', 'J6', 'J7', 'J8', 'J11', 'J12', 'J13', 'J14', 'J16', 'J17', 'J18', 'J20', 'J23', 'J24', 'J26', 'J27', 'J28', 'J30']
- Machine states:
  - Machine M1: Time=5960.00, Idle=132.00, Material=Citybike_Tretlageraufnahme_geschweisst
  - Machine M2: Time=6092.00, Idle=0.00, Material=Racebike_Rahmen_nachbearbeitet
  - Machine M3: Time=6009.00, Idle=83.00, Material=Racebike_Tretlageraufnahme_geschweisst
==================================================

2025-06-18 13:40:13,001 - JSPGymEnvironment - INFO - Material change on machine M2: Racebike_Rahmen_nachbearbeitet -> E-Bike_Fahrrad_endmontiert, setup time: 29
2025-06-18 13:40:13,002 - JSPGymEnvironment - INFO - Executed operation: Job J28, Op 6, Machine M2, Start: 6121, End: 6138, Setup: 29
2025-06-18 13:40:13,002 - JSPGymEnvironment - INFO - 
===== REWARD DETAILS FOR STEP 111 =====
Job: J28, Operation: 6, Job Completed: False
Current Time: 6092.00 -> 6138.00, Setup Time: 29.00
Processing Time: 17.00, Idle Time: 0.00
Completed Jobs: 8/30
Machine: M2, Material: E-Bike_Fahrrad_endmontiert

REWARD COMPONENTS:
- makespan_reward: -0.2300
- setup_reward: -7.2500
- deadline_reward: 0.0000
- priority_reward: 0.0000
- critical_job_reward: 0.5000
- placement_reward: 0.0000
- timeliness_reward: -5.5879
- machine_idle_penalty: -3.8375

TOTAL REWARD: -16.4054

CUMULATIVE REWARD COMPONENTS:
- makespan_reward: -30.6900
- setup_reward: -729.2500
- deadline_reward: 28.5663
- priority_reward: 208.0000
- critical_job_reward: 50.0025
- placement_reward: 0.0000
- timeliness_reward: 128.5014
- machine_idle_penalty: -475.5875

CUMULATIVE TOTAL: -820.4573

CRITICAL STATE INFO:
- Valid actions: ['J1', 'J2', 'J3', 'J4', 'J5', 'J6', 'J7', 'J8', 'J11', 'J12', 'J13', 'J14', 'J16', 'J17', 'J18', 'J20', 'J23', 'J24', 'J26', 'J27', 'J28', 'J30']
- Machine states:
  - Machine M1: Time=5960.00, Idle=178.00, Material=Citybike_Tretlageraufnahme_geschweisst
  - Machine M2: Time=6138.00, Idle=0.00, Material=E-Bike_Fahrrad_endmontiert
  - Machine M3: Time=6009.00, Idle=129.00, Material=Racebike_Tretlageraufnahme_geschweisst
==================================================

2025-06-18 13:40:13,174 - JSPGymEnvironment - INFO - Material change on machine M2: E-Bike_Fahrrad_endmontiert -> Racebike_Tretlageraufnahme_geschweisst, setup time: 29
2025-06-18 13:40:13,174 - JSPGymEnvironment - INFO - Executed operation: Job J12, Op 0, Machine M2, Start: 6167, End: 6196, Setup: 29
2025-06-18 13:40:13,174 - JSPGymEnvironment - INFO - 
===== REWARD DETAILS FOR STEP 112 =====
Job: J12, Operation: 0, Job Completed: False
Current Time: 6138.00 -> 6196.00, Setup Time: 29.00
Processing Time: 29.00, Idle Time: 0.00
Completed Jobs: 8/30
Machine: M2, Material: Racebike_Tretlageraufnahme_geschweisst

REWARD COMPONENTS:
- makespan_reward: -0.2900
- setup_reward: -7.2500
- deadline_reward: 0.0000
- priority_reward: 0.0000
- critical_job_reward: 0.0000
- placement_reward: 0.0000
- timeliness_reward: -5.5893
- machine_idle_penalty: -5.2875

TOTAL REWARD: -18.4168

CUMULATIVE REWARD COMPONENTS:
- makespan_reward: -30.9800
- setup_reward: -736.5000
- deadline_reward: 28.5663
- priority_reward: 208.0000
- critical_job_reward: 50.0025
- placement_reward: 0.0000
- timeliness_reward: 122.9121
- machine_idle_penalty: -480.8750

CUMULATIVE TOTAL: -838.8741

CRITICAL STATE INFO:
- Valid actions: ['J1', 'J2', 'J3', 'J4', 'J5', 'J6', 'J7', 'J8', 'J11', 'J12', 'J13', 'J14', 'J16', 'J17', 'J18', 'J20', 'J23', 'J24', 'J26', 'J27', 'J28', 'J30']
- Machine states:
  - Machine M1: Time=5960.00, Idle=236.00, Material=Citybike_Tretlageraufnahme_geschweisst
  - Machine M2: Time=6196.00, Idle=0.00, Material=Racebike_Tretlageraufnahme_geschweisst
  - Machine M3: Time=6009.00, Idle=187.00, Material=Racebike_Tretlageraufnahme_geschweisst
==================================================

2025-06-18 13:40:13,267 - JSPGymEnvironment - INFO - Material change on machine M3: Racebike_Tretlageraufnahme_geschweisst -> Mountainbike_Laufraeder_montiert, setup time: 18
2025-06-18 13:40:13,267 - JSPGymEnvironment - INFO - Executed operation: Job J23, Op 0, Machine M3, Start: 6214, End: 6271, Setup: 18
2025-06-18 13:40:13,267 - JSPGymEnvironment - INFO - 
===== REWARD DETAILS FOR STEP 113 =====
Job: J23, Operation: 0, Job Completed: False
Current Time: 6196.00 -> 6271.00, Setup Time: 18.00
Processing Time: 57.00, Idle Time: 0.00
Completed Jobs: 8/30
Machine: M3, Material: Mountainbike_Laufraeder_montiert

REWARD COMPONENTS:
- makespan_reward: -0.3750
- setup_reward: -4.5000
- deadline_reward: 0.0000
- priority_reward: 0.0000
- critical_job_reward: 0.0000
- placement_reward: 0.0000
- timeliness_reward: -5.5909
- machine_idle_penalty: -4.8250

TOTAL REWARD: -15.2909

CUMULATIVE REWARD COMPONENTS:
- makespan_reward: -31.3550
- setup_reward: -741.0000
- deadline_reward: 28.5663
- priority_reward: 208.0000
- critical_job_reward: 50.0025
- placement_reward: 0.0000
- timeliness_reward: 117.3212
- machine_idle_penalty: -485.7000

CUMULATIVE TOTAL: -854.1650

CRITICAL STATE INFO:
- Valid actions: ['J1', 'J2', 'J3', 'J4', 'J5', 'J6', 'J7', 'J8', 'J11', 'J12', 'J13', 'J14', 'J16', 'J17', 'J18', 'J20', 'J23', 'J24', 'J26', 'J27', 'J28', 'J30']
- Machine states:
  - Machine M1: Time=5960.00, Idle=311.00, Material=Citybike_Tretlageraufnahme_geschweisst
  - Machine M2: Time=6196.00, Idle=75.00, Material=Racebike_Tretlageraufnahme_geschweisst
  - Machine M3: Time=6271.00, Idle=0.00, Material=Mountainbike_Laufraeder_montiert
==================================================

2025-06-18 13:40:13,359 - JSPGymEnvironment - INFO - Material change on machine M1: Citybike_Tretlageraufnahme_geschweisst -> Mountainbike_Rahmen_lackiert, setup time: 30
2025-06-18 13:40:13,360 - JSPGymEnvironment - INFO - Executed operation: Job J6, Op 3, Machine M1, Start: 6301, End: 6341, Setup: 30
2025-06-18 13:40:13,360 - JSPGymEnvironment - INFO - 
===== REWARD DETAILS FOR STEP 114 =====
Job: J6, Operation: 3, Job Completed: False
Current Time: 6271.00 -> 6341.00, Setup Time: 30.00
Processing Time: 40.00, Idle Time: 0.00
Completed Jobs: 8/30
Machine: M1, Material: Mountainbike_Rahmen_lackiert

REWARD COMPONENTS:
- makespan_reward: -0.3500
- setup_reward: -7.5000
- deadline_reward: 0.0000
- priority_reward: 0.0000
- critical_job_reward: 0.5000
- placement_reward: 0.0000
- timeliness_reward: -5.5922
- machine_idle_penalty: -2.6875

TOTAL REWARD: -15.6297

CUMULATIVE REWARD COMPONENTS:
- makespan_reward: -31.7050
- setup_reward: -748.5000
- deadline_reward: 28.5663
- priority_reward: 208.0000
- critical_job_reward: 50.5025
- placement_reward: 0.0000
- timeliness_reward: 111.7290
- machine_idle_penalty: -488.3875

CUMULATIVE TOTAL: -869.7947

CRITICAL STATE INFO:
- Valid actions: ['J1', 'J2', 'J3', 'J4', 'J5', 'J6', 'J7', 'J8', 'J11', 'J12', 'J13', 'J14', 'J16', 'J17', 'J18', 'J20', 'J23', 'J24', 'J26', 'J27', 'J28', 'J30']
- Machine states:
  - Machine M1: Time=6341.00, Idle=0.00, Material=Mountainbike_Rahmen_lackiert
  - Machine M2: Time=6196.00, Idle=145.00, Material=Racebike_Tretlageraufnahme_geschweisst
  - Machine M3: Time=6271.00, Idle=70.00, Material=Mountainbike_Laufraeder_montiert
==================================================

2025-06-18 13:40:13,535 - JSPGymEnvironment - INFO - Material change on machine M1: Mountainbike_Rahmen_lackiert -> Mountainbike_Schaltauge_bearbeitet, setup time: 40
2025-06-18 13:40:13,536 - JSPGymEnvironment - INFO - Executed operation: Job J11, Op 2, Machine M1, Start: 6381, End: 6424, Setup: 40
2025-06-18 13:40:13,536 - JSPGymEnvironment - INFO - 
===== REWARD DETAILS FOR STEP 115 =====
Job: J11, Operation: 2, Job Completed: False
Current Time: 6341.00 -> 6424.00, Setup Time: 40.00
Processing Time: 43.00, Idle Time: 0.00
Completed Jobs: 8/30
Machine: M1, Material: Mountainbike_Schaltauge_bearbeitet

REWARD COMPONENTS:
- makespan_reward: -0.4150
- setup_reward: -10.0000
- deadline_reward: 0.0000
- priority_reward: 0.0000
- critical_job_reward: 0.0000
- placement_reward: 0.0000
- timeliness_reward: -5.5935
- machine_idle_penalty: -4.7625

TOTAL REWARD: -20.7710

CUMULATIVE REWARD COMPONENTS:
- makespan_reward: -32.1200
- setup_reward: -758.5000
- deadline_reward: 28.5663
- priority_reward: 208.0000
- critical_job_reward: 50.5025
- placement_reward: 0.0000
- timeliness_reward: 106.1356
- machine_idle_penalty: -493.1500

CUMULATIVE TOTAL: -890.5657

CRITICAL STATE INFO:
- Valid actions: ['J1', 'J2', 'J3', 'J4', 'J5', 'J6', 'J7', 'J8', 'J11', 'J12', 'J13', 'J14', 'J16', 'J17', 'J18', 'J20', 'J23', 'J24', 'J26', 'J27', 'J28', 'J30']
- Machine states:
  - Machine M1: Time=6424.00, Idle=0.00, Material=Mountainbike_Schaltauge_bearbeitet
  - Machine M2: Time=6196.00, Idle=228.00, Material=Racebike_Tretlageraufnahme_geschweisst
  - Machine M3: Time=6271.00, Idle=153.00, Material=Mountainbike_Laufraeder_montiert
==================================================

2025-06-18 13:40:13,629 - JSPGymEnvironment - INFO - Material change on machine M2: Racebike_Tretlageraufnahme_geschweisst -> Racebike_Rahmen_komplettiert, setup time: 20
2025-06-18 13:40:13,629 - JSPGymEnvironment - INFO - Executed operation: Job J24, Op 4, Machine M2, Start: 6444, End: 6467, Setup: 20
2025-06-18 13:40:13,630 - JSPGymEnvironment - INFO - 
===== REWARD DETAILS FOR STEP 116 =====
Job: J24, Operation: 4, Job Completed: False
Current Time: 6424.00 -> 6467.00, Setup Time: 20.00
Processing Time: 23.00, Idle Time: 0.00
Completed Jobs: 8/30
Machine: M2, Material: Racebike_Rahmen_komplettiert

REWARD COMPONENTS:
- makespan_reward: -0.2150
- setup_reward: -5.0000
- deadline_reward: 0.0000
- priority_reward: 0.0000
- critical_job_reward: 0.5000
- placement_reward: 0.0000
- timeliness_reward: -5.5940
- machine_idle_penalty: -2.9875

TOTAL REWARD: -13.2965

CUMULATIVE REWARD COMPONENTS:
- makespan_reward: -32.3350
- setup_reward: -763.5000
- deadline_reward: 28.5663
- priority_reward: 208.0000
- critical_job_reward: 51.0025
- placement_reward: 0.0000
- timeliness_reward: 100.5415
- machine_idle_penalty: -496.1375

CUMULATIVE TOTAL: -903.8622

CRITICAL STATE INFO:
- Valid actions: ['J1', 'J2', 'J3', 'J4', 'J5', 'J6', 'J7', 'J8', 'J11', 'J12', 'J13', 'J14', 'J16', 'J17', 'J18', 'J20', 'J23', 'J24', 'J26', 'J27', 'J28', 'J30']
- Machine states:
  - Machine M1: Time=6424.00, Idle=43.00, Material=Mountainbike_Schaltauge_bearbeitet
  - Machine M2: Time=6467.00, Idle=0.00, Material=Racebike_Rahmen_komplettiert
  - Machine M3: Time=6271.00, Idle=196.00, Material=Mountainbike_Laufraeder_montiert
==================================================

2025-06-18 13:40:13,722 - JSPGymEnvironment - INFO - Material change on machine M3: Mountainbike_Laufraeder_montiert -> Citybike_Antrieb_installiert, setup time: 18
2025-06-18 13:40:13,722 - JSPGymEnvironment - INFO - Executed operation: Job J18, Op 5, Machine M3, Start: 6485, End: 6507, Setup: 18
2025-06-18 13:40:13,722 - JSPGymEnvironment - INFO - Job J18 completed at time 6507, deadline: 2809, met: False, priority: 3
2025-06-18 13:40:13,723 - JSPGymEnvironment - INFO - 
===== REWARD DETAILS FOR STEP 117 =====
Job: J18, Operation: 5, Job Completed: True
Current Time: 6467.00 -> 6507.00, Setup Time: 18.00
Processing Time: 22.00, Idle Time: 0.00
Completed Jobs: 9/30
Machine: M3, Material: Citybike_Antrieb_installiert
Job Deadline: 2809.00 (Missed), Priority: 3

REWARD COMPONENTS:
- makespan_reward: -0.2000
- setup_reward: -4.5000
- deadline_reward: -3.2912
- priority_reward: 12.0000
- critical_job_reward: 0.0000
- placement_reward: 0.0000
- timeliness_reward: -5.5945
- machine_idle_penalty: -1.5375

TOTAL REWARD: -3.1232

CUMULATIVE REWARD COMPONENTS:
- makespan_reward: -32.5350
- setup_reward: -768.0000
- deadline_reward: 25.2751
- priority_reward: 220.0000
- critical_job_reward: 51.0025
- placement_reward: 0.0000
- timeliness_reward: 94.9470
- machine_idle_penalty: -497.6750

CUMULATIVE TOTAL: -906.9854

CRITICAL STATE INFO:
- Valid actions: ['J1', 'J2', 'J3', 'J4', 'J5', 'J6', 'J7', 'J8', 'J11', 'J12', 'J13', 'J14', 'J16', 'J17', 'J20', 'J23', 'J24', 'J26', 'J27', 'J28', 'J30']
- Machine states:
  - Machine M1: Time=6424.00, Idle=83.00, Material=Mountainbike_Schaltauge_bearbeitet
  - Machine M2: Time=6467.00, Idle=40.00, Material=Racebike_Rahmen_komplettiert
  - Machine M3: Time=6507.00, Idle=0.00, Material=Citybike_Antrieb_installiert
==================================================

2025-06-18 13:40:13,723 - JSPGymEnvironment - INFO - Retro-Bonus für Job J18: -10.0
2025-06-18 13:40:13,822 - JSPGymEnvironment - INFO - Material change on machine M2: Racebike_Rahmen_komplettiert -> Citybike_Rahmen_lackiert, setup time: 25
2025-06-18 13:40:13,822 - JSPGymEnvironment - INFO - Executed operation: Job J3, Op 4, Machine M2, Start: 6532, End: 6545, Setup: 25
2025-06-18 13:40:13,823 - JSPGymEnvironment - INFO - 
===== REWARD DETAILS FOR STEP 118 =====
Job: J3, Operation: 4, Job Completed: False
Current Time: 6507.00 -> 6545.00, Setup Time: 25.00
Processing Time: 13.00, Idle Time: 0.00
Completed Jobs: 9/30
Machine: M2, Material: Citybike_Rahmen_lackiert

REWARD COMPONENTS:
- makespan_reward: -0.1900
- setup_reward: -6.2500
- deadline_reward: 0.0000
- priority_reward: 0.0000
- critical_job_reward: 0.0000
- placement_reward: 0.0000
- timeliness_reward: -5.5950
- machine_idle_penalty: -1.9875

TOTAL REWARD: -14.0225

CUMULATIVE REWARD COMPONENTS:
- makespan_reward: -32.7250
- setup_reward: -774.2500
- deadline_reward: 25.2751
- priority_reward: 220.0000
- critical_job_reward: 51.0025
- placement_reward: 0.0000
- timeliness_reward: 89.3521
- machine_idle_penalty: -499.6625

CUMULATIVE TOTAL: -921.0079

CRITICAL STATE INFO:
- Valid actions: ['J1', 'J2', 'J3', 'J4', 'J5', 'J6', 'J7', 'J8', 'J11', 'J12', 'J13', 'J14', 'J16', 'J17', 'J20', 'J23', 'J24', 'J26', 'J27', 'J28', 'J30']
- Machine states:
  - Machine M1: Time=6424.00, Idle=121.00, Material=Mountainbike_Schaltauge_bearbeitet
  - Machine M2: Time=6545.00, Idle=0.00, Material=Citybike_Rahmen_lackiert
  - Machine M3: Time=6507.00, Idle=38.00, Material=Citybike_Antrieb_installiert
==================================================

2025-06-18 13:40:14,037 - JSPGymEnvironment - INFO - Material change on machine M2: Citybike_Rahmen_lackiert -> Racebike_Bremsen_justiert, setup time: 16
2025-06-18 13:40:14,037 - JSPGymEnvironment - INFO - Executed operation: Job J16, Op 0, Machine M2, Start: 6561, End: 6576, Setup: 16
2025-06-18 13:40:14,038 - JSPGymEnvironment - INFO - 
===== REWARD DETAILS FOR STEP 119 =====
Job: J16, Operation: 0, Job Completed: False
Current Time: 6545.00 -> 6576.00, Setup Time: 16.00
Processing Time: 15.00, Idle Time: 0.00
Completed Jobs: 9/30
Machine: M2, Material: Racebike_Bremsen_justiert

REWARD COMPONENTS:
- makespan_reward: -0.1550
- setup_reward: -4.0000
- deadline_reward: 0.0000
- priority_reward: 0.0000
- critical_job_reward: 0.5000
- placement_reward: 0.0000
- timeliness_reward: -5.5953
- machine_idle_penalty: -2.7625

TOTAL REWARD: -12.0128

CUMULATIVE REWARD COMPONENTS:
- makespan_reward: -32.8800
- setup_reward: -778.2500
- deadline_reward: 25.2751
- priority_reward: 220.0000
- critical_job_reward: 51.5025
- placement_reward: 0.0000
- timeliness_reward: 83.7568
- machine_idle_penalty: -502.4250

CUMULATIVE TOTAL: -933.0207

CRITICAL STATE INFO:
- Valid actions: ['J1', 'J2', 'J3', 'J4', 'J5', 'J6', 'J7', 'J8', 'J11', 'J12', 'J13', 'J14', 'J16', 'J17', 'J20', 'J23', 'J24', 'J26', 'J27', 'J28', 'J30']
- Machine states:
  - Machine M1: Time=6424.00, Idle=152.00, Material=Mountainbike_Schaltauge_bearbeitet
  - Machine M2: Time=6576.00, Idle=0.00, Material=Racebike_Bremsen_justiert
  - Machine M3: Time=6507.00, Idle=69.00, Material=Citybike_Antrieb_installiert
==================================================

2025-06-18 13:40:14,154 - JSPGymEnvironment - INFO - Material change on machine M3: Citybike_Antrieb_installiert -> Mountainbike_Tretlageraufnahme_geschweisst, setup time: 15
2025-06-18 13:40:14,154 - JSPGymEnvironment - INFO - Executed operation: Job J6, Op 4, Machine M3, Start: 6591, End: 6640, Setup: 15
2025-06-18 13:40:14,154 - JSPGymEnvironment - INFO - 
===== REWARD DETAILS FOR STEP 120 =====
Job: J6, Operation: 4, Job Completed: False
Current Time: 6576.00 -> 6640.00, Setup Time: 15.00
Processing Time: 49.00, Idle Time: 0.00
Completed Jobs: 9/30
Machine: M3, Material: Mountainbike_Tretlageraufnahme_geschweisst

REWARD COMPONENTS:
- makespan_reward: -0.3200
- setup_reward: -3.7500
- deadline_reward: 0.0000
- priority_reward: 0.0000
- critical_job_reward: 0.5000
- placement_reward: 0.0000
- timeliness_reward: -5.5959
- machine_idle_penalty: -3.5000

TOTAL REWARD: -12.6659

CUMULATIVE REWARD COMPONENTS:
- makespan_reward: -33.2000
- setup_reward: -782.0000
- deadline_reward: 25.2751
- priority_reward: 220.0000
- critical_job_reward: 52.0025
- placement_reward: 0.0000
- timeliness_reward: 78.1609
- machine_idle_penalty: -505.9250

CUMULATIVE TOTAL: -945.6865

CRITICAL STATE INFO:
- Valid actions: ['J1', 'J2', 'J3', 'J4', 'J5', 'J6', 'J7', 'J8', 'J11', 'J12', 'J13', 'J14', 'J16', 'J17', 'J20', 'J23', 'J24', 'J26', 'J27', 'J28', 'J30']
- Machine states:
  - Machine M1: Time=6424.00, Idle=216.00, Material=Mountainbike_Schaltauge_bearbeitet
  - Machine M2: Time=6576.00, Idle=64.00, Material=Racebike_Bremsen_justiert
  - Machine M3: Time=6640.00, Idle=0.00, Material=Mountainbike_Tretlageraufnahme_geschweisst
==================================================

2025-06-18 13:40:14,273 - JSPGymEnvironment - INFO - Material change on machine M3: Mountainbike_Tretlageraufnahme_geschweisst -> Racebike_Schaltauge_bearbeitet, setup time: 20
2025-06-18 13:40:14,273 - JSPGymEnvironment - INFO - Executed operation: Job J24, Op 5, Machine M3, Start: 6660, End: 6686, Setup: 20
2025-06-18 13:40:14,274 - JSPGymEnvironment - INFO - 
===== REWARD DETAILS FOR STEP 121 =====
Job: J24, Operation: 5, Job Completed: False
Current Time: 6640.00 -> 6686.00, Setup Time: 20.00
Processing Time: 26.00, Idle Time: 0.00
Completed Jobs: 9/30
Machine: M3, Material: Racebike_Schaltauge_bearbeitet

REWARD COMPONENTS:
- makespan_reward: -0.2300
- setup_reward: -5.0000
- deadline_reward: 0.0000
- priority_reward: 0.0000
- critical_job_reward: 0.5000
- placement_reward: 0.0000
- timeliness_reward: -5.5963
- machine_idle_penalty: -4.6500

TOTAL REWARD: -14.9763

CUMULATIVE REWARD COMPONENTS:
- makespan_reward: -33.4300
- setup_reward: -787.0000
- deadline_reward: 25.2751
- priority_reward: 220.0000
- critical_job_reward: 52.5025
- placement_reward: 0.0000
- timeliness_reward: 72.5646
- machine_idle_penalty: -510.5750

CUMULATIVE TOTAL: -960.6628

CRITICAL STATE INFO:
- Valid actions: ['J1', 'J2', 'J3', 'J4', 'J5', 'J6', 'J7', 'J8', 'J11', 'J12', 'J13', 'J14', 'J16', 'J17', 'J20', 'J23', 'J24', 'J26', 'J27', 'J28', 'J30']
- Machine states:
  - Machine M1: Time=6424.00, Idle=262.00, Material=Mountainbike_Schaltauge_bearbeitet
  - Machine M2: Time=6576.00, Idle=110.00, Material=Racebike_Bremsen_justiert
  - Machine M3: Time=6686.00, Idle=0.00, Material=Racebike_Schaltauge_bearbeitet
==================================================

2025-06-18 13:40:14,518 - JSPGymEnvironment - INFO - Material change on machine M2: Racebike_Bremsen_justiert -> E-Bike_Rahmen_lackiert, setup time: 29
2025-06-18 13:40:14,519 - JSPGymEnvironment - INFO - Executed operation: Job J27, Op 4, Machine M2, Start: 6715, End: 6745, Setup: 29
2025-06-18 13:40:14,519 - JSPGymEnvironment - INFO - Job J27 completed at time 6745, deadline: 2574, met: False, priority: 9
2025-06-18 13:40:14,519 - JSPGymEnvironment - INFO - 
===== REWARD DETAILS FOR STEP 122 =====
Job: J27, Operation: 4, Job Completed: True
Current Time: 6686.00 -> 6745.00, Setup Time: 29.00
Processing Time: 30.00, Idle Time: 0.00
Completed Jobs: 10/30
Machine: M2, Material: E-Bike_Rahmen_lackiert
Job Deadline: 2574.00 (Missed), Priority: 9

REWARD COMPONENTS:
- makespan_reward: -0.2950
- setup_reward: -7.2500
- deadline_reward: -4.0511
- priority_reward: 36.0000
- critical_job_reward: 0.5000
- placement_reward: 0.0000
- timeliness_reward: -5.5964
- machine_idle_penalty: -4.7500

TOTAL REWARD: 14.5575

CUMULATIVE REWARD COMPONENTS:
- makespan_reward: -33.7250
- setup_reward: -794.2500
- deadline_reward: 21.2240
- priority_reward: 256.0000
- critical_job_reward: 53.0025
- placement_reward: 0.0000
- timeliness_reward: 66.9682
- machine_idle_penalty: -515.3250

CUMULATIVE TOTAL: -946.1053

CRITICAL STATE INFO:
- Valid actions: ['J1', 'J2', 'J3', 'J4', 'J5', 'J6', 'J7', 'J8', 'J11', 'J12', 'J13', 'J14', 'J16', 'J17', 'J20', 'J23', 'J24', 'J26', 'J28', 'J30']
- Machine states:
  - Machine M1: Time=6424.00, Idle=321.00, Material=Mountainbike_Schaltauge_bearbeitet
  - Machine M2: Time=6745.00, Idle=0.00, Material=E-Bike_Rahmen_lackiert
  - Machine M3: Time=6686.00, Idle=59.00, Material=Racebike_Schaltauge_bearbeitet
==================================================

2025-06-18 13:40:14,519 - JSPGymEnvironment - INFO - Retro-Bonus für Job J27: -5.0
2025-06-18 13:40:14,630 - JSPGymEnvironment - INFO - Material change on machine M1: Mountainbike_Schaltauge_bearbeitet -> Mountainbike_Hinterbau_vorbereitet, setup time: 40
2025-06-18 13:40:14,630 - JSPGymEnvironment - INFO - Executed operation: Job J23, Op 1, Machine M1, Start: 6785, End: 6830, Setup: 40
2025-06-18 13:40:14,631 - JSPGymEnvironment - INFO - 
===== REWARD DETAILS FOR STEP 123 =====
Job: J23, Operation: 1, Job Completed: False
Current Time: 6745.00 -> 6830.00, Setup Time: 40.00
Processing Time: 45.00, Idle Time: 0.00
Completed Jobs: 10/30
Machine: M1, Material: Mountainbike_Hinterbau_vorbereitet

REWARD COMPONENTS:
- makespan_reward: -0.4250
- setup_reward: -10.0000
- deadline_reward: 0.0000
- priority_reward: 0.0000
- critical_job_reward: 0.0000
- placement_reward: 0.0000
- timeliness_reward: -5.5970
- machine_idle_penalty: -2.8625

TOTAL REWARD: -18.8845

CUMULATIVE REWARD COMPONENTS:
- makespan_reward: -34.1500
- setup_reward: -804.2500
- deadline_reward: 21.2240
- priority_reward: 256.0000
- critical_job_reward: 53.0025
- placement_reward: 0.0000
- timeliness_reward: 61.3713
- machine_idle_penalty: -518.1875

CUMULATIVE TOTAL: -964.9898

CRITICAL STATE INFO:
- Valid actions: ['J1', 'J2', 'J3', 'J4', 'J5', 'J6', 'J7', 'J8', 'J11', 'J12', 'J13', 'J14', 'J16', 'J17', 'J20', 'J23', 'J24', 'J26', 'J28', 'J30']
- Machine states:
  - Machine M1: Time=6830.00, Idle=0.00, Material=Mountainbike_Hinterbau_vorbereitet
  - Machine M2: Time=6745.00, Idle=85.00, Material=E-Bike_Rahmen_lackiert
  - Machine M3: Time=6686.00, Idle=144.00, Material=Racebike_Schaltauge_bearbeitet
==================================================

2025-06-18 13:40:14,746 - JSPGymEnvironment - INFO - Material change on machine M1: Mountainbike_Hinterbau_vorbereitet -> Citybike_Schaltauge_bearbeitet, setup time: 32
2025-06-18 13:40:14,746 - JSPGymEnvironment - INFO - Executed operation: Job J3, Op 5, Machine M1, Start: 6862, End: 6877, Setup: 32
2025-06-18 13:40:14,747 - JSPGymEnvironment - INFO - 
===== REWARD DETAILS FOR STEP 124 =====
Job: J3, Operation: 5, Job Completed: False
Current Time: 6830.00 -> 6877.00, Setup Time: 32.00
Processing Time: 15.00, Idle Time: 0.00
Completed Jobs: 10/30
Machine: M1, Material: Citybike_Schaltauge_bearbeitet

REWARD COMPONENTS:
- makespan_reward: -0.2350
- setup_reward: -8.0000
- deadline_reward: 0.0000
- priority_reward: 0.0000
- critical_job_reward: 0.0000
- placement_reward: 0.0000
- timeliness_reward: -5.5973
- machine_idle_penalty: -4.0375

TOTAL REWARD: -17.8698

CUMULATIVE REWARD COMPONENTS:
- makespan_reward: -34.3850
- setup_reward: -812.2500
- deadline_reward: 21.2240
- priority_reward: 256.0000
- critical_job_reward: 53.0025
- placement_reward: 0.0000
- timeliness_reward: 55.7740
- machine_idle_penalty: -522.2250

CUMULATIVE TOTAL: -982.8595

CRITICAL STATE INFO:
- Valid actions: ['J1', 'J2', 'J3', 'J4', 'J5', 'J6', 'J7', 'J8', 'J11', 'J12', 'J13', 'J14', 'J16', 'J17', 'J20', 'J23', 'J24', 'J26', 'J28', 'J30']
- Machine states:
  - Machine M1: Time=6877.00, Idle=0.00, Material=Citybike_Schaltauge_bearbeitet
  - Machine M2: Time=6745.00, Idle=132.00, Material=E-Bike_Rahmen_lackiert
  - Machine M3: Time=6686.00, Idle=191.00, Material=Racebike_Schaltauge_bearbeitet
==================================================

2025-06-18 13:40:14,839 - JSPGymEnvironment - INFO - Material change on machine M2: E-Bike_Rahmen_lackiert -> Mountainbike_Bremsen_justiert, setup time: 29
2025-06-18 13:40:14,839 - JSPGymEnvironment - INFO - Executed operation: Job J6, Op 5, Machine M2, Start: 6906, End: 6930, Setup: 29
2025-06-18 13:40:14,839 - JSPGymEnvironment - INFO - 
===== REWARD DETAILS FOR STEP 125 =====
Job: J6, Operation: 5, Job Completed: False
Current Time: 6877.00 -> 6930.00, Setup Time: 29.00
Processing Time: 24.00, Idle Time: 0.00
Completed Jobs: 10/30
Machine: M2, Material: Mountainbike_Bremsen_justiert

REWARD COMPONENTS:
- makespan_reward: -0.2650
- setup_reward: -7.2500
- deadline_reward: 0.0000
- priority_reward: 0.0000
- critical_job_reward: 0.5000
- placement_reward: 0.0000
- timeliness_reward: -5.5976
- machine_idle_penalty: -3.7125

TOTAL REWARD: -16.3251

CUMULATIVE REWARD COMPONENTS:
- makespan_reward: -34.6500
- setup_reward: -819.5000
- deadline_reward: 21.2240
- priority_reward: 256.0000
- critical_job_reward: 53.5025
- placement_reward: 0.0000
- timeliness_reward: 50.1765
- machine_idle_penalty: -525.9375

CUMULATIVE TOTAL: -999.1846

CRITICAL STATE INFO:
- Valid actions: ['J1', 'J2', 'J3', 'J4', 'J5', 'J6', 'J7', 'J8', 'J11', 'J12', 'J13', 'J14', 'J16', 'J17', 'J20', 'J23', 'J24', 'J26', 'J28', 'J30']
- Machine states:
  - Machine M1: Time=6877.00, Idle=53.00, Material=Citybike_Schaltauge_bearbeitet
  - Machine M2: Time=6930.00, Idle=0.00, Material=Mountainbike_Bremsen_justiert
  - Machine M3: Time=6686.00, Idle=244.00, Material=Racebike_Schaltauge_bearbeitet
==================================================

2025-06-18 13:40:14,987 - JSPGymEnvironment - INFO - Material change on machine M2: Mountainbike_Bremsen_justiert -> Mountainbike_Laufraeder_montiert, setup time: 20
2025-06-18 13:40:14,987 - JSPGymEnvironment - INFO - Executed operation: Job J11, Op 3, Machine M2, Start: 6950, End: 6977, Setup: 20
2025-06-18 13:40:14,987 - JSPGymEnvironment - INFO - 
===== REWARD DETAILS FOR STEP 126 =====
Job: J11, Operation: 3, Job Completed: False
Current Time: 6930.00 -> 6977.00, Setup Time: 20.00
Processing Time: 27.00, Idle Time: 0.00
Completed Jobs: 10/30
Machine: M2, Material: Mountainbike_Laufraeder_montiert

REWARD COMPONENTS:
- makespan_reward: -0.2350
- setup_reward: -5.0000
- deadline_reward: 0.0000
- priority_reward: 0.0000
- critical_job_reward: 0.0000
- placement_reward: 0.0000
- timeliness_reward: -5.5978
- machine_idle_penalty: -4.8875

TOTAL REWARD: -15.7203

CUMULATIVE REWARD COMPONENTS:
- makespan_reward: -34.8850
- setup_reward: -824.5000
- deadline_reward: 21.2240
- priority_reward: 256.0000
- critical_job_reward: 53.5025
- placement_reward: 0.0000
- timeliness_reward: 44.5787
- machine_idle_penalty: -530.8250

CUMULATIVE TOTAL: -1014.9049

CRITICAL STATE INFO:
- Valid actions: ['J1', 'J2', 'J3', 'J4', 'J5', 'J6', 'J7', 'J8', 'J11', 'J12', 'J13', 'J14', 'J16', 'J17', 'J20', 'J23', 'J24', 'J26', 'J28', 'J30']
- Machine states:
  - Machine M1: Time=6877.00, Idle=100.00, Material=Citybike_Schaltauge_bearbeitet
  - Machine M2: Time=6977.00, Idle=0.00, Material=Mountainbike_Laufraeder_montiert
  - Machine M3: Time=6686.00, Idle=291.00, Material=Racebike_Schaltauge_bearbeitet
==================================================

2025-06-18 13:40:15,086 - JSPGymEnvironment - INFO - Material change on machine M1: Citybike_Schaltauge_bearbeitet -> Racebike_Laufraeder_montiert, setup time: 44
2025-06-18 13:40:15,086 - JSPGymEnvironment - INFO - Executed operation: Job J26, Op 2, Machine M1, Start: 7021, End: 7064, Setup: 44
2025-06-18 13:40:15,086 - JSPGymEnvironment - INFO - 
===== REWARD DETAILS FOR STEP 127 =====
Job: J26, Operation: 2, Job Completed: False
Current Time: 6977.00 -> 7064.00, Setup Time: 44.00
Processing Time: 43.00, Idle Time: 0.00
Completed Jobs: 10/30
Machine: M1, Material: Racebike_Laufraeder_montiert

REWARD COMPONENTS:
- makespan_reward: -0.4350
- setup_reward: -11.0000
- deadline_reward: 0.0000
- priority_reward: 0.0000
- critical_job_reward: 0.5000
- placement_reward: 0.0000
- timeliness_reward: -5.5982
- machine_idle_penalty: -5.8125

TOTAL REWARD: -22.3457

CUMULATIVE REWARD COMPONENTS:
- makespan_reward: -35.3200
- setup_reward: -835.5000
- deadline_reward: 21.2240
- priority_reward: 256.0000
- critical_job_reward: 54.0025
- placement_reward: 0.0000
- timeliness_reward: 38.9805
- machine_idle_penalty: -536.6375

CUMULATIVE TOTAL: -1037.2505

CRITICAL STATE INFO:
- Valid actions: ['J1', 'J2', 'J3', 'J4', 'J5', 'J6', 'J7', 'J8', 'J11', 'J12', 'J13', 'J14', 'J16', 'J17', 'J20', 'J23', 'J24', 'J26', 'J28', 'J30']
- Machine states:
  - Machine M1: Time=7064.00, Idle=0.00, Material=Racebike_Laufraeder_montiert
  - Machine M2: Time=6977.00, Idle=87.00, Material=Mountainbike_Laufraeder_montiert
  - Machine M3: Time=6686.00, Idle=378.00, Material=Racebike_Schaltauge_bearbeitet
==================================================

2025-06-18 13:40:15,180 - JSPGymEnvironment - INFO - Material change on machine M1: Racebike_Laufraeder_montiert -> Mountainbike_Antrieb_installiert, setup time: 43
2025-06-18 13:40:15,180 - JSPGymEnvironment - INFO - Executed operation: Job J20, Op 3, Machine M1, Start: 7107, End: 7135, Setup: 43
2025-06-18 13:40:15,181 - JSPGymEnvironment - INFO - 
===== REWARD DETAILS FOR STEP 128 =====
Job: J20, Operation: 3, Job Completed: False
Current Time: 7064.00 -> 7135.00, Setup Time: 43.00
Processing Time: 28.00, Idle Time: 0.00
Completed Jobs: 10/30
Machine: M1, Material: Mountainbike_Antrieb_installiert

REWARD COMPONENTS:
- makespan_reward: -0.3550
- setup_reward: -10.7500
- deadline_reward: 0.0000
- priority_reward: 0.0000
- critical_job_reward: 0.0000
- placement_reward: 0.0000
- timeliness_reward: -5.5984
- machine_idle_penalty: -7.5875

TOTAL REWARD: -24.2909

CUMULATIVE REWARD COMPONENTS:
- makespan_reward: -35.6750
- setup_reward: -846.2500
- deadline_reward: 21.2240
- priority_reward: 256.0000
- critical_job_reward: 54.0025
- placement_reward: 0.0000
- timeliness_reward: 33.3821
- machine_idle_penalty: -544.2250

CUMULATIVE TOTAL: -1061.5414

CRITICAL STATE INFO:
- Valid actions: ['J1', 'J2', 'J3', 'J4', 'J5', 'J6', 'J7', 'J8', 'J11', 'J12', 'J13', 'J14', 'J16', 'J17', 'J20', 'J23', 'J24', 'J26', 'J28', 'J30']
- Machine states:
  - Machine M1: Time=7135.00, Idle=0.00, Material=Mountainbike_Antrieb_installiert
  - Machine M2: Time=6977.00, Idle=158.00, Material=Mountainbike_Laufraeder_montiert
  - Machine M3: Time=6686.00, Idle=449.00, Material=Racebike_Schaltauge_bearbeitet
==================================================

2025-06-18 13:40:15,342 - JSPGymEnvironment - INFO - Material change on machine M1: Mountainbike_Antrieb_installiert -> Racebike_Bremsen_justiert, setup time: 45
2025-06-18 13:40:15,342 - JSPGymEnvironment - INFO - Executed operation: Job J1, Op 7, Machine M1, Start: 7180, End: 7222, Setup: 45
2025-06-18 13:40:15,342 - JSPGymEnvironment - INFO - Job J1 completed at time 7222, deadline: 2799, met: False, priority: 8
2025-06-18 13:40:15,343 - JSPGymEnvironment - INFO - 
===== REWARD DETAILS FOR STEP 129 =====
Job: J1, Operation: 7, Job Completed: True
Current Time: 7135.00 -> 7222.00, Setup Time: 45.00
Processing Time: 42.00, Idle Time: 0.00
Completed Jobs: 11/30
Machine: M1, Material: Racebike_Bremsen_justiert
Job Deadline: 2799.00 (Missed), Priority: 8

REWARD COMPONENTS:
- makespan_reward: -0.4350
- setup_reward: -11.2500
- deadline_reward: -3.9505
- priority_reward: 32.0000
- critical_job_reward: 0.5000
- placement_reward: 0.0000
- timeliness_reward: -5.5987
- machine_idle_penalty: -9.7625

TOTAL REWARD: 1.5033

CUMULATIVE REWARD COMPONENTS:
- makespan_reward: -36.1100
- setup_reward: -857.5000
- deadline_reward: 17.2735
- priority_reward: 288.0000
- critical_job_reward: 54.5025
- placement_reward: 0.0000
- timeliness_reward: 27.7834
- machine_idle_penalty: -553.9875

CUMULATIVE TOTAL: -1060.0381

CRITICAL STATE INFO:
- Valid actions: ['J2', 'J3', 'J4', 'J5', 'J6', 'J7', 'J8', 'J11', 'J12', 'J13', 'J14', 'J16', 'J17', 'J20', 'J23', 'J24', 'J26', 'J28', 'J30']
- Machine states:
  - Machine M1: Time=7222.00, Idle=0.00, Material=Racebike_Bremsen_justiert
  - Machine M2: Time=6977.00, Idle=245.00, Material=Mountainbike_Laufraeder_montiert
  - Machine M3: Time=6686.00, Idle=536.00, Material=Racebike_Schaltauge_bearbeitet
==================================================

2025-06-18 13:40:15,343 - JSPGymEnvironment - INFO - Retro-Bonus für Job J1: -5.0
2025-06-18 13:40:15,434 - JSPGymEnvironment - INFO - Material change on machine M1: Racebike_Bremsen_justiert -> Mountainbike_Laufraeder_montiert, setup time: 43
2025-06-18 13:40:15,434 - JSPGymEnvironment - INFO - Executed operation: Job J30, Op 6, Machine M1, Start: 7265, End: 7296, Setup: 43
2025-06-18 13:40:15,434 - JSPGymEnvironment - INFO - 
===== REWARD DETAILS FOR STEP 130 =====
Job: J30, Operation: 6, Job Completed: False
Current Time: 7222.00 -> 7296.00, Setup Time: 43.00
Processing Time: 31.00, Idle Time: 0.00
Completed Jobs: 11/30
Machine: M1, Material: Mountainbike_Laufraeder_montiert

REWARD COMPONENTS:
- makespan_reward: -0.3700
- setup_reward: -10.7500
- deadline_reward: 0.0000
- priority_reward: 0.0000
- critical_job_reward: 0.0000
- placement_reward: 0.0000
- timeliness_reward: -5.5989
- machine_idle_penalty: -11.6125

TOTAL REWARD: -28.3314

CUMULATIVE REWARD COMPONENTS:
- makespan_reward: -36.4800
- setup_reward: -868.2500
- deadline_reward: 17.2735
- priority_reward: 288.0000
- critical_job_reward: 54.5025
- placement_reward: 0.0000
- timeliness_reward: 22.1845
- machine_idle_penalty: -565.6000

CUMULATIVE TOTAL: -1088.3695

CRITICAL STATE INFO:
- Valid actions: ['J2', 'J3', 'J4', 'J5', 'J6', 'J7', 'J8', 'J11', 'J12', 'J13', 'J14', 'J16', 'J17', 'J20', 'J23', 'J24', 'J26', 'J28', 'J30']
- Machine states:
  - Machine M1: Time=7296.00, Idle=0.00, Material=Mountainbike_Laufraeder_montiert
  - Machine M2: Time=6977.00, Idle=319.00, Material=Mountainbike_Laufraeder_montiert
  - Machine M3: Time=6686.00, Idle=610.00, Material=Racebike_Schaltauge_bearbeitet
==================================================

2025-06-18 13:40:15,524 - JSPGymEnvironment - INFO - Material change on machine M1: Mountainbike_Laufraeder_montiert -> Mountainbike_Hinterbau_vorbereitet, setup time: 40
2025-06-18 13:40:15,525 - JSPGymEnvironment - INFO - Executed operation: Job J30, Op 7, Machine M1, Start: 7336, End: 7368, Setup: 40
2025-06-18 13:40:15,525 - JSPGymEnvironment - INFO - Job J30 completed at time 7368, deadline: 2880, met: False, priority: 2
2025-06-18 13:40:15,525 - JSPGymEnvironment - INFO - 
===== REWARD DETAILS FOR STEP 131 =====
Job: J30, Operation: 7, Job Completed: True
Current Time: 7296.00 -> 7368.00, Setup Time: 40.00
Processing Time: 32.00, Idle Time: 0.00
Completed Jobs: 12/30
Machine: M1, Material: Mountainbike_Hinterbau_vorbereitet
Job Deadline: 2880.00 (Missed), Priority: 2

REWARD COMPONENTS:
- makespan_reward: -0.3600
- setup_reward: -10.0000
- deadline_reward: -3.8958
- priority_reward: 8.0000
- critical_job_reward: 0.0000
- placement_reward: 0.0000
- timeliness_reward: -5.5990
- machine_idle_penalty: -13.4125

TOTAL REWARD: -25.2674

CUMULATIVE REWARD COMPONENTS:
- makespan_reward: -36.8400
- setup_reward: -878.2500
- deadline_reward: 13.3776
- priority_reward: 296.0000
- critical_job_reward: 54.5025
- placement_reward: 0.0000
- timeliness_reward: 16.5855
- machine_idle_penalty: -579.0125

CUMULATIVE TOTAL: -1113.6369

CRITICAL STATE INFO:
- Valid actions: ['J2', 'J3', 'J4', 'J5', 'J6', 'J7', 'J8', 'J11', 'J12', 'J13', 'J14', 'J16', 'J17', 'J20', 'J23', 'J24', 'J26', 'J28']
- Machine states:
  - Machine M1: Time=7368.00, Idle=0.00, Material=Mountainbike_Hinterbau_vorbereitet
  - Machine M2: Time=6977.00, Idle=391.00, Material=Mountainbike_Laufraeder_montiert
  - Machine M3: Time=6686.00, Idle=682.00, Material=Racebike_Schaltauge_bearbeitet
==================================================

2025-06-18 13:40:15,525 - JSPGymEnvironment - INFO - Retro-Bonus für Job J30: -10.0
2025-06-18 13:40:15,615 - JSPGymEnvironment - INFO - Material change on machine M1: Mountainbike_Hinterbau_vorbereitet -> Mountainbike_Antrieb_installiert, setup time: 40
2025-06-18 13:40:15,615 - JSPGymEnvironment - INFO - Executed operation: Job J23, Op 2, Machine M1, Start: 7408, End: 7451, Setup: 40
2025-06-18 13:40:15,616 - JSPGymEnvironment - INFO - 
===== REWARD DETAILS FOR STEP 132 =====
Job: J23, Operation: 2, Job Completed: False
Current Time: 7368.00 -> 7451.00, Setup Time: 40.00
Processing Time: 43.00, Idle Time: 0.00
Completed Jobs: 12/30
Machine: M1, Material: Mountainbike_Antrieb_installiert

REWARD COMPONENTS:
- makespan_reward: -0.4150
- setup_reward: -10.0000
- deadline_reward: 0.0000
- priority_reward: 0.0000
- critical_job_reward: 0.0000
- placement_reward: 0.0000
- timeliness_reward: -5.5992
- machine_idle_penalty: -15.4875

TOTAL REWARD: -31.5017

CUMULATIVE REWARD COMPONENTS:
- makespan_reward: -37.2550
- setup_reward: -888.2500
- deadline_reward: 13.3776
- priority_reward: 296.0000
- critical_job_reward: 54.5025
- placement_reward: 0.0000
- timeliness_reward: 10.9863
- machine_idle_penalty: -594.5000

CUMULATIVE TOTAL: -1145.1386

CRITICAL STATE INFO:
- Valid actions: ['J2', 'J3', 'J4', 'J5', 'J6', 'J7', 'J8', 'J11', 'J12', 'J13', 'J14', 'J16', 'J17', 'J20', 'J23', 'J24', 'J26', 'J28']
- Machine states:
  - Machine M1: Time=7451.00, Idle=0.00, Material=Mountainbike_Antrieb_installiert
  - Machine M2: Time=6977.00, Idle=474.00, Material=Mountainbike_Laufraeder_montiert
  - Machine M3: Time=6686.00, Idle=765.00, Material=Racebike_Schaltauge_bearbeitet
==================================================

2025-06-18 13:40:15,785 - JSPGymEnvironment - INFO - Material change on machine M1: Mountainbike_Antrieb_installiert -> Racebike_Steuerrohr_ausgerieben, setup time: 45
2025-06-18 13:40:15,785 - JSPGymEnvironment - INFO - Executed operation: Job J24, Op 6, Machine M1, Start: 7496, End: 7530, Setup: 45
2025-06-18 13:40:15,785 - JSPGymEnvironment - INFO - Job J24 completed at time 7530, deadline: 2825, met: False, priority: 9
2025-06-18 13:40:15,785 - JSPGymEnvironment - INFO - 
===== REWARD DETAILS FOR STEP 133 =====
Job: J24, Operation: 6, Job Completed: True
Current Time: 7451.00 -> 7530.00, Setup Time: 45.00
Processing Time: 34.00, Idle Time: 0.00
Completed Jobs: 13/30
Machine: M1, Material: Racebike_Steuerrohr_ausgerieben
Job Deadline: 2825.00 (Missed), Priority: 9

REWARD COMPONENTS:
- makespan_reward: -0.3950
- setup_reward: -11.2500
- deadline_reward: -4.1637
- priority_reward: 36.0000
- critical_job_reward: 0.5000
- placement_reward: 0.0000
- timeliness_reward: -5.5993
- machine_idle_penalty: -17.4625

TOTAL REWARD: -2.3705

CUMULATIVE REWARD COMPONENTS:
- makespan_reward: -37.6500
- setup_reward: -899.5000
- deadline_reward: 9.2139
- priority_reward: 332.0000
- critical_job_reward: 55.0025
- placement_reward: 0.0000
- timeliness_reward: 5.3870
- machine_idle_penalty: -611.9625

CUMULATIVE TOTAL: -1147.5091

CRITICAL STATE INFO:
- Valid actions: ['J2', 'J3', 'J4', 'J5', 'J6', 'J7', 'J8', 'J11', 'J12', 'J13', 'J14', 'J16', 'J17', 'J20', 'J23', 'J26', 'J28']
- Machine states:
  - Machine M1: Time=7530.00, Idle=0.00, Material=Racebike_Steuerrohr_ausgerieben
  - Machine M2: Time=6977.00, Idle=553.00, Material=Mountainbike_Laufraeder_montiert
  - Machine M3: Time=6686.00, Idle=844.00, Material=Racebike_Schaltauge_bearbeitet
==================================================

2025-06-18 13:40:15,785 - JSPGymEnvironment - INFO - Retro-Bonus für Job J24: -5.0
2025-06-18 13:40:15,892 - JSPGymEnvironment - INFO - Material change on machine M3: Racebike_Schaltauge_bearbeitet -> E-Bike_Hauptrahmen_zugeschnitten, setup time: 16
2025-06-18 13:40:15,892 - JSPGymEnvironment - INFO - Executed operation: Job J2, Op 1, Machine M3, Start: 7546, End: 7588, Setup: 16
2025-06-18 13:40:15,893 - JSPGymEnvironment - INFO - 
===== REWARD DETAILS FOR STEP 134 =====
Job: J2, Operation: 1, Job Completed: False
Current Time: 7530.00 -> 7588.00, Setup Time: 16.00
Processing Time: 42.00, Idle Time: 0.00
Completed Jobs: 13/30
Machine: M3, Material: E-Bike_Hauptrahmen_zugeschnitten

REWARD COMPONENTS:
- makespan_reward: -0.2900
- setup_reward: -4.0000
- deadline_reward: 0.0000
- priority_reward: 0.0000
- critical_job_reward: 0.5000
- placement_reward: 0.0000
- timeliness_reward: -5.5994
- machine_idle_penalty: -8.3625

TOTAL REWARD: -17.7519

CUMULATIVE REWARD COMPONENTS:
- makespan_reward: -37.9400
- setup_reward: -903.5000
- deadline_reward: 9.2139
- priority_reward: 332.0000
- critical_job_reward: 55.5025
- placement_reward: 0.0000
- timeliness_reward: -0.2124
- machine_idle_penalty: -620.3250

CUMULATIVE TOTAL: -1165.2610

CRITICAL STATE INFO:
- Valid actions: ['J2', 'J3', 'J4', 'J5', 'J6', 'J7', 'J8', 'J11', 'J12', 'J13', 'J14', 'J16', 'J17', 'J20', 'J23', 'J26', 'J28']
- Machine states:
  - Machine M1: Time=7530.00, Idle=58.00, Material=Racebike_Steuerrohr_ausgerieben
  - Machine M2: Time=6977.00, Idle=611.00, Material=Mountainbike_Laufraeder_montiert
  - Machine M3: Time=7588.00, Idle=0.00, Material=E-Bike_Hauptrahmen_zugeschnitten
==================================================

2025-06-18 13:40:16,004 - JSPGymEnvironment - INFO - Material change on machine M3: E-Bike_Hauptrahmen_zugeschnitten -> Citybike_Fahrrad_endmontiert, setup time: 16
2025-06-18 13:40:16,004 - JSPGymEnvironment - INFO - Executed operation: Job J8, Op 2, Machine M3, Start: 7604, End: 7653, Setup: 16
2025-06-18 13:40:16,004 - JSPGymEnvironment - INFO - 
===== REWARD DETAILS FOR STEP 135 =====
Job: J8, Operation: 2, Job Completed: False
Current Time: 7588.00 -> 7653.00, Setup Time: 16.00
Processing Time: 49.00, Idle Time: 0.00
Completed Jobs: 13/30
Machine: M3, Material: Citybike_Fahrrad_endmontiert

REWARD COMPONENTS:
- makespan_reward: -0.3250
- setup_reward: -4.0000
- deadline_reward: 0.0000
- priority_reward: 0.0000
- critical_job_reward: 0.0000
- placement_reward: 0.0000
- timeliness_reward: -5.5995
- machine_idle_penalty: -9.9875

TOTAL REWARD: -19.9120

CUMULATIVE REWARD COMPONENTS:
- makespan_reward: -38.2650
- setup_reward: -907.5000
- deadline_reward: 9.2139
- priority_reward: 332.0000
- critical_job_reward: 55.5025
- placement_reward: 0.0000
- timeliness_reward: -5.8119
- machine_idle_penalty: -630.3125

CUMULATIVE TOTAL: -1185.1730

CRITICAL STATE INFO:
- Valid actions: ['J2', 'J3', 'J4', 'J5', 'J6', 'J7', 'J8', 'J11', 'J12', 'J13', 'J14', 'J16', 'J17', 'J20', 'J23', 'J26', 'J28']
- Machine states:
  - Machine M1: Time=7530.00, Idle=123.00, Material=Racebike_Steuerrohr_ausgerieben
  - Machine M2: Time=6977.00, Idle=676.00, Material=Mountainbike_Laufraeder_montiert
  - Machine M3: Time=7653.00, Idle=0.00, Material=Citybike_Fahrrad_endmontiert
==================================================

2025-06-18 13:40:16,175 - JSPGymEnvironment - INFO - Material change on machine M3: Citybike_Fahrrad_endmontiert -> Mountainbike_Hauptrahmen_zugeschnitten, setup time: 15
2025-06-18 13:40:16,176 - JSPGymEnvironment - INFO - Executed operation: Job J6, Op 6, Machine M3, Start: 7668, End: 7720, Setup: 15
2025-06-18 13:40:16,176 - JSPGymEnvironment - INFO - Job J6 completed at time 7720, deadline: 2880, met: False, priority: 8
2025-06-18 13:40:16,176 - JSPGymEnvironment - INFO - 
===== REWARD DETAILS FOR STEP 136 =====
Job: J6, Operation: 6, Job Completed: True
Current Time: 7653.00 -> 7720.00, Setup Time: 15.00
Processing Time: 52.00, Idle Time: 0.00
Completed Jobs: 14/30
Machine: M3, Material: Mountainbike_Hauptrahmen_zugeschnitten
Job Deadline: 2880.00 (Missed), Priority: 8

REWARD COMPONENTS:
- makespan_reward: -0.3350
- setup_reward: -3.7500
- deadline_reward: -4.2014
- priority_reward: 32.0000
- critical_job_reward: 0.5000
- placement_reward: 0.0000
- timeliness_reward: -5.5996
- machine_idle_penalty: -11.6625

TOTAL REWARD: 6.9515

CUMULATIVE REWARD COMPONENTS:
- makespan_reward: -38.6000
- setup_reward: -911.2500
- deadline_reward: 5.0125
- priority_reward: 364.0000
- critical_job_reward: 56.0025
- placement_reward: 0.0000
- timeliness_reward: -11.4115
- machine_idle_penalty: -641.9750

CUMULATIVE TOTAL: -1178.2214

CRITICAL STATE INFO:
- Valid actions: ['J2', 'J3', 'J4', 'J5', 'J7', 'J8', 'J11', 'J12', 'J13', 'J14', 'J16', 'J17', 'J20', 'J23', 'J26', 'J28']
- Machine states:
  - Machine M1: Time=7530.00, Idle=190.00, Material=Racebike_Steuerrohr_ausgerieben
  - Machine M2: Time=6977.00, Idle=743.00, Material=Mountainbike_Laufraeder_montiert
  - Machine M3: Time=7720.00, Idle=0.00, Material=Mountainbike_Hauptrahmen_zugeschnitten
==================================================

2025-06-18 13:40:16,176 - JSPGymEnvironment - INFO - Retro-Bonus für Job J6: -5.0
2025-06-18 13:40:16,279 - JSPGymEnvironment - INFO - Material change on machine M2: Mountainbike_Laufraeder_montiert -> Mountainbike_Rahmen_lackiert, setup time: 20
2025-06-18 13:40:16,280 - JSPGymEnvironment - INFO - Executed operation: Job J23, Op 3, Machine M2, Start: 7740, End: 7767, Setup: 20
2025-06-18 13:40:16,280 - JSPGymEnvironment - INFO - 
===== REWARD DETAILS FOR STEP 137 =====
Job: J23, Operation: 3, Job Completed: False
Current Time: 7720.00 -> 7767.00, Setup Time: 20.00
Processing Time: 27.00, Idle Time: 0.00
Completed Jobs: 14/30
Machine: M2, Material: Mountainbike_Rahmen_lackiert

REWARD COMPONENTS:
- makespan_reward: -0.2350
- setup_reward: -5.0000
- deadline_reward: 0.0000
- priority_reward: 0.0000
- critical_job_reward: 0.0000
- placement_reward: 0.0000
- timeliness_reward: -5.5996
- machine_idle_penalty: -3.5500

TOTAL REWARD: -14.3846

CUMULATIVE REWARD COMPONENTS:
- makespan_reward: -38.8350
- setup_reward: -916.2500
- deadline_reward: 5.0125
- priority_reward: 364.0000
- critical_job_reward: 56.0025
- placement_reward: 0.0000
- timeliness_reward: -17.0111
- machine_idle_penalty: -645.5250

CUMULATIVE TOTAL: -1192.6060

CRITICAL STATE INFO:
- Valid actions: ['J2', 'J3', 'J4', 'J5', 'J7', 'J8', 'J11', 'J12', 'J13', 'J14', 'J16', 'J17', 'J20', 'J23', 'J26', 'J28']
- Machine states:
  - Machine M1: Time=7530.00, Idle=237.00, Material=Racebike_Steuerrohr_ausgerieben
  - Machine M2: Time=7767.00, Idle=0.00, Material=Mountainbike_Rahmen_lackiert
  - Machine M3: Time=7720.00, Idle=47.00, Material=Mountainbike_Hauptrahmen_zugeschnitten
==================================================

2025-06-18 13:40:16,368 - JSPGymEnvironment - INFO - Material change on machine M1: Racebike_Steuerrohr_ausgerieben -> E-Bike_Laufraeder_montiert, setup time: 58
2025-06-18 13:40:16,368 - JSPGymEnvironment - INFO - Executed operation: Job J28, Op 7, Machine M1, Start: 7825, End: 7848, Setup: 58
2025-06-18 13:40:16,368 - JSPGymEnvironment - INFO - Job J28 completed at time 7848, deadline: 2880, met: False, priority: 10
2025-06-18 13:40:16,368 - JSPGymEnvironment - INFO - 
===== REWARD DETAILS FOR STEP 138 =====
Job: J28, Operation: 7, Job Completed: True
Current Time: 7767.00 -> 7848.00, Setup Time: 58.00
Processing Time: 23.00, Idle Time: 0.00
Completed Jobs: 15/30
Machine: M1, Material: E-Bike_Laufraeder_montiert
Job Deadline: 2880.00 (Missed), Priority: 10

REWARD COMPONENTS:
- makespan_reward: -0.4050
- setup_reward: -14.5000
- deadline_reward: -4.3125
- priority_reward: 40.0000
- critical_job_reward: 0.5000
- placement_reward: 0.0000
- timeliness_reward: -5.5997
- machine_idle_penalty: -2.6125

TOTAL REWARD: 13.0703

CUMULATIVE REWARD COMPONENTS:
- makespan_reward: -39.2400
- setup_reward: -930.7500
- deadline_reward: 0.7000
- priority_reward: 404.0000
- critical_job_reward: 56.5025
- placement_reward: 0.0000
- timeliness_reward: -22.6108
- machine_idle_penalty: -648.1375

CUMULATIVE TOTAL: -1179.5357

CRITICAL STATE INFO:
- Valid actions: ['J2', 'J3', 'J4', 'J5', 'J7', 'J8', 'J11', 'J12', 'J13', 'J14', 'J16', 'J17', 'J20', 'J23', 'J26']
- Machine states:
  - Machine M1: Time=7848.00, Idle=0.00, Material=E-Bike_Laufraeder_montiert
  - Machine M2: Time=7767.00, Idle=81.00, Material=Mountainbike_Rahmen_lackiert
  - Machine M3: Time=7720.00, Idle=128.00, Material=Mountainbike_Hauptrahmen_zugeschnitten
==================================================

2025-06-18 13:40:16,368 - JSPGymEnvironment - INFO - Retro-Bonus für Job J28: -5.0
2025-06-18 13:40:16,459 - JSPGymEnvironment - INFO - Material change on machine M3: Mountainbike_Hauptrahmen_zugeschnitten -> Racebike_Bremsen_justiert, setup time: 20
2025-06-18 13:40:16,459 - JSPGymEnvironment - INFO - Executed operation: Job J17, Op 2, Machine M3, Start: 7868, End: 7921, Setup: 20
2025-06-18 13:40:16,459 - JSPGymEnvironment - INFO - 
===== REWARD DETAILS FOR STEP 139 =====
Job: J17, Operation: 2, Job Completed: False
Current Time: 7848.00 -> 7921.00, Setup Time: 20.00
Processing Time: 53.00, Idle Time: 0.00
Completed Jobs: 15/30
Machine: M3, Material: Racebike_Bremsen_justiert

REWARD COMPONENTS:
- makespan_reward: -0.3650
- setup_reward: -5.0000
- deadline_reward: 0.0000
- priority_reward: 0.0000
- critical_job_reward: 0.5000
- placement_reward: 0.0000
- timeliness_reward: -5.5997
- machine_idle_penalty: -2.8375

TOTAL REWARD: -13.3022

CUMULATIVE REWARD COMPONENTS:
- makespan_reward: -39.6050
- setup_reward: -935.7500
- deadline_reward: 0.7000
- priority_reward: 404.0000
- critical_job_reward: 57.0025
- placement_reward: 0.0000
- timeliness_reward: -28.2105
- machine_idle_penalty: -650.9750

CUMULATIVE TOTAL: -1192.8380

CRITICAL STATE INFO:
- Valid actions: ['J2', 'J3', 'J4', 'J5', 'J7', 'J8', 'J11', 'J12', 'J13', 'J14', 'J16', 'J17', 'J20', 'J23', 'J26']
- Machine states:
  - Machine M1: Time=7848.00, Idle=73.00, Material=E-Bike_Laufraeder_montiert
  - Machine M2: Time=7767.00, Idle=154.00, Material=Mountainbike_Rahmen_lackiert
  - Machine M3: Time=7921.00, Idle=0.00, Material=Racebike_Bremsen_justiert
==================================================

2025-06-18 13:40:16,605 - JSPGymEnvironment - INFO - Material change on machine M3: Racebike_Bremsen_justiert -> Mountainbike_Hinterbau_vorbereitet, setup time: 18
2025-06-18 13:40:16,606 - JSPGymEnvironment - INFO - Executed operation: Job J7, Op 1, Machine M3, Start: 7939, End: 7972, Setup: 18
2025-06-18 13:40:16,606 - JSPGymEnvironment - INFO - 
===== REWARD DETAILS FOR STEP 140 =====
Job: J7, Operation: 1, Job Completed: False
Current Time: 7921.00 -> 7972.00, Setup Time: 18.00
Processing Time: 33.00, Idle Time: 0.00
Completed Jobs: 15/30
Machine: M3, Material: Mountainbike_Hinterbau_vorbereitet

REWARD COMPONENTS:
- makespan_reward: -0.2550
- setup_reward: -4.5000
- deadline_reward: 0.0000
- priority_reward: 0.0000
- critical_job_reward: 0.0000
- placement_reward: 0.0000
- timeliness_reward: -5.5998
- machine_idle_penalty: -4.1125

TOTAL REWARD: -14.4673

CUMULATIVE REWARD COMPONENTS:
- makespan_reward: -39.8600
- setup_reward: -940.2500
- deadline_reward: 0.7000
- priority_reward: 404.0000
- critical_job_reward: 57.0025
- placement_reward: 0.0000
- timeliness_reward: -33.8103
- machine_idle_penalty: -655.0875

CUMULATIVE TOTAL: -1207.3052

CRITICAL STATE INFO:
- Valid actions: ['J2', 'J3', 'J4', 'J5', 'J7', 'J8', 'J11', 'J12', 'J13', 'J14', 'J16', 'J17', 'J20', 'J23', 'J26']
- Machine states:
  - Machine M1: Time=7848.00, Idle=124.00, Material=E-Bike_Laufraeder_montiert
  - Machine M2: Time=7767.00, Idle=205.00, Material=Mountainbike_Rahmen_lackiert
  - Machine M3: Time=7972.00, Idle=0.00, Material=Mountainbike_Hinterbau_vorbereitet
==================================================

2025-06-18 13:40:16,696 - JSPGymEnvironment - INFO - Material change on machine M2: Mountainbike_Rahmen_lackiert -> Citybike_Bremsen_justiert, setup time: 22
2025-06-18 13:40:16,696 - JSPGymEnvironment - INFO - Executed operation: Job J13, Op 3, Machine M2, Start: 7994, End: 8020, Setup: 22
2025-06-18 13:40:16,696 - JSPGymEnvironment - INFO - 
===== REWARD DETAILS FOR STEP 141 =====
Job: J13, Operation: 3, Job Completed: False
Current Time: 7972.00 -> 8020.00, Setup Time: 22.00
Processing Time: 26.00, Idle Time: 0.00
Completed Jobs: 15/30
Machine: M2, Material: Citybike_Bremsen_justiert

REWARD COMPONENTS:
- makespan_reward: -0.2400
- setup_reward: -5.5000
- deadline_reward: 0.0000
- priority_reward: 0.0000
- critical_job_reward: 0.0000
- placement_reward: 0.0000
- timeliness_reward: -5.5998
- machine_idle_penalty: -2.7500

TOTAL REWARD: -14.0898

CUMULATIVE REWARD COMPONENTS:
- makespan_reward: -40.1000
- setup_reward: -945.7500
- deadline_reward: 0.7000
- priority_reward: 404.0000
- critical_job_reward: 57.0025
- placement_reward: 0.0000
- timeliness_reward: -39.4100
- machine_idle_penalty: -657.8375

CUMULATIVE TOTAL: -1221.3950

CRITICAL STATE INFO:
- Valid actions: ['J2', 'J3', 'J4', 'J5', 'J7', 'J8', 'J11', 'J12', 'J13', 'J14', 'J16', 'J17', 'J20', 'J23', 'J26']
- Machine states:
  - Machine M1: Time=7848.00, Idle=172.00, Material=E-Bike_Laufraeder_montiert
  - Machine M2: Time=8020.00, Idle=0.00, Material=Citybike_Bremsen_justiert
  - Machine M3: Time=7972.00, Idle=48.00, Material=Mountainbike_Hinterbau_vorbereitet
==================================================

2025-06-18 13:40:16,782 - JSPGymEnvironment - INFO - Material change on machine M2: Citybike_Bremsen_justiert -> Mountainbike_Tretlageraufnahme_geschweisst, setup time: 20
2025-06-18 13:40:16,782 - JSPGymEnvironment - INFO - Executed operation: Job J23, Op 4, Machine M2, Start: 8040, End: 8067, Setup: 20
2025-06-18 13:40:16,782 - JSPGymEnvironment - INFO - 
===== REWARD DETAILS FOR STEP 142 =====
Job: J23, Operation: 4, Job Completed: False
Current Time: 8020.00 -> 8067.00, Setup Time: 20.00
Processing Time: 27.00, Idle Time: 0.00
Completed Jobs: 15/30
Machine: M2, Material: Mountainbike_Tretlageraufnahme_geschweisst

REWARD COMPONENTS:
- makespan_reward: -0.2350
- setup_reward: -5.0000
- deadline_reward: 0.0000
- priority_reward: 0.0000
- critical_job_reward: 0.0000
- placement_reward: 0.0000
- timeliness_reward: -5.5998
- machine_idle_penalty: -3.9250

TOTAL REWARD: -14.7598

CUMULATIVE REWARD COMPONENTS:
- makespan_reward: -40.3350
- setup_reward: -950.7500
- deadline_reward: 0.7000
- priority_reward: 404.0000
- critical_job_reward: 57.0025
- placement_reward: 0.0000
- timeliness_reward: -45.0099
- machine_idle_penalty: -661.7625

CUMULATIVE TOTAL: -1236.1548

CRITICAL STATE INFO:
- Valid actions: ['J2', 'J3', 'J4', 'J5', 'J7', 'J8', 'J11', 'J12', 'J13', 'J14', 'J16', 'J17', 'J20', 'J23', 'J26']
- Machine states:
  - Machine M1: Time=7848.00, Idle=219.00, Material=E-Bike_Laufraeder_montiert
  - Machine M2: Time=8067.00, Idle=0.00, Material=Mountainbike_Tretlageraufnahme_geschweisst
  - Machine M3: Time=7972.00, Idle=95.00, Material=Mountainbike_Hinterbau_vorbereitet
==================================================

2025-06-18 13:40:16,931 - JSPGymEnvironment - INFO - Material change on machine M3: Mountainbike_Hinterbau_vorbereitet -> Mountainbike_Tretlager_gefraest, setup time: 15
2025-06-18 13:40:16,931 - JSPGymEnvironment - INFO - Executed operation: Job J11, Op 4, Machine M3, Start: 8082, End: 8106, Setup: 15
2025-06-18 13:40:16,932 - JSPGymEnvironment - INFO - 
===== REWARD DETAILS FOR STEP 143 =====
Job: J11, Operation: 4, Job Completed: False
Current Time: 8067.00 -> 8106.00, Setup Time: 15.00
Processing Time: 24.00, Idle Time: 0.00
Completed Jobs: 15/30
Machine: M3, Material: Mountainbike_Tretlager_gefraest

REWARD COMPONENTS:
- makespan_reward: -0.1950
- setup_reward: -3.7500
- deadline_reward: 0.0000
- priority_reward: 0.0000
- critical_job_reward: 0.0000
- placement_reward: 0.0000
- timeliness_reward: -5.5998
- machine_idle_penalty: -3.7125

TOTAL REWARD: -13.2573

CUMULATIVE REWARD COMPONENTS:
- makespan_reward: -40.5300
- setup_reward: -954.5000
- deadline_reward: 0.7000
- priority_reward: 404.0000
- critical_job_reward: 57.0025
- placement_reward: 0.0000
- timeliness_reward: -50.6097
- machine_idle_penalty: -665.4750

CUMULATIVE TOTAL: -1249.4122

CRITICAL STATE INFO:
- Valid actions: ['J2', 'J3', 'J4', 'J5', 'J7', 'J8', 'J11', 'J12', 'J13', 'J14', 'J16', 'J17', 'J20', 'J23', 'J26']
- Machine states:
  - Machine M1: Time=7848.00, Idle=258.00, Material=E-Bike_Laufraeder_montiert
  - Machine M2: Time=8067.00, Idle=39.00, Material=Mountainbike_Tretlageraufnahme_geschweisst
  - Machine M3: Time=8106.00, Idle=0.00, Material=Mountainbike_Tretlager_gefraest
==================================================

2025-06-18 13:40:17,023 - JSPGymEnvironment - INFO - Material change on machine M1: E-Bike_Laufraeder_montiert -> Mountainbike_Tretlageraufnahme_geschweisst, setup time: 59
2025-06-18 13:40:17,023 - JSPGymEnvironment - INFO - Executed operation: Job J11, Op 5, Machine M1, Start: 8165, End: 8194, Setup: 59
2025-06-18 13:40:17,023 - JSPGymEnvironment - INFO - Job J11 completed at time 8194, deadline: 2834, met: False, priority: 5
2025-06-18 13:40:17,024 - JSPGymEnvironment - INFO - 
===== REWARD DETAILS FOR STEP 144 =====
Job: J11, Operation: 5, Job Completed: True
Current Time: 8106.00 -> 8194.00, Setup Time: 59.00
Processing Time: 29.00, Idle Time: 0.00
Completed Jobs: 16/30
Machine: M1, Material: Mountainbike_Tretlageraufnahme_geschweisst
Job Deadline: 2834.00 (Missed), Priority: 5

REWARD COMPONENTS:
- makespan_reward: -0.4400
- setup_reward: -14.7500
- deadline_reward: -4.7283
- priority_reward: 20.0000
- critical_job_reward: 0.0000
- placement_reward: 0.0000
- timeliness_reward: -5.5999
- machine_idle_penalty: -2.6875

TOTAL REWARD: -8.2057

CUMULATIVE REWARD COMPONENTS:
- makespan_reward: -40.9700
- setup_reward: -969.2500
- deadline_reward: -4.0283
- priority_reward: 424.0000
- critical_job_reward: 57.0025
- placement_reward: 0.0000
- timeliness_reward: -56.2095
- machine_idle_penalty: -668.1625

CUMULATIVE TOTAL: -1257.6178

CRITICAL STATE INFO:
- Valid actions: ['J2', 'J3', 'J4', 'J5', 'J7', 'J8', 'J12', 'J13', 'J14', 'J16', 'J17', 'J20', 'J23', 'J26']
- Machine states:
  - Machine M1: Time=8194.00, Idle=0.00, Material=Mountainbike_Tretlageraufnahme_geschweisst
  - Machine M2: Time=8067.00, Idle=127.00, Material=Mountainbike_Tretlageraufnahme_geschweisst
  - Machine M3: Time=8106.00, Idle=88.00, Material=Mountainbike_Tretlager_gefraest
==================================================

2025-06-18 13:40:17,024 - JSPGymEnvironment - INFO - Retro-Bonus für Job J11: -10.0
2025-06-18 13:40:17,118 - JSPGymEnvironment - INFO - Material change on machine M3: Mountainbike_Tretlager_gefraest -> Mountainbike_Steuerrohr_montiert, setup time: 15
2025-06-18 13:40:17,118 - JSPGymEnvironment - INFO - Executed operation: Job J7, Op 2, Machine M3, Start: 8209, End: 8230, Setup: 15
2025-06-18 13:40:17,118 - JSPGymEnvironment - INFO - 
===== REWARD DETAILS FOR STEP 145 =====
Job: J7, Operation: 2, Job Completed: False
Current Time: 8194.00 -> 8230.00, Setup Time: 15.00
Processing Time: 21.00, Idle Time: 0.00
Completed Jobs: 16/30
Machine: M3, Material: Mountainbike_Steuerrohr_montiert

REWARD COMPONENTS:
- makespan_reward: -0.1800
- setup_reward: -3.7500
- deadline_reward: 0.0000
- priority_reward: 0.0000
- critical_job_reward: 0.0000
- placement_reward: 0.0000
- timeliness_reward: -5.5999
- machine_idle_penalty: -2.4875

TOTAL REWARD: -12.0174

CUMULATIVE REWARD COMPONENTS:
- makespan_reward: -41.1500
- setup_reward: -973.0000
- deadline_reward: -4.0283
- priority_reward: 424.0000
- critical_job_reward: 57.0025
- placement_reward: 0.0000
- timeliness_reward: -61.8094
- machine_idle_penalty: -670.6500

CUMULATIVE TOTAL: -1269.6352

CRITICAL STATE INFO:
- Valid actions: ['J2', 'J3', 'J4', 'J5', 'J7', 'J8', 'J12', 'J13', 'J14', 'J16', 'J17', 'J20', 'J23', 'J26']
- Machine states:
  - Machine M1: Time=8194.00, Idle=36.00, Material=Mountainbike_Tretlageraufnahme_geschweisst
  - Machine M2: Time=8067.00, Idle=163.00, Material=Mountainbike_Tretlageraufnahme_geschweisst
  - Machine M3: Time=8230.00, Idle=0.00, Material=Mountainbike_Steuerrohr_montiert
==================================================

2025-06-18 13:40:17,206 - JSPGymEnvironment - INFO - Material change on machine M1: Mountainbike_Tretlageraufnahme_geschweisst -> E-Bike_Rahmen_lackiert, setup time: 50
2025-06-18 13:40:17,206 - JSPGymEnvironment - INFO - Executed operation: Job J2, Op 2, Machine M1, Start: 8280, End: 8316, Setup: 50
2025-06-18 13:40:17,207 - JSPGymEnvironment - INFO - 
===== REWARD DETAILS FOR STEP 146 =====
Job: J2, Operation: 2, Job Completed: False
Current Time: 8230.00 -> 8316.00, Setup Time: 50.00
Processing Time: 36.00, Idle Time: 0.00
Completed Jobs: 16/30
Machine: M1, Material: E-Bike_Rahmen_lackiert

REWARD COMPONENTS:
- makespan_reward: -0.4300
- setup_reward: -12.5000
- deadline_reward: 0.0000
- priority_reward: 0.0000
- critical_job_reward: 0.5000
- placement_reward: 0.0000
- timeliness_reward: -5.5999
- machine_idle_penalty: -4.1875

TOTAL REWARD: -22.2174

CUMULATIVE REWARD COMPONENTS:
- makespan_reward: -41.5800
- setup_reward: -985.5000
- deadline_reward: -4.0283
- priority_reward: 424.0000
- critical_job_reward: 57.5025
- placement_reward: 0.0000
- timeliness_reward: -67.4093
- machine_idle_penalty: -674.8375

CUMULATIVE TOTAL: -1291.8526

CRITICAL STATE INFO:
- Valid actions: ['J2', 'J3', 'J4', 'J5', 'J7', 'J8', 'J12', 'J13', 'J14', 'J16', 'J17', 'J20', 'J23', 'J26']
- Machine states:
  - Machine M1: Time=8316.00, Idle=0.00, Material=E-Bike_Rahmen_lackiert
  - Machine M2: Time=8067.00, Idle=249.00, Material=Mountainbike_Tretlageraufnahme_geschweisst
  - Machine M3: Time=8230.00, Idle=86.00, Material=Mountainbike_Steuerrohr_montiert
==================================================

2025-06-18 13:40:17,354 - JSPGymEnvironment - INFO - Material change on machine M3: Mountainbike_Steuerrohr_montiert -> Citybike_Rahmen_lackiert, setup time: 18
2025-06-18 13:40:17,354 - JSPGymEnvironment - INFO - Executed operation: Job J8, Op 3, Machine M3, Start: 8334, End: 8360, Setup: 18
2025-06-18 13:40:17,355 - JSPGymEnvironment - INFO - 
===== REWARD DETAILS FOR STEP 147 =====
Job: J8, Operation: 3, Job Completed: False
Current Time: 8316.00 -> 8360.00, Setup Time: 18.00
Processing Time: 26.00, Idle Time: 0.00
Completed Jobs: 16/30
Machine: M3, Material: Citybike_Rahmen_lackiert

REWARD COMPONENTS:
- makespan_reward: -0.2200
- setup_reward: -4.5000
- deadline_reward: 0.0000
- priority_reward: 0.0000
- critical_job_reward: 0.0000
- placement_reward: 0.0000
- timeliness_reward: -5.5999
- machine_idle_penalty: -4.2125

TOTAL REWARD: -14.5324

CUMULATIVE REWARD COMPONENTS:
- makespan_reward: -41.8000
- setup_reward: -990.0000
- deadline_reward: -4.0283
- priority_reward: 424.0000
- critical_job_reward: 57.5025
- placement_reward: 0.0000
- timeliness_reward: -73.0092
- machine_idle_penalty: -679.0500

CUMULATIVE TOTAL: -1306.3850

CRITICAL STATE INFO:
- Valid actions: ['J2', 'J3', 'J4', 'J5', 'J7', 'J8', 'J12', 'J13', 'J14', 'J16', 'J17', 'J20', 'J23', 'J26']
- Machine states:
  - Machine M1: Time=8316.00, Idle=44.00, Material=E-Bike_Rahmen_lackiert
  - Machine M2: Time=8067.00, Idle=293.00, Material=Mountainbike_Tretlageraufnahme_geschweisst
  - Machine M3: Time=8360.00, Idle=0.00, Material=Citybike_Rahmen_lackiert
==================================================

2025-06-18 13:40:17,443 - JSPGymEnvironment - INFO - Material change on machine M3: Citybike_Rahmen_lackiert -> Mountainbike_Laufraeder_montiert, setup time: 15
2025-06-18 13:40:17,443 - JSPGymEnvironment - INFO - Executed operation: Job J7, Op 3, Machine M3, Start: 8375, End: 8401, Setup: 15
2025-06-18 13:40:17,443 - JSPGymEnvironment - INFO - 
===== REWARD DETAILS FOR STEP 148 =====
Job: J7, Operation: 3, Job Completed: False
Current Time: 8360.00 -> 8401.00, Setup Time: 15.00
Processing Time: 26.00, Idle Time: 0.00
Completed Jobs: 16/30
Machine: M3, Material: Mountainbike_Laufraeder_montiert

REWARD COMPONENTS:
- makespan_reward: -0.2050
- setup_reward: -3.7500
- deadline_reward: 0.0000
- priority_reward: 0.0000
- critical_job_reward: 0.0000
- placement_reward: 0.0000
- timeliness_reward: -5.5999
- machine_idle_penalty: -5.2375

TOTAL REWARD: -14.7924

CUMULATIVE REWARD COMPONENTS:
- makespan_reward: -42.0050
- setup_reward: -993.7500
- deadline_reward: -4.0283
- priority_reward: 424.0000
- critical_job_reward: 57.5025
- placement_reward: 0.0000
- timeliness_reward: -78.6091
- machine_idle_penalty: -684.2875

CUMULATIVE TOTAL: -1321.1774

CRITICAL STATE INFO:
- Valid actions: ['J2', 'J3', 'J4', 'J5', 'J7', 'J8', 'J12', 'J13', 'J14', 'J16', 'J17', 'J20', 'J23', 'J26']
- Machine states:
  - Machine M1: Time=8316.00, Idle=85.00, Material=E-Bike_Rahmen_lackiert
  - Machine M2: Time=8067.00, Idle=334.00, Material=Mountainbike_Tretlageraufnahme_geschweisst
  - Machine M3: Time=8401.00, Idle=0.00, Material=Mountainbike_Laufraeder_montiert
==================================================

2025-06-18 13:40:17,532 - JSPGymEnvironment - INFO - Material change on machine M1: E-Bike_Rahmen_lackiert -> Citybike_Laufraeder_montiert, setup time: 48
2025-06-18 13:40:17,532 - JSPGymEnvironment - INFO - Executed operation: Job J3, Op 6, Machine M1, Start: 8449, End: 8482, Setup: 48
2025-06-18 13:40:17,533 - JSPGymEnvironment - INFO - 
===== REWARD DETAILS FOR STEP 149 =====
Job: J3, Operation: 6, Job Completed: False
Current Time: 8401.00 -> 8482.00, Setup Time: 48.00
Processing Time: 33.00, Idle Time: 0.00
Completed Jobs: 16/30
Machine: M1, Material: Citybike_Laufraeder_montiert

REWARD COMPONENTS:
- makespan_reward: -0.4050
- setup_reward: -12.0000
- deadline_reward: 0.0000
- priority_reward: 0.0000
- critical_job_reward: 0.0000
- placement_reward: 0.0000
- timeliness_reward: -5.5999
- machine_idle_penalty: -6.2000

TOTAL REWARD: -24.2049

CUMULATIVE REWARD COMPONENTS:
- makespan_reward: -42.4100
- setup_reward: -1005.7500
- deadline_reward: -4.0283
- priority_reward: 424.0000
- critical_job_reward: 57.5025
- placement_reward: 0.0000
- timeliness_reward: -84.2090
- machine_idle_penalty: -690.4875

CUMULATIVE TOTAL: -1345.3823

CRITICAL STATE INFO:
- Valid actions: ['J2', 'J3', 'J4', 'J5', 'J7', 'J8', 'J12', 'J13', 'J14', 'J16', 'J17', 'J20', 'J23', 'J26']
- Machine states:
  - Machine M1: Time=8482.00, Idle=0.00, Material=Citybike_Laufraeder_montiert
  - Machine M2: Time=8067.00, Idle=415.00, Material=Mountainbike_Tretlageraufnahme_geschweisst
  - Machine M3: Time=8401.00, Idle=81.00, Material=Mountainbike_Laufraeder_montiert
==================================================

2025-06-18 13:40:17,681 - JSPGymEnvironment - INFO - Material change on machine M3: Mountainbike_Laufraeder_montiert -> Racebike_Schaltauge_bearbeitet, setup time: 20
2025-06-18 13:40:17,681 - JSPGymEnvironment - INFO - Executed operation: Job J26, Op 3, Machine M3, Start: 8502, End: 8548, Setup: 20
2025-06-18 13:40:17,682 - JSPGymEnvironment - INFO - 
===== REWARD DETAILS FOR STEP 150 =====
Job: J26, Operation: 3, Job Completed: False
Current Time: 8482.00 -> 8548.00, Setup Time: 20.00
Processing Time: 46.00, Idle Time: 0.00
Completed Jobs: 16/30
Machine: M3, Material: Racebike_Schaltauge_bearbeitet

REWARD COMPONENTS:
- makespan_reward: -0.3300
- setup_reward: -5.0000
- deadline_reward: 0.0000
- priority_reward: 0.0000
- critical_job_reward: 0.5000
- placement_reward: 0.0000
- timeliness_reward: -5.5999
- machine_idle_penalty: -6.8375

TOTAL REWARD: -17.2674

CUMULATIVE REWARD COMPONENTS:
- makespan_reward: -42.7400
- setup_reward: -1010.7500
- deadline_reward: -4.0283
- priority_reward: 424.0000
- critical_job_reward: 58.0025
- placement_reward: 0.0000
- timeliness_reward: -89.8089
- machine_idle_penalty: -697.3250

CUMULATIVE TOTAL: -1362.6497

CRITICAL STATE INFO:
- Valid actions: ['J2', 'J3', 'J4', 'J5', 'J7', 'J8', 'J12', 'J13', 'J14', 'J16', 'J17', 'J20', 'J23', 'J26']
- Machine states:
  - Machine M1: Time=8482.00, Idle=66.00, Material=Citybike_Laufraeder_montiert
  - Machine M2: Time=8067.00, Idle=481.00, Material=Mountainbike_Tretlageraufnahme_geschweisst
  - Machine M3: Time=8548.00, Idle=0.00, Material=Racebike_Schaltauge_bearbeitet
==================================================

2025-06-18 13:40:17,774 - JSPGymEnvironment - INFO - Material change on machine M3: Racebike_Schaltauge_bearbeitet -> Racebike_Hauptrahmen_zugeschnitten, setup time: 15
2025-06-18 13:40:17,774 - JSPGymEnvironment - INFO - Executed operation: Job J17, Op 3, Machine M3, Start: 8563, End: 8603, Setup: 15
2025-06-18 13:40:17,774 - JSPGymEnvironment - INFO - 
===== REWARD DETAILS FOR STEP 151 =====
Job: J17, Operation: 3, Job Completed: False
Current Time: 8548.00 -> 8603.00, Setup Time: 15.00
Processing Time: 40.00, Idle Time: 0.00
Completed Jobs: 16/30
Machine: M3, Material: Racebike_Hauptrahmen_zugeschnitten

REWARD COMPONENTS:
- makespan_reward: -0.2750
- setup_reward: -3.7500
- deadline_reward: 0.0000
- priority_reward: 0.0000
- critical_job_reward: 0.5000
- placement_reward: 0.0000
- timeliness_reward: -5.5999
- machine_idle_penalty: -8.2125

TOTAL REWARD: -17.3374

CUMULATIVE REWARD COMPONENTS:
- makespan_reward: -43.0150
- setup_reward: -1014.5000
- deadline_reward: -4.0283
- priority_reward: 424.0000
- critical_job_reward: 58.5025
- placement_reward: 0.0000
- timeliness_reward: -95.4089
- machine_idle_penalty: -705.5375

CUMULATIVE TOTAL: -1379.9872

CRITICAL STATE INFO:
- Valid actions: ['J2', 'J3', 'J4', 'J5', 'J7', 'J8', 'J12', 'J13', 'J14', 'J16', 'J17', 'J20', 'J23', 'J26']
- Machine states:
  - Machine M1: Time=8482.00, Idle=121.00, Material=Citybike_Laufraeder_montiert
  - Machine M2: Time=8067.00, Idle=536.00, Material=Mountainbike_Tretlageraufnahme_geschweisst
  - Machine M3: Time=8603.00, Idle=0.00, Material=Racebike_Hauptrahmen_zugeschnitten
==================================================

2025-06-18 13:40:17,863 - JSPGymEnvironment - INFO - Material change on machine M1: Citybike_Laufraeder_montiert -> Citybike_Rahmen_nachbearbeitet, setup time: 40
2025-06-18 13:40:17,863 - JSPGymEnvironment - INFO - Executed operation: Job J8, Op 4, Machine M1, Start: 8643, End: 8661, Setup: 40
2025-06-18 13:40:17,863 - JSPGymEnvironment - INFO - 
===== REWARD DETAILS FOR STEP 152 =====
Job: J8, Operation: 4, Job Completed: False
Current Time: 8603.00 -> 8661.00, Setup Time: 40.00
Processing Time: 18.00, Idle Time: 0.00
Completed Jobs: 16/30
Machine: M1, Material: Citybike_Rahmen_nachbearbeitet

REWARD COMPONENTS:
- makespan_reward: -0.2900
- setup_reward: -10.0000
- deadline_reward: 0.0000
- priority_reward: 0.0000
- critical_job_reward: 0.0000
- placement_reward: 0.0000
- timeliness_reward: -5.5999
- machine_idle_penalty: -8.1500

TOTAL REWARD: -24.0399

CUMULATIVE REWARD COMPONENTS:
- makespan_reward: -43.3050
- setup_reward: -1024.5000
- deadline_reward: -4.0283
- priority_reward: 424.0000
- critical_job_reward: 58.5025
- placement_reward: 0.0000
- timeliness_reward: -101.0088
- machine_idle_penalty: -713.6875

CUMULATIVE TOTAL: -1404.0271

CRITICAL STATE INFO:
- Valid actions: ['J2', 'J3', 'J4', 'J5', 'J7', 'J8', 'J12', 'J13', 'J14', 'J16', 'J17', 'J20', 'J23', 'J26']
- Machine states:
  - Machine M1: Time=8661.00, Idle=0.00, Material=Citybike_Rahmen_nachbearbeitet
  - Machine M2: Time=8067.00, Idle=594.00, Material=Mountainbike_Tretlageraufnahme_geschweisst
  - Machine M3: Time=8603.00, Idle=58.00, Material=Racebike_Hauptrahmen_zugeschnitten
==================================================

2025-06-18 13:40:17,948 - JSPGymEnvironment - INFO - Material change on machine M1: Citybike_Rahmen_nachbearbeitet -> E-Bike_Tretlageraufnahme_geschweisst, setup time: 40
2025-06-18 13:40:17,948 - JSPGymEnvironment - INFO - Executed operation: Job J2, Op 3, Machine M1, Start: 8701, End: 8735, Setup: 40
2025-06-18 13:40:17,949 - JSPGymEnvironment - INFO - 
===== REWARD DETAILS FOR STEP 153 =====
Job: J2, Operation: 3, Job Completed: False
Current Time: 8661.00 -> 8735.00, Setup Time: 40.00
Processing Time: 34.00, Idle Time: 0.00
Completed Jobs: 16/30
Machine: M1, Material: E-Bike_Tretlageraufnahme_geschweisst

REWARD COMPONENTS:
- makespan_reward: -0.3700
- setup_reward: -10.0000
- deadline_reward: 0.0000
- priority_reward: 0.0000
- critical_job_reward: 0.5000
- placement_reward: 0.0000
- timeliness_reward: -5.6000
- machine_idle_penalty: -10.0000

TOTAL REWARD: -25.4700

CUMULATIVE REWARD COMPONENTS:
- makespan_reward: -43.6750
- setup_reward: -1034.5000
- deadline_reward: -4.0283
- priority_reward: 424.0000
- critical_job_reward: 59.0025
- placement_reward: 0.0000
- timeliness_reward: -106.6088
- machine_idle_penalty: -723.6875

CUMULATIVE TOTAL: -1429.4971

CRITICAL STATE INFO:
- Valid actions: ['J2', 'J3', 'J4', 'J5', 'J7', 'J8', 'J12', 'J13', 'J14', 'J16', 'J17', 'J20', 'J23', 'J26']
- Machine states:
  - Machine M1: Time=8735.00, Idle=0.00, Material=E-Bike_Tretlageraufnahme_geschweisst
  - Machine M2: Time=8067.00, Idle=668.00, Material=Mountainbike_Tretlageraufnahme_geschweisst
  - Machine M3: Time=8603.00, Idle=132.00, Material=Racebike_Hauptrahmen_zugeschnitten
==================================================

2025-06-18 13:40:18,099 - JSPGymEnvironment - INFO - Material change on machine M3: Racebike_Hauptrahmen_zugeschnitten -> Racebike_Rahmen_komplettiert, setup time: 15
2025-06-18 13:40:18,099 - JSPGymEnvironment - INFO - Executed operation: Job J26, Op 4, Machine M3, Start: 8750, End: 8771, Setup: 15
2025-06-18 13:40:18,099 - JSPGymEnvironment - INFO - 
===== REWARD DETAILS FOR STEP 154 =====
Job: J26, Operation: 4, Job Completed: False
Current Time: 8735.00 -> 8771.00, Setup Time: 15.00
Processing Time: 21.00, Idle Time: 0.00
Completed Jobs: 16/30
Machine: M3, Material: Racebike_Rahmen_komplettiert

REWARD COMPONENTS:
- makespan_reward: -0.1800
- setup_reward: -3.7500
- deadline_reward: 0.0000
- priority_reward: 0.0000
- critical_job_reward: 0.5000
- placement_reward: 0.0000
- timeliness_reward: -5.6000
- machine_idle_penalty: -9.2500

TOTAL REWARD: -18.2800

CUMULATIVE REWARD COMPONENTS:
- makespan_reward: -43.8550
- setup_reward: -1038.2500
- deadline_reward: -4.0283
- priority_reward: 424.0000
- critical_job_reward: 59.5025
- placement_reward: 0.0000
- timeliness_reward: -112.2087
- machine_idle_penalty: -732.9375

CUMULATIVE TOTAL: -1447.7770

CRITICAL STATE INFO:
- Valid actions: ['J2', 'J3', 'J4', 'J5', 'J7', 'J8', 'J12', 'J13', 'J14', 'J16', 'J17', 'J20', 'J23', 'J26']
- Machine states:
  - Machine M1: Time=8735.00, Idle=36.00, Material=E-Bike_Tretlageraufnahme_geschweisst
  - Machine M2: Time=8067.00, Idle=704.00, Material=Mountainbike_Tretlageraufnahme_geschweisst
  - Machine M3: Time=8771.00, Idle=0.00, Material=Racebike_Rahmen_komplettiert
==================================================

2025-06-18 13:40:18,200 - JSPGymEnvironment - INFO - Material change on machine M1: E-Bike_Tretlageraufnahme_geschweisst -> Citybike_Steuerrohr_ausgerieben, setup time: 48
2025-06-18 13:40:18,201 - JSPGymEnvironment - INFO - Executed operation: Job J8, Op 5, Machine M1, Start: 8819, End: 8857, Setup: 48
2025-06-18 13:40:18,201 - JSPGymEnvironment - INFO - Job J8 completed at time 8857, deadline: 2776, met: False, priority: 5
2025-06-18 13:40:18,201 - JSPGymEnvironment - INFO - 
===== REWARD DETAILS FOR STEP 155 =====
Job: J8, Operation: 5, Job Completed: True
Current Time: 8771.00 -> 8857.00, Setup Time: 48.00
Processing Time: 38.00, Idle Time: 0.00
Completed Jobs: 17/30
Machine: M1, Material: Citybike_Steuerrohr_ausgerieben
Job Deadline: 2776.00 (Missed), Priority: 5

REWARD COMPONENTS:
- makespan_reward: -0.4300
- setup_reward: -12.0000
- deadline_reward: -5.4764
- priority_reward: 20.0000
- critical_job_reward: 0.0000
- placement_reward: 0.0000
- timeliness_reward: -5.6000
- machine_idle_penalty: -10.9500

TOTAL REWARD: -14.4564

CUMULATIVE REWARD COMPONENTS:
- makespan_reward: -44.2850
- setup_reward: -1050.2500
- deadline_reward: -9.5047
- priority_reward: 444.0000
- critical_job_reward: 59.5025
- placement_reward: 0.0000
- timeliness_reward: -117.8087
- machine_idle_penalty: -743.8875

CUMULATIVE TOTAL: -1462.2334

CRITICAL STATE INFO:
- Valid actions: ['J2', 'J3', 'J4', 'J5', 'J7', 'J12', 'J13', 'J14', 'J16', 'J17', 'J20', 'J23', 'J26']
- Machine states:
  - Machine M1: Time=8857.00, Idle=0.00, Material=Citybike_Steuerrohr_ausgerieben
  - Machine M2: Time=8067.00, Idle=790.00, Material=Mountainbike_Tretlageraufnahme_geschweisst
  - Machine M3: Time=8771.00, Idle=86.00, Material=Racebike_Rahmen_komplettiert
==================================================

2025-06-18 13:40:18,201 - JSPGymEnvironment - INFO - Retro-Bonus für Job J8: -10.0
2025-06-18 13:40:18,299 - JSPGymEnvironment - INFO - Material change on machine M1: Citybike_Steuerrohr_ausgerieben -> Citybike_Fahrrad_endmontiert, setup time: 40
2025-06-18 13:40:18,300 - JSPGymEnvironment - INFO - Executed operation: Job J3, Op 7, Machine M1, Start: 8897, End: 8912, Setup: 40
2025-06-18 13:40:18,300 - JSPGymEnvironment - INFO - Job J3 completed at time 8912, deadline: 2880, met: False, priority: 7
2025-06-18 13:40:18,300 - JSPGymEnvironment - INFO - 
===== REWARD DETAILS FOR STEP 156 =====
Job: J3, Operation: 7, Job Completed: True
Current Time: 8857.00 -> 8912.00, Setup Time: 40.00
Processing Time: 15.00, Idle Time: 0.00
Completed Jobs: 18/30
Machine: M1, Material: Citybike_Fahrrad_endmontiert
Job Deadline: 2880.00 (Missed), Priority: 7

REWARD COMPONENTS:
- makespan_reward: -0.2750
- setup_reward: -10.0000
- deadline_reward: -5.2361
- priority_reward: 28.0000
- critical_job_reward: 0.0000
- placement_reward: 0.0000
- timeliness_reward: -5.6000
- machine_idle_penalty: -12.3250

TOTAL REWARD: -5.4361

CUMULATIVE REWARD COMPONENTS:
- makespan_reward: -44.5600
- setup_reward: -1060.2500
- deadline_reward: -14.7408
- priority_reward: 472.0000
- critical_job_reward: 59.5025
- placement_reward: 0.0000
- timeliness_reward: -123.4087
- machine_idle_penalty: -756.2125

CUMULATIVE TOTAL: -1467.6695

CRITICAL STATE INFO:
- Valid actions: ['J2', 'J4', 'J5', 'J7', 'J12', 'J13', 'J14', 'J16', 'J17', 'J20', 'J23', 'J26']
- Machine states:
  - Machine M1: Time=8912.00, Idle=0.00, Material=Citybike_Fahrrad_endmontiert
  - Machine M2: Time=8067.00, Idle=845.00, Material=Mountainbike_Tretlageraufnahme_geschweisst
  - Machine M3: Time=8771.00, Idle=141.00, Material=Racebike_Rahmen_komplettiert
==================================================

2025-06-18 13:40:18,300 - JSPGymEnvironment - INFO - Retro-Bonus für Job J3: -10.0
2025-06-18 13:40:18,460 - JSPGymEnvironment - INFO - Material change on machine M1: Citybike_Fahrrad_endmontiert -> E-Bike_Steuerrohr_ausgerieben, setup time: 40
2025-06-18 13:40:18,460 - JSPGymEnvironment - INFO - Executed operation: Job J2, Op 4, Machine M1, Start: 8952, End: 8967, Setup: 40
2025-06-18 13:40:18,460 - JSPGymEnvironment - INFO - 
===== REWARD DETAILS FOR STEP 157 =====
Job: J2, Operation: 4, Job Completed: False
Current Time: 8912.00 -> 8967.00, Setup Time: 40.00
Processing Time: 15.00, Idle Time: 0.00
Completed Jobs: 18/30
Machine: M1, Material: E-Bike_Steuerrohr_ausgerieben

REWARD COMPONENTS:
- makespan_reward: -0.2750
- setup_reward: -10.0000
- deadline_reward: 0.0000
- priority_reward: 0.0000
- critical_job_reward: 0.5000
- placement_reward: 0.0000
- timeliness_reward: -5.6000
- machine_idle_penalty: -13.7000

TOTAL REWARD: -29.0750

CUMULATIVE REWARD COMPONENTS:
- makespan_reward: -44.8350
- setup_reward: -1070.2500
- deadline_reward: -14.7408
- priority_reward: 472.0000
- critical_job_reward: 60.0025
- placement_reward: 0.0000
- timeliness_reward: -129.0087
- machine_idle_penalty: -769.9125

CUMULATIVE TOTAL: -1496.7445

CRITICAL STATE INFO:
- Valid actions: ['J2', 'J4', 'J5', 'J7', 'J12', 'J13', 'J14', 'J16', 'J17', 'J20', 'J23', 'J26']
- Machine states:
  - Machine M1: Time=8967.00, Idle=0.00, Material=E-Bike_Steuerrohr_ausgerieben
  - Machine M2: Time=8067.00, Idle=900.00, Material=Mountainbike_Tretlageraufnahme_geschweisst
  - Machine M3: Time=8771.00, Idle=196.00, Material=Racebike_Rahmen_komplettiert
==================================================

2025-06-18 13:40:18,551 - JSPGymEnvironment - INFO - Material change on machine M3: Racebike_Rahmen_komplettiert -> Mountainbike_Fahrrad_endmontiert, setup time: 18
2025-06-18 13:40:18,551 - JSPGymEnvironment - INFO - Executed operation: Job J23, Op 5, Machine M3, Start: 8985, End: 9026, Setup: 18
2025-06-18 13:40:18,552 - JSPGymEnvironment - INFO - 
===== REWARD DETAILS FOR STEP 158 =====
Job: J23, Operation: 5, Job Completed: False
Current Time: 8967.00 -> 9026.00, Setup Time: 18.00
Processing Time: 41.00, Idle Time: 0.00
Completed Jobs: 18/30
Machine: M3, Material: Mountainbike_Fahrrad_endmontiert

REWARD COMPONENTS:
- makespan_reward: -0.2950
- setup_reward: -4.5000
- deadline_reward: 0.0000
- priority_reward: 0.0000
- critical_job_reward: 0.0000
- placement_reward: 0.0000
- timeliness_reward: -5.6000
- machine_idle_penalty: -12.7250

TOTAL REWARD: -23.1200

CUMULATIVE REWARD COMPONENTS:
- makespan_reward: -45.1300
- setup_reward: -1074.7500
- deadline_reward: -14.7408
- priority_reward: 472.0000
- critical_job_reward: 60.0025
- placement_reward: 0.0000
- timeliness_reward: -134.6086
- machine_idle_penalty: -782.6375

CUMULATIVE TOTAL: -1519.8644

CRITICAL STATE INFO:
- Valid actions: ['J2', 'J4', 'J5', 'J7', 'J12', 'J13', 'J14', 'J16', 'J17', 'J20', 'J23', 'J26']
- Machine states:
  - Machine M1: Time=8967.00, Idle=59.00, Material=E-Bike_Steuerrohr_ausgerieben
  - Machine M2: Time=8067.00, Idle=959.00, Material=Mountainbike_Tretlageraufnahme_geschweisst
  - Machine M3: Time=9026.00, Idle=0.00, Material=Mountainbike_Fahrrad_endmontiert
==================================================

2025-06-18 13:40:18,642 - JSPGymEnvironment - INFO - Material change on machine M2: Mountainbike_Tretlageraufnahme_geschweisst -> Citybike_Laufraeder_montiert, setup time: 22
2025-06-18 13:40:18,642 - JSPGymEnvironment - INFO - Executed operation: Job J13, Op 4, Machine M2, Start: 9048, End: 9072, Setup: 22
2025-06-18 13:40:18,643 - JSPGymEnvironment - INFO - 
===== REWARD DETAILS FOR STEP 159 =====
Job: J13, Operation: 4, Job Completed: False
Current Time: 9026.00 -> 9072.00, Setup Time: 22.00
Processing Time: 24.00, Idle Time: 0.00
Completed Jobs: 18/30
Machine: M2, Material: Citybike_Laufraeder_montiert

REWARD COMPONENTS:
- makespan_reward: -0.2300
- setup_reward: -5.5000
- deadline_reward: 0.0000
- priority_reward: 0.0000
- critical_job_reward: 0.0000
- placement_reward: 0.0000
- timeliness_reward: -5.6000
- machine_idle_penalty: -1.8875

TOTAL REWARD: -13.2175

CUMULATIVE REWARD COMPONENTS:
- makespan_reward: -45.3600
- setup_reward: -1080.2500
- deadline_reward: -14.7408
- priority_reward: 472.0000
- critical_job_reward: 60.0025
- placement_reward: 0.0000
- timeliness_reward: -140.2086
- machine_idle_penalty: -784.5250

CUMULATIVE TOTAL: -1533.0819

CRITICAL STATE INFO:
- Valid actions: ['J2', 'J4', 'J5', 'J7', 'J12', 'J13', 'J14', 'J16', 'J17', 'J20', 'J23', 'J26']
- Machine states:
  - Machine M1: Time=8967.00, Idle=105.00, Material=E-Bike_Steuerrohr_ausgerieben
  - Machine M2: Time=9072.00, Idle=0.00, Material=Citybike_Laufraeder_montiert
  - Machine M3: Time=9026.00, Idle=46.00, Material=Mountainbike_Fahrrad_endmontiert
==================================================

2025-06-18 13:40:18,738 - JSPGymEnvironment - INFO - Material change on machine M3: Mountainbike_Fahrrad_endmontiert -> Mountainbike_Tretlager_gefraest, setup time: 15
2025-06-18 13:40:18,738 - JSPGymEnvironment - INFO - Executed operation: Job J23, Op 6, Machine M3, Start: 9087, End: 9124, Setup: 15
2025-06-18 13:40:18,738 - JSPGymEnvironment - INFO - Job J23 completed at time 9124, deadline: 2880, met: False, priority: 6
2025-06-18 13:40:18,739 - JSPGymEnvironment - INFO - 
===== REWARD DETAILS FOR STEP 160 =====
Job: J23, Operation: 6, Job Completed: True
Current Time: 9072.00 -> 9124.00, Setup Time: 15.00
Processing Time: 37.00, Idle Time: 0.00
Completed Jobs: 19/30
Machine: M3, Material: Mountainbike_Tretlager_gefraest
Job Deadline: 2880.00 (Missed), Priority: 6

REWARD COMPONENTS:
- makespan_reward: -0.2600
- setup_reward: -3.7500
- deadline_reward: -5.4201
- priority_reward: 24.0000
- critical_job_reward: 0.0000
- placement_reward: 0.0000
- timeliness_reward: -5.6000
- machine_idle_penalty: -2.6125

TOTAL REWARD: 6.3574

CUMULATIVE REWARD COMPONENTS:
- makespan_reward: -45.6200
- setup_reward: -1084.0000
- deadline_reward: -20.1609
- priority_reward: 496.0000
- critical_job_reward: 60.0025
- placement_reward: 0.0000
- timeliness_reward: -145.8086
- machine_idle_penalty: -787.1375

CUMULATIVE TOTAL: -1526.7245

CRITICAL STATE INFO:
- Valid actions: ['J2', 'J4', 'J5', 'J7', 'J12', 'J13', 'J14', 'J16', 'J17', 'J20', 'J26']
- Machine states:
  - Machine M1: Time=8967.00, Idle=157.00, Material=E-Bike_Steuerrohr_ausgerieben
  - Machine M2: Time=9072.00, Idle=52.00, Material=Citybike_Laufraeder_montiert
  - Machine M3: Time=9124.00, Idle=0.00, Material=Mountainbike_Tretlager_gefraest
==================================================

2025-06-18 13:40:18,739 - JSPGymEnvironment - INFO - Retro-Bonus für Job J23: -10.0
2025-06-18 13:40:18,886 - JSPGymEnvironment - INFO - Material change on machine M1: E-Bike_Steuerrohr_ausgerieben -> Racebike_Antrieb_installiert, setup time: 60
2025-06-18 13:40:18,886 - JSPGymEnvironment - INFO - Executed operation: Job J16, Op 1, Machine M1, Start: 9184, End: 9203, Setup: 60
2025-06-18 13:40:18,886 - JSPGymEnvironment - INFO - 
===== REWARD DETAILS FOR STEP 161 =====
Job: J16, Operation: 1, Job Completed: False
Current Time: 9124.00 -> 9203.00, Setup Time: 60.00
Processing Time: 19.00, Idle Time: 0.00
Completed Jobs: 19/30
Machine: M1, Material: Racebike_Antrieb_installiert

REWARD COMPONENTS:
- makespan_reward: -0.3950
- setup_reward: -15.0000
- deadline_reward: 0.0000
- priority_reward: 0.0000
- critical_job_reward: 0.5000
- placement_reward: 0.0000
- timeliness_reward: -5.6000
- machine_idle_penalty: -2.6250

TOTAL REWARD: -23.1200

CUMULATIVE REWARD COMPONENTS:
- makespan_reward: -46.0150
- setup_reward: -1099.0000
- deadline_reward: -20.1609
- priority_reward: 496.0000
- critical_job_reward: 60.5025
- placement_reward: 0.0000
- timeliness_reward: -151.4086
- machine_idle_penalty: -789.7625

CUMULATIVE TOTAL: -1549.8445

CRITICAL STATE INFO:
- Valid actions: ['J2', 'J4', 'J5', 'J7', 'J12', 'J13', 'J14', 'J16', 'J17', 'J20', 'J26']
- Machine states:
  - Machine M1: Time=9203.00, Idle=0.00, Material=Racebike_Antrieb_installiert
  - Machine M2: Time=9072.00, Idle=131.00, Material=Citybike_Laufraeder_montiert
  - Machine M3: Time=9124.00, Idle=79.00, Material=Mountainbike_Tretlager_gefraest
==================================================

2025-06-18 13:40:18,977 - JSPGymEnvironment - INFO - Material change on machine M1: Racebike_Antrieb_installiert -> Citybike_Bremsen_justiert, setup time: 45
2025-06-18 13:40:18,977 - JSPGymEnvironment - INFO - Executed operation: Job J5, Op 3, Machine M1, Start: 9248, End: 9280, Setup: 45
2025-06-18 13:40:18,977 - JSPGymEnvironment - INFO - 
===== REWARD DETAILS FOR STEP 162 =====
Job: J5, Operation: 3, Job Completed: False
Current Time: 9203.00 -> 9280.00, Setup Time: 45.00
Processing Time: 32.00, Idle Time: 0.00
Completed Jobs: 19/30
Machine: M1, Material: Citybike_Bremsen_justiert

REWARD COMPONENTS:
- makespan_reward: -0.3850
- setup_reward: -11.2500
- deadline_reward: 0.0000
- priority_reward: 0.0000
- critical_job_reward: 0.0000
- placement_reward: 0.0000
- timeliness_reward: -5.6000
- machine_idle_penalty: -4.5500

TOTAL REWARD: -21.7850

CUMULATIVE REWARD COMPONENTS:
- makespan_reward: -46.4000
- setup_reward: -1110.2500
- deadline_reward: -20.1609
- priority_reward: 496.0000
- critical_job_reward: 60.5025
- placement_reward: 0.0000
- timeliness_reward: -157.0086
- machine_idle_penalty: -794.3125

CUMULATIVE TOTAL: -1571.6295

CRITICAL STATE INFO:
- Valid actions: ['J2', 'J4', 'J5', 'J7', 'J12', 'J13', 'J14', 'J16', 'J17', 'J20', 'J26']
- Machine states:
  - Machine M1: Time=9280.00, Idle=0.00, Material=Citybike_Bremsen_justiert
  - Machine M2: Time=9072.00, Idle=208.00, Material=Citybike_Laufraeder_montiert
  - Machine M3: Time=9124.00, Idle=156.00, Material=Mountainbike_Tretlager_gefraest
==================================================

2025-06-18 13:40:19,071 - JSPGymEnvironment - INFO - Material change on machine M2: Citybike_Laufraeder_montiert -> Mountainbike_Laufraeder_montiert, setup time: 20
2025-06-18 13:40:19,071 - JSPGymEnvironment - INFO - Executed operation: Job J20, Op 4, Machine M2, Start: 9300, End: 9314, Setup: 20
2025-06-18 13:40:19,071 - JSPGymEnvironment - INFO - Job J20 completed at time 9314, deadline: 2826, met: False, priority: 6
2025-06-18 13:40:19,072 - JSPGymEnvironment - INFO - 
===== REWARD DETAILS FOR STEP 163 =====
Job: J20, Operation: 4, Job Completed: True
Current Time: 9280.00 -> 9314.00, Setup Time: 20.00
Processing Time: 14.00, Idle Time: 0.00
Completed Jobs: 20/30
Machine: M2, Material: Mountainbike_Laufraeder_montiert
Job Deadline: 2826.00 (Missed), Priority: 6

REWARD COMPONENTS:
- makespan_reward: -0.1700
- setup_reward: -5.0000
- deadline_reward: -5.7396
- priority_reward: 24.0000
- critical_job_reward: 0.0000
- placement_reward: 0.0000
- timeliness_reward: -5.6000
- machine_idle_penalty: -2.8000

TOTAL REWARD: 4.6905

CUMULATIVE REWARD COMPONENTS:
- makespan_reward: -46.5700
- setup_reward: -1115.2500
- deadline_reward: -25.9005
- priority_reward: 520.0000
- critical_job_reward: 60.5025
- placement_reward: 0.0000
- timeliness_reward: -162.6086
- machine_idle_penalty: -797.1125

CUMULATIVE TOTAL: -1566.9391

CRITICAL STATE INFO:
- Valid actions: ['J2', 'J4', 'J5', 'J7', 'J12', 'J13', 'J14', 'J16', 'J17', 'J26']
- Machine states:
  - Machine M1: Time=9280.00, Idle=34.00, Material=Citybike_Bremsen_justiert
  - Machine M2: Time=9314.00, Idle=0.00, Material=Mountainbike_Laufraeder_montiert
  - Machine M3: Time=9124.00, Idle=190.00, Material=Mountainbike_Tretlager_gefraest
==================================================

2025-06-18 13:40:19,072 - JSPGymEnvironment - INFO - Retro-Bonus für Job J20: -10.0
2025-06-18 13:40:19,239 - JSPGymEnvironment - INFO - Material change on machine M2: Mountainbike_Laufraeder_montiert -> Racebike_Steuerrohr_ausgerieben, setup time: 17
2025-06-18 13:40:19,239 - JSPGymEnvironment - INFO - Executed operation: Job J12, Op 1, Machine M2, Start: 9331, End: 9354, Setup: 17
2025-06-18 13:40:19,240 - JSPGymEnvironment - INFO - 
===== REWARD DETAILS FOR STEP 164 =====
Job: J12, Operation: 1, Job Completed: False
Current Time: 9314.00 -> 9354.00, Setup Time: 17.00
Processing Time: 23.00, Idle Time: 0.00
Completed Jobs: 20/30
Machine: M2, Material: Racebike_Steuerrohr_ausgerieben

REWARD COMPONENTS:
- makespan_reward: -0.2000
- setup_reward: -4.2500
- deadline_reward: 0.0000
- priority_reward: 0.0000
- critical_job_reward: 0.0000
- placement_reward: 0.0000
- timeliness_reward: -5.6000
- machine_idle_penalty: -3.8000

TOTAL REWARD: -13.8500

CUMULATIVE REWARD COMPONENTS:
- makespan_reward: -46.7700
- setup_reward: -1119.5000
- deadline_reward: -25.9005
- priority_reward: 520.0000
- critical_job_reward: 60.5025
- placement_reward: 0.0000
- timeliness_reward: -168.2085
- machine_idle_penalty: -800.9125

CUMULATIVE TOTAL: -1580.7891

CRITICAL STATE INFO:
- Valid actions: ['J2', 'J4', 'J5', 'J7', 'J12', 'J13', 'J14', 'J16', 'J17', 'J26']
- Machine states:
  - Machine M1: Time=9280.00, Idle=74.00, Material=Citybike_Bremsen_justiert
  - Machine M2: Time=9354.00, Idle=0.00, Material=Racebike_Steuerrohr_ausgerieben
  - Machine M3: Time=9124.00, Idle=230.00, Material=Mountainbike_Tretlager_gefraest
==================================================

2025-06-18 13:40:19,356 - JSPGymEnvironment - INFO - Material change on machine M1: Citybike_Bremsen_justiert -> Mountainbike_Bremsaufnahme_gebohrt, setup time: 30
2025-06-18 13:40:19,357 - JSPGymEnvironment - INFO - Executed operation: Job J7, Op 4, Machine M1, Start: 9384, End: 9418, Setup: 30
2025-06-18 13:40:19,357 - JSPGymEnvironment - INFO - 
===== REWARD DETAILS FOR STEP 165 =====
Job: J7, Operation: 4, Job Completed: False
Current Time: 9354.00 -> 9418.00, Setup Time: 30.00
Processing Time: 34.00, Idle Time: 0.00
Completed Jobs: 20/30
Machine: M1, Material: Mountainbike_Bremsaufnahme_gebohrt

REWARD COMPONENTS:
- makespan_reward: -0.3200
- setup_reward: -7.5000
- deadline_reward: 0.0000
- priority_reward: 0.0000
- critical_job_reward: 0.0000
- placement_reward: 0.0000
- timeliness_reward: -5.6000
- machine_idle_penalty: -4.4750

TOTAL REWARD: -17.8950

CUMULATIVE REWARD COMPONENTS:
- makespan_reward: -47.0900
- setup_reward: -1127.0000
- deadline_reward: -25.9005
- priority_reward: 520.0000
- critical_job_reward: 60.5025
- placement_reward: 0.0000
- timeliness_reward: -173.8085
- machine_idle_penalty: -805.3875

CUMULATIVE TOTAL: -1598.6840

CRITICAL STATE INFO:
- Valid actions: ['J2', 'J4', 'J5', 'J7', 'J12', 'J13', 'J14', 'J16', 'J17', 'J26']
- Machine states:
  - Machine M1: Time=9418.00, Idle=0.00, Material=Mountainbike_Bremsaufnahme_gebohrt
  - Machine M2: Time=9354.00, Idle=64.00, Material=Racebike_Steuerrohr_ausgerieben
  - Machine M3: Time=9124.00, Idle=294.00, Material=Mountainbike_Tretlager_gefraest
==================================================

2025-06-18 13:40:19,460 - JSPGymEnvironment - INFO - Material change on machine M2: Racebike_Steuerrohr_ausgerieben -> E-Bike_Bremsen_justiert, setup time: 29
2025-06-18 13:40:19,460 - JSPGymEnvironment - INFO - Executed operation: Job J2, Op 5, Machine M2, Start: 9447, End: 9458, Setup: 29
2025-06-18 13:40:19,460 - JSPGymEnvironment - INFO - 
===== REWARD DETAILS FOR STEP 166 =====
Job: J2, Operation: 5, Job Completed: False
Current Time: 9418.00 -> 9458.00, Setup Time: 29.00
Processing Time: 11.00, Idle Time: 0.00
Completed Jobs: 20/30
Machine: M2, Material: E-Bike_Bremsen_justiert

REWARD COMPONENTS:
- makespan_reward: -0.2000
- setup_reward: -7.2500
- deadline_reward: 0.0000
- priority_reward: 0.0000
- critical_job_reward: 0.5000
- placement_reward: 0.0000
- timeliness_reward: -5.6000
- machine_idle_penalty: -4.6750

TOTAL REWARD: -17.2250

CUMULATIVE REWARD COMPONENTS:
- makespan_reward: -47.2900
- setup_reward: -1134.2500
- deadline_reward: -25.9005
- priority_reward: 520.0000
- critical_job_reward: 61.0025
- placement_reward: 0.0000
- timeliness_reward: -179.4085
- machine_idle_penalty: -810.0625

CUMULATIVE TOTAL: -1615.9090

CRITICAL STATE INFO:
- Valid actions: ['J2', 'J4', 'J5', 'J7', 'J12', 'J13', 'J14', 'J16', 'J17', 'J26']
- Machine states:
  - Machine M1: Time=9418.00, Idle=40.00, Material=Mountainbike_Bremsaufnahme_gebohrt
  - Machine M2: Time=9458.00, Idle=0.00, Material=E-Bike_Bremsen_justiert
  - Machine M3: Time=9124.00, Idle=334.00, Material=Mountainbike_Tretlager_gefraest
==================================================

2025-06-18 13:40:19,574 - JSPGymEnvironment - INFO - Material change on machine M2: E-Bike_Bremsen_justiert -> E-Bike_Fahrrad_endmontiert, setup time: 20
2025-06-18 13:40:19,574 - JSPGymEnvironment - INFO - Executed operation: Job J2, Op 6, Machine M2, Start: 9478, End: 9498, Setup: 20
2025-06-18 13:40:19,574 - JSPGymEnvironment - INFO - Job J2 completed at time 9498, deadline: 2880, met: False, priority: 9
2025-06-18 13:40:19,575 - JSPGymEnvironment - INFO - 
===== REWARD DETAILS FOR STEP 167 =====
Job: J2, Operation: 6, Job Completed: True
Current Time: 9458.00 -> 9498.00, Setup Time: 20.00
Processing Time: 20.00, Idle Time: 0.00
Completed Jobs: 21/30
Machine: M2, Material: E-Bike_Fahrrad_endmontiert
Job Deadline: 2880.00 (Missed), Priority: 9

REWARD COMPONENTS:
- makespan_reward: -0.2000
- setup_reward: -5.0000
- deadline_reward: -5.7448
- priority_reward: 36.0000
- critical_job_reward: 0.5000
- placement_reward: 0.0000
- timeliness_reward: -5.6000
- machine_idle_penalty: -5.6750

TOTAL REWARD: 14.2802

CUMULATIVE REWARD COMPONENTS:
- makespan_reward: -47.4900
- setup_reward: -1139.2500
- deadline_reward: -31.6453
- priority_reward: 556.0000
- critical_job_reward: 61.5025
- placement_reward: 0.0000
- timeliness_reward: -185.0085
- machine_idle_penalty: -815.7375

CUMULATIVE TOTAL: -1601.6288

CRITICAL STATE INFO:
- Valid actions: ['J4', 'J5', 'J7', 'J12', 'J13', 'J14', 'J16', 'J17', 'J26']
- Machine states:
  - Machine M1: Time=9418.00, Idle=80.00, Material=Mountainbike_Bremsaufnahme_gebohrt
  - Machine M2: Time=9498.00, Idle=0.00, Material=E-Bike_Fahrrad_endmontiert
  - Machine M3: Time=9124.00, Idle=374.00, Material=Mountainbike_Tretlager_gefraest
==================================================

2025-06-18 13:40:19,575 - JSPGymEnvironment - INFO - Retro-Bonus für Job J2: -5.0
2025-06-18 13:40:19,738 - JSPGymEnvironment - INFO - Material change on machine M2: E-Bike_Fahrrad_endmontiert -> Racebike_Rahmen_lackiert, setup time: 29
2025-06-18 13:40:19,738 - JSPGymEnvironment - INFO - Executed operation: Job J12, Op 2, Machine M2, Start: 9527, End: 9547, Setup: 29
2025-06-18 13:40:19,738 - JSPGymEnvironment - INFO - 
===== REWARD DETAILS FOR STEP 168 =====
Job: J12, Operation: 2, Job Completed: False
Current Time: 9498.00 -> 9547.00, Setup Time: 29.00
Processing Time: 20.00, Idle Time: 0.00
Completed Jobs: 21/30
Machine: M2, Material: Racebike_Rahmen_lackiert

REWARD COMPONENTS:
- makespan_reward: -0.2450
- setup_reward: -7.2500
- deadline_reward: 0.0000
- priority_reward: 0.0000
- critical_job_reward: 0.0000
- placement_reward: 0.0000
- timeliness_reward: -5.6000
- machine_idle_penalty: -6.9000

TOTAL REWARD: -19.9950

CUMULATIVE REWARD COMPONENTS:
- makespan_reward: -47.7350
- setup_reward: -1146.5000
- deadline_reward: -31.6453
- priority_reward: 556.0000
- critical_job_reward: 61.5025
- placement_reward: 0.0000
- timeliness_reward: -190.6085
- machine_idle_penalty: -822.6375

CUMULATIVE TOTAL: -1621.6238

CRITICAL STATE INFO:
- Valid actions: ['J4', 'J5', 'J7', 'J12', 'J13', 'J14', 'J16', 'J17', 'J26']
- Machine states:
  - Machine M1: Time=9418.00, Idle=129.00, Material=Mountainbike_Bremsaufnahme_gebohrt
  - Machine M2: Time=9547.00, Idle=0.00, Material=Racebike_Rahmen_lackiert
  - Machine M3: Time=9124.00, Idle=423.00, Material=Mountainbike_Tretlager_gefraest
==================================================

2025-06-18 13:40:19,829 - JSPGymEnvironment - INFO - Material change on machine M1: Mountainbike_Bremsaufnahme_gebohrt -> Racebike_Rahmen_nachbearbeitet, setup time: 45
2025-06-18 13:40:19,829 - JSPGymEnvironment - INFO - Executed operation: Job J12, Op 3, Machine M1, Start: 9592, End: 9623, Setup: 45
2025-06-18 13:40:19,829 - JSPGymEnvironment - INFO - 
===== REWARD DETAILS FOR STEP 169 =====
Job: J12, Operation: 3, Job Completed: False
Current Time: 9547.00 -> 9623.00, Setup Time: 45.00
Processing Time: 31.00, Idle Time: 0.00
Completed Jobs: 21/30
Machine: M1, Material: Racebike_Rahmen_nachbearbeitet

REWARD COMPONENTS:
- makespan_reward: -0.3800
- setup_reward: -11.2500
- deadline_reward: 0.0000
- priority_reward: 0.0000
- critical_job_reward: 0.0000
- placement_reward: 0.0000
- timeliness_reward: -5.6000
- machine_idle_penalty: -7.1875

TOTAL REWARD: -24.4175

CUMULATIVE REWARD COMPONENTS:
- makespan_reward: -48.1150
- setup_reward: -1157.7500
- deadline_reward: -31.6453
- priority_reward: 556.0000
- critical_job_reward: 61.5025
- placement_reward: 0.0000
- timeliness_reward: -196.2085
- machine_idle_penalty: -829.8250

CUMULATIVE TOTAL: -1646.0413

CRITICAL STATE INFO:
- Valid actions: ['J4', 'J5', 'J7', 'J12', 'J13', 'J14', 'J16', 'J17', 'J26']
- Machine states:
  - Machine M1: Time=9623.00, Idle=0.00, Material=Racebike_Rahmen_nachbearbeitet
  - Machine M2: Time=9547.00, Idle=76.00, Material=Racebike_Rahmen_lackiert
  - Machine M3: Time=9124.00, Idle=499.00, Material=Mountainbike_Tretlager_gefraest
==================================================

2025-06-18 13:40:19,930 - JSPGymEnvironment - INFO - Material change on machine M1: Racebike_Rahmen_nachbearbeitet -> Citybike_Rahmen_komplettiert, setup time: 45
2025-06-18 13:40:19,930 - JSPGymEnvironment - INFO - Executed operation: Job J5, Op 4, Machine M1, Start: 9668, End: 9691, Setup: 45
2025-06-18 13:40:19,931 - JSPGymEnvironment - INFO - 
===== REWARD DETAILS FOR STEP 170 =====
Job: J5, Operation: 4, Job Completed: False
Current Time: 9623.00 -> 9691.00, Setup Time: 45.00
Processing Time: 23.00, Idle Time: 0.00
Completed Jobs: 21/30
Machine: M1, Material: Citybike_Rahmen_komplettiert

REWARD COMPONENTS:
- makespan_reward: -0.3400
- setup_reward: -11.2500
- deadline_reward: 0.0000
- priority_reward: 0.0000
- critical_job_reward: 0.0000
- placement_reward: 0.0000
- timeliness_reward: -5.6000
- machine_idle_penalty: -8.8875

TOTAL REWARD: -26.0775

CUMULATIVE REWARD COMPONENTS:
- makespan_reward: -48.4550
- setup_reward: -1169.0000
- deadline_reward: -31.6453
- priority_reward: 556.0000
- critical_job_reward: 61.5025
- placement_reward: 0.0000
- timeliness_reward: -201.8085
- machine_idle_penalty: -838.7125

CUMULATIVE TOTAL: -1672.1188

CRITICAL STATE INFO:
- Valid actions: ['J4', 'J5', 'J7', 'J12', 'J13', 'J14', 'J16', 'J17', 'J26']
- Machine states:
  - Machine M1: Time=9691.00, Idle=0.00, Material=Citybike_Rahmen_komplettiert
  - Machine M2: Time=9547.00, Idle=144.00, Material=Racebike_Rahmen_lackiert
  - Machine M3: Time=9124.00, Idle=567.00, Material=Mountainbike_Tretlager_gefraest
==================================================

2025-06-18 13:40:20,098 - JSPGymEnvironment - INFO - Material change on machine M2: Racebike_Rahmen_lackiert -> Racebike_Bremsen_justiert, setup time: 20
2025-06-18 13:40:20,098 - JSPGymEnvironment - INFO - Executed operation: Job J12, Op 4, Machine M2, Start: 9711, End: 9735, Setup: 20
2025-06-18 13:40:20,098 - JSPGymEnvironment - INFO - 
===== REWARD DETAILS FOR STEP 171 =====
Job: J12, Operation: 4, Job Completed: False
Current Time: 9691.00 -> 9735.00, Setup Time: 20.00
Processing Time: 24.00, Idle Time: 0.00
Completed Jobs: 21/30
Machine: M2, Material: Racebike_Bremsen_justiert

REWARD COMPONENTS:
- makespan_reward: -0.2200
- setup_reward: -5.0000
- deadline_reward: 0.0000
- priority_reward: 0.0000
- critical_job_reward: 0.0000
- placement_reward: 0.0000
- timeliness_reward: -5.6000
- machine_idle_penalty: -8.1875

TOTAL REWARD: -19.0075

CUMULATIVE REWARD COMPONENTS:
- makespan_reward: -48.6750
- setup_reward: -1174.0000
- deadline_reward: -31.6453
- priority_reward: 556.0000
- critical_job_reward: 61.5025
- placement_reward: 0.0000
- timeliness_reward: -207.4085
- machine_idle_penalty: -846.9000

CUMULATIVE TOTAL: -1691.1263

CRITICAL STATE INFO:
- Valid actions: ['J4', 'J5', 'J7', 'J12', 'J13', 'J14', 'J16', 'J17', 'J26']
- Machine states:
  - Machine M1: Time=9691.00, Idle=44.00, Material=Citybike_Rahmen_komplettiert
  - Machine M2: Time=9735.00, Idle=0.00, Material=Racebike_Bremsen_justiert
  - Machine M3: Time=9124.00, Idle=611.00, Material=Mountainbike_Tretlager_gefraest
==================================================

2025-06-18 13:40:20,188 - JSPGymEnvironment - INFO - Material change on machine M3: Mountainbike_Tretlager_gefraest -> Racebike_Rahmen_komplettiert, setup time: 20
2025-06-18 13:40:20,188 - JSPGymEnvironment - INFO - Executed operation: Job J12, Op 5, Machine M3, Start: 9755, End: 9782, Setup: 20
2025-06-18 13:40:20,188 - JSPGymEnvironment - INFO - 
===== REWARD DETAILS FOR STEP 172 =====
Job: J12, Operation: 5, Job Completed: False
Current Time: 9735.00 -> 9782.00, Setup Time: 20.00
Processing Time: 27.00, Idle Time: 0.00
Completed Jobs: 21/30
Machine: M3, Material: Racebike_Rahmen_komplettiert

REWARD COMPONENTS:
- makespan_reward: -0.2350
- setup_reward: -5.0000
- deadline_reward: 0.0000
- priority_reward: 0.0000
- critical_job_reward: 0.0000
- placement_reward: 0.0000
- timeliness_reward: -5.6000
- machine_idle_penalty: -1.7250

TOTAL REWARD: -12.5600

CUMULATIVE REWARD COMPONENTS:
- makespan_reward: -48.9100
- setup_reward: -1179.0000
- deadline_reward: -31.6453
- priority_reward: 556.0000
- critical_job_reward: 61.5025
- placement_reward: 0.0000
- timeliness_reward: -213.0085
- machine_idle_penalty: -848.6250

CUMULATIVE TOTAL: -1703.6863

CRITICAL STATE INFO:
- Valid actions: ['J4', 'J5', 'J7', 'J12', 'J13', 'J14', 'J16', 'J17', 'J26']
- Machine states:
  - Machine M1: Time=9691.00, Idle=91.00, Material=Citybike_Rahmen_komplettiert
  - Machine M2: Time=9735.00, Idle=47.00, Material=Racebike_Bremsen_justiert
  - Machine M3: Time=9782.00, Idle=0.00, Material=Racebike_Rahmen_komplettiert
==================================================

2025-06-18 13:40:20,276 - JSPGymEnvironment - INFO - Material change on machine M2: Racebike_Bremsen_justiert -> Racebike_Bremsaufnahme_gebohrt, setup time: 20
2025-06-18 13:40:20,276 - JSPGymEnvironment - INFO - Executed operation: Job J12, Op 6, Machine M2, Start: 9802, End: 9823, Setup: 20
2025-06-18 13:40:20,276 - JSPGymEnvironment - INFO - 
===== REWARD DETAILS FOR STEP 173 =====
Job: J12, Operation: 6, Job Completed: False
Current Time: 9782.00 -> 9823.00, Setup Time: 20.00
Processing Time: 21.00, Idle Time: 0.00
Completed Jobs: 21/30
Machine: M2, Material: Racebike_Bremsaufnahme_gebohrt

REWARD COMPONENTS:
- makespan_reward: -0.2050
- setup_reward: -5.0000
- deadline_reward: 0.0000
- priority_reward: 0.0000
- critical_job_reward: 0.0000
- placement_reward: 0.0000
- timeliness_reward: -5.6000
- machine_idle_penalty: -2.1625

TOTAL REWARD: -12.9675

CUMULATIVE REWARD COMPONENTS:
- makespan_reward: -49.1150
- setup_reward: -1184.0000
- deadline_reward: -31.6453
- priority_reward: 556.0000
- critical_job_reward: 61.5025
- placement_reward: 0.0000
- timeliness_reward: -218.6085
- machine_idle_penalty: -850.7875

CUMULATIVE TOTAL: -1716.6538

CRITICAL STATE INFO:
- Valid actions: ['J4', 'J5', 'J7', 'J12', 'J13', 'J14', 'J16', 'J17', 'J26']
- Machine states:
  - Machine M1: Time=9691.00, Idle=132.00, Material=Citybike_Rahmen_komplettiert
  - Machine M2: Time=9823.00, Idle=0.00, Material=Racebike_Bremsaufnahme_gebohrt
  - Machine M3: Time=9782.00, Idle=41.00, Material=Racebike_Rahmen_komplettiert
==================================================

2025-06-18 13:40:20,369 - JSPGymEnvironment - INFO - Material change on machine M1: Citybike_Rahmen_komplettiert -> Citybike_Bremsaufnahme_gebohrt, setup time: 40
2025-06-18 13:40:20,369 - JSPGymEnvironment - INFO - Executed operation: Job J13, Op 5, Machine M1, Start: 9863, End: 9889, Setup: 40
2025-06-18 13:40:20,369 - JSPGymEnvironment - INFO - 
===== REWARD DETAILS FOR STEP 174 =====
Job: J13, Operation: 5, Job Completed: False
Current Time: 9823.00 -> 9889.00, Setup Time: 40.00
Processing Time: 26.00, Idle Time: 0.00
Completed Jobs: 21/30
Machine: M1, Material: Citybike_Bremsaufnahme_gebohrt

REWARD COMPONENTS:
- makespan_reward: -0.3300
- setup_reward: -10.0000
- deadline_reward: 0.0000
- priority_reward: 0.0000
- critical_job_reward: 0.0000
- placement_reward: 0.0000
- timeliness_reward: -5.6000
- machine_idle_penalty: -2.1625

TOTAL REWARD: -18.0925

CUMULATIVE REWARD COMPONENTS:
- makespan_reward: -49.4450
- setup_reward: -1194.0000
- deadline_reward: -31.6453
- priority_reward: 556.0000
- critical_job_reward: 61.5025
- placement_reward: 0.0000
- timeliness_reward: -224.2085
- machine_idle_penalty: -852.9500

CUMULATIVE TOTAL: -1734.7463

CRITICAL STATE INFO:
- Valid actions: ['J4', 'J5', 'J7', 'J12', 'J13', 'J14', 'J16', 'J17', 'J26']
- Machine states:
  - Machine M1: Time=9889.00, Idle=0.00, Material=Citybike_Bremsaufnahme_gebohrt
  - Machine M2: Time=9823.00, Idle=66.00, Material=Racebike_Bremsaufnahme_gebohrt
  - Machine M3: Time=9782.00, Idle=107.00, Material=Racebike_Rahmen_komplettiert
==================================================

2025-06-18 13:40:20,513 - JSPGymEnvironment - INFO - Material change on machine M1: Citybike_Bremsaufnahme_gebohrt -> Racebike_Rahmen_lackiert, setup time: 44
2025-06-18 13:40:20,513 - JSPGymEnvironment - INFO - Executed operation: Job J17, Op 4, Machine M1, Start: 9933, End: 9966, Setup: 44
2025-06-18 13:40:20,514 - JSPGymEnvironment - INFO - 
===== REWARD DETAILS FOR STEP 175 =====
Job: J17, Operation: 4, Job Completed: False
Current Time: 9889.00 -> 9966.00, Setup Time: 44.00
Processing Time: 33.00, Idle Time: 0.00
Completed Jobs: 21/30
Machine: M1, Material: Racebike_Rahmen_lackiert

REWARD COMPONENTS:
- makespan_reward: -0.3850
- setup_reward: -11.0000
- deadline_reward: 0.0000
- priority_reward: 0.0000
- critical_job_reward: 0.5000
- placement_reward: 0.0000
- timeliness_reward: -5.6000
- machine_idle_penalty: -4.0875

TOTAL REWARD: -20.5725

CUMULATIVE REWARD COMPONENTS:
- makespan_reward: -49.8300
- setup_reward: -1205.0000
- deadline_reward: -31.6453
- priority_reward: 556.0000
- critical_job_reward: 62.0025
- placement_reward: 0.0000
- timeliness_reward: -229.8085
- machine_idle_penalty: -857.0375

CUMULATIVE TOTAL: -1755.3188

CRITICAL STATE INFO:
- Valid actions: ['J4', 'J5', 'J7', 'J12', 'J13', 'J14', 'J16', 'J17', 'J26']
- Machine states:
  - Machine M1: Time=9966.00, Idle=0.00, Material=Racebike_Rahmen_lackiert
  - Machine M2: Time=9823.00, Idle=143.00, Material=Racebike_Bremsaufnahme_gebohrt
  - Machine M3: Time=9782.00, Idle=184.00, Material=Racebike_Rahmen_komplettiert
==================================================

2025-06-18 13:40:20,602 - JSPGymEnvironment - INFO - Material change on machine M2: Racebike_Bremsaufnahme_gebohrt -> Citybike_Schaltauge_bearbeitet, setup time: 25
2025-06-18 13:40:20,603 - JSPGymEnvironment - INFO - Executed operation: Job J13, Op 6, Machine M2, Start: 9991, End: 10016, Setup: 25
2025-06-18 13:40:20,603 - JSPGymEnvironment - INFO - Job J13 completed at time 10016, deadline: 2880, met: False, priority: 2
2025-06-18 13:40:20,603 - JSPGymEnvironment - INFO - 
===== REWARD DETAILS FOR STEP 176 =====
Job: J13, Operation: 6, Job Completed: True
Current Time: 9966.00 -> 10016.00, Setup Time: 25.00
Processing Time: 25.00, Idle Time: 0.00
Completed Jobs: 22/30
Machine: M2, Material: Citybike_Schaltauge_bearbeitet
Job Deadline: 2880.00 (Missed), Priority: 2

REWARD COMPONENTS:
- makespan_reward: -0.2500
- setup_reward: -6.2500
- deadline_reward: -6.1944
- priority_reward: 8.0000
- critical_job_reward: 0.0000
- placement_reward: 0.0000
- timeliness_reward: -5.6000
- machine_idle_penalty: -3.5500

TOTAL REWARD: -13.8444

CUMULATIVE REWARD COMPONENTS:
- makespan_reward: -50.0800
- setup_reward: -1211.2500
- deadline_reward: -37.8397
- priority_reward: 564.0000
- critical_job_reward: 62.0025
- placement_reward: 0.0000
- timeliness_reward: -235.4085
- machine_idle_penalty: -860.5875

CUMULATIVE TOTAL: -1769.1632

CRITICAL STATE INFO:
- Valid actions: ['J4', 'J5', 'J7', 'J12', 'J14', 'J16', 'J17', 'J26']
- Machine states:
  - Machine M1: Time=9966.00, Idle=50.00, Material=Racebike_Rahmen_lackiert
  - Machine M2: Time=10016.00, Idle=0.00, Material=Citybike_Schaltauge_bearbeitet
  - Machine M3: Time=9782.00, Idle=234.00, Material=Racebike_Rahmen_komplettiert
==================================================

2025-06-18 13:40:20,603 - JSPGymEnvironment - INFO - Retro-Bonus für Job J13: -10.0
2025-06-18 13:40:20,690 - JSPGymEnvironment - INFO - Material change on machine M1: Racebike_Rahmen_lackiert -> Racebike_Antrieb_installiert, setup time: 40
2025-06-18 13:40:20,690 - JSPGymEnvironment - INFO - Executed operation: Job J12, Op 7, Machine M1, Start: 10056, End: 10095, Setup: 40
2025-06-18 13:40:20,690 - JSPGymEnvironment - INFO - Job J12 completed at time 10095, deadline: 2769, met: False, priority: 7
2025-06-18 13:40:20,690 - JSPGymEnvironment - INFO - 
===== REWARD DETAILS FOR STEP 177 =====
Job: J12, Operation: 7, Job Completed: True
Current Time: 10016.00 -> 10095.00, Setup Time: 40.00
Processing Time: 39.00, Idle Time: 0.00
Completed Jobs: 23/30
Machine: M1, Material: Racebike_Antrieb_installiert
Job Deadline: 2769.00 (Missed), Priority: 7

REWARD COMPONENTS:
- makespan_reward: -0.3950
- setup_reward: -10.0000
- deadline_reward: -6.6143
- priority_reward: 28.0000
- critical_job_reward: 0.0000
- placement_reward: 0.0000
- timeliness_reward: -5.6000
- machine_idle_penalty: -4.9000

TOTAL REWARD: 0.4907

CUMULATIVE REWARD COMPONENTS:
- makespan_reward: -50.4750
- setup_reward: -1221.2500
- deadline_reward: -44.4540
- priority_reward: 592.0000
- critical_job_reward: 62.0025
- placement_reward: 0.0000
- timeliness_reward: -241.0085
- machine_idle_penalty: -865.4875

CUMULATIVE TOTAL: -1768.6725

CRITICAL STATE INFO:
- Valid actions: ['J4', 'J5', 'J7', 'J14', 'J16', 'J17', 'J26']
- Machine states:
  - Machine M1: Time=10095.00, Idle=0.00, Material=Racebike_Antrieb_installiert
  - Machine M2: Time=10016.00, Idle=79.00, Material=Citybike_Schaltauge_bearbeitet
  - Machine M3: Time=9782.00, Idle=313.00, Material=Racebike_Rahmen_komplettiert
==================================================

2025-06-18 13:40:20,690 - JSPGymEnvironment - INFO - Retro-Bonus für Job J12: -10.0
2025-06-18 13:40:20,841 - JSPGymEnvironment - INFO - Material change on machine M1: Racebike_Antrieb_installiert -> Mountainbike_Tretlager_gefraest, setup time: 43
2025-06-18 13:40:20,841 - JSPGymEnvironment - INFO - Executed operation: Job J14, Op 1, Machine M1, Start: 10138, End: 10157, Setup: 43
2025-06-18 13:40:20,841 - JSPGymEnvironment - INFO - 
===== REWARD DETAILS FOR STEP 178 =====
Job: J14, Operation: 1, Job Completed: False
Current Time: 10095.00 -> 10157.00, Setup Time: 43.00
Processing Time: 19.00, Idle Time: 0.00
Completed Jobs: 23/30
Machine: M1, Material: Mountainbike_Tretlager_gefraest

REWARD COMPONENTS:
- makespan_reward: -0.3100
- setup_reward: -10.7500
- deadline_reward: 0.0000
- priority_reward: 0.0000
- critical_job_reward: 0.0000
- placement_reward: 0.0000
- timeliness_reward: -5.6000
- machine_idle_penalty: -6.4500

TOTAL REWARD: -23.1100

CUMULATIVE REWARD COMPONENTS:
- makespan_reward: -50.7850
- setup_reward: -1232.0000
- deadline_reward: -44.4540
- priority_reward: 592.0000
- critical_job_reward: 62.0025
- placement_reward: 0.0000
- timeliness_reward: -246.6085
- machine_idle_penalty: -871.9375

CUMULATIVE TOTAL: -1791.7825

CRITICAL STATE INFO:
- Valid actions: ['J4', 'J5', 'J7', 'J14', 'J16', 'J17', 'J26']
- Machine states:
  - Machine M1: Time=10157.00, Idle=0.00, Material=Mountainbike_Tretlager_gefraest
  - Machine M2: Time=10016.00, Idle=141.00, Material=Citybike_Schaltauge_bearbeitet
  - Machine M3: Time=9782.00, Idle=375.00, Material=Racebike_Rahmen_komplettiert
==================================================

2025-06-18 13:40:20,929 - JSPGymEnvironment - INFO - Material change on machine M3: Racebike_Rahmen_komplettiert -> Racebike_Bremsaufnahme_gebohrt, setup time: 15
2025-06-18 13:40:20,929 - JSPGymEnvironment - INFO - Executed operation: Job J26, Op 5, Machine M3, Start: 10172, End: 10195, Setup: 15
2025-06-18 13:40:20,929 - JSPGymEnvironment - INFO - 
===== REWARD DETAILS FOR STEP 179 =====
Job: J26, Operation: 5, Job Completed: False
Current Time: 10157.00 -> 10195.00, Setup Time: 15.00
Processing Time: 23.00, Idle Time: 0.00
Completed Jobs: 23/30
Machine: M3, Material: Racebike_Bremsaufnahme_gebohrt

REWARD COMPONENTS:
- makespan_reward: -0.1900
- setup_reward: -3.7500
- deadline_reward: 0.0000
- priority_reward: 0.0000
- critical_job_reward: 0.5000
- placement_reward: 0.0000
- timeliness_reward: -5.6000
- machine_idle_penalty: -2.7125

TOTAL REWARD: -11.7525

CUMULATIVE REWARD COMPONENTS:
- makespan_reward: -50.9750
- setup_reward: -1235.7500
- deadline_reward: -44.4540
- priority_reward: 592.0000
- critical_job_reward: 62.5025
- placement_reward: 0.0000
- timeliness_reward: -252.2085
- machine_idle_penalty: -874.6500

CUMULATIVE TOTAL: -1803.5350

CRITICAL STATE INFO:
- Valid actions: ['J4', 'J5', 'J7', 'J14', 'J16', 'J17', 'J26']
- Machine states:
  - Machine M1: Time=10157.00, Idle=38.00, Material=Mountainbike_Tretlager_gefraest
  - Machine M2: Time=10016.00, Idle=179.00, Material=Citybike_Schaltauge_bearbeitet
  - Machine M3: Time=10195.00, Idle=0.00, Material=Racebike_Bremsaufnahme_gebohrt
==================================================

2025-06-18 13:40:21,020 - JSPGymEnvironment - INFO - Material change on machine M1: Mountainbike_Tretlager_gefraest -> Racebike_Steuerrohr_ausgerieben, setup time: 45
2025-06-18 13:40:21,020 - JSPGymEnvironment - INFO - Executed operation: Job J26, Op 6, Machine M1, Start: 10240, End: 10274, Setup: 45
2025-06-18 13:40:21,020 - JSPGymEnvironment - INFO - Job J26 completed at time 10274, deadline: 2816, met: False, priority: 10
2025-06-18 13:40:21,020 - JSPGymEnvironment - INFO - 
===== REWARD DETAILS FOR STEP 180 =====
Job: J26, Operation: 6, Job Completed: True
Current Time: 10195.00 -> 10274.00, Setup Time: 45.00
Processing Time: 34.00, Idle Time: 0.00
Completed Jobs: 24/30
Machine: M1, Material: Racebike_Steuerrohr_ausgerieben
Job Deadline: 2816.00 (Missed), Priority: 10

REWARD COMPONENTS:
- makespan_reward: -0.3950
- setup_reward: -11.2500
- deadline_reward: -6.6211
- priority_reward: 40.0000
- critical_job_reward: 0.5000
- placement_reward: 0.0000
- timeliness_reward: -5.6000
- machine_idle_penalty: -4.2125

TOTAL REWARD: 12.4214

CUMULATIVE REWARD COMPONENTS:
- makespan_reward: -51.3700
- setup_reward: -1247.0000
- deadline_reward: -51.0751
- priority_reward: 632.0000
- critical_job_reward: 63.0025
- placement_reward: 0.0000
- timeliness_reward: -257.8085
- machine_idle_penalty: -878.8625

CUMULATIVE TOTAL: -1791.1136

CRITICAL STATE INFO:
- Valid actions: ['J4', 'J5', 'J7', 'J14', 'J16', 'J17']
- Machine states:
  - Machine M1: Time=10274.00, Idle=0.00, Material=Racebike_Steuerrohr_ausgerieben
  - Machine M2: Time=10016.00, Idle=258.00, Material=Citybike_Schaltauge_bearbeitet
  - Machine M3: Time=10195.00, Idle=79.00, Material=Racebike_Bremsaufnahme_gebohrt
==================================================

2025-06-18 13:40:21,020 - JSPGymEnvironment - INFO - Retro-Bonus für Job J26: -5.0
2025-06-18 13:40:21,112 - JSPGymEnvironment - INFO - Material change on machine M3: Racebike_Bremsaufnahme_gebohrt -> Mountainbike_Tretlageraufnahme_geschweisst, setup time: 18
2025-06-18 13:40:21,112 - JSPGymEnvironment - INFO - Executed operation: Job J7, Op 5, Machine M3, Start: 10292, End: 10313, Setup: 18
2025-06-18 13:40:21,113 - JSPGymEnvironment - INFO - 
===== REWARD DETAILS FOR STEP 181 =====
Job: J7, Operation: 5, Job Completed: False
Current Time: 10274.00 -> 10313.00, Setup Time: 18.00
Processing Time: 21.00, Idle Time: 0.00
Completed Jobs: 24/30
Machine: M3, Material: Mountainbike_Tretlageraufnahme_geschweisst

REWARD COMPONENTS:
- makespan_reward: -0.1950
- setup_reward: -4.5000
- deadline_reward: 0.0000
- priority_reward: 0.0000
- critical_job_reward: 0.0000
- placement_reward: 0.0000
- timeliness_reward: -5.6000
- machine_idle_penalty: -4.2000

TOTAL REWARD: -14.4950

CUMULATIVE REWARD COMPONENTS:
- makespan_reward: -51.5650
- setup_reward: -1251.5000
- deadline_reward: -51.0751
- priority_reward: 632.0000
- critical_job_reward: 63.0025
- placement_reward: 0.0000
- timeliness_reward: -263.4085
- machine_idle_penalty: -883.0625

CUMULATIVE TOTAL: -1805.6086

CRITICAL STATE INFO:
- Valid actions: ['J4', 'J5', 'J7', 'J14', 'J16', 'J17']
- Machine states:
  - Machine M1: Time=10274.00, Idle=39.00, Material=Racebike_Steuerrohr_ausgerieben
  - Machine M2: Time=10016.00, Idle=297.00, Material=Citybike_Schaltauge_bearbeitet
  - Machine M3: Time=10313.00, Idle=0.00, Material=Mountainbike_Tretlageraufnahme_geschweisst
==================================================

2025-06-18 13:40:21,257 - JSPGymEnvironment - INFO - Material change on machine M3: Mountainbike_Tretlageraufnahme_geschweisst -> Racebike_Steuerrohr_ausgerieben, setup time: 20
2025-06-18 13:40:21,257 - JSPGymEnvironment - INFO - Executed operation: Job J16, Op 2, Machine M3, Start: 10333, End: 10363, Setup: 20
2025-06-18 13:40:21,258 - JSPGymEnvironment - INFO - 
===== REWARD DETAILS FOR STEP 182 =====
Job: J16, Operation: 2, Job Completed: False
Current Time: 10313.00 -> 10363.00, Setup Time: 20.00
Processing Time: 30.00, Idle Time: 0.00
Completed Jobs: 24/30
Machine: M3, Material: Racebike_Steuerrohr_ausgerieben

REWARD COMPONENTS:
- makespan_reward: -0.2500
- setup_reward: -5.0000
- deadline_reward: 0.0000
- priority_reward: 0.0000
- critical_job_reward: 0.5000
- placement_reward: 0.0000
- timeliness_reward: -5.6000
- machine_idle_penalty: -5.4500

TOTAL REWARD: -15.8000

CUMULATIVE REWARD COMPONENTS:
- makespan_reward: -51.8150
- setup_reward: -1256.5000
- deadline_reward: -51.0751
- priority_reward: 632.0000
- critical_job_reward: 63.5025
- placement_reward: 0.0000
- timeliness_reward: -269.0085
- machine_idle_penalty: -888.5125

CUMULATIVE TOTAL: -1821.4086

CRITICAL STATE INFO:
- Valid actions: ['J4', 'J5', 'J7', 'J14', 'J16', 'J17']
- Machine states:
  - Machine M1: Time=10274.00, Idle=89.00, Material=Racebike_Steuerrohr_ausgerieben
  - Machine M2: Time=10016.00, Idle=347.00, Material=Citybike_Schaltauge_bearbeitet
  - Machine M3: Time=10363.00, Idle=0.00, Material=Racebike_Steuerrohr_ausgerieben
==================================================

2025-06-18 13:40:21,346 - JSPGymEnvironment - INFO - Material change on machine M2: Citybike_Schaltauge_bearbeitet -> Racebike_Laufraeder_montiert, setup time: 16
2025-06-18 13:40:21,346 - JSPGymEnvironment - INFO - Executed operation: Job J17, Op 5, Machine M2, Start: 10379, End: 10409, Setup: 16
2025-06-18 13:40:21,346 - JSPGymEnvironment - INFO - Job J17 completed at time 10409, deadline: 2880, met: False, priority: 9
2025-06-18 13:40:21,346 - JSPGymEnvironment - INFO - 
===== REWARD DETAILS FOR STEP 183 =====
Job: J17, Operation: 5, Job Completed: True
Current Time: 10363.00 -> 10409.00, Setup Time: 16.00
Processing Time: 30.00, Idle Time: 0.00
Completed Jobs: 25/30
Machine: M2, Material: Racebike_Laufraeder_montiert
Job Deadline: 2880.00 (Missed), Priority: 9

REWARD COMPONENTS:
- makespan_reward: -0.2300
- setup_reward: -4.0000
- deadline_reward: -6.5356
- priority_reward: 36.0000
- critical_job_reward: 0.5000
- placement_reward: 0.0000
- timeliness_reward: -5.6000
- machine_idle_penalty: -2.2625

TOTAL REWARD: 17.8719

CUMULATIVE REWARD COMPONENTS:
- makespan_reward: -52.0450
- setup_reward: -1260.5000
- deadline_reward: -57.6107
- priority_reward: 668.0000
- critical_job_reward: 64.0025
- placement_reward: 0.0000
- timeliness_reward: -274.6085
- machine_idle_penalty: -890.7750

CUMULATIVE TOTAL: -1803.5367

CRITICAL STATE INFO:
- Valid actions: ['J4', 'J5', 'J7', 'J14', 'J16']
- Machine states:
  - Machine M1: Time=10274.00, Idle=135.00, Material=Racebike_Steuerrohr_ausgerieben
  - Machine M2: Time=10409.00, Idle=0.00, Material=Racebike_Laufraeder_montiert
  - Machine M3: Time=10363.00, Idle=46.00, Material=Racebike_Steuerrohr_ausgerieben
==================================================

2025-06-18 13:40:21,346 - JSPGymEnvironment - INFO - Retro-Bonus für Job J17: -5.0
2025-06-18 13:40:21,434 - JSPGymEnvironment - INFO - Material change on machine M3: Racebike_Steuerrohr_ausgerieben -> Mountainbike_Tretlager_gefraest, setup time: 18
2025-06-18 13:40:21,435 - JSPGymEnvironment - INFO - Executed operation: Job J7, Op 6, Machine M3, Start: 10427, End: 10461, Setup: 18
2025-06-18 13:40:21,435 - JSPGymEnvironment - INFO - 
===== REWARD DETAILS FOR STEP 184 =====
Job: J7, Operation: 6, Job Completed: False
Current Time: 10409.00 -> 10461.00, Setup Time: 18.00
Processing Time: 34.00, Idle Time: 0.00
Completed Jobs: 25/30
Machine: M3, Material: Mountainbike_Tretlager_gefraest

REWARD COMPONENTS:
- makespan_reward: -0.2600
- setup_reward: -4.5000
- deadline_reward: 0.0000
- priority_reward: 0.0000
- critical_job_reward: 0.0000
- placement_reward: 0.0000
- timeliness_reward: -5.6000
- machine_idle_penalty: -2.9875

TOTAL REWARD: -13.3475

CUMULATIVE REWARD COMPONENTS:
- makespan_reward: -52.3050
- setup_reward: -1265.0000
- deadline_reward: -57.6107
- priority_reward: 668.0000
- critical_job_reward: 64.0025
- placement_reward: 0.0000
- timeliness_reward: -280.2085
- machine_idle_penalty: -893.7625

CUMULATIVE TOTAL: -1816.8842

CRITICAL STATE INFO:
- Valid actions: ['J4', 'J5', 'J7', 'J14', 'J16']
- Machine states:
  - Machine M1: Time=10274.00, Idle=187.00, Material=Racebike_Steuerrohr_ausgerieben
  - Machine M2: Time=10409.00, Idle=52.00, Material=Racebike_Laufraeder_montiert
  - Machine M3: Time=10461.00, Idle=0.00, Material=Mountainbike_Tretlager_gefraest
==================================================

2025-06-18 13:40:21,595 - JSPGymEnvironment - INFO - Material change on machine M1: Racebike_Steuerrohr_ausgerieben -> Citybike_Schaltauge_bearbeitet, setup time: 45
2025-06-18 13:40:21,595 - JSPGymEnvironment - INFO - Executed operation: Job J5, Op 5, Machine M1, Start: 10506, End: 10532, Setup: 45
2025-06-18 13:40:21,596 - JSPGymEnvironment - INFO - 
===== REWARD DETAILS FOR STEP 185 =====
Job: J5, Operation: 5, Job Completed: False
Current Time: 10461.00 -> 10532.00, Setup Time: 45.00
Processing Time: 26.00, Idle Time: 0.00
Completed Jobs: 25/30
Machine: M1, Material: Citybike_Schaltauge_bearbeitet

REWARD COMPONENTS:
- makespan_reward: -0.3550
- setup_reward: -11.2500
- deadline_reward: 0.0000
- priority_reward: 0.0000
- critical_job_reward: 0.0000
- placement_reward: 0.0000
- timeliness_reward: -5.6000
- machine_idle_penalty: -2.4250

TOTAL REWARD: -19.6300

CUMULATIVE REWARD COMPONENTS:
- makespan_reward: -52.6600
- setup_reward: -1276.2500
- deadline_reward: -57.6107
- priority_reward: 668.0000
- critical_job_reward: 64.0025
- placement_reward: 0.0000
- timeliness_reward: -285.8085
- machine_idle_penalty: -896.1875

CUMULATIVE TOTAL: -1836.5142

CRITICAL STATE INFO:
- Valid actions: ['J4', 'J5', 'J7', 'J14', 'J16']
- Machine states:
  - Machine M1: Time=10532.00, Idle=0.00, Material=Citybike_Schaltauge_bearbeitet
  - Machine M2: Time=10409.00, Idle=123.00, Material=Racebike_Laufraeder_montiert
  - Machine M3: Time=10461.00, Idle=71.00, Material=Mountainbike_Tretlager_gefraest
==================================================

2025-06-18 13:40:21,683 - JSPGymEnvironment - INFO - Material change on machine M3: Mountainbike_Tretlager_gefraest -> Mountainbike_Bremsaufnahme_gebohrt, setup time: 15
2025-06-18 13:40:21,683 - JSPGymEnvironment - INFO - Executed operation: Job J14, Op 2, Machine M3, Start: 10547, End: 10567, Setup: 15
2025-06-18 13:40:21,683 - JSPGymEnvironment - INFO - 
===== REWARD DETAILS FOR STEP 186 =====
Job: J14, Operation: 2, Job Completed: False
Current Time: 10532.00 -> 10567.00, Setup Time: 15.00
Processing Time: 20.00, Idle Time: 0.00
Completed Jobs: 25/30
Machine: M3, Material: Mountainbike_Bremsaufnahme_gebohrt

REWARD COMPONENTS:
- makespan_reward: -0.1750
- setup_reward: -3.7500
- deadline_reward: 0.0000
- priority_reward: 0.0000
- critical_job_reward: 0.0000
- placement_reward: 0.0000
- timeliness_reward: -5.6000
- machine_idle_penalty: -2.4125

TOTAL REWARD: -11.9375

CUMULATIVE REWARD COMPONENTS:
- makespan_reward: -52.8350
- setup_reward: -1280.0000
- deadline_reward: -57.6107
- priority_reward: 668.0000
- critical_job_reward: 64.0025
- placement_reward: 0.0000
- timeliness_reward: -291.4085
- machine_idle_penalty: -898.6000

CUMULATIVE TOTAL: -1848.4517

CRITICAL STATE INFO:
- Valid actions: ['J4', 'J5', 'J7', 'J14', 'J16']
- Machine states:
  - Machine M1: Time=10532.00, Idle=35.00, Material=Citybike_Schaltauge_bearbeitet
  - Machine M2: Time=10409.00, Idle=158.00, Material=Racebike_Laufraeder_montiert
  - Machine M3: Time=10567.00, Idle=0.00, Material=Mountainbike_Bremsaufnahme_gebohrt
==================================================

2025-06-18 13:40:21,774 - JSPGymEnvironment - INFO - Material change on machine M1: Citybike_Schaltauge_bearbeitet -> Mountainbike_Schaltauge_bearbeitet, setup time: 30
2025-06-18 13:40:21,775 - JSPGymEnvironment - INFO - Executed operation: Job J7, Op 7, Machine M1, Start: 10597, End: 10615, Setup: 30
2025-06-18 13:40:21,775 - JSPGymEnvironment - INFO - Job J7 completed at time 10615, deadline: 2788, met: False, priority: 2
2025-06-18 13:40:21,775 - JSPGymEnvironment - INFO - 
===== REWARD DETAILS FOR STEP 187 =====
Job: J7, Operation: 7, Job Completed: True
Current Time: 10567.00 -> 10615.00, Setup Time: 30.00
Processing Time: 18.00, Idle Time: 0.00
Completed Jobs: 26/30
Machine: M1, Material: Mountainbike_Schaltauge_bearbeitet
Job Deadline: 2788.00 (Missed), Priority: 2

REWARD COMPONENTS:
- makespan_reward: -0.2400
- setup_reward: -7.5000
- deadline_reward: -7.0185
- priority_reward: 8.0000
- critical_job_reward: 0.0000
- placement_reward: 0.0000
- timeliness_reward: -5.6000
- machine_idle_penalty: -3.1750

TOTAL REWARD: -15.5335

CUMULATIVE REWARD COMPONENTS:
- makespan_reward: -53.0750
- setup_reward: -1287.5000
- deadline_reward: -64.6292
- priority_reward: 676.0000
- critical_job_reward: 64.0025
- placement_reward: 0.0000
- timeliness_reward: -297.0085
- machine_idle_penalty: -901.7750

CUMULATIVE TOTAL: -1863.9852

CRITICAL STATE INFO:
- Valid actions: ['J4', 'J5', 'J14', 'J16']
- Machine states:
  - Machine M1: Time=10615.00, Idle=0.00, Material=Mountainbike_Schaltauge_bearbeitet
  - Machine M2: Time=10409.00, Idle=206.00, Material=Racebike_Laufraeder_montiert
  - Machine M3: Time=10567.00, Idle=48.00, Material=Mountainbike_Bremsaufnahme_gebohrt
==================================================

2025-06-18 13:40:21,775 - JSPGymEnvironment - INFO - Retro-Bonus für Job J7: -10.0
2025-06-18 13:40:21,863 - JSPGymEnvironment - INFO - Material change on machine M2: Racebike_Laufraeder_montiert -> Citybike_Rahmen_nachbearbeitet, setup time: 25
2025-06-18 13:40:21,863 - JSPGymEnvironment - INFO - Executed operation: Job J5, Op 6, Machine M2, Start: 10640, End: 10651, Setup: 25
2025-06-18 13:40:21,863 - JSPGymEnvironment - INFO - Job J5 completed at time 10651, deadline: 2836, met: False, priority: 3
2025-06-18 13:40:21,864 - JSPGymEnvironment - INFO - 
===== REWARD DETAILS FOR STEP 188 =====
Job: J5, Operation: 6, Job Completed: True
Current Time: 10615.00 -> 10651.00, Setup Time: 25.00
Processing Time: 11.00, Idle Time: 0.00
Completed Jobs: 27/30
Machine: M2, Material: Citybike_Rahmen_nachbearbeitet
Job Deadline: 2836.00 (Missed), Priority: 3

REWARD COMPONENTS:
- makespan_reward: -0.1800
- setup_reward: -6.2500
- deadline_reward: -6.8891
- priority_reward: 12.0000
- critical_job_reward: 0.0000
- placement_reward: 0.0000
- timeliness_reward: -5.6000
- machine_idle_penalty: -1.5000

TOTAL REWARD: -8.4191

CUMULATIVE REWARD COMPONENTS:
- makespan_reward: -53.2550
- setup_reward: -1293.7500
- deadline_reward: -71.5183
- priority_reward: 688.0000
- critical_job_reward: 64.0025
- placement_reward: 0.0000
- timeliness_reward: -302.6085
- machine_idle_penalty: -903.2750

CUMULATIVE TOTAL: -1872.4043

CRITICAL STATE INFO:
- Valid actions: ['J4', 'J14', 'J16']
- Machine states:
  - Machine M1: Time=10615.00, Idle=36.00, Material=Mountainbike_Schaltauge_bearbeitet
  - Machine M2: Time=10651.00, Idle=0.00, Material=Citybike_Rahmen_nachbearbeitet
  - Machine M3: Time=10567.00, Idle=84.00, Material=Mountainbike_Bremsaufnahme_gebohrt
==================================================

2025-06-18 13:40:21,864 - JSPGymEnvironment - INFO - Retro-Bonus für Job J5: -10.0
2025-06-18 13:40:22,010 - JSPGymEnvironment - INFO - Material change on machine M2: Citybike_Rahmen_nachbearbeitet -> Mountainbike_Steuerrohr_ausgerieben, setup time: 20
2025-06-18 13:40:22,010 - JSPGymEnvironment - INFO - Executed operation: Job J14, Op 3, Machine M2, Start: 10671, End: 10682, Setup: 20
2025-06-18 13:40:22,011 - JSPGymEnvironment - INFO - 
===== REWARD DETAILS FOR STEP 189 =====
Job: J14, Operation: 3, Job Completed: False
Current Time: 10651.00 -> 10682.00, Setup Time: 20.00
Processing Time: 11.00, Idle Time: 0.00
Completed Jobs: 27/30
Machine: M2, Material: Mountainbike_Steuerrohr_ausgerieben

REWARD COMPONENTS:
- makespan_reward: -0.1550
- setup_reward: -5.0000
- deadline_reward: 0.0000
- priority_reward: 0.0000
- critical_job_reward: 0.0000
- placement_reward: 0.0000
- timeliness_reward: -5.6000
- machine_idle_penalty: -2.2750

TOTAL REWARD: -13.0300

CUMULATIVE REWARD COMPONENTS:
- makespan_reward: -53.4100
- setup_reward: -1298.7500
- deadline_reward: -71.5183
- priority_reward: 688.0000
- critical_job_reward: 64.0025
- placement_reward: 0.0000
- timeliness_reward: -308.2085
- machine_idle_penalty: -905.5500

CUMULATIVE TOTAL: -1885.4343

CRITICAL STATE INFO:
- Valid actions: ['J4', 'J14', 'J16']
- Machine states:
  - Machine M1: Time=10615.00, Idle=67.00, Material=Mountainbike_Schaltauge_bearbeitet
  - Machine M2: Time=10682.00, Idle=0.00, Material=Mountainbike_Steuerrohr_ausgerieben
  - Machine M3: Time=10567.00, Idle=115.00, Material=Mountainbike_Bremsaufnahme_gebohrt
==================================================

2025-06-18 13:40:22,108 - JSPGymEnvironment - INFO - Material change on machine M2: Mountainbike_Steuerrohr_ausgerieben -> Citybike_Hinterbau_vorbereitet, setup time: 22
2025-06-18 13:40:22,109 - JSPGymEnvironment - INFO - Executed operation: Job J4, Op 1, Machine M2, Start: 10704, End: 10721, Setup: 22
2025-06-18 13:40:22,109 - JSPGymEnvironment - INFO - 
===== REWARD DETAILS FOR STEP 190 =====
Job: J4, Operation: 1, Job Completed: False
Current Time: 10682.00 -> 10721.00, Setup Time: 22.00
Processing Time: 17.00, Idle Time: 0.00
Completed Jobs: 27/30
Machine: M2, Material: Citybike_Hinterbau_vorbereitet

REWARD COMPONENTS:
- makespan_reward: -0.1950
- setup_reward: -5.5000
- deadline_reward: 0.0000
- priority_reward: 0.0000
- critical_job_reward: 0.0000
- placement_reward: 0.0000
- timeliness_reward: -5.6000
- machine_idle_penalty: -3.2500

TOTAL REWARD: -14.5450

CUMULATIVE REWARD COMPONENTS:
- makespan_reward: -53.6050
- setup_reward: -1304.2500
- deadline_reward: -71.5183
- priority_reward: 688.0000
- critical_job_reward: 64.0025
- placement_reward: 0.0000
- timeliness_reward: -313.8085
- machine_idle_penalty: -908.8000

CUMULATIVE TOTAL: -1899.9793

CRITICAL STATE INFO:
- Valid actions: ['J4', 'J14', 'J16']
- Machine states:
  - Machine M1: Time=10615.00, Idle=106.00, Material=Mountainbike_Schaltauge_bearbeitet
  - Machine M2: Time=10721.00, Idle=0.00, Material=Citybike_Hinterbau_vorbereitet
  - Machine M3: Time=10567.00, Idle=154.00, Material=Mountainbike_Bremsaufnahme_gebohrt
==================================================

2025-06-18 13:40:22,199 - JSPGymEnvironment - INFO - Material change on machine M1: Mountainbike_Schaltauge_bearbeitet -> Racebike_Fahrrad_endmontiert, setup time: 45
2025-06-18 13:40:22,199 - JSPGymEnvironment - INFO - Executed operation: Job J16, Op 3, Machine M1, Start: 10766, End: 10787, Setup: 45
2025-06-18 13:40:22,199 - JSPGymEnvironment - INFO - 
===== REWARD DETAILS FOR STEP 191 =====
Job: J16, Operation: 3, Job Completed: False
Current Time: 10721.00 -> 10787.00, Setup Time: 45.00
Processing Time: 21.00, Idle Time: 0.00
Completed Jobs: 27/30
Machine: M1, Material: Racebike_Fahrrad_endmontiert

REWARD COMPONENTS:
- makespan_reward: -0.3300
- setup_reward: -11.2500
- deadline_reward: 0.0000
- priority_reward: 0.0000
- critical_job_reward: 0.5000
- placement_reward: 0.0000
- timeliness_reward: -5.6000
- machine_idle_penalty: -3.5750

TOTAL REWARD: -20.2550

CUMULATIVE REWARD COMPONENTS:
- makespan_reward: -53.9350
- setup_reward: -1315.5000
- deadline_reward: -71.5183
- priority_reward: 688.0000
- critical_job_reward: 64.5025
- placement_reward: 0.0000
- timeliness_reward: -319.4085
- machine_idle_penalty: -912.3750

CUMULATIVE TOTAL: -1920.2343

CRITICAL STATE INFO:
- Valid actions: ['J4', 'J14', 'J16']
- Machine states:
  - Machine M1: Time=10787.00, Idle=0.00, Material=Racebike_Fahrrad_endmontiert
  - Machine M2: Time=10721.00, Idle=66.00, Material=Citybike_Hinterbau_vorbereitet
  - Machine M3: Time=10567.00, Idle=220.00, Material=Mountainbike_Bremsaufnahme_gebohrt
==================================================

2025-06-18 13:40:22,347 - JSPGymEnvironment - INFO - Material change on machine M1: Racebike_Fahrrad_endmontiert -> Mountainbike_Steuerrohr_montiert, setup time: 43
2025-06-18 13:40:22,347 - JSPGymEnvironment - INFO - Executed operation: Job J14, Op 4, Machine M1, Start: 10830, End: 10858, Setup: 43
2025-06-18 13:40:22,348 - JSPGymEnvironment - INFO - 
===== REWARD DETAILS FOR STEP 192 =====
Job: J14, Operation: 4, Job Completed: False
Current Time: 10787.00 -> 10858.00, Setup Time: 43.00
Processing Time: 28.00, Idle Time: 0.00
Completed Jobs: 27/30
Machine: M1, Material: Mountainbike_Steuerrohr_montiert

REWARD COMPONENTS:
- makespan_reward: -0.3550
- setup_reward: -10.7500
- deadline_reward: 0.0000
- priority_reward: 0.0000
- critical_job_reward: 0.0000
- placement_reward: 0.0000
- timeliness_reward: -5.6000
- machine_idle_penalty: -5.3500

TOTAL REWARD: -22.0550

CUMULATIVE REWARD COMPONENTS:
- makespan_reward: -54.2900
- setup_reward: -1326.2500
- deadline_reward: -71.5183
- priority_reward: 688.0000
- critical_job_reward: 64.5025
- placement_reward: 0.0000
- timeliness_reward: -325.0085
- machine_idle_penalty: -917.7250

CUMULATIVE TOTAL: -1942.2893

CRITICAL STATE INFO:
- Valid actions: ['J4', 'J14', 'J16']
- Machine states:
  - Machine M1: Time=10858.00, Idle=0.00, Material=Mountainbike_Steuerrohr_montiert
  - Machine M2: Time=10721.00, Idle=137.00, Material=Citybike_Hinterbau_vorbereitet
  - Machine M3: Time=10567.00, Idle=291.00, Material=Mountainbike_Bremsaufnahme_gebohrt
==================================================

2025-06-18 13:40:22,441 - JSPGymEnvironment - INFO - Material change on machine M2: Citybike_Hinterbau_vorbereitet -> Mountainbike_Antrieb_installiert, setup time: 20
2025-06-18 13:40:22,441 - JSPGymEnvironment - INFO - Executed operation: Job J14, Op 5, Machine M2, Start: 10878, End: 10899, Setup: 20
2025-06-18 13:40:22,442 - JSPGymEnvironment - INFO - 
===== REWARD DETAILS FOR STEP 193 =====
Job: J14, Operation: 5, Job Completed: False
Current Time: 10858.00 -> 10899.00, Setup Time: 20.00
Processing Time: 21.00, Idle Time: 0.00
Completed Jobs: 27/30
Machine: M2, Material: Mountainbike_Antrieb_installiert

REWARD COMPONENTS:
- makespan_reward: -0.2050
- setup_reward: -5.0000
- deadline_reward: 0.0000
- priority_reward: 0.0000
- critical_job_reward: 0.0000
- placement_reward: 0.0000
- timeliness_reward: -5.6000
- machine_idle_penalty: -4.6625

TOTAL REWARD: -15.4675

CUMULATIVE REWARD COMPONENTS:
- makespan_reward: -54.4950
- setup_reward: -1331.2500
- deadline_reward: -71.5183
- priority_reward: 688.0000
- critical_job_reward: 64.5025
- placement_reward: 0.0000
- timeliness_reward: -330.6085
- machine_idle_penalty: -922.3875

CUMULATIVE TOTAL: -1957.7568

CRITICAL STATE INFO:
- Valid actions: ['J4', 'J14', 'J16']
- Machine states:
  - Machine M1: Time=10858.00, Idle=41.00, Material=Mountainbike_Steuerrohr_montiert
  - Machine M2: Time=10899.00, Idle=0.00, Material=Mountainbike_Antrieb_installiert
  - Machine M3: Time=10567.00, Idle=332.00, Material=Mountainbike_Bremsaufnahme_gebohrt
==================================================

2025-06-18 13:40:22,530 - JSPGymEnvironment - INFO - Material change on machine M3: Mountainbike_Bremsaufnahme_gebohrt -> Citybike_Rahmen_lackiert, setup time: 18
2025-06-18 13:40:22,530 - JSPGymEnvironment - INFO - Executed operation: Job J4, Op 2, Machine M3, Start: 10917, End: 10942, Setup: 18
2025-06-18 13:40:22,531 - JSPGymEnvironment - INFO - 
===== REWARD DETAILS FOR STEP 194 =====
Job: J4, Operation: 2, Job Completed: False
Current Time: 10899.00 -> 10942.00, Setup Time: 18.00
Processing Time: 25.00, Idle Time: 0.00
Completed Jobs: 27/30
Machine: M3, Material: Citybike_Rahmen_lackiert

REWARD COMPONENTS:
- makespan_reward: -0.2150
- setup_reward: -4.5000
- deadline_reward: 0.0000
- priority_reward: 0.0000
- critical_job_reward: 0.0000
- placement_reward: 0.0000
- timeliness_reward: -5.6000
- machine_idle_penalty: -1.5875

TOTAL REWARD: -11.9025

CUMULATIVE REWARD COMPONENTS:
- makespan_reward: -54.7100
- setup_reward: -1335.7500
- deadline_reward: -71.5183
- priority_reward: 688.0000
- critical_job_reward: 64.5025
- placement_reward: 0.0000
- timeliness_reward: -336.2085
- machine_idle_penalty: -923.9750

CUMULATIVE TOTAL: -1969.6593

CRITICAL STATE INFO:
- Valid actions: ['J4', 'J14', 'J16']
- Machine states:
  - Machine M1: Time=10858.00, Idle=84.00, Material=Mountainbike_Steuerrohr_montiert
  - Machine M2: Time=10899.00, Idle=43.00, Material=Mountainbike_Antrieb_installiert
  - Machine M3: Time=10942.00, Idle=0.00, Material=Citybike_Rahmen_lackiert
==================================================

2025-06-18 13:40:22,619 - JSPGymEnvironment - INFO - Material change on machine M2: Mountainbike_Antrieb_installiert -> Citybike_Steuerrohr_montiert, setup time: 22
2025-06-18 13:40:22,619 - JSPGymEnvironment - INFO - Executed operation: Job J4, Op 3, Machine M2, Start: 10964, End: 10980, Setup: 22
2025-06-18 13:40:22,619 - JSPGymEnvironment - INFO - 
===== REWARD DETAILS FOR STEP 195 =====
Job: J4, Operation: 3, Job Completed: False
Current Time: 10942.00 -> 10980.00, Setup Time: 22.00
Processing Time: 16.00, Idle Time: 0.00
Completed Jobs: 27/30
Machine: M2, Material: Citybike_Steuerrohr_montiert

REWARD COMPONENTS:
- makespan_reward: -0.1900
- setup_reward: -5.5000
- deadline_reward: 0.0000
- priority_reward: 0.0000
- critical_job_reward: 0.0000
- placement_reward: 0.0000
- timeliness_reward: -5.6000
- machine_idle_penalty: -2.0000

TOTAL REWARD: -13.2900

CUMULATIVE REWARD COMPONENTS:
- makespan_reward: -54.9000
- setup_reward: -1341.2500
- deadline_reward: -71.5183
- priority_reward: 688.0000
- critical_job_reward: 64.5025
- placement_reward: 0.0000
- timeliness_reward: -341.8085
- machine_idle_penalty: -925.9750

CUMULATIVE TOTAL: -1982.9493

CRITICAL STATE INFO:
- Valid actions: ['J4', 'J14', 'J16']
- Machine states:
  - Machine M1: Time=10858.00, Idle=122.00, Material=Mountainbike_Steuerrohr_montiert
  - Machine M2: Time=10980.00, Idle=0.00, Material=Citybike_Steuerrohr_montiert
  - Machine M3: Time=10942.00, Idle=38.00, Material=Citybike_Rahmen_lackiert
==================================================

2025-06-18 13:40:22,768 - JSPGymEnvironment - INFO - Material change on machine M2: Citybike_Steuerrohr_montiert -> Racebike_Laufraeder_montiert, setup time: 16
2025-06-18 13:40:22,768 - JSPGymEnvironment - INFO - Executed operation: Job J16, Op 4, Machine M2, Start: 10996, End: 11012, Setup: 16
2025-06-18 13:40:22,768 - JSPGymEnvironment - INFO - Job J16 completed at time 11012, deadline: 2380, met: False, priority: 8
2025-06-18 13:40:22,768 - JSPGymEnvironment - INFO - 
===== REWARD DETAILS FOR STEP 196 =====
Job: J16, Operation: 4, Job Completed: True
Current Time: 10980.00 -> 11012.00, Setup Time: 16.00
Processing Time: 16.00, Idle Time: 0.00
Completed Jobs: 28/30
Machine: M2, Material: Racebike_Laufraeder_montiert
Job Deadline: 2380.00 (Missed), Priority: 8

REWARD COMPONENTS:
- makespan_reward: -0.1600
- setup_reward: -4.0000
- deadline_reward: -9.0672
- priority_reward: 32.0000
- critical_job_reward: 0.5000
- placement_reward: 0.0000
- timeliness_reward: -5.6000
- machine_idle_penalty: -2.8000

TOTAL REWARD: 10.8728

CUMULATIVE REWARD COMPONENTS:
- makespan_reward: -55.0600
- setup_reward: -1345.2500
- deadline_reward: -80.5855
- priority_reward: 720.0000
- critical_job_reward: 65.0025
- placement_reward: 0.0000
- timeliness_reward: -347.4085
- machine_idle_penalty: -928.7750

CUMULATIVE TOTAL: -1972.0765

CRITICAL STATE INFO:
- Valid actions: ['J4', 'J14']
- Machine states:
  - Machine M1: Time=10858.00, Idle=154.00, Material=Mountainbike_Steuerrohr_montiert
  - Machine M2: Time=11012.00, Idle=0.00, Material=Racebike_Laufraeder_montiert
  - Machine M3: Time=10942.00, Idle=70.00, Material=Citybike_Rahmen_lackiert
==================================================

2025-06-18 13:40:22,768 - JSPGymEnvironment - INFO - Retro-Bonus für Job J16: -5.0
2025-06-18 13:40:22,856 - JSPGymEnvironment - INFO - Material change on machine M1: Mountainbike_Steuerrohr_montiert -> Mountainbike_Rahmen_lackiert, setup time: 40
2025-06-18 13:40:22,856 - JSPGymEnvironment - INFO - Executed operation: Job J14, Op 6, Machine M1, Start: 11052, End: 11081, Setup: 40
2025-06-18 13:40:22,856 - JSPGymEnvironment - INFO - Job J14 completed at time 11081, deadline: 2880, met: False, priority: 2
2025-06-18 13:40:22,856 - JSPGymEnvironment - INFO - 
===== REWARD DETAILS FOR STEP 197 =====
Job: J14, Operation: 6, Job Completed: True
Current Time: 11012.00 -> 11081.00, Setup Time: 40.00
Processing Time: 29.00, Idle Time: 0.00
Completed Jobs: 29/30
Machine: M1, Material: Mountainbike_Rahmen_lackiert
Job Deadline: 2880.00 (Missed), Priority: 2

REWARD COMPONENTS:
- makespan_reward: -0.3450
- setup_reward: -10.0000
- deadline_reward: -7.1189
- priority_reward: 8.0000
- critical_job_reward: 0.0000
- placement_reward: 0.0000
- timeliness_reward: -5.6000
- machine_idle_penalty: -2.6000

TOTAL REWARD: -17.6639

CUMULATIVE REWARD COMPONENTS:
- makespan_reward: -55.4050
- setup_reward: -1355.2500
- deadline_reward: -87.7044
- priority_reward: 728.0000
- critical_job_reward: 65.0025
- placement_reward: 0.0000
- timeliness_reward: -353.0085
- machine_idle_penalty: -931.3750

CUMULATIVE TOTAL: -1989.7404

CRITICAL STATE INFO:
- Valid actions: ['J4']
- Machine states:
  - Machine M1: Time=11081.00, Idle=0.00, Material=Mountainbike_Rahmen_lackiert
  - Machine M2: Time=11012.00, Idle=69.00, Material=Racebike_Laufraeder_montiert
  - Machine M3: Time=10942.00, Idle=139.00, Material=Citybike_Rahmen_lackiert
==================================================

2025-06-18 13:40:22,856 - JSPGymEnvironment - INFO - Retro-Bonus für Job J14: -10.0
2025-06-18 13:40:22,944 - JSPGymEnvironment - INFO - Material change on machine M3: Citybike_Rahmen_lackiert -> Citybike_Rahmen_nachbearbeitet, setup time: 15
2025-06-18 13:40:22,944 - JSPGymEnvironment - INFO - Executed operation: Job J4, Op 4, Machine M3, Start: 11096, End: 11135, Setup: 15
2025-06-18 13:40:22,944 - JSPGymEnvironment - INFO - 
===== REWARD DETAILS FOR STEP 198 =====
Job: J4, Operation: 4, Job Completed: False
Current Time: 11081.00 -> 11135.00, Setup Time: 15.00
Processing Time: 39.00, Idle Time: 0.00
Completed Jobs: 29/30
Machine: M3, Material: Citybike_Rahmen_nachbearbeitet

REWARD COMPONENTS:
- makespan_reward: -0.2700
- setup_reward: -3.7500
- deadline_reward: 0.0000
- priority_reward: 0.0000
- critical_job_reward: 0.0000
- placement_reward: 0.0000
- timeliness_reward: -5.6000
- machine_idle_penalty: -2.2125

TOTAL REWARD: -11.8325

CUMULATIVE REWARD COMPONENTS:
- makespan_reward: -55.6750
- setup_reward: -1359.0000
- deadline_reward: -87.7044
- priority_reward: 728.0000
- critical_job_reward: 65.0025
- placement_reward: 0.0000
- timeliness_reward: -358.6085
- machine_idle_penalty: -933.5875

CUMULATIVE TOTAL: -2001.5729

CRITICAL STATE INFO:
- Valid actions: ['J4']
- Machine states:
  - Machine M1: Time=11081.00, Idle=54.00, Material=Mountainbike_Rahmen_lackiert
  - Machine M2: Time=11012.00, Idle=123.00, Material=Racebike_Laufraeder_montiert
  - Machine M3: Time=11135.00, Idle=0.00, Material=Citybike_Rahmen_nachbearbeitet
==================================================

2025-06-18 13:40:23,092 - JSPGymEnvironment - INFO - Material change on machine M1: Mountainbike_Rahmen_lackiert -> Citybike_Tretlager_gefraest, setup time: 32
2025-06-18 13:40:23,092 - JSPGymEnvironment - INFO - Executed operation: Job J4, Op 5, Machine M1, Start: 11167, End: 11193, Setup: 32
2025-06-18 13:40:23,092 - JSPGymEnvironment - INFO - 
===== REWARD DETAILS FOR STEP 199 =====
Job: J4, Operation: 5, Job Completed: False
Current Time: 11135.00 -> 11193.00, Setup Time: 32.00
Processing Time: 26.00, Idle Time: 0.00
Completed Jobs: 29/30
Machine: M1, Material: Citybike_Tretlager_gefraest

REWARD COMPONENTS:
- makespan_reward: -0.2900
- setup_reward: -8.0000
- deadline_reward: 0.0000
- priority_reward: 0.0000
- critical_job_reward: 0.0000
- placement_reward: 0.0000
- timeliness_reward: -5.6000
- machine_idle_penalty: -2.9875

TOTAL REWARD: -16.8775

CUMULATIVE REWARD COMPONENTS:
- makespan_reward: -55.9650
- setup_reward: -1367.0000
- deadline_reward: -87.7044
- priority_reward: 728.0000
- critical_job_reward: 65.0025
- placement_reward: 0.0000
- timeliness_reward: -364.2085
- machine_idle_penalty: -936.5750

CUMULATIVE TOTAL: -2018.4504

CRITICAL STATE INFO:
- Valid actions: ['J4']
- Machine states:
  - Machine M1: Time=11193.00, Idle=0.00, Material=Citybike_Tretlager_gefraest
  - Machine M2: Time=11012.00, Idle=181.00, Material=Racebike_Laufraeder_montiert
  - Machine M3: Time=11135.00, Idle=58.00, Material=Citybike_Rahmen_nachbearbeitet
==================================================

2025-06-18 13:40:23,180 - JSPGymEnvironment - INFO - Material change on machine M1: Citybike_Tretlager_gefraest -> Citybike_Bremsen_justiert, setup time: 40
2025-06-18 13:40:23,180 - JSPGymEnvironment - INFO - Executed operation: Job J4, Op 6, Machine M1, Start: 11233, End: 11255, Setup: 40
2025-06-18 13:40:23,181 - JSPGymEnvironment - INFO - 
===== REWARD DETAILS FOR STEP 200 =====
Job: J4, Operation: 6, Job Completed: False
Current Time: 11193.00 -> 11255.00, Setup Time: 40.00
Processing Time: 22.00, Idle Time: 0.00
Completed Jobs: 29/30
Machine: M1, Material: Citybike_Bremsen_justiert

REWARD COMPONENTS:
- makespan_reward: -0.3100
- setup_reward: -10.0000
- deadline_reward: 0.0000
- priority_reward: 0.0000
- critical_job_reward: 0.0000
- placement_reward: 0.0000
- timeliness_reward: -5.6000
- machine_idle_penalty: -4.5375

TOTAL REWARD: -20.4475

CUMULATIVE REWARD COMPONENTS:
- makespan_reward: -56.2750
- setup_reward: -1377.0000
- deadline_reward: -87.7044
- priority_reward: 728.0000
- critical_job_reward: 65.0025
- placement_reward: 0.0000
- timeliness_reward: -369.8085
- machine_idle_penalty: -941.1125

CUMULATIVE TOTAL: -2038.8979

CRITICAL STATE INFO:
- Valid actions: ['J4']
- Machine states:
  - Machine M1: Time=11255.00, Idle=0.00, Material=Citybike_Bremsen_justiert
  - Machine M2: Time=11012.00, Idle=243.00, Material=Racebike_Laufraeder_montiert
  - Machine M3: Time=11135.00, Idle=120.00, Material=Citybike_Rahmen_nachbearbeitet
==================================================

2025-06-18 13:40:23,269 - JSPGymEnvironment - INFO - Material change on machine M1: Citybike_Bremsen_justiert -> Citybike_Schaltauge_bearbeitet, setup time: 40
2025-06-18 13:40:23,269 - JSPGymEnvironment - INFO - Executed operation: Job J4, Op 7, Machine M1, Start: 11295, End: 11325, Setup: 40
2025-06-18 13:40:23,269 - JSPGymEnvironment - INFO - Job J4 completed at time 11325, deadline: 2823, met: False, priority: 5
2025-06-18 13:40:23,269 - JSPGymEnvironment - INFO - 
===== REWARD DETAILS FOR STEP 201 =====
Job: J4, Operation: 7, Job Completed: True
Current Time: 11255.00 -> 11325.00, Setup Time: 40.00
Processing Time: 30.00, Idle Time: 0.00
Completed Jobs: 30/30
Machine: M1, Material: Citybike_Schaltauge_bearbeitet
Job Deadline: 2823.00 (Missed), Priority: 5

REWARD COMPONENTS:
- makespan_reward: -0.3500
- setup_reward: -10.0000
- deadline_reward: -7.5292
- priority_reward: 20.0000
- critical_job_reward: 0.0000
- placement_reward: 0.0000
- timeliness_reward: 2.4000
- machine_idle_penalty: -6.2875

TOTAL REWARD: -1.7667

CUMULATIVE REWARD COMPONENTS:
- makespan_reward: -56.6250
- setup_reward: -1387.0000
- deadline_reward: -95.2337
- priority_reward: 748.0000
- critical_job_reward: 65.0025
- placement_reward: 0.0000
- timeliness_reward: -367.4085
- machine_idle_penalty: -947.4000

CUMULATIVE TOTAL: -2040.6647

CRITICAL STATE INFO:
- Valid actions: []
- Machine states:
  - Machine M1: Time=11325.00, Idle=0.00, Material=Citybike_Schaltauge_bearbeitet
  - Machine M2: Time=11012.00, Idle=313.00, Material=Racebike_Laufraeder_montiert
  - Machine M3: Time=11135.00, Idle=190.00, Material=Citybike_Rahmen_nachbearbeitet
==================================================

2025-06-18 13:40:23,269 - JSPGymEnvironment - INFO - Retro-Bonus für Job J4: -10.0
2025-06-18 13:40:23,270 - JSPGymEnvironment - INFO - Reward function updated with 92 insights
2025-06-18 13:40:23,270 - JSPGymEnvironment - INFO -   Material change on critical path at Job 3 Operation 0 on Machine M1 (Severity: 1.20)
2025-06-18 13:40:23,270 - JSPGymEnvironment - INFO -   Material change on critical path at Job 3 Operation 1 on Machine M2 (Severity: 1.10)
2025-06-18 13:40:23,270 - JSPGymEnvironment - INFO -   Material change on critical path at Job 3 Operation 2 on Machine M3 (Severity: 1.20)
2025-06-18 13:40:23,270 - JSPGymEnvironment - INFO -   Material change on critical path at Job 3 Operation 3 on Machine M2 (Severity: 1.10)
2025-06-18 13:40:23,270 - JSPGymEnvironment - INFO -   Material change on critical path at Job 3 Operation 4 on Machine M3 (Severity: 1.00)
2025-06-18 13:40:23,270 - JSPGymEnvironment - INFO -   Material change on critical path at Job 3 Operation 5 on Machine M1 (Severity: 0.80)
2025-06-18 13:40:23,270 - JSPGymEnvironment - INFO -   Material change on critical path at Job 3 Operation 6 on Machine M1 (Severity: 1.00)
2025-06-18 13:40:23,270 - JSPGymEnvironment - INFO -   Idle time on critical path before Job 3 Operation 6 on Machine M1 (Severity: 1.82)
2025-06-18 13:40:23,270 - JSPGymEnvironment - INFO -   Material change on critical path at Job 3 Operation 7 on Machine M1 (Severity: 1.00)
2025-06-18 13:40:23,270 - JSPGymEnvironment - INFO -   Idle time on critical path before Job 3 Operation 7 on Machine M1 (Severity: 1.33)
2025-06-18 13:40:23,270 - JSPGymEnvironment - INFO -   High priority (10) not on critical path: Job 28 Operation 0 (Severity: 1.00)
2025-06-18 13:40:23,270 - JSPGymEnvironment - INFO -   High priority (9) not on critical path: Job 18 Operation 0 (Severity: 0.67)
2025-06-18 13:40:23,270 - JSPGymEnvironment - INFO -   High priority (8) not on critical path: Job 0 Operation 0 (Severity: 0.33)
2025-06-18 13:40:23,270 - JSPGymEnvironment - INFO -   High priority (9) not on critical path: Job 14 Operation 0 (Severity: 0.67)
2025-06-18 13:40:23,270 - JSPGymEnvironment - INFO -   High priority (9) not on critical path: Job 16 Operation 0 (Severity: 0.67)
2025-06-18 13:40:23,271 - JSPGymEnvironment - INFO -   High priority (10) not on critical path: Job 28 Operation 1 (Severity: 1.00)
2025-06-18 13:40:23,271 - JSPGymEnvironment - INFO -   High priority (10) not on critical path: Job 28 Operation 2 (Severity: 1.00)
2025-06-18 13:40:23,271 - JSPGymEnvironment - INFO -   High priority (9) not on critical path: Job 14 Operation 1 (Severity: 0.67)
2025-06-18 13:40:23,271 - JSPGymEnvironment - INFO -   High priority (10) not on critical path: Job 28 Operation 3 (Severity: 1.00)
2025-06-18 13:40:23,271 - JSPGymEnvironment - INFO -   High priority (10) not on critical path: Job 28 Operation 4 (Severity: 1.00)
2025-06-18 13:40:23,271 - JSPGymEnvironment - INFO -   High priority (10) not on critical path: Job 25 Operation 0 (Severity: 1.00)
2025-06-18 13:40:23,271 - JSPGymEnvironment - INFO -   High priority (9) not on critical path: Job 23 Operation 0 (Severity: 0.67)
2025-06-18 13:40:23,271 - JSPGymEnvironment - INFO -   High priority (10) not on critical path: Job 20 Operation 0 (Severity: 1.00)
2025-06-18 13:40:23,271 - JSPGymEnvironment - INFO -   High priority (9) not on critical path: Job 18 Operation 1 (Severity: 0.67)
2025-06-18 13:40:23,271 - JSPGymEnvironment - INFO -   High priority (10) not on critical path: Job 20 Operation 1 (Severity: 1.00)
2025-06-18 13:40:23,271 - JSPGymEnvironment - INFO -   High priority (8) not on critical path: Job 0 Operation 1 (Severity: 0.33)
2025-06-18 13:40:23,271 - JSPGymEnvironment - INFO -   High priority (9) not on critical path: Job 23 Operation 1 (Severity: 0.67)
2025-06-18 13:40:23,271 - JSPGymEnvironment - INFO -   High priority (9) not on critical path: Job 26 Operation 0 (Severity: 0.67)
2025-06-18 13:40:23,271 - JSPGymEnvironment - INFO -   High priority (9) not on critical path: Job 26 Operation 1 (Severity: 0.67)
2025-06-18 13:40:23,271 - JSPGymEnvironment - INFO -   High priority (8) not on critical path: Job 0 Operation 2 (Severity: 0.33)
2025-06-18 13:40:23,271 - JSPGymEnvironment - INFO -   High priority (9) not on critical path: Job 18 Operation 2 (Severity: 0.67)
2025-06-18 13:40:23,271 - JSPGymEnvironment - INFO -   High priority (9) not on critical path: Job 26 Operation 2 (Severity: 0.67)
2025-06-18 13:40:23,271 - JSPGymEnvironment - INFO -   High priority (10) not on critical path: Job 20 Operation 2 (Severity: 1.00)
2025-06-18 13:40:23,271 - JSPGymEnvironment - INFO -   High priority (9) not on critical path: Job 1 Operation 0 (Severity: 0.67)
2025-06-18 13:40:23,271 - JSPGymEnvironment - INFO -   High priority (9) not on critical path: Job 23 Operation 2 (Severity: 0.67)
2025-06-18 13:40:23,271 - JSPGymEnvironment - INFO -   High priority (9) not on critical path: Job 18 Operation 3 (Severity: 0.67)
2025-06-18 13:40:23,271 - JSPGymEnvironment - INFO -   High priority (9) not on critical path: Job 16 Operation 1 (Severity: 0.67)
2025-06-18 13:40:23,271 - JSPGymEnvironment - INFO -   High priority (9) not on critical path: Job 23 Operation 3 (Severity: 0.67)
2025-06-18 13:40:23,271 - JSPGymEnvironment - INFO -   High priority (10) not on critical path: Job 27 Operation 0 (Severity: 1.00)
2025-06-18 13:40:23,271 - JSPGymEnvironment - INFO -   High priority (8) not on critical path: Job 5 Operation 0 (Severity: 0.33)
2025-06-18 13:40:23,271 - JSPGymEnvironment - INFO -   High priority (9) not on critical path: Job 18 Operation 4 (Severity: 0.67)
2025-06-18 13:40:23,271 - JSPGymEnvironment - INFO -   High priority (10) not on critical path: Job 27 Operation 1 (Severity: 1.00)
2025-06-18 13:40:23,271 - JSPGymEnvironment - INFO -   High priority (9) not on critical path: Job 14 Operation 2 (Severity: 0.67)
2025-06-18 13:40:23,271 - JSPGymEnvironment - INFO -   High priority (9) not on critical path: Job 14 Operation 3 (Severity: 0.67)
2025-06-18 13:40:23,271 - JSPGymEnvironment - INFO -   High priority (9) not on critical path: Job 14 Operation 4 (Severity: 0.67)
2025-06-18 13:40:23,271 - JSPGymEnvironment - INFO -   High priority (10) not on critical path: Job 20 Operation 3 (Severity: 1.00)
2025-06-18 13:40:23,271 - JSPGymEnvironment - INFO -   High priority (10) not on critical path: Job 27 Operation 2 (Severity: 1.00)
2025-06-18 13:40:23,271 - JSPGymEnvironment - INFO -   High priority (10) not on critical path: Job 27 Operation 3 (Severity: 1.00)
2025-06-18 13:40:23,271 - JSPGymEnvironment - INFO -   High priority (10) not on critical path: Job 27 Operation 4 (Severity: 1.00)
2025-06-18 13:40:23,271 - JSPGymEnvironment - INFO -   High priority (9) not on critical path: Job 26 Operation 3 (Severity: 0.67)
2025-06-18 13:40:23,271 - JSPGymEnvironment - INFO -   High priority (8) not on critical path: Job 0 Operation 3 (Severity: 0.33)
2025-06-18 13:40:23,271 - JSPGymEnvironment - INFO -   High priority (8) not on critical path: Job 0 Operation 4 (Severity: 0.33)
2025-06-18 13:40:23,271 - JSPGymEnvironment - INFO -   High priority (8) not on critical path: Job 0 Operation 5 (Severity: 0.33)
2025-06-18 13:40:23,271 - JSPGymEnvironment - INFO -   High priority (8) not on critical path: Job 5 Operation 1 (Severity: 0.33)
2025-06-18 13:40:23,271 - JSPGymEnvironment - INFO -   High priority (8) not on critical path: Job 5 Operation 2 (Severity: 0.33)
2025-06-18 13:40:23,271 - JSPGymEnvironment - INFO -   High priority (10) not on critical path: Job 27 Operation 5 (Severity: 1.00)
2025-06-18 13:40:23,272 - JSPGymEnvironment - INFO -   High priority (10) not on critical path: Job 20 Operation 4 (Severity: 1.00)
2025-06-18 13:40:23,272 - JSPGymEnvironment - INFO -   High priority (9) not on critical path: Job 18 Operation 5 (Severity: 0.67)
2025-06-18 13:40:23,272 - JSPGymEnvironment - INFO -   High priority (10) not on critical path: Job 25 Operation 1 (Severity: 1.00)
2025-06-18 13:40:23,272 - JSPGymEnvironment - INFO -   High priority (9) not on critical path: Job 18 Operation 6 (Severity: 0.67)
2025-06-18 13:40:23,272 - JSPGymEnvironment - INFO -   High priority (8) not on critical path: Job 0 Operation 6 (Severity: 0.33)
2025-06-18 13:40:23,272 - JSPGymEnvironment - INFO -   High priority (10) not on critical path: Job 27 Operation 6 (Severity: 1.00)
2025-06-18 13:40:23,272 - JSPGymEnvironment - INFO -   High priority (8) not on critical path: Job 5 Operation 3 (Severity: 0.33)
2025-06-18 13:40:23,272 - JSPGymEnvironment - INFO -   High priority (9) not on critical path: Job 23 Operation 4 (Severity: 0.67)
2025-06-18 13:40:23,272 - JSPGymEnvironment - INFO -   High priority (8) not on critical path: Job 15 Operation 0 (Severity: 0.33)
2025-06-18 13:40:23,272 - JSPGymEnvironment - INFO -   High priority (8) not on critical path: Job 5 Operation 4 (Severity: 0.33)
2025-06-18 13:40:23,272 - JSPGymEnvironment - INFO -   High priority (9) not on critical path: Job 23 Operation 5 (Severity: 0.67)
2025-06-18 13:40:23,272 - JSPGymEnvironment - INFO -   High priority (9) not on critical path: Job 26 Operation 4 (Severity: 0.67)
2025-06-18 13:40:23,272 - JSPGymEnvironment - INFO -   High priority (8) not on critical path: Job 5 Operation 5 (Severity: 0.33)
2025-06-18 13:40:23,272 - JSPGymEnvironment - INFO -   High priority (10) not on critical path: Job 25 Operation 2 (Severity: 1.00)
2025-06-18 13:40:23,272 - JSPGymEnvironment - INFO -   High priority (8) not on critical path: Job 0 Operation 7 (Severity: 0.33)
2025-06-18 13:40:23,272 - JSPGymEnvironment - INFO -   High priority (9) not on critical path: Job 23 Operation 6 (Severity: 0.67)
2025-06-18 13:40:23,272 - JSPGymEnvironment - INFO -   High priority (9) not on critical path: Job 1 Operation 1 (Severity: 0.67)
2025-06-18 13:40:23,272 - JSPGymEnvironment - INFO -   High priority (8) not on critical path: Job 5 Operation 6 (Severity: 0.33)
2025-06-18 13:40:23,272 - JSPGymEnvironment - INFO -   High priority (10) not on critical path: Job 27 Operation 7 (Severity: 1.00)
2025-06-18 13:40:23,272 - JSPGymEnvironment - INFO -   High priority (9) not on critical path: Job 16 Operation 2 (Severity: 0.67)
2025-06-18 13:40:23,272 - JSPGymEnvironment - INFO -   High priority (9) not on critical path: Job 1 Operation 2 (Severity: 0.67)
2025-06-18 13:40:23,272 - JSPGymEnvironment - INFO -   High priority (10) not on critical path: Job 25 Operation 3 (Severity: 1.00)
2025-06-18 13:40:23,272 - JSPGymEnvironment - INFO -   High priority (9) not on critical path: Job 16 Operation 3 (Severity: 0.67)
2025-06-18 13:40:23,272 - JSPGymEnvironment - INFO -   High priority (9) not on critical path: Job 1 Operation 3 (Severity: 0.67)
2025-06-18 13:40:23,272 - JSPGymEnvironment - INFO -   High priority (10) not on critical path: Job 25 Operation 4 (Severity: 1.00)
2025-06-18 13:40:23,272 - JSPGymEnvironment - INFO -   High priority (9) not on critical path: Job 1 Operation 4 (Severity: 0.67)
2025-06-18 13:40:23,272 - JSPGymEnvironment - INFO -   High priority (8) not on critical path: Job 15 Operation 1 (Severity: 0.33)
2025-06-18 13:40:23,272 - JSPGymEnvironment - INFO -   High priority (9) not on critical path: Job 1 Operation 5 (Severity: 0.67)
2025-06-18 13:40:23,272 - JSPGymEnvironment - INFO -   High priority (9) not on critical path: Job 1 Operation 6 (Severity: 0.67)
2025-06-18 13:40:23,272 - JSPGymEnvironment - INFO -   High priority (9) not on critical path: Job 16 Operation 4 (Severity: 0.67)
2025-06-18 13:40:23,272 - JSPGymEnvironment - INFO -   High priority (10) not on critical path: Job 25 Operation 5 (Severity: 1.00)
2025-06-18 13:40:23,272 - JSPGymEnvironment - INFO -   High priority (10) not on critical path: Job 25 Operation 6 (Severity: 1.00)
2025-06-18 13:40:23,272 - JSPGymEnvironment - INFO -   High priority (8) not on critical path: Job 15 Operation 2 (Severity: 0.33)
2025-06-18 13:40:23,272 - JSPGymEnvironment - INFO -   High priority (9) not on critical path: Job 16 Operation 5 (Severity: 0.67)
2025-06-18 13:40:23,272 - JSPGymEnvironment - INFO -   High priority (8) not on critical path: Job 15 Operation 3 (Severity: 0.33)
2025-06-18 13:40:23,272 - JSPGymEnvironment - INFO -   High priority (8) not on critical path: Job 15 Operation 4 (Severity: 0.33)
2025-06-18 13:40:23,272 - JSPGymEnvironment - INFO - Episode completed. Critical path: 8 operations, Suboptimal placements: 92
2025-06-18 13:40:23,272 - JSPGymEnvironment - INFO - Reward components: {'makespan_reward': -0.35000000000000003, 'setup_reward': -10.0, 'deadline_reward': -7.529224229543039, 'priority_reward': 20.0, 'critical_job_reward': 0.0, 'placement_reward': 0.0, 'timeliness_reward': 2.4, 'machine_idle_penalty': -6.2875000000000005}
2025-06-18 13:45:27,001 - JSPGymEnvironment - INFO - Environment reset
2025-06-18 13:45:27,133 - JSPGymEnvironment - INFO - Material change on machine M3:  -> Citybike_Hauptrahmen_zugeschnitten, setup time: 0
2025-06-18 13:45:27,134 - JSPGymEnvironment - INFO - Executed operation: Job J8, Op 0, Machine M3, Start: 0, End: 57, Setup: 0
2025-06-18 13:45:27,134 - JSPGymEnvironment - INFO - 
===== REWARD DETAILS FOR STEP 1 =====
Job: J8, Operation: 0, Job Completed: False
Current Time: 0.00 -> 57.00, Setup Time: 0.00
Processing Time: 57.00, Idle Time: 0.00
Completed Jobs: 0/30
Machine: M3, Material: Citybike_Hauptrahmen_zugeschnitten

REWARD COMPONENTS:
- makespan_reward: -0.2850
- setup_reward: 0.0000
- deadline_reward: 0.0000
- priority_reward: 0.0000
- critical_job_reward: 0.0000
- placement_reward: 0.0000
- timeliness_reward: 9.1799
- machine_idle_penalty: -1.5250

TOTAL REWARD: 7.3699

CUMULATIVE REWARD COMPONENTS:
- makespan_reward: -0.2850
- setup_reward: 0.0000
- deadline_reward: 0.0000
- priority_reward: 0.0000
- critical_job_reward: 0.0000
- placement_reward: 0.0000
- timeliness_reward: 9.1799
- machine_idle_penalty: -1.5250

CUMULATIVE TOTAL: 7.3699

CRITICAL STATE INFO:
- Valid actions: ['J1', 'J2', 'J3', 'J4', 'J5', 'J6', 'J7', 'J8', 'J9', 'J10', 'J11', 'J12', 'J13', 'J14', 'J15', 'J16', 'J17', 'J18', 'J19', 'J20', 'J21', 'J22', 'J23', 'J24', 'J25', 'J26', 'J27', 'J28', 'J29', 'J30']
- Machine states:
  - Machine M1: Time=0.00, Idle=57.00, Material=None
  - Machine M2: Time=0.00, Idle=57.00, Material=None
  - Machine M3: Time=57.00, Idle=0.00, Material=Citybike_Hauptrahmen_zugeschnitten
==================================================

2025-06-18 13:45:27,351 - JSPGymEnvironment - INFO - Material change on machine M2:  -> Racebike_Tretlageraufnahme_geschweisst, setup time: 0
2025-06-18 13:45:27,351 - JSPGymEnvironment - INFO - Executed operation: Job J12, Op 0, Machine M2, Start: 57, End: 86, Setup: 0
2025-06-18 13:45:27,351 - JSPGymEnvironment - INFO - 
===== REWARD DETAILS FOR STEP 2 =====
Job: J12, Operation: 0, Job Completed: False
Current Time: 57.00 -> 86.00, Setup Time: 0.00
Processing Time: 29.00, Idle Time: 0.00
Completed Jobs: 0/30
Machine: M2, Material: Racebike_Tretlageraufnahme_geschweisst

REWARD COMPONENTS:
- makespan_reward: -0.1450
- setup_reward: 0.0000
- deadline_reward: 0.0000
- priority_reward: 0.0000
- critical_job_reward: 0.0000
- placement_reward: 0.0000
- timeliness_reward: 9.1897
- machine_idle_penalty: -1.4875

TOTAL REWARD: 7.5572

CUMULATIVE REWARD COMPONENTS:
- makespan_reward: -0.4300
- setup_reward: 0.0000
- deadline_reward: 0.0000
- priority_reward: 0.0000
- critical_job_reward: 0.0000
- placement_reward: 0.0000
- timeliness_reward: 18.3697
- machine_idle_penalty: -3.0125

CUMULATIVE TOTAL: 14.9272

CRITICAL STATE INFO:
- Valid actions: ['J1', 'J2', 'J3', 'J4', 'J5', 'J6', 'J7', 'J8', 'J9', 'J10', 'J11', 'J12', 'J13', 'J14', 'J15', 'J16', 'J17', 'J18', 'J19', 'J20', 'J21', 'J22', 'J23', 'J24', 'J25', 'J26', 'J27', 'J28', 'J29', 'J30']
- Machine states:
  - Machine M1: Time=0.00, Idle=86.00, Material=None
  - Machine M2: Time=86.00, Idle=0.00, Material=Racebike_Tretlageraufnahme_geschweisst
  - Machine M3: Time=57.00, Idle=29.00, Material=Citybike_Hauptrahmen_zugeschnitten
==================================================

2025-06-18 13:45:27,473 - JSPGymEnvironment - INFO - Material change on machine M2: Racebike_Tretlageraufnahme_geschweisst -> E-Bike_Rahmen_nachbearbeitet, setup time: 29
2025-06-18 13:45:27,473 - JSPGymEnvironment - INFO - Executed operation: Job J28, Op 0, Machine M2, Start: 115, End: 137, Setup: 29
2025-06-18 13:45:27,473 - JSPGymEnvironment - INFO - 
===== REWARD DETAILS FOR STEP 3 =====
Job: J28, Operation: 0, Job Completed: False
Current Time: 86.00 -> 137.00, Setup Time: 29.00
Processing Time: 22.00, Idle Time: 0.00
Completed Jobs: 0/30
Machine: M2, Material: E-Bike_Rahmen_nachbearbeitet

REWARD COMPONENTS:
- makespan_reward: -0.2550
- setup_reward: -7.2500
- deadline_reward: 0.0000
- priority_reward: 0.0000
- critical_job_reward: 0.5000
- placement_reward: -2.5000
- timeliness_reward: 9.2041
- machine_idle_penalty: -2.8125

TOTAL REWARD: -3.1134

CUMULATIVE REWARD COMPONENTS:
- makespan_reward: -0.6850
- setup_reward: -7.2500
- deadline_reward: 0.0000
- priority_reward: 0.0000
- critical_job_reward: 0.5000
- placement_reward: -2.5000
- timeliness_reward: 27.5737
- machine_idle_penalty: -5.8250

CUMULATIVE TOTAL: 11.8137

CRITICAL STATE INFO:
- Valid actions: ['J1', 'J2', 'J3', 'J4', 'J5', 'J6', 'J7', 'J8', 'J9', 'J10', 'J11', 'J12', 'J13', 'J14', 'J15', 'J16', 'J17', 'J18', 'J19', 'J20', 'J21', 'J22', 'J23', 'J24', 'J25', 'J26', 'J27', 'J28', 'J29', 'J30']
- Machine states:
  - Machine M1: Time=0.00, Idle=137.00, Material=None
  - Machine M2: Time=137.00, Idle=0.00, Material=E-Bike_Rahmen_nachbearbeitet
  - Machine M3: Time=57.00, Idle=80.00, Material=Citybike_Hauptrahmen_zugeschnitten
==================================================

2025-06-18 13:45:27,594 - JSPGymEnvironment - INFO - Material change on machine M3: Citybike_Hauptrahmen_zugeschnitten -> Mountainbike_Laufraeder_montiert, setup time: 15
2025-06-18 13:45:27,594 - JSPGymEnvironment - INFO - Executed operation: Job J23, Op 0, Machine M3, Start: 152, End: 209, Setup: 15
2025-06-18 13:45:27,594 - JSPGymEnvironment - INFO - 
===== REWARD DETAILS FOR STEP 4 =====
Job: J23, Operation: 0, Job Completed: False
Current Time: 137.00 -> 209.00, Setup Time: 15.00
Processing Time: 57.00, Idle Time: 0.00
Completed Jobs: 0/30
Machine: M3, Material: Mountainbike_Laufraeder_montiert

REWARD COMPONENTS:
- makespan_reward: -0.3600
- setup_reward: -3.7500
- deadline_reward: 0.0000
- priority_reward: 0.0000
- critical_job_reward: 0.0000
- placement_reward: 0.0000
- timeliness_reward: 9.2252
- machine_idle_penalty: -3.5625

TOTAL REWARD: 1.5527

CUMULATIVE REWARD COMPONENTS:
- makespan_reward: -1.0450
- setup_reward: -11.0000
- deadline_reward: 0.0000
- priority_reward: 0.0000
- critical_job_reward: 0.5000
- placement_reward: -2.5000
- timeliness_reward: 36.7990
- machine_idle_penalty: -9.3875

CUMULATIVE TOTAL: 13.3665

CRITICAL STATE INFO:
- Valid actions: ['J1', 'J2', 'J3', 'J4', 'J5', 'J6', 'J7', 'J8', 'J9', 'J10', 'J11', 'J12', 'J13', 'J14', 'J15', 'J16', 'J17', 'J18', 'J19', 'J20', 'J21', 'J22', 'J23', 'J24', 'J25', 'J26', 'J27', 'J28', 'J29', 'J30']
- Machine states:
  - Machine M1: Time=0.00, Idle=209.00, Material=None
  - Machine M2: Time=137.00, Idle=72.00, Material=E-Bike_Rahmen_nachbearbeitet
  - Machine M3: Time=209.00, Idle=0.00, Material=Mountainbike_Laufraeder_montiert
==================================================

2025-06-18 13:45:27,715 - JSPGymEnvironment - INFO - Material change on machine M2: E-Bike_Rahmen_nachbearbeitet -> Citybike_Laufraeder_montiert, setup time: 21
2025-06-18 13:45:27,715 - JSPGymEnvironment - INFO - Executed operation: Job J8, Op 1, Machine M2, Start: 230, End: 244, Setup: 21
2025-06-18 13:45:27,716 - JSPGymEnvironment - INFO - 
===== REWARD DETAILS FOR STEP 5 =====
Job: J8, Operation: 1, Job Completed: False
Current Time: 209.00 -> 244.00, Setup Time: 21.00
Processing Time: 14.00, Idle Time: 0.00
Completed Jobs: 0/30
Machine: M2, Material: Citybike_Laufraeder_montiert

REWARD COMPONENTS:
- makespan_reward: -0.1750
- setup_reward: -5.2500
- deadline_reward: 0.0000
- priority_reward: 0.0000
- critical_job_reward: 0.0000
- placement_reward: 0.0000
- timeliness_reward: 9.2388
- machine_idle_penalty: -3.5375

TOTAL REWARD: 0.2763

CUMULATIVE REWARD COMPONENTS:
- makespan_reward: -1.2200
- setup_reward: -16.2500
- deadline_reward: 0.0000
- priority_reward: 0.0000
- critical_job_reward: 0.5000
- placement_reward: -2.5000
- timeliness_reward: 46.0378
- machine_idle_penalty: -12.9250

CUMULATIVE TOTAL: 13.6428

CRITICAL STATE INFO:
- Valid actions: ['J1', 'J2', 'J3', 'J4', 'J5', 'J6', 'J7', 'J8', 'J9', 'J10', 'J11', 'J12', 'J13', 'J14', 'J15', 'J16', 'J17', 'J18', 'J19', 'J20', 'J21', 'J22', 'J23', 'J24', 'J25', 'J26', 'J27', 'J28', 'J29', 'J30']
- Machine states:
  - Machine M1: Time=0.00, Idle=244.00, Material=None
  - Machine M2: Time=244.00, Idle=0.00, Material=Citybike_Laufraeder_montiert
  - Machine M3: Time=209.00, Idle=35.00, Material=Mountainbike_Laufraeder_montiert
==================================================

2025-06-18 13:45:27,934 - JSPGymEnvironment - INFO - Material change on machine M3: Mountainbike_Laufraeder_montiert -> Racebike_Fahrrad_endmontiert, setup time: 20
2025-06-18 13:45:27,934 - JSPGymEnvironment - INFO - Executed operation: Job J1, Op 0, Machine M3, Start: 264, End: 296, Setup: 20
2025-06-18 13:45:27,935 - JSPGymEnvironment - INFO - 
===== REWARD DETAILS FOR STEP 6 =====
Job: J1, Operation: 0, Job Completed: False
Current Time: 244.00 -> 296.00, Setup Time: 20.00
Processing Time: 32.00, Idle Time: 0.00
Completed Jobs: 0/30
Machine: M3, Material: Racebike_Fahrrad_endmontiert

REWARD COMPONENTS:
- makespan_reward: -0.2600
- setup_reward: -5.0000
- deadline_reward: 0.0000
- priority_reward: 0.0000
- critical_job_reward: 0.5000
- placement_reward: -0.8333
- timeliness_reward: 9.2524
- machine_idle_penalty: -4.4000

TOTAL REWARD: -0.7409

CUMULATIVE REWARD COMPONENTS:
- makespan_reward: -1.4800
- setup_reward: -21.2500
- deadline_reward: 0.0000
- priority_reward: 0.0000
- critical_job_reward: 1.0000
- placement_reward: -3.3333
- timeliness_reward: 55.2902
- machine_idle_penalty: -17.3250

CUMULATIVE TOTAL: 12.9019

CRITICAL STATE INFO:
- Valid actions: ['J1', 'J2', 'J3', 'J4', 'J5', 'J6', 'J7', 'J8', 'J9', 'J10', 'J11', 'J12', 'J13', 'J14', 'J15', 'J16', 'J17', 'J18', 'J19', 'J20', 'J21', 'J22', 'J23', 'J24', 'J25', 'J26', 'J27', 'J28', 'J29', 'J30']
- Machine states:
  - Machine M1: Time=0.00, Idle=296.00, Material=None
  - Machine M2: Time=244.00, Idle=52.00, Material=Citybike_Laufraeder_montiert
  - Machine M3: Time=296.00, Idle=0.00, Material=Racebike_Fahrrad_endmontiert
==================================================

2025-06-18 13:45:28,054 - JSPGymEnvironment - INFO - Material change on machine M3: Racebike_Fahrrad_endmontiert -> E-Bike_Tretlageraufnahme_geschweisst, setup time: 16
2025-06-18 13:45:28,054 - JSPGymEnvironment - INFO - Executed operation: Job J29, Op 0, Machine M3, Start: 312, End: 361, Setup: 16
2025-06-18 13:45:28,055 - JSPGymEnvironment - INFO - 
===== REWARD DETAILS FOR STEP 7 =====
Job: J29, Operation: 0, Job Completed: False
Current Time: 296.00 -> 361.00, Setup Time: 16.00
Processing Time: 49.00, Idle Time: 0.00
Completed Jobs: 0/30
Machine: M3, Material: E-Bike_Tretlageraufnahme_geschweisst

REWARD COMPONENTS:
- makespan_reward: -0.3250
- setup_reward: -4.0000
- deadline_reward: 0.0000
- priority_reward: 0.0000
- critical_job_reward: 0.5000
- placement_reward: -2.5000
- timeliness_reward: 9.2649
- machine_idle_penalty: -6.0250

TOTAL REWARD: -3.0851

CUMULATIVE REWARD COMPONENTS:
- makespan_reward: -1.8050
- setup_reward: -25.2500
- deadline_reward: 0.0000
- priority_reward: 0.0000
- critical_job_reward: 1.5000
- placement_reward: -5.8333
- timeliness_reward: 64.5551
- machine_idle_penalty: -23.3500

CUMULATIVE TOTAL: 9.8168

CRITICAL STATE INFO:
- Valid actions: ['J1', 'J2', 'J3', 'J4', 'J5', 'J6', 'J7', 'J8', 'J9', 'J10', 'J11', 'J12', 'J13', 'J14', 'J15', 'J16', 'J17', 'J18', 'J19', 'J20', 'J21', 'J22', 'J23', 'J24', 'J25', 'J26', 'J27', 'J28', 'J29', 'J30']
- Machine states:
  - Machine M1: Time=0.00, Idle=361.00, Material=None
  - Machine M2: Time=244.00, Idle=117.00, Material=Citybike_Laufraeder_montiert
  - Machine M3: Time=361.00, Idle=0.00, Material=E-Bike_Tretlageraufnahme_geschweisst
==================================================

2025-06-18 13:45:28,151 - JSPGymEnvironment - INFO - Material change on machine M3: E-Bike_Tretlageraufnahme_geschweisst -> E-Bike_Rahmen_nachbearbeitet, setup time: 15
2025-06-18 13:45:28,152 - JSPGymEnvironment - INFO - Executed operation: Job J21, Op 0, Machine M3, Start: 376, End: 434, Setup: 15
2025-06-18 13:45:28,152 - JSPGymEnvironment - INFO - 
===== REWARD DETAILS FOR STEP 8 =====
Job: J21, Operation: 0, Job Completed: False
Current Time: 361.00 -> 434.00, Setup Time: 15.00
Processing Time: 58.00, Idle Time: 0.00
Completed Jobs: 0/30
Machine: M3, Material: E-Bike_Rahmen_nachbearbeitet

REWARD COMPONENTS:
- makespan_reward: -0.3650
- setup_reward: -3.7500
- deadline_reward: 0.0000
- priority_reward: 0.0000
- critical_job_reward: 0.5000
- placement_reward: -2.5000
- timeliness_reward: 9.2823
- machine_idle_penalty: -7.9000

TOTAL REWARD: -4.7327

CUMULATIVE REWARD COMPONENTS:
- makespan_reward: -2.1700
- setup_reward: -29.0000
- deadline_reward: 0.0000
- priority_reward: 0.0000
- critical_job_reward: 2.0000
- placement_reward: -8.3333
- timeliness_reward: 73.8374
- machine_idle_penalty: -31.2500

CUMULATIVE TOTAL: 5.0841

CRITICAL STATE INFO:
- Valid actions: ['J1', 'J2', 'J3', 'J4', 'J5', 'J6', 'J7', 'J8', 'J9', 'J10', 'J11', 'J12', 'J13', 'J14', 'J15', 'J16', 'J17', 'J18', 'J19', 'J20', 'J21', 'J22', 'J23', 'J24', 'J25', 'J26', 'J27', 'J28', 'J29', 'J30']
- Machine states:
  - Machine M1: Time=0.00, Idle=434.00, Material=None
  - Machine M2: Time=244.00, Idle=190.00, Material=Citybike_Laufraeder_montiert
  - Machine M3: Time=434.00, Idle=0.00, Material=E-Bike_Rahmen_nachbearbeitet
==================================================

2025-06-18 13:45:28,308 - JSPGymEnvironment - INFO - Material change on machine M2: Citybike_Laufraeder_montiert -> Mountainbike_Rahmen_nachbearbeitet, setup time: 20
2025-06-18 13:45:28,308 - JSPGymEnvironment - INFO - Executed operation: Job J22, Op 0, Machine M2, Start: 454, End: 477, Setup: 20
2025-06-18 13:45:28,309 - JSPGymEnvironment - INFO - 
===== REWARD DETAILS FOR STEP 9 =====
Job: J22, Operation: 0, Job Completed: False
Current Time: 434.00 -> 477.00, Setup Time: 20.00
Processing Time: 23.00, Idle Time: 0.00
Completed Jobs: 0/30
Machine: M2, Material: Mountainbike_Rahmen_nachbearbeitet

REWARD COMPONENTS:
- makespan_reward: -0.2150
- setup_reward: -5.0000
- deadline_reward: 0.0000
- priority_reward: 0.0000
- critical_job_reward: 0.0000
- placement_reward: 0.0000
- timeliness_reward: 9.2893
- machine_idle_penalty: -6.5500

TOTAL REWARD: -2.4757

CUMULATIVE REWARD COMPONENTS:
- makespan_reward: -2.3850
- setup_reward: -34.0000
- deadline_reward: 0.0000
- priority_reward: 0.0000
- critical_job_reward: 2.0000
- placement_reward: -8.3333
- timeliness_reward: 83.1267
- machine_idle_penalty: -37.8000

CUMULATIVE TOTAL: 2.6084

CRITICAL STATE INFO:
- Valid actions: ['J1', 'J2', 'J3', 'J4', 'J5', 'J6', 'J7', 'J8', 'J9', 'J10', 'J11', 'J12', 'J13', 'J14', 'J15', 'J16', 'J17', 'J18', 'J19', 'J20', 'J21', 'J22', 'J23', 'J24', 'J25', 'J26', 'J27', 'J28', 'J29', 'J30']
- Machine states:
  - Machine M1: Time=0.00, Idle=477.00, Material=None
  - Machine M2: Time=477.00, Idle=0.00, Material=Mountainbike_Rahmen_nachbearbeitet
  - Machine M3: Time=434.00, Idle=43.00, Material=E-Bike_Rahmen_nachbearbeitet
==================================================

2025-06-18 13:45:28,387 - JSPGymEnvironment - INFO - Material change on machine M1:  -> Citybike_Antrieb_installiert, setup time: 0
2025-06-18 13:45:28,387 - JSPGymEnvironment - INFO - Executed operation: Job J10, Op 0, Machine M1, Start: 477, End: 514, Setup: 0
2025-06-18 13:45:28,387 - JSPGymEnvironment - INFO - 
===== REWARD DETAILS FOR STEP 10 =====
Job: J10, Operation: 0, Job Completed: False
Current Time: 477.00 -> 514.00, Setup Time: 0.00
Processing Time: 37.00, Idle Time: 0.00
Completed Jobs: 0/30
Machine: M1, Material: Citybike_Antrieb_installiert

REWARD COMPONENTS:
- makespan_reward: -0.1850
- setup_reward: 0.0000
- deadline_reward: 0.0000
- priority_reward: 0.0000
- critical_job_reward: 0.0000
- placement_reward: 0.0000
- timeliness_reward: 9.2957
- machine_idle_penalty: -1.4625

TOTAL REWARD: 7.6482

CUMULATIVE REWARD COMPONENTS:
- makespan_reward: -2.5700
- setup_reward: -34.0000
- deadline_reward: 0.0000
- priority_reward: 0.0000
- critical_job_reward: 2.0000
- placement_reward: -8.3333
- timeliness_reward: 92.4224
- machine_idle_penalty: -39.2625

CUMULATIVE TOTAL: 10.2566

CRITICAL STATE INFO:
- Valid actions: ['J1', 'J2', 'J3', 'J4', 'J5', 'J6', 'J7', 'J8', 'J9', 'J10', 'J11', 'J12', 'J13', 'J14', 'J15', 'J16', 'J17', 'J18', 'J19', 'J20', 'J21', 'J22', 'J23', 'J24', 'J25', 'J26', 'J27', 'J28', 'J29', 'J30']
- Machine states:
  - Machine M1: Time=514.00, Idle=0.00, Material=Citybike_Antrieb_installiert
  - Machine M2: Time=477.00, Idle=37.00, Material=Mountainbike_Rahmen_nachbearbeitet
  - Machine M3: Time=434.00, Idle=80.00, Material=E-Bike_Rahmen_nachbearbeitet
==================================================

2025-06-18 13:45:28,465 - JSPGymEnvironment - INFO - Material change on machine M3: E-Bike_Rahmen_nachbearbeitet -> Mountainbike_Tretlager_gefraest, setup time: 20
2025-06-18 13:45:28,465 - JSPGymEnvironment - INFO - Executed operation: Job J22, Op 1, Machine M3, Start: 534, End: 573, Setup: 20
2025-06-18 13:45:28,465 - JSPGymEnvironment - INFO - 
===== REWARD DETAILS FOR STEP 11 =====
Job: J22, Operation: 1, Job Completed: False
Current Time: 514.00 -> 573.00, Setup Time: 20.00
Processing Time: 39.00, Idle Time: 0.00
Completed Jobs: 0/30
Machine: M3, Material: Mountainbike_Tretlager_gefraest

REWARD COMPONENTS:
- makespan_reward: -0.2950
- setup_reward: -5.0000
- deadline_reward: 0.0000
- priority_reward: 0.0000
- critical_job_reward: 0.0000
- placement_reward: 0.0000
- timeliness_reward: 9.3045
- machine_idle_penalty: -1.9375

TOTAL REWARD: 2.0720

CUMULATIVE REWARD COMPONENTS:
- makespan_reward: -2.8650
- setup_reward: -39.0000
- deadline_reward: 0.0000
- priority_reward: 0.0000
- critical_job_reward: 2.0000
- placement_reward: -8.3333
- timeliness_reward: 101.7269
- machine_idle_penalty: -41.2000

CUMULATIVE TOTAL: 12.3286

CRITICAL STATE INFO:
- Valid actions: ['J1', 'J2', 'J3', 'J4', 'J5', 'J6', 'J7', 'J8', 'J9', 'J10', 'J11', 'J12', 'J13', 'J14', 'J15', 'J16', 'J17', 'J18', 'J19', 'J20', 'J21', 'J22', 'J23', 'J24', 'J25', 'J26', 'J27', 'J28', 'J29', 'J30']
- Machine states:
  - Machine M1: Time=514.00, Idle=59.00, Material=Citybike_Antrieb_installiert
  - Machine M2: Time=477.00, Idle=96.00, Material=Mountainbike_Rahmen_nachbearbeitet
  - Machine M3: Time=573.00, Idle=0.00, Material=Mountainbike_Tretlager_gefraest
==================================================

2025-06-18 13:45:28,549 - JSPGymEnvironment - INFO - Material change on machine M2: Mountainbike_Rahmen_nachbearbeitet -> E-Bike_Schaltauge_bearbeitet, setup time: 25
2025-06-18 13:45:28,549 - JSPGymEnvironment - INFO - Executed operation: Job J29, Op 1, Machine M2, Start: 598, End: 615, Setup: 25
2025-06-18 13:45:28,549 - JSPGymEnvironment - INFO - 
===== REWARD DETAILS FOR STEP 12 =====
Job: J29, Operation: 1, Job Completed: False
Current Time: 573.00 -> 615.00, Setup Time: 25.00
Processing Time: 17.00, Idle Time: 0.00
Completed Jobs: 0/30
Machine: M2, Material: E-Bike_Schaltauge_bearbeitet

REWARD COMPONENTS:
- makespan_reward: -0.2100
- setup_reward: -6.2500
- deadline_reward: 0.0000
- priority_reward: 0.0000
- critical_job_reward: 0.5000
- placement_reward: -2.5000
- timeliness_reward: 9.3094
- machine_idle_penalty: -1.7875

TOTAL REWARD: -0.9381

CUMULATIVE REWARD COMPONENTS:
- makespan_reward: -3.0750
- setup_reward: -45.2500
- deadline_reward: 0.0000
- priority_reward: 0.0000
- critical_job_reward: 2.5000
- placement_reward: -10.8333
- timeliness_reward: 111.0364
- machine_idle_penalty: -42.9875

CUMULATIVE TOTAL: 11.3905

CRITICAL STATE INFO:
- Valid actions: ['J1', 'J2', 'J3', 'J4', 'J5', 'J6', 'J7', 'J8', 'J9', 'J10', 'J11', 'J12', 'J13', 'J14', 'J15', 'J16', 'J17', 'J18', 'J19', 'J20', 'J21', 'J22', 'J23', 'J24', 'J25', 'J26', 'J27', 'J28', 'J29', 'J30']
- Machine states:
  - Machine M1: Time=514.00, Idle=101.00, Material=Citybike_Antrieb_installiert
  - Machine M2: Time=615.00, Idle=0.00, Material=E-Bike_Schaltauge_bearbeitet
  - Machine M3: Time=573.00, Idle=42.00, Material=Mountainbike_Tretlager_gefraest
==================================================

2025-06-18 13:45:28,702 - JSPGymEnvironment - INFO - Material change on machine M1: Citybike_Antrieb_installiert -> Citybike_Tretlageraufnahme_geschweisst, setup time: 40
2025-06-18 13:45:28,702 - JSPGymEnvironment - INFO - Executed operation: Job J4, Op 0, Machine M1, Start: 655, End: 676, Setup: 40
2025-06-18 13:45:28,702 - JSPGymEnvironment - INFO - 
===== REWARD DETAILS FOR STEP 13 =====
Job: J4, Operation: 0, Job Completed: False
Current Time: 615.00 -> 676.00, Setup Time: 40.00
Processing Time: 21.00, Idle Time: 0.00
Completed Jobs: 0/30
Machine: M1, Material: Citybike_Tretlageraufnahme_geschweisst

REWARD COMPONENTS:
- makespan_reward: -0.3050
- setup_reward: -10.0000
- deadline_reward: 0.0000
- priority_reward: 0.0000
- critical_job_reward: 0.0000
- placement_reward: -3.0000
- timeliness_reward: 9.3203
- machine_idle_penalty: -2.0500

TOTAL REWARD: -6.0347

CUMULATIVE REWARD COMPONENTS:
- makespan_reward: -3.3800
- setup_reward: -55.2500
- deadline_reward: 0.0000
- priority_reward: 0.0000
- critical_job_reward: 2.5000
- placement_reward: -13.8333
- timeliness_reward: 120.3566
- machine_idle_penalty: -45.0375

CUMULATIVE TOTAL: 5.3558

CRITICAL STATE INFO:
- Valid actions: ['J1', 'J2', 'J3', 'J4', 'J5', 'J6', 'J7', 'J8', 'J9', 'J10', 'J11', 'J12', 'J13', 'J14', 'J15', 'J16', 'J17', 'J18', 'J19', 'J20', 'J21', 'J22', 'J23', 'J24', 'J25', 'J26', 'J27', 'J28', 'J29', 'J30']
- Machine states:
  - Machine M1: Time=676.00, Idle=0.00, Material=Citybike_Tretlageraufnahme_geschweisst
  - Machine M2: Time=615.00, Idle=61.00, Material=E-Bike_Schaltauge_bearbeitet
  - Machine M3: Time=573.00, Idle=103.00, Material=Mountainbike_Tretlager_gefraest
==================================================

2025-06-18 13:45:28,779 - JSPGymEnvironment - INFO - Material change on machine M3: Mountainbike_Tretlager_gefraest -> Citybike_Bremsaufnahme_gebohrt, setup time: 18
2025-06-18 13:45:28,780 - JSPGymEnvironment - INFO - Executed operation: Job J10, Op 1, Machine M3, Start: 694, End: 736, Setup: 18
2025-06-18 13:45:28,780 - JSPGymEnvironment - INFO - 
===== REWARD DETAILS FOR STEP 14 =====
Job: J10, Operation: 1, Job Completed: False
Current Time: 676.00 -> 736.00, Setup Time: 18.00
Processing Time: 42.00, Idle Time: 0.00
Completed Jobs: 0/30
Machine: M3, Material: Citybike_Bremsaufnahme_gebohrt

REWARD COMPONENTS:
- makespan_reward: -0.3000
- setup_reward: -4.5000
- deadline_reward: 0.0000
- priority_reward: 0.0000
- critical_job_reward: 0.0000
- placement_reward: 0.0000
- timeliness_reward: 9.3169
- machine_idle_penalty: -2.2625

TOTAL REWARD: 2.2544

CUMULATIVE REWARD COMPONENTS:
- makespan_reward: -3.6800
- setup_reward: -59.7500
- deadline_reward: 0.0000
- priority_reward: 0.0000
- critical_job_reward: 2.5000
- placement_reward: -13.8333
- timeliness_reward: 129.6736
- machine_idle_penalty: -47.3000

CUMULATIVE TOTAL: 7.6102

CRITICAL STATE INFO:
- Valid actions: ['J1', 'J2', 'J3', 'J4', 'J5', 'J6', 'J7', 'J8', 'J9', 'J10', 'J11', 'J12', 'J13', 'J14', 'J15', 'J16', 'J17', 'J18', 'J19', 'J20', 'J21', 'J22', 'J23', 'J24', 'J25', 'J26', 'J27', 'J28', 'J29', 'J30']
- Machine states:
  - Machine M1: Time=676.00, Idle=60.00, Material=Citybike_Tretlageraufnahme_geschweisst
  - Machine M2: Time=615.00, Idle=121.00, Material=E-Bike_Schaltauge_bearbeitet
  - Machine M3: Time=736.00, Idle=0.00, Material=Citybike_Bremsaufnahme_gebohrt
==================================================

2025-06-18 13:45:28,856 - JSPGymEnvironment - INFO - Material change on machine M3: Citybike_Bremsaufnahme_gebohrt -> Citybike_Fahrrad_endmontiert, setup time: 15
2025-06-18 13:45:28,856 - JSPGymEnvironment - INFO - Executed operation: Job J8, Op 2, Machine M3, Start: 751, End: 800, Setup: 15
2025-06-18 13:45:28,857 - JSPGymEnvironment - INFO - 
===== REWARD DETAILS FOR STEP 15 =====
Job: J8, Operation: 2, Job Completed: False
Current Time: 736.00 -> 800.00, Setup Time: 15.00
Processing Time: 49.00, Idle Time: 0.00
Completed Jobs: 0/30
Machine: M3, Material: Citybike_Fahrrad_endmontiert

REWARD COMPONENTS:
- makespan_reward: -0.3200
- setup_reward: -3.7500
- deadline_reward: 0.0000
- priority_reward: 0.0000
- critical_job_reward: 0.0000
- placement_reward: 0.0000
- timeliness_reward: 9.3286
- machine_idle_penalty: -3.8625

TOTAL REWARD: 1.3961

CUMULATIVE REWARD COMPONENTS:
- makespan_reward: -4.0000
- setup_reward: -63.5000
- deadline_reward: 0.0000
- priority_reward: 0.0000
- critical_job_reward: 2.5000
- placement_reward: -13.8333
- timeliness_reward: 139.0022
- machine_idle_penalty: -51.1625

CUMULATIVE TOTAL: 9.0064

CRITICAL STATE INFO:
- Valid actions: ['J1', 'J2', 'J3', 'J4', 'J5', 'J6', 'J7', 'J8', 'J9', 'J10', 'J11', 'J12', 'J13', 'J14', 'J15', 'J16', 'J17', 'J18', 'J19', 'J20', 'J21', 'J22', 'J23', 'J24', 'J25', 'J26', 'J27', 'J28', 'J29', 'J30']
- Machine states:
  - Machine M1: Time=676.00, Idle=124.00, Material=Citybike_Tretlageraufnahme_geschweisst
  - Machine M2: Time=615.00, Idle=185.00, Material=E-Bike_Schaltauge_bearbeitet
  - Machine M3: Time=800.00, Idle=0.00, Material=Citybike_Fahrrad_endmontiert
==================================================

2025-06-18 13:45:29,012 - JSPGymEnvironment - INFO - Material change on machine M3: Citybike_Fahrrad_endmontiert -> E-Bike_Laufraeder_montiert, setup time: 20
2025-06-18 13:45:29,012 - JSPGymEnvironment - INFO - Executed operation: Job J21, Op 1, Machine M3, Start: 820, End: 868, Setup: 20
2025-06-18 13:45:29,012 - JSPGymEnvironment - INFO - 
===== REWARD DETAILS FOR STEP 16 =====
Job: J21, Operation: 1, Job Completed: False
Current Time: 800.00 -> 868.00, Setup Time: 20.00
Processing Time: 48.00, Idle Time: 0.00
Completed Jobs: 0/30
Machine: M3, Material: E-Bike_Laufraeder_montiert

REWARD COMPONENTS:
- makespan_reward: -0.3400
- setup_reward: -5.0000
- deadline_reward: 0.0000
- priority_reward: 0.0000
- critical_job_reward: 0.5000
- placement_reward: -2.5000
- timeliness_reward: 9.3138
- machine_idle_penalty: -5.5625

TOTAL REWARD: -3.5887

CUMULATIVE REWARD COMPONENTS:
- makespan_reward: -4.3400
- setup_reward: -68.5000
- deadline_reward: 0.0000
- priority_reward: 0.0000
- critical_job_reward: 3.0000
- placement_reward: -16.3333
- timeliness_reward: 148.3160
- machine_idle_penalty: -56.7250

CUMULATIVE TOTAL: 5.4176

CRITICAL STATE INFO:
- Valid actions: ['J1', 'J2', 'J3', 'J4', 'J5', 'J6', 'J7', 'J8', 'J9', 'J10', 'J11', 'J12', 'J13', 'J14', 'J15', 'J16', 'J17', 'J18', 'J19', 'J20', 'J21', 'J22', 'J23', 'J24', 'J25', 'J26', 'J27', 'J28', 'J29', 'J30']
- Machine states:
  - Machine M1: Time=676.00, Idle=192.00, Material=Citybike_Tretlageraufnahme_geschweisst
  - Machine M2: Time=615.00, Idle=253.00, Material=E-Bike_Schaltauge_bearbeitet
  - Machine M3: Time=868.00, Idle=0.00, Material=E-Bike_Laufraeder_montiert
==================================================

2025-06-18 13:45:29,090 - JSPGymEnvironment - INFO - Material change on machine M2: E-Bike_Schaltauge_bearbeitet -> E-Bike_Steuerrohr_ausgerieben, setup time: 20
2025-06-18 13:45:29,090 - JSPGymEnvironment - INFO - Executed operation: Job J19, Op 0, Machine M2, Start: 888, End: 918, Setup: 20
2025-06-18 13:45:29,091 - JSPGymEnvironment - INFO - 
===== REWARD DETAILS FOR STEP 17 =====
Job: J19, Operation: 0, Job Completed: False
Current Time: 868.00 -> 918.00, Setup Time: 20.00
Processing Time: 30.00, Idle Time: 0.00
Completed Jobs: 0/30
Machine: M2, Material: E-Bike_Steuerrohr_ausgerieben

REWARD COMPONENTS:
- makespan_reward: -0.2500
- setup_reward: -5.0000
- deadline_reward: 0.0000
- priority_reward: 0.0000
- critical_job_reward: 0.5000
- placement_reward: -1.6667
- timeliness_reward: 9.3040
- machine_idle_penalty: -3.6500

TOTAL REWARD: -0.7626

CUMULATIVE REWARD COMPONENTS:
- makespan_reward: -4.5900
- setup_reward: -73.5000
- deadline_reward: 0.0000
- priority_reward: 0.0000
- critical_job_reward: 3.5000
- placement_reward: -18.0000
- timeliness_reward: 157.6200
- machine_idle_penalty: -60.3750

CUMULATIVE TOTAL: 4.6550

CRITICAL STATE INFO:
- Valid actions: ['J1', 'J2', 'J3', 'J4', 'J5', 'J6', 'J7', 'J8', 'J9', 'J10', 'J11', 'J12', 'J13', 'J14', 'J15', 'J16', 'J17', 'J18', 'J19', 'J20', 'J21', 'J22', 'J23', 'J24', 'J25', 'J26', 'J27', 'J28', 'J29', 'J30']
- Machine states:
  - Machine M1: Time=676.00, Idle=242.00, Material=Citybike_Tretlageraufnahme_geschweisst
  - Machine M2: Time=918.00, Idle=0.00, Material=E-Bike_Steuerrohr_ausgerieben
  - Machine M3: Time=868.00, Idle=50.00, Material=E-Bike_Laufraeder_montiert
==================================================

2025-06-18 13:45:29,168 - JSPGymEnvironment - INFO - Material change on machine M2: E-Bike_Steuerrohr_ausgerieben -> Mountainbike_Hauptrahmen_zugeschnitten, setup time: 29
2025-06-18 13:45:29,168 - JSPGymEnvironment - INFO - Executed operation: Job J7, Op 0, Machine M2, Start: 947, End: 974, Setup: 29
2025-06-18 13:45:29,168 - JSPGymEnvironment - INFO - 
===== REWARD DETAILS FOR STEP 18 =====
Job: J7, Operation: 0, Job Completed: False
Current Time: 918.00 -> 974.00, Setup Time: 29.00
Processing Time: 27.00, Idle Time: 0.00
Completed Jobs: 0/30
Machine: M2, Material: Mountainbike_Hauptrahmen_zugeschnitten

REWARD COMPONENTS:
- makespan_reward: -0.2800
- setup_reward: -7.2500
- deadline_reward: 0.0000
- priority_reward: 0.0000
- critical_job_reward: 0.0000
- placement_reward: 0.0000
- timeliness_reward: 9.3061
- machine_idle_penalty: -5.0500

TOTAL REWARD: -3.2739

CUMULATIVE REWARD COMPONENTS:
- makespan_reward: -4.8700
- setup_reward: -80.7500
- deadline_reward: 0.0000
- priority_reward: 0.0000
- critical_job_reward: 3.5000
- placement_reward: -18.0000
- timeliness_reward: 166.9261
- machine_idle_penalty: -65.4250

CUMULATIVE TOTAL: 1.3811

CRITICAL STATE INFO:
- Valid actions: ['J1', 'J2', 'J3', 'J4', 'J5', 'J6', 'J7', 'J8', 'J9', 'J10', 'J11', 'J12', 'J13', 'J14', 'J15', 'J16', 'J17', 'J18', 'J19', 'J20', 'J21', 'J22', 'J23', 'J24', 'J25', 'J26', 'J27', 'J28', 'J29', 'J30']
- Machine states:
  - Machine M1: Time=676.00, Idle=298.00, Material=Citybike_Tretlageraufnahme_geschweisst
  - Machine M2: Time=974.00, Idle=0.00, Material=Mountainbike_Hauptrahmen_zugeschnitten
  - Machine M3: Time=868.00, Idle=106.00, Material=E-Bike_Laufraeder_montiert
==================================================

2025-06-18 13:45:29,246 - JSPGymEnvironment - INFO - Material change on machine M3: E-Bike_Laufraeder_montiert -> Mountainbike_Laufraeder_montiert, setup time: 20
2025-06-18 13:45:29,246 - JSPGymEnvironment - INFO - Executed operation: Job J6, Op 0, Machine M3, Start: 994, End: 1021, Setup: 20
2025-06-18 13:45:29,246 - JSPGymEnvironment - INFO - 
===== REWARD DETAILS FOR STEP 19 =====
Job: J6, Operation: 0, Job Completed: False
Current Time: 974.00 -> 1021.00, Setup Time: 20.00
Processing Time: 27.00, Idle Time: 0.00
Completed Jobs: 0/30
Machine: M3, Material: Mountainbike_Laufraeder_montiert

REWARD COMPONENTS:
- makespan_reward: -0.2350
- setup_reward: -5.0000
- deadline_reward: 0.0000
- priority_reward: 0.0000
- critical_job_reward: 0.5000
- placement_reward: -0.8333
- timeliness_reward: 9.2799
- machine_idle_penalty: -4.9000

TOTAL REWARD: -1.1885

CUMULATIVE REWARD COMPONENTS:
- makespan_reward: -5.1050
- setup_reward: -85.7500
- deadline_reward: 0.0000
- priority_reward: 0.0000
- critical_job_reward: 4.0000
- placement_reward: -18.8333
- timeliness_reward: 176.2059
- machine_idle_penalty: -70.3250

CUMULATIVE TOTAL: 0.1926

CRITICAL STATE INFO:
- Valid actions: ['J1', 'J2', 'J3', 'J4', 'J5', 'J6', 'J7', 'J8', 'J9', 'J10', 'J11', 'J12', 'J13', 'J14', 'J15', 'J16', 'J17', 'J18', 'J19', 'J20', 'J21', 'J22', 'J23', 'J24', 'J25', 'J26', 'J27', 'J28', 'J29', 'J30']
- Machine states:
  - Machine M1: Time=676.00, Idle=345.00, Material=Citybike_Tretlageraufnahme_geschweisst
  - Machine M2: Time=974.00, Idle=47.00, Material=Mountainbike_Hauptrahmen_zugeschnitten
  - Machine M3: Time=1021.00, Idle=0.00, Material=Mountainbike_Laufraeder_montiert
==================================================

2025-06-18 13:45:29,406 - JSPGymEnvironment - INFO - Material change on machine M3: Mountainbike_Laufraeder_montiert -> Mountainbike_Tretlageraufnahme_geschweisst, setup time: 15
2025-06-18 13:45:29,406 - JSPGymEnvironment - INFO - Executed operation: Job J20, Op 0, Machine M3, Start: 1036, End: 1062, Setup: 15
2025-06-18 13:45:29,407 - JSPGymEnvironment - INFO - 
===== REWARD DETAILS FOR STEP 20 =====
Job: J20, Operation: 0, Job Completed: False
Current Time: 1021.00 -> 1062.00, Setup Time: 15.00
Processing Time: 26.00, Idle Time: 0.00
Completed Jobs: 0/30
Machine: M3, Material: Mountainbike_Tretlageraufnahme_geschweisst

REWARD COMPONENTS:
- makespan_reward: -0.2050
- setup_reward: -3.7500
- deadline_reward: 0.0000
- priority_reward: 0.0000
- critical_job_reward: 0.0000
- placement_reward: 0.0000
- timeliness_reward: 9.2745
- machine_idle_penalty: -5.9250

TOTAL REWARD: -0.6055

CUMULATIVE REWARD COMPONENTS:
- makespan_reward: -5.3100
- setup_reward: -89.5000
- deadline_reward: 0.0000
- priority_reward: 0.0000
- critical_job_reward: 4.0000
- placement_reward: -18.8333
- timeliness_reward: 185.4805
- machine_idle_penalty: -76.2500

CUMULATIVE TOTAL: -0.4129

CRITICAL STATE INFO:
- Valid actions: ['J1', 'J2', 'J3', 'J4', 'J5', 'J6', 'J7', 'J8', 'J9', 'J10', 'J11', 'J12', 'J13', 'J14', 'J15', 'J16', 'J17', 'J18', 'J19', 'J20', 'J21', 'J22', 'J23', 'J24', 'J25', 'J26', 'J27', 'J28', 'J29', 'J30']
- Machine states:
  - Machine M1: Time=676.00, Idle=386.00, Material=Citybike_Tretlageraufnahme_geschweisst
  - Machine M2: Time=974.00, Idle=88.00, Material=Mountainbike_Hauptrahmen_zugeschnitten
  - Machine M3: Time=1062.00, Idle=0.00, Material=Mountainbike_Tretlageraufnahme_geschweisst
==================================================

2025-06-18 13:45:29,482 - JSPGymEnvironment - INFO - Material change on machine M3: Mountainbike_Tretlageraufnahme_geschweisst -> E-Bike_Antrieb_installiert, setup time: 22
2025-06-18 13:45:29,482 - JSPGymEnvironment - INFO - Executed operation: Job J21, Op 2, Machine M3, Start: 1084, End: 1138, Setup: 22
2025-06-18 13:45:29,483 - JSPGymEnvironment - INFO - 
===== REWARD DETAILS FOR STEP 21 =====
Job: J21, Operation: 2, Job Completed: False
Current Time: 1062.00 -> 1138.00, Setup Time: 22.00
Processing Time: 54.00, Idle Time: 0.00
Completed Jobs: 0/30
Machine: M3, Material: E-Bike_Antrieb_installiert

REWARD COMPONENTS:
- makespan_reward: -0.3800
- setup_reward: -5.5000
- deadline_reward: 0.0000
- priority_reward: 0.0000
- critical_job_reward: 0.5000
- placement_reward: -2.5000
- timeliness_reward: 9.2369
- machine_idle_penalty: -7.8750

TOTAL REWARD: -6.5181

CUMULATIVE REWARD COMPONENTS:
- makespan_reward: -5.6900
- setup_reward: -95.0000
- deadline_reward: 0.0000
- priority_reward: 0.0000
- critical_job_reward: 4.5000
- placement_reward: -21.3333
- timeliness_reward: 194.7174
- machine_idle_penalty: -84.1250

CUMULATIVE TOTAL: -6.9310

CRITICAL STATE INFO:
- Valid actions: ['J1', 'J2', 'J3', 'J4', 'J5', 'J6', 'J7', 'J8', 'J9', 'J10', 'J11', 'J12', 'J13', 'J14', 'J15', 'J16', 'J17', 'J18', 'J19', 'J20', 'J21', 'J22', 'J23', 'J24', 'J25', 'J26', 'J27', 'J28', 'J29', 'J30']
- Machine states:
  - Machine M1: Time=676.00, Idle=462.00, Material=Citybike_Tretlageraufnahme_geschweisst
  - Machine M2: Time=974.00, Idle=164.00, Material=Mountainbike_Hauptrahmen_zugeschnitten
  - Machine M3: Time=1138.00, Idle=0.00, Material=E-Bike_Antrieb_installiert
==================================================

2025-06-18 13:45:29,561 - JSPGymEnvironment - INFO - Material change on machine M2: Mountainbike_Hauptrahmen_zugeschnitten -> Mountainbike_Rahmen_lackiert, setup time: 20
2025-06-18 13:45:29,561 - JSPGymEnvironment - INFO - Executed operation: Job J22, Op 2, Machine M2, Start: 1158, End: 1187, Setup: 20
2025-06-18 13:45:29,561 - JSPGymEnvironment - INFO - 
===== REWARD DETAILS FOR STEP 22 =====
Job: J22, Operation: 2, Job Completed: False
Current Time: 1138.00 -> 1187.00, Setup Time: 20.00
Processing Time: 29.00, Idle Time: 0.00
Completed Jobs: 0/30
Machine: M2, Material: Mountainbike_Rahmen_lackiert

REWARD COMPONENTS:
- makespan_reward: -0.2450
- setup_reward: -5.0000
- deadline_reward: 0.0000
- priority_reward: 0.0000
- critical_job_reward: 0.0000
- placement_reward: 0.0000
- timeliness_reward: 9.2067
- machine_idle_penalty: -7.0500

TOTAL REWARD: -3.0883

CUMULATIVE REWARD COMPONENTS:
- makespan_reward: -5.9350
- setup_reward: -100.0000
- deadline_reward: 0.0000
- priority_reward: 0.0000
- critical_job_reward: 4.5000
- placement_reward: -21.3333
- timeliness_reward: 203.9241
- machine_idle_penalty: -91.1750

CUMULATIVE TOTAL: -10.0193

CRITICAL STATE INFO:
- Valid actions: ['J1', 'J2', 'J3', 'J4', 'J5', 'J6', 'J7', 'J8', 'J9', 'J10', 'J11', 'J12', 'J13', 'J14', 'J15', 'J16', 'J17', 'J18', 'J19', 'J20', 'J21', 'J22', 'J23', 'J24', 'J25', 'J26', 'J27', 'J28', 'J29', 'J30']
- Machine states:
  - Machine M1: Time=676.00, Idle=511.00, Material=Citybike_Tretlageraufnahme_geschweisst
  - Machine M2: Time=1187.00, Idle=0.00, Material=Mountainbike_Rahmen_lackiert
  - Machine M3: Time=1138.00, Idle=49.00, Material=E-Bike_Antrieb_installiert
==================================================

2025-06-18 13:45:29,717 - JSPGymEnvironment - INFO - Material change on machine M3: E-Bike_Antrieb_installiert -> Citybike_Rahmen_lackiert, setup time: 16
2025-06-18 13:45:29,717 - JSPGymEnvironment - INFO - Executed operation: Job J8, Op 3, Machine M3, Start: 1203, End: 1229, Setup: 16
2025-06-18 13:45:29,717 - JSPGymEnvironment - INFO - 
===== REWARD DETAILS FOR STEP 23 =====
Job: J8, Operation: 3, Job Completed: False
Current Time: 1187.00 -> 1229.00, Setup Time: 16.00
Processing Time: 26.00, Idle Time: 0.00
Completed Jobs: 0/30
Machine: M3, Material: Citybike_Rahmen_lackiert

REWARD COMPONENTS:
- makespan_reward: -0.2100
- setup_reward: -4.0000
- deadline_reward: 0.0000
- priority_reward: 0.0000
- critical_job_reward: 0.0000
- placement_reward: 0.0000
- timeliness_reward: 9.1990
- machine_idle_penalty: -7.4875

TOTAL REWARD: -2.4985

CUMULATIVE REWARD COMPONENTS:
- makespan_reward: -6.1450
- setup_reward: -104.0000
- deadline_reward: 0.0000
- priority_reward: 0.0000
- critical_job_reward: 4.5000
- placement_reward: -21.3333
- timeliness_reward: 213.1230
- machine_idle_penalty: -98.6625

CUMULATIVE TOTAL: -12.5178

CRITICAL STATE INFO:
- Valid actions: ['J1', 'J2', 'J3', 'J4', 'J5', 'J6', 'J7', 'J8', 'J9', 'J10', 'J11', 'J12', 'J13', 'J14', 'J15', 'J16', 'J17', 'J18', 'J19', 'J20', 'J21', 'J22', 'J23', 'J24', 'J25', 'J26', 'J27', 'J28', 'J29', 'J30']
- Machine states:
  - Machine M1: Time=676.00, Idle=553.00, Material=Citybike_Tretlageraufnahme_geschweisst
  - Machine M2: Time=1187.00, Idle=42.00, Material=Mountainbike_Rahmen_lackiert
  - Machine M3: Time=1229.00, Idle=0.00, Material=Citybike_Rahmen_lackiert
==================================================

2025-06-18 13:45:29,796 - JSPGymEnvironment - INFO - Material change on machine M1: Citybike_Tretlageraufnahme_geschweisst -> Racebike_Antrieb_installiert, setup time: 44
2025-06-18 13:45:29,796 - JSPGymEnvironment - INFO - Executed operation: Job J1, Op 1, Machine M1, Start: 1273, End: 1316, Setup: 44
2025-06-18 13:45:29,796 - JSPGymEnvironment - INFO - 
===== REWARD DETAILS FOR STEP 24 =====
Job: J1, Operation: 1, Job Completed: False
Current Time: 1229.00 -> 1316.00, Setup Time: 44.00
Processing Time: 43.00, Idle Time: 0.00
Completed Jobs: 0/30
Machine: M1, Material: Racebike_Antrieb_installiert

REWARD COMPONENTS:
- makespan_reward: -0.4350
- setup_reward: -11.0000
- deadline_reward: 0.0000
- priority_reward: 0.0000
- critical_job_reward: 0.5000
- placement_reward: -0.8333
- timeliness_reward: 9.1278
- machine_idle_penalty: -2.7000

TOTAL REWARD: -5.3406

CUMULATIVE REWARD COMPONENTS:
- makespan_reward: -6.5800
- setup_reward: -115.0000
- deadline_reward: 0.0000
- priority_reward: 0.0000
- critical_job_reward: 5.0000
- placement_reward: -22.1667
- timeliness_reward: 222.2508
- machine_idle_penalty: -101.3625

CUMULATIVE TOTAL: -17.8583

CRITICAL STATE INFO:
- Valid actions: ['J1', 'J2', 'J3', 'J4', 'J5', 'J6', 'J7', 'J8', 'J9', 'J10', 'J11', 'J12', 'J13', 'J14', 'J15', 'J16', 'J17', 'J18', 'J19', 'J20', 'J21', 'J22', 'J23', 'J24', 'J25', 'J26', 'J27', 'J28', 'J29', 'J30']
- Machine states:
  - Machine M1: Time=1316.00, Idle=0.00, Material=Racebike_Antrieb_installiert
  - Machine M2: Time=1187.00, Idle=129.00, Material=Mountainbike_Rahmen_lackiert
  - Machine M3: Time=1229.00, Idle=87.00, Material=Citybike_Rahmen_lackiert
==================================================

2025-06-18 13:45:29,874 - JSPGymEnvironment - INFO - Material change on machine M1: Racebike_Antrieb_installiert -> Citybike_Rahmen_komplettiert, setup time: 45
2025-06-18 13:45:29,874 - JSPGymEnvironment - INFO - Executed operation: Job J3, Op 0, Machine M1, Start: 1361, End: 1387, Setup: 45
2025-06-18 13:45:29,874 - JSPGymEnvironment - INFO - 
===== REWARD DETAILS FOR STEP 25 =====
Job: J3, Operation: 0, Job Completed: False
Current Time: 1316.00 -> 1387.00, Setup Time: 45.00
Processing Time: 26.00, Idle Time: 0.00
Completed Jobs: 0/30
Machine: M1, Material: Citybike_Rahmen_komplettiert

REWARD COMPONENTS:
- makespan_reward: -0.3550
- setup_reward: -11.2500
- deadline_reward: 0.0000
- priority_reward: 0.0000
- critical_job_reward: 0.0000
- placement_reward: 0.0000
- timeliness_reward: 9.0424
- machine_idle_penalty: -4.4750

TOTAL REWARD: -7.0376

CUMULATIVE REWARD COMPONENTS:
- makespan_reward: -6.9350
- setup_reward: -126.2500
- deadline_reward: 0.0000
- priority_reward: 0.0000
- critical_job_reward: 5.0000
- placement_reward: -22.1667
- timeliness_reward: 231.2932
- machine_idle_penalty: -105.8375

CUMULATIVE TOTAL: -24.8960

CRITICAL STATE INFO:
- Valid actions: ['J1', 'J2', 'J3', 'J4', 'J5', 'J6', 'J7', 'J8', 'J9', 'J10', 'J11', 'J12', 'J13', 'J14', 'J15', 'J16', 'J17', 'J18', 'J19', 'J20', 'J21', 'J22', 'J23', 'J24', 'J25', 'J26', 'J27', 'J28', 'J29', 'J30']
- Machine states:
  - Machine M1: Time=1387.00, Idle=0.00, Material=Citybike_Rahmen_komplettiert
  - Machine M2: Time=1187.00, Idle=200.00, Material=Mountainbike_Rahmen_lackiert
  - Machine M3: Time=1229.00, Idle=158.00, Material=Citybike_Rahmen_lackiert
==================================================

2025-06-18 13:45:29,953 - JSPGymEnvironment - INFO - Material change on machine M2: Mountainbike_Rahmen_lackiert -> E-Bike_Rahmen_komplettiert, setup time: 25
2025-06-18 13:45:29,953 - JSPGymEnvironment - INFO - Executed operation: Job J21, Op 3, Machine M2, Start: 1412, End: 1431, Setup: 25
2025-06-18 13:45:29,953 - JSPGymEnvironment - INFO - 
===== REWARD DETAILS FOR STEP 26 =====
Job: J21, Operation: 3, Job Completed: False
Current Time: 1387.00 -> 1431.00, Setup Time: 25.00
Processing Time: 19.00, Idle Time: 0.00
Completed Jobs: 0/30
Machine: M2, Material: E-Bike_Rahmen_komplettiert

REWARD COMPONENTS:
- makespan_reward: -0.2200
- setup_reward: -6.2500
- deadline_reward: 0.0000
- priority_reward: 0.0000
- critical_job_reward: 0.5000
- placement_reward: -2.5000
- timeliness_reward: 8.9967
- machine_idle_penalty: -3.0750

TOTAL REWARD: -2.5483

CUMULATIVE REWARD COMPONENTS:
- makespan_reward: -7.1550
- setup_reward: -132.5000
- deadline_reward: 0.0000
- priority_reward: 0.0000
- critical_job_reward: 5.5000
- placement_reward: -24.6667
- timeliness_reward: 240.2900
- machine_idle_penalty: -108.9125

CUMULATIVE TOTAL: -27.4442

CRITICAL STATE INFO:
- Valid actions: ['J1', 'J2', 'J3', 'J4', 'J5', 'J6', 'J7', 'J8', 'J9', 'J10', 'J11', 'J12', 'J13', 'J14', 'J15', 'J16', 'J17', 'J18', 'J19', 'J20', 'J21', 'J22', 'J23', 'J24', 'J25', 'J26', 'J27', 'J28', 'J29', 'J30']
- Machine states:
  - Machine M1: Time=1387.00, Idle=44.00, Material=Citybike_Rahmen_komplettiert
  - Machine M2: Time=1431.00, Idle=0.00, Material=E-Bike_Rahmen_komplettiert
  - Machine M3: Time=1229.00, Idle=202.00, Material=Citybike_Rahmen_lackiert
==================================================

2025-06-18 13:45:30,107 - JSPGymEnvironment - INFO - Material change on machine M2: E-Bike_Rahmen_komplettiert -> Mountainbike_Schaltauge_bearbeitet, setup time: 29
2025-06-18 13:45:30,108 - JSPGymEnvironment - INFO - Executed operation: Job J20, Op 1, Machine M2, Start: 1460, End: 1483, Setup: 29
2025-06-18 13:45:30,108 - JSPGymEnvironment - INFO - 
===== REWARD DETAILS FOR STEP 27 =====
Job: J20, Operation: 1, Job Completed: False
Current Time: 1431.00 -> 1483.00, Setup Time: 29.00
Processing Time: 23.00, Idle Time: 0.00
Completed Jobs: 0/30
Machine: M2, Material: Mountainbike_Schaltauge_bearbeitet

REWARD COMPONENTS:
- makespan_reward: -0.2600
- setup_reward: -7.2500
- deadline_reward: 0.0000
- priority_reward: 0.0000
- critical_job_reward: 0.0000
- placement_reward: 0.0000
- timeliness_reward: 8.9369
- machine_idle_penalty: -4.3750

TOTAL REWARD: -2.9481

CUMULATIVE REWARD COMPONENTS:
- makespan_reward: -7.4150
- setup_reward: -139.7500
- deadline_reward: 0.0000
- priority_reward: 0.0000
- critical_job_reward: 5.5000
- placement_reward: -24.6667
- timeliness_reward: 249.2268
- machine_idle_penalty: -113.2875

CUMULATIVE TOTAL: -30.3923

CRITICAL STATE INFO:
- Valid actions: ['J1', 'J2', 'J3', 'J4', 'J5', 'J6', 'J7', 'J8', 'J9', 'J10', 'J11', 'J12', 'J13', 'J14', 'J15', 'J16', 'J17', 'J18', 'J19', 'J20', 'J21', 'J22', 'J23', 'J24', 'J25', 'J26', 'J27', 'J28', 'J29', 'J30']
- Machine states:
  - Machine M1: Time=1387.00, Idle=96.00, Material=Citybike_Rahmen_komplettiert
  - Machine M2: Time=1483.00, Idle=0.00, Material=Mountainbike_Schaltauge_bearbeitet
  - Machine M3: Time=1229.00, Idle=254.00, Material=Citybike_Rahmen_lackiert
==================================================

2025-06-18 13:45:30,185 - JSPGymEnvironment - INFO - Material change on machine M1: Citybike_Rahmen_komplettiert -> Mountainbike_Laufraeder_montiert, setup time: 30
2025-06-18 13:45:30,185 - JSPGymEnvironment - INFO - Executed operation: Job J22, Op 3, Machine M1, Start: 1513, End: 1548, Setup: 30
2025-06-18 13:45:30,186 - JSPGymEnvironment - INFO - 
===== REWARD DETAILS FOR STEP 28 =====
Job: J22, Operation: 3, Job Completed: False
Current Time: 1483.00 -> 1548.00, Setup Time: 30.00
Processing Time: 35.00, Idle Time: 0.00
Completed Jobs: 0/30
Machine: M1, Material: Mountainbike_Laufraeder_montiert

REWARD COMPONENTS:
- makespan_reward: -0.3250
- setup_reward: -7.5000
- deadline_reward: 0.0000
- priority_reward: 0.0000
- critical_job_reward: 0.0000
- placement_reward: 0.0000
- timeliness_reward: 8.8286
- machine_idle_penalty: -4.8000

TOTAL REWARD: -3.7964

CUMULATIVE REWARD COMPONENTS:
- makespan_reward: -7.7400
- setup_reward: -147.2500
- deadline_reward: 0.0000
- priority_reward: 0.0000
- critical_job_reward: 5.5000
- placement_reward: -24.6667
- timeliness_reward: 258.0554
- machine_idle_penalty: -118.0875

CUMULATIVE TOTAL: -34.1887

CRITICAL STATE INFO:
- Valid actions: ['J1', 'J2', 'J3', 'J4', 'J5', 'J6', 'J7', 'J8', 'J9', 'J10', 'J11', 'J12', 'J13', 'J14', 'J15', 'J16', 'J17', 'J18', 'J19', 'J20', 'J21', 'J22', 'J23', 'J24', 'J25', 'J26', 'J27', 'J28', 'J29', 'J30']
- Machine states:
  - Machine M1: Time=1548.00, Idle=0.00, Material=Mountainbike_Laufraeder_montiert
  - Machine M2: Time=1483.00, Idle=65.00, Material=Mountainbike_Schaltauge_bearbeitet
  - Machine M3: Time=1229.00, Idle=319.00, Material=Citybike_Rahmen_lackiert
==================================================

2025-06-18 13:45:30,264 - JSPGymEnvironment - INFO - Material change on machine M2: Mountainbike_Schaltauge_bearbeitet -> E-Bike_Rahmen_lackiert, setup time: 25
2025-06-18 13:45:30,264 - JSPGymEnvironment - INFO - Executed operation: Job J15, Op 0, Machine M2, Start: 1573, End: 1593, Setup: 25
2025-06-18 13:45:30,264 - JSPGymEnvironment - INFO - 
===== REWARD DETAILS FOR STEP 29 =====
Job: J15, Operation: 0, Job Completed: False
Current Time: 1548.00 -> 1593.00, Setup Time: 25.00
Processing Time: 20.00, Idle Time: 0.00
Completed Jobs: 0/30
Machine: M2, Material: E-Bike_Rahmen_lackiert

REWARD COMPONENTS:
- makespan_reward: -0.2250
- setup_reward: -6.2500
- deadline_reward: 0.0000
- priority_reward: 0.0000
- critical_job_reward: 0.5000
- placement_reward: -1.6667
- timeliness_reward: 8.8430
- machine_idle_penalty: -5.1125

TOTAL REWARD: -3.9112

CUMULATIVE REWARD COMPONENTS:
- makespan_reward: -7.9650
- setup_reward: -153.5000
- deadline_reward: 0.0000
- priority_reward: 0.0000
- critical_job_reward: 6.0000
- placement_reward: -26.3333
- timeliness_reward: 266.8984
- machine_idle_penalty: -123.2000

CUMULATIVE TOTAL: -38.0999

CRITICAL STATE INFO:
- Valid actions: ['J1', 'J2', 'J3', 'J4', 'J5', 'J6', 'J7', 'J8', 'J9', 'J10', 'J11', 'J12', 'J13', 'J14', 'J15', 'J16', 'J17', 'J18', 'J19', 'J20', 'J21', 'J22', 'J23', 'J24', 'J25', 'J26', 'J27', 'J28', 'J29', 'J30']
- Machine states:
  - Machine M1: Time=1548.00, Idle=45.00, Material=Mountainbike_Laufraeder_montiert
  - Machine M2: Time=1593.00, Idle=0.00, Material=E-Bike_Rahmen_lackiert
  - Machine M3: Time=1229.00, Idle=364.00, Material=Citybike_Rahmen_lackiert
==================================================

2025-06-18 13:45:30,418 - JSPGymEnvironment - INFO - Material change on machine M3: Citybike_Rahmen_lackiert -> Mountainbike_Steuerrohr_montiert, setup time: 15
2025-06-18 13:45:30,418 - JSPGymEnvironment - INFO - Executed operation: Job J22, Op 4, Machine M3, Start: 1608, End: 1630, Setup: 15
2025-06-18 13:45:30,418 - JSPGymEnvironment - INFO - 
===== REWARD DETAILS FOR STEP 30 =====
Job: J22, Operation: 4, Job Completed: False
Current Time: 1593.00 -> 1630.00, Setup Time: 15.00
Processing Time: 22.00, Idle Time: 0.00
Completed Jobs: 0/30
Machine: M3, Material: Mountainbike_Steuerrohr_montiert

REWARD COMPONENTS:
- makespan_reward: -0.1850
- setup_reward: -3.7500
- deadline_reward: 0.0000
- priority_reward: 0.0000
- critical_job_reward: 0.0000
- placement_reward: 0.0000
- timeliness_reward: 8.6841
- machine_idle_penalty: -1.4875

TOTAL REWARD: 3.2616

CUMULATIVE REWARD COMPONENTS:
- makespan_reward: -8.1500
- setup_reward: -157.2500
- deadline_reward: 0.0000
- priority_reward: 0.0000
- critical_job_reward: 6.0000
- placement_reward: -26.3333
- timeliness_reward: 275.5825
- machine_idle_penalty: -124.6875

CUMULATIVE TOTAL: -34.8383

CRITICAL STATE INFO:
- Valid actions: ['J1', 'J2', 'J3', 'J4', 'J5', 'J6', 'J7', 'J8', 'J9', 'J10', 'J11', 'J12', 'J13', 'J14', 'J15', 'J16', 'J17', 'J18', 'J19', 'J20', 'J21', 'J22', 'J23', 'J24', 'J25', 'J26', 'J27', 'J28', 'J29', 'J30']
- Machine states:
  - Machine M1: Time=1548.00, Idle=82.00, Material=Mountainbike_Laufraeder_montiert
  - Machine M2: Time=1593.00, Idle=37.00, Material=E-Bike_Rahmen_lackiert
  - Machine M3: Time=1630.00, Idle=0.00, Material=Mountainbike_Steuerrohr_montiert
==================================================

2025-06-18 13:45:30,496 - JSPGymEnvironment - INFO - Material change on machine M2: E-Bike_Rahmen_lackiert -> E-Bike_Laufraeder_montiert, setup time: 20
2025-06-18 13:45:30,497 - JSPGymEnvironment - INFO - Executed operation: Job J15, Op 1, Machine M2, Start: 1650, End: 1661, Setup: 20
2025-06-18 13:45:30,497 - JSPGymEnvironment - INFO - 
===== REWARD DETAILS FOR STEP 31 =====
Job: J15, Operation: 1, Job Completed: False
Current Time: 1630.00 -> 1661.00, Setup Time: 20.00
Processing Time: 11.00, Idle Time: 0.00
Completed Jobs: 0/30
Machine: M2, Material: E-Bike_Laufraeder_montiert

REWARD COMPONENTS:
- makespan_reward: -0.1550
- setup_reward: -5.0000
- deadline_reward: 0.0000
- priority_reward: 0.0000
- critical_job_reward: 0.5000
- placement_reward: -1.6667
- timeliness_reward: 8.7166
- machine_idle_penalty: -1.8000

TOTAL REWARD: 0.5950

CUMULATIVE REWARD COMPONENTS:
- makespan_reward: -8.3050
- setup_reward: -162.2500
- deadline_reward: 0.0000
- priority_reward: 0.0000
- critical_job_reward: 6.5000
- placement_reward: -28.0000
- timeliness_reward: 284.2991
- machine_idle_penalty: -126.4875

CUMULATIVE TOTAL: -34.2434

CRITICAL STATE INFO:
- Valid actions: ['J1', 'J2', 'J3', 'J4', 'J5', 'J6', 'J7', 'J8', 'J9', 'J10', 'J11', 'J12', 'J13', 'J14', 'J15', 'J16', 'J17', 'J18', 'J19', 'J20', 'J21', 'J22', 'J23', 'J24', 'J25', 'J26', 'J27', 'J28', 'J29', 'J30']
- Machine states:
  - Machine M1: Time=1548.00, Idle=113.00, Material=Mountainbike_Laufraeder_montiert
  - Machine M2: Time=1661.00, Idle=0.00, Material=E-Bike_Laufraeder_montiert
  - Machine M3: Time=1630.00, Idle=31.00, Material=Mountainbike_Steuerrohr_montiert
==================================================

2025-06-18 13:45:30,578 - JSPGymEnvironment - INFO - Material change on machine M3: Mountainbike_Steuerrohr_montiert -> Mountainbike_Rahmen_komplettiert, setup time: 15
2025-06-18 13:45:30,579 - JSPGymEnvironment - INFO - Executed operation: Job J22, Op 5, Machine M3, Start: 1676, End: 1703, Setup: 15
2025-06-18 13:45:30,579 - JSPGymEnvironment - INFO - Job J22 completed at time 1703, deadline: 2879, met: True, priority: 2
2025-06-18 13:45:30,579 - JSPGymEnvironment - INFO - 
===== REWARD DETAILS FOR STEP 32 =====
Job: J22, Operation: 5, Job Completed: True
Current Time: 1661.00 -> 1703.00, Setup Time: 15.00
Processing Time: 27.00, Idle Time: 0.00
Completed Jobs: 1/30
Machine: M3, Material: Mountainbike_Rahmen_komplettiert
Job Deadline: 2879.00 (Met), Priority: 2

REWARD COMPONENTS:
- makespan_reward: -0.2100
- setup_reward: -3.7500
- deadline_reward: 20.0000
- priority_reward: 8.0000
- critical_job_reward: 0.0000
- placement_reward: 0.0000
- timeliness_reward: 8.5317
- machine_idle_penalty: -2.4625

TOTAL REWARD: 30.1092

CUMULATIVE REWARD COMPONENTS:
- makespan_reward: -8.5150
- setup_reward: -166.0000
- deadline_reward: 20.0000
- priority_reward: 8.0000
- critical_job_reward: 6.5000
- placement_reward: -28.0000
- timeliness_reward: 292.8308
- machine_idle_penalty: -128.9500

CUMULATIVE TOTAL: -4.1342

CRITICAL STATE INFO:
- Valid actions: ['J1', 'J2', 'J3', 'J4', 'J5', 'J6', 'J7', 'J8', 'J9', 'J10', 'J11', 'J12', 'J13', 'J14', 'J15', 'J16', 'J17', 'J18', 'J19', 'J20', 'J21', 'J23', 'J24', 'J25', 'J26', 'J27', 'J28', 'J29', 'J30']
- Machine states:
  - Machine M1: Time=1548.00, Idle=155.00, Material=Mountainbike_Laufraeder_montiert
  - Machine M2: Time=1661.00, Idle=42.00, Material=E-Bike_Laufraeder_montiert
  - Machine M3: Time=1703.00, Idle=0.00, Material=Mountainbike_Rahmen_komplettiert
==================================================

2025-06-18 13:45:30,579 - JSPGymEnvironment - INFO - Retro-Bonus für Job J22: +10.0
2025-06-18 13:45:30,655 - JSPGymEnvironment - INFO - Material change on machine M1: Mountainbike_Laufraeder_montiert -> E-Bike_Bremsen_justiert, setup time: 50
2025-06-18 13:45:30,655 - JSPGymEnvironment - INFO - Executed operation: Job J15, Op 2, Machine M1, Start: 1753, End: 1775, Setup: 50
2025-06-18 13:45:30,656 - JSPGymEnvironment - INFO - 
===== REWARD DETAILS FOR STEP 33 =====
Job: J15, Operation: 2, Job Completed: False
Current Time: 1703.00 -> 1775.00, Setup Time: 50.00
Processing Time: 22.00, Idle Time: 0.00
Completed Jobs: 1/30
Machine: M1, Material: E-Bike_Bremsen_justiert

REWARD COMPONENTS:
- makespan_reward: -0.3600
- setup_reward: -12.5000
- deadline_reward: 0.0000
- priority_reward: 0.0000
- critical_job_reward: 0.5000
- placement_reward: -1.6667
- timeliness_reward: 8.4585
- machine_idle_penalty: -2.3250

TOTAL REWARD: -7.8932

CUMULATIVE REWARD COMPONENTS:
- makespan_reward: -8.8750
- setup_reward: -178.5000
- deadline_reward: 20.0000
- priority_reward: 8.0000
- critical_job_reward: 7.0000
- placement_reward: -29.6667
- timeliness_reward: 301.2894
- machine_idle_penalty: -131.2750

CUMULATIVE TOTAL: -12.0273

CRITICAL STATE INFO:
- Valid actions: ['J1', 'J2', 'J3', 'J4', 'J5', 'J6', 'J7', 'J8', 'J9', 'J10', 'J11', 'J12', 'J13', 'J14', 'J15', 'J16', 'J17', 'J18', 'J19', 'J20', 'J21', 'J23', 'J24', 'J25', 'J26', 'J27', 'J28', 'J29', 'J30']
- Machine states:
  - Machine M1: Time=1775.00, Idle=0.00, Material=E-Bike_Bremsen_justiert
  - Machine M2: Time=1661.00, Idle=114.00, Material=E-Bike_Laufraeder_montiert
  - Machine M3: Time=1703.00, Idle=72.00, Material=Mountainbike_Rahmen_komplettiert
==================================================

2025-06-18 13:45:30,809 - JSPGymEnvironment - INFO - Material change on machine M1: E-Bike_Bremsen_justiert -> E-Bike_Hinterbau_vorbereitet, setup time: 40
2025-06-18 13:45:30,809 - JSPGymEnvironment - INFO - Executed operation: Job J27, Op 0, Machine M1, Start: 1815, End: 1835, Setup: 40
2025-06-18 13:45:30,809 - JSPGymEnvironment - INFO - 
===== REWARD DETAILS FOR STEP 34 =====
Job: J27, Operation: 0, Job Completed: False
Current Time: 1775.00 -> 1835.00, Setup Time: 40.00
Processing Time: 20.00, Idle Time: 0.00
Completed Jobs: 1/30
Machine: M1, Material: E-Bike_Hinterbau_vorbereitet

REWARD COMPONENTS:
- makespan_reward: -0.3000
- setup_reward: -10.0000
- deadline_reward: 0.0000
- priority_reward: 0.0000
- critical_job_reward: 0.5000
- placement_reward: -1.6667
- timeliness_reward: 8.2839
- machine_idle_penalty: -3.8250

TOTAL REWARD: -7.0078

CUMULATIVE REWARD COMPONENTS:
- makespan_reward: -9.1750
- setup_reward: -188.5000
- deadline_reward: 20.0000
- priority_reward: 8.0000
- critical_job_reward: 7.5000
- placement_reward: -31.3333
- timeliness_reward: 309.5733
- machine_idle_penalty: -135.1000

CUMULATIVE TOTAL: -19.0351

CRITICAL STATE INFO:
- Valid actions: ['J1', 'J2', 'J3', 'J4', 'J5', 'J6', 'J7', 'J8', 'J9', 'J10', 'J11', 'J12', 'J13', 'J14', 'J15', 'J16', 'J17', 'J18', 'J19', 'J20', 'J21', 'J23', 'J24', 'J25', 'J26', 'J27', 'J28', 'J29', 'J30']
- Machine states:
  - Machine M1: Time=1835.00, Idle=0.00, Material=E-Bike_Hinterbau_vorbereitet
  - Machine M2: Time=1661.00, Idle=174.00, Material=E-Bike_Laufraeder_montiert
  - Machine M3: Time=1703.00, Idle=132.00, Material=Mountainbike_Rahmen_komplettiert
==================================================

2025-06-18 13:45:30,885 - JSPGymEnvironment - INFO - Material change on machine M3: Mountainbike_Rahmen_komplettiert -> E-Bike_Antrieb_installiert, setup time: 22
2025-06-18 13:45:30,886 - JSPGymEnvironment - INFO - Executed operation: Job J29, Op 2, Machine M3, Start: 1857, End: 1905, Setup: 22
2025-06-18 13:45:30,886 - JSPGymEnvironment - INFO - 
===== REWARD DETAILS FOR STEP 35 =====
Job: J29, Operation: 2, Job Completed: False
Current Time: 1835.00 -> 1905.00, Setup Time: 22.00
Processing Time: 48.00, Idle Time: 0.00
Completed Jobs: 1/30
Machine: M3, Material: E-Bike_Antrieb_installiert

REWARD COMPONENTS:
- makespan_reward: -0.3500
- setup_reward: -5.5000
- deadline_reward: 0.0000
- priority_reward: 0.0000
- critical_job_reward: 0.5000
- placement_reward: -2.5000
- timeliness_reward: 7.9770
- machine_idle_penalty: -3.9250

TOTAL REWARD: -3.7980

CUMULATIVE REWARD COMPONENTS:
- makespan_reward: -9.5250
- setup_reward: -194.0000
- deadline_reward: 20.0000
- priority_reward: 8.0000
- critical_job_reward: 8.0000
- placement_reward: -33.8333
- timeliness_reward: 317.5503
- machine_idle_penalty: -139.0250

CUMULATIVE TOTAL: -22.8331

CRITICAL STATE INFO:
- Valid actions: ['J1', 'J2', 'J3', 'J4', 'J5', 'J6', 'J7', 'J8', 'J9', 'J10', 'J11', 'J12', 'J13', 'J14', 'J15', 'J16', 'J17', 'J18', 'J19', 'J20', 'J21', 'J23', 'J24', 'J25', 'J26', 'J27', 'J28', 'J29', 'J30']
- Machine states:
  - Machine M1: Time=1835.00, Idle=70.00, Material=E-Bike_Hinterbau_vorbereitet
  - Machine M2: Time=1661.00, Idle=244.00, Material=E-Bike_Laufraeder_montiert
  - Machine M3: Time=1905.00, Idle=0.00, Material=E-Bike_Antrieb_installiert
==================================================

2025-06-18 13:45:30,963 - JSPGymEnvironment - INFO - Material change on machine M1: E-Bike_Hinterbau_vorbereitet -> Mountainbike_Hinterbau_vorbereitet, setup time: 59
2025-06-18 13:45:30,963 - JSPGymEnvironment - INFO - Executed operation: Job J23, Op 1, Machine M1, Start: 1964, End: 2009, Setup: 59
2025-06-18 13:45:30,964 - JSPGymEnvironment - INFO - 
===== REWARD DETAILS FOR STEP 36 =====
Job: J23, Operation: 1, Job Completed: False
Current Time: 1905.00 -> 2009.00, Setup Time: 59.00
Processing Time: 45.00, Idle Time: 0.00
Completed Jobs: 1/30
Machine: M1, Material: Mountainbike_Hinterbau_vorbereitet

REWARD COMPONENTS:
- makespan_reward: -0.5200
- setup_reward: -14.7500
- deadline_reward: 0.0000
- priority_reward: 0.0000
- critical_job_reward: 0.0000
- placement_reward: 0.0000
- timeliness_reward: 7.6054
- machine_idle_penalty: -5.6500

TOTAL REWARD: -13.3146

CUMULATIVE REWARD COMPONENTS:
- makespan_reward: -10.0450
- setup_reward: -208.7500
- deadline_reward: 20.0000
- priority_reward: 8.0000
- critical_job_reward: 8.0000
- placement_reward: -33.8333
- timeliness_reward: 325.1557
- machine_idle_penalty: -144.6750

CUMULATIVE TOTAL: -36.1476

CRITICAL STATE INFO:
- Valid actions: ['J1', 'J2', 'J3', 'J4', 'J5', 'J6', 'J7', 'J8', 'J9', 'J10', 'J11', 'J12', 'J13', 'J14', 'J15', 'J16', 'J17', 'J18', 'J19', 'J20', 'J21', 'J23', 'J24', 'J25', 'J26', 'J27', 'J28', 'J29', 'J30']
- Machine states:
  - Machine M1: Time=2009.00, Idle=0.00, Material=Mountainbike_Hinterbau_vorbereitet
  - Machine M2: Time=1661.00, Idle=348.00, Material=E-Bike_Laufraeder_montiert
  - Machine M3: Time=1905.00, Idle=104.00, Material=E-Bike_Antrieb_installiert
==================================================

2025-06-18 13:45:31,141 - JSPGymEnvironment - INFO - Material change on machine M2: E-Bike_Laufraeder_montiert -> E-Bike_Tretlager_gefraest, setup time: 20
2025-06-18 13:45:31,141 - JSPGymEnvironment - INFO - Executed operation: Job J28, Op 1, Machine M2, Start: 2029, End: 2059, Setup: 20
2025-06-18 13:45:31,142 - JSPGymEnvironment - INFO - 
===== REWARD DETAILS FOR STEP 37 =====
Job: J28, Operation: 1, Job Completed: False
Current Time: 2009.00 -> 2059.00, Setup Time: 20.00
Processing Time: 30.00, Idle Time: 0.00
Completed Jobs: 1/30
Machine: M2, Material: E-Bike_Tretlager_gefraest

REWARD COMPONENTS:
- makespan_reward: -0.2500
- setup_reward: -5.0000
- deadline_reward: 0.0000
- priority_reward: 0.0000
- critical_job_reward: 0.5000
- placement_reward: -2.5000
- timeliness_reward: 7.4044
- machine_idle_penalty: -2.5500

TOTAL REWARD: -2.3956

CUMULATIVE REWARD COMPONENTS:
- makespan_reward: -10.2950
- setup_reward: -213.7500
- deadline_reward: 20.0000
- priority_reward: 8.0000
- critical_job_reward: 8.5000
- placement_reward: -36.3333
- timeliness_reward: 332.5601
- machine_idle_penalty: -147.2250

CUMULATIVE TOTAL: -38.5432

CRITICAL STATE INFO:
- Valid actions: ['J1', 'J2', 'J3', 'J4', 'J5', 'J6', 'J7', 'J8', 'J9', 'J10', 'J11', 'J12', 'J13', 'J14', 'J15', 'J16', 'J17', 'J18', 'J19', 'J20', 'J21', 'J23', 'J24', 'J25', 'J26', 'J27', 'J28', 'J29', 'J30']
- Machine states:
  - Machine M1: Time=2009.00, Idle=50.00, Material=Mountainbike_Hinterbau_vorbereitet
  - Machine M2: Time=2059.00, Idle=0.00, Material=E-Bike_Tretlager_gefraest
  - Machine M3: Time=1905.00, Idle=154.00, Material=E-Bike_Antrieb_installiert
==================================================

2025-06-18 13:45:31,218 - JSPGymEnvironment - INFO - Material change on machine M2: E-Bike_Tretlager_gefraest -> Racebike_Rahmen_komplettiert, setup time: 29
2025-06-18 13:45:31,219 - JSPGymEnvironment - INFO - Executed operation: Job J17, Op 0, Machine M2, Start: 2088, End: 2111, Setup: 29
2025-06-18 13:45:31,219 - JSPGymEnvironment - INFO - 
===== REWARD DETAILS FOR STEP 38 =====
Job: J17, Operation: 0, Job Completed: False
Current Time: 2059.00 -> 2111.00, Setup Time: 29.00
Processing Time: 23.00, Idle Time: 0.00
Completed Jobs: 1/30
Machine: M2, Material: Racebike_Rahmen_komplettiert

REWARD COMPONENTS:
- makespan_reward: -0.2600
- setup_reward: -7.2500
- deadline_reward: 0.0000
- priority_reward: 0.0000
- critical_job_reward: 0.5000
- placement_reward: -1.6667
- timeliness_reward: 7.1798
- machine_idle_penalty: -3.8500

TOTAL REWARD: -5.3468

CUMULATIVE REWARD COMPONENTS:
- makespan_reward: -10.5550
- setup_reward: -221.0000
- deadline_reward: 20.0000
- priority_reward: 8.0000
- critical_job_reward: 9.0000
- placement_reward: -38.0000
- timeliness_reward: 339.7399
- machine_idle_penalty: -151.0750

CUMULATIVE TOTAL: -43.8901

CRITICAL STATE INFO:
- Valid actions: ['J1', 'J2', 'J3', 'J4', 'J5', 'J6', 'J7', 'J8', 'J9', 'J10', 'J11', 'J12', 'J13', 'J14', 'J15', 'J16', 'J17', 'J18', 'J19', 'J20', 'J21', 'J23', 'J24', 'J25', 'J26', 'J27', 'J28', 'J29', 'J30']
- Machine states:
  - Machine M1: Time=2009.00, Idle=102.00, Material=Mountainbike_Hinterbau_vorbereitet
  - Machine M2: Time=2111.00, Idle=0.00, Material=Racebike_Rahmen_komplettiert
  - Machine M3: Time=1905.00, Idle=206.00, Material=E-Bike_Antrieb_installiert
==================================================

2025-06-18 13:45:31,299 - JSPGymEnvironment - INFO - Material change on machine M3: E-Bike_Antrieb_installiert -> E-Bike_Fahrrad_endmontiert, setup time: 15
2025-06-18 13:45:31,299 - JSPGymEnvironment - INFO - Executed operation: Job J19, Op 1, Machine M3, Start: 2126, End: 2165, Setup: 15
2025-06-18 13:45:31,300 - JSPGymEnvironment - INFO - 
===== REWARD DETAILS FOR STEP 39 =====
Job: J19, Operation: 1, Job Completed: False
Current Time: 2111.00 -> 2165.00, Setup Time: 15.00
Processing Time: 39.00, Idle Time: 0.00
Completed Jobs: 1/30
Machine: M3, Material: E-Bike_Fahrrad_endmontiert

REWARD COMPONENTS:
- makespan_reward: -0.2700
- setup_reward: -3.7500
- deadline_reward: 0.0000
- priority_reward: 0.0000
- critical_job_reward: 0.5000
- placement_reward: -1.6667
- timeliness_reward: 6.9266
- machine_idle_penalty: -2.6250

TOTAL REWARD: -0.8851

CUMULATIVE REWARD COMPONENTS:
- makespan_reward: -10.8250
- setup_reward: -224.7500
- deadline_reward: 20.0000
- priority_reward: 8.0000
- critical_job_reward: 9.5000
- placement_reward: -39.6667
- timeliness_reward: 346.6665
- machine_idle_penalty: -153.7000

CUMULATIVE TOTAL: -44.7752

CRITICAL STATE INFO:
- Valid actions: ['J1', 'J2', 'J3', 'J4', 'J5', 'J6', 'J7', 'J8', 'J9', 'J10', 'J11', 'J12', 'J13', 'J14', 'J15', 'J16', 'J17', 'J18', 'J19', 'J20', 'J21', 'J23', 'J24', 'J25', 'J26', 'J27', 'J28', 'J29', 'J30']
- Machine states:
  - Machine M1: Time=2009.00, Idle=156.00, Material=Mountainbike_Hinterbau_vorbereitet
  - Machine M2: Time=2111.00, Idle=54.00, Material=Racebike_Rahmen_komplettiert
  - Machine M3: Time=2165.00, Idle=0.00, Material=E-Bike_Fahrrad_endmontiert
==================================================

2025-06-18 13:45:31,378 - JSPGymEnvironment - INFO - Material change on machine M1: Mountainbike_Hinterbau_vorbereitet -> E-Bike_Bremsen_justiert, setup time: 50
2025-06-18 13:45:31,379 - JSPGymEnvironment - INFO - Executed operation: Job J29, Op 3, Machine M1, Start: 2215, End: 2241, Setup: 50
2025-06-18 13:45:31,379 - JSPGymEnvironment - INFO - 
===== REWARD DETAILS FOR STEP 40 =====
Job: J29, Operation: 3, Job Completed: False
Current Time: 2165.00 -> 2241.00, Setup Time: 50.00
Processing Time: 26.00, Idle Time: 0.00
Completed Jobs: 1/30
Machine: M1, Material: E-Bike_Bremsen_justiert

REWARD COMPONENTS:
- makespan_reward: -0.3800
- setup_reward: -12.5000
- deadline_reward: 0.0000
- priority_reward: 0.0000
- critical_job_reward: 0.5000
- placement_reward: -2.5000
- timeliness_reward: 6.5319
- machine_idle_penalty: -2.5750

TOTAL REWARD: -10.9231

CUMULATIVE REWARD COMPONENTS:
- makespan_reward: -11.2050
- setup_reward: -237.2500
- deadline_reward: 20.0000
- priority_reward: 8.0000
- critical_job_reward: 10.0000
- placement_reward: -42.1667
- timeliness_reward: 353.1984
- machine_idle_penalty: -156.2750

CUMULATIVE TOTAL: -55.6982

CRITICAL STATE INFO:
- Valid actions: ['J1', 'J2', 'J3', 'J4', 'J5', 'J6', 'J7', 'J8', 'J9', 'J10', 'J11', 'J12', 'J13', 'J14', 'J15', 'J16', 'J17', 'J18', 'J19', 'J20', 'J21', 'J23', 'J24', 'J25', 'J26', 'J27', 'J28', 'J29', 'J30']
- Machine states:
  - Machine M1: Time=2241.00, Idle=0.00, Material=E-Bike_Bremsen_justiert
  - Machine M2: Time=2111.00, Idle=130.00, Material=Racebike_Rahmen_komplettiert
  - Machine M3: Time=2165.00, Idle=76.00, Material=E-Bike_Fahrrad_endmontiert
==================================================

2025-06-18 13:45:31,536 - JSPGymEnvironment - INFO - Material change on machine M3: E-Bike_Fahrrad_endmontiert -> Racebike_Bremsen_justiert, setup time: 24
2025-06-18 13:45:31,536 - JSPGymEnvironment - INFO - Executed operation: Job J24, Op 0, Machine M3, Start: 2265, End: 2308, Setup: 24
2025-06-18 13:45:31,536 - JSPGymEnvironment - INFO - 
===== REWARD DETAILS FOR STEP 41 =====
Job: J24, Operation: 0, Job Completed: False
Current Time: 2241.00 -> 2308.00, Setup Time: 24.00
Processing Time: 43.00, Idle Time: 0.00
Completed Jobs: 1/30
Machine: M3, Material: Racebike_Bremsen_justiert

REWARD COMPONENTS:
- makespan_reward: -0.3350
- setup_reward: -6.0000
- deadline_reward: 0.0000
- priority_reward: 0.0000
- critical_job_reward: 0.5000
- placement_reward: -1.6667
- timeliness_reward: 6.1667
- machine_idle_penalty: -3.3000

TOTAL REWARD: -4.6349

CUMULATIVE REWARD COMPONENTS:
- makespan_reward: -11.5400
- setup_reward: -243.2500
- deadline_reward: 20.0000
- priority_reward: 8.0000
- critical_job_reward: 10.5000
- placement_reward: -43.8333
- timeliness_reward: 359.3652
- machine_idle_penalty: -159.5750

CUMULATIVE TOTAL: -60.3332

CRITICAL STATE INFO:
- Valid actions: ['J1', 'J2', 'J3', 'J4', 'J5', 'J6', 'J7', 'J8', 'J9', 'J10', 'J11', 'J12', 'J13', 'J14', 'J15', 'J16', 'J17', 'J18', 'J19', 'J20', 'J21', 'J23', 'J24', 'J25', 'J26', 'J27', 'J28', 'J29', 'J30']
- Machine states:
  - Machine M1: Time=2241.00, Idle=67.00, Material=E-Bike_Bremsen_justiert
  - Machine M2: Time=2111.00, Idle=197.00, Material=Racebike_Rahmen_komplettiert
  - Machine M3: Time=2308.00, Idle=0.00, Material=Racebike_Bremsen_justiert
==================================================

2025-06-18 13:45:31,616 - JSPGymEnvironment - INFO - Material change on machine M2: Racebike_Rahmen_komplettiert -> E-Bike_Laufraeder_montiert, setup time: 29
2025-06-18 13:45:31,617 - JSPGymEnvironment - INFO - Executed operation: Job J29, Op 4, Machine M2, Start: 2337, End: 2354, Setup: 29
2025-06-18 13:45:31,617 - JSPGymEnvironment - INFO - Job J29 completed at time 2354, deadline: 2880, met: True, priority: 10
2025-06-18 13:45:31,617 - JSPGymEnvironment - INFO - 
===== REWARD DETAILS FOR STEP 42 =====
Job: J29, Operation: 4, Job Completed: True
Current Time: 2308.00 -> 2354.00, Setup Time: 29.00
Processing Time: 17.00, Idle Time: 0.00
Completed Jobs: 2/30
Machine: M2, Material: E-Bike_Laufraeder_montiert
Job Deadline: 2880.00 (Met), Priority: 10

REWARD COMPONENTS:
- makespan_reward: -0.2300
- setup_reward: -7.2500
- deadline_reward: 20.0000
- priority_reward: 40.0000
- critical_job_reward: 14.6917
- placement_reward: -2.5000
- timeliness_reward: 5.8250
- machine_idle_penalty: -1.9875

TOTAL REWARD: 68.5492

CUMULATIVE REWARD COMPONENTS:
- makespan_reward: -11.7700
- setup_reward: -250.5000
- deadline_reward: 40.0000
- priority_reward: 48.0000
- critical_job_reward: 25.1917
- placement_reward: -46.3333
- timeliness_reward: 365.1902
- machine_idle_penalty: -161.5625

CUMULATIVE TOTAL: 8.2160

CRITICAL STATE INFO:
- Valid actions: ['J1', 'J2', 'J3', 'J4', 'J5', 'J6', 'J7', 'J8', 'J9', 'J10', 'J11', 'J12', 'J13', 'J14', 'J15', 'J16', 'J17', 'J18', 'J19', 'J20', 'J21', 'J23', 'J24', 'J25', 'J26', 'J27', 'J28', 'J30']
- Machine states:
  - Machine M1: Time=2241.00, Idle=113.00, Material=E-Bike_Bremsen_justiert
  - Machine M2: Time=2354.00, Idle=0.00, Material=E-Bike_Laufraeder_montiert
  - Machine M3: Time=2308.00, Idle=46.00, Material=Racebike_Bremsen_justiert
==================================================

2025-06-18 13:45:31,617 - JSPGymEnvironment - INFO - Retro-Bonus für Job J29: +15.0
2025-06-18 13:45:31,696 - JSPGymEnvironment - INFO - Material change on machine M1: E-Bike_Bremsen_justiert -> Citybike_Antrieb_installiert, setup time: 48
2025-06-18 13:45:31,696 - JSPGymEnvironment - INFO - Executed operation: Job J5, Op 0, Machine M1, Start: 2402, End: 2424, Setup: 48
2025-06-18 13:45:31,696 - JSPGymEnvironment - INFO - 
===== REWARD DETAILS FOR STEP 43 =====
Job: J5, Operation: 0, Job Completed: False
Current Time: 2354.00 -> 2424.00, Setup Time: 48.00
Processing Time: 22.00, Idle Time: 0.00
Completed Jobs: 2/30
Machine: M1, Material: Citybike_Antrieb_installiert

REWARD COMPONENTS:
- makespan_reward: -0.3500
- setup_reward: -12.0000
- deadline_reward: 0.0000
- priority_reward: 0.0000
- critical_job_reward: 0.0000
- placement_reward: 0.0000
- timeliness_reward: 5.3503
- machine_idle_penalty: -2.3250

TOTAL REWARD: -9.3247

CUMULATIVE REWARD COMPONENTS:
- makespan_reward: -12.1200
- setup_reward: -262.5000
- deadline_reward: 40.0000
- priority_reward: 48.0000
- critical_job_reward: 25.1917
- placement_reward: -46.3333
- timeliness_reward: 370.5405
- machine_idle_penalty: -163.8875

CUMULATIVE TOTAL: -1.1087

CRITICAL STATE INFO:
- Valid actions: ['J1', 'J2', 'J3', 'J4', 'J5', 'J6', 'J7', 'J8', 'J9', 'J10', 'J11', 'J12', 'J13', 'J14', 'J15', 'J16', 'J17', 'J18', 'J19', 'J20', 'J21', 'J23', 'J24', 'J25', 'J26', 'J27', 'J28', 'J30']
- Machine states:
  - Machine M1: Time=2424.00, Idle=0.00, Material=Citybike_Antrieb_installiert
  - Machine M2: Time=2354.00, Idle=70.00, Material=E-Bike_Laufraeder_montiert
  - Machine M3: Time=2308.00, Idle=116.00, Material=Racebike_Bremsen_justiert
==================================================

2025-06-18 13:45:31,849 - JSPGymEnvironment - INFO - Material change on machine M1: Citybike_Antrieb_installiert -> Citybike_Schaltauge_bearbeitet, setup time: 40
2025-06-18 13:45:31,850 - JSPGymEnvironment - INFO - Executed operation: Job J18, Op 0, Machine M1, Start: 2464, End: 2500, Setup: 40
2025-06-18 13:45:31,850 - JSPGymEnvironment - INFO - 
===== REWARD DETAILS FOR STEP 44 =====
Job: J18, Operation: 0, Job Completed: False
Current Time: 2424.00 -> 2500.00, Setup Time: 40.00
Processing Time: 36.00, Idle Time: 0.00
Completed Jobs: 2/30
Machine: M1, Material: Citybike_Schaltauge_bearbeitet

REWARD COMPONENTS:
- makespan_reward: -0.3800
- setup_reward: -10.0000
- deadline_reward: 0.0000
- priority_reward: 0.0000
- critical_job_reward: 0.0000
- placement_reward: 0.0000
- timeliness_reward: 4.7753
- machine_idle_penalty: -4.2250

TOTAL REWARD: -9.8297

CUMULATIVE REWARD COMPONENTS:
- makespan_reward: -12.5000
- setup_reward: -272.5000
- deadline_reward: 40.0000
- priority_reward: 48.0000
- critical_job_reward: 25.1917
- placement_reward: -46.3333
- timeliness_reward: 375.3158
- machine_idle_penalty: -168.1125

CUMULATIVE TOTAL: -10.9384

CRITICAL STATE INFO:
- Valid actions: ['J1', 'J2', 'J3', 'J4', 'J5', 'J6', 'J7', 'J8', 'J9', 'J10', 'J11', 'J12', 'J13', 'J14', 'J15', 'J16', 'J17', 'J18', 'J19', 'J20', 'J21', 'J23', 'J24', 'J25', 'J26', 'J27', 'J28', 'J30']
- Machine states:
  - Machine M1: Time=2500.00, Idle=0.00, Material=Citybike_Schaltauge_bearbeitet
  - Machine M2: Time=2354.00, Idle=146.00, Material=E-Bike_Laufraeder_montiert
  - Machine M3: Time=2308.00, Idle=192.00, Material=Racebike_Bremsen_justiert
==================================================

2025-06-18 13:45:31,926 - JSPGymEnvironment - INFO - Material change on machine M3: Racebike_Bremsen_justiert -> Mountainbike_Steuerrohr_ausgerieben, setup time: 18
2025-06-18 13:45:31,926 - JSPGymEnvironment - INFO - Executed operation: Job J9, Op 0, Machine M3, Start: 2518, End: 2547, Setup: 18
2025-06-18 13:45:31,927 - JSPGymEnvironment - INFO - 
===== REWARD DETAILS FOR STEP 45 =====
Job: J9, Operation: 0, Job Completed: False
Current Time: 2500.00 -> 2547.00, Setup Time: 18.00
Processing Time: 29.00, Idle Time: 0.00
Completed Jobs: 2/30
Machine: M3, Material: Mountainbike_Steuerrohr_ausgerieben

REWARD COMPONENTS:
- makespan_reward: -0.2350
- setup_reward: -4.5000
- deadline_reward: 0.0000
- priority_reward: 0.0000
- critical_job_reward: 0.0000
- placement_reward: 0.0000
- timeliness_reward: 4.3553
- machine_idle_penalty: -3.0000

TOTAL REWARD: -3.3797

CUMULATIVE REWARD COMPONENTS:
- makespan_reward: -12.7350
- setup_reward: -277.0000
- deadline_reward: 40.0000
- priority_reward: 48.0000
- critical_job_reward: 25.1917
- placement_reward: -46.3333
- timeliness_reward: 379.6711
- machine_idle_penalty: -171.1125

CUMULATIVE TOTAL: -14.3181

CRITICAL STATE INFO:
- Valid actions: ['J1', 'J2', 'J3', 'J4', 'J5', 'J6', 'J7', 'J8', 'J9', 'J10', 'J11', 'J12', 'J13', 'J14', 'J15', 'J16', 'J17', 'J18', 'J19', 'J20', 'J21', 'J23', 'J24', 'J25', 'J26', 'J27', 'J28', 'J30']
- Machine states:
  - Machine M1: Time=2500.00, Idle=47.00, Material=Citybike_Schaltauge_bearbeitet
  - Machine M2: Time=2354.00, Idle=193.00, Material=E-Bike_Laufraeder_montiert
  - Machine M3: Time=2547.00, Idle=0.00, Material=Mountainbike_Steuerrohr_ausgerieben
==================================================

2025-06-18 13:45:32,005 - JSPGymEnvironment - INFO - Material change on machine M2: E-Bike_Laufraeder_montiert -> E-Bike_Antrieb_installiert, setup time: 20
2025-06-18 13:45:32,005 - JSPGymEnvironment - INFO - Executed operation: Job J27, Op 1, Machine M2, Start: 2567, End: 2580, Setup: 20
2025-06-18 13:45:32,006 - JSPGymEnvironment - INFO - 
===== REWARD DETAILS FOR STEP 46 =====
Job: J27, Operation: 1, Job Completed: False
Current Time: 2547.00 -> 2580.00, Setup Time: 20.00
Processing Time: 13.00, Idle Time: 0.00
Completed Jobs: 2/30
Machine: M2, Material: E-Bike_Antrieb_installiert

REWARD COMPONENTS:
- makespan_reward: -0.1650
- setup_reward: -5.0000
- deadline_reward: 0.0000
- priority_reward: 0.0000
- critical_job_reward: 0.5000
- placement_reward: -1.6667
- timeliness_reward: 4.1948
- machine_idle_penalty: -1.4125

TOTAL REWARD: -3.5494

CUMULATIVE REWARD COMPONENTS:
- makespan_reward: -12.9000
- setup_reward: -282.0000
- deadline_reward: 40.0000
- priority_reward: 48.0000
- critical_job_reward: 25.6917
- placement_reward: -48.0000
- timeliness_reward: 383.8659
- machine_idle_penalty: -172.5250

CUMULATIVE TOTAL: -17.8674

CRITICAL STATE INFO:
- Valid actions: ['J1', 'J2', 'J3', 'J4', 'J5', 'J6', 'J7', 'J8', 'J9', 'J10', 'J11', 'J12', 'J13', 'J14', 'J15', 'J16', 'J17', 'J18', 'J19', 'J20', 'J21', 'J23', 'J24', 'J25', 'J26', 'J27', 'J28', 'J30']
- Machine states:
  - Machine M1: Time=2500.00, Idle=80.00, Material=Citybike_Schaltauge_bearbeitet
  - Machine M2: Time=2580.00, Idle=0.00, Material=E-Bike_Antrieb_installiert
  - Machine M3: Time=2547.00, Idle=33.00, Material=Mountainbike_Steuerrohr_ausgerieben
==================================================

2025-06-18 13:45:32,082 - JSPGymEnvironment - INFO - Material change on machine M3: Mountainbike_Steuerrohr_ausgerieben -> Mountainbike_Bremsaufnahme_gebohrt, setup time: 15
2025-06-18 13:45:32,082 - JSPGymEnvironment - INFO - Executed operation: Job J20, Op 2, Machine M3, Start: 2595, End: 2645, Setup: 15
2025-06-18 13:45:32,083 - JSPGymEnvironment - INFO - 
===== REWARD DETAILS FOR STEP 47 =====
Job: J20, Operation: 2, Job Completed: False
Current Time: 2580.00 -> 2645.00, Setup Time: 15.00
Processing Time: 50.00, Idle Time: 0.00
Completed Jobs: 2/30
Machine: M3, Material: Mountainbike_Bremsaufnahme_gebohrt

REWARD COMPONENTS:
- makespan_reward: -0.3250
- setup_reward: -3.7500
- deadline_reward: 0.0000
- priority_reward: 0.0000
- critical_job_reward: 0.0000
- placement_reward: 0.0000
- timeliness_reward: 3.5675
- machine_idle_penalty: -2.6250

TOTAL REWARD: -3.1325

CUMULATIVE REWARD COMPONENTS:
- makespan_reward: -13.2250
- setup_reward: -285.7500
- deadline_reward: 40.0000
- priority_reward: 48.0000
- critical_job_reward: 25.6917
- placement_reward: -48.0000
- timeliness_reward: 387.4334
- machine_idle_penalty: -175.1500

CUMULATIVE TOTAL: -21.0000

CRITICAL STATE INFO:
- Valid actions: ['J1', 'J2', 'J3', 'J4', 'J5', 'J6', 'J7', 'J8', 'J9', 'J10', 'J11', 'J12', 'J13', 'J14', 'J15', 'J16', 'J17', 'J18', 'J19', 'J20', 'J21', 'J23', 'J24', 'J25', 'J26', 'J27', 'J28', 'J30']
- Machine states:
  - Machine M1: Time=2500.00, Idle=145.00, Material=Citybike_Schaltauge_bearbeitet
  - Machine M2: Time=2580.00, Idle=65.00, Material=E-Bike_Antrieb_installiert
  - Machine M3: Time=2645.00, Idle=0.00, Material=Mountainbike_Bremsaufnahme_gebohrt
==================================================

2025-06-18 13:45:32,238 - JSPGymEnvironment - INFO - Material change on machine M1: Citybike_Schaltauge_bearbeitet -> E-Bike_Steuerrohr_ausgerieben, setup time: 40
2025-06-18 13:45:32,238 - JSPGymEnvironment - INFO - Executed operation: Job J15, Op 3, Machine M1, Start: 2685, End: 2717, Setup: 40
2025-06-18 13:45:32,238 - JSPGymEnvironment - INFO - 
===== REWARD DETAILS FOR STEP 48 =====
Job: J15, Operation: 3, Job Completed: False
Current Time: 2645.00 -> 2717.00, Setup Time: 40.00
Processing Time: 32.00, Idle Time: 0.00
Completed Jobs: 2/30
Machine: M1, Material: E-Bike_Steuerrohr_ausgerieben

REWARD COMPONENTS:
- makespan_reward: -0.3600
- setup_reward: -10.0000
- deadline_reward: 0.0000
- priority_reward: 0.0000
- critical_job_reward: 0.5000
- placement_reward: -1.6667
- timeliness_reward: 3.0340
- machine_idle_penalty: -2.6125

TOTAL REWARD: -11.1052

CUMULATIVE REWARD COMPONENTS:
- makespan_reward: -13.5850
- setup_reward: -295.7500
- deadline_reward: 40.0000
- priority_reward: 48.0000
- critical_job_reward: 26.1917
- placement_reward: -49.6667
- timeliness_reward: 390.4674
- machine_idle_penalty: -177.7625

CUMULATIVE TOTAL: -32.1051

CRITICAL STATE INFO:
- Valid actions: ['J1', 'J2', 'J3', 'J4', 'J5', 'J6', 'J7', 'J8', 'J9', 'J10', 'J11', 'J12', 'J13', 'J14', 'J15', 'J16', 'J17', 'J18', 'J19', 'J20', 'J21', 'J23', 'J24', 'J25', 'J26', 'J27', 'J28', 'J30']
- Machine states:
  - Machine M1: Time=2717.00, Idle=0.00, Material=E-Bike_Steuerrohr_ausgerieben
  - Machine M2: Time=2580.00, Idle=137.00, Material=E-Bike_Antrieb_installiert
  - Machine M3: Time=2645.00, Idle=72.00, Material=Mountainbike_Bremsaufnahme_gebohrt
==================================================

2025-06-18 13:45:32,315 - JSPGymEnvironment - INFO - Material change on machine M1: E-Bike_Steuerrohr_ausgerieben -> Citybike_Steuerrohr_montiert, setup time: 48
2025-06-18 13:45:32,316 - JSPGymEnvironment - INFO - Executed operation: Job J25, Op 0, Machine M1, Start: 2765, End: 2810, Setup: 48
2025-06-18 13:45:32,316 - JSPGymEnvironment - INFO - 
===== REWARD DETAILS FOR STEP 49 =====
Job: J25, Operation: 0, Job Completed: False
Current Time: 2717.00 -> 2810.00, Setup Time: 48.00
Processing Time: 45.00, Idle Time: 0.00
Completed Jobs: 2/30
Machine: M1, Material: Citybike_Steuerrohr_montiert

REWARD COMPONENTS:
- makespan_reward: -0.4650
- setup_reward: -12.0000
- deadline_reward: 0.0000
- priority_reward: 0.0000
- critical_job_reward: 0.0000
- placement_reward: 0.0000
- timeliness_reward: 2.2065
- machine_idle_penalty: -4.9375

TOTAL REWARD: -15.1960

CUMULATIVE REWARD COMPONENTS:
- makespan_reward: -14.0500
- setup_reward: -307.7500
- deadline_reward: 40.0000
- priority_reward: 48.0000
- critical_job_reward: 26.1917
- placement_reward: -49.6667
- timeliness_reward: 392.6738
- machine_idle_penalty: -182.7000

CUMULATIVE TOTAL: -47.3012

CRITICAL STATE INFO:
- Valid actions: ['J1', 'J2', 'J3', 'J4', 'J5', 'J6', 'J7', 'J8', 'J9', 'J10', 'J11', 'J12', 'J13', 'J14', 'J15', 'J16', 'J17', 'J18', 'J19', 'J20', 'J21', 'J23', 'J24', 'J25', 'J26', 'J27', 'J28', 'J30']
- Machine states:
  - Machine M1: Time=2810.00, Idle=0.00, Material=Citybike_Steuerrohr_montiert
  - Machine M2: Time=2580.00, Idle=230.00, Material=E-Bike_Antrieb_installiert
  - Machine M3: Time=2645.00, Idle=165.00, Material=Mountainbike_Bremsaufnahme_gebohrt
==================================================

2025-06-18 13:45:32,393 - JSPGymEnvironment - INFO - Material change on machine M1: Citybike_Steuerrohr_montiert -> Citybike_Steuerrohr_ausgerieben, setup time: 40
2025-06-18 13:45:32,393 - JSPGymEnvironment - INFO - Executed operation: Job J10, Op 2, Machine M1, Start: 2850, End: 2871, Setup: 40
2025-06-18 13:45:32,393 - JSPGymEnvironment - INFO - 
===== REWARD DETAILS FOR STEP 50 =====
Job: J10, Operation: 2, Job Completed: False
Current Time: 2810.00 -> 2871.00, Setup Time: 40.00
Processing Time: 21.00, Idle Time: 0.00
Completed Jobs: 2/30
Machine: M1, Material: Citybike_Steuerrohr_ausgerieben

REWARD COMPONENTS:
- makespan_reward: -0.3050
- setup_reward: -10.0000
- deadline_reward: 0.0000
- priority_reward: 0.0000
- critical_job_reward: 0.0000
- placement_reward: 0.0000
- timeliness_reward: 1.7090
- machine_idle_penalty: -6.4625

TOTAL REWARD: -15.0585

CUMULATIVE REWARD COMPONENTS:
- makespan_reward: -14.3550
- setup_reward: -317.7500
- deadline_reward: 40.0000
- priority_reward: 48.0000
- critical_job_reward: 26.1917
- placement_reward: -49.6667
- timeliness_reward: 394.3828
- machine_idle_penalty: -189.1625

CUMULATIVE TOTAL: -62.3597

CRITICAL STATE INFO:
- Valid actions: ['J1', 'J2', 'J3', 'J4', 'J5', 'J6', 'J7', 'J8', 'J9', 'J10', 'J11', 'J12', 'J13', 'J14', 'J15', 'J16', 'J17', 'J18', 'J19', 'J20', 'J21', 'J23', 'J24', 'J25', 'J26', 'J27', 'J28', 'J30']
- Machine states:
  - Machine M1: Time=2871.00, Idle=0.00, Material=Citybike_Steuerrohr_ausgerieben
  - Machine M2: Time=2580.00, Idle=291.00, Material=E-Bike_Antrieb_installiert
  - Machine M3: Time=2645.00, Idle=226.00, Material=Mountainbike_Bremsaufnahme_gebohrt
==================================================

2025-06-18 13:45:32,546 - JSPGymEnvironment - INFO - Material change on machine M3: Mountainbike_Bremsaufnahme_gebohrt -> E-Bike_Rahmen_nachbearbeitet, setup time: 22
2025-06-18 13:45:32,547 - JSPGymEnvironment - INFO - Executed operation: Job J15, Op 4, Machine M3, Start: 2893, End: 2934, Setup: 22
2025-06-18 13:45:32,547 - JSPGymEnvironment - INFO - Job J15 completed at time 2934, deadline: 2534, met: False, priority: 9
2025-06-18 13:45:32,547 - JSPGymEnvironment - INFO - 
===== REWARD DETAILS FOR STEP 51 =====
Job: J15, Operation: 4, Job Completed: True
Current Time: 2871.00 -> 2934.00, Setup Time: 22.00
Processing Time: 41.00, Idle Time: 0.00
Completed Jobs: 3/30
Machine: M3, Material: E-Bike_Rahmen_nachbearbeitet
Job Deadline: 2534.00 (Missed), Priority: 9

REWARD COMPONENTS:
- makespan_reward: -0.3150
- setup_reward: -5.5000
- deadline_reward: -0.3946
- priority_reward: 36.0000
- critical_job_reward: 10.6058
- placement_reward: -1.6667
- timeliness_reward: 1.3275
- machine_idle_penalty: -5.2125

TOTAL REWARD: 34.8445

CUMULATIVE REWARD COMPONENTS:
- makespan_reward: -14.6700
- setup_reward: -323.2500
- deadline_reward: 39.6054
- priority_reward: 84.0000
- critical_job_reward: 36.7974
- placement_reward: -51.3333
- timeliness_reward: 395.7103
- machine_idle_penalty: -194.3750

CUMULATIVE TOTAL: -27.5152

CRITICAL STATE INFO:
- Valid actions: ['J1', 'J2', 'J3', 'J4', 'J5', 'J6', 'J7', 'J8', 'J9', 'J10', 'J11', 'J12', 'J13', 'J14', 'J16', 'J17', 'J18', 'J19', 'J20', 'J21', 'J23', 'J24', 'J25', 'J26', 'J27', 'J28', 'J30']
- Machine states:
  - Machine M1: Time=2871.00, Idle=63.00, Material=Citybike_Steuerrohr_ausgerieben
  - Machine M2: Time=2580.00, Idle=354.00, Material=E-Bike_Antrieb_installiert
  - Machine M3: Time=2934.00, Idle=0.00, Material=E-Bike_Rahmen_nachbearbeitet
==================================================

2025-06-18 13:45:32,547 - JSPGymEnvironment - INFO - Retro-Bonus für Job J15: -5.0
2025-06-18 13:45:32,628 - JSPGymEnvironment - INFO - Material change on machine M2: E-Bike_Antrieb_installiert -> Mountainbike_Laufraeder_montiert, setup time: 29
2025-06-18 13:45:32,628 - JSPGymEnvironment - INFO - Executed operation: Job J9, Op 1, Machine M2, Start: 2963, End: 2981, Setup: 29
2025-06-18 13:45:32,629 - JSPGymEnvironment - INFO - 
===== REWARD DETAILS FOR STEP 52 =====
Job: J9, Operation: 1, Job Completed: False
Current Time: 2934.00 -> 2981.00, Setup Time: 29.00
Processing Time: 18.00, Idle Time: 0.00
Completed Jobs: 3/30
Machine: M2, Material: Mountainbike_Laufraeder_montiert

REWARD COMPONENTS:
- makespan_reward: -0.2350
- setup_reward: -7.2500
- deadline_reward: 0.0000
- priority_reward: 0.0000
- critical_job_reward: 0.0000
- placement_reward: 0.0000
- timeliness_reward: 0.9360
- machine_idle_penalty: -1.9625

TOTAL REWARD: -8.5115

CUMULATIVE REWARD COMPONENTS:
- makespan_reward: -14.9050
- setup_reward: -330.5000
- deadline_reward: 39.6054
- priority_reward: 84.0000
- critical_job_reward: 36.7974
- placement_reward: -51.3333
- timeliness_reward: 396.6463
- machine_idle_penalty: -196.3375

CUMULATIVE TOTAL: -36.0267

CRITICAL STATE INFO:
- Valid actions: ['J1', 'J2', 'J3', 'J4', 'J5', 'J6', 'J7', 'J8', 'J9', 'J10', 'J11', 'J12', 'J13', 'J14', 'J16', 'J17', 'J18', 'J19', 'J20', 'J21', 'J23', 'J24', 'J25', 'J26', 'J27', 'J28', 'J30']
- Machine states:
  - Machine M1: Time=2871.00, Idle=110.00, Material=Citybike_Steuerrohr_ausgerieben
  - Machine M2: Time=2981.00, Idle=0.00, Material=Mountainbike_Laufraeder_montiert
  - Machine M3: Time=2934.00, Idle=47.00, Material=E-Bike_Rahmen_nachbearbeitet
==================================================

2025-06-18 13:45:32,704 - JSPGymEnvironment - INFO - Material change on machine M2: Mountainbike_Laufraeder_montiert -> Racebike_Rahmen_lackiert, setup time: 17
2025-06-18 13:45:32,704 - JSPGymEnvironment - INFO - Executed operation: Job J26, Op 0, Machine M2, Start: 2998, End: 3016, Setup: 17
2025-06-18 13:45:32,704 - JSPGymEnvironment - INFO - 
===== REWARD DETAILS FOR STEP 53 =====
Job: J26, Operation: 0, Job Completed: False
Current Time: 2981.00 -> 3016.00, Setup Time: 17.00
Processing Time: 18.00, Idle Time: 0.00
Completed Jobs: 3/30
Machine: M2, Material: Racebike_Rahmen_lackiert

REWARD COMPONENTS:
- makespan_reward: -0.1750
- setup_reward: -4.2500
- deadline_reward: 0.0000
- priority_reward: 0.0000
- critical_job_reward: 0.5000
- placement_reward: -2.5000
- timeliness_reward: 0.6489
- machine_idle_penalty: -2.8375

TOTAL REWARD: -8.6136

CUMULATIVE REWARD COMPONENTS:
- makespan_reward: -15.0800
- setup_reward: -334.7500
- deadline_reward: 39.6054
- priority_reward: 84.0000
- critical_job_reward: 37.2974
- placement_reward: -53.8333
- timeliness_reward: 397.2952
- machine_idle_penalty: -199.1750

CUMULATIVE TOTAL: -44.6403

CRITICAL STATE INFO:
- Valid actions: ['J1', 'J2', 'J3', 'J4', 'J5', 'J6', 'J7', 'J8', 'J9', 'J10', 'J11', 'J12', 'J13', 'J14', 'J16', 'J17', 'J18', 'J19', 'J20', 'J21', 'J23', 'J24', 'J25', 'J26', 'J27', 'J28', 'J30']
- Machine states:
  - Machine M1: Time=2871.00, Idle=145.00, Material=Citybike_Steuerrohr_ausgerieben
  - Machine M2: Time=3016.00, Idle=0.00, Material=Racebike_Rahmen_lackiert
  - Machine M3: Time=2934.00, Idle=82.00, Material=E-Bike_Rahmen_nachbearbeitet
==================================================

2025-06-18 13:45:32,783 - JSPGymEnvironment - INFO - Material change on machine M2: Racebike_Rahmen_lackiert -> E-Bike_Hauptrahmen_zugeschnitten, setup time: 29
2025-06-18 13:45:32,783 - JSPGymEnvironment - INFO - Executed operation: Job J19, Op 2, Machine M2, Start: 3045, End: 3060, Setup: 29
2025-06-18 13:45:32,784 - JSPGymEnvironment - INFO - 
===== REWARD DETAILS FOR STEP 54 =====
Job: J19, Operation: 2, Job Completed: False
Current Time: 3016.00 -> 3060.00, Setup Time: 29.00
Processing Time: 15.00, Idle Time: 0.00
Completed Jobs: 3/30
Machine: M2, Material: E-Bike_Hauptrahmen_zugeschnitten

REWARD COMPONENTS:
- makespan_reward: -0.2200
- setup_reward: -7.2500
- deadline_reward: 0.0000
- priority_reward: 0.0000
- critical_job_reward: 0.5000
- placement_reward: -1.6667
- timeliness_reward: 0.2947
- machine_idle_penalty: -3.9375

TOTAL REWARD: -12.2794

CUMULATIVE REWARD COMPONENTS:
- makespan_reward: -15.3000
- setup_reward: -342.0000
- deadline_reward: 39.6054
- priority_reward: 84.0000
- critical_job_reward: 37.7974
- placement_reward: -55.5000
- timeliness_reward: 397.5900
- machine_idle_penalty: -203.1125

CUMULATIVE TOTAL: -56.9197

CRITICAL STATE INFO:
- Valid actions: ['J1', 'J2', 'J3', 'J4', 'J5', 'J6', 'J7', 'J8', 'J9', 'J10', 'J11', 'J12', 'J13', 'J14', 'J16', 'J17', 'J18', 'J19', 'J20', 'J21', 'J23', 'J24', 'J25', 'J26', 'J27', 'J28', 'J30']
- Machine states:
  - Machine M1: Time=2871.00, Idle=189.00, Material=Citybike_Steuerrohr_ausgerieben
  - Machine M2: Time=3060.00, Idle=0.00, Material=E-Bike_Hauptrahmen_zugeschnitten
  - Machine M3: Time=2934.00, Idle=126.00, Material=E-Bike_Rahmen_nachbearbeitet
==================================================

2025-06-18 13:45:32,939 - JSPGymEnvironment - INFO - Material change on machine M2: E-Bike_Hauptrahmen_zugeschnitten -> Racebike_Bremsen_justiert, setup time: 29
2025-06-18 13:45:32,939 - JSPGymEnvironment - INFO - Executed operation: Job J16, Op 0, Machine M2, Start: 3089, End: 3104, Setup: 29
2025-06-18 13:45:32,940 - JSPGymEnvironment - INFO - 
===== REWARD DETAILS FOR STEP 55 =====
Job: J16, Operation: 0, Job Completed: False
Current Time: 3060.00 -> 3104.00, Setup Time: 29.00
Processing Time: 15.00, Idle Time: 0.00
Completed Jobs: 3/30
Machine: M2, Material: Racebike_Bremsen_justiert

REWARD COMPONENTS:
- makespan_reward: -0.2200
- setup_reward: -7.2500
- deadline_reward: 0.0000
- priority_reward: 0.0000
- critical_job_reward: 0.5000
- placement_reward: -0.8333
- timeliness_reward: -0.0508
- machine_idle_penalty: -5.0375

TOTAL REWARD: -12.8916

CUMULATIVE REWARD COMPONENTS:
- makespan_reward: -15.5200
- setup_reward: -349.2500
- deadline_reward: 39.6054
- priority_reward: 84.0000
- critical_job_reward: 38.2974
- placement_reward: -56.3333
- timeliness_reward: 397.5392
- machine_idle_penalty: -208.1500

CUMULATIVE TOTAL: -69.8114

CRITICAL STATE INFO:
- Valid actions: ['J1', 'J2', 'J3', 'J4', 'J5', 'J6', 'J7', 'J8', 'J9', 'J10', 'J11', 'J12', 'J13', 'J14', 'J16', 'J17', 'J18', 'J19', 'J20', 'J21', 'J23', 'J24', 'J25', 'J26', 'J27', 'J28', 'J30']
- Machine states:
  - Machine M1: Time=2871.00, Idle=233.00, Material=Citybike_Steuerrohr_ausgerieben
  - Machine M2: Time=3104.00, Idle=0.00, Material=Racebike_Bremsen_justiert
  - Machine M3: Time=2934.00, Idle=170.00, Material=E-Bike_Rahmen_nachbearbeitet
==================================================

2025-06-18 13:45:33,018 - JSPGymEnvironment - INFO - Material change on machine M2: Racebike_Bremsen_justiert -> Mountainbike_Rahmen_lackiert, setup time: 18
2025-06-18 13:45:33,018 - JSPGymEnvironment - INFO - Executed operation: Job J30, Op 0, Machine M2, Start: 3122, End: 3134, Setup: 18
2025-06-18 13:45:33,018 - JSPGymEnvironment - INFO - 
===== REWARD DETAILS FOR STEP 56 =====
Job: J30, Operation: 0, Job Completed: False
Current Time: 3104.00 -> 3134.00, Setup Time: 18.00
Processing Time: 12.00, Idle Time: 0.00
Completed Jobs: 3/30
Machine: M2, Material: Mountainbike_Rahmen_lackiert

REWARD COMPONENTS:
- makespan_reward: -0.1500
- setup_reward: -4.5000
- deadline_reward: 0.0000
- priority_reward: 0.0000
- critical_job_reward: 0.0000
- placement_reward: 0.0000
- timeliness_reward: -0.2808
- machine_idle_penalty: -5.7875

TOTAL REWARD: -10.7183

CUMULATIVE REWARD COMPONENTS:
- makespan_reward: -15.6700
- setup_reward: -353.7500
- deadline_reward: 39.6054
- priority_reward: 84.0000
- critical_job_reward: 38.2974
- placement_reward: -56.3333
- timeliness_reward: 397.2584
- machine_idle_penalty: -213.9375

CUMULATIVE TOTAL: -80.5297

CRITICAL STATE INFO:
- Valid actions: ['J1', 'J2', 'J3', 'J4', 'J5', 'J6', 'J7', 'J8', 'J9', 'J10', 'J11', 'J12', 'J13', 'J14', 'J16', 'J17', 'J18', 'J19', 'J20', 'J21', 'J23', 'J24', 'J25', 'J26', 'J27', 'J28', 'J30']
- Machine states:
  - Machine M1: Time=2871.00, Idle=263.00, Material=Citybike_Steuerrohr_ausgerieben
  - Machine M2: Time=3134.00, Idle=0.00, Material=Mountainbike_Rahmen_lackiert
  - Machine M3: Time=2934.00, Idle=200.00, Material=E-Bike_Rahmen_nachbearbeitet
==================================================

2025-06-18 13:45:33,101 - JSPGymEnvironment - INFO - Material change on machine M1: Citybike_Steuerrohr_ausgerieben -> Citybike_Rahmen_komplettiert, setup time: 40
2025-06-18 13:45:33,101 - JSPGymEnvironment - INFO - Executed operation: Job J10, Op 3, Machine M1, Start: 3174, End: 3216, Setup: 40
2025-06-18 13:45:33,101 - JSPGymEnvironment - INFO - 
===== REWARD DETAILS FOR STEP 57 =====
Job: J10, Operation: 3, Job Completed: False
Current Time: 3134.00 -> 3216.00, Setup Time: 40.00
Processing Time: 42.00, Idle Time: 0.00
Completed Jobs: 3/30
Machine: M1, Material: Citybike_Rahmen_komplettiert

REWARD COMPONENTS:
- makespan_reward: -0.4100
- setup_reward: -10.0000
- deadline_reward: 0.0000
- priority_reward: 0.0000
- critical_job_reward: 0.0000
- placement_reward: 0.0000
- timeliness_reward: -0.8838
- machine_idle_penalty: -4.5500

TOTAL REWARD: -15.8438

CUMULATIVE REWARD COMPONENTS:
- makespan_reward: -16.0800
- setup_reward: -363.7500
- deadline_reward: 39.6054
- priority_reward: 84.0000
- critical_job_reward: 38.2974
- placement_reward: -56.3333
- timeliness_reward: 396.3746
- machine_idle_penalty: -218.4875

CUMULATIVE TOTAL: -96.3734

CRITICAL STATE INFO:
- Valid actions: ['J1', 'J2', 'J3', 'J4', 'J5', 'J6', 'J7', 'J8', 'J9', 'J10', 'J11', 'J12', 'J13', 'J14', 'J16', 'J17', 'J18', 'J19', 'J20', 'J21', 'J23', 'J24', 'J25', 'J26', 'J27', 'J28', 'J30']
- Machine states:
  - Machine M1: Time=3216.00, Idle=0.00, Material=Citybike_Rahmen_komplettiert
  - Machine M2: Time=3134.00, Idle=82.00, Material=Mountainbike_Rahmen_lackiert
  - Machine M3: Time=2934.00, Idle=282.00, Material=E-Bike_Rahmen_nachbearbeitet
==================================================

2025-06-18 13:45:33,256 - JSPGymEnvironment - INFO - Material change on machine M1: Citybike_Rahmen_komplettiert -> Racebike_Hinterbau_vorbereitet, setup time: 44
2025-06-18 13:45:33,256 - JSPGymEnvironment - INFO - Executed operation: Job J24, Op 1, Machine M1, Start: 3260, End: 3292, Setup: 44
2025-06-18 13:45:33,257 - JSPGymEnvironment - INFO - 
===== REWARD DETAILS FOR STEP 58 =====
Job: J24, Operation: 1, Job Completed: False
Current Time: 3216.00 -> 3292.00, Setup Time: 44.00
Processing Time: 32.00, Idle Time: 0.00
Completed Jobs: 3/30
Machine: M1, Material: Racebike_Hinterbau_vorbereitet

REWARD COMPONENTS:
- makespan_reward: -0.3800
- setup_reward: -11.0000
- deadline_reward: 0.0000
- priority_reward: 0.0000
- critical_job_reward: 0.5000
- placement_reward: -1.6667
- timeliness_reward: -1.4054
- machine_idle_penalty: -6.4500

TOTAL REWARD: -20.4021

CUMULATIVE REWARD COMPONENTS:
- makespan_reward: -16.4600
- setup_reward: -374.7500
- deadline_reward: 39.6054
- priority_reward: 84.0000
- critical_job_reward: 38.7974
- placement_reward: -58.0000
- timeliness_reward: 394.9692
- machine_idle_penalty: -224.9375

CUMULATIVE TOTAL: -116.7755

CRITICAL STATE INFO:
- Valid actions: ['J1', 'J2', 'J3', 'J4', 'J5', 'J6', 'J7', 'J8', 'J9', 'J10', 'J11', 'J12', 'J13', 'J14', 'J16', 'J17', 'J18', 'J19', 'J20', 'J21', 'J23', 'J24', 'J25', 'J26', 'J27', 'J28', 'J30']
- Machine states:
  - Machine M1: Time=3292.00, Idle=0.00, Material=Racebike_Hinterbau_vorbereitet
  - Machine M2: Time=3134.00, Idle=158.00, Material=Mountainbike_Rahmen_lackiert
  - Machine M3: Time=2934.00, Idle=358.00, Material=E-Bike_Rahmen_nachbearbeitet
==================================================

2025-06-18 13:45:33,337 - JSPGymEnvironment - INFO - Material change on machine M1: Racebike_Hinterbau_vorbereitet -> Mountainbike_Antrieb_installiert, setup time: 43
2025-06-18 13:45:33,337 - JSPGymEnvironment - INFO - Executed operation: Job J20, Op 3, Machine M1, Start: 3335, End: 3363, Setup: 43
2025-06-18 13:45:33,338 - JSPGymEnvironment - INFO - 
===== REWARD DETAILS FOR STEP 59 =====
Job: J20, Operation: 3, Job Completed: False
Current Time: 3292.00 -> 3363.00, Setup Time: 43.00
Processing Time: 28.00, Idle Time: 0.00
Completed Jobs: 3/30
Machine: M1, Material: Mountainbike_Antrieb_installiert

REWARD COMPONENTS:
- makespan_reward: -0.3550
- setup_reward: -10.7500
- deadline_reward: 0.0000
- priority_reward: 0.0000
- critical_job_reward: 0.0000
- placement_reward: 0.0000
- timeliness_reward: -1.8578
- machine_idle_penalty: -8.2250

TOTAL REWARD: -21.1878

CUMULATIVE REWARD COMPONENTS:
- makespan_reward: -16.8150
- setup_reward: -385.5000
- deadline_reward: 39.6054
- priority_reward: 84.0000
- critical_job_reward: 38.7974
- placement_reward: -58.0000
- timeliness_reward: 393.1114
- machine_idle_penalty: -233.1625

CUMULATIVE TOTAL: -137.9633

CRITICAL STATE INFO:
- Valid actions: ['J1', 'J2', 'J3', 'J4', 'J5', 'J6', 'J7', 'J8', 'J9', 'J10', 'J11', 'J12', 'J13', 'J14', 'J16', 'J17', 'J18', 'J19', 'J20', 'J21', 'J23', 'J24', 'J25', 'J26', 'J27', 'J28', 'J30']
- Machine states:
  - Machine M1: Time=3363.00, Idle=0.00, Material=Mountainbike_Antrieb_installiert
  - Machine M2: Time=3134.00, Idle=229.00, Material=Mountainbike_Rahmen_lackiert
  - Machine M3: Time=2934.00, Idle=429.00, Material=E-Bike_Rahmen_nachbearbeitet
==================================================

2025-06-18 13:45:33,415 - JSPGymEnvironment - INFO - Material change on machine M3: E-Bike_Rahmen_nachbearbeitet -> Citybike_Laufraeder_montiert, setup time: 16
2025-06-18 13:45:33,415 - JSPGymEnvironment - INFO - Executed operation: Job J10, Op 4, Machine M3, Start: 3379, End: 3420, Setup: 16
2025-06-18 13:45:33,415 - JSPGymEnvironment - INFO - 
===== REWARD DETAILS FOR STEP 60 =====
Job: J10, Operation: 4, Job Completed: False
Current Time: 3363.00 -> 3420.00, Setup Time: 16.00
Processing Time: 41.00, Idle Time: 0.00
Completed Jobs: 3/30
Machine: M3, Material: Citybike_Laufraeder_montiert

REWARD COMPONENTS:
- makespan_reward: -0.2850
- setup_reward: -4.0000
- deadline_reward: 0.0000
- priority_reward: 0.0000
- critical_job_reward: 0.0000
- placement_reward: 0.0000
- timeliness_reward: -2.1956
- machine_idle_penalty: -4.2875

TOTAL REWARD: -10.7681

CUMULATIVE REWARD COMPONENTS:
- makespan_reward: -17.1000
- setup_reward: -389.5000
- deadline_reward: 39.6054
- priority_reward: 84.0000
- critical_job_reward: 38.7974
- placement_reward: -58.0000
- timeliness_reward: 390.9158
- machine_idle_penalty: -237.4500

CUMULATIVE TOTAL: -148.7314

CRITICAL STATE INFO:
- Valid actions: ['J1', 'J2', 'J3', 'J4', 'J5', 'J6', 'J7', 'J8', 'J9', 'J10', 'J11', 'J12', 'J13', 'J14', 'J16', 'J17', 'J18', 'J19', 'J20', 'J21', 'J23', 'J24', 'J25', 'J26', 'J27', 'J28', 'J30']
- Machine states:
  - Machine M1: Time=3363.00, Idle=57.00, Material=Mountainbike_Antrieb_installiert
  - Machine M2: Time=3134.00, Idle=286.00, Material=Mountainbike_Rahmen_lackiert
  - Machine M3: Time=3420.00, Idle=0.00, Material=Citybike_Laufraeder_montiert
==================================================

2025-06-18 13:45:33,490 - JSPGymEnvironment - INFO - Material change on machine M1: Mountainbike_Antrieb_installiert -> Citybike_Rahmen_nachbearbeitet, setup time: 32
2025-06-18 13:45:33,490 - JSPGymEnvironment - INFO - Executed operation: Job J8, Op 4, Machine M1, Start: 3452, End: 3470, Setup: 32
2025-06-18 13:45:33,491 - JSPGymEnvironment - INFO - 
===== REWARD DETAILS FOR STEP 61 =====
Job: J8, Operation: 4, Job Completed: False
Current Time: 3420.00 -> 3470.00, Setup Time: 32.00
Processing Time: 18.00, Idle Time: 0.00
Completed Jobs: 3/30
Machine: M1, Material: Citybike_Rahmen_nachbearbeitet

REWARD COMPONENTS:
- makespan_reward: -0.2500
- setup_reward: -8.0000
- deadline_reward: 0.0000
- priority_reward: 0.0000
- critical_job_reward: 0.0000
- placement_reward: 0.0000
- timeliness_reward: -2.4732
- machine_idle_penalty: -4.8250

TOTAL REWARD: -15.5482

CUMULATIVE REWARD COMPONENTS:
- makespan_reward: -17.3500
- setup_reward: -397.5000
- deadline_reward: 39.6054
- priority_reward: 84.0000
- critical_job_reward: 38.7974
- placement_reward: -58.0000
- timeliness_reward: 388.4426
- machine_idle_penalty: -242.2750

CUMULATIVE TOTAL: -164.2796

CRITICAL STATE INFO:
- Valid actions: ['J1', 'J2', 'J3', 'J4', 'J5', 'J6', 'J7', 'J8', 'J9', 'J10', 'J11', 'J12', 'J13', 'J14', 'J16', 'J17', 'J18', 'J19', 'J20', 'J21', 'J23', 'J24', 'J25', 'J26', 'J27', 'J28', 'J30']
- Machine states:
  - Machine M1: Time=3470.00, Idle=0.00, Material=Citybike_Rahmen_nachbearbeitet
  - Machine M2: Time=3134.00, Idle=336.00, Material=Mountainbike_Rahmen_lackiert
  - Machine M3: Time=3420.00, Idle=50.00, Material=Citybike_Laufraeder_montiert
==================================================

2025-06-18 13:45:33,643 - JSPGymEnvironment - INFO - Material change on machine M2: Mountainbike_Rahmen_lackiert -> Citybike_Hinterbau_vorbereitet, setup time: 22
2025-06-18 13:45:33,643 - JSPGymEnvironment - INFO - Executed operation: Job J10, Op 5, Machine M2, Start: 3492, End: 3508, Setup: 22
2025-06-18 13:45:33,643 - JSPGymEnvironment - INFO - Job J10 completed at time 3508, deadline: 2880, met: False, priority: 6
2025-06-18 13:45:33,644 - JSPGymEnvironment - INFO - 
===== REWARD DETAILS FOR STEP 62 =====
Job: J10, Operation: 5, Job Completed: True
Current Time: 3470.00 -> 3508.00, Setup Time: 22.00
Processing Time: 16.00, Idle Time: 0.00
Completed Jobs: 4/30
Machine: M2, Material: Citybike_Hinterbau_vorbereitet
Job Deadline: 2880.00 (Missed), Priority: 6

REWARD COMPONENTS:
- makespan_reward: -0.1900
- setup_reward: -5.5000
- deadline_reward: -0.5451
- priority_reward: 24.0000
- critical_job_reward: 0.0000
- placement_reward: 0.0000
- timeliness_reward: -2.6863
- machine_idle_penalty: -1.5750

TOTAL REWARD: 13.5036

CUMULATIVE REWARD COMPONENTS:
- makespan_reward: -17.5400
- setup_reward: -403.0000
- deadline_reward: 39.0602
- priority_reward: 108.0000
- critical_job_reward: 38.7974
- placement_reward: -58.0000
- timeliness_reward: 385.7563
- machine_idle_penalty: -243.8500

CUMULATIVE TOTAL: -150.7761

CRITICAL STATE INFO:
- Valid actions: ['J1', 'J2', 'J3', 'J4', 'J5', 'J6', 'J7', 'J8', 'J9', 'J11', 'J12', 'J13', 'J14', 'J16', 'J17', 'J18', 'J19', 'J20', 'J21', 'J23', 'J24', 'J25', 'J26', 'J27', 'J28', 'J30']
- Machine states:
  - Machine M1: Time=3470.00, Idle=38.00, Material=Citybike_Rahmen_nachbearbeitet
  - Machine M2: Time=3508.00, Idle=0.00, Material=Citybike_Hinterbau_vorbereitet
  - Machine M3: Time=3420.00, Idle=88.00, Material=Citybike_Laufraeder_montiert
==================================================

2025-06-18 13:45:33,644 - JSPGymEnvironment - INFO - Retro-Bonus für Job J10: -10.0
2025-06-18 13:45:33,723 - JSPGymEnvironment - INFO - Material change on machine M3: Citybike_Laufraeder_montiert -> Mountainbike_Hinterbau_vorbereitet, setup time: 15
2025-06-18 13:45:33,723 - JSPGymEnvironment - INFO - Executed operation: Job J7, Op 1, Machine M3, Start: 3523, End: 3556, Setup: 15
2025-06-18 13:45:33,723 - JSPGymEnvironment - INFO - 
===== REWARD DETAILS FOR STEP 63 =====
Job: J7, Operation: 1, Job Completed: False
Current Time: 3508.00 -> 3556.00, Setup Time: 15.00
Processing Time: 33.00, Idle Time: 0.00
Completed Jobs: 4/30
Machine: M3, Material: Mountainbike_Hinterbau_vorbereitet

REWARD COMPONENTS:
- makespan_reward: -0.2400
- setup_reward: -3.7500
- deadline_reward: 0.0000
- priority_reward: 0.0000
- critical_job_reward: 0.0000
- placement_reward: 0.0000
- timeliness_reward: -2.9230
- machine_idle_penalty: -1.6750

TOTAL REWARD: -8.5880

CUMULATIVE REWARD COMPONENTS:
- makespan_reward: -17.7800
- setup_reward: -406.7500
- deadline_reward: 39.0602
- priority_reward: 108.0000
- critical_job_reward: 38.7974
- placement_reward: -58.0000
- timeliness_reward: 382.8333
- machine_idle_penalty: -245.5250

CUMULATIVE TOTAL: -159.3641

CRITICAL STATE INFO:
- Valid actions: ['J1', 'J2', 'J3', 'J4', 'J5', 'J6', 'J7', 'J8', 'J9', 'J11', 'J12', 'J13', 'J14', 'J16', 'J17', 'J18', 'J19', 'J20', 'J21', 'J23', 'J24', 'J25', 'J26', 'J27', 'J28', 'J30']
- Machine states:
  - Machine M1: Time=3470.00, Idle=86.00, Material=Citybike_Rahmen_nachbearbeitet
  - Machine M2: Time=3508.00, Idle=48.00, Material=Citybike_Hinterbau_vorbereitet
  - Machine M3: Time=3556.00, Idle=0.00, Material=Mountainbike_Hinterbau_vorbereitet
==================================================

2025-06-18 13:45:33,801 - JSPGymEnvironment - INFO - Material change on machine M1: Citybike_Rahmen_nachbearbeitet -> Mountainbike_Rahmen_komplettiert, setup time: 30
2025-06-18 13:45:33,801 - JSPGymEnvironment - INFO - Executed operation: Job J30, Op 1, Machine M1, Start: 3586, End: 3629, Setup: 30
2025-06-18 13:45:33,802 - JSPGymEnvironment - INFO - 
===== REWARD DETAILS FOR STEP 64 =====
Job: J30, Operation: 1, Job Completed: False
Current Time: 3556.00 -> 3629.00, Setup Time: 30.00
Processing Time: 43.00, Idle Time: 0.00
Completed Jobs: 4/30
Machine: M1, Material: Mountainbike_Rahmen_komplettiert

REWARD COMPONENTS:
- makespan_reward: -0.3650
- setup_reward: -7.5000
- deadline_reward: 0.0000
- priority_reward: 0.0000
- critical_job_reward: 0.0000
- placement_reward: 0.0000
- timeliness_reward: -3.2532
- machine_idle_penalty: -2.4250

TOTAL REWARD: -13.5432

CUMULATIVE REWARD COMPONENTS:
- makespan_reward: -18.1450
- setup_reward: -414.2500
- deadline_reward: 39.0602
- priority_reward: 108.0000
- critical_job_reward: 38.7974
- placement_reward: -58.0000
- timeliness_reward: 379.5801
- machine_idle_penalty: -247.9500

CUMULATIVE TOTAL: -172.9073

CRITICAL STATE INFO:
- Valid actions: ['J1', 'J2', 'J3', 'J4', 'J5', 'J6', 'J7', 'J8', 'J9', 'J11', 'J12', 'J13', 'J14', 'J16', 'J17', 'J18', 'J19', 'J20', 'J21', 'J23', 'J24', 'J25', 'J26', 'J27', 'J28', 'J30']
- Machine states:
  - Machine M1: Time=3629.00, Idle=0.00, Material=Mountainbike_Rahmen_komplettiert
  - Machine M2: Time=3508.00, Idle=121.00, Material=Citybike_Hinterbau_vorbereitet
  - Machine M3: Time=3556.00, Idle=73.00, Material=Mountainbike_Hinterbau_vorbereitet
==================================================

2025-06-18 13:45:33,956 - JSPGymEnvironment - INFO - Material change on machine M2: Citybike_Hinterbau_vorbereitet -> Mountainbike_Tretlager_gefraest, setup time: 20
2025-06-18 13:45:33,956 - JSPGymEnvironment - INFO - Executed operation: Job J30, Op 2, Machine M2, Start: 3649, End: 3669, Setup: 20
2025-06-18 13:45:33,956 - JSPGymEnvironment - INFO - 
===== REWARD DETAILS FOR STEP 65 =====
Job: J30, Operation: 2, Job Completed: False
Current Time: 3629.00 -> 3669.00, Setup Time: 20.00
Processing Time: 20.00, Idle Time: 0.00
Completed Jobs: 4/30
Machine: M2, Material: Mountainbike_Tretlager_gefraest

REWARD COMPONENTS:
- makespan_reward: -0.2000
- setup_reward: -5.0000
- deadline_reward: 0.0000
- priority_reward: 0.0000
- critical_job_reward: 0.0000
- placement_reward: 0.0000
- timeliness_reward: -3.4194
- machine_idle_penalty: -1.9125

TOTAL REWARD: -10.5319

CUMULATIVE REWARD COMPONENTS:
- makespan_reward: -18.3450
- setup_reward: -419.2500
- deadline_reward: 39.0602
- priority_reward: 108.0000
- critical_job_reward: 38.7974
- placement_reward: -58.0000
- timeliness_reward: 376.1607
- machine_idle_penalty: -249.8625

CUMULATIVE TOTAL: -183.4391

CRITICAL STATE INFO:
- Valid actions: ['J1', 'J2', 'J3', 'J4', 'J5', 'J6', 'J7', 'J8', 'J9', 'J11', 'J12', 'J13', 'J14', 'J16', 'J17', 'J18', 'J19', 'J20', 'J21', 'J23', 'J24', 'J25', 'J26', 'J27', 'J28', 'J30']
- Machine states:
  - Machine M1: Time=3629.00, Idle=40.00, Material=Mountainbike_Rahmen_komplettiert
  - Machine M2: Time=3669.00, Idle=0.00, Material=Mountainbike_Tretlager_gefraest
  - Machine M3: Time=3556.00, Idle=113.00, Material=Mountainbike_Hinterbau_vorbereitet
==================================================

2025-06-18 13:45:34,034 - JSPGymEnvironment - INFO - Material change on machine M3: Mountainbike_Hinterbau_vorbereitet -> Mountainbike_Steuerrohr_montiert, setup time: 15
2025-06-18 13:45:34,035 - JSPGymEnvironment - INFO - Executed operation: Job J7, Op 2, Machine M3, Start: 3684, End: 3705, Setup: 15
2025-06-18 13:45:34,035 - JSPGymEnvironment - INFO - 
===== REWARD DETAILS FOR STEP 66 =====
Job: J7, Operation: 2, Job Completed: False
Current Time: 3669.00 -> 3705.00, Setup Time: 15.00
Processing Time: 21.00, Idle Time: 0.00
Completed Jobs: 4/30
Machine: M3, Material: Mountainbike_Steuerrohr_montiert

REWARD COMPONENTS:
- makespan_reward: -0.1800
- setup_reward: -3.7500
- deadline_reward: 0.0000
- priority_reward: 0.0000
- critical_job_reward: 0.0000
- placement_reward: 0.0000
- timeliness_reward: -3.5604
- machine_idle_penalty: -1.4000

TOTAL REWARD: -8.8904

CUMULATIVE REWARD COMPONENTS:
- makespan_reward: -18.5250
- setup_reward: -423.0000
- deadline_reward: 39.0602
- priority_reward: 108.0000
- critical_job_reward: 38.7974
- placement_reward: -58.0000
- timeliness_reward: 372.6004
- machine_idle_penalty: -251.2625

CUMULATIVE TOTAL: -192.3295

CRITICAL STATE INFO:
- Valid actions: ['J1', 'J2', 'J3', 'J4', 'J5', 'J6', 'J7', 'J8', 'J9', 'J11', 'J12', 'J13', 'J14', 'J16', 'J17', 'J18', 'J19', 'J20', 'J21', 'J23', 'J24', 'J25', 'J26', 'J27', 'J28', 'J30']
- Machine states:
  - Machine M1: Time=3629.00, Idle=76.00, Material=Mountainbike_Rahmen_komplettiert
  - Machine M2: Time=3669.00, Idle=36.00, Material=Mountainbike_Tretlager_gefraest
  - Machine M3: Time=3705.00, Idle=0.00, Material=Mountainbike_Steuerrohr_montiert
==================================================

2025-06-18 13:45:34,112 - JSPGymEnvironment - INFO - Material change on machine M1: Mountainbike_Rahmen_komplettiert -> E-Bike_Hinterbau_vorbereitet, setup time: 50
2025-06-18 13:45:34,112 - JSPGymEnvironment - INFO - Executed operation: Job J21, Op 4, Machine M1, Start: 3755, End: 3788, Setup: 50
2025-06-18 13:45:34,112 - JSPGymEnvironment - INFO - Job J21 completed at time 3788, deadline: 2858, met: False, priority: 10
2025-06-18 13:45:34,112 - JSPGymEnvironment - INFO - 
===== REWARD DETAILS FOR STEP 67 =====
Job: J21, Operation: 4, Job Completed: True
Current Time: 3705.00 -> 3788.00, Setup Time: 50.00
Processing Time: 33.00, Idle Time: 0.00
Completed Jobs: 5/30
Machine: M1, Material: E-Bike_Hinterbau_vorbereitet
Job Deadline: 2858.00 (Missed), Priority: 10

REWARD COMPONENTS:
- makespan_reward: -0.4150
- setup_reward: -12.5000
- deadline_reward: -0.8135
- priority_reward: 40.0000
- critical_job_reward: 8.5952
- placement_reward: -2.5000
- timeliness_reward: -3.8773
- machine_idle_penalty: -2.5250

TOTAL REWARD: 25.9644

CUMULATIVE REWARD COMPONENTS:
- makespan_reward: -18.9400
- setup_reward: -435.5000
- deadline_reward: 38.2467
- priority_reward: 148.0000
- critical_job_reward: 47.3926
- placement_reward: -60.5000
- timeliness_reward: 368.7231
- machine_idle_penalty: -253.7875

CUMULATIVE TOTAL: -166.3651

CRITICAL STATE INFO:
- Valid actions: ['J1', 'J2', 'J3', 'J4', 'J5', 'J6', 'J7', 'J8', 'J9', 'J11', 'J12', 'J13', 'J14', 'J16', 'J17', 'J18', 'J19', 'J20', 'J23', 'J24', 'J25', 'J26', 'J27', 'J28', 'J30']
- Machine states:
  - Machine M1: Time=3788.00, Idle=0.00, Material=E-Bike_Hinterbau_vorbereitet
  - Machine M2: Time=3669.00, Idle=119.00, Material=Mountainbike_Tretlager_gefraest
  - Machine M3: Time=3705.00, Idle=83.00, Material=Mountainbike_Steuerrohr_montiert
==================================================

2025-06-18 13:45:34,113 - JSPGymEnvironment - INFO - Retro-Bonus für Job J21: -5.0
2025-06-18 13:45:34,189 - JSPGymEnvironment - INFO - Material change on machine M2: Mountainbike_Tretlager_gefraest -> Mountainbike_Rahmen_nachbearbeitet, setup time: 20
2025-06-18 13:45:34,189 - JSPGymEnvironment - INFO - Executed operation: Job J30, Op 3, Machine M2, Start: 3808, End: 3830, Setup: 20
2025-06-18 13:45:34,189 - JSPGymEnvironment - INFO - 
===== REWARD DETAILS FOR STEP 68 =====
Job: J30, Operation: 3, Job Completed: False
Current Time: 3788.00 -> 3830.00, Setup Time: 20.00
Processing Time: 22.00, Idle Time: 0.00
Completed Jobs: 5/30
Machine: M2, Material: Mountainbike_Rahmen_nachbearbeitet

REWARD COMPONENTS:
- makespan_reward: -0.2100
- setup_reward: -5.0000
- deadline_reward: 0.0000
- priority_reward: 0.0000
- critical_job_reward: 0.0000
- placement_reward: 0.0000
- timeliness_reward: -4.0108
- machine_idle_penalty: -2.0875

TOTAL REWARD: -11.3083

CUMULATIVE REWARD COMPONENTS:
- makespan_reward: -19.1500
- setup_reward: -440.5000
- deadline_reward: 38.2467
- priority_reward: 148.0000
- critical_job_reward: 47.3926
- placement_reward: -60.5000
- timeliness_reward: 364.7123
- machine_idle_penalty: -255.8750

CUMULATIVE TOTAL: -177.6734

CRITICAL STATE INFO:
- Valid actions: ['J1', 'J2', 'J3', 'J4', 'J5', 'J6', 'J7', 'J8', 'J9', 'J11', 'J12', 'J13', 'J14', 'J16', 'J17', 'J18', 'J19', 'J20', 'J23', 'J24', 'J25', 'J26', 'J27', 'J28', 'J30']
- Machine states:
  - Machine M1: Time=3788.00, Idle=42.00, Material=E-Bike_Hinterbau_vorbereitet
  - Machine M2: Time=3830.00, Idle=0.00, Material=Mountainbike_Rahmen_nachbearbeitet
  - Machine M3: Time=3705.00, Idle=125.00, Material=Mountainbike_Steuerrohr_montiert
==================================================

2025-06-18 13:45:34,376 - JSPGymEnvironment - INFO - Material change on machine M2: Mountainbike_Rahmen_nachbearbeitet -> Citybike_Fahrrad_endmontiert, setup time: 22
2025-06-18 13:45:34,376 - JSPGymEnvironment - INFO - Executed operation: Job J18, Op 1, Machine M2, Start: 3852, End: 3870, Setup: 22
2025-06-18 13:45:34,377 - JSPGymEnvironment - INFO - 
===== REWARD DETAILS FOR STEP 69 =====
Job: J18, Operation: 1, Job Completed: False
Current Time: 3830.00 -> 3870.00, Setup Time: 22.00
Processing Time: 18.00, Idle Time: 0.00
Completed Jobs: 5/30
Machine: M2, Material: Citybike_Fahrrad_endmontiert

REWARD COMPONENTS:
- makespan_reward: -0.2000
- setup_reward: -5.5000
- deadline_reward: 0.0000
- priority_reward: 0.0000
- critical_job_reward: 0.0000
- placement_reward: 0.0000
- timeliness_reward: -4.1293
- machine_idle_penalty: -3.0875

TOTAL REWARD: -12.9168

CUMULATIVE REWARD COMPONENTS:
- makespan_reward: -19.3500
- setup_reward: -446.0000
- deadline_reward: 38.2467
- priority_reward: 148.0000
- critical_job_reward: 47.3926
- placement_reward: -60.5000
- timeliness_reward: 360.5829
- machine_idle_penalty: -258.9625

CUMULATIVE TOTAL: -190.5902

CRITICAL STATE INFO:
- Valid actions: ['J1', 'J2', 'J3', 'J4', 'J5', 'J6', 'J7', 'J8', 'J9', 'J11', 'J12', 'J13', 'J14', 'J16', 'J17', 'J18', 'J19', 'J20', 'J23', 'J24', 'J25', 'J26', 'J27', 'J28', 'J30']
- Machine states:
  - Machine M1: Time=3788.00, Idle=82.00, Material=E-Bike_Hinterbau_vorbereitet
  - Machine M2: Time=3870.00, Idle=0.00, Material=Citybike_Fahrrad_endmontiert
  - Machine M3: Time=3705.00, Idle=165.00, Material=Mountainbike_Steuerrohr_montiert
==================================================

2025-06-18 13:45:34,494 - JSPGymEnvironment - INFO - Material change on machine M1: E-Bike_Hinterbau_vorbereitet -> E-Bike_Tretlager_gefraest, setup time: 40
2025-06-18 13:45:34,494 - JSPGymEnvironment - INFO - Executed operation: Job J2, Op 0, Machine M1, Start: 3910, End: 3954, Setup: 40
2025-06-18 13:45:34,494 - JSPGymEnvironment - INFO - 
===== REWARD DETAILS FOR STEP 70 =====
Job: J2, Operation: 0, Job Completed: False
Current Time: 3870.00 -> 3954.00, Setup Time: 40.00
Processing Time: 44.00, Idle Time: 0.00
Completed Jobs: 5/30
Machine: M1, Material: E-Bike_Tretlager_gefraest

REWARD COMPONENTS:
- makespan_reward: -0.4200
- setup_reward: -10.0000
- deadline_reward: 0.0000
- priority_reward: 0.0000
- critical_job_reward: 0.5000
- placement_reward: -1.6667
- timeliness_reward: -4.3526
- machine_idle_penalty: -4.1625

TOTAL REWARD: -20.1018

CUMULATIVE REWARD COMPONENTS:
- makespan_reward: -19.7700
- setup_reward: -456.0000
- deadline_reward: 38.2467
- priority_reward: 148.0000
- critical_job_reward: 47.8926
- placement_reward: -62.1667
- timeliness_reward: 356.2303
- machine_idle_penalty: -263.1250

CUMULATIVE TOTAL: -210.6920

CRITICAL STATE INFO:
- Valid actions: ['J1', 'J2', 'J3', 'J4', 'J5', 'J6', 'J7', 'J8', 'J9', 'J11', 'J12', 'J13', 'J14', 'J16', 'J17', 'J18', 'J19', 'J20', 'J23', 'J24', 'J25', 'J26', 'J27', 'J28', 'J30']
- Machine states:
  - Machine M1: Time=3954.00, Idle=0.00, Material=E-Bike_Tretlager_gefraest
  - Machine M2: Time=3870.00, Idle=84.00, Material=Citybike_Fahrrad_endmontiert
  - Machine M3: Time=3705.00, Idle=249.00, Material=Mountainbike_Steuerrohr_montiert
==================================================

2025-06-18 13:45:34,613 - JSPGymEnvironment - INFO - Material change on machine M2: Citybike_Fahrrad_endmontiert -> Citybike_Laufraeder_montiert, setup time: 20
2025-06-18 13:45:34,613 - JSPGymEnvironment - INFO - Executed operation: Job J25, Op 1, Machine M2, Start: 3974, End: 3986, Setup: 20
2025-06-18 13:45:34,613 - JSPGymEnvironment - INFO - 
===== REWARD DETAILS FOR STEP 71 =====
Job: J25, Operation: 1, Job Completed: False
Current Time: 3954.00 -> 3986.00, Setup Time: 20.00
Processing Time: 12.00, Idle Time: 0.00
Completed Jobs: 5/30
Machine: M2, Material: Citybike_Laufraeder_montiert

REWARD COMPONENTS:
- makespan_reward: -0.1600
- setup_reward: -5.0000
- deadline_reward: 0.0000
- priority_reward: 0.0000
- critical_job_reward: 0.0000
- placement_reward: 0.0000
- timeliness_reward: -4.4292
- machine_idle_penalty: -3.9125

TOTAL REWARD: -13.5017

CUMULATIVE REWARD COMPONENTS:
- makespan_reward: -19.9300
- setup_reward: -461.0000
- deadline_reward: 38.2467
- priority_reward: 148.0000
- critical_job_reward: 47.8926
- placement_reward: -62.1667
- timeliness_reward: 351.8011
- machine_idle_penalty: -267.0375

CUMULATIVE TOTAL: -224.1938

CRITICAL STATE INFO:
- Valid actions: ['J1', 'J2', 'J3', 'J4', 'J5', 'J6', 'J7', 'J8', 'J9', 'J11', 'J12', 'J13', 'J14', 'J16', 'J17', 'J18', 'J19', 'J20', 'J23', 'J24', 'J25', 'J26', 'J27', 'J28', 'J30']
- Machine states:
  - Machine M1: Time=3954.00, Idle=32.00, Material=E-Bike_Tretlager_gefraest
  - Machine M2: Time=3986.00, Idle=0.00, Material=Citybike_Laufraeder_montiert
  - Machine M3: Time=3705.00, Idle=281.00, Material=Mountainbike_Steuerrohr_montiert
==================================================

2025-06-18 13:45:34,783 - JSPGymEnvironment - INFO - Material change on machine M1: E-Bike_Tretlager_gefraest -> Citybike_Steuerrohr_ausgerieben, setup time: 48
2025-06-18 13:45:34,783 - JSPGymEnvironment - INFO - Executed operation: Job J8, Op 5, Machine M1, Start: 4034, End: 4072, Setup: 48
2025-06-18 13:45:34,783 - JSPGymEnvironment - INFO - Job J8 completed at time 4072, deadline: 2776, met: False, priority: 5
2025-06-18 13:45:34,784 - JSPGymEnvironment - INFO - 
===== REWARD DETAILS FOR STEP 72 =====
Job: J8, Operation: 5, Job Completed: True
Current Time: 3986.00 -> 4072.00, Setup Time: 48.00
Processing Time: 38.00, Idle Time: 0.00
Completed Jobs: 6/30
Machine: M1, Material: Citybike_Steuerrohr_ausgerieben
Job Deadline: 2776.00 (Missed), Priority: 5

REWARD COMPONENTS:
- makespan_reward: -0.4300
- setup_reward: -12.0000
- deadline_reward: -1.1671
- priority_reward: 20.0000
- critical_job_reward: 0.0000
- placement_reward: 0.0000
- timeliness_reward: -4.6124
- machine_idle_penalty: -5.6625

TOTAL REWARD: -3.8721

CUMULATIVE REWARD COMPONENTS:
- makespan_reward: -20.3600
- setup_reward: -473.0000
- deadline_reward: 37.0796
- priority_reward: 168.0000
- critical_job_reward: 47.8926
- placement_reward: -62.1667
- timeliness_reward: 347.1886
- machine_idle_penalty: -272.7000

CUMULATIVE TOTAL: -228.0658

CRITICAL STATE INFO:
- Valid actions: ['J1', 'J2', 'J3', 'J4', 'J5', 'J6', 'J7', 'J9', 'J11', 'J12', 'J13', 'J14', 'J16', 'J17', 'J18', 'J19', 'J20', 'J23', 'J24', 'J25', 'J26', 'J27', 'J28', 'J30']
- Machine states:
  - Machine M1: Time=4072.00, Idle=0.00, Material=Citybike_Steuerrohr_ausgerieben
  - Machine M2: Time=3986.00, Idle=86.00, Material=Citybike_Laufraeder_montiert
  - Machine M3: Time=3705.00, Idle=367.00, Material=Mountainbike_Steuerrohr_montiert
==================================================

2025-06-18 13:45:34,784 - JSPGymEnvironment - INFO - Retro-Bonus für Job J8: -10.0
2025-06-18 13:45:34,861 - JSPGymEnvironment - INFO - Material change on machine M3: Mountainbike_Steuerrohr_montiert -> Racebike_Rahmen_nachbearbeitet, setup time: 20
2025-06-18 13:45:34,861 - JSPGymEnvironment - INFO - Executed operation: Job J24, Op 2, Machine M3, Start: 4092, End: 4118, Setup: 20
2025-06-18 13:45:34,862 - JSPGymEnvironment - INFO - 
===== REWARD DETAILS FOR STEP 73 =====
Job: J24, Operation: 2, Job Completed: False
Current Time: 4072.00 -> 4118.00, Setup Time: 20.00
Processing Time: 26.00, Idle Time: 0.00
Completed Jobs: 6/30
Machine: M3, Material: Racebike_Rahmen_nachbearbeitet

REWARD COMPONENTS:
- makespan_reward: -0.2300
- setup_reward: -5.0000
- deadline_reward: 0.0000
- priority_reward: 0.0000
- critical_job_reward: 0.5000
- placement_reward: -1.6667
- timeliness_reward: -4.6999
- machine_idle_penalty: -2.2250

TOTAL REWARD: -13.3215

CUMULATIVE REWARD COMPONENTS:
- makespan_reward: -20.5900
- setup_reward: -478.0000
- deadline_reward: 37.0796
- priority_reward: 168.0000
- critical_job_reward: 48.3926
- placement_reward: -63.8333
- timeliness_reward: 342.4888
- machine_idle_penalty: -274.9250

CUMULATIVE TOTAL: -241.3874

CRITICAL STATE INFO:
- Valid actions: ['J1', 'J2', 'J3', 'J4', 'J5', 'J6', 'J7', 'J9', 'J11', 'J12', 'J13', 'J14', 'J16', 'J17', 'J18', 'J19', 'J20', 'J23', 'J24', 'J25', 'J26', 'J27', 'J28', 'J30']
- Machine states:
  - Machine M1: Time=4072.00, Idle=46.00, Material=Citybike_Steuerrohr_ausgerieben
  - Machine M2: Time=3986.00, Idle=132.00, Material=Citybike_Laufraeder_montiert
  - Machine M3: Time=4118.00, Idle=0.00, Material=Racebike_Rahmen_nachbearbeitet
==================================================

2025-06-18 13:45:34,938 - JSPGymEnvironment - INFO - Material change on machine M2: Citybike_Laufraeder_montiert -> Racebike_Bremsaufnahme_gebohrt, setup time: 16
2025-06-18 13:45:34,938 - JSPGymEnvironment - INFO - Executed operation: Job J1, Op 2, Machine M2, Start: 4134, End: 4152, Setup: 16
2025-06-18 13:45:34,939 - JSPGymEnvironment - INFO - 
===== REWARD DETAILS FOR STEP 74 =====
Job: J1, Operation: 2, Job Completed: False
Current Time: 4118.00 -> 4152.00, Setup Time: 16.00
Processing Time: 18.00, Idle Time: 0.00
Completed Jobs: 6/30
Machine: M2, Material: Racebike_Bremsaufnahme_gebohrt

REWARD COMPONENTS:
- makespan_reward: -0.1700
- setup_reward: -4.0000
- deadline_reward: 0.0000
- priority_reward: 0.0000
- critical_job_reward: 0.5000
- placement_reward: -0.8333
- timeliness_reward: -4.7598
- machine_idle_penalty: -1.4250

TOTAL REWARD: -10.6881

CUMULATIVE REWARD COMPONENTS:
- makespan_reward: -20.7600
- setup_reward: -482.0000
- deadline_reward: 37.0796
- priority_reward: 168.0000
- critical_job_reward: 48.8926
- placement_reward: -64.6667
- timeliness_reward: 337.7290
- machine_idle_penalty: -276.3500

CUMULATIVE TOTAL: -252.0755

CRITICAL STATE INFO:
- Valid actions: ['J1', 'J2', 'J3', 'J4', 'J5', 'J6', 'J7', 'J9', 'J11', 'J12', 'J13', 'J14', 'J16', 'J17', 'J18', 'J19', 'J20', 'J23', 'J24', 'J25', 'J26', 'J27', 'J28', 'J30']
- Machine states:
  - Machine M1: Time=4072.00, Idle=80.00, Material=Citybike_Steuerrohr_ausgerieben
  - Machine M2: Time=4152.00, Idle=0.00, Material=Racebike_Bremsaufnahme_gebohrt
  - Machine M3: Time=4118.00, Idle=34.00, Material=Racebike_Rahmen_nachbearbeitet
==================================================

2025-06-18 13:45:35,016 - JSPGymEnvironment - INFO - Material change on machine M2: Racebike_Bremsaufnahme_gebohrt -> Citybike_Antrieb_installiert, setup time: 25
2025-06-18 13:45:35,016 - JSPGymEnvironment - INFO - Executed operation: Job J3, Op 1, Machine M2, Start: 4177, End: 4199, Setup: 25
2025-06-18 13:45:35,016 - JSPGymEnvironment - INFO - 
===== REWARD DETAILS FOR STEP 75 =====
Job: J3, Operation: 1, Job Completed: False
Current Time: 4152.00 -> 4199.00, Setup Time: 25.00
Processing Time: 22.00, Idle Time: 0.00
Completed Jobs: 6/30
Machine: M2, Material: Citybike_Antrieb_installiert

REWARD COMPONENTS:
- makespan_reward: -0.2350
- setup_reward: -6.2500
- deadline_reward: 0.0000
- priority_reward: 0.0000
- critical_job_reward: 0.0000
- placement_reward: 0.0000
- timeliness_reward: -4.8364
- machine_idle_penalty: -2.6000

TOTAL REWARD: -13.9214

CUMULATIVE REWARD COMPONENTS:
- makespan_reward: -20.9950
- setup_reward: -488.2500
- deadline_reward: 37.0796
- priority_reward: 168.0000
- critical_job_reward: 48.8926
- placement_reward: -64.6667
- timeliness_reward: 332.8926
- machine_idle_penalty: -278.9500

CUMULATIVE TOTAL: -265.9969

CRITICAL STATE INFO:
- Valid actions: ['J1', 'J2', 'J3', 'J4', 'J5', 'J6', 'J7', 'J9', 'J11', 'J12', 'J13', 'J14', 'J16', 'J17', 'J18', 'J19', 'J20', 'J23', 'J24', 'J25', 'J26', 'J27', 'J28', 'J30']
- Machine states:
  - Machine M1: Time=4072.00, Idle=127.00, Material=Citybike_Steuerrohr_ausgerieben
  - Machine M2: Time=4199.00, Idle=0.00, Material=Citybike_Antrieb_installiert
  - Machine M3: Time=4118.00, Idle=81.00, Material=Racebike_Rahmen_nachbearbeitet
==================================================

2025-06-18 13:45:35,169 - JSPGymEnvironment - INFO - Material change on machine M1: Citybike_Steuerrohr_ausgerieben -> E-Bike_Bremsen_justiert, setup time: 40
2025-06-18 13:45:35,169 - JSPGymEnvironment - INFO - Executed operation: Job J28, Op 2, Machine M1, Start: 4239, End: 4265, Setup: 40
2025-06-18 13:45:35,169 - JSPGymEnvironment - INFO - 
===== REWARD DETAILS FOR STEP 76 =====
Job: J28, Operation: 2, Job Completed: False
Current Time: 4199.00 -> 4265.00, Setup Time: 40.00
Processing Time: 26.00, Idle Time: 0.00
Completed Jobs: 6/30
Machine: M1, Material: E-Bike_Bremsen_justiert

REWARD COMPONENTS:
- makespan_reward: -0.3300
- setup_reward: -10.0000
- deadline_reward: 0.0000
- priority_reward: 0.0000
- critical_job_reward: 0.5000
- placement_reward: -2.5000
- timeliness_reward: -4.9328
- machine_idle_penalty: -2.6625

TOTAL REWARD: -19.9253

CUMULATIVE REWARD COMPONENTS:
- makespan_reward: -21.3250
- setup_reward: -498.2500
- deadline_reward: 37.0796
- priority_reward: 168.0000
- critical_job_reward: 49.3926
- placement_reward: -67.1667
- timeliness_reward: 327.9598
- machine_idle_penalty: -281.6125

CUMULATIVE TOTAL: -285.9222

CRITICAL STATE INFO:
- Valid actions: ['J1', 'J2', 'J3', 'J4', 'J5', 'J6', 'J7', 'J9', 'J11', 'J12', 'J13', 'J14', 'J16', 'J17', 'J18', 'J19', 'J20', 'J23', 'J24', 'J25', 'J26', 'J27', 'J28', 'J30']
- Machine states:
  - Machine M1: Time=4265.00, Idle=0.00, Material=E-Bike_Bremsen_justiert
  - Machine M2: Time=4199.00, Idle=66.00, Material=Citybike_Antrieb_installiert
  - Machine M3: Time=4118.00, Idle=147.00, Material=Racebike_Rahmen_nachbearbeitet
==================================================

2025-06-18 13:45:35,246 - JSPGymEnvironment - INFO - Material change on machine M2: Citybike_Antrieb_installiert -> Racebike_Tretlageraufnahme_geschweisst, setup time: 16
2025-06-18 13:45:35,246 - JSPGymEnvironment - INFO - Executed operation: Job J1, Op 3, Machine M2, Start: 4281, End: 4291, Setup: 16
2025-06-18 13:45:35,246 - JSPGymEnvironment - INFO - 
===== REWARD DETAILS FOR STEP 77 =====
Job: J1, Operation: 3, Job Completed: False
Current Time: 4265.00 -> 4291.00, Setup Time: 16.00
Processing Time: 10.00, Idle Time: 0.00
Completed Jobs: 6/30
Machine: M2, Material: Racebike_Tretlageraufnahme_geschweisst

REWARD COMPONENTS:
- makespan_reward: -0.1300
- setup_reward: -4.0000
- deadline_reward: 0.0000
- priority_reward: 0.0000
- critical_job_reward: 0.5000
- placement_reward: -0.8333
- timeliness_reward: -4.9676
- machine_idle_penalty: -2.4875

TOTAL REWARD: -11.9184

CUMULATIVE REWARD COMPONENTS:
- makespan_reward: -21.4550
- setup_reward: -502.2500
- deadline_reward: 37.0796
- priority_reward: 168.0000
- critical_job_reward: 49.8926
- placement_reward: -68.0000
- timeliness_reward: 322.9922
- machine_idle_penalty: -284.1000

CUMULATIVE TOTAL: -297.8406

CRITICAL STATE INFO:
- Valid actions: ['J1', 'J2', 'J3', 'J4', 'J5', 'J6', 'J7', 'J9', 'J11', 'J12', 'J13', 'J14', 'J16', 'J17', 'J18', 'J19', 'J20', 'J23', 'J24', 'J25', 'J26', 'J27', 'J28', 'J30']
- Machine states:
  - Machine M1: Time=4265.00, Idle=26.00, Material=E-Bike_Bremsen_justiert
  - Machine M2: Time=4291.00, Idle=0.00, Material=Racebike_Tretlageraufnahme_geschweisst
  - Machine M3: Time=4118.00, Idle=173.00, Material=Racebike_Rahmen_nachbearbeitet
==================================================

2025-06-18 13:45:35,324 - JSPGymEnvironment - INFO - Material change on machine M2: Racebike_Tretlageraufnahme_geschweisst -> Mountainbike_Antrieb_installiert, setup time: 18
2025-06-18 13:45:35,324 - JSPGymEnvironment - INFO - Executed operation: Job J9, Op 2, Machine M2, Start: 4309, End: 4331, Setup: 18
2025-06-18 13:45:35,324 - JSPGymEnvironment - INFO - 
===== REWARD DETAILS FOR STEP 78 =====
Job: J9, Operation: 2, Job Completed: False
Current Time: 4291.00 -> 4331.00, Setup Time: 18.00
Processing Time: 22.00, Idle Time: 0.00
Completed Jobs: 6/30
Machine: M2, Material: Mountainbike_Antrieb_installiert

REWARD COMPONENTS:
- makespan_reward: -0.2000
- setup_reward: -4.5000
- deadline_reward: 0.0000
- priority_reward: 0.0000
- critical_job_reward: 0.0000
- placement_reward: 0.0000
- timeliness_reward: -5.0176
- machine_idle_penalty: -3.4875

TOTAL REWARD: -13.2051

CUMULATIVE REWARD COMPONENTS:
- makespan_reward: -21.6550
- setup_reward: -506.7500
- deadline_reward: 37.0796
- priority_reward: 168.0000
- critical_job_reward: 49.8926
- placement_reward: -68.0000
- timeliness_reward: 317.9746
- machine_idle_penalty: -287.5875

CUMULATIVE TOTAL: -311.0457

CRITICAL STATE INFO:
- Valid actions: ['J1', 'J2', 'J3', 'J4', 'J5', 'J6', 'J7', 'J9', 'J11', 'J12', 'J13', 'J14', 'J16', 'J17', 'J18', 'J19', 'J20', 'J23', 'J24', 'J25', 'J26', 'J27', 'J28', 'J30']
- Machine states:
  - Machine M1: Time=4265.00, Idle=66.00, Material=E-Bike_Bremsen_justiert
  - Machine M2: Time=4331.00, Idle=0.00, Material=Mountainbike_Antrieb_installiert
  - Machine M3: Time=4118.00, Idle=213.00, Material=Racebike_Rahmen_nachbearbeitet
==================================================

2025-06-18 13:45:35,480 - JSPGymEnvironment - INFO - Material change on machine M1: E-Bike_Bremsen_justiert -> Citybike_Bremsen_justiert, setup time: 48
2025-06-18 13:45:35,480 - JSPGymEnvironment - INFO - Executed operation: Job J18, Op 2, Machine M1, Start: 4379, End: 4410, Setup: 48
2025-06-18 13:45:35,480 - JSPGymEnvironment - INFO - 
===== REWARD DETAILS FOR STEP 79 =====
Job: J18, Operation: 2, Job Completed: False
Current Time: 4331.00 -> 4410.00, Setup Time: 48.00
Processing Time: 31.00, Idle Time: 0.00
Completed Jobs: 6/30
Machine: M1, Material: Citybike_Bremsen_justiert

REWARD COMPONENTS:
- makespan_reward: -0.3950
- setup_reward: -12.0000
- deadline_reward: 0.0000
- priority_reward: 0.0000
- critical_job_reward: 0.0000
- placement_reward: 0.0000
- timeliness_reward: -5.1054
- machine_idle_penalty: -4.6375

TOTAL REWARD: -22.1379

CUMULATIVE REWARD COMPONENTS:
- makespan_reward: -22.0500
- setup_reward: -518.7500
- deadline_reward: 37.0796
- priority_reward: 168.0000
- critical_job_reward: 49.8926
- placement_reward: -68.0000
- timeliness_reward: 312.8692
- machine_idle_penalty: -292.2250

CUMULATIVE TOTAL: -333.1836

CRITICAL STATE INFO:
- Valid actions: ['J1', 'J2', 'J3', 'J4', 'J5', 'J6', 'J7', 'J9', 'J11', 'J12', 'J13', 'J14', 'J16', 'J17', 'J18', 'J19', 'J20', 'J23', 'J24', 'J25', 'J26', 'J27', 'J28', 'J30']
- Machine states:
  - Machine M1: Time=4410.00, Idle=0.00, Material=Citybike_Bremsen_justiert
  - Machine M2: Time=4331.00, Idle=79.00, Material=Mountainbike_Antrieb_installiert
  - Machine M3: Time=4118.00, Idle=292.00, Material=Racebike_Rahmen_nachbearbeitet
==================================================

2025-06-18 13:45:35,556 - JSPGymEnvironment - INFO - Material change on machine M2: Mountainbike_Antrieb_installiert -> Citybike_Tretlager_gefraest, setup time: 22
2025-06-18 13:45:35,556 - JSPGymEnvironment - INFO - Executed operation: Job J3, Op 2, Machine M2, Start: 4432, End: 4444, Setup: 22
2025-06-18 13:45:35,557 - JSPGymEnvironment - INFO - 
===== REWARD DETAILS FOR STEP 80 =====
Job: J3, Operation: 2, Job Completed: False
Current Time: 4410.00 -> 4444.00, Setup Time: 22.00
Processing Time: 12.00, Idle Time: 0.00
Completed Jobs: 6/30
Machine: M2, Material: Citybike_Tretlager_gefraest

REWARD COMPONENTS:
- makespan_reward: -0.1700
- setup_reward: -5.5000
- deadline_reward: 0.0000
- priority_reward: 0.0000
- critical_job_reward: 0.0000
- placement_reward: 0.0000
- timeliness_reward: -5.1392
- machine_idle_penalty: -4.5000

TOTAL REWARD: -15.3092

CUMULATIVE REWARD COMPONENTS:
- makespan_reward: -22.2200
- setup_reward: -524.2500
- deadline_reward: 37.0796
- priority_reward: 168.0000
- critical_job_reward: 49.8926
- placement_reward: -68.0000
- timeliness_reward: 307.7300
- machine_idle_penalty: -296.7250

CUMULATIVE TOTAL: -348.4928

CRITICAL STATE INFO:
- Valid actions: ['J1', 'J2', 'J3', 'J4', 'J5', 'J6', 'J7', 'J9', 'J11', 'J12', 'J13', 'J14', 'J16', 'J17', 'J18', 'J19', 'J20', 'J23', 'J24', 'J25', 'J26', 'J27', 'J28', 'J30']
- Machine states:
  - Machine M1: Time=4410.00, Idle=34.00, Material=Citybike_Bremsen_justiert
  - Machine M2: Time=4444.00, Idle=0.00, Material=Citybike_Tretlager_gefraest
  - Machine M3: Time=4118.00, Idle=326.00, Material=Racebike_Rahmen_nachbearbeitet
==================================================

2025-06-18 13:45:35,635 - JSPGymEnvironment - INFO - Material change on machine M1: Citybike_Bremsen_justiert -> Mountainbike_Antrieb_installiert, setup time: 30
2025-06-18 13:45:35,636 - JSPGymEnvironment - INFO - Executed operation: Job J23, Op 2, Machine M1, Start: 4474, End: 4517, Setup: 30
2025-06-18 13:45:35,636 - JSPGymEnvironment - INFO - 
===== REWARD DETAILS FOR STEP 81 =====
Job: J23, Operation: 2, Job Completed: False
Current Time: 4444.00 -> 4517.00, Setup Time: 30.00
Processing Time: 43.00, Idle Time: 0.00
Completed Jobs: 6/30
Machine: M1, Material: Mountainbike_Antrieb_installiert

REWARD COMPONENTS:
- makespan_reward: -0.3650
- setup_reward: -7.5000
- deadline_reward: 0.0000
- priority_reward: 0.0000
- critical_job_reward: 0.0000
- placement_reward: 0.0000
- timeliness_reward: -5.2042
- machine_idle_penalty: -5.9000

TOTAL REWARD: -18.9692

CUMULATIVE REWARD COMPONENTS:
- makespan_reward: -22.5850
- setup_reward: -531.7500
- deadline_reward: 37.0796
- priority_reward: 168.0000
- critical_job_reward: 49.8926
- placement_reward: -68.0000
- timeliness_reward: 302.5258
- machine_idle_penalty: -302.6250

CUMULATIVE TOTAL: -367.4620

CRITICAL STATE INFO:
- Valid actions: ['J1', 'J2', 'J3', 'J4', 'J5', 'J6', 'J7', 'J9', 'J11', 'J12', 'J13', 'J14', 'J16', 'J17', 'J18', 'J19', 'J20', 'J23', 'J24', 'J25', 'J26', 'J27', 'J28', 'J30']
- Machine states:
  - Machine M1: Time=4517.00, Idle=0.00, Material=Mountainbike_Antrieb_installiert
  - Machine M2: Time=4444.00, Idle=73.00, Material=Citybike_Tretlager_gefraest
  - Machine M3: Time=4118.00, Idle=399.00, Material=Racebike_Rahmen_nachbearbeitet
==================================================

2025-06-18 13:45:35,713 - JSPGymEnvironment - INFO - Material change on machine M2: Citybike_Tretlager_gefraest -> Racebike_Hinterbau_vorbereitet, setup time: 16
2025-06-18 13:45:35,713 - JSPGymEnvironment - INFO - Executed operation: Job J1, Op 4, Machine M2, Start: 4533, End: 4543, Setup: 16
2025-06-18 13:45:35,714 - JSPGymEnvironment - INFO - 
===== REWARD DETAILS FOR STEP 82 =====
Job: J1, Operation: 4, Job Completed: False
Current Time: 4517.00 -> 4543.00, Setup Time: 16.00
Processing Time: 10.00, Idle Time: 0.00
Completed Jobs: 6/30
Machine: M2, Material: Racebike_Hinterbau_vorbereitet

REWARD COMPONENTS:
- makespan_reward: -0.1300
- setup_reward: -4.0000
- deadline_reward: 0.0000
- priority_reward: 0.0000
- critical_job_reward: 0.5000
- placement_reward: -0.8333
- timeliness_reward: -5.2252
- machine_idle_penalty: -5.6375

TOTAL REWARD: -15.3260

CUMULATIVE REWARD COMPONENTS:
- makespan_reward: -22.7150
- setup_reward: -535.7500
- deadline_reward: 37.0796
- priority_reward: 168.0000
- critical_job_reward: 50.3926
- placement_reward: -68.8333
- timeliness_reward: 297.3006
- machine_idle_penalty: -308.2625

CUMULATIVE TOTAL: -382.7880

CRITICAL STATE INFO:
- Valid actions: ['J1', 'J2', 'J3', 'J4', 'J5', 'J6', 'J7', 'J9', 'J11', 'J12', 'J13', 'J14', 'J16', 'J17', 'J18', 'J19', 'J20', 'J23', 'J24', 'J25', 'J26', 'J27', 'J28', 'J30']
- Machine states:
  - Machine M1: Time=4517.00, Idle=26.00, Material=Mountainbike_Antrieb_installiert
  - Machine M2: Time=4543.00, Idle=0.00, Material=Racebike_Hinterbau_vorbereitet
  - Machine M3: Time=4118.00, Idle=425.00, Material=Racebike_Rahmen_nachbearbeitet
==================================================

2025-06-18 13:45:35,872 - JSPGymEnvironment - INFO - Material change on machine M3: Racebike_Rahmen_nachbearbeitet -> E-Bike_Hauptrahmen_zugeschnitten, setup time: 16
2025-06-18 13:45:35,872 - JSPGymEnvironment - INFO - Executed operation: Job J2, Op 1, Machine M3, Start: 4559, End: 4601, Setup: 16
2025-06-18 13:45:35,872 - JSPGymEnvironment - INFO - 
===== REWARD DETAILS FOR STEP 83 =====
Job: J2, Operation: 1, Job Completed: False
Current Time: 4543.00 -> 4601.00, Setup Time: 16.00
Processing Time: 42.00, Idle Time: 0.00
Completed Jobs: 6/30
Machine: M3, Material: E-Bike_Hauptrahmen_zugeschnitten

REWARD COMPONENTS:
- makespan_reward: -0.2900
- setup_reward: -4.0000
- deadline_reward: 0.0000
- priority_reward: 0.0000
- critical_job_reward: 0.5000
- placement_reward: -1.6667
- timeliness_reward: -5.2680
- machine_idle_penalty: -1.7750

TOTAL REWARD: -12.4997

CUMULATIVE REWARD COMPONENTS:
- makespan_reward: -23.0050
- setup_reward: -539.7500
- deadline_reward: 37.0796
- priority_reward: 168.0000
- critical_job_reward: 50.8926
- placement_reward: -70.5000
- timeliness_reward: 292.0326
- machine_idle_penalty: -310.0375

CUMULATIVE TOTAL: -395.2878

CRITICAL STATE INFO:
- Valid actions: ['J1', 'J2', 'J3', 'J4', 'J5', 'J6', 'J7', 'J9', 'J11', 'J12', 'J13', 'J14', 'J16', 'J17', 'J18', 'J19', 'J20', 'J23', 'J24', 'J25', 'J26', 'J27', 'J28', 'J30']
- Machine states:
  - Machine M1: Time=4517.00, Idle=84.00, Material=Mountainbike_Antrieb_installiert
  - Machine M2: Time=4543.00, Idle=58.00, Material=Racebike_Hinterbau_vorbereitet
  - Machine M3: Time=4601.00, Idle=0.00, Material=E-Bike_Hauptrahmen_zugeschnitten
==================================================

2025-06-18 13:45:35,949 - JSPGymEnvironment - INFO - Material change on machine M1: Mountainbike_Antrieb_installiert -> E-Bike_Schaltauge_bearbeitet, setup time: 50
2025-06-18 13:45:35,950 - JSPGymEnvironment - INFO - Executed operation: Job J19, Op 3, Machine M1, Start: 4651, End: 4672, Setup: 50
2025-06-18 13:45:35,950 - JSPGymEnvironment - INFO - 
===== REWARD DETAILS FOR STEP 84 =====
Job: J19, Operation: 3, Job Completed: False
Current Time: 4601.00 -> 4672.00, Setup Time: 50.00
Processing Time: 21.00, Idle Time: 0.00
Completed Jobs: 6/30
Machine: M1, Material: E-Bike_Schaltauge_bearbeitet

REWARD COMPONENTS:
- makespan_reward: -0.3550
- setup_reward: -12.5000
- deadline_reward: 0.0000
- priority_reward: 0.0000
- critical_job_reward: 0.5000
- placement_reward: -1.6667
- timeliness_reward: -5.3140
- machine_idle_penalty: -2.5000

TOTAL REWARD: -21.8357

CUMULATIVE REWARD COMPONENTS:
- makespan_reward: -23.3600
- setup_reward: -552.2500
- deadline_reward: 37.0796
- priority_reward: 168.0000
- critical_job_reward: 51.3926
- placement_reward: -72.1667
- timeliness_reward: 286.7185
- machine_idle_penalty: -312.5375

CUMULATIVE TOTAL: -417.1235

CRITICAL STATE INFO:
- Valid actions: ['J1', 'J2', 'J3', 'J4', 'J5', 'J6', 'J7', 'J9', 'J11', 'J12', 'J13', 'J14', 'J16', 'J17', 'J18', 'J19', 'J20', 'J23', 'J24', 'J25', 'J26', 'J27', 'J28', 'J30']
- Machine states:
  - Machine M1: Time=4672.00, Idle=0.00, Material=E-Bike_Schaltauge_bearbeitet
  - Machine M2: Time=4543.00, Idle=129.00, Material=Racebike_Hinterbau_vorbereitet
  - Machine M3: Time=4601.00, Idle=71.00, Material=E-Bike_Hauptrahmen_zugeschnitten
==================================================

2025-06-18 13:45:36,028 - JSPGymEnvironment - INFO - Material change on machine M3: E-Bike_Hauptrahmen_zugeschnitten -> Racebike_Hauptrahmen_zugeschnitten, setup time: 24
2025-06-18 13:45:36,028 - JSPGymEnvironment - INFO - Executed operation: Job J24, Op 3, Machine M3, Start: 4696, End: 4721, Setup: 24
2025-06-18 13:45:36,029 - JSPGymEnvironment - INFO - 
===== REWARD DETAILS FOR STEP 85 =====
Job: J24, Operation: 3, Job Completed: False
Current Time: 4672.00 -> 4721.00, Setup Time: 24.00
Processing Time: 25.00, Idle Time: 0.00
Completed Jobs: 6/30
Machine: M3, Material: Racebike_Hauptrahmen_zugeschnitten

REWARD COMPONENTS:
- makespan_reward: -0.2450
- setup_reward: -6.0000
- deadline_reward: 0.0000
- priority_reward: 0.0000
- critical_job_reward: 0.5000
- placement_reward: -1.6667
- timeliness_reward: -5.3421
- machine_idle_penalty: -2.8375

TOTAL REWARD: -15.5912

CUMULATIVE REWARD COMPONENTS:
- makespan_reward: -23.6050
- setup_reward: -558.2500
- deadline_reward: 37.0796
- priority_reward: 168.0000
- critical_job_reward: 51.8926
- placement_reward: -73.8333
- timeliness_reward: 281.3765
- machine_idle_penalty: -315.3750

CUMULATIVE TOTAL: -432.7147

CRITICAL STATE INFO:
- Valid actions: ['J1', 'J2', 'J3', 'J4', 'J5', 'J6', 'J7', 'J9', 'J11', 'J12', 'J13', 'J14', 'J16', 'J17', 'J18', 'J19', 'J20', 'J23', 'J24', 'J25', 'J26', 'J27', 'J28', 'J30']
- Machine states:
  - Machine M1: Time=4672.00, Idle=49.00, Material=E-Bike_Schaltauge_bearbeitet
  - Machine M2: Time=4543.00, Idle=178.00, Material=Racebike_Hinterbau_vorbereitet
  - Machine M3: Time=4721.00, Idle=0.00, Material=Racebike_Hauptrahmen_zugeschnitten
==================================================

2025-06-18 13:45:36,184 - JSPGymEnvironment - INFO - Material change on machine M3: Racebike_Hauptrahmen_zugeschnitten -> Racebike_Tretlager_gefraest, setup time: 15
2025-06-18 13:45:36,184 - JSPGymEnvironment - INFO - Executed operation: Job J17, Op 1, Machine M3, Start: 4736, End: 4780, Setup: 15
2025-06-18 13:45:36,184 - JSPGymEnvironment - INFO - 
===== REWARD DETAILS FOR STEP 86 =====
Job: J17, Operation: 1, Job Completed: False
Current Time: 4721.00 -> 4780.00, Setup Time: 15.00
Processing Time: 44.00, Idle Time: 0.00
Completed Jobs: 6/30
Machine: M3, Material: Racebike_Tretlager_gefraest

REWARD COMPONENTS:
- makespan_reward: -0.2950
- setup_reward: -3.7500
- deadline_reward: 0.0000
- priority_reward: 0.0000
- critical_job_reward: 0.5000
- placement_reward: -1.6667
- timeliness_reward: -5.3722
- machine_idle_penalty: -4.3125

TOTAL REWARD: -14.8964

CUMULATIVE REWARD COMPONENTS:
- makespan_reward: -23.9000
- setup_reward: -562.0000
- deadline_reward: 37.0796
- priority_reward: 168.0000
- critical_job_reward: 52.3926
- placement_reward: -75.5000
- timeliness_reward: 276.0042
- machine_idle_penalty: -319.6875

CUMULATIVE TOTAL: -447.6111

CRITICAL STATE INFO:
- Valid actions: ['J1', 'J2', 'J3', 'J4', 'J5', 'J6', 'J7', 'J9', 'J11', 'J12', 'J13', 'J14', 'J16', 'J17', 'J18', 'J19', 'J20', 'J23', 'J24', 'J25', 'J26', 'J27', 'J28', 'J30']
- Machine states:
  - Machine M1: Time=4672.00, Idle=108.00, Material=E-Bike_Schaltauge_bearbeitet
  - Machine M2: Time=4543.00, Idle=237.00, Material=Racebike_Hinterbau_vorbereitet
  - Machine M3: Time=4780.00, Idle=0.00, Material=Racebike_Tretlager_gefraest
==================================================

2025-06-18 13:45:36,263 - JSPGymEnvironment - INFO - Material change on machine M1: E-Bike_Schaltauge_bearbeitet -> Mountainbike_Fahrrad_endmontiert, setup time: 59
2025-06-18 13:45:36,264 - JSPGymEnvironment - INFO - Executed operation: Job J9, Op 3, Machine M1, Start: 4839, End: 4876, Setup: 59
2025-06-18 13:45:36,264 - JSPGymEnvironment - INFO - 
===== REWARD DETAILS FOR STEP 87 =====
Job: J9, Operation: 3, Job Completed: False
Current Time: 4780.00 -> 4876.00, Setup Time: 59.00
Processing Time: 37.00, Idle Time: 0.00
Completed Jobs: 6/30
Machine: M1, Material: Mountainbike_Fahrrad_endmontiert

REWARD COMPONENTS:
- makespan_reward: -0.4800
- setup_reward: -14.7500
- deadline_reward: 0.0000
- priority_reward: 0.0000
- critical_job_reward: 0.0000
- placement_reward: 0.0000
- timeliness_reward: -5.4141
- machine_idle_penalty: -5.3625

TOTAL REWARD: -26.0066

CUMULATIVE REWARD COMPONENTS:
- makespan_reward: -24.3800
- setup_reward: -576.7500
- deadline_reward: 37.0796
- priority_reward: 168.0000
- critical_job_reward: 52.3926
- placement_reward: -75.5000
- timeliness_reward: 270.5901
- machine_idle_penalty: -325.0500

CUMULATIVE TOTAL: -473.6177

CRITICAL STATE INFO:
- Valid actions: ['J1', 'J2', 'J3', 'J4', 'J5', 'J6', 'J7', 'J9', 'J11', 'J12', 'J13', 'J14', 'J16', 'J17', 'J18', 'J19', 'J20', 'J23', 'J24', 'J25', 'J26', 'J27', 'J28', 'J30']
- Machine states:
  - Machine M1: Time=4876.00, Idle=0.00, Material=Mountainbike_Fahrrad_endmontiert
  - Machine M2: Time=4543.00, Idle=333.00, Material=Racebike_Hinterbau_vorbereitet
  - Machine M3: Time=4780.00, Idle=96.00, Material=Racebike_Tretlager_gefraest
==================================================

2025-06-18 13:45:36,344 - JSPGymEnvironment - INFO - Material change on machine M3: Racebike_Tretlager_gefraest -> Racebike_Steuerrohr_montiert, setup time: 15
2025-06-18 13:45:36,344 - JSPGymEnvironment - INFO - Executed operation: Job J1, Op 5, Machine M3, Start: 4891, End: 4930, Setup: 15
2025-06-18 13:45:36,344 - JSPGymEnvironment - INFO - 
===== REWARD DETAILS FOR STEP 88 =====
Job: J1, Operation: 5, Job Completed: False
Current Time: 4876.00 -> 4930.00, Setup Time: 15.00
Processing Time: 39.00, Idle Time: 0.00
Completed Jobs: 6/30
Machine: M3, Material: Racebike_Steuerrohr_montiert

REWARD COMPONENTS:
- makespan_reward: -0.2700
- setup_reward: -3.7500
- deadline_reward: 0.0000
- priority_reward: 0.0000
- critical_job_reward: 0.5000
- placement_reward: -0.8333
- timeliness_reward: -5.4342
- machine_idle_penalty: -5.5125

TOTAL REWARD: -15.3000

CUMULATIVE REWARD COMPONENTS:
- makespan_reward: -24.6500
- setup_reward: -580.5000
- deadline_reward: 37.0796
- priority_reward: 168.0000
- critical_job_reward: 52.8926
- placement_reward: -76.3333
- timeliness_reward: 265.1560
- machine_idle_penalty: -330.5625

CUMULATIVE TOTAL: -488.9177

CRITICAL STATE INFO:
- Valid actions: ['J1', 'J2', 'J3', 'J4', 'J5', 'J6', 'J7', 'J9', 'J11', 'J12', 'J13', 'J14', 'J16', 'J17', 'J18', 'J19', 'J20', 'J23', 'J24', 'J25', 'J26', 'J27', 'J28', 'J30']
- Machine states:
  - Machine M1: Time=4876.00, Idle=54.00, Material=Mountainbike_Fahrrad_endmontiert
  - Machine M2: Time=4543.00, Idle=387.00, Material=Racebike_Hinterbau_vorbereitet
  - Machine M3: Time=4930.00, Idle=0.00, Material=Racebike_Steuerrohr_montiert
==================================================

2025-06-18 13:45:36,422 - JSPGymEnvironment - INFO - Material change on machine M2: Racebike_Hinterbau_vorbereitet -> Racebike_Rahmen_nachbearbeitet, setup time: 20
2025-06-18 13:45:36,422 - JSPGymEnvironment - INFO - Executed operation: Job J1, Op 6, Machine M2, Start: 4950, End: 4961, Setup: 20
2025-06-18 13:45:36,423 - JSPGymEnvironment - INFO - 
===== REWARD DETAILS FOR STEP 89 =====
Job: J1, Operation: 6, Job Completed: False
Current Time: 4930.00 -> 4961.00, Setup Time: 20.00
Processing Time: 11.00, Idle Time: 0.00
Completed Jobs: 6/30
Machine: M2, Material: Racebike_Rahmen_nachbearbeitet

REWARD COMPONENTS:
- makespan_reward: -0.1550
- setup_reward: -5.0000
- deadline_reward: 0.0000
- priority_reward: 0.0000
- critical_job_reward: 0.5000
- placement_reward: -0.8333
- timeliness_reward: -5.4447
- machine_idle_penalty: -1.4500

TOTAL REWARD: -12.3831

CUMULATIVE REWARD COMPONENTS:
- makespan_reward: -24.8050
- setup_reward: -585.5000
- deadline_reward: 37.0796
- priority_reward: 168.0000
- critical_job_reward: 53.3926
- placement_reward: -77.1667
- timeliness_reward: 259.7112
- machine_idle_penalty: -332.0125

CUMULATIVE TOTAL: -501.3008

CRITICAL STATE INFO:
- Valid actions: ['J1', 'J2', 'J3', 'J4', 'J5', 'J6', 'J7', 'J9', 'J11', 'J12', 'J13', 'J14', 'J16', 'J17', 'J18', 'J19', 'J20', 'J23', 'J24', 'J25', 'J26', 'J27', 'J28', 'J30']
- Machine states:
  - Machine M1: Time=4876.00, Idle=85.00, Material=Mountainbike_Fahrrad_endmontiert
  - Machine M2: Time=4961.00, Idle=0.00, Material=Racebike_Rahmen_nachbearbeitet
  - Machine M3: Time=4930.00, Idle=31.00, Material=Racebike_Steuerrohr_montiert
==================================================

2025-06-18 13:45:36,576 - JSPGymEnvironment - INFO - Material change on machine M3: Racebike_Steuerrohr_montiert -> E-Bike_Tretlageraufnahme_geschweisst, setup time: 16
2025-06-18 13:45:36,576 - JSPGymEnvironment - INFO - Executed operation: Job J27, Op 2, Machine M3, Start: 4977, End: 5036, Setup: 16
2025-06-18 13:45:36,577 - JSPGymEnvironment - INFO - 
===== REWARD DETAILS FOR STEP 90 =====
Job: J27, Operation: 2, Job Completed: False
Current Time: 4961.00 -> 5036.00, Setup Time: 16.00
Processing Time: 59.00, Idle Time: 0.00
Completed Jobs: 6/30
Machine: M3, Material: E-Bike_Tretlageraufnahme_geschweisst

REWARD COMPONENTS:
- makespan_reward: -0.3750
- setup_reward: -4.0000
- deadline_reward: 0.0000
- priority_reward: 0.0000
- critical_job_reward: 0.5000
- placement_reward: -1.6667
- timeliness_reward: -5.4676
- machine_idle_penalty: -2.9375

TOTAL REWARD: -13.9467

CUMULATIVE REWARD COMPONENTS:
- makespan_reward: -25.1800
- setup_reward: -589.5000
- deadline_reward: 37.0796
- priority_reward: 168.0000
- critical_job_reward: 53.8926
- placement_reward: -78.8333
- timeliness_reward: 254.2436
- machine_idle_penalty: -334.9500

CUMULATIVE TOTAL: -515.2475

CRITICAL STATE INFO:
- Valid actions: ['J1', 'J2', 'J3', 'J4', 'J5', 'J6', 'J7', 'J9', 'J11', 'J12', 'J13', 'J14', 'J16', 'J17', 'J18', 'J19', 'J20', 'J23', 'J24', 'J25', 'J26', 'J27', 'J28', 'J30']
- Machine states:
  - Machine M1: Time=4876.00, Idle=160.00, Material=Mountainbike_Fahrrad_endmontiert
  - Machine M2: Time=4961.00, Idle=75.00, Material=Racebike_Rahmen_nachbearbeitet
  - Machine M3: Time=5036.00, Idle=0.00, Material=E-Bike_Tretlageraufnahme_geschweisst
==================================================

2025-06-18 13:45:36,656 - JSPGymEnvironment - INFO - Material change on machine M2: Racebike_Rahmen_nachbearbeitet -> Citybike_Bremsaufnahme_gebohrt, setup time: 25
2025-06-18 13:45:36,656 - JSPGymEnvironment - INFO - Executed operation: Job J25, Op 2, Machine M2, Start: 5061, End: 5090, Setup: 25
2025-06-18 13:45:36,657 - JSPGymEnvironment - INFO - 
===== REWARD DETAILS FOR STEP 91 =====
Job: J25, Operation: 2, Job Completed: False
Current Time: 5036.00 -> 5090.00, Setup Time: 25.00
Processing Time: 29.00, Idle Time: 0.00
Completed Jobs: 6/30
Machine: M2, Material: Citybike_Bremsaufnahme_gebohrt

REWARD COMPONENTS:
- makespan_reward: -0.2700
- setup_reward: -6.2500
- deadline_reward: 0.0000
- priority_reward: 0.0000
- critical_job_reward: 0.0000
- placement_reward: 0.0000
- timeliness_reward: -5.4819
- machine_idle_penalty: -3.3500

TOTAL REWARD: -15.3519

CUMULATIVE REWARD COMPONENTS:
- makespan_reward: -25.4500
- setup_reward: -595.7500
- deadline_reward: 37.0796
- priority_reward: 168.0000
- critical_job_reward: 53.8926
- placement_reward: -78.8333
- timeliness_reward: 248.7617
- machine_idle_penalty: -338.3000

CUMULATIVE TOTAL: -530.5995

CRITICAL STATE INFO:
- Valid actions: ['J1', 'J2', 'J3', 'J4', 'J5', 'J6', 'J7', 'J9', 'J11', 'J12', 'J13', 'J14', 'J16', 'J17', 'J18', 'J19', 'J20', 'J23', 'J24', 'J25', 'J26', 'J27', 'J28', 'J30']
- Machine states:
  - Machine M1: Time=4876.00, Idle=214.00, Material=Mountainbike_Fahrrad_endmontiert
  - Machine M2: Time=5090.00, Idle=0.00, Material=Citybike_Bremsaufnahme_gebohrt
  - Machine M3: Time=5036.00, Idle=54.00, Material=E-Bike_Tretlageraufnahme_geschweisst
==================================================

2025-06-18 13:45:36,735 - JSPGymEnvironment - INFO - Material change on machine M3: E-Bike_Tretlageraufnahme_geschweisst -> Racebike_Tretlageraufnahme_geschweisst, setup time: 24
2025-06-18 13:45:36,735 - JSPGymEnvironment - INFO - Executed operation: Job J26, Op 1, Machine M3, Start: 5114, End: 5150, Setup: 24
2025-06-18 13:45:36,735 - JSPGymEnvironment - INFO - 
===== REWARD DETAILS FOR STEP 92 =====
Job: J26, Operation: 1, Job Completed: False
Current Time: 5090.00 -> 5150.00, Setup Time: 24.00
Processing Time: 36.00, Idle Time: 0.00
Completed Jobs: 6/30
Machine: M3, Material: Racebike_Tretlageraufnahme_geschweisst

REWARD COMPONENTS:
- makespan_reward: -0.3000
- setup_reward: -6.0000
- deadline_reward: 0.0000
- priority_reward: 0.0000
- critical_job_reward: 0.5000
- placement_reward: -2.5000
- timeliness_reward: -5.4961
- machine_idle_penalty: -4.1750

TOTAL REWARD: -17.9711

CUMULATIVE REWARD COMPONENTS:
- makespan_reward: -25.7500
- setup_reward: -601.7500
- deadline_reward: 37.0796
- priority_reward: 168.0000
- critical_job_reward: 54.3926
- placement_reward: -81.3333
- timeliness_reward: 243.2656
- machine_idle_penalty: -342.4750

CUMULATIVE TOTAL: -548.5705

CRITICAL STATE INFO:
- Valid actions: ['J1', 'J2', 'J3', 'J4', 'J5', 'J6', 'J7', 'J9', 'J11', 'J12', 'J13', 'J14', 'J16', 'J17', 'J18', 'J19', 'J20', 'J23', 'J24', 'J25', 'J26', 'J27', 'J28', 'J30']
- Machine states:
  - Machine M1: Time=4876.00, Idle=274.00, Material=Mountainbike_Fahrrad_endmontiert
  - Machine M2: Time=5090.00, Idle=60.00, Material=Citybike_Bremsaufnahme_gebohrt
  - Machine M3: Time=5150.00, Idle=0.00, Material=Racebike_Tretlageraufnahme_geschweisst
==================================================

2025-06-18 13:45:36,890 - JSPGymEnvironment - INFO - Material change on machine M3: Racebike_Tretlageraufnahme_geschweisst -> Mountainbike_Laufraeder_montiert, setup time: 18
2025-06-18 13:45:36,890 - JSPGymEnvironment - INFO - Executed operation: Job J7, Op 3, Machine M3, Start: 5168, End: 5194, Setup: 18
2025-06-18 13:45:36,890 - JSPGymEnvironment - INFO - 
===== REWARD DETAILS FOR STEP 93 =====
Job: J7, Operation: 3, Job Completed: False
Current Time: 5150.00 -> 5194.00, Setup Time: 18.00
Processing Time: 26.00, Idle Time: 0.00
Completed Jobs: 6/30
Machine: M3, Material: Mountainbike_Laufraeder_montiert

REWARD COMPONENTS:
- makespan_reward: -0.2200
- setup_reward: -4.5000
- deadline_reward: 0.0000
- priority_reward: 0.0000
- critical_job_reward: 0.0000
- placement_reward: 0.0000
- timeliness_reward: -5.5054
- machine_idle_penalty: -5.2750

TOTAL REWARD: -15.5004

CUMULATIVE REWARD COMPONENTS:
- makespan_reward: -25.9700
- setup_reward: -606.2500
- deadline_reward: 37.0796
- priority_reward: 168.0000
- critical_job_reward: 54.3926
- placement_reward: -81.3333
- timeliness_reward: 237.7603
- machine_idle_penalty: -347.7500

CUMULATIVE TOTAL: -564.0709

CRITICAL STATE INFO:
- Valid actions: ['J1', 'J2', 'J3', 'J4', 'J5', 'J6', 'J7', 'J9', 'J11', 'J12', 'J13', 'J14', 'J16', 'J17', 'J18', 'J19', 'J20', 'J23', 'J24', 'J25', 'J26', 'J27', 'J28', 'J30']
- Machine states:
  - Machine M1: Time=4876.00, Idle=318.00, Material=Mountainbike_Fahrrad_endmontiert
  - Machine M2: Time=5090.00, Idle=104.00, Material=Citybike_Bremsaufnahme_gebohrt
  - Machine M3: Time=5194.00, Idle=0.00, Material=Mountainbike_Laufraeder_montiert
==================================================

2025-06-18 13:45:36,968 - JSPGymEnvironment - INFO - Material change on machine M2: Citybike_Bremsaufnahme_gebohrt -> Racebike_Steuerrohr_ausgerieben, setup time: 16
2025-06-18 13:45:36,968 - JSPGymEnvironment - INFO - Executed operation: Job J12, Op 1, Machine M2, Start: 5210, End: 5233, Setup: 16
2025-06-18 13:45:36,968 - JSPGymEnvironment - INFO - 
===== REWARD DETAILS FOR STEP 94 =====
Job: J12, Operation: 1, Job Completed: False
Current Time: 5194.00 -> 5233.00, Setup Time: 16.00
Processing Time: 23.00, Idle Time: 0.00
Completed Jobs: 6/30
Machine: M2, Material: Racebike_Steuerrohr_ausgerieben

REWARD COMPONENTS:
- makespan_reward: -0.1950
- setup_reward: -4.0000
- deadline_reward: 0.0000
- priority_reward: 0.0000
- critical_job_reward: 0.0000
- placement_reward: 0.0000
- timeliness_reward: -5.5129
- machine_idle_penalty: -4.9500

TOTAL REWARD: -14.6579

CUMULATIVE REWARD COMPONENTS:
- makespan_reward: -26.1650
- setup_reward: -610.2500
- deadline_reward: 37.0796
- priority_reward: 168.0000
- critical_job_reward: 54.3926
- placement_reward: -81.3333
- timeliness_reward: 232.2473
- machine_idle_penalty: -352.7000

CUMULATIVE TOTAL: -578.7288

CRITICAL STATE INFO:
- Valid actions: ['J1', 'J2', 'J3', 'J4', 'J5', 'J6', 'J7', 'J9', 'J11', 'J12', 'J13', 'J14', 'J16', 'J17', 'J18', 'J19', 'J20', 'J23', 'J24', 'J25', 'J26', 'J27', 'J28', 'J30']
- Machine states:
  - Machine M1: Time=4876.00, Idle=357.00, Material=Mountainbike_Fahrrad_endmontiert
  - Machine M2: Time=5233.00, Idle=0.00, Material=Racebike_Steuerrohr_ausgerieben
  - Machine M3: Time=5194.00, Idle=39.00, Material=Mountainbike_Laufraeder_montiert
==================================================

2025-06-18 13:45:37,046 - JSPGymEnvironment - INFO - Material change on machine M2: Racebike_Steuerrohr_ausgerieben -> Racebike_Rahmen_komplettiert, setup time: 20
2025-06-18 13:45:37,046 - JSPGymEnvironment - INFO - Executed operation: Job J24, Op 4, Machine M2, Start: 5253, End: 5276, Setup: 20
2025-06-18 13:45:37,046 - JSPGymEnvironment - INFO - 
===== REWARD DETAILS FOR STEP 95 =====
Job: J24, Operation: 4, Job Completed: False
Current Time: 5233.00 -> 5276.00, Setup Time: 20.00
Processing Time: 23.00, Idle Time: 0.00
Completed Jobs: 6/30
Machine: M2, Material: Racebike_Rahmen_komplettiert

REWARD COMPONENTS:
- makespan_reward: -0.2150
- setup_reward: -5.0000
- deadline_reward: 0.0000
- priority_reward: 0.0000
- critical_job_reward: 0.5000
- placement_reward: -1.6667
- timeliness_reward: -5.5205
- machine_idle_penalty: -6.0250

TOTAL REWARD: -17.9272

CUMULATIVE REWARD COMPONENTS:
- makespan_reward: -26.3800
- setup_reward: -615.2500
- deadline_reward: 37.0796
- priority_reward: 168.0000
- critical_job_reward: 54.8926
- placement_reward: -83.0000
- timeliness_reward: 226.7268
- machine_idle_penalty: -358.7250

CUMULATIVE TOTAL: -596.6560

CRITICAL STATE INFO:
- Valid actions: ['J1', 'J2', 'J3', 'J4', 'J5', 'J6', 'J7', 'J9', 'J11', 'J12', 'J13', 'J14', 'J16', 'J17', 'J18', 'J19', 'J20', 'J23', 'J24', 'J25', 'J26', 'J27', 'J28', 'J30']
- Machine states:
  - Machine M1: Time=4876.00, Idle=400.00, Material=Mountainbike_Fahrrad_endmontiert
  - Machine M2: Time=5276.00, Idle=0.00, Material=Racebike_Rahmen_komplettiert
  - Machine M3: Time=5194.00, Idle=82.00, Material=Mountainbike_Laufraeder_montiert
==================================================

2025-06-18 13:45:37,124 - JSPGymEnvironment - INFO - Material change on machine M2: Racebike_Rahmen_komplettiert -> Mountainbike_Bremsaufnahme_gebohrt, setup time: 18
2025-06-18 13:45:37,125 - JSPGymEnvironment - INFO - Executed operation: Job J6, Op 1, Machine M2, Start: 5294, End: 5313, Setup: 18
2025-06-18 13:45:37,125 - JSPGymEnvironment - INFO - 
===== REWARD DETAILS FOR STEP 96 =====
Job: J6, Operation: 1, Job Completed: False
Current Time: 5276.00 -> 5313.00, Setup Time: 18.00
Processing Time: 19.00, Idle Time: 0.00
Completed Jobs: 6/30
Machine: M2, Material: Mountainbike_Bremsaufnahme_gebohrt

REWARD COMPONENTS:
- makespan_reward: -0.1850
- setup_reward: -4.5000
- deadline_reward: 0.0000
- priority_reward: 0.0000
- critical_job_reward: 0.5000
- placement_reward: -0.8333
- timeliness_reward: -5.5266
- machine_idle_penalty: -6.9500

TOTAL REWARD: -17.4949

CUMULATIVE REWARD COMPONENTS:
- makespan_reward: -26.5650
- setup_reward: -619.7500
- deadline_reward: 37.0796
- priority_reward: 168.0000
- critical_job_reward: 55.3926
- placement_reward: -83.8333
- timeliness_reward: 221.2002
- machine_idle_penalty: -365.6750

CUMULATIVE TOTAL: -614.1509

CRITICAL STATE INFO:
- Valid actions: ['J1', 'J2', 'J3', 'J4', 'J5', 'J6', 'J7', 'J9', 'J11', 'J12', 'J13', 'J14', 'J16', 'J17', 'J18', 'J19', 'J20', 'J23', 'J24', 'J25', 'J26', 'J27', 'J28', 'J30']
- Machine states:
  - Machine M1: Time=4876.00, Idle=437.00, Material=Mountainbike_Fahrrad_endmontiert
  - Machine M2: Time=5313.00, Idle=0.00, Material=Mountainbike_Bremsaufnahme_gebohrt
  - Machine M3: Time=5194.00, Idle=119.00, Material=Mountainbike_Laufraeder_montiert
==================================================

2025-06-18 13:45:37,287 - JSPGymEnvironment - INFO - Material change on machine M3: Mountainbike_Laufraeder_montiert -> Citybike_Rahmen_nachbearbeitet, setup time: 18
2025-06-18 13:45:37,287 - JSPGymEnvironment - INFO - Executed operation: Job J3, Op 3, Machine M3, Start: 5331, End: 5355, Setup: 18
2025-06-18 13:45:37,287 - JSPGymEnvironment - INFO - 
===== REWARD DETAILS FOR STEP 97 =====
Job: J3, Operation: 3, Job Completed: False
Current Time: 5313.00 -> 5355.00, Setup Time: 18.00
Processing Time: 24.00, Idle Time: 0.00
Completed Jobs: 6/30
Machine: M3, Material: Citybike_Rahmen_nachbearbeitet

REWARD COMPONENTS:
- makespan_reward: -0.2100
- setup_reward: -4.5000
- deadline_reward: 0.0000
- priority_reward: 0.0000
- critical_job_reward: 0.0000
- placement_reward: 0.0000
- timeliness_reward: -5.5329
- machine_idle_penalty: -6.5125

TOTAL REWARD: -16.7554

CUMULATIVE REWARD COMPONENTS:
- makespan_reward: -26.7750
- setup_reward: -624.2500
- deadline_reward: 37.0796
- priority_reward: 168.0000
- critical_job_reward: 55.3926
- placement_reward: -83.8333
- timeliness_reward: 215.6674
- machine_idle_penalty: -372.1875

CUMULATIVE TOTAL: -630.9063

CRITICAL STATE INFO:
- Valid actions: ['J1', 'J2', 'J3', 'J4', 'J5', 'J6', 'J7', 'J9', 'J11', 'J12', 'J13', 'J14', 'J16', 'J17', 'J18', 'J19', 'J20', 'J23', 'J24', 'J25', 'J26', 'J27', 'J28', 'J30']
- Machine states:
  - Machine M1: Time=4876.00, Idle=479.00, Material=Mountainbike_Fahrrad_endmontiert
  - Machine M2: Time=5313.00, Idle=42.00, Material=Mountainbike_Bremsaufnahme_gebohrt
  - Machine M3: Time=5355.00, Idle=0.00, Material=Citybike_Rahmen_nachbearbeitet
==================================================

2025-06-18 13:45:37,365 - JSPGymEnvironment - INFO - Executed operation: Job J9, Op 4, Machine M2, Start: 5370, End: 5396, Setup: 15
2025-06-18 13:45:37,366 - JSPGymEnvironment - INFO - 
===== REWARD DETAILS FOR STEP 98 =====
Job: J9, Operation: 4, Job Completed: False
Current Time: 5355.00 -> 5396.00, Setup Time: 15.00
Processing Time: 26.00, Idle Time: 0.00
Completed Jobs: 6/30
Machine: M2, Material: Mountainbike_Bremsaufnahme_gebohrt

REWARD COMPONENTS:
- makespan_reward: -0.2050
- setup_reward: -3.7500
- deadline_reward: 0.0000
- priority_reward: 0.0000
- critical_job_reward: 0.0000
- placement_reward: 0.0000
- timeliness_reward: -5.5385
- machine_idle_penalty: -7.0125

TOTAL REWARD: -16.5060

CUMULATIVE REWARD COMPONENTS:
- makespan_reward: -26.9800
- setup_reward: -628.0000
- deadline_reward: 37.0796
- priority_reward: 168.0000
- critical_job_reward: 55.3926
- placement_reward: -83.8333
- timeliness_reward: 210.1289
- machine_idle_penalty: -379.2000

CUMULATIVE TOTAL: -647.4123

CRITICAL STATE INFO:
- Valid actions: ['J1', 'J2', 'J3', 'J4', 'J5', 'J6', 'J7', 'J9', 'J11', 'J12', 'J13', 'J14', 'J16', 'J17', 'J18', 'J19', 'J20', 'J23', 'J24', 'J25', 'J26', 'J27', 'J28', 'J30']
- Machine states:
  - Machine M1: Time=4876.00, Idle=520.00, Material=Mountainbike_Fahrrad_endmontiert
  - Machine M2: Time=5396.00, Idle=0.00, Material=Mountainbike_Bremsaufnahme_gebohrt
  - Machine M3: Time=5355.00, Idle=41.00, Material=Citybike_Rahmen_nachbearbeitet
==================================================

2025-06-18 13:45:37,442 - JSPGymEnvironment - INFO - Material change on machine M2: Mountainbike_Bremsaufnahme_gebohrt -> E-Bike_Antrieb_installiert, setup time: 25
2025-06-18 13:45:37,443 - JSPGymEnvironment - INFO - Executed operation: Job J19, Op 4, Machine M2, Start: 5421, End: 5444, Setup: 25
2025-06-18 13:45:37,443 - JSPGymEnvironment - INFO - 
===== REWARD DETAILS FOR STEP 99 =====
Job: J19, Operation: 4, Job Completed: False
Current Time: 5396.00 -> 5444.00, Setup Time: 25.00
Processing Time: 23.00, Idle Time: 0.00
Completed Jobs: 6/30
Machine: M2, Material: E-Bike_Antrieb_installiert

REWARD COMPONENTS:
- makespan_reward: -0.2400
- setup_reward: -6.2500
- deadline_reward: 0.0000
- priority_reward: 0.0000
- critical_job_reward: 0.5000
- placement_reward: -1.6667
- timeliness_reward: -5.5445
- machine_idle_penalty: -8.2125

TOTAL REWARD: -21.4136

CUMULATIVE REWARD COMPONENTS:
- makespan_reward: -27.2200
- setup_reward: -634.2500
- deadline_reward: 37.0796
- priority_reward: 168.0000
- critical_job_reward: 55.8926
- placement_reward: -85.5000
- timeliness_reward: 204.5844
- machine_idle_penalty: -387.4125

CUMULATIVE TOTAL: -668.8259

CRITICAL STATE INFO:
- Valid actions: ['J1', 'J2', 'J3', 'J4', 'J5', 'J6', 'J7', 'J9', 'J11', 'J12', 'J13', 'J14', 'J16', 'J17', 'J18', 'J19', 'J20', 'J23', 'J24', 'J25', 'J26', 'J27', 'J28', 'J30']
- Machine states:
  - Machine M1: Time=4876.00, Idle=568.00, Material=Mountainbike_Fahrrad_endmontiert
  - Machine M2: Time=5444.00, Idle=0.00, Material=E-Bike_Antrieb_installiert
  - Machine M3: Time=5355.00, Idle=89.00, Material=Citybike_Rahmen_nachbearbeitet
==================================================

2025-06-18 13:45:37,599 - JSPGymEnvironment - INFO - Material change on machine M1: Mountainbike_Fahrrad_endmontiert -> E-Bike_Rahmen_komplettiert, setup time: 50
2025-06-18 13:45:37,600 - JSPGymEnvironment - INFO - Executed operation: Job J19, Op 5, Machine M1, Start: 5494, End: 5516, Setup: 50
2025-06-18 13:45:37,600 - JSPGymEnvironment - INFO - 
===== REWARD DETAILS FOR STEP 100 =====
Job: J19, Operation: 5, Job Completed: False
Current Time: 5444.00 -> 5516.00, Setup Time: 50.00
Processing Time: 22.00, Idle Time: 0.00
Completed Jobs: 6/30
Machine: M1, Material: E-Bike_Rahmen_komplettiert

REWARD COMPONENTS:
- makespan_reward: -0.3600
- setup_reward: -12.5000
- deadline_reward: 0.0000
- priority_reward: 0.0000
- critical_job_reward: 0.5000
- placement_reward: -1.6667
- timeliness_reward: -5.5524
- machine_idle_penalty: -2.9125

TOTAL REWARD: -22.4915

CUMULATIVE REWARD COMPONENTS:
- makespan_reward: -27.5800
- setup_reward: -646.7500
- deadline_reward: 37.0796
- priority_reward: 168.0000
- critical_job_reward: 56.3926
- placement_reward: -87.1667
- timeliness_reward: 199.0321
- machine_idle_penalty: -390.3250

CUMULATIVE TOTAL: -691.3174

CRITICAL STATE INFO:
- Valid actions: ['J1', 'J2', 'J3', 'J4', 'J5', 'J6', 'J7', 'J9', 'J11', 'J12', 'J13', 'J14', 'J16', 'J17', 'J18', 'J19', 'J20', 'J23', 'J24', 'J25', 'J26', 'J27', 'J28', 'J30']
- Machine states:
  - Machine M1: Time=5516.00, Idle=0.00, Material=E-Bike_Rahmen_komplettiert
  - Machine M2: Time=5444.00, Idle=72.00, Material=E-Bike_Antrieb_installiert
  - Machine M3: Time=5355.00, Idle=161.00, Material=Citybike_Rahmen_nachbearbeitet
==================================================

2025-06-18 13:45:37,678 - JSPGymEnvironment - INFO - Material change on machine M1: E-Bike_Rahmen_komplettiert -> Citybike_Steuerrohr_ausgerieben, setup time: 48
2025-06-18 13:45:37,678 - JSPGymEnvironment - INFO - Executed operation: Job J5, Op 1, Machine M1, Start: 5564, End: 5606, Setup: 48
2025-06-18 13:45:37,679 - JSPGymEnvironment - INFO - 
===== REWARD DETAILS FOR STEP 101 =====
Job: J5, Operation: 1, Job Completed: False
Current Time: 5516.00 -> 5606.00, Setup Time: 48.00
Processing Time: 42.00, Idle Time: 0.00
Completed Jobs: 6/30
Machine: M1, Material: Citybike_Steuerrohr_ausgerieben

REWARD COMPONENTS:
- makespan_reward: -0.4500
- setup_reward: -12.0000
- deadline_reward: 0.0000
- priority_reward: 0.0000
- critical_job_reward: 0.0000
- placement_reward: 0.0000
- timeliness_reward: -5.5607
- machine_idle_penalty: -5.1625

TOTAL REWARD: -23.1732

CUMULATIVE REWARD COMPONENTS:
- makespan_reward: -28.0300
- setup_reward: -658.7500
- deadline_reward: 37.0796
- priority_reward: 168.0000
- critical_job_reward: 56.3926
- placement_reward: -87.1667
- timeliness_reward: 193.4713
- machine_idle_penalty: -395.4875

CUMULATIVE TOTAL: -714.4906

CRITICAL STATE INFO:
- Valid actions: ['J1', 'J2', 'J3', 'J4', 'J5', 'J6', 'J7', 'J9', 'J11', 'J12', 'J13', 'J14', 'J16', 'J17', 'J18', 'J19', 'J20', 'J23', 'J24', 'J25', 'J26', 'J27', 'J28', 'J30']
- Machine states:
  - Machine M1: Time=5606.00, Idle=0.00, Material=Citybike_Steuerrohr_ausgerieben
  - Machine M2: Time=5444.00, Idle=162.00, Material=E-Bike_Antrieb_installiert
  - Machine M3: Time=5355.00, Idle=251.00, Material=Citybike_Rahmen_nachbearbeitet
==================================================

2025-06-18 13:45:37,758 - JSPGymEnvironment - INFO - Material change on machine M2: E-Bike_Antrieb_installiert -> Mountainbike_Laufraeder_montiert, setup time: 29
2025-06-18 13:45:37,758 - JSPGymEnvironment - INFO - Executed operation: Job J20, Op 4, Machine M2, Start: 5635, End: 5649, Setup: 29
2025-06-18 13:45:37,758 - JSPGymEnvironment - INFO - Job J20 completed at time 5649, deadline: 2826, met: False, priority: 6
2025-06-18 13:45:37,759 - JSPGymEnvironment - INFO - 
===== REWARD DETAILS FOR STEP 102 =====
Job: J20, Operation: 4, Job Completed: True
Current Time: 5606.00 -> 5649.00, Setup Time: 29.00
Processing Time: 14.00, Idle Time: 0.00
Completed Jobs: 7/30
Machine: M2, Material: Mountainbike_Laufraeder_montiert
Job Deadline: 2826.00 (Missed), Priority: 6

REWARD COMPONENTS:
- makespan_reward: -0.2150
- setup_reward: -7.2500
- deadline_reward: -2.4973
- priority_reward: 24.0000
- critical_job_reward: 0.0000
- placement_reward: 0.0000
- timeliness_reward: -5.5643
- machine_idle_penalty: -4.2125

TOTAL REWARD: 4.2609

CUMULATIVE REWARD COMPONENTS:
- makespan_reward: -28.2450
- setup_reward: -666.0000
- deadline_reward: 34.5822
- priority_reward: 192.0000
- critical_job_reward: 56.3926
- placement_reward: -87.1667
- timeliness_reward: 187.9071
- machine_idle_penalty: -399.7000

CUMULATIVE TOTAL: -710.2298

CRITICAL STATE INFO:
- Valid actions: ['J1', 'J2', 'J3', 'J4', 'J5', 'J6', 'J7', 'J9', 'J11', 'J12', 'J13', 'J14', 'J16', 'J17', 'J18', 'J19', 'J23', 'J24', 'J25', 'J26', 'J27', 'J28', 'J30']
- Machine states:
  - Machine M1: Time=5606.00, Idle=43.00, Material=Citybike_Steuerrohr_ausgerieben
  - Machine M2: Time=5649.00, Idle=0.00, Material=Mountainbike_Laufraeder_montiert
  - Machine M3: Time=5355.00, Idle=294.00, Material=Citybike_Rahmen_nachbearbeitet
==================================================

2025-06-18 13:45:37,759 - JSPGymEnvironment - INFO - Retro-Bonus für Job J20: -10.0
2025-06-18 13:45:37,836 - JSPGymEnvironment - INFO - Material change on machine M3: Citybike_Rahmen_nachbearbeitet -> Racebike_Schaltauge_bearbeitet, setup time: 13
2025-06-18 13:45:37,836 - JSPGymEnvironment - INFO - Executed operation: Job J24, Op 5, Machine M3, Start: 5662, End: 5688, Setup: 13
2025-06-18 13:45:37,837 - JSPGymEnvironment - INFO - 
===== REWARD DETAILS FOR STEP 103 =====
Job: J24, Operation: 5, Job Completed: False
Current Time: 5649.00 -> 5688.00, Setup Time: 13.00
Processing Time: 26.00, Idle Time: 0.00
Completed Jobs: 7/30
Machine: M3, Material: Racebike_Schaltauge_bearbeitet

REWARD COMPONENTS:
- makespan_reward: -0.1950
- setup_reward: -3.2500
- deadline_reward: 0.0000
- priority_reward: 0.0000
- critical_job_reward: 0.5000
- placement_reward: -1.6667
- timeliness_reward: -5.5671
- machine_idle_penalty: -1.5125

TOTAL REWARD: -11.6913

CUMULATIVE REWARD COMPONENTS:
- makespan_reward: -28.4400
- setup_reward: -669.2500
- deadline_reward: 34.5822
- priority_reward: 192.0000
- critical_job_reward: 56.8926
- placement_reward: -88.8333
- timeliness_reward: 182.3399
- machine_idle_penalty: -401.2125

CUMULATIVE TOTAL: -721.9211

CRITICAL STATE INFO:
- Valid actions: ['J1', 'J2', 'J3', 'J4', 'J5', 'J6', 'J7', 'J9', 'J11', 'J12', 'J13', 'J14', 'J16', 'J17', 'J18', 'J19', 'J23', 'J24', 'J25', 'J26', 'J27', 'J28', 'J30']
- Machine states:
  - Machine M1: Time=5606.00, Idle=82.00, Material=Citybike_Steuerrohr_ausgerieben
  - Machine M2: Time=5649.00, Idle=39.00, Material=Mountainbike_Laufraeder_montiert
  - Machine M3: Time=5688.00, Idle=0.00, Material=Racebike_Schaltauge_bearbeitet
==================================================

2025-06-18 13:45:37,990 - JSPGymEnvironment - INFO - Material change on machine M1: Citybike_Steuerrohr_ausgerieben -> Racebike_Bremsen_justiert, setup time: 44
2025-06-18 13:45:37,990 - JSPGymEnvironment - INFO - Executed operation: Job J1, Op 7, Machine M1, Start: 5732, End: 5774, Setup: 44
2025-06-18 13:45:37,990 - JSPGymEnvironment - INFO - Job J1 completed at time 5774, deadline: 2799, met: False, priority: 8
2025-06-18 13:45:37,991 - JSPGymEnvironment - INFO - 
===== REWARD DETAILS FOR STEP 104 =====
Job: J1, Operation: 7, Job Completed: True
Current Time: 5688.00 -> 5774.00, Setup Time: 44.00
Processing Time: 42.00, Idle Time: 0.00
Completed Jobs: 8/30
Machine: M1, Material: Racebike_Bremsen_justiert
Job Deadline: 2799.00 (Missed), Priority: 8

REWARD COMPONENTS:
- makespan_reward: -0.4300
- setup_reward: -11.0000
- deadline_reward: -2.6572
- priority_reward: 32.0000
- critical_job_reward: 0.5000
- placement_reward: -0.8333
- timeliness_reward: -5.5727
- machine_idle_penalty: -2.6375

TOTAL REWARD: 9.3693

CUMULATIVE REWARD COMPONENTS:
- makespan_reward: -28.8700
- setup_reward: -680.2500
- deadline_reward: 31.9250
- priority_reward: 224.0000
- critical_job_reward: 57.3926
- placement_reward: -89.6667
- timeliness_reward: 176.7673
- machine_idle_penalty: -403.8500

CUMULATIVE TOTAL: -712.5518

CRITICAL STATE INFO:
- Valid actions: ['J2', 'J3', 'J4', 'J5', 'J6', 'J7', 'J9', 'J11', 'J12', 'J13', 'J14', 'J16', 'J17', 'J18', 'J19', 'J23', 'J24', 'J25', 'J26', 'J27', 'J28', 'J30']
- Machine states:
  - Machine M1: Time=5774.00, Idle=0.00, Material=Racebike_Bremsen_justiert
  - Machine M2: Time=5649.00, Idle=125.00, Material=Mountainbike_Laufraeder_montiert
  - Machine M3: Time=5688.00, Idle=86.00, Material=Racebike_Schaltauge_bearbeitet
==================================================

2025-06-18 13:45:37,991 - JSPGymEnvironment - INFO - Retro-Bonus für Job J1: -5.0
2025-06-18 13:45:38,068 - JSPGymEnvironment - INFO - Material change on machine M2: Mountainbike_Laufraeder_montiert -> E-Bike_Laufraeder_montiert, setup time: 25
2025-06-18 13:45:38,068 - JSPGymEnvironment - INFO - Executed operation: Job J19, Op 6, Machine M2, Start: 5799, End: 5817, Setup: 25
2025-06-18 13:45:38,069 - JSPGymEnvironment - INFO - Job J19 completed at time 5817, deadline: 2880, met: False, priority: 9
2025-06-18 13:45:38,069 - JSPGymEnvironment - INFO - 
===== REWARD DETAILS FOR STEP 105 =====
Job: J19, Operation: 6, Job Completed: True
Current Time: 5774.00 -> 5817.00, Setup Time: 25.00
Processing Time: 18.00, Idle Time: 0.00
Completed Jobs: 9/30
Machine: M2, Material: E-Bike_Laufraeder_montiert
Job Deadline: 2880.00 (Missed), Priority: 9

REWARD COMPONENTS:
- makespan_reward: -0.2150
- setup_reward: -6.2500
- deadline_reward: -2.5495
- priority_reward: 36.0000
- critical_job_reward: 0.5000
- placement_reward: -1.6667
- timeliness_reward: -5.5758
- machine_idle_penalty: -2.1500

TOTAL REWARD: 18.0930

CUMULATIVE REWARD COMPONENTS:
- makespan_reward: -29.0850
- setup_reward: -686.5000
- deadline_reward: 29.3756
- priority_reward: 260.0000
- critical_job_reward: 57.8926
- placement_reward: -91.3333
- timeliness_reward: 171.1914
- machine_idle_penalty: -406.0000

CUMULATIVE TOTAL: -694.4588

CRITICAL STATE INFO:
- Valid actions: ['J2', 'J3', 'J4', 'J5', 'J6', 'J7', 'J9', 'J11', 'J12', 'J13', 'J14', 'J16', 'J17', 'J18', 'J23', 'J24', 'J25', 'J26', 'J27', 'J28', 'J30']
- Machine states:
  - Machine M1: Time=5774.00, Idle=43.00, Material=Racebike_Bremsen_justiert
  - Machine M2: Time=5817.00, Idle=0.00, Material=E-Bike_Laufraeder_montiert
  - Machine M3: Time=5688.00, Idle=129.00, Material=Racebike_Schaltauge_bearbeitet
==================================================

2025-06-18 13:45:38,069 - JSPGymEnvironment - INFO - Retro-Bonus für Job J19: -5.0
2025-06-18 13:45:38,147 - JSPGymEnvironment - INFO - Material change on machine M1: Racebike_Bremsen_justiert -> E-Bike_Rahmen_lackiert, setup time: 58
2025-06-18 13:45:38,147 - JSPGymEnvironment - INFO - Executed operation: Job J2, Op 2, Machine M1, Start: 5875, End: 5911, Setup: 58
2025-06-18 13:45:38,147 - JSPGymEnvironment - INFO - 
===== REWARD DETAILS FOR STEP 106 =====
Job: J2, Operation: 2, Job Completed: False
Current Time: 5817.00 -> 5911.00, Setup Time: 58.00
Processing Time: 36.00, Idle Time: 0.00
Completed Jobs: 9/30
Machine: M1, Material: E-Bike_Rahmen_lackiert

REWARD COMPONENTS:
- makespan_reward: -0.4700
- setup_reward: -14.5000
- deadline_reward: 0.0000
- priority_reward: 0.0000
- critical_job_reward: 0.5000
- placement_reward: -1.6667
- timeliness_reward: -5.5803
- machine_idle_penalty: -3.9625

TOTAL REWARD: -25.6794

CUMULATIVE REWARD COMPONENTS:
- makespan_reward: -29.5550
- setup_reward: -701.0000
- deadline_reward: 29.3756
- priority_reward: 260.0000
- critical_job_reward: 58.3926
- placement_reward: -93.0000
- timeliness_reward: 165.6112
- machine_idle_penalty: -409.9625

CUMULATIVE TOTAL: -720.1382

CRITICAL STATE INFO:
- Valid actions: ['J2', 'J3', 'J4', 'J5', 'J6', 'J7', 'J9', 'J11', 'J12', 'J13', 'J14', 'J16', 'J17', 'J18', 'J23', 'J24', 'J25', 'J26', 'J27', 'J28', 'J30']
- Machine states:
  - Machine M1: Time=5911.00, Idle=0.00, Material=E-Bike_Rahmen_lackiert
  - Machine M2: Time=5817.00, Idle=94.00, Material=E-Bike_Laufraeder_montiert
  - Machine M3: Time=5688.00, Idle=223.00, Material=Racebike_Schaltauge_bearbeitet
==================================================

2025-06-18 13:45:38,304 - JSPGymEnvironment - INFO - Material change on machine M2: E-Bike_Laufraeder_montiert -> Citybike_Steuerrohr_ausgerieben, setup time: 21
2025-06-18 13:45:38,304 - JSPGymEnvironment - INFO - Executed operation: Job J25, Op 3, Machine M2, Start: 5932, End: 5961, Setup: 21
2025-06-18 13:45:38,304 - JSPGymEnvironment - INFO - 
===== REWARD DETAILS FOR STEP 107 =====
Job: J25, Operation: 3, Job Completed: False
Current Time: 5911.00 -> 5961.00, Setup Time: 21.00
Processing Time: 29.00, Idle Time: 0.00
Completed Jobs: 9/30
Machine: M2, Material: Citybike_Steuerrohr_ausgerieben

REWARD COMPONENTS:
- makespan_reward: -0.2500
- setup_reward: -5.2500
- deadline_reward: 0.0000
- priority_reward: 0.0000
- critical_job_reward: 0.0000
- placement_reward: 0.0000
- timeliness_reward: -5.5823
- machine_idle_penalty: -4.0375

TOTAL REWARD: -15.1198

CUMULATIVE REWARD COMPONENTS:
- makespan_reward: -29.8050
- setup_reward: -706.2500
- deadline_reward: 29.3756
- priority_reward: 260.0000
- critical_job_reward: 58.3926
- placement_reward: -93.0000
- timeliness_reward: 160.0289
- machine_idle_penalty: -414.0000

CUMULATIVE TOTAL: -735.2580

CRITICAL STATE INFO:
- Valid actions: ['J2', 'J3', 'J4', 'J5', 'J6', 'J7', 'J9', 'J11', 'J12', 'J13', 'J14', 'J16', 'J17', 'J18', 'J23', 'J24', 'J25', 'J26', 'J27', 'J28', 'J30']
- Machine states:
  - Machine M1: Time=5911.00, Idle=50.00, Material=E-Bike_Rahmen_lackiert
  - Machine M2: Time=5961.00, Idle=0.00, Material=Citybike_Steuerrohr_ausgerieben
  - Machine M3: Time=5688.00, Idle=273.00, Material=Racebike_Schaltauge_bearbeitet
==================================================

2025-06-18 13:45:38,384 - JSPGymEnvironment - INFO - Material change on machine M1: E-Bike_Rahmen_lackiert -> Racebike_Antrieb_installiert, setup time: 60
2025-06-18 13:45:38,384 - JSPGymEnvironment - INFO - Executed operation: Job J16, Op 1, Machine M1, Start: 6021, End: 6040, Setup: 60
2025-06-18 13:45:38,385 - JSPGymEnvironment - INFO - 
===== REWARD DETAILS FOR STEP 108 =====
Job: J16, Operation: 1, Job Completed: False
Current Time: 5961.00 -> 6040.00, Setup Time: 60.00
Processing Time: 19.00, Idle Time: 0.00
Completed Jobs: 9/30
Machine: M1, Material: Racebike_Antrieb_installiert

REWARD COMPONENTS:
- makespan_reward: -0.3950
- setup_reward: -15.0000
- deadline_reward: 0.0000
- priority_reward: 0.0000
- critical_job_reward: 0.5000
- placement_reward: -0.8333
- timeliness_reward: -5.5850
- machine_idle_penalty: -5.3875

TOTAL REWARD: -26.7009

CUMULATIVE REWARD COMPONENTS:
- makespan_reward: -30.2000
- setup_reward: -721.2500
- deadline_reward: 29.3756
- priority_reward: 260.0000
- critical_job_reward: 58.8926
- placement_reward: -93.8333
- timeliness_reward: 154.4439
- machine_idle_penalty: -419.3875

CUMULATIVE TOTAL: -761.9588

CRITICAL STATE INFO:
- Valid actions: ['J2', 'J3', 'J4', 'J5', 'J6', 'J7', 'J9', 'J11', 'J12', 'J13', 'J14', 'J16', 'J17', 'J18', 'J23', 'J24', 'J25', 'J26', 'J27', 'J28', 'J30']
- Machine states:
  - Machine M1: Time=6040.00, Idle=0.00, Material=Racebike_Antrieb_installiert
  - Machine M2: Time=5961.00, Idle=79.00, Material=Citybike_Steuerrohr_ausgerieben
  - Machine M3: Time=5688.00, Idle=352.00, Material=Racebike_Schaltauge_bearbeitet
==================================================

2025-06-18 13:45:38,460 - JSPGymEnvironment - INFO - Material change on machine M3: Racebike_Schaltauge_bearbeitet -> Citybike_Rahmen_komplettiert, setup time: 17
2025-06-18 13:45:38,460 - JSPGymEnvironment - INFO - Executed operation: Job J25, Op 4, Machine M3, Start: 6057, End: 6085, Setup: 17
2025-06-18 13:45:38,460 - JSPGymEnvironment - INFO - 
===== REWARD DETAILS FOR STEP 109 =====
Job: J25, Operation: 4, Job Completed: False
Current Time: 6040.00 -> 6085.00, Setup Time: 17.00
Processing Time: 28.00, Idle Time: 0.00
Completed Jobs: 9/30
Machine: M3, Material: Citybike_Rahmen_komplettiert

REWARD COMPONENTS:
- makespan_reward: -0.2250
- setup_reward: -4.2500
- deadline_reward: 0.0000
- priority_reward: 0.0000
- critical_job_reward: 0.0000
- placement_reward: 0.0000
- timeliness_reward: -5.5864
- machine_idle_penalty: -2.1125

TOTAL REWARD: -12.1739

CUMULATIVE REWARD COMPONENTS:
- makespan_reward: -30.4250
- setup_reward: -725.5000
- deadline_reward: 29.3756
- priority_reward: 260.0000
- critical_job_reward: 58.8926
- placement_reward: -93.8333
- timeliness_reward: 148.8575
- machine_idle_penalty: -421.5000

CUMULATIVE TOTAL: -774.1327

CRITICAL STATE INFO:
- Valid actions: ['J2', 'J3', 'J4', 'J5', 'J6', 'J7', 'J9', 'J11', 'J12', 'J13', 'J14', 'J16', 'J17', 'J18', 'J23', 'J24', 'J25', 'J26', 'J27', 'J28', 'J30']
- Machine states:
  - Machine M1: Time=6040.00, Idle=45.00, Material=Racebike_Antrieb_installiert
  - Machine M2: Time=5961.00, Idle=124.00, Material=Citybike_Steuerrohr_ausgerieben
  - Machine M3: Time=6085.00, Idle=0.00, Material=Citybike_Rahmen_komplettiert
==================================================

2025-06-18 13:45:38,539 - JSPGymEnvironment - INFO - Material change on machine M3: Citybike_Rahmen_komplettiert -> Racebike_Steuerrohr_ausgerieben, setup time: 13
2025-06-18 13:45:38,539 - JSPGymEnvironment - INFO - Executed operation: Job J16, Op 2, Machine M3, Start: 6098, End: 6128, Setup: 13
2025-06-18 13:45:38,540 - JSPGymEnvironment - INFO - 
===== REWARD DETAILS FOR STEP 110 =====
Job: J16, Operation: 2, Job Completed: False
Current Time: 6085.00 -> 6128.00, Setup Time: 13.00
Processing Time: 30.00, Idle Time: 0.00
Completed Jobs: 9/30
Machine: M3, Material: Racebike_Steuerrohr_ausgerieben

REWARD COMPONENTS:
- makespan_reward: -0.2150
- setup_reward: -3.2500
- deadline_reward: 0.0000
- priority_reward: 0.0000
- critical_job_reward: 0.5000
- placement_reward: -0.8333
- timeliness_reward: -5.5876
- machine_idle_penalty: -3.1875

TOTAL REWARD: -12.5734

CUMULATIVE REWARD COMPONENTS:
- makespan_reward: -30.6400
- setup_reward: -728.7500
- deadline_reward: 29.3756
- priority_reward: 260.0000
- critical_job_reward: 59.3926
- placement_reward: -94.6667
- timeliness_reward: 143.2698
- machine_idle_penalty: -424.6875

CUMULATIVE TOTAL: -786.7062

CRITICAL STATE INFO:
- Valid actions: ['J2', 'J3', 'J4', 'J5', 'J6', 'J7', 'J9', 'J11', 'J12', 'J13', 'J14', 'J16', 'J17', 'J18', 'J23', 'J24', 'J25', 'J26', 'J27', 'J28', 'J30']
- Machine states:
  - Machine M1: Time=6040.00, Idle=88.00, Material=Racebike_Antrieb_installiert
  - Machine M2: Time=5961.00, Idle=167.00, Material=Citybike_Steuerrohr_ausgerieben
  - Machine M3: Time=6128.00, Idle=0.00, Material=Racebike_Steuerrohr_ausgerieben
==================================================

2025-06-18 13:45:38,698 - JSPGymEnvironment - INFO - Material change on machine M3: Racebike_Steuerrohr_ausgerieben -> Mountainbike_Hauptrahmen_zugeschnitten, setup time: 18
2025-06-18 13:45:38,699 - JSPGymEnvironment - INFO - Executed operation: Job J30, Op 4, Machine M3, Start: 6146, End: 6197, Setup: 18
2025-06-18 13:45:38,699 - JSPGymEnvironment - INFO - 
===== REWARD DETAILS FOR STEP 111 =====
Job: J30, Operation: 4, Job Completed: False
Current Time: 6128.00 -> 6197.00, Setup Time: 18.00
Processing Time: 51.00, Idle Time: 0.00
Completed Jobs: 9/30
Machine: M3, Material: Mountainbike_Hauptrahmen_zugeschnitten

REWARD COMPONENTS:
- makespan_reward: -0.3450
- setup_reward: -4.5000
- deadline_reward: 0.0000
- priority_reward: 0.0000
- critical_job_reward: 0.0000
- placement_reward: 0.0000
- timeliness_reward: -5.5893
- machine_idle_penalty: -4.9125

TOTAL REWARD: -15.3468

CUMULATIVE REWARD COMPONENTS:
- makespan_reward: -30.9850
- setup_reward: -733.2500
- deadline_reward: 29.3756
- priority_reward: 260.0000
- critical_job_reward: 59.3926
- placement_reward: -94.6667
- timeliness_reward: 137.6805
- machine_idle_penalty: -429.6000

CUMULATIVE TOTAL: -802.0530

CRITICAL STATE INFO:
- Valid actions: ['J2', 'J3', 'J4', 'J5', 'J6', 'J7', 'J9', 'J11', 'J12', 'J13', 'J14', 'J16', 'J17', 'J18', 'J23', 'J24', 'J25', 'J26', 'J27', 'J28', 'J30']
- Machine states:
  - Machine M1: Time=6040.00, Idle=157.00, Material=Racebike_Antrieb_installiert
  - Machine M2: Time=5961.00, Idle=236.00, Material=Citybike_Steuerrohr_ausgerieben
  - Machine M3: Time=6197.00, Idle=0.00, Material=Mountainbike_Hauptrahmen_zugeschnitten
==================================================

2025-06-18 13:45:38,776 - JSPGymEnvironment - INFO - Material change on machine M1: Racebike_Antrieb_installiert -> Racebike_Steuerrohr_ausgerieben, setup time: 40
2025-06-18 13:45:38,776 - JSPGymEnvironment - INFO - Executed operation: Job J24, Op 6, Machine M1, Start: 6237, End: 6271, Setup: 40
2025-06-18 13:45:38,776 - JSPGymEnvironment - INFO - Job J24 completed at time 6271, deadline: 2825, met: False, priority: 9
2025-06-18 13:45:38,776 - JSPGymEnvironment - INFO - 
===== REWARD DETAILS FOR STEP 112 =====
Job: J24, Operation: 6, Job Completed: True
Current Time: 6197.00 -> 6271.00, Setup Time: 40.00
Processing Time: 34.00, Idle Time: 0.00
Completed Jobs: 10/30
Machine: M1, Material: Racebike_Steuerrohr_ausgerieben
Job Deadline: 2825.00 (Missed), Priority: 9

REWARD COMPONENTS:
- makespan_reward: -0.3700
- setup_reward: -10.0000
- deadline_reward: -3.0496
- priority_reward: 36.0000
- critical_job_reward: 0.5000
- placement_reward: -1.6667
- timeliness_reward: -5.5910
- machine_idle_penalty: -4.8000

TOTAL REWARD: 11.0228

CUMULATIVE REWARD COMPONENTS:
- makespan_reward: -31.3550
- setup_reward: -743.2500
- deadline_reward: 26.3260
- priority_reward: 296.0000
- critical_job_reward: 59.8926
- placement_reward: -96.3333
- timeliness_reward: 132.0895
- machine_idle_penalty: -434.4000

CUMULATIVE TOTAL: -791.0302

CRITICAL STATE INFO:
- Valid actions: ['J2', 'J3', 'J4', 'J5', 'J6', 'J7', 'J9', 'J11', 'J12', 'J13', 'J14', 'J16', 'J17', 'J18', 'J23', 'J25', 'J26', 'J27', 'J28', 'J30']
- Machine states:
  - Machine M1: Time=6271.00, Idle=0.00, Material=Racebike_Steuerrohr_ausgerieben
  - Machine M2: Time=5961.00, Idle=310.00, Material=Citybike_Steuerrohr_ausgerieben
  - Machine M3: Time=6197.00, Idle=74.00, Material=Mountainbike_Hauptrahmen_zugeschnitten
==================================================

2025-06-18 13:45:38,776 - JSPGymEnvironment - INFO - Retro-Bonus für Job J24: -5.0
2025-06-18 13:45:38,854 - JSPGymEnvironment - INFO - Material change on machine M3: Mountainbike_Hauptrahmen_zugeschnitten -> Racebike_Bremsen_justiert, setup time: 20
2025-06-18 13:45:38,854 - JSPGymEnvironment - INFO - Executed operation: Job J17, Op 2, Machine M3, Start: 6291, End: 6344, Setup: 20
2025-06-18 13:45:38,854 - JSPGymEnvironment - INFO - 
===== REWARD DETAILS FOR STEP 113 =====
Job: J17, Operation: 2, Job Completed: False
Current Time: 6271.00 -> 6344.00, Setup Time: 20.00
Processing Time: 53.00, Idle Time: 0.00
Completed Jobs: 10/30
Machine: M3, Material: Racebike_Bremsen_justiert

REWARD COMPONENTS:
- makespan_reward: -0.3650
- setup_reward: -5.0000
- deadline_reward: 0.0000
- priority_reward: 0.0000
- critical_job_reward: 0.5000
- placement_reward: -1.6667
- timeliness_reward: -5.5923
- machine_idle_penalty: -5.7000

TOTAL REWARD: -17.8240

CUMULATIVE REWARD COMPONENTS:
- makespan_reward: -31.7200
- setup_reward: -748.2500
- deadline_reward: 26.3260
- priority_reward: 296.0000
- critical_job_reward: 60.3926
- placement_reward: -98.0000
- timeliness_reward: 126.4972
- machine_idle_penalty: -440.1000

CUMULATIVE TOTAL: -808.8542

CRITICAL STATE INFO:
- Valid actions: ['J2', 'J3', 'J4', 'J5', 'J6', 'J7', 'J9', 'J11', 'J12', 'J13', 'J14', 'J16', 'J17', 'J18', 'J23', 'J25', 'J26', 'J27', 'J28', 'J30']
- Machine states:
  - Machine M1: Time=6271.00, Idle=73.00, Material=Racebike_Steuerrohr_ausgerieben
  - Machine M2: Time=5961.00, Idle=383.00, Material=Citybike_Steuerrohr_ausgerieben
  - Machine M3: Time=6344.00, Idle=0.00, Material=Racebike_Bremsen_justiert
==================================================

2025-06-18 13:45:39,011 - JSPGymEnvironment - INFO - Material change on machine M2: Citybike_Steuerrohr_ausgerieben -> Mountainbike_Hauptrahmen_zugeschnitten, setup time: 20
2025-06-18 13:45:39,011 - JSPGymEnvironment - INFO - Executed operation: Job J9, Op 5, Machine M2, Start: 6364, End: 6393, Setup: 20
2025-06-18 13:45:39,011 - JSPGymEnvironment - INFO - 
===== REWARD DETAILS FOR STEP 114 =====
Job: J9, Operation: 5, Job Completed: False
Current Time: 6344.00 -> 6393.00, Setup Time: 20.00
Processing Time: 29.00, Idle Time: 0.00
Completed Jobs: 10/30
Machine: M2, Material: Mountainbike_Hauptrahmen_zugeschnitten

REWARD COMPONENTS:
- makespan_reward: -0.2450
- setup_reward: -5.0000
- deadline_reward: 0.0000
- priority_reward: 0.0000
- critical_job_reward: 0.0000
- placement_reward: 0.0000
- timeliness_reward: -5.5931
- machine_idle_penalty: -2.1375

TOTAL REWARD: -12.9756

CUMULATIVE REWARD COMPONENTS:
- makespan_reward: -31.9650
- setup_reward: -753.2500
- deadline_reward: 26.3260
- priority_reward: 296.0000
- critical_job_reward: 60.3926
- placement_reward: -98.0000
- timeliness_reward: 120.9041
- machine_idle_penalty: -442.2375

CUMULATIVE TOTAL: -821.8298

CRITICAL STATE INFO:
- Valid actions: ['J2', 'J3', 'J4', 'J5', 'J6', 'J7', 'J9', 'J11', 'J12', 'J13', 'J14', 'J16', 'J17', 'J18', 'J23', 'J25', 'J26', 'J27', 'J28', 'J30']
- Machine states:
  - Machine M1: Time=6271.00, Idle=122.00, Material=Racebike_Steuerrohr_ausgerieben
  - Machine M2: Time=6393.00, Idle=0.00, Material=Mountainbike_Hauptrahmen_zugeschnitten
  - Machine M3: Time=6344.00, Idle=49.00, Material=Racebike_Bremsen_justiert
==================================================

2025-06-18 13:45:39,087 - JSPGymEnvironment - INFO - Material change on machine M3: Racebike_Bremsen_justiert -> Citybike_Hinterbau_vorbereitet, setup time: 17
2025-06-18 13:45:39,088 - JSPGymEnvironment - INFO - Executed operation: Job J18, Op 3, Machine M3, Start: 6410, End: 6448, Setup: 17
2025-06-18 13:45:39,088 - JSPGymEnvironment - INFO - 
===== REWARD DETAILS FOR STEP 115 =====
Job: J18, Operation: 3, Job Completed: False
Current Time: 6393.00 -> 6448.00, Setup Time: 17.00
Processing Time: 38.00, Idle Time: 0.00
Completed Jobs: 10/30
Machine: M3, Material: Citybike_Hinterbau_vorbereitet

REWARD COMPONENTS:
- makespan_reward: -0.2750
- setup_reward: -4.2500
- deadline_reward: 0.0000
- priority_reward: 0.0000
- critical_job_reward: 0.0000
- placement_reward: 0.0000
- timeliness_reward: -5.5939
- machine_idle_penalty: -2.9000

TOTAL REWARD: -13.0189

CUMULATIVE REWARD COMPONENTS:
- makespan_reward: -32.2400
- setup_reward: -757.5000
- deadline_reward: 26.3260
- priority_reward: 296.0000
- critical_job_reward: 60.3926
- placement_reward: -98.0000
- timeliness_reward: 115.3102
- machine_idle_penalty: -445.1375

CUMULATIVE TOTAL: -834.8487

CRITICAL STATE INFO:
- Valid actions: ['J2', 'J3', 'J4', 'J5', 'J6', 'J7', 'J9', 'J11', 'J12', 'J13', 'J14', 'J16', 'J17', 'J18', 'J23', 'J25', 'J26', 'J27', 'J28', 'J30']
- Machine states:
  - Machine M1: Time=6271.00, Idle=177.00, Material=Racebike_Steuerrohr_ausgerieben
  - Machine M2: Time=6393.00, Idle=55.00, Material=Mountainbike_Hauptrahmen_zugeschnitten
  - Machine M3: Time=6448.00, Idle=0.00, Material=Citybike_Hinterbau_vorbereitet
==================================================

2025-06-18 13:45:39,164 - JSPGymEnvironment - INFO - Material change on machine M1: Racebike_Steuerrohr_ausgerieben -> E-Bike_Tretlageraufnahme_geschweisst, setup time: 58
2025-06-18 13:45:39,164 - JSPGymEnvironment - INFO - Executed operation: Job J2, Op 3, Machine M1, Start: 6506, End: 6540, Setup: 58
2025-06-18 13:45:39,164 - JSPGymEnvironment - INFO - 
===== REWARD DETAILS FOR STEP 116 =====
Job: J2, Operation: 3, Job Completed: False
Current Time: 6448.00 -> 6540.00, Setup Time: 58.00
Processing Time: 34.00, Idle Time: 0.00
Completed Jobs: 10/30
Machine: M1, Material: E-Bike_Tretlageraufnahme_geschweisst

REWARD COMPONENTS:
- makespan_reward: -0.4600
- setup_reward: -14.5000
- deadline_reward: 0.0000
- priority_reward: 0.0000
- critical_job_reward: 0.5000
- placement_reward: -1.6667
- timeliness_reward: -5.5950
- machine_idle_penalty: -2.9875

TOTAL REWARD: -24.7091

CUMULATIVE REWARD COMPONENTS:
- makespan_reward: -32.7000
- setup_reward: -772.0000
- deadline_reward: 26.3260
- priority_reward: 296.0000
- critical_job_reward: 60.8926
- placement_reward: -99.6667
- timeliness_reward: 109.7153
- machine_idle_penalty: -448.1250

CUMULATIVE TOTAL: -859.5578

CRITICAL STATE INFO:
- Valid actions: ['J2', 'J3', 'J4', 'J5', 'J6', 'J7', 'J9', 'J11', 'J12', 'J13', 'J14', 'J16', 'J17', 'J18', 'J23', 'J25', 'J26', 'J27', 'J28', 'J30']
- Machine states:
  - Machine M1: Time=6540.00, Idle=0.00, Material=E-Bike_Tretlageraufnahme_geschweisst
  - Machine M2: Time=6393.00, Idle=147.00, Material=Mountainbike_Hauptrahmen_zugeschnitten
  - Machine M3: Time=6448.00, Idle=92.00, Material=Citybike_Hinterbau_vorbereitet
==================================================

2025-06-18 13:45:39,241 - JSPGymEnvironment - INFO - Material change on machine M2: Mountainbike_Hauptrahmen_zugeschnitten -> Citybike_Hinterbau_vorbereitet, setup time: 22
2025-06-18 13:45:39,241 - JSPGymEnvironment - INFO - Executed operation: Job J4, Op 1, Machine M2, Start: 6562, End: 6579, Setup: 22
2025-06-18 13:45:39,242 - JSPGymEnvironment - INFO - 
===== REWARD DETAILS FOR STEP 117 =====
Job: J4, Operation: 1, Job Completed: False
Current Time: 6540.00 -> 6579.00, Setup Time: 22.00
Processing Time: 17.00, Idle Time: 0.00
Completed Jobs: 10/30
Machine: M2, Material: Citybike_Hinterbau_vorbereitet

REWARD COMPONENTS:
- makespan_reward: -0.1950
- setup_reward: -5.5000
- deadline_reward: 0.0000
- priority_reward: 0.0000
- critical_job_reward: 0.0000
- placement_reward: -2.7500
- timeliness_reward: -5.5954
- machine_idle_penalty: -2.1250

TOTAL REWARD: -16.1654

CUMULATIVE REWARD COMPONENTS:
- makespan_reward: -32.8950
- setup_reward: -777.5000
- deadline_reward: 26.3260
- priority_reward: 296.0000
- critical_job_reward: 60.8926
- placement_reward: -102.4167
- timeliness_reward: 104.1199
- machine_idle_penalty: -450.2500

CUMULATIVE TOTAL: -875.7232

CRITICAL STATE INFO:
- Valid actions: ['J2', 'J3', 'J4', 'J5', 'J6', 'J7', 'J9', 'J11', 'J12', 'J13', 'J14', 'J16', 'J17', 'J18', 'J23', 'J25', 'J26', 'J27', 'J28', 'J30']
- Machine states:
  - Machine M1: Time=6540.00, Idle=39.00, Material=E-Bike_Tretlageraufnahme_geschweisst
  - Machine M2: Time=6579.00, Idle=0.00, Material=Citybike_Hinterbau_vorbereitet
  - Machine M3: Time=6448.00, Idle=131.00, Material=Citybike_Hinterbau_vorbereitet
==================================================

2025-06-18 13:45:39,394 - JSPGymEnvironment - INFO - Material change on machine M2: Citybike_Hinterbau_vorbereitet -> Citybike_Rahmen_lackiert, setup time: 20
2025-06-18 13:45:39,394 - JSPGymEnvironment - INFO - Executed operation: Job J3, Op 4, Machine M2, Start: 6599, End: 6612, Setup: 20
2025-06-18 13:45:39,395 - JSPGymEnvironment - INFO - 
===== REWARD DETAILS FOR STEP 118 =====
Job: J3, Operation: 4, Job Completed: False
Current Time: 6579.00 -> 6612.00, Setup Time: 20.00
Processing Time: 13.00, Idle Time: 0.00
Completed Jobs: 10/30
Machine: M2, Material: Citybike_Rahmen_lackiert

REWARD COMPONENTS:
- makespan_reward: -0.1650
- setup_reward: -5.0000
- deadline_reward: 0.0000
- priority_reward: 0.0000
- critical_job_reward: 0.0000
- placement_reward: 0.0000
- timeliness_reward: -5.5957
- machine_idle_penalty: -2.9500

TOTAL REWARD: -13.7107

CUMULATIVE REWARD COMPONENTS:
- makespan_reward: -33.0600
- setup_reward: -782.5000
- deadline_reward: 26.3260
- priority_reward: 296.0000
- critical_job_reward: 60.8926
- placement_reward: -102.4167
- timeliness_reward: 98.5242
- machine_idle_penalty: -453.2000

CUMULATIVE TOTAL: -889.4339

CRITICAL STATE INFO:
- Valid actions: ['J2', 'J3', 'J4', 'J5', 'J6', 'J7', 'J9', 'J11', 'J12', 'J13', 'J14', 'J16', 'J17', 'J18', 'J23', 'J25', 'J26', 'J27', 'J28', 'J30']
- Machine states:
  - Machine M1: Time=6540.00, Idle=72.00, Material=E-Bike_Tretlageraufnahme_geschweisst
  - Machine M2: Time=6612.00, Idle=0.00, Material=Citybike_Rahmen_lackiert
  - Machine M3: Time=6448.00, Idle=164.00, Material=Citybike_Hinterbau_vorbereitet
==================================================

2025-06-18 13:45:39,472 - JSPGymEnvironment - INFO - Material change on machine M2: Citybike_Rahmen_lackiert -> Citybike_Fahrrad_endmontiert, setup time: 20
2025-06-18 13:45:39,472 - JSPGymEnvironment - INFO - Executed operation: Job J25, Op 5, Machine M2, Start: 6632, End: 6651, Setup: 20
2025-06-18 13:45:39,473 - JSPGymEnvironment - INFO - 
===== REWARD DETAILS FOR STEP 119 =====
Job: J25, Operation: 5, Job Completed: False
Current Time: 6612.00 -> 6651.00, Setup Time: 20.00
Processing Time: 19.00, Idle Time: 0.00
Completed Jobs: 10/30
Machine: M2, Material: Citybike_Fahrrad_endmontiert

REWARD COMPONENTS:
- makespan_reward: -0.1950
- setup_reward: -5.0000
- deadline_reward: 0.0000
- priority_reward: 0.0000
- critical_job_reward: 0.0000
- placement_reward: 0.0000
- timeliness_reward: -5.5960
- machine_idle_penalty: -3.9250

TOTAL REWARD: -14.7160

CUMULATIVE REWARD COMPONENTS:
- makespan_reward: -33.2550
- setup_reward: -787.5000
- deadline_reward: 26.3260
- priority_reward: 296.0000
- critical_job_reward: 60.8926
- placement_reward: -102.4167
- timeliness_reward: 92.9282
- machine_idle_penalty: -457.1250

CUMULATIVE TOTAL: -904.1499

CRITICAL STATE INFO:
- Valid actions: ['J2', 'J3', 'J4', 'J5', 'J6', 'J7', 'J9', 'J11', 'J12', 'J13', 'J14', 'J16', 'J17', 'J18', 'J23', 'J25', 'J26', 'J27', 'J28', 'J30']
- Machine states:
  - Machine M1: Time=6540.00, Idle=111.00, Material=E-Bike_Tretlageraufnahme_geschweisst
  - Machine M2: Time=6651.00, Idle=0.00, Material=Citybike_Fahrrad_endmontiert
  - Machine M3: Time=6448.00, Idle=203.00, Material=Citybike_Hinterbau_vorbereitet
==================================================

2025-06-18 13:45:39,552 - JSPGymEnvironment - INFO - Material change on machine M1: E-Bike_Tretlageraufnahme_geschweisst -> Mountainbike_Hinterbau_vorbereitet, setup time: 59
2025-06-18 13:45:39,552 - JSPGymEnvironment - INFO - Executed operation: Job J6, Op 2, Machine M1, Start: 6710, End: 6754, Setup: 59
2025-06-18 13:45:39,552 - JSPGymEnvironment - INFO - 
===== REWARD DETAILS FOR STEP 120 =====
Job: J6, Operation: 2, Job Completed: False
Current Time: 6651.00 -> 6754.00, Setup Time: 59.00
Processing Time: 44.00, Idle Time: 0.00
Completed Jobs: 10/30
Machine: M1, Material: Mountainbike_Hinterbau_vorbereitet

REWARD COMPONENTS:
- makespan_reward: -0.5150
- setup_reward: -14.7500
- deadline_reward: 0.0000
- priority_reward: 0.0000
- critical_job_reward: 0.5000
- placement_reward: -0.8333
- timeliness_reward: -5.5968
- machine_idle_penalty: -5.1125

TOTAL REWARD: -26.3077

CUMULATIVE REWARD COMPONENTS:
- makespan_reward: -33.7700
- setup_reward: -802.2500
- deadline_reward: 26.3260
- priority_reward: 296.0000
- critical_job_reward: 61.3926
- placement_reward: -103.2500
- timeliness_reward: 87.3314
- machine_idle_penalty: -462.2375

CUMULATIVE TOTAL: -930.4575

CRITICAL STATE INFO:
- Valid actions: ['J2', 'J3', 'J4', 'J5', 'J6', 'J7', 'J9', 'J11', 'J12', 'J13', 'J14', 'J16', 'J17', 'J18', 'J23', 'J25', 'J26', 'J27', 'J28', 'J30']
- Machine states:
  - Machine M1: Time=6754.00, Idle=0.00, Material=Mountainbike_Hinterbau_vorbereitet
  - Machine M2: Time=6651.00, Idle=103.00, Material=Citybike_Fahrrad_endmontiert
  - Machine M3: Time=6448.00, Idle=306.00, Material=Citybike_Hinterbau_vorbereitet
==================================================

2025-06-18 13:45:39,708 - JSPGymEnvironment - INFO - Material change on machine M3: Citybike_Hinterbau_vorbereitet -> Mountainbike_Rahmen_komplettiert, setup time: 15
2025-06-18 13:45:39,708 - JSPGymEnvironment - INFO - Executed operation: Job J9, Op 6, Machine M3, Start: 6769, End: 6796, Setup: 15
2025-06-18 13:45:39,708 - JSPGymEnvironment - INFO - 
===== REWARD DETAILS FOR STEP 121 =====
Job: J9, Operation: 6, Job Completed: False
Current Time: 6754.00 -> 6796.00, Setup Time: 15.00
Processing Time: 27.00, Idle Time: 0.00
Completed Jobs: 10/30
Machine: M3, Material: Mountainbike_Rahmen_komplettiert

REWARD COMPONENTS:
- makespan_reward: -0.2100
- setup_reward: -3.7500
- deadline_reward: 0.0000
- priority_reward: 0.0000
- critical_job_reward: 0.0000
- placement_reward: 0.0000
- timeliness_reward: -5.5971
- machine_idle_penalty: -2.3375

TOTAL REWARD: -11.8946

CUMULATIVE REWARD COMPONENTS:
- makespan_reward: -33.9800
- setup_reward: -806.0000
- deadline_reward: 26.3260
- priority_reward: 296.0000
- critical_job_reward: 61.3926
- placement_reward: -103.2500
- timeliness_reward: 81.7343
- machine_idle_penalty: -464.5750

CUMULATIVE TOTAL: -942.3521

CRITICAL STATE INFO:
- Valid actions: ['J2', 'J3', 'J4', 'J5', 'J6', 'J7', 'J9', 'J11', 'J12', 'J13', 'J14', 'J16', 'J17', 'J18', 'J23', 'J25', 'J26', 'J27', 'J28', 'J30']
- Machine states:
  - Machine M1: Time=6754.00, Idle=42.00, Material=Mountainbike_Hinterbau_vorbereitet
  - Machine M2: Time=6651.00, Idle=145.00, Material=Citybike_Fahrrad_endmontiert
  - Machine M3: Time=6796.00, Idle=0.00, Material=Mountainbike_Rahmen_komplettiert
==================================================

2025-06-18 13:45:39,785 - JSPGymEnvironment - INFO - Material change on machine M1: Mountainbike_Hinterbau_vorbereitet -> Citybike_Antrieb_installiert, setup time: 32
2025-06-18 13:45:39,786 - JSPGymEnvironment - INFO - Executed operation: Job J25, Op 6, Machine M1, Start: 6828, End: 6850, Setup: 32
2025-06-18 13:45:39,786 - JSPGymEnvironment - INFO - 
===== REWARD DETAILS FOR STEP 122 =====
Job: J25, Operation: 6, Job Completed: False
Current Time: 6796.00 -> 6850.00, Setup Time: 32.00
Processing Time: 22.00, Idle Time: 0.00
Completed Jobs: 10/30
Machine: M1, Material: Citybike_Antrieb_installiert

REWARD COMPONENTS:
- makespan_reward: -0.2700
- setup_reward: -8.0000
- deadline_reward: 0.0000
- priority_reward: 0.0000
- critical_job_reward: 0.0000
- placement_reward: 0.0000
- timeliness_reward: -5.5974
- machine_idle_penalty: -3.1625

TOTAL REWARD: -17.0299

CUMULATIVE REWARD COMPONENTS:
- makespan_reward: -34.2500
- setup_reward: -814.0000
- deadline_reward: 26.3260
- priority_reward: 296.0000
- critical_job_reward: 61.3926
- placement_reward: -103.2500
- timeliness_reward: 76.1369
- machine_idle_penalty: -467.7375

CUMULATIVE TOTAL: -959.3820

CRITICAL STATE INFO:
- Valid actions: ['J2', 'J3', 'J4', 'J5', 'J6', 'J7', 'J9', 'J11', 'J12', 'J13', 'J14', 'J16', 'J17', 'J18', 'J23', 'J25', 'J26', 'J27', 'J28', 'J30']
- Machine states:
  - Machine M1: Time=6850.00, Idle=0.00, Material=Citybike_Antrieb_installiert
  - Machine M2: Time=6651.00, Idle=199.00, Material=Citybike_Fahrrad_endmontiert
  - Machine M3: Time=6796.00, Idle=54.00, Material=Mountainbike_Rahmen_komplettiert
==================================================

2025-06-18 13:45:39,863 - JSPGymEnvironment - INFO - Material change on machine M3: Mountainbike_Rahmen_komplettiert -> Citybike_Fahrrad_endmontiert, setup time: 18
2025-06-18 13:45:39,863 - JSPGymEnvironment - INFO - Executed operation: Job J13, Op 0, Machine M3, Start: 6868, End: 6918, Setup: 18
2025-06-18 13:45:39,864 - JSPGymEnvironment - INFO - 
===== REWARD DETAILS FOR STEP 123 =====
Job: J13, Operation: 0, Job Completed: False
Current Time: 6850.00 -> 6918.00, Setup Time: 18.00
Processing Time: 50.00, Idle Time: 0.00
Completed Jobs: 10/30
Machine: M3, Material: Citybike_Fahrrad_endmontiert

REWARD COMPONENTS:
- makespan_reward: -0.3400
- setup_reward: -4.5000
- deadline_reward: 0.0000
- priority_reward: 0.0000
- critical_job_reward: 0.0000
- placement_reward: 0.0000
- timeliness_reward: -5.5978
- machine_idle_penalty: -4.1875

TOTAL REWARD: -14.6253

CUMULATIVE REWARD COMPONENTS:
- makespan_reward: -34.5900
- setup_reward: -818.5000
- deadline_reward: 26.3260
- priority_reward: 296.0000
- critical_job_reward: 61.3926
- placement_reward: -103.2500
- timeliness_reward: 70.5391
- machine_idle_penalty: -471.9250

CUMULATIVE TOTAL: -974.0073

CRITICAL STATE INFO:
- Valid actions: ['J2', 'J3', 'J4', 'J5', 'J6', 'J7', 'J9', 'J11', 'J12', 'J13', 'J14', 'J16', 'J17', 'J18', 'J23', 'J25', 'J26', 'J27', 'J28', 'J30']
- Machine states:
  - Machine M1: Time=6850.00, Idle=68.00, Material=Citybike_Antrieb_installiert
  - Machine M2: Time=6651.00, Idle=267.00, Material=Citybike_Fahrrad_endmontiert
  - Machine M3: Time=6918.00, Idle=0.00, Material=Citybike_Fahrrad_endmontiert
==================================================

2025-06-18 13:45:39,940 - JSPGymEnvironment - INFO - Material change on machine M2: Citybike_Fahrrad_endmontiert -> Mountainbike_Rahmen_lackiert, setup time: 20
2025-06-18 13:45:39,940 - JSPGymEnvironment - INFO - Executed operation: Job J23, Op 3, Machine M2, Start: 6938, End: 6965, Setup: 20
2025-06-18 13:45:39,941 - JSPGymEnvironment - INFO - 
===== REWARD DETAILS FOR STEP 124 =====
Job: J23, Operation: 3, Job Completed: False
Current Time: 6918.00 -> 6965.00, Setup Time: 20.00
Processing Time: 27.00, Idle Time: 0.00
Completed Jobs: 10/30
Machine: M2, Material: Mountainbike_Rahmen_lackiert

REWARD COMPONENTS:
- makespan_reward: -0.2350
- setup_reward: -5.0000
- deadline_reward: 0.0000
- priority_reward: 0.0000
- critical_job_reward: 0.0000
- placement_reward: 0.0000
- timeliness_reward: -5.5980
- machine_idle_penalty: -2.0250

TOTAL REWARD: -12.8580

CUMULATIVE REWARD COMPONENTS:
- makespan_reward: -34.8250
- setup_reward: -823.5000
- deadline_reward: 26.3260
- priority_reward: 296.0000
- critical_job_reward: 61.3926
- placement_reward: -103.2500
- timeliness_reward: 64.9411
- machine_idle_penalty: -473.9500

CUMULATIVE TOTAL: -986.8653

CRITICAL STATE INFO:
- Valid actions: ['J2', 'J3', 'J4', 'J5', 'J6', 'J7', 'J9', 'J11', 'J12', 'J13', 'J14', 'J16', 'J17', 'J18', 'J23', 'J25', 'J26', 'J27', 'J28', 'J30']
- Machine states:
  - Machine M1: Time=6850.00, Idle=115.00, Material=Citybike_Antrieb_installiert
  - Machine M2: Time=6965.00, Idle=0.00, Material=Mountainbike_Rahmen_lackiert
  - Machine M3: Time=6918.00, Idle=47.00, Material=Citybike_Fahrrad_endmontiert
==================================================

2025-06-18 13:45:40,094 - JSPGymEnvironment - INFO - Material change on machine M2: Mountainbike_Rahmen_lackiert -> E-Bike_Steuerrohr_ausgerieben, setup time: 25
2025-06-18 13:45:40,094 - JSPGymEnvironment - INFO - Executed operation: Job J27, Op 3, Machine M2, Start: 6990, End: 7012, Setup: 25
2025-06-18 13:45:40,095 - JSPGymEnvironment - INFO - 
===== REWARD DETAILS FOR STEP 125 =====
Job: J27, Operation: 3, Job Completed: False
Current Time: 6965.00 -> 7012.00, Setup Time: 25.00
Processing Time: 22.00, Idle Time: 0.00
Completed Jobs: 10/30
Machine: M2, Material: E-Bike_Steuerrohr_ausgerieben

REWARD COMPONENTS:
- makespan_reward: -0.2350
- setup_reward: -6.2500
- deadline_reward: 0.0000
- priority_reward: 0.0000
- critical_job_reward: 0.5000
- placement_reward: -1.6667
- timeliness_reward: -5.5982
- machine_idle_penalty: -3.2000

TOTAL REWARD: -16.4498

CUMULATIVE REWARD COMPONENTS:
- makespan_reward: -35.0600
- setup_reward: -829.7500
- deadline_reward: 26.3260
- priority_reward: 296.0000
- critical_job_reward: 61.8926
- placement_reward: -104.9167
- timeliness_reward: 59.3429
- machine_idle_penalty: -477.1500

CUMULATIVE TOTAL: -1003.3151

CRITICAL STATE INFO:
- Valid actions: ['J2', 'J3', 'J4', 'J5', 'J6', 'J7', 'J9', 'J11', 'J12', 'J13', 'J14', 'J16', 'J17', 'J18', 'J23', 'J25', 'J26', 'J27', 'J28', 'J30']
- Machine states:
  - Machine M1: Time=6850.00, Idle=162.00, Material=Citybike_Antrieb_installiert
  - Machine M2: Time=7012.00, Idle=0.00, Material=E-Bike_Steuerrohr_ausgerieben
  - Machine M3: Time=6918.00, Idle=94.00, Material=Citybike_Fahrrad_endmontiert
==================================================

2025-06-18 13:45:40,173 - JSPGymEnvironment - INFO - Material change on machine M2: E-Bike_Steuerrohr_ausgerieben -> Citybike_Bremsaufnahme_gebohrt, setup time: 21
2025-06-18 13:45:40,174 - JSPGymEnvironment - INFO - Executed operation: Job J5, Op 2, Machine M2, Start: 7033, End: 7060, Setup: 21
2025-06-18 13:45:40,174 - JSPGymEnvironment - INFO - 
===== REWARD DETAILS FOR STEP 126 =====
Job: J5, Operation: 2, Job Completed: False
Current Time: 7012.00 -> 7060.00, Setup Time: 21.00
Processing Time: 27.00, Idle Time: 0.00
Completed Jobs: 10/30
Machine: M2, Material: Citybike_Bremsaufnahme_gebohrt

REWARD COMPONENTS:
- makespan_reward: -0.2400
- setup_reward: -5.2500
- deadline_reward: 0.0000
- priority_reward: 0.0000
- critical_job_reward: 0.0000
- placement_reward: 0.0000
- timeliness_reward: -5.5984
- machine_idle_penalty: -4.4000

TOTAL REWARD: -15.4884

CUMULATIVE REWARD COMPONENTS:
- makespan_reward: -35.3000
- setup_reward: -835.0000
- deadline_reward: 26.3260
- priority_reward: 296.0000
- critical_job_reward: 61.8926
- placement_reward: -104.9167
- timeliness_reward: 53.7446
- machine_idle_penalty: -481.5500

CUMULATIVE TOTAL: -1018.8035

CRITICAL STATE INFO:
- Valid actions: ['J2', 'J3', 'J4', 'J5', 'J6', 'J7', 'J9', 'J11', 'J12', 'J13', 'J14', 'J16', 'J17', 'J18', 'J23', 'J25', 'J26', 'J27', 'J28', 'J30']
- Machine states:
  - Machine M1: Time=6850.00, Idle=210.00, Material=Citybike_Antrieb_installiert
  - Machine M2: Time=7060.00, Idle=0.00, Material=Citybike_Bremsaufnahme_gebohrt
  - Machine M3: Time=6918.00, Idle=142.00, Material=Citybike_Fahrrad_endmontiert
==================================================

2025-06-18 13:45:40,252 - JSPGymEnvironment - INFO - Material change on machine M2: Citybike_Bremsaufnahme_gebohrt -> Mountainbike_Tretlageraufnahme_geschweisst, setup time: 20
2025-06-18 13:45:40,252 - JSPGymEnvironment - INFO - Executed operation: Job J23, Op 4, Machine M2, Start: 7080, End: 7107, Setup: 20
2025-06-18 13:45:40,252 - JSPGymEnvironment - INFO - 
===== REWARD DETAILS FOR STEP 127 =====
Job: J23, Operation: 4, Job Completed: False
Current Time: 7060.00 -> 7107.00, Setup Time: 20.00
Processing Time: 27.00, Idle Time: 0.00
Completed Jobs: 10/30
Machine: M2, Material: Mountainbike_Tretlageraufnahme_geschweisst

REWARD COMPONENTS:
- makespan_reward: -0.2350
- setup_reward: -5.0000
- deadline_reward: 0.0000
- priority_reward: 0.0000
- critical_job_reward: 0.0000
- placement_reward: 0.0000
- timeliness_reward: -5.5985
- machine_idle_penalty: -5.5750

TOTAL REWARD: -16.4085

CUMULATIVE REWARD COMPONENTS:
- makespan_reward: -35.5350
- setup_reward: -840.0000
- deadline_reward: 26.3260
- priority_reward: 296.0000
- critical_job_reward: 61.8926
- placement_reward: -104.9167
- timeliness_reward: 48.1461
- machine_idle_penalty: -487.1250

CUMULATIVE TOTAL: -1035.2120

CRITICAL STATE INFO:
- Valid actions: ['J2', 'J3', 'J4', 'J5', 'J6', 'J7', 'J9', 'J11', 'J12', 'J13', 'J14', 'J16', 'J17', 'J18', 'J23', 'J25', 'J26', 'J27', 'J28', 'J30']
- Machine states:
  - Machine M1: Time=6850.00, Idle=257.00, Material=Citybike_Antrieb_installiert
  - Machine M2: Time=7107.00, Idle=0.00, Material=Mountainbike_Tretlageraufnahme_geschweisst
  - Machine M3: Time=6918.00, Idle=189.00, Material=Citybike_Fahrrad_endmontiert
==================================================

2025-06-18 13:45:40,409 - JSPGymEnvironment - INFO - Material change on machine M2: Mountainbike_Tretlageraufnahme_geschweisst -> Citybike_Steuerrohr_ausgerieben, setup time: 22
2025-06-18 13:45:40,409 - JSPGymEnvironment - INFO - Executed operation: Job J18, Op 4, Machine M2, Start: 7129, End: 7153, Setup: 22
2025-06-18 13:45:40,410 - JSPGymEnvironment - INFO - 
===== REWARD DETAILS FOR STEP 128 =====
Job: J18, Operation: 4, Job Completed: False
Current Time: 7107.00 -> 7153.00, Setup Time: 22.00
Processing Time: 24.00, Idle Time: 0.00
Completed Jobs: 10/30
Machine: M2, Material: Citybike_Steuerrohr_ausgerieben

REWARD COMPONENTS:
- makespan_reward: -0.2300
- setup_reward: -5.5000
- deadline_reward: 0.0000
- priority_reward: 0.0000
- critical_job_reward: 0.0000
- placement_reward: 0.0000
- timeliness_reward: -5.5987
- machine_idle_penalty: -6.7250

TOTAL REWARD: -18.0537

CUMULATIVE REWARD COMPONENTS:
- makespan_reward: -35.7650
- setup_reward: -845.5000
- deadline_reward: 26.3260
- priority_reward: 296.0000
- critical_job_reward: 61.8926
- placement_reward: -104.9167
- timeliness_reward: 42.5474
- machine_idle_penalty: -493.8500

CUMULATIVE TOTAL: -1053.2656

CRITICAL STATE INFO:
- Valid actions: ['J2', 'J3', 'J4', 'J5', 'J6', 'J7', 'J9', 'J11', 'J12', 'J13', 'J14', 'J16', 'J17', 'J18', 'J23', 'J25', 'J26', 'J27', 'J28', 'J30']
- Machine states:
  - Machine M1: Time=6850.00, Idle=303.00, Material=Citybike_Antrieb_installiert
  - Machine M2: Time=7153.00, Idle=0.00, Material=Citybike_Steuerrohr_ausgerieben
  - Machine M3: Time=6918.00, Idle=235.00, Material=Citybike_Fahrrad_endmontiert
==================================================

2025-06-18 13:45:40,489 - JSPGymEnvironment - INFO - Material change on machine M2: Citybike_Steuerrohr_ausgerieben -> Mountainbike_Bremsen_justiert, setup time: 20
2025-06-18 13:45:40,489 - JSPGymEnvironment - INFO - Executed operation: Job J9, Op 7, Machine M2, Start: 7173, End: 7189, Setup: 20
2025-06-18 13:45:40,489 - JSPGymEnvironment - INFO - Job J9 completed at time 7189, deadline: 2880, met: False, priority: 2
2025-06-18 13:45:40,489 - JSPGymEnvironment - INFO - 
===== REWARD DETAILS FOR STEP 129 =====
Job: J9, Operation: 7, Job Completed: True
Current Time: 7153.00 -> 7189.00, Setup Time: 20.00
Processing Time: 16.00, Idle Time: 0.00
Completed Jobs: 11/30
Machine: M2, Material: Mountainbike_Bremsen_justiert
Job Deadline: 2880.00 (Missed), Priority: 2

REWARD COMPONENTS:
- makespan_reward: -0.1800
- setup_reward: -5.0000
- deadline_reward: -3.7405
- priority_reward: 8.0000
- critical_job_reward: 0.0000
- placement_reward: 0.0000
- timeliness_reward: -5.5988
- machine_idle_penalty: -7.6250

TOTAL REWARD: -14.1442

CUMULATIVE REWARD COMPONENTS:
- makespan_reward: -35.9450
- setup_reward: -850.5000
- deadline_reward: 22.5855
- priority_reward: 304.0000
- critical_job_reward: 61.8926
- placement_reward: -104.9167
- timeliness_reward: 36.9487
- machine_idle_penalty: -501.4750

CUMULATIVE TOTAL: -1067.4099

CRITICAL STATE INFO:
- Valid actions: ['J2', 'J3', 'J4', 'J5', 'J6', 'J7', 'J11', 'J12', 'J13', 'J14', 'J16', 'J17', 'J18', 'J23', 'J25', 'J26', 'J27', 'J28', 'J30']
- Machine states:
  - Machine M1: Time=6850.00, Idle=339.00, Material=Citybike_Antrieb_installiert
  - Machine M2: Time=7189.00, Idle=0.00, Material=Mountainbike_Bremsen_justiert
  - Machine M3: Time=6918.00, Idle=271.00, Material=Citybike_Fahrrad_endmontiert
==================================================

2025-06-18 13:45:40,489 - JSPGymEnvironment - INFO - Retro-Bonus für Job J9: -10.0
2025-06-18 13:45:40,567 - JSPGymEnvironment - INFO - Material change on machine M1: Citybike_Antrieb_installiert -> E-Bike_Steuerrohr_ausgerieben, setup time: 40
2025-06-18 13:45:40,567 - JSPGymEnvironment - INFO - Executed operation: Job J2, Op 4, Machine M1, Start: 7229, End: 7244, Setup: 40
2025-06-18 13:45:40,568 - JSPGymEnvironment - INFO - 
===== REWARD DETAILS FOR STEP 130 =====
Job: J2, Operation: 4, Job Completed: False
Current Time: 7189.00 -> 7244.00, Setup Time: 40.00
Processing Time: 15.00, Idle Time: 0.00
Completed Jobs: 11/30
Machine: M1, Material: E-Bike_Steuerrohr_ausgerieben

REWARD COMPONENTS:
- makespan_reward: -0.2750
- setup_reward: -10.0000
- deadline_reward: 0.0000
- priority_reward: 0.0000
- critical_job_reward: 0.5000
- placement_reward: -1.6667
- timeliness_reward: -5.5989
- machine_idle_penalty: -4.7625

TOTAL REWARD: -21.8031

CUMULATIVE REWARD COMPONENTS:
- makespan_reward: -36.2200
- setup_reward: -860.5000
- deadline_reward: 22.5855
- priority_reward: 304.0000
- critical_job_reward: 62.3926
- placement_reward: -106.5833
- timeliness_reward: 31.3498
- machine_idle_penalty: -506.2375

CUMULATIVE TOTAL: -1089.2129

CRITICAL STATE INFO:
- Valid actions: ['J2', 'J3', 'J4', 'J5', 'J6', 'J7', 'J11', 'J12', 'J13', 'J14', 'J16', 'J17', 'J18', 'J23', 'J25', 'J26', 'J27', 'J28', 'J30']
- Machine states:
  - Machine M1: Time=7244.00, Idle=0.00, Material=E-Bike_Steuerrohr_ausgerieben
  - Machine M2: Time=7189.00, Idle=55.00, Material=Mountainbike_Bremsen_justiert
  - Machine M3: Time=6918.00, Idle=326.00, Material=Citybike_Fahrrad_endmontiert
==================================================

2025-06-18 13:45:40,645 - JSPGymEnvironment - INFO - Material change on machine M1: E-Bike_Steuerrohr_ausgerieben -> Racebike_Laufraeder_montiert, setup time: 60
2025-06-18 13:45:40,646 - JSPGymEnvironment - INFO - Executed operation: Job J26, Op 2, Machine M1, Start: 7304, End: 7347, Setup: 60
2025-06-18 13:45:40,646 - JSPGymEnvironment - INFO - 
===== REWARD DETAILS FOR STEP 131 =====
Job: J26, Operation: 2, Job Completed: False
Current Time: 7244.00 -> 7347.00, Setup Time: 60.00
Processing Time: 43.00, Idle Time: 0.00
Completed Jobs: 11/30
Machine: M1, Material: Racebike_Laufraeder_montiert

REWARD COMPONENTS:
- makespan_reward: -0.5150
- setup_reward: -15.0000
- deadline_reward: 0.0000
- priority_reward: 0.0000
- critical_job_reward: 0.5000
- placement_reward: -2.5000
- timeliness_reward: -5.5991
- machine_idle_penalty: -7.3375

TOTAL REWARD: -30.4516

CUMULATIVE REWARD COMPONENTS:
- makespan_reward: -36.7350
- setup_reward: -875.5000
- deadline_reward: 22.5855
- priority_reward: 304.0000
- critical_job_reward: 62.8926
- placement_reward: -109.0833
- timeliness_reward: 25.7507
- machine_idle_penalty: -513.5750

CUMULATIVE TOTAL: -1119.6645

CRITICAL STATE INFO:
- Valid actions: ['J2', 'J3', 'J4', 'J5', 'J6', 'J7', 'J11', 'J12', 'J13', 'J14', 'J16', 'J17', 'J18', 'J23', 'J25', 'J26', 'J27', 'J28', 'J30']
- Machine states:
  - Machine M1: Time=7347.00, Idle=0.00, Material=Racebike_Laufraeder_montiert
  - Machine M2: Time=7189.00, Idle=158.00, Material=Mountainbike_Bremsen_justiert
  - Machine M3: Time=6918.00, Idle=429.00, Material=Citybike_Fahrrad_endmontiert
==================================================

2025-06-18 13:45:40,800 - JSPGymEnvironment - INFO - Material change on machine M1: Racebike_Laufraeder_montiert -> Citybike_Schaltauge_bearbeitet, setup time: 45
2025-06-18 13:45:40,800 - JSPGymEnvironment - INFO - Executed operation: Job J25, Op 7, Machine M1, Start: 7392, End: 7433, Setup: 45
2025-06-18 13:45:40,800 - JSPGymEnvironment - INFO - Job J25 completed at time 7433, deadline: 2880, met: False, priority: 4
2025-06-18 13:45:40,800 - JSPGymEnvironment - INFO - 
===== REWARD DETAILS FOR STEP 132 =====
Job: J25, Operation: 7, Job Completed: True
Current Time: 7347.00 -> 7433.00, Setup Time: 45.00
Processing Time: 41.00, Idle Time: 0.00
Completed Jobs: 12/30
Machine: M1, Material: Citybike_Schaltauge_bearbeitet
Job Deadline: 2880.00 (Missed), Priority: 4

REWARD COMPONENTS:
- makespan_reward: -0.4300
- setup_reward: -11.2500
- deadline_reward: -3.9523
- priority_reward: 16.0000
- critical_job_reward: 0.0000
- placement_reward: 0.0000
- timeliness_reward: -5.5993
- machine_idle_penalty: -9.4875

TOTAL REWARD: -14.7190

CUMULATIVE REWARD COMPONENTS:
- makespan_reward: -37.1650
- setup_reward: -886.7500
- deadline_reward: 18.6333
- priority_reward: 320.0000
- critical_job_reward: 62.8926
- placement_reward: -109.0833
- timeliness_reward: 20.1514
- machine_idle_penalty: -523.0625

CUMULATIVE TOTAL: -1134.3836

CRITICAL STATE INFO:
- Valid actions: ['J2', 'J3', 'J4', 'J5', 'J6', 'J7', 'J11', 'J12', 'J13', 'J14', 'J16', 'J17', 'J18', 'J23', 'J26', 'J27', 'J28', 'J30']
- Machine states:
  - Machine M1: Time=7433.00, Idle=0.00, Material=Citybike_Schaltauge_bearbeitet
  - Machine M2: Time=7189.00, Idle=244.00, Material=Mountainbike_Bremsen_justiert
  - Machine M3: Time=6918.00, Idle=515.00, Material=Citybike_Fahrrad_endmontiert
==================================================

2025-06-18 13:45:40,800 - JSPGymEnvironment - INFO - Retro-Bonus für Job J25: -10.0
2025-06-18 13:45:40,878 - JSPGymEnvironment - INFO - Material change on machine M1: Citybike_Schaltauge_bearbeitet -> Citybike_Bremsen_justiert, setup time: 40
2025-06-18 13:45:40,878 - JSPGymEnvironment - INFO - Executed operation: Job J5, Op 3, Machine M1, Start: 7473, End: 7505, Setup: 40
2025-06-18 13:45:40,879 - JSPGymEnvironment - INFO - 
===== REWARD DETAILS FOR STEP 133 =====
Job: J5, Operation: 3, Job Completed: False
Current Time: 7433.00 -> 7505.00, Setup Time: 40.00
Processing Time: 32.00, Idle Time: 0.00
Completed Jobs: 12/30
Machine: M1, Material: Citybike_Bremsen_justiert

REWARD COMPONENTS:
- makespan_reward: -0.3600
- setup_reward: -10.0000
- deadline_reward: 0.0000
- priority_reward: 0.0000
- critical_job_reward: 0.0000
- placement_reward: 0.0000
- timeliness_reward: -5.5994
- machine_idle_penalty: -11.2875

TOTAL REWARD: -27.2469

CUMULATIVE REWARD COMPONENTS:
- makespan_reward: -37.5250
- setup_reward: -896.7500
- deadline_reward: 18.6333
- priority_reward: 320.0000
- critical_job_reward: 62.8926
- placement_reward: -109.0833
- timeliness_reward: 14.5520
- machine_idle_penalty: -534.3500

CUMULATIVE TOTAL: -1161.6304

CRITICAL STATE INFO:
- Valid actions: ['J2', 'J3', 'J4', 'J5', 'J6', 'J7', 'J11', 'J12', 'J13', 'J14', 'J16', 'J17', 'J18', 'J23', 'J26', 'J27', 'J28', 'J30']
- Machine states:
  - Machine M1: Time=7505.00, Idle=0.00, Material=Citybike_Bremsen_justiert
  - Machine M2: Time=7189.00, Idle=316.00, Material=Mountainbike_Bremsen_justiert
  - Machine M3: Time=6918.00, Idle=587.00, Material=Citybike_Fahrrad_endmontiert
==================================================

2025-06-18 13:45:40,956 - JSPGymEnvironment - INFO - Material change on machine M3: Citybike_Fahrrad_endmontiert -> Mountainbike_Schaltauge_bearbeitet, setup time: 15
2025-06-18 13:45:40,956 - JSPGymEnvironment - INFO - Executed operation: Job J30, Op 5, Machine M3, Start: 7520, End: 7545, Setup: 15
2025-06-18 13:45:40,957 - JSPGymEnvironment - INFO - 
===== REWARD DETAILS FOR STEP 134 =====
Job: J30, Operation: 5, Job Completed: False
Current Time: 7505.00 -> 7545.00, Setup Time: 15.00
Processing Time: 25.00, Idle Time: 0.00
Completed Jobs: 12/30
Machine: M3, Material: Mountainbike_Schaltauge_bearbeitet

REWARD COMPONENTS:
- makespan_reward: -0.2000
- setup_reward: -3.7500
- deadline_reward: 0.0000
- priority_reward: 0.0000
- critical_job_reward: 0.0000
- placement_reward: 0.0000
- timeliness_reward: -5.5994
- machine_idle_penalty: -4.9500

TOTAL REWARD: -14.4994

CUMULATIVE REWARD COMPONENTS:
- makespan_reward: -37.7250
- setup_reward: -900.5000
- deadline_reward: 18.6333
- priority_reward: 320.0000
- critical_job_reward: 62.8926
- placement_reward: -109.0833
- timeliness_reward: 8.9526
- machine_idle_penalty: -539.3000

CUMULATIVE TOTAL: -1176.1299

CRITICAL STATE INFO:
- Valid actions: ['J2', 'J3', 'J4', 'J5', 'J6', 'J7', 'J11', 'J12', 'J13', 'J14', 'J16', 'J17', 'J18', 'J23', 'J26', 'J27', 'J28', 'J30']
- Machine states:
  - Machine M1: Time=7505.00, Idle=40.00, Material=Citybike_Bremsen_justiert
  - Machine M2: Time=7189.00, Idle=356.00, Material=Mountainbike_Bremsen_justiert
  - Machine M3: Time=7545.00, Idle=0.00, Material=Mountainbike_Schaltauge_bearbeitet
==================================================

2025-06-18 13:45:41,113 - JSPGymEnvironment - INFO - Material change on machine M2: Mountainbike_Bremsen_justiert -> Racebike_Rahmen_lackiert, setup time: 17
2025-06-18 13:45:41,113 - JSPGymEnvironment - INFO - Executed operation: Job J12, Op 2, Machine M2, Start: 7562, End: 7582, Setup: 17
2025-06-18 13:45:41,114 - JSPGymEnvironment - INFO - 
===== REWARD DETAILS FOR STEP 135 =====
Job: J12, Operation: 2, Job Completed: False
Current Time: 7545.00 -> 7582.00, Setup Time: 17.00
Processing Time: 20.00, Idle Time: 0.00
Completed Jobs: 12/30
Machine: M2, Material: Racebike_Rahmen_lackiert

REWARD COMPONENTS:
- makespan_reward: -0.1850
- setup_reward: -4.2500
- deadline_reward: 0.0000
- priority_reward: 0.0000
- critical_job_reward: 0.0000
- placement_reward: 0.0000
- timeliness_reward: -5.5995
- machine_idle_penalty: -1.4250

TOTAL REWARD: -11.4595

CUMULATIVE REWARD COMPONENTS:
- makespan_reward: -37.9100
- setup_reward: -904.7500
- deadline_reward: 18.6333
- priority_reward: 320.0000
- critical_job_reward: 62.8926
- placement_reward: -109.0833
- timeliness_reward: 3.3531
- machine_idle_penalty: -540.7250

CUMULATIVE TOTAL: -1187.5893

CRITICAL STATE INFO:
- Valid actions: ['J2', 'J3', 'J4', 'J5', 'J6', 'J7', 'J11', 'J12', 'J13', 'J14', 'J16', 'J17', 'J18', 'J23', 'J26', 'J27', 'J28', 'J30']
- Machine states:
  - Machine M1: Time=7505.00, Idle=77.00, Material=Citybike_Bremsen_justiert
  - Machine M2: Time=7582.00, Idle=0.00, Material=Racebike_Rahmen_lackiert
  - Machine M3: Time=7545.00, Idle=37.00, Material=Mountainbike_Schaltauge_bearbeitet
==================================================

2025-06-18 13:45:41,193 - JSPGymEnvironment - INFO - Material change on machine M1: Citybike_Bremsen_justiert -> Mountainbike_Laufraeder_montiert, setup time: 30
2025-06-18 13:45:41,193 - JSPGymEnvironment - INFO - Executed operation: Job J30, Op 6, Machine M1, Start: 7612, End: 7643, Setup: 30
2025-06-18 13:45:41,194 - JSPGymEnvironment - INFO - 
===== REWARD DETAILS FOR STEP 136 =====
Job: J30, Operation: 6, Job Completed: False
Current Time: 7582.00 -> 7643.00, Setup Time: 30.00
Processing Time: 31.00, Idle Time: 0.00
Completed Jobs: 12/30
Machine: M1, Material: Mountainbike_Laufraeder_montiert

REWARD COMPONENTS:
- makespan_reward: -0.3050
- setup_reward: -7.5000
- deadline_reward: 0.0000
- priority_reward: 0.0000
- critical_job_reward: 0.0000
- placement_reward: 0.0000
- timeliness_reward: -5.5995
- machine_idle_penalty: -1.9875

TOTAL REWARD: -15.3920

CUMULATIVE REWARD COMPONENTS:
- makespan_reward: -38.2150
- setup_reward: -912.2500
- deadline_reward: 18.6333
- priority_reward: 320.0000
- critical_job_reward: 62.8926
- placement_reward: -109.0833
- timeliness_reward: -2.2464
- machine_idle_penalty: -542.7125

CUMULATIVE TOTAL: -1202.9814

CRITICAL STATE INFO:
- Valid actions: ['J2', 'J3', 'J4', 'J5', 'J6', 'J7', 'J11', 'J12', 'J13', 'J14', 'J16', 'J17', 'J18', 'J23', 'J26', 'J27', 'J28', 'J30']
- Machine states:
  - Machine M1: Time=7643.00, Idle=0.00, Material=Mountainbike_Laufraeder_montiert
  - Machine M2: Time=7582.00, Idle=61.00, Material=Racebike_Rahmen_lackiert
  - Machine M3: Time=7545.00, Idle=98.00, Material=Mountainbike_Schaltauge_bearbeitet
==================================================

2025-06-18 13:45:41,271 - JSPGymEnvironment - INFO - Material change on machine M1: Mountainbike_Laufraeder_montiert -> Mountainbike_Hinterbau_vorbereitet, setup time: 40
2025-06-18 13:45:41,271 - JSPGymEnvironment - INFO - Executed operation: Job J30, Op 7, Machine M1, Start: 7683, End: 7715, Setup: 40
2025-06-18 13:45:41,271 - JSPGymEnvironment - INFO - Job J30 completed at time 7715, deadline: 2880, met: False, priority: 2
2025-06-18 13:45:41,272 - JSPGymEnvironment - INFO - 
===== REWARD DETAILS FOR STEP 137 =====
Job: J30, Operation: 7, Job Completed: True
Current Time: 7643.00 -> 7715.00, Setup Time: 40.00
Processing Time: 32.00, Idle Time: 0.00
Completed Jobs: 13/30
Machine: M1, Material: Mountainbike_Hinterbau_vorbereitet
Job Deadline: 2880.00 (Missed), Priority: 2

REWARD COMPONENTS:
- makespan_reward: -0.3600
- setup_reward: -10.0000
- deadline_reward: -4.1970
- priority_reward: 8.0000
- critical_job_reward: 0.0000
- placement_reward: 0.0000
- timeliness_reward: -5.5996
- machine_idle_penalty: -3.7875

TOTAL REWARD: -15.9442

CUMULATIVE REWARD COMPONENTS:
- makespan_reward: -38.5750
- setup_reward: -922.2500
- deadline_reward: 14.4362
- priority_reward: 328.0000
- critical_job_reward: 62.8926
- placement_reward: -109.0833
- timeliness_reward: -7.8460
- machine_idle_penalty: -546.5000

CUMULATIVE TOTAL: -1218.9255

CRITICAL STATE INFO:
- Valid actions: ['J2', 'J3', 'J4', 'J5', 'J6', 'J7', 'J11', 'J12', 'J13', 'J14', 'J16', 'J17', 'J18', 'J23', 'J26', 'J27', 'J28']
- Machine states:
  - Machine M1: Time=7715.00, Idle=0.00, Material=Mountainbike_Hinterbau_vorbereitet
  - Machine M2: Time=7582.00, Idle=133.00, Material=Racebike_Rahmen_lackiert
  - Machine M3: Time=7545.00, Idle=170.00, Material=Mountainbike_Schaltauge_bearbeitet
==================================================

2025-06-18 13:45:41,272 - JSPGymEnvironment - INFO - Retro-Bonus für Job J30: -10.0
2025-06-18 13:45:41,348 - JSPGymEnvironment - INFO - Material change on machine M1: Mountainbike_Hinterbau_vorbereitet -> Citybike_Schaltauge_bearbeitet, setup time: 32
2025-06-18 13:45:41,348 - JSPGymEnvironment - INFO - Executed operation: Job J3, Op 5, Machine M1, Start: 7747, End: 7762, Setup: 32
2025-06-18 13:45:41,349 - JSPGymEnvironment - INFO - 
===== REWARD DETAILS FOR STEP 138 =====
Job: J3, Operation: 5, Job Completed: False
Current Time: 7715.00 -> 7762.00, Setup Time: 32.00
Processing Time: 15.00, Idle Time: 0.00
Completed Jobs: 13/30
Machine: M1, Material: Citybike_Schaltauge_bearbeitet

REWARD COMPONENTS:
- makespan_reward: -0.2350
- setup_reward: -8.0000
- deadline_reward: 0.0000
- priority_reward: 0.0000
- critical_job_reward: 0.0000
- placement_reward: 0.0000
- timeliness_reward: -5.5996
- machine_idle_penalty: -4.9625

TOTAL REWARD: -18.7971

CUMULATIVE REWARD COMPONENTS:
- makespan_reward: -38.8100
- setup_reward: -930.2500
- deadline_reward: 14.4362
- priority_reward: 328.0000
- critical_job_reward: 62.8926
- placement_reward: -109.0833
- timeliness_reward: -13.4457
- machine_idle_penalty: -551.4625

CUMULATIVE TOTAL: -1237.7227

CRITICAL STATE INFO:
- Valid actions: ['J2', 'J3', 'J4', 'J5', 'J6', 'J7', 'J11', 'J12', 'J13', 'J14', 'J16', 'J17', 'J18', 'J23', 'J26', 'J27', 'J28']
- Machine states:
  - Machine M1: Time=7762.00, Idle=0.00, Material=Citybike_Schaltauge_bearbeitet
  - Machine M2: Time=7582.00, Idle=180.00, Material=Racebike_Rahmen_lackiert
  - Machine M3: Time=7545.00, Idle=217.00, Material=Mountainbike_Schaltauge_bearbeitet
==================================================

2025-06-18 13:45:41,500 - JSPGymEnvironment - INFO - Material change on machine M3: Mountainbike_Schaltauge_bearbeitet -> Citybike_Antrieb_installiert, setup time: 18
2025-06-18 13:45:41,500 - JSPGymEnvironment - INFO - Executed operation: Job J18, Op 5, Machine M3, Start: 7780, End: 7802, Setup: 18
2025-06-18 13:45:41,500 - JSPGymEnvironment - INFO - Job J18 completed at time 7802, deadline: 2809, met: False, priority: 3
2025-06-18 13:45:41,501 - JSPGymEnvironment - INFO - 
===== REWARD DETAILS FOR STEP 139 =====
Job: J18, Operation: 5, Job Completed: True
Current Time: 7762.00 -> 7802.00, Setup Time: 18.00
Processing Time: 22.00, Idle Time: 0.00
Completed Jobs: 14/30
Machine: M3, Material: Citybike_Antrieb_installiert
Job Deadline: 2809.00 (Missed), Priority: 3

REWARD COMPONENTS:
- makespan_reward: -0.2000
- setup_reward: -4.5000
- deadline_reward: -4.4438
- priority_reward: 12.0000
- critical_job_reward: 0.0000
- placement_reward: 0.0000
- timeliness_reward: -5.5997
- machine_idle_penalty: -3.2500

TOTAL REWARD: -5.9934

CUMULATIVE REWARD COMPONENTS:
- makespan_reward: -39.0100
- setup_reward: -934.7500
- deadline_reward: 9.9925
- priority_reward: 340.0000
- critical_job_reward: 62.8926
- placement_reward: -109.0833
- timeliness_reward: -19.0453
- machine_idle_penalty: -554.7125

CUMULATIVE TOTAL: -1243.7161

CRITICAL STATE INFO:
- Valid actions: ['J2', 'J3', 'J4', 'J5', 'J6', 'J7', 'J11', 'J12', 'J13', 'J14', 'J16', 'J17', 'J23', 'J26', 'J27', 'J28']
- Machine states:
  - Machine M1: Time=7762.00, Idle=40.00, Material=Citybike_Schaltauge_bearbeitet
  - Machine M2: Time=7582.00, Idle=220.00, Material=Racebike_Rahmen_lackiert
  - Machine M3: Time=7802.00, Idle=0.00, Material=Citybike_Antrieb_installiert
==================================================

2025-06-18 13:45:41,501 - JSPGymEnvironment - INFO - Retro-Bonus für Job J18: -10.0
2025-06-18 13:45:41,579 - JSPGymEnvironment - INFO - Material change on machine M1: Citybike_Schaltauge_bearbeitet -> Citybike_Rahmen_komplettiert, setup time: 40
2025-06-18 13:45:41,579 - JSPGymEnvironment - INFO - Executed operation: Job J5, Op 4, Machine M1, Start: 7842, End: 7865, Setup: 40
2025-06-18 13:45:41,579 - JSPGymEnvironment - INFO - 
===== REWARD DETAILS FOR STEP 140 =====
Job: J5, Operation: 4, Job Completed: False
Current Time: 7802.00 -> 7865.00, Setup Time: 40.00
Processing Time: 23.00, Idle Time: 0.00
Completed Jobs: 14/30
Machine: M1, Material: Citybike_Rahmen_komplettiert

REWARD COMPONENTS:
- makespan_reward: -0.3150
- setup_reward: -10.0000
- deadline_reward: 0.0000
- priority_reward: 0.0000
- critical_job_reward: 0.0000
- placement_reward: 0.0000
- timeliness_reward: -5.5997
- machine_idle_penalty: -4.3250

TOTAL REWARD: -20.2397

CUMULATIVE REWARD COMPONENTS:
- makespan_reward: -39.3250
- setup_reward: -944.7500
- deadline_reward: 9.9925
- priority_reward: 340.0000
- critical_job_reward: 62.8926
- placement_reward: -109.0833
- timeliness_reward: -24.6451
- machine_idle_penalty: -559.0375

CUMULATIVE TOTAL: -1263.9558

CRITICAL STATE INFO:
- Valid actions: ['J2', 'J3', 'J4', 'J5', 'J6', 'J7', 'J11', 'J12', 'J13', 'J14', 'J16', 'J17', 'J23', 'J26', 'J27', 'J28']
- Machine states:
  - Machine M1: Time=7865.00, Idle=0.00, Material=Citybike_Rahmen_komplettiert
  - Machine M2: Time=7582.00, Idle=283.00, Material=Racebike_Rahmen_lackiert
  - Machine M3: Time=7802.00, Idle=63.00, Material=Citybike_Antrieb_installiert
==================================================

2025-06-18 13:45:41,657 - JSPGymEnvironment - INFO - Material change on machine M3: Citybike_Antrieb_installiert -> E-Bike_Bremsaufnahme_gebohrt, setup time: 20
2025-06-18 13:45:41,657 - JSPGymEnvironment - INFO - Executed operation: Job J28, Op 3, Machine M3, Start: 7885, End: 7922, Setup: 20
2025-06-18 13:45:41,657 - JSPGymEnvironment - INFO - 
===== REWARD DETAILS FOR STEP 141 =====
Job: J28, Operation: 3, Job Completed: False
Current Time: 7865.00 -> 7922.00, Setup Time: 20.00
Processing Time: 37.00, Idle Time: 0.00
Completed Jobs: 14/30
Machine: M3, Material: E-Bike_Bremsaufnahme_gebohrt

REWARD COMPONENTS:
- makespan_reward: -0.2850
- setup_reward: -5.0000
- deadline_reward: 0.0000
- priority_reward: 0.0000
- critical_job_reward: 0.5000
- placement_reward: -2.5000
- timeliness_reward: -5.5997
- machine_idle_penalty: -4.9625

TOTAL REWARD: -17.8472

CUMULATIVE REWARD COMPONENTS:
- makespan_reward: -39.6100
- setup_reward: -949.7500
- deadline_reward: 9.9925
- priority_reward: 340.0000
- critical_job_reward: 63.3926
- placement_reward: -111.5833
- timeliness_reward: -30.2448
- machine_idle_penalty: -564.0000

CUMULATIVE TOTAL: -1281.8030

CRITICAL STATE INFO:
- Valid actions: ['J2', 'J3', 'J4', 'J5', 'J6', 'J7', 'J11', 'J12', 'J13', 'J14', 'J16', 'J17', 'J23', 'J26', 'J27', 'J28']
- Machine states:
  - Machine M1: Time=7865.00, Idle=57.00, Material=Citybike_Rahmen_komplettiert
  - Machine M2: Time=7582.00, Idle=340.00, Material=Racebike_Rahmen_lackiert
  - Machine M3: Time=7922.00, Idle=0.00, Material=E-Bike_Bremsaufnahme_gebohrt
==================================================

2025-06-18 13:45:41,812 - JSPGymEnvironment - INFO - Material change on machine M3: E-Bike_Bremsaufnahme_gebohrt -> Mountainbike_Fahrrad_endmontiert, setup time: 20
2025-06-18 13:45:41,812 - JSPGymEnvironment - INFO - Executed operation: Job J23, Op 5, Machine M3, Start: 7942, End: 7983, Setup: 20
2025-06-18 13:45:41,813 - JSPGymEnvironment - INFO - 
===== REWARD DETAILS FOR STEP 142 =====
Job: J23, Operation: 5, Job Completed: False
Current Time: 7922.00 -> 7983.00, Setup Time: 20.00
Processing Time: 41.00, Idle Time: 0.00
Completed Jobs: 14/30
Machine: M3, Material: Mountainbike_Fahrrad_endmontiert

REWARD COMPONENTS:
- makespan_reward: -0.3050
- setup_reward: -5.0000
- deadline_reward: 0.0000
- priority_reward: 0.0000
- critical_job_reward: 0.0000
- placement_reward: 0.0000
- timeliness_reward: -5.5998
- machine_idle_penalty: -6.4875

TOTAL REWARD: -17.3923

CUMULATIVE REWARD COMPONENTS:
- makespan_reward: -39.9150
- setup_reward: -954.7500
- deadline_reward: 9.9925
- priority_reward: 340.0000
- critical_job_reward: 63.3926
- placement_reward: -111.5833
- timeliness_reward: -35.8446
- machine_idle_penalty: -570.4875

CUMULATIVE TOTAL: -1299.1953

CRITICAL STATE INFO:
- Valid actions: ['J2', 'J3', 'J4', 'J5', 'J6', 'J7', 'J11', 'J12', 'J13', 'J14', 'J16', 'J17', 'J23', 'J26', 'J27', 'J28']
- Machine states:
  - Machine M1: Time=7865.00, Idle=118.00, Material=Citybike_Rahmen_komplettiert
  - Machine M2: Time=7582.00, Idle=401.00, Material=Racebike_Rahmen_lackiert
  - Machine M3: Time=7983.00, Idle=0.00, Material=Mountainbike_Fahrrad_endmontiert
==================================================

2025-06-18 13:45:41,891 - JSPGymEnvironment - INFO - Material change on machine M3: Mountainbike_Fahrrad_endmontiert -> Mountainbike_Antrieb_installiert, setup time: 15
2025-06-18 13:45:41,891 - JSPGymEnvironment - INFO - Executed operation: Job J11, Op 0, Machine M3, Start: 7998, End: 8039, Setup: 15
2025-06-18 13:45:41,891 - JSPGymEnvironment - INFO - 
===== REWARD DETAILS FOR STEP 143 =====
Job: J11, Operation: 0, Job Completed: False
Current Time: 7983.00 -> 8039.00, Setup Time: 15.00
Processing Time: 41.00, Idle Time: 0.00
Completed Jobs: 14/30
Machine: M3, Material: Mountainbike_Antrieb_installiert

REWARD COMPONENTS:
- makespan_reward: -0.2800
- setup_reward: -3.7500
- deadline_reward: 0.0000
- priority_reward: 0.0000
- critical_job_reward: 0.0000
- placement_reward: 0.0000
- timeliness_reward: -5.5998
- machine_idle_penalty: -7.8875

TOTAL REWARD: -17.5173

CUMULATIVE REWARD COMPONENTS:
- makespan_reward: -40.1950
- setup_reward: -958.5000
- deadline_reward: 9.9925
- priority_reward: 340.0000
- critical_job_reward: 63.3926
- placement_reward: -111.5833
- timeliness_reward: -41.4444
- machine_idle_penalty: -578.3750

CUMULATIVE TOTAL: -1316.7126

CRITICAL STATE INFO:
- Valid actions: ['J2', 'J3', 'J4', 'J5', 'J6', 'J7', 'J11', 'J12', 'J13', 'J14', 'J16', 'J17', 'J23', 'J26', 'J27', 'J28']
- Machine states:
  - Machine M1: Time=7865.00, Idle=174.00, Material=Citybike_Rahmen_komplettiert
  - Machine M2: Time=7582.00, Idle=457.00, Material=Racebike_Rahmen_lackiert
  - Machine M3: Time=8039.00, Idle=0.00, Material=Mountainbike_Antrieb_installiert
==================================================

2025-06-18 13:45:41,970 - JSPGymEnvironment - INFO - Material change on machine M3: Mountainbike_Antrieb_installiert -> Racebike_Hauptrahmen_zugeschnitten, setup time: 20
2025-06-18 13:45:41,970 - JSPGymEnvironment - INFO - Executed operation: Job J17, Op 3, Machine M3, Start: 8059, End: 8099, Setup: 20
2025-06-18 13:45:41,970 - JSPGymEnvironment - INFO - 
===== REWARD DETAILS FOR STEP 144 =====
Job: J17, Operation: 3, Job Completed: False
Current Time: 8039.00 -> 8099.00, Setup Time: 20.00
Processing Time: 40.00, Idle Time: 0.00
Completed Jobs: 14/30
Machine: M3, Material: Racebike_Hauptrahmen_zugeschnitten

REWARD COMPONENTS:
- makespan_reward: -0.3000
- setup_reward: -5.0000
- deadline_reward: 0.0000
- priority_reward: 0.0000
- critical_job_reward: 0.5000
- placement_reward: -1.6667
- timeliness_reward: -5.5998
- machine_idle_penalty: -9.3875

TOTAL REWARD: -21.4540

CUMULATIVE REWARD COMPONENTS:
- makespan_reward: -40.4950
- setup_reward: -963.5000
- deadline_reward: 9.9925
- priority_reward: 340.0000
- critical_job_reward: 63.8926
- placement_reward: -113.2500
- timeliness_reward: -47.0442
- machine_idle_penalty: -587.7625

CUMULATIVE TOTAL: -1338.1666

CRITICAL STATE INFO:
- Valid actions: ['J2', 'J3', 'J4', 'J5', 'J6', 'J7', 'J11', 'J12', 'J13', 'J14', 'J16', 'J17', 'J23', 'J26', 'J27', 'J28']
- Machine states:
  - Machine M1: Time=7865.00, Idle=234.00, Material=Citybike_Rahmen_komplettiert
  - Machine M2: Time=7582.00, Idle=517.00, Material=Racebike_Rahmen_lackiert
  - Machine M3: Time=8099.00, Idle=0.00, Material=Racebike_Hauptrahmen_zugeschnitten
==================================================

2025-06-18 13:45:42,048 - JSPGymEnvironment - INFO - Material change on machine M1: Citybike_Rahmen_komplettiert -> Mountainbike_Bremsaufnahme_gebohrt, setup time: 30
2025-06-18 13:45:42,048 - JSPGymEnvironment - INFO - Executed operation: Job J7, Op 4, Machine M1, Start: 8129, End: 8163, Setup: 30
2025-06-18 13:45:42,048 - JSPGymEnvironment - INFO - 
===== REWARD DETAILS FOR STEP 145 =====
Job: J7, Operation: 4, Job Completed: False
Current Time: 8099.00 -> 8163.00, Setup Time: 30.00
Processing Time: 34.00, Idle Time: 0.00
Completed Jobs: 14/30
Machine: M1, Material: Mountainbike_Bremsaufnahme_gebohrt

REWARD COMPONENTS:
- makespan_reward: -0.3200
- setup_reward: -7.5000
- deadline_reward: 0.0000
- priority_reward: 0.0000
- critical_job_reward: 0.0000
- placement_reward: 0.0000
- timeliness_reward: -5.5998
- machine_idle_penalty: -8.0625

TOTAL REWARD: -21.4823

CUMULATIVE REWARD COMPONENTS:
- makespan_reward: -40.8150
- setup_reward: -971.0000
- deadline_reward: 9.9925
- priority_reward: 340.0000
- critical_job_reward: 63.8926
- placement_reward: -113.2500
- timeliness_reward: -52.6441
- machine_idle_penalty: -595.8250

CUMULATIVE TOTAL: -1359.6490

CRITICAL STATE INFO:
- Valid actions: ['J2', 'J3', 'J4', 'J5', 'J6', 'J7', 'J11', 'J12', 'J13', 'J14', 'J16', 'J17', 'J23', 'J26', 'J27', 'J28']
- Machine states:
  - Machine M1: Time=8163.00, Idle=0.00, Material=Mountainbike_Bremsaufnahme_gebohrt
  - Machine M2: Time=7582.00, Idle=581.00, Material=Racebike_Rahmen_lackiert
  - Machine M3: Time=8099.00, Idle=64.00, Material=Racebike_Hauptrahmen_zugeschnitten
==================================================

2025-06-18 13:45:42,201 - JSPGymEnvironment - INFO - Material change on machine M1: Mountainbike_Bremsaufnahme_gebohrt -> Citybike_Laufraeder_montiert, setup time: 32
2025-06-18 13:45:42,201 - JSPGymEnvironment - INFO - Executed operation: Job J3, Op 6, Machine M1, Start: 8195, End: 8228, Setup: 32
2025-06-18 13:45:42,202 - JSPGymEnvironment - INFO - 
===== REWARD DETAILS FOR STEP 146 =====
Job: J3, Operation: 6, Job Completed: False
Current Time: 8163.00 -> 8228.00, Setup Time: 32.00
Processing Time: 33.00, Idle Time: 0.00
Completed Jobs: 14/30
Machine: M1, Material: Citybike_Laufraeder_montiert

REWARD COMPONENTS:
- makespan_reward: -0.3250
- setup_reward: -8.0000
- deadline_reward: 0.0000
- priority_reward: 0.0000
- critical_job_reward: 0.0000
- placement_reward: 0.0000
- timeliness_reward: -5.5999
- machine_idle_penalty: -9.6875

TOTAL REWARD: -23.6124

CUMULATIVE REWARD COMPONENTS:
- makespan_reward: -41.1400
- setup_reward: -979.0000
- deadline_reward: 9.9925
- priority_reward: 340.0000
- critical_job_reward: 63.8926
- placement_reward: -113.2500
- timeliness_reward: -58.2439
- machine_idle_penalty: -605.5125

CUMULATIVE TOTAL: -1383.2613

CRITICAL STATE INFO:
- Valid actions: ['J2', 'J3', 'J4', 'J5', 'J6', 'J7', 'J11', 'J12', 'J13', 'J14', 'J16', 'J17', 'J23', 'J26', 'J27', 'J28']
- Machine states:
  - Machine M1: Time=8228.00, Idle=0.00, Material=Citybike_Laufraeder_montiert
  - Machine M2: Time=7582.00, Idle=646.00, Material=Racebike_Rahmen_lackiert
  - Machine M3: Time=8099.00, Idle=129.00, Material=Racebike_Hauptrahmen_zugeschnitten
==================================================

2025-06-18 13:45:42,281 - JSPGymEnvironment - INFO - Material change on machine M2: Racebike_Rahmen_lackiert -> E-Bike_Rahmen_lackiert, setup time: 29
2025-06-18 13:45:42,281 - JSPGymEnvironment - INFO - Executed operation: Job J27, Op 4, Machine M2, Start: 8257, End: 8287, Setup: 29
2025-06-18 13:45:42,281 - JSPGymEnvironment - INFO - Job J27 completed at time 8287, deadline: 2574, met: False, priority: 9
2025-06-18 13:45:42,281 - JSPGymEnvironment - INFO - 
===== REWARD DETAILS FOR STEP 147 =====
Job: J27, Operation: 4, Job Completed: True
Current Time: 8228.00 -> 8287.00, Setup Time: 29.00
Processing Time: 30.00, Idle Time: 0.00
Completed Jobs: 15/30
Machine: M2, Material: E-Bike_Rahmen_lackiert
Job Deadline: 2574.00 (Missed), Priority: 9

REWARD COMPONENTS:
- makespan_reward: -0.2950
- setup_reward: -7.2500
- deadline_reward: -5.5488
- priority_reward: 36.0000
- critical_job_reward: 0.5000
- placement_reward: -1.6667
- timeliness_reward: -5.5999
- machine_idle_penalty: -3.0875

TOTAL REWARD: 13.0522

CUMULATIVE REWARD COMPONENTS:
- makespan_reward: -41.4350
- setup_reward: -986.2500
- deadline_reward: 4.4437
- priority_reward: 376.0000
- critical_job_reward: 64.3926
- placement_reward: -114.9167
- timeliness_reward: -63.8438
- machine_idle_penalty: -608.6000

CUMULATIVE TOTAL: -1370.2091

CRITICAL STATE INFO:
- Valid actions: ['J2', 'J3', 'J4', 'J5', 'J6', 'J7', 'J11', 'J12', 'J13', 'J14', 'J16', 'J17', 'J23', 'J26', 'J28']
- Machine states:
  - Machine M1: Time=8228.00, Idle=59.00, Material=Citybike_Laufraeder_montiert
  - Machine M2: Time=8287.00, Idle=0.00, Material=E-Bike_Rahmen_lackiert
  - Machine M3: Time=8099.00, Idle=188.00, Material=Racebike_Hauptrahmen_zugeschnitten
==================================================

2025-06-18 13:45:42,281 - JSPGymEnvironment - INFO - Retro-Bonus für Job J27: -5.0
2025-06-18 13:45:42,357 - JSPGymEnvironment - INFO - Material change on machine M1: Citybike_Laufraeder_montiert -> Citybike_Tretlageraufnahme_geschweisst, setup time: 40
2025-06-18 13:45:42,358 - JSPGymEnvironment - INFO - Executed operation: Job J13, Op 1, Machine M1, Start: 8327, End: 8352, Setup: 40
2025-06-18 13:45:42,358 - JSPGymEnvironment - INFO - 
===== REWARD DETAILS FOR STEP 148 =====
Job: J13, Operation: 1, Job Completed: False
Current Time: 8287.00 -> 8352.00, Setup Time: 40.00
Processing Time: 25.00, Idle Time: 0.00
Completed Jobs: 15/30
Machine: M1, Material: Citybike_Tretlageraufnahme_geschweisst

REWARD COMPONENTS:
- makespan_reward: -0.3250
- setup_reward: -10.0000
- deadline_reward: 0.0000
- priority_reward: 0.0000
- critical_job_reward: 0.0000
- placement_reward: 0.0000
- timeliness_reward: -5.5999
- machine_idle_penalty: -3.9750

TOTAL REWARD: -19.8999

CUMULATIVE REWARD COMPONENTS:
- makespan_reward: -41.7600
- setup_reward: -996.2500
- deadline_reward: 4.4437
- priority_reward: 376.0000
- critical_job_reward: 64.3926
- placement_reward: -114.9167
- timeliness_reward: -69.4437
- machine_idle_penalty: -612.5750

CUMULATIVE TOTAL: -1390.1090

CRITICAL STATE INFO:
- Valid actions: ['J2', 'J3', 'J4', 'J5', 'J6', 'J7', 'J11', 'J12', 'J13', 'J14', 'J16', 'J17', 'J23', 'J26', 'J28']
- Machine states:
  - Machine M1: Time=8352.00, Idle=0.00, Material=Citybike_Tretlageraufnahme_geschweisst
  - Machine M2: Time=8287.00, Idle=65.00, Material=E-Bike_Rahmen_lackiert
  - Machine M3: Time=8099.00, Idle=253.00, Material=Racebike_Hauptrahmen_zugeschnitten
==================================================

2025-06-18 13:45:42,512 - JSPGymEnvironment - INFO - Material change on machine M3: Racebike_Hauptrahmen_zugeschnitten -> Racebike_Schaltauge_bearbeitet, setup time: 15
2025-06-18 13:45:42,512 - JSPGymEnvironment - INFO - Executed operation: Job J26, Op 3, Machine M3, Start: 8367, End: 8413, Setup: 15
2025-06-18 13:45:42,513 - JSPGymEnvironment - INFO - 
===== REWARD DETAILS FOR STEP 149 =====
Job: J26, Operation: 3, Job Completed: False
Current Time: 8352.00 -> 8413.00, Setup Time: 15.00
Processing Time: 46.00, Idle Time: 0.00
Completed Jobs: 15/30
Machine: M3, Material: Racebike_Schaltauge_bearbeitet

REWARD COMPONENTS:
- makespan_reward: -0.3050
- setup_reward: -3.7500
- deadline_reward: 0.0000
- priority_reward: 0.0000
- critical_job_reward: 0.5000
- placement_reward: -2.5000
- timeliness_reward: -5.5999
- machine_idle_penalty: -2.3375

TOTAL REWARD: -13.9924

CUMULATIVE REWARD COMPONENTS:
- makespan_reward: -42.0650
- setup_reward: -1000.0000
- deadline_reward: 4.4437
- priority_reward: 376.0000
- critical_job_reward: 64.8926
- placement_reward: -117.4167
- timeliness_reward: -75.0436
- machine_idle_penalty: -614.9125

CUMULATIVE TOTAL: -1404.1014

CRITICAL STATE INFO:
- Valid actions: ['J2', 'J3', 'J4', 'J5', 'J6', 'J7', 'J11', 'J12', 'J13', 'J14', 'J16', 'J17', 'J23', 'J26', 'J28']
- Machine states:
  - Machine M1: Time=8352.00, Idle=61.00, Material=Citybike_Tretlageraufnahme_geschweisst
  - Machine M2: Time=8287.00, Idle=126.00, Material=E-Bike_Rahmen_lackiert
  - Machine M3: Time=8413.00, Idle=0.00, Material=Racebike_Schaltauge_bearbeitet
==================================================

2025-06-18 13:45:42,591 - JSPGymEnvironment - INFO - Material change on machine M3: Racebike_Schaltauge_bearbeitet -> Citybike_Rahmen_lackiert, setup time: 17
2025-06-18 13:45:42,592 - JSPGymEnvironment - INFO - Executed operation: Job J4, Op 2, Machine M3, Start: 8430, End: 8455, Setup: 17
2025-06-18 13:45:42,592 - JSPGymEnvironment - INFO - 
===== REWARD DETAILS FOR STEP 150 =====
Job: J4, Operation: 2, Job Completed: False
Current Time: 8413.00 -> 8455.00, Setup Time: 17.00
Processing Time: 25.00, Idle Time: 0.00
Completed Jobs: 15/30
Machine: M3, Material: Citybike_Rahmen_lackiert

REWARD COMPONENTS:
- makespan_reward: -0.2100
- setup_reward: -4.2500
- deadline_reward: 0.0000
- priority_reward: 0.0000
- critical_job_reward: 0.0000
- placement_reward: -3.0000
- timeliness_reward: -5.5999
- machine_idle_penalty: -3.3875

TOTAL REWARD: -16.4474

CUMULATIVE REWARD COMPONENTS:
- makespan_reward: -42.2750
- setup_reward: -1004.2500
- deadline_reward: 4.4437
- priority_reward: 376.0000
- critical_job_reward: 64.8926
- placement_reward: -120.4167
- timeliness_reward: -80.6435
- machine_idle_penalty: -618.3000

CUMULATIVE TOTAL: -1420.5488

CRITICAL STATE INFO:
- Valid actions: ['J2', 'J3', 'J4', 'J5', 'J6', 'J7', 'J11', 'J12', 'J13', 'J14', 'J16', 'J17', 'J23', 'J26', 'J28']
- Machine states:
  - Machine M1: Time=8352.00, Idle=103.00, Material=Citybike_Tretlageraufnahme_geschweisst
  - Machine M2: Time=8287.00, Idle=168.00, Material=E-Bike_Rahmen_lackiert
  - Machine M3: Time=8455.00, Idle=0.00, Material=Citybike_Rahmen_lackiert
==================================================

2025-06-18 13:45:42,671 - JSPGymEnvironment - INFO - Material change on machine M2: E-Bike_Rahmen_lackiert -> E-Bike_Bremsen_justiert, setup time: 20
2025-06-18 13:45:42,671 - JSPGymEnvironment - INFO - Executed operation: Job J2, Op 5, Machine M2, Start: 8475, End: 8486, Setup: 20
2025-06-18 13:45:42,671 - JSPGymEnvironment - INFO - 
===== REWARD DETAILS FOR STEP 151 =====
Job: J2, Operation: 5, Job Completed: False
Current Time: 8455.00 -> 8486.00, Setup Time: 20.00
Processing Time: 11.00, Idle Time: 0.00
Completed Jobs: 15/30
Machine: M2, Material: E-Bike_Bremsen_justiert

REWARD COMPONENTS:
- makespan_reward: -0.1550
- setup_reward: -5.0000
- deadline_reward: 0.0000
- priority_reward: 0.0000
- critical_job_reward: 0.5000
- placement_reward: -1.6667
- timeliness_reward: -5.5999
- machine_idle_penalty: -2.0625

TOTAL REWARD: -13.9841

CUMULATIVE REWARD COMPONENTS:
- makespan_reward: -42.4300
- setup_reward: -1009.2500
- deadline_reward: 4.4437
- priority_reward: 376.0000
- critical_job_reward: 65.3926
- placement_reward: -122.0833
- timeliness_reward: -86.2434
- machine_idle_penalty: -620.3625

CUMULATIVE TOTAL: -1434.5329

CRITICAL STATE INFO:
- Valid actions: ['J2', 'J3', 'J4', 'J5', 'J6', 'J7', 'J11', 'J12', 'J13', 'J14', 'J16', 'J17', 'J23', 'J26', 'J28']
- Machine states:
  - Machine M1: Time=8352.00, Idle=134.00, Material=Citybike_Tretlageraufnahme_geschweisst
  - Machine M2: Time=8486.00, Idle=0.00, Material=E-Bike_Bremsen_justiert
  - Machine M3: Time=8455.00, Idle=31.00, Material=Citybike_Rahmen_lackiert
==================================================

2025-06-18 13:45:42,750 - JSPGymEnvironment - INFO - Material change on machine M1: Citybike_Tretlageraufnahme_geschweisst -> Citybike_Schaltauge_bearbeitet, setup time: 40
2025-06-18 13:45:42,750 - JSPGymEnvironment - INFO - Executed operation: Job J5, Op 5, Machine M1, Start: 8526, End: 8552, Setup: 40
2025-06-18 13:45:42,750 - JSPGymEnvironment - INFO - 
===== REWARD DETAILS FOR STEP 152 =====
Job: J5, Operation: 5, Job Completed: False
Current Time: 8486.00 -> 8552.00, Setup Time: 40.00
Processing Time: 26.00, Idle Time: 0.00
Completed Jobs: 15/30
Machine: M1, Material: Citybike_Schaltauge_bearbeitet

REWARD COMPONENTS:
- makespan_reward: -0.3300
- setup_reward: -10.0000
- deadline_reward: 0.0000
- priority_reward: 0.0000
- critical_job_reward: 0.0000
- placement_reward: 0.0000
- timeliness_reward: -5.5999
- machine_idle_penalty: -2.0375

TOTAL REWARD: -17.9674

CUMULATIVE REWARD COMPONENTS:
- makespan_reward: -42.7600
- setup_reward: -1019.2500
- deadline_reward: 4.4437
- priority_reward: 376.0000
- critical_job_reward: 65.3926
- placement_reward: -122.0833
- timeliness_reward: -91.8433
- machine_idle_penalty: -622.4000

CUMULATIVE TOTAL: -1452.5003

CRITICAL STATE INFO:
- Valid actions: ['J2', 'J3', 'J4', 'J5', 'J6', 'J7', 'J11', 'J12', 'J13', 'J14', 'J16', 'J17', 'J23', 'J26', 'J28']
- Machine states:
  - Machine M1: Time=8552.00, Idle=0.00, Material=Citybike_Schaltauge_bearbeitet
  - Machine M2: Time=8486.00, Idle=66.00, Material=E-Bike_Bremsen_justiert
  - Machine M3: Time=8455.00, Idle=97.00, Material=Citybike_Rahmen_lackiert
==================================================

2025-06-18 13:45:42,903 - JSPGymEnvironment - INFO - Material change on machine M1: Citybike_Schaltauge_bearbeitet -> Racebike_Rahmen_nachbearbeitet, setup time: 44
2025-06-18 13:45:42,903 - JSPGymEnvironment - INFO - Executed operation: Job J12, Op 3, Machine M1, Start: 8596, End: 8627, Setup: 44
2025-06-18 13:45:42,904 - JSPGymEnvironment - INFO - 
===== REWARD DETAILS FOR STEP 153 =====
Job: J12, Operation: 3, Job Completed: False
Current Time: 8552.00 -> 8627.00, Setup Time: 44.00
Processing Time: 31.00, Idle Time: 0.00
Completed Jobs: 15/30
Machine: M1, Material: Racebike_Rahmen_nachbearbeitet

REWARD COMPONENTS:
- makespan_reward: -0.3750
- setup_reward: -11.0000
- deadline_reward: 0.0000
- priority_reward: 0.0000
- critical_job_reward: 0.0000
- placement_reward: 0.0000
- timeliness_reward: -5.5999
- machine_idle_penalty: -3.9125

TOTAL REWARD: -20.8874

CUMULATIVE REWARD COMPONENTS:
- makespan_reward: -43.1350
- setup_reward: -1030.2500
- deadline_reward: 4.4437
- priority_reward: 376.0000
- critical_job_reward: 65.3926
- placement_reward: -122.0833
- timeliness_reward: -97.4432
- machine_idle_penalty: -626.3125

CUMULATIVE TOTAL: -1473.3877

CRITICAL STATE INFO:
- Valid actions: ['J2', 'J3', 'J4', 'J5', 'J6', 'J7', 'J11', 'J12', 'J13', 'J14', 'J16', 'J17', 'J23', 'J26', 'J28']
- Machine states:
  - Machine M1: Time=8627.00, Idle=0.00, Material=Racebike_Rahmen_nachbearbeitet
  - Machine M2: Time=8486.00, Idle=141.00, Material=E-Bike_Bremsen_justiert
  - Machine M3: Time=8455.00, Idle=172.00, Material=Citybike_Rahmen_lackiert
==================================================

2025-06-18 13:45:42,981 - JSPGymEnvironment - INFO - Material change on machine M2: E-Bike_Bremsen_justiert -> Mountainbike_Hauptrahmen_zugeschnitten, setup time: 29
2025-06-18 13:45:42,981 - JSPGymEnvironment - INFO - Executed operation: Job J14, Op 0, Machine M2, Start: 8656, End: 8679, Setup: 29
2025-06-18 13:45:42,982 - JSPGymEnvironment - INFO - 
===== REWARD DETAILS FOR STEP 154 =====
Job: J14, Operation: 0, Job Completed: False
Current Time: 8627.00 -> 8679.00, Setup Time: 29.00
Processing Time: 23.00, Idle Time: 0.00
Completed Jobs: 15/30
Machine: M2, Material: Mountainbike_Hauptrahmen_zugeschnitten

REWARD COMPONENTS:
- makespan_reward: -0.2600
- setup_reward: -7.2500
- deadline_reward: 0.0000
- priority_reward: 0.0000
- critical_job_reward: 0.0000
- placement_reward: 0.0000
- timeliness_reward: -5.5999
- machine_idle_penalty: -3.4500

TOTAL REWARD: -16.5599

CUMULATIVE REWARD COMPONENTS:
- makespan_reward: -43.3950
- setup_reward: -1037.5000
- deadline_reward: 4.4437
- priority_reward: 376.0000
- critical_job_reward: 65.3926
- placement_reward: -122.0833
- timeliness_reward: -103.0432
- machine_idle_penalty: -629.7625

CUMULATIVE TOTAL: -1489.9477

CRITICAL STATE INFO:
- Valid actions: ['J2', 'J3', 'J4', 'J5', 'J6', 'J7', 'J11', 'J12', 'J13', 'J14', 'J16', 'J17', 'J23', 'J26', 'J28']
- Machine states:
  - Machine M1: Time=8627.00, Idle=52.00, Material=Racebike_Rahmen_nachbearbeitet
  - Machine M2: Time=8679.00, Idle=0.00, Material=Mountainbike_Hauptrahmen_zugeschnitten
  - Machine M3: Time=8455.00, Idle=224.00, Material=Citybike_Rahmen_lackiert
==================================================

2025-06-18 13:45:43,059 - JSPGymEnvironment - INFO - Material change on machine M1: Racebike_Rahmen_nachbearbeitet -> Citybike_Fahrrad_endmontiert, setup time: 45
2025-06-18 13:45:43,059 - JSPGymEnvironment - INFO - Executed operation: Job J3, Op 7, Machine M1, Start: 8724, End: 8739, Setup: 45
2025-06-18 13:45:43,059 - JSPGymEnvironment - INFO - Job J3 completed at time 8739, deadline: 2880, met: False, priority: 7
2025-06-18 13:45:43,060 - JSPGymEnvironment - INFO - 
===== REWARD DETAILS FOR STEP 155 =====
Job: J3, Operation: 7, Job Completed: True
Current Time: 8679.00 -> 8739.00, Setup Time: 45.00
Processing Time: 15.00, Idle Time: 0.00
Completed Jobs: 16/30
Machine: M1, Material: Citybike_Fahrrad_endmontiert
Job Deadline: 2880.00 (Missed), Priority: 7

REWARD COMPONENTS:
- makespan_reward: -0.3000
- setup_reward: -11.2500
- deadline_reward: -5.0859
- priority_reward: 28.0000
- critical_job_reward: 0.0000
- placement_reward: 0.0000
- timeliness_reward: -5.6000
- machine_idle_penalty: -4.3000

TOTAL REWARD: 1.4641

CUMULATIVE REWARD COMPONENTS:
- makespan_reward: -43.6950
- setup_reward: -1048.7500
- deadline_reward: -0.6422
- priority_reward: 404.0000
- critical_job_reward: 65.3926
- placement_reward: -122.0833
- timeliness_reward: -108.6431
- machine_idle_penalty: -634.0625

CUMULATIVE TOTAL: -1488.4836

CRITICAL STATE INFO:
- Valid actions: ['J2', 'J4', 'J5', 'J6', 'J7', 'J11', 'J12', 'J13', 'J14', 'J16', 'J17', 'J23', 'J26', 'J28']
- Machine states:
  - Machine M1: Time=8739.00, Idle=0.00, Material=Citybike_Fahrrad_endmontiert
  - Machine M2: Time=8679.00, Idle=60.00, Material=Mountainbike_Hauptrahmen_zugeschnitten
  - Machine M3: Time=8455.00, Idle=284.00, Material=Citybike_Rahmen_lackiert
==================================================

2025-06-18 13:45:43,060 - JSPGymEnvironment - INFO - Retro-Bonus für Job J3: -10.0
2025-06-18 13:45:43,214 - JSPGymEnvironment - INFO - Material change on machine M1: Citybike_Fahrrad_endmontiert -> Racebike_Fahrrad_endmontiert, setup time: 44
2025-06-18 13:45:43,214 - JSPGymEnvironment - INFO - Executed operation: Job J16, Op 3, Machine M1, Start: 8783, End: 8804, Setup: 44
2025-06-18 13:45:43,215 - JSPGymEnvironment - INFO - 
===== REWARD DETAILS FOR STEP 156 =====
Job: J16, Operation: 3, Job Completed: False
Current Time: 8739.00 -> 8804.00, Setup Time: 44.00
Processing Time: 21.00, Idle Time: 0.00
Completed Jobs: 16/30
Machine: M1, Material: Racebike_Fahrrad_endmontiert

REWARD COMPONENTS:
- makespan_reward: -0.3250
- setup_reward: -11.0000
- deadline_reward: 0.0000
- priority_reward: 0.0000
- critical_job_reward: 0.5000
- placement_reward: -0.8333
- timeliness_reward: -5.6000
- machine_idle_penalty: -5.9250

TOTAL REWARD: -23.1833

CUMULATIVE REWARD COMPONENTS:
- makespan_reward: -44.0200
- setup_reward: -1059.7500
- deadline_reward: -0.6422
- priority_reward: 404.0000
- critical_job_reward: 65.8926
- placement_reward: -122.9167
- timeliness_reward: -114.2431
- machine_idle_penalty: -639.9875

CUMULATIVE TOTAL: -1511.6669

CRITICAL STATE INFO:
- Valid actions: ['J2', 'J4', 'J5', 'J6', 'J7', 'J11', 'J12', 'J13', 'J14', 'J16', 'J17', 'J23', 'J26', 'J28']
- Machine states:
  - Machine M1: Time=8804.00, Idle=0.00, Material=Racebike_Fahrrad_endmontiert
  - Machine M2: Time=8679.00, Idle=125.00, Material=Mountainbike_Hauptrahmen_zugeschnitten
  - Machine M3: Time=8455.00, Idle=349.00, Material=Citybike_Rahmen_lackiert
==================================================

2025-06-18 13:45:43,292 - JSPGymEnvironment - INFO - Material change on machine M3: Citybike_Rahmen_lackiert -> Mountainbike_Tretlageraufnahme_geschweisst, setup time: 15
2025-06-18 13:45:43,292 - JSPGymEnvironment - INFO - Executed operation: Job J7, Op 5, Machine M3, Start: 8819, End: 8840, Setup: 15
2025-06-18 13:45:43,292 - JSPGymEnvironment - INFO - 
===== REWARD DETAILS FOR STEP 157 =====
Job: J7, Operation: 5, Job Completed: False
Current Time: 8804.00 -> 8840.00, Setup Time: 15.00
Processing Time: 21.00, Idle Time: 0.00
Completed Jobs: 16/30
Machine: M3, Material: Mountainbike_Tretlageraufnahme_geschweisst

REWARD COMPONENTS:
- makespan_reward: -0.1800
- setup_reward: -3.7500
- deadline_reward: 0.0000
- priority_reward: 0.0000
- critical_job_reward: 0.0000
- placement_reward: 0.0000
- timeliness_reward: -5.6000
- machine_idle_penalty: -2.4625

TOTAL REWARD: -11.9925

CUMULATIVE REWARD COMPONENTS:
- makespan_reward: -44.2000
- setup_reward: -1063.5000
- deadline_reward: -0.6422
- priority_reward: 404.0000
- critical_job_reward: 65.8926
- placement_reward: -122.9167
- timeliness_reward: -119.8431
- machine_idle_penalty: -642.4500

CUMULATIVE TOTAL: -1523.6593

CRITICAL STATE INFO:
- Valid actions: ['J2', 'J4', 'J5', 'J6', 'J7', 'J11', 'J12', 'J13', 'J14', 'J16', 'J17', 'J23', 'J26', 'J28']
- Machine states:
  - Machine M1: Time=8804.00, Idle=36.00, Material=Racebike_Fahrrad_endmontiert
  - Machine M2: Time=8679.00, Idle=161.00, Material=Mountainbike_Hauptrahmen_zugeschnitten
  - Machine M3: Time=8840.00, Idle=0.00, Material=Mountainbike_Tretlageraufnahme_geschweisst
==================================================

2025-06-18 13:45:43,371 - JSPGymEnvironment - INFO - Material change on machine M2: Mountainbike_Hauptrahmen_zugeschnitten -> E-Bike_Hauptrahmen_zugeschnitten, setup time: 25
2025-06-18 13:45:43,371 - JSPGymEnvironment - INFO - Executed operation: Job J28, Op 4, Machine M2, Start: 8865, End: 8885, Setup: 25
2025-06-18 13:45:43,372 - JSPGymEnvironment - INFO - 
===== REWARD DETAILS FOR STEP 158 =====
Job: J28, Operation: 4, Job Completed: False
Current Time: 8840.00 -> 8885.00, Setup Time: 25.00
Processing Time: 20.00, Idle Time: 0.00
Completed Jobs: 16/30
Machine: M2, Material: E-Bike_Hauptrahmen_zugeschnitten

REWARD COMPONENTS:
- makespan_reward: -0.2250
- setup_reward: -6.2500
- deadline_reward: 0.0000
- priority_reward: 0.0000
- critical_job_reward: 0.5000
- placement_reward: -2.5000
- timeliness_reward: -5.6000
- machine_idle_penalty: -1.5750

TOTAL REWARD: -15.6500

CUMULATIVE REWARD COMPONENTS:
- makespan_reward: -44.4250
- setup_reward: -1069.7500
- deadline_reward: -0.6422
- priority_reward: 404.0000
- critical_job_reward: 66.3926
- placement_reward: -125.4167
- timeliness_reward: -125.4430
- machine_idle_penalty: -644.0250

CUMULATIVE TOTAL: -1539.3093

CRITICAL STATE INFO:
- Valid actions: ['J2', 'J4', 'J5', 'J6', 'J7', 'J11', 'J12', 'J13', 'J14', 'J16', 'J17', 'J23', 'J26', 'J28']
- Machine states:
  - Machine M1: Time=8804.00, Idle=81.00, Material=Racebike_Fahrrad_endmontiert
  - Machine M2: Time=8885.00, Idle=0.00, Material=E-Bike_Hauptrahmen_zugeschnitten
  - Machine M3: Time=8840.00, Idle=45.00, Material=Mountainbike_Tretlageraufnahme_geschweisst
==================================================

2025-06-18 13:45:43,449 - JSPGymEnvironment - INFO - Material change on machine M1: Racebike_Fahrrad_endmontiert -> E-Bike_Rahmen_lackiert, setup time: 58
2025-06-18 13:45:43,449 - JSPGymEnvironment - INFO - Executed operation: Job J28, Op 5, Machine M1, Start: 8943, End: 8963, Setup: 58
2025-06-18 13:45:43,450 - JSPGymEnvironment - INFO - 
===== REWARD DETAILS FOR STEP 159 =====
Job: J28, Operation: 5, Job Completed: False
Current Time: 8885.00 -> 8963.00, Setup Time: 58.00
Processing Time: 20.00, Idle Time: 0.00
Completed Jobs: 16/30
Machine: M1, Material: E-Bike_Rahmen_lackiert

REWARD COMPONENTS:
- makespan_reward: -0.3900
- setup_reward: -14.5000
- deadline_reward: 0.0000
- priority_reward: 0.0000
- critical_job_reward: 0.5000
- placement_reward: -2.5000
- timeliness_reward: -5.6000
- machine_idle_penalty: -2.5125

TOTAL REWARD: -25.0025

CUMULATIVE REWARD COMPONENTS:
- makespan_reward: -44.8150
- setup_reward: -1084.2500
- deadline_reward: -0.6422
- priority_reward: 404.0000
- critical_job_reward: 66.8926
- placement_reward: -127.9167
- timeliness_reward: -131.0430
- machine_idle_penalty: -646.5375

CUMULATIVE TOTAL: -1564.3118

CRITICAL STATE INFO:
- Valid actions: ['J2', 'J4', 'J5', 'J6', 'J7', 'J11', 'J12', 'J13', 'J14', 'J16', 'J17', 'J23', 'J26', 'J28']
- Machine states:
  - Machine M1: Time=8963.00, Idle=0.00, Material=E-Bike_Rahmen_lackiert
  - Machine M2: Time=8885.00, Idle=78.00, Material=E-Bike_Hauptrahmen_zugeschnitten
  - Machine M3: Time=8840.00, Idle=123.00, Material=Mountainbike_Tretlageraufnahme_geschweisst
==================================================

2025-06-18 13:45:43,605 - JSPGymEnvironment - INFO - Material change on machine M1: E-Bike_Rahmen_lackiert -> Mountainbike_Rahmen_lackiert, setup time: 59
2025-06-18 13:45:43,605 - JSPGymEnvironment - INFO - Executed operation: Job J6, Op 3, Machine M1, Start: 9022, End: 9062, Setup: 59
2025-06-18 13:45:43,606 - JSPGymEnvironment - INFO - 
===== REWARD DETAILS FOR STEP 160 =====
Job: J6, Operation: 3, Job Completed: False
Current Time: 8963.00 -> 9062.00, Setup Time: 59.00
Processing Time: 40.00, Idle Time: 0.00
Completed Jobs: 16/30
Machine: M1, Material: Mountainbike_Rahmen_lackiert

REWARD COMPONENTS:
- makespan_reward: -0.4950
- setup_reward: -14.7500
- deadline_reward: 0.0000
- priority_reward: 0.0000
- critical_job_reward: 0.5000
- placement_reward: -0.8333
- timeliness_reward: -5.6000
- machine_idle_penalty: -4.9875

TOTAL REWARD: -26.1658

CUMULATIVE REWARD COMPONENTS:
- makespan_reward: -45.3100
- setup_reward: -1099.0000
- deadline_reward: -0.6422
- priority_reward: 404.0000
- critical_job_reward: 67.3926
- placement_reward: -128.7500
- timeliness_reward: -136.6430
- machine_idle_penalty: -651.5250

CUMULATIVE TOTAL: -1590.4776

CRITICAL STATE INFO:
- Valid actions: ['J2', 'J4', 'J5', 'J6', 'J7', 'J11', 'J12', 'J13', 'J14', 'J16', 'J17', 'J23', 'J26', 'J28']
- Machine states:
  - Machine M1: Time=9062.00, Idle=0.00, Material=Mountainbike_Rahmen_lackiert
  - Machine M2: Time=8885.00, Idle=177.00, Material=E-Bike_Hauptrahmen_zugeschnitten
  - Machine M3: Time=8840.00, Idle=222.00, Material=Mountainbike_Tretlageraufnahme_geschweisst
==================================================

2025-06-18 13:45:43,684 - JSPGymEnvironment - INFO - Material change on machine M2: E-Bike_Hauptrahmen_zugeschnitten -> E-Bike_Fahrrad_endmontiert, setup time: 20
2025-06-18 13:45:43,684 - JSPGymEnvironment - INFO - Executed operation: Job J28, Op 6, Machine M2, Start: 9082, End: 9099, Setup: 20
2025-06-18 13:45:43,685 - JSPGymEnvironment - INFO - 
===== REWARD DETAILS FOR STEP 161 =====
Job: J28, Operation: 6, Job Completed: False
Current Time: 9062.00 -> 9099.00, Setup Time: 20.00
Processing Time: 17.00, Idle Time: 0.00
Completed Jobs: 16/30
Machine: M2, Material: E-Bike_Fahrrad_endmontiert

REWARD COMPONENTS:
- makespan_reward: -0.1850
- setup_reward: -5.0000
- deadline_reward: 0.0000
- priority_reward: 0.0000
- critical_job_reward: 0.5000
- placement_reward: -2.5000
- timeliness_reward: -5.6000
- machine_idle_penalty: -3.7000

TOTAL REWARD: -16.4850

CUMULATIVE REWARD COMPONENTS:
- makespan_reward: -45.4950
- setup_reward: -1104.0000
- deadline_reward: -0.6422
- priority_reward: 404.0000
- critical_job_reward: 67.8926
- placement_reward: -131.2500
- timeliness_reward: -142.2429
- machine_idle_penalty: -655.2250

CUMULATIVE TOTAL: -1606.9625

CRITICAL STATE INFO:
- Valid actions: ['J2', 'J4', 'J5', 'J6', 'J7', 'J11', 'J12', 'J13', 'J14', 'J16', 'J17', 'J23', 'J26', 'J28']
- Machine states:
  - Machine M1: Time=9062.00, Idle=37.00, Material=Mountainbike_Rahmen_lackiert
  - Machine M2: Time=9099.00, Idle=0.00, Material=E-Bike_Fahrrad_endmontiert
  - Machine M3: Time=8840.00, Idle=259.00, Material=Mountainbike_Tretlageraufnahme_geschweisst
==================================================

2025-06-18 13:45:43,765 - JSPGymEnvironment - INFO - Material change on machine M3: Mountainbike_Tretlageraufnahme_geschweisst -> Mountainbike_Tretlager_gefraest, setup time: 15
2025-06-18 13:45:43,765 - JSPGymEnvironment - INFO - Executed operation: Job J7, Op 6, Machine M3, Start: 9114, End: 9148, Setup: 15
2025-06-18 13:45:43,765 - JSPGymEnvironment - INFO - 
===== REWARD DETAILS FOR STEP 162 =====
Job: J7, Operation: 6, Job Completed: False
Current Time: 9099.00 -> 9148.00, Setup Time: 15.00
Processing Time: 34.00, Idle Time: 0.00
Completed Jobs: 16/30
Machine: M3, Material: Mountainbike_Tretlager_gefraest

REWARD COMPONENTS:
- makespan_reward: -0.2450
- setup_reward: -3.7500
- deadline_reward: 0.0000
- priority_reward: 0.0000
- critical_job_reward: 0.0000
- placement_reward: 0.0000
- timeliness_reward: -5.6000
- machine_idle_penalty: -1.6875

TOTAL REWARD: -11.2825

CUMULATIVE REWARD COMPONENTS:
- makespan_reward: -45.7400
- setup_reward: -1107.7500
- deadline_reward: -0.6422
- priority_reward: 404.0000
- critical_job_reward: 67.8926
- placement_reward: -131.2500
- timeliness_reward: -147.8429
- machine_idle_penalty: -656.9125

CUMULATIVE TOTAL: -1618.2450

CRITICAL STATE INFO:
- Valid actions: ['J2', 'J4', 'J5', 'J6', 'J7', 'J11', 'J12', 'J13', 'J14', 'J16', 'J17', 'J23', 'J26', 'J28']
- Machine states:
  - Machine M1: Time=9062.00, Idle=86.00, Material=Mountainbike_Rahmen_lackiert
  - Machine M2: Time=9099.00, Idle=49.00, Material=E-Bike_Fahrrad_endmontiert
  - Machine M3: Time=9148.00, Idle=0.00, Material=Mountainbike_Tretlager_gefraest
==================================================

2025-06-18 13:45:43,921 - JSPGymEnvironment - INFO - Material change on machine M1: Mountainbike_Rahmen_lackiert -> Racebike_Rahmen_lackiert, setup time: 45
2025-06-18 13:45:43,921 - JSPGymEnvironment - INFO - Executed operation: Job J17, Op 4, Machine M1, Start: 9193, End: 9226, Setup: 45
2025-06-18 13:45:43,922 - JSPGymEnvironment - INFO - 
===== REWARD DETAILS FOR STEP 163 =====
Job: J17, Operation: 4, Job Completed: False
Current Time: 9148.00 -> 9226.00, Setup Time: 45.00
Processing Time: 33.00, Idle Time: 0.00
Completed Jobs: 16/30
Machine: M1, Material: Racebike_Rahmen_lackiert

REWARD COMPONENTS:
- makespan_reward: -0.3900
- setup_reward: -11.2500
- deadline_reward: 0.0000
- priority_reward: 0.0000
- critical_job_reward: 0.5000
- placement_reward: -1.6667
- timeliness_reward: -5.6000
- machine_idle_penalty: -2.5625

TOTAL REWARD: -20.9691

CUMULATIVE REWARD COMPONENTS:
- makespan_reward: -46.1300
- setup_reward: -1119.0000
- deadline_reward: -0.6422
- priority_reward: 404.0000
- critical_job_reward: 68.3926
- placement_reward: -132.9167
- timeliness_reward: -153.4429
- machine_idle_penalty: -659.4750

CUMULATIVE TOTAL: -1639.2142

CRITICAL STATE INFO:
- Valid actions: ['J2', 'J4', 'J5', 'J6', 'J7', 'J11', 'J12', 'J13', 'J14', 'J16', 'J17', 'J23', 'J26', 'J28']
- Machine states:
  - Machine M1: Time=9226.00, Idle=0.00, Material=Racebike_Rahmen_lackiert
  - Machine M2: Time=9099.00, Idle=127.00, Material=E-Bike_Fahrrad_endmontiert
  - Machine M3: Time=9148.00, Idle=78.00, Material=Mountainbike_Tretlager_gefraest
==================================================

2025-06-18 13:45:43,999 - JSPGymEnvironment - INFO - Material change on machine M1: Racebike_Rahmen_lackiert -> Mountainbike_Hauptrahmen_zugeschnitten, setup time: 43
2025-06-18 13:45:43,999 - JSPGymEnvironment - INFO - Executed operation: Job J11, Op 1, Machine M1, Start: 9269, End: 9309, Setup: 43
2025-06-18 13:45:43,999 - JSPGymEnvironment - INFO - 
===== REWARD DETAILS FOR STEP 164 =====
Job: J11, Operation: 1, Job Completed: False
Current Time: 9226.00 -> 9309.00, Setup Time: 43.00
Processing Time: 40.00, Idle Time: 0.00
Completed Jobs: 16/30
Machine: M1, Material: Mountainbike_Hauptrahmen_zugeschnitten

REWARD COMPONENTS:
- makespan_reward: -0.4150
- setup_reward: -10.7500
- deadline_reward: 0.0000
- priority_reward: 0.0000
- critical_job_reward: 0.0000
- placement_reward: 0.0000
- timeliness_reward: -5.6000
- machine_idle_penalty: -4.6375

TOTAL REWARD: -21.4025

CUMULATIVE REWARD COMPONENTS:
- makespan_reward: -46.5450
- setup_reward: -1129.7500
- deadline_reward: -0.6422
- priority_reward: 404.0000
- critical_job_reward: 68.3926
- placement_reward: -132.9167
- timeliness_reward: -159.0429
- machine_idle_penalty: -664.1125

CUMULATIVE TOTAL: -1660.6167

CRITICAL STATE INFO:
- Valid actions: ['J2', 'J4', 'J5', 'J6', 'J7', 'J11', 'J12', 'J13', 'J14', 'J16', 'J17', 'J23', 'J26', 'J28']
- Machine states:
  - Machine M1: Time=9309.00, Idle=0.00, Material=Mountainbike_Hauptrahmen_zugeschnitten
  - Machine M2: Time=9099.00, Idle=210.00, Material=E-Bike_Fahrrad_endmontiert
  - Machine M3: Time=9148.00, Idle=161.00, Material=Mountainbike_Tretlager_gefraest
==================================================

2025-06-18 13:45:44,075 - JSPGymEnvironment - INFO - Executed operation: Job J2, Op 6, Machine M2, Start: 9324, End: 9344, Setup: 15
2025-06-18 13:45:44,075 - JSPGymEnvironment - INFO - Job J2 completed at time 9344, deadline: 2880, met: False, priority: 9
2025-06-18 13:45:44,076 - JSPGymEnvironment - INFO - 
===== REWARD DETAILS FOR STEP 165 =====
Job: J2, Operation: 6, Job Completed: True
Current Time: 9309.00 -> 9344.00, Setup Time: 15.00
Processing Time: 20.00, Idle Time: 0.00
Completed Jobs: 17/30
Machine: M2, Material: E-Bike_Fahrrad_endmontiert
Job Deadline: 2880.00 (Missed), Priority: 9

REWARD COMPONENTS:
- makespan_reward: -0.1750
- setup_reward: -3.7500
- deadline_reward: -5.6111
- priority_reward: 36.0000
- critical_job_reward: 0.5000
- placement_reward: -1.6667
- timeliness_reward: -5.6000
- machine_idle_penalty: -2.8875

TOTAL REWARD: 16.8097

CUMULATIVE REWARD COMPONENTS:
- makespan_reward: -46.7200
- setup_reward: -1133.5000
- deadline_reward: -6.2533
- priority_reward: 440.0000
- critical_job_reward: 68.8926
- placement_reward: -134.5833
- timeliness_reward: -164.6429
- machine_idle_penalty: -667.0000

CUMULATIVE TOTAL: -1643.8069

CRITICAL STATE INFO:
- Valid actions: ['J4', 'J5', 'J6', 'J7', 'J11', 'J12', 'J13', 'J14', 'J16', 'J17', 'J23', 'J26', 'J28']
- Machine states:
  - Machine M1: Time=9309.00, Idle=35.00, Material=Mountainbike_Hauptrahmen_zugeschnitten
  - Machine M2: Time=9344.00, Idle=0.00, Material=E-Bike_Fahrrad_endmontiert
  - Machine M3: Time=9148.00, Idle=196.00, Material=Mountainbike_Tretlager_gefraest
==================================================

2025-06-18 13:45:44,076 - JSPGymEnvironment - INFO - Retro-Bonus für Job J2: -5.0
2025-06-18 13:45:44,151 - JSPGymEnvironment - INFO - Material change on machine M3: Mountainbike_Tretlager_gefraest -> Racebike_Rahmen_komplettiert, setup time: 20
2025-06-18 13:45:44,151 - JSPGymEnvironment - INFO - Executed operation: Job J26, Op 4, Machine M3, Start: 9364, End: 9385, Setup: 20
2025-06-18 13:45:44,152 - JSPGymEnvironment - INFO - 
===== REWARD DETAILS FOR STEP 166 =====
Job: J26, Operation: 4, Job Completed: False
Current Time: 9344.00 -> 9385.00, Setup Time: 20.00
Processing Time: 21.00, Idle Time: 0.00
Completed Jobs: 17/30
Machine: M3, Material: Racebike_Rahmen_komplettiert

REWARD COMPONENTS:
- makespan_reward: -0.2050
- setup_reward: -5.0000
- deadline_reward: 0.0000
- priority_reward: 0.0000
- critical_job_reward: 0.5000
- placement_reward: -2.5000
- timeliness_reward: -5.6000
- machine_idle_penalty: -1.4625

TOTAL REWARD: -14.2675

CUMULATIVE REWARD COMPONENTS:
- makespan_reward: -46.9250
- setup_reward: -1138.5000
- deadline_reward: -6.2533
- priority_reward: 440.0000
- critical_job_reward: 69.3926
- placement_reward: -137.0833
- timeliness_reward: -170.2429
- machine_idle_penalty: -668.4625

CUMULATIVE TOTAL: -1658.0744

CRITICAL STATE INFO:
- Valid actions: ['J4', 'J5', 'J6', 'J7', 'J11', 'J12', 'J13', 'J14', 'J16', 'J17', 'J23', 'J26', 'J28']
- Machine states:
  - Machine M1: Time=9309.00, Idle=76.00, Material=Mountainbike_Hauptrahmen_zugeschnitten
  - Machine M2: Time=9344.00, Idle=41.00, Material=E-Bike_Fahrrad_endmontiert
  - Machine M3: Time=9385.00, Idle=0.00, Material=Racebike_Rahmen_komplettiert
==================================================

2025-06-18 13:45:44,300 - JSPGymEnvironment - INFO - Material change on machine M1: Mountainbike_Hauptrahmen_zugeschnitten -> Mountainbike_Schaltauge_bearbeitet, setup time: 40
2025-06-18 13:45:44,301 - JSPGymEnvironment - INFO - Executed operation: Job J7, Op 7, Machine M1, Start: 9425, End: 9443, Setup: 40
2025-06-18 13:45:44,301 - JSPGymEnvironment - INFO - Job J7 completed at time 9443, deadline: 2788, met: False, priority: 2
2025-06-18 13:45:44,301 - JSPGymEnvironment - INFO - 
===== REWARD DETAILS FOR STEP 167 =====
Job: J7, Operation: 7, Job Completed: True
Current Time: 9385.00 -> 9443.00, Setup Time: 40.00
Processing Time: 18.00, Idle Time: 0.00
Completed Jobs: 18/30
Machine: M1, Material: Mountainbike_Schaltauge_bearbeitet
Job Deadline: 2788.00 (Missed), Priority: 2

REWARD COMPONENTS:
- makespan_reward: -0.2900
- setup_reward: -10.0000
- deadline_reward: -5.9675
- priority_reward: 8.0000
- critical_job_reward: 0.0000
- placement_reward: 0.0000
- timeliness_reward: -5.6000
- machine_idle_penalty: -1.9625

TOTAL REWARD: -15.8200

CUMULATIVE REWARD COMPONENTS:
- makespan_reward: -47.2150
- setup_reward: -1148.5000
- deadline_reward: -12.2209
- priority_reward: 448.0000
- critical_job_reward: 69.3926
- placement_reward: -137.0833
- timeliness_reward: -175.8428
- machine_idle_penalty: -670.4250

CUMULATIVE TOTAL: -1673.8944

CRITICAL STATE INFO:
- Valid actions: ['J4', 'J5', 'J6', 'J11', 'J12', 'J13', 'J14', 'J16', 'J17', 'J23', 'J26', 'J28']
- Machine states:
  - Machine M1: Time=9443.00, Idle=0.00, Material=Mountainbike_Schaltauge_bearbeitet
  - Machine M2: Time=9344.00, Idle=99.00, Material=E-Bike_Fahrrad_endmontiert
  - Machine M3: Time=9385.00, Idle=58.00, Material=Racebike_Rahmen_komplettiert
==================================================

2025-06-18 13:45:44,301 - JSPGymEnvironment - INFO - Retro-Bonus für Job J7: -10.0
2025-06-18 13:45:44,378 - JSPGymEnvironment - INFO - Material change on machine M3: Racebike_Rahmen_komplettiert -> Mountainbike_Tretlager_gefraest, setup time: 18
2025-06-18 13:45:44,378 - JSPGymEnvironment - INFO - Executed operation: Job J23, Op 6, Machine M3, Start: 9461, End: 9498, Setup: 18
2025-06-18 13:45:44,378 - JSPGymEnvironment - INFO - Job J23 completed at time 9498, deadline: 2880, met: False, priority: 6
2025-06-18 13:45:44,378 - JSPGymEnvironment - INFO - 
===== REWARD DETAILS FOR STEP 168 =====
Job: J23, Operation: 6, Job Completed: True
Current Time: 9443.00 -> 9498.00, Setup Time: 18.00
Processing Time: 37.00, Idle Time: 0.00
Completed Jobs: 19/30
Machine: M3, Material: Mountainbike_Tretlager_gefraest
Job Deadline: 2880.00 (Missed), Priority: 6

REWARD COMPONENTS:
- makespan_reward: -0.2750
- setup_reward: -4.5000
- deadline_reward: -5.7448
- priority_reward: 24.0000
- critical_job_reward: 0.0000
- placement_reward: 0.0000
- timeliness_reward: -5.6000
- machine_idle_penalty: -2.6125

TOTAL REWARD: 5.2677

CUMULATIVE REWARD COMPONENTS:
- makespan_reward: -47.4900
- setup_reward: -1153.0000
- deadline_reward: -17.9657
- priority_reward: 472.0000
- critical_job_reward: 69.3926
- placement_reward: -137.0833
- timeliness_reward: -181.4428
- machine_idle_penalty: -673.0375

CUMULATIVE TOTAL: -1668.6267

CRITICAL STATE INFO:
- Valid actions: ['J4', 'J5', 'J6', 'J11', 'J12', 'J13', 'J14', 'J16', 'J17', 'J26', 'J28']
- Machine states:
  - Machine M1: Time=9443.00, Idle=55.00, Material=Mountainbike_Schaltauge_bearbeitet
  - Machine M2: Time=9344.00, Idle=154.00, Material=E-Bike_Fahrrad_endmontiert
  - Machine M3: Time=9498.00, Idle=0.00, Material=Mountainbike_Tretlager_gefraest
==================================================

2025-06-18 13:45:44,378 - JSPGymEnvironment - INFO - Retro-Bonus für Job J23: -10.0
2025-06-18 13:45:44,456 - JSPGymEnvironment - INFO - Material change on machine M2: E-Bike_Fahrrad_endmontiert -> Racebike_Bremsen_justiert, setup time: 29
2025-06-18 13:45:44,456 - JSPGymEnvironment - INFO - Executed operation: Job J12, Op 4, Machine M2, Start: 9527, End: 9551, Setup: 29
2025-06-18 13:45:44,456 - JSPGymEnvironment - INFO - 
===== REWARD DETAILS FOR STEP 169 =====
Job: J12, Operation: 4, Job Completed: False
Current Time: 9498.00 -> 9551.00, Setup Time: 29.00
Processing Time: 24.00, Idle Time: 0.00
Completed Jobs: 19/30
Machine: M2, Material: Racebike_Bremsen_justiert

REWARD COMPONENTS:
- makespan_reward: -0.2650
- setup_reward: -7.2500
- deadline_reward: 0.0000
- priority_reward: 0.0000
- critical_job_reward: 0.0000
- placement_reward: 0.0000
- timeliness_reward: -5.6000
- machine_idle_penalty: -2.0125

TOTAL REWARD: -15.1275

CUMULATIVE REWARD COMPONENTS:
- makespan_reward: -47.7550
- setup_reward: -1160.2500
- deadline_reward: -17.9657
- priority_reward: 472.0000
- critical_job_reward: 69.3926
- placement_reward: -137.0833
- timeliness_reward: -187.0428
- machine_idle_penalty: -675.0500

CUMULATIVE TOTAL: -1683.7542

CRITICAL STATE INFO:
- Valid actions: ['J4', 'J5', 'J6', 'J11', 'J12', 'J13', 'J14', 'J16', 'J17', 'J26', 'J28']
- Machine states:
  - Machine M1: Time=9443.00, Idle=108.00, Material=Mountainbike_Schaltauge_bearbeitet
  - Machine M2: Time=9551.00, Idle=0.00, Material=Racebike_Bremsen_justiert
  - Machine M3: Time=9498.00, Idle=53.00, Material=Mountainbike_Tretlager_gefraest
==================================================

2025-06-18 13:45:44,611 - JSPGymEnvironment - INFO - Material change on machine M1: Mountainbike_Schaltauge_bearbeitet -> E-Bike_Laufraeder_montiert, setup time: 50
2025-06-18 13:45:44,611 - JSPGymEnvironment - INFO - Executed operation: Job J28, Op 7, Machine M1, Start: 9601, End: 9624, Setup: 50
2025-06-18 13:45:44,611 - JSPGymEnvironment - INFO - Job J28 completed at time 9624, deadline: 2880, met: False, priority: 10
2025-06-18 13:45:44,611 - JSPGymEnvironment - INFO - 
===== REWARD DETAILS FOR STEP 170 =====
Job: J28, Operation: 7, Job Completed: True
Current Time: 9551.00 -> 9624.00, Setup Time: 50.00
Processing Time: 23.00, Idle Time: 0.00
Completed Jobs: 20/30
Machine: M1, Material: E-Bike_Laufraeder_montiert
Job Deadline: 2880.00 (Missed), Priority: 10

REWARD COMPONENTS:
- makespan_reward: -0.3650
- setup_reward: -12.5000
- deadline_reward: -5.8542
- priority_reward: 40.0000
- critical_job_reward: 0.5000
- placement_reward: -2.5000
- timeliness_reward: -5.6000
- machine_idle_penalty: -2.4875

TOTAL REWARD: 11.1933

CUMULATIVE REWARD COMPONENTS:
- makespan_reward: -48.1200
- setup_reward: -1172.7500
- deadline_reward: -23.8198
- priority_reward: 512.0000
- critical_job_reward: 69.8926
- placement_reward: -139.5833
- timeliness_reward: -192.6428
- machine_idle_penalty: -677.5375

CUMULATIVE TOTAL: -1672.5609

CRITICAL STATE INFO:
- Valid actions: ['J4', 'J5', 'J6', 'J11', 'J12', 'J13', 'J14', 'J16', 'J17', 'J26']
- Machine states:
  - Machine M1: Time=9624.00, Idle=0.00, Material=E-Bike_Laufraeder_montiert
  - Machine M2: Time=9551.00, Idle=73.00, Material=Racebike_Bremsen_justiert
  - Machine M3: Time=9498.00, Idle=126.00, Material=Mountainbike_Tretlager_gefraest
==================================================

2025-06-18 13:45:44,611 - JSPGymEnvironment - INFO - Retro-Bonus für Job J28: -5.0
2025-06-18 13:45:44,688 - JSPGymEnvironment - INFO - Material change on machine M3: Mountainbike_Tretlager_gefraest -> Racebike_Bremsaufnahme_gebohrt, setup time: 20
2025-06-18 13:45:44,689 - JSPGymEnvironment - INFO - Executed operation: Job J26, Op 5, Machine M3, Start: 9644, End: 9667, Setup: 20
2025-06-18 13:45:44,689 - JSPGymEnvironment - INFO - 
===== REWARD DETAILS FOR STEP 171 =====
Job: J26, Operation: 5, Job Completed: False
Current Time: 9624.00 -> 9667.00, Setup Time: 20.00
Processing Time: 23.00, Idle Time: 0.00
Completed Jobs: 20/30
Machine: M3, Material: Racebike_Bremsaufnahme_gebohrt

REWARD COMPONENTS:
- makespan_reward: -0.2150
- setup_reward: -5.0000
- deadline_reward: 0.0000
- priority_reward: 0.0000
- critical_job_reward: 0.5000
- placement_reward: -2.5000
- timeliness_reward: -5.6000
- machine_idle_penalty: -1.9875

TOTAL REWARD: -14.8025

CUMULATIVE REWARD COMPONENTS:
- makespan_reward: -48.3350
- setup_reward: -1177.7500
- deadline_reward: -23.8198
- priority_reward: 512.0000
- critical_job_reward: 70.3926
- placement_reward: -142.0833
- timeliness_reward: -198.2428
- machine_idle_penalty: -679.5250

CUMULATIVE TOTAL: -1687.3634

CRITICAL STATE INFO:
- Valid actions: ['J4', 'J5', 'J6', 'J11', 'J12', 'J13', 'J14', 'J16', 'J17', 'J26']
- Machine states:
  - Machine M1: Time=9624.00, Idle=43.00, Material=E-Bike_Laufraeder_montiert
  - Machine M2: Time=9551.00, Idle=116.00, Material=Racebike_Bremsen_justiert
  - Machine M3: Time=9667.00, Idle=0.00, Material=Racebike_Bremsaufnahme_gebohrt
==================================================

2025-06-18 13:45:44,768 - JSPGymEnvironment - INFO - Material change on machine M1: E-Bike_Laufraeder_montiert -> Mountainbike_Tretlager_gefraest, setup time: 59
2025-06-18 13:45:44,768 - JSPGymEnvironment - INFO - Executed operation: Job J14, Op 1, Machine M1, Start: 9726, End: 9745, Setup: 59
2025-06-18 13:45:44,769 - JSPGymEnvironment - INFO - 
===== REWARD DETAILS FOR STEP 172 =====
Job: J14, Operation: 1, Job Completed: False
Current Time: 9667.00 -> 9745.00, Setup Time: 59.00
Processing Time: 19.00, Idle Time: 0.00
Completed Jobs: 20/30
Machine: M1, Material: Mountainbike_Tretlager_gefraest

REWARD COMPONENTS:
- makespan_reward: -0.3900
- setup_reward: -14.7500
- deadline_reward: 0.0000
- priority_reward: 0.0000
- critical_job_reward: 0.0000
- placement_reward: 0.0000
- timeliness_reward: -5.6000
- machine_idle_penalty: -3.4000

TOTAL REWARD: -24.1400

CUMULATIVE REWARD COMPONENTS:
- makespan_reward: -48.7250
- setup_reward: -1192.5000
- deadline_reward: -23.8198
- priority_reward: 512.0000
- critical_job_reward: 70.3926
- placement_reward: -142.0833
- timeliness_reward: -203.8428
- machine_idle_penalty: -682.9250

CUMULATIVE TOTAL: -1711.5034

CRITICAL STATE INFO:
- Valid actions: ['J4', 'J5', 'J6', 'J11', 'J12', 'J13', 'J14', 'J16', 'J17', 'J26']
- Machine states:
  - Machine M1: Time=9745.00, Idle=0.00, Material=Mountainbike_Tretlager_gefraest
  - Machine M2: Time=9551.00, Idle=194.00, Material=Racebike_Bremsen_justiert
  - Machine M3: Time=9667.00, Idle=78.00, Material=Racebike_Bremsaufnahme_gebohrt
==================================================

2025-06-18 13:45:44,851 - JSPGymEnvironment - INFO - Material change on machine M2: Racebike_Bremsen_justiert -> Racebike_Laufraeder_montiert, setup time: 20
2025-06-18 13:45:44,851 - JSPGymEnvironment - INFO - Executed operation: Job J16, Op 4, Machine M2, Start: 9765, End: 9781, Setup: 20
2025-06-18 13:45:44,851 - JSPGymEnvironment - INFO - Job J16 completed at time 9781, deadline: 2380, met: False, priority: 8
2025-06-18 13:45:44,852 - JSPGymEnvironment - INFO - 
===== REWARD DETAILS FOR STEP 173 =====
Job: J16, Operation: 4, Job Completed: True
Current Time: 9745.00 -> 9781.00, Setup Time: 20.00
Processing Time: 16.00, Idle Time: 0.00
Completed Jobs: 21/30
Machine: M2, Material: Racebike_Laufraeder_montiert
Job Deadline: 2380.00 (Missed), Priority: 8

REWARD COMPONENTS:
- makespan_reward: -0.1800
- setup_reward: -5.0000
- deadline_reward: -7.7742
- priority_reward: 32.0000
- critical_job_reward: 0.5000
- placement_reward: -0.8333
- timeliness_reward: -5.6000
- machine_idle_penalty: -1.8750

TOTAL REWARD: 11.2375

CUMULATIVE REWARD COMPONENTS:
- makespan_reward: -48.9050
- setup_reward: -1197.5000
- deadline_reward: -31.5940
- priority_reward: 544.0000
- critical_job_reward: 70.8926
- placement_reward: -142.9167
- timeliness_reward: -209.4428
- machine_idle_penalty: -684.8000

CUMULATIVE TOTAL: -1700.2659

CRITICAL STATE INFO:
- Valid actions: ['J4', 'J5', 'J6', 'J11', 'J12', 'J13', 'J14', 'J17', 'J26']
- Machine states:
  - Machine M1: Time=9745.00, Idle=36.00, Material=Mountainbike_Tretlager_gefraest
  - Machine M2: Time=9781.00, Idle=0.00, Material=Racebike_Laufraeder_montiert
  - Machine M3: Time=9667.00, Idle=114.00, Material=Racebike_Bremsaufnahme_gebohrt
==================================================

2025-06-18 13:45:44,852 - JSPGymEnvironment - INFO - Retro-Bonus für Job J16: -5.0
2025-06-18 13:45:45,004 - JSPGymEnvironment - INFO - Material change on machine M2: Racebike_Laufraeder_montiert -> Citybike_Rahmen_nachbearbeitet, setup time: 25
2025-06-18 13:45:45,005 - JSPGymEnvironment - INFO - Executed operation: Job J5, Op 6, Machine M2, Start: 9806, End: 9817, Setup: 25
2025-06-18 13:45:45,005 - JSPGymEnvironment - INFO - Job J5 completed at time 9817, deadline: 2836, met: False, priority: 3
2025-06-18 13:45:45,005 - JSPGymEnvironment - INFO - 
===== REWARD DETAILS FOR STEP 174 =====
Job: J5, Operation: 6, Job Completed: True
Current Time: 9781.00 -> 9817.00, Setup Time: 25.00
Processing Time: 11.00, Idle Time: 0.00
Completed Jobs: 22/30
Machine: M2, Material: Citybike_Rahmen_nachbearbeitet
Job Deadline: 2836.00 (Missed), Priority: 3

REWARD COMPONENTS:
- makespan_reward: -0.1800
- setup_reward: -6.2500
- deadline_reward: -6.1539
- priority_reward: 12.0000
- critical_job_reward: 0.0000
- placement_reward: 0.0000
- timeliness_reward: -5.6000
- machine_idle_penalty: -2.7750

TOTAL REWARD: -8.9589

CUMULATIVE REWARD COMPONENTS:
- makespan_reward: -49.0850
- setup_reward: -1203.7500
- deadline_reward: -37.7479
- priority_reward: 556.0000
- critical_job_reward: 70.8926
- placement_reward: -142.9167
- timeliness_reward: -215.0428
- machine_idle_penalty: -687.5750

CUMULATIVE TOTAL: -1709.2248

CRITICAL STATE INFO:
- Valid actions: ['J4', 'J6', 'J11', 'J12', 'J13', 'J14', 'J17', 'J26']
- Machine states:
  - Machine M1: Time=9745.00, Idle=72.00, Material=Mountainbike_Tretlager_gefraest
  - Machine M2: Time=9817.00, Idle=0.00, Material=Citybike_Rahmen_nachbearbeitet
  - Machine M3: Time=9667.00, Idle=150.00, Material=Racebike_Bremsaufnahme_gebohrt
==================================================

2025-06-18 13:45:45,005 - JSPGymEnvironment - INFO - Retro-Bonus für Job J5: -10.0
2025-06-18 13:45:45,082 - JSPGymEnvironment - INFO - Material change on machine M3: Racebike_Bremsaufnahme_gebohrt -> Mountainbike_Tretlageraufnahme_geschweisst, setup time: 18
2025-06-18 13:45:45,082 - JSPGymEnvironment - INFO - Executed operation: Job J6, Op 4, Machine M3, Start: 9835, End: 9884, Setup: 18
2025-06-18 13:45:45,083 - JSPGymEnvironment - INFO - 
===== REWARD DETAILS FOR STEP 175 =====
Job: J6, Operation: 4, Job Completed: False
Current Time: 9817.00 -> 9884.00, Setup Time: 18.00
Processing Time: 49.00, Idle Time: 0.00
Completed Jobs: 22/30
Machine: M3, Material: Mountainbike_Tretlageraufnahme_geschweisst

REWARD COMPONENTS:
- makespan_reward: -0.3350
- setup_reward: -4.5000
- deadline_reward: 0.0000
- priority_reward: 0.0000
- critical_job_reward: 0.5000
- placement_reward: -0.8333
- timeliness_reward: -5.6000
- machine_idle_penalty: -2.5750

TOTAL REWARD: -13.3433

CUMULATIVE REWARD COMPONENTS:
- makespan_reward: -49.4200
- setup_reward: -1208.2500
- deadline_reward: -37.7479
- priority_reward: 556.0000
- critical_job_reward: 71.3926
- placement_reward: -143.7500
- timeliness_reward: -220.6428
- machine_idle_penalty: -690.1500

CUMULATIVE TOTAL: -1722.5681

CRITICAL STATE INFO:
- Valid actions: ['J4', 'J6', 'J11', 'J12', 'J13', 'J14', 'J17', 'J26']
- Machine states:
  - Machine M1: Time=9745.00, Idle=139.00, Material=Mountainbike_Tretlager_gefraest
  - Machine M2: Time=9817.00, Idle=67.00, Material=Citybike_Rahmen_nachbearbeitet
  - Machine M3: Time=9884.00, Idle=0.00, Material=Mountainbike_Tretlageraufnahme_geschweisst
==================================================

2025-06-18 13:45:45,161 - JSPGymEnvironment - INFO - Material change on machine M2: Citybike_Rahmen_nachbearbeitet -> Mountainbike_Bremsen_justiert, setup time: 20
2025-06-18 13:45:45,162 - JSPGymEnvironment - INFO - Executed operation: Job J6, Op 5, Machine M2, Start: 9904, End: 9928, Setup: 20
2025-06-18 13:45:45,162 - JSPGymEnvironment - INFO - 
===== REWARD DETAILS FOR STEP 176 =====
Job: J6, Operation: 5, Job Completed: False
Current Time: 9884.00 -> 9928.00, Setup Time: 20.00
Processing Time: 24.00, Idle Time: 0.00
Completed Jobs: 22/30
Machine: M2, Material: Mountainbike_Bremsen_justiert

REWARD COMPONENTS:
- makespan_reward: -0.2200
- setup_reward: -5.0000
- deadline_reward: 0.0000
- priority_reward: 0.0000
- critical_job_reward: 0.5000
- placement_reward: -0.8333
- timeliness_reward: -5.6000
- machine_idle_penalty: -2.8375

TOTAL REWARD: -13.9908

CUMULATIVE REWARD COMPONENTS:
- makespan_reward: -49.6400
- setup_reward: -1213.2500
- deadline_reward: -37.7479
- priority_reward: 556.0000
- critical_job_reward: 71.8926
- placement_reward: -144.5833
- timeliness_reward: -226.2428
- machine_idle_penalty: -692.9875

CUMULATIVE TOTAL: -1736.5589

CRITICAL STATE INFO:
- Valid actions: ['J4', 'J6', 'J11', 'J12', 'J13', 'J14', 'J17', 'J26']
- Machine states:
  - Machine M1: Time=9745.00, Idle=183.00, Material=Mountainbike_Tretlager_gefraest
  - Machine M2: Time=9928.00, Idle=0.00, Material=Mountainbike_Bremsen_justiert
  - Machine M3: Time=9884.00, Idle=44.00, Material=Mountainbike_Tretlageraufnahme_geschweisst
==================================================

2025-06-18 13:45:45,319 - JSPGymEnvironment - INFO - Material change on machine M3: Mountainbike_Tretlageraufnahme_geschweisst -> Mountainbike_Hauptrahmen_zugeschnitten, setup time: 15
2025-06-18 13:45:45,319 - JSPGymEnvironment - INFO - Executed operation: Job J6, Op 6, Machine M3, Start: 9943, End: 9995, Setup: 15
2025-06-18 13:45:45,319 - JSPGymEnvironment - INFO - Job J6 completed at time 9995, deadline: 2880, met: False, priority: 8
2025-06-18 13:45:45,319 - JSPGymEnvironment - INFO - 
===== REWARD DETAILS FOR STEP 177 =====
Job: J6, Operation: 6, Job Completed: True
Current Time: 9928.00 -> 9995.00, Setup Time: 15.00
Processing Time: 52.00, Idle Time: 0.00
Completed Jobs: 23/30
Machine: M3, Material: Mountainbike_Hauptrahmen_zugeschnitten
Job Deadline: 2880.00 (Missed), Priority: 8

REWARD COMPONENTS:
- makespan_reward: -0.3350
- setup_reward: -3.7500
- deadline_reward: -6.1762
- priority_reward: 32.0000
- critical_job_reward: 0.5000
- placement_reward: -0.8333
- timeliness_reward: -5.6000
- machine_idle_penalty: -3.9625

TOTAL REWARD: 11.8430

CUMULATIVE REWARD COMPONENTS:
- makespan_reward: -49.9750
- setup_reward: -1217.0000
- deadline_reward: -43.9241
- priority_reward: 588.0000
- critical_job_reward: 72.3926
- placement_reward: -145.4167
- timeliness_reward: -231.8428
- machine_idle_penalty: -696.9500

CUMULATIVE TOTAL: -1724.7160

CRITICAL STATE INFO:
- Valid actions: ['J4', 'J11', 'J12', 'J13', 'J14', 'J17', 'J26']
- Machine states:
  - Machine M1: Time=9745.00, Idle=250.00, Material=Mountainbike_Tretlager_gefraest
  - Machine M2: Time=9928.00, Idle=67.00, Material=Mountainbike_Bremsen_justiert
  - Machine M3: Time=9995.00, Idle=0.00, Material=Mountainbike_Hauptrahmen_zugeschnitten
==================================================

2025-06-18 13:45:45,319 - JSPGymEnvironment - INFO - Retro-Bonus für Job J6: -5.0
2025-06-18 13:45:45,397 - JSPGymEnvironment - INFO - Material change on machine M1: Mountainbike_Tretlager_gefraest -> Racebike_Steuerrohr_ausgerieben, setup time: 45
2025-06-18 13:45:45,397 - JSPGymEnvironment - INFO - Executed operation: Job J26, Op 6, Machine M1, Start: 10040, End: 10074, Setup: 45
2025-06-18 13:45:45,397 - JSPGymEnvironment - INFO - Job J26 completed at time 10074, deadline: 2816, met: False, priority: 10
2025-06-18 13:45:45,397 - JSPGymEnvironment - INFO - 
===== REWARD DETAILS FOR STEP 178 =====
Job: J26, Operation: 6, Job Completed: True
Current Time: 9995.00 -> 10074.00, Setup Time: 45.00
Processing Time: 34.00, Idle Time: 0.00
Completed Jobs: 24/30
Machine: M1, Material: Racebike_Steuerrohr_ausgerieben
Job Deadline: 2816.00 (Missed), Priority: 10

REWARD COMPONENTS:
- makespan_reward: -0.3950
- setup_reward: -11.2500
- deadline_reward: -6.4435
- priority_reward: 40.0000
- critical_job_reward: 0.5000
- placement_reward: -2.5000
- timeliness_reward: -5.6000
- machine_idle_penalty: -2.8125

TOTAL REWARD: 11.4990

CUMULATIVE REWARD COMPONENTS:
- makespan_reward: -50.3700
- setup_reward: -1228.2500
- deadline_reward: -50.3676
- priority_reward: 628.0000
- critical_job_reward: 72.8926
- placement_reward: -147.9167
- timeliness_reward: -237.4428
- machine_idle_penalty: -699.7625

CUMULATIVE TOTAL: -1713.2170

CRITICAL STATE INFO:
- Valid actions: ['J4', 'J11', 'J12', 'J13', 'J14', 'J17']
- Machine states:
  - Machine M1: Time=10074.00, Idle=0.00, Material=Racebike_Steuerrohr_ausgerieben
  - Machine M2: Time=9928.00, Idle=146.00, Material=Mountainbike_Bremsen_justiert
  - Machine M3: Time=9995.00, Idle=79.00, Material=Mountainbike_Hauptrahmen_zugeschnitten
==================================================

2025-06-18 13:45:45,397 - JSPGymEnvironment - INFO - Retro-Bonus für Job J26: -5.0
2025-06-18 13:45:45,475 - JSPGymEnvironment - INFO - Material change on machine M2: Mountainbike_Bremsen_justiert -> Citybike_Steuerrohr_montiert, setup time: 22
2025-06-18 13:45:45,475 - JSPGymEnvironment - INFO - Executed operation: Job J4, Op 3, Machine M2, Start: 10096, End: 10112, Setup: 22
2025-06-18 13:45:45,475 - JSPGymEnvironment - INFO - 
===== REWARD DETAILS FOR STEP 179 =====
Job: J4, Operation: 3, Job Completed: False
Current Time: 10074.00 -> 10112.00, Setup Time: 22.00
Processing Time: 16.00, Idle Time: 0.00
Completed Jobs: 24/30
Machine: M2, Material: Citybike_Steuerrohr_montiert

REWARD COMPONENTS:
- makespan_reward: -0.1900
- setup_reward: -5.5000
- deadline_reward: 0.0000
- priority_reward: 0.0000
- critical_job_reward: 0.0000
- placement_reward: -2.7500
- timeliness_reward: -5.6000
- machine_idle_penalty: -1.9375

TOTAL REWARD: -15.9775

CUMULATIVE REWARD COMPONENTS:
- makespan_reward: -50.5600
- setup_reward: -1233.7500
- deadline_reward: -50.3676
- priority_reward: 628.0000
- critical_job_reward: 72.8926
- placement_reward: -150.6667
- timeliness_reward: -243.0428
- machine_idle_penalty: -701.7000

CUMULATIVE TOTAL: -1729.1945

CRITICAL STATE INFO:
- Valid actions: ['J4', 'J11', 'J12', 'J13', 'J14', 'J17']
- Machine states:
  - Machine M1: Time=10074.00, Idle=38.00, Material=Racebike_Steuerrohr_ausgerieben
  - Machine M2: Time=10112.00, Idle=0.00, Material=Citybike_Steuerrohr_montiert
  - Machine M3: Time=9995.00, Idle=117.00, Material=Mountainbike_Hauptrahmen_zugeschnitten
==================================================

2025-06-18 13:45:45,552 - JSPGymEnvironment - INFO - Material change on machine M3: Mountainbike_Hauptrahmen_zugeschnitten -> Mountainbike_Bremsaufnahme_gebohrt, setup time: 15
2025-06-18 13:45:45,552 - JSPGymEnvironment - INFO - Executed operation: Job J14, Op 2, Machine M3, Start: 10127, End: 10147, Setup: 15
2025-06-18 13:45:45,552 - JSPGymEnvironment - INFO - 
===== REWARD DETAILS FOR STEP 180 =====
Job: J14, Operation: 2, Job Completed: False
Current Time: 10112.00 -> 10147.00, Setup Time: 15.00
Processing Time: 20.00, Idle Time: 0.00
Completed Jobs: 24/30
Machine: M3, Material: Mountainbike_Bremsaufnahme_gebohrt

REWARD COMPONENTS:
- makespan_reward: -0.1750
- setup_reward: -3.7500
- deadline_reward: 0.0000
- priority_reward: 0.0000
- critical_job_reward: 0.0000
- placement_reward: 0.0000
- timeliness_reward: -5.6000
- machine_idle_penalty: -1.3500

TOTAL REWARD: -10.8750

CUMULATIVE REWARD COMPONENTS:
- makespan_reward: -50.7350
- setup_reward: -1237.5000
- deadline_reward: -50.3676
- priority_reward: 628.0000
- critical_job_reward: 72.8926
- placement_reward: -150.6667
- timeliness_reward: -248.6428
- machine_idle_penalty: -703.0500

CUMULATIVE TOTAL: -1740.0695

CRITICAL STATE INFO:
- Valid actions: ['J4', 'J11', 'J12', 'J13', 'J14', 'J17']
- Machine states:
  - Machine M1: Time=10074.00, Idle=73.00, Material=Racebike_Steuerrohr_ausgerieben
  - Machine M2: Time=10112.00, Idle=35.00, Material=Citybike_Steuerrohr_montiert
  - Machine M3: Time=10147.00, Idle=0.00, Material=Mountainbike_Bremsaufnahme_gebohrt
==================================================

2025-06-18 13:45:45,705 - JSPGymEnvironment - INFO - Material change on machine M1: Racebike_Steuerrohr_ausgerieben -> Citybike_Hauptrahmen_zugeschnitten, setup time: 45
2025-06-18 13:45:45,705 - JSPGymEnvironment - INFO - Executed operation: Job J13, Op 2, Machine M1, Start: 10192, End: 10225, Setup: 45
2025-06-18 13:45:45,706 - JSPGymEnvironment - INFO - 
===== REWARD DETAILS FOR STEP 181 =====
Job: J13, Operation: 2, Job Completed: False
Current Time: 10147.00 -> 10225.00, Setup Time: 45.00
Processing Time: 33.00, Idle Time: 0.00
Completed Jobs: 24/30
Machine: M1, Material: Citybike_Hauptrahmen_zugeschnitten

REWARD COMPONENTS:
- makespan_reward: -0.3900
- setup_reward: -11.2500
- deadline_reward: 0.0000
- priority_reward: 0.0000
- critical_job_reward: 0.0000
- placement_reward: 0.0000
- timeliness_reward: -5.6000
- machine_idle_penalty: -2.3875

TOTAL REWARD: -19.6275

CUMULATIVE REWARD COMPONENTS:
- makespan_reward: -51.1250
- setup_reward: -1248.7500
- deadline_reward: -50.3676
- priority_reward: 628.0000
- critical_job_reward: 72.8926
- placement_reward: -150.6667
- timeliness_reward: -254.2428
- machine_idle_penalty: -705.4375

CUMULATIVE TOTAL: -1759.6970

CRITICAL STATE INFO:
- Valid actions: ['J4', 'J11', 'J12', 'J13', 'J14', 'J17']
- Machine states:
  - Machine M1: Time=10225.00, Idle=0.00, Material=Citybike_Hauptrahmen_zugeschnitten
  - Machine M2: Time=10112.00, Idle=113.00, Material=Citybike_Steuerrohr_montiert
  - Machine M3: Time=10147.00, Idle=78.00, Material=Mountainbike_Bremsaufnahme_gebohrt
==================================================

2025-06-18 13:45:45,783 - JSPGymEnvironment - INFO - Material change on machine M2: Citybike_Steuerrohr_montiert -> Citybike_Bremsen_justiert, setup time: 20
2025-06-18 13:45:45,784 - JSPGymEnvironment - INFO - Executed operation: Job J13, Op 3, Machine M2, Start: 10245, End: 10271, Setup: 20
2025-06-18 13:45:45,784 - JSPGymEnvironment - INFO - 
===== REWARD DETAILS FOR STEP 182 =====
Job: J13, Operation: 3, Job Completed: False
Current Time: 10225.00 -> 10271.00, Setup Time: 20.00
Processing Time: 26.00, Idle Time: 0.00
Completed Jobs: 24/30
Machine: M2, Material: Citybike_Bremsen_justiert

REWARD COMPONENTS:
- makespan_reward: -0.2300
- setup_reward: -5.0000
- deadline_reward: 0.0000
- priority_reward: 0.0000
- critical_job_reward: 0.0000
- placement_reward: 0.0000
- timeliness_reward: -5.6000
- machine_idle_penalty: -2.1250

TOTAL REWARD: -12.9550

CUMULATIVE REWARD COMPONENTS:
- makespan_reward: -51.3550
- setup_reward: -1253.7500
- deadline_reward: -50.3676
- priority_reward: 628.0000
- critical_job_reward: 72.8926
- placement_reward: -150.6667
- timeliness_reward: -259.8428
- machine_idle_penalty: -707.5625

CUMULATIVE TOTAL: -1772.6520

CRITICAL STATE INFO:
- Valid actions: ['J4', 'J11', 'J12', 'J13', 'J14', 'J17']
- Machine states:
  - Machine M1: Time=10225.00, Idle=46.00, Material=Citybike_Hauptrahmen_zugeschnitten
  - Machine M2: Time=10271.00, Idle=0.00, Material=Citybike_Bremsen_justiert
  - Machine M3: Time=10147.00, Idle=124.00, Material=Mountainbike_Bremsaufnahme_gebohrt
==================================================

2025-06-18 13:45:45,864 - JSPGymEnvironment - INFO - Material change on machine M3: Mountainbike_Bremsaufnahme_gebohrt -> Citybike_Rahmen_nachbearbeitet, setup time: 18
2025-06-18 13:45:45,864 - JSPGymEnvironment - INFO - Executed operation: Job J4, Op 4, Machine M3, Start: 10289, End: 10328, Setup: 18
2025-06-18 13:45:45,865 - JSPGymEnvironment - INFO - 
===== REWARD DETAILS FOR STEP 183 =====
Job: J4, Operation: 4, Job Completed: False
Current Time: 10271.00 -> 10328.00, Setup Time: 18.00
Processing Time: 39.00, Idle Time: 0.00
Completed Jobs: 24/30
Machine: M3, Material: Citybike_Rahmen_nachbearbeitet

REWARD COMPONENTS:
- makespan_reward: -0.2850
- setup_reward: -4.5000
- deadline_reward: 0.0000
- priority_reward: 0.0000
- critical_job_reward: 0.0000
- placement_reward: -2.5000
- timeliness_reward: -5.6000
- machine_idle_penalty: -2.0000

TOTAL REWARD: -14.8850

CUMULATIVE REWARD COMPONENTS:
- makespan_reward: -51.6400
- setup_reward: -1258.2500
- deadline_reward: -50.3676
- priority_reward: 628.0000
- critical_job_reward: 72.8926
- placement_reward: -153.1667
- timeliness_reward: -265.4428
- machine_idle_penalty: -709.5625

CUMULATIVE TOTAL: -1787.5370

CRITICAL STATE INFO:
- Valid actions: ['J4', 'J11', 'J12', 'J13', 'J14', 'J17']
- Machine states:
  - Machine M1: Time=10225.00, Idle=103.00, Material=Citybike_Hauptrahmen_zugeschnitten
  - Machine M2: Time=10271.00, Idle=57.00, Material=Citybike_Bremsen_justiert
  - Machine M3: Time=10328.00, Idle=0.00, Material=Citybike_Rahmen_nachbearbeitet
==================================================

2025-06-18 13:45:46,016 - JSPGymEnvironment - INFO - Material change on machine M3: Citybike_Rahmen_nachbearbeitet -> Racebike_Rahmen_komplettiert, setup time: 13
2025-06-18 13:45:46,016 - JSPGymEnvironment - INFO - Executed operation: Job J12, Op 5, Machine M3, Start: 10341, End: 10368, Setup: 13
2025-06-18 13:45:46,017 - JSPGymEnvironment - INFO - 
===== REWARD DETAILS FOR STEP 184 =====
Job: J12, Operation: 5, Job Completed: False
Current Time: 10328.00 -> 10368.00, Setup Time: 13.00
Processing Time: 27.00, Idle Time: 0.00
Completed Jobs: 24/30
Machine: M3, Material: Racebike_Rahmen_komplettiert

REWARD COMPONENTS:
- makespan_reward: -0.2000
- setup_reward: -3.2500
- deadline_reward: 0.0000
- priority_reward: 0.0000
- critical_job_reward: 0.0000
- placement_reward: 0.0000
- timeliness_reward: -5.6000
- machine_idle_penalty: -3.0000

TOTAL REWARD: -12.0500

CUMULATIVE REWARD COMPONENTS:
- makespan_reward: -51.8400
- setup_reward: -1261.5000
- deadline_reward: -50.3676
- priority_reward: 628.0000
- critical_job_reward: 72.8926
- placement_reward: -153.1667
- timeliness_reward: -271.0428
- machine_idle_penalty: -712.5625

CUMULATIVE TOTAL: -1799.5870

CRITICAL STATE INFO:
- Valid actions: ['J4', 'J11', 'J12', 'J13', 'J14', 'J17']
- Machine states:
  - Machine M1: Time=10225.00, Idle=143.00, Material=Citybike_Hauptrahmen_zugeschnitten
  - Machine M2: Time=10271.00, Idle=97.00, Material=Citybike_Bremsen_justiert
  - Machine M3: Time=10368.00, Idle=0.00, Material=Racebike_Rahmen_komplettiert
==================================================

2025-06-18 13:45:46,094 - JSPGymEnvironment - INFO - Material change on machine M2: Citybike_Bremsen_justiert -> Racebike_Laufraeder_montiert, setup time: 16
2025-06-18 13:45:46,094 - JSPGymEnvironment - INFO - Executed operation: Job J17, Op 5, Machine M2, Start: 10384, End: 10414, Setup: 16
2025-06-18 13:45:46,094 - JSPGymEnvironment - INFO - Job J17 completed at time 10414, deadline: 2880, met: False, priority: 9
2025-06-18 13:45:46,094 - JSPGymEnvironment - INFO - 
===== REWARD DETAILS FOR STEP 185 =====
Job: J17, Operation: 5, Job Completed: True
Current Time: 10368.00 -> 10414.00, Setup Time: 16.00
Processing Time: 30.00, Idle Time: 0.00
Completed Jobs: 25/30
Machine: M2, Material: Racebike_Laufraeder_montiert
Job Deadline: 2880.00 (Missed), Priority: 9

REWARD COMPONENTS:
- makespan_reward: -0.2300
- setup_reward: -4.0000
- deadline_reward: -6.5399
- priority_reward: 36.0000
- critical_job_reward: 0.5000
- placement_reward: -1.6667
- timeliness_reward: -5.6000
- machine_idle_penalty: -2.9375

TOTAL REWARD: 15.5259

CUMULATIVE REWARD COMPONENTS:
- makespan_reward: -52.0700
- setup_reward: -1265.5000
- deadline_reward: -56.9076
- priority_reward: 664.0000
- critical_job_reward: 73.3926
- placement_reward: -154.8333
- timeliness_reward: -276.6428
- machine_idle_penalty: -715.5000

CUMULATIVE TOTAL: -1784.0611

CRITICAL STATE INFO:
- Valid actions: ['J4', 'J11', 'J12', 'J13', 'J14']
- Machine states:
  - Machine M1: Time=10225.00, Idle=189.00, Material=Citybike_Hauptrahmen_zugeschnitten
  - Machine M2: Time=10414.00, Idle=0.00, Material=Racebike_Laufraeder_montiert
  - Machine M3: Time=10368.00, Idle=46.00, Material=Racebike_Rahmen_komplettiert
==================================================

2025-06-18 13:45:46,094 - JSPGymEnvironment - INFO - Retro-Bonus für Job J17: -5.0
2025-06-18 13:45:46,172 - JSPGymEnvironment - INFO - Material change on machine M2: Racebike_Laufraeder_montiert -> Mountainbike_Steuerrohr_ausgerieben, setup time: 18
2025-06-18 13:45:46,172 - JSPGymEnvironment - INFO - Executed operation: Job J14, Op 3, Machine M2, Start: 10432, End: 10443, Setup: 18
2025-06-18 13:45:46,172 - JSPGymEnvironment - INFO - 
===== REWARD DETAILS FOR STEP 186 =====
Job: J14, Operation: 3, Job Completed: False
Current Time: 10414.00 -> 10443.00, Setup Time: 18.00
Processing Time: 11.00, Idle Time: 0.00
Completed Jobs: 25/30
Machine: M2, Material: Mountainbike_Steuerrohr_ausgerieben

REWARD COMPONENTS:
- makespan_reward: -0.1450
- setup_reward: -4.5000
- deadline_reward: 0.0000
- priority_reward: 0.0000
- critical_job_reward: 0.0000
- placement_reward: 0.0000
- timeliness_reward: -5.6000
- machine_idle_penalty: -3.6625

TOTAL REWARD: -13.9075

CUMULATIVE REWARD COMPONENTS:
- makespan_reward: -52.2150
- setup_reward: -1270.0000
- deadline_reward: -56.9076
- priority_reward: 664.0000
- critical_job_reward: 73.3926
- placement_reward: -154.8333
- timeliness_reward: -282.2428
- machine_idle_penalty: -719.1625

CUMULATIVE TOTAL: -1797.9686

CRITICAL STATE INFO:
- Valid actions: ['J4', 'J11', 'J12', 'J13', 'J14']
- Machine states:
  - Machine M1: Time=10225.00, Idle=218.00, Material=Citybike_Hauptrahmen_zugeschnitten
  - Machine M2: Time=10443.00, Idle=0.00, Material=Mountainbike_Steuerrohr_ausgerieben
  - Machine M3: Time=10368.00, Idle=75.00, Material=Racebike_Rahmen_komplettiert
==================================================

2025-06-18 13:45:46,250 - JSPGymEnvironment - INFO - Material change on machine M1: Citybike_Hauptrahmen_zugeschnitten -> Mountainbike_Schaltauge_bearbeitet, setup time: 30
2025-06-18 13:45:46,250 - JSPGymEnvironment - INFO - Executed operation: Job J11, Op 2, Machine M1, Start: 10473, End: 10516, Setup: 30
2025-06-18 13:45:46,250 - JSPGymEnvironment - INFO - 
===== REWARD DETAILS FOR STEP 187 =====
Job: J11, Operation: 2, Job Completed: False
Current Time: 10443.00 -> 10516.00, Setup Time: 30.00
Processing Time: 43.00, Idle Time: 0.00
Completed Jobs: 25/30
Machine: M1, Material: Mountainbike_Schaltauge_bearbeitet

REWARD COMPONENTS:
- makespan_reward: -0.3650
- setup_reward: -7.5000
- deadline_reward: 0.0000
- priority_reward: 0.0000
- critical_job_reward: 0.0000
- placement_reward: 0.0000
- timeliness_reward: -5.6000
- machine_idle_penalty: -2.7625

TOTAL REWARD: -16.2275

CUMULATIVE REWARD COMPONENTS:
- makespan_reward: -52.5800
- setup_reward: -1277.5000
- deadline_reward: -56.9076
- priority_reward: 664.0000
- critical_job_reward: 73.3926
- placement_reward: -154.8333
- timeliness_reward: -287.8428
- machine_idle_penalty: -721.9250

CUMULATIVE TOTAL: -1814.1961

CRITICAL STATE INFO:
- Valid actions: ['J4', 'J11', 'J12', 'J13', 'J14']
- Machine states:
  - Machine M1: Time=10516.00, Idle=0.00, Material=Mountainbike_Schaltauge_bearbeitet
  - Machine M2: Time=10443.00, Idle=73.00, Material=Mountainbike_Steuerrohr_ausgerieben
  - Machine M3: Time=10368.00, Idle=148.00, Material=Racebike_Rahmen_komplettiert
==================================================

2025-06-18 13:45:46,408 - JSPGymEnvironment - INFO - Material change on machine M2: Mountainbike_Steuerrohr_ausgerieben -> Racebike_Bremsaufnahme_gebohrt, setup time: 17
2025-06-18 13:45:46,408 - JSPGymEnvironment - INFO - Executed operation: Job J12, Op 6, Machine M2, Start: 10533, End: 10554, Setup: 17
2025-06-18 13:45:46,409 - JSPGymEnvironment - INFO - 
===== REWARD DETAILS FOR STEP 188 =====
Job: J12, Operation: 6, Job Completed: False
Current Time: 10516.00 -> 10554.00, Setup Time: 17.00
Processing Time: 21.00, Idle Time: 0.00
Completed Jobs: 25/30
Machine: M2, Material: Racebike_Bremsaufnahme_gebohrt

REWARD COMPONENTS:
- makespan_reward: -0.1900
- setup_reward: -4.2500
- deadline_reward: 0.0000
- priority_reward: 0.0000
- critical_job_reward: 0.0000
- placement_reward: 0.0000
- timeliness_reward: -5.6000
- machine_idle_penalty: -2.8000

TOTAL REWARD: -12.8400

CUMULATIVE REWARD COMPONENTS:
- makespan_reward: -52.7700
- setup_reward: -1281.7500
- deadline_reward: -56.9076
- priority_reward: 664.0000
- critical_job_reward: 73.3926
- placement_reward: -154.8333
- timeliness_reward: -293.4428
- machine_idle_penalty: -724.7250

CUMULATIVE TOTAL: -1827.0361

CRITICAL STATE INFO:
- Valid actions: ['J4', 'J11', 'J12', 'J13', 'J14']
- Machine states:
  - Machine M1: Time=10516.00, Idle=38.00, Material=Mountainbike_Schaltauge_bearbeitet
  - Machine M2: Time=10554.00, Idle=0.00, Material=Racebike_Bremsaufnahme_gebohrt
  - Machine M3: Time=10368.00, Idle=186.00, Material=Racebike_Rahmen_komplettiert
==================================================

2025-06-18 13:45:46,486 - JSPGymEnvironment - INFO - Material change on machine M2: Racebike_Bremsaufnahme_gebohrt -> Mountainbike_Laufraeder_montiert, setup time: 18
2025-06-18 13:45:46,486 - JSPGymEnvironment - INFO - Executed operation: Job J11, Op 3, Machine M2, Start: 10572, End: 10599, Setup: 18
2025-06-18 13:45:46,487 - JSPGymEnvironment - INFO - 
===== REWARD DETAILS FOR STEP 189 =====
Job: J11, Operation: 3, Job Completed: False
Current Time: 10554.00 -> 10599.00, Setup Time: 18.00
Processing Time: 27.00, Idle Time: 0.00
Completed Jobs: 25/30
Machine: M2, Material: Mountainbike_Laufraeder_montiert

REWARD COMPONENTS:
- makespan_reward: -0.2250
- setup_reward: -4.5000
- deadline_reward: 0.0000
- priority_reward: 0.0000
- critical_job_reward: 0.0000
- placement_reward: 0.0000
- timeliness_reward: -5.6000
- machine_idle_penalty: -3.9250

TOTAL REWARD: -14.2500

CUMULATIVE REWARD COMPONENTS:
- makespan_reward: -52.9950
- setup_reward: -1286.2500
- deadline_reward: -56.9076
- priority_reward: 664.0000
- critical_job_reward: 73.3926
- placement_reward: -154.8333
- timeliness_reward: -299.0428
- machine_idle_penalty: -728.6500

CUMULATIVE TOTAL: -1841.2861

CRITICAL STATE INFO:
- Valid actions: ['J4', 'J11', 'J12', 'J13', 'J14']
- Machine states:
  - Machine M1: Time=10516.00, Idle=83.00, Material=Mountainbike_Schaltauge_bearbeitet
  - Machine M2: Time=10599.00, Idle=0.00, Material=Mountainbike_Laufraeder_montiert
  - Machine M3: Time=10368.00, Idle=231.00, Material=Racebike_Rahmen_komplettiert
==================================================

2025-06-18 13:45:46,564 - JSPGymEnvironment - INFO - Material change on machine M2: Mountainbike_Laufraeder_montiert -> Citybike_Laufraeder_montiert, setup time: 22
2025-06-18 13:45:46,564 - JSPGymEnvironment - INFO - Executed operation: Job J13, Op 4, Machine M2, Start: 10621, End: 10645, Setup: 22
2025-06-18 13:45:46,565 - JSPGymEnvironment - INFO - 
===== REWARD DETAILS FOR STEP 190 =====
Job: J13, Operation: 4, Job Completed: False
Current Time: 10599.00 -> 10645.00, Setup Time: 22.00
Processing Time: 24.00, Idle Time: 0.00
Completed Jobs: 25/30
Machine: M2, Material: Citybike_Laufraeder_montiert

REWARD COMPONENTS:
- makespan_reward: -0.2300
- setup_reward: -5.5000
- deadline_reward: 0.0000
- priority_reward: 0.0000
- critical_job_reward: 0.0000
- placement_reward: 0.0000
- timeliness_reward: -5.6000
- machine_idle_penalty: -5.0750

TOTAL REWARD: -16.4050

CUMULATIVE REWARD COMPONENTS:
- makespan_reward: -53.2250
- setup_reward: -1291.7500
- deadline_reward: -56.9076
- priority_reward: 664.0000
- critical_job_reward: 73.3926
- placement_reward: -154.8333
- timeliness_reward: -304.6428
- machine_idle_penalty: -733.7250

CUMULATIVE TOTAL: -1857.6911

CRITICAL STATE INFO:
- Valid actions: ['J4', 'J11', 'J12', 'J13', 'J14']
- Machine states:
  - Machine M1: Time=10516.00, Idle=129.00, Material=Mountainbike_Schaltauge_bearbeitet
  - Machine M2: Time=10645.00, Idle=0.00, Material=Citybike_Laufraeder_montiert
  - Machine M3: Time=10368.00, Idle=277.00, Material=Racebike_Rahmen_komplettiert
==================================================

2025-06-18 13:45:46,721 - JSPGymEnvironment - INFO - Material change on machine M1: Mountainbike_Schaltauge_bearbeitet -> Racebike_Antrieb_installiert, setup time: 45
2025-06-18 13:45:46,721 - JSPGymEnvironment - INFO - Executed operation: Job J12, Op 7, Machine M1, Start: 10690, End: 10729, Setup: 45
2025-06-18 13:45:46,721 - JSPGymEnvironment - INFO - Job J12 completed at time 10729, deadline: 2769, met: False, priority: 7
2025-06-18 13:45:46,721 - JSPGymEnvironment - INFO - 
===== REWARD DETAILS FOR STEP 191 =====
Job: J12, Operation: 7, Job Completed: True
Current Time: 10645.00 -> 10729.00, Setup Time: 45.00
Processing Time: 39.00, Idle Time: 0.00
Completed Jobs: 26/30
Machine: M1, Material: Racebike_Antrieb_installiert
Job Deadline: 2769.00 (Missed), Priority: 7

REWARD COMPONENTS:
- makespan_reward: -0.4200
- setup_reward: -11.2500
- deadline_reward: -7.1867
- priority_reward: 28.0000
- critical_job_reward: 0.0000
- placement_reward: 0.0000
- timeliness_reward: -5.6000
- machine_idle_penalty: -5.5625

TOTAL REWARD: -2.0192

CUMULATIVE REWARD COMPONENTS:
- makespan_reward: -53.6450
- setup_reward: -1303.0000
- deadline_reward: -64.0943
- priority_reward: 692.0000
- critical_job_reward: 73.3926
- placement_reward: -154.8333
- timeliness_reward: -310.2428
- machine_idle_penalty: -739.2875

CUMULATIVE TOTAL: -1859.7103

CRITICAL STATE INFO:
- Valid actions: ['J4', 'J11', 'J13', 'J14']
- Machine states:
  - Machine M1: Time=10729.00, Idle=0.00, Material=Racebike_Antrieb_installiert
  - Machine M2: Time=10645.00, Idle=84.00, Material=Citybike_Laufraeder_montiert
  - Machine M3: Time=10368.00, Idle=361.00, Material=Racebike_Rahmen_komplettiert
==================================================

2025-06-18 13:45:46,722 - JSPGymEnvironment - INFO - Retro-Bonus für Job J12: -10.0
2025-06-18 13:45:46,799 - JSPGymEnvironment - INFO - Material change on machine M3: Racebike_Rahmen_komplettiert -> Mountainbike_Tretlager_gefraest, setup time: 18
2025-06-18 13:45:46,799 - JSPGymEnvironment - INFO - Executed operation: Job J11, Op 4, Machine M3, Start: 10747, End: 10771, Setup: 18
2025-06-18 13:45:46,799 - JSPGymEnvironment - INFO - 
===== REWARD DETAILS FOR STEP 192 =====
Job: J11, Operation: 4, Job Completed: False
Current Time: 10729.00 -> 10771.00, Setup Time: 18.00
Processing Time: 24.00, Idle Time: 0.00
Completed Jobs: 26/30
Machine: M3, Material: Mountainbike_Tretlager_gefraest

REWARD COMPONENTS:
- makespan_reward: -0.2100
- setup_reward: -4.5000
- deadline_reward: 0.0000
- priority_reward: 0.0000
- critical_job_reward: 0.0000
- placement_reward: 0.0000
- timeliness_reward: -5.6000
- machine_idle_penalty: -2.1000

TOTAL REWARD: -12.4100

CUMULATIVE REWARD COMPONENTS:
- makespan_reward: -53.8550
- setup_reward: -1307.5000
- deadline_reward: -64.0943
- priority_reward: 692.0000
- critical_job_reward: 73.3926
- placement_reward: -154.8333
- timeliness_reward: -315.8428
- machine_idle_penalty: -741.3875

CUMULATIVE TOTAL: -1872.1203

CRITICAL STATE INFO:
- Valid actions: ['J4', 'J11', 'J13', 'J14']
- Machine states:
  - Machine M1: Time=10729.00, Idle=42.00, Material=Racebike_Antrieb_installiert
  - Machine M2: Time=10645.00, Idle=126.00, Material=Citybike_Laufraeder_montiert
  - Machine M3: Time=10771.00, Idle=0.00, Material=Mountainbike_Tretlager_gefraest
==================================================

2025-06-18 13:45:46,879 - JSPGymEnvironment - INFO - Material change on machine M1: Racebike_Antrieb_installiert -> Citybike_Bremsaufnahme_gebohrt, setup time: 45
2025-06-18 13:45:46,879 - JSPGymEnvironment - INFO - Executed operation: Job J13, Op 5, Machine M1, Start: 10816, End: 10842, Setup: 45
2025-06-18 13:45:46,879 - JSPGymEnvironment - INFO - 
===== REWARD DETAILS FOR STEP 193 =====
Job: J13, Operation: 5, Job Completed: False
Current Time: 10771.00 -> 10842.00, Setup Time: 45.00
Processing Time: 26.00, Idle Time: 0.00
Completed Jobs: 26/30
Machine: M1, Material: Citybike_Bremsaufnahme_gebohrt

REWARD COMPONENTS:
- makespan_reward: -0.3550
- setup_reward: -11.2500
- deadline_reward: 0.0000
- priority_reward: 0.0000
- critical_job_reward: 0.0000
- placement_reward: 0.0000
- timeliness_reward: -5.6000
- machine_idle_penalty: -3.3500

TOTAL REWARD: -20.5550

CUMULATIVE REWARD COMPONENTS:
- makespan_reward: -54.2100
- setup_reward: -1318.7500
- deadline_reward: -64.0943
- priority_reward: 692.0000
- critical_job_reward: 73.3926
- placement_reward: -154.8333
- timeliness_reward: -321.4428
- machine_idle_penalty: -744.7375

CUMULATIVE TOTAL: -1892.6753

CRITICAL STATE INFO:
- Valid actions: ['J4', 'J11', 'J13', 'J14']
- Machine states:
  - Machine M1: Time=10842.00, Idle=0.00, Material=Citybike_Bremsaufnahme_gebohrt
  - Machine M2: Time=10645.00, Idle=197.00, Material=Citybike_Laufraeder_montiert
  - Machine M3: Time=10771.00, Idle=71.00, Material=Mountainbike_Tretlager_gefraest
==================================================

2025-06-18 13:45:46,957 - JSPGymEnvironment - INFO - Material change on machine M1: Citybike_Bremsaufnahme_gebohrt -> Mountainbike_Steuerrohr_montiert, setup time: 30
2025-06-18 13:45:46,957 - JSPGymEnvironment - INFO - Executed operation: Job J14, Op 4, Machine M1, Start: 10872, End: 10900, Setup: 30
2025-06-18 13:45:46,957 - JSPGymEnvironment - INFO - 
===== REWARD DETAILS FOR STEP 194 =====
Job: J14, Operation: 4, Job Completed: False
Current Time: 10842.00 -> 10900.00, Setup Time: 30.00
Processing Time: 28.00, Idle Time: 0.00
Completed Jobs: 26/30
Machine: M1, Material: Mountainbike_Steuerrohr_montiert

REWARD COMPONENTS:
- makespan_reward: -0.2900
- setup_reward: -7.5000
- deadline_reward: 0.0000
- priority_reward: 0.0000
- critical_job_reward: 0.0000
- placement_reward: 0.0000
- timeliness_reward: -5.6000
- machine_idle_penalty: -4.8000

TOTAL REWARD: -18.1900

CUMULATIVE REWARD COMPONENTS:
- makespan_reward: -54.5000
- setup_reward: -1326.2500
- deadline_reward: -64.0943
- priority_reward: 692.0000
- critical_job_reward: 73.3926
- placement_reward: -154.8333
- timeliness_reward: -327.0428
- machine_idle_penalty: -749.5375

CUMULATIVE TOTAL: -1910.8653

CRITICAL STATE INFO:
- Valid actions: ['J4', 'J11', 'J13', 'J14']
- Machine states:
  - Machine M1: Time=10900.00, Idle=0.00, Material=Mountainbike_Steuerrohr_montiert
  - Machine M2: Time=10645.00, Idle=255.00, Material=Citybike_Laufraeder_montiert
  - Machine M3: Time=10771.00, Idle=129.00, Material=Mountainbike_Tretlager_gefraest
==================================================

2025-06-18 13:45:47,110 - JSPGymEnvironment - INFO - Material change on machine M1: Mountainbike_Steuerrohr_montiert -> Mountainbike_Tretlageraufnahme_geschweisst, setup time: 40
2025-06-18 13:45:47,111 - JSPGymEnvironment - INFO - Executed operation: Job J11, Op 5, Machine M1, Start: 10940, End: 10969, Setup: 40
2025-06-18 13:45:47,111 - JSPGymEnvironment - INFO - Job J11 completed at time 10969, deadline: 2834, met: False, priority: 5
2025-06-18 13:45:47,111 - JSPGymEnvironment - INFO - 
===== REWARD DETAILS FOR STEP 195 =====
Job: J11, Operation: 5, Job Completed: True
Current Time: 10900.00 -> 10969.00, Setup Time: 40.00
Processing Time: 29.00, Idle Time: 0.00
Completed Jobs: 27/30
Machine: M1, Material: Mountainbike_Tretlageraufnahme_geschweisst
Job Deadline: 2834.00 (Missed), Priority: 5

REWARD COMPONENTS:
- makespan_reward: -0.3450
- setup_reward: -10.0000
- deadline_reward: -7.1763
- priority_reward: 20.0000
- critical_job_reward: 0.0000
- placement_reward: 0.0000
- timeliness_reward: -5.6000
- machine_idle_penalty: -6.5250

TOTAL REWARD: -9.6463

CUMULATIVE REWARD COMPONENTS:
- makespan_reward: -54.8450
- setup_reward: -1336.2500
- deadline_reward: -71.2705
- priority_reward: 712.0000
- critical_job_reward: 73.3926
- placement_reward: -154.8333
- timeliness_reward: -332.6428
- machine_idle_penalty: -756.0625

CUMULATIVE TOTAL: -1920.5115

CRITICAL STATE INFO:
- Valid actions: ['J4', 'J13', 'J14']
- Machine states:
  - Machine M1: Time=10969.00, Idle=0.00, Material=Mountainbike_Tretlageraufnahme_geschweisst
  - Machine M2: Time=10645.00, Idle=324.00, Material=Citybike_Laufraeder_montiert
  - Machine M3: Time=10771.00, Idle=198.00, Material=Mountainbike_Tretlager_gefraest
==================================================

2025-06-18 13:45:47,111 - JSPGymEnvironment - INFO - Retro-Bonus für Job J11: -10.0
2025-06-18 13:45:47,190 - JSPGymEnvironment - INFO - Material change on machine M2: Citybike_Laufraeder_montiert -> Mountainbike_Antrieb_installiert, setup time: 20
2025-06-18 13:45:47,190 - JSPGymEnvironment - INFO - Executed operation: Job J14, Op 5, Machine M2, Start: 10989, End: 11010, Setup: 20
2025-06-18 13:45:47,190 - JSPGymEnvironment - INFO - 
===== REWARD DETAILS FOR STEP 196 =====
Job: J14, Operation: 5, Job Completed: False
Current Time: 10969.00 -> 11010.00, Setup Time: 20.00
Processing Time: 21.00, Idle Time: 0.00
Completed Jobs: 27/30
Machine: M2, Material: Mountainbike_Antrieb_installiert

REWARD COMPONENTS:
- makespan_reward: -0.2050
- setup_reward: -5.0000
- deadline_reward: 0.0000
- priority_reward: 0.0000
- critical_job_reward: 0.0000
- placement_reward: 0.0000
- timeliness_reward: -5.6000
- machine_idle_penalty: -3.5000

TOTAL REWARD: -14.3050

CUMULATIVE REWARD COMPONENTS:
- makespan_reward: -55.0500
- setup_reward: -1341.2500
- deadline_reward: -71.2705
- priority_reward: 712.0000
- critical_job_reward: 73.3926
- placement_reward: -154.8333
- timeliness_reward: -338.2428
- machine_idle_penalty: -759.5625

CUMULATIVE TOTAL: -1934.8165

CRITICAL STATE INFO:
- Valid actions: ['J4', 'J13', 'J14']
- Machine states:
  - Machine M1: Time=10969.00, Idle=41.00, Material=Mountainbike_Tretlageraufnahme_geschweisst
  - Machine M2: Time=11010.00, Idle=0.00, Material=Mountainbike_Antrieb_installiert
  - Machine M3: Time=10771.00, Idle=239.00, Material=Mountainbike_Tretlager_gefraest
==================================================

2025-06-18 13:45:47,268 - JSPGymEnvironment - INFO - Material change on machine M2: Mountainbike_Antrieb_installiert -> Citybike_Schaltauge_bearbeitet, setup time: 22
2025-06-18 13:45:47,269 - JSPGymEnvironment - INFO - Executed operation: Job J13, Op 6, Machine M2, Start: 11032, End: 11057, Setup: 22
2025-06-18 13:45:47,269 - JSPGymEnvironment - INFO - Job J13 completed at time 11057, deadline: 2880, met: False, priority: 2
2025-06-18 13:45:47,269 - JSPGymEnvironment - INFO - 
===== REWARD DETAILS FOR STEP 197 =====
Job: J13, Operation: 6, Job Completed: True
Current Time: 11010.00 -> 11057.00, Setup Time: 22.00
Processing Time: 25.00, Idle Time: 0.00
Completed Jobs: 28/30
Machine: M2, Material: Citybike_Schaltauge_bearbeitet
Job Deadline: 2880.00 (Missed), Priority: 2

REWARD COMPONENTS:
- makespan_reward: -0.2350
- setup_reward: -5.5000
- deadline_reward: -7.0981
- priority_reward: 8.0000
- critical_job_reward: 0.0000
- placement_reward: 0.0000
- timeliness_reward: -5.6000
- machine_idle_penalty: -4.6750

TOTAL REWARD: -15.1081

CUMULATIVE REWARD COMPONENTS:
- makespan_reward: -55.2850
- setup_reward: -1346.7500
- deadline_reward: -78.3686
- priority_reward: 720.0000
- critical_job_reward: 73.3926
- placement_reward: -154.8333
- timeliness_reward: -343.8428
- machine_idle_penalty: -764.2375

CUMULATIVE TOTAL: -1949.9246

CRITICAL STATE INFO:
- Valid actions: ['J4', 'J14']
- Machine states:
  - Machine M1: Time=10969.00, Idle=88.00, Material=Mountainbike_Tretlageraufnahme_geschweisst
  - Machine M2: Time=11057.00, Idle=0.00, Material=Citybike_Schaltauge_bearbeitet
  - Machine M3: Time=10771.00, Idle=286.00, Material=Mountainbike_Tretlager_gefraest
==================================================

2025-06-18 13:45:47,269 - JSPGymEnvironment - INFO - Retro-Bonus für Job J13: -10.0
2025-06-18 13:45:47,422 - JSPGymEnvironment - INFO - Material change on machine M1: Mountainbike_Tretlageraufnahme_geschweisst -> Mountainbike_Rahmen_lackiert, setup time: 40
2025-06-18 13:45:47,422 - JSPGymEnvironment - INFO - Executed operation: Job J14, Op 6, Machine M1, Start: 11097, End: 11126, Setup: 40
2025-06-18 13:45:47,422 - JSPGymEnvironment - INFO - Job J14 completed at time 11126, deadline: 2880, met: False, priority: 2
2025-06-18 13:45:47,423 - JSPGymEnvironment - INFO - 
===== REWARD DETAILS FOR STEP 198 =====
Job: J14, Operation: 6, Job Completed: True
Current Time: 11057.00 -> 11126.00, Setup Time: 40.00
Processing Time: 29.00, Idle Time: 0.00
Completed Jobs: 29/30
Machine: M1, Material: Mountainbike_Rahmen_lackiert
Job Deadline: 2880.00 (Missed), Priority: 2

REWARD COMPONENTS:
- makespan_reward: -0.3450
- setup_reward: -10.0000
- deadline_reward: -7.1580
- priority_reward: 8.0000
- critical_job_reward: 0.0000
- placement_reward: 0.0000
- timeliness_reward: -5.6000
- machine_idle_penalty: -5.3000

TOTAL REWARD: -20.4030

CUMULATIVE REWARD COMPONENTS:
- makespan_reward: -55.6300
- setup_reward: -1356.7500
- deadline_reward: -85.5266
- priority_reward: 728.0000
- critical_job_reward: 73.3926
- placement_reward: -154.8333
- timeliness_reward: -349.4428
- machine_idle_penalty: -769.5375

CUMULATIVE TOTAL: -1970.3276

CRITICAL STATE INFO:
- Valid actions: ['J4']
- Machine states:
  - Machine M1: Time=11126.00, Idle=0.00, Material=Mountainbike_Rahmen_lackiert
  - Machine M2: Time=11057.00, Idle=69.00, Material=Citybike_Schaltauge_bearbeitet
  - Machine M3: Time=10771.00, Idle=355.00, Material=Mountainbike_Tretlager_gefraest
==================================================

2025-06-18 13:45:47,423 - JSPGymEnvironment - INFO - Retro-Bonus für Job J14: -10.0
2025-06-18 13:45:47,500 - JSPGymEnvironment - INFO - Material change on machine M1: Mountainbike_Rahmen_lackiert -> Citybike_Tretlager_gefraest, setup time: 32
2025-06-18 13:45:47,500 - JSPGymEnvironment - INFO - Executed operation: Job J4, Op 5, Machine M1, Start: 11158, End: 11184, Setup: 32
2025-06-18 13:45:47,500 - JSPGymEnvironment - INFO - 
===== REWARD DETAILS FOR STEP 199 =====
Job: J4, Operation: 5, Job Completed: False
Current Time: 11126.00 -> 11184.00, Setup Time: 32.00
Processing Time: 26.00, Idle Time: 0.00
Completed Jobs: 29/30
Machine: M1, Material: Citybike_Tretlager_gefraest

REWARD COMPONENTS:
- makespan_reward: -0.2900
- setup_reward: -8.0000
- deadline_reward: 0.0000
- priority_reward: 0.0000
- critical_job_reward: 0.0000
- placement_reward: -2.0000
- timeliness_reward: -5.6000
- machine_idle_penalty: -6.7500

TOTAL REWARD: -22.6400

CUMULATIVE REWARD COMPONENTS:
- makespan_reward: -55.9200
- setup_reward: -1364.7500
- deadline_reward: -85.5266
- priority_reward: 728.0000
- critical_job_reward: 73.3926
- placement_reward: -156.8333
- timeliness_reward: -355.0428
- machine_idle_penalty: -776.2875

CUMULATIVE TOTAL: -1992.9676

CRITICAL STATE INFO:
- Valid actions: ['J4']
- Machine states:
  - Machine M1: Time=11184.00, Idle=0.00, Material=Citybike_Tretlager_gefraest
  - Machine M2: Time=11057.00, Idle=127.00, Material=Citybike_Schaltauge_bearbeitet
  - Machine M3: Time=10771.00, Idle=413.00, Material=Mountainbike_Tretlager_gefraest
==================================================

2025-06-18 13:45:47,576 - JSPGymEnvironment - INFO - Material change on machine M1: Citybike_Tretlager_gefraest -> Citybike_Bremsen_justiert, setup time: 40
2025-06-18 13:45:47,577 - JSPGymEnvironment - INFO - Executed operation: Job J4, Op 6, Machine M1, Start: 11224, End: 11246, Setup: 40
2025-06-18 13:45:47,577 - JSPGymEnvironment - INFO - 
===== REWARD DETAILS FOR STEP 200 =====
Job: J4, Operation: 6, Job Completed: False
Current Time: 11184.00 -> 11246.00, Setup Time: 40.00
Processing Time: 22.00, Idle Time: 0.00
Completed Jobs: 29/30
Machine: M1, Material: Citybike_Bremsen_justiert

REWARD COMPONENTS:
- makespan_reward: -0.3100
- setup_reward: -10.0000
- deadline_reward: 0.0000
- priority_reward: 0.0000
- critical_job_reward: 0.0000
- placement_reward: -7.0455
- timeliness_reward: -5.6000
- machine_idle_penalty: -8.3000

TOTAL REWARD: -31.2555

CUMULATIVE REWARD COMPONENTS:
- makespan_reward: -56.2300
- setup_reward: -1374.7500
- deadline_reward: -85.5266
- priority_reward: 728.0000
- critical_job_reward: 73.3926
- placement_reward: -163.8788
- timeliness_reward: -360.6428
- machine_idle_penalty: -784.5875

CUMULATIVE TOTAL: -2024.2231

CRITICAL STATE INFO:
- Valid actions: ['J4']
- Machine states:
  - Machine M1: Time=11246.00, Idle=0.00, Material=Citybike_Bremsen_justiert
  - Machine M2: Time=11057.00, Idle=189.00, Material=Citybike_Schaltauge_bearbeitet
  - Machine M3: Time=10771.00, Idle=475.00, Material=Mountainbike_Tretlager_gefraest
==================================================

2025-06-18 13:45:47,655 - JSPGymEnvironment - INFO - Material change on machine M1: Citybike_Bremsen_justiert -> Citybike_Schaltauge_bearbeitet, setup time: 40
2025-06-18 13:45:47,655 - JSPGymEnvironment - INFO - Executed operation: Job J4, Op 7, Machine M1, Start: 11286, End: 11316, Setup: 40
2025-06-18 13:45:47,655 - JSPGymEnvironment - INFO - Job J4 completed at time 11316, deadline: 2823, met: False, priority: 5
2025-06-18 13:45:47,655 - JSPGymEnvironment - INFO - 
===== REWARD DETAILS FOR STEP 201 =====
Job: J4, Operation: 7, Job Completed: True
Current Time: 11246.00 -> 11316.00, Setup Time: 40.00
Processing Time: 30.00, Idle Time: 0.00
Completed Jobs: 30/30
Machine: M1, Material: Citybike_Schaltauge_bearbeitet
Job Deadline: 2823.00 (Missed), Priority: 5

REWARD COMPONENTS:
- makespan_reward: -0.3500
- setup_reward: -10.0000
- deadline_reward: -7.5213
- priority_reward: 20.0000
- critical_job_reward: 0.0000
- placement_reward: -5.8333
- timeliness_reward: 2.4000
- machine_idle_penalty: -10.0500

TOTAL REWARD: -11.3546

CUMULATIVE REWARD COMPONENTS:
- makespan_reward: -56.5800
- setup_reward: -1384.7500
- deadline_reward: -93.0479
- priority_reward: 748.0000
- critical_job_reward: 73.3926
- placement_reward: -169.7121
- timeliness_reward: -358.2428
- machine_idle_penalty: -794.6375

CUMULATIVE TOTAL: -2035.5776

CRITICAL STATE INFO:
- Valid actions: []
- Machine states:
  - Machine M1: Time=11316.00, Idle=0.00, Material=Citybike_Schaltauge_bearbeitet
  - Machine M2: Time=11057.00, Idle=259.00, Material=Citybike_Schaltauge_bearbeitet
  - Machine M3: Time=10771.00, Idle=545.00, Material=Mountainbike_Tretlager_gefraest
==================================================

2025-06-18 13:45:47,655 - JSPGymEnvironment - INFO - Retro-Bonus für Job J4: -10.0
2025-06-18 13:45:47,656 - JSPGymEnvironment - INFO - Reward function updated with 92 insights
2025-06-18 13:45:47,656 - JSPGymEnvironment - INFO -   Material change on critical path at Job 3 Operation 0 on Machine M1 (Severity: 1.00)
2025-06-18 13:45:47,656 - JSPGymEnvironment - INFO -   Material change on critical path at Job 3 Operation 1 on Machine M2 (Severity: 1.10)
2025-06-18 13:45:47,656 - JSPGymEnvironment - INFO -   Material change on critical path at Job 3 Operation 2 on Machine M3 (Severity: 1.13)
2025-06-18 13:45:47,656 - JSPGymEnvironment - INFO -   Material change on critical path at Job 3 Operation 3 on Machine M2 (Severity: 1.10)
2025-06-18 13:45:47,656 - JSPGymEnvironment - INFO -   Material change on critical path at Job 3 Operation 4 on Machine M3 (Severity: 1.20)
2025-06-18 13:45:47,656 - JSPGymEnvironment - INFO -   Material change on critical path at Job 3 Operation 5 on Machine M1 (Severity: 0.80)
2025-06-18 13:45:47,656 - JSPGymEnvironment - INFO -   Material change on critical path at Job 3 Operation 6 on Machine M1 (Severity: 1.00)
2025-06-18 13:45:47,656 - JSPGymEnvironment - INFO -   Idle time on critical path before Job 3 Operation 6 on Machine M1 (Severity: 1.82)
2025-06-18 13:45:47,656 - JSPGymEnvironment - INFO -   Material change on critical path at Job 3 Operation 7 on Machine M1 (Severity: 1.00)
2025-06-18 13:45:47,656 - JSPGymEnvironment - INFO -   Idle time on critical path before Job 3 Operation 7 on Machine M1 (Severity: 1.33)
2025-06-18 13:45:47,656 - JSPGymEnvironment - INFO -   High priority (10) not on critical path: Job 27 Operation 0 (Severity: 1.00)
2025-06-18 13:45:47,656 - JSPGymEnvironment - INFO -   High priority (8) not on critical path: Job 0 Operation 0 (Severity: 0.33)
2025-06-18 13:45:47,656 - JSPGymEnvironment - INFO -   High priority (10) not on critical path: Job 28 Operation 0 (Severity: 1.00)
2025-06-18 13:45:47,656 - JSPGymEnvironment - INFO -   High priority (10) not on critical path: Job 20 Operation 0 (Severity: 1.00)
2025-06-18 13:45:47,657 - JSPGymEnvironment - INFO -   High priority (10) not on critical path: Job 28 Operation 1 (Severity: 1.00)
2025-06-18 13:45:47,657 - JSPGymEnvironment - INFO -   High priority (10) not on critical path: Job 20 Operation 1 (Severity: 1.00)
2025-06-18 13:45:47,657 - JSPGymEnvironment - INFO -   High priority (9) not on critical path: Job 18 Operation 0 (Severity: 0.67)
2025-06-18 13:45:47,657 - JSPGymEnvironment - INFO -   High priority (8) not on critical path: Job 5 Operation 0 (Severity: 0.33)
2025-06-18 13:45:47,657 - JSPGymEnvironment - INFO -   High priority (10) not on critical path: Job 20 Operation 2 (Severity: 1.00)
2025-06-18 13:45:47,657 - JSPGymEnvironment - INFO -   High priority (8) not on critical path: Job 0 Operation 1 (Severity: 0.33)
2025-06-18 13:45:47,657 - JSPGymEnvironment - INFO -   High priority (10) not on critical path: Job 20 Operation 3 (Severity: 1.00)
2025-06-18 13:45:47,657 - JSPGymEnvironment - INFO -   High priority (9) not on critical path: Job 14 Operation 0 (Severity: 0.67)
2025-06-18 13:45:47,657 - JSPGymEnvironment - INFO -   High priority (9) not on critical path: Job 14 Operation 1 (Severity: 0.67)
2025-06-18 13:45:47,657 - JSPGymEnvironment - INFO -   High priority (9) not on critical path: Job 14 Operation 2 (Severity: 0.67)
2025-06-18 13:45:47,657 - JSPGymEnvironment - INFO -   High priority (9) not on critical path: Job 26 Operation 0 (Severity: 0.67)
2025-06-18 13:45:47,657 - JSPGymEnvironment - INFO -   High priority (10) not on critical path: Job 28 Operation 2 (Severity: 1.00)
2025-06-18 13:45:47,657 - JSPGymEnvironment - INFO -   High priority (10) not on critical path: Job 27 Operation 1 (Severity: 1.00)
2025-06-18 13:45:47,657 - JSPGymEnvironment - INFO -   High priority (9) not on critical path: Job 16 Operation 0 (Severity: 0.67)
2025-06-18 13:45:47,657 - JSPGymEnvironment - INFO -   High priority (9) not on critical path: Job 18 Operation 1 (Severity: 0.67)
2025-06-18 13:45:47,657 - JSPGymEnvironment - INFO -   High priority (10) not on critical path: Job 28 Operation 3 (Severity: 1.00)
2025-06-18 13:45:47,657 - JSPGymEnvironment - INFO -   High priority (9) not on critical path: Job 23 Operation 0 (Severity: 0.67)
2025-06-18 13:45:47,657 - JSPGymEnvironment - INFO -   High priority (10) not on critical path: Job 28 Operation 4 (Severity: 1.00)
2025-06-18 13:45:47,657 - JSPGymEnvironment - INFO -   High priority (9) not on critical path: Job 26 Operation 1 (Severity: 0.67)
2025-06-18 13:45:47,657 - JSPGymEnvironment - INFO -   High priority (9) not on critical path: Job 14 Operation 3 (Severity: 0.67)
2025-06-18 13:45:47,657 - JSPGymEnvironment - INFO -   High priority (9) not on critical path: Job 14 Operation 4 (Severity: 0.67)
2025-06-18 13:45:47,657 - JSPGymEnvironment - INFO -   High priority (10) not on critical path: Job 25 Operation 0 (Severity: 1.00)
2025-06-18 13:45:47,657 - JSPGymEnvironment - INFO -   High priority (9) not on critical path: Job 18 Operation 2 (Severity: 0.67)
2025-06-18 13:45:47,657 - JSPGymEnvironment - INFO -   High priority (8) not on critical path: Job 15 Operation 0 (Severity: 0.33)
2025-06-18 13:45:47,657 - JSPGymEnvironment - INFO -   High priority (9) not on critical path: Job 23 Operation 1 (Severity: 0.67)
2025-06-18 13:45:47,657 - JSPGymEnvironment - INFO -   High priority (10) not on critical path: Job 20 Operation 4 (Severity: 1.00)
2025-06-18 13:45:47,657 - JSPGymEnvironment - INFO -   High priority (9) not on critical path: Job 1 Operation 0 (Severity: 0.67)
2025-06-18 13:45:47,657 - JSPGymEnvironment - INFO -   High priority (9) not on critical path: Job 23 Operation 2 (Severity: 0.67)
2025-06-18 13:45:47,657 - JSPGymEnvironment - INFO -   High priority (8) not on critical path: Job 0 Operation 2 (Severity: 0.33)
2025-06-18 13:45:47,657 - JSPGymEnvironment - INFO -   High priority (10) not on critical path: Job 27 Operation 2 (Severity: 1.00)
2025-06-18 13:45:47,657 - JSPGymEnvironment - INFO -   High priority (8) not on critical path: Job 0 Operation 3 (Severity: 0.33)
2025-06-18 13:45:47,657 - JSPGymEnvironment - INFO -   High priority (8) not on critical path: Job 0 Operation 4 (Severity: 0.33)
2025-06-18 13:45:47,657 - JSPGymEnvironment - INFO -   High priority (9) not on critical path: Job 1 Operation 1 (Severity: 0.67)
2025-06-18 13:45:47,657 - JSPGymEnvironment - INFO -   High priority (9) not on critical path: Job 18 Operation 3 (Severity: 0.67)
2025-06-18 13:45:47,657 - JSPGymEnvironment - INFO -   High priority (9) not on critical path: Job 23 Operation 3 (Severity: 0.67)
2025-06-18 13:45:47,657 - JSPGymEnvironment - INFO -   High priority (9) not on critical path: Job 16 Operation 1 (Severity: 0.67)
2025-06-18 13:45:47,657 - JSPGymEnvironment - INFO -   High priority (8) not on critical path: Job 0 Operation 5 (Severity: 0.33)
2025-06-18 13:45:47,657 - JSPGymEnvironment - INFO -   High priority (8) not on critical path: Job 0 Operation 6 (Severity: 0.33)
2025-06-18 13:45:47,657 - JSPGymEnvironment - INFO -   High priority (9) not on critical path: Job 26 Operation 2 (Severity: 0.67)
2025-06-18 13:45:47,657 - JSPGymEnvironment - INFO -   High priority (10) not on critical path: Job 25 Operation 1 (Severity: 1.00)
2025-06-18 13:45:47,657 - JSPGymEnvironment - INFO -   High priority (9) not on critical path: Job 23 Operation 4 (Severity: 0.67)
2025-06-18 13:45:47,657 - JSPGymEnvironment - INFO -   High priority (8) not on critical path: Job 5 Operation 1 (Severity: 0.33)
2025-06-18 13:45:47,658 - JSPGymEnvironment - INFO -   High priority (9) not on critical path: Job 18 Operation 4 (Severity: 0.67)
2025-06-18 13:45:47,658 - JSPGymEnvironment - INFO -   High priority (9) not on critical path: Job 18 Operation 5 (Severity: 0.67)
2025-06-18 13:45:47,658 - JSPGymEnvironment - INFO -   High priority (9) not on critical path: Job 23 Operation 5 (Severity: 0.67)
2025-06-18 13:45:47,658 - JSPGymEnvironment - INFO -   High priority (8) not on critical path: Job 0 Operation 7 (Severity: 0.33)
2025-06-18 13:45:47,658 - JSPGymEnvironment - INFO -   High priority (9) not on critical path: Job 18 Operation 6 (Severity: 0.67)
2025-06-18 13:45:47,658 - JSPGymEnvironment - INFO -   High priority (9) not on critical path: Job 1 Operation 2 (Severity: 0.67)
2025-06-18 13:45:47,658 - JSPGymEnvironment - INFO -   High priority (8) not on critical path: Job 15 Operation 1 (Severity: 0.33)
2025-06-18 13:45:47,658 - JSPGymEnvironment - INFO -   High priority (8) not on critical path: Job 15 Operation 2 (Severity: 0.33)
2025-06-18 13:45:47,658 - JSPGymEnvironment - INFO -   High priority (9) not on critical path: Job 23 Operation 6 (Severity: 0.67)
2025-06-18 13:45:47,658 - JSPGymEnvironment - INFO -   High priority (9) not on critical path: Job 16 Operation 2 (Severity: 0.67)
2025-06-18 13:45:47,658 - JSPGymEnvironment - INFO -   High priority (9) not on critical path: Job 1 Operation 3 (Severity: 0.67)
2025-06-18 13:45:47,658 - JSPGymEnvironment - INFO -   High priority (8) not on critical path: Job 5 Operation 2 (Severity: 0.33)
2025-06-18 13:45:47,658 - JSPGymEnvironment - INFO -   High priority (9) not on critical path: Job 26 Operation 3 (Severity: 0.67)
2025-06-18 13:45:47,658 - JSPGymEnvironment - INFO -   High priority (9) not on critical path: Job 1 Operation 4 (Severity: 0.67)
2025-06-18 13:45:47,658 - JSPGymEnvironment - INFO -   High priority (10) not on critical path: Job 25 Operation 2 (Severity: 1.00)
2025-06-18 13:45:47,658 - JSPGymEnvironment - INFO -   High priority (10) not on critical path: Job 27 Operation 3 (Severity: 1.00)
2025-06-18 13:45:47,658 - JSPGymEnvironment - INFO -   High priority (9) not on critical path: Job 16 Operation 3 (Severity: 0.67)
2025-06-18 13:45:47,658 - JSPGymEnvironment - INFO -   High priority (9) not on critical path: Job 26 Operation 4 (Severity: 0.67)
2025-06-18 13:45:47,658 - JSPGymEnvironment - INFO -   High priority (10) not on critical path: Job 25 Operation 3 (Severity: 1.00)
2025-06-18 13:45:47,658 - JSPGymEnvironment - INFO -   High priority (9) not on critical path: Job 1 Operation 5 (Severity: 0.67)
2025-06-18 13:45:47,658 - JSPGymEnvironment - INFO -   High priority (8) not on critical path: Job 15 Operation 3 (Severity: 0.33)
2025-06-18 13:45:47,658 - JSPGymEnvironment - INFO -   High priority (10) not on critical path: Job 27 Operation 4 (Severity: 1.00)
2025-06-18 13:45:47,658 - JSPGymEnvironment - INFO -   High priority (10) not on critical path: Job 27 Operation 5 (Severity: 1.00)
2025-06-18 13:45:47,658 - JSPGymEnvironment - INFO -   High priority (8) not on critical path: Job 5 Operation 3 (Severity: 0.33)
2025-06-18 13:45:47,658 - JSPGymEnvironment - INFO -   High priority (10) not on critical path: Job 27 Operation 6 (Severity: 1.00)
2025-06-18 13:45:47,658 - JSPGymEnvironment - INFO -   High priority (9) not on critical path: Job 16 Operation 4 (Severity: 0.67)
2025-06-18 13:45:47,658 - JSPGymEnvironment - INFO -   High priority (9) not on critical path: Job 1 Operation 6 (Severity: 0.67)
2025-06-18 13:45:47,658 - JSPGymEnvironment - INFO -   High priority (10) not on critical path: Job 25 Operation 4 (Severity: 1.00)
2025-06-18 13:45:47,658 - JSPGymEnvironment - INFO -   High priority (10) not on critical path: Job 27 Operation 7 (Severity: 1.00)
2025-06-18 13:45:47,658 - JSPGymEnvironment - INFO -   High priority (10) not on critical path: Job 25 Operation 5 (Severity: 1.00)
2025-06-18 13:45:47,658 - JSPGymEnvironment - INFO -   High priority (8) not on critical path: Job 15 Operation 4 (Severity: 0.33)
2025-06-18 13:45:47,658 - JSPGymEnvironment - INFO -   High priority (8) not on critical path: Job 5 Operation 4 (Severity: 0.33)
2025-06-18 13:45:47,658 - JSPGymEnvironment - INFO -   High priority (8) not on critical path: Job 5 Operation 5 (Severity: 0.33)
2025-06-18 13:45:47,658 - JSPGymEnvironment - INFO -   High priority (8) not on critical path: Job 5 Operation 6 (Severity: 0.33)
2025-06-18 13:45:47,658 - JSPGymEnvironment - INFO -   High priority (10) not on critical path: Job 25 Operation 6 (Severity: 1.00)
2025-06-18 13:45:47,658 - JSPGymEnvironment - INFO -   High priority (9) not on critical path: Job 16 Operation 5 (Severity: 0.67)
2025-06-18 13:45:47,658 - JSPGymEnvironment - INFO - Episode completed. Critical path: 8 operations, Suboptimal placements: 92
2025-06-18 13:45:47,658 - JSPGymEnvironment - INFO - Reward components: {'makespan_reward': -0.35000000000000003, 'setup_reward': -10.0, 'deadline_reward': -7.52125398512221, 'priority_reward': 20.0, 'critical_job_reward': 0.0, 'placement_reward': -5.833333333333332, 'timeliness_reward': 2.4, 'machine_idle_penalty': -10.05}
