2025-06-19 11:27:39,688 - JSPGymEnvironment - INFO - Environment reset
2025-06-19 11:27:39,711 - JSPGymEnvironment - INFO - Environment reset
2025-06-19 11:27:39,720 - JSPGymEnvironment - INFO - Material change on machine M3:  -> E-Bike_Rahmen_komplettiert, setup time: 0
2025-06-19 11:27:39,720 - JSPGymEnvironment - INFO - Executed operation: Job J3, Op 0, Machine M3, Start: 0, End: 38, Setup: 0
2025-06-19 11:27:39,720 - JSPGymEnvironment - INFO - 
===== REWARD DETAILS FOR STEP 1 =====
Job: J3, Operation: 0, Job Completed: False
Current Time: 0.00 -> 38.00, Setup Time: 0.00
Processing Time: 38.00, Idle Time: 0.00
Completed Jobs: 0/10
Machine: M3, Material: E-Bike_Rahmen_komplettiert

REWARD COMPONENTS:
- makespan_reward: -0.1900
- setup_reward: 0.0000
- deadline_reward: 0.0000
- priority_reward: 0.0000
- critical_job_reward: 0.5000
- placement_reward: 0.0000
- timeliness_reward: 9.1770
- machine_idle_penalty: -1.0500

TOTAL REWARD: 8.4370

CUMULATIVE REWARD COMPONENTS:
- makespan_reward: -0.1900
- setup_reward: 0.0000
- deadline_reward: 0.0000
- priority_reward: 0.0000
- critical_job_reward: 0.5000
- placement_reward: 0.0000
- timeliness_reward: 9.1770
- machine_idle_penalty: -1.0500

CUMULATIVE TOTAL: 8.4370

CRITICAL STATE INFO:
- Valid actions: ['J1', 'J2', 'J3', 'J4', 'J5', 'J6', 'J7', 'J8', 'J9', 'J10']
- Machine states:
  - Machine M1: Time=0.00, Idle=38.00, Material=None
  - Machine M2: Time=0.00, Idle=38.00, Material=None
  - Machine M3: Time=38.00, Idle=0.00, Material=E-Bike_Rahmen_komplettiert
==================================================

2025-06-19 11:27:39,724 - JSPGymEnvironment - INFO - Material change on machine M2:  -> Mountainbike_Laufraeder_montiert, setup time: 0
2025-06-19 11:27:39,724 - JSPGymEnvironment - INFO - Executed operation: Job J2, Op 0, Machine M2, Start: 38, End: 54, Setup: 0
2025-06-19 11:27:39,724 - JSPGymEnvironment - INFO - 
===== REWARD DETAILS FOR STEP 2 =====
Job: J2, Operation: 0, Job Completed: False
Current Time: 38.00 -> 54.00, Setup Time: 0.00
Processing Time: 16.00, Idle Time: 0.00
Completed Jobs: 0/10
Machine: M2, Material: Mountainbike_Laufraeder_montiert

REWARD COMPONENTS:
- makespan_reward: -0.0800
- setup_reward: 0.0000
- deadline_reward: 0.0000
- priority_reward: 0.0000
- critical_job_reward: 0.0000
- placement_reward: 0.0000
- timeliness_reward: 9.1780
- machine_idle_penalty: -0.9250

TOTAL REWARD: 8.1730

CUMULATIVE REWARD COMPONENTS:
- makespan_reward: -0.2700
- setup_reward: 0.0000
- deadline_reward: 0.0000
- priority_reward: 0.0000
- critical_job_reward: 0.5000
- placement_reward: 0.0000
- timeliness_reward: 18.3550
- machine_idle_penalty: -1.9750

CUMULATIVE TOTAL: 16.6100

CRITICAL STATE INFO:
- Valid actions: ['J1', 'J2', 'J3', 'J4', 'J5', 'J6', 'J7', 'J8', 'J9', 'J10']
- Machine states:
  - Machine M1: Time=0.00, Idle=54.00, Material=None
  - Machine M2: Time=54.00, Idle=0.00, Material=Mountainbike_Laufraeder_montiert
  - Machine M3: Time=38.00, Idle=16.00, Material=E-Bike_Rahmen_komplettiert
==================================================

2025-06-19 11:27:39,727 - JSPGymEnvironment - INFO - Material change on machine M3: E-Bike_Rahmen_komplettiert -> Mountainbike_Rahmen_komplettiert, setup time: 24
2025-06-19 11:27:39,728 - JSPGymEnvironment - INFO - Executed operation: Job J2, Op 1, Machine M3, Start: 78, End: 138, Setup: 24
2025-06-19 11:27:39,728 - JSPGymEnvironment - INFO - 
===== REWARD DETAILS FOR STEP 3 =====
Job: J2, Operation: 1, Job Completed: False
Current Time: 54.00 -> 138.00, Setup Time: 24.00
Processing Time: 60.00, Idle Time: 0.00
Completed Jobs: 0/10
Machine: M3, Material: Mountainbike_Rahmen_komplettiert

REWARD COMPONENTS:
- makespan_reward: -0.4200
- setup_reward: -6.0000
- deadline_reward: 0.0000
- priority_reward: 0.0000
- critical_job_reward: 0.0000
- placement_reward: 0.0000
- timeliness_reward: 9.2041
- machine_idle_penalty: -2.8750

TOTAL REWARD: -0.0909

CUMULATIVE REWARD COMPONENTS:
- makespan_reward: -0.6900
- setup_reward: -6.0000
- deadline_reward: 0.0000
- priority_reward: 0.0000
- critical_job_reward: 0.5000
- placement_reward: 0.0000
- timeliness_reward: 27.5592
- machine_idle_penalty: -4.8500

CUMULATIVE TOTAL: 16.5192

CRITICAL STATE INFO:
- Valid actions: ['J1', 'J2', 'J3', 'J4', 'J5', 'J6', 'J7', 'J8', 'J9', 'J10']
- Machine states:
  - Machine M1: Time=0.00, Idle=138.00, Material=None
  - Machine M2: Time=54.00, Idle=84.00, Material=Mountainbike_Laufraeder_montiert
  - Machine M3: Time=138.00, Idle=0.00, Material=Mountainbike_Rahmen_komplettiert
==================================================

2025-06-19 11:27:39,731 - JSPGymEnvironment - INFO - Material change on machine M2: Mountainbike_Laufraeder_montiert -> Racebike_Tretlageraufnahme_geschweisst, setup time: 24
2025-06-19 11:27:39,731 - JSPGymEnvironment - INFO - Executed operation: Job J10, Op 0, Machine M2, Start: 162, End: 176, Setup: 24
2025-06-19 11:27:39,732 - JSPGymEnvironment - INFO - 
===== REWARD DETAILS FOR STEP 4 =====
Job: J10, Operation: 0, Job Completed: False
Current Time: 138.00 -> 176.00, Setup Time: 24.00
Processing Time: 14.00, Idle Time: 0.00
Completed Jobs: 0/10
Machine: M2, Material: Racebike_Tretlageraufnahme_geschweisst

REWARD COMPONENTS:
- makespan_reward: -0.1900
- setup_reward: -6.0000
- deadline_reward: 0.0000
- priority_reward: 0.0000
- critical_job_reward: 0.5000
- placement_reward: 0.0000
- timeliness_reward: 9.2154
- machine_idle_penalty: -2.7250

TOTAL REWARD: 0.8004

CUMULATIVE REWARD COMPONENTS:
- makespan_reward: -0.8800
- setup_reward: -12.0000
- deadline_reward: 0.0000
- priority_reward: 0.0000
- critical_job_reward: 1.0000
- placement_reward: 0.0000
- timeliness_reward: 36.7745
- machine_idle_penalty: -7.5750

CUMULATIVE TOTAL: 17.3195

CRITICAL STATE INFO:
- Valid actions: ['J1', 'J2', 'J3', 'J4', 'J5', 'J6', 'J7', 'J8', 'J9', 'J10']
- Machine states:
  - Machine M1: Time=0.00, Idle=176.00, Material=None
  - Machine M2: Time=176.00, Idle=0.00, Material=Racebike_Tretlageraufnahme_geschweisst
  - Machine M3: Time=138.00, Idle=38.00, Material=Mountainbike_Rahmen_komplettiert
==================================================

2025-06-19 11:27:39,735 - JSPGymEnvironment - INFO - Material change on machine M2: Racebike_Tretlageraufnahme_geschweisst -> Mountainbike_Steuerrohr_ausgerieben, setup time: 19
2025-06-19 11:27:39,735 - JSPGymEnvironment - INFO - Executed operation: Job J2, Op 2, Machine M2, Start: 195, End: 225, Setup: 19
2025-06-19 11:27:39,735 - JSPGymEnvironment - INFO - 
===== REWARD DETAILS FOR STEP 5 =====
Job: J2, Operation: 2, Job Completed: False
Current Time: 176.00 -> 225.00, Setup Time: 19.00
Processing Time: 30.00, Idle Time: 0.00
Completed Jobs: 0/10
Machine: M2, Material: Mountainbike_Steuerrohr_ausgerieben

REWARD COMPONENTS:
- makespan_reward: -0.2450
- setup_reward: -4.7500
- deadline_reward: 0.0000
- priority_reward: 0.0000
- critical_job_reward: 0.0000
- placement_reward: 0.0000
- timeliness_reward: 9.2293
- machine_idle_penalty: -3.9500

TOTAL REWARD: 0.2843

CUMULATIVE REWARD COMPONENTS:
- makespan_reward: -1.1250
- setup_reward: -16.7500
- deadline_reward: 0.0000
- priority_reward: 0.0000
- critical_job_reward: 1.0000
- placement_reward: 0.0000
- timeliness_reward: 46.0039
- machine_idle_penalty: -11.5250

CUMULATIVE TOTAL: 17.6039

CRITICAL STATE INFO:
- Valid actions: ['J1', 'J2', 'J3', 'J4', 'J5', 'J6', 'J7', 'J8', 'J9', 'J10']
- Machine states:
  - Machine M1: Time=0.00, Idle=225.00, Material=None
  - Machine M2: Time=225.00, Idle=0.00, Material=Mountainbike_Steuerrohr_ausgerieben
  - Machine M3: Time=138.00, Idle=87.00, Material=Mountainbike_Rahmen_komplettiert
==================================================

2025-06-19 11:27:39,739 - JSPGymEnvironment - INFO - Material change on machine M2: Mountainbike_Steuerrohr_ausgerieben -> Mountainbike_Tretlager_gefraest, setup time: 20
2025-06-19 11:27:39,739 - JSPGymEnvironment - INFO - Executed operation: Job J2, Op 3, Machine M2, Start: 245, End: 274, Setup: 20
2025-06-19 11:27:39,739 - JSPGymEnvironment - INFO - 
===== REWARD DETAILS FOR STEP 6 =====
Job: J2, Operation: 3, Job Completed: False
Current Time: 225.00 -> 274.00, Setup Time: 20.00
Processing Time: 29.00, Idle Time: 0.00
Completed Jobs: 0/10
Machine: M2, Material: Mountainbike_Tretlager_gefraest

REWARD COMPONENTS:
- makespan_reward: -0.2450
- setup_reward: -5.0000
- deadline_reward: 0.0000
- priority_reward: 0.0000
- critical_job_reward: 0.0000
- placement_reward: 0.0000
- timeliness_reward: 9.2425
- machine_idle_penalty: -5.2250

TOTAL REWARD: -1.2275

CUMULATIVE REWARD COMPONENTS:
- makespan_reward: -1.3700
- setup_reward: -21.7500
- deadline_reward: 0.0000
- priority_reward: 0.0000
- critical_job_reward: 1.0000
- placement_reward: 0.0000
- timeliness_reward: 55.2464
- machine_idle_penalty: -16.7500

CUMULATIVE TOTAL: 16.3764

CRITICAL STATE INFO:
- Valid actions: ['J1', 'J2', 'J3', 'J4', 'J5', 'J6', 'J7', 'J8', 'J9', 'J10']
- Machine states:
  - Machine M1: Time=0.00, Idle=274.00, Material=None
  - Machine M2: Time=274.00, Idle=0.00, Material=Mountainbike_Tretlager_gefraest
  - Machine M3: Time=138.00, Idle=136.00, Material=Mountainbike_Rahmen_komplettiert
==================================================

2025-06-19 11:27:39,742 - JSPGymEnvironment - INFO - Material change on machine M2: Mountainbike_Tretlager_gefraest -> Racebike_Bremsaufnahme_gebohrt, setup time: 24
2025-06-19 11:27:39,742 - JSPGymEnvironment - INFO - Executed operation: Job J1, Op 0, Machine M2, Start: 298, End: 308, Setup: 24
2025-06-19 11:27:39,742 - JSPGymEnvironment - INFO - 
===== REWARD DETAILS FOR STEP 7 =====
Job: J1, Operation: 0, Job Completed: False
Current Time: 274.00 -> 308.00, Setup Time: 24.00
Processing Time: 10.00, Idle Time: 0.00
Completed Jobs: 0/10
Machine: M2, Material: Racebike_Bremsaufnahme_gebohrt

REWARD COMPONENTS:
- makespan_reward: -0.1700
- setup_reward: -6.0000
- deadline_reward: 0.0000
- priority_reward: 0.0000
- critical_job_reward: 0.5000
- placement_reward: 0.0000
- timeliness_reward: 9.2511
- machine_idle_penalty: -6.0750

TOTAL REWARD: -2.4939

CUMULATIVE REWARD COMPONENTS:
- makespan_reward: -1.5400
- setup_reward: -27.7500
- deadline_reward: 0.0000
- priority_reward: 0.0000
- critical_job_reward: 1.5000
- placement_reward: 0.0000
- timeliness_reward: 64.4976
- machine_idle_penalty: -22.8250

CUMULATIVE TOTAL: 13.8826

CRITICAL STATE INFO:
- Valid actions: ['J1', 'J2', 'J3', 'J4', 'J5', 'J6', 'J7', 'J8', 'J9', 'J10']
- Machine states:
  - Machine M1: Time=0.00, Idle=308.00, Material=None
  - Machine M2: Time=308.00, Idle=0.00, Material=Racebike_Bremsaufnahme_gebohrt
  - Machine M3: Time=138.00, Idle=170.00, Material=Mountainbike_Rahmen_komplettiert
==================================================

2025-06-19 11:27:39,745 - JSPGymEnvironment - INFO - Material change on machine M3: Mountainbike_Rahmen_komplettiert -> Racebike_Steuerrohr_montiert, setup time: 19
2025-06-19 11:27:39,745 - JSPGymEnvironment - INFO - Executed operation: Job J1, Op 1, Machine M3, Start: 327, End: 386, Setup: 19
2025-06-19 11:27:39,746 - JSPGymEnvironment - INFO - 
===== REWARD DETAILS FOR STEP 8 =====
Job: J1, Operation: 1, Job Completed: False
Current Time: 308.00 -> 386.00, Setup Time: 19.00
Processing Time: 59.00, Idle Time: 0.00
Completed Jobs: 0/10
Machine: M3, Material: Racebike_Steuerrohr_montiert

REWARD COMPONENTS:
- makespan_reward: -0.3900
- setup_reward: -4.7500
- deadline_reward: 0.0000
- priority_reward: 0.0000
- critical_job_reward: 0.5000
- placement_reward: 0.0000
- timeliness_reward: 9.2695
- machine_idle_penalty: -5.8500

TOTAL REWARD: -1.2205

CUMULATIVE REWARD COMPONENTS:
- makespan_reward: -1.9300
- setup_reward: -32.5000
- deadline_reward: 0.0000
- priority_reward: 0.0000
- critical_job_reward: 2.0000
- placement_reward: 0.0000
- timeliness_reward: 73.7670
- machine_idle_penalty: -28.6750

CUMULATIVE TOTAL: 12.6620

CRITICAL STATE INFO:
- Valid actions: ['J1', 'J2', 'J3', 'J4', 'J5', 'J6', 'J7', 'J8', 'J9', 'J10']
- Machine states:
  - Machine M1: Time=0.00, Idle=386.00, Material=None
  - Machine M2: Time=308.00, Idle=78.00, Material=Racebike_Bremsaufnahme_gebohrt
  - Machine M3: Time=386.00, Idle=0.00, Material=Racebike_Steuerrohr_montiert
==================================================

2025-06-19 11:27:39,748 - JSPGymEnvironment - INFO - Material change on machine M3: Racebike_Steuerrohr_montiert -> Mountainbike_Bremsaufnahme_gebohrt, setup time: 14
2025-06-19 11:27:39,748 - JSPGymEnvironment - INFO - Executed operation: Job J2, Op 4, Machine M3, Start: 400, End: 426, Setup: 14
2025-06-19 11:27:39,749 - JSPGymEnvironment - INFO - Job J2 completed at time 426, deadline: 2878, met: True, priority: 2
2025-06-19 11:27:39,749 - JSPGymEnvironment - INFO - 
===== REWARD DETAILS FOR STEP 9 =====
Job: J2, Operation: 4, Job Completed: True
Current Time: 386.00 -> 426.00, Setup Time: 14.00
Processing Time: 26.00, Idle Time: 0.00
Completed Jobs: 1/10
Machine: M3, Material: Mountainbike_Bremsaufnahme_gebohrt
Job Deadline: 2878.00 (Met), Priority: 2

REWARD COMPONENTS:
- makespan_reward: -0.2000
- setup_reward: -3.5000
- deadline_reward: 20.0000
- priority_reward: 8.0000
- critical_job_reward: 0.0000
- placement_reward: 0.0000
- timeliness_reward: 9.2780
- machine_idle_penalty: -6.8500

TOTAL REWARD: 26.7280

CUMULATIVE REWARD COMPONENTS:
- makespan_reward: -2.1300
- setup_reward: -36.0000
- deadline_reward: 20.0000
- priority_reward: 8.0000
- critical_job_reward: 2.0000
- placement_reward: 0.0000
- timeliness_reward: 83.0450
- machine_idle_penalty: -35.5250

CUMULATIVE TOTAL: 39.3900

CRITICAL STATE INFO:
- Valid actions: ['J1', 'J3', 'J4', 'J5', 'J6', 'J7', 'J8', 'J9', 'J10']
- Machine states:
  - Machine M1: Time=0.00, Idle=426.00, Material=None
  - Machine M2: Time=308.00, Idle=118.00, Material=Racebike_Bremsaufnahme_gebohrt
  - Machine M3: Time=426.00, Idle=0.00, Material=Mountainbike_Bremsaufnahme_gebohrt
==================================================

2025-06-19 11:27:39,749 - JSPGymEnvironment - INFO - Retro-Bonus für Job J2: +10.0
2025-06-19 11:27:39,752 - JSPGymEnvironment - INFO - Material change on machine M1:  -> Mountainbike_Rahmen_nachbearbeitet, setup time: 0
2025-06-19 11:27:39,752 - JSPGymEnvironment - INFO - Executed operation: Job J5, Op 0, Machine M1, Start: 426, End: 462, Setup: 0
2025-06-19 11:27:39,752 - JSPGymEnvironment - INFO - 
===== REWARD DETAILS FOR STEP 10 =====
Job: J5, Operation: 0, Job Completed: False
Current Time: 426.00 -> 462.00, Setup Time: 0.00
Processing Time: 36.00, Idle Time: 0.00
Completed Jobs: 1/10
Machine: M1, Material: Mountainbike_Rahmen_nachbearbeitet

REWARD COMPONENTS:
- makespan_reward: -0.1800
- setup_reward: 0.0000
- deadline_reward: 0.0000
- priority_reward: 0.0000
- critical_job_reward: 0.0000
- placement_reward: 0.0000
- timeliness_reward: 9.2882
- machine_idle_penalty: -2.3750

TOTAL REWARD: 6.7332

CUMULATIVE REWARD COMPONENTS:
- makespan_reward: -2.3100
- setup_reward: -36.0000
- deadline_reward: 20.0000
- priority_reward: 8.0000
- critical_job_reward: 2.0000
- placement_reward: 0.0000
- timeliness_reward: 92.3332
- machine_idle_penalty: -37.9000

CUMULATIVE TOTAL: 46.1232

CRITICAL STATE INFO:
- Valid actions: ['J1', 'J3', 'J4', 'J5', 'J6', 'J7', 'J8', 'J9', 'J10']
- Machine states:
  - Machine M1: Time=462.00, Idle=0.00, Material=Mountainbike_Rahmen_nachbearbeitet
  - Machine M2: Time=308.00, Idle=154.00, Material=Racebike_Bremsaufnahme_gebohrt
  - Machine M3: Time=426.00, Idle=36.00, Material=Mountainbike_Bremsaufnahme_gebohrt
==================================================

2025-06-19 11:27:39,755 - JSPGymEnvironment - INFO - Material change on machine M2: Racebike_Bremsaufnahme_gebohrt -> Citybike_Hinterbau_vorbereitet, setup time: 16
2025-06-19 11:27:39,755 - JSPGymEnvironment - INFO - Executed operation: Job J9, Op 0, Machine M2, Start: 478, End: 489, Setup: 16
2025-06-19 11:27:39,755 - JSPGymEnvironment - INFO - 
===== REWARD DETAILS FOR STEP 11 =====
Job: J9, Operation: 0, Job Completed: False
Current Time: 462.00 -> 489.00, Setup Time: 16.00
Processing Time: 11.00, Idle Time: 0.00
Completed Jobs: 1/10
Machine: M2, Material: Citybike_Hinterbau_vorbereitet

REWARD COMPONENTS:
- makespan_reward: -0.1350
- setup_reward: -4.0000
- deadline_reward: 0.0000
- priority_reward: 0.0000
- critical_job_reward: 0.0000
- placement_reward: 0.0000
- timeliness_reward: 9.2896
- machine_idle_penalty: -1.1250

TOTAL REWARD: 4.0296

CUMULATIVE REWARD COMPONENTS:
- makespan_reward: -2.4450
- setup_reward: -40.0000
- deadline_reward: 20.0000
- priority_reward: 8.0000
- critical_job_reward: 2.0000
- placement_reward: 0.0000
- timeliness_reward: 101.6228
- machine_idle_penalty: -39.0250

CUMULATIVE TOTAL: 50.1528

CRITICAL STATE INFO:
- Valid actions: ['J1', 'J3', 'J4', 'J5', 'J6', 'J7', 'J8', 'J9', 'J10']
- Machine states:
  - Machine M1: Time=462.00, Idle=27.00, Material=Mountainbike_Rahmen_nachbearbeitet
  - Machine M2: Time=489.00, Idle=0.00, Material=Citybike_Hinterbau_vorbereitet
  - Machine M3: Time=426.00, Idle=63.00, Material=Mountainbike_Bremsaufnahme_gebohrt
==================================================

2025-06-19 11:27:39,758 - JSPGymEnvironment - INFO - Material change on machine M3: Mountainbike_Bremsaufnahme_gebohrt -> Racebike_Hauptrahmen_zugeschnitten, setup time: 19
2025-06-19 11:27:39,758 - JSPGymEnvironment - INFO - Executed operation: Job J1, Op 2, Machine M3, Start: 508, End: 553, Setup: 19
2025-06-19 11:27:39,758 - JSPGymEnvironment - INFO - 
===== REWARD DETAILS FOR STEP 12 =====
Job: J1, Operation: 2, Job Completed: False
Current Time: 489.00 -> 553.00, Setup Time: 19.00
Processing Time: 45.00, Idle Time: 0.00
Completed Jobs: 1/10
Machine: M3, Material: Racebike_Hauptrahmen_zugeschnitten

REWARD COMPONENTS:
- makespan_reward: -0.3200
- setup_reward: -4.7500
- deadline_reward: 0.0000
- priority_reward: 0.0000
- critical_job_reward: 0.5000
- placement_reward: 0.0000
- timeliness_reward: 9.2993
- machine_idle_penalty: -1.9375

TOTAL REWARD: 2.7918

CUMULATIVE REWARD COMPONENTS:
- makespan_reward: -2.7650
- setup_reward: -44.7500
- deadline_reward: 20.0000
- priority_reward: 8.0000
- critical_job_reward: 2.5000
- placement_reward: 0.0000
- timeliness_reward: 110.9221
- machine_idle_penalty: -40.9625

CUMULATIVE TOTAL: 52.9446

CRITICAL STATE INFO:
- Valid actions: ['J1', 'J3', 'J4', 'J5', 'J6', 'J7', 'J8', 'J9', 'J10']
- Machine states:
  - Machine M1: Time=462.00, Idle=91.00, Material=Mountainbike_Rahmen_nachbearbeitet
  - Machine M2: Time=489.00, Idle=64.00, Material=Citybike_Hinterbau_vorbereitet
  - Machine M3: Time=553.00, Idle=0.00, Material=Racebike_Hauptrahmen_zugeschnitten
==================================================

2025-06-19 11:27:39,760 - JSPGymEnvironment - INFO - Material change on machine M2: Citybike_Hinterbau_vorbereitet -> E-Bike_Antrieb_installiert, setup time: 21
2025-06-19 11:27:39,760 - JSPGymEnvironment - INFO - Executed operation: Job J3, Op 1, Machine M2, Start: 574, End: 585, Setup: 21
2025-06-19 11:27:39,761 - JSPGymEnvironment - INFO - 
===== REWARD DETAILS FOR STEP 13 =====
Job: J3, Operation: 1, Job Completed: False
Current Time: 553.00 -> 585.00, Setup Time: 21.00
Processing Time: 11.00, Idle Time: 0.00
Completed Jobs: 1/10
Machine: M2, Material: E-Bike_Antrieb_installiert

REWARD COMPONENTS:
- makespan_reward: -0.1600
- setup_reward: -5.2500
- deadline_reward: 0.0000
- priority_reward: 0.0000
- critical_job_reward: 0.5000
- placement_reward: 0.0000
- timeliness_reward: 9.3672
- machine_idle_penalty: -1.9375

TOTAL REWARD: 2.5197

CUMULATIVE REWARD COMPONENTS:
- makespan_reward: -2.9250
- setup_reward: -50.0000
- deadline_reward: 20.0000
- priority_reward: 8.0000
- critical_job_reward: 3.0000
- placement_reward: 0.0000
- timeliness_reward: 120.2893
- machine_idle_penalty: -42.9000

CUMULATIVE TOTAL: 55.4643

CRITICAL STATE INFO:
- Valid actions: ['J1', 'J3', 'J4', 'J5', 'J6', 'J7', 'J8', 'J9', 'J10']
- Machine states:
  - Machine M1: Time=462.00, Idle=123.00, Material=Mountainbike_Rahmen_nachbearbeitet
  - Machine M2: Time=585.00, Idle=0.00, Material=E-Bike_Antrieb_installiert
  - Machine M3: Time=553.00, Idle=32.00, Material=Racebike_Hauptrahmen_zugeschnitten
==================================================

2025-06-19 11:27:39,764 - JSPGymEnvironment - INFO - Material change on machine M2: E-Bike_Antrieb_installiert -> Mountainbike_Steuerrohr_montiert, setup time: 24
2025-06-19 11:27:39,764 - JSPGymEnvironment - INFO - Executed operation: Job J5, Op 1, Machine M2, Start: 609, End: 637, Setup: 24
2025-06-19 11:27:39,764 - JSPGymEnvironment - INFO - 
===== REWARD DETAILS FOR STEP 14 =====
Job: J5, Operation: 1, Job Completed: False
Current Time: 585.00 -> 637.00, Setup Time: 24.00
Processing Time: 28.00, Idle Time: 0.00
Completed Jobs: 1/10
Machine: M2, Material: Mountainbike_Steuerrohr_montiert

REWARD COMPONENTS:
- makespan_reward: -0.2600
- setup_reward: -6.0000
- deadline_reward: 0.0000
- priority_reward: 0.0000
- critical_job_reward: 0.0000
- placement_reward: 0.0000
- timeliness_reward: 9.3131
- machine_idle_penalty: -3.2375

TOTAL REWARD: -0.1844

CUMULATIVE REWARD COMPONENTS:
- makespan_reward: -3.1850
- setup_reward: -56.0000
- deadline_reward: 20.0000
- priority_reward: 8.0000
- critical_job_reward: 3.0000
- placement_reward: 0.0000
- timeliness_reward: 129.6024
- machine_idle_penalty: -46.1375

CUMULATIVE TOTAL: 55.2799

CRITICAL STATE INFO:
- Valid actions: ['J1', 'J3', 'J4', 'J5', 'J6', 'J7', 'J8', 'J9', 'J10']
- Machine states:
  - Machine M1: Time=462.00, Idle=175.00, Material=Mountainbike_Rahmen_nachbearbeitet
  - Machine M2: Time=637.00, Idle=0.00, Material=Mountainbike_Steuerrohr_montiert
  - Machine M3: Time=553.00, Idle=84.00, Material=Racebike_Hauptrahmen_zugeschnitten
==================================================

2025-06-19 11:27:39,767 - JSPGymEnvironment - INFO - Material change on machine M2: Mountainbike_Steuerrohr_montiert -> Racebike_Hinterbau_vorbereitet, setup time: 24
2025-06-19 11:27:39,767 - JSPGymEnvironment - INFO - Executed operation: Job J1, Op 3, Machine M2, Start: 661, End: 689, Setup: 24
2025-06-19 11:27:39,767 - JSPGymEnvironment - INFO - 
===== REWARD DETAILS FOR STEP 15 =====
Job: J1, Operation: 3, Job Completed: False
Current Time: 637.00 -> 689.00, Setup Time: 24.00
Processing Time: 28.00, Idle Time: 0.00
Completed Jobs: 1/10
Machine: M2, Material: Racebike_Hinterbau_vorbereitet

REWARD COMPONENTS:
- makespan_reward: -0.2600
- setup_reward: -6.0000
- deadline_reward: 0.0000
- priority_reward: 0.0000
- critical_job_reward: 0.5000
- placement_reward: 0.0000
- timeliness_reward: 9.3115
- machine_idle_penalty: -4.5375

TOTAL REWARD: -0.9860

CUMULATIVE REWARD COMPONENTS:
- makespan_reward: -3.4450
- setup_reward: -62.0000
- deadline_reward: 20.0000
- priority_reward: 8.0000
- critical_job_reward: 3.5000
- placement_reward: 0.0000
- timeliness_reward: 138.9139
- machine_idle_penalty: -50.6750

CUMULATIVE TOTAL: 54.2939

CRITICAL STATE INFO:
- Valid actions: ['J1', 'J3', 'J4', 'J5', 'J6', 'J7', 'J8', 'J9', 'J10']
- Machine states:
  - Machine M1: Time=462.00, Idle=227.00, Material=Mountainbike_Rahmen_nachbearbeitet
  - Machine M2: Time=689.00, Idle=0.00, Material=Racebike_Hinterbau_vorbereitet
  - Machine M3: Time=553.00, Idle=136.00, Material=Racebike_Hauptrahmen_zugeschnitten
==================================================

2025-06-19 11:27:39,771 - JSPGymEnvironment - INFO - Material change on machine M1: Mountainbike_Rahmen_nachbearbeitet -> Racebike_Rahmen_lackiert, setup time: 42
2025-06-19 11:27:39,771 - JSPGymEnvironment - INFO - Executed operation: Job J1, Op 4, Machine M1, Start: 731, End: 751, Setup: 42
2025-06-19 11:27:39,771 - JSPGymEnvironment - INFO - 
===== REWARD DETAILS FOR STEP 16 =====
Job: J1, Operation: 4, Job Completed: False
Current Time: 689.00 -> 751.00, Setup Time: 42.00
Processing Time: 20.00, Idle Time: 0.00
Completed Jobs: 1/10
Machine: M1, Material: Racebike_Rahmen_lackiert

REWARD COMPONENTS:
- makespan_reward: -0.3100
- setup_reward: -10.5000
- deadline_reward: 0.0000
- priority_reward: 0.0000
- critical_job_reward: 0.5000
- placement_reward: 0.0000
- timeliness_reward: 9.3124
- machine_idle_penalty: -3.2500

TOTAL REWARD: -4.2476

CUMULATIVE REWARD COMPONENTS:
- makespan_reward: -3.7550
- setup_reward: -72.5000
- deadline_reward: 20.0000
- priority_reward: 8.0000
- critical_job_reward: 4.0000
- placement_reward: 0.0000
- timeliness_reward: 148.2263
- machine_idle_penalty: -53.9250

CUMULATIVE TOTAL: 50.0463

CRITICAL STATE INFO:
- Valid actions: ['J1', 'J3', 'J4', 'J5', 'J6', 'J7', 'J8', 'J9', 'J10']
- Machine states:
  - Machine M1: Time=751.00, Idle=0.00, Material=Racebike_Rahmen_lackiert
  - Machine M2: Time=689.00, Idle=62.00, Material=Racebike_Hinterbau_vorbereitet
  - Machine M3: Time=553.00, Idle=198.00, Material=Racebike_Hauptrahmen_zugeschnitten
==================================================

2025-06-19 11:27:39,775 - JSPGymEnvironment - INFO - Material change on machine M2: Racebike_Hinterbau_vorbereitet -> E-Bike_Fahrrad_endmontiert, setup time: 27
2025-06-19 11:27:39,775 - JSPGymEnvironment - INFO - Executed operation: Job J3, Op 2, Machine M2, Start: 778, End: 793, Setup: 27
2025-06-19 11:27:39,775 - JSPGymEnvironment - INFO - 
===== REWARD DETAILS FOR STEP 17 =====
Job: J3, Operation: 2, Job Completed: False
Current Time: 751.00 -> 793.00, Setup Time: 27.00
Processing Time: 15.00, Idle Time: 0.00
Completed Jobs: 1/10
Machine: M2, Material: E-Bike_Fahrrad_endmontiert

REWARD COMPONENTS:
- makespan_reward: -0.2100
- setup_reward: -6.7500
- deadline_reward: 0.0000
- priority_reward: 0.0000
- critical_job_reward: 0.5000
- placement_reward: 0.0000
- timeliness_reward: 9.3976
- machine_idle_penalty: -3.5250

TOTAL REWARD: -0.5874

CUMULATIVE REWARD COMPONENTS:
- makespan_reward: -3.9650
- setup_reward: -79.2500
- deadline_reward: 20.0000
- priority_reward: 8.0000
- critical_job_reward: 4.5000
- placement_reward: 0.0000
- timeliness_reward: 157.6239
- machine_idle_penalty: -57.4500

CUMULATIVE TOTAL: 49.4589

CRITICAL STATE INFO:
- Valid actions: ['J1', 'J3', 'J4', 'J5', 'J6', 'J7', 'J8', 'J9', 'J10']
- Machine states:
  - Machine M1: Time=751.00, Idle=42.00, Material=Racebike_Rahmen_lackiert
  - Machine M2: Time=793.00, Idle=0.00, Material=E-Bike_Fahrrad_endmontiert
  - Machine M3: Time=553.00, Idle=240.00, Material=Racebike_Hauptrahmen_zugeschnitten
==================================================

2025-06-19 11:27:39,779 - JSPGymEnvironment - INFO - Material change on machine M2: E-Bike_Fahrrad_endmontiert -> Racebike_Steuerrohr_ausgerieben, setup time: 28
2025-06-19 11:27:39,779 - JSPGymEnvironment - INFO - Executed operation: Job J1, Op 5, Machine M2, Start: 821, End: 843, Setup: 28
2025-06-19 11:27:39,779 - JSPGymEnvironment - INFO - 
===== REWARD DETAILS FOR STEP 18 =====
Job: J1, Operation: 5, Job Completed: False
Current Time: 793.00 -> 843.00, Setup Time: 28.00
Processing Time: 22.00, Idle Time: 0.00
Completed Jobs: 1/10
Machine: M2, Material: Racebike_Steuerrohr_ausgerieben

REWARD COMPONENTS:
- makespan_reward: -0.2500
- setup_reward: -7.0000
- deadline_reward: 0.0000
- priority_reward: 0.0000
- critical_job_reward: 0.5000
- placement_reward: 0.0000
- timeliness_reward: 9.3071
- machine_idle_penalty: -4.7750

TOTAL REWARD: -2.2179

CUMULATIVE REWARD COMPONENTS:
- makespan_reward: -4.2150
- setup_reward: -86.2500
- deadline_reward: 20.0000
- priority_reward: 8.0000
- critical_job_reward: 5.0000
- placement_reward: 0.0000
- timeliness_reward: 166.9310
- machine_idle_penalty: -62.2250

CUMULATIVE TOTAL: 47.2410

CRITICAL STATE INFO:
- Valid actions: ['J1', 'J3', 'J4', 'J5', 'J6', 'J7', 'J8', 'J9', 'J10']
- Machine states:
  - Machine M1: Time=751.00, Idle=92.00, Material=Racebike_Rahmen_lackiert
  - Machine M2: Time=843.00, Idle=0.00, Material=Racebike_Steuerrohr_ausgerieben
  - Machine M3: Time=553.00, Idle=290.00, Material=Racebike_Hauptrahmen_zugeschnitten
==================================================

2025-06-19 11:27:39,782 - JSPGymEnvironment - INFO - Material change on machine M1: Racebike_Rahmen_lackiert -> E-Bike_Tretlageraufnahme_geschweisst, setup time: 49
2025-06-19 11:27:39,782 - JSPGymEnvironment - INFO - Executed operation: Job J3, Op 3, Machine M1, Start: 892, End: 922, Setup: 49
2025-06-19 11:27:39,782 - JSPGymEnvironment - INFO - 
===== REWARD DETAILS FOR STEP 19 =====
Job: J3, Operation: 3, Job Completed: False
Current Time: 843.00 -> 922.00, Setup Time: 49.00
Processing Time: 30.00, Idle Time: 0.00
Completed Jobs: 1/10
Machine: M1, Material: E-Bike_Tretlageraufnahme_geschweisst

REWARD COMPONENTS:
- makespan_reward: -0.3950
- setup_reward: -12.2500
- deadline_reward: 0.0000
- priority_reward: 0.0000
- critical_job_reward: 0.5000
- placement_reward: 0.0000
- timeliness_reward: 9.3961
- machine_idle_penalty: -5.6500

TOTAL REWARD: -8.3989

CUMULATIVE REWARD COMPONENTS:
- makespan_reward: -4.6100
- setup_reward: -98.5000
- deadline_reward: 20.0000
- priority_reward: 8.0000
- critical_job_reward: 5.5000
- placement_reward: 0.0000
- timeliness_reward: 176.3271
- machine_idle_penalty: -67.8750

CUMULATIVE TOTAL: 38.8421

CRITICAL STATE INFO:
- Valid actions: ['J1', 'J3', 'J4', 'J5', 'J6', 'J7', 'J8', 'J9', 'J10']
- Machine states:
  - Machine M1: Time=922.00, Idle=0.00, Material=E-Bike_Tretlageraufnahme_geschweisst
  - Machine M2: Time=843.00, Idle=79.00, Material=Racebike_Steuerrohr_ausgerieben
  - Machine M3: Time=553.00, Idle=369.00, Material=Racebike_Hauptrahmen_zugeschnitten
==================================================

2025-06-19 11:27:39,786 - JSPGymEnvironment - INFO - Material change on machine M1: E-Bike_Tretlageraufnahme_geschweisst -> Racebike_Rahmen_nachbearbeitet, setup time: 57
2025-06-19 11:27:39,786 - JSPGymEnvironment - INFO - Executed operation: Job J1, Op 6, Machine M1, Start: 979, End: 1024, Setup: 57
2025-06-19 11:27:39,786 - JSPGymEnvironment - INFO - Job J1 completed at time 1024, deadline: 2880, met: True, priority: 10
2025-06-19 11:27:39,786 - JSPGymEnvironment - INFO - 
===== REWARD DETAILS FOR STEP 20 =====
Job: J1, Operation: 6, Job Completed: True
Current Time: 922.00 -> 1024.00, Setup Time: 57.00
Processing Time: 45.00, Idle Time: 0.00
Completed Jobs: 2/10
Machine: M1, Material: Racebike_Rahmen_nachbearbeitet
Job Deadline: 2880.00 (Met), Priority: 10

REWARD COMPONENTS:
- makespan_reward: -0.5100
- setup_reward: -14.2500
- deadline_reward: 20.0000
- priority_reward: 40.0000
- critical_job_reward: 20.2333
- placement_reward: 0.0000
- timeliness_reward: 9.2565
- machine_idle_penalty: -8.2000

TOTAL REWARD: 66.5298

CUMULATIVE REWARD COMPONENTS:
- makespan_reward: -5.1200
- setup_reward: -112.7500
- deadline_reward: 40.0000
- priority_reward: 48.0000
- critical_job_reward: 25.7333
- placement_reward: 0.0000
- timeliness_reward: 185.5836
- machine_idle_penalty: -76.0750

CUMULATIVE TOTAL: 105.3719

CRITICAL STATE INFO:
- Valid actions: ['J3', 'J4', 'J5', 'J6', 'J7', 'J8', 'J9', 'J10']
- Machine states:
  - Machine M1: Time=1024.00, Idle=0.00, Material=Racebike_Rahmen_nachbearbeitet
  - Machine M2: Time=843.00, Idle=181.00, Material=Racebike_Steuerrohr_ausgerieben
  - Machine M3: Time=553.00, Idle=471.00, Material=Racebike_Hauptrahmen_zugeschnitten
==================================================

2025-06-19 11:27:39,786 - JSPGymEnvironment - INFO - Retro-Bonus für Job J1: +15.0
2025-06-19 11:27:39,789 - JSPGymEnvironment - INFO - Material change on machine M1: Racebike_Rahmen_nachbearbeitet -> Mountainbike_Laufraeder_montiert, setup time: 41
2025-06-19 11:27:39,789 - JSPGymEnvironment - INFO - Executed operation: Job J7, Op 0, Machine M1, Start: 1065, End: 1103, Setup: 41
2025-06-19 11:27:39,789 - JSPGymEnvironment - INFO - 
===== REWARD DETAILS FOR STEP 21 =====
Job: J7, Operation: 0, Job Completed: False
Current Time: 1024.00 -> 1103.00, Setup Time: 41.00
Processing Time: 38.00, Idle Time: 0.00
Completed Jobs: 2/10
Machine: M1, Material: Mountainbike_Laufraeder_montiert

REWARD COMPONENTS:
- makespan_reward: -0.3950
- setup_reward: -10.2500
- deadline_reward: 0.0000
- priority_reward: 0.0000
- critical_job_reward: 0.0000
- placement_reward: 0.0000
- timeliness_reward: 9.2375
- machine_idle_penalty: -10.1750

TOTAL REWARD: -11.5825

CUMULATIVE REWARD COMPONENTS:
- makespan_reward: -5.5150
- setup_reward: -123.0000
- deadline_reward: 40.0000
- priority_reward: 48.0000
- critical_job_reward: 25.7333
- placement_reward: 0.0000
- timeliness_reward: 194.8210
- machine_idle_penalty: -86.2500

CUMULATIVE TOTAL: 93.7894

CRITICAL STATE INFO:
- Valid actions: ['J3', 'J4', 'J5', 'J6', 'J7', 'J8', 'J9', 'J10']
- Machine states:
  - Machine M1: Time=1103.00, Idle=0.00, Material=Mountainbike_Laufraeder_montiert
  - Machine M2: Time=843.00, Idle=260.00, Material=Racebike_Steuerrohr_ausgerieben
  - Machine M3: Time=553.00, Idle=550.00, Material=Racebike_Hauptrahmen_zugeschnitten
==================================================

2025-06-19 11:27:39,792 - JSPGymEnvironment - INFO - Material change on machine M1: Mountainbike_Laufraeder_montiert -> Mountainbike_Steuerrohr_montiert, setup time: 40
2025-06-19 11:27:39,792 - JSPGymEnvironment - INFO - Executed operation: Job J7, Op 1, Machine M1, Start: 1143, End: 1186, Setup: 40
2025-06-19 11:27:39,792 - JSPGymEnvironment - INFO - 
===== REWARD DETAILS FOR STEP 22 =====
Job: J7, Operation: 1, Job Completed: False
Current Time: 1103.00 -> 1186.00, Setup Time: 40.00
Processing Time: 43.00, Idle Time: 0.00
Completed Jobs: 2/10
Machine: M1, Material: Mountainbike_Steuerrohr_montiert

REWARD COMPONENTS:
- makespan_reward: -0.4150
- setup_reward: -10.0000
- deadline_reward: 0.0000
- priority_reward: 0.0000
- critical_job_reward: 0.0000
- placement_reward: 0.0000
- timeliness_reward: 9.1892
- machine_idle_penalty: -12.2500

TOTAL REWARD: -13.4758

CUMULATIVE REWARD COMPONENTS:
- makespan_reward: -5.9300
- setup_reward: -133.0000
- deadline_reward: 40.0000
- priority_reward: 48.0000
- critical_job_reward: 25.7333
- placement_reward: 0.0000
- timeliness_reward: 204.0103
- machine_idle_penalty: -98.5000

CUMULATIVE TOTAL: 80.3136

CRITICAL STATE INFO:
- Valid actions: ['J3', 'J4', 'J5', 'J6', 'J7', 'J8', 'J9', 'J10']
- Machine states:
  - Machine M1: Time=1186.00, Idle=0.00, Material=Mountainbike_Steuerrohr_montiert
  - Machine M2: Time=843.00, Idle=343.00, Material=Racebike_Steuerrohr_ausgerieben
  - Machine M3: Time=553.00, Idle=633.00, Material=Racebike_Hauptrahmen_zugeschnitten
==================================================

2025-06-19 11:27:39,795 - JSPGymEnvironment - INFO - Material change on machine M1: Mountainbike_Steuerrohr_montiert -> Racebike_Bremsaufnahme_gebohrt, setup time: 42
2025-06-19 11:27:39,795 - JSPGymEnvironment - INFO - Executed operation: Job J10, Op 1, Machine M1, Start: 1228, End: 1261, Setup: 42
2025-06-19 11:27:39,795 - JSPGymEnvironment - INFO - 
===== REWARD DETAILS FOR STEP 23 =====
Job: J10, Operation: 1, Job Completed: False
Current Time: 1186.00 -> 1261.00, Setup Time: 42.00
Processing Time: 33.00, Idle Time: 0.00
Completed Jobs: 2/10
Machine: M1, Material: Racebike_Bremsaufnahme_gebohrt

REWARD COMPONENTS:
- makespan_reward: -0.3750
- setup_reward: -10.5000
- deadline_reward: 0.0000
- priority_reward: 0.0000
- critical_job_reward: 0.5000
- placement_reward: 0.0000
- timeliness_reward: 9.1145
- machine_idle_penalty: -14.1250

TOTAL REWARD: -15.3855

CUMULATIVE REWARD COMPONENTS:
- makespan_reward: -6.3050
- setup_reward: -143.5000
- deadline_reward: 40.0000
- priority_reward: 48.0000
- critical_job_reward: 26.2333
- placement_reward: 0.0000
- timeliness_reward: 213.1248
- machine_idle_penalty: -112.6250

CUMULATIVE TOTAL: 64.9281

CRITICAL STATE INFO:
- Valid actions: ['J3', 'J4', 'J5', 'J6', 'J7', 'J8', 'J9', 'J10']
- Machine states:
  - Machine M1: Time=1261.00, Idle=0.00, Material=Racebike_Bremsaufnahme_gebohrt
  - Machine M2: Time=843.00, Idle=418.00, Material=Racebike_Steuerrohr_ausgerieben
  - Machine M3: Time=553.00, Idle=708.00, Material=Racebike_Hauptrahmen_zugeschnitten
==================================================

2025-06-19 11:27:39,798 - JSPGymEnvironment - INFO - Material change on machine M2: Racebike_Steuerrohr_ausgerieben -> E-Bike_Schaltauge_bearbeitet, setup time: 27
2025-06-19 11:27:39,798 - JSPGymEnvironment - INFO - Executed operation: Job J3, Op 4, Machine M2, Start: 1288, End: 1311, Setup: 27
2025-06-19 11:27:39,798 - JSPGymEnvironment - INFO - Job J3 completed at time 1311, deadline: 2282, met: True, priority: 8
2025-06-19 11:27:39,798 - JSPGymEnvironment - INFO - 
===== REWARD DETAILS FOR STEP 24 =====
Job: J3, Operation: 4, Job Completed: True
Current Time: 1261.00 -> 1311.00, Setup Time: 27.00
Processing Time: 23.00, Idle Time: 0.00
Completed Jobs: 3/10
Machine: M2, Material: E-Bike_Schaltauge_bearbeitet
Job Deadline: 2282.00 (Met), Priority: 8

REWARD COMPONENTS:
- makespan_reward: -0.2500
- setup_reward: -6.7500
- deadline_reward: 20.0000
- priority_reward: 32.0000
- critical_job_reward: 17.6060
- placement_reward: 0.0000
- timeliness_reward: 9.2723
- machine_idle_penalty: -10.1500

TOTAL REWARD: 61.7283

CUMULATIVE REWARD COMPONENTS:
- makespan_reward: -6.5550
- setup_reward: -150.2500
- deadline_reward: 60.0000
- priority_reward: 80.0000
- critical_job_reward: 43.8394
- placement_reward: 0.0000
- timeliness_reward: 222.3970
- machine_idle_penalty: -122.7750

CUMULATIVE TOTAL: 126.6564

CRITICAL STATE INFO:
- Valid actions: ['J4', 'J5', 'J6', 'J7', 'J8', 'J9', 'J10']
- Machine states:
  - Machine M1: Time=1261.00, Idle=50.00, Material=Racebike_Bremsaufnahme_gebohrt
  - Machine M2: Time=1311.00, Idle=0.00, Material=E-Bike_Schaltauge_bearbeitet
  - Machine M3: Time=553.00, Idle=758.00, Material=Racebike_Hauptrahmen_zugeschnitten
==================================================

2025-06-19 11:27:39,798 - JSPGymEnvironment - INFO - Retro-Bonus für Job J3: +15.0
2025-06-19 11:27:39,801 - JSPGymEnvironment - INFO - Material change on machine M1: Racebike_Bremsaufnahme_gebohrt -> Mountainbike_Hinterbau_vorbereitet, setup time: 41
2025-06-19 11:27:39,801 - JSPGymEnvironment - INFO - Executed operation: Job J7, Op 2, Machine M1, Start: 1352, End: 1391, Setup: 41
2025-06-19 11:27:39,801 - JSPGymEnvironment - INFO - 
===== REWARD DETAILS FOR STEP 25 =====
Job: J7, Operation: 2, Job Completed: False
Current Time: 1311.00 -> 1391.00, Setup Time: 41.00
Processing Time: 39.00, Idle Time: 0.00
Completed Jobs: 3/10
Machine: M1, Material: Mountainbike_Hinterbau_vorbereitet

REWARD COMPONENTS:
- makespan_reward: -0.4000
- setup_reward: -10.2500
- deadline_reward: 0.0000
- priority_reward: 0.0000
- critical_job_reward: 0.0000
- placement_reward: 0.0000
- timeliness_reward: 9.0734
- machine_idle_penalty: -11.5250

TOTAL REWARD: -13.1016

CUMULATIVE REWARD COMPONENTS:
- makespan_reward: -6.9550
- setup_reward: -160.5000
- deadline_reward: 60.0000
- priority_reward: 80.0000
- critical_job_reward: 43.8394
- placement_reward: 0.0000
- timeliness_reward: 231.4705
- machine_idle_penalty: -134.3000

CUMULATIVE TOTAL: 113.5549

CRITICAL STATE INFO:
- Valid actions: ['J4', 'J5', 'J6', 'J7', 'J8', 'J9', 'J10']
- Machine states:
  - Machine M1: Time=1391.00, Idle=0.00, Material=Mountainbike_Hinterbau_vorbereitet
  - Machine M2: Time=1311.00, Idle=80.00, Material=E-Bike_Schaltauge_bearbeitet
  - Machine M3: Time=553.00, Idle=838.00, Material=Racebike_Hauptrahmen_zugeschnitten
==================================================

2025-06-19 11:27:39,804 - JSPGymEnvironment - INFO - Material change on machine M3: Racebike_Hauptrahmen_zugeschnitten -> Mountainbike_Schaltauge_bearbeitet, setup time: 14
2025-06-19 11:27:39,804 - JSPGymEnvironment - INFO - Executed operation: Job J7, Op 3, Machine M3, Start: 1405, End: 1456, Setup: 14
2025-06-19 11:27:39,804 - JSPGymEnvironment - INFO - 
===== REWARD DETAILS FOR STEP 26 =====
Job: J7, Operation: 3, Job Completed: False
Current Time: 1391.00 -> 1456.00, Setup Time: 14.00
Processing Time: 51.00, Idle Time: 0.00
Completed Jobs: 3/10
Machine: M3, Material: Mountainbike_Schaltauge_bearbeitet

REWARD COMPONENTS:
- makespan_reward: -0.3250
- setup_reward: -3.5000
- deadline_reward: 0.0000
- priority_reward: 0.0000
- critical_job_reward: 0.0000
- placement_reward: 0.0000
- timeliness_reward: 8.9996
- machine_idle_penalty: -2.6250

TOTAL REWARD: 2.5496

CUMULATIVE REWARD COMPONENTS:
- makespan_reward: -7.2800
- setup_reward: -164.0000
- deadline_reward: 60.0000
- priority_reward: 80.0000
- critical_job_reward: 43.8394
- placement_reward: 0.0000
- timeliness_reward: 240.4701
- machine_idle_penalty: -136.9250

CUMULATIVE TOTAL: 116.1045

CRITICAL STATE INFO:
- Valid actions: ['J4', 'J5', 'J6', 'J7', 'J8', 'J9', 'J10']
- Machine states:
  - Machine M1: Time=1391.00, Idle=65.00, Material=Mountainbike_Hinterbau_vorbereitet
  - Machine M2: Time=1311.00, Idle=145.00, Material=E-Bike_Schaltauge_bearbeitet
  - Machine M3: Time=1456.00, Idle=0.00, Material=Mountainbike_Schaltauge_bearbeitet
==================================================

2025-06-19 11:27:39,807 - JSPGymEnvironment - INFO - Material change on machine M1: Mountainbike_Hinterbau_vorbereitet -> Racebike_Bremsen_justiert, setup time: 42
2025-06-19 11:27:39,807 - JSPGymEnvironment - INFO - Executed operation: Job J4, Op 0, Machine M1, Start: 1498, End: 1513, Setup: 42
2025-06-19 11:27:39,807 - JSPGymEnvironment - INFO - 
===== REWARD DETAILS FOR STEP 27 =====
Job: J4, Operation: 0, Job Completed: False
Current Time: 1456.00 -> 1513.00, Setup Time: 42.00
Processing Time: 15.00, Idle Time: 0.00
Completed Jobs: 3/10
Machine: M1, Material: Racebike_Bremsen_justiert

REWARD COMPONENTS:
- makespan_reward: -0.2850
- setup_reward: -10.5000
- deadline_reward: 0.0000
- priority_reward: 0.0000
- critical_job_reward: 0.0000
- placement_reward: 0.0000
- timeliness_reward: 8.9318
- machine_idle_penalty: -3.2375

TOTAL REWARD: -5.0907

CUMULATIVE REWARD COMPONENTS:
- makespan_reward: -7.5650
- setup_reward: -174.5000
- deadline_reward: 60.0000
- priority_reward: 80.0000
- critical_job_reward: 43.8394
- placement_reward: 0.0000
- timeliness_reward: 249.4019
- machine_idle_penalty: -140.1625

CUMULATIVE TOTAL: 111.0138

CRITICAL STATE INFO:
- Valid actions: ['J4', 'J5', 'J6', 'J7', 'J8', 'J9', 'J10']
- Machine states:
  - Machine M1: Time=1513.00, Idle=0.00, Material=Racebike_Bremsen_justiert
  - Machine M2: Time=1311.00, Idle=202.00, Material=E-Bike_Schaltauge_bearbeitet
  - Machine M3: Time=1456.00, Idle=57.00, Material=Mountainbike_Schaltauge_bearbeitet
==================================================

2025-06-19 11:27:39,810 - JSPGymEnvironment - INFO - Material change on machine M1: Racebike_Bremsen_justiert -> Mountainbike_Rahmen_nachbearbeitet, setup time: 41
2025-06-19 11:27:39,810 - JSPGymEnvironment - INFO - Executed operation: Job J6, Op 0, Machine M1, Start: 1554, End: 1586, Setup: 41
2025-06-19 11:27:39,811 - JSPGymEnvironment - INFO - 
===== REWARD DETAILS FOR STEP 28 =====
Job: J6, Operation: 0, Job Completed: False
Current Time: 1513.00 -> 1586.00, Setup Time: 41.00
Processing Time: 32.00, Idle Time: 0.00
Completed Jobs: 3/10
Machine: M1, Material: Mountainbike_Rahmen_nachbearbeitet

REWARD COMPONENTS:
- makespan_reward: -0.3650
- setup_reward: -10.2500
- deadline_reward: 0.0000
- priority_reward: 0.0000
- critical_job_reward: 0.0000
- placement_reward: 0.0000
- timeliness_reward: 8.8129
- machine_idle_penalty: -5.0625

TOTAL REWARD: -6.8646

CUMULATIVE REWARD COMPONENTS:
- makespan_reward: -7.9300
- setup_reward: -184.7500
- deadline_reward: 60.0000
- priority_reward: 80.0000
- critical_job_reward: 43.8394
- placement_reward: 0.0000
- timeliness_reward: 258.2148
- machine_idle_penalty: -145.2250

CUMULATIVE TOTAL: 104.1491

CRITICAL STATE INFO:
- Valid actions: ['J4', 'J5', 'J6', 'J7', 'J8', 'J9', 'J10']
- Machine states:
  - Machine M1: Time=1586.00, Idle=0.00, Material=Mountainbike_Rahmen_nachbearbeitet
  - Machine M2: Time=1311.00, Idle=275.00, Material=E-Bike_Schaltauge_bearbeitet
  - Machine M3: Time=1456.00, Idle=130.00, Material=Mountainbike_Schaltauge_bearbeitet
==================================================

2025-06-19 11:27:39,813 - JSPGymEnvironment - INFO - Material change on machine M1: Mountainbike_Rahmen_nachbearbeitet -> Mountainbike_Tretlageraufnahme_geschweisst, setup time: 40
2025-06-19 11:27:39,813 - JSPGymEnvironment - INFO - Executed operation: Job J7, Op 4, Machine M1, Start: 1626, End: 1657, Setup: 40
2025-06-19 11:27:39,814 - JSPGymEnvironment - INFO - 
===== REWARD DETAILS FOR STEP 29 =====
Job: J7, Operation: 4, Job Completed: False
Current Time: 1586.00 -> 1657.00, Setup Time: 40.00
Processing Time: 31.00, Idle Time: 0.00
Completed Jobs: 3/10
Machine: M1, Material: Mountainbike_Tretlageraufnahme_geschweisst

REWARD COMPONENTS:
- makespan_reward: -0.3550
- setup_reward: -10.0000
- deadline_reward: 0.0000
- priority_reward: 0.0000
- critical_job_reward: 0.0000
- placement_reward: 0.0000
- timeliness_reward: 8.6801
- machine_idle_penalty: -6.8375

TOTAL REWARD: -8.5124

CUMULATIVE REWARD COMPONENTS:
- makespan_reward: -8.2850
- setup_reward: -194.7500
- deadline_reward: 60.0000
- priority_reward: 80.0000
- critical_job_reward: 43.8394
- placement_reward: 0.0000
- timeliness_reward: 266.8948
- machine_idle_penalty: -152.0625

CUMULATIVE TOTAL: 95.6367

CRITICAL STATE INFO:
- Valid actions: ['J4', 'J5', 'J6', 'J7', 'J8', 'J9', 'J10']
- Machine states:
  - Machine M1: Time=1657.00, Idle=0.00, Material=Mountainbike_Tretlageraufnahme_geschweisst
  - Machine M2: Time=1311.00, Idle=346.00, Material=E-Bike_Schaltauge_bearbeitet
  - Machine M3: Time=1456.00, Idle=201.00, Material=Mountainbike_Schaltauge_bearbeitet
==================================================

2025-06-19 11:27:39,817 - JSPGymEnvironment - INFO - Material change on machine M3: Mountainbike_Schaltauge_bearbeitet -> Citybike_Steuerrohr_ausgerieben, setup time: 13
2025-06-19 11:27:39,817 - JSPGymEnvironment - INFO - Executed operation: Job J9, Op 1, Machine M3, Start: 1670, End: 1725, Setup: 13
2025-06-19 11:27:39,817 - JSPGymEnvironment - INFO - 
===== REWARD DETAILS FOR STEP 30 =====
Job: J9, Operation: 1, Job Completed: False
Current Time: 1657.00 -> 1725.00, Setup Time: 13.00
Processing Time: 55.00, Idle Time: 0.00
Completed Jobs: 3/10
Machine: M3, Material: Citybike_Steuerrohr_ausgerieben

REWARD COMPONENTS:
- makespan_reward: -0.3400
- setup_reward: -3.2500
- deadline_reward: 0.0000
- priority_reward: 0.0000
- critical_job_reward: 0.0000
- placement_reward: 0.0000
- timeliness_reward: 8.5101
- machine_idle_penalty: -6.0250

TOTAL REWARD: -1.1049

CUMULATIVE REWARD COMPONENTS:
- makespan_reward: -8.6250
- setup_reward: -198.0000
- deadline_reward: 60.0000
- priority_reward: 80.0000
- critical_job_reward: 43.8394
- placement_reward: 0.0000
- timeliness_reward: 275.4049
- machine_idle_penalty: -158.0875

CUMULATIVE TOTAL: 94.5318

CRITICAL STATE INFO:
- Valid actions: ['J4', 'J5', 'J6', 'J7', 'J8', 'J9', 'J10']
- Machine states:
  - Machine M1: Time=1657.00, Idle=68.00, Material=Mountainbike_Tretlageraufnahme_geschweisst
  - Machine M2: Time=1311.00, Idle=414.00, Material=E-Bike_Schaltauge_bearbeitet
  - Machine M3: Time=1725.00, Idle=0.00, Material=Citybike_Steuerrohr_ausgerieben
==================================================

2025-06-19 11:27:39,820 - JSPGymEnvironment - INFO - Material change on machine M3: Citybike_Steuerrohr_ausgerieben -> Mountainbike_Antrieb_installiert, setup time: 12
2025-06-19 11:27:39,820 - JSPGymEnvironment - INFO - Executed operation: Job J7, Op 5, Machine M3, Start: 1737, End: 1791, Setup: 12
2025-06-19 11:27:39,820 - JSPGymEnvironment - INFO - 
===== REWARD DETAILS FOR STEP 31 =====
Job: J7, Operation: 5, Job Completed: False
Current Time: 1725.00 -> 1791.00, Setup Time: 12.00
Processing Time: 54.00, Idle Time: 0.00
Completed Jobs: 3/10
Machine: M3, Material: Mountainbike_Antrieb_installiert

REWARD COMPONENTS:
- makespan_reward: -0.3300
- setup_reward: -3.0000
- deadline_reward: 0.0000
- priority_reward: 0.0000
- critical_job_reward: 0.0000
- placement_reward: 0.0000
- timeliness_reward: 8.3729
- machine_idle_penalty: -7.6750

TOTAL REWARD: -2.6321

CUMULATIVE REWARD COMPONENTS:
- makespan_reward: -8.9550
- setup_reward: -201.0000
- deadline_reward: 60.0000
- priority_reward: 80.0000
- critical_job_reward: 43.8394
- placement_reward: 0.0000
- timeliness_reward: 283.7778
- machine_idle_penalty: -165.7625

CUMULATIVE TOTAL: 91.8997

CRITICAL STATE INFO:
- Valid actions: ['J4', 'J5', 'J6', 'J7', 'J8', 'J9', 'J10']
- Machine states:
  - Machine M1: Time=1657.00, Idle=134.00, Material=Mountainbike_Tretlageraufnahme_geschweisst
  - Machine M2: Time=1311.00, Idle=480.00, Material=E-Bike_Schaltauge_bearbeitet
  - Machine M3: Time=1791.00, Idle=0.00, Material=Mountainbike_Antrieb_installiert
==================================================

2025-06-19 11:27:39,823 - JSPGymEnvironment - INFO - Material change on machine M3: Mountainbike_Antrieb_installiert -> Mountainbike_Bremsaufnahme_gebohrt, setup time: 15
2025-06-19 11:27:39,823 - JSPGymEnvironment - INFO - Executed operation: Job J8, Op 0, Machine M3, Start: 1806, End: 1846, Setup: 15
2025-06-19 11:27:39,823 - JSPGymEnvironment - INFO - 
===== REWARD DETAILS FOR STEP 32 =====
Job: J8, Operation: 0, Job Completed: False
Current Time: 1791.00 -> 1846.00, Setup Time: 15.00
Processing Time: 40.00, Idle Time: 0.00
Completed Jobs: 3/10
Machine: M3, Material: Mountainbike_Bremsaufnahme_gebohrt

REWARD COMPONENTS:
- makespan_reward: -0.2750
- setup_reward: -3.7500
- deadline_reward: 0.0000
- priority_reward: 0.0000
- critical_job_reward: 0.0000
- placement_reward: 0.0000
- timeliness_reward: 8.1944
- machine_idle_penalty: -9.0500

TOTAL REWARD: -4.8806

CUMULATIVE REWARD COMPONENTS:
- makespan_reward: -9.2300
- setup_reward: -204.7500
- deadline_reward: 60.0000
- priority_reward: 80.0000
- critical_job_reward: 43.8394
- placement_reward: 0.0000
- timeliness_reward: 291.9723
- machine_idle_penalty: -174.8125

CUMULATIVE TOTAL: 87.0191

CRITICAL STATE INFO:
- Valid actions: ['J4', 'J5', 'J6', 'J7', 'J8', 'J9', 'J10']
- Machine states:
  - Machine M1: Time=1657.00, Idle=189.00, Material=Mountainbike_Tretlageraufnahme_geschweisst
  - Machine M2: Time=1311.00, Idle=535.00, Material=E-Bike_Schaltauge_bearbeitet
  - Machine M3: Time=1846.00, Idle=0.00, Material=Mountainbike_Bremsaufnahme_gebohrt
==================================================

2025-06-19 11:27:39,826 - JSPGymEnvironment - INFO - Material change on machine M2: E-Bike_Schaltauge_bearbeitet -> Mountainbike_Hauptrahmen_zugeschnitten, setup time: 24
2025-06-19 11:27:39,826 - JSPGymEnvironment - INFO - Executed operation: Job J7, Op 6, Machine M2, Start: 1870, End: 1890, Setup: 24
2025-06-19 11:27:39,826 - JSPGymEnvironment - INFO - Job J7 completed at time 1890, deadline: 2784, met: True, priority: 2
2025-06-19 11:27:39,827 - JSPGymEnvironment - INFO - 
===== REWARD DETAILS FOR STEP 33 =====
Job: J7, Operation: 6, Job Completed: True
Current Time: 1846.00 -> 1890.00, Setup Time: 24.00
Processing Time: 20.00, Idle Time: 0.00
Completed Jobs: 4/10
Machine: M2, Material: Mountainbike_Hauptrahmen_zugeschnitten
Job Deadline: 2784.00 (Met), Priority: 2

REWARD COMPONENTS:
- makespan_reward: -0.2200
- setup_reward: -6.0000
- deadline_reward: 20.0000
- priority_reward: 8.0000
- critical_job_reward: 0.0000
- placement_reward: 0.0000
- timeliness_reward: 8.0892
- machine_idle_penalty: -3.4625

TOTAL REWARD: 26.4067

CUMULATIVE REWARD COMPONENTS:
- makespan_reward: -9.4500
- setup_reward: -210.7500
- deadline_reward: 80.0000
- priority_reward: 88.0000
- critical_job_reward: 43.8394
- placement_reward: 0.0000
- timeliness_reward: 300.0614
- machine_idle_penalty: -178.2750

CUMULATIVE TOTAL: 113.4258

CRITICAL STATE INFO:
- Valid actions: ['J4', 'J5', 'J6', 'J8', 'J9', 'J10']
- Machine states:
  - Machine M1: Time=1657.00, Idle=233.00, Material=Mountainbike_Tretlageraufnahme_geschweisst
  - Machine M2: Time=1890.00, Idle=0.00, Material=Mountainbike_Hauptrahmen_zugeschnitten
  - Machine M3: Time=1846.00, Idle=44.00, Material=Mountainbike_Bremsaufnahme_gebohrt
==================================================

2025-06-19 11:27:39,827 - JSPGymEnvironment - INFO - Retro-Bonus für Job J7: +10.0
2025-06-19 11:27:39,829 - JSPGymEnvironment - INFO - Material change on machine M3: Mountainbike_Bremsaufnahme_gebohrt -> Citybike_Hauptrahmen_zugeschnitten, setup time: 13
2025-06-19 11:27:39,829 - JSPGymEnvironment - INFO - Executed operation: Job J9, Op 2, Machine M3, Start: 1903, End: 1948, Setup: 13
2025-06-19 11:27:39,829 - JSPGymEnvironment - INFO - 
===== REWARD DETAILS FOR STEP 34 =====
Job: J9, Operation: 2, Job Completed: False
Current Time: 1890.00 -> 1948.00, Setup Time: 13.00
Processing Time: 45.00, Idle Time: 0.00
Completed Jobs: 4/10
Machine: M3, Material: Citybike_Hauptrahmen_zugeschnitten

REWARD COMPONENTS:
- makespan_reward: -0.2900
- setup_reward: -3.2500
- deadline_reward: 0.0000
- priority_reward: 0.0000
- critical_job_reward: 0.0000
- placement_reward: 0.0000
- timeliness_reward: 7.8684
- machine_idle_penalty: -4.3625

TOTAL REWARD: -0.0341

CUMULATIVE REWARD COMPONENTS:
- makespan_reward: -9.7400
- setup_reward: -214.0000
- deadline_reward: 80.0000
- priority_reward: 88.0000
- critical_job_reward: 43.8394
- placement_reward: 0.0000
- timeliness_reward: 307.9298
- machine_idle_penalty: -182.6375

CUMULATIVE TOTAL: 113.3917

CRITICAL STATE INFO:
- Valid actions: ['J4', 'J5', 'J6', 'J8', 'J9', 'J10']
- Machine states:
  - Machine M1: Time=1657.00, Idle=291.00, Material=Mountainbike_Tretlageraufnahme_geschweisst
  - Machine M2: Time=1890.00, Idle=58.00, Material=Mountainbike_Hauptrahmen_zugeschnitten
  - Machine M3: Time=1948.00, Idle=0.00, Material=Citybike_Hauptrahmen_zugeschnitten
==================================================

2025-06-19 11:27:39,833 - JSPGymEnvironment - INFO - Material change on machine M2: Mountainbike_Hauptrahmen_zugeschnitten -> Racebike_Rahmen_lackiert, setup time: 24
2025-06-19 11:27:39,833 - JSPGymEnvironment - INFO - Executed operation: Job J10, Op 2, Machine M2, Start: 1972, End: 1985, Setup: 24
2025-06-19 11:27:39,833 - JSPGymEnvironment - INFO - 
===== REWARD DETAILS FOR STEP 35 =====
Job: J10, Operation: 2, Job Completed: False
Current Time: 1948.00 -> 1985.00, Setup Time: 24.00
Processing Time: 13.00, Idle Time: 0.00
Completed Jobs: 4/10
Machine: M2, Material: Racebike_Rahmen_lackiert

REWARD COMPONENTS:
- makespan_reward: -0.1850
- setup_reward: -6.0000
- deadline_reward: 0.0000
- priority_reward: 0.0000
- critical_job_reward: 0.5000
- placement_reward: 0.0000
- timeliness_reward: 7.7343
- machine_idle_penalty: -4.5625

TOTAL REWARD: -2.5132

CUMULATIVE REWARD COMPONENTS:
- makespan_reward: -9.9250
- setup_reward: -220.0000
- deadline_reward: 80.0000
- priority_reward: 88.0000
- critical_job_reward: 44.3394
- placement_reward: 0.0000
- timeliness_reward: 315.6641
- machine_idle_penalty: -187.2000

CUMULATIVE TOTAL: 110.8785

CRITICAL STATE INFO:
- Valid actions: ['J4', 'J5', 'J6', 'J8', 'J9', 'J10']
- Machine states:
  - Machine M1: Time=1657.00, Idle=328.00, Material=Mountainbike_Tretlageraufnahme_geschweisst
  - Machine M2: Time=1985.00, Idle=0.00, Material=Racebike_Rahmen_lackiert
  - Machine M3: Time=1948.00, Idle=37.00, Material=Citybike_Hauptrahmen_zugeschnitten
==================================================

2025-06-19 11:27:39,836 - JSPGymEnvironment - INFO - Material change on machine M2: Racebike_Rahmen_lackiert -> Racebike_Fahrrad_endmontiert, setup time: 20
2025-06-19 11:27:39,836 - JSPGymEnvironment - INFO - Executed operation: Job J10, Op 3, Machine M2, Start: 2005, End: 2026, Setup: 20
2025-06-19 11:27:39,836 - JSPGymEnvironment - INFO - 
===== REWARD DETAILS FOR STEP 36 =====
Job: J10, Operation: 3, Job Completed: False
Current Time: 1985.00 -> 2026.00, Setup Time: 20.00
Processing Time: 21.00, Idle Time: 0.00
Completed Jobs: 4/10
Machine: M2, Material: Racebike_Fahrrad_endmontiert

REWARD COMPONENTS:
- makespan_reward: -0.2050
- setup_reward: -5.0000
- deadline_reward: 0.0000
- priority_reward: 0.0000
- critical_job_reward: 0.5000
- placement_reward: 0.0000
- timeliness_reward: 7.5758
- machine_idle_penalty: -5.5875

TOTAL REWARD: -2.7167

CUMULATIVE REWARD COMPONENTS:
- makespan_reward: -10.1300
- setup_reward: -225.0000
- deadline_reward: 80.0000
- priority_reward: 88.0000
- critical_job_reward: 44.8394
- placement_reward: 0.0000
- timeliness_reward: 323.2398
- machine_idle_penalty: -192.7875

CUMULATIVE TOTAL: 108.1617

CRITICAL STATE INFO:
- Valid actions: ['J4', 'J5', 'J6', 'J8', 'J9', 'J10']
- Machine states:
  - Machine M1: Time=1657.00, Idle=369.00, Material=Mountainbike_Tretlageraufnahme_geschweisst
  - Machine M2: Time=2026.00, Idle=0.00, Material=Racebike_Fahrrad_endmontiert
  - Machine M3: Time=1948.00, Idle=78.00, Material=Citybike_Hauptrahmen_zugeschnitten
==================================================

2025-06-19 11:27:39,839 - JSPGymEnvironment - INFO - Material change on machine M1: Mountainbike_Tretlageraufnahme_geschweisst -> Racebike_Steuerrohr_ausgerieben, setup time: 42
2025-06-19 11:27:39,839 - JSPGymEnvironment - INFO - Executed operation: Job J10, Op 4, Machine M1, Start: 2068, End: 2101, Setup: 42
2025-06-19 11:27:39,839 - JSPGymEnvironment - INFO - 
===== REWARD DETAILS FOR STEP 37 =====
Job: J10, Operation: 4, Job Completed: False
Current Time: 2026.00 -> 2101.00, Setup Time: 42.00
Processing Time: 33.00, Idle Time: 0.00
Completed Jobs: 4/10
Machine: M1, Material: Racebike_Steuerrohr_ausgerieben

REWARD COMPONENTS:
- makespan_reward: -0.3750
- setup_reward: -10.5000
- deadline_reward: 0.0000
- priority_reward: 0.0000
- critical_job_reward: 0.5000
- placement_reward: 0.0000
- timeliness_reward: 7.2577
- machine_idle_penalty: -2.8500

TOTAL REWARD: -5.9673

CUMULATIVE REWARD COMPONENTS:
- makespan_reward: -10.5050
- setup_reward: -235.5000
- deadline_reward: 80.0000
- priority_reward: 88.0000
- critical_job_reward: 45.3394
- placement_reward: 0.0000
- timeliness_reward: 330.4976
- machine_idle_penalty: -195.6375

CUMULATIVE TOTAL: 102.1945

CRITICAL STATE INFO:
- Valid actions: ['J4', 'J5', 'J6', 'J8', 'J9', 'J10']
- Machine states:
  - Machine M1: Time=2101.00, Idle=0.00, Material=Racebike_Steuerrohr_ausgerieben
  - Machine M2: Time=2026.00, Idle=75.00, Material=Racebike_Fahrrad_endmontiert
  - Machine M3: Time=1948.00, Idle=153.00, Material=Citybike_Hauptrahmen_zugeschnitten
==================================================

2025-06-19 11:27:39,842 - JSPGymEnvironment - INFO - Material change on machine M1: Racebike_Steuerrohr_ausgerieben -> Mountainbike_Tretlageraufnahme_geschweisst, setup time: 41
2025-06-19 11:27:39,842 - JSPGymEnvironment - INFO - Executed operation: Job J6, Op 1, Machine M1, Start: 2142, End: 2179, Setup: 41
2025-06-19 11:27:39,842 - JSPGymEnvironment - INFO - 
===== REWARD DETAILS FOR STEP 38 =====
Job: J6, Operation: 1, Job Completed: False
Current Time: 2101.00 -> 2179.00, Setup Time: 41.00
Processing Time: 37.00, Idle Time: 0.00
Completed Jobs: 4/10
Machine: M1, Material: Mountainbike_Tretlageraufnahme_geschweisst

REWARD COMPONENTS:
- makespan_reward: -0.3900
- setup_reward: -10.2500
- deadline_reward: 0.0000
- priority_reward: 0.0000
- critical_job_reward: 0.0000
- placement_reward: 0.0000
- timeliness_reward: 6.9222
- machine_idle_penalty: -4.8000

TOTAL REWARD: -8.5178

CUMULATIVE REWARD COMPONENTS:
- makespan_reward: -10.8950
- setup_reward: -245.7500
- deadline_reward: 80.0000
- priority_reward: 88.0000
- critical_job_reward: 45.3394
- placement_reward: 0.0000
- timeliness_reward: 337.4198
- machine_idle_penalty: -200.4375

CUMULATIVE TOTAL: 93.6767

CRITICAL STATE INFO:
- Valid actions: ['J4', 'J5', 'J6', 'J8', 'J9', 'J10']
- Machine states:
  - Machine M1: Time=2179.00, Idle=0.00, Material=Mountainbike_Tretlageraufnahme_geschweisst
  - Machine M2: Time=2026.00, Idle=153.00, Material=Racebike_Fahrrad_endmontiert
  - Machine M3: Time=1948.00, Idle=231.00, Material=Citybike_Hauptrahmen_zugeschnitten
==================================================

2025-06-19 11:27:39,845 - JSPGymEnvironment - INFO - Material change on machine M1: Mountainbike_Tretlageraufnahme_geschweisst -> Mountainbike_Schaltauge_bearbeitet, setup time: 40
2025-06-19 11:27:39,845 - JSPGymEnvironment - INFO - Executed operation: Job J8, Op 1, Machine M1, Start: 2219, End: 2251, Setup: 40
2025-06-19 11:27:39,845 - JSPGymEnvironment - INFO - 
===== REWARD DETAILS FOR STEP 39 =====
Job: J8, Operation: 1, Job Completed: False
Current Time: 2179.00 -> 2251.00, Setup Time: 40.00
Processing Time: 32.00, Idle Time: 0.00
Completed Jobs: 4/10
Machine: M1, Material: Mountainbike_Schaltauge_bearbeitet

REWARD COMPONENTS:
- makespan_reward: -0.3600
- setup_reward: -10.0000
- deadline_reward: 0.0000
- priority_reward: 0.0000
- critical_job_reward: 0.0000
- placement_reward: 0.0000
- timeliness_reward: 6.5097
- machine_idle_penalty: -6.6000

TOTAL REWARD: -10.4503

CUMULATIVE REWARD COMPONENTS:
- makespan_reward: -11.2550
- setup_reward: -255.7500
- deadline_reward: 80.0000
- priority_reward: 88.0000
- critical_job_reward: 45.3394
- placement_reward: 0.0000
- timeliness_reward: 343.9295
- machine_idle_penalty: -207.0375

CUMULATIVE TOTAL: 83.2264

CRITICAL STATE INFO:
- Valid actions: ['J4', 'J5', 'J6', 'J8', 'J9', 'J10']
- Machine states:
  - Machine M1: Time=2251.00, Idle=0.00, Material=Mountainbike_Schaltauge_bearbeitet
  - Machine M2: Time=2026.00, Idle=225.00, Material=Racebike_Fahrrad_endmontiert
  - Machine M3: Time=1948.00, Idle=303.00, Material=Citybike_Hauptrahmen_zugeschnitten
==================================================

2025-06-19 11:27:39,848 - JSPGymEnvironment - INFO - Material change on machine M1: Mountainbike_Schaltauge_bearbeitet -> Mountainbike_Antrieb_installiert, setup time: 40
2025-06-19 11:27:39,848 - JSPGymEnvironment - INFO - Executed operation: Job J5, Op 2, Machine M1, Start: 2291, End: 2316, Setup: 40
2025-06-19 11:27:39,848 - JSPGymEnvironment - INFO - 
===== REWARD DETAILS FOR STEP 40 =====
Job: J5, Operation: 2, Job Completed: False
Current Time: 2251.00 -> 2316.00, Setup Time: 40.00
Processing Time: 25.00, Idle Time: 0.00
Completed Jobs: 4/10
Machine: M1, Material: Mountainbike_Antrieb_installiert

REWARD COMPONENTS:
- makespan_reward: -0.3250
- setup_reward: -10.0000
- deadline_reward: 0.0000
- priority_reward: 0.0000
- critical_job_reward: 0.0000
- placement_reward: 0.0000
- timeliness_reward: 6.1567
- machine_idle_penalty: -8.2250

TOTAL REWARD: -12.3933

CUMULATIVE REWARD COMPONENTS:
- makespan_reward: -11.5800
- setup_reward: -265.7500
- deadline_reward: 80.0000
- priority_reward: 88.0000
- critical_job_reward: 45.3394
- placement_reward: 0.0000
- timeliness_reward: 350.0862
- machine_idle_penalty: -215.2625

CUMULATIVE TOTAL: 70.8331

CRITICAL STATE INFO:
- Valid actions: ['J4', 'J5', 'J6', 'J8', 'J9', 'J10']
- Machine states:
  - Machine M1: Time=2316.00, Idle=0.00, Material=Mountainbike_Antrieb_installiert
  - Machine M2: Time=2026.00, Idle=290.00, Material=Racebike_Fahrrad_endmontiert
  - Machine M3: Time=1948.00, Idle=368.00, Material=Citybike_Hauptrahmen_zugeschnitten
==================================================

2025-06-19 11:27:39,851 - JSPGymEnvironment - INFO - Material change on machine M1: Mountainbike_Antrieb_installiert -> Racebike_Rahmen_komplettiert, setup time: 42
2025-06-19 11:27:39,851 - JSPGymEnvironment - INFO - Executed operation: Job J10, Op 5, Machine M1, Start: 2358, End: 2378, Setup: 42
2025-06-19 11:27:39,851 - JSPGymEnvironment - INFO - 
===== REWARD DETAILS FOR STEP 41 =====
Job: J10, Operation: 5, Job Completed: False
Current Time: 2316.00 -> 2378.00, Setup Time: 42.00
Processing Time: 20.00, Idle Time: 0.00
Completed Jobs: 4/10
Machine: M1, Material: Racebike_Rahmen_komplettiert

REWARD COMPONENTS:
- makespan_reward: -0.3100
- setup_reward: -10.5000
- deadline_reward: 0.0000
- priority_reward: 0.0000
- critical_job_reward: 0.5000
- placement_reward: 0.0000
- timeliness_reward: 5.7613
- machine_idle_penalty: -9.7750

TOTAL REWARD: -14.3237

CUMULATIVE REWARD COMPONENTS:
- makespan_reward: -11.8900
- setup_reward: -276.2500
- deadline_reward: 80.0000
- priority_reward: 88.0000
- critical_job_reward: 45.8394
- placement_reward: 0.0000
- timeliness_reward: 355.8475
- machine_idle_penalty: -225.0375

CUMULATIVE TOTAL: 56.5094

CRITICAL STATE INFO:
- Valid actions: ['J4', 'J5', 'J6', 'J8', 'J9', 'J10']
- Machine states:
  - Machine M1: Time=2378.00, Idle=0.00, Material=Racebike_Rahmen_komplettiert
  - Machine M2: Time=2026.00, Idle=352.00, Material=Racebike_Fahrrad_endmontiert
  - Machine M3: Time=1948.00, Idle=430.00, Material=Citybike_Hauptrahmen_zugeschnitten
==================================================

2025-06-19 11:27:39,854 - JSPGymEnvironment - INFO - Material change on machine M1: Racebike_Rahmen_komplettiert -> Racebike_Hinterbau_vorbereitet, setup time: 40
2025-06-19 11:27:39,854 - JSPGymEnvironment - INFO - Executed operation: Job J4, Op 1, Machine M1, Start: 2418, End: 2436, Setup: 40
2025-06-19 11:27:39,854 - JSPGymEnvironment - INFO - 
===== REWARD DETAILS FOR STEP 42 =====
Job: J4, Operation: 1, Job Completed: False
Current Time: 2378.00 -> 2436.00, Setup Time: 40.00
Processing Time: 18.00, Idle Time: 0.00
Completed Jobs: 4/10
Machine: M1, Material: Racebike_Hinterbau_vorbereitet

REWARD COMPONENTS:
- makespan_reward: -0.2900
- setup_reward: -10.0000
- deadline_reward: 0.0000
- priority_reward: 0.0000
- critical_job_reward: 0.0000
- placement_reward: 0.0000
- timeliness_reward: 5.4352
- machine_idle_penalty: -11.2250

TOTAL REWARD: -16.0798

CUMULATIVE REWARD COMPONENTS:
- makespan_reward: -12.1800
- setup_reward: -286.2500
- deadline_reward: 80.0000
- priority_reward: 88.0000
- critical_job_reward: 45.8394
- placement_reward: 0.0000
- timeliness_reward: 361.2826
- machine_idle_penalty: -236.2625

CUMULATIVE TOTAL: 40.4295

CRITICAL STATE INFO:
- Valid actions: ['J4', 'J5', 'J6', 'J8', 'J9', 'J10']
- Machine states:
  - Machine M1: Time=2436.00, Idle=0.00, Material=Racebike_Hinterbau_vorbereitet
  - Machine M2: Time=2026.00, Idle=410.00, Material=Racebike_Fahrrad_endmontiert
  - Machine M3: Time=1948.00, Idle=488.00, Material=Citybike_Hauptrahmen_zugeschnitten
==================================================

2025-06-19 11:27:39,857 - JSPGymEnvironment - INFO - Material change on machine M1: Racebike_Hinterbau_vorbereitet -> Citybike_Fahrrad_endmontiert, setup time: 45
2025-06-19 11:27:39,857 - JSPGymEnvironment - INFO - Executed operation: Job J9, Op 3, Machine M1, Start: 2481, End: 2507, Setup: 45
2025-06-19 11:27:39,857 - JSPGymEnvironment - INFO - 
===== REWARD DETAILS FOR STEP 43 =====
Job: J9, Operation: 3, Job Completed: False
Current Time: 2436.00 -> 2507.00, Setup Time: 45.00
Processing Time: 26.00, Idle Time: 0.00
Completed Jobs: 4/10
Machine: M1, Material: Citybike_Fahrrad_endmontiert

REWARD COMPONENTS:
- makespan_reward: -0.3550
- setup_reward: -11.2500
- deadline_reward: 0.0000
- priority_reward: 0.0000
- critical_job_reward: 0.0000
- placement_reward: 0.0000
- timeliness_reward: 4.8935
- machine_idle_penalty: -13.0000

TOTAL REWARD: -19.7115

CUMULATIVE REWARD COMPONENTS:
- makespan_reward: -12.5350
- setup_reward: -297.5000
- deadline_reward: 80.0000
- priority_reward: 88.0000
- critical_job_reward: 45.8394
- placement_reward: 0.0000
- timeliness_reward: 366.1761
- machine_idle_penalty: -249.2625

CUMULATIVE TOTAL: 20.7180

CRITICAL STATE INFO:
- Valid actions: ['J4', 'J5', 'J6', 'J8', 'J9', 'J10']
- Machine states:
  - Machine M1: Time=2507.00, Idle=0.00, Material=Citybike_Fahrrad_endmontiert
  - Machine M2: Time=2026.00, Idle=481.00, Material=Racebike_Fahrrad_endmontiert
  - Machine M3: Time=1948.00, Idle=559.00, Material=Citybike_Hauptrahmen_zugeschnitten
==================================================

2025-06-19 11:27:39,860 - JSPGymEnvironment - INFO - Material change on machine M1: Citybike_Fahrrad_endmontiert -> Mountainbike_Tretlager_gefraest, setup time: 40
2025-06-19 11:27:39,860 - JSPGymEnvironment - INFO - Executed operation: Job J5, Op 3, Machine M1, Start: 2547, End: 2580, Setup: 40
2025-06-19 11:27:39,860 - JSPGymEnvironment - INFO - 
===== REWARD DETAILS FOR STEP 44 =====
Job: J5, Operation: 3, Job Completed: False
Current Time: 2507.00 -> 2580.00, Setup Time: 40.00
Processing Time: 33.00, Idle Time: 0.00
Completed Jobs: 4/10
Machine: M1, Material: Mountainbike_Tretlager_gefraest

REWARD COMPONENTS:
- makespan_reward: -0.3650
- setup_reward: -10.0000
- deadline_reward: 0.0000
- priority_reward: 0.0000
- critical_job_reward: 0.0000
- placement_reward: 0.0000
- timeliness_reward: 4.3385
- machine_idle_penalty: -14.8250

TOTAL REWARD: -20.8515

CUMULATIVE REWARD COMPONENTS:
- makespan_reward: -12.9000
- setup_reward: -307.5000
- deadline_reward: 80.0000
- priority_reward: 88.0000
- critical_job_reward: 45.8394
- placement_reward: 0.0000
- timeliness_reward: 370.5146
- machine_idle_penalty: -264.0875

CUMULATIVE TOTAL: -0.1335

CRITICAL STATE INFO:
- Valid actions: ['J4', 'J5', 'J6', 'J8', 'J9', 'J10']
- Machine states:
  - Machine M1: Time=2580.00, Idle=0.00, Material=Mountainbike_Tretlager_gefraest
  - Machine M2: Time=2026.00, Idle=554.00, Material=Racebike_Fahrrad_endmontiert
  - Machine M3: Time=1948.00, Idle=632.00, Material=Citybike_Hauptrahmen_zugeschnitten
==================================================

2025-06-19 11:27:39,863 - JSPGymEnvironment - INFO - Material change on machine M1: Mountainbike_Tretlager_gefraest -> Mountainbike_Hinterbau_vorbereitet, setup time: 40
2025-06-19 11:27:39,863 - JSPGymEnvironment - INFO - Executed operation: Job J6, Op 2, Machine M1, Start: 2620, End: 2635, Setup: 40
2025-06-19 11:27:39,863 - JSPGymEnvironment - INFO - 
===== REWARD DETAILS FOR STEP 45 =====
Job: J6, Operation: 2, Job Completed: False
Current Time: 2580.00 -> 2635.00, Setup Time: 40.00
Processing Time: 15.00, Idle Time: 0.00
Completed Jobs: 4/10
Machine: M1, Material: Mountainbike_Hinterbau_vorbereitet

REWARD COMPONENTS:
- makespan_reward: -0.2750
- setup_reward: -10.0000
- deadline_reward: 0.0000
- priority_reward: 0.0000
- critical_job_reward: 0.0000
- placement_reward: 0.0000
- timeliness_reward: 3.9333
- machine_idle_penalty: -16.2000

TOTAL REWARD: -22.5417

CUMULATIVE REWARD COMPONENTS:
- makespan_reward: -13.1750
- setup_reward: -317.5000
- deadline_reward: 80.0000
- priority_reward: 88.0000
- critical_job_reward: 45.8394
- placement_reward: 0.0000
- timeliness_reward: 374.4479
- machine_idle_penalty: -280.2875

CUMULATIVE TOTAL: -22.6752

CRITICAL STATE INFO:
- Valid actions: ['J4', 'J5', 'J6', 'J8', 'J9', 'J10']
- Machine states:
  - Machine M1: Time=2635.00, Idle=0.00, Material=Mountainbike_Hinterbau_vorbereitet
  - Machine M2: Time=2026.00, Idle=609.00, Material=Racebike_Fahrrad_endmontiert
  - Machine M3: Time=1948.00, Idle=687.00, Material=Citybike_Hauptrahmen_zugeschnitten
==================================================

2025-06-19 11:27:39,867 - JSPGymEnvironment - INFO - Material change on machine M1: Mountainbike_Hinterbau_vorbereitet -> Mountainbike_Hauptrahmen_zugeschnitten, setup time: 40
2025-06-19 11:27:39,867 - JSPGymEnvironment - INFO - Executed operation: Job J8, Op 2, Machine M1, Start: 2675, End: 2719, Setup: 40
2025-06-19 11:27:39,867 - JSPGymEnvironment - INFO - 
===== REWARD DETAILS FOR STEP 46 =====
Job: J8, Operation: 2, Job Completed: False
Current Time: 2635.00 -> 2719.00, Setup Time: 40.00
Processing Time: 44.00, Idle Time: 0.00
Completed Jobs: 4/10
Machine: M1, Material: Mountainbike_Hauptrahmen_zugeschnitten

REWARD COMPONENTS:
- makespan_reward: -0.4200
- setup_reward: -10.0000
- deadline_reward: 0.0000
- priority_reward: 0.0000
- critical_job_reward: 0.0000
- placement_reward: 0.0000
- timeliness_reward: 3.2305
- machine_idle_penalty: -18.3000

TOTAL REWARD: -25.4895

CUMULATIVE REWARD COMPONENTS:
- makespan_reward: -13.5950
- setup_reward: -327.5000
- deadline_reward: 80.0000
- priority_reward: 88.0000
- critical_job_reward: 45.8394
- placement_reward: 0.0000
- timeliness_reward: 377.6785
- machine_idle_penalty: -298.5875

CUMULATIVE TOTAL: -48.1647

CRITICAL STATE INFO:
- Valid actions: ['J4', 'J5', 'J6', 'J8', 'J9', 'J10']
- Machine states:
  - Machine M1: Time=2719.00, Idle=0.00, Material=Mountainbike_Hauptrahmen_zugeschnitten
  - Machine M2: Time=2026.00, Idle=693.00, Material=Racebike_Fahrrad_endmontiert
  - Machine M3: Time=1948.00, Idle=771.00, Material=Citybike_Hauptrahmen_zugeschnitten
==================================================

2025-06-19 11:27:39,870 - JSPGymEnvironment - INFO - Material change on machine M3: Citybike_Hauptrahmen_zugeschnitten -> Racebike_Steuerrohr_montiert, setup time: 11
2025-06-19 11:27:39,870 - JSPGymEnvironment - INFO - Executed operation: Job J10, Op 6, Machine M3, Start: 2730, End: 2781, Setup: 11
2025-06-19 11:27:39,870 - JSPGymEnvironment - INFO - Job J10 completed at time 2781, deadline: 2880, met: True, priority: 9
2025-06-19 11:27:39,870 - JSPGymEnvironment - INFO - 
===== REWARD DETAILS FOR STEP 47 =====
Job: J10, Operation: 6, Job Completed: True
Current Time: 2719.00 -> 2781.00, Setup Time: 11.00
Processing Time: 51.00, Idle Time: 0.00
Completed Jobs: 5/10
Machine: M3, Material: Racebike_Steuerrohr_montiert
Job Deadline: 2880.00 (Met), Priority: 9

REWARD COMPONENTS:
- makespan_reward: -0.3100
- setup_reward: -2.7500
- deadline_reward: 20.0000
- priority_reward: 36.0000
- critical_job_reward: 12.9125
- placement_reward: 0.0000
- timeliness_reward: 2.4863
- machine_idle_penalty: -10.2125

TOTAL REWARD: 58.1263

CUMULATIVE REWARD COMPONENTS:
- makespan_reward: -13.9050
- setup_reward: -330.2500
- deadline_reward: 100.0000
- priority_reward: 124.0000
- critical_job_reward: 58.7519
- placement_reward: 0.0000
- timeliness_reward: 380.1647
- machine_idle_penalty: -308.8000

CUMULATIVE TOTAL: 9.9616

CRITICAL STATE INFO:
- Valid actions: ['J4', 'J5', 'J6', 'J8', 'J9']
- Machine states:
  - Machine M1: Time=2719.00, Idle=62.00, Material=Mountainbike_Hauptrahmen_zugeschnitten
  - Machine M2: Time=2026.00, Idle=755.00, Material=Racebike_Fahrrad_endmontiert
  - Machine M3: Time=2781.00, Idle=0.00, Material=Racebike_Steuerrohr_montiert
==================================================

2025-06-19 11:27:39,870 - JSPGymEnvironment - INFO - Retro-Bonus für Job J10: +15.0
2025-06-19 11:27:39,873 - JSPGymEnvironment - INFO - Material change on machine M1: Mountainbike_Hauptrahmen_zugeschnitten -> Mountainbike_Rahmen_komplettiert, setup time: 40
2025-06-19 11:27:39,873 - JSPGymEnvironment - INFO - Executed operation: Job J5, Op 4, Machine M1, Start: 2821, End: 2853, Setup: 40
2025-06-19 11:27:39,873 - JSPGymEnvironment - INFO - 
===== REWARD DETAILS FOR STEP 48 =====
Job: J5, Operation: 4, Job Completed: False
Current Time: 2781.00 -> 2853.00, Setup Time: 40.00
Processing Time: 32.00, Idle Time: 0.00
Completed Jobs: 5/10
Machine: M1, Material: Mountainbike_Rahmen_komplettiert

REWARD COMPONENTS:
- makespan_reward: -0.3600
- setup_reward: -10.0000
- deadline_reward: 0.0000
- priority_reward: 0.0000
- critical_job_reward: 0.0000
- placement_reward: 0.0000
- timeliness_reward: 1.9101
- machine_idle_penalty: -11.2375

TOTAL REWARD: -19.6874

CUMULATIVE REWARD COMPONENTS:
- makespan_reward: -14.2650
- setup_reward: -340.2500
- deadline_reward: 100.0000
- priority_reward: 124.0000
- critical_job_reward: 58.7519
- placement_reward: 0.0000
- timeliness_reward: 382.0748
- machine_idle_penalty: -320.0375

CUMULATIVE TOTAL: -9.7258

CRITICAL STATE INFO:
- Valid actions: ['J4', 'J5', 'J6', 'J8', 'J9']
- Machine states:
  - Machine M1: Time=2853.00, Idle=0.00, Material=Mountainbike_Rahmen_komplettiert
  - Machine M2: Time=2026.00, Idle=827.00, Material=Racebike_Fahrrad_endmontiert
  - Machine M3: Time=2781.00, Idle=72.00, Material=Racebike_Steuerrohr_montiert
==================================================

2025-06-19 11:27:39,876 - JSPGymEnvironment - INFO - Material change on machine M3: Racebike_Steuerrohr_montiert -> Mountainbike_Hinterbau_vorbereitet, setup time: 14
2025-06-19 11:27:39,876 - JSPGymEnvironment - INFO - Executed operation: Job J5, Op 5, Machine M3, Start: 2867, End: 2919, Setup: 14
2025-06-19 11:27:39,876 - JSPGymEnvironment - INFO - 
===== REWARD DETAILS FOR STEP 49 =====
Job: J5, Operation: 5, Job Completed: False
Current Time: 2853.00 -> 2919.00, Setup Time: 14.00
Processing Time: 52.00, Idle Time: 0.00
Completed Jobs: 5/10
Machine: M3, Material: Mountainbike_Hinterbau_vorbereitet

REWARD COMPONENTS:
- makespan_reward: -0.3300
- setup_reward: -3.5000
- deadline_reward: 0.0000
- priority_reward: 0.0000
- critical_job_reward: 0.0000
- placement_reward: 0.0000
- timeliness_reward: 1.3490
- machine_idle_penalty: -11.9875

TOTAL REWARD: -14.4685

CUMULATIVE REWARD COMPONENTS:
- makespan_reward: -14.5950
- setup_reward: -343.7500
- deadline_reward: 100.0000
- priority_reward: 124.0000
- critical_job_reward: 58.7519
- placement_reward: 0.0000
- timeliness_reward: 383.4238
- machine_idle_penalty: -332.0250

CUMULATIVE TOTAL: -24.1943

CRITICAL STATE INFO:
- Valid actions: ['J4', 'J5', 'J6', 'J8', 'J9']
- Machine states:
  - Machine M1: Time=2853.00, Idle=66.00, Material=Mountainbike_Rahmen_komplettiert
  - Machine M2: Time=2026.00, Idle=893.00, Material=Racebike_Fahrrad_endmontiert
  - Machine M3: Time=2919.00, Idle=0.00, Material=Mountainbike_Hinterbau_vorbereitet
==================================================

2025-06-19 11:27:39,879 - JSPGymEnvironment - INFO - Material change on machine M1: Mountainbike_Rahmen_komplettiert -> Citybike_Rahmen_komplettiert, setup time: 30
2025-06-19 11:27:39,879 - JSPGymEnvironment - INFO - Executed operation: Job J9, Op 4, Machine M1, Start: 2949, End: 2972, Setup: 30
2025-06-19 11:27:39,879 - JSPGymEnvironment - INFO - Job J9 completed at time 2972, deadline: 2880, met: False, priority: 5
2025-06-19 11:27:39,879 - JSPGymEnvironment - INFO - 
===== REWARD DETAILS FOR STEP 50 =====
Job: J9, Operation: 4, Job Completed: True
Current Time: 2919.00 -> 2972.00, Setup Time: 30.00
Processing Time: 23.00, Idle Time: 0.00
Completed Jobs: 6/10
Machine: M1, Material: Citybike_Rahmen_komplettiert
Job Deadline: 2880.00 (Missed), Priority: 5

REWARD COMPONENTS:
- makespan_reward: -0.2650
- setup_reward: -7.5000
- deadline_reward: -0.0799
- priority_reward: 20.0000
- critical_job_reward: 0.0000
- placement_reward: 0.0000
- timeliness_reward: 0.7595
- machine_idle_penalty: -12.4875

TOTAL REWARD: 0.4271

CUMULATIVE REWARD COMPONENTS:
- makespan_reward: -14.8600
- setup_reward: -351.2500
- deadline_reward: 99.9201
- priority_reward: 144.0000
- critical_job_reward: 58.7519
- placement_reward: 0.0000
- timeliness_reward: 384.1833
- machine_idle_penalty: -344.5125

CUMULATIVE TOTAL: -23.7672

CRITICAL STATE INFO:
- Valid actions: ['J4', 'J5', 'J6', 'J8']
- Machine states:
  - Machine M1: Time=2972.00, Idle=0.00, Material=Citybike_Rahmen_komplettiert
  - Machine M2: Time=2026.00, Idle=946.00, Material=Racebike_Fahrrad_endmontiert
  - Machine M3: Time=2919.00, Idle=53.00, Material=Mountainbike_Hinterbau_vorbereitet
==================================================

2025-06-19 11:27:39,879 - JSPGymEnvironment - INFO - Retro-Bonus für Job J9: -10.0
2025-06-19 11:27:39,882 - JSPGymEnvironment - INFO - Material change on machine M3: Mountainbike_Hinterbau_vorbereitet -> Mountainbike_Hauptrahmen_zugeschnitten, setup time: 15
2025-06-19 11:27:39,882 - JSPGymEnvironment - INFO - Executed operation: Job J5, Op 6, Machine M3, Start: 2987, End: 3030, Setup: 15
2025-06-19 11:27:39,882 - JSPGymEnvironment - INFO - Job J5 completed at time 3030, deadline: 2829, met: False, priority: 5
2025-06-19 11:27:39,882 - JSPGymEnvironment - INFO - 
===== REWARD DETAILS FOR STEP 51 =====
Job: J5, Operation: 6, Job Completed: True
Current Time: 2972.00 -> 3030.00, Setup Time: 15.00
Processing Time: 43.00, Idle Time: 0.00
Completed Jobs: 7/10
Machine: M3, Material: Mountainbike_Hauptrahmen_zugeschnitten
Job Deadline: 2829.00 (Missed), Priority: 5

REWARD COMPONENTS:
- makespan_reward: -0.2900
- setup_reward: -3.7500
- deadline_reward: -0.1776
- priority_reward: 20.0000
- critical_job_reward: 0.0000
- placement_reward: 0.0000
- timeliness_reward: 0.1797
- machine_idle_penalty: -13.2750

TOTAL REWARD: 2.6870

CUMULATIVE REWARD COMPONENTS:
- makespan_reward: -15.1500
- setup_reward: -355.0000
- deadline_reward: 99.7425
- priority_reward: 164.0000
- critical_job_reward: 58.7519
- placement_reward: 0.0000
- timeliness_reward: 384.3630
- machine_idle_penalty: -357.7875

CUMULATIVE TOTAL: -21.0801

CRITICAL STATE INFO:
- Valid actions: ['J4', 'J6', 'J8']
- Machine states:
  - Machine M1: Time=2972.00, Idle=58.00, Material=Citybike_Rahmen_komplettiert
  - Machine M2: Time=2026.00, Idle=1004.00, Material=Racebike_Fahrrad_endmontiert
  - Machine M3: Time=3030.00, Idle=0.00, Material=Mountainbike_Hauptrahmen_zugeschnitten
==================================================

2025-06-19 11:27:39,882 - JSPGymEnvironment - INFO - Retro-Bonus für Job J5: -10.0
2025-06-19 11:27:39,885 - JSPGymEnvironment - INFO - Material change on machine M3: Mountainbike_Hauptrahmen_zugeschnitten -> Mountainbike_Fahrrad_endmontiert, setup time: 15
2025-06-19 11:27:39,885 - JSPGymEnvironment - INFO - Executed operation: Job J8, Op 3, Machine M3, Start: 3045, End: 3102, Setup: 15
2025-06-19 11:27:39,885 - JSPGymEnvironment - INFO - 
===== REWARD DETAILS FOR STEP 52 =====
Job: J8, Operation: 3, Job Completed: False
Current Time: 3030.00 -> 3102.00, Setup Time: 15.00
Processing Time: 57.00, Idle Time: 0.00
Completed Jobs: 7/10
Machine: M3, Material: Mountainbike_Fahrrad_endmontiert

REWARD COMPONENTS:
- makespan_reward: -0.3600
- setup_reward: -3.7500
- deadline_reward: 0.0000
- priority_reward: 0.0000
- critical_job_reward: 0.0000
- placement_reward: 0.0000
- timeliness_reward: -0.3834
- machine_idle_penalty: -15.0750

TOTAL REWARD: -19.5684

CUMULATIVE REWARD COMPONENTS:
- makespan_reward: -15.5100
- setup_reward: -358.7500
- deadline_reward: 99.7425
- priority_reward: 164.0000
- critical_job_reward: 58.7519
- placement_reward: 0.0000
- timeliness_reward: 383.9796
- machine_idle_penalty: -372.8625

CUMULATIVE TOTAL: -40.6485

CRITICAL STATE INFO:
- Valid actions: ['J4', 'J6', 'J8']
- Machine states:
  - Machine M1: Time=2972.00, Idle=130.00, Material=Citybike_Rahmen_komplettiert
  - Machine M2: Time=2026.00, Idle=1076.00, Material=Racebike_Fahrrad_endmontiert
  - Machine M3: Time=3102.00, Idle=0.00, Material=Mountainbike_Fahrrad_endmontiert
==================================================

2025-06-19 11:27:39,888 - JSPGymEnvironment - INFO - Material change on machine M1: Citybike_Rahmen_komplettiert -> Mountainbike_Laufraeder_montiert, setup time: 40
2025-06-19 11:27:39,888 - JSPGymEnvironment - INFO - Executed operation: Job J8, Op 4, Machine M1, Start: 3142, End: 3177, Setup: 40
2025-06-19 11:27:39,888 - JSPGymEnvironment - INFO - Job J8 completed at time 3177, deadline: 2880, met: False, priority: 2
2025-06-19 11:27:39,888 - JSPGymEnvironment - INFO - 
===== REWARD DETAILS FOR STEP 53 =====
Job: J8, Operation: 4, Job Completed: True
Current Time: 3102.00 -> 3177.00, Setup Time: 40.00
Processing Time: 35.00, Idle Time: 0.00
Completed Jobs: 8/10
Machine: M1, Material: Mountainbike_Laufraeder_montiert
Job Deadline: 2880.00 (Missed), Priority: 2

REWARD COMPONENTS:
- makespan_reward: -0.3750
- setup_reward: -10.0000
- deadline_reward: -0.2578
- priority_reward: 8.0000
- critical_job_reward: 0.0000
- placement_reward: 0.0000
- timeliness_reward: -0.9761
- machine_idle_penalty: -15.3250

TOTAL REWARD: -18.9339

CUMULATIVE REWARD COMPONENTS:
- makespan_reward: -15.8850
- setup_reward: -368.7500
- deadline_reward: 99.4847
- priority_reward: 172.0000
- critical_job_reward: 58.7519
- placement_reward: 0.0000
- timeliness_reward: 383.0035
- machine_idle_penalty: -388.1875

CUMULATIVE TOTAL: -59.5824

CRITICAL STATE INFO:
- Valid actions: ['J4', 'J6']
- Machine states:
  - Machine M1: Time=3177.00, Idle=0.00, Material=Mountainbike_Laufraeder_montiert
  - Machine M2: Time=2026.00, Idle=1151.00, Material=Racebike_Fahrrad_endmontiert
  - Machine M3: Time=3102.00, Idle=75.00, Material=Mountainbike_Fahrrad_endmontiert
==================================================

2025-06-19 11:27:39,888 - JSPGymEnvironment - INFO - Retro-Bonus für Job J8: -10.0
2025-06-19 11:27:39,891 - JSPGymEnvironment - INFO - Material change on machine M1: Mountainbike_Laufraeder_montiert -> Mountainbike_Tretlager_gefraest, setup time: 40
2025-06-19 11:27:39,891 - JSPGymEnvironment - INFO - Executed operation: Job J6, Op 3, Machine M1, Start: 3217, End: 3243, Setup: 40
2025-06-19 11:27:39,891 - JSPGymEnvironment - INFO - 
===== REWARD DETAILS FOR STEP 54 =====
Job: J6, Operation: 3, Job Completed: False
Current Time: 3177.00 -> 3243.00, Setup Time: 40.00
Processing Time: 26.00, Idle Time: 0.00
Completed Jobs: 8/10
Machine: M1, Material: Mountainbike_Tretlager_gefraest

REWARD COMPONENTS:
- makespan_reward: -0.3300
- setup_reward: -10.0000
- deadline_reward: 0.0000
- priority_reward: 0.0000
- critical_job_reward: 0.0000
- placement_reward: 0.0000
- timeliness_reward: -1.4328
- machine_idle_penalty: -16.9750

TOTAL REWARD: -28.7378

CUMULATIVE REWARD COMPONENTS:
- makespan_reward: -16.2150
- setup_reward: -378.7500
- deadline_reward: 99.4847
- priority_reward: 172.0000
- critical_job_reward: 58.7519
- placement_reward: 0.0000
- timeliness_reward: 381.5707
- machine_idle_penalty: -405.1625

CUMULATIVE TOTAL: -88.3202

CRITICAL STATE INFO:
- Valid actions: ['J4', 'J6']
- Machine states:
  - Machine M1: Time=3243.00, Idle=0.00, Material=Mountainbike_Tretlager_gefraest
  - Machine M2: Time=2026.00, Idle=1217.00, Material=Racebike_Fahrrad_endmontiert
  - Machine M3: Time=3102.00, Idle=141.00, Material=Mountainbike_Fahrrad_endmontiert
==================================================

2025-06-19 11:27:39,894 - JSPGymEnvironment - INFO - Executed operation: Job J6, Op 4, Machine M3, Start: 3253, End: 3284, Setup: 10
2025-06-19 11:27:39,894 - JSPGymEnvironment - INFO - Job J6 completed at time 3284, deadline: 2774, met: False, priority: 7
2025-06-19 11:27:39,894 - JSPGymEnvironment - INFO - 
===== REWARD DETAILS FOR STEP 55 =====
Job: J6, Operation: 4, Job Completed: True
Current Time: 3243.00 -> 3284.00, Setup Time: 10.00
Processing Time: 31.00, Idle Time: 0.00
Completed Jobs: 9/10
Machine: M3, Material: Mountainbike_Fahrrad_endmontiert
Job Deadline: 2774.00 (Missed), Priority: 7

REWARD COMPONENTS:
- makespan_reward: -0.2050
- setup_reward: -2.5000
- deadline_reward: -0.4596
- priority_reward: 28.0000
- critical_job_reward: 0.0000
- placement_reward: 0.0000
- timeliness_reward: -1.7885
- machine_idle_penalty: -16.2375

TOTAL REWARD: 6.8093

CUMULATIVE REWARD COMPONENTS:
- makespan_reward: -16.4200
- setup_reward: -381.2500
- deadline_reward: 99.0251
- priority_reward: 200.0000
- critical_job_reward: 58.7519
- placement_reward: 0.0000
- timeliness_reward: 379.7822
- machine_idle_penalty: -421.4000

CUMULATIVE TOTAL: -81.5108

CRITICAL STATE INFO:
- Valid actions: ['J4']
- Machine states:
  - Machine M1: Time=3243.00, Idle=41.00, Material=Mountainbike_Tretlager_gefraest
  - Machine M2: Time=2026.00, Idle=1258.00, Material=Racebike_Fahrrad_endmontiert
  - Machine M3: Time=3284.00, Idle=0.00, Material=Mountainbike_Fahrrad_endmontiert
==================================================

2025-06-19 11:27:39,894 - JSPGymEnvironment - INFO - Retro-Bonus für Job J6: -10.0
2025-06-19 11:27:39,897 - JSPGymEnvironment - INFO - Material change on machine M1: Mountainbike_Tretlager_gefraest -> Racebike_Rahmen_komplettiert, setup time: 42
2025-06-19 11:27:39,897 - JSPGymEnvironment - INFO - Executed operation: Job J4, Op 2, Machine M1, Start: 3326, End: 3355, Setup: 42
2025-06-19 11:27:39,897 - JSPGymEnvironment - INFO - 
===== REWARD DETAILS FOR STEP 56 =====
Job: J4, Operation: 2, Job Completed: False
Current Time: 3284.00 -> 3355.00, Setup Time: 42.00
Processing Time: 29.00, Idle Time: 0.00
Completed Jobs: 9/10
Machine: M1, Material: Racebike_Rahmen_komplettiert

REWARD COMPONENTS:
- makespan_reward: -0.3550
- setup_reward: -10.5000
- deadline_reward: 0.0000
- priority_reward: 0.0000
- critical_job_reward: 0.0000
- placement_reward: 0.0000
- timeliness_reward: -2.2198
- machine_idle_penalty: -17.5000

TOTAL REWARD: -30.5748

CUMULATIVE REWARD COMPONENTS:
- makespan_reward: -16.7750
- setup_reward: -391.7500
- deadline_reward: 99.0251
- priority_reward: 200.0000
- critical_job_reward: 58.7519
- placement_reward: 0.0000
- timeliness_reward: 377.5624
- machine_idle_penalty: -438.9000

CUMULATIVE TOTAL: -112.0857

CRITICAL STATE INFO:
- Valid actions: ['J4']
- Machine states:
  - Machine M1: Time=3355.00, Idle=0.00, Material=Racebike_Rahmen_komplettiert
  - Machine M2: Time=2026.00, Idle=1329.00, Material=Racebike_Fahrrad_endmontiert
  - Machine M3: Time=3284.00, Idle=71.00, Material=Mountainbike_Fahrrad_endmontiert
==================================================

2025-06-19 11:27:39,900 - JSPGymEnvironment - INFO - Material change on machine M1: Racebike_Rahmen_komplettiert -> Racebike_Tretlageraufnahme_geschweisst, setup time: 40
2025-06-19 11:27:39,900 - JSPGymEnvironment - INFO - Executed operation: Job J4, Op 3, Machine M1, Start: 3395, End: 3439, Setup: 40
2025-06-19 11:27:39,900 - JSPGymEnvironment - INFO - 
===== REWARD DETAILS FOR STEP 57 =====
Job: J4, Operation: 3, Job Completed: False
Current Time: 3355.00 -> 3439.00, Setup Time: 40.00
Processing Time: 44.00, Idle Time: 0.00
Completed Jobs: 9/10
Machine: M1, Material: Racebike_Tretlageraufnahme_geschweisst

REWARD COMPONENTS:
- makespan_reward: -0.4200
- setup_reward: -10.0000
- deadline_reward: 0.0000
- priority_reward: 0.0000
- critical_job_reward: 0.0000
- placement_reward: 0.0000
- timeliness_reward: -2.6825
- machine_idle_penalty: -19.6500

TOTAL REWARD: -32.7525

CUMULATIVE REWARD COMPONENTS:
- makespan_reward: -17.1950
- setup_reward: -401.7500
- deadline_reward: 99.0251
- priority_reward: 200.0000
- critical_job_reward: 58.7519
- placement_reward: 0.0000
- timeliness_reward: 374.8799
- machine_idle_penalty: -458.5500

CUMULATIVE TOTAL: -144.8382

CRITICAL STATE INFO:
- Valid actions: ['J4']
- Machine states:
  - Machine M1: Time=3439.00, Idle=0.00, Material=Racebike_Tretlageraufnahme_geschweisst
  - Machine M2: Time=2026.00, Idle=1413.00, Material=Racebike_Fahrrad_endmontiert
  - Machine M3: Time=3284.00, Idle=155.00, Material=Mountainbike_Fahrrad_endmontiert
==================================================

2025-06-19 11:27:39,903 - JSPGymEnvironment - INFO - Material change on machine M1: Racebike_Tretlageraufnahme_geschweisst -> Racebike_Rahmen_lackiert, setup time: 40
2025-06-19 11:27:39,903 - JSPGymEnvironment - INFO - Executed operation: Job J4, Op 4, Machine M1, Start: 3479, End: 3510, Setup: 40
2025-06-19 11:27:39,903 - JSPGymEnvironment - INFO - 
===== REWARD DETAILS FOR STEP 58 =====
Job: J4, Operation: 4, Job Completed: False
Current Time: 3439.00 -> 3510.00, Setup Time: 40.00
Processing Time: 31.00, Idle Time: 0.00
Completed Jobs: 9/10
Machine: M1, Material: Racebike_Rahmen_lackiert

REWARD COMPONENTS:
- makespan_reward: -0.3550
- setup_reward: -10.0000
- deadline_reward: 0.0000
- priority_reward: 0.0000
- critical_job_reward: 0.0000
- placement_reward: 0.0000
- timeliness_reward: -3.0339
- machine_idle_penalty: -21.4250

TOTAL REWARD: -34.8139

CUMULATIVE REWARD COMPONENTS:
- makespan_reward: -17.5500
- setup_reward: -411.7500
- deadline_reward: 99.0251
- priority_reward: 200.0000
- critical_job_reward: 58.7519
- placement_reward: 0.0000
- timeliness_reward: 371.8460
- machine_idle_penalty: -479.9750

CUMULATIVE TOTAL: -179.6521

CRITICAL STATE INFO:
- Valid actions: ['J4']
- Machine states:
  - Machine M1: Time=3510.00, Idle=0.00, Material=Racebike_Rahmen_lackiert
  - Machine M2: Time=2026.00, Idle=1484.00, Material=Racebike_Fahrrad_endmontiert
  - Machine M3: Time=3284.00, Idle=226.00, Material=Mountainbike_Fahrrad_endmontiert
==================================================

2025-06-19 11:27:39,906 - JSPGymEnvironment - INFO - Executed operation: Job J4, Op 5, Machine M2, Start: 3525, End: 3543, Setup: 15
2025-06-19 11:27:39,906 - JSPGymEnvironment - INFO - 
===== REWARD DETAILS FOR STEP 59 =====
Job: J4, Operation: 5, Job Completed: False
Current Time: 3510.00 -> 3543.00, Setup Time: 15.00
Processing Time: 18.00, Idle Time: 0.00
Completed Jobs: 9/10
Machine: M2, Material: Racebike_Fahrrad_endmontiert

REWARD COMPONENTS:
- makespan_reward: -0.1650
- setup_reward: -3.7500
- deadline_reward: 0.0000
- priority_reward: 0.0000
- critical_job_reward: 0.0000
- placement_reward: 0.0000
- timeliness_reward: -3.1852
- machine_idle_penalty: -3.6500

TOTAL REWARD: -10.7502

CUMULATIVE REWARD COMPONENTS:
- makespan_reward: -17.7150
- setup_reward: -415.5000
- deadline_reward: 99.0251
- priority_reward: 200.0000
- critical_job_reward: 58.7519
- placement_reward: 0.0000
- timeliness_reward: 368.6608
- machine_idle_penalty: -483.6250

CUMULATIVE TOTAL: -190.4023

CRITICAL STATE INFO:
- Valid actions: ['J4']
- Machine states:
  - Machine M1: Time=3510.00, Idle=33.00, Material=Racebike_Rahmen_lackiert
  - Machine M2: Time=3543.00, Idle=0.00, Material=Racebike_Fahrrad_endmontiert
  - Machine M3: Time=3284.00, Idle=259.00, Material=Mountainbike_Fahrrad_endmontiert
==================================================

2025-06-19 11:27:39,909 - JSPGymEnvironment - INFO - Material change on machine M1: Racebike_Rahmen_lackiert -> Racebike_Steuerrohr_montiert, setup time: 40
2025-06-19 11:27:39,909 - JSPGymEnvironment - INFO - Executed operation: Job J4, Op 6, Machine M1, Start: 3583, End: 3599, Setup: 40
2025-06-19 11:27:39,909 - JSPGymEnvironment - INFO - Job J4 completed at time 3599, deadline: 2751, met: False, priority: 7
2025-06-19 11:27:39,909 - JSPGymEnvironment - INFO - 
===== REWARD DETAILS FOR STEP 60 =====
Job: J4, Operation: 6, Job Completed: True
Current Time: 3543.00 -> 3599.00, Setup Time: 40.00
Processing Time: 16.00, Idle Time: 0.00
Completed Jobs: 10/10
Machine: M1, Material: Racebike_Steuerrohr_montiert
Job Deadline: 2751.00 (Missed), Priority: 7

REWARD COMPONENTS:
- makespan_reward: -0.2800
- setup_reward: -10.0000
- deadline_reward: -0.7706
- priority_reward: 28.0000
- critical_job_reward: 0.0000
- placement_reward: 0.0000
- timeliness_reward: 2.4000
- machine_idle_penalty: -4.6375

TOTAL REWARD: 14.7119

CUMULATIVE REWARD COMPONENTS:
- makespan_reward: -17.9950
- setup_reward: -425.5000
- deadline_reward: 98.2544
- priority_reward: 228.0000
- critical_job_reward: 58.7519
- placement_reward: 0.0000
- timeliness_reward: 371.0608
- machine_idle_penalty: -488.2625

CUMULATIVE TOTAL: -175.6904

CRITICAL STATE INFO:
- Valid actions: []
- Machine states:
  - Machine M1: Time=3599.00, Idle=0.00, Material=Racebike_Steuerrohr_montiert
  - Machine M2: Time=3543.00, Idle=56.00, Material=Racebike_Fahrrad_endmontiert
  - Machine M3: Time=3284.00, Idle=315.00, Material=Mountainbike_Fahrrad_endmontiert
==================================================

2025-06-19 11:27:39,909 - JSPGymEnvironment - INFO - Retro-Bonus für Job J4: -10.0
2025-06-19 11:27:39,909 - JSPGymEnvironment - INFO - Reward function updated with 29 insights
2025-06-19 11:27:39,909 - JSPGymEnvironment - INFO -   Material change on critical path at Job 3 Operation 0 on Machine M1 (Severity: 1.05)
2025-06-19 11:27:39,909 - JSPGymEnvironment - INFO -   Material change on critical path at Job 3 Operation 1 on Machine M1 (Severity: 1.00)
2025-06-19 11:27:39,909 - JSPGymEnvironment - INFO -   Idle time on critical path before Job 3 Operation 1 on Machine M1 (Severity: 50.28)
2025-06-19 11:27:39,909 - JSPGymEnvironment - INFO -   Material change on critical path at Job 3 Operation 2 on Machine M1 (Severity: 1.05)
2025-06-19 11:27:39,909 - JSPGymEnvironment - INFO -   Idle time on critical path before Job 3 Operation 2 on Machine M1 (Severity: 30.69)
2025-06-19 11:27:39,910 - JSPGymEnvironment - INFO -   Material change on critical path at Job 3 Operation 3 on Machine M1 (Severity: 1.00)
2025-06-19 11:27:39,910 - JSPGymEnvironment - INFO -   Idle time on critical path before Job 3 Operation 3 on Machine M1 (Severity: 0.91)
2025-06-19 11:27:39,910 - JSPGymEnvironment - INFO -   Material change on critical path at Job 3 Operation 4 on Machine M1 (Severity: 1.00)
2025-06-19 11:27:39,910 - JSPGymEnvironment - INFO -   Idle time on critical path before Job 3 Operation 4 on Machine M1 (Severity: 1.29)
2025-06-19 11:27:39,910 - JSPGymEnvironment - INFO -   Material change on critical path at Job 3 Operation 6 on Machine M1 (Severity: 1.00)
2025-06-19 11:27:39,910 - JSPGymEnvironment - INFO -   High priority (8) not on critical path: Job 2 Operation 0 (Severity: 0.33)
2025-06-19 11:27:39,910 - JSPGymEnvironment - INFO -   High priority (9) not on critical path: Job 9 Operation 0 (Severity: 0.67)
2025-06-19 11:27:39,910 - JSPGymEnvironment - INFO -   High priority (10) not on critical path: Job 0 Operation 0 (Severity: 1.00)
2025-06-19 11:27:39,910 - JSPGymEnvironment - INFO -   High priority (10) not on critical path: Job 0 Operation 1 (Severity: 1.00)
2025-06-19 11:27:39,910 - JSPGymEnvironment - INFO -   High priority (10) not on critical path: Job 0 Operation 2 (Severity: 1.00)
2025-06-19 11:27:39,910 - JSPGymEnvironment - INFO -   High priority (8) not on critical path: Job 2 Operation 1 (Severity: 0.33)
2025-06-19 11:27:39,910 - JSPGymEnvironment - INFO -   High priority (10) not on critical path: Job 0 Operation 3 (Severity: 1.00)
2025-06-19 11:27:39,910 - JSPGymEnvironment - INFO -   High priority (10) not on critical path: Job 0 Operation 4 (Severity: 1.00)
2025-06-19 11:27:39,910 - JSPGymEnvironment - INFO -   High priority (8) not on critical path: Job 2 Operation 2 (Severity: 0.33)
2025-06-19 11:27:39,910 - JSPGymEnvironment - INFO -   High priority (10) not on critical path: Job 0 Operation 5 (Severity: 1.00)
2025-06-19 11:27:39,910 - JSPGymEnvironment - INFO -   High priority (8) not on critical path: Job 2 Operation 3 (Severity: 0.33)
2025-06-19 11:27:39,910 - JSPGymEnvironment - INFO -   High priority (10) not on critical path: Job 0 Operation 6 (Severity: 1.00)
2025-06-19 11:27:39,910 - JSPGymEnvironment - INFO -   High priority (9) not on critical path: Job 9 Operation 1 (Severity: 0.67)
2025-06-19 11:27:39,910 - JSPGymEnvironment - INFO -   High priority (8) not on critical path: Job 2 Operation 4 (Severity: 0.33)
2025-06-19 11:27:39,910 - JSPGymEnvironment - INFO -   High priority (9) not on critical path: Job 9 Operation 2 (Severity: 0.67)
2025-06-19 11:27:39,910 - JSPGymEnvironment - INFO -   High priority (9) not on critical path: Job 9 Operation 3 (Severity: 0.67)
2025-06-19 11:27:39,910 - JSPGymEnvironment - INFO -   High priority (9) not on critical path: Job 9 Operation 4 (Severity: 0.67)
2025-06-19 11:27:39,910 - JSPGymEnvironment - INFO -   High priority (9) not on critical path: Job 9 Operation 5 (Severity: 0.67)
2025-06-19 11:27:39,910 - JSPGymEnvironment - INFO -   High priority (9) not on critical path: Job 9 Operation 6 (Severity: 0.67)
2025-06-19 11:27:39,910 - JSPGymEnvironment - INFO - Episode completed. Critical path: 7 operations, Suboptimal placements: 29
2025-06-19 11:27:39,910 - JSPGymEnvironment - INFO - Reward components: {'makespan_reward': -0.28, 'setup_reward': -10.0, 'deadline_reward': -0.7706288622319156, 'priority_reward': 28.0, 'critical_job_reward': 0.0, 'placement_reward': 0.0, 'timeliness_reward': 2.4, 'machine_idle_penalty': -4.6375}
2025-06-19 11:28:05,657 - JSPGymEnvironment - INFO - Environment reset
2025-06-19 11:28:05,666 - JSPGymEnvironment - INFO - Material change on machine M2:  -> Racebike_Bremsaufnahme_gebohrt, setup time: 0
2025-06-19 11:28:05,666 - JSPGymEnvironment - INFO - Executed operation: Job J1, Op 0, Machine M2, Start: 0, End: 10, Setup: 0
2025-06-19 11:28:05,666 - JSPGymEnvironment - INFO - 
===== REWARD DETAILS FOR STEP 1 =====
Job: J1, Operation: 0, Job Completed: False
Current Time: 0.00 -> 10.00, Setup Time: 0.00
Processing Time: 10.00, Idle Time: 0.00
Completed Jobs: 0/10
Machine: M2, Material: Racebike_Bremsaufnahme_gebohrt

REWARD COMPONENTS:
- makespan_reward: -0.0500
- setup_reward: 0.0000
- deadline_reward: 0.0000
- priority_reward: 0.0000
- critical_job_reward: 0.5000
- placement_reward: -2.5000
- timeliness_reward: 9.1637
- machine_idle_penalty: -0.3500

TOTAL REWARD: 6.7637

CUMULATIVE REWARD COMPONENTS:
- makespan_reward: -0.0500
- setup_reward: 0.0000
- deadline_reward: 0.0000
- priority_reward: 0.0000
- critical_job_reward: 0.5000
- placement_reward: -2.5000
- timeliness_reward: 9.1637
- machine_idle_penalty: -0.3500

CUMULATIVE TOTAL: 6.7637

CRITICAL STATE INFO:
- Valid actions: ['J1', 'J2', 'J3', 'J4', 'J5', 'J6', 'J7', 'J8', 'J9', 'J10']
- Machine states:
  - Machine M1: Time=0.00, Idle=10.00, Material=None
  - Machine M2: Time=10.00, Idle=0.00, Material=Racebike_Bremsaufnahme_gebohrt
  - Machine M3: Time=0.00, Idle=10.00, Material=None
==================================================

2025-06-19 11:28:05,672 - JSPGymEnvironment - INFO - Material change on machine M2: Racebike_Bremsaufnahme_gebohrt -> Mountainbike_Laufraeder_montiert, setup time: 19
2025-06-19 11:28:05,672 - JSPGymEnvironment - INFO - Executed operation: Job J2, Op 0, Machine M2, Start: 29, End: 45, Setup: 19
2025-06-19 11:28:05,672 - JSPGymEnvironment - INFO - 
===== REWARD DETAILS FOR STEP 2 =====
Job: J2, Operation: 0, Job Completed: False
Current Time: 10.00 -> 45.00, Setup Time: 19.00
Processing Time: 16.00, Idle Time: 0.00
Completed Jobs: 0/10
Machine: M2, Material: Mountainbike_Laufraeder_montiert

REWARD COMPONENTS:
- makespan_reward: -0.1750
- setup_reward: -4.7500
- deadline_reward: 0.0000
- priority_reward: 0.0000
- critical_job_reward: 0.0000
- placement_reward: 0.0000
- timeliness_reward: 9.1751
- machine_idle_penalty: -1.2250

TOTAL REWARD: 3.0251

CUMULATIVE REWARD COMPONENTS:
- makespan_reward: -0.2250
- setup_reward: -4.7500
- deadline_reward: 0.0000
- priority_reward: 0.0000
- critical_job_reward: 0.5000
- placement_reward: -2.5000
- timeliness_reward: 18.3389
- machine_idle_penalty: -1.5750

CUMULATIVE TOTAL: 9.7889

CRITICAL STATE INFO:
- Valid actions: ['J1', 'J2', 'J3', 'J4', 'J5', 'J6', 'J7', 'J8', 'J9', 'J10']
- Machine states:
  - Machine M1: Time=0.00, Idle=45.00, Material=None
  - Machine M2: Time=45.00, Idle=0.00, Material=Mountainbike_Laufraeder_montiert
  - Machine M3: Time=0.00, Idle=45.00, Material=None
==================================================

2025-06-19 11:28:05,677 - JSPGymEnvironment - INFO - Material change on machine M3:  -> Racebike_Steuerrohr_montiert, setup time: 0
2025-06-19 11:28:05,677 - JSPGymEnvironment - INFO - Executed operation: Job J1, Op 1, Machine M3, Start: 45, End: 104, Setup: 0
2025-06-19 11:28:05,677 - JSPGymEnvironment - INFO - 
===== REWARD DETAILS FOR STEP 3 =====
Job: J1, Operation: 1, Job Completed: False
Current Time: 45.00 -> 104.00, Setup Time: 0.00
Processing Time: 59.00, Idle Time: 0.00
Completed Jobs: 0/10
Machine: M3, Material: Racebike_Steuerrohr_montiert

REWARD COMPONENTS:
- makespan_reward: -0.2950
- setup_reward: 0.0000
- deadline_reward: 0.0000
- priority_reward: 0.0000
- critical_job_reward: 0.5000
- placement_reward: -2.5000
- timeliness_reward: 9.1937
- machine_idle_penalty: -2.1375

TOTAL REWARD: 4.7612

CUMULATIVE REWARD COMPONENTS:
- makespan_reward: -0.5200
- setup_reward: -4.7500
- deadline_reward: 0.0000
- priority_reward: 0.0000
- critical_job_reward: 1.0000
- placement_reward: -5.0000
- timeliness_reward: 27.5326
- machine_idle_penalty: -3.7125

CUMULATIVE TOTAL: 14.5501

CRITICAL STATE INFO:
- Valid actions: ['J1', 'J2', 'J3', 'J4', 'J5', 'J6', 'J7', 'J8', 'J9', 'J10']
- Machine states:
  - Machine M1: Time=0.00, Idle=104.00, Material=None
  - Machine M2: Time=45.00, Idle=59.00, Material=Mountainbike_Laufraeder_montiert
  - Machine M3: Time=104.00, Idle=0.00, Material=Racebike_Steuerrohr_montiert
==================================================

2025-06-19 11:28:05,681 - JSPGymEnvironment - INFO - Material change on machine M3: Racebike_Steuerrohr_montiert -> Racebike_Hauptrahmen_zugeschnitten, setup time: 15
2025-06-19 11:28:05,681 - JSPGymEnvironment - INFO - Executed operation: Job J1, Op 2, Machine M3, Start: 119, End: 164, Setup: 15
2025-06-19 11:28:05,682 - JSPGymEnvironment - INFO - 
===== REWARD DETAILS FOR STEP 4 =====
Job: J1, Operation: 2, Job Completed: False
Current Time: 104.00 -> 164.00, Setup Time: 15.00
Processing Time: 45.00, Idle Time: 0.00
Completed Jobs: 0/10
Machine: M3, Material: Racebike_Hauptrahmen_zugeschnitten

REWARD COMPONENTS:
- makespan_reward: -0.3000
- setup_reward: -3.7500
- deadline_reward: 0.0000
- priority_reward: 0.0000
- critical_job_reward: 0.5000
- placement_reward: -2.5000
- timeliness_reward: 9.2118
- machine_idle_penalty: -3.6375

TOTAL REWARD: -0.4757

CUMULATIVE REWARD COMPONENTS:
- makespan_reward: -0.8200
- setup_reward: -8.5000
- deadline_reward: 0.0000
- priority_reward: 0.0000
- critical_job_reward: 1.5000
- placement_reward: -7.5000
- timeliness_reward: 36.7445
- machine_idle_penalty: -7.3500

CUMULATIVE TOTAL: 14.0745

CRITICAL STATE INFO:
- Valid actions: ['J1', 'J2', 'J3', 'J4', 'J5', 'J6', 'J7', 'J8', 'J9', 'J10']
- Machine states:
  - Machine M1: Time=0.00, Idle=164.00, Material=None
  - Machine M2: Time=45.00, Idle=119.00, Material=Mountainbike_Laufraeder_montiert
  - Machine M3: Time=164.00, Idle=0.00, Material=Racebike_Hauptrahmen_zugeschnitten
==================================================

2025-06-19 11:28:05,685 - JSPGymEnvironment - INFO - Material change on machine M3: Racebike_Hauptrahmen_zugeschnitten -> E-Bike_Rahmen_komplettiert, setup time: 18
2025-06-19 11:28:05,685 - JSPGymEnvironment - INFO - Executed operation: Job J3, Op 0, Machine M3, Start: 182, End: 220, Setup: 18
2025-06-19 11:28:05,685 - JSPGymEnvironment - INFO - 
===== REWARD DETAILS FOR STEP 5 =====
Job: J3, Operation: 0, Job Completed: False
Current Time: 164.00 -> 220.00, Setup Time: 18.00
Processing Time: 38.00, Idle Time: 0.00
Completed Jobs: 0/10
Machine: M3, Material: E-Bike_Rahmen_komplettiert

REWARD COMPONENTS:
- makespan_reward: -0.2800
- setup_reward: -4.5000
- deadline_reward: 0.0000
- priority_reward: 0.0000
- critical_job_reward: 0.5000
- placement_reward: -0.8333
- timeliness_reward: 9.2519
- machine_idle_penalty: -5.0375

TOTAL REWARD: -0.8989

CUMULATIVE REWARD COMPONENTS:
- makespan_reward: -1.1000
- setup_reward: -13.0000
- deadline_reward: 0.0000
- priority_reward: 0.0000
- critical_job_reward: 2.0000
- placement_reward: -8.3333
- timeliness_reward: 45.9964
- machine_idle_penalty: -12.3875

CUMULATIVE TOTAL: 13.1755

CRITICAL STATE INFO:
- Valid actions: ['J1', 'J2', 'J3', 'J4', 'J5', 'J6', 'J7', 'J8', 'J9', 'J10']
- Machine states:
  - Machine M1: Time=0.00, Idle=220.00, Material=None
  - Machine M2: Time=45.00, Idle=175.00, Material=Mountainbike_Laufraeder_montiert
  - Machine M3: Time=220.00, Idle=0.00, Material=E-Bike_Rahmen_komplettiert
==================================================

2025-06-19 11:28:05,689 - JSPGymEnvironment - INFO - Material change on machine M2: Mountainbike_Laufraeder_montiert -> E-Bike_Antrieb_installiert, setup time: 29
2025-06-19 11:28:05,689 - JSPGymEnvironment - INFO - Executed operation: Job J3, Op 1, Machine M2, Start: 249, End: 260, Setup: 29
2025-06-19 11:28:05,689 - JSPGymEnvironment - INFO - 
===== REWARD DETAILS FOR STEP 6 =====
Job: J3, Operation: 1, Job Completed: False
Current Time: 220.00 -> 260.00, Setup Time: 29.00
Processing Time: 11.00, Idle Time: 0.00
Completed Jobs: 0/10
Machine: M2, Material: E-Bike_Antrieb_installiert

REWARD COMPONENTS:
- makespan_reward: -0.2000
- setup_reward: -7.2500
- deadline_reward: 0.0000
- priority_reward: 0.0000
- critical_job_reward: 0.5000
- placement_reward: -0.8333
- timeliness_reward: 9.2672
- machine_idle_penalty: -3.8000

TOTAL REWARD: -2.3162

CUMULATIVE REWARD COMPONENTS:
- makespan_reward: -1.3000
- setup_reward: -20.2500
- deadline_reward: 0.0000
- priority_reward: 0.0000
- critical_job_reward: 2.5000
- placement_reward: -9.1667
- timeliness_reward: 55.2635
- machine_idle_penalty: -16.1875

CUMULATIVE TOTAL: 10.8593

CRITICAL STATE INFO:
- Valid actions: ['J1', 'J2', 'J3', 'J4', 'J5', 'J6', 'J7', 'J8', 'J9', 'J10']
- Machine states:
  - Machine M1: Time=0.00, Idle=260.00, Material=None
  - Machine M2: Time=260.00, Idle=0.00, Material=E-Bike_Antrieb_installiert
  - Machine M3: Time=220.00, Idle=40.00, Material=E-Bike_Rahmen_komplettiert
==================================================

2025-06-19 11:28:05,692 - JSPGymEnvironment - INFO - Material change on machine M1:  -> Mountainbike_Laufraeder_montiert, setup time: 0
2025-06-19 11:28:05,692 - JSPGymEnvironment - INFO - Executed operation: Job J7, Op 0, Machine M1, Start: 260, End: 298, Setup: 0
2025-06-19 11:28:05,693 - JSPGymEnvironment - INFO - 
===== REWARD DETAILS FOR STEP 7 =====
Job: J7, Operation: 0, Job Completed: False
Current Time: 260.00 -> 298.00, Setup Time: 0.00
Processing Time: 38.00, Idle Time: 0.00
Completed Jobs: 0/10
Machine: M1, Material: Mountainbike_Laufraeder_montiert

REWARD COMPONENTS:
- makespan_reward: -0.1900
- setup_reward: 0.0000
- deadline_reward: 0.0000
- priority_reward: 0.0000
- critical_job_reward: 0.0000
- placement_reward: 0.0000
- timeliness_reward: 9.2529
- machine_idle_penalty: -1.4500

TOTAL REWARD: 7.6129

CUMULATIVE REWARD COMPONENTS:
- makespan_reward: -1.4900
- setup_reward: -20.2500
- deadline_reward: 0.0000
- priority_reward: 0.0000
- critical_job_reward: 2.5000
- placement_reward: -9.1667
- timeliness_reward: 64.5164
- machine_idle_penalty: -17.6375

CUMULATIVE TOTAL: 18.4723

CRITICAL STATE INFO:
- Valid actions: ['J1', 'J2', 'J3', 'J4', 'J5', 'J6', 'J7', 'J8', 'J9', 'J10']
- Machine states:
  - Machine M1: Time=298.00, Idle=0.00, Material=Mountainbike_Laufraeder_montiert
  - Machine M2: Time=260.00, Idle=38.00, Material=E-Bike_Antrieb_installiert
  - Machine M3: Time=220.00, Idle=78.00, Material=E-Bike_Rahmen_komplettiert
==================================================

2025-06-19 11:28:05,695 - JSPGymEnvironment - INFO - Material change on machine M2: E-Bike_Antrieb_installiert -> Racebike_Tretlageraufnahme_geschweisst, setup time: 28
2025-06-19 11:28:05,695 - JSPGymEnvironment - INFO - Executed operation: Job J10, Op 0, Machine M2, Start: 326, End: 340, Setup: 28
2025-06-19 11:28:05,695 - JSPGymEnvironment - INFO - 
===== REWARD DETAILS FOR STEP 8 =====
Job: J10, Operation: 0, Job Completed: False
Current Time: 298.00 -> 340.00, Setup Time: 28.00
Processing Time: 14.00, Idle Time: 0.00
Completed Jobs: 0/10
Machine: M2, Material: Racebike_Tretlageraufnahme_geschweisst

REWARD COMPONENTS:
- makespan_reward: -0.2100
- setup_reward: -7.0000
- deadline_reward: 0.0000
- priority_reward: 0.0000
- critical_job_reward: 0.5000
- placement_reward: -1.6667
- timeliness_reward: 9.2589
- machine_idle_penalty: -2.0250

TOTAL REWARD: -1.1427

CUMULATIVE REWARD COMPONENTS:
- makespan_reward: -1.7000
- setup_reward: -27.2500
- deadline_reward: 0.0000
- priority_reward: 0.0000
- critical_job_reward: 3.0000
- placement_reward: -10.8333
- timeliness_reward: 73.7754
- machine_idle_penalty: -19.6625

CUMULATIVE TOTAL: 17.3295

CRITICAL STATE INFO:
- Valid actions: ['J1', 'J2', 'J3', 'J4', 'J5', 'J6', 'J7', 'J8', 'J9', 'J10']
- Machine states:
  - Machine M1: Time=298.00, Idle=42.00, Material=Mountainbike_Laufraeder_montiert
  - Machine M2: Time=340.00, Idle=0.00, Material=Racebike_Tretlageraufnahme_geschweisst
  - Machine M3: Time=220.00, Idle=120.00, Material=E-Bike_Rahmen_komplettiert
==================================================

2025-06-19 11:28:05,698 - JSPGymEnvironment - INFO - Material change on machine M2: Racebike_Tretlageraufnahme_geschweisst -> Racebike_Hinterbau_vorbereitet, setup time: 20
2025-06-19 11:28:05,699 - JSPGymEnvironment - INFO - Executed operation: Job J1, Op 3, Machine M2, Start: 360, End: 388, Setup: 20
2025-06-19 11:28:05,699 - JSPGymEnvironment - INFO - 
===== REWARD DETAILS FOR STEP 9 =====
Job: J1, Operation: 3, Job Completed: False
Current Time: 340.00 -> 388.00, Setup Time: 20.00
Processing Time: 28.00, Idle Time: 0.00
Completed Jobs: 0/10
Machine: M2, Material: Racebike_Hinterbau_vorbereitet

REWARD COMPONENTS:
- makespan_reward: -0.2400
- setup_reward: -5.0000
- deadline_reward: 0.0000
- priority_reward: 0.0000
- critical_job_reward: 0.5000
- placement_reward: -2.5000
- timeliness_reward: 9.2699
- machine_idle_penalty: -3.2750

TOTAL REWARD: -1.2451

CUMULATIVE REWARD COMPONENTS:
- makespan_reward: -1.9400
- setup_reward: -32.2500
- deadline_reward: 0.0000
- priority_reward: 0.0000
- critical_job_reward: 3.5000
- placement_reward: -13.3333
- timeliness_reward: 83.0453
- machine_idle_penalty: -22.9375

CUMULATIVE TOTAL: 16.0844

CRITICAL STATE INFO:
- Valid actions: ['J1', 'J2', 'J3', 'J4', 'J5', 'J6', 'J7', 'J8', 'J9', 'J10']
- Machine states:
  - Machine M1: Time=298.00, Idle=90.00, Material=Mountainbike_Laufraeder_montiert
  - Machine M2: Time=388.00, Idle=0.00, Material=Racebike_Hinterbau_vorbereitet
  - Machine M3: Time=220.00, Idle=168.00, Material=E-Bike_Rahmen_komplettiert
==================================================

2025-06-19 11:28:05,702 - JSPGymEnvironment - INFO - Material change on machine M3: E-Bike_Rahmen_komplettiert -> Mountainbike_Rahmen_komplettiert, setup time: 24
2025-06-19 11:28:05,702 - JSPGymEnvironment - INFO - Executed operation: Job J2, Op 1, Machine M3, Start: 412, End: 472, Setup: 24
2025-06-19 11:28:05,702 - JSPGymEnvironment - INFO - 
===== REWARD DETAILS FOR STEP 10 =====
Job: J2, Operation: 1, Job Completed: False
Current Time: 388.00 -> 472.00, Setup Time: 24.00
Processing Time: 60.00, Idle Time: 0.00
Completed Jobs: 0/10
Machine: M3, Material: Mountainbike_Rahmen_komplettiert

REWARD COMPONENTS:
- makespan_reward: -0.4200
- setup_reward: -6.0000
- deadline_reward: 0.0000
- priority_reward: 0.0000
- critical_job_reward: 0.0000
- placement_reward: 0.0000
- timeliness_reward: 9.2868
- machine_idle_penalty: -3.2250

TOTAL REWARD: -0.3582

CUMULATIVE REWARD COMPONENTS:
- makespan_reward: -2.3600
- setup_reward: -38.2500
- deadline_reward: 0.0000
- priority_reward: 0.0000
- critical_job_reward: 3.5000
- placement_reward: -13.3333
- timeliness_reward: 92.3320
- machine_idle_penalty: -26.1625

CUMULATIVE TOTAL: 15.7262

CRITICAL STATE INFO:
- Valid actions: ['J1', 'J2', 'J3', 'J4', 'J5', 'J6', 'J7', 'J8', 'J9', 'J10']
- Machine states:
  - Machine M1: Time=298.00, Idle=174.00, Material=Mountainbike_Laufraeder_montiert
  - Machine M2: Time=388.00, Idle=84.00, Material=Racebike_Hinterbau_vorbereitet
  - Machine M3: Time=472.00, Idle=0.00, Material=Mountainbike_Rahmen_komplettiert
==================================================

2025-06-19 11:28:05,705 - JSPGymEnvironment - INFO - Material change on machine M2: Racebike_Hinterbau_vorbereitet -> E-Bike_Fahrrad_endmontiert, setup time: 27
2025-06-19 11:28:05,705 - JSPGymEnvironment - INFO - Executed operation: Job J3, Op 2, Machine M2, Start: 499, End: 514, Setup: 27
2025-06-19 11:28:05,705 - JSPGymEnvironment - INFO - 
===== REWARD DETAILS FOR STEP 11 =====
Job: J3, Operation: 2, Job Completed: False
Current Time: 472.00 -> 514.00, Setup Time: 27.00
Processing Time: 15.00, Idle Time: 0.00
Completed Jobs: 0/10
Machine: M2, Material: E-Bike_Fahrrad_endmontiert

REWARD COMPONENTS:
- makespan_reward: -0.2100
- setup_reward: -6.7500
- deadline_reward: 0.0000
- priority_reward: 0.0000
- critical_job_reward: 0.5000
- placement_reward: -0.8333
- timeliness_reward: 9.3498
- machine_idle_penalty: -3.2750

TOTAL REWARD: -1.2185

CUMULATIVE REWARD COMPONENTS:
- makespan_reward: -2.5700
- setup_reward: -45.0000
- deadline_reward: 0.0000
- priority_reward: 0.0000
- critical_job_reward: 4.0000
- placement_reward: -14.1667
- timeliness_reward: 101.6819
- machine_idle_penalty: -29.4375

CUMULATIVE TOTAL: 14.5077

CRITICAL STATE INFO:
- Valid actions: ['J1', 'J2', 'J3', 'J4', 'J5', 'J6', 'J7', 'J8', 'J9', 'J10']
- Machine states:
  - Machine M1: Time=298.00, Idle=216.00, Material=Mountainbike_Laufraeder_montiert
  - Machine M2: Time=514.00, Idle=0.00, Material=E-Bike_Fahrrad_endmontiert
  - Machine M3: Time=472.00, Idle=42.00, Material=Mountainbike_Rahmen_komplettiert
==================================================

2025-06-19 11:28:05,708 - JSPGymEnvironment - INFO - Material change on machine M1: Mountainbike_Laufraeder_montiert -> Mountainbike_Rahmen_nachbearbeitet, setup time: 40
2025-06-19 11:28:05,708 - JSPGymEnvironment - INFO - Executed operation: Job J5, Op 0, Machine M1, Start: 554, End: 590, Setup: 40
2025-06-19 11:28:05,708 - JSPGymEnvironment - INFO - 
===== REWARD DETAILS FOR STEP 12 =====
Job: J5, Operation: 0, Job Completed: False
Current Time: 514.00 -> 590.00, Setup Time: 40.00
Processing Time: 36.00, Idle Time: 0.00
Completed Jobs: 0/10
Machine: M1, Material: Mountainbike_Rahmen_nachbearbeitet

REWARD COMPONENTS:
- makespan_reward: -0.3800
- setup_reward: -10.0000
- deadline_reward: 0.0000
- priority_reward: 0.0000
- critical_job_reward: 0.0000
- placement_reward: 0.0000
- timeliness_reward: 9.3084
- machine_idle_penalty: -2.4250

TOTAL REWARD: -3.4966

CUMULATIVE REWARD COMPONENTS:
- makespan_reward: -2.9500
- setup_reward: -55.0000
- deadline_reward: 0.0000
- priority_reward: 0.0000
- critical_job_reward: 4.0000
- placement_reward: -14.1667
- timeliness_reward: 110.9903
- machine_idle_penalty: -31.8625

CUMULATIVE TOTAL: 11.0111

CRITICAL STATE INFO:
- Valid actions: ['J1', 'J2', 'J3', 'J4', 'J5', 'J6', 'J7', 'J8', 'J9', 'J10']
- Machine states:
  - Machine M1: Time=590.00, Idle=0.00, Material=Mountainbike_Rahmen_nachbearbeitet
  - Machine M2: Time=514.00, Idle=76.00, Material=E-Bike_Fahrrad_endmontiert
  - Machine M3: Time=472.00, Idle=118.00, Material=Mountainbike_Rahmen_komplettiert
==================================================

2025-06-19 11:28:05,711 - JSPGymEnvironment - INFO - Material change on machine M2: E-Bike_Fahrrad_endmontiert -> Mountainbike_Steuerrohr_ausgerieben, setup time: 24
2025-06-19 11:28:05,711 - JSPGymEnvironment - INFO - Executed operation: Job J2, Op 2, Machine M2, Start: 614, End: 644, Setup: 24
2025-06-19 11:28:05,711 - JSPGymEnvironment - INFO - 
===== REWARD DETAILS FOR STEP 13 =====
Job: J2, Operation: 2, Job Completed: False
Current Time: 590.00 -> 644.00, Setup Time: 24.00
Processing Time: 30.00, Idle Time: 0.00
Completed Jobs: 0/10
Machine: M2, Material: Mountainbike_Steuerrohr_ausgerieben

REWARD COMPONENTS:
- makespan_reward: -0.2700
- setup_reward: -6.0000
- deadline_reward: 0.0000
- priority_reward: 0.0000
- critical_job_reward: 0.0000
- placement_reward: 0.0000
- timeliness_reward: 9.3092
- machine_idle_penalty: -2.8250

TOTAL REWARD: 0.2142

CUMULATIVE REWARD COMPONENTS:
- makespan_reward: -3.2200
- setup_reward: -61.0000
- deadline_reward: 0.0000
- priority_reward: 0.0000
- critical_job_reward: 4.0000
- placement_reward: -14.1667
- timeliness_reward: 120.2994
- machine_idle_penalty: -34.6875

CUMULATIVE TOTAL: 11.2253

CRITICAL STATE INFO:
- Valid actions: ['J1', 'J2', 'J3', 'J4', 'J5', 'J6', 'J7', 'J8', 'J9', 'J10']
- Machine states:
  - Machine M1: Time=590.00, Idle=54.00, Material=Mountainbike_Rahmen_nachbearbeitet
  - Machine M2: Time=644.00, Idle=0.00, Material=Mountainbike_Steuerrohr_ausgerieben
  - Machine M3: Time=472.00, Idle=172.00, Material=Mountainbike_Rahmen_komplettiert
==================================================

2025-06-19 11:28:05,714 - JSPGymEnvironment - INFO - Material change on machine M1: Mountainbike_Rahmen_nachbearbeitet -> Racebike_Rahmen_lackiert, setup time: 42
2025-06-19 11:28:05,714 - JSPGymEnvironment - INFO - Executed operation: Job J1, Op 4, Machine M1, Start: 686, End: 706, Setup: 42
2025-06-19 11:28:05,714 - JSPGymEnvironment - INFO - 
===== REWARD DETAILS FOR STEP 14 =====
Job: J1, Operation: 4, Job Completed: False
Current Time: 644.00 -> 706.00, Setup Time: 42.00
Processing Time: 20.00, Idle Time: 0.00
Completed Jobs: 0/10
Machine: M1, Material: Racebike_Rahmen_lackiert

REWARD COMPONENTS:
- makespan_reward: -0.3100
- setup_reward: -10.5000
- deadline_reward: 0.0000
- priority_reward: 0.0000
- critical_job_reward: 0.5000
- placement_reward: -2.5000
- timeliness_reward: 9.3122
- machine_idle_penalty: -3.7000

TOTAL REWARD: -7.1978

CUMULATIVE REWARD COMPONENTS:
- makespan_reward: -3.5300
- setup_reward: -71.5000
- deadline_reward: 0.0000
- priority_reward: 0.0000
- critical_job_reward: 4.5000
- placement_reward: -16.6667
- timeliness_reward: 129.6116
- machine_idle_penalty: -38.3875

CUMULATIVE TOTAL: 4.0274

CRITICAL STATE INFO:
- Valid actions: ['J1', 'J2', 'J3', 'J4', 'J5', 'J6', 'J7', 'J8', 'J9', 'J10']
- Machine states:
  - Machine M1: Time=706.00, Idle=0.00, Material=Racebike_Rahmen_lackiert
  - Machine M2: Time=644.00, Idle=62.00, Material=Mountainbike_Steuerrohr_ausgerieben
  - Machine M3: Time=472.00, Idle=234.00, Material=Mountainbike_Rahmen_komplettiert
==================================================

2025-06-19 11:28:05,719 - JSPGymEnvironment - INFO - Material change on machine M2: Mountainbike_Steuerrohr_ausgerieben -> Racebike_Steuerrohr_ausgerieben, setup time: 24
2025-06-19 11:28:05,719 - JSPGymEnvironment - INFO - Executed operation: Job J1, Op 5, Machine M2, Start: 730, End: 752, Setup: 24
2025-06-19 11:28:05,719 - JSPGymEnvironment - INFO - 
===== REWARD DETAILS FOR STEP 15 =====
Job: J1, Operation: 5, Job Completed: False
Current Time: 706.00 -> 752.00, Setup Time: 24.00
Processing Time: 22.00, Idle Time: 0.00
Completed Jobs: 0/10
Machine: M2, Material: Racebike_Steuerrohr_ausgerieben

REWARD COMPONENTS:
- makespan_reward: -0.2300
- setup_reward: -6.0000
- deadline_reward: 0.0000
- priority_reward: 0.0000
- critical_job_reward: 0.5000
- placement_reward: -2.5000
- timeliness_reward: 9.3125
- machine_idle_penalty: -4.0750

TOTAL REWARD: -2.9925

CUMULATIVE REWARD COMPONENTS:
- makespan_reward: -3.7600
- setup_reward: -77.5000
- deadline_reward: 0.0000
- priority_reward: 0.0000
- critical_job_reward: 5.0000
- placement_reward: -19.1667
- timeliness_reward: 138.9241
- machine_idle_penalty: -42.4625

CUMULATIVE TOTAL: 1.0349

CRITICAL STATE INFO:
- Valid actions: ['J1', 'J2', 'J3', 'J4', 'J5', 'J6', 'J7', 'J8', 'J9', 'J10']
- Machine states:
  - Machine M1: Time=706.00, Idle=46.00, Material=Racebike_Rahmen_lackiert
  - Machine M2: Time=752.00, Idle=0.00, Material=Racebike_Steuerrohr_ausgerieben
  - Machine M3: Time=472.00, Idle=280.00, Material=Mountainbike_Rahmen_komplettiert
==================================================

2025-06-19 11:28:05,722 - JSPGymEnvironment - INFO - Material change on machine M1: Racebike_Rahmen_lackiert -> Racebike_Rahmen_nachbearbeitet, setup time: 40
2025-06-19 11:28:05,722 - JSPGymEnvironment - INFO - Executed operation: Job J1, Op 6, Machine M1, Start: 792, End: 837, Setup: 40
2025-06-19 11:28:05,722 - JSPGymEnvironment - INFO - Job J1 completed at time 837, deadline: 2880, met: True, priority: 10
2025-06-19 11:28:05,723 - JSPGymEnvironment - INFO - 
===== REWARD DETAILS FOR STEP 16 =====
Job: J1, Operation: 6, Job Completed: True
Current Time: 752.00 -> 837.00, Setup Time: 40.00
Processing Time: 45.00, Idle Time: 0.00
Completed Jobs: 1/10
Machine: M1, Material: Racebike_Rahmen_nachbearbeitet
Job Deadline: 2880.00 (Met), Priority: 10

REWARD COMPONENTS:
- makespan_reward: -0.4250
- setup_reward: -10.0000
- deadline_reward: 20.0000
- priority_reward: 40.0000
- critical_job_reward: 21.0125
- placement_reward: -2.5000
- timeliness_reward: 9.3015
- machine_idle_penalty: -5.6750

TOTAL REWARD: 71.7140

CUMULATIVE REWARD COMPONENTS:
- makespan_reward: -4.1850
- setup_reward: -87.5000
- deadline_reward: 20.0000
- priority_reward: 40.0000
- critical_job_reward: 26.0125
- placement_reward: -21.6667
- timeliness_reward: 148.2256
- machine_idle_penalty: -48.1375

CUMULATIVE TOTAL: 72.7489

CRITICAL STATE INFO:
- Valid actions: ['J2', 'J3', 'J4', 'J5', 'J6', 'J7', 'J8', 'J9', 'J10']
- Machine states:
  - Machine M1: Time=837.00, Idle=0.00, Material=Racebike_Rahmen_nachbearbeitet
  - Machine M2: Time=752.00, Idle=85.00, Material=Racebike_Steuerrohr_ausgerieben
  - Machine M3: Time=472.00, Idle=365.00, Material=Mountainbike_Rahmen_komplettiert
==================================================

2025-06-19 11:28:05,723 - JSPGymEnvironment - INFO - Retro-Bonus für Job J1: +15.0
2025-06-19 11:28:05,726 - JSPGymEnvironment - INFO - Material change on machine M1: Racebike_Rahmen_nachbearbeitet -> E-Bike_Tretlageraufnahme_geschweisst, setup time: 49
2025-06-19 11:28:05,726 - JSPGymEnvironment - INFO - Executed operation: Job J3, Op 3, Machine M1, Start: 886, End: 916, Setup: 49
2025-06-19 11:28:05,726 - JSPGymEnvironment - INFO - 
===== REWARD DETAILS FOR STEP 17 =====
Job: J3, Operation: 3, Job Completed: False
Current Time: 837.00 -> 916.00, Setup Time: 49.00
Processing Time: 30.00, Idle Time: 0.00
Completed Jobs: 1/10
Machine: M1, Material: E-Bike_Tretlageraufnahme_geschweisst

REWARD COMPONENTS:
- makespan_reward: -0.3950
- setup_reward: -12.2500
- deadline_reward: 0.0000
- priority_reward: 0.0000
- critical_job_reward: 0.5000
- placement_reward: -0.8333
- timeliness_reward: 9.3885
- machine_idle_penalty: -7.6500

TOTAL REWARD: -11.2398

CUMULATIVE REWARD COMPONENTS:
- makespan_reward: -4.5800
- setup_reward: -99.7500
- deadline_reward: 20.0000
- priority_reward: 40.0000
- critical_job_reward: 26.5125
- placement_reward: -22.5000
- timeliness_reward: 157.6141
- machine_idle_penalty: -55.7875

CUMULATIVE TOTAL: 61.5091

CRITICAL STATE INFO:
- Valid actions: ['J2', 'J3', 'J4', 'J5', 'J6', 'J7', 'J8', 'J9', 'J10']
- Machine states:
  - Machine M1: Time=916.00, Idle=0.00, Material=E-Bike_Tretlageraufnahme_geschweisst
  - Machine M2: Time=752.00, Idle=164.00, Material=Racebike_Steuerrohr_ausgerieben
  - Machine M3: Time=472.00, Idle=444.00, Material=Mountainbike_Rahmen_komplettiert
==================================================

2025-06-19 11:28:05,729 - JSPGymEnvironment - INFO - Material change on machine M2: Racebike_Steuerrohr_ausgerieben -> Mountainbike_Tretlager_gefraest, setup time: 19
2025-06-19 11:28:05,729 - JSPGymEnvironment - INFO - Executed operation: Job J2, Op 3, Machine M2, Start: 935, End: 964, Setup: 19
2025-06-19 11:28:05,729 - JSPGymEnvironment - INFO - 
===== REWARD DETAILS FOR STEP 18 =====
Job: J2, Operation: 3, Job Completed: False
Current Time: 916.00 -> 964.00, Setup Time: 19.00
Processing Time: 29.00, Idle Time: 0.00
Completed Jobs: 1/10
Machine: M2, Material: Mountainbike_Tretlager_gefraest

REWARD COMPONENTS:
- makespan_reward: -0.2400
- setup_reward: -4.7500
- deadline_reward: 0.0000
- priority_reward: 0.0000
- critical_job_reward: 0.0000
- placement_reward: 0.0000
- timeliness_reward: 9.2769
- machine_idle_penalty: -6.8000

TOTAL REWARD: -2.5131

CUMULATIVE REWARD COMPONENTS:
- makespan_reward: -4.8200
- setup_reward: -104.5000
- deadline_reward: 20.0000
- priority_reward: 40.0000
- critical_job_reward: 26.5125
- placement_reward: -22.5000
- timeliness_reward: 166.8910
- machine_idle_penalty: -62.5875

CUMULATIVE TOTAL: 58.9960

CRITICAL STATE INFO:
- Valid actions: ['J2', 'J3', 'J4', 'J5', 'J6', 'J7', 'J8', 'J9', 'J10']
- Machine states:
  - Machine M1: Time=916.00, Idle=48.00, Material=E-Bike_Tretlageraufnahme_geschweisst
  - Machine M2: Time=964.00, Idle=0.00, Material=Mountainbike_Tretlager_gefraest
  - Machine M3: Time=472.00, Idle=492.00, Material=Mountainbike_Rahmen_komplettiert
==================================================

2025-06-19 11:28:05,732 - JSPGymEnvironment - INFO - Material change on machine M1: E-Bike_Tretlageraufnahme_geschweisst -> Racebike_Bremsaufnahme_gebohrt, setup time: 57
2025-06-19 11:28:05,732 - JSPGymEnvironment - INFO - Executed operation: Job J10, Op 1, Machine M1, Start: 1021, End: 1054, Setup: 57
2025-06-19 11:28:05,732 - JSPGymEnvironment - INFO - 
===== REWARD DETAILS FOR STEP 19 =====
Job: J10, Operation: 1, Job Completed: False
Current Time: 964.00 -> 1054.00, Setup Time: 57.00
Processing Time: 33.00, Idle Time: 0.00
Completed Jobs: 1/10
Machine: M1, Material: Racebike_Bremsaufnahme_gebohrt

REWARD COMPONENTS:
- makespan_reward: -0.4500
- setup_reward: -14.2500
- deadline_reward: 0.0000
- priority_reward: 0.0000
- critical_job_reward: 0.5000
- placement_reward: -1.6667
- timeliness_reward: 9.2452
- machine_idle_penalty: -8.4500

TOTAL REWARD: -15.0714

CUMULATIVE REWARD COMPONENTS:
- makespan_reward: -5.2700
- setup_reward: -118.7500
- deadline_reward: 20.0000
- priority_reward: 40.0000
- critical_job_reward: 27.0125
- placement_reward: -24.1667
- timeliness_reward: 176.1363
- machine_idle_penalty: -71.0375

CUMULATIVE TOTAL: 43.9246

CRITICAL STATE INFO:
- Valid actions: ['J2', 'J3', 'J4', 'J5', 'J6', 'J7', 'J8', 'J9', 'J10']
- Machine states:
  - Machine M1: Time=1054.00, Idle=0.00, Material=Racebike_Bremsaufnahme_gebohrt
  - Machine M2: Time=964.00, Idle=90.00, Material=Mountainbike_Tretlager_gefraest
  - Machine M3: Time=472.00, Idle=582.00, Material=Mountainbike_Rahmen_komplettiert
==================================================

2025-06-19 11:28:05,734 - JSPGymEnvironment - INFO - Material change on machine M3: Mountainbike_Rahmen_komplettiert -> Mountainbike_Bremsaufnahme_gebohrt, setup time: 15
2025-06-19 11:28:05,734 - JSPGymEnvironment - INFO - Executed operation: Job J2, Op 4, Machine M3, Start: 1069, End: 1095, Setup: 15
2025-06-19 11:28:05,734 - JSPGymEnvironment - INFO - Job J2 completed at time 1095, deadline: 2878, met: True, priority: 2
2025-06-19 11:28:05,735 - JSPGymEnvironment - INFO - 
===== REWARD DETAILS FOR STEP 20 =====
Job: J2, Operation: 4, Job Completed: True
Current Time: 1054.00 -> 1095.00, Setup Time: 15.00
Processing Time: 26.00, Idle Time: 0.00
Completed Jobs: 2/10
Machine: M3, Material: Mountainbike_Bremsaufnahme_gebohrt
Job Deadline: 2878.00 (Met), Priority: 2

REWARD COMPONENTS:
- makespan_reward: -0.2050
- setup_reward: -3.7500
- deadline_reward: 20.0000
- priority_reward: 8.0000
- critical_job_reward: 0.0000
- placement_reward: 0.0000
- timeliness_reward: 9.2260
- machine_idle_penalty: -2.1500

TOTAL REWARD: 31.1210

CUMULATIVE REWARD COMPONENTS:
- makespan_reward: -5.4750
- setup_reward: -122.5000
- deadline_reward: 40.0000
- priority_reward: 48.0000
- critical_job_reward: 27.0125
- placement_reward: -24.1667
- timeliness_reward: 185.3622
- machine_idle_penalty: -73.1875

CUMULATIVE TOTAL: 75.0456

CRITICAL STATE INFO:
- Valid actions: ['J3', 'J4', 'J5', 'J6', 'J7', 'J8', 'J9', 'J10']
- Machine states:
  - Machine M1: Time=1054.00, Idle=41.00, Material=Racebike_Bremsaufnahme_gebohrt
  - Machine M2: Time=964.00, Idle=131.00, Material=Mountainbike_Tretlager_gefraest
  - Machine M3: Time=1095.00, Idle=0.00, Material=Mountainbike_Bremsaufnahme_gebohrt
==================================================

2025-06-19 11:28:05,735 - JSPGymEnvironment - INFO - Retro-Bonus für Job J2: +10.0
2025-06-19 11:28:05,737 - JSPGymEnvironment - INFO - Material change on machine M1: Racebike_Bremsaufnahme_gebohrt -> Mountainbike_Rahmen_nachbearbeitet, setup time: 41
2025-06-19 11:28:05,737 - JSPGymEnvironment - INFO - Executed operation: Job J6, Op 0, Machine M1, Start: 1136, End: 1168, Setup: 41
2025-06-19 11:28:05,738 - JSPGymEnvironment - INFO - 
===== REWARD DETAILS FOR STEP 21 =====
Job: J6, Operation: 0, Job Completed: False
Current Time: 1095.00 -> 1168.00, Setup Time: 41.00
Processing Time: 32.00, Idle Time: 0.00
Completed Jobs: 2/10
Machine: M1, Material: Mountainbike_Rahmen_nachbearbeitet

REWARD COMPONENTS:
- makespan_reward: -0.3650
- setup_reward: -10.2500
- deadline_reward: 0.0000
- priority_reward: 0.0000
- critical_job_reward: 0.0000
- placement_reward: 0.0000
- timeliness_reward: 9.2027
- machine_idle_penalty: -3.4625

TOTAL REWARD: -4.8748

CUMULATIVE REWARD COMPONENTS:
- makespan_reward: -5.8400
- setup_reward: -132.7500
- deadline_reward: 40.0000
- priority_reward: 48.0000
- critical_job_reward: 27.0125
- placement_reward: -24.1667
- timeliness_reward: 194.5649
- machine_idle_penalty: -76.6500

CUMULATIVE TOTAL: 70.1708

CRITICAL STATE INFO:
- Valid actions: ['J3', 'J4', 'J5', 'J6', 'J7', 'J8', 'J9', 'J10']
- Machine states:
  - Machine M1: Time=1168.00, Idle=0.00, Material=Mountainbike_Rahmen_nachbearbeitet
  - Machine M2: Time=964.00, Idle=204.00, Material=Mountainbike_Tretlager_gefraest
  - Machine M3: Time=1095.00, Idle=73.00, Material=Mountainbike_Bremsaufnahme_gebohrt
==================================================

2025-06-19 11:28:05,741 - JSPGymEnvironment - INFO - Material change on machine M2: Mountainbike_Tretlager_gefraest -> E-Bike_Schaltauge_bearbeitet, setup time: 29
2025-06-19 11:28:05,741 - JSPGymEnvironment - INFO - Executed operation: Job J3, Op 4, Machine M2, Start: 1197, End: 1220, Setup: 29
2025-06-19 11:28:05,741 - JSPGymEnvironment - INFO - Job J3 completed at time 1220, deadline: 2282, met: True, priority: 8
2025-06-19 11:28:05,741 - JSPGymEnvironment - INFO - 
===== REWARD DETAILS FOR STEP 22 =====
Job: J3, Operation: 4, Job Completed: True
Current Time: 1168.00 -> 1220.00, Setup Time: 29.00
Processing Time: 23.00, Idle Time: 0.00
Completed Jobs: 3/10
Machine: M2, Material: E-Bike_Schaltauge_bearbeitet
Job Deadline: 2282.00 (Met), Priority: 8

REWARD COMPONENTS:
- makespan_reward: -0.2600
- setup_reward: -7.2500
- deadline_reward: 20.0000
- priority_reward: 32.0000
- critical_job_reward: 18.0846
- placement_reward: -0.8333
- timeliness_reward: 9.3293
- machine_idle_penalty: -2.2125

TOTAL REWARD: 68.8581

CUMULATIVE REWARD COMPONENTS:
- makespan_reward: -6.1000
- setup_reward: -140.0000
- deadline_reward: 60.0000
- priority_reward: 80.0000
- critical_job_reward: 45.0971
- placement_reward: -25.0000
- timeliness_reward: 203.8943
- machine_idle_penalty: -78.8625

CUMULATIVE TOTAL: 139.0288

CRITICAL STATE INFO:
- Valid actions: ['J4', 'J5', 'J6', 'J7', 'J8', 'J9', 'J10']
- Machine states:
  - Machine M1: Time=1168.00, Idle=52.00, Material=Mountainbike_Rahmen_nachbearbeitet
  - Machine M2: Time=1220.00, Idle=0.00, Material=E-Bike_Schaltauge_bearbeitet
  - Machine M3: Time=1095.00, Idle=125.00, Material=Mountainbike_Bremsaufnahme_gebohrt
==================================================

2025-06-19 11:28:05,741 - JSPGymEnvironment - INFO - Retro-Bonus für Job J3: +15.0
2025-06-19 11:28:05,744 - JSPGymEnvironment - INFO - Material change on machine M1: Mountainbike_Rahmen_nachbearbeitet -> Racebike_Bremsen_justiert, setup time: 42
2025-06-19 11:28:05,744 - JSPGymEnvironment - INFO - Executed operation: Job J4, Op 0, Machine M1, Start: 1262, End: 1277, Setup: 42
2025-06-19 11:28:05,744 - JSPGymEnvironment - INFO - 
===== REWARD DETAILS FOR STEP 23 =====
Job: J4, Operation: 0, Job Completed: False
Current Time: 1220.00 -> 1277.00, Setup Time: 42.00
Processing Time: 15.00, Idle Time: 0.00
Completed Jobs: 3/10
Machine: M1, Material: Racebike_Bremsen_justiert

REWARD COMPONENTS:
- makespan_reward: -0.2850
- setup_reward: -10.5000
- deadline_reward: 0.0000
- priority_reward: 0.0000
- critical_job_reward: 0.0000
- placement_reward: -2.6250
- timeliness_reward: 9.1813
- machine_idle_penalty: -2.9875

TOTAL REWARD: -7.2162

CUMULATIVE REWARD COMPONENTS:
- makespan_reward: -6.3850
- setup_reward: -150.5000
- deadline_reward: 60.0000
- priority_reward: 80.0000
- critical_job_reward: 45.0971
- placement_reward: -27.6250
- timeliness_reward: 213.0756
- machine_idle_penalty: -81.8500

CUMULATIVE TOTAL: 131.8127

CRITICAL STATE INFO:
- Valid actions: ['J4', 'J5', 'J6', 'J7', 'J8', 'J9', 'J10']
- Machine states:
  - Machine M1: Time=1277.00, Idle=0.00, Material=Racebike_Bremsen_justiert
  - Machine M2: Time=1220.00, Idle=57.00, Material=E-Bike_Schaltauge_bearbeitet
  - Machine M3: Time=1095.00, Idle=182.00, Material=Mountainbike_Bremsaufnahme_gebohrt
==================================================

2025-06-19 11:28:05,747 - JSPGymEnvironment - INFO - Material change on machine M2: E-Bike_Schaltauge_bearbeitet -> Racebike_Rahmen_lackiert, setup time: 28
2025-06-19 11:28:05,747 - JSPGymEnvironment - INFO - Executed operation: Job J10, Op 2, Machine M2, Start: 1305, End: 1318, Setup: 28
2025-06-19 11:28:05,747 - JSPGymEnvironment - INFO - 
===== REWARD DETAILS FOR STEP 24 =====
Job: J10, Operation: 2, Job Completed: False
Current Time: 1277.00 -> 1318.00, Setup Time: 28.00
Processing Time: 13.00, Idle Time: 0.00
Completed Jobs: 3/10
Machine: M2, Material: Racebike_Rahmen_lackiert

REWARD COMPONENTS:
- makespan_reward: -0.2050
- setup_reward: -7.0000
- deadline_reward: 0.0000
- priority_reward: 0.0000
- critical_job_reward: 0.5000
- placement_reward: -1.6667
- timeliness_reward: 9.1232
- machine_idle_penalty: -3.3000

TOTAL REWARD: -2.5485

CUMULATIVE REWARD COMPONENTS:
- makespan_reward: -6.5900
- setup_reward: -157.5000
- deadline_reward: 60.0000
- priority_reward: 80.0000
- critical_job_reward: 45.5971
- placement_reward: -29.2917
- timeliness_reward: 222.1987
- machine_idle_penalty: -85.1500

CUMULATIVE TOTAL: 129.2642

CRITICAL STATE INFO:
- Valid actions: ['J4', 'J5', 'J6', 'J7', 'J8', 'J9', 'J10']
- Machine states:
  - Machine M1: Time=1277.00, Idle=41.00, Material=Racebike_Bremsen_justiert
  - Machine M2: Time=1318.00, Idle=0.00, Material=Racebike_Rahmen_lackiert
  - Machine M3: Time=1095.00, Idle=223.00, Material=Mountainbike_Bremsaufnahme_gebohrt
==================================================

2025-06-19 11:28:05,750 - JSPGymEnvironment - INFO - Material change on machine M1: Racebike_Bremsen_justiert -> Mountainbike_Steuerrohr_montiert, setup time: 41
2025-06-19 11:28:05,750 - JSPGymEnvironment - INFO - Executed operation: Job J7, Op 1, Machine M1, Start: 1359, End: 1402, Setup: 41
2025-06-19 11:28:05,750 - JSPGymEnvironment - INFO - 
===== REWARD DETAILS FOR STEP 25 =====
Job: J7, Operation: 1, Job Completed: False
Current Time: 1318.00 -> 1402.00, Setup Time: 41.00
Processing Time: 43.00, Idle Time: 0.00
Completed Jobs: 3/10
Machine: M1, Material: Mountainbike_Steuerrohr_montiert

REWARD COMPONENTS:
- makespan_reward: -0.4200
- setup_reward: -10.2500
- deadline_reward: 0.0000
- priority_reward: 0.0000
- critical_job_reward: 0.0000
- placement_reward: 0.0000
- timeliness_reward: 9.0618
- machine_idle_penalty: -4.8875

TOTAL REWARD: -6.4957

CUMULATIVE REWARD COMPONENTS:
- makespan_reward: -7.0100
- setup_reward: -167.7500
- deadline_reward: 60.0000
- priority_reward: 80.0000
- critical_job_reward: 45.5971
- placement_reward: -29.2917
- timeliness_reward: 231.2606
- machine_idle_penalty: -90.0375

CUMULATIVE TOTAL: 122.7685

CRITICAL STATE INFO:
- Valid actions: ['J4', 'J5', 'J6', 'J7', 'J8', 'J9', 'J10']
- Machine states:
  - Machine M1: Time=1402.00, Idle=0.00, Material=Mountainbike_Steuerrohr_montiert
  - Machine M2: Time=1318.00, Idle=84.00, Material=Racebike_Rahmen_lackiert
  - Machine M3: Time=1095.00, Idle=307.00, Material=Mountainbike_Bremsaufnahme_gebohrt
==================================================

2025-06-19 11:28:05,753 - JSPGymEnvironment - INFO - Material change on machine M2: Racebike_Rahmen_lackiert -> Racebike_Fahrrad_endmontiert, setup time: 20
2025-06-19 11:28:05,753 - JSPGymEnvironment - INFO - Executed operation: Job J10, Op 3, Machine M2, Start: 1422, End: 1443, Setup: 20
2025-06-19 11:28:05,753 - JSPGymEnvironment - INFO - 
===== REWARD DETAILS FOR STEP 26 =====
Job: J10, Operation: 3, Job Completed: False
Current Time: 1402.00 -> 1443.00, Setup Time: 20.00
Processing Time: 21.00, Idle Time: 0.00
Completed Jobs: 3/10
Machine: M2, Material: Racebike_Fahrrad_endmontiert

REWARD COMPONENTS:
- makespan_reward: -0.2050
- setup_reward: -5.0000
- deadline_reward: 0.0000
- priority_reward: 0.0000
- critical_job_reward: 0.5000
- placement_reward: -1.6667
- timeliness_reward: 8.9947
- machine_idle_penalty: -4.8625

TOTAL REWARD: -2.2395

CUMULATIVE REWARD COMPONENTS:
- makespan_reward: -7.2150
- setup_reward: -172.7500
- deadline_reward: 60.0000
- priority_reward: 80.0000
- critical_job_reward: 46.0971
- placement_reward: -30.9583
- timeliness_reward: 240.2553
- machine_idle_penalty: -94.9000

CUMULATIVE TOTAL: 120.5290

CRITICAL STATE INFO:
- Valid actions: ['J4', 'J5', 'J6', 'J7', 'J8', 'J9', 'J10']
- Machine states:
  - Machine M1: Time=1402.00, Idle=41.00, Material=Mountainbike_Steuerrohr_montiert
  - Machine M2: Time=1443.00, Idle=0.00, Material=Racebike_Fahrrad_endmontiert
  - Machine M3: Time=1095.00, Idle=348.00, Material=Mountainbike_Bremsaufnahme_gebohrt
==================================================

2025-06-19 11:28:05,756 - JSPGymEnvironment - INFO - Material change on machine M2: Racebike_Fahrrad_endmontiert -> Mountainbike_Steuerrohr_montiert, setup time: 19
2025-06-19 11:28:05,756 - JSPGymEnvironment - INFO - Executed operation: Job J5, Op 1, Machine M2, Start: 1462, End: 1490, Setup: 19
2025-06-19 11:28:05,756 - JSPGymEnvironment - INFO - 
===== REWARD DETAILS FOR STEP 27 =====
Job: J5, Operation: 1, Job Completed: False
Current Time: 1443.00 -> 1490.00, Setup Time: 19.00
Processing Time: 28.00, Idle Time: 0.00
Completed Jobs: 3/10
Machine: M2, Material: Mountainbike_Steuerrohr_montiert

REWARD COMPONENTS:
- makespan_reward: -0.2350
- setup_reward: -4.7500
- deadline_reward: 0.0000
- priority_reward: 0.0000
- critical_job_reward: 0.0000
- placement_reward: 0.0000
- timeliness_reward: 8.9456
- machine_idle_penalty: -6.0375

TOTAL REWARD: -2.0769

CUMULATIVE REWARD COMPONENTS:
- makespan_reward: -7.4500
- setup_reward: -177.5000
- deadline_reward: 60.0000
- priority_reward: 80.0000
- critical_job_reward: 46.0971
- placement_reward: -30.9583
- timeliness_reward: 249.2008
- machine_idle_penalty: -100.9375

CUMULATIVE TOTAL: 118.4521

CRITICAL STATE INFO:
- Valid actions: ['J4', 'J5', 'J6', 'J7', 'J8', 'J9', 'J10']
- Machine states:
  - Machine M1: Time=1402.00, Idle=88.00, Material=Mountainbike_Steuerrohr_montiert
  - Machine M2: Time=1490.00, Idle=0.00, Material=Mountainbike_Steuerrohr_montiert
  - Machine M3: Time=1095.00, Idle=395.00, Material=Mountainbike_Bremsaufnahme_gebohrt
==================================================

2025-06-19 11:28:05,759 - JSPGymEnvironment - INFO - Material change on machine M2: Mountainbike_Steuerrohr_montiert -> Citybike_Hinterbau_vorbereitet, setup time: 22
2025-06-19 11:28:05,759 - JSPGymEnvironment - INFO - Executed operation: Job J9, Op 0, Machine M2, Start: 1512, End: 1523, Setup: 22
2025-06-19 11:28:05,759 - JSPGymEnvironment - INFO - 
===== REWARD DETAILS FOR STEP 28 =====
Job: J9, Operation: 0, Job Completed: False
Current Time: 1490.00 -> 1523.00, Setup Time: 22.00
Processing Time: 11.00, Idle Time: 0.00
Completed Jobs: 3/10
Machine: M2, Material: Citybike_Hinterbau_vorbereitet

REWARD COMPONENTS:
- makespan_reward: -0.1650
- setup_reward: -5.5000
- deadline_reward: 0.0000
- priority_reward: 0.0000
- critical_job_reward: 0.0000
- placement_reward: 0.0000
- timeliness_reward: 8.8877
- machine_idle_penalty: -6.8625

TOTAL REWARD: -3.6398

CUMULATIVE REWARD COMPONENTS:
- makespan_reward: -7.6150
- setup_reward: -183.0000
- deadline_reward: 60.0000
- priority_reward: 80.0000
- critical_job_reward: 46.0971
- placement_reward: -30.9583
- timeliness_reward: 258.0885
- machine_idle_penalty: -107.8000

CUMULATIVE TOTAL: 114.8122

CRITICAL STATE INFO:
- Valid actions: ['J4', 'J5', 'J6', 'J7', 'J8', 'J9', 'J10']
- Machine states:
  - Machine M1: Time=1402.00, Idle=121.00, Material=Mountainbike_Steuerrohr_montiert
  - Machine M2: Time=1523.00, Idle=0.00, Material=Citybike_Hinterbau_vorbereitet
  - Machine M3: Time=1095.00, Idle=428.00, Material=Mountainbike_Bremsaufnahme_gebohrt
==================================================

2025-06-19 11:28:05,762 - JSPGymEnvironment - INFO - Material change on machine M1: Mountainbike_Steuerrohr_montiert -> Racebike_Steuerrohr_ausgerieben, setup time: 42
2025-06-19 11:28:05,762 - JSPGymEnvironment - INFO - Executed operation: Job J10, Op 4, Machine M1, Start: 1565, End: 1598, Setup: 42
2025-06-19 11:28:05,762 - JSPGymEnvironment - INFO - 
===== REWARD DETAILS FOR STEP 29 =====
Job: J10, Operation: 4, Job Completed: False
Current Time: 1523.00 -> 1598.00, Setup Time: 42.00
Processing Time: 33.00, Idle Time: 0.00
Completed Jobs: 3/10
Machine: M1, Material: Racebike_Steuerrohr_ausgerieben

REWARD COMPONENTS:
- makespan_reward: -0.3750
- setup_reward: -10.5000
- deadline_reward: 0.0000
- priority_reward: 0.0000
- critical_job_reward: 0.5000
- placement_reward: -1.6667
- timeliness_reward: 8.7668
- machine_idle_penalty: -7.2250

TOTAL REWARD: -10.4998

CUMULATIVE REWARD COMPONENTS:
- makespan_reward: -7.9900
- setup_reward: -193.5000
- deadline_reward: 60.0000
- priority_reward: 80.0000
- critical_job_reward: 46.5971
- placement_reward: -32.6250
- timeliness_reward: 266.8553
- machine_idle_penalty: -115.0250

CUMULATIVE TOTAL: 104.3124

CRITICAL STATE INFO:
- Valid actions: ['J4', 'J5', 'J6', 'J7', 'J8', 'J9', 'J10']
- Machine states:
  - Machine M1: Time=1598.00, Idle=0.00, Material=Racebike_Steuerrohr_ausgerieben
  - Machine M2: Time=1523.00, Idle=75.00, Material=Citybike_Hinterbau_vorbereitet
  - Machine M3: Time=1095.00, Idle=503.00, Material=Mountainbike_Bremsaufnahme_gebohrt
==================================================

2025-06-19 11:28:05,765 - JSPGymEnvironment - INFO - Material change on machine M1: Racebike_Steuerrohr_ausgerieben -> Mountainbike_Hinterbau_vorbereitet, setup time: 41
2025-06-19 11:28:05,766 - JSPGymEnvironment - INFO - Executed operation: Job J7, Op 2, Machine M1, Start: 1639, End: 1678, Setup: 41
2025-06-19 11:28:05,766 - JSPGymEnvironment - INFO - 
===== REWARD DETAILS FOR STEP 30 =====
Job: J7, Operation: 2, Job Completed: False
Current Time: 1598.00 -> 1678.00, Setup Time: 41.00
Processing Time: 39.00, Idle Time: 0.00
Completed Jobs: 3/10
Machine: M1, Material: Mountainbike_Hinterbau_vorbereitet

REWARD COMPONENTS:
- makespan_reward: -0.4000
- setup_reward: -10.2500
- deadline_reward: 0.0000
- priority_reward: 0.0000
- critical_job_reward: 0.0000
- placement_reward: 0.0000
- timeliness_reward: 8.6374
- machine_idle_penalty: -9.2250

TOTAL REWARD: -11.2376

CUMULATIVE REWARD COMPONENTS:
- makespan_reward: -8.3900
- setup_reward: -203.7500
- deadline_reward: 60.0000
- priority_reward: 80.0000
- critical_job_reward: 46.5971
- placement_reward: -32.6250
- timeliness_reward: 275.4928
- machine_idle_penalty: -124.2500

CUMULATIVE TOTAL: 93.0749

CRITICAL STATE INFO:
- Valid actions: ['J4', 'J5', 'J6', 'J7', 'J8', 'J9', 'J10']
- Machine states:
  - Machine M1: Time=1678.00, Idle=0.00, Material=Mountainbike_Hinterbau_vorbereitet
  - Machine M2: Time=1523.00, Idle=155.00, Material=Citybike_Hinterbau_vorbereitet
  - Machine M3: Time=1095.00, Idle=583.00, Material=Mountainbike_Bremsaufnahme_gebohrt
==================================================

2025-06-19 11:28:05,769 - JSPGymEnvironment - INFO - Executed operation: Job J8, Op 0, Machine M3, Start: 1688, End: 1728, Setup: 10
2025-06-19 11:28:05,769 - JSPGymEnvironment - INFO - 
===== REWARD DETAILS FOR STEP 31 =====
Job: J8, Operation: 0, Job Completed: False
Current Time: 1678.00 -> 1728.00, Setup Time: 10.00
Processing Time: 40.00, Idle Time: 0.00
Completed Jobs: 3/10
Machine: M3, Material: Mountainbike_Bremsaufnahme_gebohrt

REWARD COMPONENTS:
- makespan_reward: -0.2500
- setup_reward: -2.5000
- deadline_reward: 0.0000
- priority_reward: 0.0000
- critical_job_reward: 0.0000
- placement_reward: 0.0000
- timeliness_reward: 8.5031
- machine_idle_penalty: -3.1875

TOTAL REWARD: 2.5656

CUMULATIVE REWARD COMPONENTS:
- makespan_reward: -8.6400
- setup_reward: -206.2500
- deadline_reward: 60.0000
- priority_reward: 80.0000
- critical_job_reward: 46.5971
- placement_reward: -32.6250
- timeliness_reward: 283.9959
- machine_idle_penalty: -127.4375

CUMULATIVE TOTAL: 95.6405

CRITICAL STATE INFO:
- Valid actions: ['J4', 'J5', 'J6', 'J7', 'J8', 'J9', 'J10']
- Machine states:
  - Machine M1: Time=1678.00, Idle=50.00, Material=Mountainbike_Hinterbau_vorbereitet
  - Machine M2: Time=1523.00, Idle=205.00, Material=Citybike_Hinterbau_vorbereitet
  - Machine M3: Time=1728.00, Idle=0.00, Material=Mountainbike_Bremsaufnahme_gebohrt
==================================================

2025-06-19 11:28:05,773 - JSPGymEnvironment - INFO - Material change on machine M1: Mountainbike_Hinterbau_vorbereitet -> Racebike_Rahmen_komplettiert, setup time: 42
2025-06-19 11:28:05,773 - JSPGymEnvironment - INFO - Executed operation: Job J10, Op 5, Machine M1, Start: 1770, End: 1790, Setup: 42
2025-06-19 11:28:05,773 - JSPGymEnvironment - INFO - 
===== REWARD DETAILS FOR STEP 32 =====
Job: J10, Operation: 5, Job Completed: False
Current Time: 1728.00 -> 1790.00, Setup Time: 42.00
Processing Time: 20.00, Idle Time: 0.00
Completed Jobs: 3/10
Machine: M1, Material: Racebike_Rahmen_komplettiert

REWARD COMPONENTS:
- makespan_reward: -0.3100
- setup_reward: -10.5000
- deadline_reward: 0.0000
- priority_reward: 0.0000
- critical_job_reward: 0.5000
- placement_reward: -1.6667
- timeliness_reward: 8.3498
- machine_idle_penalty: -4.1125

TOTAL REWARD: -7.7393

CUMULATIVE REWARD COMPONENTS:
- makespan_reward: -8.9500
- setup_reward: -216.7500
- deadline_reward: 60.0000
- priority_reward: 80.0000
- critical_job_reward: 47.0971
- placement_reward: -34.2917
- timeliness_reward: 292.3458
- machine_idle_penalty: -131.5500

CUMULATIVE TOTAL: 87.9012

CRITICAL STATE INFO:
- Valid actions: ['J4', 'J5', 'J6', 'J7', 'J8', 'J9', 'J10']
- Machine states:
  - Machine M1: Time=1790.00, Idle=0.00, Material=Racebike_Rahmen_komplettiert
  - Machine M2: Time=1523.00, Idle=267.00, Material=Citybike_Hinterbau_vorbereitet
  - Machine M3: Time=1728.00, Idle=62.00, Material=Mountainbike_Bremsaufnahme_gebohrt
==================================================

2025-06-19 11:28:05,776 - JSPGymEnvironment - INFO - Material change on machine M3: Mountainbike_Bremsaufnahme_gebohrt -> Citybike_Steuerrohr_ausgerieben, setup time: 13
2025-06-19 11:28:05,776 - JSPGymEnvironment - INFO - Executed operation: Job J9, Op 1, Machine M3, Start: 1803, End: 1858, Setup: 13
2025-06-19 11:28:05,776 - JSPGymEnvironment - INFO - 
===== REWARD DETAILS FOR STEP 33 =====
Job: J9, Operation: 1, Job Completed: False
Current Time: 1790.00 -> 1858.00, Setup Time: 13.00
Processing Time: 55.00, Idle Time: 0.00
Completed Jobs: 3/10
Machine: M3, Material: Citybike_Steuerrohr_ausgerieben

REWARD COMPONENTS:
- makespan_reward: -0.3400
- setup_reward: -3.2500
- deadline_reward: 0.0000
- priority_reward: 0.0000
- critical_job_reward: 0.0000
- placement_reward: 0.0000
- timeliness_reward: 8.1589
- machine_idle_penalty: -5.0375

TOTAL REWARD: -0.4686

CUMULATIVE REWARD COMPONENTS:
- makespan_reward: -9.2900
- setup_reward: -220.0000
- deadline_reward: 60.0000
- priority_reward: 80.0000
- critical_job_reward: 47.0971
- placement_reward: -34.2917
- timeliness_reward: 300.5047
- machine_idle_penalty: -136.5875

CUMULATIVE TOTAL: 87.4326

CRITICAL STATE INFO:
- Valid actions: ['J4', 'J5', 'J6', 'J7', 'J8', 'J9', 'J10']
- Machine states:
  - Machine M1: Time=1790.00, Idle=68.00, Material=Racebike_Rahmen_komplettiert
  - Machine M2: Time=1523.00, Idle=335.00, Material=Citybike_Hinterbau_vorbereitet
  - Machine M3: Time=1858.00, Idle=0.00, Material=Citybike_Steuerrohr_ausgerieben
==================================================

2025-06-19 11:28:05,779 - JSPGymEnvironment - INFO - Material change on machine M1: Racebike_Rahmen_komplettiert -> Mountainbike_Schaltauge_bearbeitet, setup time: 41
2025-06-19 11:28:05,779 - JSPGymEnvironment - INFO - Executed operation: Job J8, Op 1, Machine M1, Start: 1899, End: 1931, Setup: 41
2025-06-19 11:28:05,779 - JSPGymEnvironment - INFO - 
===== REWARD DETAILS FOR STEP 34 =====
Job: J8, Operation: 1, Job Completed: False
Current Time: 1858.00 -> 1931.00, Setup Time: 41.00
Processing Time: 32.00, Idle Time: 0.00
Completed Jobs: 3/10
Machine: M1, Material: Mountainbike_Schaltauge_bearbeitet

REWARD COMPONENTS:
- makespan_reward: -0.3650
- setup_reward: -10.2500
- deadline_reward: 0.0000
- priority_reward: 0.0000
- critical_job_reward: 0.0000
- placement_reward: 0.0000
- timeliness_reward: 7.9253
- machine_idle_penalty: -6.0125

TOTAL REWARD: -8.7022

CUMULATIVE REWARD COMPONENTS:
- makespan_reward: -9.6550
- setup_reward: -230.2500
- deadline_reward: 60.0000
- priority_reward: 80.0000
- critical_job_reward: 47.0971
- placement_reward: -34.2917
- timeliness_reward: 308.4300
- machine_idle_penalty: -142.6000

CUMULATIVE TOTAL: 78.7304

CRITICAL STATE INFO:
- Valid actions: ['J4', 'J5', 'J6', 'J7', 'J8', 'J9', 'J10']
- Machine states:
  - Machine M1: Time=1931.00, Idle=0.00, Material=Mountainbike_Schaltauge_bearbeitet
  - Machine M2: Time=1523.00, Idle=408.00, Material=Citybike_Hinterbau_vorbereitet
  - Machine M3: Time=1858.00, Idle=73.00, Material=Citybike_Steuerrohr_ausgerieben
==================================================

2025-06-19 11:28:05,782 - JSPGymEnvironment - INFO - Material change on machine M3: Citybike_Steuerrohr_ausgerieben -> Mountainbike_Schaltauge_bearbeitet, setup time: 12
2025-06-19 11:28:05,782 - JSPGymEnvironment - INFO - Executed operation: Job J7, Op 3, Machine M3, Start: 1943, End: 1994, Setup: 12
2025-06-19 11:28:05,782 - JSPGymEnvironment - INFO - 
===== REWARD DETAILS FOR STEP 35 =====
Job: J7, Operation: 3, Job Completed: False
Current Time: 1931.00 -> 1994.00, Setup Time: 12.00
Processing Time: 51.00, Idle Time: 0.00
Completed Jobs: 3/10
Machine: M3, Material: Mountainbike_Schaltauge_bearbeitet

REWARD COMPONENTS:
- makespan_reward: -0.3150
- setup_reward: -3.0000
- deadline_reward: 0.0000
- priority_reward: 0.0000
- critical_job_reward: 0.0000
- placement_reward: 0.0000
- timeliness_reward: 7.7269
- machine_idle_penalty: -6.6750

TOTAL REWARD: -2.2631

CUMULATIVE REWARD COMPONENTS:
- makespan_reward: -9.9700
- setup_reward: -233.2500
- deadline_reward: 60.0000
- priority_reward: 80.0000
- critical_job_reward: 47.0971
- placement_reward: -34.2917
- timeliness_reward: 316.1570
- machine_idle_penalty: -149.2750

CUMULATIVE TOTAL: 76.4674

CRITICAL STATE INFO:
- Valid actions: ['J4', 'J5', 'J6', 'J7', 'J8', 'J9', 'J10']
- Machine states:
  - Machine M1: Time=1931.00, Idle=63.00, Material=Mountainbike_Schaltauge_bearbeitet
  - Machine M2: Time=1523.00, Idle=471.00, Material=Citybike_Hinterbau_vorbereitet
  - Machine M3: Time=1994.00, Idle=0.00, Material=Mountainbike_Schaltauge_bearbeitet
==================================================

2025-06-19 11:28:05,785 - JSPGymEnvironment - INFO - Material change on machine M1: Mountainbike_Schaltauge_bearbeitet -> Mountainbike_Antrieb_installiert, setup time: 40
2025-06-19 11:28:05,786 - JSPGymEnvironment - INFO - Executed operation: Job J5, Op 2, Machine M1, Start: 2034, End: 2059, Setup: 40
2025-06-19 11:28:05,786 - JSPGymEnvironment - INFO - 
===== REWARD DETAILS FOR STEP 36 =====
Job: J5, Operation: 2, Job Completed: False
Current Time: 1994.00 -> 2059.00, Setup Time: 40.00
Processing Time: 25.00, Idle Time: 0.00
Completed Jobs: 3/10
Machine: M1, Material: Mountainbike_Antrieb_installiert

REWARD COMPONENTS:
- makespan_reward: -0.3250
- setup_reward: -10.0000
- deadline_reward: 0.0000
- priority_reward: 0.0000
- critical_job_reward: 0.0000
- placement_reward: 0.0000
- timeliness_reward: 7.4534
- machine_idle_penalty: -7.5125

TOTAL REWARD: -10.3841

CUMULATIVE REWARD COMPONENTS:
- makespan_reward: -10.2950
- setup_reward: -243.2500
- deadline_reward: 60.0000
- priority_reward: 80.0000
- critical_job_reward: 47.0971
- placement_reward: -34.2917
- timeliness_reward: 323.6104
- machine_idle_penalty: -156.7875

CUMULATIVE TOTAL: 66.0833

CRITICAL STATE INFO:
- Valid actions: ['J4', 'J5', 'J6', 'J7', 'J8', 'J9', 'J10']
- Machine states:
  - Machine M1: Time=2059.00, Idle=0.00, Material=Mountainbike_Antrieb_installiert
  - Machine M2: Time=1523.00, Idle=536.00, Material=Citybike_Hinterbau_vorbereitet
  - Machine M3: Time=1994.00, Idle=65.00, Material=Mountainbike_Schaltauge_bearbeitet
==================================================

2025-06-19 11:28:05,789 - JSPGymEnvironment - INFO - Material change on machine M1: Mountainbike_Antrieb_installiert -> Racebike_Hinterbau_vorbereitet, setup time: 42
2025-06-19 11:28:05,789 - JSPGymEnvironment - INFO - Executed operation: Job J4, Op 1, Machine M1, Start: 2101, End: 2119, Setup: 42
2025-06-19 11:28:05,789 - JSPGymEnvironment - INFO - 
===== REWARD DETAILS FOR STEP 37 =====
Job: J4, Operation: 1, Job Completed: False
Current Time: 2059.00 -> 2119.00, Setup Time: 42.00
Processing Time: 18.00, Idle Time: 0.00
Completed Jobs: 3/10
Machine: M1, Material: Racebike_Hinterbau_vorbereitet

REWARD COMPONENTS:
- makespan_reward: -0.3000
- setup_reward: -10.5000
- deadline_reward: 0.0000
- priority_reward: 0.0000
- critical_job_reward: 0.0000
- placement_reward: -128.1944
- timeliness_reward: 7.2146
- machine_idle_penalty: -9.0125

TOTAL REWARD: -140.7923

CUMULATIVE REWARD COMPONENTS:
- makespan_reward: -10.5950
- setup_reward: -253.7500
- deadline_reward: 60.0000
- priority_reward: 80.0000
- critical_job_reward: 47.0971
- placement_reward: -162.4861
- timeliness_reward: 330.8250
- machine_idle_penalty: -165.8000

CUMULATIVE TOTAL: -74.7091

CRITICAL STATE INFO:
- Valid actions: ['J4', 'J5', 'J6', 'J7', 'J8', 'J9', 'J10']
- Machine states:
  - Machine M1: Time=2119.00, Idle=0.00, Material=Racebike_Hinterbau_vorbereitet
  - Machine M2: Time=1523.00, Idle=596.00, Material=Citybike_Hinterbau_vorbereitet
  - Machine M3: Time=1994.00, Idle=125.00, Material=Mountainbike_Schaltauge_bearbeitet
==================================================

2025-06-19 11:28:05,792 - JSPGymEnvironment - INFO - Material change on machine M1: Racebike_Hinterbau_vorbereitet -> Mountainbike_Tretlager_gefraest, setup time: 41
2025-06-19 11:28:05,792 - JSPGymEnvironment - INFO - Executed operation: Job J5, Op 3, Machine M1, Start: 2160, End: 2193, Setup: 41
2025-06-19 11:28:05,792 - JSPGymEnvironment - INFO - 
===== REWARD DETAILS FOR STEP 38 =====
Job: J5, Operation: 3, Job Completed: False
Current Time: 2119.00 -> 2193.00, Setup Time: 41.00
Processing Time: 33.00, Idle Time: 0.00
Completed Jobs: 3/10
Machine: M1, Material: Mountainbike_Tretlager_gefraest

REWARD COMPONENTS:
- makespan_reward: -0.3700
- setup_reward: -10.2500
- deadline_reward: 0.0000
- priority_reward: 0.0000
- critical_job_reward: 0.0000
- placement_reward: 0.0000
- timeliness_reward: 6.8302
- machine_idle_penalty: -10.8625

TOTAL REWARD: -14.6523

CUMULATIVE REWARD COMPONENTS:
- makespan_reward: -10.9650
- setup_reward: -264.0000
- deadline_reward: 60.0000
- priority_reward: 80.0000
- critical_job_reward: 47.0971
- placement_reward: -162.4861
- timeliness_reward: 337.6551
- machine_idle_penalty: -176.6625

CUMULATIVE TOTAL: -89.3614

CRITICAL STATE INFO:
- Valid actions: ['J4', 'J5', 'J6', 'J7', 'J8', 'J9', 'J10']
- Machine states:
  - Machine M1: Time=2193.00, Idle=0.00, Material=Mountainbike_Tretlager_gefraest
  - Machine M2: Time=1523.00, Idle=670.00, Material=Citybike_Hinterbau_vorbereitet
  - Machine M3: Time=1994.00, Idle=199.00, Material=Mountainbike_Schaltauge_bearbeitet
==================================================

2025-06-19 11:28:05,795 - JSPGymEnvironment - INFO - Material change on machine M1: Mountainbike_Tretlager_gefraest -> Mountainbike_Hauptrahmen_zugeschnitten, setup time: 40
2025-06-19 11:28:05,795 - JSPGymEnvironment - INFO - Executed operation: Job J8, Op 2, Machine M1, Start: 2233, End: 2277, Setup: 40
2025-06-19 11:28:05,795 - JSPGymEnvironment - INFO - 
===== REWARD DETAILS FOR STEP 39 =====
Job: J8, Operation: 2, Job Completed: False
Current Time: 2193.00 -> 2277.00, Setup Time: 40.00
Processing Time: 44.00, Idle Time: 0.00
Completed Jobs: 3/10
Machine: M1, Material: Mountainbike_Hauptrahmen_zugeschnitten

REWARD COMPONENTS:
- makespan_reward: -0.4200
- setup_reward: -10.0000
- deadline_reward: 0.0000
- priority_reward: 0.0000
- critical_job_reward: 0.0000
- placement_reward: 0.0000
- timeliness_reward: 6.3612
- machine_idle_penalty: -12.9625

TOTAL REWARD: -17.0213

CUMULATIVE REWARD COMPONENTS:
- makespan_reward: -11.3850
- setup_reward: -274.0000
- deadline_reward: 60.0000
- priority_reward: 80.0000
- critical_job_reward: 47.0971
- placement_reward: -162.4861
- timeliness_reward: 344.0163
- machine_idle_penalty: -189.6250

CUMULATIVE TOTAL: -106.3827

CRITICAL STATE INFO:
- Valid actions: ['J4', 'J5', 'J6', 'J7', 'J8', 'J9', 'J10']
- Machine states:
  - Machine M1: Time=2277.00, Idle=0.00, Material=Mountainbike_Hauptrahmen_zugeschnitten
  - Machine M2: Time=1523.00, Idle=754.00, Material=Citybike_Hinterbau_vorbereitet
  - Machine M3: Time=1994.00, Idle=283.00, Material=Mountainbike_Schaltauge_bearbeitet
==================================================

2025-06-19 11:28:05,797 - JSPGymEnvironment - INFO - Material change on machine M3: Mountainbike_Schaltauge_bearbeitet -> Racebike_Steuerrohr_montiert, setup time: 19
2025-06-19 11:28:05,798 - JSPGymEnvironment - INFO - Executed operation: Job J10, Op 6, Machine M3, Start: 2296, End: 2347, Setup: 19
2025-06-19 11:28:05,798 - JSPGymEnvironment - INFO - Job J10 completed at time 2347, deadline: 2880, met: True, priority: 9
2025-06-19 11:28:05,798 - JSPGymEnvironment - INFO - 
===== REWARD DETAILS FOR STEP 40 =====
Job: J10, Operation: 6, Job Completed: True
Current Time: 2277.00 -> 2347.00, Setup Time: 19.00
Processing Time: 51.00, Idle Time: 0.00
Completed Jobs: 4/10
Machine: M3, Material: Racebike_Steuerrohr_montiert
Job Deadline: 2880.00 (Met), Priority: 9

REWARD COMPONENTS:
- makespan_reward: -0.3500
- setup_reward: -4.7500
- deadline_reward: 20.0000
- priority_reward: 36.0000
- critical_job_reward: 14.7208
- placement_reward: -1.6667
- timeliness_reward: 5.7808
- machine_idle_penalty: -11.1750

TOTAL REWARD: 58.5599

CUMULATIVE REWARD COMPONENTS:
- makespan_reward: -11.7350
- setup_reward: -278.7500
- deadline_reward: 80.0000
- priority_reward: 116.0000
- critical_job_reward: 61.8179
- placement_reward: -164.1528
- timeliness_reward: 349.7971
- machine_idle_penalty: -200.8000

CUMULATIVE TOTAL: -47.8228

CRITICAL STATE INFO:
- Valid actions: ['J4', 'J5', 'J6', 'J7', 'J8', 'J9']
- Machine states:
  - Machine M1: Time=2277.00, Idle=70.00, Material=Mountainbike_Hauptrahmen_zugeschnitten
  - Machine M2: Time=1523.00, Idle=824.00, Material=Citybike_Hinterbau_vorbereitet
  - Machine M3: Time=2347.00, Idle=0.00, Material=Racebike_Steuerrohr_montiert
==================================================

2025-06-19 11:28:05,798 - JSPGymEnvironment - INFO - Retro-Bonus für Job J10: +15.0
2025-06-19 11:28:05,800 - JSPGymEnvironment - INFO - Material change on machine M1: Mountainbike_Hauptrahmen_zugeschnitten -> Mountainbike_Rahmen_komplettiert, setup time: 40
2025-06-19 11:28:05,800 - JSPGymEnvironment - INFO - Executed operation: Job J5, Op 4, Machine M1, Start: 2387, End: 2419, Setup: 40
2025-06-19 11:28:05,801 - JSPGymEnvironment - INFO - 
===== REWARD DETAILS FOR STEP 41 =====
Job: J5, Operation: 4, Job Completed: False
Current Time: 2347.00 -> 2419.00, Setup Time: 40.00
Processing Time: 32.00, Idle Time: 0.00
Completed Jobs: 4/10
Machine: M1, Material: Mountainbike_Rahmen_komplettiert

REWARD COMPONENTS:
- makespan_reward: -0.3600
- setup_reward: -10.0000
- deadline_reward: 0.0000
- priority_reward: 0.0000
- critical_job_reward: 0.0000
- placement_reward: 0.0000
- timeliness_reward: 5.3263
- machine_idle_penalty: -12.1000

TOTAL REWARD: -17.1337

CUMULATIVE REWARD COMPONENTS:
- makespan_reward: -12.0950
- setup_reward: -288.7500
- deadline_reward: 80.0000
- priority_reward: 116.0000
- critical_job_reward: 61.8179
- placement_reward: -164.1528
- timeliness_reward: 355.1234
- machine_idle_penalty: -212.9000

CUMULATIVE TOTAL: -64.9565

CRITICAL STATE INFO:
- Valid actions: ['J4', 'J5', 'J6', 'J7', 'J8', 'J9']
- Machine states:
  - Machine M1: Time=2419.00, Idle=0.00, Material=Mountainbike_Rahmen_komplettiert
  - Machine M2: Time=1523.00, Idle=896.00, Material=Citybike_Hinterbau_vorbereitet
  - Machine M3: Time=2347.00, Idle=72.00, Material=Racebike_Steuerrohr_montiert
==================================================

2025-06-19 11:28:05,804 - JSPGymEnvironment - INFO - Material change on machine M3: Racebike_Steuerrohr_montiert -> Mountainbike_Hinterbau_vorbereitet, setup time: 14
2025-06-19 11:28:05,804 - JSPGymEnvironment - INFO - Executed operation: Job J5, Op 5, Machine M3, Start: 2433, End: 2485, Setup: 14
2025-06-19 11:28:05,804 - JSPGymEnvironment - INFO - 
===== REWARD DETAILS FOR STEP 42 =====
Job: J5, Operation: 5, Job Completed: False
Current Time: 2419.00 -> 2485.00, Setup Time: 14.00
Processing Time: 52.00, Idle Time: 0.00
Completed Jobs: 4/10
Machine: M3, Material: Mountainbike_Hinterbau_vorbereitet

REWARD COMPONENTS:
- makespan_reward: -0.3300
- setup_reward: -3.5000
- deadline_reward: 0.0000
- priority_reward: 0.0000
- critical_job_reward: 0.0000
- placement_reward: 0.0000
- timeliness_reward: 4.8664
- machine_idle_penalty: -12.8500

TOTAL REWARD: -11.8136

CUMULATIVE REWARD COMPONENTS:
- makespan_reward: -12.4250
- setup_reward: -292.2500
- deadline_reward: 80.0000
- priority_reward: 116.0000
- critical_job_reward: 61.8179
- placement_reward: -164.1528
- timeliness_reward: 359.9898
- machine_idle_penalty: -225.7500

CUMULATIVE TOTAL: -76.7701

CRITICAL STATE INFO:
- Valid actions: ['J4', 'J5', 'J6', 'J7', 'J8', 'J9']
- Machine states:
  - Machine M1: Time=2419.00, Idle=66.00, Material=Mountainbike_Rahmen_komplettiert
  - Machine M2: Time=1523.00, Idle=962.00, Material=Citybike_Hinterbau_vorbereitet
  - Machine M3: Time=2485.00, Idle=0.00, Material=Mountainbike_Hinterbau_vorbereitet
==================================================

2025-06-19 11:28:05,807 - JSPGymEnvironment - INFO - Material change on machine M3: Mountainbike_Hinterbau_vorbereitet -> Mountainbike_Hauptrahmen_zugeschnitten, setup time: 15
2025-06-19 11:28:05,807 - JSPGymEnvironment - INFO - Executed operation: Job J5, Op 6, Machine M3, Start: 2500, End: 2543, Setup: 15
2025-06-19 11:28:05,807 - JSPGymEnvironment - INFO - Job J5 completed at time 2543, deadline: 2829, met: True, priority: 5
2025-06-19 11:28:05,807 - JSPGymEnvironment - INFO - 
===== REWARD DETAILS FOR STEP 43 =====
Job: J5, Operation: 6, Job Completed: True
Current Time: 2485.00 -> 2543.00, Setup Time: 15.00
Processing Time: 43.00, Idle Time: 0.00
Completed Jobs: 5/10
Machine: M3, Material: Mountainbike_Hauptrahmen_zugeschnitten
Job Deadline: 2829.00 (Met), Priority: 5

REWARD COMPONENTS:
- makespan_reward: -0.2900
- setup_reward: -3.7500
- deadline_reward: 20.0000
- priority_reward: 20.0000
- critical_job_reward: 0.0000
- placement_reward: 0.0000
- timeliness_reward: 4.3728
- machine_idle_penalty: -14.3500

TOTAL REWARD: 25.9828

CUMULATIVE REWARD COMPONENTS:
- makespan_reward: -12.7150
- setup_reward: -296.0000
- deadline_reward: 100.0000
- priority_reward: 136.0000
- critical_job_reward: 61.8179
- placement_reward: -164.1528
- timeliness_reward: 364.3626
- machine_idle_penalty: -240.1000

CUMULATIVE TOTAL: -50.7872

CRITICAL STATE INFO:
- Valid actions: ['J4', 'J6', 'J7', 'J8', 'J9']
- Machine states:
  - Machine M1: Time=2419.00, Idle=124.00, Material=Mountainbike_Rahmen_komplettiert
  - Machine M2: Time=1523.00, Idle=1020.00, Material=Citybike_Hinterbau_vorbereitet
  - Machine M3: Time=2543.00, Idle=0.00, Material=Mountainbike_Hauptrahmen_zugeschnitten
==================================================

2025-06-19 11:28:05,807 - JSPGymEnvironment - INFO - Retro-Bonus für Job J5: +10.0
2025-06-19 11:28:05,810 - JSPGymEnvironment - INFO - Material change on machine M1: Mountainbike_Rahmen_komplettiert -> Racebike_Rahmen_komplettiert, setup time: 42
2025-06-19 11:28:05,810 - JSPGymEnvironment - INFO - Executed operation: Job J4, Op 2, Machine M1, Start: 2585, End: 2614, Setup: 42
2025-06-19 11:28:05,810 - JSPGymEnvironment - INFO - 
===== REWARD DETAILS FOR STEP 44 =====
Job: J4, Operation: 2, Job Completed: False
Current Time: 2543.00 -> 2614.00, Setup Time: 42.00
Processing Time: 29.00, Idle Time: 0.00
Completed Jobs: 5/10
Machine: M1, Material: Racebike_Rahmen_komplettiert

REWARD COMPONENTS:
- makespan_reward: -0.3550
- setup_reward: -10.5000
- deadline_reward: 0.0000
- priority_reward: 0.0000
- critical_job_reward: 0.0000
- placement_reward: -79.3491
- timeliness_reward: 3.8299
- machine_idle_penalty: -14.5750

TOTAL REWARD: -100.9492

CUMULATIVE REWARD COMPONENTS:
- makespan_reward: -13.0700
- setup_reward: -306.5000
- deadline_reward: 100.0000
- priority_reward: 136.0000
- critical_job_reward: 61.8179
- placement_reward: -243.5019
- timeliness_reward: 368.1926
- machine_idle_penalty: -254.6750

CUMULATIVE TOTAL: -151.7364

CRITICAL STATE INFO:
- Valid actions: ['J4', 'J6', 'J7', 'J8', 'J9']
- Machine states:
  - Machine M1: Time=2614.00, Idle=0.00, Material=Racebike_Rahmen_komplettiert
  - Machine M2: Time=1523.00, Idle=1091.00, Material=Citybike_Hinterbau_vorbereitet
  - Machine M3: Time=2543.00, Idle=71.00, Material=Mountainbike_Hauptrahmen_zugeschnitten
==================================================

2025-06-19 11:28:05,813 - JSPGymEnvironment - INFO - Material change on machine M3: Mountainbike_Hauptrahmen_zugeschnitten -> Citybike_Hauptrahmen_zugeschnitten, setup time: 13
2025-06-19 11:28:05,813 - JSPGymEnvironment - INFO - Executed operation: Job J9, Op 2, Machine M3, Start: 2627, End: 2672, Setup: 13
2025-06-19 11:28:05,813 - JSPGymEnvironment - INFO - 
===== REWARD DETAILS FOR STEP 45 =====
Job: J9, Operation: 2, Job Completed: False
Current Time: 2614.00 -> 2672.00, Setup Time: 13.00
Processing Time: 45.00, Idle Time: 0.00
Completed Jobs: 5/10
Machine: M3, Material: Citybike_Hauptrahmen_zugeschnitten

REWARD COMPONENTS:
- makespan_reward: -0.2900
- setup_reward: -3.2500
- deadline_reward: 0.0000
- priority_reward: 0.0000
- critical_job_reward: 0.0000
- placement_reward: 0.0000
- timeliness_reward: 3.3162
- machine_idle_penalty: -15.1375

TOTAL REWARD: -15.3613

CUMULATIVE REWARD COMPONENTS:
- makespan_reward: -13.3600
- setup_reward: -309.7500
- deadline_reward: 100.0000
- priority_reward: 136.0000
- critical_job_reward: 61.8179
- placement_reward: -243.5019
- timeliness_reward: 371.5088
- machine_idle_penalty: -269.8125

CUMULATIVE TOTAL: -167.0977

CRITICAL STATE INFO:
- Valid actions: ['J4', 'J6', 'J7', 'J8', 'J9']
- Machine states:
  - Machine M1: Time=2614.00, Idle=58.00, Material=Racebike_Rahmen_komplettiert
  - Machine M2: Time=1523.00, Idle=1149.00, Material=Citybike_Hinterbau_vorbereitet
  - Machine M3: Time=2672.00, Idle=0.00, Material=Citybike_Hauptrahmen_zugeschnitten
==================================================

2025-06-19 11:28:05,816 - JSPGymEnvironment - INFO - Material change on machine M1: Racebike_Rahmen_komplettiert -> Mountainbike_Tretlageraufnahme_geschweisst, setup time: 41
2025-06-19 11:28:05,816 - JSPGymEnvironment - INFO - Executed operation: Job J6, Op 1, Machine M1, Start: 2713, End: 2750, Setup: 41
2025-06-19 11:28:05,816 - JSPGymEnvironment - INFO - 
===== REWARD DETAILS FOR STEP 46 =====
Job: J6, Operation: 1, Job Completed: False
Current Time: 2672.00 -> 2750.00, Setup Time: 41.00
Processing Time: 37.00, Idle Time: 0.00
Completed Jobs: 5/10
Machine: M1, Material: Mountainbike_Tretlageraufnahme_geschweisst

REWARD COMPONENTS:
- makespan_reward: -0.3900
- setup_reward: -10.2500
- deadline_reward: 0.0000
- priority_reward: 0.0000
- critical_job_reward: 0.0000
- placement_reward: 0.0000
- timeliness_reward: 2.7264
- machine_idle_penalty: -16.3625

TOTAL REWARD: -24.2761

CUMULATIVE REWARD COMPONENTS:
- makespan_reward: -13.7500
- setup_reward: -320.0000
- deadline_reward: 100.0000
- priority_reward: 136.0000
- critical_job_reward: 61.8179
- placement_reward: -243.5019
- timeliness_reward: 374.2352
- machine_idle_penalty: -286.1750

CUMULATIVE TOTAL: -191.3738

CRITICAL STATE INFO:
- Valid actions: ['J4', 'J6', 'J7', 'J8', 'J9']
- Machine states:
  - Machine M1: Time=2750.00, Idle=0.00, Material=Mountainbike_Tretlageraufnahme_geschweisst
  - Machine M2: Time=1523.00, Idle=1227.00, Material=Citybike_Hinterbau_vorbereitet
  - Machine M3: Time=2672.00, Idle=78.00, Material=Citybike_Hauptrahmen_zugeschnitten
==================================================

2025-06-19 11:28:05,819 - JSPGymEnvironment - INFO - Material change on machine M1: Mountainbike_Tretlageraufnahme_geschweisst -> Racebike_Tretlageraufnahme_geschweisst, setup time: 42
2025-06-19 11:28:05,819 - JSPGymEnvironment - INFO - Executed operation: Job J4, Op 3, Machine M1, Start: 2792, End: 2836, Setup: 42
2025-06-19 11:28:05,819 - JSPGymEnvironment - INFO - 
===== REWARD DETAILS FOR STEP 47 =====
Job: J4, Operation: 3, Job Completed: False
Current Time: 2750.00 -> 2836.00, Setup Time: 42.00
Processing Time: 44.00, Idle Time: 0.00
Completed Jobs: 5/10
Machine: M1, Material: Racebike_Tretlageraufnahme_geschweisst

REWARD COMPONENTS:
- makespan_reward: -0.4300
- setup_reward: -10.5000
- deadline_reward: 0.0000
- priority_reward: 0.0000
- critical_job_reward: 0.0000
- placement_reward: -4.7727
- timeliness_reward: 1.9974
- machine_idle_penalty: -18.5125

TOTAL REWARD: -32.2179

CUMULATIVE REWARD COMPONENTS:
- makespan_reward: -14.1800
- setup_reward: -330.5000
- deadline_reward: 100.0000
- priority_reward: 136.0000
- critical_job_reward: 61.8179
- placement_reward: -248.2746
- timeliness_reward: 376.2326
- machine_idle_penalty: -304.6875

CUMULATIVE TOTAL: -223.5916

CRITICAL STATE INFO:
- Valid actions: ['J4', 'J6', 'J7', 'J8', 'J9']
- Machine states:
  - Machine M1: Time=2836.00, Idle=0.00, Material=Racebike_Tretlageraufnahme_geschweisst
  - Machine M2: Time=1523.00, Idle=1313.00, Material=Citybike_Hinterbau_vorbereitet
  - Machine M3: Time=2672.00, Idle=164.00, Material=Citybike_Hauptrahmen_zugeschnitten
==================================================

2025-06-19 11:28:05,822 - JSPGymEnvironment - INFO - Material change on machine M1: Racebike_Tretlageraufnahme_geschweisst -> Racebike_Rahmen_lackiert, setup time: 40
2025-06-19 11:28:05,822 - JSPGymEnvironment - INFO - Executed operation: Job J4, Op 4, Machine M1, Start: 2876, End: 2907, Setup: 40
2025-06-19 11:28:05,822 - JSPGymEnvironment - INFO - 
===== REWARD DETAILS FOR STEP 48 =====
Job: J4, Operation: 4, Job Completed: False
Current Time: 2836.00 -> 2907.00, Setup Time: 40.00
Processing Time: 31.00, Idle Time: 0.00
Completed Jobs: 5/10
Machine: M1, Material: Racebike_Rahmen_lackiert

REWARD COMPONENTS:
- makespan_reward: -0.3550
- setup_reward: -10.0000
- deadline_reward: 0.0000
- priority_reward: 0.0000
- critical_job_reward: 0.0000
- placement_reward: -5.7258
- timeliness_reward: 1.3915
- machine_idle_penalty: -20.2875

TOTAL REWARD: -34.9768

CUMULATIVE REWARD COMPONENTS:
- makespan_reward: -14.5350
- setup_reward: -340.5000
- deadline_reward: 100.0000
- priority_reward: 136.0000
- critical_job_reward: 61.8179
- placement_reward: -254.0004
- timeliness_reward: 377.6241
- machine_idle_penalty: -324.9750

CUMULATIVE TOTAL: -258.5685

CRITICAL STATE INFO:
- Valid actions: ['J4', 'J6', 'J7', 'J8', 'J9']
- Machine states:
  - Machine M1: Time=2907.00, Idle=0.00, Material=Racebike_Rahmen_lackiert
  - Machine M2: Time=1523.00, Idle=1384.00, Material=Citybike_Hinterbau_vorbereitet
  - Machine M3: Time=2672.00, Idle=235.00, Material=Citybike_Hauptrahmen_zugeschnitten
==================================================

2025-06-19 11:28:05,825 - JSPGymEnvironment - INFO - Material change on machine M2: Citybike_Hinterbau_vorbereitet -> Racebike_Fahrrad_endmontiert, setup time: 25
2025-06-19 11:28:05,825 - JSPGymEnvironment - INFO - Executed operation: Job J4, Op 5, Machine M2, Start: 2932, End: 2950, Setup: 25
2025-06-19 11:28:05,825 - JSPGymEnvironment - INFO - 
===== REWARD DETAILS FOR STEP 49 =====
Job: J4, Operation: 5, Job Completed: False
Current Time: 2907.00 -> 2950.00, Setup Time: 25.00
Processing Time: 18.00, Idle Time: 0.00
Completed Jobs: 5/10
Machine: M2, Material: Racebike_Fahrrad_endmontiert

REWARD COMPONENTS:
- makespan_reward: -0.2150
- setup_reward: -6.2500
- deadline_reward: 0.0000
- priority_reward: 0.0000
- critical_job_reward: 0.0000
- placement_reward: 0.0000
- timeliness_reward: 1.0297
- machine_idle_penalty: -4.0125

TOTAL REWARD: -9.4478

CUMULATIVE REWARD COMPONENTS:
- makespan_reward: -14.7500
- setup_reward: -346.7500
- deadline_reward: 100.0000
- priority_reward: 136.0000
- critical_job_reward: 61.8179
- placement_reward: -254.0004
- timeliness_reward: 378.6538
- machine_idle_penalty: -328.9875

CUMULATIVE TOTAL: -268.0162

CRITICAL STATE INFO:
- Valid actions: ['J4', 'J6', 'J7', 'J8', 'J9']
- Machine states:
  - Machine M1: Time=2907.00, Idle=43.00, Material=Racebike_Rahmen_lackiert
  - Machine M2: Time=2950.00, Idle=0.00, Material=Racebike_Fahrrad_endmontiert
  - Machine M3: Time=2672.00, Idle=278.00, Material=Citybike_Hauptrahmen_zugeschnitten
==================================================

2025-06-19 11:28:05,828 - JSPGymEnvironment - INFO - Material change on machine M1: Racebike_Rahmen_lackiert -> Racebike_Steuerrohr_montiert, setup time: 40
2025-06-19 11:28:05,828 - JSPGymEnvironment - INFO - Executed operation: Job J4, Op 6, Machine M1, Start: 2990, End: 3006, Setup: 40
2025-06-19 11:28:05,828 - JSPGymEnvironment - INFO - Job J4 completed at time 3006, deadline: 2751, met: False, priority: 7
2025-06-19 11:28:05,828 - JSPGymEnvironment - INFO - 
===== REWARD DETAILS FOR STEP 50 =====
Job: J4, Operation: 6, Job Completed: True
Current Time: 2950.00 -> 3006.00, Setup Time: 40.00
Processing Time: 16.00, Idle Time: 0.00
Completed Jobs: 6/10
Machine: M1, Material: Racebike_Steuerrohr_montiert
Job Deadline: 2751.00 (Missed), Priority: 7

REWARD COMPONENTS:
- makespan_reward: -0.2800
- setup_reward: -10.0000
- deadline_reward: -0.2317
- priority_reward: 28.0000
- critical_job_reward: 0.0000
- placement_reward: -2.5000
- timeliness_reward: 0.7673
- machine_idle_penalty: -4.8750

TOTAL REWARD: 10.8805

CUMULATIVE REWARD COMPONENTS:
- makespan_reward: -15.0300
- setup_reward: -356.7500
- deadline_reward: 99.7683
- priority_reward: 164.0000
- critical_job_reward: 61.8179
- placement_reward: -256.5004
- timeliness_reward: 379.4211
- machine_idle_penalty: -333.8625

CUMULATIVE TOTAL: -257.1357

CRITICAL STATE INFO:
- Valid actions: ['J6', 'J7', 'J8', 'J9']
- Machine states:
  - Machine M1: Time=3006.00, Idle=0.00, Material=Racebike_Steuerrohr_montiert
  - Machine M2: Time=2950.00, Idle=56.00, Material=Racebike_Fahrrad_endmontiert
  - Machine M3: Time=2672.00, Idle=334.00, Material=Citybike_Hauptrahmen_zugeschnitten
==================================================

2025-06-19 11:28:05,828 - JSPGymEnvironment - INFO - Retro-Bonus für Job J4: -10.0
2025-06-19 11:28:05,831 - JSPGymEnvironment - INFO - Material change on machine M1: Racebike_Steuerrohr_montiert -> Citybike_Fahrrad_endmontiert, setup time: 45
2025-06-19 11:28:05,831 - JSPGymEnvironment - INFO - Executed operation: Job J9, Op 3, Machine M1, Start: 3051, End: 3077, Setup: 45
2025-06-19 11:28:05,831 - JSPGymEnvironment - INFO - 
===== REWARD DETAILS FOR STEP 51 =====
Job: J9, Operation: 3, Job Completed: False
Current Time: 3006.00 -> 3077.00, Setup Time: 45.00
Processing Time: 26.00, Idle Time: 0.00
Completed Jobs: 6/10
Machine: M1, Material: Citybike_Fahrrad_endmontiert

REWARD COMPONENTS:
- makespan_reward: -0.3550
- setup_reward: -11.2500
- deadline_reward: 0.0000
- priority_reward: 0.0000
- critical_job_reward: 0.0000
- placement_reward: 0.0000
- timeliness_reward: 0.1964
- machine_idle_penalty: -6.6500

TOTAL REWARD: -18.0586

CUMULATIVE REWARD COMPONENTS:
- makespan_reward: -15.3850
- setup_reward: -368.0000
- deadline_reward: 99.7683
- priority_reward: 164.0000
- critical_job_reward: 61.8179
- placement_reward: -256.5004
- timeliness_reward: 379.6175
- machine_idle_penalty: -340.5125

CUMULATIVE TOTAL: -275.1943

CRITICAL STATE INFO:
- Valid actions: ['J6', 'J7', 'J8', 'J9']
- Machine states:
  - Machine M1: Time=3077.00, Idle=0.00, Material=Citybike_Fahrrad_endmontiert
  - Machine M2: Time=2950.00, Idle=127.00, Material=Racebike_Fahrrad_endmontiert
  - Machine M3: Time=2672.00, Idle=405.00, Material=Citybike_Hauptrahmen_zugeschnitten
==================================================

2025-06-19 11:28:05,833 - JSPGymEnvironment - INFO - Material change on machine M1: Citybike_Fahrrad_endmontiert -> Citybike_Rahmen_komplettiert, setup time: 40
2025-06-19 11:28:05,833 - JSPGymEnvironment - INFO - Executed operation: Job J9, Op 4, Machine M1, Start: 3117, End: 3140, Setup: 40
2025-06-19 11:28:05,833 - JSPGymEnvironment - INFO - Job J9 completed at time 3140, deadline: 2880, met: False, priority: 5
2025-06-19 11:28:05,834 - JSPGymEnvironment - INFO - 
===== REWARD DETAILS FOR STEP 52 =====
Job: J9, Operation: 4, Job Completed: True
Current Time: 3077.00 -> 3140.00, Setup Time: 40.00
Processing Time: 23.00, Idle Time: 0.00
Completed Jobs: 7/10
Machine: M1, Material: Citybike_Rahmen_komplettiert
Job Deadline: 2880.00 (Missed), Priority: 5

REWARD COMPONENTS:
- makespan_reward: -0.3150
- setup_reward: -10.0000
- deadline_reward: -0.2257
- priority_reward: 20.0000
- critical_job_reward: 0.0000
- placement_reward: 0.0000
- timeliness_reward: -0.5424
- machine_idle_penalty: -8.2250

TOTAL REWARD: 0.6919

CUMULATIVE REWARD COMPONENTS:
- makespan_reward: -15.7000
- setup_reward: -378.0000
- deadline_reward: 99.5426
- priority_reward: 184.0000
- critical_job_reward: 61.8179
- placement_reward: -256.5004
- timeliness_reward: 379.0751
- machine_idle_penalty: -348.7375

CUMULATIVE TOTAL: -274.5024

CRITICAL STATE INFO:
- Valid actions: ['J6', 'J7', 'J8']
- Machine states:
  - Machine M1: Time=3140.00, Idle=0.00, Material=Citybike_Rahmen_komplettiert
  - Machine M2: Time=2950.00, Idle=190.00, Material=Racebike_Fahrrad_endmontiert
  - Machine M3: Time=2672.00, Idle=468.00, Material=Citybike_Hauptrahmen_zugeschnitten
==================================================

2025-06-19 11:28:05,834 - JSPGymEnvironment - INFO - Retro-Bonus für Job J9: -10.0
2025-06-19 11:28:05,837 - JSPGymEnvironment - INFO - Material change on machine M1: Citybike_Rahmen_komplettiert -> Mountainbike_Tretlageraufnahme_geschweisst, setup time: 40
2025-06-19 11:28:05,837 - JSPGymEnvironment - INFO - Executed operation: Job J7, Op 4, Machine M1, Start: 3180, End: 3211, Setup: 40
2025-06-19 11:28:05,837 - JSPGymEnvironment - INFO - 
===== REWARD DETAILS FOR STEP 53 =====
Job: J7, Operation: 4, Job Completed: False
Current Time: 3140.00 -> 3211.00, Setup Time: 40.00
Processing Time: 31.00, Idle Time: 0.00
Completed Jobs: 7/10
Machine: M1, Material: Mountainbike_Tretlageraufnahme_geschweisst

REWARD COMPONENTS:
- makespan_reward: -0.3550
- setup_reward: -10.0000
- deadline_reward: 0.0000
- priority_reward: 0.0000
- critical_job_reward: 0.0000
- placement_reward: 0.0000
- timeliness_reward: -1.0566
- machine_idle_penalty: -10.0000

TOTAL REWARD: -21.4116

CUMULATIVE REWARD COMPONENTS:
- makespan_reward: -16.0550
- setup_reward: -388.0000
- deadline_reward: 99.5426
- priority_reward: 184.0000
- critical_job_reward: 61.8179
- placement_reward: -256.5004
- timeliness_reward: 378.0185
- machine_idle_penalty: -358.7375

CUMULATIVE TOTAL: -295.9140

CRITICAL STATE INFO:
- Valid actions: ['J6', 'J7', 'J8']
- Machine states:
  - Machine M1: Time=3211.00, Idle=0.00, Material=Mountainbike_Tretlageraufnahme_geschweisst
  - Machine M2: Time=2950.00, Idle=261.00, Material=Racebike_Fahrrad_endmontiert
  - Machine M3: Time=2672.00, Idle=539.00, Material=Citybike_Hauptrahmen_zugeschnitten
==================================================

2025-06-19 11:28:05,840 - JSPGymEnvironment - INFO - Material change on machine M1: Mountainbike_Tretlageraufnahme_geschweisst -> Mountainbike_Hinterbau_vorbereitet, setup time: 40
2025-06-19 11:28:05,840 - JSPGymEnvironment - INFO - Executed operation: Job J6, Op 2, Machine M1, Start: 3251, End: 3266, Setup: 40
2025-06-19 11:28:05,840 - JSPGymEnvironment - INFO - 
===== REWARD DETAILS FOR STEP 54 =====
Job: J6, Operation: 2, Job Completed: False
Current Time: 3211.00 -> 3266.00, Setup Time: 40.00
Processing Time: 15.00, Idle Time: 0.00
Completed Jobs: 7/10
Machine: M1, Material: Mountainbike_Hinterbau_vorbereitet

REWARD COMPONENTS:
- makespan_reward: -0.2750
- setup_reward: -10.0000
- deadline_reward: 0.0000
- priority_reward: 0.0000
- critical_job_reward: 0.0000
- placement_reward: 0.0000
- timeliness_reward: -1.4324
- machine_idle_penalty: -11.3750

TOTAL REWARD: -23.0824

CUMULATIVE REWARD COMPONENTS:
- makespan_reward: -16.3300
- setup_reward: -398.0000
- deadline_reward: 99.5426
- priority_reward: 184.0000
- critical_job_reward: 61.8179
- placement_reward: -256.5004
- timeliness_reward: 376.5861
- machine_idle_penalty: -370.1125

CUMULATIVE TOTAL: -318.9964

CRITICAL STATE INFO:
- Valid actions: ['J6', 'J7', 'J8']
- Machine states:
  - Machine M1: Time=3266.00, Idle=0.00, Material=Mountainbike_Hinterbau_vorbereitet
  - Machine M2: Time=2950.00, Idle=316.00, Material=Racebike_Fahrrad_endmontiert
  - Machine M3: Time=2672.00, Idle=594.00, Material=Citybike_Hauptrahmen_zugeschnitten
==================================================

2025-06-19 11:28:05,843 - JSPGymEnvironment - INFO - Material change on machine M3: Citybike_Hauptrahmen_zugeschnitten -> Mountainbike_Fahrrad_endmontiert, setup time: 12
2025-06-19 11:28:05,843 - JSPGymEnvironment - INFO - Executed operation: Job J8, Op 3, Machine M3, Start: 3278, End: 3335, Setup: 12
2025-06-19 11:28:05,843 - JSPGymEnvironment - INFO - 
===== REWARD DETAILS FOR STEP 55 =====
Job: J8, Operation: 3, Job Completed: False
Current Time: 3266.00 -> 3335.00, Setup Time: 12.00
Processing Time: 57.00, Idle Time: 0.00
Completed Jobs: 7/10
Machine: M3, Material: Mountainbike_Fahrrad_endmontiert

REWARD COMPONENTS:
- makespan_reward: -0.3450
- setup_reward: -3.0000
- deadline_reward: 0.0000
- priority_reward: 0.0000
- critical_job_reward: 0.0000
- placement_reward: 0.0000
- timeliness_reward: -1.8744
- machine_idle_penalty: -5.6750

TOTAL REWARD: -10.8944

CUMULATIVE REWARD COMPONENTS:
- makespan_reward: -16.6750
- setup_reward: -401.0000
- deadline_reward: 99.5426
- priority_reward: 184.0000
- critical_job_reward: 61.8179
- placement_reward: -256.5004
- timeliness_reward: 374.7116
- machine_idle_penalty: -375.7875

CUMULATIVE TOTAL: -329.8908

CRITICAL STATE INFO:
- Valid actions: ['J6', 'J7', 'J8']
- Machine states:
  - Machine M1: Time=3266.00, Idle=69.00, Material=Mountainbike_Hinterbau_vorbereitet
  - Machine M2: Time=2950.00, Idle=385.00, Material=Racebike_Fahrrad_endmontiert
  - Machine M3: Time=3335.00, Idle=0.00, Material=Mountainbike_Fahrrad_endmontiert
==================================================

2025-06-19 11:28:05,846 - JSPGymEnvironment - INFO - Material change on machine M1: Mountainbike_Hinterbau_vorbereitet -> Mountainbike_Laufraeder_montiert, setup time: 40
2025-06-19 11:28:05,846 - JSPGymEnvironment - INFO - Executed operation: Job J8, Op 4, Machine M1, Start: 3375, End: 3410, Setup: 40
2025-06-19 11:28:05,846 - JSPGymEnvironment - INFO - Job J8 completed at time 3410, deadline: 2880, met: False, priority: 2
2025-06-19 11:28:05,846 - JSPGymEnvironment - INFO - 
===== REWARD DETAILS FOR STEP 56 =====
Job: J8, Operation: 4, Job Completed: True
Current Time: 3335.00 -> 3410.00, Setup Time: 40.00
Processing Time: 35.00, Idle Time: 0.00
Completed Jobs: 8/10
Machine: M1, Material: Mountainbike_Laufraeder_montiert
Job Deadline: 2880.00 (Missed), Priority: 2

REWARD COMPONENTS:
- makespan_reward: -0.3750
- setup_reward: -10.0000
- deadline_reward: -0.4601
- priority_reward: 8.0000
- critical_job_reward: 0.0000
- placement_reward: 0.0000
- timeliness_reward: -2.3674
- machine_idle_penalty: -6.6875

TOTAL REWARD: -11.8900

CUMULATIVE REWARD COMPONENTS:
- makespan_reward: -17.0500
- setup_reward: -411.0000
- deadline_reward: 99.0825
- priority_reward: 192.0000
- critical_job_reward: 61.8179
- placement_reward: -256.5004
- timeliness_reward: 372.3442
- machine_idle_penalty: -382.4750

CUMULATIVE TOTAL: -341.7808

CRITICAL STATE INFO:
- Valid actions: ['J6', 'J7']
- Machine states:
  - Machine M1: Time=3410.00, Idle=0.00, Material=Mountainbike_Laufraeder_montiert
  - Machine M2: Time=2950.00, Idle=460.00, Material=Racebike_Fahrrad_endmontiert
  - Machine M3: Time=3335.00, Idle=75.00, Material=Mountainbike_Fahrrad_endmontiert
==================================================

2025-06-19 11:28:05,846 - JSPGymEnvironment - INFO - Retro-Bonus für Job J8: -10.0
2025-06-19 11:28:05,849 - JSPGymEnvironment - INFO - Material change on machine M3: Mountainbike_Fahrrad_endmontiert -> Mountainbike_Antrieb_installiert, setup time: 15
2025-06-19 11:28:05,849 - JSPGymEnvironment - INFO - Executed operation: Job J7, Op 5, Machine M3, Start: 3425, End: 3479, Setup: 15
2025-06-19 11:28:05,849 - JSPGymEnvironment - INFO - 
===== REWARD DETAILS FOR STEP 57 =====
Job: J7, Operation: 5, Job Completed: False
Current Time: 3410.00 -> 3479.00, Setup Time: 15.00
Processing Time: 54.00, Idle Time: 0.00
Completed Jobs: 8/10
Machine: M3, Material: Mountainbike_Antrieb_installiert

REWARD COMPONENTS:
- makespan_reward: -0.3450
- setup_reward: -3.7500
- deadline_reward: 0.0000
- priority_reward: 0.0000
- critical_job_reward: 0.0000
- placement_reward: 0.0000
- timeliness_reward: -2.7353
- machine_idle_penalty: -7.4750

TOTAL REWARD: -14.3053

CUMULATIVE REWARD COMPONENTS:
- makespan_reward: -17.3950
- setup_reward: -414.7500
- deadline_reward: 99.0825
- priority_reward: 192.0000
- critical_job_reward: 61.8179
- placement_reward: -256.5004
- timeliness_reward: 369.6089
- machine_idle_penalty: -389.9500

CUMULATIVE TOTAL: -356.0861

CRITICAL STATE INFO:
- Valid actions: ['J6', 'J7']
- Machine states:
  - Machine M1: Time=3410.00, Idle=69.00, Material=Mountainbike_Laufraeder_montiert
  - Machine M2: Time=2950.00, Idle=529.00, Material=Racebike_Fahrrad_endmontiert
  - Machine M3: Time=3479.00, Idle=0.00, Material=Mountainbike_Antrieb_installiert
==================================================

2025-06-19 11:28:05,852 - JSPGymEnvironment - INFO - Material change on machine M2: Racebike_Fahrrad_endmontiert -> Mountainbike_Hauptrahmen_zugeschnitten, setup time: 19
2025-06-19 11:28:05,852 - JSPGymEnvironment - INFO - Executed operation: Job J7, Op 6, Machine M2, Start: 3498, End: 3518, Setup: 19
2025-06-19 11:28:05,852 - JSPGymEnvironment - INFO - Job J7 completed at time 3518, deadline: 2784, met: False, priority: 2
2025-06-19 11:28:05,852 - JSPGymEnvironment - INFO - 
===== REWARD DETAILS FOR STEP 58 =====
Job: J7, Operation: 6, Job Completed: True
Current Time: 3479.00 -> 3518.00, Setup Time: 19.00
Processing Time: 20.00, Idle Time: 0.00
Completed Jobs: 9/10
Machine: M2, Material: Mountainbike_Hauptrahmen_zugeschnitten
Job Deadline: 2784.00 (Missed), Priority: 2

REWARD COMPONENTS:
- makespan_reward: -0.1950
- setup_reward: -4.7500
- deadline_reward: -0.6591
- priority_reward: 8.0000
- critical_job_reward: 0.0000
- placement_reward: 0.0000
- timeliness_reward: -2.9329
- machine_idle_penalty: -1.8375

TOTAL REWARD: -2.3745

CUMULATIVE REWARD COMPONENTS:
- makespan_reward: -17.5900
- setup_reward: -419.5000
- deadline_reward: 98.4234
- priority_reward: 200.0000
- critical_job_reward: 61.8179
- placement_reward: -256.5004
- timeliness_reward: 366.6761
- machine_idle_penalty: -391.7875

CUMULATIVE TOTAL: -358.4606

CRITICAL STATE INFO:
- Valid actions: ['J6']
- Machine states:
  - Machine M1: Time=3410.00, Idle=108.00, Material=Mountainbike_Laufraeder_montiert
  - Machine M2: Time=3518.00, Idle=0.00, Material=Mountainbike_Hauptrahmen_zugeschnitten
  - Machine M3: Time=3479.00, Idle=39.00, Material=Mountainbike_Antrieb_installiert
==================================================

2025-06-19 11:28:05,852 - JSPGymEnvironment - INFO - Retro-Bonus für Job J7: -10.0
2025-06-19 11:28:05,855 - JSPGymEnvironment - INFO - Material change on machine M1: Mountainbike_Laufraeder_montiert -> Mountainbike_Tretlager_gefraest, setup time: 40
2025-06-19 11:28:05,855 - JSPGymEnvironment - INFO - Executed operation: Job J6, Op 3, Machine M1, Start: 3558, End: 3584, Setup: 40
2025-06-19 11:28:05,855 - JSPGymEnvironment - INFO - 
===== REWARD DETAILS FOR STEP 59 =====
Job: J6, Operation: 3, Job Completed: False
Current Time: 3518.00 -> 3584.00, Setup Time: 40.00
Processing Time: 26.00, Idle Time: 0.00
Completed Jobs: 9/10
Machine: M1, Material: Mountainbike_Tretlager_gefraest

REWARD COMPONENTS:
- makespan_reward: -0.3300
- setup_reward: -10.0000
- deadline_reward: 0.0000
- priority_reward: 0.0000
- critical_job_reward: 0.0000
- placement_reward: 0.0000
- timeliness_reward: -3.2352
- machine_idle_penalty: -2.1375

TOTAL REWARD: -15.7027

CUMULATIVE REWARD COMPONENTS:
- makespan_reward: -17.9200
- setup_reward: -429.5000
- deadline_reward: 98.4234
- priority_reward: 200.0000
- critical_job_reward: 61.8179
- placement_reward: -256.5004
- timeliness_reward: 363.4409
- machine_idle_penalty: -393.9250

CUMULATIVE TOTAL: -374.1633

CRITICAL STATE INFO:
- Valid actions: ['J6']
- Machine states:
  - Machine M1: Time=3584.00, Idle=0.00, Material=Mountainbike_Tretlager_gefraest
  - Machine M2: Time=3518.00, Idle=66.00, Material=Mountainbike_Hauptrahmen_zugeschnitten
  - Machine M3: Time=3479.00, Idle=105.00, Material=Mountainbike_Antrieb_installiert
==================================================

2025-06-19 11:28:05,858 - JSPGymEnvironment - INFO - Material change on machine M3: Mountainbike_Antrieb_installiert -> Mountainbike_Fahrrad_endmontiert, setup time: 15
2025-06-19 11:28:05,858 - JSPGymEnvironment - INFO - Executed operation: Job J6, Op 4, Machine M3, Start: 3599, End: 3630, Setup: 15
2025-06-19 11:28:05,858 - JSPGymEnvironment - INFO - Job J6 completed at time 3630, deadline: 2774, met: False, priority: 7
2025-06-19 11:28:05,858 - JSPGymEnvironment - INFO - 
===== REWARD DETAILS FOR STEP 60 =====
Job: J6, Operation: 4, Job Completed: True
Current Time: 3584.00 -> 3630.00, Setup Time: 15.00
Processing Time: 31.00, Idle Time: 0.00
Completed Jobs: 10/10
Machine: M3, Material: Mountainbike_Fahrrad_endmontiert
Job Deadline: 2774.00 (Missed), Priority: 7

REWARD COMPONENTS:
- makespan_reward: -0.2300
- setup_reward: -3.7500
- deadline_reward: -0.7714
- priority_reward: 28.0000
- critical_job_reward: 0.0000
- placement_reward: 0.0000
- timeliness_reward: 2.4000
- machine_idle_penalty: -1.9750

TOTAL REWARD: 23.6736

CUMULATIVE REWARD COMPONENTS:
- makespan_reward: -18.1500
- setup_reward: -433.2500
- deadline_reward: 97.6519
- priority_reward: 228.0000
- critical_job_reward: 61.8179
- placement_reward: -256.5004
- timeliness_reward: 365.8409
- machine_idle_penalty: -395.9000

CUMULATIVE TOTAL: -350.4898

CRITICAL STATE INFO:
- Valid actions: []
- Machine states:
  - Machine M1: Time=3584.00, Idle=46.00, Material=Mountainbike_Tretlager_gefraest
  - Machine M2: Time=3518.00, Idle=112.00, Material=Mountainbike_Hauptrahmen_zugeschnitten
  - Machine M3: Time=3630.00, Idle=0.00, Material=Mountainbike_Fahrrad_endmontiert
==================================================

2025-06-19 11:28:05,858 - JSPGymEnvironment - INFO - Retro-Bonus für Job J6: -10.0
2025-06-19 11:28:05,858 - JSPGymEnvironment - INFO - Reward function updated with 27 insights
2025-06-19 11:28:05,858 - JSPGymEnvironment - INFO -   Material change on critical path at Job 5 Operation 0 on Machine M1 (Severity: 1.02)
2025-06-19 11:28:05,858 - JSPGymEnvironment - INFO -   Material change on critical path at Job 5 Operation 1 on Machine M1 (Severity: 1.02)
2025-06-19 11:28:05,858 - JSPGymEnvironment - INFO -   Idle time on critical path before Job 5 Operation 1 on Machine M1 (Severity: 41.76)
2025-06-19 11:28:05,858 - JSPGymEnvironment - INFO -   Material change on critical path at Job 5 Operation 2 on Machine M1 (Severity: 1.00)
2025-06-19 11:28:05,858 - JSPGymEnvironment - INFO -   Idle time on critical path before Job 5 Operation 2 on Machine M1 (Severity: 33.40)
2025-06-19 11:28:05,858 - JSPGymEnvironment - INFO -   Material change on critical path at Job 5 Operation 3 on Machine M1 (Severity: 1.00)
2025-06-19 11:28:05,858 - JSPGymEnvironment - INFO -   Idle time on critical path before Job 5 Operation 3 on Machine M1 (Severity: 11.23)
2025-06-19 11:28:05,858 - JSPGymEnvironment - INFO -   Material change on critical path at Job 5 Operation 4 on Machine M3 (Severity: 1.00)
2025-06-19 11:28:05,858 - JSPGymEnvironment - INFO -   High priority (10) not on critical path: Job 0 Operation 0 (Severity: 1.00)
2025-06-19 11:28:05,858 - JSPGymEnvironment - INFO -   High priority (10) not on critical path: Job 0 Operation 1 (Severity: 1.00)
2025-06-19 11:28:05,858 - JSPGymEnvironment - INFO -   High priority (10) not on critical path: Job 0 Operation 2 (Severity: 1.00)
2025-06-19 11:28:05,858 - JSPGymEnvironment - INFO -   High priority (8) not on critical path: Job 2 Operation 0 (Severity: 0.33)
2025-06-19 11:28:05,858 - JSPGymEnvironment - INFO -   High priority (8) not on critical path: Job 2 Operation 1 (Severity: 0.33)
2025-06-19 11:28:05,858 - JSPGymEnvironment - INFO -   High priority (9) not on critical path: Job 9 Operation 0 (Severity: 0.67)
2025-06-19 11:28:05,858 - JSPGymEnvironment - INFO -   High priority (10) not on critical path: Job 0 Operation 3 (Severity: 1.00)
2025-06-19 11:28:05,858 - JSPGymEnvironment - INFO -   High priority (8) not on critical path: Job 2 Operation 2 (Severity: 0.33)
2025-06-19 11:28:05,858 - JSPGymEnvironment - INFO -   High priority (10) not on critical path: Job 0 Operation 4 (Severity: 1.00)
2025-06-19 11:28:05,858 - JSPGymEnvironment - INFO -   High priority (10) not on critical path: Job 0 Operation 5 (Severity: 1.00)
2025-06-19 11:28:05,858 - JSPGymEnvironment - INFO -   High priority (10) not on critical path: Job 0 Operation 6 (Severity: 1.00)
2025-06-19 11:28:05,858 - JSPGymEnvironment - INFO -   High priority (8) not on critical path: Job 2 Operation 3 (Severity: 0.33)
2025-06-19 11:28:05,858 - JSPGymEnvironment - INFO -   High priority (9) not on critical path: Job 9 Operation 1 (Severity: 0.67)
2025-06-19 11:28:05,858 - JSPGymEnvironment - INFO -   High priority (8) not on critical path: Job 2 Operation 4 (Severity: 0.33)
2025-06-19 11:28:05,858 - JSPGymEnvironment - INFO -   High priority (9) not on critical path: Job 9 Operation 2 (Severity: 0.67)
2025-06-19 11:28:05,858 - JSPGymEnvironment - INFO -   High priority (9) not on critical path: Job 9 Operation 3 (Severity: 0.67)
2025-06-19 11:28:05,858 - JSPGymEnvironment - INFO -   High priority (9) not on critical path: Job 9 Operation 4 (Severity: 0.67)
2025-06-19 11:28:05,858 - JSPGymEnvironment - INFO -   High priority (9) not on critical path: Job 9 Operation 5 (Severity: 0.67)
2025-06-19 11:28:05,858 - JSPGymEnvironment - INFO -   High priority (9) not on critical path: Job 9 Operation 6 (Severity: 0.67)
2025-06-19 11:28:05,858 - JSPGymEnvironment - INFO - Episode completed. Critical path: 5 operations, Suboptimal placements: 27
2025-06-19 11:28:05,858 - JSPGymEnvironment - INFO - Reward components: {'makespan_reward': -0.23, 'setup_reward': -3.75, 'deadline_reward': -0.7714491708723864, 'priority_reward': 28.0, 'critical_job_reward': 0.0, 'placement_reward': 0.0, 'timeliness_reward': 2.4, 'machine_idle_penalty': -1.975}
