2025-06-18 13:14:27,506 - JSPGymEnvironment - INFO - Environment reset
2025-06-18 13:14:27,643 - JSPGymEnvironment - INFO - Environment reset
2025-06-18 13:14:27,796 - JSPGymEnvironment - INFO - Material change on machine M3:  -> Citybike_Hauptrahmen_zugeschnitten, setup time: 0
2025-06-18 13:14:27,796 - JSPGymEnvironment - INFO - Executed operation: Job J6, Op 0, Machine M3, Start: 0, End: 26, Setup: 0
2025-06-18 13:14:27,796 - JSPGymEnvironment - INFO - 
===== REWARD DETAILS FOR STEP 1 =====
Job: J6, Operation: 0, Job Completed: False
Current Time: 0.00 -> 26.00, Setup Time: 0.00
Processing Time: 26.00, Idle Time: 0.00
Completed Jobs: 0/20
Machine: M3, Material: Citybike_Hauptrahmen_zugeschnitten

REWARD COMPONENTS:
- makespan_reward: -0.1300
- setup_reward: 0.0000
- deadline_reward: 0.0000
- priority_reward: 0.0000
- critical_job_reward: 0.5000
- placement_reward: 0.0000
- timeliness_reward: 9.1690
- machine_idle_penalty: -0.7500

TOTAL REWARD: 8.7890

CUMULATIVE REWARD COMPONENTS:
- makespan_reward: -0.1300
- setup_reward: 0.0000
- deadline_reward: 0.0000
- priority_reward: 0.0000
- critical_job_reward: 0.5000
- placement_reward: 0.0000
- timeliness_reward: 9.1690
- machine_idle_penalty: -0.7500

CUMULATIVE TOTAL: 8.7890

CRITICAL STATE INFO:
- Valid actions: ['J1', 'J2', 'J3', 'J4', 'J5', 'J6', 'J7', 'J8', 'J9', 'J10', 'J11', 'J12', 'J13', 'J14', 'J15', 'J16', 'J17', 'J18', 'J19', 'J20']
- Machine states:
  - Machine M1: Time=0.00, Idle=26.00, Material=None
  - Machine M2: Time=0.00, Idle=26.00, Material=None
  - Machine M3: Time=26.00, Idle=0.00, Material=Citybike_Hauptrahmen_zugeschnitten
==================================================

2025-06-18 13:14:27,943 - JSPGymEnvironment - INFO - Material change on machine M2:  -> E-Bike_Bremsen_justiert, setup time: 0
2025-06-18 13:14:27,943 - JSPGymEnvironment - INFO - Executed operation: Job J20, Op 0, Machine M2, Start: 26, End: 52, Setup: 0
2025-06-18 13:14:27,944 - JSPGymEnvironment - INFO - 
===== REWARD DETAILS FOR STEP 2 =====
Job: J20, Operation: 0, Job Completed: False
Current Time: 26.00 -> 52.00, Setup Time: 0.00
Processing Time: 26.00, Idle Time: 0.00
Completed Jobs: 0/20
Machine: M2, Material: E-Bike_Bremsen_justiert

REWARD COMPONENTS:
- makespan_reward: -0.1300
- setup_reward: 0.0000
- deadline_reward: 0.0000
- priority_reward: 0.0000
- critical_job_reward: 0.5000
- placement_reward: 0.0000
- timeliness_reward: 9.1784
- machine_idle_penalty: -1.0750

TOTAL REWARD: 8.4734

CUMULATIVE REWARD COMPONENTS:
- makespan_reward: -0.2600
- setup_reward: 0.0000
- deadline_reward: 0.0000
- priority_reward: 0.0000
- critical_job_reward: 1.0000
- placement_reward: 0.0000
- timeliness_reward: 18.3474
- machine_idle_penalty: -1.8250

CUMULATIVE TOTAL: 17.2624

CRITICAL STATE INFO:
- Valid actions: ['J1', 'J2', 'J3', 'J4', 'J5', 'J6', 'J7', 'J8', 'J9', 'J10', 'J11', 'J12', 'J13', 'J14', 'J15', 'J16', 'J17', 'J18', 'J19', 'J20']
- Machine states:
  - Machine M1: Time=0.00, Idle=52.00, Material=None
  - Machine M2: Time=52.00, Idle=0.00, Material=E-Bike_Bremsen_justiert
  - Machine M3: Time=26.00, Idle=26.00, Material=Citybike_Hauptrahmen_zugeschnitten
==================================================

2025-06-18 13:14:27,995 - JSPGymEnvironment - INFO - Material change on machine M3: Citybike_Hauptrahmen_zugeschnitten -> Citybike_Steuerrohr_ausgerieben, setup time: 15
2025-06-18 13:14:27,995 - JSPGymEnvironment - INFO - Executed operation: Job J6, Op 1, Machine M3, Start: 67, End: 127, Setup: 15
2025-06-18 13:14:27,995 - JSPGymEnvironment - INFO - 
===== REWARD DETAILS FOR STEP 3 =====
Job: J6, Operation: 1, Job Completed: False
Current Time: 52.00 -> 127.00, Setup Time: 15.00
Processing Time: 60.00, Idle Time: 0.00
Completed Jobs: 0/20
Machine: M3, Material: Citybike_Steuerrohr_ausgerieben

REWARD COMPONENTS:
- makespan_reward: -0.3750
- setup_reward: -3.7500
- deadline_reward: 0.0000
- priority_reward: 0.0000
- critical_job_reward: 0.5000
- placement_reward: 0.0000
- timeliness_reward: 9.2012
- machine_idle_penalty: -2.6250

TOTAL REWARD: 2.9512

CUMULATIVE REWARD COMPONENTS:
- makespan_reward: -0.6350
- setup_reward: -3.7500
- deadline_reward: 0.0000
- priority_reward: 0.0000
- critical_job_reward: 1.5000
- placement_reward: 0.0000
- timeliness_reward: 27.5486
- machine_idle_penalty: -4.4500

CUMULATIVE TOTAL: 20.2136

CRITICAL STATE INFO:
- Valid actions: ['J1', 'J2', 'J3', 'J4', 'J5', 'J6', 'J7', 'J8', 'J9', 'J10', 'J11', 'J12', 'J13', 'J14', 'J15', 'J16', 'J17', 'J18', 'J19', 'J20']
- Machine states:
  - Machine M1: Time=0.00, Idle=127.00, Material=None
  - Machine M2: Time=52.00, Idle=75.00, Material=E-Bike_Bremsen_justiert
  - Machine M3: Time=127.00, Idle=0.00, Material=Citybike_Steuerrohr_ausgerieben
==================================================

2025-06-18 13:14:28,044 - JSPGymEnvironment - INFO - Material change on machine M1:  -> Citybike_Schaltauge_bearbeitet, setup time: 0
2025-06-18 13:14:28,044 - JSPGymEnvironment - INFO - Executed operation: Job J6, Op 2, Machine M1, Start: 127, End: 172, Setup: 0
2025-06-18 13:14:28,044 - JSPGymEnvironment - INFO - 
===== REWARD DETAILS FOR STEP 4 =====
Job: J6, Operation: 2, Job Completed: False
Current Time: 127.00 -> 172.00, Setup Time: 0.00
Processing Time: 45.00, Idle Time: 0.00
Completed Jobs: 0/20
Machine: M1, Material: Citybike_Schaltauge_bearbeitet

REWARD COMPONENTS:
- makespan_reward: -0.2250
- setup_reward: 0.0000
- deadline_reward: 0.0000
- priority_reward: 0.0000
- critical_job_reward: 0.5000
- placement_reward: 0.0000
- timeliness_reward: 9.2148
- machine_idle_penalty: -2.1125

TOTAL REWARD: 7.3773

CUMULATIVE REWARD COMPONENTS:
- makespan_reward: -0.8600
- setup_reward: -3.7500
- deadline_reward: 0.0000
- priority_reward: 0.0000
- critical_job_reward: 2.0000
- placement_reward: 0.0000
- timeliness_reward: 36.7635
- machine_idle_penalty: -6.5625

CUMULATIVE TOTAL: 27.5910

CRITICAL STATE INFO:
- Valid actions: ['J1', 'J2', 'J3', 'J4', 'J5', 'J6', 'J7', 'J8', 'J9', 'J10', 'J11', 'J12', 'J13', 'J14', 'J15', 'J16', 'J17', 'J18', 'J19', 'J20']
- Machine states:
  - Machine M1: Time=172.00, Idle=0.00, Material=Citybike_Schaltauge_bearbeitet
  - Machine M2: Time=52.00, Idle=120.00, Material=E-Bike_Bremsen_justiert
  - Machine M3: Time=127.00, Idle=45.00, Material=Citybike_Steuerrohr_ausgerieben
==================================================

2025-06-18 13:14:28,093 - JSPGymEnvironment - INFO - Material change on machine M3: Citybike_Steuerrohr_ausgerieben -> Citybike_Bremsen_justiert, setup time: 15
2025-06-18 13:14:28,093 - JSPGymEnvironment - INFO - Executed operation: Job J4, Op 0, Machine M3, Start: 187, End: 219, Setup: 15
2025-06-18 13:14:28,094 - JSPGymEnvironment - INFO - 
===== REWARD DETAILS FOR STEP 5 =====
Job: J4, Operation: 0, Job Completed: False
Current Time: 172.00 -> 219.00, Setup Time: 15.00
Processing Time: 32.00, Idle Time: 0.00
Completed Jobs: 0/20
Machine: M3, Material: Citybike_Bremsen_justiert

REWARD COMPONENTS:
- makespan_reward: -0.2350
- setup_reward: -3.7500
- deadline_reward: 0.0000
- priority_reward: 0.0000
- critical_job_reward: 0.0000
- placement_reward: 0.0000
- timeliness_reward: 9.2287
- machine_idle_penalty: -2.7250

TOTAL REWARD: 2.5187

CUMULATIVE REWARD COMPONENTS:
- makespan_reward: -1.0950
- setup_reward: -7.5000
- deadline_reward: 0.0000
- priority_reward: 0.0000
- critical_job_reward: 2.0000
- placement_reward: 0.0000
- timeliness_reward: 45.9922
- machine_idle_penalty: -9.2875

CUMULATIVE TOTAL: 30.1097

CRITICAL STATE INFO:
- Valid actions: ['J1', 'J2', 'J3', 'J4', 'J5', 'J6', 'J7', 'J8', 'J9', 'J10', 'J11', 'J12', 'J13', 'J14', 'J15', 'J16', 'J17', 'J18', 'J19', 'J20']
- Machine states:
  - Machine M1: Time=172.00, Idle=47.00, Material=Citybike_Schaltauge_bearbeitet
  - Machine M2: Time=52.00, Idle=167.00, Material=E-Bike_Bremsen_justiert
  - Machine M3: Time=219.00, Idle=0.00, Material=Citybike_Bremsen_justiert
==================================================

2025-06-18 13:14:28,141 - JSPGymEnvironment - INFO - Material change on machine M1: Citybike_Schaltauge_bearbeitet -> E-Bike_Rahmen_lackiert, setup time: 45
2025-06-18 13:14:28,141 - JSPGymEnvironment - INFO - Executed operation: Job J20, Op 1, Machine M1, Start: 264, End: 301, Setup: 45
2025-06-18 13:14:28,141 - JSPGymEnvironment - INFO - 
===== REWARD DETAILS FOR STEP 6 =====
Job: J20, Operation: 1, Job Completed: False
Current Time: 219.00 -> 301.00, Setup Time: 45.00
Processing Time: 37.00, Idle Time: 0.00
Completed Jobs: 0/20
Machine: M1, Material: E-Bike_Rahmen_lackiert

REWARD COMPONENTS:
- makespan_reward: -0.4100
- setup_reward: -11.2500
- deadline_reward: 0.0000
- priority_reward: 0.0000
- critical_job_reward: 0.5000
- placement_reward: 0.0000
- timeliness_reward: 9.2557
- machine_idle_penalty: -4.1875

TOTAL REWARD: -6.0918

CUMULATIVE REWARD COMPONENTS:
- makespan_reward: -1.5050
- setup_reward: -18.7500
- deadline_reward: 0.0000
- priority_reward: 0.0000
- critical_job_reward: 2.5000
- placement_reward: 0.0000
- timeliness_reward: 55.2479
- machine_idle_penalty: -13.4750

CUMULATIVE TOTAL: 24.0179

CRITICAL STATE INFO:
- Valid actions: ['J1', 'J2', 'J3', 'J4', 'J5', 'J6', 'J7', 'J8', 'J9', 'J10', 'J11', 'J12', 'J13', 'J14', 'J15', 'J16', 'J17', 'J18', 'J19', 'J20']
- Machine states:
  - Machine M1: Time=301.00, Idle=0.00, Material=E-Bike_Rahmen_lackiert
  - Machine M2: Time=52.00, Idle=249.00, Material=E-Bike_Bremsen_justiert
  - Machine M3: Time=219.00, Idle=82.00, Material=Citybike_Bremsen_justiert
==================================================

2025-06-18 13:14:28,181 - JSPGymEnvironment - INFO - Material change on machine M2: E-Bike_Bremsen_justiert -> Racebike_Schaltauge_bearbeitet, setup time: 27
2025-06-18 13:14:28,181 - JSPGymEnvironment - INFO - Executed operation: Job J5, Op 0, Machine M2, Start: 328, End: 339, Setup: 27
2025-06-18 13:14:28,182 - JSPGymEnvironment - INFO - 
===== REWARD DETAILS FOR STEP 7 =====
Job: J5, Operation: 0, Job Completed: False
Current Time: 301.00 -> 339.00, Setup Time: 27.00
Processing Time: 11.00, Idle Time: 0.00
Completed Jobs: 0/20
Machine: M2, Material: Racebike_Schaltauge_bearbeitet

REWARD COMPONENTS:
- makespan_reward: -0.1900
- setup_reward: -6.7500
- deadline_reward: 0.0000
- priority_reward: 0.0000
- critical_job_reward: 0.5000
- placement_reward: 0.0000
- timeliness_reward: 9.2605
- machine_idle_penalty: -1.9750

TOTAL REWARD: 0.8455

CUMULATIVE REWARD COMPONENTS:
- makespan_reward: -1.6950
- setup_reward: -25.5000
- deadline_reward: 0.0000
- priority_reward: 0.0000
- critical_job_reward: 3.0000
- placement_reward: 0.0000
- timeliness_reward: 64.5085
- machine_idle_penalty: -15.4500

CUMULATIVE TOTAL: 24.8635

CRITICAL STATE INFO:
- Valid actions: ['J1', 'J2', 'J3', 'J4', 'J5', 'J6', 'J7', 'J8', 'J9', 'J10', 'J11', 'J12', 'J13', 'J14', 'J15', 'J16', 'J17', 'J18', 'J19', 'J20']
- Machine states:
  - Machine M1: Time=301.00, Idle=38.00, Material=E-Bike_Rahmen_lackiert
  - Machine M2: Time=339.00, Idle=0.00, Material=Racebike_Schaltauge_bearbeitet
  - Machine M3: Time=219.00, Idle=120.00, Material=Citybike_Bremsen_justiert
==================================================

2025-06-18 13:14:28,273 - JSPGymEnvironment - INFO - Material change on machine M1: E-Bike_Rahmen_lackiert -> E-Bike_Rahmen_komplettiert, setup time: 40
2025-06-18 13:14:28,274 - JSPGymEnvironment - INFO - Executed operation: Job J20, Op 2, Machine M1, Start: 379, End: 395, Setup: 40
2025-06-18 13:14:28,274 - JSPGymEnvironment - INFO - 
===== REWARD DETAILS FOR STEP 8 =====
Job: J20, Operation: 2, Job Completed: False
Current Time: 339.00 -> 395.00, Setup Time: 40.00
Processing Time: 16.00, Idle Time: 0.00
Completed Jobs: 0/20
Machine: M1, Material: E-Bike_Rahmen_komplettiert

REWARD COMPONENTS:
- makespan_reward: -0.2800
- setup_reward: -10.0000
- deadline_reward: 0.0000
- priority_reward: 0.0000
- critical_job_reward: 0.5000
- placement_reward: 0.0000
- timeliness_reward: 9.2801
- machine_idle_penalty: -2.9500

TOTAL REWARD: -3.4499

CUMULATIVE REWARD COMPONENTS:
- makespan_reward: -1.9750
- setup_reward: -35.5000
- deadline_reward: 0.0000
- priority_reward: 0.0000
- critical_job_reward: 3.5000
- placement_reward: 0.0000
- timeliness_reward: 73.7886
- machine_idle_penalty: -18.4000

CUMULATIVE TOTAL: 21.4136

CRITICAL STATE INFO:
- Valid actions: ['J1', 'J2', 'J3', 'J4', 'J5', 'J6', 'J7', 'J8', 'J9', 'J10', 'J11', 'J12', 'J13', 'J14', 'J15', 'J16', 'J17', 'J18', 'J19', 'J20']
- Machine states:
  - Machine M1: Time=395.00, Idle=0.00, Material=E-Bike_Rahmen_komplettiert
  - Machine M2: Time=339.00, Idle=56.00, Material=Racebike_Schaltauge_bearbeitet
  - Machine M3: Time=219.00, Idle=176.00, Material=Citybike_Bremsen_justiert
==================================================

2025-06-18 13:14:28,317 - JSPGymEnvironment - INFO - Material change on machine M2: Racebike_Schaltauge_bearbeitet -> E-Bike_Hinterbau_vorbereitet, setup time: 28
2025-06-18 13:14:28,317 - JSPGymEnvironment - INFO - Executed operation: Job J20, Op 3, Machine M2, Start: 423, End: 444, Setup: 28
2025-06-18 13:14:28,318 - JSPGymEnvironment - INFO - 
===== REWARD DETAILS FOR STEP 9 =====
Job: J20, Operation: 3, Job Completed: False
Current Time: 395.00 -> 444.00, Setup Time: 28.00
Processing Time: 21.00, Idle Time: 0.00
Completed Jobs: 0/20
Machine: M2, Material: E-Bike_Hinterbau_vorbereitet

REWARD COMPONENTS:
- makespan_reward: -0.2450
- setup_reward: -7.0000
- deadline_reward: 0.0000
- priority_reward: 0.0000
- critical_job_reward: 0.5000
- placement_reward: 0.0000
- timeliness_reward: 9.2915
- machine_idle_penalty: -3.4750

TOTAL REWARD: -0.9285

CUMULATIVE REWARD COMPONENTS:
- makespan_reward: -2.2200
- setup_reward: -42.5000
- deadline_reward: 0.0000
- priority_reward: 0.0000
- critical_job_reward: 4.0000
- placement_reward: 0.0000
- timeliness_reward: 83.0801
- machine_idle_penalty: -21.8750

CUMULATIVE TOTAL: 20.4851

CRITICAL STATE INFO:
- Valid actions: ['J1', 'J2', 'J3', 'J4', 'J5', 'J6', 'J7', 'J8', 'J9', 'J10', 'J11', 'J12', 'J13', 'J14', 'J15', 'J16', 'J17', 'J18', 'J19', 'J20']
- Machine states:
  - Machine M1: Time=395.00, Idle=49.00, Material=E-Bike_Rahmen_komplettiert
  - Machine M2: Time=444.00, Idle=0.00, Material=E-Bike_Hinterbau_vorbereitet
  - Machine M3: Time=219.00, Idle=225.00, Material=Citybike_Bremsen_justiert
==================================================

2025-06-18 13:14:28,358 - JSPGymEnvironment - INFO - Material change on machine M3: Citybike_Bremsen_justiert -> E-Bike_Tretlageraufnahme_geschweisst, setup time: 20
2025-06-18 13:14:28,358 - JSPGymEnvironment - INFO - Executed operation: Job J14, Op 0, Machine M3, Start: 464, End: 514, Setup: 20
2025-06-18 13:14:28,359 - JSPGymEnvironment - INFO - 
===== REWARD DETAILS FOR STEP 10 =====
Job: J14, Operation: 0, Job Completed: False
Current Time: 444.00 -> 514.00, Setup Time: 20.00
Processing Time: 50.00, Idle Time: 0.00
Completed Jobs: 0/20
Machine: M3, Material: E-Bike_Tretlageraufnahme_geschweisst

REWARD COMPONENTS:
- makespan_reward: -0.3500
- setup_reward: -5.0000
- deadline_reward: 0.0000
- priority_reward: 0.0000
- critical_job_reward: 0.5000
- placement_reward: 0.0000
- timeliness_reward: 9.2976
- machine_idle_penalty: -2.3625

TOTAL REWARD: 2.0851

CUMULATIVE REWARD COMPONENTS:
- makespan_reward: -2.5700
- setup_reward: -47.5000
- deadline_reward: 0.0000
- priority_reward: 0.0000
- critical_job_reward: 4.5000
- placement_reward: 0.0000
- timeliness_reward: 92.3778
- machine_idle_penalty: -24.2375

CUMULATIVE TOTAL: 22.5703

CRITICAL STATE INFO:
- Valid actions: ['J1', 'J2', 'J3', 'J4', 'J5', 'J6', 'J7', 'J8', 'J9', 'J10', 'J11', 'J12', 'J13', 'J14', 'J15', 'J16', 'J17', 'J18', 'J19', 'J20']
- Machine states:
  - Machine M1: Time=395.00, Idle=119.00, Material=E-Bike_Rahmen_komplettiert
  - Machine M2: Time=444.00, Idle=70.00, Material=E-Bike_Hinterbau_vorbereitet
  - Machine M3: Time=514.00, Idle=0.00, Material=E-Bike_Tretlageraufnahme_geschweisst
==================================================

2025-06-18 13:14:28,394 - JSPGymEnvironment - INFO - Material change on machine M1: E-Bike_Rahmen_komplettiert -> Citybike_Rahmen_komplettiert, setup time: 47
2025-06-18 13:14:28,394 - JSPGymEnvironment - INFO - Executed operation: Job J6, Op 3, Machine M1, Start: 561, End: 599, Setup: 47
2025-06-18 13:14:28,395 - JSPGymEnvironment - INFO - 
===== REWARD DETAILS FOR STEP 11 =====
Job: J6, Operation: 3, Job Completed: False
Current Time: 514.00 -> 599.00, Setup Time: 47.00
Processing Time: 38.00, Idle Time: 0.00
Completed Jobs: 0/20
Machine: M1, Material: Citybike_Rahmen_komplettiert

REWARD COMPONENTS:
- makespan_reward: -0.4250
- setup_reward: -11.7500
- deadline_reward: 0.0000
- priority_reward: 0.0000
- critical_job_reward: 0.5000
- placement_reward: 0.0000
- timeliness_reward: 9.3104
- machine_idle_penalty: -3.0000

TOTAL REWARD: -5.3646

CUMULATIVE REWARD COMPONENTS:
- makespan_reward: -2.9950
- setup_reward: -59.2500
- deadline_reward: 0.0000
- priority_reward: 0.0000
- critical_job_reward: 5.0000
- placement_reward: 0.0000
- timeliness_reward: 101.6881
- machine_idle_penalty: -27.2375

CUMULATIVE TOTAL: 17.2056

CRITICAL STATE INFO:
- Valid actions: ['J1', 'J2', 'J3', 'J4', 'J5', 'J6', 'J7', 'J8', 'J9', 'J10', 'J11', 'J12', 'J13', 'J14', 'J15', 'J16', 'J17', 'J18', 'J19', 'J20']
- Machine states:
  - Machine M1: Time=599.00, Idle=0.00, Material=Citybike_Rahmen_komplettiert
  - Machine M2: Time=444.00, Idle=155.00, Material=E-Bike_Hinterbau_vorbereitet
  - Machine M3: Time=514.00, Idle=85.00, Material=E-Bike_Tretlageraufnahme_geschweisst
==================================================

2025-06-18 13:14:28,430 - JSPGymEnvironment - INFO - Material change on machine M3: E-Bike_Tretlageraufnahme_geschweisst -> Citybike_Antrieb_installiert, setup time: 15
2025-06-18 13:14:28,430 - JSPGymEnvironment - INFO - Executed operation: Job J6, Op 4, Machine M3, Start: 614, End: 653, Setup: 15
2025-06-18 13:14:28,430 - JSPGymEnvironment - INFO - 
===== REWARD DETAILS FOR STEP 12 =====
Job: J6, Operation: 4, Job Completed: False
Current Time: 599.00 -> 653.00, Setup Time: 15.00
Processing Time: 39.00, Idle Time: 0.00
Completed Jobs: 0/20
Machine: M3, Material: Citybike_Antrieb_installiert

REWARD COMPONENTS:
- makespan_reward: -0.2700
- setup_reward: -3.7500
- deadline_reward: 0.0000
- priority_reward: 0.0000
- critical_job_reward: 0.5000
- placement_reward: 0.0000
- timeliness_reward: 9.3162
- machine_idle_penalty: -3.2875

TOTAL REWARD: 2.5087

CUMULATIVE REWARD COMPONENTS:
- makespan_reward: -3.2650
- setup_reward: -63.0000
- deadline_reward: 0.0000
- priority_reward: 0.0000
- critical_job_reward: 5.5000
- placement_reward: 0.0000
- timeliness_reward: 111.0043
- machine_idle_penalty: -30.5250

CUMULATIVE TOTAL: 19.7143

CRITICAL STATE INFO:
- Valid actions: ['J1', 'J2', 'J3', 'J4', 'J5', 'J6', 'J7', 'J8', 'J9', 'J10', 'J11', 'J12', 'J13', 'J14', 'J15', 'J16', 'J17', 'J18', 'J19', 'J20']
- Machine states:
  - Machine M1: Time=599.00, Idle=54.00, Material=Citybike_Rahmen_komplettiert
  - Machine M2: Time=444.00, Idle=209.00, Material=E-Bike_Hinterbau_vorbereitet
  - Machine M3: Time=653.00, Idle=0.00, Material=Citybike_Antrieb_installiert
==================================================

2025-06-18 13:14:28,466 - JSPGymEnvironment - INFO - Material change on machine M1: Citybike_Rahmen_komplettiert -> Mountainbike_Bremsaufnahme_gebohrt, setup time: 30
2025-06-18 13:14:28,466 - JSPGymEnvironment - INFO - Executed operation: Job J10, Op 0, Machine M1, Start: 683, End: 707, Setup: 30
2025-06-18 13:14:28,466 - JSPGymEnvironment - INFO - 
===== REWARD DETAILS FOR STEP 13 =====
Job: J10, Operation: 0, Job Completed: False
Current Time: 653.00 -> 707.00, Setup Time: 30.00
Processing Time: 24.00, Idle Time: 0.00
Completed Jobs: 0/20
Machine: M1, Material: Mountainbike_Bremsaufnahme_gebohrt

REWARD COMPONENTS:
- makespan_reward: -0.2700
- setup_reward: -7.5000
- deadline_reward: 0.0000
- priority_reward: 0.0000
- critical_job_reward: 0.0000
- placement_reward: 0.0000
- timeliness_reward: 9.3207
- machine_idle_penalty: -3.9625

TOTAL REWARD: -2.4118

CUMULATIVE REWARD COMPONENTS:
- makespan_reward: -3.5350
- setup_reward: -70.5000
- deadline_reward: 0.0000
- priority_reward: 0.0000
- critical_job_reward: 5.5000
- placement_reward: 0.0000
- timeliness_reward: 120.3250
- machine_idle_penalty: -34.4875

CUMULATIVE TOTAL: 17.3025

CRITICAL STATE INFO:
- Valid actions: ['J1', 'J2', 'J3', 'J4', 'J5', 'J6', 'J7', 'J8', 'J9', 'J10', 'J11', 'J12', 'J13', 'J14', 'J15', 'J16', 'J17', 'J18', 'J19', 'J20']
- Machine states:
  - Machine M1: Time=707.00, Idle=0.00, Material=Mountainbike_Bremsaufnahme_gebohrt
  - Machine M2: Time=444.00, Idle=263.00, Material=E-Bike_Hinterbau_vorbereitet
  - Machine M3: Time=653.00, Idle=54.00, Material=Citybike_Antrieb_installiert
==================================================

2025-06-18 13:14:28,503 - JSPGymEnvironment - INFO - Material change on machine M3: Citybike_Antrieb_installiert -> Citybike_Fahrrad_endmontiert, setup time: 15
2025-06-18 13:14:28,503 - JSPGymEnvironment - INFO - Executed operation: Job J3, Op 0, Machine M3, Start: 722, End: 756, Setup: 15
2025-06-18 13:14:28,503 - JSPGymEnvironment - INFO - 
===== REWARD DETAILS FOR STEP 14 =====
Job: J3, Operation: 0, Job Completed: False
Current Time: 707.00 -> 756.00, Setup Time: 15.00
Processing Time: 34.00, Idle Time: 0.00
Completed Jobs: 0/20
Machine: M3, Material: Citybike_Fahrrad_endmontiert

REWARD COMPONENTS:
- makespan_reward: -0.2450
- setup_reward: -3.7500
- deadline_reward: 0.0000
- priority_reward: 0.0000
- critical_job_reward: 0.5000
- placement_reward: 0.0000
- timeliness_reward: 9.3217
- machine_idle_penalty: -4.5625

TOTAL REWARD: 1.2642

CUMULATIVE REWARD COMPONENTS:
- makespan_reward: -3.7800
- setup_reward: -74.2500
- deadline_reward: 0.0000
- priority_reward: 0.0000
- critical_job_reward: 6.0000
- placement_reward: 0.0000
- timeliness_reward: 129.6467
- machine_idle_penalty: -39.0500

CUMULATIVE TOTAL: 18.5667

CRITICAL STATE INFO:
- Valid actions: ['J1', 'J2', 'J3', 'J4', 'J5', 'J6', 'J7', 'J8', 'J9', 'J10', 'J11', 'J12', 'J13', 'J14', 'J15', 'J16', 'J17', 'J18', 'J19', 'J20']
- Machine states:
  - Machine M1: Time=707.00, Idle=49.00, Material=Mountainbike_Bremsaufnahme_gebohrt
  - Machine M2: Time=444.00, Idle=312.00, Material=E-Bike_Hinterbau_vorbereitet
  - Machine M3: Time=756.00, Idle=0.00, Material=Citybike_Fahrrad_endmontiert
==================================================

2025-06-18 13:14:28,540 - JSPGymEnvironment - INFO - Material change on machine M1: Mountainbike_Bremsaufnahme_gebohrt -> E-Bike_Laufraeder_montiert, setup time: 48
2025-06-18 13:14:28,540 - JSPGymEnvironment - INFO - Executed operation: Job J20, Op 4, Machine M1, Start: 804, End: 838, Setup: 48
2025-06-18 13:14:28,540 - JSPGymEnvironment - INFO - 
===== REWARD DETAILS FOR STEP 15 =====
Job: J20, Operation: 4, Job Completed: False
Current Time: 756.00 -> 838.00, Setup Time: 48.00
Processing Time: 34.00, Idle Time: 0.00
Completed Jobs: 0/20
Machine: M1, Material: E-Bike_Laufraeder_montiert

REWARD COMPONENTS:
- makespan_reward: -0.4100
- setup_reward: -12.0000
- deadline_reward: 0.0000
- priority_reward: 0.0000
- critical_job_reward: 0.5000
- placement_reward: 0.0000
- timeliness_reward: 9.3334
- machine_idle_penalty: -6.0000

TOTAL REWARD: -8.5766

CUMULATIVE REWARD COMPONENTS:
- makespan_reward: -4.1900
- setup_reward: -86.2500
- deadline_reward: 0.0000
- priority_reward: 0.0000
- critical_job_reward: 6.5000
- placement_reward: 0.0000
- timeliness_reward: 138.9801
- machine_idle_penalty: -45.0500

CUMULATIVE TOTAL: 9.9901

CRITICAL STATE INFO:
- Valid actions: ['J1', 'J2', 'J3', 'J4', 'J5', 'J6', 'J7', 'J8', 'J9', 'J10', 'J11', 'J12', 'J13', 'J14', 'J15', 'J16', 'J17', 'J18', 'J19', 'J20']
- Machine states:
  - Machine M1: Time=838.00, Idle=0.00, Material=E-Bike_Laufraeder_montiert
  - Machine M2: Time=444.00, Idle=394.00, Material=E-Bike_Hinterbau_vorbereitet
  - Machine M3: Time=756.00, Idle=82.00, Material=Citybike_Fahrrad_endmontiert
==================================================

2025-06-18 13:14:28,632 - JSPGymEnvironment - INFO - Material change on machine M1: E-Bike_Laufraeder_montiert -> Citybike_Tretlageraufnahme_geschweisst, setup time: 47
2025-06-18 13:14:28,632 - JSPGymEnvironment - INFO - Executed operation: Job J6, Op 5, Machine M1, Start: 885, End: 905, Setup: 47
2025-06-18 13:14:28,633 - JSPGymEnvironment - INFO - 
===== REWARD DETAILS FOR STEP 16 =====
Job: J6, Operation: 5, Job Completed: False
Current Time: 838.00 -> 905.00, Setup Time: 47.00
Processing Time: 20.00, Idle Time: 0.00
Completed Jobs: 0/20
Machine: M1, Material: Citybike_Tretlageraufnahme_geschweisst

REWARD COMPONENTS:
- makespan_reward: -0.3350
- setup_reward: -11.7500
- deadline_reward: 0.0000
- priority_reward: 0.0000
- critical_job_reward: 0.5000
- placement_reward: 0.0000
- timeliness_reward: 9.3136
- machine_idle_penalty: -7.6750

TOTAL REWARD: -9.9464

CUMULATIVE REWARD COMPONENTS:
- makespan_reward: -4.5250
- setup_reward: -98.0000
- deadline_reward: 0.0000
- priority_reward: 0.0000
- critical_job_reward: 7.0000
- placement_reward: 0.0000
- timeliness_reward: 148.2937
- machine_idle_penalty: -52.7250

CUMULATIVE TOTAL: 0.0437

CRITICAL STATE INFO:
- Valid actions: ['J1', 'J2', 'J3', 'J4', 'J5', 'J6', 'J7', 'J8', 'J9', 'J10', 'J11', 'J12', 'J13', 'J14', 'J15', 'J16', 'J17', 'J18', 'J19', 'J20']
- Machine states:
  - Machine M1: Time=905.00, Idle=0.00, Material=Citybike_Tretlageraufnahme_geschweisst
  - Machine M2: Time=444.00, Idle=461.00, Material=E-Bike_Hinterbau_vorbereitet
  - Machine M3: Time=756.00, Idle=149.00, Material=Citybike_Fahrrad_endmontiert
==================================================

2025-06-18 13:14:28,670 - JSPGymEnvironment - INFO - Material change on machine M1: Citybike_Tretlageraufnahme_geschweisst -> Citybike_Rahmen_lackiert, setup time: 40
2025-06-18 13:14:28,670 - JSPGymEnvironment - INFO - Executed operation: Job J4, Op 1, Machine M1, Start: 945, End: 986, Setup: 40
2025-06-18 13:14:28,670 - JSPGymEnvironment - INFO - 
===== REWARD DETAILS FOR STEP 17 =====
Job: J4, Operation: 1, Job Completed: False
Current Time: 905.00 -> 986.00, Setup Time: 40.00
Processing Time: 41.00, Idle Time: 0.00
Completed Jobs: 0/20
Machine: M1, Material: Citybike_Rahmen_lackiert

REWARD COMPONENTS:
- makespan_reward: -0.4050
- setup_reward: -10.0000
- deadline_reward: 0.0000
- priority_reward: 0.0000
- critical_job_reward: 0.0000
- placement_reward: 0.0000
- timeliness_reward: 9.3000
- machine_idle_penalty: -9.7000

TOTAL REWARD: -10.8050

CUMULATIVE REWARD COMPONENTS:
- makespan_reward: -4.9300
- setup_reward: -108.0000
- deadline_reward: 0.0000
- priority_reward: 0.0000
- critical_job_reward: 7.0000
- placement_reward: 0.0000
- timeliness_reward: 157.5937
- machine_idle_penalty: -62.4250

CUMULATIVE TOTAL: -10.7613

CRITICAL STATE INFO:
- Valid actions: ['J1', 'J2', 'J3', 'J4', 'J5', 'J6', 'J7', 'J8', 'J9', 'J10', 'J11', 'J12', 'J13', 'J14', 'J15', 'J16', 'J17', 'J18', 'J19', 'J20']
- Machine states:
  - Machine M1: Time=986.00, Idle=0.00, Material=Citybike_Rahmen_lackiert
  - Machine M2: Time=444.00, Idle=542.00, Material=E-Bike_Hinterbau_vorbereitet
  - Machine M3: Time=756.00, Idle=230.00, Material=Citybike_Fahrrad_endmontiert
==================================================

2025-06-18 13:14:28,707 - JSPGymEnvironment - INFO - Material change on machine M3: Citybike_Fahrrad_endmontiert -> Citybike_Steuerrohr_montiert, setup time: 15
2025-06-18 13:14:28,707 - JSPGymEnvironment - INFO - Executed operation: Job J6, Op 6, Machine M3, Start: 1001, End: 1021, Setup: 15
2025-06-18 13:14:28,707 - JSPGymEnvironment - INFO - 
===== REWARD DETAILS FOR STEP 18 =====
Job: J6, Operation: 6, Job Completed: False
Current Time: 986.00 -> 1021.00, Setup Time: 15.00
Processing Time: 20.00, Idle Time: 0.00
Completed Jobs: 0/20
Machine: M3, Material: Citybike_Steuerrohr_montiert

REWARD COMPONENTS:
- makespan_reward: -0.1750
- setup_reward: -3.7500
- deadline_reward: 0.0000
- priority_reward: 0.0000
- critical_job_reward: 0.5000
- placement_reward: 0.0000
- timeliness_reward: 9.2903
- machine_idle_penalty: -7.7000

TOTAL REWARD: -1.8347

CUMULATIVE REWARD COMPONENTS:
- makespan_reward: -5.1050
- setup_reward: -111.7500
- deadline_reward: 0.0000
- priority_reward: 0.0000
- critical_job_reward: 7.5000
- placement_reward: 0.0000
- timeliness_reward: 166.8840
- machine_idle_penalty: -70.1250

CUMULATIVE TOTAL: -12.5960

CRITICAL STATE INFO:
- Valid actions: ['J1', 'J2', 'J3', 'J4', 'J5', 'J6', 'J7', 'J8', 'J9', 'J10', 'J11', 'J12', 'J13', 'J14', 'J15', 'J16', 'J17', 'J18', 'J19', 'J20']
- Machine states:
  - Machine M1: Time=986.00, Idle=35.00, Material=Citybike_Rahmen_lackiert
  - Machine M2: Time=444.00, Idle=577.00, Material=E-Bike_Hinterbau_vorbereitet
  - Machine M3: Time=1021.00, Idle=0.00, Material=Citybike_Steuerrohr_montiert
==================================================

2025-06-18 13:14:28,742 - JSPGymEnvironment - INFO - Material change on machine M3: Citybike_Steuerrohr_montiert -> Citybike_Laufraeder_montiert, setup time: 15
2025-06-18 13:14:28,742 - JSPGymEnvironment - INFO - Executed operation: Job J6, Op 7, Machine M3, Start: 1036, End: 1068, Setup: 15
2025-06-18 13:14:28,743 - JSPGymEnvironment - INFO - Job J6 completed at time 1068, deadline: 2880, met: True, priority: 8
2025-06-18 13:14:28,743 - JSPGymEnvironment - INFO - 
===== REWARD DETAILS FOR STEP 19 =====
Job: J6, Operation: 7, Job Completed: True
Current Time: 1021.00 -> 1068.00, Setup Time: 15.00
Processing Time: 32.00, Idle Time: 0.00
Completed Jobs: 1/20
Machine: M3, Material: Citybike_Laufraeder_montiert
Job Deadline: 2880.00 (Met), Priority: 8

REWARD COMPONENTS:
- makespan_reward: -0.2350
- setup_reward: -3.7500
- deadline_reward: 20.0000
- priority_reward: 32.0000
- critical_job_reward: 20.0500
- placement_reward: 0.0000
- timeliness_reward: 9.2751
- machine_idle_penalty: -8.8750

TOTAL REWARD: 68.4651

CUMULATIVE REWARD COMPONENTS:
- makespan_reward: -5.3400
- setup_reward: -115.5000
- deadline_reward: 20.0000
- priority_reward: 32.0000
- critical_job_reward: 27.5500
- placement_reward: 0.0000
- timeliness_reward: 176.1591
- machine_idle_penalty: -79.0000

CUMULATIVE TOTAL: 55.8691

CRITICAL STATE INFO:
- Valid actions: ['J1', 'J2', 'J3', 'J4', 'J5', 'J7', 'J8', 'J9', 'J10', 'J11', 'J12', 'J13', 'J14', 'J15', 'J16', 'J17', 'J18', 'J19', 'J20']
- Machine states:
  - Machine M1: Time=986.00, Idle=82.00, Material=Citybike_Rahmen_lackiert
  - Machine M2: Time=444.00, Idle=624.00, Material=E-Bike_Hinterbau_vorbereitet
  - Machine M3: Time=1068.00, Idle=0.00, Material=Citybike_Laufraeder_montiert
==================================================

2025-06-18 13:14:28,743 - JSPGymEnvironment - INFO - Retro-Bonus für Job J6: +15.0
2025-06-18 13:14:28,781 - JSPGymEnvironment - INFO - Material change on machine M3: Citybike_Laufraeder_montiert -> Citybike_Tretlageraufnahme_geschweisst, setup time: 15
2025-06-18 13:14:28,781 - JSPGymEnvironment - INFO - Executed operation: Job J4, Op 2, Machine M3, Start: 1083, End: 1133, Setup: 15
2025-06-18 13:14:28,781 - JSPGymEnvironment - INFO - 
===== REWARD DETAILS FOR STEP 20 =====
Job: J4, Operation: 2, Job Completed: False
Current Time: 1068.00 -> 1133.00, Setup Time: 15.00
Processing Time: 50.00, Idle Time: 0.00
Completed Jobs: 1/20
Machine: M3, Material: Citybike_Tretlageraufnahme_geschweisst

REWARD COMPONENTS:
- makespan_reward: -0.3250
- setup_reward: -3.7500
- deadline_reward: 0.0000
- priority_reward: 0.0000
- critical_job_reward: 0.0000
- placement_reward: 0.0000
- timeliness_reward: 9.2502
- machine_idle_penalty: -10.5000

TOTAL REWARD: -5.3248

CUMULATIVE REWARD COMPONENTS:
- makespan_reward: -5.6650
- setup_reward: -119.2500
- deadline_reward: 20.0000
- priority_reward: 32.0000
- critical_job_reward: 27.5500
- placement_reward: 0.0000
- timeliness_reward: 185.4094
- machine_idle_penalty: -89.5000

CUMULATIVE TOTAL: 50.5444

CRITICAL STATE INFO:
- Valid actions: ['J1', 'J2', 'J3', 'J4', 'J5', 'J7', 'J8', 'J9', 'J10', 'J11', 'J12', 'J13', 'J14', 'J15', 'J16', 'J17', 'J18', 'J19', 'J20']
- Machine states:
  - Machine M1: Time=986.00, Idle=147.00, Material=Citybike_Rahmen_lackiert
  - Machine M2: Time=444.00, Idle=689.00, Material=E-Bike_Hinterbau_vorbereitet
  - Machine M3: Time=1133.00, Idle=0.00, Material=Citybike_Tretlageraufnahme_geschweisst
==================================================

2025-06-18 13:14:28,818 - JSPGymEnvironment - INFO - Material change on machine M2: E-Bike_Hinterbau_vorbereitet -> E-Bike_Fahrrad_endmontiert, setup time: 20
2025-06-18 13:14:28,819 - JSPGymEnvironment - INFO - Executed operation: Job J20, Op 5, Machine M2, Start: 1153, End: 1168, Setup: 20
2025-06-18 13:14:28,819 - JSPGymEnvironment - INFO - 
===== REWARD DETAILS FOR STEP 21 =====
Job: J20, Operation: 5, Job Completed: False
Current Time: 1133.00 -> 1168.00, Setup Time: 20.00
Processing Time: 15.00, Idle Time: 0.00
Completed Jobs: 1/20
Machine: M2, Material: E-Bike_Fahrrad_endmontiert

REWARD COMPONENTS:
- makespan_reward: -0.1750
- setup_reward: -5.0000
- deadline_reward: 0.0000
- priority_reward: 0.0000
- critical_job_reward: 0.5000
- placement_reward: 0.0000
- timeliness_reward: 9.2511
- machine_idle_penalty: -2.7125

TOTAL REWARD: 1.8636

CUMULATIVE REWARD COMPONENTS:
- makespan_reward: -5.8400
- setup_reward: -124.2500
- deadline_reward: 20.0000
- priority_reward: 32.0000
- critical_job_reward: 28.0500
- placement_reward: 0.0000
- timeliness_reward: 194.6605
- machine_idle_penalty: -92.2125

CUMULATIVE TOTAL: 52.4080

CRITICAL STATE INFO:
- Valid actions: ['J1', 'J2', 'J3', 'J4', 'J5', 'J7', 'J8', 'J9', 'J10', 'J11', 'J12', 'J13', 'J14', 'J15', 'J16', 'J17', 'J18', 'J19', 'J20']
- Machine states:
  - Machine M1: Time=986.00, Idle=182.00, Material=Citybike_Rahmen_lackiert
  - Machine M2: Time=1168.00, Idle=0.00, Material=E-Bike_Fahrrad_endmontiert
  - Machine M3: Time=1133.00, Idle=35.00, Material=Citybike_Tretlageraufnahme_geschweisst
==================================================

2025-06-18 13:14:28,856 - JSPGymEnvironment - INFO - Material change on machine M2: E-Bike_Fahrrad_endmontiert -> Racebike_Tretlageraufnahme_geschweisst, setup time: 27
2025-06-18 13:14:28,856 - JSPGymEnvironment - INFO - Executed operation: Job J9, Op 0, Machine M2, Start: 1195, End: 1216, Setup: 27
2025-06-18 13:14:28,857 - JSPGymEnvironment - INFO - 
===== REWARD DETAILS FOR STEP 22 =====
Job: J9, Operation: 0, Job Completed: False
Current Time: 1168.00 -> 1216.00, Setup Time: 27.00
Processing Time: 21.00, Idle Time: 0.00
Completed Jobs: 1/20
Machine: M2, Material: Racebike_Tretlageraufnahme_geschweisst

REWARD COMPONENTS:
- makespan_reward: -0.2400
- setup_reward: -6.7500
- deadline_reward: 0.0000
- priority_reward: 0.0000
- critical_job_reward: 0.0000
- placement_reward: 0.0000
- timeliness_reward: 9.2240
- machine_idle_penalty: -3.9125

TOTAL REWARD: -1.6785

CUMULATIVE REWARD COMPONENTS:
- makespan_reward: -6.0800
- setup_reward: -131.0000
- deadline_reward: 20.0000
- priority_reward: 32.0000
- critical_job_reward: 28.0500
- placement_reward: 0.0000
- timeliness_reward: 203.8844
- machine_idle_penalty: -96.1250

CUMULATIVE TOTAL: 50.7294

CRITICAL STATE INFO:
- Valid actions: ['J1', 'J2', 'J3', 'J4', 'J5', 'J7', 'J8', 'J9', 'J10', 'J11', 'J12', 'J13', 'J14', 'J15', 'J16', 'J17', 'J18', 'J19', 'J20']
- Machine states:
  - Machine M1: Time=986.00, Idle=230.00, Material=Citybike_Rahmen_lackiert
  - Machine M2: Time=1216.00, Idle=0.00, Material=Racebike_Tretlageraufnahme_geschweisst
  - Machine M3: Time=1133.00, Idle=83.00, Material=Citybike_Tretlageraufnahme_geschweisst
==================================================

2025-06-18 13:14:28,945 - JSPGymEnvironment - INFO - Material change on machine M1: Citybike_Rahmen_lackiert -> E-Bike_Steuerrohr_montiert, setup time: 45
2025-06-18 13:14:28,945 - JSPGymEnvironment - INFO - Executed operation: Job J18, Op 0, Machine M1, Start: 1261, End: 1284, Setup: 45
2025-06-18 13:14:28,945 - JSPGymEnvironment - INFO - 
===== REWARD DETAILS FOR STEP 23 =====
Job: J18, Operation: 0, Job Completed: False
Current Time: 1216.00 -> 1284.00, Setup Time: 45.00
Processing Time: 23.00, Idle Time: 0.00
Completed Jobs: 1/20
Machine: M1, Material: E-Bike_Steuerrohr_montiert

REWARD COMPONENTS:
- makespan_reward: -0.3400
- setup_reward: -11.2500
- deadline_reward: 0.0000
- priority_reward: 0.0000
- critical_job_reward: 0.5000
- placement_reward: 0.0000
- timeliness_reward: 9.1819
- machine_idle_penalty: -2.7375

TOTAL REWARD: -4.6456

CUMULATIVE REWARD COMPONENTS:
- makespan_reward: -6.4200
- setup_reward: -142.2500
- deadline_reward: 20.0000
- priority_reward: 32.0000
- critical_job_reward: 28.5500
- placement_reward: 0.0000
- timeliness_reward: 213.0664
- machine_idle_penalty: -98.8625

CUMULATIVE TOTAL: 46.0839

CRITICAL STATE INFO:
- Valid actions: ['J1', 'J2', 'J3', 'J4', 'J5', 'J7', 'J8', 'J9', 'J10', 'J11', 'J12', 'J13', 'J14', 'J15', 'J16', 'J17', 'J18', 'J19', 'J20']
- Machine states:
  - Machine M1: Time=1284.00, Idle=0.00, Material=E-Bike_Steuerrohr_montiert
  - Machine M2: Time=1216.00, Idle=68.00, Material=Racebike_Tretlageraufnahme_geschweisst
  - Machine M3: Time=1133.00, Idle=151.00, Material=Citybike_Tretlageraufnahme_geschweisst
==================================================

2025-06-18 13:14:28,983 - JSPGymEnvironment - INFO - Material change on machine M1: E-Bike_Steuerrohr_montiert -> Racebike_Tretlageraufnahme_geschweisst, setup time: 59
2025-06-18 13:14:28,983 - JSPGymEnvironment - INFO - Executed operation: Job J5, Op 1, Machine M1, Start: 1343, End: 1384, Setup: 59
2025-06-18 13:14:28,983 - JSPGymEnvironment - INFO - 
===== REWARD DETAILS FOR STEP 24 =====
Job: J5, Operation: 1, Job Completed: False
Current Time: 1284.00 -> 1384.00, Setup Time: 59.00
Processing Time: 41.00, Idle Time: 0.00
Completed Jobs: 1/20
Machine: M1, Material: Racebike_Tretlageraufnahme_geschweisst

REWARD COMPONENTS:
- makespan_reward: -0.5000
- setup_reward: -14.7500
- deadline_reward: 0.0000
- priority_reward: 0.0000
- critical_job_reward: 0.5000
- placement_reward: 0.0000
- timeliness_reward: 9.0713
- machine_idle_penalty: -5.2375

TOTAL REWARD: -10.9162

CUMULATIVE REWARD COMPONENTS:
- makespan_reward: -6.9200
- setup_reward: -157.0000
- deadline_reward: 20.0000
- priority_reward: 32.0000
- critical_job_reward: 29.0500
- placement_reward: 0.0000
- timeliness_reward: 222.1377
- machine_idle_penalty: -104.1000

CUMULATIVE TOTAL: 35.1677

CRITICAL STATE INFO:
- Valid actions: ['J1', 'J2', 'J3', 'J4', 'J5', 'J7', 'J8', 'J9', 'J10', 'J11', 'J12', 'J13', 'J14', 'J15', 'J16', 'J17', 'J18', 'J19', 'J20']
- Machine states:
  - Machine M1: Time=1384.00, Idle=0.00, Material=Racebike_Tretlageraufnahme_geschweisst
  - Machine M2: Time=1216.00, Idle=168.00, Material=Racebike_Tretlageraufnahme_geschweisst
  - Machine M3: Time=1133.00, Idle=251.00, Material=Citybike_Tretlageraufnahme_geschweisst
==================================================

2025-06-18 13:14:29,019 - JSPGymEnvironment - INFO - Material change on machine M1: Racebike_Tretlageraufnahme_geschweisst -> Racebike_Steuerrohr_montiert, setup time: 40
2025-06-18 13:14:29,019 - JSPGymEnvironment - INFO - Executed operation: Job J9, Op 1, Machine M1, Start: 1424, End: 1460, Setup: 40
2025-06-18 13:14:29,020 - JSPGymEnvironment - INFO - 
===== REWARD DETAILS FOR STEP 25 =====
Job: J9, Operation: 1, Job Completed: False
Current Time: 1384.00 -> 1460.00, Setup Time: 40.00
Processing Time: 36.00, Idle Time: 0.00
Completed Jobs: 1/20
Machine: M1, Material: Racebike_Steuerrohr_montiert

REWARD COMPONENTS:
- makespan_reward: -0.3800
- setup_reward: -10.0000
- deadline_reward: 0.0000
- priority_reward: 0.0000
- critical_job_reward: 0.0000
- placement_reward: 0.0000
- timeliness_reward: 9.0089
- machine_idle_penalty: -7.1375

TOTAL REWARD: -8.5086

CUMULATIVE REWARD COMPONENTS:
- makespan_reward: -7.3000
- setup_reward: -167.0000
- deadline_reward: 20.0000
- priority_reward: 32.0000
- critical_job_reward: 29.0500
- placement_reward: 0.0000
- timeliness_reward: 231.1466
- machine_idle_penalty: -111.2375

CUMULATIVE TOTAL: 26.6591

CRITICAL STATE INFO:
- Valid actions: ['J1', 'J2', 'J3', 'J4', 'J5', 'J7', 'J8', 'J9', 'J10', 'J11', 'J12', 'J13', 'J14', 'J15', 'J16', 'J17', 'J18', 'J19', 'J20']
- Machine states:
  - Machine M1: Time=1460.00, Idle=0.00, Material=Racebike_Steuerrohr_montiert
  - Machine M2: Time=1216.00, Idle=244.00, Material=Racebike_Tretlageraufnahme_geschweisst
  - Machine M3: Time=1133.00, Idle=327.00, Material=Citybike_Tretlageraufnahme_geschweisst
==================================================

2025-06-18 13:14:29,056 - JSPGymEnvironment - INFO - Material change on machine M3: Citybike_Tretlageraufnahme_geschweisst -> E-Bike_Antrieb_installiert, setup time: 20
2025-06-18 13:14:29,056 - JSPGymEnvironment - INFO - Executed operation: Job J20, Op 6, Machine M3, Start: 1480, End: 1516, Setup: 20
2025-06-18 13:14:29,056 - JSPGymEnvironment - INFO - 
===== REWARD DETAILS FOR STEP 26 =====
Job: J20, Operation: 6, Job Completed: False
Current Time: 1460.00 -> 1516.00, Setup Time: 20.00
Processing Time: 36.00, Idle Time: 0.00
Completed Jobs: 1/20
Machine: M3, Material: E-Bike_Antrieb_installiert

REWARD COMPONENTS:
- makespan_reward: -0.2800
- setup_reward: -5.0000
- deadline_reward: 0.0000
- priority_reward: 0.0000
- critical_job_reward: 0.5000
- placement_reward: 0.0000
- timeliness_reward: 8.9371
- machine_idle_penalty: -4.4500

TOTAL REWARD: -0.2929

CUMULATIVE REWARD COMPONENTS:
- makespan_reward: -7.5800
- setup_reward: -172.0000
- deadline_reward: 20.0000
- priority_reward: 32.0000
- critical_job_reward: 29.5500
- placement_reward: 0.0000
- timeliness_reward: 240.0837
- machine_idle_penalty: -115.6875

CUMULATIVE TOTAL: 26.3662

CRITICAL STATE INFO:
- Valid actions: ['J1', 'J2', 'J3', 'J4', 'J5', 'J7', 'J8', 'J9', 'J10', 'J11', 'J12', 'J13', 'J14', 'J15', 'J16', 'J17', 'J18', 'J19', 'J20']
- Machine states:
  - Machine M1: Time=1460.00, Idle=56.00, Material=Racebike_Steuerrohr_montiert
  - Machine M2: Time=1216.00, Idle=300.00, Material=Racebike_Tretlageraufnahme_geschweisst
  - Machine M3: Time=1516.00, Idle=0.00, Material=E-Bike_Antrieb_installiert
==================================================

2025-06-18 13:14:29,091 - JSPGymEnvironment - INFO - Material change on machine M3: E-Bike_Antrieb_installiert -> Mountainbike_Fahrrad_endmontiert, setup time: 18
2025-06-18 13:14:29,091 - JSPGymEnvironment - INFO - Executed operation: Job J7, Op 0, Machine M3, Start: 1534, End: 1571, Setup: 18
2025-06-18 13:14:29,091 - JSPGymEnvironment - INFO - 
===== REWARD DETAILS FOR STEP 27 =====
Job: J7, Operation: 0, Job Completed: False
Current Time: 1516.00 -> 1571.00, Setup Time: 18.00
Processing Time: 37.00, Idle Time: 0.00
Completed Jobs: 1/20
Machine: M3, Material: Mountainbike_Fahrrad_endmontiert

REWARD COMPONENTS:
- makespan_reward: -0.2750
- setup_reward: -4.5000
- deadline_reward: 0.0000
- priority_reward: 0.0000
- critical_job_reward: 0.0000
- placement_reward: 0.0000
- timeliness_reward: 8.8463
- machine_idle_penalty: -5.8250

TOTAL REWARD: -1.7537

CUMULATIVE REWARD COMPONENTS:
- makespan_reward: -7.8550
- setup_reward: -176.5000
- deadline_reward: 20.0000
- priority_reward: 32.0000
- critical_job_reward: 29.5500
- placement_reward: 0.0000
- timeliness_reward: 248.9301
- machine_idle_penalty: -121.5125

CUMULATIVE TOTAL: 24.6126

CRITICAL STATE INFO:
- Valid actions: ['J1', 'J2', 'J3', 'J4', 'J5', 'J7', 'J8', 'J9', 'J10', 'J11', 'J12', 'J13', 'J14', 'J15', 'J16', 'J17', 'J18', 'J19', 'J20']
- Machine states:
  - Machine M1: Time=1460.00, Idle=111.00, Material=Racebike_Steuerrohr_montiert
  - Machine M2: Time=1216.00, Idle=355.00, Material=Racebike_Tretlageraufnahme_geschweisst
  - Machine M3: Time=1571.00, Idle=0.00, Material=Mountainbike_Fahrrad_endmontiert
==================================================

2025-06-18 13:14:29,128 - JSPGymEnvironment - INFO - Material change on machine M1: Racebike_Steuerrohr_montiert -> Mountainbike_Tretlageraufnahme_geschweisst, setup time: 37
2025-06-18 13:14:29,128 - JSPGymEnvironment - INFO - Executed operation: Job J7, Op 1, Machine M1, Start: 1608, End: 1645, Setup: 37
2025-06-18 13:14:29,128 - JSPGymEnvironment - INFO - 
===== REWARD DETAILS FOR STEP 28 =====
Job: J7, Operation: 1, Job Completed: False
Current Time: 1571.00 -> 1645.00, Setup Time: 37.00
Processing Time: 37.00, Idle Time: 0.00
Completed Jobs: 1/20
Machine: M1, Material: Mountainbike_Tretlageraufnahme_geschweisst

REWARD COMPONENTS:
- makespan_reward: -0.3700
- setup_reward: -9.2500
- deadline_reward: 0.0000
- priority_reward: 0.0000
- critical_job_reward: 0.0000
- placement_reward: 0.0000
- timeliness_reward: 8.7176
- machine_idle_penalty: -6.2875

TOTAL REWARD: -7.1899

CUMULATIVE REWARD COMPONENTS:
- makespan_reward: -8.2250
- setup_reward: -185.7500
- deadline_reward: 20.0000
- priority_reward: 32.0000
- critical_job_reward: 29.5500
- placement_reward: 0.0000
- timeliness_reward: 257.6477
- machine_idle_penalty: -127.8000

CUMULATIVE TOTAL: 17.4227

CRITICAL STATE INFO:
- Valid actions: ['J1', 'J2', 'J3', 'J4', 'J5', 'J7', 'J8', 'J9', 'J10', 'J11', 'J12', 'J13', 'J14', 'J15', 'J16', 'J17', 'J18', 'J19', 'J20']
- Machine states:
  - Machine M1: Time=1645.00, Idle=0.00, Material=Mountainbike_Tretlageraufnahme_geschweisst
  - Machine M2: Time=1216.00, Idle=429.00, Material=Racebike_Tretlageraufnahme_geschweisst
  - Machine M3: Time=1571.00, Idle=74.00, Material=Mountainbike_Fahrrad_endmontiert
==================================================

2025-06-18 13:14:29,165 - JSPGymEnvironment - INFO - Material change on machine M3: Mountainbike_Fahrrad_endmontiert -> E-Bike_Tretlageraufnahme_geschweisst, setup time: 17
2025-06-18 13:14:29,165 - JSPGymEnvironment - INFO - Executed operation: Job J20, Op 7, Machine M3, Start: 1662, End: 1695, Setup: 17
2025-06-18 13:14:29,165 - JSPGymEnvironment - INFO - Job J20 completed at time 1695, deadline: 2773, met: True, priority: 9
2025-06-18 13:14:29,166 - JSPGymEnvironment - INFO - 
===== REWARD DETAILS FOR STEP 29 =====
Job: J20, Operation: 7, Job Completed: True
Current Time: 1645.00 -> 1695.00, Setup Time: 17.00
Processing Time: 33.00, Idle Time: 0.00
Completed Jobs: 2/20
Machine: M3, Material: E-Bike_Tretlageraufnahme_geschweisst
Job Deadline: 2773.00 (Met), Priority: 9

REWARD COMPONENTS:
- makespan_reward: -0.2500
- setup_reward: -4.2500
- deadline_reward: 20.0000
- priority_reward: 36.0000
- critical_job_reward: 17.1650
- placement_reward: 0.0000
- timeliness_reward: 8.6351
- machine_idle_penalty: -6.6125

TOTAL REWARD: 70.6876

CUMULATIVE REWARD COMPONENTS:
- makespan_reward: -8.4750
- setup_reward: -190.0000
- deadline_reward: 40.0000
- priority_reward: 68.0000
- critical_job_reward: 46.7150
- placement_reward: 0.0000
- timeliness_reward: 266.2828
- machine_idle_penalty: -134.4125

CUMULATIVE TOTAL: 88.1103

CRITICAL STATE INFO:
- Valid actions: ['J1', 'J2', 'J3', 'J4', 'J5', 'J7', 'J8', 'J9', 'J10', 'J11', 'J12', 'J13', 'J14', 'J15', 'J16', 'J17', 'J18', 'J19']
- Machine states:
  - Machine M1: Time=1645.00, Idle=50.00, Material=Mountainbike_Tretlageraufnahme_geschweisst
  - Machine M2: Time=1216.00, Idle=479.00, Material=Racebike_Tretlageraufnahme_geschweisst
  - Machine M3: Time=1695.00, Idle=0.00, Material=E-Bike_Tretlageraufnahme_geschweisst
==================================================

2025-06-18 13:14:29,166 - JSPGymEnvironment - INFO - Retro-Bonus für Job J20: +15.0
2025-06-18 13:14:29,203 - JSPGymEnvironment - INFO - Material change on machine M1: Mountainbike_Tretlageraufnahme_geschweisst -> E-Bike_Steuerrohr_ausgerieben, setup time: 48
2025-06-18 13:14:29,203 - JSPGymEnvironment - INFO - Executed operation: Job J19, Op 0, Machine M1, Start: 1743, End: 1765, Setup: 48
2025-06-18 13:14:29,203 - JSPGymEnvironment - INFO - 
===== REWARD DETAILS FOR STEP 30 =====
Job: J19, Operation: 0, Job Completed: False
Current Time: 1695.00 -> 1765.00, Setup Time: 48.00
Processing Time: 22.00, Idle Time: 0.00
Completed Jobs: 2/20
Machine: M1, Material: E-Bike_Steuerrohr_ausgerieben

REWARD COMPONENTS:
- makespan_reward: -0.3500
- setup_reward: -12.0000
- deadline_reward: 0.0000
- priority_reward: 0.0000
- critical_job_reward: 0.0000
- placement_reward: 0.0000
- timeliness_reward: 8.4500
- machine_idle_penalty: -7.7375

TOTAL REWARD: -11.6375

CUMULATIVE REWARD COMPONENTS:
- makespan_reward: -8.8250
- setup_reward: -202.0000
- deadline_reward: 40.0000
- priority_reward: 68.0000
- critical_job_reward: 46.7150
- placement_reward: 0.0000
- timeliness_reward: 274.7328
- machine_idle_penalty: -142.1500

CUMULATIVE TOTAL: 76.4728

CRITICAL STATE INFO:
- Valid actions: ['J1', 'J2', 'J3', 'J4', 'J5', 'J7', 'J8', 'J9', 'J10', 'J11', 'J12', 'J13', 'J14', 'J15', 'J16', 'J17', 'J18', 'J19']
- Machine states:
  - Machine M1: Time=1765.00, Idle=0.00, Material=E-Bike_Steuerrohr_ausgerieben
  - Machine M2: Time=1216.00, Idle=549.00, Material=Racebike_Tretlageraufnahme_geschweisst
  - Machine M3: Time=1695.00, Idle=70.00, Material=E-Bike_Tretlageraufnahme_geschweisst
==================================================

2025-06-18 13:14:29,290 - JSPGymEnvironment - INFO - Material change on machine M3: E-Bike_Tretlageraufnahme_geschweisst -> Racebike_Schaltauge_bearbeitet, setup time: 19
2025-06-18 13:14:29,290 - JSPGymEnvironment - INFO - Executed operation: Job J16, Op 0, Machine M3, Start: 1784, End: 1832, Setup: 19
2025-06-18 13:14:29,290 - JSPGymEnvironment - INFO - 
===== REWARD DETAILS FOR STEP 31 =====
Job: J16, Operation: 0, Job Completed: False
Current Time: 1765.00 -> 1832.00, Setup Time: 19.00
Processing Time: 48.00, Idle Time: 0.00
Completed Jobs: 2/20
Machine: M3, Material: Racebike_Schaltauge_bearbeitet

REWARD COMPONENTS:
- makespan_reward: -0.3350
- setup_reward: -4.7500
- deadline_reward: 0.0000
- priority_reward: 0.0000
- critical_job_reward: 0.5000
- placement_reward: 0.0000
- timeliness_reward: 8.3092
- machine_idle_penalty: -8.5375

TOTAL REWARD: -4.8133

CUMULATIVE REWARD COMPONENTS:
- makespan_reward: -9.1600
- setup_reward: -206.7500
- deadline_reward: 40.0000
- priority_reward: 68.0000
- critical_job_reward: 47.2150
- placement_reward: 0.0000
- timeliness_reward: 283.0420
- machine_idle_penalty: -150.6875

CUMULATIVE TOTAL: 71.6595

CRITICAL STATE INFO:
- Valid actions: ['J1', 'J2', 'J3', 'J4', 'J5', 'J7', 'J8', 'J9', 'J10', 'J11', 'J12', 'J13', 'J14', 'J15', 'J16', 'J17', 'J18', 'J19']
- Machine states:
  - Machine M1: Time=1765.00, Idle=67.00, Material=E-Bike_Steuerrohr_ausgerieben
  - Machine M2: Time=1216.00, Idle=616.00, Material=Racebike_Tretlageraufnahme_geschweisst
  - Machine M3: Time=1832.00, Idle=0.00, Material=Racebike_Schaltauge_bearbeitet
==================================================

2025-06-18 13:14:29,330 - JSPGymEnvironment - INFO - Material change on machine M2: Racebike_Tretlageraufnahme_geschweisst -> Citybike_Steuerrohr_montiert, setup time: 16
2025-06-18 13:14:29,330 - JSPGymEnvironment - INFO - Executed operation: Job J3, Op 1, Machine M2, Start: 1848, End: 1866, Setup: 16
2025-06-18 13:14:29,331 - JSPGymEnvironment - INFO - 
===== REWARD DETAILS FOR STEP 32 =====
Job: J3, Operation: 1, Job Completed: False
Current Time: 1832.00 -> 1866.00, Setup Time: 16.00
Processing Time: 18.00, Idle Time: 0.00
Completed Jobs: 2/20
Machine: M2, Material: Citybike_Steuerrohr_montiert

REWARD COMPONENTS:
- makespan_reward: -0.1700
- setup_reward: -4.0000
- deadline_reward: 0.0000
- priority_reward: 0.0000
- critical_job_reward: 0.5000
- placement_reward: 0.0000
- timeliness_reward: 8.1797
- machine_idle_penalty: -1.6875

TOTAL REWARD: 2.8222

CUMULATIVE REWARD COMPONENTS:
- makespan_reward: -9.3300
- setup_reward: -210.7500
- deadline_reward: 40.0000
- priority_reward: 68.0000
- critical_job_reward: 47.7150
- placement_reward: 0.0000
- timeliness_reward: 291.2217
- machine_idle_penalty: -152.3750

CUMULATIVE TOTAL: 74.4817

CRITICAL STATE INFO:
- Valid actions: ['J1', 'J2', 'J3', 'J4', 'J5', 'J7', 'J8', 'J9', 'J10', 'J11', 'J12', 'J13', 'J14', 'J15', 'J16', 'J17', 'J18', 'J19']
- Machine states:
  - Machine M1: Time=1765.00, Idle=101.00, Material=E-Bike_Steuerrohr_ausgerieben
  - Machine M2: Time=1866.00, Idle=0.00, Material=Citybike_Steuerrohr_montiert
  - Machine M3: Time=1832.00, Idle=34.00, Material=Racebike_Schaltauge_bearbeitet
==================================================

2025-06-18 13:14:29,369 - JSPGymEnvironment - INFO - Material change on machine M2: Citybike_Steuerrohr_montiert -> Citybike_Bremsen_justiert, setup time: 20
2025-06-18 13:14:29,369 - JSPGymEnvironment - INFO - Executed operation: Job J3, Op 2, Machine M2, Start: 1886, End: 1914, Setup: 20
2025-06-18 13:14:29,369 - JSPGymEnvironment - INFO - 
===== REWARD DETAILS FOR STEP 33 =====
Job: J3, Operation: 2, Job Completed: False
Current Time: 1866.00 -> 1914.00, Setup Time: 20.00
Processing Time: 28.00, Idle Time: 0.00
Completed Jobs: 2/20
Machine: M2, Material: Citybike_Bremsen_justiert

REWARD COMPONENTS:
- makespan_reward: -0.2400
- setup_reward: -5.0000
- deadline_reward: 0.0000
- priority_reward: 0.0000
- critical_job_reward: 0.5000
- placement_reward: 0.0000
- timeliness_reward: 8.0321
- machine_idle_penalty: -2.8875

TOTAL REWARD: 0.4046

CUMULATIVE REWARD COMPONENTS:
- makespan_reward: -9.5700
- setup_reward: -215.7500
- deadline_reward: 40.0000
- priority_reward: 68.0000
- critical_job_reward: 48.2150
- placement_reward: 0.0000
- timeliness_reward: 299.2539
- machine_idle_penalty: -155.2625

CUMULATIVE TOTAL: 74.8864

CRITICAL STATE INFO:
- Valid actions: ['J1', 'J2', 'J3', 'J4', 'J5', 'J7', 'J8', 'J9', 'J10', 'J11', 'J12', 'J13', 'J14', 'J15', 'J16', 'J17', 'J18', 'J19']
- Machine states:
  - Machine M1: Time=1765.00, Idle=149.00, Material=E-Bike_Steuerrohr_ausgerieben
  - Machine M2: Time=1914.00, Idle=0.00, Material=Citybike_Bremsen_justiert
  - Machine M3: Time=1832.00, Idle=82.00, Material=Racebike_Schaltauge_bearbeitet
==================================================

2025-06-18 13:14:29,404 - JSPGymEnvironment - INFO - Material change on machine M3: Racebike_Schaltauge_bearbeitet -> Citybike_Bremsen_justiert, setup time: 13
2025-06-18 13:14:29,405 - JSPGymEnvironment - INFO - Executed operation: Job J13, Op 0, Machine M3, Start: 1927, End: 1958, Setup: 13
2025-06-18 13:14:29,405 - JSPGymEnvironment - INFO - 
===== REWARD DETAILS FOR STEP 34 =====
Job: J13, Operation: 0, Job Completed: False
Current Time: 1914.00 -> 1958.00, Setup Time: 13.00
Processing Time: 31.00, Idle Time: 0.00
Completed Jobs: 2/20
Machine: M3, Material: Citybike_Bremsen_justiert

REWARD COMPONENTS:
- makespan_reward: -0.2200
- setup_reward: -3.2500
- deadline_reward: 0.0000
- priority_reward: 0.0000
- critical_job_reward: 0.0000
- placement_reward: 0.0000
- timeliness_reward: 7.8853
- machine_idle_penalty: -2.9625

TOTAL REWARD: 1.4528

CUMULATIVE REWARD COMPONENTS:
- makespan_reward: -9.7900
- setup_reward: -219.0000
- deadline_reward: 40.0000
- priority_reward: 68.0000
- critical_job_reward: 48.2150
- placement_reward: 0.0000
- timeliness_reward: 307.1391
- machine_idle_penalty: -158.2250

CUMULATIVE TOTAL: 76.3391

CRITICAL STATE INFO:
- Valid actions: ['J1', 'J2', 'J3', 'J4', 'J5', 'J7', 'J8', 'J9', 'J10', 'J11', 'J12', 'J13', 'J14', 'J15', 'J16', 'J17', 'J18', 'J19']
- Machine states:
  - Machine M1: Time=1765.00, Idle=193.00, Material=E-Bike_Steuerrohr_ausgerieben
  - Machine M2: Time=1914.00, Idle=44.00, Material=Citybike_Bremsen_justiert
  - Machine M3: Time=1958.00, Idle=0.00, Material=Citybike_Bremsen_justiert
==================================================

2025-06-18 13:14:29,443 - JSPGymEnvironment - INFO - Material change on machine M3: Citybike_Bremsen_justiert -> Mountainbike_Rahmen_nachbearbeitet, setup time: 10
2025-06-18 13:14:29,444 - JSPGymEnvironment - INFO - Executed operation: Job J11, Op 0, Machine M3, Start: 1968, End: 2026, Setup: 10
2025-06-18 13:14:29,444 - JSPGymEnvironment - INFO - 
===== REWARD DETAILS FOR STEP 35 =====
Job: J11, Operation: 0, Job Completed: False
Current Time: 1958.00 -> 2026.00, Setup Time: 10.00
Processing Time: 58.00, Idle Time: 0.00
Completed Jobs: 2/20
Machine: M3, Material: Mountainbike_Rahmen_nachbearbeitet

REWARD COMPONENTS:
- makespan_reward: -0.3400
- setup_reward: -2.5000
- deadline_reward: 0.0000
- priority_reward: 0.0000
- critical_job_reward: 0.0000
- placement_reward: 0.0000
- timeliness_reward: 7.6648
- machine_idle_penalty: -4.6625

TOTAL REWARD: 0.1623

CUMULATIVE REWARD COMPONENTS:
- makespan_reward: -10.1300
- setup_reward: -221.5000
- deadline_reward: 40.0000
- priority_reward: 68.0000
- critical_job_reward: 48.2150
- placement_reward: 0.0000
- timeliness_reward: 314.8039
- machine_idle_penalty: -162.8875

CUMULATIVE TOTAL: 76.5014

CRITICAL STATE INFO:
- Valid actions: ['J1', 'J2', 'J3', 'J4', 'J5', 'J7', 'J8', 'J9', 'J10', 'J11', 'J12', 'J13', 'J14', 'J15', 'J16', 'J17', 'J18', 'J19']
- Machine states:
  - Machine M1: Time=1765.00, Idle=261.00, Material=E-Bike_Steuerrohr_ausgerieben
  - Machine M2: Time=1914.00, Idle=112.00, Material=Citybike_Bremsen_justiert
  - Machine M3: Time=2026.00, Idle=0.00, Material=Mountainbike_Rahmen_nachbearbeitet
==================================================

2025-06-18 13:14:29,482 - JSPGymEnvironment - INFO - Material change on machine M2: Citybike_Bremsen_justiert -> Mountainbike_Schaltauge_bearbeitet, setup time: 15
2025-06-18 13:14:29,482 - JSPGymEnvironment - INFO - Executed operation: Job J7, Op 2, Machine M2, Start: 2041, End: 2061, Setup: 15
2025-06-18 13:14:29,482 - JSPGymEnvironment - INFO - 
===== REWARD DETAILS FOR STEP 36 =====
Job: J7, Operation: 2, Job Completed: False
Current Time: 2026.00 -> 2061.00, Setup Time: 15.00
Processing Time: 20.00, Idle Time: 0.00
Completed Jobs: 2/20
Machine: M2, Material: Mountainbike_Schaltauge_bearbeitet

REWARD COMPONENTS:
- makespan_reward: -0.1750
- setup_reward: -3.7500
- deadline_reward: 0.0000
- priority_reward: 0.0000
- critical_job_reward: 0.0000
- placement_reward: 0.0000
- timeliness_reward: 7.5172
- machine_idle_penalty: -4.1375

TOTAL REWARD: -0.5453

CUMULATIVE REWARD COMPONENTS:
- makespan_reward: -10.3050
- setup_reward: -225.2500
- deadline_reward: 40.0000
- priority_reward: 68.0000
- critical_job_reward: 48.2150
- placement_reward: 0.0000
- timeliness_reward: 322.3212
- machine_idle_penalty: -167.0250

CUMULATIVE TOTAL: 75.9562

CRITICAL STATE INFO:
- Valid actions: ['J1', 'J2', 'J3', 'J4', 'J5', 'J7', 'J8', 'J9', 'J10', 'J11', 'J12', 'J13', 'J14', 'J15', 'J16', 'J17', 'J18', 'J19']
- Machine states:
  - Machine M1: Time=1765.00, Idle=296.00, Material=E-Bike_Steuerrohr_ausgerieben
  - Machine M2: Time=2061.00, Idle=0.00, Material=Mountainbike_Schaltauge_bearbeitet
  - Machine M3: Time=2026.00, Idle=35.00, Material=Mountainbike_Rahmen_nachbearbeitet
==================================================

2025-06-18 13:14:29,519 - JSPGymEnvironment - INFO - Material change on machine M3: Mountainbike_Rahmen_nachbearbeitet -> Mountainbike_Tretlager_gefraest, setup time: 15
2025-06-18 13:14:29,519 - JSPGymEnvironment - INFO - Executed operation: Job J11, Op 1, Machine M3, Start: 2076, End: 2128, Setup: 15
2025-06-18 13:14:29,520 - JSPGymEnvironment - INFO - 
===== REWARD DETAILS FOR STEP 37 =====
Job: J11, Operation: 1, Job Completed: False
Current Time: 2061.00 -> 2128.00, Setup Time: 15.00
Processing Time: 52.00, Idle Time: 0.00
Completed Jobs: 2/20
Machine: M3, Material: Mountainbike_Tretlager_gefraest

REWARD COMPONENTS:
- makespan_reward: -0.3350
- setup_reward: -3.7500
- deadline_reward: 0.0000
- priority_reward: 0.0000
- critical_job_reward: 0.0000
- placement_reward: 0.0000
- timeliness_reward: 7.2367
- machine_idle_penalty: -5.3750

TOTAL REWARD: -2.2233

CUMULATIVE REWARD COMPONENTS:
- makespan_reward: -10.6400
- setup_reward: -229.0000
- deadline_reward: 40.0000
- priority_reward: 68.0000
- critical_job_reward: 48.2150
- placement_reward: 0.0000
- timeliness_reward: 329.5579
- machine_idle_penalty: -172.4000

CUMULATIVE TOTAL: 73.7329

CRITICAL STATE INFO:
- Valid actions: ['J1', 'J2', 'J3', 'J4', 'J5', 'J7', 'J8', 'J9', 'J10', 'J11', 'J12', 'J13', 'J14', 'J15', 'J16', 'J17', 'J18', 'J19']
- Machine states:
  - Machine M1: Time=1765.00, Idle=363.00, Material=E-Bike_Steuerrohr_ausgerieben
  - Machine M2: Time=2061.00, Idle=67.00, Material=Mountainbike_Schaltauge_bearbeitet
  - Machine M3: Time=2128.00, Idle=0.00, Material=Mountainbike_Tretlager_gefraest
==================================================

2025-06-18 13:14:29,557 - JSPGymEnvironment - INFO - Material change on machine M1: E-Bike_Steuerrohr_ausgerieben -> E-Bike_Bremsen_justiert, setup time: 40
2025-06-18 13:14:29,557 - JSPGymEnvironment - INFO - Executed operation: Job J19, Op 1, Machine M1, Start: 2168, End: 2183, Setup: 40
2025-06-18 13:14:29,557 - JSPGymEnvironment - INFO - 
===== REWARD DETAILS FOR STEP 38 =====
Job: J19, Operation: 1, Job Completed: False
Current Time: 2128.00 -> 2183.00, Setup Time: 40.00
Processing Time: 15.00, Idle Time: 0.00
Completed Jobs: 2/20
Machine: M1, Material: E-Bike_Bremsen_justiert

REWARD COMPONENTS:
- makespan_reward: -0.2750
- setup_reward: -10.0000
- deadline_reward: 0.0000
- priority_reward: 0.0000
- critical_job_reward: 0.0000
- placement_reward: 0.0000
- timeliness_reward: 6.9459
- machine_idle_penalty: -2.2125

TOTAL REWARD: -5.5416

CUMULATIVE REWARD COMPONENTS:
- makespan_reward: -10.9150
- setup_reward: -239.0000
- deadline_reward: 40.0000
- priority_reward: 68.0000
- critical_job_reward: 48.2150
- placement_reward: 0.0000
- timeliness_reward: 336.5038
- machine_idle_penalty: -174.6125

CUMULATIVE TOTAL: 68.1912

CRITICAL STATE INFO:
- Valid actions: ['J1', 'J2', 'J3', 'J4', 'J5', 'J7', 'J8', 'J9', 'J10', 'J11', 'J12', 'J13', 'J14', 'J15', 'J16', 'J17', 'J18', 'J19']
- Machine states:
  - Machine M1: Time=2183.00, Idle=0.00, Material=E-Bike_Bremsen_justiert
  - Machine M2: Time=2061.00, Idle=122.00, Material=Mountainbike_Schaltauge_bearbeitet
  - Machine M3: Time=2128.00, Idle=55.00, Material=Mountainbike_Tretlager_gefraest
==================================================

2025-06-18 13:14:29,644 - JSPGymEnvironment - INFO - Material change on machine M2: Mountainbike_Schaltauge_bearbeitet -> Citybike_Bremsen_justiert, setup time: 15
2025-06-18 13:14:29,644 - JSPGymEnvironment - INFO - Executed operation: Job J8, Op 0, Machine M2, Start: 2198, End: 2212, Setup: 15
2025-06-18 13:14:29,645 - JSPGymEnvironment - INFO - 
===== REWARD DETAILS FOR STEP 39 =====
Job: J8, Operation: 0, Job Completed: False
Current Time: 2183.00 -> 2212.00, Setup Time: 15.00
Processing Time: 14.00, Idle Time: 0.00
Completed Jobs: 2/20
Machine: M2, Material: Citybike_Bremsen_justiert

REWARD COMPONENTS:
- makespan_reward: -0.1450
- setup_reward: -3.7500
- deadline_reward: 0.0000
- priority_reward: 0.0000
- critical_job_reward: 0.0000
- placement_reward: 0.0000
- timeliness_reward: 6.8277
- machine_idle_penalty: -1.4125

TOTAL REWARD: 1.5202

CUMULATIVE REWARD COMPONENTS:
- makespan_reward: -11.0600
- setup_reward: -242.7500
- deadline_reward: 40.0000
- priority_reward: 68.0000
- critical_job_reward: 48.2150
- placement_reward: 0.0000
- timeliness_reward: 343.3315
- machine_idle_penalty: -176.0250

CUMULATIVE TOTAL: 69.7114

CRITICAL STATE INFO:
- Valid actions: ['J1', 'J2', 'J3', 'J4', 'J5', 'J7', 'J8', 'J9', 'J10', 'J11', 'J12', 'J13', 'J14', 'J15', 'J16', 'J17', 'J18', 'J19']
- Machine states:
  - Machine M1: Time=2183.00, Idle=29.00, Material=E-Bike_Bremsen_justiert
  - Machine M2: Time=2212.00, Idle=0.00, Material=Citybike_Bremsen_justiert
  - Machine M3: Time=2128.00, Idle=84.00, Material=Mountainbike_Tretlager_gefraest
==================================================

2025-06-18 13:14:29,682 - JSPGymEnvironment - INFO - Material change on machine M1: E-Bike_Bremsen_justiert -> E-Bike_Steuerrohr_montiert, setup time: 40
2025-06-18 13:14:29,682 - JSPGymEnvironment - INFO - Executed operation: Job J12, Op 0, Machine M1, Start: 2252, End: 2268, Setup: 40
2025-06-18 13:14:29,683 - JSPGymEnvironment - INFO - 
===== REWARD DETAILS FOR STEP 40 =====
Job: J12, Operation: 0, Job Completed: False
Current Time: 2212.00 -> 2268.00, Setup Time: 40.00
Processing Time: 16.00, Idle Time: 0.00
Completed Jobs: 2/20
Machine: M1, Material: E-Bike_Steuerrohr_montiert

REWARD COMPONENTS:
- makespan_reward: -0.2800
- setup_reward: -10.0000
- deadline_reward: 0.0000
- priority_reward: 0.0000
- critical_job_reward: 0.5000
- placement_reward: 0.0000
- timeliness_reward: 6.5045
- machine_idle_penalty: -2.4500

TOTAL REWARD: -5.7255

CUMULATIVE REWARD COMPONENTS:
- makespan_reward: -11.3400
- setup_reward: -252.7500
- deadline_reward: 40.0000
- priority_reward: 68.0000
- critical_job_reward: 48.7150
- placement_reward: 0.0000
- timeliness_reward: 349.8360
- machine_idle_penalty: -178.4750

CUMULATIVE TOTAL: 63.9860

CRITICAL STATE INFO:
- Valid actions: ['J1', 'J2', 'J3', 'J4', 'J5', 'J7', 'J8', 'J9', 'J10', 'J11', 'J12', 'J13', 'J14', 'J15', 'J16', 'J17', 'J18', 'J19']
- Machine states:
  - Machine M1: Time=2268.00, Idle=0.00, Material=E-Bike_Steuerrohr_montiert
  - Machine M2: Time=2212.00, Idle=56.00, Material=Citybike_Bremsen_justiert
  - Machine M3: Time=2128.00, Idle=140.00, Material=Mountainbike_Tretlager_gefraest
==================================================

2025-06-18 13:14:29,719 - JSPGymEnvironment - INFO - Material change on machine M2: Citybike_Bremsen_justiert -> Citybike_Antrieb_installiert, setup time: 20
2025-06-18 13:14:29,719 - JSPGymEnvironment - INFO - Executed operation: Job J4, Op 3, Machine M2, Start: 2288, End: 2315, Setup: 20
2025-06-18 13:14:29,719 - JSPGymEnvironment - INFO - 
===== REWARD DETAILS FOR STEP 41 =====
Job: J4, Operation: 3, Job Completed: False
Current Time: 2268.00 -> 2315.00, Setup Time: 20.00
Processing Time: 27.00, Idle Time: 0.00
Completed Jobs: 2/20
Machine: M2, Material: Citybike_Antrieb_installiert

REWARD COMPONENTS:
- makespan_reward: -0.2350
- setup_reward: -5.0000
- deadline_reward: 0.0000
- priority_reward: 0.0000
- critical_job_reward: 0.0000
- placement_reward: 0.0000
- timeliness_reward: 6.2420
- machine_idle_penalty: -2.9250

TOTAL REWARD: -1.9180

CUMULATIVE REWARD COMPONENTS:
- makespan_reward: -11.5750
- setup_reward: -257.7500
- deadline_reward: 40.0000
- priority_reward: 68.0000
- critical_job_reward: 48.7150
- placement_reward: 0.0000
- timeliness_reward: 356.0780
- machine_idle_penalty: -181.4000

CUMULATIVE TOTAL: 62.0680

CRITICAL STATE INFO:
- Valid actions: ['J1', 'J2', 'J3', 'J4', 'J5', 'J7', 'J8', 'J9', 'J10', 'J11', 'J12', 'J13', 'J14', 'J15', 'J16', 'J17', 'J18', 'J19']
- Machine states:
  - Machine M1: Time=2268.00, Idle=47.00, Material=E-Bike_Steuerrohr_montiert
  - Machine M2: Time=2315.00, Idle=0.00, Material=Citybike_Antrieb_installiert
  - Machine M3: Time=2128.00, Idle=187.00, Material=Mountainbike_Tretlager_gefraest
==================================================

2025-06-18 13:14:29,756 - JSPGymEnvironment - INFO - Material change on machine M3: Mountainbike_Tretlager_gefraest -> Citybike_Rahmen_lackiert, setup time: 13
2025-06-18 13:14:29,756 - JSPGymEnvironment - INFO - Executed operation: Job J13, Op 1, Machine M3, Start: 2328, End: 2364, Setup: 13
2025-06-18 13:14:29,757 - JSPGymEnvironment - INFO - 
===== REWARD DETAILS FOR STEP 42 =====
Job: J13, Operation: 1, Job Completed: False
Current Time: 2315.00 -> 2364.00, Setup Time: 13.00
Processing Time: 36.00, Idle Time: 0.00
Completed Jobs: 2/20
Machine: M3, Material: Citybike_Rahmen_lackiert

REWARD COMPONENTS:
- makespan_reward: -0.2450
- setup_reward: -3.2500
- deadline_reward: 0.0000
- priority_reward: 0.0000
- critical_job_reward: 0.0000
- placement_reward: 0.0000
- timeliness_reward: 5.9492
- machine_idle_penalty: -1.8125

TOTAL REWARD: 0.6417

CUMULATIVE REWARD COMPONENTS:
- makespan_reward: -11.8200
- setup_reward: -261.0000
- deadline_reward: 40.0000
- priority_reward: 68.0000
- critical_job_reward: 48.7150
- placement_reward: 0.0000
- timeliness_reward: 362.0272
- machine_idle_penalty: -183.2125

CUMULATIVE TOTAL: 62.7097

CRITICAL STATE INFO:
- Valid actions: ['J1', 'J2', 'J3', 'J4', 'J5', 'J7', 'J8', 'J9', 'J10', 'J11', 'J12', 'J13', 'J14', 'J15', 'J16', 'J17', 'J18', 'J19']
- Machine states:
  - Machine M1: Time=2268.00, Idle=96.00, Material=E-Bike_Steuerrohr_montiert
  - Machine M2: Time=2315.00, Idle=49.00, Material=Citybike_Antrieb_installiert
  - Machine M3: Time=2364.00, Idle=0.00, Material=Citybike_Rahmen_lackiert
==================================================

2025-06-18 13:14:29,795 - JSPGymEnvironment - INFO - Material change on machine M1: E-Bike_Steuerrohr_montiert -> Mountainbike_Tretlager_gefraest, setup time: 51
2025-06-18 13:14:29,795 - JSPGymEnvironment - INFO - Executed operation: Job J7, Op 3, Machine M1, Start: 2415, End: 2456, Setup: 51
2025-06-18 13:14:29,795 - JSPGymEnvironment - INFO - 
===== REWARD DETAILS FOR STEP 43 =====
Job: J7, Operation: 3, Job Completed: False
Current Time: 2364.00 -> 2456.00, Setup Time: 51.00
Processing Time: 41.00, Idle Time: 0.00
Completed Jobs: 2/20
Machine: M1, Material: Mountainbike_Tretlager_gefraest

REWARD COMPONENTS:
- makespan_reward: -0.4600
- setup_reward: -12.7500
- deadline_reward: 0.0000
- priority_reward: 0.0000
- critical_job_reward: 0.0000
- placement_reward: 0.0000
- timeliness_reward: 5.3903
- machine_idle_penalty: -2.9125

TOTAL REWARD: -10.7322

CUMULATIVE REWARD COMPONENTS:
- makespan_reward: -12.2800
- setup_reward: -273.7500
- deadline_reward: 40.0000
- priority_reward: 68.0000
- critical_job_reward: 48.7150
- placement_reward: 0.0000
- timeliness_reward: 367.4176
- machine_idle_penalty: -186.1250

CUMULATIVE TOTAL: 51.9775

CRITICAL STATE INFO:
- Valid actions: ['J1', 'J2', 'J3', 'J4', 'J5', 'J7', 'J8', 'J9', 'J10', 'J11', 'J12', 'J13', 'J14', 'J15', 'J16', 'J17', 'J18', 'J19']
- Machine states:
  - Machine M1: Time=2456.00, Idle=0.00, Material=Mountainbike_Tretlager_gefraest
  - Machine M2: Time=2315.00, Idle=141.00, Material=Citybike_Antrieb_installiert
  - Machine M3: Time=2364.00, Idle=92.00, Material=Citybike_Rahmen_lackiert
==================================================

2025-06-18 13:14:29,832 - JSPGymEnvironment - INFO - Material change on machine M1: Mountainbike_Tretlager_gefraest -> Racebike_Schaltauge_bearbeitet, setup time: 49
2025-06-18 13:14:29,832 - JSPGymEnvironment - INFO - Executed operation: Job J9, Op 2, Machine M1, Start: 2505, End: 2526, Setup: 49
2025-06-18 13:14:29,833 - JSPGymEnvironment - INFO - 
===== REWARD DETAILS FOR STEP 44 =====
Job: J9, Operation: 2, Job Completed: False
Current Time: 2456.00 -> 2526.00, Setup Time: 49.00
Processing Time: 21.00, Idle Time: 0.00
Completed Jobs: 2/20
Machine: M1, Material: Racebike_Schaltauge_bearbeitet

REWARD COMPONENTS:
- makespan_reward: -0.3500
- setup_reward: -12.2500
- deadline_reward: 0.0000
- priority_reward: 0.0000
- critical_job_reward: 0.0000
- placement_reward: 0.0000
- timeliness_reward: 4.9127
- machine_idle_penalty: -4.6625

TOTAL REWARD: -12.3498

CUMULATIVE REWARD COMPONENTS:
- makespan_reward: -12.6300
- setup_reward: -286.0000
- deadline_reward: 40.0000
- priority_reward: 68.0000
- critical_job_reward: 48.7150
- placement_reward: 0.0000
- timeliness_reward: 372.3303
- machine_idle_penalty: -190.7875

CUMULATIVE TOTAL: 39.6277

CRITICAL STATE INFO:
- Valid actions: ['J1', 'J2', 'J3', 'J4', 'J5', 'J7', 'J8', 'J9', 'J10', 'J11', 'J12', 'J13', 'J14', 'J15', 'J16', 'J17', 'J18', 'J19']
- Machine states:
  - Machine M1: Time=2526.00, Idle=0.00, Material=Racebike_Schaltauge_bearbeitet
  - Machine M2: Time=2315.00, Idle=211.00, Material=Citybike_Antrieb_installiert
  - Machine M3: Time=2364.00, Idle=162.00, Material=Citybike_Rahmen_lackiert
==================================================

2025-06-18 13:14:29,870 - JSPGymEnvironment - INFO - Material change on machine M3: Citybike_Rahmen_lackiert -> Mountainbike_Steuerrohr_ausgerieben, setup time: 10
2025-06-18 13:14:29,871 - JSPGymEnvironment - INFO - Executed operation: Job J10, Op 1, Machine M3, Start: 2536, End: 2564, Setup: 10
2025-06-18 13:14:29,871 - JSPGymEnvironment - INFO - 
===== REWARD DETAILS FOR STEP 45 =====
Job: J10, Operation: 1, Job Completed: False
Current Time: 2526.00 -> 2564.00, Setup Time: 10.00
Processing Time: 28.00, Idle Time: 0.00
Completed Jobs: 2/20
Machine: M3, Material: Mountainbike_Steuerrohr_ausgerieben

REWARD COMPONENTS:
- makespan_reward: -0.1900
- setup_reward: -2.5000
- deadline_reward: 0.0000
- priority_reward: 0.0000
- critical_job_reward: 0.0000
- placement_reward: 0.0000
- timeliness_reward: 4.5870
- machine_idle_penalty: -3.5875

TOTAL REWARD: -1.6905

CUMULATIVE REWARD COMPONENTS:
- makespan_reward: -12.8200
- setup_reward: -288.5000
- deadline_reward: 40.0000
- priority_reward: 68.0000
- critical_job_reward: 48.7150
- placement_reward: 0.0000
- timeliness_reward: 376.9173
- machine_idle_penalty: -194.3750

CUMULATIVE TOTAL: 37.9373

CRITICAL STATE INFO:
- Valid actions: ['J1', 'J2', 'J3', 'J4', 'J5', 'J7', 'J8', 'J9', 'J10', 'J11', 'J12', 'J13', 'J14', 'J15', 'J16', 'J17', 'J18', 'J19']
- Machine states:
  - Machine M1: Time=2526.00, Idle=38.00, Material=Racebike_Schaltauge_bearbeitet
  - Machine M2: Time=2315.00, Idle=249.00, Material=Citybike_Antrieb_installiert
  - Machine M3: Time=2564.00, Idle=0.00, Material=Mountainbike_Steuerrohr_ausgerieben
==================================================

2025-06-18 13:14:29,907 - JSPGymEnvironment - INFO - Material change on machine M2: Citybike_Antrieb_installiert -> Racebike_Rahmen_nachbearbeitet, setup time: 19
2025-06-18 13:14:29,907 - JSPGymEnvironment - INFO - Executed operation: Job J5, Op 2, Machine M2, Start: 2583, End: 2598, Setup: 19
2025-06-18 13:14:29,908 - JSPGymEnvironment - INFO - 
===== REWARD DETAILS FOR STEP 46 =====
Job: J5, Operation: 2, Job Completed: False
Current Time: 2564.00 -> 2598.00, Setup Time: 19.00
Processing Time: 15.00, Idle Time: 0.00
Completed Jobs: 2/20
Machine: M2, Material: Racebike_Rahmen_nachbearbeitet

REWARD COMPONENTS:
- makespan_reward: -0.1700
- setup_reward: -4.7500
- deadline_reward: 0.0000
- priority_reward: 0.0000
- critical_job_reward: 0.5000
- placement_reward: 0.0000
- timeliness_reward: 4.3204
- machine_idle_penalty: -1.3250

TOTAL REWARD: -1.4246

CUMULATIVE REWARD COMPONENTS:
- makespan_reward: -12.9900
- setup_reward: -293.2500
- deadline_reward: 40.0000
- priority_reward: 68.0000
- critical_job_reward: 49.2150
- placement_reward: 0.0000
- timeliness_reward: 381.2377
- machine_idle_penalty: -195.7000

CUMULATIVE TOTAL: 36.5126

CRITICAL STATE INFO:
- Valid actions: ['J1', 'J2', 'J3', 'J4', 'J5', 'J7', 'J8', 'J9', 'J10', 'J11', 'J12', 'J13', 'J14', 'J15', 'J16', 'J17', 'J18', 'J19']
- Machine states:
  - Machine M1: Time=2526.00, Idle=72.00, Material=Racebike_Schaltauge_bearbeitet
  - Machine M2: Time=2598.00, Idle=0.00, Material=Racebike_Rahmen_nachbearbeitet
  - Machine M3: Time=2564.00, Idle=34.00, Material=Mountainbike_Steuerrohr_ausgerieben
==================================================

2025-06-18 13:14:29,995 - JSPGymEnvironment - INFO - Material change on machine M2: Racebike_Rahmen_nachbearbeitet -> E-Bike_Bremsaufnahme_gebohrt, setup time: 28
2025-06-18 13:14:29,995 - JSPGymEnvironment - INFO - Executed operation: Job J15, Op 0, Machine M2, Start: 2626, End: 2652, Setup: 28
2025-06-18 13:14:29,995 - JSPGymEnvironment - INFO - 
===== REWARD DETAILS FOR STEP 47 =====
Job: J15, Operation: 0, Job Completed: False
Current Time: 2598.00 -> 2652.00, Setup Time: 28.00
Processing Time: 26.00, Idle Time: 0.00
Completed Jobs: 2/20
Machine: M2, Material: E-Bike_Bremsaufnahme_gebohrt

REWARD COMPONENTS:
- makespan_reward: -0.2700
- setup_reward: -7.0000
- deadline_reward: 0.0000
- priority_reward: 0.0000
- critical_job_reward: 0.5000
- placement_reward: 0.0000
- timeliness_reward: 3.9111
- machine_idle_penalty: -2.6750

TOTAL REWARD: -5.5339

CUMULATIVE REWARD COMPONENTS:
- makespan_reward: -13.2600
- setup_reward: -300.2500
- deadline_reward: 40.0000
- priority_reward: 68.0000
- critical_job_reward: 49.7150
- placement_reward: 0.0000
- timeliness_reward: 385.1487
- machine_idle_penalty: -198.3750

CUMULATIVE TOTAL: 30.9787

CRITICAL STATE INFO:
- Valid actions: ['J1', 'J2', 'J3', 'J4', 'J5', 'J7', 'J8', 'J9', 'J10', 'J11', 'J12', 'J13', 'J14', 'J15', 'J16', 'J17', 'J18', 'J19']
- Machine states:
  - Machine M1: Time=2526.00, Idle=126.00, Material=Racebike_Schaltauge_bearbeitet
  - Machine M2: Time=2652.00, Idle=0.00, Material=E-Bike_Bremsaufnahme_gebohrt
  - Machine M3: Time=2564.00, Idle=88.00, Material=Mountainbike_Steuerrohr_ausgerieben
==================================================

2025-06-18 13:14:30,030 - JSPGymEnvironment - INFO - Material change on machine M1: Racebike_Schaltauge_bearbeitet -> Citybike_Steuerrohr_montiert, setup time: 38
2025-06-18 13:14:30,030 - JSPGymEnvironment - INFO - Executed operation: Job J8, Op 1, Machine M1, Start: 2690, End: 2725, Setup: 38
2025-06-18 13:14:30,031 - JSPGymEnvironment - INFO - 
===== REWARD DETAILS FOR STEP 48 =====
Job: J8, Operation: 1, Job Completed: False
Current Time: 2652.00 -> 2725.00, Setup Time: 38.00
Processing Time: 35.00, Idle Time: 0.00
Completed Jobs: 2/20
Machine: M1, Material: Citybike_Steuerrohr_montiert

REWARD COMPONENTS:
- makespan_reward: -0.3650
- setup_reward: -9.5000
- deadline_reward: 0.0000
- priority_reward: 0.0000
- critical_job_reward: 0.0000
- placement_reward: 0.0000
- timeliness_reward: 3.3757
- machine_idle_penalty: -2.9250

TOTAL REWARD: -9.4143

CUMULATIVE REWARD COMPONENTS:
- makespan_reward: -13.6250
- setup_reward: -309.7500
- deadline_reward: 40.0000
- priority_reward: 68.0000
- critical_job_reward: 49.7150
- placement_reward: 0.0000
- timeliness_reward: 388.5244
- machine_idle_penalty: -201.3000

CUMULATIVE TOTAL: 21.5644

CRITICAL STATE INFO:
- Valid actions: ['J1', 'J2', 'J3', 'J4', 'J5', 'J7', 'J8', 'J9', 'J10', 'J11', 'J12', 'J13', 'J14', 'J15', 'J16', 'J17', 'J18', 'J19']
- Machine states:
  - Machine M1: Time=2725.00, Idle=0.00, Material=Citybike_Steuerrohr_montiert
  - Machine M2: Time=2652.00, Idle=73.00, Material=E-Bike_Bremsaufnahme_gebohrt
  - Machine M3: Time=2564.00, Idle=161.00, Material=Mountainbike_Steuerrohr_ausgerieben
==================================================

2025-06-18 13:14:30,067 - JSPGymEnvironment - INFO - Material change on machine M3: Mountainbike_Steuerrohr_ausgerieben -> Racebike_Steuerrohr_ausgerieben, setup time: 16
2025-06-18 13:14:30,068 - JSPGymEnvironment - INFO - Executed operation: Job J9, Op 3, Machine M3, Start: 2741, End: 2774, Setup: 16
2025-06-18 13:14:30,068 - JSPGymEnvironment - INFO - 
===== REWARD DETAILS FOR STEP 49 =====
Job: J9, Operation: 3, Job Completed: False
Current Time: 2725.00 -> 2774.00, Setup Time: 16.00
Processing Time: 33.00, Idle Time: 0.00
Completed Jobs: 2/20
Machine: M3, Material: Racebike_Steuerrohr_ausgerieben

REWARD COMPONENTS:
- makespan_reward: -0.2450
- setup_reward: -4.0000
- deadline_reward: 0.0000
- priority_reward: 0.0000
- critical_job_reward: 0.0000
- placement_reward: 0.0000
- timeliness_reward: 2.9962
- machine_idle_penalty: -2.1375

TOTAL REWARD: -3.3863

CUMULATIVE REWARD COMPONENTS:
- makespan_reward: -13.8700
- setup_reward: -313.7500
- deadline_reward: 40.0000
- priority_reward: 68.0000
- critical_job_reward: 49.7150
- placement_reward: 0.0000
- timeliness_reward: 391.5206
- machine_idle_penalty: -203.4375

CUMULATIVE TOTAL: 18.1781

CRITICAL STATE INFO:
- Valid actions: ['J1', 'J2', 'J3', 'J4', 'J5', 'J7', 'J8', 'J9', 'J10', 'J11', 'J12', 'J13', 'J14', 'J15', 'J16', 'J17', 'J18', 'J19']
- Machine states:
  - Machine M1: Time=2725.00, Idle=49.00, Material=Citybike_Steuerrohr_montiert
  - Machine M2: Time=2652.00, Idle=122.00, Material=E-Bike_Bremsaufnahme_gebohrt
  - Machine M3: Time=2774.00, Idle=0.00, Material=Racebike_Steuerrohr_ausgerieben
==================================================

2025-06-18 13:14:30,104 - JSPGymEnvironment - INFO - Material change on machine M2: E-Bike_Bremsaufnahme_gebohrt -> Citybike_Steuerrohr_ausgerieben, setup time: 24
2025-06-18 13:14:30,104 - JSPGymEnvironment - INFO - Executed operation: Job J13, Op 2, Machine M2, Start: 2798, End: 2821, Setup: 24
2025-06-18 13:14:30,104 - JSPGymEnvironment - INFO - 
===== REWARD DETAILS FOR STEP 50 =====
Job: J13, Operation: 2, Job Completed: False
Current Time: 2774.00 -> 2821.00, Setup Time: 24.00
Processing Time: 23.00, Idle Time: 0.00
Completed Jobs: 2/20
Machine: M2, Material: Citybike_Steuerrohr_ausgerieben

REWARD COMPONENTS:
- makespan_reward: -0.2350
- setup_reward: -6.0000
- deadline_reward: 0.0000
- priority_reward: 0.0000
- critical_job_reward: 0.0000
- placement_reward: 0.0000
- timeliness_reward: 2.5779
- machine_idle_penalty: -1.7875

TOTAL REWARD: -5.4446

CUMULATIVE REWARD COMPONENTS:
- makespan_reward: -14.1050
- setup_reward: -319.7500
- deadline_reward: 40.0000
- priority_reward: 68.0000
- critical_job_reward: 49.7150
- placement_reward: 0.0000
- timeliness_reward: 394.0985
- machine_idle_penalty: -205.2250

CUMULATIVE TOTAL: 12.7335

CRITICAL STATE INFO:
- Valid actions: ['J1', 'J2', 'J3', 'J4', 'J5', 'J7', 'J8', 'J9', 'J10', 'J11', 'J12', 'J13', 'J14', 'J15', 'J16', 'J17', 'J18', 'J19']
- Machine states:
  - Machine M1: Time=2725.00, Idle=96.00, Material=Citybike_Steuerrohr_montiert
  - Machine M2: Time=2821.00, Idle=0.00, Material=Citybike_Steuerrohr_ausgerieben
  - Machine M3: Time=2774.00, Idle=47.00, Material=Racebike_Steuerrohr_ausgerieben
==================================================

2025-06-18 13:14:30,141 - JSPGymEnvironment - INFO - Material change on machine M3: Racebike_Steuerrohr_ausgerieben -> Mountainbike_Steuerrohr_montiert, setup time: 14
2025-06-18 13:14:30,142 - JSPGymEnvironment - INFO - Executed operation: Job J7, Op 4, Machine M3, Start: 2835, End: 2868, Setup: 14
2025-06-18 13:14:30,142 - JSPGymEnvironment - INFO - 
===== REWARD DETAILS FOR STEP 51 =====
Job: J7, Operation: 4, Job Completed: False
Current Time: 2821.00 -> 2868.00, Setup Time: 14.00
Processing Time: 33.00, Idle Time: 0.00
Completed Jobs: 2/20
Machine: M3, Material: Mountainbike_Steuerrohr_montiert

REWARD COMPONENTS:
- makespan_reward: -0.2350
- setup_reward: -3.5000
- deadline_reward: 0.0000
- priority_reward: 0.0000
- critical_job_reward: 0.0000
- placement_reward: 0.0000
- timeliness_reward: 2.2061
- machine_idle_penalty: -2.3750

TOTAL REWARD: -3.9039

CUMULATIVE REWARD COMPONENTS:
- makespan_reward: -14.3400
- setup_reward: -323.2500
- deadline_reward: 40.0000
- priority_reward: 68.0000
- critical_job_reward: 49.7150
- placement_reward: 0.0000
- timeliness_reward: 396.3046
- machine_idle_penalty: -207.6000

CUMULATIVE TOTAL: 8.8296

CRITICAL STATE INFO:
- Valid actions: ['J1', 'J2', 'J3', 'J4', 'J5', 'J7', 'J8', 'J9', 'J10', 'J11', 'J12', 'J13', 'J14', 'J15', 'J16', 'J17', 'J18', 'J19']
- Machine states:
  - Machine M1: Time=2725.00, Idle=143.00, Material=Citybike_Steuerrohr_montiert
  - Machine M2: Time=2821.00, Idle=47.00, Material=Citybike_Steuerrohr_ausgerieben
  - Machine M3: Time=2868.00, Idle=0.00, Material=Mountainbike_Steuerrohr_montiert
==================================================

2025-06-18 13:14:30,179 - JSPGymEnvironment - INFO - Material change on machine M1: Citybike_Steuerrohr_montiert -> Citybike_Rahmen_lackiert, setup time: 40
2025-06-18 13:14:30,179 - JSPGymEnvironment - INFO - Executed operation: Job J8, Op 2, Machine M1, Start: 2908, End: 2937, Setup: 40
2025-06-18 13:14:30,179 - JSPGymEnvironment - INFO - 
===== REWARD DETAILS FOR STEP 52 =====
Job: J8, Operation: 2, Job Completed: False
Current Time: 2868.00 -> 2937.00, Setup Time: 40.00
Processing Time: 29.00, Idle Time: 0.00
Completed Jobs: 2/20
Machine: M1, Material: Citybike_Rahmen_lackiert

REWARD COMPONENTS:
- makespan_reward: -0.3450
- setup_reward: -10.0000
- deadline_reward: 0.0000
- priority_reward: 0.0000
- critical_job_reward: 0.0000
- placement_reward: 0.0000
- timeliness_reward: 1.6264
- machine_idle_penalty: -2.3125

TOTAL REWARD: -11.0311

CUMULATIVE REWARD COMPONENTS:
- makespan_reward: -14.6850
- setup_reward: -333.2500
- deadline_reward: 40.0000
- priority_reward: 68.0000
- critical_job_reward: 49.7150
- placement_reward: 0.0000
- timeliness_reward: 397.9310
- machine_idle_penalty: -209.9125

CUMULATIVE TOTAL: -2.2015

CRITICAL STATE INFO:
- Valid actions: ['J1', 'J2', 'J3', 'J4', 'J5', 'J7', 'J8', 'J9', 'J10', 'J11', 'J12', 'J13', 'J14', 'J15', 'J16', 'J17', 'J18', 'J19']
- Machine states:
  - Machine M1: Time=2937.00, Idle=0.00, Material=Citybike_Rahmen_lackiert
  - Machine M2: Time=2821.00, Idle=116.00, Material=Citybike_Steuerrohr_ausgerieben
  - Machine M3: Time=2868.00, Idle=69.00, Material=Mountainbike_Steuerrohr_montiert
==================================================

2025-06-18 13:14:30,217 - JSPGymEnvironment - INFO - Material change on machine M2: Citybike_Steuerrohr_ausgerieben -> Racebike_Hauptrahmen_zugeschnitten, setup time: 19
2025-06-18 13:14:30,217 - JSPGymEnvironment - INFO - Executed operation: Job J5, Op 3, Machine M2, Start: 2956, End: 2969, Setup: 19
2025-06-18 13:14:30,217 - JSPGymEnvironment - INFO - 
===== REWARD DETAILS FOR STEP 53 =====
Job: J5, Operation: 3, Job Completed: False
Current Time: 2937.00 -> 2969.00, Setup Time: 19.00
Processing Time: 13.00, Idle Time: 0.00
Completed Jobs: 2/20
Machine: M2, Material: Racebike_Hauptrahmen_zugeschnitten

REWARD COMPONENTS:
- makespan_reward: -0.1600
- setup_reward: -4.7500
- deadline_reward: 0.0000
- priority_reward: 0.0000
- critical_job_reward: 0.5000
- placement_reward: 0.0000
- timeliness_reward: 1.3600
- machine_idle_penalty: -1.6625

TOTAL REWARD: -4.7125

CUMULATIVE REWARD COMPONENTS:
- makespan_reward: -14.8450
- setup_reward: -338.0000
- deadline_reward: 40.0000
- priority_reward: 68.0000
- critical_job_reward: 50.2150
- placement_reward: 0.0000
- timeliness_reward: 399.2910
- machine_idle_penalty: -211.5750

CUMULATIVE TOTAL: -6.9140

CRITICAL STATE INFO:
- Valid actions: ['J1', 'J2', 'J3', 'J4', 'J5', 'J7', 'J8', 'J9', 'J10', 'J11', 'J12', 'J13', 'J14', 'J15', 'J16', 'J17', 'J18', 'J19']
- Machine states:
  - Machine M1: Time=2937.00, Idle=32.00, Material=Citybike_Rahmen_lackiert
  - Machine M2: Time=2969.00, Idle=0.00, Material=Racebike_Hauptrahmen_zugeschnitten
  - Machine M3: Time=2868.00, Idle=101.00, Material=Mountainbike_Steuerrohr_montiert
==================================================

2025-06-18 13:14:30,254 - JSPGymEnvironment - INFO - Material change on machine M1: Citybike_Rahmen_lackiert -> Mountainbike_Bremsaufnahme_gebohrt, setup time: 30
2025-06-18 13:14:30,254 - JSPGymEnvironment - INFO - Executed operation: Job J7, Op 5, Machine M1, Start: 2999, End: 3043, Setup: 30
2025-06-18 13:14:30,254 - JSPGymEnvironment - INFO - 
===== REWARD DETAILS FOR STEP 54 =====
Job: J7, Operation: 5, Job Completed: False
Current Time: 2969.00 -> 3043.00, Setup Time: 30.00
Processing Time: 44.00, Idle Time: 0.00
Completed Jobs: 2/20
Machine: M1, Material: Mountainbike_Bremsaufnahme_gebohrt

REWARD COMPONENTS:
- makespan_reward: -0.3700
- setup_reward: -7.5000
- deadline_reward: 0.0000
- priority_reward: 0.0000
- critical_job_reward: 0.0000
- placement_reward: 0.0000
- timeliness_reward: 0.7536
- machine_idle_penalty: -3.1125

TOTAL REWARD: -10.2289

CUMULATIVE REWARD COMPONENTS:
- makespan_reward: -15.2150
- setup_reward: -345.5000
- deadline_reward: 40.0000
- priority_reward: 68.0000
- critical_job_reward: 50.2150
- placement_reward: 0.0000
- timeliness_reward: 400.0446
- machine_idle_penalty: -214.6875

CUMULATIVE TOTAL: -17.1429

CRITICAL STATE INFO:
- Valid actions: ['J1', 'J2', 'J3', 'J4', 'J5', 'J7', 'J8', 'J9', 'J10', 'J11', 'J12', 'J13', 'J14', 'J15', 'J16', 'J17', 'J18', 'J19']
- Machine states:
  - Machine M1: Time=3043.00, Idle=0.00, Material=Mountainbike_Bremsaufnahme_gebohrt
  - Machine M2: Time=2969.00, Idle=74.00, Material=Racebike_Hauptrahmen_zugeschnitten
  - Machine M3: Time=2868.00, Idle=175.00, Material=Mountainbike_Steuerrohr_montiert
==================================================

2025-06-18 13:14:30,343 - JSPGymEnvironment - INFO - Material change on machine M1: Mountainbike_Bremsaufnahme_gebohrt -> Racebike_Fahrrad_endmontiert, setup time: 49
2025-06-18 13:14:30,344 - JSPGymEnvironment - INFO - Executed operation: Job J5, Op 4, Machine M1, Start: 3092, End: 3107, Setup: 49
2025-06-18 13:14:30,344 - JSPGymEnvironment - INFO - 
===== REWARD DETAILS FOR STEP 55 =====
Job: J5, Operation: 4, Job Completed: False
Current Time: 3043.00 -> 3107.00, Setup Time: 49.00
Processing Time: 15.00, Idle Time: 0.00
Completed Jobs: 2/20
Machine: M1, Material: Racebike_Fahrrad_endmontiert

REWARD COMPONENTS:
- makespan_reward: -0.3200
- setup_reward: -12.2500
- deadline_reward: 0.0000
- priority_reward: 0.0000
- critical_job_reward: 0.5000
- placement_reward: 0.0000
- timeliness_reward: 0.2445
- machine_idle_penalty: -4.7125

TOTAL REWARD: -16.5380

CUMULATIVE REWARD COMPONENTS:
- makespan_reward: -15.5350
- setup_reward: -357.7500
- deadline_reward: 40.0000
- priority_reward: 68.0000
- critical_job_reward: 50.7150
- placement_reward: 0.0000
- timeliness_reward: 400.2891
- machine_idle_penalty: -219.4000

CUMULATIVE TOTAL: -33.6809

CRITICAL STATE INFO:
- Valid actions: ['J1', 'J2', 'J3', 'J4', 'J5', 'J7', 'J8', 'J9', 'J10', 'J11', 'J12', 'J13', 'J14', 'J15', 'J16', 'J17', 'J18', 'J19']
- Machine states:
  - Machine M1: Time=3107.00, Idle=0.00, Material=Racebike_Fahrrad_endmontiert
  - Machine M2: Time=2969.00, Idle=138.00, Material=Racebike_Hauptrahmen_zugeschnitten
  - Machine M3: Time=2868.00, Idle=239.00, Material=Mountainbike_Steuerrohr_montiert
==================================================

2025-06-18 13:14:30,383 - JSPGymEnvironment - INFO - Material change on machine M3: Mountainbike_Steuerrohr_montiert -> Mountainbike_Rahmen_komplettiert, setup time: 15
2025-06-18 13:14:30,383 - JSPGymEnvironment - INFO - Executed operation: Job J11, Op 2, Machine M3, Start: 3122, End: 3147, Setup: 15
2025-06-18 13:14:30,384 - JSPGymEnvironment - INFO - 
===== REWARD DETAILS FOR STEP 56 =====
Job: J11, Operation: 2, Job Completed: False
Current Time: 3107.00 -> 3147.00, Setup Time: 15.00
Processing Time: 25.00, Idle Time: 0.00
Completed Jobs: 2/20
Machine: M3, Material: Mountainbike_Rahmen_komplettiert

REWARD COMPONENTS:
- makespan_reward: -0.2000
- setup_reward: -3.7500
- deadline_reward: 0.0000
- priority_reward: 0.0000
- critical_job_reward: 0.0000
- placement_reward: 0.0000
- timeliness_reward: -0.0648
- machine_idle_penalty: -2.7250

TOTAL REWARD: -6.7398

CUMULATIVE REWARD COMPONENTS:
- makespan_reward: -15.7350
- setup_reward: -361.5000
- deadline_reward: 40.0000
- priority_reward: 68.0000
- critical_job_reward: 50.7150
- placement_reward: 0.0000
- timeliness_reward: 400.2243
- machine_idle_penalty: -222.1250

CUMULATIVE TOTAL: -40.4207

CRITICAL STATE INFO:
- Valid actions: ['J1', 'J2', 'J3', 'J4', 'J5', 'J7', 'J8', 'J9', 'J10', 'J11', 'J12', 'J13', 'J14', 'J15', 'J16', 'J17', 'J18', 'J19']
- Machine states:
  - Machine M1: Time=3107.00, Idle=40.00, Material=Racebike_Fahrrad_endmontiert
  - Machine M2: Time=2969.00, Idle=178.00, Material=Racebike_Hauptrahmen_zugeschnitten
  - Machine M3: Time=3147.00, Idle=0.00, Material=Mountainbike_Rahmen_komplettiert
==================================================

2025-06-18 13:14:30,420 - JSPGymEnvironment - INFO - Material change on machine M2: Racebike_Hauptrahmen_zugeschnitten -> E-Bike_Steuerrohr_ausgerieben, setup time: 28
2025-06-18 13:14:30,420 - JSPGymEnvironment - INFO - Executed operation: Job J14, Op 1, Machine M2, Start: 3175, End: 3198, Setup: 28
2025-06-18 13:14:30,421 - JSPGymEnvironment - INFO - 
===== REWARD DETAILS FOR STEP 57 =====
Job: J14, Operation: 1, Job Completed: False
Current Time: 3147.00 -> 3198.00, Setup Time: 28.00
Processing Time: 23.00, Idle Time: 0.00
Completed Jobs: 2/20
Machine: M2, Material: E-Bike_Steuerrohr_ausgerieben

REWARD COMPONENTS:
- makespan_reward: -0.2550
- setup_reward: -7.0000
- deadline_reward: 0.0000
- priority_reward: 0.0000
- critical_job_reward: 0.5000
- placement_reward: 0.0000
- timeliness_reward: -0.4475
- machine_idle_penalty: -1.7750

TOTAL REWARD: -8.9775

CUMULATIVE REWARD COMPONENTS:
- makespan_reward: -15.9900
- setup_reward: -368.5000
- deadline_reward: 40.0000
- priority_reward: 68.0000
- critical_job_reward: 51.2150
- placement_reward: 0.0000
- timeliness_reward: 399.7769
- machine_idle_penalty: -223.9000

CUMULATIVE TOTAL: -49.3982

CRITICAL STATE INFO:
- Valid actions: ['J1', 'J2', 'J3', 'J4', 'J5', 'J7', 'J8', 'J9', 'J10', 'J11', 'J12', 'J13', 'J14', 'J15', 'J16', 'J17', 'J18', 'J19']
- Machine states:
  - Machine M1: Time=3107.00, Idle=91.00, Material=Racebike_Fahrrad_endmontiert
  - Machine M2: Time=3198.00, Idle=0.00, Material=E-Bike_Steuerrohr_ausgerieben
  - Machine M3: Time=3147.00, Idle=51.00, Material=Mountainbike_Rahmen_komplettiert
==================================================

2025-06-18 13:14:30,458 - JSPGymEnvironment - INFO - Material change on machine M2: E-Bike_Steuerrohr_ausgerieben -> Mountainbike_Antrieb_installiert, setup time: 26
2025-06-18 13:14:30,458 - JSPGymEnvironment - INFO - Executed operation: Job J7, Op 6, Machine M2, Start: 3224, End: 3246, Setup: 26
2025-06-18 13:14:30,458 - JSPGymEnvironment - INFO - Job J7 completed at time 3246, deadline: 2809, met: False, priority: 7
2025-06-18 13:14:30,458 - JSPGymEnvironment - INFO - 
===== REWARD DETAILS FOR STEP 58 =====
Job: J7, Operation: 6, Job Completed: True
Current Time: 3198.00 -> 3246.00, Setup Time: 26.00
Processing Time: 22.00, Idle Time: 0.00
Completed Jobs: 3/20
Machine: M2, Material: Mountainbike_Antrieb_installiert
Job Deadline: 2809.00 (Missed), Priority: 7

REWARD COMPONENTS:
- makespan_reward: -0.2400
- setup_reward: -6.5000
- deadline_reward: -0.3889
- priority_reward: 28.0000
- critical_job_reward: 0.0000
- placement_reward: 0.0000
- timeliness_reward: -0.7798
- machine_idle_penalty: -2.9750

TOTAL REWARD: 17.1163

CUMULATIVE REWARD COMPONENTS:
- makespan_reward: -16.2300
- setup_reward: -375.0000
- deadline_reward: 39.6111
- priority_reward: 96.0000
- critical_job_reward: 51.2150
- placement_reward: 0.0000
- timeliness_reward: 398.9971
- machine_idle_penalty: -226.8750

CUMULATIVE TOTAL: -32.2818

CRITICAL STATE INFO:
- Valid actions: ['J1', 'J2', 'J3', 'J4', 'J5', 'J8', 'J9', 'J10', 'J11', 'J12', 'J13', 'J14', 'J15', 'J16', 'J17', 'J18', 'J19']
- Machine states:
  - Machine M1: Time=3107.00, Idle=139.00, Material=Racebike_Fahrrad_endmontiert
  - Machine M2: Time=3246.00, Idle=0.00, Material=Mountainbike_Antrieb_installiert
  - Machine M3: Time=3147.00, Idle=99.00, Material=Mountainbike_Rahmen_komplettiert
==================================================

2025-06-18 13:14:30,458 - JSPGymEnvironment - INFO - Retro-Bonus für Job J7: -10.0
2025-06-18 13:14:30,495 - JSPGymEnvironment - INFO - Material change on machine M1: Racebike_Fahrrad_endmontiert -> Citybike_Laufraeder_montiert, setup time: 38
2025-06-18 13:14:30,495 - JSPGymEnvironment - INFO - Executed operation: Job J13, Op 3, Machine M1, Start: 3284, End: 3309, Setup: 38
2025-06-18 13:14:30,495 - JSPGymEnvironment - INFO - 
===== REWARD DETAILS FOR STEP 59 =====
Job: J13, Operation: 3, Job Completed: False
Current Time: 3246.00 -> 3309.00, Setup Time: 38.00
Processing Time: 25.00, Idle Time: 0.00
Completed Jobs: 3/20
Machine: M1, Material: Citybike_Laufraeder_montiert

REWARD COMPONENTS:
- makespan_reward: -0.3150
- setup_reward: -9.5000
- deadline_reward: 0.0000
- priority_reward: 0.0000
- critical_job_reward: 0.0000
- placement_reward: 0.0000
- timeliness_reward: -1.2149
- machine_idle_penalty: -2.8125

TOTAL REWARD: -13.8424

CUMULATIVE REWARD COMPONENTS:
- makespan_reward: -16.5450
- setup_reward: -384.5000
- deadline_reward: 39.6111
- priority_reward: 96.0000
- critical_job_reward: 51.2150
- placement_reward: 0.0000
- timeliness_reward: 397.7822
- machine_idle_penalty: -229.6875

CUMULATIVE TOTAL: -46.1242

CRITICAL STATE INFO:
- Valid actions: ['J1', 'J2', 'J3', 'J4', 'J5', 'J8', 'J9', 'J10', 'J11', 'J12', 'J13', 'J14', 'J15', 'J16', 'J17', 'J18', 'J19']
- Machine states:
  - Machine M1: Time=3309.00, Idle=0.00, Material=Citybike_Laufraeder_montiert
  - Machine M2: Time=3246.00, Idle=63.00, Material=Mountainbike_Antrieb_installiert
  - Machine M3: Time=3147.00, Idle=162.00, Material=Mountainbike_Rahmen_komplettiert
==================================================

2025-06-18 13:14:30,531 - JSPGymEnvironment - INFO - Material change on machine M2: Mountainbike_Antrieb_installiert -> Racebike_Steuerrohr_montiert, setup time: 18
2025-06-18 13:14:30,535 - JSPGymEnvironment - INFO - Executed operation: Job J5, Op 5, Machine M2, Start: 3327, End: 3341, Setup: 18
2025-06-18 13:14:30,535 - JSPGymEnvironment - INFO - Job J5 completed at time 3341, deadline: 2880, met: False, priority: 10
2025-06-18 13:14:30,535 - JSPGymEnvironment - INFO - 
===== REWARD DETAILS FOR STEP 60 =====
Job: J5, Operation: 5, Job Completed: True
Current Time: 3309.00 -> 3341.00, Setup Time: 18.00
Processing Time: 14.00, Idle Time: 0.00
Completed Jobs: 4/20
Machine: M2, Material: Racebike_Steuerrohr_montiert
Job Deadline: 2880.00 (Missed), Priority: 10

REWARD COMPONENTS:
- makespan_reward: -0.1600
- setup_reward: -4.5000
- deadline_reward: -0.4002
- priority_reward: 40.0000
- critical_job_reward: 10.5792
- placement_reward: 0.0000
- timeliness_reward: -1.4554
- machine_idle_penalty: -2.8250

TOTAL REWARD: 41.2386

CUMULATIVE REWARD COMPONENTS:
- makespan_reward: -16.7050
- setup_reward: -389.0000
- deadline_reward: 39.2109
- priority_reward: 136.0000
- critical_job_reward: 61.7942
- placement_reward: 0.0000
- timeliness_reward: 396.3268
- machine_idle_penalty: -232.5125

CUMULATIVE TOTAL: -4.8856

CRITICAL STATE INFO:
- Valid actions: ['J1', 'J2', 'J3', 'J4', 'J8', 'J9', 'J10', 'J11', 'J12', 'J13', 'J14', 'J15', 'J16', 'J17', 'J18', 'J19']
- Machine states:
  - Machine M1: Time=3309.00, Idle=32.00, Material=Citybike_Laufraeder_montiert
  - Machine M2: Time=3341.00, Idle=0.00, Material=Racebike_Steuerrohr_montiert
  - Machine M3: Time=3147.00, Idle=194.00, Material=Mountainbike_Rahmen_komplettiert
==================================================

2025-06-18 13:14:30,535 - JSPGymEnvironment - INFO - Retro-Bonus für Job J5: -5.0
2025-06-18 13:14:30,574 - JSPGymEnvironment - INFO - Material change on machine M3: Mountainbike_Rahmen_komplettiert -> Citybike_Fahrrad_endmontiert, setup time: 13
2025-06-18 13:14:30,575 - JSPGymEnvironment - INFO - Executed operation: Job J4, Op 4, Machine M3, Start: 3354, End: 3403, Setup: 13
2025-06-18 13:14:30,575 - JSPGymEnvironment - INFO - Job J4 completed at time 3403, deadline: 2874, met: False, priority: 2
2025-06-18 13:14:30,575 - JSPGymEnvironment - INFO - 
===== REWARD DETAILS FOR STEP 61 =====
Job: J4, Operation: 4, Job Completed: True
Current Time: 3341.00 -> 3403.00, Setup Time: 13.00
Processing Time: 49.00, Idle Time: 0.00
Completed Jobs: 5/20
Machine: M3, Material: Citybike_Fahrrad_endmontiert
Job Deadline: 2874.00 (Missed), Priority: 2

REWARD COMPONENTS:
- makespan_reward: -0.3100
- setup_reward: -3.2500
- deadline_reward: -0.4602
- priority_reward: 8.0000
- critical_job_reward: 0.0000
- placement_reward: 0.0000
- timeliness_reward: -1.8455
- machine_idle_penalty: -1.9500

TOTAL REWARD: 0.1844

CUMULATIVE REWARD COMPONENTS:
- makespan_reward: -17.0150
- setup_reward: -392.2500
- deadline_reward: 38.7507
- priority_reward: 144.0000
- critical_job_reward: 61.7942
- placement_reward: 0.0000
- timeliness_reward: 394.4814
- machine_idle_penalty: -234.4625

CUMULATIVE TOTAL: -4.7012

CRITICAL STATE INFO:
- Valid actions: ['J1', 'J2', 'J3', 'J8', 'J9', 'J10', 'J11', 'J12', 'J13', 'J14', 'J15', 'J16', 'J17', 'J18', 'J19']
- Machine states:
  - Machine M1: Time=3309.00, Idle=94.00, Material=Citybike_Laufraeder_montiert
  - Machine M2: Time=3341.00, Idle=62.00, Material=Racebike_Steuerrohr_montiert
  - Machine M3: Time=3403.00, Idle=0.00, Material=Citybike_Fahrrad_endmontiert
==================================================

2025-06-18 13:14:30,575 - JSPGymEnvironment - INFO - Retro-Bonus für Job J4: -10.0
2025-06-18 13:14:30,611 - JSPGymEnvironment - INFO - Material change on machine M3: Citybike_Fahrrad_endmontiert -> E-Bike_Antrieb_installiert, setup time: 20
2025-06-18 13:14:30,611 - JSPGymEnvironment - INFO - Executed operation: Job J18, Op 1, Machine M3, Start: 3423, End: 3446, Setup: 20
2025-06-18 13:14:30,611 - JSPGymEnvironment - INFO - 
===== REWARD DETAILS FOR STEP 62 =====
Job: J18, Operation: 1, Job Completed: False
Current Time: 3403.00 -> 3446.00, Setup Time: 20.00
Processing Time: 23.00, Idle Time: 0.00
Completed Jobs: 5/20
Machine: M3, Material: E-Bike_Antrieb_installiert

REWARD COMPONENTS:
- makespan_reward: -0.2150
- setup_reward: -5.0000
- deadline_reward: 0.0000
- priority_reward: 0.0000
- critical_job_reward: 0.5000
- placement_reward: 0.0000
- timeliness_reward: -2.0999
- machine_idle_penalty: -3.0250

TOTAL REWARD: -9.8399

CUMULATIVE REWARD COMPONENTS:
- makespan_reward: -17.2300
- setup_reward: -397.2500
- deadline_reward: 38.7507
- priority_reward: 144.0000
- critical_job_reward: 62.2942
- placement_reward: 0.0000
- timeliness_reward: 392.3814
- machine_idle_penalty: -237.4875

CUMULATIVE TOTAL: -14.5412

CRITICAL STATE INFO:
- Valid actions: ['J1', 'J2', 'J3', 'J8', 'J9', 'J10', 'J11', 'J12', 'J13', 'J14', 'J15', 'J16', 'J17', 'J18', 'J19']
- Machine states:
  - Machine M1: Time=3309.00, Idle=137.00, Material=Citybike_Laufraeder_montiert
  - Machine M2: Time=3341.00, Idle=105.00, Material=Racebike_Steuerrohr_montiert
  - Machine M3: Time=3446.00, Idle=0.00, Material=E-Bike_Antrieb_installiert
==================================================

2025-06-18 13:14:30,696 - JSPGymEnvironment - INFO - Material change on machine M2: Racebike_Steuerrohr_montiert -> Mountainbike_Hauptrahmen_zugeschnitten, setup time: 23
2025-06-18 13:14:30,696 - JSPGymEnvironment - INFO - Executed operation: Job J10, Op 2, Machine M2, Start: 3469, End: 3487, Setup: 23
2025-06-18 13:14:30,697 - JSPGymEnvironment - INFO - 
===== REWARD DETAILS FOR STEP 63 =====
Job: J10, Operation: 2, Job Completed: False
Current Time: 3446.00 -> 3487.00, Setup Time: 23.00
Processing Time: 18.00, Idle Time: 0.00
Completed Jobs: 5/20
Machine: M2, Material: Mountainbike_Hauptrahmen_zugeschnitten

REWARD COMPONENTS:
- makespan_reward: -0.2050
- setup_reward: -5.7500
- deadline_reward: 0.0000
- priority_reward: 0.0000
- critical_job_reward: 0.0000
- placement_reward: 0.0000
- timeliness_reward: -2.3308
- machine_idle_penalty: -2.7375

TOTAL REWARD: -11.0233

CUMULATIVE REWARD COMPONENTS:
- makespan_reward: -17.4350
- setup_reward: -403.0000
- deadline_reward: 38.7507
- priority_reward: 144.0000
- critical_job_reward: 62.2942
- placement_reward: 0.0000
- timeliness_reward: 390.0506
- machine_idle_penalty: -240.2250

CUMULATIVE TOTAL: -25.5645

CRITICAL STATE INFO:
- Valid actions: ['J1', 'J2', 'J3', 'J8', 'J9', 'J10', 'J11', 'J12', 'J13', 'J14', 'J15', 'J16', 'J17', 'J18', 'J19']
- Machine states:
  - Machine M1: Time=3309.00, Idle=178.00, Material=Citybike_Laufraeder_montiert
  - Machine M2: Time=3487.00, Idle=0.00, Material=Mountainbike_Hauptrahmen_zugeschnitten
  - Machine M3: Time=3446.00, Idle=41.00, Material=E-Bike_Antrieb_installiert
==================================================

2025-06-18 13:14:30,734 - JSPGymEnvironment - INFO - Material change on machine M2: Mountainbike_Hauptrahmen_zugeschnitten -> E-Bike_Tretlager_gefraest, setup time: 29
2025-06-18 13:14:30,734 - JSPGymEnvironment - INFO - Executed operation: Job J18, Op 2, Machine M2, Start: 3516, End: 3537, Setup: 29
2025-06-18 13:14:30,734 - JSPGymEnvironment - INFO - 
===== REWARD DETAILS FOR STEP 64 =====
Job: J18, Operation: 2, Job Completed: False
Current Time: 3487.00 -> 3537.00, Setup Time: 29.00
Processing Time: 21.00, Idle Time: 0.00
Completed Jobs: 5/20
Machine: M2, Material: E-Bike_Tretlager_gefraest

REWARD COMPONENTS:
- makespan_reward: -0.2500
- setup_reward: -7.2500
- deadline_reward: 0.0000
- priority_reward: 0.0000
- critical_job_reward: 0.5000
- placement_reward: 0.0000
- timeliness_reward: -2.5967
- machine_idle_penalty: -3.9875

TOTAL REWARD: -13.5842

CUMULATIVE REWARD COMPONENTS:
- makespan_reward: -17.6850
- setup_reward: -410.2500
- deadline_reward: 38.7507
- priority_reward: 144.0000
- critical_job_reward: 62.7942
- placement_reward: 0.0000
- timeliness_reward: 387.4539
- machine_idle_penalty: -244.2125

CUMULATIVE TOTAL: -39.1487

CRITICAL STATE INFO:
- Valid actions: ['J1', 'J2', 'J3', 'J8', 'J9', 'J10', 'J11', 'J12', 'J13', 'J14', 'J15', 'J16', 'J17', 'J18', 'J19']
- Machine states:
  - Machine M1: Time=3309.00, Idle=228.00, Material=Citybike_Laufraeder_montiert
  - Machine M2: Time=3537.00, Idle=0.00, Material=E-Bike_Tretlager_gefraest
  - Machine M3: Time=3446.00, Idle=91.00, Material=E-Bike_Antrieb_installiert
==================================================

2025-06-18 13:14:30,772 - JSPGymEnvironment - INFO - Material change on machine M3: E-Bike_Antrieb_installiert -> E-Bike_Rahmen_komplettiert, setup time: 15
2025-06-18 13:14:30,772 - JSPGymEnvironment - INFO - Executed operation: Job J1, Op 0, Machine M3, Start: 3552, End: 3579, Setup: 15
2025-06-18 13:14:30,772 - JSPGymEnvironment - INFO - 
===== REWARD DETAILS FOR STEP 65 =====
Job: J1, Operation: 0, Job Completed: False
Current Time: 3537.00 -> 3579.00, Setup Time: 15.00
Processing Time: 27.00, Idle Time: 0.00
Completed Jobs: 5/20
Machine: M3, Material: E-Bike_Rahmen_komplettiert

REWARD COMPONENTS:
- makespan_reward: -0.2100
- setup_reward: -3.7500
- deadline_reward: 0.0000
- priority_reward: 0.0000
- critical_job_reward: 0.5000
- placement_reward: 0.0000
- timeliness_reward: -2.8070
- machine_idle_penalty: -3.9000

TOTAL REWARD: -10.1670

CUMULATIVE REWARD COMPONENTS:
- makespan_reward: -17.8950
- setup_reward: -414.0000
- deadline_reward: 38.7507
- priority_reward: 144.0000
- critical_job_reward: 63.2942
- placement_reward: 0.0000
- timeliness_reward: 384.6469
- machine_idle_penalty: -248.1125

CUMULATIVE TOTAL: -49.3158

CRITICAL STATE INFO:
- Valid actions: ['J1', 'J2', 'J3', 'J8', 'J9', 'J10', 'J11', 'J12', 'J13', 'J14', 'J15', 'J16', 'J17', 'J18', 'J19']
- Machine states:
  - Machine M1: Time=3309.00, Idle=270.00, Material=Citybike_Laufraeder_montiert
  - Machine M2: Time=3537.00, Idle=42.00, Material=E-Bike_Tretlager_gefraest
  - Machine M3: Time=3579.00, Idle=0.00, Material=E-Bike_Rahmen_komplettiert
==================================================

2025-06-18 13:14:30,809 - JSPGymEnvironment - INFO - Material change on machine M1: Citybike_Laufraeder_montiert -> E-Bike_Steuerrohr_ausgerieben, setup time: 45
2025-06-18 13:14:30,809 - JSPGymEnvironment - INFO - Executed operation: Job J1, Op 1, Machine M1, Start: 3624, End: 3655, Setup: 45
2025-06-18 13:14:30,809 - JSPGymEnvironment - INFO - 
===== REWARD DETAILS FOR STEP 66 =====
Job: J1, Operation: 1, Job Completed: False
Current Time: 3579.00 -> 3655.00, Setup Time: 45.00
Processing Time: 31.00, Idle Time: 0.00
Completed Jobs: 5/20
Machine: M1, Material: E-Bike_Steuerrohr_ausgerieben

REWARD COMPONENTS:
- makespan_reward: -0.3800
- setup_reward: -11.2500
- deadline_reward: 0.0000
- priority_reward: 0.0000
- critical_job_reward: 0.5000
- placement_reward: 0.0000
- timeliness_reward: -3.1578
- machine_idle_penalty: -2.4250

TOTAL REWARD: -16.7128

CUMULATIVE REWARD COMPONENTS:
- makespan_reward: -18.2750
- setup_reward: -425.2500
- deadline_reward: 38.7507
- priority_reward: 144.0000
- critical_job_reward: 63.7942
- placement_reward: 0.0000
- timeliness_reward: 381.4891
- machine_idle_penalty: -250.5375

CUMULATIVE TOTAL: -66.0285

CRITICAL STATE INFO:
- Valid actions: ['J1', 'J2', 'J3', 'J8', 'J9', 'J10', 'J11', 'J12', 'J13', 'J14', 'J15', 'J16', 'J17', 'J18', 'J19']
- Machine states:
  - Machine M1: Time=3655.00, Idle=0.00, Material=E-Bike_Steuerrohr_ausgerieben
  - Machine M2: Time=3537.00, Idle=118.00, Material=E-Bike_Tretlager_gefraest
  - Machine M3: Time=3579.00, Idle=76.00, Material=E-Bike_Rahmen_komplettiert
==================================================

2025-06-18 13:14:30,846 - JSPGymEnvironment - INFO - Executed operation: Job J14, Op 2, Machine M2, Start: 3670, End: 3686, Setup: 15
2025-06-18 13:14:30,846 - JSPGymEnvironment - INFO - 
===== REWARD DETAILS FOR STEP 67 =====
Job: J14, Operation: 2, Job Completed: False
Current Time: 3655.00 -> 3686.00, Setup Time: 15.00
Processing Time: 16.00, Idle Time: 0.00
Completed Jobs: 5/20
Machine: M2, Material: E-Bike_Tretlager_gefraest

REWARD COMPONENTS:
- makespan_reward: -0.1550
- setup_reward: -3.7500
- deadline_reward: 0.0000
- priority_reward: 0.0000
- critical_job_reward: 0.5000
- placement_reward: 0.0000
- timeliness_reward: -3.2901
- machine_idle_penalty: -1.7250

TOTAL REWARD: -8.4201

CUMULATIVE REWARD COMPONENTS:
- makespan_reward: -18.4300
- setup_reward: -429.0000
- deadline_reward: 38.7507
- priority_reward: 144.0000
- critical_job_reward: 64.2942
- placement_reward: 0.0000
- timeliness_reward: 378.1990
- machine_idle_penalty: -252.2625

CUMULATIVE TOTAL: -74.4486

CRITICAL STATE INFO:
- Valid actions: ['J1', 'J2', 'J3', 'J8', 'J9', 'J10', 'J11', 'J12', 'J13', 'J14', 'J15', 'J16', 'J17', 'J18', 'J19']
- Machine states:
  - Machine M1: Time=3655.00, Idle=31.00, Material=E-Bike_Steuerrohr_ausgerieben
  - Machine M2: Time=3686.00, Idle=0.00, Material=E-Bike_Tretlager_gefraest
  - Machine M3: Time=3579.00, Idle=107.00, Material=E-Bike_Rahmen_komplettiert
==================================================

2025-06-18 13:14:30,884 - JSPGymEnvironment - INFO - Material change on machine M1: E-Bike_Steuerrohr_ausgerieben -> Mountainbike_Hinterbau_vorbereitet, setup time: 51
2025-06-18 13:14:30,884 - JSPGymEnvironment - INFO - Executed operation: Job J10, Op 3, Machine M1, Start: 3737, End: 3773, Setup: 51
2025-06-18 13:14:30,884 - JSPGymEnvironment - INFO - 
===== REWARD DETAILS FOR STEP 68 =====
Job: J10, Operation: 3, Job Completed: False
Current Time: 3686.00 -> 3773.00, Setup Time: 51.00
Processing Time: 36.00, Idle Time: 0.00
Completed Jobs: 5/20
Machine: M1, Material: Mountainbike_Hinterbau_vorbereitet

REWARD COMPONENTS:
- makespan_reward: -0.4350
- setup_reward: -12.7500
- deadline_reward: 0.0000
- priority_reward: 0.0000
- critical_job_reward: 0.0000
- placement_reward: 0.0000
- timeliness_reward: -3.6299
- machine_idle_penalty: -3.5125

TOTAL REWARD: -20.3274

CUMULATIVE REWARD COMPONENTS:
- makespan_reward: -18.8650
- setup_reward: -441.7500
- deadline_reward: 38.7507
- priority_reward: 144.0000
- critical_job_reward: 64.2942
- placement_reward: 0.0000
- timeliness_reward: 374.5691
- machine_idle_penalty: -255.7750

CUMULATIVE TOTAL: -94.7760

CRITICAL STATE INFO:
- Valid actions: ['J1', 'J2', 'J3', 'J8', 'J9', 'J10', 'J11', 'J12', 'J13', 'J14', 'J15', 'J16', 'J17', 'J18', 'J19']
- Machine states:
  - Machine M1: Time=3773.00, Idle=0.00, Material=Mountainbike_Hinterbau_vorbereitet
  - Machine M2: Time=3686.00, Idle=87.00, Material=E-Bike_Tretlager_gefraest
  - Machine M3: Time=3579.00, Idle=194.00, Material=E-Bike_Rahmen_komplettiert
==================================================

2025-06-18 13:14:30,921 - JSPGymEnvironment - INFO - Material change on machine M1: Mountainbike_Hinterbau_vorbereitet -> Citybike_Tretlageraufnahme_geschweisst, setup time: 34
2025-06-18 13:14:30,921 - JSPGymEnvironment - INFO - Executed operation: Job J13, Op 4, Machine M1, Start: 3807, End: 3846, Setup: 34
2025-06-18 13:14:30,921 - JSPGymEnvironment - INFO - 
===== REWARD DETAILS FOR STEP 69 =====
Job: J13, Operation: 4, Job Completed: False
Current Time: 3773.00 -> 3846.00, Setup Time: 34.00
Processing Time: 39.00, Idle Time: 0.00
Completed Jobs: 5/20
Machine: M1, Material: Citybike_Tretlageraufnahme_geschweisst

REWARD COMPONENTS:
- makespan_reward: -0.3650
- setup_reward: -8.5000
- deadline_reward: 0.0000
- priority_reward: 0.0000
- critical_job_reward: 0.0000
- placement_reward: 0.0000
- timeliness_reward: -3.8810
- machine_idle_penalty: -5.3375

TOTAL REWARD: -18.0835

CUMULATIVE REWARD COMPONENTS:
- makespan_reward: -19.2300
- setup_reward: -450.2500
- deadline_reward: 38.7507
- priority_reward: 144.0000
- critical_job_reward: 64.2942
- placement_reward: 0.0000
- timeliness_reward: 370.6881
- machine_idle_penalty: -261.1125

CUMULATIVE TOTAL: -112.8595

CRITICAL STATE INFO:
- Valid actions: ['J1', 'J2', 'J3', 'J8', 'J9', 'J10', 'J11', 'J12', 'J13', 'J14', 'J15', 'J16', 'J17', 'J18', 'J19']
- Machine states:
  - Machine M1: Time=3846.00, Idle=0.00, Material=Citybike_Tretlageraufnahme_geschweisst
  - Machine M2: Time=3686.00, Idle=160.00, Material=E-Bike_Tretlager_gefraest
  - Machine M3: Time=3579.00, Idle=267.00, Material=E-Bike_Rahmen_komplettiert
==================================================

2025-06-18 13:14:31,012 - JSPGymEnvironment - INFO - Material change on machine M2: E-Bike_Tretlager_gefraest -> Mountainbike_Bremsaufnahme_gebohrt, setup time: 26
2025-06-18 13:14:31,012 - JSPGymEnvironment - INFO - Executed operation: Job J17, Op 0, Machine M2, Start: 3872, End: 3885, Setup: 26
2025-06-18 13:14:31,013 - JSPGymEnvironment - INFO - 
===== REWARD DETAILS FOR STEP 70 =====
Job: J17, Operation: 0, Job Completed: False
Current Time: 3846.00 -> 3885.00, Setup Time: 26.00
Processing Time: 13.00, Idle Time: 0.00
Completed Jobs: 5/20
Machine: M2, Material: Mountainbike_Bremsaufnahme_gebohrt

REWARD COMPONENTS:
- makespan_reward: -0.1950
- setup_reward: -6.5000
- deadline_reward: 0.0000
- priority_reward: 0.0000
- critical_job_reward: 0.0000
- placement_reward: 0.0000
- timeliness_reward: -4.0032
- machine_idle_penalty: -4.3125

TOTAL REWARD: -15.0107

CUMULATIVE REWARD COMPONENTS:
- makespan_reward: -19.4250
- setup_reward: -456.7500
- deadline_reward: 38.7507
- priority_reward: 144.0000
- critical_job_reward: 64.2942
- placement_reward: 0.0000
- timeliness_reward: 366.6849
- machine_idle_penalty: -265.4250

CUMULATIVE TOTAL: -127.8702

CRITICAL STATE INFO:
- Valid actions: ['J1', 'J2', 'J3', 'J8', 'J9', 'J10', 'J11', 'J12', 'J13', 'J14', 'J15', 'J16', 'J17', 'J18', 'J19']
- Machine states:
  - Machine M1: Time=3846.00, Idle=39.00, Material=Citybike_Tretlageraufnahme_geschweisst
  - Machine M2: Time=3885.00, Idle=0.00, Material=Mountainbike_Bremsaufnahme_gebohrt
  - Machine M3: Time=3579.00, Idle=306.00, Material=E-Bike_Rahmen_komplettiert
==================================================

2025-06-18 13:14:31,049 - JSPGymEnvironment - INFO - Material change on machine M3: E-Bike_Rahmen_komplettiert -> Citybike_Rahmen_nachbearbeitet, setup time: 15
2025-06-18 13:14:31,049 - JSPGymEnvironment - INFO - Executed operation: Job J13, Op 5, Machine M3, Start: 3900, End: 3927, Setup: 15
2025-06-18 13:14:31,050 - JSPGymEnvironment - INFO - 
===== REWARD DETAILS FOR STEP 71 =====
Job: J13, Operation: 5, Job Completed: False
Current Time: 3885.00 -> 3927.00, Setup Time: 15.00
Processing Time: 27.00, Idle Time: 0.00
Completed Jobs: 5/20
Machine: M3, Material: Citybike_Rahmen_nachbearbeitet

REWARD COMPONENTS:
- makespan_reward: -0.2100
- setup_reward: -3.7500
- deadline_reward: 0.0000
- priority_reward: 0.0000
- critical_job_reward: 0.0000
- placement_reward: 0.0000
- timeliness_reward: -4.1262
- machine_idle_penalty: -1.5375

TOTAL REWARD: -9.6237

CUMULATIVE REWARD COMPONENTS:
- makespan_reward: -19.6350
- setup_reward: -460.5000
- deadline_reward: 38.7507
- priority_reward: 144.0000
- critical_job_reward: 64.2942
- placement_reward: 0.0000
- timeliness_reward: 362.5587
- machine_idle_penalty: -266.9625

CUMULATIVE TOTAL: -137.4939

CRITICAL STATE INFO:
- Valid actions: ['J1', 'J2', 'J3', 'J8', 'J9', 'J10', 'J11', 'J12', 'J13', 'J14', 'J15', 'J16', 'J17', 'J18', 'J19']
- Machine states:
  - Machine M1: Time=3846.00, Idle=81.00, Material=Citybike_Tretlageraufnahme_geschweisst
  - Machine M2: Time=3885.00, Idle=42.00, Material=Mountainbike_Bremsaufnahme_gebohrt
  - Machine M3: Time=3927.00, Idle=0.00, Material=Citybike_Rahmen_nachbearbeitet
==================================================

2025-06-18 13:14:31,088 - JSPGymEnvironment - INFO - Material change on machine M2: Mountainbike_Bremsaufnahme_gebohrt -> Citybike_Rahmen_nachbearbeitet, setup time: 15
2025-06-18 13:14:31,088 - JSPGymEnvironment - INFO - Executed operation: Job J3, Op 3, Machine M2, Start: 3942, End: 3968, Setup: 15
2025-06-18 13:14:31,088 - JSPGymEnvironment - INFO - 
===== REWARD DETAILS FOR STEP 72 =====
Job: J3, Operation: 3, Job Completed: False
Current Time: 3927.00 -> 3968.00, Setup Time: 15.00
Processing Time: 26.00, Idle Time: 0.00
Completed Jobs: 5/20
Machine: M2, Material: Citybike_Rahmen_nachbearbeitet

REWARD COMPONENTS:
- makespan_reward: -0.2050
- setup_reward: -3.7500
- deadline_reward: 0.0000
- priority_reward: 0.0000
- critical_job_reward: 0.5000
- placement_reward: 0.0000
- timeliness_reward: -4.2380
- machine_idle_penalty: -2.0375

TOTAL REWARD: -9.7305

CUMULATIVE REWARD COMPONENTS:
- makespan_reward: -19.8400
- setup_reward: -464.2500
- deadline_reward: 38.7507
- priority_reward: 144.0000
- critical_job_reward: 64.7942
- placement_reward: 0.0000
- timeliness_reward: 358.3207
- machine_idle_penalty: -269.0000

CUMULATIVE TOTAL: -147.2244

CRITICAL STATE INFO:
- Valid actions: ['J1', 'J2', 'J3', 'J8', 'J9', 'J10', 'J11', 'J12', 'J13', 'J14', 'J15', 'J16', 'J17', 'J18', 'J19']
- Machine states:
  - Machine M1: Time=3846.00, Idle=122.00, Material=Citybike_Tretlageraufnahme_geschweisst
  - Machine M2: Time=3968.00, Idle=0.00, Material=Citybike_Rahmen_nachbearbeitet
  - Machine M3: Time=3927.00, Idle=41.00, Material=Citybike_Rahmen_nachbearbeitet
==================================================

2025-06-18 13:14:31,125 - JSPGymEnvironment - INFO - Material change on machine M3: Citybike_Rahmen_nachbearbeitet -> Citybike_Rahmen_komplettiert, setup time: 15
2025-06-18 13:14:31,125 - JSPGymEnvironment - INFO - Executed operation: Job J13, Op 6, Machine M3, Start: 3983, End: 4042, Setup: 15
2025-06-18 13:14:31,125 - JSPGymEnvironment - INFO - Job J13 completed at time 4042, deadline: 2880, met: False, priority: 3
2025-06-18 13:14:31,126 - JSPGymEnvironment - INFO - 
===== REWARD DETAILS FOR STEP 73 =====
Job: J13, Operation: 6, Job Completed: True
Current Time: 3968.00 -> 4042.00, Setup Time: 15.00
Processing Time: 59.00, Idle Time: 0.00
Completed Jobs: 6/20
Machine: M3, Material: Citybike_Rahmen_komplettiert
Job Deadline: 2880.00 (Missed), Priority: 3

REWARD COMPONENTS:
- makespan_reward: -0.3700
- setup_reward: -3.7500
- deadline_reward: -1.0087
- priority_reward: 12.0000
- critical_job_reward: 0.0000
- placement_reward: 0.0000
- timeliness_reward: -4.4217
- machine_idle_penalty: -3.3750

TOTAL REWARD: -0.9254

CUMULATIVE REWARD COMPONENTS:
- makespan_reward: -20.2100
- setup_reward: -468.0000
- deadline_reward: 37.7421
- priority_reward: 156.0000
- critical_job_reward: 64.7942
- placement_reward: 0.0000
- timeliness_reward: 353.8990
- machine_idle_penalty: -272.3750

CUMULATIVE TOTAL: -148.1498

CRITICAL STATE INFO:
- Valid actions: ['J1', 'J2', 'J3', 'J8', 'J9', 'J10', 'J11', 'J12', 'J14', 'J15', 'J16', 'J17', 'J18', 'J19']
- Machine states:
  - Machine M1: Time=3846.00, Idle=196.00, Material=Citybike_Tretlageraufnahme_geschweisst
  - Machine M2: Time=3968.00, Idle=74.00, Material=Citybike_Rahmen_nachbearbeitet
  - Machine M3: Time=4042.00, Idle=0.00, Material=Citybike_Rahmen_komplettiert
==================================================

2025-06-18 13:14:31,126 - JSPGymEnvironment - INFO - Retro-Bonus für Job J13: -10.0
2025-06-18 13:14:31,160 - JSPGymEnvironment - INFO - Material change on machine M1: Citybike_Tretlageraufnahme_geschweisst -> E-Bike_Bremsaufnahme_gebohrt, setup time: 45
2025-06-18 13:14:31,161 - JSPGymEnvironment - INFO - Executed operation: Job J14, Op 3, Machine M1, Start: 4087, End: 4118, Setup: 45
2025-06-18 13:14:31,161 - JSPGymEnvironment - INFO - 
===== REWARD DETAILS FOR STEP 74 =====
Job: J14, Operation: 3, Job Completed: False
Current Time: 4042.00 -> 4118.00, Setup Time: 45.00
Processing Time: 31.00, Idle Time: 0.00
Completed Jobs: 6/20
Machine: M1, Material: E-Bike_Bremsaufnahme_gebohrt

REWARD COMPONENTS:
- makespan_reward: -0.3800
- setup_reward: -11.2500
- deadline_reward: 0.0000
- priority_reward: 0.0000
- critical_job_reward: 0.5000
- placement_reward: 0.0000
- timeliness_reward: -4.5853
- machine_idle_penalty: -2.8250

TOTAL REWARD: -18.5403

CUMULATIVE REWARD COMPONENTS:
- makespan_reward: -20.5900
- setup_reward: -479.2500
- deadline_reward: 37.7421
- priority_reward: 156.0000
- critical_job_reward: 65.2942
- placement_reward: 0.0000
- timeliness_reward: 349.3138
- machine_idle_penalty: -275.2000

CUMULATIVE TOTAL: -166.6900

CRITICAL STATE INFO:
- Valid actions: ['J1', 'J2', 'J3', 'J8', 'J9', 'J10', 'J11', 'J12', 'J14', 'J15', 'J16', 'J17', 'J18', 'J19']
- Machine states:
  - Machine M1: Time=4118.00, Idle=0.00, Material=E-Bike_Bremsaufnahme_gebohrt
  - Machine M2: Time=3968.00, Idle=150.00, Material=Citybike_Rahmen_nachbearbeitet
  - Machine M3: Time=4042.00, Idle=76.00, Material=Citybike_Rahmen_komplettiert
==================================================

2025-06-18 13:14:31,198 - JSPGymEnvironment - INFO - Material change on machine M3: Citybike_Rahmen_komplettiert -> E-Bike_Steuerrohr_ausgerieben, setup time: 20
2025-06-18 13:14:31,198 - JSPGymEnvironment - INFO - Executed operation: Job J15, Op 1, Machine M3, Start: 4138, End: 4194, Setup: 20
2025-06-18 13:14:31,198 - JSPGymEnvironment - INFO - 
===== REWARD DETAILS FOR STEP 75 =====
Job: J15, Operation: 1, Job Completed: False
Current Time: 4118.00 -> 4194.00, Setup Time: 20.00
Processing Time: 56.00, Idle Time: 0.00
Completed Jobs: 6/20
Machine: M3, Material: E-Bike_Steuerrohr_ausgerieben

REWARD COMPONENTS:
- makespan_reward: -0.3800
- setup_reward: -5.0000
- deadline_reward: 0.0000
- priority_reward: 0.0000
- critical_job_reward: 0.5000
- placement_reward: 0.0000
- timeliness_reward: -4.7275
- machine_idle_penalty: -3.7750

TOTAL REWARD: -13.3825

CUMULATIVE REWARD COMPONENTS:
- makespan_reward: -20.9700
- setup_reward: -484.2500
- deadline_reward: 37.7421
- priority_reward: 156.0000
- critical_job_reward: 65.7942
- placement_reward: 0.0000
- timeliness_reward: 344.5863
- machine_idle_penalty: -278.9750

CUMULATIVE TOTAL: -180.0725

CRITICAL STATE INFO:
- Valid actions: ['J1', 'J2', 'J3', 'J8', 'J9', 'J10', 'J11', 'J12', 'J14', 'J15', 'J16', 'J17', 'J18', 'J19']
- Machine states:
  - Machine M1: Time=4118.00, Idle=76.00, Material=E-Bike_Bremsaufnahme_gebohrt
  - Machine M2: Time=3968.00, Idle=226.00, Material=Citybike_Rahmen_nachbearbeitet
  - Machine M3: Time=4194.00, Idle=0.00, Material=E-Bike_Steuerrohr_ausgerieben
==================================================

2025-06-18 13:14:31,234 - JSPGymEnvironment - INFO - Material change on machine M1: E-Bike_Bremsaufnahme_gebohrt -> Citybike_Tretlageraufnahme_geschweisst, setup time: 47
2025-06-18 13:14:31,234 - JSPGymEnvironment - INFO - Executed operation: Job J3, Op 4, Machine M1, Start: 4241, End: 4278, Setup: 47
2025-06-18 13:14:31,235 - JSPGymEnvironment - INFO - 
===== REWARD DETAILS FOR STEP 76 =====
Job: J3, Operation: 4, Job Completed: False
Current Time: 4194.00 -> 4278.00, Setup Time: 47.00
Processing Time: 37.00, Idle Time: 0.00
Completed Jobs: 6/20
Machine: M1, Material: Citybike_Tretlageraufnahme_geschweisst

REWARD COMPONENTS:
- makespan_reward: -0.4200
- setup_reward: -11.7500
- deadline_reward: 0.0000
- priority_reward: 0.0000
- critical_job_reward: 0.5000
- placement_reward: 0.0000
- timeliness_reward: -4.8627
- machine_idle_penalty: -4.9250

TOTAL REWARD: -21.4577

CUMULATIVE REWARD COMPONENTS:
- makespan_reward: -21.3900
- setup_reward: -496.0000
- deadline_reward: 37.7421
- priority_reward: 156.0000
- critical_job_reward: 66.2942
- placement_reward: 0.0000
- timeliness_reward: 339.7236
- machine_idle_penalty: -283.9000

CUMULATIVE TOTAL: -201.5302

CRITICAL STATE INFO:
- Valid actions: ['J1', 'J2', 'J3', 'J8', 'J9', 'J10', 'J11', 'J12', 'J14', 'J15', 'J16', 'J17', 'J18', 'J19']
- Machine states:
  - Machine M1: Time=4278.00, Idle=0.00, Material=Citybike_Tretlageraufnahme_geschweisst
  - Machine M2: Time=3968.00, Idle=310.00, Material=Citybike_Rahmen_nachbearbeitet
  - Machine M3: Time=4194.00, Idle=84.00, Material=E-Bike_Steuerrohr_ausgerieben
==================================================

2025-06-18 13:14:31,270 - JSPGymEnvironment - INFO - Material change on machine M2: Citybike_Rahmen_nachbearbeitet -> E-Bike_Laufraeder_montiert, setup time: 22
2025-06-18 13:14:31,270 - JSPGymEnvironment - INFO - Executed operation: Job J14, Op 4, Machine M2, Start: 4300, End: 4311, Setup: 22
2025-06-18 13:14:31,270 - JSPGymEnvironment - INFO - 
===== REWARD DETAILS FOR STEP 77 =====
Job: J14, Operation: 4, Job Completed: False
Current Time: 4278.00 -> 4311.00, Setup Time: 22.00
Processing Time: 11.00, Idle Time: 0.00
Completed Jobs: 6/20
Machine: M2, Material: E-Bike_Laufraeder_montiert

REWARD COMPONENTS:
- makespan_reward: -0.1650
- setup_reward: -5.5000
- deadline_reward: 0.0000
- priority_reward: 0.0000
- critical_job_reward: 0.5000
- placement_reward: 0.0000
- timeliness_reward: -4.9102
- machine_idle_penalty: -1.8750

TOTAL REWARD: -11.9502

CUMULATIVE REWARD COMPONENTS:
- makespan_reward: -21.5550
- setup_reward: -501.5000
- deadline_reward: 37.7421
- priority_reward: 156.0000
- critical_job_reward: 66.7942
- placement_reward: 0.0000
- timeliness_reward: 334.8135
- machine_idle_penalty: -285.7750

CUMULATIVE TOTAL: -213.4803

CRITICAL STATE INFO:
- Valid actions: ['J1', 'J2', 'J3', 'J8', 'J9', 'J10', 'J11', 'J12', 'J14', 'J15', 'J16', 'J17', 'J18', 'J19']
- Machine states:
  - Machine M1: Time=4278.00, Idle=33.00, Material=Citybike_Tretlageraufnahme_geschweisst
  - Machine M2: Time=4311.00, Idle=0.00, Material=E-Bike_Laufraeder_montiert
  - Machine M3: Time=4194.00, Idle=117.00, Material=E-Bike_Steuerrohr_ausgerieben
==================================================

2025-06-18 13:14:31,357 - JSPGymEnvironment - INFO - Material change on machine M2: E-Bike_Laufraeder_montiert -> Citybike_Antrieb_installiert, setup time: 24
2025-06-18 13:14:31,357 - JSPGymEnvironment - INFO - Executed operation: Job J3, Op 5, Machine M2, Start: 4335, End: 4361, Setup: 24
2025-06-18 13:14:31,358 - JSPGymEnvironment - INFO - 
===== REWARD DETAILS FOR STEP 78 =====
Job: J3, Operation: 5, Job Completed: False
Current Time: 4311.00 -> 4361.00, Setup Time: 24.00
Processing Time: 26.00, Idle Time: 0.00
Completed Jobs: 6/20
Machine: M2, Material: Citybike_Antrieb_installiert

REWARD COMPONENTS:
- makespan_reward: -0.2500
- setup_reward: -6.0000
- deadline_reward: 0.0000
- priority_reward: 0.0000
- critical_job_reward: 0.5000
- placement_reward: 0.0000
- timeliness_reward: -4.9766
- machine_idle_penalty: -3.1250

TOTAL REWARD: -13.8516

CUMULATIVE REWARD COMPONENTS:
- makespan_reward: -21.8050
- setup_reward: -507.5000
- deadline_reward: 37.7421
- priority_reward: 156.0000
- critical_job_reward: 67.2942
- placement_reward: 0.0000
- timeliness_reward: 329.8369
- machine_idle_penalty: -288.9000

CUMULATIVE TOTAL: -227.3319

CRITICAL STATE INFO:
- Valid actions: ['J1', 'J2', 'J3', 'J8', 'J9', 'J10', 'J11', 'J12', 'J14', 'J15', 'J16', 'J17', 'J18', 'J19']
- Machine states:
  - Machine M1: Time=4278.00, Idle=83.00, Material=Citybike_Tretlageraufnahme_geschweisst
  - Machine M2: Time=4361.00, Idle=0.00, Material=Citybike_Antrieb_installiert
  - Machine M3: Time=4194.00, Idle=167.00, Material=E-Bike_Steuerrohr_ausgerieben
==================================================

2025-06-18 13:14:31,396 - JSPGymEnvironment - INFO - Material change on machine M1: Citybike_Tretlageraufnahme_geschweisst -> Citybike_Schaltauge_bearbeitet, setup time: 40
2025-06-18 13:14:31,396 - JSPGymEnvironment - INFO - Executed operation: Job J3, Op 6, Machine M1, Start: 4401, End: 4442, Setup: 40
2025-06-18 13:14:31,396 - JSPGymEnvironment - INFO - 
===== REWARD DETAILS FOR STEP 79 =====
Job: J3, Operation: 6, Job Completed: False
Current Time: 4361.00 -> 4442.00, Setup Time: 40.00
Processing Time: 41.00, Idle Time: 0.00
Completed Jobs: 6/20
Machine: M1, Material: Citybike_Schaltauge_bearbeitet

REWARD COMPONENTS:
- makespan_reward: -0.4050
- setup_reward: -10.0000
- deadline_reward: 0.0000
- priority_reward: 0.0000
- critical_job_reward: 0.5000
- placement_reward: 0.0000
- timeliness_reward: -5.0713
- machine_idle_penalty: -4.1125

TOTAL REWARD: -19.0888

CUMULATIVE REWARD COMPONENTS:
- makespan_reward: -22.2100
- setup_reward: -517.5000
- deadline_reward: 37.7421
- priority_reward: 156.0000
- critical_job_reward: 67.7942
- placement_reward: 0.0000
- timeliness_reward: 324.7656
- machine_idle_penalty: -293.0125

CUMULATIVE TOTAL: -246.4207

CRITICAL STATE INFO:
- Valid actions: ['J1', 'J2', 'J3', 'J8', 'J9', 'J10', 'J11', 'J12', 'J14', 'J15', 'J16', 'J17', 'J18', 'J19']
- Machine states:
  - Machine M1: Time=4442.00, Idle=0.00, Material=Citybike_Schaltauge_bearbeitet
  - Machine M2: Time=4361.00, Idle=81.00, Material=Citybike_Antrieb_installiert
  - Machine M3: Time=4194.00, Idle=248.00, Material=E-Bike_Steuerrohr_ausgerieben
==================================================

2025-06-18 13:14:31,433 - JSPGymEnvironment - INFO - Material change on machine M3: E-Bike_Steuerrohr_ausgerieben -> Citybike_Tretlager_gefraest, setup time: 15
2025-06-18 13:14:31,433 - JSPGymEnvironment - INFO - Executed operation: Job J8, Op 3, Machine M3, Start: 4457, End: 4506, Setup: 15
2025-06-18 13:14:31,433 - JSPGymEnvironment - INFO - 
===== REWARD DETAILS FOR STEP 80 =====
Job: J8, Operation: 3, Job Completed: False
Current Time: 4442.00 -> 4506.00, Setup Time: 15.00
Processing Time: 49.00, Idle Time: 0.00
Completed Jobs: 6/20
Machine: M3, Material: Citybike_Tretlager_gefraest

REWARD COMPONENTS:
- makespan_reward: -0.3200
- setup_reward: -3.7500
- deadline_reward: 0.0000
- priority_reward: 0.0000
- critical_job_reward: 0.0000
- placement_reward: 0.0000
- timeliness_reward: -5.1362
- machine_idle_penalty: -2.6125

TOTAL REWARD: -11.8187

CUMULATIVE REWARD COMPONENTS:
- makespan_reward: -22.5300
- setup_reward: -521.2500
- deadline_reward: 37.7421
- priority_reward: 156.0000
- critical_job_reward: 67.7942
- placement_reward: 0.0000
- timeliness_reward: 319.6294
- machine_idle_penalty: -295.6250

CUMULATIVE TOTAL: -258.2394

CRITICAL STATE INFO:
- Valid actions: ['J1', 'J2', 'J3', 'J8', 'J9', 'J10', 'J11', 'J12', 'J14', 'J15', 'J16', 'J17', 'J18', 'J19']
- Machine states:
  - Machine M1: Time=4442.00, Idle=64.00, Material=Citybike_Schaltauge_bearbeitet
  - Machine M2: Time=4361.00, Idle=145.00, Material=Citybike_Antrieb_installiert
  - Machine M3: Time=4506.00, Idle=0.00, Material=Citybike_Tretlager_gefraest
==================================================

2025-06-18 13:14:31,470 - JSPGymEnvironment - INFO - Material change on machine M3: Citybike_Tretlager_gefraest -> Citybike_Rahmen_lackiert, setup time: 15
2025-06-18 13:14:31,470 - JSPGymEnvironment - INFO - Executed operation: Job J3, Op 7, Machine M3, Start: 4521, End: 4569, Setup: 15
2025-06-18 13:14:31,470 - JSPGymEnvironment - INFO - Job J3 completed at time 4569, deadline: 2880, met: False, priority: 8
2025-06-18 13:14:31,470 - JSPGymEnvironment - INFO - 
===== REWARD DETAILS FOR STEP 81 =====
Job: J3, Operation: 7, Job Completed: True
Current Time: 4506.00 -> 4569.00, Setup Time: 15.00
Processing Time: 48.00, Idle Time: 0.00
Completed Jobs: 7/20
Machine: M3, Material: Citybike_Rahmen_lackiert
Job Deadline: 2880.00 (Missed), Priority: 8

REWARD COMPONENTS:
- makespan_reward: -0.3150
- setup_reward: -3.7500
- deadline_reward: -1.4661
- priority_reward: 32.0000
- critical_job_reward: 5.4625
- placement_reward: 0.0000
- timeliness_reward: -5.1965
- machine_idle_penalty: -4.1875

TOTAL REWARD: 22.5473

CUMULATIVE REWARD COMPONENTS:
- makespan_reward: -22.8450
- setup_reward: -525.0000
- deadline_reward: 36.2759
- priority_reward: 188.0000
- critical_job_reward: 73.2567
- placement_reward: 0.0000
- timeliness_reward: 314.4329
- machine_idle_penalty: -299.8125

CUMULATIVE TOTAL: -235.6921

CRITICAL STATE INFO:
- Valid actions: ['J1', 'J2', 'J8', 'J9', 'J10', 'J11', 'J12', 'J14', 'J15', 'J16', 'J17', 'J18', 'J19']
- Machine states:
  - Machine M1: Time=4442.00, Idle=127.00, Material=Citybike_Schaltauge_bearbeitet
  - Machine M2: Time=4361.00, Idle=208.00, Material=Citybike_Antrieb_installiert
  - Machine M3: Time=4569.00, Idle=0.00, Material=Citybike_Rahmen_lackiert
==================================================

2025-06-18 13:14:31,470 - JSPGymEnvironment - INFO - Retro-Bonus für Job J3: -5.0
2025-06-18 13:14:31,506 - JSPGymEnvironment - INFO - Material change on machine M2: Citybike_Antrieb_installiert -> Mountainbike_Laufraeder_montiert, setup time: 15
2025-06-18 13:14:31,506 - JSPGymEnvironment - INFO - Executed operation: Job J10, Op 4, Machine M2, Start: 4584, End: 4604, Setup: 15
2025-06-18 13:14:31,506 - JSPGymEnvironment - INFO - 
===== REWARD DETAILS FOR STEP 82 =====
Job: J10, Operation: 4, Job Completed: False
Current Time: 4569.00 -> 4604.00, Setup Time: 15.00
Processing Time: 20.00, Idle Time: 0.00
Completed Jobs: 7/20
Machine: M2, Material: Mountainbike_Laufraeder_montiert

REWARD COMPONENTS:
- makespan_reward: -0.1750
- setup_reward: -3.7500
- deadline_reward: 0.0000
- priority_reward: 0.0000
- critical_job_reward: 0.0000
- placement_reward: 0.0000
- timeliness_reward: -5.2246
- machine_idle_penalty: -2.4625

TOTAL REWARD: -11.6121

CUMULATIVE REWARD COMPONENTS:
- makespan_reward: -23.0200
- setup_reward: -528.7500
- deadline_reward: 36.2759
- priority_reward: 188.0000
- critical_job_reward: 73.2567
- placement_reward: 0.0000
- timeliness_reward: 309.2082
- machine_idle_penalty: -302.2750

CUMULATIVE TOTAL: -247.3042

CRITICAL STATE INFO:
- Valid actions: ['J1', 'J2', 'J8', 'J9', 'J10', 'J11', 'J12', 'J14', 'J15', 'J16', 'J17', 'J18', 'J19']
- Machine states:
  - Machine M1: Time=4442.00, Idle=162.00, Material=Citybike_Schaltauge_bearbeitet
  - Machine M2: Time=4604.00, Idle=0.00, Material=Mountainbike_Laufraeder_montiert
  - Machine M3: Time=4569.00, Idle=35.00, Material=Citybike_Rahmen_lackiert
==================================================

2025-06-18 13:14:31,542 - JSPGymEnvironment - INFO - Material change on machine M3: Citybike_Rahmen_lackiert -> E-Bike_Steuerrohr_ausgerieben, setup time: 20
2025-06-18 13:14:31,542 - JSPGymEnvironment - INFO - Executed operation: Job J18, Op 3, Machine M3, Start: 4624, End: 4651, Setup: 20
2025-06-18 13:14:31,542 - JSPGymEnvironment - INFO - 
===== REWARD DETAILS FOR STEP 83 =====
Job: J18, Operation: 3, Job Completed: False
Current Time: 4604.00 -> 4651.00, Setup Time: 20.00
Processing Time: 27.00, Idle Time: 0.00
Completed Jobs: 7/20
Machine: M3, Material: E-Bike_Steuerrohr_ausgerieben

REWARD COMPONENTS:
- makespan_reward: -0.2350
- setup_reward: -5.0000
- deadline_reward: 0.0000
- priority_reward: 0.0000
- critical_job_reward: 0.5000
- placement_reward: 0.0000
- timeliness_reward: -5.2594
- machine_idle_penalty: -3.2000

TOTAL REWARD: -13.1944

CUMULATIVE REWARD COMPONENTS:
- makespan_reward: -23.2550
- setup_reward: -533.7500
- deadline_reward: 36.2759
- priority_reward: 188.0000
- critical_job_reward: 73.7567
- placement_reward: 0.0000
- timeliness_reward: 303.9489
- machine_idle_penalty: -305.4750

CUMULATIVE TOTAL: -260.4986

CRITICAL STATE INFO:
- Valid actions: ['J1', 'J2', 'J8', 'J9', 'J10', 'J11', 'J12', 'J14', 'J15', 'J16', 'J17', 'J18', 'J19']
- Machine states:
  - Machine M1: Time=4442.00, Idle=209.00, Material=Citybike_Schaltauge_bearbeitet
  - Machine M2: Time=4604.00, Idle=47.00, Material=Mountainbike_Laufraeder_montiert
  - Machine M3: Time=4651.00, Idle=0.00, Material=E-Bike_Steuerrohr_ausgerieben
==================================================

2025-06-18 13:14:31,578 - JSPGymEnvironment - INFO - Material change on machine M1: Citybike_Schaltauge_bearbeitet -> Racebike_Tretlageraufnahme_geschweisst, setup time: 40
2025-06-18 13:14:31,578 - JSPGymEnvironment - INFO - Executed operation: Job J16, Op 1, Machine M1, Start: 4691, End: 4707, Setup: 40
2025-06-18 13:14:31,578 - JSPGymEnvironment - INFO - 
===== REWARD DETAILS FOR STEP 84 =====
Job: J16, Operation: 1, Job Completed: False
Current Time: 4651.00 -> 4707.00, Setup Time: 40.00
Processing Time: 16.00, Idle Time: 0.00
Completed Jobs: 7/20
Machine: M1, Material: Racebike_Tretlageraufnahme_geschweisst

REWARD COMPONENTS:
- makespan_reward: -0.2800
- setup_reward: -10.0000
- deadline_reward: 0.0000
- priority_reward: 0.0000
- critical_job_reward: 0.5000
- placement_reward: 0.0000
- timeliness_reward: -5.2967
- machine_idle_penalty: -1.9875

TOTAL REWARD: -17.0642

CUMULATIVE REWARD COMPONENTS:
- makespan_reward: -23.5350
- setup_reward: -543.7500
- deadline_reward: 36.2759
- priority_reward: 188.0000
- critical_job_reward: 74.2567
- placement_reward: 0.0000
- timeliness_reward: 298.6522
- machine_idle_penalty: -307.4625

CUMULATIVE TOTAL: -277.5627

CRITICAL STATE INFO:
- Valid actions: ['J1', 'J2', 'J8', 'J9', 'J10', 'J11', 'J12', 'J14', 'J15', 'J16', 'J17', 'J18', 'J19']
- Machine states:
  - Machine M1: Time=4707.00, Idle=0.00, Material=Racebike_Tretlageraufnahme_geschweisst
  - Machine M2: Time=4604.00, Idle=103.00, Material=Mountainbike_Laufraeder_montiert
  - Machine M3: Time=4651.00, Idle=56.00, Material=E-Bike_Steuerrohr_ausgerieben
==================================================

2025-06-18 13:14:31,613 - JSPGymEnvironment - INFO - Material change on machine M3: E-Bike_Steuerrohr_ausgerieben -> E-Bike_Rahmen_nachbearbeitet, setup time: 15
2025-06-18 13:14:31,614 - JSPGymEnvironment - INFO - Executed operation: Job J15, Op 2, Machine M3, Start: 4722, End: 4760, Setup: 15
2025-06-18 13:14:31,614 - JSPGymEnvironment - INFO - 
===== REWARD DETAILS FOR STEP 85 =====
Job: J15, Operation: 2, Job Completed: False
Current Time: 4707.00 -> 4760.00, Setup Time: 15.00
Processing Time: 38.00, Idle Time: 0.00
Completed Jobs: 7/20
Machine: M3, Material: E-Bike_Rahmen_nachbearbeitet

REWARD COMPONENTS:
- makespan_reward: -0.2650
- setup_reward: -3.7500
- deadline_reward: 0.0000
- priority_reward: 0.0000
- critical_job_reward: 0.5000
- placement_reward: 0.0000
- timeliness_reward: -5.3283
- machine_idle_penalty: -2.6125

TOTAL REWARD: -11.4558

CUMULATIVE REWARD COMPONENTS:
- makespan_reward: -23.8000
- setup_reward: -547.5000
- deadline_reward: 36.2759
- priority_reward: 188.0000
- critical_job_reward: 74.7567
- placement_reward: 0.0000
- timeliness_reward: 293.3240
- machine_idle_penalty: -310.0750

CUMULATIVE TOTAL: -289.0185

CRITICAL STATE INFO:
- Valid actions: ['J1', 'J2', 'J8', 'J9', 'J10', 'J11', 'J12', 'J14', 'J15', 'J16', 'J17', 'J18', 'J19']
- Machine states:
  - Machine M1: Time=4707.00, Idle=53.00, Material=Racebike_Tretlageraufnahme_geschweisst
  - Machine M2: Time=4604.00, Idle=156.00, Material=Mountainbike_Laufraeder_montiert
  - Machine M3: Time=4760.00, Idle=0.00, Material=E-Bike_Rahmen_nachbearbeitet
==================================================

2025-06-18 13:14:31,699 - JSPGymEnvironment - INFO - Material change on machine M3: E-Bike_Rahmen_nachbearbeitet -> Citybike_Hauptrahmen_zugeschnitten, setup time: 15
2025-06-18 13:14:31,699 - JSPGymEnvironment - INFO - Executed operation: Job J8, Op 4, Machine M3, Start: 4775, End: 4807, Setup: 15
2025-06-18 13:14:31,699 - JSPGymEnvironment - INFO - 
===== REWARD DETAILS FOR STEP 86 =====
Job: J8, Operation: 4, Job Completed: False
Current Time: 4760.00 -> 4807.00, Setup Time: 15.00
Processing Time: 32.00, Idle Time: 0.00
Completed Jobs: 7/20
Machine: M3, Material: Citybike_Hauptrahmen_zugeschnitten

REWARD COMPONENTS:
- makespan_reward: -0.2350
- setup_reward: -3.7500
- deadline_reward: 0.0000
- priority_reward: 0.0000
- critical_job_reward: 0.0000
- placement_reward: 0.0000
- timeliness_reward: -5.3535
- machine_idle_penalty: -3.7875

TOTAL REWARD: -13.1260

CUMULATIVE REWARD COMPONENTS:
- makespan_reward: -24.0350
- setup_reward: -551.2500
- deadline_reward: 36.2759
- priority_reward: 188.0000
- critical_job_reward: 74.7567
- placement_reward: 0.0000
- timeliness_reward: 287.9704
- machine_idle_penalty: -313.8625

CUMULATIVE TOTAL: -302.1445

CRITICAL STATE INFO:
- Valid actions: ['J1', 'J2', 'J8', 'J9', 'J10', 'J11', 'J12', 'J14', 'J15', 'J16', 'J17', 'J18', 'J19']
- Machine states:
  - Machine M1: Time=4707.00, Idle=100.00, Material=Racebike_Tretlageraufnahme_geschweisst
  - Machine M2: Time=4604.00, Idle=203.00, Material=Mountainbike_Laufraeder_montiert
  - Machine M3: Time=4807.00, Idle=0.00, Material=Citybike_Hauptrahmen_zugeschnitten
==================================================

2025-06-18 13:14:31,735 - JSPGymEnvironment - INFO - Material change on machine M1: Racebike_Tretlageraufnahme_geschweisst -> E-Bike_Steuerrohr_montiert, setup time: 47
2025-06-18 13:14:31,735 - JSPGymEnvironment - INFO - Executed operation: Job J14, Op 5, Machine M1, Start: 4854, End: 4892, Setup: 47
2025-06-18 13:14:31,735 - JSPGymEnvironment - INFO - Job J14 completed at time 4892, deadline: 2880, met: False, priority: 8
2025-06-18 13:14:31,736 - JSPGymEnvironment - INFO - 
===== REWARD DETAILS FOR STEP 87 =====
Job: J14, Operation: 5, Job Completed: True
Current Time: 4807.00 -> 4892.00, Setup Time: 47.00
Processing Time: 38.00, Idle Time: 0.00
Completed Jobs: 8/20
Machine: M1, Material: E-Bike_Steuerrohr_montiert
Job Deadline: 2880.00 (Missed), Priority: 8

REWARD COMPONENTS:
- makespan_reward: -0.4250
- setup_reward: -11.7500
- deadline_reward: -1.7465
- priority_reward: 32.0000
- critical_job_reward: 4.1167
- placement_reward: 0.0000
- timeliness_reward: -5.3962
- machine_idle_penalty: -4.6625

TOTAL REWARD: 12.1365

CUMULATIVE REWARD COMPONENTS:
- makespan_reward: -24.4600
- setup_reward: -563.0000
- deadline_reward: 34.5294
- priority_reward: 220.0000
- critical_job_reward: 78.8733
- placement_reward: 0.0000
- timeliness_reward: 282.5742
- machine_idle_penalty: -318.5250

CUMULATIVE TOTAL: -290.0081

CRITICAL STATE INFO:
- Valid actions: ['J1', 'J2', 'J8', 'J9', 'J10', 'J11', 'J12', 'J15', 'J16', 'J17', 'J18', 'J19']
- Machine states:
  - Machine M1: Time=4892.00, Idle=0.00, Material=E-Bike_Steuerrohr_montiert
  - Machine M2: Time=4604.00, Idle=288.00, Material=Mountainbike_Laufraeder_montiert
  - Machine M3: Time=4807.00, Idle=85.00, Material=Citybike_Hauptrahmen_zugeschnitten
==================================================

2025-06-18 13:14:31,736 - JSPGymEnvironment - INFO - Retro-Bonus für Job J14: -5.0
2025-06-18 13:14:31,772 - JSPGymEnvironment - INFO - Material change on machine M2: Mountainbike_Laufraeder_montiert -> Citybike_Hinterbau_vorbereitet, setup time: 15
2025-06-18 13:14:31,772 - JSPGymEnvironment - INFO - Executed operation: Job J8, Op 5, Machine M2, Start: 4907, End: 4933, Setup: 15
2025-06-18 13:14:31,772 - JSPGymEnvironment - INFO - 
===== REWARD DETAILS FOR STEP 88 =====
Job: J8, Operation: 5, Job Completed: False
Current Time: 4892.00 -> 4933.00, Setup Time: 15.00
Processing Time: 26.00, Idle Time: 0.00
Completed Jobs: 8/20
Machine: M2, Material: Citybike_Hinterbau_vorbereitet

REWARD COMPONENTS:
- makespan_reward: -0.2050
- setup_reward: -3.7500
- deadline_reward: 0.0000
- priority_reward: 0.0000
- critical_job_reward: 0.0000
- placement_reward: 0.0000
- timeliness_reward: -5.4129
- machine_idle_penalty: -2.0875

TOTAL REWARD: -11.4554

CUMULATIVE REWARD COMPONENTS:
- makespan_reward: -24.6650
- setup_reward: -566.7500
- deadline_reward: 34.5294
- priority_reward: 220.0000
- critical_job_reward: 78.8733
- placement_reward: 0.0000
- timeliness_reward: 277.1613
- machine_idle_penalty: -320.6125

CUMULATIVE TOTAL: -301.4635

CRITICAL STATE INFO:
- Valid actions: ['J1', 'J2', 'J8', 'J9', 'J10', 'J11', 'J12', 'J15', 'J16', 'J17', 'J18', 'J19']
- Machine states:
  - Machine M1: Time=4892.00, Idle=41.00, Material=E-Bike_Steuerrohr_montiert
  - Machine M2: Time=4933.00, Idle=0.00, Material=Citybike_Hinterbau_vorbereitet
  - Machine M3: Time=4807.00, Idle=126.00, Material=Citybike_Hauptrahmen_zugeschnitten
==================================================

2025-06-18 13:14:31,809 - JSPGymEnvironment - INFO - Material change on machine M3: Citybike_Hauptrahmen_zugeschnitten -> Mountainbike_Rahmen_lackiert, setup time: 10
2025-06-18 13:14:31,809 - JSPGymEnvironment - INFO - Executed operation: Job J10, Op 5, Machine M3, Start: 4943, End: 4988, Setup: 10
2025-06-18 13:14:31,809 - JSPGymEnvironment - INFO - Job J10 completed at time 4988, deadline: 2874, met: False, priority: 7
2025-06-18 13:14:31,809 - JSPGymEnvironment - INFO - 
===== REWARD DETAILS FOR STEP 89 =====
Job: J10, Operation: 5, Job Completed: True
Current Time: 4933.00 -> 4988.00, Setup Time: 10.00
Processing Time: 45.00, Idle Time: 0.00
Completed Jobs: 9/20
Machine: M3, Material: Mountainbike_Rahmen_lackiert
Job Deadline: 2874.00 (Missed), Priority: 7

REWARD COMPONENTS:
- makespan_reward: -0.2750
- setup_reward: -2.5000
- deadline_reward: -1.8389
- priority_reward: 28.0000
- critical_job_reward: 0.0000
- placement_reward: 0.0000
- timeliness_reward: -5.4349
- machine_idle_penalty: -1.8875

TOTAL REWARD: 16.0637

CUMULATIVE REWARD COMPONENTS:
- makespan_reward: -24.9400
- setup_reward: -569.2500
- deadline_reward: 32.6905
- priority_reward: 248.0000
- critical_job_reward: 78.8733
- placement_reward: 0.0000
- timeliness_reward: 271.7264
- machine_idle_penalty: -322.5000

CUMULATIVE TOTAL: -285.3998

CRITICAL STATE INFO:
- Valid actions: ['J1', 'J2', 'J8', 'J9', 'J11', 'J12', 'J15', 'J16', 'J17', 'J18', 'J19']
- Machine states:
  - Machine M1: Time=4892.00, Idle=96.00, Material=E-Bike_Steuerrohr_montiert
  - Machine M2: Time=4933.00, Idle=55.00, Material=Citybike_Hinterbau_vorbereitet
  - Machine M3: Time=4988.00, Idle=0.00, Material=Mountainbike_Rahmen_lackiert
==================================================

2025-06-18 13:14:31,809 - JSPGymEnvironment - INFO - Retro-Bonus für Job J10: -10.0
2025-06-18 13:14:31,846 - JSPGymEnvironment - INFO - Material change on machine M3: Mountainbike_Rahmen_lackiert -> E-Bike_Laufraeder_montiert, setup time: 17
2025-06-18 13:14:31,846 - JSPGymEnvironment - INFO - Executed operation: Job J12, Op 1, Machine M3, Start: 5005, End: 5056, Setup: 17
2025-06-18 13:14:31,846 - JSPGymEnvironment - INFO - 
===== REWARD DETAILS FOR STEP 90 =====
Job: J12, Operation: 1, Job Completed: False
Current Time: 4988.00 -> 5056.00, Setup Time: 17.00
Processing Time: 51.00, Idle Time: 0.00
Completed Jobs: 9/20
Machine: M3, Material: E-Bike_Laufraeder_montiert

REWARD COMPONENTS:
- makespan_reward: -0.3400
- setup_reward: -4.2500
- deadline_reward: 0.0000
- priority_reward: 0.0000
- critical_job_reward: 0.5000
- placement_reward: 0.0000
- timeliness_reward: -5.4569
- machine_idle_penalty: -3.5875

TOTAL REWARD: -13.1344

CUMULATIVE REWARD COMPONENTS:
- makespan_reward: -25.2800
- setup_reward: -573.5000
- deadline_reward: 32.6905
- priority_reward: 248.0000
- critical_job_reward: 79.3733
- placement_reward: 0.0000
- timeliness_reward: 266.2695
- machine_idle_penalty: -326.0875

CUMULATIVE TOTAL: -298.5342

CRITICAL STATE INFO:
- Valid actions: ['J1', 'J2', 'J8', 'J9', 'J11', 'J12', 'J15', 'J16', 'J17', 'J18', 'J19']
- Machine states:
  - Machine M1: Time=4892.00, Idle=164.00, Material=E-Bike_Steuerrohr_montiert
  - Machine M2: Time=4933.00, Idle=123.00, Material=Citybike_Hinterbau_vorbereitet
  - Machine M3: Time=5056.00, Idle=0.00, Material=E-Bike_Laufraeder_montiert
==================================================

2025-06-18 13:14:31,882 - JSPGymEnvironment - INFO - Material change on machine M1: E-Bike_Steuerrohr_montiert -> E-Bike_Schaltauge_bearbeitet, setup time: 40
2025-06-18 13:14:31,882 - JSPGymEnvironment - INFO - Executed operation: Job J18, Op 4, Machine M1, Start: 5096, End: 5137, Setup: 40
2025-06-18 13:14:31,882 - JSPGymEnvironment - INFO - 
===== REWARD DETAILS FOR STEP 91 =====
Job: J18, Operation: 4, Job Completed: False
Current Time: 5056.00 -> 5137.00, Setup Time: 40.00
Processing Time: 41.00, Idle Time: 0.00
Completed Jobs: 9/20
Machine: M1, Material: E-Bike_Schaltauge_bearbeitet

REWARD COMPONENTS:
- makespan_reward: -0.4050
- setup_reward: -10.0000
- deadline_reward: 0.0000
- priority_reward: 0.0000
- critical_job_reward: 0.5000
- placement_reward: 0.0000
- timeliness_reward: -5.4793
- machine_idle_penalty: -3.5625

TOTAL REWARD: -18.9468

CUMULATIVE REWARD COMPONENTS:
- makespan_reward: -25.6850
- setup_reward: -583.5000
- deadline_reward: 32.6905
- priority_reward: 248.0000
- critical_job_reward: 79.8733
- placement_reward: 0.0000
- timeliness_reward: 260.7902
- machine_idle_penalty: -329.6500

CUMULATIVE TOTAL: -317.4810

CRITICAL STATE INFO:
- Valid actions: ['J1', 'J2', 'J8', 'J9', 'J11', 'J12', 'J15', 'J16', 'J17', 'J18', 'J19']
- Machine states:
  - Machine M1: Time=5137.00, Idle=0.00, Material=E-Bike_Schaltauge_bearbeitet
  - Machine M2: Time=4933.00, Idle=204.00, Material=Citybike_Hinterbau_vorbereitet
  - Machine M3: Time=5056.00, Idle=81.00, Material=E-Bike_Laufraeder_montiert
==================================================

2025-06-18 13:14:31,917 - JSPGymEnvironment - INFO - Material change on machine M3: E-Bike_Laufraeder_montiert -> E-Bike_Rahmen_nachbearbeitet, setup time: 15
2025-06-18 13:14:31,917 - JSPGymEnvironment - INFO - Executed operation: Job J18, Op 5, Machine M3, Start: 5152, End: 5196, Setup: 15
2025-06-18 13:14:31,917 - JSPGymEnvironment - INFO - Job J18 completed at time 5196, deadline: 2762, met: False, priority: 10
2025-06-18 13:14:31,917 - JSPGymEnvironment - INFO - 
===== REWARD DETAILS FOR STEP 92 =====
Job: J18, Operation: 5, Job Completed: True
Current Time: 5137.00 -> 5196.00, Setup Time: 15.00
Processing Time: 44.00, Idle Time: 0.00
Completed Jobs: 10/20
Machine: M3, Material: E-Bike_Rahmen_nachbearbeitet
Job Deadline: 2762.00 (Missed), Priority: 10

REWARD COMPONENTS:
- makespan_reward: -0.2950
- setup_reward: -3.7500
- deadline_reward: -2.2031
- priority_reward: 40.0000
- critical_job_reward: 1.9251
- placement_reward: 0.0000
- timeliness_reward: -5.4882
- machine_idle_penalty: -4.0250

TOTAL REWARD: 26.1637

CUMULATIVE REWARD COMPONENTS:
- makespan_reward: -25.9800
- setup_reward: -587.2500
- deadline_reward: 30.4874
- priority_reward: 288.0000
- critical_job_reward: 81.7984
- placement_reward: 0.0000
- timeliness_reward: 255.3020
- machine_idle_penalty: -333.6750

CUMULATIVE TOTAL: -291.3173

CRITICAL STATE INFO:
- Valid actions: ['J1', 'J2', 'J8', 'J9', 'J11', 'J12', 'J15', 'J16', 'J17', 'J19']
- Machine states:
  - Machine M1: Time=5137.00, Idle=59.00, Material=E-Bike_Schaltauge_bearbeitet
  - Machine M2: Time=4933.00, Idle=263.00, Material=Citybike_Hinterbau_vorbereitet
  - Machine M3: Time=5196.00, Idle=0.00, Material=E-Bike_Rahmen_nachbearbeitet
==================================================

2025-06-18 13:14:31,918 - JSPGymEnvironment - INFO - Retro-Bonus für Job J18: -5.0
2025-06-18 13:14:31,953 - JSPGymEnvironment - INFO - Material change on machine M1: E-Bike_Schaltauge_bearbeitet -> E-Bike_Tretlageraufnahme_geschweisst, setup time: 40
2025-06-18 13:14:31,953 - JSPGymEnvironment - INFO - Executed operation: Job J15, Op 3, Machine M1, Start: 5236, End: 5277, Setup: 40
2025-06-18 13:14:31,953 - JSPGymEnvironment - INFO - 
===== REWARD DETAILS FOR STEP 93 =====
Job: J15, Operation: 3, Job Completed: False
Current Time: 5196.00 -> 5277.00, Setup Time: 40.00
Processing Time: 41.00, Idle Time: 0.00
Completed Jobs: 10/20
Machine: M1, Material: E-Bike_Tretlageraufnahme_geschweisst

REWARD COMPONENTS:
- makespan_reward: -0.4050
- setup_reward: -10.0000
- deadline_reward: 0.0000
- priority_reward: 0.0000
- critical_job_reward: 0.5000
- placement_reward: 0.0000
- timeliness_reward: -5.5056
- machine_idle_penalty: -5.3125

TOTAL REWARD: -20.7231

CUMULATIVE REWARD COMPONENTS:
- makespan_reward: -26.3850
- setup_reward: -597.2500
- deadline_reward: 30.4874
- priority_reward: 288.0000
- critical_job_reward: 82.2984
- placement_reward: 0.0000
- timeliness_reward: 249.7964
- machine_idle_penalty: -338.9875

CUMULATIVE TOTAL: -312.0404

CRITICAL STATE INFO:
- Valid actions: ['J1', 'J2', 'J8', 'J9', 'J11', 'J12', 'J15', 'J16', 'J17', 'J19']
- Machine states:
  - Machine M1: Time=5277.00, Idle=0.00, Material=E-Bike_Tretlageraufnahme_geschweisst
  - Machine M2: Time=4933.00, Idle=344.00, Material=Citybike_Hinterbau_vorbereitet
  - Machine M3: Time=5196.00, Idle=81.00, Material=E-Bike_Rahmen_nachbearbeitet
==================================================

2025-06-18 13:14:32,039 - JSPGymEnvironment - INFO - Material change on machine M3: E-Bike_Rahmen_nachbearbeitet -> E-Bike_Laufraeder_montiert, setup time: 15
2025-06-18 13:14:32,039 - JSPGymEnvironment - INFO - Executed operation: Job J19, Op 2, Machine M3, Start: 5292, End: 5322, Setup: 15
2025-06-18 13:14:32,039 - JSPGymEnvironment - INFO - 
===== REWARD DETAILS FOR STEP 94 =====
Job: J19, Operation: 2, Job Completed: False
Current Time: 5277.00 -> 5322.00, Setup Time: 15.00
Processing Time: 30.00, Idle Time: 0.00
Completed Jobs: 10/20
Machine: M3, Material: E-Bike_Laufraeder_montiert

REWARD COMPONENTS:
- makespan_reward: -0.2250
- setup_reward: -3.7500
- deadline_reward: 0.0000
- priority_reward: 0.0000
- critical_job_reward: 0.0000
- placement_reward: 0.0000
- timeliness_reward: -5.5141
- machine_idle_penalty: -5.4250

TOTAL REWARD: -14.9141

CUMULATIVE REWARD COMPONENTS:
- makespan_reward: -26.6100
- setup_reward: -601.0000
- deadline_reward: 30.4874
- priority_reward: 288.0000
- critical_job_reward: 82.2984
- placement_reward: 0.0000
- timeliness_reward: 244.2822
- machine_idle_penalty: -344.4125

CUMULATIVE TOTAL: -326.9545

CRITICAL STATE INFO:
- Valid actions: ['J1', 'J2', 'J8', 'J9', 'J11', 'J12', 'J15', 'J16', 'J17', 'J19']
- Machine states:
  - Machine M1: Time=5277.00, Idle=45.00, Material=E-Bike_Tretlageraufnahme_geschweisst
  - Machine M2: Time=4933.00, Idle=389.00, Material=Citybike_Hinterbau_vorbereitet
  - Machine M3: Time=5322.00, Idle=0.00, Material=E-Bike_Laufraeder_montiert
==================================================

2025-06-18 13:14:32,074 - JSPGymEnvironment - INFO - Material change on machine M2: Citybike_Hinterbau_vorbereitet -> E-Bike_Hinterbau_vorbereitet, setup time: 22
2025-06-18 13:14:32,075 - JSPGymEnvironment - INFO - Executed operation: Job J15, Op 4, Machine M2, Start: 5344, End: 5355, Setup: 22
2025-06-18 13:14:32,075 - JSPGymEnvironment - INFO - 
===== REWARD DETAILS FOR STEP 95 =====
Job: J15, Operation: 4, Job Completed: False
Current Time: 5322.00 -> 5355.00, Setup Time: 22.00
Processing Time: 11.00, Idle Time: 0.00
Completed Jobs: 10/20
Machine: M2, Material: E-Bike_Hinterbau_vorbereitet

REWARD COMPONENTS:
- makespan_reward: -0.1650
- setup_reward: -5.5000
- deadline_reward: 0.0000
- priority_reward: 0.0000
- critical_job_reward: 0.5000
- placement_reward: 0.0000
- timeliness_reward: -5.5199
- machine_idle_penalty: -1.3875

TOTAL REWARD: -12.0724

CUMULATIVE REWARD COMPONENTS:
- makespan_reward: -26.7750
- setup_reward: -606.5000
- deadline_reward: 30.4874
- priority_reward: 288.0000
- critical_job_reward: 82.7984
- placement_reward: 0.0000
- timeliness_reward: 238.7623
- machine_idle_penalty: -345.8000

CUMULATIVE TOTAL: -339.0269

CRITICAL STATE INFO:
- Valid actions: ['J1', 'J2', 'J8', 'J9', 'J11', 'J12', 'J15', 'J16', 'J17', 'J19']
- Machine states:
  - Machine M1: Time=5277.00, Idle=78.00, Material=E-Bike_Tretlageraufnahme_geschweisst
  - Machine M2: Time=5355.00, Idle=0.00, Material=E-Bike_Hinterbau_vorbereitet
  - Machine M3: Time=5322.00, Idle=33.00, Material=E-Bike_Laufraeder_montiert
==================================================

2025-06-18 13:14:32,110 - JSPGymEnvironment - INFO - Material change on machine M1: E-Bike_Tretlageraufnahme_geschweisst -> Citybike_Rahmen_nachbearbeitet, setup time: 47
2025-06-18 13:14:32,110 - JSPGymEnvironment - INFO - Executed operation: Job J8, Op 6, Machine M1, Start: 5402, End: 5433, Setup: 47
2025-06-18 13:14:32,111 - JSPGymEnvironment - INFO - 
===== REWARD DETAILS FOR STEP 96 =====
Job: J8, Operation: 6, Job Completed: False
Current Time: 5355.00 -> 5433.00, Setup Time: 47.00
Processing Time: 31.00, Idle Time: 0.00
Completed Jobs: 10/20
Machine: M1, Material: Citybike_Rahmen_nachbearbeitet

REWARD COMPONENTS:
- makespan_reward: -0.3900
- setup_reward: -11.7500
- deadline_reward: 0.0000
- priority_reward: 0.0000
- critical_job_reward: 0.0000
- placement_reward: 0.0000
- timeliness_reward: -5.5320
- machine_idle_penalty: -2.3625

TOTAL REWARD: -20.0345

CUMULATIVE REWARD COMPONENTS:
- makespan_reward: -27.1650
- setup_reward: -618.2500
- deadline_reward: 30.4874
- priority_reward: 288.0000
- critical_job_reward: 82.7984
- placement_reward: 0.0000
- timeliness_reward: 233.2304
- machine_idle_penalty: -348.1625

CUMULATIVE TOTAL: -359.0614

CRITICAL STATE INFO:
- Valid actions: ['J1', 'J2', 'J8', 'J9', 'J11', 'J12', 'J15', 'J16', 'J17', 'J19']
- Machine states:
  - Machine M1: Time=5433.00, Idle=0.00, Material=Citybike_Rahmen_nachbearbeitet
  - Machine M2: Time=5355.00, Idle=78.00, Material=E-Bike_Hinterbau_vorbereitet
  - Machine M3: Time=5322.00, Idle=111.00, Material=E-Bike_Laufraeder_montiert
==================================================

2025-06-18 13:14:32,146 - JSPGymEnvironment - INFO - Material change on machine M2: E-Bike_Hinterbau_vorbereitet -> Mountainbike_Steuerrohr_montiert, setup time: 26
2025-06-18 13:14:32,146 - JSPGymEnvironment - INFO - Executed operation: Job J17, Op 1, Machine M2, Start: 5459, End: 5485, Setup: 26
2025-06-18 13:14:32,146 - JSPGymEnvironment - INFO - 
===== REWARD DETAILS FOR STEP 97 =====
Job: J17, Operation: 1, Job Completed: False
Current Time: 5433.00 -> 5485.00, Setup Time: 26.00
Processing Time: 26.00, Idle Time: 0.00
Completed Jobs: 10/20
Machine: M2, Material: Mountainbike_Steuerrohr_montiert

REWARD COMPONENTS:
- makespan_reward: -0.2600
- setup_reward: -6.5000
- deadline_reward: 0.0000
- priority_reward: 0.0000
- critical_job_reward: 0.0000
- placement_reward: 0.0000
- timeliness_reward: -5.5390
- machine_idle_penalty: -2.6875

TOTAL REWARD: -14.9865

CUMULATIVE REWARD COMPONENTS:
- makespan_reward: -27.4250
- setup_reward: -624.7500
- deadline_reward: 30.4874
- priority_reward: 288.0000
- critical_job_reward: 82.7984
- placement_reward: 0.0000
- timeliness_reward: 227.6913
- machine_idle_penalty: -350.8500

CUMULATIVE TOTAL: -374.0479

CRITICAL STATE INFO:
- Valid actions: ['J1', 'J2', 'J8', 'J9', 'J11', 'J12', 'J15', 'J16', 'J17', 'J19']
- Machine states:
  - Machine M1: Time=5433.00, Idle=52.00, Material=Citybike_Rahmen_nachbearbeitet
  - Machine M2: Time=5485.00, Idle=0.00, Material=Mountainbike_Steuerrohr_montiert
  - Machine M3: Time=5322.00, Idle=163.00, Material=E-Bike_Laufraeder_montiert
==================================================

2025-06-18 13:14:32,183 - JSPGymEnvironment - INFO - Material change on machine M3: E-Bike_Laufraeder_montiert -> Racebike_Bremsaufnahme_gebohrt, setup time: 19
2025-06-18 13:14:32,183 - JSPGymEnvironment - INFO - Executed operation: Job J9, Op 4, Machine M3, Start: 5504, End: 5552, Setup: 19
2025-06-18 13:14:32,184 - JSPGymEnvironment - INFO - 
===== REWARD DETAILS FOR STEP 98 =====
Job: J9, Operation: 4, Job Completed: False
Current Time: 5485.00 -> 5552.00, Setup Time: 19.00
Processing Time: 48.00, Idle Time: 0.00
Completed Jobs: 10/20
Machine: M3, Material: Racebike_Bremsaufnahme_gebohrt

REWARD COMPONENTS:
- makespan_reward: -0.3350
- setup_reward: -4.7500
- deadline_reward: 0.0000
- priority_reward: 0.0000
- critical_job_reward: 0.0000
- placement_reward: 0.0000
- timeliness_reward: -5.5470
- machine_idle_penalty: -2.3250

TOTAL REWARD: -12.9570

CUMULATIVE REWARD COMPONENTS:
- makespan_reward: -27.7600
- setup_reward: -629.5000
- deadline_reward: 30.4874
- priority_reward: 288.0000
- critical_job_reward: 82.7984
- placement_reward: 0.0000
- timeliness_reward: 222.1443
- machine_idle_penalty: -353.1750

CUMULATIVE TOTAL: -387.0049

CRITICAL STATE INFO:
- Valid actions: ['J1', 'J2', 'J8', 'J9', 'J11', 'J12', 'J15', 'J16', 'J17', 'J19']
- Machine states:
  - Machine M1: Time=5433.00, Idle=119.00, Material=Citybike_Rahmen_nachbearbeitet
  - Machine M2: Time=5485.00, Idle=67.00, Material=Mountainbike_Steuerrohr_montiert
  - Machine M3: Time=5552.00, Idle=0.00, Material=Racebike_Bremsaufnahme_gebohrt
==================================================

2025-06-18 13:14:32,219 - JSPGymEnvironment - INFO - Material change on machine M3: Racebike_Bremsaufnahme_gebohrt -> Mountainbike_Laufraeder_montiert, setup time: 14
2025-06-18 13:14:32,219 - JSPGymEnvironment - INFO - Executed operation: Job J2, Op 0, Machine M3, Start: 5566, End: 5623, Setup: 14
2025-06-18 13:14:32,219 - JSPGymEnvironment - INFO - 
===== REWARD DETAILS FOR STEP 99 =====
Job: J2, Operation: 0, Job Completed: False
Current Time: 5552.00 -> 5623.00, Setup Time: 14.00
Processing Time: 57.00, Idle Time: 0.00
Completed Jobs: 10/20
Machine: M3, Material: Mountainbike_Laufraeder_montiert

REWARD COMPONENTS:
- makespan_reward: -0.3550
- setup_reward: -3.5000
- deadline_reward: 0.0000
- priority_reward: 0.0000
- critical_job_reward: 0.5000
- placement_reward: 0.0000
- timeliness_reward: -5.5544
- machine_idle_penalty: -4.1000

TOTAL REWARD: -13.0094

CUMULATIVE REWARD COMPONENTS:
- makespan_reward: -28.1150
- setup_reward: -633.0000
- deadline_reward: 30.4874
- priority_reward: 288.0000
- critical_job_reward: 83.2984
- placement_reward: 0.0000
- timeliness_reward: 216.5899
- machine_idle_penalty: -357.2750

CUMULATIVE TOTAL: -400.0143

CRITICAL STATE INFO:
- Valid actions: ['J1', 'J2', 'J8', 'J9', 'J11', 'J12', 'J15', 'J16', 'J17', 'J19']
- Machine states:
  - Machine M1: Time=5433.00, Idle=190.00, Material=Citybike_Rahmen_nachbearbeitet
  - Machine M2: Time=5485.00, Idle=138.00, Material=Mountainbike_Steuerrohr_montiert
  - Machine M3: Time=5623.00, Idle=0.00, Material=Mountainbike_Laufraeder_montiert
==================================================

2025-06-18 13:14:32,254 - JSPGymEnvironment - INFO - Material change on machine M1: Citybike_Rahmen_nachbearbeitet -> Mountainbike_Tretlager_gefraest, setup time: 30
2025-06-18 13:14:32,254 - JSPGymEnvironment - INFO - Executed operation: Job J17, Op 2, Machine M1, Start: 5653, End: 5694, Setup: 30
2025-06-18 13:14:32,254 - JSPGymEnvironment - INFO - 
===== REWARD DETAILS FOR STEP 100 =====
Job: J17, Operation: 2, Job Completed: False
Current Time: 5623.00 -> 5694.00, Setup Time: 30.00
Processing Time: 41.00, Idle Time: 0.00
Completed Jobs: 10/20
Machine: M1, Material: Mountainbike_Tretlager_gefraest

REWARD COMPONENTS:
- makespan_reward: -0.3550
- setup_reward: -7.5000
- deadline_reward: 0.0000
- priority_reward: 0.0000
- critical_job_reward: 0.0000
- placement_reward: 0.0000
- timeliness_reward: -5.5607
- machine_idle_penalty: -3.5000

TOTAL REWARD: -16.9157

CUMULATIVE REWARD COMPONENTS:
- makespan_reward: -28.4700
- setup_reward: -640.5000
- deadline_reward: 30.4874
- priority_reward: 288.0000
- critical_job_reward: 83.2984
- placement_reward: 0.0000
- timeliness_reward: 211.0292
- machine_idle_penalty: -360.7750

CUMULATIVE TOTAL: -416.9300

CRITICAL STATE INFO:
- Valid actions: ['J1', 'J2', 'J8', 'J9', 'J11', 'J12', 'J15', 'J16', 'J17', 'J19']
- Machine states:
  - Machine M1: Time=5694.00, Idle=0.00, Material=Mountainbike_Tretlager_gefraest
  - Machine M2: Time=5485.00, Idle=209.00, Material=Mountainbike_Steuerrohr_montiert
  - Machine M3: Time=5623.00, Idle=71.00, Material=Mountainbike_Laufraeder_montiert
==================================================

2025-06-18 13:14:32,290 - JSPGymEnvironment - INFO - Material change on machine M1: Mountainbike_Tretlager_gefraest -> Mountainbike_Rahmen_nachbearbeitet, setup time: 40
2025-06-18 13:14:32,291 - JSPGymEnvironment - INFO - Executed operation: Job J17, Op 3, Machine M1, Start: 5734, End: 5765, Setup: 40
2025-06-18 13:14:32,291 - JSPGymEnvironment - INFO - 
===== REWARD DETAILS FOR STEP 101 =====
Job: J17, Operation: 3, Job Completed: False
Current Time: 5694.00 -> 5765.00, Setup Time: 40.00
Processing Time: 31.00, Idle Time: 0.00
Completed Jobs: 10/20
Machine: M1, Material: Mountainbike_Rahmen_nachbearbeitet

REWARD COMPONENTS:
- makespan_reward: -0.3550
- setup_reward: -10.0000
- deadline_reward: 0.0000
- priority_reward: 0.0000
- critical_job_reward: 0.0000
- placement_reward: 0.0000
- timeliness_reward: -5.5662
- machine_idle_penalty: -5.2750

TOTAL REWARD: -21.1962

CUMULATIVE REWARD COMPONENTS:
- makespan_reward: -28.8250
- setup_reward: -650.5000
- deadline_reward: 30.4874
- priority_reward: 288.0000
- critical_job_reward: 83.2984
- placement_reward: 0.0000
- timeliness_reward: 205.4631
- machine_idle_penalty: -366.0500

CUMULATIVE TOTAL: -438.1262

CRITICAL STATE INFO:
- Valid actions: ['J1', 'J2', 'J8', 'J9', 'J11', 'J12', 'J15', 'J16', 'J17', 'J19']
- Machine states:
  - Machine M1: Time=5765.00, Idle=0.00, Material=Mountainbike_Rahmen_nachbearbeitet
  - Machine M2: Time=5485.00, Idle=280.00, Material=Mountainbike_Steuerrohr_montiert
  - Machine M3: Time=5623.00, Idle=142.00, Material=Mountainbike_Laufraeder_montiert
==================================================

2025-06-18 13:14:32,378 - JSPGymEnvironment - INFO - Material change on machine M1: Mountainbike_Rahmen_nachbearbeitet -> Mountainbike_Schaltauge_bearbeitet, setup time: 40
2025-06-18 13:14:32,379 - JSPGymEnvironment - INFO - Executed operation: Job J11, Op 3, Machine M1, Start: 5805, End: 5834, Setup: 40
2025-06-18 13:14:32,379 - JSPGymEnvironment - INFO - 
===== REWARD DETAILS FOR STEP 102 =====
Job: J11, Operation: 3, Job Completed: False
Current Time: 5765.00 -> 5834.00, Setup Time: 40.00
Processing Time: 29.00, Idle Time: 0.00
Completed Jobs: 10/20
Machine: M1, Material: Mountainbike_Schaltauge_bearbeitet

REWARD COMPONENTS:
- makespan_reward: -0.3450
- setup_reward: -10.0000
- deadline_reward: 0.0000
- priority_reward: 0.0000
- critical_job_reward: 0.0000
- placement_reward: 0.0000
- timeliness_reward: -5.5707
- machine_idle_penalty: -7.0000

TOTAL REWARD: -22.9157

CUMULATIVE REWARD COMPONENTS:
- makespan_reward: -29.1700
- setup_reward: -660.5000
- deadline_reward: 30.4874
- priority_reward: 288.0000
- critical_job_reward: 83.2984
- placement_reward: 0.0000
- timeliness_reward: 199.8924
- machine_idle_penalty: -373.0500

CUMULATIVE TOTAL: -461.0419

CRITICAL STATE INFO:
- Valid actions: ['J1', 'J2', 'J8', 'J9', 'J11', 'J12', 'J15', 'J16', 'J17', 'J19']
- Machine states:
  - Machine M1: Time=5834.00, Idle=0.00, Material=Mountainbike_Schaltauge_bearbeitet
  - Machine M2: Time=5485.00, Idle=349.00, Material=Mountainbike_Steuerrohr_montiert
  - Machine M3: Time=5623.00, Idle=211.00, Material=Mountainbike_Laufraeder_montiert
==================================================

2025-06-18 13:14:32,416 - JSPGymEnvironment - INFO - Material change on machine M2: Mountainbike_Steuerrohr_montiert -> Mountainbike_Hauptrahmen_zugeschnitten, setup time: 20
2025-06-18 13:14:32,416 - JSPGymEnvironment - INFO - Executed operation: Job J2, Op 1, Machine M2, Start: 5854, End: 5869, Setup: 20
2025-06-18 13:14:32,417 - JSPGymEnvironment - INFO - 
===== REWARD DETAILS FOR STEP 103 =====
Job: J2, Operation: 1, Job Completed: False
Current Time: 5834.00 -> 5869.00, Setup Time: 20.00
Processing Time: 15.00, Idle Time: 0.00
Completed Jobs: 10/20
Machine: M2, Material: Mountainbike_Hauptrahmen_zugeschnitten

REWARD COMPONENTS:
- makespan_reward: -0.1750
- setup_reward: -5.0000
- deadline_reward: 0.0000
- priority_reward: 0.0000
- critical_job_reward: 0.5000
- placement_reward: 0.0000
- timeliness_reward: -5.5728
- machine_idle_penalty: -3.5125

TOTAL REWARD: -13.7603

CUMULATIVE REWARD COMPONENTS:
- makespan_reward: -29.3450
- setup_reward: -665.5000
- deadline_reward: 30.4874
- priority_reward: 288.0000
- critical_job_reward: 83.7984
- placement_reward: 0.0000
- timeliness_reward: 194.3196
- machine_idle_penalty: -376.5625

CUMULATIVE TOTAL: -474.8022

CRITICAL STATE INFO:
- Valid actions: ['J1', 'J2', 'J8', 'J9', 'J11', 'J12', 'J15', 'J16', 'J17', 'J19']
- Machine states:
  - Machine M1: Time=5834.00, Idle=35.00, Material=Mountainbike_Schaltauge_bearbeitet
  - Machine M2: Time=5869.00, Idle=0.00, Material=Mountainbike_Hauptrahmen_zugeschnitten
  - Machine M3: Time=5623.00, Idle=246.00, Material=Mountainbike_Laufraeder_montiert
==================================================

2025-06-18 13:14:32,452 - JSPGymEnvironment - INFO - Material change on machine M2: Mountainbike_Hauptrahmen_zugeschnitten -> E-Bike_Rahmen_lackiert, setup time: 29
2025-06-18 13:14:32,452 - JSPGymEnvironment - INFO - Executed operation: Job J15, Op 5, Machine M2, Start: 5898, End: 5920, Setup: 29
2025-06-18 13:14:32,452 - JSPGymEnvironment - INFO - Job J15 completed at time 5920, deadline: 2880, met: False, priority: 10
2025-06-18 13:14:32,452 - JSPGymEnvironment - INFO - 
===== REWARD DETAILS FOR STEP 104 =====
Job: J15, Operation: 5, Job Completed: True
Current Time: 5869.00 -> 5920.00, Setup Time: 29.00
Processing Time: 22.00, Idle Time: 0.00
Completed Jobs: 11/20
Machine: M2, Material: E-Bike_Rahmen_lackiert
Job Deadline: 2880.00 (Missed), Priority: 10

REWARD COMPONENTS:
- makespan_reward: -0.2550
- setup_reward: -7.2500
- deadline_reward: -2.6389
- priority_reward: 40.0000
- critical_job_reward: 0.5000
- placement_reward: 0.0000
- timeliness_reward: -5.5763
- machine_idle_penalty: -4.7875

TOTAL REWARD: 19.9923

CUMULATIVE REWARD COMPONENTS:
- makespan_reward: -29.6000
- setup_reward: -672.7500
- deadline_reward: 27.8485
- priority_reward: 328.0000
- critical_job_reward: 84.2984
- placement_reward: 0.0000
- timeliness_reward: 188.7432
- machine_idle_penalty: -381.3500

CUMULATIVE TOTAL: -454.8099

CRITICAL STATE INFO:
- Valid actions: ['J1', 'J2', 'J8', 'J9', 'J11', 'J12', 'J16', 'J17', 'J19']
- Machine states:
  - Machine M1: Time=5834.00, Idle=86.00, Material=Mountainbike_Schaltauge_bearbeitet
  - Machine M2: Time=5920.00, Idle=0.00, Material=E-Bike_Rahmen_lackiert
  - Machine M3: Time=5623.00, Idle=297.00, Material=Mountainbike_Laufraeder_montiert
==================================================

2025-06-18 13:14:32,452 - JSPGymEnvironment - INFO - Retro-Bonus für Job J15: -5.0
2025-06-18 13:14:32,488 - JSPGymEnvironment - INFO - Material change on machine M3: Mountainbike_Laufraeder_montiert -> Racebike_Rahmen_komplettiert, setup time: 16
2025-06-18 13:14:32,489 - JSPGymEnvironment - INFO - Executed operation: Job J9, Op 5, Machine M3, Start: 5936, End: 5990, Setup: 16
2025-06-18 13:14:32,489 - JSPGymEnvironment - INFO - 
===== REWARD DETAILS FOR STEP 105 =====
Job: J9, Operation: 5, Job Completed: False
Current Time: 5920.00 -> 5990.00, Setup Time: 16.00
Processing Time: 54.00, Idle Time: 0.00
Completed Jobs: 11/20
Machine: M3, Material: Racebike_Rahmen_komplettiert

REWARD COMPONENTS:
- makespan_reward: -0.3500
- setup_reward: -4.0000
- deadline_reward: 0.0000
- priority_reward: 0.0000
- critical_job_reward: 0.0000
- placement_reward: 0.0000
- timeliness_reward: -5.5796
- machine_idle_penalty: -2.8250

TOTAL REWARD: -12.7546

CUMULATIVE REWARD COMPONENTS:
- makespan_reward: -29.9500
- setup_reward: -676.7500
- deadline_reward: 27.8485
- priority_reward: 328.0000
- critical_job_reward: 84.2984
- placement_reward: 0.0000
- timeliness_reward: 183.1636
- machine_idle_penalty: -384.1750

CUMULATIVE TOTAL: -467.5645

CRITICAL STATE INFO:
- Valid actions: ['J1', 'J2', 'J8', 'J9', 'J11', 'J12', 'J16', 'J17', 'J19']
- Machine states:
  - Machine M1: Time=5834.00, Idle=156.00, Material=Mountainbike_Schaltauge_bearbeitet
  - Machine M2: Time=5920.00, Idle=70.00, Material=E-Bike_Rahmen_lackiert
  - Machine M3: Time=5990.00, Idle=0.00, Material=Racebike_Rahmen_komplettiert
==================================================

2025-06-18 13:14:32,524 - JSPGymEnvironment - INFO - Material change on machine M1: Mountainbike_Schaltauge_bearbeitet -> E-Bike_Hinterbau_vorbereitet, setup time: 48
2025-06-18 13:14:32,524 - JSPGymEnvironment - INFO - Executed operation: Job J19, Op 3, Machine M1, Start: 6038, End: 6073, Setup: 48
2025-06-18 13:14:32,524 - JSPGymEnvironment - INFO - 
===== REWARD DETAILS FOR STEP 106 =====
Job: J19, Operation: 3, Job Completed: False
Current Time: 5990.00 -> 6073.00, Setup Time: 48.00
Processing Time: 35.00, Idle Time: 0.00
Completed Jobs: 11/20
Machine: M1, Material: E-Bike_Hinterbau_vorbereitet

REWARD COMPONENTS:
- makespan_reward: -0.4150
- setup_reward: -12.0000
- deadline_reward: 0.0000
- priority_reward: 0.0000
- critical_job_reward: 0.0000
- placement_reward: 0.0000
- timeliness_reward: -5.5829
- machine_idle_penalty: -2.9500

TOTAL REWARD: -20.9479

CUMULATIVE REWARD COMPONENTS:
- makespan_reward: -30.3650
- setup_reward: -688.7500
- deadline_reward: 27.8485
- priority_reward: 328.0000
- critical_job_reward: 84.2984
- placement_reward: 0.0000
- timeliness_reward: 177.5807
- machine_idle_penalty: -387.1250

CUMULATIVE TOTAL: -488.5124

CRITICAL STATE INFO:
- Valid actions: ['J1', 'J2', 'J8', 'J9', 'J11', 'J12', 'J16', 'J17', 'J19']
- Machine states:
  - Machine M1: Time=6073.00, Idle=0.00, Material=E-Bike_Hinterbau_vorbereitet
  - Machine M2: Time=5920.00, Idle=153.00, Material=E-Bike_Rahmen_lackiert
  - Machine M3: Time=5990.00, Idle=83.00, Material=Racebike_Rahmen_komplettiert
==================================================

2025-06-18 13:14:32,560 - JSPGymEnvironment - INFO - Material change on machine M2: E-Bike_Rahmen_lackiert -> Mountainbike_Rahmen_lackiert, setup time: 26
2025-06-18 13:14:32,560 - JSPGymEnvironment - INFO - Executed operation: Job J11, Op 4, Machine M2, Start: 6099, End: 6128, Setup: 26
2025-06-18 13:14:32,560 - JSPGymEnvironment - INFO - 
===== REWARD DETAILS FOR STEP 107 =====
Job: J11, Operation: 4, Job Completed: False
Current Time: 6073.00 -> 6128.00, Setup Time: 26.00
Processing Time: 29.00, Idle Time: 0.00
Completed Jobs: 11/20
Machine: M2, Material: Mountainbike_Rahmen_lackiert

REWARD COMPONENTS:
- makespan_reward: -0.2750
- setup_reward: -6.5000
- deadline_reward: 0.0000
- priority_reward: 0.0000
- critical_job_reward: 0.0000
- placement_reward: 0.0000
- timeliness_reward: -5.5848
- machine_idle_penalty: -2.4125

TOTAL REWARD: -14.7723

CUMULATIVE REWARD COMPONENTS:
- makespan_reward: -30.6400
- setup_reward: -695.2500
- deadline_reward: 27.8485
- priority_reward: 328.0000
- critical_job_reward: 84.2984
- placement_reward: 0.0000
- timeliness_reward: 171.9960
- machine_idle_penalty: -389.5375

CUMULATIVE TOTAL: -503.2847

CRITICAL STATE INFO:
- Valid actions: ['J1', 'J2', 'J8', 'J9', 'J11', 'J12', 'J16', 'J17', 'J19']
- Machine states:
  - Machine M1: Time=6073.00, Idle=55.00, Material=E-Bike_Hinterbau_vorbereitet
  - Machine M2: Time=6128.00, Idle=0.00, Material=Mountainbike_Rahmen_lackiert
  - Machine M3: Time=5990.00, Idle=138.00, Material=Racebike_Rahmen_komplettiert
==================================================

2025-06-18 13:14:32,597 - JSPGymEnvironment - INFO - Material change on machine M2: Mountainbike_Rahmen_lackiert -> Mountainbike_Fahrrad_endmontiert, setup time: 20
2025-06-18 13:14:32,597 - JSPGymEnvironment - INFO - Executed operation: Job J11, Op 5, Machine M2, Start: 6148, End: 6175, Setup: 20
2025-06-18 13:14:32,598 - JSPGymEnvironment - INFO - 
===== REWARD DETAILS FOR STEP 108 =====
Job: J11, Operation: 5, Job Completed: False
Current Time: 6128.00 -> 6175.00, Setup Time: 20.00
Processing Time: 27.00, Idle Time: 0.00
Completed Jobs: 11/20
Machine: M2, Material: Mountainbike_Fahrrad_endmontiert

REWARD COMPONENTS:
- makespan_reward: -0.2350
- setup_reward: -5.0000
- deadline_reward: 0.0000
- priority_reward: 0.0000
- critical_job_reward: 0.0000
- placement_reward: 0.0000
- timeliness_reward: -5.5862
- machine_idle_penalty: -3.5875

TOTAL REWARD: -14.4087

CUMULATIVE REWARD COMPONENTS:
- makespan_reward: -30.8750
- setup_reward: -700.2500
- deadline_reward: 27.8485
- priority_reward: 328.0000
- critical_job_reward: 84.2984
- placement_reward: 0.0000
- timeliness_reward: 166.4098
- machine_idle_penalty: -393.1250

CUMULATIVE TOTAL: -517.6933

CRITICAL STATE INFO:
- Valid actions: ['J1', 'J2', 'J8', 'J9', 'J11', 'J12', 'J16', 'J17', 'J19']
- Machine states:
  - Machine M1: Time=6073.00, Idle=102.00, Material=E-Bike_Hinterbau_vorbereitet
  - Machine M2: Time=6175.00, Idle=0.00, Material=Mountainbike_Fahrrad_endmontiert
  - Machine M3: Time=5990.00, Idle=185.00, Material=Racebike_Rahmen_komplettiert
==================================================

2025-06-18 13:14:32,633 - JSPGymEnvironment - INFO - Material change on machine M3: Racebike_Rahmen_komplettiert -> Mountainbike_Laufraeder_montiert, setup time: 14
2025-06-18 13:14:32,633 - JSPGymEnvironment - INFO - Executed operation: Job J11, Op 6, Machine M3, Start: 6189, End: 6242, Setup: 14
2025-06-18 13:14:32,633 - JSPGymEnvironment - INFO - Job J11 completed at time 6242, deadline: 2783, met: False, priority: 4
2025-06-18 13:14:32,634 - JSPGymEnvironment - INFO - 
===== REWARD DETAILS FOR STEP 109 =====
Job: J11, Operation: 6, Job Completed: True
Current Time: 6175.00 -> 6242.00, Setup Time: 14.00
Processing Time: 53.00, Idle Time: 0.00
Completed Jobs: 12/20
Machine: M3, Material: Mountainbike_Laufraeder_montiert
Job Deadline: 2783.00 (Missed), Priority: 4

REWARD COMPONENTS:
- makespan_reward: -0.3350
- setup_reward: -3.5000
- deadline_reward: -3.1073
- priority_reward: 16.0000
- critical_job_reward: 0.0000
- placement_reward: 0.0000
- timeliness_reward: -5.5879
- machine_idle_penalty: -2.9500

TOTAL REWARD: 0.5198

CUMULATIVE REWARD COMPONENTS:
- makespan_reward: -31.2100
- setup_reward: -703.7500
- deadline_reward: 24.7412
- priority_reward: 344.0000
- critical_job_reward: 84.2984
- placement_reward: 0.0000
- timeliness_reward: 160.8219
- machine_idle_penalty: -396.0750

CUMULATIVE TOTAL: -517.1735

CRITICAL STATE INFO:
- Valid actions: ['J1', 'J2', 'J8', 'J9', 'J12', 'J16', 'J17', 'J19']
- Machine states:
  - Machine M1: Time=6073.00, Idle=169.00, Material=E-Bike_Hinterbau_vorbereitet
  - Machine M2: Time=6175.00, Idle=67.00, Material=Mountainbike_Fahrrad_endmontiert
  - Machine M3: Time=6242.00, Idle=0.00, Material=Mountainbike_Laufraeder_montiert
==================================================

2025-06-18 13:14:32,634 - JSPGymEnvironment - INFO - Retro-Bonus für Job J11: -10.0
2025-06-18 13:14:32,718 - JSPGymEnvironment - INFO - Material change on machine M2: Mountainbike_Fahrrad_endmontiert -> Racebike_Rahmen_lackiert, setup time: 18
2025-06-18 13:14:32,718 - JSPGymEnvironment - INFO - Executed operation: Job J9, Op 6, Machine M2, Start: 6260, End: 6271, Setup: 18
2025-06-18 13:14:32,718 - JSPGymEnvironment - INFO - Job J9 completed at time 6271, deadline: 2778, met: False, priority: 7
2025-06-18 13:14:32,718 - JSPGymEnvironment - INFO - 
===== REWARD DETAILS FOR STEP 110 =====
Job: J9, Operation: 6, Job Completed: True
Current Time: 6242.00 -> 6271.00, Setup Time: 18.00
Processing Time: 11.00, Idle Time: 0.00
Completed Jobs: 13/20
Machine: M2, Material: Racebike_Rahmen_lackiert
Job Deadline: 2778.00 (Missed), Priority: 7

REWARD COMPONENTS:
- makespan_reward: -0.1450
- setup_reward: -4.5000
- deadline_reward: -3.1434
- priority_reward: 28.0000
- critical_job_reward: 0.0000
- placement_reward: 0.0000
- timeliness_reward: -5.5882
- machine_idle_penalty: -2.8375

TOTAL REWARD: 11.7858

CUMULATIVE REWARD COMPONENTS:
- makespan_reward: -31.3550
- setup_reward: -708.2500
- deadline_reward: 21.5978
- priority_reward: 372.0000
- critical_job_reward: 84.2984
- placement_reward: 0.0000
- timeliness_reward: 155.2337
- machine_idle_penalty: -398.9125

CUMULATIVE TOTAL: -505.3877

CRITICAL STATE INFO:
- Valid actions: ['J1', 'J2', 'J8', 'J12', 'J16', 'J17', 'J19']
- Machine states:
  - Machine M1: Time=6073.00, Idle=198.00, Material=E-Bike_Hinterbau_vorbereitet
  - Machine M2: Time=6271.00, Idle=0.00, Material=Racebike_Rahmen_lackiert
  - Machine M3: Time=6242.00, Idle=29.00, Material=Mountainbike_Laufraeder_montiert
==================================================

2025-06-18 13:14:32,719 - JSPGymEnvironment - INFO - Retro-Bonus für Job J9: -10.0
2025-06-18 13:14:32,754 - JSPGymEnvironment - INFO - Material change on machine M2: Racebike_Rahmen_lackiert -> E-Bike_Fahrrad_endmontiert, setup time: 28
2025-06-18 13:14:32,754 - JSPGymEnvironment - INFO - Executed operation: Job J1, Op 2, Machine M2, Start: 6299, End: 6317, Setup: 28
2025-06-18 13:14:32,754 - JSPGymEnvironment - INFO - 
===== REWARD DETAILS FOR STEP 111 =====
Job: J1, Operation: 2, Job Completed: False
Current Time: 6271.00 -> 6317.00, Setup Time: 28.00
Processing Time: 18.00, Idle Time: 0.00
Completed Jobs: 13/20
Machine: M2, Material: E-Bike_Fahrrad_endmontiert

REWARD COMPONENTS:
- makespan_reward: -0.2300
- setup_reward: -7.0000
- deadline_reward: 0.0000
- priority_reward: 0.0000
- critical_job_reward: 0.5000
- placement_reward: 0.0000
- timeliness_reward: -5.5893
- machine_idle_penalty: -3.9875

TOTAL REWARD: -16.3068

CUMULATIVE REWARD COMPONENTS:
- makespan_reward: -31.5850
- setup_reward: -715.2500
- deadline_reward: 21.5978
- priority_reward: 372.0000
- critical_job_reward: 84.7984
- placement_reward: 0.0000
- timeliness_reward: 149.6444
- machine_idle_penalty: -402.9000

CUMULATIVE TOTAL: -521.6945

CRITICAL STATE INFO:
- Valid actions: ['J1', 'J2', 'J8', 'J12', 'J16', 'J17', 'J19']
- Machine states:
  - Machine M1: Time=6073.00, Idle=244.00, Material=E-Bike_Hinterbau_vorbereitet
  - Machine M2: Time=6317.00, Idle=0.00, Material=E-Bike_Fahrrad_endmontiert
  - Machine M3: Time=6242.00, Idle=75.00, Material=Mountainbike_Laufraeder_montiert
==================================================

2025-06-18 13:14:32,790 - JSPGymEnvironment - INFO - Material change on machine M2: E-Bike_Fahrrad_endmontiert -> E-Bike_Rahmen_komplettiert, setup time: 20
2025-06-18 13:14:32,790 - JSPGymEnvironment - INFO - Executed operation: Job J19, Op 4, Machine M2, Start: 6337, End: 6359, Setup: 20
2025-06-18 13:14:32,790 - JSPGymEnvironment - INFO - 
===== REWARD DETAILS FOR STEP 112 =====
Job: J19, Operation: 4, Job Completed: False
Current Time: 6317.00 -> 6359.00, Setup Time: 20.00
Processing Time: 22.00, Idle Time: 0.00
Completed Jobs: 13/20
Machine: M2, Material: E-Bike_Rahmen_komplettiert

REWARD COMPONENTS:
- makespan_reward: -0.2100
- setup_reward: -5.0000
- deadline_reward: 0.0000
- priority_reward: 0.0000
- critical_job_reward: 0.0000
- placement_reward: 0.0000
- timeliness_reward: -5.5902
- machine_idle_penalty: -5.0375

TOTAL REWARD: -15.8377

CUMULATIVE REWARD COMPONENTS:
- makespan_reward: -31.7950
- setup_reward: -720.2500
- deadline_reward: 21.5978
- priority_reward: 372.0000
- critical_job_reward: 84.7984
- placement_reward: 0.0000
- timeliness_reward: 144.0541
- machine_idle_penalty: -407.9375

CUMULATIVE TOTAL: -537.5322

CRITICAL STATE INFO:
- Valid actions: ['J1', 'J2', 'J8', 'J12', 'J16', 'J17', 'J19']
- Machine states:
  - Machine M1: Time=6073.00, Idle=286.00, Material=E-Bike_Hinterbau_vorbereitet
  - Machine M2: Time=6359.00, Idle=0.00, Material=E-Bike_Rahmen_komplettiert
  - Machine M3: Time=6242.00, Idle=117.00, Material=Mountainbike_Laufraeder_montiert
==================================================

2025-06-18 13:14:32,825 - JSPGymEnvironment - INFO - Material change on machine M2: E-Bike_Rahmen_komplettiert -> E-Bike_Bremsen_justiert, setup time: 20
2025-06-18 13:14:32,825 - JSPGymEnvironment - INFO - Executed operation: Job J12, Op 2, Machine M2, Start: 6379, End: 6397, Setup: 20
2025-06-18 13:14:32,825 - JSPGymEnvironment - INFO - 
===== REWARD DETAILS FOR STEP 113 =====
Job: J12, Operation: 2, Job Completed: False
Current Time: 6359.00 -> 6397.00, Setup Time: 20.00
Processing Time: 18.00, Idle Time: 0.00
Completed Jobs: 13/20
Machine: M2, Material: E-Bike_Bremsen_justiert

REWARD COMPONENTS:
- makespan_reward: -0.1900
- setup_reward: -5.0000
- deadline_reward: 0.0000
- priority_reward: 0.0000
- critical_job_reward: 0.5000
- placement_reward: 0.0000
- timeliness_reward: -5.5910
- machine_idle_penalty: -5.9875

TOTAL REWARD: -16.2685

CUMULATIVE REWARD COMPONENTS:
- makespan_reward: -31.9850
- setup_reward: -725.2500
- deadline_reward: 21.5978
- priority_reward: 372.0000
- critical_job_reward: 85.2984
- placement_reward: 0.0000
- timeliness_reward: 138.4632
- machine_idle_penalty: -413.9250

CUMULATIVE TOTAL: -553.8007

CRITICAL STATE INFO:
- Valid actions: ['J1', 'J2', 'J8', 'J12', 'J16', 'J17', 'J19']
- Machine states:
  - Machine M1: Time=6073.00, Idle=324.00, Material=E-Bike_Hinterbau_vorbereitet
  - Machine M2: Time=6397.00, Idle=0.00, Material=E-Bike_Bremsen_justiert
  - Machine M3: Time=6242.00, Idle=155.00, Material=Mountainbike_Laufraeder_montiert
==================================================

2025-06-18 13:14:32,860 - JSPGymEnvironment - INFO - Material change on machine M1: E-Bike_Hinterbau_vorbereitet -> Citybike_Steuerrohr_ausgerieben, setup time: 47
2025-06-18 13:14:32,861 - JSPGymEnvironment - INFO - Executed operation: Job J8, Op 7, Machine M1, Start: 6444, End: 6470, Setup: 47
2025-06-18 13:14:32,861 - JSPGymEnvironment - INFO - Job J8 completed at time 6470, deadline: 2798, met: False, priority: 3
2025-06-18 13:14:32,861 - JSPGymEnvironment - INFO - 
===== REWARD DETAILS FOR STEP 114 =====
Job: J8, Operation: 7, Job Completed: True
Current Time: 6397.00 -> 6470.00, Setup Time: 47.00
Processing Time: 26.00, Idle Time: 0.00
Completed Jobs: 14/20
Machine: M1, Material: Citybike_Steuerrohr_ausgerieben
Job Deadline: 2798.00 (Missed), Priority: 3

REWARD COMPONENTS:
- makespan_reward: -0.3650
- setup_reward: -11.7500
- deadline_reward: -3.2809
- priority_reward: 12.0000
- critical_job_reward: 0.0000
- placement_reward: 0.0000
- timeliness_reward: -5.5922
- machine_idle_penalty: -3.7625

TOTAL REWARD: -12.7506

CUMULATIVE REWARD COMPONENTS:
- makespan_reward: -32.3500
- setup_reward: -737.0000
- deadline_reward: 18.3169
- priority_reward: 384.0000
- critical_job_reward: 85.2984
- placement_reward: 0.0000
- timeliness_reward: 132.8710
- machine_idle_penalty: -417.6875

CUMULATIVE TOTAL: -566.5513

CRITICAL STATE INFO:
- Valid actions: ['J1', 'J2', 'J12', 'J16', 'J17', 'J19']
- Machine states:
  - Machine M1: Time=6470.00, Idle=0.00, Material=Citybike_Steuerrohr_ausgerieben
  - Machine M2: Time=6397.00, Idle=73.00, Material=E-Bike_Bremsen_justiert
  - Machine M3: Time=6242.00, Idle=228.00, Material=Mountainbike_Laufraeder_montiert
==================================================

2025-06-18 13:14:32,861 - JSPGymEnvironment - INFO - Retro-Bonus für Job J8: -10.0
2025-06-18 13:14:32,898 - JSPGymEnvironment - INFO - Material change on machine M1: Citybike_Steuerrohr_ausgerieben -> E-Bike_Schaltauge_bearbeitet, setup time: 45
2025-06-18 13:14:32,898 - JSPGymEnvironment - INFO - Executed operation: Job J19, Op 5, Machine M1, Start: 6515, End: 6548, Setup: 45
2025-06-18 13:14:32,898 - JSPGymEnvironment - INFO - 
===== REWARD DETAILS FOR STEP 115 =====
Job: J19, Operation: 5, Job Completed: False
Current Time: 6470.00 -> 6548.00, Setup Time: 45.00
Processing Time: 33.00, Idle Time: 0.00
Completed Jobs: 14/20
Machine: M1, Material: E-Bike_Schaltauge_bearbeitet

REWARD COMPONENTS:
- makespan_reward: -0.3900
- setup_reward: -11.2500
- deadline_reward: 0.0000
- priority_reward: 0.0000
- critical_job_reward: 0.0000
- placement_reward: 0.0000
- timeliness_reward: -5.5934
- machine_idle_penalty: -5.7125

TOTAL REWARD: -22.9459

CUMULATIVE REWARD COMPONENTS:
- makespan_reward: -32.7400
- setup_reward: -748.2500
- deadline_reward: 18.3169
- priority_reward: 384.0000
- critical_job_reward: 85.2984
- placement_reward: 0.0000
- timeliness_reward: 127.2776
- machine_idle_penalty: -423.4000

CUMULATIVE TOTAL: -589.4972

CRITICAL STATE INFO:
- Valid actions: ['J1', 'J2', 'J12', 'J16', 'J17', 'J19']
- Machine states:
  - Machine M1: Time=6548.00, Idle=0.00, Material=E-Bike_Schaltauge_bearbeitet
  - Machine M2: Time=6397.00, Idle=151.00, Material=E-Bike_Bremsen_justiert
  - Machine M3: Time=6242.00, Idle=306.00, Material=Mountainbike_Laufraeder_montiert
==================================================

2025-06-18 13:14:32,934 - JSPGymEnvironment - INFO - Material change on machine M2: E-Bike_Bremsen_justiert -> E-Bike_Rahmen_nachbearbeitet, setup time: 20
2025-06-18 13:14:32,934 - JSPGymEnvironment - INFO - Executed operation: Job J1, Op 3, Machine M2, Start: 6568, End: 6584, Setup: 20
2025-06-18 13:14:32,934 - JSPGymEnvironment - INFO - 
===== REWARD DETAILS FOR STEP 116 =====
Job: J1, Operation: 3, Job Completed: False
Current Time: 6548.00 -> 6584.00, Setup Time: 20.00
Processing Time: 16.00, Idle Time: 0.00
Completed Jobs: 14/20
Machine: M2, Material: E-Bike_Rahmen_nachbearbeitet

REWARD COMPONENTS:
- makespan_reward: -0.1800
- setup_reward: -5.0000
- deadline_reward: 0.0000
- priority_reward: 0.0000
- critical_job_reward: 0.5000
- placement_reward: 0.0000
- timeliness_reward: -5.5939
- machine_idle_penalty: -4.7250

TOTAL REWARD: -14.9989

CUMULATIVE REWARD COMPONENTS:
- makespan_reward: -32.9200
- setup_reward: -753.2500
- deadline_reward: 18.3169
- priority_reward: 384.0000
- critical_job_reward: 85.7984
- placement_reward: 0.0000
- timeliness_reward: 121.6837
- machine_idle_penalty: -428.1250

CUMULATIVE TOTAL: -604.4961

CRITICAL STATE INFO:
- Valid actions: ['J1', 'J2', 'J12', 'J16', 'J17', 'J19']
- Machine states:
  - Machine M1: Time=6548.00, Idle=36.00, Material=E-Bike_Schaltauge_bearbeitet
  - Machine M2: Time=6584.00, Idle=0.00, Material=E-Bike_Rahmen_nachbearbeitet
  - Machine M3: Time=6242.00, Idle=342.00, Material=Mountainbike_Laufraeder_montiert
==================================================

2025-06-18 13:14:33,021 - JSPGymEnvironment - INFO - Material change on machine M3: Mountainbike_Laufraeder_montiert -> Mountainbike_Steuerrohr_ausgerieben, setup time: 15
2025-06-18 13:14:33,021 - JSPGymEnvironment - INFO - Executed operation: Job J17, Op 4, Machine M3, Start: 6599, End: 6635, Setup: 15
2025-06-18 13:14:33,021 - JSPGymEnvironment - INFO - 
===== REWARD DETAILS FOR STEP 117 =====
Job: J17, Operation: 4, Job Completed: False
Current Time: 6584.00 -> 6635.00, Setup Time: 15.00
Processing Time: 36.00, Idle Time: 0.00
Completed Jobs: 14/20
Machine: M3, Material: Mountainbike_Steuerrohr_ausgerieben

REWARD COMPONENTS:
- makespan_reward: -0.2550
- setup_reward: -3.7500
- deadline_reward: 0.0000
- priority_reward: 0.0000
- critical_job_reward: 0.0000
- placement_reward: 0.0000
- timeliness_reward: -5.5945
- machine_idle_penalty: -1.7250

TOTAL REWARD: -11.3245

CUMULATIVE REWARD COMPONENTS:
- makespan_reward: -33.1750
- setup_reward: -757.0000
- deadline_reward: 18.3169
- priority_reward: 384.0000
- critical_job_reward: 85.7984
- placement_reward: 0.0000
- timeliness_reward: 116.0892
- machine_idle_penalty: -429.8500

CUMULATIVE TOTAL: -615.8206

CRITICAL STATE INFO:
- Valid actions: ['J1', 'J2', 'J12', 'J16', 'J17', 'J19']
- Machine states:
  - Machine M1: Time=6548.00, Idle=87.00, Material=E-Bike_Schaltauge_bearbeitet
  - Machine M2: Time=6584.00, Idle=51.00, Material=E-Bike_Rahmen_nachbearbeitet
  - Machine M3: Time=6635.00, Idle=0.00, Material=Mountainbike_Steuerrohr_ausgerieben
==================================================

2025-06-18 13:14:33,057 - JSPGymEnvironment - INFO - Material change on machine M2: E-Bike_Rahmen_nachbearbeitet -> E-Bike_Hinterbau_vorbereitet, setup time: 20
2025-06-18 13:14:33,057 - JSPGymEnvironment - INFO - Executed operation: Job J1, Op 4, Machine M2, Start: 6655, End: 6668, Setup: 20
2025-06-18 13:14:33,057 - JSPGymEnvironment - INFO - 
===== REWARD DETAILS FOR STEP 118 =====
Job: J1, Operation: 4, Job Completed: False
Current Time: 6635.00 -> 6668.00, Setup Time: 20.00
Processing Time: 13.00, Idle Time: 0.00
Completed Jobs: 14/20
Machine: M2, Material: E-Bike_Hinterbau_vorbereitet

REWARD COMPONENTS:
- makespan_reward: -0.1650
- setup_reward: -5.0000
- deadline_reward: 0.0000
- priority_reward: 0.0000
- critical_job_reward: 0.5000
- placement_reward: 0.0000
- timeliness_reward: -5.5949
- machine_idle_penalty: -1.9125

TOTAL REWARD: -12.1724

CUMULATIVE REWARD COMPONENTS:
- makespan_reward: -33.3400
- setup_reward: -762.0000
- deadline_reward: 18.3169
- priority_reward: 384.0000
- critical_job_reward: 86.2984
- placement_reward: 0.0000
- timeliness_reward: 110.4943
- machine_idle_penalty: -431.7625

CUMULATIVE TOTAL: -627.9930

CRITICAL STATE INFO:
- Valid actions: ['J1', 'J2', 'J12', 'J16', 'J17', 'J19']
- Machine states:
  - Machine M1: Time=6548.00, Idle=120.00, Material=E-Bike_Schaltauge_bearbeitet
  - Machine M2: Time=6668.00, Idle=0.00, Material=E-Bike_Hinterbau_vorbereitet
  - Machine M3: Time=6635.00, Idle=33.00, Material=Mountainbike_Steuerrohr_ausgerieben
==================================================

2025-06-18 13:14:33,093 - JSPGymEnvironment - INFO - Material change on machine M3: Mountainbike_Steuerrohr_ausgerieben -> E-Bike_Schaltauge_bearbeitet, setup time: 17
2025-06-18 13:14:33,093 - JSPGymEnvironment - INFO - Executed operation: Job J12, Op 3, Machine M3, Start: 6685, End: 6734, Setup: 17
2025-06-18 13:14:33,094 - JSPGymEnvironment - INFO - 
===== REWARD DETAILS FOR STEP 119 =====
Job: J12, Operation: 3, Job Completed: False
Current Time: 6668.00 -> 6734.00, Setup Time: 17.00
Processing Time: 49.00, Idle Time: 0.00
Completed Jobs: 14/20
Machine: M3, Material: E-Bike_Schaltauge_bearbeitet

REWARD COMPONENTS:
- makespan_reward: -0.3300
- setup_reward: -4.2500
- deadline_reward: 0.0000
- priority_reward: 0.0000
- critical_job_reward: 0.5000
- placement_reward: 0.0000
- timeliness_reward: -5.5955
- machine_idle_penalty: -3.1500

TOTAL REWARD: -12.8255

CUMULATIVE REWARD COMPONENTS:
- makespan_reward: -33.6700
- setup_reward: -766.2500
- deadline_reward: 18.3169
- priority_reward: 384.0000
- critical_job_reward: 86.7984
- placement_reward: 0.0000
- timeliness_reward: 104.8988
- machine_idle_penalty: -434.9125

CUMULATIVE TOTAL: -640.8185

CRITICAL STATE INFO:
- Valid actions: ['J1', 'J2', 'J12', 'J16', 'J17', 'J19']
- Machine states:
  - Machine M1: Time=6548.00, Idle=186.00, Material=E-Bike_Schaltauge_bearbeitet
  - Machine M2: Time=6668.00, Idle=66.00, Material=E-Bike_Hinterbau_vorbereitet
  - Machine M3: Time=6734.00, Idle=0.00, Material=E-Bike_Schaltauge_bearbeitet
==================================================

2025-06-18 13:14:33,129 - JSPGymEnvironment - INFO - Material change on machine M2: E-Bike_Hinterbau_vorbereitet -> Mountainbike_Hinterbau_vorbereitet, setup time: 26
2025-06-18 13:14:33,129 - JSPGymEnvironment - INFO - Executed operation: Job J2, Op 2, Machine M2, Start: 6760, End: 6790, Setup: 26
2025-06-18 13:14:33,129 - JSPGymEnvironment - INFO - 
===== REWARD DETAILS FOR STEP 120 =====
Job: J2, Operation: 2, Job Completed: False
Current Time: 6734.00 -> 6790.00, Setup Time: 26.00
Processing Time: 30.00, Idle Time: 0.00
Completed Jobs: 14/20
Machine: M2, Material: Mountainbike_Hinterbau_vorbereitet

REWARD COMPONENTS:
- makespan_reward: -0.2800
- setup_reward: -6.5000
- deadline_reward: 0.0000
- priority_reward: 0.0000
- critical_job_reward: 0.5000
- placement_reward: 0.0000
- timeliness_reward: -5.5960
- machine_idle_penalty: -3.7250

TOTAL REWARD: -15.6010

CUMULATIVE REWARD COMPONENTS:
- makespan_reward: -33.9500
- setup_reward: -772.7500
- deadline_reward: 18.3169
- priority_reward: 384.0000
- critical_job_reward: 87.2984
- placement_reward: 0.0000
- timeliness_reward: 99.3027
- machine_idle_penalty: -438.6375

CUMULATIVE TOTAL: -656.4195

CRITICAL STATE INFO:
- Valid actions: ['J1', 'J2', 'J12', 'J16', 'J17', 'J19']
- Machine states:
  - Machine M1: Time=6548.00, Idle=242.00, Material=E-Bike_Schaltauge_bearbeitet
  - Machine M2: Time=6790.00, Idle=0.00, Material=Mountainbike_Hinterbau_vorbereitet
  - Machine M3: Time=6734.00, Idle=56.00, Material=E-Bike_Schaltauge_bearbeitet
==================================================

2025-06-18 13:14:33,165 - JSPGymEnvironment - INFO - Material change on machine M2: Mountainbike_Hinterbau_vorbereitet -> E-Bike_Steuerrohr_ausgerieben, setup time: 29
2025-06-18 13:14:33,165 - JSPGymEnvironment - INFO - Executed operation: Job J12, Op 4, Machine M2, Start: 6819, End: 6838, Setup: 29
2025-06-18 13:14:33,165 - JSPGymEnvironment - INFO - 
===== REWARD DETAILS FOR STEP 121 =====
Job: J12, Operation: 4, Job Completed: False
Current Time: 6790.00 -> 6838.00, Setup Time: 29.00
Processing Time: 19.00, Idle Time: 0.00
Completed Jobs: 14/20
Machine: M2, Material: E-Bike_Steuerrohr_ausgerieben

REWARD COMPONENTS:
- makespan_reward: -0.2400
- setup_reward: -7.2500
- deadline_reward: 0.0000
- priority_reward: 0.0000
- critical_job_reward: 0.5000
- placement_reward: 0.0000
- timeliness_reward: -5.5964
- machine_idle_penalty: -4.9250

TOTAL REWARD: -17.5114

CUMULATIVE REWARD COMPONENTS:
- makespan_reward: -34.1900
- setup_reward: -780.0000
- deadline_reward: 18.3169
- priority_reward: 384.0000
- critical_job_reward: 87.7984
- placement_reward: 0.0000
- timeliness_reward: 93.7063
- machine_idle_penalty: -443.5625

CUMULATIVE TOTAL: -673.9309

CRITICAL STATE INFO:
- Valid actions: ['J1', 'J2', 'J12', 'J16', 'J17', 'J19']
- Machine states:
  - Machine M1: Time=6548.00, Idle=290.00, Material=E-Bike_Schaltauge_bearbeitet
  - Machine M2: Time=6838.00, Idle=0.00, Material=E-Bike_Steuerrohr_ausgerieben
  - Machine M3: Time=6734.00, Idle=104.00, Material=E-Bike_Schaltauge_bearbeitet
==================================================

2025-06-18 13:14:33,201 - JSPGymEnvironment - INFO - Material change on machine M2: E-Bike_Steuerrohr_ausgerieben -> Mountainbike_Hauptrahmen_zugeschnitten, setup time: 26
2025-06-18 13:14:33,202 - JSPGymEnvironment - INFO - Executed operation: Job J17, Op 5, Machine M2, Start: 6864, End: 6890, Setup: 26
2025-06-18 13:14:33,202 - JSPGymEnvironment - INFO - 
===== REWARD DETAILS FOR STEP 122 =====
Job: J17, Operation: 5, Job Completed: False
Current Time: 6838.00 -> 6890.00, Setup Time: 26.00
Processing Time: 26.00, Idle Time: 0.00
Completed Jobs: 14/20
Machine: M2, Material: Mountainbike_Hauptrahmen_zugeschnitten

REWARD COMPONENTS:
- makespan_reward: -0.2600
- setup_reward: -6.5000
- deadline_reward: 0.0000
- priority_reward: 0.0000
- critical_job_reward: 0.0000
- placement_reward: 0.0000
- timeliness_reward: -5.5968
- machine_idle_penalty: -6.2250

TOTAL REWARD: -18.5818

CUMULATIVE REWARD COMPONENTS:
- makespan_reward: -34.4500
- setup_reward: -786.5000
- deadline_reward: 18.3169
- priority_reward: 384.0000
- critical_job_reward: 87.7984
- placement_reward: 0.0000
- timeliness_reward: 88.1095
- machine_idle_penalty: -449.7875

CUMULATIVE TOTAL: -692.5127

CRITICAL STATE INFO:
- Valid actions: ['J1', 'J2', 'J12', 'J16', 'J17', 'J19']
- Machine states:
  - Machine M1: Time=6548.00, Idle=342.00, Material=E-Bike_Schaltauge_bearbeitet
  - Machine M2: Time=6890.00, Idle=0.00, Material=Mountainbike_Hauptrahmen_zugeschnitten
  - Machine M3: Time=6734.00, Idle=156.00, Material=E-Bike_Schaltauge_bearbeitet
==================================================

2025-06-18 13:14:33,237 - JSPGymEnvironment - INFO - Material change on machine M2: Mountainbike_Hauptrahmen_zugeschnitten -> E-Bike_Steuerrohr_montiert, setup time: 29
2025-06-18 13:14:33,237 - JSPGymEnvironment - INFO - Executed operation: Job J19, Op 6, Machine M2, Start: 6919, End: 6939, Setup: 29
2025-06-18 13:14:33,238 - JSPGymEnvironment - INFO - 
===== REWARD DETAILS FOR STEP 123 =====
Job: J19, Operation: 6, Job Completed: False
Current Time: 6890.00 -> 6939.00, Setup Time: 29.00
Processing Time: 20.00, Idle Time: 0.00
Completed Jobs: 14/20
Machine: M2, Material: E-Bike_Steuerrohr_montiert

REWARD COMPONENTS:
- makespan_reward: -0.2450
- setup_reward: -7.2500
- deadline_reward: 0.0000
- priority_reward: 0.0000
- critical_job_reward: 0.0000
- placement_reward: 0.0000
- timeliness_reward: -5.5971
- machine_idle_penalty: -7.4500

TOTAL REWARD: -20.5421

CUMULATIVE REWARD COMPONENTS:
- makespan_reward: -34.6950
- setup_reward: -793.7500
- deadline_reward: 18.3169
- priority_reward: 384.0000
- critical_job_reward: 87.7984
- placement_reward: 0.0000
- timeliness_reward: 82.5124
- machine_idle_penalty: -457.2375

CUMULATIVE TOTAL: -713.0548

CRITICAL STATE INFO:
- Valid actions: ['J1', 'J2', 'J12', 'J16', 'J17', 'J19']
- Machine states:
  - Machine M1: Time=6548.00, Idle=391.00, Material=E-Bike_Schaltauge_bearbeitet
  - Machine M2: Time=6939.00, Idle=0.00, Material=E-Bike_Steuerrohr_montiert
  - Machine M3: Time=6734.00, Idle=205.00, Material=E-Bike_Schaltauge_bearbeitet
==================================================

2025-06-18 13:14:33,274 - JSPGymEnvironment - INFO - Material change on machine M2: E-Bike_Steuerrohr_montiert -> E-Bike_Tretlager_gefraest, setup time: 20
2025-06-18 13:14:33,274 - JSPGymEnvironment - INFO - Executed operation: Job J19, Op 7, Machine M2, Start: 6959, End: 6982, Setup: 20
2025-06-18 13:14:33,274 - JSPGymEnvironment - INFO - Job J19 completed at time 6982, deadline: 2880, met: False, priority: 7
2025-06-18 13:14:33,274 - JSPGymEnvironment - INFO - 
===== REWARD DETAILS FOR STEP 124 =====
Job: J19, Operation: 7, Job Completed: True
Current Time: 6939.00 -> 6982.00, Setup Time: 20.00
Processing Time: 23.00, Idle Time: 0.00
Completed Jobs: 15/20
Machine: M2, Material: E-Bike_Tretlager_gefraest
Job Deadline: 2880.00 (Missed), Priority: 7

REWARD COMPONENTS:
- makespan_reward: -0.2150
- setup_reward: -5.0000
- deadline_reward: -3.5608
- priority_reward: 28.0000
- critical_job_reward: 0.0000
- placement_reward: 0.0000
- timeliness_reward: -5.5974
- machine_idle_penalty: -8.5250

TOTAL REWARD: 5.1018

CUMULATIVE REWARD COMPONENTS:
- makespan_reward: -34.9100
- setup_reward: -798.7500
- deadline_reward: 14.7561
- priority_reward: 412.0000
- critical_job_reward: 87.7984
- placement_reward: 0.0000
- timeliness_reward: 76.9150
- machine_idle_penalty: -465.7625

CUMULATIVE TOTAL: -707.9530

CRITICAL STATE INFO:
- Valid actions: ['J1', 'J2', 'J12', 'J16', 'J17']
- Machine states:
  - Machine M1: Time=6548.00, Idle=434.00, Material=E-Bike_Schaltauge_bearbeitet
  - Machine M2: Time=6982.00, Idle=0.00, Material=E-Bike_Tretlager_gefraest
  - Machine M3: Time=6734.00, Idle=248.00, Material=E-Bike_Schaltauge_bearbeitet
==================================================

2025-06-18 13:14:33,274 - JSPGymEnvironment - INFO - Retro-Bonus für Job J19: -10.0
2025-06-18 13:14:33,363 - JSPGymEnvironment - INFO - Material change on machine M2: E-Bike_Tretlager_gefraest -> Mountainbike_Bremsaufnahme_gebohrt, setup time: 26
2025-06-18 13:14:33,363 - JSPGymEnvironment - INFO - Executed operation: Job J2, Op 3, Machine M2, Start: 7008, End: 7036, Setup: 26
2025-06-18 13:14:33,363 - JSPGymEnvironment - INFO - 
===== REWARD DETAILS FOR STEP 125 =====
Job: J2, Operation: 3, Job Completed: False
Current Time: 6982.00 -> 7036.00, Setup Time: 26.00
Processing Time: 28.00, Idle Time: 0.00
Completed Jobs: 15/20
Machine: M2, Material: Mountainbike_Bremsaufnahme_gebohrt

REWARD COMPONENTS:
- makespan_reward: -0.2700
- setup_reward: -6.5000
- deadline_reward: 0.0000
- priority_reward: 0.0000
- critical_job_reward: 0.5000
- placement_reward: 0.0000
- timeliness_reward: -5.5977
- machine_idle_penalty: -9.8750

TOTAL REWARD: -21.7427

CUMULATIVE REWARD COMPONENTS:
- makespan_reward: -35.1800
- setup_reward: -805.2500
- deadline_reward: 14.7561
- priority_reward: 412.0000
- critical_job_reward: 88.2984
- placement_reward: 0.0000
- timeliness_reward: 71.3173
- machine_idle_penalty: -475.6375

CUMULATIVE TOTAL: -729.6957

CRITICAL STATE INFO:
- Valid actions: ['J1', 'J2', 'J12', 'J16', 'J17']
- Machine states:
  - Machine M1: Time=6548.00, Idle=488.00, Material=E-Bike_Schaltauge_bearbeitet
  - Machine M2: Time=7036.00, Idle=0.00, Material=Mountainbike_Bremsaufnahme_gebohrt
  - Machine M3: Time=6734.00, Idle=302.00, Material=E-Bike_Schaltauge_bearbeitet
==================================================

2025-06-18 13:14:33,399 - JSPGymEnvironment - INFO - Material change on machine M1: E-Bike_Schaltauge_bearbeitet -> E-Bike_Laufraeder_montiert, setup time: 40
2025-06-18 13:14:33,399 - JSPGymEnvironment - INFO - Executed operation: Job J1, Op 5, Machine M1, Start: 7076, End: 7119, Setup: 40
2025-06-18 13:14:33,400 - JSPGymEnvironment - INFO - 
===== REWARD DETAILS FOR STEP 126 =====
Job: J1, Operation: 5, Job Completed: False
Current Time: 7036.00 -> 7119.00, Setup Time: 40.00
Processing Time: 43.00, Idle Time: 0.00
Completed Jobs: 15/20
Machine: M1, Material: E-Bike_Laufraeder_montiert

REWARD COMPONENTS:
- makespan_reward: -0.4150
- setup_reward: -10.0000
- deadline_reward: 0.0000
- priority_reward: 0.0000
- critical_job_reward: 0.5000
- placement_reward: 0.0000
- timeliness_reward: -5.5981
- machine_idle_penalty: -5.8500

TOTAL REWARD: -21.3631

CUMULATIVE REWARD COMPONENTS:
- makespan_reward: -35.5950
- setup_reward: -815.2500
- deadline_reward: 14.7561
- priority_reward: 412.0000
- critical_job_reward: 88.7984
- placement_reward: 0.0000
- timeliness_reward: 65.7193
- machine_idle_penalty: -481.4875

CUMULATIVE TOTAL: -751.0588

CRITICAL STATE INFO:
- Valid actions: ['J1', 'J2', 'J12', 'J16', 'J17']
- Machine states:
  - Machine M1: Time=7119.00, Idle=0.00, Material=E-Bike_Laufraeder_montiert
  - Machine M2: Time=7036.00, Idle=83.00, Material=Mountainbike_Bremsaufnahme_gebohrt
  - Machine M3: Time=6734.00, Idle=385.00, Material=E-Bike_Schaltauge_bearbeitet
==================================================

2025-06-18 13:14:33,437 - JSPGymEnvironment - INFO - Material change on machine M1: E-Bike_Laufraeder_montiert -> E-Bike_Hauptrahmen_zugeschnitten, setup time: 40
2025-06-18 13:14:33,437 - JSPGymEnvironment - INFO - Executed operation: Job J1, Op 6, Machine M1, Start: 7159, End: 7175, Setup: 40
2025-06-18 13:14:33,438 - JSPGymEnvironment - INFO - Job J1 completed at time 7175, deadline: 2851, met: False, priority: 10
2025-06-18 13:14:33,438 - JSPGymEnvironment - INFO - 
===== REWARD DETAILS FOR STEP 127 =====
Job: J1, Operation: 6, Job Completed: True
Current Time: 7119.00 -> 7175.00, Setup Time: 40.00
Processing Time: 16.00, Idle Time: 0.00
Completed Jobs: 16/20
Machine: M1, Material: E-Bike_Hauptrahmen_zugeschnitten
Job Deadline: 2851.00 (Missed), Priority: 10

REWARD COMPONENTS:
- makespan_reward: -0.2800
- setup_reward: -10.0000
- deadline_reward: -3.7917
- priority_reward: 40.0000
- critical_job_reward: 0.5000
- placement_reward: 0.0000
- timeliness_reward: -5.5983
- machine_idle_penalty: -7.2500

TOTAL REWARD: 13.5800

CUMULATIVE REWARD COMPONENTS:
- makespan_reward: -35.8750
- setup_reward: -825.2500
- deadline_reward: 10.9644
- priority_reward: 452.0000
- critical_job_reward: 89.2984
- placement_reward: 0.0000
- timeliness_reward: 60.1210
- machine_idle_penalty: -488.7375

CUMULATIVE TOTAL: -737.4787

CRITICAL STATE INFO:
- Valid actions: ['J2', 'J12', 'J16', 'J17']
- Machine states:
  - Machine M1: Time=7175.00, Idle=0.00, Material=E-Bike_Hauptrahmen_zugeschnitten
  - Machine M2: Time=7036.00, Idle=139.00, Material=Mountainbike_Bremsaufnahme_gebohrt
  - Machine M3: Time=6734.00, Idle=441.00, Material=E-Bike_Schaltauge_bearbeitet
==================================================

2025-06-18 13:14:33,438 - JSPGymEnvironment - INFO - Retro-Bonus für Job J1: -5.0
2025-06-18 13:14:33,475 - JSPGymEnvironment - INFO - Material change on machine M1: E-Bike_Hauptrahmen_zugeschnitten -> Mountainbike_Rahmen_nachbearbeitet, setup time: 51
2025-06-18 13:14:33,475 - JSPGymEnvironment - INFO - Executed operation: Job J2, Op 4, Machine M1, Start: 7226, End: 7261, Setup: 51
2025-06-18 13:14:33,475 - JSPGymEnvironment - INFO - 
===== REWARD DETAILS FOR STEP 128 =====
Job: J2, Operation: 4, Job Completed: False
Current Time: 7175.00 -> 7261.00, Setup Time: 51.00
Processing Time: 35.00, Idle Time: 0.00
Completed Jobs: 16/20
Machine: M1, Material: Mountainbike_Rahmen_nachbearbeitet

REWARD COMPONENTS:
- makespan_reward: -0.4300
- setup_reward: -12.7500
- deadline_reward: 0.0000
- priority_reward: 0.0000
- critical_job_reward: 0.5000
- placement_reward: 0.0000
- timeliness_reward: -5.5986
- machine_idle_penalty: -9.4000

TOTAL REWARD: -27.6786

CUMULATIVE REWARD COMPONENTS:
- makespan_reward: -36.3050
- setup_reward: -838.0000
- deadline_reward: 10.9644
- priority_reward: 452.0000
- critical_job_reward: 89.7984
- placement_reward: 0.0000
- timeliness_reward: 54.5224
- machine_idle_penalty: -498.1375

CUMULATIVE TOTAL: -765.1573

CRITICAL STATE INFO:
- Valid actions: ['J2', 'J12', 'J16', 'J17']
- Machine states:
  - Machine M1: Time=7261.00, Idle=0.00, Material=Mountainbike_Rahmen_nachbearbeitet
  - Machine M2: Time=7036.00, Idle=225.00, Material=Mountainbike_Bremsaufnahme_gebohrt
  - Machine M3: Time=6734.00, Idle=527.00, Material=E-Bike_Schaltauge_bearbeitet
==================================================

2025-06-18 13:14:33,510 - JSPGymEnvironment - INFO - Material change on machine M2: Mountainbike_Bremsaufnahme_gebohrt -> Mountainbike_Steuerrohr_ausgerieben, setup time: 20
2025-06-18 13:14:33,511 - JSPGymEnvironment - INFO - Executed operation: Job J2, Op 5, Machine M2, Start: 7281, End: 7304, Setup: 20
2025-06-18 13:14:33,511 - JSPGymEnvironment - INFO - Job J2 completed at time 7304, deadline: 2880, met: False, priority: 8
2025-06-18 13:14:33,511 - JSPGymEnvironment - INFO - 
===== REWARD DETAILS FOR STEP 129 =====
Job: J2, Operation: 5, Job Completed: True
Current Time: 7261.00 -> 7304.00, Setup Time: 20.00
Processing Time: 23.00, Idle Time: 0.00
Completed Jobs: 17/20
Machine: M2, Material: Mountainbike_Steuerrohr_ausgerieben
Job Deadline: 2880.00 (Missed), Priority: 8

REWARD COMPONENTS:
- makespan_reward: -0.2150
- setup_reward: -5.0000
- deadline_reward: -3.8403
- priority_reward: 32.0000
- critical_job_reward: 0.5000
- placement_reward: 0.0000
- timeliness_reward: -5.5988
- machine_idle_penalty: -7.6625

TOTAL REWARD: 10.1834

CUMULATIVE REWARD COMPONENTS:
- makespan_reward: -36.5200
- setup_reward: -843.0000
- deadline_reward: 7.1242
- priority_reward: 484.0000
- critical_job_reward: 90.2984
- placement_reward: 0.0000
- timeliness_reward: 48.9236
- machine_idle_penalty: -505.8000

CUMULATIVE TOTAL: -754.9739

CRITICAL STATE INFO:
- Valid actions: ['J12', 'J16', 'J17']
- Machine states:
  - Machine M1: Time=7261.00, Idle=43.00, Material=Mountainbike_Rahmen_nachbearbeitet
  - Machine M2: Time=7304.00, Idle=0.00, Material=Mountainbike_Steuerrohr_ausgerieben
  - Machine M3: Time=6734.00, Idle=570.00, Material=E-Bike_Schaltauge_bearbeitet
==================================================

2025-06-18 13:14:33,511 - JSPGymEnvironment - INFO - Retro-Bonus für Job J2: -5.0
2025-06-18 13:14:33,548 - JSPGymEnvironment - INFO - Material change on machine M2: Mountainbike_Steuerrohr_ausgerieben -> Racebike_Rahmen_lackiert, setup time: 18
2025-06-18 13:14:33,548 - JSPGymEnvironment - INFO - Executed operation: Job J16, Op 2, Machine M2, Start: 7322, End: 7350, Setup: 18
2025-06-18 13:14:33,549 - JSPGymEnvironment - INFO - 
===== REWARD DETAILS FOR STEP 130 =====
Job: J16, Operation: 2, Job Completed: False
Current Time: 7304.00 -> 7350.00, Setup Time: 18.00
Processing Time: 28.00, Idle Time: 0.00
Completed Jobs: 17/20
Machine: M2, Material: Racebike_Rahmen_lackiert

REWARD COMPONENTS:
- makespan_reward: -0.2300
- setup_reward: -4.5000
- deadline_reward: 0.0000
- priority_reward: 0.0000
- critical_job_reward: 0.5000
- placement_reward: 0.0000
- timeliness_reward: -5.5989
- machine_idle_penalty: -8.8125

TOTAL REWARD: -18.6414

CUMULATIVE REWARD COMPONENTS:
- makespan_reward: -36.7500
- setup_reward: -847.5000
- deadline_reward: 7.1242
- priority_reward: 484.0000
- critical_job_reward: 90.7984
- placement_reward: 0.0000
- timeliness_reward: 43.3247
- machine_idle_penalty: -514.6125

CUMULATIVE TOTAL: -773.6153

CRITICAL STATE INFO:
- Valid actions: ['J12', 'J16', 'J17']
- Machine states:
  - Machine M1: Time=7261.00, Idle=89.00, Material=Mountainbike_Rahmen_nachbearbeitet
  - Machine M2: Time=7350.00, Idle=0.00, Material=Racebike_Rahmen_lackiert
  - Machine M3: Time=6734.00, Idle=616.00, Material=E-Bike_Schaltauge_bearbeitet
==================================================

2025-06-18 13:14:33,585 - JSPGymEnvironment - INFO - Material change on machine M3: E-Bike_Schaltauge_bearbeitet -> E-Bike_Hinterbau_vorbereitet, setup time: 15
2025-06-18 13:14:33,585 - JSPGymEnvironment - INFO - Executed operation: Job J12, Op 5, Machine M3, Start: 7365, End: 7389, Setup: 15
2025-06-18 13:14:33,585 - JSPGymEnvironment - INFO - 
===== REWARD DETAILS FOR STEP 131 =====
Job: J12, Operation: 5, Job Completed: False
Current Time: 7350.00 -> 7389.00, Setup Time: 15.00
Processing Time: 24.00, Idle Time: 0.00
Completed Jobs: 17/20
Machine: M3, Material: E-Bike_Hinterbau_vorbereitet

REWARD COMPONENTS:
- makespan_reward: -0.1950
- setup_reward: -3.7500
- deadline_reward: 0.0000
- priority_reward: 0.0000
- critical_job_reward: 0.5000
- placement_reward: 0.0000
- timeliness_reward: -5.5990
- machine_idle_penalty: -2.0875

TOTAL REWARD: -11.1315

CUMULATIVE REWARD COMPONENTS:
- makespan_reward: -36.9450
- setup_reward: -851.2500
- deadline_reward: 7.1242
- priority_reward: 484.0000
- critical_job_reward: 91.2984
- placement_reward: 0.0000
- timeliness_reward: 37.7257
- machine_idle_penalty: -516.7000

CUMULATIVE TOTAL: -784.7468

CRITICAL STATE INFO:
- Valid actions: ['J12', 'J16', 'J17']
- Machine states:
  - Machine M1: Time=7261.00, Idle=128.00, Material=Mountainbike_Rahmen_nachbearbeitet
  - Machine M2: Time=7350.00, Idle=39.00, Material=Racebike_Rahmen_lackiert
  - Machine M3: Time=7389.00, Idle=0.00, Material=E-Bike_Hinterbau_vorbereitet
==================================================

2025-06-18 13:14:33,620 - JSPGymEnvironment - INFO - Material change on machine M3: E-Bike_Hinterbau_vorbereitet -> Racebike_Steuerrohr_ausgerieben, setup time: 19
2025-06-18 13:14:33,621 - JSPGymEnvironment - INFO - Executed operation: Job J16, Op 3, Machine M3, Start: 7408, End: 7452, Setup: 19
2025-06-18 13:14:33,621 - JSPGymEnvironment - INFO - 
===== REWARD DETAILS FOR STEP 132 =====
Job: J16, Operation: 3, Job Completed: False
Current Time: 7389.00 -> 7452.00, Setup Time: 19.00
Processing Time: 44.00, Idle Time: 0.00
Completed Jobs: 17/20
Machine: M3, Material: Racebike_Steuerrohr_ausgerieben

REWARD COMPONENTS:
- makespan_reward: -0.3150
- setup_reward: -4.7500
- deadline_reward: 0.0000
- priority_reward: 0.0000
- critical_job_reward: 0.5000
- placement_reward: 0.0000
- timeliness_reward: -5.5991
- machine_idle_penalty: -3.6625

TOTAL REWARD: -13.8266

CUMULATIVE REWARD COMPONENTS:
- makespan_reward: -37.2600
- setup_reward: -856.0000
- deadline_reward: 7.1242
- priority_reward: 484.0000
- critical_job_reward: 91.7984
- placement_reward: 0.0000
- timeliness_reward: 32.1266
- machine_idle_penalty: -520.3625

CUMULATIVE TOTAL: -798.5734

CRITICAL STATE INFO:
- Valid actions: ['J12', 'J16', 'J17']
- Machine states:
  - Machine M1: Time=7261.00, Idle=191.00, Material=Mountainbike_Rahmen_nachbearbeitet
  - Machine M2: Time=7350.00, Idle=102.00, Material=Racebike_Rahmen_lackiert
  - Machine M3: Time=7452.00, Idle=0.00, Material=Racebike_Steuerrohr_ausgerieben
==================================================

2025-06-18 13:14:33,706 - JSPGymEnvironment - INFO - Material change on machine M1: Mountainbike_Rahmen_nachbearbeitet -> Racebike_Steuerrohr_montiert, setup time: 49
2025-06-18 13:14:33,706 - JSPGymEnvironment - INFO - Executed operation: Job J16, Op 4, Machine M1, Start: 7501, End: 7522, Setup: 49
2025-06-18 13:14:33,706 - JSPGymEnvironment - INFO - 
===== REWARD DETAILS FOR STEP 133 =====
Job: J16, Operation: 4, Job Completed: False
Current Time: 7452.00 -> 7522.00, Setup Time: 49.00
Processing Time: 21.00, Idle Time: 0.00
Completed Jobs: 17/20
Machine: M1, Material: Racebike_Steuerrohr_montiert

REWARD COMPONENTS:
- makespan_reward: -0.3500
- setup_reward: -12.2500
- deadline_reward: 0.0000
- priority_reward: 0.0000
- critical_job_reward: 0.5000
- placement_reward: 0.0000
- timeliness_reward: -5.5992
- machine_idle_penalty: -3.0250

TOTAL REWARD: -20.7242

CUMULATIVE REWARD COMPONENTS:
- makespan_reward: -37.6100
- setup_reward: -868.2500
- deadline_reward: 7.1242
- priority_reward: 484.0000
- critical_job_reward: 92.2984
- placement_reward: 0.0000
- timeliness_reward: 26.5273
- machine_idle_penalty: -523.3875

CUMULATIVE TOTAL: -819.2976

CRITICAL STATE INFO:
- Valid actions: ['J12', 'J16', 'J17']
- Machine states:
  - Machine M1: Time=7522.00, Idle=0.00, Material=Racebike_Steuerrohr_montiert
  - Machine M2: Time=7350.00, Idle=172.00, Material=Racebike_Rahmen_lackiert
  - Machine M3: Time=7452.00, Idle=70.00, Material=Racebike_Steuerrohr_ausgerieben
==================================================

2025-06-18 13:14:33,742 - JSPGymEnvironment - INFO - Material change on machine M3: Racebike_Steuerrohr_ausgerieben -> Racebike_Rahmen_komplettiert, setup time: 15
2025-06-18 13:14:33,742 - JSPGymEnvironment - INFO - Executed operation: Job J16, Op 5, Machine M3, Start: 7537, End: 7593, Setup: 15
2025-06-18 13:14:33,742 - JSPGymEnvironment - INFO - Job J16 completed at time 7593, deadline: 2762, met: False, priority: 9
2025-06-18 13:14:33,743 - JSPGymEnvironment - INFO - 
===== REWARD DETAILS FOR STEP 134 =====
Job: J16, Operation: 5, Job Completed: True
Current Time: 7522.00 -> 7593.00, Setup Time: 15.00
Processing Time: 56.00, Idle Time: 0.00
Completed Jobs: 18/20
Machine: M3, Material: Racebike_Rahmen_komplettiert
Job Deadline: 2762.00 (Missed), Priority: 9

REWARD COMPONENTS:
- makespan_reward: -0.3550
- setup_reward: -3.7500
- deadline_reward: -4.3727
- priority_reward: 36.0000
- critical_job_reward: 0.5000
- placement_reward: 0.0000
- timeliness_reward: -5.5991
- machine_idle_penalty: -3.9250

TOTAL REWARD: 18.4981

CUMULATIVE REWARD COMPONENTS:
- makespan_reward: -37.9650
- setup_reward: -872.0000
- deadline_reward: 2.7514
- priority_reward: 520.0000
- critical_job_reward: 92.7984
- placement_reward: 0.0000
- timeliness_reward: 20.9282
- machine_idle_penalty: -527.3125

CUMULATIVE TOTAL: -800.7995

CRITICAL STATE INFO:
- Valid actions: ['J12', 'J17']
- Machine states:
  - Machine M1: Time=7522.00, Idle=71.00, Material=Racebike_Steuerrohr_montiert
  - Machine M2: Time=7350.00, Idle=243.00, Material=Racebike_Rahmen_lackiert
  - Machine M3: Time=7593.00, Idle=0.00, Material=Racebike_Rahmen_komplettiert
==================================================

2025-06-18 13:14:33,743 - JSPGymEnvironment - INFO - Retro-Bonus für Job J16: -5.0
2025-06-18 13:14:33,779 - JSPGymEnvironment - INFO - Material change on machine M2: Racebike_Rahmen_lackiert -> E-Bike_Rahmen_nachbearbeitet, setup time: 28
2025-06-18 13:14:33,779 - JSPGymEnvironment - INFO - Executed operation: Job J12, Op 6, Machine M2, Start: 7621, End: 7647, Setup: 28
2025-06-18 13:14:33,779 - JSPGymEnvironment - INFO - 
===== REWARD DETAILS FOR STEP 135 =====
Job: J12, Operation: 6, Job Completed: False
Current Time: 7593.00 -> 7647.00, Setup Time: 28.00
Processing Time: 26.00, Idle Time: 0.00
Completed Jobs: 18/20
Machine: M2, Material: E-Bike_Rahmen_nachbearbeitet

REWARD COMPONENTS:
- makespan_reward: -0.2700
- setup_reward: -7.0000
- deadline_reward: 0.0000
- priority_reward: 0.0000
- critical_job_reward: 0.5000
- placement_reward: 0.0000
- timeliness_reward: -5.5992
- machine_idle_penalty: -2.2375

TOTAL REWARD: -14.6067

CUMULATIVE REWARD COMPONENTS:
- makespan_reward: -38.2350
- setup_reward: -879.0000
- deadline_reward: 2.7514
- priority_reward: 520.0000
- critical_job_reward: 93.2984
- placement_reward: 0.0000
- timeliness_reward: 15.3290
- machine_idle_penalty: -529.5500

CUMULATIVE TOTAL: -815.4062

CRITICAL STATE INFO:
- Valid actions: ['J12', 'J17']
- Machine states:
  - Machine M1: Time=7522.00, Idle=125.00, Material=Racebike_Steuerrohr_montiert
  - Machine M2: Time=7647.00, Idle=0.00, Material=E-Bike_Rahmen_nachbearbeitet
  - Machine M3: Time=7593.00, Idle=54.00, Material=Racebike_Rahmen_komplettiert
==================================================

2025-06-18 13:14:33,815 - JSPGymEnvironment - INFO - Material change on machine M3: Racebike_Rahmen_komplettiert -> Mountainbike_Hinterbau_vorbereitet, setup time: 14
2025-06-18 13:14:33,815 - JSPGymEnvironment - INFO - Executed operation: Job J17, Op 6, Machine M3, Start: 7661, End: 7698, Setup: 14
2025-06-18 13:14:33,815 - JSPGymEnvironment - INFO - Job J17 completed at time 7698, deadline: 2857, met: False, priority: 3
2025-06-18 13:14:33,816 - JSPGymEnvironment - INFO - 
===== REWARD DETAILS FOR STEP 136 =====
Job: J17, Operation: 6, Job Completed: True
Current Time: 7647.00 -> 7698.00, Setup Time: 14.00
Processing Time: 37.00, Idle Time: 0.00
Completed Jobs: 19/20
Machine: M3, Material: Mountainbike_Hinterbau_vorbereitet
Job Deadline: 2857.00 (Missed), Priority: 3

REWARD COMPONENTS:
- makespan_reward: -0.2550
- setup_reward: -3.5000
- deadline_reward: -4.2361
- priority_reward: 12.0000
- critical_job_reward: 0.0000
- placement_reward: 0.0000
- timeliness_reward: -5.5993
- machine_idle_penalty: -2.8375

TOTAL REWARD: -4.4279

CUMULATIVE REWARD COMPONENTS:
- makespan_reward: -38.4900
- setup_reward: -882.5000
- deadline_reward: -1.4847
- priority_reward: 532.0000
- critical_job_reward: 93.2984
- placement_reward: 0.0000
- timeliness_reward: 9.7297
- machine_idle_penalty: -532.3875

CUMULATIVE TOTAL: -819.8341

CRITICAL STATE INFO:
- Valid actions: ['J12']
- Machine states:
  - Machine M1: Time=7522.00, Idle=176.00, Material=Racebike_Steuerrohr_montiert
  - Machine M2: Time=7647.00, Idle=51.00, Material=E-Bike_Rahmen_nachbearbeitet
  - Machine M3: Time=7698.00, Idle=0.00, Material=Mountainbike_Hinterbau_vorbereitet
==================================================

2025-06-18 13:14:33,816 - JSPGymEnvironment - INFO - Retro-Bonus für Job J17: -10.0
2025-06-18 13:14:33,852 - JSPGymEnvironment - INFO - Material change on machine M2: E-Bike_Rahmen_nachbearbeitet -> E-Bike_Rahmen_lackiert, setup time: 20
2025-06-18 13:14:33,852 - JSPGymEnvironment - INFO - Executed operation: Job J12, Op 7, Machine M2, Start: 7718, End: 7747, Setup: 20
2025-06-18 13:14:33,852 - JSPGymEnvironment - INFO - Job J12 completed at time 7747, deadline: 2880, met: False, priority: 10
2025-06-18 13:14:33,852 - JSPGymEnvironment - INFO - 
===== REWARD DETAILS FOR STEP 137 =====
Job: J12, Operation: 7, Job Completed: True
Current Time: 7698.00 -> 7747.00, Setup Time: 20.00
Processing Time: 29.00, Idle Time: 0.00
Completed Jobs: 20/20
Machine: M2, Material: E-Bike_Rahmen_lackiert
Job Deadline: 2880.00 (Missed), Priority: 10

REWARD COMPONENTS:
- makespan_reward: -0.2450
- setup_reward: -5.0000
- deadline_reward: -4.2248
- priority_reward: 40.0000
- critical_job_reward: 0.5000
- placement_reward: 0.0000
- timeliness_reward: 2.4000
- machine_idle_penalty: -3.4250

TOTAL REWARD: 30.0052

CUMULATIVE REWARD COMPONENTS:
- makespan_reward: -38.7350
- setup_reward: -887.5000
- deadline_reward: -5.7095
- priority_reward: 572.0000
- critical_job_reward: 93.7984
- placement_reward: 0.0000
- timeliness_reward: 12.1297
- machine_idle_penalty: -535.8125

CUMULATIVE TOTAL: -789.8289

CRITICAL STATE INFO:
- Valid actions: []
- Machine states:
  - Machine M1: Time=7522.00, Idle=225.00, Material=Racebike_Steuerrohr_montiert
  - Machine M2: Time=7747.00, Idle=0.00, Material=E-Bike_Rahmen_lackiert
  - Machine M3: Time=7698.00, Idle=49.00, Material=Mountainbike_Hinterbau_vorbereitet
==================================================

2025-06-18 13:14:33,852 - JSPGymEnvironment - INFO - Retro-Bonus für Job J12: -5.0
2025-06-18 13:14:33,853 - JSPGymEnvironment - INFO - Reward function updated with 76 insights
2025-06-18 13:14:33,853 - JSPGymEnvironment - INFO -   Material change on critical path at Job 11 Operation 0 on Machine M1 (Severity: 1.00)
2025-06-18 13:14:33,853 - JSPGymEnvironment - INFO -   Material change on critical path at Job 11 Operation 1 on Machine M3 (Severity: 1.13)
2025-06-18 13:14:33,853 - JSPGymEnvironment - INFO -   Material change on critical path at Job 11 Operation 2 on Machine M2 (Severity: 1.00)
2025-06-18 13:14:33,853 - JSPGymEnvironment - INFO -   Material change on critical path at Job 11 Operation 3 on Machine M3 (Severity: 1.13)
2025-06-18 13:14:33,853 - JSPGymEnvironment - INFO -   Material change on critical path at Job 11 Operation 4 on Machine M2 (Severity: 1.45)
2025-06-18 13:14:33,853 - JSPGymEnvironment - INFO -   Material change on critical path at Job 11 Operation 5 on Machine M3 (Severity: 1.00)
2025-06-18 13:14:33,853 - JSPGymEnvironment - INFO -   Material change on critical path at Job 11 Operation 6 on Machine M2 (Severity: 1.40)
2025-06-18 13:14:33,853 - JSPGymEnvironment - INFO -   Material change on critical path at Job 11 Operation 7 on Machine M2 (Severity: 1.00)
2025-06-18 13:14:33,853 - JSPGymEnvironment - INFO -   Idle time on critical path before Job 11 Operation 7 on Machine M2 (Severity: 2.45)
2025-06-18 13:14:33,853 - JSPGymEnvironment - INFO -   High priority (8) not on critical path: Job 5 Operation 0 (Severity: 0.33)
2025-06-18 13:14:33,853 - JSPGymEnvironment - INFO -   High priority (9) not on critical path: Job 19 Operation 0 (Severity: 0.67)
2025-06-18 13:14:33,853 - JSPGymEnvironment - INFO -   High priority (8) not on critical path: Job 5 Operation 1 (Severity: 0.33)
2025-06-18 13:14:33,853 - JSPGymEnvironment - INFO -   High priority (8) not on critical path: Job 5 Operation 2 (Severity: 0.33)
2025-06-18 13:14:33,853 - JSPGymEnvironment - INFO -   High priority (9) not on critical path: Job 19 Operation 1 (Severity: 0.67)
2025-06-18 13:14:33,853 - JSPGymEnvironment - INFO -   High priority (10) not on critical path: Job 4 Operation 0 (Severity: 1.00)
2025-06-18 13:14:33,853 - JSPGymEnvironment - INFO -   High priority (9) not on critical path: Job 19 Operation 2 (Severity: 0.67)
2025-06-18 13:14:33,853 - JSPGymEnvironment - INFO -   High priority (9) not on critical path: Job 19 Operation 3 (Severity: 0.67)
2025-06-18 13:14:33,854 - JSPGymEnvironment - INFO -   High priority (8) not on critical path: Job 13 Operation 0 (Severity: 0.33)
2025-06-18 13:14:33,854 - JSPGymEnvironment - INFO -   High priority (8) not on critical path: Job 5 Operation 3 (Severity: 0.33)
2025-06-18 13:14:33,854 - JSPGymEnvironment - INFO -   High priority (8) not on critical path: Job 5 Operation 4 (Severity: 0.33)
2025-06-18 13:14:33,854 - JSPGymEnvironment - INFO -   High priority (8) not on critical path: Job 2 Operation 0 (Severity: 0.33)
2025-06-18 13:14:33,854 - JSPGymEnvironment - INFO -   High priority (9) not on critical path: Job 19 Operation 4 (Severity: 0.67)
2025-06-18 13:14:33,854 - JSPGymEnvironment - INFO -   High priority (8) not on critical path: Job 5 Operation 5 (Severity: 0.33)
2025-06-18 13:14:33,854 - JSPGymEnvironment - INFO -   High priority (8) not on critical path: Job 5 Operation 6 (Severity: 0.33)
2025-06-18 13:14:33,854 - JSPGymEnvironment - INFO -   High priority (8) not on critical path: Job 5 Operation 7 (Severity: 0.33)
2025-06-18 13:14:33,854 - JSPGymEnvironment - INFO -   High priority (9) not on critical path: Job 19 Operation 5 (Severity: 0.67)
2025-06-18 13:14:33,854 - JSPGymEnvironment - INFO -   High priority (10) not on critical path: Job 17 Operation 0 (Severity: 1.00)
2025-06-18 13:14:33,854 - JSPGymEnvironment - INFO -   High priority (10) not on critical path: Job 4 Operation 1 (Severity: 1.00)
2025-06-18 13:14:33,854 - JSPGymEnvironment - INFO -   High priority (9) not on critical path: Job 19 Operation 6 (Severity: 0.67)
2025-06-18 13:14:33,854 - JSPGymEnvironment - INFO -   High priority (9) not on critical path: Job 19 Operation 7 (Severity: 0.67)
2025-06-18 13:14:33,854 - JSPGymEnvironment - INFO -   High priority (9) not on critical path: Job 15 Operation 0 (Severity: 0.67)
2025-06-18 13:14:33,854 - JSPGymEnvironment - INFO -   High priority (8) not on critical path: Job 2 Operation 1 (Severity: 0.33)
2025-06-18 13:14:33,854 - JSPGymEnvironment - INFO -   High priority (8) not on critical path: Job 2 Operation 2 (Severity: 0.33)
2025-06-18 13:14:33,854 - JSPGymEnvironment - INFO -   High priority (10) not on critical path: Job 4 Operation 2 (Severity: 1.00)
2025-06-18 13:14:33,854 - JSPGymEnvironment - INFO -   High priority (10) not on critical path: Job 14 Operation 0 (Severity: 1.00)
2025-06-18 13:14:33,854 - JSPGymEnvironment - INFO -   High priority (10) not on critical path: Job 4 Operation 3 (Severity: 1.00)
2025-06-18 13:14:33,854 - JSPGymEnvironment - INFO -   High priority (10) not on critical path: Job 4 Operation 4 (Severity: 1.00)
2025-06-18 13:14:33,854 - JSPGymEnvironment - INFO -   High priority (8) not on critical path: Job 13 Operation 1 (Severity: 0.33)
2025-06-18 13:14:33,854 - JSPGymEnvironment - INFO -   High priority (10) not on critical path: Job 4 Operation 5 (Severity: 1.00)
2025-06-18 13:14:33,854 - JSPGymEnvironment - INFO -   High priority (10) not on critical path: Job 17 Operation 1 (Severity: 1.00)
2025-06-18 13:14:33,854 - JSPGymEnvironment - INFO -   High priority (10) not on critical path: Job 17 Operation 2 (Severity: 1.00)
2025-06-18 13:14:33,854 - JSPGymEnvironment - INFO -   High priority (10) not on critical path: Job 0 Operation 0 (Severity: 1.00)
2025-06-18 13:14:33,854 - JSPGymEnvironment - INFO -   High priority (10) not on critical path: Job 0 Operation 1 (Severity: 1.00)
2025-06-18 13:14:33,854 - JSPGymEnvironment - INFO -   High priority (8) not on critical path: Job 13 Operation 2 (Severity: 0.33)
2025-06-18 13:14:33,854 - JSPGymEnvironment - INFO -   High priority (8) not on critical path: Job 2 Operation 3 (Severity: 0.33)
2025-06-18 13:14:33,854 - JSPGymEnvironment - INFO -   High priority (8) not on critical path: Job 13 Operation 3 (Severity: 0.33)
2025-06-18 13:14:33,854 - JSPGymEnvironment - INFO -   High priority (10) not on critical path: Job 14 Operation 1 (Severity: 1.00)
2025-06-18 13:14:33,854 - JSPGymEnvironment - INFO -   High priority (8) not on critical path: Job 2 Operation 4 (Severity: 0.33)
2025-06-18 13:14:33,854 - JSPGymEnvironment - INFO -   High priority (8) not on critical path: Job 13 Operation 4 (Severity: 0.33)
2025-06-18 13:14:33,854 - JSPGymEnvironment - INFO -   High priority (8) not on critical path: Job 2 Operation 5 (Severity: 0.33)
2025-06-18 13:14:33,854 - JSPGymEnvironment - INFO -   High priority (8) not on critical path: Job 2 Operation 6 (Severity: 0.33)
2025-06-18 13:14:33,854 - JSPGymEnvironment - INFO -   High priority (8) not on critical path: Job 2 Operation 7 (Severity: 0.33)
2025-06-18 13:14:33,854 - JSPGymEnvironment - INFO -   High priority (10) not on critical path: Job 17 Operation 3 (Severity: 1.00)
2025-06-18 13:14:33,854 - JSPGymEnvironment - INFO -   High priority (9) not on critical path: Job 15 Operation 1 (Severity: 0.67)
2025-06-18 13:14:33,854 - JSPGymEnvironment - INFO -   High priority (10) not on critical path: Job 14 Operation 2 (Severity: 1.00)
2025-06-18 13:14:33,854 - JSPGymEnvironment - INFO -   High priority (8) not on critical path: Job 13 Operation 5 (Severity: 0.33)
2025-06-18 13:14:33,854 - JSPGymEnvironment - INFO -   High priority (10) not on critical path: Job 17 Operation 4 (Severity: 1.00)
2025-06-18 13:14:33,854 - JSPGymEnvironment - INFO -   High priority (10) not on critical path: Job 17 Operation 5 (Severity: 1.00)
2025-06-18 13:14:33,855 - JSPGymEnvironment - INFO -   High priority (10) not on critical path: Job 14 Operation 3 (Severity: 1.00)
2025-06-18 13:14:33,855 - JSPGymEnvironment - INFO -   High priority (10) not on critical path: Job 14 Operation 4 (Severity: 1.00)
2025-06-18 13:14:33,855 - JSPGymEnvironment - INFO -   High priority (8) not on critical path: Job 1 Operation 0 (Severity: 0.33)
2025-06-18 13:14:33,855 - JSPGymEnvironment - INFO -   High priority (8) not on critical path: Job 1 Operation 1 (Severity: 0.33)
2025-06-18 13:14:33,855 - JSPGymEnvironment - INFO -   High priority (10) not on critical path: Job 14 Operation 5 (Severity: 1.00)
2025-06-18 13:14:33,855 - JSPGymEnvironment - INFO -   High priority (10) not on critical path: Job 0 Operation 2 (Severity: 1.00)
2025-06-18 13:14:33,855 - JSPGymEnvironment - INFO -   High priority (10) not on critical path: Job 0 Operation 3 (Severity: 1.00)
2025-06-18 13:14:33,855 - JSPGymEnvironment - INFO -   High priority (10) not on critical path: Job 0 Operation 4 (Severity: 1.00)
2025-06-18 13:14:33,855 - JSPGymEnvironment - INFO -   High priority (8) not on critical path: Job 1 Operation 2 (Severity: 0.33)
2025-06-18 13:14:33,855 - JSPGymEnvironment - INFO -   High priority (8) not on critical path: Job 1 Operation 3 (Severity: 0.33)
2025-06-18 13:14:33,855 - JSPGymEnvironment - INFO -   High priority (10) not on critical path: Job 0 Operation 5 (Severity: 1.00)
2025-06-18 13:14:33,855 - JSPGymEnvironment - INFO -   High priority (10) not on critical path: Job 0 Operation 6 (Severity: 1.00)
2025-06-18 13:14:33,855 - JSPGymEnvironment - INFO -   High priority (8) not on critical path: Job 1 Operation 4 (Severity: 0.33)
2025-06-18 13:14:33,855 - JSPGymEnvironment - INFO -   High priority (8) not on critical path: Job 1 Operation 5 (Severity: 0.33)
2025-06-18 13:14:33,855 - JSPGymEnvironment - INFO -   High priority (9) not on critical path: Job 15 Operation 2 (Severity: 0.67)
2025-06-18 13:14:33,855 - JSPGymEnvironment - INFO -   High priority (9) not on critical path: Job 15 Operation 3 (Severity: 0.67)
2025-06-18 13:14:33,855 - JSPGymEnvironment - INFO -   High priority (9) not on critical path: Job 15 Operation 4 (Severity: 0.67)
2025-06-18 13:14:33,855 - JSPGymEnvironment - INFO -   High priority (9) not on critical path: Job 15 Operation 5 (Severity: 0.67)
2025-06-18 13:14:33,855 - JSPGymEnvironment - INFO - Episode completed. Critical path: 8 operations, Suboptimal placements: 76
2025-06-18 13:14:33,855 - JSPGymEnvironment - INFO - Reward components: {'makespan_reward': -0.245, 'setup_reward': -5.0, 'deadline_reward': -4.224826388888889, 'priority_reward': 40.0, 'critical_job_reward': 0.5, 'placement_reward': 0.0, 'timeliness_reward': 2.4, 'machine_idle_penalty': -3.4250000000000003}
2025-06-18 13:16:04,162 - JSPGymEnvironment - INFO - Environment reset
2025-06-18 13:16:04,202 - JSPGymEnvironment - INFO - Material change on machine M3:  -> Citybike_Hauptrahmen_zugeschnitten, setup time: 0
2025-06-18 13:16:04,202 - JSPGymEnvironment - INFO - Executed operation: Job J6, Op 0, Machine M3, Start: 0, End: 26, Setup: 0
2025-06-18 13:16:04,202 - JSPGymEnvironment - INFO - 
===== REWARD DETAILS FOR STEP 1 =====
Job: J6, Operation: 0, Job Completed: False
Current Time: 0.00 -> 26.00, Setup Time: 0.00
Processing Time: 26.00, Idle Time: 0.00
Completed Jobs: 0/20
Machine: M3, Material: Citybike_Hauptrahmen_zugeschnitten

REWARD COMPONENTS:
- makespan_reward: -0.1300
- setup_reward: 0.0000
- deadline_reward: 0.0000
- priority_reward: 0.0000
- critical_job_reward: 0.5000
- placement_reward: -0.8333
- timeliness_reward: 9.1690
- machine_idle_penalty: -0.7500

TOTAL REWARD: 7.9557

CUMULATIVE REWARD COMPONENTS:
- makespan_reward: -0.1300
- setup_reward: 0.0000
- deadline_reward: 0.0000
- priority_reward: 0.0000
- critical_job_reward: 0.5000
- placement_reward: -0.8333
- timeliness_reward: 9.1690
- machine_idle_penalty: -0.7500

CUMULATIVE TOTAL: 7.9557

CRITICAL STATE INFO:
- Valid actions: ['J1', 'J2', 'J3', 'J4', 'J5', 'J6', 'J7', 'J8', 'J9', 'J10', 'J11', 'J12', 'J13', 'J14', 'J15', 'J16', 'J17', 'J18', 'J19', 'J20']
- Machine states:
  - Machine M1: Time=0.00, Idle=26.00, Material=None
  - Machine M2: Time=0.00, Idle=26.00, Material=None
  - Machine M3: Time=26.00, Idle=0.00, Material=Citybike_Hauptrahmen_zugeschnitten
==================================================

2025-06-18 13:16:04,238 - JSPGymEnvironment - INFO - Material change on machine M2:  -> E-Bike_Bremsaufnahme_gebohrt, setup time: 0
2025-06-18 13:16:04,238 - JSPGymEnvironment - INFO - Executed operation: Job J15, Op 0, Machine M2, Start: 26, End: 52, Setup: 0
2025-06-18 13:16:04,239 - JSPGymEnvironment - INFO - 
===== REWARD DETAILS FOR STEP 2 =====
Job: J15, Operation: 0, Job Completed: False
Current Time: 26.00 -> 52.00, Setup Time: 0.00
Processing Time: 26.00, Idle Time: 0.00
Completed Jobs: 0/20
Machine: M2, Material: E-Bike_Bremsaufnahme_gebohrt

REWARD COMPONENTS:
- makespan_reward: -0.1300
- setup_reward: 0.0000
- deadline_reward: 0.0000
- priority_reward: 0.0000
- critical_job_reward: 0.5000
- placement_reward: -2.5000
- timeliness_reward: 9.1775
- machine_idle_penalty: -1.0750

TOTAL REWARD: 5.9725

CUMULATIVE REWARD COMPONENTS:
- makespan_reward: -0.2600
- setup_reward: 0.0000
- deadline_reward: 0.0000
- priority_reward: 0.0000
- critical_job_reward: 1.0000
- placement_reward: -3.3333
- timeliness_reward: 18.3466
- machine_idle_penalty: -1.8250

CUMULATIVE TOTAL: 13.9282

CRITICAL STATE INFO:
- Valid actions: ['J1', 'J2', 'J3', 'J4', 'J5', 'J6', 'J7', 'J8', 'J9', 'J10', 'J11', 'J12', 'J13', 'J14', 'J15', 'J16', 'J17', 'J18', 'J19', 'J20']
- Machine states:
  - Machine M1: Time=0.00, Idle=52.00, Material=None
  - Machine M2: Time=52.00, Idle=0.00, Material=E-Bike_Bremsaufnahme_gebohrt
  - Machine M3: Time=26.00, Idle=26.00, Material=Citybike_Hauptrahmen_zugeschnitten
==================================================

2025-06-18 13:16:04,277 - JSPGymEnvironment - INFO - Material change on machine M3: Citybike_Hauptrahmen_zugeschnitten -> Citybike_Steuerrohr_ausgerieben, setup time: 15
2025-06-18 13:16:04,277 - JSPGymEnvironment - INFO - Executed operation: Job J6, Op 1, Machine M3, Start: 67, End: 127, Setup: 15
2025-06-18 13:16:04,278 - JSPGymEnvironment - INFO - 
===== REWARD DETAILS FOR STEP 3 =====
Job: J6, Operation: 1, Job Completed: False
Current Time: 52.00 -> 127.00, Setup Time: 15.00
Processing Time: 60.00, Idle Time: 0.00
Completed Jobs: 0/20
Machine: M3, Material: Citybike_Steuerrohr_ausgerieben

REWARD COMPONENTS:
- makespan_reward: -0.3750
- setup_reward: -3.7500
- deadline_reward: 0.0000
- priority_reward: 0.0000
- critical_job_reward: 0.5000
- placement_reward: -0.8333
- timeliness_reward: 9.2012
- machine_idle_penalty: -2.6250

TOTAL REWARD: 2.1179

CUMULATIVE REWARD COMPONENTS:
- makespan_reward: -0.6350
- setup_reward: -3.7500
- deadline_reward: 0.0000
- priority_reward: 0.0000
- critical_job_reward: 1.5000
- placement_reward: -4.1667
- timeliness_reward: 27.5478
- machine_idle_penalty: -4.4500

CUMULATIVE TOTAL: 16.0461

CRITICAL STATE INFO:
- Valid actions: ['J1', 'J2', 'J3', 'J4', 'J5', 'J6', 'J7', 'J8', 'J9', 'J10', 'J11', 'J12', 'J13', 'J14', 'J15', 'J16', 'J17', 'J18', 'J19', 'J20']
- Machine states:
  - Machine M1: Time=0.00, Idle=127.00, Material=None
  - Machine M2: Time=52.00, Idle=75.00, Material=E-Bike_Bremsaufnahme_gebohrt
  - Machine M3: Time=127.00, Idle=0.00, Material=Citybike_Steuerrohr_ausgerieben
==================================================

2025-06-18 13:16:04,315 - JSPGymEnvironment - INFO - Material change on machine M1:  -> E-Bike_Steuerrohr_ausgerieben, setup time: 0
2025-06-18 13:16:04,315 - JSPGymEnvironment - INFO - Executed operation: Job J19, Op 0, Machine M1, Start: 127, End: 149, Setup: 0
2025-06-18 13:16:04,315 - JSPGymEnvironment - INFO - 
===== REWARD DETAILS FOR STEP 4 =====
Job: J19, Operation: 0, Job Completed: False
Current Time: 127.00 -> 149.00, Setup Time: 0.00
Processing Time: 22.00, Idle Time: 0.00
Completed Jobs: 0/20
Machine: M1, Material: E-Bike_Steuerrohr_ausgerieben

REWARD COMPONENTS:
- makespan_reward: -0.1100
- setup_reward: 0.0000
- deadline_reward: 0.0000
- priority_reward: 0.0000
- critical_job_reward: 0.0000
- placement_reward: 0.0000
- timeliness_reward: 9.2079
- machine_idle_penalty: -1.5375

TOTAL REWARD: 7.5604

CUMULATIVE REWARD COMPONENTS:
- makespan_reward: -0.7450
- setup_reward: -3.7500
- deadline_reward: 0.0000
- priority_reward: 0.0000
- critical_job_reward: 1.5000
- placement_reward: -4.1667
- timeliness_reward: 36.7557
- machine_idle_penalty: -5.9875

CUMULATIVE TOTAL: 23.6066

CRITICAL STATE INFO:
- Valid actions: ['J1', 'J2', 'J3', 'J4', 'J5', 'J6', 'J7', 'J8', 'J9', 'J10', 'J11', 'J12', 'J13', 'J14', 'J15', 'J16', 'J17', 'J18', 'J19', 'J20']
- Machine states:
  - Machine M1: Time=149.00, Idle=0.00, Material=E-Bike_Steuerrohr_ausgerieben
  - Machine M2: Time=52.00, Idle=97.00, Material=E-Bike_Bremsaufnahme_gebohrt
  - Machine M3: Time=127.00, Idle=22.00, Material=Citybike_Steuerrohr_ausgerieben
==================================================

2025-06-18 13:16:04,424 - JSPGymEnvironment - INFO - Material change on machine M1: E-Bike_Steuerrohr_ausgerieben -> Citybike_Schaltauge_bearbeitet, setup time: 47
2025-06-18 13:16:04,425 - JSPGymEnvironment - INFO - Executed operation: Job J6, Op 2, Machine M1, Start: 196, End: 241, Setup: 47
2025-06-18 13:16:04,425 - JSPGymEnvironment - INFO - 
===== REWARD DETAILS FOR STEP 5 =====
Job: J6, Operation: 2, Job Completed: False
Current Time: 149.00 -> 241.00, Setup Time: 47.00
Processing Time: 45.00, Idle Time: 0.00
Completed Jobs: 0/20
Machine: M1, Material: Citybike_Schaltauge_bearbeitet

REWARD COMPONENTS:
- makespan_reward: -0.4600
- setup_reward: -11.7500
- deadline_reward: 0.0000
- priority_reward: 0.0000
- critical_job_reward: 0.5000
- placement_reward: -0.8333
- timeliness_reward: 9.2347
- machine_idle_penalty: -3.8875

TOTAL REWARD: -7.1961

CUMULATIVE REWARD COMPONENTS:
- makespan_reward: -1.2050
- setup_reward: -15.5000
- deadline_reward: 0.0000
- priority_reward: 0.0000
- critical_job_reward: 2.0000
- placement_reward: -5.0000
- timeliness_reward: 45.9905
- machine_idle_penalty: -9.8750

CUMULATIVE TOTAL: 16.4105

CRITICAL STATE INFO:
- Valid actions: ['J1', 'J2', 'J3', 'J4', 'J5', 'J6', 'J7', 'J8', 'J9', 'J10', 'J11', 'J12', 'J13', 'J14', 'J15', 'J16', 'J17', 'J18', 'J19', 'J20']
- Machine states:
  - Machine M1: Time=241.00, Idle=0.00, Material=Citybike_Schaltauge_bearbeitet
  - Machine M2: Time=52.00, Idle=189.00, Material=E-Bike_Bremsaufnahme_gebohrt
  - Machine M3: Time=127.00, Idle=114.00, Material=Citybike_Steuerrohr_ausgerieben
==================================================

2025-06-18 13:16:04,461 - JSPGymEnvironment - INFO - Material change on machine M3: Citybike_Steuerrohr_ausgerieben -> Citybike_Bremsen_justiert, setup time: 15
2025-06-18 13:16:04,462 - JSPGymEnvironment - INFO - Executed operation: Job J4, Op 0, Machine M3, Start: 256, End: 288, Setup: 15
2025-06-18 13:16:04,462 - JSPGymEnvironment - INFO - 
===== REWARD DETAILS FOR STEP 6 =====
Job: J4, Operation: 0, Job Completed: False
Current Time: 241.00 -> 288.00, Setup Time: 15.00
Processing Time: 32.00, Idle Time: 0.00
Completed Jobs: 0/20
Machine: M3, Material: Citybike_Bremsen_justiert

REWARD COMPONENTS:
- makespan_reward: -0.2350
- setup_reward: -3.7500
- deadline_reward: 0.0000
- priority_reward: 0.0000
- critical_job_reward: 0.0000
- placement_reward: 0.0000
- timeliness_reward: 9.2477
- machine_idle_penalty: -3.5875

TOTAL REWARD: 1.6752

CUMULATIVE REWARD COMPONENTS:
- makespan_reward: -1.4400
- setup_reward: -19.2500
- deadline_reward: 0.0000
- priority_reward: 0.0000
- critical_job_reward: 2.0000
- placement_reward: -5.0000
- timeliness_reward: 55.2382
- machine_idle_penalty: -13.4625

CUMULATIVE TOTAL: 18.0857

CRITICAL STATE INFO:
- Valid actions: ['J1', 'J2', 'J3', 'J4', 'J5', 'J6', 'J7', 'J8', 'J9', 'J10', 'J11', 'J12', 'J13', 'J14', 'J15', 'J16', 'J17', 'J18', 'J19', 'J20']
- Machine states:
  - Machine M1: Time=241.00, Idle=47.00, Material=Citybike_Schaltauge_bearbeitet
  - Machine M2: Time=52.00, Idle=236.00, Material=E-Bike_Bremsaufnahme_gebohrt
  - Machine M3: Time=288.00, Idle=0.00, Material=Citybike_Bremsen_justiert
==================================================

2025-06-18 13:16:04,499 - JSPGymEnvironment - INFO - Material change on machine M2: E-Bike_Bremsaufnahme_gebohrt -> E-Bike_Bremsen_justiert, setup time: 20
2025-06-18 13:16:04,499 - JSPGymEnvironment - INFO - Executed operation: Job J20, Op 0, Machine M2, Start: 308, End: 334, Setup: 20
2025-06-18 13:16:04,499 - JSPGymEnvironment - INFO - 
===== REWARD DETAILS FOR STEP 7 =====
Job: J20, Operation: 0, Job Completed: False
Current Time: 288.00 -> 334.00, Setup Time: 20.00
Processing Time: 26.00, Idle Time: 0.00
Completed Jobs: 0/20
Machine: M2, Material: E-Bike_Bremsen_justiert

REWARD COMPONENTS:
- makespan_reward: -0.2300
- setup_reward: -5.0000
- deadline_reward: 0.0000
- priority_reward: 0.0000
- critical_job_reward: 0.5000
- placement_reward: -1.6667
- timeliness_reward: 9.2647
- machine_idle_penalty: -1.7375

TOTAL REWARD: 1.1305

CUMULATIVE REWARD COMPONENTS:
- makespan_reward: -1.6700
- setup_reward: -24.2500
- deadline_reward: 0.0000
- priority_reward: 0.0000
- critical_job_reward: 2.5000
- placement_reward: -6.6667
- timeliness_reward: 64.5029
- machine_idle_penalty: -15.2000

CUMULATIVE TOTAL: 19.2162

CRITICAL STATE INFO:
- Valid actions: ['J1', 'J2', 'J3', 'J4', 'J5', 'J6', 'J7', 'J8', 'J9', 'J10', 'J11', 'J12', 'J13', 'J14', 'J15', 'J16', 'J17', 'J18', 'J19', 'J20']
- Machine states:
  - Machine M1: Time=241.00, Idle=93.00, Material=Citybike_Schaltauge_bearbeitet
  - Machine M2: Time=334.00, Idle=0.00, Material=E-Bike_Bremsen_justiert
  - Machine M3: Time=288.00, Idle=46.00, Material=Citybike_Bremsen_justiert
==================================================

2025-06-18 13:16:04,535 - JSPGymEnvironment - INFO - Material change on machine M1: Citybike_Schaltauge_bearbeitet -> E-Bike_Rahmen_lackiert, setup time: 45
2025-06-18 13:16:04,535 - JSPGymEnvironment - INFO - Executed operation: Job J20, Op 1, Machine M1, Start: 379, End: 416, Setup: 45
2025-06-18 13:16:04,536 - JSPGymEnvironment - INFO - 
===== REWARD DETAILS FOR STEP 8 =====
Job: J20, Operation: 1, Job Completed: False
Current Time: 334.00 -> 416.00, Setup Time: 45.00
Processing Time: 37.00, Idle Time: 0.00
Completed Jobs: 0/20
Machine: M1, Material: E-Bike_Rahmen_lackiert

REWARD COMPONENTS:
- makespan_reward: -0.4100
- setup_reward: -11.2500
- deadline_reward: 0.0000
- priority_reward: 0.0000
- critical_job_reward: 0.5000
- placement_reward: -1.6667
- timeliness_reward: 9.2851
- machine_idle_penalty: -2.6250

TOTAL REWARD: -6.1665

CUMULATIVE REWARD COMPONENTS:
- makespan_reward: -2.0800
- setup_reward: -35.5000
- deadline_reward: 0.0000
- priority_reward: 0.0000
- critical_job_reward: 3.0000
- placement_reward: -8.3333
- timeliness_reward: 73.7880
- machine_idle_penalty: -17.8250

CUMULATIVE TOTAL: 13.0497

CRITICAL STATE INFO:
- Valid actions: ['J1', 'J2', 'J3', 'J4', 'J5', 'J6', 'J7', 'J8', 'J9', 'J10', 'J11', 'J12', 'J13', 'J14', 'J15', 'J16', 'J17', 'J18', 'J19', 'J20']
- Machine states:
  - Machine M1: Time=416.00, Idle=0.00, Material=E-Bike_Rahmen_lackiert
  - Machine M2: Time=334.00, Idle=82.00, Material=E-Bike_Bremsen_justiert
  - Machine M3: Time=288.00, Idle=128.00, Material=Citybike_Bremsen_justiert
==================================================

2025-06-18 13:16:04,577 - JSPGymEnvironment - INFO - Material change on machine M1: E-Bike_Rahmen_lackiert -> E-Bike_Rahmen_komplettiert, setup time: 40
2025-06-18 13:16:04,577 - JSPGymEnvironment - INFO - Executed operation: Job J20, Op 2, Machine M1, Start: 456, End: 472, Setup: 40
2025-06-18 13:16:04,577 - JSPGymEnvironment - INFO - 
===== REWARD DETAILS FOR STEP 9 =====
Job: J20, Operation: 2, Job Completed: False
Current Time: 416.00 -> 472.00, Setup Time: 40.00
Processing Time: 16.00, Idle Time: 0.00
Completed Jobs: 0/20
Machine: M1, Material: E-Bike_Rahmen_komplettiert

REWARD COMPONENTS:
- makespan_reward: -0.2800
- setup_reward: -10.0000
- deadline_reward: 0.0000
- priority_reward: 0.0000
- critical_job_reward: 0.5000
- placement_reward: -1.6667
- timeliness_reward: 9.2975
- machine_idle_penalty: -4.0250

TOTAL REWARD: -6.1741

CUMULATIVE REWARD COMPONENTS:
- makespan_reward: -2.3600
- setup_reward: -45.5000
- deadline_reward: 0.0000
- priority_reward: 0.0000
- critical_job_reward: 3.5000
- placement_reward: -10.0000
- timeliness_reward: 83.0855
- machine_idle_penalty: -21.8500

CUMULATIVE TOTAL: 6.8755

CRITICAL STATE INFO:
- Valid actions: ['J1', 'J2', 'J3', 'J4', 'J5', 'J6', 'J7', 'J8', 'J9', 'J10', 'J11', 'J12', 'J13', 'J14', 'J15', 'J16', 'J17', 'J18', 'J19', 'J20']
- Machine states:
  - Machine M1: Time=472.00, Idle=0.00, Material=E-Bike_Rahmen_komplettiert
  - Machine M2: Time=334.00, Idle=138.00, Material=E-Bike_Bremsen_justiert
  - Machine M3: Time=288.00, Idle=184.00, Material=Citybike_Bremsen_justiert
==================================================

2025-06-18 13:16:04,617 - JSPGymEnvironment - INFO - Material change on machine M1: E-Bike_Rahmen_komplettiert -> Citybike_Rahmen_lackiert, setup time: 47
2025-06-18 13:16:04,617 - JSPGymEnvironment - INFO - Executed operation: Job J4, Op 1, Machine M1, Start: 519, End: 560, Setup: 47
2025-06-18 13:16:04,617 - JSPGymEnvironment - INFO - 
===== REWARD DETAILS FOR STEP 10 =====
Job: J4, Operation: 1, Job Completed: False
Current Time: 472.00 -> 560.00, Setup Time: 47.00
Processing Time: 41.00, Idle Time: 0.00
Completed Jobs: 0/20
Machine: M1, Material: Citybike_Rahmen_lackiert

REWARD COMPONENTS:
- makespan_reward: -0.4400
- setup_reward: -11.7500
- deadline_reward: 0.0000
- priority_reward: 0.0000
- critical_job_reward: 0.0000
- placement_reward: 0.0000
- timeliness_reward: 9.3055
- machine_idle_penalty: -6.3250

TOTAL REWARD: -9.2095

CUMULATIVE REWARD COMPONENTS:
- makespan_reward: -2.8000
- setup_reward: -57.2500
- deadline_reward: 0.0000
- priority_reward: 0.0000
- critical_job_reward: 3.5000
- placement_reward: -10.0000
- timeliness_reward: 92.3911
- machine_idle_penalty: -28.1750

CUMULATIVE TOTAL: -2.3339

CRITICAL STATE INFO:
- Valid actions: ['J1', 'J2', 'J3', 'J4', 'J5', 'J6', 'J7', 'J8', 'J9', 'J10', 'J11', 'J12', 'J13', 'J14', 'J15', 'J16', 'J17', 'J18', 'J19', 'J20']
- Machine states:
  - Machine M1: Time=560.00, Idle=0.00, Material=Citybike_Rahmen_lackiert
  - Machine M2: Time=334.00, Idle=226.00, Material=E-Bike_Bremsen_justiert
  - Machine M3: Time=288.00, Idle=272.00, Material=Citybike_Bremsen_justiert
==================================================

2025-06-18 13:16:04,655 - JSPGymEnvironment - INFO - Material change on machine M1: Citybike_Rahmen_lackiert -> Citybike_Rahmen_komplettiert, setup time: 40
2025-06-18 13:16:04,655 - JSPGymEnvironment - INFO - Executed operation: Job J6, Op 3, Machine M1, Start: 600, End: 638, Setup: 40
2025-06-18 13:16:04,655 - JSPGymEnvironment - INFO - 
===== REWARD DETAILS FOR STEP 11 =====
Job: J6, Operation: 3, Job Completed: False
Current Time: 560.00 -> 638.00, Setup Time: 40.00
Processing Time: 38.00, Idle Time: 0.00
Completed Jobs: 0/20
Machine: M1, Material: Citybike_Rahmen_komplettiert

REWARD COMPONENTS:
- makespan_reward: -0.3900
- setup_reward: -10.0000
- deadline_reward: 0.0000
- priority_reward: 0.0000
- critical_job_reward: 0.5000
- placement_reward: -0.8333
- timeliness_reward: 9.3148
- machine_idle_penalty: -8.2750

TOTAL REWARD: -9.6836

CUMULATIVE REWARD COMPONENTS:
- makespan_reward: -3.1900
- setup_reward: -67.2500
- deadline_reward: 0.0000
- priority_reward: 0.0000
- critical_job_reward: 4.0000
- placement_reward: -10.8333
- timeliness_reward: 101.7058
- machine_idle_penalty: -36.4500

CUMULATIVE TOTAL: -12.0175

CRITICAL STATE INFO:
- Valid actions: ['J1', 'J2', 'J3', 'J4', 'J5', 'J6', 'J7', 'J8', 'J9', 'J10', 'J11', 'J12', 'J13', 'J14', 'J15', 'J16', 'J17', 'J18', 'J19', 'J20']
- Machine states:
  - Machine M1: Time=638.00, Idle=0.00, Material=Citybike_Rahmen_komplettiert
  - Machine M2: Time=334.00, Idle=304.00, Material=E-Bike_Bremsen_justiert
  - Machine M3: Time=288.00, Idle=350.00, Material=Citybike_Bremsen_justiert
==================================================

2025-06-18 13:16:04,695 - JSPGymEnvironment - INFO - Material change on machine M3: Citybike_Bremsen_justiert -> Citybike_Antrieb_installiert, setup time: 15
2025-06-18 13:16:04,695 - JSPGymEnvironment - INFO - Executed operation: Job J6, Op 4, Machine M3, Start: 653, End: 692, Setup: 15
2025-06-18 13:16:04,695 - JSPGymEnvironment - INFO - 
===== REWARD DETAILS FOR STEP 12 =====
Job: J6, Operation: 4, Job Completed: False
Current Time: 638.00 -> 692.00, Setup Time: 15.00
Processing Time: 39.00, Idle Time: 0.00
Completed Jobs: 0/20
Machine: M3, Material: Citybike_Antrieb_installiert

REWARD COMPONENTS:
- makespan_reward: -0.2700
- setup_reward: -3.7500
- deadline_reward: 0.0000
- priority_reward: 0.0000
- critical_job_reward: 0.5000
- placement_reward: -0.8333
- timeliness_reward: 9.3192
- machine_idle_penalty: -5.2000

TOTAL REWARD: -0.2341

CUMULATIVE REWARD COMPONENTS:
- makespan_reward: -3.4600
- setup_reward: -71.0000
- deadline_reward: 0.0000
- priority_reward: 0.0000
- critical_job_reward: 4.5000
- placement_reward: -11.6667
- timeliness_reward: 111.0250
- machine_idle_penalty: -41.6500

CUMULATIVE TOTAL: -12.2516

CRITICAL STATE INFO:
- Valid actions: ['J1', 'J2', 'J3', 'J4', 'J5', 'J6', 'J7', 'J8', 'J9', 'J10', 'J11', 'J12', 'J13', 'J14', 'J15', 'J16', 'J17', 'J18', 'J19', 'J20']
- Machine states:
  - Machine M1: Time=638.00, Idle=54.00, Material=Citybike_Rahmen_komplettiert
  - Machine M2: Time=334.00, Idle=358.00, Material=E-Bike_Bremsen_justiert
  - Machine M3: Time=692.00, Idle=0.00, Material=Citybike_Antrieb_installiert
==================================================

2025-06-18 13:16:04,813 - JSPGymEnvironment - INFO - Material change on machine M1: Citybike_Rahmen_komplettiert -> Mountainbike_Bremsaufnahme_gebohrt, setup time: 30
2025-06-18 13:16:04,813 - JSPGymEnvironment - INFO - Executed operation: Job J10, Op 0, Machine M1, Start: 722, End: 746, Setup: 30
2025-06-18 13:16:04,813 - JSPGymEnvironment - INFO - 
===== REWARD DETAILS FOR STEP 13 =====
Job: J10, Operation: 0, Job Completed: False
Current Time: 692.00 -> 746.00, Setup Time: 30.00
Processing Time: 24.00, Idle Time: 0.00
Completed Jobs: 0/20
Machine: M1, Material: Mountainbike_Bremsaufnahme_gebohrt

REWARD COMPONENTS:
- makespan_reward: -0.2700
- setup_reward: -7.5000
- deadline_reward: 0.0000
- priority_reward: 0.0000
- critical_job_reward: 0.0000
- placement_reward: 0.0000
- timeliness_reward: 9.3222
- machine_idle_penalty: -5.8750

TOTAL REWARD: -4.3228

CUMULATIVE REWARD COMPONENTS:
- makespan_reward: -3.7300
- setup_reward: -78.5000
- deadline_reward: 0.0000
- priority_reward: 0.0000
- critical_job_reward: 4.5000
- placement_reward: -11.6667
- timeliness_reward: 120.3472
- machine_idle_penalty: -47.5250

CUMULATIVE TOTAL: -16.5744

CRITICAL STATE INFO:
- Valid actions: ['J1', 'J2', 'J3', 'J4', 'J5', 'J6', 'J7', 'J8', 'J9', 'J10', 'J11', 'J12', 'J13', 'J14', 'J15', 'J16', 'J17', 'J18', 'J19', 'J20']
- Machine states:
  - Machine M1: Time=746.00, Idle=0.00, Material=Mountainbike_Bremsaufnahme_gebohrt
  - Machine M2: Time=334.00, Idle=412.00, Material=E-Bike_Bremsen_justiert
  - Machine M3: Time=692.00, Idle=54.00, Material=Citybike_Antrieb_installiert
==================================================

2025-06-18 13:16:04,850 - JSPGymEnvironment - INFO - Material change on machine M3: Citybike_Antrieb_installiert -> Mountainbike_Fahrrad_endmontiert, setup time: 10
2025-06-18 13:16:04,850 - JSPGymEnvironment - INFO - Executed operation: Job J7, Op 0, Machine M3, Start: 756, End: 793, Setup: 10
2025-06-18 13:16:04,851 - JSPGymEnvironment - INFO - 
===== REWARD DETAILS FOR STEP 14 =====
Job: J7, Operation: 0, Job Completed: False
Current Time: 746.00 -> 793.00, Setup Time: 10.00
Processing Time: 37.00, Idle Time: 0.00
Completed Jobs: 0/20
Machine: M3, Material: Mountainbike_Fahrrad_endmontiert

REWARD COMPONENTS:
- makespan_reward: -0.2350
- setup_reward: -2.5000
- deadline_reward: 0.0000
- priority_reward: 0.0000
- critical_job_reward: 0.0000
- placement_reward: 0.0000
- timeliness_reward: 9.3300
- machine_idle_penalty: -6.3750

TOTAL REWARD: 0.2200

CUMULATIVE REWARD COMPONENTS:
- makespan_reward: -3.9650
- setup_reward: -81.0000
- deadline_reward: 0.0000
- priority_reward: 0.0000
- critical_job_reward: 4.5000
- placement_reward: -11.6667
- timeliness_reward: 129.6772
- machine_idle_penalty: -53.9000

CUMULATIVE TOTAL: -16.3544

CRITICAL STATE INFO:
- Valid actions: ['J1', 'J2', 'J3', 'J4', 'J5', 'J6', 'J7', 'J8', 'J9', 'J10', 'J11', 'J12', 'J13', 'J14', 'J15', 'J16', 'J17', 'J18', 'J19', 'J20']
- Machine states:
  - Machine M1: Time=746.00, Idle=47.00, Material=Mountainbike_Bremsaufnahme_gebohrt
  - Machine M2: Time=334.00, Idle=459.00, Material=E-Bike_Bremsen_justiert
  - Machine M3: Time=793.00, Idle=0.00, Material=Mountainbike_Fahrrad_endmontiert
==================================================

2025-06-18 13:16:04,888 - JSPGymEnvironment - INFO - Material change on machine M1: Mountainbike_Bremsaufnahme_gebohrt -> Citybike_Tretlageraufnahme_geschweisst, setup time: 34
2025-06-18 13:16:04,888 - JSPGymEnvironment - INFO - Executed operation: Job J6, Op 5, Machine M1, Start: 827, End: 847, Setup: 34
2025-06-18 13:16:04,888 - JSPGymEnvironment - INFO - 
===== REWARD DETAILS FOR STEP 15 =====
Job: J6, Operation: 5, Job Completed: False
Current Time: 793.00 -> 847.00, Setup Time: 34.00
Processing Time: 20.00, Idle Time: 0.00
Completed Jobs: 0/20
Machine: M1, Material: Citybike_Tretlageraufnahme_geschweisst

REWARD COMPONENTS:
- makespan_reward: -0.2700
- setup_reward: -8.5000
- deadline_reward: 0.0000
- priority_reward: 0.0000
- critical_job_reward: 0.5000
- placement_reward: -0.8333
- timeliness_reward: 9.3193
- machine_idle_penalty: -7.1375

TOTAL REWARD: -6.9215

CUMULATIVE REWARD COMPONENTS:
- makespan_reward: -4.2350
- setup_reward: -89.5000
- deadline_reward: 0.0000
- priority_reward: 0.0000
- critical_job_reward: 5.0000
- placement_reward: -12.5000
- timeliness_reward: 138.9965
- machine_idle_penalty: -61.0375

CUMULATIVE TOTAL: -23.2760

CRITICAL STATE INFO:
- Valid actions: ['J1', 'J2', 'J3', 'J4', 'J5', 'J6', 'J7', 'J8', 'J9', 'J10', 'J11', 'J12', 'J13', 'J14', 'J15', 'J16', 'J17', 'J18', 'J19', 'J20']
- Machine states:
  - Machine M1: Time=847.00, Idle=0.00, Material=Citybike_Tretlageraufnahme_geschweisst
  - Machine M2: Time=334.00, Idle=513.00, Material=E-Bike_Bremsen_justiert
  - Machine M3: Time=793.00, Idle=54.00, Material=Mountainbike_Fahrrad_endmontiert
==================================================

2025-06-18 13:16:04,925 - JSPGymEnvironment - INFO - Material change on machine M3: Mountainbike_Fahrrad_endmontiert -> Citybike_Tretlageraufnahme_geschweisst, setup time: 13
2025-06-18 13:16:04,925 - JSPGymEnvironment - INFO - Executed operation: Job J4, Op 2, Machine M3, Start: 860, End: 910, Setup: 13
2025-06-18 13:16:04,926 - JSPGymEnvironment - INFO - 
===== REWARD DETAILS FOR STEP 16 =====
Job: J4, Operation: 2, Job Completed: False
Current Time: 847.00 -> 910.00, Setup Time: 13.00
Processing Time: 50.00, Idle Time: 0.00
Completed Jobs: 0/20
Machine: M3, Material: Citybike_Tretlageraufnahme_geschweisst

REWARD COMPONENTS:
- makespan_reward: -0.3150
- setup_reward: -3.2500
- deadline_reward: 0.0000
- priority_reward: 0.0000
- critical_job_reward: 0.0000
- placement_reward: 0.0000
- timeliness_reward: 9.3137
- machine_idle_penalty: -8.0375

TOTAL REWARD: -2.2888

CUMULATIVE REWARD COMPONENTS:
- makespan_reward: -4.5500
- setup_reward: -92.7500
- deadline_reward: 0.0000
- priority_reward: 0.0000
- critical_job_reward: 5.0000
- placement_reward: -12.5000
- timeliness_reward: 148.3102
- machine_idle_penalty: -69.0750

CUMULATIVE TOTAL: -25.5648

CRITICAL STATE INFO:
- Valid actions: ['J1', 'J2', 'J3', 'J4', 'J5', 'J6', 'J7', 'J8', 'J9', 'J10', 'J11', 'J12', 'J13', 'J14', 'J15', 'J16', 'J17', 'J18', 'J19', 'J20']
- Machine states:
  - Machine M1: Time=847.00, Idle=63.00, Material=Citybike_Tretlageraufnahme_geschweisst
  - Machine M2: Time=334.00, Idle=576.00, Material=E-Bike_Bremsen_justiert
  - Machine M3: Time=910.00, Idle=0.00, Material=Citybike_Tretlageraufnahme_geschweisst
==================================================

2025-06-18 13:16:04,963 - JSPGymEnvironment - INFO - Material change on machine M2: E-Bike_Bremsen_justiert -> E-Bike_Hinterbau_vorbereitet, setup time: 20
2025-06-18 13:16:04,964 - JSPGymEnvironment - INFO - Executed operation: Job J20, Op 3, Machine M2, Start: 930, End: 951, Setup: 20
2025-06-18 13:16:04,964 - JSPGymEnvironment - INFO - 
===== REWARD DETAILS FOR STEP 17 =====
Job: J20, Operation: 3, Job Completed: False
Current Time: 910.00 -> 951.00, Setup Time: 20.00
Processing Time: 21.00, Idle Time: 0.00
Completed Jobs: 0/20
Machine: M2, Material: E-Bike_Hinterbau_vorbereitet

REWARD COMPONENTS:
- makespan_reward: -0.2050
- setup_reward: -5.0000
- deadline_reward: 0.0000
- priority_reward: 0.0000
- critical_job_reward: 0.5000
- placement_reward: -1.6667
- timeliness_reward: 9.3216
- machine_idle_penalty: -1.8125

TOTAL REWARD: 1.1375

CUMULATIVE REWARD COMPONENTS:
- makespan_reward: -4.7550
- setup_reward: -97.7500
- deadline_reward: 0.0000
- priority_reward: 0.0000
- critical_job_reward: 5.5000
- placement_reward: -14.1667
- timeliness_reward: 157.6319
- machine_idle_penalty: -70.8875

CUMULATIVE TOTAL: -24.4273

CRITICAL STATE INFO:
- Valid actions: ['J1', 'J2', 'J3', 'J4', 'J5', 'J6', 'J7', 'J8', 'J9', 'J10', 'J11', 'J12', 'J13', 'J14', 'J15', 'J16', 'J17', 'J18', 'J19', 'J20']
- Machine states:
  - Machine M1: Time=847.00, Idle=104.00, Material=Citybike_Tretlageraufnahme_geschweisst
  - Machine M2: Time=951.00, Idle=0.00, Material=E-Bike_Hinterbau_vorbereitet
  - Machine M3: Time=910.00, Idle=41.00, Material=Citybike_Tretlageraufnahme_geschweisst
==================================================

2025-06-18 13:16:05,002 - JSPGymEnvironment - INFO - Material change on machine M3: Citybike_Tretlageraufnahme_geschweisst -> Citybike_Steuerrohr_montiert, setup time: 15
2025-06-18 13:16:05,002 - JSPGymEnvironment - INFO - Executed operation: Job J6, Op 6, Machine M3, Start: 966, End: 986, Setup: 15
2025-06-18 13:16:05,003 - JSPGymEnvironment - INFO - 
===== REWARD DETAILS FOR STEP 18 =====
Job: J6, Operation: 6, Job Completed: False
Current Time: 951.00 -> 986.00, Setup Time: 15.00
Processing Time: 20.00, Idle Time: 0.00
Completed Jobs: 0/20
Machine: M3, Material: Citybike_Steuerrohr_montiert

REWARD COMPONENTS:
- makespan_reward: -0.1750
- setup_reward: -3.7500
- deadline_reward: 0.0000
- priority_reward: 0.0000
- critical_job_reward: 0.5000
- placement_reward: -0.8333
- timeliness_reward: 9.2991
- machine_idle_penalty: -2.1750

TOTAL REWARD: 2.8658

CUMULATIVE REWARD COMPONENTS:
- makespan_reward: -4.9300
- setup_reward: -101.5000
- deadline_reward: 0.0000
- priority_reward: 0.0000
- critical_job_reward: 6.0000
- placement_reward: -15.0000
- timeliness_reward: 166.9310
- machine_idle_penalty: -73.0625

CUMULATIVE TOTAL: -21.5615

CRITICAL STATE INFO:
- Valid actions: ['J1', 'J2', 'J3', 'J4', 'J5', 'J6', 'J7', 'J8', 'J9', 'J10', 'J11', 'J12', 'J13', 'J14', 'J15', 'J16', 'J17', 'J18', 'J19', 'J20']
- Machine states:
  - Machine M1: Time=847.00, Idle=139.00, Material=Citybike_Tretlageraufnahme_geschweisst
  - Machine M2: Time=951.00, Idle=35.00, Material=E-Bike_Hinterbau_vorbereitet
  - Machine M3: Time=986.00, Idle=0.00, Material=Citybike_Steuerrohr_montiert
==================================================

2025-06-18 13:16:05,040 - JSPGymEnvironment - INFO - Material change on machine M2: E-Bike_Hinterbau_vorbereitet -> Racebike_Schaltauge_bearbeitet, setup time: 27
2025-06-18 13:16:05,040 - JSPGymEnvironment - INFO - Executed operation: Job J5, Op 0, Machine M2, Start: 1013, End: 1024, Setup: 27
2025-06-18 13:16:05,040 - JSPGymEnvironment - INFO - 
===== REWARD DETAILS FOR STEP 19 =====
Job: J5, Operation: 0, Job Completed: False
Current Time: 986.00 -> 1024.00, Setup Time: 27.00
Processing Time: 11.00, Idle Time: 0.00
Completed Jobs: 0/20
Machine: M2, Material: Racebike_Schaltauge_bearbeitet

REWARD COMPONENTS:
- makespan_reward: -0.1900
- setup_reward: -6.7500
- deadline_reward: 0.0000
- priority_reward: 0.0000
- critical_job_reward: 0.5000
- placement_reward: -2.5000
- timeliness_reward: 9.2895
- machine_idle_penalty: -2.6875

TOTAL REWARD: -2.3380

CUMULATIVE REWARD COMPONENTS:
- makespan_reward: -5.1200
- setup_reward: -108.2500
- deadline_reward: 0.0000
- priority_reward: 0.0000
- critical_job_reward: 6.5000
- placement_reward: -17.5000
- timeliness_reward: 176.2205
- machine_idle_penalty: -75.7500

CUMULATIVE TOTAL: -23.8995

CRITICAL STATE INFO:
- Valid actions: ['J1', 'J2', 'J3', 'J4', 'J5', 'J6', 'J7', 'J8', 'J9', 'J10', 'J11', 'J12', 'J13', 'J14', 'J15', 'J16', 'J17', 'J18', 'J19', 'J20']
- Machine states:
  - Machine M1: Time=847.00, Idle=177.00, Material=Citybike_Tretlageraufnahme_geschweisst
  - Machine M2: Time=1024.00, Idle=0.00, Material=Racebike_Schaltauge_bearbeitet
  - Machine M3: Time=986.00, Idle=38.00, Material=Citybike_Steuerrohr_montiert
==================================================

2025-06-18 13:16:05,079 - JSPGymEnvironment - INFO - Material change on machine M1: Citybike_Tretlageraufnahme_geschweisst -> E-Bike_Steuerrohr_montiert, setup time: 45
2025-06-18 13:16:05,079 - JSPGymEnvironment - INFO - Executed operation: Job J12, Op 0, Machine M1, Start: 1069, End: 1085, Setup: 45
2025-06-18 13:16:05,080 - JSPGymEnvironment - INFO - 
===== REWARD DETAILS FOR STEP 20 =====
Job: J12, Operation: 0, Job Completed: False
Current Time: 1024.00 -> 1085.00, Setup Time: 45.00
Processing Time: 16.00, Idle Time: 0.00
Completed Jobs: 0/20
Machine: M1, Material: E-Bike_Steuerrohr_montiert

REWARD COMPONENTS:
- makespan_reward: -0.3050
- setup_reward: -11.2500
- deadline_reward: 0.0000
- priority_reward: 0.0000
- critical_job_reward: 0.5000
- placement_reward: -2.5000
- timeliness_reward: 9.2697
- machine_idle_penalty: -2.0000

TOTAL REWARD: -6.2853

CUMULATIVE REWARD COMPONENTS:
- makespan_reward: -5.4250
- setup_reward: -119.5000
- deadline_reward: 0.0000
- priority_reward: 0.0000
- critical_job_reward: 7.0000
- placement_reward: -20.0000
- timeliness_reward: 185.4902
- machine_idle_penalty: -77.7500

CUMULATIVE TOTAL: -30.1848

CRITICAL STATE INFO:
- Valid actions: ['J1', 'J2', 'J3', 'J4', 'J5', 'J6', 'J7', 'J8', 'J9', 'J10', 'J11', 'J12', 'J13', 'J14', 'J15', 'J16', 'J17', 'J18', 'J19', 'J20']
- Machine states:
  - Machine M1: Time=1085.00, Idle=0.00, Material=E-Bike_Steuerrohr_montiert
  - Machine M2: Time=1024.00, Idle=61.00, Material=Racebike_Schaltauge_bearbeitet
  - Machine M3: Time=986.00, Idle=99.00, Material=Citybike_Steuerrohr_montiert
==================================================

2025-06-18 13:16:05,192 - JSPGymEnvironment - INFO - Material change on machine M2: Racebike_Schaltauge_bearbeitet -> Citybike_Antrieb_installiert, setup time: 16
2025-06-18 13:16:05,192 - JSPGymEnvironment - INFO - Executed operation: Job J4, Op 3, Machine M2, Start: 1101, End: 1128, Setup: 16
2025-06-18 13:16:05,192 - JSPGymEnvironment - INFO - 
===== REWARD DETAILS FOR STEP 21 =====
Job: J4, Operation: 3, Job Completed: False
Current Time: 1085.00 -> 1128.00, Setup Time: 16.00
Processing Time: 27.00, Idle Time: 0.00
Completed Jobs: 0/20
Machine: M2, Material: Citybike_Antrieb_installiert

REWARD COMPONENTS:
- makespan_reward: -0.2150
- setup_reward: -4.0000
- deadline_reward: 0.0000
- priority_reward: 0.0000
- critical_job_reward: 0.0000
- placement_reward: 0.0000
- timeliness_reward: 9.2532
- machine_idle_penalty: -2.3125

TOTAL REWARD: 2.7257

CUMULATIVE REWARD COMPONENTS:
- makespan_reward: -5.6400
- setup_reward: -123.5000
- deadline_reward: 0.0000
- priority_reward: 0.0000
- critical_job_reward: 7.0000
- placement_reward: -20.0000
- timeliness_reward: 194.7434
- machine_idle_penalty: -80.0625

CUMULATIVE TOTAL: -27.4591

CRITICAL STATE INFO:
- Valid actions: ['J1', 'J2', 'J3', 'J4', 'J5', 'J6', 'J7', 'J8', 'J9', 'J10', 'J11', 'J12', 'J13', 'J14', 'J15', 'J16', 'J17', 'J18', 'J19', 'J20']
- Machine states:
  - Machine M1: Time=1085.00, Idle=43.00, Material=E-Bike_Steuerrohr_montiert
  - Machine M2: Time=1128.00, Idle=0.00, Material=Citybike_Antrieb_installiert
  - Machine M3: Time=986.00, Idle=142.00, Material=Citybike_Steuerrohr_montiert
==================================================

2025-06-18 13:16:05,229 - JSPGymEnvironment - INFO - Material change on machine M3: Citybike_Steuerrohr_montiert -> Citybike_Fahrrad_endmontiert, setup time: 15
2025-06-18 13:16:05,229 - JSPGymEnvironment - INFO - Executed operation: Job J3, Op 0, Machine M3, Start: 1143, End: 1177, Setup: 15
2025-06-18 13:16:05,230 - JSPGymEnvironment - INFO - 
===== REWARD DETAILS FOR STEP 22 =====
Job: J3, Operation: 0, Job Completed: False
Current Time: 1128.00 -> 1177.00, Setup Time: 15.00
Processing Time: 34.00, Idle Time: 0.00
Completed Jobs: 0/20
Machine: M3, Material: Citybike_Fahrrad_endmontiert

REWARD COMPONENTS:
- makespan_reward: -0.2450
- setup_reward: -3.7500
- deadline_reward: 0.0000
- priority_reward: 0.0000
- critical_job_reward: 0.5000
- placement_reward: -0.8333
- timeliness_reward: 9.2285
- machine_idle_penalty: -1.7625

TOTAL REWARD: 3.1376

CUMULATIVE REWARD COMPONENTS:
- makespan_reward: -5.8850
- setup_reward: -127.2500
- deadline_reward: 0.0000
- priority_reward: 0.0000
- critical_job_reward: 7.5000
- placement_reward: -20.8333
- timeliness_reward: 203.9719
- machine_idle_penalty: -81.8250

CUMULATIVE TOTAL: -24.3215

CRITICAL STATE INFO:
- Valid actions: ['J1', 'J2', 'J3', 'J4', 'J5', 'J6', 'J7', 'J8', 'J9', 'J10', 'J11', 'J12', 'J13', 'J14', 'J15', 'J16', 'J17', 'J18', 'J19', 'J20']
- Machine states:
  - Machine M1: Time=1085.00, Idle=92.00, Material=E-Bike_Steuerrohr_montiert
  - Machine M2: Time=1128.00, Idle=49.00, Material=Citybike_Antrieb_installiert
  - Machine M3: Time=1177.00, Idle=0.00, Material=Citybike_Fahrrad_endmontiert
==================================================

2025-06-18 13:16:05,268 - JSPGymEnvironment - INFO - Material change on machine M1: E-Bike_Steuerrohr_montiert -> Racebike_Tretlageraufnahme_geschweisst, setup time: 59
2025-06-18 13:16:05,268 - JSPGymEnvironment - INFO - Executed operation: Job J5, Op 1, Machine M1, Start: 1236, End: 1277, Setup: 59
2025-06-18 13:16:05,268 - JSPGymEnvironment - INFO - 
===== REWARD DETAILS FOR STEP 23 =====
Job: J5, Operation: 1, Job Completed: False
Current Time: 1177.00 -> 1277.00, Setup Time: 59.00
Processing Time: 41.00, Idle Time: 0.00
Completed Jobs: 0/20
Machine: M1, Material: Racebike_Tretlageraufnahme_geschweisst

REWARD COMPONENTS:
- makespan_reward: -0.5000
- setup_reward: -14.7500
- deadline_reward: 0.0000
- priority_reward: 0.0000
- critical_job_reward: 0.5000
- placement_reward: -2.5000
- timeliness_reward: 9.1655
- machine_idle_penalty: -3.1125

TOTAL REWARD: -11.1970

CUMULATIVE REWARD COMPONENTS:
- makespan_reward: -6.3850
- setup_reward: -142.0000
- deadline_reward: 0.0000
- priority_reward: 0.0000
- critical_job_reward: 8.0000
- placement_reward: -23.3333
- timeliness_reward: 213.1373
- machine_idle_penalty: -84.9375

CUMULATIVE TOTAL: -35.5185

CRITICAL STATE INFO:
- Valid actions: ['J1', 'J2', 'J3', 'J4', 'J5', 'J6', 'J7', 'J8', 'J9', 'J10', 'J11', 'J12', 'J13', 'J14', 'J15', 'J16', 'J17', 'J18', 'J19', 'J20']
- Machine states:
  - Machine M1: Time=1277.00, Idle=0.00, Material=Racebike_Tretlageraufnahme_geschweisst
  - Machine M2: Time=1128.00, Idle=149.00, Material=Citybike_Antrieb_installiert
  - Machine M3: Time=1177.00, Idle=100.00, Material=Citybike_Fahrrad_endmontiert
==================================================

2025-06-18 13:16:05,306 - JSPGymEnvironment - INFO - Executed operation: Job J4, Op 4, Machine M3, Start: 1287, End: 1336, Setup: 10
2025-06-18 13:16:05,306 - JSPGymEnvironment - INFO - Job J4 completed at time 1336, deadline: 2874, met: True, priority: 2
2025-06-18 13:16:05,306 - JSPGymEnvironment - INFO - 
===== REWARD DETAILS FOR STEP 24 =====
Job: J4, Operation: 4, Job Completed: True
Current Time: 1277.00 -> 1336.00, Setup Time: 10.00
Processing Time: 49.00, Idle Time: 0.00
Completed Jobs: 1/20
Machine: M3, Material: Citybike_Fahrrad_endmontiert
Job Deadline: 2874.00 (Met), Priority: 2

REWARD COMPONENTS:
- makespan_reward: -0.2950
- setup_reward: -2.5000
- deadline_reward: 20.0000
- priority_reward: 8.0000
- critical_job_reward: 0.0000
- placement_reward: 0.0000
- timeliness_reward: 9.1190
- machine_idle_penalty: -3.3375

TOTAL REWARD: 30.9865

CUMULATIVE REWARD COMPONENTS:
- makespan_reward: -6.6800
- setup_reward: -144.5000
- deadline_reward: 20.0000
- priority_reward: 8.0000
- critical_job_reward: 8.0000
- placement_reward: -23.3333
- timeliness_reward: 222.2564
- machine_idle_penalty: -88.2750

CUMULATIVE TOTAL: -4.5320

CRITICAL STATE INFO:
- Valid actions: ['J1', 'J2', 'J3', 'J5', 'J6', 'J7', 'J8', 'J9', 'J10', 'J11', 'J12', 'J13', 'J14', 'J15', 'J16', 'J17', 'J18', 'J19', 'J20']
- Machine states:
  - Machine M1: Time=1277.00, Idle=59.00, Material=Racebike_Tretlageraufnahme_geschweisst
  - Machine M2: Time=1128.00, Idle=208.00, Material=Citybike_Antrieb_installiert
  - Machine M3: Time=1336.00, Idle=0.00, Material=Citybike_Fahrrad_endmontiert
==================================================

2025-06-18 13:16:05,306 - JSPGymEnvironment - INFO - Retro-Bonus für Job J4: +10.0
2025-06-18 13:16:05,344 - JSPGymEnvironment - INFO - Material change on machine M3: Citybike_Fahrrad_endmontiert -> Citybike_Laufraeder_montiert, setup time: 15
2025-06-18 13:16:05,344 - JSPGymEnvironment - INFO - Executed operation: Job J6, Op 7, Machine M3, Start: 1351, End: 1383, Setup: 15
2025-06-18 13:16:05,344 - JSPGymEnvironment - INFO - Job J6 completed at time 1383, deadline: 2880, met: True, priority: 8
2025-06-18 13:16:05,345 - JSPGymEnvironment - INFO - 
===== REWARD DETAILS FOR STEP 25 =====
Job: J6, Operation: 7, Job Completed: True
Current Time: 1336.00 -> 1383.00, Setup Time: 15.00
Processing Time: 32.00, Idle Time: 0.00
Completed Jobs: 2/20
Machine: M3, Material: Citybike_Laufraeder_montiert
Job Deadline: 2880.00 (Met), Priority: 8

REWARD COMPONENTS:
- makespan_reward: -0.2350
- setup_reward: -3.7500
- deadline_reward: 20.0000
- priority_reward: 32.0000
- critical_job_reward: 18.7375
- placement_reward: -0.8333
- timeliness_reward: 9.0723
- machine_idle_penalty: -4.5125

TOTAL REWARD: 70.4789

CUMULATIVE REWARD COMPONENTS:
- makespan_reward: -6.9150
- setup_reward: -148.2500
- deadline_reward: 40.0000
- priority_reward: 40.0000
- critical_job_reward: 26.7375
- placement_reward: -24.1667
- timeliness_reward: 231.3286
- machine_idle_penalty: -92.7875

CUMULATIVE TOTAL: 65.9470

CRITICAL STATE INFO:
- Valid actions: ['J1', 'J2', 'J3', 'J5', 'J7', 'J8', 'J9', 'J10', 'J11', 'J12', 'J13', 'J14', 'J15', 'J16', 'J17', 'J18', 'J19', 'J20']
- Machine states:
  - Machine M1: Time=1277.00, Idle=106.00, Material=Racebike_Tretlageraufnahme_geschweisst
  - Machine M2: Time=1128.00, Idle=255.00, Material=Citybike_Antrieb_installiert
  - Machine M3: Time=1383.00, Idle=0.00, Material=Citybike_Laufraeder_montiert
==================================================

2025-06-18 13:16:05,345 - JSPGymEnvironment - INFO - Retro-Bonus für Job J6: +15.0
2025-06-18 13:16:05,382 - JSPGymEnvironment - INFO - Material change on machine M3: Citybike_Laufraeder_montiert -> E-Bike_Tretlageraufnahme_geschweisst, setup time: 20
2025-06-18 13:16:05,383 - JSPGymEnvironment - INFO - Executed operation: Job J14, Op 0, Machine M3, Start: 1403, End: 1453, Setup: 20
2025-06-18 13:16:05,383 - JSPGymEnvironment - INFO - 
===== REWARD DETAILS FOR STEP 26 =====
Job: J14, Operation: 0, Job Completed: False
Current Time: 1383.00 -> 1453.00, Setup Time: 20.00
Processing Time: 50.00, Idle Time: 0.00
Completed Jobs: 2/20
Machine: M3, Material: E-Bike_Tretlageraufnahme_geschweisst

REWARD COMPONENTS:
- makespan_reward: -0.3500
- setup_reward: -5.0000
- deadline_reward: 0.0000
- priority_reward: 0.0000
- critical_job_reward: 0.5000
- placement_reward: -0.8333
- timeliness_reward: 8.9950
- machine_idle_penalty: -6.2625

TOTAL REWARD: -2.9508

CUMULATIVE REWARD COMPONENTS:
- makespan_reward: -7.2650
- setup_reward: -153.2500
- deadline_reward: 40.0000
- priority_reward: 40.0000
- critical_job_reward: 27.2375
- placement_reward: -25.0000
- timeliness_reward: 240.3236
- machine_idle_penalty: -99.0500

CUMULATIVE TOTAL: 62.9961

CRITICAL STATE INFO:
- Valid actions: ['J1', 'J2', 'J3', 'J5', 'J7', 'J8', 'J9', 'J10', 'J11', 'J12', 'J13', 'J14', 'J15', 'J16', 'J17', 'J18', 'J19', 'J20']
- Machine states:
  - Machine M1: Time=1277.00, Idle=176.00, Material=Racebike_Tretlageraufnahme_geschweisst
  - Machine M2: Time=1128.00, Idle=325.00, Material=Citybike_Antrieb_installiert
  - Machine M3: Time=1453.00, Idle=0.00, Material=E-Bike_Tretlageraufnahme_geschweisst
==================================================

2025-06-18 13:16:05,420 - JSPGymEnvironment - INFO - Material change on machine M2: Citybike_Antrieb_installiert -> Racebike_Rahmen_nachbearbeitet, setup time: 19
2025-06-18 13:16:05,420 - JSPGymEnvironment - INFO - Executed operation: Job J5, Op 2, Machine M2, Start: 1472, End: 1487, Setup: 19
2025-06-18 13:16:05,421 - JSPGymEnvironment - INFO - 
===== REWARD DETAILS FOR STEP 27 =====
Job: J5, Operation: 2, Job Completed: False
Current Time: 1453.00 -> 1487.00, Setup Time: 19.00
Processing Time: 15.00, Idle Time: 0.00
Completed Jobs: 2/20
Machine: M2, Material: Racebike_Rahmen_nachbearbeitet

REWARD COMPONENTS:
- makespan_reward: -0.1700
- setup_reward: -4.7500
- deadline_reward: 0.0000
- priority_reward: 0.0000
- critical_job_reward: 0.5000
- placement_reward: -2.5000
- timeliness_reward: 8.9521
- machine_idle_penalty: -3.0500

TOTAL REWARD: -1.0179

CUMULATIVE REWARD COMPONENTS:
- makespan_reward: -7.4350
- setup_reward: -158.0000
- deadline_reward: 40.0000
- priority_reward: 40.0000
- critical_job_reward: 27.7375
- placement_reward: -27.5000
- timeliness_reward: 249.2758
- machine_idle_penalty: -102.1000

CUMULATIVE TOTAL: 61.9783

CRITICAL STATE INFO:
- Valid actions: ['J1', 'J2', 'J3', 'J5', 'J7', 'J8', 'J9', 'J10', 'J11', 'J12', 'J13', 'J14', 'J15', 'J16', 'J17', 'J18', 'J19', 'J20']
- Machine states:
  - Machine M1: Time=1277.00, Idle=210.00, Material=Racebike_Tretlageraufnahme_geschweisst
  - Machine M2: Time=1487.00, Idle=0.00, Material=Racebike_Rahmen_nachbearbeitet
  - Machine M3: Time=1453.00, Idle=34.00, Material=E-Bike_Tretlageraufnahme_geschweisst
==================================================

2025-06-18 13:16:05,458 - JSPGymEnvironment - INFO - Material change on machine M2: Racebike_Rahmen_nachbearbeitet -> Racebike_Hauptrahmen_zugeschnitten, setup time: 20
2025-06-18 13:16:05,458 - JSPGymEnvironment - INFO - Executed operation: Job J5, Op 3, Machine M2, Start: 1507, End: 1520, Setup: 20
2025-06-18 13:16:05,458 - JSPGymEnvironment - INFO - 
===== REWARD DETAILS FOR STEP 28 =====
Job: J5, Operation: 3, Job Completed: False
Current Time: 1487.00 -> 1520.00, Setup Time: 20.00
Processing Time: 13.00, Idle Time: 0.00
Completed Jobs: 2/20
Machine: M2, Material: Racebike_Hauptrahmen_zugeschnitten

REWARD COMPONENTS:
- makespan_reward: -0.1650
- setup_reward: -5.0000
- deadline_reward: 0.0000
- priority_reward: 0.0000
- critical_job_reward: 0.5000
- placement_reward: -2.5000
- timeliness_reward: 8.9069
- machine_idle_penalty: -3.8750

TOTAL REWARD: -2.1331

CUMULATIVE REWARD COMPONENTS:
- makespan_reward: -7.6000
- setup_reward: -163.0000
- deadline_reward: 40.0000
- priority_reward: 40.0000
- critical_job_reward: 28.2375
- placement_reward: -30.0000
- timeliness_reward: 258.1827
- machine_idle_penalty: -105.9750

CUMULATIVE TOTAL: 59.8452

CRITICAL STATE INFO:
- Valid actions: ['J1', 'J2', 'J3', 'J5', 'J7', 'J8', 'J9', 'J10', 'J11', 'J12', 'J13', 'J14', 'J15', 'J16', 'J17', 'J18', 'J19', 'J20']
- Machine states:
  - Machine M1: Time=1277.00, Idle=243.00, Material=Racebike_Tretlageraufnahme_geschweisst
  - Machine M2: Time=1520.00, Idle=0.00, Material=Racebike_Hauptrahmen_zugeschnitten
  - Machine M3: Time=1453.00, Idle=67.00, Material=E-Bike_Tretlageraufnahme_geschweisst
==================================================

2025-06-18 13:16:05,567 - JSPGymEnvironment - INFO - Material change on machine M2: Racebike_Hauptrahmen_zugeschnitten -> Mountainbike_Bremsaufnahme_gebohrt, setup time: 23
2025-06-18 13:16:05,567 - JSPGymEnvironment - INFO - Executed operation: Job J17, Op 0, Machine M2, Start: 1543, End: 1556, Setup: 23
2025-06-18 13:16:05,568 - JSPGymEnvironment - INFO - 
===== REWARD DETAILS FOR STEP 29 =====
Job: J17, Operation: 0, Job Completed: False
Current Time: 1520.00 -> 1556.00, Setup Time: 23.00
Processing Time: 13.00, Idle Time: 0.00
Completed Jobs: 2/20
Machine: M2, Material: Mountainbike_Bremsaufnahme_gebohrt

REWARD COMPONENTS:
- makespan_reward: -0.1800
- setup_reward: -5.7500
- deadline_reward: 0.0000
- priority_reward: 0.0000
- critical_job_reward: 0.0000
- placement_reward: 0.0000
- timeliness_reward: 8.8586
- machine_idle_penalty: -4.7750

TOTAL REWARD: -1.8464

CUMULATIVE REWARD COMPONENTS:
- makespan_reward: -7.7800
- setup_reward: -168.7500
- deadline_reward: 40.0000
- priority_reward: 40.0000
- critical_job_reward: 28.2375
- placement_reward: -30.0000
- timeliness_reward: 267.0413
- machine_idle_penalty: -110.7500

CUMULATIVE TOTAL: 57.9988

CRITICAL STATE INFO:
- Valid actions: ['J1', 'J2', 'J3', 'J5', 'J7', 'J8', 'J9', 'J10', 'J11', 'J12', 'J13', 'J14', 'J15', 'J16', 'J17', 'J18', 'J19', 'J20']
- Machine states:
  - Machine M1: Time=1277.00, Idle=279.00, Material=Racebike_Tretlageraufnahme_geschweisst
  - Machine M2: Time=1556.00, Idle=0.00, Material=Mountainbike_Bremsaufnahme_gebohrt
  - Machine M3: Time=1453.00, Idle=103.00, Material=E-Bike_Tretlageraufnahme_geschweisst
==================================================

2025-06-18 13:16:05,605 - JSPGymEnvironment - INFO - Material change on machine M3: E-Bike_Tretlageraufnahme_geschweisst -> Racebike_Schaltauge_bearbeitet, setup time: 19
2025-06-18 13:16:05,606 - JSPGymEnvironment - INFO - Executed operation: Job J16, Op 0, Machine M3, Start: 1575, End: 1623, Setup: 19
2025-06-18 13:16:05,606 - JSPGymEnvironment - INFO - 
===== REWARD DETAILS FOR STEP 30 =====
Job: J16, Operation: 0, Job Completed: False
Current Time: 1556.00 -> 1623.00, Setup Time: 19.00
Processing Time: 48.00, Idle Time: 0.00
Completed Jobs: 2/20
Machine: M3, Material: Racebike_Schaltauge_bearbeitet

REWARD COMPONENTS:
- makespan_reward: -0.3350
- setup_reward: -4.7500
- deadline_reward: 0.0000
- priority_reward: 0.0000
- critical_job_reward: 0.5000
- placement_reward: -1.6667
- timeliness_reward: 8.7698
- machine_idle_penalty: -5.1625

TOTAL REWARD: -2.6444

CUMULATIVE REWARD COMPONENTS:
- makespan_reward: -8.1150
- setup_reward: -173.5000
- deadline_reward: 40.0000
- priority_reward: 40.0000
- critical_job_reward: 28.7375
- placement_reward: -31.6667
- timeliness_reward: 275.8111
- machine_idle_penalty: -115.9125

CUMULATIVE TOTAL: 55.3544

CRITICAL STATE INFO:
- Valid actions: ['J1', 'J2', 'J3', 'J5', 'J7', 'J8', 'J9', 'J10', 'J11', 'J12', 'J13', 'J14', 'J15', 'J16', 'J17', 'J18', 'J19', 'J20']
- Machine states:
  - Machine M1: Time=1277.00, Idle=346.00, Material=Racebike_Tretlageraufnahme_geschweisst
  - Machine M2: Time=1556.00, Idle=67.00, Material=Mountainbike_Bremsaufnahme_gebohrt
  - Machine M3: Time=1623.00, Idle=0.00, Material=Racebike_Schaltauge_bearbeitet
==================================================

2025-06-18 13:16:05,644 - JSPGymEnvironment - INFO - Material change on machine M1: Racebike_Tretlageraufnahme_geschweisst -> E-Bike_Laufraeder_montiert, setup time: 47
2025-06-18 13:16:05,644 - JSPGymEnvironment - INFO - Executed operation: Job J20, Op 4, Machine M1, Start: 1670, End: 1704, Setup: 47
2025-06-18 13:16:05,644 - JSPGymEnvironment - INFO - 
===== REWARD DETAILS FOR STEP 31 =====
Job: J20, Operation: 4, Job Completed: False
Current Time: 1623.00 -> 1704.00, Setup Time: 47.00
Processing Time: 34.00, Idle Time: 0.00
Completed Jobs: 2/20
Machine: M1, Material: E-Bike_Laufraeder_montiert

REWARD COMPONENTS:
- makespan_reward: -0.4050
- setup_reward: -11.7500
- deadline_reward: 0.0000
- priority_reward: 0.0000
- critical_job_reward: 0.5000
- placement_reward: -1.6667
- timeliness_reward: 8.6080
- machine_idle_penalty: -2.8625

TOTAL REWARD: -7.5761

CUMULATIVE REWARD COMPONENTS:
- makespan_reward: -8.5200
- setup_reward: -185.2500
- deadline_reward: 40.0000
- priority_reward: 40.0000
- critical_job_reward: 29.2375
- placement_reward: -33.3333
- timeliness_reward: 284.4191
- machine_idle_penalty: -118.7750

CUMULATIVE TOTAL: 47.7783

CRITICAL STATE INFO:
- Valid actions: ['J1', 'J2', 'J3', 'J5', 'J7', 'J8', 'J9', 'J10', 'J11', 'J12', 'J13', 'J14', 'J15', 'J16', 'J17', 'J18', 'J19', 'J20']
- Machine states:
  - Machine M1: Time=1704.00, Idle=0.00, Material=E-Bike_Laufraeder_montiert
  - Machine M2: Time=1556.00, Idle=148.00, Material=Mountainbike_Bremsaufnahme_gebohrt
  - Machine M3: Time=1623.00, Idle=81.00, Material=Racebike_Schaltauge_bearbeitet
==================================================

2025-06-18 13:16:05,682 - JSPGymEnvironment - INFO - Material change on machine M2: Mountainbike_Bremsaufnahme_gebohrt -> Citybike_Steuerrohr_montiert, setup time: 15
2025-06-18 13:16:05,682 - JSPGymEnvironment - INFO - Executed operation: Job J3, Op 1, Machine M2, Start: 1719, End: 1737, Setup: 15
2025-06-18 13:16:05,682 - JSPGymEnvironment - INFO - 
===== REWARD DETAILS FOR STEP 32 =====
Job: J3, Operation: 1, Job Completed: False
Current Time: 1704.00 -> 1737.00, Setup Time: 15.00
Processing Time: 18.00, Idle Time: 0.00
Completed Jobs: 2/20
Machine: M2, Material: Citybike_Steuerrohr_montiert

REWARD COMPONENTS:
- makespan_reward: -0.1650
- setup_reward: -3.7500
- deadline_reward: 0.0000
- priority_reward: 0.0000
- critical_job_reward: 0.5000
- placement_reward: -0.8333
- timeliness_reward: 8.5070
- machine_idle_penalty: -1.8375

TOTAL REWARD: 2.4212

CUMULATIVE REWARD COMPONENTS:
- makespan_reward: -8.6850
- setup_reward: -189.0000
- deadline_reward: 40.0000
- priority_reward: 40.0000
- critical_job_reward: 29.7375
- placement_reward: -34.1667
- timeliness_reward: 292.9261
- machine_idle_penalty: -120.6125

CUMULATIVE TOTAL: 50.1995

CRITICAL STATE INFO:
- Valid actions: ['J1', 'J2', 'J3', 'J5', 'J7', 'J8', 'J9', 'J10', 'J11', 'J12', 'J13', 'J14', 'J15', 'J16', 'J17', 'J18', 'J19', 'J20']
- Machine states:
  - Machine M1: Time=1704.00, Idle=33.00, Material=E-Bike_Laufraeder_montiert
  - Machine M2: Time=1737.00, Idle=0.00, Material=Citybike_Steuerrohr_montiert
  - Machine M3: Time=1623.00, Idle=114.00, Material=Racebike_Schaltauge_bearbeitet
==================================================

2025-06-18 13:16:05,720 - JSPGymEnvironment - INFO - Material change on machine M3: Racebike_Schaltauge_bearbeitet -> Mountainbike_Rahmen_nachbearbeitet, setup time: 14
2025-06-18 13:16:05,720 - JSPGymEnvironment - INFO - Executed operation: Job J11, Op 0, Machine M3, Start: 1751, End: 1809, Setup: 14
2025-06-18 13:16:05,720 - JSPGymEnvironment - INFO - 
===== REWARD DETAILS FOR STEP 33 =====
Job: J11, Operation: 0, Job Completed: False
Current Time: 1737.00 -> 1809.00, Setup Time: 14.00
Processing Time: 58.00, Idle Time: 0.00
Completed Jobs: 2/20
Machine: M3, Material: Mountainbike_Rahmen_nachbearbeitet

REWARD COMPONENTS:
- makespan_reward: -0.3600
- setup_reward: -3.5000
- deadline_reward: 0.0000
- priority_reward: 0.0000
- critical_job_reward: 0.0000
- placement_reward: 0.0000
- timeliness_reward: 8.3546
- machine_idle_penalty: -2.2125

TOTAL REWARD: 2.2821

CUMULATIVE REWARD COMPONENTS:
- makespan_reward: -9.0450
- setup_reward: -192.5000
- deadline_reward: 40.0000
- priority_reward: 40.0000
- critical_job_reward: 29.7375
- placement_reward: -34.1667
- timeliness_reward: 301.2807
- machine_idle_penalty: -122.8250

CUMULATIVE TOTAL: 52.4815

CRITICAL STATE INFO:
- Valid actions: ['J1', 'J2', 'J3', 'J5', 'J7', 'J8', 'J9', 'J10', 'J11', 'J12', 'J13', 'J14', 'J15', 'J16', 'J17', 'J18', 'J19', 'J20']
- Machine states:
  - Machine M1: Time=1704.00, Idle=105.00, Material=E-Bike_Laufraeder_montiert
  - Machine M2: Time=1737.00, Idle=72.00, Material=Citybike_Steuerrohr_montiert
  - Machine M3: Time=1809.00, Idle=0.00, Material=Mountainbike_Rahmen_nachbearbeitet
==================================================

2025-06-18 13:16:05,758 - JSPGymEnvironment - INFO - Material change on machine M2: Citybike_Steuerrohr_montiert -> E-Bike_Fahrrad_endmontiert, setup time: 22
2025-06-18 13:16:05,759 - JSPGymEnvironment - INFO - Executed operation: Job J20, Op 5, Machine M2, Start: 1831, End: 1846, Setup: 22
2025-06-18 13:16:05,759 - JSPGymEnvironment - INFO - 
===== REWARD DETAILS FOR STEP 34 =====
Job: J20, Operation: 5, Job Completed: False
Current Time: 1809.00 -> 1846.00, Setup Time: 22.00
Processing Time: 15.00, Idle Time: 0.00
Completed Jobs: 2/20
Machine: M2, Material: E-Bike_Fahrrad_endmontiert

REWARD COMPONENTS:
- makespan_reward: -0.1850
- setup_reward: -5.5000
- deadline_reward: 0.0000
- priority_reward: 0.0000
- critical_job_reward: 0.5000
- placement_reward: -1.6667
- timeliness_reward: 8.2559
- machine_idle_penalty: -2.2375

TOTAL REWARD: -0.8333

CUMULATIVE REWARD COMPONENTS:
- makespan_reward: -9.2300
- setup_reward: -198.0000
- deadline_reward: 40.0000
- priority_reward: 40.0000
- critical_job_reward: 30.2375
- placement_reward: -35.8333
- timeliness_reward: 309.5366
- machine_idle_penalty: -125.0625

CUMULATIVE TOTAL: 51.6483

CRITICAL STATE INFO:
- Valid actions: ['J1', 'J2', 'J3', 'J5', 'J7', 'J8', 'J9', 'J10', 'J11', 'J12', 'J13', 'J14', 'J15', 'J16', 'J17', 'J18', 'J19', 'J20']
- Machine states:
  - Machine M1: Time=1704.00, Idle=142.00, Material=E-Bike_Laufraeder_montiert
  - Machine M2: Time=1846.00, Idle=0.00, Material=E-Bike_Fahrrad_endmontiert
  - Machine M3: Time=1809.00, Idle=37.00, Material=Mountainbike_Rahmen_nachbearbeitet
==================================================

2025-06-18 13:16:05,797 - JSPGymEnvironment - INFO - Material change on machine M3: Mountainbike_Rahmen_nachbearbeitet -> E-Bike_Antrieb_installiert, setup time: 17
2025-06-18 13:16:05,797 - JSPGymEnvironment - INFO - Executed operation: Job J20, Op 6, Machine M3, Start: 1863, End: 1899, Setup: 17
2025-06-18 13:16:05,797 - JSPGymEnvironment - INFO - 
===== REWARD DETAILS FOR STEP 35 =====
Job: J20, Operation: 6, Job Completed: False
Current Time: 1846.00 -> 1899.00, Setup Time: 17.00
Processing Time: 36.00, Idle Time: 0.00
Completed Jobs: 2/20
Machine: M3, Material: E-Bike_Antrieb_installiert

REWARD COMPONENTS:
- makespan_reward: -0.2650
- setup_reward: -4.2500
- deadline_reward: 0.0000
- priority_reward: 0.0000
- critical_job_reward: 0.5000
- placement_reward: -1.6667
- timeliness_reward: 8.0976
- machine_idle_penalty: -3.1000

TOTAL REWARD: -0.6841

CUMULATIVE REWARD COMPONENTS:
- makespan_reward: -9.4950
- setup_reward: -202.2500
- deadline_reward: 40.0000
- priority_reward: 40.0000
- critical_job_reward: 30.7375
- placement_reward: -37.5000
- timeliness_reward: 317.6342
- machine_idle_penalty: -128.1625

CUMULATIVE TOTAL: 50.9642

CRITICAL STATE INFO:
- Valid actions: ['J1', 'J2', 'J3', 'J5', 'J7', 'J8', 'J9', 'J10', 'J11', 'J12', 'J13', 'J14', 'J15', 'J16', 'J17', 'J18', 'J19', 'J20']
- Machine states:
  - Machine M1: Time=1704.00, Idle=195.00, Material=E-Bike_Laufraeder_montiert
  - Machine M2: Time=1846.00, Idle=53.00, Material=E-Bike_Fahrrad_endmontiert
  - Machine M3: Time=1899.00, Idle=0.00, Material=E-Bike_Antrieb_installiert
==================================================

2025-06-18 13:16:05,909 - JSPGymEnvironment - INFO - Material change on machine M3: E-Bike_Antrieb_installiert -> E-Bike_Rahmen_komplettiert, setup time: 15
2025-06-18 13:16:05,909 - JSPGymEnvironment - INFO - Executed operation: Job J1, Op 0, Machine M3, Start: 1914, End: 1941, Setup: 15
2025-06-18 13:16:05,909 - JSPGymEnvironment - INFO - 
===== REWARD DETAILS FOR STEP 36 =====
Job: J1, Operation: 0, Job Completed: False
Current Time: 1899.00 -> 1941.00, Setup Time: 15.00
Processing Time: 27.00, Idle Time: 0.00
Completed Jobs: 2/20
Machine: M3, Material: E-Bike_Rahmen_komplettiert

REWARD COMPONENTS:
- makespan_reward: -0.2100
- setup_reward: -3.7500
- deadline_reward: 0.0000
- priority_reward: 0.0000
- critical_job_reward: 0.5000
- placement_reward: -2.5000
- timeliness_reward: 7.9378
- machine_idle_penalty: -4.1500

TOTAL REWARD: -2.1722

CUMULATIVE REWARD COMPONENTS:
- makespan_reward: -9.7050
- setup_reward: -206.0000
- deadline_reward: 40.0000
- priority_reward: 40.0000
- critical_job_reward: 31.2375
- placement_reward: -40.0000
- timeliness_reward: 325.5720
- machine_idle_penalty: -132.3125

CUMULATIVE TOTAL: 48.7920

CRITICAL STATE INFO:
- Valid actions: ['J1', 'J2', 'J3', 'J5', 'J7', 'J8', 'J9', 'J10', 'J11', 'J12', 'J13', 'J14', 'J15', 'J16', 'J17', 'J18', 'J19', 'J20']
- Machine states:
  - Machine M1: Time=1704.00, Idle=237.00, Material=E-Bike_Laufraeder_montiert
  - Machine M2: Time=1846.00, Idle=95.00, Material=E-Bike_Fahrrad_endmontiert
  - Machine M3: Time=1941.00, Idle=0.00, Material=E-Bike_Rahmen_komplettiert
==================================================

2025-06-18 13:16:05,947 - JSPGymEnvironment - INFO - Material change on machine M1: E-Bike_Laufraeder_montiert -> Racebike_Fahrrad_endmontiert, setup time: 59
2025-06-18 13:16:05,947 - JSPGymEnvironment - INFO - Executed operation: Job J5, Op 4, Machine M1, Start: 2000, End: 2015, Setup: 59
2025-06-18 13:16:05,948 - JSPGymEnvironment - INFO - 
===== REWARD DETAILS FOR STEP 37 =====
Job: J5, Operation: 4, Job Completed: False
Current Time: 1941.00 -> 2015.00, Setup Time: 59.00
Processing Time: 15.00, Idle Time: 0.00
Completed Jobs: 2/20
Machine: M1, Material: Racebike_Fahrrad_endmontiert

REWARD COMPONENTS:
- makespan_reward: -0.3700
- setup_reward: -14.7500
- deadline_reward: 0.0000
- priority_reward: 0.0000
- critical_job_reward: 0.5000
- placement_reward: -2.5000
- timeliness_reward: 7.6618
- machine_idle_penalty: -3.0375

TOTAL REWARD: -12.4957

CUMULATIVE REWARD COMPONENTS:
- makespan_reward: -10.0750
- setup_reward: -220.7500
- deadline_reward: 40.0000
- priority_reward: 40.0000
- critical_job_reward: 31.7375
- placement_reward: -42.5000
- timeliness_reward: 333.2339
- machine_idle_penalty: -135.3500

CUMULATIVE TOTAL: 36.2964

CRITICAL STATE INFO:
- Valid actions: ['J1', 'J2', 'J3', 'J5', 'J7', 'J8', 'J9', 'J10', 'J11', 'J12', 'J13', 'J14', 'J15', 'J16', 'J17', 'J18', 'J19', 'J20']
- Machine states:
  - Machine M1: Time=2015.00, Idle=0.00, Material=Racebike_Fahrrad_endmontiert
  - Machine M2: Time=1846.00, Idle=169.00, Material=E-Bike_Fahrrad_endmontiert
  - Machine M3: Time=1941.00, Idle=74.00, Material=E-Bike_Rahmen_komplettiert
==================================================

2025-06-18 13:16:05,986 - JSPGymEnvironment - INFO - Material change on machine M2: E-Bike_Fahrrad_endmontiert -> Racebike_Steuerrohr_montiert, setup time: 27
2025-06-18 13:16:05,986 - JSPGymEnvironment - INFO - Executed operation: Job J5, Op 5, Machine M2, Start: 2042, End: 2056, Setup: 27
2025-06-18 13:16:05,986 - JSPGymEnvironment - INFO - Job J5 completed at time 2056, deadline: 2880, met: True, priority: 10
2025-06-18 13:16:05,987 - JSPGymEnvironment - INFO - 
===== REWARD DETAILS FOR STEP 38 =====
Job: J5, Operation: 5, Job Completed: True
Current Time: 2015.00 -> 2056.00, Setup Time: 27.00
Processing Time: 14.00, Idle Time: 0.00
Completed Jobs: 3/20
Machine: M2, Material: Racebike_Steuerrohr_montiert
Job Deadline: 2880.00 (Met), Priority: 10

REWARD COMPONENTS:
- makespan_reward: -0.2050
- setup_reward: -6.7500
- deadline_reward: 20.0000
- priority_reward: 40.0000
- critical_job_reward: 15.9333
- placement_reward: -2.5000
- timeliness_reward: 7.4857
- machine_idle_penalty: -1.9500

TOTAL REWARD: 72.0140

CUMULATIVE REWARD COMPONENTS:
- makespan_reward: -10.2800
- setup_reward: -227.5000
- deadline_reward: 60.0000
- priority_reward: 80.0000
- critical_job_reward: 47.6708
- placement_reward: -45.0000
- timeliness_reward: 340.7195
- machine_idle_penalty: -137.3000

CUMULATIVE TOTAL: 108.3104

CRITICAL STATE INFO:
- Valid actions: ['J1', 'J2', 'J3', 'J7', 'J8', 'J9', 'J10', 'J11', 'J12', 'J13', 'J14', 'J15', 'J16', 'J17', 'J18', 'J19', 'J20']
- Machine states:
  - Machine M1: Time=2015.00, Idle=41.00, Material=Racebike_Fahrrad_endmontiert
  - Machine M2: Time=2056.00, Idle=0.00, Material=Racebike_Steuerrohr_montiert
  - Machine M3: Time=1941.00, Idle=115.00, Material=E-Bike_Rahmen_komplettiert
==================================================

2025-06-18 13:16:05,987 - JSPGymEnvironment - INFO - Retro-Bonus für Job J5: +15.0
2025-06-18 13:16:06,024 - JSPGymEnvironment - INFO - Material change on machine M2: Racebike_Steuerrohr_montiert -> Mountainbike_Steuerrohr_montiert, setup time: 23
2025-06-18 13:16:06,024 - JSPGymEnvironment - INFO - Executed operation: Job J17, Op 1, Machine M2, Start: 2079, End: 2105, Setup: 23
2025-06-18 13:16:06,024 - JSPGymEnvironment - INFO - 
===== REWARD DETAILS FOR STEP 39 =====
Job: J17, Operation: 1, Job Completed: False
Current Time: 2056.00 -> 2105.00, Setup Time: 23.00
Processing Time: 26.00, Idle Time: 0.00
Completed Jobs: 3/20
Machine: M2, Material: Mountainbike_Steuerrohr_montiert

REWARD COMPONENTS:
- makespan_reward: -0.2450
- setup_reward: -5.7500
- deadline_reward: 0.0000
- priority_reward: 0.0000
- critical_job_reward: 0.0000
- placement_reward: 0.0000
- timeliness_reward: 7.2825
- machine_idle_penalty: -3.1750

TOTAL REWARD: -1.8875

CUMULATIVE REWARD COMPONENTS:
- makespan_reward: -10.5250
- setup_reward: -233.2500
- deadline_reward: 60.0000
- priority_reward: 80.0000
- critical_job_reward: 47.6708
- placement_reward: -45.0000
- timeliness_reward: 348.0020
- machine_idle_penalty: -140.4750

CUMULATIVE TOTAL: 106.4228

CRITICAL STATE INFO:
- Valid actions: ['J1', 'J2', 'J3', 'J7', 'J8', 'J9', 'J10', 'J11', 'J12', 'J13', 'J14', 'J15', 'J16', 'J17', 'J18', 'J19', 'J20']
- Machine states:
  - Machine M1: Time=2015.00, Idle=90.00, Material=Racebike_Fahrrad_endmontiert
  - Machine M2: Time=2105.00, Idle=0.00, Material=Mountainbike_Steuerrohr_montiert
  - Machine M3: Time=1941.00, Idle=164.00, Material=E-Bike_Rahmen_komplettiert
==================================================

2025-06-18 13:16:06,062 - JSPGymEnvironment - INFO - Material change on machine M1: Racebike_Fahrrad_endmontiert -> Mountainbike_Tretlageraufnahme_geschweisst, setup time: 37
2025-06-18 13:16:06,062 - JSPGymEnvironment - INFO - Executed operation: Job J7, Op 1, Machine M1, Start: 2142, End: 2179, Setup: 37
2025-06-18 13:16:06,062 - JSPGymEnvironment - INFO - 
===== REWARD DETAILS FOR STEP 40 =====
Job: J7, Operation: 1, Job Completed: False
Current Time: 2105.00 -> 2179.00, Setup Time: 37.00
Processing Time: 37.00, Idle Time: 0.00
Completed Jobs: 3/20
Machine: M1, Material: Mountainbike_Tretlageraufnahme_geschweisst

REWARD COMPONENTS:
- makespan_reward: -0.3700
- setup_reward: -9.2500
- deadline_reward: 0.0000
- priority_reward: 0.0000
- critical_job_reward: 0.0000
- placement_reward: 0.0000
- timeliness_reward: 6.9507
- machine_idle_penalty: -3.9000

TOTAL REWARD: -6.5693

CUMULATIVE REWARD COMPONENTS:
- makespan_reward: -10.8950
- setup_reward: -242.5000
- deadline_reward: 60.0000
- priority_reward: 80.0000
- critical_job_reward: 47.6708
- placement_reward: -45.0000
- timeliness_reward: 354.9527
- machine_idle_penalty: -144.3750

CUMULATIVE TOTAL: 99.8536

CRITICAL STATE INFO:
- Valid actions: ['J1', 'J2', 'J3', 'J7', 'J8', 'J9', 'J10', 'J11', 'J12', 'J13', 'J14', 'J15', 'J16', 'J17', 'J18', 'J19', 'J20']
- Machine states:
  - Machine M1: Time=2179.00, Idle=0.00, Material=Mountainbike_Tretlageraufnahme_geschweisst
  - Machine M2: Time=2105.00, Idle=74.00, Material=Mountainbike_Steuerrohr_montiert
  - Machine M3: Time=1941.00, Idle=238.00, Material=E-Bike_Rahmen_komplettiert
==================================================

2025-06-18 13:16:06,100 - JSPGymEnvironment - INFO - Material change on machine M1: Mountainbike_Tretlageraufnahme_geschweisst -> E-Bike_Bremsen_justiert, setup time: 48
2025-06-18 13:16:06,100 - JSPGymEnvironment - INFO - Executed operation: Job J19, Op 1, Machine M1, Start: 2227, End: 2242, Setup: 48
2025-06-18 13:16:06,100 - JSPGymEnvironment - INFO - 
===== REWARD DETAILS FOR STEP 41 =====
Job: J19, Operation: 1, Job Completed: False
Current Time: 2179.00 -> 2242.00, Setup Time: 48.00
Processing Time: 15.00, Idle Time: 0.00
Completed Jobs: 3/20
Machine: M1, Material: E-Bike_Bremsen_justiert

REWARD COMPONENTS:
- makespan_reward: -0.3150
- setup_reward: -12.0000
- deadline_reward: 0.0000
- priority_reward: 0.0000
- critical_job_reward: 0.0000
- placement_reward: 0.0000
- timeliness_reward: 6.6030
- machine_idle_penalty: -5.4750

TOTAL REWARD: -11.1870

CUMULATIVE REWARD COMPONENTS:
- makespan_reward: -11.2100
- setup_reward: -254.5000
- deadline_reward: 60.0000
- priority_reward: 80.0000
- critical_job_reward: 47.6708
- placement_reward: -45.0000
- timeliness_reward: 361.5557
- machine_idle_penalty: -149.8500

CUMULATIVE TOTAL: 88.6666

CRITICAL STATE INFO:
- Valid actions: ['J1', 'J2', 'J3', 'J7', 'J8', 'J9', 'J10', 'J11', 'J12', 'J13', 'J14', 'J15', 'J16', 'J17', 'J18', 'J19', 'J20']
- Machine states:
  - Machine M1: Time=2242.00, Idle=0.00, Material=E-Bike_Bremsen_justiert
  - Machine M2: Time=2105.00, Idle=137.00, Material=Mountainbike_Steuerrohr_montiert
  - Machine M3: Time=1941.00, Idle=301.00, Material=E-Bike_Rahmen_komplettiert
==================================================

2025-06-18 13:16:06,138 - JSPGymEnvironment - INFO - Material change on machine M2: Mountainbike_Steuerrohr_montiert -> E-Bike_Steuerrohr_ausgerieben, setup time: 29
2025-06-18 13:16:06,138 - JSPGymEnvironment - INFO - Executed operation: Job J14, Op 1, Machine M2, Start: 2271, End: 2294, Setup: 29
2025-06-18 13:16:06,138 - JSPGymEnvironment - INFO - 
===== REWARD DETAILS FOR STEP 42 =====
Job: J14, Operation: 1, Job Completed: False
Current Time: 2242.00 -> 2294.00, Setup Time: 29.00
Processing Time: 23.00, Idle Time: 0.00
Completed Jobs: 3/20
Machine: M2, Material: E-Bike_Steuerrohr_ausgerieben

REWARD COMPONENTS:
- makespan_reward: -0.2600
- setup_reward: -7.2500
- deadline_reward: 0.0000
- priority_reward: 0.0000
- critical_job_reward: 0.5000
- placement_reward: -0.8333
- timeliness_reward: 6.3151
- machine_idle_penalty: -5.0625

TOTAL REWARD: -6.5908

CUMULATIVE REWARD COMPONENTS:
- makespan_reward: -11.4700
- setup_reward: -261.7500
- deadline_reward: 60.0000
- priority_reward: 80.0000
- critical_job_reward: 48.1708
- placement_reward: -45.8333
- timeliness_reward: 367.8708
- machine_idle_penalty: -154.9125

CUMULATIVE TOTAL: 82.0758

CRITICAL STATE INFO:
- Valid actions: ['J1', 'J2', 'J3', 'J7', 'J8', 'J9', 'J10', 'J11', 'J12', 'J13', 'J14', 'J15', 'J16', 'J17', 'J18', 'J19', 'J20']
- Machine states:
  - Machine M1: Time=2242.00, Idle=52.00, Material=E-Bike_Bremsen_justiert
  - Machine M2: Time=2294.00, Idle=0.00, Material=E-Bike_Steuerrohr_ausgerieben
  - Machine M3: Time=1941.00, Idle=353.00, Material=E-Bike_Rahmen_komplettiert
==================================================

2025-06-18 13:16:06,176 - JSPGymEnvironment - INFO - Material change on machine M1: E-Bike_Bremsen_justiert -> Racebike_Tretlageraufnahme_geschweisst, setup time: 59
2025-06-18 13:16:06,176 - JSPGymEnvironment - INFO - Executed operation: Job J16, Op 1, Machine M1, Start: 2353, End: 2369, Setup: 59
2025-06-18 13:16:06,176 - JSPGymEnvironment - INFO - 
===== REWARD DETAILS FOR STEP 43 =====
Job: J16, Operation: 1, Job Completed: False
Current Time: 2294.00 -> 2369.00, Setup Time: 59.00
Processing Time: 16.00, Idle Time: 0.00
Completed Jobs: 3/20
Machine: M1, Material: Racebike_Tretlageraufnahme_geschweisst

REWARD COMPONENTS:
- makespan_reward: -0.3750
- setup_reward: -14.7500
- deadline_reward: 0.0000
- priority_reward: 0.0000
- critical_job_reward: 0.5000
- placement_reward: -1.6667
- timeliness_reward: 5.9114
- machine_idle_penalty: -6.2875

TOTAL REWARD: -16.6678

CUMULATIVE REWARD COMPONENTS:
- makespan_reward: -11.8450
- setup_reward: -276.5000
- deadline_reward: 60.0000
- priority_reward: 80.0000
- critical_job_reward: 48.6708
- placement_reward: -47.5000
- timeliness_reward: 373.7822
- machine_idle_penalty: -161.2000

CUMULATIVE TOTAL: 65.4080

CRITICAL STATE INFO:
- Valid actions: ['J1', 'J2', 'J3', 'J7', 'J8', 'J9', 'J10', 'J11', 'J12', 'J13', 'J14', 'J15', 'J16', 'J17', 'J18', 'J19', 'J20']
- Machine states:
  - Machine M1: Time=2369.00, Idle=0.00, Material=Racebike_Tretlageraufnahme_geschweisst
  - Machine M2: Time=2294.00, Idle=75.00, Material=E-Bike_Steuerrohr_ausgerieben
  - Machine M3: Time=1941.00, Idle=428.00, Material=E-Bike_Rahmen_komplettiert
==================================================

2025-06-18 13:16:06,290 - JSPGymEnvironment - INFO - Material change on machine M2: E-Bike_Steuerrohr_ausgerieben -> E-Bike_Tretlager_gefraest, setup time: 20
2025-06-18 13:16:06,290 - JSPGymEnvironment - INFO - Executed operation: Job J14, Op 2, Machine M2, Start: 2389, End: 2405, Setup: 20
2025-06-18 13:16:06,290 - JSPGymEnvironment - INFO - 
===== REWARD DETAILS FOR STEP 44 =====
Job: J14, Operation: 2, Job Completed: False
Current Time: 2369.00 -> 2405.00, Setup Time: 20.00
Processing Time: 16.00, Idle Time: 0.00
Completed Jobs: 3/20
Machine: M2, Material: E-Bike_Tretlager_gefraest

REWARD COMPONENTS:
- makespan_reward: -0.1800
- setup_reward: -5.0000
- deadline_reward: 0.0000
- priority_reward: 0.0000
- critical_job_reward: 0.5000
- placement_reward: -0.8333
- timeliness_reward: 5.6430
- machine_idle_penalty: -6.2500

TOTAL REWARD: -6.1204

CUMULATIVE REWARD COMPONENTS:
- makespan_reward: -12.0250
- setup_reward: -281.5000
- deadline_reward: 60.0000
- priority_reward: 80.0000
- critical_job_reward: 49.1708
- placement_reward: -48.3333
- timeliness_reward: 379.4252
- machine_idle_penalty: -167.4500

CUMULATIVE TOTAL: 59.2877

CRITICAL STATE INFO:
- Valid actions: ['J1', 'J2', 'J3', 'J7', 'J8', 'J9', 'J10', 'J11', 'J12', 'J13', 'J14', 'J15', 'J16', 'J17', 'J18', 'J19', 'J20']
- Machine states:
  - Machine M1: Time=2369.00, Idle=36.00, Material=Racebike_Tretlageraufnahme_geschweisst
  - Machine M2: Time=2405.00, Idle=0.00, Material=E-Bike_Tretlager_gefraest
  - Machine M3: Time=1941.00, Idle=464.00, Material=E-Bike_Rahmen_komplettiert
==================================================

2025-06-18 13:16:06,330 - JSPGymEnvironment - INFO - Material change on machine M2: E-Bike_Tretlager_gefraest -> Racebike_Tretlageraufnahme_geschweisst, setup time: 27
2025-06-18 13:16:06,331 - JSPGymEnvironment - INFO - Executed operation: Job J9, Op 0, Machine M2, Start: 2432, End: 2453, Setup: 27
2025-06-18 13:16:06,331 - JSPGymEnvironment - INFO - 
===== REWARD DETAILS FOR STEP 45 =====
Job: J9, Operation: 0, Job Completed: False
Current Time: 2405.00 -> 2453.00, Setup Time: 27.00
Processing Time: 21.00, Idle Time: 0.00
Completed Jobs: 3/20
Machine: M2, Material: Racebike_Tretlageraufnahme_geschweisst

REWARD COMPONENTS:
- makespan_reward: -0.2400
- setup_reward: -6.7500
- deadline_reward: 0.0000
- priority_reward: 0.0000
- critical_job_reward: 0.0000
- placement_reward: 0.0000
- timeliness_reward: 5.3676
- machine_idle_penalty: -7.4500

TOTAL REWARD: -9.0724

CUMULATIVE REWARD COMPONENTS:
- makespan_reward: -12.2650
- setup_reward: -288.2500
- deadline_reward: 60.0000
- priority_reward: 80.0000
- critical_job_reward: 49.1708
- placement_reward: -48.3333
- timeliness_reward: 384.7927
- machine_idle_penalty: -174.9000

CUMULATIVE TOTAL: 50.2152

CRITICAL STATE INFO:
- Valid actions: ['J1', 'J2', 'J3', 'J7', 'J8', 'J9', 'J10', 'J11', 'J12', 'J13', 'J14', 'J15', 'J16', 'J17', 'J18', 'J19', 'J20']
- Machine states:
  - Machine M1: Time=2369.00, Idle=84.00, Material=Racebike_Tretlageraufnahme_geschweisst
  - Machine M2: Time=2453.00, Idle=0.00, Material=Racebike_Tretlageraufnahme_geschweisst
  - Machine M3: Time=1941.00, Idle=512.00, Material=E-Bike_Rahmen_komplettiert
==================================================

2025-06-18 13:16:06,369 - JSPGymEnvironment - INFO - Material change on machine M3: E-Bike_Rahmen_komplettiert -> E-Bike_Laufraeder_montiert, setup time: 15
2025-06-18 13:16:06,369 - JSPGymEnvironment - INFO - Executed operation: Job J19, Op 2, Machine M3, Start: 2468, End: 2498, Setup: 15
2025-06-18 13:16:06,370 - JSPGymEnvironment - INFO - 
===== REWARD DETAILS FOR STEP 46 =====
Job: J19, Operation: 2, Job Completed: False
Current Time: 2453.00 -> 2498.00, Setup Time: 15.00
Processing Time: 30.00, Idle Time: 0.00
Completed Jobs: 3/20
Machine: M3, Material: E-Bike_Laufraeder_montiert

REWARD COMPONENTS:
- makespan_reward: -0.2250
- setup_reward: -3.7500
- deadline_reward: 0.0000
- priority_reward: 0.0000
- critical_job_reward: 0.0000
- placement_reward: 0.0000
- timeliness_reward: 5.0224
- machine_idle_penalty: -2.1750

TOTAL REWARD: -1.1276

CUMULATIVE REWARD COMPONENTS:
- makespan_reward: -12.4900
- setup_reward: -292.0000
- deadline_reward: 60.0000
- priority_reward: 80.0000
- critical_job_reward: 49.1708
- placement_reward: -48.3333
- timeliness_reward: 389.8151
- machine_idle_penalty: -177.0750

CUMULATIVE TOTAL: 49.0876

CRITICAL STATE INFO:
- Valid actions: ['J1', 'J2', 'J3', 'J7', 'J8', 'J9', 'J10', 'J11', 'J12', 'J13', 'J14', 'J15', 'J16', 'J17', 'J18', 'J19', 'J20']
- Machine states:
  - Machine M1: Time=2369.00, Idle=129.00, Material=Racebike_Tretlageraufnahme_geschweisst
  - Machine M2: Time=2453.00, Idle=45.00, Material=Racebike_Tretlageraufnahme_geschweisst
  - Machine M3: Time=2498.00, Idle=0.00, Material=E-Bike_Laufraeder_montiert
==================================================

2025-06-18 13:16:06,407 - JSPGymEnvironment - INFO - Material change on machine M1: Racebike_Tretlageraufnahme_geschweisst -> E-Bike_Steuerrohr_ausgerieben, setup time: 47
2025-06-18 13:16:06,408 - JSPGymEnvironment - INFO - Executed operation: Job J1, Op 1, Machine M1, Start: 2545, End: 2576, Setup: 47
2025-06-18 13:16:06,408 - JSPGymEnvironment - INFO - 
===== REWARD DETAILS FOR STEP 47 =====
Job: J1, Operation: 1, Job Completed: False
Current Time: 2498.00 -> 2576.00, Setup Time: 47.00
Processing Time: 31.00, Idle Time: 0.00
Completed Jobs: 3/20
Machine: M1, Material: E-Bike_Steuerrohr_ausgerieben

REWARD COMPONENTS:
- makespan_reward: -0.3900
- setup_reward: -11.7500
- deadline_reward: 0.0000
- priority_reward: 0.0000
- critical_job_reward: 0.5000
- placement_reward: -2.5000
- timeliness_reward: 4.4354
- machine_idle_penalty: -2.5125

TOTAL REWARD: -12.2171

CUMULATIVE REWARD COMPONENTS:
- makespan_reward: -12.8800
- setup_reward: -303.7500
- deadline_reward: 60.0000
- priority_reward: 80.0000
- critical_job_reward: 49.6708
- placement_reward: -50.8333
- timeliness_reward: 394.2505
- machine_idle_penalty: -179.5875

CUMULATIVE TOTAL: 36.8705

CRITICAL STATE INFO:
- Valid actions: ['J1', 'J2', 'J3', 'J7', 'J8', 'J9', 'J10', 'J11', 'J12', 'J13', 'J14', 'J15', 'J16', 'J17', 'J18', 'J19', 'J20']
- Machine states:
  - Machine M1: Time=2576.00, Idle=0.00, Material=E-Bike_Steuerrohr_ausgerieben
  - Machine M2: Time=2453.00, Idle=123.00, Material=Racebike_Tretlageraufnahme_geschweisst
  - Machine M3: Time=2498.00, Idle=78.00, Material=E-Bike_Laufraeder_montiert
==================================================

2025-06-18 13:16:06,445 - JSPGymEnvironment - INFO - Material change on machine M3: E-Bike_Laufraeder_montiert -> Mountainbike_Steuerrohr_ausgerieben, setup time: 18
2025-06-18 13:16:06,445 - JSPGymEnvironment - INFO - Executed operation: Job J10, Op 1, Machine M3, Start: 2594, End: 2622, Setup: 18
2025-06-18 13:16:06,446 - JSPGymEnvironment - INFO - 
===== REWARD DETAILS FOR STEP 48 =====
Job: J10, Operation: 1, Job Completed: False
Current Time: 2576.00 -> 2622.00, Setup Time: 18.00
Processing Time: 28.00, Idle Time: 0.00
Completed Jobs: 3/20
Machine: M3, Material: Mountainbike_Steuerrohr_ausgerieben

REWARD COMPONENTS:
- makespan_reward: -0.2300
- setup_reward: -4.5000
- deadline_reward: 0.0000
- priority_reward: 0.0000
- critical_job_reward: 0.0000
- placement_reward: 0.0000
- timeliness_reward: 4.0717
- machine_idle_penalty: -2.6875

TOTAL REWARD: -3.3458

CUMULATIVE REWARD COMPONENTS:
- makespan_reward: -13.1100
- setup_reward: -308.2500
- deadline_reward: 60.0000
- priority_reward: 80.0000
- critical_job_reward: 49.6708
- placement_reward: -50.8333
- timeliness_reward: 398.3222
- machine_idle_penalty: -182.2750

CUMULATIVE TOTAL: 33.5247

CRITICAL STATE INFO:
- Valid actions: ['J1', 'J2', 'J3', 'J7', 'J8', 'J9', 'J10', 'J11', 'J12', 'J13', 'J14', 'J15', 'J16', 'J17', 'J18', 'J19', 'J20']
- Machine states:
  - Machine M1: Time=2576.00, Idle=46.00, Material=E-Bike_Steuerrohr_ausgerieben
  - Machine M2: Time=2453.00, Idle=169.00, Material=Racebike_Tretlageraufnahme_geschweisst
  - Machine M3: Time=2622.00, Idle=0.00, Material=Mountainbike_Steuerrohr_ausgerieben
==================================================

2025-06-18 13:16:06,484 - JSPGymEnvironment - INFO - Material change on machine M3: Mountainbike_Steuerrohr_ausgerieben -> E-Bike_Laufraeder_montiert, setup time: 17
2025-06-18 13:16:06,484 - JSPGymEnvironment - INFO - Executed operation: Job J12, Op 1, Machine M3, Start: 2639, End: 2690, Setup: 17
2025-06-18 13:16:06,485 - JSPGymEnvironment - INFO - 
===== REWARD DETAILS FOR STEP 49 =====
Job: J12, Operation: 1, Job Completed: False
Current Time: 2622.00 -> 2690.00, Setup Time: 17.00
Processing Time: 51.00, Idle Time: 0.00
Completed Jobs: 3/20
Machine: M3, Material: E-Bike_Laufraeder_montiert

REWARD COMPONENTS:
- makespan_reward: -0.3400
- setup_reward: -4.2500
- deadline_reward: 0.0000
- priority_reward: 0.0000
- critical_job_reward: 0.5000
- placement_reward: -2.8333
- timeliness_reward: 3.5427
- machine_idle_penalty: -4.3875

TOTAL REWARD: -7.7681

CUMULATIVE REWARD COMPONENTS:
- makespan_reward: -13.4500
- setup_reward: -312.5000
- deadline_reward: 60.0000
- priority_reward: 80.0000
- critical_job_reward: 50.1708
- placement_reward: -53.6667
- timeliness_reward: 401.8649
- machine_idle_penalty: -186.6625

CUMULATIVE TOTAL: 25.7565

CRITICAL STATE INFO:
- Valid actions: ['J1', 'J2', 'J3', 'J7', 'J8', 'J9', 'J10', 'J11', 'J12', 'J13', 'J14', 'J15', 'J16', 'J17', 'J18', 'J19', 'J20']
- Machine states:
  - Machine M1: Time=2576.00, Idle=114.00, Material=E-Bike_Steuerrohr_ausgerieben
  - Machine M2: Time=2453.00, Idle=237.00, Material=Racebike_Tretlageraufnahme_geschweisst
  - Machine M3: Time=2690.00, Idle=0.00, Material=E-Bike_Laufraeder_montiert
==================================================

2025-06-18 13:16:06,522 - JSPGymEnvironment - INFO - Material change on machine M1: E-Bike_Steuerrohr_ausgerieben -> E-Bike_Steuerrohr_montiert, setup time: 40
2025-06-18 13:16:06,522 - JSPGymEnvironment - INFO - Executed operation: Job J18, Op 0, Machine M1, Start: 2730, End: 2753, Setup: 40
2025-06-18 13:16:06,522 - JSPGymEnvironment - INFO - 
===== REWARD DETAILS FOR STEP 50 =====
Job: J18, Operation: 0, Job Completed: False
Current Time: 2690.00 -> 2753.00, Setup Time: 40.00
Processing Time: 23.00, Idle Time: 0.00
Completed Jobs: 3/20
Machine: M1, Material: E-Bike_Steuerrohr_montiert

REWARD COMPONENTS:
- makespan_reward: -0.3150
- setup_reward: -10.0000
- deadline_reward: 0.0000
- priority_reward: 0.0000
- critical_job_reward: 0.5000
- placement_reward: -2.5000
- timeliness_reward: 3.0926
- machine_idle_penalty: -4.5375

TOTAL REWARD: -13.7599

CUMULATIVE REWARD COMPONENTS:
- makespan_reward: -13.7650
- setup_reward: -322.5000
- deadline_reward: 60.0000
- priority_reward: 80.0000
- critical_job_reward: 50.6708
- placement_reward: -56.1667
- timeliness_reward: 404.9574
- machine_idle_penalty: -191.2000

CUMULATIVE TOTAL: 11.9966

CRITICAL STATE INFO:
- Valid actions: ['J1', 'J2', 'J3', 'J7', 'J8', 'J9', 'J10', 'J11', 'J12', 'J13', 'J14', 'J15', 'J16', 'J17', 'J18', 'J19', 'J20']
- Machine states:
  - Machine M1: Time=2753.00, Idle=0.00, Material=E-Bike_Steuerrohr_montiert
  - Machine M2: Time=2453.00, Idle=300.00, Material=Racebike_Tretlageraufnahme_geschweisst
  - Machine M3: Time=2690.00, Idle=63.00, Material=E-Bike_Laufraeder_montiert
==================================================

2025-06-18 13:16:06,560 - JSPGymEnvironment - INFO - Material change on machine M3: E-Bike_Laufraeder_montiert -> E-Bike_Tretlageraufnahme_geschweisst, setup time: 15
2025-06-18 13:16:06,561 - JSPGymEnvironment - INFO - Executed operation: Job J20, Op 7, Machine M3, Start: 2768, End: 2801, Setup: 15
2025-06-18 13:16:06,561 - JSPGymEnvironment - INFO - Job J20 completed at time 2801, deadline: 2773, met: False, priority: 9
2025-06-18 13:16:06,561 - JSPGymEnvironment - INFO - 
===== REWARD DETAILS FOR STEP 51 =====
Job: J20, Operation: 7, Job Completed: True
Current Time: 2753.00 -> 2801.00, Setup Time: 15.00
Processing Time: 33.00, Idle Time: 0.00
Completed Jobs: 4/20
Machine: M3, Material: E-Bike_Tretlageraufnahme_geschweisst
Job Deadline: 2773.00 (Missed), Priority: 9

REWARD COMPONENTS:
- makespan_reward: -0.2400
- setup_reward: -3.7500
- deadline_reward: -0.0252
- priority_reward: 36.0000
- critical_job_reward: 12.3788
- placement_reward: -1.6667
- timeliness_reward: 2.7381
- machine_idle_penalty: -4.9500

TOTAL REWARD: 40.4850

CUMULATIVE REWARD COMPONENTS:
- makespan_reward: -14.0050
- setup_reward: -326.2500
- deadline_reward: 59.9748
- priority_reward: 116.0000
- critical_job_reward: 63.0497
- placement_reward: -57.8333
- timeliness_reward: 407.6955
- machine_idle_penalty: -196.1500

CUMULATIVE TOTAL: 52.4816

CRITICAL STATE INFO:
- Valid actions: ['J1', 'J2', 'J3', 'J7', 'J8', 'J9', 'J10', 'J11', 'J12', 'J13', 'J14', 'J15', 'J16', 'J17', 'J18', 'J19']
- Machine states:
  - Machine M1: Time=2753.00, Idle=48.00, Material=E-Bike_Steuerrohr_montiert
  - Machine M2: Time=2453.00, Idle=348.00, Material=Racebike_Tretlageraufnahme_geschweisst
  - Machine M3: Time=2801.00, Idle=0.00, Material=E-Bike_Tretlageraufnahme_geschweisst
==================================================

2025-06-18 13:16:06,561 - JSPGymEnvironment - INFO - Retro-Bonus für Job J20: -5.0
2025-06-18 13:16:06,673 - JSPGymEnvironment - INFO - Material change on machine M2: Racebike_Tretlageraufnahme_geschweisst -> E-Bike_Bremsen_justiert, setup time: 28
2025-06-18 13:16:06,674 - JSPGymEnvironment - INFO - Executed operation: Job J12, Op 2, Machine M2, Start: 2829, End: 2847, Setup: 28
2025-06-18 13:16:06,674 - JSPGymEnvironment - INFO - 
===== REWARD DETAILS FOR STEP 52 =====
Job: J12, Operation: 2, Job Completed: False
Current Time: 2801.00 -> 2847.00, Setup Time: 28.00
Processing Time: 18.00, Idle Time: 0.00
Completed Jobs: 4/20
Machine: M2, Material: E-Bike_Bremsen_justiert

REWARD COMPONENTS:
- makespan_reward: -0.2300
- setup_reward: -7.0000
- deadline_reward: 0.0000
- priority_reward: 0.0000
- critical_job_reward: 0.5000
- placement_reward: -2.5000
- timeliness_reward: 2.3360
- machine_idle_penalty: -1.7500

TOTAL REWARD: -8.6440

CUMULATIVE REWARD COMPONENTS:
- makespan_reward: -14.2350
- setup_reward: -333.2500
- deadline_reward: 59.9748
- priority_reward: 116.0000
- critical_job_reward: 63.5497
- placement_reward: -60.3333
- timeliness_reward: 410.0315
- machine_idle_penalty: -197.9000

CUMULATIVE TOTAL: 43.8376

CRITICAL STATE INFO:
- Valid actions: ['J1', 'J2', 'J3', 'J7', 'J8', 'J9', 'J10', 'J11', 'J12', 'J13', 'J14', 'J15', 'J16', 'J17', 'J18', 'J19']
- Machine states:
  - Machine M1: Time=2753.00, Idle=94.00, Material=E-Bike_Steuerrohr_montiert
  - Machine M2: Time=2847.00, Idle=0.00, Material=E-Bike_Bremsen_justiert
  - Machine M3: Time=2801.00, Idle=46.00, Material=E-Bike_Tretlageraufnahme_geschweisst
==================================================

2025-06-18 13:16:06,714 - JSPGymEnvironment - INFO - Material change on machine M2: E-Bike_Bremsen_justiert -> Mountainbike_Schaltauge_bearbeitet, setup time: 26
2025-06-18 13:16:06,715 - JSPGymEnvironment - INFO - Executed operation: Job J7, Op 2, Machine M2, Start: 2873, End: 2893, Setup: 26
2025-06-18 13:16:06,715 - JSPGymEnvironment - INFO - 
===== REWARD DETAILS FOR STEP 53 =====
Job: J7, Operation: 2, Job Completed: False
Current Time: 2847.00 -> 2893.00, Setup Time: 26.00
Processing Time: 20.00, Idle Time: 0.00
Completed Jobs: 4/20
Machine: M2, Material: Mountainbike_Schaltauge_bearbeitet

REWARD COMPONENTS:
- makespan_reward: -0.2300
- setup_reward: -6.5000
- deadline_reward: 0.0000
- priority_reward: 0.0000
- critical_job_reward: 0.0000
- placement_reward: 0.0000
- timeliness_reward: 1.9616
- machine_idle_penalty: -2.9000

TOTAL REWARD: -7.6684

CUMULATIVE REWARD COMPONENTS:
- makespan_reward: -14.4650
- setup_reward: -339.7500
- deadline_reward: 59.9748
- priority_reward: 116.0000
- critical_job_reward: 63.5497
- placement_reward: -60.3333
- timeliness_reward: 411.9930
- machine_idle_penalty: -200.8000

CUMULATIVE TOTAL: 36.1691

CRITICAL STATE INFO:
- Valid actions: ['J1', 'J2', 'J3', 'J7', 'J8', 'J9', 'J10', 'J11', 'J12', 'J13', 'J14', 'J15', 'J16', 'J17', 'J18', 'J19']
- Machine states:
  - Machine M1: Time=2753.00, Idle=140.00, Material=E-Bike_Steuerrohr_montiert
  - Machine M2: Time=2893.00, Idle=0.00, Material=Mountainbike_Schaltauge_bearbeitet
  - Machine M3: Time=2801.00, Idle=92.00, Material=E-Bike_Tretlageraufnahme_geschweisst
==================================================

2025-06-18 13:16:06,753 - JSPGymEnvironment - INFO - Material change on machine M3: E-Bike_Tretlageraufnahme_geschweisst -> E-Bike_Antrieb_installiert, setup time: 15
2025-06-18 13:16:06,753 - JSPGymEnvironment - INFO - Executed operation: Job J18, Op 1, Machine M3, Start: 2908, End: 2931, Setup: 15
2025-06-18 13:16:06,753 - JSPGymEnvironment - INFO - 
===== REWARD DETAILS FOR STEP 54 =====
Job: J18, Operation: 1, Job Completed: False
Current Time: 2893.00 -> 2931.00, Setup Time: 15.00
Processing Time: 23.00, Idle Time: 0.00
Completed Jobs: 4/20
Machine: M3, Material: E-Bike_Antrieb_installiert

REWARD COMPONENTS:
- makespan_reward: -0.1900
- setup_reward: -3.7500
- deadline_reward: 0.0000
- priority_reward: 0.0000
- critical_job_reward: 0.5000
- placement_reward: -2.5000
- timeliness_reward: 1.6424
- machine_idle_penalty: -2.7000

TOTAL REWARD: -6.9976

CUMULATIVE REWARD COMPONENTS:
- makespan_reward: -14.6550
- setup_reward: -343.5000
- deadline_reward: 59.9748
- priority_reward: 116.0000
- critical_job_reward: 64.0497
- placement_reward: -62.8333
- timeliness_reward: 413.6354
- machine_idle_penalty: -203.5000

CUMULATIVE TOTAL: 29.1715

CRITICAL STATE INFO:
- Valid actions: ['J1', 'J2', 'J3', 'J7', 'J8', 'J9', 'J10', 'J11', 'J12', 'J13', 'J14', 'J15', 'J16', 'J17', 'J18', 'J19']
- Machine states:
  - Machine M1: Time=2753.00, Idle=178.00, Material=E-Bike_Steuerrohr_montiert
  - Machine M2: Time=2893.00, Idle=38.00, Material=Mountainbike_Schaltauge_bearbeitet
  - Machine M3: Time=2931.00, Idle=0.00, Material=E-Bike_Antrieb_installiert
==================================================

2025-06-18 13:16:06,790 - JSPGymEnvironment - INFO - Material change on machine M3: E-Bike_Antrieb_installiert -> E-Bike_Steuerrohr_ausgerieben, setup time: 15
2025-06-18 13:16:06,791 - JSPGymEnvironment - INFO - Executed operation: Job J15, Op 1, Machine M3, Start: 2946, End: 3002, Setup: 15
2025-06-18 13:16:06,791 - JSPGymEnvironment - INFO - 
===== REWARD DETAILS FOR STEP 55 =====
Job: J15, Operation: 1, Job Completed: False
Current Time: 2931.00 -> 3002.00, Setup Time: 15.00
Processing Time: 56.00, Idle Time: 0.00
Completed Jobs: 4/20
Machine: M3, Material: E-Bike_Steuerrohr_ausgerieben

REWARD COMPONENTS:
- makespan_reward: -0.3550
- setup_reward: -3.7500
- deadline_reward: 0.0000
- priority_reward: 0.0000
- critical_job_reward: 0.5000
- placement_reward: -2.5000
- timeliness_reward: 1.0533
- machine_idle_penalty: -4.4750

TOTAL REWARD: -9.5267

CUMULATIVE REWARD COMPONENTS:
- makespan_reward: -15.0100
- setup_reward: -347.2500
- deadline_reward: 59.9748
- priority_reward: 116.0000
- critical_job_reward: 64.5497
- placement_reward: -65.3333
- timeliness_reward: 414.6887
- machine_idle_penalty: -207.9750

CUMULATIVE TOTAL: 19.6448

CRITICAL STATE INFO:
- Valid actions: ['J1', 'J2', 'J3', 'J7', 'J8', 'J9', 'J10', 'J11', 'J12', 'J13', 'J14', 'J15', 'J16', 'J17', 'J18', 'J19']
- Machine states:
  - Machine M1: Time=2753.00, Idle=249.00, Material=E-Bike_Steuerrohr_montiert
  - Machine M2: Time=2893.00, Idle=109.00, Material=Mountainbike_Schaltauge_bearbeitet
  - Machine M3: Time=3002.00, Idle=0.00, Material=E-Bike_Steuerrohr_ausgerieben
==================================================

2025-06-18 13:16:06,829 - JSPGymEnvironment - INFO - Material change on machine M1: E-Bike_Steuerrohr_montiert -> Racebike_Steuerrohr_montiert, setup time: 59
2025-06-18 13:16:06,830 - JSPGymEnvironment - INFO - Executed operation: Job J9, Op 1, Machine M1, Start: 3061, End: 3097, Setup: 59
2025-06-18 13:16:06,830 - JSPGymEnvironment - INFO - 
===== REWARD DETAILS FOR STEP 56 =====
Job: J9, Operation: 1, Job Completed: False
Current Time: 3002.00 -> 3097.00, Setup Time: 59.00
Processing Time: 36.00, Idle Time: 0.00
Completed Jobs: 4/20
Machine: M1, Material: Racebike_Steuerrohr_montiert

REWARD COMPONENTS:
- makespan_reward: -0.4750
- setup_reward: -14.7500
- deadline_reward: 0.0000
- priority_reward: 0.0000
- critical_job_reward: 0.0000
- placement_reward: 0.0000
- timeliness_reward: 0.2890
- machine_idle_penalty: -3.7375

TOTAL REWARD: -18.6735

CUMULATIVE REWARD COMPONENTS:
- makespan_reward: -15.4850
- setup_reward: -362.0000
- deadline_reward: 59.9748
- priority_reward: 116.0000
- critical_job_reward: 64.5497
- placement_reward: -65.3333
- timeliness_reward: 414.9777
- machine_idle_penalty: -211.7125

CUMULATIVE TOTAL: 0.9712

CRITICAL STATE INFO:
- Valid actions: ['J1', 'J2', 'J3', 'J7', 'J8', 'J9', 'J10', 'J11', 'J12', 'J13', 'J14', 'J15', 'J16', 'J17', 'J18', 'J19']
- Machine states:
  - Machine M1: Time=3097.00, Idle=0.00, Material=Racebike_Steuerrohr_montiert
  - Machine M2: Time=2893.00, Idle=204.00, Material=Mountainbike_Schaltauge_bearbeitet
  - Machine M3: Time=3002.00, Idle=95.00, Material=E-Bike_Steuerrohr_ausgerieben
==================================================

2025-06-18 13:16:06,868 - JSPGymEnvironment - INFO - Material change on machine M2: Mountainbike_Schaltauge_bearbeitet -> E-Bike_Tretlager_gefraest, setup time: 29
2025-06-18 13:16:06,868 - JSPGymEnvironment - INFO - Executed operation: Job J18, Op 2, Machine M2, Start: 3126, End: 3147, Setup: 29
2025-06-18 13:16:06,868 - JSPGymEnvironment - INFO - 
===== REWARD DETAILS FOR STEP 57 =====
Job: J18, Operation: 2, Job Completed: False
Current Time: 3097.00 -> 3147.00, Setup Time: 29.00
Processing Time: 21.00, Idle Time: 0.00
Completed Jobs: 4/20
Machine: M2, Material: E-Bike_Tretlager_gefraest

REWARD COMPONENTS:
- makespan_reward: -0.2500
- setup_reward: -7.2500
- deadline_reward: 0.0000
- priority_reward: 0.0000
- critical_job_reward: 0.5000
- placement_reward: -2.5000
- timeliness_reward: -0.0983
- machine_idle_penalty: -2.4375

TOTAL REWARD: -12.0358

CUMULATIVE REWARD COMPONENTS:
- makespan_reward: -15.7350
- setup_reward: -369.2500
- deadline_reward: 59.9748
- priority_reward: 116.0000
- critical_job_reward: 65.0497
- placement_reward: -67.8333
- timeliness_reward: 414.8794
- machine_idle_penalty: -214.1500

CUMULATIVE TOTAL: -11.0645

CRITICAL STATE INFO:
- Valid actions: ['J1', 'J2', 'J3', 'J7', 'J8', 'J9', 'J10', 'J11', 'J12', 'J13', 'J14', 'J15', 'J16', 'J17', 'J18', 'J19']
- Machine states:
  - Machine M1: Time=3097.00, Idle=50.00, Material=Racebike_Steuerrohr_montiert
  - Machine M2: Time=3147.00, Idle=0.00, Material=E-Bike_Tretlager_gefraest
  - Machine M3: Time=3002.00, Idle=145.00, Material=E-Bike_Steuerrohr_ausgerieben
==================================================

2025-06-18 13:16:06,906 - JSPGymEnvironment - INFO - Material change on machine M2: E-Bike_Tretlager_gefraest -> Citybike_Bremsen_justiert, setup time: 24
2025-06-18 13:16:06,906 - JSPGymEnvironment - INFO - Executed operation: Job J3, Op 2, Machine M2, Start: 3171, End: 3199, Setup: 24
2025-06-18 13:16:06,906 - JSPGymEnvironment - INFO - 
===== REWARD DETAILS FOR STEP 58 =====
Job: J3, Operation: 2, Job Completed: False
Current Time: 3147.00 -> 3199.00, Setup Time: 24.00
Processing Time: 28.00, Idle Time: 0.00
Completed Jobs: 4/20
Machine: M2, Material: Citybike_Bremsen_justiert

REWARD COMPONENTS:
- makespan_reward: -0.2600
- setup_reward: -6.0000
- deadline_reward: 0.0000
- priority_reward: 0.0000
- critical_job_reward: 0.5000
- placement_reward: -0.8333
- timeliness_reward: -0.4876
- machine_idle_penalty: -3.7375

TOTAL REWARD: -10.8185

CUMULATIVE REWARD COMPONENTS:
- makespan_reward: -15.9950
- setup_reward: -375.2500
- deadline_reward: 59.9748
- priority_reward: 116.0000
- critical_job_reward: 65.5497
- placement_reward: -68.6667
- timeliness_reward: 414.3918
- machine_idle_penalty: -217.8875

CUMULATIVE TOTAL: -21.8830

CRITICAL STATE INFO:
- Valid actions: ['J1', 'J2', 'J3', 'J7', 'J8', 'J9', 'J10', 'J11', 'J12', 'J13', 'J14', 'J15', 'J16', 'J17', 'J18', 'J19']
- Machine states:
  - Machine M1: Time=3097.00, Idle=102.00, Material=Racebike_Steuerrohr_montiert
  - Machine M2: Time=3199.00, Idle=0.00, Material=Citybike_Bremsen_justiert
  - Machine M3: Time=3002.00, Idle=197.00, Material=E-Bike_Steuerrohr_ausgerieben
==================================================

2025-06-18 13:16:06,944 - JSPGymEnvironment - INFO - Material change on machine M1: Racebike_Steuerrohr_montiert -> Mountainbike_Tretlager_gefraest, setup time: 37
2025-06-18 13:16:06,944 - JSPGymEnvironment - INFO - Executed operation: Job J7, Op 3, Machine M1, Start: 3236, End: 3277, Setup: 37
2025-06-18 13:16:06,944 - JSPGymEnvironment - INFO - 
===== REWARD DETAILS FOR STEP 59 =====
Job: J7, Operation: 3, Job Completed: False
Current Time: 3199.00 -> 3277.00, Setup Time: 37.00
Processing Time: 41.00, Idle Time: 0.00
Completed Jobs: 4/20
Machine: M1, Material: Mountainbike_Tretlager_gefraest

REWARD COMPONENTS:
- makespan_reward: -0.3900
- setup_reward: -9.2500
- deadline_reward: 0.0000
- priority_reward: 0.0000
- critical_job_reward: 0.0000
- placement_reward: 0.0000
- timeliness_reward: -1.0429
- machine_idle_penalty: -4.4125

TOTAL REWARD: -15.0954

CUMULATIVE REWARD COMPONENTS:
- makespan_reward: -16.3850
- setup_reward: -384.5000
- deadline_reward: 59.9748
- priority_reward: 116.0000
- critical_job_reward: 65.5497
- placement_reward: -68.6667
- timeliness_reward: 413.3489
- machine_idle_penalty: -222.3000

CUMULATIVE TOTAL: -36.9784

CRITICAL STATE INFO:
- Valid actions: ['J1', 'J2', 'J3', 'J7', 'J8', 'J9', 'J10', 'J11', 'J12', 'J13', 'J14', 'J15', 'J16', 'J17', 'J18', 'J19']
- Machine states:
  - Machine M1: Time=3277.00, Idle=0.00, Material=Mountainbike_Tretlager_gefraest
  - Machine M2: Time=3199.00, Idle=78.00, Material=Citybike_Bremsen_justiert
  - Machine M3: Time=3002.00, Idle=275.00, Material=E-Bike_Steuerrohr_ausgerieben
==================================================

2025-06-18 13:16:07,056 - JSPGymEnvironment - INFO - Executed operation: Job J18, Op 3, Machine M3, Start: 3287, End: 3314, Setup: 10
2025-06-18 13:16:07,056 - JSPGymEnvironment - INFO - 
===== REWARD DETAILS FOR STEP 60 =====
Job: J18, Operation: 3, Job Completed: False
Current Time: 3277.00 -> 3314.00, Setup Time: 10.00
Processing Time: 27.00, Idle Time: 0.00
Completed Jobs: 4/20
Machine: M3, Material: E-Bike_Steuerrohr_ausgerieben

REWARD COMPONENTS:
- makespan_reward: -0.1850
- setup_reward: -2.5000
- deadline_reward: 0.0000
- priority_reward: 0.0000
- critical_job_reward: 0.5000
- placement_reward: -2.5000
- timeliness_reward: -1.2933
- machine_idle_penalty: -1.9000

TOTAL REWARD: -7.8783

CUMULATIVE REWARD COMPONENTS:
- makespan_reward: -16.5700
- setup_reward: -387.0000
- deadline_reward: 59.9748
- priority_reward: 116.0000
- critical_job_reward: 66.0497
- placement_reward: -71.1667
- timeliness_reward: 412.0556
- machine_idle_penalty: -224.2000

CUMULATIVE TOTAL: -44.8566

CRITICAL STATE INFO:
- Valid actions: ['J1', 'J2', 'J3', 'J7', 'J8', 'J9', 'J10', 'J11', 'J12', 'J13', 'J14', 'J15', 'J16', 'J17', 'J18', 'J19']
- Machine states:
  - Machine M1: Time=3277.00, Idle=37.00, Material=Mountainbike_Tretlager_gefraest
  - Machine M2: Time=3199.00, Idle=115.00, Material=Citybike_Bremsen_justiert
  - Machine M3: Time=3314.00, Idle=0.00, Material=E-Bike_Steuerrohr_ausgerieben
==================================================

2025-06-18 13:16:07,094 - JSPGymEnvironment - INFO - Material change on machine M1: Mountainbike_Tretlager_gefraest -> E-Bike_Schaltauge_bearbeitet, setup time: 48
2025-06-18 13:16:07,094 - JSPGymEnvironment - INFO - Executed operation: Job J18, Op 4, Machine M1, Start: 3362, End: 3403, Setup: 48
2025-06-18 13:16:07,095 - JSPGymEnvironment - INFO - 
===== REWARD DETAILS FOR STEP 61 =====
Job: J18, Operation: 4, Job Completed: False
Current Time: 3314.00 -> 3403.00, Setup Time: 48.00
Processing Time: 41.00, Idle Time: 0.00
Completed Jobs: 4/20
Machine: M1, Material: E-Bike_Schaltauge_bearbeitet

REWARD COMPONENTS:
- makespan_reward: -0.4450
- setup_reward: -12.0000
- deadline_reward: 0.0000
- priority_reward: 0.0000
- critical_job_reward: 0.5000
- placement_reward: -2.5000
- timeliness_reward: -1.8587
- machine_idle_penalty: -3.6625

TOTAL REWARD: -19.9662

CUMULATIVE REWARD COMPONENTS:
- makespan_reward: -17.0150
- setup_reward: -399.0000
- deadline_reward: 59.9748
- priority_reward: 116.0000
- critical_job_reward: 66.5497
- placement_reward: -73.6667
- timeliness_reward: 410.1969
- machine_idle_penalty: -227.8625

CUMULATIVE TOTAL: -64.8228

CRITICAL STATE INFO:
- Valid actions: ['J1', 'J2', 'J3', 'J7', 'J8', 'J9', 'J10', 'J11', 'J12', 'J13', 'J14', 'J15', 'J16', 'J17', 'J18', 'J19']
- Machine states:
  - Machine M1: Time=3403.00, Idle=0.00, Material=E-Bike_Schaltauge_bearbeitet
  - Machine M2: Time=3199.00, Idle=204.00, Material=Citybike_Bremsen_justiert
  - Machine M3: Time=3314.00, Idle=89.00, Material=E-Bike_Steuerrohr_ausgerieben
==================================================

2025-06-18 13:16:07,132 - JSPGymEnvironment - INFO - Material change on machine M1: E-Bike_Schaltauge_bearbeitet -> E-Bike_Hinterbau_vorbereitet, setup time: 40
2025-06-18 13:16:07,132 - JSPGymEnvironment - INFO - Executed operation: Job J19, Op 3, Machine M1, Start: 3443, End: 3478, Setup: 40
2025-06-18 13:16:07,133 - JSPGymEnvironment - INFO - 
===== REWARD DETAILS FOR STEP 62 =====
Job: J19, Operation: 3, Job Completed: False
Current Time: 3403.00 -> 3478.00, Setup Time: 40.00
Processing Time: 35.00, Idle Time: 0.00
Completed Jobs: 4/20
Machine: M1, Material: E-Bike_Hinterbau_vorbereitet

REWARD COMPONENTS:
- makespan_reward: -0.3750
- setup_reward: -10.0000
- deadline_reward: 0.0000
- priority_reward: 0.0000
- critical_job_reward: 0.0000
- placement_reward: 0.0000
- timeliness_reward: -2.2935
- machine_idle_penalty: -5.5375

TOTAL REWARD: -18.2060

CUMULATIVE REWARD COMPONENTS:
- makespan_reward: -17.3900
- setup_reward: -409.0000
- deadline_reward: 59.9748
- priority_reward: 116.0000
- critical_job_reward: 66.5497
- placement_reward: -73.6667
- timeliness_reward: 407.9035
- machine_idle_penalty: -233.4000

CUMULATIVE TOTAL: -83.0288

CRITICAL STATE INFO:
- Valid actions: ['J1', 'J2', 'J3', 'J7', 'J8', 'J9', 'J10', 'J11', 'J12', 'J13', 'J14', 'J15', 'J16', 'J17', 'J18', 'J19']
- Machine states:
  - Machine M1: Time=3478.00, Idle=0.00, Material=E-Bike_Hinterbau_vorbereitet
  - Machine M2: Time=3199.00, Idle=279.00, Material=Citybike_Bremsen_justiert
  - Machine M3: Time=3314.00, Idle=164.00, Material=E-Bike_Steuerrohr_ausgerieben
==================================================

2025-06-18 13:16:07,183 - JSPGymEnvironment - INFO - Material change on machine M3: E-Bike_Steuerrohr_ausgerieben -> E-Bike_Rahmen_nachbearbeitet, setup time: 15
2025-06-18 13:16:07,184 - JSPGymEnvironment - INFO - Executed operation: Job J18, Op 5, Machine M3, Start: 3493, End: 3537, Setup: 15
2025-06-18 13:16:07,184 - JSPGymEnvironment - INFO - Job J18 completed at time 3537, deadline: 2762, met: False, priority: 10
2025-06-18 13:16:07,184 - JSPGymEnvironment - INFO - 
===== REWARD DETAILS FOR STEP 63 =====
Job: J18, Operation: 5, Job Completed: True
Current Time: 3478.00 -> 3537.00, Setup Time: 15.00
Processing Time: 44.00, Idle Time: 0.00
Completed Jobs: 5/20
Machine: M3, Material: E-Bike_Rahmen_nachbearbeitet
Job Deadline: 2762.00 (Missed), Priority: 10

REWARD COMPONENTS:
- makespan_reward: -0.2950
- setup_reward: -3.7500
- deadline_reward: -0.7015
- priority_reward: 40.0000
- critical_job_reward: 9.1329
- placement_reward: -2.5000
- timeliness_reward: -2.5459
- machine_idle_penalty: -4.9625

TOTAL REWARD: 34.3780

CUMULATIVE REWARD COMPONENTS:
- makespan_reward: -17.6850
- setup_reward: -412.7500
- deadline_reward: 59.2733
- priority_reward: 156.0000
- critical_job_reward: 75.6825
- placement_reward: -76.1667
- timeliness_reward: 405.3576
- machine_idle_penalty: -238.3625

CUMULATIVE TOTAL: -48.6507

CRITICAL STATE INFO:
- Valid actions: ['J1', 'J2', 'J3', 'J7', 'J8', 'J9', 'J10', 'J11', 'J12', 'J13', 'J14', 'J15', 'J16', 'J17', 'J19']
- Machine states:
  - Machine M1: Time=3478.00, Idle=59.00, Material=E-Bike_Hinterbau_vorbereitet
  - Machine M2: Time=3199.00, Idle=338.00, Material=Citybike_Bremsen_justiert
  - Machine M3: Time=3537.00, Idle=0.00, Material=E-Bike_Rahmen_nachbearbeitet
==================================================

2025-06-18 13:16:07,184 - JSPGymEnvironment - INFO - Retro-Bonus für Job J18: -5.0
2025-06-18 13:16:07,225 - JSPGymEnvironment - INFO - Material change on machine M3: E-Bike_Rahmen_nachbearbeitet -> Mountainbike_Steuerrohr_montiert, setup time: 18
2025-06-18 13:16:07,226 - JSPGymEnvironment - INFO - Executed operation: Job J7, Op 4, Machine M3, Start: 3555, End: 3588, Setup: 18
2025-06-18 13:16:07,226 - JSPGymEnvironment - INFO - 
===== REWARD DETAILS FOR STEP 64 =====
Job: J7, Operation: 4, Job Completed: False
Current Time: 3537.00 -> 3588.00, Setup Time: 18.00
Processing Time: 33.00, Idle Time: 0.00
Completed Jobs: 5/20
Machine: M3, Material: Mountainbike_Steuerrohr_montiert

REWARD COMPONENTS:
- makespan_reward: -0.2550
- setup_reward: -4.5000
- deadline_reward: 0.0000
- priority_reward: 0.0000
- critical_job_reward: 0.0000
- placement_reward: 0.0000
- timeliness_reward: -2.8024
- machine_idle_penalty: -6.2375

TOTAL REWARD: -13.7949

CUMULATIVE REWARD COMPONENTS:
- makespan_reward: -17.9400
- setup_reward: -417.2500
- deadline_reward: 59.2733
- priority_reward: 156.0000
- critical_job_reward: 75.6825
- placement_reward: -76.1667
- timeliness_reward: 402.5553
- machine_idle_penalty: -244.6000

CUMULATIVE TOTAL: -62.4456

CRITICAL STATE INFO:
- Valid actions: ['J1', 'J2', 'J3', 'J7', 'J8', 'J9', 'J10', 'J11', 'J12', 'J13', 'J14', 'J15', 'J16', 'J17', 'J19']
- Machine states:
  - Machine M1: Time=3478.00, Idle=110.00, Material=E-Bike_Hinterbau_vorbereitet
  - Machine M2: Time=3199.00, Idle=389.00, Material=Citybike_Bremsen_justiert
  - Machine M3: Time=3588.00, Idle=0.00, Material=Mountainbike_Steuerrohr_montiert
==================================================

2025-06-18 13:16:07,263 - JSPGymEnvironment - INFO - Material change on machine M2: Citybike_Bremsen_justiert -> Citybike_Rahmen_nachbearbeitet, setup time: 20
2025-06-18 13:16:07,264 - JSPGymEnvironment - INFO - Executed operation: Job J3, Op 3, Machine M2, Start: 3608, End: 3634, Setup: 20
2025-06-18 13:16:07,264 - JSPGymEnvironment - INFO - 
===== REWARD DETAILS FOR STEP 65 =====
Job: J3, Operation: 3, Job Completed: False
Current Time: 3588.00 -> 3634.00, Setup Time: 20.00
Processing Time: 26.00, Idle Time: 0.00
Completed Jobs: 5/20
Machine: M2, Material: Citybike_Rahmen_nachbearbeitet

REWARD COMPONENTS:
- makespan_reward: -0.2300
- setup_reward: -5.0000
- deadline_reward: 0.0000
- priority_reward: 0.0000
- critical_job_reward: 0.5000
- placement_reward: -0.8333
- timeliness_reward: -3.0189
- machine_idle_penalty: -2.5250

TOTAL REWARD: -11.1072

CUMULATIVE REWARD COMPONENTS:
- makespan_reward: -18.1700
- setup_reward: -422.2500
- deadline_reward: 59.2733
- priority_reward: 156.0000
- critical_job_reward: 76.1825
- placement_reward: -77.0000
- timeliness_reward: 399.5364
- machine_idle_penalty: -247.1250

CUMULATIVE TOTAL: -73.5528

CRITICAL STATE INFO:
- Valid actions: ['J1', 'J2', 'J3', 'J7', 'J8', 'J9', 'J10', 'J11', 'J12', 'J13', 'J14', 'J15', 'J16', 'J17', 'J19']
- Machine states:
  - Machine M1: Time=3478.00, Idle=156.00, Material=E-Bike_Hinterbau_vorbereitet
  - Machine M2: Time=3634.00, Idle=0.00, Material=Citybike_Rahmen_nachbearbeitet
  - Machine M3: Time=3588.00, Idle=46.00, Material=Mountainbike_Steuerrohr_montiert
==================================================

2025-06-18 13:16:07,301 - JSPGymEnvironment - INFO - Material change on machine M1: E-Bike_Hinterbau_vorbereitet -> Mountainbike_Bremsaufnahme_gebohrt, setup time: 51
2025-06-18 13:16:07,301 - JSPGymEnvironment - INFO - Executed operation: Job J7, Op 5, Machine M1, Start: 3685, End: 3729, Setup: 51
2025-06-18 13:16:07,302 - JSPGymEnvironment - INFO - 
===== REWARD DETAILS FOR STEP 66 =====
Job: J7, Operation: 5, Job Completed: False
Current Time: 3634.00 -> 3729.00, Setup Time: 51.00
Processing Time: 44.00, Idle Time: 0.00
Completed Jobs: 5/20
Machine: M1, Material: Mountainbike_Bremsaufnahme_gebohrt

REWARD COMPONENTS:
- makespan_reward: -0.4750
- setup_reward: -12.7500
- deadline_reward: 0.0000
- priority_reward: 0.0000
- critical_job_reward: 0.0000
- placement_reward: 0.0000
- timeliness_reward: -3.4230
- machine_idle_penalty: -2.9500

TOTAL REWARD: -19.5980

CUMULATIVE REWARD COMPONENTS:
- makespan_reward: -18.6450
- setup_reward: -435.0000
- deadline_reward: 59.2733
- priority_reward: 156.0000
- critical_job_reward: 76.1825
- placement_reward: -77.0000
- timeliness_reward: 396.1134
- machine_idle_penalty: -250.0750

CUMULATIVE TOTAL: -93.1507

CRITICAL STATE INFO:
- Valid actions: ['J1', 'J2', 'J3', 'J7', 'J8', 'J9', 'J10', 'J11', 'J12', 'J13', 'J14', 'J15', 'J16', 'J17', 'J19']
- Machine states:
  - Machine M1: Time=3729.00, Idle=0.00, Material=Mountainbike_Bremsaufnahme_gebohrt
  - Machine M2: Time=3634.00, Idle=95.00, Material=Citybike_Rahmen_nachbearbeitet
  - Machine M3: Time=3588.00, Idle=141.00, Material=Mountainbike_Steuerrohr_montiert
==================================================

2025-06-18 13:16:07,339 - JSPGymEnvironment - INFO - Material change on machine M2: Citybike_Rahmen_nachbearbeitet -> Mountainbike_Hauptrahmen_zugeschnitten, setup time: 15
2025-06-18 13:16:07,339 - JSPGymEnvironment - INFO - Executed operation: Job J10, Op 2, Machine M2, Start: 3744, End: 3762, Setup: 15
2025-06-18 13:16:07,340 - JSPGymEnvironment - INFO - 
===== REWARD DETAILS FOR STEP 67 =====
Job: J10, Operation: 2, Job Completed: False
Current Time: 3729.00 -> 3762.00, Setup Time: 15.00
Processing Time: 18.00, Idle Time: 0.00
Completed Jobs: 5/20
Machine: M2, Material: Mountainbike_Hauptrahmen_zugeschnitten

REWARD COMPONENTS:
- makespan_reward: -0.1650
- setup_reward: -3.7500
- deadline_reward: 0.0000
- priority_reward: 0.0000
- critical_job_reward: 0.0000
- placement_reward: 0.0000
- timeliness_reward: -3.5503
- machine_idle_penalty: -2.5875

TOTAL REWARD: -10.0528

CUMULATIVE REWARD COMPONENTS:
- makespan_reward: -18.8100
- setup_reward: -438.7500
- deadline_reward: 59.2733
- priority_reward: 156.0000
- critical_job_reward: 76.1825
- placement_reward: -77.0000
- timeliness_reward: 392.5631
- machine_idle_penalty: -252.6625

CUMULATIVE TOTAL: -103.2036

CRITICAL STATE INFO:
- Valid actions: ['J1', 'J2', 'J3', 'J7', 'J8', 'J9', 'J10', 'J11', 'J12', 'J13', 'J14', 'J15', 'J16', 'J17', 'J19']
- Machine states:
  - Machine M1: Time=3729.00, Idle=33.00, Material=Mountainbike_Bremsaufnahme_gebohrt
  - Machine M2: Time=3762.00, Idle=0.00, Material=Mountainbike_Hauptrahmen_zugeschnitten
  - Machine M3: Time=3588.00, Idle=174.00, Material=Mountainbike_Steuerrohr_montiert
==================================================

2025-06-18 13:16:07,448 - JSPGymEnvironment - INFO - Material change on machine M3: Mountainbike_Steuerrohr_montiert -> Mountainbike_Tretlager_gefraest, setup time: 15
2025-06-18 13:16:07,448 - JSPGymEnvironment - INFO - Executed operation: Job J11, Op 1, Machine M3, Start: 3777, End: 3829, Setup: 15
2025-06-18 13:16:07,449 - JSPGymEnvironment - INFO - 
===== REWARD DETAILS FOR STEP 68 =====
Job: J11, Operation: 1, Job Completed: False
Current Time: 3762.00 -> 3829.00, Setup Time: 15.00
Processing Time: 52.00, Idle Time: 0.00
Completed Jobs: 5/20
Machine: M3, Material: Mountainbike_Tretlager_gefraest

REWARD COMPONENTS:
- makespan_reward: -0.3350
- setup_reward: -3.7500
- deadline_reward: 0.0000
- priority_reward: 0.0000
- critical_job_reward: 0.0000
- placement_reward: 0.0000
- timeliness_reward: -3.7894
- machine_idle_penalty: -2.0875

TOTAL REWARD: -9.9619

CUMULATIVE REWARD COMPONENTS:
- makespan_reward: -19.1450
- setup_reward: -442.5000
- deadline_reward: 59.2733
- priority_reward: 156.0000
- critical_job_reward: 76.1825
- placement_reward: -77.0000
- timeliness_reward: 388.7737
- machine_idle_penalty: -254.7500

CUMULATIVE TOTAL: -113.1655

CRITICAL STATE INFO:
- Valid actions: ['J1', 'J2', 'J3', 'J7', 'J8', 'J9', 'J10', 'J11', 'J12', 'J13', 'J14', 'J15', 'J16', 'J17', 'J19']
- Machine states:
  - Machine M1: Time=3729.00, Idle=100.00, Material=Mountainbike_Bremsaufnahme_gebohrt
  - Machine M2: Time=3762.00, Idle=67.00, Material=Mountainbike_Hauptrahmen_zugeschnitten
  - Machine M3: Time=3829.00, Idle=0.00, Material=Mountainbike_Tretlager_gefraest
==================================================

2025-06-18 13:16:07,486 - JSPGymEnvironment - INFO - Material change on machine M3: Mountainbike_Tretlager_gefraest -> Mountainbike_Rahmen_komplettiert, setup time: 15
2025-06-18 13:16:07,486 - JSPGymEnvironment - INFO - Executed operation: Job J11, Op 2, Machine M3, Start: 3844, End: 3869, Setup: 15
2025-06-18 13:16:07,487 - JSPGymEnvironment - INFO - 
===== REWARD DETAILS FOR STEP 69 =====
Job: J11, Operation: 2, Job Completed: False
Current Time: 3829.00 -> 3869.00, Setup Time: 15.00
Processing Time: 25.00, Idle Time: 0.00
Completed Jobs: 5/20
Machine: M3, Material: Mountainbike_Rahmen_komplettiert

REWARD COMPONENTS:
- makespan_reward: -0.2000
- setup_reward: -3.7500
- deadline_reward: 0.0000
- priority_reward: 0.0000
- critical_job_reward: 0.0000
- placement_reward: 0.0000
- timeliness_reward: -3.9203
- machine_idle_penalty: -3.0875

TOTAL REWARD: -10.9578

CUMULATIVE REWARD COMPONENTS:
- makespan_reward: -19.3450
- setup_reward: -446.2500
- deadline_reward: 59.2733
- priority_reward: 156.0000
- critical_job_reward: 76.1825
- placement_reward: -77.0000
- timeliness_reward: 384.8534
- machine_idle_penalty: -257.8375

CUMULATIVE TOTAL: -124.1233

CRITICAL STATE INFO:
- Valid actions: ['J1', 'J2', 'J3', 'J7', 'J8', 'J9', 'J10', 'J11', 'J12', 'J13', 'J14', 'J15', 'J16', 'J17', 'J19']
- Machine states:
  - Machine M1: Time=3729.00, Idle=140.00, Material=Mountainbike_Bremsaufnahme_gebohrt
  - Machine M2: Time=3762.00, Idle=107.00, Material=Mountainbike_Hauptrahmen_zugeschnitten
  - Machine M3: Time=3869.00, Idle=0.00, Material=Mountainbike_Rahmen_komplettiert
==================================================

2025-06-18 13:16:07,523 - JSPGymEnvironment - INFO - Material change on machine M3: Mountainbike_Rahmen_komplettiert -> Mountainbike_Laufraeder_montiert, setup time: 15
2025-06-18 13:16:07,524 - JSPGymEnvironment - INFO - Executed operation: Job J2, Op 0, Machine M3, Start: 3884, End: 3941, Setup: 15
2025-06-18 13:16:07,524 - JSPGymEnvironment - INFO - 
===== REWARD DETAILS FOR STEP 70 =====
Job: J2, Operation: 0, Job Completed: False
Current Time: 3869.00 -> 3941.00, Setup Time: 15.00
Processing Time: 57.00, Idle Time: 0.00
Completed Jobs: 5/20
Machine: M3, Material: Mountainbike_Laufraeder_montiert

REWARD COMPONENTS:
- makespan_reward: -0.3600
- setup_reward: -3.7500
- deadline_reward: 0.0000
- priority_reward: 0.0000
- critical_job_reward: 0.5000
- placement_reward: -0.8333
- timeliness_reward: -4.1348
- machine_idle_penalty: -4.8875

TOTAL REWARD: -13.4657

CUMULATIVE REWARD COMPONENTS:
- makespan_reward: -19.7050
- setup_reward: -450.0000
- deadline_reward: 59.2733
- priority_reward: 156.0000
- critical_job_reward: 76.6825
- placement_reward: -77.8333
- timeliness_reward: 380.7186
- machine_idle_penalty: -262.7250

CUMULATIVE TOTAL: -137.5889

CRITICAL STATE INFO:
- Valid actions: ['J1', 'J2', 'J3', 'J7', 'J8', 'J9', 'J10', 'J11', 'J12', 'J13', 'J14', 'J15', 'J16', 'J17', 'J19']
- Machine states:
  - Machine M1: Time=3729.00, Idle=212.00, Material=Mountainbike_Bremsaufnahme_gebohrt
  - Machine M2: Time=3762.00, Idle=179.00, Material=Mountainbike_Hauptrahmen_zugeschnitten
  - Machine M3: Time=3941.00, Idle=0.00, Material=Mountainbike_Laufraeder_montiert
==================================================

2025-06-18 13:16:07,561 - JSPGymEnvironment - INFO - Material change on machine M2: Mountainbike_Hauptrahmen_zugeschnitten -> E-Bike_Rahmen_komplettiert, setup time: 29
2025-06-18 13:16:07,561 - JSPGymEnvironment - INFO - Executed operation: Job J19, Op 4, Machine M2, Start: 3970, End: 3992, Setup: 29
2025-06-18 13:16:07,562 - JSPGymEnvironment - INFO - 
===== REWARD DETAILS FOR STEP 71 =====
Job: J19, Operation: 4, Job Completed: False
Current Time: 3941.00 -> 3992.00, Setup Time: 29.00
Processing Time: 22.00, Idle Time: 0.00
Completed Jobs: 5/20
Machine: M2, Material: E-Bike_Rahmen_komplettiert

REWARD COMPONENTS:
- makespan_reward: -0.2550
- setup_reward: -7.2500
- deadline_reward: 0.0000
- priority_reward: 0.0000
- critical_job_reward: 0.0000
- placement_reward: 0.0000
- timeliness_reward: -4.2716
- machine_idle_penalty: -3.9250

TOTAL REWARD: -15.7016

CUMULATIVE REWARD COMPONENTS:
- makespan_reward: -19.9600
- setup_reward: -457.2500
- deadline_reward: 59.2733
- priority_reward: 156.0000
- critical_job_reward: 76.6825
- placement_reward: -77.8333
- timeliness_reward: 376.4470
- machine_idle_penalty: -266.6500

CUMULATIVE TOTAL: -153.2905

CRITICAL STATE INFO:
- Valid actions: ['J1', 'J2', 'J3', 'J7', 'J8', 'J9', 'J10', 'J11', 'J12', 'J13', 'J14', 'J15', 'J16', 'J17', 'J19']
- Machine states:
  - Machine M1: Time=3729.00, Idle=263.00, Material=Mountainbike_Bremsaufnahme_gebohrt
  - Machine M2: Time=3992.00, Idle=0.00, Material=E-Bike_Rahmen_komplettiert
  - Machine M3: Time=3941.00, Idle=51.00, Material=Mountainbike_Laufraeder_montiert
==================================================

2025-06-18 13:16:07,600 - JSPGymEnvironment - INFO - Material change on machine M3: Mountainbike_Laufraeder_montiert -> E-Bike_Schaltauge_bearbeitet, setup time: 17
2025-06-18 13:16:07,600 - JSPGymEnvironment - INFO - Executed operation: Job J12, Op 3, Machine M3, Start: 4009, End: 4058, Setup: 17
2025-06-18 13:16:07,601 - JSPGymEnvironment - INFO - 
===== REWARD DETAILS FOR STEP 72 =====
Job: J12, Operation: 3, Job Completed: False
Current Time: 3992.00 -> 4058.00, Setup Time: 17.00
Processing Time: 49.00, Idle Time: 0.00
Completed Jobs: 5/20
Machine: M3, Material: E-Bike_Schaltauge_bearbeitet

REWARD COMPONENTS:
- makespan_reward: -0.3300
- setup_reward: -4.2500
- deadline_reward: 0.0000
- priority_reward: 0.0000
- critical_job_reward: 0.5000
- placement_reward: -2.8333
- timeliness_reward: -4.4313
- machine_idle_penalty: -4.9375

TOTAL REWARD: -16.2821

CUMULATIVE REWARD COMPONENTS:
- makespan_reward: -20.2900
- setup_reward: -461.5000
- deadline_reward: 59.2733
- priority_reward: 156.0000
- critical_job_reward: 77.1825
- placement_reward: -80.6667
- timeliness_reward: 372.0158
- machine_idle_penalty: -271.5875

CUMULATIVE TOTAL: -169.5726

CRITICAL STATE INFO:
- Valid actions: ['J1', 'J2', 'J3', 'J7', 'J8', 'J9', 'J10', 'J11', 'J12', 'J13', 'J14', 'J15', 'J16', 'J17', 'J19']
- Machine states:
  - Machine M1: Time=3729.00, Idle=329.00, Material=Mountainbike_Bremsaufnahme_gebohrt
  - Machine M2: Time=3992.00, Idle=66.00, Material=E-Bike_Rahmen_komplettiert
  - Machine M3: Time=4058.00, Idle=0.00, Material=E-Bike_Schaltauge_bearbeitet
==================================================

2025-06-18 13:16:07,638 - JSPGymEnvironment - INFO - Material change on machine M1: Mountainbike_Bremsaufnahme_gebohrt -> Mountainbike_Tretlager_gefraest, setup time: 40
2025-06-18 13:16:07,638 - JSPGymEnvironment - INFO - Executed operation: Job J17, Op 2, Machine M1, Start: 4098, End: 4139, Setup: 40
2025-06-18 13:16:07,638 - JSPGymEnvironment - INFO - 
===== REWARD DETAILS FOR STEP 73 =====
Job: J17, Operation: 2, Job Completed: False
Current Time: 4058.00 -> 4139.00, Setup Time: 40.00
Processing Time: 41.00, Idle Time: 0.00
Completed Jobs: 5/20
Machine: M1, Material: Mountainbike_Tretlager_gefraest

REWARD COMPONENTS:
- makespan_reward: -0.4050
- setup_reward: -10.0000
- deadline_reward: 0.0000
- priority_reward: 0.0000
- critical_job_reward: 0.0000
- placement_reward: 0.0000
- timeliness_reward: -4.6030
- machine_idle_penalty: -2.8500

TOTAL REWARD: -17.8580

CUMULATIVE REWARD COMPONENTS:
- makespan_reward: -20.6950
- setup_reward: -471.5000
- deadline_reward: 59.2733
- priority_reward: 156.0000
- critical_job_reward: 77.1825
- placement_reward: -80.6667
- timeliness_reward: 367.4127
- machine_idle_penalty: -274.4375

CUMULATIVE TOTAL: -187.4306

CRITICAL STATE INFO:
- Valid actions: ['J1', 'J2', 'J3', 'J7', 'J8', 'J9', 'J10', 'J11', 'J12', 'J13', 'J14', 'J15', 'J16', 'J17', 'J19']
- Machine states:
  - Machine M1: Time=4139.00, Idle=0.00, Material=Mountainbike_Tretlager_gefraest
  - Machine M2: Time=3992.00, Idle=147.00, Material=E-Bike_Rahmen_komplettiert
  - Machine M3: Time=4058.00, Idle=81.00, Material=E-Bike_Schaltauge_bearbeitet
==================================================

2025-06-18 13:16:07,679 - JSPGymEnvironment - INFO - Material change on machine M2: E-Bike_Rahmen_komplettiert -> Racebike_Rahmen_lackiert, setup time: 27
2025-06-18 13:16:07,679 - JSPGymEnvironment - INFO - Executed operation: Job J16, Op 2, Machine M2, Start: 4166, End: 4194, Setup: 27
2025-06-18 13:16:07,679 - JSPGymEnvironment - INFO - 
===== REWARD DETAILS FOR STEP 74 =====
Job: J16, Operation: 2, Job Completed: False
Current Time: 4139.00 -> 4194.00, Setup Time: 27.00
Processing Time: 28.00, Idle Time: 0.00
Completed Jobs: 5/20
Machine: M2, Material: Racebike_Rahmen_lackiert

REWARD COMPONENTS:
- makespan_reward: -0.2750
- setup_reward: -6.7500
- deadline_reward: 0.0000
- priority_reward: 0.0000
- critical_job_reward: 0.5000
- placement_reward: -1.6667
- timeliness_reward: -4.7059
- machine_idle_penalty: -2.3875

TOTAL REWARD: -15.2851

CUMULATIVE REWARD COMPONENTS:
- makespan_reward: -20.9700
- setup_reward: -478.2500
- deadline_reward: 59.2733
- priority_reward: 156.0000
- critical_job_reward: 77.6825
- placement_reward: -82.3333
- timeliness_reward: 362.7068
- machine_idle_penalty: -276.8250

CUMULATIVE TOTAL: -202.7157

CRITICAL STATE INFO:
- Valid actions: ['J1', 'J2', 'J3', 'J7', 'J8', 'J9', 'J10', 'J11', 'J12', 'J13', 'J14', 'J15', 'J16', 'J17', 'J19']
- Machine states:
  - Machine M1: Time=4139.00, Idle=55.00, Material=Mountainbike_Tretlager_gefraest
  - Machine M2: Time=4194.00, Idle=0.00, Material=Racebike_Rahmen_lackiert
  - Machine M3: Time=4058.00, Idle=136.00, Material=E-Bike_Schaltauge_bearbeitet
==================================================

2025-06-18 13:16:07,717 - JSPGymEnvironment - INFO - Material change on machine M1: Mountainbike_Tretlager_gefraest -> Mountainbike_Hinterbau_vorbereitet, setup time: 40
2025-06-18 13:16:07,718 - JSPGymEnvironment - INFO - Executed operation: Job J10, Op 3, Machine M1, Start: 4234, End: 4270, Setup: 40
2025-06-18 13:16:07,718 - JSPGymEnvironment - INFO - 
===== REWARD DETAILS FOR STEP 75 =====
Job: J10, Operation: 3, Job Completed: False
Current Time: 4194.00 -> 4270.00, Setup Time: 40.00
Processing Time: 36.00, Idle Time: 0.00
Completed Jobs: 5/20
Machine: M1, Material: Mountainbike_Hinterbau_vorbereitet

REWARD COMPONENTS:
- makespan_reward: -0.3800
- setup_reward: -10.0000
- deadline_reward: 0.0000
- priority_reward: 0.0000
- critical_job_reward: 0.0000
- placement_reward: 0.0000
- timeliness_reward: -4.8317
- machine_idle_penalty: -3.6000

TOTAL REWARD: -18.8117

CUMULATIVE REWARD COMPONENTS:
- makespan_reward: -21.3500
- setup_reward: -488.2500
- deadline_reward: 59.2733
- priority_reward: 156.0000
- critical_job_reward: 77.6825
- placement_reward: -82.3333
- timeliness_reward: 357.8751
- machine_idle_penalty: -280.4250

CUMULATIVE TOTAL: -221.5275

CRITICAL STATE INFO:
- Valid actions: ['J1', 'J2', 'J3', 'J7', 'J8', 'J9', 'J10', 'J11', 'J12', 'J13', 'J14', 'J15', 'J16', 'J17', 'J19']
- Machine states:
  - Machine M1: Time=4270.00, Idle=0.00, Material=Mountainbike_Hinterbau_vorbereitet
  - Machine M2: Time=4194.00, Idle=76.00, Material=Racebike_Rahmen_lackiert
  - Machine M3: Time=4058.00, Idle=212.00, Material=E-Bike_Schaltauge_bearbeitet
==================================================

2025-06-18 13:16:07,832 - JSPGymEnvironment - INFO - Material change on machine M2: Racebike_Rahmen_lackiert -> Mountainbike_Laufraeder_montiert, setup time: 23
2025-06-18 13:16:07,832 - JSPGymEnvironment - INFO - Executed operation: Job J10, Op 4, Machine M2, Start: 4293, End: 4313, Setup: 23
2025-06-18 13:16:07,833 - JSPGymEnvironment - INFO - 
===== REWARD DETAILS FOR STEP 76 =====
Job: J10, Operation: 4, Job Completed: False
Current Time: 4270.00 -> 4313.00, Setup Time: 23.00
Processing Time: 20.00, Idle Time: 0.00
Completed Jobs: 5/20
Machine: M2, Material: Mountainbike_Laufraeder_montiert

REWARD COMPONENTS:
- makespan_reward: -0.2150
- setup_reward: -5.7500
- deadline_reward: 0.0000
- priority_reward: 0.0000
- critical_job_reward: 0.0000
- placement_reward: 0.0000
- timeliness_reward: -4.8953
- machine_idle_penalty: -3.7250

TOTAL REWARD: -14.5853

CUMULATIVE REWARD COMPONENTS:
- makespan_reward: -21.5650
- setup_reward: -494.0000
- deadline_reward: 59.2733
- priority_reward: 156.0000
- critical_job_reward: 77.6825
- placement_reward: -82.3333
- timeliness_reward: 352.9798
- machine_idle_penalty: -284.1500

CUMULATIVE TOTAL: -236.1127

CRITICAL STATE INFO:
- Valid actions: ['J1', 'J2', 'J3', 'J7', 'J8', 'J9', 'J10', 'J11', 'J12', 'J13', 'J14', 'J15', 'J16', 'J17', 'J19']
- Machine states:
  - Machine M1: Time=4270.00, Idle=43.00, Material=Mountainbike_Hinterbau_vorbereitet
  - Machine M2: Time=4313.00, Idle=0.00, Material=Mountainbike_Laufraeder_montiert
  - Machine M3: Time=4058.00, Idle=255.00, Material=E-Bike_Schaltauge_bearbeitet
==================================================

2025-06-18 13:16:07,874 - JSPGymEnvironment - INFO - Material change on machine M3: E-Bike_Schaltauge_bearbeitet -> Mountainbike_Rahmen_lackiert, setup time: 18
2025-06-18 13:16:07,875 - JSPGymEnvironment - INFO - Executed operation: Job J10, Op 5, Machine M3, Start: 4331, End: 4376, Setup: 18
2025-06-18 13:16:07,875 - JSPGymEnvironment - INFO - Job J10 completed at time 4376, deadline: 2874, met: False, priority: 7
2025-06-18 13:16:07,875 - JSPGymEnvironment - INFO - 
===== REWARD DETAILS FOR STEP 77 =====
Job: J10, Operation: 5, Job Completed: True
Current Time: 4313.00 -> 4376.00, Setup Time: 18.00
Processing Time: 45.00, Idle Time: 0.00
Completed Jobs: 6/20
Machine: M3, Material: Mountainbike_Rahmen_lackiert
Job Deadline: 2874.00 (Missed), Priority: 7

REWARD COMPONENTS:
- makespan_reward: -0.3150
- setup_reward: -4.5000
- deadline_reward: -1.3065
- priority_reward: 28.0000
- critical_job_reward: 0.0000
- placement_reward: 0.0000
- timeliness_reward: -4.9823
- machine_idle_penalty: -2.1125

TOTAL REWARD: 14.7837

CUMULATIVE REWARD COMPONENTS:
- makespan_reward: -21.8800
- setup_reward: -498.5000
- deadline_reward: 57.9667
- priority_reward: 184.0000
- critical_job_reward: 77.6825
- placement_reward: -82.3333
- timeliness_reward: 347.9975
- machine_idle_penalty: -286.2625

CUMULATIVE TOTAL: -221.3291

CRITICAL STATE INFO:
- Valid actions: ['J1', 'J2', 'J3', 'J7', 'J8', 'J9', 'J11', 'J12', 'J13', 'J14', 'J15', 'J16', 'J17', 'J19']
- Machine states:
  - Machine M1: Time=4270.00, Idle=106.00, Material=Mountainbike_Hinterbau_vorbereitet
  - Machine M2: Time=4313.00, Idle=63.00, Material=Mountainbike_Laufraeder_montiert
  - Machine M3: Time=4376.00, Idle=0.00, Material=Mountainbike_Rahmen_lackiert
==================================================

2025-06-18 13:16:07,875 - JSPGymEnvironment - INFO - Retro-Bonus für Job J10: -10.0
2025-06-18 13:16:07,916 - JSPGymEnvironment - INFO - Material change on machine M1: Mountainbike_Hinterbau_vorbereitet -> E-Bike_Bremsaufnahme_gebohrt, setup time: 48
2025-06-18 13:16:07,917 - JSPGymEnvironment - INFO - Executed operation: Job J14, Op 3, Machine M1, Start: 4424, End: 4455, Setup: 48
2025-06-18 13:16:07,917 - JSPGymEnvironment - INFO - 
===== REWARD DETAILS FOR STEP 78 =====
Job: J14, Operation: 3, Job Completed: False
Current Time: 4376.00 -> 4455.00, Setup Time: 48.00
Processing Time: 31.00, Idle Time: 0.00
Completed Jobs: 6/20
Machine: M1, Material: E-Bike_Bremsaufnahme_gebohrt

REWARD COMPONENTS:
- makespan_reward: -0.3950
- setup_reward: -12.0000
- deadline_reward: 0.0000
- priority_reward: 0.0000
- critical_job_reward: 0.5000
- placement_reward: -0.8333
- timeliness_reward: -5.0738
- machine_idle_penalty: -2.7625

TOTAL REWARD: -20.5647

CUMULATIVE REWARD COMPONENTS:
- makespan_reward: -22.2750
- setup_reward: -510.5000
- deadline_reward: 57.9667
- priority_reward: 184.0000
- critical_job_reward: 78.1825
- placement_reward: -83.1667
- timeliness_reward: 342.9237
- machine_idle_penalty: -289.0250

CUMULATIVE TOTAL: -241.8937

CRITICAL STATE INFO:
- Valid actions: ['J1', 'J2', 'J3', 'J7', 'J8', 'J9', 'J11', 'J12', 'J13', 'J14', 'J15', 'J16', 'J17', 'J19']
- Machine states:
  - Machine M1: Time=4455.00, Idle=0.00, Material=E-Bike_Bremsaufnahme_gebohrt
  - Machine M2: Time=4313.00, Idle=142.00, Material=Mountainbike_Laufraeder_montiert
  - Machine M3: Time=4376.00, Idle=79.00, Material=Mountainbike_Rahmen_lackiert
==================================================

2025-06-18 13:16:07,958 - JSPGymEnvironment - INFO - Material change on machine M1: E-Bike_Bremsaufnahme_gebohrt -> Citybike_Tretlageraufnahme_geschweisst, setup time: 47
2025-06-18 13:16:07,958 - JSPGymEnvironment - INFO - Executed operation: Job J3, Op 4, Machine M1, Start: 4502, End: 4539, Setup: 47
2025-06-18 13:16:07,959 - JSPGymEnvironment - INFO - 
===== REWARD DETAILS FOR STEP 79 =====
Job: J3, Operation: 4, Job Completed: False
Current Time: 4455.00 -> 4539.00, Setup Time: 47.00
Processing Time: 37.00, Idle Time: 0.00
Completed Jobs: 6/20
Machine: M1, Material: Citybike_Tretlageraufnahme_geschweisst

REWARD COMPONENTS:
- makespan_reward: -0.4200
- setup_reward: -11.7500
- deadline_reward: 0.0000
- priority_reward: 0.0000
- critical_job_reward: 0.5000
- placement_reward: -0.8333
- timeliness_reward: -5.1568
- machine_idle_penalty: -4.8625

TOTAL REWARD: -22.5226

CUMULATIVE REWARD COMPONENTS:
- makespan_reward: -22.6950
- setup_reward: -522.2500
- deadline_reward: 57.9667
- priority_reward: 184.0000
- critical_job_reward: 78.6825
- placement_reward: -84.0000
- timeliness_reward: 337.7669
- machine_idle_penalty: -293.8875

CUMULATIVE TOTAL: -264.4163

CRITICAL STATE INFO:
- Valid actions: ['J1', 'J2', 'J3', 'J7', 'J8', 'J9', 'J11', 'J12', 'J13', 'J14', 'J15', 'J16', 'J17', 'J19']
- Machine states:
  - Machine M1: Time=4539.00, Idle=0.00, Material=Citybike_Tretlageraufnahme_geschweisst
  - Machine M2: Time=4313.00, Idle=226.00, Material=Mountainbike_Laufraeder_montiert
  - Machine M3: Time=4376.00, Idle=163.00, Material=Mountainbike_Rahmen_lackiert
==================================================

2025-06-18 13:16:07,998 - JSPGymEnvironment - INFO - Material change on machine M2: Mountainbike_Laufraeder_montiert -> E-Bike_Laufraeder_montiert, setup time: 29
2025-06-18 13:16:07,999 - JSPGymEnvironment - INFO - Executed operation: Job J14, Op 4, Machine M2, Start: 4568, End: 4579, Setup: 29
2025-06-18 13:16:07,999 - JSPGymEnvironment - INFO - 
===== REWARD DETAILS FOR STEP 80 =====
Job: J14, Operation: 4, Job Completed: False
Current Time: 4539.00 -> 4579.00, Setup Time: 29.00
Processing Time: 11.00, Idle Time: 0.00
Completed Jobs: 6/20
Machine: M2, Material: E-Bike_Laufraeder_montiert

REWARD COMPONENTS:
- makespan_reward: -0.2000
- setup_reward: -7.2500
- deadline_reward: 0.0000
- priority_reward: 0.0000
- critical_job_reward: 0.5000
- placement_reward: -0.8333
- timeliness_reward: -5.1917
- machine_idle_penalty: -3.0375

TOTAL REWARD: -16.0125

CUMULATIVE REWARD COMPONENTS:
- makespan_reward: -22.8950
- setup_reward: -529.5000
- deadline_reward: 57.9667
- priority_reward: 184.0000
- critical_job_reward: 79.1825
- placement_reward: -84.8333
- timeliness_reward: 332.5752
- machine_idle_penalty: -296.9250

CUMULATIVE TOTAL: -280.4288

CRITICAL STATE INFO:
- Valid actions: ['J1', 'J2', 'J3', 'J7', 'J8', 'J9', 'J11', 'J12', 'J13', 'J14', 'J15', 'J16', 'J17', 'J19']
- Machine states:
  - Machine M1: Time=4539.00, Idle=40.00, Material=Citybike_Tretlageraufnahme_geschweisst
  - Machine M2: Time=4579.00, Idle=0.00, Material=E-Bike_Laufraeder_montiert
  - Machine M3: Time=4376.00, Idle=203.00, Material=Mountainbike_Rahmen_lackiert
==================================================

2025-06-18 13:16:08,039 - JSPGymEnvironment - INFO - Material change on machine M1: Citybike_Tretlageraufnahme_geschweisst -> Mountainbike_Schaltauge_bearbeitet, setup time: 30
2025-06-18 13:16:08,039 - JSPGymEnvironment - INFO - Executed operation: Job J11, Op 3, Machine M1, Start: 4609, End: 4638, Setup: 30
2025-06-18 13:16:08,039 - JSPGymEnvironment - INFO - 
===== REWARD DETAILS FOR STEP 81 =====
Job: J11, Operation: 3, Job Completed: False
Current Time: 4579.00 -> 4638.00, Setup Time: 30.00
Processing Time: 29.00, Idle Time: 0.00
Completed Jobs: 6/20
Machine: M1, Material: Mountainbike_Schaltauge_bearbeitet

REWARD COMPONENTS:
- makespan_reward: -0.2950
- setup_reward: -7.5000
- deadline_reward: 0.0000
- priority_reward: 0.0000
- critical_job_reward: 0.0000
- placement_reward: 0.0000
- timeliness_reward: -5.2383
- machine_idle_penalty: -4.0125

TOTAL REWARD: -17.0458

CUMULATIVE REWARD COMPONENTS:
- makespan_reward: -23.1900
- setup_reward: -537.0000
- deadline_reward: 57.9667
- priority_reward: 184.0000
- critical_job_reward: 79.1825
- placement_reward: -84.8333
- timeliness_reward: 327.3369
- machine_idle_penalty: -300.9375

CUMULATIVE TOTAL: -297.4746

CRITICAL STATE INFO:
- Valid actions: ['J1', 'J2', 'J3', 'J7', 'J8', 'J9', 'J11', 'J12', 'J13', 'J14', 'J15', 'J16', 'J17', 'J19']
- Machine states:
  - Machine M1: Time=4638.00, Idle=0.00, Material=Mountainbike_Schaltauge_bearbeitet
  - Machine M2: Time=4579.00, Idle=59.00, Material=E-Bike_Laufraeder_montiert
  - Machine M3: Time=4376.00, Idle=262.00, Material=Mountainbike_Rahmen_lackiert
==================================================

2025-06-18 13:16:08,080 - JSPGymEnvironment - INFO - Material change on machine M1: Mountainbike_Schaltauge_bearbeitet -> Racebike_Schaltauge_bearbeitet, setup time: 49
2025-06-18 13:16:08,080 - JSPGymEnvironment - INFO - Executed operation: Job J9, Op 2, Machine M1, Start: 4687, End: 4708, Setup: 49
2025-06-18 13:16:08,080 - JSPGymEnvironment - INFO - 
===== REWARD DETAILS FOR STEP 82 =====
Job: J9, Operation: 2, Job Completed: False
Current Time: 4638.00 -> 4708.00, Setup Time: 49.00
Processing Time: 21.00, Idle Time: 0.00
Completed Jobs: 6/20
Machine: M1, Material: Racebike_Schaltauge_bearbeitet

REWARD COMPONENTS:
- makespan_reward: -0.3500
- setup_reward: -12.2500
- deadline_reward: 0.0000
- priority_reward: 0.0000
- critical_job_reward: 0.0000
- placement_reward: 0.0000
- timeliness_reward: -5.2869
- machine_idle_penalty: -5.7625

TOTAL REWARD: -23.6494

CUMULATIVE REWARD COMPONENTS:
- makespan_reward: -23.5400
- setup_reward: -549.2500
- deadline_reward: 57.9667
- priority_reward: 184.0000
- critical_job_reward: 79.1825
- placement_reward: -84.8333
- timeliness_reward: 322.0500
- machine_idle_penalty: -306.7000

CUMULATIVE TOTAL: -321.1240

CRITICAL STATE INFO:
- Valid actions: ['J1', 'J2', 'J3', 'J7', 'J8', 'J9', 'J11', 'J12', 'J13', 'J14', 'J15', 'J16', 'J17', 'J19']
- Machine states:
  - Machine M1: Time=4708.00, Idle=0.00, Material=Racebike_Schaltauge_bearbeitet
  - Machine M2: Time=4579.00, Idle=129.00, Material=E-Bike_Laufraeder_montiert
  - Machine M3: Time=4376.00, Idle=332.00, Material=Mountainbike_Rahmen_lackiert
==================================================

2025-06-18 13:16:08,196 - JSPGymEnvironment - INFO - Material change on machine M1: Racebike_Schaltauge_bearbeitet -> E-Bike_Schaltauge_bearbeitet, setup time: 47
2025-06-18 13:16:08,197 - JSPGymEnvironment - INFO - Executed operation: Job J19, Op 5, Machine M1, Start: 4755, End: 4788, Setup: 47
2025-06-18 13:16:08,197 - JSPGymEnvironment - INFO - 
===== REWARD DETAILS FOR STEP 83 =====
Job: J19, Operation: 5, Job Completed: False
Current Time: 4708.00 -> 4788.00, Setup Time: 47.00
Processing Time: 33.00, Idle Time: 0.00
Completed Jobs: 6/20
Machine: M1, Material: E-Bike_Schaltauge_bearbeitet

REWARD COMPONENTS:
- makespan_reward: -0.4000
- setup_reward: -11.7500
- deadline_reward: 0.0000
- priority_reward: 0.0000
- critical_job_reward: 0.0000
- placement_reward: 0.0000
- timeliness_reward: -5.3346
- machine_idle_penalty: -7.7625

TOTAL REWARD: -25.2471

CUMULATIVE REWARD COMPONENTS:
- makespan_reward: -23.9400
- setup_reward: -561.0000
- deadline_reward: 57.9667
- priority_reward: 184.0000
- critical_job_reward: 79.1825
- placement_reward: -84.8333
- timeliness_reward: 316.7154
- machine_idle_penalty: -314.4625

CUMULATIVE TOTAL: -346.3712

CRITICAL STATE INFO:
- Valid actions: ['J1', 'J2', 'J3', 'J7', 'J8', 'J9', 'J11', 'J12', 'J13', 'J14', 'J15', 'J16', 'J17', 'J19']
- Machine states:
  - Machine M1: Time=4788.00, Idle=0.00, Material=E-Bike_Schaltauge_bearbeitet
  - Machine M2: Time=4579.00, Idle=209.00, Material=E-Bike_Laufraeder_montiert
  - Machine M3: Time=4376.00, Idle=412.00, Material=Mountainbike_Rahmen_lackiert
==================================================

2025-06-18 13:16:08,236 - JSPGymEnvironment - INFO - Material change on machine M2: E-Bike_Laufraeder_montiert -> Mountainbike_Hauptrahmen_zugeschnitten, setup time: 26
2025-06-18 13:16:08,236 - JSPGymEnvironment - INFO - Executed operation: Job J2, Op 1, Machine M2, Start: 4814, End: 4829, Setup: 26
2025-06-18 13:16:08,236 - JSPGymEnvironment - INFO - 
===== REWARD DETAILS FOR STEP 84 =====
Job: J2, Operation: 1, Job Completed: False
Current Time: 4788.00 -> 4829.00, Setup Time: 26.00
Processing Time: 15.00, Idle Time: 0.00
Completed Jobs: 6/20
Machine: M2, Material: Mountainbike_Hauptrahmen_zugeschnitten

REWARD COMPONENTS:
- makespan_reward: -0.2050
- setup_reward: -6.5000
- deadline_reward: 0.0000
- priority_reward: 0.0000
- critical_job_reward: 0.5000
- placement_reward: -0.8333
- timeliness_reward: -5.3563
- machine_idle_penalty: -6.1750

TOTAL REWARD: -18.5696

CUMULATIVE REWARD COMPONENTS:
- makespan_reward: -24.1450
- setup_reward: -567.5000
- deadline_reward: 57.9667
- priority_reward: 184.0000
- critical_job_reward: 79.6825
- placement_reward: -85.6667
- timeliness_reward: 311.3592
- machine_idle_penalty: -320.6375

CUMULATIVE TOTAL: -364.9407

CRITICAL STATE INFO:
- Valid actions: ['J1', 'J2', 'J3', 'J7', 'J8', 'J9', 'J11', 'J12', 'J13', 'J14', 'J15', 'J16', 'J17', 'J19']
- Machine states:
  - Machine M1: Time=4788.00, Idle=41.00, Material=E-Bike_Schaltauge_bearbeitet
  - Machine M2: Time=4829.00, Idle=0.00, Material=Mountainbike_Hauptrahmen_zugeschnitten
  - Machine M3: Time=4376.00, Idle=453.00, Material=Mountainbike_Rahmen_lackiert
==================================================

2025-06-18 13:16:08,274 - JSPGymEnvironment - INFO - Material change on machine M2: Mountainbike_Hauptrahmen_zugeschnitten -> Citybike_Bremsen_justiert, setup time: 15
2025-06-18 13:16:08,274 - JSPGymEnvironment - INFO - Executed operation: Job J8, Op 0, Machine M2, Start: 4844, End: 4858, Setup: 15
2025-06-18 13:16:08,274 - JSPGymEnvironment - INFO - 
===== REWARD DETAILS FOR STEP 85 =====
Job: J8, Operation: 0, Job Completed: False
Current Time: 4829.00 -> 4858.00, Setup Time: 15.00
Processing Time: 14.00, Idle Time: 0.00
Completed Jobs: 6/20
Machine: M2, Material: Citybike_Bremsen_justiert

REWARD COMPONENTS:
- makespan_reward: -0.1450
- setup_reward: -3.7500
- deadline_reward: 0.0000
- priority_reward: 0.0000
- critical_job_reward: 0.0000
- placement_reward: 0.0000
- timeliness_reward: -5.3705
- machine_idle_penalty: -6.9000

TOTAL REWARD: -16.1655

CUMULATIVE REWARD COMPONENTS:
- makespan_reward: -24.2900
- setup_reward: -571.2500
- deadline_reward: 57.9667
- priority_reward: 184.0000
- critical_job_reward: 79.6825
- placement_reward: -85.6667
- timeliness_reward: 305.9887
- machine_idle_penalty: -327.5375

CUMULATIVE TOTAL: -381.1062

CRITICAL STATE INFO:
- Valid actions: ['J1', 'J2', 'J3', 'J7', 'J8', 'J9', 'J11', 'J12', 'J13', 'J14', 'J15', 'J16', 'J17', 'J19']
- Machine states:
  - Machine M1: Time=4788.00, Idle=70.00, Material=E-Bike_Schaltauge_bearbeitet
  - Machine M2: Time=4858.00, Idle=0.00, Material=Citybike_Bremsen_justiert
  - Machine M3: Time=4376.00, Idle=482.00, Material=Mountainbike_Rahmen_lackiert
==================================================

2025-06-18 13:16:08,312 - JSPGymEnvironment - INFO - Material change on machine M2: Citybike_Bremsen_justiert -> E-Bike_Steuerrohr_ausgerieben, setup time: 22
2025-06-18 13:16:08,312 - JSPGymEnvironment - INFO - Executed operation: Job J12, Op 4, Machine M2, Start: 4880, End: 4899, Setup: 22
2025-06-18 13:16:08,312 - JSPGymEnvironment - INFO - 
===== REWARD DETAILS FOR STEP 86 =====
Job: J12, Operation: 4, Job Completed: False
Current Time: 4858.00 -> 4899.00, Setup Time: 22.00
Processing Time: 19.00, Idle Time: 0.00
Completed Jobs: 6/20
Machine: M2, Material: E-Bike_Steuerrohr_ausgerieben

REWARD COMPONENTS:
- makespan_reward: -0.2050
- setup_reward: -5.5000
- deadline_reward: 0.0000
- priority_reward: 0.0000
- critical_job_reward: 0.5000
- placement_reward: -3.6250
- timeliness_reward: -5.3892
- machine_idle_penalty: -7.9250

TOTAL REWARD: -22.1442

CUMULATIVE REWARD COMPONENTS:
- makespan_reward: -24.4950
- setup_reward: -576.7500
- deadline_reward: 57.9667
- priority_reward: 184.0000
- critical_job_reward: 80.1825
- placement_reward: -89.2917
- timeliness_reward: 300.5995
- machine_idle_penalty: -335.4625

CUMULATIVE TOTAL: -403.2504

CRITICAL STATE INFO:
- Valid actions: ['J1', 'J2', 'J3', 'J7', 'J8', 'J9', 'J11', 'J12', 'J13', 'J14', 'J15', 'J16', 'J17', 'J19']
- Machine states:
  - Machine M1: Time=4788.00, Idle=111.00, Material=E-Bike_Schaltauge_bearbeitet
  - Machine M2: Time=4899.00, Idle=0.00, Material=E-Bike_Steuerrohr_ausgerieben
  - Machine M3: Time=4376.00, Idle=523.00, Material=Mountainbike_Rahmen_lackiert
==================================================

2025-06-18 13:16:08,349 - JSPGymEnvironment - INFO - Material change on machine M3: Mountainbike_Rahmen_lackiert -> E-Bike_Hinterbau_vorbereitet, setup time: 17
2025-06-18 13:16:08,350 - JSPGymEnvironment - INFO - Executed operation: Job J12, Op 5, Machine M3, Start: 4916, End: 4940, Setup: 17
2025-06-18 13:16:08,350 - JSPGymEnvironment - INFO - 
===== REWARD DETAILS FOR STEP 87 =====
Job: J12, Operation: 5, Job Completed: False
Current Time: 4899.00 -> 4940.00, Setup Time: 17.00
Processing Time: 24.00, Idle Time: 0.00
Completed Jobs: 6/20
Machine: M3, Material: E-Bike_Hinterbau_vorbereitet

REWARD COMPONENTS:
- makespan_reward: -0.2050
- setup_reward: -4.2500
- deadline_reward: 0.0000
- priority_reward: 0.0000
- critical_job_reward: 0.5000
- placement_reward: -2.5000
- timeliness_reward: -5.4064
- machine_idle_penalty: -2.4125

TOTAL REWARD: -14.2739

CUMULATIVE REWARD COMPONENTS:
- makespan_reward: -24.7000
- setup_reward: -581.0000
- deadline_reward: 57.9667
- priority_reward: 184.0000
- critical_job_reward: 80.6825
- placement_reward: -91.7917
- timeliness_reward: 295.1930
- machine_idle_penalty: -337.8750

CUMULATIVE TOTAL: -417.5244

CRITICAL STATE INFO:
- Valid actions: ['J1', 'J2', 'J3', 'J7', 'J8', 'J9', 'J11', 'J12', 'J13', 'J14', 'J15', 'J16', 'J17', 'J19']
- Machine states:
  - Machine M1: Time=4788.00, Idle=152.00, Material=E-Bike_Schaltauge_bearbeitet
  - Machine M2: Time=4899.00, Idle=41.00, Material=E-Bike_Steuerrohr_ausgerieben
  - Machine M3: Time=4940.00, Idle=0.00, Material=E-Bike_Hinterbau_vorbereitet
==================================================

2025-06-18 13:16:08,388 - JSPGymEnvironment - INFO - Material change on machine M3: E-Bike_Hinterbau_vorbereitet -> Citybike_Bremsen_justiert, setup time: 15
2025-06-18 13:16:08,388 - JSPGymEnvironment - INFO - Executed operation: Job J13, Op 0, Machine M3, Start: 4955, End: 4986, Setup: 15
2025-06-18 13:16:08,388 - JSPGymEnvironment - INFO - 
===== REWARD DETAILS FOR STEP 88 =====
Job: J13, Operation: 0, Job Completed: False
Current Time: 4940.00 -> 4986.00, Setup Time: 15.00
Processing Time: 31.00, Idle Time: 0.00
Completed Jobs: 6/20
Machine: M3, Material: Citybike_Bremsen_justiert

REWARD COMPONENTS:
- makespan_reward: -0.2300
- setup_reward: -3.7500
- deadline_reward: 0.0000
- priority_reward: 0.0000
- critical_job_reward: 0.0000
- placement_reward: 0.0000
- timeliness_reward: -5.4241
- machine_idle_penalty: -3.5625

TOTAL REWARD: -12.9666

CUMULATIVE REWARD COMPONENTS:
- makespan_reward: -24.9300
- setup_reward: -584.7500
- deadline_reward: 57.9667
- priority_reward: 184.0000
- critical_job_reward: 80.6825
- placement_reward: -91.7917
- timeliness_reward: 289.7689
- machine_idle_penalty: -341.4375

CUMULATIVE TOTAL: -430.4910

CRITICAL STATE INFO:
- Valid actions: ['J1', 'J2', 'J3', 'J7', 'J8', 'J9', 'J11', 'J12', 'J13', 'J14', 'J15', 'J16', 'J17', 'J19']
- Machine states:
  - Machine M1: Time=4788.00, Idle=198.00, Material=E-Bike_Schaltauge_bearbeitet
  - Machine M2: Time=4899.00, Idle=87.00, Material=E-Bike_Steuerrohr_ausgerieben
  - Machine M3: Time=4986.00, Idle=0.00, Material=Citybike_Bremsen_justiert
==================================================

2025-06-18 13:16:08,426 - JSPGymEnvironment - INFO - Material change on machine M2: E-Bike_Steuerrohr_ausgerieben -> E-Bike_Steuerrohr_montiert, setup time: 20
2025-06-18 13:16:08,426 - JSPGymEnvironment - INFO - Executed operation: Job J19, Op 6, Machine M2, Start: 5006, End: 5026, Setup: 20
2025-06-18 13:16:08,426 - JSPGymEnvironment - INFO - 
===== REWARD DETAILS FOR STEP 89 =====
Job: J19, Operation: 6, Job Completed: False
Current Time: 4986.00 -> 5026.00, Setup Time: 20.00
Processing Time: 20.00, Idle Time: 0.00
Completed Jobs: 6/20
Machine: M2, Material: E-Bike_Steuerrohr_montiert

REWARD COMPONENTS:
- makespan_reward: -0.2000
- setup_reward: -5.0000
- deadline_reward: 0.0000
- priority_reward: 0.0000
- critical_job_reward: 0.0000
- placement_reward: 0.0000
- timeliness_reward: -5.4382
- machine_idle_penalty: -3.4750

TOTAL REWARD: -14.1132

CUMULATIVE REWARD COMPONENTS:
- makespan_reward: -25.1300
- setup_reward: -589.7500
- deadline_reward: 57.9667
- priority_reward: 184.0000
- critical_job_reward: 80.6825
- placement_reward: -91.7917
- timeliness_reward: 284.3307
- machine_idle_penalty: -344.9125

CUMULATIVE TOTAL: -444.6042

CRITICAL STATE INFO:
- Valid actions: ['J1', 'J2', 'J3', 'J7', 'J8', 'J9', 'J11', 'J12', 'J13', 'J14', 'J15', 'J16', 'J17', 'J19']
- Machine states:
  - Machine M1: Time=4788.00, Idle=238.00, Material=E-Bike_Schaltauge_bearbeitet
  - Machine M2: Time=5026.00, Idle=0.00, Material=E-Bike_Steuerrohr_montiert
  - Machine M3: Time=4986.00, Idle=40.00, Material=Citybike_Bremsen_justiert
==================================================

2025-06-18 13:16:08,464 - JSPGymEnvironment - INFO - Material change on machine M3: Citybike_Bremsen_justiert -> Racebike_Steuerrohr_ausgerieben, setup time: 14
2025-06-18 13:16:08,464 - JSPGymEnvironment - INFO - Executed operation: Job J16, Op 3, Machine M3, Start: 5040, End: 5084, Setup: 14
2025-06-18 13:16:08,464 - JSPGymEnvironment - INFO - 
===== REWARD DETAILS FOR STEP 90 =====
Job: J16, Operation: 3, Job Completed: False
Current Time: 5026.00 -> 5084.00, Setup Time: 14.00
Processing Time: 44.00, Idle Time: 0.00
Completed Jobs: 6/20
Machine: M3, Material: Racebike_Steuerrohr_ausgerieben

REWARD COMPONENTS:
- makespan_reward: -0.2900
- setup_reward: -3.5000
- deadline_reward: 0.0000
- priority_reward: 0.0000
- critical_job_reward: 0.5000
- placement_reward: -1.6667
- timeliness_reward: -5.4566
- machine_idle_penalty: -4.4250

TOTAL REWARD: -14.8383

CUMULATIVE REWARD COMPONENTS:
- makespan_reward: -25.4200
- setup_reward: -593.2500
- deadline_reward: 57.9667
- priority_reward: 184.0000
- critical_job_reward: 81.1825
- placement_reward: -93.4583
- timeliness_reward: 278.8741
- machine_idle_penalty: -349.3375

CUMULATIVE TOTAL: -459.4425

CRITICAL STATE INFO:
- Valid actions: ['J1', 'J2', 'J3', 'J7', 'J8', 'J9', 'J11', 'J12', 'J13', 'J14', 'J15', 'J16', 'J17', 'J19']
- Machine states:
  - Machine M1: Time=4788.00, Idle=296.00, Material=E-Bike_Schaltauge_bearbeitet
  - Machine M2: Time=5026.00, Idle=58.00, Material=E-Bike_Steuerrohr_montiert
  - Machine M3: Time=5084.00, Idle=0.00, Material=Racebike_Steuerrohr_ausgerieben
==================================================

2025-06-18 13:16:08,575 - JSPGymEnvironment - INFO - Material change on machine M1: E-Bike_Schaltauge_bearbeitet -> Racebike_Steuerrohr_montiert, setup time: 59
2025-06-18 13:16:08,575 - JSPGymEnvironment - INFO - Executed operation: Job J16, Op 4, Machine M1, Start: 5143, End: 5164, Setup: 59
2025-06-18 13:16:08,575 - JSPGymEnvironment - INFO - 
===== REWARD DETAILS FOR STEP 91 =====
Job: J16, Operation: 4, Job Completed: False
Current Time: 5084.00 -> 5164.00, Setup Time: 59.00
Processing Time: 21.00, Idle Time: 0.00
Completed Jobs: 6/20
Machine: M1, Material: Racebike_Steuerrohr_montiert

REWARD COMPONENTS:
- makespan_reward: -0.4000
- setup_reward: -14.7500
- deadline_reward: 0.0000
- priority_reward: 0.0000
- critical_job_reward: 0.5000
- placement_reward: -1.6667
- timeliness_reward: -5.4787
- machine_idle_penalty: -2.7250

TOTAL REWARD: -24.5203

CUMULATIVE REWARD COMPONENTS:
- makespan_reward: -25.8200
- setup_reward: -608.0000
- deadline_reward: 57.9667
- priority_reward: 184.0000
- critical_job_reward: 81.6825
- placement_reward: -95.1250
- timeliness_reward: 273.3954
- machine_idle_penalty: -352.0625

CUMULATIVE TOTAL: -483.9628

CRITICAL STATE INFO:
- Valid actions: ['J1', 'J2', 'J3', 'J7', 'J8', 'J9', 'J11', 'J12', 'J13', 'J14', 'J15', 'J16', 'J17', 'J19']
- Machine states:
  - Machine M1: Time=5164.00, Idle=0.00, Material=Racebike_Steuerrohr_montiert
  - Machine M2: Time=5026.00, Idle=138.00, Material=E-Bike_Steuerrohr_montiert
  - Machine M3: Time=5084.00, Idle=80.00, Material=Racebike_Steuerrohr_ausgerieben
==================================================

2025-06-18 13:16:08,617 - JSPGymEnvironment - INFO - Material change on machine M3: Racebike_Steuerrohr_ausgerieben -> Racebike_Rahmen_komplettiert, setup time: 15
2025-06-18 13:16:08,617 - JSPGymEnvironment - INFO - Executed operation: Job J16, Op 5, Machine M3, Start: 5179, End: 5235, Setup: 15
2025-06-18 13:16:08,618 - JSPGymEnvironment - INFO - Job J16 completed at time 5235, deadline: 2762, met: False, priority: 9
2025-06-18 13:16:08,618 - JSPGymEnvironment - INFO - 
===== REWARD DETAILS FOR STEP 92 =====
Job: J16, Operation: 5, Job Completed: True
Current Time: 5164.00 -> 5235.00, Setup Time: 15.00
Processing Time: 56.00, Idle Time: 0.00
Completed Jobs: 7/20
Machine: M3, Material: Racebike_Rahmen_komplettiert
Job Deadline: 2762.00 (Missed), Priority: 9

REWARD COMPONENTS:
- makespan_reward: -0.3550
- setup_reward: -3.7500
- deadline_reward: -2.2384
- priority_reward: 36.0000
- critical_job_reward: 1.7556
- placement_reward: -1.6667
- timeliness_reward: -5.4912
- machine_idle_penalty: -3.5000

TOTAL REWARD: 20.7543

CUMULATIVE REWARD COMPONENTS:
- makespan_reward: -26.1750
- setup_reward: -611.7500
- deadline_reward: 55.7283
- priority_reward: 220.0000
- critical_job_reward: 83.4382
- placement_reward: -96.7917
- timeliness_reward: 267.9042
- machine_idle_penalty: -355.5625

CUMULATIVE TOTAL: -463.2085

CRITICAL STATE INFO:
- Valid actions: ['J1', 'J2', 'J3', 'J7', 'J8', 'J9', 'J11', 'J12', 'J13', 'J14', 'J15', 'J17', 'J19']
- Machine states:
  - Machine M1: Time=5164.00, Idle=71.00, Material=Racebike_Steuerrohr_montiert
  - Machine M2: Time=5026.00, Idle=209.00, Material=E-Bike_Steuerrohr_montiert
  - Machine M3: Time=5235.00, Idle=0.00, Material=Racebike_Rahmen_komplettiert
==================================================

2025-06-18 13:16:08,618 - JSPGymEnvironment - INFO - Retro-Bonus für Job J16: -5.0
2025-06-18 13:16:08,657 - JSPGymEnvironment - INFO - Material change on machine M3: Racebike_Rahmen_komplettiert -> Citybike_Rahmen_lackiert, setup time: 13
2025-06-18 13:16:08,657 - JSPGymEnvironment - INFO - Executed operation: Job J13, Op 1, Machine M3, Start: 5248, End: 5284, Setup: 13
2025-06-18 13:16:08,657 - JSPGymEnvironment - INFO - 
===== REWARD DETAILS FOR STEP 93 =====
Job: J13, Operation: 1, Job Completed: False
Current Time: 5235.00 -> 5284.00, Setup Time: 13.00
Processing Time: 36.00, Idle Time: 0.00
Completed Jobs: 7/20
Machine: M3, Material: Citybike_Rahmen_lackiert

REWARD COMPONENTS:
- makespan_reward: -0.2450
- setup_reward: -3.2500
- deadline_reward: 0.0000
- priority_reward: 0.0000
- critical_job_reward: 0.0000
- placement_reward: 0.0000
- timeliness_reward: -5.5017
- machine_idle_penalty: -4.7250

TOTAL REWARD: -13.7217

CUMULATIVE REWARD COMPONENTS:
- makespan_reward: -26.4200
- setup_reward: -615.0000
- deadline_reward: 55.7283
- priority_reward: 220.0000
- critical_job_reward: 83.4382
- placement_reward: -96.7917
- timeliness_reward: 262.4025
- machine_idle_penalty: -360.2875

CUMULATIVE TOTAL: -476.9302

CRITICAL STATE INFO:
- Valid actions: ['J1', 'J2', 'J3', 'J7', 'J8', 'J9', 'J11', 'J12', 'J13', 'J14', 'J15', 'J17', 'J19']
- Machine states:
  - Machine M1: Time=5164.00, Idle=120.00, Material=Racebike_Steuerrohr_montiert
  - Machine M2: Time=5026.00, Idle=258.00, Material=E-Bike_Steuerrohr_montiert
  - Machine M3: Time=5284.00, Idle=0.00, Material=Citybike_Rahmen_lackiert
==================================================

2025-06-18 13:16:08,701 - JSPGymEnvironment - INFO - Material change on machine M2: E-Bike_Steuerrohr_montiert -> E-Bike_Tretlager_gefraest, setup time: 20
2025-06-18 13:16:08,701 - JSPGymEnvironment - INFO - Executed operation: Job J19, Op 7, Machine M2, Start: 5304, End: 5327, Setup: 20
2025-06-18 13:16:08,701 - JSPGymEnvironment - INFO - Job J19 completed at time 5327, deadline: 2880, met: False, priority: 7
2025-06-18 13:16:08,701 - JSPGymEnvironment - INFO - 
===== REWARD DETAILS FOR STEP 94 =====
Job: J19, Operation: 7, Job Completed: True
Current Time: 5284.00 -> 5327.00, Setup Time: 20.00
Processing Time: 23.00, Idle Time: 0.00
Completed Jobs: 8/20
Machine: M2, Material: E-Bike_Tretlager_gefraest
Job Deadline: 2880.00 (Missed), Priority: 7

REWARD COMPONENTS:
- makespan_reward: -0.2150
- setup_reward: -5.0000
- deadline_reward: -2.1241
- priority_reward: 28.0000
- critical_job_reward: 0.0000
- placement_reward: 0.0000
- timeliness_reward: -5.5107
- machine_idle_penalty: -2.5750

TOTAL REWARD: 12.5751

CUMULATIVE REWARD COMPONENTS:
- makespan_reward: -26.6350
- setup_reward: -620.0000
- deadline_reward: 53.6042
- priority_reward: 248.0000
- critical_job_reward: 83.4382
- placement_reward: -96.7917
- timeliness_reward: 256.8918
- machine_idle_penalty: -362.8625

CUMULATIVE TOTAL: -464.3551

CRITICAL STATE INFO:
- Valid actions: ['J1', 'J2', 'J3', 'J7', 'J8', 'J9', 'J11', 'J12', 'J13', 'J14', 'J15', 'J17']
- Machine states:
  - Machine M1: Time=5164.00, Idle=163.00, Material=Racebike_Steuerrohr_montiert
  - Machine M2: Time=5327.00, Idle=0.00, Material=E-Bike_Tretlager_gefraest
  - Machine M3: Time=5284.00, Idle=43.00, Material=Citybike_Rahmen_lackiert
==================================================

2025-06-18 13:16:08,701 - JSPGymEnvironment - INFO - Retro-Bonus für Job J19: -10.0
2025-06-18 13:16:08,740 - JSPGymEnvironment - INFO - Material change on machine M2: E-Bike_Tretlager_gefraest -> E-Bike_Rahmen_nachbearbeitet, setup time: 20
2025-06-18 13:16:08,741 - JSPGymEnvironment - INFO - Executed operation: Job J12, Op 6, Machine M2, Start: 5347, End: 5373, Setup: 20
2025-06-18 13:16:08,741 - JSPGymEnvironment - INFO - 
===== REWARD DETAILS FOR STEP 95 =====
Job: J12, Operation: 6, Job Completed: False
Current Time: 5327.00 -> 5373.00, Setup Time: 20.00
Processing Time: 26.00, Idle Time: 0.00
Completed Jobs: 8/20
Machine: M2, Material: E-Bike_Rahmen_nachbearbeitet

REWARD COMPONENTS:
- makespan_reward: -0.2300
- setup_reward: -5.0000
- deadline_reward: 0.0000
- priority_reward: 0.0000
- critical_job_reward: 0.5000
- placement_reward: -3.5000
- timeliness_reward: -5.5189
- machine_idle_penalty: -3.7250

TOTAL REWARD: -17.4739

CUMULATIVE REWARD COMPONENTS:
- makespan_reward: -26.8650
- setup_reward: -625.0000
- deadline_reward: 53.6042
- priority_reward: 248.0000
- critical_job_reward: 83.9382
- placement_reward: -100.2917
- timeliness_reward: 251.3729
- machine_idle_penalty: -366.5875

CUMULATIVE TOTAL: -481.8290

CRITICAL STATE INFO:
- Valid actions: ['J1', 'J2', 'J3', 'J7', 'J8', 'J9', 'J11', 'J12', 'J13', 'J14', 'J15', 'J17']
- Machine states:
  - Machine M1: Time=5164.00, Idle=209.00, Material=Racebike_Steuerrohr_montiert
  - Machine M2: Time=5373.00, Idle=0.00, Material=E-Bike_Rahmen_nachbearbeitet
  - Machine M3: Time=5284.00, Idle=89.00, Material=Citybike_Rahmen_lackiert
==================================================

2025-06-18 13:16:08,779 - JSPGymEnvironment - INFO - Material change on machine M2: E-Bike_Rahmen_nachbearbeitet -> Mountainbike_Rahmen_lackiert, setup time: 26
2025-06-18 13:16:08,779 - JSPGymEnvironment - INFO - Executed operation: Job J11, Op 4, Machine M2, Start: 5399, End: 5428, Setup: 26
2025-06-18 13:16:08,780 - JSPGymEnvironment - INFO - 
===== REWARD DETAILS FOR STEP 96 =====
Job: J11, Operation: 4, Job Completed: False
Current Time: 5373.00 -> 5428.00, Setup Time: 26.00
Processing Time: 29.00, Idle Time: 0.00
Completed Jobs: 8/20
Machine: M2, Material: Mountainbike_Rahmen_lackiert

REWARD COMPONENTS:
- makespan_reward: -0.2750
- setup_reward: -6.5000
- deadline_reward: 0.0000
- priority_reward: 0.0000
- critical_job_reward: 0.0000
- placement_reward: 0.0000
- timeliness_reward: -5.5277
- machine_idle_penalty: -5.1000

TOTAL REWARD: -17.4027

CUMULATIVE REWARD COMPONENTS:
- makespan_reward: -27.1400
- setup_reward: -631.5000
- deadline_reward: 53.6042
- priority_reward: 248.0000
- critical_job_reward: 83.9382
- placement_reward: -100.2917
- timeliness_reward: 245.8452
- machine_idle_penalty: -371.6875

CUMULATIVE TOTAL: -499.2317

CRITICAL STATE INFO:
- Valid actions: ['J1', 'J2', 'J3', 'J7', 'J8', 'J9', 'J11', 'J12', 'J13', 'J14', 'J15', 'J17']
- Machine states:
  - Machine M1: Time=5164.00, Idle=264.00, Material=Racebike_Steuerrohr_montiert
  - Machine M2: Time=5428.00, Idle=0.00, Material=Mountainbike_Rahmen_lackiert
  - Machine M3: Time=5284.00, Idle=144.00, Material=Citybike_Rahmen_lackiert
==================================================

2025-06-18 13:16:08,818 - JSPGymEnvironment - INFO - Material change on machine M2: Mountainbike_Rahmen_lackiert -> Mountainbike_Hinterbau_vorbereitet, setup time: 20
2025-06-18 13:16:08,818 - JSPGymEnvironment - INFO - Executed operation: Job J2, Op 2, Machine M2, Start: 5448, End: 5478, Setup: 20
2025-06-18 13:16:08,818 - JSPGymEnvironment - INFO - 
===== REWARD DETAILS FOR STEP 97 =====
Job: J2, Operation: 2, Job Completed: False
Current Time: 5428.00 -> 5478.00, Setup Time: 20.00
Processing Time: 30.00, Idle Time: 0.00
Completed Jobs: 8/20
Machine: M2, Material: Mountainbike_Hinterbau_vorbereitet

REWARD COMPONENTS:
- makespan_reward: -0.2500
- setup_reward: -5.0000
- deadline_reward: 0.0000
- priority_reward: 0.0000
- critical_job_reward: 0.5000
- placement_reward: -0.8333
- timeliness_reward: -5.5349
- machine_idle_penalty: -6.3500

TOTAL REWARD: -17.4682

CUMULATIVE REWARD COMPONENTS:
- makespan_reward: -27.3900
- setup_reward: -636.5000
- deadline_reward: 53.6042
- priority_reward: 248.0000
- critical_job_reward: 84.4382
- placement_reward: -101.1250
- timeliness_reward: 240.3103
- machine_idle_penalty: -378.0375

CUMULATIVE TOTAL: -516.6999

CRITICAL STATE INFO:
- Valid actions: ['J1', 'J2', 'J3', 'J7', 'J8', 'J9', 'J11', 'J12', 'J13', 'J14', 'J15', 'J17']
- Machine states:
  - Machine M1: Time=5164.00, Idle=314.00, Material=Racebike_Steuerrohr_montiert
  - Machine M2: Time=5478.00, Idle=0.00, Material=Mountainbike_Hinterbau_vorbereitet
  - Machine M3: Time=5284.00, Idle=194.00, Material=Citybike_Rahmen_lackiert
==================================================

2025-06-18 13:16:08,856 - JSPGymEnvironment - INFO - Material change on machine M2: Mountainbike_Hinterbau_vorbereitet -> Mountainbike_Antrieb_installiert, setup time: 20
2025-06-18 13:16:08,856 - JSPGymEnvironment - INFO - Executed operation: Job J7, Op 6, Machine M2, Start: 5498, End: 5520, Setup: 20
2025-06-18 13:16:08,856 - JSPGymEnvironment - INFO - Job J7 completed at time 5520, deadline: 2809, met: False, priority: 7
2025-06-18 13:16:08,857 - JSPGymEnvironment - INFO - 
===== REWARD DETAILS FOR STEP 98 =====
Job: J7, Operation: 6, Job Completed: True
Current Time: 5478.00 -> 5520.00, Setup Time: 20.00
Processing Time: 22.00, Idle Time: 0.00
Completed Jobs: 9/20
Machine: M2, Material: Mountainbike_Antrieb_installiert
Job Deadline: 2809.00 (Missed), Priority: 7

REWARD COMPONENTS:
- makespan_reward: -0.2100
- setup_reward: -5.0000
- deadline_reward: -2.4128
- priority_reward: 28.0000
- critical_job_reward: 0.0000
- placement_reward: 0.0000
- timeliness_reward: -5.5394
- machine_idle_penalty: -7.4000

TOTAL REWARD: 7.4379

CUMULATIVE REWARD COMPONENTS:
- makespan_reward: -27.6000
- setup_reward: -641.5000
- deadline_reward: 51.1914
- priority_reward: 276.0000
- critical_job_reward: 84.4382
- placement_reward: -101.1250
- timeliness_reward: 234.7709
- machine_idle_penalty: -385.4375

CUMULATIVE TOTAL: -509.2620

CRITICAL STATE INFO:
- Valid actions: ['J1', 'J2', 'J3', 'J8', 'J9', 'J11', 'J12', 'J13', 'J14', 'J15', 'J17']
- Machine states:
  - Machine M1: Time=5164.00, Idle=356.00, Material=Racebike_Steuerrohr_montiert
  - Machine M2: Time=5520.00, Idle=0.00, Material=Mountainbike_Antrieb_installiert
  - Machine M3: Time=5284.00, Idle=236.00, Material=Citybike_Rahmen_lackiert
==================================================

2025-06-18 13:16:08,857 - JSPGymEnvironment - INFO - Retro-Bonus für Job J7: -10.0
2025-06-18 13:16:08,969 - JSPGymEnvironment - INFO - Material change on machine M1: Racebike_Steuerrohr_montiert -> Mountainbike_Rahmen_nachbearbeitet, setup time: 37
2025-06-18 13:16:08,969 - JSPGymEnvironment - INFO - Executed operation: Job J17, Op 3, Machine M1, Start: 5557, End: 5588, Setup: 37
2025-06-18 13:16:08,969 - JSPGymEnvironment - INFO - 
===== REWARD DETAILS FOR STEP 99 =====
Job: J17, Operation: 3, Job Completed: False
Current Time: 5520.00 -> 5588.00, Setup Time: 37.00
Processing Time: 31.00, Idle Time: 0.00
Completed Jobs: 9/20
Machine: M1, Material: Mountainbike_Rahmen_nachbearbeitet

REWARD COMPONENTS:
- makespan_reward: -0.3400
- setup_reward: -9.2500
- deadline_reward: 0.0000
- priority_reward: 0.0000
- critical_job_reward: 0.0000
- placement_reward: 0.0000
- timeliness_reward: -5.5474
- machine_idle_penalty: -4.6500

TOTAL REWARD: -19.7874

CUMULATIVE REWARD COMPONENTS:
- makespan_reward: -27.9400
- setup_reward: -650.7500
- deadline_reward: 51.1914
- priority_reward: 276.0000
- critical_job_reward: 84.4382
- placement_reward: -101.1250
- timeliness_reward: 229.2235
- machine_idle_penalty: -390.0875

CUMULATIVE TOTAL: -529.0494

CRITICAL STATE INFO:
- Valid actions: ['J1', 'J2', 'J3', 'J8', 'J9', 'J11', 'J12', 'J13', 'J14', 'J15', 'J17']
- Machine states:
  - Machine M1: Time=5588.00, Idle=0.00, Material=Mountainbike_Rahmen_nachbearbeitet
  - Machine M2: Time=5520.00, Idle=68.00, Material=Mountainbike_Antrieb_installiert
  - Machine M3: Time=5284.00, Idle=304.00, Material=Citybike_Rahmen_lackiert
==================================================

2025-06-18 13:16:09,007 - JSPGymEnvironment - INFO - Material change on machine M2: Mountainbike_Antrieb_installiert -> Citybike_Antrieb_installiert, setup time: 15
2025-06-18 13:16:09,008 - JSPGymEnvironment - INFO - Executed operation: Job J3, Op 5, Machine M2, Start: 5603, End: 5629, Setup: 15
2025-06-18 13:16:09,008 - JSPGymEnvironment - INFO - 
===== REWARD DETAILS FOR STEP 100 =====
Job: J3, Operation: 5, Job Completed: False
Current Time: 5588.00 -> 5629.00, Setup Time: 15.00
Processing Time: 26.00, Idle Time: 0.00
Completed Jobs: 9/20
Machine: M2, Material: Citybike_Antrieb_installiert

REWARD COMPONENTS:
- makespan_reward: -0.2050
- setup_reward: -3.7500
- deadline_reward: 0.0000
- priority_reward: 0.0000
- critical_job_reward: 0.5000
- placement_reward: -0.8333
- timeliness_reward: -5.5517
- machine_idle_penalty: -4.8250

TOTAL REWARD: -14.6650

CUMULATIVE REWARD COMPONENTS:
- makespan_reward: -28.1450
- setup_reward: -654.5000
- deadline_reward: 51.1914
- priority_reward: 276.0000
- critical_job_reward: 84.9382
- placement_reward: -101.9583
- timeliness_reward: 223.6718
- machine_idle_penalty: -394.9125

CUMULATIVE TOTAL: -543.7144

CRITICAL STATE INFO:
- Valid actions: ['J1', 'J2', 'J3', 'J8', 'J9', 'J11', 'J12', 'J13', 'J14', 'J15', 'J17']
- Machine states:
  - Machine M1: Time=5588.00, Idle=41.00, Material=Mountainbike_Rahmen_nachbearbeitet
  - Machine M2: Time=5629.00, Idle=0.00, Material=Citybike_Antrieb_installiert
  - Machine M3: Time=5284.00, Idle=345.00, Material=Citybike_Rahmen_lackiert
==================================================

2025-06-18 13:16:09,046 - JSPGymEnvironment - INFO - Material change on machine M1: Mountainbike_Rahmen_nachbearbeitet -> Citybike_Schaltauge_bearbeitet, setup time: 34
2025-06-18 13:16:09,046 - JSPGymEnvironment - INFO - Executed operation: Job J3, Op 6, Machine M1, Start: 5663, End: 5704, Setup: 34
2025-06-18 13:16:09,046 - JSPGymEnvironment - INFO - 
===== REWARD DETAILS FOR STEP 101 =====
Job: J3, Operation: 6, Job Completed: False
Current Time: 5629.00 -> 5704.00, Setup Time: 34.00
Processing Time: 41.00, Idle Time: 0.00
Completed Jobs: 9/20
Machine: M1, Material: Citybike_Schaltauge_bearbeitet

REWARD COMPONENTS:
- makespan_reward: -0.3750
- setup_reward: -8.5000
- deadline_reward: 0.0000
- priority_reward: 0.0000
- critical_job_reward: 0.5000
- placement_reward: -0.8333
- timeliness_reward: -5.5587
- machine_idle_penalty: -6.1875

TOTAL REWARD: -20.9545

CUMULATIVE REWARD COMPONENTS:
- makespan_reward: -28.5200
- setup_reward: -663.0000
- deadline_reward: 51.1914
- priority_reward: 276.0000
- critical_job_reward: 85.4382
- placement_reward: -102.7917
- timeliness_reward: 218.1131
- machine_idle_penalty: -401.1000

CUMULATIVE TOTAL: -564.6690

CRITICAL STATE INFO:
- Valid actions: ['J1', 'J2', 'J3', 'J8', 'J9', 'J11', 'J12', 'J13', 'J14', 'J15', 'J17']
- Machine states:
  - Machine M1: Time=5704.00, Idle=0.00, Material=Citybike_Schaltauge_bearbeitet
  - Machine M2: Time=5629.00, Idle=75.00, Material=Citybike_Antrieb_installiert
  - Machine M3: Time=5284.00, Idle=420.00, Material=Citybike_Rahmen_lackiert
==================================================

2025-06-18 13:16:09,086 - JSPGymEnvironment - INFO - Executed operation: Job J3, Op 7, Machine M3, Start: 5714, End: 5762, Setup: 10
2025-06-18 13:16:09,086 - JSPGymEnvironment - INFO - Job J3 completed at time 5762, deadline: 2880, met: False, priority: 8
2025-06-18 13:16:09,087 - JSPGymEnvironment - INFO - 
===== REWARD DETAILS FOR STEP 102 =====
Job: J3, Operation: 7, Job Completed: True
Current Time: 5704.00 -> 5762.00, Setup Time: 10.00
Processing Time: 48.00, Idle Time: 0.00
Completed Jobs: 10/20
Machine: M3, Material: Citybike_Rahmen_lackiert
Job Deadline: 2880.00 (Missed), Priority: 8

REWARD COMPONENTS:
- makespan_reward: -0.2900
- setup_reward: -2.5000
- deadline_reward: -2.5017
- priority_reward: 32.0000
- critical_job_reward: 0.5000
- placement_reward: -0.8333
- timeliness_reward: -5.5638
- machine_idle_penalty: -2.3875

TOTAL REWARD: 18.4237

CUMULATIVE REWARD COMPONENTS:
- makespan_reward: -28.8100
- setup_reward: -665.5000
- deadline_reward: 48.6897
- priority_reward: 308.0000
- critical_job_reward: 85.9382
- placement_reward: -103.6250
- timeliness_reward: 212.5494
- machine_idle_penalty: -403.4875

CUMULATIVE TOTAL: -546.2453

CRITICAL STATE INFO:
- Valid actions: ['J1', 'J2', 'J8', 'J9', 'J11', 'J12', 'J13', 'J14', 'J15', 'J17']
- Machine states:
  - Machine M1: Time=5704.00, Idle=58.00, Material=Citybike_Schaltauge_bearbeitet
  - Machine M2: Time=5629.00, Idle=133.00, Material=Citybike_Antrieb_installiert
  - Machine M3: Time=5762.00, Idle=0.00, Material=Citybike_Rahmen_lackiert
==================================================

2025-06-18 13:16:09,087 - JSPGymEnvironment - INFO - Retro-Bonus für Job J3: -5.0
2025-06-18 13:16:09,125 - JSPGymEnvironment - INFO - Material change on machine M1: Citybike_Schaltauge_bearbeitet -> Citybike_Steuerrohr_montiert, setup time: 40
2025-06-18 13:16:09,125 - JSPGymEnvironment - INFO - Executed operation: Job J8, Op 1, Machine M1, Start: 5802, End: 5837, Setup: 40
2025-06-18 13:16:09,125 - JSPGymEnvironment - INFO - 
===== REWARD DETAILS FOR STEP 103 =====
Job: J8, Operation: 1, Job Completed: False
Current Time: 5762.00 -> 5837.00, Setup Time: 40.00
Processing Time: 35.00, Idle Time: 0.00
Completed Jobs: 10/20
Machine: M1, Material: Citybike_Steuerrohr_montiert

REWARD COMPONENTS:
- makespan_reward: -0.3750
- setup_reward: -10.0000
- deadline_reward: 0.0000
- priority_reward: 0.0000
- critical_job_reward: 0.0000
- placement_reward: 0.0000
- timeliness_reward: -5.5690
- machine_idle_penalty: -3.5375

TOTAL REWARD: -19.4815

CUMULATIVE REWARD COMPONENTS:
- makespan_reward: -29.1850
- setup_reward: -675.5000
- deadline_reward: 48.6897
- priority_reward: 308.0000
- critical_job_reward: 85.9382
- placement_reward: -103.6250
- timeliness_reward: 206.9803
- machine_idle_penalty: -407.0250

CUMULATIVE TOTAL: -565.7269

CRITICAL STATE INFO:
- Valid actions: ['J1', 'J2', 'J8', 'J9', 'J11', 'J12', 'J13', 'J14', 'J15', 'J17']
- Machine states:
  - Machine M1: Time=5837.00, Idle=0.00, Material=Citybike_Steuerrohr_montiert
  - Machine M2: Time=5629.00, Idle=208.00, Material=Citybike_Antrieb_installiert
  - Machine M3: Time=5762.00, Idle=75.00, Material=Citybike_Rahmen_lackiert
==================================================

2025-06-18 13:16:09,163 - JSPGymEnvironment - INFO - Material change on machine M1: Citybike_Steuerrohr_montiert -> Citybike_Rahmen_lackiert, setup time: 40
2025-06-18 13:16:09,163 - JSPGymEnvironment - INFO - Executed operation: Job J8, Op 2, Machine M1, Start: 5877, End: 5906, Setup: 40
2025-06-18 13:16:09,164 - JSPGymEnvironment - INFO - 
===== REWARD DETAILS FOR STEP 104 =====
Job: J8, Operation: 2, Job Completed: False
Current Time: 5837.00 -> 5906.00, Setup Time: 40.00
Processing Time: 29.00, Idle Time: 0.00
Completed Jobs: 10/20
Machine: M1, Material: Citybike_Rahmen_lackiert

REWARD COMPONENTS:
- makespan_reward: -0.3450
- setup_reward: -10.0000
- deadline_reward: 0.0000
- priority_reward: 0.0000
- critical_job_reward: 0.0000
- placement_reward: 0.0000
- timeliness_reward: -5.5732
- machine_idle_penalty: -5.2625

TOTAL REWARD: -21.1807

CUMULATIVE REWARD COMPONENTS:
- makespan_reward: -29.5300
- setup_reward: -685.5000
- deadline_reward: 48.6897
- priority_reward: 308.0000
- critical_job_reward: 85.9382
- placement_reward: -103.6250
- timeliness_reward: 201.4071
- machine_idle_penalty: -412.2875

CUMULATIVE TOTAL: -586.9076

CRITICAL STATE INFO:
- Valid actions: ['J1', 'J2', 'J8', 'J9', 'J11', 'J12', 'J13', 'J14', 'J15', 'J17']
- Machine states:
  - Machine M1: Time=5906.00, Idle=0.00, Material=Citybike_Rahmen_lackiert
  - Machine M2: Time=5629.00, Idle=277.00, Material=Citybike_Antrieb_installiert
  - Machine M3: Time=5762.00, Idle=144.00, Material=Citybike_Rahmen_lackiert
==================================================

2025-06-18 13:16:09,201 - JSPGymEnvironment - INFO - Material change on machine M2: Citybike_Antrieb_installiert -> E-Bike_Rahmen_lackiert, setup time: 22
2025-06-18 13:16:09,202 - JSPGymEnvironment - INFO - Executed operation: Job J12, Op 7, Machine M2, Start: 5928, End: 5957, Setup: 22
2025-06-18 13:16:09,202 - JSPGymEnvironment - INFO - Job J12 completed at time 5957, deadline: 2880, met: False, priority: 10
2025-06-18 13:16:09,202 - JSPGymEnvironment - INFO - 
===== REWARD DETAILS FOR STEP 105 =====
Job: J12, Operation: 7, Job Completed: True
Current Time: 5906.00 -> 5957.00, Setup Time: 22.00
Processing Time: 29.00, Idle Time: 0.00
Completed Jobs: 11/20
Machine: M2, Material: E-Bike_Rahmen_lackiert
Job Deadline: 2880.00 (Missed), Priority: 10

REWARD COMPONENTS:
- makespan_reward: -0.2550
- setup_reward: -5.5000
- deadline_reward: -2.6710
- priority_reward: 40.0000
- critical_job_reward: 0.5000
- placement_reward: -8.6207
- timeliness_reward: -5.5764
- machine_idle_penalty: -3.0750

TOTAL REWARD: 14.8019

CUMULATIVE REWARD COMPONENTS:
- makespan_reward: -29.7850
- setup_reward: -691.0000
- deadline_reward: 46.0187
- priority_reward: 348.0000
- critical_job_reward: 86.4382
- placement_reward: -112.2457
- timeliness_reward: 195.8307
- machine_idle_penalty: -415.3625

CUMULATIVE TOTAL: -572.1057

CRITICAL STATE INFO:
- Valid actions: ['J1', 'J2', 'J8', 'J9', 'J11', 'J13', 'J14', 'J15', 'J17']
- Machine states:
  - Machine M1: Time=5906.00, Idle=51.00, Material=Citybike_Rahmen_lackiert
  - Machine M2: Time=5957.00, Idle=0.00, Material=E-Bike_Rahmen_lackiert
  - Machine M3: Time=5762.00, Idle=195.00, Material=Citybike_Rahmen_lackiert
==================================================

2025-06-18 13:16:09,202 - JSPGymEnvironment - INFO - Retro-Bonus für Job J12: -5.0
2025-06-18 13:16:09,240 - JSPGymEnvironment - INFO - Material change on machine M3: Citybike_Rahmen_lackiert -> Citybike_Tretlager_gefraest, setup time: 15
2025-06-18 13:16:09,240 - JSPGymEnvironment - INFO - Executed operation: Job J8, Op 3, Machine M3, Start: 5972, End: 6021, Setup: 15
2025-06-18 13:16:09,240 - JSPGymEnvironment - INFO - 
===== REWARD DETAILS FOR STEP 106 =====
Job: J8, Operation: 3, Job Completed: False
Current Time: 5957.00 -> 6021.00, Setup Time: 15.00
Processing Time: 49.00, Idle Time: 0.00
Completed Jobs: 11/20
Machine: M3, Material: Citybike_Tretlager_gefraest

REWARD COMPONENTS:
- makespan_reward: -0.3200
- setup_reward: -3.7500
- deadline_reward: 0.0000
- priority_reward: 0.0000
- critical_job_reward: 0.0000
- placement_reward: 0.0000
- timeliness_reward: -5.5794
- machine_idle_penalty: -2.2375

TOTAL REWARD: -11.8869

CUMULATIVE REWARD COMPONENTS:
- makespan_reward: -30.1050
- setup_reward: -694.7500
- deadline_reward: 46.0187
- priority_reward: 348.0000
- critical_job_reward: 86.4382
- placement_reward: -112.2457
- timeliness_reward: 190.2513
- machine_idle_penalty: -417.6000

CUMULATIVE TOTAL: -583.9925

CRITICAL STATE INFO:
- Valid actions: ['J1', 'J2', 'J8', 'J9', 'J11', 'J13', 'J14', 'J15', 'J17']
- Machine states:
  - Machine M1: Time=5906.00, Idle=115.00, Material=Citybike_Rahmen_lackiert
  - Machine M2: Time=5957.00, Idle=64.00, Material=E-Bike_Rahmen_lackiert
  - Machine M3: Time=6021.00, Idle=0.00, Material=Citybike_Tretlager_gefraest
==================================================

2025-06-18 13:16:09,355 - JSPGymEnvironment - INFO - Material change on machine M3: Citybike_Tretlager_gefraest -> Racebike_Steuerrohr_ausgerieben, setup time: 14
2025-06-18 13:16:09,355 - JSPGymEnvironment - INFO - Executed operation: Job J9, Op 3, Machine M3, Start: 6035, End: 6068, Setup: 14
2025-06-18 13:16:09,356 - JSPGymEnvironment - INFO - 
===== REWARD DETAILS FOR STEP 107 =====
Job: J9, Operation: 3, Job Completed: False
Current Time: 6021.00 -> 6068.00, Setup Time: 14.00
Processing Time: 33.00, Idle Time: 0.00
Completed Jobs: 11/20
Machine: M3, Material: Racebike_Steuerrohr_ausgerieben

REWARD COMPONENTS:
- makespan_reward: -0.2350
- setup_reward: -3.5000
- deadline_reward: 0.0000
- priority_reward: 0.0000
- critical_job_reward: 0.0000
- placement_reward: 0.0000
- timeliness_reward: -5.5813
- machine_idle_penalty: -3.4125

TOTAL REWARD: -12.7288

CUMULATIVE REWARD COMPONENTS:
- makespan_reward: -30.3400
- setup_reward: -698.2500
- deadline_reward: 46.0187
- priority_reward: 348.0000
- critical_job_reward: 86.4382
- placement_reward: -112.2457
- timeliness_reward: 184.6700
- machine_idle_penalty: -421.0125

CUMULATIVE TOTAL: -596.7213

CRITICAL STATE INFO:
- Valid actions: ['J1', 'J2', 'J8', 'J9', 'J11', 'J13', 'J14', 'J15', 'J17']
- Machine states:
  - Machine M1: Time=5906.00, Idle=162.00, Material=Citybike_Rahmen_lackiert
  - Machine M2: Time=5957.00, Idle=111.00, Material=E-Bike_Rahmen_lackiert
  - Machine M3: Time=6068.00, Idle=0.00, Material=Racebike_Steuerrohr_ausgerieben
==================================================

2025-06-18 13:16:09,393 - JSPGymEnvironment - INFO - Material change on machine M2: E-Bike_Rahmen_lackiert -> Mountainbike_Fahrrad_endmontiert, setup time: 26
2025-06-18 13:16:09,393 - JSPGymEnvironment - INFO - Executed operation: Job J11, Op 5, Machine M2, Start: 6094, End: 6121, Setup: 26
2025-06-18 13:16:09,394 - JSPGymEnvironment - INFO - 
===== REWARD DETAILS FOR STEP 108 =====
Job: J11, Operation: 5, Job Completed: False
Current Time: 6068.00 -> 6121.00, Setup Time: 26.00
Processing Time: 27.00, Idle Time: 0.00
Completed Jobs: 11/20
Machine: M2, Material: Mountainbike_Fahrrad_endmontiert

REWARD COMPONENTS:
- makespan_reward: -0.2650
- setup_reward: -6.5000
- deadline_reward: 0.0000
- priority_reward: 0.0000
- critical_job_reward: 0.0000
- placement_reward: 0.0000
- timeliness_reward: -5.5833
- machine_idle_penalty: -3.3500

TOTAL REWARD: -15.6983

CUMULATIVE REWARD COMPONENTS:
- makespan_reward: -30.6050
- setup_reward: -704.7500
- deadline_reward: 46.0187
- priority_reward: 348.0000
- critical_job_reward: 86.4382
- placement_reward: -112.2457
- timeliness_reward: 179.0868
- machine_idle_penalty: -424.3625

CUMULATIVE TOTAL: -612.4196

CRITICAL STATE INFO:
- Valid actions: ['J1', 'J2', 'J8', 'J9', 'J11', 'J13', 'J14', 'J15', 'J17']
- Machine states:
  - Machine M1: Time=5906.00, Idle=215.00, Material=Citybike_Rahmen_lackiert
  - Machine M2: Time=6121.00, Idle=0.00, Material=Mountainbike_Fahrrad_endmontiert
  - Machine M3: Time=6068.00, Idle=53.00, Material=Racebike_Steuerrohr_ausgerieben
==================================================

2025-06-18 13:16:09,431 - JSPGymEnvironment - INFO - Material change on machine M1: Citybike_Rahmen_lackiert -> E-Bike_Steuerrohr_montiert, setup time: 45
2025-06-18 13:16:09,432 - JSPGymEnvironment - INFO - Executed operation: Job J14, Op 5, Machine M1, Start: 6166, End: 6204, Setup: 45
2025-06-18 13:16:09,432 - JSPGymEnvironment - INFO - Job J14 completed at time 6204, deadline: 2880, met: False, priority: 8
2025-06-18 13:16:09,432 - JSPGymEnvironment - INFO - 
===== REWARD DETAILS FOR STEP 109 =====
Job: J14, Operation: 5, Job Completed: True
Current Time: 6121.00 -> 6204.00, Setup Time: 45.00
Processing Time: 38.00, Idle Time: 0.00
Completed Jobs: 12/20
Machine: M1, Material: E-Bike_Steuerrohr_montiert
Job Deadline: 2880.00 (Missed), Priority: 8

REWARD COMPONENTS:
- makespan_reward: -0.4150
- setup_reward: -11.2500
- deadline_reward: -2.8854
- priority_reward: 32.0000
- critical_job_reward: 0.5000
- placement_reward: -0.8333
- timeliness_reward: -5.5862
- machine_idle_penalty: -2.7375

TOTAL REWARD: 8.7925

CUMULATIVE REWARD COMPONENTS:
- makespan_reward: -31.0200
- setup_reward: -716.0000
- deadline_reward: 43.1332
- priority_reward: 380.0000
- critical_job_reward: 86.9382
- placement_reward: -113.0790
- timeliness_reward: 173.5005
- machine_idle_penalty: -427.1000

CUMULATIVE TOTAL: -603.6271

CRITICAL STATE INFO:
- Valid actions: ['J1', 'J2', 'J8', 'J9', 'J11', 'J13', 'J15', 'J17']
- Machine states:
  - Machine M1: Time=6204.00, Idle=0.00, Material=E-Bike_Steuerrohr_montiert
  - Machine M2: Time=6121.00, Idle=83.00, Material=Mountainbike_Fahrrad_endmontiert
  - Machine M3: Time=6068.00, Idle=136.00, Material=Racebike_Steuerrohr_ausgerieben
==================================================

2025-06-18 13:16:09,432 - JSPGymEnvironment - INFO - Retro-Bonus für Job J14: -5.0
2025-06-18 13:16:09,470 - JSPGymEnvironment - INFO - Material change on machine M3: Racebike_Steuerrohr_ausgerieben -> Mountainbike_Steuerrohr_ausgerieben, setup time: 14
2025-06-18 13:16:09,470 - JSPGymEnvironment - INFO - Executed operation: Job J17, Op 4, Machine M3, Start: 6218, End: 6254, Setup: 14
2025-06-18 13:16:09,470 - JSPGymEnvironment - INFO - 
===== REWARD DETAILS FOR STEP 110 =====
Job: J17, Operation: 4, Job Completed: False
Current Time: 6204.00 -> 6254.00, Setup Time: 14.00
Processing Time: 36.00, Idle Time: 0.00
Completed Jobs: 12/20
Machine: M3, Material: Mountainbike_Steuerrohr_ausgerieben

REWARD COMPONENTS:
- makespan_reward: -0.2500
- setup_reward: -3.5000
- deadline_reward: 0.0000
- priority_reward: 0.0000
- critical_job_reward: 0.0000
- placement_reward: 0.0000
- timeliness_reward: -5.5876
- machine_idle_penalty: -2.2875

TOTAL REWARD: -11.6251

CUMULATIVE REWARD COMPONENTS:
- makespan_reward: -31.2700
- setup_reward: -719.5000
- deadline_reward: 43.1332
- priority_reward: 380.0000
- critical_job_reward: 86.9382
- placement_reward: -113.0790
- timeliness_reward: 167.9129
- machine_idle_penalty: -429.3875

CUMULATIVE TOTAL: -615.2522

CRITICAL STATE INFO:
- Valid actions: ['J1', 'J2', 'J8', 'J9', 'J11', 'J13', 'J15', 'J17']
- Machine states:
  - Machine M1: Time=6204.00, Idle=50.00, Material=E-Bike_Steuerrohr_montiert
  - Machine M2: Time=6121.00, Idle=133.00, Material=Mountainbike_Fahrrad_endmontiert
  - Machine M3: Time=6254.00, Idle=0.00, Material=Mountainbike_Steuerrohr_ausgerieben
==================================================

2025-06-18 13:16:09,509 - JSPGymEnvironment - INFO - Material change on machine M3: Mountainbike_Steuerrohr_ausgerieben -> E-Bike_Rahmen_nachbearbeitet, setup time: 17
2025-06-18 13:16:09,509 - JSPGymEnvironment - INFO - Executed operation: Job J15, Op 2, Machine M3, Start: 6271, End: 6309, Setup: 17
2025-06-18 13:16:09,509 - JSPGymEnvironment - INFO - 
===== REWARD DETAILS FOR STEP 111 =====
Job: J15, Operation: 2, Job Completed: False
Current Time: 6254.00 -> 6309.00, Setup Time: 17.00
Processing Time: 38.00, Idle Time: 0.00
Completed Jobs: 12/20
Machine: M3, Material: E-Bike_Rahmen_nachbearbeitet

REWARD COMPONENTS:
- makespan_reward: -0.2750
- setup_reward: -4.2500
- deadline_reward: 0.0000
- priority_reward: 0.0000
- critical_job_reward: 0.5000
- placement_reward: -2.5000
- timeliness_reward: -5.5890
- machine_idle_penalty: -3.6625

TOTAL REWARD: -15.7765

CUMULATIVE REWARD COMPONENTS:
- makespan_reward: -31.5450
- setup_reward: -723.7500
- deadline_reward: 43.1332
- priority_reward: 380.0000
- critical_job_reward: 87.4382
- placement_reward: -115.5790
- timeliness_reward: 162.3239
- machine_idle_penalty: -433.0500

CUMULATIVE TOTAL: -631.0287

CRITICAL STATE INFO:
- Valid actions: ['J1', 'J2', 'J8', 'J9', 'J11', 'J13', 'J15', 'J17']
- Machine states:
  - Machine M1: Time=6204.00, Idle=105.00, Material=E-Bike_Steuerrohr_montiert
  - Machine M2: Time=6121.00, Idle=188.00, Material=Mountainbike_Fahrrad_endmontiert
  - Machine M3: Time=6309.00, Idle=0.00, Material=E-Bike_Rahmen_nachbearbeitet
==================================================

2025-06-18 13:16:09,549 - JSPGymEnvironment - INFO - Material change on machine M3: E-Bike_Rahmen_nachbearbeitet -> Mountainbike_Laufraeder_montiert, setup time: 18
2025-06-18 13:16:09,549 - JSPGymEnvironment - INFO - Executed operation: Job J11, Op 6, Machine M3, Start: 6327, End: 6380, Setup: 18
2025-06-18 13:16:09,549 - JSPGymEnvironment - INFO - Job J11 completed at time 6380, deadline: 2783, met: False, priority: 4
2025-06-18 13:16:09,549 - JSPGymEnvironment - INFO - 
===== REWARD DETAILS FOR STEP 112 =====
Job: J11, Operation: 6, Job Completed: True
Current Time: 6309.00 -> 6380.00, Setup Time: 18.00
Processing Time: 53.00, Idle Time: 0.00
Completed Jobs: 13/20
Machine: M3, Material: Mountainbike_Laufraeder_montiert
Job Deadline: 2783.00 (Missed), Priority: 4

REWARD COMPONENTS:
- makespan_reward: -0.3550
- setup_reward: -4.5000
- deadline_reward: -3.2312
- priority_reward: 16.0000
- critical_job_reward: 0.0000
- placement_reward: 0.0000
- timeliness_reward: -5.5904
- machine_idle_penalty: -5.4375

TOTAL REWARD: -3.1141

CUMULATIVE REWARD COMPONENTS:
- makespan_reward: -31.9000
- setup_reward: -728.2500
- deadline_reward: 39.9020
- priority_reward: 396.0000
- critical_job_reward: 87.4382
- placement_reward: -115.5790
- timeliness_reward: 156.7336
- machine_idle_penalty: -438.4875

CUMULATIVE TOTAL: -634.1428

CRITICAL STATE INFO:
- Valid actions: ['J1', 'J2', 'J8', 'J9', 'J13', 'J15', 'J17']
- Machine states:
  - Machine M1: Time=6204.00, Idle=176.00, Material=E-Bike_Steuerrohr_montiert
  - Machine M2: Time=6121.00, Idle=259.00, Material=Mountainbike_Fahrrad_endmontiert
  - Machine M3: Time=6380.00, Idle=0.00, Material=Mountainbike_Laufraeder_montiert
==================================================

2025-06-18 13:16:09,549 - JSPGymEnvironment - INFO - Retro-Bonus für Job J11: -10.0
2025-06-18 13:16:09,587 - JSPGymEnvironment - INFO - Material change on machine M3: Mountainbike_Laufraeder_montiert -> Racebike_Bremsaufnahme_gebohrt, setup time: 16
2025-06-18 13:16:09,588 - JSPGymEnvironment - INFO - Executed operation: Job J9, Op 4, Machine M3, Start: 6396, End: 6444, Setup: 16
2025-06-18 13:16:09,588 - JSPGymEnvironment - INFO - 
===== REWARD DETAILS FOR STEP 113 =====
Job: J9, Operation: 4, Job Completed: False
Current Time: 6380.00 -> 6444.00, Setup Time: 16.00
Processing Time: 48.00, Idle Time: 0.00
Completed Jobs: 13/20
Machine: M3, Material: Racebike_Bremsaufnahme_gebohrt

REWARD COMPONENTS:
- makespan_reward: -0.3200
- setup_reward: -4.0000
- deadline_reward: 0.0000
- priority_reward: 0.0000
- critical_job_reward: 0.0000
- placement_reward: 0.0000
- timeliness_reward: -5.5916
- machine_idle_penalty: -7.0375

TOTAL REWARD: -16.9491

CUMULATIVE REWARD COMPONENTS:
- makespan_reward: -32.2200
- setup_reward: -732.2500
- deadline_reward: 39.9020
- priority_reward: 396.0000
- critical_job_reward: 87.4382
- placement_reward: -115.5790
- timeliness_reward: 151.1420
- machine_idle_penalty: -445.5250

CUMULATIVE TOTAL: -651.0918

CRITICAL STATE INFO:
- Valid actions: ['J1', 'J2', 'J8', 'J9', 'J13', 'J15', 'J17']
- Machine states:
  - Machine M1: Time=6204.00, Idle=240.00, Material=E-Bike_Steuerrohr_montiert
  - Machine M2: Time=6121.00, Idle=323.00, Material=Mountainbike_Fahrrad_endmontiert
  - Machine M3: Time=6444.00, Idle=0.00, Material=Racebike_Bremsaufnahme_gebohrt
==================================================

2025-06-18 13:16:09,626 - JSPGymEnvironment - INFO - Material change on machine M2: Mountainbike_Fahrrad_endmontiert -> Mountainbike_Hauptrahmen_zugeschnitten, setup time: 20
2025-06-18 13:16:09,626 - JSPGymEnvironment - INFO - Executed operation: Job J17, Op 5, Machine M2, Start: 6464, End: 6490, Setup: 20
2025-06-18 13:16:09,626 - JSPGymEnvironment - INFO - 
===== REWARD DETAILS FOR STEP 114 =====
Job: J17, Operation: 5, Job Completed: False
Current Time: 6444.00 -> 6490.00, Setup Time: 20.00
Processing Time: 26.00, Idle Time: 0.00
Completed Jobs: 13/20
Machine: M2, Material: Mountainbike_Hauptrahmen_zugeschnitten

REWARD COMPONENTS:
- makespan_reward: -0.2300
- setup_reward: -5.0000
- deadline_reward: 0.0000
- priority_reward: 0.0000
- critical_job_reward: 0.0000
- placement_reward: 0.0000
- timeliness_reward: -5.5923
- machine_idle_penalty: -4.1500

TOTAL REWARD: -14.9723

CUMULATIVE REWARD COMPONENTS:
- makespan_reward: -32.4500
- setup_reward: -737.2500
- deadline_reward: 39.9020
- priority_reward: 396.0000
- critical_job_reward: 87.4382
- placement_reward: -115.5790
- timeliness_reward: 145.5497
- machine_idle_penalty: -449.6750

CUMULATIVE TOTAL: -666.0642

CRITICAL STATE INFO:
- Valid actions: ['J1', 'J2', 'J8', 'J9', 'J13', 'J15', 'J17']
- Machine states:
  - Machine M1: Time=6204.00, Idle=286.00, Material=E-Bike_Steuerrohr_montiert
  - Machine M2: Time=6490.00, Idle=0.00, Material=Mountainbike_Hauptrahmen_zugeschnitten
  - Machine M3: Time=6444.00, Idle=46.00, Material=Racebike_Bremsaufnahme_gebohrt
==================================================

2025-06-18 13:16:09,741 - JSPGymEnvironment - INFO - Material change on machine M3: Racebike_Bremsaufnahme_gebohrt -> Citybike_Hauptrahmen_zugeschnitten, setup time: 13
2025-06-18 13:16:09,741 - JSPGymEnvironment - INFO - Executed operation: Job J8, Op 4, Machine M3, Start: 6503, End: 6535, Setup: 13
2025-06-18 13:16:09,741 - JSPGymEnvironment - INFO - 
===== REWARD DETAILS FOR STEP 115 =====
Job: J8, Operation: 4, Job Completed: False
Current Time: 6490.00 -> 6535.00, Setup Time: 13.00
Processing Time: 32.00, Idle Time: 0.00
Completed Jobs: 13/20
Machine: M3, Material: Citybike_Hauptrahmen_zugeschnitten

REWARD COMPONENTS:
- makespan_reward: -0.2250
- setup_reward: -3.2500
- deadline_reward: 0.0000
- priority_reward: 0.0000
- critical_job_reward: 0.0000
- placement_reward: 0.0000
- timeliness_reward: -5.5930
- machine_idle_penalty: -4.7000

TOTAL REWARD: -13.7680

CUMULATIVE REWARD COMPONENTS:
- makespan_reward: -32.6750
- setup_reward: -740.5000
- deadline_reward: 39.9020
- priority_reward: 396.0000
- critical_job_reward: 87.4382
- placement_reward: -115.5790
- timeliness_reward: 139.9567
- machine_idle_penalty: -454.3750

CUMULATIVE TOTAL: -679.8322

CRITICAL STATE INFO:
- Valid actions: ['J1', 'J2', 'J8', 'J9', 'J13', 'J15', 'J17']
- Machine states:
  - Machine M1: Time=6204.00, Idle=331.00, Material=E-Bike_Steuerrohr_montiert
  - Machine M2: Time=6490.00, Idle=45.00, Material=Mountainbike_Hauptrahmen_zugeschnitten
  - Machine M3: Time=6535.00, Idle=0.00, Material=Citybike_Hauptrahmen_zugeschnitten
==================================================

2025-06-18 13:16:09,779 - JSPGymEnvironment - INFO - Material change on machine M2: Mountainbike_Hauptrahmen_zugeschnitten -> Citybike_Hinterbau_vorbereitet, setup time: 15
2025-06-18 13:16:09,779 - JSPGymEnvironment - INFO - Executed operation: Job J8, Op 5, Machine M2, Start: 6550, End: 6576, Setup: 15
2025-06-18 13:16:09,780 - JSPGymEnvironment - INFO - 
===== REWARD DETAILS FOR STEP 116 =====
Job: J8, Operation: 5, Job Completed: False
Current Time: 6535.00 -> 6576.00, Setup Time: 15.00
Processing Time: 26.00, Idle Time: 0.00
Completed Jobs: 13/20
Machine: M2, Material: Citybike_Hinterbau_vorbereitet

REWARD COMPONENTS:
- makespan_reward: -0.2050
- setup_reward: -3.7500
- deadline_reward: 0.0000
- priority_reward: 0.0000
- critical_job_reward: 0.0000
- placement_reward: 0.0000
- timeliness_reward: -5.5936
- machine_idle_penalty: -5.1625

TOTAL REWARD: -14.7111

CUMULATIVE REWARD COMPONENTS:
- makespan_reward: -32.8800
- setup_reward: -744.2500
- deadline_reward: 39.9020
- priority_reward: 396.0000
- critical_job_reward: 87.4382
- placement_reward: -115.5790
- timeliness_reward: 134.3631
- machine_idle_penalty: -459.5375

CUMULATIVE TOTAL: -694.5433

CRITICAL STATE INFO:
- Valid actions: ['J1', 'J2', 'J8', 'J9', 'J13', 'J15', 'J17']
- Machine states:
  - Machine M1: Time=6204.00, Idle=372.00, Material=E-Bike_Steuerrohr_montiert
  - Machine M2: Time=6576.00, Idle=0.00, Material=Citybike_Hinterbau_vorbereitet
  - Machine M3: Time=6535.00, Idle=41.00, Material=Citybike_Hauptrahmen_zugeschnitten
==================================================

2025-06-18 13:16:09,819 - JSPGymEnvironment - INFO - Material change on machine M3: Citybike_Hauptrahmen_zugeschnitten -> Racebike_Rahmen_komplettiert, setup time: 14
2025-06-18 13:16:09,819 - JSPGymEnvironment - INFO - Executed operation: Job J9, Op 5, Machine M3, Start: 6590, End: 6644, Setup: 14
2025-06-18 13:16:09,820 - JSPGymEnvironment - INFO - 
===== REWARD DETAILS FOR STEP 117 =====
Job: J9, Operation: 5, Job Completed: False
Current Time: 6576.00 -> 6644.00, Setup Time: 14.00
Processing Time: 54.00, Idle Time: 0.00
Completed Jobs: 13/20
Machine: M3, Material: Racebike_Rahmen_komplettiert

REWARD COMPONENTS:
- makespan_reward: -0.3400
- setup_reward: -3.5000
- deadline_reward: 0.0000
- priority_reward: 0.0000
- critical_job_reward: 0.0000
- placement_reward: 0.0000
- timeliness_reward: -5.5945
- machine_idle_penalty: -6.3500

TOTAL REWARD: -15.7845

CUMULATIVE REWARD COMPONENTS:
- makespan_reward: -33.2200
- setup_reward: -747.7500
- deadline_reward: 39.9020
- priority_reward: 396.0000
- critical_job_reward: 87.4382
- placement_reward: -115.5790
- timeliness_reward: 128.7686
- machine_idle_penalty: -465.8875

CUMULATIVE TOTAL: -710.3278

CRITICAL STATE INFO:
- Valid actions: ['J1', 'J2', 'J8', 'J9', 'J13', 'J15', 'J17']
- Machine states:
  - Machine M1: Time=6204.00, Idle=440.00, Material=E-Bike_Steuerrohr_montiert
  - Machine M2: Time=6576.00, Idle=68.00, Material=Citybike_Hinterbau_vorbereitet
  - Machine M3: Time=6644.00, Idle=0.00, Material=Racebike_Rahmen_komplettiert
==================================================

2025-06-18 13:16:09,859 - JSPGymEnvironment - INFO - Material change on machine M3: Racebike_Rahmen_komplettiert -> Mountainbike_Hinterbau_vorbereitet, setup time: 14
2025-06-18 13:16:09,859 - JSPGymEnvironment - INFO - Executed operation: Job J17, Op 6, Machine M3, Start: 6658, End: 6695, Setup: 14
2025-06-18 13:16:09,859 - JSPGymEnvironment - INFO - Job J17 completed at time 6695, deadline: 2857, met: False, priority: 3
2025-06-18 13:16:09,860 - JSPGymEnvironment - INFO - 
===== REWARD DETAILS FOR STEP 118 =====
Job: J17, Operation: 6, Job Completed: True
Current Time: 6644.00 -> 6695.00, Setup Time: 14.00
Processing Time: 37.00, Idle Time: 0.00
Completed Jobs: 14/20
Machine: M3, Material: Mountainbike_Hinterbau_vorbereitet
Job Deadline: 2857.00 (Missed), Priority: 3

REWARD COMPONENTS:
- makespan_reward: -0.2550
- setup_reward: -3.5000
- deadline_reward: -3.3584
- priority_reward: 12.0000
- critical_job_reward: 0.0000
- placement_reward: 0.0000
- timeliness_reward: -5.5950
- machine_idle_penalty: -7.6250

TOTAL REWARD: -8.3334

CUMULATIVE REWARD COMPONENTS:
- makespan_reward: -33.4750
- setup_reward: -751.2500
- deadline_reward: 36.5436
- priority_reward: 408.0000
- critical_job_reward: 87.4382
- placement_reward: -115.5790
- timeliness_reward: 123.1736
- machine_idle_penalty: -473.5125

CUMULATIVE TOTAL: -718.6612

CRITICAL STATE INFO:
- Valid actions: ['J1', 'J2', 'J8', 'J9', 'J13', 'J15']
- Machine states:
  - Machine M1: Time=6204.00, Idle=491.00, Material=E-Bike_Steuerrohr_montiert
  - Machine M2: Time=6576.00, Idle=119.00, Material=Citybike_Hinterbau_vorbereitet
  - Machine M3: Time=6695.00, Idle=0.00, Material=Mountainbike_Hinterbau_vorbereitet
==================================================

2025-06-18 13:16:09,860 - JSPGymEnvironment - INFO - Retro-Bonus für Job J17: -10.0
2025-06-18 13:16:09,898 - JSPGymEnvironment - INFO - Material change on machine M2: Citybike_Hinterbau_vorbereitet -> Mountainbike_Bremsaufnahme_gebohrt, setup time: 15
2025-06-18 13:16:09,899 - JSPGymEnvironment - INFO - Executed operation: Job J2, Op 3, Machine M2, Start: 6710, End: 6738, Setup: 15
2025-06-18 13:16:09,899 - JSPGymEnvironment - INFO - 
===== REWARD DETAILS FOR STEP 119 =====
Job: J2, Operation: 3, Job Completed: False
Current Time: 6695.00 -> 6738.00, Setup Time: 15.00
Processing Time: 28.00, Idle Time: 0.00
Completed Jobs: 14/20
Machine: M2, Material: Mountainbike_Bremsaufnahme_gebohrt

REWARD COMPONENTS:
- makespan_reward: -0.2150
- setup_reward: -3.7500
- deadline_reward: 0.0000
- priority_reward: 0.0000
- critical_job_reward: 0.5000
- placement_reward: -0.8333
- timeliness_reward: -5.5955
- machine_idle_penalty: -7.2125

TOTAL REWARD: -17.1063

CUMULATIVE REWARD COMPONENTS:
- makespan_reward: -33.6900
- setup_reward: -755.0000
- deadline_reward: 36.5436
- priority_reward: 408.0000
- critical_job_reward: 87.9382
- placement_reward: -116.4124
- timeliness_reward: 117.5781
- machine_idle_penalty: -480.7250

CUMULATIVE TOTAL: -735.7675

CRITICAL STATE INFO:
- Valid actions: ['J1', 'J2', 'J8', 'J9', 'J13', 'J15']
- Machine states:
  - Machine M1: Time=6204.00, Idle=534.00, Material=E-Bike_Steuerrohr_montiert
  - Machine M2: Time=6738.00, Idle=0.00, Material=Mountainbike_Bremsaufnahme_gebohrt
  - Machine M3: Time=6695.00, Idle=43.00, Material=Mountainbike_Hinterbau_vorbereitet
==================================================

2025-06-18 13:16:09,937 - JSPGymEnvironment - INFO - Material change on machine M2: Mountainbike_Bremsaufnahme_gebohrt -> E-Bike_Fahrrad_endmontiert, setup time: 29
2025-06-18 13:16:09,937 - JSPGymEnvironment - INFO - Executed operation: Job J1, Op 2, Machine M2, Start: 6767, End: 6785, Setup: 29
2025-06-18 13:16:09,938 - JSPGymEnvironment - INFO - 
===== REWARD DETAILS FOR STEP 120 =====
Job: J1, Operation: 2, Job Completed: False
Current Time: 6738.00 -> 6785.00, Setup Time: 29.00
Processing Time: 18.00, Idle Time: 0.00
Completed Jobs: 14/20
Machine: M2, Material: E-Bike_Fahrrad_endmontiert

REWARD COMPONENTS:
- makespan_reward: -0.2350
- setup_reward: -7.2500
- deadline_reward: 0.0000
- priority_reward: 0.0000
- critical_job_reward: 0.5000
- placement_reward: -2.5000
- timeliness_reward: -5.5959
- machine_idle_penalty: -8.3875

TOTAL REWARD: -23.4684

CUMULATIVE REWARD COMPONENTS:
- makespan_reward: -33.9250
- setup_reward: -762.2500
- deadline_reward: 36.5436
- priority_reward: 408.0000
- critical_job_reward: 88.4382
- placement_reward: -118.9124
- timeliness_reward: 111.9822
- machine_idle_penalty: -489.1125

CUMULATIVE TOTAL: -759.2359

CRITICAL STATE INFO:
- Valid actions: ['J1', 'J2', 'J8', 'J9', 'J13', 'J15']
- Machine states:
  - Machine M1: Time=6204.00, Idle=581.00, Material=E-Bike_Steuerrohr_montiert
  - Machine M2: Time=6785.00, Idle=0.00, Material=E-Bike_Fahrrad_endmontiert
  - Machine M3: Time=6695.00, Idle=90.00, Material=Mountainbike_Hinterbau_vorbereitet
==================================================

2025-06-18 13:16:09,976 - JSPGymEnvironment - INFO - Material change on machine M1: E-Bike_Steuerrohr_montiert -> E-Bike_Tretlageraufnahme_geschweisst, setup time: 40
2025-06-18 13:16:09,976 - JSPGymEnvironment - INFO - Executed operation: Job J15, Op 3, Machine M1, Start: 6825, End: 6866, Setup: 40
2025-06-18 13:16:09,977 - JSPGymEnvironment - INFO - 
===== REWARD DETAILS FOR STEP 121 =====
Job: J15, Operation: 3, Job Completed: False
Current Time: 6785.00 -> 6866.00, Setup Time: 40.00
Processing Time: 41.00, Idle Time: 0.00
Completed Jobs: 14/20
Machine: M1, Material: E-Bike_Tretlageraufnahme_geschweisst

REWARD COMPONENTS:
- makespan_reward: -0.4050
- setup_reward: -10.0000
- deadline_reward: 0.0000
- priority_reward: 0.0000
- critical_job_reward: 0.5000
- placement_reward: -2.5000
- timeliness_reward: -5.5965
- machine_idle_penalty: -3.1500

TOTAL REWARD: -21.1515

CUMULATIVE REWARD COMPONENTS:
- makespan_reward: -34.3300
- setup_reward: -772.2500
- deadline_reward: 36.5436
- priority_reward: 408.0000
- critical_job_reward: 88.9382
- placement_reward: -121.4124
- timeliness_reward: 106.3857
- machine_idle_penalty: -492.2625

CUMULATIVE TOTAL: -780.3874

CRITICAL STATE INFO:
- Valid actions: ['J1', 'J2', 'J8', 'J9', 'J13', 'J15']
- Machine states:
  - Machine M1: Time=6866.00, Idle=0.00, Material=E-Bike_Tretlageraufnahme_geschweisst
  - Machine M2: Time=6785.00, Idle=81.00, Material=E-Bike_Fahrrad_endmontiert
  - Machine M3: Time=6695.00, Idle=171.00, Material=Mountainbike_Hinterbau_vorbereitet
==================================================

2025-06-18 13:16:10,015 - JSPGymEnvironment - INFO - Material change on machine M2: E-Bike_Fahrrad_endmontiert -> E-Bike_Rahmen_nachbearbeitet, setup time: 20
2025-06-18 13:16:10,015 - JSPGymEnvironment - INFO - Executed operation: Job J1, Op 3, Machine M2, Start: 6886, End: 6902, Setup: 20
2025-06-18 13:16:10,015 - JSPGymEnvironment - INFO - 
===== REWARD DETAILS FOR STEP 122 =====
Job: J1, Operation: 3, Job Completed: False
Current Time: 6866.00 -> 6902.00, Setup Time: 20.00
Processing Time: 16.00, Idle Time: 0.00
Completed Jobs: 14/20
Machine: M2, Material: E-Bike_Rahmen_nachbearbeitet

REWARD COMPONENTS:
- makespan_reward: -0.1800
- setup_reward: -5.0000
- deadline_reward: 0.0000
- priority_reward: 0.0000
- critical_job_reward: 0.5000
- placement_reward: -2.5000
- timeliness_reward: -5.5968
- machine_idle_penalty: -3.0375

TOTAL REWARD: -15.8143

CUMULATIVE REWARD COMPONENTS:
- makespan_reward: -34.5100
- setup_reward: -777.2500
- deadline_reward: 36.5436
- priority_reward: 408.0000
- critical_job_reward: 89.4382
- placement_reward: -123.9124
- timeliness_reward: 100.7889
- machine_idle_penalty: -495.3000

CUMULATIVE TOTAL: -796.2017

CRITICAL STATE INFO:
- Valid actions: ['J1', 'J2', 'J8', 'J9', 'J13', 'J15']
- Machine states:
  - Machine M1: Time=6866.00, Idle=36.00, Material=E-Bike_Tretlageraufnahme_geschweisst
  - Machine M2: Time=6902.00, Idle=0.00, Material=E-Bike_Rahmen_nachbearbeitet
  - Machine M3: Time=6695.00, Idle=207.00, Material=Mountainbike_Hinterbau_vorbereitet
==================================================

2025-06-18 13:16:10,129 - JSPGymEnvironment - INFO - Material change on machine M2: E-Bike_Rahmen_nachbearbeitet -> Racebike_Rahmen_lackiert, setup time: 27
2025-06-18 13:16:10,129 - JSPGymEnvironment - INFO - Executed operation: Job J9, Op 6, Machine M2, Start: 6929, End: 6940, Setup: 27
2025-06-18 13:16:10,129 - JSPGymEnvironment - INFO - Job J9 completed at time 6940, deadline: 2778, met: False, priority: 7
2025-06-18 13:16:10,130 - JSPGymEnvironment - INFO - 
===== REWARD DETAILS FOR STEP 123 =====
Job: J9, Operation: 6, Job Completed: True
Current Time: 6902.00 -> 6940.00, Setup Time: 27.00
Processing Time: 11.00, Idle Time: 0.00
Completed Jobs: 15/20
Machine: M2, Material: Racebike_Rahmen_lackiert
Job Deadline: 2778.00 (Missed), Priority: 7

REWARD COMPONENTS:
- makespan_reward: -0.1900
- setup_reward: -6.7500
- deadline_reward: -3.7455
- priority_reward: 28.0000
- critical_job_reward: 0.0000
- placement_reward: 0.0000
- timeliness_reward: -5.5968
- machine_idle_penalty: -3.9875

TOTAL REWARD: 7.7302

CUMULATIVE REWARD COMPONENTS:
- makespan_reward: -34.7000
- setup_reward: -784.0000
- deadline_reward: 32.7981
- priority_reward: 436.0000
- critical_job_reward: 89.4382
- placement_reward: -123.9124
- timeliness_reward: 95.1921
- machine_idle_penalty: -499.2875

CUMULATIVE TOTAL: -788.4715

CRITICAL STATE INFO:
- Valid actions: ['J1', 'J2', 'J8', 'J13', 'J15']
- Machine states:
  - Machine M1: Time=6866.00, Idle=74.00, Material=E-Bike_Tretlageraufnahme_geschweisst
  - Machine M2: Time=6940.00, Idle=0.00, Material=Racebike_Rahmen_lackiert
  - Machine M3: Time=6695.00, Idle=245.00, Material=Mountainbike_Hinterbau_vorbereitet
==================================================

2025-06-18 13:16:10,130 - JSPGymEnvironment - INFO - Retro-Bonus für Job J9: -10.0
2025-06-18 13:16:10,167 - JSPGymEnvironment - INFO - Material change on machine M2: Racebike_Rahmen_lackiert -> Citybike_Steuerrohr_ausgerieben, setup time: 16
2025-06-18 13:16:10,167 - JSPGymEnvironment - INFO - Executed operation: Job J13, Op 2, Machine M2, Start: 6956, End: 6979, Setup: 16
2025-06-18 13:16:10,168 - JSPGymEnvironment - INFO - 
===== REWARD DETAILS FOR STEP 124 =====
Job: J13, Operation: 2, Job Completed: False
Current Time: 6940.00 -> 6979.00, Setup Time: 16.00
Processing Time: 23.00, Idle Time: 0.00
Completed Jobs: 15/20
Machine: M2, Material: Citybike_Steuerrohr_ausgerieben

REWARD COMPONENTS:
- makespan_reward: -0.1950
- setup_reward: -4.0000
- deadline_reward: 0.0000
- priority_reward: 0.0000
- critical_job_reward: 0.0000
- placement_reward: 0.0000
- timeliness_reward: -5.5971
- machine_idle_penalty: -4.9625

TOTAL REWARD: -14.7546

CUMULATIVE REWARD COMPONENTS:
- makespan_reward: -34.8950
- setup_reward: -788.0000
- deadline_reward: 32.7981
- priority_reward: 436.0000
- critical_job_reward: 89.4382
- placement_reward: -123.9124
- timeliness_reward: 89.5950
- machine_idle_penalty: -504.2500

CUMULATIVE TOTAL: -803.2261

CRITICAL STATE INFO:
- Valid actions: ['J1', 'J2', 'J8', 'J13', 'J15']
- Machine states:
  - Machine M1: Time=6866.00, Idle=113.00, Material=E-Bike_Tretlageraufnahme_geschweisst
  - Machine M2: Time=6979.00, Idle=0.00, Material=Citybike_Steuerrohr_ausgerieben
  - Machine M3: Time=6695.00, Idle=284.00, Material=Mountainbike_Hinterbau_vorbereitet
==================================================

2025-06-18 13:16:10,206 - JSPGymEnvironment - INFO - Material change on machine M2: Citybike_Steuerrohr_ausgerieben -> E-Bike_Hinterbau_vorbereitet, setup time: 22
2025-06-18 13:16:10,206 - JSPGymEnvironment - INFO - Executed operation: Job J15, Op 4, Machine M2, Start: 7001, End: 7012, Setup: 22
2025-06-18 13:16:10,206 - JSPGymEnvironment - INFO - 
===== REWARD DETAILS FOR STEP 125 =====
Job: J15, Operation: 4, Job Completed: False
Current Time: 6979.00 -> 7012.00, Setup Time: 22.00
Processing Time: 11.00, Idle Time: 0.00
Completed Jobs: 15/20
Machine: M2, Material: E-Bike_Hinterbau_vorbereitet

REWARD COMPONENTS:
- makespan_reward: -0.1650
- setup_reward: -5.5000
- deadline_reward: 0.0000
- priority_reward: 0.0000
- critical_job_reward: 0.5000
- placement_reward: -2.5000
- timeliness_reward: -5.5973
- machine_idle_penalty: -5.7875

TOTAL REWARD: -19.0498

CUMULATIVE REWARD COMPONENTS:
- makespan_reward: -35.0600
- setup_reward: -793.5000
- deadline_reward: 32.7981
- priority_reward: 436.0000
- critical_job_reward: 89.9382
- placement_reward: -126.4124
- timeliness_reward: 83.9978
- machine_idle_penalty: -510.0375

CUMULATIVE TOTAL: -822.2758

CRITICAL STATE INFO:
- Valid actions: ['J1', 'J2', 'J8', 'J13', 'J15']
- Machine states:
  - Machine M1: Time=6866.00, Idle=146.00, Material=E-Bike_Tretlageraufnahme_geschweisst
  - Machine M2: Time=7012.00, Idle=0.00, Material=E-Bike_Hinterbau_vorbereitet
  - Machine M3: Time=6695.00, Idle=317.00, Material=Mountainbike_Hinterbau_vorbereitet
==================================================

2025-06-18 13:16:10,243 - JSPGymEnvironment - INFO - Material change on machine M1: E-Bike_Tretlageraufnahme_geschweisst -> Citybike_Laufraeder_montiert, setup time: 47
2025-06-18 13:16:10,244 - JSPGymEnvironment - INFO - Executed operation: Job J13, Op 3, Machine M1, Start: 7059, End: 7084, Setup: 47
2025-06-18 13:16:10,244 - JSPGymEnvironment - INFO - 
===== REWARD DETAILS FOR STEP 126 =====
Job: J13, Operation: 3, Job Completed: False
Current Time: 7012.00 -> 7084.00, Setup Time: 47.00
Processing Time: 25.00, Idle Time: 0.00
Completed Jobs: 15/20
Machine: M1, Material: Citybike_Laufraeder_montiert

REWARD COMPONENTS:
- makespan_reward: -0.3600
- setup_reward: -11.7500
- deadline_reward: 0.0000
- priority_reward: 0.0000
- critical_job_reward: 0.0000
- placement_reward: 0.0000
- timeliness_reward: -5.5976
- machine_idle_penalty: -5.7625

TOTAL REWARD: -23.4701

CUMULATIVE REWARD COMPONENTS:
- makespan_reward: -35.4200
- setup_reward: -805.2500
- deadline_reward: 32.7981
- priority_reward: 436.0000
- critical_job_reward: 89.9382
- placement_reward: -126.4124
- timeliness_reward: 78.4001
- machine_idle_penalty: -515.8000

CUMULATIVE TOTAL: -845.7460

CRITICAL STATE INFO:
- Valid actions: ['J1', 'J2', 'J8', 'J13', 'J15']
- Machine states:
  - Machine M1: Time=7084.00, Idle=0.00, Material=Citybike_Laufraeder_montiert
  - Machine M2: Time=7012.00, Idle=72.00, Material=E-Bike_Hinterbau_vorbereitet
  - Machine M3: Time=6695.00, Idle=389.00, Material=Mountainbike_Hinterbau_vorbereitet
==================================================

2025-06-18 13:16:10,282 - JSPGymEnvironment - INFO - Material change on machine M1: Citybike_Laufraeder_montiert -> Citybike_Rahmen_nachbearbeitet, setup time: 40
2025-06-18 13:16:10,282 - JSPGymEnvironment - INFO - Executed operation: Job J8, Op 6, Machine M1, Start: 7124, End: 7155, Setup: 40
2025-06-18 13:16:10,282 - JSPGymEnvironment - INFO - 
===== REWARD DETAILS FOR STEP 127 =====
Job: J8, Operation: 6, Job Completed: False
Current Time: 7084.00 -> 7155.00, Setup Time: 40.00
Processing Time: 31.00, Idle Time: 0.00
Completed Jobs: 15/20
Machine: M1, Material: Citybike_Rahmen_nachbearbeitet

REWARD COMPONENTS:
- makespan_reward: -0.3550
- setup_reward: -10.0000
- deadline_reward: 0.0000
- priority_reward: 0.0000
- critical_job_reward: 0.0000
- placement_reward: 0.0000
- timeliness_reward: -5.5980
- machine_idle_penalty: -7.5375

TOTAL REWARD: -23.4905

CUMULATIVE REWARD COMPONENTS:
- makespan_reward: -35.7750
- setup_reward: -815.2500
- deadline_reward: 32.7981
- priority_reward: 436.0000
- critical_job_reward: 89.9382
- placement_reward: -126.4124
- timeliness_reward: 72.8022
- machine_idle_penalty: -523.3375

CUMULATIVE TOTAL: -869.2365

CRITICAL STATE INFO:
- Valid actions: ['J1', 'J2', 'J8', 'J13', 'J15']
- Machine states:
  - Machine M1: Time=7155.00, Idle=0.00, Material=Citybike_Rahmen_nachbearbeitet
  - Machine M2: Time=7012.00, Idle=143.00, Material=E-Bike_Hinterbau_vorbereitet
  - Machine M3: Time=6695.00, Idle=460.00, Material=Mountainbike_Hinterbau_vorbereitet
==================================================

2025-06-18 13:16:10,320 - JSPGymEnvironment - INFO - Material change on machine M1: Citybike_Rahmen_nachbearbeitet -> Citybike_Tretlageraufnahme_geschweisst, setup time: 40
2025-06-18 13:16:10,320 - JSPGymEnvironment - INFO - Executed operation: Job J13, Op 4, Machine M1, Start: 7195, End: 7234, Setup: 40
2025-06-18 13:16:10,321 - JSPGymEnvironment - INFO - 
===== REWARD DETAILS FOR STEP 128 =====
Job: J13, Operation: 4, Job Completed: False
Current Time: 7155.00 -> 7234.00, Setup Time: 40.00
Processing Time: 39.00, Idle Time: 0.00
Completed Jobs: 15/20
Machine: M1, Material: Citybike_Tretlageraufnahme_geschweisst

REWARD COMPONENTS:
- makespan_reward: -0.3950
- setup_reward: -10.0000
- deadline_reward: 0.0000
- priority_reward: 0.0000
- critical_job_reward: 0.0000
- placement_reward: 0.0000
- timeliness_reward: -5.5983
- machine_idle_penalty: -9.5125

TOTAL REWARD: -25.5058

CUMULATIVE REWARD COMPONENTS:
- makespan_reward: -36.1700
- setup_reward: -825.2500
- deadline_reward: 32.7981
- priority_reward: 436.0000
- critical_job_reward: 89.9382
- placement_reward: -126.4124
- timeliness_reward: 67.2039
- machine_idle_penalty: -532.8500

CUMULATIVE TOTAL: -894.7422

CRITICAL STATE INFO:
- Valid actions: ['J1', 'J2', 'J8', 'J13', 'J15']
- Machine states:
  - Machine M1: Time=7234.00, Idle=0.00, Material=Citybike_Tretlageraufnahme_geschweisst
  - Machine M2: Time=7012.00, Idle=222.00, Material=E-Bike_Hinterbau_vorbereitet
  - Machine M3: Time=6695.00, Idle=539.00, Material=Mountainbike_Hinterbau_vorbereitet
==================================================

2025-06-18 13:16:10,358 - JSPGymEnvironment - INFO - Material change on machine M1: Citybike_Tretlageraufnahme_geschweisst -> Citybike_Steuerrohr_ausgerieben, setup time: 40
2025-06-18 13:16:10,359 - JSPGymEnvironment - INFO - Executed operation: Job J8, Op 7, Machine M1, Start: 7274, End: 7300, Setup: 40
2025-06-18 13:16:10,359 - JSPGymEnvironment - INFO - Job J8 completed at time 7300, deadline: 2798, met: False, priority: 3
2025-06-18 13:16:10,359 - JSPGymEnvironment - INFO - 
===== REWARD DETAILS FOR STEP 129 =====
Job: J8, Operation: 7, Job Completed: True
Current Time: 7234.00 -> 7300.00, Setup Time: 40.00
Processing Time: 26.00, Idle Time: 0.00
Completed Jobs: 16/20
Machine: M1, Material: Citybike_Steuerrohr_ausgerieben
Job Deadline: 2798.00 (Missed), Priority: 3

REWARD COMPONENTS:
- makespan_reward: -0.3300
- setup_reward: -10.0000
- deadline_reward: -4.0225
- priority_reward: 12.0000
- critical_job_reward: 0.0000
- placement_reward: 0.0000
- timeliness_reward: -5.5985
- machine_idle_penalty: -11.1625

TOTAL REWARD: -19.1135

CUMULATIVE REWARD COMPONENTS:
- makespan_reward: -36.5000
- setup_reward: -835.2500
- deadline_reward: 28.7756
- priority_reward: 448.0000
- critical_job_reward: 89.9382
- placement_reward: -126.4124
- timeliness_reward: 61.6054
- machine_idle_penalty: -544.0125

CUMULATIVE TOTAL: -913.8557

CRITICAL STATE INFO:
- Valid actions: ['J1', 'J2', 'J13', 'J15']
- Machine states:
  - Machine M1: Time=7300.00, Idle=0.00, Material=Citybike_Steuerrohr_ausgerieben
  - Machine M2: Time=7012.00, Idle=288.00, Material=E-Bike_Hinterbau_vorbereitet
  - Machine M3: Time=6695.00, Idle=605.00, Material=Mountainbike_Hinterbau_vorbereitet
==================================================

2025-06-18 13:16:10,359 - JSPGymEnvironment - INFO - Retro-Bonus für Job J8: -10.0
2025-06-18 13:16:10,469 - JSPGymEnvironment - INFO - Material change on machine M1: Citybike_Steuerrohr_ausgerieben -> Mountainbike_Rahmen_nachbearbeitet, setup time: 30
2025-06-18 13:16:10,470 - JSPGymEnvironment - INFO - Executed operation: Job J2, Op 4, Machine M1, Start: 7330, End: 7365, Setup: 30
2025-06-18 13:16:10,470 - JSPGymEnvironment - INFO - 
===== REWARD DETAILS FOR STEP 130 =====
Job: J2, Operation: 4, Job Completed: False
Current Time: 7300.00 -> 7365.00, Setup Time: 30.00
Processing Time: 35.00, Idle Time: 0.00
Completed Jobs: 16/20
Machine: M1, Material: Mountainbike_Rahmen_nachbearbeitet

REWARD COMPONENTS:
- makespan_reward: -0.3250
- setup_reward: -7.5000
- deadline_reward: 0.0000
- priority_reward: 0.0000
- critical_job_reward: 0.5000
- placement_reward: -0.8333
- timeliness_reward: -5.5987
- machine_idle_penalty: -12.7875

TOTAL REWARD: -26.5445

CUMULATIVE REWARD COMPONENTS:
- makespan_reward: -36.8250
- setup_reward: -842.7500
- deadline_reward: 28.7756
- priority_reward: 448.0000
- critical_job_reward: 90.4382
- placement_reward: -127.2457
- timeliness_reward: 56.0067
- machine_idle_penalty: -556.8000

CUMULATIVE TOTAL: -940.4002

CRITICAL STATE INFO:
- Valid actions: ['J1', 'J2', 'J13', 'J15']
- Machine states:
  - Machine M1: Time=7365.00, Idle=0.00, Material=Mountainbike_Rahmen_nachbearbeitet
  - Machine M2: Time=7012.00, Idle=353.00, Material=E-Bike_Hinterbau_vorbereitet
  - Machine M3: Time=6695.00, Idle=670.00, Material=Mountainbike_Hinterbau_vorbereitet
==================================================

2025-06-18 13:16:10,508 - JSPGymEnvironment - INFO - Material change on machine M2: E-Bike_Hinterbau_vorbereitet -> E-Bike_Rahmen_lackiert, setup time: 20
2025-06-18 13:16:10,508 - JSPGymEnvironment - INFO - Executed operation: Job J15, Op 5, Machine M2, Start: 7385, End: 7407, Setup: 20
2025-06-18 13:16:10,508 - JSPGymEnvironment - INFO - Job J15 completed at time 7407, deadline: 2880, met: False, priority: 10
2025-06-18 13:16:10,508 - JSPGymEnvironment - INFO - 
===== REWARD DETAILS FOR STEP 131 =====
Job: J15, Operation: 5, Job Completed: True
Current Time: 7365.00 -> 7407.00, Setup Time: 20.00
Processing Time: 22.00, Idle Time: 0.00
Completed Jobs: 17/20
Machine: M2, Material: E-Bike_Rahmen_lackiert
Job Deadline: 2880.00 (Missed), Priority: 10

REWARD COMPONENTS:
- makespan_reward: -0.2100
- setup_reward: -5.0000
- deadline_reward: -3.9297
- priority_reward: 40.0000
- critical_job_reward: 0.5000
- placement_reward: -2.5000
- timeliness_reward: -5.5988
- machine_idle_penalty: -9.4250

TOTAL REWARD: 13.8365

CUMULATIVE REWARD COMPONENTS:
- makespan_reward: -37.0350
- setup_reward: -847.7500
- deadline_reward: 24.8459
- priority_reward: 488.0000
- critical_job_reward: 90.9382
- placement_reward: -129.7457
- timeliness_reward: 50.4079
- machine_idle_penalty: -566.2250

CUMULATIVE TOTAL: -926.5638

CRITICAL STATE INFO:
- Valid actions: ['J1', 'J2', 'J13']
- Machine states:
  - Machine M1: Time=7365.00, Idle=42.00, Material=Mountainbike_Rahmen_nachbearbeitet
  - Machine M2: Time=7407.00, Idle=0.00, Material=E-Bike_Rahmen_lackiert
  - Machine M3: Time=6695.00, Idle=712.00, Material=Mountainbike_Hinterbau_vorbereitet
==================================================

2025-06-18 13:16:10,509 - JSPGymEnvironment - INFO - Retro-Bonus für Job J15: -5.0
2025-06-18 13:16:10,546 - JSPGymEnvironment - INFO - Material change on machine M3: Mountainbike_Hinterbau_vorbereitet -> Citybike_Rahmen_nachbearbeitet, setup time: 13
2025-06-18 13:16:10,547 - JSPGymEnvironment - INFO - Executed operation: Job J13, Op 5, Machine M3, Start: 7420, End: 7447, Setup: 13
2025-06-18 13:16:10,547 - JSPGymEnvironment - INFO - 
===== REWARD DETAILS FOR STEP 132 =====
Job: J13, Operation: 5, Job Completed: False
Current Time: 7407.00 -> 7447.00, Setup Time: 13.00
Processing Time: 27.00, Idle Time: 0.00
Completed Jobs: 17/20
Machine: M3, Material: Citybike_Rahmen_nachbearbeitet

REWARD COMPONENTS:
- makespan_reward: -0.2000
- setup_reward: -3.2500
- deadline_reward: 0.0000
- priority_reward: 0.0000
- critical_job_reward: 0.0000
- placement_reward: 0.0000
- timeliness_reward: -5.5989
- machine_idle_penalty: -1.5250

TOTAL REWARD: -10.5739

CUMULATIVE REWARD COMPONENTS:
- makespan_reward: -37.2350
- setup_reward: -851.0000
- deadline_reward: 24.8459
- priority_reward: 488.0000
- critical_job_reward: 90.9382
- placement_reward: -129.7457
- timeliness_reward: 44.8090
- machine_idle_penalty: -567.7500

CUMULATIVE TOTAL: -937.1377

CRITICAL STATE INFO:
- Valid actions: ['J1', 'J2', 'J13']
- Machine states:
  - Machine M1: Time=7365.00, Idle=82.00, Material=Mountainbike_Rahmen_nachbearbeitet
  - Machine M2: Time=7407.00, Idle=40.00, Material=E-Bike_Rahmen_lackiert
  - Machine M3: Time=7447.00, Idle=0.00, Material=Citybike_Rahmen_nachbearbeitet
==================================================

2025-06-18 13:16:10,585 - JSPGymEnvironment - INFO - Material change on machine M3: Citybike_Rahmen_nachbearbeitet -> Citybike_Rahmen_komplettiert, setup time: 15
2025-06-18 13:16:10,585 - JSPGymEnvironment - INFO - Executed operation: Job J13, Op 6, Machine M3, Start: 7462, End: 7521, Setup: 15
2025-06-18 13:16:10,585 - JSPGymEnvironment - INFO - Job J13 completed at time 7521, deadline: 2880, met: False, priority: 3
2025-06-18 13:16:10,585 - JSPGymEnvironment - INFO - 
===== REWARD DETAILS FOR STEP 133 =====
Job: J13, Operation: 6, Job Completed: True
Current Time: 7447.00 -> 7521.00, Setup Time: 15.00
Processing Time: 59.00, Idle Time: 0.00
Completed Jobs: 18/20
Machine: M3, Material: Citybike_Rahmen_komplettiert
Job Deadline: 2880.00 (Missed), Priority: 3

REWARD COMPONENTS:
- makespan_reward: -0.3700
- setup_reward: -3.7500
- deadline_reward: -4.0286
- priority_reward: 12.0000
- critical_job_reward: 0.0000
- placement_reward: 0.0000
- timeliness_reward: -5.5991
- machine_idle_penalty: -3.3750

TOTAL REWARD: -5.1227

CUMULATIVE REWARD COMPONENTS:
- makespan_reward: -37.6050
- setup_reward: -854.7500
- deadline_reward: 20.8173
- priority_reward: 500.0000
- critical_job_reward: 90.9382
- placement_reward: -129.7457
- timeliness_reward: 39.2099
- machine_idle_penalty: -571.1250

CUMULATIVE TOTAL: -942.2604

CRITICAL STATE INFO:
- Valid actions: ['J1', 'J2']
- Machine states:
  - Machine M1: Time=7365.00, Idle=156.00, Material=Mountainbike_Rahmen_nachbearbeitet
  - Machine M2: Time=7407.00, Idle=114.00, Material=E-Bike_Rahmen_lackiert
  - Machine M3: Time=7521.00, Idle=0.00, Material=Citybike_Rahmen_komplettiert
==================================================

2025-06-18 13:16:10,585 - JSPGymEnvironment - INFO - Retro-Bonus für Job J13: -10.0
2025-06-18 13:16:10,623 - JSPGymEnvironment - INFO - Material change on machine M2: E-Bike_Rahmen_lackiert -> E-Bike_Hinterbau_vorbereitet, setup time: 20
2025-06-18 13:16:10,623 - JSPGymEnvironment - INFO - Executed operation: Job J1, Op 4, Machine M2, Start: 7541, End: 7554, Setup: 20
2025-06-18 13:16:10,623 - JSPGymEnvironment - INFO - 
===== REWARD DETAILS FOR STEP 134 =====
Job: J1, Operation: 4, Job Completed: False
Current Time: 7521.00 -> 7554.00, Setup Time: 20.00
Processing Time: 13.00, Idle Time: 0.00
Completed Jobs: 18/20
Machine: M2, Material: E-Bike_Hinterbau_vorbereitet

REWARD COMPONENTS:
- makespan_reward: -0.1650
- setup_reward: -5.0000
- deadline_reward: 0.0000
- priority_reward: 0.0000
- critical_job_reward: 0.5000
- placement_reward: -2.5000
- timeliness_reward: -5.5991
- machine_idle_penalty: -2.7750

TOTAL REWARD: -15.5391

CUMULATIVE REWARD COMPONENTS:
- makespan_reward: -37.7700
- setup_reward: -859.7500
- deadline_reward: 20.8173
- priority_reward: 500.0000
- critical_job_reward: 91.4382
- placement_reward: -132.2457
- timeliness_reward: 33.6107
- machine_idle_penalty: -573.9000

CUMULATIVE TOTAL: -957.7996

CRITICAL STATE INFO:
- Valid actions: ['J1', 'J2']
- Machine states:
  - Machine M1: Time=7365.00, Idle=189.00, Material=Mountainbike_Rahmen_nachbearbeitet
  - Machine M2: Time=7554.00, Idle=0.00, Material=E-Bike_Hinterbau_vorbereitet
  - Machine M3: Time=7521.00, Idle=33.00, Material=Citybike_Rahmen_komplettiert
==================================================

2025-06-18 13:16:10,661 - JSPGymEnvironment - INFO - Material change on machine M2: E-Bike_Hinterbau_vorbereitet -> Mountainbike_Steuerrohr_ausgerieben, setup time: 26
2025-06-18 13:16:10,661 - JSPGymEnvironment - INFO - Executed operation: Job J2, Op 5, Machine M2, Start: 7580, End: 7603, Setup: 26
2025-06-18 13:16:10,661 - JSPGymEnvironment - INFO - Job J2 completed at time 7603, deadline: 2880, met: False, priority: 8
2025-06-18 13:16:10,662 - JSPGymEnvironment - INFO - 
===== REWARD DETAILS FOR STEP 135 =====
Job: J2, Operation: 5, Job Completed: True
Current Time: 7554.00 -> 7603.00, Setup Time: 26.00
Processing Time: 23.00, Idle Time: 0.00
Completed Jobs: 19/20
Machine: M2, Material: Mountainbike_Steuerrohr_ausgerieben
Job Deadline: 2880.00 (Missed), Priority: 8

REWARD COMPONENTS:
- makespan_reward: -0.2450
- setup_reward: -6.5000
- deadline_reward: -4.0998
- priority_reward: 32.0000
- critical_job_reward: 0.5000
- placement_reward: -0.8333
- timeliness_reward: -5.5993
- machine_idle_penalty: -4.0000

TOTAL REWARD: 11.2226

CUMULATIVE REWARD COMPONENTS:
- makespan_reward: -38.0150
- setup_reward: -866.2500
- deadline_reward: 16.7174
- priority_reward: 532.0000
- critical_job_reward: 91.9382
- placement_reward: -133.0790
- timeliness_reward: 28.0115
- machine_idle_penalty: -577.9000

CUMULATIVE TOTAL: -946.5770

CRITICAL STATE INFO:
- Valid actions: ['J1']
- Machine states:
  - Machine M1: Time=7365.00, Idle=238.00, Material=Mountainbike_Rahmen_nachbearbeitet
  - Machine M2: Time=7603.00, Idle=0.00, Material=Mountainbike_Steuerrohr_ausgerieben
  - Machine M3: Time=7521.00, Idle=82.00, Material=Citybike_Rahmen_komplettiert
==================================================

2025-06-18 13:16:10,662 - JSPGymEnvironment - INFO - Retro-Bonus für Job J2: -5.0
2025-06-18 13:16:10,703 - JSPGymEnvironment - INFO - Material change on machine M1: Mountainbike_Rahmen_nachbearbeitet -> E-Bike_Laufraeder_montiert, setup time: 48
2025-06-18 13:16:10,703 - JSPGymEnvironment - INFO - Executed operation: Job J1, Op 5, Machine M1, Start: 7651, End: 7694, Setup: 48
2025-06-18 13:16:10,703 - JSPGymEnvironment - INFO - 
===== REWARD DETAILS FOR STEP 136 =====
Job: J1, Operation: 5, Job Completed: False
Current Time: 7603.00 -> 7694.00, Setup Time: 48.00
Processing Time: 43.00, Idle Time: 0.00
Completed Jobs: 19/20
Machine: M1, Material: E-Bike_Laufraeder_montiert

REWARD COMPONENTS:
- makespan_reward: -0.4550
- setup_reward: -12.0000
- deadline_reward: 0.0000
- priority_reward: 0.0000
- critical_job_reward: 0.5000
- placement_reward: -2.5000
- timeliness_reward: -5.5994
- machine_idle_penalty: -3.3000

TOTAL REWARD: -23.3544

CUMULATIVE REWARD COMPONENTS:
- makespan_reward: -38.4700
- setup_reward: -878.2500
- deadline_reward: 16.7174
- priority_reward: 532.0000
- critical_job_reward: 92.4382
- placement_reward: -135.5790
- timeliness_reward: 22.4121
- machine_idle_penalty: -581.2000

CUMULATIVE TOTAL: -969.9314

CRITICAL STATE INFO:
- Valid actions: ['J1']
- Machine states:
  - Machine M1: Time=7694.00, Idle=0.00, Material=E-Bike_Laufraeder_montiert
  - Machine M2: Time=7603.00, Idle=91.00, Material=Mountainbike_Steuerrohr_ausgerieben
  - Machine M3: Time=7521.00, Idle=173.00, Material=Citybike_Rahmen_komplettiert
==================================================

2025-06-18 13:16:10,751 - JSPGymEnvironment - INFO - Material change on machine M1: E-Bike_Laufraeder_montiert -> E-Bike_Hauptrahmen_zugeschnitten, setup time: 40
2025-06-18 13:16:10,751 - JSPGymEnvironment - INFO - Executed operation: Job J1, Op 6, Machine M1, Start: 7734, End: 7750, Setup: 40
2025-06-18 13:16:10,751 - JSPGymEnvironment - INFO - Job J1 completed at time 7750, deadline: 2851, met: False, priority: 10
2025-06-18 13:16:10,751 - JSPGymEnvironment - INFO - 
===== REWARD DETAILS FOR STEP 137 =====
Job: J1, Operation: 6, Job Completed: True
Current Time: 7694.00 -> 7750.00, Setup Time: 40.00
Processing Time: 16.00, Idle Time: 0.00
Completed Jobs: 20/20
Machine: M1, Material: E-Bike_Hauptrahmen_zugeschnitten
Job Deadline: 2851.00 (Missed), Priority: 10

REWARD COMPONENTS:
- makespan_reward: -0.2800
- setup_reward: -10.0000
- deadline_reward: -4.2959
- priority_reward: 40.0000
- critical_job_reward: 0.5000
- placement_reward: -2.5000
- timeliness_reward: 2.4000
- machine_idle_penalty: -4.7000

TOTAL REWARD: 21.1241

CUMULATIVE REWARD COMPONENTS:
- makespan_reward: -38.7500
- setup_reward: -888.2500
- deadline_reward: 12.4216
- priority_reward: 572.0000
- critical_job_reward: 92.9382
- placement_reward: -138.0790
- timeliness_reward: 24.8121
- machine_idle_penalty: -585.9000

CUMULATIVE TOTAL: -948.8072

CRITICAL STATE INFO:
- Valid actions: []
- Machine states:
  - Machine M1: Time=7750.00, Idle=0.00, Material=E-Bike_Hauptrahmen_zugeschnitten
  - Machine M2: Time=7603.00, Idle=147.00, Material=Mountainbike_Steuerrohr_ausgerieben
  - Machine M3: Time=7521.00, Idle=229.00, Material=Citybike_Rahmen_komplettiert
==================================================

2025-06-18 13:16:10,751 - JSPGymEnvironment - INFO - Retro-Bonus für Job J1: -5.0
2025-06-18 13:16:10,752 - JSPGymEnvironment - INFO - Reward function updated with 78 insights
2025-06-18 13:16:10,752 - JSPGymEnvironment - INFO -   Material change on critical path at Job 0 Operation 0 on Machine M3 (Severity: 1.00)
2025-06-18 13:16:10,752 - JSPGymEnvironment - INFO -   Material change on critical path at Job 0 Operation 1 on Machine M1 (Severity: 1.18)
2025-06-18 13:16:10,752 - JSPGymEnvironment - INFO -   Material change on critical path at Job 0 Operation 2 on Machine M2 (Severity: 1.45)
2025-06-18 13:16:10,752 - JSPGymEnvironment - INFO -   Material change on critical path at Job 0 Operation 3 on Machine M2 (Severity: 1.00)
2025-06-18 13:16:10,753 - JSPGymEnvironment - INFO -   Idle time on critical path before Job 0 Operation 3 on Machine M2 (Severity: 6.31)
2025-06-18 13:16:10,753 - JSPGymEnvironment - INFO -   Material change on critical path at Job 0 Operation 4 on Machine M2 (Severity: 1.00)
2025-06-18 13:16:10,753 - JSPGymEnvironment - INFO -   Idle time on critical path before Job 0 Operation 4 on Machine M2 (Severity: 49.15)
2025-06-18 13:16:10,753 - JSPGymEnvironment - INFO -   Material change on critical path at Job 0 Operation 5 on Machine M1 (Severity: 1.20)
2025-06-18 13:16:10,753 - JSPGymEnvironment - INFO -   Material change on critical path at Job 0 Operation 6 on Machine M1 (Severity: 1.00)
2025-06-18 13:16:10,753 - JSPGymEnvironment - INFO -   Idle time on critical path before Job 0 Operation 6 on Machine M1 (Severity: 2.50)
2025-06-18 13:16:10,753 - JSPGymEnvironment - INFO -   High priority (8) not on critical path: Job 5 Operation 0 (Severity: 0.33)
2025-06-18 13:16:10,753 - JSPGymEnvironment - INFO -   High priority (10) not on critical path: Job 14 Operation 0 (Severity: 1.00)
2025-06-18 13:16:10,753 - JSPGymEnvironment - INFO -   High priority (8) not on critical path: Job 5 Operation 1 (Severity: 0.33)
2025-06-18 13:16:10,753 - JSPGymEnvironment - INFO -   High priority (8) not on critical path: Job 5 Operation 2 (Severity: 0.33)
2025-06-18 13:16:10,753 - JSPGymEnvironment - INFO -   High priority (9) not on critical path: Job 19 Operation 0 (Severity: 0.67)
2025-06-18 13:16:10,753 - JSPGymEnvironment - INFO -   High priority (9) not on critical path: Job 19 Operation 1 (Severity: 0.67)
2025-06-18 13:16:10,753 - JSPGymEnvironment - INFO -   High priority (9) not on critical path: Job 19 Operation 2 (Severity: 0.67)
2025-06-18 13:16:10,753 - JSPGymEnvironment - INFO -   High priority (8) not on critical path: Job 5 Operation 3 (Severity: 0.33)
2025-06-18 13:16:10,753 - JSPGymEnvironment - INFO -   High priority (8) not on critical path: Job 5 Operation 4 (Severity: 0.33)
2025-06-18 13:16:10,753 - JSPGymEnvironment - INFO -   High priority (8) not on critical path: Job 5 Operation 5 (Severity: 0.33)
2025-06-18 13:16:10,753 - JSPGymEnvironment - INFO -   High priority (9) not on critical path: Job 19 Operation 3 (Severity: 0.67)
2025-06-18 13:16:10,753 - JSPGymEnvironment - INFO -   High priority (8) not on critical path: Job 5 Operation 6 (Severity: 0.33)
2025-06-18 13:16:10,753 - JSPGymEnvironment - INFO -   High priority (10) not on critical path: Job 4 Operation 0 (Severity: 1.00)
2025-06-18 13:16:10,753 - JSPGymEnvironment - INFO -   High priority (10) not on critical path: Job 11 Operation 0 (Severity: 1.00)
2025-06-18 13:16:10,753 - JSPGymEnvironment - INFO -   High priority (8) not on critical path: Job 2 Operation 0 (Severity: 0.33)
2025-06-18 13:16:10,753 - JSPGymEnvironment - INFO -   High priority (10) not on critical path: Job 4 Operation 1 (Severity: 1.00)
2025-06-18 13:16:10,753 - JSPGymEnvironment - INFO -   High priority (8) not on critical path: Job 5 Operation 7 (Severity: 0.33)
2025-06-18 13:16:10,753 - JSPGymEnvironment - INFO -   High priority (8) not on critical path: Job 13 Operation 0 (Severity: 0.33)
2025-06-18 13:16:10,753 - JSPGymEnvironment - INFO -   High priority (10) not on critical path: Job 4 Operation 2 (Severity: 1.00)
2025-06-18 13:16:10,753 - JSPGymEnvironment - INFO -   High priority (10) not on critical path: Job 4 Operation 3 (Severity: 1.00)
2025-06-18 13:16:10,753 - JSPGymEnvironment - INFO -   High priority (9) not on critical path: Job 15 Operation 0 (Severity: 0.67)
2025-06-18 13:16:10,754 - JSPGymEnvironment - INFO -   High priority (9) not on critical path: Job 19 Operation 4 (Severity: 0.67)
2025-06-18 13:16:10,754 - JSPGymEnvironment - INFO -   High priority (8) not on critical path: Job 2 Operation 1 (Severity: 0.33)
2025-06-18 13:16:10,754 - JSPGymEnvironment - INFO -   High priority (9) not on critical path: Job 19 Operation 5 (Severity: 0.67)
2025-06-18 13:16:10,754 - JSPGymEnvironment - INFO -   High priority (9) not on critical path: Job 19 Operation 6 (Severity: 0.67)
2025-06-18 13:16:10,754 - JSPGymEnvironment - INFO -   High priority (10) not on critical path: Job 4 Operation 4 (Severity: 1.00)
2025-06-18 13:16:10,754 - JSPGymEnvironment - INFO -   High priority (10) not on critical path: Job 4 Operation 5 (Severity: 1.00)
2025-06-18 13:16:10,754 - JSPGymEnvironment - INFO -   High priority (8) not on critical path: Job 13 Operation 1 (Severity: 0.33)
2025-06-18 13:16:10,754 - JSPGymEnvironment - INFO -   High priority (9) not on critical path: Job 15 Operation 1 (Severity: 0.67)
2025-06-18 13:16:10,754 - JSPGymEnvironment - INFO -   High priority (8) not on critical path: Job 13 Operation 2 (Severity: 0.33)
2025-06-18 13:16:10,754 - JSPGymEnvironment - INFO -   High priority (10) not on critical path: Job 11 Operation 1 (Severity: 1.00)
2025-06-18 13:16:10,754 - JSPGymEnvironment - INFO -   High priority (10) not on critical path: Job 17 Operation 0 (Severity: 1.00)
2025-06-18 13:16:10,754 - JSPGymEnvironment - INFO -   High priority (9) not on critical path: Job 19 Operation 7 (Severity: 0.67)
2025-06-18 13:16:10,754 - JSPGymEnvironment - INFO -   High priority (10) not on critical path: Job 11 Operation 2 (Severity: 1.00)
2025-06-18 13:16:10,754 - JSPGymEnvironment - INFO -   High priority (10) not on critical path: Job 17 Operation 1 (Severity: 1.00)
2025-06-18 13:16:10,754 - JSPGymEnvironment - INFO -   High priority (10) not on critical path: Job 14 Operation 1 (Severity: 1.00)
2025-06-18 13:16:10,754 - JSPGymEnvironment - INFO -   High priority (10) not on critical path: Job 17 Operation 2 (Severity: 1.00)
2025-06-18 13:16:10,754 - JSPGymEnvironment - INFO -   High priority (8) not on critical path: Job 2 Operation 2 (Severity: 0.33)
2025-06-18 13:16:10,754 - JSPGymEnvironment - INFO -   High priority (10) not on critical path: Job 17 Operation 3 (Severity: 1.00)
2025-06-18 13:16:10,754 - JSPGymEnvironment - INFO -   High priority (10) not on critical path: Job 17 Operation 4 (Severity: 1.00)
2025-06-18 13:16:10,754 - JSPGymEnvironment - INFO -   High priority (10) not on critical path: Job 17 Operation 5 (Severity: 1.00)
2025-06-18 13:16:10,754 - JSPGymEnvironment - INFO -   High priority (8) not on critical path: Job 2 Operation 3 (Severity: 0.33)
2025-06-18 13:16:10,754 - JSPGymEnvironment - INFO -   High priority (8) not on critical path: Job 1 Operation 0 (Severity: 0.33)
2025-06-18 13:16:10,754 - JSPGymEnvironment - INFO -   High priority (10) not on critical path: Job 11 Operation 3 (Severity: 1.00)
2025-06-18 13:16:10,754 - JSPGymEnvironment - INFO -   High priority (9) not on critical path: Job 15 Operation 2 (Severity: 0.67)
2025-06-18 13:16:10,754 - JSPGymEnvironment - INFO -   High priority (8) not on critical path: Job 13 Operation 3 (Severity: 0.33)
2025-06-18 13:16:10,754 - JSPGymEnvironment - INFO -   High priority (8) not on critical path: Job 2 Operation 4 (Severity: 0.33)
2025-06-18 13:16:10,754 - JSPGymEnvironment - INFO -   High priority (8) not on critical path: Job 13 Operation 4 (Severity: 0.33)
2025-06-18 13:16:10,755 - JSPGymEnvironment - INFO -   High priority (8) not on critical path: Job 1 Operation 1 (Severity: 0.33)
2025-06-18 13:16:10,755 - JSPGymEnvironment - INFO -   High priority (10) not on critical path: Job 11 Operation 4 (Severity: 1.00)
2025-06-18 13:16:10,755 - JSPGymEnvironment - INFO -   High priority (10) not on critical path: Job 11 Operation 5 (Severity: 1.00)
2025-06-18 13:16:10,755 - JSPGymEnvironment - INFO -   High priority (9) not on critical path: Job 15 Operation 3 (Severity: 0.67)
2025-06-18 13:16:10,755 - JSPGymEnvironment - INFO -   High priority (9) not on critical path: Job 15 Operation 4 (Severity: 0.67)
2025-06-18 13:16:10,755 - JSPGymEnvironment - INFO -   High priority (9) not on critical path: Job 15 Operation 5 (Severity: 0.67)
2025-06-18 13:16:10,755 - JSPGymEnvironment - INFO -   High priority (10) not on critical path: Job 11 Operation 6 (Severity: 1.00)
2025-06-18 13:16:10,755 - JSPGymEnvironment - INFO -   High priority (8) not on critical path: Job 1 Operation 2 (Severity: 0.33)
2025-06-18 13:16:10,755 - JSPGymEnvironment - INFO -   High priority (8) not on critical path: Job 2 Operation 5 (Severity: 0.33)
2025-06-18 13:16:10,755 - JSPGymEnvironment - INFO -   High priority (8) not on critical path: Job 2 Operation 6 (Severity: 0.33)
2025-06-18 13:16:10,755 - JSPGymEnvironment - INFO -   High priority (8) not on critical path: Job 2 Operation 7 (Severity: 0.33)
2025-06-18 13:16:10,755 - JSPGymEnvironment - INFO -   High priority (10) not on critical path: Job 11 Operation 7 (Severity: 1.00)
2025-06-18 13:16:10,755 - JSPGymEnvironment - INFO -   High priority (8) not on critical path: Job 13 Operation 5 (Severity: 0.33)
2025-06-18 13:16:10,755 - JSPGymEnvironment - INFO -   High priority (10) not on critical path: Job 14 Operation 2 (Severity: 1.00)
2025-06-18 13:16:10,755 - JSPGymEnvironment - INFO -   High priority (8) not on critical path: Job 1 Operation 3 (Severity: 0.33)
2025-06-18 13:16:10,755 - JSPGymEnvironment - INFO -   High priority (10) not on critical path: Job 14 Operation 3 (Severity: 1.00)
2025-06-18 13:16:10,755 - JSPGymEnvironment - INFO -   High priority (10) not on critical path: Job 14 Operation 4 (Severity: 1.00)
2025-06-18 13:16:10,755 - JSPGymEnvironment - INFO -   High priority (8) not on critical path: Job 1 Operation 4 (Severity: 0.33)
2025-06-18 13:16:10,755 - JSPGymEnvironment - INFO -   High priority (10) not on critical path: Job 14 Operation 5 (Severity: 1.00)
2025-06-18 13:16:10,755 - JSPGymEnvironment - INFO -   High priority (8) not on critical path: Job 1 Operation 5 (Severity: 0.33)
2025-06-18 13:16:10,755 - JSPGymEnvironment - INFO - Episode completed. Critical path: 7 operations, Suboptimal placements: 78
2025-06-18 13:16:10,755 - JSPGymEnvironment - INFO - Reward components: {'makespan_reward': -0.28, 'setup_reward': -10.0, 'deadline_reward': -4.295861101367941, 'priority_reward': 40.0, 'critical_job_reward': 0.5, 'placement_reward': -2.5, 'timeliness_reward': 2.4, 'machine_idle_penalty': -4.7}
