2025-06-19 11:35:59,138 - JSPGymEnvironment - INFO - Environment reset
2025-06-19 11:35:59,163 - JSPGymEnvironment - INFO - Environment reset
2025-06-19 11:35:59,176 - JSPGymEnvironment - INFO - Material change on machine M3:  -> Mountainbike_Steuerrohr_montiert, setup time: 0
2025-06-19 11:35:59,176 - JSPGymEnvironment - INFO - Executed operation: Job J3, Op 0, Machine M3, Start: 0, End: 31, Setup: 0
2025-06-19 11:35:59,177 - JSPGymEnvironment - INFO - 
===== REWARD DETAILS FOR STEP 1 =====
Job: J3, Operation: 0, Job Completed: False
Current Time: 0.00 -> 31.00, Setup Time: 0.00
Processing Time: 31.00, Idle Time: 0.00
Completed Jobs: 0/20
Machine: M3, Material: Mountainbike_Steuerrohr_montiert

REWARD COMPONENTS:
- makespan_reward: -0.1550
- setup_reward: 0.0000
- deadline_reward: 0.0000
- priority_reward: 0.0000
- critical_job_reward: 0.0000
- placement_reward: 0.0000
- timeliness_reward: 9.1710
- machine_idle_penalty: -0.8750

TOTAL REWARD: 8.1410

CUMULATIVE REWARD COMPONENTS:
- makespan_reward: -0.1550
- setup_reward: 0.0000
- deadline_reward: 0.0000
- priority_reward: 0.0000
- critical_job_reward: 0.0000
- placement_reward: 0.0000
- timeliness_reward: 9.1710
- machine_idle_penalty: -0.8750

CUMULATIVE TOTAL: 8.1410

CRITICAL STATE INFO:
- Valid actions: ['J1', 'J2', 'J3', 'J4', 'J5', 'J6', 'J7', 'J8', 'J9', 'J10', 'J11', 'J12', 'J13', 'J14', 'J15', 'J16', 'J17', 'J18', 'J19', 'J20']
- Machine states:
  - Machine M1: Time=0.00, Idle=31.00, Material=None
  - Machine M2: Time=0.00, Idle=31.00, Material=None
  - Machine M3: Time=31.00, Idle=0.00, Material=Mountainbike_Steuerrohr_montiert
==================================================

2025-06-19 11:35:59,186 - JSPGymEnvironment - INFO - Material change on machine M3: Mountainbike_Steuerrohr_montiert -> Racebike_Bremsaufnahme_gebohrt, setup time: 19
2025-06-19 11:35:59,186 - JSPGymEnvironment - INFO - Executed operation: Job J10, Op 0, Machine M3, Start: 50, End: 87, Setup: 19
2025-06-19 11:35:59,186 - JSPGymEnvironment - INFO - 
===== REWARD DETAILS FOR STEP 2 =====
Job: J10, Operation: 0, Job Completed: False
Current Time: 31.00 -> 87.00, Setup Time: 19.00
Processing Time: 37.00, Idle Time: 0.00
Completed Jobs: 0/20
Machine: M3, Material: Racebike_Bremsaufnahme_gebohrt

REWARD COMPONENTS:
- makespan_reward: -0.2800
- setup_reward: -4.7500
- deadline_reward: 0.0000
- priority_reward: 0.0000
- critical_job_reward: 0.5000
- placement_reward: 0.0000
- timeliness_reward: 9.1887
- machine_idle_penalty: -2.2750

TOTAL REWARD: 2.3837

CUMULATIVE REWARD COMPONENTS:
- makespan_reward: -0.4350
- setup_reward: -4.7500
- deadline_reward: 0.0000
- priority_reward: 0.0000
- critical_job_reward: 0.5000
- placement_reward: 0.0000
- timeliness_reward: 18.3597
- machine_idle_penalty: -3.1500

CUMULATIVE TOTAL: 10.5247

CRITICAL STATE INFO:
- Valid actions: ['J1', 'J2', 'J3', 'J4', 'J5', 'J6', 'J7', 'J8', 'J9', 'J10', 'J11', 'J12', 'J13', 'J14', 'J15', 'J16', 'J17', 'J18', 'J19', 'J20']
- Machine states:
  - Machine M1: Time=0.00, Idle=87.00, Material=None
  - Machine M2: Time=0.00, Idle=87.00, Material=None
  - Machine M3: Time=87.00, Idle=0.00, Material=Racebike_Bremsaufnahme_gebohrt
==================================================

2025-06-19 11:35:59,195 - JSPGymEnvironment - INFO - Material change on machine M3: Racebike_Bremsaufnahme_gebohrt -> Mountainbike_Tretlager_gefraest, setup time: 18
2025-06-19 11:35:59,195 - JSPGymEnvironment - INFO - Executed operation: Job J6, Op 0, Machine M3, Start: 105, End: 144, Setup: 18
2025-06-19 11:35:59,195 - JSPGymEnvironment - INFO - 
===== REWARD DETAILS FOR STEP 3 =====
Job: J6, Operation: 0, Job Completed: False
Current Time: 87.00 -> 144.00, Setup Time: 18.00
Processing Time: 39.00, Idle Time: 0.00
Completed Jobs: 0/20
Machine: M3, Material: Mountainbike_Tretlager_gefraest

REWARD COMPONENTS:
- makespan_reward: -0.2850
- setup_reward: -4.5000
- deadline_reward: 0.0000
- priority_reward: 0.0000
- critical_job_reward: 0.0000
- placement_reward: 0.0000
- timeliness_reward: 9.2064
- machine_idle_penalty: -3.7000

TOTAL REWARD: 0.7214

CUMULATIVE REWARD COMPONENTS:
- makespan_reward: -0.7200
- setup_reward: -9.2500
- deadline_reward: 0.0000
- priority_reward: 0.0000
- critical_job_reward: 0.5000
- placement_reward: 0.0000
- timeliness_reward: 27.5661
- machine_idle_penalty: -6.8500

CUMULATIVE TOTAL: 11.2461

CRITICAL STATE INFO:
- Valid actions: ['J1', 'J2', 'J3', 'J4', 'J5', 'J6', 'J7', 'J8', 'J9', 'J10', 'J11', 'J12', 'J13', 'J14', 'J15', 'J16', 'J17', 'J18', 'J19', 'J20']
- Machine states:
  - Machine M1: Time=0.00, Idle=144.00, Material=None
  - Machine M2: Time=0.00, Idle=144.00, Material=None
  - Machine M3: Time=144.00, Idle=0.00, Material=Mountainbike_Tretlager_gefraest
==================================================

2025-06-19 11:35:59,204 - JSPGymEnvironment - INFO - Material change on machine M2:  -> Racebike_Rahmen_nachbearbeitet, setup time: 0
2025-06-19 11:35:59,204 - JSPGymEnvironment - INFO - Executed operation: Job J10, Op 1, Machine M2, Start: 144, End: 169, Setup: 0
2025-06-19 11:35:59,205 - JSPGymEnvironment - INFO - 
===== REWARD DETAILS FOR STEP 4 =====
Job: J10, Operation: 1, Job Completed: False
Current Time: 144.00 -> 169.00, Setup Time: 0.00
Processing Time: 25.00, Idle Time: 0.00
Completed Jobs: 0/20
Machine: M2, Material: Racebike_Rahmen_nachbearbeitet

REWARD COMPONENTS:
- makespan_reward: -0.1250
- setup_reward: 0.0000
- deadline_reward: 0.0000
- priority_reward: 0.0000
- critical_job_reward: 0.5000
- placement_reward: 0.0000
- timeliness_reward: 9.2139
- machine_idle_penalty: -2.4750

TOTAL REWARD: 7.1139

CUMULATIVE REWARD COMPONENTS:
- makespan_reward: -0.8450
- setup_reward: -9.2500
- deadline_reward: 0.0000
- priority_reward: 0.0000
- critical_job_reward: 1.0000
- placement_reward: 0.0000
- timeliness_reward: 36.7799
- machine_idle_penalty: -9.3250

CUMULATIVE TOTAL: 18.3599

CRITICAL STATE INFO:
- Valid actions: ['J1', 'J2', 'J3', 'J4', 'J5', 'J6', 'J7', 'J8', 'J9', 'J10', 'J11', 'J12', 'J13', 'J14', 'J15', 'J16', 'J17', 'J18', 'J19', 'J20']
- Machine states:
  - Machine M1: Time=0.00, Idle=169.00, Material=None
  - Machine M2: Time=169.00, Idle=0.00, Material=Racebike_Rahmen_nachbearbeitet
  - Machine M3: Time=144.00, Idle=25.00, Material=Mountainbike_Tretlager_gefraest
==================================================

2025-06-19 11:35:59,213 - JSPGymEnvironment - INFO - Material change on machine M1:  -> Citybike_Tretlageraufnahme_geschweisst, setup time: 0
2025-06-19 11:35:59,213 - JSPGymEnvironment - INFO - Executed operation: Job J14, Op 0, Machine M1, Start: 169, End: 211, Setup: 0
2025-06-19 11:35:59,213 - JSPGymEnvironment - INFO - 
===== REWARD DETAILS FOR STEP 5 =====
Job: J14, Operation: 0, Job Completed: False
Current Time: 169.00 -> 211.00, Setup Time: 0.00
Processing Time: 42.00, Idle Time: 0.00
Completed Jobs: 0/20
Machine: M1, Material: Citybike_Tretlageraufnahme_geschweisst

REWARD COMPONENTS:
- makespan_reward: -0.2100
- setup_reward: 0.0000
- deadline_reward: 0.0000
- priority_reward: 0.0000
- critical_job_reward: 0.0000
- placement_reward: 0.0000
- timeliness_reward: 9.2287
- machine_idle_penalty: -1.3625

TOTAL REWARD: 7.6562

CUMULATIVE REWARD COMPONENTS:
- makespan_reward: -1.0550
- setup_reward: -9.2500
- deadline_reward: 0.0000
- priority_reward: 0.0000
- critical_job_reward: 1.0000
- placement_reward: 0.0000
- timeliness_reward: 46.0086
- machine_idle_penalty: -10.6875

CUMULATIVE TOTAL: 26.0161

CRITICAL STATE INFO:
- Valid actions: ['J1', 'J2', 'J3', 'J4', 'J5', 'J6', 'J7', 'J8', 'J9', 'J10', 'J11', 'J12', 'J13', 'J14', 'J15', 'J16', 'J17', 'J18', 'J19', 'J20']
- Machine states:
  - Machine M1: Time=211.00, Idle=0.00, Material=Citybike_Tretlageraufnahme_geschweisst
  - Machine M2: Time=169.00, Idle=42.00, Material=Racebike_Rahmen_nachbearbeitet
  - Machine M3: Time=144.00, Idle=67.00, Material=Mountainbike_Tretlager_gefraest
==================================================

2025-06-19 11:35:59,224 - JSPGymEnvironment - INFO - Material change on machine M3: Mountainbike_Tretlager_gefraest -> E-Bike_Rahmen_lackiert, setup time: 22
2025-06-19 11:35:59,224 - JSPGymEnvironment - INFO - Executed operation: Job J16, Op 0, Machine M3, Start: 233, End: 263, Setup: 22
2025-06-19 11:35:59,224 - JSPGymEnvironment - INFO - 
===== REWARD DETAILS FOR STEP 6 =====
Job: J16, Operation: 0, Job Completed: False
Current Time: 211.00 -> 263.00, Setup Time: 22.00
Processing Time: 30.00, Idle Time: 0.00
Completed Jobs: 0/20
Machine: M3, Material: E-Bike_Rahmen_lackiert

REWARD COMPONENTS:
- makespan_reward: -0.2600
- setup_reward: -5.5000
- deadline_reward: 0.0000
- priority_reward: 0.0000
- critical_job_reward: 0.5000
- placement_reward: 0.0000
- timeliness_reward: 9.2535
- machine_idle_penalty: -1.8250

TOTAL REWARD: 2.1685

CUMULATIVE REWARD COMPONENTS:
- makespan_reward: -1.3150
- setup_reward: -14.7500
- deadline_reward: 0.0000
- priority_reward: 0.0000
- critical_job_reward: 1.5000
- placement_reward: 0.0000
- timeliness_reward: 55.2621
- machine_idle_penalty: -12.5125

CUMULATIVE TOTAL: 28.1846

CRITICAL STATE INFO:
- Valid actions: ['J1', 'J2', 'J3', 'J4', 'J5', 'J6', 'J7', 'J8', 'J9', 'J10', 'J11', 'J12', 'J13', 'J14', 'J15', 'J16', 'J17', 'J18', 'J19', 'J20']
- Machine states:
  - Machine M1: Time=211.00, Idle=52.00, Material=Citybike_Tretlageraufnahme_geschweisst
  - Machine M2: Time=169.00, Idle=94.00, Material=Racebike_Rahmen_nachbearbeitet
  - Machine M3: Time=263.00, Idle=0.00, Material=E-Bike_Rahmen_lackiert
==================================================

2025-06-19 11:35:59,234 - JSPGymEnvironment - INFO - Material change on machine M1: Citybike_Tretlageraufnahme_geschweisst -> Racebike_Schaltauge_bearbeitet, setup time: 30
2025-06-19 11:35:59,234 - JSPGymEnvironment - INFO - Executed operation: Job J10, Op 2, Machine M1, Start: 293, End: 336, Setup: 30
2025-06-19 11:35:59,235 - JSPGymEnvironment - INFO - 
===== REWARD DETAILS FOR STEP 7 =====
Job: J10, Operation: 2, Job Completed: False
Current Time: 263.00 -> 336.00, Setup Time: 30.00
Processing Time: 43.00, Idle Time: 0.00
Completed Jobs: 0/20
Machine: M1, Material: Racebike_Schaltauge_bearbeitet

REWARD COMPONENTS:
- makespan_reward: -0.3650
- setup_reward: -7.5000
- deadline_reward: 0.0000
- priority_reward: 0.0000
- critical_job_reward: 0.5000
- placement_reward: 0.0000
- timeliness_reward: 9.2596
- machine_idle_penalty: -3.0500

TOTAL REWARD: -1.1554

CUMULATIVE REWARD COMPONENTS:
- makespan_reward: -1.6800
- setup_reward: -22.2500
- deadline_reward: 0.0000
- priority_reward: 0.0000
- critical_job_reward: 2.0000
- placement_reward: 0.0000
- timeliness_reward: 64.5216
- machine_idle_penalty: -15.5625

CUMULATIVE TOTAL: 27.0291

CRITICAL STATE INFO:
- Valid actions: ['J1', 'J2', 'J3', 'J4', 'J5', 'J6', 'J7', 'J8', 'J9', 'J10', 'J11', 'J12', 'J13', 'J14', 'J15', 'J16', 'J17', 'J18', 'J19', 'J20']
- Machine states:
  - Machine M1: Time=336.00, Idle=0.00, Material=Racebike_Schaltauge_bearbeitet
  - Machine M2: Time=169.00, Idle=167.00, Material=Racebike_Rahmen_nachbearbeitet
  - Machine M3: Time=263.00, Idle=73.00, Material=E-Bike_Rahmen_lackiert
==================================================

2025-06-19 11:35:59,244 - JSPGymEnvironment - INFO - Material change on machine M2: Racebike_Rahmen_nachbearbeitet -> E-Bike_Steuerrohr_ausgerieben, setup time: 24
2025-06-19 11:35:59,244 - JSPGymEnvironment - INFO - Executed operation: Job J8, Op 0, Machine M2, Start: 360, End: 387, Setup: 24
2025-06-19 11:35:59,245 - JSPGymEnvironment - INFO - 
===== REWARD DETAILS FOR STEP 8 =====
Job: J8, Operation: 0, Job Completed: False
Current Time: 336.00 -> 387.00, Setup Time: 24.00
Processing Time: 27.00, Idle Time: 0.00
Completed Jobs: 0/20
Machine: M2, Material: E-Bike_Steuerrohr_ausgerieben

REWARD COMPONENTS:
- makespan_reward: -0.2550
- setup_reward: -6.0000
- deadline_reward: 0.0000
- priority_reward: 0.0000
- critical_job_reward: 0.5000
- placement_reward: 0.0000
- timeliness_reward: 9.2793
- machine_idle_penalty: -2.1875

TOTAL REWARD: 1.3368

CUMULATIVE REWARD COMPONENTS:
- makespan_reward: -1.9350
- setup_reward: -28.2500
- deadline_reward: 0.0000
- priority_reward: 0.0000
- critical_job_reward: 2.5000
- placement_reward: 0.0000
- timeliness_reward: 73.8009
- machine_idle_penalty: -17.7500

CUMULATIVE TOTAL: 28.3659

CRITICAL STATE INFO:
- Valid actions: ['J1', 'J2', 'J3', 'J4', 'J5', 'J6', 'J7', 'J8', 'J9', 'J10', 'J11', 'J12', 'J13', 'J14', 'J15', 'J16', 'J17', 'J18', 'J19', 'J20']
- Machine states:
  - Machine M1: Time=336.00, Idle=51.00, Material=Racebike_Schaltauge_bearbeitet
  - Machine M2: Time=387.00, Idle=0.00, Material=E-Bike_Steuerrohr_ausgerieben
  - Machine M3: Time=263.00, Idle=124.00, Material=E-Bike_Rahmen_lackiert
==================================================

2025-06-19 11:35:59,255 - JSPGymEnvironment - INFO - Material change on machine M2: E-Bike_Steuerrohr_ausgerieben -> E-Bike_Hauptrahmen_zugeschnitten, setup time: 20
2025-06-19 11:35:59,255 - JSPGymEnvironment - INFO - Executed operation: Job J8, Op 1, Machine M2, Start: 407, End: 420, Setup: 20
2025-06-19 11:35:59,255 - JSPGymEnvironment - INFO - 
===== REWARD DETAILS FOR STEP 9 =====
Job: J8, Operation: 1, Job Completed: False
Current Time: 387.00 -> 420.00, Setup Time: 20.00
Processing Time: 13.00, Idle Time: 0.00
Completed Jobs: 0/20
Machine: M2, Material: E-Bike_Hauptrahmen_zugeschnitten

REWARD COMPONENTS:
- makespan_reward: -0.1650
- setup_reward: -5.0000
- deadline_reward: 0.0000
- priority_reward: 0.0000
- critical_job_reward: 0.5000
- placement_reward: 0.0000
- timeliness_reward: 9.2872
- machine_idle_penalty: -3.0125

TOTAL REWARD: 1.6097

CUMULATIVE REWARD COMPONENTS:
- makespan_reward: -2.1000
- setup_reward: -33.2500
- deadline_reward: 0.0000
- priority_reward: 0.0000
- critical_job_reward: 3.0000
- placement_reward: 0.0000
- timeliness_reward: 83.0882
- machine_idle_penalty: -20.7625

CUMULATIVE TOTAL: 29.9757

CRITICAL STATE INFO:
- Valid actions: ['J1', 'J2', 'J3', 'J4', 'J5', 'J6', 'J7', 'J8', 'J9', 'J10', 'J11', 'J12', 'J13', 'J14', 'J15', 'J16', 'J17', 'J18', 'J19', 'J20']
- Machine states:
  - Machine M1: Time=336.00, Idle=84.00, Material=Racebike_Schaltauge_bearbeitet
  - Machine M2: Time=420.00, Idle=0.00, Material=E-Bike_Hauptrahmen_zugeschnitten
  - Machine M3: Time=263.00, Idle=157.00, Material=E-Bike_Rahmen_lackiert
==================================================

2025-06-19 11:35:59,265 - JSPGymEnvironment - INFO - Material change on machine M2: E-Bike_Hauptrahmen_zugeschnitten -> Mountainbike_Antrieb_installiert, setup time: 28
2025-06-19 11:35:59,265 - JSPGymEnvironment - INFO - Executed operation: Job J6, Op 1, Machine M2, Start: 448, End: 464, Setup: 28
2025-06-19 11:35:59,265 - JSPGymEnvironment - INFO - 
===== REWARD DETAILS FOR STEP 10 =====
Job: J6, Operation: 1, Job Completed: False
Current Time: 420.00 -> 464.00, Setup Time: 28.00
Processing Time: 16.00, Idle Time: 0.00
Completed Jobs: 0/20
Machine: M2, Material: Mountainbike_Antrieb_installiert

REWARD COMPONENTS:
- makespan_reward: -0.2200
- setup_reward: -7.0000
- deadline_reward: 0.0000
- priority_reward: 0.0000
- critical_job_reward: 0.0000
- placement_reward: 0.0000
- timeliness_reward: 9.2880
- machine_idle_penalty: -4.1625

TOTAL REWARD: -2.0945

CUMULATIVE REWARD COMPONENTS:
- makespan_reward: -2.3200
- setup_reward: -40.2500
- deadline_reward: 0.0000
- priority_reward: 0.0000
- critical_job_reward: 3.0000
- placement_reward: 0.0000
- timeliness_reward: 92.3762
- machine_idle_penalty: -24.9250

CUMULATIVE TOTAL: 27.8812

CRITICAL STATE INFO:
- Valid actions: ['J1', 'J2', 'J3', 'J4', 'J5', 'J6', 'J7', 'J8', 'J9', 'J10', 'J11', 'J12', 'J13', 'J14', 'J15', 'J16', 'J17', 'J18', 'J19', 'J20']
- Machine states:
  - Machine M1: Time=336.00, Idle=128.00, Material=Racebike_Schaltauge_bearbeitet
  - Machine M2: Time=464.00, Idle=0.00, Material=Mountainbike_Antrieb_installiert
  - Machine M3: Time=263.00, Idle=201.00, Material=E-Bike_Rahmen_lackiert
==================================================

2025-06-19 11:35:59,274 - JSPGymEnvironment - INFO - Material change on machine M1: Racebike_Schaltauge_bearbeitet -> E-Bike_Hinterbau_vorbereitet, setup time: 51
2025-06-19 11:35:59,274 - JSPGymEnvironment - INFO - Executed operation: Job J5, Op 0, Machine M1, Start: 515, End: 551, Setup: 51
2025-06-19 11:35:59,274 - JSPGymEnvironment - INFO - 
===== REWARD DETAILS FOR STEP 11 =====
Job: J5, Operation: 0, Job Completed: False
Current Time: 464.00 -> 551.00, Setup Time: 51.00
Processing Time: 36.00, Idle Time: 0.00
Completed Jobs: 0/20
Machine: M1, Material: E-Bike_Hinterbau_vorbereitet

REWARD COMPONENTS:
- makespan_reward: -0.4350
- setup_reward: -12.7500
- deadline_reward: 0.0000
- priority_reward: 0.0000
- critical_job_reward: 0.5000
- placement_reward: 0.0000
- timeliness_reward: 9.3031
- machine_idle_penalty: -4.7375

TOTAL REWARD: -8.1194

CUMULATIVE REWARD COMPONENTS:
- makespan_reward: -2.7550
- setup_reward: -53.0000
- deadline_reward: 0.0000
- priority_reward: 0.0000
- critical_job_reward: 3.5000
- placement_reward: 0.0000
- timeliness_reward: 101.6792
- machine_idle_penalty: -29.6625

CUMULATIVE TOTAL: 19.7617

CRITICAL STATE INFO:
- Valid actions: ['J1', 'J2', 'J3', 'J4', 'J5', 'J6', 'J7', 'J8', 'J9', 'J10', 'J11', 'J12', 'J13', 'J14', 'J15', 'J16', 'J17', 'J18', 'J19', 'J20']
- Machine states:
  - Machine M1: Time=551.00, Idle=0.00, Material=E-Bike_Hinterbau_vorbereitet
  - Machine M2: Time=464.00, Idle=87.00, Material=Mountainbike_Antrieb_installiert
  - Machine M3: Time=263.00, Idle=288.00, Material=E-Bike_Rahmen_lackiert
==================================================

2025-06-19 11:35:59,284 - JSPGymEnvironment - INFO - Material change on machine M1: E-Bike_Hinterbau_vorbereitet -> E-Bike_Fahrrad_endmontiert, setup time: 40
2025-06-19 11:35:59,284 - JSPGymEnvironment - INFO - Executed operation: Job J8, Op 2, Machine M1, Start: 591, End: 617, Setup: 40
2025-06-19 11:35:59,284 - JSPGymEnvironment - INFO - 
===== REWARD DETAILS FOR STEP 12 =====
Job: J8, Operation: 2, Job Completed: False
Current Time: 551.00 -> 617.00, Setup Time: 40.00
Processing Time: 26.00, Idle Time: 0.00
Completed Jobs: 0/20
Machine: M1, Material: E-Bike_Fahrrad_endmontiert

REWARD COMPONENTS:
- makespan_reward: -0.3300
- setup_reward: -10.0000
- deadline_reward: 0.0000
- priority_reward: 0.0000
- critical_job_reward: 0.5000
- placement_reward: 0.0000
- timeliness_reward: 9.3239
- machine_idle_penalty: -6.3875

TOTAL REWARD: -6.8936

CUMULATIVE REWARD COMPONENTS:
- makespan_reward: -3.0850
- setup_reward: -63.0000
- deadline_reward: 0.0000
- priority_reward: 0.0000
- critical_job_reward: 4.0000
- placement_reward: 0.0000
- timeliness_reward: 111.0031
- machine_idle_penalty: -36.0500

CUMULATIVE TOTAL: 12.8681

CRITICAL STATE INFO:
- Valid actions: ['J1', 'J2', 'J3', 'J4', 'J5', 'J6', 'J7', 'J8', 'J9', 'J10', 'J11', 'J12', 'J13', 'J14', 'J15', 'J16', 'J17', 'J18', 'J19', 'J20']
- Machine states:
  - Machine M1: Time=617.00, Idle=0.00, Material=E-Bike_Fahrrad_endmontiert
  - Machine M2: Time=464.00, Idle=153.00, Material=Mountainbike_Antrieb_installiert
  - Machine M3: Time=263.00, Idle=354.00, Material=E-Bike_Rahmen_lackiert
==================================================

2025-06-19 11:35:59,294 - JSPGymEnvironment - INFO - Material change on machine M2: Mountainbike_Antrieb_installiert -> Citybike_Rahmen_komplettiert, setup time: 19
2025-06-19 11:35:59,294 - JSPGymEnvironment - INFO - Executed operation: Job J14, Op 1, Machine M2, Start: 636, End: 661, Setup: 19
2025-06-19 11:35:59,294 - JSPGymEnvironment - INFO - 
===== REWARD DETAILS FOR STEP 13 =====
Job: J14, Operation: 1, Job Completed: False
Current Time: 617.00 -> 661.00, Setup Time: 19.00
Processing Time: 25.00, Idle Time: 0.00
Completed Jobs: 0/20
Machine: M2, Material: Citybike_Rahmen_komplettiert

REWARD COMPONENTS:
- makespan_reward: -0.2200
- setup_reward: -4.7500
- deadline_reward: 0.0000
- priority_reward: 0.0000
- critical_job_reward: 0.0000
- placement_reward: 0.0000
- timeliness_reward: 9.3241
- machine_idle_penalty: -5.5750

TOTAL REWARD: -1.2209

CUMULATIVE REWARD COMPONENTS:
- makespan_reward: -3.3050
- setup_reward: -67.7500
- deadline_reward: 0.0000
- priority_reward: 0.0000
- critical_job_reward: 4.0000
- placement_reward: 0.0000
- timeliness_reward: 120.3272
- machine_idle_penalty: -41.6250

CUMULATIVE TOTAL: 11.6472

CRITICAL STATE INFO:
- Valid actions: ['J1', 'J2', 'J3', 'J4', 'J5', 'J6', 'J7', 'J8', 'J9', 'J10', 'J11', 'J12', 'J13', 'J14', 'J15', 'J16', 'J17', 'J18', 'J19', 'J20']
- Machine states:
  - Machine M1: Time=617.00, Idle=44.00, Material=E-Bike_Fahrrad_endmontiert
  - Machine M2: Time=661.00, Idle=0.00, Material=Citybike_Rahmen_komplettiert
  - Machine M3: Time=263.00, Idle=398.00, Material=E-Bike_Rahmen_lackiert
==================================================

2025-06-19 11:35:59,303 - JSPGymEnvironment - INFO - Material change on machine M1: E-Bike_Fahrrad_endmontiert -> E-Bike_Rahmen_komplettiert, setup time: 40
2025-06-19 11:35:59,303 - JSPGymEnvironment - INFO - Executed operation: Job J8, Op 3, Machine M1, Start: 701, End: 732, Setup: 40
2025-06-19 11:35:59,303 - JSPGymEnvironment - INFO - 
===== REWARD DETAILS FOR STEP 14 =====
Job: J8, Operation: 3, Job Completed: False
Current Time: 661.00 -> 732.00, Setup Time: 40.00
Processing Time: 31.00, Idle Time: 0.00
Completed Jobs: 0/20
Machine: M1, Material: E-Bike_Rahmen_komplettiert

REWARD COMPONENTS:
- makespan_reward: -0.3550
- setup_reward: -10.0000
- deadline_reward: 0.0000
- priority_reward: 0.0000
- critical_job_reward: 0.5000
- placement_reward: 0.0000
- timeliness_reward: 9.3344
- machine_idle_penalty: -6.8000

TOTAL REWARD: -7.3206

CUMULATIVE REWARD COMPONENTS:
- makespan_reward: -3.6600
- setup_reward: -77.7500
- deadline_reward: 0.0000
- priority_reward: 0.0000
- critical_job_reward: 4.5000
- placement_reward: 0.0000
- timeliness_reward: 129.6617
- machine_idle_penalty: -48.4250

CUMULATIVE TOTAL: 4.3267

CRITICAL STATE INFO:
- Valid actions: ['J1', 'J2', 'J3', 'J4', 'J5', 'J6', 'J7', 'J8', 'J9', 'J10', 'J11', 'J12', 'J13', 'J14', 'J15', 'J16', 'J17', 'J18', 'J19', 'J20']
- Machine states:
  - Machine M1: Time=732.00, Idle=0.00, Material=E-Bike_Rahmen_komplettiert
  - Machine M2: Time=661.00, Idle=71.00, Material=Citybike_Rahmen_komplettiert
  - Machine M3: Time=263.00, Idle=469.00, Material=E-Bike_Rahmen_lackiert
==================================================

2025-06-19 11:35:59,312 - JSPGymEnvironment - INFO - Material change on machine M1: E-Bike_Rahmen_komplettiert -> Racebike_Hauptrahmen_zugeschnitten, setup time: 56
2025-06-19 11:35:59,312 - JSPGymEnvironment - INFO - Executed operation: Job J10, Op 3, Machine M1, Start: 788, End: 832, Setup: 56
2025-06-19 11:35:59,312 - JSPGymEnvironment - INFO - 
===== REWARD DETAILS FOR STEP 15 =====
Job: J10, Operation: 3, Job Completed: False
Current Time: 732.00 -> 832.00, Setup Time: 56.00
Processing Time: 44.00, Idle Time: 0.00
Completed Jobs: 0/20
Machine: M1, Material: Racebike_Hauptrahmen_zugeschnitten

REWARD COMPONENTS:
- makespan_reward: -0.5000
- setup_reward: -14.0000
- deadline_reward: 0.0000
- priority_reward: 0.0000
- critical_job_reward: 0.5000
- placement_reward: 0.0000
- timeliness_reward: 9.3187
- machine_idle_penalty: -9.3000

TOTAL REWARD: -13.9813

CUMULATIVE REWARD COMPONENTS:
- makespan_reward: -4.1600
- setup_reward: -91.7500
- deadline_reward: 0.0000
- priority_reward: 0.0000
- critical_job_reward: 5.0000
- placement_reward: 0.0000
- timeliness_reward: 138.9803
- machine_idle_penalty: -57.7250

CUMULATIVE TOTAL: -9.6547

CRITICAL STATE INFO:
- Valid actions: ['J1', 'J2', 'J3', 'J4', 'J5', 'J6', 'J7', 'J8', 'J9', 'J10', 'J11', 'J12', 'J13', 'J14', 'J15', 'J16', 'J17', 'J18', 'J19', 'J20']
- Machine states:
  - Machine M1: Time=832.00, Idle=0.00, Material=Racebike_Hauptrahmen_zugeschnitten
  - Machine M2: Time=661.00, Idle=171.00, Material=Citybike_Rahmen_komplettiert
  - Machine M3: Time=263.00, Idle=569.00, Material=E-Bike_Rahmen_lackiert
==================================================

2025-06-19 11:35:59,321 - JSPGymEnvironment - INFO - Material change on machine M3: E-Bike_Rahmen_lackiert -> Racebike_Rahmen_komplettiert, setup time: 22
2025-06-19 11:35:59,322 - JSPGymEnvironment - INFO - Executed operation: Job J12, Op 0, Machine M3, Start: 854, End: 908, Setup: 22
2025-06-19 11:35:59,322 - JSPGymEnvironment - INFO - 
===== REWARD DETAILS FOR STEP 16 =====
Job: J12, Operation: 0, Job Completed: False
Current Time: 832.00 -> 908.00, Setup Time: 22.00
Processing Time: 54.00, Idle Time: 0.00
Completed Jobs: 0/20
Machine: M3, Material: Racebike_Rahmen_komplettiert

REWARD COMPONENTS:
- makespan_reward: -0.3800
- setup_reward: -5.5000
- deadline_reward: 0.0000
- priority_reward: 0.0000
- critical_job_reward: 0.5000
- placement_reward: 0.0000
- timeliness_reward: 9.3255
- machine_idle_penalty: -4.0375

TOTAL REWARD: -0.0920

CUMULATIVE REWARD COMPONENTS:
- makespan_reward: -4.5400
- setup_reward: -97.2500
- deadline_reward: 0.0000
- priority_reward: 0.0000
- critical_job_reward: 5.5000
- placement_reward: 0.0000
- timeliness_reward: 148.3058
- machine_idle_penalty: -61.7625

CUMULATIVE TOTAL: -9.7467

CRITICAL STATE INFO:
- Valid actions: ['J1', 'J2', 'J3', 'J4', 'J5', 'J6', 'J7', 'J8', 'J9', 'J10', 'J11', 'J12', 'J13', 'J14', 'J15', 'J16', 'J17', 'J18', 'J19', 'J20']
- Machine states:
  - Machine M1: Time=832.00, Idle=76.00, Material=Racebike_Hauptrahmen_zugeschnitten
  - Machine M2: Time=661.00, Idle=247.00, Material=Citybike_Rahmen_komplettiert
  - Machine M3: Time=908.00, Idle=0.00, Material=Racebike_Rahmen_komplettiert
==================================================

2025-06-19 11:35:59,331 - JSPGymEnvironment - INFO - Material change on machine M2: Citybike_Rahmen_komplettiert -> Citybike_Fahrrad_endmontiert, setup time: 20
2025-06-19 11:35:59,331 - JSPGymEnvironment - INFO - Executed operation: Job J14, Op 2, Machine M2, Start: 928, End: 938, Setup: 20
2025-06-19 11:35:59,331 - JSPGymEnvironment - INFO - 
===== REWARD DETAILS FOR STEP 17 =====
Job: J14, Operation: 2, Job Completed: False
Current Time: 908.00 -> 938.00, Setup Time: 20.00
Processing Time: 10.00, Idle Time: 0.00
Completed Jobs: 0/20
Machine: M2, Material: Citybike_Fahrrad_endmontiert

REWARD COMPONENTS:
- makespan_reward: -0.1500
- setup_reward: -5.0000
- deadline_reward: 0.0000
- priority_reward: 0.0000
- critical_job_reward: 0.0000
- placement_reward: 0.0000
- timeliness_reward: 9.3179
- machine_idle_penalty: -1.7000

TOTAL REWARD: 2.4679

CUMULATIVE REWARD COMPONENTS:
- makespan_reward: -4.6900
- setup_reward: -102.2500
- deadline_reward: 0.0000
- priority_reward: 0.0000
- critical_job_reward: 5.5000
- placement_reward: 0.0000
- timeliness_reward: 157.6237
- machine_idle_penalty: -63.4625

CUMULATIVE TOTAL: -7.2788

CRITICAL STATE INFO:
- Valid actions: ['J1', 'J2', 'J3', 'J4', 'J5', 'J6', 'J7', 'J8', 'J9', 'J10', 'J11', 'J12', 'J13', 'J14', 'J15', 'J16', 'J17', 'J18', 'J19', 'J20']
- Machine states:
  - Machine M1: Time=832.00, Idle=106.00, Material=Racebike_Hauptrahmen_zugeschnitten
  - Machine M2: Time=938.00, Idle=0.00, Material=Citybike_Fahrrad_endmontiert
  - Machine M3: Time=908.00, Idle=30.00, Material=Racebike_Rahmen_komplettiert
==================================================

2025-06-19 11:35:59,340 - JSPGymEnvironment - INFO - Material change on machine M1: Racebike_Hauptrahmen_zugeschnitten -> Mountainbike_Laufraeder_montiert, setup time: 37
2025-06-19 11:35:59,340 - JSPGymEnvironment - INFO - Executed operation: Job J6, Op 2, Machine M1, Start: 975, End: 1016, Setup: 37
2025-06-19 11:35:59,341 - JSPGymEnvironment - INFO - 
===== REWARD DETAILS FOR STEP 18 =====
Job: J6, Operation: 2, Job Completed: False
Current Time: 938.00 -> 1016.00, Setup Time: 37.00
Processing Time: 41.00, Idle Time: 0.00
Completed Jobs: 0/20
Machine: M1, Material: Mountainbike_Laufraeder_montiert

REWARD COMPONENTS:
- makespan_reward: -0.3900
- setup_reward: -9.2500
- deadline_reward: 0.0000
- priority_reward: 0.0000
- critical_job_reward: 0.0000
- placement_reward: 0.0000
- timeliness_reward: 9.2889
- machine_idle_penalty: -2.3250

TOTAL REWARD: -2.6761

CUMULATIVE REWARD COMPONENTS:
- makespan_reward: -5.0800
- setup_reward: -111.5000
- deadline_reward: 0.0000
- priority_reward: 0.0000
- critical_job_reward: 5.5000
- placement_reward: 0.0000
- timeliness_reward: 166.9127
- machine_idle_penalty: -65.7875

CUMULATIVE TOTAL: -9.9548

CRITICAL STATE INFO:
- Valid actions: ['J1', 'J2', 'J3', 'J4', 'J5', 'J6', 'J7', 'J8', 'J9', 'J10', 'J11', 'J12', 'J13', 'J14', 'J15', 'J16', 'J17', 'J18', 'J19', 'J20']
- Machine states:
  - Machine M1: Time=1016.00, Idle=0.00, Material=Mountainbike_Laufraeder_montiert
  - Machine M2: Time=938.00, Idle=78.00, Material=Citybike_Fahrrad_endmontiert
  - Machine M3: Time=908.00, Idle=108.00, Material=Racebike_Rahmen_komplettiert
==================================================

2025-06-19 11:35:59,350 - JSPGymEnvironment - INFO - Material change on machine M2: Citybike_Fahrrad_endmontiert -> Mountainbike_Steuerrohr_montiert, setup time: 22
2025-06-19 11:35:59,350 - JSPGymEnvironment - INFO - Executed operation: Job J6, Op 3, Machine M2, Start: 1038, End: 1051, Setup: 22
2025-06-19 11:35:59,350 - JSPGymEnvironment - INFO - 
===== REWARD DETAILS FOR STEP 19 =====
Job: J6, Operation: 3, Job Completed: False
Current Time: 1016.00 -> 1051.00, Setup Time: 22.00
Processing Time: 13.00, Idle Time: 0.00
Completed Jobs: 0/20
Machine: M2, Material: Mountainbike_Steuerrohr_montiert

REWARD COMPONENTS:
- makespan_reward: -0.1750
- setup_reward: -5.5000
- deadline_reward: 0.0000
- priority_reward: 0.0000
- critical_job_reward: 0.0000
- placement_reward: 0.0000
- timeliness_reward: 9.2784
- machine_idle_penalty: -2.2250

TOTAL REWARD: 1.3784

CUMULATIVE REWARD COMPONENTS:
- makespan_reward: -5.2550
- setup_reward: -117.0000
- deadline_reward: 0.0000
- priority_reward: 0.0000
- critical_job_reward: 5.5000
- placement_reward: 0.0000
- timeliness_reward: 176.1911
- machine_idle_penalty: -68.0125

CUMULATIVE TOTAL: -8.5764

CRITICAL STATE INFO:
- Valid actions: ['J1', 'J2', 'J3', 'J4', 'J5', 'J6', 'J7', 'J8', 'J9', 'J10', 'J11', 'J12', 'J13', 'J14', 'J15', 'J16', 'J17', 'J18', 'J19', 'J20']
- Machine states:
  - Machine M1: Time=1016.00, Idle=35.00, Material=Mountainbike_Laufraeder_montiert
  - Machine M2: Time=1051.00, Idle=0.00, Material=Mountainbike_Steuerrohr_montiert
  - Machine M3: Time=908.00, Idle=143.00, Material=Racebike_Rahmen_komplettiert
==================================================

2025-06-19 11:35:59,360 - JSPGymEnvironment - INFO - Material change on machine M1: Mountainbike_Laufraeder_montiert -> E-Bike_Schaltauge_bearbeitet, setup time: 47
2025-06-19 11:35:59,360 - JSPGymEnvironment - INFO - Executed operation: Job J8, Op 4, Machine M1, Start: 1098, End: 1129, Setup: 47
2025-06-19 11:35:59,360 - JSPGymEnvironment - INFO - 
===== REWARD DETAILS FOR STEP 20 =====
Job: J8, Operation: 4, Job Completed: False
Current Time: 1051.00 -> 1129.00, Setup Time: 47.00
Processing Time: 31.00, Idle Time: 0.00
Completed Jobs: 0/20
Machine: M1, Material: E-Bike_Schaltauge_bearbeitet

REWARD COMPONENTS:
- makespan_reward: -0.3900
- setup_reward: -11.7500
- deadline_reward: 0.0000
- priority_reward: 0.0000
- critical_job_reward: 0.5000
- placement_reward: 0.0000
- timeliness_reward: 9.2703
- machine_idle_penalty: -3.7375

TOTAL REWARD: -6.1072

CUMULATIVE REWARD COMPONENTS:
- makespan_reward: -5.6450
- setup_reward: -128.7500
- deadline_reward: 0.0000
- priority_reward: 0.0000
- critical_job_reward: 6.0000
- placement_reward: 0.0000
- timeliness_reward: 185.4613
- machine_idle_penalty: -71.7500

CUMULATIVE TOTAL: -14.6837

CRITICAL STATE INFO:
- Valid actions: ['J1', 'J2', 'J3', 'J4', 'J5', 'J6', 'J7', 'J8', 'J9', 'J10', 'J11', 'J12', 'J13', 'J14', 'J15', 'J16', 'J17', 'J18', 'J19', 'J20']
- Machine states:
  - Machine M1: Time=1129.00, Idle=0.00, Material=E-Bike_Schaltauge_bearbeitet
  - Machine M2: Time=1051.00, Idle=78.00, Material=Mountainbike_Steuerrohr_montiert
  - Machine M3: Time=908.00, Idle=221.00, Material=Racebike_Rahmen_komplettiert
==================================================

2025-06-19 11:35:59,369 - JSPGymEnvironment - INFO - Material change on machine M1: E-Bike_Schaltauge_bearbeitet -> E-Bike_Rahmen_nachbearbeitet, setup time: 40
2025-06-19 11:35:59,369 - JSPGymEnvironment - INFO - Executed operation: Job J8, Op 5, Machine M1, Start: 1169, End: 1208, Setup: 40
2025-06-19 11:35:59,370 - JSPGymEnvironment - INFO - 
===== REWARD DETAILS FOR STEP 21 =====
Job: J8, Operation: 5, Job Completed: False
Current Time: 1129.00 -> 1208.00, Setup Time: 40.00
Processing Time: 39.00, Idle Time: 0.00
Completed Jobs: 0/20
Machine: M1, Material: E-Bike_Rahmen_nachbearbeitet

REWARD COMPONENTS:
- makespan_reward: -0.3950
- setup_reward: -10.0000
- deadline_reward: 0.0000
- priority_reward: 0.0000
- critical_job_reward: 0.5000
- placement_reward: 0.0000
- timeliness_reward: 9.2302
- machine_idle_penalty: -5.7125

TOTAL REWARD: -6.3773

CUMULATIVE REWARD COMPONENTS:
- makespan_reward: -6.0400
- setup_reward: -138.7500
- deadline_reward: 0.0000
- priority_reward: 0.0000
- critical_job_reward: 6.5000
- placement_reward: 0.0000
- timeliness_reward: 194.6915
- machine_idle_penalty: -77.4625

CUMULATIVE TOTAL: -21.0610

CRITICAL STATE INFO:
- Valid actions: ['J1', 'J2', 'J3', 'J4', 'J5', 'J6', 'J7', 'J8', 'J9', 'J10', 'J11', 'J12', 'J13', 'J14', 'J15', 'J16', 'J17', 'J18', 'J19', 'J20']
- Machine states:
  - Machine M1: Time=1208.00, Idle=0.00, Material=E-Bike_Rahmen_nachbearbeitet
  - Machine M2: Time=1051.00, Idle=157.00, Material=Mountainbike_Steuerrohr_montiert
  - Machine M3: Time=908.00, Idle=300.00, Material=Racebike_Rahmen_komplettiert
==================================================

2025-06-19 11:35:59,379 - JSPGymEnvironment - INFO - Material change on machine M3: Racebike_Rahmen_komplettiert -> E-Bike_Hinterbau_vorbereitet, setup time: 21
2025-06-19 11:35:59,379 - JSPGymEnvironment - INFO - Executed operation: Job J8, Op 6, Machine M3, Start: 1229, End: 1277, Setup: 21
2025-06-19 11:35:59,379 - JSPGymEnvironment - INFO - 
===== REWARD DETAILS FOR STEP 22 =====
Job: J8, Operation: 6, Job Completed: False
Current Time: 1208.00 -> 1277.00, Setup Time: 21.00
Processing Time: 48.00, Idle Time: 0.00
Completed Jobs: 0/20
Machine: M3, Material: E-Bike_Hinterbau_vorbereitet

REWARD COMPONENTS:
- makespan_reward: -0.3450
- setup_reward: -5.2500
- deadline_reward: 0.0000
- priority_reward: 0.0000
- critical_job_reward: 0.5000
- placement_reward: 0.0000
- timeliness_reward: 9.1850
- machine_idle_penalty: -3.6875

TOTAL REWARD: 0.4025

CUMULATIVE REWARD COMPONENTS:
- makespan_reward: -6.3850
- setup_reward: -144.0000
- deadline_reward: 0.0000
- priority_reward: 0.0000
- critical_job_reward: 7.0000
- placement_reward: 0.0000
- timeliness_reward: 203.8765
- machine_idle_penalty: -81.1500

CUMULATIVE TOTAL: -20.6585

CRITICAL STATE INFO:
- Valid actions: ['J1', 'J2', 'J3', 'J4', 'J5', 'J6', 'J7', 'J8', 'J9', 'J10', 'J11', 'J12', 'J13', 'J14', 'J15', 'J16', 'J17', 'J18', 'J19', 'J20']
- Machine states:
  - Machine M1: Time=1208.00, Idle=69.00, Material=E-Bike_Rahmen_nachbearbeitet
  - Machine M2: Time=1051.00, Idle=226.00, Material=Mountainbike_Steuerrohr_montiert
  - Machine M3: Time=1277.00, Idle=0.00, Material=E-Bike_Hinterbau_vorbereitet
==================================================

2025-06-19 11:35:59,388 - JSPGymEnvironment - INFO - Material change on machine M3: E-Bike_Hinterbau_vorbereitet -> Racebike_Tretlager_gefraest, setup time: 22
2025-06-19 11:35:59,388 - JSPGymEnvironment - INFO - Executed operation: Job J9, Op 0, Machine M3, Start: 1299, End: 1326, Setup: 22
2025-06-19 11:35:59,388 - JSPGymEnvironment - INFO - 
===== REWARD DETAILS FOR STEP 23 =====
Job: J9, Operation: 0, Job Completed: False
Current Time: 1277.00 -> 1326.00, Setup Time: 22.00
Processing Time: 27.00, Idle Time: 0.00
Completed Jobs: 0/20
Machine: M3, Material: Racebike_Tretlager_gefraest

REWARD COMPONENTS:
- makespan_reward: -0.2450
- setup_reward: -5.5000
- deadline_reward: 0.0000
- priority_reward: 0.0000
- critical_job_reward: 0.5000
- placement_reward: 0.0000
- timeliness_reward: 9.1290
- machine_idle_penalty: -4.9125

TOTAL REWARD: -1.0285

CUMULATIVE REWARD COMPONENTS:
- makespan_reward: -6.6300
- setup_reward: -149.5000
- deadline_reward: 0.0000
- priority_reward: 0.0000
- critical_job_reward: 7.5000
- placement_reward: 0.0000
- timeliness_reward: 213.0055
- machine_idle_penalty: -86.0625

CUMULATIVE TOTAL: -21.6870

CRITICAL STATE INFO:
- Valid actions: ['J1', 'J2', 'J3', 'J4', 'J5', 'J6', 'J7', 'J8', 'J9', 'J10', 'J11', 'J12', 'J13', 'J14', 'J15', 'J16', 'J17', 'J18', 'J19', 'J20']
- Machine states:
  - Machine M1: Time=1208.00, Idle=118.00, Material=E-Bike_Rahmen_nachbearbeitet
  - Machine M2: Time=1051.00, Idle=275.00, Material=Mountainbike_Steuerrohr_montiert
  - Machine M3: Time=1326.00, Idle=0.00, Material=Racebike_Tretlager_gefraest
==================================================

2025-06-19 11:35:59,396 - JSPGymEnvironment - INFO - Material change on machine M2: Mountainbike_Steuerrohr_montiert -> E-Bike_Rahmen_lackiert, setup time: 29
2025-06-19 11:35:59,396 - JSPGymEnvironment - INFO - Executed operation: Job J8, Op 7, Machine M2, Start: 1355, End: 1379, Setup: 29
2025-06-19 11:35:59,397 - JSPGymEnvironment - INFO - Job J8 completed at time 1379, deadline: 2750, met: True, priority: 8
2025-06-19 11:35:59,397 - JSPGymEnvironment - INFO - 
===== REWARD DETAILS FOR STEP 24 =====
Job: J8, Operation: 7, Job Completed: True
Current Time: 1326.00 -> 1379.00, Setup Time: 29.00
Processing Time: 24.00, Idle Time: 0.00
Completed Jobs: 1/20
Machine: M2, Material: E-Bike_Rahmen_lackiert
Job Deadline: 2750.00 (Met), Priority: 8

REWARD COMPONENTS:
- makespan_reward: -0.2650
- setup_reward: -7.2500
- deadline_reward: 20.0000
- priority_reward: 32.0000
- critical_job_reward: 18.4825
- placement_reward: 0.0000
- timeliness_reward: 9.1012
- machine_idle_penalty: -2.8000

TOTAL REWARD: 69.2687

CUMULATIVE REWARD COMPONENTS:
- makespan_reward: -6.8950
- setup_reward: -156.7500
- deadline_reward: 20.0000
- priority_reward: 32.0000
- critical_job_reward: 25.9825
- placement_reward: 0.0000
- timeliness_reward: 222.1066
- machine_idle_penalty: -88.8625

CUMULATIVE TOTAL: 47.5817

CRITICAL STATE INFO:
- Valid actions: ['J1', 'J2', 'J3', 'J4', 'J5', 'J6', 'J7', 'J9', 'J10', 'J11', 'J12', 'J13', 'J14', 'J15', 'J16', 'J17', 'J18', 'J19', 'J20']
- Machine states:
  - Machine M1: Time=1208.00, Idle=171.00, Material=E-Bike_Rahmen_nachbearbeitet
  - Machine M2: Time=1379.00, Idle=0.00, Material=E-Bike_Rahmen_lackiert
  - Machine M3: Time=1326.00, Idle=53.00, Material=Racebike_Tretlager_gefraest
==================================================

2025-06-19 11:35:59,397 - JSPGymEnvironment - INFO - Retro-Bonus für Job J8: +15.0
2025-06-19 11:35:59,486 - JSPGymEnvironment - INFO - Material change on machine M3: Racebike_Tretlager_gefraest -> E-Bike_Bremsen_justiert, setup time: 21
2025-06-19 11:35:59,486 - JSPGymEnvironment - INFO - Executed operation: Job J5, Op 1, Machine M3, Start: 1400, End: 1456, Setup: 21
2025-06-19 11:35:59,487 - JSPGymEnvironment - INFO - 
===== REWARD DETAILS FOR STEP 25 =====
Job: J5, Operation: 1, Job Completed: False
Current Time: 1379.00 -> 1456.00, Setup Time: 21.00
Processing Time: 56.00, Idle Time: 0.00
Completed Jobs: 1/20
Machine: M3, Material: E-Bike_Bremsen_justiert

REWARD COMPONENTS:
- makespan_reward: -0.3850
- setup_reward: -5.2500
- deadline_reward: 0.0000
- priority_reward: 0.0000
- critical_job_reward: 0.5000
- placement_reward: 0.0000
- timeliness_reward: 8.9887
- machine_idle_penalty: -4.0625

TOTAL REWARD: -0.2088

CUMULATIVE REWARD COMPONENTS:
- makespan_reward: -7.2800
- setup_reward: -162.0000
- deadline_reward: 20.0000
- priority_reward: 32.0000
- critical_job_reward: 26.4825
- placement_reward: 0.0000
- timeliness_reward: 231.0954
- machine_idle_penalty: -92.9250

CUMULATIVE TOTAL: 47.3729

CRITICAL STATE INFO:
- Valid actions: ['J1', 'J2', 'J3', 'J4', 'J5', 'J6', 'J7', 'J9', 'J10', 'J11', 'J12', 'J13', 'J14', 'J15', 'J16', 'J17', 'J18', 'J19', 'J20']
- Machine states:
  - Machine M1: Time=1208.00, Idle=248.00, Material=E-Bike_Rahmen_nachbearbeitet
  - Machine M2: Time=1379.00, Idle=77.00, Material=E-Bike_Rahmen_lackiert
  - Machine M3: Time=1456.00, Idle=0.00, Material=E-Bike_Bremsen_justiert
==================================================

2025-06-19 11:35:59,496 - JSPGymEnvironment - INFO - Material change on machine M1: E-Bike_Rahmen_nachbearbeitet -> Mountainbike_Rahmen_komplettiert, setup time: 47
2025-06-19 11:35:59,496 - JSPGymEnvironment - INFO - Executed operation: Job J6, Op 4, Machine M1, Start: 1503, End: 1523, Setup: 47
2025-06-19 11:35:59,496 - JSPGymEnvironment - INFO - 
===== REWARD DETAILS FOR STEP 26 =====
Job: J6, Operation: 4, Job Completed: False
Current Time: 1456.00 -> 1523.00, Setup Time: 47.00
Processing Time: 20.00, Idle Time: 0.00
Completed Jobs: 1/20
Machine: M1, Material: Mountainbike_Rahmen_komplettiert

REWARD COMPONENTS:
- makespan_reward: -0.3350
- setup_reward: -11.7500
- deadline_reward: 0.0000
- priority_reward: 0.0000
- critical_job_reward: 0.0000
- placement_reward: 0.0000
- timeliness_reward: 8.8996
- machine_idle_penalty: -2.6375

TOTAL REWARD: -5.8229

CUMULATIVE REWARD COMPONENTS:
- makespan_reward: -7.6150
- setup_reward: -173.7500
- deadline_reward: 20.0000
- priority_reward: 32.0000
- critical_job_reward: 26.4825
- placement_reward: 0.0000
- timeliness_reward: 239.9950
- machine_idle_penalty: -95.5625

CUMULATIVE TOTAL: 41.5500

CRITICAL STATE INFO:
- Valid actions: ['J1', 'J2', 'J3', 'J4', 'J5', 'J6', 'J7', 'J9', 'J10', 'J11', 'J12', 'J13', 'J14', 'J15', 'J16', 'J17', 'J18', 'J19', 'J20']
- Machine states:
  - Machine M1: Time=1523.00, Idle=0.00, Material=Mountainbike_Rahmen_komplettiert
  - Machine M2: Time=1379.00, Idle=144.00, Material=E-Bike_Rahmen_lackiert
  - Machine M3: Time=1456.00, Idle=67.00, Material=E-Bike_Bremsen_justiert
==================================================

2025-06-19 11:35:59,505 - JSPGymEnvironment - INFO - Material change on machine M1: Mountainbike_Rahmen_komplettiert -> Mountainbike_Rahmen_nachbearbeitet, setup time: 40
2025-06-19 11:35:59,505 - JSPGymEnvironment - INFO - Executed operation: Job J3, Op 1, Machine M1, Start: 1563, End: 1604, Setup: 40
2025-06-19 11:35:59,505 - JSPGymEnvironment - INFO - 
===== REWARD DETAILS FOR STEP 27 =====
Job: J3, Operation: 1, Job Completed: False
Current Time: 1523.00 -> 1604.00, Setup Time: 40.00
Processing Time: 41.00, Idle Time: 0.00
Completed Jobs: 1/20
Machine: M1, Material: Mountainbike_Rahmen_nachbearbeitet

REWARD COMPONENTS:
- makespan_reward: -0.4050
- setup_reward: -10.0000
- deadline_reward: 0.0000
- priority_reward: 0.0000
- critical_job_reward: 0.0000
- placement_reward: 0.0000
- timeliness_reward: 8.7882
- machine_idle_penalty: -4.6625

TOTAL REWARD: -6.2793

CUMULATIVE REWARD COMPONENTS:
- makespan_reward: -8.0200
- setup_reward: -183.7500
- deadline_reward: 20.0000
- priority_reward: 32.0000
- critical_job_reward: 26.4825
- placement_reward: 0.0000
- timeliness_reward: 248.7832
- machine_idle_penalty: -100.2250

CUMULATIVE TOTAL: 35.2707

CRITICAL STATE INFO:
- Valid actions: ['J1', 'J2', 'J3', 'J4', 'J5', 'J6', 'J7', 'J9', 'J10', 'J11', 'J12', 'J13', 'J14', 'J15', 'J16', 'J17', 'J18', 'J19', 'J20']
- Machine states:
  - Machine M1: Time=1604.00, Idle=0.00, Material=Mountainbike_Rahmen_nachbearbeitet
  - Machine M2: Time=1379.00, Idle=225.00, Material=E-Bike_Rahmen_lackiert
  - Machine M3: Time=1456.00, Idle=148.00, Material=E-Bike_Bremsen_justiert
==================================================

2025-06-19 11:35:59,515 - JSPGymEnvironment - INFO - Material change on machine M2: E-Bike_Rahmen_lackiert -> Mountainbike_Tretlager_gefraest, setup time: 28
2025-06-19 11:35:59,515 - JSPGymEnvironment - INFO - Executed operation: Job J11, Op 0, Machine M2, Start: 1632, End: 1655, Setup: 28
2025-06-19 11:35:59,515 - JSPGymEnvironment - INFO - 
===== REWARD DETAILS FOR STEP 28 =====
Job: J11, Operation: 0, Job Completed: False
Current Time: 1604.00 -> 1655.00, Setup Time: 28.00
Processing Time: 23.00, Idle Time: 0.00
Completed Jobs: 1/20
Machine: M2, Material: Mountainbike_Tretlager_gefraest

REWARD COMPONENTS:
- makespan_reward: -0.2550
- setup_reward: -7.0000
- deadline_reward: 0.0000
- priority_reward: 0.0000
- critical_job_reward: 0.0000
- placement_reward: 0.0000
- timeliness_reward: 8.6772
- machine_idle_penalty: -3.1250

TOTAL REWARD: -1.7028

CUMULATIVE REWARD COMPONENTS:
- makespan_reward: -8.2750
- setup_reward: -190.7500
- deadline_reward: 20.0000
- priority_reward: 32.0000
- critical_job_reward: 26.4825
- placement_reward: 0.0000
- timeliness_reward: 257.4604
- machine_idle_penalty: -103.3500

CUMULATIVE TOTAL: 33.5679

CRITICAL STATE INFO:
- Valid actions: ['J1', 'J2', 'J3', 'J4', 'J5', 'J6', 'J7', 'J9', 'J10', 'J11', 'J12', 'J13', 'J14', 'J15', 'J16', 'J17', 'J18', 'J19', 'J20']
- Machine states:
  - Machine M1: Time=1604.00, Idle=51.00, Material=Mountainbike_Rahmen_nachbearbeitet
  - Machine M2: Time=1655.00, Idle=0.00, Material=Mountainbike_Tretlager_gefraest
  - Machine M3: Time=1456.00, Idle=199.00, Material=E-Bike_Bremsen_justiert
==================================================

2025-06-19 11:35:59,525 - JSPGymEnvironment - INFO - Material change on machine M2: Mountainbike_Tretlager_gefraest -> Mountainbike_Rahmen_komplettiert, setup time: 20
2025-06-19 11:35:59,525 - JSPGymEnvironment - INFO - Executed operation: Job J3, Op 2, Machine M2, Start: 1675, End: 1696, Setup: 20
2025-06-19 11:35:59,525 - JSPGymEnvironment - INFO - 
===== REWARD DETAILS FOR STEP 29 =====
Job: J3, Operation: 2, Job Completed: False
Current Time: 1655.00 -> 1696.00, Setup Time: 20.00
Processing Time: 21.00, Idle Time: 0.00
Completed Jobs: 1/20
Machine: M2, Material: Mountainbike_Rahmen_komplettiert

REWARD COMPONENTS:
- makespan_reward: -0.2050
- setup_reward: -5.0000
- deadline_reward: 0.0000
- priority_reward: 0.0000
- critical_job_reward: 0.0000
- placement_reward: 0.0000
- timeliness_reward: 8.6119
- machine_idle_penalty: -4.1500

TOTAL REWARD: -0.7431

CUMULATIVE REWARD COMPONENTS:
- makespan_reward: -8.4800
- setup_reward: -195.7500
- deadline_reward: 20.0000
- priority_reward: 32.0000
- critical_job_reward: 26.4825
- placement_reward: 0.0000
- timeliness_reward: 266.0723
- machine_idle_penalty: -107.5000

CUMULATIVE TOTAL: 32.8248

CRITICAL STATE INFO:
- Valid actions: ['J1', 'J2', 'J3', 'J4', 'J5', 'J6', 'J7', 'J9', 'J10', 'J11', 'J12', 'J13', 'J14', 'J15', 'J16', 'J17', 'J18', 'J19', 'J20']
- Machine states:
  - Machine M1: Time=1604.00, Idle=92.00, Material=Mountainbike_Rahmen_nachbearbeitet
  - Machine M2: Time=1696.00, Idle=0.00, Material=Mountainbike_Rahmen_komplettiert
  - Machine M3: Time=1456.00, Idle=240.00, Material=E-Bike_Bremsen_justiert
==================================================

2025-06-19 11:35:59,534 - JSPGymEnvironment - INFO - Material change on machine M1: Mountainbike_Rahmen_nachbearbeitet -> Mountainbike_Hauptrahmen_zugeschnitten, setup time: 40
2025-06-19 11:35:59,534 - JSPGymEnvironment - INFO - Executed operation: Job J6, Op 5, Machine M1, Start: 1736, End: 1775, Setup: 40
2025-06-19 11:35:59,534 - JSPGymEnvironment - INFO - Job J6 completed at time 1775, deadline: 2880, met: True, priority: 2
2025-06-19 11:35:59,534 - JSPGymEnvironment - INFO - 
===== REWARD DETAILS FOR STEP 30 =====
Job: J6, Operation: 5, Job Completed: True
Current Time: 1696.00 -> 1775.00, Setup Time: 40.00
Processing Time: 39.00, Idle Time: 0.00
Completed Jobs: 2/20
Machine: M1, Material: Mountainbike_Hauptrahmen_zugeschnitten
Job Deadline: 2880.00 (Met), Priority: 2

REWARD COMPONENTS:
- makespan_reward: -0.3950
- setup_reward: -10.0000
- deadline_reward: 20.0000
- priority_reward: 8.0000
- critical_job_reward: 0.0000
- placement_reward: 0.0000
- timeliness_reward: 8.4113
- machine_idle_penalty: -4.9750

TOTAL REWARD: 21.0413

CUMULATIVE REWARD COMPONENTS:
- makespan_reward: -8.8750
- setup_reward: -205.7500
- deadline_reward: 40.0000
- priority_reward: 40.0000
- critical_job_reward: 26.4825
- placement_reward: 0.0000
- timeliness_reward: 274.4836
- machine_idle_penalty: -112.4750

CUMULATIVE TOTAL: 53.8661

CRITICAL STATE INFO:
- Valid actions: ['J1', 'J2', 'J3', 'J4', 'J5', 'J7', 'J9', 'J10', 'J11', 'J12', 'J13', 'J14', 'J15', 'J16', 'J17', 'J18', 'J19', 'J20']
- Machine states:
  - Machine M1: Time=1775.00, Idle=0.00, Material=Mountainbike_Hauptrahmen_zugeschnitten
  - Machine M2: Time=1696.00, Idle=79.00, Material=Mountainbike_Rahmen_komplettiert
  - Machine M3: Time=1456.00, Idle=319.00, Material=E-Bike_Bremsen_justiert
==================================================

2025-06-19 11:35:59,534 - JSPGymEnvironment - INFO - Retro-Bonus für Job J6: +10.0
2025-06-19 11:35:59,543 - JSPGymEnvironment - INFO - Material change on machine M1: Mountainbike_Hauptrahmen_zugeschnitten -> Racebike_Rahmen_nachbearbeitet, setup time: 43
2025-06-19 11:35:59,543 - JSPGymEnvironment - INFO - Executed operation: Job J20, Op 0, Machine M1, Start: 1818, End: 1843, Setup: 43
2025-06-19 11:35:59,543 - JSPGymEnvironment - INFO - 
===== REWARD DETAILS FOR STEP 31 =====
Job: J20, Operation: 0, Job Completed: False
Current Time: 1775.00 -> 1843.00, Setup Time: 43.00
Processing Time: 25.00, Idle Time: 0.00
Completed Jobs: 2/20
Machine: M1, Material: Racebike_Rahmen_nachbearbeitet

REWARD COMPONENTS:
- makespan_reward: -0.3400
- setup_reward: -10.7500
- deadline_reward: 0.0000
- priority_reward: 0.0000
- critical_job_reward: 0.5000
- placement_reward: 0.0000
- timeliness_reward: 8.2410
- machine_idle_penalty: -6.6750

TOTAL REWARD: -9.0240

CUMULATIVE REWARD COMPONENTS:
- makespan_reward: -9.2150
- setup_reward: -216.5000
- deadline_reward: 40.0000
- priority_reward: 40.0000
- critical_job_reward: 26.9825
- placement_reward: 0.0000
- timeliness_reward: 282.7245
- machine_idle_penalty: -119.1500

CUMULATIVE TOTAL: 44.8421

CRITICAL STATE INFO:
- Valid actions: ['J1', 'J2', 'J3', 'J4', 'J5', 'J7', 'J9', 'J10', 'J11', 'J12', 'J13', 'J14', 'J15', 'J16', 'J17', 'J18', 'J19', 'J20']
- Machine states:
  - Machine M1: Time=1843.00, Idle=0.00, Material=Racebike_Rahmen_nachbearbeitet
  - Machine M2: Time=1696.00, Idle=147.00, Material=Mountainbike_Rahmen_komplettiert
  - Machine M3: Time=1456.00, Idle=387.00, Material=E-Bike_Bremsen_justiert
==================================================

2025-06-19 11:35:59,553 - JSPGymEnvironment - INFO - Material change on machine M1: Racebike_Rahmen_nachbearbeitet -> Racebike_Steuerrohr_ausgerieben, setup time: 40
2025-06-19 11:35:59,553 - JSPGymEnvironment - INFO - Executed operation: Job J20, Op 1, Machine M1, Start: 1883, End: 1913, Setup: 40
2025-06-19 11:35:59,553 - JSPGymEnvironment - INFO - 
===== REWARD DETAILS FOR STEP 32 =====
Job: J20, Operation: 1, Job Completed: False
Current Time: 1843.00 -> 1913.00, Setup Time: 40.00
Processing Time: 30.00, Idle Time: 0.00
Completed Jobs: 2/20
Machine: M1, Material: Racebike_Steuerrohr_ausgerieben

REWARD COMPONENTS:
- makespan_reward: -0.3500
- setup_reward: -10.0000
- deadline_reward: 0.0000
- priority_reward: 0.0000
- critical_job_reward: 0.5000
- placement_reward: 0.0000
- timeliness_reward: 8.0289
- machine_idle_penalty: -8.4250

TOTAL REWARD: -10.2461

CUMULATIVE REWARD COMPONENTS:
- makespan_reward: -9.5650
- setup_reward: -226.5000
- deadline_reward: 40.0000
- priority_reward: 40.0000
- critical_job_reward: 27.4825
- placement_reward: 0.0000
- timeliness_reward: 290.7535
- machine_idle_penalty: -127.5750

CUMULATIVE TOTAL: 34.5960

CRITICAL STATE INFO:
- Valid actions: ['J1', 'J2', 'J3', 'J4', 'J5', 'J7', 'J9', 'J10', 'J11', 'J12', 'J13', 'J14', 'J15', 'J16', 'J17', 'J18', 'J19', 'J20']
- Machine states:
  - Machine M1: Time=1913.00, Idle=0.00, Material=Racebike_Steuerrohr_ausgerieben
  - Machine M2: Time=1696.00, Idle=217.00, Material=Mountainbike_Rahmen_komplettiert
  - Machine M3: Time=1456.00, Idle=457.00, Material=E-Bike_Bremsen_justiert
==================================================

2025-06-19 11:35:59,562 - JSPGymEnvironment - INFO - Material change on machine M2: Mountainbike_Rahmen_komplettiert -> Citybike_Antrieb_installiert, setup time: 19
2025-06-19 11:35:59,562 - JSPGymEnvironment - INFO - Executed operation: Job J14, Op 3, Machine M2, Start: 1932, End: 1946, Setup: 19
2025-06-19 11:35:59,562 - JSPGymEnvironment - INFO - 
===== REWARD DETAILS FOR STEP 33 =====
Job: J14, Operation: 3, Job Completed: False
Current Time: 1913.00 -> 1946.00, Setup Time: 19.00
Processing Time: 14.00, Idle Time: 0.00
Completed Jobs: 2/20
Machine: M2, Material: Citybike_Antrieb_installiert

REWARD COMPONENTS:
- makespan_reward: -0.1650
- setup_reward: -4.7500
- deadline_reward: 0.0000
- priority_reward: 0.0000
- critical_job_reward: 0.0000
- placement_reward: 0.0000
- timeliness_reward: 7.9314
- machine_idle_penalty: -6.5375

TOTAL REWARD: -3.5211

CUMULATIVE REWARD COMPONENTS:
- makespan_reward: -9.7300
- setup_reward: -231.2500
- deadline_reward: 40.0000
- priority_reward: 40.0000
- critical_job_reward: 27.4825
- placement_reward: 0.0000
- timeliness_reward: 298.6849
- machine_idle_penalty: -134.1125

CUMULATIVE TOTAL: 31.0750

CRITICAL STATE INFO:
- Valid actions: ['J1', 'J2', 'J3', 'J4', 'J5', 'J7', 'J9', 'J10', 'J11', 'J12', 'J13', 'J14', 'J15', 'J16', 'J17', 'J18', 'J19', 'J20']
- Machine states:
  - Machine M1: Time=1913.00, Idle=33.00, Material=Racebike_Steuerrohr_ausgerieben
  - Machine M2: Time=1946.00, Idle=0.00, Material=Citybike_Antrieb_installiert
  - Machine M3: Time=1456.00, Idle=490.00, Material=E-Bike_Bremsen_justiert
==================================================

2025-06-19 11:35:59,571 - JSPGymEnvironment - INFO - Material change on machine M2: Citybike_Antrieb_installiert -> Citybike_Fahrrad_endmontiert, setup time: 20
2025-06-19 11:35:59,571 - JSPGymEnvironment - INFO - Executed operation: Job J15, Op 0, Machine M2, Start: 1966, End: 1982, Setup: 20
2025-06-19 11:35:59,571 - JSPGymEnvironment - INFO - 
===== REWARD DETAILS FOR STEP 34 =====
Job: J15, Operation: 0, Job Completed: False
Current Time: 1946.00 -> 1982.00, Setup Time: 20.00
Processing Time: 16.00, Idle Time: 0.00
Completed Jobs: 2/20
Machine: M2, Material: Citybike_Fahrrad_endmontiert

REWARD COMPONENTS:
- makespan_reward: -0.1800
- setup_reward: -5.0000
- deadline_reward: 0.0000
- priority_reward: 0.0000
- critical_job_reward: 0.0000
- placement_reward: 0.0000
- timeliness_reward: 7.7925
- machine_idle_penalty: -7.4375

TOTAL REWARD: -4.8250

CUMULATIVE REWARD COMPONENTS:
- makespan_reward: -9.9100
- setup_reward: -236.2500
- deadline_reward: 40.0000
- priority_reward: 40.0000
- critical_job_reward: 27.4825
- placement_reward: 0.0000
- timeliness_reward: 306.4774
- machine_idle_penalty: -141.5500

CUMULATIVE TOTAL: 26.2500

CRITICAL STATE INFO:
- Valid actions: ['J1', 'J2', 'J3', 'J4', 'J5', 'J7', 'J9', 'J10', 'J11', 'J12', 'J13', 'J14', 'J15', 'J16', 'J17', 'J18', 'J19', 'J20']
- Machine states:
  - Machine M1: Time=1913.00, Idle=69.00, Material=Racebike_Steuerrohr_ausgerieben
  - Machine M2: Time=1982.00, Idle=0.00, Material=Citybike_Fahrrad_endmontiert
  - Machine M3: Time=1456.00, Idle=526.00, Material=E-Bike_Bremsen_justiert
==================================================

2025-06-19 11:35:59,580 - JSPGymEnvironment - INFO - Material change on machine M2: Citybike_Fahrrad_endmontiert -> Citybike_Schaltauge_bearbeitet, setup time: 20
2025-06-19 11:35:59,580 - JSPGymEnvironment - INFO - Executed operation: Job J14, Op 4, Machine M2, Start: 2002, End: 2027, Setup: 20
2025-06-19 11:35:59,580 - JSPGymEnvironment - INFO - 
===== REWARD DETAILS FOR STEP 35 =====
Job: J14, Operation: 4, Job Completed: False
Current Time: 1982.00 -> 2027.00, Setup Time: 20.00
Processing Time: 25.00, Idle Time: 0.00
Completed Jobs: 2/20
Machine: M2, Material: Citybike_Schaltauge_bearbeitet

REWARD COMPONENTS:
- makespan_reward: -0.2250
- setup_reward: -5.0000
- deadline_reward: 0.0000
- priority_reward: 0.0000
- critical_job_reward: 0.0000
- placement_reward: 0.0000
- timeliness_reward: 7.6355
- machine_idle_penalty: -8.5625

TOTAL REWARD: -6.1520

CUMULATIVE REWARD COMPONENTS:
- makespan_reward: -10.1350
- setup_reward: -241.2500
- deadline_reward: 40.0000
- priority_reward: 40.0000
- critical_job_reward: 27.4825
- placement_reward: 0.0000
- timeliness_reward: 314.1130
- machine_idle_penalty: -150.1125

CUMULATIVE TOTAL: 20.0980

CRITICAL STATE INFO:
- Valid actions: ['J1', 'J2', 'J3', 'J4', 'J5', 'J7', 'J9', 'J10', 'J11', 'J12', 'J13', 'J14', 'J15', 'J16', 'J17', 'J18', 'J19', 'J20']
- Machine states:
  - Machine M1: Time=1913.00, Idle=114.00, Material=Racebike_Steuerrohr_ausgerieben
  - Machine M2: Time=2027.00, Idle=0.00, Material=Citybike_Schaltauge_bearbeitet
  - Machine M3: Time=1456.00, Idle=571.00, Material=E-Bike_Bremsen_justiert
==================================================

2025-06-19 11:35:59,589 - JSPGymEnvironment - INFO - Material change on machine M3: E-Bike_Bremsen_justiert -> Racebike_Tretlageraufnahme_geschweisst, setup time: 22
2025-06-19 11:35:59,589 - JSPGymEnvironment - INFO - Executed operation: Job J20, Op 2, Machine M3, Start: 2049, End: 2098, Setup: 22
2025-06-19 11:35:59,589 - JSPGymEnvironment - INFO - 
===== REWARD DETAILS FOR STEP 36 =====
Job: J20, Operation: 2, Job Completed: False
Current Time: 2027.00 -> 2098.00, Setup Time: 22.00
Processing Time: 49.00, Idle Time: 0.00
Completed Jobs: 2/20
Machine: M3, Material: Racebike_Tretlageraufnahme_geschweisst

REWARD COMPONENTS:
- makespan_reward: -0.3550
- setup_reward: -5.5000
- deadline_reward: 0.0000
- priority_reward: 0.0000
- critical_job_reward: 0.5000
- placement_reward: 0.0000
- timeliness_reward: 7.3297
- machine_idle_penalty: -3.2000

TOTAL REWARD: -1.2253

CUMULATIVE REWARD COMPONENTS:
- makespan_reward: -10.4900
- setup_reward: -246.7500
- deadline_reward: 40.0000
- priority_reward: 40.0000
- critical_job_reward: 27.9825
- placement_reward: 0.0000
- timeliness_reward: 321.4427
- machine_idle_penalty: -153.3125

CUMULATIVE TOTAL: 18.8727

CRITICAL STATE INFO:
- Valid actions: ['J1', 'J2', 'J3', 'J4', 'J5', 'J7', 'J9', 'J10', 'J11', 'J12', 'J13', 'J14', 'J15', 'J16', 'J17', 'J18', 'J19', 'J20']
- Machine states:
  - Machine M1: Time=1913.00, Idle=185.00, Material=Racebike_Steuerrohr_ausgerieben
  - Machine M2: Time=2027.00, Idle=71.00, Material=Citybike_Schaltauge_bearbeitet
  - Machine M3: Time=2098.00, Idle=0.00, Material=Racebike_Tretlageraufnahme_geschweisst
==================================================

2025-06-19 11:35:59,598 - JSPGymEnvironment - INFO - Material change on machine M1: Racebike_Steuerrohr_ausgerieben -> Mountainbike_Rahmen_lackiert, setup time: 37
2025-06-19 11:35:59,598 - JSPGymEnvironment - INFO - Executed operation: Job J3, Op 3, Machine M1, Start: 2135, End: 2156, Setup: 37
2025-06-19 11:35:59,598 - JSPGymEnvironment - INFO - 
===== REWARD DETAILS FOR STEP 37 =====
Job: J3, Operation: 3, Job Completed: False
Current Time: 2098.00 -> 2156.00, Setup Time: 37.00
Processing Time: 21.00, Idle Time: 0.00
Completed Jobs: 2/20
Machine: M1, Material: Mountainbike_Rahmen_lackiert

REWARD COMPONENTS:
- makespan_reward: -0.2900
- setup_reward: -9.2500
- deadline_reward: 0.0000
- priority_reward: 0.0000
- critical_job_reward: 0.0000
- placement_reward: 0.0000
- timeliness_reward: 7.0763
- machine_idle_penalty: -2.3375

TOTAL REWARD: -4.8012

CUMULATIVE REWARD COMPONENTS:
- makespan_reward: -10.7800
- setup_reward: -256.0000
- deadline_reward: 40.0000
- priority_reward: 40.0000
- critical_job_reward: 27.9825
- placement_reward: 0.0000
- timeliness_reward: 328.5190
- machine_idle_penalty: -155.6500

CUMULATIVE TOTAL: 14.0715

CRITICAL STATE INFO:
- Valid actions: ['J1', 'J2', 'J3', 'J4', 'J5', 'J7', 'J9', 'J10', 'J11', 'J12', 'J13', 'J14', 'J15', 'J16', 'J17', 'J18', 'J19', 'J20']
- Machine states:
  - Machine M1: Time=2156.00, Idle=0.00, Material=Mountainbike_Rahmen_lackiert
  - Machine M2: Time=2027.00, Idle=129.00, Material=Citybike_Schaltauge_bearbeitet
  - Machine M3: Time=2098.00, Idle=58.00, Material=Racebike_Tretlageraufnahme_geschweisst
==================================================

2025-06-19 11:35:59,607 - JSPGymEnvironment - INFO - Material change on machine M3: Racebike_Tretlageraufnahme_geschweisst -> Citybike_Bremsaufnahme_gebohrt, setup time: 12
2025-06-19 11:35:59,607 - JSPGymEnvironment - INFO - Executed operation: Job J14, Op 5, Machine M3, Start: 2168, End: 2197, Setup: 12
2025-06-19 11:35:59,607 - JSPGymEnvironment - INFO - 
===== REWARD DETAILS FOR STEP 38 =====
Job: J14, Operation: 5, Job Completed: False
Current Time: 2156.00 -> 2197.00, Setup Time: 12.00
Processing Time: 29.00, Idle Time: 0.00
Completed Jobs: 2/20
Machine: M3, Material: Citybike_Bremsaufnahme_gebohrt

REWARD COMPONENTS:
- makespan_reward: -0.2050
- setup_reward: -3.0000
- deadline_reward: 0.0000
- priority_reward: 0.0000
- critical_job_reward: 0.0000
- placement_reward: 0.0000
- timeliness_reward: 6.8805
- machine_idle_penalty: -2.6375

TOTAL REWARD: 1.0380

CUMULATIVE REWARD COMPONENTS:
- makespan_reward: -10.9850
- setup_reward: -259.0000
- deadline_reward: 40.0000
- priority_reward: 40.0000
- critical_job_reward: 27.9825
- placement_reward: 0.0000
- timeliness_reward: 335.3994
- machine_idle_penalty: -158.2875

CUMULATIVE TOTAL: 15.1095

CRITICAL STATE INFO:
- Valid actions: ['J1', 'J2', 'J3', 'J4', 'J5', 'J7', 'J9', 'J10', 'J11', 'J12', 'J13', 'J14', 'J15', 'J16', 'J17', 'J18', 'J19', 'J20']
- Machine states:
  - Machine M1: Time=2156.00, Idle=41.00, Material=Mountainbike_Rahmen_lackiert
  - Machine M2: Time=2027.00, Idle=170.00, Material=Citybike_Schaltauge_bearbeitet
  - Machine M3: Time=2197.00, Idle=0.00, Material=Citybike_Bremsaufnahme_gebohrt
==================================================

2025-06-19 11:35:59,616 - JSPGymEnvironment - INFO - Material change on machine M3: Citybike_Bremsaufnahme_gebohrt -> E-Bike_Fahrrad_endmontiert, setup time: 25
2025-06-19 11:35:59,616 - JSPGymEnvironment - INFO - Executed operation: Job J1, Op 0, Machine M3, Start: 2222, End: 2247, Setup: 25
2025-06-19 11:35:59,616 - JSPGymEnvironment - INFO - 
===== REWARD DETAILS FOR STEP 39 =====
Job: J1, Operation: 0, Job Completed: False
Current Time: 2197.00 -> 2247.00, Setup Time: 25.00
Processing Time: 25.00, Idle Time: 0.00
Completed Jobs: 2/20
Machine: M3, Material: E-Bike_Fahrrad_endmontiert

REWARD COMPONENTS:
- makespan_reward: -0.2500
- setup_reward: -6.2500
- deadline_reward: 0.0000
- priority_reward: 0.0000
- critical_job_reward: 0.0000
- placement_reward: 0.0000
- timeliness_reward: 6.5956
- machine_idle_penalty: -3.8875

TOTAL REWARD: -3.7919

CUMULATIVE REWARD COMPONENTS:
- makespan_reward: -11.2350
- setup_reward: -265.2500
- deadline_reward: 40.0000
- priority_reward: 40.0000
- critical_job_reward: 27.9825
- placement_reward: 0.0000
- timeliness_reward: 341.9951
- machine_idle_penalty: -162.1750

CUMULATIVE TOTAL: 11.3176

CRITICAL STATE INFO:
- Valid actions: ['J1', 'J2', 'J3', 'J4', 'J5', 'J7', 'J9', 'J10', 'J11', 'J12', 'J13', 'J14', 'J15', 'J16', 'J17', 'J18', 'J19', 'J20']
- Machine states:
  - Machine M1: Time=2156.00, Idle=91.00, Material=Mountainbike_Rahmen_lackiert
  - Machine M2: Time=2027.00, Idle=220.00, Material=Citybike_Schaltauge_bearbeitet
  - Machine M3: Time=2247.00, Idle=0.00, Material=E-Bike_Fahrrad_endmontiert
==================================================

2025-06-19 11:35:59,625 - JSPGymEnvironment - INFO - Material change on machine M2: Citybike_Schaltauge_bearbeitet -> Mountainbike_Bremsen_justiert, setup time: 22
2025-06-19 11:35:59,625 - JSPGymEnvironment - INFO - Executed operation: Job J3, Op 4, Machine M2, Start: 2269, End: 2291, Setup: 22
2025-06-19 11:35:59,625 - JSPGymEnvironment - INFO - 
===== REWARD DETAILS FOR STEP 40 =====
Job: J3, Operation: 4, Job Completed: False
Current Time: 2247.00 -> 2291.00, Setup Time: 22.00
Processing Time: 22.00, Idle Time: 0.00
Completed Jobs: 2/20
Machine: M2, Material: Mountainbike_Bremsen_justiert

REWARD COMPONENTS:
- makespan_reward: -0.2200
- setup_reward: -5.5000
- deadline_reward: 0.0000
- priority_reward: 0.0000
- critical_job_reward: 0.0000
- placement_reward: 0.0000
- timeliness_reward: 6.3800
- machine_idle_penalty: -2.2375

TOTAL REWARD: -1.5775

CUMULATIVE REWARD COMPONENTS:
- makespan_reward: -11.4550
- setup_reward: -270.7500
- deadline_reward: 40.0000
- priority_reward: 40.0000
- critical_job_reward: 27.9825
- placement_reward: 0.0000
- timeliness_reward: 348.3751
- machine_idle_penalty: -164.4125

CUMULATIVE TOTAL: 9.7401

CRITICAL STATE INFO:
- Valid actions: ['J1', 'J2', 'J3', 'J4', 'J5', 'J7', 'J9', 'J10', 'J11', 'J12', 'J13', 'J14', 'J15', 'J16', 'J17', 'J18', 'J19', 'J20']
- Machine states:
  - Machine M1: Time=2156.00, Idle=135.00, Material=Mountainbike_Rahmen_lackiert
  - Machine M2: Time=2291.00, Idle=0.00, Material=Mountainbike_Bremsen_justiert
  - Machine M3: Time=2247.00, Idle=44.00, Material=E-Bike_Fahrrad_endmontiert
==================================================

2025-06-19 11:35:59,635 - JSPGymEnvironment - INFO - Material change on machine M2: Mountainbike_Bremsen_justiert -> Racebike_Rahmen_komplettiert, setup time: 16
2025-06-19 11:35:59,635 - JSPGymEnvironment - INFO - Executed operation: Job J10, Op 4, Machine M2, Start: 2307, End: 2335, Setup: 16
2025-06-19 11:35:59,635 - JSPGymEnvironment - INFO - Job J10 completed at time 2335, deadline: 2880, met: True, priority: 10
2025-06-19 11:35:59,635 - JSPGymEnvironment - INFO - 
===== REWARD DETAILS FOR STEP 41 =====
Job: J10, Operation: 4, Job Completed: True
Current Time: 2291.00 -> 2335.00, Setup Time: 16.00
Processing Time: 28.00, Idle Time: 0.00
Completed Jobs: 3/20
Machine: M2, Material: Racebike_Rahmen_komplettiert
Job Deadline: 2880.00 (Met), Priority: 10

REWARD COMPONENTS:
- makespan_reward: -0.2200
- setup_reward: -4.0000
- deadline_reward: 20.0000
- priority_reward: 40.0000
- critical_job_reward: 14.7708
- placement_reward: 0.0000
- timeliness_reward: 6.0789
- machine_idle_penalty: -3.3375

TOTAL REWARD: 73.2922

CUMULATIVE REWARD COMPONENTS:
- makespan_reward: -11.6750
- setup_reward: -274.7500
- deadline_reward: 60.0000
- priority_reward: 80.0000
- critical_job_reward: 42.7534
- placement_reward: 0.0000
- timeliness_reward: 354.4540
- machine_idle_penalty: -167.7500

CUMULATIVE TOTAL: 83.0324

CRITICAL STATE INFO:
- Valid actions: ['J1', 'J2', 'J3', 'J4', 'J5', 'J7', 'J9', 'J11', 'J12', 'J13', 'J14', 'J15', 'J16', 'J17', 'J18', 'J19', 'J20']
- Machine states:
  - Machine M1: Time=2156.00, Idle=179.00, Material=Mountainbike_Rahmen_lackiert
  - Machine M2: Time=2335.00, Idle=0.00, Material=Racebike_Rahmen_komplettiert
  - Machine M3: Time=2247.00, Idle=88.00, Material=E-Bike_Fahrrad_endmontiert
==================================================

2025-06-19 11:35:59,635 - JSPGymEnvironment - INFO - Retro-Bonus für Job J10: +15.0
2025-06-19 11:35:59,644 - JSPGymEnvironment - INFO - Material change on machine M3: E-Bike_Fahrrad_endmontiert -> Racebike_Bremsaufnahme_gebohrt, setup time: 22
2025-06-19 11:35:59,644 - JSPGymEnvironment - INFO - Executed operation: Job J20, Op 3, Machine M3, Start: 2357, End: 2405, Setup: 22
2025-06-19 11:35:59,644 - JSPGymEnvironment - INFO - 
===== REWARD DETAILS FOR STEP 42 =====
Job: J20, Operation: 3, Job Completed: False
Current Time: 2335.00 -> 2405.00, Setup Time: 22.00
Processing Time: 48.00, Idle Time: 0.00
Completed Jobs: 3/20
Machine: M3, Material: Racebike_Bremsaufnahme_gebohrt

REWARD COMPONENTS:
- makespan_reward: -0.3500
- setup_reward: -5.5000
- deadline_reward: 0.0000
- priority_reward: 0.0000
- critical_job_reward: 0.5000
- placement_reward: 0.0000
- timeliness_reward: 5.6491
- machine_idle_penalty: -3.9875

TOTAL REWARD: -3.6884

CUMULATIVE REWARD COMPONENTS:
- makespan_reward: -12.0250
- setup_reward: -280.2500
- deadline_reward: 60.0000
- priority_reward: 80.0000
- critical_job_reward: 43.2534
- placement_reward: 0.0000
- timeliness_reward: 360.1031
- machine_idle_penalty: -171.7375

CUMULATIVE TOTAL: 79.3440

CRITICAL STATE INFO:
- Valid actions: ['J1', 'J2', 'J3', 'J4', 'J5', 'J7', 'J9', 'J11', 'J12', 'J13', 'J14', 'J15', 'J16', 'J17', 'J18', 'J19', 'J20']
- Machine states:
  - Machine M1: Time=2156.00, Idle=249.00, Material=Mountainbike_Rahmen_lackiert
  - Machine M2: Time=2335.00, Idle=70.00, Material=Racebike_Rahmen_komplettiert
  - Machine M3: Time=2405.00, Idle=0.00, Material=Racebike_Bremsaufnahme_gebohrt
==================================================

2025-06-19 11:35:59,652 - JSPGymEnvironment - INFO - Material change on machine M3: Racebike_Bremsaufnahme_gebohrt -> Mountainbike_Bremsaufnahme_gebohrt, setup time: 18
2025-06-19 11:35:59,652 - JSPGymEnvironment - INFO - Executed operation: Job J3, Op 5, Machine M3, Start: 2423, End: 2481, Setup: 18
2025-06-19 11:35:59,652 - JSPGymEnvironment - INFO - Job J3 completed at time 2481, deadline: 2808, met: True, priority: 7
2025-06-19 11:35:59,653 - JSPGymEnvironment - INFO - 
===== REWARD DETAILS FOR STEP 43 =====
Job: J3, Operation: 5, Job Completed: True
Current Time: 2405.00 -> 2481.00, Setup Time: 18.00
Processing Time: 58.00, Idle Time: 0.00
Completed Jobs: 4/20
Machine: M3, Material: Mountainbike_Bremsaufnahme_gebohrt
Job Deadline: 2808.00 (Met), Priority: 7

REWARD COMPONENTS:
- makespan_reward: -0.3800
- setup_reward: -4.5000
- deadline_reward: 20.0000
- priority_reward: 28.0000
- critical_job_reward: 0.0000
- placement_reward: 0.0000
- timeliness_reward: 5.1495
- machine_idle_penalty: -5.8875

TOTAL REWARD: 42.3820

CUMULATIVE REWARD COMPONENTS:
- makespan_reward: -12.4050
- setup_reward: -284.7500
- deadline_reward: 80.0000
- priority_reward: 108.0000
- critical_job_reward: 43.2534
- placement_reward: 0.0000
- timeliness_reward: 365.2526
- machine_idle_penalty: -177.6250

CUMULATIVE TOTAL: 121.7260

CRITICAL STATE INFO:
- Valid actions: ['J1', 'J2', 'J4', 'J5', 'J7', 'J9', 'J11', 'J12', 'J13', 'J14', 'J15', 'J16', 'J17', 'J18', 'J19', 'J20']
- Machine states:
  - Machine M1: Time=2156.00, Idle=325.00, Material=Mountainbike_Rahmen_lackiert
  - Machine M2: Time=2335.00, Idle=146.00, Material=Racebike_Rahmen_komplettiert
  - Machine M3: Time=2481.00, Idle=0.00, Material=Mountainbike_Bremsaufnahme_gebohrt
==================================================

2025-06-19 11:35:59,653 - JSPGymEnvironment - INFO - Retro-Bonus für Job J3: +10.0
2025-06-19 11:35:59,661 - JSPGymEnvironment - INFO - Material change on machine M3: Mountainbike_Bremsaufnahme_gebohrt -> Citybike_Tretlager_gefraest, setup time: 12
2025-06-19 11:35:59,661 - JSPGymEnvironment - INFO - Executed operation: Job J14, Op 6, Machine M3, Start: 2493, End: 2544, Setup: 12
2025-06-19 11:35:59,661 - JSPGymEnvironment - INFO - 
===== REWARD DETAILS FOR STEP 44 =====
Job: J14, Operation: 6, Job Completed: False
Current Time: 2481.00 -> 2544.00, Setup Time: 12.00
Processing Time: 51.00, Idle Time: 0.00
Completed Jobs: 4/20
Machine: M3, Material: Citybike_Tretlager_gefraest

REWARD COMPONENTS:
- makespan_reward: -0.3150
- setup_reward: -3.0000
- deadline_reward: 0.0000
- priority_reward: 0.0000
- critical_job_reward: 0.0000
- placement_reward: 0.0000
- timeliness_reward: 4.6810
- machine_idle_penalty: -7.4625

TOTAL REWARD: -6.0965

CUMULATIVE REWARD COMPONENTS:
- makespan_reward: -12.7200
- setup_reward: -287.7500
- deadline_reward: 80.0000
- priority_reward: 108.0000
- critical_job_reward: 43.2534
- placement_reward: 0.0000
- timeliness_reward: 369.9337
- machine_idle_penalty: -185.0875

CUMULATIVE TOTAL: 115.6295

CRITICAL STATE INFO:
- Valid actions: ['J1', 'J2', 'J4', 'J5', 'J7', 'J9', 'J11', 'J12', 'J13', 'J14', 'J15', 'J16', 'J17', 'J18', 'J19', 'J20']
- Machine states:
  - Machine M1: Time=2156.00, Idle=388.00, Material=Mountainbike_Rahmen_lackiert
  - Machine M2: Time=2335.00, Idle=209.00, Material=Racebike_Rahmen_komplettiert
  - Machine M3: Time=2544.00, Idle=0.00, Material=Citybike_Tretlager_gefraest
==================================================

2025-06-19 11:35:59,671 - JSPGymEnvironment - INFO - Material change on machine M3: Citybike_Tretlager_gefraest -> Citybike_Schaltauge_bearbeitet, setup time: 15
2025-06-19 11:35:59,671 - JSPGymEnvironment - INFO - Executed operation: Job J19, Op 0, Machine M3, Start: 2559, End: 2600, Setup: 15
2025-06-19 11:35:59,671 - JSPGymEnvironment - INFO - 
===== REWARD DETAILS FOR STEP 45 =====
Job: J19, Operation: 0, Job Completed: False
Current Time: 2544.00 -> 2600.00, Setup Time: 15.00
Processing Time: 41.00, Idle Time: 0.00
Completed Jobs: 4/20
Machine: M3, Material: Citybike_Schaltauge_bearbeitet

REWARD COMPONENTS:
- makespan_reward: -0.2800
- setup_reward: -3.7500
- deadline_reward: 0.0000
- priority_reward: 0.0000
- critical_job_reward: 0.0000
- placement_reward: 0.0000
- timeliness_reward: 4.2051
- machine_idle_penalty: -8.8625

TOTAL REWARD: -8.6874

CUMULATIVE REWARD COMPONENTS:
- makespan_reward: -13.0000
- setup_reward: -291.5000
- deadline_reward: 80.0000
- priority_reward: 108.0000
- critical_job_reward: 43.2534
- placement_reward: 0.0000
- timeliness_reward: 374.1387
- machine_idle_penalty: -193.9500

CUMULATIVE TOTAL: 106.9421

CRITICAL STATE INFO:
- Valid actions: ['J1', 'J2', 'J4', 'J5', 'J7', 'J9', 'J11', 'J12', 'J13', 'J14', 'J15', 'J16', 'J17', 'J18', 'J19', 'J20']
- Machine states:
  - Machine M1: Time=2156.00, Idle=444.00, Material=Mountainbike_Rahmen_lackiert
  - Machine M2: Time=2335.00, Idle=265.00, Material=Racebike_Rahmen_komplettiert
  - Machine M3: Time=2600.00, Idle=0.00, Material=Citybike_Schaltauge_bearbeitet
==================================================

2025-06-19 11:35:59,680 - JSPGymEnvironment - INFO - Executed operation: Job J11, Op 1, Machine M1, Start: 2625, End: 2649, Setup: 25
2025-06-19 11:35:59,680 - JSPGymEnvironment - INFO - 
===== REWARD DETAILS FOR STEP 46 =====
Job: J11, Operation: 1, Job Completed: False
Current Time: 2600.00 -> 2649.00, Setup Time: 25.00
Processing Time: 24.00, Idle Time: 0.00
Completed Jobs: 4/20
Machine: M1, Material: Mountainbike_Rahmen_lackiert

REWARD COMPONENTS:
- makespan_reward: -0.2450
- setup_reward: -6.2500
- deadline_reward: 0.0000
- priority_reward: 0.0000
- critical_job_reward: 0.0000
- placement_reward: 0.0000
- timeliness_reward: 3.8295
- machine_idle_penalty: -4.5375

TOTAL REWARD: -7.2030

CUMULATIVE REWARD COMPONENTS:
- makespan_reward: -13.2450
- setup_reward: -297.7500
- deadline_reward: 80.0000
- priority_reward: 108.0000
- critical_job_reward: 43.2534
- placement_reward: 0.0000
- timeliness_reward: 377.9682
- machine_idle_penalty: -198.4875

CUMULATIVE TOTAL: 99.7391

CRITICAL STATE INFO:
- Valid actions: ['J1', 'J2', 'J4', 'J5', 'J7', 'J9', 'J11', 'J12', 'J13', 'J14', 'J15', 'J16', 'J17', 'J18', 'J19', 'J20']
- Machine states:
  - Machine M1: Time=2649.00, Idle=0.00, Material=Mountainbike_Rahmen_lackiert
  - Machine M2: Time=2335.00, Idle=314.00, Material=Racebike_Rahmen_komplettiert
  - Machine M3: Time=2600.00, Idle=49.00, Material=Citybike_Schaltauge_bearbeitet
==================================================

2025-06-19 11:35:59,689 - JSPGymEnvironment - INFO - Material change on machine M1: Mountainbike_Rahmen_lackiert -> Citybike_Bremsen_justiert, setup time: 45
2025-06-19 11:35:59,689 - JSPGymEnvironment - INFO - Executed operation: Job J14, Op 7, Machine M1, Start: 2694, End: 2729, Setup: 45
2025-06-19 11:35:59,689 - JSPGymEnvironment - INFO - Job J14 completed at time 2729, deadline: 2798, met: True, priority: 4
2025-06-19 11:35:59,690 - JSPGymEnvironment - INFO - 
===== REWARD DETAILS FOR STEP 47 =====
Job: J14, Operation: 7, Job Completed: True
Current Time: 2649.00 -> 2729.00, Setup Time: 45.00
Processing Time: 35.00, Idle Time: 0.00
Completed Jobs: 5/20
Machine: M1, Material: Citybike_Bremsen_justiert
Job Deadline: 2798.00 (Met), Priority: 4

REWARD COMPONENTS:
- makespan_reward: -0.4000
- setup_reward: -11.2500
- deadline_reward: 20.0000
- priority_reward: 16.0000
- critical_job_reward: 0.0000
- placement_reward: 0.0000
- timeliness_reward: 3.2385
- machine_idle_penalty: -6.5375

TOTAL REWARD: 21.0510

CUMULATIVE REWARD COMPONENTS:
- makespan_reward: -13.6450
- setup_reward: -309.0000
- deadline_reward: 100.0000
- priority_reward: 124.0000
- critical_job_reward: 43.2534
- placement_reward: 0.0000
- timeliness_reward: 381.2068
- machine_idle_penalty: -205.0250

CUMULATIVE TOTAL: 120.7901

CRITICAL STATE INFO:
- Valid actions: ['J1', 'J2', 'J4', 'J5', 'J7', 'J9', 'J11', 'J12', 'J13', 'J15', 'J16', 'J17', 'J18', 'J19', 'J20']
- Machine states:
  - Machine M1: Time=2729.00, Idle=0.00, Material=Citybike_Bremsen_justiert
  - Machine M2: Time=2335.00, Idle=394.00, Material=Racebike_Rahmen_komplettiert
  - Machine M3: Time=2600.00, Idle=129.00, Material=Citybike_Schaltauge_bearbeitet
==================================================

2025-06-19 11:35:59,690 - JSPGymEnvironment - INFO - Retro-Bonus für Job J14: +10.0
2025-06-19 11:35:59,698 - JSPGymEnvironment - INFO - Material change on machine M1: Citybike_Bremsen_justiert -> E-Bike_Antrieb_installiert, setup time: 50
2025-06-19 11:35:59,698 - JSPGymEnvironment - INFO - Executed operation: Job J5, Op 2, Machine M1, Start: 2779, End: 2803, Setup: 50
2025-06-19 11:35:59,698 - JSPGymEnvironment - INFO - 
===== REWARD DETAILS FOR STEP 48 =====
Job: J5, Operation: 2, Job Completed: False
Current Time: 2729.00 -> 2803.00, Setup Time: 50.00
Processing Time: 24.00, Idle Time: 0.00
Completed Jobs: 5/20
Machine: M1, Material: E-Bike_Antrieb_installiert

REWARD COMPONENTS:
- makespan_reward: -0.3700
- setup_reward: -12.5000
- deadline_reward: 0.0000
- priority_reward: 0.0000
- critical_job_reward: 0.5000
- placement_reward: 0.0000
- timeliness_reward: 2.6123
- machine_idle_penalty: -8.3875

TOTAL REWARD: -18.1452

CUMULATIVE REWARD COMPONENTS:
- makespan_reward: -14.0150
- setup_reward: -321.5000
- deadline_reward: 100.0000
- priority_reward: 124.0000
- critical_job_reward: 43.7534
- placement_reward: 0.0000
- timeliness_reward: 383.8190
- machine_idle_penalty: -213.4125

CUMULATIVE TOTAL: 102.6449

CRITICAL STATE INFO:
- Valid actions: ['J1', 'J2', 'J4', 'J5', 'J7', 'J9', 'J11', 'J12', 'J13', 'J15', 'J16', 'J17', 'J18', 'J19', 'J20']
- Machine states:
  - Machine M1: Time=2803.00, Idle=0.00, Material=E-Bike_Antrieb_installiert
  - Machine M2: Time=2335.00, Idle=468.00, Material=Racebike_Rahmen_komplettiert
  - Machine M3: Time=2600.00, Idle=203.00, Material=Citybike_Schaltauge_bearbeitet
==================================================

2025-06-19 11:35:59,708 - JSPGymEnvironment - INFO - Material change on machine M2: Racebike_Rahmen_komplettiert -> E-Bike_Hinterbau_vorbereitet, setup time: 24
2025-06-19 11:35:59,708 - JSPGymEnvironment - INFO - Executed operation: Job J16, Op 1, Machine M2, Start: 2827, End: 2844, Setup: 24
2025-06-19 11:35:59,708 - JSPGymEnvironment - INFO - 
===== REWARD DETAILS FOR STEP 49 =====
Job: J16, Operation: 1, Job Completed: False
Current Time: 2803.00 -> 2844.00, Setup Time: 24.00
Processing Time: 17.00, Idle Time: 0.00
Completed Jobs: 5/20
Machine: M2, Material: E-Bike_Hinterbau_vorbereitet

REWARD COMPONENTS:
- makespan_reward: -0.2050
- setup_reward: -6.0000
- deadline_reward: 0.0000
- priority_reward: 0.0000
- critical_job_reward: 0.5000
- placement_reward: 0.0000
- timeliness_reward: 2.2969
- machine_idle_penalty: -3.5625

TOTAL REWARD: -6.9706

CUMULATIVE REWARD COMPONENTS:
- makespan_reward: -14.2200
- setup_reward: -327.5000
- deadline_reward: 100.0000
- priority_reward: 124.0000
- critical_job_reward: 44.2534
- placement_reward: 0.0000
- timeliness_reward: 386.1159
- machine_idle_penalty: -216.9750

CUMULATIVE TOTAL: 95.6743

CRITICAL STATE INFO:
- Valid actions: ['J1', 'J2', 'J4', 'J5', 'J7', 'J9', 'J11', 'J12', 'J13', 'J15', 'J16', 'J17', 'J18', 'J19', 'J20']
- Machine states:
  - Machine M1: Time=2803.00, Idle=41.00, Material=E-Bike_Antrieb_installiert
  - Machine M2: Time=2844.00, Idle=0.00, Material=E-Bike_Hinterbau_vorbereitet
  - Machine M3: Time=2600.00, Idle=244.00, Material=Citybike_Schaltauge_bearbeitet
==================================================

2025-06-19 11:35:59,717 - JSPGymEnvironment - INFO - Material change on machine M3: Citybike_Schaltauge_bearbeitet -> Racebike_Rahmen_lackiert, setup time: 12
2025-06-19 11:35:59,717 - JSPGymEnvironment - INFO - Executed operation: Job J20, Op 4, Machine M3, Start: 2856, End: 2882, Setup: 12
2025-06-19 11:35:59,717 - JSPGymEnvironment - INFO - Job J20 completed at time 2882, deadline: 2839, met: False, priority: 9
2025-06-19 11:35:59,717 - JSPGymEnvironment - INFO - 
===== REWARD DETAILS FOR STEP 50 =====
Job: J20, Operation: 4, Job Completed: True
Current Time: 2844.00 -> 2882.00, Setup Time: 12.00
Processing Time: 26.00, Idle Time: 0.00
Completed Jobs: 6/20
Machine: M3, Material: Racebike_Rahmen_lackiert
Job Deadline: 2839.00 (Missed), Priority: 9

REWARD COMPONENTS:
- makespan_reward: -0.1900
- setup_reward: -3.0000
- deadline_reward: -0.0379
- priority_reward: 36.0000
- critical_job_reward: 12.3182
- placement_reward: 0.0000
- timeliness_reward: 1.9689
- machine_idle_penalty: -1.4625

TOTAL REWARD: 45.5967

CUMULATIVE REWARD COMPONENTS:
- makespan_reward: -14.4100
- setup_reward: -330.5000
- deadline_reward: 99.9621
- priority_reward: 160.0000
- critical_job_reward: 56.5716
- placement_reward: 0.0000
- timeliness_reward: 388.0848
- machine_idle_penalty: -218.4375

CUMULATIVE TOTAL: 141.2711

CRITICAL STATE INFO:
- Valid actions: ['J1', 'J2', 'J4', 'J5', 'J7', 'J9', 'J11', 'J12', 'J13', 'J15', 'J16', 'J17', 'J18', 'J19']
- Machine states:
  - Machine M1: Time=2803.00, Idle=79.00, Material=E-Bike_Antrieb_installiert
  - Machine M2: Time=2844.00, Idle=38.00, Material=E-Bike_Hinterbau_vorbereitet
  - Machine M3: Time=2882.00, Idle=0.00, Material=Racebike_Rahmen_lackiert
==================================================

2025-06-19 11:35:59,717 - JSPGymEnvironment - INFO - Retro-Bonus für Job J20: -5.0
2025-06-19 11:35:59,726 - JSPGymEnvironment - INFO - Material change on machine M3: Racebike_Rahmen_lackiert -> E-Bike_Hauptrahmen_zugeschnitten, setup time: 21
2025-06-19 11:35:59,726 - JSPGymEnvironment - INFO - Executed operation: Job J7, Op 0, Machine M3, Start: 2903, End: 2951, Setup: 21
2025-06-19 11:35:59,726 - JSPGymEnvironment - INFO - 
===== REWARD DETAILS FOR STEP 51 =====
Job: J7, Operation: 0, Job Completed: False
Current Time: 2882.00 -> 2951.00, Setup Time: 21.00
Processing Time: 48.00, Idle Time: 0.00
Completed Jobs: 6/20
Machine: M3, Material: E-Bike_Hauptrahmen_zugeschnitten

REWARD COMPONENTS:
- makespan_reward: -0.3450
- setup_reward: -5.2500
- deadline_reward: 0.0000
- priority_reward: 0.0000
- critical_job_reward: 0.0000
- placement_reward: 0.0000
- timeliness_reward: 1.3889
- machine_idle_penalty: -3.1875

TOTAL REWARD: -7.3936

CUMULATIVE REWARD COMPONENTS:
- makespan_reward: -14.7550
- setup_reward: -335.7500
- deadline_reward: 99.9621
- priority_reward: 160.0000
- critical_job_reward: 56.5716
- placement_reward: 0.0000
- timeliness_reward: 389.4738
- machine_idle_penalty: -221.6250

CUMULATIVE TOTAL: 133.8775

CRITICAL STATE INFO:
- Valid actions: ['J1', 'J2', 'J4', 'J5', 'J7', 'J9', 'J11', 'J12', 'J13', 'J15', 'J16', 'J17', 'J18', 'J19']
- Machine states:
  - Machine M1: Time=2803.00, Idle=148.00, Material=E-Bike_Antrieb_installiert
  - Machine M2: Time=2844.00, Idle=107.00, Material=E-Bike_Hinterbau_vorbereitet
  - Machine M3: Time=2951.00, Idle=0.00, Material=E-Bike_Hauptrahmen_zugeschnitten
==================================================

2025-06-19 11:35:59,736 - JSPGymEnvironment - INFO - Material change on machine M3: E-Bike_Hauptrahmen_zugeschnitten -> Citybike_Rahmen_nachbearbeitet, setup time: 15
2025-06-19 11:35:59,737 - JSPGymEnvironment - INFO - Executed operation: Job J18, Op 0, Machine M3, Start: 2966, End: 3005, Setup: 15
2025-06-19 11:35:59,737 - JSPGymEnvironment - INFO - 
===== REWARD DETAILS FOR STEP 52 =====
Job: J18, Operation: 0, Job Completed: False
Current Time: 2951.00 -> 3005.00, Setup Time: 15.00
Processing Time: 39.00, Idle Time: 0.00
Completed Jobs: 6/20
Machine: M3, Material: Citybike_Rahmen_nachbearbeitet

REWARD COMPONENTS:
- makespan_reward: -0.2700
- setup_reward: -3.7500
- deadline_reward: 0.0000
- priority_reward: 0.0000
- critical_job_reward: 0.0000
- placement_reward: 0.0000
- timeliness_reward: 0.9422
- machine_idle_penalty: -4.5375

TOTAL REWARD: -7.6153

CUMULATIVE REWARD COMPONENTS:
- makespan_reward: -15.0250
- setup_reward: -339.5000
- deadline_reward: 99.9621
- priority_reward: 160.0000
- critical_job_reward: 56.5716
- placement_reward: 0.0000
- timeliness_reward: 390.4160
- machine_idle_penalty: -226.1625

CUMULATIVE TOTAL: 126.2622

CRITICAL STATE INFO:
- Valid actions: ['J1', 'J2', 'J4', 'J5', 'J7', 'J9', 'J11', 'J12', 'J13', 'J15', 'J16', 'J17', 'J18', 'J19']
- Machine states:
  - Machine M1: Time=2803.00, Idle=202.00, Material=E-Bike_Antrieb_installiert
  - Machine M2: Time=2844.00, Idle=161.00, Material=E-Bike_Hinterbau_vorbereitet
  - Machine M3: Time=3005.00, Idle=0.00, Material=Citybike_Rahmen_nachbearbeitet
==================================================

2025-06-19 11:35:59,747 - JSPGymEnvironment - INFO - Material change on machine M1: E-Bike_Antrieb_installiert -> Citybike_Laufraeder_montiert, setup time: 55
2025-06-19 11:35:59,747 - JSPGymEnvironment - INFO - Executed operation: Job J18, Op 1, Machine M1, Start: 3060, End: 3088, Setup: 55
2025-06-19 11:35:59,747 - JSPGymEnvironment - INFO - 
===== REWARD DETAILS FOR STEP 53 =====
Job: J18, Operation: 1, Job Completed: False
Current Time: 3005.00 -> 3088.00, Setup Time: 55.00
Processing Time: 28.00, Idle Time: 0.00
Completed Jobs: 6/20
Machine: M1, Material: Citybike_Laufraeder_montiert

REWARD COMPONENTS:
- makespan_reward: -0.4150
- setup_reward: -13.7500
- deadline_reward: 0.0000
- priority_reward: 0.0000
- critical_job_reward: 0.0000
- placement_reward: 0.0000
- timeliness_reward: 0.2744
- machine_idle_penalty: -4.0875

TOTAL REWARD: -17.9781

CUMULATIVE REWARD COMPONENTS:
- makespan_reward: -15.4400
- setup_reward: -353.2500
- deadline_reward: 99.9621
- priority_reward: 160.0000
- critical_job_reward: 56.5716
- placement_reward: 0.0000
- timeliness_reward: 390.6903
- machine_idle_penalty: -230.2500

CUMULATIVE TOTAL: 108.2841

CRITICAL STATE INFO:
- Valid actions: ['J1', 'J2', 'J4', 'J5', 'J7', 'J9', 'J11', 'J12', 'J13', 'J15', 'J16', 'J17', 'J18', 'J19']
- Machine states:
  - Machine M1: Time=3088.00, Idle=0.00, Material=Citybike_Laufraeder_montiert
  - Machine M2: Time=2844.00, Idle=244.00, Material=E-Bike_Hinterbau_vorbereitet
  - Machine M3: Time=3005.00, Idle=83.00, Material=Citybike_Rahmen_nachbearbeitet
==================================================

2025-06-19 11:35:59,756 - JSPGymEnvironment - INFO - Material change on machine M1: Citybike_Laufraeder_montiert -> E-Bike_Rahmen_nachbearbeitet, setup time: 50
2025-06-19 11:35:59,756 - JSPGymEnvironment - INFO - Executed operation: Job J5, Op 3, Machine M1, Start: 3138, End: 3181, Setup: 50
2025-06-19 11:35:59,756 - JSPGymEnvironment - INFO - 
===== REWARD DETAILS FOR STEP 54 =====
Job: J5, Operation: 3, Job Completed: False
Current Time: 3088.00 -> 3181.00, Setup Time: 50.00
Processing Time: 43.00, Idle Time: 0.00
Completed Jobs: 6/20
Machine: M1, Material: E-Bike_Rahmen_nachbearbeitet

REWARD COMPONENTS:
- makespan_reward: -0.4650
- setup_reward: -12.5000
- deadline_reward: 0.0000
- priority_reward: 0.0000
- critical_job_reward: 0.5000
- placement_reward: 0.0000
- timeliness_reward: -0.4374
- machine_idle_penalty: -6.4125

TOTAL REWARD: -19.3149

CUMULATIVE REWARD COMPONENTS:
- makespan_reward: -15.9050
- setup_reward: -365.7500
- deadline_reward: 99.9621
- priority_reward: 160.0000
- critical_job_reward: 57.0716
- placement_reward: 0.0000
- timeliness_reward: 390.2529
- machine_idle_penalty: -236.6625

CUMULATIVE TOTAL: 88.9692

CRITICAL STATE INFO:
- Valid actions: ['J1', 'J2', 'J4', 'J5', 'J7', 'J9', 'J11', 'J12', 'J13', 'J15', 'J16', 'J17', 'J18', 'J19']
- Machine states:
  - Machine M1: Time=3181.00, Idle=0.00, Material=E-Bike_Rahmen_nachbearbeitet
  - Machine M2: Time=2844.00, Idle=337.00, Material=E-Bike_Hinterbau_vorbereitet
  - Machine M3: Time=3005.00, Idle=176.00, Material=Citybike_Rahmen_nachbearbeitet
==================================================

2025-06-19 11:35:59,765 - JSPGymEnvironment - INFO - Material change on machine M3: Citybike_Rahmen_nachbearbeitet -> Mountainbike_Rahmen_komplettiert, setup time: 12
2025-06-19 11:35:59,765 - JSPGymEnvironment - INFO - Executed operation: Job J11, Op 2, Machine M3, Start: 3193, End: 3244, Setup: 12
2025-06-19 11:35:59,765 - JSPGymEnvironment - INFO - 
===== REWARD DETAILS FOR STEP 55 =====
Job: J11, Operation: 2, Job Completed: False
Current Time: 3181.00 -> 3244.00, Setup Time: 12.00
Processing Time: 51.00, Idle Time: 0.00
Completed Jobs: 6/20
Machine: M3, Material: Mountainbike_Rahmen_komplettiert

REWARD COMPONENTS:
- makespan_reward: -0.3150
- setup_reward: -3.0000
- deadline_reward: 0.0000
- priority_reward: 0.0000
- critical_job_reward: 0.0000
- placement_reward: 0.0000
- timeliness_reward: -0.8928
- machine_idle_penalty: -5.7875

TOTAL REWARD: -9.9953

CUMULATIVE REWARD COMPONENTS:
- makespan_reward: -16.2200
- setup_reward: -368.7500
- deadline_reward: 99.9621
- priority_reward: 160.0000
- critical_job_reward: 57.0716
- placement_reward: 0.0000
- timeliness_reward: 389.3601
- machine_idle_penalty: -242.4500

CUMULATIVE TOTAL: 78.9739

CRITICAL STATE INFO:
- Valid actions: ['J1', 'J2', 'J4', 'J5', 'J7', 'J9', 'J11', 'J12', 'J13', 'J15', 'J16', 'J17', 'J18', 'J19']
- Machine states:
  - Machine M1: Time=3181.00, Idle=63.00, Material=E-Bike_Rahmen_nachbearbeitet
  - Machine M2: Time=2844.00, Idle=400.00, Material=E-Bike_Hinterbau_vorbereitet
  - Machine M3: Time=3244.00, Idle=0.00, Material=Mountainbike_Rahmen_komplettiert
==================================================

2025-06-19 11:35:59,774 - JSPGymEnvironment - INFO - Material change on machine M3: Mountainbike_Rahmen_komplettiert -> Citybike_Bremsen_justiert, setup time: 12
2025-06-19 11:35:59,775 - JSPGymEnvironment - INFO - Executed operation: Job J15, Op 1, Machine M3, Start: 3256, End: 3279, Setup: 12
2025-06-19 11:35:59,775 - JSPGymEnvironment - INFO - 
===== REWARD DETAILS FOR STEP 56 =====
Job: J15, Operation: 1, Job Completed: False
Current Time: 3244.00 -> 3279.00, Setup Time: 12.00
Processing Time: 23.00, Idle Time: 0.00
Completed Jobs: 6/20
Machine: M3, Material: Citybike_Bremsen_justiert

REWARD COMPONENTS:
- makespan_reward: -0.1750
- setup_reward: -3.0000
- deadline_reward: 0.0000
- priority_reward: 0.0000
- critical_job_reward: 0.0000
- placement_reward: 0.0000
- timeliness_reward: -1.1355
- machine_idle_penalty: -6.6625

TOTAL REWARD: -10.9730

CUMULATIVE REWARD COMPONENTS:
- makespan_reward: -16.3950
- setup_reward: -371.7500
- deadline_reward: 99.9621
- priority_reward: 160.0000
- critical_job_reward: 57.0716
- placement_reward: 0.0000
- timeliness_reward: 388.2246
- machine_idle_penalty: -249.1125

CUMULATIVE TOTAL: 68.0009

CRITICAL STATE INFO:
- Valid actions: ['J1', 'J2', 'J4', 'J5', 'J7', 'J9', 'J11', 'J12', 'J13', 'J15', 'J16', 'J17', 'J18', 'J19']
- Machine states:
  - Machine M1: Time=3181.00, Idle=98.00, Material=E-Bike_Rahmen_nachbearbeitet
  - Machine M2: Time=2844.00, Idle=435.00, Material=E-Bike_Hinterbau_vorbereitet
  - Machine M3: Time=3279.00, Idle=0.00, Material=Citybike_Bremsen_justiert
==================================================

2025-06-19 11:35:59,784 - JSPGymEnvironment - INFO - Material change on machine M1: E-Bike_Rahmen_nachbearbeitet -> Mountainbike_Antrieb_installiert, setup time: 47
2025-06-19 11:35:59,784 - JSPGymEnvironment - INFO - Executed operation: Job J11, Op 3, Machine M1, Start: 3326, End: 3364, Setup: 47
2025-06-19 11:35:59,784 - JSPGymEnvironment - INFO - 
===== REWARD DETAILS FOR STEP 57 =====
Job: J11, Operation: 3, Job Completed: False
Current Time: 3279.00 -> 3364.00, Setup Time: 47.00
Processing Time: 38.00, Idle Time: 0.00
Completed Jobs: 6/20
Machine: M1, Material: Mountainbike_Antrieb_installiert

REWARD COMPONENTS:
- makespan_reward: -0.4250
- setup_reward: -11.7500
- deadline_reward: 0.0000
- priority_reward: 0.0000
- critical_job_reward: 0.0000
- placement_reward: 0.0000
- timeliness_reward: -1.6917
- machine_idle_penalty: -7.5625

TOTAL REWARD: -21.4292

CUMULATIVE REWARD COMPONENTS:
- makespan_reward: -16.8200
- setup_reward: -383.5000
- deadline_reward: 99.9621
- priority_reward: 160.0000
- critical_job_reward: 57.0716
- placement_reward: 0.0000
- timeliness_reward: 386.5330
- machine_idle_penalty: -256.6750

CUMULATIVE TOTAL: 46.5717

CRITICAL STATE INFO:
- Valid actions: ['J1', 'J2', 'J4', 'J5', 'J7', 'J9', 'J11', 'J12', 'J13', 'J15', 'J16', 'J17', 'J18', 'J19']
- Machine states:
  - Machine M1: Time=3364.00, Idle=0.00, Material=Mountainbike_Antrieb_installiert
  - Machine M2: Time=2844.00, Idle=520.00, Material=E-Bike_Hinterbau_vorbereitet
  - Machine M3: Time=3279.00, Idle=85.00, Material=Citybike_Bremsen_justiert
==================================================

2025-06-19 11:35:59,793 - JSPGymEnvironment - INFO - Material change on machine M2: E-Bike_Hinterbau_vorbereitet -> E-Bike_Steuerrohr_montiert, setup time: 20
2025-06-19 11:35:59,793 - JSPGymEnvironment - INFO - Executed operation: Job J7, Op 1, Machine M2, Start: 3384, End: 3406, Setup: 20
2025-06-19 11:35:59,793 - JSPGymEnvironment - INFO - 
===== REWARD DETAILS FOR STEP 58 =====
Job: J7, Operation: 1, Job Completed: False
Current Time: 3364.00 -> 3406.00, Setup Time: 20.00
Processing Time: 22.00, Idle Time: 0.00
Completed Jobs: 6/20
Machine: M2, Material: E-Bike_Steuerrohr_montiert

REWARD COMPONENTS:
- makespan_reward: -0.2100
- setup_reward: -5.0000
- deadline_reward: 0.0000
- priority_reward: 0.0000
- critical_job_reward: 0.0000
- placement_reward: 0.0000
- timeliness_reward: -1.9485
- machine_idle_penalty: -2.1125

TOTAL REWARD: -9.2710

CUMULATIVE REWARD COMPONENTS:
- makespan_reward: -17.0300
- setup_reward: -388.5000
- deadline_reward: 99.9621
- priority_reward: 160.0000
- critical_job_reward: 57.0716
- placement_reward: 0.0000
- timeliness_reward: 384.5844
- machine_idle_penalty: -258.7875

CUMULATIVE TOTAL: 37.3007

CRITICAL STATE INFO:
- Valid actions: ['J1', 'J2', 'J4', 'J5', 'J7', 'J9', 'J11', 'J12', 'J13', 'J15', 'J16', 'J17', 'J18', 'J19']
- Machine states:
  - Machine M1: Time=3364.00, Idle=42.00, Material=Mountainbike_Antrieb_installiert
  - Machine M2: Time=3406.00, Idle=0.00, Material=E-Bike_Steuerrohr_montiert
  - Machine M3: Time=3279.00, Idle=127.00, Material=Citybike_Bremsen_justiert
==================================================

2025-06-19 11:35:59,802 - JSPGymEnvironment - INFO - Material change on machine M1: Mountainbike_Antrieb_installiert -> Citybike_Antrieb_installiert, setup time: 45
2025-06-19 11:35:59,802 - JSPGymEnvironment - INFO - Executed operation: Job J15, Op 2, Machine M1, Start: 3451, End: 3483, Setup: 45
2025-06-19 11:35:59,802 - JSPGymEnvironment - INFO - 
===== REWARD DETAILS FOR STEP 59 =====
Job: J15, Operation: 2, Job Completed: False
Current Time: 3406.00 -> 3483.00, Setup Time: 45.00
Processing Time: 32.00, Idle Time: 0.00
Completed Jobs: 6/20
Machine: M1, Material: Citybike_Antrieb_installiert

REWARD COMPONENTS:
- makespan_reward: -0.3850
- setup_reward: -11.2500
- deadline_reward: 0.0000
- priority_reward: 0.0000
- critical_job_reward: 0.0000
- placement_reward: 0.0000
- timeliness_reward: -2.3880
- machine_idle_penalty: -3.5125

TOTAL REWARD: -17.5355

CUMULATIVE REWARD COMPONENTS:
- makespan_reward: -17.4150
- setup_reward: -399.7500
- deadline_reward: 99.9621
- priority_reward: 160.0000
- critical_job_reward: 57.0716
- placement_reward: 0.0000
- timeliness_reward: 382.1965
- machine_idle_penalty: -262.3000

CUMULATIVE TOTAL: 19.7652

CRITICAL STATE INFO:
- Valid actions: ['J1', 'J2', 'J4', 'J5', 'J7', 'J9', 'J11', 'J12', 'J13', 'J15', 'J16', 'J17', 'J18', 'J19']
- Machine states:
  - Machine M1: Time=3483.00, Idle=0.00, Material=Citybike_Antrieb_installiert
  - Machine M2: Time=3406.00, Idle=77.00, Material=E-Bike_Steuerrohr_montiert
  - Machine M3: Time=3279.00, Idle=204.00, Material=Citybike_Bremsen_justiert
==================================================

2025-06-19 11:35:59,811 - JSPGymEnvironment - INFO - Material change on machine M2: E-Bike_Steuerrohr_montiert -> Racebike_Fahrrad_endmontiert, setup time: 29
2025-06-19 11:35:59,811 - JSPGymEnvironment - INFO - Executed operation: Job J9, Op 1, Machine M2, Start: 3512, End: 3533, Setup: 29
2025-06-19 11:35:59,811 - JSPGymEnvironment - INFO - 
===== REWARD DETAILS FOR STEP 60 =====
Job: J9, Operation: 1, Job Completed: False
Current Time: 3483.00 -> 3533.00, Setup Time: 29.00
Processing Time: 21.00, Idle Time: 0.00
Completed Jobs: 6/20
Machine: M2, Material: Racebike_Fahrrad_endmontiert

REWARD COMPONENTS:
- makespan_reward: -0.2500
- setup_reward: -7.2500
- deadline_reward: 0.0000
- priority_reward: 0.0000
- critical_job_reward: 0.5000
- placement_reward: 0.0000
- timeliness_reward: -2.6514
- machine_idle_penalty: -3.8000

TOTAL REWARD: -13.4514

CUMULATIVE REWARD COMPONENTS:
- makespan_reward: -17.6650
- setup_reward: -407.0000
- deadline_reward: 99.9621
- priority_reward: 160.0000
- critical_job_reward: 57.5716
- placement_reward: 0.0000
- timeliness_reward: 379.5451
- machine_idle_penalty: -266.1000

CUMULATIVE TOTAL: 6.3138

CRITICAL STATE INFO:
- Valid actions: ['J1', 'J2', 'J4', 'J5', 'J7', 'J9', 'J11', 'J12', 'J13', 'J15', 'J16', 'J17', 'J18', 'J19']
- Machine states:
  - Machine M1: Time=3483.00, Idle=50.00, Material=Citybike_Antrieb_installiert
  - Machine M2: Time=3533.00, Idle=0.00, Material=Racebike_Fahrrad_endmontiert
  - Machine M3: Time=3279.00, Idle=254.00, Material=Citybike_Bremsen_justiert
==================================================

2025-06-19 11:35:59,820 - JSPGymEnvironment - INFO - Material change on machine M2: Racebike_Fahrrad_endmontiert -> Citybike_Tretlager_gefraest, setup time: 22
2025-06-19 11:35:59,821 - JSPGymEnvironment - INFO - Executed operation: Job J15, Op 3, Machine M2, Start: 3555, End: 3565, Setup: 22
2025-06-19 11:35:59,821 - JSPGymEnvironment - INFO - 
===== REWARD DETAILS FOR STEP 61 =====
Job: J15, Operation: 3, Job Completed: False
Current Time: 3533.00 -> 3565.00, Setup Time: 22.00
Processing Time: 10.00, Idle Time: 0.00
Completed Jobs: 6/20
Machine: M2, Material: Citybike_Tretlager_gefraest

REWARD COMPONENTS:
- makespan_reward: -0.1600
- setup_reward: -5.5000
- deadline_reward: 0.0000
- priority_reward: 0.0000
- critical_job_reward: 0.0000
- placement_reward: 0.0000
- timeliness_reward: -2.8110
- machine_idle_penalty: -4.6000

TOTAL REWARD: -13.0710

CUMULATIVE REWARD COMPONENTS:
- makespan_reward: -17.8250
- setup_reward: -412.5000
- deadline_reward: 99.9621
- priority_reward: 160.0000
- critical_job_reward: 57.5716
- placement_reward: 0.0000
- timeliness_reward: 376.7340
- machine_idle_penalty: -270.7000

CUMULATIVE TOTAL: -6.7572

CRITICAL STATE INFO:
- Valid actions: ['J1', 'J2', 'J4', 'J5', 'J7', 'J9', 'J11', 'J12', 'J13', 'J15', 'J16', 'J17', 'J18', 'J19']
- Machine states:
  - Machine M1: Time=3483.00, Idle=82.00, Material=Citybike_Antrieb_installiert
  - Machine M2: Time=3565.00, Idle=0.00, Material=Citybike_Tretlager_gefraest
  - Machine M3: Time=3279.00, Idle=286.00, Material=Citybike_Bremsen_justiert
==================================================

2025-06-19 11:35:59,909 - JSPGymEnvironment - INFO - Material change on machine M3: Citybike_Bremsen_justiert -> E-Bike_Rahmen_komplettiert, setup time: 25
2025-06-19 11:35:59,910 - JSPGymEnvironment - INFO - Executed operation: Job J7, Op 2, Machine M3, Start: 3590, End: 3633, Setup: 25
2025-06-19 11:35:59,910 - JSPGymEnvironment - INFO - 
===== REWARD DETAILS FOR STEP 62 =====
Job: J7, Operation: 2, Job Completed: False
Current Time: 3565.00 -> 3633.00, Setup Time: 25.00
Processing Time: 43.00, Idle Time: 0.00
Completed Jobs: 6/20
Machine: M3, Material: E-Bike_Rahmen_komplettiert

REWARD COMPONENTS:
- makespan_reward: -0.3400
- setup_reward: -6.2500
- deadline_reward: 0.0000
- priority_reward: 0.0000
- critical_job_reward: 0.0000
- placement_reward: 0.0000
- timeliness_reward: -3.1275
- machine_idle_penalty: -2.7250

TOTAL REWARD: -12.4425

CUMULATIVE REWARD COMPONENTS:
- makespan_reward: -18.1650
- setup_reward: -418.7500
- deadline_reward: 99.9621
- priority_reward: 160.0000
- critical_job_reward: 57.5716
- placement_reward: 0.0000
- timeliness_reward: 373.6065
- machine_idle_penalty: -273.4250

CUMULATIVE TOTAL: -19.1997

CRITICAL STATE INFO:
- Valid actions: ['J1', 'J2', 'J4', 'J5', 'J7', 'J9', 'J11', 'J12', 'J13', 'J15', 'J16', 'J17', 'J18', 'J19']
- Machine states:
  - Machine M1: Time=3483.00, Idle=150.00, Material=Citybike_Antrieb_installiert
  - Machine M2: Time=3565.00, Idle=68.00, Material=Citybike_Tretlager_gefraest
  - Machine M3: Time=3633.00, Idle=0.00, Material=E-Bike_Rahmen_komplettiert
==================================================

2025-06-19 11:35:59,919 - JSPGymEnvironment - INFO - Material change on machine M2: Citybike_Tretlager_gefraest -> E-Bike_Bremsaufnahme_gebohrt, setup time: 21
2025-06-19 11:35:59,919 - JSPGymEnvironment - INFO - Executed operation: Job J5, Op 4, Machine M2, Start: 3654, End: 3681, Setup: 21
2025-06-19 11:35:59,919 - JSPGymEnvironment - INFO - 
===== REWARD DETAILS FOR STEP 63 =====
Job: J5, Operation: 4, Job Completed: False
Current Time: 3633.00 -> 3681.00, Setup Time: 21.00
Processing Time: 27.00, Idle Time: 0.00
Completed Jobs: 6/20
Machine: M2, Material: E-Bike_Bremsaufnahme_gebohrt

REWARD COMPONENTS:
- makespan_reward: -0.2400
- setup_reward: -5.2500
- deadline_reward: 0.0000
- priority_reward: 0.0000
- critical_job_reward: 0.5000
- placement_reward: 0.0000
- timeliness_reward: -3.3328
- machine_idle_penalty: -3.0750

TOTAL REWARD: -11.3978

CUMULATIVE REWARD COMPONENTS:
- makespan_reward: -18.4050
- setup_reward: -424.0000
- deadline_reward: 99.9621
- priority_reward: 160.0000
- critical_job_reward: 58.0716
- placement_reward: 0.0000
- timeliness_reward: 370.2738
- machine_idle_penalty: -276.5000

CUMULATIVE TOTAL: -30.5975

CRITICAL STATE INFO:
- Valid actions: ['J1', 'J2', 'J4', 'J5', 'J7', 'J9', 'J11', 'J12', 'J13', 'J15', 'J16', 'J17', 'J18', 'J19']
- Machine states:
  - Machine M1: Time=3483.00, Idle=198.00, Material=Citybike_Antrieb_installiert
  - Machine M2: Time=3681.00, Idle=0.00, Material=E-Bike_Bremsaufnahme_gebohrt
  - Machine M3: Time=3633.00, Idle=48.00, Material=E-Bike_Rahmen_komplettiert
==================================================

2025-06-19 11:35:59,927 - JSPGymEnvironment - INFO - Material change on machine M1: Citybike_Antrieb_installiert -> Citybike_Laufraeder_montiert, setup time: 40
2025-06-19 11:35:59,927 - JSPGymEnvironment - INFO - Executed operation: Job J15, Op 4, Machine M1, Start: 3721, End: 3743, Setup: 40
2025-06-19 11:35:59,927 - JSPGymEnvironment - INFO - 
===== REWARD DETAILS FOR STEP 64 =====
Job: J15, Operation: 4, Job Completed: False
Current Time: 3681.00 -> 3743.00, Setup Time: 40.00
Processing Time: 22.00, Idle Time: 0.00
Completed Jobs: 6/20
Machine: M1, Material: Citybike_Laufraeder_montiert

REWARD COMPONENTS:
- makespan_reward: -0.3100
- setup_reward: -10.0000
- deadline_reward: 0.0000
- priority_reward: 0.0000
- critical_job_reward: 0.0000
- placement_reward: 0.0000
- timeliness_reward: -3.5766
- machine_idle_penalty: -2.1500

TOTAL REWARD: -16.0366

CUMULATIVE REWARD COMPONENTS:
- makespan_reward: -18.7150
- setup_reward: -434.0000
- deadline_reward: 99.9621
- priority_reward: 160.0000
- critical_job_reward: 58.0716
- placement_reward: 0.0000
- timeliness_reward: 366.6971
- machine_idle_penalty: -278.6500

CUMULATIVE TOTAL: -46.6341

CRITICAL STATE INFO:
- Valid actions: ['J1', 'J2', 'J4', 'J5', 'J7', 'J9', 'J11', 'J12', 'J13', 'J15', 'J16', 'J17', 'J18', 'J19']
- Machine states:
  - Machine M1: Time=3743.00, Idle=0.00, Material=Citybike_Laufraeder_montiert
  - Machine M2: Time=3681.00, Idle=62.00, Material=E-Bike_Bremsaufnahme_gebohrt
  - Machine M3: Time=3633.00, Idle=110.00, Material=E-Bike_Rahmen_komplettiert
==================================================

2025-06-19 11:35:59,937 - JSPGymEnvironment - INFO - Material change on machine M1: Citybike_Laufraeder_montiert -> Citybike_Antrieb_installiert, setup time: 40
2025-06-19 11:35:59,937 - JSPGymEnvironment - INFO - Executed operation: Job J19, Op 1, Machine M1, Start: 3783, End: 3815, Setup: 40
2025-06-19 11:35:59,937 - JSPGymEnvironment - INFO - 
===== REWARD DETAILS FOR STEP 65 =====
Job: J19, Operation: 1, Job Completed: False
Current Time: 3743.00 -> 3815.00, Setup Time: 40.00
Processing Time: 32.00, Idle Time: 0.00
Completed Jobs: 6/20
Machine: M1, Material: Citybike_Antrieb_installiert

REWARD COMPONENTS:
- makespan_reward: -0.3600
- setup_reward: -10.0000
- deadline_reward: 0.0000
- priority_reward: 0.0000
- critical_job_reward: 0.0000
- placement_reward: 0.0000
- timeliness_reward: -3.8313
- machine_idle_penalty: -3.9500

TOTAL REWARD: -18.1413

CUMULATIVE REWARD COMPONENTS:
- makespan_reward: -19.0750
- setup_reward: -444.0000
- deadline_reward: 99.9621
- priority_reward: 160.0000
- critical_job_reward: 58.0716
- placement_reward: 0.0000
- timeliness_reward: 362.8658
- machine_idle_penalty: -282.6000

CUMULATIVE TOTAL: -64.7754

CRITICAL STATE INFO:
- Valid actions: ['J1', 'J2', 'J4', 'J5', 'J7', 'J9', 'J11', 'J12', 'J13', 'J15', 'J16', 'J17', 'J18', 'J19']
- Machine states:
  - Machine M1: Time=3815.00, Idle=0.00, Material=Citybike_Antrieb_installiert
  - Machine M2: Time=3681.00, Idle=134.00, Material=E-Bike_Bremsaufnahme_gebohrt
  - Machine M3: Time=3633.00, Idle=182.00, Material=E-Bike_Rahmen_komplettiert
==================================================

2025-06-19 11:35:59,946 - JSPGymEnvironment - INFO - Material change on machine M1: Citybike_Antrieb_installiert -> Mountainbike_Bremsen_justiert, setup time: 36
2025-06-19 11:35:59,946 - JSPGymEnvironment - INFO - Executed operation: Job J11, Op 4, Machine M1, Start: 3851, End: 3875, Setup: 36
2025-06-19 11:35:59,946 - JSPGymEnvironment - INFO - Job J11 completed at time 3875, deadline: 2880, met: False, priority: 5
2025-06-19 11:35:59,947 - JSPGymEnvironment - INFO - 
===== REWARD DETAILS FOR STEP 66 =====
Job: J11, Operation: 4, Job Completed: True
Current Time: 3815.00 -> 3875.00, Setup Time: 36.00
Processing Time: 24.00, Idle Time: 0.00
Completed Jobs: 7/20
Machine: M1, Material: Mountainbike_Bremsen_justiert
Job Deadline: 2880.00 (Missed), Priority: 5

REWARD COMPONENTS:
- makespan_reward: -0.3000
- setup_reward: -9.0000
- deadline_reward: -0.8637
- priority_reward: 20.0000
- critical_job_reward: 0.0000
- placement_reward: 0.0000
- timeliness_reward: -4.0284
- machine_idle_penalty: -5.4500

TOTAL REWARD: 0.3579

CUMULATIVE REWARD COMPONENTS:
- makespan_reward: -19.3750
- setup_reward: -453.0000
- deadline_reward: 99.0984
- priority_reward: 180.0000
- critical_job_reward: 58.0716
- placement_reward: 0.0000
- timeliness_reward: 358.8374
- machine_idle_penalty: -288.0500

CUMULATIVE TOTAL: -64.4175

CRITICAL STATE INFO:
- Valid actions: ['J1', 'J2', 'J4', 'J5', 'J7', 'J9', 'J12', 'J13', 'J15', 'J16', 'J17', 'J18', 'J19']
- Machine states:
  - Machine M1: Time=3875.00, Idle=0.00, Material=Mountainbike_Bremsen_justiert
  - Machine M2: Time=3681.00, Idle=194.00, Material=E-Bike_Bremsaufnahme_gebohrt
  - Machine M3: Time=3633.00, Idle=242.00, Material=E-Bike_Rahmen_komplettiert
==================================================

2025-06-19 11:35:59,947 - JSPGymEnvironment - INFO - Retro-Bonus für Job J11: -10.0
2025-06-19 11:35:59,955 - JSPGymEnvironment - INFO - Material change on machine M1: Mountainbike_Bremsen_justiert -> Racebike_Antrieb_installiert, setup time: 43
2025-06-19 11:35:59,955 - JSPGymEnvironment - INFO - Executed operation: Job J9, Op 2, Machine M1, Start: 3918, End: 3945, Setup: 43
2025-06-19 11:35:59,955 - JSPGymEnvironment - INFO - 
===== REWARD DETAILS FOR STEP 67 =====
Job: J9, Operation: 2, Job Completed: False
Current Time: 3875.00 -> 3945.00, Setup Time: 43.00
Processing Time: 27.00, Idle Time: 0.00
Completed Jobs: 7/20
Machine: M1, Material: Racebike_Antrieb_installiert

REWARD COMPONENTS:
- makespan_reward: -0.3500
- setup_reward: -10.7500
- deadline_reward: 0.0000
- priority_reward: 0.0000
- critical_job_reward: 0.5000
- placement_reward: 0.0000
- timeliness_reward: -4.2266
- machine_idle_penalty: -7.2000

TOTAL REWARD: -22.0266

CUMULATIVE REWARD COMPONENTS:
- makespan_reward: -19.7250
- setup_reward: -463.7500
- deadline_reward: 99.0984
- priority_reward: 180.0000
- critical_job_reward: 58.5716
- placement_reward: 0.0000
- timeliness_reward: 354.6109
- machine_idle_penalty: -295.2500

CUMULATIVE TOTAL: -86.4441

CRITICAL STATE INFO:
- Valid actions: ['J1', 'J2', 'J4', 'J5', 'J7', 'J9', 'J12', 'J13', 'J15', 'J16', 'J17', 'J18', 'J19']
- Machine states:
  - Machine M1: Time=3945.00, Idle=0.00, Material=Racebike_Antrieb_installiert
  - Machine M2: Time=3681.00, Idle=264.00, Material=E-Bike_Bremsaufnahme_gebohrt
  - Machine M3: Time=3633.00, Idle=312.00, Material=E-Bike_Rahmen_komplettiert
==================================================

2025-06-19 11:35:59,964 - JSPGymEnvironment - INFO - Material change on machine M2: E-Bike_Bremsaufnahme_gebohrt -> Citybike_Tretlageraufnahme_geschweisst, setup time: 21
2025-06-19 11:35:59,964 - JSPGymEnvironment - INFO - Executed operation: Job J15, Op 5, Machine M2, Start: 3966, End: 3991, Setup: 21
2025-06-19 11:35:59,964 - JSPGymEnvironment - INFO - Job J15 completed at time 3991, deadline: 2839, met: False, priority: 6
2025-06-19 11:35:59,964 - JSPGymEnvironment - INFO - 
===== REWARD DETAILS FOR STEP 68 =====
Job: J15, Operation: 5, Job Completed: True
Current Time: 3945.00 -> 3991.00, Setup Time: 21.00
Processing Time: 25.00, Idle Time: 0.00
Completed Jobs: 8/20
Machine: M2, Material: Citybike_Tretlageraufnahme_geschweisst
Job Deadline: 2839.00 (Missed), Priority: 6

REWARD COMPONENTS:
- makespan_reward: -0.2300
- setup_reward: -5.2500
- deadline_reward: -1.0144
- priority_reward: 24.0000
- critical_job_reward: 0.0000
- placement_reward: 0.0000
- timeliness_reward: -4.3459
- machine_idle_penalty: -5.0500

TOTAL REWARD: 8.1097

CUMULATIVE REWARD COMPONENTS:
- makespan_reward: -19.9550
- setup_reward: -469.0000
- deadline_reward: 98.0840
- priority_reward: 204.0000
- critical_job_reward: 58.5716
- placement_reward: 0.0000
- timeliness_reward: 350.2650
- machine_idle_penalty: -300.3000

CUMULATIVE TOTAL: -78.3344

CRITICAL STATE INFO:
- Valid actions: ['J1', 'J2', 'J4', 'J5', 'J7', 'J9', 'J12', 'J13', 'J16', 'J17', 'J18', 'J19']
- Machine states:
  - Machine M1: Time=3945.00, Idle=46.00, Material=Racebike_Antrieb_installiert
  - Machine M2: Time=3991.00, Idle=0.00, Material=Citybike_Tretlageraufnahme_geschweisst
  - Machine M3: Time=3633.00, Idle=358.00, Material=E-Bike_Rahmen_komplettiert
==================================================

2025-06-19 11:35:59,964 - JSPGymEnvironment - INFO - Retro-Bonus für Job J15: -10.0
2025-06-19 11:35:59,973 - JSPGymEnvironment - INFO - Material change on machine M3: E-Bike_Rahmen_komplettiert -> E-Bike_Schaltauge_bearbeitet, setup time: 15
2025-06-19 11:35:59,973 - JSPGymEnvironment - INFO - Executed operation: Job J16, Op 2, Machine M3, Start: 4006, End: 4033, Setup: 15
2025-06-19 11:35:59,973 - JSPGymEnvironment - INFO - 
===== REWARD DETAILS FOR STEP 69 =====
Job: J16, Operation: 2, Job Completed: False
Current Time: 3991.00 -> 4033.00, Setup Time: 15.00
Processing Time: 27.00, Idle Time: 0.00
Completed Jobs: 8/20
Machine: M3, Material: E-Bike_Schaltauge_bearbeitet

REWARD COMPONENTS:
- makespan_reward: -0.2100
- setup_reward: -3.7500
- deadline_reward: 0.0000
- priority_reward: 0.0000
- critical_job_reward: 0.5000
- placement_reward: 0.0000
- timeliness_reward: -4.4450
- machine_idle_penalty: -1.6250

TOTAL REWARD: -9.5300

CUMULATIVE REWARD COMPONENTS:
- makespan_reward: -20.1650
- setup_reward: -472.7500
- deadline_reward: 98.0840
- priority_reward: 204.0000
- critical_job_reward: 59.0716
- placement_reward: 0.0000
- timeliness_reward: 345.8200
- machine_idle_penalty: -301.9250

CUMULATIVE TOTAL: -87.8644

CRITICAL STATE INFO:
- Valid actions: ['J1', 'J2', 'J4', 'J5', 'J7', 'J9', 'J12', 'J13', 'J16', 'J17', 'J18', 'J19']
- Machine states:
  - Machine M1: Time=3945.00, Idle=88.00, Material=Racebike_Antrieb_installiert
  - Machine M2: Time=3991.00, Idle=42.00, Material=Citybike_Tretlageraufnahme_geschweisst
  - Machine M3: Time=4033.00, Idle=0.00, Material=E-Bike_Schaltauge_bearbeitet
==================================================

2025-06-19 11:35:59,981 - JSPGymEnvironment - INFO - Material change on machine M2: Citybike_Tretlageraufnahme_geschweisst -> E-Bike_Laufraeder_montiert, setup time: 21
2025-06-19 11:35:59,981 - JSPGymEnvironment - INFO - Executed operation: Job J1, Op 1, Machine M2, Start: 4054, End: 4065, Setup: 21
2025-06-19 11:35:59,981 - JSPGymEnvironment - INFO - 
===== REWARD DETAILS FOR STEP 70 =====
Job: J1, Operation: 1, Job Completed: False
Current Time: 4033.00 -> 4065.00, Setup Time: 21.00
Processing Time: 11.00, Idle Time: 0.00
Completed Jobs: 8/20
Machine: M2, Material: E-Bike_Laufraeder_montiert

REWARD COMPONENTS:
- makespan_reward: -0.1600
- setup_reward: -5.2500
- deadline_reward: 0.0000
- priority_reward: 0.0000
- critical_job_reward: 0.0000
- placement_reward: 0.0000
- timeliness_reward: -4.5157
- machine_idle_penalty: -1.9000

TOTAL REWARD: -11.8257

CUMULATIVE REWARD COMPONENTS:
- makespan_reward: -20.3250
- setup_reward: -478.0000
- deadline_reward: 98.0840
- priority_reward: 204.0000
- critical_job_reward: 59.0716
- placement_reward: 0.0000
- timeliness_reward: 341.3043
- machine_idle_penalty: -303.8250

CUMULATIVE TOTAL: -99.6901

CRITICAL STATE INFO:
- Valid actions: ['J1', 'J2', 'J4', 'J5', 'J7', 'J9', 'J12', 'J13', 'J16', 'J17', 'J18', 'J19']
- Machine states:
  - Machine M1: Time=3945.00, Idle=120.00, Material=Racebike_Antrieb_installiert
  - Machine M2: Time=4065.00, Idle=0.00, Material=E-Bike_Laufraeder_montiert
  - Machine M3: Time=4033.00, Idle=32.00, Material=E-Bike_Schaltauge_bearbeitet
==================================================

2025-06-19 11:35:59,990 - JSPGymEnvironment - INFO - Material change on machine M3: E-Bike_Schaltauge_bearbeitet -> Citybike_Hauptrahmen_zugeschnitten, setup time: 15
2025-06-19 11:35:59,990 - JSPGymEnvironment - INFO - Executed operation: Job J18, Op 2, Machine M3, Start: 4080, End: 4127, Setup: 15
2025-06-19 11:35:59,990 - JSPGymEnvironment - INFO - 
===== REWARD DETAILS FOR STEP 71 =====
Job: J18, Operation: 2, Job Completed: False
Current Time: 4065.00 -> 4127.00, Setup Time: 15.00
Processing Time: 47.00, Idle Time: 0.00
Completed Jobs: 8/20
Machine: M3, Material: Citybike_Hauptrahmen_zugeschnitten

REWARD COMPONENTS:
- makespan_reward: -0.3100
- setup_reward: -3.7500
- deadline_reward: 0.0000
- priority_reward: 0.0000
- critical_job_reward: 0.0000
- placement_reward: 0.0000
- timeliness_reward: -4.6413
- machine_idle_penalty: -3.0500

TOTAL REWARD: -11.7513

CUMULATIVE REWARD COMPONENTS:
- makespan_reward: -20.6350
- setup_reward: -481.7500
- deadline_reward: 98.0840
- priority_reward: 204.0000
- critical_job_reward: 59.0716
- placement_reward: 0.0000
- timeliness_reward: 336.6630
- machine_idle_penalty: -306.8750

CUMULATIVE TOTAL: -111.4414

CRITICAL STATE INFO:
- Valid actions: ['J1', 'J2', 'J4', 'J5', 'J7', 'J9', 'J12', 'J13', 'J16', 'J17', 'J18', 'J19']
- Machine states:
  - Machine M1: Time=3945.00, Idle=182.00, Material=Racebike_Antrieb_installiert
  - Machine M2: Time=4065.00, Idle=62.00, Material=E-Bike_Laufraeder_montiert
  - Machine M3: Time=4127.00, Idle=0.00, Material=Citybike_Hauptrahmen_zugeschnitten
==================================================

2025-06-19 11:35:59,999 - JSPGymEnvironment - INFO - Material change on machine M3: Citybike_Hauptrahmen_zugeschnitten -> E-Bike_Laufraeder_montiert, setup time: 25
2025-06-19 11:35:59,999 - JSPGymEnvironment - INFO - Executed operation: Job J5, Op 5, Machine M3, Start: 4152, End: 4208, Setup: 25
2025-06-19 11:35:59,999 - JSPGymEnvironment - INFO - Job J5 completed at time 4208, deadline: 2880, met: False, priority: 9
2025-06-19 11:35:59,999 - JSPGymEnvironment - INFO - 
===== REWARD DETAILS FOR STEP 72 =====
Job: J5, Operation: 5, Job Completed: True
Current Time: 4127.00 -> 4208.00, Setup Time: 25.00
Processing Time: 56.00, Idle Time: 0.00
Completed Jobs: 9/20
Machine: M3, Material: E-Bike_Laufraeder_montiert
Job Deadline: 2880.00 (Missed), Priority: 9

REWARD COMPONENTS:
- makespan_reward: -0.4050
- setup_reward: -6.2500
- deadline_reward: -1.1528
- priority_reward: 36.0000
- critical_job_reward: 6.9667
- placement_reward: 0.0000
- timeliness_reward: -4.8007
- machine_idle_penalty: -5.0750

TOTAL REWARD: 25.2832

CUMULATIVE REWARD COMPONENTS:
- makespan_reward: -21.0400
- setup_reward: -488.0000
- deadline_reward: 96.9312
- priority_reward: 240.0000
- critical_job_reward: 66.0383
- placement_reward: 0.0000
- timeliness_reward: 331.8624
- machine_idle_penalty: -311.9500

CUMULATIVE TOTAL: -86.1581

CRITICAL STATE INFO:
- Valid actions: ['J1', 'J2', 'J4', 'J7', 'J9', 'J12', 'J13', 'J16', 'J17', 'J18', 'J19']
- Machine states:
  - Machine M1: Time=3945.00, Idle=263.00, Material=Racebike_Antrieb_installiert
  - Machine M2: Time=4065.00, Idle=143.00, Material=E-Bike_Laufraeder_montiert
  - Machine M3: Time=4208.00, Idle=0.00, Material=E-Bike_Laufraeder_montiert
==================================================

2025-06-19 11:35:59,999 - JSPGymEnvironment - INFO - Retro-Bonus für Job J5: -5.0
2025-06-19 11:36:00,008 - JSPGymEnvironment - INFO - Material change on machine M3: E-Bike_Laufraeder_montiert -> Racebike_Steuerrohr_montiert, setup time: 22
2025-06-19 11:36:00,008 - JSPGymEnvironment - INFO - Executed operation: Job J9, Op 3, Machine M3, Start: 4230, End: 4255, Setup: 22
2025-06-19 11:36:00,008 - JSPGymEnvironment - INFO - 
===== REWARD DETAILS FOR STEP 73 =====
Job: J9, Operation: 3, Job Completed: False
Current Time: 4208.00 -> 4255.00, Setup Time: 22.00
Processing Time: 25.00, Idle Time: 0.00
Completed Jobs: 9/20
Machine: M3, Material: Racebike_Steuerrohr_montiert

REWARD COMPONENTS:
- makespan_reward: -0.2350
- setup_reward: -5.5000
- deadline_reward: 0.0000
- priority_reward: 0.0000
- critical_job_reward: 0.5000
- placement_reward: 0.0000
- timeliness_reward: -4.8732
- machine_idle_penalty: -6.2500

TOTAL REWARD: -16.3582

CUMULATIVE REWARD COMPONENTS:
- makespan_reward: -21.2750
- setup_reward: -493.5000
- deadline_reward: 96.9312
- priority_reward: 240.0000
- critical_job_reward: 66.5383
- placement_reward: 0.0000
- timeliness_reward: 326.9891
- machine_idle_penalty: -318.2000

CUMULATIVE TOTAL: -102.5164

CRITICAL STATE INFO:
- Valid actions: ['J1', 'J2', 'J4', 'J7', 'J9', 'J12', 'J13', 'J16', 'J17', 'J18', 'J19']
- Machine states:
  - Machine M1: Time=3945.00, Idle=310.00, Material=Racebike_Antrieb_installiert
  - Machine M2: Time=4065.00, Idle=190.00, Material=E-Bike_Laufraeder_montiert
  - Machine M3: Time=4255.00, Idle=0.00, Material=Racebike_Steuerrohr_montiert
==================================================

2025-06-19 11:36:00,017 - JSPGymEnvironment - INFO - Material change on machine M2: E-Bike_Laufraeder_montiert -> E-Bike_Rahmen_komplettiert, setup time: 20
2025-06-19 11:36:00,017 - JSPGymEnvironment - INFO - Executed operation: Job J1, Op 2, Machine M2, Start: 4275, End: 4304, Setup: 20
2025-06-19 11:36:00,017 - JSPGymEnvironment - INFO - 
===== REWARD DETAILS FOR STEP 74 =====
Job: J1, Operation: 2, Job Completed: False
Current Time: 4255.00 -> 4304.00, Setup Time: 20.00
Processing Time: 29.00, Idle Time: 0.00
Completed Jobs: 9/20
Machine: M2, Material: E-Bike_Rahmen_komplettiert

REWARD COMPONENTS:
- makespan_reward: -0.2450
- setup_reward: -5.0000
- deadline_reward: 0.0000
- priority_reward: 0.0000
- critical_job_reward: 0.0000
- placement_reward: 0.0000
- timeliness_reward: -4.9422
- machine_idle_penalty: -5.1000

TOTAL REWARD: -15.2872

CUMULATIVE REWARD COMPONENTS:
- makespan_reward: -21.5200
- setup_reward: -498.5000
- deadline_reward: 96.9312
- priority_reward: 240.0000
- critical_job_reward: 66.5383
- placement_reward: 0.0000
- timeliness_reward: 322.0470
- machine_idle_penalty: -323.3000

CUMULATIVE TOTAL: -117.8035

CRITICAL STATE INFO:
- Valid actions: ['J1', 'J2', 'J4', 'J7', 'J9', 'J12', 'J13', 'J16', 'J17', 'J18', 'J19']
- Machine states:
  - Machine M1: Time=3945.00, Idle=359.00, Material=Racebike_Antrieb_installiert
  - Machine M2: Time=4304.00, Idle=0.00, Material=E-Bike_Rahmen_komplettiert
  - Machine M3: Time=4255.00, Idle=49.00, Material=Racebike_Steuerrohr_montiert
==================================================

2025-06-19 11:36:00,026 - JSPGymEnvironment - INFO - Material change on machine M1: Racebike_Antrieb_installiert -> Citybike_Schaltauge_bearbeitet, setup time: 41
2025-06-19 11:36:00,026 - JSPGymEnvironment - INFO - Executed operation: Job J18, Op 3, Machine M1, Start: 4345, End: 4386, Setup: 41
2025-06-19 11:36:00,026 - JSPGymEnvironment - INFO - 
===== REWARD DETAILS FOR STEP 75 =====
Job: J18, Operation: 3, Job Completed: False
Current Time: 4304.00 -> 4386.00, Setup Time: 41.00
Processing Time: 41.00, Idle Time: 0.00
Completed Jobs: 9/20
Machine: M1, Material: Citybike_Schaltauge_bearbeitet

REWARD COMPONENTS:
- makespan_reward: -0.4100
- setup_reward: -10.2500
- deadline_reward: 0.0000
- priority_reward: 0.0000
- critical_job_reward: 0.0000
- placement_reward: 0.0000
- timeliness_reward: -5.0437
- machine_idle_penalty: -2.6625

TOTAL REWARD: -18.3662

CUMULATIVE REWARD COMPONENTS:
- makespan_reward: -21.9300
- setup_reward: -508.7500
- deadline_reward: 96.9312
- priority_reward: 240.0000
- critical_job_reward: 66.5383
- placement_reward: 0.0000
- timeliness_reward: 317.0032
- machine_idle_penalty: -325.9625

CUMULATIVE TOTAL: -136.1698

CRITICAL STATE INFO:
- Valid actions: ['J1', 'J2', 'J4', 'J7', 'J9', 'J12', 'J13', 'J16', 'J17', 'J18', 'J19']
- Machine states:
  - Machine M1: Time=4386.00, Idle=0.00, Material=Citybike_Schaltauge_bearbeitet
  - Machine M2: Time=4304.00, Idle=82.00, Material=E-Bike_Rahmen_komplettiert
  - Machine M3: Time=4255.00, Idle=131.00, Material=Racebike_Steuerrohr_montiert
==================================================

2025-06-19 11:36:00,035 - JSPGymEnvironment - INFO - Material change on machine M3: Racebike_Steuerrohr_montiert -> Racebike_Laufraeder_montiert, setup time: 15
2025-06-19 11:36:00,035 - JSPGymEnvironment - INFO - Executed operation: Job J13, Op 0, Machine M3, Start: 4401, End: 4428, Setup: 15
2025-06-19 11:36:00,035 - JSPGymEnvironment - INFO - 
===== REWARD DETAILS FOR STEP 76 =====
Job: J13, Operation: 0, Job Completed: False
Current Time: 4386.00 -> 4428.00, Setup Time: 15.00
Processing Time: 27.00, Idle Time: 0.00
Completed Jobs: 9/20
Machine: M3, Material: Racebike_Laufraeder_montiert

REWARD COMPONENTS:
- makespan_reward: -0.2100
- setup_reward: -3.7500
- deadline_reward: 0.0000
- priority_reward: 0.0000
- critical_job_reward: 0.0000
- placement_reward: 0.0000
- timeliness_reward: -5.0897
- machine_idle_penalty: -2.0750

TOTAL REWARD: -11.1247

CUMULATIVE REWARD COMPONENTS:
- makespan_reward: -22.1400
- setup_reward: -512.5000
- deadline_reward: 96.9312
- priority_reward: 240.0000
- critical_job_reward: 66.5383
- placement_reward: 0.0000
- timeliness_reward: 311.9135
- machine_idle_penalty: -328.0375

CUMULATIVE TOTAL: -147.2945

CRITICAL STATE INFO:
- Valid actions: ['J1', 'J2', 'J4', 'J7', 'J9', 'J12', 'J13', 'J16', 'J17', 'J18', 'J19']
- Machine states:
  - Machine M1: Time=4386.00, Idle=42.00, Material=Citybike_Schaltauge_bearbeitet
  - Machine M2: Time=4304.00, Idle=124.00, Material=E-Bike_Rahmen_komplettiert
  - Machine M3: Time=4428.00, Idle=0.00, Material=Racebike_Laufraeder_montiert
==================================================

2025-06-19 11:36:00,043 - JSPGymEnvironment - INFO - Material change on machine M1: Citybike_Schaltauge_bearbeitet -> E-Bike_Bremsen_justiert, setup time: 50
2025-06-19 11:36:00,043 - JSPGymEnvironment - INFO - Executed operation: Job J1, Op 3, Machine M1, Start: 4478, End: 4495, Setup: 50
2025-06-19 11:36:00,043 - JSPGymEnvironment - INFO - 
===== REWARD DETAILS FOR STEP 77 =====
Job: J1, Operation: 3, Job Completed: False
Current Time: 4428.00 -> 4495.00, Setup Time: 50.00
Processing Time: 17.00, Idle Time: 0.00
Completed Jobs: 9/20
Machine: M1, Material: E-Bike_Bremsen_justiert

REWARD COMPONENTS:
- makespan_reward: -0.3350
- setup_reward: -12.5000
- deadline_reward: 0.0000
- priority_reward: 0.0000
- critical_job_reward: 0.0000
- placement_reward: 0.0000
- timeliness_reward: -5.1556
- machine_idle_penalty: -3.2250

TOTAL REWARD: -21.2156

CUMULATIVE REWARD COMPONENTS:
- makespan_reward: -22.4750
- setup_reward: -525.0000
- deadline_reward: 96.9312
- priority_reward: 240.0000
- critical_job_reward: 66.5383
- placement_reward: 0.0000
- timeliness_reward: 306.7579
- machine_idle_penalty: -331.2625

CUMULATIVE TOTAL: -168.5101

CRITICAL STATE INFO:
- Valid actions: ['J1', 'J2', 'J4', 'J7', 'J9', 'J12', 'J13', 'J16', 'J17', 'J18', 'J19']
- Machine states:
  - Machine M1: Time=4495.00, Idle=0.00, Material=E-Bike_Bremsen_justiert
  - Machine M2: Time=4304.00, Idle=191.00, Material=E-Bike_Rahmen_komplettiert
  - Machine M3: Time=4428.00, Idle=67.00, Material=Racebike_Laufraeder_montiert
==================================================

2025-06-19 11:36:00,053 - JSPGymEnvironment - INFO - Material change on machine M2: E-Bike_Rahmen_komplettiert -> E-Bike_Rahmen_lackiert, setup time: 20
2025-06-19 11:36:00,053 - JSPGymEnvironment - INFO - Executed operation: Job J1, Op 4, Machine M2, Start: 4515, End: 4535, Setup: 20
2025-06-19 11:36:00,054 - JSPGymEnvironment - INFO - 
===== REWARD DETAILS FOR STEP 78 =====
Job: J1, Operation: 4, Job Completed: False
Current Time: 4495.00 -> 4535.00, Setup Time: 20.00
Processing Time: 20.00, Idle Time: 0.00
Completed Jobs: 9/20
Machine: M2, Material: E-Bike_Rahmen_lackiert

REWARD COMPONENTS:
- makespan_reward: -0.2000
- setup_reward: -5.0000
- deadline_reward: 0.0000
- priority_reward: 0.0000
- critical_job_reward: 0.0000
- placement_reward: 0.0000
- timeliness_reward: -5.1909
- machine_idle_penalty: -1.8375

TOTAL REWARD: -12.2284

CUMULATIVE REWARD COMPONENTS:
- makespan_reward: -22.6750
- setup_reward: -530.0000
- deadline_reward: 96.9312
- priority_reward: 240.0000
- critical_job_reward: 66.5383
- placement_reward: 0.0000
- timeliness_reward: 301.5670
- machine_idle_penalty: -333.1000

CUMULATIVE TOTAL: -180.7385

CRITICAL STATE INFO:
- Valid actions: ['J1', 'J2', 'J4', 'J7', 'J9', 'J12', 'J13', 'J16', 'J17', 'J18', 'J19']
- Machine states:
  - Machine M1: Time=4495.00, Idle=40.00, Material=E-Bike_Bremsen_justiert
  - Machine M2: Time=4535.00, Idle=0.00, Material=E-Bike_Rahmen_lackiert
  - Machine M3: Time=4428.00, Idle=107.00, Material=Racebike_Laufraeder_montiert
==================================================

2025-06-19 11:36:00,063 - JSPGymEnvironment - INFO - Material change on machine M2: E-Bike_Rahmen_lackiert -> E-Bike_Steuerrohr_montiert, setup time: 20
2025-06-19 11:36:00,063 - JSPGymEnvironment - INFO - Executed operation: Job J1, Op 5, Machine M2, Start: 4555, End: 4570, Setup: 20
2025-06-19 11:36:00,063 - JSPGymEnvironment - INFO - 
===== REWARD DETAILS FOR STEP 79 =====
Job: J1, Operation: 5, Job Completed: False
Current Time: 4535.00 -> 4570.00, Setup Time: 20.00
Processing Time: 15.00, Idle Time: 0.00
Completed Jobs: 9/20
Machine: M2, Material: E-Bike_Steuerrohr_montiert

REWARD COMPONENTS:
- makespan_reward: -0.1750
- setup_reward: -5.0000
- deadline_reward: 0.0000
- priority_reward: 0.0000
- critical_job_reward: 0.0000
- placement_reward: 0.0000
- timeliness_reward: -5.2195
- machine_idle_penalty: -2.7125

TOTAL REWARD: -13.1070

CUMULATIVE REWARD COMPONENTS:
- makespan_reward: -22.8500
- setup_reward: -535.0000
- deadline_reward: 96.9312
- priority_reward: 240.0000
- critical_job_reward: 66.5383
- placement_reward: 0.0000
- timeliness_reward: 296.3475
- machine_idle_penalty: -335.8125

CUMULATIVE TOTAL: -193.8455

CRITICAL STATE INFO:
- Valid actions: ['J1', 'J2', 'J4', 'J7', 'J9', 'J12', 'J13', 'J16', 'J17', 'J18', 'J19']
- Machine states:
  - Machine M1: Time=4495.00, Idle=75.00, Material=E-Bike_Bremsen_justiert
  - Machine M2: Time=4570.00, Idle=0.00, Material=E-Bike_Steuerrohr_montiert
  - Machine M3: Time=4428.00, Idle=142.00, Material=Racebike_Laufraeder_montiert
==================================================

2025-06-19 11:36:00,072 - JSPGymEnvironment - INFO - Material change on machine M3: Racebike_Laufraeder_montiert -> Racebike_Tretlageraufnahme_geschweisst, setup time: 15
2025-06-19 11:36:00,072 - JSPGymEnvironment - INFO - Executed operation: Job J9, Op 4, Machine M3, Start: 4585, End: 4627, Setup: 15
2025-06-19 11:36:00,072 - JSPGymEnvironment - INFO - 
===== REWARD DETAILS FOR STEP 80 =====
Job: J9, Operation: 4, Job Completed: False
Current Time: 4570.00 -> 4627.00, Setup Time: 15.00
Processing Time: 42.00, Idle Time: 0.00
Completed Jobs: 9/20
Machine: M3, Material: Racebike_Tretlageraufnahme_geschweisst

REWARD COMPONENTS:
- makespan_reward: -0.2850
- setup_reward: -3.7500
- deadline_reward: 0.0000
- priority_reward: 0.0000
- critical_job_reward: 0.5000
- placement_reward: 0.0000
- timeliness_reward: -5.2620
- machine_idle_penalty: -2.3625

TOTAL REWARD: -11.1595

CUMULATIVE REWARD COMPONENTS:
- makespan_reward: -23.1350
- setup_reward: -538.7500
- deadline_reward: 96.9312
- priority_reward: 240.0000
- critical_job_reward: 67.0383
- placement_reward: 0.0000
- timeliness_reward: 291.0855
- machine_idle_penalty: -338.1750

CUMULATIVE TOTAL: -205.0050

CRITICAL STATE INFO:
- Valid actions: ['J1', 'J2', 'J4', 'J7', 'J9', 'J12', 'J13', 'J16', 'J17', 'J18', 'J19']
- Machine states:
  - Machine M1: Time=4495.00, Idle=132.00, Material=E-Bike_Bremsen_justiert
  - Machine M2: Time=4570.00, Idle=57.00, Material=E-Bike_Steuerrohr_montiert
  - Machine M3: Time=4627.00, Idle=0.00, Material=Racebike_Tretlageraufnahme_geschweisst
==================================================

2025-06-19 11:36:00,080 - JSPGymEnvironment - INFO - Material change on machine M1: E-Bike_Bremsen_justiert -> Citybike_Bremsen_justiert, setup time: 55
2025-06-19 11:36:00,080 - JSPGymEnvironment - INFO - Executed operation: Job J18, Op 4, Machine M1, Start: 4682, End: 4711, Setup: 55
2025-06-19 11:36:00,080 - JSPGymEnvironment - INFO - 
===== REWARD DETAILS FOR STEP 81 =====
Job: J18, Operation: 4, Job Completed: False
Current Time: 4627.00 -> 4711.00, Setup Time: 55.00
Processing Time: 29.00, Idle Time: 0.00
Completed Jobs: 9/20
Machine: M1, Material: Citybike_Bremsen_justiert

REWARD COMPONENTS:
- makespan_reward: -0.4200
- setup_reward: -13.7500
- deadline_reward: 0.0000
- priority_reward: 0.0000
- critical_job_reward: 0.0000
- placement_reward: 0.0000
- timeliness_reward: -5.3163
- machine_idle_penalty: -2.8125

TOTAL REWARD: -22.2988

CUMULATIVE REWARD COMPONENTS:
- makespan_reward: -23.5550
- setup_reward: -552.5000
- deadline_reward: 96.9312
- priority_reward: 240.0000
- critical_job_reward: 67.0383
- placement_reward: 0.0000
- timeliness_reward: 285.7692
- machine_idle_penalty: -340.9875

CUMULATIVE TOTAL: -227.3038

CRITICAL STATE INFO:
- Valid actions: ['J1', 'J2', 'J4', 'J7', 'J9', 'J12', 'J13', 'J16', 'J17', 'J18', 'J19']
- Machine states:
  - Machine M1: Time=4711.00, Idle=0.00, Material=Citybike_Bremsen_justiert
  - Machine M2: Time=4570.00, Idle=141.00, Material=E-Bike_Steuerrohr_montiert
  - Machine M3: Time=4627.00, Idle=84.00, Material=Racebike_Tretlageraufnahme_geschweisst
==================================================

2025-06-19 11:36:00,089 - JSPGymEnvironment - INFO - Material change on machine M2: E-Bike_Steuerrohr_montiert -> Citybike_Hauptrahmen_zugeschnitten, setup time: 21
2025-06-19 11:36:00,089 - JSPGymEnvironment - INFO - Executed operation: Job J19, Op 2, Machine M2, Start: 4732, End: 4747, Setup: 21
2025-06-19 11:36:00,089 - JSPGymEnvironment - INFO - 
===== REWARD DETAILS FOR STEP 82 =====
Job: J19, Operation: 2, Job Completed: False
Current Time: 4711.00 -> 4747.00, Setup Time: 21.00
Processing Time: 15.00, Idle Time: 0.00
Completed Jobs: 9/20
Machine: M2, Material: Citybike_Hauptrahmen_zugeschnitten

REWARD COMPONENTS:
- makespan_reward: -0.1800
- setup_reward: -5.2500
- deadline_reward: 0.0000
- priority_reward: 0.0000
- critical_job_reward: 0.0000
- placement_reward: 0.0000
- timeliness_reward: -5.3369
- machine_idle_penalty: -1.9500

TOTAL REWARD: -12.7169

CUMULATIVE REWARD COMPONENTS:
- makespan_reward: -23.7350
- setup_reward: -557.7500
- deadline_reward: 96.9312
- priority_reward: 240.0000
- critical_job_reward: 67.0383
- placement_reward: 0.0000
- timeliness_reward: 280.4323
- machine_idle_penalty: -342.9375

CUMULATIVE TOTAL: -240.0207

CRITICAL STATE INFO:
- Valid actions: ['J1', 'J2', 'J4', 'J7', 'J9', 'J12', 'J13', 'J16', 'J17', 'J18', 'J19']
- Machine states:
  - Machine M1: Time=4711.00, Idle=36.00, Material=Citybike_Bremsen_justiert
  - Machine M2: Time=4747.00, Idle=0.00, Material=Citybike_Hauptrahmen_zugeschnitten
  - Machine M3: Time=4627.00, Idle=120.00, Material=Racebike_Tretlageraufnahme_geschweisst
==================================================

2025-06-19 11:36:00,098 - JSPGymEnvironment - INFO - Material change on machine M2: Citybike_Hauptrahmen_zugeschnitten -> Racebike_Fahrrad_endmontiert, setup time: 19
2025-06-19 11:36:00,098 - JSPGymEnvironment - INFO - Executed operation: Job J12, Op 1, Machine M2, Start: 4766, End: 4777, Setup: 19
2025-06-19 11:36:00,098 - JSPGymEnvironment - INFO - 
===== REWARD DETAILS FOR STEP 83 =====
Job: J12, Operation: 1, Job Completed: False
Current Time: 4747.00 -> 4777.00, Setup Time: 19.00
Processing Time: 11.00, Idle Time: 0.00
Completed Jobs: 9/20
Machine: M2, Material: Racebike_Fahrrad_endmontiert

REWARD COMPONENTS:
- makespan_reward: -0.1500
- setup_reward: -4.7500
- deadline_reward: 0.0000
- priority_reward: 0.0000
- critical_job_reward: 0.5000
- placement_reward: 0.0000
- timeliness_reward: -5.3529
- machine_idle_penalty: -2.7000

TOTAL REWARD: -12.4529

CUMULATIVE REWARD COMPONENTS:
- makespan_reward: -23.8850
- setup_reward: -562.5000
- deadline_reward: 96.9312
- priority_reward: 240.0000
- critical_job_reward: 67.5383
- placement_reward: 0.0000
- timeliness_reward: 275.0794
- machine_idle_penalty: -345.6375

CUMULATIVE TOTAL: -252.4736

CRITICAL STATE INFO:
- Valid actions: ['J1', 'J2', 'J4', 'J7', 'J9', 'J12', 'J13', 'J16', 'J17', 'J18', 'J19']
- Machine states:
  - Machine M1: Time=4711.00, Idle=66.00, Material=Citybike_Bremsen_justiert
  - Machine M2: Time=4777.00, Idle=0.00, Material=Racebike_Fahrrad_endmontiert
  - Machine M3: Time=4627.00, Idle=150.00, Material=Racebike_Tretlageraufnahme_geschweisst
==================================================

2025-06-19 11:36:00,108 - JSPGymEnvironment - INFO - Material change on machine M3: Racebike_Tretlageraufnahme_geschweisst -> Racebike_Rahmen_nachbearbeitet, setup time: 15
2025-06-19 11:36:00,108 - JSPGymEnvironment - INFO - Executed operation: Job J9, Op 5, Machine M3, Start: 4792, End: 4843, Setup: 15
2025-06-19 11:36:00,108 - JSPGymEnvironment - INFO - Job J9 completed at time 4843, deadline: 2835, met: False, priority: 9
2025-06-19 11:36:00,108 - JSPGymEnvironment - INFO - 
===== REWARD DETAILS FOR STEP 84 =====
Job: J9, Operation: 5, Job Completed: True
Current Time: 4777.00 -> 4843.00, Setup Time: 15.00
Processing Time: 51.00, Idle Time: 0.00
Completed Jobs: 10/20
Machine: M3, Material: Racebike_Rahmen_nachbearbeitet
Job Deadline: 2835.00 (Missed), Priority: 9

REWARD COMPONENTS:
- makespan_reward: -0.3300
- setup_reward: -3.7500
- deadline_reward: -1.7707
- priority_reward: 36.0000
- critical_job_reward: 4.0005
- placement_reward: 0.0000
- timeliness_reward: -5.3862
- machine_idle_penalty: -2.4750

TOTAL REWARD: 26.2886

CUMULATIVE REWARD COMPONENTS:
- makespan_reward: -24.2150
- setup_reward: -566.2500
- deadline_reward: 95.1605
- priority_reward: 276.0000
- critical_job_reward: 71.5388
- placement_reward: 0.0000
- timeliness_reward: 269.6932
- machine_idle_penalty: -348.1125

CUMULATIVE TOTAL: -226.1850

CRITICAL STATE INFO:
- Valid actions: ['J1', 'J2', 'J4', 'J7', 'J12', 'J13', 'J16', 'J17', 'J18', 'J19']
- Machine states:
  - Machine M1: Time=4711.00, Idle=132.00, Material=Citybike_Bremsen_justiert
  - Machine M2: Time=4777.00, Idle=66.00, Material=Racebike_Fahrrad_endmontiert
  - Machine M3: Time=4843.00, Idle=0.00, Material=Racebike_Rahmen_nachbearbeitet
==================================================

2025-06-19 11:36:00,108 - JSPGymEnvironment - INFO - Retro-Bonus für Job J9: -5.0
2025-06-19 11:36:00,117 - JSPGymEnvironment - INFO - Material change on machine M1: Citybike_Bremsen_justiert -> E-Bike_Rahmen_nachbearbeitet, setup time: 50
2025-06-19 11:36:00,117 - JSPGymEnvironment - INFO - Executed operation: Job J4, Op 0, Machine M1, Start: 4893, End: 4930, Setup: 50
2025-06-19 11:36:00,117 - JSPGymEnvironment - INFO - 
===== REWARD DETAILS FOR STEP 85 =====
Job: J4, Operation: 0, Job Completed: False
Current Time: 4843.00 -> 4930.00, Setup Time: 50.00
Processing Time: 37.00, Idle Time: 0.00
Completed Jobs: 10/20
Machine: M1, Material: E-Bike_Rahmen_nachbearbeitet

REWARD COMPONENTS:
- makespan_reward: -0.4350
- setup_reward: -12.5000
- deadline_reward: 0.0000
- priority_reward: 0.0000
- critical_job_reward: 0.5000
- placement_reward: 0.0000
- timeliness_reward: -5.4219
- machine_idle_penalty: -3.0000

TOTAL REWARD: -20.8569

CUMULATIVE REWARD COMPONENTS:
- makespan_reward: -24.6500
- setup_reward: -578.7500
- deadline_reward: 95.1605
- priority_reward: 276.0000
- critical_job_reward: 72.0388
- placement_reward: 0.0000
- timeliness_reward: 264.2713
- machine_idle_penalty: -351.1125

CUMULATIVE TOTAL: -247.0419

CRITICAL STATE INFO:
- Valid actions: ['J1', 'J2', 'J4', 'J7', 'J12', 'J13', 'J16', 'J17', 'J18', 'J19']
- Machine states:
  - Machine M1: Time=4930.00, Idle=0.00, Material=E-Bike_Rahmen_nachbearbeitet
  - Machine M2: Time=4777.00, Idle=153.00, Material=Racebike_Fahrrad_endmontiert
  - Machine M3: Time=4843.00, Idle=87.00, Material=Racebike_Rahmen_nachbearbeitet
==================================================

2025-06-19 11:36:00,126 - JSPGymEnvironment - INFO - Material change on machine M3: Racebike_Rahmen_nachbearbeitet -> E-Bike_Fahrrad_endmontiert, setup time: 21
2025-06-19 11:36:00,126 - JSPGymEnvironment - INFO - Executed operation: Job J7, Op 3, Machine M3, Start: 4951, End: 5004, Setup: 21
2025-06-19 11:36:00,126 - JSPGymEnvironment - INFO - 
===== REWARD DETAILS FOR STEP 86 =====
Job: J7, Operation: 3, Job Completed: False
Current Time: 4930.00 -> 5004.00, Setup Time: 21.00
Processing Time: 53.00, Idle Time: 0.00
Completed Jobs: 10/20
Machine: M3, Material: E-Bike_Fahrrad_endmontiert

REWARD COMPONENTS:
- makespan_reward: -0.3700
- setup_reward: -5.2500
- deadline_reward: 0.0000
- priority_reward: 0.0000
- critical_job_reward: 0.0000
- placement_reward: 0.0000
- timeliness_reward: -5.4476
- machine_idle_penalty: -3.7625

TOTAL REWARD: -14.8301

CUMULATIVE REWARD COMPONENTS:
- makespan_reward: -25.0200
- setup_reward: -584.0000
- deadline_reward: 95.1605
- priority_reward: 276.0000
- critical_job_reward: 72.0388
- placement_reward: 0.0000
- timeliness_reward: 258.8237
- machine_idle_penalty: -354.8750

CUMULATIVE TOTAL: -261.8720

CRITICAL STATE INFO:
- Valid actions: ['J1', 'J2', 'J4', 'J7', 'J12', 'J13', 'J16', 'J17', 'J18', 'J19']
- Machine states:
  - Machine M1: Time=4930.00, Idle=74.00, Material=E-Bike_Rahmen_nachbearbeitet
  - Machine M2: Time=4777.00, Idle=227.00, Material=Racebike_Fahrrad_endmontiert
  - Machine M3: Time=5004.00, Idle=0.00, Material=E-Bike_Fahrrad_endmontiert
==================================================

2025-06-19 11:36:00,135 - JSPGymEnvironment - INFO - Material change on machine M3: E-Bike_Fahrrad_endmontiert -> Citybike_Bremsaufnahme_gebohrt, setup time: 15
2025-06-19 11:36:00,135 - JSPGymEnvironment - INFO - Executed operation: Job J19, Op 3, Machine M3, Start: 5019, End: 5062, Setup: 15
2025-06-19 11:36:00,136 - JSPGymEnvironment - INFO - 
===== REWARD DETAILS FOR STEP 87 =====
Job: J19, Operation: 3, Job Completed: False
Current Time: 5004.00 -> 5062.00, Setup Time: 15.00
Processing Time: 43.00, Idle Time: 0.00
Completed Jobs: 10/20
Machine: M3, Material: Citybike_Bremsaufnahme_gebohrt

REWARD COMPONENTS:
- makespan_reward: -0.2900
- setup_reward: -3.7500
- deadline_reward: 0.0000
- priority_reward: 0.0000
- critical_job_reward: 0.0000
- placement_reward: 0.0000
- timeliness_reward: -5.4652
- machine_idle_penalty: -5.2125

TOTAL REWARD: -14.7177

CUMULATIVE REWARD COMPONENTS:
- makespan_reward: -25.3100
- setup_reward: -587.7500
- deadline_reward: 95.1605
- priority_reward: 276.0000
- critical_job_reward: 72.0388
- placement_reward: 0.0000
- timeliness_reward: 253.3586
- machine_idle_penalty: -360.0875

CUMULATIVE TOTAL: -276.5897

CRITICAL STATE INFO:
- Valid actions: ['J1', 'J2', 'J4', 'J7', 'J12', 'J13', 'J16', 'J17', 'J18', 'J19']
- Machine states:
  - Machine M1: Time=4930.00, Idle=132.00, Material=E-Bike_Rahmen_nachbearbeitet
  - Machine M2: Time=4777.00, Idle=285.00, Material=Racebike_Fahrrad_endmontiert
  - Machine M3: Time=5062.00, Idle=0.00, Material=Citybike_Bremsaufnahme_gebohrt
==================================================

2025-06-19 11:36:00,144 - JSPGymEnvironment - INFO - Material change on machine M1: E-Bike_Rahmen_nachbearbeitet -> Citybike_Hinterbau_vorbereitet, setup time: 55
2025-06-19 11:36:00,144 - JSPGymEnvironment - INFO - Executed operation: Job J18, Op 5, Machine M1, Start: 5117, End: 5133, Setup: 55
2025-06-19 11:36:00,144 - JSPGymEnvironment - INFO - 
===== REWARD DETAILS FOR STEP 88 =====
Job: J18, Operation: 5, Job Completed: False
Current Time: 5062.00 -> 5133.00, Setup Time: 55.00
Processing Time: 16.00, Idle Time: 0.00
Completed Jobs: 10/20
Machine: M1, Material: Citybike_Hinterbau_vorbereitet

REWARD COMPONENTS:
- makespan_reward: -0.3550
- setup_reward: -13.7500
- deadline_reward: 0.0000
- priority_reward: 0.0000
- critical_job_reward: 0.0000
- placement_reward: 0.0000
- timeliness_reward: -5.4839
- machine_idle_penalty: -5.3375

TOTAL REWARD: -24.9264

CUMULATIVE REWARD COMPONENTS:
- makespan_reward: -25.6650
- setup_reward: -601.5000
- deadline_reward: 95.1605
- priority_reward: 276.0000
- critical_job_reward: 72.0388
- placement_reward: 0.0000
- timeliness_reward: 247.8746
- machine_idle_penalty: -365.4250

CUMULATIVE TOTAL: -301.5161

CRITICAL STATE INFO:
- Valid actions: ['J1', 'J2', 'J4', 'J7', 'J12', 'J13', 'J16', 'J17', 'J18', 'J19']
- Machine states:
  - Machine M1: Time=5133.00, Idle=0.00, Material=Citybike_Hinterbau_vorbereitet
  - Machine M2: Time=4777.00, Idle=356.00, Material=Racebike_Fahrrad_endmontiert
  - Machine M3: Time=5062.00, Idle=71.00, Material=Citybike_Bremsaufnahme_gebohrt
==================================================

2025-06-19 11:36:00,153 - JSPGymEnvironment - INFO - Material change on machine M1: Citybike_Hinterbau_vorbereitet -> Citybike_Rahmen_komplettiert, setup time: 40
2025-06-19 11:36:00,153 - JSPGymEnvironment - INFO - Executed operation: Job J19, Op 4, Machine M1, Start: 5173, End: 5213, Setup: 40
2025-06-19 11:36:00,153 - JSPGymEnvironment - INFO - 
===== REWARD DETAILS FOR STEP 89 =====
Job: J19, Operation: 4, Job Completed: False
Current Time: 5133.00 -> 5213.00, Setup Time: 40.00
Processing Time: 40.00, Idle Time: 0.00
Completed Jobs: 10/20
Machine: M1, Material: Citybike_Rahmen_komplettiert

REWARD COMPONENTS:
- makespan_reward: -0.4000
- setup_reward: -10.0000
- deadline_reward: 0.0000
- priority_reward: 0.0000
- critical_job_reward: 0.0000
- placement_reward: 0.0000
- timeliness_reward: -5.5020
- machine_idle_penalty: -7.3375

TOTAL REWARD: -23.2395

CUMULATIVE REWARD COMPONENTS:
- makespan_reward: -26.0650
- setup_reward: -611.5000
- deadline_reward: 95.1605
- priority_reward: 276.0000
- critical_job_reward: 72.0388
- placement_reward: 0.0000
- timeliness_reward: 242.3727
- machine_idle_penalty: -372.7625

CUMULATIVE TOTAL: -324.7555

CRITICAL STATE INFO:
- Valid actions: ['J1', 'J2', 'J4', 'J7', 'J12', 'J13', 'J16', 'J17', 'J18', 'J19']
- Machine states:
  - Machine M1: Time=5213.00, Idle=0.00, Material=Citybike_Rahmen_komplettiert
  - Machine M2: Time=4777.00, Idle=436.00, Material=Racebike_Fahrrad_endmontiert
  - Machine M3: Time=5062.00, Idle=151.00, Material=Citybike_Bremsaufnahme_gebohrt
==================================================

2025-06-19 11:36:00,162 - JSPGymEnvironment - INFO - Material change on machine M3: Citybike_Bremsaufnahme_gebohrt -> E-Bike_Fahrrad_endmontiert, setup time: 25
2025-06-19 11:36:00,162 - JSPGymEnvironment - INFO - Executed operation: Job J4, Op 1, Machine M3, Start: 5238, End: 5293, Setup: 25
2025-06-19 11:36:00,162 - JSPGymEnvironment - INFO - 
===== REWARD DETAILS FOR STEP 90 =====
Job: J4, Operation: 1, Job Completed: False
Current Time: 5213.00 -> 5293.00, Setup Time: 25.00
Processing Time: 55.00, Idle Time: 0.00
Completed Jobs: 10/20
Machine: M3, Material: E-Bike_Fahrrad_endmontiert

REWARD COMPONENTS:
- makespan_reward: -0.4000
- setup_reward: -6.2500
- deadline_reward: 0.0000
- priority_reward: 0.0000
- critical_job_reward: 0.5000
- placement_reward: 0.0000
- timeliness_reward: -5.5172
- machine_idle_penalty: -7.4500

TOTAL REWARD: -19.1172

CUMULATIVE REWARD COMPONENTS:
- makespan_reward: -26.4650
- setup_reward: -617.7500
- deadline_reward: 95.1605
- priority_reward: 276.0000
- critical_job_reward: 72.5388
- placement_reward: 0.0000
- timeliness_reward: 236.8554
- machine_idle_penalty: -380.2125

CUMULATIVE TOTAL: -343.8728

CRITICAL STATE INFO:
- Valid actions: ['J1', 'J2', 'J4', 'J7', 'J12', 'J13', 'J16', 'J17', 'J18', 'J19']
- Machine states:
  - Machine M1: Time=5213.00, Idle=80.00, Material=Citybike_Rahmen_komplettiert
  - Machine M2: Time=4777.00, Idle=516.00, Material=Racebike_Fahrrad_endmontiert
  - Machine M3: Time=5293.00, Idle=0.00, Material=E-Bike_Fahrrad_endmontiert
==================================================

2025-06-19 11:36:00,171 - JSPGymEnvironment - INFO - Material change on machine M1: Citybike_Rahmen_komplettiert -> E-Bike_Antrieb_installiert, setup time: 50
2025-06-19 11:36:00,171 - JSPGymEnvironment - INFO - Executed operation: Job J7, Op 4, Machine M1, Start: 5343, End: 5368, Setup: 50
2025-06-19 11:36:00,172 - JSPGymEnvironment - INFO - 
===== REWARD DETAILS FOR STEP 91 =====
Job: J7, Operation: 4, Job Completed: False
Current Time: 5293.00 -> 5368.00, Setup Time: 50.00
Processing Time: 25.00, Idle Time: 0.00
Completed Jobs: 10/20
Machine: M1, Material: E-Bike_Antrieb_installiert

REWARD COMPONENTS:
- makespan_reward: -0.3750
- setup_reward: -12.5000
- deadline_reward: 0.0000
- priority_reward: 0.0000
- critical_job_reward: 0.0000
- placement_reward: 0.0000
- timeliness_reward: -5.5294
- machine_idle_penalty: -8.3250

TOTAL REWARD: -26.7294

CUMULATIVE REWARD COMPONENTS:
- makespan_reward: -26.8400
- setup_reward: -630.2500
- deadline_reward: 95.1605
- priority_reward: 276.0000
- critical_job_reward: 72.5388
- placement_reward: 0.0000
- timeliness_reward: 231.3260
- machine_idle_penalty: -388.5375

CUMULATIVE TOTAL: -370.6022

CRITICAL STATE INFO:
- Valid actions: ['J1', 'J2', 'J4', 'J7', 'J12', 'J13', 'J16', 'J17', 'J18', 'J19']
- Machine states:
  - Machine M1: Time=5368.00, Idle=0.00, Material=E-Bike_Antrieb_installiert
  - Machine M2: Time=4777.00, Idle=591.00, Material=Racebike_Fahrrad_endmontiert
  - Machine M3: Time=5293.00, Idle=75.00, Material=E-Bike_Fahrrad_endmontiert
==================================================

2025-06-19 11:36:00,180 - JSPGymEnvironment - INFO - Material change on machine M3: E-Bike_Fahrrad_endmontiert -> Citybike_Rahmen_lackiert, setup time: 15
2025-06-19 11:36:00,180 - JSPGymEnvironment - INFO - Executed operation: Job J19, Op 5, Machine M3, Start: 5383, End: 5406, Setup: 15
2025-06-19 11:36:00,180 - JSPGymEnvironment - INFO - 
===== REWARD DETAILS FOR STEP 92 =====
Job: J19, Operation: 5, Job Completed: False
Current Time: 5368.00 -> 5406.00, Setup Time: 15.00
Processing Time: 23.00, Idle Time: 0.00
Completed Jobs: 10/20
Machine: M3, Material: Citybike_Rahmen_lackiert

REWARD COMPONENTS:
- makespan_reward: -0.1900
- setup_reward: -3.7500
- deadline_reward: 0.0000
- priority_reward: 0.0000
- critical_job_reward: 0.0000
- placement_reward: 0.0000
- timeliness_reward: -5.5348
- machine_idle_penalty: -8.3375

TOTAL REWARD: -17.8123

CUMULATIVE REWARD COMPONENTS:
- makespan_reward: -27.0300
- setup_reward: -634.0000
- deadline_reward: 95.1605
- priority_reward: 276.0000
- critical_job_reward: 72.5388
- placement_reward: 0.0000
- timeliness_reward: 225.7912
- machine_idle_penalty: -396.8750

CUMULATIVE TOTAL: -388.4145

CRITICAL STATE INFO:
- Valid actions: ['J1', 'J2', 'J4', 'J7', 'J12', 'J13', 'J16', 'J17', 'J18', 'J19']
- Machine states:
  - Machine M1: Time=5368.00, Idle=38.00, Material=E-Bike_Antrieb_installiert
  - Machine M2: Time=4777.00, Idle=629.00, Material=Racebike_Fahrrad_endmontiert
  - Machine M3: Time=5406.00, Idle=0.00, Material=Citybike_Rahmen_lackiert
==================================================

2025-06-19 11:36:00,189 - JSPGymEnvironment - INFO - Material change on machine M2: Racebike_Fahrrad_endmontiert -> Racebike_Steuerrohr_montiert, setup time: 20
2025-06-19 11:36:00,189 - JSPGymEnvironment - INFO - Executed operation: Job J2, Op 0, Machine M2, Start: 5426, End: 5444, Setup: 20
2025-06-19 11:36:00,189 - JSPGymEnvironment - INFO - 
===== REWARD DETAILS FOR STEP 93 =====
Job: J2, Operation: 0, Job Completed: False
Current Time: 5406.00 -> 5444.00, Setup Time: 20.00
Processing Time: 18.00, Idle Time: 0.00
Completed Jobs: 10/20
Machine: M2, Material: Racebike_Steuerrohr_montiert

REWARD COMPONENTS:
- makespan_reward: -0.1900
- setup_reward: -5.0000
- deadline_reward: 0.0000
- priority_reward: 0.0000
- critical_job_reward: 0.5000
- placement_reward: 0.0000
- timeliness_reward: -5.5399
- machine_idle_penalty: -1.4250

TOTAL REWARD: -11.6549

CUMULATIVE REWARD COMPONENTS:
- makespan_reward: -27.2200
- setup_reward: -639.0000
- deadline_reward: 95.1605
- priority_reward: 276.0000
- critical_job_reward: 73.0388
- placement_reward: 0.0000
- timeliness_reward: 220.2513
- machine_idle_penalty: -398.3000

CUMULATIVE TOTAL: -400.0694

CRITICAL STATE INFO:
- Valid actions: ['J1', 'J2', 'J4', 'J7', 'J12', 'J13', 'J16', 'J17', 'J18', 'J19']
- Machine states:
  - Machine M1: Time=5368.00, Idle=76.00, Material=E-Bike_Antrieb_installiert
  - Machine M2: Time=5444.00, Idle=0.00, Material=Racebike_Steuerrohr_montiert
  - Machine M3: Time=5406.00, Idle=38.00, Material=Citybike_Rahmen_lackiert
==================================================

2025-06-19 11:36:00,198 - JSPGymEnvironment - INFO - Material change on machine M3: Citybike_Rahmen_lackiert -> E-Bike_Bremsen_justiert, setup time: 25
2025-06-19 11:36:00,198 - JSPGymEnvironment - INFO - Executed operation: Job J7, Op 5, Machine M3, Start: 5469, End: 5508, Setup: 25
2025-06-19 11:36:00,198 - JSPGymEnvironment - INFO - Job J7 completed at time 5508, deadline: 2777, met: False, priority: 7
2025-06-19 11:36:00,198 - JSPGymEnvironment - INFO - 
===== REWARD DETAILS FOR STEP 94 =====
Job: J7, Operation: 5, Job Completed: True
Current Time: 5444.00 -> 5508.00, Setup Time: 25.00
Processing Time: 39.00, Idle Time: 0.00
Completed Jobs: 11/20
Machine: M3, Material: E-Bike_Bremsen_justiert
Job Deadline: 2777.00 (Missed), Priority: 7

REWARD COMPONENTS:
- makespan_reward: -0.3200
- setup_reward: -6.2500
- deadline_reward: -2.4586
- priority_reward: 28.0000
- critical_job_reward: 0.0000
- placement_reward: 0.0000
- timeliness_reward: -5.5466
- machine_idle_penalty: -2.5500

TOTAL REWARD: 10.8748

CUMULATIVE REWARD COMPONENTS:
- makespan_reward: -27.5400
- setup_reward: -645.2500
- deadline_reward: 92.7019
- priority_reward: 304.0000
- critical_job_reward: 73.0388
- placement_reward: 0.0000
- timeliness_reward: 214.7047
- machine_idle_penalty: -400.8500

CUMULATIVE TOTAL: -389.1946

CRITICAL STATE INFO:
- Valid actions: ['J1', 'J2', 'J4', 'J12', 'J13', 'J16', 'J17', 'J18', 'J19']
- Machine states:
  - Machine M1: Time=5368.00, Idle=140.00, Material=E-Bike_Antrieb_installiert
  - Machine M2: Time=5444.00, Idle=64.00, Material=Racebike_Steuerrohr_montiert
  - Machine M3: Time=5508.00, Idle=0.00, Material=E-Bike_Bremsen_justiert
==================================================

2025-06-19 11:36:00,198 - JSPGymEnvironment - INFO - Retro-Bonus für Job J7: -10.0
2025-06-19 11:36:00,291 - JSPGymEnvironment - INFO - Material change on machine M2: Racebike_Steuerrohr_montiert -> Citybike_Steuerrohr_montiert, setup time: 22
2025-06-19 11:36:00,292 - JSPGymEnvironment - INFO - Executed operation: Job J18, Op 6, Machine M2, Start: 5530, End: 5555, Setup: 22
2025-06-19 11:36:00,292 - JSPGymEnvironment - INFO - Job J18 completed at time 5555, deadline: 2880, met: False, priority: 4
2025-06-19 11:36:00,292 - JSPGymEnvironment - INFO - 
===== REWARD DETAILS FOR STEP 95 =====
Job: J18, Operation: 6, Job Completed: True
Current Time: 5508.00 -> 5555.00, Setup Time: 22.00
Processing Time: 25.00, Idle Time: 0.00
Completed Jobs: 12/20
Machine: M2, Material: Citybike_Steuerrohr_montiert
Job Deadline: 2880.00 (Missed), Priority: 4

REWARD COMPONENTS:
- makespan_reward: -0.2350
- setup_reward: -5.5000
- deadline_reward: -2.3220
- priority_reward: 16.0000
- critical_job_reward: 0.0000
- placement_reward: 0.0000
- timeliness_reward: -5.5520
- machine_idle_penalty: -2.9250

TOTAL REWARD: -0.5341

CUMULATIVE REWARD COMPONENTS:
- makespan_reward: -27.7750
- setup_reward: -650.7500
- deadline_reward: 90.3798
- priority_reward: 320.0000
- critical_job_reward: 73.0388
- placement_reward: 0.0000
- timeliness_reward: 209.1527
- machine_idle_penalty: -403.7750

CUMULATIVE TOTAL: -389.7286

CRITICAL STATE INFO:
- Valid actions: ['J1', 'J2', 'J4', 'J12', 'J13', 'J16', 'J17', 'J19']
- Machine states:
  - Machine M1: Time=5368.00, Idle=187.00, Material=E-Bike_Antrieb_installiert
  - Machine M2: Time=5555.00, Idle=0.00, Material=Citybike_Steuerrohr_montiert
  - Machine M3: Time=5508.00, Idle=47.00, Material=E-Bike_Bremsen_justiert
==================================================

2025-06-19 11:36:00,292 - JSPGymEnvironment - INFO - Retro-Bonus für Job J18: -10.0
2025-06-19 11:36:00,300 - JSPGymEnvironment - INFO - Material change on machine M1: E-Bike_Antrieb_installiert -> Citybike_Steuerrohr_ausgerieben, setup time: 55
2025-06-19 11:36:00,300 - JSPGymEnvironment - INFO - Executed operation: Job J19, Op 6, Machine M1, Start: 5610, End: 5644, Setup: 55
2025-06-19 11:36:00,300 - JSPGymEnvironment - INFO - 
===== REWARD DETAILS FOR STEP 96 =====
Job: J19, Operation: 6, Job Completed: False
Current Time: 5555.00 -> 5644.00, Setup Time: 55.00
Processing Time: 34.00, Idle Time: 0.00
Completed Jobs: 12/20
Machine: M1, Material: Citybike_Steuerrohr_ausgerieben

REWARD COMPONENTS:
- makespan_reward: -0.4450
- setup_reward: -13.7500
- deadline_reward: 0.0000
- priority_reward: 0.0000
- critical_job_reward: 0.0000
- placement_reward: 0.0000
- timeliness_reward: -5.5603
- machine_idle_penalty: -2.8125

TOTAL REWARD: -22.5678

CUMULATIVE REWARD COMPONENTS:
- makespan_reward: -28.2200
- setup_reward: -664.5000
- deadline_reward: 90.3798
- priority_reward: 320.0000
- critical_job_reward: 73.0388
- placement_reward: 0.0000
- timeliness_reward: 203.5925
- machine_idle_penalty: -406.5875

CUMULATIVE TOTAL: -412.2964

CRITICAL STATE INFO:
- Valid actions: ['J1', 'J2', 'J4', 'J12', 'J13', 'J16', 'J17', 'J19']
- Machine states:
  - Machine M1: Time=5644.00, Idle=0.00, Material=Citybike_Steuerrohr_ausgerieben
  - Machine M2: Time=5555.00, Idle=89.00, Material=Citybike_Steuerrohr_montiert
  - Machine M3: Time=5508.00, Idle=136.00, Material=E-Bike_Bremsen_justiert
==================================================

2025-06-19 11:36:00,309 - JSPGymEnvironment - INFO - Material change on machine M3: E-Bike_Bremsen_justiert -> Citybike_Fahrrad_endmontiert, setup time: 15
2025-06-19 11:36:00,309 - JSPGymEnvironment - INFO - Executed operation: Job J19, Op 7, Machine M3, Start: 5659, End: 5700, Setup: 15
2025-06-19 11:36:00,309 - JSPGymEnvironment - INFO - Job J19 completed at time 5700, deadline: 2880, met: False, priority: 4
2025-06-19 11:36:00,309 - JSPGymEnvironment - INFO - 
===== REWARD DETAILS FOR STEP 97 =====
Job: J19, Operation: 7, Job Completed: True
Current Time: 5644.00 -> 5700.00, Setup Time: 15.00
Processing Time: 41.00, Idle Time: 0.00
Completed Jobs: 13/20
Machine: M3, Material: Citybike_Fahrrad_endmontiert
Job Deadline: 2880.00 (Missed), Priority: 4

REWARD COMPONENTS:
- makespan_reward: -0.2800
- setup_reward: -3.7500
- deadline_reward: -2.4479
- priority_reward: 16.0000
- critical_job_reward: 0.0000
- placement_reward: 0.0000
- timeliness_reward: -5.5650
- machine_idle_penalty: -2.5125

TOTAL REWARD: 1.4446

CUMULATIVE REWARD COMPONENTS:
- makespan_reward: -28.5000
- setup_reward: -668.2500
- deadline_reward: 87.9319
- priority_reward: 336.0000
- critical_job_reward: 73.0388
- placement_reward: 0.0000
- timeliness_reward: 198.0275
- machine_idle_penalty: -409.1000

CUMULATIVE TOTAL: -410.8518

CRITICAL STATE INFO:
- Valid actions: ['J1', 'J2', 'J4', 'J12', 'J13', 'J16', 'J17']
- Machine states:
  - Machine M1: Time=5644.00, Idle=56.00, Material=Citybike_Steuerrohr_ausgerieben
  - Machine M2: Time=5555.00, Idle=145.00, Material=Citybike_Steuerrohr_montiert
  - Machine M3: Time=5700.00, Idle=0.00, Material=Citybike_Fahrrad_endmontiert
==================================================

2025-06-19 11:36:00,309 - JSPGymEnvironment - INFO - Retro-Bonus für Job J19: -10.0
2025-06-19 11:36:00,319 - JSPGymEnvironment - INFO - Material change on machine M2: Citybike_Steuerrohr_montiert -> E-Bike_Steuerrohr_ausgerieben, setup time: 21
2025-06-19 11:36:00,319 - JSPGymEnvironment - INFO - Executed operation: Job J17, Op 0, Machine M2, Start: 5721, End: 5743, Setup: 21
2025-06-19 11:36:00,319 - JSPGymEnvironment - INFO - 
===== REWARD DETAILS FOR STEP 98 =====
Job: J17, Operation: 0, Job Completed: False
Current Time: 5700.00 -> 5743.00, Setup Time: 21.00
Processing Time: 22.00, Idle Time: 0.00
Completed Jobs: 13/20
Machine: M2, Material: E-Bike_Steuerrohr_ausgerieben

REWARD COMPONENTS:
- makespan_reward: -0.2150
- setup_reward: -5.2500
- deadline_reward: 0.0000
- priority_reward: 0.0000
- critical_job_reward: 0.0000
- placement_reward: 0.0000
- timeliness_reward: -5.5680
- machine_idle_penalty: -1.7750

TOTAL REWARD: -12.8080

CUMULATIVE REWARD COMPONENTS:
- makespan_reward: -28.7150
- setup_reward: -673.5000
- deadline_reward: 87.9319
- priority_reward: 336.0000
- critical_job_reward: 73.0388
- placement_reward: 0.0000
- timeliness_reward: 192.4594
- machine_idle_penalty: -410.8750

CUMULATIVE TOTAL: -423.6598

CRITICAL STATE INFO:
- Valid actions: ['J1', 'J2', 'J4', 'J12', 'J13', 'J16', 'J17']
- Machine states:
  - Machine M1: Time=5644.00, Idle=99.00, Material=Citybike_Steuerrohr_ausgerieben
  - Machine M2: Time=5743.00, Idle=0.00, Material=E-Bike_Steuerrohr_ausgerieben
  - Machine M3: Time=5700.00, Idle=43.00, Material=Citybike_Fahrrad_endmontiert
==================================================

2025-06-19 11:36:00,328 - JSPGymEnvironment - INFO - Material change on machine M2: E-Bike_Steuerrohr_ausgerieben -> Racebike_Bremsen_justiert, setup time: 29
2025-06-19 11:36:00,328 - JSPGymEnvironment - INFO - Executed operation: Job J12, Op 2, Machine M2, Start: 5772, End: 5792, Setup: 29
2025-06-19 11:36:00,328 - JSPGymEnvironment - INFO - 
===== REWARD DETAILS FOR STEP 99 =====
Job: J12, Operation: 2, Job Completed: False
Current Time: 5743.00 -> 5792.00, Setup Time: 29.00
Processing Time: 20.00, Idle Time: 0.00
Completed Jobs: 13/20
Machine: M2, Material: Racebike_Bremsen_justiert

REWARD COMPONENTS:
- makespan_reward: -0.2450
- setup_reward: -7.2500
- deadline_reward: 0.0000
- priority_reward: 0.0000
- critical_job_reward: 0.5000
- placement_reward: 0.0000
- timeliness_reward: -5.5712
- machine_idle_penalty: -3.0000

TOTAL REWARD: -15.5662

CUMULATIVE REWARD COMPONENTS:
- makespan_reward: -28.9600
- setup_reward: -680.7500
- deadline_reward: 87.9319
- priority_reward: 336.0000
- critical_job_reward: 73.5388
- placement_reward: 0.0000
- timeliness_reward: 186.8882
- machine_idle_penalty: -413.8750

CUMULATIVE TOTAL: -439.2261

CRITICAL STATE INFO:
- Valid actions: ['J1', 'J2', 'J4', 'J12', 'J13', 'J16', 'J17']
- Machine states:
  - Machine M1: Time=5644.00, Idle=148.00, Material=Citybike_Steuerrohr_ausgerieben
  - Machine M2: Time=5792.00, Idle=0.00, Material=Racebike_Bremsen_justiert
  - Machine M3: Time=5700.00, Idle=92.00, Material=Citybike_Fahrrad_endmontiert
==================================================

2025-06-19 11:36:00,337 - JSPGymEnvironment - INFO - Material change on machine M3: Citybike_Fahrrad_endmontiert -> E-Bike_Steuerrohr_montiert, setup time: 25
2025-06-19 11:36:00,337 - JSPGymEnvironment - INFO - Executed operation: Job J17, Op 1, Machine M3, Start: 5817, End: 5849, Setup: 25
2025-06-19 11:36:00,337 - JSPGymEnvironment - INFO - 
===== REWARD DETAILS FOR STEP 100 =====
Job: J17, Operation: 1, Job Completed: False
Current Time: 5792.00 -> 5849.00, Setup Time: 25.00
Processing Time: 32.00, Idle Time: 0.00
Completed Jobs: 13/20
Machine: M3, Material: E-Bike_Steuerrohr_montiert

REWARD COMPONENTS:
- makespan_reward: -0.2850
- setup_reward: -6.2500
- deadline_reward: 0.0000
- priority_reward: 0.0000
- critical_job_reward: 0.0000
- placement_reward: 0.0000
- timeliness_reward: -5.5745
- machine_idle_penalty: -3.2750

TOTAL REWARD: -15.3845

CUMULATIVE REWARD COMPONENTS:
- makespan_reward: -29.2450
- setup_reward: -687.0000
- deadline_reward: 87.9319
- priority_reward: 336.0000
- critical_job_reward: 73.5388
- placement_reward: 0.0000
- timeliness_reward: 181.3137
- machine_idle_penalty: -417.1500

CUMULATIVE TOTAL: -454.6106

CRITICAL STATE INFO:
- Valid actions: ['J1', 'J2', 'J4', 'J12', 'J13', 'J16', 'J17']
- Machine states:
  - Machine M1: Time=5644.00, Idle=205.00, Material=Citybike_Steuerrohr_ausgerieben
  - Machine M2: Time=5792.00, Idle=57.00, Material=Racebike_Bremsen_justiert
  - Machine M3: Time=5849.00, Idle=0.00, Material=E-Bike_Steuerrohr_montiert
==================================================

2025-06-19 11:36:00,346 - JSPGymEnvironment - INFO - Material change on machine M3: E-Bike_Steuerrohr_montiert -> E-Bike_Fahrrad_endmontiert, setup time: 15
2025-06-19 11:36:00,346 - JSPGymEnvironment - INFO - Executed operation: Job J16, Op 3, Machine M3, Start: 5864, End: 5905, Setup: 15
2025-06-19 11:36:00,347 - JSPGymEnvironment - INFO - 
===== REWARD DETAILS FOR STEP 101 =====
Job: J16, Operation: 3, Job Completed: False
Current Time: 5849.00 -> 5905.00, Setup Time: 15.00
Processing Time: 41.00, Idle Time: 0.00
Completed Jobs: 13/20
Machine: M3, Material: E-Bike_Fahrrad_endmontiert

REWARD COMPONENTS:
- makespan_reward: -0.2800
- setup_reward: -3.7500
- deadline_reward: 0.0000
- priority_reward: 0.0000
- critical_job_reward: 0.5000
- placement_reward: 0.0000
- timeliness_reward: -5.5773
- machine_idle_penalty: -4.6750

TOTAL REWARD: -13.7823

CUMULATIVE REWARD COMPONENTS:
- makespan_reward: -29.5250
- setup_reward: -690.7500
- deadline_reward: 87.9319
- priority_reward: 336.0000
- critical_job_reward: 74.0388
- placement_reward: 0.0000
- timeliness_reward: 175.7364
- machine_idle_penalty: -421.8250

CUMULATIVE TOTAL: -468.3929

CRITICAL STATE INFO:
- Valid actions: ['J1', 'J2', 'J4', 'J12', 'J13', 'J16', 'J17']
- Machine states:
  - Machine M1: Time=5644.00, Idle=261.00, Material=Citybike_Steuerrohr_ausgerieben
  - Machine M2: Time=5792.00, Idle=113.00, Material=Racebike_Bremsen_justiert
  - Machine M3: Time=5905.00, Idle=0.00, Material=E-Bike_Fahrrad_endmontiert
==================================================

2025-06-19 11:36:00,355 - JSPGymEnvironment - INFO - Material change on machine M1: Citybike_Steuerrohr_ausgerieben -> Racebike_Bremsaufnahme_gebohrt, setup time: 30
2025-06-19 11:36:00,355 - JSPGymEnvironment - INFO - Executed operation: Job J12, Op 3, Machine M1, Start: 5935, End: 5972, Setup: 30
2025-06-19 11:36:00,355 - JSPGymEnvironment - INFO - 
===== REWARD DETAILS FOR STEP 102 =====
Job: J12, Operation: 3, Job Completed: False
Current Time: 5905.00 -> 5972.00, Setup Time: 30.00
Processing Time: 37.00, Idle Time: 0.00
Completed Jobs: 13/20
Machine: M1, Material: Racebike_Bremsaufnahme_gebohrt

REWARD COMPONENTS:
- makespan_reward: -0.3350
- setup_reward: -7.5000
- deadline_reward: 0.0000
- priority_reward: 0.0000
- critical_job_reward: 0.5000
- placement_reward: 0.0000
- timeliness_reward: -5.5804
- machine_idle_penalty: -3.0875

TOTAL REWARD: -16.0029

CUMULATIVE REWARD COMPONENTS:
- makespan_reward: -29.8600
- setup_reward: -698.2500
- deadline_reward: 87.9319
- priority_reward: 336.0000
- critical_job_reward: 74.5388
- placement_reward: 0.0000
- timeliness_reward: 170.1560
- machine_idle_penalty: -424.9125

CUMULATIVE TOTAL: -484.3958

CRITICAL STATE INFO:
- Valid actions: ['J1', 'J2', 'J4', 'J12', 'J13', 'J16', 'J17']
- Machine states:
  - Machine M1: Time=5972.00, Idle=0.00, Material=Racebike_Bremsaufnahme_gebohrt
  - Machine M2: Time=5792.00, Idle=180.00, Material=Racebike_Bremsen_justiert
  - Machine M3: Time=5905.00, Idle=67.00, Material=E-Bike_Fahrrad_endmontiert
==================================================

2025-06-19 11:36:00,364 - JSPGymEnvironment - INFO - Material change on machine M1: Racebike_Bremsaufnahme_gebohrt -> E-Bike_Hauptrahmen_zugeschnitten, setup time: 51
2025-06-19 11:36:00,364 - JSPGymEnvironment - INFO - Executed operation: Job J1, Op 6, Machine M1, Start: 6023, End: 6056, Setup: 51
2025-06-19 11:36:00,364 - JSPGymEnvironment - INFO - 
===== REWARD DETAILS FOR STEP 103 =====
Job: J1, Operation: 6, Job Completed: False
Current Time: 5972.00 -> 6056.00, Setup Time: 51.00
Processing Time: 33.00, Idle Time: 0.00
Completed Jobs: 13/20
Machine: M1, Material: E-Bike_Hauptrahmen_zugeschnitten

REWARD COMPONENTS:
- makespan_reward: -0.4200
- setup_reward: -12.7500
- deadline_reward: 0.0000
- priority_reward: 0.0000
- critical_job_reward: 0.0000
- placement_reward: 0.0000
- timeliness_reward: -5.5836
- machine_idle_penalty: -5.1875

TOTAL REWARD: -23.9411

CUMULATIVE REWARD COMPONENTS:
- makespan_reward: -30.2800
- setup_reward: -711.0000
- deadline_reward: 87.9319
- priority_reward: 336.0000
- critical_job_reward: 74.5388
- placement_reward: 0.0000
- timeliness_reward: 164.5724
- machine_idle_penalty: -430.1000

CUMULATIVE TOTAL: -508.3368

CRITICAL STATE INFO:
- Valid actions: ['J1', 'J2', 'J4', 'J12', 'J13', 'J16', 'J17']
- Machine states:
  - Machine M1: Time=6056.00, Idle=0.00, Material=E-Bike_Hauptrahmen_zugeschnitten
  - Machine M2: Time=5792.00, Idle=264.00, Material=Racebike_Bremsen_justiert
  - Machine M3: Time=5905.00, Idle=151.00, Material=E-Bike_Fahrrad_endmontiert
==================================================

2025-06-19 11:36:00,373 - JSPGymEnvironment - INFO - Material change on machine M1: E-Bike_Hauptrahmen_zugeschnitten -> E-Bike_Steuerrohr_ausgerieben, setup time: 40
2025-06-19 11:36:00,373 - JSPGymEnvironment - INFO - Executed operation: Job J1, Op 7, Machine M1, Start: 6096, End: 6128, Setup: 40
2025-06-19 11:36:00,373 - JSPGymEnvironment - INFO - Job J1 completed at time 6128, deadline: 2880, met: False, priority: 7
2025-06-19 11:36:00,373 - JSPGymEnvironment - INFO - 
===== REWARD DETAILS FOR STEP 104 =====
Job: J1, Operation: 7, Job Completed: True
Current Time: 6056.00 -> 6128.00, Setup Time: 40.00
Processing Time: 32.00, Idle Time: 0.00
Completed Jobs: 14/20
Machine: M1, Material: E-Bike_Steuerrohr_ausgerieben
Job Deadline: 2880.00 (Missed), Priority: 7

REWARD COMPONENTS:
- makespan_reward: -0.3600
- setup_reward: -10.0000
- deadline_reward: -2.8194
- priority_reward: 28.0000
- critical_job_reward: 0.0000
- placement_reward: 0.0000
- timeliness_reward: -5.5863
- machine_idle_penalty: -6.9875

TOTAL REWARD: 2.2467

CUMULATIVE REWARD COMPONENTS:
- makespan_reward: -30.6400
- setup_reward: -721.0000
- deadline_reward: 85.1125
- priority_reward: 364.0000
- critical_job_reward: 74.5388
- placement_reward: 0.0000
- timeliness_reward: 158.9861
- machine_idle_penalty: -437.0875

CUMULATIVE TOTAL: -506.0901

CRITICAL STATE INFO:
- Valid actions: ['J2', 'J4', 'J12', 'J13', 'J16', 'J17']
- Machine states:
  - Machine M1: Time=6128.00, Idle=0.00, Material=E-Bike_Steuerrohr_ausgerieben
  - Machine M2: Time=5792.00, Idle=336.00, Material=Racebike_Bremsen_justiert
  - Machine M3: Time=5905.00, Idle=223.00, Material=E-Bike_Fahrrad_endmontiert
==================================================

2025-06-19 11:36:00,373 - JSPGymEnvironment - INFO - Retro-Bonus für Job J1: -10.0
2025-06-19 11:36:00,382 - JSPGymEnvironment - INFO - Material change on machine M1: E-Bike_Steuerrohr_ausgerieben -> E-Bike_Tretlageraufnahme_geschweisst, setup time: 40
2025-06-19 11:36:00,382 - JSPGymEnvironment - INFO - Executed operation: Job J16, Op 4, Machine M1, Start: 6168, End: 6199, Setup: 40
2025-06-19 11:36:00,382 - JSPGymEnvironment - INFO - Job J16 completed at time 6199, deadline: 2578, met: False, priority: 8
2025-06-19 11:36:00,382 - JSPGymEnvironment - INFO - 
===== REWARD DETAILS FOR STEP 105 =====
Job: J16, Operation: 4, Job Completed: True
Current Time: 6128.00 -> 6199.00, Setup Time: 40.00
Processing Time: 31.00, Idle Time: 0.00
Completed Jobs: 15/20
Machine: M1, Material: E-Bike_Tretlageraufnahme_geschweisst
Job Deadline: 2578.00 (Missed), Priority: 8

REWARD COMPONENTS:
- makespan_reward: -0.3550
- setup_reward: -10.0000
- deadline_reward: -3.5114
- priority_reward: 32.0000
- critical_job_reward: 0.5000
- placement_reward: 0.0000
- timeliness_reward: -5.5857
- machine_idle_penalty: -8.7625

TOTAL REWARD: 4.2853

CUMULATIVE REWARD COMPONENTS:
- makespan_reward: -30.9950
- setup_reward: -731.0000
- deadline_reward: 81.6010
- priority_reward: 396.0000
- critical_job_reward: 75.0388
- placement_reward: 0.0000
- timeliness_reward: 153.4004
- machine_idle_penalty: -445.8500

CUMULATIVE TOTAL: -501.8048

CRITICAL STATE INFO:
- Valid actions: ['J2', 'J4', 'J12', 'J13', 'J17']
- Machine states:
  - Machine M1: Time=6199.00, Idle=0.00, Material=E-Bike_Tretlageraufnahme_geschweisst
  - Machine M2: Time=5792.00, Idle=407.00, Material=Racebike_Bremsen_justiert
  - Machine M3: Time=5905.00, Idle=294.00, Material=E-Bike_Fahrrad_endmontiert
==================================================

2025-06-19 11:36:00,382 - JSPGymEnvironment - INFO - Retro-Bonus für Job J16: -5.0
2025-06-19 11:36:00,392 - JSPGymEnvironment - INFO - Material change on machine M1: E-Bike_Tretlageraufnahme_geschweisst -> Racebike_Rahmen_nachbearbeitet, setup time: 56
2025-06-19 11:36:00,392 - JSPGymEnvironment - INFO - Executed operation: Job J13, Op 1, Machine M1, Start: 6255, End: 6295, Setup: 56
2025-06-19 11:36:00,392 - JSPGymEnvironment - INFO - 
===== REWARD DETAILS FOR STEP 106 =====
Job: J13, Operation: 1, Job Completed: False
Current Time: 6199.00 -> 6295.00, Setup Time: 56.00
Processing Time: 40.00, Idle Time: 0.00
Completed Jobs: 15/20
Machine: M1, Material: Racebike_Rahmen_nachbearbeitet

REWARD COMPONENTS:
- makespan_reward: -0.4800
- setup_reward: -14.0000
- deadline_reward: 0.0000
- priority_reward: 0.0000
- critical_job_reward: 0.0000
- placement_reward: 0.0000
- timeliness_reward: -5.5883
- machine_idle_penalty: -11.1625

TOTAL REWARD: -31.2308

CUMULATIVE REWARD COMPONENTS:
- makespan_reward: -31.4750
- setup_reward: -745.0000
- deadline_reward: 81.6010
- priority_reward: 396.0000
- critical_job_reward: 75.0388
- placement_reward: 0.0000
- timeliness_reward: 147.8121
- machine_idle_penalty: -457.0125

CUMULATIVE TOTAL: -533.0356

CRITICAL STATE INFO:
- Valid actions: ['J2', 'J4', 'J12', 'J13', 'J17']
- Machine states:
  - Machine M1: Time=6295.00, Idle=0.00, Material=Racebike_Rahmen_nachbearbeitet
  - Machine M2: Time=5792.00, Idle=503.00, Material=Racebike_Bremsen_justiert
  - Machine M3: Time=5905.00, Idle=390.00, Material=E-Bike_Fahrrad_endmontiert
==================================================

2025-06-19 11:36:00,402 - JSPGymEnvironment - INFO - Material change on machine M1: Racebike_Rahmen_nachbearbeitet -> Racebike_Bremsen_justiert, setup time: 40
2025-06-19 11:36:00,402 - JSPGymEnvironment - INFO - Executed operation: Job J13, Op 2, Machine M1, Start: 6335, End: 6356, Setup: 40
2025-06-19 11:36:00,403 - JSPGymEnvironment - INFO - 
===== REWARD DETAILS FOR STEP 107 =====
Job: J13, Operation: 2, Job Completed: False
Current Time: 6295.00 -> 6356.00, Setup Time: 40.00
Processing Time: 21.00, Idle Time: 0.00
Completed Jobs: 15/20
Machine: M1, Material: Racebike_Bremsen_justiert

REWARD COMPONENTS:
- makespan_reward: -0.3050
- setup_reward: -10.0000
- deadline_reward: 0.0000
- priority_reward: 0.0000
- critical_job_reward: 0.0000
- placement_reward: 0.0000
- timeliness_reward: -5.5897
- machine_idle_penalty: -12.6875

TOTAL REWARD: -28.5822

CUMULATIVE REWARD COMPONENTS:
- makespan_reward: -31.7800
- setup_reward: -755.0000
- deadline_reward: 81.6010
- priority_reward: 396.0000
- critical_job_reward: 75.0388
- placement_reward: 0.0000
- timeliness_reward: 142.2223
- machine_idle_penalty: -469.7000

CUMULATIVE TOTAL: -561.6178

CRITICAL STATE INFO:
- Valid actions: ['J2', 'J4', 'J12', 'J13', 'J17']
- Machine states:
  - Machine M1: Time=6356.00, Idle=0.00, Material=Racebike_Bremsen_justiert
  - Machine M2: Time=5792.00, Idle=564.00, Material=Racebike_Bremsen_justiert
  - Machine M3: Time=5905.00, Idle=451.00, Material=E-Bike_Fahrrad_endmontiert
==================================================

2025-06-19 11:36:00,413 - JSPGymEnvironment - INFO - Material change on machine M3: E-Bike_Fahrrad_endmontiert -> Racebike_Rahmen_komplettiert, setup time: 22
2025-06-19 11:36:00,413 - JSPGymEnvironment - INFO - Executed operation: Job J13, Op 3, Machine M3, Start: 6378, End: 6417, Setup: 22
2025-06-19 11:36:00,413 - JSPGymEnvironment - INFO - 
===== REWARD DETAILS FOR STEP 108 =====
Job: J13, Operation: 3, Job Completed: False
Current Time: 6356.00 -> 6417.00, Setup Time: 22.00
Processing Time: 39.00, Idle Time: 0.00
Completed Jobs: 15/20
Machine: M3, Material: Racebike_Rahmen_komplettiert

REWARD COMPONENTS:
- makespan_reward: -0.3050
- setup_reward: -5.5000
- deadline_reward: 0.0000
- priority_reward: 0.0000
- critical_job_reward: 0.0000
- placement_reward: 0.0000
- timeliness_reward: -5.5910
- machine_idle_penalty: -8.5750

TOTAL REWARD: -19.9710

CUMULATIVE REWARD COMPONENTS:
- makespan_reward: -32.0850
- setup_reward: -760.5000
- deadline_reward: 81.6010
- priority_reward: 396.0000
- critical_job_reward: 75.0388
- placement_reward: 0.0000
- timeliness_reward: 136.6313
- machine_idle_penalty: -478.2750

CUMULATIVE TOTAL: -581.5888

CRITICAL STATE INFO:
- Valid actions: ['J2', 'J4', 'J12', 'J13', 'J17']
- Machine states:
  - Machine M1: Time=6356.00, Idle=61.00, Material=Racebike_Bremsen_justiert
  - Machine M2: Time=5792.00, Idle=625.00, Material=Racebike_Bremsen_justiert
  - Machine M3: Time=6417.00, Idle=0.00, Material=Racebike_Rahmen_komplettiert
==================================================

2025-06-19 11:36:00,424 - JSPGymEnvironment - INFO - Material change on machine M1: Racebike_Bremsen_justiert -> E-Bike_Steuerrohr_ausgerieben, setup time: 51
2025-06-19 11:36:00,424 - JSPGymEnvironment - INFO - Executed operation: Job J4, Op 2, Machine M1, Start: 6468, End: 6488, Setup: 51
2025-06-19 11:36:00,424 - JSPGymEnvironment - INFO - 
===== REWARD DETAILS FOR STEP 109 =====
Job: J4, Operation: 2, Job Completed: False
Current Time: 6417.00 -> 6488.00, Setup Time: 51.00
Processing Time: 20.00, Idle Time: 0.00
Completed Jobs: 15/20
Machine: M1, Material: E-Bike_Steuerrohr_ausgerieben

REWARD COMPONENTS:
- makespan_reward: -0.3550
- setup_reward: -12.7500
- deadline_reward: 0.0000
- priority_reward: 0.0000
- critical_job_reward: 0.5000
- placement_reward: 0.0000
- timeliness_reward: -5.5922
- machine_idle_penalty: -9.5875

TOTAL REWARD: -27.7847

CUMULATIVE REWARD COMPONENTS:
- makespan_reward: -32.4400
- setup_reward: -773.2500
- deadline_reward: 81.6010
- priority_reward: 396.0000
- critical_job_reward: 75.5388
- placement_reward: 0.0000
- timeliness_reward: 131.0391
- machine_idle_penalty: -487.8625

CUMULATIVE TOTAL: -609.3735

CRITICAL STATE INFO:
- Valid actions: ['J2', 'J4', 'J12', 'J13', 'J17']
- Machine states:
  - Machine M1: Time=6488.00, Idle=0.00, Material=E-Bike_Steuerrohr_ausgerieben
  - Machine M2: Time=5792.00, Idle=696.00, Material=Racebike_Bremsen_justiert
  - Machine M3: Time=6417.00, Idle=71.00, Material=Racebike_Rahmen_komplettiert
==================================================

2025-06-19 11:36:00,433 - JSPGymEnvironment - INFO - Material change on machine M1: E-Bike_Steuerrohr_ausgerieben -> E-Bike_Bremsen_justiert, setup time: 40
2025-06-19 11:36:00,433 - JSPGymEnvironment - INFO - Executed operation: Job J4, Op 3, Machine M1, Start: 6528, End: 6553, Setup: 40
2025-06-19 11:36:00,433 - JSPGymEnvironment - INFO - 
===== REWARD DETAILS FOR STEP 110 =====
Job: J4, Operation: 3, Job Completed: False
Current Time: 6488.00 -> 6553.00, Setup Time: 40.00
Processing Time: 25.00, Idle Time: 0.00
Completed Jobs: 15/20
Machine: M1, Material: E-Bike_Bremsen_justiert

REWARD COMPONENTS:
- makespan_reward: -0.3250
- setup_reward: -10.0000
- deadline_reward: 0.0000
- priority_reward: 0.0000
- critical_job_reward: 0.5000
- placement_reward: 0.0000
- timeliness_reward: -5.5932
- machine_idle_penalty: -11.2125

TOTAL REWARD: -26.6307

CUMULATIVE REWARD COMPONENTS:
- makespan_reward: -32.7650
- setup_reward: -783.2500
- deadline_reward: 81.6010
- priority_reward: 396.0000
- critical_job_reward: 76.0388
- placement_reward: 0.0000
- timeliness_reward: 125.4459
- machine_idle_penalty: -499.0750

CUMULATIVE TOTAL: -636.0042

CRITICAL STATE INFO:
- Valid actions: ['J2', 'J4', 'J12', 'J13', 'J17']
- Machine states:
  - Machine M1: Time=6553.00, Idle=0.00, Material=E-Bike_Bremsen_justiert
  - Machine M2: Time=5792.00, Idle=761.00, Material=Racebike_Bremsen_justiert
  - Machine M3: Time=6417.00, Idle=136.00, Material=Racebike_Rahmen_komplettiert
==================================================

2025-06-19 11:36:00,442 - JSPGymEnvironment - INFO - Material change on machine M1: E-Bike_Bremsen_justiert -> E-Bike_Laufraeder_montiert, setup time: 40
2025-06-19 11:36:00,442 - JSPGymEnvironment - INFO - Executed operation: Job J4, Op 4, Machine M1, Start: 6593, End: 6615, Setup: 40
2025-06-19 11:36:00,442 - JSPGymEnvironment - INFO - 
===== REWARD DETAILS FOR STEP 111 =====
Job: J4, Operation: 4, Job Completed: False
Current Time: 6553.00 -> 6615.00, Setup Time: 40.00
Processing Time: 22.00, Idle Time: 0.00
Completed Jobs: 15/20
Machine: M1, Material: E-Bike_Laufraeder_montiert

REWARD COMPONENTS:
- makespan_reward: -0.3100
- setup_reward: -10.0000
- deadline_reward: 0.0000
- priority_reward: 0.0000
- critical_job_reward: 0.5000
- placement_reward: 0.0000
- timeliness_reward: -5.5940
- machine_idle_penalty: -12.7625

TOTAL REWARD: -28.1665

CUMULATIVE REWARD COMPONENTS:
- makespan_reward: -33.0750
- setup_reward: -793.2500
- deadline_reward: 81.6010
- priority_reward: 396.0000
- critical_job_reward: 76.5388
- placement_reward: 0.0000
- timeliness_reward: 119.8519
- machine_idle_penalty: -511.8375

CUMULATIVE TOTAL: -664.1708

CRITICAL STATE INFO:
- Valid actions: ['J2', 'J4', 'J12', 'J13', 'J17']
- Machine states:
  - Machine M1: Time=6615.00, Idle=0.00, Material=E-Bike_Laufraeder_montiert
  - Machine M2: Time=5792.00, Idle=823.00, Material=Racebike_Bremsen_justiert
  - Machine M3: Time=6417.00, Idle=198.00, Material=Racebike_Rahmen_komplettiert
==================================================

2025-06-19 11:36:00,451 - JSPGymEnvironment - INFO - Material change on machine M2: Racebike_Bremsen_justiert -> E-Bike_Hauptrahmen_zugeschnitten, setup time: 24
2025-06-19 11:36:00,451 - JSPGymEnvironment - INFO - Executed operation: Job J4, Op 5, Machine M2, Start: 6639, End: 6666, Setup: 24
2025-06-19 11:36:00,451 - JSPGymEnvironment - INFO - Job J4 completed at time 6666, deadline: 2880, met: False, priority: 9
2025-06-19 11:36:00,451 - JSPGymEnvironment - INFO - 
===== REWARD DETAILS FOR STEP 112 =====
Job: J4, Operation: 5, Job Completed: True
Current Time: 6615.00 -> 6666.00, Setup Time: 24.00
Processing Time: 27.00, Idle Time: 0.00
Completed Jobs: 16/20
Machine: M2, Material: E-Bike_Hauptrahmen_zugeschnitten
Job Deadline: 2880.00 (Missed), Priority: 9

REWARD COMPONENTS:
- makespan_reward: -0.2550
- setup_reward: -6.0000
- deadline_reward: -3.2865
- priority_reward: 36.0000
- critical_job_reward: 0.5000
- placement_reward: 0.0000
- timeliness_reward: -5.5948
- machine_idle_penalty: -3.7500

TOTAL REWARD: 17.6137

CUMULATIVE REWARD COMPONENTS:
- makespan_reward: -33.3300
- setup_reward: -799.2500
- deadline_reward: 78.3146
- priority_reward: 432.0000
- critical_job_reward: 77.0388
- placement_reward: 0.0000
- timeliness_reward: 114.2570
- machine_idle_penalty: -515.5875

CUMULATIVE TOTAL: -646.5571

CRITICAL STATE INFO:
- Valid actions: ['J2', 'J12', 'J13', 'J17']
- Machine states:
  - Machine M1: Time=6615.00, Idle=51.00, Material=E-Bike_Laufraeder_montiert
  - Machine M2: Time=6666.00, Idle=0.00, Material=E-Bike_Hauptrahmen_zugeschnitten
  - Machine M3: Time=6417.00, Idle=249.00, Material=Racebike_Rahmen_komplettiert
==================================================

2025-06-19 11:36:00,451 - JSPGymEnvironment - INFO - Retro-Bonus für Job J4: -5.0
2025-06-19 11:36:00,460 - JSPGymEnvironment - INFO - Material change on machine M2: E-Bike_Hauptrahmen_zugeschnitten -> Racebike_Antrieb_installiert, setup time: 29
2025-06-19 11:36:00,460 - JSPGymEnvironment - INFO - Executed operation: Job J2, Op 1, Machine M2, Start: 6695, End: 6723, Setup: 29
2025-06-19 11:36:00,461 - JSPGymEnvironment - INFO - 
===== REWARD DETAILS FOR STEP 113 =====
Job: J2, Operation: 1, Job Completed: False
Current Time: 6666.00 -> 6723.00, Setup Time: 29.00
Processing Time: 28.00, Idle Time: 0.00
Completed Jobs: 16/20
Machine: M2, Material: Racebike_Antrieb_installiert

REWARD COMPONENTS:
- makespan_reward: -0.2850
- setup_reward: -7.2500
- deadline_reward: 0.0000
- priority_reward: 0.0000
- critical_job_reward: 0.5000
- placement_reward: 0.0000
- timeliness_reward: -5.5954
- machine_idle_penalty: -5.1750

TOTAL REWARD: -17.8054

CUMULATIVE REWARD COMPONENTS:
- makespan_reward: -33.6150
- setup_reward: -806.5000
- deadline_reward: 78.3146
- priority_reward: 432.0000
- critical_job_reward: 77.5388
- placement_reward: 0.0000
- timeliness_reward: 108.6616
- machine_idle_penalty: -520.7625

CUMULATIVE TOTAL: -664.3625

CRITICAL STATE INFO:
- Valid actions: ['J2', 'J12', 'J13', 'J17']
- Machine states:
  - Machine M1: Time=6615.00, Idle=108.00, Material=E-Bike_Laufraeder_montiert
  - Machine M2: Time=6723.00, Idle=0.00, Material=Racebike_Antrieb_installiert
  - Machine M3: Time=6417.00, Idle=306.00, Material=Racebike_Rahmen_komplettiert
==================================================

2025-06-19 11:36:00,470 - JSPGymEnvironment - INFO - Material change on machine M3: Racebike_Rahmen_komplettiert -> Racebike_Tretlageraufnahme_geschweisst, setup time: 15
2025-06-19 11:36:00,470 - JSPGymEnvironment - INFO - Executed operation: Job J12, Op 4, Machine M3, Start: 6738, End: 6795, Setup: 15
2025-06-19 11:36:00,470 - JSPGymEnvironment - INFO - 
===== REWARD DETAILS FOR STEP 114 =====
Job: J12, Operation: 4, Job Completed: False
Current Time: 6723.00 -> 6795.00, Setup Time: 15.00
Processing Time: 57.00, Idle Time: 0.00
Completed Jobs: 16/20
Machine: M3, Material: Racebike_Tretlageraufnahme_geschweisst

REWARD COMPONENTS:
- makespan_reward: -0.3600
- setup_reward: -3.7500
- deadline_reward: 0.0000
- priority_reward: 0.0000
- critical_job_reward: 0.5000
- placement_reward: 0.0000
- timeliness_reward: -5.5961
- machine_idle_penalty: -3.1500

TOTAL REWARD: -12.3561

CUMULATIVE REWARD COMPONENTS:
- makespan_reward: -33.9750
- setup_reward: -810.2500
- deadline_reward: 78.3146
- priority_reward: 432.0000
- critical_job_reward: 78.0388
- placement_reward: 0.0000
- timeliness_reward: 103.0656
- machine_idle_penalty: -523.9125

CUMULATIVE TOTAL: -676.7185

CRITICAL STATE INFO:
- Valid actions: ['J2', 'J12', 'J13', 'J17']
- Machine states:
  - Machine M1: Time=6615.00, Idle=180.00, Material=E-Bike_Laufraeder_montiert
  - Machine M2: Time=6723.00, Idle=72.00, Material=Racebike_Antrieb_installiert
  - Machine M3: Time=6795.00, Idle=0.00, Material=Racebike_Tretlageraufnahme_geschweisst
==================================================

2025-06-19 11:36:00,480 - JSPGymEnvironment - INFO - Material change on machine M2: Racebike_Antrieb_installiert -> Racebike_Hauptrahmen_zugeschnitten, setup time: 20
2025-06-19 11:36:00,480 - JSPGymEnvironment - INFO - Executed operation: Job J12, Op 5, Machine M2, Start: 6815, End: 6840, Setup: 20
2025-06-19 11:36:00,480 - JSPGymEnvironment - INFO - Job J12 completed at time 6840, deadline: 2775, met: False, priority: 9
2025-06-19 11:36:00,481 - JSPGymEnvironment - INFO - 
===== REWARD DETAILS FOR STEP 115 =====
Job: J12, Operation: 5, Job Completed: True
Current Time: 6795.00 -> 6840.00, Setup Time: 20.00
Processing Time: 25.00, Idle Time: 0.00
Completed Jobs: 17/20
Machine: M2, Material: Racebike_Hauptrahmen_zugeschnitten
Job Deadline: 2775.00 (Missed), Priority: 9

REWARD COMPONENTS:
- makespan_reward: -0.2250
- setup_reward: -5.0000
- deadline_reward: -3.6622
- priority_reward: 36.0000
- critical_job_reward: 0.5000
- placement_reward: 0.0000
- timeliness_reward: -5.5958
- machine_idle_penalty: -3.3750

TOTAL REWARD: 18.6420

CUMULATIVE REWARD COMPONENTS:
- makespan_reward: -34.2000
- setup_reward: -815.2500
- deadline_reward: 74.6524
- priority_reward: 468.0000
- critical_job_reward: 78.5388
- placement_reward: 0.0000
- timeliness_reward: 97.4698
- machine_idle_penalty: -527.2875

CUMULATIVE TOTAL: -658.0765

CRITICAL STATE INFO:
- Valid actions: ['J2', 'J13', 'J17']
- Machine states:
  - Machine M1: Time=6615.00, Idle=225.00, Material=E-Bike_Laufraeder_montiert
  - Machine M2: Time=6840.00, Idle=0.00, Material=Racebike_Hauptrahmen_zugeschnitten
  - Machine M3: Time=6795.00, Idle=45.00, Material=Racebike_Tretlageraufnahme_geschweisst
==================================================

2025-06-19 11:36:00,481 - JSPGymEnvironment - INFO - Retro-Bonus für Job J12: -5.0
2025-06-19 11:36:00,489 - JSPGymEnvironment - INFO - Material change on machine M1: E-Bike_Laufraeder_montiert -> Racebike_Tretlager_gefraest, setup time: 56
2025-06-19 11:36:00,489 - JSPGymEnvironment - INFO - Executed operation: Job J13, Op 4, Machine M1, Start: 6896, End: 6931, Setup: 56
2025-06-19 11:36:00,490 - JSPGymEnvironment - INFO - Job J13 completed at time 6931, deadline: 2880, met: False, priority: 7
2025-06-19 11:36:00,490 - JSPGymEnvironment - INFO - 
===== REWARD DETAILS FOR STEP 116 =====
Job: J13, Operation: 4, Job Completed: True
Current Time: 6840.00 -> 6931.00, Setup Time: 56.00
Processing Time: 35.00, Idle Time: 0.00
Completed Jobs: 18/20
Machine: M1, Material: Racebike_Tretlager_gefraest
Job Deadline: 2880.00 (Missed), Priority: 7

REWARD COMPONENTS:
- makespan_reward: -0.4550
- setup_reward: -14.0000
- deadline_reward: -3.5165
- priority_reward: 28.0000
- critical_job_reward: 0.0000
- placement_reward: 0.0000
- timeliness_reward: -5.5965
- machine_idle_penalty: -2.8375

TOTAL REWARD: 1.5945

CUMULATIVE REWARD COMPONENTS:
- makespan_reward: -34.6550
- setup_reward: -829.2500
- deadline_reward: 71.1359
- priority_reward: 496.0000
- critical_job_reward: 78.5388
- placement_reward: 0.0000
- timeliness_reward: 91.8732
- machine_idle_penalty: -530.1250

CUMULATIVE TOTAL: -656.4820

CRITICAL STATE INFO:
- Valid actions: ['J2', 'J17']
- Machine states:
  - Machine M1: Time=6931.00, Idle=0.00, Material=Racebike_Tretlager_gefraest
  - Machine M2: Time=6840.00, Idle=91.00, Material=Racebike_Hauptrahmen_zugeschnitten
  - Machine M3: Time=6795.00, Idle=136.00, Material=Racebike_Tretlageraufnahme_geschweisst
==================================================

2025-06-19 11:36:00,490 - JSPGymEnvironment - INFO - Retro-Bonus für Job J13: -10.0
2025-06-19 11:36:00,499 - JSPGymEnvironment - INFO - Material change on machine M1: Racebike_Tretlager_gefraest -> E-Bike_Tretlager_gefraest, setup time: 51
2025-06-19 11:36:00,499 - JSPGymEnvironment - INFO - Executed operation: Job J17, Op 2, Machine M1, Start: 6982, End: 7000, Setup: 51
2025-06-19 11:36:00,499 - JSPGymEnvironment - INFO - 
===== REWARD DETAILS FOR STEP 117 =====
Job: J17, Operation: 2, Job Completed: False
Current Time: 6931.00 -> 7000.00, Setup Time: 51.00
Processing Time: 18.00, Idle Time: 0.00
Completed Jobs: 18/20
Machine: M1, Material: E-Bike_Tretlager_gefraest

REWARD COMPONENTS:
- makespan_reward: -0.3450
- setup_reward: -12.7500
- deadline_reward: 0.0000
- priority_reward: 0.0000
- critical_job_reward: 0.0000
- placement_reward: 0.0000
- timeliness_reward: -5.5970
- machine_idle_penalty: -4.5625

TOTAL REWARD: -23.2545

CUMULATIVE REWARD COMPONENTS:
- makespan_reward: -35.0000
- setup_reward: -842.0000
- deadline_reward: 71.1359
- priority_reward: 496.0000
- critical_job_reward: 78.5388
- placement_reward: 0.0000
- timeliness_reward: 86.2762
- machine_idle_penalty: -534.6875

CUMULATIVE TOTAL: -679.7366

CRITICAL STATE INFO:
- Valid actions: ['J2', 'J17']
- Machine states:
  - Machine M1: Time=7000.00, Idle=0.00, Material=E-Bike_Tretlager_gefraest
  - Machine M2: Time=6840.00, Idle=160.00, Material=Racebike_Hauptrahmen_zugeschnitten
  - Machine M3: Time=6795.00, Idle=205.00, Material=Racebike_Tretlageraufnahme_geschweisst
==================================================

2025-06-19 11:36:00,509 - JSPGymEnvironment - INFO - Material change on machine M2: Racebike_Hauptrahmen_zugeschnitten -> Racebike_Hinterbau_vorbereitet, setup time: 20
2025-06-19 11:36:00,509 - JSPGymEnvironment - INFO - Executed operation: Job J2, Op 2, Machine M2, Start: 7020, End: 7033, Setup: 20
2025-06-19 11:36:00,509 - JSPGymEnvironment - INFO - 
===== REWARD DETAILS FOR STEP 118 =====
Job: J2, Operation: 2, Job Completed: False
Current Time: 7000.00 -> 7033.00, Setup Time: 20.00
Processing Time: 13.00, Idle Time: 0.00
Completed Jobs: 18/20
Machine: M2, Material: Racebike_Hinterbau_vorbereitet

REWARD COMPONENTS:
- makespan_reward: -0.1650
- setup_reward: -5.0000
- deadline_reward: 0.0000
- priority_reward: 0.0000
- critical_job_reward: 0.5000
- placement_reward: 0.0000
- timeliness_reward: -5.5972
- machine_idle_penalty: -3.3875

TOTAL REWARD: -13.6497

CUMULATIVE REWARD COMPONENTS:
- makespan_reward: -35.1650
- setup_reward: -847.0000
- deadline_reward: 71.1359
- priority_reward: 496.0000
- critical_job_reward: 79.0388
- placement_reward: 0.0000
- timeliness_reward: 80.6790
- machine_idle_penalty: -538.0750

CUMULATIVE TOTAL: -693.3863

CRITICAL STATE INFO:
- Valid actions: ['J2', 'J17']
- Machine states:
  - Machine M1: Time=7000.00, Idle=33.00, Material=E-Bike_Tretlager_gefraest
  - Machine M2: Time=7033.00, Idle=0.00, Material=Racebike_Hinterbau_vorbereitet
  - Machine M3: Time=6795.00, Idle=238.00, Material=Racebike_Tretlageraufnahme_geschweisst
==================================================

2025-06-19 11:36:00,519 - JSPGymEnvironment - INFO - Material change on machine M2: Racebike_Hinterbau_vorbereitet -> E-Bike_Bremsaufnahme_gebohrt, setup time: 24
2025-06-19 11:36:00,519 - JSPGymEnvironment - INFO - Executed operation: Job J17, Op 3, Machine M2, Start: 7057, End: 7086, Setup: 24
2025-06-19 11:36:00,519 - JSPGymEnvironment - INFO - 
===== REWARD DETAILS FOR STEP 119 =====
Job: J17, Operation: 3, Job Completed: False
Current Time: 7033.00 -> 7086.00, Setup Time: 24.00
Processing Time: 29.00, Idle Time: 0.00
Completed Jobs: 18/20
Machine: M2, Material: E-Bike_Bremsaufnahme_gebohrt

REWARD COMPONENTS:
- makespan_reward: -0.2650
- setup_reward: -6.0000
- deadline_reward: 0.0000
- priority_reward: 0.0000
- critical_job_reward: 0.0000
- placement_reward: 0.0000
- timeliness_reward: -5.5975
- machine_idle_penalty: -4.7125

TOTAL REWARD: -16.5750

CUMULATIVE REWARD COMPONENTS:
- makespan_reward: -35.4300
- setup_reward: -853.0000
- deadline_reward: 71.1359
- priority_reward: 496.0000
- critical_job_reward: 79.0388
- placement_reward: 0.0000
- timeliness_reward: 75.0815
- machine_idle_penalty: -542.7875

CUMULATIVE TOTAL: -709.9613

CRITICAL STATE INFO:
- Valid actions: ['J2', 'J17']
- Machine states:
  - Machine M1: Time=7000.00, Idle=86.00, Material=E-Bike_Tretlager_gefraest
  - Machine M2: Time=7086.00, Idle=0.00, Material=E-Bike_Bremsaufnahme_gebohrt
  - Machine M3: Time=6795.00, Idle=291.00, Material=Racebike_Tretlageraufnahme_geschweisst
==================================================

2025-06-19 11:36:00,528 - JSPGymEnvironment - INFO - Material change on machine M1: E-Bike_Tretlager_gefraest -> Racebike_Bremsen_justiert, setup time: 56
2025-06-19 11:36:00,528 - JSPGymEnvironment - INFO - Executed operation: Job J2, Op 3, Machine M1, Start: 7142, End: 7169, Setup: 56
2025-06-19 11:36:00,528 - JSPGymEnvironment - INFO - 
===== REWARD DETAILS FOR STEP 120 =====
Job: J2, Operation: 3, Job Completed: False
Current Time: 7086.00 -> 7169.00, Setup Time: 56.00
Processing Time: 27.00, Idle Time: 0.00
Completed Jobs: 18/20
Machine: M1, Material: Racebike_Bremsen_justiert

REWARD COMPONENTS:
- makespan_reward: -0.4150
- setup_reward: -14.0000
- deadline_reward: 0.0000
- priority_reward: 0.0000
- critical_job_reward: 0.5000
- placement_reward: 0.0000
- timeliness_reward: -5.5979
- machine_idle_penalty: -5.7125

TOTAL REWARD: -25.2254

CUMULATIVE REWARD COMPONENTS:
- makespan_reward: -35.8450
- setup_reward: -867.0000
- deadline_reward: 71.1359
- priority_reward: 496.0000
- critical_job_reward: 79.5388
- placement_reward: 0.0000
- timeliness_reward: 69.4836
- machine_idle_penalty: -548.5000

CUMULATIVE TOTAL: -735.1866

CRITICAL STATE INFO:
- Valid actions: ['J2', 'J17']
- Machine states:
  - Machine M1: Time=7169.00, Idle=0.00, Material=Racebike_Bremsen_justiert
  - Machine M2: Time=7086.00, Idle=83.00, Material=E-Bike_Bremsaufnahme_gebohrt
  - Machine M3: Time=6795.00, Idle=374.00, Material=Racebike_Tretlageraufnahme_geschweisst
==================================================

2025-06-19 11:36:00,537 - JSPGymEnvironment - INFO - Material change on machine M2: E-Bike_Bremsaufnahme_gebohrt -> Racebike_Steuerrohr_ausgerieben, setup time: 29
2025-06-19 11:36:00,537 - JSPGymEnvironment - INFO - Executed operation: Job J2, Op 4, Machine M2, Start: 7198, End: 7224, Setup: 29
2025-06-19 11:36:00,537 - JSPGymEnvironment - INFO - 
===== REWARD DETAILS FOR STEP 121 =====
Job: J2, Operation: 4, Job Completed: False
Current Time: 7169.00 -> 7224.00, Setup Time: 29.00
Processing Time: 26.00, Idle Time: 0.00
Completed Jobs: 18/20
Machine: M2, Material: Racebike_Steuerrohr_ausgerieben

REWARD COMPONENTS:
- makespan_reward: -0.2750
- setup_reward: -7.2500
- deadline_reward: 0.0000
- priority_reward: 0.0000
- critical_job_reward: 0.5000
- placement_reward: 0.0000
- timeliness_reward: -5.5981
- machine_idle_penalty: -6.0500

TOTAL REWARD: -18.6731

CUMULATIVE REWARD COMPONENTS:
- makespan_reward: -36.1200
- setup_reward: -874.2500
- deadline_reward: 71.1359
- priority_reward: 496.0000
- critical_job_reward: 80.0388
- placement_reward: 0.0000
- timeliness_reward: 63.8855
- machine_idle_penalty: -554.5500

CUMULATIVE TOTAL: -753.8598

CRITICAL STATE INFO:
- Valid actions: ['J2', 'J17']
- Machine states:
  - Machine M1: Time=7169.00, Idle=55.00, Material=Racebike_Bremsen_justiert
  - Machine M2: Time=7224.00, Idle=0.00, Material=Racebike_Steuerrohr_ausgerieben
  - Machine M3: Time=6795.00, Idle=429.00, Material=Racebike_Tretlageraufnahme_geschweisst
==================================================

2025-06-19 11:36:00,547 - JSPGymEnvironment - INFO - Material change on machine M1: Racebike_Bremsen_justiert -> E-Bike_Antrieb_installiert, setup time: 51
2025-06-19 11:36:00,547 - JSPGymEnvironment - INFO - Executed operation: Job J17, Op 4, Machine M1, Start: 7275, End: 7302, Setup: 51
2025-06-19 11:36:00,547 - JSPGymEnvironment - INFO - 
===== REWARD DETAILS FOR STEP 122 =====
Job: J17, Operation: 4, Job Completed: False
Current Time: 7224.00 -> 7302.00, Setup Time: 51.00
Processing Time: 27.00, Idle Time: 0.00
Completed Jobs: 18/20
Machine: M1, Material: E-Bike_Antrieb_installiert

REWARD COMPONENTS:
- makespan_reward: -0.3900
- setup_reward: -12.7500
- deadline_reward: 0.0000
- priority_reward: 0.0000
- critical_job_reward: 0.0000
- placement_reward: 0.0000
- timeliness_reward: -5.5984
- machine_idle_penalty: -7.3125

TOTAL REWARD: -26.0509

CUMULATIVE REWARD COMPONENTS:
- makespan_reward: -36.5100
- setup_reward: -887.0000
- deadline_reward: 71.1359
- priority_reward: 496.0000
- critical_job_reward: 80.0388
- placement_reward: 0.0000
- timeliness_reward: 58.2871
- machine_idle_penalty: -561.8625

CUMULATIVE TOTAL: -779.9107

CRITICAL STATE INFO:
- Valid actions: ['J2', 'J17']
- Machine states:
  - Machine M1: Time=7302.00, Idle=0.00, Material=E-Bike_Antrieb_installiert
  - Machine M2: Time=7224.00, Idle=78.00, Material=Racebike_Steuerrohr_ausgerieben
  - Machine M3: Time=6795.00, Idle=507.00, Material=Racebike_Tretlageraufnahme_geschweisst
==================================================

2025-06-19 11:36:00,556 - JSPGymEnvironment - INFO - Material change on machine M3: Racebike_Tretlageraufnahme_geschweisst -> Racebike_Tretlager_gefraest, setup time: 15
2025-06-19 11:36:00,556 - JSPGymEnvironment - INFO - Executed operation: Job J2, Op 5, Machine M3, Start: 7317, End: 7337, Setup: 15
2025-06-19 11:36:00,556 - JSPGymEnvironment - INFO - 
===== REWARD DETAILS FOR STEP 123 =====
Job: J2, Operation: 5, Job Completed: False
Current Time: 7302.00 -> 7337.00, Setup Time: 15.00
Processing Time: 20.00, Idle Time: 0.00
Completed Jobs: 18/20
Machine: M3, Material: Racebike_Tretlager_gefraest

REWARD COMPONENTS:
- makespan_reward: -0.1750
- setup_reward: -3.7500
- deadline_reward: 0.0000
- priority_reward: 0.0000
- critical_job_reward: 0.5000
- placement_reward: 0.0000
- timeliness_reward: -5.5985
- machine_idle_penalty: -1.8500

TOTAL REWARD: -10.8735

CUMULATIVE REWARD COMPONENTS:
- makespan_reward: -36.6850
- setup_reward: -890.7500
- deadline_reward: 71.1359
- priority_reward: 496.0000
- critical_job_reward: 80.5388
- placement_reward: 0.0000
- timeliness_reward: 52.6886
- machine_idle_penalty: -563.7125

CUMULATIVE TOTAL: -790.7842

CRITICAL STATE INFO:
- Valid actions: ['J2', 'J17']
- Machine states:
  - Machine M1: Time=7302.00, Idle=35.00, Material=E-Bike_Antrieb_installiert
  - Machine M2: Time=7224.00, Idle=113.00, Material=Racebike_Steuerrohr_ausgerieben
  - Machine M3: Time=7337.00, Idle=0.00, Material=Racebike_Tretlager_gefraest
==================================================

2025-06-19 11:36:00,565 - JSPGymEnvironment - INFO - Material change on machine M2: Racebike_Steuerrohr_ausgerieben -> E-Bike_Hauptrahmen_zugeschnitten, setup time: 24
2025-06-19 11:36:00,565 - JSPGymEnvironment - INFO - Executed operation: Job J17, Op 5, Machine M2, Start: 7361, End: 7381, Setup: 24
2025-06-19 11:36:00,565 - JSPGymEnvironment - INFO - Job J17 completed at time 7381, deadline: 2880, met: False, priority: 7
2025-06-19 11:36:00,565 - JSPGymEnvironment - INFO - 
===== REWARD DETAILS FOR STEP 124 =====
Job: J17, Operation: 5, Job Completed: True
Current Time: 7337.00 -> 7381.00, Setup Time: 24.00
Processing Time: 20.00, Idle Time: 0.00
Completed Jobs: 19/20
Machine: M2, Material: E-Bike_Hauptrahmen_zugeschnitten
Job Deadline: 2880.00 (Missed), Priority: 7

REWARD COMPONENTS:
- makespan_reward: -0.2200
- setup_reward: -6.0000
- deadline_reward: -3.9071
- priority_reward: 28.0000
- critical_job_reward: 0.0000
- placement_reward: 0.0000
- timeliness_reward: -5.5986
- machine_idle_penalty: -1.5375

TOTAL REWARD: 10.7367

CUMULATIVE REWARD COMPONENTS:
- makespan_reward: -36.9050
- setup_reward: -896.7500
- deadline_reward: 67.2288
- priority_reward: 524.0000
- critical_job_reward: 80.5388
- placement_reward: 0.0000
- timeliness_reward: 47.0899
- machine_idle_penalty: -565.2500

CUMULATIVE TOTAL: -780.0474

CRITICAL STATE INFO:
- Valid actions: ['J2']
- Machine states:
  - Machine M1: Time=7302.00, Idle=79.00, Material=E-Bike_Antrieb_installiert
  - Machine M2: Time=7381.00, Idle=0.00, Material=E-Bike_Hauptrahmen_zugeschnitten
  - Machine M3: Time=7337.00, Idle=44.00, Material=Racebike_Tretlager_gefraest
==================================================

2025-06-19 11:36:00,565 - JSPGymEnvironment - INFO - Retro-Bonus für Job J17: -10.0
2025-06-19 11:36:00,574 - JSPGymEnvironment - INFO - Material change on machine M3: Racebike_Tretlager_gefraest -> Racebike_Tretlageraufnahme_geschweisst, setup time: 15
2025-06-19 11:36:00,574 - JSPGymEnvironment - INFO - Executed operation: Job J2, Op 6, Machine M3, Start: 7396, End: 7431, Setup: 15
2025-06-19 11:36:00,574 - JSPGymEnvironment - INFO - 
===== REWARD DETAILS FOR STEP 125 =====
Job: J2, Operation: 6, Job Completed: False
Current Time: 7381.00 -> 7431.00, Setup Time: 15.00
Processing Time: 35.00, Idle Time: 0.00
Completed Jobs: 19/20
Machine: M3, Material: Racebike_Tretlageraufnahme_geschweisst

REWARD COMPONENTS:
- makespan_reward: -0.2500
- setup_reward: -3.7500
- deadline_reward: 0.0000
- priority_reward: 0.0000
- critical_job_reward: 0.5000
- placement_reward: 0.0000
- timeliness_reward: -5.5988
- machine_idle_penalty: -2.2375

TOTAL REWARD: -11.3363

CUMULATIVE REWARD COMPONENTS:
- makespan_reward: -37.1550
- setup_reward: -900.5000
- deadline_reward: 67.2288
- priority_reward: 524.0000
- critical_job_reward: 81.0388
- placement_reward: 0.0000
- timeliness_reward: 41.4911
- machine_idle_penalty: -567.4875

CUMULATIVE TOTAL: -791.3837

CRITICAL STATE INFO:
- Valid actions: ['J2']
- Machine states:
  - Machine M1: Time=7302.00, Idle=129.00, Material=E-Bike_Antrieb_installiert
  - Machine M2: Time=7381.00, Idle=50.00, Material=E-Bike_Hauptrahmen_zugeschnitten
  - Machine M3: Time=7431.00, Idle=0.00, Material=Racebike_Tretlageraufnahme_geschweisst
==================================================

2025-06-19 11:36:00,583 - JSPGymEnvironment - INFO - Material change on machine M1: E-Bike_Antrieb_installiert -> Racebike_Rahmen_komplettiert, setup time: 56
2025-06-19 11:36:00,583 - JSPGymEnvironment - INFO - Executed operation: Job J2, Op 7, Machine M1, Start: 7487, End: 7511, Setup: 56
2025-06-19 11:36:00,583 - JSPGymEnvironment - INFO - Job J2 completed at time 7511, deadline: 2880, met: False, priority: 10
2025-06-19 11:36:00,583 - JSPGymEnvironment - INFO - 
===== REWARD DETAILS FOR STEP 126 =====
Job: J2, Operation: 7, Job Completed: True
Current Time: 7431.00 -> 7511.00, Setup Time: 56.00
Processing Time: 24.00, Idle Time: 0.00
Completed Jobs: 20/20
Machine: M1, Material: Racebike_Rahmen_komplettiert
Job Deadline: 2880.00 (Missed), Priority: 10

REWARD COMPONENTS:
- makespan_reward: -0.4000
- setup_reward: -14.0000
- deadline_reward: -4.0200
- priority_reward: 40.0000
- critical_job_reward: 0.5000
- placement_reward: 0.0000
- timeliness_reward: 2.4000
- machine_idle_penalty: -2.6250

TOTAL REWARD: 21.8550

CUMULATIVE REWARD COMPONENTS:
- makespan_reward: -37.5550
- setup_reward: -914.5000
- deadline_reward: 63.2088
- priority_reward: 564.0000
- critical_job_reward: 81.5388
- placement_reward: 0.0000
- timeliness_reward: 43.8912
- machine_idle_penalty: -570.1125

CUMULATIVE TOTAL: -769.5287

CRITICAL STATE INFO:
- Valid actions: []
- Machine states:
  - Machine M1: Time=7511.00, Idle=0.00, Material=Racebike_Rahmen_komplettiert
  - Machine M2: Time=7381.00, Idle=130.00, Material=E-Bike_Hauptrahmen_zugeschnitten
  - Machine M3: Time=7431.00, Idle=80.00, Material=Racebike_Tretlageraufnahme_geschweisst
==================================================

2025-06-19 11:36:00,583 - JSPGymEnvironment - INFO - Retro-Bonus für Job J2: -5.0
2025-06-19 11:36:00,583 - JSPGymEnvironment - INFO - Reward function updated with 58 insights
2025-06-19 11:36:00,583 - JSPGymEnvironment - INFO -   Material change on critical path at Job 1 Operation 0 on Machine M2 (Severity: 1.00)
2025-06-19 11:36:00,583 - JSPGymEnvironment - INFO -   Material change on critical path at Job 1 Operation 1 on Machine M2 (Severity: 1.45)
2025-06-19 11:36:00,583 - JSPGymEnvironment - INFO -   Idle time on critical path before Job 1 Operation 1 on Machine M2 (Severity: 44.68)
2025-06-19 11:36:00,583 - JSPGymEnvironment - INFO -   Material change on critical path at Job 1 Operation 2 on Machine M2 (Severity: 1.00)
2025-06-19 11:36:00,583 - JSPGymEnvironment - INFO -   Idle time on critical path before Job 1 Operation 2 on Machine M2 (Severity: 22.85)
2025-06-19 11:36:00,583 - JSPGymEnvironment - INFO -   Material change on critical path at Job 1 Operation 3 on Machine M1 (Severity: 1.40)
2025-06-19 11:36:00,583 - JSPGymEnvironment - INFO -   Material change on critical path at Job 1 Operation 4 on Machine M2 (Severity: 1.45)
2025-06-19 11:36:00,583 - JSPGymEnvironment - INFO -   Material change on critical path at Job 1 Operation 5 on Machine M3 (Severity: 1.00)
2025-06-19 11:36:00,583 - JSPGymEnvironment - INFO -   Material change on critical path at Job 1 Operation 6 on Machine M3 (Severity: 1.00)
2025-06-19 11:36:00,583 - JSPGymEnvironment - INFO -   Idle time on critical path before Job 1 Operation 6 on Machine M3 (Severity: 1.69)
2025-06-19 11:36:00,583 - JSPGymEnvironment - INFO -   Material change on critical path at Job 1 Operation 7 on Machine M1 (Severity: 1.40)
2025-06-19 11:36:00,583 - JSPGymEnvironment - INFO -   High priority (10) not on critical path: Job 9 Operation 0 (Severity: 1.00)
2025-06-19 11:36:00,583 - JSPGymEnvironment - INFO -   High priority (10) not on critical path: Job 9 Operation 1 (Severity: 1.00)
2025-06-19 11:36:00,583 - JSPGymEnvironment - INFO -   High priority (8) not on critical path: Job 15 Operation 0 (Severity: 0.33)
2025-06-19 11:36:00,583 - JSPGymEnvironment - INFO -   High priority (10) not on critical path: Job 9 Operation 2 (Severity: 1.00)
2025-06-19 11:36:00,583 - JSPGymEnvironment - INFO -   High priority (8) not on critical path: Job 7 Operation 0 (Severity: 0.33)
2025-06-19 11:36:00,583 - JSPGymEnvironment - INFO -   High priority (8) not on critical path: Job 7 Operation 1 (Severity: 0.33)
2025-06-19 11:36:00,583 - JSPGymEnvironment - INFO -   High priority (9) not on critical path: Job 4 Operation 0 (Severity: 0.67)
2025-06-19 11:36:00,583 - JSPGymEnvironment - INFO -   High priority (8) not on critical path: Job 7 Operation 2 (Severity: 0.33)
2025-06-19 11:36:00,583 - JSPGymEnvironment - INFO -   High priority (8) not on critical path: Job 7 Operation 3 (Severity: 0.33)
2025-06-19 11:36:00,583 - JSPGymEnvironment - INFO -   High priority (10) not on critical path: Job 9 Operation 3 (Severity: 1.00)
2025-06-19 11:36:00,583 - JSPGymEnvironment - INFO -   High priority (9) not on critical path: Job 11 Operation 0 (Severity: 0.67)
2025-06-19 11:36:00,583 - JSPGymEnvironment - INFO -   High priority (8) not on critical path: Job 7 Operation 4 (Severity: 0.33)
2025-06-19 11:36:00,583 - JSPGymEnvironment - INFO -   High priority (8) not on critical path: Job 7 Operation 5 (Severity: 0.33)
2025-06-19 11:36:00,583 - JSPGymEnvironment - INFO -   High priority (8) not on critical path: Job 7 Operation 6 (Severity: 0.33)
2025-06-19 11:36:00,583 - JSPGymEnvironment - INFO -   High priority (9) not on critical path: Job 8 Operation 0 (Severity: 0.67)
2025-06-19 11:36:00,583 - JSPGymEnvironment - INFO -   High priority (8) not on critical path: Job 7 Operation 7 (Severity: 0.33)
2025-06-19 11:36:00,583 - JSPGymEnvironment - INFO -   High priority (9) not on critical path: Job 4 Operation 1 (Severity: 0.67)
2025-06-19 11:36:00,583 - JSPGymEnvironment - INFO -   High priority (9) not on critical path: Job 19 Operation 0 (Severity: 0.67)
2025-06-19 11:36:00,583 - JSPGymEnvironment - INFO -   High priority (9) not on critical path: Job 19 Operation 1 (Severity: 0.67)
2025-06-19 11:36:00,583 - JSPGymEnvironment - INFO -   High priority (9) not on critical path: Job 19 Operation 2 (Severity: 0.67)
2025-06-19 11:36:00,583 - JSPGymEnvironment - INFO -   High priority (10) not on critical path: Job 9 Operation 4 (Severity: 1.00)
2025-06-19 11:36:00,583 - JSPGymEnvironment - INFO -   High priority (9) not on critical path: Job 19 Operation 3 (Severity: 0.67)
2025-06-19 11:36:00,583 - JSPGymEnvironment - INFO -   High priority (9) not on critical path: Job 4 Operation 2 (Severity: 0.67)
2025-06-19 11:36:00,583 - JSPGymEnvironment - INFO -   High priority (8) not on critical path: Job 15 Operation 1 (Severity: 0.33)
2025-06-19 11:36:00,584 - JSPGymEnvironment - INFO -   High priority (9) not on critical path: Job 19 Operation 4 (Severity: 0.67)
2025-06-19 11:36:00,584 - JSPGymEnvironment - INFO -   High priority (9) not on critical path: Job 4 Operation 3 (Severity: 0.67)
2025-06-19 11:36:00,584 - JSPGymEnvironment - INFO -   High priority (9) not on critical path: Job 8 Operation 1 (Severity: 0.67)
2025-06-19 11:36:00,584 - JSPGymEnvironment - INFO -   High priority (9) not on critical path: Job 4 Operation 4 (Severity: 0.67)
2025-06-19 11:36:00,584 - JSPGymEnvironment - INFO -   High priority (9) not on critical path: Job 8 Operation 2 (Severity: 0.67)
2025-06-19 11:36:00,584 - JSPGymEnvironment - INFO -   High priority (8) not on critical path: Job 15 Operation 2 (Severity: 0.33)
2025-06-19 11:36:00,584 - JSPGymEnvironment - INFO -   High priority (9) not on critical path: Job 4 Operation 5 (Severity: 0.67)
2025-06-19 11:36:00,584 - JSPGymEnvironment - INFO -   High priority (9) not on critical path: Job 8 Operation 3 (Severity: 0.67)
2025-06-19 11:36:00,584 - JSPGymEnvironment - INFO -   High priority (9) not on critical path: Job 8 Operation 4 (Severity: 0.67)
2025-06-19 11:36:00,584 - JSPGymEnvironment - INFO -   High priority (9) not on critical path: Job 11 Operation 1 (Severity: 0.67)
2025-06-19 11:36:00,584 - JSPGymEnvironment - INFO -   High priority (9) not on critical path: Job 8 Operation 5 (Severity: 0.67)
2025-06-19 11:36:00,584 - JSPGymEnvironment - INFO -   High priority (9) not on critical path: Job 3 Operation 0 (Severity: 0.67)
2025-06-19 11:36:00,584 - JSPGymEnvironment - INFO -   High priority (9) not on critical path: Job 3 Operation 1 (Severity: 0.67)
2025-06-19 11:36:00,584 - JSPGymEnvironment - INFO -   High priority (9) not on critical path: Job 11 Operation 2 (Severity: 0.67)
2025-06-19 11:36:00,584 - JSPGymEnvironment - INFO -   High priority (8) not on critical path: Job 15 Operation 3 (Severity: 0.33)
2025-06-19 11:36:00,584 - JSPGymEnvironment - INFO -   High priority (9) not on critical path: Job 11 Operation 3 (Severity: 0.67)
2025-06-19 11:36:00,584 - JSPGymEnvironment - INFO -   High priority (8) not on critical path: Job 15 Operation 4 (Severity: 0.33)
2025-06-19 11:36:00,584 - JSPGymEnvironment - INFO -   High priority (9) not on critical path: Job 3 Operation 2 (Severity: 0.67)
2025-06-19 11:36:00,584 - JSPGymEnvironment - INFO -   High priority (9) not on critical path: Job 3 Operation 3 (Severity: 0.67)
2025-06-19 11:36:00,584 - JSPGymEnvironment - INFO -   High priority (9) not on critical path: Job 3 Operation 4 (Severity: 0.67)
2025-06-19 11:36:00,584 - JSPGymEnvironment - INFO -   High priority (9) not on critical path: Job 3 Operation 5 (Severity: 0.67)
2025-06-19 11:36:00,584 - JSPGymEnvironment - INFO -   High priority (9) not on critical path: Job 11 Operation 4 (Severity: 0.67)
2025-06-19 11:36:00,584 - JSPGymEnvironment - INFO -   High priority (9) not on critical path: Job 11 Operation 5 (Severity: 0.67)
2025-06-19 11:36:00,584 - JSPGymEnvironment - INFO - Episode completed. Critical path: 8 operations, Suboptimal placements: 58
2025-06-19 11:36:00,584 - JSPGymEnvironment - INFO - Reward components: {'makespan_reward': -0.4, 'setup_reward': -14.0, 'deadline_reward': -4.019965277777778, 'priority_reward': 40.0, 'critical_job_reward': np.float64(0.5), 'placement_reward': 0.0, 'timeliness_reward': 2.4, 'machine_idle_penalty': -2.625}
2025-06-19 11:36:25,508 - JSPGymEnvironment - INFO - Environment reset
2025-06-19 11:36:25,528 - JSPGymEnvironment - INFO - Material change on machine M1:  -> E-Bike_Hinterbau_vorbereitet, setup time: 0
2025-06-19 11:36:25,528 - JSPGymEnvironment - INFO - Executed operation: Job J5, Op 0, Machine M1, Start: 0, End: 36, Setup: 0
2025-06-19 11:36:25,528 - JSPGymEnvironment - INFO - 
===== REWARD DETAILS FOR STEP 1 =====
Job: J5, Operation: 0, Job Completed: False
Current Time: 0.00 -> 36.00, Setup Time: 0.00
Processing Time: 36.00, Idle Time: 0.00
Completed Jobs: 0/20
Machine: M1, Material: E-Bike_Hinterbau_vorbereitet

REWARD COMPONENTS:
- makespan_reward: -0.1800
- setup_reward: 0.0000
- deadline_reward: 0.0000
- priority_reward: 0.0000
- critical_job_reward: 0.5000
- placement_reward: -1.6667
- timeliness_reward: 9.1723
- machine_idle_penalty: -1.0000

TOTAL REWARD: 6.8256

CUMULATIVE REWARD COMPONENTS:
- makespan_reward: -0.1800
- setup_reward: 0.0000
- deadline_reward: 0.0000
- priority_reward: 0.0000
- critical_job_reward: 0.5000
- placement_reward: -1.6667
- timeliness_reward: 9.1723
- machine_idle_penalty: -1.0000

CUMULATIVE TOTAL: 6.8256

CRITICAL STATE INFO:
- Valid actions: ['J1', 'J2', 'J3', 'J4', 'J5', 'J6', 'J7', 'J8', 'J9', 'J10', 'J11', 'J12', 'J13', 'J14', 'J15', 'J16', 'J17', 'J18', 'J19', 'J20']
- Machine states:
  - Machine M1: Time=36.00, Idle=0.00, Material=E-Bike_Hinterbau_vorbereitet
  - Machine M2: Time=0.00, Idle=36.00, Material=None
  - Machine M3: Time=0.00, Idle=36.00, Material=None
==================================================

2025-06-19 11:36:25,541 - JSPGymEnvironment - INFO - Material change on machine M2:  -> Mountainbike_Tretlager_gefraest, setup time: 0
2025-06-19 11:36:25,541 - JSPGymEnvironment - INFO - Executed operation: Job J11, Op 0, Machine M2, Start: 36, End: 59, Setup: 0
2025-06-19 11:36:25,541 - JSPGymEnvironment - INFO - 
===== REWARD DETAILS FOR STEP 2 =====
Job: J11, Operation: 0, Job Completed: False
Current Time: 36.00 -> 59.00, Setup Time: 0.00
Processing Time: 23.00, Idle Time: 0.00
Completed Jobs: 0/20
Machine: M2, Material: Mountainbike_Tretlager_gefraest

REWARD COMPONENTS:
- makespan_reward: -0.1150
- setup_reward: 0.0000
- deadline_reward: 0.0000
- priority_reward: 0.0000
- critical_job_reward: 0.0000
- placement_reward: 0.0000
- timeliness_reward: 9.1798
- machine_idle_penalty: -1.0750

TOTAL REWARD: 7.9898

CUMULATIVE REWARD COMPONENTS:
- makespan_reward: -0.2950
- setup_reward: 0.0000
- deadline_reward: 0.0000
- priority_reward: 0.0000
- critical_job_reward: 0.5000
- placement_reward: -1.6667
- timeliness_reward: 18.3521
- machine_idle_penalty: -2.0750

CUMULATIVE TOTAL: 14.8154

CRITICAL STATE INFO:
- Valid actions: ['J1', 'J2', 'J3', 'J4', 'J5', 'J6', 'J7', 'J8', 'J9', 'J10', 'J11', 'J12', 'J13', 'J14', 'J15', 'J16', 'J17', 'J18', 'J19', 'J20']
- Machine states:
  - Machine M1: Time=36.00, Idle=23.00, Material=E-Bike_Hinterbau_vorbereitet
  - Machine M2: Time=59.00, Idle=0.00, Material=Mountainbike_Tretlager_gefraest
  - Machine M3: Time=0.00, Idle=59.00, Material=None
==================================================

2025-06-19 11:36:25,553 - JSPGymEnvironment - INFO - Material change on machine M1: E-Bike_Hinterbau_vorbereitet -> Mountainbike_Rahmen_lackiert, setup time: 47
2025-06-19 11:36:25,553 - JSPGymEnvironment - INFO - Executed operation: Job J11, Op 1, Machine M1, Start: 106, End: 130, Setup: 47
2025-06-19 11:36:25,553 - JSPGymEnvironment - INFO - 
===== REWARD DETAILS FOR STEP 3 =====
Job: J11, Operation: 1, Job Completed: False
Current Time: 59.00 -> 130.00, Setup Time: 47.00
Processing Time: 24.00, Idle Time: 0.00
Completed Jobs: 0/20
Machine: M1, Material: Mountainbike_Rahmen_lackiert

REWARD COMPONENTS:
- makespan_reward: -0.3550
- setup_reward: -11.7500
- deadline_reward: 0.0000
- priority_reward: 0.0000
- critical_job_reward: 0.0000
- placement_reward: 0.0000
- timeliness_reward: 9.2021
- machine_idle_penalty: -2.6125

TOTAL REWARD: -5.5154

CUMULATIVE REWARD COMPONENTS:
- makespan_reward: -0.6500
- setup_reward: -11.7500
- deadline_reward: 0.0000
- priority_reward: 0.0000
- critical_job_reward: 0.5000
- placement_reward: -1.6667
- timeliness_reward: 27.5542
- machine_idle_penalty: -4.6875

CUMULATIVE TOTAL: 9.3000

CRITICAL STATE INFO:
- Valid actions: ['J1', 'J2', 'J3', 'J4', 'J5', 'J6', 'J7', 'J8', 'J9', 'J10', 'J11', 'J12', 'J13', 'J14', 'J15', 'J16', 'J17', 'J18', 'J19', 'J20']
- Machine states:
  - Machine M1: Time=130.00, Idle=0.00, Material=Mountainbike_Rahmen_lackiert
  - Machine M2: Time=59.00, Idle=71.00, Material=Mountainbike_Tretlager_gefraest
  - Machine M3: Time=0.00, Idle=130.00, Material=None
==================================================

2025-06-19 11:36:25,565 - JSPGymEnvironment - INFO - Material change on machine M3:  -> E-Bike_Rahmen_lackiert, setup time: 0
2025-06-19 11:36:25,565 - JSPGymEnvironment - INFO - Executed operation: Job J16, Op 0, Machine M3, Start: 130, End: 160, Setup: 0
2025-06-19 11:36:25,565 - JSPGymEnvironment - INFO - 
===== REWARD DETAILS FOR STEP 4 =====
Job: J16, Operation: 0, Job Completed: False
Current Time: 130.00 -> 160.00, Setup Time: 0.00
Processing Time: 30.00, Idle Time: 0.00
Completed Jobs: 0/20
Machine: M3, Material: E-Bike_Rahmen_lackiert

REWARD COMPONENTS:
- makespan_reward: -0.1500
- setup_reward: 0.0000
- deadline_reward: 0.0000
- priority_reward: 0.0000
- critical_job_reward: 0.5000
- placement_reward: -0.8333
- timeliness_reward: 9.2190
- machine_idle_penalty: -1.6875

TOTAL REWARD: 7.0482

CUMULATIVE REWARD COMPONENTS:
- makespan_reward: -0.8000
- setup_reward: -11.7500
- deadline_reward: 0.0000
- priority_reward: 0.0000
- critical_job_reward: 1.0000
- placement_reward: -2.5000
- timeliness_reward: 36.7732
- machine_idle_penalty: -6.3750

CUMULATIVE TOTAL: 16.3482

CRITICAL STATE INFO:
- Valid actions: ['J1', 'J2', 'J3', 'J4', 'J5', 'J6', 'J7', 'J8', 'J9', 'J10', 'J11', 'J12', 'J13', 'J14', 'J15', 'J16', 'J17', 'J18', 'J19', 'J20']
- Machine states:
  - Machine M1: Time=130.00, Idle=30.00, Material=Mountainbike_Rahmen_lackiert
  - Machine M2: Time=59.00, Idle=101.00, Material=Mountainbike_Tretlager_gefraest
  - Machine M3: Time=160.00, Idle=0.00, Material=E-Bike_Rahmen_lackiert
==================================================

2025-06-19 11:36:25,577 - JSPGymEnvironment - INFO - Material change on machine M3: E-Bike_Rahmen_lackiert -> Racebike_Rahmen_komplettiert, setup time: 22
2025-06-19 11:36:25,577 - JSPGymEnvironment - INFO - Executed operation: Job J12, Op 0, Machine M3, Start: 182, End: 236, Setup: 22
2025-06-19 11:36:25,577 - JSPGymEnvironment - INFO - 
===== REWARD DETAILS FOR STEP 5 =====
Job: J12, Operation: 0, Job Completed: False
Current Time: 160.00 -> 236.00, Setup Time: 22.00
Processing Time: 54.00, Idle Time: 0.00
Completed Jobs: 0/20
Machine: M3, Material: Racebike_Rahmen_komplettiert

REWARD COMPONENTS:
- makespan_reward: -0.3800
- setup_reward: -5.5000
- deadline_reward: 0.0000
- priority_reward: 0.0000
- critical_job_reward: 0.5000
- placement_reward: -1.6667
- timeliness_reward: 9.2369
- machine_idle_penalty: -3.6375

TOTAL REWARD: -1.4473

CUMULATIVE REWARD COMPONENTS:
- makespan_reward: -1.1800
- setup_reward: -17.2500
- deadline_reward: 0.0000
- priority_reward: 0.0000
- critical_job_reward: 1.5000
- placement_reward: -4.1667
- timeliness_reward: 46.0101
- machine_idle_penalty: -10.0125

CUMULATIVE TOTAL: 14.9009

CRITICAL STATE INFO:
- Valid actions: ['J1', 'J2', 'J3', 'J4', 'J5', 'J6', 'J7', 'J8', 'J9', 'J10', 'J11', 'J12', 'J13', 'J14', 'J15', 'J16', 'J17', 'J18', 'J19', 'J20']
- Machine states:
  - Machine M1: Time=130.00, Idle=106.00, Material=Mountainbike_Rahmen_lackiert
  - Machine M2: Time=59.00, Idle=177.00, Material=Mountainbike_Tretlager_gefraest
  - Machine M3: Time=236.00, Idle=0.00, Material=Racebike_Rahmen_komplettiert
==================================================

2025-06-19 11:36:25,589 - JSPGymEnvironment - INFO - Material change on machine M1: Mountainbike_Rahmen_lackiert -> Citybike_Tretlageraufnahme_geschweisst, setup time: 45
2025-06-19 11:36:25,589 - JSPGymEnvironment - INFO - Executed operation: Job J14, Op 0, Machine M1, Start: 281, End: 323, Setup: 45
2025-06-19 11:36:25,590 - JSPGymEnvironment - INFO - 
===== REWARD DETAILS FOR STEP 6 =====
Job: J14, Operation: 0, Job Completed: False
Current Time: 236.00 -> 323.00, Setup Time: 45.00
Processing Time: 42.00, Idle Time: 0.00
Completed Jobs: 0/20
Machine: M1, Material: Citybike_Tretlageraufnahme_geschweisst

REWARD COMPONENTS:
- makespan_reward: -0.4350
- setup_reward: -11.2500
- deadline_reward: 0.0000
- priority_reward: 0.0000
- critical_job_reward: 0.0000
- placement_reward: 0.0000
- timeliness_reward: 9.2603
- machine_idle_penalty: -4.4375

TOTAL REWARD: -6.8622

CUMULATIVE REWARD COMPONENTS:
- makespan_reward: -1.6150
- setup_reward: -28.5000
- deadline_reward: 0.0000
- priority_reward: 0.0000
- critical_job_reward: 1.5000
- placement_reward: -4.1667
- timeliness_reward: 55.2703
- machine_idle_penalty: -14.4500

CUMULATIVE TOTAL: 8.0387

CRITICAL STATE INFO:
- Valid actions: ['J1', 'J2', 'J3', 'J4', 'J5', 'J6', 'J7', 'J8', 'J9', 'J10', 'J11', 'J12', 'J13', 'J14', 'J15', 'J16', 'J17', 'J18', 'J19', 'J20']
- Machine states:
  - Machine M1: Time=323.00, Idle=0.00, Material=Citybike_Tretlageraufnahme_geschweisst
  - Machine M2: Time=59.00, Idle=264.00, Material=Mountainbike_Tretlager_gefraest
  - Machine M3: Time=236.00, Idle=87.00, Material=Racebike_Rahmen_komplettiert
==================================================

2025-06-19 11:36:25,601 - JSPGymEnvironment - INFO - Material change on machine M3: Racebike_Rahmen_komplettiert -> Racebike_Tretlager_gefraest, setup time: 15
2025-06-19 11:36:25,601 - JSPGymEnvironment - INFO - Executed operation: Job J9, Op 0, Machine M3, Start: 338, End: 365, Setup: 15
2025-06-19 11:36:25,601 - JSPGymEnvironment - INFO - 
===== REWARD DETAILS FOR STEP 7 =====
Job: J9, Operation: 0, Job Completed: False
Current Time: 323.00 -> 365.00, Setup Time: 15.00
Processing Time: 27.00, Idle Time: 0.00
Completed Jobs: 0/20
Machine: M3, Material: Racebike_Tretlager_gefraest

REWARD COMPONENTS:
- makespan_reward: -0.2100
- setup_reward: -3.7500
- deadline_reward: 0.0000
- priority_reward: 0.0000
- critical_job_reward: 0.5000
- placement_reward: -1.6667
- timeliness_reward: 9.2690
- machine_idle_penalty: -4.4000

TOTAL REWARD: -0.2577

CUMULATIVE REWARD COMPONENTS:
- makespan_reward: -1.8250
- setup_reward: -32.2500
- deadline_reward: 0.0000
- priority_reward: 0.0000
- critical_job_reward: 2.0000
- placement_reward: -5.8333
- timeliness_reward: 64.5393
- machine_idle_penalty: -18.8500

CUMULATIVE TOTAL: 7.7810

CRITICAL STATE INFO:
- Valid actions: ['J1', 'J2', 'J3', 'J4', 'J5', 'J6', 'J7', 'J8', 'J9', 'J10', 'J11', 'J12', 'J13', 'J14', 'J15', 'J16', 'J17', 'J18', 'J19', 'J20']
- Machine states:
  - Machine M1: Time=323.00, Idle=42.00, Material=Citybike_Tretlageraufnahme_geschweisst
  - Machine M2: Time=59.00, Idle=306.00, Material=Mountainbike_Tretlager_gefraest
  - Machine M3: Time=365.00, Idle=0.00, Material=Racebike_Tretlager_gefraest
==================================================

2025-06-19 11:36:25,614 - JSPGymEnvironment - INFO - Material change on machine M2: Mountainbike_Tretlager_gefraest -> Racebike_Fahrrad_endmontiert, setup time: 16
2025-06-19 11:36:25,614 - JSPGymEnvironment - INFO - Executed operation: Job J12, Op 1, Machine M2, Start: 381, End: 392, Setup: 16
2025-06-19 11:36:25,614 - JSPGymEnvironment - INFO - 
===== REWARD DETAILS FOR STEP 8 =====
Job: J12, Operation: 1, Job Completed: False
Current Time: 365.00 -> 392.00, Setup Time: 16.00
Processing Time: 11.00, Idle Time: 0.00
Completed Jobs: 0/20
Machine: M2, Material: Racebike_Fahrrad_endmontiert

REWARD COMPONENTS:
- makespan_reward: -0.1350
- setup_reward: -4.0000
- deadline_reward: 0.0000
- priority_reward: 0.0000
- critical_job_reward: 0.5000
- placement_reward: -1.6667
- timeliness_reward: 9.2790
- machine_idle_penalty: -1.2000

TOTAL REWARD: 2.7773

CUMULATIVE REWARD COMPONENTS:
- makespan_reward: -1.9600
- setup_reward: -36.2500
- deadline_reward: 0.0000
- priority_reward: 0.0000
- critical_job_reward: 2.5000
- placement_reward: -7.5000
- timeliness_reward: 73.8183
- machine_idle_penalty: -20.0500

CUMULATIVE TOTAL: 10.5583

CRITICAL STATE INFO:
- Valid actions: ['J1', 'J2', 'J3', 'J4', 'J5', 'J6', 'J7', 'J8', 'J9', 'J10', 'J11', 'J12', 'J13', 'J14', 'J15', 'J16', 'J17', 'J18', 'J19', 'J20']
- Machine states:
  - Machine M1: Time=323.00, Idle=69.00, Material=Citybike_Tretlageraufnahme_geschweisst
  - Machine M2: Time=392.00, Idle=0.00, Material=Racebike_Fahrrad_endmontiert
  - Machine M3: Time=365.00, Idle=27.00, Material=Racebike_Tretlager_gefraest
==================================================

2025-06-19 11:36:25,625 - JSPGymEnvironment - INFO - Material change on machine M2: Racebike_Fahrrad_endmontiert -> E-Bike_Hinterbau_vorbereitet, setup time: 24
2025-06-19 11:36:25,625 - JSPGymEnvironment - INFO - Executed operation: Job J16, Op 1, Machine M2, Start: 416, End: 433, Setup: 24
2025-06-19 11:36:25,625 - JSPGymEnvironment - INFO - 
===== REWARD DETAILS FOR STEP 9 =====
Job: J16, Operation: 1, Job Completed: False
Current Time: 392.00 -> 433.00, Setup Time: 24.00
Processing Time: 17.00, Idle Time: 0.00
Completed Jobs: 0/20
Machine: M2, Material: E-Bike_Hinterbau_vorbereitet

REWARD COMPONENTS:
- makespan_reward: -0.2050
- setup_reward: -6.0000
- deadline_reward: 0.0000
- priority_reward: 0.0000
- critical_job_reward: 0.5000
- placement_reward: -0.8333
- timeliness_reward: 9.3029
- machine_idle_penalty: -2.2250

TOTAL REWARD: 0.5395

CUMULATIVE REWARD COMPONENTS:
- makespan_reward: -2.1650
- setup_reward: -42.2500
- deadline_reward: 0.0000
- priority_reward: 0.0000
- critical_job_reward: 3.0000
- placement_reward: -8.3333
- timeliness_reward: 83.1211
- machine_idle_penalty: -22.2750

CUMULATIVE TOTAL: 11.0978

CRITICAL STATE INFO:
- Valid actions: ['J1', 'J2', 'J3', 'J4', 'J5', 'J6', 'J7', 'J8', 'J9', 'J10', 'J11', 'J12', 'J13', 'J14', 'J15', 'J16', 'J17', 'J18', 'J19', 'J20']
- Machine states:
  - Machine M1: Time=323.00, Idle=110.00, Material=Citybike_Tretlageraufnahme_geschweisst
  - Machine M2: Time=433.00, Idle=0.00, Material=E-Bike_Hinterbau_vorbereitet
  - Machine M3: Time=365.00, Idle=68.00, Material=Racebike_Tretlager_gefraest
==================================================

2025-06-19 11:36:25,638 - JSPGymEnvironment - INFO - Material change on machine M3: Racebike_Tretlager_gefraest -> Mountainbike_Steuerrohr_montiert, setup time: 18
2025-06-19 11:36:25,638 - JSPGymEnvironment - INFO - Executed operation: Job J3, Op 0, Machine M3, Start: 451, End: 482, Setup: 18
2025-06-19 11:36:25,638 - JSPGymEnvironment - INFO - 
===== REWARD DETAILS FOR STEP 10 =====
Job: J3, Operation: 0, Job Completed: False
Current Time: 433.00 -> 482.00, Setup Time: 18.00
Processing Time: 31.00, Idle Time: 0.00
Completed Jobs: 0/20
Machine: M3, Material: Mountainbike_Steuerrohr_montiert

REWARD COMPONENTS:
- makespan_reward: -0.2450
- setup_reward: -4.5000
- deadline_reward: 0.0000
- priority_reward: 0.0000
- critical_job_reward: 0.0000
- placement_reward: 0.0000
- timeliness_reward: 9.2966
- machine_idle_penalty: -2.6000

TOTAL REWARD: 1.9516

CUMULATIVE REWARD COMPONENTS:
- makespan_reward: -2.4100
- setup_reward: -46.7500
- deadline_reward: 0.0000
- priority_reward: 0.0000
- critical_job_reward: 3.0000
- placement_reward: -8.3333
- timeliness_reward: 92.4177
- machine_idle_penalty: -24.8750

CUMULATIVE TOTAL: 13.0494

CRITICAL STATE INFO:
- Valid actions: ['J1', 'J2', 'J3', 'J4', 'J5', 'J6', 'J7', 'J8', 'J9', 'J10', 'J11', 'J12', 'J13', 'J14', 'J15', 'J16', 'J17', 'J18', 'J19', 'J20']
- Machine states:
  - Machine M1: Time=323.00, Idle=159.00, Material=Citybike_Tretlageraufnahme_geschweisst
  - Machine M2: Time=433.00, Idle=49.00, Material=E-Bike_Hinterbau_vorbereitet
  - Machine M3: Time=482.00, Idle=0.00, Material=Mountainbike_Steuerrohr_montiert
==================================================

2025-06-19 11:36:25,650 - JSPGymEnvironment - INFO - Material change on machine M3: Mountainbike_Steuerrohr_montiert -> E-Bike_Schaltauge_bearbeitet, setup time: 22
2025-06-19 11:36:25,650 - JSPGymEnvironment - INFO - Executed operation: Job J16, Op 2, Machine M3, Start: 504, End: 531, Setup: 22
2025-06-19 11:36:25,650 - JSPGymEnvironment - INFO - 
===== REWARD DETAILS FOR STEP 11 =====
Job: J16, Operation: 2, Job Completed: False
Current Time: 482.00 -> 531.00, Setup Time: 22.00
Processing Time: 27.00, Idle Time: 0.00
Completed Jobs: 0/20
Machine: M3, Material: E-Bike_Schaltauge_bearbeitet

REWARD COMPONENTS:
- makespan_reward: -0.2450
- setup_reward: -5.5000
- deadline_reward: 0.0000
- priority_reward: 0.0000
- critical_job_reward: 0.5000
- placement_reward: -0.8333
- timeliness_reward: 9.3259
- machine_idle_penalty: -3.8250

TOTAL REWARD: -0.5775

CUMULATIVE REWARD COMPONENTS:
- makespan_reward: -2.6550
- setup_reward: -52.2500
- deadline_reward: 0.0000
- priority_reward: 0.0000
- critical_job_reward: 3.5000
- placement_reward: -9.1667
- timeliness_reward: 101.7436
- machine_idle_penalty: -28.7000

CUMULATIVE TOTAL: 12.4719

CRITICAL STATE INFO:
- Valid actions: ['J1', 'J2', 'J3', 'J4', 'J5', 'J6', 'J7', 'J8', 'J9', 'J10', 'J11', 'J12', 'J13', 'J14', 'J15', 'J16', 'J17', 'J18', 'J19', 'J20']
- Machine states:
  - Machine M1: Time=323.00, Idle=208.00, Material=Citybike_Tretlageraufnahme_geschweisst
  - Machine M2: Time=433.00, Idle=98.00, Material=E-Bike_Hinterbau_vorbereitet
  - Machine M3: Time=531.00, Idle=0.00, Material=E-Bike_Schaltauge_bearbeitet
==================================================

2025-06-19 11:36:25,661 - JSPGymEnvironment - INFO - Material change on machine M3: E-Bike_Schaltauge_bearbeitet -> Racebike_Bremsaufnahme_gebohrt, setup time: 22
2025-06-19 11:36:25,661 - JSPGymEnvironment - INFO - Executed operation: Job J10, Op 0, Machine M3, Start: 553, End: 590, Setup: 22
2025-06-19 11:36:25,661 - JSPGymEnvironment - INFO - 
===== REWARD DETAILS FOR STEP 12 =====
Job: J10, Operation: 0, Job Completed: False
Current Time: 531.00 -> 590.00, Setup Time: 22.00
Processing Time: 37.00, Idle Time: 0.00
Completed Jobs: 0/20
Machine: M3, Material: Racebike_Bremsaufnahme_gebohrt

REWARD COMPONENTS:
- makespan_reward: -0.2950
- setup_reward: -5.5000
- deadline_reward: 0.0000
- priority_reward: 0.0000
- critical_job_reward: 0.5000
- placement_reward: -2.5000
- timeliness_reward: 9.3085
- machine_idle_penalty: -5.3500

TOTAL REWARD: -3.8365

CUMULATIVE REWARD COMPONENTS:
- makespan_reward: -2.9500
- setup_reward: -57.7500
- deadline_reward: 0.0000
- priority_reward: 0.0000
- critical_job_reward: 4.0000
- placement_reward: -11.6667
- timeliness_reward: 111.0521
- machine_idle_penalty: -34.0500

CUMULATIVE TOTAL: 8.6354

CRITICAL STATE INFO:
- Valid actions: ['J1', 'J2', 'J3', 'J4', 'J5', 'J6', 'J7', 'J8', 'J9', 'J10', 'J11', 'J12', 'J13', 'J14', 'J15', 'J16', 'J17', 'J18', 'J19', 'J20']
- Machine states:
  - Machine M1: Time=323.00, Idle=267.00, Material=Citybike_Tretlageraufnahme_geschweisst
  - Machine M2: Time=433.00, Idle=157.00, Material=E-Bike_Hinterbau_vorbereitet
  - Machine M3: Time=590.00, Idle=0.00, Material=Racebike_Bremsaufnahme_gebohrt
==================================================

2025-06-19 11:36:25,672 - JSPGymEnvironment - INFO - Material change on machine M2: E-Bike_Hinterbau_vorbereitet -> Racebike_Rahmen_nachbearbeitet, setup time: 29
2025-06-19 11:36:25,673 - JSPGymEnvironment - INFO - Executed operation: Job J10, Op 1, Machine M2, Start: 619, End: 644, Setup: 29
2025-06-19 11:36:25,673 - JSPGymEnvironment - INFO - 
===== REWARD DETAILS FOR STEP 13 =====
Job: J10, Operation: 1, Job Completed: False
Current Time: 590.00 -> 644.00, Setup Time: 29.00
Processing Time: 25.00, Idle Time: 0.00
Completed Jobs: 0/20
Machine: M2, Material: Racebike_Rahmen_nachbearbeitet

REWARD COMPONENTS:
- makespan_reward: -0.2700
- setup_reward: -7.2500
- deadline_reward: 0.0000
- priority_reward: 0.0000
- critical_job_reward: 0.5000
- placement_reward: -2.5000
- timeliness_reward: 9.3145
- machine_idle_penalty: -4.7375

TOTAL REWARD: -4.9430

CUMULATIVE REWARD COMPONENTS:
- makespan_reward: -3.2200
- setup_reward: -65.0000
- deadline_reward: 0.0000
- priority_reward: 0.0000
- critical_job_reward: 4.5000
- placement_reward: -14.1667
- timeliness_reward: 120.3666
- machine_idle_penalty: -38.7875

CUMULATIVE TOTAL: 3.6924

CRITICAL STATE INFO:
- Valid actions: ['J1', 'J2', 'J3', 'J4', 'J5', 'J6', 'J7', 'J8', 'J9', 'J10', 'J11', 'J12', 'J13', 'J14', 'J15', 'J16', 'J17', 'J18', 'J19', 'J20']
- Machine states:
  - Machine M1: Time=323.00, Idle=321.00, Material=Citybike_Tretlageraufnahme_geschweisst
  - Machine M2: Time=644.00, Idle=0.00, Material=Racebike_Rahmen_nachbearbeitet
  - Machine M3: Time=590.00, Idle=54.00, Material=Racebike_Bremsaufnahme_gebohrt
==================================================

2025-06-19 11:36:25,684 - JSPGymEnvironment - INFO - Material change on machine M2: Racebike_Rahmen_nachbearbeitet -> Citybike_Rahmen_komplettiert, setup time: 22
2025-06-19 11:36:25,684 - JSPGymEnvironment - INFO - Executed operation: Job J14, Op 1, Machine M2, Start: 666, End: 691, Setup: 22
2025-06-19 11:36:25,684 - JSPGymEnvironment - INFO - 
===== REWARD DETAILS FOR STEP 14 =====
Job: J14, Operation: 1, Job Completed: False
Current Time: 644.00 -> 691.00, Setup Time: 22.00
Processing Time: 25.00, Idle Time: 0.00
Completed Jobs: 0/20
Machine: M2, Material: Citybike_Rahmen_komplettiert

REWARD COMPONENTS:
- makespan_reward: -0.2350
- setup_reward: -5.5000
- deadline_reward: 0.0000
- priority_reward: 0.0000
- critical_job_reward: 0.0000
- placement_reward: 0.0000
- timeliness_reward: 9.3266
- machine_idle_penalty: -5.9125

TOTAL REWARD: -2.3209

CUMULATIVE REWARD COMPONENTS:
- makespan_reward: -3.4550
- setup_reward: -70.5000
- deadline_reward: 0.0000
- priority_reward: 0.0000
- critical_job_reward: 4.5000
- placement_reward: -14.1667
- timeliness_reward: 129.6932
- machine_idle_penalty: -44.7000

CUMULATIVE TOTAL: 1.3716

CRITICAL STATE INFO:
- Valid actions: ['J1', 'J2', 'J3', 'J4', 'J5', 'J6', 'J7', 'J8', 'J9', 'J10', 'J11', 'J12', 'J13', 'J14', 'J15', 'J16', 'J17', 'J18', 'J19', 'J20']
- Machine states:
  - Machine M1: Time=323.00, Idle=368.00, Material=Citybike_Tretlageraufnahme_geschweisst
  - Machine M2: Time=691.00, Idle=0.00, Material=Citybike_Rahmen_komplettiert
  - Machine M3: Time=590.00, Idle=101.00, Material=Racebike_Bremsaufnahme_gebohrt
==================================================

2025-06-19 11:36:25,694 - JSPGymEnvironment - INFO - Material change on machine M1: Citybike_Tretlageraufnahme_geschweisst -> Racebike_Rahmen_nachbearbeitet, setup time: 30
2025-06-19 11:36:25,694 - JSPGymEnvironment - INFO - Executed operation: Job J20, Op 0, Machine M1, Start: 721, End: 746, Setup: 30
2025-06-19 11:36:25,695 - JSPGymEnvironment - INFO - 
===== REWARD DETAILS FOR STEP 15 =====
Job: J20, Operation: 0, Job Completed: False
Current Time: 691.00 -> 746.00, Setup Time: 30.00
Processing Time: 25.00, Idle Time: 0.00
Completed Jobs: 0/20
Machine: M1, Material: Racebike_Rahmen_nachbearbeitet

REWARD COMPONENTS:
- makespan_reward: -0.2750
- setup_reward: -7.5000
- deadline_reward: 0.0000
- priority_reward: 0.0000
- critical_job_reward: 0.5000
- placement_reward: -1.6667
- timeliness_reward: 9.3248
- machine_idle_penalty: -2.6375

TOTAL REWARD: -2.2543

CUMULATIVE REWARD COMPONENTS:
- makespan_reward: -3.7300
- setup_reward: -78.0000
- deadline_reward: 0.0000
- priority_reward: 0.0000
- critical_job_reward: 5.0000
- placement_reward: -15.8333
- timeliness_reward: 139.0181
- machine_idle_penalty: -47.3375

CUMULATIVE TOTAL: -0.8828

CRITICAL STATE INFO:
- Valid actions: ['J1', 'J2', 'J3', 'J4', 'J5', 'J6', 'J7', 'J8', 'J9', 'J10', 'J11', 'J12', 'J13', 'J14', 'J15', 'J16', 'J17', 'J18', 'J19', 'J20']
- Machine states:
  - Machine M1: Time=746.00, Idle=0.00, Material=Racebike_Rahmen_nachbearbeitet
  - Machine M2: Time=691.00, Idle=55.00, Material=Citybike_Rahmen_komplettiert
  - Machine M3: Time=590.00, Idle=156.00, Material=Racebike_Bremsaufnahme_gebohrt
==================================================

2025-06-19 11:36:25,704 - JSPGymEnvironment - INFO - Material change on machine M3: Racebike_Bremsaufnahme_gebohrt -> Mountainbike_Tretlager_gefraest, setup time: 18
2025-06-19 11:36:25,704 - JSPGymEnvironment - INFO - Executed operation: Job J6, Op 0, Machine M3, Start: 764, End: 803, Setup: 18
2025-06-19 11:36:25,704 - JSPGymEnvironment - INFO - 
===== REWARD DETAILS FOR STEP 16 =====
Job: J6, Operation: 0, Job Completed: False
Current Time: 746.00 -> 803.00, Setup Time: 18.00
Processing Time: 39.00, Idle Time: 0.00
Completed Jobs: 0/20
Machine: M3, Material: Mountainbike_Tretlager_gefraest

REWARD COMPONENTS:
- makespan_reward: -0.2850
- setup_reward: -4.5000
- deadline_reward: 0.0000
- priority_reward: 0.0000
- critical_job_reward: 0.0000
- placement_reward: 0.0000
- timeliness_reward: 9.3200
- machine_idle_penalty: -2.1125

TOTAL REWARD: 2.4225

CUMULATIVE REWARD COMPONENTS:
- makespan_reward: -4.0150
- setup_reward: -82.5000
- deadline_reward: 0.0000
- priority_reward: 0.0000
- critical_job_reward: 5.0000
- placement_reward: -15.8333
- timeliness_reward: 148.3381
- machine_idle_penalty: -49.4500

CUMULATIVE TOTAL: 1.5397

CRITICAL STATE INFO:
- Valid actions: ['J1', 'J2', 'J3', 'J4', 'J5', 'J6', 'J7', 'J8', 'J9', 'J10', 'J11', 'J12', 'J13', 'J14', 'J15', 'J16', 'J17', 'J18', 'J19', 'J20']
- Machine states:
  - Machine M1: Time=746.00, Idle=57.00, Material=Racebike_Rahmen_nachbearbeitet
  - Machine M2: Time=691.00, Idle=112.00, Material=Citybike_Rahmen_komplettiert
  - Machine M3: Time=803.00, Idle=0.00, Material=Mountainbike_Tretlager_gefraest
==================================================

2025-06-19 11:36:25,715 - JSPGymEnvironment - INFO - Material change on machine M3: Mountainbike_Tretlager_gefraest -> E-Bike_Hauptrahmen_zugeschnitten, setup time: 22
2025-06-19 11:36:25,715 - JSPGymEnvironment - INFO - Executed operation: Job J7, Op 0, Machine M3, Start: 825, End: 873, Setup: 22
2025-06-19 11:36:25,715 - JSPGymEnvironment - INFO - 
===== REWARD DETAILS FOR STEP 17 =====
Job: J7, Operation: 0, Job Completed: False
Current Time: 803.00 -> 873.00, Setup Time: 22.00
Processing Time: 48.00, Idle Time: 0.00
Completed Jobs: 0/20
Machine: M3, Material: E-Bike_Hauptrahmen_zugeschnitten

REWARD COMPONENTS:
- makespan_reward: -0.3500
- setup_reward: -5.5000
- deadline_reward: 0.0000
- priority_reward: 0.0000
- critical_job_reward: 0.0000
- placement_reward: 0.0000
- timeliness_reward: 9.3289
- machine_idle_penalty: -3.8625

TOTAL REWARD: -0.3836

CUMULATIVE REWARD COMPONENTS:
- makespan_reward: -4.3650
- setup_reward: -88.0000
- deadline_reward: 0.0000
- priority_reward: 0.0000
- critical_job_reward: 5.0000
- placement_reward: -15.8333
- timeliness_reward: 157.6669
- machine_idle_penalty: -53.3125

CUMULATIVE TOTAL: 1.1561

CRITICAL STATE INFO:
- Valid actions: ['J1', 'J2', 'J3', 'J4', 'J5', 'J6', 'J7', 'J8', 'J9', 'J10', 'J11', 'J12', 'J13', 'J14', 'J15', 'J16', 'J17', 'J18', 'J19', 'J20']
- Machine states:
  - Machine M1: Time=746.00, Idle=127.00, Material=Racebike_Rahmen_nachbearbeitet
  - Machine M2: Time=691.00, Idle=182.00, Material=Citybike_Rahmen_komplettiert
  - Machine M3: Time=873.00, Idle=0.00, Material=E-Bike_Hauptrahmen_zugeschnitten
==================================================

2025-06-19 11:36:25,827 - JSPGymEnvironment - INFO - Material change on machine M2: Citybike_Rahmen_komplettiert -> E-Bike_Steuerrohr_montiert, setup time: 21
2025-06-19 11:36:25,827 - JSPGymEnvironment - INFO - Executed operation: Job J7, Op 1, Machine M2, Start: 894, End: 916, Setup: 21
2025-06-19 11:36:25,828 - JSPGymEnvironment - INFO - 
===== REWARD DETAILS FOR STEP 18 =====
Job: J7, Operation: 1, Job Completed: False
Current Time: 873.00 -> 916.00, Setup Time: 21.00
Processing Time: 22.00, Idle Time: 0.00
Completed Jobs: 0/20
Machine: M2, Material: E-Bike_Steuerrohr_montiert

REWARD COMPONENTS:
- makespan_reward: -0.2150
- setup_reward: -5.2500
- deadline_reward: 0.0000
- priority_reward: 0.0000
- critical_job_reward: 0.0000
- placement_reward: 0.0000
- timeliness_reward: 9.3242
- machine_idle_penalty: -2.6625

TOTAL REWARD: 1.1967

CUMULATIVE REWARD COMPONENTS:
- makespan_reward: -4.5800
- setup_reward: -93.2500
- deadline_reward: 0.0000
- priority_reward: 0.0000
- critical_job_reward: 5.0000
- placement_reward: -15.8333
- timeliness_reward: 166.9911
- machine_idle_penalty: -55.9750

CUMULATIVE TOTAL: 2.3528

CRITICAL STATE INFO:
- Valid actions: ['J1', 'J2', 'J3', 'J4', 'J5', 'J6', 'J7', 'J8', 'J9', 'J10', 'J11', 'J12', 'J13', 'J14', 'J15', 'J16', 'J17', 'J18', 'J19', 'J20']
- Machine states:
  - Machine M1: Time=746.00, Idle=170.00, Material=Racebike_Rahmen_nachbearbeitet
  - Machine M2: Time=916.00, Idle=0.00, Material=E-Bike_Steuerrohr_montiert
  - Machine M3: Time=873.00, Idle=43.00, Material=E-Bike_Hauptrahmen_zugeschnitten
==================================================

2025-06-19 11:36:25,840 - JSPGymEnvironment - INFO - Material change on machine M2: E-Bike_Steuerrohr_montiert -> E-Bike_Steuerrohr_ausgerieben, setup time: 20
2025-06-19 11:36:25,840 - JSPGymEnvironment - INFO - Executed operation: Job J8, Op 0, Machine M2, Start: 936, End: 963, Setup: 20
2025-06-19 11:36:25,840 - JSPGymEnvironment - INFO - 
===== REWARD DETAILS FOR STEP 19 =====
Job: J8, Operation: 0, Job Completed: False
Current Time: 916.00 -> 963.00, Setup Time: 20.00
Processing Time: 27.00, Idle Time: 0.00
Completed Jobs: 0/20
Machine: M2, Material: E-Bike_Steuerrohr_ausgerieben

REWARD COMPONENTS:
- makespan_reward: -0.2350
- setup_reward: -5.0000
- deadline_reward: 0.0000
- priority_reward: 0.0000
- critical_job_reward: 0.5000
- placement_reward: -0.8333
- timeliness_reward: 9.3207
- machine_idle_penalty: -3.8375

TOTAL REWARD: -0.0852

CUMULATIVE REWARD COMPONENTS:
- makespan_reward: -4.8150
- setup_reward: -98.2500
- deadline_reward: 0.0000
- priority_reward: 0.0000
- critical_job_reward: 5.5000
- placement_reward: -16.6667
- timeliness_reward: 176.3118
- machine_idle_penalty: -59.8125

CUMULATIVE TOTAL: 2.2676

CRITICAL STATE INFO:
- Valid actions: ['J1', 'J2', 'J3', 'J4', 'J5', 'J6', 'J7', 'J8', 'J9', 'J10', 'J11', 'J12', 'J13', 'J14', 'J15', 'J16', 'J17', 'J18', 'J19', 'J20']
- Machine states:
  - Machine M1: Time=746.00, Idle=217.00, Material=Racebike_Rahmen_nachbearbeitet
  - Machine M2: Time=963.00, Idle=0.00, Material=E-Bike_Steuerrohr_ausgerieben
  - Machine M3: Time=873.00, Idle=90.00, Material=E-Bike_Hauptrahmen_zugeschnitten
==================================================

2025-06-19 11:36:25,850 - JSPGymEnvironment - INFO - Material change on machine M3: E-Bike_Hauptrahmen_zugeschnitten -> E-Bike_Bremsen_justiert, setup time: 15
2025-06-19 11:36:25,850 - JSPGymEnvironment - INFO - Executed operation: Job J5, Op 1, Machine M3, Start: 978, End: 1034, Setup: 15
2025-06-19 11:36:25,850 - JSPGymEnvironment - INFO - 
===== REWARD DETAILS FOR STEP 20 =====
Job: J5, Operation: 1, Job Completed: False
Current Time: 963.00 -> 1034.00, Setup Time: 15.00
Processing Time: 56.00, Idle Time: 0.00
Completed Jobs: 0/20
Machine: M3, Material: E-Bike_Bremsen_justiert

REWARD COMPONENTS:
- makespan_reward: -0.3550
- setup_reward: -3.7500
- deadline_reward: 0.0000
- priority_reward: 0.0000
- critical_job_reward: 0.5000
- placement_reward: -1.6667
- timeliness_reward: 9.2837
- machine_idle_penalty: -4.4875

TOTAL REWARD: -0.4754

CUMULATIVE REWARD COMPONENTS:
- makespan_reward: -5.1700
- setup_reward: -102.0000
- deadline_reward: 0.0000
- priority_reward: 0.0000
- critical_job_reward: 6.0000
- placement_reward: -18.3333
- timeliness_reward: 185.5955
- machine_idle_penalty: -64.3000

CUMULATIVE TOTAL: 1.7922

CRITICAL STATE INFO:
- Valid actions: ['J1', 'J2', 'J3', 'J4', 'J5', 'J6', 'J7', 'J8', 'J9', 'J10', 'J11', 'J12', 'J13', 'J14', 'J15', 'J16', 'J17', 'J18', 'J19', 'J20']
- Machine states:
  - Machine M1: Time=746.00, Idle=288.00, Material=Racebike_Rahmen_nachbearbeitet
  - Machine M2: Time=963.00, Idle=71.00, Material=E-Bike_Steuerrohr_ausgerieben
  - Machine M3: Time=1034.00, Idle=0.00, Material=E-Bike_Bremsen_justiert
==================================================

2025-06-19 11:36:25,861 - JSPGymEnvironment - INFO - Material change on machine M2: E-Bike_Steuerrohr_ausgerieben -> Racebike_Bremsen_justiert, setup time: 29
2025-06-19 11:36:25,861 - JSPGymEnvironment - INFO - Executed operation: Job J12, Op 2, Machine M2, Start: 1063, End: 1083, Setup: 29
2025-06-19 11:36:25,861 - JSPGymEnvironment - INFO - 
===== REWARD DETAILS FOR STEP 21 =====
Job: J12, Operation: 2, Job Completed: False
Current Time: 1034.00 -> 1083.00, Setup Time: 29.00
Processing Time: 20.00, Idle Time: 0.00
Completed Jobs: 0/20
Machine: M2, Material: Racebike_Bremsen_justiert

REWARD COMPONENTS:
- makespan_reward: -0.2450
- setup_reward: -7.2500
- deadline_reward: 0.0000
- priority_reward: 0.0000
- critical_job_reward: 0.5000
- placement_reward: -1.6667
- timeliness_reward: 9.2842
- machine_idle_penalty: -4.8250

TOTAL REWARD: -4.2025

CUMULATIVE REWARD COMPONENTS:
- makespan_reward: -5.4150
- setup_reward: -109.2500
- deadline_reward: 0.0000
- priority_reward: 0.0000
- critical_job_reward: 6.5000
- placement_reward: -20.0000
- timeliness_reward: 194.8797
- machine_idle_penalty: -69.1250

CUMULATIVE TOTAL: -2.4103

CRITICAL STATE INFO:
- Valid actions: ['J1', 'J2', 'J3', 'J4', 'J5', 'J6', 'J7', 'J8', 'J9', 'J10', 'J11', 'J12', 'J13', 'J14', 'J15', 'J16', 'J17', 'J18', 'J19', 'J20']
- Machine states:
  - Machine M1: Time=746.00, Idle=337.00, Material=Racebike_Rahmen_nachbearbeitet
  - Machine M2: Time=1083.00, Idle=0.00, Material=Racebike_Bremsen_justiert
  - Machine M3: Time=1034.00, Idle=49.00, Material=E-Bike_Bremsen_justiert
==================================================

2025-06-19 11:36:25,873 - JSPGymEnvironment - INFO - Material change on machine M1: Racebike_Rahmen_nachbearbeitet -> Racebike_Bremsaufnahme_gebohrt, setup time: 40
2025-06-19 11:36:25,873 - JSPGymEnvironment - INFO - Executed operation: Job J12, Op 3, Machine M1, Start: 1123, End: 1160, Setup: 40
2025-06-19 11:36:25,873 - JSPGymEnvironment - INFO - 
===== REWARD DETAILS FOR STEP 22 =====
Job: J12, Operation: 3, Job Completed: False
Current Time: 1083.00 -> 1160.00, Setup Time: 40.00
Processing Time: 37.00, Idle Time: 0.00
Completed Jobs: 0/20
Machine: M1, Material: Racebike_Bremsaufnahme_gebohrt

REWARD COMPONENTS:
- makespan_reward: -0.3850
- setup_reward: -10.0000
- deadline_reward: 0.0000
- priority_reward: 0.0000
- critical_job_reward: 0.5000
- placement_reward: -1.6667
- timeliness_reward: 9.2514
- machine_idle_penalty: -2.5375

TOTAL REWARD: -4.8378

CUMULATIVE REWARD COMPONENTS:
- makespan_reward: -5.8000
- setup_reward: -119.2500
- deadline_reward: 0.0000
- priority_reward: 0.0000
- critical_job_reward: 7.0000
- placement_reward: -21.6667
- timeliness_reward: 204.1311
- machine_idle_penalty: -71.6625

CUMULATIVE TOTAL: -7.2481

CRITICAL STATE INFO:
- Valid actions: ['J1', 'J2', 'J3', 'J4', 'J5', 'J6', 'J7', 'J8', 'J9', 'J10', 'J11', 'J12', 'J13', 'J14', 'J15', 'J16', 'J17', 'J18', 'J19', 'J20']
- Machine states:
  - Machine M1: Time=1160.00, Idle=0.00, Material=Racebike_Bremsaufnahme_gebohrt
  - Machine M2: Time=1083.00, Idle=77.00, Material=Racebike_Bremsen_justiert
  - Machine M3: Time=1034.00, Idle=126.00, Material=E-Bike_Bremsen_justiert
==================================================

2025-06-19 11:36:25,884 - JSPGymEnvironment - INFO - Material change on machine M2: Racebike_Bremsen_justiert -> Citybike_Fahrrad_endmontiert, setup time: 22
2025-06-19 11:36:25,884 - JSPGymEnvironment - INFO - Executed operation: Job J14, Op 2, Machine M2, Start: 1182, End: 1192, Setup: 22
2025-06-19 11:36:25,884 - JSPGymEnvironment - INFO - 
===== REWARD DETAILS FOR STEP 23 =====
Job: J14, Operation: 2, Job Completed: False
Current Time: 1160.00 -> 1192.00, Setup Time: 22.00
Processing Time: 10.00, Idle Time: 0.00
Completed Jobs: 0/20
Machine: M2, Material: Citybike_Fahrrad_endmontiert

REWARD COMPONENTS:
- makespan_reward: -0.1600
- setup_reward: -5.5000
- deadline_reward: 0.0000
- priority_reward: 0.0000
- critical_job_reward: 0.0000
- placement_reward: 0.0000
- timeliness_reward: 9.2304
- machine_idle_penalty: -2.3750

TOTAL REWARD: 1.1954

CUMULATIVE REWARD COMPONENTS:
- makespan_reward: -5.9600
- setup_reward: -124.7500
- deadline_reward: 0.0000
- priority_reward: 0.0000
- critical_job_reward: 7.0000
- placement_reward: -21.6667
- timeliness_reward: 213.3614
- machine_idle_penalty: -74.0375

CUMULATIVE TOTAL: -6.0527

CRITICAL STATE INFO:
- Valid actions: ['J1', 'J2', 'J3', 'J4', 'J5', 'J6', 'J7', 'J8', 'J9', 'J10', 'J11', 'J12', 'J13', 'J14', 'J15', 'J16', 'J17', 'J18', 'J19', 'J20']
- Machine states:
  - Machine M1: Time=1160.00, Idle=32.00, Material=Racebike_Bremsaufnahme_gebohrt
  - Machine M2: Time=1192.00, Idle=0.00, Material=Citybike_Fahrrad_endmontiert
  - Machine M3: Time=1034.00, Idle=158.00, Material=E-Bike_Bremsen_justiert
==================================================

2025-06-19 11:36:25,894 - JSPGymEnvironment - INFO - Material change on machine M1: Racebike_Bremsaufnahme_gebohrt -> Racebike_Schaltauge_bearbeitet, setup time: 40
2025-06-19 11:36:25,894 - JSPGymEnvironment - INFO - Executed operation: Job J10, Op 2, Machine M1, Start: 1232, End: 1275, Setup: 40
2025-06-19 11:36:25,895 - JSPGymEnvironment - INFO - 
===== REWARD DETAILS FOR STEP 24 =====
Job: J10, Operation: 2, Job Completed: False
Current Time: 1192.00 -> 1275.00, Setup Time: 40.00
Processing Time: 43.00, Idle Time: 0.00
Completed Jobs: 0/20
Machine: M1, Material: Racebike_Schaltauge_bearbeitet

REWARD COMPONENTS:
- makespan_reward: -0.4150
- setup_reward: -10.0000
- deadline_reward: 0.0000
- priority_reward: 0.0000
- critical_job_reward: 0.5000
- placement_reward: -2.5000
- timeliness_reward: 9.1613
- machine_idle_penalty: -4.0500

TOTAL REWARD: -7.3037

CUMULATIVE REWARD COMPONENTS:
- makespan_reward: -6.3750
- setup_reward: -134.7500
- deadline_reward: 0.0000
- priority_reward: 0.0000
- critical_job_reward: 7.5000
- placement_reward: -24.1667
- timeliness_reward: 222.5228
- machine_idle_penalty: -78.0875

CUMULATIVE TOTAL: -13.3564

CRITICAL STATE INFO:
- Valid actions: ['J1', 'J2', 'J3', 'J4', 'J5', 'J6', 'J7', 'J8', 'J9', 'J10', 'J11', 'J12', 'J13', 'J14', 'J15', 'J16', 'J17', 'J18', 'J19', 'J20']
- Machine states:
  - Machine M1: Time=1275.00, Idle=0.00, Material=Racebike_Schaltauge_bearbeitet
  - Machine M2: Time=1192.00, Idle=83.00, Material=Citybike_Fahrrad_endmontiert
  - Machine M3: Time=1034.00, Idle=241.00, Material=E-Bike_Bremsen_justiert
==================================================

2025-06-19 11:36:25,904 - JSPGymEnvironment - INFO - Material change on machine M3: E-Bike_Bremsen_justiert -> Racebike_Laufraeder_montiert, setup time: 22
2025-06-19 11:36:25,904 - JSPGymEnvironment - INFO - Executed operation: Job J13, Op 0, Machine M3, Start: 1297, End: 1324, Setup: 22
2025-06-19 11:36:25,905 - JSPGymEnvironment - INFO - 
===== REWARD DETAILS FOR STEP 25 =====
Job: J13, Operation: 0, Job Completed: False
Current Time: 1275.00 -> 1324.00, Setup Time: 22.00
Processing Time: 27.00, Idle Time: 0.00
Completed Jobs: 0/20
Machine: M3, Material: Racebike_Laufraeder_montiert

REWARD COMPONENTS:
- makespan_reward: -0.2450
- setup_reward: -5.5000
- deadline_reward: 0.0000
- priority_reward: 0.0000
- critical_job_reward: 0.0000
- placement_reward: 0.0000
- timeliness_reward: 9.1219
- machine_idle_penalty: -2.2625

TOTAL REWARD: 1.1144

CUMULATIVE REWARD COMPONENTS:
- makespan_reward: -6.6200
- setup_reward: -140.2500
- deadline_reward: 0.0000
- priority_reward: 0.0000
- critical_job_reward: 7.5000
- placement_reward: -24.1667
- timeliness_reward: 231.6447
- machine_idle_penalty: -80.3500

CUMULATIVE TOTAL: -12.2420

CRITICAL STATE INFO:
- Valid actions: ['J1', 'J2', 'J3', 'J4', 'J5', 'J6', 'J7', 'J8', 'J9', 'J10', 'J11', 'J12', 'J13', 'J14', 'J15', 'J16', 'J17', 'J18', 'J19', 'J20']
- Machine states:
  - Machine M1: Time=1275.00, Idle=49.00, Material=Racebike_Schaltauge_bearbeitet
  - Machine M2: Time=1192.00, Idle=132.00, Material=Citybike_Fahrrad_endmontiert
  - Machine M3: Time=1324.00, Idle=0.00, Material=Racebike_Laufraeder_montiert
==================================================

2025-06-19 11:36:25,915 - JSPGymEnvironment - INFO - Material change on machine M3: Racebike_Laufraeder_montiert -> E-Bike_Fahrrad_endmontiert, setup time: 21
2025-06-19 11:36:25,915 - JSPGymEnvironment - INFO - Executed operation: Job J1, Op 0, Machine M3, Start: 1345, End: 1370, Setup: 21
2025-06-19 11:36:25,915 - JSPGymEnvironment - INFO - 
===== REWARD DETAILS FOR STEP 26 =====
Job: J1, Operation: 0, Job Completed: False
Current Time: 1324.00 -> 1370.00, Setup Time: 21.00
Processing Time: 25.00, Idle Time: 0.00
Completed Jobs: 0/20
Machine: M3, Material: E-Bike_Fahrrad_endmontiert

REWARD COMPONENTS:
- makespan_reward: -0.2300
- setup_reward: -5.2500
- deadline_reward: 0.0000
- priority_reward: 0.0000
- critical_job_reward: 0.0000
- placement_reward: 0.0000
- timeliness_reward: 9.0795
- machine_idle_penalty: -3.4125

TOTAL REWARD: 0.1870

CUMULATIVE REWARD COMPONENTS:
- makespan_reward: -6.8500
- setup_reward: -145.5000
- deadline_reward: 0.0000
- priority_reward: 0.0000
- critical_job_reward: 7.5000
- placement_reward: -24.1667
- timeliness_reward: 240.7242
- machine_idle_penalty: -83.7625

CUMULATIVE TOTAL: -12.0550

CRITICAL STATE INFO:
- Valid actions: ['J1', 'J2', 'J3', 'J4', 'J5', 'J6', 'J7', 'J8', 'J9', 'J10', 'J11', 'J12', 'J13', 'J14', 'J15', 'J16', 'J17', 'J18', 'J19', 'J20']
- Machine states:
  - Machine M1: Time=1275.00, Idle=95.00, Material=Racebike_Schaltauge_bearbeitet
  - Machine M2: Time=1192.00, Idle=178.00, Material=Citybike_Fahrrad_endmontiert
  - Machine M3: Time=1370.00, Idle=0.00, Material=E-Bike_Fahrrad_endmontiert
==================================================

2025-06-19 11:36:25,927 - JSPGymEnvironment - INFO - Material change on machine M2: Citybike_Fahrrad_endmontiert -> E-Bike_Laufraeder_montiert, setup time: 21
2025-06-19 11:36:25,927 - JSPGymEnvironment - INFO - Executed operation: Job J1, Op 1, Machine M2, Start: 1391, End: 1402, Setup: 21
2025-06-19 11:36:25,927 - JSPGymEnvironment - INFO - 
===== REWARD DETAILS FOR STEP 27 =====
Job: J1, Operation: 1, Job Completed: False
Current Time: 1370.00 -> 1402.00, Setup Time: 21.00
Processing Time: 11.00, Idle Time: 0.00
Completed Jobs: 0/20
Machine: M2, Material: E-Bike_Laufraeder_montiert

REWARD COMPONENTS:
- makespan_reward: -0.1600
- setup_reward: -5.2500
- deadline_reward: 0.0000
- priority_reward: 0.0000
- critical_job_reward: 0.0000
- placement_reward: 0.0000
- timeliness_reward: 9.0467
- machine_idle_penalty: -1.9875

TOTAL REWARD: 1.6492

CUMULATIVE REWARD COMPONENTS:
- makespan_reward: -7.0100
- setup_reward: -150.7500
- deadline_reward: 0.0000
- priority_reward: 0.0000
- critical_job_reward: 7.5000
- placement_reward: -24.1667
- timeliness_reward: 249.7709
- machine_idle_penalty: -85.7500

CUMULATIVE TOTAL: -10.4058

CRITICAL STATE INFO:
- Valid actions: ['J1', 'J2', 'J3', 'J4', 'J5', 'J6', 'J7', 'J8', 'J9', 'J10', 'J11', 'J12', 'J13', 'J14', 'J15', 'J16', 'J17', 'J18', 'J19', 'J20']
- Machine states:
  - Machine M1: Time=1275.00, Idle=127.00, Material=Racebike_Schaltauge_bearbeitet
  - Machine M2: Time=1402.00, Idle=0.00, Material=E-Bike_Laufraeder_montiert
  - Machine M3: Time=1370.00, Idle=32.00, Material=E-Bike_Fahrrad_endmontiert
==================================================

2025-06-19 11:36:25,940 - JSPGymEnvironment - INFO - Material change on machine M2: E-Bike_Laufraeder_montiert -> E-Bike_Hauptrahmen_zugeschnitten, setup time: 20
2025-06-19 11:36:25,940 - JSPGymEnvironment - INFO - Executed operation: Job J8, Op 1, Machine M2, Start: 1422, End: 1435, Setup: 20
2025-06-19 11:36:25,940 - JSPGymEnvironment - INFO - 
===== REWARD DETAILS FOR STEP 28 =====
Job: J8, Operation: 1, Job Completed: False
Current Time: 1402.00 -> 1435.00, Setup Time: 20.00
Processing Time: 13.00, Idle Time: 0.00
Completed Jobs: 0/20
Machine: M2, Material: E-Bike_Hauptrahmen_zugeschnitten

REWARD COMPONENTS:
- makespan_reward: -0.1650
- setup_reward: -5.0000
- deadline_reward: 0.0000
- priority_reward: 0.0000
- critical_job_reward: 0.5000
- placement_reward: -0.8333
- timeliness_reward: 9.0380
- machine_idle_penalty: -2.8125

TOTAL REWARD: 0.7271

CUMULATIVE REWARD COMPONENTS:
- makespan_reward: -7.1750
- setup_reward: -155.7500
- deadline_reward: 0.0000
- priority_reward: 0.0000
- critical_job_reward: 8.0000
- placement_reward: -25.0000
- timeliness_reward: 258.8088
- machine_idle_penalty: -88.5625

CUMULATIVE TOTAL: -9.6787

CRITICAL STATE INFO:
- Valid actions: ['J1', 'J2', 'J3', 'J4', 'J5', 'J6', 'J7', 'J8', 'J9', 'J10', 'J11', 'J12', 'J13', 'J14', 'J15', 'J16', 'J17', 'J18', 'J19', 'J20']
- Machine states:
  - Machine M1: Time=1275.00, Idle=160.00, Material=Racebike_Schaltauge_bearbeitet
  - Machine M2: Time=1435.00, Idle=0.00, Material=E-Bike_Hauptrahmen_zugeschnitten
  - Machine M3: Time=1370.00, Idle=65.00, Material=E-Bike_Fahrrad_endmontiert
==================================================

2025-06-19 11:36:25,950 - JSPGymEnvironment - INFO - Material change on machine M2: E-Bike_Hauptrahmen_zugeschnitten -> Mountainbike_Antrieb_installiert, setup time: 28
2025-06-19 11:36:25,951 - JSPGymEnvironment - INFO - Executed operation: Job J6, Op 1, Machine M2, Start: 1463, End: 1479, Setup: 28
2025-06-19 11:36:25,951 - JSPGymEnvironment - INFO - 
===== REWARD DETAILS FOR STEP 29 =====
Job: J6, Operation: 1, Job Completed: False
Current Time: 1435.00 -> 1479.00, Setup Time: 28.00
Processing Time: 16.00, Idle Time: 0.00
Completed Jobs: 0/20
Machine: M2, Material: Mountainbike_Antrieb_installiert

REWARD COMPONENTS:
- makespan_reward: -0.2200
- setup_reward: -7.0000
- deadline_reward: 0.0000
- priority_reward: 0.0000
- critical_job_reward: 0.0000
- placement_reward: 0.0000
- timeliness_reward: 8.9553
- machine_idle_penalty: -3.9125

TOTAL REWARD: -2.1772

CUMULATIVE REWARD COMPONENTS:
- makespan_reward: -7.3950
- setup_reward: -162.7500
- deadline_reward: 0.0000
- priority_reward: 0.0000
- critical_job_reward: 8.0000
- placement_reward: -25.0000
- timeliness_reward: 267.7642
- machine_idle_penalty: -92.4750

CUMULATIVE TOTAL: -11.8558

CRITICAL STATE INFO:
- Valid actions: ['J1', 'J2', 'J3', 'J4', 'J5', 'J6', 'J7', 'J8', 'J9', 'J10', 'J11', 'J12', 'J13', 'J14', 'J15', 'J16', 'J17', 'J18', 'J19', 'J20']
- Machine states:
  - Machine M1: Time=1275.00, Idle=204.00, Material=Racebike_Schaltauge_bearbeitet
  - Machine M2: Time=1479.00, Idle=0.00, Material=Mountainbike_Antrieb_installiert
  - Machine M3: Time=1370.00, Idle=109.00, Material=E-Bike_Fahrrad_endmontiert
==================================================

2025-06-19 11:36:25,963 - JSPGymEnvironment - INFO - Material change on machine M1: Racebike_Schaltauge_bearbeitet -> Racebike_Rahmen_nachbearbeitet, setup time: 40
2025-06-19 11:36:25,964 - JSPGymEnvironment - INFO - Executed operation: Job J13, Op 1, Machine M1, Start: 1519, End: 1559, Setup: 40
2025-06-19 11:36:25,964 - JSPGymEnvironment - INFO - 
===== REWARD DETAILS FOR STEP 30 =====
Job: J13, Operation: 1, Job Completed: False
Current Time: 1479.00 -> 1559.00, Setup Time: 40.00
Processing Time: 40.00, Idle Time: 0.00
Completed Jobs: 0/20
Machine: M1, Material: Racebike_Rahmen_nachbearbeitet

REWARD COMPONENTS:
- makespan_reward: -0.4000
- setup_reward: -10.0000
- deadline_reward: 0.0000
- priority_reward: 0.0000
- critical_job_reward: 0.0000
- placement_reward: 0.0000
- timeliness_reward: 8.8400
- machine_idle_penalty: -3.3625

TOTAL REWARD: -4.9225

CUMULATIVE REWARD COMPONENTS:
- makespan_reward: -7.7950
- setup_reward: -172.7500
- deadline_reward: 0.0000
- priority_reward: 0.0000
- critical_job_reward: 8.0000
- placement_reward: -25.0000
- timeliness_reward: 276.6042
- machine_idle_penalty: -95.8375

CUMULATIVE TOTAL: -16.7783

CRITICAL STATE INFO:
- Valid actions: ['J1', 'J2', 'J3', 'J4', 'J5', 'J6', 'J7', 'J8', 'J9', 'J10', 'J11', 'J12', 'J13', 'J14', 'J15', 'J16', 'J17', 'J18', 'J19', 'J20']
- Machine states:
  - Machine M1: Time=1559.00, Idle=0.00, Material=Racebike_Rahmen_nachbearbeitet
  - Machine M2: Time=1479.00, Idle=80.00, Material=Mountainbike_Antrieb_installiert
  - Machine M3: Time=1370.00, Idle=189.00, Material=E-Bike_Fahrrad_endmontiert
==================================================

2025-06-19 11:36:25,974 - JSPGymEnvironment - INFO - Material change on machine M1: Racebike_Rahmen_nachbearbeitet -> Racebike_Bremsen_justiert, setup time: 40
2025-06-19 11:36:25,974 - JSPGymEnvironment - INFO - Executed operation: Job J13, Op 2, Machine M1, Start: 1599, End: 1620, Setup: 40
2025-06-19 11:36:25,974 - JSPGymEnvironment - INFO - 
===== REWARD DETAILS FOR STEP 31 =====
Job: J13, Operation: 2, Job Completed: False
Current Time: 1559.00 -> 1620.00, Setup Time: 40.00
Processing Time: 21.00, Idle Time: 0.00
Completed Jobs: 0/20
Machine: M1, Material: Racebike_Bremsen_justiert

REWARD COMPONENTS:
- makespan_reward: -0.3050
- setup_reward: -10.0000
- deadline_reward: 0.0000
- priority_reward: 0.0000
- critical_job_reward: 0.0000
- placement_reward: 0.0000
- timeliness_reward: 8.7364
- machine_idle_penalty: -4.8875

TOTAL REWARD: -6.4561

CUMULATIVE REWARD COMPONENTS:
- makespan_reward: -8.1000
- setup_reward: -182.7500
- deadline_reward: 0.0000
- priority_reward: 0.0000
- critical_job_reward: 8.0000
- placement_reward: -25.0000
- timeliness_reward: 285.3406
- machine_idle_penalty: -100.7250

CUMULATIVE TOTAL: -23.2344

CRITICAL STATE INFO:
- Valid actions: ['J1', 'J2', 'J3', 'J4', 'J5', 'J6', 'J7', 'J8', 'J9', 'J10', 'J11', 'J12', 'J13', 'J14', 'J15', 'J16', 'J17', 'J18', 'J19', 'J20']
- Machine states:
  - Machine M1: Time=1620.00, Idle=0.00, Material=Racebike_Bremsen_justiert
  - Machine M2: Time=1479.00, Idle=141.00, Material=Mountainbike_Antrieb_installiert
  - Machine M3: Time=1370.00, Idle=250.00, Material=E-Bike_Fahrrad_endmontiert
==================================================

2025-06-19 11:36:25,986 - JSPGymEnvironment - INFO - Material change on machine M1: Racebike_Bremsen_justiert -> E-Bike_Fahrrad_endmontiert, setup time: 51
2025-06-19 11:36:25,986 - JSPGymEnvironment - INFO - Executed operation: Job J8, Op 2, Machine M1, Start: 1671, End: 1697, Setup: 51
2025-06-19 11:36:25,986 - JSPGymEnvironment - INFO - 
===== REWARD DETAILS FOR STEP 32 =====
Job: J8, Operation: 2, Job Completed: False
Current Time: 1620.00 -> 1697.00, Setup Time: 51.00
Processing Time: 26.00, Idle Time: 0.00
Completed Jobs: 0/20
Machine: M1, Material: E-Bike_Fahrrad_endmontiert

REWARD COMPONENTS:
- makespan_reward: -0.3850
- setup_reward: -12.7500
- deadline_reward: 0.0000
- priority_reward: 0.0000
- critical_job_reward: 0.5000
- placement_reward: -0.8333
- timeliness_reward: 8.6175
- machine_idle_penalty: -6.8125

TOTAL REWARD: -11.6634

CUMULATIVE REWARD COMPONENTS:
- makespan_reward: -8.4850
- setup_reward: -195.5000
- deadline_reward: 0.0000
- priority_reward: 0.0000
- critical_job_reward: 8.5000
- placement_reward: -25.8333
- timeliness_reward: 293.9581
- machine_idle_penalty: -107.5375

CUMULATIVE TOTAL: -34.8978

CRITICAL STATE INFO:
- Valid actions: ['J1', 'J2', 'J3', 'J4', 'J5', 'J6', 'J7', 'J8', 'J9', 'J10', 'J11', 'J12', 'J13', 'J14', 'J15', 'J16', 'J17', 'J18', 'J19', 'J20']
- Machine states:
  - Machine M1: Time=1697.00, Idle=0.00, Material=E-Bike_Fahrrad_endmontiert
  - Machine M2: Time=1479.00, Idle=218.00, Material=Mountainbike_Antrieb_installiert
  - Machine M3: Time=1370.00, Idle=327.00, Material=E-Bike_Fahrrad_endmontiert
==================================================

2025-06-19 11:36:25,997 - JSPGymEnvironment - INFO - Material change on machine M1: E-Bike_Fahrrad_endmontiert -> E-Bike_Antrieb_installiert, setup time: 40
2025-06-19 11:36:25,997 - JSPGymEnvironment - INFO - Executed operation: Job J5, Op 2, Machine M1, Start: 1737, End: 1761, Setup: 40
2025-06-19 11:36:25,997 - JSPGymEnvironment - INFO - 
===== REWARD DETAILS FOR STEP 33 =====
Job: J5, Operation: 2, Job Completed: False
Current Time: 1697.00 -> 1761.00, Setup Time: 40.00
Processing Time: 24.00, Idle Time: 0.00
Completed Jobs: 0/20
Machine: M1, Material: E-Bike_Antrieb_installiert

REWARD COMPONENTS:
- makespan_reward: -0.3200
- setup_reward: -10.0000
- deadline_reward: 0.0000
- priority_reward: 0.0000
- critical_job_reward: 0.5000
- placement_reward: -1.6667
- timeliness_reward: 8.4372
- machine_idle_penalty: -8.4125

TOTAL REWARD: -11.4619

CUMULATIVE REWARD COMPONENTS:
- makespan_reward: -8.8050
- setup_reward: -205.5000
- deadline_reward: 0.0000
- priority_reward: 0.0000
- critical_job_reward: 9.0000
- placement_reward: -27.5000
- timeliness_reward: 302.3953
- machine_idle_penalty: -115.9500

CUMULATIVE TOTAL: -46.3597

CRITICAL STATE INFO:
- Valid actions: ['J1', 'J2', 'J3', 'J4', 'J5', 'J6', 'J7', 'J8', 'J9', 'J10', 'J11', 'J12', 'J13', 'J14', 'J15', 'J16', 'J17', 'J18', 'J19', 'J20']
- Machine states:
  - Machine M1: Time=1761.00, Idle=0.00, Material=E-Bike_Antrieb_installiert
  - Machine M2: Time=1479.00, Idle=282.00, Material=Mountainbike_Antrieb_installiert
  - Machine M3: Time=1370.00, Idle=391.00, Material=E-Bike_Fahrrad_endmontiert
==================================================

2025-06-19 11:36:26,010 - JSPGymEnvironment - INFO - Material change on machine M1: E-Bike_Antrieb_installiert -> Racebike_Steuerrohr_ausgerieben, setup time: 56
2025-06-19 11:36:26,010 - JSPGymEnvironment - INFO - Executed operation: Job J20, Op 1, Machine M1, Start: 1817, End: 1847, Setup: 56
2025-06-19 11:36:26,010 - JSPGymEnvironment - INFO - 
===== REWARD DETAILS FOR STEP 34 =====
Job: J20, Operation: 1, Job Completed: False
Current Time: 1761.00 -> 1847.00, Setup Time: 56.00
Processing Time: 30.00, Idle Time: 0.00
Completed Jobs: 0/20
Machine: M1, Material: Racebike_Steuerrohr_ausgerieben

REWARD COMPONENTS:
- makespan_reward: -0.4300
- setup_reward: -14.0000
- deadline_reward: 0.0000
- priority_reward: 0.0000
- critical_job_reward: 0.5000
- placement_reward: -1.6667
- timeliness_reward: 8.2193
- machine_idle_penalty: -10.5625

TOTAL REWARD: -17.9399

CUMULATIVE REWARD COMPONENTS:
- makespan_reward: -9.2350
- setup_reward: -219.5000
- deadline_reward: 0.0000
- priority_reward: 0.0000
- critical_job_reward: 9.5000
- placement_reward: -29.1667
- timeliness_reward: 310.6146
- machine_idle_penalty: -126.5125

CUMULATIVE TOTAL: -64.2996

CRITICAL STATE INFO:
- Valid actions: ['J1', 'J2', 'J3', 'J4', 'J5', 'J6', 'J7', 'J8', 'J9', 'J10', 'J11', 'J12', 'J13', 'J14', 'J15', 'J16', 'J17', 'J18', 'J19', 'J20']
- Machine states:
  - Machine M1: Time=1847.00, Idle=0.00, Material=Racebike_Steuerrohr_ausgerieben
  - Machine M2: Time=1479.00, Idle=368.00, Material=Mountainbike_Antrieb_installiert
  - Machine M3: Time=1370.00, Idle=477.00, Material=E-Bike_Fahrrad_endmontiert
==================================================

2025-06-19 11:36:26,023 - JSPGymEnvironment - INFO - Material change on machine M1: Racebike_Steuerrohr_ausgerieben -> E-Bike_Rahmen_komplettiert, setup time: 51
2025-06-19 11:36:26,023 - JSPGymEnvironment - INFO - Executed operation: Job J8, Op 3, Machine M1, Start: 1898, End: 1929, Setup: 51
2025-06-19 11:36:26,024 - JSPGymEnvironment - INFO - 
===== REWARD DETAILS FOR STEP 35 =====
Job: J8, Operation: 3, Job Completed: False
Current Time: 1847.00 -> 1929.00, Setup Time: 51.00
Processing Time: 31.00, Idle Time: 0.00
Completed Jobs: 0/20
Machine: M1, Material: E-Bike_Rahmen_komplettiert

REWARD COMPONENTS:
- makespan_reward: -0.4100
- setup_reward: -12.7500
- deadline_reward: 0.0000
- priority_reward: 0.0000
- critical_job_reward: 0.5000
- placement_reward: -0.8333
- timeliness_reward: 7.9907
- machine_idle_penalty: -12.6125

TOTAL REWARD: -18.1151

CUMULATIVE REWARD COMPONENTS:
- makespan_reward: -9.6450
- setup_reward: -232.2500
- deadline_reward: 0.0000
- priority_reward: 0.0000
- critical_job_reward: 10.0000
- placement_reward: -30.0000
- timeliness_reward: 318.6053
- machine_idle_penalty: -139.1250

CUMULATIVE TOTAL: -82.4146

CRITICAL STATE INFO:
- Valid actions: ['J1', 'J2', 'J3', 'J4', 'J5', 'J6', 'J7', 'J8', 'J9', 'J10', 'J11', 'J12', 'J13', 'J14', 'J15', 'J16', 'J17', 'J18', 'J19', 'J20']
- Machine states:
  - Machine M1: Time=1929.00, Idle=0.00, Material=E-Bike_Rahmen_komplettiert
  - Machine M2: Time=1479.00, Idle=450.00, Material=Mountainbike_Antrieb_installiert
  - Machine M3: Time=1370.00, Idle=559.00, Material=E-Bike_Fahrrad_endmontiert
==================================================

2025-06-19 11:36:26,036 - JSPGymEnvironment - INFO - Material change on machine M1: E-Bike_Rahmen_komplettiert -> Racebike_Hauptrahmen_zugeschnitten, setup time: 56
2025-06-19 11:36:26,036 - JSPGymEnvironment - INFO - Executed operation: Job J10, Op 3, Machine M1, Start: 1985, End: 2029, Setup: 56
2025-06-19 11:36:26,036 - JSPGymEnvironment - INFO - 
===== REWARD DETAILS FOR STEP 36 =====
Job: J10, Operation: 3, Job Completed: False
Current Time: 1929.00 -> 2029.00, Setup Time: 56.00
Processing Time: 44.00, Idle Time: 0.00
Completed Jobs: 0/20
Machine: M1, Material: Racebike_Hauptrahmen_zugeschnitten

REWARD COMPONENTS:
- makespan_reward: -0.5000
- setup_reward: -14.0000
- deadline_reward: 0.0000
- priority_reward: 0.0000
- critical_job_reward: 0.5000
- placement_reward: -2.5000
- timeliness_reward: 7.5880
- machine_idle_penalty: -15.1125

TOTAL REWARD: -24.0245

CUMULATIVE REWARD COMPONENTS:
- makespan_reward: -10.1450
- setup_reward: -246.2500
- deadline_reward: 0.0000
- priority_reward: 0.0000
- critical_job_reward: 10.5000
- placement_reward: -32.5000
- timeliness_reward: 326.1933
- machine_idle_penalty: -154.2375

CUMULATIVE TOTAL: -106.4392

CRITICAL STATE INFO:
- Valid actions: ['J1', 'J2', 'J3', 'J4', 'J5', 'J6', 'J7', 'J8', 'J9', 'J10', 'J11', 'J12', 'J13', 'J14', 'J15', 'J16', 'J17', 'J18', 'J19', 'J20']
- Machine states:
  - Machine M1: Time=2029.00, Idle=0.00, Material=Racebike_Hauptrahmen_zugeschnitten
  - Machine M2: Time=1479.00, Idle=550.00, Material=Mountainbike_Antrieb_installiert
  - Machine M3: Time=1370.00, Idle=659.00, Material=E-Bike_Fahrrad_endmontiert
==================================================

2025-06-19 11:36:26,049 - JSPGymEnvironment - INFO - Material change on machine M1: Racebike_Hauptrahmen_zugeschnitten -> Mountainbike_Laufraeder_montiert, setup time: 37
2025-06-19 11:36:26,049 - JSPGymEnvironment - INFO - Executed operation: Job J6, Op 2, Machine M1, Start: 2066, End: 2107, Setup: 37
2025-06-19 11:36:26,049 - JSPGymEnvironment - INFO - 
===== REWARD DETAILS FOR STEP 37 =====
Job: J6, Operation: 2, Job Completed: False
Current Time: 2029.00 -> 2107.00, Setup Time: 37.00
Processing Time: 41.00, Idle Time: 0.00
Completed Jobs: 0/20
Machine: M1, Material: Mountainbike_Laufraeder_montiert

REWARD COMPONENTS:
- makespan_reward: -0.3900
- setup_reward: -9.2500
- deadline_reward: 0.0000
- priority_reward: 0.0000
- critical_job_reward: 0.0000
- placement_reward: 0.0000
- timeliness_reward: 7.2603
- machine_idle_penalty: -17.0625

TOTAL REWARD: -19.4422

CUMULATIVE REWARD COMPONENTS:
- makespan_reward: -10.5350
- setup_reward: -255.5000
- deadline_reward: 0.0000
- priority_reward: 0.0000
- critical_job_reward: 10.5000
- placement_reward: -32.5000
- timeliness_reward: 333.4536
- machine_idle_penalty: -171.3000

CUMULATIVE TOTAL: -125.8814

CRITICAL STATE INFO:
- Valid actions: ['J1', 'J2', 'J3', 'J4', 'J5', 'J6', 'J7', 'J8', 'J9', 'J10', 'J11', 'J12', 'J13', 'J14', 'J15', 'J16', 'J17', 'J18', 'J19', 'J20']
- Machine states:
  - Machine M1: Time=2107.00, Idle=0.00, Material=Mountainbike_Laufraeder_montiert
  - Machine M2: Time=1479.00, Idle=628.00, Material=Mountainbike_Antrieb_installiert
  - Machine M3: Time=1370.00, Idle=737.00, Material=E-Bike_Fahrrad_endmontiert
==================================================

2025-06-19 11:36:26,061 - JSPGymEnvironment - INFO - Material change on machine M3: E-Bike_Fahrrad_endmontiert -> Mountainbike_Rahmen_komplettiert, setup time: 20
2025-06-19 11:36:26,061 - JSPGymEnvironment - INFO - Executed operation: Job J11, Op 2, Machine M3, Start: 2127, End: 2178, Setup: 20
2025-06-19 11:36:26,061 - JSPGymEnvironment - INFO - 
===== REWARD DETAILS FOR STEP 38 =====
Job: J11, Operation: 2, Job Completed: False
Current Time: 2107.00 -> 2178.00, Setup Time: 20.00
Processing Time: 51.00, Idle Time: 0.00
Completed Jobs: 0/20
Machine: M3, Material: Mountainbike_Rahmen_komplettiert

REWARD COMPONENTS:
- makespan_reward: -0.3550
- setup_reward: -5.0000
- deadline_reward: 0.0000
- priority_reward: 0.0000
- critical_job_reward: 0.0000
- placement_reward: 0.0000
- timeliness_reward: 6.9280
- machine_idle_penalty: -9.6250

TOTAL REWARD: -8.0520

CUMULATIVE REWARD COMPONENTS:
- makespan_reward: -10.8900
- setup_reward: -260.5000
- deadline_reward: 0.0000
- priority_reward: 0.0000
- critical_job_reward: 10.5000
- placement_reward: -32.5000
- timeliness_reward: 340.3816
- machine_idle_penalty: -180.9250

CUMULATIVE TOTAL: -133.9335

CRITICAL STATE INFO:
- Valid actions: ['J1', 'J2', 'J3', 'J4', 'J5', 'J6', 'J7', 'J8', 'J9', 'J10', 'J11', 'J12', 'J13', 'J14', 'J15', 'J16', 'J17', 'J18', 'J19', 'J20']
- Machine states:
  - Machine M1: Time=2107.00, Idle=71.00, Material=Mountainbike_Laufraeder_montiert
  - Machine M2: Time=1479.00, Idle=699.00, Material=Mountainbike_Antrieb_installiert
  - Machine M3: Time=2178.00, Idle=0.00, Material=Mountainbike_Rahmen_komplettiert
==================================================

2025-06-19 11:36:26,073 - JSPGymEnvironment - INFO - Material change on machine M2: Mountainbike_Antrieb_installiert -> Citybike_Antrieb_installiert, setup time: 19
2025-06-19 11:36:26,073 - JSPGymEnvironment - INFO - Executed operation: Job J14, Op 3, Machine M2, Start: 2197, End: 2211, Setup: 19
2025-06-19 11:36:26,073 - JSPGymEnvironment - INFO - 
===== REWARD DETAILS FOR STEP 39 =====
Job: J14, Operation: 3, Job Completed: False
Current Time: 2178.00 -> 2211.00, Setup Time: 19.00
Processing Time: 14.00, Idle Time: 0.00
Completed Jobs: 0/20
Machine: M2, Material: Citybike_Antrieb_installiert

REWARD COMPONENTS:
- makespan_reward: -0.1650
- setup_reward: -4.7500
- deadline_reward: 0.0000
- priority_reward: 0.0000
- critical_job_reward: 0.0000
- placement_reward: 0.0000
- timeliness_reward: 6.7894
- machine_idle_penalty: -1.7125

TOTAL REWARD: 0.1619

CUMULATIVE REWARD COMPONENTS:
- makespan_reward: -11.0550
- setup_reward: -265.2500
- deadline_reward: 0.0000
- priority_reward: 0.0000
- critical_job_reward: 10.5000
- placement_reward: -32.5000
- timeliness_reward: 347.1710
- machine_idle_penalty: -182.6375

CUMULATIVE TOTAL: -133.7715

CRITICAL STATE INFO:
- Valid actions: ['J1', 'J2', 'J3', 'J4', 'J5', 'J6', 'J7', 'J8', 'J9', 'J10', 'J11', 'J12', 'J13', 'J14', 'J15', 'J16', 'J17', 'J18', 'J19', 'J20']
- Machine states:
  - Machine M1: Time=2107.00, Idle=104.00, Material=Mountainbike_Laufraeder_montiert
  - Machine M2: Time=2211.00, Idle=0.00, Material=Citybike_Antrieb_installiert
  - Machine M3: Time=2178.00, Idle=33.00, Material=Mountainbike_Rahmen_komplettiert
==================================================

2025-06-19 11:36:26,084 - JSPGymEnvironment - INFO - Material change on machine M2: Citybike_Antrieb_installiert -> Racebike_Rahmen_komplettiert, setup time: 19
2025-06-19 11:36:26,084 - JSPGymEnvironment - INFO - Executed operation: Job J10, Op 4, Machine M2, Start: 2230, End: 2258, Setup: 19
2025-06-19 11:36:26,084 - JSPGymEnvironment - INFO - Job J10 completed at time 2258, deadline: 2880, met: True, priority: 10
2025-06-19 11:36:26,084 - JSPGymEnvironment - INFO - 
===== REWARD DETAILS FOR STEP 40 =====
Job: J10, Operation: 4, Job Completed: True
Current Time: 2211.00 -> 2258.00, Setup Time: 19.00
Processing Time: 28.00, Idle Time: 0.00
Completed Jobs: 1/20
Machine: M2, Material: Racebike_Rahmen_komplettiert
Job Deadline: 2880.00 (Met), Priority: 10

REWARD COMPONENTS:
- makespan_reward: -0.2350
- setup_reward: -4.7500
- deadline_reward: 20.0000
- priority_reward: 40.0000
- critical_job_reward: 15.0917
- placement_reward: -2.5000
- timeliness_reward: 6.4933
- machine_idle_penalty: -2.8875

TOTAL REWARD: 71.2124

CUMULATIVE REWARD COMPONENTS:
- makespan_reward: -11.2900
- setup_reward: -270.0000
- deadline_reward: 20.0000
- priority_reward: 40.0000
- critical_job_reward: 25.5917
- placement_reward: -35.0000
- timeliness_reward: 353.6642
- machine_idle_penalty: -185.5250

CUMULATIVE TOTAL: -62.5591

CRITICAL STATE INFO:
- Valid actions: ['J1', 'J2', 'J3', 'J4', 'J5', 'J6', 'J7', 'J8', 'J9', 'J11', 'J12', 'J13', 'J14', 'J15', 'J16', 'J17', 'J18', 'J19', 'J20']
- Machine states:
  - Machine M1: Time=2107.00, Idle=151.00, Material=Mountainbike_Laufraeder_montiert
  - Machine M2: Time=2258.00, Idle=0.00, Material=Racebike_Rahmen_komplettiert
  - Machine M3: Time=2178.00, Idle=80.00, Material=Mountainbike_Rahmen_komplettiert
==================================================

2025-06-19 11:36:26,084 - JSPGymEnvironment - INFO - Retro-Bonus für Job J10: +15.0
2025-06-19 11:36:26,096 - JSPGymEnvironment - INFO - Material change on machine M3: Mountainbike_Rahmen_komplettiert -> Racebike_Tretlageraufnahme_geschweisst, setup time: 19
2025-06-19 11:36:26,096 - JSPGymEnvironment - INFO - Executed operation: Job J20, Op 2, Machine M3, Start: 2277, End: 2326, Setup: 19
2025-06-19 11:36:26,096 - JSPGymEnvironment - INFO - 
===== REWARD DETAILS FOR STEP 41 =====
Job: J20, Operation: 2, Job Completed: False
Current Time: 2258.00 -> 2326.00, Setup Time: 19.00
Processing Time: 49.00, Idle Time: 0.00
Completed Jobs: 1/20
Machine: M3, Material: Racebike_Tretlageraufnahme_geschweisst

REWARD COMPONENTS:
- makespan_reward: -0.3400
- setup_reward: -4.7500
- deadline_reward: 0.0000
- priority_reward: 0.0000
- critical_job_reward: 0.5000
- placement_reward: -1.6667
- timeliness_reward: 6.1216
- machine_idle_penalty: -3.5875

TOTAL REWARD: -3.7226

CUMULATIVE REWARD COMPONENTS:
- makespan_reward: -11.6300
- setup_reward: -274.7500
- deadline_reward: 20.0000
- priority_reward: 40.0000
- critical_job_reward: 26.0917
- placement_reward: -36.6667
- timeliness_reward: 359.7858
- machine_idle_penalty: -189.1125

CUMULATIVE TOTAL: -66.2817

CRITICAL STATE INFO:
- Valid actions: ['J1', 'J2', 'J3', 'J4', 'J5', 'J6', 'J7', 'J8', 'J9', 'J11', 'J12', 'J13', 'J14', 'J15', 'J16', 'J17', 'J18', 'J19', 'J20']
- Machine states:
  - Machine M1: Time=2107.00, Idle=219.00, Material=Mountainbike_Laufraeder_montiert
  - Machine M2: Time=2258.00, Idle=68.00, Material=Racebike_Rahmen_komplettiert
  - Machine M3: Time=2326.00, Idle=0.00, Material=Racebike_Tretlageraufnahme_geschweisst
==================================================

2025-06-19 11:36:26,111 - JSPGymEnvironment - INFO - Material change on machine M3: Racebike_Tretlageraufnahme_geschweisst -> Racebike_Bremsaufnahme_gebohrt, setup time: 15
2025-06-19 11:36:26,111 - JSPGymEnvironment - INFO - Executed operation: Job J20, Op 3, Machine M3, Start: 2341, End: 2389, Setup: 15
2025-06-19 11:36:26,111 - JSPGymEnvironment - INFO - 
===== REWARD DETAILS FOR STEP 42 =====
Job: J20, Operation: 3, Job Completed: False
Current Time: 2326.00 -> 2389.00, Setup Time: 15.00
Processing Time: 48.00, Idle Time: 0.00
Completed Jobs: 1/20
Machine: M3, Material: Racebike_Bremsaufnahme_gebohrt

REWARD COMPONENTS:
- makespan_reward: -0.3150
- setup_reward: -3.7500
- deadline_reward: 0.0000
- priority_reward: 0.0000
- critical_job_reward: 0.5000
- placement_reward: -1.6667
- timeliness_reward: 5.7267
- machine_idle_penalty: -5.1625

TOTAL REWARD: -4.6675

CUMULATIVE REWARD COMPONENTS:
- makespan_reward: -11.9450
- setup_reward: -278.5000
- deadline_reward: 20.0000
- priority_reward: 40.0000
- critical_job_reward: 26.5917
- placement_reward: -38.3333
- timeliness_reward: 365.5125
- machine_idle_penalty: -194.2750

CUMULATIVE TOTAL: -70.9492

CRITICAL STATE INFO:
- Valid actions: ['J1', 'J2', 'J3', 'J4', 'J5', 'J6', 'J7', 'J8', 'J9', 'J11', 'J12', 'J13', 'J14', 'J15', 'J16', 'J17', 'J18', 'J19', 'J20']
- Machine states:
  - Machine M1: Time=2107.00, Idle=282.00, Material=Mountainbike_Laufraeder_montiert
  - Machine M2: Time=2258.00, Idle=131.00, Material=Racebike_Rahmen_komplettiert
  - Machine M3: Time=2389.00, Idle=0.00, Material=Racebike_Bremsaufnahme_gebohrt
==================================================

2025-06-19 11:36:26,122 - JSPGymEnvironment - INFO - Material change on machine M1: Mountainbike_Laufraeder_montiert -> Mountainbike_Rahmen_nachbearbeitet, setup time: 40
2025-06-19 11:36:26,122 - JSPGymEnvironment - INFO - Executed operation: Job J3, Op 1, Machine M1, Start: 2429, End: 2470, Setup: 40
2025-06-19 11:36:26,122 - JSPGymEnvironment - INFO - 
===== REWARD DETAILS FOR STEP 43 =====
Job: J3, Operation: 1, Job Completed: False
Current Time: 2389.00 -> 2470.00, Setup Time: 40.00
Processing Time: 41.00, Idle Time: 0.00
Completed Jobs: 1/20
Machine: M1, Material: Mountainbike_Rahmen_nachbearbeitet

REWARD COMPONENTS:
- makespan_reward: -0.4050
- setup_reward: -10.0000
- deadline_reward: 0.0000
- priority_reward: 0.0000
- critical_job_reward: 0.0000
- placement_reward: 0.0000
- timeliness_reward: 5.1903
- machine_idle_penalty: -3.6625

TOTAL REWARD: -8.8772

CUMULATIVE REWARD COMPONENTS:
- makespan_reward: -12.3500
- setup_reward: -288.5000
- deadline_reward: 20.0000
- priority_reward: 40.0000
- critical_job_reward: 26.5917
- placement_reward: -38.3333
- timeliness_reward: 370.7028
- machine_idle_penalty: -197.9375

CUMULATIVE TOTAL: -79.8264

CRITICAL STATE INFO:
- Valid actions: ['J1', 'J2', 'J3', 'J4', 'J5', 'J6', 'J7', 'J8', 'J9', 'J11', 'J12', 'J13', 'J14', 'J15', 'J16', 'J17', 'J18', 'J19', 'J20']
- Machine states:
  - Machine M1: Time=2470.00, Idle=0.00, Material=Mountainbike_Rahmen_nachbearbeitet
  - Machine M2: Time=2258.00, Idle=212.00, Material=Racebike_Rahmen_komplettiert
  - Machine M3: Time=2389.00, Idle=81.00, Material=Racebike_Bremsaufnahme_gebohrt
==================================================

2025-06-19 11:36:26,134 - JSPGymEnvironment - INFO - Material change on machine M2: Racebike_Rahmen_komplettiert -> Mountainbike_Steuerrohr_montiert, setup time: 16
2025-06-19 11:36:26,134 - JSPGymEnvironment - INFO - Executed operation: Job J6, Op 3, Machine M2, Start: 2486, End: 2499, Setup: 16
2025-06-19 11:36:26,134 - JSPGymEnvironment - INFO - 
===== REWARD DETAILS FOR STEP 44 =====
Job: J6, Operation: 3, Job Completed: False
Current Time: 2470.00 -> 2499.00, Setup Time: 16.00
Processing Time: 13.00, Idle Time: 0.00
Completed Jobs: 1/20
Machine: M2, Material: Mountainbike_Steuerrohr_montiert

REWARD COMPONENTS:
- makespan_reward: -0.1450
- setup_reward: -4.0000
- deadline_reward: 0.0000
- priority_reward: 0.0000
- critical_job_reward: 0.0000
- placement_reward: 0.0000
- timeliness_reward: 4.9541
- machine_idle_penalty: -1.7375

TOTAL REWARD: -0.9284

CUMULATIVE REWARD COMPONENTS:
- makespan_reward: -12.4950
- setup_reward: -292.5000
- deadline_reward: 20.0000
- priority_reward: 40.0000
- critical_job_reward: 26.5917
- placement_reward: -38.3333
- timeliness_reward: 375.6569
- machine_idle_penalty: -199.6750

CUMULATIVE TOTAL: -80.7548

CRITICAL STATE INFO:
- Valid actions: ['J1', 'J2', 'J3', 'J4', 'J5', 'J6', 'J7', 'J8', 'J9', 'J11', 'J12', 'J13', 'J14', 'J15', 'J16', 'J17', 'J18', 'J19', 'J20']
- Machine states:
  - Machine M1: Time=2470.00, Idle=29.00, Material=Mountainbike_Rahmen_nachbearbeitet
  - Machine M2: Time=2499.00, Idle=0.00, Material=Mountainbike_Steuerrohr_montiert
  - Machine M3: Time=2389.00, Idle=110.00, Material=Racebike_Bremsaufnahme_gebohrt
==================================================

2025-06-19 11:36:26,146 - JSPGymEnvironment - INFO - Material change on machine M2: Mountainbike_Steuerrohr_montiert -> Racebike_Fahrrad_endmontiert, setup time: 16
2025-06-19 11:36:26,146 - JSPGymEnvironment - INFO - Executed operation: Job J9, Op 1, Machine M2, Start: 2515, End: 2536, Setup: 16
2025-06-19 11:36:26,147 - JSPGymEnvironment - INFO - 
===== REWARD DETAILS FOR STEP 45 =====
Job: J9, Operation: 1, Job Completed: False
Current Time: 2499.00 -> 2536.00, Setup Time: 16.00
Processing Time: 21.00, Idle Time: 0.00
Completed Jobs: 1/20
Machine: M2, Material: Racebike_Fahrrad_endmontiert

REWARD COMPONENTS:
- makespan_reward: -0.1850
- setup_reward: -4.0000
- deadline_reward: 0.0000
- priority_reward: 0.0000
- critical_job_reward: 0.5000
- placement_reward: -1.6667
- timeliness_reward: 4.6873
- machine_idle_penalty: -2.6625

TOTAL REWARD: -3.3268

CUMULATIVE REWARD COMPONENTS:
- makespan_reward: -12.6800
- setup_reward: -296.5000
- deadline_reward: 20.0000
- priority_reward: 40.0000
- critical_job_reward: 27.0917
- placement_reward: -40.0000
- timeliness_reward: 380.3442
- machine_idle_penalty: -202.3375

CUMULATIVE TOTAL: -84.0817

CRITICAL STATE INFO:
- Valid actions: ['J1', 'J2', 'J3', 'J4', 'J5', 'J6', 'J7', 'J8', 'J9', 'J11', 'J12', 'J13', 'J14', 'J15', 'J16', 'J17', 'J18', 'J19', 'J20']
- Machine states:
  - Machine M1: Time=2470.00, Idle=66.00, Material=Mountainbike_Rahmen_nachbearbeitet
  - Machine M2: Time=2536.00, Idle=0.00, Material=Racebike_Fahrrad_endmontiert
  - Machine M3: Time=2389.00, Idle=147.00, Material=Racebike_Bremsaufnahme_gebohrt
==================================================

2025-06-19 11:36:26,158 - JSPGymEnvironment - INFO - Material change on machine M1: Mountainbike_Rahmen_nachbearbeitet -> E-Bike_Schaltauge_bearbeitet, setup time: 47
2025-06-19 11:36:26,158 - JSPGymEnvironment - INFO - Executed operation: Job J8, Op 4, Machine M1, Start: 2583, End: 2614, Setup: 47
2025-06-19 11:36:26,158 - JSPGymEnvironment - INFO - 
===== REWARD DETAILS FOR STEP 46 =====
Job: J8, Operation: 4, Job Completed: False
Current Time: 2536.00 -> 2614.00, Setup Time: 47.00
Processing Time: 31.00, Idle Time: 0.00
Completed Jobs: 1/20
Machine: M1, Material: E-Bike_Schaltauge_bearbeitet

REWARD COMPONENTS:
- makespan_reward: -0.3900
- setup_reward: -11.7500
- deadline_reward: 0.0000
- priority_reward: 0.0000
- critical_job_reward: 0.5000
- placement_reward: -0.8333
- timeliness_reward: 4.1040
- machine_idle_penalty: -3.7875

TOTAL REWARD: -12.1568

CUMULATIVE REWARD COMPONENTS:
- makespan_reward: -13.0700
- setup_reward: -308.2500
- deadline_reward: 20.0000
- priority_reward: 40.0000
- critical_job_reward: 27.5917
- placement_reward: -40.8333
- timeliness_reward: 384.4482
- machine_idle_penalty: -206.1250

CUMULATIVE TOTAL: -96.2385

CRITICAL STATE INFO:
- Valid actions: ['J1', 'J2', 'J3', 'J4', 'J5', 'J6', 'J7', 'J8', 'J9', 'J11', 'J12', 'J13', 'J14', 'J15', 'J16', 'J17', 'J18', 'J19', 'J20']
- Machine states:
  - Machine M1: Time=2614.00, Idle=0.00, Material=E-Bike_Schaltauge_bearbeitet
  - Machine M2: Time=2536.00, Idle=78.00, Material=Racebike_Fahrrad_endmontiert
  - Machine M3: Time=2389.00, Idle=225.00, Material=Racebike_Bremsaufnahme_gebohrt
==================================================

2025-06-19 11:36:26,171 - JSPGymEnvironment - INFO - Material change on machine M1: E-Bike_Schaltauge_bearbeitet -> E-Bike_Rahmen_nachbearbeitet, setup time: 40
2025-06-19 11:36:26,171 - JSPGymEnvironment - INFO - Executed operation: Job J5, Op 3, Machine M1, Start: 2654, End: 2697, Setup: 40
2025-06-19 11:36:26,171 - JSPGymEnvironment - INFO - 
===== REWARD DETAILS FOR STEP 47 =====
Job: J5, Operation: 3, Job Completed: False
Current Time: 2614.00 -> 2697.00, Setup Time: 40.00
Processing Time: 43.00, Idle Time: 0.00
Completed Jobs: 1/20
Machine: M1, Material: E-Bike_Rahmen_nachbearbeitet

REWARD COMPONENTS:
- makespan_reward: -0.4150
- setup_reward: -10.0000
- deadline_reward: 0.0000
- priority_reward: 0.0000
- critical_job_reward: 0.5000
- placement_reward: -1.6667
- timeliness_reward: 3.4047
- machine_idle_penalty: -5.8625

TOTAL REWARD: -14.0394

CUMULATIVE REWARD COMPONENTS:
- makespan_reward: -13.4850
- setup_reward: -318.2500
- deadline_reward: 20.0000
- priority_reward: 40.0000
- critical_job_reward: 28.0917
- placement_reward: -42.5000
- timeliness_reward: 387.8529
- machine_idle_penalty: -211.9875

CUMULATIVE TOTAL: -110.2780

CRITICAL STATE INFO:
- Valid actions: ['J1', 'J2', 'J3', 'J4', 'J5', 'J6', 'J7', 'J8', 'J9', 'J11', 'J12', 'J13', 'J14', 'J15', 'J16', 'J17', 'J18', 'J19', 'J20']
- Machine states:
  - Machine M1: Time=2697.00, Idle=0.00, Material=E-Bike_Rahmen_nachbearbeitet
  - Machine M2: Time=2536.00, Idle=161.00, Material=Racebike_Fahrrad_endmontiert
  - Machine M3: Time=2389.00, Idle=308.00, Material=Racebike_Bremsaufnahme_gebohrt
==================================================

2025-06-19 11:36:26,181 - JSPGymEnvironment - INFO - Executed operation: Job J8, Op 5, Machine M1, Start: 2722, End: 2761, Setup: 25
2025-06-19 11:36:26,181 - JSPGymEnvironment - INFO - 
===== REWARD DETAILS FOR STEP 48 =====
Job: J8, Operation: 5, Job Completed: False
Current Time: 2697.00 -> 2761.00, Setup Time: 25.00
Processing Time: 39.00, Idle Time: 0.00
Completed Jobs: 1/20
Machine: M1, Material: E-Bike_Rahmen_nachbearbeitet

REWARD COMPONENTS:
- makespan_reward: -0.3200
- setup_reward: -6.2500
- deadline_reward: 0.0000
- priority_reward: 0.0000
- critical_job_reward: 0.5000
- placement_reward: -0.8333
- timeliness_reward: 2.9431
- machine_idle_penalty: -7.4625

TOTAL REWARD: -11.4228

CUMULATIVE REWARD COMPONENTS:
- makespan_reward: -13.8050
- setup_reward: -324.5000
- deadline_reward: 20.0000
- priority_reward: 40.0000
- critical_job_reward: 28.5917
- placement_reward: -43.3333
- timeliness_reward: 390.7960
- machine_idle_penalty: -219.4500

CUMULATIVE TOTAL: -121.7007

CRITICAL STATE INFO:
- Valid actions: ['J1', 'J2', 'J3', 'J4', 'J5', 'J6', 'J7', 'J8', 'J9', 'J11', 'J12', 'J13', 'J14', 'J15', 'J16', 'J17', 'J18', 'J19', 'J20']
- Machine states:
  - Machine M1: Time=2761.00, Idle=0.00, Material=E-Bike_Rahmen_nachbearbeitet
  - Machine M2: Time=2536.00, Idle=225.00, Material=Racebike_Fahrrad_endmontiert
  - Machine M3: Time=2389.00, Idle=372.00, Material=Racebike_Bremsaufnahme_gebohrt
==================================================

2025-06-19 11:36:26,191 - JSPGymEnvironment - INFO - Material change on machine M1: E-Bike_Rahmen_nachbearbeitet -> Mountainbike_Rahmen_komplettiert, setup time: 47
2025-06-19 11:36:26,191 - JSPGymEnvironment - INFO - Executed operation: Job J6, Op 4, Machine M1, Start: 2808, End: 2828, Setup: 47
2025-06-19 11:36:26,191 - JSPGymEnvironment - INFO - 
===== REWARD DETAILS FOR STEP 49 =====
Job: J6, Operation: 4, Job Completed: False
Current Time: 2761.00 -> 2828.00, Setup Time: 47.00
Processing Time: 20.00, Idle Time: 0.00
Completed Jobs: 1/20
Machine: M1, Material: Mountainbike_Rahmen_komplettiert

REWARD COMPONENTS:
- makespan_reward: -0.3350
- setup_reward: -11.7500
- deadline_reward: 0.0000
- priority_reward: 0.0000
- critical_job_reward: 0.0000
- placement_reward: 0.0000
- timeliness_reward: 2.3530
- machine_idle_penalty: -9.1375

TOTAL REWARD: -18.8695

CUMULATIVE REWARD COMPONENTS:
- makespan_reward: -14.1400
- setup_reward: -336.2500
- deadline_reward: 20.0000
- priority_reward: 40.0000
- critical_job_reward: 28.5917
- placement_reward: -43.3333
- timeliness_reward: 393.1490
- machine_idle_penalty: -228.5875

CUMULATIVE TOTAL: -140.5701

CRITICAL STATE INFO:
- Valid actions: ['J1', 'J2', 'J3', 'J4', 'J5', 'J6', 'J7', 'J8', 'J9', 'J11', 'J12', 'J13', 'J14', 'J15', 'J16', 'J17', 'J18', 'J19', 'J20']
- Machine states:
  - Machine M1: Time=2828.00, Idle=0.00, Material=Mountainbike_Rahmen_komplettiert
  - Machine M2: Time=2536.00, Idle=292.00, Material=Racebike_Fahrrad_endmontiert
  - Machine M3: Time=2389.00, Idle=439.00, Material=Racebike_Bremsaufnahme_gebohrt
==================================================

2025-06-19 11:36:26,202 - JSPGymEnvironment - INFO - Material change on machine M3: Racebike_Bremsaufnahme_gebohrt -> E-Bike_Hinterbau_vorbereitet, setup time: 21
2025-06-19 11:36:26,202 - JSPGymEnvironment - INFO - Executed operation: Job J8, Op 6, Machine M3, Start: 2849, End: 2897, Setup: 21
2025-06-19 11:36:26,202 - JSPGymEnvironment - INFO - 
===== REWARD DETAILS FOR STEP 50 =====
Job: J8, Operation: 6, Job Completed: False
Current Time: 2828.00 -> 2897.00, Setup Time: 21.00
Processing Time: 48.00, Idle Time: 0.00
Completed Jobs: 1/20
Machine: M3, Material: E-Bike_Hinterbau_vorbereitet

REWARD COMPONENTS:
- makespan_reward: -0.3450
- setup_reward: -5.2500
- deadline_reward: 0.0000
- priority_reward: 0.0000
- critical_job_reward: 0.5000
- placement_reward: -0.8333
- timeliness_reward: 1.7897
- machine_idle_penalty: -5.3750

TOTAL REWARD: -9.5136

CUMULATIVE REWARD COMPONENTS:
- makespan_reward: -14.4850
- setup_reward: -341.5000
- deadline_reward: 20.0000
- priority_reward: 40.0000
- critical_job_reward: 29.0917
- placement_reward: -44.1667
- timeliness_reward: 394.9387
- machine_idle_penalty: -233.9625

CUMULATIVE TOTAL: -150.0838

CRITICAL STATE INFO:
- Valid actions: ['J1', 'J2', 'J3', 'J4', 'J5', 'J6', 'J7', 'J8', 'J9', 'J11', 'J12', 'J13', 'J14', 'J15', 'J16', 'J17', 'J18', 'J19', 'J20']
- Machine states:
  - Machine M1: Time=2828.00, Idle=69.00, Material=Mountainbike_Rahmen_komplettiert
  - Machine M2: Time=2536.00, Idle=361.00, Material=Racebike_Fahrrad_endmontiert
  - Machine M3: Time=2897.00, Idle=0.00, Material=E-Bike_Hinterbau_vorbereitet
==================================================

2025-06-19 11:36:26,292 - JSPGymEnvironment - INFO - Material change on machine M3: E-Bike_Hinterbau_vorbereitet -> E-Bike_Rahmen_komplettiert, setup time: 15
2025-06-19 11:36:26,292 - JSPGymEnvironment - INFO - Executed operation: Job J7, Op 2, Machine M3, Start: 2912, End: 2955, Setup: 15
2025-06-19 11:36:26,292 - JSPGymEnvironment - INFO - 
===== REWARD DETAILS FOR STEP 51 =====
Job: J7, Operation: 2, Job Completed: False
Current Time: 2897.00 -> 2955.00, Setup Time: 15.00
Processing Time: 43.00, Idle Time: 0.00
Completed Jobs: 1/20
Machine: M3, Material: E-Bike_Rahmen_komplettiert

REWARD COMPONENTS:
- makespan_reward: -0.2900
- setup_reward: -3.7500
- deadline_reward: 0.0000
- priority_reward: 0.0000
- critical_job_reward: 0.0000
- placement_reward: 0.0000
- timeliness_reward: 1.3027
- machine_idle_penalty: -6.8250

TOTAL REWARD: -9.5623

CUMULATIVE REWARD COMPONENTS:
- makespan_reward: -14.7750
- setup_reward: -345.2500
- deadline_reward: 20.0000
- priority_reward: 40.0000
- critical_job_reward: 29.0917
- placement_reward: -44.1667
- timeliness_reward: 396.2415
- machine_idle_penalty: -240.7875

CUMULATIVE TOTAL: -159.6460

CRITICAL STATE INFO:
- Valid actions: ['J1', 'J2', 'J3', 'J4', 'J5', 'J6', 'J7', 'J8', 'J9', 'J11', 'J12', 'J13', 'J14', 'J15', 'J16', 'J17', 'J18', 'J19', 'J20']
- Machine states:
  - Machine M1: Time=2828.00, Idle=127.00, Material=Mountainbike_Rahmen_komplettiert
  - Machine M2: Time=2536.00, Idle=419.00, Material=Racebike_Fahrrad_endmontiert
  - Machine M3: Time=2955.00, Idle=0.00, Material=E-Bike_Rahmen_komplettiert
==================================================

2025-06-19 11:36:26,305 - JSPGymEnvironment - INFO - Material change on machine M1: Mountainbike_Rahmen_komplettiert -> Mountainbike_Hauptrahmen_zugeschnitten, setup time: 40
2025-06-19 11:36:26,305 - JSPGymEnvironment - INFO - Executed operation: Job J6, Op 5, Machine M1, Start: 2995, End: 3034, Setup: 40
2025-06-19 11:36:26,305 - JSPGymEnvironment - INFO - Job J6 completed at time 3034, deadline: 2880, met: False, priority: 2
2025-06-19 11:36:26,305 - JSPGymEnvironment - INFO - 
===== REWARD DETAILS FOR STEP 52 =====
Job: J6, Operation: 5, Job Completed: True
Current Time: 2955.00 -> 3034.00, Setup Time: 40.00
Processing Time: 39.00, Idle Time: 0.00
Completed Jobs: 2/20
Machine: M1, Material: Mountainbike_Hauptrahmen_zugeschnitten
Job Deadline: 2880.00 (Missed), Priority: 2

REWARD COMPONENTS:
- makespan_reward: -0.3950
- setup_reward: -10.0000
- deadline_reward: -0.1337
- priority_reward: 8.0000
- critical_job_reward: 0.0000
- placement_reward: 0.0000
- timeliness_reward: 0.6513
- machine_idle_penalty: -7.2125

TOTAL REWARD: -9.0899

CUMULATIVE REWARD COMPONENTS:
- makespan_reward: -15.1700
- setup_reward: -355.2500
- deadline_reward: 19.8663
- priority_reward: 48.0000
- critical_job_reward: 29.0917
- placement_reward: -44.1667
- timeliness_reward: 396.8927
- machine_idle_penalty: -248.0000

CUMULATIVE TOTAL: -168.7359

CRITICAL STATE INFO:
- Valid actions: ['J1', 'J2', 'J3', 'J4', 'J5', 'J7', 'J8', 'J9', 'J11', 'J12', 'J13', 'J14', 'J15', 'J16', 'J17', 'J18', 'J19', 'J20']
- Machine states:
  - Machine M1: Time=3034.00, Idle=0.00, Material=Mountainbike_Hauptrahmen_zugeschnitten
  - Machine M2: Time=2536.00, Idle=498.00, Material=Racebike_Fahrrad_endmontiert
  - Machine M3: Time=2955.00, Idle=79.00, Material=E-Bike_Rahmen_komplettiert
==================================================

2025-06-19 11:36:26,306 - JSPGymEnvironment - INFO - Retro-Bonus für Job J6: -10.0
2025-06-19 11:36:26,319 - JSPGymEnvironment - INFO - Material change on machine M2: Racebike_Fahrrad_endmontiert -> E-Bike_Rahmen_komplettiert, setup time: 24
2025-06-19 11:36:26,319 - JSPGymEnvironment - INFO - Executed operation: Job J1, Op 2, Machine M2, Start: 3058, End: 3087, Setup: 24
2025-06-19 11:36:26,319 - JSPGymEnvironment - INFO - 
===== REWARD DETAILS FOR STEP 53 =====
Job: J1, Operation: 2, Job Completed: False
Current Time: 3034.00 -> 3087.00, Setup Time: 24.00
Processing Time: 29.00, Idle Time: 0.00
Completed Jobs: 2/20
Machine: M2, Material: E-Bike_Rahmen_komplettiert

REWARD COMPONENTS:
- makespan_reward: -0.2650
- setup_reward: -6.0000
- deadline_reward: 0.0000
- priority_reward: 0.0000
- critical_job_reward: 0.0000
- placement_reward: 0.0000
- timeliness_reward: 0.2282
- machine_idle_penalty: -2.3125

TOTAL REWARD: -8.3493

CUMULATIVE REWARD COMPONENTS:
- makespan_reward: -15.4350
- setup_reward: -361.2500
- deadline_reward: 19.8663
- priority_reward: 48.0000
- critical_job_reward: 29.0917
- placement_reward: -44.1667
- timeliness_reward: 397.1209
- machine_idle_penalty: -250.3125

CUMULATIVE TOTAL: -177.0853

CRITICAL STATE INFO:
- Valid actions: ['J1', 'J2', 'J3', 'J4', 'J5', 'J7', 'J8', 'J9', 'J11', 'J12', 'J13', 'J14', 'J15', 'J16', 'J17', 'J18', 'J19', 'J20']
- Machine states:
  - Machine M1: Time=3034.00, Idle=53.00, Material=Mountainbike_Hauptrahmen_zugeschnitten
  - Machine M2: Time=3087.00, Idle=0.00, Material=E-Bike_Rahmen_komplettiert
  - Machine M3: Time=2955.00, Idle=132.00, Material=E-Bike_Rahmen_komplettiert
==================================================

2025-06-19 11:36:26,330 - JSPGymEnvironment - INFO - Material change on machine M2: E-Bike_Rahmen_komplettiert -> Citybike_Schaltauge_bearbeitet, setup time: 21
2025-06-19 11:36:26,330 - JSPGymEnvironment - INFO - Executed operation: Job J14, Op 4, Machine M2, Start: 3108, End: 3133, Setup: 21
2025-06-19 11:36:26,331 - JSPGymEnvironment - INFO - 
===== REWARD DETAILS FOR STEP 54 =====
Job: J14, Operation: 4, Job Completed: False
Current Time: 3087.00 -> 3133.00, Setup Time: 21.00
Processing Time: 25.00, Idle Time: 0.00
Completed Jobs: 2/20
Machine: M2, Material: Citybike_Schaltauge_bearbeitet

REWARD COMPONENTS:
- makespan_reward: -0.2300
- setup_reward: -5.2500
- deadline_reward: 0.0000
- priority_reward: 0.0000
- critical_job_reward: 0.0000
- placement_reward: 0.0000
- timeliness_reward: -0.1288
- machine_idle_penalty: -3.4625

TOTAL REWARD: -9.0713

CUMULATIVE REWARD COMPONENTS:
- makespan_reward: -15.6650
- setup_reward: -366.5000
- deadline_reward: 19.8663
- priority_reward: 48.0000
- critical_job_reward: 29.0917
- placement_reward: -44.1667
- timeliness_reward: 396.9920
- machine_idle_penalty: -253.7750

CUMULATIVE TOTAL: -186.1566

CRITICAL STATE INFO:
- Valid actions: ['J1', 'J2', 'J3', 'J4', 'J5', 'J7', 'J8', 'J9', 'J11', 'J12', 'J13', 'J14', 'J15', 'J16', 'J17', 'J18', 'J19', 'J20']
- Machine states:
  - Machine M1: Time=3034.00, Idle=99.00, Material=Mountainbike_Hauptrahmen_zugeschnitten
  - Machine M2: Time=3133.00, Idle=0.00, Material=Citybike_Schaltauge_bearbeitet
  - Machine M3: Time=2955.00, Idle=178.00, Material=E-Bike_Rahmen_komplettiert
==================================================

2025-06-19 11:36:26,341 - JSPGymEnvironment - INFO - Material change on machine M2: Citybike_Schaltauge_bearbeitet -> Mountainbike_Rahmen_komplettiert, setup time: 22
2025-06-19 11:36:26,341 - JSPGymEnvironment - INFO - Executed operation: Job J3, Op 2, Machine M2, Start: 3155, End: 3176, Setup: 22
2025-06-19 11:36:26,341 - JSPGymEnvironment - INFO - 
===== REWARD DETAILS FOR STEP 55 =====
Job: J3, Operation: 2, Job Completed: False
Current Time: 3133.00 -> 3176.00, Setup Time: 22.00
Processing Time: 21.00, Idle Time: 0.00
Completed Jobs: 2/20
Machine: M2, Material: Mountainbike_Rahmen_komplettiert

REWARD COMPONENTS:
- makespan_reward: -0.2150
- setup_reward: -5.5000
- deadline_reward: 0.0000
- priority_reward: 0.0000
- critical_job_reward: 0.0000
- placement_reward: 0.0000
- timeliness_reward: -0.4528
- machine_idle_penalty: -4.5375

TOTAL REWARD: -10.7053

CUMULATIVE REWARD COMPONENTS:
- makespan_reward: -15.8800
- setup_reward: -372.0000
- deadline_reward: 19.8663
- priority_reward: 48.0000
- critical_job_reward: 29.0917
- placement_reward: -44.1667
- timeliness_reward: 396.5392
- machine_idle_penalty: -258.3125

CUMULATIVE TOTAL: -196.8619

CRITICAL STATE INFO:
- Valid actions: ['J1', 'J2', 'J3', 'J4', 'J5', 'J7', 'J8', 'J9', 'J11', 'J12', 'J13', 'J14', 'J15', 'J16', 'J17', 'J18', 'J19', 'J20']
- Machine states:
  - Machine M1: Time=3034.00, Idle=142.00, Material=Mountainbike_Hauptrahmen_zugeschnitten
  - Machine M2: Time=3176.00, Idle=0.00, Material=Mountainbike_Rahmen_komplettiert
  - Machine M3: Time=2955.00, Idle=221.00, Material=E-Bike_Rahmen_komplettiert
==================================================

2025-06-19 11:36:26,353 - JSPGymEnvironment - INFO - Material change on machine M3: E-Bike_Rahmen_komplettiert -> Citybike_Rahmen_nachbearbeitet, setup time: 15
2025-06-19 11:36:26,353 - JSPGymEnvironment - INFO - Executed operation: Job J18, Op 0, Machine M3, Start: 3191, End: 3230, Setup: 15
2025-06-19 11:36:26,353 - JSPGymEnvironment - INFO - 
===== REWARD DETAILS FOR STEP 56 =====
Job: J18, Operation: 0, Job Completed: False
Current Time: 3176.00 -> 3230.00, Setup Time: 15.00
Processing Time: 39.00, Idle Time: 0.00
Completed Jobs: 2/20
Machine: M3, Material: Citybike_Rahmen_nachbearbeitet

REWARD COMPONENTS:
- makespan_reward: -0.2700
- setup_reward: -3.7500
- deadline_reward: 0.0000
- priority_reward: 0.0000
- critical_job_reward: 0.0000
- placement_reward: 0.0000
- timeliness_reward: -0.8448
- machine_idle_penalty: -3.1250

TOTAL REWARD: -7.9898

CUMULATIVE REWARD COMPONENTS:
- makespan_reward: -16.1500
- setup_reward: -375.7500
- deadline_reward: 19.8663
- priority_reward: 48.0000
- critical_job_reward: 29.0917
- placement_reward: -44.1667
- timeliness_reward: 395.6945
- machine_idle_penalty: -261.4375

CUMULATIVE TOTAL: -204.8517

CRITICAL STATE INFO:
- Valid actions: ['J1', 'J2', 'J3', 'J4', 'J5', 'J7', 'J8', 'J9', 'J11', 'J12', 'J13', 'J14', 'J15', 'J16', 'J17', 'J18', 'J19', 'J20']
- Machine states:
  - Machine M1: Time=3034.00, Idle=196.00, Material=Mountainbike_Hauptrahmen_zugeschnitten
  - Machine M2: Time=3176.00, Idle=54.00, Material=Mountainbike_Rahmen_komplettiert
  - Machine M3: Time=3230.00, Idle=0.00, Material=Citybike_Rahmen_nachbearbeitet
==================================================

2025-06-19 11:36:26,366 - JSPGymEnvironment - INFO - Material change on machine M3: Citybike_Rahmen_nachbearbeitet -> Racebike_Rahmen_lackiert, setup time: 12
2025-06-19 11:36:26,366 - JSPGymEnvironment - INFO - Executed operation: Job J20, Op 4, Machine M3, Start: 3242, End: 3268, Setup: 12
2025-06-19 11:36:26,366 - JSPGymEnvironment - INFO - Job J20 completed at time 3268, deadline: 2839, met: False, priority: 9
2025-06-19 11:36:26,366 - JSPGymEnvironment - INFO - 
===== REWARD DETAILS FOR STEP 57 =====
Job: J20, Operation: 4, Job Completed: True
Current Time: 3230.00 -> 3268.00, Setup Time: 12.00
Processing Time: 26.00, Idle Time: 0.00
Completed Jobs: 3/20
Machine: M3, Material: Racebike_Rahmen_lackiert
Job Deadline: 2839.00 (Missed), Priority: 9

REWARD COMPONENTS:
- makespan_reward: -0.1900
- setup_reward: -3.0000
- deadline_reward: -0.3778
- priority_reward: 36.0000
- critical_job_reward: 10.6867
- placement_reward: -1.6667
- timeliness_reward: -1.1201
- machine_idle_penalty: -4.0750

TOTAL REWARD: 36.2571

CUMULATIVE REWARD COMPONENTS:
- makespan_reward: -16.3400
- setup_reward: -378.7500
- deadline_reward: 19.4885
- priority_reward: 84.0000
- critical_job_reward: 39.7784
- placement_reward: -45.8333
- timeliness_reward: 394.5743
- machine_idle_penalty: -265.5125

CUMULATIVE TOTAL: -168.5946

CRITICAL STATE INFO:
- Valid actions: ['J1', 'J2', 'J3', 'J4', 'J5', 'J7', 'J8', 'J9', 'J11', 'J12', 'J13', 'J14', 'J15', 'J16', 'J17', 'J18', 'J19']
- Machine states:
  - Machine M1: Time=3034.00, Idle=234.00, Material=Mountainbike_Hauptrahmen_zugeschnitten
  - Machine M2: Time=3176.00, Idle=92.00, Material=Mountainbike_Rahmen_komplettiert
  - Machine M3: Time=3268.00, Idle=0.00, Material=Racebike_Rahmen_lackiert
==================================================

2025-06-19 11:36:26,366 - JSPGymEnvironment - INFO - Retro-Bonus für Job J20: -5.0
2025-06-19 11:36:26,378 - JSPGymEnvironment - INFO - Material change on machine M3: Racebike_Rahmen_lackiert -> Citybike_Bremsaufnahme_gebohrt, setup time: 12
2025-06-19 11:36:26,378 - JSPGymEnvironment - INFO - Executed operation: Job J14, Op 5, Machine M3, Start: 3280, End: 3309, Setup: 12
2025-06-19 11:36:26,378 - JSPGymEnvironment - INFO - 
===== REWARD DETAILS FOR STEP 58 =====
Job: J14, Operation: 5, Job Completed: False
Current Time: 3268.00 -> 3309.00, Setup Time: 12.00
Processing Time: 29.00, Idle Time: 0.00
Completed Jobs: 3/20
Machine: M3, Material: Citybike_Bremsaufnahme_gebohrt

REWARD COMPONENTS:
- makespan_reward: -0.2050
- setup_reward: -3.0000
- deadline_reward: 0.0000
- priority_reward: 0.0000
- critical_job_reward: 0.0000
- placement_reward: 0.0000
- timeliness_reward: -1.3957
- machine_idle_penalty: -5.1000

TOTAL REWARD: -9.7007

CUMULATIVE REWARD COMPONENTS:
- makespan_reward: -16.5450
- setup_reward: -381.7500
- deadline_reward: 19.4885
- priority_reward: 84.0000
- critical_job_reward: 39.7784
- placement_reward: -45.8333
- timeliness_reward: 393.1786
- machine_idle_penalty: -270.6125

CUMULATIVE TOTAL: -178.2953

CRITICAL STATE INFO:
- Valid actions: ['J1', 'J2', 'J3', 'J4', 'J5', 'J7', 'J8', 'J9', 'J11', 'J12', 'J13', 'J14', 'J15', 'J16', 'J17', 'J18', 'J19']
- Machine states:
  - Machine M1: Time=3034.00, Idle=275.00, Material=Mountainbike_Hauptrahmen_zugeschnitten
  - Machine M2: Time=3176.00, Idle=133.00, Material=Mountainbike_Rahmen_komplettiert
  - Machine M3: Time=3309.00, Idle=0.00, Material=Citybike_Bremsaufnahme_gebohrt
==================================================

2025-06-19 11:36:26,390 - JSPGymEnvironment - INFO - Material change on machine M3: Citybike_Bremsaufnahme_gebohrt -> Citybike_Tretlager_gefraest, setup time: 15
2025-06-19 11:36:26,390 - JSPGymEnvironment - INFO - Executed operation: Job J14, Op 6, Machine M3, Start: 3324, End: 3375, Setup: 15
2025-06-19 11:36:26,390 - JSPGymEnvironment - INFO - 
===== REWARD DETAILS FOR STEP 59 =====
Job: J14, Operation: 6, Job Completed: False
Current Time: 3309.00 -> 3375.00, Setup Time: 15.00
Processing Time: 51.00, Idle Time: 0.00
Completed Jobs: 3/20
Machine: M3, Material: Citybike_Tretlager_gefraest

REWARD COMPONENTS:
- makespan_reward: -0.3300
- setup_reward: -3.7500
- deadline_reward: 0.0000
- priority_reward: 0.0000
- critical_job_reward: 0.0000
- placement_reward: 0.0000
- timeliness_reward: -1.8157
- machine_idle_penalty: -6.7500

TOTAL REWARD: -12.6457

CUMULATIVE REWARD COMPONENTS:
- makespan_reward: -16.8750
- setup_reward: -385.5000
- deadline_reward: 19.4885
- priority_reward: 84.0000
- critical_job_reward: 39.7784
- placement_reward: -45.8333
- timeliness_reward: 391.3629
- machine_idle_penalty: -277.3625

CUMULATIVE TOTAL: -190.9410

CRITICAL STATE INFO:
- Valid actions: ['J1', 'J2', 'J3', 'J4', 'J5', 'J7', 'J8', 'J9', 'J11', 'J12', 'J13', 'J14', 'J15', 'J16', 'J17', 'J18', 'J19']
- Machine states:
  - Machine M1: Time=3034.00, Idle=341.00, Material=Mountainbike_Hauptrahmen_zugeschnitten
  - Machine M2: Time=3176.00, Idle=199.00, Material=Mountainbike_Rahmen_komplettiert
  - Machine M3: Time=3375.00, Idle=0.00, Material=Citybike_Tretlager_gefraest
==================================================

2025-06-19 11:36:26,404 - JSPGymEnvironment - INFO - Material change on machine M1: Mountainbike_Hauptrahmen_zugeschnitten -> Citybike_Bremsen_justiert, setup time: 45
2025-06-19 11:36:26,404 - JSPGymEnvironment - INFO - Executed operation: Job J14, Op 7, Machine M1, Start: 3420, End: 3455, Setup: 45
2025-06-19 11:36:26,404 - JSPGymEnvironment - INFO - Job J14 completed at time 3455, deadline: 2798, met: False, priority: 4
2025-06-19 11:36:26,404 - JSPGymEnvironment - INFO - 
===== REWARD DETAILS FOR STEP 60 =====
Job: J14, Operation: 7, Job Completed: True
Current Time: 3375.00 -> 3455.00, Setup Time: 45.00
Processing Time: 35.00, Idle Time: 0.00
Completed Jobs: 4/20
Machine: M1, Material: Citybike_Bremsen_justiert
Job Deadline: 2798.00 (Missed), Priority: 4

REWARD COMPONENTS:
- makespan_reward: -0.4000
- setup_reward: -11.2500
- deadline_reward: -0.5870
- priority_reward: 16.0000
- critical_job_reward: 0.0000
- placement_reward: 0.0000
- timeliness_reward: -2.2816
- machine_idle_penalty: -4.4875

TOTAL REWARD: -3.0062

CUMULATIVE REWARD COMPONENTS:
- makespan_reward: -17.2750
- setup_reward: -396.7500
- deadline_reward: 18.9015
- priority_reward: 100.0000
- critical_job_reward: 39.7784
- placement_reward: -45.8333
- timeliness_reward: 389.0813
- machine_idle_penalty: -281.8500

CUMULATIVE TOTAL: -193.9472

CRITICAL STATE INFO:
- Valid actions: ['J1', 'J2', 'J3', 'J4', 'J5', 'J7', 'J8', 'J9', 'J11', 'J12', 'J13', 'J15', 'J16', 'J17', 'J18', 'J19']
- Machine states:
  - Machine M1: Time=3455.00, Idle=0.00, Material=Citybike_Bremsen_justiert
  - Machine M2: Time=3176.00, Idle=279.00, Material=Mountainbike_Rahmen_komplettiert
  - Machine M3: Time=3375.00, Idle=80.00, Material=Citybike_Tretlager_gefraest
==================================================

2025-06-19 11:36:26,404 - JSPGymEnvironment - INFO - Retro-Bonus für Job J14: -10.0
2025-06-19 11:36:26,416 - JSPGymEnvironment - INFO - Material change on machine M1: Citybike_Bremsen_justiert -> E-Bike_Bremsen_justiert, setup time: 50
2025-06-19 11:36:26,416 - JSPGymEnvironment - INFO - Executed operation: Job J1, Op 3, Machine M1, Start: 3505, End: 3522, Setup: 50
2025-06-19 11:36:26,416 - JSPGymEnvironment - INFO - 
===== REWARD DETAILS FOR STEP 61 =====
Job: J1, Operation: 3, Job Completed: False
Current Time: 3455.00 -> 3522.00, Setup Time: 50.00
Processing Time: 17.00, Idle Time: 0.00
Completed Jobs: 4/20
Machine: M1, Material: E-Bike_Bremsen_justiert

REWARD COMPONENTS:
- makespan_reward: -0.3350
- setup_reward: -12.5000
- deadline_reward: 0.0000
- priority_reward: 0.0000
- critical_job_reward: 0.0000
- placement_reward: 0.0000
- timeliness_reward: -2.6405
- machine_idle_penalty: -6.1625

TOTAL REWARD: -21.6380

CUMULATIVE REWARD COMPONENTS:
- makespan_reward: -17.6100
- setup_reward: -409.2500
- deadline_reward: 18.9015
- priority_reward: 100.0000
- critical_job_reward: 39.7784
- placement_reward: -45.8333
- timeliness_reward: 386.4408
- machine_idle_penalty: -288.0125

CUMULATIVE TOTAL: -215.5851

CRITICAL STATE INFO:
- Valid actions: ['J1', 'J2', 'J3', 'J4', 'J5', 'J7', 'J8', 'J9', 'J11', 'J12', 'J13', 'J15', 'J16', 'J17', 'J18', 'J19']
- Machine states:
  - Machine M1: Time=3522.00, Idle=0.00, Material=E-Bike_Bremsen_justiert
  - Machine M2: Time=3176.00, Idle=346.00, Material=Mountainbike_Rahmen_komplettiert
  - Machine M3: Time=3375.00, Idle=147.00, Material=Citybike_Tretlager_gefraest
==================================================

2025-06-19 11:36:26,428 - JSPGymEnvironment - INFO - Material change on machine M2: Mountainbike_Rahmen_komplettiert -> E-Bike_Rahmen_lackiert, setup time: 29
2025-06-19 11:36:26,428 - JSPGymEnvironment - INFO - Executed operation: Job J1, Op 4, Machine M2, Start: 3551, End: 3571, Setup: 29
2025-06-19 11:36:26,429 - JSPGymEnvironment - INFO - 
===== REWARD DETAILS FOR STEP 62 =====
Job: J1, Operation: 4, Job Completed: False
Current Time: 3522.00 -> 3571.00, Setup Time: 29.00
Processing Time: 20.00, Idle Time: 0.00
Completed Jobs: 4/20
Machine: M2, Material: E-Bike_Rahmen_lackiert

REWARD COMPONENTS:
- makespan_reward: -0.2450
- setup_reward: -7.2500
- deadline_reward: 0.0000
- priority_reward: 0.0000
- critical_job_reward: 0.0000
- placement_reward: 0.0000
- timeliness_reward: -2.8834
- machine_idle_penalty: -3.0625

TOTAL REWARD: -13.4409

CUMULATIVE REWARD COMPONENTS:
- makespan_reward: -17.8550
- setup_reward: -416.5000
- deadline_reward: 18.9015
- priority_reward: 100.0000
- critical_job_reward: 39.7784
- placement_reward: -45.8333
- timeliness_reward: 383.5574
- machine_idle_penalty: -291.0750

CUMULATIVE TOTAL: -229.0261

CRITICAL STATE INFO:
- Valid actions: ['J1', 'J2', 'J3', 'J4', 'J5', 'J7', 'J8', 'J9', 'J11', 'J12', 'J13', 'J15', 'J16', 'J17', 'J18', 'J19']
- Machine states:
  - Machine M1: Time=3522.00, Idle=49.00, Material=E-Bike_Bremsen_justiert
  - Machine M2: Time=3571.00, Idle=0.00, Material=E-Bike_Rahmen_lackiert
  - Machine M3: Time=3375.00, Idle=196.00, Material=Citybike_Tretlager_gefraest
==================================================

2025-06-19 11:36:26,440 - JSPGymEnvironment - INFO - Material change on machine M2: E-Bike_Rahmen_lackiert -> E-Bike_Steuerrohr_ausgerieben, setup time: 20
2025-06-19 11:36:26,440 - JSPGymEnvironment - INFO - Executed operation: Job J17, Op 0, Machine M2, Start: 3591, End: 3613, Setup: 20
2025-06-19 11:36:26,440 - JSPGymEnvironment - INFO - 
===== REWARD DETAILS FOR STEP 63 =====
Job: J17, Operation: 0, Job Completed: False
Current Time: 3571.00 -> 3613.00, Setup Time: 20.00
Processing Time: 22.00, Idle Time: 0.00
Completed Jobs: 4/20
Machine: M2, Material: E-Bike_Steuerrohr_ausgerieben

REWARD COMPONENTS:
- makespan_reward: -0.2100
- setup_reward: -5.0000
- deadline_reward: 0.0000
- priority_reward: 0.0000
- critical_job_reward: 0.0000
- placement_reward: 0.0000
- timeliness_reward: -3.0788
- machine_idle_penalty: -4.1125

TOTAL REWARD: -12.4013

CUMULATIVE REWARD COMPONENTS:
- makespan_reward: -18.0650
- setup_reward: -421.5000
- deadline_reward: 18.9015
- priority_reward: 100.0000
- critical_job_reward: 39.7784
- placement_reward: -45.8333
- timeliness_reward: 380.4786
- machine_idle_penalty: -295.1875

CUMULATIVE TOTAL: -241.4273

CRITICAL STATE INFO:
- Valid actions: ['J1', 'J2', 'J3', 'J4', 'J5', 'J7', 'J8', 'J9', 'J11', 'J12', 'J13', 'J15', 'J16', 'J17', 'J18', 'J19']
- Machine states:
  - Machine M1: Time=3522.00, Idle=91.00, Material=E-Bike_Bremsen_justiert
  - Machine M2: Time=3613.00, Idle=0.00, Material=E-Bike_Steuerrohr_ausgerieben
  - Machine M3: Time=3375.00, Idle=238.00, Material=Citybike_Tretlager_gefraest
==================================================

2025-06-19 11:36:26,449 - JSPGymEnvironment - INFO - Material change on machine M1: E-Bike_Bremsen_justiert -> Mountainbike_Antrieb_installiert, setup time: 47
2025-06-19 11:36:26,449 - JSPGymEnvironment - INFO - Executed operation: Job J11, Op 3, Machine M1, Start: 3660, End: 3698, Setup: 47
2025-06-19 11:36:26,449 - JSPGymEnvironment - INFO - 
===== REWARD DETAILS FOR STEP 64 =====
Job: J11, Operation: 3, Job Completed: False
Current Time: 3613.00 -> 3698.00, Setup Time: 47.00
Processing Time: 38.00, Idle Time: 0.00
Completed Jobs: 4/20
Machine: M1, Material: Mountainbike_Antrieb_installiert

REWARD COMPONENTS:
- makespan_reward: -0.4250
- setup_reward: -11.7500
- deadline_reward: 0.0000
- priority_reward: 0.0000
- critical_job_reward: 0.0000
- placement_reward: 0.0000
- timeliness_reward: -3.4391
- machine_idle_penalty: -5.1000

TOTAL REWARD: -20.7141

CUMULATIVE REWARD COMPONENTS:
- makespan_reward: -18.4900
- setup_reward: -433.2500
- deadline_reward: 18.9015
- priority_reward: 100.0000
- critical_job_reward: 39.7784
- placement_reward: -45.8333
- timeliness_reward: 377.0396
- machine_idle_penalty: -300.2875

CUMULATIVE TOTAL: -262.1414

CRITICAL STATE INFO:
- Valid actions: ['J1', 'J2', 'J3', 'J4', 'J5', 'J7', 'J8', 'J9', 'J11', 'J12', 'J13', 'J15', 'J16', 'J17', 'J18', 'J19']
- Machine states:
  - Machine M1: Time=3698.00, Idle=0.00, Material=Mountainbike_Antrieb_installiert
  - Machine M2: Time=3613.00, Idle=85.00, Material=E-Bike_Steuerrohr_ausgerieben
  - Machine M3: Time=3375.00, Idle=323.00, Material=Citybike_Tretlager_gefraest
==================================================

2025-06-19 11:36:26,484 - JSPGymEnvironment - INFO - Material change on machine M1: Mountainbike_Antrieb_installiert -> Mountainbike_Rahmen_lackiert, setup time: 40
2025-06-19 11:36:26,484 - JSPGymEnvironment - INFO - Executed operation: Job J3, Op 3, Machine M1, Start: 3738, End: 3759, Setup: 40
2025-06-19 11:36:26,485 - JSPGymEnvironment - INFO - 
===== REWARD DETAILS FOR STEP 65 =====
Job: J3, Operation: 3, Job Completed: False
Current Time: 3698.00 -> 3759.00, Setup Time: 40.00
Processing Time: 21.00, Idle Time: 0.00
Completed Jobs: 4/20
Machine: M1, Material: Mountainbike_Rahmen_lackiert

REWARD COMPONENTS:
- makespan_reward: -0.3050
- setup_reward: -10.0000
- deadline_reward: 0.0000
- priority_reward: 0.0000
- critical_job_reward: 0.0000
- placement_reward: 0.0000
- timeliness_reward: -3.6701
- machine_idle_penalty: -6.6250

TOTAL REWARD: -20.6001

CUMULATIVE REWARD COMPONENTS:
- makespan_reward: -18.7950
- setup_reward: -443.2500
- deadline_reward: 18.9015
- priority_reward: 100.0000
- critical_job_reward: 39.7784
- placement_reward: -45.8333
- timeliness_reward: 373.3695
- machine_idle_penalty: -306.9125

CUMULATIVE TOTAL: -282.7415

CRITICAL STATE INFO:
- Valid actions: ['J1', 'J2', 'J3', 'J4', 'J5', 'J7', 'J8', 'J9', 'J11', 'J12', 'J13', 'J15', 'J16', 'J17', 'J18', 'J19']
- Machine states:
  - Machine M1: Time=3759.00, Idle=0.00, Material=Mountainbike_Rahmen_lackiert
  - Machine M2: Time=3613.00, Idle=146.00, Material=E-Bike_Steuerrohr_ausgerieben
  - Machine M3: Time=3375.00, Idle=384.00, Material=Citybike_Tretlager_gefraest
==================================================

2025-06-19 11:36:26,497 - JSPGymEnvironment - INFO - Material change on machine M2: E-Bike_Steuerrohr_ausgerieben -> Citybike_Fahrrad_endmontiert, setup time: 21
2025-06-19 11:36:26,497 - JSPGymEnvironment - INFO - Executed operation: Job J15, Op 0, Machine M2, Start: 3780, End: 3796, Setup: 21
2025-06-19 11:36:26,498 - JSPGymEnvironment - INFO - 
===== REWARD DETAILS FOR STEP 66 =====
Job: J15, Operation: 0, Job Completed: False
Current Time: 3759.00 -> 3796.00, Setup Time: 21.00
Processing Time: 16.00, Idle Time: 0.00
Completed Jobs: 4/20
Machine: M2, Material: Citybike_Fahrrad_endmontiert

REWARD COMPONENTS:
- makespan_reward: -0.1850
- setup_reward: -5.2500
- deadline_reward: 0.0000
- priority_reward: 0.0000
- critical_job_reward: 0.0000
- placement_reward: 0.0000
- timeliness_reward: -3.7996
- machine_idle_penalty: -5.7250

TOTAL REWARD: -14.9596

CUMULATIVE REWARD COMPONENTS:
- makespan_reward: -18.9800
- setup_reward: -448.5000
- deadline_reward: 18.9015
- priority_reward: 100.0000
- critical_job_reward: 39.7784
- placement_reward: -45.8333
- timeliness_reward: 369.5699
- machine_idle_penalty: -312.6375

CUMULATIVE TOTAL: -297.7010

CRITICAL STATE INFO:
- Valid actions: ['J1', 'J2', 'J3', 'J4', 'J5', 'J7', 'J8', 'J9', 'J11', 'J12', 'J13', 'J15', 'J16', 'J17', 'J18', 'J19']
- Machine states:
  - Machine M1: Time=3759.00, Idle=37.00, Material=Mountainbike_Rahmen_lackiert
  - Machine M2: Time=3796.00, Idle=0.00, Material=Citybike_Fahrrad_endmontiert
  - Machine M3: Time=3375.00, Idle=421.00, Material=Citybike_Tretlager_gefraest
==================================================

2025-06-19 11:36:26,511 - JSPGymEnvironment - INFO - Material change on machine M2: Citybike_Fahrrad_endmontiert -> E-Bike_Bremsaufnahme_gebohrt, setup time: 21
2025-06-19 11:36:26,512 - JSPGymEnvironment - INFO - Executed operation: Job J5, Op 4, Machine M2, Start: 3817, End: 3844, Setup: 21
2025-06-19 11:36:26,512 - JSPGymEnvironment - INFO - 
===== REWARD DETAILS FOR STEP 67 =====
Job: J5, Operation: 4, Job Completed: False
Current Time: 3796.00 -> 3844.00, Setup Time: 21.00
Processing Time: 27.00, Idle Time: 0.00
Completed Jobs: 4/20
Machine: M2, Material: E-Bike_Bremsaufnahme_gebohrt

REWARD COMPONENTS:
- makespan_reward: -0.2400
- setup_reward: -5.2500
- deadline_reward: 0.0000
- priority_reward: 0.0000
- critical_job_reward: 0.5000
- placement_reward: -1.6667
- timeliness_reward: -3.9562
- machine_idle_penalty: -6.9250

TOTAL REWARD: -17.5379

CUMULATIVE REWARD COMPONENTS:
- makespan_reward: -19.2200
- setup_reward: -453.7500
- deadline_reward: 18.9015
- priority_reward: 100.0000
- critical_job_reward: 40.2784
- placement_reward: -47.5000
- timeliness_reward: 365.6137
- machine_idle_penalty: -319.5625

CUMULATIVE TOTAL: -315.2389

CRITICAL STATE INFO:
- Valid actions: ['J1', 'J2', 'J3', 'J4', 'J5', 'J7', 'J8', 'J9', 'J11', 'J12', 'J13', 'J15', 'J16', 'J17', 'J18', 'J19']
- Machine states:
  - Machine M1: Time=3759.00, Idle=85.00, Material=Mountainbike_Rahmen_lackiert
  - Machine M2: Time=3844.00, Idle=0.00, Material=E-Bike_Bremsaufnahme_gebohrt
  - Machine M3: Time=3375.00, Idle=469.00, Material=Citybike_Tretlager_gefraest
==================================================

2025-06-19 11:36:26,525 - JSPGymEnvironment - INFO - Material change on machine M3: Citybike_Tretlager_gefraest -> Racebike_Tretlageraufnahme_geschweisst, setup time: 12
2025-06-19 11:36:26,525 - JSPGymEnvironment - INFO - Executed operation: Job J12, Op 4, Machine M3, Start: 3856, End: 3913, Setup: 12
2025-06-19 11:36:26,526 - JSPGymEnvironment - INFO - 
===== REWARD DETAILS FOR STEP 68 =====
Job: J12, Operation: 4, Job Completed: False
Current Time: 3844.00 -> 3913.00, Setup Time: 12.00
Processing Time: 57.00, Idle Time: 0.00
Completed Jobs: 4/20
Machine: M3, Material: Racebike_Tretlageraufnahme_geschweisst

REWARD COMPONENTS:
- makespan_reward: -0.3450
- setup_reward: -3.0000
- deadline_reward: 0.0000
- priority_reward: 0.0000
- critical_job_reward: 0.5000
- placement_reward: -1.6667
- timeliness_reward: -4.1602
- machine_idle_penalty: -2.7875

TOTAL REWARD: -11.4593

CUMULATIVE REWARD COMPONENTS:
- makespan_reward: -19.5650
- setup_reward: -456.7500
- deadline_reward: 18.9015
- priority_reward: 100.0000
- critical_job_reward: 40.7784
- placement_reward: -49.1667
- timeliness_reward: 361.4535
- machine_idle_penalty: -322.3500

CUMULATIVE TOTAL: -326.6983

CRITICAL STATE INFO:
- Valid actions: ['J1', 'J2', 'J3', 'J4', 'J5', 'J7', 'J8', 'J9', 'J11', 'J12', 'J13', 'J15', 'J16', 'J17', 'J18', 'J19']
- Machine states:
  - Machine M1: Time=3759.00, Idle=154.00, Material=Mountainbike_Rahmen_lackiert
  - Machine M2: Time=3844.00, Idle=69.00, Material=E-Bike_Bremsaufnahme_gebohrt
  - Machine M3: Time=3913.00, Idle=0.00, Material=Racebike_Tretlageraufnahme_geschweisst
==================================================

2025-06-19 11:36:26,538 - JSPGymEnvironment - INFO - Material change on machine M3: Racebike_Tretlageraufnahme_geschweisst -> Citybike_Schaltauge_bearbeitet, setup time: 12
2025-06-19 11:36:26,538 - JSPGymEnvironment - INFO - Executed operation: Job J19, Op 0, Machine M3, Start: 3925, End: 3966, Setup: 12
2025-06-19 11:36:26,539 - JSPGymEnvironment - INFO - 
===== REWARD DETAILS FOR STEP 69 =====
Job: J19, Operation: 0, Job Completed: False
Current Time: 3913.00 -> 3966.00, Setup Time: 12.00
Processing Time: 41.00, Idle Time: 0.00
Completed Jobs: 4/20
Machine: M3, Material: Citybike_Schaltauge_bearbeitet

REWARD COMPONENTS:
- makespan_reward: -0.2650
- setup_reward: -3.0000
- deadline_reward: 0.0000
- priority_reward: 0.0000
- critical_job_reward: 0.0000
- placement_reward: 0.0000
- timeliness_reward: -4.3011
- machine_idle_penalty: -4.1125

TOTAL REWARD: -11.6786

CUMULATIVE REWARD COMPONENTS:
- makespan_reward: -19.8300
- setup_reward: -459.7500
- deadline_reward: 18.9015
- priority_reward: 100.0000
- critical_job_reward: 40.7784
- placement_reward: -49.1667
- timeliness_reward: 357.1525
- machine_idle_penalty: -326.4625

CUMULATIVE TOTAL: -338.3768

CRITICAL STATE INFO:
- Valid actions: ['J1', 'J2', 'J3', 'J4', 'J5', 'J7', 'J8', 'J9', 'J11', 'J12', 'J13', 'J15', 'J16', 'J17', 'J18', 'J19']
- Machine states:
  - Machine M1: Time=3759.00, Idle=207.00, Material=Mountainbike_Rahmen_lackiert
  - Machine M2: Time=3844.00, Idle=122.00, Material=E-Bike_Bremsaufnahme_gebohrt
  - Machine M3: Time=3966.00, Idle=0.00, Material=Citybike_Schaltauge_bearbeitet
==================================================

2025-06-19 11:36:26,550 - JSPGymEnvironment - INFO - Material change on machine M1: Mountainbike_Rahmen_lackiert -> Citybike_Antrieb_installiert, setup time: 45
2025-06-19 11:36:26,550 - JSPGymEnvironment - INFO - Executed operation: Job J19, Op 1, Machine M1, Start: 4011, End: 4043, Setup: 45
2025-06-19 11:36:26,550 - JSPGymEnvironment - INFO - 
===== REWARD DETAILS FOR STEP 70 =====
Job: J19, Operation: 1, Job Completed: False
Current Time: 3966.00 -> 4043.00, Setup Time: 45.00
Processing Time: 32.00, Idle Time: 0.00
Completed Jobs: 4/20
Machine: M1, Material: Citybike_Antrieb_installiert

REWARD COMPONENTS:
- makespan_reward: -0.3850
- setup_reward: -11.2500
- deadline_reward: 0.0000
- priority_reward: 0.0000
- critical_job_reward: 0.0000
- placement_reward: 0.0000
- timeliness_reward: -4.4834
- machine_idle_penalty: -3.4500

TOTAL REWARD: -19.5684

CUMULATIVE REWARD COMPONENTS:
- makespan_reward: -20.2150
- setup_reward: -471.0000
- deadline_reward: 18.9015
- priority_reward: 100.0000
- critical_job_reward: 40.7784
- placement_reward: -49.1667
- timeliness_reward: 352.6690
- machine_idle_penalty: -329.9125

CUMULATIVE TOTAL: -357.9453

CRITICAL STATE INFO:
- Valid actions: ['J1', 'J2', 'J3', 'J4', 'J5', 'J7', 'J8', 'J9', 'J11', 'J12', 'J13', 'J15', 'J16', 'J17', 'J18', 'J19']
- Machine states:
  - Machine M1: Time=4043.00, Idle=0.00, Material=Citybike_Antrieb_installiert
  - Machine M2: Time=3844.00, Idle=199.00, Material=E-Bike_Bremsaufnahme_gebohrt
  - Machine M3: Time=3966.00, Idle=77.00, Material=Citybike_Schaltauge_bearbeitet
==================================================

2025-06-19 11:36:26,563 - JSPGymEnvironment - INFO - Material change on machine M2: E-Bike_Bremsaufnahme_gebohrt -> Mountainbike_Bremsen_justiert, setup time: 28
2025-06-19 11:36:26,563 - JSPGymEnvironment - INFO - Executed operation: Job J3, Op 4, Machine M2, Start: 4071, End: 4093, Setup: 28
2025-06-19 11:36:26,563 - JSPGymEnvironment - INFO - 
===== REWARD DETAILS FOR STEP 71 =====
Job: J3, Operation: 4, Job Completed: False
Current Time: 4043.00 -> 4093.00, Setup Time: 28.00
Processing Time: 22.00, Idle Time: 0.00
Completed Jobs: 4/20
Machine: M2, Material: Mountainbike_Bremsen_justiert

REWARD COMPONENTS:
- makespan_reward: -0.2500
- setup_reward: -7.0000
- deadline_reward: 0.0000
- priority_reward: 0.0000
- critical_job_reward: 0.0000
- placement_reward: 0.0000
- timeliness_reward: -4.5888
- machine_idle_penalty: -2.2125

TOTAL REWARD: -14.0513

CUMULATIVE REWARD COMPONENTS:
- makespan_reward: -20.4650
- setup_reward: -478.0000
- deadline_reward: 18.9015
- priority_reward: 100.0000
- critical_job_reward: 40.7784
- placement_reward: -49.1667
- timeliness_reward: 348.0802
- machine_idle_penalty: -332.1250

CUMULATIVE TOTAL: -371.9966

CRITICAL STATE INFO:
- Valid actions: ['J1', 'J2', 'J3', 'J4', 'J5', 'J7', 'J8', 'J9', 'J11', 'J12', 'J13', 'J15', 'J16', 'J17', 'J18', 'J19']
- Machine states:
  - Machine M1: Time=4043.00, Idle=50.00, Material=Citybike_Antrieb_installiert
  - Machine M2: Time=4093.00, Idle=0.00, Material=Mountainbike_Bremsen_justiert
  - Machine M3: Time=3966.00, Idle=127.00, Material=Citybike_Schaltauge_bearbeitet
==================================================

2025-06-19 11:36:26,577 - JSPGymEnvironment - INFO - Material change on machine M1: Citybike_Antrieb_installiert -> Mountainbike_Bremsen_justiert, setup time: 36
2025-06-19 11:36:26,577 - JSPGymEnvironment - INFO - Executed operation: Job J11, Op 4, Machine M1, Start: 4129, End: 4153, Setup: 36
2025-06-19 11:36:26,577 - JSPGymEnvironment - INFO - Job J11 completed at time 4153, deadline: 2880, met: False, priority: 5
2025-06-19 11:36:26,578 - JSPGymEnvironment - INFO - 
===== REWARD DETAILS FOR STEP 72 =====
Job: J11, Operation: 4, Job Completed: True
Current Time: 4093.00 -> 4153.00, Setup Time: 36.00
Processing Time: 24.00, Idle Time: 0.00
Completed Jobs: 5/20
Machine: M1, Material: Mountainbike_Bremsen_justiert
Job Deadline: 2880.00 (Missed), Priority: 5

REWARD COMPONENTS:
- makespan_reward: -0.3000
- setup_reward: -9.0000
- deadline_reward: -1.1050
- priority_reward: 20.0000
- critical_job_reward: 0.0000
- placement_reward: 0.0000
- timeliness_reward: -4.7074
- machine_idle_penalty: -3.0875

TOTAL REWARD: 1.8001

CUMULATIVE REWARD COMPONENTS:
- makespan_reward: -20.7650
- setup_reward: -487.0000
- deadline_reward: 17.7965
- priority_reward: 120.0000
- critical_job_reward: 40.7784
- placement_reward: -49.1667
- timeliness_reward: 343.3728
- machine_idle_penalty: -335.2125

CUMULATIVE TOTAL: -370.1965

CRITICAL STATE INFO:
- Valid actions: ['J1', 'J2', 'J3', 'J4', 'J5', 'J7', 'J8', 'J9', 'J12', 'J13', 'J15', 'J16', 'J17', 'J18', 'J19']
- Machine states:
  - Machine M1: Time=4153.00, Idle=0.00, Material=Mountainbike_Bremsen_justiert
  - Machine M2: Time=4093.00, Idle=60.00, Material=Mountainbike_Bremsen_justiert
  - Machine M3: Time=3966.00, Idle=187.00, Material=Citybike_Schaltauge_bearbeitet
==================================================

2025-06-19 11:36:26,578 - JSPGymEnvironment - INFO - Retro-Bonus für Job J11: -10.0
2025-06-19 11:36:26,589 - JSPGymEnvironment - INFO - Material change on machine M3: Citybike_Schaltauge_bearbeitet -> E-Bike_Laufraeder_montiert, setup time: 25
2025-06-19 11:36:26,589 - JSPGymEnvironment - INFO - Executed operation: Job J5, Op 5, Machine M3, Start: 4178, End: 4234, Setup: 25
2025-06-19 11:36:26,589 - JSPGymEnvironment - INFO - Job J5 completed at time 4234, deadline: 2880, met: False, priority: 9
2025-06-19 11:36:26,590 - JSPGymEnvironment - INFO - 
===== REWARD DETAILS FOR STEP 73 =====
Job: J5, Operation: 5, Job Completed: True
Current Time: 4153.00 -> 4234.00, Setup Time: 25.00
Processing Time: 56.00, Idle Time: 0.00
Completed Jobs: 6/20
Machine: M3, Material: E-Bike_Laufraeder_montiert
Job Deadline: 2880.00 (Missed), Priority: 9

REWARD COMPONENTS:
- makespan_reward: -0.4050
- setup_reward: -6.2500
- deadline_reward: -1.1753
- priority_reward: 36.0000
- critical_job_reward: 6.8583
- placement_reward: -1.6667
- timeliness_reward: -4.8555
- machine_idle_penalty: -2.7750

TOTAL REWARD: 25.7308

CUMULATIVE REWARD COMPONENTS:
- makespan_reward: -21.1700
- setup_reward: -493.2500
- deadline_reward: 16.6211
- priority_reward: 156.0000
- critical_job_reward: 47.6367
- placement_reward: -50.8333
- timeliness_reward: 338.5173
- machine_idle_penalty: -337.9875

CUMULATIVE TOTAL: -344.4657

CRITICAL STATE INFO:
- Valid actions: ['J1', 'J2', 'J3', 'J4', 'J7', 'J8', 'J9', 'J12', 'J13', 'J15', 'J16', 'J17', 'J18', 'J19']
- Machine states:
  - Machine M1: Time=4153.00, Idle=81.00, Material=Mountainbike_Bremsen_justiert
  - Machine M2: Time=4093.00, Idle=141.00, Material=Mountainbike_Bremsen_justiert
  - Machine M3: Time=4234.00, Idle=0.00, Material=E-Bike_Laufraeder_montiert
==================================================

2025-06-19 11:36:26,590 - JSPGymEnvironment - INFO - Retro-Bonus für Job J5: -5.0
2025-06-19 11:36:26,603 - JSPGymEnvironment - INFO - Material change on machine M3: E-Bike_Laufraeder_montiert -> Citybike_Bremsen_justiert, setup time: 15
2025-06-19 11:36:26,603 - JSPGymEnvironment - INFO - Executed operation: Job J15, Op 1, Machine M3, Start: 4249, End: 4272, Setup: 15
2025-06-19 11:36:26,603 - JSPGymEnvironment - INFO - 
===== REWARD DETAILS FOR STEP 74 =====
Job: J15, Operation: 1, Job Completed: False
Current Time: 4234.00 -> 4272.00, Setup Time: 15.00
Processing Time: 23.00, Idle Time: 0.00
Completed Jobs: 6/20
Machine: M3, Material: Citybike_Bremsen_justiert

REWARD COMPONENTS:
- makespan_reward: -0.1900
- setup_reward: -3.7500
- deadline_reward: 0.0000
- priority_reward: 0.0000
- critical_job_reward: 0.0000
- placement_reward: 0.0000
- timeliness_reward: -4.9109
- machine_idle_penalty: -3.7250

TOTAL REWARD: -12.5759

CUMULATIVE REWARD COMPONENTS:
- makespan_reward: -21.3600
- setup_reward: -497.0000
- deadline_reward: 16.6211
- priority_reward: 156.0000
- critical_job_reward: 47.6367
- placement_reward: -50.8333
- timeliness_reward: 333.6064
- machine_idle_penalty: -341.7125

CUMULATIVE TOTAL: -357.0416

CRITICAL STATE INFO:
- Valid actions: ['J1', 'J2', 'J3', 'J4', 'J7', 'J8', 'J9', 'J12', 'J13', 'J15', 'J16', 'J17', 'J18', 'J19']
- Machine states:
  - Machine M1: Time=4153.00, Idle=119.00, Material=Mountainbike_Bremsen_justiert
  - Machine M2: Time=4093.00, Idle=179.00, Material=Mountainbike_Bremsen_justiert
  - Machine M3: Time=4272.00, Idle=0.00, Material=Citybike_Bremsen_justiert
==================================================

2025-06-19 11:36:26,622 - JSPGymEnvironment - INFO - Material change on machine M2: Mountainbike_Bremsen_justiert -> E-Bike_Steuerrohr_montiert, setup time: 29
2025-06-19 11:36:26,622 - JSPGymEnvironment - INFO - Executed operation: Job J1, Op 5, Machine M2, Start: 4301, End: 4316, Setup: 29
2025-06-19 11:36:26,622 - JSPGymEnvironment - INFO - 
===== REWARD DETAILS FOR STEP 75 =====
Job: J1, Operation: 5, Job Completed: False
Current Time: 4272.00 -> 4316.00, Setup Time: 29.00
Processing Time: 15.00, Idle Time: 0.00
Completed Jobs: 6/20
Machine: M2, Material: E-Bike_Steuerrohr_montiert

REWARD COMPONENTS:
- makespan_reward: -0.2200
- setup_reward: -7.2500
- deadline_reward: 0.0000
- priority_reward: 0.0000
- critical_job_reward: 0.0000
- placement_reward: 0.0000
- timeliness_reward: -4.9701
- machine_idle_penalty: -2.5875

TOTAL REWARD: -15.0276

CUMULATIVE REWARD COMPONENTS:
- makespan_reward: -21.5800
- setup_reward: -504.2500
- deadline_reward: 16.6211
- priority_reward: 156.0000
- critical_job_reward: 47.6367
- placement_reward: -50.8333
- timeliness_reward: 328.6363
- machine_idle_penalty: -344.3000

CUMULATIVE TOTAL: -372.0692

CRITICAL STATE INFO:
- Valid actions: ['J1', 'J2', 'J3', 'J4', 'J7', 'J8', 'J9', 'J12', 'J13', 'J15', 'J16', 'J17', 'J18', 'J19']
- Machine states:
  - Machine M1: Time=4153.00, Idle=163.00, Material=Mountainbike_Bremsen_justiert
  - Machine M2: Time=4316.00, Idle=0.00, Material=E-Bike_Steuerrohr_montiert
  - Machine M3: Time=4272.00, Idle=44.00, Material=Citybike_Bremsen_justiert
==================================================

2025-06-19 11:36:26,636 - JSPGymEnvironment - INFO - Material change on machine M3: Citybike_Bremsen_justiert -> Mountainbike_Bremsaufnahme_gebohrt, setup time: 12
2025-06-19 11:36:26,636 - JSPGymEnvironment - INFO - Executed operation: Job J3, Op 5, Machine M3, Start: 4328, End: 4386, Setup: 12
2025-06-19 11:36:26,636 - JSPGymEnvironment - INFO - Job J3 completed at time 4386, deadline: 2808, met: False, priority: 7
2025-06-19 11:36:26,636 - JSPGymEnvironment - INFO - 
===== REWARD DETAILS FOR STEP 76 =====
Job: J3, Operation: 5, Job Completed: True
Current Time: 4316.00 -> 4386.00, Setup Time: 12.00
Processing Time: 58.00, Idle Time: 0.00
Completed Jobs: 7/20
Machine: M3, Material: Mountainbike_Bremsaufnahme_gebohrt
Job Deadline: 2808.00 (Missed), Priority: 7

REWARD COMPONENTS:
- makespan_reward: -0.3500
- setup_reward: -3.0000
- deadline_reward: -1.4049
- priority_reward: 28.0000
- critical_job_reward: 0.0000
- placement_reward: 0.0000
- timeliness_reward: -5.0534
- machine_idle_penalty: -3.7875

TOTAL REWARD: 14.4042

CUMULATIVE REWARD COMPONENTS:
- makespan_reward: -21.9300
- setup_reward: -507.2500
- deadline_reward: 15.2162
- priority_reward: 184.0000
- critical_job_reward: 47.6367
- placement_reward: -50.8333
- timeliness_reward: 323.5829
- machine_idle_penalty: -348.0875

CUMULATIVE TOTAL: -357.6650

CRITICAL STATE INFO:
- Valid actions: ['J1', 'J2', 'J4', 'J7', 'J8', 'J9', 'J12', 'J13', 'J15', 'J16', 'J17', 'J18', 'J19']
- Machine states:
  - Machine M1: Time=4153.00, Idle=233.00, Material=Mountainbike_Bremsen_justiert
  - Machine M2: Time=4316.00, Idle=70.00, Material=E-Bike_Steuerrohr_montiert
  - Machine M3: Time=4386.00, Idle=0.00, Material=Mountainbike_Bremsaufnahme_gebohrt
==================================================

2025-06-19 11:36:26,636 - JSPGymEnvironment - INFO - Retro-Bonus für Job J3: -10.0
2025-06-19 11:36:26,648 - JSPGymEnvironment - INFO - Material change on machine M3: Mountainbike_Bremsaufnahme_gebohrt -> E-Bike_Fahrrad_endmontiert, setup time: 22
2025-06-19 11:36:26,648 - JSPGymEnvironment - INFO - Executed operation: Job J16, Op 3, Machine M3, Start: 4408, End: 4449, Setup: 22
2025-06-19 11:36:26,648 - JSPGymEnvironment - INFO - 
===== REWARD DETAILS FOR STEP 77 =====
Job: J16, Operation: 3, Job Completed: False
Current Time: 4386.00 -> 4449.00, Setup Time: 22.00
Processing Time: 41.00, Idle Time: 0.00
Completed Jobs: 7/20
Machine: M3, Material: E-Bike_Fahrrad_endmontiert

REWARD COMPONENTS:
- makespan_reward: -0.3150
- setup_reward: -5.5000
- deadline_reward: 0.0000
- priority_reward: 0.0000
- critical_job_reward: 0.5000
- placement_reward: -0.8333
- timeliness_reward: -5.1200
- machine_idle_penalty: -5.3625

TOTAL REWARD: -16.6308

CUMULATIVE REWARD COMPONENTS:
- makespan_reward: -22.2450
- setup_reward: -512.7500
- deadline_reward: 15.2162
- priority_reward: 184.0000
- critical_job_reward: 48.1367
- placement_reward: -51.6667
- timeliness_reward: 318.4629
- machine_idle_penalty: -353.4500

CUMULATIVE TOTAL: -374.2959

CRITICAL STATE INFO:
- Valid actions: ['J1', 'J2', 'J4', 'J7', 'J8', 'J9', 'J12', 'J13', 'J15', 'J16', 'J17', 'J18', 'J19']
- Machine states:
  - Machine M1: Time=4153.00, Idle=296.00, Material=Mountainbike_Bremsen_justiert
  - Machine M2: Time=4316.00, Idle=133.00, Material=E-Bike_Steuerrohr_montiert
  - Machine M3: Time=4449.00, Idle=0.00, Material=E-Bike_Fahrrad_endmontiert
==================================================

2025-06-19 11:36:26,661 - JSPGymEnvironment - INFO - Material change on machine M2: E-Bike_Steuerrohr_montiert -> Racebike_Hauptrahmen_zugeschnitten, setup time: 29
2025-06-19 11:36:26,661 - JSPGymEnvironment - INFO - Executed operation: Job J12, Op 5, Machine M2, Start: 4478, End: 4503, Setup: 29
2025-06-19 11:36:26,661 - JSPGymEnvironment - INFO - Job J12 completed at time 4503, deadline: 2775, met: False, priority: 9
2025-06-19 11:36:26,661 - JSPGymEnvironment - INFO - 
===== REWARD DETAILS FOR STEP 78 =====
Job: J12, Operation: 5, Job Completed: True
Current Time: 4449.00 -> 4503.00, Setup Time: 29.00
Processing Time: 25.00, Idle Time: 0.00
Completed Jobs: 8/20
Machine: M2, Material: Racebike_Hauptrahmen_zugeschnitten
Job Deadline: 2775.00 (Missed), Priority: 9

REWARD COMPONENTS:
- makespan_reward: -0.2700
- setup_reward: -7.2500
- deadline_reward: -1.5568
- priority_reward: 36.0000
- critical_job_reward: 5.0276
- placement_reward: -1.6667
- timeliness_reward: -5.1633
- machine_idle_penalty: -5.0500

TOTAL REWARD: 20.0708

CUMULATIVE REWARD COMPONENTS:
- makespan_reward: -22.5150
- setup_reward: -520.0000
- deadline_reward: 13.6595
- priority_reward: 220.0000
- critical_job_reward: 53.1643
- placement_reward: -53.3333
- timeliness_reward: 313.2996
- machine_idle_penalty: -358.5000

CUMULATIVE TOTAL: -354.2251

CRITICAL STATE INFO:
- Valid actions: ['J1', 'J2', 'J4', 'J7', 'J8', 'J9', 'J13', 'J15', 'J16', 'J17', 'J18', 'J19']
- Machine states:
  - Machine M1: Time=4153.00, Idle=350.00, Material=Mountainbike_Bremsen_justiert
  - Machine M2: Time=4503.00, Idle=0.00, Material=Racebike_Hauptrahmen_zugeschnitten
  - Machine M3: Time=4449.00, Idle=54.00, Material=E-Bike_Fahrrad_endmontiert
==================================================

2025-06-19 11:36:26,661 - JSPGymEnvironment - INFO - Retro-Bonus für Job J12: -5.0
2025-06-19 11:36:26,673 - JSPGymEnvironment - INFO - Material change on machine M1: Mountainbike_Bremsen_justiert -> E-Bike_Hauptrahmen_zugeschnitten, setup time: 47
2025-06-19 11:36:26,673 - JSPGymEnvironment - INFO - Executed operation: Job J1, Op 6, Machine M1, Start: 4550, End: 4583, Setup: 47
2025-06-19 11:36:26,674 - JSPGymEnvironment - INFO - 
===== REWARD DETAILS FOR STEP 79 =====
Job: J1, Operation: 6, Job Completed: False
Current Time: 4503.00 -> 4583.00, Setup Time: 47.00
Processing Time: 33.00, Idle Time: 0.00
Completed Jobs: 8/20
Machine: M1, Material: E-Bike_Hauptrahmen_zugeschnitten

REWARD COMPONENTS:
- makespan_reward: -0.4000
- setup_reward: -11.7500
- deadline_reward: 0.0000
- priority_reward: 0.0000
- critical_job_reward: 0.0000
- placement_reward: 0.0000
- timeliness_reward: -5.2300
- machine_idle_penalty: -2.6750

TOTAL REWARD: -20.0550

CUMULATIVE REWARD COMPONENTS:
- makespan_reward: -22.9150
- setup_reward: -531.7500
- deadline_reward: 13.6595
- priority_reward: 220.0000
- critical_job_reward: 53.1643
- placement_reward: -53.3333
- timeliness_reward: 308.0695
- machine_idle_penalty: -361.1750

CUMULATIVE TOTAL: -374.2801

CRITICAL STATE INFO:
- Valid actions: ['J1', 'J2', 'J4', 'J7', 'J8', 'J9', 'J13', 'J15', 'J16', 'J17', 'J18', 'J19']
- Machine states:
  - Machine M1: Time=4583.00, Idle=0.00, Material=E-Bike_Hauptrahmen_zugeschnitten
  - Machine M2: Time=4503.00, Idle=80.00, Material=Racebike_Hauptrahmen_zugeschnitten
  - Machine M3: Time=4449.00, Idle=134.00, Material=E-Bike_Fahrrad_endmontiert
==================================================

2025-06-19 11:36:26,686 - JSPGymEnvironment - INFO - Material change on machine M1: E-Bike_Hauptrahmen_zugeschnitten -> Racebike_Antrieb_installiert, setup time: 56
2025-06-19 11:36:26,686 - JSPGymEnvironment - INFO - Executed operation: Job J9, Op 2, Machine M1, Start: 4639, End: 4666, Setup: 56
2025-06-19 11:36:26,686 - JSPGymEnvironment - INFO - 
===== REWARD DETAILS FOR STEP 80 =====
Job: J9, Operation: 2, Job Completed: False
Current Time: 4583.00 -> 4666.00, Setup Time: 56.00
Processing Time: 27.00, Idle Time: 0.00
Completed Jobs: 8/20
Machine: M1, Material: Racebike_Antrieb_installiert

REWARD COMPONENTS:
- makespan_reward: -0.4150
- setup_reward: -14.0000
- deadline_reward: 0.0000
- priority_reward: 0.0000
- critical_job_reward: 0.5000
- placement_reward: -1.6667
- timeliness_reward: -5.2887
- machine_idle_penalty: -4.7500

TOTAL REWARD: -25.6204

CUMULATIVE REWARD COMPONENTS:
- makespan_reward: -23.3300
- setup_reward: -545.7500
- deadline_reward: 13.6595
- priority_reward: 220.0000
- critical_job_reward: 53.6643
- placement_reward: -55.0000
- timeliness_reward: 302.7808
- machine_idle_penalty: -365.9250

CUMULATIVE TOTAL: -399.9005

CRITICAL STATE INFO:
- Valid actions: ['J1', 'J2', 'J4', 'J7', 'J8', 'J9', 'J13', 'J15', 'J16', 'J17', 'J18', 'J19']
- Machine states:
  - Machine M1: Time=4666.00, Idle=0.00, Material=Racebike_Antrieb_installiert
  - Machine M2: Time=4503.00, Idle=163.00, Material=Racebike_Hauptrahmen_zugeschnitten
  - Machine M3: Time=4449.00, Idle=217.00, Material=E-Bike_Fahrrad_endmontiert
==================================================

2025-06-19 11:36:26,698 - JSPGymEnvironment - INFO - Material change on machine M2: Racebike_Hauptrahmen_zugeschnitten -> E-Bike_Rahmen_lackiert, setup time: 24
2025-06-19 11:36:26,698 - JSPGymEnvironment - INFO - Executed operation: Job J8, Op 7, Machine M2, Start: 4690, End: 4714, Setup: 24
2025-06-19 11:36:26,698 - JSPGymEnvironment - INFO - Job J8 completed at time 4714, deadline: 2750, met: False, priority: 8
2025-06-19 11:36:26,698 - JSPGymEnvironment - INFO - 
===== REWARD DETAILS FOR STEP 81 =====
Job: J8, Operation: 7, Job Completed: True
Current Time: 4666.00 -> 4714.00, Setup Time: 24.00
Processing Time: 24.00, Idle Time: 0.00
Completed Jobs: 9/20
Machine: M2, Material: E-Bike_Rahmen_lackiert
Job Deadline: 2750.00 (Missed), Priority: 8

REWARD COMPONENTS:
- makespan_reward: -0.2400
- setup_reward: -6.0000
- deadline_reward: -1.7855
- priority_reward: 32.0000
- critical_job_reward: 3.9298
- placement_reward: -0.8333
- timeliness_reward: -5.3106
- machine_idle_penalty: -3.9125

TOTAL REWARD: 17.8479

CUMULATIVE REWARD COMPONENTS:
- makespan_reward: -23.5700
- setup_reward: -551.7500
- deadline_reward: 11.8740
- priority_reward: 252.0000
- critical_job_reward: 57.5941
- placement_reward: -55.8333
- timeliness_reward: 297.4702
- machine_idle_penalty: -369.8375

CUMULATIVE TOTAL: -382.0526

CRITICAL STATE INFO:
- Valid actions: ['J1', 'J2', 'J4', 'J7', 'J9', 'J13', 'J15', 'J16', 'J17', 'J18', 'J19']
- Machine states:
  - Machine M1: Time=4666.00, Idle=48.00, Material=Racebike_Antrieb_installiert
  - Machine M2: Time=4714.00, Idle=0.00, Material=E-Bike_Rahmen_lackiert
  - Machine M3: Time=4449.00, Idle=265.00, Material=E-Bike_Fahrrad_endmontiert
==================================================

2025-06-19 11:36:26,698 - JSPGymEnvironment - INFO - Retro-Bonus für Job J8: -5.0
2025-06-19 11:36:26,709 - JSPGymEnvironment - INFO - Material change on machine M1: Racebike_Antrieb_installiert -> Citybike_Laufraeder_montiert, setup time: 41
2025-06-19 11:36:26,709 - JSPGymEnvironment - INFO - Executed operation: Job J18, Op 1, Machine M1, Start: 4755, End: 4783, Setup: 41
2025-06-19 11:36:26,710 - JSPGymEnvironment - INFO - 
===== REWARD DETAILS FOR STEP 82 =====
Job: J18, Operation: 1, Job Completed: False
Current Time: 4714.00 -> 4783.00, Setup Time: 41.00
Processing Time: 28.00, Idle Time: 0.00
Completed Jobs: 9/20
Machine: M1, Material: Citybike_Laufraeder_montiert

REWARD COMPONENTS:
- makespan_reward: -0.3450
- setup_reward: -10.2500
- deadline_reward: 0.0000
- priority_reward: 0.0000
- critical_job_reward: 0.0000
- placement_reward: 0.0000
- timeliness_reward: -5.3494
- machine_idle_penalty: -5.0375

TOTAL REWARD: -20.9819

CUMULATIVE REWARD COMPONENTS:
- makespan_reward: -23.9150
- setup_reward: -562.0000
- deadline_reward: 11.8740
- priority_reward: 252.0000
- critical_job_reward: 57.5941
- placement_reward: -55.8333
- timeliness_reward: 292.1208
- machine_idle_penalty: -374.8750

CUMULATIVE TOTAL: -403.0344

CRITICAL STATE INFO:
- Valid actions: ['J1', 'J2', 'J4', 'J7', 'J9', 'J13', 'J15', 'J16', 'J17', 'J18', 'J19']
- Machine states:
  - Machine M1: Time=4783.00, Idle=0.00, Material=Citybike_Laufraeder_montiert
  - Machine M2: Time=4714.00, Idle=69.00, Material=E-Bike_Rahmen_lackiert
  - Machine M3: Time=4449.00, Idle=334.00, Material=E-Bike_Fahrrad_endmontiert
==================================================

2025-06-19 11:36:26,722 - JSPGymEnvironment - INFO - Material change on machine M1: Citybike_Laufraeder_montiert -> E-Bike_Steuerrohr_ausgerieben, setup time: 50
2025-06-19 11:36:26,723 - JSPGymEnvironment - INFO - Executed operation: Job J1, Op 7, Machine M1, Start: 4833, End: 4865, Setup: 50
2025-06-19 11:36:26,723 - JSPGymEnvironment - INFO - Job J1 completed at time 4865, deadline: 2880, met: False, priority: 7
2025-06-19 11:36:26,723 - JSPGymEnvironment - INFO - 
===== REWARD DETAILS FOR STEP 83 =====
Job: J1, Operation: 7, Job Completed: True
Current Time: 4783.00 -> 4865.00, Setup Time: 50.00
Processing Time: 32.00, Idle Time: 0.00
Completed Jobs: 10/20
Machine: M1, Material: E-Bike_Steuerrohr_ausgerieben
Job Deadline: 2880.00 (Missed), Priority: 7

REWARD COMPONENTS:
- makespan_reward: -0.4100
- setup_reward: -12.5000
- deadline_reward: -1.7231
- priority_reward: 28.0000
- critical_job_reward: 0.0000
- placement_reward: 0.0000
- timeliness_reward: -5.3923
- machine_idle_penalty: -7.0875

TOTAL REWARD: 0.8871

CUMULATIVE REWARD COMPONENTS:
- makespan_reward: -24.3250
- setup_reward: -574.5000
- deadline_reward: 10.1509
- priority_reward: 280.0000
- critical_job_reward: 57.5941
- placement_reward: -55.8333
- timeliness_reward: 286.7285
- machine_idle_penalty: -381.9625

CUMULATIVE TOTAL: -402.1473

CRITICAL STATE INFO:
- Valid actions: ['J2', 'J4', 'J7', 'J9', 'J13', 'J15', 'J16', 'J17', 'J18', 'J19']
- Machine states:
  - Machine M1: Time=4865.00, Idle=0.00, Material=E-Bike_Steuerrohr_ausgerieben
  - Machine M2: Time=4714.00, Idle=151.00, Material=E-Bike_Rahmen_lackiert
  - Machine M3: Time=4449.00, Idle=416.00, Material=E-Bike_Fahrrad_endmontiert
==================================================

2025-06-19 11:36:26,723 - JSPGymEnvironment - INFO - Retro-Bonus für Job J1: -10.0
2025-06-19 11:36:26,732 - JSPGymEnvironment - INFO - Material change on machine M1: E-Bike_Steuerrohr_ausgerieben -> Citybike_Antrieb_installiert, setup time: 55
2025-06-19 11:36:26,732 - JSPGymEnvironment - INFO - Executed operation: Job J15, Op 2, Machine M1, Start: 4920, End: 4952, Setup: 55
2025-06-19 11:36:26,732 - JSPGymEnvironment - INFO - 
===== REWARD DETAILS FOR STEP 84 =====
Job: J15, Operation: 2, Job Completed: False
Current Time: 4865.00 -> 4952.00, Setup Time: 55.00
Processing Time: 32.00, Idle Time: 0.00
Completed Jobs: 10/20
Machine: M1, Material: Citybike_Antrieb_installiert

REWARD COMPONENTS:
- makespan_reward: -0.4350
- setup_reward: -13.7500
- deadline_reward: 0.0000
- priority_reward: 0.0000
- critical_job_reward: 0.0000
- placement_reward: 0.0000
- timeliness_reward: -5.4269
- machine_idle_penalty: -9.2625

TOTAL REWARD: -28.8744

CUMULATIVE REWARD COMPONENTS:
- makespan_reward: -24.7600
- setup_reward: -588.2500
- deadline_reward: 10.1509
- priority_reward: 280.0000
- critical_job_reward: 57.5941
- placement_reward: -55.8333
- timeliness_reward: 281.3016
- machine_idle_penalty: -391.2250

CUMULATIVE TOTAL: -431.0217

CRITICAL STATE INFO:
- Valid actions: ['J2', 'J4', 'J7', 'J9', 'J13', 'J15', 'J16', 'J17', 'J18', 'J19']
- Machine states:
  - Machine M1: Time=4952.00, Idle=0.00, Material=Citybike_Antrieb_installiert
  - Machine M2: Time=4714.00, Idle=238.00, Material=E-Bike_Rahmen_lackiert
  - Machine M3: Time=4449.00, Idle=503.00, Material=E-Bike_Fahrrad_endmontiert
==================================================

2025-06-19 11:36:26,743 - JSPGymEnvironment - INFO - Material change on machine M3: E-Bike_Fahrrad_endmontiert -> Racebike_Steuerrohr_montiert, setup time: 22
2025-06-19 11:36:26,743 - JSPGymEnvironment - INFO - Executed operation: Job J9, Op 3, Machine M3, Start: 4974, End: 4999, Setup: 22
2025-06-19 11:36:26,743 - JSPGymEnvironment - INFO - 
===== REWARD DETAILS FOR STEP 85 =====
Job: J9, Operation: 3, Job Completed: False
Current Time: 4952.00 -> 4999.00, Setup Time: 22.00
Processing Time: 25.00, Idle Time: 0.00
Completed Jobs: 10/20
Machine: M3, Material: Racebike_Steuerrohr_montiert

REWARD COMPONENTS:
- makespan_reward: -0.2350
- setup_reward: -5.5000
- deadline_reward: 0.0000
- priority_reward: 0.0000
- critical_job_reward: 0.5000
- placement_reward: -1.6667
- timeliness_reward: -5.4432
- machine_idle_penalty: -4.1500

TOTAL REWARD: -16.4949

CUMULATIVE REWARD COMPONENTS:
- makespan_reward: -24.9950
- setup_reward: -593.7500
- deadline_reward: 10.1509
- priority_reward: 280.0000
- critical_job_reward: 58.0941
- placement_reward: -57.5000
- timeliness_reward: 275.8584
- machine_idle_penalty: -395.3750

CUMULATIVE TOTAL: -447.5166

CRITICAL STATE INFO:
- Valid actions: ['J2', 'J4', 'J7', 'J9', 'J13', 'J15', 'J16', 'J17', 'J18', 'J19']
- Machine states:
  - Machine M1: Time=4952.00, Idle=47.00, Material=Citybike_Antrieb_installiert
  - Machine M2: Time=4714.00, Idle=285.00, Material=E-Bike_Rahmen_lackiert
  - Machine M3: Time=4999.00, Idle=0.00, Material=Racebike_Steuerrohr_montiert
==================================================

2025-06-19 11:36:26,755 - JSPGymEnvironment - INFO - Material change on machine M1: Citybike_Antrieb_installiert -> E-Bike_Rahmen_nachbearbeitet, setup time: 50
2025-06-19 11:36:26,755 - JSPGymEnvironment - INFO - Executed operation: Job J4, Op 0, Machine M1, Start: 5049, End: 5086, Setup: 50
2025-06-19 11:36:26,755 - JSPGymEnvironment - INFO - 
===== REWARD DETAILS FOR STEP 86 =====
Job: J4, Operation: 0, Job Completed: False
Current Time: 4999.00 -> 5086.00, Setup Time: 50.00
Processing Time: 37.00, Idle Time: 0.00
Completed Jobs: 10/20
Machine: M1, Material: E-Bike_Rahmen_nachbearbeitet

REWARD COMPONENTS:
- makespan_reward: -0.4350
- setup_reward: -12.5000
- deadline_reward: 0.0000
- priority_reward: 0.0000
- critical_job_reward: 0.5000
- placement_reward: -1.6667
- timeliness_reward: -5.4694
- machine_idle_penalty: -5.7375

TOTAL REWARD: -25.3086

CUMULATIVE REWARD COMPONENTS:
- makespan_reward: -25.4300
- setup_reward: -606.2500
- deadline_reward: 10.1509
- priority_reward: 280.0000
- critical_job_reward: 58.5941
- placement_reward: -59.1667
- timeliness_reward: 270.3890
- machine_idle_penalty: -401.1125

CUMULATIVE TOTAL: -472.8252

CRITICAL STATE INFO:
- Valid actions: ['J2', 'J4', 'J7', 'J9', 'J13', 'J15', 'J16', 'J17', 'J18', 'J19']
- Machine states:
  - Machine M1: Time=5086.00, Idle=0.00, Material=E-Bike_Rahmen_nachbearbeitet
  - Machine M2: Time=4714.00, Idle=372.00, Material=E-Bike_Rahmen_lackiert
  - Machine M3: Time=4999.00, Idle=87.00, Material=Racebike_Steuerrohr_montiert
==================================================

2025-06-19 11:36:26,766 - JSPGymEnvironment - INFO - Material change on machine M1: E-Bike_Rahmen_nachbearbeitet -> E-Bike_Tretlageraufnahme_geschweisst, setup time: 40
2025-06-19 11:36:26,766 - JSPGymEnvironment - INFO - Executed operation: Job J16, Op 4, Machine M1, Start: 5126, End: 5157, Setup: 40
2025-06-19 11:36:26,766 - JSPGymEnvironment - INFO - Job J16 completed at time 5157, deadline: 2578, met: False, priority: 8
2025-06-19 11:36:26,766 - JSPGymEnvironment - INFO - 
===== REWARD DETAILS FOR STEP 87 =====
Job: J16, Operation: 4, Job Completed: True
Current Time: 5086.00 -> 5157.00, Setup Time: 40.00
Processing Time: 31.00, Idle Time: 0.00
Completed Jobs: 11/20
Machine: M1, Material: E-Bike_Tretlageraufnahme_geschweisst
Job Deadline: 2578.00 (Missed), Priority: 8

REWARD COMPONENTS:
- makespan_reward: -0.3550
- setup_reward: -10.0000
- deadline_reward: -2.5010
- priority_reward: 32.0000
- critical_job_reward: 0.5000
- placement_reward: -0.8333
- timeliness_reward: -5.4725
- machine_idle_penalty: -7.5125

TOTAL REWARD: 5.8257

CUMULATIVE REWARD COMPONENTS:
- makespan_reward: -25.7850
- setup_reward: -616.2500
- deadline_reward: 7.6500
- priority_reward: 312.0000
- critical_job_reward: 59.0941
- placement_reward: -60.0000
- timeliness_reward: 264.9165
- machine_idle_penalty: -408.6250

CUMULATIVE TOTAL: -466.9994

CRITICAL STATE INFO:
- Valid actions: ['J2', 'J4', 'J7', 'J9', 'J13', 'J15', 'J17', 'J18', 'J19']
- Machine states:
  - Machine M1: Time=5157.00, Idle=0.00, Material=E-Bike_Tretlageraufnahme_geschweisst
  - Machine M2: Time=4714.00, Idle=443.00, Material=E-Bike_Rahmen_lackiert
  - Machine M3: Time=4999.00, Idle=158.00, Material=Racebike_Steuerrohr_montiert
==================================================

2025-06-19 11:36:26,766 - JSPGymEnvironment - INFO - Retro-Bonus für Job J16: -5.0
2025-06-19 11:36:26,856 - JSPGymEnvironment - INFO - Material change on machine M3: Racebike_Steuerrohr_montiert -> E-Bike_Fahrrad_endmontiert, setup time: 21
2025-06-19 11:36:26,857 - JSPGymEnvironment - INFO - Executed operation: Job J7, Op 3, Machine M3, Start: 5178, End: 5231, Setup: 21
2025-06-19 11:36:26,857 - JSPGymEnvironment - INFO - 
===== REWARD DETAILS FOR STEP 88 =====
Job: J7, Operation: 3, Job Completed: False
Current Time: 5157.00 -> 5231.00, Setup Time: 21.00
Processing Time: 53.00, Idle Time: 0.00
Completed Jobs: 11/20
Machine: M3, Material: E-Bike_Fahrrad_endmontiert

REWARD COMPONENTS:
- makespan_reward: -0.3700
- setup_reward: -5.2500
- deadline_reward: 0.0000
- priority_reward: 0.0000
- critical_job_reward: 0.0000
- placement_reward: 0.0000
- timeliness_reward: -5.4907
- machine_idle_penalty: -7.3875

TOTAL REWARD: -18.4982

CUMULATIVE REWARD COMPONENTS:
- makespan_reward: -26.1550
- setup_reward: -621.5000
- deadline_reward: 7.6500
- priority_reward: 312.0000
- critical_job_reward: 59.0941
- placement_reward: -60.0000
- timeliness_reward: 259.4259
- machine_idle_penalty: -416.0125

CUMULATIVE TOTAL: -485.4976

CRITICAL STATE INFO:
- Valid actions: ['J2', 'J4', 'J7', 'J9', 'J13', 'J15', 'J17', 'J18', 'J19']
- Machine states:
  - Machine M1: Time=5157.00, Idle=74.00, Material=E-Bike_Tretlageraufnahme_geschweisst
  - Machine M2: Time=4714.00, Idle=517.00, Material=E-Bike_Rahmen_lackiert
  - Machine M3: Time=5231.00, Idle=0.00, Material=E-Bike_Fahrrad_endmontiert
==================================================

2025-06-19 11:36:26,868 - JSPGymEnvironment - INFO - Material change on machine M2: E-Bike_Rahmen_lackiert -> Citybike_Tretlager_gefraest, setup time: 21
2025-06-19 11:36:26,868 - JSPGymEnvironment - INFO - Executed operation: Job J15, Op 3, Machine M2, Start: 5252, End: 5262, Setup: 21
2025-06-19 11:36:26,868 - JSPGymEnvironment - INFO - 
===== REWARD DETAILS FOR STEP 89 =====
Job: J15, Operation: 3, Job Completed: False
Current Time: 5231.00 -> 5262.00, Setup Time: 21.00
Processing Time: 10.00, Idle Time: 0.00
Completed Jobs: 11/20
Machine: M2, Material: Citybike_Tretlager_gefraest

REWARD COMPONENTS:
- makespan_reward: -0.1550
- setup_reward: -5.2500
- deadline_reward: 0.0000
- priority_reward: 0.0000
- critical_job_reward: 0.0000
- placement_reward: 0.0000
- timeliness_reward: -5.4975
- machine_idle_penalty: -1.7000

TOTAL REWARD: -12.6025

CUMULATIVE REWARD COMPONENTS:
- makespan_reward: -26.3100
- setup_reward: -626.7500
- deadline_reward: 7.6500
- priority_reward: 312.0000
- critical_job_reward: 59.0941
- placement_reward: -60.0000
- timeliness_reward: 253.9284
- machine_idle_penalty: -417.7125

CUMULATIVE TOTAL: -498.1001

CRITICAL STATE INFO:
- Valid actions: ['J2', 'J4', 'J7', 'J9', 'J13', 'J15', 'J17', 'J18', 'J19']
- Machine states:
  - Machine M1: Time=5157.00, Idle=105.00, Material=E-Bike_Tretlageraufnahme_geschweisst
  - Machine M2: Time=5262.00, Idle=0.00, Material=Citybike_Tretlager_gefraest
  - Machine M3: Time=5231.00, Idle=31.00, Material=E-Bike_Fahrrad_endmontiert
==================================================

2025-06-19 11:36:26,881 - JSPGymEnvironment - INFO - Material change on machine M1: E-Bike_Tretlageraufnahme_geschweisst -> Citybike_Laufraeder_montiert, setup time: 55
2025-06-19 11:36:26,881 - JSPGymEnvironment - INFO - Executed operation: Job J15, Op 4, Machine M1, Start: 5317, End: 5339, Setup: 55
2025-06-19 11:36:26,881 - JSPGymEnvironment - INFO - 
===== REWARD DETAILS FOR STEP 90 =====
Job: J15, Operation: 4, Job Completed: False
Current Time: 5262.00 -> 5339.00, Setup Time: 55.00
Processing Time: 22.00, Idle Time: 0.00
Completed Jobs: 11/20
Machine: M1, Material: Citybike_Laufraeder_montiert

REWARD COMPONENTS:
- makespan_reward: -0.3850
- setup_reward: -13.7500
- deadline_reward: 0.0000
- priority_reward: 0.0000
- critical_job_reward: 0.0000
- placement_reward: 0.0000
- timeliness_reward: -5.5127
- machine_idle_penalty: -2.3125

TOTAL REWARD: -21.9602

CUMULATIVE REWARD COMPONENTS:
- makespan_reward: -26.6950
- setup_reward: -640.5000
- deadline_reward: 7.6500
- priority_reward: 312.0000
- critical_job_reward: 59.0941
- placement_reward: -60.0000
- timeliness_reward: 248.4156
- machine_idle_penalty: -420.0250

CUMULATIVE TOTAL: -520.0603

CRITICAL STATE INFO:
- Valid actions: ['J2', 'J4', 'J7', 'J9', 'J13', 'J15', 'J17', 'J18', 'J19']
- Machine states:
  - Machine M1: Time=5339.00, Idle=0.00, Material=Citybike_Laufraeder_montiert
  - Machine M2: Time=5262.00, Idle=77.00, Material=Citybike_Tretlager_gefraest
  - Machine M3: Time=5231.00, Idle=108.00, Material=E-Bike_Fahrrad_endmontiert
==================================================

2025-06-19 11:36:26,891 - JSPGymEnvironment - INFO - Material change on machine M3: E-Bike_Fahrrad_endmontiert -> Citybike_Hauptrahmen_zugeschnitten, setup time: 15
2025-06-19 11:36:26,891 - JSPGymEnvironment - INFO - Executed operation: Job J18, Op 2, Machine M3, Start: 5354, End: 5401, Setup: 15
2025-06-19 11:36:26,891 - JSPGymEnvironment - INFO - 
===== REWARD DETAILS FOR STEP 91 =====
Job: J18, Operation: 2, Job Completed: False
Current Time: 5339.00 -> 5401.00, Setup Time: 15.00
Processing Time: 47.00, Idle Time: 0.00
Completed Jobs: 11/20
Machine: M3, Material: Citybike_Hauptrahmen_zugeschnitten

REWARD COMPONENTS:
- makespan_reward: -0.3100
- setup_reward: -3.7500
- deadline_reward: 0.0000
- priority_reward: 0.0000
- critical_job_reward: 0.0000
- placement_reward: 0.0000
- timeliness_reward: -5.5233
- machine_idle_penalty: -2.5125

TOTAL REWARD: -12.0958

CUMULATIVE REWARD COMPONENTS:
- makespan_reward: -27.0050
- setup_reward: -644.2500
- deadline_reward: 7.6500
- priority_reward: 312.0000
- critical_job_reward: 59.0941
- placement_reward: -60.0000
- timeliness_reward: 242.8923
- machine_idle_penalty: -422.5375

CUMULATIVE TOTAL: -532.1562

CRITICAL STATE INFO:
- Valid actions: ['J2', 'J4', 'J7', 'J9', 'J13', 'J15', 'J17', 'J18', 'J19']
- Machine states:
  - Machine M1: Time=5339.00, Idle=62.00, Material=Citybike_Laufraeder_montiert
  - Machine M2: Time=5262.00, Idle=139.00, Material=Citybike_Tretlager_gefraest
  - Machine M3: Time=5401.00, Idle=0.00, Material=Citybike_Hauptrahmen_zugeschnitten
==================================================

2025-06-19 11:36:26,902 - JSPGymEnvironment - INFO - Material change on machine M1: Citybike_Laufraeder_montiert -> Citybike_Schaltauge_bearbeitet, setup time: 40
2025-06-19 11:36:26,903 - JSPGymEnvironment - INFO - Executed operation: Job J18, Op 3, Machine M1, Start: 5441, End: 5482, Setup: 40
2025-06-19 11:36:26,903 - JSPGymEnvironment - INFO - 
===== REWARD DETAILS FOR STEP 92 =====
Job: J18, Operation: 3, Job Completed: False
Current Time: 5401.00 -> 5482.00, Setup Time: 40.00
Processing Time: 41.00, Idle Time: 0.00
Completed Jobs: 11/20
Machine: M1, Material: Citybike_Schaltauge_bearbeitet

REWARD COMPONENTS:
- makespan_reward: -0.4050
- setup_reward: -10.0000
- deadline_reward: 0.0000
- priority_reward: 0.0000
- critical_job_reward: 0.0000
- placement_reward: 0.0000
- timeliness_reward: -5.5353
- machine_idle_penalty: -3.7625

TOTAL REWARD: -19.7028

CUMULATIVE REWARD COMPONENTS:
- makespan_reward: -27.4100
- setup_reward: -654.2500
- deadline_reward: 7.6500
- priority_reward: 312.0000
- critical_job_reward: 59.0941
- placement_reward: -60.0000
- timeliness_reward: 237.3570
- machine_idle_penalty: -426.3000

CUMULATIVE TOTAL: -551.8589

CRITICAL STATE INFO:
- Valid actions: ['J2', 'J4', 'J7', 'J9', 'J13', 'J15', 'J17', 'J18', 'J19']
- Machine states:
  - Machine M1: Time=5482.00, Idle=0.00, Material=Citybike_Schaltauge_bearbeitet
  - Machine M2: Time=5262.00, Idle=220.00, Material=Citybike_Tretlager_gefraest
  - Machine M3: Time=5401.00, Idle=81.00, Material=Citybike_Hauptrahmen_zugeschnitten
==================================================

2025-06-19 11:36:26,914 - JSPGymEnvironment - INFO - Material change on machine M2: Citybike_Tretlager_gefraest -> Citybike_Tretlageraufnahme_geschweisst, setup time: 20
2025-06-19 11:36:26,915 - JSPGymEnvironment - INFO - Executed operation: Job J15, Op 5, Machine M2, Start: 5502, End: 5527, Setup: 20
2025-06-19 11:36:26,915 - JSPGymEnvironment - INFO - Job J15 completed at time 5527, deadline: 2839, met: False, priority: 6
2025-06-19 11:36:26,915 - JSPGymEnvironment - INFO - 
===== REWARD DETAILS FOR STEP 93 =====
Job: J15, Operation: 5, Job Completed: True
Current Time: 5482.00 -> 5527.00, Setup Time: 20.00
Processing Time: 25.00, Idle Time: 0.00
Completed Jobs: 12/20
Machine: M2, Material: Citybike_Tretlageraufnahme_geschweisst
Job Deadline: 2839.00 (Missed), Priority: 6

REWARD COMPONENTS:
- makespan_reward: -0.2250
- setup_reward: -5.0000
- deadline_reward: -2.3670
- priority_reward: 24.0000
- critical_job_reward: 0.0000
- placement_reward: 0.0000
- timeliness_reward: -5.5407
- machine_idle_penalty: -2.1375

TOTAL REWARD: 8.7298

CUMULATIVE REWARD COMPONENTS:
- makespan_reward: -27.6350
- setup_reward: -659.2500
- deadline_reward: 5.2829
- priority_reward: 336.0000
- critical_job_reward: 59.0941
- placement_reward: -60.0000
- timeliness_reward: 231.8163
- machine_idle_penalty: -428.4375

CUMULATIVE TOTAL: -543.1292

CRITICAL STATE INFO:
- Valid actions: ['J2', 'J4', 'J7', 'J9', 'J13', 'J17', 'J18', 'J19']
- Machine states:
  - Machine M1: Time=5482.00, Idle=45.00, Material=Citybike_Schaltauge_bearbeitet
  - Machine M2: Time=5527.00, Idle=0.00, Material=Citybike_Tretlageraufnahme_geschweisst
  - Machine M3: Time=5401.00, Idle=126.00, Material=Citybike_Hauptrahmen_zugeschnitten
==================================================

2025-06-19 11:36:26,915 - JSPGymEnvironment - INFO - Retro-Bonus für Job J15: -10.0
2025-06-19 11:36:26,924 - JSPGymEnvironment - INFO - Material change on machine M3: Citybike_Hauptrahmen_zugeschnitten -> Racebike_Rahmen_komplettiert, setup time: 12
2025-06-19 11:36:26,924 - JSPGymEnvironment - INFO - Executed operation: Job J13, Op 3, Machine M3, Start: 5539, End: 5578, Setup: 12
2025-06-19 11:36:26,925 - JSPGymEnvironment - INFO - 
===== REWARD DETAILS FOR STEP 94 =====
Job: J13, Operation: 3, Job Completed: False
Current Time: 5527.00 -> 5578.00, Setup Time: 12.00
Processing Time: 39.00, Idle Time: 0.00
Completed Jobs: 12/20
Machine: M3, Material: Racebike_Rahmen_komplettiert

REWARD COMPONENTS:
- makespan_reward: -0.2550
- setup_reward: -3.0000
- deadline_reward: 0.0000
- priority_reward: 0.0000
- critical_job_reward: 0.0000
- placement_reward: 0.0000
- timeliness_reward: -5.5467
- machine_idle_penalty: -1.8375

TOTAL REWARD: -10.6392

CUMULATIVE REWARD COMPONENTS:
- makespan_reward: -27.8900
- setup_reward: -662.2500
- deadline_reward: 5.2829
- priority_reward: 336.0000
- critical_job_reward: 59.0941
- placement_reward: -60.0000
- timeliness_reward: 226.2697
- machine_idle_penalty: -430.2750

CUMULATIVE TOTAL: -553.7684

CRITICAL STATE INFO:
- Valid actions: ['J2', 'J4', 'J7', 'J9', 'J13', 'J17', 'J18', 'J19']
- Machine states:
  - Machine M1: Time=5482.00, Idle=96.00, Material=Citybike_Schaltauge_bearbeitet
  - Machine M2: Time=5527.00, Idle=51.00, Material=Citybike_Tretlageraufnahme_geschweisst
  - Machine M3: Time=5578.00, Idle=0.00, Material=Racebike_Rahmen_komplettiert
==================================================

2025-06-19 11:36:26,935 - JSPGymEnvironment - INFO - Material change on machine M3: Racebike_Rahmen_komplettiert -> E-Bike_Fahrrad_endmontiert, setup time: 21
2025-06-19 11:36:26,935 - JSPGymEnvironment - INFO - Executed operation: Job J4, Op 1, Machine M3, Start: 5599, End: 5654, Setup: 21
2025-06-19 11:36:26,935 - JSPGymEnvironment - INFO - 
===== REWARD DETAILS FOR STEP 95 =====
Job: J4, Operation: 1, Job Completed: False
Current Time: 5578.00 -> 5654.00, Setup Time: 21.00
Processing Time: 55.00, Idle Time: 0.00
Completed Jobs: 12/20
Machine: M3, Material: E-Bike_Fahrrad_endmontiert

REWARD COMPONENTS:
- makespan_reward: -0.3800
- setup_reward: -5.2500
- deadline_reward: 0.0000
- priority_reward: 0.0000
- critical_job_reward: 0.5000
- placement_reward: -1.6667
- timeliness_reward: -5.5545
- machine_idle_penalty: -3.7375

TOTAL REWARD: -16.0887

CUMULATIVE REWARD COMPONENTS:
- makespan_reward: -28.2700
- setup_reward: -667.5000
- deadline_reward: 5.2829
- priority_reward: 336.0000
- critical_job_reward: 59.5941
- placement_reward: -61.6667
- timeliness_reward: 220.7151
- machine_idle_penalty: -434.0125

CUMULATIVE TOTAL: -569.8570

CRITICAL STATE INFO:
- Valid actions: ['J2', 'J4', 'J7', 'J9', 'J13', 'J17', 'J18', 'J19']
- Machine states:
  - Machine M1: Time=5482.00, Idle=172.00, Material=Citybike_Schaltauge_bearbeitet
  - Machine M2: Time=5527.00, Idle=127.00, Material=Citybike_Tretlageraufnahme_geschweisst
  - Machine M3: Time=5654.00, Idle=0.00, Material=E-Bike_Fahrrad_endmontiert
==================================================

2025-06-19 11:36:26,945 - JSPGymEnvironment - INFO - Material change on machine M3: E-Bike_Fahrrad_endmontiert -> Racebike_Tretlageraufnahme_geschweisst, setup time: 22
2025-06-19 11:36:26,945 - JSPGymEnvironment - INFO - Executed operation: Job J9, Op 4, Machine M3, Start: 5676, End: 5718, Setup: 22
2025-06-19 11:36:26,945 - JSPGymEnvironment - INFO - 
===== REWARD DETAILS FOR STEP 96 =====
Job: J9, Operation: 4, Job Completed: False
Current Time: 5654.00 -> 5718.00, Setup Time: 22.00
Processing Time: 42.00, Idle Time: 0.00
Completed Jobs: 12/20
Machine: M3, Material: Racebike_Tretlageraufnahme_geschweisst

REWARD COMPONENTS:
- makespan_reward: -0.3200
- setup_reward: -5.5000
- deadline_reward: 0.0000
- priority_reward: 0.0000
- critical_job_reward: 0.5000
- placement_reward: -1.6667
- timeliness_reward: -5.5602
- machine_idle_penalty: -5.3375

TOTAL REWARD: -17.8844

CUMULATIVE REWARD COMPONENTS:
- makespan_reward: -28.5900
- setup_reward: -673.0000
- deadline_reward: 5.2829
- priority_reward: 336.0000
- critical_job_reward: 60.0941
- placement_reward: -63.3333
- timeliness_reward: 215.1549
- machine_idle_penalty: -439.3500

CUMULATIVE TOTAL: -587.7414

CRITICAL STATE INFO:
- Valid actions: ['J2', 'J4', 'J7', 'J9', 'J13', 'J17', 'J18', 'J19']
- Machine states:
  - Machine M1: Time=5482.00, Idle=236.00, Material=Citybike_Schaltauge_bearbeitet
  - Machine M2: Time=5527.00, Idle=191.00, Material=Citybike_Tretlageraufnahme_geschweisst
  - Machine M3: Time=5718.00, Idle=0.00, Material=Racebike_Tretlageraufnahme_geschweisst
==================================================

2025-06-19 11:36:26,956 - JSPGymEnvironment - INFO - Material change on machine M1: Citybike_Schaltauge_bearbeitet -> Citybike_Bremsen_justiert, setup time: 40
2025-06-19 11:36:26,956 - JSPGymEnvironment - INFO - Executed operation: Job J18, Op 4, Machine M1, Start: 5758, End: 5787, Setup: 40
2025-06-19 11:36:26,956 - JSPGymEnvironment - INFO - 
===== REWARD DETAILS FOR STEP 97 =====
Job: J18, Operation: 4, Job Completed: False
Current Time: 5718.00 -> 5787.00, Setup Time: 40.00
Processing Time: 29.00, Idle Time: 0.00
Completed Jobs: 12/20
Machine: M1, Material: Citybike_Bremsen_justiert

REWARD COMPONENTS:
- makespan_reward: -0.3450
- setup_reward: -10.0000
- deadline_reward: 0.0000
- priority_reward: 0.0000
- critical_job_reward: 0.0000
- placement_reward: 0.0000
- timeliness_reward: -5.5656
- machine_idle_penalty: -4.1125

TOTAL REWARD: -20.0231

CUMULATIVE REWARD COMPONENTS:
- makespan_reward: -28.9350
- setup_reward: -683.0000
- deadline_reward: 5.2829
- priority_reward: 336.0000
- critical_job_reward: 60.0941
- placement_reward: -63.3333
- timeliness_reward: 209.5893
- machine_idle_penalty: -443.4625

CUMULATIVE TOTAL: -607.7645

CRITICAL STATE INFO:
- Valid actions: ['J2', 'J4', 'J7', 'J9', 'J13', 'J17', 'J18', 'J19']
- Machine states:
  - Machine M1: Time=5787.00, Idle=0.00, Material=Citybike_Bremsen_justiert
  - Machine M2: Time=5527.00, Idle=260.00, Material=Citybike_Tretlageraufnahme_geschweisst
  - Machine M3: Time=5718.00, Idle=69.00, Material=Racebike_Tretlageraufnahme_geschweisst
==================================================

2025-06-19 11:36:26,967 - JSPGymEnvironment - INFO - Material change on machine M3: Racebike_Tretlageraufnahme_geschweisst -> E-Bike_Steuerrohr_montiert, setup time: 21
2025-06-19 11:36:26,967 - JSPGymEnvironment - INFO - Executed operation: Job J17, Op 1, Machine M3, Start: 5808, End: 5840, Setup: 21
2025-06-19 11:36:26,967 - JSPGymEnvironment - INFO - 
===== REWARD DETAILS FOR STEP 98 =====
Job: J17, Operation: 1, Job Completed: False
Current Time: 5787.00 -> 5840.00, Setup Time: 21.00
Processing Time: 32.00, Idle Time: 0.00
Completed Jobs: 12/20
Machine: M3, Material: E-Bike_Steuerrohr_montiert

REWARD COMPONENTS:
- makespan_reward: -0.2650
- setup_reward: -5.2500
- deadline_reward: 0.0000
- priority_reward: 0.0000
- critical_job_reward: 0.0000
- placement_reward: 0.0000
- timeliness_reward: -5.5692
- machine_idle_penalty: -4.5750

TOTAL REWARD: -15.6592

CUMULATIVE REWARD COMPONENTS:
- makespan_reward: -29.2000
- setup_reward: -688.2500
- deadline_reward: 5.2829
- priority_reward: 336.0000
- critical_job_reward: 60.0941
- placement_reward: -63.3333
- timeliness_reward: 204.0202
- machine_idle_penalty: -448.0375

CUMULATIVE TOTAL: -623.4237

CRITICAL STATE INFO:
- Valid actions: ['J2', 'J4', 'J7', 'J9', 'J13', 'J17', 'J18', 'J19']
- Machine states:
  - Machine M1: Time=5787.00, Idle=53.00, Material=Citybike_Bremsen_justiert
  - Machine M2: Time=5527.00, Idle=313.00, Material=Citybike_Tretlageraufnahme_geschweisst
  - Machine M3: Time=5840.00, Idle=0.00, Material=E-Bike_Steuerrohr_montiert
==================================================

2025-06-19 11:36:26,979 - JSPGymEnvironment - INFO - Material change on machine M1: Citybike_Bremsen_justiert -> E-Bike_Antrieb_installiert, setup time: 50
2025-06-19 11:36:26,979 - JSPGymEnvironment - INFO - Executed operation: Job J7, Op 4, Machine M1, Start: 5890, End: 5915, Setup: 50
2025-06-19 11:36:26,979 - JSPGymEnvironment - INFO - 
===== REWARD DETAILS FOR STEP 99 =====
Job: J7, Operation: 4, Job Completed: False
Current Time: 5840.00 -> 5915.00, Setup Time: 50.00
Processing Time: 25.00, Idle Time: 0.00
Completed Jobs: 12/20
Machine: M1, Material: E-Bike_Antrieb_installiert

REWARD COMPONENTS:
- makespan_reward: -0.3750
- setup_reward: -12.5000
- deadline_reward: 0.0000
- priority_reward: 0.0000
- critical_job_reward: 0.0000
- placement_reward: 0.0000
- timeliness_reward: -5.5737
- machine_idle_penalty: -5.7875

TOTAL REWARD: -24.2362

CUMULATIVE REWARD COMPONENTS:
- makespan_reward: -29.5750
- setup_reward: -700.7500
- deadline_reward: 5.2829
- priority_reward: 336.0000
- critical_job_reward: 60.0941
- placement_reward: -63.3333
- timeliness_reward: 198.4465
- machine_idle_penalty: -453.8250

CUMULATIVE TOTAL: -647.6599

CRITICAL STATE INFO:
- Valid actions: ['J2', 'J4', 'J7', 'J9', 'J13', 'J17', 'J18', 'J19']
- Machine states:
  - Machine M1: Time=5915.00, Idle=0.00, Material=E-Bike_Antrieb_installiert
  - Machine M2: Time=5527.00, Idle=388.00, Material=Citybike_Tretlageraufnahme_geschweisst
  - Machine M3: Time=5840.00, Idle=75.00, Material=E-Bike_Steuerrohr_montiert
==================================================

2025-06-19 11:36:26,990 - JSPGymEnvironment - INFO - Material change on machine M1: E-Bike_Antrieb_installiert -> E-Bike_Tretlager_gefraest, setup time: 40
2025-06-19 11:36:26,990 - JSPGymEnvironment - INFO - Executed operation: Job J17, Op 2, Machine M1, Start: 5955, End: 5973, Setup: 40
2025-06-19 11:36:26,990 - JSPGymEnvironment - INFO - 
===== REWARD DETAILS FOR STEP 100 =====
Job: J17, Operation: 2, Job Completed: False
Current Time: 5915.00 -> 5973.00, Setup Time: 40.00
Processing Time: 18.00, Idle Time: 0.00
Completed Jobs: 12/20
Machine: M1, Material: E-Bike_Tretlager_gefraest

REWARD COMPONENTS:
- makespan_reward: -0.2900
- setup_reward: -10.0000
- deadline_reward: 0.0000
- priority_reward: 0.0000
- critical_job_reward: 0.0000
- placement_reward: 0.0000
- timeliness_reward: -5.5767
- machine_idle_penalty: -7.2375

TOTAL REWARD: -23.1042

CUMULATIVE REWARD COMPONENTS:
- makespan_reward: -29.8650
- setup_reward: -710.7500
- deadline_reward: 5.2829
- priority_reward: 336.0000
- critical_job_reward: 60.0941
- placement_reward: -63.3333
- timeliness_reward: 192.8698
- machine_idle_penalty: -461.0625

CUMULATIVE TOTAL: -670.7640

CRITICAL STATE INFO:
- Valid actions: ['J2', 'J4', 'J7', 'J9', 'J13', 'J17', 'J18', 'J19']
- Machine states:
  - Machine M1: Time=5973.00, Idle=0.00, Material=E-Bike_Tretlager_gefraest
  - Machine M2: Time=5527.00, Idle=446.00, Material=Citybike_Tretlageraufnahme_geschweisst
  - Machine M3: Time=5840.00, Idle=133.00, Material=E-Bike_Steuerrohr_montiert
==================================================

2025-06-19 11:36:27,001 - JSPGymEnvironment - INFO - Material change on machine M1: E-Bike_Tretlager_gefraest -> Racebike_Tretlager_gefraest, setup time: 56
2025-06-19 11:36:27,001 - JSPGymEnvironment - INFO - Executed operation: Job J13, Op 4, Machine M1, Start: 6029, End: 6064, Setup: 56
2025-06-19 11:36:27,001 - JSPGymEnvironment - INFO - Job J13 completed at time 6064, deadline: 2880, met: False, priority: 7
2025-06-19 11:36:27,001 - JSPGymEnvironment - INFO - 
===== REWARD DETAILS FOR STEP 101 =====
Job: J13, Operation: 4, Job Completed: True
Current Time: 5973.00 -> 6064.00, Setup Time: 56.00
Processing Time: 35.00, Idle Time: 0.00
Completed Jobs: 13/20
Machine: M1, Material: Racebike_Tretlager_gefraest
Job Deadline: 2880.00 (Missed), Priority: 7

REWARD COMPONENTS:
- makespan_reward: -0.4550
- setup_reward: -14.0000
- deadline_reward: -2.7639
- priority_reward: 28.0000
- critical_job_reward: 0.0000
- placement_reward: 0.0000
- timeliness_reward: -5.5809
- machine_idle_penalty: -9.5125

TOTAL REWARD: -4.3123

CUMULATIVE REWARD COMPONENTS:
- makespan_reward: -30.3200
- setup_reward: -724.7500
- deadline_reward: 2.5190
- priority_reward: 364.0000
- critical_job_reward: 60.0941
- placement_reward: -63.3333
- timeliness_reward: 187.2889
- machine_idle_penalty: -470.5750

CUMULATIVE TOTAL: -675.0764

CRITICAL STATE INFO:
- Valid actions: ['J2', 'J4', 'J7', 'J9', 'J17', 'J18', 'J19']
- Machine states:
  - Machine M1: Time=6064.00, Idle=0.00, Material=Racebike_Tretlager_gefraest
  - Machine M2: Time=5527.00, Idle=537.00, Material=Citybike_Tretlageraufnahme_geschweisst
  - Machine M3: Time=5840.00, Idle=224.00, Material=E-Bike_Steuerrohr_montiert
==================================================

2025-06-19 11:36:27,001 - JSPGymEnvironment - INFO - Retro-Bonus für Job J13: -10.0
2025-06-19 11:36:27,012 - JSPGymEnvironment - INFO - Material change on machine M2: Citybike_Tretlageraufnahme_geschweisst -> Citybike_Hauptrahmen_zugeschnitten, setup time: 20
2025-06-19 11:36:27,012 - JSPGymEnvironment - INFO - Executed operation: Job J19, Op 2, Machine M2, Start: 6084, End: 6099, Setup: 20
2025-06-19 11:36:27,012 - JSPGymEnvironment - INFO - 
===== REWARD DETAILS FOR STEP 102 =====
Job: J19, Operation: 2, Job Completed: False
Current Time: 6064.00 -> 6099.00, Setup Time: 20.00
Processing Time: 15.00, Idle Time: 0.00
Completed Jobs: 13/20
Machine: M2, Material: Citybike_Hauptrahmen_zugeschnitten

REWARD COMPONENTS:
- makespan_reward: -0.1750
- setup_reward: -5.0000
- deadline_reward: 0.0000
- priority_reward: 0.0000
- critical_job_reward: 0.0000
- placement_reward: 0.0000
- timeliness_reward: -5.5823
- machine_idle_penalty: -3.6750

TOTAL REWARD: -14.4323

CUMULATIVE REWARD COMPONENTS:
- makespan_reward: -30.4950
- setup_reward: -729.7500
- deadline_reward: 2.5190
- priority_reward: 364.0000
- critical_job_reward: 60.0941
- placement_reward: -63.3333
- timeliness_reward: 181.7066
- machine_idle_penalty: -474.2500

CUMULATIVE TOTAL: -689.5086

CRITICAL STATE INFO:
- Valid actions: ['J2', 'J4', 'J7', 'J9', 'J17', 'J18', 'J19']
- Machine states:
  - Machine M1: Time=6064.00, Idle=35.00, Material=Racebike_Tretlager_gefraest
  - Machine M2: Time=6099.00, Idle=0.00, Material=Citybike_Hauptrahmen_zugeschnitten
  - Machine M3: Time=5840.00, Idle=259.00, Material=E-Bike_Steuerrohr_montiert
==================================================

2025-06-19 11:36:27,022 - JSPGymEnvironment - INFO - Material change on machine M1: Racebike_Tretlager_gefraest -> Citybike_Hinterbau_vorbereitet, setup time: 41
2025-06-19 11:36:27,022 - JSPGymEnvironment - INFO - Executed operation: Job J18, Op 5, Machine M1, Start: 6140, End: 6156, Setup: 41
2025-06-19 11:36:27,022 - JSPGymEnvironment - INFO - 
===== REWARD DETAILS FOR STEP 103 =====
Job: J18, Operation: 5, Job Completed: False
Current Time: 6099.00 -> 6156.00, Setup Time: 41.00
Processing Time: 16.00, Idle Time: 0.00
Completed Jobs: 13/20
Machine: M1, Material: Citybike_Hinterbau_vorbereitet

REWARD COMPONENTS:
- makespan_reward: -0.2850
- setup_reward: -10.2500
- deadline_reward: 0.0000
- priority_reward: 0.0000
- critical_job_reward: 0.0000
- placement_reward: 0.0000
- timeliness_reward: -5.5843
- machine_idle_penalty: -4.6625

TOTAL REWARD: -20.7818

CUMULATIVE REWARD COMPONENTS:
- makespan_reward: -30.7800
- setup_reward: -740.0000
- deadline_reward: 2.5190
- priority_reward: 364.0000
- critical_job_reward: 60.0941
- placement_reward: -63.3333
- timeliness_reward: 176.1223
- machine_idle_penalty: -478.9125

CUMULATIVE TOTAL: -710.2904

CRITICAL STATE INFO:
- Valid actions: ['J2', 'J4', 'J7', 'J9', 'J17', 'J18', 'J19']
- Machine states:
  - Machine M1: Time=6156.00, Idle=0.00, Material=Citybike_Hinterbau_vorbereitet
  - Machine M2: Time=6099.00, Idle=57.00, Material=Citybike_Hauptrahmen_zugeschnitten
  - Machine M3: Time=5840.00, Idle=316.00, Material=E-Bike_Steuerrohr_montiert
==================================================

2025-06-19 11:36:27,033 - JSPGymEnvironment - INFO - Material change on machine M3: E-Bike_Steuerrohr_montiert -> E-Bike_Bremsen_justiert, setup time: 15
2025-06-19 11:36:27,033 - JSPGymEnvironment - INFO - Executed operation: Job J7, Op 5, Machine M3, Start: 6171, End: 6210, Setup: 15
2025-06-19 11:36:27,033 - JSPGymEnvironment - INFO - Job J7 completed at time 6210, deadline: 2777, met: False, priority: 7
2025-06-19 11:36:27,033 - JSPGymEnvironment - INFO - 
===== REWARD DETAILS FOR STEP 104 =====
Job: J7, Operation: 5, Job Completed: True
Current Time: 6156.00 -> 6210.00, Setup Time: 15.00
Processing Time: 39.00, Idle Time: 0.00
Completed Jobs: 14/20
Machine: M3, Material: E-Bike_Bremsen_justiert
Job Deadline: 2777.00 (Missed), Priority: 7

REWARD COMPONENTS:
- makespan_reward: -0.2700
- setup_reward: -3.7500
- deadline_reward: -3.0906
- priority_reward: 28.0000
- critical_job_reward: 0.0000
- placement_reward: 0.0000
- timeliness_reward: -5.5852
- machine_idle_penalty: -2.0625

TOTAL REWARD: 13.2417

CUMULATIVE REWARD COMPONENTS:
- makespan_reward: -31.0500
- setup_reward: -743.7500
- deadline_reward: -0.5715
- priority_reward: 392.0000
- critical_job_reward: 60.0941
- placement_reward: -63.3333
- timeliness_reward: 170.5371
- machine_idle_penalty: -480.9750

CUMULATIVE TOTAL: -697.0487

CRITICAL STATE INFO:
- Valid actions: ['J2', 'J4', 'J9', 'J17', 'J18', 'J19']
- Machine states:
  - Machine M1: Time=6156.00, Idle=54.00, Material=Citybike_Hinterbau_vorbereitet
  - Machine M2: Time=6099.00, Idle=111.00, Material=Citybike_Hauptrahmen_zugeschnitten
  - Machine M3: Time=6210.00, Idle=0.00, Material=E-Bike_Bremsen_justiert
==================================================

2025-06-19 11:36:27,033 - JSPGymEnvironment - INFO - Retro-Bonus für Job J7: -10.0
2025-06-19 11:36:27,044 - JSPGymEnvironment - INFO - Material change on machine M2: Citybike_Hauptrahmen_zugeschnitten -> Citybike_Steuerrohr_montiert, setup time: 20
2025-06-19 11:36:27,044 - JSPGymEnvironment - INFO - Executed operation: Job J18, Op 6, Machine M2, Start: 6230, End: 6255, Setup: 20
2025-06-19 11:36:27,044 - JSPGymEnvironment - INFO - Job J18 completed at time 6255, deadline: 2880, met: False, priority: 4
2025-06-19 11:36:27,044 - JSPGymEnvironment - INFO - 
===== REWARD DETAILS FOR STEP 105 =====
Job: J18, Operation: 6, Job Completed: True
Current Time: 6210.00 -> 6255.00, Setup Time: 20.00
Processing Time: 25.00, Idle Time: 0.00
Completed Jobs: 15/20
Machine: M2, Material: Citybike_Steuerrohr_montiert
Job Deadline: 2880.00 (Missed), Priority: 4

REWARD COMPONENTS:
- makespan_reward: -0.2250
- setup_reward: -5.0000
- deadline_reward: -2.9297
- priority_reward: 16.0000
- critical_job_reward: 0.0000
- placement_reward: 0.0000
- timeliness_reward: -5.5866
- machine_idle_penalty: -1.8000

TOTAL REWARD: 0.4587

CUMULATIVE REWARD COMPONENTS:
- makespan_reward: -31.2750
- setup_reward: -748.7500
- deadline_reward: -3.5012
- priority_reward: 408.0000
- critical_job_reward: 60.0941
- placement_reward: -63.3333
- timeliness_reward: 164.9505
- machine_idle_penalty: -482.7750

CUMULATIVE TOTAL: -696.5899

CRITICAL STATE INFO:
- Valid actions: ['J2', 'J4', 'J9', 'J17', 'J19']
- Machine states:
  - Machine M1: Time=6156.00, Idle=99.00, Material=Citybike_Hinterbau_vorbereitet
  - Machine M2: Time=6255.00, Idle=0.00, Material=Citybike_Steuerrohr_montiert
  - Machine M3: Time=6210.00, Idle=45.00, Material=E-Bike_Bremsen_justiert
==================================================

2025-06-19 11:36:27,044 - JSPGymEnvironment - INFO - Retro-Bonus für Job J18: -10.0
2025-06-19 11:36:27,055 - JSPGymEnvironment - INFO - Material change on machine M3: E-Bike_Bremsen_justiert -> Racebike_Rahmen_nachbearbeitet, setup time: 22
2025-06-19 11:36:27,055 - JSPGymEnvironment - INFO - Executed operation: Job J9, Op 5, Machine M3, Start: 6277, End: 6328, Setup: 22
2025-06-19 11:36:27,055 - JSPGymEnvironment - INFO - Job J9 completed at time 6328, deadline: 2835, met: False, priority: 9
2025-06-19 11:36:27,056 - JSPGymEnvironment - INFO - 
===== REWARD DETAILS FOR STEP 106 =====
Job: J9, Operation: 5, Job Completed: True
Current Time: 6255.00 -> 6328.00, Setup Time: 22.00
Processing Time: 51.00, Idle Time: 0.00
Completed Jobs: 16/20
Machine: M3, Material: Racebike_Rahmen_nachbearbeitet
Job Deadline: 2835.00 (Missed), Priority: 9

REWARD COMPONENTS:
- makespan_reward: -0.3650
- setup_reward: -5.5000
- deadline_reward: -3.0802
- priority_reward: 36.0000
- critical_job_reward: 0.5000
- placement_reward: -1.6667
- timeliness_reward: -5.5879
- machine_idle_penalty: -3.0625

TOTAL REWARD: 17.2377

CUMULATIVE REWARD COMPONENTS:
- makespan_reward: -31.6400
- setup_reward: -754.2500
- deadline_reward: -6.5815
- priority_reward: 444.0000
- critical_job_reward: 60.5941
- placement_reward: -65.0000
- timeliness_reward: 159.3627
- machine_idle_penalty: -485.8375

CUMULATIVE TOTAL: -679.3522

CRITICAL STATE INFO:
- Valid actions: ['J2', 'J4', 'J17', 'J19']
- Machine states:
  - Machine M1: Time=6156.00, Idle=172.00, Material=Citybike_Hinterbau_vorbereitet
  - Machine M2: Time=6255.00, Idle=73.00, Material=Citybike_Steuerrohr_montiert
  - Machine M3: Time=6328.00, Idle=0.00, Material=Racebike_Rahmen_nachbearbeitet
==================================================

2025-06-19 11:36:27,056 - JSPGymEnvironment - INFO - Retro-Bonus für Job J9: -5.0
2025-06-19 11:36:27,066 - JSPGymEnvironment - INFO - Material change on machine M3: Racebike_Rahmen_nachbearbeitet -> Citybike_Bremsaufnahme_gebohrt, setup time: 12
2025-06-19 11:36:27,066 - JSPGymEnvironment - INFO - Executed operation: Job J19, Op 3, Machine M3, Start: 6340, End: 6383, Setup: 12
2025-06-19 11:36:27,066 - JSPGymEnvironment - INFO - 
===== REWARD DETAILS FOR STEP 107 =====
Job: J19, Operation: 3, Job Completed: False
Current Time: 6328.00 -> 6383.00, Setup Time: 12.00
Processing Time: 43.00, Idle Time: 0.00
Completed Jobs: 16/20
Machine: M3, Material: Citybike_Bremsaufnahme_gebohrt

REWARD COMPONENTS:
- makespan_reward: -0.2750
- setup_reward: -3.0000
- deadline_reward: 0.0000
- priority_reward: 0.0000
- critical_job_reward: 0.0000
- placement_reward: 0.0000
- timeliness_reward: -5.5892
- machine_idle_penalty: -4.4375

TOTAL REWARD: -13.3017

CUMULATIVE REWARD COMPONENTS:
- makespan_reward: -31.9150
- setup_reward: -757.2500
- deadline_reward: -6.5815
- priority_reward: 444.0000
- critical_job_reward: 60.5941
- placement_reward: -65.0000
- timeliness_reward: 153.7735
- machine_idle_penalty: -490.2750

CUMULATIVE TOTAL: -692.6539

CRITICAL STATE INFO:
- Valid actions: ['J2', 'J4', 'J17', 'J19']
- Machine states:
  - Machine M1: Time=6156.00, Idle=227.00, Material=Citybike_Hinterbau_vorbereitet
  - Machine M2: Time=6255.00, Idle=128.00, Material=Citybike_Steuerrohr_montiert
  - Machine M3: Time=6383.00, Idle=0.00, Material=Citybike_Bremsaufnahme_gebohrt
==================================================

2025-06-19 11:36:27,077 - JSPGymEnvironment - INFO - Material change on machine M2: Citybike_Steuerrohr_montiert -> E-Bike_Bremsaufnahme_gebohrt, setup time: 21
2025-06-19 11:36:27,077 - JSPGymEnvironment - INFO - Executed operation: Job J17, Op 3, Machine M2, Start: 6404, End: 6433, Setup: 21
2025-06-19 11:36:27,078 - JSPGymEnvironment - INFO - 
===== REWARD DETAILS FOR STEP 108 =====
Job: J17, Operation: 3, Job Completed: False
Current Time: 6383.00 -> 6433.00, Setup Time: 21.00
Processing Time: 29.00, Idle Time: 0.00
Completed Jobs: 16/20
Machine: M2, Material: E-Bike_Bremsaufnahme_gebohrt

REWARD COMPONENTS:
- makespan_reward: -0.2500
- setup_reward: -5.2500
- deadline_reward: 0.0000
- priority_reward: 0.0000
- critical_job_reward: 0.0000
- placement_reward: 0.0000
- timeliness_reward: -5.5902
- machine_idle_penalty: -4.0875

TOTAL REWARD: -15.1777

CUMULATIVE REWARD COMPONENTS:
- makespan_reward: -32.1650
- setup_reward: -762.5000
- deadline_reward: -6.5815
- priority_reward: 444.0000
- critical_job_reward: 60.5941
- placement_reward: -65.0000
- timeliness_reward: 148.1833
- machine_idle_penalty: -494.3625

CUMULATIVE TOTAL: -707.8316

CRITICAL STATE INFO:
- Valid actions: ['J2', 'J4', 'J17', 'J19']
- Machine states:
  - Machine M1: Time=6156.00, Idle=277.00, Material=Citybike_Hinterbau_vorbereitet
  - Machine M2: Time=6433.00, Idle=0.00, Material=E-Bike_Bremsaufnahme_gebohrt
  - Machine M3: Time=6383.00, Idle=50.00, Material=Citybike_Bremsaufnahme_gebohrt
==================================================

2025-06-19 11:36:27,089 - JSPGymEnvironment - INFO - Material change on machine M1: Citybike_Hinterbau_vorbereitet -> E-Bike_Steuerrohr_ausgerieben, setup time: 50
2025-06-19 11:36:27,089 - JSPGymEnvironment - INFO - Executed operation: Job J4, Op 2, Machine M1, Start: 6483, End: 6503, Setup: 50
2025-06-19 11:36:27,089 - JSPGymEnvironment - INFO - 
===== REWARD DETAILS FOR STEP 109 =====
Job: J4, Operation: 2, Job Completed: False
Current Time: 6433.00 -> 6503.00, Setup Time: 50.00
Processing Time: 20.00, Idle Time: 0.00
Completed Jobs: 16/20
Machine: M1, Material: E-Bike_Steuerrohr_ausgerieben

REWARD COMPONENTS:
- makespan_reward: -0.3500
- setup_reward: -12.5000
- deadline_reward: 0.0000
- priority_reward: 0.0000
- critical_job_reward: 0.5000
- placement_reward: -1.6667
- timeliness_reward: -5.5916
- machine_idle_penalty: -2.3750

TOTAL REWARD: -21.9832

CUMULATIVE REWARD COMPONENTS:
- makespan_reward: -32.5150
- setup_reward: -775.0000
- deadline_reward: -6.5815
- priority_reward: 444.0000
- critical_job_reward: 61.0941
- placement_reward: -66.6667
- timeliness_reward: 142.5917
- machine_idle_penalty: -496.7375

CUMULATIVE TOTAL: -729.8149

CRITICAL STATE INFO:
- Valid actions: ['J2', 'J4', 'J17', 'J19']
- Machine states:
  - Machine M1: Time=6503.00, Idle=0.00, Material=E-Bike_Steuerrohr_ausgerieben
  - Machine M2: Time=6433.00, Idle=70.00, Material=E-Bike_Bremsaufnahme_gebohrt
  - Machine M3: Time=6383.00, Idle=120.00, Material=Citybike_Bremsaufnahme_gebohrt
==================================================

2025-06-19 11:36:27,102 - JSPGymEnvironment - INFO - Material change on machine M2: E-Bike_Bremsaufnahme_gebohrt -> Racebike_Steuerrohr_montiert, setup time: 29
2025-06-19 11:36:27,102 - JSPGymEnvironment - INFO - Executed operation: Job J2, Op 0, Machine M2, Start: 6532, End: 6550, Setup: 29
2025-06-19 11:36:27,102 - JSPGymEnvironment - INFO - 
===== REWARD DETAILS FOR STEP 110 =====
Job: J2, Operation: 0, Job Completed: False
Current Time: 6503.00 -> 6550.00, Setup Time: 29.00
Processing Time: 18.00, Idle Time: 0.00
Completed Jobs: 16/20
Machine: M2, Material: Racebike_Steuerrohr_montiert

REWARD COMPONENTS:
- makespan_reward: -0.2350
- setup_reward: -7.2500
- deadline_reward: 0.0000
- priority_reward: 0.0000
- critical_job_reward: 0.5000
- placement_reward: -2.5000
- timeliness_reward: -5.5924
- machine_idle_penalty: -2.6750

TOTAL REWARD: -17.7524

CUMULATIVE REWARD COMPONENTS:
- makespan_reward: -32.7500
- setup_reward: -782.2500
- deadline_reward: -6.5815
- priority_reward: 444.0000
- critical_job_reward: 61.5941
- placement_reward: -69.1667
- timeliness_reward: 136.9993
- machine_idle_penalty: -499.4125

CUMULATIVE TOTAL: -747.5672

CRITICAL STATE INFO:
- Valid actions: ['J2', 'J4', 'J17', 'J19']
- Machine states:
  - Machine M1: Time=6503.00, Idle=47.00, Material=E-Bike_Steuerrohr_ausgerieben
  - Machine M2: Time=6550.00, Idle=0.00, Material=Racebike_Steuerrohr_montiert
  - Machine M3: Time=6383.00, Idle=167.00, Material=Citybike_Bremsaufnahme_gebohrt
==================================================

2025-06-19 11:36:27,113 - JSPGymEnvironment - INFO - Material change on machine M1: E-Bike_Steuerrohr_ausgerieben -> E-Bike_Bremsen_justiert, setup time: 40
2025-06-19 11:36:27,113 - JSPGymEnvironment - INFO - Executed operation: Job J4, Op 3, Machine M1, Start: 6590, End: 6615, Setup: 40
2025-06-19 11:36:27,113 - JSPGymEnvironment - INFO - 
===== REWARD DETAILS FOR STEP 111 =====
Job: J4, Operation: 3, Job Completed: False
Current Time: 6550.00 -> 6615.00, Setup Time: 40.00
Processing Time: 25.00, Idle Time: 0.00
Completed Jobs: 16/20
Machine: M1, Material: E-Bike_Bremsen_justiert

REWARD COMPONENTS:
- makespan_reward: -0.3250
- setup_reward: -10.0000
- deadline_reward: 0.0000
- priority_reward: 0.0000
- critical_job_reward: 0.5000
- placement_reward: -1.6667
- timeliness_reward: -5.5933
- machine_idle_penalty: -3.7125

TOTAL REWARD: -20.7975

CUMULATIVE REWARD COMPONENTS:
- makespan_reward: -33.0750
- setup_reward: -792.2500
- deadline_reward: -6.5815
- priority_reward: 444.0000
- critical_job_reward: 62.0941
- placement_reward: -70.8333
- timeliness_reward: 131.4060
- machine_idle_penalty: -503.1250

CUMULATIVE TOTAL: -768.3647

CRITICAL STATE INFO:
- Valid actions: ['J2', 'J4', 'J17', 'J19']
- Machine states:
  - Machine M1: Time=6615.00, Idle=0.00, Material=E-Bike_Bremsen_justiert
  - Machine M2: Time=6550.00, Idle=65.00, Material=Racebike_Steuerrohr_montiert
  - Machine M3: Time=6383.00, Idle=232.00, Material=Citybike_Bremsaufnahme_gebohrt
==================================================

2025-06-19 11:36:27,128 - JSPGymEnvironment - INFO - Material change on machine M1: E-Bike_Bremsen_justiert -> E-Bike_Laufraeder_montiert, setup time: 40
2025-06-19 11:36:27,128 - JSPGymEnvironment - INFO - Executed operation: Job J4, Op 4, Machine M1, Start: 6655, End: 6677, Setup: 40
2025-06-19 11:36:27,128 - JSPGymEnvironment - INFO - 
===== REWARD DETAILS FOR STEP 112 =====
Job: J4, Operation: 4, Job Completed: False
Current Time: 6615.00 -> 6677.00, Setup Time: 40.00
Processing Time: 22.00, Idle Time: 0.00
Completed Jobs: 16/20
Machine: M1, Material: E-Bike_Laufraeder_montiert

REWARD COMPONENTS:
- makespan_reward: -0.3100
- setup_reward: -10.0000
- deadline_reward: 0.0000
- priority_reward: 0.0000
- critical_job_reward: 0.5000
- placement_reward: -1.6667
- timeliness_reward: -5.5941
- machine_idle_penalty: -5.2625

TOTAL REWARD: -22.3333

CUMULATIVE REWARD COMPONENTS:
- makespan_reward: -33.3850
- setup_reward: -802.2500
- deadline_reward: -6.5815
- priority_reward: 444.0000
- critical_job_reward: 62.5941
- placement_reward: -72.5000
- timeliness_reward: 125.8119
- machine_idle_penalty: -508.3875

CUMULATIVE TOTAL: -790.6980

CRITICAL STATE INFO:
- Valid actions: ['J2', 'J4', 'J17', 'J19']
- Machine states:
  - Machine M1: Time=6677.00, Idle=0.00, Material=E-Bike_Laufraeder_montiert
  - Machine M2: Time=6550.00, Idle=127.00, Material=Racebike_Steuerrohr_montiert
  - Machine M3: Time=6383.00, Idle=294.00, Material=Citybike_Bremsaufnahme_gebohrt
==================================================

2025-06-19 11:36:27,140 - JSPGymEnvironment - INFO - Material change on machine M1: E-Bike_Laufraeder_montiert -> E-Bike_Antrieb_installiert, setup time: 40
2025-06-19 11:36:27,140 - JSPGymEnvironment - INFO - Executed operation: Job J17, Op 4, Machine M1, Start: 6717, End: 6744, Setup: 40
2025-06-19 11:36:27,141 - JSPGymEnvironment - INFO - 
===== REWARD DETAILS FOR STEP 113 =====
Job: J17, Operation: 4, Job Completed: False
Current Time: 6677.00 -> 6744.00, Setup Time: 40.00
Processing Time: 27.00, Idle Time: 0.00
Completed Jobs: 16/20
Machine: M1, Material: E-Bike_Antrieb_installiert

REWARD COMPONENTS:
- makespan_reward: -0.3350
- setup_reward: -10.0000
- deadline_reward: 0.0000
- priority_reward: 0.0000
- critical_job_reward: 0.0000
- placement_reward: 0.0000
- timeliness_reward: -5.5949
- machine_idle_penalty: -6.9375

TOTAL REWARD: -22.8674

CUMULATIVE REWARD COMPONENTS:
- makespan_reward: -33.7200
- setup_reward: -812.2500
- deadline_reward: -6.5815
- priority_reward: 444.0000
- critical_job_reward: 62.5941
- placement_reward: -72.5000
- timeliness_reward: 120.2170
- machine_idle_penalty: -515.3250

CUMULATIVE TOTAL: -813.5654

CRITICAL STATE INFO:
- Valid actions: ['J2', 'J4', 'J17', 'J19']
- Machine states:
  - Machine M1: Time=6744.00, Idle=0.00, Material=E-Bike_Antrieb_installiert
  - Machine M2: Time=6550.00, Idle=194.00, Material=Racebike_Steuerrohr_montiert
  - Machine M3: Time=6383.00, Idle=361.00, Material=Citybike_Bremsaufnahme_gebohrt
==================================================

2025-06-19 11:36:27,151 - JSPGymEnvironment - INFO - Material change on machine M2: Racebike_Steuerrohr_montiert -> E-Bike_Hauptrahmen_zugeschnitten, setup time: 24
2025-06-19 11:36:27,151 - JSPGymEnvironment - INFO - Executed operation: Job J4, Op 5, Machine M2, Start: 6768, End: 6795, Setup: 24
2025-06-19 11:36:27,151 - JSPGymEnvironment - INFO - Job J4 completed at time 6795, deadline: 2880, met: False, priority: 9
2025-06-19 11:36:27,151 - JSPGymEnvironment - INFO - 
===== REWARD DETAILS FOR STEP 114 =====
Job: J4, Operation: 5, Job Completed: True
Current Time: 6744.00 -> 6795.00, Setup Time: 24.00
Processing Time: 27.00, Idle Time: 0.00
Completed Jobs: 17/20
Machine: M2, Material: E-Bike_Hauptrahmen_zugeschnitten
Job Deadline: 2880.00 (Missed), Priority: 9

REWARD COMPONENTS:
- makespan_reward: -0.2550
- setup_reward: -6.0000
- deadline_reward: -3.3984
- priority_reward: 36.0000
- critical_job_reward: 0.5000
- placement_reward: -1.6667
- timeliness_reward: -5.5954
- machine_idle_penalty: -5.7875

TOTAL REWARD: 13.7970

CUMULATIVE REWARD COMPONENTS:
- makespan_reward: -33.9750
- setup_reward: -818.2500
- deadline_reward: -9.9799
- priority_reward: 480.0000
- critical_job_reward: 63.0941
- placement_reward: -74.1667
- timeliness_reward: 114.6216
- machine_idle_penalty: -521.1125

CUMULATIVE TOTAL: -799.7684

CRITICAL STATE INFO:
- Valid actions: ['J2', 'J17', 'J19']
- Machine states:
  - Machine M1: Time=6744.00, Idle=51.00, Material=E-Bike_Antrieb_installiert
  - Machine M2: Time=6795.00, Idle=0.00, Material=E-Bike_Hauptrahmen_zugeschnitten
  - Machine M3: Time=6383.00, Idle=412.00, Material=Citybike_Bremsaufnahme_gebohrt
==================================================

2025-06-19 11:36:27,151 - JSPGymEnvironment - INFO - Retro-Bonus für Job J4: -5.0
2025-06-19 11:36:27,163 - JSPGymEnvironment - INFO - Executed operation: Job J17, Op 5, Machine M2, Start: 6810, End: 6830, Setup: 15
2025-06-19 11:36:27,163 - JSPGymEnvironment - INFO - Job J17 completed at time 6830, deadline: 2880, met: False, priority: 7
2025-06-19 11:36:27,163 - JSPGymEnvironment - INFO - 
===== REWARD DETAILS FOR STEP 115 =====
Job: J17, Operation: 5, Job Completed: True
Current Time: 6795.00 -> 6830.00, Setup Time: 15.00
Processing Time: 20.00, Idle Time: 0.00
Completed Jobs: 18/20
Machine: M2, Material: E-Bike_Hauptrahmen_zugeschnitten
Job Deadline: 2880.00 (Missed), Priority: 7

REWARD COMPONENTS:
- makespan_reward: -0.1750
- setup_reward: -3.7500
- deadline_reward: -3.4288
- priority_reward: 28.0000
- critical_job_reward: 0.0000
- placement_reward: 0.0000
- timeliness_reward: -5.5957
- machine_idle_penalty: -6.6625

TOTAL REWARD: 8.3879

CUMULATIVE REWARD COMPONENTS:
- makespan_reward: -34.1500
- setup_reward: -822.0000
- deadline_reward: -13.4087
- priority_reward: 508.0000
- critical_job_reward: 63.0941
- placement_reward: -74.1667
- timeliness_reward: 109.0258
- machine_idle_penalty: -527.7750

CUMULATIVE TOTAL: -791.3805

CRITICAL STATE INFO:
- Valid actions: ['J2', 'J19']
- Machine states:
  - Machine M1: Time=6744.00, Idle=86.00, Material=E-Bike_Antrieb_installiert
  - Machine M2: Time=6830.00, Idle=0.00, Material=E-Bike_Hauptrahmen_zugeschnitten
  - Machine M3: Time=6383.00, Idle=447.00, Material=Citybike_Bremsaufnahme_gebohrt
==================================================

2025-06-19 11:36:27,163 - JSPGymEnvironment - INFO - Retro-Bonus für Job J17: -10.0
2025-06-19 11:36:27,174 - JSPGymEnvironment - INFO - Material change on machine M1: E-Bike_Antrieb_installiert -> Citybike_Rahmen_komplettiert, setup time: 55
2025-06-19 11:36:27,174 - JSPGymEnvironment - INFO - Executed operation: Job J19, Op 4, Machine M1, Start: 6885, End: 6925, Setup: 55
2025-06-19 11:36:27,174 - JSPGymEnvironment - INFO - 
===== REWARD DETAILS FOR STEP 116 =====
Job: J19, Operation: 4, Job Completed: False
Current Time: 6830.00 -> 6925.00, Setup Time: 55.00
Processing Time: 40.00, Idle Time: 0.00
Completed Jobs: 18/20
Machine: M1, Material: Citybike_Rahmen_komplettiert

REWARD COMPONENTS:
- makespan_reward: -0.4750
- setup_reward: -13.7500
- deadline_reward: 0.0000
- priority_reward: 0.0000
- critical_job_reward: 0.0000
- placement_reward: 0.0000
- timeliness_reward: -5.5965
- machine_idle_penalty: -7.9625

TOTAL REWARD: -27.7840

CUMULATIVE REWARD COMPONENTS:
- makespan_reward: -34.6250
- setup_reward: -835.7500
- deadline_reward: -13.4087
- priority_reward: 508.0000
- critical_job_reward: 63.0941
- placement_reward: -74.1667
- timeliness_reward: 103.4294
- machine_idle_penalty: -535.7375

CUMULATIVE TOTAL: -819.1645

CRITICAL STATE INFO:
- Valid actions: ['J2', 'J19']
- Machine states:
  - Machine M1: Time=6925.00, Idle=0.00, Material=Citybike_Rahmen_komplettiert
  - Machine M2: Time=6830.00, Idle=95.00, Material=E-Bike_Hauptrahmen_zugeschnitten
  - Machine M3: Time=6383.00, Idle=542.00, Material=Citybike_Bremsaufnahme_gebohrt
==================================================

2025-06-19 11:36:27,186 - JSPGymEnvironment - INFO - Material change on machine M3: Citybike_Bremsaufnahme_gebohrt -> Citybike_Rahmen_lackiert, setup time: 15
2025-06-19 11:36:27,187 - JSPGymEnvironment - INFO - Executed operation: Job J19, Op 5, Machine M3, Start: 6940, End: 6963, Setup: 15
2025-06-19 11:36:27,187 - JSPGymEnvironment - INFO - 
===== REWARD DETAILS FOR STEP 117 =====
Job: J19, Operation: 5, Job Completed: False
Current Time: 6925.00 -> 6963.00, Setup Time: 15.00
Processing Time: 23.00, Idle Time: 0.00
Completed Jobs: 18/20
Machine: M3, Material: Citybike_Rahmen_lackiert

REWARD COMPONENTS:
- makespan_reward: -0.1900
- setup_reward: -3.7500
- deadline_reward: 0.0000
- priority_reward: 0.0000
- critical_job_reward: 0.0000
- placement_reward: 0.0000
- timeliness_reward: -5.5968
- machine_idle_penalty: -2.1375

TOTAL REWARD: -11.6743

CUMULATIVE REWARD COMPONENTS:
- makespan_reward: -34.8150
- setup_reward: -839.5000
- deadline_reward: -13.4087
- priority_reward: 508.0000
- critical_job_reward: 63.0941
- placement_reward: -74.1667
- timeliness_reward: 97.8326
- machine_idle_penalty: -537.8750

CUMULATIVE TOTAL: -830.8387

CRITICAL STATE INFO:
- Valid actions: ['J2', 'J19']
- Machine states:
  - Machine M1: Time=6925.00, Idle=38.00, Material=Citybike_Rahmen_komplettiert
  - Machine M2: Time=6830.00, Idle=133.00, Material=E-Bike_Hauptrahmen_zugeschnitten
  - Machine M3: Time=6963.00, Idle=0.00, Material=Citybike_Rahmen_lackiert
==================================================

2025-06-19 11:36:27,198 - JSPGymEnvironment - INFO - Material change on machine M1: Citybike_Rahmen_komplettiert -> Citybike_Steuerrohr_ausgerieben, setup time: 40
2025-06-19 11:36:27,198 - JSPGymEnvironment - INFO - Executed operation: Job J19, Op 6, Machine M1, Start: 7003, End: 7037, Setup: 40
2025-06-19 11:36:27,198 - JSPGymEnvironment - INFO - 
===== REWARD DETAILS FOR STEP 118 =====
Job: J19, Operation: 6, Job Completed: False
Current Time: 6963.00 -> 7037.00, Setup Time: 40.00
Processing Time: 34.00, Idle Time: 0.00
Completed Jobs: 18/20
Machine: M1, Material: Citybike_Steuerrohr_ausgerieben

REWARD COMPONENTS:
- makespan_reward: -0.3700
- setup_reward: -10.0000
- deadline_reward: 0.0000
- priority_reward: 0.0000
- critical_job_reward: 0.0000
- placement_reward: 0.0000
- timeliness_reward: -5.5972
- machine_idle_penalty: -3.5125

TOTAL REWARD: -19.4797

CUMULATIVE REWARD COMPONENTS:
- makespan_reward: -35.1850
- setup_reward: -849.5000
- deadline_reward: -13.4087
- priority_reward: 508.0000
- critical_job_reward: 63.0941
- placement_reward: -74.1667
- timeliness_reward: 92.2354
- machine_idle_penalty: -541.3875

CUMULATIVE TOTAL: -850.3185

CRITICAL STATE INFO:
- Valid actions: ['J2', 'J19']
- Machine states:
  - Machine M1: Time=7037.00, Idle=0.00, Material=Citybike_Steuerrohr_ausgerieben
  - Machine M2: Time=6830.00, Idle=207.00, Material=E-Bike_Hauptrahmen_zugeschnitten
  - Machine M3: Time=6963.00, Idle=74.00, Material=Citybike_Rahmen_lackiert
==================================================

2025-06-19 11:36:27,212 - JSPGymEnvironment - INFO - Material change on machine M3: Citybike_Rahmen_lackiert -> Citybike_Fahrrad_endmontiert, setup time: 15
2025-06-19 11:36:27,212 - JSPGymEnvironment - INFO - Executed operation: Job J19, Op 7, Machine M3, Start: 7052, End: 7093, Setup: 15
2025-06-19 11:36:27,212 - JSPGymEnvironment - INFO - Job J19 completed at time 7093, deadline: 2880, met: False, priority: 4
2025-06-19 11:36:27,212 - JSPGymEnvironment - INFO - 
===== REWARD DETAILS FOR STEP 119 =====
Job: J19, Operation: 7, Job Completed: True
Current Time: 7037.00 -> 7093.00, Setup Time: 15.00
Processing Time: 41.00, Idle Time: 0.00
Completed Jobs: 19/20
Machine: M3, Material: Citybike_Fahrrad_endmontiert
Job Deadline: 2880.00 (Missed), Priority: 4

REWARD COMPONENTS:
- makespan_reward: -0.2800
- setup_reward: -3.7500
- deadline_reward: -3.6571
- priority_reward: 16.0000
- critical_job_reward: 0.0000
- placement_reward: 0.0000
- timeliness_reward: -5.5975
- machine_idle_penalty: -3.9875

TOTAL REWARD: -1.2722

CUMULATIVE REWARD COMPONENTS:
- makespan_reward: -35.4650
- setup_reward: -853.2500
- deadline_reward: -17.0658
- priority_reward: 524.0000
- critical_job_reward: 63.0941
- placement_reward: -74.1667
- timeliness_reward: 86.6378
- machine_idle_penalty: -545.3750

CUMULATIVE TOTAL: -851.5906

CRITICAL STATE INFO:
- Valid actions: ['J2']
- Machine states:
  - Machine M1: Time=7037.00, Idle=56.00, Material=Citybike_Steuerrohr_ausgerieben
  - Machine M2: Time=6830.00, Idle=263.00, Material=E-Bike_Hauptrahmen_zugeschnitten
  - Machine M3: Time=7093.00, Idle=0.00, Material=Citybike_Fahrrad_endmontiert
==================================================

2025-06-19 11:36:27,212 - JSPGymEnvironment - INFO - Retro-Bonus für Job J19: -10.0
2025-06-19 11:36:27,225 - JSPGymEnvironment - INFO - Material change on machine M2: E-Bike_Hauptrahmen_zugeschnitten -> Racebike_Antrieb_installiert, setup time: 29
2025-06-19 11:36:27,225 - JSPGymEnvironment - INFO - Executed operation: Job J2, Op 1, Machine M2, Start: 7122, End: 7150, Setup: 29
2025-06-19 11:36:27,226 - JSPGymEnvironment - INFO - 
===== REWARD DETAILS FOR STEP 120 =====
Job: J2, Operation: 1, Job Completed: False
Current Time: 7093.00 -> 7150.00, Setup Time: 29.00
Processing Time: 28.00, Idle Time: 0.00
Completed Jobs: 19/20
Machine: M2, Material: Racebike_Antrieb_installiert

REWARD COMPONENTS:
- makespan_reward: -0.2850
- setup_reward: -7.2500
- deadline_reward: 0.0000
- priority_reward: 0.0000
- critical_job_reward: 0.5000
- placement_reward: -115.3214
- timeliness_reward: -5.5978
- machine_idle_penalty: -2.1250

TOTAL REWARD: -130.0792

CUMULATIVE REWARD COMPONENTS:
- makespan_reward: -35.7500
- setup_reward: -860.5000
- deadline_reward: -17.0658
- priority_reward: 524.0000
- critical_job_reward: 63.5941
- placement_reward: -189.4881
- timeliness_reward: 81.0400
- machine_idle_penalty: -547.5000

CUMULATIVE TOTAL: -981.6699

CRITICAL STATE INFO:
- Valid actions: ['J2']
- Machine states:
  - Machine M1: Time=7037.00, Idle=113.00, Material=Citybike_Steuerrohr_ausgerieben
  - Machine M2: Time=7150.00, Idle=0.00, Material=Racebike_Antrieb_installiert
  - Machine M3: Time=7093.00, Idle=57.00, Material=Citybike_Fahrrad_endmontiert
==================================================

2025-06-19 11:36:27,336 - JSPGymEnvironment - INFO - Material change on machine M2: Racebike_Antrieb_installiert -> Racebike_Hinterbau_vorbereitet, setup time: 20
2025-06-19 11:36:27,336 - JSPGymEnvironment - INFO - Executed operation: Job J2, Op 2, Machine M2, Start: 7170, End: 7183, Setup: 20
2025-06-19 11:36:27,336 - JSPGymEnvironment - INFO - 
===== REWARD DETAILS FOR STEP 121 =====
Job: J2, Operation: 2, Job Completed: False
Current Time: 7150.00 -> 7183.00, Setup Time: 20.00
Processing Time: 13.00, Idle Time: 0.00
Completed Jobs: 19/20
Machine: M2, Material: Racebike_Hinterbau_vorbereitet

REWARD COMPONENTS:
- makespan_reward: -0.1650
- setup_reward: -5.0000
- deadline_reward: 0.0000
- priority_reward: 0.0000
- critical_job_reward: 0.5000
- placement_reward: -59.6154
- timeliness_reward: -5.5980
- machine_idle_penalty: -2.9500

TOTAL REWARD: -72.8283

CUMULATIVE REWARD COMPONENTS:
- makespan_reward: -35.9150
- setup_reward: -865.5000
- deadline_reward: -17.0658
- priority_reward: 524.0000
- critical_job_reward: 64.0941
- placement_reward: -249.1035
- timeliness_reward: 75.4421
- machine_idle_penalty: -550.4500

CUMULATIVE TOTAL: -1054.4982

CRITICAL STATE INFO:
- Valid actions: ['J2']
- Machine states:
  - Machine M1: Time=7037.00, Idle=146.00, Material=Citybike_Steuerrohr_ausgerieben
  - Machine M2: Time=7183.00, Idle=0.00, Material=Racebike_Hinterbau_vorbereitet
  - Machine M3: Time=7093.00, Idle=90.00, Material=Citybike_Fahrrad_endmontiert
==================================================

2025-06-19 11:36:27,347 - JSPGymEnvironment - INFO - Material change on machine M1: Citybike_Steuerrohr_ausgerieben -> Racebike_Bremsen_justiert, setup time: 30
2025-06-19 11:36:27,348 - JSPGymEnvironment - INFO - Executed operation: Job J2, Op 3, Machine M1, Start: 7213, End: 7240, Setup: 30
2025-06-19 11:36:27,348 - JSPGymEnvironment - INFO - 
===== REWARD DETAILS FOR STEP 122 =====
Job: J2, Operation: 3, Job Completed: False
Current Time: 7183.00 -> 7240.00, Setup Time: 30.00
Processing Time: 27.00, Idle Time: 0.00
Completed Jobs: 19/20
Machine: M1, Material: Racebike_Bremsen_justiert

REWARD COMPONENTS:
- makespan_reward: -0.2850
- setup_reward: -7.5000
- deadline_reward: 0.0000
- priority_reward: 0.0000
- critical_job_reward: 0.5000
- placement_reward: -3.5000
- timeliness_reward: -5.5982
- machine_idle_penalty: -2.5500

TOTAL REWARD: -18.9332

CUMULATIVE REWARD COMPONENTS:
- makespan_reward: -36.2000
- setup_reward: -873.0000
- deadline_reward: -17.0658
- priority_reward: 524.0000
- critical_job_reward: 64.5941
- placement_reward: -252.6035
- timeliness_reward: 69.8439
- machine_idle_penalty: -553.0000

CUMULATIVE TOTAL: -1073.4314

CRITICAL STATE INFO:
- Valid actions: ['J2']
- Machine states:
  - Machine M1: Time=7240.00, Idle=0.00, Material=Racebike_Bremsen_justiert
  - Machine M2: Time=7183.00, Idle=57.00, Material=Racebike_Hinterbau_vorbereitet
  - Machine M3: Time=7093.00, Idle=147.00, Material=Citybike_Fahrrad_endmontiert
==================================================

2025-06-19 11:36:27,359 - JSPGymEnvironment - INFO - Material change on machine M2: Racebike_Hinterbau_vorbereitet -> Racebike_Steuerrohr_ausgerieben, setup time: 20
2025-06-19 11:36:27,359 - JSPGymEnvironment - INFO - Executed operation: Job J2, Op 4, Machine M2, Start: 7260, End: 7286, Setup: 20
2025-06-19 11:36:27,359 - JSPGymEnvironment - INFO - 
===== REWARD DETAILS FOR STEP 123 =====
Job: J2, Operation: 4, Job Completed: False
Current Time: 7240.00 -> 7286.00, Setup Time: 20.00
Processing Time: 26.00, Idle Time: 0.00
Completed Jobs: 19/20
Machine: M2, Material: Racebike_Steuerrohr_ausgerieben

REWARD COMPONENTS:
- makespan_reward: -0.2300
- setup_reward: -5.0000
- deadline_reward: 0.0000
- priority_reward: 0.0000
- critical_job_reward: 0.5000
- placement_reward: -3.6250
- timeliness_reward: -5.5983
- machine_idle_penalty: -2.9875

TOTAL REWARD: -16.9408

CUMULATIVE REWARD COMPONENTS:
- makespan_reward: -36.4300
- setup_reward: -878.0000
- deadline_reward: -17.0658
- priority_reward: 524.0000
- critical_job_reward: 65.0941
- placement_reward: -256.2285
- timeliness_reward: 64.2455
- machine_idle_penalty: -555.9875

CUMULATIVE TOTAL: -1090.3722

CRITICAL STATE INFO:
- Valid actions: ['J2']
- Machine states:
  - Machine M1: Time=7240.00, Idle=46.00, Material=Racebike_Bremsen_justiert
  - Machine M2: Time=7286.00, Idle=0.00, Material=Racebike_Steuerrohr_ausgerieben
  - Machine M3: Time=7093.00, Idle=193.00, Material=Citybike_Fahrrad_endmontiert
==================================================

2025-06-19 11:36:27,369 - JSPGymEnvironment - INFO - Material change on machine M3: Citybike_Fahrrad_endmontiert -> Racebike_Tretlager_gefraest, setup time: 12
2025-06-19 11:36:27,370 - JSPGymEnvironment - INFO - Executed operation: Job J2, Op 5, Machine M3, Start: 7298, End: 7318, Setup: 12
2025-06-19 11:36:27,370 - JSPGymEnvironment - INFO - 
===== REWARD DETAILS FOR STEP 124 =====
Job: J2, Operation: 5, Job Completed: False
Current Time: 7286.00 -> 7318.00, Setup Time: 12.00
Processing Time: 20.00, Idle Time: 0.00
Completed Jobs: 19/20
Machine: M3, Material: Racebike_Tretlager_gefraest

REWARD COMPONENTS:
- makespan_reward: -0.1600
- setup_reward: -3.0000
- deadline_reward: 0.0000
- priority_reward: 0.0000
- critical_job_reward: 0.5000
- placement_reward: -2.5000
- timeliness_reward: -5.5985
- machine_idle_penalty: -1.3750

TOTAL REWARD: -12.1335

CUMULATIVE REWARD COMPONENTS:
- makespan_reward: -36.5900
- setup_reward: -881.0000
- deadline_reward: -17.0658
- priority_reward: 524.0000
- critical_job_reward: 65.5941
- placement_reward: -258.7285
- timeliness_reward: 58.6471
- machine_idle_penalty: -557.3625

CUMULATIVE TOTAL: -1102.5057

CRITICAL STATE INFO:
- Valid actions: ['J2']
- Machine states:
  - Machine M1: Time=7240.00, Idle=78.00, Material=Racebike_Bremsen_justiert
  - Machine M2: Time=7286.00, Idle=32.00, Material=Racebike_Steuerrohr_ausgerieben
  - Machine M3: Time=7318.00, Idle=0.00, Material=Racebike_Tretlager_gefraest
==================================================

2025-06-19 11:36:27,383 - JSPGymEnvironment - INFO - Material change on machine M3: Racebike_Tretlager_gefraest -> Racebike_Tretlageraufnahme_geschweisst, setup time: 15
2025-06-19 11:36:27,384 - JSPGymEnvironment - INFO - Executed operation: Job J2, Op 6, Machine M3, Start: 7333, End: 7368, Setup: 15
2025-06-19 11:36:27,384 - JSPGymEnvironment - INFO - 
===== REWARD DETAILS FOR STEP 125 =====
Job: J2, Operation: 6, Job Completed: False
Current Time: 7318.00 -> 7368.00, Setup Time: 15.00
Processing Time: 35.00, Idle Time: 0.00
Completed Jobs: 19/20
Machine: M3, Material: Racebike_Tretlageraufnahme_geschweisst

REWARD COMPONENTS:
- makespan_reward: -0.2500
- setup_reward: -3.7500
- deadline_reward: 0.0000
- priority_reward: 0.0000
- critical_job_reward: 0.5000
- placement_reward: -6.7143
- timeliness_reward: -5.5986
- machine_idle_penalty: -2.6250

TOTAL REWARD: -18.4379

CUMULATIVE REWARD COMPONENTS:
- makespan_reward: -36.8400
- setup_reward: -884.7500
- deadline_reward: -17.0658
- priority_reward: 524.0000
- critical_job_reward: 66.0941
- placement_reward: -265.4428
- timeliness_reward: 53.0485
- machine_idle_penalty: -559.9875

CUMULATIVE TOTAL: -1120.9436

CRITICAL STATE INFO:
- Valid actions: ['J2']
- Machine states:
  - Machine M1: Time=7240.00, Idle=128.00, Material=Racebike_Bremsen_justiert
  - Machine M2: Time=7286.00, Idle=82.00, Material=Racebike_Steuerrohr_ausgerieben
  - Machine M3: Time=7368.00, Idle=0.00, Material=Racebike_Tretlageraufnahme_geschweisst
==================================================

2025-06-19 11:36:27,397 - JSPGymEnvironment - INFO - Material change on machine M1: Racebike_Bremsen_justiert -> Racebike_Rahmen_komplettiert, setup time: 40
2025-06-19 11:36:27,397 - JSPGymEnvironment - INFO - Executed operation: Job J2, Op 7, Machine M1, Start: 7408, End: 7432, Setup: 40
2025-06-19 11:36:27,397 - JSPGymEnvironment - INFO - Job J2 completed at time 7432, deadline: 2880, met: False, priority: 10
2025-06-19 11:36:27,397 - JSPGymEnvironment - INFO - 
===== REWARD DETAILS FOR STEP 126 =====
Job: J2, Operation: 7, Job Completed: True
Current Time: 7368.00 -> 7432.00, Setup Time: 40.00
Processing Time: 24.00, Idle Time: 0.00
Completed Jobs: 20/20
Machine: M1, Material: Racebike_Rahmen_komplettiert
Job Deadline: 2880.00 (Missed), Priority: 10

REWARD COMPONENTS:
- makespan_reward: -0.3200
- setup_reward: -10.0000
- deadline_reward: -3.9514
- priority_reward: 40.0000
- critical_job_reward: 0.5000
- placement_reward: -3.5000
- timeliness_reward: 2.4000
- machine_idle_penalty: -2.6250

TOTAL REWARD: 22.5036

CUMULATIVE REWARD COMPONENTS:
- makespan_reward: -37.1600
- setup_reward: -894.7500
- deadline_reward: -21.0172
- priority_reward: 564.0000
- critical_job_reward: 66.5941
- placement_reward: -268.9428
- timeliness_reward: 55.4485
- machine_idle_penalty: -562.6125

CUMULATIVE TOTAL: -1098.4400

CRITICAL STATE INFO:
- Valid actions: []
- Machine states:
  - Machine M1: Time=7432.00, Idle=0.00, Material=Racebike_Rahmen_komplettiert
  - Machine M2: Time=7286.00, Idle=146.00, Material=Racebike_Steuerrohr_ausgerieben
  - Machine M3: Time=7368.00, Idle=64.00, Material=Racebike_Tretlageraufnahme_geschweisst
==================================================

2025-06-19 11:36:27,397 - JSPGymEnvironment - INFO - Retro-Bonus für Job J2: -5.0
2025-06-19 11:36:27,398 - JSPGymEnvironment - INFO - Reward function updated with 58 insights
2025-06-19 11:36:27,398 - JSPGymEnvironment - INFO -   Material change on critical path at Job 1 Operation 0 on Machine M2 (Severity: 1.45)
2025-06-19 11:36:27,398 - JSPGymEnvironment - INFO -   Material change on critical path at Job 1 Operation 1 on Machine M2 (Severity: 1.45)
2025-06-19 11:36:27,398 - JSPGymEnvironment - INFO -   Idle time on critical path before Job 1 Operation 1 on Machine M2 (Severity: 20.43)
2025-06-19 11:36:27,398 - JSPGymEnvironment - INFO -   Material change on critical path at Job 1 Operation 2 on Machine M2 (Severity: 1.00)
2025-06-19 11:36:27,398 - JSPGymEnvironment - INFO -   Idle time on critical path before Job 1 Operation 2 on Machine M2 (Severity: 1.54)
2025-06-19 11:36:27,398 - JSPGymEnvironment - INFO -   Material change on critical path at Job 1 Operation 3 on Machine M1 (Severity: 0.75)
2025-06-19 11:36:27,398 - JSPGymEnvironment - INFO -   Material change on critical path at Job 1 Operation 4 on Machine M2 (Severity: 1.00)
2025-06-19 11:36:27,398 - JSPGymEnvironment - INFO -   Material change on critical path at Job 1 Operation 5 on Machine M3 (Severity: 0.80)
2025-06-19 11:36:27,398 - JSPGymEnvironment - INFO -   Material change on critical path at Job 1 Operation 6 on Machine M3 (Severity: 1.00)
2025-06-19 11:36:27,398 - JSPGymEnvironment - INFO -   Idle time on critical path before Job 1 Operation 6 on Machine M3 (Severity: 0.43)
2025-06-19 11:36:27,398 - JSPGymEnvironment - INFO -   Material change on critical path at Job 1 Operation 7 on Machine M1 (Severity: 1.00)
2025-06-19 11:36:27,398 - JSPGymEnvironment - INFO -   High priority (9) not on critical path: Job 4 Operation 0 (Severity: 0.67)
2025-06-19 11:36:27,398 - JSPGymEnvironment - INFO -   High priority (8) not on critical path: Job 15 Operation 0 (Severity: 0.33)
2025-06-19 11:36:27,398 - JSPGymEnvironment - INFO -   High priority (9) not on critical path: Job 11 Operation 0 (Severity: 0.67)
2025-06-19 11:36:27,398 - JSPGymEnvironment - INFO -   High priority (9) not on critical path: Job 8 Operation 0 (Severity: 0.67)
2025-06-19 11:36:27,398 - JSPGymEnvironment - INFO -   High priority (9) not on critical path: Job 11 Operation 1 (Severity: 0.67)
2025-06-19 11:36:27,398 - JSPGymEnvironment - INFO -   High priority (8) not on critical path: Job 15 Operation 1 (Severity: 0.33)
2025-06-19 11:36:27,398 - JSPGymEnvironment - INFO -   High priority (8) not on critical path: Job 15 Operation 2 (Severity: 0.33)
2025-06-19 11:36:27,398 - JSPGymEnvironment - INFO -   High priority (10) not on critical path: Job 9 Operation 0 (Severity: 1.00)
2025-06-19 11:36:27,398 - JSPGymEnvironment - INFO -   High priority (10) not on critical path: Job 9 Operation 1 (Severity: 1.00)
2025-06-19 11:36:27,398 - JSPGymEnvironment - INFO -   High priority (9) not on critical path: Job 19 Operation 0 (Severity: 0.67)
2025-06-19 11:36:27,398 - JSPGymEnvironment - INFO -   High priority (8) not on critical path: Job 7 Operation 0 (Severity: 0.33)
2025-06-19 11:36:27,398 - JSPGymEnvironment - INFO -   High priority (9) not on critical path: Job 4 Operation 1 (Severity: 0.67)
2025-06-19 11:36:27,398 - JSPGymEnvironment - INFO -   High priority (9) not on critical path: Job 11 Operation 2 (Severity: 0.67)
2025-06-19 11:36:27,398 - JSPGymEnvironment - INFO -   High priority (9) not on critical path: Job 11 Operation 3 (Severity: 0.67)
2025-06-19 11:36:27,398 - JSPGymEnvironment - INFO -   High priority (10) not on critical path: Job 9 Operation 2 (Severity: 1.00)
2025-06-19 11:36:27,398 - JSPGymEnvironment - INFO -   High priority (8) not on critical path: Job 7 Operation 1 (Severity: 0.33)
2025-06-19 11:36:27,398 - JSPGymEnvironment - INFO -   High priority (8) not on critical path: Job 7 Operation 2 (Severity: 0.33)
2025-06-19 11:36:27,398 - JSPGymEnvironment - INFO -   High priority (9) not on critical path: Job 4 Operation 2 (Severity: 0.67)
2025-06-19 11:36:27,398 - JSPGymEnvironment - INFO -   High priority (9) not on critical path: Job 19 Operation 1 (Severity: 0.67)
2025-06-19 11:36:27,398 - JSPGymEnvironment - INFO -   High priority (8) not on critical path: Job 7 Operation 3 (Severity: 0.33)
2025-06-19 11:36:27,398 - JSPGymEnvironment - INFO -   High priority (10) not on critical path: Job 9 Operation 3 (Severity: 1.00)
2025-06-19 11:36:27,398 - JSPGymEnvironment - INFO -   High priority (10) not on critical path: Job 9 Operation 4 (Severity: 1.00)
2025-06-19 11:36:27,398 - JSPGymEnvironment - INFO -   High priority (9) not on critical path: Job 19 Operation 2 (Severity: 0.67)
2025-06-19 11:36:27,398 - JSPGymEnvironment - INFO -   High priority (9) not on critical path: Job 19 Operation 3 (Severity: 0.67)
2025-06-19 11:36:27,398 - JSPGymEnvironment - INFO -   High priority (9) not on critical path: Job 8 Operation 1 (Severity: 0.67)
2025-06-19 11:36:27,398 - JSPGymEnvironment - INFO -   High priority (8) not on critical path: Job 7 Operation 4 (Severity: 0.33)
2025-06-19 11:36:27,398 - JSPGymEnvironment - INFO -   High priority (9) not on critical path: Job 4 Operation 3 (Severity: 0.67)
2025-06-19 11:36:27,398 - JSPGymEnvironment - INFO -   High priority (8) not on critical path: Job 7 Operation 5 (Severity: 0.33)
2025-06-19 11:36:27,398 - JSPGymEnvironment - INFO -   High priority (8) not on critical path: Job 7 Operation 6 (Severity: 0.33)
2025-06-19 11:36:27,398 - JSPGymEnvironment - INFO -   High priority (9) not on critical path: Job 19 Operation 4 (Severity: 0.67)
2025-06-19 11:36:27,398 - JSPGymEnvironment - INFO -   High priority (9) not on critical path: Job 4 Operation 4 (Severity: 0.67)
2025-06-19 11:36:27,398 - JSPGymEnvironment - INFO -   High priority (9) not on critical path: Job 11 Operation 4 (Severity: 0.67)
2025-06-19 11:36:27,398 - JSPGymEnvironment - INFO -   High priority (9) not on critical path: Job 4 Operation 5 (Severity: 0.67)
2025-06-19 11:36:27,398 - JSPGymEnvironment - INFO -   High priority (8) not on critical path: Job 15 Operation 3 (Severity: 0.33)
2025-06-19 11:36:27,398 - JSPGymEnvironment - INFO -   High priority (9) not on critical path: Job 11 Operation 5 (Severity: 0.67)
2025-06-19 11:36:27,398 - JSPGymEnvironment - INFO -   High priority (9) not on critical path: Job 8 Operation 2 (Severity: 0.67)
2025-06-19 11:36:27,398 - JSPGymEnvironment - INFO -   High priority (8) not on critical path: Job 7 Operation 7 (Severity: 0.33)
2025-06-19 11:36:27,398 - JSPGymEnvironment - INFO -   High priority (9) not on critical path: Job 8 Operation 3 (Severity: 0.67)
2025-06-19 11:36:27,398 - JSPGymEnvironment - INFO -   High priority (9) not on critical path: Job 3 Operation 0 (Severity: 0.67)
2025-06-19 11:36:27,398 - JSPGymEnvironment - INFO -   High priority (8) not on critical path: Job 15 Operation 4 (Severity: 0.33)
2025-06-19 11:36:27,398 - JSPGymEnvironment - INFO -   High priority (9) not on critical path: Job 3 Operation 1 (Severity: 0.67)
2025-06-19 11:36:27,398 - JSPGymEnvironment - INFO -   High priority (9) not on critical path: Job 8 Operation 4 (Severity: 0.67)
2025-06-19 11:36:27,398 - JSPGymEnvironment - INFO -   High priority (9) not on critical path: Job 8 Operation 5 (Severity: 0.67)
2025-06-19 11:36:27,398 - JSPGymEnvironment - INFO -   High priority (9) not on critical path: Job 3 Operation 2 (Severity: 0.67)
2025-06-19 11:36:27,398 - JSPGymEnvironment - INFO -   High priority (9) not on critical path: Job 3 Operation 3 (Severity: 0.67)
2025-06-19 11:36:27,398 - JSPGymEnvironment - INFO -   High priority (9) not on critical path: Job 3 Operation 4 (Severity: 0.67)
2025-06-19 11:36:27,398 - JSPGymEnvironment - INFO -   High priority (9) not on critical path: Job 3 Operation 5 (Severity: 0.67)
2025-06-19 11:36:27,398 - JSPGymEnvironment - INFO - Episode completed. Critical path: 8 operations, Suboptimal placements: 58
2025-06-19 11:36:27,398 - JSPGymEnvironment - INFO - Reward components: {'makespan_reward': -0.32, 'setup_reward': -10.0, 'deadline_reward': -3.951388888888889, 'priority_reward': 40.0, 'critical_job_reward': np.float64(0.5), 'placement_reward': -3.5, 'timeliness_reward': 2.4, 'machine_idle_penalty': -2.625}
