2025-04-10 12:09:45,465 - JSPGymEnvironment - INFO - Environment reset
2025-04-10 12:09:45,531 - JSPGymEnvironment - INFO - Environment reset
2025-04-10 12:09:45,576 - JSPGymEnvironment - INFO - Material change on machine M1:  -> E-Bike_Hauptrahmen_zugeschnitten, setup time: 0
2025-04-10 12:09:45,576 - JSPGymEnvironment - INFO - Executed operation: Job J19, Op 0, Machine M1, Start: 0.0, End: 15.0, Setup: 0
2025-04-10 12:09:45,610 - JSPGymEnvironment - INFO - Material change on machine M1: E-Bike_Hauptrahmen_zugeschnitten -> Racebike_Hauptrahmen_zugeschnitten, setup time: 40
2025-04-10 12:09:45,610 - JSPGymEnvironment - INFO - Executed operation: Job J16, Op 0, Machine M1, Start: 55.0, End: 81.0, Setup: 40
2025-04-10 12:09:45,648 - JSPGymEnvironment - INFO - Material change on machine M2:  -> E-Bike_Schaltauge_bearbeitet, setup time: 0
2025-04-10 12:09:45,648 - JSPGymEnvironment - INFO - Executed operation: Job J19, Op 1, Machine M2, Start: 81.0, End: 111.0, Setup: 0
2025-04-10 12:09:45,684 - JSPGymEnvironment - INFO - Material change on machine M3:  -> E-Bike_Antrieb_installiert, setup time: 0
2025-04-10 12:09:45,684 - JSPGymEnvironment - INFO - Executed operation: Job J19, Op 2, Machine M3, Start: 111.0, End: 133.0, Setup: 0
2025-04-10 12:09:45,721 - JSPGymEnvironment - INFO - Material change on machine M1: Racebike_Hauptrahmen_zugeschnitten -> Mountainbike_Hauptrahmen_zugeschnitten, setup time: 40
2025-04-10 12:09:45,721 - JSPGymEnvironment - INFO - Executed operation: Job J12, Op 0, Machine M1, Start: 173.0, End: 204.0, Setup: 40
2025-04-10 12:09:45,756 - JSPGymEnvironment - INFO - Material change on machine M2: E-Bike_Schaltauge_bearbeitet -> E-Bike_Bremsaufnahme_gebohrt, setup time: 20
2025-04-10 12:09:45,757 - JSPGymEnvironment - INFO - Executed operation: Job J19, Op 3, Machine M2, Start: 224.0, End: 237.0, Setup: 20
2025-04-10 12:09:45,789 - JSPGymEnvironment - INFO - Material change on machine M2: E-Bike_Bremsaufnahme_gebohrt -> E-Bike_Rahmen_nachbearbeitet, setup time: 20
2025-04-10 12:09:45,790 - JSPGymEnvironment - INFO - Executed operation: Job J19, Op 4, Machine M2, Start: 257.0, End: 274.0, Setup: 20
2025-04-10 12:09:45,820 - JSPGymEnvironment - INFO - Executed operation: Job J19, Op 5, Machine M2, Start: 289.0, End: 310.0, Setup: 15
2025-04-10 12:09:45,848 - JSPGymEnvironment - INFO - Material change on machine M2: E-Bike_Rahmen_nachbearbeitet -> E-Bike_Fahrrad_endmontiert, setup time: 20
2025-04-10 12:09:45,848 - JSPGymEnvironment - INFO - Executed operation: Job J19, Op 6, Machine M2, Start: 330.0, End: 355.0, Setup: 20
2025-04-10 12:09:45,848 - JSPGymEnvironment - INFO - Job J19 completed at time 355.0, deadline: 2737, met: True, priority: 8
2025-04-10 12:09:45,875 - JSPGymEnvironment - INFO - Material change on machine M1: Mountainbike_Hauptrahmen_zugeschnitten -> Racebike_Hauptrahmen_zugeschnitten, setup time: 40
2025-04-10 12:09:45,875 - JSPGymEnvironment - INFO - Executed operation: Job J7, Op 0, Machine M1, Start: 395.0, End: 430.0, Setup: 40
2025-04-10 12:09:46,096 - JSPGymEnvironment - INFO - Material change on machine M2: E-Bike_Fahrrad_endmontiert -> Racebike_Schaltauge_bearbeitet, setup time: 20
2025-04-10 12:09:46,096 - JSPGymEnvironment - INFO - Executed operation: Job J7, Op 1, Machine M2, Start: 450.0, End: 473.0, Setup: 20
2025-04-10 12:09:46,133 - JSPGymEnvironment - INFO - Executed operation: Job J6, Op 0, Machine M1, Start: 498.0, End: 534.0, Setup: 25
2025-04-10 12:09:46,165 - JSPGymEnvironment - INFO - Material change on machine M1: Racebike_Hauptrahmen_zugeschnitten -> Citybike_Hauptrahmen_zugeschnitten, setup time: 40
2025-04-10 12:09:46,165 - JSPGymEnvironment - INFO - Executed operation: Job J9, Op 0, Machine M1, Start: 574.0, End: 614.0, Setup: 40
2025-04-10 12:09:46,198 - JSPGymEnvironment - INFO - Material change on machine M2: Racebike_Schaltauge_bearbeitet -> Mountainbike_Schaltauge_bearbeitet, setup time: 20
2025-04-10 12:09:46,198 - JSPGymEnvironment - INFO - Executed operation: Job J12, Op 1, Machine M2, Start: 634.0, End: 656.0, Setup: 20
2025-04-10 12:09:46,230 - JSPGymEnvironment - INFO - Material change on machine M1: Citybike_Hauptrahmen_zugeschnitten -> Mountainbike_Hauptrahmen_zugeschnitten, setup time: 40
2025-04-10 12:09:46,230 - JSPGymEnvironment - INFO - Executed operation: Job J20, Op 0, Machine M1, Start: 696.0, End: 715.0, Setup: 40
2025-04-10 12:09:46,265 - JSPGymEnvironment - INFO - Material change on machine M3: E-Bike_Antrieb_installiert -> Racebike_Antrieb_installiert, setup time: 15
2025-04-10 12:09:46,265 - JSPGymEnvironment - INFO - Executed operation: Job J7, Op 2, Machine M3, Start: 730.0, End: 754.0, Setup: 15
2025-04-10 12:09:46,295 - JSPGymEnvironment - INFO - Material change on machine M2: Mountainbike_Schaltauge_bearbeitet -> Racebike_Bremsaufnahme_gebohrt, setup time: 20
2025-04-10 12:09:46,295 - JSPGymEnvironment - INFO - Executed operation: Job J7, Op 3, Machine M2, Start: 774.0, End: 797.0, Setup: 20
2025-04-10 12:09:46,326 - JSPGymEnvironment - INFO - Material change on machine M1: Mountainbike_Hauptrahmen_zugeschnitten -> E-Bike_Hauptrahmen_zugeschnitten, setup time: 40
2025-04-10 12:09:46,326 - JSPGymEnvironment - INFO - Executed operation: Job J3, Op 0, Machine M1, Start: 837.0, End: 871.0, Setup: 40
2025-04-10 12:09:46,360 - JSPGymEnvironment - INFO - Material change on machine M1: E-Bike_Hauptrahmen_zugeschnitten -> Racebike_Hauptrahmen_zugeschnitten, setup time: 40
2025-04-10 12:09:46,361 - JSPGymEnvironment - INFO - Executed operation: Job J4, Op 0, Machine M1, Start: 911.0, End: 936.0, Setup: 40
2025-04-10 12:09:46,393 - JSPGymEnvironment - INFO - Material change on machine M2: Racebike_Bremsaufnahme_gebohrt -> Citybike_Schaltauge_bearbeitet, setup time: 20
2025-04-10 12:09:46,393 - JSPGymEnvironment - INFO - Executed operation: Job J9, Op 1, Machine M2, Start: 956.0, End: 972.0, Setup: 20
2025-04-10 12:09:46,430 - JSPGymEnvironment - INFO - Material change on machine M2: Citybike_Schaltauge_bearbeitet -> E-Bike_Schaltauge_bearbeitet, setup time: 20
2025-04-10 12:09:46,430 - JSPGymEnvironment - INFO - Executed operation: Job J3, Op 1, Machine M2, Start: 992.0, End: 1012.0, Setup: 20
2025-04-10 12:09:46,459 - JSPGymEnvironment - INFO - Material change on machine M3: Racebike_Antrieb_installiert -> Mountainbike_Antrieb_installiert, setup time: 15
2025-04-10 12:09:46,459 - JSPGymEnvironment - INFO - Executed operation: Job J12, Op 2, Machine M3, Start: 1027.0, End: 1072.0, Setup: 15
2025-04-10 12:09:46,496 - JSPGymEnvironment - INFO - Material change on machine M2: E-Bike_Schaltauge_bearbeitet -> Racebike_Schaltauge_bearbeitet, setup time: 20
2025-04-10 12:09:46,496 - JSPGymEnvironment - INFO - Executed operation: Job J6, Op 1, Machine M2, Start: 1092.0, End: 1105.0, Setup: 20
2025-04-10 12:09:46,533 - JSPGymEnvironment - INFO - Material change on machine M3: Mountainbike_Antrieb_installiert -> E-Bike_Antrieb_installiert, setup time: 15
2025-04-10 12:09:46,533 - JSPGymEnvironment - INFO - Executed operation: Job J3, Op 2, Machine M3, Start: 1120.0, End: 1178.0, Setup: 15
2025-04-10 12:09:46,779 - JSPGymEnvironment - INFO - Executed operation: Job J16, Op 1, Machine M2, Start: 1193.0, End: 1208.0, Setup: 15
2025-04-10 12:09:46,812 - JSPGymEnvironment - INFO - Material change on machine M3: E-Bike_Antrieb_installiert -> Citybike_Antrieb_installiert, setup time: 15
2025-04-10 12:09:46,813 - JSPGymEnvironment - INFO - Executed operation: Job J9, Op 2, Machine M3, Start: 1223.0, End: 1277.0, Setup: 15
2025-04-10 12:09:46,853 - JSPGymEnvironment - INFO - Material change on machine M1: Racebike_Hauptrahmen_zugeschnitten -> Citybike_Hauptrahmen_zugeschnitten, setup time: 40
2025-04-10 12:09:46,853 - JSPGymEnvironment - INFO - Executed operation: Job J17, Op 0, Machine M1, Start: 1317.0, End: 1355.0, Setup: 40
2025-04-10 12:09:46,889 - JSPGymEnvironment - INFO - Material change on machine M2: Racebike_Schaltauge_bearbeitet -> Mountainbike_Bremsaufnahme_gebohrt, setup time: 20
2025-04-10 12:09:46,889 - JSPGymEnvironment - INFO - Executed operation: Job J12, Op 3, Machine M2, Start: 1375.0, End: 1401.0, Setup: 20
2025-04-10 12:09:46,920 - JSPGymEnvironment - INFO - Material change on machine M1: Citybike_Hauptrahmen_zugeschnitten -> Racebike_Hauptrahmen_zugeschnitten, setup time: 40
2025-04-10 12:09:46,920 - JSPGymEnvironment - INFO - Executed operation: Job J15, Op 0, Machine M1, Start: 1441.0, End: 1464.0, Setup: 40
2025-04-10 12:09:46,947 - JSPGymEnvironment - INFO - Material change on machine M2: Mountainbike_Bremsaufnahme_gebohrt -> Citybike_Bremsaufnahme_gebohrt, setup time: 20
2025-04-10 12:09:46,947 - JSPGymEnvironment - INFO - Executed operation: Job J9, Op 3, Machine M2, Start: 1484.0, End: 1507.0, Setup: 20
2025-04-10 12:09:46,975 - JSPGymEnvironment - INFO - Material change on machine M3: Citybike_Antrieb_installiert -> Racebike_Antrieb_installiert, setup time: 15
2025-04-10 12:09:46,975 - JSPGymEnvironment - INFO - Executed operation: Job J6, Op 2, Machine M3, Start: 1522.0, End: 1560.0, Setup: 15
2025-04-10 12:09:47,001 - JSPGymEnvironment - INFO - Material change on machine M2: Citybike_Bremsaufnahme_gebohrt -> Racebike_Rahmen_nachbearbeitet, setup time: 20
2025-04-10 12:09:47,002 - JSPGymEnvironment - INFO - Executed operation: Job J7, Op 4, Machine M2, Start: 1580.0, End: 1606.0, Setup: 20
2025-04-10 12:09:47,029 - JSPGymEnvironment - INFO - Material change on machine M2: Racebike_Rahmen_nachbearbeitet -> Racebike_Schaltauge_bearbeitet, setup time: 20
2025-04-10 12:09:47,030 - JSPGymEnvironment - INFO - Executed operation: Job J4, Op 1, Machine M2, Start: 1626.0, End: 1641.0, Setup: 20
2025-04-10 12:09:47,058 - JSPGymEnvironment - INFO - Material change on machine M2: Racebike_Schaltauge_bearbeitet -> Mountainbike_Rahmen_nachbearbeitet, setup time: 20
2025-04-10 12:09:47,058 - JSPGymEnvironment - INFO - Executed operation: Job J12, Op 4, Machine M2, Start: 1661.0, End: 1689.0, Setup: 20
2025-04-10 12:09:47,086 - JSPGymEnvironment - INFO - Executed operation: Job J4, Op 2, Machine M3, Start: 1699.0, End: 1739.0, Setup: 10
2025-04-10 12:09:47,117 - JSPGymEnvironment - INFO - Material change on machine M2: Mountainbike_Rahmen_nachbearbeitet -> Citybike_Rahmen_nachbearbeitet, setup time: 20
2025-04-10 12:09:47,118 - JSPGymEnvironment - INFO - Executed operation: Job J9, Op 4, Machine M2, Start: 1759.0, End: 1771.0, Setup: 20
2025-04-10 12:09:47,155 - JSPGymEnvironment - INFO - Material change on machine M2: Citybike_Rahmen_nachbearbeitet -> Racebike_Rahmen_nachbearbeitet, setup time: 20
2025-04-10 12:09:47,155 - JSPGymEnvironment - INFO - Executed operation: Job J7, Op 5, Machine M2, Start: 1791.0, End: 1809.0, Setup: 20
2025-04-10 12:09:47,391 - JSPGymEnvironment - INFO - Material change on machine M2: Racebike_Rahmen_nachbearbeitet -> Mountainbike_Rahmen_nachbearbeitet, setup time: 20
2025-04-10 12:09:47,412 - JSPGymEnvironment - INFO - Executed operation: Job J12, Op 5, Machine M2, Start: 1829.0, End: 1857.0, Setup: 20
2025-04-10 12:09:47,455 - JSPGymEnvironment - INFO - Material change on machine M2: Mountainbike_Rahmen_nachbearbeitet -> Racebike_Rahmen_nachbearbeitet, setup time: 20
2025-04-10 12:09:47,455 - JSPGymEnvironment - INFO - Executed operation: Job J7, Op 6, Machine M2, Start: 1877.0, End: 1892.0, Setup: 20
2025-04-10 12:09:47,487 - JSPGymEnvironment - INFO - Material change on machine M1: Racebike_Hauptrahmen_zugeschnitten -> E-Bike_Hauptrahmen_zugeschnitten, setup time: 40
2025-04-10 12:09:47,487 - JSPGymEnvironment - INFO - Executed operation: Job J13, Op 0, Machine M1, Start: 1932.0, End: 1973.0, Setup: 40
2025-04-10 12:09:47,522 - JSPGymEnvironment - INFO - Material change on machine M2: Racebike_Rahmen_nachbearbeitet -> Mountainbike_Schaltauge_bearbeitet, setup time: 20
2025-04-10 12:09:47,522 - JSPGymEnvironment - INFO - Executed operation: Job J20, Op 1, Machine M2, Start: 1993.0, End: 2018.0, Setup: 20
2025-04-10 12:09:47,558 - JSPGymEnvironment - INFO - Material change on machine M2: Mountainbike_Schaltauge_bearbeitet -> Racebike_Fahrrad_endmontiert, setup time: 20
2025-04-10 12:09:47,558 - JSPGymEnvironment - INFO - Executed operation: Job J7, Op 7, Machine M2, Start: 2038.0, End: 2063.0, Setup: 20
2025-04-10 12:09:47,558 - JSPGymEnvironment - INFO - Job J7 completed at time 2063.0, deadline: 2880, met: True, priority: 9
2025-04-10 12:09:47,595 - JSPGymEnvironment - INFO - Material change on machine M3: Racebike_Antrieb_installiert -> Citybike_Fahrrad_endmontiert, setup time: 15
2025-04-10 12:09:47,595 - JSPGymEnvironment - INFO - Executed operation: Job J9, Op 5, Machine M3, Start: 2078.0, End: 2129.0, Setup: 15
2025-04-10 12:09:47,628 - JSPGymEnvironment - INFO - Material change on machine M1: E-Bike_Hauptrahmen_zugeschnitten -> Racebike_Hauptrahmen_zugeschnitten, setup time: 40
2025-04-10 12:09:47,628 - JSPGymEnvironment - INFO - Executed operation: Job J1, Op 0, Machine M1, Start: 2169.0, End: 2209.0, Setup: 40
2025-04-10 12:09:47,660 - JSPGymEnvironment - INFO - Material change on machine M2: Racebike_Fahrrad_endmontiert -> Mountainbike_Fahrrad_endmontiert, setup time: 20
2025-04-10 12:09:47,660 - JSPGymEnvironment - INFO - Executed operation: Job J12, Op 6, Machine M2, Start: 2229.0, End: 2251.0, Setup: 20
2025-04-10 12:09:47,660 - JSPGymEnvironment - INFO - Job J12 completed at time 2251.0, deadline: 2863, met: True, priority: 2
2025-04-10 12:09:47,689 - JSPGymEnvironment - INFO - Executed operation: Job J9, Op 6, Machine M3, Start: 2261.0, End: 2284.0, Setup: 10
2025-04-10 12:09:47,689 - JSPGymEnvironment - INFO - Job J9 completed at time 2284.0, deadline: 2880, met: True, priority: 8
2025-04-10 12:09:47,714 - JSPGymEnvironment - INFO - Material change on machine M3: Citybike_Fahrrad_endmontiert -> Mountainbike_Antrieb_installiert, setup time: 15
2025-04-10 12:09:47,714 - JSPGymEnvironment - INFO - Executed operation: Job J20, Op 2, Machine M3, Start: 2299.0, End: 2323.0, Setup: 15
2025-04-10 12:09:47,742 - JSPGymEnvironment - INFO - Material change on machine M2: Mountainbike_Fahrrad_endmontiert -> E-Bike_Bremsaufnahme_gebohrt, setup time: 20
2025-04-10 12:09:47,742 - JSPGymEnvironment - INFO - Executed operation: Job J3, Op 3, Machine M2, Start: 2343.0, End: 2373.0, Setup: 20
2025-04-10 12:09:47,767 - JSPGymEnvironment - INFO - Material change on machine M2: E-Bike_Bremsaufnahme_gebohrt -> E-Bike_Rahmen_nachbearbeitet, setup time: 20
2025-04-10 12:09:47,767 - JSPGymEnvironment - INFO - Executed operation: Job J3, Op 4, Machine M2, Start: 2393.0, End: 2410.0, Setup: 20
2025-04-10 12:09:47,791 - JSPGymEnvironment - INFO - Material change on machine M1: Racebike_Hauptrahmen_zugeschnitten -> Citybike_Hauptrahmen_zugeschnitten, setup time: 40
2025-04-10 12:09:47,792 - JSPGymEnvironment - INFO - Executed operation: Job J2, Op 0, Machine M1, Start: 2450.0, End: 2466.0, Setup: 40
2025-04-10 12:09:47,980 - JSPGymEnvironment - INFO - Material change on machine M2: E-Bike_Rahmen_nachbearbeitet -> Citybike_Schaltauge_bearbeitet, setup time: 20
2025-04-10 12:09:47,980 - JSPGymEnvironment - INFO - Executed operation: Job J2, Op 1, Machine M2, Start: 2486.0, End: 2496.0, Setup: 20
2025-04-10 12:09:48,007 - JSPGymEnvironment - INFO - Material change on machine M2: Citybike_Schaltauge_bearbeitet -> E-Bike_Rahmen_nachbearbeitet, setup time: 20
2025-04-10 12:09:48,007 - JSPGymEnvironment - INFO - Executed operation: Job J3, Op 5, Machine M2, Start: 2516.0, End: 2537.0, Setup: 20
2025-04-10 12:09:48,032 - JSPGymEnvironment - INFO - Material change on machine M2: E-Bike_Rahmen_nachbearbeitet -> Racebike_Schaltauge_bearbeitet, setup time: 20
2025-04-10 12:09:48,032 - JSPGymEnvironment - INFO - Executed operation: Job J1, Op 1, Machine M2, Start: 2557.0, End: 2573.0, Setup: 20
2025-04-10 12:09:48,057 - JSPGymEnvironment - INFO - Material change on machine M2: Racebike_Schaltauge_bearbeitet -> Racebike_Bremsaufnahme_gebohrt, setup time: 20
2025-04-10 12:09:48,057 - JSPGymEnvironment - INFO - Executed operation: Job J4, Op 3, Machine M2, Start: 2593.0, End: 2607.0, Setup: 20
2025-04-10 12:09:48,084 - JSPGymEnvironment - INFO - Material change on machine M2: Racebike_Bremsaufnahme_gebohrt -> Racebike_Rahmen_nachbearbeitet, setup time: 20
2025-04-10 12:09:48,084 - JSPGymEnvironment - INFO - Executed operation: Job J4, Op 4, Machine M2, Start: 2627.0, End: 2652.0, Setup: 20
2025-04-10 12:09:48,113 - JSPGymEnvironment - INFO - Executed operation: Job J11, Op 0, Machine M1, Start: 2677.0, End: 2708.0, Setup: 25
2025-04-10 12:09:48,138 - JSPGymEnvironment - INFO - Material change on machine M2: Racebike_Rahmen_nachbearbeitet -> E-Bike_Fahrrad_endmontiert, setup time: 20
2025-04-10 12:09:48,139 - JSPGymEnvironment - INFO - Executed operation: Job J3, Op 6, Machine M2, Start: 2728.0, End: 2738.0, Setup: 20
2025-04-10 12:09:48,139 - JSPGymEnvironment - INFO - Job J3 completed at time 2738.0, deadline: 2862, met: True, priority: 8
2025-04-10 12:09:48,164 - JSPGymEnvironment - INFO - Material change on machine M3: Mountainbike_Antrieb_installiert -> Mountainbike_Bremsen_justiert, setup time: 15
2025-04-10 12:09:48,164 - JSPGymEnvironment - INFO - Executed operation: Job J20, Op 3, Machine M3, Start: 2753.0, End: 2794.0, Setup: 15
2025-04-10 12:09:48,190 - JSPGymEnvironment - INFO - Material change on machine M3: Mountainbike_Bremsen_justiert -> Citybike_Antrieb_installiert, setup time: 15
2025-04-10 12:09:48,191 - JSPGymEnvironment - INFO - Executed operation: Job J2, Op 2, Machine M3, Start: 2809.0, End: 2837.0, Setup: 15
2025-04-10 12:09:48,216 - JSPGymEnvironment - INFO - Material change on machine M2: E-Bike_Fahrrad_endmontiert -> Citybike_Bremsaufnahme_gebohrt, setup time: 20
2025-04-10 12:09:48,216 - JSPGymEnvironment - INFO - Executed operation: Job J2, Op 3, Machine M2, Start: 2857.0, End: 2878.0, Setup: 20
2025-04-10 12:09:48,241 - JSPGymEnvironment - INFO - Executed operation: Job J14, Op 0, Machine M1, Start: 2903.0, End: 2921.0, Setup: 25
2025-04-10 12:09:48,266 - JSPGymEnvironment - INFO - Material change on machine M2: Citybike_Bremsaufnahme_gebohrt -> Citybike_Schaltauge_bearbeitet, setup time: 20
2025-04-10 12:09:48,266 - JSPGymEnvironment - INFO - Executed operation: Job J11, Op 1, Machine M2, Start: 2941.0, End: 2954.0, Setup: 20
2025-04-10 12:09:48,293 - JSPGymEnvironment - INFO - Material change on machine M2: Citybike_Schaltauge_bearbeitet -> Citybike_Rahmen_nachbearbeitet, setup time: 20
2025-04-10 12:09:48,293 - JSPGymEnvironment - INFO - Executed operation: Job J2, Op 4, Machine M2, Start: 2974.0, End: 2998.0, Setup: 20
2025-04-10 12:09:48,317 - JSPGymEnvironment - INFO - Executed operation: Job J11, Op 2, Machine M3, Start: 3008.0, End: 3050.0, Setup: 10
2025-04-10 12:09:48,343 - JSPGymEnvironment - INFO - Material change on machine M2: Citybike_Rahmen_nachbearbeitet -> Mountainbike_Rahmen_nachbearbeitet, setup time: 20
2025-04-10 12:09:48,343 - JSPGymEnvironment - INFO - Executed operation: Job J20, Op 4, Machine M2, Start: 3070.0, End: 3087.0, Setup: 20
2025-04-10 12:09:48,508 - JSPGymEnvironment - INFO - Executed operation: Job J8, Op 0, Machine M1, Start: 3112.0, End: 3131.0, Setup: 25
2025-04-10 12:09:48,533 - JSPGymEnvironment - INFO - Material change on machine M2: Mountainbike_Rahmen_nachbearbeitet -> Citybike_Schaltauge_bearbeitet, setup time: 20
2025-04-10 12:09:48,533 - JSPGymEnvironment - INFO - Executed operation: Job J8, Op 1, Machine M2, Start: 3151.0, End: 3164.0, Setup: 20
2025-04-10 12:09:48,564 - JSPGymEnvironment - INFO - Material change on machine M3: Citybike_Antrieb_installiert -> Racebike_Antrieb_installiert, setup time: 15
2025-04-10 12:09:48,564 - JSPGymEnvironment - INFO - Executed operation: Job J16, Op 2, Machine M3, Start: 3179.0, End: 3209.0, Setup: 15
2025-04-10 12:09:48,599 - JSPGymEnvironment - INFO - Material change on machine M3: Racebike_Antrieb_installiert -> Mountainbike_Fahrrad_endmontiert, setup time: 15
2025-04-10 12:09:48,599 - JSPGymEnvironment - INFO - Executed operation: Job J20, Op 5, Machine M3, Start: 3224.0, End: 3249.0, Setup: 15
2025-04-10 12:09:48,625 - JSPGymEnvironment - INFO - Material change on machine M2: Citybike_Schaltauge_bearbeitet -> Racebike_Schaltauge_bearbeitet, setup time: 20
2025-04-10 12:09:48,625 - JSPGymEnvironment - INFO - Executed operation: Job J15, Op 1, Machine M2, Start: 3269.0, End: 3282.0, Setup: 20
2025-04-10 12:09:48,652 - JSPGymEnvironment - INFO - Material change on machine M3: Mountainbike_Fahrrad_endmontiert -> Citybike_Fahrrad_endmontiert, setup time: 15
2025-04-10 12:09:48,652 - JSPGymEnvironment - INFO - Executed operation: Job J2, Op 5, Machine M3, Start: 3297.0, End: 3318.0, Setup: 15
2025-04-10 12:09:48,652 - JSPGymEnvironment - INFO - Job J2 completed at time 3318.0, deadline: 2880, met: False, priority: 3
2025-04-10 12:09:48,677 - JSPGymEnvironment - INFO - Material change on machine M2: Racebike_Schaltauge_bearbeitet -> Racebike_Bremsaufnahme_gebohrt, setup time: 20
2025-04-10 12:09:48,678 - JSPGymEnvironment - INFO - Executed operation: Job J16, Op 3, Machine M2, Start: 3338.0, End: 3361.0, Setup: 20
2025-04-10 12:09:48,703 - JSPGymEnvironment - INFO - Material change on machine M3: Citybike_Fahrrad_endmontiert -> Citybike_Antrieb_installiert, setup time: 15
2025-04-10 12:09:48,703 - JSPGymEnvironment - INFO - Executed operation: Job J8, Op 2, Machine M3, Start: 3376.0, End: 3430.0, Setup: 15
2025-04-10 12:09:48,729 - JSPGymEnvironment - INFO - Material change on machine M1: Citybike_Hauptrahmen_zugeschnitten -> Mountainbike_Hauptrahmen_zugeschnitten, setup time: 40
2025-04-10 12:09:48,729 - JSPGymEnvironment - INFO - Executed operation: Job J18, Op 0, Machine M1, Start: 3470.0, End: 3492.0, Setup: 40
2025-04-10 12:09:48,754 - JSPGymEnvironment - INFO - Material change on machine M3: Citybike_Antrieb_installiert -> Citybike_Bremsen_justiert, setup time: 15
2025-04-10 12:09:48,755 - JSPGymEnvironment - INFO - Executed operation: Job J11, Op 3, Machine M3, Start: 3507.0, End: 3529.0, Setup: 15
2025-04-10 12:09:48,780 - JSPGymEnvironment - INFO - Material change on machine M2: Racebike_Bremsaufnahme_gebohrt -> Citybike_Schaltauge_bearbeitet, setup time: 20
2025-04-10 12:09:48,780 - JSPGymEnvironment - INFO - Executed operation: Job J14, Op 1, Machine M2, Start: 3549.0, End: 3565.0, Setup: 20
2025-04-10 12:09:48,805 - JSPGymEnvironment - INFO - Material change on machine M3: Citybike_Bremsen_justiert -> Mountainbike_Fahrrad_endmontiert, setup time: 15
2025-04-10 12:09:48,805 - JSPGymEnvironment - INFO - Executed operation: Job J20, Op 6, Machine M3, Start: 3580.0, End: 3620.0, Setup: 15
2025-04-10 12:09:48,805 - JSPGymEnvironment - INFO - Job J20 completed at time 3620.0, deadline: 2744, met: False, priority: 3
2025-04-10 12:09:48,830 - JSPGymEnvironment - INFO - Material change on machine M3: Mountainbike_Fahrrad_endmontiert -> Citybike_Bremsen_justiert, setup time: 15
2025-04-10 12:09:48,830 - JSPGymEnvironment - INFO - Executed operation: Job J8, Op 3, Machine M3, Start: 3635.0, End: 3693.0, Setup: 15
2025-04-10 12:09:48,856 - JSPGymEnvironment - INFO - Material change on machine M2: Citybike_Schaltauge_bearbeitet -> Racebike_Rahmen_nachbearbeitet, setup time: 20
2025-04-10 12:09:48,856 - JSPGymEnvironment - INFO - Executed operation: Job J4, Op 5, Machine M2, Start: 3713.0, End: 3737.0, Setup: 20
2025-04-10 12:09:49,038 - JSPGymEnvironment - INFO - Material change on machine M3: Citybike_Bremsen_justiert -> Citybike_Fahrrad_endmontiert, setup time: 15
2025-04-10 12:09:49,038 - JSPGymEnvironment - INFO - Executed operation: Job J8, Op 4, Machine M3, Start: 3752.0, End: 3801.0, Setup: 15
2025-04-10 12:09:49,068 - JSPGymEnvironment - INFO - Material change on machine M3: Citybike_Fahrrad_endmontiert -> Racebike_Antrieb_installiert, setup time: 15
2025-04-10 12:09:49,069 - JSPGymEnvironment - INFO - Executed operation: Job J1, Op 2, Machine M3, Start: 3816.0, End: 3852.0, Setup: 15
2025-04-10 12:09:49,098 - JSPGymEnvironment - INFO - Material change on machine M3: Racebike_Antrieb_installiert -> Racebike_Fahrrad_endmontiert, setup time: 15
2025-04-10 12:09:49,098 - JSPGymEnvironment - INFO - Executed operation: Job J4, Op 6, Machine M3, Start: 3867.0, End: 3893.0, Setup: 15
2025-04-10 12:09:49,098 - JSPGymEnvironment - INFO - Job J4 completed at time 3893.0, deadline: 2757, met: False, priority: 7
2025-04-10 12:09:49,135 - JSPGymEnvironment - INFO - Material change on machine M3: Racebike_Fahrrad_endmontiert -> Racebike_Bremsen_justiert, setup time: 15
2025-04-10 12:09:49,135 - JSPGymEnvironment - INFO - Executed operation: Job J6, Op 3, Machine M3, Start: 3908.0, End: 3966.0, Setup: 15
2025-04-10 12:09:49,165 - JSPGymEnvironment - INFO - Material change on machine M3: Racebike_Bremsen_justiert -> Citybike_Fahrrad_endmontiert, setup time: 15
2025-04-10 12:09:49,165 - JSPGymEnvironment - INFO - Executed operation: Job J11, Op 4, Machine M3, Start: 3981.0, End: 4020.0, Setup: 15
2025-04-10 12:09:49,192 - JSPGymEnvironment - INFO - Executed operation: Job J5, Op 0, Machine M1, Start: 4045.0, End: 4081.0, Setup: 25
2025-04-10 12:09:49,220 - JSPGymEnvironment - INFO - Material change on machine M2: Racebike_Rahmen_nachbearbeitet -> Mountainbike_Schaltauge_bearbeitet, setup time: 20
2025-04-10 12:09:49,221 - JSPGymEnvironment - INFO - Executed operation: Job J5, Op 1, Machine M2, Start: 4101.0, End: 4116.0, Setup: 20
2025-04-10 12:09:49,251 - JSPGymEnvironment - INFO - Material change on machine M3: Citybike_Fahrrad_endmontiert -> Racebike_Antrieb_installiert, setup time: 15
2025-04-10 12:09:49,251 - JSPGymEnvironment - INFO - Executed operation: Job J15, Op 2, Machine M3, Start: 4131.0, End: 4166.0, Setup: 15
2025-04-10 12:09:49,280 - JSPGymEnvironment - INFO - Material change on machine M3: Racebike_Antrieb_installiert -> Mountainbike_Antrieb_installiert, setup time: 15
2025-04-10 12:09:49,280 - JSPGymEnvironment - INFO - Executed operation: Job J5, Op 2, Machine M3, Start: 4181.0, End: 4206.0, Setup: 15
2025-04-10 12:09:49,313 - JSPGymEnvironment - INFO - Material change on machine M3: Mountainbike_Antrieb_installiert -> Racebike_Fahrrad_endmontiert, setup time: 15
2025-04-10 12:09:49,313 - JSPGymEnvironment - INFO - Executed operation: Job J6, Op 4, Machine M3, Start: 4221.0, End: 4262.0, Setup: 15
2025-04-10 12:09:49,313 - JSPGymEnvironment - INFO - Job J6 completed at time 4262.0, deadline: 2880, met: False, priority: 10
2025-04-10 12:09:49,343 - JSPGymEnvironment - INFO - Material change on machine M2: Mountainbike_Schaltauge_bearbeitet -> Citybike_Rahmen_nachbearbeitet, setup time: 20
2025-04-10 12:09:49,343 - JSPGymEnvironment - INFO - Executed operation: Job J11, Op 5, Machine M2, Start: 4282.0, End: 4299.0, Setup: 20
2025-04-10 12:09:49,375 - JSPGymEnvironment - INFO - Material change on machine M3: Racebike_Fahrrad_endmontiert -> Racebike_Bremsen_justiert, setup time: 15
2025-04-10 12:09:49,375 - JSPGymEnvironment - INFO - Executed operation: Job J15, Op 3, Machine M3, Start: 4314.0, End: 4341.0, Setup: 15
2025-04-10 12:09:49,411 - JSPGymEnvironment - INFO - Material change on machine M2: Citybike_Rahmen_nachbearbeitet -> Racebike_Rahmen_nachbearbeitet, setup time: 20
2025-04-10 12:09:49,411 - JSPGymEnvironment - INFO - Executed operation: Job J16, Op 4, Machine M2, Start: 4361.0, End: 4375.0, Setup: 20
2025-04-10 12:09:49,440 - JSPGymEnvironment - INFO - Material change on machine M2: Racebike_Rahmen_nachbearbeitet -> Racebike_Bremsaufnahme_gebohrt, setup time: 20
2025-04-10 12:09:49,440 - JSPGymEnvironment - INFO - Executed operation: Job J1, Op 3, Machine M2, Start: 4395.0, End: 4413.0, Setup: 20
2025-04-10 12:09:49,608 - JSPGymEnvironment - INFO - Material change on machine M2: Racebike_Bremsaufnahme_gebohrt -> Racebike_Rahmen_nachbearbeitet, setup time: 20
2025-04-10 12:09:49,608 - JSPGymEnvironment - INFO - Executed operation: Job J15, Op 4, Machine M2, Start: 4433.0, End: 4453.0, Setup: 20
2025-04-10 12:09:49,635 - JSPGymEnvironment - INFO - Material change on machine M2: Racebike_Rahmen_nachbearbeitet -> Racebike_Fahrrad_endmontiert, setup time: 20
2025-04-10 12:09:49,635 - JSPGymEnvironment - INFO - Executed operation: Job J16, Op 5, Machine M2, Start: 4473.0, End: 4503.0, Setup: 20
2025-04-10 12:09:49,635 - JSPGymEnvironment - INFO - Job J16 completed at time 4503.0, deadline: 2855, met: False, priority: 7
2025-04-10 12:09:49,664 - JSPGymEnvironment - INFO - Material change on machine M2: Racebike_Fahrrad_endmontiert -> Racebike_Rahmen_nachbearbeitet, setup time: 20
2025-04-10 12:09:49,664 - JSPGymEnvironment - INFO - Executed operation: Job J1, Op 4, Machine M2, Start: 4523.0, End: 4545.0, Setup: 20
2025-04-10 12:09:49,693 - JSPGymEnvironment - INFO - Material change on machine M2: Racebike_Rahmen_nachbearbeitet -> Racebike_Fahrrad_endmontiert, setup time: 20
2025-04-10 12:09:49,693 - JSPGymEnvironment - INFO - Executed operation: Job J1, Op 5, Machine M2, Start: 4565.0, End: 4577.0, Setup: 20
2025-04-10 12:09:49,693 - JSPGymEnvironment - INFO - Job J1 completed at time 4577.0, deadline: 2790, met: False, priority: 7
2025-04-10 12:09:49,720 - JSPGymEnvironment - INFO - Material change on machine M2: Racebike_Fahrrad_endmontiert -> Citybike_Rahmen_nachbearbeitet, setup time: 20
2025-04-10 12:09:49,720 - JSPGymEnvironment - INFO - Executed operation: Job J11, Op 6, Machine M2, Start: 4597.0, End: 4619.0, Setup: 20
2025-04-10 12:09:49,747 - JSPGymEnvironment - INFO - Material change on machine M3: Racebike_Bremsen_justiert -> Citybike_Antrieb_installiert, setup time: 15
2025-04-10 12:09:49,747 - JSPGymEnvironment - INFO - Executed operation: Job J14, Op 2, Machine M3, Start: 4634.0, End: 4656.0, Setup: 15
2025-04-10 12:09:49,807 - JSPGymEnvironment - INFO - Material change on machine M2: Citybike_Rahmen_nachbearbeitet -> Mountainbike_Bremsaufnahme_gebohrt, setup time: 20
2025-04-10 12:09:49,807 - JSPGymEnvironment - INFO - Executed operation: Job J5, Op 3, Machine M2, Start: 4676.0, End: 4691.0, Setup: 20
2025-04-10 12:09:49,877 - JSPGymEnvironment - INFO - Material change on machine M2: Mountainbike_Bremsaufnahme_gebohrt -> Citybike_Fahrrad_endmontiert, setup time: 20
2025-04-10 12:09:49,878 - JSPGymEnvironment - INFO - Executed operation: Job J8, Op 5, Machine M2, Start: 4711.0, End: 4741.0, Setup: 20
2025-04-10 12:09:49,878 - JSPGymEnvironment - INFO - Job J8 completed at time 4741.0, deadline: 2762, met: False, priority: 5
2025-04-10 12:09:50,022 - JSPGymEnvironment - INFO - Material change on machine M2: Citybike_Fahrrad_endmontiert -> Citybike_Bremsaufnahme_gebohrt, setup time: 20
2025-04-10 12:09:50,022 - JSPGymEnvironment - INFO - Executed operation: Job J14, Op 3, Machine M2, Start: 4761.0, End: 4779.0, Setup: 20
2025-04-10 12:09:50,089 - JSPGymEnvironment - INFO - Material change on machine M2: Citybike_Bremsaufnahme_gebohrt -> Racebike_Rahmen_nachbearbeitet, setup time: 20
2025-04-10 12:09:50,089 - JSPGymEnvironment - INFO - Executed operation: Job J15, Op 5, Machine M2, Start: 4799.0, End: 4822.0, Setup: 20
2025-04-10 12:09:50,127 - JSPGymEnvironment - INFO - Material change on machine M2: Racebike_Rahmen_nachbearbeitet -> Mountainbike_Rahmen_nachbearbeitet, setup time: 20
2025-04-10 12:09:50,128 - JSPGymEnvironment - INFO - Executed operation: Job J5, Op 4, Machine M2, Start: 4842.0, End: 4872.0, Setup: 20
2025-04-10 12:09:50,246 - JSPGymEnvironment - INFO - Material change on machine M2: Mountainbike_Rahmen_nachbearbeitet -> Citybike_Fahrrad_endmontiert, setup time: 20
2025-04-10 12:09:50,247 - JSPGymEnvironment - INFO - Executed operation: Job J11, Op 7, Machine M2, Start: 4892.0, End: 4921.0, Setup: 20
2025-04-10 12:09:50,247 - JSPGymEnvironment - INFO - Job J11 completed at time 4921.0, deadline: 2880, met: False, priority: 7
2025-04-10 12:09:50,362 - JSPGymEnvironment - INFO - Material change on machine M2: Citybike_Fahrrad_endmontiert -> Citybike_Rahmen_nachbearbeitet, setup time: 20
2025-04-10 12:09:50,362 - JSPGymEnvironment - INFO - Executed operation: Job J14, Op 4, Machine M2, Start: 4941.0, End: 4970.0, Setup: 20
2025-04-10 12:09:50,611 - JSPGymEnvironment - INFO - Executed operation: Job J14, Op 5, Machine M2, Start: 4985.0, End: 5015.0, Setup: 15
2025-04-10 12:09:50,646 - JSPGymEnvironment - INFO - Material change on machine M2: Citybike_Rahmen_nachbearbeitet -> Citybike_Schaltauge_bearbeitet, setup time: 20
2025-04-10 12:09:50,647 - JSPGymEnvironment - INFO - Executed operation: Job J17, Op 1, Machine M2, Start: 5035.0, End: 5055.0, Setup: 20
2025-04-10 12:09:50,680 - JSPGymEnvironment - INFO - Material change on machine M2: Citybike_Schaltauge_bearbeitet -> E-Bike_Schaltauge_bearbeitet, setup time: 20
2025-04-10 12:09:50,680 - JSPGymEnvironment - INFO - Executed operation: Job J13, Op 1, Machine M2, Start: 5075.0, End: 5098.0, Setup: 20
2025-04-10 12:09:50,710 - JSPGymEnvironment - INFO - Material change on machine M2: E-Bike_Schaltauge_bearbeitet -> Mountainbike_Fahrrad_endmontiert, setup time: 20
2025-04-10 12:09:50,710 - JSPGymEnvironment - INFO - Executed operation: Job J5, Op 5, Machine M2, Start: 5118.0, End: 5140.0, Setup: 20
2025-04-10 12:09:50,710 - JSPGymEnvironment - INFO - Job J5 completed at time 5140.0, deadline: 2880, met: False, priority: 1
2025-04-10 12:09:50,743 - JSPGymEnvironment - INFO - Material change on machine M3: Citybike_Antrieb_installiert -> E-Bike_Antrieb_installiert, setup time: 15
2025-04-10 12:09:50,743 - JSPGymEnvironment - INFO - Executed operation: Job J13, Op 2, Machine M3, Start: 5155.0, End: 5208.0, Setup: 15
2025-04-10 12:09:50,781 - JSPGymEnvironment - INFO - Material change on machine M2: Mountainbike_Fahrrad_endmontiert -> E-Bike_Bremsaufnahme_gebohrt, setup time: 20
2025-04-10 12:09:50,781 - JSPGymEnvironment - INFO - Executed operation: Job J13, Op 3, Machine M2, Start: 5228.0, End: 5250.0, Setup: 20
2025-04-10 12:09:50,813 - JSPGymEnvironment - INFO - Material change on machine M2: E-Bike_Bremsaufnahme_gebohrt -> Citybike_Rahmen_nachbearbeitet, setup time: 20
2025-04-10 12:09:50,813 - JSPGymEnvironment - INFO - Executed operation: Job J14, Op 6, Machine M2, Start: 5270.0, End: 5294.0, Setup: 20
2025-04-10 12:09:50,851 - JSPGymEnvironment - INFO - Material change on machine M3: E-Bike_Antrieb_installiert -> Citybike_Antrieb_installiert, setup time: 15
2025-04-10 12:09:50,851 - JSPGymEnvironment - INFO - Executed operation: Job J17, Op 2, Machine M3, Start: 5309.0, End: 5343.0, Setup: 15
2025-04-10 12:09:50,898 - JSPGymEnvironment - INFO - Material change on machine M3: Citybike_Antrieb_installiert -> Citybike_Bremsen_justiert, setup time: 15
2025-04-10 12:09:50,898 - JSPGymEnvironment - INFO - Executed operation: Job J17, Op 3, Machine M3, Start: 5358.0, End: 5384.0, Setup: 15
2025-04-10 12:09:50,945 - JSPGymEnvironment - INFO - Material change on machine M3: Citybike_Bremsen_justiert -> Racebike_Fahrrad_endmontiert, setup time: 15
2025-04-10 12:09:50,945 - JSPGymEnvironment - INFO - Executed operation: Job J15, Op 6, Machine M3, Start: 5399.0, End: 5426.0, Setup: 15
2025-04-10 12:09:50,988 - JSPGymEnvironment - INFO - Material change on machine M2: Citybike_Rahmen_nachbearbeitet -> Citybike_Fahrrad_endmontiert, setup time: 20
2025-04-10 12:09:50,988 - JSPGymEnvironment - INFO - Executed operation: Job J14, Op 7, Machine M2, Start: 5446.0, End: 5467.0, Setup: 20
2025-04-10 12:09:50,988 - JSPGymEnvironment - INFO - Job J14 completed at time 5467.0, deadline: 2880, met: False, priority: 3
2025-04-10 12:09:51,038 - JSPGymEnvironment - INFO - Executed operation: Job J15, Op 7, Machine M3, Start: 5477.0, End: 5523.0, Setup: 10
2025-04-10 12:09:51,039 - JSPGymEnvironment - INFO - Job J15 completed at time 5523.0, deadline: 2833, met: False, priority: 10
2025-04-10 12:09:51,082 - JSPGymEnvironment - INFO - Material change on machine M3: Racebike_Fahrrad_endmontiert -> E-Bike_Fahrrad_endmontiert, setup time: 15
2025-04-10 12:09:51,082 - JSPGymEnvironment - INFO - Executed operation: Job J13, Op 4, Machine M3, Start: 5538.0, End: 5591.0, Setup: 15
2025-04-10 12:09:51,082 - JSPGymEnvironment - INFO - Job J13 completed at time 5591.0, deadline: 2863, met: False, priority: 7
2025-04-10 12:09:51,148 - JSPGymEnvironment - INFO - Material change on machine M2: Citybike_Fahrrad_endmontiert -> Mountainbike_Schaltauge_bearbeitet, setup time: 20
2025-04-10 12:09:51,149 - JSPGymEnvironment - INFO - Executed operation: Job J18, Op 1, Machine M2, Start: 5611.0, End: 5631.0, Setup: 20
2025-04-10 12:09:51,190 - JSPGymEnvironment - INFO - Material change on machine M3: E-Bike_Fahrrad_endmontiert -> Mountainbike_Antrieb_installiert, setup time: 15
2025-04-10 12:09:51,191 - JSPGymEnvironment - INFO - Executed operation: Job J18, Op 2, Machine M3, Start: 5646.0, End: 5675.0, Setup: 15
2025-04-10 12:09:51,426 - JSPGymEnvironment - INFO - Material change on machine M3: Mountainbike_Antrieb_installiert -> Citybike_Fahrrad_endmontiert, setup time: 15
2025-04-10 12:09:51,427 - JSPGymEnvironment - INFO - Executed operation: Job J17, Op 4, Machine M3, Start: 5690.0, End: 5740.0, Setup: 15
2025-04-10 12:09:51,466 - JSPGymEnvironment - INFO - Executed operation: Job J17, Op 5, Machine M3, Start: 5750.0, End: 5809.0, Setup: 10
2025-04-10 12:09:51,507 - JSPGymEnvironment - INFO - Executed operation: Job J17, Op 6, Machine M3, Start: 5819.0, End: 5844.0, Setup: 10
2025-04-10 12:09:51,507 - JSPGymEnvironment - INFO - Job J17 completed at time 5844.0, deadline: 2880, met: False, priority: 6
2025-04-10 12:09:51,548 - JSPGymEnvironment - INFO - Material change on machine M3: Citybike_Fahrrad_endmontiert -> Mountainbike_Bremsen_justiert, setup time: 15
2025-04-10 12:09:51,549 - JSPGymEnvironment - INFO - Executed operation: Job J18, Op 3, Machine M3, Start: 5859.0, End: 5914.0, Setup: 15
2025-04-10 12:09:51,587 - JSPGymEnvironment - INFO - Material change on machine M2: Mountainbike_Schaltauge_bearbeitet -> Mountainbike_Fahrrad_endmontiert, setup time: 20
2025-04-10 12:09:51,587 - JSPGymEnvironment - INFO - Executed operation: Job J18, Op 4, Machine M2, Start: 5934.0, End: 5947.0, Setup: 20
2025-04-10 12:09:51,587 - JSPGymEnvironment - INFO - Job J18 completed at time 5947.0, deadline: 2880, met: False, priority: 6
2025-04-10 12:09:51,625 - JSPGymEnvironment - INFO - Material change on machine M1: Mountainbike_Hauptrahmen_zugeschnitten -> Racebike_Hauptrahmen_zugeschnitten, setup time: 40
2025-04-10 12:09:51,626 - JSPGymEnvironment - INFO - Executed operation: Job J10, Op 0, Machine M1, Start: 5987.0, End: 6019.0, Setup: 40
2025-04-10 12:09:51,661 - JSPGymEnvironment - INFO - Material change on machine M2: Mountainbike_Fahrrad_endmontiert -> Racebike_Schaltauge_bearbeitet, setup time: 20
2025-04-10 12:09:51,661 - JSPGymEnvironment - INFO - Executed operation: Job J10, Op 1, Machine M2, Start: 6039.0, End: 6064.0, Setup: 20
2025-04-10 12:09:51,692 - JSPGymEnvironment - INFO - Material change on machine M3: Mountainbike_Bremsen_justiert -> Racebike_Antrieb_installiert, setup time: 15
2025-04-10 12:09:51,692 - JSPGymEnvironment - INFO - Executed operation: Job J10, Op 2, Machine M3, Start: 6079.0, End: 6118.0, Setup: 15
2025-04-10 12:09:51,725 - JSPGymEnvironment - INFO - Material change on machine M2: Racebike_Schaltauge_bearbeitet -> Racebike_Bremsaufnahme_gebohrt, setup time: 20
2025-04-10 12:09:51,725 - JSPGymEnvironment - INFO - Executed operation: Job J10, Op 3, Machine M2, Start: 6138.0, End: 6160.0, Setup: 20
2025-04-10 12:09:51,766 - JSPGymEnvironment - INFO - Material change on machine M2: Racebike_Bremsaufnahme_gebohrt -> Racebike_Rahmen_nachbearbeitet, setup time: 20
2025-04-10 12:09:51,766 - JSPGymEnvironment - INFO - Executed operation: Job J10, Op 4, Machine M2, Start: 6180.0, End: 6191.0, Setup: 20
2025-04-10 12:09:51,804 - JSPGymEnvironment - INFO - Executed operation: Job J10, Op 5, Machine M2, Start: 6206.0, End: 6224.0, Setup: 15
2025-04-10 12:09:51,839 - JSPGymEnvironment - INFO - Executed operation: Job J10, Op 6, Machine M2, Start: 6239.0, End: 6250.0, Setup: 15
2025-04-10 12:09:51,871 - JSPGymEnvironment - INFO - Material change on machine M2: Racebike_Rahmen_nachbearbeitet -> Racebike_Fahrrad_endmontiert, setup time: 20
2025-04-10 12:09:51,871 - JSPGymEnvironment - INFO - Executed operation: Job J10, Op 7, Machine M2, Start: 6270.0, End: 6282.0, Setup: 20
2025-04-10 12:09:51,871 - JSPGymEnvironment - INFO - Job J10 completed at time 6282.0, deadline: 2880, met: False, priority: 9
2025-04-10 12:10:55,580 - JSPGymEnvironment - INFO - Environment reset
2025-04-10 12:10:55,609 - JSPGymEnvironment - INFO - Material change on machine M1:  -> Mountainbike_Hauptrahmen_zugeschnitten, setup time: 0
2025-04-10 12:10:55,609 - JSPGymEnvironment - INFO - Executed operation: Job J12, Op 0, Machine M1, Start: 0.0, End: 31.0, Setup: 0
2025-04-10 12:10:55,636 - JSPGymEnvironment - INFO - Executed operation: Job J5, Op 0, Machine M1, Start: 56.0, End: 92.0, Setup: 25
2025-04-10 12:10:55,664 - JSPGymEnvironment - INFO - Material change on machine M1: Mountainbike_Hauptrahmen_zugeschnitten -> Racebike_Hauptrahmen_zugeschnitten, setup time: 40
2025-04-10 12:10:55,665 - JSPGymEnvironment - INFO - Executed operation: Job J15, Op 0, Machine M1, Start: 132.0, End: 155.0, Setup: 40
2025-04-10 12:10:55,832 - JSPGymEnvironment - INFO - Material change on machine M1: Racebike_Hauptrahmen_zugeschnitten -> Citybike_Hauptrahmen_zugeschnitten, setup time: 40
2025-04-10 12:10:55,832 - JSPGymEnvironment - INFO - Executed operation: Job J9, Op 0, Machine M1, Start: 195.0, End: 235.0, Setup: 40
2025-04-10 12:10:55,857 - JSPGymEnvironment - INFO - Material change on machine M1: Citybike_Hauptrahmen_zugeschnitten -> E-Bike_Hauptrahmen_zugeschnitten, setup time: 40
2025-04-10 12:10:55,858 - JSPGymEnvironment - INFO - Executed operation: Job J3, Op 0, Machine M1, Start: 275.0, End: 309.0, Setup: 40
2025-04-10 12:10:55,882 - JSPGymEnvironment - INFO - Material change on machine M1: E-Bike_Hauptrahmen_zugeschnitten -> Racebike_Hauptrahmen_zugeschnitten, setup time: 40
2025-04-10 12:10:55,882 - JSPGymEnvironment - INFO - Executed operation: Job J7, Op 0, Machine M1, Start: 349.0, End: 384.0, Setup: 40
2025-04-10 12:10:55,907 - JSPGymEnvironment - INFO - Material change on machine M1: Racebike_Hauptrahmen_zugeschnitten -> Mountainbike_Hauptrahmen_zugeschnitten, setup time: 40
2025-04-10 12:10:55,907 - JSPGymEnvironment - INFO - Executed operation: Job J20, Op 0, Machine M1, Start: 424.0, End: 443.0, Setup: 40
2025-04-10 12:10:55,932 - JSPGymEnvironment - INFO - Material change on machine M1: Mountainbike_Hauptrahmen_zugeschnitten -> Citybike_Hauptrahmen_zugeschnitten, setup time: 40
2025-04-10 12:10:55,932 - JSPGymEnvironment - INFO - Executed operation: Job J14, Op 0, Machine M1, Start: 483.0, End: 501.0, Setup: 40
2025-04-10 12:10:55,957 - JSPGymEnvironment - INFO - Material change on machine M1: Citybike_Hauptrahmen_zugeschnitten -> Racebike_Hauptrahmen_zugeschnitten, setup time: 40
2025-04-10 12:10:55,957 - JSPGymEnvironment - INFO - Executed operation: Job J4, Op 0, Machine M1, Start: 541.0, End: 566.0, Setup: 40
2025-04-10 12:10:55,982 - JSPGymEnvironment - INFO - Material change on machine M2:  -> Mountainbike_Schaltauge_bearbeitet, setup time: 0
2025-04-10 12:10:55,982 - JSPGymEnvironment - INFO - Executed operation: Job J12, Op 1, Machine M2, Start: 566.0, End: 588.0, Setup: 0
2025-04-10 12:10:56,007 - JSPGymEnvironment - INFO - Material change on machine M2: Mountainbike_Schaltauge_bearbeitet -> Racebike_Schaltauge_bearbeitet, setup time: 20
2025-04-10 12:10:56,007 - JSPGymEnvironment - INFO - Executed operation: Job J7, Op 1, Machine M2, Start: 608.0, End: 631.0, Setup: 20
2025-04-10 12:10:56,032 - JSPGymEnvironment - INFO - Material change on machine M1: Racebike_Hauptrahmen_zugeschnitten -> Citybike_Hauptrahmen_zugeschnitten, setup time: 40
2025-04-10 12:10:56,032 - JSPGymEnvironment - INFO - Executed operation: Job J11, Op 0, Machine M1, Start: 671.0, End: 702.0, Setup: 40
2025-04-10 12:10:56,060 - JSPGymEnvironment - INFO - Material change on machine M3:  -> Racebike_Antrieb_installiert, setup time: 0
2025-04-10 12:10:56,060 - JSPGymEnvironment - INFO - Executed operation: Job J7, Op 2, Machine M3, Start: 702.0, End: 726.0, Setup: 0
2025-04-10 12:10:56,090 - JSPGymEnvironment - INFO - Material change on machine M3: Racebike_Antrieb_installiert -> Mountainbike_Antrieb_installiert, setup time: 15
2025-04-10 12:10:56,090 - JSPGymEnvironment - INFO - Executed operation: Job J12, Op 2, Machine M3, Start: 741.0, End: 786.0, Setup: 15
2025-04-10 12:10:56,120 - JSPGymEnvironment - INFO - Material change on machine M1: Citybike_Hauptrahmen_zugeschnitten -> Racebike_Hauptrahmen_zugeschnitten, setup time: 40
2025-04-10 12:10:56,120 - JSPGymEnvironment - INFO - Executed operation: Job J6, Op 0, Machine M1, Start: 826.0, End: 862.0, Setup: 40
2025-04-10 12:10:56,152 - JSPGymEnvironment - INFO - Material change on machine M2: Racebike_Schaltauge_bearbeitet -> E-Bike_Schaltauge_bearbeitet, setup time: 20
2025-04-10 12:10:56,152 - JSPGymEnvironment - INFO - Executed operation: Job J3, Op 1, Machine M2, Start: 882.0, End: 902.0, Setup: 20
2025-04-10 12:10:56,181 - JSPGymEnvironment - INFO - Material change on machine M2: E-Bike_Schaltauge_bearbeitet -> Mountainbike_Bremsaufnahme_gebohrt, setup time: 20
2025-04-10 12:10:56,181 - JSPGymEnvironment - INFO - Executed operation: Job J12, Op 3, Machine M2, Start: 922.0, End: 948.0, Setup: 20
2025-04-10 12:10:56,342 - JSPGymEnvironment - INFO - Material change on machine M2: Mountainbike_Bremsaufnahme_gebohrt -> Racebike_Schaltauge_bearbeitet, setup time: 20
2025-04-10 12:10:56,342 - JSPGymEnvironment - INFO - Executed operation: Job J6, Op 1, Machine M2, Start: 968.0, End: 981.0, Setup: 20
2025-04-10 12:10:56,367 - JSPGymEnvironment - INFO - Material change on machine M3: Mountainbike_Antrieb_installiert -> E-Bike_Antrieb_installiert, setup time: 15
2025-04-10 12:10:56,367 - JSPGymEnvironment - INFO - Executed operation: Job J3, Op 2, Machine M3, Start: 996.0, End: 1054.0, Setup: 15
2025-04-10 12:10:56,394 - JSPGymEnvironment - INFO - Material change on machine M2: Racebike_Schaltauge_bearbeitet -> Citybike_Schaltauge_bearbeitet, setup time: 20
2025-04-10 12:10:56,395 - JSPGymEnvironment - INFO - Executed operation: Job J9, Op 1, Machine M2, Start: 1074.0, End: 1090.0, Setup: 20
2025-04-10 12:10:56,419 - JSPGymEnvironment - INFO - Material change on machine M2: Citybike_Schaltauge_bearbeitet -> Racebike_Schaltauge_bearbeitet, setup time: 20
2025-04-10 12:10:56,420 - JSPGymEnvironment - INFO - Executed operation: Job J15, Op 1, Machine M2, Start: 1110.0, End: 1123.0, Setup: 20
2025-04-10 12:10:56,444 - JSPGymEnvironment - INFO - Executed operation: Job J16, Op 0, Machine M1, Start: 1148.0, End: 1174.0, Setup: 25
2025-04-10 12:10:56,469 - JSPGymEnvironment - INFO - Material change on machine M1: Racebike_Hauptrahmen_zugeschnitten -> Citybike_Hauptrahmen_zugeschnitten, setup time: 40
2025-04-10 12:10:56,469 - JSPGymEnvironment - INFO - Executed operation: Job J17, Op 0, Machine M1, Start: 1214.0, End: 1252.0, Setup: 40
2025-04-10 12:10:56,495 - JSPGymEnvironment - INFO - Executed operation: Job J4, Op 1, Machine M2, Start: 1267.0, End: 1282.0, Setup: 15
2025-04-10 12:10:56,520 - JSPGymEnvironment - INFO - Material change on machine M2: Racebike_Schaltauge_bearbeitet -> Racebike_Bremsaufnahme_gebohrt, setup time: 20
2025-04-10 12:10:56,520 - JSPGymEnvironment - INFO - Executed operation: Job J7, Op 3, Machine M2, Start: 1302.0, End: 1325.0, Setup: 20
2025-04-10 12:10:56,545 - JSPGymEnvironment - INFO - Material change on machine M2: Racebike_Bremsaufnahme_gebohrt -> Racebike_Rahmen_nachbearbeitet, setup time: 20
2025-04-10 12:10:56,545 - JSPGymEnvironment - INFO - Executed operation: Job J7, Op 4, Machine M2, Start: 1345.0, End: 1371.0, Setup: 20
2025-04-10 12:10:56,570 - JSPGymEnvironment - INFO - Executed operation: Job J7, Op 5, Machine M2, Start: 1386.0, End: 1404.0, Setup: 15
2025-04-10 12:10:56,596 - JSPGymEnvironment - INFO - Material change on machine M3: E-Bike_Antrieb_installiert -> Citybike_Antrieb_installiert, setup time: 15
2025-04-10 12:10:56,596 - JSPGymEnvironment - INFO - Executed operation: Job J9, Op 2, Machine M3, Start: 1419.0, End: 1473.0, Setup: 15
2025-04-10 12:10:56,621 - JSPGymEnvironment - INFO - Material change on machine M2: Racebike_Rahmen_nachbearbeitet -> Mountainbike_Schaltauge_bearbeitet, setup time: 20
2025-04-10 12:10:56,622 - JSPGymEnvironment - INFO - Executed operation: Job J20, Op 1, Machine M2, Start: 1493.0, End: 1518.0, Setup: 20
2025-04-10 12:10:56,646 - JSPGymEnvironment - INFO - Material change on machine M2: Mountainbike_Schaltauge_bearbeitet -> Racebike_Rahmen_nachbearbeitet, setup time: 20
2025-04-10 12:10:56,646 - JSPGymEnvironment - INFO - Executed operation: Job J7, Op 6, Machine M2, Start: 1538.0, End: 1553.0, Setup: 20
2025-04-10 12:10:56,671 - JSPGymEnvironment - INFO - Material change on machine M2: Racebike_Rahmen_nachbearbeitet -> E-Bike_Bremsaufnahme_gebohrt, setup time: 20
2025-04-10 12:10:56,671 - JSPGymEnvironment - INFO - Executed operation: Job J3, Op 3, Machine M2, Start: 1573.0, End: 1603.0, Setup: 20
2025-04-10 12:10:56,851 - JSPGymEnvironment - INFO - Material change on machine M2: E-Bike_Bremsaufnahme_gebohrt -> E-Bike_Rahmen_nachbearbeitet, setup time: 20
2025-04-10 12:10:56,851 - JSPGymEnvironment - INFO - Executed operation: Job J3, Op 4, Machine M2, Start: 1623.0, End: 1640.0, Setup: 20
2025-04-10 12:10:56,879 - JSPGymEnvironment - INFO - Executed operation: Job J3, Op 5, Machine M2, Start: 1655.0, End: 1676.0, Setup: 15
2025-04-10 12:10:56,905 - JSPGymEnvironment - INFO - Material change on machine M3: Citybike_Antrieb_installiert -> Mountainbike_Antrieb_installiert, setup time: 15
2025-04-10 12:10:56,905 - JSPGymEnvironment - INFO - Executed operation: Job J20, Op 2, Machine M3, Start: 1691.0, End: 1715.0, Setup: 15
2025-04-10 12:10:56,930 - JSPGymEnvironment - INFO - Material change on machine M3: Mountainbike_Antrieb_installiert -> Racebike_Antrieb_installiert, setup time: 15
2025-04-10 12:10:56,930 - JSPGymEnvironment - INFO - Executed operation: Job J6, Op 2, Machine M3, Start: 1730.0, End: 1768.0, Setup: 15
2025-04-10 12:10:56,955 - JSPGymEnvironment - INFO - Material change on machine M2: E-Bike_Rahmen_nachbearbeitet -> Mountainbike_Rahmen_nachbearbeitet, setup time: 20
2025-04-10 12:10:56,955 - JSPGymEnvironment - INFO - Executed operation: Job J12, Op 4, Machine M2, Start: 1788.0, End: 1816.0, Setup: 20
2025-04-10 12:10:56,980 - JSPGymEnvironment - INFO - Material change on machine M3: Racebike_Antrieb_installiert -> Mountainbike_Bremsen_justiert, setup time: 15
2025-04-10 12:10:56,980 - JSPGymEnvironment - INFO - Executed operation: Job J20, Op 3, Machine M3, Start: 1831.0, End: 1872.0, Setup: 15
2025-04-10 12:10:57,006 - JSPGymEnvironment - INFO - Material change on machine M2: Mountainbike_Rahmen_nachbearbeitet -> Citybike_Schaltauge_bearbeitet, setup time: 20
2025-04-10 12:10:57,006 - JSPGymEnvironment - INFO - Executed operation: Job J14, Op 1, Machine M2, Start: 1892.0, End: 1908.0, Setup: 20
2025-04-10 12:10:57,031 - JSPGymEnvironment - INFO - Material change on machine M2: Citybike_Schaltauge_bearbeitet -> Citybike_Bremsaufnahme_gebohrt, setup time: 20
2025-04-10 12:10:57,031 - JSPGymEnvironment - INFO - Executed operation: Job J9, Op 3, Machine M2, Start: 1928.0, End: 1951.0, Setup: 20
2025-04-10 12:10:57,056 - JSPGymEnvironment - INFO - Material change on machine M1: Citybike_Hauptrahmen_zugeschnitten -> Racebike_Hauptrahmen_zugeschnitten, setup time: 40
2025-04-10 12:10:57,056 - JSPGymEnvironment - INFO - Executed operation: Job J1, Op 0, Machine M1, Start: 1991.0, End: 2031.0, Setup: 40
2025-04-10 12:10:57,081 - JSPGymEnvironment - INFO - Material change on machine M2: Citybike_Bremsaufnahme_gebohrt -> Mountainbike_Rahmen_nachbearbeitet, setup time: 20
2025-04-10 12:10:57,081 - JSPGymEnvironment - INFO - Executed operation: Job J20, Op 4, Machine M2, Start: 2051.0, End: 2068.0, Setup: 20
2025-04-10 12:10:57,108 - JSPGymEnvironment - INFO - Material change on machine M2: Mountainbike_Rahmen_nachbearbeitet -> Racebike_Fahrrad_endmontiert, setup time: 20
2025-04-10 12:10:57,108 - JSPGymEnvironment - INFO - Executed operation: Job J7, Op 7, Machine M2, Start: 2088.0, End: 2113.0, Setup: 20
2025-04-10 12:10:57,108 - JSPGymEnvironment - INFO - Job J7 completed at time 2113.0, deadline: 2880, met: True, priority: 9
2025-04-10 12:10:57,133 - JSPGymEnvironment - INFO - Material change on machine M3: Mountainbike_Bremsen_justiert -> Racebike_Antrieb_installiert, setup time: 15
2025-04-10 12:10:57,133 - JSPGymEnvironment - INFO - Executed operation: Job J15, Op 2, Machine M3, Start: 2128.0, End: 2163.0, Setup: 15
2025-04-10 12:10:57,158 - JSPGymEnvironment - INFO - Material change on machine M2: Racebike_Fahrrad_endmontiert -> E-Bike_Fahrrad_endmontiert, setup time: 20
2025-04-10 12:10:57,158 - JSPGymEnvironment - INFO - Executed operation: Job J3, Op 6, Machine M2, Start: 2183.0, End: 2193.0, Setup: 20
2025-04-10 12:10:57,158 - JSPGymEnvironment - INFO - Job J3 completed at time 2193.0, deadline: 2862, met: True, priority: 8
2025-04-10 12:10:57,318 - JSPGymEnvironment - INFO - Material change on machine M2: E-Bike_Fahrrad_endmontiert -> Mountainbike_Rahmen_nachbearbeitet, setup time: 20
2025-04-10 12:10:57,319 - JSPGymEnvironment - INFO - Executed operation: Job J12, Op 5, Machine M2, Start: 2213.0, End: 2241.0, Setup: 20
2025-04-10 12:10:57,343 - JSPGymEnvironment - INFO - Material change on machine M3: Racebike_Antrieb_installiert -> Mountainbike_Fahrrad_endmontiert, setup time: 15
2025-04-10 12:10:57,343 - JSPGymEnvironment - INFO - Executed operation: Job J20, Op 5, Machine M3, Start: 2256.0, End: 2281.0, Setup: 15
2025-04-10 12:10:57,368 - JSPGymEnvironment - INFO - Material change on machine M3: Mountainbike_Fahrrad_endmontiert -> Racebike_Bremsen_justiert, setup time: 15
2025-04-10 12:10:57,369 - JSPGymEnvironment - INFO - Executed operation: Job J6, Op 3, Machine M3, Start: 2296.0, End: 2354.0, Setup: 15
2025-04-10 12:10:57,393 - JSPGymEnvironment - INFO - Material change on machine M1: Racebike_Hauptrahmen_zugeschnitten -> Citybike_Hauptrahmen_zugeschnitten, setup time: 40
2025-04-10 12:10:57,393 - JSPGymEnvironment - INFO - Executed operation: Job J8, Op 0, Machine M1, Start: 2394.0, End: 2413.0, Setup: 40
2025-04-10 12:10:57,419 - JSPGymEnvironment - INFO - Material change on machine M2: Mountainbike_Rahmen_nachbearbeitet -> Racebike_Schaltauge_bearbeitet, setup time: 20
2025-04-10 12:10:57,419 - JSPGymEnvironment - INFO - Executed operation: Job J16, Op 1, Machine M2, Start: 2433.0, End: 2448.0, Setup: 20
2025-04-10 12:10:57,444 - JSPGymEnvironment - INFO - Executed operation: Job J1, Op 1, Machine M2, Start: 2463.0, End: 2479.0, Setup: 15
2025-04-10 12:10:57,469 - JSPGymEnvironment - INFO - Material change on machine M2: Racebike_Schaltauge_bearbeitet -> Mountainbike_Fahrrad_endmontiert, setup time: 20
2025-04-10 12:10:57,469 - JSPGymEnvironment - INFO - Executed operation: Job J12, Op 6, Machine M2, Start: 2499.0, End: 2521.0, Setup: 20
2025-04-10 12:10:57,469 - JSPGymEnvironment - INFO - Job J12 completed at time 2521.0, deadline: 2863, met: True, priority: 2
2025-04-10 12:10:57,495 - JSPGymEnvironment - INFO - Material change on machine M3: Racebike_Bremsen_justiert -> Citybike_Antrieb_installiert, setup time: 15
2025-04-10 12:10:57,495 - JSPGymEnvironment - INFO - Executed operation: Job J14, Op 2, Machine M3, Start: 2536.0, End: 2558.0, Setup: 15
2025-04-10 12:10:57,519 - JSPGymEnvironment - INFO - Material change on machine M3: Citybike_Antrieb_installiert -> Racebike_Antrieb_installiert, setup time: 15
2025-04-10 12:10:57,519 - JSPGymEnvironment - INFO - Executed operation: Job J1, Op 2, Machine M3, Start: 2573.0, End: 2609.0, Setup: 15
2025-04-10 12:10:57,544 - JSPGymEnvironment - INFO - Material change on machine M1: Citybike_Hauptrahmen_zugeschnitten -> E-Bike_Hauptrahmen_zugeschnitten, setup time: 40
2025-04-10 12:10:57,545 - JSPGymEnvironment - INFO - Executed operation: Job J13, Op 0, Machine M1, Start: 2649.0, End: 2690.0, Setup: 40
2025-04-10 12:10:57,569 - JSPGymEnvironment - INFO - Material change on machine M3: Racebike_Antrieb_installiert -> Racebike_Bremsen_justiert, setup time: 15
2025-04-10 12:10:57,569 - JSPGymEnvironment - INFO - Executed operation: Job J15, Op 3, Machine M3, Start: 2705.0, End: 2732.0, Setup: 15
2025-04-10 12:10:57,595 - JSPGymEnvironment - INFO - Material change on machine M2: Mountainbike_Fahrrad_endmontiert -> Citybike_Schaltauge_bearbeitet, setup time: 20
2025-04-10 12:10:57,595 - JSPGymEnvironment - INFO - Executed operation: Job J8, Op 1, Machine M2, Start: 2752.0, End: 2765.0, Setup: 20
2025-04-10 12:10:57,620 - JSPGymEnvironment - INFO - Material change on machine M1: E-Bike_Hauptrahmen_zugeschnitten -> Racebike_Hauptrahmen_zugeschnitten, setup time: 40
2025-04-10 12:10:57,620 - JSPGymEnvironment - INFO - Executed operation: Job J10, Op 0, Machine M1, Start: 2805.0, End: 2837.0, Setup: 40
2025-04-10 12:10:57,645 - JSPGymEnvironment - INFO - Executed operation: Job J11, Op 1, Machine M2, Start: 2852.0, End: 2865.0, Setup: 15
2025-04-10 12:10:57,670 - JSPGymEnvironment - INFO - Material change on machine M1: Racebike_Hauptrahmen_zugeschnitten -> E-Bike_Hauptrahmen_zugeschnitten, setup time: 40
2025-04-10 12:10:57,670 - JSPGymEnvironment - INFO - Executed operation: Job J19, Op 0, Machine M1, Start: 2905.0, End: 2920.0, Setup: 40
2025-04-10 12:10:57,829 - JSPGymEnvironment - INFO - Executed operation: Job J17, Op 1, Machine M2, Start: 2935.0, End: 2955.0, Setup: 15
2025-04-10 12:10:57,854 - JSPGymEnvironment - INFO - Material change on machine M2: Citybike_Schaltauge_bearbeitet -> Citybike_Bremsaufnahme_gebohrt, setup time: 20
2025-04-10 12:10:57,854 - JSPGymEnvironment - INFO - Executed operation: Job J14, Op 3, Machine M2, Start: 2975.0, End: 2993.0, Setup: 20
2025-04-10 12:10:57,880 - JSPGymEnvironment - INFO - Material change on machine M3: Racebike_Bremsen_justiert -> Racebike_Fahrrad_endmontiert, setup time: 15
2025-04-10 12:10:57,880 - JSPGymEnvironment - INFO - Executed operation: Job J6, Op 4, Machine M3, Start: 3008.0, End: 3049.0, Setup: 15
2025-04-10 12:10:57,881 - JSPGymEnvironment - INFO - Job J6 completed at time 3049.0, deadline: 2880, met: False, priority: 10
2025-04-10 12:10:57,909 - JSPGymEnvironment - INFO - Material change on machine M3: Racebike_Fahrrad_endmontiert -> Racebike_Antrieb_installiert, setup time: 15
2025-04-10 12:10:57,909 - JSPGymEnvironment - INFO - Executed operation: Job J16, Op 2, Machine M3, Start: 3064.0, End: 3094.0, Setup: 15
2025-04-10 12:10:57,939 - JSPGymEnvironment - INFO - Material change on machine M2: Citybike_Bremsaufnahme_gebohrt -> Citybike_Rahmen_nachbearbeitet, setup time: 20
2025-04-10 12:10:57,939 - JSPGymEnvironment - INFO - Executed operation: Job J9, Op 4, Machine M2, Start: 3114.0, End: 3126.0, Setup: 20
2025-04-10 12:10:57,967 - JSPGymEnvironment - INFO - Material change on machine M1: E-Bike_Hauptrahmen_zugeschnitten -> Citybike_Hauptrahmen_zugeschnitten, setup time: 40
2025-04-10 12:10:57,967 - JSPGymEnvironment - INFO - Executed operation: Job J2, Op 0, Machine M1, Start: 3166.0, End: 3182.0, Setup: 40
2025-04-10 12:10:57,996 - JSPGymEnvironment - INFO - Material change on machine M2: Citybike_Rahmen_nachbearbeitet -> E-Bike_Schaltauge_bearbeitet, setup time: 20
2025-04-10 12:10:57,996 - JSPGymEnvironment - INFO - Executed operation: Job J19, Op 1, Machine M2, Start: 3202.0, End: 3232.0, Setup: 20
2025-04-10 12:10:58,026 - JSPGymEnvironment - INFO - Material change on machine M3: Racebike_Antrieb_installiert -> Citybike_Fahrrad_endmontiert, setup time: 15
2025-04-10 12:10:58,026 - JSPGymEnvironment - INFO - Executed operation: Job J9, Op 5, Machine M3, Start: 3247.0, End: 3298.0, Setup: 15
2025-04-10 12:10:58,055 - JSPGymEnvironment - INFO - Material change on machine M3: Citybike_Fahrrad_endmontiert -> Mountainbike_Fahrrad_endmontiert, setup time: 15
2025-04-10 12:10:58,055 - JSPGymEnvironment - INFO - Executed operation: Job J20, Op 6, Machine M3, Start: 3313.0, End: 3353.0, Setup: 15
2025-04-10 12:10:58,055 - JSPGymEnvironment - INFO - Job J20 completed at time 3353.0, deadline: 2744, met: False, priority: 3
2025-04-10 12:10:58,082 - JSPGymEnvironment - INFO - Material change on machine M3: Mountainbike_Fahrrad_endmontiert -> Citybike_Antrieb_installiert, setup time: 15
2025-04-10 12:10:58,082 - JSPGymEnvironment - INFO - Executed operation: Job J11, Op 2, Machine M3, Start: 3368.0, End: 3410.0, Setup: 15
2025-04-10 12:10:58,108 - JSPGymEnvironment - INFO - Material change on machine M3: Citybike_Antrieb_installiert -> Citybike_Fahrrad_endmontiert, setup time: 15
2025-04-10 12:10:58,108 - JSPGymEnvironment - INFO - Executed operation: Job J9, Op 6, Machine M3, Start: 3425.0, End: 3448.0, Setup: 15
2025-04-10 12:10:58,108 - JSPGymEnvironment - INFO - Job J9 completed at time 3448.0, deadline: 2880, met: False, priority: 8
2025-04-10 12:10:58,133 - JSPGymEnvironment - INFO - Material change on machine M2: E-Bike_Schaltauge_bearbeitet -> Racebike_Bremsaufnahme_gebohrt, setup time: 20
2025-04-10 12:10:58,133 - JSPGymEnvironment - INFO - Executed operation: Job J16, Op 3, Machine M2, Start: 3468.0, End: 3491.0, Setup: 20
2025-04-10 12:10:58,157 - JSPGymEnvironment - INFO - Material change on machine M3: Citybike_Fahrrad_endmontiert -> Racebike_Antrieb_installiert, setup time: 15
2025-04-10 12:10:58,157 - JSPGymEnvironment - INFO - Executed operation: Job J4, Op 2, Machine M3, Start: 3506.0, End: 3546.0, Setup: 15
2025-04-10 12:10:58,183 - JSPGymEnvironment - INFO - Executed operation: Job J4, Op 3, Machine M2, Start: 3561.0, End: 3575.0, Setup: 15
2025-04-10 12:10:58,343 - JSPGymEnvironment - INFO - Executed operation: Job J1, Op 3, Machine M2, Start: 3590.0, End: 3608.0, Setup: 15
2025-04-10 12:10:58,368 - JSPGymEnvironment - INFO - Material change on machine M2: Racebike_Bremsaufnahme_gebohrt -> Racebike_Rahmen_nachbearbeitet, setup time: 20
2025-04-10 12:10:58,369 - JSPGymEnvironment - INFO - Executed operation: Job J15, Op 4, Machine M2, Start: 3628.0, End: 3648.0, Setup: 20
2025-04-10 12:10:58,394 - JSPGymEnvironment - INFO - Material change on machine M2: Racebike_Rahmen_nachbearbeitet -> Citybike_Schaltauge_bearbeitet, setup time: 20
2025-04-10 12:10:58,394 - JSPGymEnvironment - INFO - Executed operation: Job J2, Op 1, Machine M2, Start: 3668.0, End: 3678.0, Setup: 20
2025-04-10 12:10:58,419 - JSPGymEnvironment - INFO - Material change on machine M2: Citybike_Schaltauge_bearbeitet -> Racebike_Rahmen_nachbearbeitet, setup time: 20
2025-04-10 12:10:58,419 - JSPGymEnvironment - INFO - Executed operation: Job J1, Op 4, Machine M2, Start: 3698.0, End: 3720.0, Setup: 20
2025-04-10 12:10:58,444 - JSPGymEnvironment - INFO - Material change on machine M3: Racebike_Antrieb_installiert -> E-Bike_Antrieb_installiert, setup time: 15
2025-04-10 12:10:58,444 - JSPGymEnvironment - INFO - Executed operation: Job J19, Op 2, Machine M3, Start: 3735.0, End: 3757.0, Setup: 15
2025-04-10 12:10:58,469 - JSPGymEnvironment - INFO - Executed operation: Job J16, Op 4, Machine M2, Start: 3772.0, End: 3786.0, Setup: 15
2025-04-10 12:10:58,496 - JSPGymEnvironment - INFO - Executed operation: Job J4, Op 4, Machine M2, Start: 3801.0, End: 3826.0, Setup: 15
2025-04-10 12:10:58,520 - JSPGymEnvironment - INFO - Material change on machine M2: Racebike_Rahmen_nachbearbeitet -> Mountainbike_Schaltauge_bearbeitet, setup time: 20
2025-04-10 12:10:58,520 - JSPGymEnvironment - INFO - Executed operation: Job J5, Op 1, Machine M2, Start: 3846.0, End: 3861.0, Setup: 20
2025-04-10 12:10:58,545 - JSPGymEnvironment - INFO - Material change on machine M2: Mountainbike_Schaltauge_bearbeitet -> Racebike_Rahmen_nachbearbeitet, setup time: 20
2025-04-10 12:10:58,545 - JSPGymEnvironment - INFO - Executed operation: Job J15, Op 5, Machine M2, Start: 3881.0, End: 3904.0, Setup: 20
2025-04-10 12:10:58,570 - JSPGymEnvironment - INFO - Material change on machine M2: Racebike_Rahmen_nachbearbeitet -> Racebike_Fahrrad_endmontiert, setup time: 20
2025-04-10 12:10:58,570 - JSPGymEnvironment - INFO - Executed operation: Job J1, Op 5, Machine M2, Start: 3924.0, End: 3936.0, Setup: 20
2025-04-10 12:10:58,570 - JSPGymEnvironment - INFO - Job J1 completed at time 3936.0, deadline: 2790, met: False, priority: 7
2025-04-10 12:10:58,596 - JSPGymEnvironment - INFO - Material change on machine M3: E-Bike_Antrieb_installiert -> Citybike_Antrieb_installiert, setup time: 15
2025-04-10 12:10:58,596 - JSPGymEnvironment - INFO - Executed operation: Job J8, Op 2, Machine M3, Start: 3951.0, End: 4005.0, Setup: 15
2025-04-10 12:10:58,621 - JSPGymEnvironment - INFO - Material change on machine M2: Racebike_Fahrrad_endmontiert -> Citybike_Rahmen_nachbearbeitet, setup time: 20
2025-04-10 12:10:58,622 - JSPGymEnvironment - INFO - Executed operation: Job J14, Op 4, Machine M2, Start: 4025.0, End: 4054.0, Setup: 20
2025-04-10 12:10:58,646 - JSPGymEnvironment - INFO - Material change on machine M2: Citybike_Rahmen_nachbearbeitet -> Racebike_Rahmen_nachbearbeitet, setup time: 20
2025-04-10 12:10:58,646 - JSPGymEnvironment - INFO - Executed operation: Job J4, Op 5, Machine M2, Start: 4074.0, End: 4098.0, Setup: 20
2025-04-10 12:10:58,671 - JSPGymEnvironment - INFO - Material change on machine M3: Citybike_Antrieb_installiert -> Racebike_Fahrrad_endmontiert, setup time: 15
2025-04-10 12:10:58,671 - JSPGymEnvironment - INFO - Executed operation: Job J15, Op 6, Machine M3, Start: 4113.0, End: 4140.0, Setup: 15
2025-04-10 12:10:58,833 - JSPGymEnvironment - INFO - Material change on machine M2: Racebike_Rahmen_nachbearbeitet -> E-Bike_Schaltauge_bearbeitet, setup time: 20
2025-04-10 12:10:58,833 - JSPGymEnvironment - INFO - Executed operation: Job J13, Op 1, Machine M2, Start: 4160.0, End: 4183.0, Setup: 20
2025-04-10 12:10:58,859 - JSPGymEnvironment - INFO - Material change on machine M3: Racebike_Fahrrad_endmontiert -> Citybike_Antrieb_installiert, setup time: 15
2025-04-10 12:10:58,859 - JSPGymEnvironment - INFO - Executed operation: Job J17, Op 2, Machine M3, Start: 4198.0, End: 4232.0, Setup: 15
2025-04-10 12:10:58,884 - JSPGymEnvironment - INFO - Executed operation: Job J2, Op 2, Machine M3, Start: 4242.0, End: 4270.0, Setup: 10
2025-04-10 12:10:58,910 - JSPGymEnvironment - INFO - Material change on machine M3: Citybike_Antrieb_installiert -> Citybike_Bremsen_justiert, setup time: 15
2025-04-10 12:10:58,910 - JSPGymEnvironment - INFO - Executed operation: Job J8, Op 3, Machine M3, Start: 4285.0, End: 4343.0, Setup: 15
2025-04-10 12:10:58,935 - JSPGymEnvironment - INFO - Material change on machine M3: Citybike_Bremsen_justiert -> Citybike_Fahrrad_endmontiert, setup time: 15
2025-04-10 12:10:58,935 - JSPGymEnvironment - INFO - Executed operation: Job J8, Op 4, Machine M3, Start: 4358.0, End: 4407.0, Setup: 15
2025-04-10 12:10:58,960 - JSPGymEnvironment - INFO - Material change on machine M3: Citybike_Fahrrad_endmontiert -> Racebike_Fahrrad_endmontiert, setup time: 15
2025-04-10 12:10:58,960 - JSPGymEnvironment - INFO - Executed operation: Job J15, Op 7, Machine M3, Start: 4422.0, End: 4468.0, Setup: 15
2025-04-10 12:10:58,960 - JSPGymEnvironment - INFO - Job J15 completed at time 4468.0, deadline: 2833, met: False, priority: 10
2025-04-10 12:10:58,986 - JSPGymEnvironment - INFO - Executed operation: Job J4, Op 6, Machine M3, Start: 4478.0, End: 4504.0, Setup: 10
2025-04-10 12:10:58,986 - JSPGymEnvironment - INFO - Job J4 completed at time 4504.0, deadline: 2757, met: False, priority: 7
2025-04-10 12:10:59,012 - JSPGymEnvironment - INFO - Material change on machine M2: E-Bike_Schaltauge_bearbeitet -> E-Bike_Bremsaufnahme_gebohrt, setup time: 20
2025-04-10 12:10:59,012 - JSPGymEnvironment - INFO - Executed operation: Job J19, Op 3, Machine M2, Start: 4524.0, End: 4537.0, Setup: 20
2025-04-10 12:10:59,038 - JSPGymEnvironment - INFO - Material change on machine M2: E-Bike_Bremsaufnahme_gebohrt -> Citybike_Bremsaufnahme_gebohrt, setup time: 20
2025-04-10 12:10:59,038 - JSPGymEnvironment - INFO - Executed operation: Job J2, Op 3, Machine M2, Start: 4557.0, End: 4578.0, Setup: 20
2025-04-10 12:10:59,062 - JSPGymEnvironment - INFO - Material change on machine M2: Citybike_Bremsaufnahme_gebohrt -> Citybike_Fahrrad_endmontiert, setup time: 20
2025-04-10 12:10:59,063 - JSPGymEnvironment - INFO - Executed operation: Job J8, Op 5, Machine M2, Start: 4598.0, End: 4628.0, Setup: 20
2025-04-10 12:10:59,063 - JSPGymEnvironment - INFO - Job J8 completed at time 4628.0, deadline: 2762, met: False, priority: 5
2025-04-10 12:10:59,090 - JSPGymEnvironment - INFO - Material change on machine M3: Racebike_Fahrrad_endmontiert -> Citybike_Bremsen_justiert, setup time: 15
2025-04-10 12:10:59,090 - JSPGymEnvironment - INFO - Executed operation: Job J17, Op 3, Machine M3, Start: 4643.0, End: 4669.0, Setup: 15
2025-04-10 12:10:59,120 - JSPGymEnvironment - INFO - Executed operation: Job J11, Op 3, Machine M3, Start: 4679.0, End: 4701.0, Setup: 10
2025-04-10 12:10:59,150 - JSPGymEnvironment - INFO - Material change on machine M2: Citybike_Fahrrad_endmontiert -> E-Bike_Rahmen_nachbearbeitet, setup time: 20
2025-04-10 12:10:59,150 - JSPGymEnvironment - INFO - Executed operation: Job J19, Op 4, Machine M2, Start: 4721.0, End: 4738.0, Setup: 20
2025-04-10 12:10:59,325 - JSPGymEnvironment - INFO - Material change on machine M2: E-Bike_Rahmen_nachbearbeitet -> Racebike_Fahrrad_endmontiert, setup time: 20
2025-04-10 12:10:59,326 - JSPGymEnvironment - INFO - Executed operation: Job J16, Op 5, Machine M2, Start: 4758.0, End: 4788.0, Setup: 20
2025-04-10 12:10:59,326 - JSPGymEnvironment - INFO - Job J16 completed at time 4788.0, deadline: 2855, met: False, priority: 7
2025-04-10 12:10:59,351 - JSPGymEnvironment - INFO - Material change on machine M2: Racebike_Fahrrad_endmontiert -> Citybike_Rahmen_nachbearbeitet, setup time: 20
2025-04-10 12:10:59,351 - JSPGymEnvironment - INFO - Executed operation: Job J2, Op 4, Machine M2, Start: 4808.0, End: 4832.0, Setup: 20
2025-04-10 12:10:59,377 - JSPGymEnvironment - INFO - Material change on machine M2: Citybike_Rahmen_nachbearbeitet -> Racebike_Schaltauge_bearbeitet, setup time: 20
2025-04-10 12:10:59,377 - JSPGymEnvironment - INFO - Executed operation: Job J10, Op 1, Machine M2, Start: 4852.0, End: 4877.0, Setup: 20
2025-04-10 12:10:59,402 - JSPGymEnvironment - INFO - Material change on machine M3: Citybike_Bremsen_justiert -> Citybike_Fahrrad_endmontiert, setup time: 15
2025-04-10 12:10:59,402 - JSPGymEnvironment - INFO - Executed operation: Job J2, Op 5, Machine M3, Start: 4892.0, End: 4913.0, Setup: 15
2025-04-10 12:10:59,402 - JSPGymEnvironment - INFO - Job J2 completed at time 4913.0, deadline: 2880, met: False, priority: 3
2025-04-10 12:10:59,427 - JSPGymEnvironment - INFO - Executed operation: Job J11, Op 4, Machine M3, Start: 4923.0, End: 4962.0, Setup: 10
2025-04-10 12:10:59,452 - JSPGymEnvironment - INFO - Material change on machine M3: Citybike_Fahrrad_endmontiert -> Mountainbike_Antrieb_installiert, setup time: 15
2025-04-10 12:10:59,452 - JSPGymEnvironment - INFO - Executed operation: Job J5, Op 2, Machine M3, Start: 4977.0, End: 5002.0, Setup: 15
2025-04-10 12:10:59,477 - JSPGymEnvironment - INFO - Material change on machine M3: Mountainbike_Antrieb_installiert -> Racebike_Antrieb_installiert, setup time: 15
2025-04-10 12:10:59,477 - JSPGymEnvironment - INFO - Executed operation: Job J10, Op 2, Machine M3, Start: 5017.0, End: 5056.0, Setup: 15
2025-04-10 12:10:59,502 - JSPGymEnvironment - INFO - Material change on machine M2: Racebike_Schaltauge_bearbeitet -> E-Bike_Rahmen_nachbearbeitet, setup time: 20
2025-04-10 12:10:59,502 - JSPGymEnvironment - INFO - Executed operation: Job J19, Op 5, Machine M2, Start: 5076.0, End: 5097.0, Setup: 20
2025-04-10 12:10:59,527 - JSPGymEnvironment - INFO - Material change on machine M2: E-Bike_Rahmen_nachbearbeitet -> E-Bike_Fahrrad_endmontiert, setup time: 20
2025-04-10 12:10:59,527 - JSPGymEnvironment - INFO - Executed operation: Job J19, Op 6, Machine M2, Start: 5117.0, End: 5142.0, Setup: 20
2025-04-10 12:10:59,527 - JSPGymEnvironment - INFO - Job J19 completed at time 5142.0, deadline: 2737, met: False, priority: 8
2025-04-10 12:10:59,552 - JSPGymEnvironment - INFO - Material change on machine M2: E-Bike_Fahrrad_endmontiert -> Citybike_Rahmen_nachbearbeitet, setup time: 20
2025-04-10 12:10:59,552 - JSPGymEnvironment - INFO - Executed operation: Job J14, Op 5, Machine M2, Start: 5162.0, End: 5192.0, Setup: 20
2025-04-10 12:10:59,577 - JSPGymEnvironment - INFO - Executed operation: Job J14, Op 6, Machine M2, Start: 5207.0, End: 5231.0, Setup: 15
2025-04-10 12:10:59,604 - JSPGymEnvironment - INFO - Material change on machine M3: Racebike_Antrieb_installiert -> E-Bike_Antrieb_installiert, setup time: 15
2025-04-10 12:10:59,604 - JSPGymEnvironment - INFO - Executed operation: Job J13, Op 2, Machine M3, Start: 5246.0, End: 5299.0, Setup: 15
2025-04-10 12:10:59,629 - JSPGymEnvironment - INFO - Material change on machine M3: E-Bike_Antrieb_installiert -> Citybike_Fahrrad_endmontiert, setup time: 15
2025-04-10 12:10:59,629 - JSPGymEnvironment - INFO - Executed operation: Job J17, Op 4, Machine M3, Start: 5314.0, End: 5364.0, Setup: 15
2025-04-10 12:10:59,654 - JSPGymEnvironment - INFO - Material change on machine M2: Citybike_Rahmen_nachbearbeitet -> E-Bike_Bremsaufnahme_gebohrt, setup time: 20
2025-04-10 12:10:59,654 - JSPGymEnvironment - INFO - Executed operation: Job J13, Op 3, Machine M2, Start: 5384.0, End: 5406.0, Setup: 20
2025-04-10 12:10:59,680 - JSPGymEnvironment - INFO - Material change on machine M2: E-Bike_Bremsaufnahme_gebohrt -> Racebike_Bremsaufnahme_gebohrt, setup time: 20
2025-04-10 12:10:59,680 - JSPGymEnvironment - INFO - Executed operation: Job J10, Op 3, Machine M2, Start: 5426.0, End: 5448.0, Setup: 20
2025-04-10 12:10:59,839 - JSPGymEnvironment - INFO - Material change on machine M2: Racebike_Bremsaufnahme_gebohrt -> Mountainbike_Bremsaufnahme_gebohrt, setup time: 20
2025-04-10 12:10:59,839 - JSPGymEnvironment - INFO - Executed operation: Job J5, Op 3, Machine M2, Start: 5468.0, End: 5483.0, Setup: 20
2025-04-10 12:10:59,865 - JSPGymEnvironment - INFO - Material change on machine M2: Mountainbike_Bremsaufnahme_gebohrt -> Citybike_Fahrrad_endmontiert, setup time: 20
2025-04-10 12:10:59,865 - JSPGymEnvironment - INFO - Executed operation: Job J14, Op 7, Machine M2, Start: 5503.0, End: 5524.0, Setup: 20
2025-04-10 12:10:59,865 - JSPGymEnvironment - INFO - Job J14 completed at time 5524.0, deadline: 2880, met: False, priority: 3
2025-04-10 12:10:59,890 - JSPGymEnvironment - INFO - Material change on machine M2: Citybike_Fahrrad_endmontiert -> Citybike_Rahmen_nachbearbeitet, setup time: 20
2025-04-10 12:10:59,891 - JSPGymEnvironment - INFO - Executed operation: Job J11, Op 5, Machine M2, Start: 5544.0, End: 5561.0, Setup: 20
2025-04-10 12:10:59,916 - JSPGymEnvironment - INFO - Material change on machine M2: Citybike_Rahmen_nachbearbeitet -> Mountainbike_Rahmen_nachbearbeitet, setup time: 20
2025-04-10 12:10:59,916 - JSPGymEnvironment - INFO - Executed operation: Job J5, Op 4, Machine M2, Start: 5581.0, End: 5611.0, Setup: 20
2025-04-10 12:10:59,940 - JSPGymEnvironment - INFO - Material change on machine M2: Mountainbike_Rahmen_nachbearbeitet -> Mountainbike_Fahrrad_endmontiert, setup time: 20
2025-04-10 12:10:59,941 - JSPGymEnvironment - INFO - Executed operation: Job J5, Op 5, Machine M2, Start: 5631.0, End: 5653.0, Setup: 20
2025-04-10 12:10:59,941 - JSPGymEnvironment - INFO - Job J5 completed at time 5653.0, deadline: 2880, met: False, priority: 1
2025-04-10 12:10:59,965 - JSPGymEnvironment - INFO - Material change on machine M2: Mountainbike_Fahrrad_endmontiert -> Citybike_Rahmen_nachbearbeitet, setup time: 20
2025-04-10 12:10:59,965 - JSPGymEnvironment - INFO - Executed operation: Job J11, Op 6, Machine M2, Start: 5673.0, End: 5695.0, Setup: 20
2025-04-10 12:10:59,991 - JSPGymEnvironment - INFO - Material change on machine M1: Citybike_Hauptrahmen_zugeschnitten -> Mountainbike_Hauptrahmen_zugeschnitten, setup time: 40
2025-04-10 12:10:59,991 - JSPGymEnvironment - INFO - Executed operation: Job J18, Op 0, Machine M1, Start: 5735.0, End: 5757.0, Setup: 40
2025-04-10 12:11:00,021 - JSPGymEnvironment - INFO - Material change on machine M2: Citybike_Rahmen_nachbearbeitet -> Citybike_Fahrrad_endmontiert, setup time: 20
2025-04-10 12:11:00,022 - JSPGymEnvironment - INFO - Executed operation: Job J11, Op 7, Machine M2, Start: 5777.0, End: 5806.0, Setup: 20
2025-04-10 12:11:00,022 - JSPGymEnvironment - INFO - Job J11 completed at time 5806.0, deadline: 2880, met: False, priority: 7
2025-04-10 12:11:00,047 - JSPGymEnvironment - INFO - Executed operation: Job J17, Op 5, Machine M3, Start: 5816.0, End: 5875.0, Setup: 10
2025-04-10 12:11:00,073 - JSPGymEnvironment - INFO - Material change on machine M2: Citybike_Fahrrad_endmontiert -> Mountainbike_Schaltauge_bearbeitet, setup time: 20
2025-04-10 12:11:00,074 - JSPGymEnvironment - INFO - Executed operation: Job J18, Op 1, Machine M2, Start: 5895.0, End: 5915.0, Setup: 20
2025-04-10 12:11:00,099 - JSPGymEnvironment - INFO - Material change on machine M3: Citybike_Fahrrad_endmontiert -> Mountainbike_Antrieb_installiert, setup time: 15
2025-04-10 12:11:00,099 - JSPGymEnvironment - INFO - Executed operation: Job J18, Op 2, Machine M3, Start: 5930.0, End: 5959.0, Setup: 15
2025-04-10 12:11:00,125 - JSPGymEnvironment - INFO - Material change on machine M2: Mountainbike_Schaltauge_bearbeitet -> Racebike_Rahmen_nachbearbeitet, setup time: 20
2025-04-10 12:11:00,126 - JSPGymEnvironment - INFO - Executed operation: Job J10, Op 4, Machine M2, Start: 5979.0, End: 5990.0, Setup: 20
2025-04-10 12:11:00,151 - JSPGymEnvironment - INFO - Executed operation: Job J10, Op 5, Machine M2, Start: 6005.0, End: 6023.0, Setup: 15
2025-04-10 12:11:00,177 - JSPGymEnvironment - INFO - Material change on machine M3: Mountainbike_Antrieb_installiert -> Mountainbike_Bremsen_justiert, setup time: 15
2025-04-10 12:11:00,177 - JSPGymEnvironment - INFO - Executed operation: Job J18, Op 3, Machine M3, Start: 6038.0, End: 6093.0, Setup: 15
2025-04-10 12:11:00,360 - JSPGymEnvironment - INFO - Executed operation: Job J10, Op 6, Machine M2, Start: 6108.0, End: 6119.0, Setup: 15
2025-04-10 12:11:00,389 - JSPGymEnvironment - INFO - Material change on machine M2: Racebike_Rahmen_nachbearbeitet -> Mountainbike_Fahrrad_endmontiert, setup time: 20
2025-04-10 12:11:00,389 - JSPGymEnvironment - INFO - Executed operation: Job J18, Op 4, Machine M2, Start: 6139.0, End: 6152.0, Setup: 20
2025-04-10 12:11:00,389 - JSPGymEnvironment - INFO - Job J18 completed at time 6152.0, deadline: 2880, met: False, priority: 6
2025-04-10 12:11:00,417 - JSPGymEnvironment - INFO - Material change on machine M2: Mountainbike_Fahrrad_endmontiert -> Racebike_Fahrrad_endmontiert, setup time: 20
2025-04-10 12:11:00,417 - JSPGymEnvironment - INFO - Executed operation: Job J10, Op 7, Machine M2, Start: 6172.0, End: 6184.0, Setup: 20
2025-04-10 12:11:00,418 - JSPGymEnvironment - INFO - Job J10 completed at time 6184.0, deadline: 2880, met: False, priority: 9
2025-04-10 12:11:00,443 - JSPGymEnvironment - INFO - Material change on machine M3: Mountainbike_Bremsen_justiert -> E-Bike_Fahrrad_endmontiert, setup time: 15
2025-04-10 12:11:00,443 - JSPGymEnvironment - INFO - Executed operation: Job J13, Op 4, Machine M3, Start: 6199.0, End: 6252.0, Setup: 15
2025-04-10 12:11:00,443 - JSPGymEnvironment - INFO - Job J13 completed at time 6252.0, deadline: 2863, met: False, priority: 7
2025-04-10 12:11:00,469 - JSPGymEnvironment - INFO - Material change on machine M3: E-Bike_Fahrrad_endmontiert -> Citybike_Fahrrad_endmontiert, setup time: 15
2025-04-10 12:11:00,470 - JSPGymEnvironment - INFO - Executed operation: Job J17, Op 6, Machine M3, Start: 6267.0, End: 6292.0, Setup: 15
2025-04-10 12:11:00,470 - JSPGymEnvironment - INFO - Job J17 completed at time 6292.0, deadline: 2880, met: False, priority: 6
2025-04-10 12:12:01,537 - JSPGymEnvironment - INFO - Environment reset
2025-04-10 12:12:01,562 - JSPGymEnvironment - INFO - Material change on machine M1:  -> Citybike_Hauptrahmen_zugeschnitten, setup time: 0
2025-04-10 12:12:01,562 - JSPGymEnvironment - INFO - Executed operation: Job J8, Op 0, Machine M1, Start: 0.0, End: 19.0, Setup: 0
2025-04-10 12:12:01,588 - JSPGymEnvironment - INFO - Material change on machine M1: Citybike_Hauptrahmen_zugeschnitten -> Racebike_Hauptrahmen_zugeschnitten, setup time: 40
2025-04-10 12:12:01,588 - JSPGymEnvironment - INFO - Executed operation: Job J6, Op 0, Machine M1, Start: 59.0, End: 95.0, Setup: 40
2025-04-10 12:12:01,615 - JSPGymEnvironment - INFO - Material change on machine M1: Racebike_Hauptrahmen_zugeschnitten -> E-Bike_Hauptrahmen_zugeschnitten, setup time: 40
2025-04-10 12:12:01,615 - JSPGymEnvironment - INFO - Executed operation: Job J19, Op 0, Machine M1, Start: 135.0, End: 150.0, Setup: 40
2025-04-10 12:12:01,640 - JSPGymEnvironment - INFO - Material change on machine M1: E-Bike_Hauptrahmen_zugeschnitten -> Citybike_Hauptrahmen_zugeschnitten, setup time: 40
2025-04-10 12:12:01,641 - JSPGymEnvironment - INFO - Executed operation: Job J14, Op 0, Machine M1, Start: 190.0, End: 208.0, Setup: 40
2025-04-10 12:12:01,667 - JSPGymEnvironment - INFO - Material change on machine M1: Citybike_Hauptrahmen_zugeschnitten -> Racebike_Hauptrahmen_zugeschnitten, setup time: 40
2025-04-10 12:12:01,667 - JSPGymEnvironment - INFO - Executed operation: Job J1, Op 0, Machine M1, Start: 248.0, End: 288.0, Setup: 40
2025-04-10 12:12:01,697 - JSPGymEnvironment - INFO - Material change on machine M2:  -> Racebike_Schaltauge_bearbeitet, setup time: 0
2025-04-10 12:12:01,697 - JSPGymEnvironment - INFO - Executed operation: Job J6, Op 1, Machine M2, Start: 288.0, End: 301.0, Setup: 0
2025-04-10 12:12:01,725 - JSPGymEnvironment - INFO - Material change on machine M3:  -> Racebike_Antrieb_installiert, setup time: 0
2025-04-10 12:12:01,725 - JSPGymEnvironment - INFO - Executed operation: Job J6, Op 2, Machine M3, Start: 301.0, End: 339.0, Setup: 0
2025-04-10 12:12:01,756 - JSPGymEnvironment - INFO - Executed operation: Job J7, Op 0, Machine M1, Start: 364.0, End: 399.0, Setup: 25
2025-04-10 12:12:01,788 - JSPGymEnvironment - INFO - Executed operation: Job J15, Op 0, Machine M1, Start: 424.0, End: 447.0, Setup: 25
2025-04-10 12:12:01,816 - JSPGymEnvironment - INFO - Material change on machine M1: Racebike_Hauptrahmen_zugeschnitten -> Citybike_Hauptrahmen_zugeschnitten, setup time: 40
2025-04-10 12:12:01,816 - JSPGymEnvironment - INFO - Executed operation: Job J11, Op 0, Machine M1, Start: 487.0, End: 518.0, Setup: 40
2025-04-10 12:12:01,844 - JSPGymEnvironment - INFO - Material change on machine M2: Racebike_Schaltauge_bearbeitet -> Citybike_Schaltauge_bearbeitet, setup time: 20
2025-04-10 12:12:01,844 - JSPGymEnvironment - INFO - Executed operation: Job J8, Op 1, Machine M2, Start: 538.0, End: 551.0, Setup: 20
2025-04-10 12:12:01,870 - JSPGymEnvironment - INFO - Material change on machine M1: Citybike_Hauptrahmen_zugeschnitten -> Racebike_Hauptrahmen_zugeschnitten, setup time: 40
2025-04-10 12:12:01,870 - JSPGymEnvironment - INFO - Executed operation: Job J16, Op 0, Machine M1, Start: 591.0, End: 617.0, Setup: 40
2025-04-10 12:12:01,896 - JSPGymEnvironment - INFO - Material change on machine M3: Racebike_Antrieb_installiert -> Citybike_Antrieb_installiert, setup time: 15
2025-04-10 12:12:01,896 - JSPGymEnvironment - INFO - Executed operation: Job J8, Op 2, Machine M3, Start: 632.0, End: 686.0, Setup: 15
2025-04-10 12:12:02,059 - JSPGymEnvironment - INFO - Material change on machine M2: Citybike_Schaltauge_bearbeitet -> Racebike_Schaltauge_bearbeitet, setup time: 20
2025-04-10 12:12:02,059 - JSPGymEnvironment - INFO - Executed operation: Job J16, Op 1, Machine M2, Start: 706.0, End: 721.0, Setup: 20
2025-04-10 12:12:02,086 - JSPGymEnvironment - INFO - Material change on machine M1: Racebike_Hauptrahmen_zugeschnitten -> Mountainbike_Hauptrahmen_zugeschnitten, setup time: 40
2025-04-10 12:12:02,086 - JSPGymEnvironment - INFO - Executed operation: Job J12, Op 0, Machine M1, Start: 761.0, End: 792.0, Setup: 40
2025-04-10 12:12:02,117 - JSPGymEnvironment - INFO - Material change on machine M1: Mountainbike_Hauptrahmen_zugeschnitten -> E-Bike_Hauptrahmen_zugeschnitten, setup time: 40
2025-04-10 12:12:02,118 - JSPGymEnvironment - INFO - Executed operation: Job J3, Op 0, Machine M1, Start: 832.0, End: 866.0, Setup: 40
2025-04-10 12:12:02,144 - JSPGymEnvironment - INFO - Material change on machine M2: Racebike_Schaltauge_bearbeitet -> E-Bike_Schaltauge_bearbeitet, setup time: 20
2025-04-10 12:12:02,144 - JSPGymEnvironment - INFO - Executed operation: Job J19, Op 1, Machine M2, Start: 886.0, End: 916.0, Setup: 20
2025-04-10 12:12:02,169 - JSPGymEnvironment - INFO - Material change on machine M2: E-Bike_Schaltauge_bearbeitet -> Citybike_Schaltauge_bearbeitet, setup time: 20
2025-04-10 12:12:02,170 - JSPGymEnvironment - INFO - Executed operation: Job J11, Op 1, Machine M2, Start: 936.0, End: 949.0, Setup: 20
2025-04-10 12:12:02,195 - JSPGymEnvironment - INFO - Material change on machine M1: E-Bike_Hauptrahmen_zugeschnitten -> Citybike_Hauptrahmen_zugeschnitten, setup time: 40
2025-04-10 12:12:02,196 - JSPGymEnvironment - INFO - Executed operation: Job J9, Op 0, Machine M1, Start: 989.0, End: 1029.0, Setup: 40
2025-04-10 12:12:02,221 - JSPGymEnvironment - INFO - Material change on machine M3: Citybike_Antrieb_installiert -> Racebike_Antrieb_installiert, setup time: 15
2025-04-10 12:12:02,222 - JSPGymEnvironment - INFO - Executed operation: Job J16, Op 2, Machine M3, Start: 1044.0, End: 1074.0, Setup: 15
2025-04-10 12:12:02,247 - JSPGymEnvironment - INFO - Executed operation: Job J14, Op 1, Machine M2, Start: 1089.0, End: 1105.0, Setup: 15
2025-04-10 12:12:02,273 - JSPGymEnvironment - INFO - Material change on machine M3: Racebike_Antrieb_installiert -> E-Bike_Antrieb_installiert, setup time: 15
2025-04-10 12:12:02,273 - JSPGymEnvironment - INFO - Executed operation: Job J19, Op 2, Machine M3, Start: 1120.0, End: 1142.0, Setup: 15
2025-04-10 12:12:02,299 - JSPGymEnvironment - INFO - Material change on machine M2: Citybike_Schaltauge_bearbeitet -> Racebike_Schaltauge_bearbeitet, setup time: 20
2025-04-10 12:12:02,299 - JSPGymEnvironment - INFO - Executed operation: Job J7, Op 1, Machine M2, Start: 1162.0, End: 1185.0, Setup: 20
2025-04-10 12:12:02,325 - JSPGymEnvironment - INFO - Material change on machine M2: Racebike_Schaltauge_bearbeitet -> Racebike_Bremsaufnahme_gebohrt, setup time: 20
2025-04-10 12:12:02,325 - JSPGymEnvironment - INFO - Executed operation: Job J16, Op 3, Machine M2, Start: 1205.0, End: 1228.0, Setup: 20
2025-04-10 12:12:02,351 - JSPGymEnvironment - INFO - Material change on machine M3: E-Bike_Antrieb_installiert -> Racebike_Antrieb_installiert, setup time: 15
2025-04-10 12:12:02,351 - JSPGymEnvironment - INFO - Executed operation: Job J7, Op 2, Machine M3, Start: 1243.0, End: 1267.0, Setup: 15
2025-04-10 12:12:02,377 - JSPGymEnvironment - INFO - Material change on machine M2: Racebike_Bremsaufnahme_gebohrt -> Racebike_Schaltauge_bearbeitet, setup time: 20
2025-04-10 12:12:02,377 - JSPGymEnvironment - INFO - Executed operation: Job J1, Op 1, Machine M2, Start: 1287.0, End: 1303.0, Setup: 20
2025-04-10 12:12:02,541 - JSPGymEnvironment - INFO - Material change on machine M2: Racebike_Schaltauge_bearbeitet -> Citybike_Schaltauge_bearbeitet, setup time: 20
2025-04-10 12:12:02,541 - JSPGymEnvironment - INFO - Executed operation: Job J9, Op 1, Machine M2, Start: 1323.0, End: 1339.0, Setup: 20
2025-04-10 12:12:02,567 - JSPGymEnvironment - INFO - Material change on machine M1: Citybike_Hauptrahmen_zugeschnitten -> Mountainbike_Hauptrahmen_zugeschnitten, setup time: 40
2025-04-10 12:12:02,567 - JSPGymEnvironment - INFO - Executed operation: Job J20, Op 0, Machine M1, Start: 1379.0, End: 1398.0, Setup: 40
2025-04-10 12:12:02,593 - JSPGymEnvironment - INFO - Material change on machine M2: Citybike_Schaltauge_bearbeitet -> E-Bike_Schaltauge_bearbeitet, setup time: 20
2025-04-10 12:12:02,594 - JSPGymEnvironment - INFO - Executed operation: Job J3, Op 1, Machine M2, Start: 1418.0, End: 1438.0, Setup: 20
2025-04-10 12:12:02,620 - JSPGymEnvironment - INFO - Material change on machine M2: E-Bike_Schaltauge_bearbeitet -> Mountainbike_Schaltauge_bearbeitet, setup time: 20
2025-04-10 12:12:02,620 - JSPGymEnvironment - INFO - Executed operation: Job J12, Op 1, Machine M2, Start: 1458.0, End: 1480.0, Setup: 20
2025-04-10 12:12:02,646 - JSPGymEnvironment - INFO - Executed operation: Job J1, Op 2, Machine M3, Start: 1490.0, End: 1526.0, Setup: 10
2025-04-10 12:12:02,672 - JSPGymEnvironment - INFO - Material change on machine M3: Racebike_Antrieb_installiert -> Citybike_Antrieb_installiert, setup time: 15
2025-04-10 12:12:02,672 - JSPGymEnvironment - INFO - Executed operation: Job J11, Op 2, Machine M3, Start: 1541.0, End: 1583.0, Setup: 15
2025-04-10 12:12:02,699 - JSPGymEnvironment - INFO - Executed operation: Job J9, Op 2, Machine M3, Start: 1593.0, End: 1647.0, Setup: 10
2025-04-10 12:12:02,733 - JSPGymEnvironment - INFO - Executed operation: Job J20, Op 1, Machine M2, Start: 1662.0, End: 1687.0, Setup: 15
2025-04-10 12:12:02,760 - JSPGymEnvironment - INFO - Material change on machine M3: Citybike_Antrieb_installiert -> E-Bike_Antrieb_installiert, setup time: 15
2025-04-10 12:12:02,760 - JSPGymEnvironment - INFO - Executed operation: Job J3, Op 2, Machine M3, Start: 1702.0, End: 1760.0, Setup: 15
2025-04-10 12:12:02,788 - JSPGymEnvironment - INFO - Material change on machine M2: Mountainbike_Schaltauge_bearbeitet -> Racebike_Schaltauge_bearbeitet, setup time: 20
2025-04-10 12:12:02,788 - JSPGymEnvironment - INFO - Executed operation: Job J15, Op 1, Machine M2, Start: 1780.0, End: 1793.0, Setup: 20
2025-04-10 12:12:02,814 - JSPGymEnvironment - INFO - Material change on machine M3: E-Bike_Antrieb_installiert -> Citybike_Antrieb_installiert, setup time: 15
2025-04-10 12:12:02,814 - JSPGymEnvironment - INFO - Executed operation: Job J14, Op 2, Machine M3, Start: 1808.0, End: 1830.0, Setup: 15
2025-04-10 12:12:02,842 - JSPGymEnvironment - INFO - Material change on machine M2: Racebike_Schaltauge_bearbeitet -> Racebike_Bremsaufnahme_gebohrt, setup time: 20
2025-04-10 12:12:02,842 - JSPGymEnvironment - INFO - Executed operation: Job J7, Op 3, Machine M2, Start: 1850.0, End: 1873.0, Setup: 20
2025-04-10 12:12:02,876 - JSPGymEnvironment - INFO - Material change on machine M2: Racebike_Bremsaufnahme_gebohrt -> E-Bike_Bremsaufnahme_gebohrt, setup time: 20
2025-04-10 12:12:02,876 - JSPGymEnvironment - INFO - Executed operation: Job J3, Op 3, Machine M2, Start: 1893.0, End: 1923.0, Setup: 20
2025-04-10 12:12:02,906 - JSPGymEnvironment - INFO - Material change on machine M1: Mountainbike_Hauptrahmen_zugeschnitten -> Racebike_Hauptrahmen_zugeschnitten, setup time: 40
2025-04-10 12:12:02,906 - JSPGymEnvironment - INFO - Executed operation: Job J10, Op 0, Machine M1, Start: 1963.0, End: 1995.0, Setup: 40
2025-04-10 12:12:02,936 - JSPGymEnvironment - INFO - Material change on machine M3: Citybike_Antrieb_installiert -> Mountainbike_Antrieb_installiert, setup time: 15
2025-04-10 12:12:02,937 - JSPGymEnvironment - INFO - Executed operation: Job J12, Op 2, Machine M3, Start: 2010.0, End: 2055.0, Setup: 15
2025-04-10 12:12:03,111 - JSPGymEnvironment - INFO - Executed operation: Job J4, Op 0, Machine M1, Start: 2080.0, End: 2105.0, Setup: 25
2025-04-10 12:12:03,138 - JSPGymEnvironment - INFO - Material change on machine M2: E-Bike_Bremsaufnahme_gebohrt -> E-Bike_Rahmen_nachbearbeitet, setup time: 20
2025-04-10 12:12:03,138 - JSPGymEnvironment - INFO - Executed operation: Job J3, Op 4, Machine M2, Start: 2125.0, End: 2142.0, Setup: 20
2025-04-10 12:12:03,164 - JSPGymEnvironment - INFO - Material change on machine M2: E-Bike_Rahmen_nachbearbeitet -> Racebike_Rahmen_nachbearbeitet, setup time: 20
2025-04-10 12:12:03,164 - JSPGymEnvironment - INFO - Executed operation: Job J7, Op 4, Machine M2, Start: 2162.0, End: 2188.0, Setup: 20
2025-04-10 12:12:03,192 - JSPGymEnvironment - INFO - Material change on machine M2: Racebike_Rahmen_nachbearbeitet -> Mountainbike_Bremsaufnahme_gebohrt, setup time: 20
2025-04-10 12:12:03,192 - JSPGymEnvironment - INFO - Executed operation: Job J12, Op 3, Machine M2, Start: 2208.0, End: 2234.0, Setup: 20
2025-04-10 12:12:03,218 - JSPGymEnvironment - INFO - Material change on machine M2: Mountainbike_Bremsaufnahme_gebohrt -> E-Bike_Rahmen_nachbearbeitet, setup time: 20
2025-04-10 12:12:03,218 - JSPGymEnvironment - INFO - Executed operation: Job J3, Op 5, Machine M2, Start: 2254.0, End: 2275.0, Setup: 20
2025-04-10 12:12:03,244 - JSPGymEnvironment - INFO - Material change on machine M2: E-Bike_Rahmen_nachbearbeitet -> Citybike_Bremsaufnahme_gebohrt, setup time: 20
2025-04-10 12:12:03,244 - JSPGymEnvironment - INFO - Executed operation: Job J9, Op 3, Machine M2, Start: 2295.0, End: 2318.0, Setup: 20
2025-04-10 12:12:03,270 - JSPGymEnvironment - INFO - Material change on machine M2: Citybike_Bremsaufnahme_gebohrt -> Mountainbike_Rahmen_nachbearbeitet, setup time: 20
2025-04-10 12:12:03,270 - JSPGymEnvironment - INFO - Executed operation: Job J12, Op 4, Machine M2, Start: 2338.0, End: 2366.0, Setup: 20
2025-04-10 12:12:03,297 - JSPGymEnvironment - INFO - Material change on machine M2: Mountainbike_Rahmen_nachbearbeitet -> E-Bike_Fahrrad_endmontiert, setup time: 20
2025-04-10 12:12:03,297 - JSPGymEnvironment - INFO - Executed operation: Job J3, Op 6, Machine M2, Start: 2386.0, End: 2396.0, Setup: 20
2025-04-10 12:12:03,297 - JSPGymEnvironment - INFO - Job J3 completed at time 2396.0, deadline: 2862, met: True, priority: 8
2025-04-10 12:12:03,323 - JSPGymEnvironment - INFO - Material change on machine M2: E-Bike_Fahrrad_endmontiert -> Racebike_Bremsaufnahme_gebohrt, setup time: 20
2025-04-10 12:12:03,323 - JSPGymEnvironment - INFO - Executed operation: Job J1, Op 3, Machine M2, Start: 2416.0, End: 2434.0, Setup: 20
2025-04-10 12:12:03,350 - JSPGymEnvironment - INFO - Material change on machine M3: Mountainbike_Antrieb_installiert -> Citybike_Bremsen_justiert, setup time: 15
2025-04-10 12:12:03,350 - JSPGymEnvironment - INFO - Executed operation: Job J11, Op 3, Machine M3, Start: 2449.0, End: 2471.0, Setup: 15
2025-04-10 12:12:03,377 - JSPGymEnvironment - INFO - Material change on machine M3: Citybike_Bremsen_justiert -> Citybike_Fahrrad_endmontiert, setup time: 15
2025-04-10 12:12:03,377 - JSPGymEnvironment - INFO - Executed operation: Job J11, Op 4, Machine M3, Start: 2486.0, End: 2525.0, Setup: 15
2025-04-10 12:12:03,404 - JSPGymEnvironment - INFO - Material change on machine M2: Racebike_Bremsaufnahme_gebohrt -> Racebike_Schaltauge_bearbeitet, setup time: 20
2025-04-10 12:12:03,405 - JSPGymEnvironment - INFO - Executed operation: Job J4, Op 1, Machine M2, Start: 2545.0, End: 2560.0, Setup: 20
2025-04-10 12:12:03,431 - JSPGymEnvironment - INFO - Material change on machine M2: Racebike_Schaltauge_bearbeitet -> Mountainbike_Rahmen_nachbearbeitet, setup time: 20
2025-04-10 12:12:03,431 - JSPGymEnvironment - INFO - Executed operation: Job J12, Op 5, Machine M2, Start: 2580.0, End: 2608.0, Setup: 20
2025-04-10 12:12:03,458 - JSPGymEnvironment - INFO - Material change on machine M3: Citybike_Fahrrad_endmontiert -> Racebike_Bremsen_justiert, setup time: 15
2025-04-10 12:12:03,458 - JSPGymEnvironment - INFO - Executed operation: Job J6, Op 3, Machine M3, Start: 2623.0, End: 2681.0, Setup: 15
2025-04-10 12:12:03,625 - JSPGymEnvironment - INFO - Material change on machine M3: Racebike_Bremsen_justiert -> Racebike_Antrieb_installiert, setup time: 15
2025-04-10 12:12:03,625 - JSPGymEnvironment - INFO - Executed operation: Job J15, Op 2, Machine M3, Start: 2696.0, End: 2731.0, Setup: 15
2025-04-10 12:12:03,651 - JSPGymEnvironment - INFO - Material change on machine M2: Mountainbike_Rahmen_nachbearbeitet -> Racebike_Rahmen_nachbearbeitet, setup time: 20
2025-04-10 12:12:03,652 - JSPGymEnvironment - INFO - Executed operation: Job J1, Op 4, Machine M2, Start: 2751.0, End: 2773.0, Setup: 20
2025-04-10 12:12:03,677 - JSPGymEnvironment - INFO - Material change on machine M2: Racebike_Rahmen_nachbearbeitet -> Racebike_Fahrrad_endmontiert, setup time: 20
2025-04-10 12:12:03,677 - JSPGymEnvironment - INFO - Executed operation: Job J1, Op 5, Machine M2, Start: 2793.0, End: 2805.0, Setup: 20
2025-04-10 12:12:03,678 - JSPGymEnvironment - INFO - Job J1 completed at time 2805.0, deadline: 2790, met: False, priority: 7
2025-04-10 12:12:03,704 - JSPGymEnvironment - INFO - Material change on machine M3: Racebike_Antrieb_installiert -> Racebike_Fahrrad_endmontiert, setup time: 15
2025-04-10 12:12:03,704 - JSPGymEnvironment - INFO - Executed operation: Job J6, Op 4, Machine M3, Start: 2820.0, End: 2861.0, Setup: 15
2025-04-10 12:12:03,704 - JSPGymEnvironment - INFO - Job J6 completed at time 2861.0, deadline: 2880, met: True, priority: 10
2025-04-10 12:12:03,730 - JSPGymEnvironment - INFO - Material change on machine M2: Racebike_Fahrrad_endmontiert -> E-Bike_Bremsaufnahme_gebohrt, setup time: 20
2025-04-10 12:12:03,730 - JSPGymEnvironment - INFO - Executed operation: Job J19, Op 3, Machine M2, Start: 2881.0, End: 2894.0, Setup: 20
2025-04-10 12:12:03,758 - JSPGymEnvironment - INFO - Material change on machine M2: E-Bike_Bremsaufnahme_gebohrt -> Mountainbike_Fahrrad_endmontiert, setup time: 20
2025-04-10 12:12:03,758 - JSPGymEnvironment - INFO - Executed operation: Job J12, Op 6, Machine M2, Start: 2914.0, End: 2936.0, Setup: 20
2025-04-10 12:12:03,758 - JSPGymEnvironment - INFO - Job J12 completed at time 2936.0, deadline: 2863, met: False, priority: 2
2025-04-10 12:12:03,786 - JSPGymEnvironment - INFO - Material change on machine M3: Racebike_Fahrrad_endmontiert -> Citybike_Bremsen_justiert, setup time: 15
2025-04-10 12:12:03,786 - JSPGymEnvironment - INFO - Executed operation: Job J8, Op 3, Machine M3, Start: 2951.0, End: 3009.0, Setup: 15
2025-04-10 12:12:03,812 - JSPGymEnvironment - INFO - Material change on machine M3: Citybike_Bremsen_justiert -> Racebike_Bremsen_justiert, setup time: 15
2025-04-10 12:12:03,812 - JSPGymEnvironment - INFO - Executed operation: Job J15, Op 3, Machine M3, Start: 3024.0, End: 3051.0, Setup: 15
2025-04-10 12:12:03,840 - JSPGymEnvironment - INFO - Material change on machine M2: Mountainbike_Fahrrad_endmontiert -> Citybike_Rahmen_nachbearbeitet, setup time: 20
2025-04-10 12:12:03,840 - JSPGymEnvironment - INFO - Executed operation: Job J9, Op 4, Machine M2, Start: 3071.0, End: 3083.0, Setup: 20
2025-04-10 12:12:03,866 - JSPGymEnvironment - INFO - Material change on machine M3: Racebike_Bremsen_justiert -> Racebike_Antrieb_installiert, setup time: 15
2025-04-10 12:12:03,866 - JSPGymEnvironment - INFO - Executed operation: Job J4, Op 2, Machine M3, Start: 3098.0, End: 3138.0, Setup: 15
2025-04-10 12:12:03,893 - JSPGymEnvironment - INFO - Material change on machine M3: Racebike_Antrieb_installiert -> Mountainbike_Antrieb_installiert, setup time: 15
2025-04-10 12:12:03,893 - JSPGymEnvironment - INFO - Executed operation: Job J20, Op 2, Machine M3, Start: 3153.0, End: 3177.0, Setup: 15
2025-04-10 12:12:03,919 - JSPGymEnvironment - INFO - Material change on machine M3: Mountainbike_Antrieb_installiert -> Mountainbike_Bremsen_justiert, setup time: 15
2025-04-10 12:12:03,919 - JSPGymEnvironment - INFO - Executed operation: Job J20, Op 3, Machine M3, Start: 3192.0, End: 3233.0, Setup: 15
2025-04-10 12:12:03,947 - JSPGymEnvironment - INFO - Material change on machine M3: Mountainbike_Bremsen_justiert -> Citybike_Fahrrad_endmontiert, setup time: 15
2025-04-10 12:12:03,947 - JSPGymEnvironment - INFO - Executed operation: Job J9, Op 5, Machine M3, Start: 3248.0, End: 3299.0, Setup: 15
2025-04-10 12:12:03,974 - JSPGymEnvironment - INFO - Material change on machine M2: Citybike_Rahmen_nachbearbeitet -> Racebike_Schaltauge_bearbeitet, setup time: 20
2025-04-10 12:12:03,974 - JSPGymEnvironment - INFO - Executed operation: Job J10, Op 1, Machine M2, Start: 3319.0, End: 3344.0, Setup: 20
2025-04-10 12:12:04,167 - JSPGymEnvironment - INFO - Executed operation: Job J8, Op 4, Machine M3, Start: 3354.0, End: 3403.0, Setup: 10
2025-04-10 12:12:04,197 - JSPGymEnvironment - INFO - Material change on machine M2: Racebike_Schaltauge_bearbeitet -> Mountainbike_Rahmen_nachbearbeitet, setup time: 20
2025-04-10 12:12:04,198 - JSPGymEnvironment - INFO - Executed operation: Job J20, Op 4, Machine M2, Start: 3423.0, End: 3440.0, Setup: 20
2025-04-10 12:12:04,228 - JSPGymEnvironment - INFO - Material change on machine M2: Mountainbike_Rahmen_nachbearbeitet -> Citybike_Rahmen_nachbearbeitet, setup time: 20
2025-04-10 12:12:04,228 - JSPGymEnvironment - INFO - Executed operation: Job J11, Op 5, Machine M2, Start: 3460.0, End: 3477.0, Setup: 20
2025-04-10 12:12:04,259 - JSPGymEnvironment - INFO - Executed operation: Job J11, Op 6, Machine M2, Start: 3492.0, End: 3514.0, Setup: 15
2025-04-10 12:12:04,289 - JSPGymEnvironment - INFO - Material change on machine M1: Racebike_Hauptrahmen_zugeschnitten -> Mountainbike_Hauptrahmen_zugeschnitten, setup time: 40
2025-04-10 12:12:04,289 - JSPGymEnvironment - INFO - Executed operation: Job J5, Op 0, Machine M1, Start: 3554.0, End: 3590.0, Setup: 40
2025-04-10 12:12:04,321 - JSPGymEnvironment - INFO - Executed operation: Job J9, Op 6, Machine M3, Start: 3600.0, End: 3623.0, Setup: 10
2025-04-10 12:12:04,321 - JSPGymEnvironment - INFO - Job J9 completed at time 3623.0, deadline: 2880, met: False, priority: 8
2025-04-10 12:12:04,351 - JSPGymEnvironment - INFO - Material change on machine M2: Citybike_Rahmen_nachbearbeitet -> Citybike_Bremsaufnahme_gebohrt, setup time: 20
2025-04-10 12:12:04,351 - JSPGymEnvironment - INFO - Executed operation: Job J14, Op 3, Machine M2, Start: 3643.0, End: 3661.0, Setup: 20
2025-04-10 12:12:04,378 - JSPGymEnvironment - INFO - Material change on machine M1: Mountainbike_Hauptrahmen_zugeschnitten -> E-Bike_Hauptrahmen_zugeschnitten, setup time: 40
2025-04-10 12:12:04,378 - JSPGymEnvironment - INFO - Executed operation: Job J13, Op 0, Machine M1, Start: 3701.0, End: 3742.0, Setup: 40
2025-04-10 12:12:04,406 - JSPGymEnvironment - INFO - Material change on machine M3: Citybike_Fahrrad_endmontiert -> Mountainbike_Fahrrad_endmontiert, setup time: 15
2025-04-10 12:12:04,406 - JSPGymEnvironment - INFO - Executed operation: Job J20, Op 5, Machine M3, Start: 3757.0, End: 3782.0, Setup: 15
2025-04-10 12:12:04,432 - JSPGymEnvironment - INFO - Material change on machine M2: Citybike_Bremsaufnahme_gebohrt -> Racebike_Bremsaufnahme_gebohrt, setup time: 20
2025-04-10 12:12:04,433 - JSPGymEnvironment - INFO - Executed operation: Job J4, Op 3, Machine M2, Start: 3802.0, End: 3816.0, Setup: 20
2025-04-10 12:12:04,459 - JSPGymEnvironment - INFO - Executed operation: Job J20, Op 6, Machine M3, Start: 3826.0, End: 3866.0, Setup: 10
2025-04-10 12:12:04,459 - JSPGymEnvironment - INFO - Job J20 completed at time 3866.0, deadline: 2744, met: False, priority: 3
2025-04-10 12:12:04,485 - JSPGymEnvironment - INFO - Material change on machine M2: Racebike_Bremsaufnahme_gebohrt -> Racebike_Rahmen_nachbearbeitet, setup time: 20
2025-04-10 12:12:04,485 - JSPGymEnvironment - INFO - Executed operation: Job J4, Op 4, Machine M2, Start: 3886.0, End: 3911.0, Setup: 20
2025-04-10 12:12:04,511 - JSPGymEnvironment - INFO - Material change on machine M2: Racebike_Rahmen_nachbearbeitet -> E-Bike_Rahmen_nachbearbeitet, setup time: 20
2025-04-10 12:12:04,511 - JSPGymEnvironment - INFO - Executed operation: Job J19, Op 4, Machine M2, Start: 3931.0, End: 3948.0, Setup: 20
2025-04-10 12:12:04,684 - JSPGymEnvironment - INFO - Material change on machine M2: E-Bike_Rahmen_nachbearbeitet -> Racebike_Rahmen_nachbearbeitet, setup time: 20
2025-04-10 12:12:04,684 - JSPGymEnvironment - INFO - Executed operation: Job J7, Op 5, Machine M2, Start: 3968.0, End: 3986.0, Setup: 20
2025-04-10 12:12:04,710 - JSPGymEnvironment - INFO - Material change on machine M2: Racebike_Rahmen_nachbearbeitet -> E-Bike_Rahmen_nachbearbeitet, setup time: 20
2025-04-10 12:12:04,710 - JSPGymEnvironment - INFO - Executed operation: Job J19, Op 5, Machine M2, Start: 4006.0, End: 4027.0, Setup: 20
2025-04-10 12:12:04,736 - JSPGymEnvironment - INFO - Material change on machine M2: E-Bike_Rahmen_nachbearbeitet -> Racebike_Rahmen_nachbearbeitet, setup time: 20
2025-04-10 12:12:04,736 - JSPGymEnvironment - INFO - Executed operation: Job J7, Op 6, Machine M2, Start: 4047.0, End: 4062.0, Setup: 20
2025-04-10 12:12:04,762 - JSPGymEnvironment - INFO - Material change on machine M2: Racebike_Rahmen_nachbearbeitet -> Racebike_Fahrrad_endmontiert, setup time: 20
2025-04-10 12:12:04,762 - JSPGymEnvironment - INFO - Executed operation: Job J7, Op 7, Machine M2, Start: 4082.0, End: 4107.0, Setup: 20
2025-04-10 12:12:04,762 - JSPGymEnvironment - INFO - Job J7 completed at time 4107.0, deadline: 2880, met: False, priority: 9
2025-04-10 12:12:04,789 - JSPGymEnvironment - INFO - Material change on machine M2: Racebike_Fahrrad_endmontiert -> Citybike_Fahrrad_endmontiert, setup time: 20
2025-04-10 12:12:04,789 - JSPGymEnvironment - INFO - Executed operation: Job J8, Op 5, Machine M2, Start: 4127.0, End: 4157.0, Setup: 20
2025-04-10 12:12:04,789 - JSPGymEnvironment - INFO - Job J8 completed at time 4157.0, deadline: 2762, met: False, priority: 5
2025-04-10 12:12:04,815 - JSPGymEnvironment - INFO - Material change on machine M1: E-Bike_Hauptrahmen_zugeschnitten -> Citybike_Hauptrahmen_zugeschnitten, setup time: 40
2025-04-10 12:12:04,815 - JSPGymEnvironment - INFO - Executed operation: Job J17, Op 0, Machine M1, Start: 4197.0, End: 4235.0, Setup: 40
2025-04-10 12:12:04,842 - JSPGymEnvironment - INFO - Material change on machine M2: Citybike_Fahrrad_endmontiert -> Citybike_Rahmen_nachbearbeitet, setup time: 20
2025-04-10 12:12:04,842 - JSPGymEnvironment - INFO - Executed operation: Job J14, Op 4, Machine M2, Start: 4255.0, End: 4284.0, Setup: 20
2025-04-10 12:12:04,869 - JSPGymEnvironment - INFO - Material change on machine M2: Citybike_Rahmen_nachbearbeitet -> Racebike_Rahmen_nachbearbeitet, setup time: 20
2025-04-10 12:12:04,869 - JSPGymEnvironment - INFO - Executed operation: Job J4, Op 5, Machine M2, Start: 4304.0, End: 4328.0, Setup: 20
2025-04-10 12:12:04,896 - JSPGymEnvironment - INFO - Executed operation: Job J15, Op 4, Machine M2, Start: 4343.0, End: 4363.0, Setup: 15
2025-04-10 12:12:04,922 - JSPGymEnvironment - INFO - Executed operation: Job J16, Op 4, Machine M2, Start: 4378.0, End: 4392.0, Setup: 15
2025-04-10 12:12:04,948 - JSPGymEnvironment - INFO - Material change on machine M3: Mountainbike_Fahrrad_endmontiert -> Racebike_Fahrrad_endmontiert, setup time: 15
2025-04-10 12:12:04,948 - JSPGymEnvironment - INFO - Executed operation: Job J4, Op 6, Machine M3, Start: 4407.0, End: 4433.0, Setup: 15
2025-04-10 12:12:04,948 - JSPGymEnvironment - INFO - Job J4 completed at time 4433.0, deadline: 2757, met: False, priority: 7
2025-04-10 12:12:04,975 - JSPGymEnvironment - INFO - Material change on machine M2: Racebike_Rahmen_nachbearbeitet -> Citybike_Rahmen_nachbearbeitet, setup time: 20
2025-04-10 12:12:04,975 - JSPGymEnvironment - INFO - Executed operation: Job J14, Op 5, Machine M2, Start: 4453.0, End: 4483.0, Setup: 20
2025-04-10 12:12:05,001 - JSPGymEnvironment - INFO - Material change on machine M2: Citybike_Rahmen_nachbearbeitet -> Mountainbike_Schaltauge_bearbeitet, setup time: 20
2025-04-10 12:12:05,001 - JSPGymEnvironment - INFO - Executed operation: Job J5, Op 1, Machine M2, Start: 4503.0, End: 4518.0, Setup: 20
2025-04-10 12:12:05,027 - JSPGymEnvironment - INFO - Material change on machine M2: Mountainbike_Schaltauge_bearbeitet -> Citybike_Fahrrad_endmontiert, setup time: 20
2025-04-10 12:12:05,027 - JSPGymEnvironment - INFO - Executed operation: Job J11, Op 7, Machine M2, Start: 4538.0, End: 4567.0, Setup: 20
2025-04-10 12:12:05,027 - JSPGymEnvironment - INFO - Job J11 completed at time 4567.0, deadline: 2880, met: False, priority: 7
2025-04-10 12:12:05,053 - JSPGymEnvironment - INFO - Material change on machine M2: Citybike_Fahrrad_endmontiert -> E-Bike_Fahrrad_endmontiert, setup time: 20
2025-04-10 12:12:05,053 - JSPGymEnvironment - INFO - Executed operation: Job J19, Op 6, Machine M2, Start: 4587.0, End: 4612.0, Setup: 20
2025-04-10 12:12:05,053 - JSPGymEnvironment - INFO - Job J19 completed at time 4612.0, deadline: 2737, met: False, priority: 8
2025-04-10 12:12:05,220 - JSPGymEnvironment - INFO - Material change on machine M2: E-Bike_Fahrrad_endmontiert -> Racebike_Fahrrad_endmontiert, setup time: 20
2025-04-10 12:12:05,220 - JSPGymEnvironment - INFO - Executed operation: Job J16, Op 5, Machine M2, Start: 4632.0, End: 4662.0, Setup: 20
2025-04-10 12:12:05,220 - JSPGymEnvironment - INFO - Job J16 completed at time 4662.0, deadline: 2855, met: False, priority: 7
2025-04-10 12:12:05,250 - JSPGymEnvironment - INFO - Material change on machine M2: Racebike_Fahrrad_endmontiert -> E-Bike_Schaltauge_bearbeitet, setup time: 20
2025-04-10 12:12:05,250 - JSPGymEnvironment - INFO - Executed operation: Job J13, Op 1, Machine M2, Start: 4682.0, End: 4705.0, Setup: 20
2025-04-10 12:12:05,281 - JSPGymEnvironment - INFO - Material change on machine M3: Racebike_Fahrrad_endmontiert -> Mountainbike_Antrieb_installiert, setup time: 15
2025-04-10 12:12:05,281 - JSPGymEnvironment - INFO - Executed operation: Job J5, Op 2, Machine M3, Start: 4720.0, End: 4745.0, Setup: 15
2025-04-10 12:12:05,310 - JSPGymEnvironment - INFO - Material change on machine M3: Mountainbike_Antrieb_installiert -> E-Bike_Antrieb_installiert, setup time: 15
2025-04-10 12:12:05,310 - JSPGymEnvironment - INFO - Executed operation: Job J13, Op 2, Machine M3, Start: 4760.0, End: 4813.0, Setup: 15
2025-04-10 12:12:05,339 - JSPGymEnvironment - INFO - Material change on machine M2: E-Bike_Schaltauge_bearbeitet -> Citybike_Schaltauge_bearbeitet, setup time: 20
2025-04-10 12:12:05,339 - JSPGymEnvironment - INFO - Executed operation: Job J17, Op 1, Machine M2, Start: 4833.0, End: 4853.0, Setup: 20
2025-04-10 12:12:05,365 - JSPGymEnvironment - INFO - Material change on machine M2: Citybike_Schaltauge_bearbeitet -> Racebike_Rahmen_nachbearbeitet, setup time: 20
2025-04-10 12:12:05,365 - JSPGymEnvironment - INFO - Executed operation: Job J15, Op 5, Machine M2, Start: 4873.0, End: 4896.0, Setup: 20
2025-04-10 12:12:05,392 - JSPGymEnvironment - INFO - Material change on machine M2: Racebike_Rahmen_nachbearbeitet -> E-Bike_Bremsaufnahme_gebohrt, setup time: 20
2025-04-10 12:12:05,392 - JSPGymEnvironment - INFO - Executed operation: Job J13, Op 3, Machine M2, Start: 4916.0, End: 4938.0, Setup: 20
2025-04-10 12:12:05,419 - JSPGymEnvironment - INFO - Material change on machine M3: E-Bike_Antrieb_installiert -> E-Bike_Fahrrad_endmontiert, setup time: 15
2025-04-10 12:12:05,419 - JSPGymEnvironment - INFO - Executed operation: Job J13, Op 4, Machine M3, Start: 4953.0, End: 5006.0, Setup: 15
2025-04-10 12:12:05,419 - JSPGymEnvironment - INFO - Job J13 completed at time 5006.0, deadline: 2863, met: False, priority: 7
2025-04-10 12:12:05,445 - JSPGymEnvironment - INFO - Material change on machine M1: Citybike_Hauptrahmen_zugeschnitten -> Mountainbike_Hauptrahmen_zugeschnitten, setup time: 40
2025-04-10 12:12:05,445 - JSPGymEnvironment - INFO - Executed operation: Job J18, Op 0, Machine M1, Start: 5046.0, End: 5068.0, Setup: 40
2025-04-10 12:12:05,472 - JSPGymEnvironment - INFO - Material change on machine M3: E-Bike_Fahrrad_endmontiert -> Racebike_Fahrrad_endmontiert, setup time: 15
2025-04-10 12:12:05,472 - JSPGymEnvironment - INFO - Executed operation: Job J15, Op 6, Machine M3, Start: 5083.0, End: 5110.0, Setup: 15
2025-04-10 12:12:05,498 - JSPGymEnvironment - INFO - Executed operation: Job J15, Op 7, Machine M3, Start: 5120.0, End: 5166.0, Setup: 10
2025-04-10 12:12:05,498 - JSPGymEnvironment - INFO - Job J15 completed at time 5166.0, deadline: 2833, met: False, priority: 10
2025-04-10 12:12:05,525 - JSPGymEnvironment - INFO - Material change on machine M1: Mountainbike_Hauptrahmen_zugeschnitten -> Citybike_Hauptrahmen_zugeschnitten, setup time: 40
2025-04-10 12:12:05,525 - JSPGymEnvironment - INFO - Executed operation: Job J2, Op 0, Machine M1, Start: 5206.0, End: 5222.0, Setup: 40
2025-04-10 12:12:05,551 - JSPGymEnvironment - INFO - Material change on machine M2: E-Bike_Bremsaufnahme_gebohrt -> Citybike_Schaltauge_bearbeitet, setup time: 20
2025-04-10 12:12:05,551 - JSPGymEnvironment - INFO - Executed operation: Job J2, Op 1, Machine M2, Start: 5242.0, End: 5252.0, Setup: 20
2025-04-10 12:12:05,577 - JSPGymEnvironment - INFO - Material change on machine M3: Racebike_Fahrrad_endmontiert -> Citybike_Antrieb_installiert, setup time: 15
2025-04-10 12:12:05,577 - JSPGymEnvironment - INFO - Executed operation: Job J17, Op 2, Machine M3, Start: 5267.0, End: 5301.0, Setup: 15
2025-04-10 12:12:05,739 - JSPGymEnvironment - INFO - Executed operation: Job J2, Op 2, Machine M3, Start: 5311.0, End: 5339.0, Setup: 10
2025-04-10 12:12:05,765 - JSPGymEnvironment - INFO - Material change on machine M3: Citybike_Antrieb_installiert -> Racebike_Antrieb_installiert, setup time: 15
2025-04-10 12:12:05,765 - JSPGymEnvironment - INFO - Executed operation: Job J10, Op 2, Machine M3, Start: 5354.0, End: 5393.0, Setup: 15
2025-04-10 12:12:05,794 - JSPGymEnvironment - INFO - Material change on machine M2: Citybike_Schaltauge_bearbeitet -> Citybike_Bremsaufnahme_gebohrt, setup time: 20
2025-04-10 12:12:05,794 - JSPGymEnvironment - INFO - Executed operation: Job J2, Op 3, Machine M2, Start: 5413.0, End: 5434.0, Setup: 20
2025-04-10 12:12:05,820 - JSPGymEnvironment - INFO - Material change on machine M2: Citybike_Bremsaufnahme_gebohrt -> Mountainbike_Bremsaufnahme_gebohrt, setup time: 20
2025-04-10 12:12:05,820 - JSPGymEnvironment - INFO - Executed operation: Job J5, Op 3, Machine M2, Start: 5454.0, End: 5469.0, Setup: 20
2025-04-10 12:12:05,847 - JSPGymEnvironment - INFO - Material change on machine M2: Mountainbike_Bremsaufnahme_gebohrt -> Citybike_Rahmen_nachbearbeitet, setup time: 20
2025-04-10 12:12:05,847 - JSPGymEnvironment - INFO - Executed operation: Job J14, Op 6, Machine M2, Start: 5489.0, End: 5513.0, Setup: 20
2025-04-10 12:12:05,874 - JSPGymEnvironment - INFO - Material change on machine M2: Citybike_Rahmen_nachbearbeitet -> Citybike_Fahrrad_endmontiert, setup time: 20
2025-04-10 12:12:05,874 - JSPGymEnvironment - INFO - Executed operation: Job J14, Op 7, Machine M2, Start: 5533.0, End: 5554.0, Setup: 20
2025-04-10 12:12:05,874 - JSPGymEnvironment - INFO - Job J14 completed at time 5554.0, deadline: 2880, met: False, priority: 3
2025-04-10 12:12:05,902 - JSPGymEnvironment - INFO - Material change on machine M2: Citybike_Fahrrad_endmontiert -> Racebike_Bremsaufnahme_gebohrt, setup time: 20
2025-04-10 12:12:05,902 - JSPGymEnvironment - INFO - Executed operation: Job J10, Op 3, Machine M2, Start: 5574.0, End: 5596.0, Setup: 20
2025-04-10 12:12:05,929 - JSPGymEnvironment - INFO - Material change on machine M2: Racebike_Bremsaufnahme_gebohrt -> Citybike_Rahmen_nachbearbeitet, setup time: 20
2025-04-10 12:12:05,929 - JSPGymEnvironment - INFO - Executed operation: Job J2, Op 4, Machine M2, Start: 5616.0, End: 5640.0, Setup: 20
2025-04-10 12:12:05,955 - JSPGymEnvironment - INFO - Material change on machine M2: Citybike_Rahmen_nachbearbeitet -> Mountainbike_Rahmen_nachbearbeitet, setup time: 20
2025-04-10 12:12:05,955 - JSPGymEnvironment - INFO - Executed operation: Job J5, Op 4, Machine M2, Start: 5660.0, End: 5690.0, Setup: 20
2025-04-10 12:12:05,982 - JSPGymEnvironment - INFO - Material change on machine M2: Mountainbike_Rahmen_nachbearbeitet -> Racebike_Rahmen_nachbearbeitet, setup time: 20
2025-04-10 12:12:05,982 - JSPGymEnvironment - INFO - Executed operation: Job J10, Op 4, Machine M2, Start: 5710.0, End: 5721.0, Setup: 20
2025-04-10 12:12:06,009 - JSPGymEnvironment - INFO - Material change on machine M3: Racebike_Antrieb_installiert -> Citybike_Fahrrad_endmontiert, setup time: 15
2025-04-10 12:12:06,009 - JSPGymEnvironment - INFO - Executed operation: Job J2, Op 5, Machine M3, Start: 5736.0, End: 5757.0, Setup: 15
2025-04-10 12:12:06,009 - JSPGymEnvironment - INFO - Job J2 completed at time 5757.0, deadline: 2880, met: False, priority: 3
2025-04-10 12:12:06,035 - JSPGymEnvironment - INFO - Material change on machine M3: Citybike_Fahrrad_endmontiert -> Citybike_Bremsen_justiert, setup time: 15
2025-04-10 12:12:06,035 - JSPGymEnvironment - INFO - Executed operation: Job J17, Op 3, Machine M3, Start: 5772.0, End: 5798.0, Setup: 15
2025-04-10 12:12:06,061 - JSPGymEnvironment - INFO - Material change on machine M3: Citybike_Bremsen_justiert -> Citybike_Fahrrad_endmontiert, setup time: 15
2025-04-10 12:12:06,061 - JSPGymEnvironment - INFO - Executed operation: Job J17, Op 4, Machine M3, Start: 5813.0, End: 5863.0, Setup: 15
2025-04-10 12:12:06,088 - JSPGymEnvironment - INFO - Executed operation: Job J10, Op 5, Machine M2, Start: 5878.0, End: 5896.0, Setup: 15
2025-04-10 12:12:06,249 - JSPGymEnvironment - INFO - Executed operation: Job J10, Op 6, Machine M2, Start: 5911.0, End: 5922.0, Setup: 15
2025-04-10 12:12:06,274 - JSPGymEnvironment - INFO - Material change on machine M2: Racebike_Rahmen_nachbearbeitet -> Racebike_Fahrrad_endmontiert, setup time: 20
2025-04-10 12:12:06,274 - JSPGymEnvironment - INFO - Executed operation: Job J10, Op 7, Machine M2, Start: 5942.0, End: 5954.0, Setup: 20
2025-04-10 12:12:06,275 - JSPGymEnvironment - INFO - Job J10 completed at time 5954.0, deadline: 2880, met: False, priority: 9
2025-04-10 12:12:06,300 - JSPGymEnvironment - INFO - Material change on machine M2: Racebike_Fahrrad_endmontiert -> Mountainbike_Fahrrad_endmontiert, setup time: 20
2025-04-10 12:12:06,301 - JSPGymEnvironment - INFO - Executed operation: Job J5, Op 5, Machine M2, Start: 5974.0, End: 5996.0, Setup: 20
2025-04-10 12:12:06,301 - JSPGymEnvironment - INFO - Job J5 completed at time 5996.0, deadline: 2880, met: False, priority: 1
2025-04-10 12:12:06,327 - JSPGymEnvironment - INFO - Executed operation: Job J17, Op 5, Machine M3, Start: 6006.0, End: 6065.0, Setup: 10
2025-04-10 12:12:06,354 - JSPGymEnvironment - INFO - Executed operation: Job J17, Op 6, Machine M3, Start: 6075.0, End: 6100.0, Setup: 10
2025-04-10 12:12:06,354 - JSPGymEnvironment - INFO - Job J17 completed at time 6100.0, deadline: 2880, met: False, priority: 6
2025-04-10 12:12:06,386 - JSPGymEnvironment - INFO - Material change on machine M2: Mountainbike_Fahrrad_endmontiert -> Mountainbike_Schaltauge_bearbeitet, setup time: 20
2025-04-10 12:12:06,386 - JSPGymEnvironment - INFO - Executed operation: Job J18, Op 1, Machine M2, Start: 6120.0, End: 6140.0, Setup: 20
2025-04-10 12:12:06,417 - JSPGymEnvironment - INFO - Material change on machine M3: Citybike_Fahrrad_endmontiert -> Mountainbike_Antrieb_installiert, setup time: 15
2025-04-10 12:12:06,417 - JSPGymEnvironment - INFO - Executed operation: Job J18, Op 2, Machine M3, Start: 6155.0, End: 6184.0, Setup: 15
2025-04-10 12:12:06,447 - JSPGymEnvironment - INFO - Material change on machine M3: Mountainbike_Antrieb_installiert -> Mountainbike_Bremsen_justiert, setup time: 15
2025-04-10 12:12:06,447 - JSPGymEnvironment - INFO - Executed operation: Job J18, Op 3, Machine M3, Start: 6199.0, End: 6254.0, Setup: 15
2025-04-10 12:12:06,477 - JSPGymEnvironment - INFO - Material change on machine M2: Mountainbike_Schaltauge_bearbeitet -> Mountainbike_Fahrrad_endmontiert, setup time: 20
2025-04-10 12:12:06,477 - JSPGymEnvironment - INFO - Executed operation: Job J18, Op 4, Machine M2, Start: 6274.0, End: 6287.0, Setup: 20
2025-04-10 12:12:06,477 - JSPGymEnvironment - INFO - Job J18 completed at time 6287.0, deadline: 2880, met: False, priority: 6
2025-04-10 12:13:07,380 - JSPGymEnvironment - INFO - Environment reset
2025-04-10 12:13:07,407 - JSPGymEnvironment - INFO - Material change on machine M1:  -> Racebike_Hauptrahmen_zugeschnitten, setup time: 0
2025-04-10 12:13:07,407 - JSPGymEnvironment - INFO - Executed operation: Job J4, Op 0, Machine M1, Start: 0.0, End: 25.0, Setup: 0
2025-04-10 12:13:07,434 - JSPGymEnvironment - INFO - Executed operation: Job J7, Op 0, Machine M1, Start: 50.0, End: 85.0, Setup: 25
2025-04-10 12:13:07,460 - JSPGymEnvironment - INFO - Material change on machine M2:  -> Racebike_Schaltauge_bearbeitet, setup time: 0
2025-04-10 12:13:07,460 - JSPGymEnvironment - INFO - Executed operation: Job J4, Op 1, Machine M2, Start: 85.0, End: 100.0, Setup: 0
2025-04-10 12:13:07,487 - JSPGymEnvironment - INFO - Executed operation: Job J15, Op 0, Machine M1, Start: 125.0, End: 148.0, Setup: 25
2025-04-10 12:13:07,514 - JSPGymEnvironment - INFO - Material change on machine M1: Racebike_Hauptrahmen_zugeschnitten -> Citybike_Hauptrahmen_zugeschnitten, setup time: 40
2025-04-10 12:13:07,515 - JSPGymEnvironment - INFO - Executed operation: Job J8, Op 0, Machine M1, Start: 188.0, End: 207.0, Setup: 40
2025-04-10 12:13:07,541 - JSPGymEnvironment - INFO - Executed operation: Job J9, Op 0, Machine M1, Start: 232.0, End: 272.0, Setup: 25
2025-04-10 12:13:07,568 - JSPGymEnvironment - INFO - Executed operation: Job J15, Op 1, Machine M2, Start: 287.0, End: 300.0, Setup: 15
2025-04-10 12:13:07,599 - JSPGymEnvironment - INFO - Executed operation: Job J11, Op 0, Machine M1, Start: 325.0, End: 356.0, Setup: 25
2025-04-10 12:13:07,775 - JSPGymEnvironment - INFO - Material change on machine M1: Citybike_Hauptrahmen_zugeschnitten -> Mountainbike_Hauptrahmen_zugeschnitten, setup time: 40
2025-04-10 12:13:07,775 - JSPGymEnvironment - INFO - Executed operation: Job J12, Op 0, Machine M1, Start: 396.0, End: 427.0, Setup: 40
2025-04-10 12:13:07,801 - JSPGymEnvironment - INFO - Material change on machine M1: Mountainbike_Hauptrahmen_zugeschnitten -> Citybike_Hauptrahmen_zugeschnitten, setup time: 40
2025-04-10 12:13:07,801 - JSPGymEnvironment - INFO - Executed operation: Job J14, Op 0, Machine M1, Start: 467.0, End: 485.0, Setup: 40
2025-04-10 12:13:07,827 - JSPGymEnvironment - INFO - Material change on machine M1: Citybike_Hauptrahmen_zugeschnitten -> Racebike_Hauptrahmen_zugeschnitten, setup time: 40
2025-04-10 12:13:07,827 - JSPGymEnvironment - INFO - Executed operation: Job J6, Op 0, Machine M1, Start: 525.0, End: 561.0, Setup: 40
2025-04-10 12:13:07,853 - JSPGymEnvironment - INFO - Material change on machine M1: Racebike_Hauptrahmen_zugeschnitten -> E-Bike_Hauptrahmen_zugeschnitten, setup time: 40
2025-04-10 12:13:07,853 - JSPGymEnvironment - INFO - Executed operation: Job J19, Op 0, Machine M1, Start: 601.0, End: 616.0, Setup: 40
2025-04-10 12:13:07,879 - JSPGymEnvironment - INFO - Executed operation: Job J6, Op 1, Machine M2, Start: 631.0, End: 644.0, Setup: 15
2025-04-10 12:13:07,906 - JSPGymEnvironment - INFO - Material change on machine M1: E-Bike_Hauptrahmen_zugeschnitten -> Racebike_Hauptrahmen_zugeschnitten, setup time: 40
2025-04-10 12:13:07,906 - JSPGymEnvironment - INFO - Executed operation: Job J16, Op 0, Machine M1, Start: 684.0, End: 710.0, Setup: 40
2025-04-10 12:13:07,932 - JSPGymEnvironment - INFO - Executed operation: Job J7, Op 1, Machine M2, Start: 725.0, End: 748.0, Setup: 15
2025-04-10 12:13:07,958 - JSPGymEnvironment - INFO - Material change on machine M2: Racebike_Schaltauge_bearbeitet -> Citybike_Schaltauge_bearbeitet, setup time: 20
2025-04-10 12:13:07,958 - JSPGymEnvironment - INFO - Executed operation: Job J8, Op 1, Machine M2, Start: 768.0, End: 781.0, Setup: 20
2025-04-10 12:13:07,986 - JSPGymEnvironment - INFO - Material change on machine M1: Racebike_Hauptrahmen_zugeschnitten -> Mountainbike_Hauptrahmen_zugeschnitten, setup time: 40
2025-04-10 12:13:07,986 - JSPGymEnvironment - INFO - Executed operation: Job J20, Op 0, Machine M1, Start: 821.0, End: 840.0, Setup: 40
2025-04-10 12:13:08,012 - JSPGymEnvironment - INFO - Executed operation: Job J11, Op 1, Machine M2, Start: 855.0, End: 868.0, Setup: 15
2025-04-10 12:13:08,038 - JSPGymEnvironment - INFO - Material change on machine M1: Mountainbike_Hauptrahmen_zugeschnitten -> E-Bike_Hauptrahmen_zugeschnitten, setup time: 40
2025-04-10 12:13:08,038 - JSPGymEnvironment - INFO - Executed operation: Job J3, Op 0, Machine M1, Start: 908.0, End: 942.0, Setup: 40
2025-04-10 12:13:08,064 - JSPGymEnvironment - INFO - Material change on machine M3:  -> Racebike_Antrieb_installiert, setup time: 0
2025-04-10 12:13:08,064 - JSPGymEnvironment - INFO - Executed operation: Job J4, Op 2, Machine M3, Start: 942.0, End: 982.0, Setup: 0
2025-04-10 12:13:08,090 - JSPGymEnvironment - INFO - Material change on machine M2: Citybike_Schaltauge_bearbeitet -> E-Bike_Schaltauge_bearbeitet, setup time: 20
2025-04-10 12:13:08,090 - JSPGymEnvironment - INFO - Executed operation: Job J3, Op 1, Machine M2, Start: 1002.0, End: 1022.0, Setup: 20
2025-04-10 12:13:08,117 - JSPGymEnvironment - INFO - Executed operation: Job J7, Op 2, Machine M3, Start: 1032.0, End: 1056.0, Setup: 10
2025-04-10 12:13:08,143 - JSPGymEnvironment - INFO - Material change on machine M3: Racebike_Antrieb_installiert -> Citybike_Antrieb_installiert, setup time: 15
2025-04-10 12:13:08,143 - JSPGymEnvironment - INFO - Executed operation: Job J11, Op 2, Machine M3, Start: 1071.0, End: 1113.0, Setup: 15
2025-04-10 12:13:08,306 - JSPGymEnvironment - INFO - Material change on machine M2: E-Bike_Schaltauge_bearbeitet -> Citybike_Schaltauge_bearbeitet, setup time: 20
2025-04-10 12:13:08,306 - JSPGymEnvironment - INFO - Executed operation: Job J14, Op 1, Machine M2, Start: 1133.0, End: 1149.0, Setup: 20
2025-04-10 12:13:08,332 - JSPGymEnvironment - INFO - Material change on machine M2: Citybike_Schaltauge_bearbeitet -> Racebike_Bremsaufnahme_gebohrt, setup time: 20
2025-04-10 12:13:08,332 - JSPGymEnvironment - INFO - Executed operation: Job J7, Op 3, Machine M2, Start: 1169.0, End: 1192.0, Setup: 20
2025-04-10 12:13:08,359 - JSPGymEnvironment - INFO - Executed operation: Job J8, Op 2, Machine M3, Start: 1202.0, End: 1256.0, Setup: 10
2025-04-10 12:13:08,385 - JSPGymEnvironment - INFO - Material change on machine M3: Citybike_Antrieb_installiert -> Racebike_Antrieb_installiert, setup time: 15
2025-04-10 12:13:08,385 - JSPGymEnvironment - INFO - Executed operation: Job J15, Op 2, Machine M3, Start: 1271.0, End: 1306.0, Setup: 15
2025-04-10 12:13:08,411 - JSPGymEnvironment - INFO - Material change on machine M3: Racebike_Antrieb_installiert -> E-Bike_Antrieb_installiert, setup time: 15
2025-04-10 12:13:08,412 - JSPGymEnvironment - INFO - Executed operation: Job J3, Op 2, Machine M3, Start: 1321.0, End: 1379.0, Setup: 15
2025-04-10 12:13:08,438 - JSPGymEnvironment - INFO - Material change on machine M1: E-Bike_Hauptrahmen_zugeschnitten -> Racebike_Hauptrahmen_zugeschnitten, setup time: 40
2025-04-10 12:13:08,438 - JSPGymEnvironment - INFO - Executed operation: Job J10, Op 0, Machine M1, Start: 1419.0, End: 1451.0, Setup: 40
2025-04-10 12:13:08,464 - JSPGymEnvironment - INFO - Executed operation: Job J1, Op 0, Machine M1, Start: 1476.0, End: 1516.0, Setup: 25
2025-04-10 12:13:08,490 - JSPGymEnvironment - INFO - Material change on machine M2: Racebike_Bremsaufnahme_gebohrt -> Racebike_Schaltauge_bearbeitet, setup time: 20
2025-04-10 12:13:08,490 - JSPGymEnvironment - INFO - Executed operation: Job J1, Op 1, Machine M2, Start: 1536.0, End: 1552.0, Setup: 20
2025-04-10 12:13:08,516 - JSPGymEnvironment - INFO - Material change on machine M3: E-Bike_Antrieb_installiert -> Racebike_Antrieb_installiert, setup time: 15
2025-04-10 12:13:08,517 - JSPGymEnvironment - INFO - Executed operation: Job J1, Op 2, Machine M3, Start: 1567.0, End: 1603.0, Setup: 15
2025-04-10 12:13:08,543 - JSPGymEnvironment - INFO - Material change on machine M2: Racebike_Schaltauge_bearbeitet -> E-Bike_Bremsaufnahme_gebohrt, setup time: 20
2025-04-10 12:13:08,543 - JSPGymEnvironment - INFO - Executed operation: Job J3, Op 3, Machine M2, Start: 1623.0, End: 1653.0, Setup: 20
2025-04-10 12:13:08,569 - JSPGymEnvironment - INFO - Executed operation: Job J6, Op 2, Machine M3, Start: 1663.0, End: 1701.0, Setup: 10
2025-04-10 12:13:08,596 - JSPGymEnvironment - INFO - Material change on machine M2: E-Bike_Bremsaufnahme_gebohrt -> Racebike_Bremsaufnahme_gebohrt, setup time: 20
2025-04-10 12:13:08,596 - JSPGymEnvironment - INFO - Executed operation: Job J4, Op 3, Machine M2, Start: 1721.0, End: 1735.0, Setup: 20
2025-04-10 12:13:08,623 - JSPGymEnvironment - INFO - Material change on machine M2: Racebike_Bremsaufnahme_gebohrt -> E-Bike_Rahmen_nachbearbeitet, setup time: 20
2025-04-10 12:13:08,623 - JSPGymEnvironment - INFO - Executed operation: Job J3, Op 4, Machine M2, Start: 1755.0, End: 1772.0, Setup: 20
2025-04-10 12:13:08,649 - JSPGymEnvironment - INFO - Material change on machine M2: E-Bike_Rahmen_nachbearbeitet -> Citybike_Schaltauge_bearbeitet, setup time: 20
2025-04-10 12:13:08,649 - JSPGymEnvironment - INFO - Executed operation: Job J9, Op 1, Machine M2, Start: 1792.0, End: 1808.0, Setup: 20
2025-04-10 12:13:08,823 - JSPGymEnvironment - INFO - Material change on machine M2: Citybike_Schaltauge_bearbeitet -> E-Bike_Rahmen_nachbearbeitet, setup time: 20
2025-04-10 12:13:08,823 - JSPGymEnvironment - INFO - Executed operation: Job J3, Op 5, Machine M2, Start: 1828.0, End: 1849.0, Setup: 20
2025-04-10 12:13:08,853 - JSPGymEnvironment - INFO - Material change on machine M3: Racebike_Antrieb_installiert -> Racebike_Bremsen_justiert, setup time: 15
2025-04-10 12:13:08,854 - JSPGymEnvironment - INFO - Executed operation: Job J6, Op 3, Machine M3, Start: 1864.0, End: 1922.0, Setup: 15
2025-04-10 12:13:08,883 - JSPGymEnvironment - INFO - Material change on machine M3: Racebike_Bremsen_justiert -> Citybike_Antrieb_installiert, setup time: 15
2025-04-10 12:13:08,883 - JSPGymEnvironment - INFO - Executed operation: Job J14, Op 2, Machine M3, Start: 1937.0, End: 1959.0, Setup: 15
2025-04-10 12:13:08,910 - JSPGymEnvironment - INFO - Material change on machine M2: E-Bike_Rahmen_nachbearbeitet -> Citybike_Bremsaufnahme_gebohrt, setup time: 20
2025-04-10 12:13:08,910 - JSPGymEnvironment - INFO - Executed operation: Job J14, Op 3, Machine M2, Start: 1979.0, End: 1997.0, Setup: 20
2025-04-10 12:13:08,936 - JSPGymEnvironment - INFO - Material change on machine M3: Citybike_Antrieb_installiert -> Citybike_Bremsen_justiert, setup time: 15
2025-04-10 12:13:08,936 - JSPGymEnvironment - INFO - Executed operation: Job J8, Op 3, Machine M3, Start: 2012.0, End: 2070.0, Setup: 15
2025-04-10 12:13:08,962 - JSPGymEnvironment - INFO - Material change on machine M2: Citybike_Bremsaufnahme_gebohrt -> Racebike_Schaltauge_bearbeitet, setup time: 20
2025-04-10 12:13:08,963 - JSPGymEnvironment - INFO - Executed operation: Job J16, Op 1, Machine M2, Start: 2090.0, End: 2105.0, Setup: 20
2025-04-10 12:13:08,990 - JSPGymEnvironment - INFO - Material change on machine M2: Racebike_Schaltauge_bearbeitet -> E-Bike_Schaltauge_bearbeitet, setup time: 20
2025-04-10 12:13:08,990 - JSPGymEnvironment - INFO - Executed operation: Job J19, Op 1, Machine M2, Start: 2125.0, End: 2155.0, Setup: 20
2025-04-10 12:13:09,016 - JSPGymEnvironment - INFO - Material change on machine M3: Citybike_Bremsen_justiert -> Racebike_Antrieb_installiert, setup time: 15
2025-04-10 12:13:09,016 - JSPGymEnvironment - INFO - Executed operation: Job J16, Op 2, Machine M3, Start: 2170.0, End: 2200.0, Setup: 15
2025-04-10 12:13:09,045 - JSPGymEnvironment - INFO - Material change on machine M3: Racebike_Antrieb_installiert -> Citybike_Bremsen_justiert, setup time: 15
2025-04-10 12:13:09,045 - JSPGymEnvironment - INFO - Executed operation: Job J11, Op 3, Machine M3, Start: 2215.0, End: 2237.0, Setup: 15
2025-04-10 12:13:09,072 - JSPGymEnvironment - INFO - Material change on machine M2: E-Bike_Schaltauge_bearbeitet -> Mountainbike_Schaltauge_bearbeitet, setup time: 20
2025-04-10 12:13:09,072 - JSPGymEnvironment - INFO - Executed operation: Job J12, Op 1, Machine M2, Start: 2257.0, End: 2279.0, Setup: 20
2025-04-10 12:13:09,098 - JSPGymEnvironment - INFO - Material change on machine M3: Citybike_Bremsen_justiert -> Citybike_Fahrrad_endmontiert, setup time: 15
2025-04-10 12:13:09,098 - JSPGymEnvironment - INFO - Executed operation: Job J8, Op 4, Machine M3, Start: 2294.0, End: 2343.0, Setup: 15
2025-04-10 12:13:09,125 - JSPGymEnvironment - INFO - Material change on machine M3: Citybike_Fahrrad_endmontiert -> Citybike_Antrieb_installiert, setup time: 15
2025-04-10 12:13:09,125 - JSPGymEnvironment - INFO - Executed operation: Job J9, Op 2, Machine M3, Start: 2358.0, End: 2412.0, Setup: 15
2025-04-10 12:13:09,151 - JSPGymEnvironment - INFO - Material change on machine M3: Citybike_Antrieb_installiert -> E-Bike_Antrieb_installiert, setup time: 15
2025-04-10 12:13:09,152 - JSPGymEnvironment - INFO - Executed operation: Job J19, Op 2, Machine M3, Start: 2427.0, End: 2449.0, Setup: 15
2025-04-10 12:13:09,178 - JSPGymEnvironment - INFO - Material change on machine M3: E-Bike_Antrieb_installiert -> Citybike_Fahrrad_endmontiert, setup time: 15
2025-04-10 12:13:09,178 - JSPGymEnvironment - INFO - Executed operation: Job J11, Op 4, Machine M3, Start: 2464.0, End: 2503.0, Setup: 15
2025-04-10 12:13:09,346 - JSPGymEnvironment - INFO - Material change on machine M2: Mountainbike_Schaltauge_bearbeitet -> E-Bike_Fahrrad_endmontiert, setup time: 20
2025-04-10 12:13:09,346 - JSPGymEnvironment - INFO - Executed operation: Job J3, Op 6, Machine M2, Start: 2523.0, End: 2533.0, Setup: 20
2025-04-10 12:13:09,346 - JSPGymEnvironment - INFO - Job J3 completed at time 2533.0, deadline: 2862, met: True, priority: 8
2025-04-10 12:13:09,373 - JSPGymEnvironment - INFO - Material change on machine M2: E-Bike_Fahrrad_endmontiert -> E-Bike_Bremsaufnahme_gebohrt, setup time: 20
2025-04-10 12:13:09,373 - JSPGymEnvironment - INFO - Executed operation: Job J19, Op 3, Machine M2, Start: 2553.0, End: 2566.0, Setup: 20
2025-04-10 12:13:09,399 - JSPGymEnvironment - INFO - Material change on machine M2: E-Bike_Bremsaufnahme_gebohrt -> Racebike_Schaltauge_bearbeitet, setup time: 20
2025-04-10 12:13:09,399 - JSPGymEnvironment - INFO - Executed operation: Job J10, Op 1, Machine M2, Start: 2586.0, End: 2611.0, Setup: 20
2025-04-10 12:13:09,425 - JSPGymEnvironment - INFO - Material change on machine M2: Racebike_Schaltauge_bearbeitet -> Citybike_Rahmen_nachbearbeitet, setup time: 20
2025-04-10 12:13:09,425 - JSPGymEnvironment - INFO - Executed operation: Job J11, Op 5, Machine M2, Start: 2631.0, End: 2648.0, Setup: 20
2025-04-10 12:13:09,452 - JSPGymEnvironment - INFO - Executed operation: Job J11, Op 6, Machine M2, Start: 2663.0, End: 2685.0, Setup: 15
2025-04-10 12:13:09,479 - JSPGymEnvironment - INFO - Material change on machine M2: Citybike_Rahmen_nachbearbeitet -> Racebike_Bremsaufnahme_gebohrt, setup time: 20
2025-04-10 12:13:09,479 - JSPGymEnvironment - INFO - Executed operation: Job J1, Op 3, Machine M2, Start: 2705.0, End: 2723.0, Setup: 20
2025-04-10 12:13:09,505 - JSPGymEnvironment - INFO - Executed operation: Job J16, Op 3, Machine M2, Start: 2738.0, End: 2761.0, Setup: 15
2025-04-10 12:13:09,531 - JSPGymEnvironment - INFO - Material change on machine M2: Racebike_Bremsaufnahme_gebohrt -> Racebike_Rahmen_nachbearbeitet, setup time: 20
2025-04-10 12:13:09,531 - JSPGymEnvironment - INFO - Executed operation: Job J1, Op 4, Machine M2, Start: 2781.0, End: 2803.0, Setup: 20
2025-04-10 12:13:09,557 - JSPGymEnvironment - INFO - Material change on machine M3: Citybike_Fahrrad_endmontiert -> Mountainbike_Antrieb_installiert, setup time: 15
2025-04-10 12:13:09,557 - JSPGymEnvironment - INFO - Executed operation: Job J12, Op 2, Machine M3, Start: 2818.0, End: 2863.0, Setup: 15
2025-04-10 12:13:09,583 - JSPGymEnvironment - INFO - Material change on machine M2: Racebike_Rahmen_nachbearbeitet -> Mountainbike_Schaltauge_bearbeitet, setup time: 20
2025-04-10 12:13:09,584 - JSPGymEnvironment - INFO - Executed operation: Job J20, Op 1, Machine M2, Start: 2883.0, End: 2908.0, Setup: 20
2025-04-10 12:13:09,612 - JSPGymEnvironment - INFO - Material change on machine M2: Mountainbike_Schaltauge_bearbeitet -> Citybike_Fahrrad_endmontiert, setup time: 20
2025-04-10 12:13:09,612 - JSPGymEnvironment - INFO - Executed operation: Job J11, Op 7, Machine M2, Start: 2928.0, End: 2957.0, Setup: 20
2025-04-10 12:13:09,612 - JSPGymEnvironment - INFO - Job J11 completed at time 2957.0, deadline: 2880, met: False, priority: 7
2025-04-10 12:13:09,638 - JSPGymEnvironment - INFO - Material change on machine M2: Citybike_Fahrrad_endmontiert -> Racebike_Fahrrad_endmontiert, setup time: 20
2025-04-10 12:13:09,638 - JSPGymEnvironment - INFO - Executed operation: Job J1, Op 5, Machine M2, Start: 2977.0, End: 2989.0, Setup: 20
2025-04-10 12:13:09,638 - JSPGymEnvironment - INFO - Job J1 completed at time 2989.0, deadline: 2790, met: False, priority: 7
2025-04-10 12:13:09,664 - JSPGymEnvironment - INFO - Material change on machine M2: Racebike_Fahrrad_endmontiert -> Citybike_Rahmen_nachbearbeitet, setup time: 20
2025-04-10 12:13:09,665 - JSPGymEnvironment - INFO - Executed operation: Job J14, Op 4, Machine M2, Start: 3009.0, End: 3038.0, Setup: 20
2025-04-10 12:13:09,826 - JSPGymEnvironment - INFO - Material change on machine M3: Mountainbike_Antrieb_installiert -> Racebike_Antrieb_installiert, setup time: 15
2025-04-10 12:13:09,826 - JSPGymEnvironment - INFO - Executed operation: Job J10, Op 2, Machine M3, Start: 3053.0, End: 3092.0, Setup: 15
2025-04-10 12:13:09,852 - JSPGymEnvironment - INFO - Material change on machine M2: Citybike_Rahmen_nachbearbeitet -> Mountainbike_Bremsaufnahme_gebohrt, setup time: 20
2025-04-10 12:13:09,852 - JSPGymEnvironment - INFO - Executed operation: Job J12, Op 3, Machine M2, Start: 3112.0, End: 3138.0, Setup: 20
2025-04-10 12:13:09,878 - JSPGymEnvironment - INFO - Material change on machine M2: Mountainbike_Bremsaufnahme_gebohrt -> Citybike_Rahmen_nachbearbeitet, setup time: 20
2025-04-10 12:13:09,878 - JSPGymEnvironment - INFO - Executed operation: Job J14, Op 5, Machine M2, Start: 3158.0, End: 3188.0, Setup: 20
2025-04-10 12:13:09,907 - JSPGymEnvironment - INFO - Material change on machine M3: Racebike_Antrieb_installiert -> Racebike_Fahrrad_endmontiert, setup time: 15
2025-04-10 12:13:09,908 - JSPGymEnvironment - INFO - Executed operation: Job J6, Op 4, Machine M3, Start: 3203.0, End: 3244.0, Setup: 15
2025-04-10 12:13:09,908 - JSPGymEnvironment - INFO - Job J6 completed at time 3244.0, deadline: 2880, met: False, priority: 10
2025-04-10 12:13:09,938 - JSPGymEnvironment - INFO - Material change on machine M2: Citybike_Rahmen_nachbearbeitet -> Racebike_Rahmen_nachbearbeitet, setup time: 20
2025-04-10 12:13:09,939 - JSPGymEnvironment - INFO - Executed operation: Job J4, Op 4, Machine M2, Start: 3264.0, End: 3289.0, Setup: 20
2025-04-10 12:13:09,973 - JSPGymEnvironment - INFO - Executed operation: Job J4, Op 5, Machine M2, Start: 3304.0, End: 3328.0, Setup: 15
2025-04-10 12:13:10,002 - JSPGymEnvironment - INFO - Executed operation: Job J7, Op 4, Machine M2, Start: 3343.0, End: 3369.0, Setup: 15
2025-04-10 12:13:10,032 - JSPGymEnvironment - INFO - Executed operation: Job J4, Op 6, Machine M3, Start: 3379.0, End: 3405.0, Setup: 10
2025-04-10 12:13:10,032 - JSPGymEnvironment - INFO - Job J4 completed at time 3405.0, deadline: 2757, met: False, priority: 7
2025-04-10 12:13:10,062 - JSPGymEnvironment - INFO - Material change on machine M2: Racebike_Rahmen_nachbearbeitet -> Mountainbike_Rahmen_nachbearbeitet, setup time: 20
2025-04-10 12:13:10,062 - JSPGymEnvironment - INFO - Executed operation: Job J12, Op 4, Machine M2, Start: 3425.0, End: 3453.0, Setup: 20
2025-04-10 12:13:10,089 - JSPGymEnvironment - INFO - Material change on machine M3: Racebike_Fahrrad_endmontiert -> Mountainbike_Antrieb_installiert, setup time: 15
2025-04-10 12:13:10,089 - JSPGymEnvironment - INFO - Executed operation: Job J20, Op 2, Machine M3, Start: 3468.0, End: 3492.0, Setup: 15
2025-04-10 12:13:10,115 - JSPGymEnvironment - INFO - Material change on machine M2: Mountainbike_Rahmen_nachbearbeitet -> Racebike_Rahmen_nachbearbeitet, setup time: 20
2025-04-10 12:13:10,115 - JSPGymEnvironment - INFO - Executed operation: Job J7, Op 5, Machine M2, Start: 3512.0, End: 3530.0, Setup: 20
2025-04-10 12:13:10,142 - JSPGymEnvironment - INFO - Material change on machine M2: Racebike_Rahmen_nachbearbeitet -> Citybike_Fahrrad_endmontiert, setup time: 20
2025-04-10 12:13:10,142 - JSPGymEnvironment - INFO - Executed operation: Job J8, Op 5, Machine M2, Start: 3550.0, End: 3580.0, Setup: 20
2025-04-10 12:13:10,142 - JSPGymEnvironment - INFO - Job J8 completed at time 3580.0, deadline: 2762, met: False, priority: 5
2025-04-10 12:13:10,168 - JSPGymEnvironment - INFO - Material change on machine M2: Citybike_Fahrrad_endmontiert -> Citybike_Bremsaufnahme_gebohrt, setup time: 20
2025-04-10 12:13:10,168 - JSPGymEnvironment - INFO - Executed operation: Job J9, Op 3, Machine M2, Start: 3600.0, End: 3623.0, Setup: 20
2025-04-10 12:13:10,195 - JSPGymEnvironment - INFO - Material change on machine M2: Citybike_Bremsaufnahme_gebohrt -> Racebike_Rahmen_nachbearbeitet, setup time: 20
2025-04-10 12:13:10,195 - JSPGymEnvironment - INFO - Executed operation: Job J7, Op 6, Machine M2, Start: 3643.0, End: 3658.0, Setup: 20
2025-04-10 12:13:10,221 - JSPGymEnvironment - INFO - Executed operation: Job J16, Op 4, Machine M2, Start: 3673.0, End: 3687.0, Setup: 15
2025-04-10 12:13:10,384 - JSPGymEnvironment - INFO - Material change on machine M2: Racebike_Rahmen_nachbearbeitet -> Racebike_Bremsaufnahme_gebohrt, setup time: 20
2025-04-10 12:13:10,384 - JSPGymEnvironment - INFO - Executed operation: Job J10, Op 3, Machine M2, Start: 3707.0, End: 3729.0, Setup: 20
2025-04-10 12:13:10,410 - JSPGymEnvironment - INFO - Material change on machine M2: Racebike_Bremsaufnahme_gebohrt -> Mountainbike_Rahmen_nachbearbeitet, setup time: 20
2025-04-10 12:13:10,410 - JSPGymEnvironment - INFO - Executed operation: Job J12, Op 5, Machine M2, Start: 3749.0, End: 3777.0, Setup: 20
2025-04-10 12:13:10,437 - JSPGymEnvironment - INFO - Material change on machine M2: Mountainbike_Rahmen_nachbearbeitet -> Citybike_Rahmen_nachbearbeitet, setup time: 20
2025-04-10 12:13:10,437 - JSPGymEnvironment - INFO - Executed operation: Job J14, Op 6, Machine M2, Start: 3797.0, End: 3821.0, Setup: 20
2025-04-10 12:13:10,464 - JSPGymEnvironment - INFO - Material change on machine M2: Citybike_Rahmen_nachbearbeitet -> Mountainbike_Fahrrad_endmontiert, setup time: 20
2025-04-10 12:13:10,464 - JSPGymEnvironment - INFO - Executed operation: Job J12, Op 6, Machine M2, Start: 3841.0, End: 3863.0, Setup: 20
2025-04-10 12:13:10,464 - JSPGymEnvironment - INFO - Job J12 completed at time 3863.0, deadline: 2863, met: False, priority: 2
2025-04-10 12:13:10,491 - JSPGymEnvironment - INFO - Material change on machine M2: Mountainbike_Fahrrad_endmontiert -> Racebike_Fahrrad_endmontiert, setup time: 20
2025-04-10 12:13:10,491 - JSPGymEnvironment - INFO - Executed operation: Job J7, Op 7, Machine M2, Start: 3883.0, End: 3908.0, Setup: 20
2025-04-10 12:13:10,491 - JSPGymEnvironment - INFO - Job J7 completed at time 3908.0, deadline: 2880, met: False, priority: 9
2025-04-10 12:13:10,517 - JSPGymEnvironment - INFO - Material change on machine M2: Racebike_Fahrrad_endmontiert -> Citybike_Rahmen_nachbearbeitet, setup time: 20
2025-04-10 12:13:10,517 - JSPGymEnvironment - INFO - Executed operation: Job J9, Op 4, Machine M2, Start: 3928.0, End: 3940.0, Setup: 20
2025-04-10 12:13:10,543 - JSPGymEnvironment - INFO - Material change on machine M2: Citybike_Rahmen_nachbearbeitet -> E-Bike_Rahmen_nachbearbeitet, setup time: 20
2025-04-10 12:13:10,544 - JSPGymEnvironment - INFO - Executed operation: Job J19, Op 4, Machine M2, Start: 3960.0, End: 3977.0, Setup: 20
2025-04-10 12:13:10,570 - JSPGymEnvironment - INFO - Material change on machine M1: Racebike_Hauptrahmen_zugeschnitten -> Citybike_Hauptrahmen_zugeschnitten, setup time: 40
2025-04-10 12:13:10,570 - JSPGymEnvironment - INFO - Executed operation: Job J17, Op 0, Machine M1, Start: 4017.0, End: 4055.0, Setup: 40
2025-04-10 12:13:10,596 - JSPGymEnvironment - INFO - Material change on machine M3: Mountainbike_Antrieb_installiert -> Mountainbike_Bremsen_justiert, setup time: 15
2025-04-10 12:13:10,596 - JSPGymEnvironment - INFO - Executed operation: Job J20, Op 3, Machine M3, Start: 4070.0, End: 4111.0, Setup: 15
2025-04-10 12:13:10,623 - JSPGymEnvironment - INFO - Material change on machine M2: E-Bike_Rahmen_nachbearbeitet -> Mountainbike_Rahmen_nachbearbeitet, setup time: 20
2025-04-10 12:13:10,624 - JSPGymEnvironment - INFO - Executed operation: Job J20, Op 4, Machine M2, Start: 4131.0, End: 4148.0, Setup: 20
2025-04-10 12:13:10,649 - JSPGymEnvironment - INFO - Material change on machine M2: Mountainbike_Rahmen_nachbearbeitet -> E-Bike_Rahmen_nachbearbeitet, setup time: 20
2025-04-10 12:13:10,650 - JSPGymEnvironment - INFO - Executed operation: Job J19, Op 5, Machine M2, Start: 4168.0, End: 4189.0, Setup: 20
2025-04-10 12:13:10,676 - JSPGymEnvironment - INFO - Material change on machine M2: E-Bike_Rahmen_nachbearbeitet -> Citybike_Fahrrad_endmontiert, setup time: 20
2025-04-10 12:13:10,676 - JSPGymEnvironment - INFO - Executed operation: Job J14, Op 7, Machine M2, Start: 4209.0, End: 4230.0, Setup: 20
2025-04-10 12:13:10,676 - JSPGymEnvironment - INFO - Job J14 completed at time 4230.0, deadline: 2880, met: False, priority: 3
2025-04-10 12:13:10,702 - JSPGymEnvironment - INFO - Material change on machine M2: Citybike_Fahrrad_endmontiert -> Racebike_Fahrrad_endmontiert, setup time: 20
2025-04-10 12:13:10,702 - JSPGymEnvironment - INFO - Executed operation: Job J16, Op 5, Machine M2, Start: 4250.0, End: 4280.0, Setup: 20
2025-04-10 12:13:10,702 - JSPGymEnvironment - INFO - Job J16 completed at time 4280.0, deadline: 2855, met: False, priority: 7
2025-04-10 12:13:10,728 - JSPGymEnvironment - INFO - Material change on machine M2: Racebike_Fahrrad_endmontiert -> Racebike_Rahmen_nachbearbeitet, setup time: 20
2025-04-10 12:13:10,728 - JSPGymEnvironment - INFO - Executed operation: Job J10, Op 4, Machine M2, Start: 4300.0, End: 4311.0, Setup: 20
2025-04-10 12:13:10,891 - JSPGymEnvironment - INFO - Material change on machine M3: Mountainbike_Bremsen_justiert -> Mountainbike_Fahrrad_endmontiert, setup time: 15
2025-04-10 12:13:10,891 - JSPGymEnvironment - INFO - Executed operation: Job J20, Op 5, Machine M3, Start: 4326.0, End: 4351.0, Setup: 15
2025-04-10 12:13:10,917 - JSPGymEnvironment - INFO - Material change on machine M3: Mountainbike_Fahrrad_endmontiert -> Citybike_Fahrrad_endmontiert, setup time: 15
2025-04-10 12:13:10,917 - JSPGymEnvironment - INFO - Executed operation: Job J9, Op 5, Machine M3, Start: 4366.0, End: 4417.0, Setup: 15
2025-04-10 12:13:10,943 - JSPGymEnvironment - INFO - Material change on machine M1: Citybike_Hauptrahmen_zugeschnitten -> Mountainbike_Hauptrahmen_zugeschnitten, setup time: 40
2025-04-10 12:13:10,943 - JSPGymEnvironment - INFO - Executed operation: Job J18, Op 0, Machine M1, Start: 4457.0, End: 4479.0, Setup: 40
2025-04-10 12:13:10,971 - JSPGymEnvironment - INFO - Executed operation: Job J10, Op 5, Machine M2, Start: 4494.0, End: 4512.0, Setup: 15
2025-04-10 12:13:10,997 - JSPGymEnvironment - INFO - Material change on machine M2: Racebike_Rahmen_nachbearbeitet -> E-Bike_Fahrrad_endmontiert, setup time: 20
2025-04-10 12:13:10,997 - JSPGymEnvironment - INFO - Executed operation: Job J19, Op 6, Machine M2, Start: 4532.0, End: 4557.0, Setup: 20
2025-04-10 12:13:10,998 - JSPGymEnvironment - INFO - Job J19 completed at time 4557.0, deadline: 2737, met: False, priority: 8
2025-04-10 12:13:11,024 - JSPGymEnvironment - INFO - Material change on machine M1: Mountainbike_Hauptrahmen_zugeschnitten -> E-Bike_Hauptrahmen_zugeschnitten, setup time: 40
2025-04-10 12:13:11,024 - JSPGymEnvironment - INFO - Executed operation: Job J13, Op 0, Machine M1, Start: 4597.0, End: 4638.0, Setup: 40
2025-04-10 12:13:11,050 - JSPGymEnvironment - INFO - Material change on machine M2: E-Bike_Fahrrad_endmontiert -> Racebike_Rahmen_nachbearbeitet, setup time: 20
2025-04-10 12:13:11,050 - JSPGymEnvironment - INFO - Executed operation: Job J10, Op 6, Machine M2, Start: 4658.0, End: 4669.0, Setup: 20
2025-04-10 12:13:11,078 - JSPGymEnvironment - INFO - Material change on machine M3: Citybike_Fahrrad_endmontiert -> Mountainbike_Fahrrad_endmontiert, setup time: 15
2025-04-10 12:13:11,078 - JSPGymEnvironment - INFO - Executed operation: Job J20, Op 6, Machine M3, Start: 4684.0, End: 4724.0, Setup: 15
2025-04-10 12:13:11,078 - JSPGymEnvironment - INFO - Job J20 completed at time 4724.0, deadline: 2744, met: False, priority: 3
2025-04-10 12:13:11,107 - JSPGymEnvironment - INFO - Material change on machine M3: Mountainbike_Fahrrad_endmontiert -> Racebike_Bremsen_justiert, setup time: 15
2025-04-10 12:13:11,107 - JSPGymEnvironment - INFO - Executed operation: Job J15, Op 3, Machine M3, Start: 4739.0, End: 4766.0, Setup: 15
2025-04-10 12:13:11,140 - JSPGymEnvironment - INFO - Material change on machine M1: E-Bike_Hauptrahmen_zugeschnitten -> Citybike_Hauptrahmen_zugeschnitten, setup time: 40
2025-04-10 12:13:11,140 - JSPGymEnvironment - INFO - Executed operation: Job J2, Op 0, Machine M1, Start: 4806.0, End: 4822.0, Setup: 40
2025-04-10 12:13:11,171 - JSPGymEnvironment - INFO - Material change on machine M2: Racebike_Rahmen_nachbearbeitet -> Citybike_Schaltauge_bearbeitet, setup time: 20
2025-04-10 12:13:11,171 - JSPGymEnvironment - INFO - Executed operation: Job J17, Op 1, Machine M2, Start: 4842.0, End: 4862.0, Setup: 20
2025-04-10 12:13:11,202 - JSPGymEnvironment - INFO - Material change on machine M2: Citybike_Schaltauge_bearbeitet -> E-Bike_Schaltauge_bearbeitet, setup time: 20
2025-04-10 12:13:11,202 - JSPGymEnvironment - INFO - Executed operation: Job J13, Op 1, Machine M2, Start: 4882.0, End: 4905.0, Setup: 20
2025-04-10 12:13:11,234 - JSPGymEnvironment - INFO - Material change on machine M2: E-Bike_Schaltauge_bearbeitet -> Racebike_Rahmen_nachbearbeitet, setup time: 20
2025-04-10 12:13:11,234 - JSPGymEnvironment - INFO - Executed operation: Job J15, Op 4, Machine M2, Start: 4925.0, End: 4945.0, Setup: 20
2025-04-10 12:13:11,260 - JSPGymEnvironment - INFO - Material change on machine M2: Racebike_Rahmen_nachbearbeitet -> Racebike_Fahrrad_endmontiert, setup time: 20
2025-04-10 12:13:11,260 - JSPGymEnvironment - INFO - Executed operation: Job J10, Op 7, Machine M2, Start: 4965.0, End: 4977.0, Setup: 20
2025-04-10 12:13:11,260 - JSPGymEnvironment - INFO - Job J10 completed at time 4977.0, deadline: 2880, met: False, priority: 9
2025-04-10 12:13:11,425 - JSPGymEnvironment - INFO - Material change on machine M3: Racebike_Bremsen_justiert -> Citybike_Fahrrad_endmontiert, setup time: 15
2025-04-10 12:13:11,425 - JSPGymEnvironment - INFO - Executed operation: Job J9, Op 6, Machine M3, Start: 4992.0, End: 5015.0, Setup: 15
2025-04-10 12:13:11,426 - JSPGymEnvironment - INFO - Job J9 completed at time 5015.0, deadline: 2880, met: False, priority: 8
2025-04-10 12:13:11,452 - JSPGymEnvironment - INFO - Material change on machine M2: Racebike_Fahrrad_endmontiert -> Racebike_Rahmen_nachbearbeitet, setup time: 20
2025-04-10 12:13:11,452 - JSPGymEnvironment - INFO - Executed operation: Job J15, Op 5, Machine M2, Start: 5035.0, End: 5058.0, Setup: 20
2025-04-10 12:13:11,479 - JSPGymEnvironment - INFO - Material change on machine M3: Citybike_Fahrrad_endmontiert -> E-Bike_Antrieb_installiert, setup time: 15
2025-04-10 12:13:11,479 - JSPGymEnvironment - INFO - Executed operation: Job J13, Op 2, Machine M3, Start: 5073.0, End: 5126.0, Setup: 15
2025-04-10 12:13:11,506 - JSPGymEnvironment - INFO - Material change on machine M2: Racebike_Rahmen_nachbearbeitet -> Citybike_Schaltauge_bearbeitet, setup time: 20
2025-04-10 12:13:11,506 - JSPGymEnvironment - INFO - Executed operation: Job J2, Op 1, Machine M2, Start: 5146.0, End: 5156.0, Setup: 20
2025-04-10 12:13:11,533 - JSPGymEnvironment - INFO - Material change on machine M3: E-Bike_Antrieb_installiert -> Racebike_Fahrrad_endmontiert, setup time: 15
2025-04-10 12:13:11,533 - JSPGymEnvironment - INFO - Executed operation: Job J15, Op 6, Machine M3, Start: 5171.0, End: 5198.0, Setup: 15
2025-04-10 12:13:11,559 - JSPGymEnvironment - INFO - Executed operation: Job J15, Op 7, Machine M3, Start: 5208.0, End: 5254.0, Setup: 10
2025-04-10 12:13:11,560 - JSPGymEnvironment - INFO - Job J15 completed at time 5254.0, deadline: 2833, met: False, priority: 10
2025-04-10 12:13:11,586 - JSPGymEnvironment - INFO - Material change on machine M3: Racebike_Fahrrad_endmontiert -> Citybike_Antrieb_installiert, setup time: 15
2025-04-10 12:13:11,586 - JSPGymEnvironment - INFO - Executed operation: Job J2, Op 2, Machine M3, Start: 5269.0, End: 5297.0, Setup: 15
2025-04-10 12:13:11,615 - JSPGymEnvironment - INFO - Executed operation: Job J17, Op 2, Machine M3, Start: 5307.0, End: 5341.0, Setup: 10
2025-04-10 12:13:11,643 - JSPGymEnvironment - INFO - Material change on machine M3: Citybike_Antrieb_installiert -> Citybike_Bremsen_justiert, setup time: 15
2025-04-10 12:13:11,643 - JSPGymEnvironment - INFO - Executed operation: Job J17, Op 3, Machine M3, Start: 5356.0, End: 5382.0, Setup: 15
2025-04-10 12:13:11,669 - JSPGymEnvironment - INFO - Material change on machine M2: Citybike_Schaltauge_bearbeitet -> Mountainbike_Schaltauge_bearbeitet, setup time: 20
2025-04-10 12:13:11,669 - JSPGymEnvironment - INFO - Executed operation: Job J18, Op 1, Machine M2, Start: 5402.0, End: 5422.0, Setup: 20
2025-04-10 12:13:11,696 - JSPGymEnvironment - INFO - Material change on machine M2: Mountainbike_Schaltauge_bearbeitet -> Citybike_Bremsaufnahme_gebohrt, setup time: 20
2025-04-10 12:13:11,696 - JSPGymEnvironment - INFO - Executed operation: Job J2, Op 3, Machine M2, Start: 5442.0, End: 5463.0, Setup: 20
2025-04-10 12:13:11,723 - JSPGymEnvironment - INFO - Material change on machine M1: Citybike_Hauptrahmen_zugeschnitten -> Mountainbike_Hauptrahmen_zugeschnitten, setup time: 40
2025-04-10 12:13:11,723 - JSPGymEnvironment - INFO - Executed operation: Job J5, Op 0, Machine M1, Start: 5503.0, End: 5539.0, Setup: 40
2025-04-10 12:13:11,750 - JSPGymEnvironment - INFO - Material change on machine M2: Citybike_Bremsaufnahme_gebohrt -> Citybike_Rahmen_nachbearbeitet, setup time: 20
2025-04-10 12:13:11,750 - JSPGymEnvironment - INFO - Executed operation: Job J2, Op 4, Machine M2, Start: 5559.0, End: 5583.0, Setup: 20
2025-04-10 12:13:11,915 - JSPGymEnvironment - INFO - Material change on machine M3: Citybike_Bremsen_justiert -> Citybike_Fahrrad_endmontiert, setup time: 15
2025-04-10 12:13:11,915 - JSPGymEnvironment - INFO - Executed operation: Job J2, Op 5, Machine M3, Start: 5598.0, End: 5619.0, Setup: 15
2025-04-10 12:13:11,916 - JSPGymEnvironment - INFO - Job J2 completed at time 5619.0, deadline: 2880, met: False, priority: 3
2025-04-10 12:13:11,942 - JSPGymEnvironment - INFO - Material change on machine M2: Citybike_Rahmen_nachbearbeitet -> E-Bike_Bremsaufnahme_gebohrt, setup time: 20
2025-04-10 12:13:11,943 - JSPGymEnvironment - INFO - Executed operation: Job J13, Op 3, Machine M2, Start: 5639.0, End: 5661.0, Setup: 20
2025-04-10 12:13:11,968 - JSPGymEnvironment - INFO - Material change on machine M2: E-Bike_Bremsaufnahme_gebohrt -> Mountainbike_Schaltauge_bearbeitet, setup time: 20
2025-04-10 12:13:11,968 - JSPGymEnvironment - INFO - Executed operation: Job J5, Op 1, Machine M2, Start: 5681.0, End: 5696.0, Setup: 20
2025-04-10 12:13:11,997 - JSPGymEnvironment - INFO - Executed operation: Job J17, Op 4, Machine M3, Start: 5706.0, End: 5756.0, Setup: 10
2025-04-10 12:13:12,023 - JSPGymEnvironment - INFO - Material change on machine M3: Citybike_Fahrrad_endmontiert -> Mountainbike_Antrieb_installiert, setup time: 15
2025-04-10 12:13:12,023 - JSPGymEnvironment - INFO - Executed operation: Job J5, Op 2, Machine M3, Start: 5771.0, End: 5796.0, Setup: 15
2025-04-10 12:13:12,050 - JSPGymEnvironment - INFO - Executed operation: Job J18, Op 2, Machine M3, Start: 5806.0, End: 5835.0, Setup: 10
2025-04-10 12:13:12,077 - JSPGymEnvironment - INFO - Material change on machine M3: Mountainbike_Antrieb_installiert -> Citybike_Fahrrad_endmontiert, setup time: 15
2025-04-10 12:13:12,077 - JSPGymEnvironment - INFO - Executed operation: Job J17, Op 5, Machine M3, Start: 5850.0, End: 5909.0, Setup: 15
2025-04-10 12:13:12,104 - JSPGymEnvironment - INFO - Material change on machine M3: Citybike_Fahrrad_endmontiert -> E-Bike_Fahrrad_endmontiert, setup time: 15
2025-04-10 12:13:12,104 - JSPGymEnvironment - INFO - Executed operation: Job J13, Op 4, Machine M3, Start: 5924.0, End: 5977.0, Setup: 15
2025-04-10 12:13:12,104 - JSPGymEnvironment - INFO - Job J13 completed at time 5977.0, deadline: 2863, met: False, priority: 7
2025-04-10 12:13:12,130 - JSPGymEnvironment - INFO - Material change on machine M3: E-Bike_Fahrrad_endmontiert -> Citybike_Fahrrad_endmontiert, setup time: 15
2025-04-10 12:13:12,130 - JSPGymEnvironment - INFO - Executed operation: Job J17, Op 6, Machine M3, Start: 5992.0, End: 6017.0, Setup: 15
2025-04-10 12:13:12,130 - JSPGymEnvironment - INFO - Job J17 completed at time 6017.0, deadline: 2880, met: False, priority: 6
2025-04-10 12:13:12,156 - JSPGymEnvironment - INFO - Material change on machine M2: Mountainbike_Schaltauge_bearbeitet -> Mountainbike_Bremsaufnahme_gebohrt, setup time: 20
2025-04-10 12:13:12,156 - JSPGymEnvironment - INFO - Executed operation: Job J5, Op 3, Machine M2, Start: 6037.0, End: 6052.0, Setup: 20
2025-04-10 12:13:12,183 - JSPGymEnvironment - INFO - Material change on machine M3: Citybike_Fahrrad_endmontiert -> Mountainbike_Bremsen_justiert, setup time: 15
2025-04-10 12:13:12,184 - JSPGymEnvironment - INFO - Executed operation: Job J18, Op 3, Machine M3, Start: 6067.0, End: 6122.0, Setup: 15
2025-04-10 12:13:12,210 - JSPGymEnvironment - INFO - Material change on machine M2: Mountainbike_Bremsaufnahme_gebohrt -> Mountainbike_Rahmen_nachbearbeitet, setup time: 20
2025-04-10 12:13:12,210 - JSPGymEnvironment - INFO - Executed operation: Job J5, Op 4, Machine M2, Start: 6142.0, End: 6172.0, Setup: 20
2025-04-10 12:13:12,237 - JSPGymEnvironment - INFO - Material change on machine M2: Mountainbike_Rahmen_nachbearbeitet -> Mountainbike_Fahrrad_endmontiert, setup time: 20
2025-04-10 12:13:12,238 - JSPGymEnvironment - INFO - Executed operation: Job J5, Op 5, Machine M2, Start: 6192.0, End: 6214.0, Setup: 20
2025-04-10 12:13:12,238 - JSPGymEnvironment - INFO - Job J5 completed at time 6214.0, deadline: 2880, met: False, priority: 1
2025-04-10 12:13:12,268 - JSPGymEnvironment - INFO - Executed operation: Job J18, Op 4, Machine M2, Start: 6229.0, End: 6242.0, Setup: 15
2025-04-10 12:13:12,268 - JSPGymEnvironment - INFO - Job J18 completed at time 6242.0, deadline: 2880, met: False, priority: 6
2025-04-10 12:14:13,526 - JSPGymEnvironment - INFO - Environment reset
2025-04-10 12:14:13,556 - JSPGymEnvironment - INFO - Material change on machine M1:  -> Citybike_Hauptrahmen_zugeschnitten, setup time: 0
2025-04-10 12:14:13,556 - JSPGymEnvironment - INFO - Executed operation: Job J14, Op 0, Machine M1, Start: 0.0, End: 18.0, Setup: 0
2025-04-10 12:14:13,587 - JSPGymEnvironment - INFO - Executed operation: Job J11, Op 0, Machine M1, Start: 43.0, End: 74.0, Setup: 25
2025-04-10 12:14:13,620 - JSPGymEnvironment - INFO - Material change on machine M1: Citybike_Hauptrahmen_zugeschnitten -> Racebike_Hauptrahmen_zugeschnitten, setup time: 40
2025-04-10 12:14:13,620 - JSPGymEnvironment - INFO - Executed operation: Job J4, Op 0, Machine M1, Start: 114.0, End: 139.0, Setup: 40
2025-04-10 12:14:13,652 - JSPGymEnvironment - INFO - Material change on machine M2:  -> Citybike_Schaltauge_bearbeitet, setup time: 0
2025-04-10 12:14:13,652 - JSPGymEnvironment - INFO - Executed operation: Job J11, Op 1, Machine M2, Start: 139.0, End: 152.0, Setup: 0
2025-04-10 12:14:13,681 - JSPGymEnvironment - INFO - Material change on machine M3:  -> Citybike_Antrieb_installiert, setup time: 0
2025-04-10 12:14:13,682 - JSPGymEnvironment - INFO - Executed operation: Job J11, Op 2, Machine M3, Start: 152.0, End: 194.0, Setup: 0
2025-04-10 12:14:13,842 - JSPGymEnvironment - INFO - Executed operation: Job J10, Op 0, Machine M1, Start: 219.0, End: 251.0, Setup: 25
2025-04-10 12:14:13,869 - JSPGymEnvironment - INFO - Material change on machine M2: Citybike_Schaltauge_bearbeitet -> Racebike_Schaltauge_bearbeitet, setup time: 20
2025-04-10 12:14:13,869 - JSPGymEnvironment - INFO - Executed operation: Job J10, Op 1, Machine M2, Start: 271.0, End: 296.0, Setup: 20
2025-04-10 12:14:13,895 - JSPGymEnvironment - INFO - Material change on machine M1: Racebike_Hauptrahmen_zugeschnitten -> E-Bike_Hauptrahmen_zugeschnitten, setup time: 40
2025-04-10 12:14:13,896 - JSPGymEnvironment - INFO - Executed operation: Job J3, Op 0, Machine M1, Start: 336.0, End: 370.0, Setup: 40
2025-04-10 12:14:13,921 - JSPGymEnvironment - INFO - Executed operation: Job J19, Op 0, Machine M1, Start: 395.0, End: 410.0, Setup: 25
2025-04-10 12:14:13,947 - JSPGymEnvironment - INFO - Material change on machine M1: E-Bike_Hauptrahmen_zugeschnitten -> Citybike_Hauptrahmen_zugeschnitten, setup time: 40
2025-04-10 12:14:13,947 - JSPGymEnvironment - INFO - Executed operation: Job J9, Op 0, Machine M1, Start: 450.0, End: 490.0, Setup: 40
2025-04-10 12:14:13,974 - JSPGymEnvironment - INFO - Material change on machine M2: Racebike_Schaltauge_bearbeitet -> Citybike_Schaltauge_bearbeitet, setup time: 20
2025-04-10 12:14:13,975 - JSPGymEnvironment - INFO - Executed operation: Job J14, Op 1, Machine M2, Start: 510.0, End: 526.0, Setup: 20
2025-04-10 12:14:14,001 - JSPGymEnvironment - INFO - Material change on machine M2: Citybike_Schaltauge_bearbeitet -> E-Bike_Schaltauge_bearbeitet, setup time: 20
2025-04-10 12:14:14,001 - JSPGymEnvironment - INFO - Executed operation: Job J19, Op 1, Machine M2, Start: 546.0, End: 576.0, Setup: 20
2025-04-10 12:14:14,027 - JSPGymEnvironment - INFO - Material change on machine M1: Citybike_Hauptrahmen_zugeschnitten -> Racebike_Hauptrahmen_zugeschnitten, setup time: 40
2025-04-10 12:14:14,027 - JSPGymEnvironment - INFO - Executed operation: Job J16, Op 0, Machine M1, Start: 616.0, End: 642.0, Setup: 40
2025-04-10 12:14:14,054 - JSPGymEnvironment - INFO - Material change on machine M3: Citybike_Antrieb_installiert -> Citybike_Bremsen_justiert, setup time: 15
2025-04-10 12:14:14,054 - JSPGymEnvironment - INFO - Executed operation: Job J11, Op 3, Machine M3, Start: 657.0, End: 679.0, Setup: 15
2025-04-10 12:14:14,080 - JSPGymEnvironment - INFO - Executed operation: Job J15, Op 0, Machine M1, Start: 704.0, End: 727.0, Setup: 25
2025-04-10 12:14:14,106 - JSPGymEnvironment - INFO - Material change on machine M2: E-Bike_Schaltauge_bearbeitet -> Racebike_Schaltauge_bearbeitet, setup time: 20
2025-04-10 12:14:14,106 - JSPGymEnvironment - INFO - Executed operation: Job J4, Op 1, Machine M2, Start: 747.0, End: 762.0, Setup: 20
2025-04-10 12:14:14,132 - JSPGymEnvironment - INFO - Executed operation: Job J7, Op 0, Machine M1, Start: 787.0, End: 822.0, Setup: 25
2025-04-10 12:14:14,158 - JSPGymEnvironment - INFO - Material change on machine M2: Racebike_Schaltauge_bearbeitet -> E-Bike_Schaltauge_bearbeitet, setup time: 20
2025-04-10 12:14:14,159 - JSPGymEnvironment - INFO - Executed operation: Job J3, Op 1, Machine M2, Start: 842.0, End: 862.0, Setup: 20
2025-04-10 12:14:14,187 - JSPGymEnvironment - INFO - Material change on machine M1: Racebike_Hauptrahmen_zugeschnitten -> Citybike_Hauptrahmen_zugeschnitten, setup time: 40
2025-04-10 12:14:14,187 - JSPGymEnvironment - INFO - Executed operation: Job J8, Op 0, Machine M1, Start: 902.0, End: 921.0, Setup: 40
2025-04-10 12:14:14,353 - JSPGymEnvironment - INFO - Material change on machine M3: Citybike_Bremsen_justiert -> Citybike_Fahrrad_endmontiert, setup time: 15
2025-04-10 12:14:14,354 - JSPGymEnvironment - INFO - Executed operation: Job J11, Op 4, Machine M3, Start: 936.0, End: 975.0, Setup: 15
2025-04-10 12:14:14,380 - JSPGymEnvironment - INFO - Material change on machine M3: Citybike_Fahrrad_endmontiert -> Racebike_Antrieb_installiert, setup time: 15
2025-04-10 12:14:14,381 - JSPGymEnvironment - INFO - Executed operation: Job J4, Op 2, Machine M3, Start: 990.0, End: 1030.0, Setup: 15
2025-04-10 12:14:14,410 - JSPGymEnvironment - INFO - Material change on machine M1: Citybike_Hauptrahmen_zugeschnitten -> Mountainbike_Hauptrahmen_zugeschnitten, setup time: 40
2025-04-10 12:14:14,410 - JSPGymEnvironment - INFO - Executed operation: Job J20, Op 0, Machine M1, Start: 1070.0, End: 1089.0, Setup: 40
2025-04-10 12:14:14,438 - JSPGymEnvironment - INFO - Material change on machine M2: E-Bike_Schaltauge_bearbeitet -> Mountainbike_Schaltauge_bearbeitet, setup time: 20
2025-04-10 12:14:14,438 - JSPGymEnvironment - INFO - Executed operation: Job J20, Op 1, Machine M2, Start: 1109.0, End: 1134.0, Setup: 20
2025-04-10 12:14:14,464 - JSPGymEnvironment - INFO - Material change on machine M2: Mountainbike_Schaltauge_bearbeitet -> Racebike_Bremsaufnahme_gebohrt, setup time: 20
2025-04-10 12:14:14,464 - JSPGymEnvironment - INFO - Executed operation: Job J4, Op 3, Machine M2, Start: 1154.0, End: 1168.0, Setup: 20
2025-04-10 12:14:14,494 - JSPGymEnvironment - INFO - Material change on machine M1: Mountainbike_Hauptrahmen_zugeschnitten -> Racebike_Hauptrahmen_zugeschnitten, setup time: 40
2025-04-10 12:14:14,494 - JSPGymEnvironment - INFO - Executed operation: Job J1, Op 0, Machine M1, Start: 1208.0, End: 1248.0, Setup: 40
2025-04-10 12:14:14,520 - JSPGymEnvironment - INFO - Material change on machine M2: Racebike_Bremsaufnahme_gebohrt -> Racebike_Schaltauge_bearbeitet, setup time: 20
2025-04-10 12:14:14,520 - JSPGymEnvironment - INFO - Executed operation: Job J16, Op 1, Machine M2, Start: 1268.0, End: 1283.0, Setup: 20
2025-04-10 12:14:14,548 - JSPGymEnvironment - INFO - Material change on machine M2: Racebike_Schaltauge_bearbeitet -> Citybike_Rahmen_nachbearbeitet, setup time: 20
2025-04-10 12:14:14,548 - JSPGymEnvironment - INFO - Executed operation: Job J11, Op 5, Machine M2, Start: 1303.0, End: 1320.0, Setup: 20
2025-04-10 12:14:14,574 - JSPGymEnvironment - INFO - Material change on machine M2: Citybike_Rahmen_nachbearbeitet -> Racebike_Schaltauge_bearbeitet, setup time: 20
2025-04-10 12:14:14,574 - JSPGymEnvironment - INFO - Executed operation: Job J15, Op 1, Machine M2, Start: 1340.0, End: 1353.0, Setup: 20
2025-04-10 12:14:14,601 - JSPGymEnvironment - INFO - Material change on machine M2: Racebike_Schaltauge_bearbeitet -> Racebike_Rahmen_nachbearbeitet, setup time: 20
2025-04-10 12:14:14,601 - JSPGymEnvironment - INFO - Executed operation: Job J4, Op 4, Machine M2, Start: 1373.0, End: 1398.0, Setup: 20
2025-04-10 12:14:14,627 - JSPGymEnvironment - INFO - Executed operation: Job J4, Op 5, Machine M2, Start: 1413.0, End: 1437.0, Setup: 15
2025-04-10 12:14:14,654 - JSPGymEnvironment - INFO - Material change on machine M1: Racebike_Hauptrahmen_zugeschnitten -> E-Bike_Hauptrahmen_zugeschnitten, setup time: 40
2025-04-10 12:14:14,654 - JSPGymEnvironment - INFO - Executed operation: Job J13, Op 0, Machine M1, Start: 1477.0, End: 1518.0, Setup: 40
2025-04-10 12:14:14,680 - JSPGymEnvironment - INFO - Material change on machine M3: Racebike_Antrieb_installiert -> E-Bike_Antrieb_installiert, setup time: 15
2025-04-10 12:14:14,680 - JSPGymEnvironment - INFO - Executed operation: Job J3, Op 2, Machine M3, Start: 1533.0, End: 1591.0, Setup: 15
2025-04-10 12:14:14,708 - JSPGymEnvironment - INFO - Material change on machine M1: E-Bike_Hauptrahmen_zugeschnitten -> Mountainbike_Hauptrahmen_zugeschnitten, setup time: 40
2025-04-10 12:14:14,708 - JSPGymEnvironment - INFO - Executed operation: Job J18, Op 0, Machine M1, Start: 1631.0, End: 1653.0, Setup: 40
2025-04-10 12:14:14,890 - JSPGymEnvironment - INFO - Material change on machine M3: E-Bike_Antrieb_installiert -> Mountainbike_Antrieb_installiert, setup time: 15
2025-04-10 12:14:14,890 - JSPGymEnvironment - INFO - Executed operation: Job J20, Op 2, Machine M3, Start: 1668.0, End: 1692.0, Setup: 15
2025-04-10 12:14:14,916 - JSPGymEnvironment - INFO - Material change on machine M2: Racebike_Rahmen_nachbearbeitet -> Citybike_Schaltauge_bearbeitet, setup time: 20
2025-04-10 12:14:14,917 - JSPGymEnvironment - INFO - Executed operation: Job J9, Op 1, Machine M2, Start: 1712.0, End: 1728.0, Setup: 20
2025-04-10 12:14:14,943 - JSPGymEnvironment - INFO - Material change on machine M2: Citybike_Schaltauge_bearbeitet -> Citybike_Rahmen_nachbearbeitet, setup time: 20
2025-04-10 12:14:14,943 - JSPGymEnvironment - INFO - Executed operation: Job J11, Op 6, Machine M2, Start: 1748.0, End: 1770.0, Setup: 20
2025-04-10 12:14:14,969 - JSPGymEnvironment - INFO - Material change on machine M3: Mountainbike_Antrieb_installiert -> Mountainbike_Bremsen_justiert, setup time: 15
2025-04-10 12:14:14,969 - JSPGymEnvironment - INFO - Executed operation: Job J20, Op 3, Machine M3, Start: 1785.0, End: 1826.0, Setup: 15
2025-04-10 12:14:14,998 - JSPGymEnvironment - INFO - Material change on machine M3: Mountainbike_Bremsen_justiert -> Racebike_Fahrrad_endmontiert, setup time: 15
2025-04-10 12:14:14,998 - JSPGymEnvironment - INFO - Executed operation: Job J4, Op 6, Machine M3, Start: 1841.0, End: 1867.0, Setup: 15
2025-04-10 12:14:14,998 - JSPGymEnvironment - INFO - Job J4 completed at time 1867.0, deadline: 2757, met: True, priority: 7
2025-04-10 12:14:15,025 - JSPGymEnvironment - INFO - Material change on machine M3: Racebike_Fahrrad_endmontiert -> Racebike_Antrieb_installiert, setup time: 15
2025-04-10 12:14:15,025 - JSPGymEnvironment - INFO - Executed operation: Job J15, Op 2, Machine M3, Start: 1882.0, End: 1917.0, Setup: 15
2025-04-10 12:14:15,051 - JSPGymEnvironment - INFO - Material change on machine M3: Racebike_Antrieb_installiert -> E-Bike_Antrieb_installiert, setup time: 15
2025-04-10 12:14:15,051 - JSPGymEnvironment - INFO - Executed operation: Job J19, Op 2, Machine M3, Start: 1932.0, End: 1954.0, Setup: 15
2025-04-10 12:14:15,077 - JSPGymEnvironment - INFO - Material change on machine M2: Citybike_Rahmen_nachbearbeitet -> E-Bike_Bremsaufnahme_gebohrt, setup time: 20
2025-04-10 12:14:15,078 - JSPGymEnvironment - INFO - Executed operation: Job J3, Op 3, Machine M2, Start: 1974.0, End: 2004.0, Setup: 20
2025-04-10 12:14:15,104 - JSPGymEnvironment - INFO - Material change on machine M1: Mountainbike_Hauptrahmen_zugeschnitten -> Citybike_Hauptrahmen_zugeschnitten, setup time: 40
2025-04-10 12:14:15,104 - JSPGymEnvironment - INFO - Executed operation: Job J17, Op 0, Machine M1, Start: 2044.0, End: 2082.0, Setup: 40
2025-04-10 12:14:15,131 - JSPGymEnvironment - INFO - Material change on machine M2: E-Bike_Bremsaufnahme_gebohrt -> Citybike_Schaltauge_bearbeitet, setup time: 20
2025-04-10 12:14:15,131 - JSPGymEnvironment - INFO - Executed operation: Job J8, Op 1, Machine M2, Start: 2102.0, End: 2115.0, Setup: 20
2025-04-10 12:14:15,157 - JSPGymEnvironment - INFO - Material change on machine M3: E-Bike_Antrieb_installiert -> Citybike_Antrieb_installiert, setup time: 15
2025-04-10 12:14:15,157 - JSPGymEnvironment - INFO - Executed operation: Job J8, Op 2, Machine M3, Start: 2130.0, End: 2184.0, Setup: 15
2025-04-10 12:14:15,184 - JSPGymEnvironment - INFO - Material change on machine M3: Citybike_Antrieb_installiert -> Racebike_Antrieb_installiert, setup time: 15
2025-04-10 12:14:15,184 - JSPGymEnvironment - INFO - Executed operation: Job J16, Op 2, Machine M3, Start: 2199.0, End: 2229.0, Setup: 15
2025-04-10 12:14:15,210 - JSPGymEnvironment - INFO - Material change on machine M2: Citybike_Schaltauge_bearbeitet -> Racebike_Bremsaufnahme_gebohrt, setup time: 20
2025-04-10 12:14:15,210 - JSPGymEnvironment - INFO - Executed operation: Job J16, Op 3, Machine M2, Start: 2249.0, End: 2272.0, Setup: 20
2025-04-10 12:14:15,371 - JSPGymEnvironment - INFO - Material change on machine M3: Racebike_Antrieb_installiert -> Citybike_Bremsen_justiert, setup time: 15
2025-04-10 12:14:15,371 - JSPGymEnvironment - INFO - Executed operation: Job J8, Op 3, Machine M3, Start: 2287.0, End: 2345.0, Setup: 15
2025-04-10 12:14:15,398 - JSPGymEnvironment - INFO - Material change on machine M3: Citybike_Bremsen_justiert -> Citybike_Antrieb_installiert, setup time: 15
2025-04-10 12:14:15,398 - JSPGymEnvironment - INFO - Executed operation: Job J14, Op 2, Machine M3, Start: 2360.0, End: 2382.0, Setup: 15
2025-04-10 12:14:15,425 - JSPGymEnvironment - INFO - Material change on machine M2: Racebike_Bremsaufnahme_gebohrt -> E-Bike_Rahmen_nachbearbeitet, setup time: 20
2025-04-10 12:14:15,425 - JSPGymEnvironment - INFO - Executed operation: Job J3, Op 4, Machine M2, Start: 2402.0, End: 2419.0, Setup: 20
2025-04-10 12:14:15,451 - JSPGymEnvironment - INFO - Material change on machine M2: E-Bike_Rahmen_nachbearbeitet -> Mountainbike_Rahmen_nachbearbeitet, setup time: 20
2025-04-10 12:14:15,451 - JSPGymEnvironment - INFO - Executed operation: Job J20, Op 4, Machine M2, Start: 2439.0, End: 2456.0, Setup: 20
2025-04-10 12:14:15,478 - JSPGymEnvironment - INFO - Material change on machine M3: Citybike_Antrieb_installiert -> Racebike_Bremsen_justiert, setup time: 15
2025-04-10 12:14:15,479 - JSPGymEnvironment - INFO - Executed operation: Job J15, Op 3, Machine M3, Start: 2471.0, End: 2498.0, Setup: 15
2025-04-10 12:14:15,505 - JSPGymEnvironment - INFO - Material change on machine M3: Racebike_Bremsen_justiert -> Racebike_Antrieb_installiert, setup time: 15
2025-04-10 12:14:15,505 - JSPGymEnvironment - INFO - Executed operation: Job J10, Op 2, Machine M3, Start: 2513.0, End: 2552.0, Setup: 15
2025-04-10 12:14:15,531 - JSPGymEnvironment - INFO - Material change on machine M1: Citybike_Hauptrahmen_zugeschnitten -> Racebike_Hauptrahmen_zugeschnitten, setup time: 40
2025-04-10 12:14:15,532 - JSPGymEnvironment - INFO - Executed operation: Job J6, Op 0, Machine M1, Start: 2592.0, End: 2628.0, Setup: 40
2025-04-10 12:14:15,558 - JSPGymEnvironment - INFO - Material change on machine M2: Mountainbike_Rahmen_nachbearbeitet -> Racebike_Schaltauge_bearbeitet, setup time: 20
2025-04-10 12:14:15,558 - JSPGymEnvironment - INFO - Executed operation: Job J7, Op 1, Machine M2, Start: 2648.0, End: 2671.0, Setup: 20
2025-04-10 12:14:15,584 - JSPGymEnvironment - INFO - Material change on machine M2: Racebike_Schaltauge_bearbeitet -> Racebike_Rahmen_nachbearbeitet, setup time: 20
2025-04-10 12:14:15,584 - JSPGymEnvironment - INFO - Executed operation: Job J15, Op 4, Machine M2, Start: 2691.0, End: 2711.0, Setup: 20
2025-04-10 12:14:15,614 - JSPGymEnvironment - INFO - Material change on machine M2: Racebike_Rahmen_nachbearbeitet -> Racebike_Schaltauge_bearbeitet, setup time: 20
2025-04-10 12:14:15,614 - JSPGymEnvironment - INFO - Executed operation: Job J6, Op 1, Machine M2, Start: 2731.0, End: 2744.0, Setup: 20
2025-04-10 12:14:15,640 - JSPGymEnvironment - INFO - Material change on machine M2: Racebike_Schaltauge_bearbeitet -> Racebike_Rahmen_nachbearbeitet, setup time: 20
2025-04-10 12:14:15,640 - JSPGymEnvironment - INFO - Executed operation: Job J15, Op 5, Machine M2, Start: 2764.0, End: 2787.0, Setup: 20
2025-04-10 12:14:15,666 - JSPGymEnvironment - INFO - Material change on machine M3: Racebike_Antrieb_installiert -> Citybike_Fahrrad_endmontiert, setup time: 15
2025-04-10 12:14:15,667 - JSPGymEnvironment - INFO - Executed operation: Job J8, Op 4, Machine M3, Start: 2802.0, End: 2851.0, Setup: 15
2025-04-10 12:14:15,692 - JSPGymEnvironment - INFO - Material change on machine M2: Racebike_Rahmen_nachbearbeitet -> E-Bike_Rahmen_nachbearbeitet, setup time: 20
2025-04-10 12:14:15,693 - JSPGymEnvironment - INFO - Executed operation: Job J3, Op 5, Machine M2, Start: 2871.0, End: 2892.0, Setup: 20
2025-04-10 12:14:15,719 - JSPGymEnvironment - INFO - Material change on machine M3: Citybike_Fahrrad_endmontiert -> Racebike_Antrieb_installiert, setup time: 15
2025-04-10 12:14:15,719 - JSPGymEnvironment - INFO - Executed operation: Job J7, Op 2, Machine M3, Start: 2907.0, End: 2931.0, Setup: 15
2025-04-10 12:14:15,746 - JSPGymEnvironment - INFO - Material change on machine M2: E-Bike_Rahmen_nachbearbeitet -> Citybike_Fahrrad_endmontiert, setup time: 20
2025-04-10 12:14:15,746 - JSPGymEnvironment - INFO - Executed operation: Job J11, Op 7, Machine M2, Start: 2951.0, End: 2980.0, Setup: 20
2025-04-10 12:14:15,746 - JSPGymEnvironment - INFO - Job J11 completed at time 2980.0, deadline: 2880, met: False, priority: 7
2025-04-10 12:14:15,915 - JSPGymEnvironment - INFO - Material change on machine M2: Citybike_Fahrrad_endmontiert -> Racebike_Rahmen_nachbearbeitet, setup time: 20
2025-04-10 12:14:15,915 - JSPGymEnvironment - INFO - Executed operation: Job J16, Op 4, Machine M2, Start: 3000.0, End: 3014.0, Setup: 20
2025-04-10 12:14:15,945 - JSPGymEnvironment - INFO - Material change on machine M2: Racebike_Rahmen_nachbearbeitet -> Racebike_Bremsaufnahme_gebohrt, setup time: 20
2025-04-10 12:14:15,946 - JSPGymEnvironment - INFO - Executed operation: Job J7, Op 3, Machine M2, Start: 3034.0, End: 3057.0, Setup: 20
2025-04-10 12:14:15,974 - JSPGymEnvironment - INFO - Material change on machine M2: Racebike_Bremsaufnahme_gebohrt -> E-Bike_Bremsaufnahme_gebohrt, setup time: 20
2025-04-10 12:14:15,974 - JSPGymEnvironment - INFO - Executed operation: Job J19, Op 3, Machine M2, Start: 3077.0, End: 3090.0, Setup: 20
2025-04-10 12:14:16,005 - JSPGymEnvironment - INFO - Material change on machine M2: E-Bike_Bremsaufnahme_gebohrt -> Racebike_Schaltauge_bearbeitet, setup time: 20
2025-04-10 12:14:16,005 - JSPGymEnvironment - INFO - Executed operation: Job J1, Op 1, Machine M2, Start: 3110.0, End: 3126.0, Setup: 20
2025-04-10 12:14:16,036 - JSPGymEnvironment - INFO - Executed operation: Job J1, Op 2, Machine M3, Start: 3136.0, End: 3172.0, Setup: 10
2025-04-10 12:14:16,062 - JSPGymEnvironment - INFO - Material change on machine M2: Racebike_Schaltauge_bearbeitet -> Racebike_Rahmen_nachbearbeitet, setup time: 20
2025-04-10 12:14:16,062 - JSPGymEnvironment - INFO - Executed operation: Job J7, Op 4, Machine M2, Start: 3192.0, End: 3218.0, Setup: 20
2025-04-10 12:14:16,088 - JSPGymEnvironment - INFO - Material change on machine M3: Racebike_Antrieb_installiert -> Racebike_Fahrrad_endmontiert, setup time: 15
2025-04-10 12:14:16,088 - JSPGymEnvironment - INFO - Executed operation: Job J15, Op 6, Machine M3, Start: 3233.0, End: 3260.0, Setup: 15
2025-04-10 12:14:16,115 - JSPGymEnvironment - INFO - Material change on machine M1: Racebike_Hauptrahmen_zugeschnitten -> Mountainbike_Hauptrahmen_zugeschnitten, setup time: 40
2025-04-10 12:14:16,115 - JSPGymEnvironment - INFO - Executed operation: Job J12, Op 0, Machine M1, Start: 3300.0, End: 3331.0, Setup: 40
2025-04-10 12:14:16,141 - JSPGymEnvironment - INFO - Material change on machine M2: Racebike_Rahmen_nachbearbeitet -> Racebike_Bremsaufnahme_gebohrt, setup time: 20
2025-04-10 12:14:16,141 - JSPGymEnvironment - INFO - Executed operation: Job J10, Op 3, Machine M2, Start: 3351.0, End: 3373.0, Setup: 20
2025-04-10 12:14:16,168 - JSPGymEnvironment - INFO - Material change on machine M2: Racebike_Bremsaufnahme_gebohrt -> Racebike_Rahmen_nachbearbeitet, setup time: 20
2025-04-10 12:14:16,168 - JSPGymEnvironment - INFO - Executed operation: Job J7, Op 5, Machine M2, Start: 3393.0, End: 3411.0, Setup: 20
2025-04-10 12:14:16,195 - JSPGymEnvironment - INFO - Material change on machine M2: Racebike_Rahmen_nachbearbeitet -> E-Bike_Fahrrad_endmontiert, setup time: 20
2025-04-10 12:14:16,195 - JSPGymEnvironment - INFO - Executed operation: Job J3, Op 6, Machine M2, Start: 3431.0, End: 3441.0, Setup: 20
2025-04-10 12:14:16,195 - JSPGymEnvironment - INFO - Job J3 completed at time 3441.0, deadline: 2862, met: False, priority: 8
2025-04-10 12:14:16,221 - JSPGymEnvironment - INFO - Material change on machine M2: E-Bike_Fahrrad_endmontiert -> Racebike_Bremsaufnahme_gebohrt, setup time: 20
2025-04-10 12:14:16,221 - JSPGymEnvironment - INFO - Executed operation: Job J1, Op 3, Machine M2, Start: 3461.0, End: 3479.0, Setup: 20
2025-04-10 12:14:16,248 - JSPGymEnvironment - INFO - Material change on machine M2: Racebike_Bremsaufnahme_gebohrt -> Racebike_Rahmen_nachbearbeitet, setup time: 20
2025-04-10 12:14:16,248 - JSPGymEnvironment - INFO - Executed operation: Job J7, Op 6, Machine M2, Start: 3499.0, End: 3514.0, Setup: 20
2025-04-10 12:14:16,274 - JSPGymEnvironment - INFO - Material change on machine M3: Racebike_Fahrrad_endmontiert -> Racebike_Antrieb_installiert, setup time: 15
2025-04-10 12:14:16,274 - JSPGymEnvironment - INFO - Executed operation: Job J6, Op 2, Machine M3, Start: 3529.0, End: 3567.0, Setup: 15
2025-04-10 12:14:16,439 - JSPGymEnvironment - INFO - Material change on machine M3: Racebike_Antrieb_installiert -> Racebike_Fahrrad_endmontiert, setup time: 15
2025-04-10 12:14:16,440 - JSPGymEnvironment - INFO - Executed operation: Job J15, Op 7, Machine M3, Start: 3582.0, End: 3628.0, Setup: 15
2025-04-10 12:14:16,440 - JSPGymEnvironment - INFO - Job J15 completed at time 3628.0, deadline: 2833, met: False, priority: 10
2025-04-10 12:14:16,466 - JSPGymEnvironment - INFO - Material change on machine M3: Racebike_Fahrrad_endmontiert -> Mountainbike_Fahrrad_endmontiert, setup time: 15
2025-04-10 12:14:16,466 - JSPGymEnvironment - INFO - Executed operation: Job J20, Op 5, Machine M3, Start: 3643.0, End: 3668.0, Setup: 15
2025-04-10 12:14:16,494 - JSPGymEnvironment - INFO - Material change on machine M2: Racebike_Rahmen_nachbearbeitet -> Citybike_Bremsaufnahme_gebohrt, setup time: 20
2025-04-10 12:14:16,494 - JSPGymEnvironment - INFO - Executed operation: Job J14, Op 3, Machine M2, Start: 3688.0, End: 3706.0, Setup: 20
2025-04-10 12:14:16,521 - JSPGymEnvironment - INFO - Material change on machine M2: Citybike_Bremsaufnahme_gebohrt -> E-Bike_Rahmen_nachbearbeitet, setup time: 20
2025-04-10 12:14:16,521 - JSPGymEnvironment - INFO - Executed operation: Job J19, Op 4, Machine M2, Start: 3726.0, End: 3743.0, Setup: 20
2025-04-10 12:14:16,547 - JSPGymEnvironment - INFO - Executed operation: Job J19, Op 5, Machine M2, Start: 3758.0, End: 3779.0, Setup: 15
2025-04-10 12:14:16,573 - JSPGymEnvironment - INFO - Material change on machine M3: Mountainbike_Fahrrad_endmontiert -> Citybike_Antrieb_installiert, setup time: 15
2025-04-10 12:14:16,574 - JSPGymEnvironment - INFO - Executed operation: Job J9, Op 2, Machine M3, Start: 3794.0, End: 3848.0, Setup: 15
2025-04-10 12:14:16,601 - JSPGymEnvironment - INFO - Material change on machine M2: E-Bike_Rahmen_nachbearbeitet -> Racebike_Rahmen_nachbearbeitet, setup time: 20
2025-04-10 12:14:16,601 - JSPGymEnvironment - INFO - Executed operation: Job J1, Op 4, Machine M2, Start: 3868.0, End: 3890.0, Setup: 20
2025-04-10 12:14:16,628 - JSPGymEnvironment - INFO - Material change on machine M2: Racebike_Rahmen_nachbearbeitet -> Racebike_Fahrrad_endmontiert, setup time: 20
2025-04-10 12:14:16,628 - JSPGymEnvironment - INFO - Executed operation: Job J16, Op 5, Machine M2, Start: 3910.0, End: 3940.0, Setup: 20
2025-04-10 12:14:16,628 - JSPGymEnvironment - INFO - Job J16 completed at time 3940.0, deadline: 2855, met: False, priority: 7
2025-04-10 12:14:16,654 - JSPGymEnvironment - INFO - Material change on machine M2: Racebike_Fahrrad_endmontiert -> Citybike_Fahrrad_endmontiert, setup time: 20
2025-04-10 12:14:16,654 - JSPGymEnvironment - INFO - Executed operation: Job J8, Op 5, Machine M2, Start: 3960.0, End: 3990.0, Setup: 20
2025-04-10 12:14:16,654 - JSPGymEnvironment - INFO - Job J8 completed at time 3990.0, deadline: 2762, met: False, priority: 5
2025-04-10 12:14:16,680 - JSPGymEnvironment - INFO - Material change on machine M2: Citybike_Fahrrad_endmontiert -> Citybike_Rahmen_nachbearbeitet, setup time: 20
2025-04-10 12:14:16,681 - JSPGymEnvironment - INFO - Executed operation: Job J14, Op 4, Machine M2, Start: 4010.0, End: 4039.0, Setup: 20
2025-04-10 12:14:16,707 - JSPGymEnvironment - INFO - Material change on machine M2: Citybike_Rahmen_nachbearbeitet -> Citybike_Bremsaufnahme_gebohrt, setup time: 20
2025-04-10 12:14:16,707 - JSPGymEnvironment - INFO - Executed operation: Job J9, Op 3, Machine M2, Start: 4059.0, End: 4082.0, Setup: 20
2025-04-10 12:14:16,735 - JSPGymEnvironment - INFO - Material change on machine M3: Citybike_Antrieb_installiert -> Racebike_Bremsen_justiert, setup time: 15
2025-04-10 12:14:16,735 - JSPGymEnvironment - INFO - Executed operation: Job J6, Op 3, Machine M3, Start: 4097.0, End: 4155.0, Setup: 15
2025-04-10 12:14:16,762 - JSPGymEnvironment - INFO - Material change on machine M2: Citybike_Bremsaufnahme_gebohrt -> Racebike_Fahrrad_endmontiert, setup time: 20
2025-04-10 12:14:16,762 - JSPGymEnvironment - INFO - Executed operation: Job J1, Op 5, Machine M2, Start: 4175.0, End: 4187.0, Setup: 20
2025-04-10 12:14:16,762 - JSPGymEnvironment - INFO - Job J1 completed at time 4187.0, deadline: 2790, met: False, priority: 7
2025-04-10 12:14:16,788 - JSPGymEnvironment - INFO - Material change on machine M3: Racebike_Bremsen_justiert -> Mountainbike_Fahrrad_endmontiert, setup time: 15
2025-04-10 12:14:16,788 - JSPGymEnvironment - INFO - Executed operation: Job J20, Op 6, Machine M3, Start: 4202.0, End: 4242.0, Setup: 15
2025-04-10 12:14:16,788 - JSPGymEnvironment - INFO - Job J20 completed at time 4242.0, deadline: 2744, met: False, priority: 3
2025-04-10 12:14:16,950 - JSPGymEnvironment - INFO - Material change on machine M3: Mountainbike_Fahrrad_endmontiert -> Racebike_Fahrrad_endmontiert, setup time: 15
2025-04-10 12:14:16,950 - JSPGymEnvironment - INFO - Executed operation: Job J6, Op 4, Machine M3, Start: 4257.0, End: 4298.0, Setup: 15
2025-04-10 12:14:16,950 - JSPGymEnvironment - INFO - Job J6 completed at time 4298.0, deadline: 2880, met: False, priority: 10
2025-04-10 12:14:16,977 - JSPGymEnvironment - INFO - Material change on machine M2: Racebike_Fahrrad_endmontiert -> E-Bike_Fahrrad_endmontiert, setup time: 20
2025-04-10 12:14:16,977 - JSPGymEnvironment - INFO - Executed operation: Job J19, Op 6, Machine M2, Start: 4318.0, End: 4343.0, Setup: 20
2025-04-10 12:14:16,977 - JSPGymEnvironment - INFO - Job J19 completed at time 4343.0, deadline: 2737, met: False, priority: 8
2025-04-10 12:14:17,004 - JSPGymEnvironment - INFO - Material change on machine M2: E-Bike_Fahrrad_endmontiert -> Citybike_Rahmen_nachbearbeitet, setup time: 20
2025-04-10 12:14:17,004 - JSPGymEnvironment - INFO - Executed operation: Job J9, Op 4, Machine M2, Start: 4363.0, End: 4375.0, Setup: 20
2025-04-10 12:14:17,031 - JSPGymEnvironment - INFO - Material change on machine M2: Citybike_Rahmen_nachbearbeitet -> E-Bike_Schaltauge_bearbeitet, setup time: 20
2025-04-10 12:14:17,032 - JSPGymEnvironment - INFO - Executed operation: Job J13, Op 1, Machine M2, Start: 4395.0, End: 4418.0, Setup: 20
2025-04-10 12:14:17,062 - JSPGymEnvironment - INFO - Material change on machine M2: E-Bike_Schaltauge_bearbeitet -> Citybike_Rahmen_nachbearbeitet, setup time: 20
2025-04-10 12:14:17,062 - JSPGymEnvironment - INFO - Executed operation: Job J14, Op 5, Machine M2, Start: 4438.0, End: 4468.0, Setup: 20
2025-04-10 12:14:17,093 - JSPGymEnvironment - INFO - Material change on machine M2: Citybike_Rahmen_nachbearbeitet -> Racebike_Rahmen_nachbearbeitet, setup time: 20
2025-04-10 12:14:17,093 - JSPGymEnvironment - INFO - Executed operation: Job J10, Op 4, Machine M2, Start: 4488.0, End: 4499.0, Setup: 20
2025-04-10 12:14:17,123 - JSPGymEnvironment - INFO - Material change on machine M3: Racebike_Fahrrad_endmontiert -> Citybike_Fahrrad_endmontiert, setup time: 15
2025-04-10 12:14:17,123 - JSPGymEnvironment - INFO - Executed operation: Job J9, Op 5, Machine M3, Start: 4514.0, End: 4565.0, Setup: 15
2025-04-10 12:14:17,152 - JSPGymEnvironment - INFO - Executed operation: Job J10, Op 5, Machine M2, Start: 4580.0, End: 4598.0, Setup: 15
2025-04-10 12:14:17,183 - JSPGymEnvironment - INFO - Material change on machine M2: Racebike_Rahmen_nachbearbeitet -> Racebike_Fahrrad_endmontiert, setup time: 20
2025-04-10 12:14:17,184 - JSPGymEnvironment - INFO - Executed operation: Job J7, Op 7, Machine M2, Start: 4618.0, End: 4643.0, Setup: 20
2025-04-10 12:14:17,184 - JSPGymEnvironment - INFO - Job J7 completed at time 4643.0, deadline: 2880, met: False, priority: 9
2025-04-10 12:14:17,212 - JSPGymEnvironment - INFO - Executed operation: Job J9, Op 6, Machine M3, Start: 4653.0, End: 4676.0, Setup: 10
2025-04-10 12:14:17,212 - JSPGymEnvironment - INFO - Job J9 completed at time 4676.0, deadline: 2880, met: False, priority: 8
2025-04-10 12:14:17,238 - JSPGymEnvironment - INFO - Material change on machine M2: Racebike_Fahrrad_endmontiert -> Citybike_Schaltauge_bearbeitet, setup time: 20
2025-04-10 12:14:17,238 - JSPGymEnvironment - INFO - Executed operation: Job J17, Op 1, Machine M2, Start: 4696.0, End: 4716.0, Setup: 20
2025-04-10 12:14:17,265 - JSPGymEnvironment - INFO - Material change on machine M3: Citybike_Fahrrad_endmontiert -> Citybike_Antrieb_installiert, setup time: 15
2025-04-10 12:14:17,265 - JSPGymEnvironment - INFO - Executed operation: Job J17, Op 2, Machine M3, Start: 4731.0, End: 4765.0, Setup: 15
2025-04-10 12:14:17,291 - JSPGymEnvironment - INFO - Material change on machine M2: Citybike_Schaltauge_bearbeitet -> Racebike_Rahmen_nachbearbeitet, setup time: 20
2025-04-10 12:14:17,292 - JSPGymEnvironment - INFO - Executed operation: Job J10, Op 6, Machine M2, Start: 4785.0, End: 4796.0, Setup: 20
2025-04-10 12:14:17,462 - JSPGymEnvironment - INFO - Material change on machine M2: Racebike_Rahmen_nachbearbeitet -> Citybike_Rahmen_nachbearbeitet, setup time: 20
2025-04-10 12:14:17,463 - JSPGymEnvironment - INFO - Executed operation: Job J14, Op 6, Machine M2, Start: 4816.0, End: 4840.0, Setup: 20
2025-04-10 12:14:17,489 - JSPGymEnvironment - INFO - Material change on machine M2: Citybike_Rahmen_nachbearbeitet -> Citybike_Fahrrad_endmontiert, setup time: 20
2025-04-10 12:14:17,489 - JSPGymEnvironment - INFO - Executed operation: Job J14, Op 7, Machine M2, Start: 4860.0, End: 4881.0, Setup: 20
2025-04-10 12:14:17,489 - JSPGymEnvironment - INFO - Job J14 completed at time 4881.0, deadline: 2880, met: False, priority: 3
2025-04-10 12:14:17,516 - JSPGymEnvironment - INFO - Material change on machine M2: Citybike_Fahrrad_endmontiert -> Mountainbike_Schaltauge_bearbeitet, setup time: 20
2025-04-10 12:14:17,516 - JSPGymEnvironment - INFO - Executed operation: Job J12, Op 1, Machine M2, Start: 4901.0, End: 4923.0, Setup: 20
2025-04-10 12:14:17,542 - JSPGymEnvironment - INFO - Material change on machine M2: Mountainbike_Schaltauge_bearbeitet -> Racebike_Fahrrad_endmontiert, setup time: 20
2025-04-10 12:14:17,542 - JSPGymEnvironment - INFO - Executed operation: Job J10, Op 7, Machine M2, Start: 4943.0, End: 4955.0, Setup: 20
2025-04-10 12:14:17,543 - JSPGymEnvironment - INFO - Job J10 completed at time 4955.0, deadline: 2880, met: False, priority: 9
2025-04-10 12:14:17,568 - JSPGymEnvironment - INFO - Material change on machine M3: Citybike_Antrieb_installiert -> Mountainbike_Antrieb_installiert, setup time: 15
2025-04-10 12:14:17,568 - JSPGymEnvironment - INFO - Executed operation: Job J12, Op 2, Machine M3, Start: 4970.0, End: 5015.0, Setup: 15
2025-04-10 12:14:17,596 - JSPGymEnvironment - INFO - Material change on machine M2: Racebike_Fahrrad_endmontiert -> Mountainbike_Bremsaufnahme_gebohrt, setup time: 20
2025-04-10 12:14:17,596 - JSPGymEnvironment - INFO - Executed operation: Job J12, Op 3, Machine M2, Start: 5035.0, End: 5061.0, Setup: 20
2025-04-10 12:14:17,623 - JSPGymEnvironment - INFO - Material change on machine M2: Mountainbike_Bremsaufnahme_gebohrt -> Mountainbike_Rahmen_nachbearbeitet, setup time: 20
2025-04-10 12:14:17,623 - JSPGymEnvironment - INFO - Executed operation: Job J12, Op 4, Machine M2, Start: 5081.0, End: 5109.0, Setup: 20
2025-04-10 12:14:17,649 - JSPGymEnvironment - INFO - Executed operation: Job J12, Op 5, Machine M2, Start: 5124.0, End: 5152.0, Setup: 15
2025-04-10 12:14:17,675 - JSPGymEnvironment - INFO - Material change on machine M2: Mountainbike_Rahmen_nachbearbeitet -> Mountainbike_Fahrrad_endmontiert, setup time: 20
2025-04-10 12:14:17,675 - JSPGymEnvironment - INFO - Executed operation: Job J12, Op 6, Machine M2, Start: 5172.0, End: 5194.0, Setup: 20
2025-04-10 12:14:17,675 - JSPGymEnvironment - INFO - Job J12 completed at time 5194.0, deadline: 2863, met: False, priority: 2
2025-04-10 12:14:17,701 - JSPGymEnvironment - INFO - Material change on machine M3: Mountainbike_Antrieb_installiert -> Citybike_Bremsen_justiert, setup time: 15
2025-04-10 12:14:17,701 - JSPGymEnvironment - INFO - Executed operation: Job J17, Op 3, Machine M3, Start: 5209.0, End: 5235.0, Setup: 15
2025-04-10 12:14:17,727 - JSPGymEnvironment - INFO - Material change on machine M1: Mountainbike_Hauptrahmen_zugeschnitten -> Citybike_Hauptrahmen_zugeschnitten, setup time: 40
2025-04-10 12:14:17,727 - JSPGymEnvironment - INFO - Executed operation: Job J2, Op 0, Machine M1, Start: 5275.0, End: 5291.0, Setup: 40
2025-04-10 12:14:17,754 - JSPGymEnvironment - INFO - Material change on machine M2: Mountainbike_Fahrrad_endmontiert -> Mountainbike_Schaltauge_bearbeitet, setup time: 20
2025-04-10 12:14:17,754 - JSPGymEnvironment - INFO - Executed operation: Job J18, Op 1, Machine M2, Start: 5311.0, End: 5331.0, Setup: 20
2025-04-10 12:14:17,780 - JSPGymEnvironment - INFO - Material change on machine M3: Citybike_Bremsen_justiert -> Citybike_Fahrrad_endmontiert, setup time: 15
2025-04-10 12:14:17,780 - JSPGymEnvironment - INFO - Executed operation: Job J17, Op 4, Machine M3, Start: 5346.0, End: 5396.0, Setup: 15
2025-04-10 12:14:17,806 - JSPGymEnvironment - INFO - Material change on machine M2: Mountainbike_Schaltauge_bearbeitet -> Citybike_Schaltauge_bearbeitet, setup time: 20
2025-04-10 12:14:17,806 - JSPGymEnvironment - INFO - Executed operation: Job J2, Op 1, Machine M2, Start: 5416.0, End: 5426.0, Setup: 20
2025-04-10 12:14:17,832 - JSPGymEnvironment - INFO - Material change on machine M3: Citybike_Fahrrad_endmontiert -> Citybike_Antrieb_installiert, setup time: 15
2025-04-10 12:14:17,833 - JSPGymEnvironment - INFO - Executed operation: Job J2, Op 2, Machine M3, Start: 5441.0, End: 5469.0, Setup: 15
2025-04-10 12:14:17,997 - JSPGymEnvironment - INFO - Material change on machine M3: Citybike_Antrieb_installiert -> Citybike_Fahrrad_endmontiert, setup time: 15
2025-04-10 12:14:17,997 - JSPGymEnvironment - INFO - Executed operation: Job J17, Op 5, Machine M3, Start: 5484.0, End: 5543.0, Setup: 15
2025-04-10 12:14:18,023 - JSPGymEnvironment - INFO - Material change on machine M3: Citybike_Fahrrad_endmontiert -> Mountainbike_Antrieb_installiert, setup time: 15
2025-04-10 12:14:18,024 - JSPGymEnvironment - INFO - Executed operation: Job J18, Op 2, Machine M3, Start: 5558.0, End: 5587.0, Setup: 15
2025-04-10 12:14:18,050 - JSPGymEnvironment - INFO - Material change on machine M3: Mountainbike_Antrieb_installiert -> E-Bike_Antrieb_installiert, setup time: 15
2025-04-10 12:14:18,050 - JSPGymEnvironment - INFO - Executed operation: Job J13, Op 2, Machine M3, Start: 5602.0, End: 5655.0, Setup: 15
2025-04-10 12:14:18,077 - JSPGymEnvironment - INFO - Material change on machine M2: Citybike_Schaltauge_bearbeitet -> Citybike_Bremsaufnahme_gebohrt, setup time: 20
2025-04-10 12:14:18,077 - JSPGymEnvironment - INFO - Executed operation: Job J2, Op 3, Machine M2, Start: 5675.0, End: 5696.0, Setup: 20
2025-04-10 12:14:18,104 - JSPGymEnvironment - INFO - Material change on machine M2: Citybike_Bremsaufnahme_gebohrt -> Citybike_Rahmen_nachbearbeitet, setup time: 20
2025-04-10 12:14:18,104 - JSPGymEnvironment - INFO - Executed operation: Job J2, Op 4, Machine M2, Start: 5716.0, End: 5740.0, Setup: 20
2025-04-10 12:14:18,130 - JSPGymEnvironment - INFO - Material change on machine M2: Citybike_Rahmen_nachbearbeitet -> E-Bike_Bremsaufnahme_gebohrt, setup time: 20
2025-04-10 12:14:18,130 - JSPGymEnvironment - INFO - Executed operation: Job J13, Op 3, Machine M2, Start: 5760.0, End: 5782.0, Setup: 20
2025-04-10 12:14:18,156 - JSPGymEnvironment - INFO - Material change on machine M3: E-Bike_Antrieb_installiert -> Mountainbike_Bremsen_justiert, setup time: 15
2025-04-10 12:14:18,156 - JSPGymEnvironment - INFO - Executed operation: Job J18, Op 3, Machine M3, Start: 5797.0, End: 5852.0, Setup: 15
2025-04-10 12:14:18,183 - JSPGymEnvironment - INFO - Material change on machine M3: Mountainbike_Bremsen_justiert -> Citybike_Fahrrad_endmontiert, setup time: 15
2025-04-10 12:14:18,183 - JSPGymEnvironment - INFO - Executed operation: Job J2, Op 5, Machine M3, Start: 5867.0, End: 5888.0, Setup: 15
2025-04-10 12:14:18,183 - JSPGymEnvironment - INFO - Job J2 completed at time 5888.0, deadline: 2880, met: False, priority: 3
2025-04-10 12:14:18,213 - JSPGymEnvironment - INFO - Material change on machine M3: Citybike_Fahrrad_endmontiert -> E-Bike_Fahrrad_endmontiert, setup time: 15
2025-04-10 12:14:18,213 - JSPGymEnvironment - INFO - Executed operation: Job J13, Op 4, Machine M3, Start: 5903.0, End: 5956.0, Setup: 15
2025-04-10 12:14:18,213 - JSPGymEnvironment - INFO - Job J13 completed at time 5956.0, deadline: 2863, met: False, priority: 7
2025-04-10 12:14:18,241 - JSPGymEnvironment - INFO - Material change on machine M1: Citybike_Hauptrahmen_zugeschnitten -> Mountainbike_Hauptrahmen_zugeschnitten, setup time: 40
2025-04-10 12:14:18,242 - JSPGymEnvironment - INFO - Executed operation: Job J5, Op 0, Machine M1, Start: 5996.0, End: 6032.0, Setup: 40
2025-04-10 12:14:18,275 - JSPGymEnvironment - INFO - Material change on machine M2: E-Bike_Bremsaufnahme_gebohrt -> Mountainbike_Fahrrad_endmontiert, setup time: 20
2025-04-10 12:14:18,275 - JSPGymEnvironment - INFO - Executed operation: Job J18, Op 4, Machine M2, Start: 6052.0, End: 6065.0, Setup: 20
2025-04-10 12:14:18,276 - JSPGymEnvironment - INFO - Job J18 completed at time 6065.0, deadline: 2880, met: False, priority: 6
2025-04-10 12:14:18,307 - JSPGymEnvironment - INFO - Material change on machine M3: E-Bike_Fahrrad_endmontiert -> Citybike_Fahrrad_endmontiert, setup time: 15
2025-04-10 12:14:18,307 - JSPGymEnvironment - INFO - Executed operation: Job J17, Op 6, Machine M3, Start: 6080.0, End: 6105.0, Setup: 15
2025-04-10 12:14:18,307 - JSPGymEnvironment - INFO - Job J17 completed at time 6105.0, deadline: 2880, met: False, priority: 6
2025-04-10 12:14:18,337 - JSPGymEnvironment - INFO - Material change on machine M2: Mountainbike_Fahrrad_endmontiert -> Mountainbike_Schaltauge_bearbeitet, setup time: 20
2025-04-10 12:14:18,337 - JSPGymEnvironment - INFO - Executed operation: Job J5, Op 1, Machine M2, Start: 6125.0, End: 6140.0, Setup: 20
2025-04-10 12:14:18,366 - JSPGymEnvironment - INFO - Material change on machine M3: Citybike_Fahrrad_endmontiert -> Mountainbike_Antrieb_installiert, setup time: 15
2025-04-10 12:14:18,366 - JSPGymEnvironment - INFO - Executed operation: Job J5, Op 2, Machine M3, Start: 6155.0, End: 6180.0, Setup: 15
2025-04-10 12:14:18,531 - JSPGymEnvironment - INFO - Material change on machine M2: Mountainbike_Schaltauge_bearbeitet -> Mountainbike_Bremsaufnahme_gebohrt, setup time: 20
2025-04-10 12:14:18,531 - JSPGymEnvironment - INFO - Executed operation: Job J5, Op 3, Machine M2, Start: 6200.0, End: 6215.0, Setup: 20
2025-04-10 12:14:18,557 - JSPGymEnvironment - INFO - Material change on machine M2: Mountainbike_Bremsaufnahme_gebohrt -> Mountainbike_Rahmen_nachbearbeitet, setup time: 20
2025-04-10 12:14:18,557 - JSPGymEnvironment - INFO - Executed operation: Job J5, Op 4, Machine M2, Start: 6235.0, End: 6265.0, Setup: 20
2025-04-10 12:14:18,583 - JSPGymEnvironment - INFO - Material change on machine M2: Mountainbike_Rahmen_nachbearbeitet -> Mountainbike_Fahrrad_endmontiert, setup time: 20
2025-04-10 12:14:18,583 - JSPGymEnvironment - INFO - Executed operation: Job J5, Op 5, Machine M2, Start: 6285.0, End: 6307.0, Setup: 20
2025-04-10 12:14:18,583 - JSPGymEnvironment - INFO - Job J5 completed at time 6307.0, deadline: 2880, met: False, priority: 1
2025-04-10 12:15:19,264 - JSPGymEnvironment - INFO - Environment reset
2025-04-10 12:15:19,291 - JSPGymEnvironment - INFO - Material change on machine M1:  -> E-Bike_Hauptrahmen_zugeschnitten, setup time: 0
2025-04-10 12:15:19,292 - JSPGymEnvironment - INFO - Executed operation: Job J19, Op 0, Machine M1, Start: 0.0, End: 15.0, Setup: 0
2025-04-10 12:15:19,462 - JSPGymEnvironment - INFO - Material change on machine M1: E-Bike_Hauptrahmen_zugeschnitten -> Citybike_Hauptrahmen_zugeschnitten, setup time: 40
2025-04-10 12:15:19,463 - JSPGymEnvironment - INFO - Executed operation: Job J11, Op 0, Machine M1, Start: 55.0, End: 86.0, Setup: 40
2025-04-10 12:15:19,493 - JSPGymEnvironment - INFO - Material change on machine M2:  -> Citybike_Schaltauge_bearbeitet, setup time: 0
2025-04-10 12:15:19,493 - JSPGymEnvironment - INFO - Executed operation: Job J11, Op 1, Machine M2, Start: 86.0, End: 99.0, Setup: 0
2025-04-10 12:15:19,525 - JSPGymEnvironment - INFO - Material change on machine M1: Citybike_Hauptrahmen_zugeschnitten -> Racebike_Hauptrahmen_zugeschnitten, setup time: 40
2025-04-10 12:15:19,525 - JSPGymEnvironment - INFO - Executed operation: Job J16, Op 0, Machine M1, Start: 139.0, End: 165.0, Setup: 40
2025-04-10 12:15:19,557 - JSPGymEnvironment - INFO - Material change on machine M1: Racebike_Hauptrahmen_zugeschnitten -> Citybike_Hauptrahmen_zugeschnitten, setup time: 40
2025-04-10 12:15:19,557 - JSPGymEnvironment - INFO - Executed operation: Job J8, Op 0, Machine M1, Start: 205.0, End: 224.0, Setup: 40
2025-04-10 12:15:19,585 - JSPGymEnvironment - INFO - Material change on machine M2: Citybike_Schaltauge_bearbeitet -> Racebike_Schaltauge_bearbeitet, setup time: 20
2025-04-10 12:15:19,585 - JSPGymEnvironment - INFO - Executed operation: Job J16, Op 1, Machine M2, Start: 244.0, End: 259.0, Setup: 20
2025-04-10 12:15:19,613 - JSPGymEnvironment - INFO - Material change on machine M1: Citybike_Hauptrahmen_zugeschnitten -> E-Bike_Hauptrahmen_zugeschnitten, setup time: 40
2025-04-10 12:15:19,613 - JSPGymEnvironment - INFO - Executed operation: Job J13, Op 0, Machine M1, Start: 299.0, End: 340.0, Setup: 40
2025-04-10 12:15:19,639 - JSPGymEnvironment - INFO - Executed operation: Job J3, Op 0, Machine M1, Start: 365.0, End: 399.0, Setup: 25
2025-04-10 12:15:19,666 - JSPGymEnvironment - INFO - Material change on machine M2: Racebike_Schaltauge_bearbeitet -> Citybike_Schaltauge_bearbeitet, setup time: 20
2025-04-10 12:15:19,666 - JSPGymEnvironment - INFO - Executed operation: Job J8, Op 1, Machine M2, Start: 419.0, End: 432.0, Setup: 20
2025-04-10 12:15:19,692 - JSPGymEnvironment - INFO - Material change on machine M1: E-Bike_Hauptrahmen_zugeschnitten -> Racebike_Hauptrahmen_zugeschnitten, setup time: 40
2025-04-10 12:15:19,692 - JSPGymEnvironment - INFO - Executed operation: Job J7, Op 0, Machine M1, Start: 472.0, End: 507.0, Setup: 40
2025-04-10 12:15:19,718 - JSPGymEnvironment - INFO - Material change on machine M1: Racebike_Hauptrahmen_zugeschnitten -> Mountainbike_Hauptrahmen_zugeschnitten, setup time: 40
2025-04-10 12:15:19,718 - JSPGymEnvironment - INFO - Executed operation: Job J20, Op 0, Machine M1, Start: 547.0, End: 566.0, Setup: 40
2025-04-10 12:15:19,744 - JSPGymEnvironment - INFO - Material change on machine M3:  -> Racebike_Antrieb_installiert, setup time: 0
2025-04-10 12:15:19,744 - JSPGymEnvironment - INFO - Executed operation: Job J16, Op 2, Machine M3, Start: 566.0, End: 596.0, Setup: 0
2025-04-10 12:15:19,770 - JSPGymEnvironment - INFO - Material change on machine M1: Mountainbike_Hauptrahmen_zugeschnitten -> Citybike_Hauptrahmen_zugeschnitten, setup time: 40
2025-04-10 12:15:19,770 - JSPGymEnvironment - INFO - Executed operation: Job J17, Op 0, Machine M1, Start: 636.0, End: 674.0, Setup: 40
2025-04-10 12:15:19,796 - JSPGymEnvironment - INFO - Material change on machine M3: Racebike_Antrieb_installiert -> Citybike_Antrieb_installiert, setup time: 15
2025-04-10 12:15:19,796 - JSPGymEnvironment - INFO - Executed operation: Job J8, Op 2, Machine M3, Start: 689.0, End: 743.0, Setup: 15
2025-04-10 12:15:19,822 - JSPGymEnvironment - INFO - Material change on machine M2: Citybike_Schaltauge_bearbeitet -> Racebike_Schaltauge_bearbeitet, setup time: 20
2025-04-10 12:15:19,822 - JSPGymEnvironment - INFO - Executed operation: Job J7, Op 1, Machine M2, Start: 763.0, End: 786.0, Setup: 20
2025-04-10 12:15:19,987 - JSPGymEnvironment - INFO - Material change on machine M2: Racebike_Schaltauge_bearbeitet -> Racebike_Bremsaufnahme_gebohrt, setup time: 20
2025-04-10 12:15:19,987 - JSPGymEnvironment - INFO - Executed operation: Job J16, Op 3, Machine M2, Start: 806.0, End: 829.0, Setup: 20
2025-04-10 12:15:20,013 - JSPGymEnvironment - INFO - Material change on machine M1: Citybike_Hauptrahmen_zugeschnitten -> Racebike_Hauptrahmen_zugeschnitten, setup time: 40
2025-04-10 12:15:20,013 - JSPGymEnvironment - INFO - Executed operation: Job J4, Op 0, Machine M1, Start: 869.0, End: 894.0, Setup: 40
2025-04-10 12:15:20,039 - JSPGymEnvironment - INFO - Material change on machine M2: Racebike_Bremsaufnahme_gebohrt -> E-Bike_Schaltauge_bearbeitet, setup time: 20
2025-04-10 12:15:20,039 - JSPGymEnvironment - INFO - Executed operation: Job J19, Op 1, Machine M2, Start: 914.0, End: 944.0, Setup: 20
2025-04-10 12:15:20,065 - JSPGymEnvironment - INFO - Executed operation: Job J15, Op 0, Machine M1, Start: 969.0, End: 992.0, Setup: 25
2025-04-10 12:15:20,091 - JSPGymEnvironment - INFO - Material change on machine M2: E-Bike_Schaltauge_bearbeitet -> Mountainbike_Schaltauge_bearbeitet, setup time: 20
2025-04-10 12:15:20,092 - JSPGymEnvironment - INFO - Executed operation: Job J20, Op 1, Machine M2, Start: 1012.0, End: 1037.0, Setup: 20
2025-04-10 12:15:20,118 - JSPGymEnvironment - INFO - Material change on machine M1: Racebike_Hauptrahmen_zugeschnitten -> Mountainbike_Hauptrahmen_zugeschnitten, setup time: 40
2025-04-10 12:15:20,118 - JSPGymEnvironment - INFO - Executed operation: Job J12, Op 0, Machine M1, Start: 1077.0, End: 1108.0, Setup: 40
2025-04-10 12:15:20,144 - JSPGymEnvironment - INFO - Material change on machine M2: Mountainbike_Schaltauge_bearbeitet -> Racebike_Rahmen_nachbearbeitet, setup time: 20
2025-04-10 12:15:20,144 - JSPGymEnvironment - INFO - Executed operation: Job J16, Op 4, Machine M2, Start: 1128.0, End: 1142.0, Setup: 20
2025-04-10 12:15:20,170 - JSPGymEnvironment - INFO - Material change on machine M1: Mountainbike_Hauptrahmen_zugeschnitten -> Racebike_Hauptrahmen_zugeschnitten, setup time: 40
2025-04-10 12:15:20,170 - JSPGymEnvironment - INFO - Executed operation: Job J6, Op 0, Machine M1, Start: 1182.0, End: 1218.0, Setup: 40
2025-04-10 12:15:20,196 - JSPGymEnvironment - INFO - Material change on machine M3: Citybike_Antrieb_installiert -> Citybike_Bremsen_justiert, setup time: 15
2025-04-10 12:15:20,196 - JSPGymEnvironment - INFO - Executed operation: Job J8, Op 3, Machine M3, Start: 1233.0, End: 1291.0, Setup: 15
2025-04-10 12:15:20,223 - JSPGymEnvironment - INFO - Material change on machine M3: Citybike_Bremsen_justiert -> Citybike_Fahrrad_endmontiert, setup time: 15
2025-04-10 12:15:20,223 - JSPGymEnvironment - INFO - Executed operation: Job J8, Op 4, Machine M3, Start: 1306.0, End: 1355.0, Setup: 15
2025-04-10 12:15:20,252 - JSPGymEnvironment - INFO - Material change on machine M2: Racebike_Rahmen_nachbearbeitet -> Racebike_Schaltauge_bearbeitet, setup time: 20
2025-04-10 12:15:20,252 - JSPGymEnvironment - INFO - Executed operation: Job J4, Op 1, Machine M2, Start: 1375.0, End: 1390.0, Setup: 20
2025-04-10 12:15:20,279 - JSPGymEnvironment - INFO - Material change on machine M3: Citybike_Fahrrad_endmontiert -> Racebike_Antrieb_installiert, setup time: 15
2025-04-10 12:15:20,279 - JSPGymEnvironment - INFO - Executed operation: Job J4, Op 2, Machine M3, Start: 1405.0, End: 1445.0, Setup: 15
2025-04-10 12:15:20,306 - JSPGymEnvironment - INFO - Material change on machine M2: Racebike_Schaltauge_bearbeitet -> Racebike_Fahrrad_endmontiert, setup time: 20
2025-04-10 12:15:20,306 - JSPGymEnvironment - INFO - Executed operation: Job J16, Op 5, Machine M2, Start: 1465.0, End: 1495.0, Setup: 20
2025-04-10 12:15:20,306 - JSPGymEnvironment - INFO - Job J16 completed at time 1495.0, deadline: 2855, met: True, priority: 7
2025-04-10 12:15:20,472 - JSPGymEnvironment - INFO - Material change on machine M2: Racebike_Fahrrad_endmontiert -> E-Bike_Schaltauge_bearbeitet, setup time: 20
2025-04-10 12:15:20,472 - JSPGymEnvironment - INFO - Executed operation: Job J3, Op 1, Machine M2, Start: 1515.0, End: 1535.0, Setup: 20
2025-04-10 12:15:20,499 - JSPGymEnvironment - INFO - Executed operation: Job J7, Op 2, Machine M3, Start: 1545.0, End: 1569.0, Setup: 10
2025-04-10 12:15:20,525 - JSPGymEnvironment - INFO - Material change on machine M2: E-Bike_Schaltauge_bearbeitet -> Racebike_Bremsaufnahme_gebohrt, setup time: 20
2025-04-10 12:15:20,526 - JSPGymEnvironment - INFO - Executed operation: Job J7, Op 3, Machine M2, Start: 1589.0, End: 1612.0, Setup: 20
2025-04-10 12:15:20,552 - JSPGymEnvironment - INFO - Material change on machine M3: Racebike_Antrieb_installiert -> E-Bike_Antrieb_installiert, setup time: 15
2025-04-10 12:15:20,552 - JSPGymEnvironment - INFO - Executed operation: Job J19, Op 2, Machine M3, Start: 1627.0, End: 1649.0, Setup: 15
2025-04-10 12:15:20,579 - JSPGymEnvironment - INFO - Executed operation: Job J3, Op 2, Machine M3, Start: 1659.0, End: 1717.0, Setup: 10
2025-04-10 12:15:20,611 - JSPGymEnvironment - INFO - Material change on machine M2: Racebike_Bremsaufnahme_gebohrt -> E-Bike_Bremsaufnahme_gebohrt, setup time: 20
2025-04-10 12:15:20,611 - JSPGymEnvironment - INFO - Executed operation: Job J19, Op 3, Machine M2, Start: 1737.0, End: 1750.0, Setup: 20
2025-04-10 12:15:20,642 - JSPGymEnvironment - INFO - Material change on machine M2: E-Bike_Bremsaufnahme_gebohrt -> Citybike_Fahrrad_endmontiert, setup time: 20
2025-04-10 12:15:20,642 - JSPGymEnvironment - INFO - Executed operation: Job J8, Op 5, Machine M2, Start: 1770.0, End: 1800.0, Setup: 20
2025-04-10 12:15:20,642 - JSPGymEnvironment - INFO - Job J8 completed at time 1800.0, deadline: 2762, met: True, priority: 5
2025-04-10 12:15:20,672 - JSPGymEnvironment - INFO - Material change on machine M2: Citybike_Fahrrad_endmontiert -> Citybike_Schaltauge_bearbeitet, setup time: 20
2025-04-10 12:15:20,672 - JSPGymEnvironment - INFO - Executed operation: Job J17, Op 1, Machine M2, Start: 1820.0, End: 1840.0, Setup: 20
2025-04-10 12:15:20,709 - JSPGymEnvironment - INFO - Material change on machine M2: Citybike_Schaltauge_bearbeitet -> E-Bike_Bremsaufnahme_gebohrt, setup time: 20
2025-04-10 12:15:20,709 - JSPGymEnvironment - INFO - Executed operation: Job J3, Op 3, Machine M2, Start: 1860.0, End: 1890.0, Setup: 20
2025-04-10 12:15:20,742 - JSPGymEnvironment - INFO - Executed operation: Job J10, Op 0, Machine M1, Start: 1915.0, End: 1947.0, Setup: 25
2025-04-10 12:15:20,769 - JSPGymEnvironment - INFO - Material change on machine M3: E-Bike_Antrieb_installiert -> Citybike_Antrieb_installiert, setup time: 15
2025-04-10 12:15:20,769 - JSPGymEnvironment - INFO - Executed operation: Job J11, Op 2, Machine M3, Start: 1962.0, End: 2004.0, Setup: 15
2025-04-10 12:15:20,796 - JSPGymEnvironment - INFO - Material change on machine M2: E-Bike_Bremsaufnahme_gebohrt -> Racebike_Schaltauge_bearbeitet, setup time: 20
2025-04-10 12:15:20,796 - JSPGymEnvironment - INFO - Executed operation: Job J10, Op 1, Machine M2, Start: 2024.0, End: 2049.0, Setup: 20
2025-04-10 12:15:20,823 - JSPGymEnvironment - INFO - Material change on machine M2: Racebike_Schaltauge_bearbeitet -> E-Bike_Rahmen_nachbearbeitet, setup time: 20
2025-04-10 12:15:20,823 - JSPGymEnvironment - INFO - Executed operation: Job J3, Op 4, Machine M2, Start: 2069.0, End: 2086.0, Setup: 20
2025-04-10 12:15:20,854 - JSPGymEnvironment - INFO - Material change on machine M3: Citybike_Antrieb_installiert -> Citybike_Bremsen_justiert, setup time: 15
2025-04-10 12:15:20,854 - JSPGymEnvironment - INFO - Executed operation: Job J11, Op 3, Machine M3, Start: 2101.0, End: 2123.0, Setup: 15
2025-04-10 12:15:20,882 - JSPGymEnvironment - INFO - Material change on machine M3: Citybike_Bremsen_justiert -> Citybike_Antrieb_installiert, setup time: 15
2025-04-10 12:15:20,882 - JSPGymEnvironment - INFO - Executed operation: Job J17, Op 2, Machine M3, Start: 2138.0, End: 2172.0, Setup: 15
2025-04-10 12:15:21,050 - JSPGymEnvironment - INFO - Material change on machine M1: Racebike_Hauptrahmen_zugeschnitten -> Citybike_Hauptrahmen_zugeschnitten, setup time: 40
2025-04-10 12:15:21,050 - JSPGymEnvironment - INFO - Executed operation: Job J9, Op 0, Machine M1, Start: 2212.0, End: 2252.0, Setup: 40
2025-04-10 12:15:21,078 - JSPGymEnvironment - INFO - Material change on machine M2: E-Bike_Rahmen_nachbearbeitet -> Racebike_Rahmen_nachbearbeitet, setup time: 20
2025-04-10 12:15:21,078 - JSPGymEnvironment - INFO - Executed operation: Job J7, Op 4, Machine M2, Start: 2272.0, End: 2298.0, Setup: 20
2025-04-10 12:15:21,105 - JSPGymEnvironment - INFO - Material change on machine M2: Racebike_Rahmen_nachbearbeitet -> Racebike_Bremsaufnahme_gebohrt, setup time: 20
2025-04-10 12:15:21,105 - JSPGymEnvironment - INFO - Executed operation: Job J4, Op 3, Machine M2, Start: 2318.0, End: 2332.0, Setup: 20
2025-04-10 12:15:21,131 - JSPGymEnvironment - INFO - Material change on machine M2: Racebike_Bremsaufnahme_gebohrt -> Racebike_Rahmen_nachbearbeitet, setup time: 20
2025-04-10 12:15:21,131 - JSPGymEnvironment - INFO - Executed operation: Job J4, Op 4, Machine M2, Start: 2352.0, End: 2377.0, Setup: 20
2025-04-10 12:15:21,157 - JSPGymEnvironment - INFO - Material change on machine M3: Citybike_Antrieb_installiert -> Citybike_Fahrrad_endmontiert, setup time: 15
2025-04-10 12:15:21,157 - JSPGymEnvironment - INFO - Executed operation: Job J11, Op 4, Machine M3, Start: 2392.0, End: 2431.0, Setup: 15
2025-04-10 12:15:21,183 - JSPGymEnvironment - INFO - Material change on machine M2: Racebike_Rahmen_nachbearbeitet -> E-Bike_Rahmen_nachbearbeitet, setup time: 20
2025-04-10 12:15:21,183 - JSPGymEnvironment - INFO - Executed operation: Job J3, Op 5, Machine M2, Start: 2451.0, End: 2472.0, Setup: 20
2025-04-10 12:15:21,209 - JSPGymEnvironment - INFO - Material change on machine M2: E-Bike_Rahmen_nachbearbeitet -> Racebike_Schaltauge_bearbeitet, setup time: 20
2025-04-10 12:15:21,209 - JSPGymEnvironment - INFO - Executed operation: Job J15, Op 1, Machine M2, Start: 2492.0, End: 2505.0, Setup: 20
2025-04-10 12:15:21,237 - JSPGymEnvironment - INFO - Material change on machine M2: Racebike_Schaltauge_bearbeitet -> Citybike_Schaltauge_bearbeitet, setup time: 20
2025-04-10 12:15:21,237 - JSPGymEnvironment - INFO - Executed operation: Job J9, Op 1, Machine M2, Start: 2525.0, End: 2541.0, Setup: 20
2025-04-10 12:15:21,264 - JSPGymEnvironment - INFO - Material change on machine M2: Citybike_Schaltauge_bearbeitet -> Racebike_Rahmen_nachbearbeitet, setup time: 20
2025-04-10 12:15:21,264 - JSPGymEnvironment - INFO - Executed operation: Job J7, Op 5, Machine M2, Start: 2561.0, End: 2579.0, Setup: 20
2025-04-10 12:15:21,290 - JSPGymEnvironment - INFO - Material change on machine M3: Citybike_Fahrrad_endmontiert -> Racebike_Antrieb_installiert, setup time: 15
2025-04-10 12:15:21,290 - JSPGymEnvironment - INFO - Executed operation: Job J10, Op 2, Machine M3, Start: 2594.0, End: 2633.0, Setup: 15
2025-04-10 12:15:21,316 - JSPGymEnvironment - INFO - Material change on machine M3: Racebike_Antrieb_installiert -> Citybike_Antrieb_installiert, setup time: 15
2025-04-10 12:15:21,316 - JSPGymEnvironment - INFO - Executed operation: Job J9, Op 2, Machine M3, Start: 2648.0, End: 2702.0, Setup: 15
2025-04-10 12:15:21,343 - JSPGymEnvironment - INFO - Material change on machine M3: Citybike_Antrieb_installiert -> Citybike_Bremsen_justiert, setup time: 15
2025-04-10 12:15:21,343 - JSPGymEnvironment - INFO - Executed operation: Job J17, Op 3, Machine M3, Start: 2717.0, End: 2743.0, Setup: 15
2025-04-10 12:15:21,369 - JSPGymEnvironment - INFO - Material change on machine M2: Racebike_Rahmen_nachbearbeitet -> E-Bike_Fahrrad_endmontiert, setup time: 20
2025-04-10 12:15:21,369 - JSPGymEnvironment - INFO - Executed operation: Job J3, Op 6, Machine M2, Start: 2763.0, End: 2773.0, Setup: 20
2025-04-10 12:15:21,369 - JSPGymEnvironment - INFO - Job J3 completed at time 2773.0, deadline: 2862, met: True, priority: 8
2025-04-10 12:15:21,396 - JSPGymEnvironment - INFO - Material change on machine M1: Citybike_Hauptrahmen_zugeschnitten -> Racebike_Hauptrahmen_zugeschnitten, setup time: 40
2025-04-10 12:15:21,396 - JSPGymEnvironment - INFO - Executed operation: Job J1, Op 0, Machine M1, Start: 2813.0, End: 2853.0, Setup: 40
2025-04-10 12:15:21,560 - JSPGymEnvironment - INFO - Material change on machine M2: E-Bike_Fahrrad_endmontiert -> Racebike_Rahmen_nachbearbeitet, setup time: 20
2025-04-10 12:15:21,561 - JSPGymEnvironment - INFO - Executed operation: Job J4, Op 5, Machine M2, Start: 2873.0, End: 2897.0, Setup: 20
2025-04-10 12:15:21,588 - JSPGymEnvironment - INFO - Material change on machine M2: Racebike_Rahmen_nachbearbeitet -> Racebike_Bremsaufnahme_gebohrt, setup time: 20
2025-04-10 12:15:21,588 - JSPGymEnvironment - INFO - Executed operation: Job J10, Op 3, Machine M2, Start: 2917.0, End: 2939.0, Setup: 20
2025-04-10 12:15:21,616 - JSPGymEnvironment - INFO - Material change on machine M2: Racebike_Bremsaufnahme_gebohrt -> E-Bike_Rahmen_nachbearbeitet, setup time: 20
2025-04-10 12:15:21,616 - JSPGymEnvironment - INFO - Executed operation: Job J19, Op 4, Machine M2, Start: 2959.0, End: 2976.0, Setup: 20
2025-04-10 12:15:21,643 - JSPGymEnvironment - INFO - Material change on machine M2: E-Bike_Rahmen_nachbearbeitet -> Racebike_Rahmen_nachbearbeitet, setup time: 20
2025-04-10 12:15:21,643 - JSPGymEnvironment - INFO - Executed operation: Job J7, Op 6, Machine M2, Start: 2996.0, End: 3011.0, Setup: 20
2025-04-10 12:15:21,669 - JSPGymEnvironment - INFO - Material change on machine M3: Citybike_Bremsen_justiert -> Racebike_Fahrrad_endmontiert, setup time: 15
2025-04-10 12:15:21,669 - JSPGymEnvironment - INFO - Executed operation: Job J4, Op 6, Machine M3, Start: 3026.0, End: 3052.0, Setup: 15
2025-04-10 12:15:21,669 - JSPGymEnvironment - INFO - Job J4 completed at time 3052.0, deadline: 2757, met: False, priority: 7
2025-04-10 12:15:21,696 - JSPGymEnvironment - INFO - Material change on machine M2: Racebike_Rahmen_nachbearbeitet -> E-Bike_Rahmen_nachbearbeitet, setup time: 20
2025-04-10 12:15:21,696 - JSPGymEnvironment - INFO - Executed operation: Job J19, Op 5, Machine M2, Start: 3072.0, End: 3093.0, Setup: 20
2025-04-10 12:15:21,723 - JSPGymEnvironment - INFO - Material change on machine M3: Racebike_Fahrrad_endmontiert -> Citybike_Fahrrad_endmontiert, setup time: 15
2025-04-10 12:15:21,723 - JSPGymEnvironment - INFO - Executed operation: Job J17, Op 4, Machine M3, Start: 3108.0, End: 3158.0, Setup: 15
2025-04-10 12:15:21,750 - JSPGymEnvironment - INFO - Material change on machine M3: Citybike_Fahrrad_endmontiert -> Racebike_Antrieb_installiert, setup time: 15
2025-04-10 12:15:21,750 - JSPGymEnvironment - INFO - Executed operation: Job J15, Op 2, Machine M3, Start: 3173.0, End: 3208.0, Setup: 15
2025-04-10 12:15:21,780 - JSPGymEnvironment - INFO - Material change on machine M2: E-Bike_Rahmen_nachbearbeitet -> Citybike_Rahmen_nachbearbeitet, setup time: 20
2025-04-10 12:15:21,780 - JSPGymEnvironment - INFO - Executed operation: Job J11, Op 5, Machine M2, Start: 3228.0, End: 3245.0, Setup: 20
2025-04-10 12:15:21,811 - JSPGymEnvironment - INFO - Material change on machine M1: Racebike_Hauptrahmen_zugeschnitten -> Citybike_Hauptrahmen_zugeschnitten, setup time: 40
2025-04-10 12:15:21,811 - JSPGymEnvironment - INFO - Executed operation: Job J2, Op 0, Machine M1, Start: 3285.0, End: 3301.0, Setup: 40
2025-04-10 12:15:21,844 - JSPGymEnvironment - INFO - Material change on machine M3: Racebike_Antrieb_installiert -> Racebike_Bremsen_justiert, setup time: 15
2025-04-10 12:15:21,844 - JSPGymEnvironment - INFO - Executed operation: Job J15, Op 3, Machine M3, Start: 3316.0, End: 3343.0, Setup: 15
2025-04-10 12:15:21,876 - JSPGymEnvironment - INFO - Material change on machine M2: Citybike_Rahmen_nachbearbeitet -> Racebike_Rahmen_nachbearbeitet, setup time: 20
2025-04-10 12:15:21,876 - JSPGymEnvironment - INFO - Executed operation: Job J15, Op 4, Machine M2, Start: 3363.0, End: 3383.0, Setup: 20
2025-04-10 12:15:21,909 - JSPGymEnvironment - INFO - Executed operation: Job J10, Op 4, Machine M2, Start: 3398.0, End: 3409.0, Setup: 15
2025-04-10 12:15:21,939 - JSPGymEnvironment - INFO - Material change on machine M2: Racebike_Rahmen_nachbearbeitet -> Citybike_Bremsaufnahme_gebohrt, setup time: 20
2025-04-10 12:15:21,940 - JSPGymEnvironment - INFO - Executed operation: Job J9, Op 3, Machine M2, Start: 3429.0, End: 3452.0, Setup: 20
2025-04-10 12:15:22,106 - JSPGymEnvironment - INFO - Material change on machine M2: Citybike_Bremsaufnahme_gebohrt -> Racebike_Rahmen_nachbearbeitet, setup time: 20
2025-04-10 12:15:22,106 - JSPGymEnvironment - INFO - Executed operation: Job J15, Op 5, Machine M2, Start: 3472.0, End: 3495.0, Setup: 20
2025-04-10 12:15:22,133 - JSPGymEnvironment - INFO - Material change on machine M2: Racebike_Rahmen_nachbearbeitet -> Racebike_Fahrrad_endmontiert, setup time: 20
2025-04-10 12:15:22,133 - JSPGymEnvironment - INFO - Executed operation: Job J7, Op 7, Machine M2, Start: 3515.0, End: 3540.0, Setup: 20
2025-04-10 12:15:22,133 - JSPGymEnvironment - INFO - Job J7 completed at time 3540.0, deadline: 2880, met: False, priority: 9
2025-04-10 12:15:22,160 - JSPGymEnvironment - INFO - Material change on machine M2: Racebike_Fahrrad_endmontiert -> E-Bike_Fahrrad_endmontiert, setup time: 20
2025-04-10 12:15:22,160 - JSPGymEnvironment - INFO - Executed operation: Job J19, Op 6, Machine M2, Start: 3560.0, End: 3585.0, Setup: 20
2025-04-10 12:15:22,160 - JSPGymEnvironment - INFO - Job J19 completed at time 3585.0, deadline: 2737, met: False, priority: 8
2025-04-10 12:15:22,186 - JSPGymEnvironment - INFO - Material change on machine M2: E-Bike_Fahrrad_endmontiert -> Citybike_Rahmen_nachbearbeitet, setup time: 20
2025-04-10 12:15:22,187 - JSPGymEnvironment - INFO - Executed operation: Job J11, Op 6, Machine M2, Start: 3605.0, End: 3627.0, Setup: 20
2025-04-10 12:15:22,213 - JSPGymEnvironment - INFO - Material change on machine M2: Citybike_Rahmen_nachbearbeitet -> Citybike_Fahrrad_endmontiert, setup time: 20
2025-04-10 12:15:22,213 - JSPGymEnvironment - INFO - Executed operation: Job J11, Op 7, Machine M2, Start: 3647.0, End: 3676.0, Setup: 20
2025-04-10 12:15:22,213 - JSPGymEnvironment - INFO - Job J11 completed at time 3676.0, deadline: 2880, met: False, priority: 7
2025-04-10 12:15:22,241 - JSPGymEnvironment - INFO - Material change on machine M2: Citybike_Fahrrad_endmontiert -> E-Bike_Schaltauge_bearbeitet, setup time: 20
2025-04-10 12:15:22,242 - JSPGymEnvironment - INFO - Executed operation: Job J13, Op 1, Machine M2, Start: 3696.0, End: 3719.0, Setup: 20
2025-04-10 12:15:22,267 - JSPGymEnvironment - INFO - Executed operation: Job J14, Op 0, Machine M1, Start: 3744.0, End: 3762.0, Setup: 25
2025-04-10 12:15:22,294 - JSPGymEnvironment - INFO - Material change on machine M2: E-Bike_Schaltauge_bearbeitet -> Racebike_Rahmen_nachbearbeitet, setup time: 20
2025-04-10 12:15:22,294 - JSPGymEnvironment - INFO - Executed operation: Job J10, Op 5, Machine M2, Start: 3782.0, End: 3800.0, Setup: 20
2025-04-10 12:15:22,320 - JSPGymEnvironment - INFO - Material change on machine M3: Racebike_Bremsen_justiert -> E-Bike_Antrieb_installiert, setup time: 15
2025-04-10 12:15:22,320 - JSPGymEnvironment - INFO - Executed operation: Job J13, Op 2, Machine M3, Start: 3815.0, End: 3868.0, Setup: 15
2025-04-10 12:15:22,348 - JSPGymEnvironment - INFO - Executed operation: Job J10, Op 6, Machine M2, Start: 3883.0, End: 3894.0, Setup: 15
2025-04-10 12:15:22,374 - JSPGymEnvironment - INFO - Material change on machine M3: E-Bike_Antrieb_installiert -> Racebike_Fahrrad_endmontiert, setup time: 15
2025-04-10 12:15:22,374 - JSPGymEnvironment - INFO - Executed operation: Job J15, Op 6, Machine M3, Start: 3909.0, End: 3936.0, Setup: 15
2025-04-10 12:15:22,401 - JSPGymEnvironment - INFO - Material change on machine M3: Racebike_Fahrrad_endmontiert -> Mountainbike_Antrieb_installiert, setup time: 15
2025-04-10 12:15:22,401 - JSPGymEnvironment - INFO - Executed operation: Job J20, Op 2, Machine M3, Start: 3951.0, End: 3975.0, Setup: 15
2025-04-10 12:15:22,428 - JSPGymEnvironment - INFO - Material change on machine M2: Racebike_Rahmen_nachbearbeitet -> Racebike_Schaltauge_bearbeitet, setup time: 20
2025-04-10 12:15:22,428 - JSPGymEnvironment - INFO - Executed operation: Job J6, Op 1, Machine M2, Start: 3995.0, End: 4008.0, Setup: 20
2025-04-10 12:15:22,595 - JSPGymEnvironment - INFO - Material change on machine M3: Mountainbike_Antrieb_installiert -> Mountainbike_Bremsen_justiert, setup time: 15
2025-04-10 12:15:22,595 - JSPGymEnvironment - INFO - Executed operation: Job J20, Op 3, Machine M3, Start: 4023.0, End: 4064.0, Setup: 15
2025-04-10 12:15:22,622 - JSPGymEnvironment - INFO - Material change on machine M2: Racebike_Schaltauge_bearbeitet -> Mountainbike_Rahmen_nachbearbeitet, setup time: 20
2025-04-10 12:15:22,622 - JSPGymEnvironment - INFO - Executed operation: Job J20, Op 4, Machine M2, Start: 4084.0, End: 4101.0, Setup: 20
2025-04-10 12:15:22,650 - JSPGymEnvironment - INFO - Material change on machine M2: Mountainbike_Rahmen_nachbearbeitet -> Citybike_Rahmen_nachbearbeitet, setup time: 20
2025-04-10 12:15:22,650 - JSPGymEnvironment - INFO - Executed operation: Job J9, Op 4, Machine M2, Start: 4121.0, End: 4133.0, Setup: 20
2025-04-10 12:15:22,677 - JSPGymEnvironment - INFO - Material change on machine M2: Citybike_Rahmen_nachbearbeitet -> Citybike_Schaltauge_bearbeitet, setup time: 20
2025-04-10 12:15:22,677 - JSPGymEnvironment - INFO - Executed operation: Job J14, Op 1, Machine M2, Start: 4153.0, End: 4169.0, Setup: 20
2025-04-10 12:15:22,703 - JSPGymEnvironment - INFO - Material change on machine M3: Mountainbike_Bremsen_justiert -> Citybike_Fahrrad_endmontiert, setup time: 15
2025-04-10 12:15:22,703 - JSPGymEnvironment - INFO - Executed operation: Job J9, Op 5, Machine M3, Start: 4184.0, End: 4235.0, Setup: 15
2025-04-10 12:15:22,730 - JSPGymEnvironment - INFO - Material change on machine M3: Citybike_Fahrrad_endmontiert -> Mountainbike_Fahrrad_endmontiert, setup time: 15
2025-04-10 12:15:22,730 - JSPGymEnvironment - INFO - Executed operation: Job J20, Op 5, Machine M3, Start: 4250.0, End: 4275.0, Setup: 15
2025-04-10 12:15:22,758 - JSPGymEnvironment - INFO - Material change on machine M2: Citybike_Schaltauge_bearbeitet -> Racebike_Schaltauge_bearbeitet, setup time: 20
2025-04-10 12:15:22,758 - JSPGymEnvironment - INFO - Executed operation: Job J1, Op 1, Machine M2, Start: 4295.0, End: 4311.0, Setup: 20
2025-04-10 12:15:22,785 - JSPGymEnvironment - INFO - Material change on machine M3: Mountainbike_Fahrrad_endmontiert -> Citybike_Fahrrad_endmontiert, setup time: 15
2025-04-10 12:15:22,785 - JSPGymEnvironment - INFO - Executed operation: Job J9, Op 6, Machine M3, Start: 4326.0, End: 4349.0, Setup: 15
2025-04-10 12:15:22,785 - JSPGymEnvironment - INFO - Job J9 completed at time 4349.0, deadline: 2880, met: False, priority: 8
2025-04-10 12:15:22,812 - JSPGymEnvironment - INFO - Material change on machine M3: Citybike_Fahrrad_endmontiert -> Racebike_Fahrrad_endmontiert, setup time: 15
2025-04-10 12:15:22,812 - JSPGymEnvironment - INFO - Executed operation: Job J15, Op 7, Machine M3, Start: 4364.0, End: 4410.0, Setup: 15
2025-04-10 12:15:22,812 - JSPGymEnvironment - INFO - Job J15 completed at time 4410.0, deadline: 2833, met: False, priority: 10
2025-04-10 12:15:22,839 - JSPGymEnvironment - INFO - Material change on machine M3: Racebike_Fahrrad_endmontiert -> Mountainbike_Fahrrad_endmontiert, setup time: 15
2025-04-10 12:15:22,839 - JSPGymEnvironment - INFO - Executed operation: Job J20, Op 6, Machine M3, Start: 4425.0, End: 4465.0, Setup: 15
2025-04-10 12:15:22,839 - JSPGymEnvironment - INFO - Job J20 completed at time 4465.0, deadline: 2744, met: False, priority: 3
2025-04-10 12:15:22,865 - JSPGymEnvironment - INFO - Material change on machine M3: Mountainbike_Fahrrad_endmontiert -> Racebike_Antrieb_installiert, setup time: 15
2025-04-10 12:15:22,866 - JSPGymEnvironment - INFO - Executed operation: Job J6, Op 2, Machine M3, Start: 4480.0, End: 4518.0, Setup: 15
2025-04-10 12:15:22,892 - JSPGymEnvironment - INFO - Material change on machine M2: Racebike_Schaltauge_bearbeitet -> Racebike_Fahrrad_endmontiert, setup time: 20
2025-04-10 12:15:22,892 - JSPGymEnvironment - INFO - Executed operation: Job J10, Op 7, Machine M2, Start: 4538.0, End: 4550.0, Setup: 20
2025-04-10 12:15:22,892 - JSPGymEnvironment - INFO - Job J10 completed at time 4550.0, deadline: 2880, met: False, priority: 9
2025-04-10 12:15:22,918 - JSPGymEnvironment - INFO - Material change on machine M3: Racebike_Antrieb_installiert -> Citybike_Antrieb_installiert, setup time: 15
2025-04-10 12:15:22,919 - JSPGymEnvironment - INFO - Executed operation: Job J14, Op 2, Machine M3, Start: 4565.0, End: 4587.0, Setup: 15
2025-04-10 12:15:22,951 - JSPGymEnvironment - INFO - Material change on machine M2: Racebike_Fahrrad_endmontiert -> Citybike_Schaltauge_bearbeitet, setup time: 20
2025-04-10 12:15:22,952 - JSPGymEnvironment - INFO - Executed operation: Job J2, Op 1, Machine M2, Start: 4607.0, End: 4617.0, Setup: 20
2025-04-10 12:15:22,981 - JSPGymEnvironment - INFO - Material change on machine M2: Citybike_Schaltauge_bearbeitet -> Mountainbike_Schaltauge_bearbeitet, setup time: 20
2025-04-10 12:15:22,981 - JSPGymEnvironment - INFO - Executed operation: Job J12, Op 1, Machine M2, Start: 4637.0, End: 4659.0, Setup: 20
2025-04-10 12:15:23,162 - JSPGymEnvironment - INFO - Material change on machine M2: Mountainbike_Schaltauge_bearbeitet -> Citybike_Bremsaufnahme_gebohrt, setup time: 20
2025-04-10 12:15:23,162 - JSPGymEnvironment - INFO - Executed operation: Job J14, Op 3, Machine M2, Start: 4679.0, End: 4697.0, Setup: 20
2025-04-10 12:15:23,192 - JSPGymEnvironment - INFO - Material change on machine M2: Citybike_Bremsaufnahme_gebohrt -> Citybike_Rahmen_nachbearbeitet, setup time: 20
2025-04-10 12:15:23,192 - JSPGymEnvironment - INFO - Executed operation: Job J14, Op 4, Machine M2, Start: 4717.0, End: 4746.0, Setup: 20
2025-04-10 12:15:23,227 - JSPGymEnvironment - INFO - Executed operation: Job J14, Op 5, Machine M2, Start: 4761.0, End: 4791.0, Setup: 15
2025-04-10 12:15:23,259 - JSPGymEnvironment - INFO - Material change on machine M3: Citybike_Antrieb_installiert -> Racebike_Bremsen_justiert, setup time: 15
2025-04-10 12:15:23,259 - JSPGymEnvironment - INFO - Executed operation: Job J6, Op 3, Machine M3, Start: 4806.0, End: 4864.0, Setup: 15
2025-04-10 12:15:23,292 - JSPGymEnvironment - INFO - Material change on machine M3: Racebike_Bremsen_justiert -> Racebike_Antrieb_installiert, setup time: 15
2025-04-10 12:15:23,292 - JSPGymEnvironment - INFO - Executed operation: Job J1, Op 2, Machine M3, Start: 4879.0, End: 4915.0, Setup: 15
2025-04-10 12:15:23,318 - JSPGymEnvironment - INFO - Executed operation: Job J14, Op 6, Machine M2, Start: 4930.0, End: 4954.0, Setup: 15
2025-04-10 12:15:23,347 - JSPGymEnvironment - INFO - Material change on machine M2: Citybike_Rahmen_nachbearbeitet -> Citybike_Fahrrad_endmontiert, setup time: 20
2025-04-10 12:15:23,347 - JSPGymEnvironment - INFO - Executed operation: Job J14, Op 7, Machine M2, Start: 4974.0, End: 4995.0, Setup: 20
2025-04-10 12:15:23,347 - JSPGymEnvironment - INFO - Job J14 completed at time 4995.0, deadline: 2880, met: False, priority: 3
2025-04-10 12:15:23,373 - JSPGymEnvironment - INFO - Material change on machine M3: Racebike_Antrieb_installiert -> Racebike_Fahrrad_endmontiert, setup time: 15
2025-04-10 12:15:23,373 - JSPGymEnvironment - INFO - Executed operation: Job J6, Op 4, Machine M3, Start: 5010.0, End: 5051.0, Setup: 15
2025-04-10 12:15:23,373 - JSPGymEnvironment - INFO - Job J6 completed at time 5051.0, deadline: 2880, met: False, priority: 10
2025-04-10 12:15:23,406 - JSPGymEnvironment - INFO - Material change on machine M3: Racebike_Fahrrad_endmontiert -> Citybike_Fahrrad_endmontiert, setup time: 15
2025-04-10 12:15:23,406 - JSPGymEnvironment - INFO - Executed operation: Job J17, Op 5, Machine M3, Start: 5066.0, End: 5125.0, Setup: 15
2025-04-10 12:15:23,439 - JSPGymEnvironment - INFO - Material change on machine M2: Citybike_Fahrrad_endmontiert -> E-Bike_Bremsaufnahme_gebohrt, setup time: 20
2025-04-10 12:15:23,439 - JSPGymEnvironment - INFO - Executed operation: Job J13, Op 3, Machine M2, Start: 5145.0, End: 5167.0, Setup: 20
2025-04-10 12:15:23,465 - JSPGymEnvironment - INFO - Material change on machine M1: Citybike_Hauptrahmen_zugeschnitten -> Mountainbike_Hauptrahmen_zugeschnitten, setup time: 40
2025-04-10 12:15:23,465 - JSPGymEnvironment - INFO - Executed operation: Job J18, Op 0, Machine M1, Start: 5207.0, End: 5229.0, Setup: 40
2025-04-10 12:15:23,492 - JSPGymEnvironment - INFO - Material change on machine M2: E-Bike_Bremsaufnahme_gebohrt -> Racebike_Bremsaufnahme_gebohrt, setup time: 20
2025-04-10 12:15:23,492 - JSPGymEnvironment - INFO - Executed operation: Job J1, Op 3, Machine M2, Start: 5249.0, End: 5267.0, Setup: 20
2025-04-10 12:15:23,518 - JSPGymEnvironment - INFO - Material change on machine M3: Citybike_Fahrrad_endmontiert -> Mountainbike_Antrieb_installiert, setup time: 15
2025-04-10 12:15:23,518 - JSPGymEnvironment - INFO - Executed operation: Job J12, Op 2, Machine M3, Start: 5282.0, End: 5327.0, Setup: 15
2025-04-10 12:15:23,544 - JSPGymEnvironment - INFO - Material change on machine M2: Racebike_Bremsaufnahme_gebohrt -> Racebike_Rahmen_nachbearbeitet, setup time: 20
2025-04-10 12:15:23,544 - JSPGymEnvironment - INFO - Executed operation: Job J1, Op 4, Machine M2, Start: 5347.0, End: 5369.0, Setup: 20
2025-04-10 12:15:23,717 - JSPGymEnvironment - INFO - Material change on machine M3: Mountainbike_Antrieb_installiert -> Citybike_Fahrrad_endmontiert, setup time: 15
2025-04-10 12:15:23,718 - JSPGymEnvironment - INFO - Executed operation: Job J17, Op 6, Machine M3, Start: 5384.0, End: 5409.0, Setup: 15
2025-04-10 12:15:23,718 - JSPGymEnvironment - INFO - Job J17 completed at time 5409.0, deadline: 2880, met: False, priority: 6
2025-04-10 12:15:23,744 - JSPGymEnvironment - INFO - Material change on machine M2: Racebike_Rahmen_nachbearbeitet -> Racebike_Fahrrad_endmontiert, setup time: 20
2025-04-10 12:15:23,744 - JSPGymEnvironment - INFO - Executed operation: Job J1, Op 5, Machine M2, Start: 5429.0, End: 5441.0, Setup: 20
2025-04-10 12:15:23,744 - JSPGymEnvironment - INFO - Job J1 completed at time 5441.0, deadline: 2790, met: False, priority: 7
2025-04-10 12:15:23,770 - JSPGymEnvironment - INFO - Material change on machine M2: Racebike_Fahrrad_endmontiert -> Mountainbike_Schaltauge_bearbeitet, setup time: 20
2025-04-10 12:15:23,771 - JSPGymEnvironment - INFO - Executed operation: Job J18, Op 1, Machine M2, Start: 5461.0, End: 5481.0, Setup: 20
2025-04-10 12:15:23,797 - JSPGymEnvironment - INFO - Material change on machine M2: Mountainbike_Schaltauge_bearbeitet -> Mountainbike_Bremsaufnahme_gebohrt, setup time: 20
2025-04-10 12:15:23,797 - JSPGymEnvironment - INFO - Executed operation: Job J12, Op 3, Machine M2, Start: 5501.0, End: 5527.0, Setup: 20
2025-04-10 12:15:23,824 - JSPGymEnvironment - INFO - Material change on machine M3: Citybike_Fahrrad_endmontiert -> E-Bike_Fahrrad_endmontiert, setup time: 15
2025-04-10 12:15:23,824 - JSPGymEnvironment - INFO - Executed operation: Job J13, Op 4, Machine M3, Start: 5542.0, End: 5595.0, Setup: 15
2025-04-10 12:15:23,824 - JSPGymEnvironment - INFO - Job J13 completed at time 5595.0, deadline: 2863, met: False, priority: 7
2025-04-10 12:15:23,850 - JSPGymEnvironment - INFO - Material change on machine M2: Mountainbike_Bremsaufnahme_gebohrt -> Mountainbike_Rahmen_nachbearbeitet, setup time: 20
2025-04-10 12:15:23,850 - JSPGymEnvironment - INFO - Executed operation: Job J12, Op 4, Machine M2, Start: 5615.0, End: 5643.0, Setup: 20
2025-04-10 12:15:23,877 - JSPGymEnvironment - INFO - Executed operation: Job J12, Op 5, Machine M2, Start: 5658.0, End: 5686.0, Setup: 15
2025-04-10 12:15:23,904 - JSPGymEnvironment - INFO - Material change on machine M2: Mountainbike_Rahmen_nachbearbeitet -> Mountainbike_Fahrrad_endmontiert, setup time: 20
2025-04-10 12:15:23,904 - JSPGymEnvironment - INFO - Executed operation: Job J12, Op 6, Machine M2, Start: 5706.0, End: 5728.0, Setup: 20
2025-04-10 12:15:23,904 - JSPGymEnvironment - INFO - Job J12 completed at time 5728.0, deadline: 2863, met: False, priority: 2
2025-04-10 12:15:23,931 - JSPGymEnvironment - INFO - Material change on machine M3: E-Bike_Fahrrad_endmontiert -> Citybike_Antrieb_installiert, setup time: 15
2025-04-10 12:15:23,931 - JSPGymEnvironment - INFO - Executed operation: Job J2, Op 2, Machine M3, Start: 5743.0, End: 5771.0, Setup: 15
2025-04-10 12:15:23,957 - JSPGymEnvironment - INFO - Material change on machine M3: Citybike_Antrieb_installiert -> Mountainbike_Antrieb_installiert, setup time: 15
2025-04-10 12:15:23,957 - JSPGymEnvironment - INFO - Executed operation: Job J18, Op 2, Machine M3, Start: 5786.0, End: 5815.0, Setup: 15
2025-04-10 12:15:23,983 - JSPGymEnvironment - INFO - Executed operation: Job J5, Op 0, Machine M1, Start: 5840.0, End: 5876.0, Setup: 25
2025-04-10 12:15:24,010 - JSPGymEnvironment - INFO - Material change on machine M3: Mountainbike_Antrieb_installiert -> Mountainbike_Bremsen_justiert, setup time: 15
2025-04-10 12:15:24,010 - JSPGymEnvironment - INFO - Executed operation: Job J18, Op 3, Machine M3, Start: 5891.0, End: 5946.0, Setup: 15
2025-04-10 12:15:24,036 - JSPGymEnvironment - INFO - Material change on machine M2: Mountainbike_Fahrrad_endmontiert -> Citybike_Bremsaufnahme_gebohrt, setup time: 20
2025-04-10 12:15:24,036 - JSPGymEnvironment - INFO - Executed operation: Job J2, Op 3, Machine M2, Start: 5966.0, End: 5987.0, Setup: 20
2025-04-10 12:15:24,062 - JSPGymEnvironment - INFO - Material change on machine M2: Citybike_Bremsaufnahme_gebohrt -> Citybike_Rahmen_nachbearbeitet, setup time: 20
2025-04-10 12:15:24,063 - JSPGymEnvironment - INFO - Executed operation: Job J2, Op 4, Machine M2, Start: 6007.0, End: 6031.0, Setup: 20
2025-04-10 12:15:24,242 - JSPGymEnvironment - INFO - Material change on machine M2: Citybike_Rahmen_nachbearbeitet -> Mountainbike_Fahrrad_endmontiert, setup time: 20
2025-04-10 12:15:24,242 - JSPGymEnvironment - INFO - Executed operation: Job J18, Op 4, Machine M2, Start: 6051.0, End: 6064.0, Setup: 20
2025-04-10 12:15:24,243 - JSPGymEnvironment - INFO - Job J18 completed at time 6064.0, deadline: 2880, met: False, priority: 6
2025-04-10 12:15:24,272 - JSPGymEnvironment - INFO - Material change on machine M3: Mountainbike_Bremsen_justiert -> Citybike_Fahrrad_endmontiert, setup time: 15
2025-04-10 12:15:24,272 - JSPGymEnvironment - INFO - Executed operation: Job J2, Op 5, Machine M3, Start: 6079.0, End: 6100.0, Setup: 15
2025-04-10 12:15:24,272 - JSPGymEnvironment - INFO - Job J2 completed at time 6100.0, deadline: 2880, met: False, priority: 3
2025-04-10 12:15:24,298 - JSPGymEnvironment - INFO - Material change on machine M2: Mountainbike_Fahrrad_endmontiert -> Mountainbike_Schaltauge_bearbeitet, setup time: 20
2025-04-10 12:15:24,298 - JSPGymEnvironment - INFO - Executed operation: Job J5, Op 1, Machine M2, Start: 6120.0, End: 6135.0, Setup: 20
2025-04-10 12:15:24,324 - JSPGymEnvironment - INFO - Material change on machine M3: Citybike_Fahrrad_endmontiert -> Mountainbike_Antrieb_installiert, setup time: 15
2025-04-10 12:15:24,324 - JSPGymEnvironment - INFO - Executed operation: Job J5, Op 2, Machine M3, Start: 6150.0, End: 6175.0, Setup: 15
2025-04-10 12:15:24,350 - JSPGymEnvironment - INFO - Material change on machine M2: Mountainbike_Schaltauge_bearbeitet -> Mountainbike_Bremsaufnahme_gebohrt, setup time: 20
2025-04-10 12:15:24,350 - JSPGymEnvironment - INFO - Executed operation: Job J5, Op 3, Machine M2, Start: 6195.0, End: 6210.0, Setup: 20
2025-04-10 12:15:24,378 - JSPGymEnvironment - INFO - Material change on machine M2: Mountainbike_Bremsaufnahme_gebohrt -> Mountainbike_Rahmen_nachbearbeitet, setup time: 20
2025-04-10 12:15:24,378 - JSPGymEnvironment - INFO - Executed operation: Job J5, Op 4, Machine M2, Start: 6230.0, End: 6260.0, Setup: 20
2025-04-10 12:15:24,404 - JSPGymEnvironment - INFO - Material change on machine M2: Mountainbike_Rahmen_nachbearbeitet -> Mountainbike_Fahrrad_endmontiert, setup time: 20
2025-04-10 12:15:24,404 - JSPGymEnvironment - INFO - Executed operation: Job J5, Op 5, Machine M2, Start: 6280.0, End: 6302.0, Setup: 20
2025-04-10 12:15:24,404 - JSPGymEnvironment - INFO - Job J5 completed at time 6302.0, deadline: 2880, met: False, priority: 1
