2025-05-22 15:29:03,308 - JSPGymEnvironment - INFO - Environment reset
2025-05-22 15:29:03,374 - JSPGymEnvironment - INFO - Environment reset
2025-05-22 15:29:03,408 - JSPGymEnvironment - INFO - Material change on machine M1:  -> E-Bike_Hauptrahmen_zugeschnitten, setup time: 0
2025-05-22 15:29:03,408 - JSPGymEnvironment - INFO - Executed operation: Job J19, Op 0, Machine M1, Start: 0, End: 15, Setup: 0
2025-05-22 15:29:03,409 - JSPGymEnvironment - INFO - 
===== REWARD DETAILS FOR STEP 1 =====
Job: J19, Operation: 0, Job Completed: False
Current Time: 0.00 -> 15.00, Setup Time: 0.00
Processing Time: 15.00, Idle Time: 0.00
Completed Jobs: 0/20
Machine: M1, Material: E-Bike_Hauptrahmen_zugeschnitten

REWARD COMPONENTS:
- makespan_reward: -0.0750
- setup_reward: 0.0000
- deadline_reward: 0.0000
- priority_reward: 0.0000
- critical_job_reward: 0.5000
- placement_reward: 0.0000
- timeliness_reward: 9.1657
- machine_idle_penalty: -0.4750

TOTAL REWARD: 9.1157

CUMULATIVE REWARD COMPONENTS:
- makespan_reward: -0.0750
- setup_reward: 0.0000
- deadline_reward: 0.0000
- priority_reward: 0.0000
- critical_job_reward: 0.5000
- placement_reward: 0.0000
- timeliness_reward: 9.1657
- machine_idle_penalty: -0.4750

CUMULATIVE TOTAL: 9.1157

CRITICAL STATE INFO:
- Valid actions: ['J1', 'J2', 'J3', 'J4', 'J5', 'J6', 'J7', 'J8', 'J9', 'J10', 'J11', 'J12', 'J13', 'J14', 'J15', 'J16', 'J17', 'J18', 'J19', 'J20']
- Machine states:
  - Machine M1: Time=15.00, Idle=0.00, Material=E-Bike_Hauptrahmen_zugeschnitten
  - Machine M2: Time=0.00, Idle=15.00, Material=None
  - Machine M3: Time=0.00, Idle=15.00, Material=None
==================================================

2025-05-22 15:29:03,439 - JSPGymEnvironment - INFO - Material change on machine M1: E-Bike_Hauptrahmen_zugeschnitten -> Racebike_Hauptrahmen_zugeschnitten, setup time: 40
2025-05-22 15:29:03,439 - JSPGymEnvironment - INFO - Executed operation: Job J6, Op 0, Machine M1, Start: 55, End: 91, Setup: 40
2025-05-22 15:29:03,440 - JSPGymEnvironment - INFO - 
===== REWARD DETAILS FOR STEP 2 =====
Job: J6, Operation: 0, Job Completed: False
Current Time: 15.00 -> 91.00, Setup Time: 40.00
Processing Time: 36.00, Idle Time: 0.00
Completed Jobs: 0/20
Machine: M1, Material: Racebike_Hauptrahmen_zugeschnitten

REWARD COMPONENTS:
- makespan_reward: -0.3800
- setup_reward: -10.0000
- deadline_reward: 0.0000
- priority_reward: 0.0000
- critical_job_reward: 0.5000
- placement_reward: 0.0000
- timeliness_reward: 9.1900
- machine_idle_penalty: -2.3750

TOTAL REWARD: -3.0650

CUMULATIVE REWARD COMPONENTS:
- makespan_reward: -0.4550
- setup_reward: -10.0000
- deadline_reward: 0.0000
- priority_reward: 0.0000
- critical_job_reward: 1.0000
- placement_reward: 0.0000
- timeliness_reward: 18.3558
- machine_idle_penalty: -2.8500

CUMULATIVE TOTAL: 6.0508

CRITICAL STATE INFO:
- Valid actions: ['J1', 'J2', 'J3', 'J4', 'J5', 'J6', 'J7', 'J8', 'J9', 'J10', 'J11', 'J12', 'J13', 'J14', 'J15', 'J16', 'J17', 'J18', 'J19', 'J20']
- Machine states:
  - Machine M1: Time=91.00, Idle=0.00, Material=Racebike_Hauptrahmen_zugeschnitten
  - Machine M2: Time=0.00, Idle=91.00, Material=None
  - Machine M3: Time=0.00, Idle=91.00, Material=None
==================================================

2025-05-22 15:29:03,471 - JSPGymEnvironment - INFO - Material change on machine M1: Racebike_Hauptrahmen_zugeschnitten -> Mountainbike_Hauptrahmen_zugeschnitten, setup time: 40
2025-05-22 15:29:03,471 - JSPGymEnvironment - INFO - Executed operation: Job J18, Op 0, Machine M1, Start: 131, End: 153, Setup: 40
2025-05-22 15:29:03,471 - JSPGymEnvironment - INFO - 
===== REWARD DETAILS FOR STEP 3 =====
Job: J18, Operation: 0, Job Completed: False
Current Time: 91.00 -> 153.00, Setup Time: 40.00
Processing Time: 22.00, Idle Time: 0.00
Completed Jobs: 0/20
Machine: M1, Material: Mountainbike_Hauptrahmen_zugeschnitten

REWARD COMPONENTS:
- makespan_reward: -0.3100
- setup_reward: -10.0000
- deadline_reward: 0.0000
- priority_reward: 0.0000
- critical_job_reward: 0.0000
- placement_reward: 0.0000
- timeliness_reward: 9.2092
- machine_idle_penalty: -3.9250

TOTAL REWARD: -5.0258

CUMULATIVE REWARD COMPONENTS:
- makespan_reward: -0.7650
- setup_reward: -20.0000
- deadline_reward: 0.0000
- priority_reward: 0.0000
- critical_job_reward: 1.0000
- placement_reward: 0.0000
- timeliness_reward: 27.5649
- machine_idle_penalty: -6.7750

CUMULATIVE TOTAL: 1.0249

CRITICAL STATE INFO:
- Valid actions: ['J1', 'J2', 'J3', 'J4', 'J5', 'J6', 'J7', 'J8', 'J9', 'J10', 'J11', 'J12', 'J13', 'J14', 'J15', 'J16', 'J17', 'J18', 'J19', 'J20']
- Machine states:
  - Machine M1: Time=153.00, Idle=0.00, Material=Mountainbike_Hauptrahmen_zugeschnitten
  - Machine M2: Time=0.00, Idle=153.00, Material=None
  - Machine M3: Time=0.00, Idle=153.00, Material=None
==================================================

2025-05-22 15:29:03,506 - JSPGymEnvironment - INFO - Material change on machine M2:  -> E-Bike_Schaltauge_bearbeitet, setup time: 0
2025-05-22 15:29:03,506 - JSPGymEnvironment - INFO - Executed operation: Job J19, Op 1, Machine M2, Start: 153, End: 183, Setup: 0
2025-05-22 15:29:03,506 - JSPGymEnvironment - INFO - 
===== REWARD DETAILS FOR STEP 4 =====
Job: J19, Operation: 1, Job Completed: False
Current Time: 153.00 -> 183.00, Setup Time: 0.00
Processing Time: 30.00, Idle Time: 0.00
Completed Jobs: 0/20
Machine: M2, Material: E-Bike_Schaltauge_bearbeitet

REWARD COMPONENTS:
- makespan_reward: -0.1500
- setup_reward: 0.0000
- deadline_reward: 0.0000
- priority_reward: 0.0000
- critical_job_reward: 0.5000
- placement_reward: 0.0000
- timeliness_reward: 9.2221
- machine_idle_penalty: -2.7125

TOTAL REWARD: 6.8596

CUMULATIVE REWARD COMPONENTS:
- makespan_reward: -0.9150
- setup_reward: -20.0000
- deadline_reward: 0.0000
- priority_reward: 0.0000
- critical_job_reward: 1.5000
- placement_reward: 0.0000
- timeliness_reward: 36.7871
- machine_idle_penalty: -9.4875

CUMULATIVE TOTAL: 7.8846

CRITICAL STATE INFO:
- Valid actions: ['J1', 'J2', 'J3', 'J4', 'J5', 'J6', 'J7', 'J8', 'J9', 'J10', 'J11', 'J12', 'J13', 'J14', 'J15', 'J16', 'J17', 'J18', 'J19', 'J20']
- Machine states:
  - Machine M1: Time=153.00, Idle=30.00, Material=Mountainbike_Hauptrahmen_zugeschnitten
  - Machine M2: Time=183.00, Idle=0.00, Material=E-Bike_Schaltauge_bearbeitet
  - Machine M3: Time=0.00, Idle=183.00, Material=None
==================================================

2025-05-22 15:29:03,538 - JSPGymEnvironment - INFO - Material change on machine M1: Mountainbike_Hauptrahmen_zugeschnitten -> Racebike_Hauptrahmen_zugeschnitten, setup time: 40
2025-05-22 15:29:03,538 - JSPGymEnvironment - INFO - Executed operation: Job J16, Op 0, Machine M1, Start: 223, End: 249, Setup: 40
2025-05-22 15:29:03,538 - JSPGymEnvironment - INFO - 
===== REWARD DETAILS FOR STEP 5 =====
Job: J16, Operation: 0, Job Completed: False
Current Time: 183.00 -> 249.00, Setup Time: 40.00
Processing Time: 26.00, Idle Time: 0.00
Completed Jobs: 0/20
Machine: M1, Material: Racebike_Hauptrahmen_zugeschnitten

REWARD COMPONENTS:
- makespan_reward: -0.3300
- setup_reward: -10.0000
- deadline_reward: 0.0000
- priority_reward: 0.0000
- critical_job_reward: 0.0000
- placement_reward: 0.0000
- timeliness_reward: 9.2379
- machine_idle_penalty: -3.9875

TOTAL REWARD: -5.0796

CUMULATIVE REWARD COMPONENTS:
- makespan_reward: -1.2450
- setup_reward: -30.0000
- deadline_reward: 0.0000
- priority_reward: 0.0000
- critical_job_reward: 1.5000
- placement_reward: 0.0000
- timeliness_reward: 46.0249
- machine_idle_penalty: -13.4750

CUMULATIVE TOTAL: 2.8049

CRITICAL STATE INFO:
- Valid actions: ['J1', 'J2', 'J3', 'J4', 'J5', 'J6', 'J7', 'J8', 'J9', 'J10', 'J11', 'J12', 'J13', 'J14', 'J15', 'J16', 'J17', 'J18', 'J19', 'J20']
- Machine states:
  - Machine M1: Time=249.00, Idle=0.00, Material=Racebike_Hauptrahmen_zugeschnitten
  - Machine M2: Time=183.00, Idle=66.00, Material=E-Bike_Schaltauge_bearbeitet
  - Machine M3: Time=0.00, Idle=249.00, Material=None
==================================================

2025-05-22 15:29:03,570 - JSPGymEnvironment - INFO - Material change on machine M1: Racebike_Hauptrahmen_zugeschnitten -> Citybike_Hauptrahmen_zugeschnitten, setup time: 40
2025-05-22 15:29:03,571 - JSPGymEnvironment - INFO - Executed operation: Job J8, Op 0, Machine M1, Start: 289, End: 308, Setup: 40
2025-05-22 15:29:03,571 - JSPGymEnvironment - INFO - 
===== REWARD DETAILS FOR STEP 6 =====
Job: J8, Operation: 0, Job Completed: False
Current Time: 249.00 -> 308.00, Setup Time: 40.00
Processing Time: 19.00, Idle Time: 0.00
Completed Jobs: 0/20
Machine: M1, Material: Citybike_Hauptrahmen_zugeschnitten

REWARD COMPONENTS:
- makespan_reward: -0.2950
- setup_reward: -10.0000
- deadline_reward: 0.0000
- priority_reward: 0.0000
- critical_job_reward: 0.0000
- placement_reward: 0.0000
- timeliness_reward: 9.2583
- machine_idle_penalty: -5.5125

TOTAL REWARD: -6.5492

CUMULATIVE REWARD COMPONENTS:
- makespan_reward: -1.5400
- setup_reward: -40.0000
- deadline_reward: 0.0000
- priority_reward: 0.0000
- critical_job_reward: 1.5000
- placement_reward: 0.0000
- timeliness_reward: 55.2832
- machine_idle_penalty: -18.9875

CUMULATIVE TOTAL: -3.7443

CRITICAL STATE INFO:
- Valid actions: ['J1', 'J2', 'J3', 'J4', 'J5', 'J6', 'J7', 'J8', 'J9', 'J10', 'J11', 'J12', 'J13', 'J14', 'J15', 'J16', 'J17', 'J18', 'J19', 'J20']
- Machine states:
  - Machine M1: Time=308.00, Idle=0.00, Material=Citybike_Hauptrahmen_zugeschnitten
  - Machine M2: Time=183.00, Idle=125.00, Material=E-Bike_Schaltauge_bearbeitet
  - Machine M3: Time=0.00, Idle=308.00, Material=None
==================================================

2025-05-22 15:29:03,600 - JSPGymEnvironment - INFO - Material change on machine M2: E-Bike_Schaltauge_bearbeitet -> Mountainbike_Schaltauge_bearbeitet, setup time: 20
2025-05-22 15:29:03,600 - JSPGymEnvironment - INFO - Executed operation: Job J18, Op 1, Machine M2, Start: 328, End: 348, Setup: 20
2025-05-22 15:29:03,601 - JSPGymEnvironment - INFO - 
===== REWARD DETAILS FOR STEP 7 =====
Job: J18, Operation: 1, Job Completed: False
Current Time: 308.00 -> 348.00, Setup Time: 20.00
Processing Time: 20.00, Idle Time: 0.00
Completed Jobs: 0/20
Machine: M2, Material: Mountainbike_Schaltauge_bearbeitet

REWARD COMPONENTS:
- makespan_reward: -0.2000
- setup_reward: -5.0000
- deadline_reward: 0.0000
- priority_reward: 0.0000
- critical_job_reward: 0.0000
- placement_reward: 0.0000
- timeliness_reward: 9.2628
- machine_idle_penalty: -4.9000

TOTAL REWARD: -0.8372

CUMULATIVE REWARD COMPONENTS:
- makespan_reward: -1.7400
- setup_reward: -45.0000
- deadline_reward: 0.0000
- priority_reward: 0.0000
- critical_job_reward: 1.5000
- placement_reward: 0.0000
- timeliness_reward: 64.5460
- machine_idle_penalty: -23.8875

CUMULATIVE TOTAL: -4.5815

CRITICAL STATE INFO:
- Valid actions: ['J1', 'J2', 'J3', 'J4', 'J5', 'J6', 'J7', 'J8', 'J9', 'J10', 'J11', 'J12', 'J13', 'J14', 'J15', 'J16', 'J17', 'J18', 'J19', 'J20']
- Machine states:
  - Machine M1: Time=308.00, Idle=40.00, Material=Citybike_Hauptrahmen_zugeschnitten
  - Machine M2: Time=348.00, Idle=0.00, Material=Mountainbike_Schaltauge_bearbeitet
  - Machine M3: Time=0.00, Idle=348.00, Material=None
==================================================

2025-05-22 15:29:03,634 - JSPGymEnvironment - INFO - Material change on machine M1: Citybike_Hauptrahmen_zugeschnitten -> Racebike_Hauptrahmen_zugeschnitten, setup time: 40
2025-05-22 15:29:03,634 - JSPGymEnvironment - INFO - Executed operation: Job J10, Op 0, Machine M1, Start: 388, End: 420, Setup: 40
2025-05-22 15:29:03,634 - JSPGymEnvironment - INFO - 
===== REWARD DETAILS FOR STEP 8 =====
Job: J10, Operation: 0, Job Completed: False
Current Time: 348.00 -> 420.00, Setup Time: 40.00
Processing Time: 32.00, Idle Time: 0.00
Completed Jobs: 0/20
Machine: M1, Material: Racebike_Hauptrahmen_zugeschnitten

REWARD COMPONENTS:
- makespan_reward: -0.3600
- setup_reward: -10.0000
- deadline_reward: 0.0000
- priority_reward: 0.0000
- critical_job_reward: 0.5000
- placement_reward: 0.0000
- timeliness_reward: 9.2794
- machine_idle_penalty: -6.2000

TOTAL REWARD: -6.7806

CUMULATIVE REWARD COMPONENTS:
- makespan_reward: -2.1000
- setup_reward: -55.0000
- deadline_reward: 0.0000
- priority_reward: 0.0000
- critical_job_reward: 2.0000
- placement_reward: 0.0000
- timeliness_reward: 73.8255
- machine_idle_penalty: -30.0875

CUMULATIVE TOTAL: -11.3620

CRITICAL STATE INFO:
- Valid actions: ['J1', 'J2', 'J3', 'J4', 'J5', 'J6', 'J7', 'J8', 'J9', 'J10', 'J11', 'J12', 'J13', 'J14', 'J15', 'J16', 'J17', 'J18', 'J19', 'J20']
- Machine states:
  - Machine M1: Time=420.00, Idle=0.00, Material=Racebike_Hauptrahmen_zugeschnitten
  - Machine M2: Time=348.00, Idle=72.00, Material=Mountainbike_Schaltauge_bearbeitet
  - Machine M3: Time=0.00, Idle=420.00, Material=None
==================================================

2025-05-22 15:29:03,663 - JSPGymEnvironment - INFO - Executed operation: Job J4, Op 0, Machine M1, Start: 445, End: 470, Setup: 25
2025-05-22 15:29:03,664 - JSPGymEnvironment - INFO - 
===== REWARD DETAILS FOR STEP 9 =====
Job: J4, Operation: 0, Job Completed: False
Current Time: 420.00 -> 470.00, Setup Time: 25.00
Processing Time: 25.00, Idle Time: 0.00
Completed Jobs: 0/20
Machine: M1, Material: Racebike_Hauptrahmen_zugeschnitten

REWARD COMPONENTS:
- makespan_reward: -0.2500
- setup_reward: -6.2500
- deadline_reward: 0.0000
- priority_reward: 0.0000
- critical_job_reward: 0.0000
- placement_reward: 0.0000
- timeliness_reward: 9.2985
- machine_idle_penalty: -7.4500

TOTAL REWARD: -4.6515

CUMULATIVE REWARD COMPONENTS:
- makespan_reward: -2.3500
- setup_reward: -61.2500
- deadline_reward: 0.0000
- priority_reward: 0.0000
- critical_job_reward: 2.0000
- placement_reward: 0.0000
- timeliness_reward: 83.1239
- machine_idle_penalty: -37.5375

CUMULATIVE TOTAL: -16.0136

CRITICAL STATE INFO:
- Valid actions: ['J1', 'J2', 'J3', 'J4', 'J5', 'J6', 'J7', 'J8', 'J9', 'J10', 'J11', 'J12', 'J13', 'J14', 'J15', 'J16', 'J17', 'J18', 'J19', 'J20']
- Machine states:
  - Machine M1: Time=470.00, Idle=0.00, Material=Racebike_Hauptrahmen_zugeschnitten
  - Machine M2: Time=348.00, Idle=122.00, Material=Mountainbike_Schaltauge_bearbeitet
  - Machine M3: Time=0.00, Idle=470.00, Material=None
==================================================

2025-05-22 15:29:03,691 - JSPGymEnvironment - INFO - Material change on machine M1: Racebike_Hauptrahmen_zugeschnitten -> Citybike_Hauptrahmen_zugeschnitten, setup time: 40
2025-05-22 15:29:03,691 - JSPGymEnvironment - INFO - Executed operation: Job J9, Op 0, Machine M1, Start: 510, End: 550, Setup: 40
2025-05-22 15:29:03,692 - JSPGymEnvironment - INFO - 
===== REWARD DETAILS FOR STEP 10 =====
Job: J9, Operation: 0, Job Completed: False
Current Time: 470.00 -> 550.00, Setup Time: 40.00
Processing Time: 40.00, Idle Time: 0.00
Completed Jobs: 0/20
Machine: M1, Material: Citybike_Hauptrahmen_zugeschnitten

REWARD COMPONENTS:
- makespan_reward: -0.4000
- setup_reward: -10.0000
- deadline_reward: 0.0000
- priority_reward: 0.0000
- critical_job_reward: 0.5000
- placement_reward: 0.0000
- timeliness_reward: 9.3037
- machine_idle_penalty: -9.4500

TOTAL REWARD: -10.0463

CUMULATIVE REWARD COMPONENTS:
- makespan_reward: -2.7500
- setup_reward: -71.2500
- deadline_reward: 0.0000
- priority_reward: 0.0000
- critical_job_reward: 2.5000
- placement_reward: 0.0000
- timeliness_reward: 92.4276
- machine_idle_penalty: -46.9875

CUMULATIVE TOTAL: -26.0599

CRITICAL STATE INFO:
- Valid actions: ['J1', 'J2', 'J3', 'J4', 'J5', 'J6', 'J7', 'J8', 'J9', 'J10', 'J11', 'J12', 'J13', 'J14', 'J15', 'J16', 'J17', 'J18', 'J19', 'J20']
- Machine states:
  - Machine M1: Time=550.00, Idle=0.00, Material=Citybike_Hauptrahmen_zugeschnitten
  - Machine M2: Time=348.00, Idle=202.00, Material=Mountainbike_Schaltauge_bearbeitet
  - Machine M3: Time=0.00, Idle=550.00, Material=None
==================================================

2025-05-22 15:29:03,890 - JSPGymEnvironment - INFO - Material change on machine M3:  -> Mountainbike_Antrieb_installiert, setup time: 0
2025-05-22 15:29:03,890 - JSPGymEnvironment - INFO - Executed operation: Job J18, Op 2, Machine M3, Start: 550, End: 579, Setup: 0
2025-05-22 15:29:03,890 - JSPGymEnvironment - INFO - 
===== REWARD DETAILS FOR STEP 11 =====
Job: J18, Operation: 2, Job Completed: False
Current Time: 550.00 -> 579.00, Setup Time: 0.00
Processing Time: 29.00, Idle Time: 0.00
Completed Jobs: 0/20
Machine: M3, Material: Mountainbike_Antrieb_installiert

REWARD COMPONENTS:
- makespan_reward: -0.1450
- setup_reward: 0.0000
- deadline_reward: 0.0000
- priority_reward: 0.0000
- critical_job_reward: 0.0000
- placement_reward: 0.0000
- timeliness_reward: 9.3079
- machine_idle_penalty: -3.2500

TOTAL REWARD: 5.9129

CUMULATIVE REWARD COMPONENTS:
- makespan_reward: -2.8950
- setup_reward: -71.2500
- deadline_reward: 0.0000
- priority_reward: 0.0000
- critical_job_reward: 2.5000
- placement_reward: 0.0000
- timeliness_reward: 101.7356
- machine_idle_penalty: -50.2375

CUMULATIVE TOTAL: -20.1469

CRITICAL STATE INFO:
- Valid actions: ['J1', 'J2', 'J3', 'J4', 'J5', 'J6', 'J7', 'J8', 'J9', 'J10', 'J11', 'J12', 'J13', 'J14', 'J15', 'J16', 'J17', 'J18', 'J19', 'J20']
- Machine states:
  - Machine M1: Time=550.00, Idle=29.00, Material=Citybike_Hauptrahmen_zugeschnitten
  - Machine M2: Time=348.00, Idle=231.00, Material=Mountainbike_Schaltauge_bearbeitet
  - Machine M3: Time=579.00, Idle=0.00, Material=Mountainbike_Antrieb_installiert
==================================================

2025-05-22 15:29:03,924 - JSPGymEnvironment - INFO - Material change on machine M2: Mountainbike_Schaltauge_bearbeitet -> Racebike_Schaltauge_bearbeitet, setup time: 20
2025-05-22 15:29:03,924 - JSPGymEnvironment - INFO - Executed operation: Job J4, Op 1, Machine M2, Start: 599, End: 614, Setup: 20
2025-05-22 15:29:03,924 - JSPGymEnvironment - INFO - 
===== REWARD DETAILS FOR STEP 12 =====
Job: J4, Operation: 1, Job Completed: False
Current Time: 579.00 -> 614.00, Setup Time: 20.00
Processing Time: 15.00, Idle Time: 0.00
Completed Jobs: 0/20
Machine: M2, Material: Racebike_Schaltauge_bearbeitet

REWARD COMPONENTS:
- makespan_reward: -0.1750
- setup_reward: -5.0000
- deadline_reward: 0.0000
- priority_reward: 0.0000
- critical_job_reward: 0.0000
- placement_reward: 0.0000
- timeliness_reward: 9.3238
- machine_idle_penalty: -1.2375

TOTAL REWARD: 2.9113

CUMULATIVE REWARD COMPONENTS:
- makespan_reward: -3.0700
- setup_reward: -76.2500
- deadline_reward: 0.0000
- priority_reward: 0.0000
- critical_job_reward: 2.5000
- placement_reward: 0.0000
- timeliness_reward: 111.0594
- machine_idle_penalty: -51.4750

CUMULATIVE TOTAL: -17.2356

CRITICAL STATE INFO:
- Valid actions: ['J1', 'J2', 'J3', 'J4', 'J5', 'J6', 'J7', 'J8', 'J9', 'J10', 'J11', 'J12', 'J13', 'J14', 'J15', 'J16', 'J17', 'J18', 'J19', 'J20']
- Machine states:
  - Machine M1: Time=550.00, Idle=64.00, Material=Citybike_Hauptrahmen_zugeschnitten
  - Machine M2: Time=614.00, Idle=0.00, Material=Racebike_Schaltauge_bearbeitet
  - Machine M3: Time=579.00, Idle=35.00, Material=Mountainbike_Antrieb_installiert
==================================================

2025-05-22 15:29:03,958 - JSPGymEnvironment - INFO - Material change on machine M3: Mountainbike_Antrieb_installiert -> Mountainbike_Bremsen_justiert, setup time: 15
2025-05-22 15:29:03,958 - JSPGymEnvironment - INFO - Executed operation: Job J18, Op 3, Machine M3, Start: 629, End: 684, Setup: 15
2025-05-22 15:29:03,959 - JSPGymEnvironment - INFO - 
===== REWARD DETAILS FOR STEP 13 =====
Job: J18, Operation: 3, Job Completed: False
Current Time: 614.00 -> 684.00, Setup Time: 15.00
Processing Time: 55.00, Idle Time: 0.00
Completed Jobs: 0/20
Machine: M3, Material: Mountainbike_Bremsen_justiert

REWARD COMPONENTS:
- makespan_reward: -0.3500
- setup_reward: -3.7500
- deadline_reward: 0.0000
- priority_reward: 0.0000
- critical_job_reward: 0.0000
- placement_reward: 0.0000
- timeliness_reward: 9.3190
- machine_idle_penalty: -2.5500

TOTAL REWARD: 2.6690

CUMULATIVE REWARD COMPONENTS:
- makespan_reward: -3.4200
- setup_reward: -80.0000
- deadline_reward: 0.0000
- priority_reward: 0.0000
- critical_job_reward: 2.5000
- placement_reward: 0.0000
- timeliness_reward: 120.3784
- machine_idle_penalty: -54.0250

CUMULATIVE TOTAL: -14.5666

CRITICAL STATE INFO:
- Valid actions: ['J1', 'J2', 'J3', 'J4', 'J5', 'J6', 'J7', 'J8', 'J9', 'J10', 'J11', 'J12', 'J13', 'J14', 'J15', 'J16', 'J17', 'J18', 'J19', 'J20']
- Machine states:
  - Machine M1: Time=550.00, Idle=134.00, Material=Citybike_Hauptrahmen_zugeschnitten
  - Machine M2: Time=614.00, Idle=70.00, Material=Racebike_Schaltauge_bearbeitet
  - Machine M3: Time=684.00, Idle=0.00, Material=Mountainbike_Bremsen_justiert
==================================================

2025-05-22 15:29:03,992 - JSPGymEnvironment - INFO - Material change on machine M3: Mountainbike_Bremsen_justiert -> Racebike_Antrieb_installiert, setup time: 15
2025-05-22 15:29:03,992 - JSPGymEnvironment - INFO - Executed operation: Job J4, Op 2, Machine M3, Start: 699, End: 739, Setup: 15
2025-05-22 15:29:03,992 - JSPGymEnvironment - INFO - 
===== REWARD DETAILS FOR STEP 14 =====
Job: J4, Operation: 2, Job Completed: False
Current Time: 684.00 -> 739.00, Setup Time: 15.00
Processing Time: 40.00, Idle Time: 0.00
Completed Jobs: 0/20
Machine: M3, Material: Racebike_Antrieb_installiert

REWARD COMPONENTS:
- makespan_reward: -0.2750
- setup_reward: -3.7500
- deadline_reward: 0.0000
- priority_reward: 0.0000
- critical_job_reward: 0.0000
- placement_reward: 0.0000
- timeliness_reward: 9.3355
- machine_idle_penalty: -3.9250

TOTAL REWARD: 1.3855

CUMULATIVE REWARD COMPONENTS:
- makespan_reward: -3.6950
- setup_reward: -83.7500
- deadline_reward: 0.0000
- priority_reward: 0.0000
- critical_job_reward: 2.5000
- placement_reward: 0.0000
- timeliness_reward: 129.7139
- machine_idle_penalty: -57.9500

CUMULATIVE TOTAL: -13.1811

CRITICAL STATE INFO:
- Valid actions: ['J1', 'J2', 'J3', 'J4', 'J5', 'J6', 'J7', 'J8', 'J9', 'J10', 'J11', 'J12', 'J13', 'J14', 'J15', 'J16', 'J17', 'J18', 'J19', 'J20']
- Machine states:
  - Machine M1: Time=550.00, Idle=189.00, Material=Citybike_Hauptrahmen_zugeschnitten
  - Machine M2: Time=614.00, Idle=125.00, Material=Racebike_Schaltauge_bearbeitet
  - Machine M3: Time=739.00, Idle=0.00, Material=Racebike_Antrieb_installiert
==================================================

2025-05-22 15:29:04,025 - JSPGymEnvironment - INFO - Material change on machine M2: Racebike_Schaltauge_bearbeitet -> Citybike_Schaltauge_bearbeitet, setup time: 20
2025-05-22 15:29:04,025 - JSPGymEnvironment - INFO - Executed operation: Job J9, Op 1, Machine M2, Start: 759, End: 775, Setup: 20
2025-05-22 15:29:04,025 - JSPGymEnvironment - INFO - 
===== REWARD DETAILS FOR STEP 15 =====
Job: J9, Operation: 1, Job Completed: False
Current Time: 739.00 -> 775.00, Setup Time: 20.00
Processing Time: 16.00, Idle Time: 0.00
Completed Jobs: 0/20
Machine: M2, Material: Citybike_Schaltauge_bearbeitet

REWARD COMPONENTS:
- makespan_reward: -0.1800
- setup_reward: -5.0000
- deadline_reward: 0.0000
- priority_reward: 0.0000
- critical_job_reward: 0.5000
- placement_reward: 0.0000
- timeliness_reward: 9.3223
- machine_idle_penalty: -3.2625

TOTAL REWARD: 1.3798

CUMULATIVE REWARD COMPONENTS:
- makespan_reward: -3.8750
- setup_reward: -88.7500
- deadline_reward: 0.0000
- priority_reward: 0.0000
- critical_job_reward: 3.0000
- placement_reward: 0.0000
- timeliness_reward: 139.0362
- machine_idle_penalty: -61.2125

CUMULATIVE TOTAL: -11.8013

CRITICAL STATE INFO:
- Valid actions: ['J1', 'J2', 'J3', 'J4', 'J5', 'J6', 'J7', 'J8', 'J9', 'J10', 'J11', 'J12', 'J13', 'J14', 'J15', 'J16', 'J17', 'J18', 'J19', 'J20']
- Machine states:
  - Machine M1: Time=550.00, Idle=225.00, Material=Citybike_Hauptrahmen_zugeschnitten
  - Machine M2: Time=775.00, Idle=0.00, Material=Citybike_Schaltauge_bearbeitet
  - Machine M3: Time=739.00, Idle=36.00, Material=Racebike_Antrieb_installiert
==================================================

2025-05-22 15:29:04,058 - JSPGymEnvironment - INFO - Material change on machine M2: Citybike_Schaltauge_bearbeitet -> Racebike_Bremsaufnahme_gebohrt, setup time: 20
2025-05-22 15:29:04,058 - JSPGymEnvironment - INFO - Executed operation: Job J4, Op 3, Machine M2, Start: 795, End: 809, Setup: 20
2025-05-22 15:29:04,058 - JSPGymEnvironment - INFO - 
===== REWARD DETAILS FOR STEP 16 =====
Job: J4, Operation: 3, Job Completed: False
Current Time: 775.00 -> 809.00, Setup Time: 20.00
Processing Time: 14.00, Idle Time: 0.00
Completed Jobs: 0/20
Machine: M2, Material: Racebike_Bremsaufnahme_gebohrt

REWARD COMPONENTS:
- makespan_reward: -0.1700
- setup_reward: -5.0000
- deadline_reward: 0.0000
- priority_reward: 0.0000
- critical_job_reward: 0.0000
- placement_reward: 0.0000
- timeliness_reward: 9.3368
- machine_idle_penalty: -4.1125

TOTAL REWARD: 0.0543

CUMULATIVE REWARD COMPONENTS:
- makespan_reward: -4.0450
- setup_reward: -93.7500
- deadline_reward: 0.0000
- priority_reward: 0.0000
- critical_job_reward: 3.0000
- placement_reward: 0.0000
- timeliness_reward: 148.3729
- machine_idle_penalty: -65.3250

CUMULATIVE TOTAL: -11.7471

CRITICAL STATE INFO:
- Valid actions: ['J1', 'J2', 'J3', 'J4', 'J5', 'J6', 'J7', 'J8', 'J9', 'J10', 'J11', 'J12', 'J13', 'J14', 'J15', 'J16', 'J17', 'J18', 'J19', 'J20']
- Machine states:
  - Machine M1: Time=550.00, Idle=259.00, Material=Citybike_Hauptrahmen_zugeschnitten
  - Machine M2: Time=809.00, Idle=0.00, Material=Racebike_Bremsaufnahme_gebohrt
  - Machine M3: Time=739.00, Idle=70.00, Material=Racebike_Antrieb_installiert
==================================================

2025-05-22 15:29:04,089 - JSPGymEnvironment - INFO - Material change on machine M3: Racebike_Antrieb_installiert -> Citybike_Antrieb_installiert, setup time: 15
2025-05-22 15:29:04,089 - JSPGymEnvironment - INFO - Executed operation: Job J9, Op 2, Machine M3, Start: 824, End: 878, Setup: 15
2025-05-22 15:29:04,090 - JSPGymEnvironment - INFO - 
===== REWARD DETAILS FOR STEP 17 =====
Job: J9, Operation: 2, Job Completed: False
Current Time: 809.00 -> 878.00, Setup Time: 15.00
Processing Time: 54.00, Idle Time: 0.00
Completed Jobs: 0/20
Machine: M3, Material: Citybike_Antrieb_installiert

REWARD COMPONENTS:
- makespan_reward: -0.3450
- setup_reward: -3.7500
- deadline_reward: 0.0000
- priority_reward: 0.0000
- critical_job_reward: 0.5000
- placement_reward: 0.0000
- timeliness_reward: 9.3173
- machine_idle_penalty: -4.9625

TOTAL REWARD: 0.7598

CUMULATIVE REWARD COMPONENTS:
- makespan_reward: -4.3900
- setup_reward: -97.5000
- deadline_reward: 0.0000
- priority_reward: 0.0000
- critical_job_reward: 3.5000
- placement_reward: 0.0000
- timeliness_reward: 157.6902
- machine_idle_penalty: -70.2875

CUMULATIVE TOTAL: -10.9873

CRITICAL STATE INFO:
- Valid actions: ['J1', 'J2', 'J3', 'J4', 'J5', 'J6', 'J7', 'J8', 'J9', 'J10', 'J11', 'J12', 'J13', 'J14', 'J15', 'J16', 'J17', 'J18', 'J19', 'J20']
- Machine states:
  - Machine M1: Time=550.00, Idle=328.00, Material=Citybike_Hauptrahmen_zugeschnitten
  - Machine M2: Time=809.00, Idle=69.00, Material=Racebike_Bremsaufnahme_gebohrt
  - Machine M3: Time=878.00, Idle=0.00, Material=Citybike_Antrieb_installiert
==================================================

2025-05-22 15:29:04,119 - JSPGymEnvironment - INFO - Material change on machine M1: Citybike_Hauptrahmen_zugeschnitten -> E-Bike_Hauptrahmen_zugeschnitten, setup time: 40
2025-05-22 15:29:04,119 - JSPGymEnvironment - INFO - Executed operation: Job J13, Op 0, Machine M1, Start: 918, End: 959, Setup: 40
2025-05-22 15:29:04,119 - JSPGymEnvironment - INFO - 
===== REWARD DETAILS FOR STEP 18 =====
Job: J13, Operation: 0, Job Completed: False
Current Time: 878.00 -> 959.00, Setup Time: 40.00
Processing Time: 41.00, Idle Time: 0.00
Completed Jobs: 0/20
Machine: M1, Material: E-Bike_Hauptrahmen_zugeschnitten

REWARD COMPONENTS:
- makespan_reward: -0.4050
- setup_reward: -10.0000
- deadline_reward: 0.0000
- priority_reward: 0.0000
- critical_job_reward: 0.0000
- placement_reward: 0.0000
- timeliness_reward: 9.3080
- machine_idle_penalty: -2.8875

TOTAL REWARD: -3.9845

CUMULATIVE REWARD COMPONENTS:
- makespan_reward: -4.7950
- setup_reward: -107.5000
- deadline_reward: 0.0000
- priority_reward: 0.0000
- critical_job_reward: 3.5000
- placement_reward: 0.0000
- timeliness_reward: 166.9982
- machine_idle_penalty: -73.1750

CUMULATIVE TOTAL: -14.9718

CRITICAL STATE INFO:
- Valid actions: ['J1', 'J2', 'J3', 'J4', 'J5', 'J6', 'J7', 'J8', 'J9', 'J10', 'J11', 'J12', 'J13', 'J14', 'J15', 'J16', 'J17', 'J18', 'J19', 'J20']
- Machine states:
  - Machine M1: Time=959.00, Idle=0.00, Material=E-Bike_Hauptrahmen_zugeschnitten
  - Machine M2: Time=809.00, Idle=150.00, Material=Racebike_Bremsaufnahme_gebohrt
  - Machine M3: Time=878.00, Idle=81.00, Material=Citybike_Antrieb_installiert
==================================================

2025-05-22 15:29:04,146 - JSPGymEnvironment - INFO - Material change on machine M3: Citybike_Antrieb_installiert -> E-Bike_Antrieb_installiert, setup time: 15
2025-05-22 15:29:04,146 - JSPGymEnvironment - INFO - Executed operation: Job J19, Op 2, Machine M3, Start: 974, End: 996, Setup: 15
2025-05-22 15:29:04,147 - JSPGymEnvironment - INFO - 
===== REWARD DETAILS FOR STEP 19 =====
Job: J19, Operation: 2, Job Completed: False
Current Time: 959.00 -> 996.00, Setup Time: 15.00
Processing Time: 22.00, Idle Time: 0.00
Completed Jobs: 0/20
Machine: M3, Material: E-Bike_Antrieb_installiert

REWARD COMPONENTS:
- makespan_reward: -0.1850
- setup_reward: -3.7500
- deadline_reward: 0.0000
- priority_reward: 0.0000
- critical_job_reward: 0.5000
- placement_reward: 0.0000
- timeliness_reward: 9.3194
- machine_idle_penalty: -2.8000

TOTAL REWARD: 3.0844

CUMULATIVE REWARD COMPONENTS:
- makespan_reward: -4.9800
- setup_reward: -111.2500
- deadline_reward: 0.0000
- priority_reward: 0.0000
- critical_job_reward: 4.0000
- placement_reward: 0.0000
- timeliness_reward: 176.3176
- machine_idle_penalty: -75.9750

CUMULATIVE TOTAL: -11.8874

CRITICAL STATE INFO:
- Valid actions: ['J1', 'J2', 'J3', 'J4', 'J5', 'J6', 'J7', 'J8', 'J9', 'J10', 'J11', 'J12', 'J13', 'J14', 'J15', 'J16', 'J17', 'J18', 'J19', 'J20']
- Machine states:
  - Machine M1: Time=959.00, Idle=37.00, Material=E-Bike_Hauptrahmen_zugeschnitten
  - Machine M2: Time=809.00, Idle=187.00, Material=Racebike_Bremsaufnahme_gebohrt
  - Machine M3: Time=996.00, Idle=0.00, Material=E-Bike_Antrieb_installiert
==================================================

2025-05-22 15:29:04,174 - JSPGymEnvironment - INFO - Material change on machine M1: E-Bike_Hauptrahmen_zugeschnitten -> Citybike_Hauptrahmen_zugeschnitten, setup time: 40
2025-05-22 15:29:04,174 - JSPGymEnvironment - INFO - Executed operation: Job J14, Op 0, Machine M1, Start: 1036, End: 1054, Setup: 40
2025-05-22 15:29:04,175 - JSPGymEnvironment - INFO - 
===== REWARD DETAILS FOR STEP 20 =====
Job: J14, Operation: 0, Job Completed: False
Current Time: 996.00 -> 1054.00, Setup Time: 40.00
Processing Time: 18.00, Idle Time: 0.00
Completed Jobs: 0/20
Machine: M1, Material: Citybike_Hauptrahmen_zugeschnitten

REWARD COMPONENTS:
- makespan_reward: -0.2900
- setup_reward: -10.0000
- deadline_reward: 0.0000
- priority_reward: 0.0000
- critical_job_reward: 0.0000
- placement_reward: 0.0000
- timeliness_reward: 9.2815
- machine_idle_penalty: -3.7875

TOTAL REWARD: -4.7960

CUMULATIVE REWARD COMPONENTS:
- makespan_reward: -5.2700
- setup_reward: -121.2500
- deadline_reward: 0.0000
- priority_reward: 0.0000
- critical_job_reward: 4.0000
- placement_reward: 0.0000
- timeliness_reward: 185.5991
- machine_idle_penalty: -79.7625

CUMULATIVE TOTAL: -16.6834

CRITICAL STATE INFO:
- Valid actions: ['J1', 'J2', 'J3', 'J4', 'J5', 'J6', 'J7', 'J8', 'J9', 'J10', 'J11', 'J12', 'J13', 'J14', 'J15', 'J16', 'J17', 'J18', 'J19', 'J20']
- Machine states:
  - Machine M1: Time=1054.00, Idle=0.00, Material=Citybike_Hauptrahmen_zugeschnitten
  - Machine M2: Time=809.00, Idle=245.00, Material=Racebike_Bremsaufnahme_gebohrt
  - Machine M3: Time=996.00, Idle=58.00, Material=E-Bike_Antrieb_installiert
==================================================

2025-05-22 15:29:04,202 - JSPGymEnvironment - INFO - Material change on machine M2: Racebike_Bremsaufnahme_gebohrt -> E-Bike_Bremsaufnahme_gebohrt, setup time: 20
2025-05-22 15:29:04,203 - JSPGymEnvironment - INFO - Executed operation: Job J19, Op 3, Machine M2, Start: 1074, End: 1087, Setup: 20
2025-05-22 15:29:04,203 - JSPGymEnvironment - INFO - 
===== REWARD DETAILS FOR STEP 21 =====
Job: J19, Operation: 3, Job Completed: False
Current Time: 1054.00 -> 1087.00, Setup Time: 20.00
Processing Time: 13.00, Idle Time: 0.00
Completed Jobs: 0/20
Machine: M2, Material: E-Bike_Bremsaufnahme_gebohrt

REWARD COMPONENTS:
- makespan_reward: -0.1650
- setup_reward: -5.0000
- deadline_reward: 0.0000
- priority_reward: 0.0000
- critical_job_reward: 0.5000
- placement_reward: 0.0000
- timeliness_reward: 9.2938
- machine_idle_penalty: -1.5500

TOTAL REWARD: 3.0788

CUMULATIVE REWARD COMPONENTS:
- makespan_reward: -5.4350
- setup_reward: -126.2500
- deadline_reward: 0.0000
- priority_reward: 0.0000
- critical_job_reward: 4.5000
- placement_reward: 0.0000
- timeliness_reward: 194.8929
- machine_idle_penalty: -81.3125

CUMULATIVE TOTAL: -13.6046

CRITICAL STATE INFO:
- Valid actions: ['J1', 'J2', 'J3', 'J4', 'J5', 'J6', 'J7', 'J8', 'J9', 'J10', 'J11', 'J12', 'J13', 'J14', 'J15', 'J16', 'J17', 'J18', 'J19', 'J20']
- Machine states:
  - Machine M1: Time=1054.00, Idle=33.00, Material=Citybike_Hauptrahmen_zugeschnitten
  - Machine M2: Time=1087.00, Idle=0.00, Material=E-Bike_Bremsaufnahme_gebohrt
  - Machine M3: Time=996.00, Idle=91.00, Material=E-Bike_Antrieb_installiert
==================================================

2025-05-22 15:29:04,230 - JSPGymEnvironment - INFO - Material change on machine M2: E-Bike_Bremsaufnahme_gebohrt -> Racebike_Rahmen_nachbearbeitet, setup time: 20
2025-05-22 15:29:04,230 - JSPGymEnvironment - INFO - Executed operation: Job J4, Op 4, Machine M2, Start: 1107, End: 1132, Setup: 20
2025-05-22 15:29:04,230 - JSPGymEnvironment - INFO - 
===== REWARD DETAILS FOR STEP 22 =====
Job: J4, Operation: 4, Job Completed: False
Current Time: 1087.00 -> 1132.00, Setup Time: 20.00
Processing Time: 25.00, Idle Time: 0.00
Completed Jobs: 0/20
Machine: M2, Material: Racebike_Rahmen_nachbearbeitet

REWARD COMPONENTS:
- makespan_reward: -0.2250
- setup_reward: -5.0000
- deadline_reward: 0.0000
- priority_reward: 0.0000
- critical_job_reward: 0.0000
- placement_reward: 0.0000
- timeliness_reward: 9.2728
- machine_idle_penalty: -2.6750

TOTAL REWARD: 1.3728

CUMULATIVE REWARD COMPONENTS:
- makespan_reward: -5.6600
- setup_reward: -131.2500
- deadline_reward: 0.0000
- priority_reward: 0.0000
- critical_job_reward: 4.5000
- placement_reward: 0.0000
- timeliness_reward: 204.1657
- machine_idle_penalty: -83.9875

CUMULATIVE TOTAL: -12.2318

CRITICAL STATE INFO:
- Valid actions: ['J1', 'J2', 'J3', 'J4', 'J5', 'J6', 'J7', 'J8', 'J9', 'J10', 'J11', 'J12', 'J13', 'J14', 'J15', 'J16', 'J17', 'J18', 'J19', 'J20']
- Machine states:
  - Machine M1: Time=1054.00, Idle=78.00, Material=Citybike_Hauptrahmen_zugeschnitten
  - Machine M2: Time=1132.00, Idle=0.00, Material=Racebike_Rahmen_nachbearbeitet
  - Machine M3: Time=996.00, Idle=136.00, Material=E-Bike_Antrieb_installiert
==================================================

2025-05-22 15:29:04,258 - JSPGymEnvironment - INFO - Material change on machine M2: Racebike_Rahmen_nachbearbeitet -> E-Bike_Rahmen_nachbearbeitet, setup time: 20
2025-05-22 15:29:04,258 - JSPGymEnvironment - INFO - Executed operation: Job J19, Op 4, Machine M2, Start: 1152, End: 1169, Setup: 20
2025-05-22 15:29:04,258 - JSPGymEnvironment - INFO - 
===== REWARD DETAILS FOR STEP 23 =====
Job: J19, Operation: 4, Job Completed: False
Current Time: 1132.00 -> 1169.00, Setup Time: 20.00
Processing Time: 17.00, Idle Time: 0.00
Completed Jobs: 0/20
Machine: M2, Material: E-Bike_Rahmen_nachbearbeitet

REWARD COMPONENTS:
- makespan_reward: -0.1850
- setup_reward: -5.0000
- deadline_reward: 0.0000
- priority_reward: 0.0000
- critical_job_reward: 0.5000
- placement_reward: 0.0000
- timeliness_reward: 9.2596
- machine_idle_penalty: -3.6000

TOTAL REWARD: 0.9746

CUMULATIVE REWARD COMPONENTS:
- makespan_reward: -5.8450
- setup_reward: -136.2500
- deadline_reward: 0.0000
- priority_reward: 0.0000
- critical_job_reward: 5.0000
- placement_reward: 0.0000
- timeliness_reward: 213.4253
- machine_idle_penalty: -87.5875

CUMULATIVE TOTAL: -11.2572

CRITICAL STATE INFO:
- Valid actions: ['J1', 'J2', 'J3', 'J4', 'J5', 'J6', 'J7', 'J8', 'J9', 'J10', 'J11', 'J12', 'J13', 'J14', 'J15', 'J16', 'J17', 'J18', 'J19', 'J20']
- Machine states:
  - Machine M1: Time=1054.00, Idle=115.00, Material=Citybike_Hauptrahmen_zugeschnitten
  - Machine M2: Time=1169.00, Idle=0.00, Material=E-Bike_Rahmen_nachbearbeitet
  - Machine M3: Time=996.00, Idle=173.00, Material=E-Bike_Antrieb_installiert
==================================================

2025-05-22 15:29:04,286 - JSPGymEnvironment - INFO - Material change on machine M2: E-Bike_Rahmen_nachbearbeitet -> Mountainbike_Fahrrad_endmontiert, setup time: 20
2025-05-22 15:29:04,286 - JSPGymEnvironment - INFO - Executed operation: Job J18, Op 4, Machine M2, Start: 1189, End: 1202, Setup: 20
2025-05-22 15:29:04,286 - JSPGymEnvironment - INFO - Job J18 completed at time 1202, deadline: 2880, met: True, priority: 6
2025-05-22 15:29:04,286 - JSPGymEnvironment - INFO - 
===== REWARD DETAILS FOR STEP 24 =====
Job: J18, Operation: 4, Job Completed: True
Current Time: 1169.00 -> 1202.00, Setup Time: 20.00
Processing Time: 13.00, Idle Time: 0.00
Completed Jobs: 1/20
Machine: M2, Material: Mountainbike_Fahrrad_endmontiert
Job Deadline: 2880.00 (Met), Priority: 6

REWARD COMPONENTS:
- makespan_reward: -0.1650
- setup_reward: -5.0000
- deadline_reward: 20.0000
- priority_reward: 24.0000
- critical_job_reward: 0.0000
- placement_reward: 0.0000
- timeliness_reward: 9.2157
- machine_idle_penalty: -4.4250

TOTAL REWARD: 43.6257

CUMULATIVE REWARD COMPONENTS:
- makespan_reward: -6.0100
- setup_reward: -141.2500
- deadline_reward: 20.0000
- priority_reward: 24.0000
- critical_job_reward: 5.0000
- placement_reward: 0.0000
- timeliness_reward: 222.6410
- machine_idle_penalty: -92.0125

CUMULATIVE TOTAL: 32.3685

CRITICAL STATE INFO:
- Valid actions: ['J1', 'J2', 'J3', 'J4', 'J5', 'J6', 'J7', 'J8', 'J9', 'J10', 'J11', 'J12', 'J13', 'J14', 'J15', 'J16', 'J17', 'J19', 'J20']
- Machine states:
  - Machine M1: Time=1054.00, Idle=148.00, Material=Citybike_Hauptrahmen_zugeschnitten
  - Machine M2: Time=1202.00, Idle=0.00, Material=Mountainbike_Fahrrad_endmontiert
  - Machine M3: Time=996.00, Idle=206.00, Material=E-Bike_Antrieb_installiert
==================================================

2025-05-22 15:29:04,286 - JSPGymEnvironment - INFO - Retro-Bonus für Job J18: +10.0
2025-05-22 15:29:04,476 - JSPGymEnvironment - INFO - Material change on machine M1: Citybike_Hauptrahmen_zugeschnitten -> Racebike_Hauptrahmen_zugeschnitten, setup time: 40
2025-05-22 15:29:04,477 - JSPGymEnvironment - INFO - Executed operation: Job J1, Op 0, Machine M1, Start: 1242, End: 1282, Setup: 40
2025-05-22 15:29:04,477 - JSPGymEnvironment - INFO - 
===== REWARD DETAILS FOR STEP 25 =====
Job: J1, Operation: 0, Job Completed: False
Current Time: 1202.00 -> 1282.00, Setup Time: 40.00
Processing Time: 40.00, Idle Time: 0.00
Completed Jobs: 1/20
Machine: M1, Material: Racebike_Hauptrahmen_zugeschnitten

REWARD COMPONENTS:
- makespan_reward: -0.4000
- setup_reward: -10.0000
- deadline_reward: 0.0000
- priority_reward: 0.0000
- critical_job_reward: 0.0000
- placement_reward: 0.0000
- timeliness_reward: 9.1803
- machine_idle_penalty: -4.5750

TOTAL REWARD: -5.7947

CUMULATIVE REWARD COMPONENTS:
- makespan_reward: -6.4100
- setup_reward: -151.2500
- deadline_reward: 20.0000
- priority_reward: 24.0000
- critical_job_reward: 5.0000
- placement_reward: 0.0000
- timeliness_reward: 231.8212
- machine_idle_penalty: -96.5875

CUMULATIVE TOTAL: 26.5737

CRITICAL STATE INFO:
- Valid actions: ['J1', 'J2', 'J3', 'J4', 'J5', 'J6', 'J7', 'J8', 'J9', 'J10', 'J11', 'J12', 'J13', 'J14', 'J15', 'J16', 'J17', 'J19', 'J20']
- Machine states:
  - Machine M1: Time=1282.00, Idle=0.00, Material=Racebike_Hauptrahmen_zugeschnitten
  - Machine M2: Time=1202.00, Idle=80.00, Material=Mountainbike_Fahrrad_endmontiert
  - Machine M3: Time=996.00, Idle=286.00, Material=E-Bike_Antrieb_installiert
==================================================

2025-05-22 15:29:04,504 - JSPGymEnvironment - INFO - Material change on machine M2: Mountainbike_Fahrrad_endmontiert -> Citybike_Bremsaufnahme_gebohrt, setup time: 20
2025-05-22 15:29:04,504 - JSPGymEnvironment - INFO - Executed operation: Job J9, Op 3, Machine M2, Start: 1302, End: 1325, Setup: 20
2025-05-22 15:29:04,504 - JSPGymEnvironment - INFO - 
===== REWARD DETAILS FOR STEP 26 =====
Job: J9, Operation: 3, Job Completed: False
Current Time: 1282.00 -> 1325.00, Setup Time: 20.00
Processing Time: 23.00, Idle Time: 0.00
Completed Jobs: 1/20
Machine: M2, Material: Citybike_Bremsaufnahme_gebohrt

REWARD COMPONENTS:
- makespan_reward: -0.2150
- setup_reward: -5.0000
- deadline_reward: 0.0000
- priority_reward: 0.0000
- critical_job_reward: 0.5000
- placement_reward: 0.0000
- timeliness_reward: 9.1289
- machine_idle_penalty: -4.6500

TOTAL REWARD: -0.2361

CUMULATIVE REWARD COMPONENTS:
- makespan_reward: -6.6250
- setup_reward: -156.2500
- deadline_reward: 20.0000
- priority_reward: 24.0000
- critical_job_reward: 5.5000
- placement_reward: 0.0000
- timeliness_reward: 240.9502
- machine_idle_penalty: -101.2375

CUMULATIVE TOTAL: 26.3377

CRITICAL STATE INFO:
- Valid actions: ['J1', 'J2', 'J3', 'J4', 'J5', 'J6', 'J7', 'J8', 'J9', 'J10', 'J11', 'J12', 'J13', 'J14', 'J15', 'J16', 'J17', 'J19', 'J20']
- Machine states:
  - Machine M1: Time=1282.00, Idle=43.00, Material=Racebike_Hauptrahmen_zugeschnitten
  - Machine M2: Time=1325.00, Idle=0.00, Material=Citybike_Bremsaufnahme_gebohrt
  - Machine M3: Time=996.00, Idle=329.00, Material=E-Bike_Antrieb_installiert
==================================================

2025-05-22 15:29:04,531 - JSPGymEnvironment - INFO - Material change on machine M2: Citybike_Bremsaufnahme_gebohrt -> Racebike_Schaltauge_bearbeitet, setup time: 20
2025-05-22 15:29:04,531 - JSPGymEnvironment - INFO - Executed operation: Job J1, Op 1, Machine M2, Start: 1345, End: 1361, Setup: 20
2025-05-22 15:29:04,532 - JSPGymEnvironment - INFO - 
===== REWARD DETAILS FOR STEP 27 =====
Job: J1, Operation: 1, Job Completed: False
Current Time: 1325.00 -> 1361.00, Setup Time: 20.00
Processing Time: 16.00, Idle Time: 0.00
Completed Jobs: 1/20
Machine: M2, Material: Racebike_Schaltauge_bearbeitet

REWARD COMPONENTS:
- makespan_reward: -0.1800
- setup_reward: -5.0000
- deadline_reward: 0.0000
- priority_reward: 0.0000
- critical_job_reward: 0.0000
- placement_reward: 0.0000
- timeliness_reward: 9.1151
- machine_idle_penalty: -5.5500

TOTAL REWARD: -1.6149

CUMULATIVE REWARD COMPONENTS:
- makespan_reward: -6.8050
- setup_reward: -161.2500
- deadline_reward: 20.0000
- priority_reward: 24.0000
- critical_job_reward: 5.5000
- placement_reward: 0.0000
- timeliness_reward: 250.0653
- machine_idle_penalty: -106.7875

CUMULATIVE TOTAL: 24.7228

CRITICAL STATE INFO:
- Valid actions: ['J1', 'J2', 'J3', 'J4', 'J5', 'J6', 'J7', 'J8', 'J9', 'J10', 'J11', 'J12', 'J13', 'J14', 'J15', 'J16', 'J17', 'J19', 'J20']
- Machine states:
  - Machine M1: Time=1282.00, Idle=79.00, Material=Racebike_Hauptrahmen_zugeschnitten
  - Machine M2: Time=1361.00, Idle=0.00, Material=Racebike_Schaltauge_bearbeitet
  - Machine M3: Time=996.00, Idle=365.00, Material=E-Bike_Antrieb_installiert
==================================================

2025-05-22 15:29:04,559 - JSPGymEnvironment - INFO - Material change on machine M2: Racebike_Schaltauge_bearbeitet -> Racebike_Rahmen_nachbearbeitet, setup time: 20
2025-05-22 15:29:04,559 - JSPGymEnvironment - INFO - Executed operation: Job J4, Op 5, Machine M2, Start: 1381, End: 1405, Setup: 20
2025-05-22 15:29:04,560 - JSPGymEnvironment - INFO - 
===== REWARD DETAILS FOR STEP 28 =====
Job: J4, Operation: 5, Job Completed: False
Current Time: 1361.00 -> 1405.00, Setup Time: 20.00
Processing Time: 24.00, Idle Time: 0.00
Completed Jobs: 1/20
Machine: M2, Material: Racebike_Rahmen_nachbearbeitet

REWARD COMPONENTS:
- makespan_reward: -0.2200
- setup_reward: -5.0000
- deadline_reward: 0.0000
- priority_reward: 0.0000
- critical_job_reward: 0.0000
- placement_reward: 0.0000
- timeliness_reward: 9.0791
- machine_idle_penalty: -6.6500

TOTAL REWARD: -2.7909

CUMULATIVE REWARD COMPONENTS:
- makespan_reward: -7.0250
- setup_reward: -166.2500
- deadline_reward: 20.0000
- priority_reward: 24.0000
- critical_job_reward: 5.5000
- placement_reward: 0.0000
- timeliness_reward: 259.1444
- machine_idle_penalty: -113.4375

CUMULATIVE TOTAL: 21.9319

CRITICAL STATE INFO:
- Valid actions: ['J1', 'J2', 'J3', 'J4', 'J5', 'J6', 'J7', 'J8', 'J9', 'J10', 'J11', 'J12', 'J13', 'J14', 'J15', 'J16', 'J17', 'J19', 'J20']
- Machine states:
  - Machine M1: Time=1282.00, Idle=123.00, Material=Racebike_Hauptrahmen_zugeschnitten
  - Machine M2: Time=1405.00, Idle=0.00, Material=Racebike_Rahmen_nachbearbeitet
  - Machine M3: Time=996.00, Idle=409.00, Material=E-Bike_Antrieb_installiert
==================================================

2025-05-22 15:29:04,587 - JSPGymEnvironment - INFO - Material change on machine M2: Racebike_Rahmen_nachbearbeitet -> Citybike_Rahmen_nachbearbeitet, setup time: 20
2025-05-22 15:29:04,587 - JSPGymEnvironment - INFO - Executed operation: Job J9, Op 4, Machine M2, Start: 1425, End: 1437, Setup: 20
2025-05-22 15:29:04,587 - JSPGymEnvironment - INFO - 
===== REWARD DETAILS FOR STEP 29 =====
Job: J9, Operation: 4, Job Completed: False
Current Time: 1405.00 -> 1437.00, Setup Time: 20.00
Processing Time: 12.00, Idle Time: 0.00
Completed Jobs: 1/20
Machine: M2, Material: Citybike_Rahmen_nachbearbeitet

REWARD COMPONENTS:
- makespan_reward: -0.1600
- setup_reward: -5.0000
- deadline_reward: 0.0000
- priority_reward: 0.0000
- critical_job_reward: 0.5000
- placement_reward: 0.0000
- timeliness_reward: 9.0178
- machine_idle_penalty: -7.4500

TOTAL REWARD: -3.0922

CUMULATIVE REWARD COMPONENTS:
- makespan_reward: -7.1850
- setup_reward: -171.2500
- deadline_reward: 20.0000
- priority_reward: 24.0000
- critical_job_reward: 6.0000
- placement_reward: 0.0000
- timeliness_reward: 268.1622
- machine_idle_penalty: -120.8875

CUMULATIVE TOTAL: 18.8397

CRITICAL STATE INFO:
- Valid actions: ['J1', 'J2', 'J3', 'J4', 'J5', 'J6', 'J7', 'J8', 'J9', 'J10', 'J11', 'J12', 'J13', 'J14', 'J15', 'J16', 'J17', 'J19', 'J20']
- Machine states:
  - Machine M1: Time=1282.00, Idle=155.00, Material=Racebike_Hauptrahmen_zugeschnitten
  - Machine M2: Time=1437.00, Idle=0.00, Material=Citybike_Rahmen_nachbearbeitet
  - Machine M3: Time=996.00, Idle=441.00, Material=E-Bike_Antrieb_installiert
==================================================

2025-05-22 15:29:04,615 - JSPGymEnvironment - INFO - Material change on machine M2: Citybike_Rahmen_nachbearbeitet -> Racebike_Schaltauge_bearbeitet, setup time: 20
2025-05-22 15:29:04,615 - JSPGymEnvironment - INFO - Executed operation: Job J6, Op 1, Machine M2, Start: 1457, End: 1470, Setup: 20
2025-05-22 15:29:04,615 - JSPGymEnvironment - INFO - 
===== REWARD DETAILS FOR STEP 30 =====
Job: J6, Operation: 1, Job Completed: False
Current Time: 1437.00 -> 1470.00, Setup Time: 20.00
Processing Time: 13.00, Idle Time: 0.00
Completed Jobs: 1/20
Machine: M2, Material: Racebike_Schaltauge_bearbeitet

REWARD COMPONENTS:
- makespan_reward: -0.1650
- setup_reward: -5.0000
- deadline_reward: 0.0000
- priority_reward: 0.0000
- critical_job_reward: 0.5000
- placement_reward: 0.0000
- timeliness_reward: 8.9782
- machine_idle_penalty: -8.2750

TOTAL REWARD: -3.9618

CUMULATIVE REWARD COMPONENTS:
- makespan_reward: -7.3500
- setup_reward: -176.2500
- deadline_reward: 20.0000
- priority_reward: 24.0000
- critical_job_reward: 6.5000
- placement_reward: 0.0000
- timeliness_reward: 277.1404
- machine_idle_penalty: -129.1625

CUMULATIVE TOTAL: 14.8779

CRITICAL STATE INFO:
- Valid actions: ['J1', 'J2', 'J3', 'J4', 'J5', 'J6', 'J7', 'J8', 'J9', 'J10', 'J11', 'J12', 'J13', 'J14', 'J15', 'J16', 'J17', 'J19', 'J20']
- Machine states:
  - Machine M1: Time=1282.00, Idle=188.00, Material=Racebike_Hauptrahmen_zugeschnitten
  - Machine M2: Time=1470.00, Idle=0.00, Material=Racebike_Schaltauge_bearbeitet
  - Machine M3: Time=996.00, Idle=474.00, Material=E-Bike_Antrieb_installiert
==================================================

2025-05-22 15:29:04,643 - JSPGymEnvironment - INFO - Material change on machine M2: Racebike_Schaltauge_bearbeitet -> Citybike_Schaltauge_bearbeitet, setup time: 20
2025-05-22 15:29:04,643 - JSPGymEnvironment - INFO - Executed operation: Job J8, Op 1, Machine M2, Start: 1490, End: 1503, Setup: 20
2025-05-22 15:29:04,644 - JSPGymEnvironment - INFO - 
===== REWARD DETAILS FOR STEP 31 =====
Job: J8, Operation: 1, Job Completed: False
Current Time: 1470.00 -> 1503.00, Setup Time: 20.00
Processing Time: 13.00, Idle Time: 0.00
Completed Jobs: 1/20
Machine: M2, Material: Citybike_Schaltauge_bearbeitet

REWARD COMPONENTS:
- makespan_reward: -0.1650
- setup_reward: -5.0000
- deadline_reward: 0.0000
- priority_reward: 0.0000
- critical_job_reward: 0.0000
- placement_reward: 0.0000
- timeliness_reward: 8.9620
- machine_idle_penalty: -9.1000

TOTAL REWARD: -5.3030

CUMULATIVE REWARD COMPONENTS:
- makespan_reward: -7.5150
- setup_reward: -181.2500
- deadline_reward: 20.0000
- priority_reward: 24.0000
- critical_job_reward: 6.5000
- placement_reward: 0.0000
- timeliness_reward: 286.1023
- machine_idle_penalty: -138.2625

CUMULATIVE TOTAL: 9.5748

CRITICAL STATE INFO:
- Valid actions: ['J1', 'J2', 'J3', 'J4', 'J5', 'J6', 'J7', 'J8', 'J9', 'J10', 'J11', 'J12', 'J13', 'J14', 'J15', 'J16', 'J17', 'J19', 'J20']
- Machine states:
  - Machine M1: Time=1282.00, Idle=221.00, Material=Racebike_Hauptrahmen_zugeschnitten
  - Machine M2: Time=1503.00, Idle=0.00, Material=Citybike_Schaltauge_bearbeitet
  - Machine M3: Time=996.00, Idle=507.00, Material=E-Bike_Antrieb_installiert
==================================================

2025-05-22 15:29:04,674 - JSPGymEnvironment - INFO - Material change on machine M3: E-Bike_Antrieb_installiert -> Citybike_Fahrrad_endmontiert, setup time: 15
2025-05-22 15:29:04,674 - JSPGymEnvironment - INFO - Executed operation: Job J9, Op 5, Machine M3, Start: 1518, End: 1569, Setup: 15
2025-05-22 15:29:04,674 - JSPGymEnvironment - INFO - 
===== REWARD DETAILS FOR STEP 32 =====
Job: J9, Operation: 5, Job Completed: False
Current Time: 1503.00 -> 1569.00, Setup Time: 15.00
Processing Time: 51.00, Idle Time: 0.00
Completed Jobs: 1/20
Machine: M3, Material: Citybike_Fahrrad_endmontiert

REWARD COMPONENTS:
- makespan_reward: -0.3300
- setup_reward: -3.7500
- deadline_reward: 0.0000
- priority_reward: 0.0000
- critical_job_reward: 0.5000
- placement_reward: 0.0000
- timeliness_reward: 8.8382
- machine_idle_penalty: -4.4125

TOTAL REWARD: 0.8457

CUMULATIVE REWARD COMPONENTS:
- makespan_reward: -7.8450
- setup_reward: -185.0000
- deadline_reward: 20.0000
- priority_reward: 24.0000
- critical_job_reward: 7.0000
- placement_reward: 0.0000
- timeliness_reward: 294.9405
- machine_idle_penalty: -142.6750

CUMULATIVE TOTAL: 10.4205

CRITICAL STATE INFO:
- Valid actions: ['J1', 'J2', 'J3', 'J4', 'J5', 'J6', 'J7', 'J8', 'J9', 'J10', 'J11', 'J12', 'J13', 'J14', 'J15', 'J16', 'J17', 'J19', 'J20']
- Machine states:
  - Machine M1: Time=1282.00, Idle=287.00, Material=Racebike_Hauptrahmen_zugeschnitten
  - Machine M2: Time=1503.00, Idle=66.00, Material=Citybike_Schaltauge_bearbeitet
  - Machine M3: Time=1569.00, Idle=0.00, Material=Citybike_Fahrrad_endmontiert
==================================================

2025-05-22 15:29:04,703 - JSPGymEnvironment - INFO - Executed operation: Job J9, Op 6, Machine M3, Start: 1579, End: 1602, Setup: 10
2025-05-22 15:29:04,703 - JSPGymEnvironment - INFO - Job J9 completed at time 1602, deadline: 2880, met: True, priority: 8
2025-05-22 15:29:04,703 - JSPGymEnvironment - INFO - 
===== REWARD DETAILS FOR STEP 33 =====
Job: J9, Operation: 6, Job Completed: True
Current Time: 1569.00 -> 1602.00, Setup Time: 10.00
Processing Time: 23.00, Idle Time: 0.00
Completed Jobs: 2/20
Machine: M3, Material: Citybike_Fahrrad_endmontiert
Job Deadline: 2880.00 (Met), Priority: 8

REWARD COMPONENTS:
- makespan_reward: -0.1650
- setup_reward: -2.5000
- deadline_reward: 20.0000
- priority_reward: 32.0000
- critical_job_reward: 17.8250
- placement_reward: 0.0000
- timeliness_reward: 8.7805
- machine_idle_penalty: -5.2375

TOTAL REWARD: 70.7030

CUMULATIVE REWARD COMPONENTS:
- makespan_reward: -8.0100
- setup_reward: -187.5000
- deadline_reward: 40.0000
- priority_reward: 56.0000
- critical_job_reward: 24.8250
- placement_reward: 0.0000
- timeliness_reward: 303.7210
- machine_idle_penalty: -147.9125

CUMULATIVE TOTAL: 81.1235

CRITICAL STATE INFO:
- Valid actions: ['J1', 'J2', 'J3', 'J4', 'J5', 'J6', 'J7', 'J8', 'J10', 'J11', 'J12', 'J13', 'J14', 'J15', 'J16', 'J17', 'J19', 'J20']
- Machine states:
  - Machine M1: Time=1282.00, Idle=320.00, Material=Racebike_Hauptrahmen_zugeschnitten
  - Machine M2: Time=1503.00, Idle=99.00, Material=Citybike_Schaltauge_bearbeitet
  - Machine M3: Time=1602.00, Idle=0.00, Material=Citybike_Fahrrad_endmontiert
==================================================

2025-05-22 15:29:04,703 - JSPGymEnvironment - INFO - Retro-Bonus für Job J9: +15.0
2025-05-22 15:29:04,736 - JSPGymEnvironment - INFO - Material change on machine M2: Citybike_Schaltauge_bearbeitet -> E-Bike_Rahmen_nachbearbeitet, setup time: 20
2025-05-22 15:29:04,736 - JSPGymEnvironment - INFO - Executed operation: Job J19, Op 5, Machine M2, Start: 1622, End: 1643, Setup: 20
2025-05-22 15:29:04,737 - JSPGymEnvironment - INFO - 
===== REWARD DETAILS FOR STEP 34 =====
Job: J19, Operation: 5, Job Completed: False
Current Time: 1602.00 -> 1643.00, Setup Time: 20.00
Processing Time: 21.00, Idle Time: 0.00
Completed Jobs: 2/20
Machine: M2, Material: E-Bike_Rahmen_nachbearbeitet

REWARD COMPONENTS:
- makespan_reward: -0.2050
- setup_reward: -5.0000
- deadline_reward: 0.0000
- priority_reward: 0.0000
- critical_job_reward: 0.5000
- placement_reward: 0.0000
- timeliness_reward: 8.7424
- machine_idle_penalty: -5.0250

TOTAL REWARD: -0.9876

CUMULATIVE REWARD COMPONENTS:
- makespan_reward: -8.2150
- setup_reward: -192.5000
- deadline_reward: 40.0000
- priority_reward: 56.0000
- critical_job_reward: 25.3250
- placement_reward: 0.0000
- timeliness_reward: 312.4635
- machine_idle_penalty: -152.9375

CUMULATIVE TOTAL: 80.1360

CRITICAL STATE INFO:
- Valid actions: ['J1', 'J2', 'J3', 'J4', 'J5', 'J6', 'J7', 'J8', 'J10', 'J11', 'J12', 'J13', 'J14', 'J15', 'J16', 'J17', 'J19', 'J20']
- Machine states:
  - Machine M1: Time=1282.00, Idle=361.00, Material=Racebike_Hauptrahmen_zugeschnitten
  - Machine M2: Time=1643.00, Idle=0.00, Material=E-Bike_Rahmen_nachbearbeitet
  - Machine M3: Time=1602.00, Idle=41.00, Material=Citybike_Fahrrad_endmontiert
==================================================

2025-05-22 15:29:04,768 - JSPGymEnvironment - INFO - Material change on machine M3: Citybike_Fahrrad_endmontiert -> Racebike_Fahrrad_endmontiert, setup time: 15
2025-05-22 15:29:04,768 - JSPGymEnvironment - INFO - Executed operation: Job J4, Op 6, Machine M3, Start: 1658, End: 1684, Setup: 15
2025-05-22 15:29:04,768 - JSPGymEnvironment - INFO - Job J4 completed at time 1684, deadline: 2757, met: True, priority: 7
2025-05-22 15:29:04,768 - JSPGymEnvironment - INFO - 
===== REWARD DETAILS FOR STEP 35 =====
Job: J4, Operation: 6, Job Completed: True
Current Time: 1643.00 -> 1684.00, Setup Time: 15.00
Processing Time: 26.00, Idle Time: 0.00
Completed Jobs: 3/20
Machine: M3, Material: Racebike_Fahrrad_endmontiert
Job Deadline: 2757.00 (Met), Priority: 7

REWARD COMPONENTS:
- makespan_reward: -0.2050
- setup_reward: -3.7500
- deadline_reward: 20.0000
- priority_reward: 28.0000
- critical_job_reward: 0.0000
- placement_reward: 0.0000
- timeliness_reward: 8.6647
- machine_idle_penalty: -5.5375

TOTAL REWARD: 47.1722

CUMULATIVE REWARD COMPONENTS:
- makespan_reward: -8.4200
- setup_reward: -196.2500
- deadline_reward: 60.0000
- priority_reward: 84.0000
- critical_job_reward: 25.3250
- placement_reward: 0.0000
- timeliness_reward: 321.1282
- machine_idle_penalty: -158.4750

CUMULATIVE TOTAL: 127.3082

CRITICAL STATE INFO:
- Valid actions: ['J1', 'J2', 'J3', 'J5', 'J6', 'J7', 'J8', 'J10', 'J11', 'J12', 'J13', 'J14', 'J15', 'J16', 'J17', 'J19', 'J20']
- Machine states:
  - Machine M1: Time=1282.00, Idle=402.00, Material=Racebike_Hauptrahmen_zugeschnitten
  - Machine M2: Time=1643.00, Idle=41.00, Material=E-Bike_Rahmen_nachbearbeitet
  - Machine M3: Time=1684.00, Idle=0.00, Material=Racebike_Fahrrad_endmontiert
==================================================

2025-05-22 15:29:04,768 - JSPGymEnvironment - INFO - Retro-Bonus für Job J4: +10.0
2025-05-22 15:29:04,796 - JSPGymEnvironment - INFO - Material change on machine M2: E-Bike_Rahmen_nachbearbeitet -> E-Bike_Fahrrad_endmontiert, setup time: 20
2025-05-22 15:29:04,796 - JSPGymEnvironment - INFO - Executed operation: Job J19, Op 6, Machine M2, Start: 1704, End: 1729, Setup: 20
2025-05-22 15:29:04,796 - JSPGymEnvironment - INFO - Job J19 completed at time 1729, deadline: 2737, met: True, priority: 8
2025-05-22 15:29:04,797 - JSPGymEnvironment - INFO - 
===== REWARD DETAILS FOR STEP 36 =====
Job: J19, Operation: 6, Job Completed: True
Current Time: 1684.00 -> 1729.00, Setup Time: 20.00
Processing Time: 25.00, Idle Time: 0.00
Completed Jobs: 4/20
Machine: M2, Material: E-Bike_Fahrrad_endmontiert
Job Deadline: 2737.00 (Met), Priority: 8

REWARD COMPONENTS:
- makespan_reward: -0.2250
- setup_reward: -5.0000
- deadline_reward: 20.0000
- priority_reward: 32.0000
- critical_job_reward: 16.9194
- placement_reward: 0.0000
- timeliness_reward: 8.5896
- machine_idle_penalty: -6.1500

TOTAL REWARD: 66.1340

CUMULATIVE REWARD COMPONENTS:
- makespan_reward: -8.6450
- setup_reward: -201.2500
- deadline_reward: 80.0000
- priority_reward: 116.0000
- critical_job_reward: 42.2444
- placement_reward: 0.0000
- timeliness_reward: 329.7178
- machine_idle_penalty: -164.6250

CUMULATIVE TOTAL: 193.4422

CRITICAL STATE INFO:
- Valid actions: ['J1', 'J2', 'J3', 'J5', 'J6', 'J7', 'J8', 'J10', 'J11', 'J12', 'J13', 'J14', 'J15', 'J16', 'J17', 'J20']
- Machine states:
  - Machine M1: Time=1282.00, Idle=447.00, Material=Racebike_Hauptrahmen_zugeschnitten
  - Machine M2: Time=1729.00, Idle=0.00, Material=E-Bike_Fahrrad_endmontiert
  - Machine M3: Time=1684.00, Idle=45.00, Material=Racebike_Fahrrad_endmontiert
==================================================

2025-05-22 15:29:04,797 - JSPGymEnvironment - INFO - Retro-Bonus für Job J19: +15.0
2025-05-22 15:29:04,825 - JSPGymEnvironment - INFO - Material change on machine M3: Racebike_Fahrrad_endmontiert -> Citybike_Antrieb_installiert, setup time: 15
2025-05-22 15:29:04,825 - JSPGymEnvironment - INFO - Executed operation: Job J8, Op 2, Machine M3, Start: 1744, End: 1798, Setup: 15
2025-05-22 15:29:04,825 - JSPGymEnvironment - INFO - 
===== REWARD DETAILS FOR STEP 37 =====
Job: J8, Operation: 2, Job Completed: False
Current Time: 1729.00 -> 1798.00, Setup Time: 15.00
Processing Time: 54.00, Idle Time: 0.00
Completed Jobs: 4/20
Machine: M3, Material: Citybike_Antrieb_installiert

REWARD COMPONENTS:
- makespan_reward: -0.3450
- setup_reward: -3.7500
- deadline_reward: 0.0000
- priority_reward: 0.0000
- critical_job_reward: 0.0000
- placement_reward: 0.0000
- timeliness_reward: 8.4203
- machine_idle_penalty: -7.3125

TOTAL REWARD: -2.9872

CUMULATIVE REWARD COMPONENTS:
- makespan_reward: -8.9900
- setup_reward: -205.0000
- deadline_reward: 80.0000
- priority_reward: 116.0000
- critical_job_reward: 42.2444
- placement_reward: 0.0000
- timeliness_reward: 338.1381
- machine_idle_penalty: -171.9375

CUMULATIVE TOTAL: 190.4551

CRITICAL STATE INFO:
- Valid actions: ['J1', 'J2', 'J3', 'J5', 'J6', 'J7', 'J8', 'J10', 'J11', 'J12', 'J13', 'J14', 'J15', 'J16', 'J17', 'J20']
- Machine states:
  - Machine M1: Time=1282.00, Idle=516.00, Material=Racebike_Hauptrahmen_zugeschnitten
  - Machine M2: Time=1729.00, Idle=69.00, Material=E-Bike_Fahrrad_endmontiert
  - Machine M3: Time=1798.00, Idle=0.00, Material=Citybike_Antrieb_installiert
==================================================

2025-05-22 15:29:05,019 - JSPGymEnvironment - INFO - Material change on machine M2: E-Bike_Fahrrad_endmontiert -> Citybike_Schaltauge_bearbeitet, setup time: 20
2025-05-22 15:29:05,019 - JSPGymEnvironment - INFO - Executed operation: Job J14, Op 1, Machine M2, Start: 1818, End: 1834, Setup: 20
2025-05-22 15:29:05,019 - JSPGymEnvironment - INFO - 
===== REWARD DETAILS FOR STEP 38 =====
Job: J14, Operation: 1, Job Completed: False
Current Time: 1798.00 -> 1834.00, Setup Time: 20.00
Processing Time: 16.00, Idle Time: 0.00
Completed Jobs: 4/20
Machine: M2, Material: Citybike_Schaltauge_bearbeitet

REWARD COMPONENTS:
- makespan_reward: -0.1800
- setup_reward: -5.0000
- deadline_reward: 0.0000
- priority_reward: 0.0000
- critical_job_reward: 0.0000
- placement_reward: 0.0000
- timeliness_reward: 8.2936
- machine_idle_penalty: -7.3500

TOTAL REWARD: -4.2364

CUMULATIVE REWARD COMPONENTS:
- makespan_reward: -9.1700
- setup_reward: -210.0000
- deadline_reward: 80.0000
- priority_reward: 116.0000
- critical_job_reward: 42.2444
- placement_reward: 0.0000
- timeliness_reward: 346.4318
- machine_idle_penalty: -179.2875

CUMULATIVE TOTAL: 186.2187

CRITICAL STATE INFO:
- Valid actions: ['J1', 'J2', 'J3', 'J5', 'J6', 'J7', 'J8', 'J10', 'J11', 'J12', 'J13', 'J14', 'J15', 'J16', 'J17', 'J20']
- Machine states:
  - Machine M1: Time=1282.00, Idle=552.00, Material=Racebike_Hauptrahmen_zugeschnitten
  - Machine M2: Time=1834.00, Idle=0.00, Material=Citybike_Schaltauge_bearbeitet
  - Machine M3: Time=1798.00, Idle=36.00, Material=Citybike_Antrieb_installiert
==================================================

2025-05-22 15:29:05,048 - JSPGymEnvironment - INFO - Material change on machine M1: Racebike_Hauptrahmen_zugeschnitten -> Mountainbike_Hauptrahmen_zugeschnitten, setup time: 40
2025-05-22 15:29:05,048 - JSPGymEnvironment - INFO - Executed operation: Job J12, Op 0, Machine M1, Start: 1874, End: 1905, Setup: 40
2025-05-22 15:29:05,048 - JSPGymEnvironment - INFO - 
===== REWARD DETAILS FOR STEP 39 =====
Job: J12, Operation: 0, Job Completed: False
Current Time: 1834.00 -> 1905.00, Setup Time: 40.00
Processing Time: 31.00, Idle Time: 0.00
Completed Jobs: 4/20
Machine: M1, Material: Mountainbike_Hauptrahmen_zugeschnitten

REWARD COMPONENTS:
- makespan_reward: -0.3550
- setup_reward: -10.0000
- deadline_reward: 0.0000
- priority_reward: 0.0000
- critical_job_reward: 0.0000
- placement_reward: 0.0000
- timeliness_reward: 8.0916
- machine_idle_penalty: -2.2250

TOTAL REWARD: -4.4884

CUMULATIVE REWARD COMPONENTS:
- makespan_reward: -9.5250
- setup_reward: -220.0000
- deadline_reward: 80.0000
- priority_reward: 116.0000
- critical_job_reward: 42.2444
- placement_reward: 0.0000
- timeliness_reward: 354.5233
- machine_idle_penalty: -181.5125

CUMULATIVE TOTAL: 181.7303

CRITICAL STATE INFO:
- Valid actions: ['J1', 'J2', 'J3', 'J5', 'J6', 'J7', 'J8', 'J10', 'J11', 'J12', 'J13', 'J14', 'J15', 'J16', 'J17', 'J20']
- Machine states:
  - Machine M1: Time=1905.00, Idle=0.00, Material=Mountainbike_Hauptrahmen_zugeschnitten
  - Machine M2: Time=1834.00, Idle=71.00, Material=Citybike_Schaltauge_bearbeitet
  - Machine M3: Time=1798.00, Idle=107.00, Material=Citybike_Antrieb_installiert
==================================================

2025-05-22 15:29:05,078 - JSPGymEnvironment - INFO - Material change on machine M3: Citybike_Antrieb_installiert -> Racebike_Antrieb_installiert, setup time: 15
2025-05-22 15:29:05,078 - JSPGymEnvironment - INFO - Executed operation: Job J6, Op 2, Machine M3, Start: 1920, End: 1958, Setup: 15
2025-05-22 15:29:05,079 - JSPGymEnvironment - INFO - 
===== REWARD DETAILS FOR STEP 40 =====
Job: J6, Operation: 2, Job Completed: False
Current Time: 1905.00 -> 1958.00, Setup Time: 15.00
Processing Time: 38.00, Idle Time: 0.00
Completed Jobs: 4/20
Machine: M3, Material: Racebike_Antrieb_installiert

REWARD COMPONENTS:
- makespan_reward: -0.2650
- setup_reward: -3.7500
- deadline_reward: 0.0000
- priority_reward: 0.0000
- critical_job_reward: 0.5000
- placement_reward: 0.0000
- timeliness_reward: 7.9142
- machine_idle_penalty: -2.2125

TOTAL REWARD: 2.1867

CUMULATIVE REWARD COMPONENTS:
- makespan_reward: -9.7900
- setup_reward: -223.7500
- deadline_reward: 80.0000
- priority_reward: 116.0000
- critical_job_reward: 42.7444
- placement_reward: 0.0000
- timeliness_reward: 362.4375
- machine_idle_penalty: -183.7250

CUMULATIVE TOTAL: 183.9169

CRITICAL STATE INFO:
- Valid actions: ['J1', 'J2', 'J3', 'J5', 'J6', 'J7', 'J8', 'J10', 'J11', 'J12', 'J13', 'J14', 'J15', 'J16', 'J17', 'J20']
- Machine states:
  - Machine M1: Time=1905.00, Idle=53.00, Material=Mountainbike_Hauptrahmen_zugeschnitten
  - Machine M2: Time=1834.00, Idle=124.00, Material=Citybike_Schaltauge_bearbeitet
  - Machine M3: Time=1958.00, Idle=0.00, Material=Racebike_Antrieb_installiert
==================================================

2025-05-22 15:29:05,113 - JSPGymEnvironment - INFO - Material change on machine M3: Racebike_Antrieb_installiert -> Racebike_Bremsen_justiert, setup time: 15
2025-05-22 15:29:05,113 - JSPGymEnvironment - INFO - Executed operation: Job J6, Op 3, Machine M3, Start: 1973, End: 2031, Setup: 15
2025-05-22 15:29:05,114 - JSPGymEnvironment - INFO - 
===== REWARD DETAILS FOR STEP 41 =====
Job: J6, Operation: 3, Job Completed: False
Current Time: 1958.00 -> 2031.00, Setup Time: 15.00
Processing Time: 58.00, Idle Time: 0.00
Completed Jobs: 4/20
Machine: M3, Material: Racebike_Bremsen_justiert

REWARD COMPONENTS:
- makespan_reward: -0.3650
- setup_reward: -3.7500
- deadline_reward: 0.0000
- priority_reward: 0.0000
- critical_job_reward: 0.5000
- placement_reward: 0.0000
- timeliness_reward: 7.6490
- machine_idle_penalty: -4.0375

TOTAL REWARD: -0.0035

CUMULATIVE REWARD COMPONENTS:
- makespan_reward: -10.1550
- setup_reward: -227.5000
- deadline_reward: 80.0000
- priority_reward: 116.0000
- critical_job_reward: 43.2444
- placement_reward: 0.0000
- timeliness_reward: 370.0865
- machine_idle_penalty: -187.7625

CUMULATIVE TOTAL: 183.9134

CRITICAL STATE INFO:
- Valid actions: ['J1', 'J2', 'J3', 'J5', 'J6', 'J7', 'J8', 'J10', 'J11', 'J12', 'J13', 'J14', 'J15', 'J16', 'J17', 'J20']
- Machine states:
  - Machine M1: Time=1905.00, Idle=126.00, Material=Mountainbike_Hauptrahmen_zugeschnitten
  - Machine M2: Time=1834.00, Idle=197.00, Material=Citybike_Schaltauge_bearbeitet
  - Machine M3: Time=2031.00, Idle=0.00, Material=Racebike_Bremsen_justiert
==================================================

2025-05-22 15:29:05,147 - JSPGymEnvironment - INFO - Material change on machine M3: Racebike_Bremsen_justiert -> Racebike_Antrieb_installiert, setup time: 15
2025-05-22 15:29:05,147 - JSPGymEnvironment - INFO - Executed operation: Job J1, Op 2, Machine M3, Start: 2046, End: 2082, Setup: 15
2025-05-22 15:29:05,147 - JSPGymEnvironment - INFO - 
===== REWARD DETAILS FOR STEP 42 =====
Job: J1, Operation: 2, Job Completed: False
Current Time: 2031.00 -> 2082.00, Setup Time: 15.00
Processing Time: 36.00, Idle Time: 0.00
Completed Jobs: 4/20
Machine: M3, Material: Racebike_Antrieb_installiert

REWARD COMPONENTS:
- makespan_reward: -0.2550
- setup_reward: -3.7500
- deadline_reward: 0.0000
- priority_reward: 0.0000
- critical_job_reward: 0.0000
- placement_reward: 0.0000
- timeliness_reward: 7.4720
- machine_idle_penalty: -5.3125

TOTAL REWARD: -1.8455

CUMULATIVE REWARD COMPONENTS:
- makespan_reward: -10.4100
- setup_reward: -231.2500
- deadline_reward: 80.0000
- priority_reward: 116.0000
- critical_job_reward: 43.2444
- placement_reward: 0.0000
- timeliness_reward: 377.5585
- machine_idle_penalty: -193.0750

CUMULATIVE TOTAL: 182.0679

CRITICAL STATE INFO:
- Valid actions: ['J1', 'J2', 'J3', 'J5', 'J6', 'J7', 'J8', 'J10', 'J11', 'J12', 'J13', 'J14', 'J15', 'J16', 'J17', 'J20']
- Machine states:
  - Machine M1: Time=1905.00, Idle=177.00, Material=Mountainbike_Hauptrahmen_zugeschnitten
  - Machine M2: Time=1834.00, Idle=248.00, Material=Citybike_Schaltauge_bearbeitet
  - Machine M3: Time=2082.00, Idle=0.00, Material=Racebike_Antrieb_installiert
==================================================

2025-05-22 15:29:05,182 - JSPGymEnvironment - INFO - Executed operation: Job J5, Op 0, Machine M1, Start: 2107, End: 2143, Setup: 25
2025-05-22 15:29:05,182 - JSPGymEnvironment - INFO - 
===== REWARD DETAILS FOR STEP 43 =====
Job: J5, Operation: 0, Job Completed: False
Current Time: 2082.00 -> 2143.00, Setup Time: 25.00
Processing Time: 36.00, Idle Time: 0.00
Completed Jobs: 4/20
Machine: M1, Material: Mountainbike_Hauptrahmen_zugeschnitten

REWARD COMPONENTS:
- makespan_reward: -0.3050
- setup_reward: -6.2500
- deadline_reward: 0.0000
- priority_reward: 0.0000
- critical_job_reward: 0.0000
- placement_reward: 0.0000
- timeliness_reward: 7.1768
- machine_idle_penalty: -4.6250

TOTAL REWARD: -4.0032

CUMULATIVE REWARD COMPONENTS:
- makespan_reward: -10.7150
- setup_reward: -237.5000
- deadline_reward: 80.0000
- priority_reward: 116.0000
- critical_job_reward: 43.2444
- placement_reward: 0.0000
- timeliness_reward: 384.7353
- machine_idle_penalty: -197.7000

CUMULATIVE TOTAL: 178.0648

CRITICAL STATE INFO:
- Valid actions: ['J1', 'J2', 'J3', 'J5', 'J6', 'J7', 'J8', 'J10', 'J11', 'J12', 'J13', 'J14', 'J15', 'J16', 'J17', 'J20']
- Machine states:
  - Machine M1: Time=2143.00, Idle=0.00, Material=Mountainbike_Hauptrahmen_zugeschnitten
  - Machine M2: Time=1834.00, Idle=309.00, Material=Citybike_Schaltauge_bearbeitet
  - Machine M3: Time=2082.00, Idle=61.00, Material=Racebike_Antrieb_installiert
==================================================

2025-05-22 15:29:05,217 - JSPGymEnvironment - INFO - Material change on machine M2: Citybike_Schaltauge_bearbeitet -> Mountainbike_Schaltauge_bearbeitet, setup time: 20
2025-05-22 15:29:05,217 - JSPGymEnvironment - INFO - Executed operation: Job J5, Op 1, Machine M2, Start: 2163, End: 2178, Setup: 20
2025-05-22 15:29:05,217 - JSPGymEnvironment - INFO - 
===== REWARD DETAILS FOR STEP 44 =====
Job: J5, Operation: 1, Job Completed: False
Current Time: 2143.00 -> 2178.00, Setup Time: 20.00
Processing Time: 15.00, Idle Time: 0.00
Completed Jobs: 4/20
Machine: M2, Material: Mountainbike_Schaltauge_bearbeitet

REWARD COMPONENTS:
- makespan_reward: -0.1750
- setup_reward: -5.0000
- deadline_reward: 0.0000
- priority_reward: 0.0000
- critical_job_reward: 0.0000
- placement_reward: 0.0000
- timeliness_reward: 7.0124
- machine_idle_penalty: -1.6375

TOTAL REWARD: 0.1999

CUMULATIVE REWARD COMPONENTS:
- makespan_reward: -10.8900
- setup_reward: -242.5000
- deadline_reward: 80.0000
- priority_reward: 116.0000
- critical_job_reward: 43.2444
- placement_reward: 0.0000
- timeliness_reward: 391.7478
- machine_idle_penalty: -199.3375

CUMULATIVE TOTAL: 178.2647

CRITICAL STATE INFO:
- Valid actions: ['J1', 'J2', 'J3', 'J5', 'J6', 'J7', 'J8', 'J10', 'J11', 'J12', 'J13', 'J14', 'J15', 'J16', 'J17', 'J20']
- Machine states:
  - Machine M1: Time=2143.00, Idle=35.00, Material=Mountainbike_Hauptrahmen_zugeschnitten
  - Machine M2: Time=2178.00, Idle=0.00, Material=Mountainbike_Schaltauge_bearbeitet
  - Machine M3: Time=2082.00, Idle=96.00, Material=Racebike_Antrieb_installiert
==================================================

2025-05-22 15:29:05,252 - JSPGymEnvironment - INFO - Material change on machine M3: Racebike_Antrieb_installiert -> Citybike_Antrieb_installiert, setup time: 15
2025-05-22 15:29:05,252 - JSPGymEnvironment - INFO - Executed operation: Job J14, Op 2, Machine M3, Start: 2193, End: 2215, Setup: 15
2025-05-22 15:29:05,253 - JSPGymEnvironment - INFO - 
===== REWARD DETAILS FOR STEP 45 =====
Job: J14, Operation: 2, Job Completed: False
Current Time: 2178.00 -> 2215.00, Setup Time: 15.00
Processing Time: 22.00, Idle Time: 0.00
Completed Jobs: 4/20
Machine: M3, Material: Citybike_Antrieb_installiert

REWARD COMPONENTS:
- makespan_reward: -0.1850
- setup_reward: -3.7500
- deadline_reward: 0.0000
- priority_reward: 0.0000
- critical_job_reward: 0.0000
- placement_reward: 0.0000
- timeliness_reward: 6.8297
- machine_idle_penalty: -1.3625

TOTAL REWARD: 1.5322

CUMULATIVE REWARD COMPONENTS:
- makespan_reward: -11.0750
- setup_reward: -246.2500
- deadline_reward: 80.0000
- priority_reward: 116.0000
- critical_job_reward: 43.2444
- placement_reward: 0.0000
- timeliness_reward: 398.5775
- machine_idle_penalty: -200.7000

CUMULATIVE TOTAL: 179.7969

CRITICAL STATE INFO:
- Valid actions: ['J1', 'J2', 'J3', 'J5', 'J6', 'J7', 'J8', 'J10', 'J11', 'J12', 'J13', 'J14', 'J15', 'J16', 'J17', 'J20']
- Machine states:
  - Machine M1: Time=2143.00, Idle=72.00, Material=Mountainbike_Hauptrahmen_zugeschnitten
  - Machine M2: Time=2178.00, Idle=37.00, Material=Mountainbike_Schaltauge_bearbeitet
  - Machine M3: Time=2215.00, Idle=0.00, Material=Citybike_Antrieb_installiert
==================================================

2025-05-22 15:29:05,283 - JSPGymEnvironment - INFO - Material change on machine M2: Mountainbike_Schaltauge_bearbeitet -> Citybike_Bremsaufnahme_gebohrt, setup time: 20
2025-05-22 15:29:05,283 - JSPGymEnvironment - INFO - Executed operation: Job J14, Op 3, Machine M2, Start: 2235, End: 2253, Setup: 20
2025-05-22 15:29:05,283 - JSPGymEnvironment - INFO - 
===== REWARD DETAILS FOR STEP 46 =====
Job: J14, Operation: 3, Job Completed: False
Current Time: 2215.00 -> 2253.00, Setup Time: 20.00
Processing Time: 18.00, Idle Time: 0.00
Completed Jobs: 4/20
Machine: M2, Material: Citybike_Bremsaufnahme_gebohrt

REWARD COMPONENTS:
- makespan_reward: -0.1900
- setup_reward: -5.0000
- deadline_reward: 0.0000
- priority_reward: 0.0000
- critical_job_reward: 0.0000
- placement_reward: 0.0000
- timeliness_reward: 6.6326
- machine_idle_penalty: -1.8500

TOTAL REWARD: -0.4074

CUMULATIVE REWARD COMPONENTS:
- makespan_reward: -11.2650
- setup_reward: -251.2500
- deadline_reward: 80.0000
- priority_reward: 116.0000
- critical_job_reward: 43.2444
- placement_reward: 0.0000
- timeliness_reward: 405.2101
- machine_idle_penalty: -202.5500

CUMULATIVE TOTAL: 179.3895

CRITICAL STATE INFO:
- Valid actions: ['J1', 'J2', 'J3', 'J5', 'J6', 'J7', 'J8', 'J10', 'J11', 'J12', 'J13', 'J14', 'J15', 'J16', 'J17', 'J20']
- Machine states:
  - Machine M1: Time=2143.00, Idle=110.00, Material=Mountainbike_Hauptrahmen_zugeschnitten
  - Machine M2: Time=2253.00, Idle=0.00, Material=Citybike_Bremsaufnahme_gebohrt
  - Machine M3: Time=2215.00, Idle=38.00, Material=Citybike_Antrieb_installiert
==================================================

2025-05-22 15:29:05,311 - JSPGymEnvironment - INFO - Material change on machine M3: Citybike_Antrieb_installiert -> Racebike_Fahrrad_endmontiert, setup time: 15
2025-05-22 15:29:05,311 - JSPGymEnvironment - INFO - Executed operation: Job J6, Op 4, Machine M3, Start: 2268, End: 2309, Setup: 15
2025-05-22 15:29:05,312 - JSPGymEnvironment - INFO - Job J6 completed at time 2309, deadline: 2880, met: True, priority: 10
2025-05-22 15:29:05,312 - JSPGymEnvironment - INFO - 
===== REWARD DETAILS FOR STEP 47 =====
Job: J6, Operation: 4, Job Completed: True
Current Time: 2253.00 -> 2309.00, Setup Time: 15.00
Processing Time: 41.00, Idle Time: 0.00
Completed Jobs: 5/20
Machine: M3, Material: Racebike_Fahrrad_endmontiert
Job Deadline: 2880.00 (Met), Priority: 10

REWARD COMPONENTS:
- makespan_reward: -0.2800
- setup_reward: -3.7500
- deadline_reward: 20.0000
- priority_reward: 40.0000
- critical_job_reward: 14.8792
- placement_reward: 0.0000
- timeliness_reward: 6.3065
- machine_idle_penalty: -2.7750

TOTAL REWARD: 74.3806

CUMULATIVE REWARD COMPONENTS:
- makespan_reward: -11.5450
- setup_reward: -255.0000
- deadline_reward: 100.0000
- priority_reward: 156.0000
- critical_job_reward: 58.1236
- placement_reward: 0.0000
- timeliness_reward: 411.5165
- machine_idle_penalty: -205.3250

CUMULATIVE TOTAL: 253.7702

CRITICAL STATE INFO:
- Valid actions: ['J1', 'J2', 'J3', 'J5', 'J7', 'J8', 'J10', 'J11', 'J12', 'J13', 'J14', 'J15', 'J16', 'J17', 'J20']
- Machine states:
  - Machine M1: Time=2143.00, Idle=166.00, Material=Mountainbike_Hauptrahmen_zugeschnitten
  - Machine M2: Time=2253.00, Idle=56.00, Material=Citybike_Bremsaufnahme_gebohrt
  - Machine M3: Time=2309.00, Idle=0.00, Material=Racebike_Fahrrad_endmontiert
==================================================

2025-05-22 15:29:05,312 - JSPGymEnvironment - INFO - Retro-Bonus für Job J6: +15.0
2025-05-22 15:29:05,340 - JSPGymEnvironment - INFO - Material change on machine M2: Citybike_Bremsaufnahme_gebohrt -> Citybike_Rahmen_nachbearbeitet, setup time: 20
2025-05-22 15:29:05,340 - JSPGymEnvironment - INFO - Executed operation: Job J14, Op 4, Machine M2, Start: 2329, End: 2358, Setup: 20
2025-05-22 15:29:05,341 - JSPGymEnvironment - INFO - 
===== REWARD DETAILS FOR STEP 48 =====
Job: J14, Operation: 4, Job Completed: False
Current Time: 2309.00 -> 2358.00, Setup Time: 20.00
Processing Time: 29.00, Idle Time: 0.00
Completed Jobs: 5/20
Machine: M2, Material: Citybike_Rahmen_nachbearbeitet

REWARD COMPONENTS:
- makespan_reward: -0.2450
- setup_reward: -5.0000
- deadline_reward: 0.0000
- priority_reward: 0.0000
- critical_job_reward: 0.0000
- placement_reward: 0.0000
- timeliness_reward: 6.0187
- machine_idle_penalty: -3.3000

TOTAL REWARD: -2.5263

CUMULATIVE REWARD COMPONENTS:
- makespan_reward: -11.7900
- setup_reward: -260.0000
- deadline_reward: 100.0000
- priority_reward: 156.0000
- critical_job_reward: 58.1236
- placement_reward: 0.0000
- timeliness_reward: 417.5353
- machine_idle_penalty: -208.6250

CUMULATIVE TOTAL: 251.2439

CRITICAL STATE INFO:
- Valid actions: ['J1', 'J2', 'J3', 'J5', 'J7', 'J8', 'J10', 'J11', 'J12', 'J13', 'J14', 'J15', 'J16', 'J17', 'J20']
- Machine states:
  - Machine M1: Time=2143.00, Idle=215.00, Material=Mountainbike_Hauptrahmen_zugeschnitten
  - Machine M2: Time=2358.00, Idle=0.00, Material=Citybike_Rahmen_nachbearbeitet
  - Machine M3: Time=2309.00, Idle=49.00, Material=Racebike_Fahrrad_endmontiert
==================================================

2025-05-22 15:29:05,370 - JSPGymEnvironment - INFO - Material change on machine M2: Citybike_Rahmen_nachbearbeitet -> Racebike_Schaltauge_bearbeitet, setup time: 20
2025-05-22 15:29:05,371 - JSPGymEnvironment - INFO - Executed operation: Job J16, Op 1, Machine M2, Start: 2378, End: 2393, Setup: 20
2025-05-22 15:29:05,371 - JSPGymEnvironment - INFO - 
===== REWARD DETAILS FOR STEP 49 =====
Job: J16, Operation: 1, Job Completed: False
Current Time: 2358.00 -> 2393.00, Setup Time: 20.00
Processing Time: 15.00, Idle Time: 0.00
Completed Jobs: 5/20
Machine: M2, Material: Racebike_Schaltauge_bearbeitet

REWARD COMPONENTS:
- makespan_reward: -0.1750
- setup_reward: -5.0000
- deadline_reward: 0.0000
- priority_reward: 0.0000
- critical_job_reward: 0.0000
- placement_reward: 0.0000
- timeliness_reward: 5.8126
- machine_idle_penalty: -4.1750

TOTAL REWARD: -3.5374

CUMULATIVE REWARD COMPONENTS:
- makespan_reward: -11.9650
- setup_reward: -265.0000
- deadline_reward: 100.0000
- priority_reward: 156.0000
- critical_job_reward: 58.1236
- placement_reward: 0.0000
- timeliness_reward: 423.3479
- machine_idle_penalty: -212.8000

CUMULATIVE TOTAL: 247.7065

CRITICAL STATE INFO:
- Valid actions: ['J1', 'J2', 'J3', 'J5', 'J7', 'J8', 'J10', 'J11', 'J12', 'J13', 'J14', 'J15', 'J16', 'J17', 'J20']
- Machine states:
  - Machine M1: Time=2143.00, Idle=250.00, Material=Mountainbike_Hauptrahmen_zugeschnitten
  - Machine M2: Time=2393.00, Idle=0.00, Material=Racebike_Schaltauge_bearbeitet
  - Machine M3: Time=2309.00, Idle=84.00, Material=Racebike_Fahrrad_endmontiert
==================================================

2025-05-22 15:29:05,400 - JSPGymEnvironment - INFO - Material change on machine M1: Mountainbike_Hauptrahmen_zugeschnitten -> Citybike_Hauptrahmen_zugeschnitten, setup time: 40
2025-05-22 15:29:05,401 - JSPGymEnvironment - INFO - Executed operation: Job J2, Op 0, Machine M1, Start: 2433, End: 2449, Setup: 40
2025-05-22 15:29:05,401 - JSPGymEnvironment - INFO - 
===== REWARD DETAILS FOR STEP 50 =====
Job: J2, Operation: 0, Job Completed: False
Current Time: 2393.00 -> 2449.00, Setup Time: 40.00
Processing Time: 16.00, Idle Time: 0.00
Completed Jobs: 5/20
Machine: M1, Material: Citybike_Hauptrahmen_zugeschnitten

REWARD COMPONENTS:
- makespan_reward: -0.2800
- setup_reward: -10.0000
- deadline_reward: 0.0000
- priority_reward: 0.0000
- critical_job_reward: 0.0000
- placement_reward: 0.0000
- timeliness_reward: 5.4447
- machine_idle_penalty: -2.4500

TOTAL REWARD: -7.2853

CUMULATIVE REWARD COMPONENTS:
- makespan_reward: -12.2450
- setup_reward: -275.0000
- deadline_reward: 100.0000
- priority_reward: 156.0000
- critical_job_reward: 58.1236
- placement_reward: 0.0000
- timeliness_reward: 428.7926
- machine_idle_penalty: -215.2500

CUMULATIVE TOTAL: 240.4212

CRITICAL STATE INFO:
- Valid actions: ['J1', 'J2', 'J3', 'J5', 'J7', 'J8', 'J10', 'J11', 'J12', 'J13', 'J14', 'J15', 'J16', 'J17', 'J20']
- Machine states:
  - Machine M1: Time=2449.00, Idle=0.00, Material=Citybike_Hauptrahmen_zugeschnitten
  - Machine M2: Time=2393.00, Idle=56.00, Material=Racebike_Schaltauge_bearbeitet
  - Machine M3: Time=2309.00, Idle=140.00, Material=Racebike_Fahrrad_endmontiert
==================================================

2025-05-22 15:29:05,587 - JSPGymEnvironment - INFO - Material change on machine M3: Racebike_Fahrrad_endmontiert -> Citybike_Bremsen_justiert, setup time: 15
2025-05-22 15:29:05,587 - JSPGymEnvironment - INFO - Executed operation: Job J8, Op 3, Machine M3, Start: 2464, End: 2522, Setup: 15
2025-05-22 15:29:05,587 - JSPGymEnvironment - INFO - 
===== REWARD DETAILS FOR STEP 51 =====
Job: J8, Operation: 3, Job Completed: False
Current Time: 2449.00 -> 2522.00, Setup Time: 15.00
Processing Time: 58.00, Idle Time: 0.00
Completed Jobs: 5/20
Machine: M3, Material: Citybike_Bremsen_justiert

REWARD COMPONENTS:
- makespan_reward: -0.3650
- setup_reward: -3.7500
- deadline_reward: 0.0000
- priority_reward: 0.0000
- critical_job_reward: 0.0000
- placement_reward: 0.0000
- timeliness_reward: 4.9896
- machine_idle_penalty: -2.5250

TOTAL REWARD: -1.6504

CUMULATIVE REWARD COMPONENTS:
- makespan_reward: -12.6100
- setup_reward: -278.7500
- deadline_reward: 100.0000
- priority_reward: 156.0000
- critical_job_reward: 58.1236
- placement_reward: 0.0000
- timeliness_reward: 433.7822
- machine_idle_penalty: -217.7750

CUMULATIVE TOTAL: 238.7708

CRITICAL STATE INFO:
- Valid actions: ['J1', 'J2', 'J3', 'J5', 'J7', 'J8', 'J10', 'J11', 'J12', 'J13', 'J14', 'J15', 'J16', 'J17', 'J20']
- Machine states:
  - Machine M1: Time=2449.00, Idle=73.00, Material=Citybike_Hauptrahmen_zugeschnitten
  - Machine M2: Time=2393.00, Idle=129.00, Material=Racebike_Schaltauge_bearbeitet
  - Machine M3: Time=2522.00, Idle=0.00, Material=Citybike_Bremsen_justiert
==================================================

2025-05-22 15:29:05,615 - JSPGymEnvironment - INFO - Material change on machine M3: Citybike_Bremsen_justiert -> Mountainbike_Antrieb_installiert, setup time: 15
2025-05-22 15:29:05,615 - JSPGymEnvironment - INFO - Executed operation: Job J5, Op 2, Machine M3, Start: 2537, End: 2562, Setup: 15
2025-05-22 15:29:05,616 - JSPGymEnvironment - INFO - 
===== REWARD DETAILS FOR STEP 52 =====
Job: J5, Operation: 2, Job Completed: False
Current Time: 2522.00 -> 2562.00, Setup Time: 15.00
Processing Time: 25.00, Idle Time: 0.00
Completed Jobs: 5/20
Machine: M3, Material: Mountainbike_Antrieb_installiert

REWARD COMPONENTS:
- makespan_reward: -0.2000
- setup_reward: -3.7500
- deadline_reward: 0.0000
- priority_reward: 0.0000
- critical_job_reward: 0.0000
- placement_reward: 0.0000
- timeliness_reward: 4.6508
- machine_idle_penalty: -3.5250

TOTAL REWARD: -2.8242

CUMULATIVE REWARD COMPONENTS:
- makespan_reward: -12.8100
- setup_reward: -282.5000
- deadline_reward: 100.0000
- priority_reward: 156.0000
- critical_job_reward: 58.1236
- placement_reward: 0.0000
- timeliness_reward: 438.4330
- machine_idle_penalty: -221.3000

CUMULATIVE TOTAL: 235.9466

CRITICAL STATE INFO:
- Valid actions: ['J1', 'J2', 'J3', 'J5', 'J7', 'J8', 'J10', 'J11', 'J12', 'J13', 'J14', 'J15', 'J16', 'J17', 'J20']
- Machine states:
  - Machine M1: Time=2449.00, Idle=113.00, Material=Citybike_Hauptrahmen_zugeschnitten
  - Machine M2: Time=2393.00, Idle=169.00, Material=Racebike_Schaltauge_bearbeitet
  - Machine M3: Time=2562.00, Idle=0.00, Material=Mountainbike_Antrieb_installiert
==================================================

2025-05-22 15:29:05,643 - JSPGymEnvironment - INFO - Material change on machine M3: Mountainbike_Antrieb_installiert -> Citybike_Fahrrad_endmontiert, setup time: 15
2025-05-22 15:29:05,643 - JSPGymEnvironment - INFO - Executed operation: Job J8, Op 4, Machine M3, Start: 2577, End: 2626, Setup: 15
2025-05-22 15:29:05,644 - JSPGymEnvironment - INFO - 
===== REWARD DETAILS FOR STEP 53 =====
Job: J8, Operation: 4, Job Completed: False
Current Time: 2562.00 -> 2626.00, Setup Time: 15.00
Processing Time: 49.00, Idle Time: 0.00
Completed Jobs: 5/20
Machine: M3, Material: Citybike_Fahrrad_endmontiert

REWARD COMPONENTS:
- makespan_reward: -0.3200
- setup_reward: -3.7500
- deadline_reward: 0.0000
- priority_reward: 0.0000
- critical_job_reward: 0.0000
- placement_reward: 0.0000
- timeliness_reward: 4.2155
- machine_idle_penalty: -5.1250

TOTAL REWARD: -4.9795

CUMULATIVE REWARD COMPONENTS:
- makespan_reward: -13.1300
- setup_reward: -286.2500
- deadline_reward: 100.0000
- priority_reward: 156.0000
- critical_job_reward: 58.1236
- placement_reward: 0.0000
- timeliness_reward: 442.6485
- machine_idle_penalty: -226.4250

CUMULATIVE TOTAL: 230.9671

CRITICAL STATE INFO:
- Valid actions: ['J1', 'J2', 'J3', 'J5', 'J7', 'J8', 'J10', 'J11', 'J12', 'J13', 'J14', 'J15', 'J16', 'J17', 'J20']
- Machine states:
  - Machine M1: Time=2449.00, Idle=177.00, Material=Citybike_Hauptrahmen_zugeschnitten
  - Machine M2: Time=2393.00, Idle=233.00, Material=Racebike_Schaltauge_bearbeitet
  - Machine M3: Time=2626.00, Idle=0.00, Material=Citybike_Fahrrad_endmontiert
==================================================

2025-05-22 15:29:05,672 - JSPGymEnvironment - INFO - Material change on machine M2: Racebike_Schaltauge_bearbeitet -> E-Bike_Schaltauge_bearbeitet, setup time: 20
2025-05-22 15:29:05,672 - JSPGymEnvironment - INFO - Executed operation: Job J13, Op 1, Machine M2, Start: 2646, End: 2669, Setup: 20
2025-05-22 15:29:05,673 - JSPGymEnvironment - INFO - 
===== REWARD DETAILS FOR STEP 54 =====
Job: J13, Operation: 1, Job Completed: False
Current Time: 2626.00 -> 2669.00, Setup Time: 20.00
Processing Time: 23.00, Idle Time: 0.00
Completed Jobs: 5/20
Machine: M2, Material: E-Bike_Schaltauge_bearbeitet

REWARD COMPONENTS:
- makespan_reward: -0.2150
- setup_reward: -5.0000
- deadline_reward: 0.0000
- priority_reward: 0.0000
- critical_job_reward: 0.0000
- placement_reward: 0.0000
- timeliness_reward: 3.8480
- machine_idle_penalty: -3.2875

TOTAL REWARD: -4.6545

CUMULATIVE REWARD COMPONENTS:
- makespan_reward: -13.3450
- setup_reward: -291.2500
- deadline_reward: 100.0000
- priority_reward: 156.0000
- critical_job_reward: 58.1236
- placement_reward: 0.0000
- timeliness_reward: 446.4966
- machine_idle_penalty: -229.7125

CUMULATIVE TOTAL: 226.3127

CRITICAL STATE INFO:
- Valid actions: ['J1', 'J2', 'J3', 'J5', 'J7', 'J8', 'J10', 'J11', 'J12', 'J13', 'J14', 'J15', 'J16', 'J17', 'J20']
- Machine states:
  - Machine M1: Time=2449.00, Idle=220.00, Material=Citybike_Hauptrahmen_zugeschnitten
  - Machine M2: Time=2669.00, Idle=0.00, Material=E-Bike_Schaltauge_bearbeitet
  - Machine M3: Time=2626.00, Idle=43.00, Material=Citybike_Fahrrad_endmontiert
==================================================

2025-05-22 15:29:05,701 - JSPGymEnvironment - INFO - Material change on machine M2: E-Bike_Schaltauge_bearbeitet -> Racebike_Bremsaufnahme_gebohrt, setup time: 20
2025-05-22 15:29:05,701 - JSPGymEnvironment - INFO - Executed operation: Job J1, Op 3, Machine M2, Start: 2689, End: 2707, Setup: 20
2025-05-22 15:29:05,701 - JSPGymEnvironment - INFO - 
===== REWARD DETAILS FOR STEP 55 =====
Job: J1, Operation: 3, Job Completed: False
Current Time: 2669.00 -> 2707.00, Setup Time: 20.00
Processing Time: 18.00, Idle Time: 0.00
Completed Jobs: 5/20
Machine: M2, Material: Racebike_Bremsaufnahme_gebohrt

REWARD COMPONENTS:
- makespan_reward: -0.1900
- setup_reward: -5.0000
- deadline_reward: 0.0000
- priority_reward: 0.0000
- critical_job_reward: 0.0000
- placement_reward: 0.0000
- timeliness_reward: 3.5835
- machine_idle_penalty: -4.2375

TOTAL REWARD: -5.8440

CUMULATIVE REWARD COMPONENTS:
- makespan_reward: -13.5350
- setup_reward: -296.2500
- deadline_reward: 100.0000
- priority_reward: 156.0000
- critical_job_reward: 58.1236
- placement_reward: 0.0000
- timeliness_reward: 450.0800
- machine_idle_penalty: -233.9500

CUMULATIVE TOTAL: 220.4686

CRITICAL STATE INFO:
- Valid actions: ['J1', 'J2', 'J3', 'J5', 'J7', 'J8', 'J10', 'J11', 'J12', 'J13', 'J14', 'J15', 'J16', 'J17', 'J20']
- Machine states:
  - Machine M1: Time=2449.00, Idle=258.00, Material=Citybike_Hauptrahmen_zugeschnitten
  - Machine M2: Time=2707.00, Idle=0.00, Material=Racebike_Bremsaufnahme_gebohrt
  - Machine M3: Time=2626.00, Idle=81.00, Material=Citybike_Fahrrad_endmontiert
==================================================

2025-05-22 15:29:05,731 - JSPGymEnvironment - INFO - Material change on machine M2: Racebike_Bremsaufnahme_gebohrt -> Citybike_Rahmen_nachbearbeitet, setup time: 20
2025-05-22 15:29:05,731 - JSPGymEnvironment - INFO - Executed operation: Job J14, Op 5, Machine M2, Start: 2727, End: 2757, Setup: 20
2025-05-22 15:29:05,731 - JSPGymEnvironment - INFO - 
===== REWARD DETAILS FOR STEP 56 =====
Job: J14, Operation: 5, Job Completed: False
Current Time: 2707.00 -> 2757.00, Setup Time: 20.00
Processing Time: 30.00, Idle Time: 0.00
Completed Jobs: 5/20
Machine: M2, Material: Citybike_Rahmen_nachbearbeitet

REWARD COMPONENTS:
- makespan_reward: -0.2500
- setup_reward: -5.0000
- deadline_reward: 0.0000
- priority_reward: 0.0000
- critical_job_reward: 0.0000
- placement_reward: 0.0000
- timeliness_reward: 3.1541
- machine_idle_penalty: -5.4875

TOTAL REWARD: -7.5834

CUMULATIVE REWARD COMPONENTS:
- makespan_reward: -13.7850
- setup_reward: -301.2500
- deadline_reward: 100.0000
- priority_reward: 156.0000
- critical_job_reward: 58.1236
- placement_reward: 0.0000
- timeliness_reward: 453.2342
- machine_idle_penalty: -239.4375

CUMULATIVE TOTAL: 212.8853

CRITICAL STATE INFO:
- Valid actions: ['J1', 'J2', 'J3', 'J5', 'J7', 'J8', 'J10', 'J11', 'J12', 'J13', 'J14', 'J15', 'J16', 'J17', 'J20']
- Machine states:
  - Machine M1: Time=2449.00, Idle=308.00, Material=Citybike_Hauptrahmen_zugeschnitten
  - Machine M2: Time=2757.00, Idle=0.00, Material=Citybike_Rahmen_nachbearbeitet
  - Machine M3: Time=2626.00, Idle=131.00, Material=Citybike_Fahrrad_endmontiert
==================================================

2025-05-22 15:29:05,758 - JSPGymEnvironment - INFO - Executed operation: Job J14, Op 6, Machine M2, Start: 2772, End: 2796, Setup: 15
2025-05-22 15:29:05,759 - JSPGymEnvironment - INFO - 
===== REWARD DETAILS FOR STEP 57 =====
Job: J14, Operation: 6, Job Completed: False
Current Time: 2757.00 -> 2796.00, Setup Time: 15.00
Processing Time: 24.00, Idle Time: 0.00
Completed Jobs: 5/20
Machine: M2, Material: Citybike_Rahmen_nachbearbeitet

REWARD COMPONENTS:
- makespan_reward: -0.1950
- setup_reward: -3.7500
- deadline_reward: 0.0000
- priority_reward: 0.0000
- critical_job_reward: 0.0000
- placement_reward: 0.0000
- timeliness_reward: 2.8445
- machine_idle_penalty: -6.4625

TOTAL REWARD: -7.5630

CUMULATIVE REWARD COMPONENTS:
- makespan_reward: -13.9800
- setup_reward: -305.0000
- deadline_reward: 100.0000
- priority_reward: 156.0000
- critical_job_reward: 58.1236
- placement_reward: 0.0000
- timeliness_reward: 456.0787
- machine_idle_penalty: -245.9000

CUMULATIVE TOTAL: 205.3223

CRITICAL STATE INFO:
- Valid actions: ['J1', 'J2', 'J3', 'J5', 'J7', 'J8', 'J10', 'J11', 'J12', 'J13', 'J14', 'J15', 'J16', 'J17', 'J20']
- Machine states:
  - Machine M1: Time=2449.00, Idle=347.00, Material=Citybike_Hauptrahmen_zugeschnitten
  - Machine M2: Time=2796.00, Idle=0.00, Material=Citybike_Rahmen_nachbearbeitet
  - Machine M3: Time=2626.00, Idle=170.00, Material=Citybike_Fahrrad_endmontiert
==================================================

2025-05-22 15:29:05,787 - JSPGymEnvironment - INFO - Material change on machine M2: Citybike_Rahmen_nachbearbeitet -> Mountainbike_Bremsaufnahme_gebohrt, setup time: 20
2025-05-22 15:29:05,787 - JSPGymEnvironment - INFO - Executed operation: Job J5, Op 3, Machine M2, Start: 2816, End: 2831, Setup: 20
2025-05-22 15:29:05,787 - JSPGymEnvironment - INFO - 
===== REWARD DETAILS FOR STEP 58 =====
Job: J5, Operation: 3, Job Completed: False
Current Time: 2796.00 -> 2831.00, Setup Time: 20.00
Processing Time: 15.00, Idle Time: 0.00
Completed Jobs: 5/20
Machine: M2, Material: Mountainbike_Bremsaufnahme_gebohrt

REWARD COMPONENTS:
- makespan_reward: -0.1750
- setup_reward: -5.0000
- deadline_reward: 0.0000
- priority_reward: 0.0000
- critical_job_reward: 0.0000
- placement_reward: 0.0000
- timeliness_reward: 2.5652
- machine_idle_penalty: -7.3375

TOTAL REWARD: -9.9473

CUMULATIVE REWARD COMPONENTS:
- makespan_reward: -14.1550
- setup_reward: -310.0000
- deadline_reward: 100.0000
- priority_reward: 156.0000
- critical_job_reward: 58.1236
- placement_reward: 0.0000
- timeliness_reward: 458.6439
- machine_idle_penalty: -253.2375

CUMULATIVE TOTAL: 195.3750

CRITICAL STATE INFO:
- Valid actions: ['J1', 'J2', 'J3', 'J5', 'J7', 'J8', 'J10', 'J11', 'J12', 'J13', 'J14', 'J15', 'J16', 'J17', 'J20']
- Machine states:
  - Machine M1: Time=2449.00, Idle=382.00, Material=Citybike_Hauptrahmen_zugeschnitten
  - Machine M2: Time=2831.00, Idle=0.00, Material=Mountainbike_Bremsaufnahme_gebohrt
  - Machine M3: Time=2626.00, Idle=205.00, Material=Citybike_Fahrrad_endmontiert
==================================================

2025-05-22 15:29:05,815 - JSPGymEnvironment - INFO - Material change on machine M2: Mountainbike_Bremsaufnahme_gebohrt -> Racebike_Rahmen_nachbearbeitet, setup time: 20
2025-05-22 15:29:05,815 - JSPGymEnvironment - INFO - Executed operation: Job J1, Op 4, Machine M2, Start: 2851, End: 2873, Setup: 20
2025-05-22 15:29:05,815 - JSPGymEnvironment - INFO - 
===== REWARD DETAILS FOR STEP 59 =====
Job: J1, Operation: 4, Job Completed: False
Current Time: 2831.00 -> 2873.00, Setup Time: 20.00
Processing Time: 22.00, Idle Time: 0.00
Completed Jobs: 5/20
Machine: M2, Material: Racebike_Rahmen_nachbearbeitet

REWARD COMPONENTS:
- makespan_reward: -0.2100
- setup_reward: -5.0000
- deadline_reward: 0.0000
- priority_reward: 0.0000
- critical_job_reward: 0.0000
- placement_reward: 0.0000
- timeliness_reward: 2.2324
- machine_idle_penalty: -8.3875

TOTAL REWARD: -11.3651

CUMULATIVE REWARD COMPONENTS:
- makespan_reward: -14.3650
- setup_reward: -315.0000
- deadline_reward: 100.0000
- priority_reward: 156.0000
- critical_job_reward: 58.1236
- placement_reward: 0.0000
- timeliness_reward: 460.8762
- machine_idle_penalty: -261.6250

CUMULATIVE TOTAL: 184.0099

CRITICAL STATE INFO:
- Valid actions: ['J1', 'J2', 'J3', 'J5', 'J7', 'J8', 'J10', 'J11', 'J12', 'J13', 'J14', 'J15', 'J16', 'J17', 'J20']
- Machine states:
  - Machine M1: Time=2449.00, Idle=424.00, Material=Citybike_Hauptrahmen_zugeschnitten
  - Machine M2: Time=2873.00, Idle=0.00, Material=Racebike_Rahmen_nachbearbeitet
  - Machine M3: Time=2626.00, Idle=247.00, Material=Citybike_Fahrrad_endmontiert
==================================================

2025-05-22 15:29:05,842 - JSPGymEnvironment - INFO - Material change on machine M2: Racebike_Rahmen_nachbearbeitet -> Mountainbike_Schaltauge_bearbeitet, setup time: 20
2025-05-22 15:29:05,843 - JSPGymEnvironment - INFO - Executed operation: Job J12, Op 1, Machine M2, Start: 2893, End: 2915, Setup: 20
2025-05-22 15:29:05,843 - JSPGymEnvironment - INFO - 
===== REWARD DETAILS FOR STEP 60 =====
Job: J12, Operation: 1, Job Completed: False
Current Time: 2873.00 -> 2915.00, Setup Time: 20.00
Processing Time: 22.00, Idle Time: 0.00
Completed Jobs: 5/20
Machine: M2, Material: Mountainbike_Schaltauge_bearbeitet

REWARD COMPONENTS:
- makespan_reward: -0.2100
- setup_reward: -5.0000
- deadline_reward: 0.0000
- priority_reward: 0.0000
- critical_job_reward: 0.0000
- placement_reward: 0.0000
- timeliness_reward: 1.8798
- machine_idle_penalty: -9.4375

TOTAL REWARD: -12.7677

CUMULATIVE REWARD COMPONENTS:
- makespan_reward: -14.5750
- setup_reward: -320.0000
- deadline_reward: 100.0000
- priority_reward: 156.0000
- critical_job_reward: 58.1236
- placement_reward: 0.0000
- timeliness_reward: 462.7560
- machine_idle_penalty: -271.0625

CUMULATIVE TOTAL: 171.2421

CRITICAL STATE INFO:
- Valid actions: ['J1', 'J2', 'J3', 'J5', 'J7', 'J8', 'J10', 'J11', 'J12', 'J13', 'J14', 'J15', 'J16', 'J17', 'J20']
- Machine states:
  - Machine M1: Time=2449.00, Idle=466.00, Material=Citybike_Hauptrahmen_zugeschnitten
  - Machine M2: Time=2915.00, Idle=0.00, Material=Mountainbike_Schaltauge_bearbeitet
  - Machine M3: Time=2626.00, Idle=289.00, Material=Citybike_Fahrrad_endmontiert
==================================================

2025-05-22 15:29:05,870 - JSPGymEnvironment - INFO - Material change on machine M2: Mountainbike_Schaltauge_bearbeitet -> Racebike_Fahrrad_endmontiert, setup time: 20
2025-05-22 15:29:05,870 - JSPGymEnvironment - INFO - Executed operation: Job J1, Op 5, Machine M2, Start: 2935, End: 2947, Setup: 20
2025-05-22 15:29:05,870 - JSPGymEnvironment - INFO - Job J1 completed at time 2947, deadline: 2790, met: False, priority: 7
2025-05-22 15:29:05,871 - JSPGymEnvironment - INFO - 
===== REWARD DETAILS FOR STEP 61 =====
Job: J1, Operation: 5, Job Completed: True
Current Time: 2915.00 -> 2947.00, Setup Time: 20.00
Processing Time: 12.00, Idle Time: 0.00
Completed Jobs: 6/20
Machine: M2, Material: Racebike_Fahrrad_endmontiert
Job Deadline: 2790.00 (Missed), Priority: 7

REWARD COMPONENTS:
- makespan_reward: -0.1600
- setup_reward: -5.0000
- deadline_reward: -0.1407
- priority_reward: 28.0000
- critical_job_reward: 0.0000
- placement_reward: 0.0000
- timeliness_reward: 1.6593
- machine_idle_penalty: -10.2375

TOTAL REWARD: 14.1212

CUMULATIVE REWARD COMPONENTS:
- makespan_reward: -14.7350
- setup_reward: -325.0000
- deadline_reward: 99.8593
- priority_reward: 184.0000
- critical_job_reward: 58.1236
- placement_reward: 0.0000
- timeliness_reward: 464.4154
- machine_idle_penalty: -281.3000

CUMULATIVE TOTAL: 185.3633

CRITICAL STATE INFO:
- Valid actions: ['J2', 'J3', 'J5', 'J7', 'J8', 'J10', 'J11', 'J12', 'J13', 'J14', 'J15', 'J16', 'J17', 'J20']
- Machine states:
  - Machine M1: Time=2449.00, Idle=498.00, Material=Citybike_Hauptrahmen_zugeschnitten
  - Machine M2: Time=2947.00, Idle=0.00, Material=Racebike_Fahrrad_endmontiert
  - Machine M3: Time=2626.00, Idle=321.00, Material=Citybike_Fahrrad_endmontiert
==================================================

2025-05-22 15:29:05,871 - JSPGymEnvironment - INFO - Retro-Bonus für Job J1: -10.0
2025-05-22 15:29:05,899 - JSPGymEnvironment - INFO - Material change on machine M2: Racebike_Fahrrad_endmontiert -> Citybike_Fahrrad_endmontiert, setup time: 20
2025-05-22 15:29:05,899 - JSPGymEnvironment - INFO - Executed operation: Job J8, Op 5, Machine M2, Start: 2967, End: 2997, Setup: 20
2025-05-22 15:29:05,899 - JSPGymEnvironment - INFO - Job J8 completed at time 2997, deadline: 2762, met: False, priority: 5
2025-05-22 15:29:05,899 - JSPGymEnvironment - INFO - 
===== REWARD DETAILS FOR STEP 62 =====
Job: J8, Operation: 5, Job Completed: True
Current Time: 2947.00 -> 2997.00, Setup Time: 20.00
Processing Time: 30.00, Idle Time: 0.00
Completed Jobs: 7/20
Machine: M2, Material: Citybike_Fahrrad_endmontiert
Job Deadline: 2762.00 (Missed), Priority: 5

REWARD COMPONENTS:
- makespan_reward: -0.2500
- setup_reward: -5.0000
- deadline_reward: -0.2127
- priority_reward: 20.0000
- critical_job_reward: 0.0000
- placement_reward: 0.0000
- timeliness_reward: 1.2839
- machine_idle_penalty: -11.4875

TOTAL REWARD: 4.3337

CUMULATIVE REWARD COMPONENTS:
- makespan_reward: -14.9850
- setup_reward: -330.0000
- deadline_reward: 99.6466
- priority_reward: 204.0000
- critical_job_reward: 58.1236
- placement_reward: 0.0000
- timeliness_reward: 465.6993
- machine_idle_penalty: -292.7875

CUMULATIVE TOTAL: 189.6970

CRITICAL STATE INFO:
- Valid actions: ['J2', 'J3', 'J5', 'J7', 'J10', 'J11', 'J12', 'J13', 'J14', 'J15', 'J16', 'J17', 'J20']
- Machine states:
  - Machine M1: Time=2449.00, Idle=548.00, Material=Citybike_Hauptrahmen_zugeschnitten
  - Machine M2: Time=2997.00, Idle=0.00, Material=Citybike_Fahrrad_endmontiert
  - Machine M3: Time=2626.00, Idle=371.00, Material=Citybike_Fahrrad_endmontiert
==================================================

2025-05-22 15:29:05,899 - JSPGymEnvironment - INFO - Retro-Bonus für Job J8: -10.0
2025-05-22 15:29:05,926 - JSPGymEnvironment - INFO - Executed operation: Job J14, Op 7, Machine M2, Start: 3012, End: 3033, Setup: 15
2025-05-22 15:29:05,927 - JSPGymEnvironment - INFO - Job J14 completed at time 3033, deadline: 2880, met: False, priority: 3
2025-05-22 15:29:05,927 - JSPGymEnvironment - INFO - 
===== REWARD DETAILS FOR STEP 63 =====
Job: J14, Operation: 7, Job Completed: True
Current Time: 2997.00 -> 3033.00, Setup Time: 15.00
Processing Time: 21.00, Idle Time: 0.00
Completed Jobs: 8/20
Machine: M2, Material: Citybike_Fahrrad_endmontiert
Job Deadline: 2880.00 (Missed), Priority: 3

REWARD COMPONENTS:
- makespan_reward: -0.1800
- setup_reward: -3.7500
- deadline_reward: -0.1328
- priority_reward: 12.0000
- critical_job_reward: 0.0000
- placement_reward: 0.0000
- timeliness_reward: 0.9872
- machine_idle_penalty: -12.3875

TOTAL REWARD: -3.4631

CUMULATIVE REWARD COMPONENTS:
- makespan_reward: -15.1650
- setup_reward: -333.7500
- deadline_reward: 99.5138
- priority_reward: 216.0000
- critical_job_reward: 58.1236
- placement_reward: 0.0000
- timeliness_reward: 466.6866
- machine_idle_penalty: -305.1750

CUMULATIVE TOTAL: 186.2340

CRITICAL STATE INFO:
- Valid actions: ['J2', 'J3', 'J5', 'J7', 'J10', 'J11', 'J12', 'J13', 'J15', 'J16', 'J17', 'J20']
- Machine states:
  - Machine M1: Time=2449.00, Idle=584.00, Material=Citybike_Hauptrahmen_zugeschnitten
  - Machine M2: Time=3033.00, Idle=0.00, Material=Citybike_Fahrrad_endmontiert
  - Machine M3: Time=2626.00, Idle=407.00, Material=Citybike_Fahrrad_endmontiert
==================================================

2025-05-22 15:29:05,927 - JSPGymEnvironment - INFO - Retro-Bonus für Job J14: -10.0
2025-05-22 15:29:05,954 - JSPGymEnvironment - INFO - Material change on machine M3: Citybike_Fahrrad_endmontiert -> Mountainbike_Antrieb_installiert, setup time: 15
2025-05-22 15:29:05,954 - JSPGymEnvironment - INFO - Executed operation: Job J12, Op 2, Machine M3, Start: 3048, End: 3093, Setup: 15
2025-05-22 15:29:05,954 - JSPGymEnvironment - INFO - 
===== REWARD DETAILS FOR STEP 64 =====
Job: J12, Operation: 2, Job Completed: False
Current Time: 3033.00 -> 3093.00, Setup Time: 15.00
Processing Time: 45.00, Idle Time: 0.00
Completed Jobs: 8/20
Machine: M3, Material: Mountainbike_Antrieb_installiert

REWARD COMPONENTS:
- makespan_reward: -0.3000
- setup_reward: -3.7500
- deadline_reward: 0.0000
- priority_reward: 0.0000
- critical_job_reward: 0.0000
- placement_reward: 0.0000
- timeliness_reward: 0.5059
- machine_idle_penalty: -8.8000

TOTAL REWARD: -12.3441

CUMULATIVE REWARD COMPONENTS:
- makespan_reward: -15.4650
- setup_reward: -337.5000
- deadline_reward: 99.5138
- priority_reward: 216.0000
- critical_job_reward: 58.1236
- placement_reward: 0.0000
- timeliness_reward: 467.1925
- machine_idle_penalty: -313.9750

CUMULATIVE TOTAL: 173.8899

CRITICAL STATE INFO:
- Valid actions: ['J2', 'J3', 'J5', 'J7', 'J10', 'J11', 'J12', 'J13', 'J15', 'J16', 'J17', 'J20']
- Machine states:
  - Machine M1: Time=2449.00, Idle=644.00, Material=Citybike_Hauptrahmen_zugeschnitten
  - Machine M2: Time=3033.00, Idle=60.00, Material=Citybike_Fahrrad_endmontiert
  - Machine M3: Time=3093.00, Idle=0.00, Material=Mountainbike_Antrieb_installiert
==================================================

2025-05-22 15:29:05,982 - JSPGymEnvironment - INFO - Material change on machine M2: Citybike_Fahrrad_endmontiert -> Mountainbike_Bremsaufnahme_gebohrt, setup time: 20
2025-05-22 15:29:05,982 - JSPGymEnvironment - INFO - Executed operation: Job J12, Op 3, Machine M2, Start: 3113, End: 3139, Setup: 20
2025-05-22 15:29:05,982 - JSPGymEnvironment - INFO - 
===== REWARD DETAILS FOR STEP 65 =====
Job: J12, Operation: 3, Job Completed: False
Current Time: 3093.00 -> 3139.00, Setup Time: 20.00
Processing Time: 26.00, Idle Time: 0.00
Completed Jobs: 8/20
Machine: M2, Material: Mountainbike_Bremsaufnahme_gebohrt

REWARD COMPONENTS:
- makespan_reward: -0.2300
- setup_reward: -5.0000
- deadline_reward: 0.0000
- priority_reward: 0.0000
- critical_job_reward: 0.0000
- placement_reward: 0.0000
- timeliness_reward: 0.1462
- machine_idle_penalty: -9.2000

TOTAL REWARD: -14.2838

CUMULATIVE REWARD COMPONENTS:
- makespan_reward: -15.6950
- setup_reward: -342.5000
- deadline_reward: 99.5138
- priority_reward: 216.0000
- critical_job_reward: 58.1236
- placement_reward: 0.0000
- timeliness_reward: 467.3387
- machine_idle_penalty: -323.1750

CUMULATIVE TOTAL: 159.6061

CRITICAL STATE INFO:
- Valid actions: ['J2', 'J3', 'J5', 'J7', 'J10', 'J11', 'J12', 'J13', 'J15', 'J16', 'J17', 'J20']
- Machine states:
  - Machine M1: Time=2449.00, Idle=690.00, Material=Citybike_Hauptrahmen_zugeschnitten
  - Machine M2: Time=3139.00, Idle=0.00, Material=Mountainbike_Bremsaufnahme_gebohrt
  - Machine M3: Time=3093.00, Idle=46.00, Material=Mountainbike_Antrieb_installiert
==================================================

2025-05-22 15:29:06,170 - JSPGymEnvironment - INFO - Material change on machine M3: Mountainbike_Antrieb_installiert -> Racebike_Antrieb_installiert, setup time: 15
2025-05-22 15:29:06,170 - JSPGymEnvironment - INFO - Executed operation: Job J16, Op 2, Machine M3, Start: 3154, End: 3184, Setup: 15
2025-05-22 15:29:06,170 - JSPGymEnvironment - INFO - 
===== REWARD DETAILS FOR STEP 66 =====
Job: J16, Operation: 2, Job Completed: False
Current Time: 3139.00 -> 3184.00, Setup Time: 15.00
Processing Time: 30.00, Idle Time: 0.00
Completed Jobs: 8/20
Machine: M3, Material: Racebike_Antrieb_installiert

REWARD COMPONENTS:
- makespan_reward: -0.2250
- setup_reward: -3.7500
- deadline_reward: 0.0000
- priority_reward: 0.0000
- critical_job_reward: 0.0000
- placement_reward: 0.0000
- timeliness_reward: -0.1963
- machine_idle_penalty: -9.7500

TOTAL REWARD: -13.9213

CUMULATIVE REWARD COMPONENTS:
- makespan_reward: -15.9200
- setup_reward: -346.2500
- deadline_reward: 99.5138
- priority_reward: 216.0000
- critical_job_reward: 58.1236
- placement_reward: 0.0000
- timeliness_reward: 467.1424
- machine_idle_penalty: -332.9250

CUMULATIVE TOTAL: 145.6848

CRITICAL STATE INFO:
- Valid actions: ['J2', 'J3', 'J5', 'J7', 'J10', 'J11', 'J12', 'J13', 'J15', 'J16', 'J17', 'J20']
- Machine states:
  - Machine M1: Time=2449.00, Idle=735.00, Material=Citybike_Hauptrahmen_zugeschnitten
  - Machine M2: Time=3139.00, Idle=45.00, Material=Mountainbike_Bremsaufnahme_gebohrt
  - Machine M3: Time=3184.00, Idle=0.00, Material=Racebike_Antrieb_installiert
==================================================

2025-05-22 15:29:06,198 - JSPGymEnvironment - INFO - Material change on machine M3: Racebike_Antrieb_installiert -> E-Bike_Antrieb_installiert, setup time: 15
2025-05-22 15:29:06,198 - JSPGymEnvironment - INFO - Executed operation: Job J13, Op 2, Machine M3, Start: 3199, End: 3252, Setup: 15
2025-05-22 15:29:06,198 - JSPGymEnvironment - INFO - 
===== REWARD DETAILS FOR STEP 67 =====
Job: J13, Operation: 2, Job Completed: False
Current Time: 3184.00 -> 3252.00, Setup Time: 15.00
Processing Time: 53.00, Idle Time: 0.00
Completed Jobs: 8/20
Machine: M3, Material: E-Bike_Antrieb_installiert

REWARD COMPONENTS:
- makespan_reward: -0.3400
- setup_reward: -3.7500
- deadline_reward: 0.0000
- priority_reward: 0.0000
- critical_job_reward: 0.0000
- placement_reward: 0.0000
- timeliness_reward: -0.6940
- machine_idle_penalty: -11.4500

TOTAL REWARD: -16.2340

CUMULATIVE REWARD COMPONENTS:
- makespan_reward: -16.2600
- setup_reward: -350.0000
- deadline_reward: 99.5138
- priority_reward: 216.0000
- critical_job_reward: 58.1236
- placement_reward: 0.0000
- timeliness_reward: 466.4485
- machine_idle_penalty: -344.3750

CUMULATIVE TOTAL: 129.4509

CRITICAL STATE INFO:
- Valid actions: ['J2', 'J3', 'J5', 'J7', 'J10', 'J11', 'J12', 'J13', 'J15', 'J16', 'J17', 'J20']
- Machine states:
  - Machine M1: Time=2449.00, Idle=803.00, Material=Citybike_Hauptrahmen_zugeschnitten
  - Machine M2: Time=3139.00, Idle=113.00, Material=Mountainbike_Bremsaufnahme_gebohrt
  - Machine M3: Time=3252.00, Idle=0.00, Material=E-Bike_Antrieb_installiert
==================================================

2025-05-22 15:29:06,225 - JSPGymEnvironment - INFO - Material change on machine M1: Citybike_Hauptrahmen_zugeschnitten -> Racebike_Hauptrahmen_zugeschnitten, setup time: 40
2025-05-22 15:29:06,225 - JSPGymEnvironment - INFO - Executed operation: Job J15, Op 0, Machine M1, Start: 3292, End: 3315, Setup: 40
2025-05-22 15:29:06,225 - JSPGymEnvironment - INFO - 
===== REWARD DETAILS FOR STEP 68 =====
Job: J15, Operation: 0, Job Completed: False
Current Time: 3252.00 -> 3315.00, Setup Time: 40.00
Processing Time: 23.00, Idle Time: 0.00
Completed Jobs: 8/20
Machine: M1, Material: Racebike_Hauptrahmen_zugeschnitten

REWARD COMPONENTS:
- makespan_reward: -0.3150
- setup_reward: -10.0000
- deadline_reward: 0.0000
- priority_reward: 0.0000
- critical_job_reward: 0.5000
- placement_reward: 0.0000
- timeliness_reward: -1.1313
- machine_idle_penalty: -2.9875

TOTAL REWARD: -13.9338

CUMULATIVE REWARD COMPONENTS:
- makespan_reward: -16.5750
- setup_reward: -360.0000
- deadline_reward: 99.5138
- priority_reward: 216.0000
- critical_job_reward: 58.6236
- placement_reward: 0.0000
- timeliness_reward: 465.3171
- machine_idle_penalty: -347.3625

CUMULATIVE TOTAL: 115.5170

CRITICAL STATE INFO:
- Valid actions: ['J2', 'J3', 'J5', 'J7', 'J10', 'J11', 'J12', 'J13', 'J15', 'J16', 'J17', 'J20']
- Machine states:
  - Machine M1: Time=3315.00, Idle=0.00, Material=Racebike_Hauptrahmen_zugeschnitten
  - Machine M2: Time=3139.00, Idle=176.00, Material=Mountainbike_Bremsaufnahme_gebohrt
  - Machine M3: Time=3252.00, Idle=63.00, Material=E-Bike_Antrieb_installiert
==================================================

2025-05-22 15:29:06,255 - JSPGymEnvironment - INFO - Material change on machine M2: Mountainbike_Bremsaufnahme_gebohrt -> Racebike_Schaltauge_bearbeitet, setup time: 20
2025-05-22 15:29:06,255 - JSPGymEnvironment - INFO - Executed operation: Job J10, Op 1, Machine M2, Start: 3335, End: 3360, Setup: 20
2025-05-22 15:29:06,256 - JSPGymEnvironment - INFO - 
===== REWARD DETAILS FOR STEP 69 =====
Job: J10, Operation: 1, Job Completed: False
Current Time: 3315.00 -> 3360.00, Setup Time: 20.00
Processing Time: 25.00, Idle Time: 0.00
Completed Jobs: 8/20
Machine: M2, Material: Racebike_Schaltauge_bearbeitet

REWARD COMPONENTS:
- makespan_reward: -0.2250
- setup_reward: -5.0000
- deadline_reward: 0.0000
- priority_reward: 0.0000
- critical_job_reward: 0.5000
- placement_reward: 0.0000
- timeliness_reward: -1.4287
- machine_idle_penalty: -1.9125

TOTAL REWARD: -8.0662

CUMULATIVE REWARD COMPONENTS:
- makespan_reward: -16.8000
- setup_reward: -365.0000
- deadline_reward: 99.5138
- priority_reward: 216.0000
- critical_job_reward: 59.1236
- placement_reward: 0.0000
- timeliness_reward: 463.8884
- machine_idle_penalty: -349.2750

CUMULATIVE TOTAL: 107.4508

CRITICAL STATE INFO:
- Valid actions: ['J2', 'J3', 'J5', 'J7', 'J10', 'J11', 'J12', 'J13', 'J15', 'J16', 'J17', 'J20']
- Machine states:
  - Machine M1: Time=3315.00, Idle=45.00, Material=Racebike_Hauptrahmen_zugeschnitten
  - Machine M2: Time=3360.00, Idle=0.00, Material=Racebike_Schaltauge_bearbeitet
  - Machine M3: Time=3252.00, Idle=108.00, Material=E-Bike_Antrieb_installiert
==================================================

2025-05-22 15:29:06,291 - JSPGymEnvironment - INFO - Material change on machine M2: Racebike_Schaltauge_bearbeitet -> Racebike_Bremsaufnahme_gebohrt, setup time: 20
2025-05-22 15:29:06,291 - JSPGymEnvironment - INFO - Executed operation: Job J16, Op 3, Machine M2, Start: 3380, End: 3403, Setup: 20
2025-05-22 15:29:06,292 - JSPGymEnvironment - INFO - 
===== REWARD DETAILS FOR STEP 70 =====
Job: J16, Operation: 3, Job Completed: False
Current Time: 3360.00 -> 3403.00, Setup Time: 20.00
Processing Time: 23.00, Idle Time: 0.00
Completed Jobs: 8/20
Machine: M2, Material: Racebike_Bremsaufnahme_gebohrt

REWARD COMPONENTS:
- makespan_reward: -0.2150
- setup_reward: -5.0000
- deadline_reward: 0.0000
- priority_reward: 0.0000
- critical_job_reward: 0.0000
- placement_reward: 0.0000
- timeliness_reward: -1.7006
- machine_idle_penalty: -2.9875

TOTAL REWARD: -9.9031

CUMULATIVE REWARD COMPONENTS:
- makespan_reward: -17.0150
- setup_reward: -370.0000
- deadline_reward: 99.5138
- priority_reward: 216.0000
- critical_job_reward: 59.1236
- placement_reward: 0.0000
- timeliness_reward: 462.1879
- machine_idle_penalty: -352.2625

CUMULATIVE TOTAL: 97.5478

CRITICAL STATE INFO:
- Valid actions: ['J2', 'J3', 'J5', 'J7', 'J10', 'J11', 'J12', 'J13', 'J15', 'J16', 'J17', 'J20']
- Machine states:
  - Machine M1: Time=3315.00, Idle=88.00, Material=Racebike_Hauptrahmen_zugeschnitten
  - Machine M2: Time=3403.00, Idle=0.00, Material=Racebike_Bremsaufnahme_gebohrt
  - Machine M3: Time=3252.00, Idle=151.00, Material=E-Bike_Antrieb_installiert
==================================================

2025-05-22 15:29:06,327 - JSPGymEnvironment - INFO - Material change on machine M2: Racebike_Bremsaufnahme_gebohrt -> Racebike_Rahmen_nachbearbeitet, setup time: 20
2025-05-22 15:29:06,327 - JSPGymEnvironment - INFO - Executed operation: Job J16, Op 4, Machine M2, Start: 3423, End: 3437, Setup: 20
2025-05-22 15:29:06,328 - JSPGymEnvironment - INFO - 
===== REWARD DETAILS FOR STEP 71 =====
Job: J16, Operation: 4, Job Completed: False
Current Time: 3403.00 -> 3437.00, Setup Time: 20.00
Processing Time: 14.00, Idle Time: 0.00
Completed Jobs: 8/20
Machine: M2, Material: Racebike_Rahmen_nachbearbeitet

REWARD COMPONENTS:
- makespan_reward: -0.1700
- setup_reward: -5.0000
- deadline_reward: 0.0000
- priority_reward: 0.0000
- critical_job_reward: 0.0000
- placement_reward: 0.0000
- timeliness_reward: -1.9069
- machine_idle_penalty: -3.8375

TOTAL REWARD: -10.9144

CUMULATIVE REWARD COMPONENTS:
- makespan_reward: -17.1850
- setup_reward: -375.0000
- deadline_reward: 99.5138
- priority_reward: 216.0000
- critical_job_reward: 59.1236
- placement_reward: 0.0000
- timeliness_reward: 460.2810
- machine_idle_penalty: -356.1000

CUMULATIVE TOTAL: 86.6334

CRITICAL STATE INFO:
- Valid actions: ['J2', 'J3', 'J5', 'J7', 'J10', 'J11', 'J12', 'J13', 'J15', 'J16', 'J17', 'J20']
- Machine states:
  - Machine M1: Time=3315.00, Idle=122.00, Material=Racebike_Hauptrahmen_zugeschnitten
  - Machine M2: Time=3437.00, Idle=0.00, Material=Racebike_Rahmen_nachbearbeitet
  - Machine M3: Time=3252.00, Idle=185.00, Material=E-Bike_Antrieb_installiert
==================================================

2025-05-22 15:29:06,360 - JSPGymEnvironment - INFO - Material change on machine M1: Racebike_Hauptrahmen_zugeschnitten -> Citybike_Hauptrahmen_zugeschnitten, setup time: 40
2025-05-22 15:29:06,360 - JSPGymEnvironment - INFO - Executed operation: Job J17, Op 0, Machine M1, Start: 3477, End: 3515, Setup: 40
2025-05-22 15:29:06,361 - JSPGymEnvironment - INFO - 
===== REWARD DETAILS FOR STEP 72 =====
Job: J17, Operation: 0, Job Completed: False
Current Time: 3437.00 -> 3515.00, Setup Time: 40.00
Processing Time: 38.00, Idle Time: 0.00
Completed Jobs: 8/20
Machine: M1, Material: Citybike_Hauptrahmen_zugeschnitten

REWARD COMPONENTS:
- makespan_reward: -0.3900
- setup_reward: -10.0000
- deadline_reward: 0.0000
- priority_reward: 0.0000
- critical_job_reward: 0.0000
- placement_reward: 0.0000
- timeliness_reward: -2.3507
- machine_idle_penalty: -4.2625

TOTAL REWARD: -17.0032

CUMULATIVE REWARD COMPONENTS:
- makespan_reward: -17.5750
- setup_reward: -385.0000
- deadline_reward: 99.5138
- priority_reward: 216.0000
- critical_job_reward: 59.1236
- placement_reward: 0.0000
- timeliness_reward: 457.9303
- machine_idle_penalty: -360.3625

CUMULATIVE TOTAL: 69.6302

CRITICAL STATE INFO:
- Valid actions: ['J2', 'J3', 'J5', 'J7', 'J10', 'J11', 'J12', 'J13', 'J15', 'J16', 'J17', 'J20']
- Machine states:
  - Machine M1: Time=3515.00, Idle=0.00, Material=Citybike_Hauptrahmen_zugeschnitten
  - Machine M2: Time=3437.00, Idle=78.00, Material=Racebike_Rahmen_nachbearbeitet
  - Machine M3: Time=3252.00, Idle=263.00, Material=E-Bike_Antrieb_installiert
==================================================

2025-05-22 15:29:06,412 - JSPGymEnvironment - INFO - Material change on machine M2: Racebike_Rahmen_nachbearbeitet -> Citybike_Schaltauge_bearbeitet, setup time: 20
2025-05-22 15:29:06,412 - JSPGymEnvironment - INFO - Executed operation: Job J17, Op 1, Machine M2, Start: 3535, End: 3555, Setup: 20
2025-05-22 15:29:06,412 - JSPGymEnvironment - INFO - 
===== REWARD DETAILS FOR STEP 73 =====
Job: J17, Operation: 1, Job Completed: False
Current Time: 3515.00 -> 3555.00, Setup Time: 20.00
Processing Time: 20.00, Idle Time: 0.00
Completed Jobs: 8/20
Machine: M2, Material: Citybike_Schaltauge_bearbeitet

REWARD COMPONENTS:
- makespan_reward: -0.2000
- setup_reward: -5.0000
- deadline_reward: 0.0000
- priority_reward: 0.0000
- critical_job_reward: 0.0000
- placement_reward: 0.0000
- timeliness_reward: -2.5624
- machine_idle_penalty: -4.2875

TOTAL REWARD: -12.0499

CUMULATIVE REWARD COMPONENTS:
- makespan_reward: -17.7750
- setup_reward: -390.0000
- deadline_reward: 99.5138
- priority_reward: 216.0000
- critical_job_reward: 59.1236
- placement_reward: 0.0000
- timeliness_reward: 455.3678
- machine_idle_penalty: -364.6500

CUMULATIVE TOTAL: 57.5802

CRITICAL STATE INFO:
- Valid actions: ['J2', 'J3', 'J5', 'J7', 'J10', 'J11', 'J12', 'J13', 'J15', 'J16', 'J17', 'J20']
- Machine states:
  - Machine M1: Time=3515.00, Idle=40.00, Material=Citybike_Hauptrahmen_zugeschnitten
  - Machine M2: Time=3555.00, Idle=0.00, Material=Citybike_Schaltauge_bearbeitet
  - Machine M3: Time=3252.00, Idle=303.00, Material=E-Bike_Antrieb_installiert
==================================================

2025-05-22 15:29:06,441 - JSPGymEnvironment - INFO - Material change on machine M2: Citybike_Schaltauge_bearbeitet -> E-Bike_Bremsaufnahme_gebohrt, setup time: 20
2025-05-22 15:29:06,441 - JSPGymEnvironment - INFO - Executed operation: Job J13, Op 3, Machine M2, Start: 3575, End: 3597, Setup: 20
2025-05-22 15:29:06,441 - JSPGymEnvironment - INFO - 
===== REWARD DETAILS FOR STEP 74 =====
Job: J13, Operation: 3, Job Completed: False
Current Time: 3555.00 -> 3597.00, Setup Time: 20.00
Processing Time: 22.00, Idle Time: 0.00
Completed Jobs: 8/20
Machine: M2, Material: E-Bike_Bremsaufnahme_gebohrt

REWARD COMPONENTS:
- makespan_reward: -0.2100
- setup_reward: -5.0000
- deadline_reward: 0.0000
- priority_reward: 0.0000
- critical_job_reward: 0.0000
- placement_reward: 0.0000
- timeliness_reward: -2.7732
- machine_idle_penalty: -5.3375

TOTAL REWARD: -13.3207

CUMULATIVE REWARD COMPONENTS:
- makespan_reward: -17.9850
- setup_reward: -395.0000
- deadline_reward: 99.5138
- priority_reward: 216.0000
- critical_job_reward: 59.1236
- placement_reward: 0.0000
- timeliness_reward: 452.5946
- machine_idle_penalty: -369.9875

CUMULATIVE TOTAL: 44.2596

CRITICAL STATE INFO:
- Valid actions: ['J2', 'J3', 'J5', 'J7', 'J10', 'J11', 'J12', 'J13', 'J15', 'J16', 'J17', 'J20']
- Machine states:
  - Machine M1: Time=3515.00, Idle=82.00, Material=Citybike_Hauptrahmen_zugeschnitten
  - Machine M2: Time=3597.00, Idle=0.00, Material=E-Bike_Bremsaufnahme_gebohrt
  - Machine M3: Time=3252.00, Idle=345.00, Material=E-Bike_Antrieb_installiert
==================================================

2025-05-22 15:29:06,470 - JSPGymEnvironment - INFO - Material change on machine M2: E-Bike_Bremsaufnahme_gebohrt -> Mountainbike_Rahmen_nachbearbeitet, setup time: 20
2025-05-22 15:29:06,470 - JSPGymEnvironment - INFO - Executed operation: Job J12, Op 4, Machine M2, Start: 3617, End: 3645, Setup: 20
2025-05-22 15:29:06,470 - JSPGymEnvironment - INFO - 
===== REWARD DETAILS FOR STEP 75 =====
Job: J12, Operation: 4, Job Completed: False
Current Time: 3597.00 -> 3645.00, Setup Time: 20.00
Processing Time: 28.00, Idle Time: 0.00
Completed Jobs: 8/20
Machine: M2, Material: Mountainbike_Rahmen_nachbearbeitet

REWARD COMPONENTS:
- makespan_reward: -0.2400
- setup_reward: -5.0000
- deadline_reward: 0.0000
- priority_reward: 0.0000
- critical_job_reward: 0.0000
- placement_reward: 0.0000
- timeliness_reward: -2.9998
- machine_idle_penalty: -6.5375

TOTAL REWARD: -14.7773

CUMULATIVE REWARD COMPONENTS:
- makespan_reward: -18.2250
- setup_reward: -400.0000
- deadline_reward: 99.5138
- priority_reward: 216.0000
- critical_job_reward: 59.1236
- placement_reward: 0.0000
- timeliness_reward: 449.5949
- machine_idle_penalty: -376.5250

CUMULATIVE TOTAL: 29.4823

CRITICAL STATE INFO:
- Valid actions: ['J2', 'J3', 'J5', 'J7', 'J10', 'J11', 'J12', 'J13', 'J15', 'J16', 'J17', 'J20']
- Machine states:
  - Machine M1: Time=3515.00, Idle=130.00, Material=Citybike_Hauptrahmen_zugeschnitten
  - Machine M2: Time=3645.00, Idle=0.00, Material=Mountainbike_Rahmen_nachbearbeitet
  - Machine M3: Time=3252.00, Idle=393.00, Material=E-Bike_Antrieb_installiert
==================================================

2025-05-22 15:29:06,499 - JSPGymEnvironment - INFO - Material change on machine M3: E-Bike_Antrieb_installiert -> E-Bike_Fahrrad_endmontiert, setup time: 15
2025-05-22 15:29:06,499 - JSPGymEnvironment - INFO - Executed operation: Job J13, Op 4, Machine M3, Start: 3660, End: 3713, Setup: 15
2025-05-22 15:29:06,499 - JSPGymEnvironment - INFO - Job J13 completed at time 3713, deadline: 2863, met: False, priority: 7
2025-05-22 15:29:06,499 - JSPGymEnvironment - INFO - 
===== REWARD DETAILS FOR STEP 76 =====
Job: J13, Operation: 4, Job Completed: True
Current Time: 3645.00 -> 3713.00, Setup Time: 15.00
Processing Time: 53.00, Idle Time: 0.00
Completed Jobs: 9/20
Machine: M3, Material: E-Bike_Fahrrad_endmontiert
Job Deadline: 2863.00 (Missed), Priority: 7

REWARD COMPONENTS:
- makespan_reward: -0.3400
- setup_reward: -3.7500
- deadline_reward: -0.7422
- priority_reward: 28.0000
- critical_job_reward: 0.0000
- placement_reward: 0.0000
- timeliness_reward: -3.2956
- machine_idle_penalty: -3.3250

TOTAL REWARD: 16.5472

CUMULATIVE REWARD COMPONENTS:
- makespan_reward: -18.5650
- setup_reward: -403.7500
- deadline_reward: 98.7716
- priority_reward: 244.0000
- critical_job_reward: 59.1236
- placement_reward: 0.0000
- timeliness_reward: 446.2993
- machine_idle_penalty: -379.8500

CUMULATIVE TOTAL: 46.0295

CRITICAL STATE INFO:
- Valid actions: ['J2', 'J3', 'J5', 'J7', 'J10', 'J11', 'J12', 'J15', 'J16', 'J17', 'J20']
- Machine states:
  - Machine M1: Time=3515.00, Idle=198.00, Material=Citybike_Hauptrahmen_zugeschnitten
  - Machine M2: Time=3645.00, Idle=68.00, Material=Mountainbike_Rahmen_nachbearbeitet
  - Machine M3: Time=3713.00, Idle=0.00, Material=E-Bike_Fahrrad_endmontiert
==================================================

2025-05-22 15:29:06,499 - JSPGymEnvironment - INFO - Retro-Bonus für Job J13: -10.0
2025-05-22 15:29:06,530 - JSPGymEnvironment - INFO - Material change on machine M2: Mountainbike_Rahmen_nachbearbeitet -> Racebike_Fahrrad_endmontiert, setup time: 20
2025-05-22 15:29:06,531 - JSPGymEnvironment - INFO - Executed operation: Job J16, Op 5, Machine M2, Start: 3733, End: 3763, Setup: 20
2025-05-22 15:29:06,531 - JSPGymEnvironment - INFO - Job J16 completed at time 3763, deadline: 2855, met: False, priority: 7
2025-05-22 15:29:06,531 - JSPGymEnvironment - INFO - 
===== REWARD DETAILS FOR STEP 77 =====
Job: J16, Operation: 5, Job Completed: True
Current Time: 3713.00 -> 3763.00, Setup Time: 20.00
Processing Time: 30.00, Idle Time: 0.00
Completed Jobs: 10/20
Machine: M2, Material: Racebike_Fahrrad_endmontiert
Job Deadline: 2855.00 (Missed), Priority: 7

REWARD COMPONENTS:
- makespan_reward: -0.2500
- setup_reward: -5.0000
- deadline_reward: -0.7951
- priority_reward: 28.0000
- critical_job_reward: 0.0000
- placement_reward: 0.0000
- timeliness_reward: -3.4903
- machine_idle_penalty: -3.7250

TOTAL REWARD: 14.7396

CUMULATIVE REWARD COMPONENTS:
- makespan_reward: -18.8150
- setup_reward: -408.7500
- deadline_reward: 97.9765
- priority_reward: 272.0000
- critical_job_reward: 59.1236
- placement_reward: 0.0000
- timeliness_reward: 442.8090
- machine_idle_penalty: -383.5750

CUMULATIVE TOTAL: 60.7691

CRITICAL STATE INFO:
- Valid actions: ['J2', 'J3', 'J5', 'J7', 'J10', 'J11', 'J12', 'J15', 'J17', 'J20']
- Machine states:
  - Machine M1: Time=3515.00, Idle=248.00, Material=Citybike_Hauptrahmen_zugeschnitten
  - Machine M2: Time=3763.00, Idle=0.00, Material=Racebike_Fahrrad_endmontiert
  - Machine M3: Time=3713.00, Idle=50.00, Material=E-Bike_Fahrrad_endmontiert
==================================================

2025-05-22 15:29:06,531 - JSPGymEnvironment - INFO - Retro-Bonus für Job J16: -10.0
2025-05-22 15:29:06,559 - JSPGymEnvironment - INFO - Material change on machine M2: Racebike_Fahrrad_endmontiert -> Citybike_Schaltauge_bearbeitet, setup time: 20
2025-05-22 15:29:06,559 - JSPGymEnvironment - INFO - Executed operation: Job J2, Op 1, Machine M2, Start: 3783, End: 3793, Setup: 20
2025-05-22 15:29:06,559 - JSPGymEnvironment - INFO - 
===== REWARD DETAILS FOR STEP 78 =====
Job: J2, Operation: 1, Job Completed: False
Current Time: 3763.00 -> 3793.00, Setup Time: 20.00
Processing Time: 10.00, Idle Time: 0.00
Completed Jobs: 10/20
Machine: M2, Material: Citybike_Schaltauge_bearbeitet

REWARD COMPONENTS:
- makespan_reward: -0.1500
- setup_reward: -5.0000
- deadline_reward: 0.0000
- priority_reward: 0.0000
- critical_job_reward: 0.0000
- placement_reward: 0.0000
- timeliness_reward: -3.6028
- machine_idle_penalty: -4.4750

TOTAL REWARD: -13.2278

CUMULATIVE REWARD COMPONENTS:
- makespan_reward: -18.9650
- setup_reward: -413.7500
- deadline_reward: 97.9765
- priority_reward: 272.0000
- critical_job_reward: 59.1236
- placement_reward: 0.0000
- timeliness_reward: 439.2062
- machine_idle_penalty: -388.0500

CUMULATIVE TOTAL: 47.5413

CRITICAL STATE INFO:
- Valid actions: ['J2', 'J3', 'J5', 'J7', 'J10', 'J11', 'J12', 'J15', 'J17', 'J20']
- Machine states:
  - Machine M1: Time=3515.00, Idle=278.00, Material=Citybike_Hauptrahmen_zugeschnitten
  - Machine M2: Time=3793.00, Idle=0.00, Material=Citybike_Schaltauge_bearbeitet
  - Machine M3: Time=3713.00, Idle=80.00, Material=E-Bike_Fahrrad_endmontiert
==================================================

2025-05-22 15:29:06,587 - JSPGymEnvironment - INFO - Material change on machine M2: Citybike_Schaltauge_bearbeitet -> Mountainbike_Rahmen_nachbearbeitet, setup time: 20
2025-05-22 15:29:06,587 - JSPGymEnvironment - INFO - Executed operation: Job J12, Op 5, Machine M2, Start: 3813, End: 3841, Setup: 20
2025-05-22 15:29:06,587 - JSPGymEnvironment - INFO - 
===== REWARD DETAILS FOR STEP 79 =====
Job: J12, Operation: 5, Job Completed: False
Current Time: 3793.00 -> 3841.00, Setup Time: 20.00
Processing Time: 28.00, Idle Time: 0.00
Completed Jobs: 10/20
Machine: M2, Material: Mountainbike_Rahmen_nachbearbeitet

REWARD COMPONENTS:
- makespan_reward: -0.2400
- setup_reward: -5.0000
- deadline_reward: 0.0000
- priority_reward: 0.0000
- critical_job_reward: 0.0000
- placement_reward: 0.0000
- timeliness_reward: -3.7721
- machine_idle_penalty: -5.6750

TOTAL REWARD: -14.6871

CUMULATIVE REWARD COMPONENTS:
- makespan_reward: -19.2050
- setup_reward: -418.7500
- deadline_reward: 97.9765
- priority_reward: 272.0000
- critical_job_reward: 59.1236
- placement_reward: 0.0000
- timeliness_reward: 435.4342
- machine_idle_penalty: -393.7250

CUMULATIVE TOTAL: 32.8542

CRITICAL STATE INFO:
- Valid actions: ['J2', 'J3', 'J5', 'J7', 'J10', 'J11', 'J12', 'J15', 'J17', 'J20']
- Machine states:
  - Machine M1: Time=3515.00, Idle=326.00, Material=Citybike_Hauptrahmen_zugeschnitten
  - Machine M2: Time=3841.00, Idle=0.00, Material=Mountainbike_Rahmen_nachbearbeitet
  - Machine M3: Time=3713.00, Idle=128.00, Material=E-Bike_Fahrrad_endmontiert
==================================================

2025-05-22 15:29:06,785 - JSPGymEnvironment - INFO - Material change on machine M3: E-Bike_Fahrrad_endmontiert -> Citybike_Antrieb_installiert, setup time: 15
2025-05-22 15:29:06,785 - JSPGymEnvironment - INFO - Executed operation: Job J2, Op 2, Machine M3, Start: 3856, End: 3884, Setup: 15
2025-05-22 15:29:06,785 - JSPGymEnvironment - INFO - 
===== REWARD DETAILS FOR STEP 80 =====
Job: J2, Operation: 2, Job Completed: False
Current Time: 3841.00 -> 3884.00, Setup Time: 15.00
Processing Time: 28.00, Idle Time: 0.00
Completed Jobs: 10/20
Machine: M3, Material: Citybike_Antrieb_installiert

REWARD COMPONENTS:
- makespan_reward: -0.2150
- setup_reward: -3.7500
- deadline_reward: 0.0000
- priority_reward: 0.0000
- critical_job_reward: 0.0000
- placement_reward: 0.0000
- timeliness_reward: -3.9129
- machine_idle_penalty: -5.1500

TOTAL REWARD: -13.0279

CUMULATIVE REWARD COMPONENTS:
- makespan_reward: -19.4200
- setup_reward: -422.5000
- deadline_reward: 97.9765
- priority_reward: 272.0000
- critical_job_reward: 59.1236
- placement_reward: 0.0000
- timeliness_reward: 431.5212
- machine_idle_penalty: -398.8750

CUMULATIVE TOTAL: 19.8263

CRITICAL STATE INFO:
- Valid actions: ['J2', 'J3', 'J5', 'J7', 'J10', 'J11', 'J12', 'J15', 'J17', 'J20']
- Machine states:
  - Machine M1: Time=3515.00, Idle=369.00, Material=Citybike_Hauptrahmen_zugeschnitten
  - Machine M2: Time=3841.00, Idle=43.00, Material=Mountainbike_Rahmen_nachbearbeitet
  - Machine M3: Time=3884.00, Idle=0.00, Material=Citybike_Antrieb_installiert
==================================================

2025-05-22 15:29:06,814 - JSPGymEnvironment - INFO - Material change on machine M2: Mountainbike_Rahmen_nachbearbeitet -> Mountainbike_Fahrrad_endmontiert, setup time: 20
2025-05-22 15:29:06,815 - JSPGymEnvironment - INFO - Executed operation: Job J12, Op 6, Machine M2, Start: 3904, End: 3926, Setup: 20
2025-05-22 15:29:06,815 - JSPGymEnvironment - INFO - Job J12 completed at time 3926, deadline: 2863, met: False, priority: 2
2025-05-22 15:29:06,815 - JSPGymEnvironment - INFO - 
===== REWARD DETAILS FOR STEP 81 =====
Job: J12, Operation: 6, Job Completed: True
Current Time: 3884.00 -> 3926.00, Setup Time: 20.00
Processing Time: 22.00, Idle Time: 0.00
Completed Jobs: 11/20
Machine: M2, Material: Mountainbike_Fahrrad_endmontiert
Job Deadline: 2863.00 (Missed), Priority: 2

REWARD COMPONENTS:
- makespan_reward: -0.2100
- setup_reward: -5.0000
- deadline_reward: -0.9282
- priority_reward: 8.0000
- critical_job_reward: 0.0000
- placement_reward: 0.0000
- timeliness_reward: -4.0412
- machine_idle_penalty: -5.6625

TOTAL REWARD: -7.8419

CUMULATIVE REWARD COMPONENTS:
- makespan_reward: -19.6300
- setup_reward: -427.5000
- deadline_reward: 97.0483
- priority_reward: 280.0000
- critical_job_reward: 59.1236
- placement_reward: 0.0000
- timeliness_reward: 427.4800
- machine_idle_penalty: -404.5375

CUMULATIVE TOTAL: 11.9844

CRITICAL STATE INFO:
- Valid actions: ['J2', 'J3', 'J5', 'J7', 'J10', 'J11', 'J15', 'J17', 'J20']
- Machine states:
  - Machine M1: Time=3515.00, Idle=411.00, Material=Citybike_Hauptrahmen_zugeschnitten
  - Machine M2: Time=3926.00, Idle=0.00, Material=Mountainbike_Fahrrad_endmontiert
  - Machine M3: Time=3884.00, Idle=42.00, Material=Citybike_Antrieb_installiert
==================================================

2025-05-22 15:29:06,815 - JSPGymEnvironment - INFO - Retro-Bonus für Job J12: -10.0
2025-05-22 15:29:06,844 - JSPGymEnvironment - INFO - Executed operation: Job J11, Op 0, Machine M1, Start: 3951, End: 3982, Setup: 25
2025-05-22 15:29:06,844 - JSPGymEnvironment - INFO - 
===== REWARD DETAILS FOR STEP 82 =====
Job: J11, Operation: 0, Job Completed: False
Current Time: 3926.00 -> 3982.00, Setup Time: 25.00
Processing Time: 31.00, Idle Time: 0.00
Completed Jobs: 11/20
Machine: M1, Material: Citybike_Hauptrahmen_zugeschnitten

REWARD COMPONENTS:
- makespan_reward: -0.2800
- setup_reward: -6.2500
- deadline_reward: 0.0000
- priority_reward: 0.0000
- critical_job_reward: 0.0000
- placement_reward: 0.0000
- timeliness_reward: -4.1987
- machine_idle_penalty: -1.9250

TOTAL REWARD: -12.6537

CUMULATIVE REWARD COMPONENTS:
- makespan_reward: -19.9100
- setup_reward: -433.7500
- deadline_reward: 97.0483
- priority_reward: 280.0000
- critical_job_reward: 59.1236
- placement_reward: 0.0000
- timeliness_reward: 423.2813
- machine_idle_penalty: -406.4625

CUMULATIVE TOTAL: -0.6693

CRITICAL STATE INFO:
- Valid actions: ['J2', 'J3', 'J5', 'J7', 'J10', 'J11', 'J15', 'J17', 'J20']
- Machine states:
  - Machine M1: Time=3982.00, Idle=0.00, Material=Citybike_Hauptrahmen_zugeschnitten
  - Machine M2: Time=3926.00, Idle=56.00, Material=Mountainbike_Fahrrad_endmontiert
  - Machine M3: Time=3884.00, Idle=98.00, Material=Citybike_Antrieb_installiert
==================================================

2025-05-22 15:29:06,872 - JSPGymEnvironment - INFO - Material change on machine M3: Citybike_Antrieb_installiert -> Racebike_Antrieb_installiert, setup time: 15
2025-05-22 15:29:06,872 - JSPGymEnvironment - INFO - Executed operation: Job J10, Op 2, Machine M3, Start: 3997, End: 4036, Setup: 15
2025-05-22 15:29:06,873 - JSPGymEnvironment - INFO - 
===== REWARD DETAILS FOR STEP 83 =====
Job: J10, Operation: 2, Job Completed: False
Current Time: 3982.00 -> 4036.00, Setup Time: 15.00
Processing Time: 39.00, Idle Time: 0.00
Completed Jobs: 11/20
Machine: M3, Material: Racebike_Antrieb_installiert

REWARD COMPONENTS:
- makespan_reward: -0.2700
- setup_reward: -3.7500
- deadline_reward: 0.0000
- priority_reward: 0.0000
- critical_job_reward: 0.5000
- placement_reward: 0.0000
- timeliness_reward: -4.3367
- machine_idle_penalty: -2.0500

TOTAL REWARD: -9.9067

CUMULATIVE REWARD COMPONENTS:
- makespan_reward: -20.1800
- setup_reward: -437.5000
- deadline_reward: 97.0483
- priority_reward: 280.0000
- critical_job_reward: 59.6236
- placement_reward: 0.0000
- timeliness_reward: 418.9446
- machine_idle_penalty: -408.5125

CUMULATIVE TOTAL: -10.5760

CRITICAL STATE INFO:
- Valid actions: ['J2', 'J3', 'J5', 'J7', 'J10', 'J11', 'J15', 'J17', 'J20']
- Machine states:
  - Machine M1: Time=3982.00, Idle=54.00, Material=Citybike_Hauptrahmen_zugeschnitten
  - Machine M2: Time=3926.00, Idle=110.00, Material=Mountainbike_Fahrrad_endmontiert
  - Machine M3: Time=4036.00, Idle=0.00, Material=Racebike_Antrieb_installiert
==================================================

2025-05-22 15:29:06,904 - JSPGymEnvironment - INFO - Material change on machine M2: Mountainbike_Fahrrad_endmontiert -> Racebike_Bremsaufnahme_gebohrt, setup time: 20
2025-05-22 15:29:06,904 - JSPGymEnvironment - INFO - Executed operation: Job J10, Op 3, Machine M2, Start: 4056, End: 4078, Setup: 20
2025-05-22 15:29:06,905 - JSPGymEnvironment - INFO - 
===== REWARD DETAILS FOR STEP 84 =====
Job: J10, Operation: 3, Job Completed: False
Current Time: 4036.00 -> 4078.00, Setup Time: 20.00
Processing Time: 22.00, Idle Time: 0.00
Completed Jobs: 11/20
Machine: M2, Material: Racebike_Bremsaufnahme_gebohrt

REWARD COMPONENTS:
- makespan_reward: -0.2100
- setup_reward: -5.0000
- deadline_reward: 0.0000
- priority_reward: 0.0000
- critical_job_reward: 0.5000
- placement_reward: 0.0000
- timeliness_reward: -4.4354
- machine_idle_penalty: -1.7250

TOTAL REWARD: -10.8704

CUMULATIVE REWARD COMPONENTS:
- makespan_reward: -20.3900
- setup_reward: -442.5000
- deadline_reward: 97.0483
- priority_reward: 280.0000
- critical_job_reward: 60.1236
- placement_reward: 0.0000
- timeliness_reward: 414.5092
- machine_idle_penalty: -410.2375

CUMULATIVE TOTAL: -21.4465

CRITICAL STATE INFO:
- Valid actions: ['J2', 'J3', 'J5', 'J7', 'J10', 'J11', 'J15', 'J17', 'J20']
- Machine states:
  - Machine M1: Time=3982.00, Idle=96.00, Material=Citybike_Hauptrahmen_zugeschnitten
  - Machine M2: Time=4078.00, Idle=0.00, Material=Racebike_Bremsaufnahme_gebohrt
  - Machine M3: Time=4036.00, Idle=42.00, Material=Racebike_Antrieb_installiert
==================================================

2025-05-22 15:29:06,934 - JSPGymEnvironment - INFO - Material change on machine M2: Racebike_Bremsaufnahme_gebohrt -> Racebike_Rahmen_nachbearbeitet, setup time: 20
2025-05-22 15:29:06,934 - JSPGymEnvironment - INFO - Executed operation: Job J10, Op 4, Machine M2, Start: 4098, End: 4109, Setup: 20
2025-05-22 15:29:06,934 - JSPGymEnvironment - INFO - 
===== REWARD DETAILS FOR STEP 85 =====
Job: J10, Operation: 4, Job Completed: False
Current Time: 4078.00 -> 4109.00, Setup Time: 20.00
Processing Time: 11.00, Idle Time: 0.00
Completed Jobs: 11/20
Machine: M2, Material: Racebike_Rahmen_nachbearbeitet

REWARD COMPONENTS:
- makespan_reward: -0.1550
- setup_reward: -5.0000
- deadline_reward: 0.0000
- priority_reward: 0.0000
- critical_job_reward: 0.5000
- placement_reward: 0.0000
- timeliness_reward: -4.5036
- machine_idle_penalty: -2.5000

TOTAL REWARD: -11.6586

CUMULATIVE REWARD COMPONENTS:
- makespan_reward: -20.5450
- setup_reward: -447.5000
- deadline_reward: 97.0483
- priority_reward: 280.0000
- critical_job_reward: 60.6236
- placement_reward: 0.0000
- timeliness_reward: 410.0055
- machine_idle_penalty: -412.7375

CUMULATIVE TOTAL: -33.1051

CRITICAL STATE INFO:
- Valid actions: ['J2', 'J3', 'J5', 'J7', 'J10', 'J11', 'J15', 'J17', 'J20']
- Machine states:
  - Machine M1: Time=3982.00, Idle=127.00, Material=Citybike_Hauptrahmen_zugeschnitten
  - Machine M2: Time=4109.00, Idle=0.00, Material=Racebike_Rahmen_nachbearbeitet
  - Machine M3: Time=4036.00, Idle=73.00, Material=Racebike_Antrieb_installiert
==================================================

2025-05-22 15:29:06,967 - JSPGymEnvironment - INFO - Material change on machine M3: Racebike_Antrieb_installiert -> Citybike_Antrieb_installiert, setup time: 15
2025-05-22 15:29:06,967 - JSPGymEnvironment - INFO - Executed operation: Job J17, Op 2, Machine M3, Start: 4124, End: 4158, Setup: 15
2025-05-22 15:29:06,968 - JSPGymEnvironment - INFO - 
===== REWARD DETAILS FOR STEP 86 =====
Job: J17, Operation: 2, Job Completed: False
Current Time: 4109.00 -> 4158.00, Setup Time: 15.00
Processing Time: 34.00, Idle Time: 0.00
Completed Jobs: 11/20
Machine: M3, Material: Citybike_Antrieb_installiert

REWARD COMPONENTS:
- makespan_reward: -0.2450
- setup_reward: -3.7500
- deadline_reward: 0.0000
- priority_reward: 0.0000
- critical_job_reward: 0.0000
- placement_reward: 0.0000
- timeliness_reward: -4.6040
- machine_idle_penalty: -2.8125

TOTAL REWARD: -11.4115

CUMULATIVE REWARD COMPONENTS:
- makespan_reward: -20.7900
- setup_reward: -451.2500
- deadline_reward: 97.0483
- priority_reward: 280.0000
- critical_job_reward: 60.6236
- placement_reward: 0.0000
- timeliness_reward: 405.4016
- machine_idle_penalty: -415.5500

CUMULATIVE TOTAL: -44.5166

CRITICAL STATE INFO:
- Valid actions: ['J2', 'J3', 'J5', 'J7', 'J10', 'J11', 'J15', 'J17', 'J20']
- Machine states:
  - Machine M1: Time=3982.00, Idle=176.00, Material=Citybike_Hauptrahmen_zugeschnitten
  - Machine M2: Time=4109.00, Idle=49.00, Material=Racebike_Rahmen_nachbearbeitet
  - Machine M3: Time=4158.00, Idle=0.00, Material=Citybike_Antrieb_installiert
==================================================

2025-05-22 15:29:07,001 - JSPGymEnvironment - INFO - Material change on machine M2: Racebike_Rahmen_nachbearbeitet -> Mountainbike_Rahmen_nachbearbeitet, setup time: 20
2025-05-22 15:29:07,001 - JSPGymEnvironment - INFO - Executed operation: Job J5, Op 4, Machine M2, Start: 4178, End: 4208, Setup: 20
2025-05-22 15:29:07,001 - JSPGymEnvironment - INFO - 
===== REWARD DETAILS FOR STEP 87 =====
Job: J5, Operation: 4, Job Completed: False
Current Time: 4158.00 -> 4208.00, Setup Time: 20.00
Processing Time: 30.00, Idle Time: 0.00
Completed Jobs: 11/20
Machine: M2, Material: Mountainbike_Rahmen_nachbearbeitet

REWARD COMPONENTS:
- makespan_reward: -0.2500
- setup_reward: -5.0000
- deadline_reward: 0.0000
- priority_reward: 0.0000
- critical_job_reward: 0.0000
- placement_reward: 0.0000
- timeliness_reward: -4.6974
- machine_idle_penalty: -3.4500

TOTAL REWARD: -13.3974

CUMULATIVE REWARD COMPONENTS:
- makespan_reward: -21.0400
- setup_reward: -456.2500
- deadline_reward: 97.0483
- priority_reward: 280.0000
- critical_job_reward: 60.6236
- placement_reward: 0.0000
- timeliness_reward: 400.7041
- machine_idle_penalty: -419.0000

CUMULATIVE TOTAL: -57.9140

CRITICAL STATE INFO:
- Valid actions: ['J2', 'J3', 'J5', 'J7', 'J10', 'J11', 'J15', 'J17', 'J20']
- Machine states:
  - Machine M1: Time=3982.00, Idle=226.00, Material=Citybike_Hauptrahmen_zugeschnitten
  - Machine M2: Time=4208.00, Idle=0.00, Material=Mountainbike_Rahmen_nachbearbeitet
  - Machine M3: Time=4158.00, Idle=50.00, Material=Citybike_Antrieb_installiert
==================================================

2025-05-22 15:29:07,034 - JSPGymEnvironment - INFO - Material change on machine M2: Mountainbike_Rahmen_nachbearbeitet -> Mountainbike_Fahrrad_endmontiert, setup time: 20
2025-05-22 15:29:07,034 - JSPGymEnvironment - INFO - Executed operation: Job J5, Op 5, Machine M2, Start: 4228, End: 4250, Setup: 20
2025-05-22 15:29:07,034 - JSPGymEnvironment - INFO - Job J5 completed at time 4250, deadline: 2880, met: False, priority: 1
2025-05-22 15:29:07,034 - JSPGymEnvironment - INFO - 
===== REWARD DETAILS FOR STEP 88 =====
Job: J5, Operation: 5, Job Completed: True
Current Time: 4208.00 -> 4250.00, Setup Time: 20.00
Processing Time: 22.00, Idle Time: 0.00
Completed Jobs: 12/20
Machine: M2, Material: Mountainbike_Fahrrad_endmontiert
Job Deadline: 2880.00 (Missed), Priority: 1

REWARD COMPONENTS:
- makespan_reward: -0.2100
- setup_reward: -5.0000
- deadline_reward: -1.1892
- priority_reward: 4.0000
- critical_job_reward: 0.0000
- placement_reward: 0.0000
- timeliness_reward: -4.7696
- machine_idle_penalty: -4.5000

TOTAL REWARD: -11.6689

CUMULATIVE REWARD COMPONENTS:
- makespan_reward: -21.2500
- setup_reward: -461.2500
- deadline_reward: 95.8590
- priority_reward: 284.0000
- critical_job_reward: 60.6236
- placement_reward: 0.0000
- timeliness_reward: 395.9345
- machine_idle_penalty: -423.5000

CUMULATIVE TOTAL: -69.5829

CRITICAL STATE INFO:
- Valid actions: ['J2', 'J3', 'J7', 'J10', 'J11', 'J15', 'J17', 'J20']
- Machine states:
  - Machine M1: Time=3982.00, Idle=268.00, Material=Citybike_Hauptrahmen_zugeschnitten
  - Machine M2: Time=4250.00, Idle=0.00, Material=Mountainbike_Fahrrad_endmontiert
  - Machine M3: Time=4158.00, Idle=92.00, Material=Citybike_Antrieb_installiert
==================================================

2025-05-22 15:29:07,034 - JSPGymEnvironment - INFO - Retro-Bonus für Job J5: -10.0
2025-05-22 15:29:07,067 - JSPGymEnvironment - INFO - Material change on machine M2: Mountainbike_Fahrrad_endmontiert -> Racebike_Rahmen_nachbearbeitet, setup time: 20
2025-05-22 15:29:07,067 - JSPGymEnvironment - INFO - Executed operation: Job J10, Op 5, Machine M2, Start: 4270, End: 4288, Setup: 20
2025-05-22 15:29:07,068 - JSPGymEnvironment - INFO - 
===== REWARD DETAILS FOR STEP 89 =====
Job: J10, Operation: 5, Job Completed: False
Current Time: 4250.00 -> 4288.00, Setup Time: 20.00
Processing Time: 18.00, Idle Time: 0.00
Completed Jobs: 12/20
Machine: M2, Material: Racebike_Rahmen_nachbearbeitet

REWARD COMPONENTS:
- makespan_reward: -0.1900
- setup_reward: -5.0000
- deadline_reward: 0.0000
- priority_reward: 0.0000
- critical_job_reward: 0.5000
- placement_reward: 0.0000
- timeliness_reward: -4.8301
- machine_idle_penalty: -5.4500

TOTAL REWARD: -14.9701

CUMULATIVE REWARD COMPONENTS:
- makespan_reward: -21.4400
- setup_reward: -466.2500
- deadline_reward: 95.8590
- priority_reward: 284.0000
- critical_job_reward: 61.1236
- placement_reward: 0.0000
- timeliness_reward: 391.1044
- machine_idle_penalty: -428.9500

CUMULATIVE TOTAL: -84.5530

CRITICAL STATE INFO:
- Valid actions: ['J2', 'J3', 'J7', 'J10', 'J11', 'J15', 'J17', 'J20']
- Machine states:
  - Machine M1: Time=3982.00, Idle=306.00, Material=Citybike_Hauptrahmen_zugeschnitten
  - Machine M2: Time=4288.00, Idle=0.00, Material=Racebike_Rahmen_nachbearbeitet
  - Machine M3: Time=4158.00, Idle=130.00, Material=Citybike_Antrieb_installiert
==================================================

2025-05-22 15:29:07,095 - JSPGymEnvironment - INFO - Material change on machine M1: Citybike_Hauptrahmen_zugeschnitten -> Mountainbike_Hauptrahmen_zugeschnitten, setup time: 40
2025-05-22 15:29:07,096 - JSPGymEnvironment - INFO - Executed operation: Job J20, Op 0, Machine M1, Start: 4328, End: 4347, Setup: 40
2025-05-22 15:29:07,096 - JSPGymEnvironment - INFO - 
===== REWARD DETAILS FOR STEP 90 =====
Job: J20, Operation: 0, Job Completed: False
Current Time: 4288.00 -> 4347.00, Setup Time: 40.00
Processing Time: 19.00, Idle Time: 0.00
Completed Jobs: 12/20
Machine: M1, Material: Mountainbike_Hauptrahmen_zugeschnitten

REWARD COMPONENTS:
- makespan_reward: -0.2950
- setup_reward: -10.0000
- deadline_reward: 0.0000
- priority_reward: 0.0000
- critical_job_reward: 0.0000
- placement_reward: 0.0000
- timeliness_reward: -4.9158
- machine_idle_penalty: -3.1000

TOTAL REWARD: -18.3108

CUMULATIVE REWARD COMPONENTS:
- makespan_reward: -21.7350
- setup_reward: -476.2500
- deadline_reward: 95.8590
- priority_reward: 284.0000
- critical_job_reward: 61.1236
- placement_reward: 0.0000
- timeliness_reward: 386.1886
- machine_idle_penalty: -432.0500

CUMULATIVE TOTAL: -102.8638

CRITICAL STATE INFO:
- Valid actions: ['J2', 'J3', 'J7', 'J10', 'J11', 'J15', 'J17', 'J20']
- Machine states:
  - Machine M1: Time=4347.00, Idle=0.00, Material=Mountainbike_Hauptrahmen_zugeschnitten
  - Machine M2: Time=4288.00, Idle=59.00, Material=Racebike_Rahmen_nachbearbeitet
  - Machine M3: Time=4158.00, Idle=189.00, Material=Citybike_Antrieb_installiert
==================================================

2025-05-22 15:29:07,124 - JSPGymEnvironment - INFO - Executed operation: Job J10, Op 6, Machine M2, Start: 4362, End: 4373, Setup: 15
2025-05-22 15:29:07,124 - JSPGymEnvironment - INFO - 
===== REWARD DETAILS FOR STEP 91 =====
Job: J10, Operation: 6, Job Completed: False
Current Time: 4347.00 -> 4373.00, Setup Time: 15.00
Processing Time: 11.00, Idle Time: 0.00
Completed Jobs: 12/20
Machine: M2, Material: Racebike_Rahmen_nachbearbeitet

REWARD COMPONENTS:
- makespan_reward: -0.1300
- setup_reward: -3.7500
- deadline_reward: 0.0000
- priority_reward: 0.0000
- critical_job_reward: 0.5000
- placement_reward: 0.0000
- timeliness_reward: -4.9506
- machine_idle_penalty: -3.0125

TOTAL REWARD: -11.3431

CUMULATIVE REWARD COMPONENTS:
- makespan_reward: -21.8650
- setup_reward: -480.0000
- deadline_reward: 95.8590
- priority_reward: 284.0000
- critical_job_reward: 61.6236
- placement_reward: 0.0000
- timeliness_reward: 381.2380
- machine_idle_penalty: -435.0625

CUMULATIVE TOTAL: -114.2069

CRITICAL STATE INFO:
- Valid actions: ['J2', 'J3', 'J7', 'J10', 'J11', 'J15', 'J17', 'J20']
- Machine states:
  - Machine M1: Time=4347.00, Idle=26.00, Material=Mountainbike_Hauptrahmen_zugeschnitten
  - Machine M2: Time=4373.00, Idle=0.00, Material=Racebike_Rahmen_nachbearbeitet
  - Machine M3: Time=4158.00, Idle=215.00, Material=Citybike_Antrieb_installiert
==================================================

2025-05-22 15:29:07,154 - JSPGymEnvironment - INFO - Material change on machine M2: Racebike_Rahmen_nachbearbeitet -> Citybike_Bremsaufnahme_gebohrt, setup time: 20
2025-05-22 15:29:07,154 - JSPGymEnvironment - INFO - Executed operation: Job J2, Op 3, Machine M2, Start: 4393, End: 4414, Setup: 20
2025-05-22 15:29:07,154 - JSPGymEnvironment - INFO - 
===== REWARD DETAILS FOR STEP 92 =====
Job: J2, Operation: 3, Job Completed: False
Current Time: 4373.00 -> 4414.00, Setup Time: 20.00
Processing Time: 21.00, Idle Time: 0.00
Completed Jobs: 12/20
Machine: M2, Material: Citybike_Bremsaufnahme_gebohrt

REWARD COMPONENTS:
- makespan_reward: -0.2050
- setup_reward: -5.0000
- deadline_reward: 0.0000
- priority_reward: 0.0000
- critical_job_reward: 0.0000
- placement_reward: 0.0000
- timeliness_reward: -5.0021
- machine_idle_penalty: -4.0375

TOTAL REWARD: -14.2446

CUMULATIVE REWARD COMPONENTS:
- makespan_reward: -22.0700
- setup_reward: -485.0000
- deadline_reward: 95.8590
- priority_reward: 284.0000
- critical_job_reward: 61.6236
- placement_reward: 0.0000
- timeliness_reward: 376.2359
- machine_idle_penalty: -439.1000

CUMULATIVE TOTAL: -128.4515

CRITICAL STATE INFO:
- Valid actions: ['J2', 'J3', 'J7', 'J10', 'J11', 'J15', 'J17', 'J20']
- Machine states:
  - Machine M1: Time=4347.00, Idle=67.00, Material=Mountainbike_Hauptrahmen_zugeschnitten
  - Machine M2: Time=4414.00, Idle=0.00, Material=Citybike_Bremsaufnahme_gebohrt
  - Machine M3: Time=4158.00, Idle=256.00, Material=Citybike_Antrieb_installiert
==================================================

2025-05-22 15:29:07,183 - JSPGymEnvironment - INFO - Material change on machine M2: Citybike_Bremsaufnahme_gebohrt -> Citybike_Rahmen_nachbearbeitet, setup time: 20
2025-05-22 15:29:07,183 - JSPGymEnvironment - INFO - Executed operation: Job J2, Op 4, Machine M2, Start: 4434, End: 4458, Setup: 20
2025-05-22 15:29:07,184 - JSPGymEnvironment - INFO - 
===== REWARD DETAILS FOR STEP 93 =====
Job: J2, Operation: 4, Job Completed: False
Current Time: 4414.00 -> 4458.00, Setup Time: 20.00
Processing Time: 24.00, Idle Time: 0.00
Completed Jobs: 12/20
Machine: M2, Material: Citybike_Rahmen_nachbearbeitet

REWARD COMPONENTS:
- makespan_reward: -0.2200
- setup_reward: -5.0000
- deadline_reward: 0.0000
- priority_reward: 0.0000
- critical_job_reward: 0.0000
- placement_reward: 0.0000
- timeliness_reward: -5.0529
- machine_idle_penalty: -5.1375

TOTAL REWARD: -15.4104

CUMULATIVE REWARD COMPONENTS:
- makespan_reward: -22.2900
- setup_reward: -490.0000
- deadline_reward: 95.8590
- priority_reward: 284.0000
- critical_job_reward: 61.6236
- placement_reward: 0.0000
- timeliness_reward: 371.1829
- machine_idle_penalty: -444.2375

CUMULATIVE TOTAL: -143.8619

CRITICAL STATE INFO:
- Valid actions: ['J2', 'J3', 'J7', 'J10', 'J11', 'J15', 'J17', 'J20']
- Machine states:
  - Machine M1: Time=4347.00, Idle=111.00, Material=Mountainbike_Hauptrahmen_zugeschnitten
  - Machine M2: Time=4458.00, Idle=0.00, Material=Citybike_Rahmen_nachbearbeitet
  - Machine M3: Time=4158.00, Idle=300.00, Material=Citybike_Antrieb_installiert
==================================================

2025-05-22 15:29:07,381 - JSPGymEnvironment - INFO - Material change on machine M1: Mountainbike_Hauptrahmen_zugeschnitten -> Racebike_Hauptrahmen_zugeschnitten, setup time: 40
2025-05-22 15:29:07,382 - JSPGymEnvironment - INFO - Executed operation: Job J7, Op 0, Machine M1, Start: 4498, End: 4533, Setup: 40
2025-05-22 15:29:07,382 - JSPGymEnvironment - INFO - 
===== REWARD DETAILS FOR STEP 94 =====
Job: J7, Operation: 0, Job Completed: False
Current Time: 4458.00 -> 4533.00, Setup Time: 40.00
Processing Time: 35.00, Idle Time: 0.00
Completed Jobs: 12/20
Machine: M1, Material: Racebike_Hauptrahmen_zugeschnitten

REWARD COMPONENTS:
- makespan_reward: -0.3750
- setup_reward: -10.0000
- deadline_reward: 0.0000
- priority_reward: 0.0000
- critical_job_reward: 0.5000
- placement_reward: 0.0000
- timeliness_reward: -5.1302
- machine_idle_penalty: -5.6250

TOTAL REWARD: -20.6302

CUMULATIVE REWARD COMPONENTS:
- makespan_reward: -22.6650
- setup_reward: -500.0000
- deadline_reward: 95.8590
- priority_reward: 284.0000
- critical_job_reward: 62.1236
- placement_reward: 0.0000
- timeliness_reward: 366.0528
- machine_idle_penalty: -449.8625

CUMULATIVE TOTAL: -164.4921

CRITICAL STATE INFO:
- Valid actions: ['J2', 'J3', 'J7', 'J10', 'J11', 'J15', 'J17', 'J20']
- Machine states:
  - Machine M1: Time=4533.00, Idle=0.00, Material=Racebike_Hauptrahmen_zugeschnitten
  - Machine M2: Time=4458.00, Idle=75.00, Material=Citybike_Rahmen_nachbearbeitet
  - Machine M3: Time=4158.00, Idle=375.00, Material=Citybike_Antrieb_installiert
==================================================

2025-05-22 15:29:07,413 - JSPGymEnvironment - INFO - Material change on machine M3: Citybike_Antrieb_installiert -> Citybike_Fahrrad_endmontiert, setup time: 15
2025-05-22 15:29:07,414 - JSPGymEnvironment - INFO - Executed operation: Job J2, Op 5, Machine M3, Start: 4548, End: 4569, Setup: 15
2025-05-22 15:29:07,414 - JSPGymEnvironment - INFO - Job J2 completed at time 4569, deadline: 2880, met: False, priority: 3
2025-05-22 15:29:07,414 - JSPGymEnvironment - INFO - 
===== REWARD DETAILS FOR STEP 95 =====
Job: J2, Operation: 5, Job Completed: True
Current Time: 4533.00 -> 4569.00, Setup Time: 15.00
Processing Time: 21.00, Idle Time: 0.00
Completed Jobs: 13/20
Machine: M3, Material: Citybike_Fahrrad_endmontiert
Job Deadline: 2880.00 (Missed), Priority: 3

REWARD COMPONENTS:
- makespan_reward: -0.1800
- setup_reward: -3.7500
- deadline_reward: -1.4661
- priority_reward: 12.0000
- critical_job_reward: 0.0000
- placement_reward: 0.0000
- timeliness_reward: -5.1639
- machine_idle_penalty: -1.8375

TOTAL REWARD: -0.3975

CUMULATIVE REWARD COMPONENTS:
- makespan_reward: -22.8450
- setup_reward: -503.7500
- deadline_reward: 94.3929
- priority_reward: 296.0000
- critical_job_reward: 62.1236
- placement_reward: 0.0000
- timeliness_reward: 360.8889
- machine_idle_penalty: -451.7000

CUMULATIVE TOTAL: -164.8896

CRITICAL STATE INFO:
- Valid actions: ['J3', 'J7', 'J10', 'J11', 'J15', 'J17', 'J20']
- Machine states:
  - Machine M1: Time=4533.00, Idle=36.00, Material=Racebike_Hauptrahmen_zugeschnitten
  - Machine M2: Time=4458.00, Idle=111.00, Material=Citybike_Rahmen_nachbearbeitet
  - Machine M3: Time=4569.00, Idle=0.00, Material=Citybike_Fahrrad_endmontiert
==================================================

2025-05-22 15:29:07,414 - JSPGymEnvironment - INFO - Retro-Bonus für Job J2: -10.0
2025-05-22 15:29:07,447 - JSPGymEnvironment - INFO - Material change on machine M2: Citybike_Rahmen_nachbearbeitet -> Racebike_Schaltauge_bearbeitet, setup time: 20
2025-05-22 15:29:07,447 - JSPGymEnvironment - INFO - Executed operation: Job J7, Op 1, Machine M2, Start: 4589, End: 4612, Setup: 20
2025-05-22 15:29:07,447 - JSPGymEnvironment - INFO - 
===== REWARD DETAILS FOR STEP 96 =====
Job: J7, Operation: 1, Job Completed: False
Current Time: 4569.00 -> 4612.00, Setup Time: 20.00
Processing Time: 23.00, Idle Time: 0.00
Completed Jobs: 13/20
Machine: M2, Material: Racebike_Schaltauge_bearbeitet

REWARD COMPONENTS:
- makespan_reward: -0.2150
- setup_reward: -5.0000
- deadline_reward: 0.0000
- priority_reward: 0.0000
- critical_job_reward: 0.5000
- placement_reward: 0.0000
- timeliness_reward: -5.2005
- machine_idle_penalty: -1.5250

TOTAL REWARD: -11.4405

CUMULATIVE REWARD COMPONENTS:
- makespan_reward: -23.0600
- setup_reward: -508.7500
- deadline_reward: 94.3929
- priority_reward: 296.0000
- critical_job_reward: 62.6236
- placement_reward: 0.0000
- timeliness_reward: 355.6884
- machine_idle_penalty: -453.2250

CUMULATIVE TOTAL: -176.3301

CRITICAL STATE INFO:
- Valid actions: ['J3', 'J7', 'J10', 'J11', 'J15', 'J17', 'J20']
- Machine states:
  - Machine M1: Time=4533.00, Idle=79.00, Material=Racebike_Hauptrahmen_zugeschnitten
  - Machine M2: Time=4612.00, Idle=0.00, Material=Racebike_Schaltauge_bearbeitet
  - Machine M3: Time=4569.00, Idle=43.00, Material=Citybike_Fahrrad_endmontiert
==================================================

2025-05-22 15:29:07,482 - JSPGymEnvironment - INFO - Material change on machine M2: Racebike_Schaltauge_bearbeitet -> Racebike_Fahrrad_endmontiert, setup time: 20
2025-05-22 15:29:07,482 - JSPGymEnvironment - INFO - Executed operation: Job J10, Op 7, Machine M2, Start: 4632, End: 4644, Setup: 20
2025-05-22 15:29:07,482 - JSPGymEnvironment - INFO - Job J10 completed at time 4644, deadline: 2880, met: False, priority: 9
2025-05-22 15:29:07,482 - JSPGymEnvironment - INFO - 
===== REWARD DETAILS FOR STEP 97 =====
Job: J10, Operation: 7, Job Completed: True
Current Time: 4612.00 -> 4644.00, Setup Time: 20.00
Processing Time: 12.00, Idle Time: 0.00
Completed Jobs: 14/20
Machine: M2, Material: Racebike_Fahrrad_endmontiert
Job Deadline: 2880.00 (Missed), Priority: 9

REWARD COMPONENTS:
- makespan_reward: -0.1600
- setup_reward: -5.0000
- deadline_reward: -1.5312
- priority_reward: 36.0000
- critical_job_reward: 5.1500
- placement_reward: 0.0000
- timeliness_reward: -5.2308
- machine_idle_penalty: -2.3250

TOTAL REWARD: 26.9030

CUMULATIVE REWARD COMPONENTS:
- makespan_reward: -23.2200
- setup_reward: -513.7500
- deadline_reward: 92.8616
- priority_reward: 332.0000
- critical_job_reward: 67.7736
- placement_reward: 0.0000
- timeliness_reward: 350.4576
- machine_idle_penalty: -455.5500

CUMULATIVE TOTAL: -149.4272

CRITICAL STATE INFO:
- Valid actions: ['J3', 'J7', 'J11', 'J15', 'J17', 'J20']
- Machine states:
  - Machine M1: Time=4533.00, Idle=111.00, Material=Racebike_Hauptrahmen_zugeschnitten
  - Machine M2: Time=4644.00, Idle=0.00, Material=Racebike_Fahrrad_endmontiert
  - Machine M3: Time=4569.00, Idle=75.00, Material=Citybike_Fahrrad_endmontiert
==================================================

2025-05-22 15:29:07,482 - JSPGymEnvironment - INFO - Retro-Bonus für Job J10: -5.0
2025-05-22 15:29:07,515 - JSPGymEnvironment - INFO - Material change on machine M2: Racebike_Fahrrad_endmontiert -> Racebike_Schaltauge_bearbeitet, setup time: 20
2025-05-22 15:29:07,515 - JSPGymEnvironment - INFO - Executed operation: Job J15, Op 1, Machine M2, Start: 4664, End: 4677, Setup: 20
2025-05-22 15:29:07,515 - JSPGymEnvironment - INFO - 
===== REWARD DETAILS FOR STEP 98 =====
Job: J15, Operation: 1, Job Completed: False
Current Time: 4644.00 -> 4677.00, Setup Time: 20.00
Processing Time: 13.00, Idle Time: 0.00
Completed Jobs: 14/20
Machine: M2, Material: Racebike_Schaltauge_bearbeitet

REWARD COMPONENTS:
- makespan_reward: -0.1650
- setup_reward: -5.0000
- deadline_reward: 0.0000
- priority_reward: 0.0000
- critical_job_reward: 0.5000
- placement_reward: 0.0000
- timeliness_reward: -5.2550
- machine_idle_penalty: -3.1500

TOTAL REWARD: -13.0700

CUMULATIVE REWARD COMPONENTS:
- makespan_reward: -23.3850
- setup_reward: -518.7500
- deadline_reward: 92.8616
- priority_reward: 332.0000
- critical_job_reward: 68.2736
- placement_reward: 0.0000
- timeliness_reward: 345.2027
- machine_idle_penalty: -458.7000

CUMULATIVE TOTAL: -162.4971

CRITICAL STATE INFO:
- Valid actions: ['J3', 'J7', 'J11', 'J15', 'J17', 'J20']
- Machine states:
  - Machine M1: Time=4533.00, Idle=144.00, Material=Racebike_Hauptrahmen_zugeschnitten
  - Machine M2: Time=4677.00, Idle=0.00, Material=Racebike_Schaltauge_bearbeitet
  - Machine M3: Time=4569.00, Idle=108.00, Material=Citybike_Fahrrad_endmontiert
==================================================

2025-05-22 15:29:07,549 - JSPGymEnvironment - INFO - Material change on machine M3: Citybike_Fahrrad_endmontiert -> Racebike_Antrieb_installiert, setup time: 15
2025-05-22 15:29:07,549 - JSPGymEnvironment - INFO - Executed operation: Job J7, Op 2, Machine M3, Start: 4692, End: 4716, Setup: 15
2025-05-22 15:29:07,549 - JSPGymEnvironment - INFO - 
===== REWARD DETAILS FOR STEP 99 =====
Job: J7, Operation: 2, Job Completed: False
Current Time: 4677.00 -> 4716.00, Setup Time: 15.00
Processing Time: 24.00, Idle Time: 0.00
Completed Jobs: 14/20
Machine: M3, Material: Racebike_Antrieb_installiert

REWARD COMPONENTS:
- makespan_reward: -0.1950
- setup_reward: -3.7500
- deadline_reward: 0.0000
- priority_reward: 0.0000
- critical_job_reward: 0.5000
- placement_reward: 0.0000
- timeliness_reward: -5.2815
- machine_idle_penalty: -2.7750

TOTAL REWARD: -11.5015

CUMULATIVE REWARD COMPONENTS:
- makespan_reward: -23.5800
- setup_reward: -522.5000
- deadline_reward: 92.8616
- priority_reward: 332.0000
- critical_job_reward: 68.7736
- placement_reward: 0.0000
- timeliness_reward: 339.9211
- machine_idle_penalty: -461.4750

CUMULATIVE TOTAL: -173.9987

CRITICAL STATE INFO:
- Valid actions: ['J3', 'J7', 'J11', 'J15', 'J17', 'J20']
- Machine states:
  - Machine M1: Time=4533.00, Idle=183.00, Material=Racebike_Hauptrahmen_zugeschnitten
  - Machine M2: Time=4677.00, Idle=39.00, Material=Racebike_Schaltauge_bearbeitet
  - Machine M3: Time=4716.00, Idle=0.00, Material=Racebike_Antrieb_installiert
==================================================

2025-05-22 15:29:07,578 - JSPGymEnvironment - INFO - Material change on machine M1: Racebike_Hauptrahmen_zugeschnitten -> E-Bike_Hauptrahmen_zugeschnitten, setup time: 40
2025-05-22 15:29:07,578 - JSPGymEnvironment - INFO - Executed operation: Job J3, Op 0, Machine M1, Start: 4756, End: 4790, Setup: 40
2025-05-22 15:29:07,578 - JSPGymEnvironment - INFO - 
===== REWARD DETAILS FOR STEP 100 =====
Job: J3, Operation: 0, Job Completed: False
Current Time: 4716.00 -> 4790.00, Setup Time: 40.00
Processing Time: 34.00, Idle Time: 0.00
Completed Jobs: 14/20
Machine: M1, Material: E-Bike_Hauptrahmen_zugeschnitten

REWARD COMPONENTS:
- makespan_reward: -0.3700
- setup_reward: -10.0000
- deadline_reward: 0.0000
- priority_reward: 0.0000
- critical_job_reward: 0.5000
- placement_reward: 0.0000
- timeliness_reward: -5.3266
- machine_idle_penalty: -2.3375

TOTAL REWARD: -17.5341

CUMULATIVE REWARD COMPONENTS:
- makespan_reward: -23.9500
- setup_reward: -532.5000
- deadline_reward: 92.8616
- priority_reward: 332.0000
- critical_job_reward: 69.2736
- placement_reward: 0.0000
- timeliness_reward: 334.5946
- machine_idle_penalty: -463.8125

CUMULATIVE TOTAL: -191.5327

CRITICAL STATE INFO:
- Valid actions: ['J3', 'J7', 'J11', 'J15', 'J17', 'J20']
- Machine states:
  - Machine M1: Time=4790.00, Idle=0.00, Material=E-Bike_Hauptrahmen_zugeschnitten
  - Machine M2: Time=4677.00, Idle=113.00, Material=Racebike_Schaltauge_bearbeitet
  - Machine M3: Time=4716.00, Idle=74.00, Material=Racebike_Antrieb_installiert
==================================================

2025-05-22 15:29:07,607 - JSPGymEnvironment - INFO - Material change on machine M2: Racebike_Schaltauge_bearbeitet -> Citybike_Schaltauge_bearbeitet, setup time: 20
2025-05-22 15:29:07,607 - JSPGymEnvironment - INFO - Executed operation: Job J11, Op 1, Machine M2, Start: 4810, End: 4823, Setup: 20
2025-05-22 15:29:07,608 - JSPGymEnvironment - INFO - 
===== REWARD DETAILS FOR STEP 101 =====
Job: J11, Operation: 1, Job Completed: False
Current Time: 4790.00 -> 4823.00, Setup Time: 20.00
Processing Time: 13.00, Idle Time: 0.00
Completed Jobs: 14/20
Machine: M2, Material: Citybike_Schaltauge_bearbeitet

REWARD COMPONENTS:
- makespan_reward: -0.1650
- setup_reward: -5.0000
- deadline_reward: 0.0000
- priority_reward: 0.0000
- critical_job_reward: 0.0000
- placement_reward: 0.0000
- timeliness_reward: -5.3446
- machine_idle_penalty: -1.7500

TOTAL REWARD: -12.2596

CUMULATIVE REWARD COMPONENTS:
- makespan_reward: -24.1150
- setup_reward: -537.5000
- deadline_reward: 92.8616
- priority_reward: 332.0000
- critical_job_reward: 69.2736
- placement_reward: 0.0000
- timeliness_reward: 329.2500
- machine_idle_penalty: -465.5625

CUMULATIVE TOTAL: -203.7923

CRITICAL STATE INFO:
- Valid actions: ['J3', 'J7', 'J11', 'J15', 'J17', 'J20']
- Machine states:
  - Machine M1: Time=4790.00, Idle=33.00, Material=E-Bike_Hauptrahmen_zugeschnitten
  - Machine M2: Time=4823.00, Idle=0.00, Material=Citybike_Schaltauge_bearbeitet
  - Machine M3: Time=4716.00, Idle=107.00, Material=Racebike_Antrieb_installiert
==================================================

2025-05-22 15:29:07,639 - JSPGymEnvironment - INFO - Executed operation: Job J15, Op 2, Machine M3, Start: 4833, End: 4868, Setup: 10
2025-05-22 15:29:07,639 - JSPGymEnvironment - INFO - 
===== REWARD DETAILS FOR STEP 102 =====
Job: J15, Operation: 2, Job Completed: False
Current Time: 4823.00 -> 4868.00, Setup Time: 10.00
Processing Time: 35.00, Idle Time: 0.00
Completed Jobs: 14/20
Machine: M3, Material: Racebike_Antrieb_installiert

REWARD COMPONENTS:
- makespan_reward: -0.2250
- setup_reward: -2.5000
- deadline_reward: 0.0000
- priority_reward: 0.0000
- critical_job_reward: 0.5000
- placement_reward: 0.0000
- timeliness_reward: -5.3672
- machine_idle_penalty: -1.5375

TOTAL REWARD: -9.1297

CUMULATIVE REWARD COMPONENTS:
- makespan_reward: -24.3400
- setup_reward: -540.0000
- deadline_reward: 92.8616
- priority_reward: 332.0000
- critical_job_reward: 69.7736
- placement_reward: 0.0000
- timeliness_reward: 323.8828
- machine_idle_penalty: -467.1000

CUMULATIVE TOTAL: -212.9220

CRITICAL STATE INFO:
- Valid actions: ['J3', 'J7', 'J11', 'J15', 'J17', 'J20']
- Machine states:
  - Machine M1: Time=4790.00, Idle=78.00, Material=E-Bike_Hauptrahmen_zugeschnitten
  - Machine M2: Time=4823.00, Idle=45.00, Material=Citybike_Schaltauge_bearbeitet
  - Machine M3: Time=4868.00, Idle=0.00, Material=Racebike_Antrieb_installiert
==================================================

2025-05-22 15:29:07,670 - JSPGymEnvironment - INFO - Material change on machine M3: Racebike_Antrieb_installiert -> Citybike_Bremsen_justiert, setup time: 15
2025-05-22 15:29:07,670 - JSPGymEnvironment - INFO - Executed operation: Job J17, Op 3, Machine M3, Start: 4883, End: 4909, Setup: 15
2025-05-22 15:29:07,670 - JSPGymEnvironment - INFO - 
===== REWARD DETAILS FOR STEP 103 =====
Job: J17, Operation: 3, Job Completed: False
Current Time: 4868.00 -> 4909.00, Setup Time: 15.00
Processing Time: 26.00, Idle Time: 0.00
Completed Jobs: 14/20
Machine: M3, Material: Citybike_Bremsen_justiert

REWARD COMPONENTS:
- makespan_reward: -0.2050
- setup_reward: -3.7500
- deadline_reward: 0.0000
- priority_reward: 0.0000
- critical_job_reward: 0.0000
- placement_reward: 0.0000
- timeliness_reward: -5.3862
- machine_idle_penalty: -2.5625

TOTAL REWARD: -11.9037

CUMULATIVE REWARD COMPONENTS:
- makespan_reward: -24.5450
- setup_reward: -543.7500
- deadline_reward: 92.8616
- priority_reward: 332.0000
- critical_job_reward: 69.7736
- placement_reward: 0.0000
- timeliness_reward: 318.4966
- machine_idle_penalty: -469.6625

CUMULATIVE TOTAL: -224.8257

CRITICAL STATE INFO:
- Valid actions: ['J3', 'J7', 'J11', 'J15', 'J17', 'J20']
- Machine states:
  - Machine M1: Time=4790.00, Idle=119.00, Material=E-Bike_Hauptrahmen_zugeschnitten
  - Machine M2: Time=4823.00, Idle=86.00, Material=Citybike_Schaltauge_bearbeitet
  - Machine M3: Time=4909.00, Idle=0.00, Material=Citybike_Bremsen_justiert
==================================================

2025-05-22 15:29:07,703 - JSPGymEnvironment - INFO - Material change on machine M2: Citybike_Schaltauge_bearbeitet -> E-Bike_Schaltauge_bearbeitet, setup time: 20
2025-05-22 15:29:07,703 - JSPGymEnvironment - INFO - Executed operation: Job J3, Op 1, Machine M2, Start: 4929, End: 4949, Setup: 20
2025-05-22 15:29:07,703 - JSPGymEnvironment - INFO - 
===== REWARD DETAILS FOR STEP 104 =====
Job: J3, Operation: 1, Job Completed: False
Current Time: 4909.00 -> 4949.00, Setup Time: 20.00
Processing Time: 20.00, Idle Time: 0.00
Completed Jobs: 14/20
Machine: M2, Material: E-Bike_Schaltauge_bearbeitet

REWARD COMPONENTS:
- makespan_reward: -0.2000
- setup_reward: -5.0000
- deadline_reward: 0.0000
- priority_reward: 0.0000
- critical_job_reward: 0.5000
- placement_reward: 0.0000
- timeliness_reward: -5.4032
- machine_idle_penalty: -2.4875

TOTAL REWARD: -12.5907

CUMULATIVE REWARD COMPONENTS:
- makespan_reward: -24.7450
- setup_reward: -548.7500
- deadline_reward: 92.8616
- priority_reward: 332.0000
- critical_job_reward: 70.2736
- placement_reward: 0.0000
- timeliness_reward: 313.0934
- machine_idle_penalty: -472.1500

CUMULATIVE TOTAL: -237.4164

CRITICAL STATE INFO:
- Valid actions: ['J3', 'J7', 'J11', 'J15', 'J17', 'J20']
- Machine states:
  - Machine M1: Time=4790.00, Idle=159.00, Material=E-Bike_Hauptrahmen_zugeschnitten
  - Machine M2: Time=4949.00, Idle=0.00, Material=E-Bike_Schaltauge_bearbeitet
  - Machine M3: Time=4909.00, Idle=40.00, Material=Citybike_Bremsen_justiert
==================================================

2025-05-22 15:29:07,734 - JSPGymEnvironment - INFO - Material change on machine M2: E-Bike_Schaltauge_bearbeitet -> Racebike_Bremsaufnahme_gebohrt, setup time: 20
2025-05-22 15:29:07,734 - JSPGymEnvironment - INFO - Executed operation: Job J7, Op 3, Machine M2, Start: 4969, End: 4992, Setup: 20
2025-05-22 15:29:07,735 - JSPGymEnvironment - INFO - 
===== REWARD DETAILS FOR STEP 105 =====
Job: J7, Operation: 3, Job Completed: False
Current Time: 4949.00 -> 4992.00, Setup Time: 20.00
Processing Time: 23.00, Idle Time: 0.00
Completed Jobs: 14/20
Machine: M2, Material: Racebike_Bremsaufnahme_gebohrt

REWARD COMPONENTS:
- makespan_reward: -0.2150
- setup_reward: -5.0000
- deadline_reward: 0.0000
- priority_reward: 0.0000
- critical_job_reward: 0.5000
- placement_reward: 0.0000
- timeliness_reward: -5.4200
- machine_idle_penalty: -3.5625

TOTAL REWARD: -13.6975

CUMULATIVE REWARD COMPONENTS:
- makespan_reward: -24.9600
- setup_reward: -553.7500
- deadline_reward: 92.8616
- priority_reward: 332.0000
- critical_job_reward: 70.7736
- placement_reward: 0.0000
- timeliness_reward: 307.6734
- machine_idle_penalty: -475.7125

CUMULATIVE TOTAL: -251.1139

CRITICAL STATE INFO:
- Valid actions: ['J3', 'J7', 'J11', 'J15', 'J17', 'J20']
- Machine states:
  - Machine M1: Time=4790.00, Idle=202.00, Material=E-Bike_Hauptrahmen_zugeschnitten
  - Machine M2: Time=4992.00, Idle=0.00, Material=Racebike_Bremsaufnahme_gebohrt
  - Machine M3: Time=4909.00, Idle=83.00, Material=Citybike_Bremsen_justiert
==================================================

2025-05-22 15:29:07,765 - JSPGymEnvironment - INFO - Material change on machine M3: Citybike_Bremsen_justiert -> Citybike_Fahrrad_endmontiert, setup time: 15
2025-05-22 15:29:07,765 - JSPGymEnvironment - INFO - Executed operation: Job J17, Op 4, Machine M3, Start: 5007, End: 5057, Setup: 15
2025-05-22 15:29:07,765 - JSPGymEnvironment - INFO - 
===== REWARD DETAILS FOR STEP 106 =====
Job: J17, Operation: 4, Job Completed: False
Current Time: 4992.00 -> 5057.00, Setup Time: 15.00
Processing Time: 50.00, Idle Time: 0.00
Completed Jobs: 14/20
Machine: M3, Material: Citybike_Fahrrad_endmontiert

REWARD COMPONENTS:
- makespan_reward: -0.3250
- setup_reward: -3.7500
- deadline_reward: 0.0000
- priority_reward: 0.0000
- critical_job_reward: 0.0000
- placement_reward: 0.0000
- timeliness_reward: -5.4427
- machine_idle_penalty: -4.1500

TOTAL REWARD: -13.6677

CUMULATIVE REWARD COMPONENTS:
- makespan_reward: -25.2850
- setup_reward: -557.5000
- deadline_reward: 92.8616
- priority_reward: 332.0000
- critical_job_reward: 70.7736
- placement_reward: 0.0000
- timeliness_reward: 302.2307
- machine_idle_penalty: -479.8625

CUMULATIVE TOTAL: -264.7816

CRITICAL STATE INFO:
- Valid actions: ['J3', 'J7', 'J11', 'J15', 'J17', 'J20']
- Machine states:
  - Machine M1: Time=4790.00, Idle=267.00, Material=E-Bike_Hauptrahmen_zugeschnitten
  - Machine M2: Time=4992.00, Idle=65.00, Material=Racebike_Bremsaufnahme_gebohrt
  - Machine M3: Time=5057.00, Idle=0.00, Material=Citybike_Fahrrad_endmontiert
==================================================

2025-05-22 15:29:07,960 - JSPGymEnvironment - INFO - Executed operation: Job J17, Op 5, Machine M3, Start: 5067, End: 5126, Setup: 10
2025-05-22 15:29:07,961 - JSPGymEnvironment - INFO - 
===== REWARD DETAILS FOR STEP 107 =====
Job: J17, Operation: 5, Job Completed: False
Current Time: 5057.00 -> 5126.00, Setup Time: 10.00
Processing Time: 59.00, Idle Time: 0.00
Completed Jobs: 14/20
Machine: M3, Material: Citybike_Fahrrad_endmontiert

REWARD COMPONENTS:
- makespan_reward: -0.3450
- setup_reward: -2.5000
- deadline_reward: 0.0000
- priority_reward: 0.0000
- critical_job_reward: 0.0000
- placement_reward: 0.0000
- timeliness_reward: -5.4637
- machine_idle_penalty: -5.8750

TOTAL REWARD: -14.1837

CUMULATIVE REWARD COMPONENTS:
- makespan_reward: -25.6300
- setup_reward: -560.0000
- deadline_reward: 92.8616
- priority_reward: 332.0000
- critical_job_reward: 70.7736
- placement_reward: 0.0000
- timeliness_reward: 296.7670
- machine_idle_penalty: -485.7375

CUMULATIVE TOTAL: -278.9653

CRITICAL STATE INFO:
- Valid actions: ['J3', 'J7', 'J11', 'J15', 'J17', 'J20']
- Machine states:
  - Machine M1: Time=4790.00, Idle=336.00, Material=E-Bike_Hauptrahmen_zugeschnitten
  - Machine M2: Time=4992.00, Idle=134.00, Material=Racebike_Bremsaufnahme_gebohrt
  - Machine M3: Time=5126.00, Idle=0.00, Material=Citybike_Fahrrad_endmontiert
==================================================

2025-05-22 15:29:07,991 - JSPGymEnvironment - INFO - Material change on machine M2: Racebike_Bremsaufnahme_gebohrt -> Racebike_Rahmen_nachbearbeitet, setup time: 20
2025-05-22 15:29:07,991 - JSPGymEnvironment - INFO - Executed operation: Job J7, Op 4, Machine M2, Start: 5146, End: 5172, Setup: 20
2025-05-22 15:29:07,991 - JSPGymEnvironment - INFO - 
===== REWARD DETAILS FOR STEP 108 =====
Job: J7, Operation: 4, Job Completed: False
Current Time: 5126.00 -> 5172.00, Setup Time: 20.00
Processing Time: 26.00, Idle Time: 0.00
Completed Jobs: 14/20
Machine: M2, Material: Racebike_Rahmen_nachbearbeitet

REWARD COMPONENTS:
- makespan_reward: -0.2300
- setup_reward: -5.0000
- deadline_reward: 0.0000
- priority_reward: 0.0000
- critical_job_reward: 0.5000
- placement_reward: 0.0000
- timeliness_reward: -5.4762
- machine_idle_penalty: -5.3500

TOTAL REWARD: -15.5562

CUMULATIVE REWARD COMPONENTS:
- makespan_reward: -25.8600
- setup_reward: -565.0000
- deadline_reward: 92.8616
- priority_reward: 332.0000
- critical_job_reward: 71.2736
- placement_reward: 0.0000
- timeliness_reward: 291.2908
- machine_idle_penalty: -491.0875

CUMULATIVE TOTAL: -294.5215

CRITICAL STATE INFO:
- Valid actions: ['J3', 'J7', 'J11', 'J15', 'J17', 'J20']
- Machine states:
  - Machine M1: Time=4790.00, Idle=382.00, Material=E-Bike_Hauptrahmen_zugeschnitten
  - Machine M2: Time=5172.00, Idle=0.00, Material=Racebike_Rahmen_nachbearbeitet
  - Machine M3: Time=5126.00, Idle=46.00, Material=Citybike_Fahrrad_endmontiert
==================================================

2025-05-22 15:29:08,021 - JSPGymEnvironment - INFO - Executed operation: Job J17, Op 6, Machine M3, Start: 5182, End: 5207, Setup: 10
2025-05-22 15:29:08,021 - JSPGymEnvironment - INFO - Job J17 completed at time 5207, deadline: 2880, met: False, priority: 6
2025-05-22 15:29:08,021 - JSPGymEnvironment - INFO - 
===== REWARD DETAILS FOR STEP 109 =====
Job: J17, Operation: 6, Job Completed: True
Current Time: 5172.00 -> 5207.00, Setup Time: 10.00
Processing Time: 25.00, Idle Time: 0.00
Completed Jobs: 15/20
Machine: M3, Material: Citybike_Fahrrad_endmontiert
Job Deadline: 2880.00 (Missed), Priority: 6

REWARD COMPONENTS:
- makespan_reward: -0.1750
- setup_reward: -2.5000
- deadline_reward: -2.0200
- priority_reward: 24.0000
- critical_job_reward: 0.0000
- placement_reward: 0.0000
- timeliness_reward: -5.4860
- machine_idle_penalty: -5.6500

TOTAL REWARD: 8.1691

CUMULATIVE REWARD COMPONENTS:
- makespan_reward: -26.0350
- setup_reward: -567.5000
- deadline_reward: 90.8417
- priority_reward: 356.0000
- critical_job_reward: 71.2736
- placement_reward: 0.0000
- timeliness_reward: 285.8049
- machine_idle_penalty: -496.7375

CUMULATIVE TOTAL: -286.3524

CRITICAL STATE INFO:
- Valid actions: ['J3', 'J7', 'J11', 'J15', 'J20']
- Machine states:
  - Machine M1: Time=4790.00, Idle=417.00, Material=E-Bike_Hauptrahmen_zugeschnitten
  - Machine M2: Time=5172.00, Idle=35.00, Material=Racebike_Rahmen_nachbearbeitet
  - Machine M3: Time=5207.00, Idle=0.00, Material=Citybike_Fahrrad_endmontiert
==================================================

2025-05-22 15:29:08,021 - JSPGymEnvironment - INFO - Retro-Bonus für Job J17: -10.0
2025-05-22 15:29:08,052 - JSPGymEnvironment - INFO - Material change on machine M2: Racebike_Rahmen_nachbearbeitet -> Mountainbike_Schaltauge_bearbeitet, setup time: 20
2025-05-22 15:29:08,052 - JSPGymEnvironment - INFO - Executed operation: Job J20, Op 1, Machine M2, Start: 5227, End: 5252, Setup: 20
2025-05-22 15:29:08,053 - JSPGymEnvironment - INFO - 
===== REWARD DETAILS FOR STEP 110 =====
Job: J20, Operation: 1, Job Completed: False
Current Time: 5207.00 -> 5252.00, Setup Time: 20.00
Processing Time: 25.00, Idle Time: 0.00
Completed Jobs: 15/20
Machine: M2, Material: Mountainbike_Schaltauge_bearbeitet

REWARD COMPONENTS:
- makespan_reward: -0.2250
- setup_reward: -5.0000
- deadline_reward: 0.0000
- priority_reward: 0.0000
- critical_job_reward: 0.0000
- placement_reward: 0.0000
- timeliness_reward: -5.4962
- machine_idle_penalty: -6.3375

TOTAL REWARD: -17.0587

CUMULATIVE REWARD COMPONENTS:
- makespan_reward: -26.2600
- setup_reward: -572.5000
- deadline_reward: 90.8417
- priority_reward: 356.0000
- critical_job_reward: 71.2736
- placement_reward: 0.0000
- timeliness_reward: 280.3087
- machine_idle_penalty: -503.0750

CUMULATIVE TOTAL: -303.4110

CRITICAL STATE INFO:
- Valid actions: ['J3', 'J7', 'J11', 'J15', 'J20']
- Machine states:
  - Machine M1: Time=4790.00, Idle=462.00, Material=E-Bike_Hauptrahmen_zugeschnitten
  - Machine M2: Time=5252.00, Idle=0.00, Material=Mountainbike_Schaltauge_bearbeitet
  - Machine M3: Time=5207.00, Idle=45.00, Material=Citybike_Fahrrad_endmontiert
==================================================

2025-05-22 15:29:08,086 - JSPGymEnvironment - INFO - Material change on machine M3: Citybike_Fahrrad_endmontiert -> Racebike_Bremsen_justiert, setup time: 15
2025-05-22 15:29:08,086 - JSPGymEnvironment - INFO - Executed operation: Job J15, Op 3, Machine M3, Start: 5267, End: 5294, Setup: 15
2025-05-22 15:29:08,086 - JSPGymEnvironment - INFO - 
===== REWARD DETAILS FOR STEP 111 =====
Job: J15, Operation: 3, Job Completed: False
Current Time: 5252.00 -> 5294.00, Setup Time: 15.00
Processing Time: 27.00, Idle Time: 0.00
Completed Jobs: 15/20
Machine: M3, Material: Racebike_Bremsen_justiert

REWARD COMPONENTS:
- makespan_reward: -0.2100
- setup_reward: -3.7500
- deadline_reward: 0.0000
- priority_reward: 0.0000
- critical_job_reward: 0.5000
- placement_reward: 0.0000
- timeliness_reward: -5.5049
- machine_idle_penalty: -6.8250

TOTAL REWARD: -15.7899

CUMULATIVE REWARD COMPONENTS:
- makespan_reward: -26.4700
- setup_reward: -576.2500
- deadline_reward: 90.8417
- priority_reward: 356.0000
- critical_job_reward: 71.7736
- placement_reward: 0.0000
- timeliness_reward: 274.8038
- machine_idle_penalty: -509.9000

CUMULATIVE TOTAL: -319.2009

CRITICAL STATE INFO:
- Valid actions: ['J3', 'J7', 'J11', 'J15', 'J20']
- Machine states:
  - Machine M1: Time=4790.00, Idle=504.00, Material=E-Bike_Hauptrahmen_zugeschnitten
  - Machine M2: Time=5252.00, Idle=42.00, Material=Mountainbike_Schaltauge_bearbeitet
  - Machine M3: Time=5294.00, Idle=0.00, Material=Racebike_Bremsen_justiert
==================================================

2025-05-22 15:29:08,124 - JSPGymEnvironment - INFO - Material change on machine M2: Mountainbike_Schaltauge_bearbeitet -> Racebike_Rahmen_nachbearbeitet, setup time: 20
2025-05-22 15:29:08,124 - JSPGymEnvironment - INFO - Executed operation: Job J15, Op 4, Machine M2, Start: 5314, End: 5334, Setup: 20
2025-05-22 15:29:08,124 - JSPGymEnvironment - INFO - 
===== REWARD DETAILS FOR STEP 112 =====
Job: J15, Operation: 4, Job Completed: False
Current Time: 5294.00 -> 5334.00, Setup Time: 20.00
Processing Time: 20.00, Idle Time: 0.00
Completed Jobs: 15/20
Machine: M2, Material: Racebike_Rahmen_nachbearbeitet

REWARD COMPONENTS:
- makespan_reward: -0.2000
- setup_reward: -5.0000
- deadline_reward: 0.0000
- priority_reward: 0.0000
- critical_job_reward: 0.5000
- placement_reward: 0.0000
- timeliness_reward: -5.5125
- machine_idle_penalty: -7.3000

TOTAL REWARD: -17.5125

CUMULATIVE REWARD COMPONENTS:
- makespan_reward: -26.6700
- setup_reward: -581.2500
- deadline_reward: 90.8417
- priority_reward: 356.0000
- critical_job_reward: 72.2736
- placement_reward: 0.0000
- timeliness_reward: 269.2913
- machine_idle_penalty: -517.2000

CUMULATIVE TOTAL: -336.7134

CRITICAL STATE INFO:
- Valid actions: ['J3', 'J7', 'J11', 'J15', 'J20']
- Machine states:
  - Machine M1: Time=4790.00, Idle=544.00, Material=E-Bike_Hauptrahmen_zugeschnitten
  - Machine M2: Time=5334.00, Idle=0.00, Material=Racebike_Rahmen_nachbearbeitet
  - Machine M3: Time=5294.00, Idle=40.00, Material=Racebike_Bremsen_justiert
==================================================

2025-05-22 15:29:08,158 - JSPGymEnvironment - INFO - Executed operation: Job J7, Op 5, Machine M2, Start: 5349, End: 5367, Setup: 15
2025-05-22 15:29:08,158 - JSPGymEnvironment - INFO - 
===== REWARD DETAILS FOR STEP 113 =====
Job: J7, Operation: 5, Job Completed: False
Current Time: 5334.00 -> 5367.00, Setup Time: 15.00
Processing Time: 18.00, Idle Time: 0.00
Completed Jobs: 15/20
Machine: M2, Material: Racebike_Rahmen_nachbearbeitet

REWARD COMPONENTS:
- makespan_reward: -0.1650
- setup_reward: -3.7500
- deadline_reward: 0.0000
- priority_reward: 0.0000
- critical_job_reward: 0.5000
- placement_reward: 0.0000
- timeliness_reward: -5.5183
- machine_idle_penalty: -8.1250

TOTAL REWARD: -17.0583

CUMULATIVE REWARD COMPONENTS:
- makespan_reward: -26.8350
- setup_reward: -585.0000
- deadline_reward: 90.8417
- priority_reward: 356.0000
- critical_job_reward: 72.7736
- placement_reward: 0.0000
- timeliness_reward: 263.7730
- machine_idle_penalty: -525.3250

CUMULATIVE TOTAL: -353.7718

CRITICAL STATE INFO:
- Valid actions: ['J3', 'J7', 'J11', 'J15', 'J20']
- Machine states:
  - Machine M1: Time=4790.00, Idle=577.00, Material=E-Bike_Hauptrahmen_zugeschnitten
  - Machine M2: Time=5367.00, Idle=0.00, Material=Racebike_Rahmen_nachbearbeitet
  - Machine M3: Time=5294.00, Idle=73.00, Material=Racebike_Bremsen_justiert
==================================================

2025-05-22 15:29:08,188 - JSPGymEnvironment - INFO - Material change on machine M3: Racebike_Bremsen_justiert -> E-Bike_Antrieb_installiert, setup time: 15
2025-05-22 15:29:08,188 - JSPGymEnvironment - INFO - Executed operation: Job J3, Op 2, Machine M3, Start: 5382, End: 5440, Setup: 15
2025-05-22 15:29:08,189 - JSPGymEnvironment - INFO - 
===== REWARD DETAILS FOR STEP 114 =====
Job: J3, Operation: 2, Job Completed: False
Current Time: 5367.00 -> 5440.00, Setup Time: 15.00
Processing Time: 58.00, Idle Time: 0.00
Completed Jobs: 15/20
Machine: M3, Material: E-Bike_Antrieb_installiert

REWARD COMPONENTS:
- makespan_reward: -0.3650
- setup_reward: -3.7500
- deadline_reward: 0.0000
- priority_reward: 0.0000
- critical_job_reward: 0.5000
- placement_reward: 0.0000
- timeliness_reward: -5.5299
- machine_idle_penalty: -9.0375

TOTAL REWARD: -18.1824

CUMULATIVE REWARD COMPONENTS:
- makespan_reward: -27.2000
- setup_reward: -588.7500
- deadline_reward: 90.8417
- priority_reward: 356.0000
- critical_job_reward: 73.2736
- placement_reward: 0.0000
- timeliness_reward: 258.2431
- machine_idle_penalty: -534.3625

CUMULATIVE TOTAL: -371.9542

CRITICAL STATE INFO:
- Valid actions: ['J3', 'J7', 'J11', 'J15', 'J20']
- Machine states:
  - Machine M1: Time=4790.00, Idle=650.00, Material=E-Bike_Hauptrahmen_zugeschnitten
  - Machine M2: Time=5367.00, Idle=73.00, Material=Racebike_Rahmen_nachbearbeitet
  - Machine M3: Time=5440.00, Idle=0.00, Material=E-Bike_Antrieb_installiert
==================================================

2025-05-22 15:29:08,222 - JSPGymEnvironment - INFO - Executed operation: Job J7, Op 6, Machine M2, Start: 5455, End: 5470, Setup: 15
2025-05-22 15:29:08,222 - JSPGymEnvironment - INFO - 
===== REWARD DETAILS FOR STEP 115 =====
Job: J7, Operation: 6, Job Completed: False
Current Time: 5440.00 -> 5470.00, Setup Time: 15.00
Processing Time: 15.00, Idle Time: 0.00
Completed Jobs: 15/20
Machine: M2, Material: Racebike_Rahmen_nachbearbeitet

REWARD COMPONENTS:
- makespan_reward: -0.1500
- setup_reward: -3.7500
- deadline_reward: 0.0000
- priority_reward: 0.0000
- critical_job_reward: 0.5000
- placement_reward: 0.0000
- timeliness_reward: -5.5342
- machine_idle_penalty: -8.8750

TOTAL REWARD: -17.8092

CUMULATIVE REWARD COMPONENTS:
- makespan_reward: -27.3500
- setup_reward: -592.5000
- deadline_reward: 90.8417
- priority_reward: 356.0000
- critical_job_reward: 73.7736
- placement_reward: 0.0000
- timeliness_reward: 252.7089
- machine_idle_penalty: -543.2375

CUMULATIVE TOTAL: -389.7633

CRITICAL STATE INFO:
- Valid actions: ['J3', 'J7', 'J11', 'J15', 'J20']
- Machine states:
  - Machine M1: Time=4790.00, Idle=680.00, Material=E-Bike_Hauptrahmen_zugeschnitten
  - Machine M2: Time=5470.00, Idle=0.00, Material=Racebike_Rahmen_nachbearbeitet
  - Machine M3: Time=5440.00, Idle=30.00, Material=E-Bike_Antrieb_installiert
==================================================

2025-05-22 15:29:08,252 - JSPGymEnvironment - INFO - Material change on machine M3: E-Bike_Antrieb_installiert -> Citybike_Antrieb_installiert, setup time: 15
2025-05-22 15:29:08,252 - JSPGymEnvironment - INFO - Executed operation: Job J11, Op 2, Machine M3, Start: 5485, End: 5527, Setup: 15
2025-05-22 15:29:08,252 - JSPGymEnvironment - INFO - 
===== REWARD DETAILS FOR STEP 116 =====
Job: J11, Operation: 2, Job Completed: False
Current Time: 5470.00 -> 5527.00, Setup Time: 15.00
Processing Time: 42.00, Idle Time: 0.00
Completed Jobs: 15/20
Machine: M3, Material: Citybike_Antrieb_installiert

REWARD COMPONENTS:
- makespan_reward: -0.2850
- setup_reward: -3.7500
- deadline_reward: 0.0000
- priority_reward: 0.0000
- critical_job_reward: 0.0000
- placement_reward: 0.0000
- timeliness_reward: -5.5416
- machine_idle_penalty: -9.9250

TOTAL REWARD: -19.5016

CUMULATIVE REWARD COMPONENTS:
- makespan_reward: -27.6350
- setup_reward: -596.2500
- deadline_reward: 90.8417
- priority_reward: 356.0000
- critical_job_reward: 73.7736
- placement_reward: 0.0000
- timeliness_reward: 247.1673
- machine_idle_penalty: -553.1625

CUMULATIVE TOTAL: -409.2649

CRITICAL STATE INFO:
- Valid actions: ['J3', 'J7', 'J11', 'J15', 'J20']
- Machine states:
  - Machine M1: Time=4790.00, Idle=737.00, Material=E-Bike_Hauptrahmen_zugeschnitten
  - Machine M2: Time=5470.00, Idle=57.00, Material=Racebike_Rahmen_nachbearbeitet
  - Machine M3: Time=5527.00, Idle=0.00, Material=Citybike_Antrieb_installiert
==================================================

2025-05-22 15:29:08,282 - JSPGymEnvironment - INFO - Material change on machine M2: Racebike_Rahmen_nachbearbeitet -> Racebike_Fahrrad_endmontiert, setup time: 20
2025-05-22 15:29:08,282 - JSPGymEnvironment - INFO - Executed operation: Job J7, Op 7, Machine M2, Start: 5547, End: 5572, Setup: 20
2025-05-22 15:29:08,282 - JSPGymEnvironment - INFO - Job J7 completed at time 5572, deadline: 2880, met: False, priority: 9
2025-05-22 15:29:08,283 - JSPGymEnvironment - INFO - 
===== REWARD DETAILS FOR STEP 117 =====
Job: J7, Operation: 7, Job Completed: True
Current Time: 5527.00 -> 5572.00, Setup Time: 20.00
Processing Time: 25.00, Idle Time: 0.00
Completed Jobs: 16/20
Machine: M2, Material: Racebike_Fahrrad_endmontiert
Job Deadline: 2880.00 (Missed), Priority: 9

REWARD COMPONENTS:
- makespan_reward: -0.2250
- setup_reward: -5.0000
- deadline_reward: -2.3368
- priority_reward: 36.0000
- critical_job_reward: 1.2833
- placement_reward: 0.0000
- timeliness_reward: -5.5486
- machine_idle_penalty: -10.3375

TOTAL REWARD: 13.8354

CUMULATIVE REWARD COMPONENTS:
- makespan_reward: -27.8600
- setup_reward: -601.2500
- deadline_reward: 88.5048
- priority_reward: 392.0000
- critical_job_reward: 75.0569
- placement_reward: 0.0000
- timeliness_reward: 241.6187
- machine_idle_penalty: -563.5000

CUMULATIVE TOTAL: -395.4295

CRITICAL STATE INFO:
- Valid actions: ['J3', 'J11', 'J15', 'J20']
- Machine states:
  - Machine M1: Time=4790.00, Idle=782.00, Material=E-Bike_Hauptrahmen_zugeschnitten
  - Machine M2: Time=5572.00, Idle=0.00, Material=Racebike_Fahrrad_endmontiert
  - Machine M3: Time=5527.00, Idle=45.00, Material=Citybike_Antrieb_installiert
==================================================

2025-05-22 15:29:08,283 - JSPGymEnvironment - INFO - Retro-Bonus für Job J7: -5.0
2025-05-22 15:29:08,314 - JSPGymEnvironment - INFO - Material change on machine M3: Citybike_Antrieb_installiert -> Citybike_Bremsen_justiert, setup time: 15
2025-05-22 15:29:08,314 - JSPGymEnvironment - INFO - Executed operation: Job J11, Op 3, Machine M3, Start: 5587, End: 5609, Setup: 15
2025-05-22 15:29:08,314 - JSPGymEnvironment - INFO - 
===== REWARD DETAILS FOR STEP 118 =====
Job: J11, Operation: 3, Job Completed: False
Current Time: 5572.00 -> 5609.00, Setup Time: 15.00
Processing Time: 22.00, Idle Time: 0.00
Completed Jobs: 16/20
Machine: M3, Material: Citybike_Bremsen_justiert

REWARD COMPONENTS:
- makespan_reward: -0.1850
- setup_reward: -3.7500
- deadline_reward: 0.0000
- priority_reward: 0.0000
- critical_job_reward: 0.0000
- placement_reward: 0.0000
- timeliness_reward: -5.5525
- machine_idle_penalty: -10.7000

TOTAL REWARD: -20.1875

CUMULATIVE REWARD COMPONENTS:
- makespan_reward: -28.0450
- setup_reward: -605.0000
- deadline_reward: 88.5048
- priority_reward: 392.0000
- critical_job_reward: 75.0569
- placement_reward: 0.0000
- timeliness_reward: 236.0662
- machine_idle_penalty: -574.2000

CUMULATIVE TOTAL: -415.6170

CRITICAL STATE INFO:
- Valid actions: ['J3', 'J11', 'J15', 'J20']
- Machine states:
  - Machine M1: Time=4790.00, Idle=819.00, Material=E-Bike_Hauptrahmen_zugeschnitten
  - Machine M2: Time=5572.00, Idle=37.00, Material=Racebike_Fahrrad_endmontiert
  - Machine M3: Time=5609.00, Idle=0.00, Material=Citybike_Bremsen_justiert
==================================================

2025-05-22 15:29:08,344 - JSPGymEnvironment - INFO - Material change on machine M2: Racebike_Fahrrad_endmontiert -> Racebike_Rahmen_nachbearbeitet, setup time: 20
2025-05-22 15:29:08,344 - JSPGymEnvironment - INFO - Executed operation: Job J15, Op 5, Machine M2, Start: 5629, End: 5652, Setup: 20
2025-05-22 15:29:08,344 - JSPGymEnvironment - INFO - 
===== REWARD DETAILS FOR STEP 119 =====
Job: J15, Operation: 5, Job Completed: False
Current Time: 5609.00 -> 5652.00, Setup Time: 20.00
Processing Time: 23.00, Idle Time: 0.00
Completed Jobs: 16/20
Machine: M2, Material: Racebike_Rahmen_nachbearbeitet

REWARD COMPONENTS:
- makespan_reward: -0.2150
- setup_reward: -5.0000
- deadline_reward: 0.0000
- priority_reward: 0.0000
- critical_job_reward: 0.5000
- placement_reward: 0.0000
- timeliness_reward: -5.5566
- machine_idle_penalty: -11.3125

TOTAL REWARD: -21.5841

CUMULATIVE REWARD COMPONENTS:
- makespan_reward: -28.2600
- setup_reward: -610.0000
- deadline_reward: 88.5048
- priority_reward: 392.0000
- critical_job_reward: 75.5569
- placement_reward: 0.0000
- timeliness_reward: 230.5096
- machine_idle_penalty: -585.5125

CUMULATIVE TOTAL: -437.2011

CRITICAL STATE INFO:
- Valid actions: ['J3', 'J11', 'J15', 'J20']
- Machine states:
  - Machine M1: Time=4790.00, Idle=862.00, Material=E-Bike_Hauptrahmen_zugeschnitten
  - Machine M2: Time=5652.00, Idle=0.00, Material=Racebike_Rahmen_nachbearbeitet
  - Machine M3: Time=5609.00, Idle=43.00, Material=Citybike_Bremsen_justiert
==================================================

2025-05-22 15:29:08,377 - JSPGymEnvironment - INFO - Material change on machine M3: Citybike_Bremsen_justiert -> Mountainbike_Antrieb_installiert, setup time: 15
2025-05-22 15:29:08,377 - JSPGymEnvironment - INFO - Executed operation: Job J20, Op 2, Machine M3, Start: 5667, End: 5691, Setup: 15
2025-05-22 15:29:08,378 - JSPGymEnvironment - INFO - 
===== REWARD DETAILS FOR STEP 120 =====
Job: J20, Operation: 2, Job Completed: False
Current Time: 5652.00 -> 5691.00, Setup Time: 15.00
Processing Time: 24.00, Idle Time: 0.00
Completed Jobs: 16/20
Machine: M3, Material: Mountainbike_Antrieb_installiert

REWARD COMPONENTS:
- makespan_reward: -0.1950
- setup_reward: -3.7500
- deadline_reward: 0.0000
- priority_reward: 0.0000
- critical_job_reward: 0.0000
- placement_reward: 0.0000
- timeliness_reward: -5.5600
- machine_idle_penalty: -11.7500

TOTAL REWARD: -21.2550

CUMULATIVE REWARD COMPONENTS:
- makespan_reward: -28.4550
- setup_reward: -613.7500
- deadline_reward: 88.5048
- priority_reward: 392.0000
- critical_job_reward: 75.5569
- placement_reward: 0.0000
- timeliness_reward: 224.9496
- machine_idle_penalty: -597.2625

CUMULATIVE TOTAL: -458.4561

CRITICAL STATE INFO:
- Valid actions: ['J3', 'J11', 'J15', 'J20']
- Machine states:
  - Machine M1: Time=4790.00, Idle=901.00, Material=E-Bike_Hauptrahmen_zugeschnitten
  - Machine M2: Time=5652.00, Idle=39.00, Material=Racebike_Rahmen_nachbearbeitet
  - Machine M3: Time=5691.00, Idle=0.00, Material=Mountainbike_Antrieb_installiert
==================================================

2025-05-22 15:29:08,408 - JSPGymEnvironment - INFO - Material change on machine M3: Mountainbike_Antrieb_installiert -> Citybike_Fahrrad_endmontiert, setup time: 15
2025-05-22 15:29:08,408 - JSPGymEnvironment - INFO - Executed operation: Job J11, Op 4, Machine M3, Start: 5706, End: 5745, Setup: 15
2025-05-22 15:29:08,408 - JSPGymEnvironment - INFO - 
===== REWARD DETAILS FOR STEP 121 =====
Job: J11, Operation: 4, Job Completed: False
Current Time: 5691.00 -> 5745.00, Setup Time: 15.00
Processing Time: 39.00, Idle Time: 0.00
Completed Jobs: 16/20
Machine: M3, Material: Citybike_Fahrrad_endmontiert

REWARD COMPONENTS:
- makespan_reward: -0.2700
- setup_reward: -3.7500
- deadline_reward: 0.0000
- priority_reward: 0.0000
- critical_job_reward: 0.0000
- placement_reward: 0.0000
- timeliness_reward: -5.5643
- machine_idle_penalty: -13.1000

TOTAL REWARD: -22.6843

CUMULATIVE REWARD COMPONENTS:
- makespan_reward: -28.7250
- setup_reward: -617.5000
- deadline_reward: 88.5048
- priority_reward: 392.0000
- critical_job_reward: 75.5569
- placement_reward: 0.0000
- timeliness_reward: 219.3854
- machine_idle_penalty: -610.3625

CUMULATIVE TOTAL: -481.1404

CRITICAL STATE INFO:
- Valid actions: ['J3', 'J11', 'J15', 'J20']
- Machine states:
  - Machine M1: Time=4790.00, Idle=955.00, Material=E-Bike_Hauptrahmen_zugeschnitten
  - Machine M2: Time=5652.00, Idle=93.00, Material=Racebike_Rahmen_nachbearbeitet
  - Machine M3: Time=5745.00, Idle=0.00, Material=Citybike_Fahrrad_endmontiert
==================================================

2025-05-22 15:29:08,610 - JSPGymEnvironment - INFO - Material change on machine M3: Citybike_Fahrrad_endmontiert -> Racebike_Fahrrad_endmontiert, setup time: 15
2025-05-22 15:29:08,610 - JSPGymEnvironment - INFO - Executed operation: Job J15, Op 6, Machine M3, Start: 5760, End: 5787, Setup: 15
2025-05-22 15:29:08,610 - JSPGymEnvironment - INFO - 
===== REWARD DETAILS FOR STEP 122 =====
Job: J15, Operation: 6, Job Completed: False
Current Time: 5745.00 -> 5787.00, Setup Time: 15.00
Processing Time: 27.00, Idle Time: 0.00
Completed Jobs: 16/20
Machine: M3, Material: Racebike_Fahrrad_endmontiert

REWARD COMPONENTS:
- makespan_reward: -0.2100
- setup_reward: -3.7500
- deadline_reward: 0.0000
- priority_reward: 0.0000
- critical_job_reward: 0.5000
- placement_reward: 0.0000
- timeliness_reward: -5.5673
- machine_idle_penalty: -14.1500

TOTAL REWARD: -23.1773

CUMULATIVE REWARD COMPONENTS:
- makespan_reward: -28.9350
- setup_reward: -621.2500
- deadline_reward: 88.5048
- priority_reward: 392.0000
- critical_job_reward: 76.0569
- placement_reward: 0.0000
- timeliness_reward: 213.8180
- machine_idle_penalty: -624.5125

CUMULATIVE TOTAL: -504.3177

CRITICAL STATE INFO:
- Valid actions: ['J3', 'J11', 'J15', 'J20']
- Machine states:
  - Machine M1: Time=4790.00, Idle=997.00, Material=E-Bike_Hauptrahmen_zugeschnitten
  - Machine M2: Time=5652.00, Idle=135.00, Material=Racebike_Rahmen_nachbearbeitet
  - Machine M3: Time=5787.00, Idle=0.00, Material=Racebike_Fahrrad_endmontiert
==================================================

2025-05-22 15:29:08,646 - JSPGymEnvironment - INFO - Executed operation: Job J15, Op 7, Machine M3, Start: 5797, End: 5843, Setup: 10
2025-05-22 15:29:08,646 - JSPGymEnvironment - INFO - Job J15 completed at time 5843, deadline: 2833, met: False, priority: 10
2025-05-22 15:29:08,647 - JSPGymEnvironment - INFO - 
===== REWARD DETAILS FOR STEP 123 =====
Job: J15, Operation: 7, Job Completed: True
Current Time: 5787.00 -> 5843.00, Setup Time: 10.00
Processing Time: 46.00, Idle Time: 0.00
Completed Jobs: 17/20
Machine: M3, Material: Racebike_Fahrrad_endmontiert
Job Deadline: 2833.00 (Missed), Priority: 10

REWARD COMPONENTS:
- makespan_reward: -0.2800
- setup_reward: -2.5000
- deadline_reward: -2.6562
- priority_reward: 40.0000
- critical_job_reward: 0.5000
- placement_reward: 0.0000
- timeliness_reward: -5.5693
- machine_idle_penalty: -15.5500

TOTAL REWARD: 13.9445

CUMULATIVE REWARD COMPONENTS:
- makespan_reward: -29.2150
- setup_reward: -623.7500
- deadline_reward: 85.8487
- priority_reward: 432.0000
- critical_job_reward: 76.5569
- placement_reward: 0.0000
- timeliness_reward: 208.2487
- machine_idle_penalty: -640.0625

CUMULATIVE TOTAL: -490.3732

CRITICAL STATE INFO:
- Valid actions: ['J3', 'J11', 'J20']
- Machine states:
  - Machine M1: Time=4790.00, Idle=1053.00, Material=E-Bike_Hauptrahmen_zugeschnitten
  - Machine M2: Time=5652.00, Idle=191.00, Material=Racebike_Rahmen_nachbearbeitet
  - Machine M3: Time=5843.00, Idle=0.00, Material=Racebike_Fahrrad_endmontiert
==================================================

2025-05-22 15:29:08,647 - JSPGymEnvironment - INFO - Retro-Bonus für Job J15: -5.0
2025-05-22 15:29:08,683 - JSPGymEnvironment - INFO - Material change on machine M2: Racebike_Rahmen_nachbearbeitet -> Citybike_Rahmen_nachbearbeitet, setup time: 20
2025-05-22 15:29:08,683 - JSPGymEnvironment - INFO - Executed operation: Job J11, Op 5, Machine M2, Start: 5863, End: 5880, Setup: 20
2025-05-22 15:29:08,683 - JSPGymEnvironment - INFO - 
===== REWARD DETAILS FOR STEP 124 =====
Job: J11, Operation: 5, Job Completed: False
Current Time: 5843.00 -> 5880.00, Setup Time: 20.00
Processing Time: 17.00, Idle Time: 0.00
Completed Jobs: 17/20
Machine: M2, Material: Citybike_Rahmen_nachbearbeitet

REWARD COMPONENTS:
- makespan_reward: -0.1850
- setup_reward: -5.0000
- deadline_reward: 0.0000
- priority_reward: 0.0000
- critical_job_reward: 0.0000
- placement_reward: 0.0000
- timeliness_reward: -5.5716
- machine_idle_penalty: -14.0875

TOTAL REWARD: -24.8441

CUMULATIVE REWARD COMPONENTS:
- makespan_reward: -29.4000
- setup_reward: -628.7500
- deadline_reward: 85.8487
- priority_reward: 432.0000
- critical_job_reward: 76.5569
- placement_reward: 0.0000
- timeliness_reward: 202.6771
- machine_idle_penalty: -654.1500

CUMULATIVE TOTAL: -515.2174

CRITICAL STATE INFO:
- Valid actions: ['J3', 'J11', 'J20']
- Machine states:
  - Machine M1: Time=4790.00, Idle=1090.00, Material=E-Bike_Hauptrahmen_zugeschnitten
  - Machine M2: Time=5880.00, Idle=0.00, Material=Citybike_Rahmen_nachbearbeitet
  - Machine M3: Time=5843.00, Idle=37.00, Material=Racebike_Fahrrad_endmontiert
==================================================

2025-05-22 15:29:08,717 - JSPGymEnvironment - INFO - Material change on machine M3: Racebike_Fahrrad_endmontiert -> Mountainbike_Bremsen_justiert, setup time: 15
2025-05-22 15:29:08,717 - JSPGymEnvironment - INFO - Executed operation: Job J20, Op 3, Machine M3, Start: 5895, End: 5936, Setup: 15
2025-05-22 15:29:08,718 - JSPGymEnvironment - INFO - 
===== REWARD DETAILS FOR STEP 125 =====
Job: J20, Operation: 3, Job Completed: False
Current Time: 5880.00 -> 5936.00, Setup Time: 15.00
Processing Time: 41.00, Idle Time: 0.00
Completed Jobs: 17/20
Machine: M3, Material: Mountainbike_Bremsen_justiert

REWARD COMPONENTS:
- makespan_reward: -0.2800
- setup_reward: -3.7500
- deadline_reward: 0.0000
- priority_reward: 0.0000
- critical_job_reward: 0.0000
- placement_reward: 0.0000
- timeliness_reward: -5.5748
- machine_idle_penalty: -15.0250

TOTAL REWARD: -24.6298

CUMULATIVE REWARD COMPONENTS:
- makespan_reward: -29.6800
- setup_reward: -632.5000
- deadline_reward: 85.8487
- priority_reward: 432.0000
- critical_job_reward: 76.5569
- placement_reward: 0.0000
- timeliness_reward: 197.1023
- machine_idle_penalty: -669.1750

CUMULATIVE TOTAL: -539.8471

CRITICAL STATE INFO:
- Valid actions: ['J3', 'J11', 'J20']
- Machine states:
  - Machine M1: Time=4790.00, Idle=1146.00, Material=E-Bike_Hauptrahmen_zugeschnitten
  - Machine M2: Time=5880.00, Idle=56.00, Material=Citybike_Rahmen_nachbearbeitet
  - Machine M3: Time=5936.00, Idle=0.00, Material=Mountainbike_Bremsen_justiert
==================================================

2025-05-22 15:29:08,750 - JSPGymEnvironment - INFO - Material change on machine M2: Citybike_Rahmen_nachbearbeitet -> E-Bike_Bremsaufnahme_gebohrt, setup time: 20
2025-05-22 15:29:08,750 - JSPGymEnvironment - INFO - Executed operation: Job J3, Op 3, Machine M2, Start: 5956, End: 5986, Setup: 20
2025-05-22 15:29:08,750 - JSPGymEnvironment - INFO - 
===== REWARD DETAILS FOR STEP 126 =====
Job: J3, Operation: 3, Job Completed: False
Current Time: 5936.00 -> 5986.00, Setup Time: 20.00
Processing Time: 30.00, Idle Time: 0.00
Completed Jobs: 17/20
Machine: M2, Material: E-Bike_Bremsaufnahme_gebohrt

REWARD COMPONENTS:
- makespan_reward: -0.2500
- setup_reward: -5.0000
- deadline_reward: 0.0000
- priority_reward: 0.0000
- critical_job_reward: 0.5000
- placement_reward: 0.0000
- timeliness_reward: -5.5773
- machine_idle_penalty: -15.5750

TOTAL REWARD: -25.9023

CUMULATIVE REWARD COMPONENTS:
- makespan_reward: -29.9300
- setup_reward: -637.5000
- deadline_reward: 85.8487
- priority_reward: 432.0000
- critical_job_reward: 77.0569
- placement_reward: 0.0000
- timeliness_reward: 191.5250
- machine_idle_penalty: -684.7500

CUMULATIVE TOTAL: -565.7494

CRITICAL STATE INFO:
- Valid actions: ['J3', 'J11', 'J20']
- Machine states:
  - Machine M1: Time=4790.00, Idle=1196.00, Material=E-Bike_Hauptrahmen_zugeschnitten
  - Machine M2: Time=5986.00, Idle=0.00, Material=E-Bike_Bremsaufnahme_gebohrt
  - Machine M3: Time=5936.00, Idle=50.00, Material=Mountainbike_Bremsen_justiert
==================================================

2025-05-22 15:29:08,785 - JSPGymEnvironment - INFO - Material change on machine M2: E-Bike_Bremsaufnahme_gebohrt -> E-Bike_Rahmen_nachbearbeitet, setup time: 20
2025-05-22 15:29:08,785 - JSPGymEnvironment - INFO - Executed operation: Job J3, Op 4, Machine M2, Start: 6006, End: 6023, Setup: 20
2025-05-22 15:29:08,786 - JSPGymEnvironment - INFO - 
===== REWARD DETAILS FOR STEP 127 =====
Job: J3, Operation: 4, Job Completed: False
Current Time: 5986.00 -> 6023.00, Setup Time: 20.00
Processing Time: 17.00, Idle Time: 0.00
Completed Jobs: 17/20
Machine: M2, Material: E-Bike_Rahmen_nachbearbeitet

REWARD COMPONENTS:
- makespan_reward: -0.1850
- setup_reward: -5.0000
- deadline_reward: 0.0000
- priority_reward: 0.0000
- critical_job_reward: 0.5000
- placement_reward: 0.0000
- timeliness_reward: -5.5790
- machine_idle_penalty: -16.5000

TOTAL REWARD: -26.7640

CUMULATIVE REWARD COMPONENTS:
- makespan_reward: -30.1150
- setup_reward: -642.5000
- deadline_reward: 85.8487
- priority_reward: 432.0000
- critical_job_reward: 77.5569
- placement_reward: 0.0000
- timeliness_reward: 185.9460
- machine_idle_penalty: -701.2500

CUMULATIVE TOTAL: -592.5134

CRITICAL STATE INFO:
- Valid actions: ['J3', 'J11', 'J20']
- Machine states:
  - Machine M1: Time=4790.00, Idle=1233.00, Material=E-Bike_Hauptrahmen_zugeschnitten
  - Machine M2: Time=6023.00, Idle=0.00, Material=E-Bike_Rahmen_nachbearbeitet
  - Machine M3: Time=5936.00, Idle=87.00, Material=Mountainbike_Bremsen_justiert
==================================================

2025-05-22 15:29:08,823 - JSPGymEnvironment - INFO - Material change on machine M2: E-Bike_Rahmen_nachbearbeitet -> Mountainbike_Rahmen_nachbearbeitet, setup time: 20
2025-05-22 15:29:08,823 - JSPGymEnvironment - INFO - Executed operation: Job J20, Op 4, Machine M2, Start: 6043, End: 6060, Setup: 20
2025-05-22 15:29:08,824 - JSPGymEnvironment - INFO - 
===== REWARD DETAILS FOR STEP 128 =====
Job: J20, Operation: 4, Job Completed: False
Current Time: 6023.00 -> 6060.00, Setup Time: 20.00
Processing Time: 17.00, Idle Time: 0.00
Completed Jobs: 17/20
Machine: M2, Material: Mountainbike_Rahmen_nachbearbeitet

REWARD COMPONENTS:
- makespan_reward: -0.1850
- setup_reward: -5.0000
- deadline_reward: 0.0000
- priority_reward: 0.0000
- critical_job_reward: 0.0000
- placement_reward: 0.0000
- timeliness_reward: -5.5805
- machine_idle_penalty: -17.4250

TOTAL REWARD: -28.1905

CUMULATIVE REWARD COMPONENTS:
- makespan_reward: -30.3000
- setup_reward: -647.5000
- deadline_reward: 85.8487
- priority_reward: 432.0000
- critical_job_reward: 77.5569
- placement_reward: 0.0000
- timeliness_reward: 180.3655
- machine_idle_penalty: -718.6750

CUMULATIVE TOTAL: -620.7039

CRITICAL STATE INFO:
- Valid actions: ['J3', 'J11', 'J20']
- Machine states:
  - Machine M1: Time=4790.00, Idle=1270.00, Material=E-Bike_Hauptrahmen_zugeschnitten
  - Machine M2: Time=6060.00, Idle=0.00, Material=Mountainbike_Rahmen_nachbearbeitet
  - Machine M3: Time=5936.00, Idle=124.00, Material=Mountainbike_Bremsen_justiert
==================================================

2025-05-22 15:29:08,856 - JSPGymEnvironment - INFO - Material change on machine M2: Mountainbike_Rahmen_nachbearbeitet -> Citybike_Rahmen_nachbearbeitet, setup time: 20
2025-05-22 15:29:08,856 - JSPGymEnvironment - INFO - Executed operation: Job J11, Op 6, Machine M2, Start: 6080, End: 6102, Setup: 20
2025-05-22 15:29:08,857 - JSPGymEnvironment - INFO - 
===== REWARD DETAILS FOR STEP 129 =====
Job: J11, Operation: 6, Job Completed: False
Current Time: 6060.00 -> 6102.00, Setup Time: 20.00
Processing Time: 22.00, Idle Time: 0.00
Completed Jobs: 17/20
Machine: M2, Material: Citybike_Rahmen_nachbearbeitet

REWARD COMPONENTS:
- makespan_reward: -0.2100
- setup_reward: -5.0000
- deadline_reward: 0.0000
- priority_reward: 0.0000
- critical_job_reward: 0.0000
- placement_reward: 0.0000
- timeliness_reward: -5.5822
- machine_idle_penalty: -18.4750

TOTAL REWARD: -29.2672

CUMULATIVE REWARD COMPONENTS:
- makespan_reward: -30.5100
- setup_reward: -652.5000
- deadline_reward: 85.8487
- priority_reward: 432.0000
- critical_job_reward: 77.5569
- placement_reward: 0.0000
- timeliness_reward: 174.7833
- machine_idle_penalty: -737.1500

CUMULATIVE TOTAL: -649.9711

CRITICAL STATE INFO:
- Valid actions: ['J3', 'J11', 'J20']
- Machine states:
  - Machine M1: Time=4790.00, Idle=1312.00, Material=E-Bike_Hauptrahmen_zugeschnitten
  - Machine M2: Time=6102.00, Idle=0.00, Material=Citybike_Rahmen_nachbearbeitet
  - Machine M3: Time=5936.00, Idle=166.00, Material=Mountainbike_Bremsen_justiert
==================================================

2025-05-22 15:29:08,889 - JSPGymEnvironment - INFO - Material change on machine M2: Citybike_Rahmen_nachbearbeitet -> Citybike_Fahrrad_endmontiert, setup time: 20
2025-05-22 15:29:08,889 - JSPGymEnvironment - INFO - Executed operation: Job J11, Op 7, Machine M2, Start: 6122, End: 6151, Setup: 20
2025-05-22 15:29:08,889 - JSPGymEnvironment - INFO - Job J11 completed at time 6151, deadline: 2880, met: False, priority: 7
2025-05-22 15:29:08,890 - JSPGymEnvironment - INFO - 
===== REWARD DETAILS FOR STEP 130 =====
Job: J11, Operation: 7, Job Completed: True
Current Time: 6102.00 -> 6151.00, Setup Time: 20.00
Processing Time: 29.00, Idle Time: 0.00
Completed Jobs: 18/20
Machine: M2, Material: Citybike_Fahrrad_endmontiert
Job Deadline: 2880.00 (Missed), Priority: 7

REWARD COMPONENTS:
- makespan_reward: -0.2450
- setup_reward: -5.0000
- deadline_reward: -2.8394
- priority_reward: 28.0000
- critical_job_reward: 0.0000
- placement_reward: 0.0000
- timeliness_reward: -5.5848
- machine_idle_penalty: -19.7000

TOTAL REWARD: -5.3693

CUMULATIVE REWARD COMPONENTS:
- makespan_reward: -30.7550
- setup_reward: -657.5000
- deadline_reward: 83.0092
- priority_reward: 460.0000
- critical_job_reward: 77.5569
- placement_reward: 0.0000
- timeliness_reward: 169.1985
- machine_idle_penalty: -756.8500

CUMULATIVE TOTAL: -655.3404

CRITICAL STATE INFO:
- Valid actions: ['J3', 'J20']
- Machine states:
  - Machine M1: Time=4790.00, Idle=1361.00, Material=E-Bike_Hauptrahmen_zugeschnitten
  - Machine M2: Time=6151.00, Idle=0.00, Material=Citybike_Fahrrad_endmontiert
  - Machine M3: Time=5936.00, Idle=215.00, Material=Mountainbike_Bremsen_justiert
==================================================

2025-05-22 15:29:08,890 - JSPGymEnvironment - INFO - Retro-Bonus für Job J11: -10.0
2025-05-22 15:29:08,926 - JSPGymEnvironment - INFO - Material change on machine M3: Mountainbike_Bremsen_justiert -> Mountainbike_Fahrrad_endmontiert, setup time: 15
2025-05-22 15:29:08,926 - JSPGymEnvironment - INFO - Executed operation: Job J20, Op 5, Machine M3, Start: 6166, End: 6191, Setup: 15
2025-05-22 15:29:08,926 - JSPGymEnvironment - INFO - 
===== REWARD DETAILS FOR STEP 131 =====
Job: J20, Operation: 5, Job Completed: False
Current Time: 6151.00 -> 6191.00, Setup Time: 15.00
Processing Time: 25.00, Idle Time: 0.00
Completed Jobs: 18/20
Machine: M3, Material: Mountainbike_Fahrrad_endmontiert

REWARD COMPONENTS:
- makespan_reward: -0.2000
- setup_reward: -3.7500
- deadline_reward: 0.0000
- priority_reward: 0.0000
- critical_job_reward: 0.0000
- placement_reward: 0.0000
- timeliness_reward: -5.5861
- machine_idle_penalty: -18.0125

TOTAL REWARD: -27.5486

CUMULATIVE REWARD COMPONENTS:
- makespan_reward: -30.9550
- setup_reward: -661.2500
- deadline_reward: 83.0092
- priority_reward: 460.0000
- critical_job_reward: 77.5569
- placement_reward: 0.0000
- timeliness_reward: 163.6124
- machine_idle_penalty: -774.8625

CUMULATIVE TOTAL: -682.8889

CRITICAL STATE INFO:
- Valid actions: ['J3', 'J20']
- Machine states:
  - Machine M1: Time=4790.00, Idle=1401.00, Material=E-Bike_Hauptrahmen_zugeschnitten
  - Machine M2: Time=6151.00, Idle=40.00, Material=Citybike_Fahrrad_endmontiert
  - Machine M3: Time=6191.00, Idle=0.00, Material=Mountainbike_Fahrrad_endmontiert
==================================================

2025-05-22 15:29:08,958 - JSPGymEnvironment - INFO - Material change on machine M2: Citybike_Fahrrad_endmontiert -> E-Bike_Rahmen_nachbearbeitet, setup time: 20
2025-05-22 15:29:08,958 - JSPGymEnvironment - INFO - Executed operation: Job J3, Op 5, Machine M2, Start: 6211, End: 6232, Setup: 20
2025-05-22 15:29:08,959 - JSPGymEnvironment - INFO - 
===== REWARD DETAILS FOR STEP 132 =====
Job: J3, Operation: 5, Job Completed: False
Current Time: 6191.00 -> 6232.00, Setup Time: 20.00
Processing Time: 21.00, Idle Time: 0.00
Completed Jobs: 18/20
Machine: M2, Material: E-Bike_Rahmen_nachbearbeitet

REWARD COMPONENTS:
- makespan_reward: -0.2050
- setup_reward: -5.0000
- deadline_reward: 0.0000
- priority_reward: 0.0000
- critical_job_reward: 0.5000
- placement_reward: 0.0000
- timeliness_reward: -5.5872
- machine_idle_penalty: -18.5375

TOTAL REWARD: -28.8297

CUMULATIVE REWARD COMPONENTS:
- makespan_reward: -31.1600
- setup_reward: -666.2500
- deadline_reward: 83.0092
- priority_reward: 460.0000
- critical_job_reward: 78.0569
- placement_reward: 0.0000
- timeliness_reward: 158.0252
- machine_idle_penalty: -793.4000

CUMULATIVE TOTAL: -711.7187

CRITICAL STATE INFO:
- Valid actions: ['J3', 'J20']
- Machine states:
  - Machine M1: Time=4790.00, Idle=1442.00, Material=E-Bike_Hauptrahmen_zugeschnitten
  - Machine M2: Time=6232.00, Idle=0.00, Material=E-Bike_Rahmen_nachbearbeitet
  - Machine M3: Time=6191.00, Idle=41.00, Material=Mountainbike_Fahrrad_endmontiert
==================================================

2025-05-22 15:29:08,991 - JSPGymEnvironment - INFO - Executed operation: Job J20, Op 6, Machine M3, Start: 6242, End: 6282, Setup: 10
2025-05-22 15:29:08,991 - JSPGymEnvironment - INFO - Job J20 completed at time 6282, deadline: 2744, met: False, priority: 3
2025-05-22 15:29:08,991 - JSPGymEnvironment - INFO - 
===== REWARD DETAILS FOR STEP 133 =====
Job: J20, Operation: 6, Job Completed: True
Current Time: 6232.00 -> 6282.00, Setup Time: 10.00
Processing Time: 40.00, Idle Time: 0.00
Completed Jobs: 19/20
Machine: M3, Material: Mountainbike_Fahrrad_endmontiert
Job Deadline: 2744.00 (Missed), Priority: 3

REWARD COMPONENTS:
- makespan_reward: -0.2500
- setup_reward: -2.5000
- deadline_reward: -3.2234
- priority_reward: 12.0000
- critical_job_reward: 0.0000
- placement_reward: 0.0000
- timeliness_reward: -5.5877
- machine_idle_penalty: -19.2750

TOTAL REWARD: -18.8361

CUMULATIVE REWARD COMPONENTS:
- makespan_reward: -31.4100
- setup_reward: -668.7500
- deadline_reward: 79.7858
- priority_reward: 472.0000
- critical_job_reward: 78.0569
- placement_reward: 0.0000
- timeliness_reward: 152.4375
- machine_idle_penalty: -812.6750

CUMULATIVE TOTAL: -730.5547

CRITICAL STATE INFO:
- Valid actions: ['J3']
- Machine states:
  - Machine M1: Time=4790.00, Idle=1492.00, Material=E-Bike_Hauptrahmen_zugeschnitten
  - Machine M2: Time=6232.00, Idle=50.00, Material=E-Bike_Rahmen_nachbearbeitet
  - Machine M3: Time=6282.00, Idle=0.00, Material=Mountainbike_Fahrrad_endmontiert
==================================================

2025-05-22 15:29:08,991 - JSPGymEnvironment - INFO - Retro-Bonus für Job J20: -10.0
2025-05-22 15:29:09,023 - JSPGymEnvironment - INFO - Material change on machine M2: E-Bike_Rahmen_nachbearbeitet -> E-Bike_Fahrrad_endmontiert, setup time: 20
2025-05-22 15:29:09,023 - JSPGymEnvironment - INFO - Executed operation: Job J3, Op 6, Machine M2, Start: 6302, End: 6312, Setup: 20
2025-05-22 15:29:09,023 - JSPGymEnvironment - INFO - Job J3 completed at time 6312, deadline: 2862, met: False, priority: 8
2025-05-22 15:29:09,023 - JSPGymEnvironment - INFO - 
===== REWARD DETAILS FOR STEP 134 =====
Job: J3, Operation: 6, Job Completed: True
Current Time: 6282.00 -> 6312.00, Setup Time: 20.00
Processing Time: 10.00, Idle Time: 0.00
Completed Jobs: 20/20
Machine: M2, Material: E-Bike_Fahrrad_endmontiert
Job Deadline: 2862.00 (Missed), Priority: 8

REWARD COMPONENTS:
- makespan_reward: -0.1500
- setup_reward: -5.0000
- deadline_reward: -3.0136
- priority_reward: 32.0000
- critical_job_reward: 0.5000
- placement_reward: 0.0000
- timeliness_reward: 2.4000
- machine_idle_penalty: -19.4000

TOTAL REWARD: 7.3364

CUMULATIVE REWARD COMPONENTS:
- makespan_reward: -31.5600
- setup_reward: -673.7500
- deadline_reward: 76.7722
- priority_reward: 504.0000
- critical_job_reward: 78.5569
- placement_reward: 0.0000
- timeliness_reward: 154.8375
- machine_idle_penalty: -832.0750

CUMULATIVE TOTAL: -723.2184

CRITICAL STATE INFO:
- Valid actions: []
- Machine states:
  - Machine M1: Time=4790.00, Idle=1522.00, Material=E-Bike_Hauptrahmen_zugeschnitten
  - Machine M2: Time=6312.00, Idle=0.00, Material=E-Bike_Fahrrad_endmontiert
  - Machine M3: Time=6282.00, Idle=30.00, Material=Mountainbike_Fahrrad_endmontiert
==================================================

2025-05-22 15:29:09,024 - JSPGymEnvironment - INFO - Retro-Bonus für Job J3: -5.0
2025-05-22 15:29:09,024 - JSPGymEnvironment - INFO - Reward function updated with 53 insights
2025-05-22 15:29:09,024 - JSPGymEnvironment - INFO -   Material change on critical path at Job 2 Operation 0 on Machine M1 (Severity: 1.00)
2025-05-22 15:29:09,024 - JSPGymEnvironment - INFO -   Material change on critical path at Job 2 Operation 1 on Machine M2 (Severity: 1.00)
2025-05-22 15:29:09,024 - JSPGymEnvironment - INFO -   Material change on critical path at Job 2 Operation 2 on Machine M3 (Severity: 1.00)
2025-05-22 15:29:09,024 - JSPGymEnvironment - INFO -   Material change on critical path at Job 2 Operation 3 on Machine M2 (Severity: 1.00)
2025-05-22 15:29:09,024 - JSPGymEnvironment - INFO -   Material change on critical path at Job 2 Operation 4 on Machine M2 (Severity: 1.00)
2025-05-22 15:29:09,024 - JSPGymEnvironment - INFO -   Idle time on critical path before Job 2 Operation 4 on Machine M2 (Severity: 1.18)
2025-05-22 15:29:09,024 - JSPGymEnvironment - INFO -   Material change on critical path at Job 2 Operation 5 on Machine M2 (Severity: 1.00)
2025-05-22 15:29:09,024 - JSPGymEnvironment - INFO -   Idle time on critical path before Job 2 Operation 5 on Machine M2 (Severity: 8.95)
2025-05-22 15:29:09,024 - JSPGymEnvironment - INFO -   Material change on critical path at Job 2 Operation 6 on Machine M2 (Severity: 1.00)
2025-05-22 15:29:09,025 - JSPGymEnvironment - INFO -   Idle time on critical path before Job 2 Operation 6 on Machine M2 (Severity: 7.00)
2025-05-22 15:29:09,025 - JSPGymEnvironment - INFO -   High priority (8) not on critical path: Job 18 Operation 0 (Severity: 0.33)
2025-05-22 15:29:09,025 - JSPGymEnvironment - INFO -   High priority (10) not on critical path: Job 5 Operation 0 (Severity: 1.00)
2025-05-22 15:29:09,025 - JSPGymEnvironment - INFO -   High priority (8) not on critical path: Job 18 Operation 1 (Severity: 0.33)
2025-05-22 15:29:09,025 - JSPGymEnvironment - INFO -   High priority (9) not on critical path: Job 9 Operation 0 (Severity: 0.67)
2025-05-22 15:29:09,025 - JSPGymEnvironment - INFO -   High priority (8) not on critical path: Job 8 Operation 0 (Severity: 0.33)
2025-05-22 15:29:09,025 - JSPGymEnvironment - INFO -   High priority (8) not on critical path: Job 8 Operation 1 (Severity: 0.33)
2025-05-22 15:29:09,025 - JSPGymEnvironment - INFO -   High priority (8) not on critical path: Job 8 Operation 2 (Severity: 0.33)
2025-05-22 15:29:09,025 - JSPGymEnvironment - INFO -   High priority (8) not on critical path: Job 18 Operation 2 (Severity: 0.33)
2025-05-22 15:29:09,025 - JSPGymEnvironment - INFO -   High priority (8) not on critical path: Job 18 Operation 3 (Severity: 0.33)
2025-05-22 15:29:09,025 - JSPGymEnvironment - INFO -   High priority (8) not on critical path: Job 18 Operation 4 (Severity: 0.33)
2025-05-22 15:29:09,025 - JSPGymEnvironment - INFO -   High priority (8) not on critical path: Job 8 Operation 3 (Severity: 0.33)
2025-05-22 15:29:09,025 - JSPGymEnvironment - INFO -   High priority (8) not on critical path: Job 8 Operation 4 (Severity: 0.33)
2025-05-22 15:29:09,025 - JSPGymEnvironment - INFO -   High priority (10) not on critical path: Job 5 Operation 1 (Severity: 1.00)
2025-05-22 15:29:09,025 - JSPGymEnvironment - INFO -   High priority (8) not on critical path: Job 8 Operation 5 (Severity: 0.33)
2025-05-22 15:29:09,025 - JSPGymEnvironment - INFO -   High priority (8) not on critical path: Job 8 Operation 6 (Severity: 0.33)
2025-05-22 15:29:09,025 - JSPGymEnvironment - INFO -   High priority (8) not on critical path: Job 18 Operation 5 (Severity: 0.33)
2025-05-22 15:29:09,025 - JSPGymEnvironment - INFO -   High priority (8) not on critical path: Job 18 Operation 6 (Severity: 0.33)
2025-05-22 15:29:09,025 - JSPGymEnvironment - INFO -   High priority (10) not on critical path: Job 5 Operation 2 (Severity: 1.00)
2025-05-22 15:29:09,025 - JSPGymEnvironment - INFO -   High priority (10) not on critical path: Job 5 Operation 3 (Severity: 1.00)
2025-05-22 15:29:09,025 - JSPGymEnvironment - INFO -   High priority (10) not on critical path: Job 5 Operation 4 (Severity: 1.00)
2025-05-22 15:29:09,026 - JSPGymEnvironment - INFO -   High priority (10) not on critical path: Job 14 Operation 0 (Severity: 1.00)
2025-05-22 15:29:09,026 - JSPGymEnvironment - INFO -   High priority (9) not on critical path: Job 9 Operation 1 (Severity: 0.67)
2025-05-22 15:29:09,026 - JSPGymEnvironment - INFO -   High priority (9) not on critical path: Job 9 Operation 2 (Severity: 0.67)
2025-05-22 15:29:09,026 - JSPGymEnvironment - INFO -   High priority (9) not on critical path: Job 9 Operation 3 (Severity: 0.67)
2025-05-22 15:29:09,026 - JSPGymEnvironment - INFO -   High priority (9) not on critical path: Job 9 Operation 4 (Severity: 0.67)
2025-05-22 15:29:09,026 - JSPGymEnvironment - INFO -   High priority (9) not on critical path: Job 9 Operation 5 (Severity: 0.67)
2025-05-22 15:29:09,026 - JSPGymEnvironment - INFO -   High priority (9) not on critical path: Job 9 Operation 6 (Severity: 0.67)
2025-05-22 15:29:09,026 - JSPGymEnvironment - INFO -   High priority (9) not on critical path: Job 6 Operation 0 (Severity: 0.67)
2025-05-22 15:29:09,026 - JSPGymEnvironment - INFO -   High priority (9) not on critical path: Job 6 Operation 1 (Severity: 0.67)
2025-05-22 15:29:09,026 - JSPGymEnvironment - INFO -   High priority (9) not on critical path: Job 9 Operation 7 (Severity: 0.67)
2025-05-22 15:29:09,026 - JSPGymEnvironment - INFO -   High priority (10) not on critical path: Job 14 Operation 1 (Severity: 1.00)
2025-05-22 15:29:09,026 - JSPGymEnvironment - INFO -   High priority (9) not on critical path: Job 6 Operation 2 (Severity: 0.67)
2025-05-22 15:29:09,026 - JSPGymEnvironment - INFO -   High priority (10) not on critical path: Job 14 Operation 2 (Severity: 1.00)
2025-05-22 15:29:09,026 - JSPGymEnvironment - INFO -   High priority (9) not on critical path: Job 6 Operation 3 (Severity: 0.67)
2025-05-22 15:29:09,026 - JSPGymEnvironment - INFO -   High priority (9) not on critical path: Job 6 Operation 4 (Severity: 0.67)
2025-05-22 15:29:09,026 - JSPGymEnvironment - INFO -   High priority (10) not on critical path: Job 14 Operation 3 (Severity: 1.00)
2025-05-22 15:29:09,026 - JSPGymEnvironment - INFO -   High priority (10) not on critical path: Job 14 Operation 4 (Severity: 1.00)
2025-05-22 15:29:09,027 - JSPGymEnvironment - INFO -   High priority (9) not on critical path: Job 6 Operation 5 (Severity: 0.67)
2025-05-22 15:29:09,027 - JSPGymEnvironment - INFO -   High priority (9) not on critical path: Job 6 Operation 6 (Severity: 0.67)
2025-05-22 15:29:09,027 - JSPGymEnvironment - INFO -   High priority (9) not on critical path: Job 6 Operation 7 (Severity: 0.67)
2025-05-22 15:29:09,027 - JSPGymEnvironment - INFO -   High priority (10) not on critical path: Job 14 Operation 5 (Severity: 1.00)
2025-05-22 15:29:09,027 - JSPGymEnvironment - INFO -   High priority (10) not on critical path: Job 14 Operation 6 (Severity: 1.00)
2025-05-22 15:29:09,027 - JSPGymEnvironment - INFO -   High priority (10) not on critical path: Job 14 Operation 7 (Severity: 1.00)
2025-05-22 15:29:09,027 - JSPGymEnvironment - INFO - Episode completed. Critical path: 7 operations, Suboptimal placements: 53
2025-05-22 15:29:09,027 - JSPGymEnvironment - INFO - Reward components: {'makespan_reward': -0.15, 'setup_reward': -5.0, 'deadline_reward': -3.0136268343815513, 'priority_reward': 32.0, 'critical_job_reward': 0.5, 'placement_reward': 0.0, 'timeliness_reward': 2.4, 'machine_idle_penalty': -19.400000000000002}
2025-05-22 15:30:25,168 - JSPGymEnvironment - INFO - Environment reset
2025-05-22 15:30:25,208 - JSPGymEnvironment - INFO - Material change on machine M1:  -> Citybike_Hauptrahmen_zugeschnitten, setup time: 0
2025-05-22 15:30:25,208 - JSPGymEnvironment - INFO - Executed operation: Job J14, Op 0, Machine M1, Start: 0, End: 18, Setup: 0
2025-05-22 15:30:25,208 - JSPGymEnvironment - INFO - 
===== REWARD DETAILS FOR STEP 1 =====
Job: J14, Operation: 0, Job Completed: False
Current Time: 0.00 -> 18.00, Setup Time: 0.00
Processing Time: 18.00, Idle Time: 0.00
Completed Jobs: 0/20
Machine: M1, Material: Citybike_Hauptrahmen_zugeschnitten

REWARD COMPONENTS:
- makespan_reward: -0.0900
- setup_reward: 0.0000
- deadline_reward: 0.0000
- priority_reward: 0.0000
- critical_job_reward: 0.0000
- placement_reward: 0.0000
- timeliness_reward: 9.1664
- machine_idle_penalty: -0.5500

TOTAL REWARD: 8.5264

CUMULATIVE REWARD COMPONENTS:
- makespan_reward: -0.0900
- setup_reward: 0.0000
- deadline_reward: 0.0000
- priority_reward: 0.0000
- critical_job_reward: 0.0000
- placement_reward: 0.0000
- timeliness_reward: 9.1664
- machine_idle_penalty: -0.5500

CUMULATIVE TOTAL: 8.5264

CRITICAL STATE INFO:
- Valid actions: ['J1', 'J2', 'J3', 'J4', 'J5', 'J6', 'J7', 'J8', 'J9', 'J10', 'J11', 'J12', 'J13', 'J14', 'J15', 'J16', 'J17', 'J18', 'J19', 'J20']
- Machine states:
  - Machine M1: Time=18.00, Idle=0.00, Material=Citybike_Hauptrahmen_zugeschnitten
  - Machine M2: Time=0.00, Idle=18.00, Material=None
  - Machine M3: Time=0.00, Idle=18.00, Material=None
==================================================

2025-05-22 15:30:25,244 - JSPGymEnvironment - INFO - Material change on machine M1: Citybike_Hauptrahmen_zugeschnitten -> Mountainbike_Hauptrahmen_zugeschnitten, setup time: 40
2025-05-22 15:30:25,245 - JSPGymEnvironment - INFO - Executed operation: Job J18, Op 0, Machine M1, Start: 58, End: 80, Setup: 40
2025-05-22 15:30:25,245 - JSPGymEnvironment - INFO - 
===== REWARD DETAILS FOR STEP 2 =====
Job: J18, Operation: 0, Job Completed: False
Current Time: 18.00 -> 80.00, Setup Time: 40.00
Processing Time: 22.00, Idle Time: 0.00
Completed Jobs: 0/20
Machine: M1, Material: Mountainbike_Hauptrahmen_zugeschnitten

REWARD COMPONENTS:
- makespan_reward: -0.3100
- setup_reward: -10.0000
- deadline_reward: 0.0000
- priority_reward: 0.0000
- critical_job_reward: 0.0000
- placement_reward: 0.0000
- timeliness_reward: 9.1865
- machine_idle_penalty: -2.1000

TOTAL REWARD: -3.2235

CUMULATIVE REWARD COMPONENTS:
- makespan_reward: -0.4000
- setup_reward: -10.0000
- deadline_reward: 0.0000
- priority_reward: 0.0000
- critical_job_reward: 0.0000
- placement_reward: 0.0000
- timeliness_reward: 18.3529
- machine_idle_penalty: -2.6500

CUMULATIVE TOTAL: 5.3029

CRITICAL STATE INFO:
- Valid actions: ['J1', 'J2', 'J3', 'J4', 'J5', 'J6', 'J7', 'J8', 'J9', 'J10', 'J11', 'J12', 'J13', 'J14', 'J15', 'J16', 'J17', 'J18', 'J19', 'J20']
- Machine states:
  - Machine M1: Time=80.00, Idle=0.00, Material=Mountainbike_Hauptrahmen_zugeschnitten
  - Machine M2: Time=0.00, Idle=80.00, Material=None
  - Machine M3: Time=0.00, Idle=80.00, Material=None
==================================================

2025-05-22 15:30:25,282 - JSPGymEnvironment - INFO - Material change on machine M1: Mountainbike_Hauptrahmen_zugeschnitten -> E-Bike_Hauptrahmen_zugeschnitten, setup time: 40
2025-05-22 15:30:25,282 - JSPGymEnvironment - INFO - Executed operation: Job J19, Op 0, Machine M1, Start: 120, End: 135, Setup: 40
2025-05-22 15:30:25,282 - JSPGymEnvironment - INFO - 
===== REWARD DETAILS FOR STEP 3 =====
Job: J19, Operation: 0, Job Completed: False
Current Time: 80.00 -> 135.00, Setup Time: 40.00
Processing Time: 15.00, Idle Time: 0.00
Completed Jobs: 0/20
Machine: M1, Material: E-Bike_Hauptrahmen_zugeschnitten

REWARD COMPONENTS:
- makespan_reward: -0.2750
- setup_reward: -10.0000
- deadline_reward: 0.0000
- priority_reward: 0.0000
- critical_job_reward: 0.5000
- placement_reward: -0.8333
- timeliness_reward: 9.2066
- machine_idle_penalty: -3.4750

TOTAL REWARD: -4.8767

CUMULATIVE REWARD COMPONENTS:
- makespan_reward: -0.6750
- setup_reward: -20.0000
- deadline_reward: 0.0000
- priority_reward: 0.0000
- critical_job_reward: 0.5000
- placement_reward: -0.8333
- timeliness_reward: 27.5596
- machine_idle_penalty: -6.1250

CUMULATIVE TOTAL: 0.4262

CRITICAL STATE INFO:
- Valid actions: ['J1', 'J2', 'J3', 'J4', 'J5', 'J6', 'J7', 'J8', 'J9', 'J10', 'J11', 'J12', 'J13', 'J14', 'J15', 'J16', 'J17', 'J18', 'J19', 'J20']
- Machine states:
  - Machine M1: Time=135.00, Idle=0.00, Material=E-Bike_Hauptrahmen_zugeschnitten
  - Machine M2: Time=0.00, Idle=135.00, Material=None
  - Machine M3: Time=0.00, Idle=135.00, Material=None
==================================================

2025-05-22 15:30:25,504 - JSPGymEnvironment - INFO - Material change on machine M1: E-Bike_Hauptrahmen_zugeschnitten -> Racebike_Hauptrahmen_zugeschnitten, setup time: 40
2025-05-22 15:30:25,504 - JSPGymEnvironment - INFO - Executed operation: Job J4, Op 0, Machine M1, Start: 175, End: 200, Setup: 40
2025-05-22 15:30:25,504 - JSPGymEnvironment - INFO - 
===== REWARD DETAILS FOR STEP 4 =====
Job: J4, Operation: 0, Job Completed: False
Current Time: 135.00 -> 200.00, Setup Time: 40.00
Processing Time: 25.00, Idle Time: 0.00
Completed Jobs: 0/20
Machine: M1, Material: Racebike_Hauptrahmen_zugeschnitten

REWARD COMPONENTS:
- makespan_reward: -0.3250
- setup_reward: -10.0000
- deadline_reward: 0.0000
- priority_reward: 0.0000
- critical_job_reward: 0.0000
- placement_reward: 0.0000
- timeliness_reward: 9.2268
- machine_idle_penalty: -5.1000

TOTAL REWARD: -6.1982

CUMULATIVE REWARD COMPONENTS:
- makespan_reward: -1.0000
- setup_reward: -30.0000
- deadline_reward: 0.0000
- priority_reward: 0.0000
- critical_job_reward: 0.5000
- placement_reward: -0.8333
- timeliness_reward: 36.7864
- machine_idle_penalty: -11.2250

CUMULATIVE TOTAL: -5.7719

CRITICAL STATE INFO:
- Valid actions: ['J1', 'J2', 'J3', 'J4', 'J5', 'J6', 'J7', 'J8', 'J9', 'J10', 'J11', 'J12', 'J13', 'J14', 'J15', 'J16', 'J17', 'J18', 'J19', 'J20']
- Machine states:
  - Machine M1: Time=200.00, Idle=0.00, Material=Racebike_Hauptrahmen_zugeschnitten
  - Machine M2: Time=0.00, Idle=200.00, Material=None
  - Machine M3: Time=0.00, Idle=200.00, Material=None
==================================================

2025-05-22 15:30:25,553 - JSPGymEnvironment - INFO - Executed operation: Job J1, Op 0, Machine M1, Start: 225, End: 265, Setup: 25
2025-05-22 15:30:25,554 - JSPGymEnvironment - INFO - 
===== REWARD DETAILS FOR STEP 5 =====
Job: J1, Operation: 0, Job Completed: False
Current Time: 200.00 -> 265.00, Setup Time: 25.00
Processing Time: 40.00, Idle Time: 0.00
Completed Jobs: 0/20
Machine: M1, Material: Racebike_Hauptrahmen_zugeschnitten

REWARD COMPONENTS:
- makespan_reward: -0.3250
- setup_reward: -6.2500
- deadline_reward: 0.0000
- priority_reward: 0.0000
- critical_job_reward: 0.0000
- placement_reward: 0.0000
- timeliness_reward: 9.2449
- machine_idle_penalty: -6.7250

TOTAL REWARD: -4.0551

CUMULATIVE REWARD COMPONENTS:
- makespan_reward: -1.3250
- setup_reward: -36.2500
- deadline_reward: 0.0000
- priority_reward: 0.0000
- critical_job_reward: 0.5000
- placement_reward: -0.8333
- timeliness_reward: 46.0313
- machine_idle_penalty: -17.9500

CUMULATIVE TOTAL: -9.8270

CRITICAL STATE INFO:
- Valid actions: ['J1', 'J2', 'J3', 'J4', 'J5', 'J6', 'J7', 'J8', 'J9', 'J10', 'J11', 'J12', 'J13', 'J14', 'J15', 'J16', 'J17', 'J18', 'J19', 'J20']
- Machine states:
  - Machine M1: Time=265.00, Idle=0.00, Material=Racebike_Hauptrahmen_zugeschnitten
  - Machine M2: Time=0.00, Idle=265.00, Material=None
  - Machine M3: Time=0.00, Idle=265.00, Material=None
==================================================

2025-05-22 15:30:25,604 - JSPGymEnvironment - INFO - Material change on machine M2:  -> E-Bike_Schaltauge_bearbeitet, setup time: 0
2025-05-22 15:30:25,604 - JSPGymEnvironment - INFO - Executed operation: Job J19, Op 1, Machine M2, Start: 265, End: 295, Setup: 0
2025-05-22 15:30:25,604 - JSPGymEnvironment - INFO - 
===== REWARD DETAILS FOR STEP 6 =====
Job: J19, Operation: 1, Job Completed: False
Current Time: 265.00 -> 295.00, Setup Time: 0.00
Processing Time: 30.00, Idle Time: 0.00
Completed Jobs: 0/20
Machine: M2, Material: E-Bike_Schaltauge_bearbeitet

REWARD COMPONENTS:
- makespan_reward: -0.1500
- setup_reward: 0.0000
- deadline_reward: 0.0000
- priority_reward: 0.0000
- critical_job_reward: 0.5000
- placement_reward: -0.8333
- timeliness_reward: 9.2558
- machine_idle_penalty: -4.1125

TOTAL REWARD: 4.6600

CUMULATIVE REWARD COMPONENTS:
- makespan_reward: -1.4750
- setup_reward: -36.2500
- deadline_reward: 0.0000
- priority_reward: 0.0000
- critical_job_reward: 1.0000
- placement_reward: -1.6667
- timeliness_reward: 55.2871
- machine_idle_penalty: -22.0625

CUMULATIVE TOTAL: -5.1670

CRITICAL STATE INFO:
- Valid actions: ['J1', 'J2', 'J3', 'J4', 'J5', 'J6', 'J7', 'J8', 'J9', 'J10', 'J11', 'J12', 'J13', 'J14', 'J15', 'J16', 'J17', 'J18', 'J19', 'J20']
- Machine states:
  - Machine M1: Time=265.00, Idle=30.00, Material=Racebike_Hauptrahmen_zugeschnitten
  - Machine M2: Time=295.00, Idle=0.00, Material=E-Bike_Schaltauge_bearbeitet
  - Machine M3: Time=0.00, Idle=295.00, Material=None
==================================================

2025-05-22 15:30:25,649 - JSPGymEnvironment - INFO - Material change on machine M2: E-Bike_Schaltauge_bearbeitet -> Racebike_Schaltauge_bearbeitet, setup time: 20
2025-05-22 15:30:25,649 - JSPGymEnvironment - INFO - Executed operation: Job J1, Op 1, Machine M2, Start: 315, End: 331, Setup: 20
2025-05-22 15:30:25,649 - JSPGymEnvironment - INFO - 
===== REWARD DETAILS FOR STEP 7 =====
Job: J1, Operation: 1, Job Completed: False
Current Time: 295.00 -> 331.00, Setup Time: 20.00
Processing Time: 16.00, Idle Time: 0.00
Completed Jobs: 0/20
Machine: M2, Material: Racebike_Schaltauge_bearbeitet

REWARD COMPONENTS:
- makespan_reward: -0.1800
- setup_reward: -5.0000
- deadline_reward: 0.0000
- priority_reward: 0.0000
- critical_job_reward: 0.0000
- placement_reward: 0.0000
- timeliness_reward: 9.2631
- machine_idle_penalty: -5.0125

TOTAL REWARD: -0.9294

CUMULATIVE REWARD COMPONENTS:
- makespan_reward: -1.6550
- setup_reward: -41.2500
- deadline_reward: 0.0000
- priority_reward: 0.0000
- critical_job_reward: 1.0000
- placement_reward: -1.6667
- timeliness_reward: 64.5502
- machine_idle_penalty: -27.0750

CUMULATIVE TOTAL: -6.0965

CRITICAL STATE INFO:
- Valid actions: ['J1', 'J2', 'J3', 'J4', 'J5', 'J6', 'J7', 'J8', 'J9', 'J10', 'J11', 'J12', 'J13', 'J14', 'J15', 'J16', 'J17', 'J18', 'J19', 'J20']
- Machine states:
  - Machine M1: Time=265.00, Idle=66.00, Material=Racebike_Hauptrahmen_zugeschnitten
  - Machine M2: Time=331.00, Idle=0.00, Material=Racebike_Schaltauge_bearbeitet
  - Machine M3: Time=0.00, Idle=331.00, Material=None
==================================================

2025-05-22 15:30:25,692 - JSPGymEnvironment - INFO - Material change on machine M1: Racebike_Hauptrahmen_zugeschnitten -> Citybike_Hauptrahmen_zugeschnitten, setup time: 40
2025-05-22 15:30:25,693 - JSPGymEnvironment - INFO - Executed operation: Job J9, Op 0, Machine M1, Start: 371, End: 411, Setup: 40
2025-05-22 15:30:25,693 - JSPGymEnvironment - INFO - 
===== REWARD DETAILS FOR STEP 8 =====
Job: J9, Operation: 0, Job Completed: False
Current Time: 331.00 -> 411.00, Setup Time: 40.00
Processing Time: 40.00, Idle Time: 0.00
Completed Jobs: 0/20
Machine: M1, Material: Citybike_Hauptrahmen_zugeschnitten

REWARD COMPONENTS:
- makespan_reward: -0.4000
- setup_reward: -10.0000
- deadline_reward: 0.0000
- priority_reward: 0.0000
- critical_job_reward: 0.5000
- placement_reward: -0.8333
- timeliness_reward: 9.2775
- machine_idle_penalty: -6.1875

TOTAL REWARD: -7.6434

CUMULATIVE REWARD COMPONENTS:
- makespan_reward: -2.0550
- setup_reward: -51.2500
- deadline_reward: 0.0000
- priority_reward: 0.0000
- critical_job_reward: 1.5000
- placement_reward: -2.5000
- timeliness_reward: 73.8277
- machine_idle_penalty: -33.2625

CUMULATIVE TOTAL: -13.7398

CRITICAL STATE INFO:
- Valid actions: ['J1', 'J2', 'J3', 'J4', 'J5', 'J6', 'J7', 'J8', 'J9', 'J10', 'J11', 'J12', 'J13', 'J14', 'J15', 'J16', 'J17', 'J18', 'J19', 'J20']
- Machine states:
  - Machine M1: Time=411.00, Idle=0.00, Material=Citybike_Hauptrahmen_zugeschnitten
  - Machine M2: Time=331.00, Idle=80.00, Material=Racebike_Schaltauge_bearbeitet
  - Machine M3: Time=0.00, Idle=411.00, Material=None
==================================================

2025-05-22 15:30:25,730 - JSPGymEnvironment - INFO - Material change on machine M3:  -> E-Bike_Antrieb_installiert, setup time: 0
2025-05-22 15:30:25,730 - JSPGymEnvironment - INFO - Executed operation: Job J19, Op 2, Machine M3, Start: 411, End: 433, Setup: 0
2025-05-22 15:30:25,731 - JSPGymEnvironment - INFO - 
===== REWARD DETAILS FOR STEP 9 =====
Job: J19, Operation: 2, Job Completed: False
Current Time: 411.00 -> 433.00, Setup Time: 0.00
Processing Time: 22.00, Idle Time: 0.00
Completed Jobs: 0/20
Machine: M3, Material: E-Bike_Antrieb_installiert

REWARD COMPONENTS:
- makespan_reward: -0.1100
- setup_reward: 0.0000
- deadline_reward: 0.0000
- priority_reward: 0.0000
- critical_job_reward: 0.5000
- placement_reward: -0.8333
- timeliness_reward: 9.2916
- machine_idle_penalty: -1.5500

TOTAL REWARD: 7.2983

CUMULATIVE REWARD COMPONENTS:
- makespan_reward: -2.1650
- setup_reward: -51.2500
- deadline_reward: 0.0000
- priority_reward: 0.0000
- critical_job_reward: 2.0000
- placement_reward: -3.3333
- timeliness_reward: 83.1193
- machine_idle_penalty: -34.8125

CUMULATIVE TOTAL: -6.4415

CRITICAL STATE INFO:
- Valid actions: ['J1', 'J2', 'J3', 'J4', 'J5', 'J6', 'J7', 'J8', 'J9', 'J10', 'J11', 'J12', 'J13', 'J14', 'J15', 'J16', 'J17', 'J18', 'J19', 'J20']
- Machine states:
  - Machine M1: Time=411.00, Idle=22.00, Material=Citybike_Hauptrahmen_zugeschnitten
  - Machine M2: Time=331.00, Idle=102.00, Material=Racebike_Schaltauge_bearbeitet
  - Machine M3: Time=433.00, Idle=0.00, Material=E-Bike_Antrieb_installiert
==================================================

2025-05-22 15:30:25,766 - JSPGymEnvironment - INFO - Material change on machine M2: Racebike_Schaltauge_bearbeitet -> Citybike_Schaltauge_bearbeitet, setup time: 20
2025-05-22 15:30:25,766 - JSPGymEnvironment - INFO - Executed operation: Job J14, Op 1, Machine M2, Start: 453, End: 469, Setup: 20
2025-05-22 15:30:25,766 - JSPGymEnvironment - INFO - 
===== REWARD DETAILS FOR STEP 10 =====
Job: J14, Operation: 1, Job Completed: False
Current Time: 433.00 -> 469.00, Setup Time: 20.00
Processing Time: 16.00, Idle Time: 0.00
Completed Jobs: 0/20
Machine: M2, Material: Citybike_Schaltauge_bearbeitet

REWARD COMPONENTS:
- makespan_reward: -0.1800
- setup_reward: -5.0000
- deadline_reward: 0.0000
- priority_reward: 0.0000
- critical_job_reward: 0.0000
- placement_reward: 0.0000
- timeliness_reward: 9.2895
- machine_idle_penalty: -1.1750

TOTAL REWARD: 2.9345

CUMULATIVE REWARD COMPONENTS:
- makespan_reward: -2.3450
- setup_reward: -56.2500
- deadline_reward: 0.0000
- priority_reward: 0.0000
- critical_job_reward: 2.0000
- placement_reward: -3.3333
- timeliness_reward: 92.4088
- machine_idle_penalty: -35.9875

CUMULATIVE TOTAL: -3.5070

CRITICAL STATE INFO:
- Valid actions: ['J1', 'J2', 'J3', 'J4', 'J5', 'J6', 'J7', 'J8', 'J9', 'J10', 'J11', 'J12', 'J13', 'J14', 'J15', 'J16', 'J17', 'J18', 'J19', 'J20']
- Machine states:
  - Machine M1: Time=411.00, Idle=58.00, Material=Citybike_Hauptrahmen_zugeschnitten
  - Machine M2: Time=469.00, Idle=0.00, Material=Citybike_Schaltauge_bearbeitet
  - Machine M3: Time=433.00, Idle=36.00, Material=E-Bike_Antrieb_installiert
==================================================

2025-05-22 15:30:25,802 - JSPGymEnvironment - INFO - Material change on machine M2: Citybike_Schaltauge_bearbeitet -> Mountainbike_Schaltauge_bearbeitet, setup time: 20
2025-05-22 15:30:25,803 - JSPGymEnvironment - INFO - Executed operation: Job J18, Op 1, Machine M2, Start: 489, End: 509, Setup: 20
2025-05-22 15:30:25,803 - JSPGymEnvironment - INFO - 
===== REWARD DETAILS FOR STEP 11 =====
Job: J18, Operation: 1, Job Completed: False
Current Time: 469.00 -> 509.00, Setup Time: 20.00
Processing Time: 20.00, Idle Time: 0.00
Completed Jobs: 0/20
Machine: M2, Material: Mountainbike_Schaltauge_bearbeitet

REWARD COMPONENTS:
- makespan_reward: -0.2000
- setup_reward: -5.0000
- deadline_reward: 0.0000
- priority_reward: 0.0000
- critical_job_reward: 0.0000
- placement_reward: 0.0000
- timeliness_reward: 9.2969
- machine_idle_penalty: -2.1750

TOTAL REWARD: 1.9219

CUMULATIVE REWARD COMPONENTS:
- makespan_reward: -2.5450
- setup_reward: -61.2500
- deadline_reward: 0.0000
- priority_reward: 0.0000
- critical_job_reward: 2.0000
- placement_reward: -3.3333
- timeliness_reward: 101.7058
- machine_idle_penalty: -38.1625

CUMULATIVE TOTAL: -1.5851

CRITICAL STATE INFO:
- Valid actions: ['J1', 'J2', 'J3', 'J4', 'J5', 'J6', 'J7', 'J8', 'J9', 'J10', 'J11', 'J12', 'J13', 'J14', 'J15', 'J16', 'J17', 'J18', 'J19', 'J20']
- Machine states:
  - Machine M1: Time=411.00, Idle=98.00, Material=Citybike_Hauptrahmen_zugeschnitten
  - Machine M2: Time=509.00, Idle=0.00, Material=Mountainbike_Schaltauge_bearbeitet
  - Machine M3: Time=433.00, Idle=76.00, Material=E-Bike_Antrieb_installiert
==================================================

2025-05-22 15:30:25,839 - JSPGymEnvironment - INFO - Material change on machine M2: Mountainbike_Schaltauge_bearbeitet -> Citybike_Schaltauge_bearbeitet, setup time: 20
2025-05-22 15:30:25,839 - JSPGymEnvironment - INFO - Executed operation: Job J9, Op 1, Machine M2, Start: 529, End: 545, Setup: 20
2025-05-22 15:30:25,840 - JSPGymEnvironment - INFO - 
===== REWARD DETAILS FOR STEP 12 =====
Job: J9, Operation: 1, Job Completed: False
Current Time: 509.00 -> 545.00, Setup Time: 20.00
Processing Time: 16.00, Idle Time: 0.00
Completed Jobs: 0/20
Machine: M2, Material: Citybike_Schaltauge_bearbeitet

REWARD COMPONENTS:
- makespan_reward: -0.1800
- setup_reward: -5.0000
- deadline_reward: 0.0000
- priority_reward: 0.0000
- critical_job_reward: 0.5000
- placement_reward: -0.8333
- timeliness_reward: 9.3029
- machine_idle_penalty: -3.0750

TOTAL REWARD: 0.7146

CUMULATIVE REWARD COMPONENTS:
- makespan_reward: -2.7250
- setup_reward: -66.2500
- deadline_reward: 0.0000
- priority_reward: 0.0000
- critical_job_reward: 2.5000
- placement_reward: -4.1667
- timeliness_reward: 111.0087
- machine_idle_penalty: -41.2375

CUMULATIVE TOTAL: -0.8705

CRITICAL STATE INFO:
- Valid actions: ['J1', 'J2', 'J3', 'J4', 'J5', 'J6', 'J7', 'J8', 'J9', 'J10', 'J11', 'J12', 'J13', 'J14', 'J15', 'J16', 'J17', 'J18', 'J19', 'J20']
- Machine states:
  - Machine M1: Time=411.00, Idle=134.00, Material=Citybike_Hauptrahmen_zugeschnitten
  - Machine M2: Time=545.00, Idle=0.00, Material=Citybike_Schaltauge_bearbeitet
  - Machine M3: Time=433.00, Idle=112.00, Material=E-Bike_Antrieb_installiert
==================================================

2025-05-22 15:30:25,875 - JSPGymEnvironment - INFO - Material change on machine M2: Citybike_Schaltauge_bearbeitet -> E-Bike_Bremsaufnahme_gebohrt, setup time: 20
2025-05-22 15:30:25,875 - JSPGymEnvironment - INFO - Executed operation: Job J19, Op 3, Machine M2, Start: 565, End: 578, Setup: 20
2025-05-22 15:30:25,876 - JSPGymEnvironment - INFO - 
===== REWARD DETAILS FOR STEP 13 =====
Job: J19, Operation: 3, Job Completed: False
Current Time: 545.00 -> 578.00, Setup Time: 20.00
Processing Time: 13.00, Idle Time: 0.00
Completed Jobs: 0/20
Machine: M2, Material: E-Bike_Bremsaufnahme_gebohrt

REWARD COMPONENTS:
- makespan_reward: -0.1650
- setup_reward: -5.0000
- deadline_reward: 0.0000
- priority_reward: 0.0000
- critical_job_reward: 0.5000
- placement_reward: -0.8333
- timeliness_reward: 9.3204
- machine_idle_penalty: -3.9000

TOTAL REWARD: -0.0779

CUMULATIVE REWARD COMPONENTS:
- makespan_reward: -2.8900
- setup_reward: -71.2500
- deadline_reward: 0.0000
- priority_reward: 0.0000
- critical_job_reward: 3.0000
- placement_reward: -5.0000
- timeliness_reward: 120.3291
- machine_idle_penalty: -45.1375

CUMULATIVE TOTAL: -0.9484

CRITICAL STATE INFO:
- Valid actions: ['J1', 'J2', 'J3', 'J4', 'J5', 'J6', 'J7', 'J8', 'J9', 'J10', 'J11', 'J12', 'J13', 'J14', 'J15', 'J16', 'J17', 'J18', 'J19', 'J20']
- Machine states:
  - Machine M1: Time=411.00, Idle=167.00, Material=Citybike_Hauptrahmen_zugeschnitten
  - Machine M2: Time=578.00, Idle=0.00, Material=E-Bike_Bremsaufnahme_gebohrt
  - Machine M3: Time=433.00, Idle=145.00, Material=E-Bike_Antrieb_installiert
==================================================

2025-05-22 15:30:25,912 - JSPGymEnvironment - INFO - Material change on machine M3: E-Bike_Antrieb_installiert -> Mountainbike_Antrieb_installiert, setup time: 15
2025-05-22 15:30:25,913 - JSPGymEnvironment - INFO - Executed operation: Job J18, Op 2, Machine M3, Start: 593, End: 622, Setup: 15
2025-05-22 15:30:25,913 - JSPGymEnvironment - INFO - 
===== REWARD DETAILS FOR STEP 14 =====
Job: J18, Operation: 2, Job Completed: False
Current Time: 578.00 -> 622.00, Setup Time: 15.00
Processing Time: 29.00, Idle Time: 0.00
Completed Jobs: 0/20
Machine: M3, Material: Mountainbike_Antrieb_installiert

REWARD COMPONENTS:
- makespan_reward: -0.2200
- setup_reward: -3.7500
- deadline_reward: 0.0000
- priority_reward: 0.0000
- critical_job_reward: 0.0000
- placement_reward: 0.0000
- timeliness_reward: 9.3133
- machine_idle_penalty: -3.1875

TOTAL REWARD: 2.1558

CUMULATIVE REWARD COMPONENTS:
- makespan_reward: -3.1100
- setup_reward: -75.0000
- deadline_reward: 0.0000
- priority_reward: 0.0000
- critical_job_reward: 3.0000
- placement_reward: -5.0000
- timeliness_reward: 129.6424
- machine_idle_penalty: -48.3250

CUMULATIVE TOTAL: 1.2074

CRITICAL STATE INFO:
- Valid actions: ['J1', 'J2', 'J3', 'J4', 'J5', 'J6', 'J7', 'J8', 'J9', 'J10', 'J11', 'J12', 'J13', 'J14', 'J15', 'J16', 'J17', 'J18', 'J19', 'J20']
- Machine states:
  - Machine M1: Time=411.00, Idle=211.00, Material=Citybike_Hauptrahmen_zugeschnitten
  - Machine M2: Time=578.00, Idle=44.00, Material=E-Bike_Bremsaufnahme_gebohrt
  - Machine M3: Time=622.00, Idle=0.00, Material=Mountainbike_Antrieb_installiert
==================================================

2025-05-22 15:30:25,948 - JSPGymEnvironment - INFO - Material change on machine M3: Mountainbike_Antrieb_installiert -> Mountainbike_Bremsen_justiert, setup time: 15
2025-05-22 15:30:25,948 - JSPGymEnvironment - INFO - Executed operation: Job J18, Op 3, Machine M3, Start: 637, End: 692, Setup: 15
2025-05-22 15:30:25,948 - JSPGymEnvironment - INFO - 
===== REWARD DETAILS FOR STEP 15 =====
Job: J18, Operation: 3, Job Completed: False
Current Time: 622.00 -> 692.00, Setup Time: 15.00
Processing Time: 55.00, Idle Time: 0.00
Completed Jobs: 0/20
Machine: M3, Material: Mountainbike_Bremsen_justiert

REWARD COMPONENTS:
- makespan_reward: -0.3500
- setup_reward: -3.7500
- deadline_reward: 0.0000
- priority_reward: 0.0000
- critical_job_reward: 0.0000
- placement_reward: 0.0000
- timeliness_reward: 9.3196
- machine_idle_penalty: -4.9875

TOTAL REWARD: 0.2321

CUMULATIVE REWARD COMPONENTS:
- makespan_reward: -3.4600
- setup_reward: -78.7500
- deadline_reward: 0.0000
- priority_reward: 0.0000
- critical_job_reward: 3.0000
- placement_reward: -5.0000
- timeliness_reward: 138.9620
- machine_idle_penalty: -53.3125

CUMULATIVE TOTAL: 1.4395

CRITICAL STATE INFO:
- Valid actions: ['J1', 'J2', 'J3', 'J4', 'J5', 'J6', 'J7', 'J8', 'J9', 'J10', 'J11', 'J12', 'J13', 'J14', 'J15', 'J16', 'J17', 'J18', 'J19', 'J20']
- Machine states:
  - Machine M1: Time=411.00, Idle=281.00, Material=Citybike_Hauptrahmen_zugeschnitten
  - Machine M2: Time=578.00, Idle=114.00, Material=E-Bike_Bremsaufnahme_gebohrt
  - Machine M3: Time=692.00, Idle=0.00, Material=Mountainbike_Bremsen_justiert
==================================================

2025-05-22 15:30:25,982 - JSPGymEnvironment - INFO - Material change on machine M2: E-Bike_Bremsaufnahme_gebohrt -> Mountainbike_Fahrrad_endmontiert, setup time: 20
2025-05-22 15:30:25,983 - JSPGymEnvironment - INFO - Executed operation: Job J18, Op 4, Machine M2, Start: 712, End: 725, Setup: 20
2025-05-22 15:30:25,983 - JSPGymEnvironment - INFO - Job J18 completed at time 725, deadline: 2880, met: True, priority: 6
2025-05-22 15:30:25,983 - JSPGymEnvironment - INFO - 
===== REWARD DETAILS FOR STEP 16 =====
Job: J18, Operation: 4, Job Completed: True
Current Time: 692.00 -> 725.00, Setup Time: 20.00
Processing Time: 13.00, Idle Time: 0.00
Completed Jobs: 1/20
Machine: M2, Material: Mountainbike_Fahrrad_endmontiert
Job Deadline: 2880.00 (Met), Priority: 6

REWARD COMPONENTS:
- makespan_reward: -0.1650
- setup_reward: -5.0000
- deadline_reward: 20.0000
- priority_reward: 24.0000
- critical_job_reward: 0.0000
- placement_reward: 0.0000
- timeliness_reward: 9.3212
- machine_idle_penalty: -4.3875

TOTAL REWARD: 43.7687

CUMULATIVE REWARD COMPONENTS:
- makespan_reward: -3.6250
- setup_reward: -83.7500
- deadline_reward: 20.0000
- priority_reward: 24.0000
- critical_job_reward: 3.0000
- placement_reward: -5.0000
- timeliness_reward: 148.2831
- machine_idle_penalty: -57.7000

CUMULATIVE TOTAL: 45.2081

CRITICAL STATE INFO:
- Valid actions: ['J1', 'J2', 'J3', 'J4', 'J5', 'J6', 'J7', 'J8', 'J9', 'J10', 'J11', 'J12', 'J13', 'J14', 'J15', 'J16', 'J17', 'J19', 'J20']
- Machine states:
  - Machine M1: Time=411.00, Idle=314.00, Material=Citybike_Hauptrahmen_zugeschnitten
  - Machine M2: Time=725.00, Idle=0.00, Material=Mountainbike_Fahrrad_endmontiert
  - Machine M3: Time=692.00, Idle=33.00, Material=Mountainbike_Bremsen_justiert
==================================================

2025-05-22 15:30:25,983 - JSPGymEnvironment - INFO - Retro-Bonus für Job J18: +10.0
2025-05-22 15:30:26,018 - JSPGymEnvironment - INFO - Material change on machine M3: Mountainbike_Bremsen_justiert -> Citybike_Antrieb_installiert, setup time: 15
2025-05-22 15:30:26,018 - JSPGymEnvironment - INFO - Executed operation: Job J9, Op 2, Machine M3, Start: 740, End: 794, Setup: 15
2025-05-22 15:30:26,018 - JSPGymEnvironment - INFO - 
===== REWARD DETAILS FOR STEP 17 =====
Job: J9, Operation: 2, Job Completed: False
Current Time: 725.00 -> 794.00, Setup Time: 15.00
Processing Time: 54.00, Idle Time: 0.00
Completed Jobs: 1/20
Machine: M3, Material: Citybike_Antrieb_installiert

REWARD COMPONENTS:
- makespan_reward: -0.3450
- setup_reward: -3.7500
- deadline_reward: 0.0000
- priority_reward: 0.0000
- critical_job_reward: 0.5000
- placement_reward: -0.8333
- timeliness_reward: 9.3219
- machine_idle_penalty: -5.7000

TOTAL REWARD: -0.8064

CUMULATIVE REWARD COMPONENTS:
- makespan_reward: -3.9700
- setup_reward: -87.5000
- deadline_reward: 20.0000
- priority_reward: 24.0000
- critical_job_reward: 3.5000
- placement_reward: -5.8333
- timeliness_reward: 157.6051
- machine_idle_penalty: -63.4000

CUMULATIVE TOTAL: 44.4017

CRITICAL STATE INFO:
- Valid actions: ['J1', 'J2', 'J3', 'J4', 'J5', 'J6', 'J7', 'J8', 'J9', 'J10', 'J11', 'J12', 'J13', 'J14', 'J15', 'J16', 'J17', 'J19', 'J20']
- Machine states:
  - Machine M1: Time=411.00, Idle=383.00, Material=Citybike_Hauptrahmen_zugeschnitten
  - Machine M2: Time=725.00, Idle=69.00, Material=Mountainbike_Fahrrad_endmontiert
  - Machine M3: Time=794.00, Idle=0.00, Material=Citybike_Antrieb_installiert
==================================================

2025-05-22 15:30:26,054 - JSPGymEnvironment - INFO - Executed operation: Job J8, Op 0, Machine M1, Start: 819, End: 838, Setup: 25
2025-05-22 15:30:26,054 - JSPGymEnvironment - INFO - 
===== REWARD DETAILS FOR STEP 18 =====
Job: J8, Operation: 0, Job Completed: False
Current Time: 794.00 -> 838.00, Setup Time: 25.00
Processing Time: 19.00, Idle Time: 0.00
Completed Jobs: 1/20
Machine: M1, Material: Citybike_Hauptrahmen_zugeschnitten

REWARD COMPONENTS:
- makespan_reward: -0.2200
- setup_reward: -6.2500
- deadline_reward: 0.0000
- priority_reward: 0.0000
- critical_job_reward: 0.0000
- placement_reward: 0.0000
- timeliness_reward: 9.3352
- machine_idle_penalty: -1.9625

TOTAL REWARD: 0.9027

CUMULATIVE REWARD COMPONENTS:
- makespan_reward: -4.1900
- setup_reward: -93.7500
- deadline_reward: 20.0000
- priority_reward: 24.0000
- critical_job_reward: 3.5000
- placement_reward: -5.8333
- timeliness_reward: 166.9402
- machine_idle_penalty: -65.3625

CUMULATIVE TOTAL: 45.3044

CRITICAL STATE INFO:
- Valid actions: ['J1', 'J2', 'J3', 'J4', 'J5', 'J6', 'J7', 'J8', 'J9', 'J10', 'J11', 'J12', 'J13', 'J14', 'J15', 'J16', 'J17', 'J19', 'J20']
- Machine states:
  - Machine M1: Time=838.00, Idle=0.00, Material=Citybike_Hauptrahmen_zugeschnitten
  - Machine M2: Time=725.00, Idle=113.00, Material=Mountainbike_Fahrrad_endmontiert
  - Machine M3: Time=794.00, Idle=44.00, Material=Citybike_Antrieb_installiert
==================================================

2025-05-22 15:30:26,278 - JSPGymEnvironment - INFO - Material change on machine M2: Mountainbike_Fahrrad_endmontiert -> Citybike_Schaltauge_bearbeitet, setup time: 20
2025-05-22 15:30:26,278 - JSPGymEnvironment - INFO - Executed operation: Job J8, Op 1, Machine M2, Start: 858, End: 871, Setup: 20
2025-05-22 15:30:26,279 - JSPGymEnvironment - INFO - 
===== REWARD DETAILS FOR STEP 19 =====
Job: J8, Operation: 1, Job Completed: False
Current Time: 838.00 -> 871.00, Setup Time: 20.00
Processing Time: 13.00, Idle Time: 0.00
Completed Jobs: 1/20
Machine: M2, Material: Citybike_Schaltauge_bearbeitet

REWARD COMPONENTS:
- makespan_reward: -0.1650
- setup_reward: -5.0000
- deadline_reward: 0.0000
- priority_reward: 0.0000
- critical_job_reward: 0.0000
- placement_reward: 0.0000
- timeliness_reward: 9.3333
- machine_idle_penalty: -1.3750

TOTAL REWARD: 2.7933

CUMULATIVE REWARD COMPONENTS:
- makespan_reward: -4.3550
- setup_reward: -98.7500
- deadline_reward: 20.0000
- priority_reward: 24.0000
- critical_job_reward: 3.5000
- placement_reward: -5.8333
- timeliness_reward: 176.2735
- machine_idle_penalty: -66.7375

CUMULATIVE TOTAL: 48.0976

CRITICAL STATE INFO:
- Valid actions: ['J1', 'J2', 'J3', 'J4', 'J5', 'J6', 'J7', 'J8', 'J9', 'J10', 'J11', 'J12', 'J13', 'J14', 'J15', 'J16', 'J17', 'J19', 'J20']
- Machine states:
  - Machine M1: Time=838.00, Idle=33.00, Material=Citybike_Hauptrahmen_zugeschnitten
  - Machine M2: Time=871.00, Idle=0.00, Material=Citybike_Schaltauge_bearbeitet
  - Machine M3: Time=794.00, Idle=77.00, Material=Citybike_Antrieb_installiert
==================================================

2025-05-22 15:30:26,324 - JSPGymEnvironment - INFO - Material change on machine M2: Citybike_Schaltauge_bearbeitet -> Racebike_Schaltauge_bearbeitet, setup time: 20
2025-05-22 15:30:26,324 - JSPGymEnvironment - INFO - Executed operation: Job J4, Op 1, Machine M2, Start: 891, End: 906, Setup: 20
2025-05-22 15:30:26,325 - JSPGymEnvironment - INFO - 
===== REWARD DETAILS FOR STEP 20 =====
Job: J4, Operation: 1, Job Completed: False
Current Time: 871.00 -> 906.00, Setup Time: 20.00
Processing Time: 15.00, Idle Time: 0.00
Completed Jobs: 1/20
Machine: M2, Material: Racebike_Schaltauge_bearbeitet

REWARD COMPONENTS:
- makespan_reward: -0.1750
- setup_reward: -5.0000
- deadline_reward: 0.0000
- priority_reward: 0.0000
- critical_job_reward: 0.0000
- placement_reward: 0.0000
- timeliness_reward: 9.3307
- machine_idle_penalty: -2.2500

TOTAL REWARD: 1.9057

CUMULATIVE REWARD COMPONENTS:
- makespan_reward: -4.5300
- setup_reward: -103.7500
- deadline_reward: 20.0000
- priority_reward: 24.0000
- critical_job_reward: 3.5000
- placement_reward: -5.8333
- timeliness_reward: 185.6042
- machine_idle_penalty: -68.9875

CUMULATIVE TOTAL: 50.0033

CRITICAL STATE INFO:
- Valid actions: ['J1', 'J2', 'J3', 'J4', 'J5', 'J6', 'J7', 'J8', 'J9', 'J10', 'J11', 'J12', 'J13', 'J14', 'J15', 'J16', 'J17', 'J19', 'J20']
- Machine states:
  - Machine M1: Time=838.00, Idle=68.00, Material=Citybike_Hauptrahmen_zugeschnitten
  - Machine M2: Time=906.00, Idle=0.00, Material=Racebike_Schaltauge_bearbeitet
  - Machine M3: Time=794.00, Idle=112.00, Material=Citybike_Antrieb_installiert
==================================================

2025-05-22 15:30:26,370 - JSPGymEnvironment - INFO - Executed operation: Job J17, Op 0, Machine M1, Start: 931, End: 969, Setup: 25
2025-05-22 15:30:26,371 - JSPGymEnvironment - INFO - 
===== REWARD DETAILS FOR STEP 21 =====
Job: J17, Operation: 0, Job Completed: False
Current Time: 906.00 -> 969.00, Setup Time: 25.00
Processing Time: 38.00, Idle Time: 0.00
Completed Jobs: 1/20
Machine: M1, Material: Citybike_Hauptrahmen_zugeschnitten

REWARD COMPONENTS:
- makespan_reward: -0.3150
- setup_reward: -6.2500
- deadline_reward: 0.0000
- priority_reward: 0.0000
- critical_job_reward: 0.0000
- placement_reward: 0.0000
- timeliness_reward: 9.3034
- machine_idle_penalty: -2.9750

TOTAL REWARD: -0.2366

CUMULATIVE REWARD COMPONENTS:
- makespan_reward: -4.8450
- setup_reward: -110.0000
- deadline_reward: 20.0000
- priority_reward: 24.0000
- critical_job_reward: 3.5000
- placement_reward: -5.8333
- timeliness_reward: 194.9075
- machine_idle_penalty: -71.9625

CUMULATIVE TOTAL: 49.7667

CRITICAL STATE INFO:
- Valid actions: ['J1', 'J2', 'J3', 'J4', 'J5', 'J6', 'J7', 'J8', 'J9', 'J10', 'J11', 'J12', 'J13', 'J14', 'J15', 'J16', 'J17', 'J19', 'J20']
- Machine states:
  - Machine M1: Time=969.00, Idle=0.00, Material=Citybike_Hauptrahmen_zugeschnitten
  - Machine M2: Time=906.00, Idle=63.00, Material=Racebike_Schaltauge_bearbeitet
  - Machine M3: Time=794.00, Idle=175.00, Material=Citybike_Antrieb_installiert
==================================================

2025-05-22 15:30:26,408 - JSPGymEnvironment - INFO - Material change on machine M2: Racebike_Schaltauge_bearbeitet -> Citybike_Bremsaufnahme_gebohrt, setup time: 20
2025-05-22 15:30:26,408 - JSPGymEnvironment - INFO - Executed operation: Job J9, Op 3, Machine M2, Start: 989, End: 1012, Setup: 20
2025-05-22 15:30:26,409 - JSPGymEnvironment - INFO - 
===== REWARD DETAILS FOR STEP 22 =====
Job: J9, Operation: 3, Job Completed: False
Current Time: 969.00 -> 1012.00, Setup Time: 20.00
Processing Time: 23.00, Idle Time: 0.00
Completed Jobs: 1/20
Machine: M2, Material: Citybike_Bremsaufnahme_gebohrt

REWARD COMPONENTS:
- makespan_reward: -0.2150
- setup_reward: -5.0000
- deadline_reward: 0.0000
- priority_reward: 0.0000
- critical_job_reward: 0.5000
- placement_reward: -0.8333
- timeliness_reward: 9.2934
- machine_idle_penalty: -3.2625

TOTAL REWARD: 0.4825

CUMULATIVE REWARD COMPONENTS:
- makespan_reward: -5.0600
- setup_reward: -115.0000
- deadline_reward: 20.0000
- priority_reward: 24.0000
- critical_job_reward: 4.0000
- placement_reward: -6.6667
- timeliness_reward: 204.2009
- machine_idle_penalty: -75.2250

CUMULATIVE TOTAL: 50.2492

CRITICAL STATE INFO:
- Valid actions: ['J1', 'J2', 'J3', 'J4', 'J5', 'J6', 'J7', 'J8', 'J9', 'J10', 'J11', 'J12', 'J13', 'J14', 'J15', 'J16', 'J17', 'J19', 'J20']
- Machine states:
  - Machine M1: Time=969.00, Idle=43.00, Material=Citybike_Hauptrahmen_zugeschnitten
  - Machine M2: Time=1012.00, Idle=0.00, Material=Citybike_Bremsaufnahme_gebohrt
  - Machine M3: Time=794.00, Idle=218.00, Material=Citybike_Antrieb_installiert
==================================================

2025-05-22 15:30:26,449 - JSPGymEnvironment - INFO - Material change on machine M1: Citybike_Hauptrahmen_zugeschnitten -> Mountainbike_Hauptrahmen_zugeschnitten, setup time: 40
2025-05-22 15:30:26,449 - JSPGymEnvironment - INFO - Executed operation: Job J12, Op 0, Machine M1, Start: 1052, End: 1083, Setup: 40
2025-05-22 15:30:26,450 - JSPGymEnvironment - INFO - 
===== REWARD DETAILS FOR STEP 23 =====
Job: J12, Operation: 0, Job Completed: False
Current Time: 1012.00 -> 1083.00, Setup Time: 40.00
Processing Time: 31.00, Idle Time: 0.00
Completed Jobs: 1/20
Machine: M1, Material: Mountainbike_Hauptrahmen_zugeschnitten

REWARD COMPONENTS:
- makespan_reward: -0.3550
- setup_reward: -10.0000
- deadline_reward: 0.0000
- priority_reward: 0.0000
- critical_job_reward: 0.0000
- placement_reward: 0.0000
- timeliness_reward: 9.2739
- machine_idle_penalty: -4.5000

TOTAL REWARD: -5.5811

CUMULATIVE REWARD COMPONENTS:
- makespan_reward: -5.4150
- setup_reward: -125.0000
- deadline_reward: 20.0000
- priority_reward: 24.0000
- critical_job_reward: 4.0000
- placement_reward: -6.6667
- timeliness_reward: 213.4747
- machine_idle_penalty: -79.7250

CUMULATIVE TOTAL: 44.6681

CRITICAL STATE INFO:
- Valid actions: ['J1', 'J2', 'J3', 'J4', 'J5', 'J6', 'J7', 'J8', 'J9', 'J10', 'J11', 'J12', 'J13', 'J14', 'J15', 'J16', 'J17', 'J19', 'J20']
- Machine states:
  - Machine M1: Time=1083.00, Idle=0.00, Material=Mountainbike_Hauptrahmen_zugeschnitten
  - Machine M2: Time=1012.00, Idle=71.00, Material=Citybike_Bremsaufnahme_gebohrt
  - Machine M3: Time=794.00, Idle=289.00, Material=Citybike_Antrieb_installiert
==================================================

2025-05-22 15:30:26,493 - JSPGymEnvironment - INFO - Material change on machine M3: Citybike_Antrieb_installiert -> Racebike_Antrieb_installiert, setup time: 15
2025-05-22 15:30:26,493 - JSPGymEnvironment - INFO - Executed operation: Job J4, Op 2, Machine M3, Start: 1098, End: 1138, Setup: 15
2025-05-22 15:30:26,493 - JSPGymEnvironment - INFO - 
===== REWARD DETAILS FOR STEP 24 =====
Job: J4, Operation: 2, Job Completed: False
Current Time: 1083.00 -> 1138.00, Setup Time: 15.00
Processing Time: 40.00, Idle Time: 0.00
Completed Jobs: 1/20
Machine: M3, Material: Racebike_Antrieb_installiert

REWARD COMPONENTS:
- makespan_reward: -0.2750
- setup_reward: -3.7500
- deadline_reward: 0.0000
- priority_reward: 0.0000
- critical_job_reward: 0.0000
- placement_reward: 0.0000
- timeliness_reward: 9.2698
- machine_idle_penalty: -2.2625

TOTAL REWARD: 2.9823

CUMULATIVE REWARD COMPONENTS:
- makespan_reward: -5.6900
- setup_reward: -128.7500
- deadline_reward: 20.0000
- priority_reward: 24.0000
- critical_job_reward: 4.0000
- placement_reward: -6.6667
- timeliness_reward: 222.7445
- machine_idle_penalty: -81.9875

CUMULATIVE TOTAL: 47.6503

CRITICAL STATE INFO:
- Valid actions: ['J1', 'J2', 'J3', 'J4', 'J5', 'J6', 'J7', 'J8', 'J9', 'J10', 'J11', 'J12', 'J13', 'J14', 'J15', 'J16', 'J17', 'J19', 'J20']
- Machine states:
  - Machine M1: Time=1083.00, Idle=55.00, Material=Mountainbike_Hauptrahmen_zugeschnitten
  - Machine M2: Time=1012.00, Idle=126.00, Material=Citybike_Bremsaufnahme_gebohrt
  - Machine M3: Time=1138.00, Idle=0.00, Material=Racebike_Antrieb_installiert
==================================================

2025-05-22 15:30:26,532 - JSPGymEnvironment - INFO - Material change on machine M2: Citybike_Bremsaufnahme_gebohrt -> E-Bike_Rahmen_nachbearbeitet, setup time: 20
2025-05-22 15:30:26,532 - JSPGymEnvironment - INFO - Executed operation: Job J19, Op 4, Machine M2, Start: 1158, End: 1175, Setup: 20
2025-05-22 15:30:26,533 - JSPGymEnvironment - INFO - 
===== REWARD DETAILS FOR STEP 25 =====
Job: J19, Operation: 4, Job Completed: False
Current Time: 1138.00 -> 1175.00, Setup Time: 20.00
Processing Time: 17.00, Idle Time: 0.00
Completed Jobs: 1/20
Machine: M2, Material: E-Bike_Rahmen_nachbearbeitet

REWARD COMPONENTS:
- makespan_reward: -0.1850
- setup_reward: -5.0000
- deadline_reward: 0.0000
- priority_reward: 0.0000
- critical_job_reward: 0.5000
- placement_reward: -0.8333
- timeliness_reward: 9.2561
- machine_idle_penalty: -1.6125

TOTAL REWARD: 2.1252

CUMULATIVE REWARD COMPONENTS:
- makespan_reward: -5.8750
- setup_reward: -133.7500
- deadline_reward: 20.0000
- priority_reward: 24.0000
- critical_job_reward: 4.5000
- placement_reward: -7.5000
- timeliness_reward: 232.0006
- machine_idle_penalty: -83.6000

CUMULATIVE TOTAL: 49.7756

CRITICAL STATE INFO:
- Valid actions: ['J1', 'J2', 'J3', 'J4', 'J5', 'J6', 'J7', 'J8', 'J9', 'J10', 'J11', 'J12', 'J13', 'J14', 'J15', 'J16', 'J17', 'J19', 'J20']
- Machine states:
  - Machine M1: Time=1083.00, Idle=92.00, Material=Mountainbike_Hauptrahmen_zugeschnitten
  - Machine M2: Time=1175.00, Idle=0.00, Material=E-Bike_Rahmen_nachbearbeitet
  - Machine M3: Time=1138.00, Idle=37.00, Material=Racebike_Antrieb_installiert
==================================================

2025-05-22 15:30:26,575 - JSPGymEnvironment - INFO - Executed operation: Job J19, Op 5, Machine M2, Start: 1190, End: 1211, Setup: 15
2025-05-22 15:30:26,576 - JSPGymEnvironment - INFO - 
===== REWARD DETAILS FOR STEP 26 =====
Job: J19, Operation: 5, Job Completed: False
Current Time: 1175.00 -> 1211.00, Setup Time: 15.00
Processing Time: 21.00, Idle Time: 0.00
Completed Jobs: 1/20
Machine: M2, Material: E-Bike_Rahmen_nachbearbeitet

REWARD COMPONENTS:
- makespan_reward: -0.1800
- setup_reward: -3.7500
- deadline_reward: 0.0000
- priority_reward: 0.0000
- critical_job_reward: 0.5000
- placement_reward: -0.8333
- timeliness_reward: 9.2368
- machine_idle_penalty: -2.5125

TOTAL REWARD: 2.4609

CUMULATIVE REWARD COMPONENTS:
- makespan_reward: -6.0550
- setup_reward: -137.5000
- deadline_reward: 20.0000
- priority_reward: 24.0000
- critical_job_reward: 5.0000
- placement_reward: -8.3333
- timeliness_reward: 241.2374
- machine_idle_penalty: -86.1125

CUMULATIVE TOTAL: 52.2365

CRITICAL STATE INFO:
- Valid actions: ['J1', 'J2', 'J3', 'J4', 'J5', 'J6', 'J7', 'J8', 'J9', 'J10', 'J11', 'J12', 'J13', 'J14', 'J15', 'J16', 'J17', 'J19', 'J20']
- Machine states:
  - Machine M1: Time=1083.00, Idle=128.00, Material=Mountainbike_Hauptrahmen_zugeschnitten
  - Machine M2: Time=1211.00, Idle=0.00, Material=E-Bike_Rahmen_nachbearbeitet
  - Machine M3: Time=1138.00, Idle=73.00, Material=Racebike_Antrieb_installiert
==================================================

2025-05-22 15:30:26,620 - JSPGymEnvironment - INFO - Material change on machine M2: E-Bike_Rahmen_nachbearbeitet -> Racebike_Bremsaufnahme_gebohrt, setup time: 20
2025-05-22 15:30:26,620 - JSPGymEnvironment - INFO - Executed operation: Job J4, Op 3, Machine M2, Start: 1231, End: 1245, Setup: 20
2025-05-22 15:30:26,620 - JSPGymEnvironment - INFO - 
===== REWARD DETAILS FOR STEP 27 =====
Job: J4, Operation: 3, Job Completed: False
Current Time: 1211.00 -> 1245.00, Setup Time: 20.00
Processing Time: 14.00, Idle Time: 0.00
Completed Jobs: 1/20
Machine: M2, Material: Racebike_Bremsaufnahme_gebohrt

REWARD COMPONENTS:
- makespan_reward: -0.1700
- setup_reward: -5.0000
- deadline_reward: 0.0000
- priority_reward: 0.0000
- critical_job_reward: 0.0000
- placement_reward: 0.0000
- timeliness_reward: 9.2122
- machine_idle_penalty: -3.3625

TOTAL REWARD: 0.6797

CUMULATIVE REWARD COMPONENTS:
- makespan_reward: -6.2250
- setup_reward: -142.5000
- deadline_reward: 20.0000
- priority_reward: 24.0000
- critical_job_reward: 5.0000
- placement_reward: -8.3333
- timeliness_reward: 250.4496
- machine_idle_penalty: -89.4750

CUMULATIVE TOTAL: 52.9162

CRITICAL STATE INFO:
- Valid actions: ['J1', 'J2', 'J3', 'J4', 'J5', 'J6', 'J7', 'J8', 'J9', 'J10', 'J11', 'J12', 'J13', 'J14', 'J15', 'J16', 'J17', 'J19', 'J20']
- Machine states:
  - Machine M1: Time=1083.00, Idle=162.00, Material=Mountainbike_Hauptrahmen_zugeschnitten
  - Machine M2: Time=1245.00, Idle=0.00, Material=Racebike_Bremsaufnahme_gebohrt
  - Machine M3: Time=1138.00, Idle=107.00, Material=Racebike_Antrieb_installiert
==================================================

2025-05-22 15:30:26,662 - JSPGymEnvironment - INFO - Material change on machine M1: Mountainbike_Hauptrahmen_zugeschnitten -> Citybike_Hauptrahmen_zugeschnitten, setup time: 40
2025-05-22 15:30:26,662 - JSPGymEnvironment - INFO - Executed operation: Job J2, Op 0, Machine M1, Start: 1285, End: 1301, Setup: 40
2025-05-22 15:30:26,663 - JSPGymEnvironment - INFO - 
===== REWARD DETAILS FOR STEP 28 =====
Job: J2, Operation: 0, Job Completed: False
Current Time: 1245.00 -> 1301.00, Setup Time: 40.00
Processing Time: 16.00, Idle Time: 0.00
Completed Jobs: 1/20
Machine: M1, Material: Citybike_Hauptrahmen_zugeschnitten

REWARD COMPONENTS:
- makespan_reward: -0.2800
- setup_reward: -10.0000
- deadline_reward: 0.0000
- priority_reward: 0.0000
- critical_job_reward: 0.0000
- placement_reward: 0.0000
- timeliness_reward: 9.1485
- machine_idle_penalty: -2.7375

TOTAL REWARD: -3.8690

CUMULATIVE REWARD COMPONENTS:
- makespan_reward: -6.5050
- setup_reward: -152.5000
- deadline_reward: 20.0000
- priority_reward: 24.0000
- critical_job_reward: 5.0000
- placement_reward: -8.3333
- timeliness_reward: 259.5981
- machine_idle_penalty: -92.2125

CUMULATIVE TOTAL: 49.0472

CRITICAL STATE INFO:
- Valid actions: ['J1', 'J2', 'J3', 'J4', 'J5', 'J6', 'J7', 'J8', 'J9', 'J10', 'J11', 'J12', 'J13', 'J14', 'J15', 'J16', 'J17', 'J19', 'J20']
- Machine states:
  - Machine M1: Time=1301.00, Idle=0.00, Material=Citybike_Hauptrahmen_zugeschnitten
  - Machine M2: Time=1245.00, Idle=56.00, Material=Racebike_Bremsaufnahme_gebohrt
  - Machine M3: Time=1138.00, Idle=163.00, Material=Racebike_Antrieb_installiert
==================================================

2025-05-22 15:30:26,708 - JSPGymEnvironment - INFO - Material change on machine M1: Citybike_Hauptrahmen_zugeschnitten -> Racebike_Hauptrahmen_zugeschnitten, setup time: 40
2025-05-22 15:30:26,709 - JSPGymEnvironment - INFO - Executed operation: Job J7, Op 0, Machine M1, Start: 1341, End: 1376, Setup: 40
2025-05-22 15:30:26,709 - JSPGymEnvironment - INFO - 
===== REWARD DETAILS FOR STEP 29 =====
Job: J7, Operation: 0, Job Completed: False
Current Time: 1301.00 -> 1376.00, Setup Time: 40.00
Processing Time: 35.00, Idle Time: 0.00
Completed Jobs: 1/20
Machine: M1, Material: Racebike_Hauptrahmen_zugeschnitten

REWARD COMPONENTS:
- makespan_reward: -0.3750
- setup_reward: -10.0000
- deadline_reward: 0.0000
- priority_reward: 0.0000
- critical_job_reward: 0.5000
- placement_reward: -1.6667
- timeliness_reward: 9.0825
- machine_idle_penalty: -4.6125

TOTAL REWARD: -7.0717

CUMULATIVE REWARD COMPONENTS:
- makespan_reward: -6.8800
- setup_reward: -162.5000
- deadline_reward: 20.0000
- priority_reward: 24.0000
- critical_job_reward: 5.5000
- placement_reward: -10.0000
- timeliness_reward: 268.6806
- machine_idle_penalty: -96.8250

CUMULATIVE TOTAL: 41.9756

CRITICAL STATE INFO:
- Valid actions: ['J1', 'J2', 'J3', 'J4', 'J5', 'J6', 'J7', 'J8', 'J9', 'J10', 'J11', 'J12', 'J13', 'J14', 'J15', 'J16', 'J17', 'J19', 'J20']
- Machine states:
  - Machine M1: Time=1376.00, Idle=0.00, Material=Racebike_Hauptrahmen_zugeschnitten
  - Machine M2: Time=1245.00, Idle=131.00, Material=Racebike_Bremsaufnahme_gebohrt
  - Machine M3: Time=1138.00, Idle=238.00, Material=Racebike_Antrieb_installiert
==================================================

2025-05-22 15:30:26,750 - JSPGymEnvironment - INFO - Material change on machine M2: Racebike_Bremsaufnahme_gebohrt -> Citybike_Rahmen_nachbearbeitet, setup time: 20
2025-05-22 15:30:26,750 - JSPGymEnvironment - INFO - Executed operation: Job J9, Op 4, Machine M2, Start: 1396, End: 1408, Setup: 20
2025-05-22 15:30:26,751 - JSPGymEnvironment - INFO - 
===== REWARD DETAILS FOR STEP 30 =====
Job: J9, Operation: 4, Job Completed: False
Current Time: 1376.00 -> 1408.00, Setup Time: 20.00
Processing Time: 12.00, Idle Time: 0.00
Completed Jobs: 1/20
Machine: M2, Material: Citybike_Rahmen_nachbearbeitet

REWARD COMPONENTS:
- makespan_reward: -0.1600
- setup_reward: -5.0000
- deadline_reward: 0.0000
- priority_reward: 0.0000
- critical_job_reward: 0.5000
- placement_reward: -0.8333
- timeliness_reward: 9.0498
- machine_idle_penalty: -3.7750

TOTAL REWARD: -0.2185

CUMULATIVE REWARD COMPONENTS:
- makespan_reward: -7.0400
- setup_reward: -167.5000
- deadline_reward: 20.0000
- priority_reward: 24.0000
- critical_job_reward: 6.0000
- placement_reward: -10.8333
- timeliness_reward: 277.7304
- machine_idle_penalty: -100.6000

CUMULATIVE TOTAL: 41.7571

CRITICAL STATE INFO:
- Valid actions: ['J1', 'J2', 'J3', 'J4', 'J5', 'J6', 'J7', 'J8', 'J9', 'J10', 'J11', 'J12', 'J13', 'J14', 'J15', 'J16', 'J17', 'J19', 'J20']
- Machine states:
  - Machine M1: Time=1376.00, Idle=32.00, Material=Racebike_Hauptrahmen_zugeschnitten
  - Machine M2: Time=1408.00, Idle=0.00, Material=Citybike_Rahmen_nachbearbeitet
  - Machine M3: Time=1138.00, Idle=270.00, Material=Racebike_Antrieb_installiert
==================================================

2025-05-22 15:30:26,790 - JSPGymEnvironment - INFO - Material change on machine M2: Citybike_Rahmen_nachbearbeitet -> Racebike_Rahmen_nachbearbeitet, setup time: 20
2025-05-22 15:30:26,790 - JSPGymEnvironment - INFO - Executed operation: Job J4, Op 4, Machine M2, Start: 1428, End: 1453, Setup: 20
2025-05-22 15:30:26,790 - JSPGymEnvironment - INFO - 
===== REWARD DETAILS FOR STEP 31 =====
Job: J4, Operation: 4, Job Completed: False
Current Time: 1408.00 -> 1453.00, Setup Time: 20.00
Processing Time: 25.00, Idle Time: 0.00
Completed Jobs: 1/20
Machine: M2, Material: Racebike_Rahmen_nachbearbeitet

REWARD COMPONENTS:
- makespan_reward: -0.2250
- setup_reward: -5.0000
- deadline_reward: 0.0000
- priority_reward: 0.0000
- critical_job_reward: 0.0000
- placement_reward: 0.0000
- timeliness_reward: 9.0260
- machine_idle_penalty: -4.9000

TOTAL REWARD: -1.0990

CUMULATIVE REWARD COMPONENTS:
- makespan_reward: -7.2650
- setup_reward: -172.5000
- deadline_reward: 20.0000
- priority_reward: 24.0000
- critical_job_reward: 6.0000
- placement_reward: -10.8333
- timeliness_reward: 286.7564
- machine_idle_penalty: -105.5000

CUMULATIVE TOTAL: 40.6581

CRITICAL STATE INFO:
- Valid actions: ['J1', 'J2', 'J3', 'J4', 'J5', 'J6', 'J7', 'J8', 'J9', 'J10', 'J11', 'J12', 'J13', 'J14', 'J15', 'J16', 'J17', 'J19', 'J20']
- Machine states:
  - Machine M1: Time=1376.00, Idle=77.00, Material=Racebike_Hauptrahmen_zugeschnitten
  - Machine M2: Time=1453.00, Idle=0.00, Material=Racebike_Rahmen_nachbearbeitet
  - Machine M3: Time=1138.00, Idle=315.00, Material=Racebike_Antrieb_installiert
==================================================

2025-05-22 15:30:26,829 - JSPGymEnvironment - INFO - Material change on machine M3: Racebike_Antrieb_installiert -> Citybike_Antrieb_installiert, setup time: 15
2025-05-22 15:30:26,829 - JSPGymEnvironment - INFO - Executed operation: Job J14, Op 2, Machine M3, Start: 1468, End: 1490, Setup: 15
2025-05-22 15:30:26,830 - JSPGymEnvironment - INFO - 
===== REWARD DETAILS FOR STEP 32 =====
Job: J14, Operation: 2, Job Completed: False
Current Time: 1453.00 -> 1490.00, Setup Time: 15.00
Processing Time: 22.00, Idle Time: 0.00
Completed Jobs: 1/20
Machine: M3, Material: Citybike_Antrieb_installiert

REWARD COMPONENTS:
- makespan_reward: -0.1850
- setup_reward: -3.7500
- deadline_reward: 0.0000
- priority_reward: 0.0000
- critical_job_reward: 0.0000
- placement_reward: 0.0000
- timeliness_reward: 8.9526
- machine_idle_penalty: -1.8875

TOTAL REWARD: 3.1301

CUMULATIVE REWARD COMPONENTS:
- makespan_reward: -7.4500
- setup_reward: -176.2500
- deadline_reward: 20.0000
- priority_reward: 24.0000
- critical_job_reward: 6.0000
- placement_reward: -10.8333
- timeliness_reward: 295.7090
- machine_idle_penalty: -107.3875

CUMULATIVE TOTAL: 43.7881

CRITICAL STATE INFO:
- Valid actions: ['J1', 'J2', 'J3', 'J4', 'J5', 'J6', 'J7', 'J8', 'J9', 'J10', 'J11', 'J12', 'J13', 'J14', 'J15', 'J16', 'J17', 'J19', 'J20']
- Machine states:
  - Machine M1: Time=1376.00, Idle=114.00, Material=Racebike_Hauptrahmen_zugeschnitten
  - Machine M2: Time=1453.00, Idle=37.00, Material=Racebike_Rahmen_nachbearbeitet
  - Machine M3: Time=1490.00, Idle=0.00, Material=Citybike_Antrieb_installiert
==================================================

2025-05-22 15:30:27,056 - JSPGymEnvironment - INFO - Material change on machine M3: Citybike_Antrieb_installiert -> Citybike_Fahrrad_endmontiert, setup time: 15
2025-05-22 15:30:27,056 - JSPGymEnvironment - INFO - Executed operation: Job J9, Op 5, Machine M3, Start: 1505, End: 1556, Setup: 15
2025-05-22 15:30:27,057 - JSPGymEnvironment - INFO - 
===== REWARD DETAILS FOR STEP 33 =====
Job: J9, Operation: 5, Job Completed: False
Current Time: 1490.00 -> 1556.00, Setup Time: 15.00
Processing Time: 51.00, Idle Time: 0.00
Completed Jobs: 1/20
Machine: M3, Material: Citybike_Fahrrad_endmontiert

REWARD COMPONENTS:
- makespan_reward: -0.3300
- setup_reward: -3.7500
- deadline_reward: 0.0000
- priority_reward: 0.0000
- critical_job_reward: 0.5000
- placement_reward: -0.8333
- timeliness_reward: 8.8585
- machine_idle_penalty: -3.5375

TOTAL REWARD: 0.9077

CUMULATIVE REWARD COMPONENTS:
- makespan_reward: -7.7800
- setup_reward: -180.0000
- deadline_reward: 20.0000
- priority_reward: 24.0000
- critical_job_reward: 6.5000
- placement_reward: -11.6667
- timeliness_reward: 304.5675
- machine_idle_penalty: -110.9250

CUMULATIVE TOTAL: 44.6958

CRITICAL STATE INFO:
- Valid actions: ['J1', 'J2', 'J3', 'J4', 'J5', 'J6', 'J7', 'J8', 'J9', 'J10', 'J11', 'J12', 'J13', 'J14', 'J15', 'J16', 'J17', 'J19', 'J20']
- Machine states:
  - Machine M1: Time=1376.00, Idle=180.00, Material=Racebike_Hauptrahmen_zugeschnitten
  - Machine M2: Time=1453.00, Idle=103.00, Material=Racebike_Rahmen_nachbearbeitet
  - Machine M3: Time=1556.00, Idle=0.00, Material=Citybike_Fahrrad_endmontiert
==================================================

2025-05-22 15:30:27,091 - JSPGymEnvironment - INFO - Material change on machine M3: Citybike_Fahrrad_endmontiert -> Racebike_Antrieb_installiert, setup time: 15
2025-05-22 15:30:27,091 - JSPGymEnvironment - INFO - Executed operation: Job J1, Op 2, Machine M3, Start: 1571, End: 1607, Setup: 15
2025-05-22 15:30:27,091 - JSPGymEnvironment - INFO - 
===== REWARD DETAILS FOR STEP 34 =====
Job: J1, Operation: 2, Job Completed: False
Current Time: 1556.00 -> 1607.00, Setup Time: 15.00
Processing Time: 36.00, Idle Time: 0.00
Completed Jobs: 1/20
Machine: M3, Material: Racebike_Antrieb_installiert

REWARD COMPONENTS:
- makespan_reward: -0.2550
- setup_reward: -3.7500
- deadline_reward: 0.0000
- priority_reward: 0.0000
- critical_job_reward: 0.0000
- placement_reward: 0.0000
- timeliness_reward: 8.7968
- machine_idle_penalty: -4.8125

TOTAL REWARD: -0.0207

CUMULATIVE REWARD COMPONENTS:
- makespan_reward: -8.0350
- setup_reward: -183.7500
- deadline_reward: 20.0000
- priority_reward: 24.0000
- critical_job_reward: 6.5000
- placement_reward: -11.6667
- timeliness_reward: 313.3642
- machine_idle_penalty: -115.7375

CUMULATIVE TOTAL: 44.6751

CRITICAL STATE INFO:
- Valid actions: ['J1', 'J2', 'J3', 'J4', 'J5', 'J6', 'J7', 'J8', 'J9', 'J10', 'J11', 'J12', 'J13', 'J14', 'J15', 'J16', 'J17', 'J19', 'J20']
- Machine states:
  - Machine M1: Time=1376.00, Idle=231.00, Material=Racebike_Hauptrahmen_zugeschnitten
  - Machine M2: Time=1453.00, Idle=154.00, Material=Racebike_Rahmen_nachbearbeitet
  - Machine M3: Time=1607.00, Idle=0.00, Material=Racebike_Antrieb_installiert
==================================================

2025-05-22 15:30:27,126 - JSPGymEnvironment - INFO - Material change on machine M1: Racebike_Hauptrahmen_zugeschnitten -> Mountainbike_Hauptrahmen_zugeschnitten, setup time: 40
2025-05-22 15:30:27,126 - JSPGymEnvironment - INFO - Executed operation: Job J5, Op 0, Machine M1, Start: 1647, End: 1683, Setup: 40
2025-05-22 15:30:27,126 - JSPGymEnvironment - INFO - 
===== REWARD DETAILS FOR STEP 35 =====
Job: J5, Operation: 0, Job Completed: False
Current Time: 1607.00 -> 1683.00, Setup Time: 40.00
Processing Time: 36.00, Idle Time: 0.00
Completed Jobs: 1/20
Machine: M1, Material: Mountainbike_Hauptrahmen_zugeschnitten

REWARD COMPONENTS:
- makespan_reward: -0.3800
- setup_reward: -10.0000
- deadline_reward: 0.0000
- priority_reward: 0.0000
- critical_job_reward: 0.0000
- placement_reward: 0.0000
- timeliness_reward: 8.6319
- machine_idle_penalty: -3.8250

TOTAL REWARD: -5.5731

CUMULATIVE REWARD COMPONENTS:
- makespan_reward: -8.4150
- setup_reward: -193.7500
- deadline_reward: 20.0000
- priority_reward: 24.0000
- critical_job_reward: 6.5000
- placement_reward: -11.6667
- timeliness_reward: 321.9961
- machine_idle_penalty: -119.5625

CUMULATIVE TOTAL: 39.1020

CRITICAL STATE INFO:
- Valid actions: ['J1', 'J2', 'J3', 'J4', 'J5', 'J6', 'J7', 'J8', 'J9', 'J10', 'J11', 'J12', 'J13', 'J14', 'J15', 'J16', 'J17', 'J19', 'J20']
- Machine states:
  - Machine M1: Time=1683.00, Idle=0.00, Material=Mountainbike_Hauptrahmen_zugeschnitten
  - Machine M2: Time=1453.00, Idle=230.00, Material=Racebike_Rahmen_nachbearbeitet
  - Machine M3: Time=1607.00, Idle=76.00, Material=Racebike_Antrieb_installiert
==================================================

2025-05-22 15:30:27,165 - JSPGymEnvironment - INFO - Material change on machine M2: Racebike_Rahmen_nachbearbeitet -> E-Bike_Fahrrad_endmontiert, setup time: 20
2025-05-22 15:30:27,165 - JSPGymEnvironment - INFO - Executed operation: Job J19, Op 6, Machine M2, Start: 1703, End: 1728, Setup: 20
2025-05-22 15:30:27,165 - JSPGymEnvironment - INFO - Job J19 completed at time 1728, deadline: 2737, met: True, priority: 8
2025-05-22 15:30:27,166 - JSPGymEnvironment - INFO - 
===== REWARD DETAILS FOR STEP 36 =====
Job: J19, Operation: 6, Job Completed: True
Current Time: 1683.00 -> 1728.00, Setup Time: 20.00
Processing Time: 25.00, Idle Time: 0.00
Completed Jobs: 2/20
Machine: M2, Material: E-Bike_Fahrrad_endmontiert
Job Deadline: 2737.00 (Met), Priority: 8

REWARD COMPONENTS:
- makespan_reward: -0.2250
- setup_reward: -5.0000
- deadline_reward: 20.0000
- priority_reward: 32.0000
- critical_job_reward: 16.9238
- placement_reward: -0.8333
- timeliness_reward: 8.5856
- machine_idle_penalty: -2.0750

TOTAL REWARD: 69.3761

CUMULATIVE REWARD COMPONENTS:
- makespan_reward: -8.6400
- setup_reward: -198.7500
- deadline_reward: 40.0000
- priority_reward: 56.0000
- critical_job_reward: 23.4238
- placement_reward: -12.5000
- timeliness_reward: 330.5818
- machine_idle_penalty: -121.6375

CUMULATIVE TOTAL: 108.4781

CRITICAL STATE INFO:
- Valid actions: ['J1', 'J2', 'J3', 'J4', 'J5', 'J6', 'J7', 'J8', 'J9', 'J10', 'J11', 'J12', 'J13', 'J14', 'J15', 'J16', 'J17', 'J20']
- Machine states:
  - Machine M1: Time=1683.00, Idle=45.00, Material=Mountainbike_Hauptrahmen_zugeschnitten
  - Machine M2: Time=1728.00, Idle=0.00, Material=E-Bike_Fahrrad_endmontiert
  - Machine M3: Time=1607.00, Idle=121.00, Material=Racebike_Antrieb_installiert
==================================================

2025-05-22 15:30:27,166 - JSPGymEnvironment - INFO - Retro-Bonus für Job J19: +15.0
2025-05-22 15:30:27,209 - JSPGymEnvironment - INFO - Material change on machine M3: Racebike_Antrieb_installiert -> Citybike_Antrieb_installiert, setup time: 15
2025-05-22 15:30:27,209 - JSPGymEnvironment - INFO - Executed operation: Job J8, Op 2, Machine M3, Start: 1743, End: 1797, Setup: 15
2025-05-22 15:30:27,209 - JSPGymEnvironment - INFO - 
===== REWARD DETAILS FOR STEP 37 =====
Job: J8, Operation: 2, Job Completed: False
Current Time: 1728.00 -> 1797.00, Setup Time: 15.00
Processing Time: 54.00, Idle Time: 0.00
Completed Jobs: 2/20
Machine: M3, Material: Citybike_Antrieb_installiert

REWARD COMPONENTS:
- makespan_reward: -0.3450
- setup_reward: -3.7500
- deadline_reward: 0.0000
- priority_reward: 0.0000
- critical_job_reward: 0.0000
- placement_reward: 0.0000
- timeliness_reward: 8.4157
- machine_idle_penalty: -2.2875

TOTAL REWARD: 2.0332

CUMULATIVE REWARD COMPONENTS:
- makespan_reward: -8.9850
- setup_reward: -202.5000
- deadline_reward: 40.0000
- priority_reward: 56.0000
- critical_job_reward: 23.4238
- placement_reward: -12.5000
- timeliness_reward: 338.9975
- machine_idle_penalty: -123.9250

CUMULATIVE TOTAL: 110.5113

CRITICAL STATE INFO:
- Valid actions: ['J1', 'J2', 'J3', 'J4', 'J5', 'J6', 'J7', 'J8', 'J9', 'J10', 'J11', 'J12', 'J13', 'J14', 'J15', 'J16', 'J17', 'J20']
- Machine states:
  - Machine M1: Time=1683.00, Idle=114.00, Material=Mountainbike_Hauptrahmen_zugeschnitten
  - Machine M2: Time=1728.00, Idle=69.00, Material=E-Bike_Fahrrad_endmontiert
  - Machine M3: Time=1797.00, Idle=0.00, Material=Citybike_Antrieb_installiert
==================================================

2025-05-22 15:30:27,251 - JSPGymEnvironment - INFO - Material change on machine M1: Mountainbike_Hauptrahmen_zugeschnitten -> Racebike_Hauptrahmen_zugeschnitten, setup time: 40
2025-05-22 15:30:27,251 - JSPGymEnvironment - INFO - Executed operation: Job J6, Op 0, Machine M1, Start: 1837, End: 1873, Setup: 40
2025-05-22 15:30:27,252 - JSPGymEnvironment - INFO - 
===== REWARD DETAILS FOR STEP 38 =====
Job: J6, Operation: 0, Job Completed: False
Current Time: 1797.00 -> 1873.00, Setup Time: 40.00
Processing Time: 36.00, Idle Time: 0.00
Completed Jobs: 2/20
Machine: M1, Material: Racebike_Hauptrahmen_zugeschnitten

REWARD COMPONENTS:
- makespan_reward: -0.3800
- setup_reward: -10.0000
- deadline_reward: 0.0000
- priority_reward: 0.0000
- critical_job_reward: 0.5000
- placement_reward: -2.5000
- timeliness_reward: 8.1751
- machine_idle_penalty: -2.7625

TOTAL REWARD: -6.9674

CUMULATIVE REWARD COMPONENTS:
- makespan_reward: -9.3650
- setup_reward: -212.5000
- deadline_reward: 40.0000
- priority_reward: 56.0000
- critical_job_reward: 23.9238
- placement_reward: -15.0000
- timeliness_reward: 347.1726
- machine_idle_penalty: -126.6875

CUMULATIVE TOTAL: 103.5439

CRITICAL STATE INFO:
- Valid actions: ['J1', 'J2', 'J3', 'J4', 'J5', 'J6', 'J7', 'J8', 'J9', 'J10', 'J11', 'J12', 'J13', 'J14', 'J15', 'J16', 'J17', 'J20']
- Machine states:
  - Machine M1: Time=1873.00, Idle=0.00, Material=Racebike_Hauptrahmen_zugeschnitten
  - Machine M2: Time=1728.00, Idle=145.00, Material=E-Bike_Fahrrad_endmontiert
  - Machine M3: Time=1797.00, Idle=76.00, Material=Citybike_Antrieb_installiert
==================================================

2025-05-22 15:30:27,291 - JSPGymEnvironment - INFO - Material change on machine M3: Citybike_Antrieb_installiert -> Citybike_Fahrrad_endmontiert, setup time: 15
2025-05-22 15:30:27,291 - JSPGymEnvironment - INFO - Executed operation: Job J9, Op 6, Machine M3, Start: 1888, End: 1911, Setup: 15
2025-05-22 15:30:27,291 - JSPGymEnvironment - INFO - Job J9 completed at time 1911, deadline: 2880, met: True, priority: 8
2025-05-22 15:30:27,292 - JSPGymEnvironment - INFO - 
===== REWARD DETAILS FOR STEP 39 =====
Job: J9, Operation: 6, Job Completed: True
Current Time: 1873.00 -> 1911.00, Setup Time: 15.00
Processing Time: 23.00, Idle Time: 0.00
Completed Jobs: 3/20
Machine: M3, Material: Citybike_Fahrrad_endmontiert
Job Deadline: 2880.00 (Met), Priority: 8

REWARD COMPONENTS:
- makespan_reward: -0.1900
- setup_reward: -3.7500
- deadline_reward: 20.0000
- priority_reward: 32.0000
- critical_job_reward: 16.5375
- placement_reward: -0.8333
- timeliness_reward: 8.0537
- machine_idle_penalty: -2.7625

TOTAL REWARD: 69.0554

CUMULATIVE REWARD COMPONENTS:
- makespan_reward: -9.5550
- setup_reward: -216.2500
- deadline_reward: 60.0000
- priority_reward: 88.0000
- critical_job_reward: 40.4613
- placement_reward: -15.8333
- timeliness_reward: 355.2263
- machine_idle_penalty: -129.4500

CUMULATIVE TOTAL: 172.5993

CRITICAL STATE INFO:
- Valid actions: ['J1', 'J2', 'J3', 'J4', 'J5', 'J6', 'J7', 'J8', 'J10', 'J11', 'J12', 'J13', 'J14', 'J15', 'J16', 'J17', 'J20']
- Machine states:
  - Machine M1: Time=1873.00, Idle=38.00, Material=Racebike_Hauptrahmen_zugeschnitten
  - Machine M2: Time=1728.00, Idle=183.00, Material=E-Bike_Fahrrad_endmontiert
  - Machine M3: Time=1911.00, Idle=0.00, Material=Citybike_Fahrrad_endmontiert
==================================================

2025-05-22 15:30:27,292 - JSPGymEnvironment - INFO - Retro-Bonus für Job J9: +15.0
2025-05-22 15:30:27,332 - JSPGymEnvironment - INFO - Material change on machine M2: E-Bike_Fahrrad_endmontiert -> Racebike_Schaltauge_bearbeitet, setup time: 20
2025-05-22 15:30:27,332 - JSPGymEnvironment - INFO - Executed operation: Job J6, Op 1, Machine M2, Start: 1931, End: 1944, Setup: 20
2025-05-22 15:30:27,333 - JSPGymEnvironment - INFO - 
===== REWARD DETAILS FOR STEP 40 =====
Job: J6, Operation: 1, Job Completed: False
Current Time: 1911.00 -> 1944.00, Setup Time: 20.00
Processing Time: 13.00, Idle Time: 0.00
Completed Jobs: 3/20
Machine: M2, Material: Racebike_Schaltauge_bearbeitet

REWARD COMPONENTS:
- makespan_reward: -0.1650
- setup_reward: -5.0000
- deadline_reward: 0.0000
- priority_reward: 0.0000
- critical_job_reward: 0.5000
- placement_reward: -2.5000
- timeliness_reward: 7.9460
- machine_idle_penalty: -1.3000

TOTAL REWARD: -0.5190

CUMULATIVE REWARD COMPONENTS:
- makespan_reward: -9.7200
- setup_reward: -221.2500
- deadline_reward: 60.0000
- priority_reward: 88.0000
- critical_job_reward: 40.9613
- placement_reward: -18.3333
- timeliness_reward: 363.1723
- machine_idle_penalty: -130.7500

CUMULATIVE TOTAL: 172.0803

CRITICAL STATE INFO:
- Valid actions: ['J1', 'J2', 'J3', 'J4', 'J5', 'J6', 'J7', 'J8', 'J10', 'J11', 'J12', 'J13', 'J14', 'J15', 'J16', 'J17', 'J20']
- Machine states:
  - Machine M1: Time=1873.00, Idle=71.00, Material=Racebike_Hauptrahmen_zugeschnitten
  - Machine M2: Time=1944.00, Idle=0.00, Material=Racebike_Schaltauge_bearbeitet
  - Machine M3: Time=1911.00, Idle=33.00, Material=Citybike_Fahrrad_endmontiert
==================================================

2025-05-22 15:30:27,372 - JSPGymEnvironment - INFO - Material change on machine M3: Citybike_Fahrrad_endmontiert -> Citybike_Bremsen_justiert, setup time: 15
2025-05-22 15:30:27,372 - JSPGymEnvironment - INFO - Executed operation: Job J8, Op 3, Machine M3, Start: 1959, End: 2017, Setup: 15
2025-05-22 15:30:27,372 - JSPGymEnvironment - INFO - 
===== REWARD DETAILS FOR STEP 41 =====
Job: J8, Operation: 3, Job Completed: False
Current Time: 1944.00 -> 2017.00, Setup Time: 15.00
Processing Time: 58.00, Idle Time: 0.00
Completed Jobs: 3/20
Machine: M3, Material: Citybike_Bremsen_justiert

REWARD COMPONENTS:
- makespan_reward: -0.3650
- setup_reward: -3.7500
- deadline_reward: 0.0000
- priority_reward: 0.0000
- critical_job_reward: 0.0000
- placement_reward: 0.0000
- timeliness_reward: 7.7206
- machine_idle_penalty: -2.7125

TOTAL REWARD: 0.8931

CUMULATIVE REWARD COMPONENTS:
- makespan_reward: -10.0850
- setup_reward: -225.0000
- deadline_reward: 60.0000
- priority_reward: 88.0000
- critical_job_reward: 40.9613
- placement_reward: -18.3333
- timeliness_reward: 370.8929
- machine_idle_penalty: -133.4625

CUMULATIVE TOTAL: 172.9734

CRITICAL STATE INFO:
- Valid actions: ['J1', 'J2', 'J3', 'J4', 'J5', 'J6', 'J7', 'J8', 'J10', 'J11', 'J12', 'J13', 'J14', 'J15', 'J16', 'J17', 'J20']
- Machine states:
  - Machine M1: Time=1873.00, Idle=144.00, Material=Racebike_Hauptrahmen_zugeschnitten
  - Machine M2: Time=1944.00, Idle=73.00, Material=Racebike_Schaltauge_bearbeitet
  - Machine M3: Time=2017.00, Idle=0.00, Material=Citybike_Bremsen_justiert
==================================================

2025-05-22 15:30:27,407 - JSPGymEnvironment - INFO - Material change on machine M2: Racebike_Schaltauge_bearbeitet -> Citybike_Bremsaufnahme_gebohrt, setup time: 20
2025-05-22 15:30:27,407 - JSPGymEnvironment - INFO - Executed operation: Job J14, Op 3, Machine M2, Start: 2037, End: 2055, Setup: 20
2025-05-22 15:30:27,408 - JSPGymEnvironment - INFO - 
===== REWARD DETAILS FOR STEP 42 =====
Job: J14, Operation: 3, Job Completed: False
Current Time: 2017.00 -> 2055.00, Setup Time: 20.00
Processing Time: 18.00, Idle Time: 0.00
Completed Jobs: 3/20
Machine: M2, Material: Citybike_Bremsaufnahme_gebohrt

REWARD COMPONENTS:
- makespan_reward: -0.1900
- setup_reward: -5.0000
- deadline_reward: 0.0000
- priority_reward: 0.0000
- critical_job_reward: 0.0000
- placement_reward: 0.0000
- timeliness_reward: 7.5357
- machine_idle_penalty: -2.7500

TOTAL REWARD: -0.4043

CUMULATIVE REWARD COMPONENTS:
- makespan_reward: -10.2750
- setup_reward: -230.0000
- deadline_reward: 60.0000
- priority_reward: 88.0000
- critical_job_reward: 40.9613
- placement_reward: -18.3333
- timeliness_reward: 378.4286
- machine_idle_penalty: -136.2125

CUMULATIVE TOTAL: 172.5690

CRITICAL STATE INFO:
- Valid actions: ['J1', 'J2', 'J3', 'J4', 'J5', 'J6', 'J7', 'J8', 'J10', 'J11', 'J12', 'J13', 'J14', 'J15', 'J16', 'J17', 'J20']
- Machine states:
  - Machine M1: Time=1873.00, Idle=182.00, Material=Racebike_Hauptrahmen_zugeschnitten
  - Machine M2: Time=2055.00, Idle=0.00, Material=Citybike_Bremsaufnahme_gebohrt
  - Machine M3: Time=2017.00, Idle=38.00, Material=Citybike_Bremsen_justiert
==================================================

2025-05-22 15:30:27,445 - JSPGymEnvironment - INFO - Material change on machine M2: Citybike_Bremsaufnahme_gebohrt -> Mountainbike_Schaltauge_bearbeitet, setup time: 20
2025-05-22 15:30:27,445 - JSPGymEnvironment - INFO - Executed operation: Job J5, Op 1, Machine M2, Start: 2075, End: 2090, Setup: 20
2025-05-22 15:30:27,445 - JSPGymEnvironment - INFO - 
===== REWARD DETAILS FOR STEP 43 =====
Job: J5, Operation: 1, Job Completed: False
Current Time: 2055.00 -> 2090.00, Setup Time: 20.00
Processing Time: 15.00, Idle Time: 0.00
Completed Jobs: 3/20
Machine: M2, Material: Mountainbike_Schaltauge_bearbeitet

REWARD COMPONENTS:
- makespan_reward: -0.1750
- setup_reward: -5.0000
- deadline_reward: 0.0000
- priority_reward: 0.0000
- critical_job_reward: 0.0000
- placement_reward: 0.0000
- timeliness_reward: 7.3903
- machine_idle_penalty: -3.6250

TOTAL REWARD: -1.4097

CUMULATIVE REWARD COMPONENTS:
- makespan_reward: -10.4500
- setup_reward: -235.0000
- deadline_reward: 60.0000
- priority_reward: 88.0000
- critical_job_reward: 40.9613
- placement_reward: -18.3333
- timeliness_reward: 385.8188
- machine_idle_penalty: -139.8375

CUMULATIVE TOTAL: 171.1593

CRITICAL STATE INFO:
- Valid actions: ['J1', 'J2', 'J3', 'J4', 'J5', 'J6', 'J7', 'J8', 'J10', 'J11', 'J12', 'J13', 'J14', 'J15', 'J16', 'J17', 'J20']
- Machine states:
  - Machine M1: Time=1873.00, Idle=217.00, Material=Racebike_Hauptrahmen_zugeschnitten
  - Machine M2: Time=2090.00, Idle=0.00, Material=Mountainbike_Schaltauge_bearbeitet
  - Machine M3: Time=2017.00, Idle=73.00, Material=Citybike_Bremsen_justiert
==================================================

2025-05-22 15:30:27,483 - JSPGymEnvironment - INFO - Material change on machine M2: Mountainbike_Schaltauge_bearbeitet -> Racebike_Bremsaufnahme_gebohrt, setup time: 20
2025-05-22 15:30:27,483 - JSPGymEnvironment - INFO - Executed operation: Job J1, Op 3, Machine M2, Start: 2110, End: 2128, Setup: 20
2025-05-22 15:30:27,484 - JSPGymEnvironment - INFO - 
===== REWARD DETAILS FOR STEP 44 =====
Job: J1, Operation: 3, Job Completed: False
Current Time: 2090.00 -> 2128.00, Setup Time: 20.00
Processing Time: 18.00, Idle Time: 0.00
Completed Jobs: 3/20
Machine: M2, Material: Racebike_Bremsaufnahme_gebohrt

REWARD COMPONENTS:
- makespan_reward: -0.1900
- setup_reward: -5.0000
- deadline_reward: 0.0000
- priority_reward: 0.0000
- critical_job_reward: 0.0000
- placement_reward: 0.0000
- timeliness_reward: 7.2520
- machine_idle_penalty: -4.5750

TOTAL REWARD: -2.5130

CUMULATIVE REWARD COMPONENTS:
- makespan_reward: -10.6400
- setup_reward: -240.0000
- deadline_reward: 60.0000
- priority_reward: 88.0000
- critical_job_reward: 40.9613
- placement_reward: -18.3333
- timeliness_reward: 393.0708
- machine_idle_penalty: -144.4125

CUMULATIVE TOTAL: 168.6463

CRITICAL STATE INFO:
- Valid actions: ['J1', 'J2', 'J3', 'J4', 'J5', 'J6', 'J7', 'J8', 'J10', 'J11', 'J12', 'J13', 'J14', 'J15', 'J16', 'J17', 'J20']
- Machine states:
  - Machine M1: Time=1873.00, Idle=255.00, Material=Racebike_Hauptrahmen_zugeschnitten
  - Machine M2: Time=2128.00, Idle=0.00, Material=Racebike_Bremsaufnahme_gebohrt
  - Machine M3: Time=2017.00, Idle=111.00, Material=Citybike_Bremsen_justiert
==================================================

2025-05-22 15:30:27,520 - JSPGymEnvironment - INFO - Material change on machine M3: Citybike_Bremsen_justiert -> Racebike_Antrieb_installiert, setup time: 15
2025-05-22 15:30:27,521 - JSPGymEnvironment - INFO - Executed operation: Job J6, Op 2, Machine M3, Start: 2143, End: 2181, Setup: 15
2025-05-22 15:30:27,521 - JSPGymEnvironment - INFO - 
===== REWARD DETAILS FOR STEP 45 =====
Job: J6, Operation: 2, Job Completed: False
Current Time: 2128.00 -> 2181.00, Setup Time: 15.00
Processing Time: 38.00, Idle Time: 0.00
Completed Jobs: 3/20
Machine: M3, Material: Racebike_Antrieb_installiert

REWARD COMPONENTS:
- makespan_reward: -0.2650
- setup_reward: -3.7500
- deadline_reward: 0.0000
- priority_reward: 0.0000
- critical_job_reward: 0.5000
- placement_reward: -2.5000
- timeliness_reward: 6.9747
- machine_idle_penalty: -4.5125

TOTAL REWARD: -3.5528

CUMULATIVE REWARD COMPONENTS:
- makespan_reward: -10.9050
- setup_reward: -243.7500
- deadline_reward: 60.0000
- priority_reward: 88.0000
- critical_job_reward: 41.4613
- placement_reward: -20.8333
- timeliness_reward: 400.0455
- machine_idle_penalty: -148.9250

CUMULATIVE TOTAL: 165.0935

CRITICAL STATE INFO:
- Valid actions: ['J1', 'J2', 'J3', 'J4', 'J5', 'J6', 'J7', 'J8', 'J10', 'J11', 'J12', 'J13', 'J14', 'J15', 'J16', 'J17', 'J20']
- Machine states:
  - Machine M1: Time=1873.00, Idle=308.00, Material=Racebike_Hauptrahmen_zugeschnitten
  - Machine M2: Time=2128.00, Idle=53.00, Material=Racebike_Bremsaufnahme_gebohrt
  - Machine M3: Time=2181.00, Idle=0.00, Material=Racebike_Antrieb_installiert
==================================================

2025-05-22 15:30:27,556 - JSPGymEnvironment - INFO - Material change on machine M2: Racebike_Bremsaufnahme_gebohrt -> Mountainbike_Schaltauge_bearbeitet, setup time: 20
2025-05-22 15:30:27,556 - JSPGymEnvironment - INFO - Executed operation: Job J12, Op 1, Machine M2, Start: 2201, End: 2223, Setup: 20
2025-05-22 15:30:27,557 - JSPGymEnvironment - INFO - 
===== REWARD DETAILS FOR STEP 46 =====
Job: J12, Operation: 1, Job Completed: False
Current Time: 2181.00 -> 2223.00, Setup Time: 20.00
Processing Time: 22.00, Idle Time: 0.00
Completed Jobs: 3/20
Machine: M2, Material: Mountainbike_Schaltauge_bearbeitet

REWARD COMPONENTS:
- makespan_reward: -0.2100
- setup_reward: -5.0000
- deadline_reward: 0.0000
- priority_reward: 0.0000
- critical_job_reward: 0.0000
- placement_reward: 0.0000
- timeliness_reward: 6.7698
- machine_idle_penalty: -4.9000

TOTAL REWARD: -3.3402

CUMULATIVE REWARD COMPONENTS:
- makespan_reward: -11.1150
- setup_reward: -248.7500
- deadline_reward: 60.0000
- priority_reward: 88.0000
- critical_job_reward: 41.4613
- placement_reward: -20.8333
- timeliness_reward: 406.8152
- machine_idle_penalty: -153.8250

CUMULATIVE TOTAL: 161.7532

CRITICAL STATE INFO:
- Valid actions: ['J1', 'J2', 'J3', 'J4', 'J5', 'J6', 'J7', 'J8', 'J10', 'J11', 'J12', 'J13', 'J14', 'J15', 'J16', 'J17', 'J20']
- Machine states:
  - Machine M1: Time=1873.00, Idle=350.00, Material=Racebike_Hauptrahmen_zugeschnitten
  - Machine M2: Time=2223.00, Idle=0.00, Material=Mountainbike_Schaltauge_bearbeitet
  - Machine M3: Time=2181.00, Idle=42.00, Material=Racebike_Antrieb_installiert
==================================================

2025-05-22 15:30:28,008 - JSPGymEnvironment - INFO - Material change on machine M1: Racebike_Hauptrahmen_zugeschnitten -> Citybike_Hauptrahmen_zugeschnitten, setup time: 40
2025-05-22 15:30:28,009 - JSPGymEnvironment - INFO - Executed operation: Job J11, Op 0, Machine M1, Start: 2263, End: 2294, Setup: 40
2025-05-22 15:30:28,009 - JSPGymEnvironment - INFO - 
===== REWARD DETAILS FOR STEP 47 =====
Job: J11, Operation: 0, Job Completed: False
Current Time: 2223.00 -> 2294.00, Setup Time: 40.00
Processing Time: 31.00, Idle Time: 0.00
Completed Jobs: 3/20
Machine: M1, Material: Citybike_Hauptrahmen_zugeschnitten

REWARD COMPONENTS:
- makespan_reward: -0.3550
- setup_reward: -10.0000
- deadline_reward: 0.0000
- priority_reward: 0.0000
- critical_job_reward: 0.0000
- placement_reward: 0.0000
- timeliness_reward: 6.3818
- machine_idle_penalty: -2.3000

TOTAL REWARD: -6.2732

CUMULATIVE REWARD COMPONENTS:
- makespan_reward: -11.4700
- setup_reward: -258.7500
- deadline_reward: 60.0000
- priority_reward: 88.0000
- critical_job_reward: 41.4613
- placement_reward: -20.8333
- timeliness_reward: 413.1971
- machine_idle_penalty: -156.1250

CUMULATIVE TOTAL: 155.4800

CRITICAL STATE INFO:
- Valid actions: ['J1', 'J2', 'J3', 'J4', 'J5', 'J6', 'J7', 'J8', 'J10', 'J11', 'J12', 'J13', 'J14', 'J15', 'J16', 'J17', 'J20']
- Machine states:
  - Machine M1: Time=2294.00, Idle=0.00, Material=Citybike_Hauptrahmen_zugeschnitten
  - Machine M2: Time=2223.00, Idle=71.00, Material=Mountainbike_Schaltauge_bearbeitet
  - Machine M3: Time=2181.00, Idle=113.00, Material=Racebike_Antrieb_installiert
==================================================

2025-05-22 15:30:28,119 - JSPGymEnvironment - INFO - Material change on machine M2: Mountainbike_Schaltauge_bearbeitet -> Racebike_Rahmen_nachbearbeitet, setup time: 20
2025-05-22 15:30:28,119 - JSPGymEnvironment - INFO - Executed operation: Job J1, Op 4, Machine M2, Start: 2314, End: 2336, Setup: 20
2025-05-22 15:30:28,120 - JSPGymEnvironment - INFO - 
===== REWARD DETAILS FOR STEP 48 =====
Job: J1, Operation: 4, Job Completed: False
Current Time: 2294.00 -> 2336.00, Setup Time: 20.00
Processing Time: 22.00, Idle Time: 0.00
Completed Jobs: 3/20
Machine: M2, Material: Racebike_Rahmen_nachbearbeitet

REWARD COMPONENTS:
- makespan_reward: -0.2100
- setup_reward: -5.0000
- deadline_reward: 0.0000
- priority_reward: 0.0000
- critical_job_reward: 0.0000
- placement_reward: 0.0000
- timeliness_reward: 6.1714
- machine_idle_penalty: -2.4625

TOTAL REWARD: -1.5011

CUMULATIVE REWARD COMPONENTS:
- makespan_reward: -11.6800
- setup_reward: -263.7500
- deadline_reward: 60.0000
- priority_reward: 88.0000
- critical_job_reward: 41.4613
- placement_reward: -20.8333
- timeliness_reward: 419.3684
- machine_idle_penalty: -158.5875

CUMULATIVE TOTAL: 153.9789

CRITICAL STATE INFO:
- Valid actions: ['J1', 'J2', 'J3', 'J4', 'J5', 'J6', 'J7', 'J8', 'J10', 'J11', 'J12', 'J13', 'J14', 'J15', 'J16', 'J17', 'J20']
- Machine states:
  - Machine M1: Time=2294.00, Idle=42.00, Material=Citybike_Hauptrahmen_zugeschnitten
  - Machine M2: Time=2336.00, Idle=0.00, Material=Racebike_Rahmen_nachbearbeitet
  - Machine M3: Time=2181.00, Idle=155.00, Material=Racebike_Antrieb_installiert
==================================================

2025-05-22 15:30:28,208 - JSPGymEnvironment - INFO - Material change on machine M3: Racebike_Antrieb_installiert -> Mountainbike_Antrieb_installiert, setup time: 15
2025-05-22 15:30:28,208 - JSPGymEnvironment - INFO - Executed operation: Job J5, Op 2, Machine M3, Start: 2351, End: 2376, Setup: 15
2025-05-22 15:30:28,209 - JSPGymEnvironment - INFO - 
===== REWARD DETAILS FOR STEP 49 =====
Job: J5, Operation: 2, Job Completed: False
Current Time: 2336.00 -> 2376.00, Setup Time: 15.00
Processing Time: 25.00, Idle Time: 0.00
Completed Jobs: 3/20
Machine: M3, Material: Mountainbike_Antrieb_installiert

REWARD COMPONENTS:
- makespan_reward: -0.2000
- setup_reward: -3.7500
- deadline_reward: 0.0000
- priority_reward: 0.0000
- critical_job_reward: 0.0000
- placement_reward: 0.0000
- timeliness_reward: 5.8992
- machine_idle_penalty: -1.5250

TOTAL REWARD: 0.4242

CUMULATIVE REWARD COMPONENTS:
- makespan_reward: -11.8800
- setup_reward: -267.5000
- deadline_reward: 60.0000
- priority_reward: 88.0000
- critical_job_reward: 41.4613
- placement_reward: -20.8333
- timeliness_reward: 425.2676
- machine_idle_penalty: -160.1125

CUMULATIVE TOTAL: 154.4031

CRITICAL STATE INFO:
- Valid actions: ['J1', 'J2', 'J3', 'J4', 'J5', 'J6', 'J7', 'J8', 'J10', 'J11', 'J12', 'J13', 'J14', 'J15', 'J16', 'J17', 'J20']
- Machine states:
  - Machine M1: Time=2294.00, Idle=82.00, Material=Citybike_Hauptrahmen_zugeschnitten
  - Machine M2: Time=2336.00, Idle=40.00, Material=Racebike_Rahmen_nachbearbeitet
  - Machine M3: Time=2376.00, Idle=0.00, Material=Mountainbike_Antrieb_installiert
==================================================

2025-05-22 15:30:28,261 - JSPGymEnvironment - INFO - Material change on machine M2: Racebike_Rahmen_nachbearbeitet -> Citybike_Schaltauge_bearbeitet, setup time: 20
2025-05-22 15:30:28,261 - JSPGymEnvironment - INFO - Executed operation: Job J11, Op 1, Machine M2, Start: 2396, End: 2409, Setup: 20
2025-05-22 15:30:28,261 - JSPGymEnvironment - INFO - 
===== REWARD DETAILS FOR STEP 50 =====
Job: J11, Operation: 1, Job Completed: False
Current Time: 2376.00 -> 2409.00, Setup Time: 20.00
Processing Time: 13.00, Idle Time: 0.00
Completed Jobs: 3/20
Machine: M2, Material: Citybike_Schaltauge_bearbeitet

REWARD COMPONENTS:
- makespan_reward: -0.1650
- setup_reward: -5.0000
- deadline_reward: 0.0000
- priority_reward: 0.0000
- critical_job_reward: 0.0000
- placement_reward: 0.0000
- timeliness_reward: 5.6931
- machine_idle_penalty: -1.8500

TOTAL REWARD: -1.3219

CUMULATIVE REWARD COMPONENTS:
- makespan_reward: -12.0450
- setup_reward: -272.5000
- deadline_reward: 60.0000
- priority_reward: 88.0000
- critical_job_reward: 41.4613
- placement_reward: -20.8333
- timeliness_reward: 430.9607
- machine_idle_penalty: -161.9625

CUMULATIVE TOTAL: 153.0812

CRITICAL STATE INFO:
- Valid actions: ['J1', 'J2', 'J3', 'J4', 'J5', 'J6', 'J7', 'J8', 'J10', 'J11', 'J12', 'J13', 'J14', 'J15', 'J16', 'J17', 'J20']
- Machine states:
  - Machine M1: Time=2294.00, Idle=115.00, Material=Citybike_Hauptrahmen_zugeschnitten
  - Machine M2: Time=2409.00, Idle=0.00, Material=Citybike_Schaltauge_bearbeitet
  - Machine M3: Time=2376.00, Idle=33.00, Material=Mountainbike_Antrieb_installiert
==================================================

2025-05-22 15:30:28,309 - JSPGymEnvironment - INFO - Material change on machine M2: Citybike_Schaltauge_bearbeitet -> Citybike_Rahmen_nachbearbeitet, setup time: 20
2025-05-22 15:30:28,309 - JSPGymEnvironment - INFO - Executed operation: Job J14, Op 4, Machine M2, Start: 2429, End: 2458, Setup: 20
2025-05-22 15:30:28,309 - JSPGymEnvironment - INFO - 
===== REWARD DETAILS FOR STEP 51 =====
Job: J14, Operation: 4, Job Completed: False
Current Time: 2409.00 -> 2458.00, Setup Time: 20.00
Processing Time: 29.00, Idle Time: 0.00
Completed Jobs: 3/20
Machine: M2, Material: Citybike_Rahmen_nachbearbeitet

REWARD COMPONENTS:
- makespan_reward: -0.2450
- setup_reward: -5.0000
- deadline_reward: 0.0000
- priority_reward: 0.0000
- critical_job_reward: 0.0000
- placement_reward: 0.0000
- timeliness_reward: 5.3754
- machine_idle_penalty: -3.0750

TOTAL REWARD: -2.9446

CUMULATIVE REWARD COMPONENTS:
- makespan_reward: -12.2900
- setup_reward: -277.5000
- deadline_reward: 60.0000
- priority_reward: 88.0000
- critical_job_reward: 41.4613
- placement_reward: -20.8333
- timeliness_reward: 436.3361
- machine_idle_penalty: -165.0375

CUMULATIVE TOTAL: 150.1366

CRITICAL STATE INFO:
- Valid actions: ['J1', 'J2', 'J3', 'J4', 'J5', 'J6', 'J7', 'J8', 'J10', 'J11', 'J12', 'J13', 'J14', 'J15', 'J16', 'J17', 'J20']
- Machine states:
  - Machine M1: Time=2294.00, Idle=164.00, Material=Citybike_Hauptrahmen_zugeschnitten
  - Machine M2: Time=2458.00, Idle=0.00, Material=Citybike_Rahmen_nachbearbeitet
  - Machine M3: Time=2376.00, Idle=82.00, Material=Mountainbike_Antrieb_installiert
==================================================

2025-05-22 15:30:28,351 - JSPGymEnvironment - INFO - Material change on machine M3: Mountainbike_Antrieb_installiert -> Racebike_Bremsen_justiert, setup time: 15
2025-05-22 15:30:28,351 - JSPGymEnvironment - INFO - Executed operation: Job J6, Op 3, Machine M3, Start: 2473, End: 2531, Setup: 15
2025-05-22 15:30:28,352 - JSPGymEnvironment - INFO - 
===== REWARD DETAILS FOR STEP 52 =====
Job: J6, Operation: 3, Job Completed: False
Current Time: 2458.00 -> 2531.00, Setup Time: 15.00
Processing Time: 58.00, Idle Time: 0.00
Completed Jobs: 3/20
Machine: M3, Material: Racebike_Bremsen_justiert

REWARD COMPONENTS:
- makespan_reward: -0.3650
- setup_reward: -3.7500
- deadline_reward: 0.0000
- priority_reward: 0.0000
- critical_job_reward: 0.5000
- placement_reward: -2.5000
- timeliness_reward: 4.8658
- machine_idle_penalty: -3.8750

TOTAL REWARD: -5.1242

CUMULATIVE REWARD COMPONENTS:
- makespan_reward: -12.6550
- setup_reward: -281.2500
- deadline_reward: 60.0000
- priority_reward: 88.0000
- critical_job_reward: 41.9613
- placement_reward: -23.3333
- timeliness_reward: 441.2019
- machine_idle_penalty: -168.9125

CUMULATIVE TOTAL: 145.0123

CRITICAL STATE INFO:
- Valid actions: ['J1', 'J2', 'J3', 'J4', 'J5', 'J6', 'J7', 'J8', 'J10', 'J11', 'J12', 'J13', 'J14', 'J15', 'J16', 'J17', 'J20']
- Machine states:
  - Machine M1: Time=2294.00, Idle=237.00, Material=Citybike_Hauptrahmen_zugeschnitten
  - Machine M2: Time=2458.00, Idle=73.00, Material=Citybike_Rahmen_nachbearbeitet
  - Machine M3: Time=2531.00, Idle=0.00, Material=Racebike_Bremsen_justiert
==================================================

2025-05-22 15:30:28,394 - JSPGymEnvironment - INFO - Material change on machine M3: Racebike_Bremsen_justiert -> Citybike_Fahrrad_endmontiert, setup time: 15
2025-05-22 15:30:28,394 - JSPGymEnvironment - INFO - Executed operation: Job J8, Op 4, Machine M3, Start: 2546, End: 2595, Setup: 15
2025-05-22 15:30:28,394 - JSPGymEnvironment - INFO - 
===== REWARD DETAILS FOR STEP 53 =====
Job: J8, Operation: 4, Job Completed: False
Current Time: 2531.00 -> 2595.00, Setup Time: 15.00
Processing Time: 49.00, Idle Time: 0.00
Completed Jobs: 3/20
Machine: M3, Material: Citybike_Fahrrad_endmontiert

REWARD COMPONENTS:
- makespan_reward: -0.3200
- setup_reward: -3.7500
- deadline_reward: 0.0000
- priority_reward: 0.0000
- critical_job_reward: 0.0000
- placement_reward: 0.0000
- timeliness_reward: 4.4278
- machine_idle_penalty: -5.4750

TOTAL REWARD: -5.1172

CUMULATIVE REWARD COMPONENTS:
- makespan_reward: -12.9750
- setup_reward: -285.0000
- deadline_reward: 60.0000
- priority_reward: 88.0000
- critical_job_reward: 41.9613
- placement_reward: -23.3333
- timeliness_reward: 445.6296
- machine_idle_penalty: -174.3875

CUMULATIVE TOTAL: 139.8951

CRITICAL STATE INFO:
- Valid actions: ['J1', 'J2', 'J3', 'J4', 'J5', 'J6', 'J7', 'J8', 'J10', 'J11', 'J12', 'J13', 'J14', 'J15', 'J16', 'J17', 'J20']
- Machine states:
  - Machine M1: Time=2294.00, Idle=301.00, Material=Citybike_Hauptrahmen_zugeschnitten
  - Machine M2: Time=2458.00, Idle=137.00, Material=Citybike_Rahmen_nachbearbeitet
  - Machine M3: Time=2595.00, Idle=0.00, Material=Citybike_Fahrrad_endmontiert
==================================================

2025-05-22 15:30:28,436 - JSPGymEnvironment - INFO - Material change on machine M2: Citybike_Rahmen_nachbearbeitet -> Citybike_Fahrrad_endmontiert, setup time: 20
2025-05-22 15:30:28,436 - JSPGymEnvironment - INFO - Executed operation: Job J8, Op 5, Machine M2, Start: 2615, End: 2645, Setup: 20
2025-05-22 15:30:28,437 - JSPGymEnvironment - INFO - Job J8 completed at time 2645, deadline: 2762, met: True, priority: 5
2025-05-22 15:30:28,437 - JSPGymEnvironment - INFO - 
===== REWARD DETAILS FOR STEP 54 =====
Job: J8, Operation: 5, Job Completed: True
Current Time: 2595.00 -> 2645.00, Setup Time: 20.00
Processing Time: 30.00, Idle Time: 0.00
Completed Jobs: 4/20
Machine: M2, Material: Citybike_Fahrrad_endmontiert
Job Deadline: 2762.00 (Met), Priority: 5

REWARD COMPONENTS:
- makespan_reward: -0.2500
- setup_reward: -5.0000
- deadline_reward: 20.0000
- priority_reward: 20.0000
- critical_job_reward: 0.0000
- placement_reward: 0.0000
- timeliness_reward: 4.0747
- machine_idle_penalty: -5.0125

TOTAL REWARD: 33.8122

CUMULATIVE REWARD COMPONENTS:
- makespan_reward: -13.2250
- setup_reward: -290.0000
- deadline_reward: 80.0000
- priority_reward: 108.0000
- critical_job_reward: 41.9613
- placement_reward: -23.3333
- timeliness_reward: 449.7043
- machine_idle_penalty: -179.4000

CUMULATIVE TOTAL: 173.7073

CRITICAL STATE INFO:
- Valid actions: ['J1', 'J2', 'J3', 'J4', 'J5', 'J6', 'J7', 'J10', 'J11', 'J12', 'J13', 'J14', 'J15', 'J16', 'J17', 'J20']
- Machine states:
  - Machine M1: Time=2294.00, Idle=351.00, Material=Citybike_Hauptrahmen_zugeschnitten
  - Machine M2: Time=2645.00, Idle=0.00, Material=Citybike_Fahrrad_endmontiert
  - Machine M3: Time=2595.00, Idle=50.00, Material=Citybike_Fahrrad_endmontiert
==================================================

2025-05-22 15:30:28,437 - JSPGymEnvironment - INFO - Retro-Bonus für Job J8: +10.0
2025-05-22 15:30:28,486 - JSPGymEnvironment - INFO - Material change on machine M2: Citybike_Fahrrad_endmontiert -> Citybike_Rahmen_nachbearbeitet, setup time: 20
2025-05-22 15:30:28,486 - JSPGymEnvironment - INFO - Executed operation: Job J14, Op 5, Machine M2, Start: 2665, End: 2695, Setup: 20
2025-05-22 15:30:28,486 - JSPGymEnvironment - INFO - 
===== REWARD DETAILS FOR STEP 55 =====
Job: J14, Operation: 5, Job Completed: False
Current Time: 2645.00 -> 2695.00, Setup Time: 20.00
Processing Time: 30.00, Idle Time: 0.00
Completed Jobs: 4/20
Machine: M2, Material: Citybike_Rahmen_nachbearbeitet

REWARD COMPONENTS:
- makespan_reward: -0.2500
- setup_reward: -5.0000
- deadline_reward: 0.0000
- priority_reward: 0.0000
- critical_job_reward: 0.0000
- placement_reward: 0.0000
- timeliness_reward: 3.6432
- machine_idle_penalty: -6.2625

TOTAL REWARD: -7.8693

CUMULATIVE REWARD COMPONENTS:
- makespan_reward: -13.4750
- setup_reward: -295.0000
- deadline_reward: 80.0000
- priority_reward: 108.0000
- critical_job_reward: 41.9613
- placement_reward: -23.3333
- timeliness_reward: 453.3475
- machine_idle_penalty: -185.6625

CUMULATIVE TOTAL: 165.8380

CRITICAL STATE INFO:
- Valid actions: ['J1', 'J2', 'J3', 'J4', 'J5', 'J6', 'J7', 'J10', 'J11', 'J12', 'J13', 'J14', 'J15', 'J16', 'J17', 'J20']
- Machine states:
  - Machine M1: Time=2294.00, Idle=401.00, Material=Citybike_Hauptrahmen_zugeschnitten
  - Machine M2: Time=2695.00, Idle=0.00, Material=Citybike_Rahmen_nachbearbeitet
  - Machine M3: Time=2595.00, Idle=100.00, Material=Citybike_Fahrrad_endmontiert
==================================================

2025-05-22 15:30:28,530 - JSPGymEnvironment - INFO - Material change on machine M2: Citybike_Rahmen_nachbearbeitet -> Racebike_Rahmen_nachbearbeitet, setup time: 20
2025-05-22 15:30:28,530 - JSPGymEnvironment - INFO - Executed operation: Job J4, Op 5, Machine M2, Start: 2715, End: 2739, Setup: 20
2025-05-22 15:30:28,531 - JSPGymEnvironment - INFO - 
===== REWARD DETAILS FOR STEP 56 =====
Job: J4, Operation: 5, Job Completed: False
Current Time: 2695.00 -> 2739.00, Setup Time: 20.00
Processing Time: 24.00, Idle Time: 0.00
Completed Jobs: 4/20
Machine: M2, Material: Racebike_Rahmen_nachbearbeitet

REWARD COMPONENTS:
- makespan_reward: -0.2200
- setup_reward: -5.0000
- deadline_reward: 0.0000
- priority_reward: 0.0000
- critical_job_reward: 0.0000
- placement_reward: 0.0000
- timeliness_reward: 3.3500
- machine_idle_penalty: -7.3625

TOTAL REWARD: -9.2325

CUMULATIVE REWARD COMPONENTS:
- makespan_reward: -13.6950
- setup_reward: -300.0000
- deadline_reward: 80.0000
- priority_reward: 108.0000
- critical_job_reward: 41.9613
- placement_reward: -23.3333
- timeliness_reward: 456.6975
- machine_idle_penalty: -193.0250

CUMULATIVE TOTAL: 156.6055

CRITICAL STATE INFO:
- Valid actions: ['J1', 'J2', 'J3', 'J4', 'J5', 'J6', 'J7', 'J10', 'J11', 'J12', 'J13', 'J14', 'J15', 'J16', 'J17', 'J20']
- Machine states:
  - Machine M1: Time=2294.00, Idle=445.00, Material=Citybike_Hauptrahmen_zugeschnitten
  - Machine M2: Time=2739.00, Idle=0.00, Material=Racebike_Rahmen_nachbearbeitet
  - Machine M3: Time=2595.00, Idle=144.00, Material=Citybike_Fahrrad_endmontiert
==================================================

2025-05-22 15:30:28,601 - JSPGymEnvironment - INFO - Material change on machine M3: Citybike_Fahrrad_endmontiert -> Mountainbike_Antrieb_installiert, setup time: 15
2025-05-22 15:30:28,601 - JSPGymEnvironment - INFO - Executed operation: Job J12, Op 2, Machine M3, Start: 2754, End: 2799, Setup: 15
2025-05-22 15:30:28,602 - JSPGymEnvironment - INFO - 
===== REWARD DETAILS FOR STEP 57 =====
Job: J12, Operation: 2, Job Completed: False
Current Time: 2739.00 -> 2799.00, Setup Time: 15.00
Processing Time: 45.00, Idle Time: 0.00
Completed Jobs: 4/20
Machine: M3, Material: Mountainbike_Antrieb_installiert

REWARD COMPONENTS:
- makespan_reward: -0.3000
- setup_reward: -3.7500
- deadline_reward: 0.0000
- priority_reward: 0.0000
- critical_job_reward: 0.0000
- placement_reward: 0.0000
- timeliness_reward: 2.8304
- machine_idle_penalty: -7.0625

TOTAL REWARD: -8.2821

CUMULATIVE REWARD COMPONENTS:
- makespan_reward: -13.9950
- setup_reward: -303.7500
- deadline_reward: 80.0000
- priority_reward: 108.0000
- critical_job_reward: 41.9613
- placement_reward: -23.3333
- timeliness_reward: 459.5280
- machine_idle_penalty: -200.0875

CUMULATIVE TOTAL: 148.3234

CRITICAL STATE INFO:
- Valid actions: ['J1', 'J2', 'J3', 'J4', 'J5', 'J6', 'J7', 'J10', 'J11', 'J12', 'J13', 'J14', 'J15', 'J16', 'J17', 'J20']
- Machine states:
  - Machine M1: Time=2294.00, Idle=505.00, Material=Citybike_Hauptrahmen_zugeschnitten
  - Machine M2: Time=2739.00, Idle=60.00, Material=Racebike_Rahmen_nachbearbeitet
  - Machine M3: Time=2799.00, Idle=0.00, Material=Mountainbike_Antrieb_installiert
==================================================

2025-05-22 15:30:28,654 - JSPGymEnvironment - INFO - Material change on machine M2: Racebike_Rahmen_nachbearbeitet -> Racebike_Fahrrad_endmontiert, setup time: 20
2025-05-22 15:30:28,654 - JSPGymEnvironment - INFO - Executed operation: Job J1, Op 5, Machine M2, Start: 2819, End: 2831, Setup: 20
2025-05-22 15:30:28,654 - JSPGymEnvironment - INFO - Job J1 completed at time 2831, deadline: 2790, met: False, priority: 7
2025-05-22 15:30:28,655 - JSPGymEnvironment - INFO - 
===== REWARD DETAILS FOR STEP 58 =====
Job: J1, Operation: 5, Job Completed: True
Current Time: 2799.00 -> 2831.00, Setup Time: 20.00
Processing Time: 12.00, Idle Time: 0.00
Completed Jobs: 5/20
Machine: M2, Material: Racebike_Fahrrad_endmontiert
Job Deadline: 2790.00 (Missed), Priority: 7

REWARD COMPONENTS:
- makespan_reward: -0.1600
- setup_reward: -5.0000
- deadline_reward: -0.0367
- priority_reward: 28.0000
- critical_job_reward: 0.0000
- placement_reward: 0.0000
- timeliness_reward: 2.6261
- machine_idle_penalty: -7.1125

TOTAL REWARD: 18.3168

CUMULATIVE REWARD COMPONENTS:
- makespan_reward: -14.1550
- setup_reward: -308.7500
- deadline_reward: 79.9633
- priority_reward: 136.0000
- critical_job_reward: 41.9613
- placement_reward: -23.3333
- timeliness_reward: 462.1540
- machine_idle_penalty: -207.2000

CUMULATIVE TOTAL: 166.6403

CRITICAL STATE INFO:
- Valid actions: ['J2', 'J3', 'J4', 'J5', 'J6', 'J7', 'J10', 'J11', 'J12', 'J13', 'J14', 'J15', 'J16', 'J17', 'J20']
- Machine states:
  - Machine M1: Time=2294.00, Idle=537.00, Material=Citybike_Hauptrahmen_zugeschnitten
  - Machine M2: Time=2831.00, Idle=0.00, Material=Racebike_Fahrrad_endmontiert
  - Machine M3: Time=2799.00, Idle=32.00, Material=Mountainbike_Antrieb_installiert
==================================================

2025-05-22 15:30:28,655 - JSPGymEnvironment - INFO - Retro-Bonus für Job J1: -10.0
2025-05-22 15:30:28,692 - JSPGymEnvironment - INFO - Material change on machine M1: Citybike_Hauptrahmen_zugeschnitten -> Racebike_Hauptrahmen_zugeschnitten, setup time: 40
2025-05-22 15:30:28,693 - JSPGymEnvironment - INFO - Executed operation: Job J15, Op 0, Machine M1, Start: 2871, End: 2894, Setup: 40
2025-05-22 15:30:28,693 - JSPGymEnvironment - INFO - 
===== REWARD DETAILS FOR STEP 59 =====
Job: J15, Operation: 0, Job Completed: False
Current Time: 2831.00 -> 2894.00, Setup Time: 40.00
Processing Time: 23.00, Idle Time: 0.00
Completed Jobs: 5/20
Machine: M1, Material: Racebike_Hauptrahmen_zugeschnitten

REWARD COMPONENTS:
- makespan_reward: -0.3150
- setup_reward: -10.0000
- deadline_reward: 0.0000
- priority_reward: 0.0000
- critical_job_reward: 0.5000
- placement_reward: -2.5000
- timeliness_reward: 2.0972
- machine_idle_penalty: -1.9750

TOTAL REWARD: -12.1928

CUMULATIVE REWARD COMPONENTS:
- makespan_reward: -14.4700
- setup_reward: -318.7500
- deadline_reward: 79.9633
- priority_reward: 136.0000
- critical_job_reward: 42.4613
- placement_reward: -25.8333
- timeliness_reward: 464.2513
- machine_idle_penalty: -209.1750

CUMULATIVE TOTAL: 154.4475

CRITICAL STATE INFO:
- Valid actions: ['J2', 'J3', 'J4', 'J5', 'J6', 'J7', 'J10', 'J11', 'J12', 'J13', 'J14', 'J15', 'J16', 'J17', 'J20']
- Machine states:
  - Machine M1: Time=2894.00, Idle=0.00, Material=Racebike_Hauptrahmen_zugeschnitten
  - Machine M2: Time=2831.00, Idle=63.00, Material=Racebike_Fahrrad_endmontiert
  - Machine M3: Time=2799.00, Idle=95.00, Material=Mountainbike_Antrieb_installiert
==================================================

