2025-05-15 15:19:42,850 - JSPGymEnvironment - INFO - Environment reset
2025-05-15 15:19:42,944 - JSPGymEnvironment - INFO - Environment reset
2025-05-15 15:19:43,007 - JSPGymEnvironment - INFO - Material change on machine M3:  -> Racebike_Hauptrahmen_zugeschnitten, setup time: 0
2025-05-15 15:19:43,007 - JSPGymEnvironment - INFO - Executed operation: Job J1, Op 0, Machine M3, Start: 0, End: 27, Setup: 0
2025-05-15 15:19:43,064 - JSPGymEnvironment - INFO - Executed operation: Job J3, Op 0, Machine M3, Start: 37, End: 61, Setup: 10
2025-05-15 15:19:43,065 - JSPGymEnvironment - INFO - 
===== REWARD DETAILS FOR STEP 2 =====
Job: J3, Operation: 0, Job Completed: False
Current Time: 27.00 -> 61.00, Setup Time: 10.00
Processing Time: 24.00, Idle Time: 0.00
Completed Jobs: 0/20
Machine: M3, Material: Racebike_Hauptrahmen_zugeschnitten

REWARD COMPONENTS:
- makespan_reward: -0.1700
- setup_reward: -2.5000
- deadline_reward: 0.0000
- priority_reward: 0.0000
- critical_job_reward: 0.5000
- placement_reward: 0.0000
- lookahead_reward: 0.0000
- timeliness_reward: 9.1804
- machine_idle_penalty: -1.6250
- credit_assignment_penalty: 0.0000

TOTAL REWARD: 5.3854

CUMULATIVE REWARD COMPONENTS:
- makespan_reward: -0.1700
- setup_reward: -2.5000
- deadline_reward: 0.0000
- priority_reward: 0.0000
- critical_job_reward: 0.5000
- placement_reward: 0.0000
- lookahead_reward: 0.0000
- timeliness_reward: 9.1804
- machine_idle_penalty: -1.6250
- credit_assignment_penalty: 0.0000

CUMULATIVE TOTAL: 5.3854

CRITICAL STATE INFO:
- Valid actions: ['J1', 'J2', 'J3', 'J4', 'J5', 'J6', 'J7', 'J8', 'J9', 'J10', 'J11', 'J12', 'J13', 'J14', 'J15', 'J16', 'J17', 'J18', 'J19', 'J20']
- Machine states:
  - Machine M1: Time=0.00, Idle=61.00, Material=None
  - Machine M2: Time=0.00, Idle=61.00, Material=None
  - Machine M3: Time=61.00, Idle=0.00, Material=Racebike_Hauptrahmen_zugeschnitten
==================================================

2025-05-15 15:19:43,126 - JSPGymEnvironment - INFO - Material change on machine M1:  -> Racebike_Laufraeder_montiert, setup time: 0
2025-05-15 15:19:43,127 - JSPGymEnvironment - INFO - Executed operation: Job J3, Op 1, Machine M1, Start: 61, End: 88, Setup: 0
2025-05-15 15:19:43,127 - JSPGymEnvironment - INFO - 
===== REWARD DETAILS FOR STEP 3 =====
Job: J3, Operation: 1, Job Completed: False
Current Time: 61.00 -> 88.00, Setup Time: 0.00
Processing Time: 27.00, Idle Time: 0.00
Completed Jobs: 0/20
Machine: M1, Material: Racebike_Laufraeder_montiert

REWARD COMPONENTS:
- makespan_reward: -0.1350
- setup_reward: 0.0000
- deadline_reward: 0.0000
- priority_reward: 0.0000
- critical_job_reward: 0.5000
- placement_reward: 0.0000
- lookahead_reward: 0.0000
- timeliness_reward: 9.1890
- machine_idle_penalty: -1.4875
- credit_assignment_penalty: 0.0000

TOTAL REWARD: 8.0665

CUMULATIVE REWARD COMPONENTS:
- makespan_reward: -0.3050
- setup_reward: -2.5000
- deadline_reward: 0.0000
- priority_reward: 0.0000
- critical_job_reward: 1.0000
- placement_reward: 0.0000
- lookahead_reward: 0.0000
- timeliness_reward: 18.3693
- machine_idle_penalty: -3.1125
- credit_assignment_penalty: 0.0000

CUMULATIVE TOTAL: 13.4518

CRITICAL STATE INFO:
- Valid actions: ['J1', 'J2', 'J3', 'J4', 'J5', 'J6', 'J7', 'J8', 'J9', 'J10', 'J11', 'J12', 'J13', 'J14', 'J15', 'J16', 'J17', 'J18', 'J19', 'J20']
- Machine states:
  - Machine M1: Time=88.00, Idle=0.00, Material=Racebike_Laufraeder_montiert
  - Machine M2: Time=0.00, Idle=88.00, Material=None
  - Machine M3: Time=61.00, Idle=27.00, Material=Racebike_Hauptrahmen_zugeschnitten
==================================================

2025-05-15 15:19:43,350 - JSPGymEnvironment - INFO - Material change on machine M2:  -> Racebike_Steuerrohr_ausgerieben, setup time: 0
2025-05-15 15:19:43,350 - JSPGymEnvironment - INFO - Executed operation: Job J3, Op 2, Machine M2, Start: 88, End: 106, Setup: 0
2025-05-15 15:19:43,351 - JSPGymEnvironment - INFO - 
===== REWARD DETAILS FOR STEP 4 =====
Job: J3, Operation: 2, Job Completed: False
Current Time: 88.00 -> 106.00, Setup Time: 0.00
Processing Time: 18.00, Idle Time: 0.00
Completed Jobs: 0/20
Machine: M2, Material: Racebike_Steuerrohr_ausgerieben

REWARD COMPONENTS:
- makespan_reward: -0.0900
- setup_reward: 0.0000
- deadline_reward: 0.0000
- priority_reward: 0.0000
- critical_job_reward: 0.5000
- placement_reward: 0.0000
- lookahead_reward: 0.0000
- timeliness_reward: 9.1946
- machine_idle_penalty: -0.8375
- credit_assignment_penalty: 0.0000

TOTAL REWARD: 8.7671

CUMULATIVE REWARD COMPONENTS:
- makespan_reward: -0.3950
- setup_reward: -2.5000
- deadline_reward: 0.0000
- priority_reward: 0.0000
- critical_job_reward: 1.5000
- placement_reward: 0.0000
- lookahead_reward: 0.0000
- timeliness_reward: 27.5639
- machine_idle_penalty: -3.9500
- credit_assignment_penalty: 0.0000

CUMULATIVE TOTAL: 22.2189

CRITICAL STATE INFO:
- Valid actions: ['J1', 'J2', 'J3', 'J4', 'J5', 'J6', 'J7', 'J8', 'J9', 'J10', 'J11', 'J12', 'J13', 'J14', 'J15', 'J16', 'J17', 'J18', 'J19', 'J20']
- Machine states:
  - Machine M1: Time=88.00, Idle=18.00, Material=Racebike_Laufraeder_montiert
  - Machine M2: Time=106.00, Idle=0.00, Material=Racebike_Steuerrohr_ausgerieben
  - Machine M3: Time=61.00, Idle=45.00, Material=Racebike_Hauptrahmen_zugeschnitten
==================================================

2025-05-15 15:19:43,403 - JSPGymEnvironment - INFO - Material change on machine M3: Racebike_Hauptrahmen_zugeschnitten -> Citybike_Hauptrahmen_zugeschnitten, setup time: 15
2025-05-15 15:19:43,403 - JSPGymEnvironment - INFO - Executed operation: Job J2, Op 0, Machine M3, Start: 121, End: 142, Setup: 15
2025-05-15 15:19:43,403 - JSPGymEnvironment - INFO - 
===== REWARD DETAILS FOR STEP 5 =====
Job: J2, Operation: 0, Job Completed: False
Current Time: 106.00 -> 142.00, Setup Time: 15.00
Processing Time: 21.00, Idle Time: 0.00
Completed Jobs: 0/20
Machine: M3, Material: Citybike_Hauptrahmen_zugeschnitten

REWARD COMPONENTS:
- makespan_reward: -0.1800
- setup_reward: -3.7500
- deadline_reward: 0.0000
- priority_reward: 0.0000
- critical_job_reward: 0.0000
- placement_reward: 0.0000
- lookahead_reward: 0.0000
- timeliness_reward: 9.2066
- machine_idle_penalty: -1.1250
- credit_assignment_penalty: 0.0000

TOTAL REWARD: 4.1516

CUMULATIVE REWARD COMPONENTS:
- makespan_reward: -0.5750
- setup_reward: -6.2500
- deadline_reward: 0.0000
- priority_reward: 0.0000
- critical_job_reward: 1.5000
- placement_reward: 0.0000
- lookahead_reward: 0.0000
- timeliness_reward: 36.7705
- machine_idle_penalty: -5.0750
- credit_assignment_penalty: 0.0000

CUMULATIVE TOTAL: 26.3705

CRITICAL STATE INFO:
- Valid actions: ['J1', 'J2', 'J3', 'J4', 'J5', 'J6', 'J7', 'J8', 'J9', 'J10', 'J11', 'J12', 'J13', 'J14', 'J15', 'J16', 'J17', 'J18', 'J19', 'J20']
- Machine states:
  - Machine M1: Time=88.00, Idle=54.00, Material=Racebike_Laufraeder_montiert
  - Machine M2: Time=106.00, Idle=36.00, Material=Racebike_Steuerrohr_ausgerieben
  - Machine M3: Time=142.00, Idle=0.00, Material=Citybike_Hauptrahmen_zugeschnitten
==================================================

2025-05-15 15:19:43,454 - JSPGymEnvironment - INFO - Material change on machine M1: Racebike_Laufraeder_montiert -> E-Bike_Hauptrahmen_zugeschnitten, setup time: 40
2025-05-15 15:19:43,454 - JSPGymEnvironment - INFO - Executed operation: Job J11, Op 0, Machine M1, Start: 182, End: 204, Setup: 40
2025-05-15 15:19:43,454 - JSPGymEnvironment - INFO - 
===== REWARD DETAILS FOR STEP 6 =====
Job: J11, Operation: 0, Job Completed: False
Current Time: 142.00 -> 204.00, Setup Time: 40.00
Processing Time: 22.00, Idle Time: 0.00
Completed Jobs: 0/20
Machine: M1, Material: E-Bike_Hauptrahmen_zugeschnitten

REWARD COMPONENTS:
- makespan_reward: -0.3100
- setup_reward: -10.0000
- deadline_reward: 0.0000
- priority_reward: 0.0000
- critical_job_reward: 0.5000
- placement_reward: 0.0000
- lookahead_reward: 0.0000
- timeliness_reward: 9.2240
- machine_idle_penalty: -2.0500
- credit_assignment_penalty: 0.0000

TOTAL REWARD: -2.6360

CUMULATIVE REWARD COMPONENTS:
- makespan_reward: -0.8850
- setup_reward: -16.2500
- deadline_reward: 0.0000
- priority_reward: 0.0000
- critical_job_reward: 2.0000
- placement_reward: 0.0000
- lookahead_reward: 0.0000
- timeliness_reward: 45.9945
- machine_idle_penalty: -7.1250
- credit_assignment_penalty: 0.0000

CUMULATIVE TOTAL: 23.7345

CRITICAL STATE INFO:
- Valid actions: ['J1', 'J2', 'J3', 'J4', 'J5', 'J6', 'J7', 'J8', 'J9', 'J10', 'J11', 'J12', 'J13', 'J14', 'J15', 'J16', 'J17', 'J18', 'J19', 'J20']
- Machine states:
  - Machine M1: Time=204.00, Idle=0.00, Material=E-Bike_Hauptrahmen_zugeschnitten
  - Machine M2: Time=106.00, Idle=98.00, Material=Racebike_Steuerrohr_ausgerieben
  - Machine M3: Time=142.00, Idle=62.00, Material=Citybike_Hauptrahmen_zugeschnitten
==================================================

2025-05-15 15:19:43,503 - JSPGymEnvironment - INFO - Material change on machine M2: Racebike_Steuerrohr_ausgerieben -> Citybike_Laufraeder_montiert, setup time: 20
2025-05-15 15:19:43,503 - JSPGymEnvironment - INFO - Executed operation: Job J2, Op 1, Machine M2, Start: 224, End: 249, Setup: 20
2025-05-15 15:19:43,503 - JSPGymEnvironment - INFO - 
===== REWARD DETAILS FOR STEP 7 =====
Job: J2, Operation: 1, Job Completed: False
Current Time: 204.00 -> 249.00, Setup Time: 20.00
Processing Time: 25.00, Idle Time: 0.00
Completed Jobs: 0/20
Machine: M2, Material: Citybike_Laufraeder_montiert

REWARD COMPONENTS:
- makespan_reward: -0.2250
- setup_reward: -5.0000
- deadline_reward: 0.0000
- priority_reward: 0.0000
- critical_job_reward: 0.0000
- placement_reward: 0.0000
- lookahead_reward: 0.0000
- timeliness_reward: 9.2382
- machine_idle_penalty: -1.9500
- credit_assignment_penalty: 0.0000

TOTAL REWARD: 2.0632

CUMULATIVE REWARD COMPONENTS:
- makespan_reward: -1.1100
- setup_reward: -21.2500
- deadline_reward: 0.0000
- priority_reward: 0.0000
- critical_job_reward: 2.0000
- placement_reward: 0.0000
- lookahead_reward: 0.0000
- timeliness_reward: 55.2327
- machine_idle_penalty: -9.0750
- credit_assignment_penalty: 0.0000

CUMULATIVE TOTAL: 25.7977

CRITICAL STATE INFO:
- Valid actions: ['J1', 'J2', 'J3', 'J4', 'J5', 'J6', 'J7', 'J8', 'J9', 'J10', 'J11', 'J12', 'J13', 'J14', 'J15', 'J16', 'J17', 'J18', 'J19', 'J20']
- Machine states:
  - Machine M1: Time=204.00, Idle=45.00, Material=E-Bike_Hauptrahmen_zugeschnitten
  - Machine M2: Time=249.00, Idle=0.00, Material=Citybike_Laufraeder_montiert
  - Machine M3: Time=142.00, Idle=107.00, Material=Citybike_Hauptrahmen_zugeschnitten
==================================================

2025-05-15 15:19:43,548 - JSPGymEnvironment - INFO - Material change on machine M3: Citybike_Hauptrahmen_zugeschnitten -> E-Bike_Laufraeder_montiert, setup time: 15
2025-05-15 15:19:43,548 - JSPGymEnvironment - INFO - Executed operation: Job J11, Op 1, Machine M3, Start: 264, End: 297, Setup: 15
2025-05-15 15:19:43,549 - JSPGymEnvironment - INFO - 
===== REWARD DETAILS FOR STEP 8 =====
Job: J11, Operation: 1, Job Completed: False
Current Time: 249.00 -> 297.00, Setup Time: 15.00
Processing Time: 33.00, Idle Time: 0.00
Completed Jobs: 0/20
Machine: M3, Material: E-Bike_Laufraeder_montiert

REWARD COMPONENTS:
- makespan_reward: -0.2400
- setup_reward: -3.7500
- deadline_reward: 0.0000
- priority_reward: 0.0000
- critical_job_reward: 0.5000
- placement_reward: 0.0000
- lookahead_reward: 0.0000
- timeliness_reward: 9.2494
- machine_idle_penalty: -1.7625
- credit_assignment_penalty: 0.0000

TOTAL REWARD: 3.9969

CUMULATIVE REWARD COMPONENTS:
- makespan_reward: -1.3500
- setup_reward: -25.0000
- deadline_reward: 0.0000
- priority_reward: 0.0000
- critical_job_reward: 2.5000
- placement_reward: 0.0000
- lookahead_reward: 0.0000
- timeliness_reward: 64.4821
- machine_idle_penalty: -10.8375
- credit_assignment_penalty: 0.0000

CUMULATIVE TOTAL: 29.7946

CRITICAL STATE INFO:
- Valid actions: ['J1', 'J2', 'J3', 'J4', 'J5', 'J6', 'J7', 'J8', 'J9', 'J10', 'J11', 'J12', 'J13', 'J14', 'J15', 'J16', 'J17', 'J18', 'J19', 'J20']
- Machine states:
  - Machine M1: Time=204.00, Idle=93.00, Material=E-Bike_Hauptrahmen_zugeschnitten
  - Machine M2: Time=249.00, Idle=48.00, Material=Citybike_Laufraeder_montiert
  - Machine M3: Time=297.00, Idle=0.00, Material=E-Bike_Laufraeder_montiert
==================================================

2025-05-15 15:19:43,593 - JSPGymEnvironment - INFO - Material change on machine M2: Citybike_Laufraeder_montiert -> Racebike_Schaltauge_bearbeitet, setup time: 20
2025-05-15 15:19:43,593 - JSPGymEnvironment - INFO - Executed operation: Job J1, Op 1, Machine M2, Start: 317, End: 338, Setup: 20
2025-05-15 15:19:43,593 - JSPGymEnvironment - INFO - 
===== REWARD DETAILS FOR STEP 9 =====
Job: J1, Operation: 1, Job Completed: False
Current Time: 297.00 -> 338.00, Setup Time: 20.00
Processing Time: 21.00, Idle Time: 0.00
Completed Jobs: 0/20
Machine: M2, Material: Racebike_Schaltauge_bearbeitet

REWARD COMPONENTS:
- makespan_reward: -0.2050
- setup_reward: -5.0000
- deadline_reward: 0.0000
- priority_reward: 0.0000
- critical_job_reward: 0.5000
- placement_reward: 0.0000
- lookahead_reward: 0.0000
- timeliness_reward: 9.2956
- machine_idle_penalty: -2.1875
- credit_assignment_penalty: 0.0000

TOTAL REWARD: 2.4031

CUMULATIVE REWARD COMPONENTS:
- makespan_reward: -1.5550
- setup_reward: -30.0000
- deadline_reward: 0.0000
- priority_reward: 0.0000
- critical_job_reward: 3.0000
- placement_reward: 0.0000
- lookahead_reward: 0.0000
- timeliness_reward: 73.7778
- machine_idle_penalty: -13.0250
- credit_assignment_penalty: 0.0000

CUMULATIVE TOTAL: 32.1978

CRITICAL STATE INFO:
- Valid actions: ['J1', 'J2', 'J3', 'J4', 'J5', 'J6', 'J7', 'J8', 'J9', 'J10', 'J11', 'J12', 'J13', 'J14', 'J15', 'J16', 'J17', 'J18', 'J19', 'J20']
- Machine states:
  - Machine M1: Time=204.00, Idle=134.00, Material=E-Bike_Hauptrahmen_zugeschnitten
  - Machine M2: Time=338.00, Idle=0.00, Material=Racebike_Schaltauge_bearbeitet
  - Machine M3: Time=297.00, Idle=41.00, Material=E-Bike_Laufraeder_montiert
==================================================

2025-05-15 15:19:43,804 - JSPGymEnvironment - INFO - Material change on machine M3: E-Bike_Laufraeder_montiert -> Citybike_Rahmen_lackiert, setup time: 15
2025-05-15 15:19:43,804 - JSPGymEnvironment - INFO - Executed operation: Job J4, Op 0, Machine M3, Start: 353, End: 380, Setup: 15
2025-05-15 15:19:43,805 - JSPGymEnvironment - INFO - 
===== REWARD DETAILS FOR STEP 10 =====
Job: J4, Operation: 0, Job Completed: False
Current Time: 338.00 -> 380.00, Setup Time: 15.00
Processing Time: 27.00, Idle Time: 0.00
Completed Jobs: 0/20
Machine: M3, Material: Citybike_Rahmen_lackiert

REWARD COMPONENTS:
- makespan_reward: -0.2100
- setup_reward: -3.7500
- deadline_reward: 0.0000
- priority_reward: 0.0000
- critical_job_reward: 0.0000
- placement_reward: 0.0000
- lookahead_reward: 0.0000
- timeliness_reward: 9.2719
- machine_idle_penalty: -2.7750
- credit_assignment_penalty: 0.0000

TOTAL REWARD: 2.5369

CUMULATIVE REWARD COMPONENTS:
- makespan_reward: -1.7650
- setup_reward: -33.7500
- deadline_reward: 0.0000
- priority_reward: 0.0000
- critical_job_reward: 3.0000
- placement_reward: 0.0000
- lookahead_reward: 0.0000
- timeliness_reward: 83.0497
- machine_idle_penalty: -15.8000
- credit_assignment_penalty: 0.0000

CUMULATIVE TOTAL: 34.7347

CRITICAL STATE INFO:
- Valid actions: ['J1', 'J2', 'J3', 'J4', 'J5', 'J6', 'J7', 'J8', 'J9', 'J10', 'J11', 'J12', 'J13', 'J14', 'J15', 'J16', 'J17', 'J18', 'J19', 'J20']
- Machine states:
  - Machine M1: Time=204.00, Idle=176.00, Material=E-Bike_Hauptrahmen_zugeschnitten
  - Machine M2: Time=338.00, Idle=42.00, Material=Racebike_Schaltauge_bearbeitet
  - Machine M3: Time=380.00, Idle=0.00, Material=Citybike_Rahmen_lackiert
==================================================

2025-05-15 15:19:43,854 - JSPGymEnvironment - INFO - Material change on machine M1: E-Bike_Hauptrahmen_zugeschnitten -> Racebike_Antrieb_installiert, setup time: 40
2025-05-15 15:19:43,854 - JSPGymEnvironment - INFO - Executed operation: Job J1, Op 2, Machine M1, Start: 420, End: 444, Setup: 40
2025-05-15 15:19:43,854 - JSPGymEnvironment - INFO - 
===== REWARD DETAILS FOR STEP 11 =====
Job: J1, Operation: 2, Job Completed: False
Current Time: 380.00 -> 444.00, Setup Time: 40.00
Processing Time: 24.00, Idle Time: 0.00
Completed Jobs: 0/20
Machine: M1, Material: Racebike_Antrieb_installiert

REWARD COMPONENTS:
- makespan_reward: -0.3200
- setup_reward: -10.0000
- deadline_reward: 0.0000
- priority_reward: 0.0000
- critical_job_reward: 0.5000
- placement_reward: 0.0000
- lookahead_reward: 0.0000
- timeliness_reward: 9.3306
- machine_idle_penalty: -2.1250
- credit_assignment_penalty: 0.0000

TOTAL REWARD: -2.6144

CUMULATIVE REWARD COMPONENTS:
- makespan_reward: -2.0850
- setup_reward: -43.7500
- deadline_reward: 0.0000
- priority_reward: 0.0000
- critical_job_reward: 3.5000
- placement_reward: 0.0000
- lookahead_reward: 0.0000
- timeliness_reward: 92.3803
- machine_idle_penalty: -17.9250
- credit_assignment_penalty: 0.0000

CUMULATIVE TOTAL: 32.1203

CRITICAL STATE INFO:
- Valid actions: ['J1', 'J2', 'J3', 'J4', 'J5', 'J6', 'J7', 'J8', 'J9', 'J10', 'J11', 'J12', 'J13', 'J14', 'J15', 'J16', 'J17', 'J18', 'J19', 'J20']
- Machine states:
  - Machine M1: Time=444.00, Idle=0.00, Material=Racebike_Antrieb_installiert
  - Machine M2: Time=338.00, Idle=106.00, Material=Racebike_Schaltauge_bearbeitet
  - Machine M3: Time=380.00, Idle=64.00, Material=Citybike_Rahmen_lackiert
==================================================

2025-05-15 15:19:43,909 - JSPGymEnvironment - INFO - Material change on machine M2: Racebike_Schaltauge_bearbeitet -> Racebike_Bremsaufnahme_gebohrt, setup time: 20
2025-05-15 15:19:43,909 - JSPGymEnvironment - INFO - Executed operation: Job J1, Op 3, Machine M2, Start: 464, End: 479, Setup: 20
2025-05-15 15:19:43,910 - JSPGymEnvironment - INFO - 
===== REWARD DETAILS FOR STEP 12 =====
Job: J1, Operation: 3, Job Completed: False
Current Time: 444.00 -> 479.00, Setup Time: 20.00
Processing Time: 15.00, Idle Time: 0.00
Completed Jobs: 0/20
Machine: M2, Material: Racebike_Bremsaufnahme_gebohrt

REWARD COMPONENTS:
- makespan_reward: -0.1750
- setup_reward: -5.0000
- deadline_reward: 0.0000
- priority_reward: 0.0000
- critical_job_reward: 0.5000
- placement_reward: 0.0000
- lookahead_reward: 0.0000
- timeliness_reward: 9.3411
- machine_idle_penalty: -1.6750
- credit_assignment_penalty: 0.0000

TOTAL REWARD: 2.9911

CUMULATIVE REWARD COMPONENTS:
- makespan_reward: -2.2600
- setup_reward: -48.7500
- deadline_reward: 0.0000
- priority_reward: 0.0000
- critical_job_reward: 4.0000
- placement_reward: 0.0000
- lookahead_reward: 0.0000
- timeliness_reward: 101.7214
- machine_idle_penalty: -19.6000
- credit_assignment_penalty: 0.0000

CUMULATIVE TOTAL: 35.1114

CRITICAL STATE INFO:
- Valid actions: ['J1', 'J2', 'J3', 'J4', 'J5', 'J6', 'J7', 'J8', 'J9', 'J10', 'J11', 'J12', 'J13', 'J14', 'J15', 'J16', 'J17', 'J18', 'J19', 'J20']
- Machine states:
  - Machine M1: Time=444.00, Idle=35.00, Material=Racebike_Antrieb_installiert
  - Machine M2: Time=479.00, Idle=0.00, Material=Racebike_Bremsaufnahme_gebohrt
  - Machine M3: Time=380.00, Idle=99.00, Material=Citybike_Rahmen_lackiert
==================================================

2025-05-15 15:19:43,969 - JSPGymEnvironment - INFO - Material change on machine M1: Racebike_Antrieb_installiert -> Citybike_Hinterbau_vorbereitet, setup time: 40
2025-05-15 15:19:43,969 - JSPGymEnvironment - INFO - Executed operation: Job J4, Op 1, Machine M1, Start: 519, End: 563, Setup: 40
2025-05-15 15:19:43,970 - JSPGymEnvironment - INFO - 
===== REWARD DETAILS FOR STEP 13 =====
Job: J4, Operation: 1, Job Completed: False
Current Time: 479.00 -> 563.00, Setup Time: 40.00
Processing Time: 44.00, Idle Time: 0.00
Completed Jobs: 0/20
Machine: M1, Material: Citybike_Hinterbau_vorbereitet

REWARD COMPONENTS:
- makespan_reward: -0.4200
- setup_reward: -10.0000
- deadline_reward: 0.0000
- priority_reward: 0.0000
- critical_job_reward: 0.0000
- placement_reward: 0.0000
- lookahead_reward: 0.0000
- timeliness_reward: 9.3073
- machine_idle_penalty: -3.3375
- credit_assignment_penalty: 0.0000

TOTAL REWARD: -4.4502

CUMULATIVE REWARD COMPONENTS:
- makespan_reward: -2.6800
- setup_reward: -58.7500
- deadline_reward: 0.0000
- priority_reward: 0.0000
- critical_job_reward: 4.0000
- placement_reward: 0.0000
- lookahead_reward: 0.0000
- timeliness_reward: 111.0287
- machine_idle_penalty: -22.9375
- credit_assignment_penalty: 0.0000

CUMULATIVE TOTAL: 30.6612

CRITICAL STATE INFO:
- Valid actions: ['J1', 'J2', 'J3', 'J4', 'J5', 'J6', 'J7', 'J8', 'J9', 'J10', 'J11', 'J12', 'J13', 'J14', 'J15', 'J16', 'J17', 'J18', 'J19', 'J20']
- Machine states:
  - Machine M1: Time=563.00, Idle=0.00, Material=Citybike_Hinterbau_vorbereitet
  - Machine M2: Time=479.00, Idle=84.00, Material=Racebike_Bremsaufnahme_gebohrt
  - Machine M3: Time=380.00, Idle=183.00, Material=Citybike_Rahmen_lackiert
==================================================

2025-05-15 15:19:44,025 - JSPGymEnvironment - INFO - Material change on machine M2: Racebike_Bremsaufnahme_gebohrt -> Citybike_Steuerrohr_ausgerieben, setup time: 20
2025-05-15 15:19:44,025 - JSPGymEnvironment - INFO - Executed operation: Job J4, Op 2, Machine M2, Start: 583, End: 593, Setup: 20
2025-05-15 15:19:44,026 - JSPGymEnvironment - INFO - 
===== REWARD DETAILS FOR STEP 14 =====
Job: J4, Operation: 2, Job Completed: False
Current Time: 563.00 -> 593.00, Setup Time: 20.00
Processing Time: 10.00, Idle Time: 0.00
Completed Jobs: 0/20
Machine: M2, Material: Citybike_Steuerrohr_ausgerieben

REWARD COMPONENTS:
- makespan_reward: -0.1500
- setup_reward: -5.0000
- deadline_reward: 0.0000
- priority_reward: 0.0000
- critical_job_reward: 0.0000
- placement_reward: 0.0000
- lookahead_reward: 0.0000
- timeliness_reward: 9.3115
- machine_idle_penalty: -3.0375
- credit_assignment_penalty: 0.0000

TOTAL REWARD: 1.1240

CUMULATIVE REWARD COMPONENTS:
- makespan_reward: -2.8300
- setup_reward: -63.7500
- deadline_reward: 0.0000
- priority_reward: 0.0000
- critical_job_reward: 4.0000
- placement_reward: 0.0000
- lookahead_reward: 0.0000
- timeliness_reward: 120.3402
- machine_idle_penalty: -25.9750
- credit_assignment_penalty: 0.0000

CUMULATIVE TOTAL: 31.7852

CRITICAL STATE INFO:
- Valid actions: ['J1', 'J2', 'J3', 'J4', 'J5', 'J6', 'J7', 'J8', 'J9', 'J10', 'J11', 'J12', 'J13', 'J14', 'J15', 'J16', 'J17', 'J18', 'J19', 'J20']
- Machine states:
  - Machine M1: Time=563.00, Idle=30.00, Material=Citybike_Hinterbau_vorbereitet
  - Machine M2: Time=593.00, Idle=0.00, Material=Citybike_Steuerrohr_ausgerieben
  - Machine M3: Time=380.00, Idle=213.00, Material=Citybike_Rahmen_lackiert
==================================================

2025-05-15 15:19:44,077 - JSPGymEnvironment - INFO - Material change on machine M3: Citybike_Rahmen_lackiert -> Racebike_Bremsen_justiert, setup time: 15
2025-05-15 15:19:44,077 - JSPGymEnvironment - INFO - Executed operation: Job J3, Op 3, Machine M3, Start: 608, End: 664, Setup: 15
2025-05-15 15:19:44,077 - JSPGymEnvironment - INFO - 
===== REWARD DETAILS FOR STEP 15 =====
Job: J3, Operation: 3, Job Completed: False
Current Time: 593.00 -> 664.00, Setup Time: 15.00
Processing Time: 56.00, Idle Time: 0.00
Completed Jobs: 0/20
Machine: M3, Material: Racebike_Bremsen_justiert

REWARD COMPONENTS:
- makespan_reward: -0.3550
- setup_reward: -3.7500
- deadline_reward: 0.0000
- priority_reward: 0.0000
- critical_job_reward: 0.5000
- placement_reward: 0.0000
- lookahead_reward: 0.0000
- timeliness_reward: 9.3151
- machine_idle_penalty: -2.1500
- credit_assignment_penalty: 0.0000

TOTAL REWARD: 3.5601

CUMULATIVE REWARD COMPONENTS:
- makespan_reward: -3.1850
- setup_reward: -67.5000
- deadline_reward: 0.0000
- priority_reward: 0.0000
- critical_job_reward: 4.5000
- placement_reward: 0.0000
- lookahead_reward: 0.0000
- timeliness_reward: 129.6553
- machine_idle_penalty: -28.1250
- credit_assignment_penalty: 0.0000

CUMULATIVE TOTAL: 35.3453

CRITICAL STATE INFO:
- Valid actions: ['J1', 'J2', 'J3', 'J4', 'J5', 'J6', 'J7', 'J8', 'J9', 'J10', 'J11', 'J12', 'J13', 'J14', 'J15', 'J16', 'J17', 'J18', 'J19', 'J20']
- Machine states:
  - Machine M1: Time=563.00, Idle=101.00, Material=Citybike_Hinterbau_vorbereitet
  - Machine M2: Time=593.00, Idle=71.00, Material=Citybike_Steuerrohr_ausgerieben
  - Machine M3: Time=664.00, Idle=0.00, Material=Racebike_Bremsen_justiert
==================================================

2025-05-15 15:19:44,299 - JSPGymEnvironment - INFO - Executed operation: Job J2, Op 2, Machine M2, Start: 679, End: 691, Setup: 15
2025-05-15 15:19:44,299 - JSPGymEnvironment - INFO - 
===== REWARD DETAILS FOR STEP 16 =====
Job: J2, Operation: 2, Job Completed: False
Current Time: 664.00 -> 691.00, Setup Time: 15.00
Processing Time: 12.00, Idle Time: 0.00
Completed Jobs: 0/20
Machine: M2, Material: Citybike_Steuerrohr_ausgerieben

REWARD COMPONENTS:
- makespan_reward: -0.1350
- setup_reward: -3.7500
- deadline_reward: 0.0000
- priority_reward: 0.0000
- critical_job_reward: 0.0000
- placement_reward: 0.0000
- lookahead_reward: 0.0000
- timeliness_reward: 9.3215
- machine_idle_penalty: -1.9375
- credit_assignment_penalty: 0.0000

TOTAL REWARD: 3.4990

CUMULATIVE REWARD COMPONENTS:
- makespan_reward: -3.3200
- setup_reward: -71.2500
- deadline_reward: 0.0000
- priority_reward: 0.0000
- critical_job_reward: 4.5000
- placement_reward: 0.0000
- lookahead_reward: 0.0000
- timeliness_reward: 138.9768
- machine_idle_penalty: -30.0625
- credit_assignment_penalty: 0.0000

CUMULATIVE TOTAL: 38.8443

CRITICAL STATE INFO:
- Valid actions: ['J1', 'J2', 'J3', 'J4', 'J5', 'J6', 'J7', 'J8', 'J9', 'J10', 'J11', 'J12', 'J13', 'J14', 'J15', 'J16', 'J17', 'J18', 'J19', 'J20']
- Machine states:
  - Machine M1: Time=563.00, Idle=128.00, Material=Citybike_Hinterbau_vorbereitet
  - Machine M2: Time=691.00, Idle=0.00, Material=Citybike_Steuerrohr_ausgerieben
  - Machine M3: Time=664.00, Idle=27.00, Material=Racebike_Bremsen_justiert
==================================================

2025-05-15 15:19:44,354 - JSPGymEnvironment - INFO - Material change on machine M3: Racebike_Bremsen_justiert -> Citybike_Bremsen_justiert, setup time: 15
2025-05-15 15:19:44,354 - JSPGymEnvironment - INFO - Executed operation: Job J2, Op 3, Machine M3, Start: 706, End: 759, Setup: 15
2025-05-15 15:19:44,355 - JSPGymEnvironment - INFO - 
===== REWARD DETAILS FOR STEP 17 =====
Job: J2, Operation: 3, Job Completed: False
Current Time: 691.00 -> 759.00, Setup Time: 15.00
Processing Time: 53.00, Idle Time: 0.00
Completed Jobs: 0/20
Machine: M3, Material: Citybike_Bremsen_justiert

REWARD COMPONENTS:
- makespan_reward: -0.3400
- setup_reward: -3.7500
- deadline_reward: 0.0000
- priority_reward: 0.0000
- critical_job_reward: 0.0000
- placement_reward: 0.0000
- lookahead_reward: 0.0000
- timeliness_reward: 9.3240
- machine_idle_penalty: -3.3000
- credit_assignment_penalty: 0.0000

TOTAL REWARD: 1.9340

CUMULATIVE REWARD COMPONENTS:
- makespan_reward: -3.6600
- setup_reward: -75.0000
- deadline_reward: 0.0000
- priority_reward: 0.0000
- critical_job_reward: 4.5000
- placement_reward: 0.0000
- lookahead_reward: 0.0000
- timeliness_reward: 148.3007
- machine_idle_penalty: -33.3625
- credit_assignment_penalty: 0.0000

CUMULATIVE TOTAL: 40.7782

CRITICAL STATE INFO:
- Valid actions: ['J1', 'J2', 'J3', 'J4', 'J5', 'J6', 'J7', 'J8', 'J9', 'J10', 'J11', 'J12', 'J13', 'J14', 'J15', 'J16', 'J17', 'J18', 'J19', 'J20']
- Machine states:
  - Machine M1: Time=563.00, Idle=196.00, Material=Citybike_Hinterbau_vorbereitet
  - Machine M2: Time=691.00, Idle=68.00, Material=Citybike_Steuerrohr_ausgerieben
  - Machine M3: Time=759.00, Idle=0.00, Material=Citybike_Bremsen_justiert
==================================================

2025-05-15 15:19:44,402 - JSPGymEnvironment - INFO - Material change on machine M2: Citybike_Steuerrohr_ausgerieben -> E-Bike_Steuerrohr_ausgerieben, setup time: 20
2025-05-15 15:19:44,402 - JSPGymEnvironment - INFO - Executed operation: Job J11, Op 2, Machine M2, Start: 779, End: 791, Setup: 20
2025-05-15 15:19:44,403 - JSPGymEnvironment - INFO - 
===== REWARD DETAILS FOR STEP 18 =====
Job: J11, Operation: 2, Job Completed: False
Current Time: 759.00 -> 791.00, Setup Time: 20.00
Processing Time: 12.00, Idle Time: 0.00
Completed Jobs: 0/20
Machine: M2, Material: E-Bike_Steuerrohr_ausgerieben

REWARD COMPONENTS:
- makespan_reward: -0.1600
- setup_reward: -5.0000
- deadline_reward: 0.0000
- priority_reward: 0.0000
- critical_job_reward: 0.5000
- placement_reward: 0.0000
- lookahead_reward: 0.0000
- timeliness_reward: 9.3186
- machine_idle_penalty: -3.2500
- credit_assignment_penalty: 0.0000

TOTAL REWARD: 1.4086

CUMULATIVE REWARD COMPONENTS:
- makespan_reward: -3.8200
- setup_reward: -80.0000
- deadline_reward: 0.0000
- priority_reward: 0.0000
- critical_job_reward: 5.0000
- placement_reward: 0.0000
- lookahead_reward: 0.0000
- timeliness_reward: 157.6193
- machine_idle_penalty: -36.6125
- credit_assignment_penalty: 0.0000

CUMULATIVE TOTAL: 42.1868

CRITICAL STATE INFO:
- Valid actions: ['J1', 'J2', 'J3', 'J4', 'J5', 'J6', 'J7', 'J8', 'J9', 'J10', 'J11', 'J12', 'J13', 'J14', 'J15', 'J16', 'J17', 'J18', 'J19', 'J20']
- Machine states:
  - Machine M1: Time=563.00, Idle=228.00, Material=Citybike_Hinterbau_vorbereitet
  - Machine M2: Time=791.00, Idle=0.00, Material=E-Bike_Steuerrohr_ausgerieben
  - Machine M3: Time=759.00, Idle=32.00, Material=Citybike_Bremsen_justiert
==================================================

2025-05-15 15:19:44,451 - JSPGymEnvironment - INFO - Material change on machine M2: E-Bike_Steuerrohr_ausgerieben -> Racebike_Fahrrad_endmontiert, setup time: 20
2025-05-15 15:19:44,451 - JSPGymEnvironment - INFO - Executed operation: Job J3, Op 4, Machine M2, Start: 811, End: 850, Setup: 20
2025-05-15 15:19:44,451 - JSPGymEnvironment - INFO - Job J3 completed at time 850, deadline: 2880, met: True, priority: 8
2025-05-15 15:19:44,452 - JSPGymEnvironment - INFO - 
===== REWARD DETAILS FOR STEP 19 =====
Job: J3, Operation: 4, Job Completed: True
Current Time: 791.00 -> 850.00, Setup Time: 20.00
Processing Time: 39.00, Idle Time: 0.00
Completed Jobs: 1/20
Machine: M2, Material: Racebike_Fahrrad_endmontiert
Job Deadline: 2880.00 (Met), Priority: 8

REWARD COMPONENTS:
- makespan_reward: -0.2950
- setup_reward: -5.0000
- deadline_reward: 20.0000
- priority_reward: 32.0000
- critical_job_reward: 20.9583
- placement_reward: 0.0000
- lookahead_reward: 0.0000
- timeliness_reward: 9.3148
- machine_idle_penalty: -4.7250
- credit_assignment_penalty: 0.0000

TOTAL REWARD: 72.2531

CUMULATIVE REWARD COMPONENTS:
- makespan_reward: -4.1150
- setup_reward: -85.0000
- deadline_reward: 20.0000
- priority_reward: 32.0000
- critical_job_reward: 25.9583
- placement_reward: 0.0000
- lookahead_reward: 0.0000
- timeliness_reward: 166.9341
- machine_idle_penalty: -41.3375
- credit_assignment_penalty: 0.0000

CUMULATIVE TOTAL: 114.4399

CRITICAL STATE INFO:
- Valid actions: ['J1', 'J2', 'J4', 'J5', 'J6', 'J7', 'J8', 'J9', 'J10', 'J11', 'J12', 'J13', 'J14', 'J15', 'J16', 'J17', 'J18', 'J19', 'J20']
- Machine states:
  - Machine M1: Time=563.00, Idle=287.00, Material=Citybike_Hinterbau_vorbereitet
  - Machine M2: Time=850.00, Idle=0.00, Material=Racebike_Fahrrad_endmontiert
  - Machine M3: Time=759.00, Idle=91.00, Material=Citybike_Bremsen_justiert
==================================================

2025-05-15 15:19:44,503 - JSPGymEnvironment - INFO - Material change on machine M1: Citybike_Hinterbau_vorbereitet -> Racebike_Rahmen_lackiert, setup time: 40
2025-05-15 15:19:44,504 - JSPGymEnvironment - INFO - Executed operation: Job J13, Op 0, Machine M1, Start: 890, End: 940, Setup: 40
2025-05-15 15:19:44,504 - JSPGymEnvironment - INFO - 
===== REWARD DETAILS FOR STEP 20 =====
Job: J13, Operation: 0, Job Completed: False
Current Time: 850.00 -> 940.00, Setup Time: 40.00
Processing Time: 50.00, Idle Time: 0.00
Completed Jobs: 1/20
Machine: M1, Material: Racebike_Rahmen_lackiert

REWARD COMPONENTS:
- makespan_reward: -0.4500
- setup_reward: -10.0000
- deadline_reward: 0.0000
- priority_reward: 0.0000
- critical_job_reward: 0.5000
- placement_reward: 0.0000
- lookahead_reward: 0.0000
- timeliness_reward: 9.3027
- machine_idle_penalty: -3.3875
- credit_assignment_penalty: 0.0000

TOTAL REWARD: -4.0348

CUMULATIVE REWARD COMPONENTS:
- makespan_reward: -4.5650
- setup_reward: -95.0000
- deadline_reward: 20.0000
- priority_reward: 32.0000
- critical_job_reward: 26.4583
- placement_reward: 0.0000
- lookahead_reward: 0.0000
- timeliness_reward: 176.2368
- machine_idle_penalty: -44.7250
- credit_assignment_penalty: 0.0000

CUMULATIVE TOTAL: 110.4051

CRITICAL STATE INFO:
- Valid actions: ['J1', 'J2', 'J4', 'J5', 'J6', 'J7', 'J8', 'J9', 'J10', 'J11', 'J12', 'J13', 'J14', 'J15', 'J16', 'J17', 'J18', 'J19', 'J20']
- Machine states:
  - Machine M1: Time=940.00, Idle=0.00, Material=Racebike_Rahmen_lackiert
  - Machine M2: Time=850.00, Idle=90.00, Material=Racebike_Fahrrad_endmontiert
  - Machine M3: Time=759.00, Idle=181.00, Material=Citybike_Bremsen_justiert
==================================================

2025-05-15 15:19:44,549 - JSPGymEnvironment - INFO - Material change on machine M1: Racebike_Rahmen_lackiert -> Racebike_Fahrrad_endmontiert, setup time: 40
2025-05-15 15:19:44,549 - JSPGymEnvironment - INFO - Executed operation: Job J1, Op 4, Machine M1, Start: 980, End: 1002, Setup: 40
2025-05-15 15:19:44,549 - JSPGymEnvironment - INFO - Job J1 completed at time 1002, deadline: 2295, met: True, priority: 9
2025-05-15 15:19:44,549 - JSPGymEnvironment - INFO - 
===== REWARD DETAILS FOR STEP 21 =====
Job: J1, Operation: 4, Job Completed: True
Current Time: 940.00 -> 1002.00, Setup Time: 40.00
Processing Time: 22.00, Idle Time: 0.00
Completed Jobs: 2/20
Machine: M1, Material: Racebike_Fahrrad_endmontiert
Job Deadline: 2295.00 (Met), Priority: 9

REWARD COMPONENTS:
- makespan_reward: -0.3100
- setup_reward: -10.0000
- deadline_reward: 20.0000
- priority_reward: 36.0000
- critical_job_reward: 19.2608
- placement_reward: 0.0000
- lookahead_reward: 0.0000
- timeliness_reward: 9.4041
- machine_idle_penalty: -4.9375
- credit_assignment_penalty: 0.0000

TOTAL REWARD: 69.4173

CUMULATIVE REWARD COMPONENTS:
- makespan_reward: -4.8750
- setup_reward: -105.0000
- deadline_reward: 40.0000
- priority_reward: 68.0000
- critical_job_reward: 45.7191
- placement_reward: 0.0000
- lookahead_reward: 0.0000
- timeliness_reward: 185.6408
- machine_idle_penalty: -49.6625
- credit_assignment_penalty: 0.0000

CUMULATIVE TOTAL: 179.8225

CRITICAL STATE INFO:
- Valid actions: ['J2', 'J4', 'J5', 'J6', 'J7', 'J8', 'J9', 'J10', 'J11', 'J12', 'J13', 'J14', 'J15', 'J16', 'J17', 'J18', 'J19', 'J20']
- Machine states:
  - Machine M1: Time=1002.00, Idle=0.00, Material=Racebike_Fahrrad_endmontiert
  - Machine M2: Time=850.00, Idle=152.00, Material=Racebike_Fahrrad_endmontiert
  - Machine M3: Time=759.00, Idle=243.00, Material=Citybike_Bremsen_justiert
==================================================

2025-05-15 15:19:44,549 - JSPGymEnvironment - INFO - 
===== REWARD DETAILS FOR STEP 1 =====
Job: J1, Operation: 0, Job Completed: False
Current Time: 0.00 -> 27.00, Setup Time: 0.00
Processing Time: 27.00, Idle Time: 0.00
Completed Jobs: 0/20
Machine: M3, Material: Racebike_Hauptrahmen_zugeschnitten

REWARD COMPONENTS:
- makespan_reward: -0.1350
- setup_reward: 0.0000
- deadline_reward: 0.0000
- priority_reward: 0.0000
- critical_job_reward: 0.5000
- placement_reward: 0.0000
- lookahead_reward: 6.4000
- timeliness_reward: 9.1722
- machine_idle_penalty: -0.7750
- credit_assignment_penalty: 0.0000

TOTAL REWARD: 15.1622

CUMULATIVE REWARD COMPONENTS:
- makespan_reward: -0.1350
- setup_reward: 0.0000
- deadline_reward: 0.0000
- priority_reward: 0.0000
- critical_job_reward: 0.5000
- placement_reward: 0.0000
- lookahead_reward: 6.4000
- timeliness_reward: 9.1722
- machine_idle_penalty: -0.7750
- credit_assignment_penalty: 0.0000

CUMULATIVE TOTAL: 15.1622

CRITICAL STATE INFO:
- Valid actions: ['J1', 'J2', 'J3', 'J4', 'J5', 'J6', 'J7', 'J8', 'J9', 'J10', 'J11', 'J12', 'J13', 'J14', 'J15', 'J16', 'J17', 'J18', 'J19', 'J20']
- Machine states:
  - Machine M1: Time=0.00, Idle=27.00, Material=None
  - Machine M2: Time=0.00, Idle=27.00, Material=None
  - Machine M3: Time=27.00, Idle=0.00, Material=Racebike_Hauptrahmen_zugeschnitten
==================================================

2025-05-15 15:19:44,748 - JSPGymEnvironment - INFO - Material change on machine M3: Racebike_Hauptrahmen_zugeschnitten -> Citybike_Rahmen_lackiert, setup time: 15
2025-05-15 15:19:44,748 - JSPGymEnvironment - INFO - Executed operation: Job J4, Op 0, Machine M3, Start: 42, End: 69, Setup: 15
2025-05-15 15:19:44,800 - JSPGymEnvironment - INFO - Material change on machine M3: Citybike_Rahmen_lackiert -> Racebike_Hauptrahmen_zugeschnitten, setup time: 15
2025-05-15 15:19:44,800 - JSPGymEnvironment - INFO - Executed operation: Job J3, Op 0, Machine M3, Start: 84, End: 108, Setup: 15
2025-05-15 15:19:44,801 - JSPGymEnvironment - INFO - 
===== REWARD DETAILS FOR STEP 3 =====
Job: J3, Operation: 0, Job Completed: False
Current Time: 69.00 -> 108.00, Setup Time: 15.00
Processing Time: 24.00, Idle Time: 0.00
Completed Jobs: 0/20
Machine: M3, Material: Racebike_Hauptrahmen_zugeschnitten

REWARD COMPONENTS:
- makespan_reward: -0.1950
- setup_reward: -3.7500
- deadline_reward: 0.0000
- priority_reward: 0.0000
- critical_job_reward: 0.5000
- placement_reward: 0.0000
- lookahead_reward: 0.0000
- timeliness_reward: 9.1952
- machine_idle_penalty: -2.8000
- credit_assignment_penalty: 0.0000

TOTAL REWARD: 2.9502

CUMULATIVE REWARD COMPONENTS:
- makespan_reward: -0.3300
- setup_reward: -3.7500
- deadline_reward: 0.0000
- priority_reward: 0.0000
- critical_job_reward: 1.0000
- placement_reward: 0.0000
- lookahead_reward: 6.4000
- timeliness_reward: 18.3674
- machine_idle_penalty: -3.5750
- credit_assignment_penalty: 0.0000

CUMULATIVE TOTAL: 18.1124

CRITICAL STATE INFO:
- Valid actions: ['J1', 'J2', 'J3', 'J4', 'J5', 'J6', 'J7', 'J8', 'J9', 'J10', 'J11', 'J12', 'J13', 'J14', 'J15', 'J16', 'J17', 'J18', 'J19', 'J20']
- Machine states:
  - Machine M1: Time=0.00, Idle=108.00, Material=None
  - Machine M2: Time=0.00, Idle=108.00, Material=None
  - Machine M3: Time=108.00, Idle=0.00, Material=Racebike_Hauptrahmen_zugeschnitten
==================================================

2025-05-15 15:19:44,860 - JSPGymEnvironment - INFO - Material change on machine M2:  -> Racebike_Tretlager_gefraest, setup time: 0
2025-05-15 15:19:44,860 - JSPGymEnvironment - INFO - Executed operation: Job J9, Op 0, Machine M2, Start: 108, End: 134, Setup: 0
2025-05-15 15:19:44,861 - JSPGymEnvironment - INFO - 
===== REWARD DETAILS FOR STEP 4 =====
Job: J9, Operation: 0, Job Completed: False
Current Time: 108.00 -> 134.00, Setup Time: 0.00
Processing Time: 26.00, Idle Time: 0.00
Completed Jobs: 0/20
Machine: M2, Material: Racebike_Tretlager_gefraest

REWARD COMPONENTS:
- makespan_reward: -0.1300
- setup_reward: 0.0000
- deadline_reward: 0.0000
- priority_reward: 0.0000
- critical_job_reward: 0.5000
- placement_reward: 0.0000
- lookahead_reward: 0.0000
- timeliness_reward: 9.2041
- machine_idle_penalty: -2.0500
- credit_assignment_penalty: 0.0000

TOTAL REWARD: 7.5241

CUMULATIVE REWARD COMPONENTS:
- makespan_reward: -0.4600
- setup_reward: -3.7500
- deadline_reward: 0.0000
- priority_reward: 0.0000
- critical_job_reward: 1.5000
- placement_reward: 0.0000
- lookahead_reward: 6.4000
- timeliness_reward: 27.5715
- machine_idle_penalty: -5.6250
- credit_assignment_penalty: 0.0000

CUMULATIVE TOTAL: 25.6365

CRITICAL STATE INFO:
- Valid actions: ['J1', 'J2', 'J3', 'J4', 'J5', 'J6', 'J7', 'J8', 'J9', 'J10', 'J11', 'J12', 'J13', 'J14', 'J15', 'J16', 'J17', 'J18', 'J19', 'J20']
- Machine states:
  - Machine M1: Time=0.00, Idle=134.00, Material=None
  - Machine M2: Time=134.00, Idle=0.00, Material=Racebike_Tretlager_gefraest
  - Machine M3: Time=108.00, Idle=26.00, Material=Racebike_Hauptrahmen_zugeschnitten
==================================================

2025-05-15 15:19:44,921 - JSPGymEnvironment - INFO - Material change on machine M1:  -> Racebike_Laufraeder_montiert, setup time: 0
2025-05-15 15:19:44,921 - JSPGymEnvironment - INFO - Executed operation: Job J3, Op 1, Machine M1, Start: 134, End: 161, Setup: 0
2025-05-15 15:19:44,921 - JSPGymEnvironment - INFO - 
===== REWARD DETAILS FOR STEP 5 =====
Job: J3, Operation: 1, Job Completed: False
Current Time: 134.00 -> 161.00, Setup Time: 0.00
Processing Time: 27.00, Idle Time: 0.00
Completed Jobs: 0/20
Machine: M1, Material: Racebike_Laufraeder_montiert

REWARD COMPONENTS:
- makespan_reward: -0.1350
- setup_reward: 0.0000
- deadline_reward: 0.0000
- priority_reward: 0.0000
- critical_job_reward: 0.5000
- placement_reward: 0.0000
- lookahead_reward: 0.0000
- timeliness_reward: 9.2114
- machine_idle_penalty: -1.0000
- credit_assignment_penalty: 0.0000

TOTAL REWARD: 8.5764

CUMULATIVE REWARD COMPONENTS:
- makespan_reward: -0.5950
- setup_reward: -3.7500
- deadline_reward: 0.0000
- priority_reward: 0.0000
- critical_job_reward: 2.0000
- placement_reward: 0.0000
- lookahead_reward: 6.4000
- timeliness_reward: 36.7829
- machine_idle_penalty: -6.6250
- credit_assignment_penalty: 0.0000

CUMULATIVE TOTAL: 34.2129

CRITICAL STATE INFO:
- Valid actions: ['J1', 'J2', 'J3', 'J4', 'J5', 'J6', 'J7', 'J8', 'J9', 'J10', 'J11', 'J12', 'J13', 'J14', 'J15', 'J16', 'J17', 'J18', 'J19', 'J20']
- Machine states:
  - Machine M1: Time=161.00, Idle=0.00, Material=Racebike_Laufraeder_montiert
  - Machine M2: Time=134.00, Idle=27.00, Material=Racebike_Tretlager_gefraest
  - Machine M3: Time=108.00, Idle=53.00, Material=Racebike_Hauptrahmen_zugeschnitten
==================================================

2025-05-15 15:19:44,983 - JSPGymEnvironment - INFO - Material change on machine M1: Racebike_Laufraeder_montiert -> Citybike_Hauptrahmen_zugeschnitten, setup time: 40
2025-05-15 15:19:44,983 - JSPGymEnvironment - INFO - Executed operation: Job J6, Op 0, Machine M1, Start: 201, End: 217, Setup: 40
2025-05-15 15:19:44,984 - JSPGymEnvironment - INFO - 
===== REWARD DETAILS FOR STEP 6 =====
Job: J6, Operation: 0, Job Completed: False
Current Time: 161.00 -> 217.00, Setup Time: 40.00
Processing Time: 16.00, Idle Time: 0.00
Completed Jobs: 0/20
Machine: M1, Material: Citybike_Hauptrahmen_zugeschnitten

REWARD COMPONENTS:
- makespan_reward: -0.2800
- setup_reward: -10.0000
- deadline_reward: 0.0000
- priority_reward: 0.0000
- critical_job_reward: 0.0000
- placement_reward: 0.0000
- lookahead_reward: 0.0000
- timeliness_reward: 9.2290
- machine_idle_penalty: -2.4500
- credit_assignment_penalty: 0.0000

TOTAL REWARD: -3.5010

CUMULATIVE REWARD COMPONENTS:
- makespan_reward: -0.8750
- setup_reward: -13.7500
- deadline_reward: 0.0000
- priority_reward: 0.0000
- critical_job_reward: 2.0000
- placement_reward: 0.0000
- lookahead_reward: 6.4000
- timeliness_reward: 46.0118
- machine_idle_penalty: -9.0750
- credit_assignment_penalty: 0.0000

CUMULATIVE TOTAL: 30.7118

CRITICAL STATE INFO:
- Valid actions: ['J1', 'J2', 'J3', 'J4', 'J5', 'J6', 'J7', 'J8', 'J9', 'J10', 'J11', 'J12', 'J13', 'J14', 'J15', 'J16', 'J17', 'J18', 'J19', 'J20']
- Machine states:
  - Machine M1: Time=217.00, Idle=0.00, Material=Citybike_Hauptrahmen_zugeschnitten
  - Machine M2: Time=134.00, Idle=83.00, Material=Racebike_Tretlager_gefraest
  - Machine M3: Time=108.00, Idle=109.00, Material=Racebike_Hauptrahmen_zugeschnitten
==================================================

2025-05-15 15:19:45,042 - JSPGymEnvironment - INFO - Material change on machine M2: Racebike_Tretlager_gefraest -> Racebike_Steuerrohr_ausgerieben, setup time: 20
2025-05-15 15:19:45,042 - JSPGymEnvironment - INFO - Executed operation: Job J3, Op 2, Machine M2, Start: 237, End: 255, Setup: 20
2025-05-15 15:19:45,043 - JSPGymEnvironment - INFO - 
===== REWARD DETAILS FOR STEP 7 =====
Job: J3, Operation: 2, Job Completed: False
Current Time: 217.00 -> 255.00, Setup Time: 20.00
Processing Time: 18.00, Idle Time: 0.00
Completed Jobs: 0/20
Machine: M2, Material: Racebike_Steuerrohr_ausgerieben

REWARD COMPONENTS:
- makespan_reward: -0.1900
- setup_reward: -5.0000
- deadline_reward: 0.0000
- priority_reward: 0.0000
- critical_job_reward: 0.5000
- placement_reward: 0.0000
- lookahead_reward: 0.0000
- timeliness_reward: 9.2382
- machine_idle_penalty: -2.3625
- credit_assignment_penalty: 0.0000

TOTAL REWARD: 2.1857

CUMULATIVE REWARD COMPONENTS:
- makespan_reward: -1.0650
- setup_reward: -18.7500
- deadline_reward: 0.0000
- priority_reward: 0.0000
- critical_job_reward: 2.5000
- placement_reward: 0.0000
- lookahead_reward: 6.4000
- timeliness_reward: 55.2501
- machine_idle_penalty: -11.4375
- credit_assignment_penalty: 0.0000

CUMULATIVE TOTAL: 32.8976

CRITICAL STATE INFO:
- Valid actions: ['J1', 'J2', 'J3', 'J4', 'J5', 'J6', 'J7', 'J8', 'J9', 'J10', 'J11', 'J12', 'J13', 'J14', 'J15', 'J16', 'J17', 'J18', 'J19', 'J20']
- Machine states:
  - Machine M1: Time=217.00, Idle=38.00, Material=Citybike_Hauptrahmen_zugeschnitten
  - Machine M2: Time=255.00, Idle=0.00, Material=Racebike_Steuerrohr_ausgerieben
  - Machine M3: Time=108.00, Idle=147.00, Material=Racebike_Hauptrahmen_zugeschnitten
==================================================

2025-05-15 15:19:45,244 - JSPGymEnvironment - INFO - Material change on machine M3: Racebike_Hauptrahmen_zugeschnitten -> Racebike_Bremsen_justiert, setup time: 15
2025-05-15 15:19:45,245 - JSPGymEnvironment - INFO - Executed operation: Job J3, Op 3, Machine M3, Start: 270, End: 326, Setup: 15
2025-05-15 15:19:45,245 - JSPGymEnvironment - INFO - 
===== REWARD DETAILS FOR STEP 8 =====
Job: J3, Operation: 3, Job Completed: False
Current Time: 255.00 -> 326.00, Setup Time: 15.00
Processing Time: 56.00, Idle Time: 0.00
Completed Jobs: 0/20
Machine: M3, Material: Racebike_Bremsen_justiert

REWARD COMPONENTS:
- makespan_reward: -0.3550
- setup_reward: -3.7500
- deadline_reward: 0.0000
- priority_reward: 0.0000
- critical_job_reward: 0.5000
- placement_reward: 0.0000
- lookahead_reward: 0.0000
- timeliness_reward: 9.2568
- machine_idle_penalty: -2.2500
- credit_assignment_penalty: 0.0000

TOTAL REWARD: 3.4018

CUMULATIVE REWARD COMPONENTS:
- makespan_reward: -1.4200
- setup_reward: -22.5000
- deadline_reward: 0.0000
- priority_reward: 0.0000
- critical_job_reward: 3.0000
- placement_reward: 0.0000
- lookahead_reward: 6.4000
- timeliness_reward: 64.5068
- machine_idle_penalty: -13.6875
- credit_assignment_penalty: 0.0000

CUMULATIVE TOTAL: 36.2993

CRITICAL STATE INFO:
- Valid actions: ['J1', 'J2', 'J3', 'J4', 'J5', 'J6', 'J7', 'J8', 'J9', 'J10', 'J11', 'J12', 'J13', 'J14', 'J15', 'J16', 'J17', 'J18', 'J19', 'J20']
- Machine states:
  - Machine M1: Time=217.00, Idle=109.00, Material=Citybike_Hauptrahmen_zugeschnitten
  - Machine M2: Time=255.00, Idle=71.00, Material=Racebike_Steuerrohr_ausgerieben
  - Machine M3: Time=326.00, Idle=0.00, Material=Racebike_Bremsen_justiert
==================================================

2025-05-15 15:19:45,289 - JSPGymEnvironment - INFO - Material change on machine M1: Citybike_Hauptrahmen_zugeschnitten -> Racebike_Hinterbau_vorbereitet, setup time: 40
2025-05-15 15:19:45,289 - JSPGymEnvironment - INFO - Executed operation: Job J9, Op 1, Machine M1, Start: 366, End: 388, Setup: 40
2025-05-15 15:19:45,290 - JSPGymEnvironment - INFO - 
===== REWARD DETAILS FOR STEP 9 =====
Job: J9, Operation: 1, Job Completed: False
Current Time: 326.00 -> 388.00, Setup Time: 40.00
Processing Time: 22.00, Idle Time: 0.00
Completed Jobs: 0/20
Machine: M1, Material: Racebike_Hinterbau_vorbereitet

REWARD COMPONENTS:
- makespan_reward: -0.3100
- setup_reward: -10.0000
- deadline_reward: 0.0000
- priority_reward: 0.0000
- critical_job_reward: 0.5000
- placement_reward: 0.0000
- lookahead_reward: 0.0000
- timeliness_reward: 9.2739
- machine_idle_penalty: -2.4375
- credit_assignment_penalty: 0.0000

TOTAL REWARD: -2.9736

CUMULATIVE REWARD COMPONENTS:
- makespan_reward: -1.7300
- setup_reward: -32.5000
- deadline_reward: 0.0000
- priority_reward: 0.0000
- critical_job_reward: 3.5000
- placement_reward: 0.0000
- lookahead_reward: 6.4000
- timeliness_reward: 73.7807
- machine_idle_penalty: -16.1250
- credit_assignment_penalty: 0.0000

CUMULATIVE TOTAL: 33.3257

CRITICAL STATE INFO:
- Valid actions: ['J1', 'J2', 'J3', 'J4', 'J5', 'J6', 'J7', 'J8', 'J9', 'J10', 'J11', 'J12', 'J13', 'J14', 'J15', 'J16', 'J17', 'J18', 'J19', 'J20']
- Machine states:
  - Machine M1: Time=388.00, Idle=0.00, Material=Racebike_Hinterbau_vorbereitet
  - Machine M2: Time=255.00, Idle=133.00, Material=Racebike_Steuerrohr_ausgerieben
  - Machine M3: Time=326.00, Idle=62.00, Material=Racebike_Bremsen_justiert
==================================================

2025-05-15 15:19:45,337 - JSPGymEnvironment - INFO - Material change on machine M2: Racebike_Steuerrohr_ausgerieben -> Racebike_Schaltauge_bearbeitet, setup time: 20
2025-05-15 15:19:45,337 - JSPGymEnvironment - INFO - Executed operation: Job J1, Op 1, Machine M2, Start: 408, End: 429, Setup: 20
2025-05-15 15:19:45,338 - JSPGymEnvironment - INFO - 
===== REWARD DETAILS FOR STEP 10 =====
Job: J1, Operation: 1, Job Completed: False
Current Time: 388.00 -> 429.00, Setup Time: 20.00
Processing Time: 21.00, Idle Time: 0.00
Completed Jobs: 0/20
Machine: M2, Material: Racebike_Schaltauge_bearbeitet

REWARD COMPONENTS:
- makespan_reward: -0.2050
- setup_reward: -5.0000
- deadline_reward: 0.0000
- priority_reward: 0.0000
- critical_job_reward: 0.5000
- placement_reward: 0.0000
- lookahead_reward: 0.0000
- timeliness_reward: 9.3260
- machine_idle_penalty: -1.8000
- credit_assignment_penalty: 0.0000

TOTAL REWARD: 2.8210

CUMULATIVE REWARD COMPONENTS:
- makespan_reward: -1.9350
- setup_reward: -37.5000
- deadline_reward: 0.0000
- priority_reward: 0.0000
- critical_job_reward: 4.0000
- placement_reward: 0.0000
- lookahead_reward: 6.4000
- timeliness_reward: 83.1067
- machine_idle_penalty: -17.9250
- credit_assignment_penalty: 0.0000

CUMULATIVE TOTAL: 36.1467

CRITICAL STATE INFO:
- Valid actions: ['J1', 'J2', 'J3', 'J4', 'J5', 'J6', 'J7', 'J8', 'J9', 'J10', 'J11', 'J12', 'J13', 'J14', 'J15', 'J16', 'J17', 'J18', 'J19', 'J20']
- Machine states:
  - Machine M1: Time=388.00, Idle=41.00, Material=Racebike_Hinterbau_vorbereitet
  - Machine M2: Time=429.00, Idle=0.00, Material=Racebike_Schaltauge_bearbeitet
  - Machine M3: Time=326.00, Idle=103.00, Material=Racebike_Bremsen_justiert
==================================================

2025-05-15 15:19:45,386 - JSPGymEnvironment - INFO - Material change on machine M2: Racebike_Schaltauge_bearbeitet -> Racebike_Fahrrad_endmontiert, setup time: 20
2025-05-15 15:19:45,386 - JSPGymEnvironment - INFO - Executed operation: Job J3, Op 4, Machine M2, Start: 449, End: 488, Setup: 20
2025-05-15 15:19:45,386 - JSPGymEnvironment - INFO - Job J3 completed at time 488, deadline: 2880, met: True, priority: 8
2025-05-15 15:19:45,386 - JSPGymEnvironment - INFO - 
===== REWARD DETAILS FOR STEP 11 =====
Job: J3, Operation: 4, Job Completed: True
Current Time: 429.00 -> 488.00, Setup Time: 20.00
Processing Time: 39.00, Idle Time: 0.00
Completed Jobs: 1/20
Machine: M2, Material: Racebike_Fahrrad_endmontiert
Job Deadline: 2880.00 (Met), Priority: 8

REWARD COMPONENTS:
- makespan_reward: -0.2950
- setup_reward: -5.0000
- deadline_reward: 20.0000
- priority_reward: 32.0000
- critical_job_reward: 22.4667
- placement_reward: 0.0000
- lookahead_reward: 0.0000
- timeliness_reward: 9.2917
- machine_idle_penalty: -3.2750
- credit_assignment_penalty: 0.0000

TOTAL REWARD: 75.1884

CUMULATIVE REWARD COMPONENTS:
- makespan_reward: -2.2300
- setup_reward: -42.5000
- deadline_reward: 20.0000
- priority_reward: 32.0000
- critical_job_reward: 26.4667
- placement_reward: 0.0000
- lookahead_reward: 6.4000
- timeliness_reward: 92.3984
- machine_idle_penalty: -21.2000
- credit_assignment_penalty: 0.0000

CUMULATIVE TOTAL: 111.3351

CRITICAL STATE INFO:
- Valid actions: ['J1', 'J2', 'J4', 'J5', 'J6', 'J7', 'J8', 'J9', 'J10', 'J11', 'J12', 'J13', 'J14', 'J15', 'J16', 'J17', 'J18', 'J19', 'J20']
- Machine states:
  - Machine M1: Time=388.00, Idle=100.00, Material=Racebike_Hinterbau_vorbereitet
  - Machine M2: Time=488.00, Idle=0.00, Material=Racebike_Fahrrad_endmontiert
  - Machine M3: Time=326.00, Idle=162.00, Material=Racebike_Bremsen_justiert
==================================================

2025-05-15 15:19:45,437 - JSPGymEnvironment - INFO - Material change on machine M1: Racebike_Hinterbau_vorbereitet -> Citybike_Hinterbau_vorbereitet, setup time: 40
2025-05-15 15:19:45,437 - JSPGymEnvironment - INFO - Executed operation: Job J4, Op 1, Machine M1, Start: 528, End: 572, Setup: 40
2025-05-15 15:19:45,437 - JSPGymEnvironment - INFO - 
===== REWARD DETAILS FOR STEP 12 =====
Job: J4, Operation: 1, Job Completed: False
Current Time: 488.00 -> 572.00, Setup Time: 40.00
Processing Time: 44.00, Idle Time: 0.00
Completed Jobs: 1/20
Machine: M1, Material: Citybike_Hinterbau_vorbereitet

REWARD COMPONENTS:
- makespan_reward: -0.4200
- setup_reward: -10.0000
- deadline_reward: 0.0000
- priority_reward: 0.0000
- critical_job_reward: 0.0000
- placement_reward: 0.0000
- lookahead_reward: 0.0000
- timeliness_reward: 9.3084
- machine_idle_penalty: -4.1750
- credit_assignment_penalty: 0.0000

TOTAL REWARD: -5.2866

CUMULATIVE REWARD COMPONENTS:
- makespan_reward: -2.6500
- setup_reward: -52.5000
- deadline_reward: 20.0000
- priority_reward: 32.0000
- critical_job_reward: 26.4667
- placement_reward: 0.0000
- lookahead_reward: 6.4000
- timeliness_reward: 101.7068
- machine_idle_penalty: -25.3750
- credit_assignment_penalty: 0.0000

CUMULATIVE TOTAL: 106.0485

CRITICAL STATE INFO:
- Valid actions: ['J1', 'J2', 'J4', 'J5', 'J6', 'J7', 'J8', 'J9', 'J10', 'J11', 'J12', 'J13', 'J14', 'J15', 'J16', 'J17', 'J18', 'J19', 'J20']
- Machine states:
  - Machine M1: Time=572.00, Idle=0.00, Material=Citybike_Hinterbau_vorbereitet
  - Machine M2: Time=488.00, Idle=84.00, Material=Racebike_Fahrrad_endmontiert
  - Machine M3: Time=326.00, Idle=246.00, Material=Racebike_Bremsen_justiert
==================================================

2025-05-15 15:19:45,482 - JSPGymEnvironment - INFO - Material change on machine M2: Racebike_Fahrrad_endmontiert -> Mountainbike_Tretlager_gefraest, setup time: 20
2025-05-15 15:19:45,482 - JSPGymEnvironment - INFO - Executed operation: Job J5, Op 0, Machine M2, Start: 592, End: 615, Setup: 20
2025-05-15 15:19:45,483 - JSPGymEnvironment - INFO - 
===== REWARD DETAILS FOR STEP 13 =====
Job: J5, Operation: 0, Job Completed: False
Current Time: 572.00 -> 615.00, Setup Time: 20.00
Processing Time: 23.00, Idle Time: 0.00
Completed Jobs: 1/20
Machine: M2, Material: Mountainbike_Tretlager_gefraest

REWARD COMPONENTS:
- makespan_reward: -0.2150
- setup_reward: -5.0000
- deadline_reward: 0.0000
- priority_reward: 0.0000
- critical_job_reward: 0.0000
- placement_reward: 0.0000
- lookahead_reward: 0.0000
- timeliness_reward: 9.3103
- machine_idle_penalty: -4.2000
- credit_assignment_penalty: 0.0000

TOTAL REWARD: -0.1047

CUMULATIVE REWARD COMPONENTS:
- makespan_reward: -2.8650
- setup_reward: -57.5000
- deadline_reward: 20.0000
- priority_reward: 32.0000
- critical_job_reward: 26.4667
- placement_reward: 0.0000
- lookahead_reward: 6.4000
- timeliness_reward: 111.0171
- machine_idle_penalty: -29.5750
- credit_assignment_penalty: 0.0000

CUMULATIVE TOTAL: 105.9437

CRITICAL STATE INFO:
- Valid actions: ['J1', 'J2', 'J4', 'J5', 'J6', 'J7', 'J8', 'J9', 'J10', 'J11', 'J12', 'J13', 'J14', 'J15', 'J16', 'J17', 'J18', 'J19', 'J20']
- Machine states:
  - Machine M1: Time=572.00, Idle=43.00, Material=Citybike_Hinterbau_vorbereitet
  - Machine M2: Time=615.00, Idle=0.00, Material=Mountainbike_Tretlager_gefraest
  - Machine M3: Time=326.00, Idle=289.00, Material=Racebike_Bremsen_justiert
==================================================

2025-05-15 15:19:45,664 - JSPGymEnvironment - INFO - Material change on machine M2: Mountainbike_Tretlager_gefraest -> Citybike_Tretlager_gefraest, setup time: 20
2025-05-15 15:19:45,664 - JSPGymEnvironment - INFO - Executed operation: Job J10, Op 0, Machine M2, Start: 635, End: 660, Setup: 20
2025-05-15 15:19:45,664 - JSPGymEnvironment - INFO - 
===== REWARD DETAILS FOR STEP 14 =====
Job: J10, Operation: 0, Job Completed: False
Current Time: 615.00 -> 660.00, Setup Time: 20.00
Processing Time: 25.00, Idle Time: 0.00
Completed Jobs: 1/20
Machine: M2, Material: Citybike_Tretlager_gefraest

REWARD COMPONENTS:
- makespan_reward: -0.2250
- setup_reward: -5.0000
- deadline_reward: 0.0000
- priority_reward: 0.0000
- critical_job_reward: 0.0000
- placement_reward: 0.0000
- lookahead_reward: 0.0000
- timeliness_reward: 9.3276
- machine_idle_penalty: -5.3250
- credit_assignment_penalty: 0.0000

TOTAL REWARD: -1.2224

CUMULATIVE REWARD COMPONENTS:
- makespan_reward: -3.0900
- setup_reward: -62.5000
- deadline_reward: 20.0000
- priority_reward: 32.0000
- critical_job_reward: 26.4667
- placement_reward: 0.0000
- lookahead_reward: 6.4000
- timeliness_reward: 120.3447
- machine_idle_penalty: -34.9000
- credit_assignment_penalty: 0.0000

CUMULATIVE TOTAL: 104.7213

CRITICAL STATE INFO:
- Valid actions: ['J1', 'J2', 'J4', 'J5', 'J6', 'J7', 'J8', 'J9', 'J10', 'J11', 'J12', 'J13', 'J14', 'J15', 'J16', 'J17', 'J18', 'J19', 'J20']
- Machine states:
  - Machine M1: Time=572.00, Idle=88.00, Material=Citybike_Hinterbau_vorbereitet
  - Machine M2: Time=660.00, Idle=0.00, Material=Citybike_Tretlager_gefraest
  - Machine M3: Time=326.00, Idle=334.00, Material=Racebike_Bremsen_justiert
==================================================

2025-05-15 15:19:45,708 - JSPGymEnvironment - INFO - Material change on machine M2: Citybike_Tretlager_gefraest -> Citybike_Steuerrohr_ausgerieben, setup time: 20
2025-05-15 15:19:45,708 - JSPGymEnvironment - INFO - Executed operation: Job J4, Op 2, Machine M2, Start: 680, End: 690, Setup: 20
2025-05-15 15:19:45,709 - JSPGymEnvironment - INFO - 
===== REWARD DETAILS FOR STEP 15 =====
Job: J4, Operation: 2, Job Completed: False
Current Time: 660.00 -> 690.00, Setup Time: 20.00
Processing Time: 10.00, Idle Time: 0.00
Completed Jobs: 1/20
Machine: M2, Material: Citybike_Steuerrohr_ausgerieben

REWARD COMPONENTS:
- makespan_reward: -0.1500
- setup_reward: -5.0000
- deadline_reward: 0.0000
- priority_reward: 0.0000
- critical_job_reward: 0.0000
- placement_reward: 0.0000
- lookahead_reward: 0.0000
- timeliness_reward: 9.3205
- machine_idle_penalty: -6.0750
- credit_assignment_penalty: 0.0000

TOTAL REWARD: -1.9045

CUMULATIVE REWARD COMPONENTS:
- makespan_reward: -3.2400
- setup_reward: -67.5000
- deadline_reward: 20.0000
- priority_reward: 32.0000
- critical_job_reward: 26.4667
- placement_reward: 0.0000
- lookahead_reward: 6.4000
- timeliness_reward: 129.6652
- machine_idle_penalty: -40.9750
- credit_assignment_penalty: 0.0000

CUMULATIVE TOTAL: 102.8169

CRITICAL STATE INFO:
- Valid actions: ['J1', 'J2', 'J4', 'J5', 'J6', 'J7', 'J8', 'J9', 'J10', 'J11', 'J12', 'J13', 'J14', 'J15', 'J16', 'J17', 'J18', 'J19', 'J20']
- Machine states:
  - Machine M1: Time=572.00, Idle=118.00, Material=Citybike_Hinterbau_vorbereitet
  - Machine M2: Time=690.00, Idle=0.00, Material=Citybike_Steuerrohr_ausgerieben
  - Machine M3: Time=326.00, Idle=364.00, Material=Racebike_Bremsen_justiert
==================================================

2025-05-15 15:19:45,759 - JSPGymEnvironment - INFO - Material change on machine M2: Citybike_Steuerrohr_ausgerieben -> Citybike_Bremsaufnahme_gebohrt, setup time: 20
2025-05-15 15:19:45,759 - JSPGymEnvironment - INFO - Executed operation: Job J4, Op 3, Machine M2, Start: 710, End: 720, Setup: 20
2025-05-15 15:19:45,760 - JSPGymEnvironment - INFO - 
===== REWARD DETAILS FOR STEP 16 =====
Job: J4, Operation: 3, Job Completed: False
Current Time: 690.00 -> 720.00, Setup Time: 20.00
Processing Time: 10.00, Idle Time: 0.00
Completed Jobs: 1/20
Machine: M2, Material: Citybike_Bremsaufnahme_gebohrt

REWARD COMPONENTS:
- makespan_reward: -0.1500
- setup_reward: -5.0000
- deadline_reward: 0.0000
- priority_reward: 0.0000
- critical_job_reward: 0.0000
- placement_reward: 0.0000
- lookahead_reward: 0.0000
- timeliness_reward: 9.3221
- machine_idle_penalty: -6.8250
- credit_assignment_penalty: 0.0000

TOTAL REWARD: -2.6529

CUMULATIVE REWARD COMPONENTS:
- makespan_reward: -3.3900
- setup_reward: -72.5000
- deadline_reward: 20.0000
- priority_reward: 32.0000
- critical_job_reward: 26.4667
- placement_reward: 0.0000
- lookahead_reward: 6.4000
- timeliness_reward: 138.9873
- machine_idle_penalty: -47.8000
- credit_assignment_penalty: 0.0000

CUMULATIVE TOTAL: 100.1639

CRITICAL STATE INFO:
- Valid actions: ['J1', 'J2', 'J4', 'J5', 'J6', 'J7', 'J8', 'J9', 'J10', 'J11', 'J12', 'J13', 'J14', 'J15', 'J16', 'J17', 'J18', 'J19', 'J20']
- Machine states:
  - Machine M1: Time=572.00, Idle=148.00, Material=Citybike_Hinterbau_vorbereitet
  - Machine M2: Time=720.00, Idle=0.00, Material=Citybike_Bremsaufnahme_gebohrt
  - Machine M3: Time=326.00, Idle=394.00, Material=Racebike_Bremsen_justiert
==================================================

2025-05-15 15:19:45,802 - JSPGymEnvironment - INFO - Material change on machine M1: Citybike_Hinterbau_vorbereitet -> E-Bike_Hauptrahmen_zugeschnitten, setup time: 40
2025-05-15 15:19:45,802 - JSPGymEnvironment - INFO - Executed operation: Job J11, Op 0, Machine M1, Start: 760, End: 782, Setup: 40
2025-05-15 15:19:45,802 - JSPGymEnvironment - INFO - 
===== REWARD DETAILS FOR STEP 17 =====
Job: J11, Operation: 0, Job Completed: False
Current Time: 720.00 -> 782.00, Setup Time: 40.00
Processing Time: 22.00, Idle Time: 0.00
Completed Jobs: 1/20
Machine: M1, Material: E-Bike_Hauptrahmen_zugeschnitten

REWARD COMPONENTS:
- makespan_reward: -0.3100
- setup_reward: -10.0000
- deadline_reward: 0.0000
- priority_reward: 0.0000
- critical_job_reward: 0.5000
- placement_reward: 0.0000
- lookahead_reward: 0.0000
- timeliness_reward: 9.3183
- machine_idle_penalty: -6.5250
- credit_assignment_penalty: 0.0000

TOTAL REWARD: -7.0167

CUMULATIVE REWARD COMPONENTS:
- makespan_reward: -3.7000
- setup_reward: -82.5000
- deadline_reward: 20.0000
- priority_reward: 32.0000
- critical_job_reward: 26.9667
- placement_reward: 0.0000
- lookahead_reward: 6.4000
- timeliness_reward: 148.3056
- machine_idle_penalty: -54.3250
- credit_assignment_penalty: 0.0000

CUMULATIVE TOTAL: 93.1472

CRITICAL STATE INFO:
- Valid actions: ['J1', 'J2', 'J4', 'J5', 'J6', 'J7', 'J8', 'J9', 'J10', 'J11', 'J12', 'J13', 'J14', 'J15', 'J16', 'J17', 'J18', 'J19', 'J20']
- Machine states:
  - Machine M1: Time=782.00, Idle=0.00, Material=E-Bike_Hauptrahmen_zugeschnitten
  - Machine M2: Time=720.00, Idle=62.00, Material=Citybike_Bremsaufnahme_gebohrt
  - Machine M3: Time=326.00, Idle=456.00, Material=Racebike_Bremsen_justiert
==================================================

2025-05-15 15:19:45,846 - JSPGymEnvironment - INFO - Material change on machine M3: Racebike_Bremsen_justiert -> Citybike_Fahrrad_endmontiert, setup time: 15
2025-05-15 15:19:45,846 - JSPGymEnvironment - INFO - Executed operation: Job J4, Op 4, Machine M3, Start: 797, End: 845, Setup: 15
2025-05-15 15:19:45,847 - JSPGymEnvironment - INFO - 
===== REWARD DETAILS FOR STEP 18 =====
Job: J4, Operation: 4, Job Completed: False
Current Time: 782.00 -> 845.00, Setup Time: 15.00
Processing Time: 48.00, Idle Time: 0.00
Completed Jobs: 1/20
Machine: M3, Material: Citybike_Fahrrad_endmontiert

REWARD COMPONENTS:
- makespan_reward: -0.3150
- setup_reward: -3.7500
- deadline_reward: 0.0000
- priority_reward: 0.0000
- critical_job_reward: 0.0000
- placement_reward: 0.0000
- lookahead_reward: 0.0000
- timeliness_reward: 9.3202
- machine_idle_penalty: -2.3500
- credit_assignment_penalty: 0.0000

TOTAL REWARD: 2.9052

CUMULATIVE REWARD COMPONENTS:
- makespan_reward: -4.0150
- setup_reward: -86.2500
- deadline_reward: 20.0000
- priority_reward: 32.0000
- critical_job_reward: 26.9667
- placement_reward: 0.0000
- lookahead_reward: 6.4000
- timeliness_reward: 157.6257
- machine_idle_penalty: -56.6750
- credit_assignment_penalty: 0.0000

CUMULATIVE TOTAL: 96.0524

CRITICAL STATE INFO:
- Valid actions: ['J1', 'J2', 'J4', 'J5', 'J6', 'J7', 'J8', 'J9', 'J10', 'J11', 'J12', 'J13', 'J14', 'J15', 'J16', 'J17', 'J18', 'J19', 'J20']
- Machine states:
  - Machine M1: Time=782.00, Idle=63.00, Material=E-Bike_Hauptrahmen_zugeschnitten
  - Machine M2: Time=720.00, Idle=125.00, Material=Citybike_Bremsaufnahme_gebohrt
  - Machine M3: Time=845.00, Idle=0.00, Material=Citybike_Fahrrad_endmontiert
==================================================

2025-05-15 15:19:45,889 - JSPGymEnvironment - INFO - Material change on machine M2: Citybike_Bremsaufnahme_gebohrt -> Mountainbike_Laufraeder_montiert, setup time: 20
2025-05-15 15:19:45,889 - JSPGymEnvironment - INFO - Executed operation: Job J5, Op 1, Machine M2, Start: 865, End: 885, Setup: 20
2025-05-15 15:19:45,890 - JSPGymEnvironment - INFO - 
===== REWARD DETAILS FOR STEP 19 =====
Job: J5, Operation: 1, Job Completed: False
Current Time: 845.00 -> 885.00, Setup Time: 20.00
Processing Time: 20.00, Idle Time: 0.00
Completed Jobs: 1/20
Machine: M2, Material: Mountainbike_Laufraeder_montiert

REWARD COMPONENTS:
- makespan_reward: -0.2000
- setup_reward: -5.0000
- deadline_reward: 0.0000
- priority_reward: 0.0000
- critical_job_reward: 0.0000
- placement_reward: 0.0000
- lookahead_reward: 0.0000
- timeliness_reward: 9.3112
- machine_idle_penalty: -1.7875
- credit_assignment_penalty: 0.0000

TOTAL REWARD: 2.3237

CUMULATIVE REWARD COMPONENTS:
- makespan_reward: -4.2150
- setup_reward: -91.2500
- deadline_reward: 20.0000
- priority_reward: 32.0000
- critical_job_reward: 26.9667
- placement_reward: 0.0000
- lookahead_reward: 6.4000
- timeliness_reward: 166.9369
- machine_idle_penalty: -58.4625
- credit_assignment_penalty: 0.0000

CUMULATIVE TOTAL: 98.3761

CRITICAL STATE INFO:
- Valid actions: ['J1', 'J2', 'J4', 'J5', 'J6', 'J7', 'J8', 'J9', 'J10', 'J11', 'J12', 'J13', 'J14', 'J15', 'J16', 'J17', 'J18', 'J19', 'J20']
- Machine states:
  - Machine M1: Time=782.00, Idle=103.00, Material=E-Bike_Hauptrahmen_zugeschnitten
  - Machine M2: Time=885.00, Idle=0.00, Material=Mountainbike_Laufraeder_montiert
  - Machine M3: Time=845.00, Idle=40.00, Material=Citybike_Fahrrad_endmontiert
==================================================

2025-05-15 15:19:46,076 - JSPGymEnvironment - INFO - Material change on machine M3: Citybike_Fahrrad_endmontiert -> Mountainbike_Tretlageraufnahme_geschweisst, setup time: 15
2025-05-15 15:19:46,076 - JSPGymEnvironment - INFO - Executed operation: Job J5, Op 2, Machine M3, Start: 900, End: 932, Setup: 15
2025-05-15 15:19:46,077 - JSPGymEnvironment - INFO - 
===== REWARD DETAILS FOR STEP 20 =====
Job: J5, Operation: 2, Job Completed: False
Current Time: 885.00 -> 932.00, Setup Time: 15.00
Processing Time: 32.00, Idle Time: 0.00
Completed Jobs: 1/20
Machine: M3, Material: Mountainbike_Tretlageraufnahme_geschweisst

REWARD COMPONENTS:
- makespan_reward: -0.2350
- setup_reward: -3.7500
- deadline_reward: 0.0000
- priority_reward: 0.0000
- critical_job_reward: 0.0000
- placement_reward: 0.0000
- lookahead_reward: 0.0000
- timeliness_reward: 9.3042
- machine_idle_penalty: -2.4625
- credit_assignment_penalty: 0.0000

TOTAL REWARD: 2.8567

CUMULATIVE REWARD COMPONENTS:
- makespan_reward: -4.4500
- setup_reward: -95.0000
- deadline_reward: 20.0000
- priority_reward: 32.0000
- critical_job_reward: 26.9667
- placement_reward: 0.0000
- lookahead_reward: 6.4000
- timeliness_reward: 176.2411
- machine_idle_penalty: -60.9250
- credit_assignment_penalty: 0.0000

CUMULATIVE TOTAL: 101.2327

CRITICAL STATE INFO:
- Valid actions: ['J1', 'J2', 'J4', 'J5', 'J6', 'J7', 'J8', 'J9', 'J10', 'J11', 'J12', 'J13', 'J14', 'J15', 'J16', 'J17', 'J18', 'J19', 'J20']
- Machine states:
  - Machine M1: Time=782.00, Idle=150.00, Material=E-Bike_Hauptrahmen_zugeschnitten
  - Machine M2: Time=885.00, Idle=47.00, Material=Mountainbike_Laufraeder_montiert
  - Machine M3: Time=932.00, Idle=0.00, Material=Mountainbike_Tretlageraufnahme_geschweisst
==================================================

2025-05-15 15:19:46,129 - JSPGymEnvironment - INFO - Material change on machine M3: Mountainbike_Tretlageraufnahme_geschweisst -> Mountainbike_Bremsaufnahme_gebohrt, setup time: 15
2025-05-15 15:19:46,129 - JSPGymEnvironment - INFO - Executed operation: Job J5, Op 3, Machine M3, Start: 947, End: 964, Setup: 15
2025-05-15 15:19:46,129 - JSPGymEnvironment - INFO - 
===== REWARD DETAILS FOR STEP 21 =====
Job: J5, Operation: 3, Job Completed: False
Current Time: 932.00 -> 964.00, Setup Time: 15.00
Processing Time: 17.00, Idle Time: 0.00
Completed Jobs: 1/20
Machine: M3, Material: Mountainbike_Bremsaufnahme_gebohrt

REWARD COMPONENTS:
- makespan_reward: -0.1600
- setup_reward: -3.7500
- deadline_reward: 0.0000
- priority_reward: 0.0000
- critical_job_reward: 0.0000
- placement_reward: 0.0000
- lookahead_reward: 0.0000
- timeliness_reward: 9.2979
- machine_idle_penalty: -3.2625
- credit_assignment_penalty: 0.0000

TOTAL REWARD: 2.1254

CUMULATIVE REWARD COMPONENTS:
- makespan_reward: -4.6100
- setup_reward: -98.7500
- deadline_reward: 20.0000
- priority_reward: 32.0000
- critical_job_reward: 26.9667
- placement_reward: 0.0000
- lookahead_reward: 6.4000
- timeliness_reward: 185.5389
- machine_idle_penalty: -64.1875
- credit_assignment_penalty: 0.0000

CUMULATIVE TOTAL: 103.3581

CRITICAL STATE INFO:
- Valid actions: ['J1', 'J2', 'J4', 'J5', 'J6', 'J7', 'J8', 'J9', 'J10', 'J11', 'J12', 'J13', 'J14', 'J15', 'J16', 'J17', 'J18', 'J19', 'J20']
- Machine states:
  - Machine M1: Time=782.00, Idle=182.00, Material=E-Bike_Hauptrahmen_zugeschnitten
  - Machine M2: Time=885.00, Idle=79.00, Material=Mountainbike_Laufraeder_montiert
  - Machine M3: Time=964.00, Idle=0.00, Material=Mountainbike_Bremsaufnahme_gebohrt
==================================================

2025-05-15 15:19:46,182 - JSPGymEnvironment - INFO - Material change on machine M3: Mountainbike_Bremsaufnahme_gebohrt -> Racebike_Antrieb_installiert, setup time: 15
2025-05-15 15:19:46,182 - JSPGymEnvironment - INFO - Executed operation: Job J1, Op 2, Machine M3, Start: 979, End: 1003, Setup: 15
2025-05-15 15:19:46,182 - JSPGymEnvironment - INFO - 
===== REWARD DETAILS FOR STEP 22 =====
Job: J1, Operation: 2, Job Completed: False
Current Time: 964.00 -> 1003.00, Setup Time: 15.00
Processing Time: 24.00, Idle Time: 0.00
Completed Jobs: 1/20
Machine: M3, Material: Racebike_Antrieb_installiert

REWARD COMPONENTS:
- makespan_reward: -0.1950
- setup_reward: -3.7500
- deadline_reward: 0.0000
- priority_reward: 0.0000
- critical_job_reward: 0.5000
- placement_reward: 0.0000
- lookahead_reward: 0.0000
- timeliness_reward: 9.3949
- machine_idle_penalty: -4.2375
- credit_assignment_penalty: 0.0000

TOTAL REWARD: 1.7124

CUMULATIVE REWARD COMPONENTS:
- makespan_reward: -4.8050
- setup_reward: -102.5000
- deadline_reward: 20.0000
- priority_reward: 32.0000
- critical_job_reward: 27.4667
- placement_reward: 0.0000
- lookahead_reward: 6.4000
- timeliness_reward: 194.9338
- machine_idle_penalty: -68.4250
- credit_assignment_penalty: 0.0000

CUMULATIVE TOTAL: 105.0705

CRITICAL STATE INFO:
- Valid actions: ['J1', 'J2', 'J4', 'J5', 'J6', 'J7', 'J8', 'J9', 'J10', 'J11', 'J12', 'J13', 'J14', 'J15', 'J16', 'J17', 'J18', 'J19', 'J20']
- Machine states:
  - Machine M1: Time=782.00, Idle=221.00, Material=E-Bike_Hauptrahmen_zugeschnitten
  - Machine M2: Time=885.00, Idle=118.00, Material=Mountainbike_Laufraeder_montiert
  - Machine M3: Time=1003.00, Idle=0.00, Material=Racebike_Antrieb_installiert
==================================================

2025-05-15 15:19:46,182 - JSPGymEnvironment - INFO - 
===== REWARD DETAILS FOR STEP 2 =====
Job: J4, Operation: 0, Job Completed: False
Current Time: 27.00 -> 69.00, Setup Time: 15.00
Processing Time: 27.00, Idle Time: 0.00
Completed Jobs: 0/20
Machine: M3, Material: Citybike_Rahmen_lackiert

REWARD COMPONENTS:
- makespan_reward: -0.2100
- setup_reward: -3.7500
- deadline_reward: 0.0000
- priority_reward: 0.0000
- critical_job_reward: 0.0000
- placement_reward: 0.0000
- lookahead_reward: 6.2000
- timeliness_reward: 9.1833
- machine_idle_penalty: -1.8250
- credit_assignment_penalty: 0.0000

TOTAL REWARD: 9.5983

CUMULATIVE REWARD COMPONENTS:
- makespan_reward: -0.3450
- setup_reward: -3.7500
- deadline_reward: 0.0000
- priority_reward: 0.0000
- critical_job_reward: 0.5000
- placement_reward: 0.0000
- lookahead_reward: 12.6000
- timeliness_reward: 18.3556
- machine_idle_penalty: -2.6000
- credit_assignment_penalty: 0.0000

CUMULATIVE TOTAL: 24.7606

CRITICAL STATE INFO:
- Valid actions: ['J1', 'J2', 'J3', 'J4', 'J5', 'J6', 'J7', 'J8', 'J9', 'J10', 'J11', 'J12', 'J13', 'J14', 'J15', 'J16', 'J17', 'J18', 'J19', 'J20']
- Machine states:
  - Machine M1: Time=0.00, Idle=69.00, Material=None
  - Machine M2: Time=0.00, Idle=69.00, Material=None
  - Machine M3: Time=69.00, Idle=0.00, Material=Citybike_Rahmen_lackiert
==================================================

2025-05-15 15:19:46,231 - JSPGymEnvironment - INFO - Material change on machine M2:  -> Mountainbike_Tretlager_gefraest, setup time: 0
2025-05-15 15:19:46,231 - JSPGymEnvironment - INFO - Executed operation: Job J5, Op 0, Machine M2, Start: 69, End: 92, Setup: 0
2025-05-15 15:19:46,275 - JSPGymEnvironment - INFO - Material change on machine M2: Mountainbike_Tretlager_gefraest -> E-Bike_Hauptrahmen_zugeschnitten, setup time: 20
2025-05-15 15:19:46,275 - JSPGymEnvironment - INFO - Executed operation: Job J8, Op 0, Machine M2, Start: 112, End: 156, Setup: 20
2025-05-15 15:19:46,275 - JSPGymEnvironment - INFO - 
===== REWARD DETAILS FOR STEP 4 =====
Job: J8, Operation: 0, Job Completed: False
Current Time: 92.00 -> 156.00, Setup Time: 20.00
Processing Time: 44.00, Idle Time: 0.00
Completed Jobs: 0/20
Machine: M2, Material: E-Bike_Hauptrahmen_zugeschnitten

REWARD COMPONENTS:
- makespan_reward: -0.3200
- setup_reward: -5.0000
- deadline_reward: 0.0000
- priority_reward: 0.0000
- critical_job_reward: 0.5000
- placement_reward: 0.0000
- lookahead_reward: 0.0000
- timeliness_reward: 9.2099
- machine_idle_penalty: -3.1375
- credit_assignment_penalty: 0.0000

TOTAL REWARD: 1.2524

CUMULATIVE REWARD COMPONENTS:
- makespan_reward: -0.6650
- setup_reward: -8.7500
- deadline_reward: 0.0000
- priority_reward: 0.0000
- critical_job_reward: 1.0000
- placement_reward: 0.0000
- lookahead_reward: 12.6000
- timeliness_reward: 27.5654
- machine_idle_penalty: -5.7375
- credit_assignment_penalty: 0.0000

CUMULATIVE TOTAL: 26.0129

CRITICAL STATE INFO:
- Valid actions: ['J1', 'J2', 'J3', 'J4', 'J5', 'J6', 'J7', 'J8', 'J9', 'J10', 'J11', 'J12', 'J13', 'J14', 'J15', 'J16', 'J17', 'J18', 'J19', 'J20']
- Machine states:
  - Machine M1: Time=0.00, Idle=156.00, Material=None
  - Machine M2: Time=156.00, Idle=0.00, Material=E-Bike_Hauptrahmen_zugeschnitten
  - Machine M3: Time=69.00, Idle=87.00, Material=Citybike_Rahmen_lackiert
==================================================

2025-05-15 15:19:46,319 - JSPGymEnvironment - INFO - Material change on machine M2: E-Bike_Hauptrahmen_zugeschnitten -> Racebike_Schaltauge_bearbeitet, setup time: 20
2025-05-15 15:19:46,319 - JSPGymEnvironment - INFO - Executed operation: Job J1, Op 1, Machine M2, Start: 176, End: 197, Setup: 20
2025-05-15 15:19:46,319 - JSPGymEnvironment - INFO - 
===== REWARD DETAILS FOR STEP 5 =====
Job: J1, Operation: 1, Job Completed: False
Current Time: 156.00 -> 197.00, Setup Time: 20.00
Processing Time: 21.00, Idle Time: 0.00
Completed Jobs: 0/20
Machine: M2, Material: Racebike_Schaltauge_bearbeitet

REWARD COMPONENTS:
- makespan_reward: -0.2050
- setup_reward: -5.0000
- deadline_reward: 0.0000
- priority_reward: 0.0000
- critical_job_reward: 0.5000
- placement_reward: 0.0000
- lookahead_reward: 0.0000
- timeliness_reward: 9.2429
- machine_idle_penalty: -4.1625
- credit_assignment_penalty: 0.0000

TOTAL REWARD: 0.3754

CUMULATIVE REWARD COMPONENTS:
- makespan_reward: -0.8700
- setup_reward: -13.7500
- deadline_reward: 0.0000
- priority_reward: 0.0000
- critical_job_reward: 1.5000
- placement_reward: 0.0000
- lookahead_reward: 12.6000
- timeliness_reward: 36.8083
- machine_idle_penalty: -9.9000
- credit_assignment_penalty: 0.0000

CUMULATIVE TOTAL: 26.3883

CRITICAL STATE INFO:
- Valid actions: ['J1', 'J2', 'J3', 'J4', 'J5', 'J6', 'J7', 'J8', 'J9', 'J10', 'J11', 'J12', 'J13', 'J14', 'J15', 'J16', 'J17', 'J18', 'J19', 'J20']
- Machine states:
  - Machine M1: Time=0.00, Idle=197.00, Material=None
  - Machine M2: Time=197.00, Idle=0.00, Material=Racebike_Schaltauge_bearbeitet
  - Machine M3: Time=69.00, Idle=128.00, Material=Citybike_Rahmen_lackiert
==================================================

2025-05-15 15:19:46,515 - JSPGymEnvironment - INFO - Material change on machine M1:  -> Citybike_Hinterbau_vorbereitet, setup time: 0
2025-05-15 15:19:46,515 - JSPGymEnvironment - INFO - Executed operation: Job J4, Op 1, Machine M1, Start: 197, End: 241, Setup: 0
2025-05-15 15:19:46,515 - JSPGymEnvironment - INFO - 
===== REWARD DETAILS FOR STEP 6 =====
Job: J4, Operation: 1, Job Completed: False
Current Time: 197.00 -> 241.00, Setup Time: 0.00
Processing Time: 44.00, Idle Time: 0.00
Completed Jobs: 0/20
Machine: M1, Material: Citybike_Hinterbau_vorbereitet

REWARD COMPONENTS:
- makespan_reward: -0.2200
- setup_reward: 0.0000
- deadline_reward: 0.0000
- priority_reward: 0.0000
- critical_job_reward: 0.0000
- placement_reward: 0.0000
- lookahead_reward: 0.0000
- timeliness_reward: 9.2358
- machine_idle_penalty: -2.7500
- credit_assignment_penalty: 0.0000

TOTAL REWARD: 6.2658

CUMULATIVE REWARD COMPONENTS:
- makespan_reward: -1.0900
- setup_reward: -13.7500
- deadline_reward: 0.0000
- priority_reward: 0.0000
- critical_job_reward: 1.5000
- placement_reward: 0.0000
- lookahead_reward: 12.6000
- timeliness_reward: 46.0441
- machine_idle_penalty: -12.6500
- credit_assignment_penalty: 0.0000

CUMULATIVE TOTAL: 32.6541

CRITICAL STATE INFO:
- Valid actions: ['J1', 'J2', 'J3', 'J4', 'J5', 'J6', 'J7', 'J8', 'J9', 'J10', 'J11', 'J12', 'J13', 'J14', 'J15', 'J16', 'J17', 'J18', 'J19', 'J20']
- Machine states:
  - Machine M1: Time=241.00, Idle=0.00, Material=Citybike_Hinterbau_vorbereitet
  - Machine M2: Time=197.00, Idle=44.00, Material=Racebike_Schaltauge_bearbeitet
  - Machine M3: Time=69.00, Idle=172.00, Material=Citybike_Rahmen_lackiert
==================================================

2025-05-15 15:19:46,558 - JSPGymEnvironment - INFO - Material change on machine M1: Citybike_Hinterbau_vorbereitet -> E-Bike_Laufraeder_montiert, setup time: 40
2025-05-15 15:19:46,558 - JSPGymEnvironment - INFO - Executed operation: Job J8, Op 1, Machine M1, Start: 281, End: 321, Setup: 40
2025-05-15 15:19:46,559 - JSPGymEnvironment - INFO - 
===== REWARD DETAILS FOR STEP 7 =====
Job: J8, Operation: 1, Job Completed: False
Current Time: 241.00 -> 321.00, Setup Time: 40.00
Processing Time: 40.00, Idle Time: 0.00
Completed Jobs: 0/20
Machine: M1, Material: E-Bike_Laufraeder_montiert

REWARD COMPONENTS:
- makespan_reward: -0.4000
- setup_reward: -10.0000
- deadline_reward: 0.0000
- priority_reward: 0.0000
- critical_job_reward: 0.5000
- placement_reward: 0.0000
- lookahead_reward: 0.0000
- timeliness_reward: 9.2555
- machine_idle_penalty: -4.7500
- credit_assignment_penalty: 0.0000

TOTAL REWARD: -5.3945

CUMULATIVE REWARD COMPONENTS:
- makespan_reward: -1.4900
- setup_reward: -23.7500
- deadline_reward: 0.0000
- priority_reward: 0.0000
- critical_job_reward: 2.0000
- placement_reward: 0.0000
- lookahead_reward: 12.6000
- timeliness_reward: 55.2996
- machine_idle_penalty: -17.4000
- credit_assignment_penalty: 0.0000

CUMULATIVE TOTAL: 27.2596

CRITICAL STATE INFO:
- Valid actions: ['J1', 'J2', 'J3', 'J4', 'J5', 'J6', 'J7', 'J8', 'J9', 'J10', 'J11', 'J12', 'J13', 'J14', 'J15', 'J16', 'J17', 'J18', 'J19', 'J20']
- Machine states:
  - Machine M1: Time=321.00, Idle=0.00, Material=E-Bike_Laufraeder_montiert
  - Machine M2: Time=197.00, Idle=124.00, Material=Racebike_Schaltauge_bearbeitet
  - Machine M3: Time=69.00, Idle=252.00, Material=Citybike_Rahmen_lackiert
==================================================

2025-05-15 15:19:46,601 - JSPGymEnvironment - INFO - Material change on machine M2: Racebike_Schaltauge_bearbeitet -> E-Bike_Steuerrohr_ausgerieben, setup time: 20
2025-05-15 15:19:46,601 - JSPGymEnvironment - INFO - Executed operation: Job J8, Op 2, Machine M2, Start: 341, End: 357, Setup: 20
2025-05-15 15:19:46,601 - JSPGymEnvironment - INFO - 
===== REWARD DETAILS FOR STEP 8 =====
Job: J8, Operation: 2, Job Completed: False
Current Time: 321.00 -> 357.00, Setup Time: 20.00
Processing Time: 16.00, Idle Time: 0.00
Completed Jobs: 0/20
Machine: M2, Material: E-Bike_Steuerrohr_ausgerieben

REWARD COMPONENTS:
- makespan_reward: -0.1800
- setup_reward: -5.0000
- deadline_reward: 0.0000
- priority_reward: 0.0000
- critical_job_reward: 0.5000
- placement_reward: 0.0000
- lookahead_reward: 0.0000
- timeliness_reward: 9.2643
- machine_idle_penalty: -4.1000
- credit_assignment_penalty: 0.0000

TOTAL REWARD: 0.4843

CUMULATIVE REWARD COMPONENTS:
- makespan_reward: -1.6700
- setup_reward: -28.7500
- deadline_reward: 0.0000
- priority_reward: 0.0000
- critical_job_reward: 2.5000
- placement_reward: 0.0000
- lookahead_reward: 12.6000
- timeliness_reward: 64.5639
- machine_idle_penalty: -21.5000
- credit_assignment_penalty: 0.0000

CUMULATIVE TOTAL: 27.7439

CRITICAL STATE INFO:
- Valid actions: ['J1', 'J2', 'J3', 'J4', 'J5', 'J6', 'J7', 'J8', 'J9', 'J10', 'J11', 'J12', 'J13', 'J14', 'J15', 'J16', 'J17', 'J18', 'J19', 'J20']
- Machine states:
  - Machine M1: Time=321.00, Idle=36.00, Material=E-Bike_Laufraeder_montiert
  - Machine M2: Time=357.00, Idle=0.00, Material=E-Bike_Steuerrohr_ausgerieben
  - Machine M3: Time=69.00, Idle=288.00, Material=Citybike_Rahmen_lackiert
==================================================

2025-05-15 15:19:46,644 - JSPGymEnvironment - INFO - Material change on machine M2: E-Bike_Steuerrohr_ausgerieben -> Citybike_Steuerrohr_ausgerieben, setup time: 20
2025-05-15 15:19:46,644 - JSPGymEnvironment - INFO - Executed operation: Job J4, Op 2, Machine M2, Start: 377, End: 387, Setup: 20
2025-05-15 15:19:46,644 - JSPGymEnvironment - INFO - 
===== REWARD DETAILS FOR STEP 9 =====
Job: J4, Operation: 2, Job Completed: False
Current Time: 357.00 -> 387.00, Setup Time: 20.00
Processing Time: 10.00, Idle Time: 0.00
Completed Jobs: 0/20
Machine: M2, Material: Citybike_Steuerrohr_ausgerieben

REWARD COMPONENTS:
- makespan_reward: -0.1500
- setup_reward: -5.0000
- deadline_reward: 0.0000
- priority_reward: 0.0000
- critical_job_reward: 0.0000
- placement_reward: 0.0000
- lookahead_reward: 0.0000
- timeliness_reward: 9.2735
- machine_idle_penalty: -4.8500
- credit_assignment_penalty: 0.0000

TOTAL REWARD: -0.7265

CUMULATIVE REWARD COMPONENTS:
- makespan_reward: -1.8200
- setup_reward: -33.7500
- deadline_reward: 0.0000
- priority_reward: 0.0000
- critical_job_reward: 2.5000
- placement_reward: 0.0000
- lookahead_reward: 12.6000
- timeliness_reward: 73.8375
- machine_idle_penalty: -26.3500
- credit_assignment_penalty: 0.0000

CUMULATIVE TOTAL: 27.0175

CRITICAL STATE INFO:
- Valid actions: ['J1', 'J2', 'J3', 'J4', 'J5', 'J6', 'J7', 'J8', 'J9', 'J10', 'J11', 'J12', 'J13', 'J14', 'J15', 'J16', 'J17', 'J18', 'J19', 'J20']
- Machine states:
  - Machine M1: Time=321.00, Idle=66.00, Material=E-Bike_Laufraeder_montiert
  - Machine M2: Time=387.00, Idle=0.00, Material=Citybike_Steuerrohr_ausgerieben
  - Machine M3: Time=69.00, Idle=318.00, Material=Citybike_Rahmen_lackiert
==================================================

2025-05-15 15:19:46,688 - JSPGymEnvironment - INFO - Material change on machine M2: Citybike_Steuerrohr_ausgerieben -> Citybike_Bremsaufnahme_gebohrt, setup time: 20
2025-05-15 15:19:46,688 - JSPGymEnvironment - INFO - Executed operation: Job J4, Op 3, Machine M2, Start: 407, End: 417, Setup: 20
2025-05-15 15:19:46,689 - JSPGymEnvironment - INFO - 
===== REWARD DETAILS FOR STEP 10 =====
Job: J4, Operation: 3, Job Completed: False
Current Time: 387.00 -> 417.00, Setup Time: 20.00
Processing Time: 10.00, Idle Time: 0.00
Completed Jobs: 0/20
Machine: M2, Material: Citybike_Bremsaufnahme_gebohrt

REWARD COMPONENTS:
- makespan_reward: -0.1500
- setup_reward: -5.0000
- deadline_reward: 0.0000
- priority_reward: 0.0000
- critical_job_reward: 0.0000
- placement_reward: 0.0000
- lookahead_reward: 0.0000
- timeliness_reward: 9.2803
- machine_idle_penalty: -5.6000
- credit_assignment_penalty: 0.0000

TOTAL REWARD: -1.4697

CUMULATIVE REWARD COMPONENTS:
- makespan_reward: -1.9700
- setup_reward: -38.7500
- deadline_reward: 0.0000
- priority_reward: 0.0000
- critical_job_reward: 2.5000
- placement_reward: 0.0000
- lookahead_reward: 12.6000
- timeliness_reward: 83.1178
- machine_idle_penalty: -31.9500
- credit_assignment_penalty: 0.0000

CUMULATIVE TOTAL: 25.5478

CRITICAL STATE INFO:
- Valid actions: ['J1', 'J2', 'J3', 'J4', 'J5', 'J6', 'J7', 'J8', 'J9', 'J10', 'J11', 'J12', 'J13', 'J14', 'J15', 'J16', 'J17', 'J18', 'J19', 'J20']
- Machine states:
  - Machine M1: Time=321.00, Idle=96.00, Material=E-Bike_Laufraeder_montiert
  - Machine M2: Time=417.00, Idle=0.00, Material=Citybike_Bremsaufnahme_gebohrt
  - Machine M3: Time=69.00, Idle=348.00, Material=Citybike_Rahmen_lackiert
==================================================

2025-05-15 15:19:46,880 - JSPGymEnvironment - INFO - Material change on machine M2: Citybike_Bremsaufnahme_gebohrt -> Citybike_Tretlager_gefraest, setup time: 20
2025-05-15 15:19:46,880 - JSPGymEnvironment - INFO - Executed operation: Job J10, Op 0, Machine M2, Start: 437, End: 462, Setup: 20
2025-05-15 15:19:46,881 - JSPGymEnvironment - INFO - 
===== REWARD DETAILS FOR STEP 11 =====
Job: J10, Operation: 0, Job Completed: False
Current Time: 417.00 -> 462.00, Setup Time: 20.00
Processing Time: 25.00, Idle Time: 0.00
Completed Jobs: 0/20
Machine: M2, Material: Citybike_Tretlager_gefraest

REWARD COMPONENTS:
- makespan_reward: -0.2250
- setup_reward: -5.0000
- deadline_reward: 0.0000
- priority_reward: 0.0000
- critical_job_reward: 0.0000
- placement_reward: 0.0000
- lookahead_reward: 0.0000
- timeliness_reward: 9.2962
- machine_idle_penalty: -6.7250
- credit_assignment_penalty: 0.0000

TOTAL REWARD: -2.6538

CUMULATIVE REWARD COMPONENTS:
- makespan_reward: -2.1950
- setup_reward: -43.7500
- deadline_reward: 0.0000
- priority_reward: 0.0000
- critical_job_reward: 2.5000
- placement_reward: 0.0000
- lookahead_reward: 12.6000
- timeliness_reward: 92.4140
- machine_idle_penalty: -38.6750
- credit_assignment_penalty: 0.0000

CUMULATIVE TOTAL: 22.8940

CRITICAL STATE INFO:
- Valid actions: ['J1', 'J2', 'J3', 'J4', 'J5', 'J6', 'J7', 'J8', 'J9', 'J10', 'J11', 'J12', 'J13', 'J14', 'J15', 'J16', 'J17', 'J18', 'J19', 'J20']
- Machine states:
  - Machine M1: Time=321.00, Idle=141.00, Material=E-Bike_Laufraeder_montiert
  - Machine M2: Time=462.00, Idle=0.00, Material=Citybike_Tretlager_gefraest
  - Machine M3: Time=69.00, Idle=393.00, Material=Citybike_Rahmen_lackiert
==================================================

2025-05-15 15:19:46,928 - JSPGymEnvironment - INFO - Material change on machine M1: E-Bike_Laufraeder_montiert -> E-Bike_Hauptrahmen_zugeschnitten, setup time: 40
2025-05-15 15:19:46,929 - JSPGymEnvironment - INFO - Executed operation: Job J11, Op 0, Machine M1, Start: 502, End: 524, Setup: 40
2025-05-15 15:19:46,929 - JSPGymEnvironment - INFO - 
===== REWARD DETAILS FOR STEP 12 =====
Job: J11, Operation: 0, Job Completed: False
Current Time: 462.00 -> 524.00, Setup Time: 40.00
Processing Time: 22.00, Idle Time: 0.00
Completed Jobs: 0/20
Machine: M1, Material: E-Bike_Hauptrahmen_zugeschnitten

REWARD COMPONENTS:
- makespan_reward: -0.3100
- setup_reward: -10.0000
- deadline_reward: 0.0000
- priority_reward: 0.0000
- critical_job_reward: 0.5000
- placement_reward: 0.0000
- lookahead_reward: 0.0000
- timeliness_reward: 9.2981
- machine_idle_penalty: -6.5125
- credit_assignment_penalty: 0.0000

TOTAL REWARD: -7.0244

CUMULATIVE REWARD COMPONENTS:
- makespan_reward: -2.5050
- setup_reward: -53.7500
- deadline_reward: 0.0000
- priority_reward: 0.0000
- critical_job_reward: 3.0000
- placement_reward: 0.0000
- lookahead_reward: 12.6000
- timeliness_reward: 101.7121
- machine_idle_penalty: -45.1875
- credit_assignment_penalty: 0.0000

CUMULATIVE TOTAL: 15.8696

CRITICAL STATE INFO:
- Valid actions: ['J1', 'J2', 'J3', 'J4', 'J5', 'J6', 'J7', 'J8', 'J9', 'J10', 'J11', 'J12', 'J13', 'J14', 'J15', 'J16', 'J17', 'J18', 'J19', 'J20']
- Machine states:
  - Machine M1: Time=524.00, Idle=0.00, Material=E-Bike_Hauptrahmen_zugeschnitten
  - Machine M2: Time=462.00, Idle=62.00, Material=Citybike_Tretlager_gefraest
  - Machine M3: Time=69.00, Idle=455.00, Material=Citybike_Rahmen_lackiert
==================================================

2025-05-15 15:19:46,976 - JSPGymEnvironment - INFO - Material change on machine M3: Citybike_Rahmen_lackiert -> E-Bike_Laufraeder_montiert, setup time: 15
2025-05-15 15:19:46,976 - JSPGymEnvironment - INFO - Executed operation: Job J11, Op 1, Machine M3, Start: 539, End: 572, Setup: 15
2025-05-15 15:19:46,976 - JSPGymEnvironment - INFO - 
===== REWARD DETAILS FOR STEP 13 =====
Job: J11, Operation: 1, Job Completed: False
Current Time: 524.00 -> 572.00, Setup Time: 15.00
Processing Time: 33.00, Idle Time: 0.00
Completed Jobs: 0/20
Machine: M3, Material: E-Bike_Laufraeder_montiert

REWARD COMPONENTS:
- makespan_reward: -0.2400
- setup_reward: -3.7500
- deadline_reward: 0.0000
- priority_reward: 0.0000
- critical_job_reward: 0.5000
- placement_reward: 0.0000
- lookahead_reward: 0.0000
- timeliness_reward: 9.3053
- machine_idle_penalty: -1.9750
- credit_assignment_penalty: 0.0000

TOTAL REWARD: 3.8403

CUMULATIVE REWARD COMPONENTS:
- makespan_reward: -2.7450
- setup_reward: -57.5000
- deadline_reward: 0.0000
- priority_reward: 0.0000
- critical_job_reward: 3.5000
- placement_reward: 0.0000
- lookahead_reward: 12.6000
- timeliness_reward: 111.0173
- machine_idle_penalty: -47.1625
- credit_assignment_penalty: 0.0000

CUMULATIVE TOTAL: 19.7098

CRITICAL STATE INFO:
- Valid actions: ['J1', 'J2', 'J3', 'J4', 'J5', 'J6', 'J7', 'J8', 'J9', 'J10', 'J11', 'J12', 'J13', 'J14', 'J15', 'J16', 'J17', 'J18', 'J19', 'J20']
- Machine states:
  - Machine M1: Time=524.00, Idle=48.00, Material=E-Bike_Hauptrahmen_zugeschnitten
  - Machine M2: Time=462.00, Idle=110.00, Material=Citybike_Tretlager_gefraest
  - Machine M3: Time=572.00, Idle=0.00, Material=E-Bike_Laufraeder_montiert
==================================================

2025-05-15 15:19:47,020 - JSPGymEnvironment - INFO - Material change on machine M3: E-Bike_Laufraeder_montiert -> Citybike_Fahrrad_endmontiert, setup time: 15
2025-05-15 15:19:47,020 - JSPGymEnvironment - INFO - Executed operation: Job J4, Op 4, Machine M3, Start: 587, End: 635, Setup: 15
2025-05-15 15:19:47,020 - JSPGymEnvironment - INFO - 
===== REWARD DETAILS FOR STEP 14 =====
Job: J4, Operation: 4, Job Completed: False
Current Time: 572.00 -> 635.00, Setup Time: 15.00
Processing Time: 48.00, Idle Time: 0.00
Completed Jobs: 0/20
Machine: M3, Material: Citybike_Fahrrad_endmontiert

REWARD COMPONENTS:
- makespan_reward: -0.3150
- setup_reward: -3.7500
- deadline_reward: 0.0000
- priority_reward: 0.0000
- critical_job_reward: 0.0000
- placement_reward: 0.0000
- lookahead_reward: 0.0000
- timeliness_reward: 9.3163
- machine_idle_penalty: -3.5500
- credit_assignment_penalty: 0.0000

TOTAL REWARD: 1.7013

CUMULATIVE REWARD COMPONENTS:
- makespan_reward: -3.0600
- setup_reward: -61.2500
- deadline_reward: 0.0000
- priority_reward: 0.0000
- critical_job_reward: 3.5000
- placement_reward: 0.0000
- lookahead_reward: 12.6000
- timeliness_reward: 120.3336
- machine_idle_penalty: -50.7125
- credit_assignment_penalty: 0.0000

CUMULATIVE TOTAL: 21.4111

CRITICAL STATE INFO:
- Valid actions: ['J1', 'J2', 'J3', 'J4', 'J5', 'J6', 'J7', 'J8', 'J9', 'J10', 'J11', 'J12', 'J13', 'J14', 'J15', 'J16', 'J17', 'J18', 'J19', 'J20']
- Machine states:
  - Machine M1: Time=524.00, Idle=111.00, Material=E-Bike_Hauptrahmen_zugeschnitten
  - Machine M2: Time=462.00, Idle=173.00, Material=Citybike_Tretlager_gefraest
  - Machine M3: Time=635.00, Idle=0.00, Material=Citybike_Fahrrad_endmontiert
==================================================

2025-05-15 15:19:47,073 - JSPGymEnvironment - INFO - Executed operation: Job J4, Op 5, Machine M3, Start: 645, End: 698, Setup: 10
2025-05-15 15:19:47,074 - JSPGymEnvironment - INFO - 
===== REWARD DETAILS FOR STEP 15 =====
Job: J4, Operation: 5, Job Completed: False
Current Time: 635.00 -> 698.00, Setup Time: 10.00
Processing Time: 53.00, Idle Time: 0.00
Completed Jobs: 0/20
Machine: M3, Material: Citybike_Fahrrad_endmontiert

REWARD COMPONENTS:
- makespan_reward: -0.3150
- setup_reward: -2.5000
- deadline_reward: 0.0000
- priority_reward: 0.0000
- critical_job_reward: 0.0000
- placement_reward: 0.0000
- lookahead_reward: 0.0000
- timeliness_reward: 9.3214
- machine_idle_penalty: -5.1250
- credit_assignment_penalty: 0.0000

TOTAL REWARD: 1.3814

CUMULATIVE REWARD COMPONENTS:
- makespan_reward: -3.3750
- setup_reward: -63.7500
- deadline_reward: 0.0000
- priority_reward: 0.0000
- critical_job_reward: 3.5000
- placement_reward: 0.0000
- lookahead_reward: 12.6000
- timeliness_reward: 129.6550
- machine_idle_penalty: -55.8375
- credit_assignment_penalty: 0.0000

CUMULATIVE TOTAL: 22.7925

CRITICAL STATE INFO:
- Valid actions: ['J1', 'J2', 'J3', 'J4', 'J5', 'J6', 'J7', 'J8', 'J9', 'J10', 'J11', 'J12', 'J13', 'J14', 'J15', 'J16', 'J17', 'J18', 'J19', 'J20']
- Machine states:
  - Machine M1: Time=524.00, Idle=174.00, Material=E-Bike_Hauptrahmen_zugeschnitten
  - Machine M2: Time=462.00, Idle=236.00, Material=Citybike_Tretlager_gefraest
  - Machine M3: Time=698.00, Idle=0.00, Material=Citybike_Fahrrad_endmontiert
==================================================

2025-05-15 15:19:47,122 - JSPGymEnvironment - INFO - Material change on machine M3: Citybike_Fahrrad_endmontiert -> Racebike_Antrieb_installiert, setup time: 15
2025-05-15 15:19:47,123 - JSPGymEnvironment - INFO - Executed operation: Job J1, Op 2, Machine M3, Start: 713, End: 737, Setup: 15
2025-05-15 15:19:47,123 - JSPGymEnvironment - INFO - 
===== REWARD DETAILS FOR STEP 16 =====
Job: J1, Operation: 2, Job Completed: False
Current Time: 698.00 -> 737.00, Setup Time: 15.00
Processing Time: 24.00, Idle Time: 0.00
Completed Jobs: 0/20
Machine: M3, Material: Racebike_Antrieb_installiert

REWARD COMPONENTS:
- makespan_reward: -0.1950
- setup_reward: -3.7500
- deadline_reward: 0.0000
- priority_reward: 0.0000
- critical_job_reward: 0.5000
- placement_reward: 0.0000
- lookahead_reward: 0.0000
- timeliness_reward: 9.3970
- machine_idle_penalty: -6.1000
- credit_assignment_penalty: 0.0000

TOTAL REWARD: -0.1480

CUMULATIVE REWARD COMPONENTS:
- makespan_reward: -3.5700
- setup_reward: -67.5000
- deadline_reward: 0.0000
- priority_reward: 0.0000
- critical_job_reward: 4.0000
- placement_reward: 0.0000
- lookahead_reward: 12.6000
- timeliness_reward: 139.0520
- machine_idle_penalty: -61.9375
- credit_assignment_penalty: 0.0000

CUMULATIVE TOTAL: 22.6445

CRITICAL STATE INFO:
- Valid actions: ['J1', 'J2', 'J3', 'J4', 'J5', 'J6', 'J7', 'J8', 'J9', 'J10', 'J11', 'J12', 'J13', 'J14', 'J15', 'J16', 'J17', 'J18', 'J19', 'J20']
- Machine states:
  - Machine M1: Time=524.00, Idle=213.00, Material=E-Bike_Hauptrahmen_zugeschnitten
  - Machine M2: Time=462.00, Idle=275.00, Material=Citybike_Tretlager_gefraest
  - Machine M3: Time=737.00, Idle=0.00, Material=Racebike_Antrieb_installiert
==================================================

2025-05-15 15:19:47,373 - JSPGymEnvironment - INFO - Material change on machine M1: E-Bike_Hauptrahmen_zugeschnitten -> Citybike_Hauptrahmen_zugeschnitten, setup time: 40
2025-05-15 15:19:47,373 - JSPGymEnvironment - INFO - Executed operation: Job J2, Op 0, Machine M1, Start: 777, End: 798, Setup: 40
2025-05-15 15:19:47,373 - JSPGymEnvironment - INFO - 
===== REWARD DETAILS FOR STEP 17 =====
Job: J2, Operation: 0, Job Completed: False
Current Time: 737.00 -> 798.00, Setup Time: 40.00
Processing Time: 21.00, Idle Time: 0.00
Completed Jobs: 0/20
Machine: M1, Material: Citybike_Hauptrahmen_zugeschnitten

REWARD COMPONENTS:
- makespan_reward: -0.3050
- setup_reward: -10.0000
- deadline_reward: 0.0000
- priority_reward: 0.0000
- critical_job_reward: 0.0000
- placement_reward: 0.0000
- lookahead_reward: 0.0000
- timeliness_reward: 9.3236
- machine_idle_penalty: -5.0125
- credit_assignment_penalty: 0.0000

TOTAL REWARD: -5.9939

CUMULATIVE REWARD COMPONENTS:
- makespan_reward: -3.8750
- setup_reward: -77.5000
- deadline_reward: 0.0000
- priority_reward: 0.0000
- critical_job_reward: 4.0000
- placement_reward: 0.0000
- lookahead_reward: 12.6000
- timeliness_reward: 148.3756
- machine_idle_penalty: -66.9500
- credit_assignment_penalty: 0.0000

CUMULATIVE TOTAL: 16.6506

CRITICAL STATE INFO:
- Valid actions: ['J1', 'J2', 'J3', 'J4', 'J5', 'J6', 'J7', 'J8', 'J9', 'J10', 'J11', 'J12', 'J13', 'J14', 'J15', 'J16', 'J17', 'J18', 'J19', 'J20']
- Machine states:
  - Machine M1: Time=798.00, Idle=0.00, Material=Citybike_Hauptrahmen_zugeschnitten
  - Machine M2: Time=462.00, Idle=336.00, Material=Citybike_Tretlager_gefraest
  - Machine M3: Time=737.00, Idle=61.00, Material=Racebike_Antrieb_installiert
==================================================

2025-05-15 15:19:47,430 - JSPGymEnvironment - INFO - Material change on machine M1: Citybike_Hauptrahmen_zugeschnitten -> Racebike_Hauptrahmen_zugeschnitten, setup time: 40
2025-05-15 15:19:47,431 - JSPGymEnvironment - INFO - Executed operation: Job J3, Op 0, Machine M1, Start: 838, End: 862, Setup: 40
2025-05-15 15:19:47,431 - JSPGymEnvironment - INFO - 
===== REWARD DETAILS FOR STEP 18 =====
Job: J3, Operation: 0, Job Completed: False
Current Time: 798.00 -> 862.00, Setup Time: 40.00
Processing Time: 24.00, Idle Time: 0.00
Completed Jobs: 0/20
Machine: M1, Material: Racebike_Hauptrahmen_zugeschnitten

REWARD COMPONENTS:
- makespan_reward: -0.3200
- setup_reward: -10.0000
- deadline_reward: 0.0000
- priority_reward: 0.0000
- critical_job_reward: 0.5000
- placement_reward: 0.0000
- lookahead_reward: 0.0000
- timeliness_reward: 9.3143
- machine_idle_penalty: -6.6125
- credit_assignment_penalty: 0.0000

TOTAL REWARD: -7.1182

CUMULATIVE REWARD COMPONENTS:
- makespan_reward: -4.1950
- setup_reward: -87.5000
- deadline_reward: 0.0000
- priority_reward: 0.0000
- critical_job_reward: 4.5000
- placement_reward: 0.0000
- lookahead_reward: 12.6000
- timeliness_reward: 157.6899
- machine_idle_penalty: -73.5625
- credit_assignment_penalty: 0.0000

CUMULATIVE TOTAL: 9.5324

CRITICAL STATE INFO:
- Valid actions: ['J1', 'J2', 'J3', 'J4', 'J5', 'J6', 'J7', 'J8', 'J9', 'J10', 'J11', 'J12', 'J13', 'J14', 'J15', 'J16', 'J17', 'J18', 'J19', 'J20']
- Machine states:
  - Machine M1: Time=862.00, Idle=0.00, Material=Racebike_Hauptrahmen_zugeschnitten
  - Machine M2: Time=462.00, Idle=400.00, Material=Citybike_Tretlager_gefraest
  - Machine M3: Time=737.00, Idle=125.00, Material=Racebike_Antrieb_installiert
==================================================

2025-05-15 15:19:47,482 - JSPGymEnvironment - INFO - Material change on machine M1: Racebike_Hauptrahmen_zugeschnitten -> Citybike_Hinterbau_vorbereitet, setup time: 40
2025-05-15 15:19:47,482 - JSPGymEnvironment - INFO - Executed operation: Job J10, Op 1, Machine M1, Start: 902, End: 935, Setup: 40
2025-05-15 15:19:47,482 - JSPGymEnvironment - INFO - 
===== REWARD DETAILS FOR STEP 19 =====
Job: J10, Operation: 1, Job Completed: False
Current Time: 862.00 -> 935.00, Setup Time: 40.00
Processing Time: 33.00, Idle Time: 0.00
Completed Jobs: 0/20
Machine: M1, Material: Citybike_Hinterbau_vorbereitet

REWARD COMPONENTS:
- makespan_reward: -0.3650
- setup_reward: -10.0000
- deadline_reward: 0.0000
- priority_reward: 0.0000
- critical_job_reward: 0.0000
- placement_reward: 0.0000
- lookahead_reward: 0.0000
- timeliness_reward: 9.3229
- machine_idle_penalty: -8.4375
- credit_assignment_penalty: 0.0000

TOTAL REWARD: -9.4796

CUMULATIVE REWARD COMPONENTS:
- makespan_reward: -4.5600
- setup_reward: -97.5000
- deadline_reward: 0.0000
- priority_reward: 0.0000
- critical_job_reward: 4.5000
- placement_reward: 0.0000
- lookahead_reward: 12.6000
- timeliness_reward: 167.0129
- machine_idle_penalty: -82.0000
- credit_assignment_penalty: 0.0000

CUMULATIVE TOTAL: 0.0529

CRITICAL STATE INFO:
- Valid actions: ['J1', 'J2', 'J3', 'J4', 'J5', 'J6', 'J7', 'J8', 'J9', 'J10', 'J11', 'J12', 'J13', 'J14', 'J15', 'J16', 'J17', 'J18', 'J19', 'J20']
- Machine states:
  - Machine M1: Time=935.00, Idle=0.00, Material=Citybike_Hinterbau_vorbereitet
  - Machine M2: Time=462.00, Idle=473.00, Material=Citybike_Tretlager_gefraest
  - Machine M3: Time=737.00, Idle=198.00, Material=Racebike_Antrieb_installiert
==================================================

2025-05-15 15:19:47,526 - JSPGymEnvironment - INFO - Material change on machine M3: Racebike_Antrieb_installiert -> Racebike_Laufraeder_montiert, setup time: 15
2025-05-15 15:19:47,526 - JSPGymEnvironment - INFO - Executed operation: Job J3, Op 1, Machine M3, Start: 950, End: 977, Setup: 15
2025-05-15 15:19:47,526 - JSPGymEnvironment - INFO - 
===== REWARD DETAILS FOR STEP 20 =====
Job: J3, Operation: 1, Job Completed: False
Current Time: 935.00 -> 977.00, Setup Time: 15.00
Processing Time: 27.00, Idle Time: 0.00
Completed Jobs: 0/20
Machine: M3, Material: Racebike_Laufraeder_montiert

REWARD COMPONENTS:
- makespan_reward: -0.2100
- setup_reward: -3.7500
- deadline_reward: 0.0000
- priority_reward: 0.0000
- critical_job_reward: 0.5000
- placement_reward: 0.0000
- lookahead_reward: 0.0000
- timeliness_reward: 9.2958
- machine_idle_penalty: -7.0125
- credit_assignment_penalty: 0.0000

TOTAL REWARD: -1.1767

CUMULATIVE REWARD COMPONENTS:
- makespan_reward: -4.7700
- setup_reward: -101.2500
- deadline_reward: 0.0000
- priority_reward: 0.0000
- critical_job_reward: 5.0000
- placement_reward: 0.0000
- lookahead_reward: 12.6000
- timeliness_reward: 176.3087
- machine_idle_penalty: -89.0125
- credit_assignment_penalty: 0.0000

CUMULATIVE TOTAL: -1.1238

CRITICAL STATE INFO:
- Valid actions: ['J1', 'J2', 'J3', 'J4', 'J5', 'J6', 'J7', 'J8', 'J9', 'J10', 'J11', 'J12', 'J13', 'J14', 'J15', 'J16', 'J17', 'J18', 'J19', 'J20']
- Machine states:
  - Machine M1: Time=935.00, Idle=42.00, Material=Citybike_Hinterbau_vorbereitet
  - Machine M2: Time=462.00, Idle=515.00, Material=Citybike_Tretlager_gefraest
  - Machine M3: Time=977.00, Idle=0.00, Material=Racebike_Laufraeder_montiert
==================================================

2025-05-15 15:19:47,569 - JSPGymEnvironment - INFO - Material change on machine M2: Citybike_Tretlager_gefraest -> E-Bike_Bremsaufnahme_gebohrt, setup time: 20
2025-05-15 15:19:47,569 - JSPGymEnvironment - INFO - Executed operation: Job J8, Op 3, Machine M2, Start: 997, End: 1009, Setup: 20
2025-05-15 15:19:47,569 - JSPGymEnvironment - INFO - 
===== REWARD DETAILS FOR STEP 21 =====
Job: J8, Operation: 3, Job Completed: False
Current Time: 977.00 -> 1009.00, Setup Time: 20.00
Processing Time: 12.00, Idle Time: 0.00
Completed Jobs: 0/20
Machine: M2, Material: E-Bike_Bremsaufnahme_gebohrt

REWARD COMPONENTS:
- makespan_reward: -0.1600
- setup_reward: -5.0000
- deadline_reward: 0.0000
- priority_reward: 0.0000
- critical_job_reward: 0.5000
- placement_reward: 0.0000
- lookahead_reward: 0.0000
- timeliness_reward: 9.2877
- machine_idle_penalty: -1.3250
- credit_assignment_penalty: 0.0000

TOTAL REWARD: 3.3027

CUMULATIVE REWARD COMPONENTS:
- makespan_reward: -4.9300
- setup_reward: -106.2500
- deadline_reward: 0.0000
- priority_reward: 0.0000
- critical_job_reward: 5.5000
- placement_reward: 0.0000
- lookahead_reward: 12.6000
- timeliness_reward: 185.5964
- machine_idle_penalty: -90.3375
- credit_assignment_penalty: 0.0000

CUMULATIVE TOTAL: 2.1789

CRITICAL STATE INFO:
- Valid actions: ['J1', 'J2', 'J3', 'J4', 'J5', 'J6', 'J7', 'J8', 'J9', 'J10', 'J11', 'J12', 'J13', 'J14', 'J15', 'J16', 'J17', 'J18', 'J19', 'J20']
- Machine states:
  - Machine M1: Time=935.00, Idle=74.00, Material=Citybike_Hinterbau_vorbereitet
  - Machine M2: Time=1009.00, Idle=0.00, Material=E-Bike_Bremsaufnahme_gebohrt
  - Machine M3: Time=977.00, Idle=32.00, Material=Racebike_Laufraeder_montiert
==================================================

2025-05-15 15:19:47,613 - JSPGymEnvironment - INFO - Material change on machine M2: E-Bike_Bremsaufnahme_gebohrt -> Racebike_Tretlager_gefraest, setup time: 20
2025-05-15 15:19:47,613 - JSPGymEnvironment - INFO - Executed operation: Job J9, Op 0, Machine M2, Start: 1029, End: 1055, Setup: 20
2025-05-15 15:19:47,613 - JSPGymEnvironment - INFO - 
===== REWARD DETAILS FOR STEP 22 =====
Job: J9, Operation: 0, Job Completed: False
Current Time: 1009.00 -> 1055.00, Setup Time: 20.00
Processing Time: 26.00, Idle Time: 0.00
Completed Jobs: 0/20
Machine: M2, Material: Racebike_Tretlager_gefraest

REWARD COMPONENTS:
- makespan_reward: -0.2300
- setup_reward: -5.0000
- deadline_reward: 0.0000
- priority_reward: 0.0000
- critical_job_reward: 0.5000
- placement_reward: 0.0000
- lookahead_reward: 0.0000
- timeliness_reward: 9.2800
- machine_idle_penalty: -2.4750
- credit_assignment_penalty: 0.0000

TOTAL REWARD: 2.0750

CUMULATIVE REWARD COMPONENTS:
- makespan_reward: -5.1600
- setup_reward: -111.2500
- deadline_reward: 0.0000
- priority_reward: 0.0000
- critical_job_reward: 6.0000
- placement_reward: 0.0000
- lookahead_reward: 12.6000
- timeliness_reward: 194.8764
- machine_idle_penalty: -92.8125
- credit_assignment_penalty: 0.0000

CUMULATIVE TOTAL: 4.2539

CRITICAL STATE INFO:
- Valid actions: ['J1', 'J2', 'J3', 'J4', 'J5', 'J6', 'J7', 'J8', 'J9', 'J10', 'J11', 'J12', 'J13', 'J14', 'J15', 'J16', 'J17', 'J18', 'J19', 'J20']
- Machine states:
  - Machine M1: Time=935.00, Idle=120.00, Material=Citybike_Hinterbau_vorbereitet
  - Machine M2: Time=1055.00, Idle=0.00, Material=Racebike_Tretlager_gefraest
  - Machine M3: Time=977.00, Idle=78.00, Material=Racebike_Laufraeder_montiert
==================================================

2025-05-15 15:19:47,825 - JSPGymEnvironment - INFO - Material change on machine M1: Citybike_Hinterbau_vorbereitet -> Racebike_Hinterbau_vorbereitet, setup time: 40
2025-05-15 15:19:47,825 - JSPGymEnvironment - INFO - Executed operation: Job J9, Op 1, Machine M1, Start: 1095, End: 1117, Setup: 40
2025-05-15 15:19:47,826 - JSPGymEnvironment - INFO - 
===== REWARD DETAILS FOR STEP 23 =====
Job: J9, Operation: 1, Job Completed: False
Current Time: 1055.00 -> 1117.00, Setup Time: 40.00
Processing Time: 22.00, Idle Time: 0.00
Completed Jobs: 0/20
Machine: M1, Material: Racebike_Hinterbau_vorbereitet

REWARD COMPONENTS:
- makespan_reward: -0.3100
- setup_reward: -10.0000
- deadline_reward: 0.0000
- priority_reward: 0.0000
- critical_job_reward: 0.5000
- placement_reward: 0.0000
- lookahead_reward: 0.0000
- timeliness_reward: 9.2561
- machine_idle_penalty: -2.5250
- credit_assignment_penalty: 0.0000

TOTAL REWARD: -3.0789

CUMULATIVE REWARD COMPONENTS:
- makespan_reward: -5.4700
- setup_reward: -121.2500
- deadline_reward: 0.0000
- priority_reward: 0.0000
- critical_job_reward: 6.5000
- placement_reward: 0.0000
- lookahead_reward: 12.6000
- timeliness_reward: 204.1326
- machine_idle_penalty: -95.3375
- credit_assignment_penalty: 0.0000

CUMULATIVE TOTAL: 1.1751

CRITICAL STATE INFO:
- Valid actions: ['J1', 'J2', 'J3', 'J4', 'J5', 'J6', 'J7', 'J8', 'J9', 'J10', 'J11', 'J12', 'J13', 'J14', 'J15', 'J16', 'J17', 'J18', 'J19', 'J20']
- Machine states:
  - Machine M1: Time=1117.00, Idle=0.00, Material=Racebike_Hinterbau_vorbereitet
  - Machine M2: Time=1055.00, Idle=62.00, Material=Racebike_Tretlager_gefraest
  - Machine M3: Time=977.00, Idle=140.00, Material=Racebike_Laufraeder_montiert
==================================================

2025-05-15 15:19:47,826 - JSPGymEnvironment - INFO - 
===== REWARD DETAILS FOR STEP 3 =====
Job: J5, Operation: 0, Job Completed: False
Current Time: 69.00 -> 92.00, Setup Time: 0.00
Processing Time: 23.00, Idle Time: 0.00
Completed Jobs: 0/20
Machine: M2, Material: Mountainbike_Tretlager_gefraest

REWARD COMPONENTS:
- makespan_reward: -0.1150
- setup_reward: 0.0000
- deadline_reward: 0.0000
- priority_reward: 0.0000
- critical_job_reward: 0.0000
- placement_reward: 0.0000
- lookahead_reward: 0.0000
- timeliness_reward: 9.1902
- machine_idle_penalty: -1.4875
- credit_assignment_penalty: 0.0000

TOTAL REWARD: 7.5877

CUMULATIVE REWARD COMPONENTS:
- makespan_reward: -0.4600
- setup_reward: -3.7500
- deadline_reward: 0.0000
- priority_reward: 0.0000
- critical_job_reward: 0.5000
- placement_reward: 0.0000
- lookahead_reward: 12.6000
- timeliness_reward: 27.5458
- machine_idle_penalty: -4.0875
- credit_assignment_penalty: 0.0000

CUMULATIVE TOTAL: 32.3483

CRITICAL STATE INFO:
- Valid actions: ['J1', 'J2', 'J3', 'J4', 'J5', 'J6', 'J7', 'J8', 'J9', 'J10', 'J11', 'J12', 'J13', 'J14', 'J15', 'J16', 'J17', 'J18', 'J19', 'J20']
- Machine states:
  - Machine M1: Time=0.00, Idle=92.00, Material=None
  - Machine M2: Time=92.00, Idle=0.00, Material=Mountainbike_Tretlager_gefraest
  - Machine M3: Time=69.00, Idle=23.00, Material=Citybike_Rahmen_lackiert
==================================================

2025-05-15 15:19:47,891 - JSPGymEnvironment - INFO - Material change on machine M3: Citybike_Rahmen_lackiert -> Racebike_Hauptrahmen_zugeschnitten, setup time: 15
2025-05-15 15:19:47,891 - JSPGymEnvironment - INFO - Executed operation: Job J3, Op 0, Machine M3, Start: 107, End: 131, Setup: 15
2025-05-15 15:19:47,969 - JSPGymEnvironment - INFO - Material change on machine M2: Mountainbike_Tretlager_gefraest -> Mountainbike_Laufraeder_montiert, setup time: 20
2025-05-15 15:19:47,969 - JSPGymEnvironment - INFO - Executed operation: Job J5, Op 1, Machine M2, Start: 151, End: 171, Setup: 20
2025-05-15 15:19:47,969 - JSPGymEnvironment - INFO - 
===== REWARD DETAILS FOR STEP 5 =====
Job: J5, Operation: 1, Job Completed: False
Current Time: 131.00 -> 171.00, Setup Time: 20.00
Processing Time: 20.00, Idle Time: 0.00
Completed Jobs: 0/20
Machine: M2, Material: Mountainbike_Laufraeder_montiert

REWARD COMPONENTS:
- makespan_reward: -0.2000
- setup_reward: -5.0000
- deadline_reward: 0.0000
- priority_reward: 0.0000
- critical_job_reward: 0.0000
- placement_reward: 0.0000
- lookahead_reward: 0.0000
- timeliness_reward: 9.2143
- machine_idle_penalty: -2.6875
- credit_assignment_penalty: 0.0000

TOTAL REWARD: 1.3268

CUMULATIVE REWARD COMPONENTS:
- makespan_reward: -0.6600
- setup_reward: -8.7500
- deadline_reward: 0.0000
- priority_reward: 0.0000
- critical_job_reward: 0.5000
- placement_reward: 0.0000
- lookahead_reward: 12.6000
- timeliness_reward: 36.7601
- machine_idle_penalty: -6.7750
- credit_assignment_penalty: 0.0000

CUMULATIVE TOTAL: 33.6751

CRITICAL STATE INFO:
- Valid actions: ['J1', 'J2', 'J3', 'J4', 'J5', 'J6', 'J7', 'J8', 'J9', 'J10', 'J11', 'J12', 'J13', 'J14', 'J15', 'J16', 'J17', 'J18', 'J19', 'J20']
- Machine states:
  - Machine M1: Time=0.00, Idle=171.00, Material=None
  - Machine M2: Time=171.00, Idle=0.00, Material=Mountainbike_Laufraeder_montiert
  - Machine M3: Time=131.00, Idle=40.00, Material=Racebike_Hauptrahmen_zugeschnitten
==================================================

2025-05-15 15:19:48,045 - JSPGymEnvironment - INFO - Material change on machine M1:  -> Racebike_Laufraeder_montiert, setup time: 0
2025-05-15 15:19:48,045 - JSPGymEnvironment - INFO - Executed operation: Job J3, Op 1, Machine M1, Start: 171, End: 198, Setup: 0
2025-05-15 15:19:48,046 - JSPGymEnvironment - INFO - 
===== REWARD DETAILS FOR STEP 6 =====
Job: J3, Operation: 1, Job Completed: False
Current Time: 171.00 -> 198.00, Setup Time: 0.00
Processing Time: 27.00, Idle Time: 0.00
Completed Jobs: 0/20
Machine: M1, Material: Racebike_Laufraeder_montiert

REWARD COMPONENTS:
- makespan_reward: -0.1350
- setup_reward: 0.0000
- deadline_reward: 0.0000
- priority_reward: 0.0000
- critical_job_reward: 0.5000
- placement_reward: 0.0000
- lookahead_reward: 0.0000
- timeliness_reward: 9.2222
- machine_idle_penalty: -1.1750
- credit_assignment_penalty: 0.0000

TOTAL REWARD: 8.4122

CUMULATIVE REWARD COMPONENTS:
- makespan_reward: -0.7950
- setup_reward: -8.7500
- deadline_reward: 0.0000
- priority_reward: 0.0000
- critical_job_reward: 1.0000
- placement_reward: 0.0000
- lookahead_reward: 12.6000
- timeliness_reward: 45.9824
- machine_idle_penalty: -7.9500
- credit_assignment_penalty: 0.0000

CUMULATIVE TOTAL: 42.0874

CRITICAL STATE INFO:
- Valid actions: ['J1', 'J2', 'J3', 'J4', 'J5', 'J6', 'J7', 'J8', 'J9', 'J10', 'J11', 'J12', 'J13', 'J14', 'J15', 'J16', 'J17', 'J18', 'J19', 'J20']
- Machine states:
  - Machine M1: Time=198.00, Idle=0.00, Material=Racebike_Laufraeder_montiert
  - Machine M2: Time=171.00, Idle=27.00, Material=Mountainbike_Laufraeder_montiert
  - Machine M3: Time=131.00, Idle=67.00, Material=Racebike_Hauptrahmen_zugeschnitten
==================================================

2025-05-15 15:19:48,134 - JSPGymEnvironment - INFO - Material change on machine M3: Racebike_Hauptrahmen_zugeschnitten -> Racebike_Steuerrohr_ausgerieben, setup time: 15
2025-05-15 15:19:48,134 - JSPGymEnvironment - INFO - Executed operation: Job J3, Op 2, Machine M3, Start: 213, End: 231, Setup: 15
2025-05-15 15:19:48,134 - JSPGymEnvironment - INFO - 
===== REWARD DETAILS FOR STEP 7 =====
Job: J3, Operation: 2, Job Completed: False
Current Time: 198.00 -> 231.00, Setup Time: 15.00
Processing Time: 18.00, Idle Time: 0.00
Completed Jobs: 0/20
Machine: M3, Material: Racebike_Steuerrohr_ausgerieben

REWARD COMPONENTS:
- makespan_reward: -0.1650
- setup_reward: -3.7500
- deadline_reward: 0.0000
- priority_reward: 0.0000
- critical_job_reward: 0.5000
- placement_reward: 0.0000
- lookahead_reward: 0.0000
- timeliness_reward: 9.2316
- machine_idle_penalty: -1.1625
- credit_assignment_penalty: 0.0000

TOTAL REWARD: 4.6541

CUMULATIVE REWARD COMPONENTS:
- makespan_reward: -0.9600
- setup_reward: -12.5000
- deadline_reward: 0.0000
- priority_reward: 0.0000
- critical_job_reward: 1.5000
- placement_reward: 0.0000
- lookahead_reward: 12.6000
- timeliness_reward: 55.2140
- machine_idle_penalty: -9.1125
- credit_assignment_penalty: 0.0000

CUMULATIVE TOTAL: 46.7415

CRITICAL STATE INFO:
- Valid actions: ['J1', 'J2', 'J3', 'J4', 'J5', 'J6', 'J7', 'J8', 'J9', 'J10', 'J11', 'J12', 'J13', 'J14', 'J15', 'J16', 'J17', 'J18', 'J19', 'J20']
- Machine states:
  - Machine M1: Time=198.00, Idle=33.00, Material=Racebike_Laufraeder_montiert
  - Machine M2: Time=171.00, Idle=60.00, Material=Mountainbike_Laufraeder_montiert
  - Machine M3: Time=231.00, Idle=0.00, Material=Racebike_Steuerrohr_ausgerieben
==================================================

2025-05-15 15:19:48,199 - JSPGymEnvironment - INFO - Material change on machine M3: Racebike_Steuerrohr_ausgerieben -> Citybike_Hauptrahmen_zugeschnitten, setup time: 15
2025-05-15 15:19:48,199 - JSPGymEnvironment - INFO - Executed operation: Job J2, Op 0, Machine M3, Start: 246, End: 267, Setup: 15
2025-05-15 15:19:48,199 - JSPGymEnvironment - INFO - 
===== REWARD DETAILS FOR STEP 8 =====
Job: J2, Operation: 0, Job Completed: False
Current Time: 231.00 -> 267.00, Setup Time: 15.00
Processing Time: 21.00, Idle Time: 0.00
Completed Jobs: 0/20
Machine: M3, Material: Citybike_Hauptrahmen_zugeschnitten

REWARD COMPONENTS:
- makespan_reward: -0.1800
- setup_reward: -3.7500
- deadline_reward: 0.0000
- priority_reward: 0.0000
- critical_job_reward: 0.0000
- placement_reward: 0.0000
- lookahead_reward: 0.0000
- timeliness_reward: 9.2432
- machine_idle_penalty: -2.0625
- credit_assignment_penalty: 0.0000

TOTAL REWARD: 3.2507

CUMULATIVE REWARD COMPONENTS:
- makespan_reward: -1.1400
- setup_reward: -16.2500
- deadline_reward: 0.0000
- priority_reward: 0.0000
- critical_job_reward: 1.5000
- placement_reward: 0.0000
- lookahead_reward: 12.6000
- timeliness_reward: 64.4572
- machine_idle_penalty: -11.1750
- credit_assignment_penalty: 0.0000

CUMULATIVE TOTAL: 49.9922

CRITICAL STATE INFO:
- Valid actions: ['J1', 'J2', 'J3', 'J4', 'J5', 'J6', 'J7', 'J8', 'J9', 'J10', 'J11', 'J12', 'J13', 'J14', 'J15', 'J16', 'J17', 'J18', 'J19', 'J20']
- Machine states:
  - Machine M1: Time=198.00, Idle=69.00, Material=Racebike_Laufraeder_montiert
  - Machine M2: Time=171.00, Idle=96.00, Material=Mountainbike_Laufraeder_montiert
  - Machine M3: Time=267.00, Idle=0.00, Material=Citybike_Hauptrahmen_zugeschnitten
==================================================

2025-05-15 15:19:48,468 - JSPGymEnvironment - INFO - Material change on machine M2: Mountainbike_Laufraeder_montiert -> Racebike_Tretlager_gefraest, setup time: 20
2025-05-15 15:19:48,468 - JSPGymEnvironment - INFO - Executed operation: Job J9, Op 0, Machine M2, Start: 287, End: 313, Setup: 20
2025-05-15 15:19:48,468 - JSPGymEnvironment - INFO - 
===== REWARD DETAILS FOR STEP 9 =====
Job: J9, Operation: 0, Job Completed: False
Current Time: 267.00 -> 313.00, Setup Time: 20.00
Processing Time: 26.00, Idle Time: 0.00
Completed Jobs: 0/20
Machine: M2, Material: Racebike_Tretlager_gefraest

REWARD COMPONENTS:
- makespan_reward: -0.2300
- setup_reward: -5.0000
- deadline_reward: 0.0000
- priority_reward: 0.0000
- critical_job_reward: 0.5000
- placement_reward: 0.0000
- lookahead_reward: 0.0000
- timeliness_reward: 9.2554
- machine_idle_penalty: -2.0125
- credit_assignment_penalty: 0.0000

TOTAL REWARD: 2.5129

CUMULATIVE REWARD COMPONENTS:
- makespan_reward: -1.3700
- setup_reward: -21.2500
- deadline_reward: 0.0000
- priority_reward: 0.0000
- critical_job_reward: 2.0000
- placement_reward: 0.0000
- lookahead_reward: 12.6000
- timeliness_reward: 73.7126
- machine_idle_penalty: -13.1875
- credit_assignment_penalty: 0.0000

CUMULATIVE TOTAL: 52.5051

CRITICAL STATE INFO:
- Valid actions: ['J1', 'J2', 'J3', 'J4', 'J5', 'J6', 'J7', 'J8', 'J9', 'J10', 'J11', 'J12', 'J13', 'J14', 'J15', 'J16', 'J17', 'J18', 'J19', 'J20']
- Machine states:
  - Machine M1: Time=198.00, Idle=115.00, Material=Racebike_Laufraeder_montiert
  - Machine M2: Time=313.00, Idle=0.00, Material=Racebike_Tretlager_gefraest
  - Machine M3: Time=267.00, Idle=46.00, Material=Citybike_Hauptrahmen_zugeschnitten
==================================================

2025-05-15 15:19:48,536 - JSPGymEnvironment - INFO - Material change on machine M1: Racebike_Laufraeder_montiert -> Citybike_Hauptrahmen_zugeschnitten, setup time: 40
2025-05-15 15:19:48,536 - JSPGymEnvironment - INFO - Executed operation: Job J6, Op 0, Machine M1, Start: 353, End: 369, Setup: 40
2025-05-15 15:19:48,537 - JSPGymEnvironment - INFO - 
===== REWARD DETAILS FOR STEP 10 =====
Job: J6, Operation: 0, Job Completed: False
Current Time: 313.00 -> 369.00, Setup Time: 40.00
Processing Time: 16.00, Idle Time: 0.00
Completed Jobs: 0/20
Machine: M1, Material: Citybike_Hauptrahmen_zugeschnitten

REWARD COMPONENTS:
- makespan_reward: -0.2800
- setup_reward: -10.0000
- deadline_reward: 0.0000
- priority_reward: 0.0000
- critical_job_reward: 0.0000
- placement_reward: 0.0000
- lookahead_reward: 0.0000
- timeliness_reward: 9.2694
- machine_idle_penalty: -1.9750
- credit_assignment_penalty: 0.0000

TOTAL REWARD: -2.9856

CUMULATIVE REWARD COMPONENTS:
- makespan_reward: -1.6500
- setup_reward: -31.2500
- deadline_reward: 0.0000
- priority_reward: 0.0000
- critical_job_reward: 2.0000
- placement_reward: 0.0000
- lookahead_reward: 12.6000
- timeliness_reward: 82.9820
- machine_idle_penalty: -15.1625
- credit_assignment_penalty: 0.0000

CUMULATIVE TOTAL: 49.5195

CRITICAL STATE INFO:
- Valid actions: ['J1', 'J2', 'J3', 'J4', 'J5', 'J6', 'J7', 'J8', 'J9', 'J10', 'J11', 'J12', 'J13', 'J14', 'J15', 'J16', 'J17', 'J18', 'J19', 'J20']
- Machine states:
  - Machine M1: Time=369.00, Idle=0.00, Material=Citybike_Hauptrahmen_zugeschnitten
  - Machine M2: Time=313.00, Idle=56.00, Material=Racebike_Tretlager_gefraest
  - Machine M3: Time=267.00, Idle=102.00, Material=Citybike_Hauptrahmen_zugeschnitten
==================================================

2025-05-15 15:19:48,608 - JSPGymEnvironment - INFO - Material change on machine M2: Racebike_Tretlager_gefraest -> E-Bike_Hauptrahmen_zugeschnitten, setup time: 20
2025-05-15 15:19:48,608 - JSPGymEnvironment - INFO - Executed operation: Job J8, Op 0, Machine M2, Start: 389, End: 433, Setup: 20
2025-05-15 15:19:48,608 - JSPGymEnvironment - INFO - 
===== REWARD DETAILS FOR STEP 11 =====
Job: J8, Operation: 0, Job Completed: False
Current Time: 369.00 -> 433.00, Setup Time: 20.00
Processing Time: 44.00, Idle Time: 0.00
Completed Jobs: 0/20
Machine: M2, Material: E-Bike_Hauptrahmen_zugeschnitten

REWARD COMPONENTS:
- makespan_reward: -0.3200
- setup_reward: -5.0000
- deadline_reward: 0.0000
- priority_reward: 0.0000
- critical_job_reward: 0.5000
- placement_reward: 0.0000
- lookahead_reward: 0.0000
- timeliness_reward: 9.2812
- machine_idle_penalty: -2.8750
- credit_assignment_penalty: 0.0000

TOTAL REWARD: 1.5862

CUMULATIVE REWARD COMPONENTS:
- makespan_reward: -1.9700
- setup_reward: -36.2500
- deadline_reward: 0.0000
- priority_reward: 0.0000
- critical_job_reward: 2.5000
- placement_reward: 0.0000
- lookahead_reward: 12.6000
- timeliness_reward: 92.2632
- machine_idle_penalty: -18.0375
- credit_assignment_penalty: 0.0000

CUMULATIVE TOTAL: 51.1057

CRITICAL STATE INFO:
- Valid actions: ['J1', 'J2', 'J3', 'J4', 'J5', 'J6', 'J7', 'J8', 'J9', 'J10', 'J11', 'J12', 'J13', 'J14', 'J15', 'J16', 'J17', 'J18', 'J19', 'J20']
- Machine states:
  - Machine M1: Time=369.00, Idle=64.00, Material=Citybike_Hauptrahmen_zugeschnitten
  - Machine M2: Time=433.00, Idle=0.00, Material=E-Bike_Hauptrahmen_zugeschnitten
  - Machine M3: Time=267.00, Idle=166.00, Material=Citybike_Hauptrahmen_zugeschnitten
==================================================

2025-05-15 15:19:48,670 - JSPGymEnvironment - INFO - Material change on machine M2: E-Bike_Hauptrahmen_zugeschnitten -> Racebike_Schaltauge_bearbeitet, setup time: 20
2025-05-15 15:19:48,671 - JSPGymEnvironment - INFO - Executed operation: Job J1, Op 1, Machine M2, Start: 453, End: 474, Setup: 20
2025-05-15 15:19:48,671 - JSPGymEnvironment - INFO - 
===== REWARD DETAILS FOR STEP 12 =====
Job: J1, Operation: 1, Job Completed: False
Current Time: 433.00 -> 474.00, Setup Time: 20.00
Processing Time: 21.00, Idle Time: 0.00
Completed Jobs: 0/20
Machine: M2, Material: Racebike_Schaltauge_bearbeitet

REWARD COMPONENTS:
- makespan_reward: -0.2050
- setup_reward: -5.0000
- deadline_reward: 0.0000
- priority_reward: 0.0000
- critical_job_reward: 0.5000
- placement_reward: 0.0000
- lookahead_reward: 0.0000
- timeliness_reward: 9.3397
- machine_idle_penalty: -3.9500
- credit_assignment_penalty: 0.0000

TOTAL REWARD: 0.6847

CUMULATIVE REWARD COMPONENTS:
- makespan_reward: -2.1750
- setup_reward: -41.2500
- deadline_reward: 0.0000
- priority_reward: 0.0000
- critical_job_reward: 3.0000
- placement_reward: 0.0000
- lookahead_reward: 12.6000
- timeliness_reward: 101.6029
- machine_idle_penalty: -21.9875
- credit_assignment_penalty: 0.0000

CUMULATIVE TOTAL: 51.7904

CRITICAL STATE INFO:
- Valid actions: ['J1', 'J2', 'J3', 'J4', 'J5', 'J6', 'J7', 'J8', 'J9', 'J10', 'J11', 'J12', 'J13', 'J14', 'J15', 'J16', 'J17', 'J18', 'J19', 'J20']
- Machine states:
  - Machine M1: Time=369.00, Idle=105.00, Material=Citybike_Hauptrahmen_zugeschnitten
  - Machine M2: Time=474.00, Idle=0.00, Material=Racebike_Schaltauge_bearbeitet
  - Machine M3: Time=267.00, Idle=207.00, Material=Citybike_Hauptrahmen_zugeschnitten
==================================================

2025-05-15 15:19:48,773 - JSPGymEnvironment - INFO - Material change on machine M3: Citybike_Hauptrahmen_zugeschnitten -> Racebike_Antrieb_installiert, setup time: 15
2025-05-15 15:19:48,773 - JSPGymEnvironment - INFO - Executed operation: Job J1, Op 2, Machine M3, Start: 489, End: 513, Setup: 15
2025-05-15 15:19:48,774 - JSPGymEnvironment - INFO - 
===== REWARD DETAILS FOR STEP 13 =====
Job: J1, Operation: 2, Job Completed: False
Current Time: 474.00 -> 513.00, Setup Time: 15.00
Processing Time: 24.00, Idle Time: 0.00
Completed Jobs: 0/20
Machine: M3, Material: Racebike_Antrieb_installiert

REWARD COMPONENTS:
- makespan_reward: -0.1950
- setup_reward: -3.7500
- deadline_reward: 0.0000
- priority_reward: 0.0000
- critical_job_reward: 0.5000
- placement_reward: 0.0000
- lookahead_reward: 0.0000
- timeliness_reward: 9.3508
- machine_idle_penalty: -2.2875
- credit_assignment_penalty: 0.0000

TOTAL REWARD: 3.6183

CUMULATIVE REWARD COMPONENTS:
- makespan_reward: -2.3700
- setup_reward: -45.0000
- deadline_reward: 0.0000
- priority_reward: 0.0000
- critical_job_reward: 3.5000
- placement_reward: 0.0000
- lookahead_reward: 12.6000
- timeliness_reward: 110.9536
- machine_idle_penalty: -24.2750
- credit_assignment_penalty: 0.0000

CUMULATIVE TOTAL: 55.4086

CRITICAL STATE INFO:
- Valid actions: ['J1', 'J2', 'J3', 'J4', 'J5', 'J6', 'J7', 'J8', 'J9', 'J10', 'J11', 'J12', 'J13', 'J14', 'J15', 'J16', 'J17', 'J18', 'J19', 'J20']
- Machine states:
  - Machine M1: Time=369.00, Idle=144.00, Material=Citybike_Hauptrahmen_zugeschnitten
  - Machine M2: Time=474.00, Idle=39.00, Material=Racebike_Schaltauge_bearbeitet
  - Machine M3: Time=513.00, Idle=0.00, Material=Racebike_Antrieb_installiert
==================================================

2025-05-15 15:19:48,845 - JSPGymEnvironment - INFO - Material change on machine M3: Racebike_Antrieb_installiert -> Mountainbike_Tretlageraufnahme_geschweisst, setup time: 15
2025-05-15 15:19:48,845 - JSPGymEnvironment - INFO - Executed operation: Job J5, Op 2, Machine M3, Start: 528, End: 560, Setup: 15
2025-05-15 15:19:48,845 - JSPGymEnvironment - INFO - 
===== REWARD DETAILS FOR STEP 14 =====
Job: J5, Operation: 2, Job Completed: False
Current Time: 513.00 -> 560.00, Setup Time: 15.00
Processing Time: 32.00, Idle Time: 0.00
Completed Jobs: 0/20
Machine: M3, Material: Mountainbike_Tretlageraufnahme_geschweisst

REWARD COMPONENTS:
- makespan_reward: -0.2350
- setup_reward: -3.7500
- deadline_reward: 0.0000
- priority_reward: 0.0000
- critical_job_reward: 0.0000
- placement_reward: 0.0000
- lookahead_reward: 0.0000
- timeliness_reward: 9.3036
- machine_idle_penalty: -3.4625
- credit_assignment_penalty: 0.0000

TOTAL REWARD: 1.8561

CUMULATIVE REWARD COMPONENTS:
- makespan_reward: -2.6050
- setup_reward: -48.7500
- deadline_reward: 0.0000
- priority_reward: 0.0000
- critical_job_reward: 3.5000
- placement_reward: 0.0000
- lookahead_reward: 12.6000
- timeliness_reward: 120.2572
- machine_idle_penalty: -27.7375
- credit_assignment_penalty: 0.0000

CUMULATIVE TOTAL: 57.2647

CRITICAL STATE INFO:
- Valid actions: ['J1', 'J2', 'J3', 'J4', 'J5', 'J6', 'J7', 'J8', 'J9', 'J10', 'J11', 'J12', 'J13', 'J14', 'J15', 'J16', 'J17', 'J18', 'J19', 'J20']
- Machine states:
  - Machine M1: Time=369.00, Idle=191.00, Material=Citybike_Hauptrahmen_zugeschnitten
  - Machine M2: Time=474.00, Idle=86.00, Material=Racebike_Schaltauge_bearbeitet
  - Machine M3: Time=560.00, Idle=0.00, Material=Mountainbike_Tretlageraufnahme_geschweisst
==================================================

2025-05-15 15:19:49,096 - JSPGymEnvironment - INFO - Material change on machine M2: Racebike_Schaltauge_bearbeitet -> Citybike_Laufraeder_montiert, setup time: 20
2025-05-15 15:19:49,096 - JSPGymEnvironment - INFO - Executed operation: Job J6, Op 1, Machine M2, Start: 580, End: 607, Setup: 20
2025-05-15 15:19:49,097 - JSPGymEnvironment - INFO - 
===== REWARD DETAILS FOR STEP 15 =====
Job: J6, Operation: 1, Job Completed: False
Current Time: 560.00 -> 607.00, Setup Time: 20.00
Processing Time: 27.00, Idle Time: 0.00
Completed Jobs: 0/20
Machine: M2, Material: Citybike_Laufraeder_montiert

REWARD COMPONENTS:
- makespan_reward: -0.2350
- setup_reward: -5.0000
- deadline_reward: 0.0000
- priority_reward: 0.0000
- critical_job_reward: 0.0000
- placement_reward: 0.0000
- lookahead_reward: 0.0000
- timeliness_reward: 9.3133
- machine_idle_penalty: -3.5625
- credit_assignment_penalty: 0.0000

TOTAL REWARD: 0.5158

CUMULATIVE REWARD COMPONENTS:
- makespan_reward: -2.8400
- setup_reward: -53.7500
- deadline_reward: 0.0000
- priority_reward: 0.0000
- critical_job_reward: 3.5000
- placement_reward: 0.0000
- lookahead_reward: 12.6000
- timeliness_reward: 129.5705
- machine_idle_penalty: -31.3000
- credit_assignment_penalty: 0.0000

CUMULATIVE TOTAL: 57.7805

CRITICAL STATE INFO:
- Valid actions: ['J1', 'J2', 'J3', 'J4', 'J5', 'J6', 'J7', 'J8', 'J9', 'J10', 'J11', 'J12', 'J13', 'J14', 'J15', 'J16', 'J17', 'J18', 'J19', 'J20']
- Machine states:
  - Machine M1: Time=369.00, Idle=238.00, Material=Citybike_Hauptrahmen_zugeschnitten
  - Machine M2: Time=607.00, Idle=0.00, Material=Citybike_Laufraeder_montiert
  - Machine M3: Time=560.00, Idle=47.00, Material=Mountainbike_Tretlageraufnahme_geschweisst
==================================================

2025-05-15 15:19:49,165 - JSPGymEnvironment - INFO - Material change on machine M3: Mountainbike_Tretlageraufnahme_geschweisst -> Racebike_Hinterbau_vorbereitet, setup time: 15
2025-05-15 15:19:49,166 - JSPGymEnvironment - INFO - Executed operation: Job J9, Op 1, Machine M3, Start: 622, End: 644, Setup: 15
2025-05-15 15:19:49,166 - JSPGymEnvironment - INFO - 
===== REWARD DETAILS FOR STEP 16 =====
Job: J9, Operation: 1, Job Completed: False
Current Time: 607.00 -> 644.00, Setup Time: 15.00
Processing Time: 22.00, Idle Time: 0.00
Completed Jobs: 0/20
Machine: M3, Material: Racebike_Hinterbau_vorbereitet

REWARD COMPONENTS:
- makespan_reward: -0.1850
- setup_reward: -3.7500
- deadline_reward: 0.0000
- priority_reward: 0.0000
- critical_job_reward: 0.5000
- placement_reward: 0.0000
- lookahead_reward: 0.0000
- timeliness_reward: 9.3174
- machine_idle_penalty: -3.9500
- credit_assignment_penalty: 0.0000

TOTAL REWARD: 1.9324

CUMULATIVE REWARD COMPONENTS:
- makespan_reward: -3.0250
- setup_reward: -57.5000
- deadline_reward: 0.0000
- priority_reward: 0.0000
- critical_job_reward: 4.0000
- placement_reward: 0.0000
- lookahead_reward: 12.6000
- timeliness_reward: 138.8879
- machine_idle_penalty: -35.2500
- credit_assignment_penalty: 0.0000

CUMULATIVE TOTAL: 59.7129

CRITICAL STATE INFO:
- Valid actions: ['J1', 'J2', 'J3', 'J4', 'J5', 'J6', 'J7', 'J8', 'J9', 'J10', 'J11', 'J12', 'J13', 'J14', 'J15', 'J16', 'J17', 'J18', 'J19', 'J20']
- Machine states:
  - Machine M1: Time=369.00, Idle=275.00, Material=Citybike_Hauptrahmen_zugeschnitten
  - Machine M2: Time=607.00, Idle=37.00, Material=Citybike_Laufraeder_montiert
  - Machine M3: Time=644.00, Idle=0.00, Material=Racebike_Hinterbau_vorbereitet
==================================================

2025-05-15 15:19:49,245 - JSPGymEnvironment - INFO - Material change on machine M1: Citybike_Hauptrahmen_zugeschnitten -> Mountainbike_Bremsaufnahme_gebohrt, setup time: 40
2025-05-15 15:19:49,245 - JSPGymEnvironment - INFO - Executed operation: Job J5, Op 3, Machine M1, Start: 684, End: 701, Setup: 40
2025-05-15 15:19:49,246 - JSPGymEnvironment - INFO - 
===== REWARD DETAILS FOR STEP 17 =====
Job: J5, Operation: 3, Job Completed: False
Current Time: 644.00 -> 701.00, Setup Time: 40.00
Processing Time: 17.00, Idle Time: 0.00
Completed Jobs: 0/20
Machine: M1, Material: Mountainbike_Bremsaufnahme_gebohrt

REWARD COMPONENTS:
- makespan_reward: -0.2850
- setup_reward: -10.0000
- deadline_reward: 0.0000
- priority_reward: 0.0000
- critical_job_reward: 0.0000
- placement_reward: 0.0000
- lookahead_reward: 0.0000
- timeliness_reward: 9.3174
- machine_idle_penalty: -1.8875
- credit_assignment_penalty: 0.0000

TOTAL REWARD: -2.8551

CUMULATIVE REWARD COMPONENTS:
- makespan_reward: -3.3100
- setup_reward: -67.5000
- deadline_reward: 0.0000
- priority_reward: 0.0000
- critical_job_reward: 4.0000
- placement_reward: 0.0000
- lookahead_reward: 12.6000
- timeliness_reward: 148.2053
- machine_idle_penalty: -37.1375
- credit_assignment_penalty: 0.0000

CUMULATIVE TOTAL: 56.8578

CRITICAL STATE INFO:
- Valid actions: ['J1', 'J2', 'J3', 'J4', 'J5', 'J6', 'J7', 'J8', 'J9', 'J10', 'J11', 'J12', 'J13', 'J14', 'J15', 'J16', 'J17', 'J18', 'J19', 'J20']
- Machine states:
  - Machine M1: Time=701.00, Idle=0.00, Material=Mountainbike_Bremsaufnahme_gebohrt
  - Machine M2: Time=607.00, Idle=94.00, Material=Citybike_Laufraeder_montiert
  - Machine M3: Time=644.00, Idle=57.00, Material=Racebike_Hinterbau_vorbereitet
==================================================

2025-05-15 15:19:49,335 - JSPGymEnvironment - INFO - Material change on machine M3: Racebike_Hinterbau_vorbereitet -> Citybike_Hinterbau_vorbereitet, setup time: 15
2025-05-15 15:19:49,335 - JSPGymEnvironment - INFO - Executed operation: Job J4, Op 1, Machine M3, Start: 716, End: 760, Setup: 15
2025-05-15 15:19:49,335 - JSPGymEnvironment - INFO - 
===== REWARD DETAILS FOR STEP 18 =====
Job: J4, Operation: 1, Job Completed: False
Current Time: 701.00 -> 760.00, Setup Time: 15.00
Processing Time: 44.00, Idle Time: 0.00
Completed Jobs: 0/20
Machine: M3, Material: Citybike_Hinterbau_vorbereitet

REWARD COMPONENTS:
- makespan_reward: -0.2950
- setup_reward: -3.7500
- deadline_reward: 0.0000
- priority_reward: 0.0000
- critical_job_reward: 0.0000
- placement_reward: 0.0000
- lookahead_reward: 0.0000
- timeliness_reward: 9.3234
- machine_idle_penalty: -2.6500
- credit_assignment_penalty: 0.0000

TOTAL REWARD: 2.6284

CUMULATIVE REWARD COMPONENTS:
- makespan_reward: -3.6050
- setup_reward: -71.2500
- deadline_reward: 0.0000
- priority_reward: 0.0000
- critical_job_reward: 4.0000
- placement_reward: 0.0000
- lookahead_reward: 12.6000
- timeliness_reward: 157.5288
- machine_idle_penalty: -39.7875
- credit_assignment_penalty: 0.0000

CUMULATIVE TOTAL: 59.4863

CRITICAL STATE INFO:
- Valid actions: ['J1', 'J2', 'J3', 'J4', 'J5', 'J6', 'J7', 'J8', 'J9', 'J10', 'J11', 'J12', 'J13', 'J14', 'J15', 'J16', 'J17', 'J18', 'J19', 'J20']
- Machine states:
  - Machine M1: Time=701.00, Idle=59.00, Material=Mountainbike_Bremsaufnahme_gebohrt
  - Machine M2: Time=607.00, Idle=153.00, Material=Citybike_Laufraeder_montiert
  - Machine M3: Time=760.00, Idle=0.00, Material=Citybike_Hinterbau_vorbereitet
==================================================

2025-05-15 15:19:49,495 - JSPGymEnvironment - INFO - Material change on machine M1: Mountainbike_Bremsaufnahme_gebohrt -> Citybike_Steuerrohr_ausgerieben, setup time: 40
2025-05-15 15:19:49,495 - JSPGymEnvironment - INFO - Executed operation: Job J4, Op 2, Machine M1, Start: 800, End: 810, Setup: 40
2025-05-15 15:19:49,496 - JSPGymEnvironment - INFO - 
===== REWARD DETAILS FOR STEP 19 =====
Job: J4, Operation: 2, Job Completed: False
Current Time: 760.00 -> 810.00, Setup Time: 40.00
Processing Time: 10.00, Idle Time: 0.00
Completed Jobs: 0/20
Machine: M1, Material: Citybike_Steuerrohr_ausgerieben

REWARD COMPONENTS:
- makespan_reward: -0.2500
- setup_reward: -10.0000
- deadline_reward: 0.0000
- priority_reward: 0.0000
- critical_job_reward: 0.0000
- placement_reward: 0.0000
- lookahead_reward: 0.0000
- timeliness_reward: 9.3227
- machine_idle_penalty: -3.1625
- credit_assignment_penalty: 0.0000

TOTAL REWARD: -4.0898

CUMULATIVE REWARD COMPONENTS:
- makespan_reward: -3.8550
- setup_reward: -81.2500
- deadline_reward: 0.0000
- priority_reward: 0.0000
- critical_job_reward: 4.0000
- placement_reward: 0.0000
- lookahead_reward: 12.6000
- timeliness_reward: 166.8514
- machine_idle_penalty: -42.9500
- credit_assignment_penalty: 0.0000

CUMULATIVE TOTAL: 55.3964

CRITICAL STATE INFO:
- Valid actions: ['J1', 'J2', 'J3', 'J4', 'J5', 'J6', 'J7', 'J8', 'J9', 'J10', 'J11', 'J12', 'J13', 'J14', 'J15', 'J16', 'J17', 'J18', 'J19', 'J20']
- Machine states:
  - Machine M1: Time=810.00, Idle=0.00, Material=Citybike_Steuerrohr_ausgerieben
  - Machine M2: Time=607.00, Idle=203.00, Material=Citybike_Laufraeder_montiert
  - Machine M3: Time=760.00, Idle=50.00, Material=Citybike_Hinterbau_vorbereitet
==================================================

2025-05-15 15:19:49,579 - JSPGymEnvironment - INFO - Material change on machine M1: Citybike_Steuerrohr_ausgerieben -> Citybike_Bremsaufnahme_gebohrt, setup time: 40
2025-05-15 15:19:49,580 - JSPGymEnvironment - INFO - Executed operation: Job J4, Op 3, Machine M1, Start: 850, End: 860, Setup: 40
2025-05-15 15:19:49,580 - JSPGymEnvironment - INFO - 
===== REWARD DETAILS FOR STEP 20 =====
Job: J4, Operation: 3, Job Completed: False
Current Time: 810.00 -> 860.00, Setup Time: 40.00
Processing Time: 10.00, Idle Time: 0.00
Completed Jobs: 0/20
Machine: M1, Material: Citybike_Bremsaufnahme_gebohrt

REWARD COMPONENTS:
- makespan_reward: -0.2500
- setup_reward: -10.0000
- deadline_reward: 0.0000
- priority_reward: 0.0000
- critical_job_reward: 0.0000
- placement_reward: 0.0000
- lookahead_reward: 0.0000
- timeliness_reward: 9.3195
- machine_idle_penalty: -4.4125
- credit_assignment_penalty: 0.0000

TOTAL REWARD: -5.3430

CUMULATIVE REWARD COMPONENTS:
- makespan_reward: -4.1050
- setup_reward: -91.2500
- deadline_reward: 0.0000
- priority_reward: 0.0000
- critical_job_reward: 4.0000
- placement_reward: 0.0000
- lookahead_reward: 12.6000
- timeliness_reward: 176.1710
- machine_idle_penalty: -47.3625
- credit_assignment_penalty: 0.0000

CUMULATIVE TOTAL: 50.0535

CRITICAL STATE INFO:
- Valid actions: ['J1', 'J2', 'J3', 'J4', 'J5', 'J6', 'J7', 'J8', 'J9', 'J10', 'J11', 'J12', 'J13', 'J14', 'J15', 'J16', 'J17', 'J18', 'J19', 'J20']
- Machine states:
  - Machine M1: Time=860.00, Idle=0.00, Material=Citybike_Bremsaufnahme_gebohrt
  - Machine M2: Time=607.00, Idle=253.00, Material=Citybike_Laufraeder_montiert
  - Machine M3: Time=760.00, Idle=100.00, Material=Citybike_Hinterbau_vorbereitet
==================================================

2025-05-15 15:19:50,055 - JSPGymEnvironment - INFO - Material change on machine M3: Citybike_Hinterbau_vorbereitet -> Racebike_Bremsen_justiert, setup time: 15
2025-05-15 15:19:50,055 - JSPGymEnvironment - INFO - Executed operation: Job J3, Op 3, Machine M3, Start: 875, End: 931, Setup: 15
2025-05-15 15:19:50,055 - JSPGymEnvironment - INFO - 
===== REWARD DETAILS FOR STEP 21 =====
Job: J3, Operation: 3, Job Completed: False
Current Time: 860.00 -> 931.00, Setup Time: 15.00
Processing Time: 56.00, Idle Time: 0.00
Completed Jobs: 0/20
Machine: M3, Material: Racebike_Bremsen_justiert

REWARD COMPONENTS:
- makespan_reward: -0.3550
- setup_reward: -3.7500
- deadline_reward: 0.0000
- priority_reward: 0.0000
- critical_job_reward: 0.5000
- placement_reward: 0.0000
- lookahead_reward: 0.0000
- timeliness_reward: 9.3051
- machine_idle_penalty: -4.9375
- credit_assignment_penalty: 0.0000

TOTAL REWARD: 0.7626

CUMULATIVE REWARD COMPONENTS:
- makespan_reward: -4.4600
- setup_reward: -95.0000
- deadline_reward: 0.0000
- priority_reward: 0.0000
- critical_job_reward: 4.5000
- placement_reward: 0.0000
- lookahead_reward: 12.6000
- timeliness_reward: 185.4760
- machine_idle_penalty: -52.3000
- credit_assignment_penalty: 0.0000

CUMULATIVE TOTAL: 50.8160

CRITICAL STATE INFO:
- Valid actions: ['J1', 'J2', 'J3', 'J4', 'J5', 'J6', 'J7', 'J8', 'J9', 'J10', 'J11', 'J12', 'J13', 'J14', 'J15', 'J16', 'J17', 'J18', 'J19', 'J20']
- Machine states:
  - Machine M1: Time=860.00, Idle=71.00, Material=Citybike_Bremsaufnahme_gebohrt
  - Machine M2: Time=607.00, Idle=324.00, Material=Citybike_Laufraeder_montiert
  - Machine M3: Time=931.00, Idle=0.00, Material=Racebike_Bremsen_justiert
==================================================

2025-05-15 15:19:50,152 - JSPGymEnvironment - INFO - Material change on machine M2: Citybike_Laufraeder_montiert -> Citybike_Tretlager_gefraest, setup time: 20
2025-05-15 15:19:50,152 - JSPGymEnvironment - INFO - Executed operation: Job J10, Op 0, Machine M2, Start: 951, End: 976, Setup: 20
2025-05-15 15:19:50,153 - JSPGymEnvironment - INFO - 
===== REWARD DETAILS FOR STEP 22 =====
Job: J10, Operation: 0, Job Completed: False
Current Time: 931.00 -> 976.00, Setup Time: 20.00
Processing Time: 25.00, Idle Time: 0.00
Completed Jobs: 0/20
Machine: M2, Material: Citybike_Tretlager_gefraest

REWARD COMPONENTS:
- makespan_reward: -0.2250
- setup_reward: -5.0000
- deadline_reward: 0.0000
- priority_reward: 0.0000
- critical_job_reward: 0.0000
- placement_reward: 0.0000
- lookahead_reward: 0.0000
- timeliness_reward: 9.3154
- machine_idle_penalty: -2.0125
- credit_assignment_penalty: 0.0000

TOTAL REWARD: 2.0779

CUMULATIVE REWARD COMPONENTS:
- makespan_reward: -4.6850
- setup_reward: -100.0000
- deadline_reward: 0.0000
- priority_reward: 0.0000
- critical_job_reward: 4.5000
- placement_reward: 0.0000
- lookahead_reward: 12.6000
- timeliness_reward: 194.7914
- machine_idle_penalty: -54.3125
- credit_assignment_penalty: 0.0000

CUMULATIVE TOTAL: 52.8939

CRITICAL STATE INFO:
- Valid actions: ['J1', 'J2', 'J3', 'J4', 'J5', 'J6', 'J7', 'J8', 'J9', 'J10', 'J11', 'J12', 'J13', 'J14', 'J15', 'J16', 'J17', 'J18', 'J19', 'J20']
- Machine states:
  - Machine M1: Time=860.00, Idle=116.00, Material=Citybike_Bremsaufnahme_gebohrt
  - Machine M2: Time=976.00, Idle=0.00, Material=Citybike_Tretlager_gefraest
  - Machine M3: Time=931.00, Idle=45.00, Material=Racebike_Bremsen_justiert
==================================================

2025-05-15 15:19:50,238 - JSPGymEnvironment - INFO - Material change on machine M3: Racebike_Bremsen_justiert -> Citybike_Fahrrad_endmontiert, setup time: 15
2025-05-15 15:19:50,238 - JSPGymEnvironment - INFO - Executed operation: Job J4, Op 4, Machine M3, Start: 991, End: 1039, Setup: 15
2025-05-15 15:19:50,239 - JSPGymEnvironment - INFO - 
===== REWARD DETAILS FOR STEP 23 =====
Job: J4, Operation: 4, Job Completed: False
Current Time: 976.00 -> 1039.00, Setup Time: 15.00
Processing Time: 48.00, Idle Time: 0.00
Completed Jobs: 0/20
Machine: M3, Material: Citybike_Fahrrad_endmontiert

REWARD COMPONENTS:
- makespan_reward: -0.3150
- setup_reward: -3.7500
- deadline_reward: 0.0000
- priority_reward: 0.0000
- critical_job_reward: 0.0000
- placement_reward: 0.0000
- lookahead_reward: 0.0000
- timeliness_reward: 9.2849
- machine_idle_penalty: -3.0250
- credit_assignment_penalty: 0.0000

TOTAL REWARD: 2.1949

CUMULATIVE REWARD COMPONENTS:
- makespan_reward: -5.0000
- setup_reward: -103.7500
- deadline_reward: 0.0000
- priority_reward: 0.0000
- critical_job_reward: 4.5000
- placement_reward: 0.0000
- lookahead_reward: 12.6000
- timeliness_reward: 204.0764
- machine_idle_penalty: -57.3375
- credit_assignment_penalty: 0.0000

CUMULATIVE TOTAL: 55.0889

CRITICAL STATE INFO:
- Valid actions: ['J1', 'J2', 'J3', 'J4', 'J5', 'J6', 'J7', 'J8', 'J9', 'J10', 'J11', 'J12', 'J13', 'J14', 'J15', 'J16', 'J17', 'J18', 'J19', 'J20']
- Machine states:
  - Machine M1: Time=860.00, Idle=179.00, Material=Citybike_Bremsaufnahme_gebohrt
  - Machine M2: Time=976.00, Idle=63.00, Material=Citybike_Tretlager_gefraest
  - Machine M3: Time=1039.00, Idle=0.00, Material=Citybike_Fahrrad_endmontiert
==================================================

2025-05-15 15:19:50,307 - JSPGymEnvironment - INFO - Material change on machine M2: Citybike_Tretlager_gefraest -> Racebike_Fahrrad_endmontiert, setup time: 20
2025-05-15 15:19:50,307 - JSPGymEnvironment - INFO - Executed operation: Job J3, Op 4, Machine M2, Start: 1059, End: 1098, Setup: 20
2025-05-15 15:19:50,307 - JSPGymEnvironment - INFO - Job J3 completed at time 1098, deadline: 2880, met: True, priority: 8
2025-05-15 15:19:50,307 - JSPGymEnvironment - INFO - 
===== REWARD DETAILS FOR STEP 24 =====
Job: J3, Operation: 4, Job Completed: True
Current Time: 1039.00 -> 1098.00, Setup Time: 20.00
Processing Time: 39.00, Idle Time: 0.00
Completed Jobs: 1/20
Machine: M2, Material: Racebike_Fahrrad_endmontiert
Job Deadline: 2880.00 (Met), Priority: 8

REWARD COMPONENTS:
- makespan_reward: -0.2950
- setup_reward: -5.0000
- deadline_reward: 20.0000
- priority_reward: 32.0000
- critical_job_reward: 19.9250
- placement_reward: 0.0000
- lookahead_reward: 0.0000
- timeliness_reward: 9.2561
- machine_idle_penalty: -3.7125
- credit_assignment_penalty: 0.0000

TOTAL REWARD: 72.1736

CUMULATIVE REWARD COMPONENTS:
- makespan_reward: -5.2950
- setup_reward: -108.7500
- deadline_reward: 20.0000
- priority_reward: 32.0000
- critical_job_reward: 24.4250
- placement_reward: 0.0000
- lookahead_reward: 12.6000
- timeliness_reward: 213.3325
- machine_idle_penalty: -61.0500
- credit_assignment_penalty: 0.0000

CUMULATIVE TOTAL: 127.2625

CRITICAL STATE INFO:
- Valid actions: ['J1', 'J2', 'J4', 'J5', 'J6', 'J7', 'J8', 'J9', 'J10', 'J11', 'J12', 'J13', 'J14', 'J15', 'J16', 'J17', 'J18', 'J19', 'J20']
- Machine states:
  - Machine M1: Time=860.00, Idle=238.00, Material=Citybike_Bremsaufnahme_gebohrt
  - Machine M2: Time=1098.00, Idle=0.00, Material=Racebike_Fahrrad_endmontiert
  - Machine M3: Time=1039.00, Idle=59.00, Material=Citybike_Fahrrad_endmontiert
==================================================

2025-05-15 15:19:50,307 - JSPGymEnvironment - INFO - 
===== REWARD DETAILS FOR STEP 4 =====
Job: J3, Operation: 0, Job Completed: False
Current Time: 92.00 -> 131.00, Setup Time: 15.00
Processing Time: 24.00, Idle Time: 0.00
Completed Jobs: 0/20
Machine: M3, Material: Racebike_Hauptrahmen_zugeschnitten

REWARD COMPONENTS:
- makespan_reward: -0.1950
- setup_reward: -3.7500
- deadline_reward: 0.0000
- priority_reward: 0.0000
- critical_job_reward: 0.5000
- placement_reward: 0.0000
- lookahead_reward: 6.2000
- timeliness_reward: 9.2023
- machine_idle_penalty: -2.1750
- credit_assignment_penalty: 0.0000

TOTAL REWARD: 9.7823

CUMULATIVE REWARD COMPONENTS:
- makespan_reward: -0.6550
- setup_reward: -7.5000
- deadline_reward: 0.0000
- priority_reward: 0.0000
- critical_job_reward: 1.0000
- placement_reward: 0.0000
- lookahead_reward: 18.8000
- timeliness_reward: 36.7481
- machine_idle_penalty: -6.2625
- credit_assignment_penalty: 0.0000

CUMULATIVE TOTAL: 42.1306

CRITICAL STATE INFO:
- Valid actions: ['J1', 'J2', 'J3', 'J4', 'J5', 'J6', 'J7', 'J8', 'J9', 'J10', 'J11', 'J12', 'J13', 'J14', 'J15', 'J16', 'J17', 'J18', 'J19', 'J20']
- Machine states:
  - Machine M1: Time=0.00, Idle=131.00, Material=None
  - Machine M2: Time=92.00, Idle=39.00, Material=Mountainbike_Tretlager_gefraest
  - Machine M3: Time=131.00, Idle=0.00, Material=Racebike_Hauptrahmen_zugeschnitten
==================================================

2025-05-15 15:19:50,378 - JSPGymEnvironment - INFO - Material change on machine M3: Racebike_Hauptrahmen_zugeschnitten -> Citybike_Hinterbau_vorbereitet, setup time: 15
2025-05-15 15:19:50,378 - JSPGymEnvironment - INFO - Executed operation: Job J4, Op 1, Machine M3, Start: 146, End: 190, Setup: 15
2025-05-15 15:19:50,450 - JSPGymEnvironment - INFO - Material change on machine M2: Mountainbike_Tretlager_gefraest -> Citybike_Steuerrohr_ausgerieben, setup time: 20
2025-05-15 15:19:50,450 - JSPGymEnvironment - INFO - Executed operation: Job J4, Op 2, Machine M2, Start: 210, End: 220, Setup: 20
2025-05-15 15:19:50,450 - JSPGymEnvironment - INFO - 
===== REWARD DETAILS FOR STEP 6 =====
Job: J4, Operation: 2, Job Completed: False
Current Time: 190.00 -> 220.00, Setup Time: 20.00
Processing Time: 10.00, Idle Time: 0.00
Completed Jobs: 0/20
Machine: M2, Material: Citybike_Steuerrohr_ausgerieben

REWARD COMPONENTS:
- makespan_reward: -0.1500
- setup_reward: -5.0000
- deadline_reward: 0.0000
- priority_reward: 0.0000
- critical_job_reward: 0.0000
- placement_reward: 0.0000
- lookahead_reward: 0.0000
- timeliness_reward: 9.2298
- machine_idle_penalty: -3.1750
- credit_assignment_penalty: 0.0000

TOTAL REWARD: 0.9048

CUMULATIVE REWARD COMPONENTS:
- makespan_reward: -0.8050
- setup_reward: -12.5000
- deadline_reward: 0.0000
- priority_reward: 0.0000
- critical_job_reward: 1.0000
- placement_reward: 0.0000
- lookahead_reward: 18.8000
- timeliness_reward: 45.9779
- machine_idle_penalty: -9.4375
- credit_assignment_penalty: 0.0000

CUMULATIVE TOTAL: 43.0354

CRITICAL STATE INFO:
- Valid actions: ['J1', 'J2', 'J3', 'J4', 'J5', 'J6', 'J7', 'J8', 'J9', 'J10', 'J11', 'J12', 'J13', 'J14', 'J15', 'J16', 'J17', 'J18', 'J19', 'J20']
- Machine states:
  - Machine M1: Time=0.00, Idle=220.00, Material=None
  - Machine M2: Time=220.00, Idle=0.00, Material=Citybike_Steuerrohr_ausgerieben
  - Machine M3: Time=190.00, Idle=30.00, Material=Citybike_Hinterbau_vorbereitet
==================================================

2025-05-15 15:19:50,712 - JSPGymEnvironment - INFO - Material change on machine M2: Citybike_Steuerrohr_ausgerieben -> Racebike_Laufraeder_montiert, setup time: 20
2025-05-15 15:19:50,712 - JSPGymEnvironment - INFO - Executed operation: Job J3, Op 1, Machine M2, Start: 240, End: 267, Setup: 20
2025-05-15 15:19:50,713 - JSPGymEnvironment - INFO - 
===== REWARD DETAILS FOR STEP 7 =====
Job: J3, Operation: 1, Job Completed: False
Current Time: 220.00 -> 267.00, Setup Time: 20.00
Processing Time: 27.00, Idle Time: 0.00
Completed Jobs: 0/20
Machine: M2, Material: Racebike_Laufraeder_montiert

REWARD COMPONENTS:
- makespan_reward: -0.2350
- setup_reward: -5.0000
- deadline_reward: 0.0000
- priority_reward: 0.0000
- critical_job_reward: 0.5000
- placement_reward: 0.0000
- lookahead_reward: 0.0000
- timeliness_reward: 9.2415
- machine_idle_penalty: -4.3500
- credit_assignment_penalty: 0.0000

TOTAL REWARD: 0.1565

CUMULATIVE REWARD COMPONENTS:
- makespan_reward: -1.0400
- setup_reward: -17.5000
- deadline_reward: 0.0000
- priority_reward: 0.0000
- critical_job_reward: 1.5000
- placement_reward: 0.0000
- lookahead_reward: 18.8000
- timeliness_reward: 55.2194
- machine_idle_penalty: -13.7875
- credit_assignment_penalty: 0.0000

CUMULATIVE TOTAL: 43.1919

CRITICAL STATE INFO:
- Valid actions: ['J1', 'J2', 'J3', 'J4', 'J5', 'J6', 'J7', 'J8', 'J9', 'J10', 'J11', 'J12', 'J13', 'J14', 'J15', 'J16', 'J17', 'J18', 'J19', 'J20']
- Machine states:
  - Machine M1: Time=0.00, Idle=267.00, Material=None
  - Machine M2: Time=267.00, Idle=0.00, Material=Racebike_Laufraeder_montiert
  - Machine M3: Time=190.00, Idle=77.00, Material=Citybike_Hinterbau_vorbereitet
==================================================

2025-05-15 15:19:50,811 - JSPGymEnvironment - INFO - Material change on machine M2: Racebike_Laufraeder_montiert -> Racebike_Schaltauge_bearbeitet, setup time: 20
2025-05-15 15:19:50,811 - JSPGymEnvironment - INFO - Executed operation: Job J1, Op 1, Machine M2, Start: 287, End: 308, Setup: 20
2025-05-15 15:19:50,811 - JSPGymEnvironment - INFO - 
===== REWARD DETAILS FOR STEP 8 =====
Job: J1, Operation: 1, Job Completed: False
Current Time: 267.00 -> 308.00, Setup Time: 20.00
Processing Time: 21.00, Idle Time: 0.00
Completed Jobs: 0/20
Machine: M2, Material: Racebike_Schaltauge_bearbeitet

REWARD COMPONENTS:
- makespan_reward: -0.2050
- setup_reward: -5.0000
- deadline_reward: 0.0000
- priority_reward: 0.0000
- critical_job_reward: 0.5000
- placement_reward: 0.0000
- lookahead_reward: 0.0000
- timeliness_reward: 9.2849
- machine_idle_penalty: -5.3750
- credit_assignment_penalty: 0.0000

TOTAL REWARD: -0.7951

CUMULATIVE REWARD COMPONENTS:
- makespan_reward: -1.2450
- setup_reward: -22.5000
- deadline_reward: 0.0000
- priority_reward: 0.0000
- critical_job_reward: 2.0000
- placement_reward: 0.0000
- lookahead_reward: 18.8000
- timeliness_reward: 64.5043
- machine_idle_penalty: -19.1625
- credit_assignment_penalty: 0.0000

CUMULATIVE TOTAL: 42.3968

CRITICAL STATE INFO:
- Valid actions: ['J1', 'J2', 'J3', 'J4', 'J5', 'J6', 'J7', 'J8', 'J9', 'J10', 'J11', 'J12', 'J13', 'J14', 'J15', 'J16', 'J17', 'J18', 'J19', 'J20']
- Machine states:
  - Machine M1: Time=0.00, Idle=308.00, Material=None
  - Machine M2: Time=308.00, Idle=0.00, Material=Racebike_Schaltauge_bearbeitet
  - Machine M3: Time=190.00, Idle=118.00, Material=Citybike_Hinterbau_vorbereitet
==================================================

2025-05-15 15:19:50,921 - JSPGymEnvironment - INFO - Material change on machine M1:  -> Racebike_Antrieb_installiert, setup time: 0
2025-05-15 15:19:50,921 - JSPGymEnvironment - INFO - Executed operation: Job J1, Op 2, Machine M1, Start: 308, End: 332, Setup: 0
2025-05-15 15:19:50,921 - JSPGymEnvironment - INFO - 
===== REWARD DETAILS FOR STEP 9 =====
Job: J1, Operation: 2, Job Completed: False
Current Time: 308.00 -> 332.00, Setup Time: 0.00
Processing Time: 24.00, Idle Time: 0.00
Completed Jobs: 0/20
Machine: M1, Material: Racebike_Antrieb_installiert

REWARD COMPONENTS:
- makespan_reward: -0.1200
- setup_reward: 0.0000
- deadline_reward: 0.0000
- priority_reward: 0.0000
- critical_job_reward: 0.5000
- placement_reward: 0.0000
- lookahead_reward: 0.0000
- timeliness_reward: 9.2935
- machine_idle_penalty: -2.1250
- credit_assignment_penalty: 0.0000

TOTAL REWARD: 7.5485

CUMULATIVE REWARD COMPONENTS:
- makespan_reward: -1.3650
- setup_reward: -22.5000
- deadline_reward: 0.0000
- priority_reward: 0.0000
- critical_job_reward: 2.5000
- placement_reward: 0.0000
- lookahead_reward: 18.8000
- timeliness_reward: 73.7978
- machine_idle_penalty: -21.2875
- credit_assignment_penalty: 0.0000

CUMULATIVE TOTAL: 49.9453

CRITICAL STATE INFO:
- Valid actions: ['J1', 'J2', 'J3', 'J4', 'J5', 'J6', 'J7', 'J8', 'J9', 'J10', 'J11', 'J12', 'J13', 'J14', 'J15', 'J16', 'J17', 'J18', 'J19', 'J20']
- Machine states:
  - Machine M1: Time=332.00, Idle=0.00, Material=Racebike_Antrieb_installiert
  - Machine M2: Time=308.00, Idle=24.00, Material=Racebike_Schaltauge_bearbeitet
  - Machine M3: Time=190.00, Idle=142.00, Material=Citybike_Hinterbau_vorbereitet
==================================================

2025-05-15 15:19:51,015 - JSPGymEnvironment - INFO - Material change on machine M1: Racebike_Antrieb_installiert -> Citybike_Hauptrahmen_zugeschnitten, setup time: 40
2025-05-15 15:19:51,015 - JSPGymEnvironment - INFO - Executed operation: Job J6, Op 0, Machine M1, Start: 372, End: 388, Setup: 40
2025-05-15 15:19:51,015 - JSPGymEnvironment - INFO - 
===== REWARD DETAILS FOR STEP 10 =====
Job: J6, Operation: 0, Job Completed: False
Current Time: 332.00 -> 388.00, Setup Time: 40.00
Processing Time: 16.00, Idle Time: 0.00
Completed Jobs: 0/20
Machine: M1, Material: Citybike_Hauptrahmen_zugeschnitten

REWARD COMPONENTS:
- makespan_reward: -0.2800
- setup_reward: -10.0000
- deadline_reward: 0.0000
- priority_reward: 0.0000
- critical_job_reward: 0.0000
- placement_reward: 0.0000
- lookahead_reward: 0.0000
- timeliness_reward: 9.2738
- machine_idle_penalty: -3.5250
- credit_assignment_penalty: 0.0000

TOTAL REWARD: -4.5312

CUMULATIVE REWARD COMPONENTS:
- makespan_reward: -1.6450
- setup_reward: -32.5000
- deadline_reward: 0.0000
- priority_reward: 0.0000
- critical_job_reward: 2.5000
- placement_reward: 0.0000
- lookahead_reward: 18.8000
- timeliness_reward: 83.0716
- machine_idle_penalty: -24.8125
- credit_assignment_penalty: 0.0000

CUMULATIVE TOTAL: 45.4141

CRITICAL STATE INFO:
- Valid actions: ['J1', 'J2', 'J3', 'J4', 'J5', 'J6', 'J7', 'J8', 'J9', 'J10', 'J11', 'J12', 'J13', 'J14', 'J15', 'J16', 'J17', 'J18', 'J19', 'J20']
- Machine states:
  - Machine M1: Time=388.00, Idle=0.00, Material=Citybike_Hauptrahmen_zugeschnitten
  - Machine M2: Time=308.00, Idle=80.00, Material=Racebike_Schaltauge_bearbeitet
  - Machine M3: Time=190.00, Idle=198.00, Material=Citybike_Hinterbau_vorbereitet
==================================================

2025-05-15 15:19:51,104 - JSPGymEnvironment - INFO - Material change on machine M3: Citybike_Hinterbau_vorbereitet -> Racebike_Steuerrohr_ausgerieben, setup time: 15
2025-05-15 15:19:51,104 - JSPGymEnvironment - INFO - Executed operation: Job J3, Op 2, Machine M3, Start: 403, End: 421, Setup: 15
2025-05-15 15:19:51,105 - JSPGymEnvironment - INFO - 
===== REWARD DETAILS FOR STEP 11 =====
Job: J3, Operation: 2, Job Completed: False
Current Time: 388.00 -> 421.00, Setup Time: 15.00
Processing Time: 18.00, Idle Time: 0.00
Completed Jobs: 0/20
Machine: M3, Material: Racebike_Steuerrohr_ausgerieben

REWARD COMPONENTS:
- makespan_reward: -0.1650
- setup_reward: -3.7500
- deadline_reward: 0.0000
- priority_reward: 0.0000
- critical_job_reward: 0.5000
- placement_reward: 0.0000
- lookahead_reward: 0.0000
- timeliness_reward: 9.2787
- machine_idle_penalty: -1.8250
- credit_assignment_penalty: 0.0000

TOTAL REWARD: 4.0387

CUMULATIVE REWARD COMPONENTS:
- makespan_reward: -1.8100
- setup_reward: -36.2500
- deadline_reward: 0.0000
- priority_reward: 0.0000
- critical_job_reward: 3.0000
- placement_reward: 0.0000
- lookahead_reward: 18.8000
- timeliness_reward: 92.3504
- machine_idle_penalty: -26.6375
- credit_assignment_penalty: 0.0000

CUMULATIVE TOTAL: 49.4529

CRITICAL STATE INFO:
- Valid actions: ['J1', 'J2', 'J3', 'J4', 'J5', 'J6', 'J7', 'J8', 'J9', 'J10', 'J11', 'J12', 'J13', 'J14', 'J15', 'J16', 'J17', 'J18', 'J19', 'J20']
- Machine states:
  - Machine M1: Time=388.00, Idle=33.00, Material=Citybike_Hauptrahmen_zugeschnitten
  - Machine M2: Time=308.00, Idle=113.00, Material=Racebike_Schaltauge_bearbeitet
  - Machine M3: Time=421.00, Idle=0.00, Material=Racebike_Steuerrohr_ausgerieben
==================================================

2025-05-15 15:19:51,174 - JSPGymEnvironment - INFO - Material change on machine M3: Racebike_Steuerrohr_ausgerieben -> Citybike_Laufraeder_montiert, setup time: 15
2025-05-15 15:19:51,175 - JSPGymEnvironment - INFO - Executed operation: Job J6, Op 1, Machine M3, Start: 436, End: 463, Setup: 15
2025-05-15 15:19:51,175 - JSPGymEnvironment - INFO - 
===== REWARD DETAILS FOR STEP 12 =====
Job: J6, Operation: 1, Job Completed: False
Current Time: 421.00 -> 463.00, Setup Time: 15.00
Processing Time: 27.00, Idle Time: 0.00
Completed Jobs: 0/20
Machine: M3, Material: Citybike_Laufraeder_montiert

REWARD COMPONENTS:
- makespan_reward: -0.2100
- setup_reward: -3.7500
- deadline_reward: 0.0000
- priority_reward: 0.0000
- critical_job_reward: 0.0000
- placement_reward: 0.0000
- lookahead_reward: 0.0000
- timeliness_reward: 9.2900
- machine_idle_penalty: -2.8750
- credit_assignment_penalty: 0.0000

TOTAL REWARD: 2.4550

CUMULATIVE REWARD COMPONENTS:
- makespan_reward: -2.0200
- setup_reward: -40.0000
- deadline_reward: 0.0000
- priority_reward: 0.0000
- critical_job_reward: 3.0000
- placement_reward: 0.0000
- lookahead_reward: 18.8000
- timeliness_reward: 101.6404
- machine_idle_penalty: -29.5125
- credit_assignment_penalty: 0.0000

CUMULATIVE TOTAL: 51.9079

CRITICAL STATE INFO:
- Valid actions: ['J1', 'J2', 'J3', 'J4', 'J5', 'J6', 'J7', 'J8', 'J9', 'J10', 'J11', 'J12', 'J13', 'J14', 'J15', 'J16', 'J17', 'J18', 'J19', 'J20']
- Machine states:
  - Machine M1: Time=388.00, Idle=75.00, Material=Citybike_Hauptrahmen_zugeschnitten
  - Machine M2: Time=308.00, Idle=155.00, Material=Racebike_Schaltauge_bearbeitet
  - Machine M3: Time=463.00, Idle=0.00, Material=Citybike_Laufraeder_montiert
==================================================

2025-05-15 15:19:51,441 - JSPGymEnvironment - INFO - Material change on machine M3: Citybike_Laufraeder_montiert -> Citybike_Bremsaufnahme_gebohrt, setup time: 15
2025-05-15 15:19:51,441 - JSPGymEnvironment - INFO - Executed operation: Job J4, Op 3, Machine M3, Start: 478, End: 488, Setup: 15
2025-05-15 15:19:51,442 - JSPGymEnvironment - INFO - 
===== REWARD DETAILS FOR STEP 13 =====
Job: J4, Operation: 3, Job Completed: False
Current Time: 463.00 -> 488.00, Setup Time: 15.00
Processing Time: 10.00, Idle Time: 0.00
Completed Jobs: 0/20
Machine: M3, Material: Citybike_Bremsaufnahme_gebohrt

REWARD COMPONENTS:
- makespan_reward: -0.1250
- setup_reward: -3.7500
- deadline_reward: 0.0000
- priority_reward: 0.0000
- critical_job_reward: 0.0000
- placement_reward: 0.0000
- lookahead_reward: 0.0000
- timeliness_reward: 9.2948
- machine_idle_penalty: -3.5000
- credit_assignment_penalty: 0.0000

TOTAL REWARD: 1.9198

CUMULATIVE REWARD COMPONENTS:
- makespan_reward: -2.1450
- setup_reward: -43.7500
- deadline_reward: 0.0000
- priority_reward: 0.0000
- critical_job_reward: 3.0000
- placement_reward: 0.0000
- lookahead_reward: 18.8000
- timeliness_reward: 110.9351
- machine_idle_penalty: -33.0125
- credit_assignment_penalty: 0.0000

CUMULATIVE TOTAL: 53.8276

CRITICAL STATE INFO:
- Valid actions: ['J1', 'J2', 'J3', 'J4', 'J5', 'J6', 'J7', 'J8', 'J9', 'J10', 'J11', 'J12', 'J13', 'J14', 'J15', 'J16', 'J17', 'J18', 'J19', 'J20']
- Machine states:
  - Machine M1: Time=388.00, Idle=100.00, Material=Citybike_Hauptrahmen_zugeschnitten
  - Machine M2: Time=308.00, Idle=180.00, Material=Racebike_Schaltauge_bearbeitet
  - Machine M3: Time=488.00, Idle=0.00, Material=Citybike_Bremsaufnahme_gebohrt
==================================================

2025-05-15 15:19:51,518 - JSPGymEnvironment - INFO - Material change on machine M3: Citybike_Bremsaufnahme_gebohrt -> E-Bike_Hauptrahmen_zugeschnitten, setup time: 15
2025-05-15 15:19:51,518 - JSPGymEnvironment - INFO - Executed operation: Job J12, Op 0, Machine M3, Start: 503, End: 546, Setup: 15
2025-05-15 15:19:51,519 - JSPGymEnvironment - INFO - 
===== REWARD DETAILS FOR STEP 14 =====
Job: J12, Operation: 0, Job Completed: False
Current Time: 488.00 -> 546.00, Setup Time: 15.00
Processing Time: 43.00, Idle Time: 0.00
Completed Jobs: 0/20
Machine: M3, Material: E-Bike_Hauptrahmen_zugeschnitten

REWARD COMPONENTS:
- makespan_reward: -0.2900
- setup_reward: -3.7500
- deadline_reward: 0.0000
- priority_reward: 0.0000
- critical_job_reward: 0.0000
- placement_reward: 0.0000
- lookahead_reward: 0.0000
- timeliness_reward: 9.3128
- machine_idle_penalty: -5.0000
- credit_assignment_penalty: 0.0000

TOTAL REWARD: 0.2728

CUMULATIVE REWARD COMPONENTS:
- makespan_reward: -2.4350
- setup_reward: -47.5000
- deadline_reward: 0.0000
- priority_reward: 0.0000
- critical_job_reward: 3.0000
- placement_reward: 0.0000
- lookahead_reward: 18.8000
- timeliness_reward: 120.2479
- machine_idle_penalty: -38.0125
- credit_assignment_penalty: 0.0000

CUMULATIVE TOTAL: 54.1004

CRITICAL STATE INFO:
- Valid actions: ['J1', 'J2', 'J3', 'J4', 'J5', 'J6', 'J7', 'J8', 'J9', 'J10', 'J11', 'J12', 'J13', 'J14', 'J15', 'J16', 'J17', 'J18', 'J19', 'J20']
- Machine states:
  - Machine M1: Time=388.00, Idle=158.00, Material=Citybike_Hauptrahmen_zugeschnitten
  - Machine M2: Time=308.00, Idle=238.00, Material=Racebike_Schaltauge_bearbeitet
  - Machine M3: Time=546.00, Idle=0.00, Material=E-Bike_Hauptrahmen_zugeschnitten
==================================================

2025-05-15 15:19:51,605 - JSPGymEnvironment - INFO - Material change on machine M3: E-Bike_Hauptrahmen_zugeschnitten -> Citybike_Tretlager_gefraest, setup time: 15
2025-05-15 15:19:51,605 - JSPGymEnvironment - INFO - Executed operation: Job J10, Op 0, Machine M3, Start: 561, End: 586, Setup: 15
2025-05-15 15:19:51,606 - JSPGymEnvironment - INFO - 
===== REWARD DETAILS FOR STEP 15 =====
Job: J10, Operation: 0, Job Completed: False
Current Time: 546.00 -> 586.00, Setup Time: 15.00
Processing Time: 25.00, Idle Time: 0.00
Completed Jobs: 0/20
Machine: M3, Material: Citybike_Tretlager_gefraest

REWARD COMPONENTS:
- makespan_reward: -0.2000
- setup_reward: -3.7500
- deadline_reward: 0.0000
- priority_reward: 0.0000
- critical_job_reward: 0.0000
- placement_reward: 0.0000
- lookahead_reward: 0.0000
- timeliness_reward: 9.3187
- machine_idle_penalty: -6.0000
- credit_assignment_penalty: 0.0000

TOTAL REWARD: -0.6313

CUMULATIVE REWARD COMPONENTS:
- makespan_reward: -2.6350
- setup_reward: -51.2500
- deadline_reward: 0.0000
- priority_reward: 0.0000
- critical_job_reward: 3.0000
- placement_reward: 0.0000
- lookahead_reward: 18.8000
- timeliness_reward: 129.5667
- machine_idle_penalty: -44.0125
- credit_assignment_penalty: 0.0000

CUMULATIVE TOTAL: 53.4692

CRITICAL STATE INFO:
- Valid actions: ['J1', 'J2', 'J3', 'J4', 'J5', 'J6', 'J7', 'J8', 'J9', 'J10', 'J11', 'J12', 'J13', 'J14', 'J15', 'J16', 'J17', 'J18', 'J19', 'J20']
- Machine states:
  - Machine M1: Time=388.00, Idle=198.00, Material=Citybike_Hauptrahmen_zugeschnitten
  - Machine M2: Time=308.00, Idle=278.00, Material=Racebike_Schaltauge_bearbeitet
  - Machine M3: Time=586.00, Idle=0.00, Material=Citybike_Tretlager_gefraest
==================================================

2025-05-15 15:19:51,678 - JSPGymEnvironment - INFO - Material change on machine M1: Citybike_Hauptrahmen_zugeschnitten -> E-Bike_Hauptrahmen_zugeschnitten, setup time: 40
2025-05-15 15:19:51,678 - JSPGymEnvironment - INFO - Executed operation: Job J8, Op 0, Machine M1, Start: 626, End: 670, Setup: 40
2025-05-15 15:19:51,678 - JSPGymEnvironment - INFO - 
===== REWARD DETAILS FOR STEP 16 =====
Job: J8, Operation: 0, Job Completed: False
Current Time: 586.00 -> 670.00, Setup Time: 40.00
Processing Time: 44.00, Idle Time: 0.00
Completed Jobs: 0/20
Machine: M1, Material: E-Bike_Hauptrahmen_zugeschnitten

REWARD COMPONENTS:
- makespan_reward: -0.4200
- setup_reward: -10.0000
- deadline_reward: 0.0000
- priority_reward: 0.0000
- critical_job_reward: 0.5000
- placement_reward: 0.0000
- lookahead_reward: 0.0000
- timeliness_reward: 9.3155
- machine_idle_penalty: -5.6250
- credit_assignment_penalty: 0.0000

TOTAL REWARD: -6.2295

CUMULATIVE REWARD COMPONENTS:
- makespan_reward: -3.0550
- setup_reward: -61.2500
- deadline_reward: 0.0000
- priority_reward: 0.0000
- critical_job_reward: 3.5000
- placement_reward: 0.0000
- lookahead_reward: 18.8000
- timeliness_reward: 138.8822
- machine_idle_penalty: -49.6375
- credit_assignment_penalty: 0.0000

CUMULATIVE TOTAL: 47.2397

CRITICAL STATE INFO:
- Valid actions: ['J1', 'J2', 'J3', 'J4', 'J5', 'J6', 'J7', 'J8', 'J9', 'J10', 'J11', 'J12', 'J13', 'J14', 'J15', 'J16', 'J17', 'J18', 'J19', 'J20']
- Machine states:
  - Machine M1: Time=670.00, Idle=0.00, Material=E-Bike_Hauptrahmen_zugeschnitten
  - Machine M2: Time=308.00, Idle=362.00, Material=Racebike_Schaltauge_bearbeitet
  - Machine M3: Time=586.00, Idle=84.00, Material=Citybike_Tretlager_gefraest
==================================================

2025-05-15 15:19:51,757 - JSPGymEnvironment - INFO - Executed operation: Job J11, Op 0, Machine M1, Start: 695, End: 717, Setup: 25
2025-05-15 15:19:51,758 - JSPGymEnvironment - INFO - 
===== REWARD DETAILS FOR STEP 17 =====
Job: J11, Operation: 0, Job Completed: False
Current Time: 670.00 -> 717.00, Setup Time: 25.00
Processing Time: 22.00, Idle Time: 0.00
Completed Jobs: 0/20
Machine: M1, Material: E-Bike_Hauptrahmen_zugeschnitten

REWARD COMPONENTS:
- makespan_reward: -0.2350
- setup_reward: -6.2500
- deadline_reward: 0.0000
- priority_reward: 0.0000
- critical_job_reward: 0.5000
- placement_reward: 0.0000
- lookahead_reward: 0.0000
- timeliness_reward: 9.3181
- machine_idle_penalty: -6.8000
- credit_assignment_penalty: 0.0000

TOTAL REWARD: -3.4669

CUMULATIVE REWARD COMPONENTS:
- makespan_reward: -3.2900
- setup_reward: -67.5000
- deadline_reward: 0.0000
- priority_reward: 0.0000
- critical_job_reward: 4.0000
- placement_reward: 0.0000
- lookahead_reward: 18.8000
- timeliness_reward: 148.2003
- machine_idle_penalty: -56.4375
- credit_assignment_penalty: 0.0000

CUMULATIVE TOTAL: 43.7728

CRITICAL STATE INFO:
- Valid actions: ['J1', 'J2', 'J3', 'J4', 'J5', 'J6', 'J7', 'J8', 'J9', 'J10', 'J11', 'J12', 'J13', 'J14', 'J15', 'J16', 'J17', 'J18', 'J19', 'J20']
- Machine states:
  - Machine M1: Time=717.00, Idle=0.00, Material=E-Bike_Hauptrahmen_zugeschnitten
  - Machine M2: Time=308.00, Idle=409.00, Material=Racebike_Schaltauge_bearbeitet
  - Machine M3: Time=586.00, Idle=131.00, Material=Citybike_Tretlager_gefraest
==================================================

2025-05-15 15:19:52,014 - JSPGymEnvironment - INFO - Material change on machine M1: E-Bike_Hauptrahmen_zugeschnitten -> Racebike_Rahmen_lackiert, setup time: 40
2025-05-15 15:19:52,015 - JSPGymEnvironment - INFO - Executed operation: Job J13, Op 0, Machine M1, Start: 757, End: 807, Setup: 40
2025-05-15 15:19:52,015 - JSPGymEnvironment - INFO - 
===== REWARD DETAILS FOR STEP 18 =====
Job: J13, Operation: 0, Job Completed: False
Current Time: 717.00 -> 807.00, Setup Time: 40.00
Processing Time: 50.00, Idle Time: 0.00
Completed Jobs: 0/20
Machine: M1, Material: Racebike_Rahmen_lackiert

REWARD COMPONENTS:
- makespan_reward: -0.4500
- setup_reward: -10.0000
- deadline_reward: 0.0000
- priority_reward: 0.0000
- critical_job_reward: 0.5000
- placement_reward: 0.0000
- lookahead_reward: 0.0000
- timeliness_reward: 9.3180
- machine_idle_penalty: -9.0500
- credit_assignment_penalty: 0.0000

TOTAL REWARD: -9.6820

CUMULATIVE REWARD COMPONENTS:
- makespan_reward: -3.7400
- setup_reward: -77.5000
- deadline_reward: 0.0000
- priority_reward: 0.0000
- critical_job_reward: 4.5000
- placement_reward: 0.0000
- lookahead_reward: 18.8000
- timeliness_reward: 157.5184
- machine_idle_penalty: -65.4875
- credit_assignment_penalty: 0.0000

CUMULATIVE TOTAL: 34.0909

CRITICAL STATE INFO:
- Valid actions: ['J1', 'J2', 'J3', 'J4', 'J5', 'J6', 'J7', 'J8', 'J9', 'J10', 'J11', 'J12', 'J13', 'J14', 'J15', 'J16', 'J17', 'J18', 'J19', 'J20']
- Machine states:
  - Machine M1: Time=807.00, Idle=0.00, Material=Racebike_Rahmen_lackiert
  - Machine M2: Time=308.00, Idle=499.00, Material=Racebike_Schaltauge_bearbeitet
  - Machine M3: Time=586.00, Idle=221.00, Material=Citybike_Tretlager_gefraest
==================================================

2025-05-15 15:19:52,081 - JSPGymEnvironment - INFO - Material change on machine M3: Citybike_Tretlager_gefraest -> Mountainbike_Rahmen_lackiert, setup time: 15
2025-05-15 15:19:52,081 - JSPGymEnvironment - INFO - Executed operation: Job J7, Op 0, Machine M3, Start: 822, End: 847, Setup: 15
2025-05-15 15:19:52,081 - JSPGymEnvironment - INFO - 
===== REWARD DETAILS FOR STEP 19 =====
Job: J7, Operation: 0, Job Completed: False
Current Time: 807.00 -> 847.00, Setup Time: 15.00
Processing Time: 25.00, Idle Time: 0.00
Completed Jobs: 0/20
Machine: M3, Material: Mountainbike_Rahmen_lackiert

REWARD COMPONENTS:
- makespan_reward: -0.2000
- setup_reward: -3.7500
- deadline_reward: 0.0000
- priority_reward: 0.0000
- critical_job_reward: 0.5000
- placement_reward: 0.0000
- lookahead_reward: 0.0000
- timeliness_reward: 9.3234
- machine_idle_penalty: -7.2875
- credit_assignment_penalty: 0.0000

TOTAL REWARD: -1.4141

CUMULATIVE REWARD COMPONENTS:
- makespan_reward: -3.9400
- setup_reward: -81.2500
- deadline_reward: 0.0000
- priority_reward: 0.0000
- critical_job_reward: 5.0000
- placement_reward: 0.0000
- lookahead_reward: 18.8000
- timeliness_reward: 166.8418
- machine_idle_penalty: -72.7750
- credit_assignment_penalty: 0.0000

CUMULATIVE TOTAL: 32.6768

CRITICAL STATE INFO:
- Valid actions: ['J1', 'J2', 'J3', 'J4', 'J5', 'J6', 'J7', 'J8', 'J9', 'J10', 'J11', 'J12', 'J13', 'J14', 'J15', 'J16', 'J17', 'J18', 'J19', 'J20']
- Machine states:
  - Machine M1: Time=807.00, Idle=40.00, Material=Racebike_Rahmen_lackiert
  - Machine M2: Time=308.00, Idle=539.00, Material=Racebike_Schaltauge_bearbeitet
  - Machine M3: Time=847.00, Idle=0.00, Material=Mountainbike_Rahmen_lackiert
==================================================

2025-05-15 15:19:52,150 - JSPGymEnvironment - INFO - Material change on machine M2: Racebike_Schaltauge_bearbeitet -> Mountainbike_Schaltauge_bearbeitet, setup time: 20
2025-05-15 15:19:52,151 - JSPGymEnvironment - INFO - Executed operation: Job J7, Op 1, Machine M2, Start: 867, End: 897, Setup: 20
2025-05-15 15:19:52,151 - JSPGymEnvironment - INFO - 
===== REWARD DETAILS FOR STEP 20 =====
Job: J7, Operation: 1, Job Completed: False
Current Time: 847.00 -> 897.00, Setup Time: 20.00
Processing Time: 30.00, Idle Time: 0.00
Completed Jobs: 0/20
Machine: M2, Material: Mountainbike_Schaltauge_bearbeitet

REWARD COMPONENTS:
- makespan_reward: -0.2500
- setup_reward: -5.0000
- deadline_reward: 0.0000
- priority_reward: 0.0000
- critical_job_reward: 0.5000
- placement_reward: 0.0000
- lookahead_reward: 0.0000
- timeliness_reward: 9.3185
- machine_idle_penalty: -1.7500
- credit_assignment_penalty: 0.0000

TOTAL REWARD: 2.8185

CUMULATIVE REWARD COMPONENTS:
- makespan_reward: -4.1900
- setup_reward: -86.2500
- deadline_reward: 0.0000
- priority_reward: 0.0000
- critical_job_reward: 5.5000
- placement_reward: 0.0000
- lookahead_reward: 18.8000
- timeliness_reward: 176.1603
- machine_idle_penalty: -74.5250
- credit_assignment_penalty: 0.0000

CUMULATIVE TOTAL: 35.4953

CRITICAL STATE INFO:
- Valid actions: ['J1', 'J2', 'J3', 'J4', 'J5', 'J6', 'J7', 'J8', 'J9', 'J10', 'J11', 'J12', 'J13', 'J14', 'J15', 'J16', 'J17', 'J18', 'J19', 'J20']
- Machine states:
  - Machine M1: Time=807.00, Idle=90.00, Material=Racebike_Rahmen_lackiert
  - Machine M2: Time=897.00, Idle=0.00, Material=Mountainbike_Schaltauge_bearbeitet
  - Machine M3: Time=847.00, Idle=50.00, Material=Mountainbike_Rahmen_lackiert
==================================================

2025-05-15 15:19:52,220 - JSPGymEnvironment - INFO - Material change on machine M2: Mountainbike_Schaltauge_bearbeitet -> Mountainbike_Laufraeder_montiert, setup time: 20
2025-05-15 15:19:52,220 - JSPGymEnvironment - INFO - Executed operation: Job J5, Op 1, Machine M2, Start: 917, End: 937, Setup: 20
2025-05-15 15:19:52,220 - JSPGymEnvironment - INFO - 
===== REWARD DETAILS FOR STEP 21 =====
Job: J5, Operation: 1, Job Completed: False
Current Time: 897.00 -> 937.00, Setup Time: 20.00
Processing Time: 20.00, Idle Time: 0.00
Completed Jobs: 0/20
Machine: M2, Material: Mountainbike_Laufraeder_montiert

REWARD COMPONENTS:
- makespan_reward: -0.2000
- setup_reward: -5.0000
- deadline_reward: 0.0000
- priority_reward: 0.0000
- critical_job_reward: 0.0000
- placement_reward: 0.0000
- lookahead_reward: 0.0000
- timeliness_reward: 9.3040
- machine_idle_penalty: -2.7500
- credit_assignment_penalty: 0.0000

TOTAL REWARD: 1.3540

CUMULATIVE REWARD COMPONENTS:
- makespan_reward: -4.3900
- setup_reward: -91.2500
- deadline_reward: 0.0000
- priority_reward: 0.0000
- critical_job_reward: 5.5000
- placement_reward: 0.0000
- lookahead_reward: 18.8000
- timeliness_reward: 185.4643
- machine_idle_penalty: -77.2750
- credit_assignment_penalty: 0.0000

CUMULATIVE TOTAL: 36.8493

CRITICAL STATE INFO:
- Valid actions: ['J1', 'J2', 'J3', 'J4', 'J5', 'J6', 'J7', 'J8', 'J9', 'J10', 'J11', 'J12', 'J13', 'J14', 'J15', 'J16', 'J17', 'J18', 'J19', 'J20']
- Machine states:
  - Machine M1: Time=807.00, Idle=130.00, Material=Racebike_Rahmen_lackiert
  - Machine M2: Time=937.00, Idle=0.00, Material=Mountainbike_Laufraeder_montiert
  - Machine M3: Time=847.00, Idle=90.00, Material=Mountainbike_Rahmen_lackiert
==================================================

2025-05-15 15:19:52,286 - JSPGymEnvironment - INFO - Material change on machine M3: Mountainbike_Rahmen_lackiert -> Citybike_Fahrrad_endmontiert, setup time: 15
2025-05-15 15:19:52,286 - JSPGymEnvironment - INFO - Executed operation: Job J4, Op 4, Machine M3, Start: 952, End: 1000, Setup: 15
2025-05-15 15:19:52,286 - JSPGymEnvironment - INFO - 
===== REWARD DETAILS FOR STEP 22 =====
Job: J4, Operation: 4, Job Completed: False
Current Time: 937.00 -> 1000.00, Setup Time: 15.00
Processing Time: 48.00, Idle Time: 0.00
Completed Jobs: 0/20
Machine: M3, Material: Citybike_Fahrrad_endmontiert

REWARD COMPONENTS:
- makespan_reward: -0.3150
- setup_reward: -3.7500
- deadline_reward: 0.0000
- priority_reward: 0.0000
- critical_job_reward: 0.0000
- placement_reward: 0.0000
- lookahead_reward: 0.0000
- timeliness_reward: 9.2960
- machine_idle_penalty: -3.2000
- credit_assignment_penalty: 0.0000

TOTAL REWARD: 2.0310

CUMULATIVE REWARD COMPONENTS:
- makespan_reward: -4.7050
- setup_reward: -95.0000
- deadline_reward: 0.0000
- priority_reward: 0.0000
- critical_job_reward: 5.5000
- placement_reward: 0.0000
- lookahead_reward: 18.8000
- timeliness_reward: 194.7603
- machine_idle_penalty: -80.4750
- credit_assignment_penalty: 0.0000

CUMULATIVE TOTAL: 38.8803

CRITICAL STATE INFO:
- Valid actions: ['J1', 'J2', 'J3', 'J4', 'J5', 'J6', 'J7', 'J8', 'J9', 'J10', 'J11', 'J12', 'J13', 'J14', 'J15', 'J16', 'J17', 'J18', 'J19', 'J20']
- Machine states:
  - Machine M1: Time=807.00, Idle=193.00, Material=Racebike_Rahmen_lackiert
  - Machine M2: Time=937.00, Idle=63.00, Material=Mountainbike_Laufraeder_montiert
  - Machine M3: Time=1000.00, Idle=0.00, Material=Citybike_Fahrrad_endmontiert
==================================================

2025-05-15 15:19:52,354 - JSPGymEnvironment - INFO - Material change on machine M3: Citybike_Fahrrad_endmontiert -> Mountainbike_Tretlageraufnahme_geschweisst, setup time: 15
2025-05-15 15:19:52,354 - JSPGymEnvironment - INFO - Executed operation: Job J5, Op 2, Machine M3, Start: 1015, End: 1047, Setup: 15
2025-05-15 15:19:52,354 - JSPGymEnvironment - INFO - 
===== REWARD DETAILS FOR STEP 23 =====
Job: J5, Operation: 2, Job Completed: False
Current Time: 1000.00 -> 1047.00, Setup Time: 15.00
Processing Time: 32.00, Idle Time: 0.00
Completed Jobs: 0/20
Machine: M3, Material: Mountainbike_Tretlageraufnahme_geschweisst

REWARD COMPONENTS:
- makespan_reward: -0.2350
- setup_reward: -3.7500
- deadline_reward: 0.0000
- priority_reward: 0.0000
- critical_job_reward: 0.0000
- placement_reward: 0.0000
- lookahead_reward: 0.0000
- timeliness_reward: 9.2762
- machine_idle_penalty: -4.3750
- credit_assignment_penalty: 0.0000

TOTAL REWARD: 0.9162

CUMULATIVE REWARD COMPONENTS:
- makespan_reward: -4.9400
- setup_reward: -98.7500
- deadline_reward: 0.0000
- priority_reward: 0.0000
- critical_job_reward: 5.5000
- placement_reward: 0.0000
- lookahead_reward: 18.8000
- timeliness_reward: 204.0365
- machine_idle_penalty: -84.8500
- credit_assignment_penalty: 0.0000

CUMULATIVE TOTAL: 39.7965

CRITICAL STATE INFO:
- Valid actions: ['J1', 'J2', 'J3', 'J4', 'J5', 'J6', 'J7', 'J8', 'J9', 'J10', 'J11', 'J12', 'J13', 'J14', 'J15', 'J16', 'J17', 'J18', 'J19', 'J20']
- Machine states:
  - Machine M1: Time=807.00, Idle=240.00, Material=Racebike_Rahmen_lackiert
  - Machine M2: Time=937.00, Idle=110.00, Material=Mountainbike_Laufraeder_montiert
  - Machine M3: Time=1047.00, Idle=0.00, Material=Mountainbike_Tretlageraufnahme_geschweisst
==================================================

2025-05-15 15:19:52,617 - JSPGymEnvironment - INFO - Material change on machine M3: Mountainbike_Tretlageraufnahme_geschweisst -> Racebike_Bremsen_justiert, setup time: 15
2025-05-15 15:19:52,617 - JSPGymEnvironment - INFO - Executed operation: Job J3, Op 3, Machine M3, Start: 1062, End: 1118, Setup: 15
2025-05-15 15:19:52,617 - JSPGymEnvironment - INFO - 
===== REWARD DETAILS FOR STEP 24 =====
Job: J3, Operation: 3, Job Completed: False
Current Time: 1047.00 -> 1118.00, Setup Time: 15.00
Processing Time: 56.00, Idle Time: 0.00
Completed Jobs: 0/20
Machine: M3, Material: Racebike_Bremsen_justiert

REWARD COMPONENTS:
- makespan_reward: -0.3550
- setup_reward: -3.7500
- deadline_reward: 0.0000
- priority_reward: 0.0000
- critical_job_reward: 0.5000
- placement_reward: 0.0000
- lookahead_reward: 0.0000
- timeliness_reward: 9.2488
- machine_idle_penalty: -6.1500
- credit_assignment_penalty: 0.0000

TOTAL REWARD: -0.5062

CUMULATIVE REWARD COMPONENTS:
- makespan_reward: -5.2950
- setup_reward: -102.5000
- deadline_reward: 0.0000
- priority_reward: 0.0000
- critical_job_reward: 6.0000
- placement_reward: 0.0000
- lookahead_reward: 18.8000
- timeliness_reward: 213.2853
- machine_idle_penalty: -91.0000
- credit_assignment_penalty: 0.0000

CUMULATIVE TOTAL: 39.2903

CRITICAL STATE INFO:
- Valid actions: ['J1', 'J2', 'J3', 'J4', 'J5', 'J6', 'J7', 'J8', 'J9', 'J10', 'J11', 'J12', 'J13', 'J14', 'J15', 'J16', 'J17', 'J18', 'J19', 'J20']
- Machine states:
  - Machine M1: Time=807.00, Idle=311.00, Material=Racebike_Rahmen_lackiert
  - Machine M2: Time=937.00, Idle=181.00, Material=Mountainbike_Laufraeder_montiert
  - Machine M3: Time=1118.00, Idle=0.00, Material=Racebike_Bremsen_justiert
==================================================

2025-05-15 15:19:52,697 - JSPGymEnvironment - INFO - Material change on machine M2: Mountainbike_Laufraeder_montiert -> Racebike_Tretlager_gefraest, setup time: 20
2025-05-15 15:19:52,697 - JSPGymEnvironment - INFO - Executed operation: Job J9, Op 0, Machine M2, Start: 1138, End: 1164, Setup: 20
2025-05-15 15:19:52,698 - JSPGymEnvironment - INFO - 
===== REWARD DETAILS FOR STEP 25 =====
Job: J9, Operation: 0, Job Completed: False
Current Time: 1118.00 -> 1164.00, Setup Time: 20.00
Processing Time: 26.00, Idle Time: 0.00
Completed Jobs: 0/20
Machine: M2, Material: Racebike_Tretlager_gefraest

REWARD COMPONENTS:
- makespan_reward: -0.2300
- setup_reward: -5.0000
- deadline_reward: 0.0000
- priority_reward: 0.0000
- critical_job_reward: 0.5000
- placement_reward: 0.0000
- lookahead_reward: 0.0000
- timeliness_reward: 9.2337
- machine_idle_penalty: -5.0375
- credit_assignment_penalty: 0.0000

TOTAL REWARD: -0.5338

CUMULATIVE REWARD COMPONENTS:
- makespan_reward: -5.5250
- setup_reward: -107.5000
- deadline_reward: 0.0000
- priority_reward: 0.0000
- critical_job_reward: 6.5000
- placement_reward: 0.0000
- lookahead_reward: 18.8000
- timeliness_reward: 222.5190
- machine_idle_penalty: -96.0375
- credit_assignment_penalty: 0.0000

CUMULATIVE TOTAL: 38.7565

CRITICAL STATE INFO:
- Valid actions: ['J1', 'J2', 'J3', 'J4', 'J5', 'J6', 'J7', 'J8', 'J9', 'J10', 'J11', 'J12', 'J13', 'J14', 'J15', 'J16', 'J17', 'J18', 'J19', 'J20']
- Machine states:
  - Machine M1: Time=807.00, Idle=357.00, Material=Racebike_Rahmen_lackiert
  - Machine M2: Time=1164.00, Idle=0.00, Material=Racebike_Tretlager_gefraest
  - Machine M3: Time=1118.00, Idle=46.00, Material=Racebike_Bremsen_justiert
==================================================

2025-05-15 15:19:52,698 - JSPGymEnvironment - INFO - 
===== REWARD DETAILS FOR STEP 5 =====
Job: J4, Operation: 1, Job Completed: False
Current Time: 131.00 -> 190.00, Setup Time: 15.00
Processing Time: 44.00, Idle Time: 0.00
Completed Jobs: 0/20
Machine: M3, Material: Citybike_Hinterbau_vorbereitet

REWARD COMPONENTS:
- makespan_reward: -0.2950
- setup_reward: -3.7500
- deadline_reward: 0.0000
- priority_reward: 0.0000
- critical_job_reward: 0.0000
- placement_reward: 0.0000
- lookahead_reward: 0.0000
- timeliness_reward: 9.2210
- machine_idle_penalty: -3.7000
- credit_assignment_penalty: 0.0000

TOTAL REWARD: 1.4760

CUMULATIVE REWARD COMPONENTS:
- makespan_reward: -0.9500
- setup_reward: -11.2500
- deadline_reward: 0.0000
- priority_reward: 0.0000
- critical_job_reward: 1.0000
- placement_reward: 0.0000
- lookahead_reward: 18.8000
- timeliness_reward: 45.9691
- machine_idle_penalty: -9.9625
- credit_assignment_penalty: 0.0000

CUMULATIVE TOTAL: 43.6066

CRITICAL STATE INFO:
- Valid actions: ['J1', 'J2', 'J3', 'J4', 'J5', 'J6', 'J7', 'J8', 'J9', 'J10', 'J11', 'J12', 'J13', 'J14', 'J15', 'J16', 'J17', 'J18', 'J19', 'J20']
- Machine states:
  - Machine M1: Time=0.00, Idle=190.00, Material=None
  - Machine M2: Time=92.00, Idle=98.00, Material=Mountainbike_Tretlager_gefraest
  - Machine M3: Time=190.00, Idle=0.00, Material=Citybike_Hinterbau_vorbereitet
==================================================

2025-05-15 15:19:52,761 - JSPGymEnvironment - INFO - Material change on machine M2: Mountainbike_Tretlager_gefraest -> E-Bike_Hauptrahmen_zugeschnitten, setup time: 20
2025-05-15 15:19:52,761 - JSPGymEnvironment - INFO - Executed operation: Job J8, Op 0, Machine M2, Start: 210, End: 254, Setup: 20
2025-05-15 15:19:52,819 - JSPGymEnvironment - INFO - Material change on machine M1:  -> Racebike_Laufraeder_montiert, setup time: 0
2025-05-15 15:19:52,819 - JSPGymEnvironment - INFO - Executed operation: Job J3, Op 1, Machine M1, Start: 254, End: 281, Setup: 0
2025-05-15 15:19:52,819 - JSPGymEnvironment - INFO - 
===== REWARD DETAILS FOR STEP 7 =====
Job: J3, Operation: 1, Job Completed: False
Current Time: 254.00 -> 281.00, Setup Time: 0.00
Processing Time: 27.00, Idle Time: 0.00
Completed Jobs: 0/20
Machine: M1, Material: Racebike_Laufraeder_montiert

REWARD COMPONENTS:
- makespan_reward: -0.1350
- setup_reward: 0.0000
- deadline_reward: 0.0000
- priority_reward: 0.0000
- critical_job_reward: 0.5000
- placement_reward: 0.0000
- lookahead_reward: 0.0000
- timeliness_reward: 9.2452
- machine_idle_penalty: -1.4750
- credit_assignment_penalty: 0.0000

TOTAL REWARD: 8.1352

CUMULATIVE REWARD COMPONENTS:
- makespan_reward: -1.0850
- setup_reward: -11.2500
- deadline_reward: 0.0000
- priority_reward: 0.0000
- critical_job_reward: 1.5000
- placement_reward: 0.0000
- lookahead_reward: 18.8000
- timeliness_reward: 55.2143
- machine_idle_penalty: -11.4375
- credit_assignment_penalty: 0.0000

CUMULATIVE TOTAL: 51.7418

CRITICAL STATE INFO:
- Valid actions: ['J1', 'J2', 'J3', 'J4', 'J5', 'J6', 'J7', 'J8', 'J9', 'J10', 'J11', 'J12', 'J13', 'J14', 'J15', 'J16', 'J17', 'J18', 'J19', 'J20']
- Machine states:
  - Machine M1: Time=281.00, Idle=0.00, Material=Racebike_Laufraeder_montiert
  - Machine M2: Time=254.00, Idle=27.00, Material=E-Bike_Hauptrahmen_zugeschnitten
  - Machine M3: Time=190.00, Idle=91.00, Material=Citybike_Hinterbau_vorbereitet
==================================================

2025-05-15 15:19:52,875 - JSPGymEnvironment - INFO - Material change on machine M3: Citybike_Hinterbau_vorbereitet -> Citybike_Hauptrahmen_zugeschnitten, setup time: 15
2025-05-15 15:19:52,875 - JSPGymEnvironment - INFO - Executed operation: Job J2, Op 0, Machine M3, Start: 296, End: 317, Setup: 15
2025-05-15 15:19:52,875 - JSPGymEnvironment - INFO - 
===== REWARD DETAILS FOR STEP 8 =====
Job: J2, Operation: 0, Job Completed: False
Current Time: 281.00 -> 317.00, Setup Time: 15.00
Processing Time: 21.00, Idle Time: 0.00
Completed Jobs: 0/20
Machine: M3, Material: Citybike_Hauptrahmen_zugeschnitten

REWARD COMPONENTS:
- makespan_reward: -0.1800
- setup_reward: -3.7500
- deadline_reward: 0.0000
- priority_reward: 0.0000
- critical_job_reward: 0.0000
- placement_reward: 0.0000
- lookahead_reward: 0.0000
- timeliness_reward: 9.2566
- machine_idle_penalty: -1.2375
- credit_assignment_penalty: 0.0000

TOTAL REWARD: 4.0891

CUMULATIVE REWARD COMPONENTS:
- makespan_reward: -1.2650
- setup_reward: -15.0000
- deadline_reward: 0.0000
- priority_reward: 0.0000
- critical_job_reward: 1.5000
- placement_reward: 0.0000
- lookahead_reward: 18.8000
- timeliness_reward: 64.4709
- machine_idle_penalty: -12.6750
- credit_assignment_penalty: 0.0000

CUMULATIVE TOTAL: 55.8309

CRITICAL STATE INFO:
- Valid actions: ['J1', 'J2', 'J3', 'J4', 'J5', 'J6', 'J7', 'J8', 'J9', 'J10', 'J11', 'J12', 'J13', 'J14', 'J15', 'J16', 'J17', 'J18', 'J19', 'J20']
- Machine states:
  - Machine M1: Time=281.00, Idle=36.00, Material=Racebike_Laufraeder_montiert
  - Machine M2: Time=254.00, Idle=63.00, Material=E-Bike_Hauptrahmen_zugeschnitten
  - Machine M3: Time=317.00, Idle=0.00, Material=Citybike_Hauptrahmen_zugeschnitten
==================================================

2025-05-15 15:19:52,935 - JSPGymEnvironment - INFO - Material change on machine M1: Racebike_Laufraeder_montiert -> Citybike_Hauptrahmen_zugeschnitten, setup time: 40
2025-05-15 15:19:52,935 - JSPGymEnvironment - INFO - Executed operation: Job J6, Op 0, Machine M1, Start: 357, End: 373, Setup: 40
2025-05-15 15:19:52,935 - JSPGymEnvironment - INFO - 
===== REWARD DETAILS FOR STEP 9 =====
Job: J6, Operation: 0, Job Completed: False
Current Time: 317.00 -> 373.00, Setup Time: 40.00
Processing Time: 16.00, Idle Time: 0.00
Completed Jobs: 0/20
Machine: M1, Material: Citybike_Hauptrahmen_zugeschnitten

REWARD COMPONENTS:
- makespan_reward: -0.2800
- setup_reward: -10.0000
- deadline_reward: 0.0000
- priority_reward: 0.0000
- critical_job_reward: 0.0000
- placement_reward: 0.0000
- lookahead_reward: 0.0000
- timeliness_reward: 9.2703
- machine_idle_penalty: -2.1875
- credit_assignment_penalty: 0.0000

TOTAL REWARD: -3.1972

CUMULATIVE REWARD COMPONENTS:
- makespan_reward: -1.5450
- setup_reward: -25.0000
- deadline_reward: 0.0000
- priority_reward: 0.0000
- critical_job_reward: 1.5000
- placement_reward: 0.0000
- lookahead_reward: 18.8000
- timeliness_reward: 73.7412
- machine_idle_penalty: -14.8625
- credit_assignment_penalty: 0.0000

CUMULATIVE TOTAL: 52.6337

CRITICAL STATE INFO:
- Valid actions: ['J1', 'J2', 'J3', 'J4', 'J5', 'J6', 'J7', 'J8', 'J9', 'J10', 'J11', 'J12', 'J13', 'J14', 'J15', 'J16', 'J17', 'J18', 'J19', 'J20']
- Machine states:
  - Machine M1: Time=373.00, Idle=0.00, Material=Citybike_Hauptrahmen_zugeschnitten
  - Machine M2: Time=254.00, Idle=119.00, Material=E-Bike_Hauptrahmen_zugeschnitten
  - Machine M3: Time=317.00, Idle=56.00, Material=Citybike_Hauptrahmen_zugeschnitten
==================================================

2025-05-15 15:19:53,180 - JSPGymEnvironment - INFO - Material change on machine M3: Citybike_Hauptrahmen_zugeschnitten -> Citybike_Laufraeder_montiert, setup time: 15
2025-05-15 15:19:53,181 - JSPGymEnvironment - INFO - Executed operation: Job J6, Op 1, Machine M3, Start: 388, End: 415, Setup: 15
2025-05-15 15:19:53,181 - JSPGymEnvironment - INFO - 
===== REWARD DETAILS FOR STEP 10 =====
Job: J6, Operation: 1, Job Completed: False
Current Time: 373.00 -> 415.00, Setup Time: 15.00
Processing Time: 27.00, Idle Time: 0.00
Completed Jobs: 0/20
Machine: M3, Material: Citybike_Laufraeder_montiert

REWARD COMPONENTS:
- makespan_reward: -0.2100
- setup_reward: -3.7500
- deadline_reward: 0.0000
- priority_reward: 0.0000
- critical_job_reward: 0.0000
- placement_reward: 0.0000
- lookahead_reward: 0.0000
- timeliness_reward: 9.2799
- machine_idle_penalty: -2.5375
- credit_assignment_penalty: 0.0000

TOTAL REWARD: 2.7824

CUMULATIVE REWARD COMPONENTS:
- makespan_reward: -1.7550
- setup_reward: -28.7500
- deadline_reward: 0.0000
- priority_reward: 0.0000
- critical_job_reward: 1.5000
- placement_reward: 0.0000
- lookahead_reward: 18.8000
- timeliness_reward: 83.0212
- machine_idle_penalty: -17.4000
- credit_assignment_penalty: 0.0000

CUMULATIVE TOTAL: 55.4162

CRITICAL STATE INFO:
- Valid actions: ['J1', 'J2', 'J3', 'J4', 'J5', 'J6', 'J7', 'J8', 'J9', 'J10', 'J11', 'J12', 'J13', 'J14', 'J15', 'J16', 'J17', 'J18', 'J19', 'J20']
- Machine states:
  - Machine M1: Time=373.00, Idle=42.00, Material=Citybike_Hauptrahmen_zugeschnitten
  - Machine M2: Time=254.00, Idle=161.00, Material=E-Bike_Hauptrahmen_zugeschnitten
  - Machine M3: Time=415.00, Idle=0.00, Material=Citybike_Laufraeder_montiert
==================================================

2025-05-15 15:19:53,240 - JSPGymEnvironment - INFO - Material change on machine M2: E-Bike_Hauptrahmen_zugeschnitten -> Racebike_Schaltauge_bearbeitet, setup time: 20
2025-05-15 15:19:53,240 - JSPGymEnvironment - INFO - Executed operation: Job J1, Op 1, Machine M2, Start: 435, End: 456, Setup: 20
2025-05-15 15:19:53,240 - JSPGymEnvironment - INFO - 
===== REWARD DETAILS FOR STEP 11 =====
Job: J1, Operation: 1, Job Completed: False
Current Time: 415.00 -> 456.00, Setup Time: 20.00
Processing Time: 21.00, Idle Time: 0.00
Completed Jobs: 0/20
Machine: M2, Material: Racebike_Schaltauge_bearbeitet

REWARD COMPONENTS:
- makespan_reward: -0.2050
- setup_reward: -5.0000
- deadline_reward: 0.0000
- priority_reward: 0.0000
- critical_job_reward: 0.5000
- placement_reward: 0.0000
- lookahead_reward: 0.0000
- timeliness_reward: 9.3343
- machine_idle_penalty: -1.5500
- credit_assignment_penalty: 0.0000

TOTAL REWARD: 3.0793

CUMULATIVE REWARD COMPONENTS:
- makespan_reward: -1.9600
- setup_reward: -33.7500
- deadline_reward: 0.0000
- priority_reward: 0.0000
- critical_job_reward: 2.0000
- placement_reward: 0.0000
- lookahead_reward: 18.8000
- timeliness_reward: 92.3555
- machine_idle_penalty: -18.9500
- credit_assignment_penalty: 0.0000

CUMULATIVE TOTAL: 58.4955

CRITICAL STATE INFO:
- Valid actions: ['J1', 'J2', 'J3', 'J4', 'J5', 'J6', 'J7', 'J8', 'J9', 'J10', 'J11', 'J12', 'J13', 'J14', 'J15', 'J16', 'J17', 'J18', 'J19', 'J20']
- Machine states:
  - Machine M1: Time=373.00, Idle=83.00, Material=Citybike_Hauptrahmen_zugeschnitten
  - Machine M2: Time=456.00, Idle=0.00, Material=Racebike_Schaltauge_bearbeitet
  - Machine M3: Time=415.00, Idle=41.00, Material=Citybike_Laufraeder_montiert
==================================================

2025-05-15 15:19:53,305 - JSPGymEnvironment - INFO - Material change on machine M3: Citybike_Laufraeder_montiert -> Racebike_Steuerrohr_ausgerieben, setup time: 15
2025-05-15 15:19:53,305 - JSPGymEnvironment - INFO - Executed operation: Job J3, Op 2, Machine M3, Start: 471, End: 489, Setup: 15
2025-05-15 15:19:53,306 - JSPGymEnvironment - INFO - 
===== REWARD DETAILS FOR STEP 12 =====
Job: J3, Operation: 2, Job Completed: False
Current Time: 456.00 -> 489.00, Setup Time: 15.00
Processing Time: 18.00, Idle Time: 0.00
Completed Jobs: 0/20
Machine: M3, Material: Racebike_Steuerrohr_ausgerieben

REWARD COMPONENTS:
- makespan_reward: -0.1650
- setup_reward: -3.7500
- deadline_reward: 0.0000
- priority_reward: 0.0000
- critical_job_reward: 0.5000
- placement_reward: 0.0000
- lookahead_reward: 0.0000
- timeliness_reward: 9.2921
- machine_idle_penalty: -1.8625
- credit_assignment_penalty: 0.0000

TOTAL REWARD: 4.0146

CUMULATIVE REWARD COMPONENTS:
- makespan_reward: -2.1250
- setup_reward: -37.5000
- deadline_reward: 0.0000
- priority_reward: 0.0000
- critical_job_reward: 2.5000
- placement_reward: 0.0000
- lookahead_reward: 18.8000
- timeliness_reward: 101.6475
- machine_idle_penalty: -20.8125
- credit_assignment_penalty: 0.0000

CUMULATIVE TOTAL: 62.5100

CRITICAL STATE INFO:
- Valid actions: ['J1', 'J2', 'J3', 'J4', 'J5', 'J6', 'J7', 'J8', 'J9', 'J10', 'J11', 'J12', 'J13', 'J14', 'J15', 'J16', 'J17', 'J18', 'J19', 'J20']
- Machine states:
  - Machine M1: Time=373.00, Idle=116.00, Material=Citybike_Hauptrahmen_zugeschnitten
  - Machine M2: Time=456.00, Idle=33.00, Material=Racebike_Schaltauge_bearbeitet
  - Machine M3: Time=489.00, Idle=0.00, Material=Racebike_Steuerrohr_ausgerieben
==================================================

2025-05-15 15:19:53,366 - JSPGymEnvironment - INFO - Material change on machine M1: Citybike_Hauptrahmen_zugeschnitten -> Citybike_Laufraeder_montiert, setup time: 40
2025-05-15 15:19:53,366 - JSPGymEnvironment - INFO - Executed operation: Job J2, Op 1, Machine M1, Start: 529, End: 554, Setup: 40
2025-05-15 15:19:53,366 - JSPGymEnvironment - INFO - 
===== REWARD DETAILS FOR STEP 13 =====
Job: J2, Operation: 1, Job Completed: False
Current Time: 489.00 -> 554.00, Setup Time: 40.00
Processing Time: 25.00, Idle Time: 0.00
Completed Jobs: 0/20
Machine: M1, Material: Citybike_Laufraeder_montiert

REWARD COMPONENTS:
- makespan_reward: -0.3250
- setup_reward: -10.0000
- deadline_reward: 0.0000
- priority_reward: 0.0000
- critical_job_reward: 0.0000
- placement_reward: 0.0000
- lookahead_reward: 0.0000
- timeliness_reward: 9.3064
- machine_idle_penalty: -2.0375
- credit_assignment_penalty: 0.0000

TOTAL REWARD: -3.0561

CUMULATIVE REWARD COMPONENTS:
- makespan_reward: -2.4500
- setup_reward: -47.5000
- deadline_reward: 0.0000
- priority_reward: 0.0000
- critical_job_reward: 2.5000
- placement_reward: 0.0000
- lookahead_reward: 18.8000
- timeliness_reward: 110.9539
- machine_idle_penalty: -22.8500
- credit_assignment_penalty: 0.0000

CUMULATIVE TOTAL: 59.4539

CRITICAL STATE INFO:
- Valid actions: ['J1', 'J2', 'J3', 'J4', 'J5', 'J6', 'J7', 'J8', 'J9', 'J10', 'J11', 'J12', 'J13', 'J14', 'J15', 'J16', 'J17', 'J18', 'J19', 'J20']
- Machine states:
  - Machine M1: Time=554.00, Idle=0.00, Material=Citybike_Laufraeder_montiert
  - Machine M2: Time=456.00, Idle=98.00, Material=Racebike_Schaltauge_bearbeitet
  - Machine M3: Time=489.00, Idle=65.00, Material=Racebike_Steuerrohr_ausgerieben
==================================================

2025-05-15 15:19:53,421 - JSPGymEnvironment - INFO - Material change on machine M2: Racebike_Schaltauge_bearbeitet -> Citybike_Tretlager_gefraest, setup time: 20
2025-05-15 15:19:53,422 - JSPGymEnvironment - INFO - Executed operation: Job J10, Op 0, Machine M2, Start: 574, End: 599, Setup: 20
2025-05-15 15:19:53,422 - JSPGymEnvironment - INFO - 
===== REWARD DETAILS FOR STEP 14 =====
Job: J10, Operation: 0, Job Completed: False
Current Time: 554.00 -> 599.00, Setup Time: 20.00
Processing Time: 25.00, Idle Time: 0.00
Completed Jobs: 0/20
Machine: M2, Material: Citybike_Tretlager_gefraest

REWARD COMPONENTS:
- makespan_reward: -0.2250
- setup_reward: -5.0000
- deadline_reward: 0.0000
- priority_reward: 0.0000
- critical_job_reward: 0.0000
- placement_reward: 0.0000
- lookahead_reward: 0.0000
- timeliness_reward: 9.3206
- machine_idle_penalty: -1.9375
- credit_assignment_penalty: 0.0000

TOTAL REWARD: 2.1581

CUMULATIVE REWARD COMPONENTS:
- makespan_reward: -2.6750
- setup_reward: -52.5000
- deadline_reward: 0.0000
- priority_reward: 0.0000
- critical_job_reward: 2.5000
- placement_reward: 0.0000
- lookahead_reward: 18.8000
- timeliness_reward: 120.2745
- machine_idle_penalty: -24.7875
- credit_assignment_penalty: 0.0000

CUMULATIVE TOTAL: 61.6120

CRITICAL STATE INFO:
- Valid actions: ['J1', 'J2', 'J3', 'J4', 'J5', 'J6', 'J7', 'J8', 'J9', 'J10', 'J11', 'J12', 'J13', 'J14', 'J15', 'J16', 'J17', 'J18', 'J19', 'J20']
- Machine states:
  - Machine M1: Time=554.00, Idle=45.00, Material=Citybike_Laufraeder_montiert
  - Machine M2: Time=599.00, Idle=0.00, Material=Citybike_Tretlager_gefraest
  - Machine M3: Time=489.00, Idle=110.00, Material=Racebike_Steuerrohr_ausgerieben
==================================================

2025-05-15 15:19:53,480 - JSPGymEnvironment - INFO - Material change on machine M2: Citybike_Tretlager_gefraest -> Citybike_Steuerrohr_ausgerieben, setup time: 20
2025-05-15 15:19:53,480 - JSPGymEnvironment - INFO - Executed operation: Job J4, Op 2, Machine M2, Start: 619, End: 629, Setup: 20
2025-05-15 15:19:53,480 - JSPGymEnvironment - INFO - 
===== REWARD DETAILS FOR STEP 15 =====
Job: J4, Operation: 2, Job Completed: False
Current Time: 599.00 -> 629.00, Setup Time: 20.00
Processing Time: 10.00, Idle Time: 0.00
Completed Jobs: 0/20
Machine: M2, Material: Citybike_Steuerrohr_ausgerieben

REWARD COMPONENTS:
- makespan_reward: -0.1500
- setup_reward: -5.0000
- deadline_reward: 0.0000
- priority_reward: 0.0000
- critical_job_reward: 0.0000
- placement_reward: 0.0000
- lookahead_reward: 0.0000
- timeliness_reward: 9.3157
- machine_idle_penalty: -2.6875
- credit_assignment_penalty: 0.0000

TOTAL REWARD: 1.4782

CUMULATIVE REWARD COMPONENTS:
- makespan_reward: -2.8250
- setup_reward: -57.5000
- deadline_reward: 0.0000
- priority_reward: 0.0000
- critical_job_reward: 2.5000
- placement_reward: 0.0000
- lookahead_reward: 18.8000
- timeliness_reward: 129.5902
- machine_idle_penalty: -27.4750
- credit_assignment_penalty: 0.0000

CUMULATIVE TOTAL: 63.0902

CRITICAL STATE INFO:
- Valid actions: ['J1', 'J2', 'J3', 'J4', 'J5', 'J6', 'J7', 'J8', 'J9', 'J10', 'J11', 'J12', 'J13', 'J14', 'J15', 'J16', 'J17', 'J18', 'J19', 'J20']
- Machine states:
  - Machine M1: Time=554.00, Idle=75.00, Material=Citybike_Laufraeder_montiert
  - Machine M2: Time=629.00, Idle=0.00, Material=Citybike_Steuerrohr_ausgerieben
  - Machine M3: Time=489.00, Idle=140.00, Material=Racebike_Steuerrohr_ausgerieben
==================================================

2025-05-15 15:19:53,686 - JSPGymEnvironment - INFO - Material change on machine M2: Citybike_Steuerrohr_ausgerieben -> Citybike_Bremsaufnahme_gebohrt, setup time: 20
2025-05-15 15:19:53,686 - JSPGymEnvironment - INFO - Executed operation: Job J4, Op 3, Machine M2, Start: 649, End: 659, Setup: 20
2025-05-15 15:19:53,686 - JSPGymEnvironment - INFO - 
===== REWARD DETAILS FOR STEP 16 =====
Job: J4, Operation: 3, Job Completed: False
Current Time: 629.00 -> 659.00, Setup Time: 20.00
Processing Time: 10.00, Idle Time: 0.00
Completed Jobs: 0/20
Machine: M2, Material: Citybike_Bremsaufnahme_gebohrt

REWARD COMPONENTS:
- makespan_reward: -0.1500
- setup_reward: -5.0000
- deadline_reward: 0.0000
- priority_reward: 0.0000
- critical_job_reward: 0.0000
- placement_reward: 0.0000
- lookahead_reward: 0.0000
- timeliness_reward: 9.3186
- machine_idle_penalty: -3.4375
- credit_assignment_penalty: 0.0000

TOTAL REWARD: 0.7311

CUMULATIVE REWARD COMPONENTS:
- makespan_reward: -2.9750
- setup_reward: -62.5000
- deadline_reward: 0.0000
- priority_reward: 0.0000
- critical_job_reward: 2.5000
- placement_reward: 0.0000
- lookahead_reward: 18.8000
- timeliness_reward: 138.9088
- machine_idle_penalty: -30.9125
- credit_assignment_penalty: 0.0000

CUMULATIVE TOTAL: 63.8213

CRITICAL STATE INFO:
- Valid actions: ['J1', 'J2', 'J3', 'J4', 'J5', 'J6', 'J7', 'J8', 'J9', 'J10', 'J11', 'J12', 'J13', 'J14', 'J15', 'J16', 'J17', 'J18', 'J19', 'J20']
- Machine states:
  - Machine M1: Time=554.00, Idle=105.00, Material=Citybike_Laufraeder_montiert
  - Machine M2: Time=659.00, Idle=0.00, Material=Citybike_Bremsaufnahme_gebohrt
  - Machine M3: Time=489.00, Idle=170.00, Material=Racebike_Steuerrohr_ausgerieben
==================================================

2025-05-15 15:19:53,743 - JSPGymEnvironment - INFO - Material change on machine M2: Citybike_Bremsaufnahme_gebohrt -> Mountainbike_Laufraeder_montiert, setup time: 20
2025-05-15 15:19:53,743 - JSPGymEnvironment - INFO - Executed operation: Job J5, Op 1, Machine M2, Start: 679, End: 699, Setup: 20
2025-05-15 15:19:53,743 - JSPGymEnvironment - INFO - 
===== REWARD DETAILS FOR STEP 17 =====
Job: J5, Operation: 1, Job Completed: False
Current Time: 659.00 -> 699.00, Setup Time: 20.00
Processing Time: 20.00, Idle Time: 0.00
Completed Jobs: 0/20
Machine: M2, Material: Mountainbike_Laufraeder_montiert

REWARD COMPONENTS:
- makespan_reward: -0.2000
- setup_reward: -5.0000
- deadline_reward: 0.0000
- priority_reward: 0.0000
- critical_job_reward: 0.0000
- placement_reward: 0.0000
- lookahead_reward: 0.0000
- timeliness_reward: 9.3173
- machine_idle_penalty: -4.4375
- credit_assignment_penalty: 0.0000

TOTAL REWARD: -0.3202

CUMULATIVE REWARD COMPONENTS:
- makespan_reward: -3.1750
- setup_reward: -67.5000
- deadline_reward: 0.0000
- priority_reward: 0.0000
- critical_job_reward: 2.5000
- placement_reward: 0.0000
- lookahead_reward: 18.8000
- timeliness_reward: 148.2261
- machine_idle_penalty: -35.3500
- credit_assignment_penalty: 0.0000

CUMULATIVE TOTAL: 63.5011

CRITICAL STATE INFO:
- Valid actions: ['J1', 'J2', 'J3', 'J4', 'J5', 'J6', 'J7', 'J8', 'J9', 'J10', 'J11', 'J12', 'J13', 'J14', 'J15', 'J16', 'J17', 'J18', 'J19', 'J20']
- Machine states:
  - Machine M1: Time=554.00, Idle=145.00, Material=Citybike_Laufraeder_montiert
  - Machine M2: Time=699.00, Idle=0.00, Material=Mountainbike_Laufraeder_montiert
  - Machine M3: Time=489.00, Idle=210.00, Material=Racebike_Steuerrohr_ausgerieben
==================================================

2025-05-15 15:19:53,792 - JSPGymEnvironment - INFO - Material change on machine M1: Citybike_Laufraeder_montiert -> Citybike_Hinterbau_vorbereitet, setup time: 40
2025-05-15 15:19:53,792 - JSPGymEnvironment - INFO - Executed operation: Job J10, Op 1, Machine M1, Start: 739, End: 772, Setup: 40
2025-05-15 15:19:53,793 - JSPGymEnvironment - INFO - 
===== REWARD DETAILS FOR STEP 18 =====
Job: J10, Operation: 1, Job Completed: False
Current Time: 699.00 -> 772.00, Setup Time: 40.00
Processing Time: 33.00, Idle Time: 0.00
Completed Jobs: 0/20
Machine: M1, Material: Citybike_Hinterbau_vorbereitet

REWARD COMPONENTS:
- makespan_reward: -0.3650
- setup_reward: -10.0000
- deadline_reward: 0.0000
- priority_reward: 0.0000
- critical_job_reward: 0.0000
- placement_reward: 0.0000
- lookahead_reward: 0.0000
- timeliness_reward: 9.3342
- machine_idle_penalty: -4.4500
- credit_assignment_penalty: 0.0000

TOTAL REWARD: -5.4808

CUMULATIVE REWARD COMPONENTS:
- makespan_reward: -3.5400
- setup_reward: -77.5000
- deadline_reward: 0.0000
- priority_reward: 0.0000
- critical_job_reward: 2.5000
- placement_reward: 0.0000
- lookahead_reward: 18.8000
- timeliness_reward: 157.5604
- machine_idle_penalty: -39.8000
- credit_assignment_penalty: 0.0000

CUMULATIVE TOTAL: 58.0204

CRITICAL STATE INFO:
- Valid actions: ['J1', 'J2', 'J3', 'J4', 'J5', 'J6', 'J7', 'J8', 'J9', 'J10', 'J11', 'J12', 'J13', 'J14', 'J15', 'J16', 'J17', 'J18', 'J19', 'J20']
- Machine states:
  - Machine M1: Time=772.00, Idle=0.00, Material=Citybike_Hinterbau_vorbereitet
  - Machine M2: Time=699.00, Idle=73.00, Material=Mountainbike_Laufraeder_montiert
  - Machine M3: Time=489.00, Idle=283.00, Material=Racebike_Steuerrohr_ausgerieben
==================================================

2025-05-15 15:19:53,843 - JSPGymEnvironment - INFO - Material change on machine M3: Racebike_Steuerrohr_ausgerieben -> E-Bike_Laufraeder_montiert, setup time: 15
2025-05-15 15:19:53,843 - JSPGymEnvironment - INFO - Executed operation: Job J8, Op 1, Machine M3, Start: 787, End: 827, Setup: 15
2025-05-15 15:19:53,844 - JSPGymEnvironment - INFO - 
===== REWARD DETAILS FOR STEP 19 =====
Job: J8, Operation: 1, Job Completed: False
Current Time: 772.00 -> 827.00, Setup Time: 15.00
Processing Time: 40.00, Idle Time: 0.00
Completed Jobs: 0/20
Machine: M3, Material: E-Bike_Laufraeder_montiert

REWARD COMPONENTS:
- makespan_reward: -0.2750
- setup_reward: -3.7500
- deadline_reward: 0.0000
- priority_reward: 0.0000
- critical_job_reward: 0.5000
- placement_reward: 0.0000
- lookahead_reward: 0.0000
- timeliness_reward: 9.3170
- machine_idle_penalty: -2.2875
- credit_assignment_penalty: 0.0000

TOTAL REWARD: 3.5045

CUMULATIVE REWARD COMPONENTS:
- makespan_reward: -3.8150
- setup_reward: -81.2500
- deadline_reward: 0.0000
- priority_reward: 0.0000
- critical_job_reward: 3.0000
- placement_reward: 0.0000
- lookahead_reward: 18.8000
- timeliness_reward: 166.8774
- machine_idle_penalty: -42.0875
- credit_assignment_penalty: 0.0000

CUMULATIVE TOTAL: 61.5249

CRITICAL STATE INFO:
- Valid actions: ['J1', 'J2', 'J3', 'J4', 'J5', 'J6', 'J7', 'J8', 'J9', 'J10', 'J11', 'J12', 'J13', 'J14', 'J15', 'J16', 'J17', 'J18', 'J19', 'J20']
- Machine states:
  - Machine M1: Time=772.00, Idle=55.00, Material=Citybike_Hinterbau_vorbereitet
  - Machine M2: Time=699.00, Idle=128.00, Material=Mountainbike_Laufraeder_montiert
  - Machine M3: Time=827.00, Idle=0.00, Material=E-Bike_Laufraeder_montiert
==================================================

2025-05-15 15:19:53,894 - JSPGymEnvironment - INFO - Material change on machine M1: Citybike_Hinterbau_vorbereitet -> Mountainbike_Tretlageraufnahme_geschweisst, setup time: 40
2025-05-15 15:19:53,894 - JSPGymEnvironment - INFO - Executed operation: Job J5, Op 2, Machine M1, Start: 867, End: 899, Setup: 40
2025-05-15 15:19:53,895 - JSPGymEnvironment - INFO - 
===== REWARD DETAILS FOR STEP 20 =====
Job: J5, Operation: 2, Job Completed: False
Current Time: 827.00 -> 899.00, Setup Time: 40.00
Processing Time: 32.00, Idle Time: 0.00
Completed Jobs: 0/20
Machine: M1, Material: Mountainbike_Tretlageraufnahme_geschweisst

REWARD COMPONENTS:
- makespan_reward: -0.3600
- setup_reward: -10.0000
- deadline_reward: 0.0000
- priority_reward: 0.0000
- critical_job_reward: 0.0000
- placement_reward: 0.0000
- lookahead_reward: 0.0000
- timeliness_reward: 9.3100
- machine_idle_penalty: -3.4000
- credit_assignment_penalty: 0.0000

TOTAL REWARD: -4.4500

CUMULATIVE REWARD COMPONENTS:
- makespan_reward: -4.1750
- setup_reward: -91.2500
- deadline_reward: 0.0000
- priority_reward: 0.0000
- critical_job_reward: 3.0000
- placement_reward: 0.0000
- lookahead_reward: 18.8000
- timeliness_reward: 176.1874
- machine_idle_penalty: -45.4875
- credit_assignment_penalty: 0.0000

CUMULATIVE TOTAL: 57.0749

CRITICAL STATE INFO:
- Valid actions: ['J1', 'J2', 'J3', 'J4', 'J5', 'J6', 'J7', 'J8', 'J9', 'J10', 'J11', 'J12', 'J13', 'J14', 'J15', 'J16', 'J17', 'J18', 'J19', 'J20']
- Machine states:
  - Machine M1: Time=899.00, Idle=0.00, Material=Mountainbike_Tretlageraufnahme_geschweisst
  - Machine M2: Time=699.00, Idle=200.00, Material=Mountainbike_Laufraeder_montiert
  - Machine M3: Time=827.00, Idle=72.00, Material=E-Bike_Laufraeder_montiert
==================================================

2025-05-15 15:19:53,945 - JSPGymEnvironment - INFO - Material change on machine M2: Mountainbike_Laufraeder_montiert -> Mountainbike_Bremsaufnahme_gebohrt, setup time: 20
2025-05-15 15:19:53,945 - JSPGymEnvironment - INFO - Executed operation: Job J5, Op 3, Machine M2, Start: 919, End: 936, Setup: 20
2025-05-15 15:19:53,946 - JSPGymEnvironment - INFO - 
===== REWARD DETAILS FOR STEP 21 =====
Job: J5, Operation: 3, Job Completed: False
Current Time: 899.00 -> 936.00, Setup Time: 20.00
Processing Time: 17.00, Idle Time: 0.00
Completed Jobs: 0/20
Machine: M2, Material: Mountainbike_Bremsaufnahme_gebohrt

REWARD COMPONENTS:
- makespan_reward: -0.1850
- setup_reward: -5.0000
- deadline_reward: 0.0000
- priority_reward: 0.0000
- critical_job_reward: 0.0000
- placement_reward: 0.0000
- lookahead_reward: 0.0000
- timeliness_reward: 9.3042
- machine_idle_penalty: -1.8250
- credit_assignment_penalty: 0.0000

TOTAL REWARD: 2.2942

CUMULATIVE REWARD COMPONENTS:
- makespan_reward: -4.3600
- setup_reward: -96.2500
- deadline_reward: 0.0000
- priority_reward: 0.0000
- critical_job_reward: 3.0000
- placement_reward: 0.0000
- lookahead_reward: 18.8000
- timeliness_reward: 185.4916
- machine_idle_penalty: -47.3125
- credit_assignment_penalty: 0.0000

CUMULATIVE TOTAL: 59.3691

CRITICAL STATE INFO:
- Valid actions: ['J1', 'J2', 'J3', 'J4', 'J5', 'J6', 'J7', 'J8', 'J9', 'J10', 'J11', 'J12', 'J13', 'J14', 'J15', 'J16', 'J17', 'J18', 'J19', 'J20']
- Machine states:
  - Machine M1: Time=899.00, Idle=37.00, Material=Mountainbike_Tretlageraufnahme_geschweisst
  - Machine M2: Time=936.00, Idle=0.00, Material=Mountainbike_Bremsaufnahme_gebohrt
  - Machine M3: Time=827.00, Idle=109.00, Material=E-Bike_Laufraeder_montiert
==================================================

2025-05-15 15:19:54,164 - JSPGymEnvironment - INFO - Material change on machine M3: E-Bike_Laufraeder_montiert -> Mountainbike_Fahrrad_endmontiert, setup time: 15
2025-05-15 15:19:54,164 - JSPGymEnvironment - INFO - Executed operation: Job J5, Op 4, Machine M3, Start: 951, End: 981, Setup: 15
2025-05-15 15:19:54,164 - JSPGymEnvironment - INFO - Job J5 completed at time 981, deadline: 2880, met: True, priority: 2
2025-05-15 15:19:54,165 - JSPGymEnvironment - INFO - 
===== REWARD DETAILS FOR STEP 22 =====
Job: J5, Operation: 4, Job Completed: True
Current Time: 936.00 -> 981.00, Setup Time: 15.00
Processing Time: 30.00, Idle Time: 0.00
Completed Jobs: 1/20
Machine: M3, Material: Mountainbike_Fahrrad_endmontiert
Job Deadline: 2880.00 (Met), Priority: 2

REWARD COMPONENTS:
- makespan_reward: -0.2250
- setup_reward: -3.7500
- deadline_reward: 20.0000
- priority_reward: 8.0000
- critical_job_reward: 0.0000
- placement_reward: 0.0000
- lookahead_reward: 0.0000
- timeliness_reward: 9.2948
- machine_idle_penalty: -1.5875
- credit_assignment_penalty: 0.0000

TOTAL REWARD: 31.7323

CUMULATIVE REWARD COMPONENTS:
- makespan_reward: -4.5850
- setup_reward: -100.0000
- deadline_reward: 20.0000
- priority_reward: 8.0000
- critical_job_reward: 3.0000
- placement_reward: 0.0000
- lookahead_reward: 18.8000
- timeliness_reward: 194.7864
- machine_idle_penalty: -48.9000
- credit_assignment_penalty: 0.0000

CUMULATIVE TOTAL: 91.1014

CRITICAL STATE INFO:
- Valid actions: ['J1', 'J2', 'J3', 'J4', 'J6', 'J7', 'J8', 'J9', 'J10', 'J11', 'J12', 'J13', 'J14', 'J15', 'J16', 'J17', 'J18', 'J19', 'J20']
- Machine states:
  - Machine M1: Time=899.00, Idle=82.00, Material=Mountainbike_Tretlageraufnahme_geschweisst
  - Machine M2: Time=936.00, Idle=45.00, Material=Mountainbike_Bremsaufnahme_gebohrt
  - Machine M3: Time=981.00, Idle=0.00, Material=Mountainbike_Fahrrad_endmontiert
==================================================

2025-05-15 15:19:54,228 - JSPGymEnvironment - INFO - Material change on machine M3: Mountainbike_Fahrrad_endmontiert -> E-Bike_Hauptrahmen_zugeschnitten, setup time: 15
2025-05-15 15:19:54,228 - JSPGymEnvironment - INFO - Executed operation: Job J12, Op 0, Machine M3, Start: 996, End: 1039, Setup: 15
2025-05-15 15:19:54,228 - JSPGymEnvironment - INFO - 
===== REWARD DETAILS FOR STEP 23 =====
Job: J12, Operation: 0, Job Completed: False
Current Time: 981.00 -> 1039.00, Setup Time: 15.00
Processing Time: 43.00, Idle Time: 0.00
Completed Jobs: 1/20
Machine: M3, Material: E-Bike_Hauptrahmen_zugeschnitten

REWARD COMPONENTS:
- makespan_reward: -0.2900
- setup_reward: -3.7500
- deadline_reward: 0.0000
- priority_reward: 0.0000
- critical_job_reward: 0.0000
- placement_reward: 0.0000
- lookahead_reward: 0.0000
- timeliness_reward: 9.3002
- machine_idle_penalty: -3.0375
- credit_assignment_penalty: 0.0000

TOTAL REWARD: 2.2227

CUMULATIVE REWARD COMPONENTS:
- makespan_reward: -4.8750
- setup_reward: -103.7500
- deadline_reward: 20.0000
- priority_reward: 8.0000
- critical_job_reward: 3.0000
- placement_reward: 0.0000
- lookahead_reward: 18.8000
- timeliness_reward: 204.0866
- machine_idle_penalty: -51.9375
- credit_assignment_penalty: 0.0000

CUMULATIVE TOTAL: 93.3241

CRITICAL STATE INFO:
- Valid actions: ['J1', 'J2', 'J3', 'J4', 'J6', 'J7', 'J8', 'J9', 'J10', 'J11', 'J12', 'J13', 'J14', 'J15', 'J16', 'J17', 'J18', 'J19', 'J20']
- Machine states:
  - Machine M1: Time=899.00, Idle=140.00, Material=Mountainbike_Tretlageraufnahme_geschweisst
  - Machine M2: Time=936.00, Idle=103.00, Material=Mountainbike_Bremsaufnahme_gebohrt
  - Machine M3: Time=1039.00, Idle=0.00, Material=E-Bike_Hauptrahmen_zugeschnitten
==================================================

2025-05-15 15:19:54,283 - JSPGymEnvironment - INFO - Material change on machine M1: Mountainbike_Tretlageraufnahme_geschweisst -> Racebike_Antrieb_installiert, setup time: 40
2025-05-15 15:19:54,283 - JSPGymEnvironment - INFO - Executed operation: Job J1, Op 2, Machine M1, Start: 1079, End: 1103, Setup: 40
2025-05-15 15:19:54,284 - JSPGymEnvironment - INFO - 
===== REWARD DETAILS FOR STEP 24 =====
Job: J1, Operation: 2, Job Completed: False
Current Time: 1039.00 -> 1103.00, Setup Time: 40.00
Processing Time: 24.00, Idle Time: 0.00
Completed Jobs: 1/20
Machine: M1, Material: Racebike_Antrieb_installiert

REWARD COMPONENTS:
- makespan_reward: -0.3200
- setup_reward: -10.0000
- deadline_reward: 0.0000
- priority_reward: 0.0000
- critical_job_reward: 0.5000
- placement_reward: 0.0000
- lookahead_reward: 0.0000
- timeliness_reward: 9.3724
- machine_idle_penalty: -2.8875
- credit_assignment_penalty: 0.0000

TOTAL REWARD: -3.3351

CUMULATIVE REWARD COMPONENTS:
- makespan_reward: -5.1950
- setup_reward: -113.7500
- deadline_reward: 20.0000
- priority_reward: 8.0000
- critical_job_reward: 3.5000
- placement_reward: 0.0000
- lookahead_reward: 18.8000
- timeliness_reward: 213.4590
- machine_idle_penalty: -54.8250
- credit_assignment_penalty: 0.0000

CUMULATIVE TOTAL: 89.9890

CRITICAL STATE INFO:
- Valid actions: ['J1', 'J2', 'J3', 'J4', 'J6', 'J7', 'J8', 'J9', 'J10', 'J11', 'J12', 'J13', 'J14', 'J15', 'J16', 'J17', 'J18', 'J19', 'J20']
- Machine states:
  - Machine M1: Time=1103.00, Idle=0.00, Material=Racebike_Antrieb_installiert
  - Machine M2: Time=936.00, Idle=167.00, Material=Mountainbike_Bremsaufnahme_gebohrt
  - Machine M3: Time=1039.00, Idle=64.00, Material=E-Bike_Hauptrahmen_zugeschnitten
==================================================

2025-05-15 15:19:54,336 - JSPGymEnvironment - INFO - Material change on machine M1: Racebike_Antrieb_installiert -> Citybike_Antrieb_installiert, setup time: 40
2025-05-15 15:19:54,336 - JSPGymEnvironment - INFO - Executed operation: Job J10, Op 2, Machine M1, Start: 1143, End: 1182, Setup: 40
2025-05-15 15:19:54,336 - JSPGymEnvironment - INFO - 
===== REWARD DETAILS FOR STEP 25 =====
Job: J10, Operation: 2, Job Completed: False
Current Time: 1103.00 -> 1182.00, Setup Time: 40.00
Processing Time: 39.00, Idle Time: 0.00
Completed Jobs: 1/20
Machine: M1, Material: Citybike_Antrieb_installiert

REWARD COMPONENTS:
- makespan_reward: -0.3950
- setup_reward: -10.0000
- deadline_reward: 0.0000
- priority_reward: 0.0000
- critical_job_reward: 0.0000
- placement_reward: 0.0000
- lookahead_reward: 0.0000
- timeliness_reward: 9.2401
- machine_idle_penalty: -4.8625
- credit_assignment_penalty: 0.0000

TOTAL REWARD: -6.0174

CUMULATIVE REWARD COMPONENTS:
- makespan_reward: -5.5900
- setup_reward: -123.7500
- deadline_reward: 20.0000
- priority_reward: 8.0000
- critical_job_reward: 3.5000
- placement_reward: 0.0000
- lookahead_reward: 18.8000
- timeliness_reward: 222.6991
- machine_idle_penalty: -59.6875
- credit_assignment_penalty: 0.0000

CUMULATIVE TOTAL: 83.9716

CRITICAL STATE INFO:
- Valid actions: ['J1', 'J2', 'J3', 'J4', 'J6', 'J7', 'J8', 'J9', 'J10', 'J11', 'J12', 'J13', 'J14', 'J15', 'J16', 'J17', 'J18', 'J19', 'J20']
- Machine states:
  - Machine M1: Time=1182.00, Idle=0.00, Material=Citybike_Antrieb_installiert
  - Machine M2: Time=936.00, Idle=246.00, Material=Mountainbike_Bremsaufnahme_gebohrt
  - Machine M3: Time=1039.00, Idle=143.00, Material=E-Bike_Hauptrahmen_zugeschnitten
==================================================

2025-05-15 15:19:54,387 - JSPGymEnvironment - INFO - Material change on machine M2: Mountainbike_Bremsaufnahme_gebohrt -> Racebike_Bremsaufnahme_gebohrt, setup time: 20
2025-05-15 15:19:54,387 - JSPGymEnvironment - INFO - Executed operation: Job J1, Op 3, Machine M2, Start: 1202, End: 1217, Setup: 20
2025-05-15 15:19:54,388 - JSPGymEnvironment - INFO - 
===== REWARD DETAILS FOR STEP 26 =====
Job: J1, Operation: 3, Job Completed: False
Current Time: 1182.00 -> 1217.00, Setup Time: 20.00
Processing Time: 15.00, Idle Time: 0.00
Completed Jobs: 1/20
Machine: M2, Material: Racebike_Bremsaufnahme_gebohrt

REWARD COMPONENTS:
- makespan_reward: -0.1750
- setup_reward: -5.0000
- deadline_reward: 0.0000
- priority_reward: 0.0000
- critical_job_reward: 0.5000
- placement_reward: 0.0000
- lookahead_reward: 0.0000
- timeliness_reward: 9.3250
- machine_idle_penalty: -2.6625
- credit_assignment_penalty: 0.0000

TOTAL REWARD: 1.9875

CUMULATIVE REWARD COMPONENTS:
- makespan_reward: -5.7650
- setup_reward: -128.7500
- deadline_reward: 20.0000
- priority_reward: 8.0000
- critical_job_reward: 4.0000
- placement_reward: 0.0000
- lookahead_reward: 18.8000
- timeliness_reward: 232.0241
- machine_idle_penalty: -62.3500
- credit_assignment_penalty: 0.0000

CUMULATIVE TOTAL: 85.9591

CRITICAL STATE INFO:
- Valid actions: ['J1', 'J2', 'J3', 'J4', 'J6', 'J7', 'J8', 'J9', 'J10', 'J11', 'J12', 'J13', 'J14', 'J15', 'J16', 'J17', 'J18', 'J19', 'J20']
- Machine states:
  - Machine M1: Time=1182.00, Idle=35.00, Material=Citybike_Antrieb_installiert
  - Machine M2: Time=1217.00, Idle=0.00, Material=Racebike_Bremsaufnahme_gebohrt
  - Machine M3: Time=1039.00, Idle=178.00, Material=E-Bike_Hauptrahmen_zugeschnitten
==================================================

2025-05-15 15:19:54,388 - JSPGymEnvironment - INFO - 
===== REWARD DETAILS FOR STEP 6 =====
Job: J8, Operation: 0, Job Completed: False
Current Time: 190.00 -> 254.00, Setup Time: 20.00
Processing Time: 44.00, Idle Time: 0.00
Completed Jobs: 0/20
Machine: M2, Material: E-Bike_Hauptrahmen_zugeschnitten

REWARD COMPONENTS:
- makespan_reward: -0.3200
- setup_reward: -5.0000
- deadline_reward: 0.0000
- priority_reward: 0.0000
- critical_job_reward: 0.5000
- placement_reward: 0.0000
- lookahead_reward: 6.2000
- timeliness_reward: 9.2380
- machine_idle_penalty: -4.0250
- credit_assignment_penalty: 0.0000

TOTAL REWARD: 6.5930

CUMULATIVE REWARD COMPONENTS:
- makespan_reward: -1.2700
- setup_reward: -16.2500
- deadline_reward: 0.0000
- priority_reward: 0.0000
- critical_job_reward: 1.5000
- placement_reward: 0.0000
- lookahead_reward: 25.0000
- timeliness_reward: 55.2071
- machine_idle_penalty: -13.9875
- credit_assignment_penalty: 0.0000

CUMULATIVE TOTAL: 50.1996

CRITICAL STATE INFO:
- Valid actions: ['J1', 'J2', 'J3', 'J4', 'J5', 'J6', 'J7', 'J8', 'J9', 'J10', 'J11', 'J12', 'J13', 'J14', 'J15', 'J16', 'J17', 'J18', 'J19', 'J20']
- Machine states:
  - Machine M1: Time=0.00, Idle=254.00, Material=None
  - Machine M2: Time=254.00, Idle=0.00, Material=E-Bike_Hauptrahmen_zugeschnitten
  - Machine M3: Time=190.00, Idle=64.00, Material=Citybike_Hinterbau_vorbereitet
==================================================

2025-05-15 15:19:54,452 - JSPGymEnvironment - INFO - Material change on machine M3: Citybike_Hinterbau_vorbereitet -> Citybike_Hauptrahmen_zugeschnitten, setup time: 15
2025-05-15 15:19:54,452 - JSPGymEnvironment - INFO - Executed operation: Job J2, Op 0, Machine M3, Start: 269, End: 290, Setup: 15
2025-05-15 15:19:54,769 - JSPGymEnvironment - INFO - Material change on machine M1:  -> Citybike_Hauptrahmen_zugeschnitten, setup time: 0
2025-05-15 15:19:54,769 - JSPGymEnvironment - INFO - Executed operation: Job J6, Op 0, Machine M1, Start: 290, End: 306, Setup: 0
2025-05-15 15:19:54,769 - JSPGymEnvironment - INFO - 
===== REWARD DETAILS FOR STEP 8 =====
Job: J6, Operation: 0, Job Completed: False
Current Time: 290.00 -> 306.00, Setup Time: 0.00
Processing Time: 16.00, Idle Time: 0.00
Completed Jobs: 0/20
Machine: M1, Material: Citybike_Hauptrahmen_zugeschnitten

REWARD COMPONENTS:
- makespan_reward: -0.0800
- setup_reward: 0.0000
- deadline_reward: 0.0000
- priority_reward: 0.0000
- critical_job_reward: 0.0000
- placement_reward: 0.0000
- lookahead_reward: 0.0000
- timeliness_reward: 9.2536
- machine_idle_penalty: -0.8500
- credit_assignment_penalty: 0.0000

TOTAL REWARD: 8.3236

CUMULATIVE REWARD COMPONENTS:
- makespan_reward: -1.3500
- setup_reward: -16.2500
- deadline_reward: 0.0000
- priority_reward: 0.0000
- critical_job_reward: 1.5000
- placement_reward: 0.0000
- lookahead_reward: 25.0000
- timeliness_reward: 64.4606
- machine_idle_penalty: -14.8375
- credit_assignment_penalty: 0.0000

CUMULATIVE TOTAL: 58.5231

CRITICAL STATE INFO:
- Valid actions: ['J1', 'J2', 'J3', 'J4', 'J5', 'J6', 'J7', 'J8', 'J9', 'J10', 'J11', 'J12', 'J13', 'J14', 'J15', 'J16', 'J17', 'J18', 'J19', 'J20']
- Machine states:
  - Machine M1: Time=306.00, Idle=0.00, Material=Citybike_Hauptrahmen_zugeschnitten
  - Machine M2: Time=254.00, Idle=52.00, Material=E-Bike_Hauptrahmen_zugeschnitten
  - Machine M3: Time=290.00, Idle=16.00, Material=Citybike_Hauptrahmen_zugeschnitten
==================================================

2025-05-15 15:19:54,824 - JSPGymEnvironment - INFO - Material change on machine M3: Citybike_Hauptrahmen_zugeschnitten -> Racebike_Laufraeder_montiert, setup time: 15
2025-05-15 15:19:54,825 - JSPGymEnvironment - INFO - Executed operation: Job J3, Op 1, Machine M3, Start: 321, End: 348, Setup: 15
2025-05-15 15:19:54,825 - JSPGymEnvironment - INFO - 
===== REWARD DETAILS FOR STEP 9 =====
Job: J3, Operation: 1, Job Completed: False
Current Time: 306.00 -> 348.00, Setup Time: 15.00
Processing Time: 27.00, Idle Time: 0.00
Completed Jobs: 0/20
Machine: M3, Material: Racebike_Laufraeder_montiert

REWARD COMPONENTS:
- makespan_reward: -0.2100
- setup_reward: -3.7500
- deadline_reward: 0.0000
- priority_reward: 0.0000
- critical_job_reward: 0.5000
- placement_reward: 0.0000
- lookahead_reward: 0.0000
- timeliness_reward: 9.2622
- machine_idle_penalty: -1.7000
- credit_assignment_penalty: 0.0000

TOTAL REWARD: 4.1022

CUMULATIVE REWARD COMPONENTS:
- makespan_reward: -1.5600
- setup_reward: -20.0000
- deadline_reward: 0.0000
- priority_reward: 0.0000
- critical_job_reward: 2.0000
- placement_reward: 0.0000
- lookahead_reward: 25.0000
- timeliness_reward: 73.7228
- machine_idle_penalty: -16.5375
- credit_assignment_penalty: 0.0000

CUMULATIVE TOTAL: 62.6253

CRITICAL STATE INFO:
- Valid actions: ['J1', 'J2', 'J3', 'J4', 'J5', 'J6', 'J7', 'J8', 'J9', 'J10', 'J11', 'J12', 'J13', 'J14', 'J15', 'J16', 'J17', 'J18', 'J19', 'J20']
- Machine states:
  - Machine M1: Time=306.00, Idle=42.00, Material=Citybike_Hauptrahmen_zugeschnitten
  - Machine M2: Time=254.00, Idle=94.00, Material=E-Bike_Hauptrahmen_zugeschnitten
  - Machine M3: Time=348.00, Idle=0.00, Material=Racebike_Laufraeder_montiert
==================================================

2025-05-15 15:19:54,877 - JSPGymEnvironment - INFO - Material change on machine M3: Racebike_Laufraeder_montiert -> E-Bike_Laufraeder_montiert, setup time: 15
2025-05-15 15:19:54,877 - JSPGymEnvironment - INFO - Executed operation: Job J8, Op 1, Machine M3, Start: 363, End: 403, Setup: 15
2025-05-15 15:19:54,877 - JSPGymEnvironment - INFO - 
===== REWARD DETAILS FOR STEP 10 =====
Job: J8, Operation: 1, Job Completed: False
Current Time: 348.00 -> 403.00, Setup Time: 15.00
Processing Time: 40.00, Idle Time: 0.00
Completed Jobs: 0/20
Machine: M3, Material: E-Bike_Laufraeder_montiert

REWARD COMPONENTS:
- makespan_reward: -0.2750
- setup_reward: -3.7500
- deadline_reward: 0.0000
- priority_reward: 0.0000
- critical_job_reward: 0.5000
- placement_reward: 0.0000
- lookahead_reward: 0.0000
- timeliness_reward: 9.2748
- machine_idle_penalty: -3.0750
- credit_assignment_penalty: 0.0000

TOTAL REWARD: 2.6748

CUMULATIVE REWARD COMPONENTS:
- makespan_reward: -1.8350
- setup_reward: -23.7500
- deadline_reward: 0.0000
- priority_reward: 0.0000
- critical_job_reward: 2.5000
- placement_reward: 0.0000
- lookahead_reward: 25.0000
- timeliness_reward: 82.9976
- machine_idle_penalty: -19.6125
- credit_assignment_penalty: 0.0000

CUMULATIVE TOTAL: 65.3001

CRITICAL STATE INFO:
- Valid actions: ['J1', 'J2', 'J3', 'J4', 'J5', 'J6', 'J7', 'J8', 'J9', 'J10', 'J11', 'J12', 'J13', 'J14', 'J15', 'J16', 'J17', 'J18', 'J19', 'J20']
- Machine states:
  - Machine M1: Time=306.00, Idle=97.00, Material=Citybike_Hauptrahmen_zugeschnitten
  - Machine M2: Time=254.00, Idle=149.00, Material=E-Bike_Hauptrahmen_zugeschnitten
  - Machine M3: Time=403.00, Idle=0.00, Material=E-Bike_Laufraeder_montiert
==================================================

2025-05-15 15:19:54,928 - JSPGymEnvironment - INFO - Material change on machine M3: E-Bike_Laufraeder_montiert -> Citybike_Tretlager_gefraest, setup time: 15
2025-05-15 15:19:54,928 - JSPGymEnvironment - INFO - Executed operation: Job J10, Op 0, Machine M3, Start: 418, End: 443, Setup: 15
2025-05-15 15:19:54,928 - JSPGymEnvironment - INFO - 
===== REWARD DETAILS FOR STEP 11 =====
Job: J10, Operation: 0, Job Completed: False
Current Time: 403.00 -> 443.00, Setup Time: 15.00
Processing Time: 25.00, Idle Time: 0.00
Completed Jobs: 0/20
Machine: M3, Material: Citybike_Tretlager_gefraest

REWARD COMPONENTS:
- makespan_reward: -0.2000
- setup_reward: -3.7500
- deadline_reward: 0.0000
- priority_reward: 0.0000
- critical_job_reward: 0.0000
- placement_reward: 0.0000
- lookahead_reward: 0.0000
- timeliness_reward: 9.2921
- machine_idle_penalty: -4.1250
- credit_assignment_penalty: 0.0000

TOTAL REWARD: 1.2171

CUMULATIVE REWARD COMPONENTS:
- makespan_reward: -2.0350
- setup_reward: -27.5000
- deadline_reward: 0.0000
- priority_reward: 0.0000
- critical_job_reward: 2.5000
- placement_reward: 0.0000
- lookahead_reward: 25.0000
- timeliness_reward: 92.2897
- machine_idle_penalty: -23.7375
- credit_assignment_penalty: 0.0000

CUMULATIVE TOTAL: 66.5172

CRITICAL STATE INFO:
- Valid actions: ['J1', 'J2', 'J3', 'J4', 'J5', 'J6', 'J7', 'J8', 'J9', 'J10', 'J11', 'J12', 'J13', 'J14', 'J15', 'J16', 'J17', 'J18', 'J19', 'J20']
- Machine states:
  - Machine M1: Time=306.00, Idle=137.00, Material=Citybike_Hauptrahmen_zugeschnitten
  - Machine M2: Time=254.00, Idle=189.00, Material=E-Bike_Hauptrahmen_zugeschnitten
  - Machine M3: Time=443.00, Idle=0.00, Material=Citybike_Tretlager_gefraest
==================================================

2025-05-15 15:19:54,981 - JSPGymEnvironment - INFO - Material change on machine M3: Citybike_Tretlager_gefraest -> Mountainbike_Rahmen_lackiert, setup time: 15
2025-05-15 15:19:54,981 - JSPGymEnvironment - INFO - Executed operation: Job J7, Op 0, Machine M3, Start: 458, End: 483, Setup: 15
2025-05-15 15:19:54,982 - JSPGymEnvironment - INFO - 
===== REWARD DETAILS FOR STEP 12 =====
Job: J7, Operation: 0, Job Completed: False
Current Time: 443.00 -> 483.00, Setup Time: 15.00
Processing Time: 25.00, Idle Time: 0.00
Completed Jobs: 0/20
Machine: M3, Material: Mountainbike_Rahmen_lackiert

REWARD COMPONENTS:
- makespan_reward: -0.2000
- setup_reward: -3.7500
- deadline_reward: 0.0000
- priority_reward: 0.0000
- critical_job_reward: 0.5000
- placement_reward: 0.0000
- lookahead_reward: 0.0000
- timeliness_reward: 9.2954
- machine_idle_penalty: -5.1250
- credit_assignment_penalty: 0.0000

TOTAL REWARD: 0.7204

CUMULATIVE REWARD COMPONENTS:
- makespan_reward: -2.2350
- setup_reward: -31.2500
- deadline_reward: 0.0000
- priority_reward: 0.0000
- critical_job_reward: 3.0000
- placement_reward: 0.0000
- lookahead_reward: 25.0000
- timeliness_reward: 101.5851
- machine_idle_penalty: -28.8625
- credit_assignment_penalty: 0.0000

CUMULATIVE TOTAL: 67.2376

CRITICAL STATE INFO:
- Valid actions: ['J1', 'J2', 'J3', 'J4', 'J5', 'J6', 'J7', 'J8', 'J9', 'J10', 'J11', 'J12', 'J13', 'J14', 'J15', 'J16', 'J17', 'J18', 'J19', 'J20']
- Machine states:
  - Machine M1: Time=306.00, Idle=177.00, Material=Citybike_Hauptrahmen_zugeschnitten
  - Machine M2: Time=254.00, Idle=229.00, Material=E-Bike_Hauptrahmen_zugeschnitten
  - Machine M3: Time=483.00, Idle=0.00, Material=Mountainbike_Rahmen_lackiert
==================================================

2025-05-15 15:19:55,034 - JSPGymEnvironment - INFO - Material change on machine M1: Citybike_Hauptrahmen_zugeschnitten -> Racebike_Steuerrohr_ausgerieben, setup time: 40
2025-05-15 15:19:55,034 - JSPGymEnvironment - INFO - Executed operation: Job J3, Op 2, Machine M1, Start: 523, End: 541, Setup: 40
2025-05-15 15:19:55,034 - JSPGymEnvironment - INFO - 
===== REWARD DETAILS FOR STEP 13 =====
Job: J3, Operation: 2, Job Completed: False
Current Time: 483.00 -> 541.00, Setup Time: 40.00
Processing Time: 18.00, Idle Time: 0.00
Completed Jobs: 0/20
Machine: M1, Material: Racebike_Steuerrohr_ausgerieben

REWARD COMPONENTS:
- makespan_reward: -0.2900
- setup_reward: -10.0000
- deadline_reward: 0.0000
- priority_reward: 0.0000
- critical_job_reward: 0.5000
- placement_reward: 0.0000
- lookahead_reward: 0.0000
- timeliness_reward: 9.3008
- machine_idle_penalty: -4.3625
- credit_assignment_penalty: 0.0000

TOTAL REWARD: -4.8517

CUMULATIVE REWARD COMPONENTS:
- makespan_reward: -2.5250
- setup_reward: -41.2500
- deadline_reward: 0.0000
- priority_reward: 0.0000
- critical_job_reward: 3.5000
- placement_reward: 0.0000
- lookahead_reward: 25.0000
- timeliness_reward: 110.8859
- machine_idle_penalty: -33.2250
- credit_assignment_penalty: 0.0000

CUMULATIVE TOTAL: 62.3859

CRITICAL STATE INFO:
- Valid actions: ['J1', 'J2', 'J3', 'J4', 'J5', 'J6', 'J7', 'J8', 'J9', 'J10', 'J11', 'J12', 'J13', 'J14', 'J15', 'J16', 'J17', 'J18', 'J19', 'J20']
- Machine states:
  - Machine M1: Time=541.00, Idle=0.00, Material=Racebike_Steuerrohr_ausgerieben
  - Machine M2: Time=254.00, Idle=287.00, Material=E-Bike_Hauptrahmen_zugeschnitten
  - Machine M3: Time=483.00, Idle=58.00, Material=Mountainbike_Rahmen_lackiert
==================================================

2025-05-15 15:19:55,245 - JSPGymEnvironment - INFO - Material change on machine M2: E-Bike_Hauptrahmen_zugeschnitten -> Racebike_Schaltauge_bearbeitet, setup time: 20
2025-05-15 15:19:55,246 - JSPGymEnvironment - INFO - Executed operation: Job J1, Op 1, Machine M2, Start: 561, End: 582, Setup: 20
2025-05-15 15:19:55,246 - JSPGymEnvironment - INFO - 
===== REWARD DETAILS FOR STEP 14 =====
Job: J1, Operation: 1, Job Completed: False
Current Time: 541.00 -> 582.00, Setup Time: 20.00
Processing Time: 21.00, Idle Time: 0.00
Completed Jobs: 0/20
Machine: M2, Material: Racebike_Schaltauge_bearbeitet

REWARD COMPONENTS:
- makespan_reward: -0.2050
- setup_reward: -5.0000
- deadline_reward: 0.0000
- priority_reward: 0.0000
- critical_job_reward: 0.5000
- placement_reward: 0.0000
- lookahead_reward: 0.0000
- timeliness_reward: 9.3684
- machine_idle_penalty: -1.7500
- credit_assignment_penalty: 0.0000

TOTAL REWARD: 2.9134

CUMULATIVE REWARD COMPONENTS:
- makespan_reward: -2.7300
- setup_reward: -46.2500
- deadline_reward: 0.0000
- priority_reward: 0.0000
- critical_job_reward: 4.0000
- placement_reward: 0.0000
- lookahead_reward: 25.0000
- timeliness_reward: 120.2543
- machine_idle_penalty: -34.9750
- credit_assignment_penalty: 0.0000

CUMULATIVE TOTAL: 65.2993

CRITICAL STATE INFO:
- Valid actions: ['J1', 'J2', 'J3', 'J4', 'J5', 'J6', 'J7', 'J8', 'J9', 'J10', 'J11', 'J12', 'J13', 'J14', 'J15', 'J16', 'J17', 'J18', 'J19', 'J20']
- Machine states:
  - Machine M1: Time=541.00, Idle=41.00, Material=Racebike_Steuerrohr_ausgerieben
  - Machine M2: Time=582.00, Idle=0.00, Material=Racebike_Schaltauge_bearbeitet
  - Machine M3: Time=483.00, Idle=99.00, Material=Mountainbike_Rahmen_lackiert
==================================================

2025-05-15 15:19:55,298 - JSPGymEnvironment - INFO - Material change on machine M2: Racebike_Schaltauge_bearbeitet -> E-Bike_Steuerrohr_ausgerieben, setup time: 20
2025-05-15 15:19:55,298 - JSPGymEnvironment - INFO - Executed operation: Job J8, Op 2, Machine M2, Start: 602, End: 618, Setup: 20
2025-05-15 15:19:55,298 - JSPGymEnvironment - INFO - 
===== REWARD DETAILS FOR STEP 15 =====
Job: J8, Operation: 2, Job Completed: False
Current Time: 582.00 -> 618.00, Setup Time: 20.00
Processing Time: 16.00, Idle Time: 0.00
Completed Jobs: 0/20
Machine: M2, Material: E-Bike_Steuerrohr_ausgerieben

REWARD COMPONENTS:
- makespan_reward: -0.1800
- setup_reward: -5.0000
- deadline_reward: 0.0000
- priority_reward: 0.0000
- critical_job_reward: 0.5000
- placement_reward: 0.0000
- lookahead_reward: 0.0000
- timeliness_reward: 9.3109
- machine_idle_penalty: -2.6500
- credit_assignment_penalty: 0.0000

TOTAL REWARD: 1.9809

CUMULATIVE REWARD COMPONENTS:
- makespan_reward: -2.9100
- setup_reward: -51.2500
- deadline_reward: 0.0000
- priority_reward: 0.0000
- critical_job_reward: 4.5000
- placement_reward: 0.0000
- lookahead_reward: 25.0000
- timeliness_reward: 129.5651
- machine_idle_penalty: -37.6250
- credit_assignment_penalty: 0.0000

CUMULATIVE TOTAL: 67.2801

CRITICAL STATE INFO:
- Valid actions: ['J1', 'J2', 'J3', 'J4', 'J5', 'J6', 'J7', 'J8', 'J9', 'J10', 'J11', 'J12', 'J13', 'J14', 'J15', 'J16', 'J17', 'J18', 'J19', 'J20']
- Machine states:
  - Machine M1: Time=541.00, Idle=77.00, Material=Racebike_Steuerrohr_ausgerieben
  - Machine M2: Time=618.00, Idle=0.00, Material=E-Bike_Steuerrohr_ausgerieben
  - Machine M3: Time=483.00, Idle=135.00, Material=Mountainbike_Rahmen_lackiert
==================================================

2025-05-15 15:19:55,351 - JSPGymEnvironment - INFO - Material change on machine M2: E-Bike_Steuerrohr_ausgerieben -> Citybike_Laufraeder_montiert, setup time: 20
2025-05-15 15:19:55,351 - JSPGymEnvironment - INFO - Executed operation: Job J6, Op 1, Machine M2, Start: 638, End: 665, Setup: 20
2025-05-15 15:19:55,351 - JSPGymEnvironment - INFO - 
===== REWARD DETAILS FOR STEP 16 =====
Job: J6, Operation: 1, Job Completed: False
Current Time: 618.00 -> 665.00, Setup Time: 20.00
Processing Time: 27.00, Idle Time: 0.00
Completed Jobs: 0/20
Machine: M2, Material: Citybike_Laufraeder_montiert

REWARD COMPONENTS:
- makespan_reward: -0.2350
- setup_reward: -5.0000
- deadline_reward: 0.0000
- priority_reward: 0.0000
- critical_job_reward: 0.0000
- placement_reward: 0.0000
- lookahead_reward: 0.0000
- timeliness_reward: 9.3192
- machine_idle_penalty: -3.8250
- credit_assignment_penalty: 0.0000

TOTAL REWARD: 0.2592

CUMULATIVE REWARD COMPONENTS:
- makespan_reward: -3.1450
- setup_reward: -56.2500
- deadline_reward: 0.0000
- priority_reward: 0.0000
- critical_job_reward: 4.5000
- placement_reward: 0.0000
- lookahead_reward: 25.0000
- timeliness_reward: 138.8843
- machine_idle_penalty: -41.4500
- credit_assignment_penalty: 0.0000

CUMULATIVE TOTAL: 67.5393

CRITICAL STATE INFO:
- Valid actions: ['J1', 'J2', 'J3', 'J4', 'J5', 'J6', 'J7', 'J8', 'J9', 'J10', 'J11', 'J12', 'J13', 'J14', 'J15', 'J16', 'J17', 'J18', 'J19', 'J20']
- Machine states:
  - Machine M1: Time=541.00, Idle=124.00, Material=Racebike_Steuerrohr_ausgerieben
  - Machine M2: Time=665.00, Idle=0.00, Material=Citybike_Laufraeder_montiert
  - Machine M3: Time=483.00, Idle=182.00, Material=Mountainbike_Rahmen_lackiert
==================================================

2025-05-15 15:19:55,401 - JSPGymEnvironment - INFO - Material change on machine M1: Racebike_Steuerrohr_ausgerieben -> E-Bike_Hauptrahmen_zugeschnitten, setup time: 40
2025-05-15 15:19:55,402 - JSPGymEnvironment - INFO - Executed operation: Job J11, Op 0, Machine M1, Start: 705, End: 727, Setup: 40
2025-05-15 15:19:55,402 - JSPGymEnvironment - INFO - 
===== REWARD DETAILS FOR STEP 17 =====
Job: J11, Operation: 0, Job Completed: False
Current Time: 665.00 -> 727.00, Setup Time: 40.00
Processing Time: 22.00, Idle Time: 0.00
Completed Jobs: 0/20
Machine: M1, Material: E-Bike_Hauptrahmen_zugeschnitten

REWARD COMPONENTS:
- makespan_reward: -0.3100
- setup_reward: -10.0000
- deadline_reward: 0.0000
- priority_reward: 0.0000
- critical_job_reward: 0.5000
- placement_reward: 0.0000
- lookahead_reward: 0.0000
- timeliness_reward: 9.3184
- machine_idle_penalty: -3.8250
- credit_assignment_penalty: 0.0000

TOTAL REWARD: -4.3166

CUMULATIVE REWARD COMPONENTS:
- makespan_reward: -3.4550
- setup_reward: -66.2500
- deadline_reward: 0.0000
- priority_reward: 0.0000
- critical_job_reward: 5.0000
- placement_reward: 0.0000
- lookahead_reward: 25.0000
- timeliness_reward: 148.2028
- machine_idle_penalty: -45.2750
- credit_assignment_penalty: 0.0000

CUMULATIVE TOTAL: 63.2228

CRITICAL STATE INFO:
- Valid actions: ['J1', 'J2', 'J3', 'J4', 'J5', 'J6', 'J7', 'J8', 'J9', 'J10', 'J11', 'J12', 'J13', 'J14', 'J15', 'J16', 'J17', 'J18', 'J19', 'J20']
- Machine states:
  - Machine M1: Time=727.00, Idle=0.00, Material=E-Bike_Hauptrahmen_zugeschnitten
  - Machine M2: Time=665.00, Idle=62.00, Material=Citybike_Laufraeder_montiert
  - Machine M3: Time=483.00, Idle=244.00, Material=Mountainbike_Rahmen_lackiert
==================================================

2025-05-15 15:19:55,451 - JSPGymEnvironment - INFO - Material change on machine M1: E-Bike_Hauptrahmen_zugeschnitten -> Citybike_Laufraeder_montiert, setup time: 40
2025-05-15 15:19:55,451 - JSPGymEnvironment - INFO - Executed operation: Job J2, Op 1, Machine M1, Start: 767, End: 792, Setup: 40
2025-05-15 15:19:55,452 - JSPGymEnvironment - INFO - 
===== REWARD DETAILS FOR STEP 18 =====
Job: J2, Operation: 1, Job Completed: False
Current Time: 727.00 -> 792.00, Setup Time: 40.00
Processing Time: 25.00, Idle Time: 0.00
Completed Jobs: 0/20
Machine: M1, Material: Citybike_Laufraeder_montiert

REWARD COMPONENTS:
- makespan_reward: -0.3250
- setup_reward: -10.0000
- deadline_reward: 0.0000
- priority_reward: 0.0000
- critical_job_reward: 0.0000
- placement_reward: 0.0000
- lookahead_reward: 0.0000
- timeliness_reward: 9.3238
- machine_idle_penalty: -5.4500
- credit_assignment_penalty: 0.0000

TOTAL REWARD: -6.4512

CUMULATIVE REWARD COMPONENTS:
- makespan_reward: -3.7800
- setup_reward: -76.2500
- deadline_reward: 0.0000
- priority_reward: 0.0000
- critical_job_reward: 5.0000
- placement_reward: 0.0000
- lookahead_reward: 25.0000
- timeliness_reward: 157.5265
- machine_idle_penalty: -50.7250
- credit_assignment_penalty: 0.0000

CUMULATIVE TOTAL: 56.7715

CRITICAL STATE INFO:
- Valid actions: ['J1', 'J2', 'J3', 'J4', 'J5', 'J6', 'J7', 'J8', 'J9', 'J10', 'J11', 'J12', 'J13', 'J14', 'J15', 'J16', 'J17', 'J18', 'J19', 'J20']
- Machine states:
  - Machine M1: Time=792.00, Idle=0.00, Material=Citybike_Laufraeder_montiert
  - Machine M2: Time=665.00, Idle=127.00, Material=Citybike_Laufraeder_montiert
  - Machine M3: Time=483.00, Idle=309.00, Material=Mountainbike_Rahmen_lackiert
==================================================

2025-05-15 15:19:55,505 - JSPGymEnvironment - INFO - Material change on machine M2: Citybike_Laufraeder_montiert -> Citybike_Steuerrohr_ausgerieben, setup time: 20
2025-05-15 15:19:55,505 - JSPGymEnvironment - INFO - Executed operation: Job J6, Op 2, Machine M2, Start: 812, End: 826, Setup: 20
2025-05-15 15:19:55,505 - JSPGymEnvironment - INFO - 
===== REWARD DETAILS FOR STEP 19 =====
Job: J6, Operation: 2, Job Completed: False
Current Time: 792.00 -> 826.00, Setup Time: 20.00
Processing Time: 14.00, Idle Time: 0.00
Completed Jobs: 0/20
Machine: M2, Material: Citybike_Steuerrohr_ausgerieben

REWARD COMPONENTS:
- makespan_reward: -0.1700
- setup_reward: -5.0000
- deadline_reward: 0.0000
- priority_reward: 0.0000
- critical_job_reward: 0.0000
- placement_reward: 0.0000
- lookahead_reward: 0.0000
- timeliness_reward: 9.3221
- machine_idle_penalty: -4.7625
- credit_assignment_penalty: 0.0000

TOTAL REWARD: -0.6104

CUMULATIVE REWARD COMPONENTS:
- makespan_reward: -3.9500
- setup_reward: -81.2500
- deadline_reward: 0.0000
- priority_reward: 0.0000
- critical_job_reward: 5.0000
- placement_reward: 0.0000
- lookahead_reward: 25.0000
- timeliness_reward: 166.8486
- machine_idle_penalty: -55.4875
- credit_assignment_penalty: 0.0000

CUMULATIVE TOTAL: 56.1611

CRITICAL STATE INFO:
- Valid actions: ['J1', 'J2', 'J3', 'J4', 'J5', 'J6', 'J7', 'J8', 'J9', 'J10', 'J11', 'J12', 'J13', 'J14', 'J15', 'J16', 'J17', 'J18', 'J19', 'J20']
- Machine states:
  - Machine M1: Time=792.00, Idle=34.00, Material=Citybike_Laufraeder_montiert
  - Machine M2: Time=826.00, Idle=0.00, Material=Citybike_Steuerrohr_ausgerieben
  - Machine M3: Time=483.00, Idle=343.00, Material=Mountainbike_Rahmen_lackiert
==================================================

2025-05-15 15:19:55,722 - JSPGymEnvironment - INFO - Executed operation: Job J4, Op 2, Machine M2, Start: 841, End: 851, Setup: 15
2025-05-15 15:19:55,722 - JSPGymEnvironment - INFO - 
===== REWARD DETAILS FOR STEP 20 =====
Job: J4, Operation: 2, Job Completed: False
Current Time: 826.00 -> 851.00, Setup Time: 15.00
Processing Time: 10.00, Idle Time: 0.00
Completed Jobs: 0/20
Machine: M2, Material: Citybike_Steuerrohr_ausgerieben

REWARD COMPONENTS:
- makespan_reward: -0.1250
- setup_reward: -3.7500
- deadline_reward: 0.0000
- priority_reward: 0.0000
- critical_job_reward: 0.0000
- placement_reward: 0.0000
- lookahead_reward: 0.0000
- timeliness_reward: 9.3203
- machine_idle_penalty: -5.3875
- credit_assignment_penalty: 0.0000

TOTAL REWARD: 0.0578

CUMULATIVE REWARD COMPONENTS:
- makespan_reward: -4.0750
- setup_reward: -85.0000
- deadline_reward: 0.0000
- priority_reward: 0.0000
- critical_job_reward: 5.0000
- placement_reward: 0.0000
- lookahead_reward: 25.0000
- timeliness_reward: 176.1689
- machine_idle_penalty: -60.8750
- credit_assignment_penalty: 0.0000

CUMULATIVE TOTAL: 56.2189

CRITICAL STATE INFO:
- Valid actions: ['J1', 'J2', 'J3', 'J4', 'J5', 'J6', 'J7', 'J8', 'J9', 'J10', 'J11', 'J12', 'J13', 'J14', 'J15', 'J16', 'J17', 'J18', 'J19', 'J20']
- Machine states:
  - Machine M1: Time=792.00, Idle=59.00, Material=Citybike_Laufraeder_montiert
  - Machine M2: Time=851.00, Idle=0.00, Material=Citybike_Steuerrohr_ausgerieben
  - Machine M3: Time=483.00, Idle=368.00, Material=Mountainbike_Rahmen_lackiert
==================================================

2025-05-15 15:19:55,783 - JSPGymEnvironment - INFO - Material change on machine M3: Mountainbike_Rahmen_lackiert -> Racebike_Antrieb_installiert, setup time: 15
2025-05-15 15:19:55,783 - JSPGymEnvironment - INFO - Executed operation: Job J1, Op 2, Machine M3, Start: 866, End: 890, Setup: 15
2025-05-15 15:19:55,783 - JSPGymEnvironment - INFO - 
===== REWARD DETAILS FOR STEP 21 =====
Job: J1, Operation: 2, Job Completed: False
Current Time: 851.00 -> 890.00, Setup Time: 15.00
Processing Time: 24.00, Idle Time: 0.00
Completed Jobs: 0/20
Machine: M3, Material: Racebike_Antrieb_installiert

REWARD COMPONENTS:
- makespan_reward: -0.1950
- setup_reward: -3.7500
- deadline_reward: 0.0000
- priority_reward: 0.0000
- critical_job_reward: 0.5000
- placement_reward: 0.0000
- lookahead_reward: 0.0000
- timeliness_reward: 9.4057
- machine_idle_penalty: -1.7125
- credit_assignment_penalty: 0.0000

TOTAL REWARD: 4.2482

CUMULATIVE REWARD COMPONENTS:
- makespan_reward: -4.2700
- setup_reward: -88.7500
- deadline_reward: 0.0000
- priority_reward: 0.0000
- critical_job_reward: 5.5000
- placement_reward: 0.0000
- lookahead_reward: 25.0000
- timeliness_reward: 185.5746
- machine_idle_penalty: -62.5875
- credit_assignment_penalty: 0.0000

CUMULATIVE TOTAL: 60.4671

CRITICAL STATE INFO:
- Valid actions: ['J1', 'J2', 'J3', 'J4', 'J5', 'J6', 'J7', 'J8', 'J9', 'J10', 'J11', 'J12', 'J13', 'J14', 'J15', 'J16', 'J17', 'J18', 'J19', 'J20']
- Machine states:
  - Machine M1: Time=792.00, Idle=98.00, Material=Citybike_Laufraeder_montiert
  - Machine M2: Time=851.00, Idle=39.00, Material=Citybike_Steuerrohr_ausgerieben
  - Machine M3: Time=890.00, Idle=0.00, Material=Racebike_Antrieb_installiert
==================================================

2025-05-15 15:19:55,843 - JSPGymEnvironment - INFO - Material change on machine M1: Citybike_Laufraeder_montiert -> Mountainbike_Schaltauge_bearbeitet, setup time: 40
2025-05-15 15:19:55,843 - JSPGymEnvironment - INFO - Executed operation: Job J7, Op 1, Machine M1, Start: 930, End: 960, Setup: 40
2025-05-15 15:19:55,844 - JSPGymEnvironment - INFO - 
===== REWARD DETAILS FOR STEP 22 =====
Job: J7, Operation: 1, Job Completed: False
Current Time: 890.00 -> 960.00, Setup Time: 40.00
Processing Time: 30.00, Idle Time: 0.00
Completed Jobs: 0/20
Machine: M1, Material: Mountainbike_Schaltauge_bearbeitet

REWARD COMPONENTS:
- makespan_reward: -0.3500
- setup_reward: -10.0000
- deadline_reward: 0.0000
- priority_reward: 0.0000
- critical_job_reward: 0.5000
- placement_reward: 0.0000
- lookahead_reward: 0.0000
- timeliness_reward: 9.3083
- machine_idle_penalty: -2.2375
- credit_assignment_penalty: 0.0000

TOTAL REWARD: -2.7792

CUMULATIVE REWARD COMPONENTS:
- makespan_reward: -4.6200
- setup_reward: -98.7500
- deadline_reward: 0.0000
- priority_reward: 0.0000
- critical_job_reward: 6.0000
- placement_reward: 0.0000
- lookahead_reward: 25.0000
- timeliness_reward: 194.8830
- machine_idle_penalty: -64.8250
- credit_assignment_penalty: 0.0000

CUMULATIVE TOTAL: 57.6880

CRITICAL STATE INFO:
- Valid actions: ['J1', 'J2', 'J3', 'J4', 'J5', 'J6', 'J7', 'J8', 'J9', 'J10', 'J11', 'J12', 'J13', 'J14', 'J15', 'J16', 'J17', 'J18', 'J19', 'J20']
- Machine states:
  - Machine M1: Time=960.00, Idle=0.00, Material=Mountainbike_Schaltauge_bearbeitet
  - Machine M2: Time=851.00, Idle=109.00, Material=Citybike_Steuerrohr_ausgerieben
  - Machine M3: Time=890.00, Idle=70.00, Material=Racebike_Antrieb_installiert
==================================================

2025-05-15 15:19:55,897 - JSPGymEnvironment - INFO - Material change on machine M1: Mountainbike_Schaltauge_bearbeitet -> Citybike_Bremsaufnahme_gebohrt, setup time: 40
2025-05-15 15:19:55,897 - JSPGymEnvironment - INFO - Executed operation: Job J4, Op 3, Machine M1, Start: 1000, End: 1010, Setup: 40
2025-05-15 15:19:55,897 - JSPGymEnvironment - INFO - 
===== REWARD DETAILS FOR STEP 23 =====
Job: J4, Operation: 3, Job Completed: False
Current Time: 960.00 -> 1010.00, Setup Time: 40.00
Processing Time: 10.00, Idle Time: 0.00
Completed Jobs: 0/20
Machine: M1, Material: Citybike_Bremsaufnahme_gebohrt

REWARD COMPONENTS:
- makespan_reward: -0.2500
- setup_reward: -10.0000
- deadline_reward: 0.0000
- priority_reward: 0.0000
- critical_job_reward: 0.0000
- placement_reward: 0.0000
- lookahead_reward: 0.0000
- timeliness_reward: 9.2934
- machine_idle_penalty: -3.4875
- credit_assignment_penalty: 0.0000

TOTAL REWARD: -4.4441

CUMULATIVE REWARD COMPONENTS:
- makespan_reward: -4.8700
- setup_reward: -108.7500
- deadline_reward: 0.0000
- priority_reward: 0.0000
- critical_job_reward: 6.0000
- placement_reward: 0.0000
- lookahead_reward: 25.0000
- timeliness_reward: 204.1763
- machine_idle_penalty: -68.3125
- credit_assignment_penalty: 0.0000

CUMULATIVE TOTAL: 53.2438

CRITICAL STATE INFO:
- Valid actions: ['J1', 'J2', 'J3', 'J4', 'J5', 'J6', 'J7', 'J8', 'J9', 'J10', 'J11', 'J12', 'J13', 'J14', 'J15', 'J16', 'J17', 'J18', 'J19', 'J20']
- Machine states:
  - Machine M1: Time=1010.00, Idle=0.00, Material=Citybike_Bremsaufnahme_gebohrt
  - Machine M2: Time=851.00, Idle=159.00, Material=Citybike_Steuerrohr_ausgerieben
  - Machine M3: Time=890.00, Idle=120.00, Material=Racebike_Antrieb_installiert
==================================================

2025-05-15 15:19:55,950 - JSPGymEnvironment - INFO - Material change on machine M2: Citybike_Steuerrohr_ausgerieben -> E-Bike_Bremsaufnahme_gebohrt, setup time: 20
2025-05-15 15:19:55,950 - JSPGymEnvironment - INFO - Executed operation: Job J8, Op 3, Machine M2, Start: 1030, End: 1042, Setup: 20
2025-05-15 15:19:55,951 - JSPGymEnvironment - INFO - 
===== REWARD DETAILS FOR STEP 24 =====
Job: J8, Operation: 3, Job Completed: False
Current Time: 1010.00 -> 1042.00, Setup Time: 20.00
Processing Time: 12.00, Idle Time: 0.00
Completed Jobs: 0/20
Machine: M2, Material: E-Bike_Bremsaufnahme_gebohrt

REWARD COMPONENTS:
- makespan_reward: -0.1600
- setup_reward: -5.0000
- deadline_reward: 0.0000
- priority_reward: 0.0000
- critical_job_reward: 0.5000
- placement_reward: 0.0000
- lookahead_reward: 0.0000
- timeliness_reward: 9.2778
- machine_idle_penalty: -2.3000
- credit_assignment_penalty: 0.0000

TOTAL REWARD: 2.3178

CUMULATIVE REWARD COMPONENTS:
- makespan_reward: -5.0300
- setup_reward: -113.7500
- deadline_reward: 0.0000
- priority_reward: 0.0000
- critical_job_reward: 6.5000
- placement_reward: 0.0000
- lookahead_reward: 25.0000
- timeliness_reward: 213.4542
- machine_idle_penalty: -70.6125
- credit_assignment_penalty: 0.0000

CUMULATIVE TOTAL: 55.5617

CRITICAL STATE INFO:
- Valid actions: ['J1', 'J2', 'J3', 'J4', 'J5', 'J6', 'J7', 'J8', 'J9', 'J10', 'J11', 'J12', 'J13', 'J14', 'J15', 'J16', 'J17', 'J18', 'J19', 'J20']
- Machine states:
  - Machine M1: Time=1010.00, Idle=32.00, Material=Citybike_Bremsaufnahme_gebohrt
  - Machine M2: Time=1042.00, Idle=0.00, Material=E-Bike_Bremsaufnahme_gebohrt
  - Machine M3: Time=890.00, Idle=152.00, Material=Racebike_Antrieb_installiert
==================================================

2025-05-15 15:19:56,145 - JSPGymEnvironment - INFO - Material change on machine M3: Racebike_Antrieb_installiert -> Racebike_Bremsen_justiert, setup time: 15
2025-05-15 15:19:56,146 - JSPGymEnvironment - INFO - Executed operation: Job J3, Op 3, Machine M3, Start: 1057, End: 1113, Setup: 15
2025-05-15 15:19:56,146 - JSPGymEnvironment - INFO - 
===== REWARD DETAILS FOR STEP 25 =====
Job: J3, Operation: 3, Job Completed: False
Current Time: 1042.00 -> 1113.00, Setup Time: 15.00
Processing Time: 56.00, Idle Time: 0.00
Completed Jobs: 0/20
Machine: M3, Material: Racebike_Bremsen_justiert

REWARD COMPONENTS:
- makespan_reward: -0.3550
- setup_reward: -3.7500
- deadline_reward: 0.0000
- priority_reward: 0.0000
- critical_job_reward: 0.5000
- placement_reward: 0.0000
- lookahead_reward: 0.0000
- timeliness_reward: 9.2510
- machine_idle_penalty: -2.1750
- credit_assignment_penalty: 0.0000

TOTAL REWARD: 3.4710

CUMULATIVE REWARD COMPONENTS:
- makespan_reward: -5.3850
- setup_reward: -117.5000
- deadline_reward: 0.0000
- priority_reward: 0.0000
- critical_job_reward: 7.0000
- placement_reward: 0.0000
- lookahead_reward: 25.0000
- timeliness_reward: 222.7052
- machine_idle_penalty: -72.7875
- credit_assignment_penalty: 0.0000

CUMULATIVE TOTAL: 59.0327

CRITICAL STATE INFO:
- Valid actions: ['J1', 'J2', 'J3', 'J4', 'J5', 'J6', 'J7', 'J8', 'J9', 'J10', 'J11', 'J12', 'J13', 'J14', 'J15', 'J16', 'J17', 'J18', 'J19', 'J20']
- Machine states:
  - Machine M1: Time=1010.00, Idle=103.00, Material=Citybike_Bremsaufnahme_gebohrt
  - Machine M2: Time=1042.00, Idle=71.00, Material=E-Bike_Bremsaufnahme_gebohrt
  - Machine M3: Time=1113.00, Idle=0.00, Material=Racebike_Bremsen_justiert
==================================================

2025-05-15 15:19:56,193 - JSPGymEnvironment - INFO - Executed operation: Job J6, Op 3, Machine M1, Start: 1138, End: 1153, Setup: 25
2025-05-15 15:19:56,193 - JSPGymEnvironment - INFO - 
===== REWARD DETAILS FOR STEP 26 =====
Job: J6, Operation: 3, Job Completed: False
Current Time: 1113.00 -> 1153.00, Setup Time: 25.00
Processing Time: 15.00, Idle Time: 0.00
Completed Jobs: 0/20
Machine: M1, Material: Citybike_Bremsaufnahme_gebohrt

REWARD COMPONENTS:
- makespan_reward: -0.2000
- setup_reward: -6.2500
- deadline_reward: 0.0000
- priority_reward: 0.0000
- critical_job_reward: 0.0000
- placement_reward: 0.0000
- lookahead_reward: 0.0000
- timeliness_reward: 9.2391
- machine_idle_penalty: -1.8875
- credit_assignment_penalty: 0.0000

TOTAL REWARD: 0.9016

CUMULATIVE REWARD COMPONENTS:
- makespan_reward: -5.5850
- setup_reward: -123.7500
- deadline_reward: 0.0000
- priority_reward: 0.0000
- critical_job_reward: 7.0000
- placement_reward: 0.0000
- lookahead_reward: 25.0000
- timeliness_reward: 231.9443
- machine_idle_penalty: -74.6750
- credit_assignment_penalty: 0.0000

CUMULATIVE TOTAL: 59.9343

CRITICAL STATE INFO:
- Valid actions: ['J1', 'J2', 'J3', 'J4', 'J5', 'J6', 'J7', 'J8', 'J9', 'J10', 'J11', 'J12', 'J13', 'J14', 'J15', 'J16', 'J17', 'J18', 'J19', 'J20']
- Machine states:
  - Machine M1: Time=1153.00, Idle=0.00, Material=Citybike_Bremsaufnahme_gebohrt
  - Machine M2: Time=1042.00, Idle=111.00, Material=E-Bike_Bremsaufnahme_gebohrt
  - Machine M3: Time=1113.00, Idle=40.00, Material=Racebike_Bremsen_justiert
==================================================

2025-05-15 15:19:56,238 - JSPGymEnvironment - INFO - Material change on machine M2: E-Bike_Bremsaufnahme_gebohrt -> Racebike_Bremsaufnahme_gebohrt, setup time: 20
2025-05-15 15:19:56,238 - JSPGymEnvironment - INFO - Executed operation: Job J1, Op 3, Machine M2, Start: 1173, End: 1188, Setup: 20
2025-05-15 15:19:56,238 - JSPGymEnvironment - INFO - 
===== REWARD DETAILS FOR STEP 27 =====
Job: J1, Operation: 3, Job Completed: False
Current Time: 1153.00 -> 1188.00, Setup Time: 20.00
Processing Time: 15.00, Idle Time: 0.00
Completed Jobs: 0/20
Machine: M2, Material: Racebike_Bremsaufnahme_gebohrt

REWARD COMPONENTS:
- makespan_reward: -0.1750
- setup_reward: -5.0000
- deadline_reward: 0.0000
- priority_reward: 0.0000
- critical_job_reward: 0.5000
- placement_reward: 0.0000
- lookahead_reward: 0.0000
- timeliness_reward: 9.3395
- machine_idle_penalty: -1.3750
- credit_assignment_penalty: 0.0000

TOTAL REWARD: 3.2895

CUMULATIVE REWARD COMPONENTS:
- makespan_reward: -5.7600
- setup_reward: -128.7500
- deadline_reward: 0.0000
- priority_reward: 0.0000
- critical_job_reward: 7.5000
- placement_reward: 0.0000
- lookahead_reward: 25.0000
- timeliness_reward: 241.2838
- machine_idle_penalty: -76.0500
- credit_assignment_penalty: 0.0000

CUMULATIVE TOTAL: 63.2238

CRITICAL STATE INFO:
- Valid actions: ['J1', 'J2', 'J3', 'J4', 'J5', 'J6', 'J7', 'J8', 'J9', 'J10', 'J11', 'J12', 'J13', 'J14', 'J15', 'J16', 'J17', 'J18', 'J19', 'J20']
- Machine states:
  - Machine M1: Time=1153.00, Idle=35.00, Material=Citybike_Bremsaufnahme_gebohrt
  - Machine M2: Time=1188.00, Idle=0.00, Material=Racebike_Bremsaufnahme_gebohrt
  - Machine M3: Time=1113.00, Idle=75.00, Material=Racebike_Bremsen_justiert
==================================================

2025-05-15 15:19:56,239 - JSPGymEnvironment - INFO - 
===== REWARD DETAILS FOR STEP 7 =====
Job: J2, Operation: 0, Job Completed: False
Current Time: 254.00 -> 290.00, Setup Time: 15.00
Processing Time: 21.00, Idle Time: 0.00
Completed Jobs: 0/20
Machine: M3, Material: Citybike_Hauptrahmen_zugeschnitten

REWARD COMPONENTS:
- makespan_reward: -0.1800
- setup_reward: -3.7500
- deadline_reward: 0.0000
- priority_reward: 0.0000
- critical_job_reward: 0.0000
- placement_reward: 0.0000
- lookahead_reward: 0.0000
- timeliness_reward: 9.2495
- machine_idle_penalty: -4.1250
- credit_assignment_penalty: 0.0000

TOTAL REWARD: 1.1945

CUMULATIVE REWARD COMPONENTS:
- makespan_reward: -1.4500
- setup_reward: -20.0000
- deadline_reward: 0.0000
- priority_reward: 0.0000
- critical_job_reward: 1.5000
- placement_reward: 0.0000
- lookahead_reward: 25.0000
- timeliness_reward: 64.4566
- machine_idle_penalty: -18.1125
- credit_assignment_penalty: 0.0000

CUMULATIVE TOTAL: 51.3941

CRITICAL STATE INFO:
- Valid actions: ['J1', 'J2', 'J3', 'J4', 'J5', 'J6', 'J7', 'J8', 'J9', 'J10', 'J11', 'J12', 'J13', 'J14', 'J15', 'J16', 'J17', 'J18', 'J19', 'J20']
- Machine states:
  - Machine M1: Time=0.00, Idle=290.00, Material=None
  - Machine M2: Time=254.00, Idle=36.00, Material=E-Bike_Hauptrahmen_zugeschnitten
  - Machine M3: Time=290.00, Idle=0.00, Material=Citybike_Hauptrahmen_zugeschnitten
==================================================

