2025-04-13 16:19:58,988 - JSPGymEnvironment - INFO - Environment reset
2025-04-13 16:19:59,064 - JSPGymEnvironment - INFO - Environment reset
2025-04-13 16:19:59,129 - JSPGymEnvironment - INFO - Material change on machine M1:  -> Racebike_Hauptrahmen_zugeschnitten, setup time: 0
2025-04-13 16:19:59,129 - JSPGymEnvironment - INFO - Executed operation: Job J6, Op 0, Machine M1, Start: 0.0, End: 36.0, Setup: 0
2025-04-13 16:19:59,170 - JSPGymEnvironment - INFO - Material change on machine M1: Racebike_Hauptrahmen_zugeschnitten -> Citybike_Hauptrahmen_zugeschnitten, setup time: 40
2025-04-13 16:19:59,170 - JSPGymEnvironment - INFO - Executed operation: Job J17, Op 0, Machine M1, Start: 76.0, End: 114.0, Setup: 40
2025-04-13 16:19:59,213 - JSPGymEnvironment - INFO - Executed operation: Job J11, Op 0, Machine M1, Start: 139.0, End: 170.0, Setup: 25
2025-04-13 16:19:59,248 - JSPGymEnvironment - INFO - Executed operation: Job J9, Op 0, Machine M1, Start: 195.0, End: 235.0, Setup: 25
2025-04-13 16:19:59,281 - JSPGymEnvironment - INFO - Executed operation: Job J8, Op 0, Machine M1, Start: 260.0, End: 279.0, Setup: 25
2025-04-13 16:19:59,321 - JSPGymEnvironment - INFO - Material change on machine M2:  -> Citybike_Schaltauge_bearbeitet, setup time: 0
2025-04-13 16:19:59,321 - JSPGymEnvironment - INFO - Executed operation: Job J8, Op 1, Machine M2, Start: 279.0, End: 292.0, Setup: 0
2025-04-13 16:19:59,358 - JSPGymEnvironment - INFO - Material change on machine M1: Citybike_Hauptrahmen_zugeschnitten -> Mountainbike_Hauptrahmen_zugeschnitten, setup time: 40
2025-04-13 16:19:59,358 - JSPGymEnvironment - INFO - Executed operation: Job J5, Op 0, Machine M1, Start: 332.0, End: 368.0, Setup: 40
2025-04-13 16:19:59,392 - JSPGymEnvironment - INFO - Material change on machine M1: Mountainbike_Hauptrahmen_zugeschnitten -> Racebike_Hauptrahmen_zugeschnitten, setup time: 40
2025-04-13 16:19:59,394 - JSPGymEnvironment - INFO - Executed operation: Job J16, Op 0, Machine M1, Start: 408.0, End: 434.0, Setup: 40
2025-04-13 16:19:59,431 - JSPGymEnvironment - INFO - Executed operation: Job J4, Op 0, Machine M1, Start: 459.0, End: 484.0, Setup: 25
2025-04-13 16:19:59,477 - JSPGymEnvironment - INFO - Material change on machine M1: Racebike_Hauptrahmen_zugeschnitten -> Citybike_Hauptrahmen_zugeschnitten, setup time: 40
2025-04-13 16:19:59,477 - JSPGymEnvironment - INFO - Executed operation: Job J2, Op 0, Machine M1, Start: 524.0, End: 540.0, Setup: 40
2025-04-13 16:19:59,740 - JSPGymEnvironment - INFO - Material change on machine M2: Citybike_Schaltauge_bearbeitet -> Racebike_Schaltauge_bearbeitet, setup time: 20
2025-04-13 16:19:59,740 - JSPGymEnvironment - INFO - Executed operation: Job J4, Op 1, Machine M2, Start: 560.0, End: 575.0, Setup: 20
2025-04-13 16:19:59,780 - JSPGymEnvironment - INFO - Material change on machine M3:  -> Racebike_Antrieb_installiert, setup time: 0
2025-04-13 16:19:59,780 - JSPGymEnvironment - INFO - Executed operation: Job J4, Op 2, Machine M3, Start: 575.0, End: 615.0, Setup: 0
2025-04-13 16:19:59,822 - JSPGymEnvironment - INFO - Material change on machine M1: Citybike_Hauptrahmen_zugeschnitten -> Racebike_Hauptrahmen_zugeschnitten, setup time: 40
2025-04-13 16:19:59,822 - JSPGymEnvironment - INFO - Executed operation: Job J10, Op 0, Machine M1, Start: 655.0, End: 687.0, Setup: 40
2025-04-13 16:19:59,874 - JSPGymEnvironment - INFO - Material change on machine M3: Racebike_Antrieb_installiert -> Citybike_Antrieb_installiert, setup time: 15
2025-04-13 16:19:59,874 - JSPGymEnvironment - INFO - Executed operation: Job J8, Op 2, Machine M3, Start: 702.0, End: 756.0, Setup: 15
2025-04-13 16:19:59,909 - JSPGymEnvironment - INFO - Material change on machine M2: Racebike_Schaltauge_bearbeitet -> Citybike_Schaltauge_bearbeitet, setup time: 20
2025-04-13 16:19:59,910 - JSPGymEnvironment - INFO - Executed operation: Job J17, Op 1, Machine M2, Start: 776.0, End: 796.0, Setup: 20
2025-04-13 16:19:59,953 - JSPGymEnvironment - INFO - Material change on machine M3: Citybike_Antrieb_installiert -> Citybike_Bremsen_justiert, setup time: 15
2025-04-13 16:19:59,953 - JSPGymEnvironment - INFO - Executed operation: Job J8, Op 3, Machine M3, Start: 811.0, End: 869.0, Setup: 15
2025-04-13 16:19:59,991 - JSPGymEnvironment - INFO - Material change on machine M1: Racebike_Hauptrahmen_zugeschnitten -> E-Bike_Hauptrahmen_zugeschnitten, setup time: 40
2025-04-13 16:19:59,991 - JSPGymEnvironment - INFO - Executed operation: Job J19, Op 0, Machine M1, Start: 909.0, End: 924.0, Setup: 40
2025-04-13 16:20:00,036 - JSPGymEnvironment - INFO - Executed operation: Job J13, Op 0, Machine M1, Start: 949.0, End: 990.0, Setup: 25
2025-04-13 16:20:00,074 - JSPGymEnvironment - INFO - Executed operation: Job J9, Op 1, Machine M2, Start: 1005.0, End: 1021.0, Setup: 15
2025-04-13 16:20:00,107 - JSPGymEnvironment - INFO - Material change on machine M2: Citybike_Schaltauge_bearbeitet -> E-Bike_Schaltauge_bearbeitet, setup time: 20
2025-04-13 16:20:00,107 - JSPGymEnvironment - INFO - Executed operation: Job J19, Op 1, Machine M2, Start: 1041.0, End: 1071.0, Setup: 20
2025-04-13 16:20:00,141 - JSPGymEnvironment - INFO - Material change on machine M3: Citybike_Bremsen_justiert -> Citybike_Fahrrad_endmontiert, setup time: 15
2025-04-13 16:20:00,141 - JSPGymEnvironment - INFO - Executed operation: Job J8, Op 4, Machine M3, Start: 1086.0, End: 1135.0, Setup: 15
2025-04-13 16:20:00,174 - JSPGymEnvironment - INFO - Material change on machine M2: E-Bike_Schaltauge_bearbeitet -> Citybike_Fahrrad_endmontiert, setup time: 20
2025-04-13 16:20:00,174 - JSPGymEnvironment - INFO - Executed operation: Job J8, Op 5, Machine M2, Start: 1155.0, End: 1185.0, Setup: 20
2025-04-13 16:20:00,174 - JSPGymEnvironment - INFO - Job J8 completed at time 1185.0, deadline: 2762, met: True, priority: 5
2025-04-13 16:20:00,206 - JSPGymEnvironment - INFO - Material change on machine M3: Citybike_Fahrrad_endmontiert -> Citybike_Antrieb_installiert, setup time: 15
2025-04-13 16:20:00,206 - JSPGymEnvironment - INFO - Executed operation: Job J17, Op 2, Machine M3, Start: 1200.0, End: 1234.0, Setup: 15
2025-04-13 16:20:00,247 - JSPGymEnvironment - INFO - Material change on machine M2: Citybike_Fahrrad_endmontiert -> Citybike_Schaltauge_bearbeitet, setup time: 20
2025-04-13 16:20:00,247 - JSPGymEnvironment - INFO - Executed operation: Job J11, Op 1, Machine M2, Start: 1254.0, End: 1267.0, Setup: 20
2025-04-13 16:20:00,536 - JSPGymEnvironment - INFO - Material change on machine M2: Citybike_Schaltauge_bearbeitet -> Racebike_Bremsaufnahme_gebohrt, setup time: 20
2025-04-13 16:20:00,536 - JSPGymEnvironment - INFO - Executed operation: Job J4, Op 3, Machine M2, Start: 1287.0, End: 1301.0, Setup: 20
2025-04-13 16:20:00,575 - JSPGymEnvironment - INFO - Material change on machine M2: Racebike_Bremsaufnahme_gebohrt -> E-Bike_Schaltauge_bearbeitet, setup time: 20
2025-04-13 16:20:00,575 - JSPGymEnvironment - INFO - Executed operation: Job J13, Op 1, Machine M2, Start: 1321.0, End: 1344.0, Setup: 20
2025-04-13 16:20:00,616 - JSPGymEnvironment - INFO - Material change on machine M3: Citybike_Antrieb_installiert -> E-Bike_Antrieb_installiert, setup time: 15
2025-04-13 16:20:00,617 - JSPGymEnvironment - INFO - Executed operation: Job J13, Op 2, Machine M3, Start: 1359.0, End: 1412.0, Setup: 15
2025-04-13 16:20:00,659 - JSPGymEnvironment - INFO - Executed operation: Job J3, Op 0, Machine M1, Start: 1437.0, End: 1471.0, Setup: 25
2025-04-13 16:20:00,696 - JSPGymEnvironment - INFO - Material change on machine M2: E-Bike_Schaltauge_bearbeitet -> Citybike_Schaltauge_bearbeitet, setup time: 20
2025-04-13 16:20:00,696 - JSPGymEnvironment - INFO - Executed operation: Job J2, Op 1, Machine M2, Start: 1491.0, End: 1501.0, Setup: 20
2025-04-13 16:20:00,740 - JSPGymEnvironment - INFO - Material change on machine M2: Citybike_Schaltauge_bearbeitet -> E-Bike_Bremsaufnahme_gebohrt, setup time: 20
2025-04-13 16:20:00,741 - JSPGymEnvironment - INFO - Executed operation: Job J13, Op 3, Machine M2, Start: 1521.0, End: 1543.0, Setup: 20
2025-04-13 16:20:00,782 - JSPGymEnvironment - INFO - Material change on machine M3: E-Bike_Antrieb_installiert -> E-Bike_Fahrrad_endmontiert, setup time: 15
2025-04-13 16:20:00,783 - JSPGymEnvironment - INFO - Executed operation: Job J13, Op 4, Machine M3, Start: 1558.0, End: 1611.0, Setup: 15
2025-04-13 16:20:00,783 - JSPGymEnvironment - INFO - Job J13 completed at time 1611.0, deadline: 2863, met: True, priority: 7
2025-04-13 16:20:00,825 - JSPGymEnvironment - INFO - Material change on machine M3: E-Bike_Fahrrad_endmontiert -> Citybike_Antrieb_installiert, setup time: 15
2025-04-13 16:20:00,825 - JSPGymEnvironment - INFO - Executed operation: Job J11, Op 2, Machine M3, Start: 1626.0, End: 1668.0, Setup: 15
2025-04-13 16:20:00,866 - JSPGymEnvironment - INFO - Material change on machine M3: Citybike_Antrieb_installiert -> Citybike_Bremsen_justiert, setup time: 15
2025-04-13 16:20:00,866 - JSPGymEnvironment - INFO - Executed operation: Job J11, Op 3, Machine M3, Start: 1683.0, End: 1705.0, Setup: 15
2025-04-13 16:20:00,908 - JSPGymEnvironment - INFO - Material change on machine M1: E-Bike_Hauptrahmen_zugeschnitten -> Citybike_Hauptrahmen_zugeschnitten, setup time: 40
2025-04-13 16:20:00,908 - JSPGymEnvironment - INFO - Executed operation: Job J14, Op 0, Machine M1, Start: 1745.0, End: 1763.0, Setup: 40
2025-04-13 16:20:00,951 - JSPGymEnvironment - INFO - Material change on machine M2: E-Bike_Bremsaufnahme_gebohrt -> Racebike_Schaltauge_bearbeitet, setup time: 20
2025-04-13 16:20:00,952 - JSPGymEnvironment - INFO - Executed operation: Job J6, Op 1, Machine M2, Start: 1783.0, End: 1796.0, Setup: 20
2025-04-13 16:20:00,986 - JSPGymEnvironment - INFO - Material change on machine M1: Citybike_Hauptrahmen_zugeschnitten -> Mountainbike_Hauptrahmen_zugeschnitten, setup time: 40
2025-04-13 16:20:00,986 - JSPGymEnvironment - INFO - Executed operation: Job J20, Op 0, Machine M1, Start: 1836.0, End: 1855.0, Setup: 40
2025-04-13 16:20:01,022 - JSPGymEnvironment - INFO - Material change on machine M2: Racebike_Schaltauge_bearbeitet -> E-Bike_Schaltauge_bearbeitet, setup time: 20
2025-04-13 16:20:01,022 - JSPGymEnvironment - INFO - Executed operation: Job J3, Op 1, Machine M2, Start: 1875.0, End: 1895.0, Setup: 20
2025-04-13 16:20:01,286 - JSPGymEnvironment - INFO - Material change on machine M2: E-Bike_Schaltauge_bearbeitet -> Mountainbike_Schaltauge_bearbeitet, setup time: 20
2025-04-13 16:20:01,286 - JSPGymEnvironment - INFO - Executed operation: Job J20, Op 1, Machine M2, Start: 1915.0, End: 1940.0, Setup: 20
2025-04-13 16:20:01,333 - JSPGymEnvironment - INFO - Material change on machine M3: Citybike_Bremsen_justiert -> Mountainbike_Antrieb_installiert, setup time: 15
2025-04-13 16:20:01,333 - JSPGymEnvironment - INFO - Executed operation: Job J20, Op 2, Machine M3, Start: 1955.0, End: 1979.0, Setup: 15
2025-04-13 16:20:01,378 - JSPGymEnvironment - INFO - Material change on machine M2: Mountainbike_Schaltauge_bearbeitet -> Racebike_Rahmen_nachbearbeitet, setup time: 20
2025-04-13 16:20:01,378 - JSPGymEnvironment - INFO - Executed operation: Job J4, Op 4, Machine M2, Start: 1999.0, End: 2024.0, Setup: 20
2025-04-13 16:20:01,413 - JSPGymEnvironment - INFO - Material change on machine M3: Mountainbike_Antrieb_installiert -> Citybike_Fahrrad_endmontiert, setup time: 15
2025-04-13 16:20:01,413 - JSPGymEnvironment - INFO - Executed operation: Job J11, Op 4, Machine M3, Start: 2039.0, End: 2078.0, Setup: 15
2025-04-13 16:20:01,453 - JSPGymEnvironment - INFO - Executed operation: Job J4, Op 5, Machine M2, Start: 2093.0, End: 2117.0, Setup: 15
2025-04-13 16:20:01,489 - JSPGymEnvironment - INFO - Material change on machine M2: Racebike_Rahmen_nachbearbeitet -> Citybike_Rahmen_nachbearbeitet, setup time: 20
2025-04-13 16:20:01,489 - JSPGymEnvironment - INFO - Executed operation: Job J11, Op 5, Machine M2, Start: 2137.0, End: 2154.0, Setup: 20
2025-04-13 16:20:01,522 - JSPGymEnvironment - INFO - Material change on machine M3: Citybike_Fahrrad_endmontiert -> Racebike_Fahrrad_endmontiert, setup time: 15
2025-04-13 16:20:01,522 - JSPGymEnvironment - INFO - Executed operation: Job J4, Op 6, Machine M3, Start: 2169.0, End: 2195.0, Setup: 15
2025-04-13 16:20:01,522 - JSPGymEnvironment - INFO - Job J4 completed at time 2195.0, deadline: 2757, met: True, priority: 7
2025-04-13 16:20:01,558 - JSPGymEnvironment - INFO - Material change on machine M3: Racebike_Fahrrad_endmontiert -> Mountainbike_Bremsen_justiert, setup time: 15
2025-04-13 16:20:01,558 - JSPGymEnvironment - INFO - Executed operation: Job J20, Op 3, Machine M3, Start: 2210.0, End: 2251.0, Setup: 15
2025-04-13 16:20:01,595 - JSPGymEnvironment - INFO - Material change on machine M3: Mountainbike_Bremsen_justiert -> E-Bike_Antrieb_installiert, setup time: 15
2025-04-13 16:20:01,595 - JSPGymEnvironment - INFO - Executed operation: Job J19, Op 2, Machine M3, Start: 2266.0, End: 2288.0, Setup: 15
2025-04-13 16:20:01,630 - JSPGymEnvironment - INFO - Material change on machine M2: Citybike_Rahmen_nachbearbeitet -> Citybike_Schaltauge_bearbeitet, setup time: 20
2025-04-13 16:20:01,630 - JSPGymEnvironment - INFO - Executed operation: Job J14, Op 1, Machine M2, Start: 2308.0, End: 2324.0, Setup: 20
2025-04-13 16:20:01,664 - JSPGymEnvironment - INFO - Material change on machine M2: Citybike_Schaltauge_bearbeitet -> Mountainbike_Rahmen_nachbearbeitet, setup time: 20
2025-04-13 16:20:01,664 - JSPGymEnvironment - INFO - Executed operation: Job J20, Op 4, Machine M2, Start: 2344.0, End: 2361.0, Setup: 20
2025-04-13 16:20:01,698 - JSPGymEnvironment - INFO - Material change on machine M2: Mountainbike_Rahmen_nachbearbeitet -> E-Bike_Bremsaufnahme_gebohrt, setup time: 20
2025-04-13 16:20:01,699 - JSPGymEnvironment - INFO - Executed operation: Job J19, Op 3, Machine M2, Start: 2381.0, End: 2394.0, Setup: 20
2025-04-13 16:20:01,732 - JSPGymEnvironment - INFO - Material change on machine M2: E-Bike_Bremsaufnahme_gebohrt -> Citybike_Rahmen_nachbearbeitet, setup time: 20
2025-04-13 16:20:01,733 - JSPGymEnvironment - INFO - Executed operation: Job J11, Op 6, Machine M2, Start: 2414.0, End: 2436.0, Setup: 20
2025-04-13 16:20:01,991 - JSPGymEnvironment - INFO - Material change on machine M1: Mountainbike_Hauptrahmen_zugeschnitten -> Racebike_Hauptrahmen_zugeschnitten, setup time: 40
2025-04-13 16:20:01,992 - JSPGymEnvironment - INFO - Executed operation: Job J7, Op 0, Machine M1, Start: 2476.0, End: 2511.0, Setup: 40
2025-04-13 16:20:02,032 - JSPGymEnvironment - INFO - Material change on machine M1: Racebike_Hauptrahmen_zugeschnitten -> Mountainbike_Hauptrahmen_zugeschnitten, setup time: 40
2025-04-13 16:20:02,032 - JSPGymEnvironment - INFO - Executed operation: Job J18, Op 0, Machine M1, Start: 2551.0, End: 2573.0, Setup: 40
2025-04-13 16:20:02,074 - JSPGymEnvironment - INFO - Material change on machine M2: Citybike_Rahmen_nachbearbeitet -> Citybike_Fahrrad_endmontiert, setup time: 20
2025-04-13 16:20:02,074 - JSPGymEnvironment - INFO - Executed operation: Job J11, Op 7, Machine M2, Start: 2593.0, End: 2622.0, Setup: 20
2025-04-13 16:20:02,074 - JSPGymEnvironment - INFO - Job J11 completed at time 2622.0, deadline: 2880, met: True, priority: 7
2025-04-13 16:20:02,111 - JSPGymEnvironment - INFO - Material change on machine M3: E-Bike_Antrieb_installiert -> Mountainbike_Fahrrad_endmontiert, setup time: 15
2025-04-13 16:20:02,111 - JSPGymEnvironment - INFO - Executed operation: Job J20, Op 5, Machine M3, Start: 2637.0, End: 2662.0, Setup: 15
2025-04-13 16:20:02,145 - JSPGymEnvironment - INFO - Executed operation: Job J12, Op 0, Machine M1, Start: 2687.0, End: 2718.0, Setup: 25
2025-04-13 16:20:02,180 - JSPGymEnvironment - INFO - Executed operation: Job J20, Op 6, Machine M3, Start: 2728.0, End: 2768.0, Setup: 10
2025-04-13 16:20:02,180 - JSPGymEnvironment - INFO - Job J20 completed at time 2768.0, deadline: 2744, met: False, priority: 3
2025-04-13 16:20:02,214 - JSPGymEnvironment - INFO - Material change on machine M3: Mountainbike_Fahrrad_endmontiert -> E-Bike_Antrieb_installiert, setup time: 15
2025-04-13 16:20:02,214 - JSPGymEnvironment - INFO - Executed operation: Job J3, Op 2, Machine M3, Start: 2783.0, End: 2841.0, Setup: 15
2025-04-13 16:20:02,249 - JSPGymEnvironment - INFO - Material change on machine M2: Citybike_Fahrrad_endmontiert -> Racebike_Schaltauge_bearbeitet, setup time: 20
2025-04-13 16:20:02,250 - JSPGymEnvironment - INFO - Executed operation: Job J10, Op 1, Machine M2, Start: 2861.0, End: 2886.0, Setup: 20
2025-04-13 16:20:02,290 - JSPGymEnvironment - INFO - Material change on machine M2: Racebike_Schaltauge_bearbeitet -> E-Bike_Bremsaufnahme_gebohrt, setup time: 20
2025-04-13 16:20:02,290 - JSPGymEnvironment - INFO - Executed operation: Job J3, Op 3, Machine M2, Start: 2906.0, End: 2936.0, Setup: 20
2025-04-13 16:20:02,327 - JSPGymEnvironment - INFO - Material change on machine M3: E-Bike_Antrieb_installiert -> Citybike_Antrieb_installiert, setup time: 15
2025-04-13 16:20:02,327 - JSPGymEnvironment - INFO - Executed operation: Job J2, Op 2, Machine M3, Start: 2951.0, End: 2979.0, Setup: 15
2025-04-13 16:20:02,364 - JSPGymEnvironment - INFO - Material change on machine M2: E-Bike_Bremsaufnahme_gebohrt -> E-Bike_Rahmen_nachbearbeitet, setup time: 20
2025-04-13 16:20:02,364 - JSPGymEnvironment - INFO - Executed operation: Job J3, Op 4, Machine M2, Start: 2999.0, End: 3016.0, Setup: 20
2025-04-13 16:20:02,398 - JSPGymEnvironment - INFO - Executed operation: Job J14, Op 2, Machine M3, Start: 3026.0, End: 3048.0, Setup: 10
2025-04-13 16:20:02,436 - JSPGymEnvironment - INFO - Material change on machine M1: Mountainbike_Hauptrahmen_zugeschnitten -> Racebike_Hauptrahmen_zugeschnitten, setup time: 40
2025-04-13 16:20:02,436 - JSPGymEnvironment - INFO - Executed operation: Job J1, Op 0, Machine M1, Start: 3088.0, End: 3128.0, Setup: 40
2025-04-13 16:20:02,473 - JSPGymEnvironment - INFO - Executed operation: Job J19, Op 4, Machine M2, Start: 3143.0, End: 3160.0, Setup: 15
2025-04-13 16:20:02,509 - JSPGymEnvironment - INFO - Executed operation: Job J3, Op 5, Machine M2, Start: 3175.0, End: 3196.0, Setup: 15
2025-04-13 16:20:02,757 - JSPGymEnvironment - INFO - Material change on machine M2: E-Bike_Rahmen_nachbearbeitet -> Racebike_Schaltauge_bearbeitet, setup time: 20
2025-04-13 16:20:02,757 - JSPGymEnvironment - INFO - Executed operation: Job J16, Op 1, Machine M2, Start: 3216.0, End: 3231.0, Setup: 20
2025-04-13 16:20:02,794 - JSPGymEnvironment - INFO - Material change on machine M3: Citybike_Antrieb_installiert -> Citybike_Bremsen_justiert, setup time: 15
2025-04-13 16:20:02,795 - JSPGymEnvironment - INFO - Executed operation: Job J17, Op 3, Machine M3, Start: 3246.0, End: 3272.0, Setup: 15
2025-04-13 16:20:02,833 - JSPGymEnvironment - INFO - Material change on machine M2: Racebike_Schaltauge_bearbeitet -> E-Bike_Rahmen_nachbearbeitet, setup time: 20
2025-04-13 16:20:02,833 - JSPGymEnvironment - INFO - Executed operation: Job J19, Op 5, Machine M2, Start: 3292.0, End: 3313.0, Setup: 20
2025-04-13 16:20:02,870 - JSPGymEnvironment - INFO - Material change on machine M2: E-Bike_Rahmen_nachbearbeitet -> Citybike_Bremsaufnahme_gebohrt, setup time: 20
2025-04-13 16:20:02,870 - JSPGymEnvironment - INFO - Executed operation: Job J14, Op 3, Machine M2, Start: 3333.0, End: 3351.0, Setup: 20
2025-04-13 16:20:02,905 - JSPGymEnvironment - INFO - Material change on machine M2: Citybike_Bremsaufnahme_gebohrt -> E-Bike_Fahrrad_endmontiert, setup time: 20
2025-04-13 16:20:02,905 - JSPGymEnvironment - INFO - Executed operation: Job J19, Op 6, Machine M2, Start: 3371.0, End: 3396.0, Setup: 20
2025-04-13 16:20:02,906 - JSPGymEnvironment - INFO - Job J19 completed at time 3396.0, deadline: 2737, met: False, priority: 8
2025-04-13 16:20:02,942 - JSPGymEnvironment - INFO - Material change on machine M3: Citybike_Bremsen_justiert -> Citybike_Antrieb_installiert, setup time: 15
2025-04-13 16:20:02,943 - JSPGymEnvironment - INFO - Executed operation: Job J9, Op 2, Machine M3, Start: 3411.0, End: 3465.0, Setup: 15
2025-04-13 16:20:02,977 - JSPGymEnvironment - INFO - Material change on machine M2: E-Bike_Fahrrad_endmontiert -> Citybike_Bremsaufnahme_gebohrt, setup time: 20
2025-04-13 16:20:02,977 - JSPGymEnvironment - INFO - Executed operation: Job J2, Op 3, Machine M2, Start: 3485.0, End: 3506.0, Setup: 20
2025-04-13 16:20:03,013 - JSPGymEnvironment - INFO - Material change on machine M3: Citybike_Antrieb_installiert -> Racebike_Antrieb_installiert, setup time: 15
2025-04-13 16:20:03,013 - JSPGymEnvironment - INFO - Executed operation: Job J16, Op 2, Machine M3, Start: 3521.0, End: 3551.0, Setup: 15
2025-04-13 16:20:03,059 - JSPGymEnvironment - INFO - Material change on machine M2: Citybike_Bremsaufnahme_gebohrt -> Racebike_Schaltauge_bearbeitet, setup time: 20
2025-04-13 16:20:03,059 - JSPGymEnvironment - INFO - Executed operation: Job J7, Op 1, Machine M2, Start: 3571.0, End: 3594.0, Setup: 20
2025-04-13 16:20:03,103 - JSPGymEnvironment - INFO - Material change on machine M2: Racebike_Schaltauge_bearbeitet -> E-Bike_Fahrrad_endmontiert, setup time: 20
2025-04-13 16:20:03,103 - JSPGymEnvironment - INFO - Executed operation: Job J3, Op 6, Machine M2, Start: 3614.0, End: 3624.0, Setup: 20
2025-04-13 16:20:03,103 - JSPGymEnvironment - INFO - Job J3 completed at time 3624.0, deadline: 2862, met: False, priority: 8
2025-04-13 16:20:03,145 - JSPGymEnvironment - INFO - Material change on machine M2: E-Bike_Fahrrad_endmontiert -> Mountainbike_Schaltauge_bearbeitet, setup time: 20
2025-04-13 16:20:03,145 - JSPGymEnvironment - INFO - Executed operation: Job J12, Op 1, Machine M2, Start: 3644.0, End: 3666.0, Setup: 20
2025-04-13 16:20:03,190 - JSPGymEnvironment - INFO - Executed operation: Job J10, Op 2, Machine M3, Start: 3676.0, End: 3715.0, Setup: 10
2025-04-13 16:20:03,232 - JSPGymEnvironment - INFO - Material change on machine M2: Mountainbike_Schaltauge_bearbeitet -> Citybike_Rahmen_nachbearbeitet, setup time: 20
2025-04-13 16:20:03,232 - JSPGymEnvironment - INFO - Executed operation: Job J14, Op 4, Machine M2, Start: 3735.0, End: 3764.0, Setup: 20
2025-04-13 16:20:03,275 - JSPGymEnvironment - INFO - Material change on machine M2: Citybike_Rahmen_nachbearbeitet -> Racebike_Schaltauge_bearbeitet, setup time: 20
2025-04-13 16:20:03,275 - JSPGymEnvironment - INFO - Executed operation: Job J1, Op 1, Machine M2, Start: 3784.0, End: 3800.0, Setup: 20
2025-04-13 16:20:03,553 - JSPGymEnvironment - INFO - Material change on machine M3: Racebike_Antrieb_installiert -> Citybike_Fahrrad_endmontiert, setup time: 15
2025-04-13 16:20:03,553 - JSPGymEnvironment - INFO - Executed operation: Job J17, Op 4, Machine M3, Start: 3815.0, End: 3865.0, Setup: 15
2025-04-13 16:20:03,603 - JSPGymEnvironment - INFO - Material change on machine M3: Citybike_Fahrrad_endmontiert -> Racebike_Antrieb_installiert, setup time: 15
2025-04-13 16:20:03,603 - JSPGymEnvironment - INFO - Executed operation: Job J7, Op 2, Machine M3, Start: 3880.0, End: 3904.0, Setup: 15
2025-04-13 16:20:03,650 - JSPGymEnvironment - INFO - Material change on machine M3: Racebike_Antrieb_installiert -> Citybike_Fahrrad_endmontiert, setup time: 15
2025-04-13 16:20:03,650 - JSPGymEnvironment - INFO - Executed operation: Job J17, Op 5, Machine M3, Start: 3919.0, End: 3978.0, Setup: 15
2025-04-13 16:20:03,691 - JSPGymEnvironment - INFO - Material change on machine M2: Racebike_Schaltauge_bearbeitet -> Citybike_Bremsaufnahme_gebohrt, setup time: 20
2025-04-13 16:20:03,691 - JSPGymEnvironment - INFO - Executed operation: Job J9, Op 3, Machine M2, Start: 3998.0, End: 4021.0, Setup: 20
2025-04-13 16:20:03,728 - JSPGymEnvironment - INFO - Material change on machine M2: Citybike_Bremsaufnahme_gebohrt -> Citybike_Rahmen_nachbearbeitet, setup time: 20
2025-04-13 16:20:03,729 - JSPGymEnvironment - INFO - Executed operation: Job J14, Op 5, Machine M2, Start: 4041.0, End: 4071.0, Setup: 20
2025-04-13 16:20:03,763 - JSPGymEnvironment - INFO - Executed operation: Job J14, Op 6, Machine M2, Start: 4086.0, End: 4110.0, Setup: 15
2025-04-13 16:20:03,802 - JSPGymEnvironment - INFO - Material change on machine M2: Citybike_Rahmen_nachbearbeitet -> Racebike_Bremsaufnahme_gebohrt, setup time: 20
2025-04-13 16:20:03,802 - JSPGymEnvironment - INFO - Executed operation: Job J16, Op 3, Machine M2, Start: 4130.0, End: 4153.0, Setup: 20
2025-04-13 16:20:03,839 - JSPGymEnvironment - INFO - Material change on machine M2: Racebike_Bremsaufnahme_gebohrt -> Mountainbike_Schaltauge_bearbeitet, setup time: 20
2025-04-13 16:20:03,840 - JSPGymEnvironment - INFO - Executed operation: Job J18, Op 1, Machine M2, Start: 4173.0, End: 4193.0, Setup: 20
2025-04-13 16:20:03,876 - JSPGymEnvironment - INFO - Executed operation: Job J15, Op 0, Machine M1, Start: 4218.0, End: 4241.0, Setup: 25
2025-04-13 16:20:03,914 - JSPGymEnvironment - INFO - Material change on machine M2: Mountainbike_Schaltauge_bearbeitet -> Racebike_Bremsaufnahme_gebohrt, setup time: 20
2025-04-13 16:20:03,915 - JSPGymEnvironment - INFO - Executed operation: Job J7, Op 3, Machine M2, Start: 4261.0, End: 4284.0, Setup: 20
2025-04-13 16:20:03,950 - JSPGymEnvironment - INFO - Executed operation: Job J17, Op 6, Machine M3, Start: 4294.0, End: 4319.0, Setup: 10
2025-04-13 16:20:03,951 - JSPGymEnvironment - INFO - Job J17 completed at time 4319.0, deadline: 2880, met: False, priority: 6
2025-04-13 16:20:03,987 - JSPGymEnvironment - INFO - Executed operation: Job J10, Op 3, Machine M2, Start: 4334.0, End: 4356.0, Setup: 15
2025-04-13 16:20:04,023 - JSPGymEnvironment - INFO - Material change on machine M2: Racebike_Bremsaufnahme_gebohrt -> Citybike_Rahmen_nachbearbeitet, setup time: 20
2025-04-13 16:20:04,023 - JSPGymEnvironment - INFO - Executed operation: Job J2, Op 4, Machine M2, Start: 4376.0, End: 4400.0, Setup: 20
2025-04-13 16:20:04,063 - JSPGymEnvironment - INFO - Material change on machine M3: Citybike_Fahrrad_endmontiert -> Mountainbike_Antrieb_installiert, setup time: 15
2025-04-13 16:20:04,064 - JSPGymEnvironment - INFO - Executed operation: Job J18, Op 2, Machine M3, Start: 4415.0, End: 4444.0, Setup: 15
2025-04-13 16:20:04,693 - JSPGymEnvironment - INFO - Material change on machine M2: Citybike_Rahmen_nachbearbeitet -> Mountainbike_Schaltauge_bearbeitet, setup time: 20
2025-04-13 16:20:04,693 - JSPGymEnvironment - INFO - Executed operation: Job J5, Op 1, Machine M2, Start: 4464.0, End: 4479.0, Setup: 20
2025-04-13 16:20:04,771 - JSPGymEnvironment - INFO - Executed operation: Job J12, Op 2, Machine M3, Start: 4489.0, End: 4534.0, Setup: 10
2025-04-13 16:20:04,854 - JSPGymEnvironment - INFO - Material change on machine M2: Mountainbike_Schaltauge_bearbeitet -> Citybike_Rahmen_nachbearbeitet, setup time: 20
2025-04-13 16:20:04,854 - JSPGymEnvironment - INFO - Executed operation: Job J9, Op 4, Machine M2, Start: 4554.0, End: 4566.0, Setup: 20
2025-04-13 16:20:04,939 - JSPGymEnvironment - INFO - Material change on machine M2: Citybike_Rahmen_nachbearbeitet -> Mountainbike_Bremsaufnahme_gebohrt, setup time: 20
2025-04-13 16:20:04,939 - JSPGymEnvironment - INFO - Executed operation: Job J12, Op 3, Machine M2, Start: 4586.0, End: 4612.0, Setup: 20
2025-04-13 16:20:05,006 - JSPGymEnvironment - INFO - Material change on machine M2: Mountainbike_Bremsaufnahme_gebohrt -> Racebike_Rahmen_nachbearbeitet, setup time: 20
2025-04-13 16:20:05,006 - JSPGymEnvironment - INFO - Executed operation: Job J16, Op 4, Machine M2, Start: 4632.0, End: 4646.0, Setup: 20
2025-04-13 16:20:05,073 - JSPGymEnvironment - INFO - Executed operation: Job J10, Op 4, Machine M2, Start: 4661.0, End: 4672.0, Setup: 15
2025-04-13 16:20:05,127 - JSPGymEnvironment - INFO - Material change on machine M2: Racebike_Rahmen_nachbearbeitet -> Mountainbike_Rahmen_nachbearbeitet, setup time: 20
2025-04-13 16:20:05,128 - JSPGymEnvironment - INFO - Executed operation: Job J12, Op 4, Machine M2, Start: 4692.0, End: 4720.0, Setup: 20
2025-04-13 16:20:05,254 - JSPGymEnvironment - INFO - Material change on machine M2: Mountainbike_Rahmen_nachbearbeitet -> Racebike_Rahmen_nachbearbeitet, setup time: 20
2025-04-13 16:20:05,256 - JSPGymEnvironment - INFO - Executed operation: Job J7, Op 4, Machine M2, Start: 4740.0, End: 4766.0, Setup: 20
2025-04-13 16:20:05,340 - JSPGymEnvironment - INFO - Material change on machine M2: Racebike_Rahmen_nachbearbeitet -> Mountainbike_Rahmen_nachbearbeitet, setup time: 20
2025-04-13 16:20:05,351 - JSPGymEnvironment - INFO - Executed operation: Job J12, Op 5, Machine M2, Start: 4786.0, End: 4814.0, Setup: 20
2025-04-13 16:20:05,417 - JSPGymEnvironment - INFO - Material change on machine M3: Mountainbike_Antrieb_installiert -> Racebike_Antrieb_installiert, setup time: 15
2025-04-13 16:20:05,418 - JSPGymEnvironment - INFO - Executed operation: Job J6, Op 2, Machine M3, Start: 4829.0, End: 4867.0, Setup: 15
2025-04-13 16:20:05,470 - JSPGymEnvironment - INFO - Material change on machine M3: Racebike_Antrieb_installiert -> Mountainbike_Bremsen_justiert, setup time: 15
2025-04-13 16:20:05,471 - JSPGymEnvironment - INFO - Executed operation: Job J18, Op 3, Machine M3, Start: 4882.0, End: 4937.0, Setup: 15
2025-04-13 16:20:05,533 - JSPGymEnvironment - INFO - Material change on machine M2: Mountainbike_Rahmen_nachbearbeitet -> Racebike_Schaltauge_bearbeitet, setup time: 20
2025-04-13 16:20:05,533 - JSPGymEnvironment - INFO - Executed operation: Job J15, Op 1, Machine M2, Start: 4957.0, End: 4970.0, Setup: 20
2025-04-13 16:20:05,590 - JSPGymEnvironment - INFO - Material change on machine M2: Racebike_Schaltauge_bearbeitet -> Mountainbike_Fahrrad_endmontiert, setup time: 20
2025-04-13 16:20:05,590 - JSPGymEnvironment - INFO - Executed operation: Job J12, Op 6, Machine M2, Start: 4990.0, End: 5012.0, Setup: 20
2025-04-13 16:20:05,591 - JSPGymEnvironment - INFO - Job J12 completed at time 5012.0, deadline: 2863, met: False, priority: 2
2025-04-13 16:20:06,005 - JSPGymEnvironment - INFO - Material change on machine M3: Mountainbike_Bremsen_justiert -> Citybike_Fahrrad_endmontiert, setup time: 15
2025-04-13 16:20:06,006 - JSPGymEnvironment - INFO - Executed operation: Job J9, Op 5, Machine M3, Start: 5027.0, End: 5078.0, Setup: 15
2025-04-13 16:20:06,110 - JSPGymEnvironment - INFO - Executed operation: Job J9, Op 6, Machine M3, Start: 5088.0, End: 5111.0, Setup: 10
2025-04-13 16:20:06,110 - JSPGymEnvironment - INFO - Job J9 completed at time 5111.0, deadline: 2880, met: False, priority: 8
2025-04-13 16:20:06,171 - JSPGymEnvironment - INFO - Material change on machine M2: Mountainbike_Fahrrad_endmontiert -> Racebike_Rahmen_nachbearbeitet, setup time: 20
2025-04-13 16:20:06,171 - JSPGymEnvironment - INFO - Executed operation: Job J7, Op 5, Machine M2, Start: 5131.0, End: 5149.0, Setup: 20
2025-04-13 16:20:06,253 - JSPGymEnvironment - INFO - Material change on machine M2: Racebike_Rahmen_nachbearbeitet -> Mountainbike_Fahrrad_endmontiert, setup time: 20
2025-04-13 16:20:06,253 - JSPGymEnvironment - INFO - Executed operation: Job J18, Op 4, Machine M2, Start: 5169.0, End: 5182.0, Setup: 20
2025-04-13 16:20:06,254 - JSPGymEnvironment - INFO - Job J18 completed at time 5182.0, deadline: 2880, met: False, priority: 6
2025-04-13 16:20:06,303 - JSPGymEnvironment - INFO - Material change on machine M2: Mountainbike_Fahrrad_endmontiert -> Citybike_Fahrrad_endmontiert, setup time: 20
2025-04-13 16:20:06,304 - JSPGymEnvironment - INFO - Executed operation: Job J14, Op 7, Machine M2, Start: 5202.0, End: 5223.0, Setup: 20
2025-04-13 16:20:06,304 - JSPGymEnvironment - INFO - Job J14 completed at time 5223.0, deadline: 2880, met: False, priority: 3
2025-04-13 16:20:06,349 - JSPGymEnvironment - INFO - Executed operation: Job J2, Op 5, Machine M3, Start: 5233.0, End: 5254.0, Setup: 10
2025-04-13 16:20:06,349 - JSPGymEnvironment - INFO - Job J2 completed at time 5254.0, deadline: 2880, met: False, priority: 3
2025-04-13 16:20:06,396 - JSPGymEnvironment - INFO - Material change on machine M3: Citybike_Fahrrad_endmontiert -> Racebike_Antrieb_installiert, setup time: 15
2025-04-13 16:20:06,396 - JSPGymEnvironment - INFO - Executed operation: Job J1, Op 2, Machine M3, Start: 5269.0, End: 5305.0, Setup: 15
2025-04-13 16:20:06,450 - JSPGymEnvironment - INFO - Material change on machine M3: Racebike_Antrieb_installiert -> Racebike_Bremsen_justiert, setup time: 15
2025-04-13 16:20:06,451 - JSPGymEnvironment - INFO - Executed operation: Job J6, Op 3, Machine M3, Start: 5320.0, End: 5378.0, Setup: 15
2025-04-13 16:20:06,505 - JSPGymEnvironment - INFO - Material change on machine M2: Citybike_Fahrrad_endmontiert -> Racebike_Rahmen_nachbearbeitet, setup time: 20
2025-04-13 16:20:06,506 - JSPGymEnvironment - INFO - Executed operation: Job J7, Op 6, Machine M2, Start: 5398.0, End: 5413.0, Setup: 20
2025-04-13 16:20:06,550 - JSPGymEnvironment - INFO - Executed operation: Job J10, Op 5, Machine M2, Start: 5428.0, End: 5446.0, Setup: 15
2025-04-13 16:20:06,598 - JSPGymEnvironment - INFO - Executed operation: Job J10, Op 6, Machine M2, Start: 5461.0, End: 5472.0, Setup: 15
2025-04-13 16:20:06,647 - JSPGymEnvironment - INFO - Material change on machine M2: Racebike_Rahmen_nachbearbeitet -> Racebike_Fahrrad_endmontiert, setup time: 20
2025-04-13 16:20:06,647 - JSPGymEnvironment - INFO - Executed operation: Job J7, Op 7, Machine M2, Start: 5492.0, End: 5517.0, Setup: 20
2025-04-13 16:20:06,647 - JSPGymEnvironment - INFO - Job J7 completed at time 5517.0, deadline: 2880, met: False, priority: 9
2025-04-13 16:20:06,699 - JSPGymEnvironment - INFO - Executed operation: Job J10, Op 7, Machine M2, Start: 5532.0, End: 5544.0, Setup: 15
2025-04-13 16:20:06,699 - JSPGymEnvironment - INFO - Job J10 completed at time 5544.0, deadline: 2880, met: False, priority: 9
2025-04-13 16:20:06,744 - JSPGymEnvironment - INFO - Material change on machine M2: Racebike_Fahrrad_endmontiert -> Racebike_Bremsaufnahme_gebohrt, setup time: 20
2025-04-13 16:20:06,744 - JSPGymEnvironment - INFO - Executed operation: Job J1, Op 3, Machine M2, Start: 5564.0, End: 5582.0, Setup: 20
2025-04-13 16:20:06,793 - JSPGymEnvironment - INFO - Material change on machine M2: Racebike_Bremsaufnahme_gebohrt -> Racebike_Rahmen_nachbearbeitet, setup time: 20
2025-04-13 16:20:06,793 - JSPGymEnvironment - INFO - Executed operation: Job J1, Op 4, Machine M2, Start: 5602.0, End: 5624.0, Setup: 20
2025-04-13 16:20:07,175 - JSPGymEnvironment - INFO - Material change on machine M3: Racebike_Bremsen_justiert -> Racebike_Fahrrad_endmontiert, setup time: 15
2025-04-13 16:20:07,175 - JSPGymEnvironment - INFO - Executed operation: Job J6, Op 4, Machine M3, Start: 5639.0, End: 5680.0, Setup: 15
2025-04-13 16:20:07,175 - JSPGymEnvironment - INFO - Job J6 completed at time 5680.0, deadline: 2880, met: False, priority: 10
2025-04-13 16:20:07,240 - JSPGymEnvironment - INFO - Material change on machine M3: Racebike_Fahrrad_endmontiert -> Mountainbike_Antrieb_installiert, setup time: 15
2025-04-13 16:20:07,240 - JSPGymEnvironment - INFO - Executed operation: Job J5, Op 2, Machine M3, Start: 5695.0, End: 5720.0, Setup: 15
2025-04-13 16:20:07,291 - JSPGymEnvironment - INFO - Material change on machine M3: Mountainbike_Antrieb_installiert -> Racebike_Antrieb_installiert, setup time: 15
2025-04-13 16:20:07,291 - JSPGymEnvironment - INFO - Executed operation: Job J15, Op 2, Machine M3, Start: 5735.0, End: 5770.0, Setup: 15
2025-04-13 16:20:07,345 - JSPGymEnvironment - INFO - Material change on machine M2: Racebike_Rahmen_nachbearbeitet -> Racebike_Fahrrad_endmontiert, setup time: 20
2025-04-13 16:20:07,345 - JSPGymEnvironment - INFO - Executed operation: Job J16, Op 5, Machine M2, Start: 5790.0, End: 5820.0, Setup: 20
2025-04-13 16:20:07,345 - JSPGymEnvironment - INFO - Job J16 completed at time 5820.0, deadline: 2855, met: False, priority: 7
2025-04-13 16:20:07,401 - JSPGymEnvironment - INFO - Executed operation: Job J1, Op 5, Machine M2, Start: 5835.0, End: 5847.0, Setup: 15
2025-04-13 16:20:07,401 - JSPGymEnvironment - INFO - Job J1 completed at time 5847.0, deadline: 2790, met: False, priority: 7
2025-04-13 16:20:07,463 - JSPGymEnvironment - INFO - Material change on machine M3: Racebike_Antrieb_installiert -> Racebike_Bremsen_justiert, setup time: 15
2025-04-13 16:20:07,463 - JSPGymEnvironment - INFO - Executed operation: Job J15, Op 3, Machine M3, Start: 5862.0, End: 5889.0, Setup: 15
2025-04-13 16:20:07,528 - JSPGymEnvironment - INFO - Material change on machine M2: Racebike_Fahrrad_endmontiert -> Racebike_Rahmen_nachbearbeitet, setup time: 20
2025-04-13 16:20:07,528 - JSPGymEnvironment - INFO - Executed operation: Job J15, Op 4, Machine M2, Start: 5909.0, End: 5929.0, Setup: 20
2025-04-13 16:20:07,594 - JSPGymEnvironment - INFO - Material change on machine M2: Racebike_Rahmen_nachbearbeitet -> Mountainbike_Bremsaufnahme_gebohrt, setup time: 20
2025-04-13 16:20:07,594 - JSPGymEnvironment - INFO - Executed operation: Job J5, Op 3, Machine M2, Start: 5949.0, End: 5964.0, Setup: 20
2025-04-13 16:20:07,662 - JSPGymEnvironment - INFO - Material change on machine M2: Mountainbike_Bremsaufnahme_gebohrt -> Racebike_Rahmen_nachbearbeitet, setup time: 20
2025-04-13 16:20:07,662 - JSPGymEnvironment - INFO - Executed operation: Job J15, Op 5, Machine M2, Start: 5984.0, End: 6007.0, Setup: 20
2025-04-13 16:20:07,729 - JSPGymEnvironment - INFO - Material change on machine M3: Racebike_Bremsen_justiert -> Racebike_Fahrrad_endmontiert, setup time: 15
2025-04-13 16:20:07,729 - JSPGymEnvironment - INFO - Executed operation: Job J15, Op 6, Machine M3, Start: 6022.0, End: 6049.0, Setup: 15
2025-04-13 16:20:07,778 - JSPGymEnvironment - INFO - Executed operation: Job J15, Op 7, Machine M3, Start: 6059.0, End: 6105.0, Setup: 10
2025-04-13 16:20:07,778 - JSPGymEnvironment - INFO - Job J15 completed at time 6105.0, deadline: 2833, met: False, priority: 10
2025-04-13 16:20:07,829 - JSPGymEnvironment - INFO - Material change on machine M2: Racebike_Rahmen_nachbearbeitet -> Mountainbike_Rahmen_nachbearbeitet, setup time: 20
2025-04-13 16:20:07,829 - JSPGymEnvironment - INFO - Executed operation: Job J5, Op 4, Machine M2, Start: 6125.0, End: 6155.0, Setup: 20
2025-04-13 16:20:07,877 - JSPGymEnvironment - INFO - Material change on machine M2: Mountainbike_Rahmen_nachbearbeitet -> Mountainbike_Fahrrad_endmontiert, setup time: 20
2025-04-13 16:20:07,878 - JSPGymEnvironment - INFO - Executed operation: Job J5, Op 5, Machine M2, Start: 6175.0, End: 6197.0, Setup: 20
2025-04-13 16:20:07,878 - JSPGymEnvironment - INFO - Job J5 completed at time 6197.0, deadline: 2880, met: False, priority: 1
2025-04-13 16:20:07,880 - JSPGymEnvironment - INFO - Reward function updated with 64 insights
2025-04-13 16:20:07,880 - JSPGymEnvironment - INFO -   Material change on critical path at Job 4 Operation 0 on Machine M1 (Severity: 1.00)
2025-04-13 16:20:07,880 - JSPGymEnvironment - INFO -   Low priority (1) on critical path: Job 4 Operation 0 (Severity: 0.80)
2025-04-13 16:20:07,880 - JSPGymEnvironment - INFO -   Material change on critical path at Job 4 Operation 1 on Machine M2 (Severity: 1.00)
2025-04-13 16:20:07,880 - JSPGymEnvironment - INFO -   Low priority (1) on critical path: Job 4 Operation 1 (Severity: 0.80)
2025-04-13 16:20:07,880 - JSPGymEnvironment - INFO -   Material change on critical path at Job 4 Operation 2 on Machine M3 (Severity: 1.00)
2025-04-13 16:20:07,880 - JSPGymEnvironment - INFO -   Low priority (1) on critical path: Job 4 Operation 2 (Severity: 0.80)
2025-04-13 16:20:07,880 - JSPGymEnvironment - INFO -   Material change on critical path at Job 4 Operation 3 on Machine M2 (Severity: 1.00)
2025-04-13 16:20:07,880 - JSPGymEnvironment - INFO -   Low priority (1) on critical path: Job 4 Operation 3 (Severity: 0.80)
2025-04-13 16:20:07,880 - JSPGymEnvironment - INFO -   Material change on critical path at Job 4 Operation 4 on Machine M2 (Severity: 1.00)
2025-04-13 16:20:07,881 - JSPGymEnvironment - INFO -   Idle time on critical path before Job 4 Operation 4 on Machine M2 (Severity: 5.37)
2025-04-13 16:20:07,881 - JSPGymEnvironment - INFO -   Low priority (1) on critical path: Job 4 Operation 4 (Severity: 0.80)
2025-04-13 16:20:07,881 - JSPGymEnvironment - INFO -   Material change on critical path at Job 4 Operation 5 on Machine M2 (Severity: 1.00)
2025-04-13 16:20:07,881 - JSPGymEnvironment - INFO -   Idle time on critical path before Job 4 Operation 5 on Machine M2 (Severity: 0.91)
2025-04-13 16:20:07,881 - JSPGymEnvironment - INFO -   Low priority (1) on critical path: Job 4 Operation 5 (Severity: 0.80)
2025-04-13 16:20:07,881 - JSPGymEnvironment - INFO -   High priority (10) not on critical path: Job 5 Operation 0 (Severity: 1.00)
2025-04-13 16:20:07,881 - JSPGymEnvironment - INFO -   High priority (8) not on critical path: Job 8 Operation 0 (Severity: 0.33)
2025-04-13 16:20:07,881 - JSPGymEnvironment - INFO -   High priority (9) not on critical path: Job 9 Operation 0 (Severity: 0.67)
2025-04-13 16:20:07,881 - JSPGymEnvironment - INFO -   High priority (8) not on critical path: Job 18 Operation 0 (Severity: 0.33)
2025-04-13 16:20:07,881 - JSPGymEnvironment - INFO -   High priority (8) not on critical path: Job 8 Operation 1 (Severity: 0.33)
2025-04-13 16:20:07,881 - JSPGymEnvironment - INFO -   High priority (8) not on critical path: Job 18 Operation 1 (Severity: 0.33)
2025-04-13 16:20:07,881 - JSPGymEnvironment - INFO -   High priority (8) not on critical path: Job 2 Operation 0 (Severity: 0.33)
2025-04-13 16:20:07,881 - JSPGymEnvironment - INFO -   High priority (10) not on critical path: Job 5 Operation 1 (Severity: 1.00)
2025-04-13 16:20:07,882 - JSPGymEnvironment - INFO -   High priority (8) not on critical path: Job 2 Operation 1 (Severity: 0.33)
2025-04-13 16:20:07,882 - JSPGymEnvironment - INFO -   High priority (8) not on critical path: Job 18 Operation 2 (Severity: 0.33)
2025-04-13 16:20:07,882 - JSPGymEnvironment - INFO -   High priority (8) not on critical path: Job 18 Operation 3 (Severity: 0.33)
2025-04-13 16:20:07,882 - JSPGymEnvironment - INFO -   High priority (9) not on critical path: Job 6 Operation 0 (Severity: 0.67)
2025-04-13 16:20:07,882 - JSPGymEnvironment - INFO -   High priority (8) not on critical path: Job 2 Operation 2 (Severity: 0.33)
2025-04-13 16:20:07,882 - JSPGymEnvironment - INFO -   High priority (9) not on critical path: Job 9 Operation 1 (Severity: 0.67)
2025-04-13 16:20:07,882 - JSPGymEnvironment - INFO -   High priority (8) not on critical path: Job 2 Operation 3 (Severity: 0.33)
2025-04-13 16:20:07,882 - JSPGymEnvironment - INFO -   High priority (8) not on critical path: Job 2 Operation 4 (Severity: 0.33)
2025-04-13 16:20:07,882 - JSPGymEnvironment - INFO -   High priority (8) not on critical path: Job 18 Operation 4 (Severity: 0.33)
2025-04-13 16:20:07,882 - JSPGymEnvironment - INFO -   High priority (8) not on critical path: Job 2 Operation 5 (Severity: 0.33)
2025-04-13 16:20:07,882 - JSPGymEnvironment - INFO -   High priority (8) not on critical path: Job 18 Operation 5 (Severity: 0.33)
2025-04-13 16:20:07,882 - JSPGymEnvironment - INFO -   High priority (8) not on critical path: Job 18 Operation 6 (Severity: 0.33)
2025-04-13 16:20:07,882 - JSPGymEnvironment - INFO -   High priority (8) not on critical path: Job 8 Operation 2 (Severity: 0.33)
2025-04-13 16:20:07,883 - JSPGymEnvironment - INFO -   High priority (9) not on critical path: Job 6 Operation 1 (Severity: 0.67)
2025-04-13 16:20:07,883 - JSPGymEnvironment - INFO -   High priority (8) not on critical path: Job 2 Operation 6 (Severity: 0.33)
2025-04-13 16:20:07,883 - JSPGymEnvironment - INFO -   High priority (9) not on critical path: Job 9 Operation 2 (Severity: 0.67)
2025-04-13 16:20:07,883 - JSPGymEnvironment - INFO -   High priority (9) not on critical path: Job 6 Operation 2 (Severity: 0.67)
2025-04-13 16:20:07,883 - JSPGymEnvironment - INFO -   High priority (8) not on critical path: Job 8 Operation 3 (Severity: 0.33)
2025-04-13 16:20:07,883 - JSPGymEnvironment - INFO -   High priority (10) not on critical path: Job 14 Operation 0 (Severity: 1.00)
2025-04-13 16:20:07,883 - JSPGymEnvironment - INFO -   High priority (9) not on critical path: Job 6 Operation 3 (Severity: 0.67)
2025-04-13 16:20:07,883 - JSPGymEnvironment - INFO -   High priority (9) not on critical path: Job 9 Operation 3 (Severity: 0.67)
2025-04-13 16:20:07,883 - JSPGymEnvironment - INFO -   High priority (8) not on critical path: Job 8 Operation 4 (Severity: 0.33)
2025-04-13 16:20:07,883 - JSPGymEnvironment - INFO -   High priority (9) not on critical path: Job 9 Operation 4 (Severity: 0.67)
2025-04-13 16:20:07,883 - JSPGymEnvironment - INFO -   High priority (9) not on critical path: Job 6 Operation 4 (Severity: 0.67)
2025-04-13 16:20:07,883 - JSPGymEnvironment - INFO -   High priority (10) not on critical path: Job 5 Operation 2 (Severity: 1.00)
2025-04-13 16:20:07,883 - JSPGymEnvironment - INFO -   High priority (10) not on critical path: Job 14 Operation 1 (Severity: 1.00)
2025-04-13 16:20:07,883 - JSPGymEnvironment - INFO -   High priority (8) not on critical path: Job 8 Operation 5 (Severity: 0.33)
2025-04-13 16:20:07,884 - JSPGymEnvironment - INFO -   High priority (8) not on critical path: Job 8 Operation 6 (Severity: 0.33)
2025-04-13 16:20:07,884 - JSPGymEnvironment - INFO -   High priority (9) not on critical path: Job 6 Operation 5 (Severity: 0.67)
2025-04-13 16:20:07,884 - JSPGymEnvironment - INFO -   High priority (10) not on critical path: Job 5 Operation 3 (Severity: 1.00)
2025-04-13 16:20:07,884 - JSPGymEnvironment - INFO -   High priority (9) not on critical path: Job 6 Operation 6 (Severity: 0.67)
2025-04-13 16:20:07,884 - JSPGymEnvironment - INFO -   High priority (9) not on critical path: Job 9 Operation 5 (Severity: 0.67)
2025-04-13 16:20:07,884 - JSPGymEnvironment - INFO -   High priority (9) not on critical path: Job 9 Operation 6 (Severity: 0.67)
2025-04-13 16:20:07,884 - JSPGymEnvironment - INFO -   High priority (9) not on critical path: Job 6 Operation 7 (Severity: 0.67)
2025-04-13 16:20:07,884 - JSPGymEnvironment - INFO -   High priority (9) not on critical path: Job 9 Operation 7 (Severity: 0.67)
2025-04-13 16:20:07,884 - JSPGymEnvironment - INFO -   High priority (10) not on critical path: Job 5 Operation 4 (Severity: 1.00)
2025-04-13 16:20:07,884 - JSPGymEnvironment - INFO -   High priority (10) not on critical path: Job 14 Operation 2 (Severity: 1.00)
2025-04-13 16:20:07,884 - JSPGymEnvironment - INFO -   High priority (10) not on critical path: Job 14 Operation 3 (Severity: 1.00)
2025-04-13 16:20:07,884 - JSPGymEnvironment - INFO -   High priority (10) not on critical path: Job 14 Operation 4 (Severity: 1.00)
2025-04-13 16:20:07,884 - JSPGymEnvironment - INFO -   High priority (10) not on critical path: Job 14 Operation 5 (Severity: 1.00)
2025-04-13 16:20:07,884 - JSPGymEnvironment - INFO -   High priority (10) not on critical path: Job 14 Operation 6 (Severity: 1.00)
2025-04-13 16:20:07,884 - JSPGymEnvironment - INFO -   High priority (10) not on critical path: Job 14 Operation 7 (Severity: 1.00)
2025-04-13 16:20:07,884 - JSPGymEnvironment - INFO - Episode completed. Critical path: 6 operations, Suboptimal placements: 64
2025-04-13 16:20:07,885 - JSPGymEnvironment - INFO - Reward components: {'makespan_reward': -0.42, 'setup_reward': -10.0, 'idle_penalty': 0.0, 'deadline_reward': -5.758680555555555, 'priority_reward': 2.0, 'critical_job_reward': 0.0, 'global_progress_reward': 5.0, 'objective_reward': 0.0, 'placement_reward': 1.0, 'lookahead_reward': 0.0}
2025-04-13 16:21:35,361 - JSPGymEnvironment - INFO - Environment reset
2025-04-13 16:21:35,402 - JSPGymEnvironment - INFO - Material change on machine M1:  -> Racebike_Hauptrahmen_zugeschnitten, setup time: 0
2025-04-13 16:21:35,402 - JSPGymEnvironment - INFO - Executed operation: Job J7, Op 0, Machine M1, Start: 0.0, End: 35.0, Setup: 0
2025-04-13 16:21:35,442 - JSPGymEnvironment - INFO - Executed operation: Job J1, Op 0, Machine M1, Start: 60.0, End: 100.0, Setup: 25
2025-04-13 16:21:35,477 - JSPGymEnvironment - INFO - Material change on machine M2:  -> Racebike_Schaltauge_bearbeitet, setup time: 0
2025-04-13 16:21:35,477 - JSPGymEnvironment - INFO - Executed operation: Job J1, Op 1, Machine M2, Start: 100.0, End: 116.0, Setup: 0
2025-04-13 16:21:35,746 - JSPGymEnvironment - INFO - Executed operation: Job J15, Op 0, Machine M1, Start: 141.0, End: 164.0, Setup: 25
2025-04-13 16:21:35,781 - JSPGymEnvironment - INFO - Material change on machine M1: Racebike_Hauptrahmen_zugeschnitten -> Citybike_Hauptrahmen_zugeschnitten, setup time: 40
2025-04-13 16:21:35,782 - JSPGymEnvironment - INFO - Executed operation: Job J14, Op 0, Machine M1, Start: 204.0, End: 222.0, Setup: 40
2025-04-13 16:21:35,817 - JSPGymEnvironment - INFO - Executed operation: Job J8, Op 0, Machine M1, Start: 247.0, End: 266.0, Setup: 25
2025-04-13 16:21:35,856 - JSPGymEnvironment - INFO - Material change on machine M1: Citybike_Hauptrahmen_zugeschnitten -> Mountainbike_Hauptrahmen_zugeschnitten, setup time: 40
2025-04-13 16:21:35,856 - JSPGymEnvironment - INFO - Executed operation: Job J18, Op 0, Machine M1, Start: 306.0, End: 328.0, Setup: 40
2025-04-13 16:21:35,893 - JSPGymEnvironment - INFO - Material change on machine M2: Racebike_Schaltauge_bearbeitet -> Citybike_Schaltauge_bearbeitet, setup time: 20
2025-04-13 16:21:35,893 - JSPGymEnvironment - INFO - Executed operation: Job J14, Op 1, Machine M2, Start: 348.0, End: 364.0, Setup: 20
2025-04-13 16:21:35,930 - JSPGymEnvironment - INFO - Material change on machine M2: Citybike_Schaltauge_bearbeitet -> Mountainbike_Schaltauge_bearbeitet, setup time: 20
2025-04-13 16:21:35,930 - JSPGymEnvironment - INFO - Executed operation: Job J18, Op 1, Machine M2, Start: 384.0, End: 404.0, Setup: 20
2025-04-13 16:21:35,965 - JSPGymEnvironment - INFO - Material change on machine M3:  -> Citybike_Antrieb_installiert, setup time: 0
2025-04-13 16:21:35,965 - JSPGymEnvironment - INFO - Executed operation: Job J14, Op 2, Machine M3, Start: 404.0, End: 426.0, Setup: 0
2025-04-13 16:21:36,002 - JSPGymEnvironment - INFO - Material change on machine M2: Mountainbike_Schaltauge_bearbeitet -> Citybike_Schaltauge_bearbeitet, setup time: 20
2025-04-13 16:21:36,002 - JSPGymEnvironment - INFO - Executed operation: Job J8, Op 1, Machine M2, Start: 446.0, End: 459.0, Setup: 20
2025-04-13 16:21:36,037 - JSPGymEnvironment - INFO - Material change on machine M3: Citybike_Antrieb_installiert -> Racebike_Antrieb_installiert, setup time: 15
2025-04-13 16:21:36,037 - JSPGymEnvironment - INFO - Executed operation: Job J1, Op 2, Machine M3, Start: 474.0, End: 510.0, Setup: 15
2025-04-13 16:21:36,075 - JSPGymEnvironment - INFO - Executed operation: Job J12, Op 0, Machine M1, Start: 535.0, End: 566.0, Setup: 25
2025-04-13 16:21:36,112 - JSPGymEnvironment - INFO - Material change on machine M2: Citybike_Schaltauge_bearbeitet -> Racebike_Bremsaufnahme_gebohrt, setup time: 20
2025-04-13 16:21:36,112 - JSPGymEnvironment - INFO - Executed operation: Job J1, Op 3, Machine M2, Start: 586.0, End: 604.0, Setup: 20
2025-04-13 16:21:36,147 - JSPGymEnvironment - INFO - Material change on machine M1: Mountainbike_Hauptrahmen_zugeschnitten -> E-Bike_Hauptrahmen_zugeschnitten, setup time: 40
2025-04-13 16:21:36,147 - JSPGymEnvironment - INFO - Executed operation: Job J19, Op 0, Machine M1, Start: 644.0, End: 659.0, Setup: 40
2025-04-13 16:21:36,183 - JSPGymEnvironment - INFO - Material change on machine M2: Racebike_Bremsaufnahme_gebohrt -> E-Bike_Schaltauge_bearbeitet, setup time: 20
2025-04-13 16:21:36,184 - JSPGymEnvironment - INFO - Executed operation: Job J19, Op 1, Machine M2, Start: 679.0, End: 709.0, Setup: 20
2025-04-13 16:21:36,219 - JSPGymEnvironment - INFO - Material change on machine M2: E-Bike_Schaltauge_bearbeitet -> Racebike_Schaltauge_bearbeitet, setup time: 20
2025-04-13 16:21:36,219 - JSPGymEnvironment - INFO - Executed operation: Job J15, Op 1, Machine M2, Start: 729.0, End: 742.0, Setup: 20
2025-04-13 16:21:36,256 - JSPGymEnvironment - INFO - Material change on machine M2: Racebike_Schaltauge_bearbeitet -> Mountainbike_Schaltauge_bearbeitet, setup time: 20
2025-04-13 16:21:36,256 - JSPGymEnvironment - INFO - Executed operation: Job J12, Op 1, Machine M2, Start: 762.0, End: 784.0, Setup: 20
2025-04-13 16:21:36,498 - JSPGymEnvironment - INFO - Material change on machine M2: Mountainbike_Schaltauge_bearbeitet -> Racebike_Schaltauge_bearbeitet, setup time: 20
2025-04-13 16:21:36,498 - JSPGymEnvironment - INFO - Executed operation: Job J7, Op 1, Machine M2, Start: 804.0, End: 827.0, Setup: 20
2025-04-13 16:21:36,532 - JSPGymEnvironment - INFO - Material change on machine M3: Racebike_Antrieb_installiert -> Mountainbike_Antrieb_installiert, setup time: 15
2025-04-13 16:21:36,533 - JSPGymEnvironment - INFO - Executed operation: Job J18, Op 2, Machine M3, Start: 842.0, End: 871.0, Setup: 15
2025-04-13 16:21:36,568 - JSPGymEnvironment - INFO - Material change on machine M2: Racebike_Schaltauge_bearbeitet -> Racebike_Rahmen_nachbearbeitet, setup time: 20
2025-04-13 16:21:36,568 - JSPGymEnvironment - INFO - Executed operation: Job J1, Op 4, Machine M2, Start: 891.0, End: 913.0, Setup: 20
2025-04-13 16:21:36,604 - JSPGymEnvironment - INFO - Material change on machine M3: Mountainbike_Antrieb_installiert -> Racebike_Antrieb_installiert, setup time: 15
2025-04-13 16:21:36,604 - JSPGymEnvironment - INFO - Executed operation: Job J15, Op 2, Machine M3, Start: 928.0, End: 963.0, Setup: 15
2025-04-13 16:21:36,640 - JSPGymEnvironment - INFO - Material change on machine M3: Racebike_Antrieb_installiert -> Racebike_Bremsen_justiert, setup time: 15
2025-04-13 16:21:36,640 - JSPGymEnvironment - INFO - Executed operation: Job J15, Op 3, Machine M3, Start: 978.0, End: 1005.0, Setup: 15
2025-04-13 16:21:36,675 - JSPGymEnvironment - INFO - Material change on machine M3: Racebike_Bremsen_justiert -> Racebike_Antrieb_installiert, setup time: 15
2025-04-13 16:21:36,676 - JSPGymEnvironment - INFO - Executed operation: Job J7, Op 2, Machine M3, Start: 1020.0, End: 1044.0, Setup: 15
2025-04-13 16:21:36,712 - JSPGymEnvironment - INFO - Material change on machine M2: Racebike_Rahmen_nachbearbeitet -> Racebike_Bremsaufnahme_gebohrt, setup time: 20
2025-04-13 16:21:36,712 - JSPGymEnvironment - INFO - Executed operation: Job J7, Op 3, Machine M2, Start: 1064.0, End: 1087.0, Setup: 20
2025-04-13 16:21:36,749 - JSPGymEnvironment - INFO - Executed operation: Job J13, Op 0, Machine M1, Start: 1112.0, End: 1153.0, Setup: 25
2025-04-13 16:21:36,792 - JSPGymEnvironment - INFO - Material change on machine M1: E-Bike_Hauptrahmen_zugeschnitten -> Citybike_Hauptrahmen_zugeschnitten, setup time: 40
2025-04-13 16:21:36,792 - JSPGymEnvironment - INFO - Executed operation: Job J11, Op 0, Machine M1, Start: 1193.0, End: 1224.0, Setup: 40
2025-04-13 16:21:36,833 - JSPGymEnvironment - INFO - Material change on machine M1: Citybike_Hauptrahmen_zugeschnitten -> Racebike_Hauptrahmen_zugeschnitten, setup time: 40
2025-04-13 16:21:36,834 - JSPGymEnvironment - INFO - Executed operation: Job J4, Op 0, Machine M1, Start: 1264.0, End: 1289.0, Setup: 40
2025-04-13 16:21:36,874 - JSPGymEnvironment - INFO - Material change on machine M1: Racebike_Hauptrahmen_zugeschnitten -> E-Bike_Hauptrahmen_zugeschnitten, setup time: 40
2025-04-13 16:21:36,874 - JSPGymEnvironment - INFO - Executed operation: Job J3, Op 0, Machine M1, Start: 1329.0, End: 1363.0, Setup: 40
2025-04-13 16:21:36,915 - JSPGymEnvironment - INFO - Material change on machine M3: Racebike_Antrieb_installiert -> Mountainbike_Bremsen_justiert, setup time: 15
2025-04-13 16:21:36,915 - JSPGymEnvironment - INFO - Executed operation: Job J18, Op 3, Machine M3, Start: 1378.0, End: 1433.0, Setup: 15
2025-04-13 16:21:36,958 - JSPGymEnvironment - INFO - Material change on machine M2: Racebike_Bremsaufnahme_gebohrt -> Racebike_Rahmen_nachbearbeitet, setup time: 20
2025-04-13 16:21:36,958 - JSPGymEnvironment - INFO - Executed operation: Job J7, Op 4, Machine M2, Start: 1453.0, End: 1479.0, Setup: 20
2025-04-13 16:21:36,992 - JSPGymEnvironment - INFO - Executed operation: Job J15, Op 4, Machine M2, Start: 1494.0, End: 1514.0, Setup: 15
2025-04-13 16:21:37,236 - JSPGymEnvironment - INFO - Material change on machine M3: Mountainbike_Bremsen_justiert -> Mountainbike_Antrieb_installiert, setup time: 15
2025-04-13 16:21:37,236 - JSPGymEnvironment - INFO - Executed operation: Job J12, Op 2, Machine M3, Start: 1529.0, End: 1574.0, Setup: 15
2025-04-13 16:21:37,272 - JSPGymEnvironment - INFO - Material change on machine M2: Racebike_Rahmen_nachbearbeitet -> Mountainbike_Bremsaufnahme_gebohrt, setup time: 20
2025-04-13 16:21:37,272 - JSPGymEnvironment - INFO - Executed operation: Job J12, Op 3, Machine M2, Start: 1594.0, End: 1620.0, Setup: 20
2025-04-13 16:21:37,308 - JSPGymEnvironment - INFO - Material change on machine M2: Mountainbike_Bremsaufnahme_gebohrt -> Racebike_Schaltauge_bearbeitet, setup time: 20
2025-04-13 16:21:37,308 - JSPGymEnvironment - INFO - Executed operation: Job J4, Op 1, Machine M2, Start: 1640.0, End: 1655.0, Setup: 20
2025-04-13 16:21:37,341 - JSPGymEnvironment - INFO - Material change on machine M3: Mountainbike_Antrieb_installiert -> E-Bike_Antrieb_installiert, setup time: 15
2025-04-13 16:21:37,341 - JSPGymEnvironment - INFO - Executed operation: Job J19, Op 2, Machine M3, Start: 1670.0, End: 1692.0, Setup: 15
2025-04-13 16:21:37,376 - JSPGymEnvironment - INFO - Material change on machine M1: E-Bike_Hauptrahmen_zugeschnitten -> Mountainbike_Hauptrahmen_zugeschnitten, setup time: 40
2025-04-13 16:21:37,376 - JSPGymEnvironment - INFO - Executed operation: Job J20, Op 0, Machine M1, Start: 1732.0, End: 1751.0, Setup: 40
2025-04-13 16:21:37,413 - JSPGymEnvironment - INFO - Material change on machine M2: Racebike_Schaltauge_bearbeitet -> Racebike_Rahmen_nachbearbeitet, setup time: 20
2025-04-13 16:21:37,413 - JSPGymEnvironment - INFO - Executed operation: Job J7, Op 5, Machine M2, Start: 1771.0, End: 1789.0, Setup: 20
2025-04-13 16:21:37,448 - JSPGymEnvironment - INFO - Material change on machine M2: Racebike_Rahmen_nachbearbeitet -> E-Bike_Bremsaufnahme_gebohrt, setup time: 20
2025-04-13 16:21:37,448 - JSPGymEnvironment - INFO - Executed operation: Job J19, Op 3, Machine M2, Start: 1809.0, End: 1822.0, Setup: 20
2025-04-13 16:21:37,482 - JSPGymEnvironment - INFO - Material change on machine M2: E-Bike_Bremsaufnahme_gebohrt -> Racebike_Rahmen_nachbearbeitet, setup time: 20
2025-04-13 16:21:37,483 - JSPGymEnvironment - INFO - Executed operation: Job J7, Op 6, Machine M2, Start: 1842.0, End: 1857.0, Setup: 20
2025-04-13 16:21:37,516 - JSPGymEnvironment - INFO - Material change on machine M2: Racebike_Rahmen_nachbearbeitet -> Citybike_Bremsaufnahme_gebohrt, setup time: 20
2025-04-13 16:21:37,517 - JSPGymEnvironment - INFO - Executed operation: Job J14, Op 3, Machine M2, Start: 1877.0, End: 1895.0, Setup: 20
2025-04-13 16:21:37,552 - JSPGymEnvironment - INFO - Material change on machine M2: Citybike_Bremsaufnahme_gebohrt -> Racebike_Rahmen_nachbearbeitet, setup time: 20
2025-04-13 16:21:37,552 - JSPGymEnvironment - INFO - Executed operation: Job J15, Op 5, Machine M2, Start: 1915.0, End: 1938.0, Setup: 20
2025-04-13 16:21:37,587 - JSPGymEnvironment - INFO - Material change on machine M2: Racebike_Rahmen_nachbearbeitet -> Mountainbike_Schaltauge_bearbeitet, setup time: 20
2025-04-13 16:21:37,588 - JSPGymEnvironment - INFO - Executed operation: Job J20, Op 1, Machine M2, Start: 1958.0, End: 1983.0, Setup: 20
2025-04-13 16:21:37,622 - JSPGymEnvironment - INFO - Material change on machine M2: Mountainbike_Schaltauge_bearbeitet -> Racebike_Fahrrad_endmontiert, setup time: 20
2025-04-13 16:21:37,622 - JSPGymEnvironment - INFO - Executed operation: Job J7, Op 7, Machine M2, Start: 2003.0, End: 2028.0, Setup: 20
2025-04-13 16:21:37,622 - JSPGymEnvironment - INFO - Job J7 completed at time 2028.0, deadline: 2880, met: True, priority: 9
2025-04-13 16:21:37,656 - JSPGymEnvironment - INFO - Material change on machine M2: Racebike_Fahrrad_endmontiert -> Mountainbike_Fahrrad_endmontiert, setup time: 20
2025-04-13 16:21:37,656 - JSPGymEnvironment - INFO - Executed operation: Job J18, Op 4, Machine M2, Start: 2048.0, End: 2061.0, Setup: 20
2025-04-13 16:21:37,656 - JSPGymEnvironment - INFO - Job J18 completed at time 2061.0, deadline: 2880, met: True, priority: 6
2025-04-13 16:21:37,691 - JSPGymEnvironment - INFO - Material change on machine M3: E-Bike_Antrieb_installiert -> Citybike_Antrieb_installiert, setup time: 15
2025-04-13 16:21:37,692 - JSPGymEnvironment - INFO - Executed operation: Job J8, Op 2, Machine M3, Start: 2076.0, End: 2130.0, Setup: 15
2025-04-13 16:21:37,928 - JSPGymEnvironment - INFO - Material change on machine M2: Mountainbike_Fahrrad_endmontiert -> Mountainbike_Rahmen_nachbearbeitet, setup time: 20
2025-04-13 16:21:37,928 - JSPGymEnvironment - INFO - Executed operation: Job J12, Op 4, Machine M2, Start: 2150.0, End: 2178.0, Setup: 20
2025-04-13 16:21:37,964 - JSPGymEnvironment - INFO - Executed operation: Job J12, Op 5, Machine M2, Start: 2193.0, End: 2221.0, Setup: 15
2025-04-13 16:21:38,005 - JSPGymEnvironment - INFO - Material change on machine M3: Citybike_Antrieb_installiert -> Mountainbike_Antrieb_installiert, setup time: 15
2025-04-13 16:21:38,005 - JSPGymEnvironment - INFO - Executed operation: Job J20, Op 2, Machine M3, Start: 2236.0, End: 2260.0, Setup: 15
2025-04-13 16:21:38,044 - JSPGymEnvironment - INFO - Material change on machine M2: Mountainbike_Rahmen_nachbearbeitet -> Mountainbike_Fahrrad_endmontiert, setup time: 20
2025-04-13 16:21:38,044 - JSPGymEnvironment - INFO - Executed operation: Job J12, Op 6, Machine M2, Start: 2280.0, End: 2302.0, Setup: 20
2025-04-13 16:21:38,044 - JSPGymEnvironment - INFO - Job J12 completed at time 2302.0, deadline: 2863, met: True, priority: 2
2025-04-13 16:21:38,084 - JSPGymEnvironment - INFO - Material change on machine M3: Mountainbike_Antrieb_installiert -> Citybike_Bremsen_justiert, setup time: 15
2025-04-13 16:21:38,085 - JSPGymEnvironment - INFO - Executed operation: Job J8, Op 3, Machine M3, Start: 2317.0, End: 2375.0, Setup: 15
2025-04-13 16:21:38,125 - JSPGymEnvironment - INFO - Material change on machine M3: Citybike_Bremsen_justiert -> Racebike_Fahrrad_endmontiert, setup time: 15
2025-04-13 16:21:38,125 - JSPGymEnvironment - INFO - Executed operation: Job J15, Op 6, Machine M3, Start: 2390.0, End: 2417.0, Setup: 15
2025-04-13 16:21:38,164 - JSPGymEnvironment - INFO - Executed operation: Job J15, Op 7, Machine M3, Start: 2427.0, End: 2473.0, Setup: 10
2025-04-13 16:21:38,164 - JSPGymEnvironment - INFO - Job J15 completed at time 2473.0, deadline: 2833, met: True, priority: 10
2025-04-13 16:21:38,197 - JSPGymEnvironment - INFO - Material change on machine M1: Mountainbike_Hauptrahmen_zugeschnitten -> Racebike_Hauptrahmen_zugeschnitten, setup time: 40
2025-04-13 16:21:38,197 - JSPGymEnvironment - INFO - Executed operation: Job J16, Op 0, Machine M1, Start: 2513.0, End: 2539.0, Setup: 40
2025-04-13 16:21:38,231 - JSPGymEnvironment - INFO - Material change on machine M2: Mountainbike_Fahrrad_endmontiert -> Racebike_Fahrrad_endmontiert, setup time: 20
2025-04-13 16:21:38,231 - JSPGymEnvironment - INFO - Executed operation: Job J1, Op 5, Machine M2, Start: 2559.0, End: 2571.0, Setup: 20
2025-04-13 16:21:38,231 - JSPGymEnvironment - INFO - Job J1 completed at time 2571.0, deadline: 2790, met: True, priority: 7
2025-04-13 16:21:38,265 - JSPGymEnvironment - INFO - Material change on machine M2: Racebike_Fahrrad_endmontiert -> E-Bike_Schaltauge_bearbeitet, setup time: 20
2025-04-13 16:21:38,265 - JSPGymEnvironment - INFO - Executed operation: Job J3, Op 1, Machine M2, Start: 2591.0, End: 2611.0, Setup: 20
2025-04-13 16:21:38,311 - JSPGymEnvironment - INFO - Material change on machine M3: Racebike_Fahrrad_endmontiert -> Mountainbike_Bremsen_justiert, setup time: 15
2025-04-13 16:21:38,312 - JSPGymEnvironment - INFO - Executed operation: Job J20, Op 3, Machine M3, Start: 2626.0, End: 2667.0, Setup: 15
2025-04-13 16:21:38,367 - JSPGymEnvironment - INFO - Material change on machine M3: Mountainbike_Bremsen_justiert -> Citybike_Fahrrad_endmontiert, setup time: 15
2025-04-13 16:21:38,367 - JSPGymEnvironment - INFO - Executed operation: Job J8, Op 4, Machine M3, Start: 2682.0, End: 2731.0, Setup: 15
2025-04-13 16:21:38,419 - JSPGymEnvironment - INFO - Material change on machine M2: E-Bike_Schaltauge_bearbeitet -> Mountainbike_Rahmen_nachbearbeitet, setup time: 20
2025-04-13 16:21:38,420 - JSPGymEnvironment - INFO - Executed operation: Job J20, Op 4, Machine M2, Start: 2751.0, End: 2768.0, Setup: 20
2025-04-13 16:21:38,700 - JSPGymEnvironment - INFO - Material change on machine M2: Mountainbike_Rahmen_nachbearbeitet -> E-Bike_Schaltauge_bearbeitet, setup time: 20
2025-04-13 16:21:38,701 - JSPGymEnvironment - INFO - Executed operation: Job J13, Op 1, Machine M2, Start: 2788.0, End: 2811.0, Setup: 20
2025-04-13 16:21:38,743 - JSPGymEnvironment - INFO - Material change on machine M2: E-Bike_Schaltauge_bearbeitet -> Citybike_Rahmen_nachbearbeitet, setup time: 20
2025-04-13 16:21:38,743 - JSPGymEnvironment - INFO - Executed operation: Job J14, Op 4, Machine M2, Start: 2831.0, End: 2860.0, Setup: 20
2025-04-13 16:21:38,781 - JSPGymEnvironment - INFO - Material change on machine M3: Citybike_Fahrrad_endmontiert -> Mountainbike_Fahrrad_endmontiert, setup time: 15
2025-04-13 16:21:38,781 - JSPGymEnvironment - INFO - Executed operation: Job J20, Op 5, Machine M3, Start: 2875.0, End: 2900.0, Setup: 15
2025-04-13 16:21:38,822 - JSPGymEnvironment - INFO - Material change on machine M3: Mountainbike_Fahrrad_endmontiert -> E-Bike_Antrieb_installiert, setup time: 15
2025-04-13 16:21:38,822 - JSPGymEnvironment - INFO - Executed operation: Job J13, Op 2, Machine M3, Start: 2915.0, End: 2968.0, Setup: 15
2025-04-13 16:21:38,857 - JSPGymEnvironment - INFO - Executed operation: Job J3, Op 2, Machine M3, Start: 2978.0, End: 3036.0, Setup: 10
2025-04-13 16:21:38,891 - JSPGymEnvironment - INFO - Material change on machine M1: Racebike_Hauptrahmen_zugeschnitten -> Citybike_Hauptrahmen_zugeschnitten, setup time: 40
2025-04-13 16:21:38,891 - JSPGymEnvironment - INFO - Executed operation: Job J17, Op 0, Machine M1, Start: 3076.0, End: 3114.0, Setup: 40
2025-04-13 16:21:38,928 - JSPGymEnvironment - INFO - Executed operation: Job J14, Op 5, Machine M2, Start: 3129.0, End: 3159.0, Setup: 15
2025-04-13 16:21:38,963 - JSPGymEnvironment - INFO - Executed operation: Job J14, Op 6, Machine M2, Start: 3174.0, End: 3198.0, Setup: 15
2025-04-13 16:21:38,996 - JSPGymEnvironment - INFO - Material change on machine M2: Citybike_Rahmen_nachbearbeitet -> Citybike_Fahrrad_endmontiert, setup time: 20
2025-04-13 16:21:38,996 - JSPGymEnvironment - INFO - Executed operation: Job J8, Op 5, Machine M2, Start: 3218.0, End: 3248.0, Setup: 20
2025-04-13 16:21:38,996 - JSPGymEnvironment - INFO - Job J8 completed at time 3248.0, deadline: 2762, met: False, priority: 5
2025-04-13 16:21:39,029 - JSPGymEnvironment - INFO - Material change on machine M2: Citybike_Fahrrad_endmontiert -> E-Bike_Rahmen_nachbearbeitet, setup time: 20
2025-04-13 16:21:39,029 - JSPGymEnvironment - INFO - Executed operation: Job J19, Op 4, Machine M2, Start: 3268.0, End: 3285.0, Setup: 20
2025-04-13 16:21:39,063 - JSPGymEnvironment - INFO - Material change on machine M3: E-Bike_Antrieb_installiert -> Mountainbike_Fahrrad_endmontiert, setup time: 15
2025-04-13 16:21:39,064 - JSPGymEnvironment - INFO - Executed operation: Job J20, Op 6, Machine M3, Start: 3300.0, End: 3340.0, Setup: 15
2025-04-13 16:21:39,064 - JSPGymEnvironment - INFO - Job J20 completed at time 3340.0, deadline: 2744, met: False, priority: 3
2025-04-13 16:21:39,098 - JSPGymEnvironment - INFO - Material change on machine M2: E-Bike_Rahmen_nachbearbeitet -> Citybike_Fahrrad_endmontiert, setup time: 20
2025-04-13 16:21:39,098 - JSPGymEnvironment - INFO - Executed operation: Job J14, Op 7, Machine M2, Start: 3360.0, End: 3381.0, Setup: 20
2025-04-13 16:21:39,099 - JSPGymEnvironment - INFO - Job J14 completed at time 3381.0, deadline: 2880, met: False, priority: 3
2025-04-13 16:21:39,133 - JSPGymEnvironment - INFO - Material change on machine M2: Citybike_Fahrrad_endmontiert -> E-Bike_Bremsaufnahme_gebohrt, setup time: 20
2025-04-13 16:21:39,133 - JSPGymEnvironment - INFO - Executed operation: Job J3, Op 3, Machine M2, Start: 3401.0, End: 3431.0, Setup: 20
2025-04-13 16:21:39,167 - JSPGymEnvironment - INFO - Executed operation: Job J13, Op 3, Machine M2, Start: 3446.0, End: 3468.0, Setup: 15
2025-04-13 16:21:39,209 - JSPGymEnvironment - INFO - Material change on machine M2: E-Bike_Bremsaufnahme_gebohrt -> E-Bike_Rahmen_nachbearbeitet, setup time: 20
2025-04-13 16:21:39,209 - JSPGymEnvironment - INFO - Executed operation: Job J3, Op 4, Machine M2, Start: 3488.0, End: 3505.0, Setup: 20
2025-04-13 16:21:39,469 - JSPGymEnvironment - INFO - Material change on machine M1: Citybike_Hauptrahmen_zugeschnitten -> Racebike_Hauptrahmen_zugeschnitten, setup time: 40
2025-04-13 16:21:39,469 - JSPGymEnvironment - INFO - Executed operation: Job J10, Op 0, Machine M1, Start: 3545.0, End: 3577.0, Setup: 40
2025-04-13 16:21:39,504 - JSPGymEnvironment - INFO - Material change on machine M3: Mountainbike_Fahrrad_endmontiert -> Racebike_Antrieb_installiert, setup time: 15
2025-04-13 16:21:39,504 - JSPGymEnvironment - INFO - Executed operation: Job J4, Op 2, Machine M3, Start: 3592.0, End: 3632.0, Setup: 15
2025-04-13 16:21:39,539 - JSPGymEnvironment - INFO - Material change on machine M2: E-Bike_Rahmen_nachbearbeitet -> Citybike_Schaltauge_bearbeitet, setup time: 20
2025-04-13 16:21:39,539 - JSPGymEnvironment - INFO - Executed operation: Job J11, Op 1, Machine M2, Start: 3652.0, End: 3665.0, Setup: 20
2025-04-13 16:21:39,571 - JSPGymEnvironment - INFO - Material change on machine M3: Racebike_Antrieb_installiert -> E-Bike_Fahrrad_endmontiert, setup time: 15
2025-04-13 16:21:39,571 - JSPGymEnvironment - INFO - Executed operation: Job J13, Op 4, Machine M3, Start: 3680.0, End: 3733.0, Setup: 15
2025-04-13 16:21:39,571 - JSPGymEnvironment - INFO - Job J13 completed at time 3733.0, deadline: 2863, met: False, priority: 7
2025-04-13 16:21:39,605 - JSPGymEnvironment - INFO - Material change on machine M2: Citybike_Schaltauge_bearbeitet -> Racebike_Schaltauge_bearbeitet, setup time: 20
2025-04-13 16:21:39,606 - JSPGymEnvironment - INFO - Executed operation: Job J10, Op 1, Machine M2, Start: 3753.0, End: 3778.0, Setup: 20
2025-04-13 16:21:39,639 - JSPGymEnvironment - INFO - Material change on machine M3: E-Bike_Fahrrad_endmontiert -> Citybike_Antrieb_installiert, setup time: 15
2025-04-13 16:21:39,639 - JSPGymEnvironment - INFO - Executed operation: Job J11, Op 2, Machine M3, Start: 3793.0, End: 3835.0, Setup: 15
2025-04-13 16:21:39,672 - JSPGymEnvironment - INFO - Material change on machine M3: Citybike_Antrieb_installiert -> Citybike_Bremsen_justiert, setup time: 15
2025-04-13 16:21:39,672 - JSPGymEnvironment - INFO - Executed operation: Job J11, Op 3, Machine M3, Start: 3850.0, End: 3872.0, Setup: 15
2025-04-13 16:21:39,706 - JSPGymEnvironment - INFO - Material change on machine M2: Racebike_Schaltauge_bearbeitet -> E-Bike_Rahmen_nachbearbeitet, setup time: 20
2025-04-13 16:21:39,706 - JSPGymEnvironment - INFO - Executed operation: Job J19, Op 5, Machine M2, Start: 3892.0, End: 3913.0, Setup: 20
2025-04-13 16:21:39,739 - JSPGymEnvironment - INFO - Material change on machine M1: Racebike_Hauptrahmen_zugeschnitten -> Citybike_Hauptrahmen_zugeschnitten, setup time: 40
2025-04-13 16:21:39,739 - JSPGymEnvironment - INFO - Executed operation: Job J9, Op 0, Machine M1, Start: 3953.0, End: 3993.0, Setup: 40
2025-04-13 16:21:39,774 - JSPGymEnvironment - INFO - Material change on machine M2: E-Bike_Rahmen_nachbearbeitet -> E-Bike_Fahrrad_endmontiert, setup time: 20
2025-04-13 16:21:39,774 - JSPGymEnvironment - INFO - Executed operation: Job J19, Op 6, Machine M2, Start: 4013.0, End: 4038.0, Setup: 20
2025-04-13 16:21:39,774 - JSPGymEnvironment - INFO - Job J19 completed at time 4038.0, deadline: 2737, met: False, priority: 8
2025-04-13 16:21:39,812 - JSPGymEnvironment - INFO - Material change on machine M2: E-Bike_Fahrrad_endmontiert -> Racebike_Bremsaufnahme_gebohrt, setup time: 20
2025-04-13 16:21:39,812 - JSPGymEnvironment - INFO - Executed operation: Job J4, Op 3, Machine M2, Start: 4058.0, End: 4072.0, Setup: 20
2025-04-13 16:21:39,847 - JSPGymEnvironment - INFO - Material change on machine M2: Racebike_Bremsaufnahme_gebohrt -> Racebike_Rahmen_nachbearbeitet, setup time: 20
2025-04-13 16:21:39,847 - JSPGymEnvironment - INFO - Executed operation: Job J4, Op 4, Machine M2, Start: 4092.0, End: 4117.0, Setup: 20
2025-04-13 16:21:39,885 - JSPGymEnvironment - INFO - Executed operation: Job J4, Op 5, Machine M2, Start: 4132.0, End: 4156.0, Setup: 15
2025-04-13 16:21:39,922 - JSPGymEnvironment - INFO - Material change on machine M2: Racebike_Rahmen_nachbearbeitet -> E-Bike_Rahmen_nachbearbeitet, setup time: 20
2025-04-13 16:21:39,922 - JSPGymEnvironment - INFO - Executed operation: Job J3, Op 5, Machine M2, Start: 4176.0, End: 4197.0, Setup: 20
2025-04-13 16:21:40,163 - JSPGymEnvironment - INFO - Material change on machine M2: E-Bike_Rahmen_nachbearbeitet -> E-Bike_Fahrrad_endmontiert, setup time: 20
2025-04-13 16:21:40,163 - JSPGymEnvironment - INFO - Executed operation: Job J3, Op 6, Machine M2, Start: 4217.0, End: 4227.0, Setup: 20
2025-04-13 16:21:40,163 - JSPGymEnvironment - INFO - Job J3 completed at time 4227.0, deadline: 2862, met: False, priority: 8
2025-04-13 16:21:40,198 - JSPGymEnvironment - INFO - Material change on machine M3: Citybike_Bremsen_justiert -> Citybike_Fahrrad_endmontiert, setup time: 15
2025-04-13 16:21:40,198 - JSPGymEnvironment - INFO - Executed operation: Job J11, Op 4, Machine M3, Start: 4242.0, End: 4281.0, Setup: 15
2025-04-13 16:21:40,232 - JSPGymEnvironment - INFO - Material change on machine M2: E-Bike_Fahrrad_endmontiert -> Citybike_Schaltauge_bearbeitet, setup time: 20
2025-04-13 16:21:40,232 - JSPGymEnvironment - INFO - Executed operation: Job J9, Op 1, Machine M2, Start: 4301.0, End: 4317.0, Setup: 20
2025-04-13 16:21:40,267 - JSPGymEnvironment - INFO - Executed operation: Job J2, Op 0, Machine M1, Start: 4342.0, End: 4358.0, Setup: 25
2025-04-13 16:21:40,302 - JSPGymEnvironment - INFO - Material change on machine M1: Citybike_Hauptrahmen_zugeschnitten -> Mountainbike_Hauptrahmen_zugeschnitten, setup time: 40
2025-04-13 16:21:40,303 - JSPGymEnvironment - INFO - Executed operation: Job J5, Op 0, Machine M1, Start: 4398.0, End: 4434.0, Setup: 40
2025-04-13 16:21:40,338 - JSPGymEnvironment - INFO - Material change on machine M2: Citybike_Schaltauge_bearbeitet -> Citybike_Rahmen_nachbearbeitet, setup time: 20
2025-04-13 16:21:40,338 - JSPGymEnvironment - INFO - Executed operation: Job J11, Op 5, Machine M2, Start: 4454.0, End: 4471.0, Setup: 20
2025-04-13 16:21:40,371 - JSPGymEnvironment - INFO - Material change on machine M3: Citybike_Fahrrad_endmontiert -> Racebike_Fahrrad_endmontiert, setup time: 15
2025-04-13 16:21:40,372 - JSPGymEnvironment - INFO - Executed operation: Job J4, Op 6, Machine M3, Start: 4486.0, End: 4512.0, Setup: 15
2025-04-13 16:21:40,372 - JSPGymEnvironment - INFO - Job J4 completed at time 4512.0, deadline: 2757, met: False, priority: 7
2025-04-13 16:21:40,409 - JSPGymEnvironment - INFO - Material change on machine M2: Citybike_Rahmen_nachbearbeitet -> Racebike_Schaltauge_bearbeitet, setup time: 20
2025-04-13 16:21:40,409 - JSPGymEnvironment - INFO - Executed operation: Job J16, Op 1, Machine M2, Start: 4532.0, End: 4547.0, Setup: 20
2025-04-13 16:21:40,455 - JSPGymEnvironment - INFO - Material change on machine M3: Racebike_Fahrrad_endmontiert -> Racebike_Antrieb_installiert, setup time: 15
2025-04-13 16:21:40,455 - JSPGymEnvironment - INFO - Executed operation: Job J10, Op 2, Machine M3, Start: 4562.0, End: 4601.0, Setup: 15
2025-04-13 16:21:40,503 - JSPGymEnvironment - INFO - Material change on machine M2: Racebike_Schaltauge_bearbeitet -> Citybike_Rahmen_nachbearbeitet, setup time: 20
2025-04-13 16:21:40,503 - JSPGymEnvironment - INFO - Executed operation: Job J11, Op 6, Machine M2, Start: 4621.0, End: 4643.0, Setup: 20
2025-04-13 16:21:40,547 - JSPGymEnvironment - INFO - Material change on machine M2: Citybike_Rahmen_nachbearbeitet -> Citybike_Fahrrad_endmontiert, setup time: 20
2025-04-13 16:21:40,547 - JSPGymEnvironment - INFO - Executed operation: Job J11, Op 7, Machine M2, Start: 4663.0, End: 4692.0, Setup: 20
2025-04-13 16:21:40,547 - JSPGymEnvironment - INFO - Job J11 completed at time 4692.0, deadline: 2880, met: False, priority: 7
2025-04-13 16:21:40,590 - JSPGymEnvironment - INFO - Material change on machine M2: Citybike_Fahrrad_endmontiert -> Citybike_Schaltauge_bearbeitet, setup time: 20
2025-04-13 16:21:40,590 - JSPGymEnvironment - INFO - Executed operation: Job J17, Op 1, Machine M2, Start: 4712.0, End: 4732.0, Setup: 20
2025-04-13 16:21:40,626 - JSPGymEnvironment - INFO - Material change on machine M3: Racebike_Antrieb_installiert -> Citybike_Antrieb_installiert, setup time: 15
2025-04-13 16:21:40,626 - JSPGymEnvironment - INFO - Executed operation: Job J9, Op 2, Machine M3, Start: 4747.0, End: 4801.0, Setup: 15
2025-04-13 16:21:40,661 - JSPGymEnvironment - INFO - Material change on machine M2: Citybike_Schaltauge_bearbeitet -> Citybike_Bremsaufnahme_gebohrt, setup time: 20
2025-04-13 16:21:40,661 - JSPGymEnvironment - INFO - Executed operation: Job J9, Op 3, Machine M2, Start: 4821.0, End: 4844.0, Setup: 20
2025-04-13 16:21:40,912 - JSPGymEnvironment - INFO - Material change on machine M2: Citybike_Bremsaufnahme_gebohrt -> Racebike_Bremsaufnahme_gebohrt, setup time: 20
2025-04-13 16:21:40,912 - JSPGymEnvironment - INFO - Executed operation: Job J10, Op 3, Machine M2, Start: 4864.0, End: 4886.0, Setup: 20
2025-04-13 16:21:40,948 - JSPGymEnvironment - INFO - Material change on machine M3: Citybike_Antrieb_installiert -> Racebike_Antrieb_installiert, setup time: 15
2025-04-13 16:21:40,948 - JSPGymEnvironment - INFO - Executed operation: Job J16, Op 2, Machine M3, Start: 4901.0, End: 4931.0, Setup: 15
2025-04-13 16:21:40,984 - JSPGymEnvironment - INFO - Material change on machine M2: Racebike_Bremsaufnahme_gebohrt -> Citybike_Rahmen_nachbearbeitet, setup time: 20
2025-04-13 16:21:40,984 - JSPGymEnvironment - INFO - Executed operation: Job J9, Op 4, Machine M2, Start: 4951.0, End: 4963.0, Setup: 20
2025-04-13 16:21:41,019 - JSPGymEnvironment - INFO - Material change on machine M2: Citybike_Rahmen_nachbearbeitet -> Racebike_Bremsaufnahme_gebohrt, setup time: 20
2025-04-13 16:21:41,019 - JSPGymEnvironment - INFO - Executed operation: Job J16, Op 3, Machine M2, Start: 4983.0, End: 5006.0, Setup: 20
2025-04-13 16:21:41,055 - JSPGymEnvironment - INFO - Material change on machine M2: Racebike_Bremsaufnahme_gebohrt -> Racebike_Rahmen_nachbearbeitet, setup time: 20
2025-04-13 16:21:41,055 - JSPGymEnvironment - INFO - Executed operation: Job J10, Op 4, Machine M2, Start: 5026.0, End: 5037.0, Setup: 20
2025-04-13 16:21:41,089 - JSPGymEnvironment - INFO - Executed operation: Job J10, Op 5, Machine M2, Start: 5052.0, End: 5070.0, Setup: 15
2025-04-13 16:21:41,122 - JSPGymEnvironment - INFO - Material change on machine M2: Racebike_Rahmen_nachbearbeitet -> Citybike_Schaltauge_bearbeitet, setup time: 20
2025-04-13 16:21:41,122 - JSPGymEnvironment - INFO - Executed operation: Job J2, Op 1, Machine M2, Start: 5090.0, End: 5100.0, Setup: 20
2025-04-13 16:21:41,161 - JSPGymEnvironment - INFO - Material change on machine M3: Racebike_Antrieb_installiert -> Citybike_Fahrrad_endmontiert, setup time: 15
2025-04-13 16:21:41,161 - JSPGymEnvironment - INFO - Executed operation: Job J9, Op 5, Machine M3, Start: 5115.0, End: 5166.0, Setup: 15
2025-04-13 16:21:41,195 - JSPGymEnvironment - INFO - Material change on machine M3: Citybike_Fahrrad_endmontiert -> Citybike_Antrieb_installiert, setup time: 15
2025-04-13 16:21:41,195 - JSPGymEnvironment - INFO - Executed operation: Job J17, Op 2, Machine M3, Start: 5181.0, End: 5215.0, Setup: 15
2025-04-13 16:21:41,230 - JSPGymEnvironment - INFO - Material change on machine M3: Citybike_Antrieb_installiert -> Citybike_Bremsen_justiert, setup time: 15
2025-04-13 16:21:41,230 - JSPGymEnvironment - INFO - Executed operation: Job J17, Op 3, Machine M3, Start: 5230.0, End: 5256.0, Setup: 15
2025-04-13 16:21:41,264 - JSPGymEnvironment - INFO - Material change on machine M3: Citybike_Bremsen_justiert -> Citybike_Fahrrad_endmontiert, setup time: 15
2025-04-13 16:21:41,264 - JSPGymEnvironment - INFO - Executed operation: Job J17, Op 4, Machine M3, Start: 5271.0, End: 5321.0, Setup: 15
2025-04-13 16:21:41,297 - JSPGymEnvironment - INFO - Executed operation: Job J9, Op 6, Machine M3, Start: 5331.0, End: 5354.0, Setup: 10
2025-04-13 16:21:41,297 - JSPGymEnvironment - INFO - Job J9 completed at time 5354.0, deadline: 2880, met: False, priority: 8
2025-04-13 16:21:41,332 - JSPGymEnvironment - INFO - Material change on machine M3: Citybike_Fahrrad_endmontiert -> Citybike_Antrieb_installiert, setup time: 15
2025-04-13 16:21:41,332 - JSPGymEnvironment - INFO - Executed operation: Job J2, Op 2, Machine M3, Start: 5369.0, End: 5397.0, Setup: 15
2025-04-13 16:21:41,572 - JSPGymEnvironment - INFO - Material change on machine M2: Citybike_Schaltauge_bearbeitet -> Citybike_Bremsaufnahme_gebohrt, setup time: 20
2025-04-13 16:21:41,572 - JSPGymEnvironment - INFO - Executed operation: Job J2, Op 3, Machine M2, Start: 5417.0, End: 5438.0, Setup: 20
2025-04-13 16:21:41,608 - JSPGymEnvironment - INFO - Material change on machine M2: Citybike_Bremsaufnahme_gebohrt -> Racebike_Rahmen_nachbearbeitet, setup time: 20
2025-04-13 16:21:41,608 - JSPGymEnvironment - INFO - Executed operation: Job J10, Op 6, Machine M2, Start: 5458.0, End: 5469.0, Setup: 20
2025-04-13 16:21:41,647 - JSPGymEnvironment - INFO - Material change on machine M3: Citybike_Antrieb_installiert -> Citybike_Fahrrad_endmontiert, setup time: 15
2025-04-13 16:21:41,648 - JSPGymEnvironment - INFO - Executed operation: Job J17, Op 5, Machine M3, Start: 5484.0, End: 5543.0, Setup: 15
2025-04-13 16:21:41,692 - JSPGymEnvironment - INFO - Executed operation: Job J17, Op 6, Machine M3, Start: 5553.0, End: 5578.0, Setup: 10
2025-04-13 16:21:41,692 - JSPGymEnvironment - INFO - Job J17 completed at time 5578.0, deadline: 2880, met: False, priority: 6
2025-04-13 16:21:41,733 - JSPGymEnvironment - INFO - Executed operation: Job J16, Op 4, Machine M2, Start: 5593.0, End: 5607.0, Setup: 15
2025-04-13 16:21:41,777 - JSPGymEnvironment - INFO - Material change on machine M2: Racebike_Rahmen_nachbearbeitet -> Racebike_Fahrrad_endmontiert, setup time: 20
2025-04-13 16:21:41,777 - JSPGymEnvironment - INFO - Executed operation: Job J10, Op 7, Machine M2, Start: 5627.0, End: 5639.0, Setup: 20
2025-04-13 16:21:41,777 - JSPGymEnvironment - INFO - Job J10 completed at time 5639.0, deadline: 2880, met: False, priority: 9
2025-04-13 16:21:41,819 - JSPGymEnvironment - INFO - Executed operation: Job J16, Op 5, Machine M2, Start: 5654.0, End: 5684.0, Setup: 15
2025-04-13 16:21:41,819 - JSPGymEnvironment - INFO - Job J16 completed at time 5684.0, deadline: 2855, met: False, priority: 7
2025-04-13 16:21:41,860 - JSPGymEnvironment - INFO - Material change on machine M1: Mountainbike_Hauptrahmen_zugeschnitten -> Racebike_Hauptrahmen_zugeschnitten, setup time: 40
2025-04-13 16:21:41,861 - JSPGymEnvironment - INFO - Executed operation: Job J6, Op 0, Machine M1, Start: 5724.0, End: 5760.0, Setup: 40
2025-04-13 16:21:41,900 - JSPGymEnvironment - INFO - Material change on machine M2: Racebike_Fahrrad_endmontiert -> Racebike_Schaltauge_bearbeitet, setup time: 20
2025-04-13 16:21:41,900 - JSPGymEnvironment - INFO - Executed operation: Job J6, Op 1, Machine M2, Start: 5780.0, End: 5793.0, Setup: 20
2025-04-13 16:21:41,937 - JSPGymEnvironment - INFO - Material change on machine M2: Racebike_Schaltauge_bearbeitet -> Citybike_Rahmen_nachbearbeitet, setup time: 20
2025-04-13 16:21:41,937 - JSPGymEnvironment - INFO - Executed operation: Job J2, Op 4, Machine M2, Start: 5813.0, End: 5837.0, Setup: 20
2025-04-13 16:21:41,972 - JSPGymEnvironment - INFO - Executed operation: Job J2, Op 5, Machine M3, Start: 5847.0, End: 5868.0, Setup: 10
2025-04-13 16:21:41,972 - JSPGymEnvironment - INFO - Job J2 completed at time 5868.0, deadline: 2880, met: False, priority: 3
2025-04-13 16:21:42,011 - JSPGymEnvironment - INFO - Material change on machine M3: Citybike_Fahrrad_endmontiert -> Racebike_Antrieb_installiert, setup time: 15
2025-04-13 16:21:42,011 - JSPGymEnvironment - INFO - Executed operation: Job J6, Op 2, Machine M3, Start: 5883.0, End: 5921.0, Setup: 15
2025-04-13 16:21:42,054 - JSPGymEnvironment - INFO - Material change on machine M3: Racebike_Antrieb_installiert -> Racebike_Bremsen_justiert, setup time: 15
2025-04-13 16:21:42,054 - JSPGymEnvironment - INFO - Executed operation: Job J6, Op 3, Machine M3, Start: 5936.0, End: 5994.0, Setup: 15
2025-04-13 16:21:42,097 - JSPGymEnvironment - INFO - Material change on machine M2: Citybike_Rahmen_nachbearbeitet -> Mountainbike_Schaltauge_bearbeitet, setup time: 20
2025-04-13 16:21:42,098 - JSPGymEnvironment - INFO - Executed operation: Job J5, Op 1, Machine M2, Start: 6014.0, End: 6029.0, Setup: 20
2025-04-13 16:21:42,142 - JSPGymEnvironment - INFO - Material change on machine M3: Racebike_Bremsen_justiert -> Racebike_Fahrrad_endmontiert, setup time: 15
2025-04-13 16:21:42,143 - JSPGymEnvironment - INFO - Executed operation: Job J6, Op 4, Machine M3, Start: 6044.0, End: 6085.0, Setup: 15
2025-04-13 16:21:42,143 - JSPGymEnvironment - INFO - Job J6 completed at time 6085.0, deadline: 2880, met: False, priority: 10
2025-04-13 16:21:42,413 - JSPGymEnvironment - INFO - Material change on machine M3: Racebike_Fahrrad_endmontiert -> Mountainbike_Antrieb_installiert, setup time: 15
2025-04-13 16:21:42,414 - JSPGymEnvironment - INFO - Executed operation: Job J5, Op 2, Machine M3, Start: 6100.0, End: 6125.0, Setup: 15
2025-04-13 16:21:42,455 - JSPGymEnvironment - INFO - Material change on machine M2: Mountainbike_Schaltauge_bearbeitet -> Mountainbike_Bremsaufnahme_gebohrt, setup time: 20
2025-04-13 16:21:42,456 - JSPGymEnvironment - INFO - Executed operation: Job J5, Op 3, Machine M2, Start: 6145.0, End: 6160.0, Setup: 20
2025-04-13 16:21:42,493 - JSPGymEnvironment - INFO - Material change on machine M2: Mountainbike_Bremsaufnahme_gebohrt -> Mountainbike_Rahmen_nachbearbeitet, setup time: 20
2025-04-13 16:21:42,493 - JSPGymEnvironment - INFO - Executed operation: Job J5, Op 4, Machine M2, Start: 6180.0, End: 6210.0, Setup: 20
2025-04-13 16:21:42,529 - JSPGymEnvironment - INFO - Material change on machine M2: Mountainbike_Rahmen_nachbearbeitet -> Mountainbike_Fahrrad_endmontiert, setup time: 20
2025-04-13 16:21:42,530 - JSPGymEnvironment - INFO - Executed operation: Job J5, Op 5, Machine M2, Start: 6230.0, End: 6252.0, Setup: 20
2025-04-13 16:21:42,530 - JSPGymEnvironment - INFO - Job J5 completed at time 6252.0, deadline: 2880, met: False, priority: 1
2025-04-13 16:21:42,531 - JSPGymEnvironment - INFO - Reward function updated with 64 insights
2025-04-13 16:21:42,531 - JSPGymEnvironment - INFO -   Material change on critical path at Job 4 Operation 0 on Machine M1 (Severity: 1.00)
2025-04-13 16:21:42,531 - JSPGymEnvironment - INFO -   Low priority (1) on critical path: Job 4 Operation 0 (Severity: 0.80)
2025-04-13 16:21:42,531 - JSPGymEnvironment - INFO -   Material change on critical path at Job 4 Operation 1 on Machine M2 (Severity: 1.00)
2025-04-13 16:21:42,531 - JSPGymEnvironment - INFO -   Low priority (1) on critical path: Job 4 Operation 1 (Severity: 0.80)
2025-04-13 16:21:42,531 - JSPGymEnvironment - INFO -   Material change on critical path at Job 4 Operation 2 on Machine M3 (Severity: 1.00)
2025-04-13 16:21:42,531 - JSPGymEnvironment - INFO -   Low priority (1) on critical path: Job 4 Operation 2 (Severity: 0.80)
2025-04-13 16:21:42,531 - JSPGymEnvironment - INFO -   Material change on critical path at Job 4 Operation 3 on Machine M2 (Severity: 1.00)
2025-04-13 16:21:42,531 - JSPGymEnvironment - INFO -   Low priority (1) on critical path: Job 4 Operation 3 (Severity: 0.80)
2025-04-13 16:21:42,531 - JSPGymEnvironment - INFO -   Material change on critical path at Job 4 Operation 4 on Machine M2 (Severity: 1.00)
2025-04-13 16:21:42,531 - JSPGymEnvironment - INFO -   Idle time on critical path before Job 4 Operation 4 on Machine M2 (Severity: 0.67)
2025-04-13 16:21:42,531 - JSPGymEnvironment - INFO -   Low priority (1) on critical path: Job 4 Operation 4 (Severity: 0.80)
2025-04-13 16:21:42,531 - JSPGymEnvironment - INFO -   Material change on critical path at Job 4 Operation 5 on Machine M2 (Severity: 1.00)
2025-04-13 16:21:42,532 - JSPGymEnvironment - INFO -   Idle time on critical path before Job 4 Operation 5 on Machine M2 (Severity: 0.91)
2025-04-13 16:21:42,532 - JSPGymEnvironment - INFO -   Low priority (1) on critical path: Job 4 Operation 5 (Severity: 0.80)
2025-04-13 16:21:42,532 - JSPGymEnvironment - INFO -   High priority (9) not on critical path: Job 6 Operation 0 (Severity: 0.67)
2025-04-13 16:21:42,532 - JSPGymEnvironment - INFO -   High priority (10) not on critical path: Job 14 Operation 0 (Severity: 1.00)
2025-04-13 16:21:42,532 - JSPGymEnvironment - INFO -   High priority (8) not on critical path: Job 18 Operation 0 (Severity: 0.33)
2025-04-13 16:21:42,532 - JSPGymEnvironment - INFO -   High priority (8) not on critical path: Job 18 Operation 1 (Severity: 0.33)
2025-04-13 16:21:42,532 - JSPGymEnvironment - INFO -   High priority (10) not on critical path: Job 14 Operation 1 (Severity: 1.00)
2025-04-13 16:21:42,532 - JSPGymEnvironment - INFO -   High priority (9) not on critical path: Job 6 Operation 1 (Severity: 0.67)
2025-04-13 16:21:42,532 - JSPGymEnvironment - INFO -   High priority (10) not on critical path: Job 14 Operation 2 (Severity: 1.00)
2025-04-13 16:21:42,532 - JSPGymEnvironment - INFO -   High priority (10) not on critical path: Job 14 Operation 3 (Severity: 1.00)
2025-04-13 16:21:42,532 - JSPGymEnvironment - INFO -   High priority (9) not on critical path: Job 6 Operation 2 (Severity: 0.67)
2025-04-13 16:21:42,532 - JSPGymEnvironment - INFO -   High priority (9) not on critical path: Job 6 Operation 3 (Severity: 0.67)
2025-04-13 16:21:42,532 - JSPGymEnvironment - INFO -   High priority (8) not on critical path: Job 2 Operation 0 (Severity: 0.33)
2025-04-13 16:21:42,532 - JSPGymEnvironment - INFO -   High priority (9) not on critical path: Job 6 Operation 4 (Severity: 0.67)
2025-04-13 16:21:42,532 - JSPGymEnvironment - INFO -   High priority (10) not on critical path: Job 14 Operation 4 (Severity: 1.00)
2025-04-13 16:21:42,532 - JSPGymEnvironment - INFO -   High priority (8) not on critical path: Job 18 Operation 2 (Severity: 0.33)
2025-04-13 16:21:42,532 - JSPGymEnvironment - INFO -   High priority (9) not on critical path: Job 6 Operation 5 (Severity: 0.67)
2025-04-13 16:21:42,532 - JSPGymEnvironment - INFO -   High priority (8) not on critical path: Job 18 Operation 3 (Severity: 0.33)
2025-04-13 16:21:42,532 - JSPGymEnvironment - INFO -   High priority (9) not on critical path: Job 6 Operation 6 (Severity: 0.67)
2025-04-13 16:21:42,533 - JSPGymEnvironment - INFO -   High priority (10) not on critical path: Job 14 Operation 5 (Severity: 1.00)
2025-04-13 16:21:42,533 - JSPGymEnvironment - INFO -   High priority (9) not on critical path: Job 6 Operation 7 (Severity: 0.67)
2025-04-13 16:21:42,533 - JSPGymEnvironment - INFO -   High priority (10) not on critical path: Job 14 Operation 6 (Severity: 1.00)
2025-04-13 16:21:42,533 - JSPGymEnvironment - INFO -   High priority (10) not on critical path: Job 14 Operation 7 (Severity: 1.00)
2025-04-13 16:21:42,533 - JSPGymEnvironment - INFO -   High priority (8) not on critical path: Job 2 Operation 1 (Severity: 0.33)
2025-04-13 16:21:42,533 - JSPGymEnvironment - INFO -   High priority (8) not on critical path: Job 2 Operation 2 (Severity: 0.33)
2025-04-13 16:21:42,533 - JSPGymEnvironment - INFO -   High priority (8) not on critical path: Job 18 Operation 4 (Severity: 0.33)
2025-04-13 16:21:42,533 - JSPGymEnvironment - INFO -   High priority (8) not on critical path: Job 2 Operation 3 (Severity: 0.33)
2025-04-13 16:21:42,533 - JSPGymEnvironment - INFO -   High priority (8) not on critical path: Job 2 Operation 4 (Severity: 0.33)
2025-04-13 16:21:42,533 - JSPGymEnvironment - INFO -   High priority (9) not on critical path: Job 9 Operation 0 (Severity: 0.67)
2025-04-13 16:21:42,533 - JSPGymEnvironment - INFO -   High priority (9) not on critical path: Job 9 Operation 1 (Severity: 0.67)
2025-04-13 16:21:42,533 - JSPGymEnvironment - INFO -   High priority (8) not on critical path: Job 18 Operation 5 (Severity: 0.33)
2025-04-13 16:21:42,533 - JSPGymEnvironment - INFO -   High priority (8) not on critical path: Job 8 Operation 0 (Severity: 0.33)
2025-04-13 16:21:42,533 - JSPGymEnvironment - INFO -   High priority (8) not on critical path: Job 18 Operation 6 (Severity: 0.33)
2025-04-13 16:21:42,533 - JSPGymEnvironment - INFO -   High priority (8) not on critical path: Job 2 Operation 5 (Severity: 0.33)
2025-04-13 16:21:42,534 - JSPGymEnvironment - INFO -   High priority (8) not on critical path: Job 2 Operation 6 (Severity: 0.33)
2025-04-13 16:21:42,534 - JSPGymEnvironment - INFO -   High priority (8) not on critical path: Job 8 Operation 1 (Severity: 0.33)
2025-04-13 16:21:42,534 - JSPGymEnvironment - INFO -   High priority (9) not on critical path: Job 9 Operation 2 (Severity: 0.67)
2025-04-13 16:21:42,534 - JSPGymEnvironment - INFO -   High priority (8) not on critical path: Job 8 Operation 2 (Severity: 0.33)
2025-04-13 16:21:42,534 - JSPGymEnvironment - INFO -   High priority (8) not on critical path: Job 8 Operation 3 (Severity: 0.33)
2025-04-13 16:21:42,534 - JSPGymEnvironment - INFO -   High priority (9) not on critical path: Job 9 Operation 3 (Severity: 0.67)
2025-04-13 16:21:42,534 - JSPGymEnvironment - INFO -   High priority (8) not on critical path: Job 8 Operation 4 (Severity: 0.33)
2025-04-13 16:21:42,534 - JSPGymEnvironment - INFO -   High priority (9) not on critical path: Job 9 Operation 4 (Severity: 0.67)
2025-04-13 16:21:42,534 - JSPGymEnvironment - INFO -   High priority (9) not on critical path: Job 9 Operation 5 (Severity: 0.67)
2025-04-13 16:21:42,534 - JSPGymEnvironment - INFO -   High priority (8) not on critical path: Job 8 Operation 5 (Severity: 0.33)
2025-04-13 16:21:42,534 - JSPGymEnvironment - INFO -   High priority (8) not on critical path: Job 8 Operation 6 (Severity: 0.33)
2025-04-13 16:21:42,534 - JSPGymEnvironment - INFO -   High priority (9) not on critical path: Job 9 Operation 6 (Severity: 0.67)
2025-04-13 16:21:42,534 - JSPGymEnvironment - INFO -   High priority (9) not on critical path: Job 9 Operation 7 (Severity: 0.67)
2025-04-13 16:21:42,534 - JSPGymEnvironment - INFO -   High priority (10) not on critical path: Job 5 Operation 0 (Severity: 1.00)
2025-04-13 16:21:42,534 - JSPGymEnvironment - INFO -   High priority (10) not on critical path: Job 5 Operation 1 (Severity: 1.00)
2025-04-13 16:21:42,534 - JSPGymEnvironment - INFO -   High priority (10) not on critical path: Job 5 Operation 2 (Severity: 1.00)
2025-04-13 16:21:42,534 - JSPGymEnvironment - INFO -   High priority (10) not on critical path: Job 5 Operation 3 (Severity: 1.00)
2025-04-13 16:21:42,535 - JSPGymEnvironment - INFO -   High priority (10) not on critical path: Job 5 Operation 4 (Severity: 1.00)
2025-04-13 16:21:42,535 - JSPGymEnvironment - INFO - Episode completed. Critical path: 6 operations, Suboptimal placements: 64
2025-04-13 16:21:42,535 - JSPGymEnvironment - INFO - Reward components: {'makespan_reward': -0.42, 'setup_reward': -10.0, 'idle_penalty': 0.0, 'deadline_reward': -5.854166666666667, 'priority_reward': 2.0, 'critical_job_reward': 0.0, 'global_progress_reward': 5.0, 'objective_reward': 0.0, 'placement_reward': -13.545454545454545, 'lookahead_reward': 0.0}
2025-04-13 16:23:06,995 - JSPGymEnvironment - INFO - Environment reset
2025-04-13 16:23:07,247 - JSPGymEnvironment - INFO - Material change on machine M1:  -> Racebike_Hauptrahmen_zugeschnitten, setup time: 0
2025-04-13 16:23:07,247 - JSPGymEnvironment - INFO - Executed operation: Job J7, Op 0, Machine M1, Start: 0.0, End: 35.0, Setup: 0
2025-04-13 16:23:07,290 - JSPGymEnvironment - INFO - Executed operation: Job J16, Op 0, Machine M1, Start: 60.0, End: 86.0, Setup: 25
2025-04-13 16:23:07,330 - JSPGymEnvironment - INFO - Material change on machine M1: Racebike_Hauptrahmen_zugeschnitten -> Citybike_Hauptrahmen_zugeschnitten, setup time: 40
2025-04-13 16:23:07,330 - JSPGymEnvironment - INFO - Executed operation: Job J9, Op 0, Machine M1, Start: 126.0, End: 166.0, Setup: 40
2025-04-13 16:23:07,371 - JSPGymEnvironment - INFO - Material change on machine M2:  -> Citybike_Schaltauge_bearbeitet, setup time: 0
2025-04-13 16:23:07,372 - JSPGymEnvironment - INFO - Executed operation: Job J9, Op 1, Machine M2, Start: 166.0, End: 182.0, Setup: 0
2025-04-13 16:23:07,410 - JSPGymEnvironment - INFO - Executed operation: Job J17, Op 0, Machine M1, Start: 207.0, End: 245.0, Setup: 25
2025-04-13 16:23:07,454 - JSPGymEnvironment - INFO - Material change on machine M1: Citybike_Hauptrahmen_zugeschnitten -> E-Bike_Hauptrahmen_zugeschnitten, setup time: 40
2025-04-13 16:23:07,454 - JSPGymEnvironment - INFO - Executed operation: Job J13, Op 0, Machine M1, Start: 285.0, End: 326.0, Setup: 40
2025-04-13 16:23:07,490 - JSPGymEnvironment - INFO - Material change on machine M1: E-Bike_Hauptrahmen_zugeschnitten -> Racebike_Hauptrahmen_zugeschnitten, setup time: 40
2025-04-13 16:23:07,490 - JSPGymEnvironment - INFO - Executed operation: Job J15, Op 0, Machine M1, Start: 366.0, End: 389.0, Setup: 40
2025-04-13 16:23:07,525 - JSPGymEnvironment - INFO - Material change on machine M3:  -> Citybike_Antrieb_installiert, setup time: 0
2025-04-13 16:23:07,525 - JSPGymEnvironment - INFO - Executed operation: Job J9, Op 2, Machine M3, Start: 389.0, End: 443.0, Setup: 0
2025-04-13 16:23:07,561 - JSPGymEnvironment - INFO - Material change on machine M1: Racebike_Hauptrahmen_zugeschnitten -> Mountainbike_Hauptrahmen_zugeschnitten, setup time: 40
2025-04-13 16:23:07,561 - JSPGymEnvironment - INFO - Executed operation: Job J20, Op 0, Machine M1, Start: 483.0, End: 502.0, Setup: 40
2025-04-13 16:23:07,595 - JSPGymEnvironment - INFO - Executed operation: Job J17, Op 1, Machine M2, Start: 517.0, End: 537.0, Setup: 15
2025-04-13 16:23:07,629 - JSPGymEnvironment - INFO - Material change on machine M2: Citybike_Schaltauge_bearbeitet -> Citybike_Bremsaufnahme_gebohrt, setup time: 20
2025-04-13 16:23:07,629 - JSPGymEnvironment - INFO - Executed operation: Job J9, Op 3, Machine M2, Start: 557.0, End: 580.0, Setup: 20
2025-04-13 16:23:07,663 - JSPGymEnvironment - INFO - Material change on machine M2: Citybike_Bremsaufnahme_gebohrt -> Racebike_Schaltauge_bearbeitet, setup time: 20
2025-04-13 16:23:07,664 - JSPGymEnvironment - INFO - Executed operation: Job J16, Op 1, Machine M2, Start: 600.0, End: 615.0, Setup: 20
2025-04-13 16:23:07,697 - JSPGymEnvironment - INFO - Material change on machine M3: Citybike_Antrieb_installiert -> Racebike_Antrieb_installiert, setup time: 15
2025-04-13 16:23:07,697 - JSPGymEnvironment - INFO - Executed operation: Job J16, Op 2, Machine M3, Start: 630.0, End: 660.0, Setup: 15
2025-04-13 16:23:07,730 - JSPGymEnvironment - INFO - Executed operation: Job J15, Op 1, Machine M2, Start: 675.0, End: 688.0, Setup: 15
2025-04-13 16:23:07,766 - JSPGymEnvironment - INFO - Executed operation: Job J18, Op 0, Machine M1, Start: 713.0, End: 735.0, Setup: 25
2025-04-13 16:23:08,005 - JSPGymEnvironment - INFO - Material change on machine M2: Racebike_Schaltauge_bearbeitet -> Racebike_Bremsaufnahme_gebohrt, setup time: 20
2025-04-13 16:23:08,005 - JSPGymEnvironment - INFO - Executed operation: Job J16, Op 3, Machine M2, Start: 755.0, End: 778.0, Setup: 20
2025-04-13 16:23:08,047 - JSPGymEnvironment - INFO - Material change on machine M2: Racebike_Bremsaufnahme_gebohrt -> Racebike_Rahmen_nachbearbeitet, setup time: 20
2025-04-13 16:23:08,048 - JSPGymEnvironment - INFO - Executed operation: Job J16, Op 4, Machine M2, Start: 798.0, End: 812.0, Setup: 20
2025-04-13 16:23:08,089 - JSPGymEnvironment - INFO - Material change on machine M1: Mountainbike_Hauptrahmen_zugeschnitten -> Citybike_Hauptrahmen_zugeschnitten, setup time: 40
2025-04-13 16:23:08,090 - JSPGymEnvironment - INFO - Executed operation: Job J11, Op 0, Machine M1, Start: 852.0, End: 883.0, Setup: 40
2025-04-13 16:23:08,126 - JSPGymEnvironment - INFO - Material change on machine M3: Racebike_Antrieb_installiert -> Citybike_Antrieb_installiert, setup time: 15
2025-04-13 16:23:08,126 - JSPGymEnvironment - INFO - Executed operation: Job J17, Op 2, Machine M3, Start: 898.0, End: 932.0, Setup: 15
2025-04-13 16:23:08,160 - JSPGymEnvironment - INFO - Material change on machine M3: Citybike_Antrieb_installiert -> Racebike_Antrieb_installiert, setup time: 15
2025-04-13 16:23:08,160 - JSPGymEnvironment - INFO - Executed operation: Job J15, Op 2, Machine M3, Start: 947.0, End: 982.0, Setup: 15
2025-04-13 16:23:08,194 - JSPGymEnvironment - INFO - Material change on machine M1: Citybike_Hauptrahmen_zugeschnitten -> Racebike_Hauptrahmen_zugeschnitten, setup time: 40
2025-04-13 16:23:08,194 - JSPGymEnvironment - INFO - Executed operation: Job J10, Op 0, Machine M1, Start: 1022.0, End: 1054.0, Setup: 40
2025-04-13 16:23:08,229 - JSPGymEnvironment - INFO - Material change on machine M1: Racebike_Hauptrahmen_zugeschnitten -> Mountainbike_Hauptrahmen_zugeschnitten, setup time: 40
2025-04-13 16:23:08,229 - JSPGymEnvironment - INFO - Executed operation: Job J5, Op 0, Machine M1, Start: 1094.0, End: 1130.0, Setup: 40
2025-04-13 16:23:08,262 - JSPGymEnvironment - INFO - Material change on machine M2: Racebike_Rahmen_nachbearbeitet -> Citybike_Rahmen_nachbearbeitet, setup time: 20
2025-04-13 16:23:08,262 - JSPGymEnvironment - INFO - Executed operation: Job J9, Op 4, Machine M2, Start: 1150.0, End: 1162.0, Setup: 20
2025-04-13 16:23:08,297 - JSPGymEnvironment - INFO - Material change on machine M3: Racebike_Antrieb_installiert -> Citybike_Bremsen_justiert, setup time: 15
2025-04-13 16:23:08,297 - JSPGymEnvironment - INFO - Executed operation: Job J17, Op 3, Machine M3, Start: 1177.0, End: 1203.0, Setup: 15
2025-04-13 16:23:08,344 - JSPGymEnvironment - INFO - Material change on machine M2: Citybike_Rahmen_nachbearbeitet -> Mountainbike_Schaltauge_bearbeitet, setup time: 20
2025-04-13 16:23:08,344 - JSPGymEnvironment - INFO - Executed operation: Job J20, Op 1, Machine M2, Start: 1223.0, End: 1248.0, Setup: 20
2025-04-13 16:23:08,395 - JSPGymEnvironment - INFO - Material change on machine M3: Citybike_Bremsen_justiert -> Citybike_Fahrrad_endmontiert, setup time: 15
2025-04-13 16:23:08,395 - JSPGymEnvironment - INFO - Executed operation: Job J17, Op 4, Machine M3, Start: 1263.0, End: 1313.0, Setup: 15
2025-04-13 16:23:08,448 - JSPGymEnvironment - INFO - Material change on machine M3: Citybike_Fahrrad_endmontiert -> Racebike_Bremsen_justiert, setup time: 15
2025-04-13 16:23:08,448 - JSPGymEnvironment - INFO - Executed operation: Job J15, Op 3, Machine M3, Start: 1328.0, End: 1355.0, Setup: 15
2025-04-13 16:23:08,505 - JSPGymEnvironment - INFO - Material change on machine M2: Mountainbike_Schaltauge_bearbeitet -> Racebike_Fahrrad_endmontiert, setup time: 20
2025-04-13 16:23:08,505 - JSPGymEnvironment - INFO - Executed operation: Job J16, Op 5, Machine M2, Start: 1375.0, End: 1405.0, Setup: 20
2025-04-13 16:23:08,505 - JSPGymEnvironment - INFO - Job J16 completed at time 1405.0, deadline: 2855, met: True, priority: 7
2025-04-13 16:23:08,561 - JSPGymEnvironment - INFO - Material change on machine M2: Racebike_Fahrrad_endmontiert -> Racebike_Rahmen_nachbearbeitet, setup time: 20
2025-04-13 16:23:08,561 - JSPGymEnvironment - INFO - Executed operation: Job J15, Op 4, Machine M2, Start: 1425.0, End: 1445.0, Setup: 20
2025-04-13 16:23:08,850 - JSPGymEnvironment - INFO - Material change on machine M2: Racebike_Rahmen_nachbearbeitet -> Racebike_Schaltauge_bearbeitet, setup time: 20
2025-04-13 16:23:08,851 - JSPGymEnvironment - INFO - Executed operation: Job J7, Op 1, Machine M2, Start: 1465.0, End: 1488.0, Setup: 20
2025-04-13 16:23:08,890 - JSPGymEnvironment - INFO - Executed operation: Job J10, Op 1, Machine M2, Start: 1503.0, End: 1528.0, Setup: 15
2025-04-13 16:23:08,925 - JSPGymEnvironment - INFO - Material change on machine M1: Mountainbike_Hauptrahmen_zugeschnitten -> E-Bike_Hauptrahmen_zugeschnitten, setup time: 40
2025-04-13 16:23:08,925 - JSPGymEnvironment - INFO - Executed operation: Job J3, Op 0, Machine M1, Start: 1568.0, End: 1602.0, Setup: 40
2025-04-13 16:23:08,959 - JSPGymEnvironment - INFO - Material change on machine M1: E-Bike_Hauptrahmen_zugeschnitten -> Citybike_Hauptrahmen_zugeschnitten, setup time: 40
2025-04-13 16:23:08,959 - JSPGymEnvironment - INFO - Executed operation: Job J2, Op 0, Machine M1, Start: 1642.0, End: 1658.0, Setup: 40
2025-04-13 16:23:08,994 - JSPGymEnvironment - INFO - Material change on machine M1: Citybike_Hauptrahmen_zugeschnitten -> Mountainbike_Hauptrahmen_zugeschnitten, setup time: 40
2025-04-13 16:23:08,994 - JSPGymEnvironment - INFO - Executed operation: Job J12, Op 0, Machine M1, Start: 1698.0, End: 1729.0, Setup: 40
2025-04-13 16:23:09,030 - JSPGymEnvironment - INFO - Material change on machine M2: Racebike_Schaltauge_bearbeitet -> Mountainbike_Schaltauge_bearbeitet, setup time: 20
2025-04-13 16:23:09,030 - JSPGymEnvironment - INFO - Executed operation: Job J5, Op 1, Machine M2, Start: 1749.0, End: 1764.0, Setup: 20
2025-04-13 16:23:09,065 - JSPGymEnvironment - INFO - Material change on machine M3: Racebike_Bremsen_justiert -> Citybike_Fahrrad_endmontiert, setup time: 15
2025-04-13 16:23:09,065 - JSPGymEnvironment - INFO - Executed operation: Job J9, Op 5, Machine M3, Start: 1779.0, End: 1830.0, Setup: 15
2025-04-13 16:23:09,101 - JSPGymEnvironment - INFO - Material change on machine M3: Citybike_Fahrrad_endmontiert -> Racebike_Antrieb_installiert, setup time: 15
2025-04-13 16:23:09,102 - JSPGymEnvironment - INFO - Executed operation: Job J10, Op 2, Machine M3, Start: 1845.0, End: 1884.0, Setup: 15
2025-04-13 16:23:09,139 - JSPGymEnvironment - INFO - Material change on machine M2: Mountainbike_Schaltauge_bearbeitet -> Racebike_Bremsaufnahme_gebohrt, setup time: 20
2025-04-13 16:23:09,139 - JSPGymEnvironment - INFO - Executed operation: Job J10, Op 3, Machine M2, Start: 1904.0, End: 1926.0, Setup: 20
2025-04-13 16:23:09,174 - JSPGymEnvironment - INFO - Material change on machine M2: Racebike_Bremsaufnahme_gebohrt -> Mountainbike_Schaltauge_bearbeitet, setup time: 20
2025-04-13 16:23:09,174 - JSPGymEnvironment - INFO - Executed operation: Job J18, Op 1, Machine M2, Start: 1946.0, End: 1966.0, Setup: 20
2025-04-13 16:23:09,207 - JSPGymEnvironment - INFO - Material change on machine M3: Racebike_Antrieb_installiert -> Citybike_Fahrrad_endmontiert, setup time: 15
2025-04-13 16:23:09,208 - JSPGymEnvironment - INFO - Executed operation: Job J9, Op 6, Machine M3, Start: 1981.0, End: 2004.0, Setup: 15
2025-04-13 16:23:09,208 - JSPGymEnvironment - INFO - Job J9 completed at time 2004.0, deadline: 2880, met: True, priority: 8
2025-04-13 16:23:09,243 - JSPGymEnvironment - INFO - Executed operation: Job J17, Op 5, Machine M3, Start: 2014.0, End: 2073.0, Setup: 10
2025-04-13 16:23:09,277 - JSPGymEnvironment - INFO - Executed operation: Job J17, Op 6, Machine M3, Start: 2083.0, End: 2108.0, Setup: 10
2025-04-13 16:23:09,278 - JSPGymEnvironment - INFO - Job J17 completed at time 2108.0, deadline: 2880, met: True, priority: 6
2025-04-13 16:23:09,314 - JSPGymEnvironment - INFO - Material change on machine M3: Citybike_Fahrrad_endmontiert -> Mountainbike_Antrieb_installiert, setup time: 15
2025-04-13 16:23:09,314 - JSPGymEnvironment - INFO - Executed operation: Job J5, Op 2, Machine M3, Start: 2123.0, End: 2148.0, Setup: 15
2025-04-13 16:23:09,557 - JSPGymEnvironment - INFO - Material change on machine M2: Mountainbike_Schaltauge_bearbeitet -> Citybike_Schaltauge_bearbeitet, setup time: 20
2025-04-13 16:23:09,557 - JSPGymEnvironment - INFO - Executed operation: Job J2, Op 1, Machine M2, Start: 2168.0, End: 2178.0, Setup: 20
2025-04-13 16:23:09,594 - JSPGymEnvironment - INFO - Material change on machine M3: Mountainbike_Antrieb_installiert -> Citybike_Antrieb_installiert, setup time: 15
2025-04-13 16:23:09,594 - JSPGymEnvironment - INFO - Executed operation: Job J2, Op 2, Machine M3, Start: 2193.0, End: 2221.0, Setup: 15
2025-04-13 16:23:09,629 - JSPGymEnvironment - INFO - Material change on machine M2: Citybike_Schaltauge_bearbeitet -> E-Bike_Schaltauge_bearbeitet, setup time: 20
2025-04-13 16:23:09,629 - JSPGymEnvironment - INFO - Executed operation: Job J13, Op 1, Machine M2, Start: 2241.0, End: 2264.0, Setup: 20
2025-04-13 16:23:09,663 - JSPGymEnvironment - INFO - Material change on machine M2: E-Bike_Schaltauge_bearbeitet -> Racebike_Rahmen_nachbearbeitet, setup time: 20
2025-04-13 16:23:09,663 - JSPGymEnvironment - INFO - Executed operation: Job J10, Op 4, Machine M2, Start: 2284.0, End: 2295.0, Setup: 20
2025-04-13 16:23:09,697 - JSPGymEnvironment - INFO - Material change on machine M1: Mountainbike_Hauptrahmen_zugeschnitten -> Racebike_Hauptrahmen_zugeschnitten, setup time: 40
2025-04-13 16:23:09,698 - JSPGymEnvironment - INFO - Executed operation: Job J4, Op 0, Machine M1, Start: 2335.0, End: 2360.0, Setup: 40
2025-04-13 16:23:09,738 - JSPGymEnvironment - INFO - Executed operation: Job J10, Op 5, Machine M2, Start: 2375.0, End: 2393.0, Setup: 15
2025-04-13 16:23:09,777 - JSPGymEnvironment - INFO - Material change on machine M2: Racebike_Rahmen_nachbearbeitet -> Citybike_Bremsaufnahme_gebohrt, setup time: 20
2025-04-13 16:23:09,777 - JSPGymEnvironment - INFO - Executed operation: Job J2, Op 3, Machine M2, Start: 2413.0, End: 2434.0, Setup: 20
2025-04-13 16:23:09,819 - JSPGymEnvironment - INFO - Material change on machine M2: Citybike_Bremsaufnahme_gebohrt -> Racebike_Rahmen_nachbearbeitet, setup time: 20
2025-04-13 16:23:09,819 - JSPGymEnvironment - INFO - Executed operation: Job J10, Op 6, Machine M2, Start: 2454.0, End: 2465.0, Setup: 20
2025-04-13 16:23:09,859 - JSPGymEnvironment - INFO - Material change on machine M2: Racebike_Rahmen_nachbearbeitet -> Mountainbike_Bremsaufnahme_gebohrt, setup time: 20
2025-04-13 16:23:09,859 - JSPGymEnvironment - INFO - Executed operation: Job J5, Op 3, Machine M2, Start: 2485.0, End: 2500.0, Setup: 20
2025-04-13 16:23:09,902 - JSPGymEnvironment - INFO - Material change on machine M3: Citybike_Antrieb_installiert -> Racebike_Antrieb_installiert, setup time: 15
2025-04-13 16:23:09,902 - JSPGymEnvironment - INFO - Executed operation: Job J7, Op 2, Machine M3, Start: 2515.0, End: 2539.0, Setup: 15
2025-04-13 16:23:09,939 - JSPGymEnvironment - INFO - Material change on machine M2: Mountainbike_Bremsaufnahme_gebohrt -> Racebike_Rahmen_nachbearbeitet, setup time: 20
2025-04-13 16:23:09,939 - JSPGymEnvironment - INFO - Executed operation: Job J15, Op 5, Machine M2, Start: 2559.0, End: 2582.0, Setup: 20
2025-04-13 16:23:09,974 - JSPGymEnvironment - INFO - Material change on machine M2: Racebike_Rahmen_nachbearbeitet -> Mountainbike_Schaltauge_bearbeitet, setup time: 20
2025-04-13 16:23:09,974 - JSPGymEnvironment - INFO - Executed operation: Job J12, Op 1, Machine M2, Start: 2602.0, End: 2624.0, Setup: 20
2025-04-13 16:23:10,009 - JSPGymEnvironment - INFO - Material change on machine M2: Mountainbike_Schaltauge_bearbeitet -> Racebike_Fahrrad_endmontiert, setup time: 20
2025-04-13 16:23:10,009 - JSPGymEnvironment - INFO - Executed operation: Job J10, Op 7, Machine M2, Start: 2644.0, End: 2656.0, Setup: 20
2025-04-13 16:23:10,010 - JSPGymEnvironment - INFO - Job J10 completed at time 2656.0, deadline: 2880, met: True, priority: 9
2025-04-13 16:23:10,248 - JSPGymEnvironment - INFO - Material change on machine M2: Racebike_Fahrrad_endmontiert -> E-Bike_Schaltauge_bearbeitet, setup time: 20
2025-04-13 16:23:10,248 - JSPGymEnvironment - INFO - Executed operation: Job J3, Op 1, Machine M2, Start: 2676.0, End: 2696.0, Setup: 20
2025-04-13 16:23:10,283 - JSPGymEnvironment - INFO - Material change on machine M1: Racebike_Hauptrahmen_zugeschnitten -> Citybike_Hauptrahmen_zugeschnitten, setup time: 40
2025-04-13 16:23:10,283 - JSPGymEnvironment - INFO - Executed operation: Job J14, Op 0, Machine M1, Start: 2736.0, End: 2754.0, Setup: 40
2025-04-13 16:23:10,317 - JSPGymEnvironment - INFO - Material change on machine M3: Racebike_Antrieb_installiert -> E-Bike_Antrieb_installiert, setup time: 15
2025-04-13 16:23:10,317 - JSPGymEnvironment - INFO - Executed operation: Job J13, Op 2, Machine M3, Start: 2769.0, End: 2822.0, Setup: 15
2025-04-13 16:23:10,354 - JSPGymEnvironment - INFO - Material change on machine M2: E-Bike_Schaltauge_bearbeitet -> Racebike_Bremsaufnahme_gebohrt, setup time: 20
2025-04-13 16:23:10,354 - JSPGymEnvironment - INFO - Executed operation: Job J7, Op 3, Machine M2, Start: 2842.0, End: 2865.0, Setup: 20
2025-04-13 16:23:10,387 - JSPGymEnvironment - INFO - Material change on machine M3: E-Bike_Antrieb_installiert -> Mountainbike_Antrieb_installiert, setup time: 15
2025-04-13 16:23:10,388 - JSPGymEnvironment - INFO - Executed operation: Job J20, Op 2, Machine M3, Start: 2880.0, End: 2904.0, Setup: 15
2025-04-13 16:23:10,423 - JSPGymEnvironment - INFO - Material change on machine M2: Racebike_Bremsaufnahme_gebohrt -> Citybike_Schaltauge_bearbeitet, setup time: 20
2025-04-13 16:23:10,423 - JSPGymEnvironment - INFO - Executed operation: Job J11, Op 1, Machine M2, Start: 2924.0, End: 2937.0, Setup: 20
2025-04-13 16:23:10,459 - JSPGymEnvironment - INFO - Material change on machine M2: Citybike_Schaltauge_bearbeitet -> Racebike_Rahmen_nachbearbeitet, setup time: 20
2025-04-13 16:23:10,459 - JSPGymEnvironment - INFO - Executed operation: Job J7, Op 4, Machine M2, Start: 2957.0, End: 2983.0, Setup: 20
2025-04-13 16:23:10,492 - JSPGymEnvironment - INFO - Executed operation: Job J8, Op 0, Machine M1, Start: 3008.0, End: 3027.0, Setup: 25
2025-04-13 16:23:10,527 - JSPGymEnvironment - INFO - Material change on machine M2: Racebike_Rahmen_nachbearbeitet -> Citybike_Rahmen_nachbearbeitet, setup time: 20
2025-04-13 16:23:10,527 - JSPGymEnvironment - INFO - Executed operation: Job J2, Op 4, Machine M2, Start: 3047.0, End: 3071.0, Setup: 20
2025-04-13 16:23:10,560 - JSPGymEnvironment - INFO - Material change on machine M2: Citybike_Rahmen_nachbearbeitet -> Mountainbike_Rahmen_nachbearbeitet, setup time: 20
2025-04-13 16:23:10,560 - JSPGymEnvironment - INFO - Executed operation: Job J5, Op 4, Machine M2, Start: 3091.0, End: 3121.0, Setup: 20
2025-04-13 16:23:10,594 - JSPGymEnvironment - INFO - Material change on machine M2: Mountainbike_Rahmen_nachbearbeitet -> E-Bike_Bremsaufnahme_gebohrt, setup time: 20
2025-04-13 16:23:10,594 - JSPGymEnvironment - INFO - Executed operation: Job J13, Op 3, Machine M2, Start: 3141.0, End: 3163.0, Setup: 20
2025-04-13 16:23:10,629 - JSPGymEnvironment - INFO - Material change on machine M3: Mountainbike_Antrieb_installiert -> Racebike_Fahrrad_endmontiert, setup time: 15
2025-04-13 16:23:10,629 - JSPGymEnvironment - INFO - Executed operation: Job J15, Op 6, Machine M3, Start: 3178.0, End: 3205.0, Setup: 15
2025-04-13 16:23:10,662 - JSPGymEnvironment - INFO - Material change on machine M3: Racebike_Fahrrad_endmontiert -> Mountainbike_Antrieb_installiert, setup time: 15
2025-04-13 16:23:10,662 - JSPGymEnvironment - INFO - Executed operation: Job J18, Op 2, Machine M3, Start: 3220.0, End: 3249.0, Setup: 15
2025-04-13 16:23:10,696 - JSPGymEnvironment - INFO - Executed operation: Job J12, Op 2, Machine M3, Start: 3259.0, End: 3304.0, Setup: 10
2025-04-13 16:23:10,730 - JSPGymEnvironment - INFO - Material change on machine M3: Mountainbike_Antrieb_installiert -> Racebike_Fahrrad_endmontiert, setup time: 15
2025-04-13 16:23:10,730 - JSPGymEnvironment - INFO - Executed operation: Job J15, Op 7, Machine M3, Start: 3319.0, End: 3365.0, Setup: 15
2025-04-13 16:23:10,730 - JSPGymEnvironment - INFO - Job J15 completed at time 3365.0, deadline: 2833, met: False, priority: 10
2025-04-13 16:23:10,971 - JSPGymEnvironment - INFO - Material change on machine M3: Racebike_Fahrrad_endmontiert -> Citybike_Fahrrad_endmontiert, setup time: 15
2025-04-13 16:23:10,972 - JSPGymEnvironment - INFO - Executed operation: Job J2, Op 5, Machine M3, Start: 3380.0, End: 3401.0, Setup: 15
2025-04-13 16:23:10,972 - JSPGymEnvironment - INFO - Job J2 completed at time 3401.0, deadline: 2880, met: False, priority: 3
2025-04-13 16:23:11,011 - JSPGymEnvironment - INFO - Material change on machine M2: E-Bike_Bremsaufnahme_gebohrt -> Mountainbike_Fahrrad_endmontiert, setup time: 20
2025-04-13 16:23:11,011 - JSPGymEnvironment - INFO - Executed operation: Job J5, Op 5, Machine M2, Start: 3421.0, End: 3443.0, Setup: 20
2025-04-13 16:23:11,011 - JSPGymEnvironment - INFO - Job J5 completed at time 3443.0, deadline: 2880, met: False, priority: 1
2025-04-13 16:23:11,050 - JSPGymEnvironment - INFO - Material change on machine M2: Mountainbike_Fahrrad_endmontiert -> Racebike_Schaltauge_bearbeitet, setup time: 20
2025-04-13 16:23:11,050 - JSPGymEnvironment - INFO - Executed operation: Job J4, Op 1, Machine M2, Start: 3463.0, End: 3478.0, Setup: 20
2025-04-13 16:23:11,091 - JSPGymEnvironment - INFO - Material change on machine M3: Citybike_Fahrrad_endmontiert -> Racebike_Antrieb_installiert, setup time: 15
2025-04-13 16:23:11,091 - JSPGymEnvironment - INFO - Executed operation: Job J4, Op 2, Machine M3, Start: 3493.0, End: 3533.0, Setup: 15
2025-04-13 16:23:11,128 - JSPGymEnvironment - INFO - Material change on machine M2: Racebike_Schaltauge_bearbeitet -> Citybike_Schaltauge_bearbeitet, setup time: 20
2025-04-13 16:23:11,128 - JSPGymEnvironment - INFO - Executed operation: Job J14, Op 1, Machine M2, Start: 3553.0, End: 3569.0, Setup: 20
2025-04-13 16:23:11,162 - JSPGymEnvironment - INFO - Material change on machine M3: Racebike_Antrieb_installiert -> Mountainbike_Bremsen_justiert, setup time: 15
2025-04-13 16:23:11,162 - JSPGymEnvironment - INFO - Executed operation: Job J18, Op 3, Machine M3, Start: 3584.0, End: 3639.0, Setup: 15
2025-04-13 16:23:11,196 - JSPGymEnvironment - INFO - Material change on machine M2: Citybike_Schaltauge_bearbeitet -> Mountainbike_Bremsaufnahme_gebohrt, setup time: 20
2025-04-13 16:23:11,196 - JSPGymEnvironment - INFO - Executed operation: Job J12, Op 3, Machine M2, Start: 3659.0, End: 3685.0, Setup: 20
2025-04-13 16:23:11,230 - JSPGymEnvironment - INFO - Material change on machine M3: Mountainbike_Bremsen_justiert -> Citybike_Antrieb_installiert, setup time: 15
2025-04-13 16:23:11,230 - JSPGymEnvironment - INFO - Executed operation: Job J14, Op 2, Machine M3, Start: 3700.0, End: 3722.0, Setup: 15
2025-04-13 16:23:11,266 - JSPGymEnvironment - INFO - Material change on machine M1: Citybike_Hauptrahmen_zugeschnitten -> Racebike_Hauptrahmen_zugeschnitten, setup time: 40
2025-04-13 16:23:11,266 - JSPGymEnvironment - INFO - Executed operation: Job J1, Op 0, Machine M1, Start: 3762.0, End: 3802.0, Setup: 40
2025-04-13 16:23:11,302 - JSPGymEnvironment - INFO - Material change on machine M3: Citybike_Antrieb_installiert -> Mountainbike_Bremsen_justiert, setup time: 15
2025-04-13 16:23:11,302 - JSPGymEnvironment - INFO - Executed operation: Job J20, Op 3, Machine M3, Start: 3817.0, End: 3858.0, Setup: 15
2025-04-13 16:23:11,336 - JSPGymEnvironment - INFO - Material change on machine M2: Mountainbike_Bremsaufnahme_gebohrt -> Racebike_Schaltauge_bearbeitet, setup time: 20
2025-04-13 16:23:11,336 - JSPGymEnvironment - INFO - Executed operation: Job J1, Op 1, Machine M2, Start: 3878.0, End: 3894.0, Setup: 20
2025-04-13 16:23:11,370 - JSPGymEnvironment - INFO - Material change on machine M2: Racebike_Schaltauge_bearbeitet -> Mountainbike_Rahmen_nachbearbeitet, setup time: 20
2025-04-13 16:23:11,371 - JSPGymEnvironment - INFO - Executed operation: Job J12, Op 4, Machine M2, Start: 3914.0, End: 3942.0, Setup: 20
2025-04-13 16:23:11,407 - JSPGymEnvironment - INFO - Material change on machine M2: Mountainbike_Rahmen_nachbearbeitet -> Mountainbike_Fahrrad_endmontiert, setup time: 20
2025-04-13 16:23:11,407 - JSPGymEnvironment - INFO - Executed operation: Job J18, Op 4, Machine M2, Start: 3962.0, End: 3975.0, Setup: 20
2025-04-13 16:23:11,407 - JSPGymEnvironment - INFO - Job J18 completed at time 3975.0, deadline: 2880, met: False, priority: 6
2025-04-13 16:23:11,442 - JSPGymEnvironment - INFO - Material change on machine M2: Mountainbike_Fahrrad_endmontiert -> Mountainbike_Rahmen_nachbearbeitet, setup time: 20
2025-04-13 16:23:11,443 - JSPGymEnvironment - INFO - Executed operation: Job J20, Op 4, Machine M2, Start: 3995.0, End: 4012.0, Setup: 20
2025-04-13 16:23:11,679 - JSPGymEnvironment - INFO - Material change on machine M3: Mountainbike_Bremsen_justiert -> E-Bike_Antrieb_installiert, setup time: 15
2025-04-13 16:23:11,679 - JSPGymEnvironment - INFO - Executed operation: Job J3, Op 2, Machine M3, Start: 4027.0, End: 4085.0, Setup: 15
2025-04-13 16:23:11,715 - JSPGymEnvironment - INFO - Material change on machine M2: Mountainbike_Rahmen_nachbearbeitet -> Racebike_Rahmen_nachbearbeitet, setup time: 20
2025-04-13 16:23:11,715 - JSPGymEnvironment - INFO - Executed operation: Job J7, Op 5, Machine M2, Start: 4105.0, End: 4123.0, Setup: 20
2025-04-13 16:23:11,751 - JSPGymEnvironment - INFO - Material change on machine M2: Racebike_Rahmen_nachbearbeitet -> Citybike_Schaltauge_bearbeitet, setup time: 20
2025-04-13 16:23:11,751 - JSPGymEnvironment - INFO - Executed operation: Job J8, Op 1, Machine M2, Start: 4143.0, End: 4156.0, Setup: 20
2025-04-13 16:23:11,785 - JSPGymEnvironment - INFO - Material change on machine M2: Citybike_Schaltauge_bearbeitet -> Racebike_Bremsaufnahme_gebohrt, setup time: 20
2025-04-13 16:23:11,785 - JSPGymEnvironment - INFO - Executed operation: Job J4, Op 3, Machine M2, Start: 4176.0, End: 4190.0, Setup: 20
2025-04-13 16:23:11,820 - JSPGymEnvironment - INFO - Material change on machine M3: E-Bike_Antrieb_installiert -> Mountainbike_Fahrrad_endmontiert, setup time: 15
2025-04-13 16:23:11,820 - JSPGymEnvironment - INFO - Executed operation: Job J20, Op 5, Machine M3, Start: 4205.0, End: 4230.0, Setup: 15
2025-04-13 16:23:11,856 - JSPGymEnvironment - INFO - Executed operation: Job J20, Op 6, Machine M3, Start: 4240.0, End: 4280.0, Setup: 10
2025-04-13 16:23:11,856 - JSPGymEnvironment - INFO - Job J20 completed at time 4280.0, deadline: 2744, met: False, priority: 3
2025-04-13 16:23:11,891 - JSPGymEnvironment - INFO - Material change on machine M3: Mountainbike_Fahrrad_endmontiert -> Citybike_Antrieb_installiert, setup time: 15
2025-04-13 16:23:11,891 - JSPGymEnvironment - INFO - Executed operation: Job J11, Op 2, Machine M3, Start: 4295.0, End: 4337.0, Setup: 15
2025-04-13 16:23:11,925 - JSPGymEnvironment - INFO - Material change on machine M2: Racebike_Bremsaufnahme_gebohrt -> Racebike_Rahmen_nachbearbeitet, setup time: 20
2025-04-13 16:23:11,925 - JSPGymEnvironment - INFO - Executed operation: Job J7, Op 6, Machine M2, Start: 4357.0, End: 4372.0, Setup: 20
2025-04-13 16:23:11,958 - JSPGymEnvironment - INFO - Material change on machine M1: Racebike_Hauptrahmen_zugeschnitten -> E-Bike_Hauptrahmen_zugeschnitten, setup time: 40
2025-04-13 16:23:11,959 - JSPGymEnvironment - INFO - Executed operation: Job J19, Op 0, Machine M1, Start: 4412.0, End: 4427.0, Setup: 40
2025-04-13 16:23:11,993 - JSPGymEnvironment - INFO - Material change on machine M2: Racebike_Rahmen_nachbearbeitet -> Mountainbike_Rahmen_nachbearbeitet, setup time: 20
2025-04-13 16:23:11,994 - JSPGymEnvironment - INFO - Executed operation: Job J12, Op 5, Machine M2, Start: 4447.0, End: 4475.0, Setup: 20
2025-04-13 16:23:12,027 - JSPGymEnvironment - INFO - Executed operation: Job J8, Op 2, Machine M3, Start: 4485.0, End: 4539.0, Setup: 10
2025-04-13 16:23:12,062 - JSPGymEnvironment - INFO - Material change on machine M3: Citybike_Antrieb_installiert -> Racebike_Antrieb_installiert, setup time: 15
2025-04-13 16:23:12,062 - JSPGymEnvironment - INFO - Executed operation: Job J1, Op 2, Machine M3, Start: 4554.0, End: 4590.0, Setup: 15
2025-04-13 16:23:12,095 - JSPGymEnvironment - INFO - Material change on machine M2: Mountainbike_Rahmen_nachbearbeitet -> Racebike_Rahmen_nachbearbeitet, setup time: 20
2025-04-13 16:23:12,095 - JSPGymEnvironment - INFO - Executed operation: Job J4, Op 4, Machine M2, Start: 4610.0, End: 4635.0, Setup: 20
2025-04-13 16:23:12,131 - JSPGymEnvironment - INFO - Material change on machine M2: Racebike_Rahmen_nachbearbeitet -> Racebike_Fahrrad_endmontiert, setup time: 20
2025-04-13 16:23:12,131 - JSPGymEnvironment - INFO - Executed operation: Job J7, Op 7, Machine M2, Start: 4655.0, End: 4680.0, Setup: 20
2025-04-13 16:23:12,131 - JSPGymEnvironment - INFO - Job J7 completed at time 4680.0, deadline: 2880, met: False, priority: 9
2025-04-13 16:23:12,395 - JSPGymEnvironment - INFO - Material change on machine M3: Racebike_Antrieb_installiert -> Citybike_Bremsen_justiert, setup time: 15
2025-04-13 16:23:12,395 - JSPGymEnvironment - INFO - Executed operation: Job J11, Op 3, Machine M3, Start: 4695.0, End: 4717.0, Setup: 15
2025-04-13 16:23:12,432 - JSPGymEnvironment - INFO - Material change on machine M3: Citybike_Bremsen_justiert -> Citybike_Fahrrad_endmontiert, setup time: 15
2025-04-13 16:23:12,433 - JSPGymEnvironment - INFO - Executed operation: Job J11, Op 4, Machine M3, Start: 4732.0, End: 4771.0, Setup: 15
2025-04-13 16:23:12,466 - JSPGymEnvironment - INFO - Material change on machine M2: Racebike_Fahrrad_endmontiert -> Citybike_Rahmen_nachbearbeitet, setup time: 20
2025-04-13 16:23:12,466 - JSPGymEnvironment - INFO - Executed operation: Job J11, Op 5, Machine M2, Start: 4791.0, End: 4808.0, Setup: 20
2025-04-13 16:23:12,502 - JSPGymEnvironment - INFO - Material change on machine M2: Citybike_Rahmen_nachbearbeitet -> Citybike_Bremsaufnahme_gebohrt, setup time: 20
2025-04-13 16:23:12,502 - JSPGymEnvironment - INFO - Executed operation: Job J14, Op 3, Machine M2, Start: 4828.0, End: 4846.0, Setup: 20
2025-04-13 16:23:12,536 - JSPGymEnvironment - INFO - Material change on machine M2: Citybike_Bremsaufnahme_gebohrt -> Racebike_Bremsaufnahme_gebohrt, setup time: 20
2025-04-13 16:23:12,536 - JSPGymEnvironment - INFO - Executed operation: Job J1, Op 3, Machine M2, Start: 4866.0, End: 4884.0, Setup: 20
2025-04-13 16:23:12,570 - JSPGymEnvironment - INFO - Material change on machine M2: Racebike_Bremsaufnahme_gebohrt -> E-Bike_Schaltauge_bearbeitet, setup time: 20
2025-04-13 16:23:12,570 - JSPGymEnvironment - INFO - Executed operation: Job J19, Op 1, Machine M2, Start: 4904.0, End: 4934.0, Setup: 20
2025-04-13 16:23:12,604 - JSPGymEnvironment - INFO - Material change on machine M2: E-Bike_Schaltauge_bearbeitet -> Racebike_Rahmen_nachbearbeitet, setup time: 20
2025-04-13 16:23:12,604 - JSPGymEnvironment - INFO - Executed operation: Job J4, Op 5, Machine M2, Start: 4954.0, End: 4978.0, Setup: 20
2025-04-13 16:23:12,638 - JSPGymEnvironment - INFO - Material change on machine M2: Racebike_Rahmen_nachbearbeitet -> Mountainbike_Fahrrad_endmontiert, setup time: 20
2025-04-13 16:23:12,639 - JSPGymEnvironment - INFO - Executed operation: Job J12, Op 6, Machine M2, Start: 4998.0, End: 5020.0, Setup: 20
2025-04-13 16:23:12,639 - JSPGymEnvironment - INFO - Job J12 completed at time 5020.0, deadline: 2863, met: False, priority: 2
2025-04-13 16:23:12,673 - JSPGymEnvironment - INFO - Material change on machine M2: Mountainbike_Fahrrad_endmontiert -> E-Bike_Bremsaufnahme_gebohrt, setup time: 20
2025-04-13 16:23:12,673 - JSPGymEnvironment - INFO - Executed operation: Job J3, Op 3, Machine M2, Start: 5040.0, End: 5070.0, Setup: 20
2025-04-13 16:23:12,707 - JSPGymEnvironment - INFO - Material change on machine M3: Citybike_Fahrrad_endmontiert -> Racebike_Fahrrad_endmontiert, setup time: 15
2025-04-13 16:23:12,707 - JSPGymEnvironment - INFO - Executed operation: Job J4, Op 6, Machine M3, Start: 5085.0, End: 5111.0, Setup: 15
2025-04-13 16:23:12,707 - JSPGymEnvironment - INFO - Job J4 completed at time 5111.0, deadline: 2757, met: False, priority: 7
2025-04-13 16:23:12,742 - JSPGymEnvironment - INFO - Material change on machine M2: E-Bike_Bremsaufnahme_gebohrt -> E-Bike_Rahmen_nachbearbeitet, setup time: 20
2025-04-13 16:23:12,743 - JSPGymEnvironment - INFO - Executed operation: Job J3, Op 4, Machine M2, Start: 5131.0, End: 5148.0, Setup: 20
2025-04-13 16:23:12,777 - JSPGymEnvironment - INFO - Material change on machine M3: Racebike_Fahrrad_endmontiert -> E-Bike_Antrieb_installiert, setup time: 15
2025-04-13 16:23:12,777 - JSPGymEnvironment - INFO - Executed operation: Job J19, Op 2, Machine M3, Start: 5163.0, End: 5185.0, Setup: 15
2025-04-13 16:23:12,812 - JSPGymEnvironment - INFO - Material change on machine M3: E-Bike_Antrieb_installiert -> Citybike_Bremsen_justiert, setup time: 15
2025-04-13 16:23:12,812 - JSPGymEnvironment - INFO - Executed operation: Job J8, Op 3, Machine M3, Start: 5200.0, End: 5258.0, Setup: 15
2025-04-13 16:23:13,053 - JSPGymEnvironment - INFO - Material change on machine M3: Citybike_Bremsen_justiert -> E-Bike_Fahrrad_endmontiert, setup time: 15
2025-04-13 16:23:13,053 - JSPGymEnvironment - INFO - Executed operation: Job J13, Op 4, Machine M3, Start: 5273.0, End: 5326.0, Setup: 15
2025-04-13 16:23:13,053 - JSPGymEnvironment - INFO - Job J13 completed at time 5326.0, deadline: 2863, met: False, priority: 7
2025-04-13 16:23:13,087 - JSPGymEnvironment - INFO - Material change on machine M2: E-Bike_Rahmen_nachbearbeitet -> Citybike_Rahmen_nachbearbeitet, setup time: 20
2025-04-13 16:23:13,087 - JSPGymEnvironment - INFO - Executed operation: Job J14, Op 4, Machine M2, Start: 5346.0, End: 5375.0, Setup: 20
2025-04-13 16:23:13,121 - JSPGymEnvironment - INFO - Executed operation: Job J11, Op 6, Machine M2, Start: 5390.0, End: 5412.0, Setup: 15
2025-04-13 16:23:13,156 - JSPGymEnvironment - INFO - Executed operation: Job J14, Op 5, Machine M2, Start: 5427.0, End: 5457.0, Setup: 15
2025-04-13 16:23:13,189 - JSPGymEnvironment - INFO - Material change on machine M1: E-Bike_Hauptrahmen_zugeschnitten -> Racebike_Hauptrahmen_zugeschnitten, setup time: 40
2025-04-13 16:23:13,189 - JSPGymEnvironment - INFO - Executed operation: Job J6, Op 0, Machine M1, Start: 5497.0, End: 5533.0, Setup: 40
2025-04-13 16:23:13,223 - JSPGymEnvironment - INFO - Material change on machine M2: Citybike_Rahmen_nachbearbeitet -> E-Bike_Rahmen_nachbearbeitet, setup time: 20
2025-04-13 16:23:13,223 - JSPGymEnvironment - INFO - Executed operation: Job J3, Op 5, Machine M2, Start: 5553.0, End: 5574.0, Setup: 20
2025-04-13 16:23:13,257 - JSPGymEnvironment - INFO - Material change on machine M2: E-Bike_Rahmen_nachbearbeitet -> Racebike_Schaltauge_bearbeitet, setup time: 20
2025-04-13 16:23:13,257 - JSPGymEnvironment - INFO - Executed operation: Job J6, Op 1, Machine M2, Start: 5594.0, End: 5607.0, Setup: 20
2025-04-13 16:23:13,290 - JSPGymEnvironment - INFO - Material change on machine M2: Racebike_Schaltauge_bearbeitet -> Citybike_Rahmen_nachbearbeitet, setup time: 20
2025-04-13 16:23:13,290 - JSPGymEnvironment - INFO - Executed operation: Job J14, Op 6, Machine M2, Start: 5627.0, End: 5651.0, Setup: 20
2025-04-13 16:23:13,323 - JSPGymEnvironment - INFO - Material change on machine M3: E-Bike_Fahrrad_endmontiert -> Citybike_Fahrrad_endmontiert, setup time: 15
2025-04-13 16:23:13,323 - JSPGymEnvironment - INFO - Executed operation: Job J8, Op 4, Machine M3, Start: 5666.0, End: 5715.0, Setup: 15
2025-04-13 16:23:13,362 - JSPGymEnvironment - INFO - Material change on machine M2: Citybike_Rahmen_nachbearbeitet -> Citybike_Fahrrad_endmontiert, setup time: 20
2025-04-13 16:23:13,362 - JSPGymEnvironment - INFO - Executed operation: Job J14, Op 7, Machine M2, Start: 5735.0, End: 5756.0, Setup: 20
2025-04-13 16:23:13,362 - JSPGymEnvironment - INFO - Job J14 completed at time 5756.0, deadline: 2880, met: False, priority: 3
2025-04-13 16:23:13,403 - JSPGymEnvironment - INFO - Material change on machine M2: Citybike_Fahrrad_endmontiert -> E-Bike_Bremsaufnahme_gebohrt, setup time: 20
2025-04-13 16:23:13,404 - JSPGymEnvironment - INFO - Executed operation: Job J19, Op 3, Machine M2, Start: 5776.0, End: 5789.0, Setup: 20
2025-04-13 16:23:13,443 - JSPGymEnvironment - INFO - Material change on machine M2: E-Bike_Bremsaufnahme_gebohrt -> E-Bike_Fahrrad_endmontiert, setup time: 20
2025-04-13 16:23:13,443 - JSPGymEnvironment - INFO - Executed operation: Job J3, Op 6, Machine M2, Start: 5809.0, End: 5819.0, Setup: 20
2025-04-13 16:23:13,443 - JSPGymEnvironment - INFO - Job J3 completed at time 5819.0, deadline: 2862, met: False, priority: 8
2025-04-13 16:23:13,484 - JSPGymEnvironment - INFO - Material change on machine M2: E-Bike_Fahrrad_endmontiert -> Citybike_Fahrrad_endmontiert, setup time: 20
2025-04-13 16:23:13,484 - JSPGymEnvironment - INFO - Executed operation: Job J11, Op 7, Machine M2, Start: 5839.0, End: 5868.0, Setup: 20
2025-04-13 16:23:13,484 - JSPGymEnvironment - INFO - Job J11 completed at time 5868.0, deadline: 2880, met: False, priority: 7
2025-04-13 16:23:13,524 - JSPGymEnvironment - INFO - Material change on machine M2: Citybike_Fahrrad_endmontiert -> Racebike_Rahmen_nachbearbeitet, setup time: 20
2025-04-13 16:23:13,525 - JSPGymEnvironment - INFO - Executed operation: Job J1, Op 4, Machine M2, Start: 5888.0, End: 5910.0, Setup: 20
2025-04-13 16:23:13,558 - JSPGymEnvironment - INFO - Material change on machine M3: Citybike_Fahrrad_endmontiert -> Racebike_Antrieb_installiert, setup time: 15
2025-04-13 16:23:13,558 - JSPGymEnvironment - INFO - Executed operation: Job J6, Op 2, Machine M3, Start: 5925.0, End: 5963.0, Setup: 15
2025-04-13 16:23:13,791 - JSPGymEnvironment - INFO - Material change on machine M2: Racebike_Rahmen_nachbearbeitet -> E-Bike_Rahmen_nachbearbeitet, setup time: 20
2025-04-13 16:23:13,791 - JSPGymEnvironment - INFO - Executed operation: Job J19, Op 4, Machine M2, Start: 5983.0, End: 6000.0, Setup: 20
2025-04-13 16:23:13,824 - JSPGymEnvironment - INFO - Material change on machine M3: Racebike_Antrieb_installiert -> Racebike_Bremsen_justiert, setup time: 15
2025-04-13 16:23:13,825 - JSPGymEnvironment - INFO - Executed operation: Job J6, Op 3, Machine M3, Start: 6015.0, End: 6073.0, Setup: 15
2025-04-13 16:23:13,857 - JSPGymEnvironment - INFO - Material change on machine M2: E-Bike_Rahmen_nachbearbeitet -> Racebike_Fahrrad_endmontiert, setup time: 20
2025-04-13 16:23:13,858 - JSPGymEnvironment - INFO - Executed operation: Job J1, Op 5, Machine M2, Start: 6093.0, End: 6105.0, Setup: 20
2025-04-13 16:23:13,858 - JSPGymEnvironment - INFO - Job J1 completed at time 6105.0, deadline: 2790, met: False, priority: 7
2025-04-13 16:23:13,890 - JSPGymEnvironment - INFO - Material change on machine M2: Racebike_Fahrrad_endmontiert -> E-Bike_Rahmen_nachbearbeitet, setup time: 20
2025-04-13 16:23:13,890 - JSPGymEnvironment - INFO - Executed operation: Job J19, Op 5, Machine M2, Start: 6125.0, End: 6146.0, Setup: 20
2025-04-13 16:23:13,923 - JSPGymEnvironment - INFO - Material change on machine M2: E-Bike_Rahmen_nachbearbeitet -> Citybike_Fahrrad_endmontiert, setup time: 20
2025-04-13 16:23:13,923 - JSPGymEnvironment - INFO - Executed operation: Job J8, Op 5, Machine M2, Start: 6166.0, End: 6196.0, Setup: 20
2025-04-13 16:23:13,923 - JSPGymEnvironment - INFO - Job J8 completed at time 6196.0, deadline: 2762, met: False, priority: 5
2025-04-13 16:23:13,957 - JSPGymEnvironment - INFO - Material change on machine M2: Citybike_Fahrrad_endmontiert -> E-Bike_Fahrrad_endmontiert, setup time: 20
2025-04-13 16:23:13,957 - JSPGymEnvironment - INFO - Executed operation: Job J19, Op 6, Machine M2, Start: 6216.0, End: 6241.0, Setup: 20
2025-04-13 16:23:13,957 - JSPGymEnvironment - INFO - Job J19 completed at time 6241.0, deadline: 2737, met: False, priority: 8
2025-04-13 16:23:13,990 - JSPGymEnvironment - INFO - Material change on machine M3: Racebike_Bremsen_justiert -> Racebike_Fahrrad_endmontiert, setup time: 15
2025-04-13 16:23:13,990 - JSPGymEnvironment - INFO - Executed operation: Job J6, Op 4, Machine M3, Start: 6256.0, End: 6297.0, Setup: 15
2025-04-13 16:23:13,990 - JSPGymEnvironment - INFO - Job J6 completed at time 6297.0, deadline: 2880, met: False, priority: 10
2025-04-13 16:23:13,990 - JSPGymEnvironment - INFO - Reward function updated with 52 insights
2025-04-13 16:23:13,991 - JSPGymEnvironment - INFO -   Material change on critical path at Job 5 Operation 0 on Machine M1 (Severity: 1.00)
2025-04-13 16:23:13,991 - JSPGymEnvironment - INFO -   Material change on critical path at Job 5 Operation 1 on Machine M2 (Severity: 1.00)
2025-04-13 16:23:13,991 - JSPGymEnvironment - INFO -   Material change on critical path at Job 5 Operation 2 on Machine M3 (Severity: 1.00)
2025-04-13 16:23:13,991 - JSPGymEnvironment - INFO -   Material change on critical path at Job 5 Operation 3 on Machine M3 (Severity: 1.00)
2025-04-13 16:23:13,991 - JSPGymEnvironment - INFO -   Idle time on critical path before Job 5 Operation 3 on Machine M3 (Severity: 0.90)
2025-04-13 16:23:13,991 - JSPGymEnvironment - INFO -   Material change on critical path at Job 5 Operation 4 on Machine M3 (Severity: 1.00)
2025-04-13 16:23:13,991 - JSPGymEnvironment - INFO -   Idle time on critical path before Job 5 Operation 4 on Machine M3 (Severity: 4.46)
2025-04-13 16:23:13,991 - JSPGymEnvironment - INFO -   High priority (9) not on critical path: Job 6 Operation 0 (Severity: 0.67)
2025-04-13 16:23:13,991 - JSPGymEnvironment - INFO -   High priority (8) not on critical path: Job 8 Operation 0 (Severity: 0.33)
2025-04-13 16:23:13,991 - JSPGymEnvironment - INFO -   High priority (8) not on critical path: Job 8 Operation 1 (Severity: 0.33)
2025-04-13 16:23:13,991 - JSPGymEnvironment - INFO -   High priority (10) not on critical path: Job 14 Operation 0 (Severity: 1.00)
2025-04-13 16:23:13,991 - JSPGymEnvironment - INFO -   High priority (8) not on critical path: Job 8 Operation 2 (Severity: 0.33)
2025-04-13 16:23:13,991 - JSPGymEnvironment - INFO -   High priority (8) not on critical path: Job 8 Operation 3 (Severity: 0.33)
2025-04-13 16:23:13,991 - JSPGymEnvironment - INFO -   High priority (10) not on critical path: Job 14 Operation 1 (Severity: 1.00)
2025-04-13 16:23:13,991 - JSPGymEnvironment - INFO -   High priority (10) not on critical path: Job 14 Operation 2 (Severity: 1.00)
2025-04-13 16:23:13,991 - JSPGymEnvironment - INFO -   High priority (9) not on critical path: Job 9 Operation 0 (Severity: 0.67)
2025-04-13 16:23:13,991 - JSPGymEnvironment - INFO -   High priority (8) not on critical path: Job 8 Operation 4 (Severity: 0.33)
2025-04-13 16:23:13,991 - JSPGymEnvironment - INFO -   High priority (10) not on critical path: Job 14 Operation 3 (Severity: 1.00)
2025-04-13 16:23:13,992 - JSPGymEnvironment - INFO -   High priority (10) not on critical path: Job 14 Operation 4 (Severity: 1.00)
2025-04-13 16:23:13,992 - JSPGymEnvironment - INFO -   High priority (9) not on critical path: Job 6 Operation 1 (Severity: 0.67)
2025-04-13 16:23:13,992 - JSPGymEnvironment - INFO -   High priority (9) not on critical path: Job 9 Operation 1 (Severity: 0.67)
2025-04-13 16:23:13,992 - JSPGymEnvironment - INFO -   High priority (8) not on critical path: Job 2 Operation 0 (Severity: 0.33)
2025-04-13 16:23:13,992 - JSPGymEnvironment - INFO -   High priority (8) not on critical path: Job 8 Operation 5 (Severity: 0.33)
2025-04-13 16:23:13,992 - JSPGymEnvironment - INFO -   High priority (9) not on critical path: Job 9 Operation 2 (Severity: 0.67)
2025-04-13 16:23:13,992 - JSPGymEnvironment - INFO -   High priority (9) not on critical path: Job 9 Operation 3 (Severity: 0.67)
2025-04-13 16:23:13,992 - JSPGymEnvironment - INFO -   High priority (8) not on critical path: Job 8 Operation 6 (Severity: 0.33)
2025-04-13 16:23:13,992 - JSPGymEnvironment - INFO -   High priority (9) not on critical path: Job 9 Operation 4 (Severity: 0.67)
2025-04-13 16:23:13,992 - JSPGymEnvironment - INFO -   High priority (9) not on critical path: Job 9 Operation 5 (Severity: 0.67)
2025-04-13 16:23:13,992 - JSPGymEnvironment - INFO -   High priority (9) not on critical path: Job 9 Operation 6 (Severity: 0.67)
2025-04-13 16:23:13,992 - JSPGymEnvironment - INFO -   High priority (9) not on critical path: Job 6 Operation 2 (Severity: 0.67)
2025-04-13 16:23:13,992 - JSPGymEnvironment - INFO -   High priority (10) not on critical path: Job 14 Operation 5 (Severity: 1.00)
2025-04-13 16:23:13,992 - JSPGymEnvironment - INFO -   High priority (9) not on critical path: Job 9 Operation 7 (Severity: 0.67)
2025-04-13 16:23:13,992 - JSPGymEnvironment - INFO -   High priority (8) not on critical path: Job 2 Operation 1 (Severity: 0.33)
2025-04-13 16:23:13,992 - JSPGymEnvironment - INFO -   High priority (9) not on critical path: Job 6 Operation 3 (Severity: 0.67)
2025-04-13 16:23:13,992 - JSPGymEnvironment - INFO -   High priority (9) not on critical path: Job 6 Operation 4 (Severity: 0.67)
2025-04-13 16:23:13,992 - JSPGymEnvironment - INFO -   High priority (10) not on critical path: Job 14 Operation 6 (Severity: 1.00)
2025-04-13 16:23:13,992 - JSPGymEnvironment - INFO -   High priority (10) not on critical path: Job 14 Operation 7 (Severity: 1.00)
2025-04-13 16:23:13,992 - JSPGymEnvironment - INFO -   High priority (8) not on critical path: Job 2 Operation 2 (Severity: 0.33)
2025-04-13 16:23:13,992 - JSPGymEnvironment - INFO -   High priority (9) not on critical path: Job 6 Operation 5 (Severity: 0.67)
2025-04-13 16:23:13,993 - JSPGymEnvironment - INFO -   High priority (9) not on critical path: Job 6 Operation 6 (Severity: 0.67)
2025-04-13 16:23:13,993 - JSPGymEnvironment - INFO -   High priority (8) not on critical path: Job 18 Operation 0 (Severity: 0.33)
2025-04-13 16:23:13,993 - JSPGymEnvironment - INFO -   High priority (9) not on critical path: Job 6 Operation 7 (Severity: 0.67)
2025-04-13 16:23:13,993 - JSPGymEnvironment - INFO -   High priority (8) not on critical path: Job 18 Operation 1 (Severity: 0.33)
2025-04-13 16:23:13,993 - JSPGymEnvironment - INFO -   High priority (8) not on critical path: Job 2 Operation 3 (Severity: 0.33)
2025-04-13 16:23:13,993 - JSPGymEnvironment - INFO -   High priority (8) not on critical path: Job 2 Operation 4 (Severity: 0.33)
2025-04-13 16:23:13,993 - JSPGymEnvironment - INFO -   High priority (8) not on critical path: Job 18 Operation 2 (Severity: 0.33)
2025-04-13 16:23:13,993 - JSPGymEnvironment - INFO -   High priority (8) not on critical path: Job 2 Operation 5 (Severity: 0.33)
2025-04-13 16:23:13,993 - JSPGymEnvironment - INFO -   High priority (8) not on critical path: Job 18 Operation 3 (Severity: 0.33)
2025-04-13 16:23:13,993 - JSPGymEnvironment - INFO -   High priority (8) not on critical path: Job 2 Operation 6 (Severity: 0.33)
2025-04-13 16:23:13,993 - JSPGymEnvironment - INFO -   High priority (8) not on critical path: Job 18 Operation 4 (Severity: 0.33)
2025-04-13 16:23:13,993 - JSPGymEnvironment - INFO -   High priority (8) not on critical path: Job 18 Operation 5 (Severity: 0.33)
2025-04-13 16:23:13,993 - JSPGymEnvironment - INFO -   High priority (8) not on critical path: Job 18 Operation 6 (Severity: 0.33)
2025-04-13 16:23:13,993 - JSPGymEnvironment - INFO - Episode completed. Critical path: 5 operations, Suboptimal placements: 52
2025-04-13 16:23:13,993 - JSPGymEnvironment - INFO - Reward components: {'makespan_reward': -0.56, 'setup_reward': -7.5, 'idle_penalty': 0.0, 'deadline_reward': -5.932291666666667, 'priority_reward': 20.0, 'critical_job_reward': 15.0, 'global_progress_reward': 5.0, 'objective_reward': 0.0, 'placement_reward': -5.0, 'lookahead_reward': 0.0}
2025-04-13 16:24:43,505 - JSPGymEnvironment - INFO - Environment reset
2025-04-13 16:24:43,547 - JSPGymEnvironment - INFO - Material change on machine M1:  -> Racebike_Hauptrahmen_zugeschnitten, setup time: 0
2025-04-13 16:24:43,547 - JSPGymEnvironment - INFO - Executed operation: Job J1, Op 0, Machine M1, Start: 0.0, End: 40.0, Setup: 0
2025-04-13 16:24:43,583 - JSPGymEnvironment - INFO - Executed operation: Job J10, Op 0, Machine M1, Start: 65.0, End: 97.0, Setup: 25
2025-04-13 16:24:43,624 - JSPGymEnvironment - INFO - Material change on machine M2:  -> Racebike_Schaltauge_bearbeitet, setup time: 0
2025-04-13 16:24:43,624 - JSPGymEnvironment - INFO - Executed operation: Job J10, Op 1, Machine M2, Start: 97.0, End: 122.0, Setup: 0
2025-04-13 16:24:43,670 - JSPGymEnvironment - INFO - Material change on machine M1: Racebike_Hauptrahmen_zugeschnitten -> E-Bike_Hauptrahmen_zugeschnitten, setup time: 40
2025-04-13 16:24:43,671 - JSPGymEnvironment - INFO - Executed operation: Job J19, Op 0, Machine M1, Start: 162.0, End: 177.0, Setup: 40
2025-04-13 16:24:43,716 - JSPGymEnvironment - INFO - Material change on machine M1: E-Bike_Hauptrahmen_zugeschnitten -> Racebike_Hauptrahmen_zugeschnitten, setup time: 40
2025-04-13 16:24:43,716 - JSPGymEnvironment - INFO - Executed operation: Job J6, Op 0, Machine M1, Start: 217.0, End: 253.0, Setup: 40
2025-04-13 16:24:43,755 - JSPGymEnvironment - INFO - Material change on machine M1: Racebike_Hauptrahmen_zugeschnitten -> Citybike_Hauptrahmen_zugeschnitten, setup time: 40
2025-04-13 16:24:43,755 - JSPGymEnvironment - INFO - Executed operation: Job J8, Op 0, Machine M1, Start: 293.0, End: 312.0, Setup: 40
2025-04-13 16:24:43,793 - JSPGymEnvironment - INFO - Executed operation: Job J6, Op 1, Machine M2, Start: 327.0, End: 340.0, Setup: 15
2025-04-13 16:24:43,834 - JSPGymEnvironment - INFO - Material change on machine M1: Citybike_Hauptrahmen_zugeschnitten -> Racebike_Hauptrahmen_zugeschnitten, setup time: 40
2025-04-13 16:24:43,834 - JSPGymEnvironment - INFO - Executed operation: Job J7, Op 0, Machine M1, Start: 380.0, End: 415.0, Setup: 40
2025-04-13 16:24:43,872 - JSPGymEnvironment - INFO - Material change on machine M1: Racebike_Hauptrahmen_zugeschnitten -> Citybike_Hauptrahmen_zugeschnitten, setup time: 40
2025-04-13 16:24:43,872 - JSPGymEnvironment - INFO - Executed operation: Job J14, Op 0, Machine M1, Start: 455.0, End: 473.0, Setup: 40
2025-04-13 16:24:43,911 - JSPGymEnvironment - INFO - Material change on machine M1: Citybike_Hauptrahmen_zugeschnitten -> E-Bike_Hauptrahmen_zugeschnitten, setup time: 40
2025-04-13 16:24:43,912 - JSPGymEnvironment - INFO - Executed operation: Job J3, Op 0, Machine M1, Start: 513.0, End: 547.0, Setup: 40
2025-04-13 16:24:44,136 - JSPGymEnvironment - INFO - Material change on machine M1: E-Bike_Hauptrahmen_zugeschnitten -> Racebike_Hauptrahmen_zugeschnitten, setup time: 40
2025-04-13 16:24:44,136 - JSPGymEnvironment - INFO - Executed operation: Job J16, Op 0, Machine M1, Start: 587.0, End: 613.0, Setup: 40
2025-04-13 16:24:44,455 - JSPGymEnvironment - INFO - Executed operation: Job J4, Op 0, Machine M1, Start: 638.0, End: 663.0, Setup: 25
2025-04-13 16:24:44,490 - JSPGymEnvironment - INFO - Material change on machine M2: Racebike_Schaltauge_bearbeitet -> E-Bike_Schaltauge_bearbeitet, setup time: 20
2025-04-13 16:24:44,491 - JSPGymEnvironment - INFO - Executed operation: Job J19, Op 1, Machine M2, Start: 683.0, End: 713.0, Setup: 20
2025-04-13 16:24:44,528 - JSPGymEnvironment - INFO - Material change on machine M2: E-Bike_Schaltauge_bearbeitet -> Racebike_Schaltauge_bearbeitet, setup time: 20
2025-04-13 16:24:44,529 - JSPGymEnvironment - INFO - Executed operation: Job J4, Op 1, Machine M2, Start: 733.0, End: 748.0, Setup: 20
2025-04-13 16:24:44,580 - JSPGymEnvironment - INFO - Material change on machine M1: Racebike_Hauptrahmen_zugeschnitten -> Mountainbike_Hauptrahmen_zugeschnitten, setup time: 40
2025-04-13 16:24:44,580 - JSPGymEnvironment - INFO - Executed operation: Job J20, Op 0, Machine M1, Start: 788.0, End: 807.0, Setup: 40
2025-04-13 16:24:44,629 - JSPGymEnvironment - INFO - Material change on machine M3:  -> E-Bike_Antrieb_installiert, setup time: 0
2025-04-13 16:24:44,629 - JSPGymEnvironment - INFO - Executed operation: Job J19, Op 2, Machine M3, Start: 807.0, End: 829.0, Setup: 0
2025-04-13 16:24:44,673 - JSPGymEnvironment - INFO - Material change on machine M2: Racebike_Schaltauge_bearbeitet -> E-Bike_Bremsaufnahme_gebohrt, setup time: 20
2025-04-13 16:24:44,673 - JSPGymEnvironment - INFO - Executed operation: Job J19, Op 3, Machine M2, Start: 849.0, End: 862.0, Setup: 20
2025-04-13 16:24:44,710 - JSPGymEnvironment - INFO - Material change on machine M2: E-Bike_Bremsaufnahme_gebohrt -> E-Bike_Rahmen_nachbearbeitet, setup time: 20
2025-04-13 16:24:44,710 - JSPGymEnvironment - INFO - Executed operation: Job J19, Op 4, Machine M2, Start: 882.0, End: 899.0, Setup: 20
2025-04-13 16:24:44,746 - JSPGymEnvironment - INFO - Material change on machine M3: E-Bike_Antrieb_installiert -> Racebike_Antrieb_installiert, setup time: 15
2025-04-13 16:24:44,746 - JSPGymEnvironment - INFO - Executed operation: Job J6, Op 2, Machine M3, Start: 914.0, End: 952.0, Setup: 15
2025-04-13 16:24:44,789 - JSPGymEnvironment - INFO - Executed operation: Job J18, Op 0, Machine M1, Start: 977.0, End: 999.0, Setup: 25
2025-04-13 16:24:44,833 - JSPGymEnvironment - INFO - Material change on machine M1: Mountainbike_Hauptrahmen_zugeschnitten -> Citybike_Hauptrahmen_zugeschnitten, setup time: 40
2025-04-13 16:24:44,834 - JSPGymEnvironment - INFO - Executed operation: Job J17, Op 0, Machine M1, Start: 1039.0, End: 1077.0, Setup: 40
2025-04-13 16:24:44,879 - JSPGymEnvironment - INFO - Executed operation: Job J11, Op 0, Machine M1, Start: 1102.0, End: 1133.0, Setup: 25
2025-04-13 16:24:44,924 - JSPGymEnvironment - INFO - Material change on machine M3: Racebike_Antrieb_installiert -> Racebike_Bremsen_justiert, setup time: 15
2025-04-13 16:24:44,924 - JSPGymEnvironment - INFO - Executed operation: Job J6, Op 3, Machine M3, Start: 1148.0, End: 1206.0, Setup: 15
2025-04-13 16:24:44,973 - JSPGymEnvironment - INFO - Material change on machine M3: Racebike_Bremsen_justiert -> Racebike_Antrieb_installiert, setup time: 15
2025-04-13 16:24:44,974 - JSPGymEnvironment - INFO - Executed operation: Job J4, Op 2, Machine M3, Start: 1221.0, End: 1261.0, Setup: 15
2025-04-13 16:24:45,017 - JSPGymEnvironment - INFO - Executed operation: Job J19, Op 5, Machine M2, Start: 1276.0, End: 1297.0, Setup: 15
2025-04-13 16:24:45,292 - JSPGymEnvironment - INFO - Material change on machine M2: E-Bike_Rahmen_nachbearbeitet -> Racebike_Schaltauge_bearbeitet, setup time: 20
2025-04-13 16:24:45,292 - JSPGymEnvironment - INFO - Executed operation: Job J1, Op 1, Machine M2, Start: 1317.0, End: 1333.0, Setup: 20
2025-04-13 16:24:45,332 - JSPGymEnvironment - INFO - Material change on machine M2: Racebike_Schaltauge_bearbeitet -> Citybike_Schaltauge_bearbeitet, setup time: 20
2025-04-13 16:24:45,333 - JSPGymEnvironment - INFO - Executed operation: Job J14, Op 1, Machine M2, Start: 1353.0, End: 1369.0, Setup: 20
2025-04-13 16:24:45,366 - JSPGymEnvironment - INFO - Material change on machine M3: Racebike_Antrieb_installiert -> Citybike_Antrieb_installiert, setup time: 15
2025-04-13 16:24:45,366 - JSPGymEnvironment - INFO - Executed operation: Job J14, Op 2, Machine M3, Start: 1384.0, End: 1406.0, Setup: 15
2025-04-13 16:24:45,407 - JSPGymEnvironment - INFO - Material change on machine M3: Citybike_Antrieb_installiert -> Racebike_Antrieb_installiert, setup time: 15
2025-04-13 16:24:45,407 - JSPGymEnvironment - INFO - Executed operation: Job J1, Op 2, Machine M3, Start: 1421.0, End: 1457.0, Setup: 15
2025-04-13 16:24:45,464 - JSPGymEnvironment - INFO - Executed operation: Job J9, Op 0, Machine M1, Start: 1482.0, End: 1522.0, Setup: 25
2025-04-13 16:24:45,514 - JSPGymEnvironment - INFO - Executed operation: Job J8, Op 1, Machine M2, Start: 1537.0, End: 1550.0, Setup: 15
2025-04-13 16:24:45,565 - JSPGymEnvironment - INFO - Material change on machine M3: Racebike_Antrieb_installiert -> Citybike_Antrieb_installiert, setup time: 15
2025-04-13 16:24:45,565 - JSPGymEnvironment - INFO - Executed operation: Job J8, Op 2, Machine M3, Start: 1565.0, End: 1619.0, Setup: 15
2025-04-13 16:24:45,623 - JSPGymEnvironment - INFO - Material change on machine M2: Citybike_Schaltauge_bearbeitet -> Racebike_Bremsaufnahme_gebohrt, setup time: 20
2025-04-13 16:24:45,624 - JSPGymEnvironment - INFO - Executed operation: Job J1, Op 3, Machine M2, Start: 1639.0, End: 1657.0, Setup: 20
2025-04-13 16:24:45,675 - JSPGymEnvironment - INFO - Material change on machine M2: Racebike_Bremsaufnahme_gebohrt -> E-Bike_Fahrrad_endmontiert, setup time: 20
2025-04-13 16:24:45,676 - JSPGymEnvironment - INFO - Executed operation: Job J19, Op 6, Machine M2, Start: 1677.0, End: 1702.0, Setup: 20
2025-04-13 16:24:45,676 - JSPGymEnvironment - INFO - Job J19 completed at time 1702.0, deadline: 2737, met: True, priority: 8
2025-04-13 16:24:45,721 - JSPGymEnvironment - INFO - Material change on machine M2: E-Bike_Fahrrad_endmontiert -> Citybike_Bremsaufnahme_gebohrt, setup time: 20
2025-04-13 16:24:45,721 - JSPGymEnvironment - INFO - Executed operation: Job J14, Op 3, Machine M2, Start: 1722.0, End: 1740.0, Setup: 20
2025-04-13 16:24:45,757 - JSPGymEnvironment - INFO - Material change on machine M2: Citybike_Bremsaufnahme_gebohrt -> E-Bike_Schaltauge_bearbeitet, setup time: 20
2025-04-13 16:24:45,758 - JSPGymEnvironment - INFO - Executed operation: Job J3, Op 1, Machine M2, Start: 1760.0, End: 1780.0, Setup: 20
2025-04-13 16:24:45,796 - JSPGymEnvironment - INFO - Material change on machine M2: E-Bike_Schaltauge_bearbeitet -> Citybike_Schaltauge_bearbeitet, setup time: 20
2025-04-13 16:24:45,796 - JSPGymEnvironment - INFO - Executed operation: Job J9, Op 1, Machine M2, Start: 1800.0, End: 1816.0, Setup: 20
2025-04-13 16:24:45,840 - JSPGymEnvironment - INFO - Executed operation: Job J2, Op 0, Machine M1, Start: 1841.0, End: 1857.0, Setup: 25
2025-04-13 16:24:46,105 - JSPGymEnvironment - INFO - Material change on machine M2: Citybike_Schaltauge_bearbeitet -> Racebike_Bremsaufnahme_gebohrt, setup time: 20
2025-04-13 16:24:46,105 - JSPGymEnvironment - INFO - Executed operation: Job J4, Op 3, Machine M2, Start: 1877.0, End: 1891.0, Setup: 20
2025-04-13 16:24:46,142 - JSPGymEnvironment - INFO - Material change on machine M3: Citybike_Antrieb_installiert -> Racebike_Fahrrad_endmontiert, setup time: 15
2025-04-13 16:24:46,142 - JSPGymEnvironment - INFO - Executed operation: Job J6, Op 4, Machine M3, Start: 1906.0, End: 1947.0, Setup: 15
2025-04-13 16:24:46,142 - JSPGymEnvironment - INFO - Job J6 completed at time 1947.0, deadline: 2880, met: True, priority: 10
2025-04-13 16:24:46,189 - JSPGymEnvironment - INFO - Material change on machine M2: Racebike_Bremsaufnahme_gebohrt -> Mountainbike_Schaltauge_bearbeitet, setup time: 20
2025-04-13 16:24:46,189 - JSPGymEnvironment - INFO - Executed operation: Job J18, Op 1, Machine M2, Start: 1967.0, End: 1987.0, Setup: 20
2025-04-13 16:24:46,224 - JSPGymEnvironment - INFO - Material change on machine M1: Citybike_Hauptrahmen_zugeschnitten -> Mountainbike_Hauptrahmen_zugeschnitten, setup time: 40
2025-04-13 16:24:46,224 - JSPGymEnvironment - INFO - Executed operation: Job J12, Op 0, Machine M1, Start: 2027.0, End: 2058.0, Setup: 40
2025-04-13 16:24:46,262 - JSPGymEnvironment - INFO - Material change on machine M3: Racebike_Fahrrad_endmontiert -> Citybike_Bremsen_justiert, setup time: 15
2025-04-13 16:24:46,262 - JSPGymEnvironment - INFO - Executed operation: Job J8, Op 3, Machine M3, Start: 2073.0, End: 2131.0, Setup: 15
2025-04-13 16:24:46,304 - JSPGymEnvironment - INFO - Material change on machine M1: Mountainbike_Hauptrahmen_zugeschnitten -> Racebike_Hauptrahmen_zugeschnitten, setup time: 40
2025-04-13 16:24:46,304 - JSPGymEnvironment - INFO - Executed operation: Job J15, Op 0, Machine M1, Start: 2171.0, End: 2194.0, Setup: 40
2025-04-13 16:24:46,350 - JSPGymEnvironment - INFO - Material change on machine M2: Mountainbike_Schaltauge_bearbeitet -> Racebike_Rahmen_nachbearbeitet, setup time: 20
2025-04-13 16:24:46,350 - JSPGymEnvironment - INFO - Executed operation: Job J1, Op 4, Machine M2, Start: 2214.0, End: 2236.0, Setup: 20
2025-04-13 16:24:46,387 - JSPGymEnvironment - INFO - Material change on machine M3: Citybike_Bremsen_justiert -> Racebike_Antrieb_installiert, setup time: 15
2025-04-13 16:24:46,387 - JSPGymEnvironment - INFO - Executed operation: Job J10, Op 2, Machine M3, Start: 2251.0, End: 2290.0, Setup: 15
2025-04-13 16:24:46,424 - JSPGymEnvironment - INFO - Material change on machine M3: Racebike_Antrieb_installiert -> E-Bike_Antrieb_installiert, setup time: 15
2025-04-13 16:24:46,424 - JSPGymEnvironment - INFO - Executed operation: Job J3, Op 2, Machine M3, Start: 2305.0, End: 2363.0, Setup: 15
2025-04-13 16:24:46,463 - JSPGymEnvironment - INFO - Material change on machine M3: E-Bike_Antrieb_installiert -> Citybike_Fahrrad_endmontiert, setup time: 15
2025-04-13 16:24:46,463 - JSPGymEnvironment - INFO - Executed operation: Job J8, Op 4, Machine M3, Start: 2378.0, End: 2427.0, Setup: 15
2025-04-13 16:24:46,501 - JSPGymEnvironment - INFO - Material change on machine M1: Racebike_Hauptrahmen_zugeschnitten -> Mountainbike_Hauptrahmen_zugeschnitten, setup time: 40
2025-04-13 16:24:46,501 - JSPGymEnvironment - INFO - Executed operation: Job J5, Op 0, Machine M1, Start: 2467.0, End: 2503.0, Setup: 40
2025-04-13 16:24:46,546 - JSPGymEnvironment - INFO - Material change on machine M2: Racebike_Rahmen_nachbearbeitet -> Mountainbike_Schaltauge_bearbeitet, setup time: 20
2025-04-13 16:24:46,546 - JSPGymEnvironment - INFO - Executed operation: Job J5, Op 1, Machine M2, Start: 2523.0, End: 2538.0, Setup: 20
2025-04-13 16:24:46,590 - JSPGymEnvironment - INFO - Material change on machine M2: Mountainbike_Schaltauge_bearbeitet -> E-Bike_Bremsaufnahme_gebohrt, setup time: 20
2025-04-13 16:24:46,590 - JSPGymEnvironment - INFO - Executed operation: Job J3, Op 3, Machine M2, Start: 2558.0, End: 2588.0, Setup: 20
2025-04-13 16:24:46,635 - JSPGymEnvironment - INFO - Material change on machine M2: E-Bike_Bremsaufnahme_gebohrt -> Citybike_Rahmen_nachbearbeitet, setup time: 20
2025-04-13 16:24:46,635 - JSPGymEnvironment - INFO - Executed operation: Job J14, Op 4, Machine M2, Start: 2608.0, End: 2637.0, Setup: 20
2025-04-13 16:24:46,903 - JSPGymEnvironment - INFO - Material change on machine M2: Citybike_Rahmen_nachbearbeitet -> E-Bike_Rahmen_nachbearbeitet, setup time: 20
2025-04-13 16:24:46,903 - JSPGymEnvironment - INFO - Executed operation: Job J3, Op 4, Machine M2, Start: 2657.0, End: 2674.0, Setup: 20
2025-04-13 16:24:47,175 - JSPGymEnvironment - INFO - Material change on machine M3: Citybike_Fahrrad_endmontiert -> Mountainbike_Antrieb_installiert, setup time: 15
2025-04-13 16:24:47,175 - JSPGymEnvironment - INFO - Executed operation: Job J5, Op 2, Machine M3, Start: 2689.0, End: 2714.0, Setup: 15
2025-04-13 16:24:47,213 - JSPGymEnvironment - INFO - Material change on machine M2: E-Bike_Rahmen_nachbearbeitet -> Citybike_Schaltauge_bearbeitet, setup time: 20
2025-04-13 16:24:47,213 - JSPGymEnvironment - INFO - Executed operation: Job J11, Op 1, Machine M2, Start: 2734.0, End: 2747.0, Setup: 20
2025-04-13 16:24:47,248 - JSPGymEnvironment - INFO - Material change on machine M2: Citybike_Schaltauge_bearbeitet -> Racebike_Fahrrad_endmontiert, setup time: 20
2025-04-13 16:24:47,248 - JSPGymEnvironment - INFO - Executed operation: Job J1, Op 5, Machine M2, Start: 2767.0, End: 2779.0, Setup: 20
2025-04-13 16:24:47,248 - JSPGymEnvironment - INFO - Job J1 completed at time 2779.0, deadline: 2790, met: True, priority: 7
2025-04-13 16:24:47,291 - JSPGymEnvironment - INFO - Material change on machine M2: Racebike_Fahrrad_endmontiert -> Mountainbike_Schaltauge_bearbeitet, setup time: 20
2025-04-13 16:24:47,291 - JSPGymEnvironment - INFO - Executed operation: Job J20, Op 1, Machine M2, Start: 2799.0, End: 2824.0, Setup: 20
2025-04-13 16:24:47,336 - JSPGymEnvironment - INFO - Material change on machine M2: Mountainbike_Schaltauge_bearbeitet -> Citybike_Fahrrad_endmontiert, setup time: 20
2025-04-13 16:24:47,336 - JSPGymEnvironment - INFO - Executed operation: Job J8, Op 5, Machine M2, Start: 2844.0, End: 2874.0, Setup: 20
2025-04-13 16:24:47,336 - JSPGymEnvironment - INFO - Job J8 completed at time 2874.0, deadline: 2762, met: False, priority: 5
2025-04-13 16:24:47,383 - JSPGymEnvironment - INFO - Executed operation: Job J20, Op 2, Machine M3, Start: 2884.0, End: 2908.0, Setup: 10
2025-04-13 16:24:47,418 - JSPGymEnvironment - INFO - Material change on machine M2: Citybike_Fahrrad_endmontiert -> Racebike_Schaltauge_bearbeitet, setup time: 20
2025-04-13 16:24:47,418 - JSPGymEnvironment - INFO - Executed operation: Job J16, Op 1, Machine M2, Start: 2928.0, End: 2943.0, Setup: 20
2025-04-13 16:24:47,457 - JSPGymEnvironment - INFO - Material change on machine M2: Racebike_Schaltauge_bearbeitet -> Mountainbike_Schaltauge_bearbeitet, setup time: 20
2025-04-13 16:24:47,457 - JSPGymEnvironment - INFO - Executed operation: Job J12, Op 1, Machine M2, Start: 2963.0, End: 2985.0, Setup: 20
2025-04-13 16:24:47,500 - JSPGymEnvironment - INFO - Material change on machine M2: Mountainbike_Schaltauge_bearbeitet -> Citybike_Rahmen_nachbearbeitet, setup time: 20
2025-04-13 16:24:47,501 - JSPGymEnvironment - INFO - Executed operation: Job J14, Op 5, Machine M2, Start: 3005.0, End: 3035.0, Setup: 20
2025-04-13 16:24:47,540 - JSPGymEnvironment - INFO - Material change on machine M2: Citybike_Rahmen_nachbearbeitet -> Racebike_Schaltauge_bearbeitet, setup time: 20
2025-04-13 16:24:47,540 - JSPGymEnvironment - INFO - Executed operation: Job J15, Op 1, Machine M2, Start: 3055.0, End: 3068.0, Setup: 20
2025-04-13 16:24:47,587 - JSPGymEnvironment - INFO - Executed operation: Job J12, Op 2, Machine M3, Start: 3078.0, End: 3123.0, Setup: 10
2025-04-13 16:24:47,626 - JSPGymEnvironment - INFO - Material change on machine M2: Racebike_Schaltauge_bearbeitet -> E-Bike_Rahmen_nachbearbeitet, setup time: 20
2025-04-13 16:24:47,626 - JSPGymEnvironment - INFO - Executed operation: Job J3, Op 5, Machine M2, Start: 3143.0, End: 3164.0, Setup: 20
2025-04-13 16:24:47,676 - JSPGymEnvironment - INFO - Executed operation: Job J18, Op 2, Machine M3, Start: 3174.0, End: 3203.0, Setup: 10
2025-04-13 16:24:47,714 - JSPGymEnvironment - INFO - Material change on machine M3: Mountainbike_Antrieb_installiert -> Citybike_Antrieb_installiert, setup time: 15
2025-04-13 16:24:47,714 - JSPGymEnvironment - INFO - Executed operation: Job J9, Op 2, Machine M3, Start: 3218.0, End: 3272.0, Setup: 15
2025-04-13 16:24:47,991 - JSPGymEnvironment - INFO - Material change on machine M2: E-Bike_Rahmen_nachbearbeitet -> E-Bike_Fahrrad_endmontiert, setup time: 20
2025-04-13 16:24:47,991 - JSPGymEnvironment - INFO - Executed operation: Job J3, Op 6, Machine M2, Start: 3292.0, End: 3302.0, Setup: 20
2025-04-13 16:24:47,992 - JSPGymEnvironment - INFO - Job J3 completed at time 3302.0, deadline: 2862, met: False, priority: 8
2025-04-13 16:24:48,034 - JSPGymEnvironment - INFO - Material change on machine M2: E-Bike_Fahrrad_endmontiert -> Citybike_Rahmen_nachbearbeitet, setup time: 20
2025-04-13 16:24:48,034 - JSPGymEnvironment - INFO - Executed operation: Job J14, Op 6, Machine M2, Start: 3322.0, End: 3346.0, Setup: 20
2025-04-13 16:24:48,079 - JSPGymEnvironment - INFO - Executed operation: Job J11, Op 2, Machine M3, Start: 3356.0, End: 3398.0, Setup: 10
2025-04-13 16:24:48,132 - JSPGymEnvironment - INFO - Material change on machine M2: Citybike_Rahmen_nachbearbeitet -> Racebike_Schaltauge_bearbeitet, setup time: 20
2025-04-13 16:24:48,133 - JSPGymEnvironment - INFO - Executed operation: Job J7, Op 1, Machine M2, Start: 3418.0, End: 3441.0, Setup: 20
2025-04-13 16:24:48,192 - JSPGymEnvironment - INFO - Material change on machine M2: Racebike_Schaltauge_bearbeitet -> Mountainbike_Bremsaufnahme_gebohrt, setup time: 20
2025-04-13 16:24:48,192 - JSPGymEnvironment - INFO - Executed operation: Job J12, Op 3, Machine M2, Start: 3461.0, End: 3487.0, Setup: 20
2025-04-13 16:24:48,237 - JSPGymEnvironment - INFO - Material change on machine M3: Citybike_Antrieb_installiert -> Racebike_Antrieb_installiert, setup time: 15
2025-04-13 16:24:48,237 - JSPGymEnvironment - INFO - Executed operation: Job J15, Op 2, Machine M3, Start: 3502.0, End: 3537.0, Setup: 15
2025-04-13 16:24:48,273 - JSPGymEnvironment - INFO - Material change on machine M2: Mountainbike_Bremsaufnahme_gebohrt -> Citybike_Bremsaufnahme_gebohrt, setup time: 20
2025-04-13 16:24:48,273 - JSPGymEnvironment - INFO - Executed operation: Job J9, Op 3, Machine M2, Start: 3557.0, End: 3580.0, Setup: 20
2025-04-13 16:24:48,309 - JSPGymEnvironment - INFO - Material change on machine M2: Citybike_Bremsaufnahme_gebohrt -> Racebike_Rahmen_nachbearbeitet, setup time: 20
2025-04-13 16:24:48,310 - JSPGymEnvironment - INFO - Executed operation: Job J4, Op 4, Machine M2, Start: 3600.0, End: 3625.0, Setup: 20
2025-04-13 16:24:48,346 - JSPGymEnvironment - INFO - Executed operation: Job J7, Op 2, Machine M3, Start: 3635.0, End: 3659.0, Setup: 10
2025-04-13 16:24:48,383 - JSPGymEnvironment - INFO - Material change on machine M3: Racebike_Antrieb_installiert -> Racebike_Bremsen_justiert, setup time: 15
2025-04-13 16:24:48,383 - JSPGymEnvironment - INFO - Executed operation: Job J15, Op 3, Machine M3, Start: 3674.0, End: 3701.0, Setup: 15
2025-04-13 16:24:48,428 - JSPGymEnvironment - INFO - Material change on machine M2: Racebike_Rahmen_nachbearbeitet -> Mountainbike_Rahmen_nachbearbeitet, setup time: 20
2025-04-13 16:24:48,429 - JSPGymEnvironment - INFO - Executed operation: Job J12, Op 4, Machine M2, Start: 3721.0, End: 3749.0, Setup: 20
2025-04-13 16:24:48,472 - JSPGymEnvironment - INFO - Material change on machine M2: Mountainbike_Rahmen_nachbearbeitet -> Citybike_Fahrrad_endmontiert, setup time: 20
2025-04-13 16:24:48,472 - JSPGymEnvironment - INFO - Executed operation: Job J14, Op 7, Machine M2, Start: 3769.0, End: 3790.0, Setup: 20
2025-04-13 16:24:48,472 - JSPGymEnvironment - INFO - Job J14 completed at time 3790.0, deadline: 2880, met: False, priority: 3
2025-04-13 16:24:48,518 - JSPGymEnvironment - INFO - Material change on machine M2: Citybike_Fahrrad_endmontiert -> Mountainbike_Bremsaufnahme_gebohrt, setup time: 20
2025-04-13 16:24:48,519 - JSPGymEnvironment - INFO - Executed operation: Job J5, Op 3, Machine M2, Start: 3810.0, End: 3825.0, Setup: 20
2025-04-13 16:24:48,568 - JSPGymEnvironment - INFO - Material change on machine M2: Mountainbike_Bremsaufnahme_gebohrt -> Racebike_Rahmen_nachbearbeitet, setup time: 20
2025-04-13 16:24:48,568 - JSPGymEnvironment - INFO - Executed operation: Job J4, Op 5, Machine M2, Start: 3845.0, End: 3869.0, Setup: 20
2025-04-13 16:24:48,847 - JSPGymEnvironment - INFO - Material change on machine M2: Racebike_Rahmen_nachbearbeitet -> Mountainbike_Rahmen_nachbearbeitet, setup time: 20
2025-04-13 16:24:48,847 - JSPGymEnvironment - INFO - Executed operation: Job J12, Op 5, Machine M2, Start: 3889.0, End: 3917.0, Setup: 20
2025-04-13 16:24:48,889 - JSPGymEnvironment - INFO - Material change on machine M3: Racebike_Bremsen_justiert -> Racebike_Fahrrad_endmontiert, setup time: 15
2025-04-13 16:24:48,889 - JSPGymEnvironment - INFO - Executed operation: Job J4, Op 6, Machine M3, Start: 3932.0, End: 3958.0, Setup: 15
2025-04-13 16:24:48,889 - JSPGymEnvironment - INFO - Job J4 completed at time 3958.0, deadline: 2757, met: False, priority: 7
2025-04-13 16:24:48,933 - JSPGymEnvironment - INFO - Material change on machine M2: Mountainbike_Rahmen_nachbearbeitet -> Citybike_Schaltauge_bearbeitet, setup time: 20
2025-04-13 16:24:48,933 - JSPGymEnvironment - INFO - Executed operation: Job J17, Op 1, Machine M2, Start: 3978.0, End: 3998.0, Setup: 20
2025-04-13 16:24:48,974 - JSPGymEnvironment - INFO - Material change on machine M3: Racebike_Fahrrad_endmontiert -> Citybike_Bremsen_justiert, setup time: 15
2025-04-13 16:24:48,975 - JSPGymEnvironment - INFO - Executed operation: Job J11, Op 3, Machine M3, Start: 4013.0, End: 4035.0, Setup: 15
2025-04-13 16:24:49,020 - JSPGymEnvironment - INFO - Material change on machine M2: Citybike_Schaltauge_bearbeitet -> Racebike_Rahmen_nachbearbeitet, setup time: 20
2025-04-13 16:24:49,020 - JSPGymEnvironment - INFO - Executed operation: Job J15, Op 4, Machine M2, Start: 4055.0, End: 4075.0, Setup: 20
2025-04-13 16:24:49,064 - JSPGymEnvironment - INFO - Material change on machine M3: Citybike_Bremsen_justiert -> Mountainbike_Bremsen_justiert, setup time: 15
2025-04-13 16:24:49,064 - JSPGymEnvironment - INFO - Executed operation: Job J18, Op 3, Machine M3, Start: 4090.0, End: 4145.0, Setup: 15
2025-04-13 16:24:49,100 - JSPGymEnvironment - INFO - Material change on machine M1: Mountainbike_Hauptrahmen_zugeschnitten -> E-Bike_Hauptrahmen_zugeschnitten, setup time: 40
2025-04-13 16:24:49,100 - JSPGymEnvironment - INFO - Executed operation: Job J13, Op 0, Machine M1, Start: 4185.0, End: 4226.0, Setup: 40
2025-04-13 16:24:49,138 - JSPGymEnvironment - INFO - Material change on machine M2: Racebike_Rahmen_nachbearbeitet -> Racebike_Bremsaufnahme_gebohrt, setup time: 20
2025-04-13 16:24:49,138 - JSPGymEnvironment - INFO - Executed operation: Job J7, Op 3, Machine M2, Start: 4246.0, End: 4269.0, Setup: 20
2025-04-13 16:24:49,187 - JSPGymEnvironment - INFO - Material change on machine M2: Racebike_Bremsaufnahme_gebohrt -> Racebike_Rahmen_nachbearbeitet, setup time: 20
2025-04-13 16:24:49,187 - JSPGymEnvironment - INFO - Executed operation: Job J15, Op 5, Machine M2, Start: 4289.0, End: 4312.0, Setup: 20
2025-04-13 16:24:49,224 - JSPGymEnvironment - INFO - Executed operation: Job J20, Op 3, Machine M3, Start: 4322.0, End: 4363.0, Setup: 10
2025-04-13 16:24:49,266 - JSPGymEnvironment - INFO - Material change on machine M2: Racebike_Rahmen_nachbearbeitet -> Mountainbike_Fahrrad_endmontiert, setup time: 20
2025-04-13 16:24:49,266 - JSPGymEnvironment - INFO - Executed operation: Job J12, Op 6, Machine M2, Start: 4383.0, End: 4405.0, Setup: 20
2025-04-13 16:24:49,267 - JSPGymEnvironment - INFO - Job J12 completed at time 4405.0, deadline: 2863, met: False, priority: 2
2025-04-13 16:24:49,321 - JSPGymEnvironment - INFO - Material change on machine M3: Mountainbike_Bremsen_justiert -> Citybike_Antrieb_installiert, setup time: 15
2025-04-13 16:24:49,322 - JSPGymEnvironment - INFO - Executed operation: Job J17, Op 2, Machine M3, Start: 4420.0, End: 4454.0, Setup: 15
2025-04-13 16:24:49,371 - JSPGymEnvironment - INFO - Material change on machine M2: Mountainbike_Fahrrad_endmontiert -> E-Bike_Schaltauge_bearbeitet, setup time: 20
2025-04-13 16:24:49,371 - JSPGymEnvironment - INFO - Executed operation: Job J13, Op 1, Machine M2, Start: 4474.0, End: 4497.0, Setup: 20
2025-04-13 16:24:49,665 - JSPGymEnvironment - INFO - Material change on machine M3: Citybike_Antrieb_installiert -> Racebike_Antrieb_installiert, setup time: 15
2025-04-13 16:24:49,665 - JSPGymEnvironment - INFO - Executed operation: Job J16, Op 2, Machine M3, Start: 4512.0, End: 4542.0, Setup: 15
2025-04-13 16:24:49,707 - JSPGymEnvironment - INFO - Material change on machine M2: E-Bike_Schaltauge_bearbeitet -> Mountainbike_Rahmen_nachbearbeitet, setup time: 20
2025-04-13 16:24:49,707 - JSPGymEnvironment - INFO - Executed operation: Job J5, Op 4, Machine M2, Start: 4562.0, End: 4592.0, Setup: 20
2025-04-13 16:24:49,752 - JSPGymEnvironment - INFO - Material change on machine M2: Mountainbike_Rahmen_nachbearbeitet -> Citybike_Schaltauge_bearbeitet, setup time: 20
2025-04-13 16:24:49,758 - JSPGymEnvironment - INFO - Executed operation: Job J2, Op 1, Machine M2, Start: 4612.0, End: 4622.0, Setup: 20
2025-04-13 16:24:49,815 - JSPGymEnvironment - INFO - Material change on machine M3: Racebike_Antrieb_installiert -> Citybike_Fahrrad_endmontiert, setup time: 15
2025-04-13 16:24:49,815 - JSPGymEnvironment - INFO - Executed operation: Job J11, Op 4, Machine M3, Start: 4637.0, End: 4676.0, Setup: 15
2025-04-13 16:24:49,859 - JSPGymEnvironment - INFO - Material change on machine M2: Citybike_Schaltauge_bearbeitet -> Racebike_Rahmen_nachbearbeitet, setup time: 20
2025-04-13 16:24:49,859 - JSPGymEnvironment - INFO - Executed operation: Job J7, Op 4, Machine M2, Start: 4696.0, End: 4722.0, Setup: 20
2025-04-13 16:24:49,912 - JSPGymEnvironment - INFO - Material change on machine M2: Racebike_Rahmen_nachbearbeitet -> Citybike_Rahmen_nachbearbeitet, setup time: 20
2025-04-13 16:24:49,913 - JSPGymEnvironment - INFO - Executed operation: Job J11, Op 5, Machine M2, Start: 4742.0, End: 4759.0, Setup: 20
2025-04-13 16:24:49,951 - JSPGymEnvironment - INFO - Material change on machine M3: Citybike_Fahrrad_endmontiert -> Racebike_Fahrrad_endmontiert, setup time: 15
2025-04-13 16:24:49,952 - JSPGymEnvironment - INFO - Executed operation: Job J15, Op 6, Machine M3, Start: 4774.0, End: 4801.0, Setup: 15
2025-04-13 16:24:49,992 - JSPGymEnvironment - INFO - Material change on machine M2: Citybike_Rahmen_nachbearbeitet -> Racebike_Rahmen_nachbearbeitet, setup time: 20
2025-04-13 16:24:49,992 - JSPGymEnvironment - INFO - Executed operation: Job J7, Op 5, Machine M2, Start: 4821.0, End: 4839.0, Setup: 20
2025-04-13 16:24:50,053 - JSPGymEnvironment - INFO - Material change on machine M2: Racebike_Rahmen_nachbearbeitet -> Mountainbike_Fahrrad_endmontiert, setup time: 20
2025-04-13 16:24:50,053 - JSPGymEnvironment - INFO - Executed operation: Job J5, Op 5, Machine M2, Start: 4859.0, End: 4881.0, Setup: 20
2025-04-13 16:24:50,053 - JSPGymEnvironment - INFO - Job J5 completed at time 4881.0, deadline: 2880, met: False, priority: 1
2025-04-13 16:24:50,095 - JSPGymEnvironment - INFO - Material change on machine M2: Mountainbike_Fahrrad_endmontiert -> Racebike_Rahmen_nachbearbeitet, setup time: 20
2025-04-13 16:24:50,096 - JSPGymEnvironment - INFO - Executed operation: Job J7, Op 6, Machine M2, Start: 4901.0, End: 4916.0, Setup: 20
2025-04-13 16:24:50,140 - JSPGymEnvironment - INFO - Material change on machine M2: Racebike_Rahmen_nachbearbeitet -> Racebike_Fahrrad_endmontiert, setup time: 20
2025-04-13 16:24:50,140 - JSPGymEnvironment - INFO - Executed operation: Job J7, Op 7, Machine M2, Start: 4936.0, End: 4961.0, Setup: 20
2025-04-13 16:24:50,140 - JSPGymEnvironment - INFO - Job J7 completed at time 4961.0, deadline: 2880, met: False, priority: 9
2025-04-13 16:24:50,179 - JSPGymEnvironment - INFO - Material change on machine M2: Racebike_Fahrrad_endmontiert -> Racebike_Bremsaufnahme_gebohrt, setup time: 20
2025-04-13 16:24:50,179 - JSPGymEnvironment - INFO - Executed operation: Job J16, Op 3, Machine M2, Start: 4981.0, End: 5004.0, Setup: 20
2025-04-13 16:24:50,222 - JSPGymEnvironment - INFO - Material change on machine M2: Racebike_Bremsaufnahme_gebohrt -> Mountainbike_Fahrrad_endmontiert, setup time: 20
2025-04-13 16:24:50,223 - JSPGymEnvironment - INFO - Executed operation: Job J18, Op 4, Machine M2, Start: 5024.0, End: 5037.0, Setup: 20
2025-04-13 16:24:50,223 - JSPGymEnvironment - INFO - Job J18 completed at time 5037.0, deadline: 2880, met: False, priority: 6
2025-04-13 16:24:50,265 - JSPGymEnvironment - INFO - Material change on machine M3: Racebike_Fahrrad_endmontiert -> Citybike_Bremsen_justiert, setup time: 15
2025-04-13 16:24:50,265 - JSPGymEnvironment - INFO - Executed operation: Job J17, Op 3, Machine M3, Start: 5052.0, End: 5078.0, Setup: 15
2025-04-13 16:24:50,303 - JSPGymEnvironment - INFO - Material change on machine M3: Citybike_Bremsen_justiert -> Racebike_Fahrrad_endmontiert, setup time: 15
2025-04-13 16:24:50,304 - JSPGymEnvironment - INFO - Executed operation: Job J15, Op 7, Machine M3, Start: 5093.0, End: 5139.0, Setup: 15
2025-04-13 16:24:50,304 - JSPGymEnvironment - INFO - Job J15 completed at time 5139.0, deadline: 2833, met: False, priority: 10
2025-04-13 16:24:50,581 - JSPGymEnvironment - INFO - Material change on machine M3: Racebike_Fahrrad_endmontiert -> Citybike_Antrieb_installiert, setup time: 15
2025-04-13 16:24:50,581 - JSPGymEnvironment - INFO - Executed operation: Job J2, Op 2, Machine M3, Start: 5154.0, End: 5182.0, Setup: 15
2025-04-13 16:24:50,635 - JSPGymEnvironment - INFO - Material change on machine M2: Mountainbike_Fahrrad_endmontiert -> Racebike_Bremsaufnahme_gebohrt, setup time: 20
2025-04-13 16:24:50,636 - JSPGymEnvironment - INFO - Executed operation: Job J10, Op 3, Machine M2, Start: 5202.0, End: 5224.0, Setup: 20
2025-04-13 16:24:50,679 - JSPGymEnvironment - INFO - Material change on machine M2: Racebike_Bremsaufnahme_gebohrt -> Racebike_Rahmen_nachbearbeitet, setup time: 20
2025-04-13 16:24:50,679 - JSPGymEnvironment - INFO - Executed operation: Job J10, Op 4, Machine M2, Start: 5244.0, End: 5255.0, Setup: 20
2025-04-13 16:24:50,720 - JSPGymEnvironment - INFO - Executed operation: Job J10, Op 5, Machine M2, Start: 5270.0, End: 5288.0, Setup: 15
2025-04-13 16:24:50,757 - JSPGymEnvironment - INFO - Material change on machine M2: Racebike_Rahmen_nachbearbeitet -> Citybike_Bremsaufnahme_gebohrt, setup time: 20
2025-04-13 16:24:50,757 - JSPGymEnvironment - INFO - Executed operation: Job J2, Op 3, Machine M2, Start: 5308.0, End: 5329.0, Setup: 20
2025-04-13 16:24:50,802 - JSPGymEnvironment - INFO - Material change on machine M2: Citybike_Bremsaufnahme_gebohrt -> Citybike_Rahmen_nachbearbeitet, setup time: 20
2025-04-13 16:24:50,802 - JSPGymEnvironment - INFO - Executed operation: Job J11, Op 6, Machine M2, Start: 5349.0, End: 5371.0, Setup: 20
2025-04-13 16:24:50,841 - JSPGymEnvironment - INFO - Material change on machine M2: Citybike_Rahmen_nachbearbeitet -> Mountainbike_Rahmen_nachbearbeitet, setup time: 20
2025-04-13 16:24:50,841 - JSPGymEnvironment - INFO - Executed operation: Job J20, Op 4, Machine M2, Start: 5391.0, End: 5408.0, Setup: 20
2025-04-13 16:24:50,884 - JSPGymEnvironment - INFO - Material change on machine M3: Citybike_Antrieb_installiert -> Citybike_Fahrrad_endmontiert, setup time: 15
2025-04-13 16:24:50,884 - JSPGymEnvironment - INFO - Executed operation: Job J17, Op 4, Machine M3, Start: 5423.0, End: 5473.0, Setup: 15
2025-04-13 16:24:50,926 - JSPGymEnvironment - INFO - Executed operation: Job J17, Op 5, Machine M3, Start: 5483.0, End: 5542.0, Setup: 10
2025-04-13 16:24:50,961 - JSPGymEnvironment - INFO - Executed operation: Job J17, Op 6, Machine M3, Start: 5552.0, End: 5577.0, Setup: 10
2025-04-13 16:24:50,962 - JSPGymEnvironment - INFO - Job J17 completed at time 5577.0, deadline: 2880, met: False, priority: 6
2025-04-13 16:24:50,998 - JSPGymEnvironment - INFO - Material change on machine M2: Mountainbike_Rahmen_nachbearbeitet -> Citybike_Rahmen_nachbearbeitet, setup time: 20
2025-04-13 16:24:50,998 - JSPGymEnvironment - INFO - Executed operation: Job J2, Op 4, Machine M2, Start: 5597.0, End: 5621.0, Setup: 20
2025-04-13 16:24:51,035 - JSPGymEnvironment - INFO - Material change on machine M3: Citybike_Fahrrad_endmontiert -> Mountainbike_Fahrrad_endmontiert, setup time: 15
2025-04-13 16:24:51,035 - JSPGymEnvironment - INFO - Executed operation: Job J20, Op 5, Machine M3, Start: 5636.0, End: 5661.0, Setup: 15
2025-04-13 16:24:51,069 - JSPGymEnvironment - INFO - Material change on machine M2: Citybike_Rahmen_nachbearbeitet -> Racebike_Rahmen_nachbearbeitet, setup time: 20
2025-04-13 16:24:51,069 - JSPGymEnvironment - INFO - Executed operation: Job J10, Op 6, Machine M2, Start: 5681.0, End: 5692.0, Setup: 20
2025-04-13 16:24:51,105 - JSPGymEnvironment - INFO - Executed operation: Job J16, Op 4, Machine M2, Start: 5707.0, End: 5721.0, Setup: 15
2025-04-13 16:24:51,381 - JSPGymEnvironment - INFO - Material change on machine M2: Racebike_Rahmen_nachbearbeitet -> Citybike_Rahmen_nachbearbeitet, setup time: 20
2025-04-13 16:24:51,382 - JSPGymEnvironment - INFO - Executed operation: Job J9, Op 4, Machine M2, Start: 5741.0, End: 5753.0, Setup: 20
2025-04-13 16:24:51,417 - JSPGymEnvironment - INFO - Material change on machine M2: Citybike_Rahmen_nachbearbeitet -> Racebike_Fahrrad_endmontiert, setup time: 20
2025-04-13 16:24:51,417 - JSPGymEnvironment - INFO - Executed operation: Job J10, Op 7, Machine M2, Start: 5773.0, End: 5785.0, Setup: 20
2025-04-13 16:24:51,418 - JSPGymEnvironment - INFO - Job J10 completed at time 5785.0, deadline: 2880, met: False, priority: 9
2025-04-13 16:24:51,454 - JSPGymEnvironment - INFO - Material change on machine M2: Racebike_Fahrrad_endmontiert -> Citybike_Fahrrad_endmontiert, setup time: 20
2025-04-13 16:24:51,455 - JSPGymEnvironment - INFO - Executed operation: Job J11, Op 7, Machine M2, Start: 5805.0, End: 5834.0, Setup: 20
2025-04-13 16:24:51,455 - JSPGymEnvironment - INFO - Job J11 completed at time 5834.0, deadline: 2880, met: False, priority: 7
2025-04-13 16:24:51,501 - JSPGymEnvironment - INFO - Material change on machine M3: Mountainbike_Fahrrad_endmontiert -> E-Bike_Antrieb_installiert, setup time: 15
2025-04-13 16:24:51,502 - JSPGymEnvironment - INFO - Executed operation: Job J13, Op 2, Machine M3, Start: 5849.0, End: 5902.0, Setup: 15
2025-04-13 16:24:51,539 - JSPGymEnvironment - INFO - Material change on machine M3: E-Bike_Antrieb_installiert -> Mountainbike_Fahrrad_endmontiert, setup time: 15
2025-04-13 16:24:51,539 - JSPGymEnvironment - INFO - Executed operation: Job J20, Op 6, Machine M3, Start: 5917.0, End: 5957.0, Setup: 15
2025-04-13 16:24:51,539 - JSPGymEnvironment - INFO - Job J20 completed at time 5957.0, deadline: 2744, met: False, priority: 3
2025-04-13 16:24:51,574 - JSPGymEnvironment - INFO - Material change on machine M3: Mountainbike_Fahrrad_endmontiert -> Citybike_Fahrrad_endmontiert, setup time: 15
2025-04-13 16:24:51,574 - JSPGymEnvironment - INFO - Executed operation: Job J2, Op 5, Machine M3, Start: 5972.0, End: 5993.0, Setup: 15
2025-04-13 16:24:51,574 - JSPGymEnvironment - INFO - Job J2 completed at time 5993.0, deadline: 2880, met: False, priority: 3
2025-04-13 16:24:51,612 - JSPGymEnvironment - INFO - Material change on machine M2: Citybike_Fahrrad_endmontiert -> Racebike_Fahrrad_endmontiert, setup time: 20
2025-04-13 16:24:51,612 - JSPGymEnvironment - INFO - Executed operation: Job J16, Op 5, Machine M2, Start: 6013.0, End: 6043.0, Setup: 20
2025-04-13 16:24:51,612 - JSPGymEnvironment - INFO - Job J16 completed at time 6043.0, deadline: 2855, met: False, priority: 7
2025-04-13 16:24:51,648 - JSPGymEnvironment - INFO - Material change on machine M2: Racebike_Fahrrad_endmontiert -> E-Bike_Bremsaufnahme_gebohrt, setup time: 20
2025-04-13 16:24:51,648 - JSPGymEnvironment - INFO - Executed operation: Job J13, Op 3, Machine M2, Start: 6063.0, End: 6085.0, Setup: 20
2025-04-13 16:24:51,686 - JSPGymEnvironment - INFO - Executed operation: Job J9, Op 5, Machine M3, Start: 6095.0, End: 6146.0, Setup: 10
2025-04-13 16:24:51,736 - JSPGymEnvironment - INFO - Material change on machine M3: Citybike_Fahrrad_endmontiert -> E-Bike_Fahrrad_endmontiert, setup time: 15
2025-04-13 16:24:51,736 - JSPGymEnvironment - INFO - Executed operation: Job J13, Op 4, Machine M3, Start: 6161.0, End: 6214.0, Setup: 15
2025-04-13 16:24:51,736 - JSPGymEnvironment - INFO - Job J13 completed at time 6214.0, deadline: 2863, met: False, priority: 7
2025-04-13 16:24:51,786 - JSPGymEnvironment - INFO - Material change on machine M3: E-Bike_Fahrrad_endmontiert -> Citybike_Fahrrad_endmontiert, setup time: 15
2025-04-13 16:24:51,786 - JSPGymEnvironment - INFO - Executed operation: Job J9, Op 6, Machine M3, Start: 6229.0, End: 6252.0, Setup: 15
2025-04-13 16:24:51,787 - JSPGymEnvironment - INFO - Job J9 completed at time 6252.0, deadline: 2880, met: False, priority: 8
2025-04-13 16:24:51,787 - JSPGymEnvironment - INFO - Reward function updated with 50 insights
2025-04-13 16:24:51,788 - JSPGymEnvironment - INFO -   Material change on critical path at Job 8 Operation 1 on Machine M2 (Severity: 1.00)
2025-04-13 16:24:51,788 - JSPGymEnvironment - INFO -   Material change on critical path at Job 8 Operation 2 on Machine M3 (Severity: 1.00)
2025-04-13 16:24:51,788 - JSPGymEnvironment - INFO -   Material change on critical path at Job 8 Operation 3 on Machine M2 (Severity: 1.00)
2025-04-13 16:24:51,788 - JSPGymEnvironment - INFO -   Material change on critical path at Job 8 Operation 4 on Machine M2 (Severity: 1.00)
2025-04-13 16:24:51,788 - JSPGymEnvironment - INFO -   Idle time on critical path before Job 8 Operation 4 on Machine M2 (Severity: 180.08)
2025-04-13 16:24:51,788 - JSPGymEnvironment - INFO -   Material change on critical path at Job 8 Operation 6 on Machine M3 (Severity: 1.00)
2025-04-13 16:24:51,788 - JSPGymEnvironment - INFO -   Idle time on critical path before Job 8 Operation 6 on Machine M3 (Severity: 3.61)
2025-04-13 16:24:51,788 - JSPGymEnvironment - INFO -   High priority (9) not on critical path: Job 9 Operation 0 (Severity: 0.67)
2025-04-13 16:24:51,788 - JSPGymEnvironment - INFO -   High priority (9) not on critical path: Job 9 Operation 1 (Severity: 0.67)
2025-04-13 16:24:51,788 - JSPGymEnvironment - INFO -   High priority (8) not on critical path: Job 18 Operation 0 (Severity: 0.33)
2025-04-13 16:24:51,788 - JSPGymEnvironment - INFO -   High priority (10) not on critical path: Job 5 Operation 0 (Severity: 1.00)
2025-04-13 16:24:51,788 - JSPGymEnvironment - INFO -   High priority (10) not on critical path: Job 5 Operation 1 (Severity: 1.00)
2025-04-13 16:24:51,789 - JSPGymEnvironment - INFO -   High priority (9) not on critical path: Job 6 Operation 0 (Severity: 0.67)
2025-04-13 16:24:51,789 - JSPGymEnvironment - INFO -   High priority (8) not on critical path: Job 2 Operation 0 (Severity: 0.33)
2025-04-13 16:24:51,789 - JSPGymEnvironment - INFO -   High priority (8) not on critical path: Job 18 Operation 1 (Severity: 0.33)
2025-04-13 16:24:51,789 - JSPGymEnvironment - INFO -   High priority (8) not on critical path: Job 18 Operation 2 (Severity: 0.33)
2025-04-13 16:24:51,789 - JSPGymEnvironment - INFO -   High priority (8) not on critical path: Job 18 Operation 3 (Severity: 0.33)
2025-04-13 16:24:51,789 - JSPGymEnvironment - INFO -   High priority (8) not on critical path: Job 18 Operation 4 (Severity: 0.33)
2025-04-13 16:24:51,789 - JSPGymEnvironment - INFO -   High priority (10) not on critical path: Job 5 Operation 2 (Severity: 1.00)
2025-04-13 16:24:51,789 - JSPGymEnvironment - INFO -   High priority (10) not on critical path: Job 5 Operation 3 (Severity: 1.00)
2025-04-13 16:24:51,789 - JSPGymEnvironment - INFO -   High priority (8) not on critical path: Job 18 Operation 5 (Severity: 0.33)
2025-04-13 16:24:51,789 - JSPGymEnvironment - INFO -   High priority (8) not on critical path: Job 18 Operation 6 (Severity: 0.33)
2025-04-13 16:24:51,789 - JSPGymEnvironment - INFO -   High priority (8) not on critical path: Job 2 Operation 1 (Severity: 0.33)
2025-04-13 16:24:51,789 - JSPGymEnvironment - INFO -   High priority (10) not on critical path: Job 5 Operation 4 (Severity: 1.00)
2025-04-13 16:24:51,789 - JSPGymEnvironment - INFO -   High priority (10) not on critical path: Job 14 Operation 0 (Severity: 1.00)
2025-04-13 16:24:51,789 - JSPGymEnvironment - INFO -   High priority (9) not on critical path: Job 9 Operation 2 (Severity: 0.67)
2025-04-13 16:24:51,789 - JSPGymEnvironment - INFO -   High priority (8) not on critical path: Job 2 Operation 2 (Severity: 0.33)
2025-04-13 16:24:51,789 - JSPGymEnvironment - INFO -   High priority (8) not on critical path: Job 2 Operation 3 (Severity: 0.33)
2025-04-13 16:24:51,789 - JSPGymEnvironment - INFO -   High priority (8) not on critical path: Job 2 Operation 4 (Severity: 0.33)
2025-04-13 16:24:51,789 - JSPGymEnvironment - INFO -   High priority (10) not on critical path: Job 14 Operation 1 (Severity: 1.00)
2025-04-13 16:24:51,790 - JSPGymEnvironment - INFO -   High priority (8) not on critical path: Job 2 Operation 5 (Severity: 0.33)
2025-04-13 16:24:51,790 - JSPGymEnvironment - INFO -   High priority (8) not on critical path: Job 2 Operation 6 (Severity: 0.33)
2025-04-13 16:24:51,790 - JSPGymEnvironment - INFO -   High priority (9) not on critical path: Job 6 Operation 1 (Severity: 0.67)
2025-04-13 16:24:51,790 - JSPGymEnvironment - INFO -   High priority (10) not on critical path: Job 14 Operation 2 (Severity: 1.00)
2025-04-13 16:24:51,790 - JSPGymEnvironment - INFO -   High priority (9) not on critical path: Job 6 Operation 2 (Severity: 0.67)
2025-04-13 16:24:51,790 - JSPGymEnvironment - INFO -   High priority (10) not on critical path: Job 14 Operation 3 (Severity: 1.00)
2025-04-13 16:24:51,790 - JSPGymEnvironment - INFO -   High priority (10) not on critical path: Job 14 Operation 4 (Severity: 1.00)
2025-04-13 16:24:51,790 - JSPGymEnvironment - INFO -   High priority (9) not on critical path: Job 6 Operation 3 (Severity: 0.67)
2025-04-13 16:24:51,790 - JSPGymEnvironment - INFO -   High priority (10) not on critical path: Job 14 Operation 5 (Severity: 1.00)
2025-04-13 16:24:51,790 - JSPGymEnvironment - INFO -   High priority (9) not on critical path: Job 6 Operation 4 (Severity: 0.67)
2025-04-13 16:24:51,790 - JSPGymEnvironment - INFO -   High priority (10) not on critical path: Job 14 Operation 6 (Severity: 1.00)
2025-04-13 16:24:51,790 - JSPGymEnvironment - INFO -   High priority (9) not on critical path: Job 6 Operation 5 (Severity: 0.67)
2025-04-13 16:24:51,790 - JSPGymEnvironment - INFO -   High priority (9) not on critical path: Job 6 Operation 6 (Severity: 0.67)
2025-04-13 16:24:51,790 - JSPGymEnvironment - INFO -   High priority (9) not on critical path: Job 6 Operation 7 (Severity: 0.67)
2025-04-13 16:24:51,790 - JSPGymEnvironment - INFO -   High priority (10) not on critical path: Job 14 Operation 7 (Severity: 1.00)
2025-04-13 16:24:51,790 - JSPGymEnvironment - INFO -   High priority (9) not on critical path: Job 9 Operation 3 (Severity: 0.67)
2025-04-13 16:24:51,790 - JSPGymEnvironment - INFO -   High priority (9) not on critical path: Job 9 Operation 4 (Severity: 0.67)
2025-04-13 16:24:51,790 - JSPGymEnvironment - INFO -   High priority (9) not on critical path: Job 9 Operation 5 (Severity: 0.67)
2025-04-13 16:24:51,791 - JSPGymEnvironment - INFO -   High priority (9) not on critical path: Job 9 Operation 6 (Severity: 0.67)
2025-04-13 16:24:51,791 - JSPGymEnvironment - INFO -   High priority (9) not on critical path: Job 9 Operation 7 (Severity: 0.67)
2025-04-13 16:24:51,791 - JSPGymEnvironment - INFO - Episode completed. Critical path: 7 operations, Suboptimal placements: 50
2025-04-13 16:24:51,791 - JSPGymEnvironment - INFO - Reward components: {'makespan_reward': -0.38, 'setup_reward': -7.5, 'idle_penalty': 0.0, 'deadline_reward': -5.854166666666667, 'priority_reward': 16.0, 'critical_job_reward': 15.0, 'global_progress_reward': 5.0, 'objective_reward': 0.0, 'placement_reward': -1.6666666666666665, 'lookahead_reward': 0.0}
