episode,step,machine_idx,machine_time,current_time,utilization
1,1,0,34,34.0,1.0
1,1,1,0,34.0,0.0
1,1,2,0,34.0,0.0
1,2,0,100,100.0,1.0
1,2,1,0,100.0,0.0
1,2,2,0,100.0,0.0
1,3,0,159,159.0,1.0
1,3,1,0,159.0,0.0
1,3,2,0,159.0,0.0
1,4,0,234,234.0,1.0
1,4,1,0,234.0,0.0
1,4,2,0,234.0,0.0
1,5,0,234,259.0,0.9034749034749034
1,5,1,259,259.0,1.0
1,5,2,0,259.0,0.0
1,6,0,339,339.0,1.0
1,6,1,259,339.0,0.7640117994100295
1,6,2,0,339.0,0.0
1,7,0,383,383.0,1.0
1,7,1,259,383.0,0.6762402088772846
1,7,2,0,383.0,0.0
1,8,0,424,424.0,1.0
1,8,1,259,424.0,0.6108490566037735
1,8,2,0,424.0,0.0
1,9,0,424,460.0,0.9217391304347826
1,9,1,460,460.0,1.0
1,9,2,0,460.0,0.0
1,10,0,536,536.0,1.0
1,10,1,460,536.0,0.8582089552238806
1,10,2,0,536.0,0.0
1,11,0,536,560.0,0.9571428571428572
1,11,1,460,560.0,0.8214285714285714
1,11,2,560,560.0,1.0
1,12,0,618,618.0,1.0
1,12,1,460,618.0,0.7443365695792881
1,12,2,560,618.0,0.9061488673139159
1,13,0,618,674.0,0.9169139465875371
1,13,1,460,674.0,0.6824925816023739
1,13,2,674,674.0,1.0
1,14,0,618,711.0,0.869198312236287
1,14,1,711,711.0,1.0
1,14,2,674,711.0,0.9479606188466948
1,15,0,618,741.0,0.8340080971659919
1,15,1,741,741.0,1.0
1,15,2,674,741.0,0.9095816464237517
1,16,0,804,804.0,1.0
1,16,1,741,804.0,0.9216417910447762
1,16,2,674,804.0,0.8383084577114428
1,17,0,804,847.0,0.9492325855962219
1,17,1,741,847.0,0.8748524203069658
1,17,2,847,847.0,1.0
1,18,0,804,890.0,0.903370786516854
1,18,1,890,890.0,1.0
1,18,2,847,890.0,0.9516853932584269
1,19,0,804,930.0,0.864516129032258
1,19,1,890,930.0,0.956989247311828
1,19,2,930,930.0,1.0
1,20,0,804,980.0,0.8204081632653061
1,20,1,890,980.0,0.9081632653061225
1,20,2,980,980.0,1.0
1,21,0,1030,1030.0,1.0
1,21,1,890,1030.0,0.8640776699029126
1,21,2,980,1030.0,0.9514563106796117
1,22,0,1030,1058.0,0.9735349716446124
1,22,1,1058,1058.0,1.0
1,22,2,980,1058.0,0.9262759924385633
1,23,0,1030,1088.0,0.9466911764705882
1,23,1,1088,1088.0,1.0
1,23,2,980,1088.0,0.9007352941176471
1,24,0,1159,1159.0,1.0
1,24,1,1088,1159.0,0.9387402933563417
1,24,2,980,1159.0,0.8455565142364107
1,25,0,1159,1189.0,0.9747687132043734
1,25,1,1189,1189.0,1.0
1,25,2,980,1189.0,0.8242220353238016
1,26,0,1159,1222.0,0.9484451718494271
1,26,1,1222,1222.0,1.0
1,26,2,980,1222.0,0.8019639934533551
1,27,0,1159,1275.0,0.9090196078431373
1,27,1,1222,1275.0,0.9584313725490196
1,27,2,1275,1275.0,1.0
1,28,0,1159,1348.0,0.8597922848664689
1,28,1,1222,1348.0,0.9065281899109793
1,28,2,1348,1348.0,1.0
1,29,0,1409,1409.0,1.0
1,29,1,1222,1409.0,0.8672817601135557
1,29,2,1348,1409.0,0.9567068843151171
1,30,0,1409,1465.0,0.9617747440273038
1,30,1,1222,1465.0,0.8341296928327645
1,30,2,1465,1465.0,1.0
1,31,0,1409,1520.0,0.9269736842105263
1,31,1,1222,1520.0,0.8039473684210526
1,31,2,1520,1520.0,1.0
1,32,0,1409,1555.0,0.9061093247588424
1,32,1,1555,1555.0,1.0
1,32,2,1520,1555.0,0.977491961414791
1,33,0,1409,1596.0,0.8828320802005013
1,33,1,1596,1596.0,1.0
1,33,2,1520,1596.0,0.9523809523809523
1,34,0,1676,1676.0,1.0
1,34,1,1596,1676.0,0.9522673031026253
1,34,2,1520,1676.0,0.9069212410501193
1,35,0,1676,1710.0,0.9801169590643275
1,35,1,1710,1710.0,1.0
1,35,2,1520,1710.0,0.8888888888888888
1,36,0,1676,1779.0,0.9421023046655425
1,36,1,1710,1779.0,0.9612141652613828
1,36,2,1779,1779.0,1.0
1,37,0,1676,1815.0,0.9234159779614325
1,37,1,1815,1815.0,1.0
1,37,2,1779,1815.0,0.9801652892561984
1,38,0,1676,1855.0,0.9035040431266846
1,38,1,1815,1855.0,0.9784366576819407
1,38,2,1855,1855.0,1.0
1,39,0,1676,1899.0,0.8825697735650342
1,39,1,1899,1899.0,1.0
1,39,2,1855,1899.0,0.9768299104791995
1,40,0,1676,1944.0,0.8621399176954733
1,40,1,1944,1944.0,1.0
1,40,2,1855,1944.0,0.9542181069958847
1,41,0,1676,1983.0,0.8451840645486637
1,41,1,1983,1983.0,1.0
1,41,2,1855,1983.0,0.935451336359052
1,42,0,1676,2018.0,0.8305252725470763
1,42,1,2018,2018.0,1.0
1,42,2,1855,2018.0,0.9192269573835481
1,43,0,1676,2068.0,0.8104448742746615
1,43,1,2068,2068.0,1.0
1,43,2,1855,2068.0,0.8970019342359767
1,44,0,1676,2109.0,0.7946894262683737
1,44,1,2068,2109.0,0.9805595068752964
1,44,2,2109,2109.0,1.0
1,45,0,1676,2148.0,0.7802607076350093
1,45,1,2068,2148.0,0.962756052141527
1,45,2,2148,2148.0,1.0
1,46,0,1676,2184.0,0.7673992673992674
1,46,1,2068,2184.0,0.9468864468864469
1,46,2,2184,2184.0,1.0
1,47,0,1676,2226.0,0.7529200359389039
1,47,1,2226,2226.0,1.0
1,47,2,2184,2226.0,0.9811320754716981
1,48,0,1676,2259.0,0.7419212040725985
1,48,1,2259,2259.0,1.0
1,48,2,2184,2259.0,0.9667994687915007
1,49,0,1676,2295.0,0.7302832244008715
1,49,1,2295,2295.0,1.0
1,49,2,2184,2295.0,0.9516339869281045
1,50,0,1676,2345.0,0.7147121535181237
1,50,1,2295,2345.0,0.9786780383795309
1,50,2,2345,2345.0,1.0
1,51,0,1676,2387.0,0.702136573104315
1,51,1,2295,2387.0,0.9614578969417679
1,51,2,2387,2387.0,1.0
1,52,0,2442,2442.0,1.0
1,52,1,2295,2442.0,0.9398034398034398
1,52,2,2387,2442.0,0.9774774774774775
1,53,0,2442,2493.0,0.9795427196149218
1,53,1,2295,2493.0,0.9205776173285198
1,53,2,2493,2493.0,1.0
1,54,0,2571,2571.0,1.0
1,54,1,2295,2571.0,0.8926487747957993
1,54,2,2493,2571.0,0.969661610268378
1,55,0,2571,2609.0,0.9854350325795324
1,55,1,2609,2609.0,1.0
1,55,2,2493,2609.0,0.955538520505941
1,56,0,2571,2647.0,0.9712882508500189
1,56,1,2647,2647.0,1.0
1,56,2,2493,2647.0,0.9418209293539856
1,57,0,2571,2687.0,0.9568291775213993
1,57,1,2647,2687.0,0.9851135094901377
1,57,2,2687,2687.0,1.0
1,58,0,2571,2725.0,0.9434862385321101
1,58,1,2725,2725.0,1.0
1,58,2,2687,2725.0,0.9860550458715597
1,59,0,2571,2765.0,0.9298372513562387
1,59,1,2765,2765.0,1.0
1,59,2,2687,2765.0,0.9717902350813743
1,60,0,2571,2805.0,0.9165775401069519
1,60,1,2805,2805.0,1.0
1,60,2,2687,2805.0,0.9579322638146167
1,61,0,2571,2848.0,0.9027387640449438
1,61,1,2848,2848.0,1.0
1,61,2,2687,2848.0,0.9434691011235955
1,62,0,2571,2917.0,0.8813849845731916
1,62,1,2848,2917.0,0.9763455605073705
1,62,2,2917,2917.0,1.0
1,63,0,2571,2958.0,0.8691683569979716
1,63,1,2958,2958.0,1.0
1,63,2,2917,2958.0,0.9861392832995267
1,64,0,2571,3000.0,0.857
1,64,1,2958,3000.0,0.986
1,64,2,3000,3000.0,1.0
1,65,0,2571,3037.0,0.8465591043793217
1,65,1,3037,3037.0,1.0
1,65,2,3000,3037.0,0.9878169245966414
1,66,0,2571,3070.0,0.8374592833876221
1,66,1,3070,3070.0,1.0
1,66,2,3000,3070.0,0.9771986970684039
1,67,0,2571,3099.0,0.829622458857696
1,67,1,3099,3099.0,1.0
1,67,2,3000,3099.0,0.968054211035818
1,68,0,2571,3142.0,0.8182686187141948
1,68,1,3142,3142.0,1.0
1,68,2,3000,3142.0,0.9548058561425843
1,69,0,2571,3215.0,0.7996889580093313
1,69,1,3142,3215.0,0.977293934681182
1,69,2,3215,3215.0,1.0
1,70,0,2571,3264.0,0.7876838235294118
1,70,1,3142,3264.0,0.9626225490196079
1,70,2,3264,3264.0,1.0
1,71,0,2571,3325.0,0.7732330827067669
1,71,1,3142,3325.0,0.9449624060150376
1,71,2,3325,3325.0,1.0
1,72,0,2571,3375.0,0.7617777777777778
1,72,1,3375,3375.0,1.0
1,72,2,3325,3375.0,0.9851851851851852
1,73,0,3437,3437.0,1.0
1,73,1,3375,3437.0,0.9819610125109107
1,73,2,3325,3437.0,0.9674134419551935
1,74,0,3437,3478.0,0.9882116158711903
1,74,1,3375,3478.0,0.9703852788959172
1,74,2,3478,3478.0,1.0
1,75,0,3437,3518.0,0.9769755542922115
1,75,1,3518,3518.0,1.0
1,75,2,3478,3518.0,0.9886299033541786
1,76,0,3437,3550.0,0.9681690140845071
1,76,1,3550,3550.0,1.0
1,76,2,3478,3550.0,0.979718309859155
1,77,0,3437,3582.0,0.9595198213288666
1,77,1,3582,3582.0,1.0
1,77,2,3478,3582.0,0.9709659408151871
1,78,0,3437,3632.0,0.9463105726872246
1,78,1,3632,3632.0,1.0
1,78,2,3478,3632.0,0.9575991189427313
1,79,0,3713,3713.0,1.0
1,79,1,3632,3713.0,0.9781847562617829
1,79,2,3478,3713.0,0.9367088607594937
1,80,0,3713,3751.0,0.9898693681684884
1,80,1,3751,3751.0,1.0
1,80,2,3478,3751.0,0.9272194081578246
1,81,0,3713,3788.0,0.9802006335797254
1,81,1,3751,3788.0,0.9902323125659979
1,81,2,3788,3788.0,1.0
1,82,0,3713,3825.0,0.970718954248366
1,82,1,3751,3825.0,0.9806535947712418
1,82,2,3825,3825.0,1.0
1,83,0,3713,3890.0,0.9544987146529563
1,83,1,3751,3890.0,0.96426735218509
1,83,2,3890,3890.0,1.0
1,84,0,3713,3949.0,0.9402380349455558
1,84,1,3751,3949.0,0.9498607242339833
1,84,2,3949,3949.0,1.0
1,85,0,3713,4022.0,0.9231725509696669
1,85,1,3751,4022.0,0.9326205867727498
1,85,2,4022,4022.0,1.0
1,86,0,3713,4072.0,0.9118369351669942
1,86,1,4072,4072.0,1.0
1,86,2,4022,4072.0,0.987721021611002
1,87,0,3713,4110.0,0.9034063260340632
1,87,1,4110,4110.0,1.0
1,87,2,4022,4110.0,0.9785888077858881
1,88,0,3713,4176.0,0.8891283524904214
1,88,1,4110,4176.0,0.9841954022988506
1,88,2,4176,4176.0,1.0
1,89,0,3713,4211.0,0.8817383044407504
1,89,1,4211,4211.0,1.0
1,89,2,4176,4211.0,0.9916884350510567
1,90,0,3713,4261.0,0.8713916920910585
1,90,1,4261,4261.0,1.0
1,90,2,4176,4261.0,0.9800516310725181
1,91,0,3713,4298.0,0.863890181479758
1,91,1,4298,4298.0,1.0
1,91,2,4176,4298.0,0.9716147045137273
1,92,0,3713,4366.0,0.8504351809436556
1,92,1,4298,4366.0,0.9844251030691709
1,92,2,4366,4366.0,1.0
1,93,0,3713,4404.0,0.8430971843778383
1,93,1,4298,4404.0,0.9759309718437784
1,93,2,4404,4404.0,1.0
1,94,0,3713,4473.0,0.8300916610775766
1,94,1,4298,4473.0,0.9608763693270735
1,94,2,4473,4473.0,1.0
1,95,0,3713,4518.0,0.8218238158477202
1,95,1,4518,4518.0,1.0
1,95,2,4473,4518.0,0.9900398406374502
1,96,0,3713,4560.0,0.8142543859649123
1,96,1,4560,4560.0,1.0
1,96,2,4473,4560.0,0.9809210526315789
1,97,0,3713,4609.0,0.8055977435452376
1,97,1,4609,4609.0,1.0
1,97,2,4473,4609.0,0.9704925146452593
1,98,0,3713,4677.0,0.7938849689972204
1,98,1,4609,4677.0,0.9854607654479367
1,98,2,4677,4677.0,1.0
1,99,0,3713,4722.0,0.7863193562049979
1,99,1,4722,4722.0,1.0
1,99,2,4677,4722.0,0.9904701397712834
1,100,0,3713,4762.0,0.7797144057118858
1,100,1,4722,4762.0,0.9916001679966401
1,100,2,4762,4762.0,1.0
1,101,0,4833,4833.0,1.0
1,101,1,4722,4833.0,0.9770328988206083
1,101,2,4762,4833.0,0.9853093316780468
1,102,0,4833,4872.0,0.9919950738916257
1,102,1,4872,4872.0,1.0
1,102,2,4762,4872.0,0.9774220032840722
1,103,0,4833,4913.0,0.9837166700590271
1,103,1,4913,4913.0,1.0
1,103,2,4762,4913.0,0.9692652147364136
1,104,0,4833,4955.0,0.9753784056508578
1,104,1,4955,4955.0,1.0
1,104,2,4762,4955.0,0.9610494450050454
1,105,0,4833,4996.0,0.9673738991192954
1,105,1,4996,4996.0,1.0
1,105,2,4762,4996.0,0.9531625300240192
1,106,0,4833,5026.0,0.961599681655392
1,106,1,5026,5026.0,1.0
1,106,2,4762,5026.0,0.9474731396736967
1,107,0,4833,5066.0,0.954007106198184
1,107,1,5066,5066.0,1.0
1,107,2,4762,5066.0,0.9399921042242401
1,108,0,4833,5099.0,0.9478329084134144
1,108,1,5099,5099.0,1.0
1,108,2,4762,5099.0,0.9339086095312806
1,109,0,5171,5171.0,1.0
1,109,1,5099,5171.0,0.986076194159737
1,109,2,4762,5171.0,0.9209050473796171
1,110,0,5171,5216.0,0.9913726993865031
1,110,1,5216,5216.0,1.0
1,110,2,4762,5216.0,0.9129601226993865
1,111,0,5171,5260.0,0.9830798479087453
1,111,1,5216,5260.0,0.9916349809885932
1,111,2,5260,5260.0,1.0
1,112,0,5171,5315.0,0.9729068673565381
1,112,1,5216,5315.0,0.98137347130762
1,112,2,5315,5315.0,1.0
1,113,0,5171,5348.0,0.9669035153328347
1,113,1,5348,5348.0,1.0
1,113,2,5315,5348.0,0.9938294689603591
1,114,0,5171,5394.0,0.9586577678902484
1,114,1,5394,5394.0,1.0
1,114,2,5315,5394.0,0.9853540971449759
1,115,0,5171,5448.0,0.9491556534508077
1,115,1,5394,5448.0,0.9900881057268722
1,115,2,5448,5448.0,1.0
1,116,0,5171,5518.0,0.9371148967017036
1,116,1,5394,5518.0,0.9775280898876404
1,116,2,5518,5518.0,1.0
1,117,0,5171,5566.0,0.9290334171757096
1,117,1,5566,5566.0,1.0
1,117,2,5518,5566.0,0.9913762127200862
1,118,0,5171,5599.0,0.9235577781746741
1,118,1,5599,5599.0,1.0
1,118,2,5518,5599.0,0.9855331309162351
1,119,0,5171,5636.0,0.9174946770759403
1,119,1,5636,5636.0,1.0
1,119,2,5518,5636.0,0.9790631653655074
1,120,0,5171,5672.0,0.9116713681241185
1,120,1,5672,5672.0,1.0
1,120,2,5518,5672.0,0.9728490832157969
1,121,0,5171,5717.0,0.9044953647017666
1,121,1,5717,5717.0,1.0
1,121,2,5518,5717.0,0.9651915340213398
1,122,0,5171,5774.0,0.8955663318323519
1,122,1,5717,5774.0,0.990128160720471
1,122,2,5774,5774.0,1.0
1,123,0,5171,5811.0,0.8898640509378765
1,123,1,5717,5811.0,0.9838237824815006
1,123,2,5811,5811.0,1.0
1,124,0,5171,5859.0,0.882573818057689
1,124,1,5859,5859.0,1.0
1,124,2,5811,5859.0,0.9918074756784434
1,125,0,5171,5901.0,0.876292153872225
1,125,1,5901,5901.0,1.0
1,125,2,5811,5901.0,0.9847483477376716
1,126,0,5171,5943.0,0.8700992764597005
1,126,1,5943,5943.0,1.0
1,126,2,5811,5943.0,0.97778899545684
1,127,0,5171,5997.0,0.8622644655661164
1,127,1,5943,5997.0,0.9909954977488744
1,127,2,5997,5997.0,1.0
1,128,0,5171,6034.0,0.8569771295989393
1,128,1,6034,6034.0,1.0
1,128,2,5997,6034.0,0.9938680808750414
1,129,0,5171,6071.0,0.8517542414758689
1,129,1,6071,6071.0,1.0
1,129,2,5997,6071.0,0.987810904299127
1,130,0,5171,6120.0,0.8449346405228758
1,130,1,6120,6120.0,1.0
1,130,2,5997,6120.0,0.9799019607843137
1,131,0,5171,6151.0,0.8406763127946675
1,131,1,6151,6151.0,1.0
1,131,2,5997,6151.0,0.9749634205820192
1,132,0,5171,6184.0,0.8361901681759379
1,132,1,6184,6184.0,1.0
1,132,2,5997,6184.0,0.9697606727037517
1,133,0,5171,6210.0,0.8326892109500805
1,133,1,6210,6210.0,1.0
1,133,2,5997,6210.0,0.9657004830917875
1,134,0,5171,6242.0,0.8284203780839474
1,134,1,6242,6242.0,1.0
1,134,2,5997,6242.0,0.9607497596924063
2,1,0,19,19.0,1.0
2,1,1,0,19.0,0.0
2,1,2,0,19.0,0.0
2,2,0,93,93.0,1.0
2,2,1,0,93.0,0.0
2,2,2,0,93.0,0.0
2,3,0,169,169.0,1.0
2,3,1,0,169.0,0.0
2,3,2,0,169.0,0.0
2,4,0,169,194.0,0.8711340206185567
2,4,1,194,194.0,1.0
2,4,2,0,194.0,0.0
2,5,0,253,253.0,1.0
2,5,1,194,253.0,0.766798418972332
2,5,2,0,253.0,0.0
2,6,0,328,328.0,1.0
2,6,1,194,328.0,0.5914634146341463
2,6,2,0,328.0,0.0
2,7,0,384,384.0,1.0
2,7,1,194,384.0,0.5052083333333334
2,7,2,0,384.0,0.0
2,8,0,460,460.0,1.0
2,8,1,194,460.0,0.4217391304347826
2,8,2,0,460.0,0.0
2,9,0,531,531.0,1.0
2,9,1,194,531.0,0.3653483992467043
2,9,2,0,531.0,0.0
2,10,0,531,564.0,0.9414893617021277
2,10,1,564,564.0,1.0
2,10,2,0,564.0,0.0
2,11,0,531,597.0,0.8894472361809045
2,11,1,597,597.0,1.0
2,11,2,0,597.0,0.0
2,12,0,531,632.0,0.8401898734177216
2,12,1,632,632.0,1.0
2,12,2,0,632.0,0.0
2,13,0,694,694.0,1.0
2,13,1,632,694.0,0.9106628242074928
2,13,2,0,694.0,0.0
2,14,0,694,718.0,0.9665738161559888
2,14,1,632,718.0,0.8802228412256268
2,14,2,718,718.0,1.0
2,15,0,694,771.0,0.9001297016861219
2,15,1,632,771.0,0.8197146562905318
2,15,2,771,771.0,1.0
2,16,0,694,844.0,0.8222748815165877
2,16,1,632,844.0,0.7488151658767772
2,16,2,844,844.0,1.0
2,17,0,694,900.0,0.7711111111111111
2,17,1,632,900.0,0.7022222222222222
2,17,2,900,900.0,1.0
2,18,0,958,958.0,1.0
2,18,1,632,958.0,0.6597077244258872
2,18,2,900,958.0,0.9394572025052192
2,19,0,1030,1030.0,1.0
2,19,1,632,1030.0,0.6135922330097088
2,19,2,900,1030.0,0.8737864077669902
2,20,0,1030,1070.0,0.9626168224299065
2,20,1,632,1070.0,0.5906542056074766
2,20,2,1070,1070.0,1.0
2,21,0,1118,1118.0,1.0
2,21,1,632,1118.0,0.5652951699463328
2,21,2,1070,1118.0,0.9570661896243292
2,22,0,1118,1187.0,0.9418702611625948
2,22,1,632,1187.0,0.5324347093513058
2,22,2,1187,1187.0,1.0
2,23,0,1118,1222.0,0.9148936170212766
2,23,1,1222,1222.0,1.0
2,23,2,1187,1222.0,0.9713584288052373
2,24,0,1287,1287.0,1.0
2,24,1,1222,1287.0,0.9494949494949495
2,24,2,1187,1287.0,0.9222999222999223
2,25,0,1287,1343.0,0.9583023082650782
2,25,1,1222,1343.0,0.909903201787044
2,25,2,1343,1343.0,1.0
2,26,0,1287,1380.0,0.9326086956521739
2,26,1,1380,1380.0,1.0
2,26,2,1343,1380.0,0.9731884057971014
2,27,0,1451,1451.0,1.0
2,27,1,1380,1451.0,0.9510682288077188
2,27,2,1343,1451.0,0.9255685733976567
2,28,0,1451,1484.0,0.9777628032345014
2,28,1,1484,1484.0,1.0
2,28,2,1343,1484.0,0.9049865229110512
2,29,0,1550,1550.0,1.0
2,29,1,1484,1550.0,0.9574193548387097
2,29,2,1343,1550.0,0.8664516129032258
2,30,0,1550,1590.0,0.9748427672955975
2,30,1,1590,1590.0,1.0
2,30,2,1343,1590.0,0.8446540880503145
2,31,0,1550,1625.0,0.9538461538461539
2,31,1,1625,1625.0,1.0
2,31,2,1343,1625.0,0.8264615384615385
2,32,0,1550,1667.0,0.9298140371925615
2,32,1,1667,1667.0,1.0
2,32,2,1343,1667.0,0.8056388722255549
2,33,0,1550,1710.0,0.9064327485380117
2,33,1,1710,1710.0,1.0
2,33,2,1343,1710.0,0.7853801169590643
2,34,0,1550,1750.0,0.8857142857142857
2,34,1,1710,1750.0,0.9771428571428571
2,34,2,1750,1750.0,1.0
2,35,0,1550,1823.0,0.850246845858475
2,35,1,1710,1823.0,0.9380142622051564
2,35,2,1823,1823.0,1.0
2,36,0,1550,1873.0,0.8275493860117459
2,36,1,1710,1873.0,0.9129738387613454
2,36,2,1873,1873.0,1.0
2,37,0,1550,1928.0,0.803941908713693
2,37,1,1710,1928.0,0.8869294605809128
2,37,2,1928,1928.0,1.0
2,38,0,1550,1964.0,0.7892057026476579
2,38,1,1964,1964.0,1.0
2,38,2,1928,1964.0,0.9816700610997964
2,39,0,2042,2042.0,1.0
2,39,1,1964,2042.0,0.9618021547502449
2,39,2,1928,2042.0,0.9441723800195886
2,40,0,2042,2084.0,0.9798464491362764
2,40,1,1964,2084.0,0.9424184261036468
2,40,2,2084,2084.0,1.0
2,41,0,2042,2129.0,0.9591357444809769
2,41,1,1964,2129.0,0.9224988257397839
2,41,2,2129,2129.0,1.0
2,42,0,2042,2163.0,0.9440591770688858
2,42,1,1964,2163.0,0.9079981507165973
2,42,2,2163,2163.0,1.0
2,43,0,2042,2203.0,0.9269178393100318
2,43,1,2203,2203.0,1.0
2,43,2,2163,2203.0,0.9818429414434862
2,44,0,2268,2268.0,1.0
2,44,1,2203,2268.0,0.9713403880070547
2,44,2,2163,2268.0,0.9537037037037037
2,45,0,2268,2318.0,0.9784296807592753
2,45,1,2318,2318.0,1.0
2,45,2,2163,2318.0,0.9331320103537533
2,46,0,2268,2354.0,0.9634664401019541
2,46,1,2354,2354.0,1.0
2,46,2,2163,2354.0,0.9188615123194562
2,47,0,2268,2404.0,0.9434276206322796
2,47,1,2404,2404.0,1.0
2,47,2,2163,2404.0,0.8997504159733777
2,48,0,2485,2485.0,1.0
2,48,1,2404,2485.0,0.9674044265593561
2,48,2,2163,2485.0,0.8704225352112676
2,49,0,2485,2530.0,0.9822134387351779
2,49,1,2530,2530.0,1.0
2,49,2,2163,2530.0,0.8549407114624505
2,50,0,2485,2573.0,0.965798678585309
2,50,1,2573,2573.0,1.0
2,50,2,2163,2573.0,0.8406529343179169
2,51,0,2485,2619.0,0.9488354333715159
2,51,1,2573,2619.0,0.9824360442917144
2,51,2,2619,2619.0,1.0
2,52,0,2485,2649.0,0.938089845224613
2,52,1,2649,2649.0,1.0
2,52,2,2619,2649.0,0.9886749716874292
2,53,0,2485,2722.0,0.9129316678912565
2,53,1,2649,2722.0,0.973181484202792
2,53,2,2722,2722.0,1.0
2,54,0,2485,2765.0,0.8987341772151899
2,54,1,2649,2765.0,0.9580470162748643
2,54,2,2765,2765.0,1.0
2,55,0,2485,2829.0,0.8784022622834924
2,55,1,2649,2829.0,0.936373276776246
2,55,2,2829,2829.0,1.0
2,56,0,2909,2909.0,1.0
2,56,1,2649,2909.0,0.910622206943967
2,56,2,2829,2909.0,0.9724991405981437
2,57,0,2909,2944.0,0.9881114130434783
2,57,1,2944,2944.0,1.0
2,57,2,2829,2944.0,0.9609375
2,58,0,2909,2985.0,0.9745393634840871
2,58,1,2985,2985.0,1.0
2,58,2,2829,2985.0,0.9477386934673366
2,59,0,2909,3040.0,0.9569078947368421
2,59,1,2985,3040.0,0.9819078947368421
2,59,2,3040,3040.0,1.0
2,60,0,2909,3083.0,0.9435614661044437
2,60,1,3083,3083.0,1.0
2,60,2,3040,3083.0,0.9860525462212131
2,61,0,2909,3126.0,0.9305822136916186
2,61,1,3126,3126.0,1.0
2,61,2,3040,3126.0,0.9724888035828535
2,62,0,2909,3168.0,0.9182449494949495
2,62,1,3126,3168.0,0.9867424242424242
2,62,2,3168,3168.0,1.0
2,63,0,2909,3228.0,0.9011771995043371
2,63,1,3126,3228.0,0.9684014869888475
2,63,2,3228,3228.0,1.0
2,64,0,2909,3271.0,0.8893304799755426
2,64,1,3271,3271.0,1.0
2,64,2,3228,3271.0,0.9868541730357688
2,65,0,2909,3313.0,0.8780561424690613
2,65,1,3313,3313.0,1.0
2,65,2,3228,3313.0,0.9743434953214609
2,66,0,2909,3357.0,0.8665475126601132
2,66,1,3357,3357.0,1.0
2,66,2,3228,3357.0,0.9615728328865059
2,67,0,2909,3407.0,0.8538303492808923
2,67,1,3407,3407.0,1.0
2,67,2,3228,3407.0,0.9474611094804813
2,68,0,2909,3443.0,0.8449027011327331
2,68,1,3407,3443.0,0.989544002323555
2,68,2,3443,3443.0,1.0
2,69,0,2909,3480.0,0.835919540229885
2,69,1,3480,3480.0,1.0
2,69,2,3443,3480.0,0.989367816091954
2,70,0,2909,3514.0,0.827831531018782
2,70,1,3514,3514.0,1.0
2,70,2,3443,3514.0,0.9797951052931133
2,71,0,2909,3555.0,0.8182841068917018
2,71,1,3555,3555.0,1.0
2,71,2,3443,3555.0,0.9684950773558368
2,72,0,2909,3616.0,0.8044800884955752
2,72,1,3555,3616.0,0.9831305309734514
2,72,2,3616,3616.0,1.0
2,73,0,2909,3650.0,0.796986301369863
2,73,1,3650,3650.0,1.0
2,73,2,3616,3650.0,0.9906849315068493
2,74,0,2909,3680.0,0.7904891304347826
2,74,1,3680,3680.0,1.0
2,74,2,3616,3680.0,0.9826086956521739
2,75,0,2909,3734.0,0.7790573111944296
2,75,1,3680,3734.0,0.9855382967327263
2,75,2,3734,3734.0,1.0
2,76,0,2909,3784.0,0.7687632135306554
2,76,1,3784,3784.0,1.0
2,76,2,3734,3784.0,0.9867864693446089
2,77,0,2909,3820.0,0.7615183246073298
2,77,1,3820,3820.0,1.0
2,77,2,3734,3820.0,0.9774869109947644
2,78,0,2909,3848.0,0.7559771309771309
2,78,1,3848,3848.0,1.0
2,78,2,3734,3848.0,0.9703742203742204
2,79,0,2909,3883.0,0.7491630182848313
2,79,1,3883,3883.0,1.0
2,79,2,3734,3883.0,0.9616276075199588
2,80,0,2909,3929.0,0.7403919572410282
2,80,1,3929,3929.0,1.0
2,80,2,3734,3929.0,0.9503690506490201
2,81,0,3984,3984.0,1.0
2,81,1,3929,3984.0,0.9861947791164659
2,81,2,3734,3984.0,0.9372489959839357
2,82,0,3984,4053.0,0.9829755736491488
2,82,1,3929,4053.0,0.9694053787318037
2,82,2,4053,4053.0,1.0
2,83,0,3984,4093.0,0.9733691668702663
2,83,1,4093,4093.0,1.0
2,83,2,4053,4093.0,0.9902272172000978
2,84,0,3984,4132.0,0.9641819941916747
2,84,1,4132,4132.0,1.0
2,84,2,4053,4132.0,0.9808809293320426
2,85,0,3984,4170.0,0.9553956834532374
2,85,1,4170,4170.0,1.0
2,85,2,4053,4170.0,0.9719424460431655
2,86,0,3984,4213.0,0.9456444338950867
2,86,1,4213,4213.0,1.0
2,86,2,4053,4213.0,0.9620223118917636
2,87,0,3984,4257.0,0.9358703312191684
2,87,1,4213,4257.0,0.9896640826873385
2,87,2,4257,4257.0,1.0
2,88,0,3984,4298.0,0.9269427640763146
2,88,1,4213,4298.0,0.9802233597021871
2,88,2,4298,4298.0,1.0
2,89,0,3984,4340.0,0.9179723502304148
2,89,1,4340,4340.0,1.0
2,89,2,4298,4340.0,0.9903225806451613
2,90,0,3984,4386.0,0.908344733242134
2,90,1,4386,4386.0,1.0
2,90,2,4298,4386.0,0.9799361605107159
2,91,0,3984,4418.0,0.901765504753282
2,91,1,4418,4418.0,1.0
2,91,2,4298,4418.0,0.9728383884110458
2,92,0,3984,4466.0,0.8920734437975817
2,92,1,4466,4466.0,1.0
2,92,2,4298,4466.0,0.9623824451410659
2,93,0,3984,4534.0,0.8786943096603441
2,93,1,4466,4534.0,0.9850022055580062
2,93,2,4534,4534.0,1.0
2,94,0,3984,4600.0,0.8660869565217392
2,94,1,4466,4600.0,0.9708695652173913
2,94,2,4600,4600.0,1.0
2,95,0,3984,4631.0,0.8602893543511121
2,95,1,4631,4631.0,1.0
2,95,2,4600,4631.0,0.9933059814294969
2,96,0,3984,4672.0,0.8527397260273972
2,96,1,4631,4672.0,0.9912243150684932
2,96,2,4672,4672.0,1.0
2,97,0,3984,4720.0,0.8440677966101695
2,97,1,4720,4720.0,1.0
2,97,2,4672,4720.0,0.9898305084745763
2,98,0,3984,4762.0,0.8366232675346493
2,98,1,4762,4762.0,1.0
2,98,2,4672,4762.0,0.9811003779924401
2,99,0,3984,4804.0,0.829308909242298
2,99,1,4804,4804.0,1.0
2,99,2,4672,4804.0,0.9725228975853455
2,100,0,3984,4842.0,0.8228004956629492
2,100,1,4842,4842.0,1.0
2,100,2,4672,4842.0,0.9648905410987195
2,101,0,3984,4880.0,0.8163934426229508
2,101,1,4842,4880.0,0.9922131147540983
2,101,2,4880,4880.0,1.0
2,102,0,3984,4917.0,0.8102501525320317
2,102,1,4842,4917.0,0.9847467968273338
2,102,2,4917,4917.0,1.0
2,103,0,3984,4959.0,0.8033877797943134
2,103,1,4959,4959.0,1.0
2,103,2,4917,4959.0,0.9915305505142166
2,104,0,3984,5024.0,0.7929936305732485
2,104,1,4959,5024.0,0.987062101910828
2,104,2,5024,5024.0,1.0
2,105,0,3984,5062.0,0.7870406953773212
2,105,1,5062,5062.0,1.0
2,105,2,5024,5062.0,0.9924930857368629
2,106,0,3984,5092.0,0.7824037706205813
2,106,1,5092,5092.0,1.0
2,106,2,5024,5092.0,0.9866457187745483
2,107,0,3984,5137.0,0.7755499318668484
2,107,1,5137,5137.0,1.0
2,107,2,5024,5137.0,0.9780027253260658
2,108,0,3984,5164.0,0.7714949651432997
2,108,1,5164,5164.0,1.0
2,108,2,5024,5164.0,0.9728892331525949
2,109,0,3984,5233.0,0.7613223772214791
2,109,1,5164,5233.0,0.9868144467800497
2,109,2,5233,5233.0,1.0
2,110,0,3984,5268.0,0.7562642369020501
2,110,1,5164,5268.0,0.9802581624905087
2,110,2,5268,5268.0,1.0
2,111,0,3984,5306.0,0.7508480964945344
2,111,1,5306,5306.0,1.0
2,111,2,5268,5306.0,0.9928382962683754
2,112,0,3984,5337.0,0.746486790331647
2,112,1,5337,5337.0,1.0
2,112,2,5268,5337.0,0.9870713884204609
2,113,0,3984,5405.0,0.7370952821461609
2,113,1,5337,5405.0,0.9874190564292322
2,113,2,5405,5405.0,1.0
2,114,0,3984,5455.0,0.7303391384051329
2,114,1,5455,5455.0,1.0
2,114,2,5405,5455.0,0.9908340971585701
2,115,0,3984,5504.0,0.7238372093023255
2,115,1,5504,5504.0,1.0
2,115,2,5405,5504.0,0.9820130813953488
2,116,0,3984,5536.0,0.7196531791907514
2,116,1,5536,5536.0,1.0
2,116,2,5405,5536.0,0.9763367052023122
2,117,0,3984,5586.0,0.7132116004296455
2,117,1,5586,5586.0,1.0
2,117,2,5405,5586.0,0.9675975653419262
2,118,0,3984,5623.0,0.7085185843855593
2,118,1,5586,5623.0,0.9934198826249333
2,118,2,5623,5623.0,1.0
2,119,0,3984,5662.0,0.7036382903567644
2,119,1,5662,5662.0,1.0
2,119,2,5623,5662.0,0.9931119745672907
2,120,0,3984,5703.0,0.6985796948974224
2,120,1,5703,5703.0,1.0
2,120,2,5623,5703.0,0.9859722952831843
2,121,0,3984,5760.0,0.6916666666666667
2,121,1,5703,5760.0,0.9901041666666667
2,121,2,5760,5760.0,1.0
2,122,0,3984,5800.0,0.6868965517241379
2,122,1,5800,5800.0,1.0
2,122,2,5760,5800.0,0.993103448275862
2,123,0,3984,5844.0,0.6817248459958932
2,123,1,5800,5844.0,0.9924709103353867
2,123,2,5844,5844.0,1.0
2,124,0,3984,5914.0,0.673655732160974
2,124,1,5800,5914.0,0.9807237064592492
2,124,2,5914,5914.0,1.0
2,125,0,3984,5951.0,0.6694673164174089
2,125,1,5800,5951.0,0.974626113258276
2,125,2,5951,5951.0,1.0
2,126,0,3984,6005.0,0.6634471273938385
2,126,1,5800,6005.0,0.9658617818484596
2,126,2,6005,6005.0,1.0
2,127,0,3984,6038.0,0.6598211328254389
2,127,1,6038,6038.0,1.0
2,127,2,6005,6038.0,0.9945346141106327
2,128,0,3984,6075.0,0.6558024691358024
2,128,1,6075,6075.0,1.0
2,128,2,6005,6075.0,0.988477366255144
2,129,0,3984,6112.0,0.6518324607329843
2,129,1,6112,6112.0,1.0
2,129,2,6005,6112.0,0.9824934554973822
2,130,0,3984,6161.0,0.6466482713845155
2,130,1,6161,6161.0,1.0
2,130,2,6005,6161.0,0.9746794351566305
2,131,0,3984,6198.0,0.6427879961277831
2,131,1,6198,6198.0,1.0
2,131,2,6005,6198.0,0.9688609228783479
2,132,0,3984,6231.0,0.6393837265286471
2,132,1,6231,6231.0,1.0
2,132,2,6005,6231.0,0.9637297384047504
2,133,0,3984,6272.0,0.6352040816326531
2,133,1,6272,6272.0,1.0
2,133,2,6005,6272.0,0.9574298469387755
2,134,0,3984,6317.0,0.6306791198353648
2,134,1,6317,6317.0,1.0
2,134,2,6005,6317.0,0.9506094665189172
3,1,0,23,23.0,1.0
3,1,1,0,23.0,0.0
3,1,2,0,23.0,0.0
3,2,0,97,97.0,1.0
3,2,1,0,97.0,0.0
3,2,2,0,97.0,0.0
3,3,0,97,117.0,0.8290598290598291
3,3,1,117,117.0,1.0
3,3,2,0,117.0,0.0
3,4,0,173,173.0,1.0
3,4,1,117,173.0,0.6763005780346821
3,4,2,0,173.0,0.0
3,5,0,229,229.0,1.0
3,5,1,117,229.0,0.5109170305676856
3,5,2,0,229.0,0.0
3,6,0,273,273.0,1.0
3,6,1,117,273.0,0.42857142857142855
3,6,2,0,273.0,0.0
3,7,0,332,332.0,1.0
3,7,1,117,332.0,0.35240963855421686
3,7,2,0,332.0,0.0
3,8,0,332,365.0,0.9095890410958904
3,8,1,365,365.0,1.0
3,8,2,0,365.0,0.0
3,9,0,332,410.0,0.8097560975609757
3,9,1,410,410.0,1.0
3,9,2,0,410.0,0.0
3,10,0,332,445.0,0.7460674157303371
3,10,1,410,445.0,0.9213483146067416
3,10,2,445,445.0,1.0
3,11,0,525,525.0,1.0
3,11,1,410,525.0,0.780952380952381
3,11,2,445,525.0,0.8476190476190476
3,12,0,568,568.0,1.0
3,12,1,410,568.0,0.721830985915493
3,12,2,445,568.0,0.7834507042253521
3,13,0,568,604.0,0.9403973509933775
3,13,1,604,604.0,1.0
3,13,2,445,604.0,0.7367549668874173
3,14,0,568,632.0,0.8987341772151899
3,14,1,632,632.0,1.0
3,14,2,445,632.0,0.7041139240506329
3,15,0,708,708.0,1.0
3,15,1,632,708.0,0.8926553672316384
3,15,2,445,708.0,0.6285310734463276
3,16,0,708,781.0,0.9065300896286812
3,16,1,632,781.0,0.8092189500640204
3,16,2,781,781.0,1.0
3,17,0,832,832.0,1.0
3,17,1,632,832.0,0.7596153846153846
3,17,2,781,832.0,0.9387019230769231
3,18,0,832,867.0,0.9596309111880046
3,18,1,867,867.0,1.0
3,18,2,781,867.0,0.9008073817762399
3,19,0,924,924.0,1.0
3,19,1,867,924.0,0.9383116883116883
3,19,2,781,924.0,0.8452380952380952
3,20,0,924,952.0,0.9705882352941176
3,20,1,952,952.0,1.0
3,20,2,781,952.0,0.8203781512605042
3,21,0,924,1005.0,0.9194029850746268
3,21,1,952,1005.0,0.9472636815920398
3,21,2,1005,1005.0,1.0
3,22,0,924,1074.0,0.8603351955307262
3,22,1,952,1074.0,0.8864059590316573
3,22,2,1074,1074.0,1.0
3,23,0,1139,1139.0,1.0
3,23,1,952,1139.0,0.835820895522388
3,23,2,1074,1139.0,0.9429323968393327
3,24,0,1139,1189.0,0.9579478553406223
3,24,1,1189,1189.0,1.0
3,24,2,1074,1189.0,0.9032800672834315
3,25,0,1139,1231.0,0.925264012997563
3,25,1,1189,1231.0,0.9658813972380179
3,25,2,1231,1231.0,1.0
3,26,0,1286,1286.0,1.0
3,26,1,1189,1286.0,0.9245723172628305
3,26,2,1231,1286.0,0.9572317262830482
3,27,0,1286,1359.0,0.9462840323767476
3,27,1,1189,1359.0,0.8749080206033848
3,27,2,1359,1359.0,1.0
3,28,0,1286,1396.0,0.9212034383954155
3,28,1,1396,1396.0,1.0
3,28,2,1359,1396.0,0.9734957020057307
3,29,0,1286,1432.0,0.8980446927374302
3,29,1,1432,1432.0,1.0
3,29,2,1359,1432.0,0.9490223463687151
3,30,0,1286,1471.0,0.8742352141400408
3,30,1,1432,1471.0,0.973487423521414
3,30,2,1471,1471.0,1.0
3,31,0,1546,1546.0,1.0
3,31,1,1432,1546.0,0.926261319534282
3,31,2,1471,1546.0,0.9514877102199224
3,32,0,1546,1610.0,0.9602484472049689
3,32,1,1432,1610.0,0.8894409937888199
3,32,2,1610,1610.0,1.0
3,33,0,1546,1683.0,0.9185977421271538
3,33,1,1432,1683.0,0.8508615567439097
3,33,2,1683,1683.0,1.0
3,34,0,1546,1723.0,0.8972721996517702
3,34,1,1723,1723.0,1.0
3,34,2,1683,1723.0,0.9767846778874056
3,35,0,1546,1761.0,0.8779102782509938
3,35,1,1761,1761.0,1.0
3,35,2,1683,1761.0,0.9557069846678024
3,36,0,1546,1803.0,0.8574597892401553
3,36,1,1761,1803.0,0.9767054908485857
3,36,2,1803,1803.0,1.0
3,37,0,1546,1859.0,0.8316299085529855
3,37,1,1761,1859.0,0.9472834857450242
3,37,2,1859,1859.0,1.0
3,38,0,1546,1915.0,0.8073107049608355
3,38,1,1761,1915.0,0.9195822454308094
3,38,2,1915,1915.0,1.0
3,39,0,1546,1958.0,0.7895812053115424
3,39,1,1958,1958.0,1.0
3,39,2,1915,1958.0,0.9780388151174668
3,40,0,1546,1997.0,0.7741612418627942
3,40,1,1958,1997.0,0.9804707060590886
3,40,2,1997,1997.0,1.0
3,41,0,1546,2053.0,0.7530443253774963
3,41,1,1958,2053.0,0.9537262542620555
3,41,2,2053,2053.0,1.0
3,42,0,1546,2090.0,0.7397129186602871
3,42,1,2090,2090.0,1.0
3,42,2,2053,2090.0,0.9822966507177033
3,43,0,1546,2123.0,0.7282147903909562
3,43,1,2123,2123.0,1.0
3,43,2,2053,2123.0,0.9670277908619878
3,44,0,1546,2153.0,0.7180678123548537
3,44,1,2153,2153.0,1.0
3,44,2,2053,2153.0,0.9535531816070599
3,45,0,1546,2193.0,0.7049703602371181
3,45,1,2153,2193.0,0.9817601459188326
3,45,2,2193,2193.0,1.0
3,46,0,2264,2264.0,1.0
3,46,1,2153,2264.0,0.9509717314487632
3,46,2,2193,2264.0,0.9686395759717314
3,47,0,2325,2325.0,1.0
3,47,1,2153,2325.0,0.9260215053763441
3,47,2,2193,2325.0,0.9432258064516129
3,48,0,2372,2372.0,1.0
3,48,1,2153,2372.0,0.907672849915683
3,48,2,2193,2372.0,0.9245362563237775
3,49,0,2372,2408.0,0.9850498338870431
3,49,1,2408,2408.0,1.0
3,49,2,2193,2408.0,0.9107142857142857
3,50,0,2372,2445.0,0.9701431492842536
3,50,1,2408,2445.0,0.9848670756646217
3,50,2,2445,2445.0,1.0
3,51,0,2372,2500.0,0.9488
3,51,1,2408,2500.0,0.9632
3,51,2,2500,2500.0,1.0
3,52,0,2372,2545.0,0.9320235756385069
3,52,1,2408,2545.0,0.9461689587426326
3,52,2,2545,2545.0,1.0
3,53,0,2372,2595.0,0.9140655105973025
3,53,1,2595,2595.0,1.0
3,53,2,2545,2595.0,0.9807321772639692
3,54,0,2372,2638.0,0.8991660348749052
3,54,1,2638,2638.0,1.0
3,54,2,2545,2638.0,0.964746019711903
3,55,0,2372,2683.0,0.8840849795005591
3,55,1,2683,2683.0,1.0
3,55,2,2545,2683.0,0.9485650391352963
3,56,0,2372,2732.0,0.8682284040995608
3,56,1,2683,2732.0,0.9820644216691069
3,56,2,2732,2732.0,1.0
3,57,0,2372,2774.0,0.8550829127613554
3,57,1,2774,2774.0,1.0
3,57,2,2732,2774.0,0.9848594087959625
3,58,0,2372,2820.0,0.8411347517730496
3,58,1,2820,2820.0,1.0
3,58,2,2732,2820.0,0.9687943262411347
3,59,0,2372,2880.0,0.8236111111111111
3,59,1,2820,2880.0,0.9791666666666666
3,59,2,2880,2880.0,1.0
3,60,0,2961,2961.0,1.0
3,60,1,2820,2961.0,0.9523809523809523
3,60,2,2880,2961.0,0.9726443768996961
3,61,0,3026,3026.0,1.0
3,61,1,2820,3026.0,0.9319233311302049
3,61,2,2880,3026.0,0.9517514871116987
3,62,0,3026,3056.0,0.9901832460732984
3,62,1,3056,3056.0,1.0
3,62,2,2880,3056.0,0.9424083769633508
3,63,0,3026,3094.0,0.978021978021978
3,63,1,3094,3094.0,1.0
3,63,2,2880,3094.0,0.9308338720103426
3,64,0,3026,3137.0,0.964615875039847
3,64,1,3137,3137.0,1.0
3,64,2,2880,3137.0,0.9180745935607268
3,65,0,3026,3177.0,0.952470884482216
3,65,1,3177,3177.0,1.0
3,65,2,2880,3177.0,0.9065155807365439
3,66,0,3026,3207.0,0.943560960399127
3,66,1,3207,3207.0,1.0
3,66,2,2880,3207.0,0.8980355472404116
3,67,0,3026,3249.0,0.9313634964604494
3,67,1,3249,3249.0,1.0
3,67,2,2880,3249.0,0.8864265927977839
3,68,0,3026,3287.0,0.9205962884088835
3,68,1,3287,3287.0,1.0
3,68,2,2880,3287.0,0.8761788865226651
3,69,0,3026,3338.0,0.9065308568004793
3,69,1,3287,3338.0,0.9847213900539245
3,69,2,3338,3338.0,1.0
3,70,0,3026,3382.0,0.8947368421052632
3,70,1,3287,3382.0,0.9719101123595506
3,70,2,3382,3382.0,1.0
3,71,0,3026,3417.0,0.8855721393034826
3,71,1,3417,3417.0,1.0
3,71,2,3382,3417.0,0.9897570968685981
3,72,0,3026,3451.0,0.8768472906403941
3,72,1,3451,3451.0,1.0
3,72,2,3382,3451.0,0.9800057954216169
3,73,0,3026,3487.0,0.8677946659019214
3,73,1,3487,3487.0,1.0
3,73,2,3382,3487.0,0.9698881560080298
3,74,0,3026,3557.0,0.850716896260894
3,74,1,3487,3557.0,0.9803204947989879
3,74,2,3557,3557.0,1.0
3,75,0,3026,3603.0,0.8398556758257008
3,75,1,3603,3603.0,1.0
3,75,2,3557,3603.0,0.987232861504302
3,76,0,3026,3643.0,0.8306340927806752
3,76,1,3603,3643.0,0.9890200384298655
3,76,2,3643,3643.0,1.0
3,77,0,3026,3693.0,0.8193880314107771
3,77,1,3693,3693.0,1.0
3,77,2,3643,3693.0,0.9864608719198483
3,78,0,3026,3762.0,0.8043593833067517
3,78,1,3693,3762.0,0.981658692185008
3,78,2,3762,3762.0,1.0
3,79,0,3026,3805.0,0.7952693823915901
3,79,1,3805,3805.0,1.0
3,79,2,3762,3805.0,0.9886990801576873
3,80,0,3026,3857.0,0.7845475758361421
3,80,1,3805,3857.0,0.9865180191858958
3,80,2,3857,3857.0,1.0
3,81,0,3026,3900.0,0.7758974358974359
3,81,1,3900,3900.0,1.0
3,81,2,3857,3900.0,0.9889743589743589
3,82,0,3026,3933.0,0.7693872362064582
3,82,1,3933,3933.0,1.0
3,82,2,3857,3933.0,0.9806763285024155
3,83,0,3026,3964.0,0.7633703329969728
3,83,1,3964,3964.0,1.0
3,83,2,3857,3964.0,0.9730070635721494
3,84,0,3026,4002.0,0.7561219390304847
3,84,1,4002,4002.0,1.0
3,84,2,3857,4002.0,0.9637681159420289
3,85,0,3026,4050.0,0.7471604938271605
3,85,1,4050,4050.0,1.0
3,85,2,3857,4050.0,0.9523456790123457
3,86,0,3026,4092.0,0.7394916911045943
3,86,1,4092,4092.0,1.0
3,86,2,3857,4092.0,0.9425708699902249
3,87,0,3026,4142.0,0.73056494447127
3,87,1,4142,4142.0,1.0
3,87,2,3857,4142.0,0.9311926605504587
3,88,0,3026,4180.0,0.7239234449760765
3,88,1,4142,4180.0,0.990909090909091
3,88,2,4180,4180.0,1.0
3,89,0,3026,4215.0,0.7179122182680902
3,89,1,4215,4215.0,1.0
3,89,2,4180,4215.0,0.9916963226571768
3,90,0,3026,4256.0,0.7109962406015038
3,90,1,4256,4256.0,1.0
3,90,2,4180,4256.0,0.9821428571428571
3,91,0,3026,4288.0,0.7056902985074627
3,91,1,4288,4288.0,1.0
3,91,2,4180,4288.0,0.9748134328358209
3,92,0,3026,4333.0,0.6983614124163398
3,92,1,4333,4333.0,1.0
3,92,2,4180,4333.0,0.964689591507039
3,93,0,3026,4371.0,0.6922900938000458
3,93,1,4371,4371.0,1.0
3,93,2,4180,4371.0,0.9563029055136124
3,94,0,3026,4439.0,0.6816850642036495
3,94,1,4371,4439.0,0.9846812345122775
3,94,2,4439,4439.0,1.0
3,95,0,3026,4487.0,0.674392689993314
3,95,1,4487,4487.0,1.0
3,95,2,4439,4487.0,0.9893024292400268
3,96,0,3026,4519.0,0.6696171719406948
3,96,1,4487,4519.0,0.9929187873423324
3,96,2,4519,4519.0,1.0
3,97,0,3026,4556.0,0.664179104477612
3,97,1,4487,4556.0,0.9848551360842844
3,97,2,4556,4556.0,1.0
3,98,0,3026,4605.0,0.6571118349619979
3,98,1,4605,4605.0,1.0
3,98,2,4556,4605.0,0.9893593919652551
3,99,0,3026,4644.0,0.6515934539190353
3,99,1,4644,4644.0,1.0
3,99,2,4556,4644.0,0.9810508182601206
3,100,0,3026,4680.0,0.6465811965811966
3,100,1,4644,4680.0,0.9923076923076923
3,100,2,4680,4680.0,1.0
3,101,0,3026,4713.0,0.6420538934861023
3,101,1,4713,4713.0,1.0
3,101,2,4680,4713.0,0.9929980903882877
3,102,0,3026,4750.0,0.6370526315789473
3,102,1,4750,4750.0,1.0
3,102,2,4680,4750.0,0.9852631578947368
3,103,0,3026,4818.0,0.6280614362806144
3,103,1,4750,4818.0,0.9858862598588626
3,103,2,4818,4818.0,1.0
3,104,0,3026,4853.0,0.6235318359777458
3,104,1,4853,4853.0,1.0
3,104,2,4818,4853.0,0.9927879662064703
3,105,0,3026,4903.0,0.6171731592902304
3,105,1,4903,4903.0,1.0
3,105,2,4818,4903.0,0.9826636753008362
3,106,0,3026,4953.0,0.6109428629113669
3,106,1,4953,4953.0,1.0
3,106,2,4818,4953.0,0.9727437916414294
3,107,0,3026,4985.0,0.6070210631895687
3,107,1,4985,4985.0,1.0
3,107,2,4818,4985.0,0.9664994984954864
3,108,0,3026,5029.0,0.6017100815271426
3,108,1,5029,5029.0,1.0
3,108,2,4818,5029.0,0.9580433485782461
3,109,0,3026,5071.0,0.5967264839282193
3,109,1,5071,5071.0,1.0
3,109,2,4818,5071.0,0.9501084598698482
3,110,0,3026,5108.0,0.5924040720438528
3,110,1,5108,5108.0,1.0
3,110,2,4818,5108.0,0.9432263116679718
3,111,0,3026,5139.0,0.5888305117727184
3,111,1,5139,5139.0,1.0
3,111,2,4818,5139.0,0.9375364856976065
3,112,0,3026,5194.0,0.5825953022718522
3,112,1,5139,5194.0,0.9894108586830959
3,112,2,5194,5194.0,1.0
3,113,0,3026,5235.0,0.5780324737344794
3,113,1,5235,5235.0,1.0
3,113,2,5194,5235.0,0.9921680993314231
3,114,0,3026,5267.0,0.5745205999620278
3,114,1,5267,5267.0,1.0
3,114,2,5194,5267.0,0.9861401177140687
3,115,0,3026,5301.0,0.570835691378985
3,115,1,5301,5301.0,1.0
3,115,2,5194,5301.0,0.9798151292209017
3,116,0,3026,5346.0,0.5660306771417882
3,116,1,5346,5346.0,1.0
3,116,2,5194,5346.0,0.9715675271230827
3,117,0,3026,5383.0,0.5621400705926064
3,117,1,5383,5383.0,1.0
3,117,2,5194,5383.0,0.9648894668400521
3,118,0,3026,5427.0,0.5575824580799705
3,118,1,5427,5427.0,1.0
3,118,2,5194,5427.0,0.957066519255574
3,119,0,3026,5468.0,0.5534016093635699
3,119,1,5468,5468.0,1.0
3,119,2,5194,5468.0,0.9498902706656913
3,120,0,3026,5522.0,0.5479898587468308
3,120,1,5468,5522.0,0.990220934444042
3,120,2,5522,5522.0,1.0
3,121,0,3026,5559.0,0.5443425076452599
3,121,1,5559,5559.0,1.0
3,121,2,5522,5559.0,0.9933441266414823
3,122,0,3026,5600.0,0.5403571428571429
3,122,1,5559,5600.0,0.9926785714285714
3,122,2,5600,5600.0,1.0
3,123,0,3026,5645.0,0.5360496014171834
3,123,1,5645,5645.0,1.0
3,123,2,5600,5645.0,0.9920283436669619
3,124,0,3026,5687.0,0.5320907332512749
3,124,1,5687,5687.0,1.0
3,124,2,5600,5687.0,0.9847019518199402
3,125,0,3026,5753.0,0.5259864418564227
3,125,1,5687,5753.0,0.988527724665392
3,125,2,5753,5753.0,1.0
3,126,0,3026,5786.0,0.5229865191842378
3,126,1,5687,5786.0,0.9828897338403042
3,126,2,5786,5786.0,1.0
3,127,0,5864,5864.0,1.0
3,127,1,5687,5864.0,0.9698158253751705
3,127,2,5786,5864.0,0.9866984993178718
3,128,0,5864,5913.0,0.9917131743615761
3,128,1,5913,5913.0,1.0
3,128,2,5786,5913.0,0.9785219008963301
3,129,0,5864,5953.0,0.985049554846296
3,129,1,5953,5953.0,1.0
3,129,2,5786,5953.0,0.9719469175205778
3,130,0,5864,6002.0,0.9770076641119627
3,130,1,5953,6002.0,0.9918360546484505
3,130,2,6002,6002.0,1.0
3,131,0,5864,6043.0,0.9703789508522257
3,131,1,5953,6043.0,0.9851067350653648
3,131,2,6043,6043.0,1.0
3,132,0,5864,6108.0,0.9600523903077931
3,132,1,5953,6108.0,0.9746234446627374
3,132,2,6108,6108.0,1.0
3,133,0,5864,6177.0,0.9493281528249959
3,133,1,5953,6177.0,0.9637364416383357
3,133,2,6177,6177.0,1.0
3,134,0,5864,6212.0,0.943979394719897
3,134,1,5953,6212.0,0.9583065035415326
3,134,2,6212,6212.0,1.0
4,1,0,40,40.0,1.0
4,1,1,0,40.0,0.0
4,1,2,0,40.0,0.0
4,2,0,99,99.0,1.0
4,2,1,0,99.0,0.0
4,2,2,0,99.0,0.0
4,3,0,175,175.0,1.0
4,3,1,0,175.0,0.0
4,3,2,0,175.0,0.0
4,4,0,235,235.0,1.0
4,4,1,0,235.0,0.0
4,4,2,0,235.0,0.0
4,5,0,297,297.0,1.0
4,5,1,0,297.0,0.0
4,5,2,0,297.0,0.0
4,6,0,371,371.0,1.0
4,6,1,0,371.0,0.0
4,6,2,0,371.0,0.0
4,7,0,442,442.0,1.0
4,7,1,0,442.0,0.0
4,7,2,0,442.0,0.0
4,8,0,442,455.0,0.9714285714285714
4,8,1,455,455.0,1.0
4,8,2,0,455.0,0.0
4,9,0,521,521.0,1.0
4,9,1,455,521.0,0.8733205374280231
4,9,2,0,521.0,0.0
4,10,0,521,561.0,0.928698752228164
4,10,1,561,561.0,1.0
4,10,2,0,561.0,0.0
4,11,0,616,616.0,1.0
4,11,1,561,616.0,0.9107142857142857
4,11,2,0,616.0,0.0
4,12,0,675,675.0,1.0
4,12,1,561,675.0,0.8311111111111111
4,12,2,0,675.0,0.0
4,13,0,675,708.0,0.9533898305084746
4,13,1,708,708.0,1.0
4,13,2,0,708.0,0.0
4,14,0,766,766.0,1.0
4,14,1,708,766.0,0.9242819843342036
4,14,2,0,766.0,0.0
4,15,0,766,804.0,0.9527363184079602
4,15,1,804,804.0,1.0
4,15,2,0,804.0,0.0
4,16,0,766,828.0,0.9251207729468599
4,16,1,804,828.0,0.9710144927536232
4,16,2,828,828.0,1.0
4,17,0,766,897.0,0.8539576365663322
4,17,1,804,897.0,0.8963210702341137
4,17,2,897,897.0,1.0
4,18,0,766,950.0,0.8063157894736842
4,18,1,804,950.0,0.8463157894736842
4,18,2,950,950.0,1.0
4,19,0,766,983.0,0.7792472024415056
4,19,1,983,983.0,1.0
4,19,2,950,983.0,0.9664292980671414
4,20,0,766,1028.0,0.745136186770428
4,20,1,1028,1028.0,1.0
4,20,2,950,1028.0,0.9241245136186771
4,21,0,766,1101.0,0.695731153496821
4,21,1,1028,1101.0,0.9336966394187103
4,21,2,1101,1101.0,1.0
4,22,0,766,1174.0,0.6524701873935264
4,22,1,1028,1174.0,0.8756388415672913
4,22,2,1174,1174.0,1.0
4,23,0,766,1217.0,0.6294165981922761
4,23,1,1217,1217.0,1.0
4,23,2,1174,1217.0,0.9646672144617913
4,24,0,766,1281.0,0.5979703356752537
4,24,1,1217,1281.0,0.9500390320062451
4,24,2,1281,1281.0,1.0
4,25,0,766,1354.0,0.5657311669128509
4,25,1,1217,1354.0,0.8988183161004432
4,25,2,1354,1354.0,1.0
4,26,0,1417,1417.0,1.0
4,26,1,1217,1417.0,0.8588567395906845
4,26,2,1354,1417.0,0.9555398729710657
4,27,0,1417,1467.0,0.9659168370824812
4,27,1,1467,1467.0,1.0
4,27,2,1354,1467.0,0.9229720518064076
4,28,0,1417,1502.0,0.9434087882822902
4,28,1,1502,1502.0,1.0
4,28,2,1354,1502.0,0.9014647137150466
4,29,0,1417,1530.0,0.9261437908496732
4,29,1,1530,1530.0,1.0
4,29,2,1354,1530.0,0.8849673202614379
4,30,0,1417,1580.0,0.8968354430379747
4,30,1,1530,1580.0,0.9683544303797469
4,30,2,1580,1580.0,1.0
4,31,0,1417,1619.0,0.875231624459543
4,31,1,1530,1619.0,0.9450277949351451
4,31,2,1619,1619.0,1.0
4,32,0,1417,1675.0,0.8459701492537314
4,32,1,1530,1675.0,0.9134328358208955
4,32,2,1675,1675.0,1.0
4,33,0,1417,1712.0,0.8276869158878505
4,33,1,1712,1712.0,1.0
4,33,2,1675,1712.0,0.9783878504672897
4,34,0,1417,1752.0,0.8087899543378996
4,34,1,1712,1752.0,0.9771689497716894
4,34,2,1752,1752.0,1.0
4,35,0,1417,1788.0,0.7925055928411633
4,35,1,1788,1788.0,1.0
4,35,2,1752,1788.0,0.9798657718120806
4,36,0,1869,1869.0,1.0
4,36,1,1788,1869.0,0.956661316211878
4,36,2,1752,1869.0,0.9373996789727127
4,37,0,1869,1919.0,0.9739447628973423
4,37,1,1919,1919.0,1.0
4,37,2,1752,1919.0,0.9129755080771235
4,38,0,1869,1956.0,0.9555214723926381
4,38,1,1956,1956.0,1.0
4,38,2,1752,1956.0,0.8957055214723927
4,39,0,1869,1993.0,0.9377822378324134
4,39,1,1956,1993.0,0.9814350225790266
4,39,2,1993,1993.0,1.0
4,40,0,1869,2049.0,0.9121522693997072
4,40,1,1956,2049.0,0.9546120058565154
4,40,2,2049,2049.0,1.0
4,41,0,1869,2095.0,0.8921241050119332
4,41,1,2095,2095.0,1.0
4,41,2,2049,2095.0,0.9780429594272076
4,42,0,1869,2150.0,0.8693023255813953
4,42,1,2095,2150.0,0.9744186046511628
4,42,2,2150,2150.0,1.0
4,43,0,1869,2192.0,0.8526459854014599
4,43,1,2095,2192.0,0.9557481751824818
4,43,2,2192,2192.0,1.0
4,44,0,1869,2230.0,0.8381165919282512
4,44,1,2230,2230.0,1.0
4,44,2,2192,2230.0,0.9829596412556054
4,45,0,1869,2270.0,0.8233480176211454
4,45,1,2270,2270.0,1.0
4,45,2,2192,2270.0,0.9656387665198238
4,46,0,1869,2311.0,0.8087408048463869
4,46,1,2311,2311.0,1.0
4,46,2,2192,2311.0,0.9485071397663349
4,47,0,1869,2341.0,0.7983767620674925
4,47,1,2341,2341.0,1.0
4,47,2,2192,2341.0,0.9363519863306279
4,48,0,1869,2379.0,0.78562421185372
4,48,1,2379,2379.0,1.0
4,48,2,2192,2379.0,0.9213955443463641
4,49,0,1869,2424.0,0.7710396039603961
4,49,1,2379,2424.0,0.9814356435643564
4,49,2,2424,2424.0,1.0
4,50,0,2480,2480.0,1.0
4,50,1,2379,2480.0,0.959274193548387
4,50,2,2424,2480.0,0.9774193548387097
4,51,0,2480,2537.0,0.977532518722901
4,51,1,2379,2537.0,0.9377217185652346
4,51,2,2537,2537.0,1.0
4,52,0,2480,2575.0,0.9631067961165048
4,52,1,2575,2575.0,1.0
4,52,2,2537,2575.0,0.9852427184466019
4,53,0,2640,2640.0,1.0
4,53,1,2575,2640.0,0.9753787878787878
4,53,2,2537,2640.0,0.9609848484848484
4,54,0,2640,2682.0,0.9843400447427293
4,54,1,2575,2682.0,0.9601043997017151
4,54,2,2682,2682.0,1.0
4,55,0,2640,2732.0,0.9663250366032211
4,55,1,2732,2732.0,1.0
4,55,2,2682,2732.0,0.9816983894582724
4,56,0,2789,2789.0,1.0
4,56,1,2732,2789.0,0.9795625672283973
4,56,2,2682,2789.0,0.9616349946217282
4,57,0,2789,2824.0,0.9876062322946175
4,57,1,2824,2824.0,1.0
4,57,2,2682,2824.0,0.9497167138810199
4,58,0,2789,2859.0,0.9755159146554739
4,58,1,2859,2859.0,1.0
4,58,2,2682,2859.0,0.938090241343127
4,59,0,2789,2915.0,0.9567753001715266
4,59,1,2859,2915.0,0.9807890222984562
4,59,2,2915,2915.0,1.0
4,60,0,2995,2995.0,1.0
4,60,1,2859,2995.0,0.9545909849749583
4,60,2,2915,2995.0,0.9732888146911519
4,61,0,3058,3058.0,1.0
4,61,1,2859,3058.0,0.9349247874427731
4,61,2,2915,3058.0,0.9532374100719424
4,62,0,3129,3129.0,1.0
4,62,1,2859,3129.0,0.9137104506232023
4,62,2,2915,3129.0,0.9316075423457973
4,63,0,3129,3174.0,0.9858223062381852
4,63,1,3174,3174.0,1.0
4,63,2,2915,3174.0,0.9183994959042218
4,64,0,3129,3229.0,0.9690306596469496
4,64,1,3174,3229.0,0.9829668628058222
4,64,2,3229,3229.0,1.0
4,65,0,3129,3266.0,0.9580526638089406
4,65,1,3174,3266.0,0.971830985915493
4,65,2,3266,3266.0,1.0
4,66,0,3129,3315.0,0.9438914027149321
4,66,1,3315,3315.0,1.0
4,66,2,3266,3315.0,0.9852187028657617
4,67,0,3129,3369.0,0.9287622439893143
4,67,1,3315,3369.0,0.9839715048975958
4,67,2,3369,3369.0,1.0
4,68,0,3129,3414.0,0.9165202108963093
4,68,1,3414,3414.0,1.0
4,68,2,3369,3414.0,0.9868189806678384
4,69,0,3129,3448.0,0.9074825986078886
4,69,1,3448,3448.0,1.0
4,69,2,3369,3448.0,0.9770881670533643
4,70,0,3129,3486.0,0.8975903614457831
4,70,1,3486,3486.0,1.0
4,70,2,3369,3486.0,0.9664371772805508
4,71,0,3129,3523.0,0.8881634970195856
4,71,1,3486,3523.0,0.9894975872835652
4,71,2,3523,3523.0,1.0
4,72,0,3129,3559.0,0.8791795448159595
4,72,1,3559,3559.0,1.0
4,72,2,3523,3559.0,0.989884799100871
4,73,0,3129,3602.0,0.8686840644086619
4,73,1,3602,3602.0,1.0
4,73,2,3523,3602.0,0.9780677401443643
4,74,0,3129,3653.0,0.8565562551327676
4,74,1,3602,3653.0,0.9860388721598686
4,74,2,3653,3653.0,1.0
4,75,0,3129,3683.0,0.849579147434157
4,75,1,3683,3683.0,1.0
4,75,2,3653,3683.0,0.9918544664675536
4,76,0,3129,3721.0,0.8409029830690674
4,76,1,3721,3721.0,1.0
4,76,2,3653,3721.0,0.9817253426498254
4,77,0,3129,3754.0,0.8335109216835376
4,77,1,3754,3754.0,1.0
4,77,2,3653,3754.0,0.9730953649440597
4,78,0,3129,3790.0,0.8255936675461741
4,78,1,3790,3790.0,1.0
4,78,2,3653,3790.0,0.9638522427440633
4,79,0,3129,3835.0,0.8159061277705345
4,79,1,3835,3835.0,1.0
4,79,2,3653,3835.0,0.9525423728813559
4,80,0,3129,3875.0,0.807483870967742
4,80,1,3875,3875.0,1.0
4,80,2,3653,3875.0,0.9427096774193549
4,81,0,3129,3924.0,0.7974006116207951
4,81,1,3875,3924.0,0.987512742099898
4,81,2,3924,3924.0,1.0
4,82,0,3129,3966.0,0.7889561270801816
4,82,1,3966,3966.0,1.0
4,82,2,3924,3966.0,0.989409984871407
4,83,0,3129,4000.0,0.78225
4,83,1,4000,4000.0,1.0
4,83,2,3924,4000.0,0.981
4,84,0,3129,4050.0,0.7725925925925926
4,84,1,4050,4050.0,1.0
4,84,2,3924,4050.0,0.9688888888888889
4,85,0,3129,4092.0,0.7646627565982405
4,85,1,4092,4092.0,1.0
4,85,2,3924,4092.0,0.9589442815249267
4,86,0,3129,4124.0,0.758729388942774
4,86,1,4124,4124.0,1.0
4,86,2,3924,4124.0,0.9515033947623667
4,87,0,3129,4161.0,0.7519826964671954
4,87,1,4161,4161.0,1.0
4,87,2,3924,4161.0,0.943042537851478
4,88,0,3129,4198.0,0.7453549309194855
4,88,1,4198,4198.0,1.0
4,88,2,3924,4198.0,0.9347308242020009
4,89,0,3129,4241.0,0.7377976892242396
4,89,1,4198,4241.0,0.9898608818674841
4,89,2,4241,4241.0,1.0
4,90,0,3129,4283.0,0.7305626897034788
4,90,1,4283,4283.0,1.0
4,90,2,4241,4283.0,0.9901937893999533
4,91,0,3129,4327.0,0.7231338109544719
4,91,1,4327,4327.0,1.0
4,91,2,4241,4327.0,0.9801247977813727
4,92,0,3129,4371.0,0.7158544955387783
4,92,1,4327,4371.0,0.9899336536261725
4,92,2,4371,4371.0,1.0
4,93,0,3129,4412.0,0.7092021758839528
4,93,1,4412,4412.0,1.0
4,93,2,4371,4412.0,0.9907071622846781
4,94,0,3129,4457.0,0.7020417321067983
4,94,1,4457,4457.0,1.0
4,94,2,4371,4457.0,0.9807045097599282
4,95,0,3129,4526.0,0.6913389306230667
4,95,1,4457,4526.0,0.9847547503314185
4,95,2,4526,4526.0,1.0
4,96,0,3129,4568.0,0.6849824868651488
4,96,1,4568,4568.0,1.0
4,96,2,4526,4568.0,0.9908056042031523
4,97,0,3129,4609.0,0.6788891299631157
4,97,1,4609,4609.0,1.0
4,97,2,4526,4609.0,0.981991755261445
4,98,0,3129,4653.0,0.6724693745970342
4,98,1,4653,4653.0,1.0
4,98,2,4526,4653.0,0.9727057812164195
4,99,0,3129,4696.0,0.6663117546848382
4,99,1,4696,4696.0,1.0
4,99,2,4526,4696.0,0.9637989778534923
4,100,0,3129,4740.0,0.660126582278481
4,100,1,4740,4740.0,1.0
4,100,2,4526,4740.0,0.9548523206751055
4,101,0,3129,4781.0,0.6544655929721815
4,101,1,4781,4781.0,1.0
4,101,2,4526,4781.0,0.9466638778498222
4,102,0,3129,4841.0,0.6463540590787028
4,102,1,4781,4841.0,0.9876058665564966
4,102,2,4841,4841.0,1.0
4,103,0,3129,4885.0,0.640532241555783
4,103,1,4885,4885.0,1.0
4,103,2,4841,4885.0,0.990992835209826
4,104,0,3129,4916.0,0.636493083807974
4,104,1,4916,4916.0,1.0
4,104,2,4841,4916.0,0.9847436940602116
4,105,0,3129,4984.0,0.6278089887640449
4,105,1,4916,4984.0,0.9863563402889246
4,105,2,4984,4984.0,1.0
4,106,0,3129,5016.0,0.6238038277511961
4,106,1,5016,5016.0,1.0
4,106,2,4984,5016.0,0.9936204146730463
4,107,0,3129,5056.0,0.618868670886076
4,107,1,5056,5056.0,1.0
4,107,2,4984,5056.0,0.9857594936708861
4,108,0,3129,5101.0,0.6134091354636346
4,108,1,5101,5101.0,1.0
4,108,2,4984,5101.0,0.9770633209174672
4,109,0,3129,5171.0,0.605105395474763
4,109,1,5101,5171.0,0.9864629665441887
4,109,2,5171,5171.0,1.0
4,110,0,3129,5220.0,0.5994252873563218
4,110,1,5101,5220.0,0.9772030651340996
4,110,2,5220,5220.0,1.0
4,111,0,3129,5266.0,0.5941891378655526
4,111,1,5266,5266.0,1.0
4,111,2,5220,5266.0,0.9912647170527915
4,112,0,3129,5307.0,0.5895986433013002
4,112,1,5266,5307.0,0.9922743546259657
4,112,2,5307,5307.0,1.0
4,113,0,3129,5343.0,0.5856260527793374
4,113,1,5266,5343.0,0.985588620625117
4,113,2,5343,5343.0,1.0
4,114,0,3129,5404.0,0.5790155440414507
4,114,1,5266,5404.0,0.9744633604737232
4,114,2,5404,5404.0,1.0
4,115,0,3129,5442.0,0.5749724366041896
4,115,1,5442,5442.0,1.0
4,115,2,5404,5442.0,0.9930172730613744
4,116,0,3129,5483.0,0.5706729892394674
4,116,1,5442,5483.0,0.992522341783695
4,116,2,5483,5483.0,1.0
4,117,0,3129,5516.0,0.567258883248731
4,117,1,5516,5516.0,1.0
4,117,2,5483,5516.0,0.9940174039158811
4,118,0,3129,5558.0,0.5629722921914357
4,118,1,5558,5558.0,1.0
4,118,2,5483,5558.0,0.9865059373875494
4,119,0,3129,5606.0,0.5581519800214056
4,119,1,5606,5606.0,1.0
4,119,2,5483,5606.0,0.9780592222618623
4,120,0,3129,5637.0,0.5550824906865354
4,120,1,5637,5637.0,1.0
4,120,2,5483,5637.0,0.9726805038140856
4,121,0,3129,5675.0,0.5513656387665198
4,121,1,5637,5675.0,0.9933039647577092
4,121,2,5675,5675.0,1.0
4,122,0,3129,5735.0,0.5455972101133392
4,122,1,5637,5735.0,0.9829119442022668
4,122,2,5735,5735.0,1.0
4,123,0,5796,5796.0,1.0
4,123,1,5637,5796.0,0.972567287784679
4,123,2,5735,5796.0,0.9894755003450656
4,124,0,5796,5828.0,0.9945092656142759
4,124,1,5828,5828.0,1.0
4,124,2,5735,5828.0,0.9840425531914894
4,125,0,5796,5876.0,0.9863852961198094
4,125,1,5876,5876.0,1.0
4,125,2,5735,5876.0,0.976004084411164
4,126,0,5796,5944.0,0.9751009421265141
4,126,1,5876,5944.0,0.9885598923283984
4,126,2,5944,5944.0,1.0
4,127,0,5796,6018.0,0.963110667996012
4,127,1,5876,6018.0,0.9764041209704221
4,127,2,6018,6018.0,1.0
4,128,0,5796,6053.0,0.9575417148521395
4,128,1,5876,6053.0,0.9707583016685941
4,128,2,6053,6053.0,1.0
4,129,0,5796,6088.0,0.9520367936925098
4,129,1,6088,6088.0,1.0
4,129,2,6053,6088.0,0.9942509855453351
4,130,0,5796,6130.0,0.9455138662316477
4,130,1,6130,6130.0,1.0
4,130,2,6053,6130.0,0.9874388254486134
4,131,0,5796,6170.0,0.939384116693679
4,131,1,6130,6170.0,0.993517017828201
4,131,2,6170,6170.0,1.0
4,132,0,5796,6205.0,0.934085414987913
4,132,1,6205,6205.0,1.0
4,132,2,6170,6205.0,0.9943593875906527
4,133,0,5796,6255.0,0.9266187050359712
4,133,1,6255,6255.0,1.0
4,133,2,6170,6255.0,0.9864108713029577
4,134,0,5796,6297.0,0.920438303954264
4,134,1,6297,6297.0,1.0
4,134,2,6170,6297.0,0.9798316658726378
5,1,0,19,19.0,1.0
5,1,1,0,19.0,0.0
5,1,2,0,19.0,0.0
5,2,0,19,32.0,0.59375
5,2,1,32,32.0,1.0
5,2,2,0,32.0,0.0
5,3,0,75,75.0,1.0
5,3,1,32,75.0,0.4266666666666667
5,3,2,0,75.0,0.0
5,4,0,75,106.0,0.7075471698113207
5,4,1,106,106.0,1.0
5,4,2,0,106.0,0.0
5,5,0,75,160.0,0.46875
5,5,1,106,160.0,0.6625
5,5,2,160,160.0,1.0
5,6,0,235,235.0,1.0
5,6,1,106,235.0,0.451063829787234
5,6,2,160,235.0,0.6808510638297872
5,7,0,235,278.0,0.8453237410071942
5,7,1,278,278.0,1.0
5,7,2,160,278.0,0.5755395683453237
5,8,0,235,317.0,0.7413249211356467
5,8,1,278,317.0,0.8769716088328076
5,8,2,317,317.0,1.0
5,9,0,235,390.0,0.6025641025641025
5,9,1,278,390.0,0.7128205128205128
5,9,2,390,390.0,1.0
5,10,0,464,464.0,1.0
5,10,1,278,464.0,0.5991379310344828
5,10,2,390,464.0,0.8405172413793104
5,11,0,540,540.0,1.0
5,11,1,278,540.0,0.5148148148148148
5,11,2,390,540.0,0.7222222222222222
5,12,0,540,580.0,0.9310344827586207
5,12,1,580,580.0,1.0
5,12,2,390,580.0,0.6724137931034483
5,13,0,639,639.0,1.0
5,13,1,580,639.0,0.9076682316118936
5,13,2,390,639.0,0.6103286384976526
5,14,0,639,682.0,0.9369501466275659
5,14,1,682,682.0,1.0
5,14,2,390,682.0,0.5718475073313783
5,15,0,639,715.0,0.8937062937062937
5,15,1,715,715.0,1.0
5,15,2,390,715.0,0.5454545454545454
5,16,0,639,779.0,0.8202824133504493
5,16,1,715,779.0,0.9178433889602053
5,16,2,779,779.0,1.0
5,17,0,639,832.0,0.7680288461538461
5,17,1,715,832.0,0.859375
5,17,2,832,832.0,1.0
5,18,0,639,905.0,0.7060773480662983
5,18,1,715,905.0,0.7900552486187845
5,18,2,905,905.0,1.0
5,19,0,639,978.0,0.6533742331288344
5,19,1,715,978.0,0.7310838445807771
5,19,2,978,978.0,1.0
5,20,0,639,1023.0,0.624633431085044
5,20,1,1023,1023.0,1.0
5,20,2,978,1023.0,0.9560117302052786
5,21,0,1095,1095.0,1.0
5,21,1,1023,1095.0,0.9342465753424658
5,21,2,978,1095.0,0.8931506849315068
5,22,0,1095,1141.0,0.9596844872918493
5,22,1,1141,1141.0,1.0
5,22,2,978,1141.0,0.8571428571428571
5,23,0,1095,1191.0,0.9193954659949622
5,23,1,1191,1191.0,1.0
5,23,2,978,1191.0,0.8211586901763224
5,24,0,1095,1230.0,0.8902439024390244
5,24,1,1191,1230.0,0.9682926829268292
5,24,2,1230,1230.0,1.0
5,25,0,1281,1281.0,1.0
5,25,1,1191,1281.0,0.9297423887587822
5,25,2,1230,1281.0,0.9601873536299765
5,26,0,1329,1329.0,1.0
5,26,1,1191,1329.0,0.8961625282167043
5,26,2,1230,1329.0,0.9255079006772009
5,27,0,1379,1379.0,1.0
5,27,1,1191,1379.0,0.8636693255982596
5,27,2,1230,1379.0,0.8919506889050036
5,28,0,1435,1435.0,1.0
5,28,1,1191,1435.0,0.8299651567944251
5,28,2,1230,1435.0,0.8571428571428571
5,29,0,1435,1473.0,0.9742023082145281
5,29,1,1473,1473.0,1.0
5,29,2,1230,1473.0,0.835030549898167
5,30,0,1536,1536.0,1.0
5,30,1,1473,1536.0,0.958984375
5,30,2,1230,1536.0,0.80078125
5,31,0,1536,1566.0,0.9808429118773946
5,31,1,1566,1566.0,1.0
5,31,2,1230,1566.0,0.7854406130268199
5,32,0,1536,1603.0,0.958203368683718
5,32,1,1566,1603.0,0.9769182782283219
5,32,2,1603,1603.0,1.0
5,33,0,1536,1641.0,0.9360146252285192
5,33,1,1641,1641.0,1.0
5,33,2,1603,1641.0,0.9768433881779403
5,34,0,1536,1697.0,0.9051266941661756
5,34,1,1641,1697.0,0.9670005892751915
5,34,2,1697,1697.0,1.0
5,35,0,1773,1773.0,1.0
5,35,1,1641,1773.0,0.9255499153976311
5,35,2,1697,1773.0,0.9571347997743936
5,36,0,1773,1823.0,0.9725726823916621
5,36,1,1823,1823.0,1.0
5,36,2,1697,1823.0,0.9308831596269885
5,37,0,1773,1860.0,0.9532258064516129
5,37,1,1860,1860.0,1.0
5,37,2,1697,1860.0,0.9123655913978495
5,38,0,1773,1897.0,0.9346336320506062
5,38,1,1897,1897.0,1.0
5,38,2,1697,1897.0,0.8945703742751713
5,39,0,1773,1953.0,0.9078341013824884
5,39,1,1897,1953.0,0.9713261648745519
5,39,2,1953,1953.0,1.0
5,40,0,1773,1994.0,0.8891675025075225
5,40,1,1994,1994.0,1.0
5,40,2,1953,1994.0,0.9794383149448345
5,41,0,1773,2024.0,0.8759881422924901
5,41,1,2024,2024.0,1.0
5,41,2,1953,2024.0,0.9649209486166008
5,42,0,1773,2064.0,0.8590116279069767
5,42,1,2024,2064.0,0.9806201550387597
5,42,2,2064,2064.0,1.0
5,43,0,1773,2094.0,0.8467048710601719
5,43,1,2094,2094.0,1.0
5,43,2,2064,2094.0,0.9856733524355301
5,44,0,1773,2144.0,0.8269589552238806
5,44,1,2094,2144.0,0.976679104477612
5,44,2,2144,2144.0,1.0
5,45,0,1773,2193.0,0.8084815321477428
5,45,1,2193,2193.0,1.0
5,45,2,2144,2193.0,0.97765617875057
5,46,0,2240,2240.0,1.0
5,46,1,2193,2240.0,0.9790178571428572
5,46,2,2144,2240.0,0.9571428571428572
5,47,0,2240,2285.0,0.9803063457330415
5,47,1,2285,2285.0,1.0
5,47,2,2144,2285.0,0.9382932166301969
5,48,0,2240,2318.0,0.9663503019844694
5,48,1,2318,2318.0,1.0
5,48,2,2144,2318.0,0.9249352890422778
5,49,0,2240,2358.0,0.9499575911789653
5,49,1,2358,2358.0,1.0
5,49,2,2144,2358.0,0.909245122985581
5,50,0,2240,2388.0,0.9380234505862647
5,50,1,2388,2388.0,1.0
5,50,2,2144,2388.0,0.897822445561139
5,51,0,2240,2438.0,0.918785890073831
5,51,1,2438,2438.0,1.0
5,51,2,2144,2438.0,0.8794093519278097
5,52,0,2240,2481.0,0.9028617492946392
5,52,1,2438,2481.0,0.9826682789197904
5,52,2,2481,2481.0,1.0
5,53,0,2240,2521.0,0.8885362951209838
5,53,1,2521,2521.0,1.0
5,53,2,2481,2521.0,0.9841332804442682
5,54,0,2240,2571.0,0.8712563204978607
5,54,1,2521,2571.0,0.9805523142746013
5,54,2,2571,2571.0,1.0
5,55,0,2240,2615.0,0.8565965583173997
5,55,1,2615,2615.0,1.0
5,55,2,2571,2615.0,0.9831739961759082
5,56,0,2240,2650.0,0.8452830188679246
5,56,1,2650,2650.0,1.0
5,56,2,2571,2650.0,0.9701886792452831
5,57,0,2721,2721.0,1.0
5,57,1,2650,2721.0,0.9739066519661889
5,57,2,2571,2721.0,0.9448732083792724
5,58,0,2721,2762.0,0.9851556842867487
5,58,1,2762,2762.0,1.0
5,58,2,2571,2762.0,0.9308472121650978
5,59,0,2721,2802.0,0.9710920770877944
5,59,1,2762,2802.0,0.9857244825124911
5,59,2,2802,2802.0,1.0
5,60,0,2721,2844.0,0.9567510548523207
5,60,1,2762,2844.0,0.9711673699015471
5,60,2,2844,2844.0,1.0
5,61,0,2721,2899.0,0.9385995170748535
5,61,1,2762,2899.0,0.9527423249396344
5,61,2,2899,2899.0,1.0
5,62,0,2721,2939.0,0.9258251105818306
5,62,1,2939,2939.0,1.0
5,62,2,2899,2939.0,0.9863899285471249
5,63,0,2721,2979.0,0.9133937562940584
5,63,1,2979,2979.0,1.0
5,63,2,2899,2979.0,0.9731453507888553
5,64,0,2721,3022.0,0.900397088021178
5,64,1,3022,3022.0,1.0
5,64,2,2899,3022.0,0.9592984778292521
5,65,0,2721,3065.0,0.8877650897226753
5,65,1,3065,3065.0,1.0
5,65,2,2899,3065.0,0.9458401305057096
5,66,0,2721,3109.0,0.8752010292698617
5,66,1,3065,3109.0,0.9858475394017369
5,66,2,3109,3109.0,1.0
5,67,0,2721,3151.0,0.8635353855918756
5,67,1,3065,3151.0,0.9727070771183751
5,67,2,3151,3151.0,1.0
5,68,0,2721,3192.0,0.8524436090225563
5,68,1,3192,3192.0,1.0
5,68,2,3151,3192.0,0.9871553884711779
5,69,0,2721,3241.0,0.8395556926874421
5,69,1,3192,3241.0,0.9848812095032398
5,69,2,3241,3241.0,1.0
5,70,0,3322,3322.0,1.0
5,70,1,3192,3322.0,0.9608669476219145
5,70,2,3241,3322.0,0.9756170981336544
5,71,0,3322,3376.0,0.9840047393364929
5,71,1,3192,3376.0,0.9454976303317536
5,71,2,3376,3376.0,1.0
5,72,0,3322,3437.0,0.9665405877218505
5,72,1,3192,3437.0,0.9287169042769857
5,72,2,3437,3437.0,1.0
5,73,0,3517,3517.0,1.0
5,73,1,3192,3517.0,0.9075916974694341
5,73,2,3437,3517.0,0.977253340915553
5,74,0,3517,3559.0,0.9881989322843495
5,74,1,3559,3559.0,1.0
5,74,2,3437,3559.0,0.965720708064063
5,75,0,3517,3593.0,0.9788477595324242
5,75,1,3593,3593.0,1.0
5,75,2,3437,3593.0,0.9565822432507654
5,76,0,3517,3627.0,0.9696719051557762
5,76,1,3627,3627.0,1.0
5,76,2,3437,3627.0,0.9476151089054314
5,77,0,3517,3677.0,0.9564862659776993
5,77,1,3677,3677.0,1.0
5,77,2,3437,3677.0,0.9347293989665488
5,78,0,3517,3710.0,0.9479784366576819
5,78,1,3710,3710.0,1.0
5,78,2,3437,3710.0,0.9264150943396227
5,79,0,3517,3767.0,0.9336341916644545
5,79,1,3710,3767.0,0.9848685956994956
5,79,2,3767,3767.0,1.0
5,80,0,3517,3804.0,0.924553101997897
5,80,1,3710,3804.0,0.9752891692954785
5,80,2,3804,3804.0,1.0
5,81,0,3517,3839.0,0.916123990622558
5,81,1,3839,3839.0,1.0
5,81,2,3804,3839.0,0.9908830424589737
5,82,0,3517,3893.0,0.9034163883894168
5,82,1,3839,3893.0,0.9861289493963524
5,82,2,3893,3893.0,1.0
5,83,0,3517,3936.0,0.8935467479674797
5,83,1,3936,3936.0,1.0
5,83,2,3893,3936.0,0.9890752032520326
5,84,0,3517,3973.0,0.8852252705763907
5,84,1,3973,3973.0,1.0
5,84,2,3893,3973.0,0.9798640825572615
5,85,0,4044,4044.0,1.0
5,85,1,3973,4044.0,0.9824431256181998
5,85,2,3893,4044.0,0.9626607319485658
5,86,0,4044,4086.0,0.9897209985315712
5,86,1,4086,4086.0,1.0
5,86,2,3893,4086.0,0.9527655408712677
5,87,0,4166,4166.0,1.0
5,87,1,4086,4166.0,0.9807969275084013
5,87,2,3893,4166.0,0.9344695151224196
5,88,0,4166,4202.0,0.991432651118515
5,88,1,4202,4202.0,1.0
5,88,2,3893,4202.0,0.9264635887672537
5,89,0,4166,4272.0,0.975187265917603
5,89,1,4202,4272.0,0.9836142322097379
5,89,2,4272,4272.0,1.0
5,90,0,4166,4317.0,0.9650220060227009
5,90,1,4317,4317.0,1.0
5,90,2,4272,4317.0,0.9895760945100764
5,91,0,4166,4385.0,0.9500570125427594
5,91,1,4317,4385.0,0.9844925883694413
5,91,2,4385,4385.0,1.0
5,92,0,4166,4427.0,0.9410435961147504
5,92,1,4427,4427.0,1.0
5,92,2,4385,4427.0,0.9905127625931782
5,93,0,4166,4460.0,0.9340807174887893
5,93,1,4460,4460.0,1.0
5,93,2,4385,4460.0,0.9831838565022422
5,94,0,4515,4515.0,1.0
5,94,1,4460,4515.0,0.9878183831672204
5,94,2,4385,4515.0,0.9712070874861573
5,95,0,4515,4546.0,0.9931808183018038
5,95,1,4546,4546.0,1.0
5,95,2,4385,4546.0,0.9645842498900132
5,96,0,4515,4585.0,0.9847328244274809
5,96,1,4585,4585.0,1.0
5,96,2,4385,4585.0,0.9563794983642312
5,97,0,4515,4627.0,0.9757942511346445
5,97,1,4627,4627.0,1.0
5,97,2,4385,4627.0,0.947698292630214
5,98,0,4515,4676.0,0.9655688622754491
5,98,1,4676,4676.0,1.0
5,98,2,4385,4676.0,0.9377673224978614
5,99,0,4515,4717.0,0.9571761712953148
5,99,1,4676,4717.0,0.9913080347678609
5,99,2,4717,4717.0,1.0
5,100,0,4515,4761.0,0.9483301827347196
5,100,1,4761,4761.0,1.0
5,100,2,4717,4761.0,0.9907582440663726
5,101,0,4515,4801.0,0.9404290772755676
5,101,1,4761,4801.0,0.9916684024161633
5,101,2,4801,4801.0,1.0
5,102,0,4515,4852.0,0.9305441055234954
5,102,1,4761,4852.0,0.981244847485573
5,102,2,4852,4852.0,1.0
5,103,0,4515,4893.0,0.9227467811158798
5,103,1,4761,4893.0,0.9730226854690374
5,103,2,4893,4893.0,1.0
5,104,0,4515,4929.0,0.9160073037127207
5,104,1,4761,4929.0,0.9659160073037127
5,104,2,4929,4929.0,1.0
5,105,0,4515,4979.0,0.9068085961036353
5,105,1,4979,4979.0,1.0
5,105,2,4929,4979.0,0.9899578228559952
5,106,0,4515,5016.0,0.9001196172248804
5,106,1,4979,5016.0,0.9926236044657097
5,106,2,5016,5016.0,1.0
5,107,0,4515,5084.0,0.8880802517702596
5,107,1,4979,5084.0,0.9793469708890638
5,107,2,5084,5084.0,1.0
5,108,0,4515,5117.0,0.8823529411764706
5,108,1,5117,5117.0,1.0
5,108,2,5084,5117.0,0.9935509087355873
5,109,0,4515,5155.0,0.8758486905916586
5,109,1,5155,5155.0,1.0
5,109,2,5084,5155.0,0.9862269641125121
5,110,0,4515,5192.0,0.8696070878274268
5,110,1,5192,5192.0,1.0
5,110,2,5084,5192.0,0.9791987673343605
5,111,0,4515,5257.0,0.8588548601864181
5,111,1,5192,5257.0,0.9876355335742819
5,111,2,5257,5257.0,1.0
5,112,0,4515,5292.0,0.8531746031746031
5,112,1,5292,5292.0,1.0
5,112,2,5257,5292.0,0.9933862433862434
5,113,0,4515,5333.0,0.8466154134633415
5,113,1,5333,5333.0,1.0
5,113,2,5257,5333.0,0.9857491093193325
5,114,0,4515,5393.0,0.8371963656591879
5,114,1,5333,5393.0,0.988874466901539
5,114,2,5393,5393.0,1.0
5,115,0,4515,5429.0,0.8316448701418309
5,115,1,5429,5429.0,1.0
5,115,2,5393,5429.0,0.9933689445570086
5,116,0,4515,5471.0,0.8252604642661305
5,116,1,5471,5471.0,1.0
5,116,2,5393,5471.0,0.9857430085907513
5,117,0,4515,5504.0,0.8203125
5,117,1,5504,5504.0,1.0
5,117,2,5393,5504.0,0.9798328488372093
5,118,0,4515,5578.0,0.809429903191108
5,118,1,5504,5578.0,0.9867335962710649
5,118,2,5578,5578.0,1.0
5,119,0,4515,5613.0,0.8043826830571886
5,119,1,5504,5613.0,0.9805807945840014
5,119,2,5613,5613.0,1.0
5,120,0,4515,5659.0,0.7978441420745714
5,120,1,5659,5659.0,1.0
5,120,2,5613,5659.0,0.9918713553631384
5,121,0,4515,5704.0,0.7915497896213184
5,121,1,5704,5704.0,1.0
5,121,2,5613,5704.0,0.9840462833099579
5,122,0,4515,5735.0,0.7872711421098518
5,122,1,5735,5735.0,1.0
5,122,2,5613,5735.0,0.9787271142109851
5,123,0,4515,5783.0,0.7807366418813765
5,123,1,5783,5783.0,1.0
5,123,2,5613,5783.0,0.9706034929967146
5,124,0,4515,5815.0,0.7764402407566638
5,124,1,5815,5815.0,1.0
5,124,2,5613,5815.0,0.965262252794497
5,125,0,4515,5842.0,0.7728517630948305
5,125,1,5842,5842.0,1.0
5,125,2,5613,5842.0,0.9608010955152345
5,126,0,4515,5911.0,0.7638301471832177
5,126,1,5842,5911.0,0.9883268482490273
5,126,2,5911,5911.0,1.0
5,127,0,4515,5961.0,0.7574232511323603
5,127,1,5961,5961.0,1.0
5,127,2,5911,5961.0,0.9916121456131521
5,128,0,4515,6004.0,0.7519986675549634
5,128,1,6004,6004.0,1.0
5,128,2,5911,6004.0,0.984510326449034
5,129,0,4515,6046.0,0.7467747270922924
5,129,1,6046,6046.0,1.0
5,129,2,5911,6046.0,0.9776711875620244
5,130,0,4515,6089.0,0.7415010674987683
5,130,1,6089,6089.0,1.0
5,130,2,5911,6089.0,0.9707669568073576
5,131,0,4515,6121.0,0.7376245711485051
5,131,1,6121,6121.0,1.0
5,131,2,5911,6121.0,0.9656918804116974
5,132,0,4515,6163.0,0.7325977608307642
5,132,1,6163,6163.0,1.0
5,132,2,5911,6163.0,0.9591108226513062
5,133,0,4515,6229.0,0.7248354471022636
5,133,1,6163,6229.0,0.9894043987799005
5,133,2,6229,6229.0,1.0
5,134,0,4515,6262.0,0.721015649952092
5,134,1,6163,6262.0,0.9841903545193229
5,134,2,6262,6262.0,1.0
6,1,0,35,35.0,1.0
6,1,1,0,35.0,0.0
6,1,2,0,35.0,0.0
6,2,0,94,94.0,1.0
6,2,1,0,94.0,0.0
6,2,2,0,94.0,0.0
6,3,0,170,170.0,1.0
6,3,1,0,170.0,0.0
6,3,2,0,170.0,0.0
6,4,0,229,229.0,1.0
6,4,1,0,229.0,0.0
6,4,2,0,229.0,0.0
6,5,0,229,254.0,0.9015748031496063
6,5,1,254,254.0,1.0
6,5,2,0,254.0,0.0
6,6,0,325,325.0,1.0
6,6,1,254,325.0,0.7815384615384615
6,6,2,0,325.0,0.0
6,7,0,366,366.0,1.0
6,7,1,254,366.0,0.6939890710382514
6,7,2,0,366.0,0.0
6,8,0,366,390.0,0.9384615384615385
6,8,1,254,390.0,0.6512820512820513
6,8,2,390,390.0,1.0
6,9,0,366,446.0,0.820627802690583
6,9,1,254,446.0,0.5695067264573991
6,9,2,446,446.0,1.0
6,10,0,366,483.0,0.7577639751552795
6,10,1,483,483.0,1.0
6,10,2,446,483.0,0.9233954451345756
6,11,0,557,557.0,1.0
6,11,1,483,557.0,0.8671454219030521
6,11,2,446,557.0,0.800718132854578
6,12,0,557,587.0,0.948892674616695
6,12,1,587,587.0,1.0
6,12,2,446,587.0,0.7597955706984668
6,13,0,652,652.0,1.0
6,13,1,587,652.0,0.9003067484662577
6,13,2,446,652.0,0.6840490797546013
6,14,0,652,692.0,0.9421965317919075
6,14,1,587,692.0,0.8482658959537572
6,14,2,692,692.0,1.0
6,15,0,652,725.0,0.8993103448275862
6,15,1,725,725.0,1.0
6,15,2,692,725.0,0.9544827586206897
6,16,0,652,775.0,0.8412903225806452
6,16,1,725,775.0,0.9354838709677419
6,16,2,775,775.0,1.0
6,17,0,855,855.0,1.0
6,17,1,725,855.0,0.847953216374269
6,17,2,775,855.0,0.9064327485380117
6,18,0,855,893.0,0.9574468085106383
6,18,1,893,893.0,1.0
6,18,2,775,893.0,0.8678611422172452
6,19,0,855,933.0,0.9163987138263665
6,19,1,933,933.0,1.0
6,19,2,775,933.0,0.8306538049303323
6,20,0,1005,1005.0,1.0
6,20,1,933,1005.0,0.9283582089552239
6,20,2,775,1005.0,0.7711442786069652
6,21,0,1005,1040.0,0.9663461538461539
6,21,1,1040,1040.0,1.0
6,21,2,775,1040.0,0.7451923076923077
6,22,0,1005,1113.0,0.9029649595687331
6,22,1,1040,1113.0,0.9344115004492363
6,22,2,1113,1113.0,1.0
6,23,0,1171,1171.0,1.0
6,23,1,1040,1171.0,0.888129803586678
6,23,2,1113,1171.0,0.950469684030743
6,24,0,1171,1224.0,0.9566993464052288
6,24,1,1040,1224.0,0.8496732026143791
6,24,2,1224,1224.0,1.0
6,25,0,1287,1287.0,1.0
6,25,1,1040,1287.0,0.8080808080808081
6,25,2,1224,1287.0,0.951048951048951
6,26,0,1287,1337.0,0.9626028421839941
6,26,1,1337,1337.0,1.0
6,26,2,1224,1337.0,0.9154824233358265
6,27,0,1287,1410.0,0.9127659574468086
6,27,1,1337,1410.0,0.9482269503546099
6,27,2,1410,1410.0,1.0
6,28,0,1287,1466.0,0.8778990450204639
6,28,1,1337,1466.0,0.9120054570259208
6,28,2,1466,1466.0,1.0
6,29,0,1287,1511.0,0.8517538054268696
6,29,1,1511,1511.0,1.0
6,29,2,1466,1511.0,0.9702183984116479
6,30,0,1573,1573.0,1.0
6,30,1,1511,1573.0,0.9605848696757787
6,30,2,1466,1573.0,0.9319771137952956
6,31,0,1573,1606.0,0.9794520547945206
6,31,1,1606,1606.0,1.0
6,31,2,1466,1606.0,0.912826899128269
6,32,0,1667,1667.0,1.0
6,32,1,1606,1667.0,0.9634073185362927
6,32,2,1466,1667.0,0.8794241151769646
6,33,0,1667,1698.0,0.9817432273262662
6,33,1,1698,1698.0,1.0
6,33,2,1466,1698.0,0.8633686690223793
6,34,0,1667,1731.0,0.9630271519352975
6,34,1,1731,1731.0,1.0
6,34,2,1466,1731.0,0.8469093009820913
6,35,0,1667,1800.0,0.9261111111111111
6,35,1,1731,1800.0,0.9616666666666667
6,35,2,1800,1800.0,1.0
6,36,0,1667,1835.0,0.9084468664850136
6,36,1,1835,1835.0,1.0
6,36,2,1800,1835.0,0.9809264305177112
6,37,0,1667,1872.0,0.8904914529914529
6,37,1,1872,1872.0,1.0
6,37,2,1800,1872.0,0.9615384615384616
6,38,0,1667,1910.0,0.8727748691099476
6,38,1,1872,1910.0,0.9801047120418848
6,38,2,1910,1910.0,1.0
6,39,0,1667,1946.0,0.8566289825282631
6,39,1,1946,1946.0,1.0
6,39,2,1910,1946.0,0.9815005138746146
6,40,0,1667,1976.0,0.8436234817813765
6,40,1,1976,1976.0,1.0
6,40,2,1910,1976.0,0.9665991902834008
6,41,0,1667,2031.0,0.8207779419005417
6,41,1,1976,2031.0,0.9729197439684885
6,41,2,2031,2031.0,1.0
6,42,0,1667,2064.0,0.8076550387596899
6,42,1,2064,2064.0,1.0
6,42,2,2031,2064.0,0.9840116279069767
6,43,0,2119,2119.0,1.0
6,43,1,2064,2119.0,0.974044360547428
6,43,2,2031,2119.0,0.9584709768758849
6,44,0,2119,2192.0,0.9666970802919708
6,44,1,2064,2192.0,0.9416058394160584
6,44,2,2192,2192.0,1.0
6,45,0,2119,2231.0,0.9497982967279247
6,45,1,2064,2231.0,0.9251456745853878
6,45,2,2231,2231.0,1.0
6,46,0,2119,2274.0,0.9318381706244503
6,46,1,2274,2274.0,1.0
6,46,2,2231,2274.0,0.9810905892700088
6,47,0,2119,2338.0,0.9063301967493584
6,47,1,2274,2338.0,0.9726261762189906
6,47,2,2338,2338.0,1.0
6,48,0,2119,2392.0,0.8858695652173914
6,48,1,2274,2392.0,0.9506688963210702
6,48,2,2392,2392.0,1.0
6,49,0,2119,2433.0,0.8709412248253185
6,49,1,2433,2433.0,1.0
6,49,2,2392,2433.0,0.9831483764899301
6,50,0,2119,2479.0,0.854780153287616
6,50,1,2479,2479.0,1.0
6,50,2,2392,2479.0,0.9649052037111738
6,51,0,2119,2519.0,0.8412068281063915
6,51,1,2519,2519.0,1.0
6,51,2,2392,2519.0,0.9495831679237793
6,52,0,2119,2557.0,0.8287055142745404
6,52,1,2557,2557.0,1.0
6,52,2,2392,2557.0,0.9354712553773954
6,53,0,2119,2597.0,0.8159414709279939
6,53,1,2557,2597.0,0.9845976126299576
6,53,2,2597,2597.0,1.0
6,54,0,2119,2634.0,0.8044798785117692
6,54,1,2557,2634.0,0.9707668944570995
6,54,2,2634,2634.0,1.0
6,55,0,2119,2678.0,0.7912621359223301
6,55,1,2678,2678.0,1.0
6,55,2,2634,2678.0,0.9835698282300224
6,56,0,2119,2728.0,0.7767595307917888
6,56,1,2728,2728.0,1.0
6,56,2,2634,2728.0,0.9655425219941349
6,57,0,2119,2778.0,0.7627789776817855
6,57,1,2728,2778.0,0.9820014398848093
6,57,2,2778,2778.0,1.0
6,58,0,2119,2816.0,0.7524857954545454
6,58,1,2816,2816.0,1.0
6,58,2,2778,2816.0,0.9865056818181818
6,59,0,2119,2865.0,0.7396160558464223
6,59,1,2865,2865.0,1.0
6,59,2,2778,2865.0,0.9696335078534032
6,60,0,2119,2900.0,0.7306896551724138
6,60,1,2900,2900.0,1.0
6,60,2,2778,2900.0,0.9579310344827586
6,61,0,2966,2966.0,1.0
6,61,1,2900,2966.0,0.9777478084962913
6,61,2,2778,2966.0,0.9366149696561025
6,62,0,2966,3010.0,0.9853820598006644
6,62,1,2900,3010.0,0.9634551495016611
6,62,2,3010,3010.0,1.0
6,63,0,2966,3055.0,0.9708674304418985
6,63,1,3055,3055.0,1.0
6,63,2,3010,3055.0,0.9852700490998363
6,64,0,2966,3105.0,0.9552334943639291
6,64,1,3105,3105.0,1.0
6,64,2,3010,3105.0,0.9694041867954911
6,65,0,2966,3144.0,0.943384223918575
6,65,1,3144,3144.0,1.0
6,65,2,3010,3144.0,0.9573791348600509
6,66,0,2966,3201.0,0.9265854420493596
6,66,1,3144,3201.0,0.9821930646672915
6,66,2,3201,3201.0,1.0
6,67,0,3279,3279.0,1.0
6,67,1,3144,3279.0,0.958828911253431
6,67,2,3201,3279.0,0.9762122598353157
6,68,0,3279,3320.0,0.9876506024096385
6,68,1,3320,3320.0,1.0
6,68,2,3201,3320.0,0.9641566265060241
6,69,0,3279,3356.0,0.9770560190703218
6,69,1,3320,3356.0,0.9892729439809297
6,69,2,3356,3356.0,1.0
6,70,0,3279,3392.0,0.9666863207547169
6,70,1,3392,3392.0,1.0
6,70,2,3356,3392.0,0.9893867924528302
6,71,0,3279,3429.0,0.9562554680664916
6,71,1,3392,3429.0,0.9892096821230679
6,71,2,3429,3429.0,1.0
6,72,0,3279,3471.0,0.9446845289541919
6,72,1,3471,3471.0,1.0
6,72,2,3429,3471.0,0.9878997407087294
6,73,0,3279,3506.0,0.9352538505419281
6,73,1,3506,3506.0,1.0
6,73,2,3429,3506.0,0.9780376497432972
6,74,0,3279,3546.0,0.9247038917089678
6,74,1,3546,3546.0,1.0
6,74,2,3429,3546.0,0.9670050761421319
6,75,0,3279,3616.0,0.9068030973451328
6,75,1,3546,3616.0,0.980641592920354
6,75,2,3616,3616.0,1.0
6,76,0,3687,3687.0,1.0
6,76,1,3546,3687.0,0.9617575264442636
6,76,2,3616,3687.0,0.9807431516137781
6,77,0,3687,3737.0,0.9866202836499867
6,77,1,3737,3737.0,1.0
6,77,2,3616,3737.0,0.9676210864329676
6,78,0,3687,3782.0,0.9748810153358012
6,78,1,3737,3782.0,0.9881015335801163
6,78,2,3782,3782.0,1.0
6,79,0,3687,3824.0,0.9641736401673641
6,79,1,3737,3824.0,0.9772489539748954
6,79,2,3824,3824.0,1.0
6,80,0,3687,3873.0,0.9519752130131681
6,80,1,3737,3873.0,0.9648851019881229
6,80,2,3873,3873.0,1.0
6,81,0,3687,3913.0,0.9422438027089189
6,81,1,3913,3913.0,1.0
6,81,2,3873,3913.0,0.9897776641962689
6,82,0,3687,3947.0,0.9341271852039523
6,82,1,3947,3947.0,1.0
6,82,2,3873,3947.0,0.981251583481125
6,83,0,3687,3992.0,0.9235971943887775
6,83,1,3992,3992.0,1.0
6,83,2,3873,3992.0,0.9701903807615231
6,84,0,3687,4035.0,0.9137546468401487
6,84,1,4035,4035.0,1.0
6,84,2,3873,4035.0,0.9598513011152416
6,85,0,3687,4099.0,0.8994876799219321
6,85,1,4035,4099.0,0.9843864357160284
6,85,2,4099,4099.0,1.0
6,86,0,3687,4142.0,0.8901496861419604
6,86,1,4142,4142.0,1.0
6,86,2,4099,4142.0,0.9896185417672622
6,87,0,3687,4171.0,0.8839606808918724
6,87,1,4171,4171.0,1.0
6,87,2,4099,4171.0,0.9827379525293695
6,88,0,3687,4221.0,0.8734896943852167
6,88,1,4221,4221.0,1.0
6,88,2,4099,4221.0,0.9710968964700308
6,89,0,3687,4275.0,0.8624561403508771
6,89,1,4221,4275.0,0.9873684210526316
6,89,2,4275,4275.0,1.0
6,90,0,3687,4319.0,0.8536698309793934
6,90,1,4319,4319.0,1.0
6,90,2,4275,4319.0,0.989812456587173
6,91,0,3687,4345.0,0.8485615650172612
6,91,1,4345,4345.0,1.0
6,91,2,4275,4345.0,0.9838895281933256
6,92,0,3687,4378.0,0.8421653723161261
6,92,1,4378,4378.0,1.0
6,92,2,4275,4378.0,0.9764732754682504
6,93,0,3687,4415.0,0.8351075877689694
6,93,1,4415,4415.0,1.0
6,93,2,4275,4415.0,0.9682899207248018
6,94,0,3687,4446.0,0.8292847503373819
6,94,1,4446,4446.0,1.0
6,94,2,4275,4446.0,0.9615384615384616
6,95,0,3687,4478.0,0.8233586422510049
6,95,1,4478,4478.0,1.0
6,95,2,4275,4478.0,0.9546672621706119
6,96,0,3687,4520.0,0.8157079646017699
6,96,1,4478,4520.0,0.9907079646017699
6,96,2,4520,4520.0,1.0
6,97,0,4601,4601.0,1.0
6,97,1,4478,4601.0,0.9732666811562704
6,97,2,4520,4601.0,0.9823951314931537
6,98,0,4681,4681.0,1.0
6,98,1,4478,4681.0,0.956633198034608
6,98,2,4520,4681.0,0.9656056398205511
6,99,0,4681,4724.0,0.9908975444538527
6,99,1,4724,4724.0,1.0
6,99,2,4520,4724.0,0.9568162574089755
6,100,0,4681,4765.0,0.9823714585519412
6,100,1,4724,4765.0,0.991395592864638
6,100,2,4765,4765.0,1.0
6,101,0,4681,4800.0,0.9752083333333333
6,101,1,4800,4800.0,1.0
6,101,2,4765,4800.0,0.9927083333333333
6,102,0,4681,4842.0,0.9667492771581991
6,102,1,4842,4842.0,1.0
6,102,2,4765,4842.0,0.9840974803800082
6,103,0,4681,4884.0,0.9584357084357085
6,103,1,4884,4884.0,1.0
6,103,2,4765,4884.0,0.9756347256347256
6,104,0,4681,4920.0,0.9514227642276423
6,104,1,4920,4920.0,1.0
6,104,2,4765,4920.0,0.9684959349593496
6,105,0,4681,4953.0,0.9450837876034727
6,105,1,4953,4953.0,1.0
6,105,2,4765,4953.0,0.9620432061376943
6,106,0,4681,4996.0,0.9369495596477182
6,106,1,4996,4996.0,1.0
6,106,2,4765,4996.0,0.9537630104083267
6,107,0,4681,5046.0,0.9276654776060246
6,107,1,5046,5046.0,1.0
6,107,2,4765,5046.0,0.944312326595323
6,108,0,4681,5087.0,0.9201887163357578
6,108,1,5046,5087.0,0.9919402398270101
6,108,2,5087,5087.0,1.0
6,109,0,4681,5143.0,0.9101691619677231
6,109,1,5046,5143.0,0.981139412794089
6,109,2,5143,5143.0,1.0
6,110,0,4681,5175.0,0.9045410628019324
6,110,1,5175,5175.0,1.0
6,110,2,5143,5175.0,0.993816425120773
6,111,0,4681,5240.0,0.893320610687023
6,111,1,5175,5240.0,0.9875954198473282
6,111,2,5240,5240.0,1.0
6,112,0,4681,5289.0,0.8850444318396672
6,112,1,5289,5289.0,1.0
6,112,2,5240,5289.0,0.9907354887502363
6,113,0,4681,5331.0,0.878071656349653
6,113,1,5331,5331.0,1.0
6,113,2,5240,5331.0,0.9829300318889514
6,114,0,4681,5400.0,0.8668518518518519
6,114,1,5331,5400.0,0.9872222222222222
6,114,2,5400,5400.0,1.0
6,115,0,4681,5437.0,0.8609527312856354
6,115,1,5331,5437.0,0.9805039543866103
6,115,2,5437,5437.0,1.0
6,116,0,4681,5500.0,0.8510909090909091
6,116,1,5331,5500.0,0.9692727272727273
6,116,2,5500,5500.0,1.0
6,117,0,4681,5566.0,0.84099892202659
6,117,1,5331,5566.0,0.9577793747754222
6,117,2,5566,5566.0,1.0
6,118,0,4681,5601.0,0.8357436172112123
6,118,1,5331,5601.0,0.951794322442421
6,118,2,5601,5601.0,1.0
6,119,0,4681,5643.0,0.8295233032075138
6,119,1,5643,5643.0,1.0
6,119,2,5601,5643.0,0.9925571504518873
6,120,0,4681,5694.0,0.8220934316824727
6,120,1,5643,5694.0,0.9910432033719705
6,120,2,5694,5694.0,1.0
6,121,0,4681,5722.0,0.818070604683677
6,121,1,5722,5722.0,1.0
6,121,2,5694,5722.0,0.9951066060817896
6,122,0,4681,5760.0,0.8126736111111111
6,122,1,5722,5760.0,0.9934027777777777
6,122,2,5760,5760.0,1.0
6,123,0,4681,5828.0,0.8031914893617021
6,123,1,5722,5828.0,0.981811942347289
6,123,2,5828,5828.0,1.0
6,124,0,4681,5866.0,0.7979884077736107
6,124,1,5866,5866.0,1.0
6,124,2,5828,5866.0,0.9935219911353563
6,125,0,4681,5903.0,0.7929866169744197
6,125,1,5903,5903.0,1.0
6,125,2,5828,5903.0,0.9872945959681518
6,126,0,4681,5963.0,0.785007546536978
6,126,1,5903,5963.0,0.9899379506959584
6,126,2,5963,5963.0,1.0
6,127,0,4681,5999.0,0.7802967161193533
6,127,1,5999,5999.0,1.0
6,127,2,5963,5999.0,0.9939989998333055
6,128,0,4681,6045.0,0.7743589743589744
6,128,1,6045,6045.0,1.0
6,128,2,5963,6045.0,0.986435070306038
6,129,0,4681,6090.0,0.7686371100164203
6,129,1,6090,6090.0,1.0
6,129,2,5963,6090.0,0.9791461412151067
6,130,0,4681,6132.0,0.7633724722765819
6,130,1,6132,6132.0,1.0
6,130,2,5963,6132.0,0.9724396607958252
6,131,0,4681,6180.0,0.7574433656957928
6,131,1,6180,6180.0,1.0
6,131,2,5963,6180.0,0.9648867313915858
6,132,0,4681,6212.0,0.7535415325177076
6,132,1,6212,6212.0,1.0
6,132,2,5963,6212.0,0.9599162910495814
6,133,0,4681,6260.0,0.7477635782747604
6,133,1,6260,6260.0,1.0
6,133,2,5963,6260.0,0.952555910543131
6,134,0,4681,6302.0,0.742780069819105
6,134,1,6302,6302.0,1.0
6,134,2,5963,6302.0,0.9462075531577278
7,1,0,36,36.0,1.0
7,1,1,0,36.0,0.0
7,1,2,0,36.0,0.0
7,2,0,95,95.0,1.0
7,2,1,0,95.0,0.0
7,2,2,0,95.0,0.0
7,3,0,158,158.0,1.0
7,3,1,0,158.0,0.0
7,3,2,0,158.0,0.0
7,4,0,214,214.0,1.0
7,4,1,0,214.0,0.0
7,4,2,0,214.0,0.0
7,5,0,280,280.0,1.0
7,5,1,0,280.0,0.0
7,5,2,0,280.0,0.0
7,6,0,339,339.0,1.0
7,6,1,0,339.0,0.0
7,6,2,0,339.0,0.0
7,7,0,339,352.0,0.9630681818181818
7,7,1,352,352.0,1.0
7,7,2,0,352.0,0.0
7,8,0,339,397.0,0.853904282115869
7,8,1,397,397.0,1.0
7,8,2,0,397.0,0.0
7,9,0,471,471.0,1.0
7,9,1,397,471.0,0.8428874734607219
7,9,2,0,471.0,0.0
7,10,0,471,504.0,0.9345238095238095
7,10,1,504,504.0,1.0
7,10,2,0,504.0,0.0
7,11,0,562,562.0,1.0
7,11,1,504,562.0,0.896797153024911
7,11,2,0,562.0,0.0
7,12,0,625,625.0,1.0
7,12,1,504,625.0,0.8064
7,12,2,0,625.0,0.0
7,13,0,625,649.0,0.963020030816641
7,13,1,504,649.0,0.7765793528505393
7,13,2,649,649.0,1.0
7,14,0,625,718.0,0.8704735376044568
7,14,1,504,718.0,0.7019498607242339
7,14,2,718,718.0,1.0
7,15,0,625,791.0,0.7901390644753477
7,15,1,504,791.0,0.6371681415929203
7,15,2,791,791.0,1.0
7,16,0,625,819.0,0.7631257631257631
7,16,1,819,819.0,1.0
7,16,2,791,819.0,0.9658119658119658
7,17,0,625,875.0,0.7142857142857143
7,17,1,819,875.0,0.936
7,17,2,875,875.0,1.0
7,18,0,625,925.0,0.6756756756756757
7,18,1,819,925.0,0.8854054054054054
7,18,2,925,925.0,1.0
7,19,0,1000,1000.0,1.0
7,19,1,819,1000.0,0.819
7,19,2,925,1000.0,0.925
7,20,0,1000,1037.0,0.9643201542912246
7,20,1,1037,1037.0,1.0
7,20,2,925,1037.0,0.8919961427193829
7,21,0,1000,1077.0,0.9285051067780873
7,21,1,1037,1077.0,0.9628597957288765
7,21,2,1077,1077.0,1.0
7,22,0,1000,1127.0,0.8873114463176575
7,22,1,1037,1127.0,0.9201419698314108
7,22,2,1127,1127.0,1.0
7,23,0,1000,1180.0,0.847457627118644
7,23,1,1037,1180.0,0.8788135593220339
7,23,2,1180,1180.0,1.0
7,24,0,1000,1253.0,0.7980845969672785
7,24,1,1037,1253.0,0.8276137270550679
7,24,2,1253,1253.0,1.0
7,25,0,1000,1293.0,0.7733952049497294
7,25,1,1293,1293.0,1.0
7,25,2,1253,1293.0,0.9690641918020109
7,26,0,1000,1349.0,0.7412898443291327
7,26,1,1293,1349.0,0.9584877687175686
7,26,2,1349,1349.0,1.0
7,27,0,1000,1379.0,0.7251631617113851
7,27,1,1379,1379.0,1.0
7,27,2,1349,1379.0,0.9782451051486585
7,28,0,1000,1443.0,0.693000693000693
7,28,1,1379,1443.0,0.9556479556479557
7,28,2,1443,1443.0,1.0
7,29,0,1000,1478.0,0.6765899864682002
7,29,1,1478,1478.0,1.0
7,29,2,1443,1478.0,0.976319350473613
7,30,0,1554,1554.0,1.0
7,30,1,1478,1554.0,0.9510939510939511
7,30,2,1443,1554.0,0.9285714285714286
7,31,0,1634,1634.0,1.0
7,31,1,1478,1634.0,0.9045287637698899
7,31,2,1443,1634.0,0.883108935128519
7,32,0,1634,1670.0,0.9784431137724551
7,32,1,1670,1670.0,1.0
7,32,2,1443,1670.0,0.8640718562874251
7,33,0,1634,1705.0,0.9583577712609971
7,33,1,1705,1705.0,1.0
7,33,2,1443,1705.0,0.8463343108504399
7,34,0,1634,1778.0,0.9190101237345332
7,34,1,1705,1778.0,0.9589426321709786
7,34,2,1778,1778.0,1.0
7,35,0,1858,1858.0,1.0
7,35,1,1705,1858.0,0.9176533907427341
7,35,2,1778,1858.0,0.9569429494079655
7,36,0,1858,1908.0,0.9737945492662474
7,36,1,1908,1908.0,1.0
7,36,2,1778,1908.0,0.9318658280922432
7,37,0,1858,1958.0,0.9489274770173647
7,37,1,1958,1958.0,1.0
7,37,2,1778,1958.0,0.9080694586312564
7,38,0,1858,1995.0,0.931328320802005
7,38,1,1995,1995.0,1.0
7,38,2,1778,1995.0,0.8912280701754386
7,39,0,1858,2031.0,0.9148202855736091
7,39,1,2031,2031.0,1.0
7,39,2,1778,2031.0,0.8754308222550468
7,40,0,2102,2102.0,1.0
7,40,1,2031,2102.0,0.9662226450999049
7,40,2,1778,2102.0,0.845861084681256
7,41,0,2167,2167.0,1.0
7,41,1,2031,2167.0,0.9372404245500692
7,41,2,1778,2167.0,0.8204891555145363
7,42,0,2167,2208.0,0.9814311594202898
7,42,1,2208,2208.0,1.0
7,42,2,1778,2208.0,0.8052536231884058
7,43,0,2167,2251.0,0.9626832518880497
7,43,1,2251,2251.0,1.0
7,43,2,1778,2251.0,0.7898711683696135
7,44,0,2167,2282.0,0.9496056091148116
7,44,1,2282,2282.0,1.0
7,44,2,1778,2282.0,0.7791411042944786
7,45,0,2167,2324.0,0.9324440619621343
7,45,1,2282,2324.0,0.9819277108433735
7,45,2,2324,2324.0,1.0
7,46,0,2167,2363.0,0.917054591620821
7,46,1,2282,2363.0,0.965721540414727
7,46,2,2363,2363.0,1.0
7,47,0,2167,2403.0,0.9017894298793175
7,47,1,2403,2403.0,1.0
7,47,2,2363,2403.0,0.9833541406575115
7,48,0,2167,2440.0,0.8881147540983606
7,48,1,2403,2440.0,0.9848360655737705
7,48,2,2440,2440.0,1.0
7,49,0,2167,2473.0,0.8762636473918318
7,49,1,2473,2473.0,1.0
7,49,2,2440,2473.0,0.9866558835422564
7,50,0,2167,2516.0,0.8612877583465819
7,50,1,2516,2516.0,1.0
7,50,2,2440,2516.0,0.9697933227344993
7,51,0,2167,2559.0,0.8468151621727237
7,51,1,2559,2559.0,1.0
7,51,2,2440,2559.0,0.9534974599452911
7,52,0,2167,2589.0,0.8370027037466203
7,52,1,2589,2589.0,1.0
7,52,2,2440,2589.0,0.9424488219389726
7,53,0,2167,2635.0,0.8223908918406072
7,53,1,2635,2635.0,1.0
7,53,2,2440,2635.0,0.9259962049335864
7,54,0,2167,2677.0,0.8094882330967501
7,54,1,2635,2677.0,0.9843107956667911
7,54,2,2677,2677.0,1.0
7,55,0,2167,2733.0,0.7929015733626052
7,55,1,2635,2733.0,0.9641419685327479
7,55,2,2733,2733.0,1.0
7,56,0,2814,2814.0,1.0
7,56,1,2635,2814.0,0.9363894811656006
7,56,2,2733,2814.0,0.9712153518123667
7,57,0,2814,2883.0,0.9760665972944849
7,57,1,2635,2883.0,0.9139784946236559
7,57,2,2883,2883.0,1.0
7,58,0,2814,2921.0,0.9633687093461143
7,58,1,2921,2921.0,1.0
7,58,2,2883,2921.0,0.9869907565902089
7,59,0,2814,2970.0,0.9474747474747475
7,59,1,2970,2970.0,1.0
7,59,2,2883,2970.0,0.9707070707070707
7,60,0,3042,3042.0,1.0
7,60,1,2970,3042.0,0.9763313609467456
7,60,2,2883,3042.0,0.9477317554240631
7,61,0,3042,3080.0,0.9876623376623377
7,61,1,3080,3080.0,1.0
7,61,2,2883,3080.0,0.936038961038961
7,62,0,3042,3110.0,0.9781350482315112
7,62,1,3110,3110.0,1.0
7,62,2,2883,3110.0,0.9270096463022508
7,63,0,3042,3150.0,0.9657142857142857
7,63,1,3150,3150.0,1.0
7,63,2,2883,3150.0,0.9152380952380952
7,64,0,3042,3200.0,0.950625
7,64,1,3200,3200.0,1.0
7,64,2,2883,3200.0,0.9009375
7,65,0,3042,3235.0,0.9403400309119011
7,65,1,3235,3235.0,1.0
7,65,2,2883,3235.0,0.8911901081916538
7,66,0,3042,3280.0,0.927439024390244
7,66,1,3235,3280.0,0.9862804878048781
7,66,2,3280,3280.0,1.0
7,67,0,3042,3323.0,0.9154378573578092
7,67,1,3235,3323.0,0.973517905507072
7,67,2,3323,3323.0,1.0
7,68,0,3042,3364.0,0.9042806183115338
7,68,1,3364,3364.0,1.0
7,68,2,3323,3364.0,0.9878121284185494
7,69,0,3042,3409.0,0.8923437958345556
7,69,1,3409,3409.0,1.0
7,69,2,3323,3409.0,0.9747726606042828
7,70,0,3042,3454.0,0.8807180081065431
7,70,1,3454,3454.0,1.0
7,70,2,3323,3454.0,0.9620729588882455
7,71,0,3042,3498.0,0.869639794168096
7,71,1,3498,3498.0,1.0
7,71,2,3323,3498.0,0.9499714122355631
7,72,0,3042,3553.0,0.8561778778497044
7,72,1,3498,3553.0,0.9845201238390093
7,72,2,3553,3553.0,1.0
7,73,0,3042,3610.0,0.8426592797783934
7,73,1,3498,3610.0,0.9689750692520775
7,73,2,3610,3610.0,1.0
7,74,0,3042,3653.0,0.8327402135231317
7,74,1,3653,3653.0,1.0
7,74,2,3610,3653.0,0.9882288529975363
7,75,0,3042,3696.0,0.823051948051948
7,75,1,3696,3696.0,1.0
7,75,2,3610,3696.0,0.9767316017316018
7,76,0,3042,3740.0,0.8133689839572192
7,76,1,3696,3740.0,0.9882352941176471
7,76,2,3740,3740.0,1.0
7,77,0,3042,3791.0,0.8024268003165391
7,77,1,3696,3791.0,0.9749406489053021
7,77,2,3791,3791.0,1.0
7,78,0,3042,3840.0,0.7921875
7,78,1,3696,3840.0,0.9625
7,78,2,3840,3840.0,1.0
7,79,0,3042,3874.0,0.785234899328859
7,79,1,3874,3874.0,1.0
7,79,2,3840,3874.0,0.9912235415591121
7,80,0,3042,3919.0,0.776218423067109
7,80,1,3919,3919.0,1.0
7,80,2,3840,3919.0,0.9798417963766267
7,81,0,3042,3961.0,0.7679878818480181
7,81,1,3961,3961.0,1.0
7,81,2,3840,3961.0,0.9694521585458218
7,82,0,3042,4001.0,0.7603099225193701
7,82,1,3961,4001.0,0.9900024993751562
7,82,2,4001,4001.0,1.0
7,83,0,3042,4042.0,0.7525977238990599
7,83,1,3961,4042.0,0.9799604156358238
7,83,2,4042,4042.0,1.0
7,84,0,3042,4073.0,0.7468696292658974
7,84,1,4073,4073.0,1.0
7,84,2,4042,4073.0,0.9923889025288485
7,85,0,3042,4117.0,0.7388875394704882
7,85,1,4117,4117.0,1.0
7,85,2,4042,4117.0,0.9817828515909643
7,86,0,3042,4152.0,0.7326589595375722
7,86,1,4152,4152.0,1.0
7,86,2,4042,4152.0,0.9735067437379576
7,87,0,3042,4196.0,0.724976167778837
7,87,1,4196,4196.0,1.0
7,87,2,4042,4196.0,0.9632983794089609
7,88,0,3042,4246.0,0.7164390014130947
7,88,1,4246,4246.0,1.0
7,88,2,4042,4246.0,0.951954780970325
7,89,0,4308,4308.0,1.0
7,89,1,4246,4308.0,0.9856081708449397
7,89,2,4042,4308.0,0.9382544103992572
7,90,0,4308,4340.0,0.992626728110599
7,90,1,4340,4340.0,1.0
7,90,2,4042,4340.0,0.9313364055299539
7,91,0,4308,4405.0,0.9779795686719637
7,91,1,4340,4405.0,0.985244040862656
7,91,2,4405,4405.0,1.0
7,92,0,4308,4448.0,0.9685251798561151
7,92,1,4448,4448.0,1.0
7,92,2,4405,4448.0,0.9903327338129496
7,93,0,4503,4503.0,1.0
7,93,1,4448,4503.0,0.9877859204974462
7,93,2,4405,4503.0,0.9782367310681768
7,94,0,4503,4544.0,0.9909771126760564
7,94,1,4544,4544.0,1.0
7,94,2,4405,4544.0,0.9694102112676056
7,95,0,4503,4585.0,0.9821155943293348
7,95,1,4544,4585.0,0.9910577971646674
7,95,2,4585,4585.0,1.0
7,96,0,4503,4659.0,0.9665164198325821
7,96,1,4544,4659.0,0.9753165915432497
7,96,2,4659,4659.0,1.0
7,97,0,4503,4697.0,0.9586970406642538
7,97,1,4697,4697.0,1.0
7,97,2,4659,4697.0,0.9919097296146476
7,98,0,4503,4728.0,0.9524111675126904
7,98,1,4697,4728.0,0.9934433164128595
7,98,2,4728,4728.0,1.0
7,99,0,4503,4796.0,0.9389074228523769
7,99,1,4697,4796.0,0.9793577981651376
7,99,2,4796,4796.0,1.0
7,100,0,4503,4838.0,0.93075651095494
7,100,1,4838,4838.0,1.0
7,100,2,4796,4838.0,0.9913187267465895
7,101,0,4503,4876.0,0.9235028712059065
7,101,1,4876,4876.0,1.0
7,101,2,4796,4876.0,0.9835931091058244
7,102,0,4503,4916.0,0.9159886086248983
7,102,1,4876,4916.0,0.9918633034987795
7,102,2,4916,4916.0,1.0
7,103,0,4503,4942.0,0.9111695669769324
7,103,1,4942,4942.0,1.0
7,103,2,4916,4942.0,0.9947389720760825
7,104,0,4503,5003.0,0.9000599640215871
7,104,1,4942,5003.0,0.9878073156106336
7,104,2,5003,5003.0,1.0
7,105,0,4503,5036.0,0.8941620333598094
7,105,1,4942,5036.0,0.9813343923749007
7,105,2,5036,5036.0,1.0
7,106,0,4503,5073.0,0.8876404494382022
7,106,1,4942,5073.0,0.9741770155726395
7,106,2,5073,5073.0,1.0
7,107,0,4503,5115.0,0.8803519061583578
7,107,1,5115,5115.0,1.0
7,107,2,5073,5115.0,0.9917888563049854
7,108,0,4503,5165.0,0.8718296224588576
7,108,1,5165,5165.0,1.0
7,108,2,5073,5165.0,0.9821878025169409
7,109,0,4503,5205.0,0.8651296829971181
7,109,1,5205,5205.0,1.0
7,109,2,5073,5205.0,0.9746397694524496
7,110,0,4503,5273.0,0.8539730703584297
7,110,1,5205,5273.0,0.9871041153043808
7,110,2,5273,5273.0,1.0
7,111,0,4503,5305.0,0.8488218661639962
7,111,1,5305,5305.0,1.0
7,111,2,5273,5305.0,0.9939679547596607
7,112,0,4503,5359.0,0.8402687068482926
7,112,1,5305,5359.0,0.9899234931890278
7,112,2,5359,5359.0,1.0
7,113,0,4503,5393.0,0.8349712590394957
7,113,1,5393,5393.0,1.0
7,113,2,5359,5393.0,0.9936955312442054
7,114,0,4503,5443.0,0.8273011207054933
7,114,1,5443,5443.0,1.0
7,114,2,5359,5443.0,0.9845673341907036
7,115,0,4503,5485.0,0.8209662716499544
7,115,1,5485,5485.0,1.0
7,115,2,5359,5485.0,0.977028258887876
7,116,0,5556,5556.0,1.0
7,116,1,5485,5556.0,0.9872210223182145
7,116,2,5359,5556.0,0.9645428365730742
7,117,0,5556,5600.0,0.9921428571428571
7,117,1,5485,5600.0,0.9794642857142857
7,117,2,5600,5600.0,1.0
7,118,0,5556,5670.0,0.9798941798941799
7,118,1,5485,5670.0,0.9673721340388007
7,118,2,5670,5670.0,1.0
7,119,0,5556,5703.0,0.9742240925828511
7,119,1,5703,5703.0,1.0
7,119,2,5670,5703.0,0.9942135718043135
7,120,0,5556,5740.0,0.9679442508710802
7,120,1,5740,5740.0,1.0
7,120,2,5670,5740.0,0.9878048780487805
7,121,0,5556,5772.0,0.9625779625779626
7,121,1,5772,5772.0,1.0
7,121,2,5670,5772.0,0.9823284823284824
7,122,0,5556,5809.0,0.9564468927526253
7,122,1,5772,5809.0,0.9936305732484076
7,122,2,5809,5809.0,1.0
7,123,0,5556,5851.0,0.949581268159289
7,123,1,5851,5851.0,1.0
7,123,2,5809,5851.0,0.9928217398735258
7,124,0,5556,5893.0,0.9428135075513321
7,124,1,5893,5893.0,1.0
7,124,2,5809,5893.0,0.9857458001018157
7,125,0,5556,5942.0,0.9350387075058902
7,125,1,5942,5942.0,1.0
7,125,2,5809,5942.0,0.9776169639851902
7,126,0,5556,5975.0,0.9298744769874477
7,126,1,5975,5975.0,1.0
7,126,2,5809,5975.0,0.9722175732217573
7,127,0,5556,6035.0,0.9206296603148302
7,127,1,5975,6035.0,0.9900579950289975
7,127,2,6035,6035.0,1.0
7,128,0,5556,6081.0,0.9136655155402073
7,128,1,6081,6081.0,1.0
7,128,2,6035,6081.0,0.9924354546949515
7,129,0,5556,6129.0,0.9065100342633382
7,129,1,6129,6129.0,1.0
7,129,2,6035,6129.0,0.9846630771740904
7,130,0,5556,6172.0,0.9001944264419961
7,130,1,6172,6172.0,1.0
7,130,2,6035,6172.0,0.977802981205444
7,131,0,5556,6214.0,0.894110074026392
7,131,1,6214,6214.0,1.0
7,131,2,6035,6214.0,0.9711940778886385
7,132,0,5556,6251.0,0.8888177891537354
7,132,1,6251,6251.0,1.0
7,132,2,6035,6251.0,0.9654455287154056
7,133,0,5556,6287.0,0.8837283282964848
7,133,1,6287,6287.0,1.0
7,133,2,6035,6287.0,0.9599172896452999
7,134,0,5556,6332.0,0.8774478837650032
7,134,1,6332,6332.0,1.0
7,134,2,6035,6332.0,0.9530953885028427
8,1,0,35,35.0,1.0
8,1,1,0,35.0,0.0
8,1,2,0,35.0,0.0
8,2,0,90,90.0,1.0
8,2,1,0,90.0,0.0
8,2,2,0,90.0,0.0
8,3,0,149,149.0,1.0
8,3,1,0,149.0,0.0
8,3,2,0,149.0,0.0
8,4,0,149,174.0,0.8563218390804598
8,4,1,174,174.0,1.0
8,4,2,0,174.0,0.0
8,5,0,149,198.0,0.7525252525252525
8,5,1,174,198.0,0.8787878787878788
8,5,2,198,198.0,1.0
8,6,0,274,274.0,1.0
8,6,1,174,274.0,0.635036496350365
8,6,2,198,274.0,0.7226277372262774
8,7,0,355,355.0,1.0
8,7,1,174,355.0,0.49014084507042255
8,7,2,198,355.0,0.5577464788732395
8,8,0,411,411.0,1.0
8,8,1,174,411.0,0.4233576642335766
8,8,2,198,411.0,0.48175182481751827
8,9,0,411,444.0,0.9256756756756757
8,9,1,444,444.0,1.0
8,9,2,198,444.0,0.44594594594594594
8,10,0,488,488.0,1.0
8,10,1,444,488.0,0.9098360655737705
8,10,2,198,488.0,0.4057377049180328
8,11,0,488,518.0,0.9420849420849421
8,11,1,518,518.0,1.0
8,11,2,198,518.0,0.38223938223938225
8,12,0,581,581.0,1.0
8,12,1,518,581.0,0.891566265060241
8,12,2,198,581.0,0.3407917383820998
8,13,0,655,655.0,1.0
8,13,1,518,655.0,0.7908396946564885
8,13,2,198,655.0,0.30229007633587784
8,14,0,735,735.0,1.0
8,14,1,518,735.0,0.7047619047619048
8,14,2,198,735.0,0.2693877551020408
8,15,0,735,788.0,0.932741116751269
8,15,1,518,788.0,0.6573604060913706
8,15,2,788,788.0,1.0
8,16,0,844,844.0,1.0
8,16,1,518,844.0,0.6137440758293838
8,16,2,788,844.0,0.933649289099526
8,17,0,887,887.0,1.0
8,17,1,518,887.0,0.5839909808342728
8,17,2,788,887.0,0.8883878241262683
8,18,0,887,920.0,0.9641304347826087
8,18,1,920,920.0,1.0
8,18,2,788,920.0,0.8565217391304348
8,19,0,887,993.0,0.8932527693856999
8,19,1,920,993.0,0.9264853977844915
8,19,2,993,993.0,1.0
8,20,0,887,1049.0,0.8455672068636797
8,20,1,920,1049.0,0.877025738798856
8,20,2,1049,1049.0,1.0
8,21,0,887,1086.0,0.8167587476979742
8,21,1,1086,1086.0,1.0
8,21,2,1049,1086.0,0.9659300184162063
8,22,0,887,1136.0,0.7808098591549296
8,22,1,1086,1136.0,0.9559859154929577
8,22,2,1136,1136.0,1.0
8,23,0,1216,1216.0,1.0
8,23,1,1086,1216.0,0.8930921052631579
8,23,2,1136,1216.0,0.9342105263157895
8,24,0,1266,1266.0,1.0
8,24,1,1086,1266.0,0.8578199052132701
8,24,2,1136,1266.0,0.8973143759873617
8,25,0,1266,1306.0,0.9693721286370597
8,25,1,1086,1306.0,0.8315467075038285
8,25,2,1306,1306.0,1.0
8,26,0,1266,1356.0,0.9336283185840708
8,26,1,1086,1356.0,0.8008849557522124
8,26,2,1356,1356.0,1.0
8,27,0,1266,1399.0,0.9049320943531094
8,27,1,1399,1399.0,1.0
8,27,2,1356,1399.0,0.9692637598284489
8,28,0,1266,1441.0,0.878556557945871
8,28,1,1399,1441.0,0.970853573907009
8,28,2,1441,1441.0,1.0
8,29,0,1266,1497.0,0.845691382765531
8,29,1,1399,1497.0,0.9345357381429525
8,29,2,1497,1497.0,1.0
8,30,0,1266,1536.0,0.82421875
8,30,1,1399,1536.0,0.9108072916666666
8,30,2,1536,1536.0,1.0
8,31,0,1266,1566.0,0.8084291187739464
8,31,1,1566,1566.0,1.0
8,31,2,1536,1566.0,0.9808429118773946
8,32,0,1628,1628.0,1.0
8,32,1,1566,1628.0,0.961916461916462
8,32,2,1536,1628.0,0.9434889434889435
8,33,0,1628,1668.0,0.9760191846522782
8,33,1,1668,1668.0,1.0
8,33,2,1536,1668.0,0.920863309352518
8,34,0,1628,1704.0,0.9553990610328639
8,34,1,1704,1704.0,1.0
8,34,2,1536,1704.0,0.9014084507042254
8,35,0,1628,1747.0,0.9318832283915284
8,35,1,1747,1747.0,1.0
8,35,2,1536,1747.0,0.8792215226101889
8,36,0,1628,1780.0,0.9146067415730337
8,36,1,1780,1780.0,1.0
8,36,2,1536,1780.0,0.8629213483146068
8,37,0,1628,1826.0,0.891566265060241
8,37,1,1826,1826.0,1.0
8,37,2,1536,1826.0,0.8411829134720701
8,38,0,1628,1895.0,0.8591029023746701
8,38,1,1826,1895.0,0.9635883905013193
8,38,2,1895,1895.0,1.0
8,39,0,1628,1931.0,0.8430864836872087
8,39,1,1931,1931.0,1.0
8,39,2,1895,1931.0,0.9813568099430346
8,40,0,1628,1963.0,0.8293428425878757
8,40,1,1931,1963.0,0.9836984207845135
8,40,2,1963,1963.0,1.0
8,41,0,1628,2006.0,0.8115653040877367
8,41,1,2006,2006.0,1.0
8,41,2,1963,2006.0,0.9785643070787637
8,42,0,1628,2048.0,0.794921875
8,42,1,2006,2048.0,0.9794921875
8,42,2,2048,2048.0,1.0
8,43,0,1628,2104.0,0.7737642585551331
8,43,1,2006,2104.0,0.9534220532319392
8,43,2,2104,2104.0,1.0
8,44,0,2170,2170.0,1.0
8,44,1,2006,2170.0,0.9244239631336405
8,44,2,2104,2170.0,0.9695852534562212
8,45,0,2241,2241.0,1.0
8,45,1,2006,2241.0,0.895136099955377
8,45,2,2104,2241.0,0.9388665774207943
8,46,0,2241,2274.0,0.9854881266490765
8,46,1,2274,2274.0,1.0
8,46,2,2104,2274.0,0.9252418645558487
8,47,0,2241,2329.0,0.9622155431515672
8,47,1,2274,2329.0,0.9763847144697295
8,47,2,2329,2329.0,1.0
8,48,0,2241,2369.0,0.9459687631912199
8,48,1,2369,2369.0,1.0
8,48,2,2329,2369.0,0.9831152384972562
8,49,0,2241,2442.0,0.9176904176904177
8,49,1,2369,2442.0,0.9701064701064701
8,49,2,2442,2442.0,1.0
8,50,0,2241,2480.0,0.9036290322580646
8,50,1,2480,2480.0,1.0
8,50,2,2442,2480.0,0.9846774193548387
8,51,0,2241,2515.0,0.8910536779324055
8,51,1,2515,2515.0,1.0
8,51,2,2442,2515.0,0.9709741550695825
8,52,0,2241,2550.0,0.8788235294117647
8,52,1,2550,2550.0,1.0
8,52,2,2442,2550.0,0.9576470588235294
8,53,0,2241,2584.0,0.8672600619195047
8,53,1,2584,2584.0,1.0
8,53,2,2442,2584.0,0.945046439628483
8,54,0,2656,2656.0,1.0
8,54,1,2584,2656.0,0.9728915662650602
8,54,2,2442,2656.0,0.9194277108433735
8,55,0,2656,2701.0,0.9833395038874491
8,55,1,2701,2701.0,1.0
8,55,2,2442,2701.0,0.9041095890410958
8,56,0,2656,2750.0,0.9658181818181818
8,56,1,2750,2750.0,1.0
8,56,2,2442,2750.0,0.888
8,57,0,2656,2814.0,0.9438521677327647
8,57,1,2750,2814.0,0.9772565742714996
8,57,2,2814,2814.0,1.0
8,58,0,2656,2857.0,0.9296464823241162
8,58,1,2750,2857.0,0.9625481274063703
8,58,2,2857,2857.0,1.0
8,59,0,2656,2900.0,0.9158620689655173
8,59,1,2900,2900.0,1.0
8,59,2,2857,2900.0,0.9851724137931035
8,60,0,2656,2950.0,0.9003389830508475
8,60,1,2950,2950.0,1.0
8,60,2,2857,2950.0,0.9684745762711865
8,61,0,2656,2995.0,0.8868113522537563
8,61,1,2995,2995.0,1.0
8,61,2,2857,2995.0,0.9539232053422371
8,62,0,2656,3045.0,0.8722495894909688
8,62,1,3045,3045.0,1.0
8,62,2,2857,3045.0,0.9382594417077176
8,63,0,2656,3081.0,0.8620577734501785
8,63,1,3081,3081.0,1.0
8,63,2,2857,3081.0,0.9272963323596235
8,64,0,2656,3125.0,0.84992
8,64,1,3125,3125.0,1.0
8,64,2,2857,3125.0,0.91424
8,65,0,2656,3166.0,0.8389134554643083
8,65,1,3166,3166.0,1.0
8,65,2,2857,3166.0,0.9024005053695515
8,66,0,2656,3234.0,0.821273964131107
8,66,1,3166,3234.0,0.9789734075448361
8,66,2,3234,3234.0,1.0
8,67,0,2656,3278.0,0.8102501525320317
8,67,1,3278,3278.0,1.0
8,67,2,3234,3278.0,0.9865771812080537
8,68,0,2656,3319.0,0.800241036456764
8,68,1,3319,3319.0,1.0
8,68,2,3234,3319.0,0.9743898764688159
8,69,0,2656,3361.0,0.7902409997024695
8,69,1,3361,3361.0,1.0
8,69,2,3234,3361.0,0.9622136268967569
8,70,0,2656,3406.0,0.7798003523194363
8,70,1,3361,3406.0,0.9867880211391662
8,70,2,3406,3406.0,1.0
8,71,0,3484,3484.0,1.0
8,71,1,3361,3484.0,0.9646957520091849
8,71,2,3406,3484.0,0.9776119402985075
8,72,0,3484,3528.0,0.9875283446712018
8,72,1,3528,3528.0,1.0
8,72,2,3406,3528.0,0.9654195011337868
8,73,0,3484,3574.0,0.9748181309457191
8,73,1,3528,3574.0,0.987129266927812
8,73,2,3574,3574.0,1.0
8,74,0,3484,3614.0,0.9640287769784173
8,74,1,3614,3614.0,1.0
8,74,2,3574,3614.0,0.9889319313779745
8,75,0,3484,3687.0,0.944941687008408
8,75,1,3614,3687.0,0.9802007051803634
8,75,2,3687,3687.0,1.0
8,76,0,3484,3737.0,0.9322986352689323
8,76,1,3737,3737.0,1.0
8,76,2,3687,3737.0,0.9866202836499867
8,77,0,3484,3774.0,0.9231584525702172
8,77,1,3774,3774.0,1.0
8,77,2,3687,3774.0,0.9769475357710652
8,78,0,3484,3810.0,0.9144356955380577
8,78,1,3810,3810.0,1.0
8,78,2,3687,3810.0,0.9677165354330709
8,79,0,3484,3878.0,0.8984012377514182
8,79,1,3810,3878.0,0.9824651882413615
8,79,2,3878,3878.0,1.0
8,80,0,3484,3947.0,0.8826957182670383
8,80,1,3810,3947.0,0.9652900937420826
8,80,2,3947,3947.0,1.0
8,81,0,3484,3983.0,0.8747175495857394
8,81,1,3810,3983.0,0.956565402962591
8,81,2,3983,3983.0,1.0
8,82,0,3484,4028.0,0.8649453823237339
8,82,1,4028,4028.0,1.0
8,82,2,3983,4028.0,0.9888282025819265
8,83,0,3484,4071.0,0.8558093834438713
8,83,1,4071,4071.0,1.0
8,83,2,3983,4071.0,0.9783836895111766
8,84,0,3484,4112.0,0.8472762645914397
8,84,1,4071,4112.0,0.9900291828793775
8,84,2,4112,4112.0,1.0
8,85,0,3484,4155.0,0.8385078219013237
8,85,1,4155,4155.0,1.0
8,85,2,4112,4155.0,0.9896510228640193
8,86,0,3484,4204.0,0.8287345385347288
8,86,1,4155,4204.0,0.9883444338725024
8,86,2,4204,4204.0,1.0
8,87,0,4280,4280.0,1.0
8,87,1,4155,4280.0,0.9707943925233645
8,87,2,4204,4280.0,0.9822429906542056
8,88,0,4280,4313.0,0.9923487131926733
8,88,1,4313,4313.0,1.0
8,88,2,4204,4313.0,0.974727567818224
8,89,0,4280,4353.0,0.9832299563519412
8,89,1,4353,4353.0,1.0
8,89,2,4204,4353.0,0.9657707328279348
8,90,0,4280,4383.0,0.9765001140771161
8,90,1,4383,4383.0,1.0
8,90,2,4204,4383.0,0.9591603924252795
8,91,0,4280,4425.0,0.9672316384180791
8,91,1,4425,4425.0,1.0
8,91,2,4204,4425.0,0.9500564971751413
8,92,0,4280,4479.0,0.9555704398303193
8,92,1,4425,4479.0,0.9879437374413932
8,92,2,4479,4479.0,1.0
8,93,0,4280,4508.0,0.9494232475598935
8,93,1,4508,4508.0,1.0
8,93,2,4479,4508.0,0.993566992014197
8,94,0,4280,4541.0,0.9425236731997357
8,94,1,4541,4541.0,1.0
8,94,2,4479,4541.0,0.9863466196872935
8,95,0,4280,4583.0,0.9338861008073315
8,95,1,4583,4583.0,1.0
8,95,2,4479,4583.0,0.9773074405411303
8,96,0,4280,4618.0,0.9268081420528367
8,96,1,4618,4618.0,1.0
8,96,2,4479,4618.0,0.9699003897791252
8,97,0,4280,4668.0,0.9168808911739503
8,97,1,4668,4668.0,1.0
8,97,2,4479,4668.0,0.9595115681233933
8,98,0,4280,4718.0,0.907164052564646
8,98,1,4718,4718.0,1.0
8,98,2,4479,4718.0,0.9493429419245443
8,99,0,4280,4755.0,0.900105152471083
8,99,1,4718,4755.0,0.9922187171398528
8,99,2,4755,4755.0,1.0
8,100,0,4280,4812.0,0.8894430590191189
8,100,1,4718,4812.0,0.9804655029093932
8,100,2,4812,4812.0,1.0
8,101,0,4280,4853.0,0.8819287038944983
8,101,1,4718,4853.0,0.9721821553678137
8,101,2,4853,4853.0,1.0
8,102,0,4280,4897.0,0.8740044925464571
8,102,1,4718,4897.0,0.963447008372473
8,102,2,4897,4897.0,1.0
8,103,0,4280,4924.0,0.8692120227457352
8,103,1,4924,4924.0,1.0
8,103,2,4897,4924.0,0.9945166531275386
8,104,0,4280,4956.0,0.8635996771589992
8,104,1,4956,4956.0,1.0
8,104,2,4897,4956.0,0.9880952380952381
8,105,0,4280,4987.0,0.8582314016442751
8,105,1,4987,4987.0,1.0
8,105,2,4897,4987.0,0.9819530780028073
8,106,0,4280,5020.0,0.852589641434263
8,106,1,5020,5020.0,1.0
8,106,2,4897,5020.0,0.9754980079681275
8,107,0,4280,5085.0,0.8416912487708947
8,107,1,5020,5085.0,0.9872173058013766
8,107,2,5085,5085.0,1.0
8,108,0,4280,5155.0,0.8302618816682832
8,108,1,5020,5155.0,0.973811833171678
8,108,2,5155,5155.0,1.0
8,109,0,4280,5181.0,0.826095348388342
8,109,1,5181,5181.0,1.0
8,109,2,5155,5181.0,0.9949816637714727
8,110,0,4280,5221.0,0.8197663282895997
8,110,1,5181,5221.0,0.9923386324458916
8,110,2,5221,5221.0,1.0
8,111,0,4280,5254.0,0.8146174343357442
8,111,1,5254,5254.0,1.0
8,111,2,5221,5254.0,0.9937190711838599
8,112,0,4280,5286.0,0.8096859629209232
8,112,1,5286,5286.0,1.0
8,112,2,5221,5286.0,0.9877033673855468
8,113,0,4280,5360.0,0.7985074626865671
8,113,1,5286,5360.0,0.9861940298507462
8,113,2,5360,5360.0,1.0
8,114,0,4280,5421.0,0.7895222283711493
8,114,1,5286,5421.0,0.9750968456004427
8,114,2,5421,5421.0,1.0
8,115,0,4280,5458.0,0.7841700256504214
8,115,1,5458,5458.0,1.0
8,115,2,5421,5458.0,0.9932209600586296
8,116,0,4280,5491.0,0.7794572937534147
8,116,1,5458,5491.0,0.9939901657257331
8,116,2,5491,5491.0,1.0
8,117,0,4280,5526.0,0.7745204487875498
8,117,1,5526,5526.0,1.0
8,117,2,5491,5526.0,0.9936663047412233
8,118,0,4280,5563.0,0.769369045479058
8,118,1,5526,5563.0,0.9933489124573072
8,118,2,5563,5563.0,1.0
8,119,0,4280,5617.0,0.7619725832294819
8,119,1,5526,5617.0,0.983799181057504
8,119,2,5617,5617.0,1.0
8,120,0,4280,5659.0,0.7563173705601697
8,120,1,5659,5659.0,1.0
8,120,2,5617,5659.0,0.9925781940272133
8,121,0,4280,5700.0,0.7508771929824561
8,121,1,5700,5700.0,1.0
8,121,2,5617,5700.0,0.9854385964912281
8,122,0,4280,5735.0,0.7462946817785527
8,122,1,5700,5735.0,0.993897122929381
8,122,2,5735,5735.0,1.0
8,123,0,4280,5768.0,0.7420249653259362
8,123,1,5768,5768.0,1.0
8,123,2,5735,5768.0,0.9942787794729542
8,124,0,4280,5818.0,0.7356479889996562
8,124,1,5818,5818.0,1.0
8,124,2,5735,5818.0,0.985733929185287
8,125,0,4280,5860.0,0.7303754266211604
8,125,1,5860,5860.0,1.0
8,125,2,5735,5860.0,0.9786689419795221
8,126,0,4280,5920.0,0.722972972972973
8,126,1,5860,5920.0,0.9898648648648649
8,126,2,5920,5920.0,1.0
8,127,0,4280,5957.0,0.7184824576128924
8,127,1,5957,5957.0,1.0
8,127,2,5920,5957.0,0.9937888198757764
8,128,0,4280,6002.0,0.7130956347884039
8,128,1,6002,6002.0,1.0
8,128,2,5920,6002.0,0.9863378873708764
8,129,0,4280,6044.0,0.7081403044341495
8,129,1,6044,6044.0,1.0
8,129,2,5920,6044.0,0.9794837855724685
8,130,0,4280,6093.0,0.7024454291810274
8,130,1,6093,6093.0,1.0
8,130,2,5920,6093.0,0.9716067618578696
8,131,0,4280,6139.0,0.6971819514578922
8,131,1,6139,6139.0,1.0
8,131,2,5920,6139.0,0.9643264375305425
8,132,0,4280,6187.0,0.691773072571521
8,132,1,6187,6187.0,1.0
8,132,2,5920,6187.0,0.9568449975755616
8,133,0,4280,6230.0,0.6869983948635634
8,133,1,6230,6230.0,1.0
8,133,2,5920,6230.0,0.9502407704654896
8,134,0,4280,6272.0,0.6823979591836735
8,134,1,6272,6272.0,1.0
8,134,2,5920,6272.0,0.9438775510204082
9,1,0,36,36.0,1.0
9,1,1,0,36.0,0.0
9,1,2,0,36.0,0.0
9,2,0,112,112.0,1.0
9,2,1,0,112.0,0.0
9,2,2,0,112.0,0.0
9,3,0,170,170.0,1.0
9,3,1,0,170.0,0.0
9,3,2,0,170.0,0.0
9,4,0,233,233.0,1.0
9,4,1,0,233.0,0.0
9,4,2,0,233.0,0.0
9,5,0,293,293.0,1.0
9,5,1,0,293.0,0.0
9,5,2,0,293.0,0.0
9,6,0,293,306.0,0.9575163398692811
9,6,1,306,306.0,1.0
9,6,2,0,306.0,0.0
9,7,0,368,368.0,1.0
9,7,1,306,368.0,0.8315217391304348
9,7,2,0,368.0,0.0
9,8,0,424,424.0,1.0
9,8,1,306,424.0,0.7216981132075472
9,8,2,0,424.0,0.0
9,9,0,424,459.0,0.9237472766884531
9,9,1,306,459.0,0.6666666666666666
9,9,2,459,459.0,1.0
9,10,0,424,501.0,0.846307385229541
9,10,1,306,501.0,0.6107784431137725
9,10,2,501,501.0,1.0
9,11,0,424,529.0,0.8015122873345936
9,11,1,529,529.0,1.0
9,11,2,501,529.0,0.947069943289225
9,12,0,603,603.0,1.0
9,12,1,529,603.0,0.8772802653399668
9,12,2,501,603.0,0.8308457711442786
9,13,0,675,675.0,1.0
9,13,1,529,675.0,0.7837037037037037
9,13,2,501,675.0,0.7422222222222222
9,14,0,675,715.0,0.9440559440559441
9,14,1,715,715.0,1.0
9,14,2,501,715.0,0.7006993006993008
9,15,0,795,795.0,1.0
9,15,1,715,795.0,0.89937106918239
9,15,2,501,795.0,0.630188679245283
9,16,0,795,825.0,0.9636363636363636
9,16,1,825,825.0,1.0
9,16,2,501,825.0,0.6072727272727273
9,17,0,795,868.0,0.9158986175115207
9,17,1,868,868.0,1.0
9,17,2,501,868.0,0.5771889400921659
9,18,0,795,904.0,0.879424778761062
9,18,1,904,904.0,1.0
9,18,2,501,904.0,0.5542035398230089
9,19,0,795,947.0,0.839493136219641
9,19,1,947,947.0,1.0
9,19,2,501,947.0,0.529039070749736
9,20,0,795,990.0,0.803030303030303
9,20,1,947,990.0,0.9565656565656566
9,20,2,990,990.0,1.0
9,21,0,795,1032.0,0.7703488372093024
9,21,1,947,1032.0,0.9176356589147286
9,21,2,1032,1032.0,1.0
9,22,0,1097,1097.0,1.0
9,22,1,947,1097.0,0.8632634457611669
9,22,2,1032,1097.0,0.9407474931631723
9,23,0,1178,1178.0,1.0
9,23,1,947,1178.0,0.8039049235993209
9,23,2,1032,1178.0,0.8760611205432938
9,24,0,1237,1237.0,1.0
9,24,1,947,1237.0,0.7655618431689571
9,24,2,1032,1237.0,0.8342764753435732
9,25,0,1237,1290.0,0.9589147286821705
9,25,1,947,1290.0,0.734108527131783
9,25,2,1290,1290.0,1.0
9,26,0,1237,1363.0,0.9075568598679383
9,26,1,947,1363.0,0.6947909024211298
9,26,2,1363,1363.0,1.0
9,27,0,1237,1408.0,0.8785511363636364
9,27,1,1408,1408.0,1.0
9,27,2,1363,1408.0,0.9680397727272727
9,28,0,1474,1474.0,1.0
9,28,1,1408,1474.0,0.9552238805970149
9,28,2,1363,1474.0,0.9246947082767978
9,29,0,1474,1513.0,0.9742233972240582
9,29,1,1408,1513.0,0.930601454064772
9,29,2,1513,1513.0,1.0
9,30,0,1474,1552.0,0.9497422680412371
9,30,1,1408,1552.0,0.9072164948453608
9,30,2,1552,1552.0,1.0
9,31,0,1474,1608.0,0.9166666666666666
9,31,1,1408,1608.0,0.8756218905472637
9,31,2,1608,1608.0,1.0
9,32,0,1474,1651.0,0.8927922471229558
9,32,1,1651,1651.0,1.0
9,32,2,1608,1651.0,0.9739551786795881
9,33,0,1474,1707.0,0.8635032220269478
9,33,1,1651,1707.0,0.9671939074399531
9,33,2,1707,1707.0,1.0
9,34,0,1474,1747.0,0.8437321121923297
9,34,1,1747,1747.0,1.0
9,34,2,1707,1747.0,0.9771036061820263
9,35,0,1474,1793.0,0.8220858895705522
9,35,1,1793,1793.0,1.0
9,35,2,1707,1793.0,0.9520356943669828
9,36,0,1474,1829.0,0.8059048660470203
9,36,1,1829,1829.0,1.0
9,36,2,1707,1829.0,0.9332968835429196
9,37,0,1888,1888.0,1.0
9,37,1,1829,1888.0,0.96875
9,37,2,1707,1888.0,0.9041313559322034
9,38,0,1888,1923.0,0.9817992719708788
9,38,1,1923,1923.0,1.0
9,38,2,1707,1923.0,0.8876755070202809
9,39,0,1978,1978.0,1.0
9,39,1,1923,1978.0,0.9721941354903944
9,39,2,1707,1978.0,0.8629929221435794
9,40,0,1978,2016.0,0.9811507936507936
9,40,1,2016,2016.0,1.0
9,40,2,1707,2016.0,0.8467261904761905
9,41,0,1978,2072.0,0.9546332046332047
9,41,1,2016,2072.0,0.972972972972973
9,41,2,2072,2072.0,1.0
9,42,0,1978,2102.0,0.9410085632730733
9,42,1,2102,2102.0,1.0
9,42,2,2072,2102.0,0.9857278782112274
9,43,0,1978,2139.0,0.9247311827956989
9,43,1,2139,2139.0,1.0
9,43,2,2072,2139.0,0.9686769518466574
9,44,0,2219,2219.0,1.0
9,44,1,2139,2219.0,0.9639477242000901
9,44,2,2072,2219.0,0.9337539432176656
9,45,0,2219,2260.0,0.981858407079646
9,45,1,2260,2260.0,1.0
9,45,2,2072,2260.0,0.9168141592920354
9,46,0,2219,2296.0,0.9664634146341463
9,46,1,2296,2296.0,1.0
9,46,2,2072,2296.0,0.9024390243902439
9,47,0,2219,2336.0,0.9499143835616438
9,47,1,2296,2336.0,0.9828767123287672
9,47,2,2336,2336.0,1.0
9,48,0,2219,2369.0,0.9366821443647109
9,48,1,2369,2369.0,1.0
9,48,2,2336,2369.0,0.9860700717602364
9,49,0,2219,2414.0,0.9192212096106048
9,49,1,2414,2414.0,1.0
9,49,2,2336,2414.0,0.9676884838442419
9,50,0,2219,2464.0,0.9005681818181818
9,50,1,2464,2464.0,1.0
9,50,2,2336,2464.0,0.948051948051948
9,51,0,2219,2508.0,0.8847687400318979
9,51,1,2464,2508.0,0.9824561403508771
9,51,2,2508,2508.0,1.0
9,52,0,2219,2577.0,0.8610787737679473
9,52,1,2464,2577.0,0.956150562669771
9,52,2,2577,2577.0,1.0
9,53,0,2219,2612.0,0.849540581929556
9,53,1,2612,2612.0,1.0
9,53,2,2577,2612.0,0.9866003062787136
9,54,0,2219,2656.0,0.8354668674698795
9,54,1,2656,2656.0,1.0
9,54,2,2577,2656.0,0.9702560240963856
9,55,0,2219,2720.0,0.8158088235294118
9,55,1,2656,2720.0,0.9764705882352941
9,55,2,2720,2720.0,1.0
9,56,0,2791,2791.0,1.0
9,56,1,2656,2791.0,0.9516302400573271
9,56,2,2720,2791.0,0.974561089215335
9,57,0,2791,2846.0,0.9806746310611384
9,57,1,2656,2846.0,0.9332396345748419
9,57,2,2846,2846.0,1.0
9,58,0,2791,2901.0,0.9620820406756291
9,58,1,2656,2901.0,0.9155463633229921
9,58,2,2901,2901.0,1.0
9,59,0,2791,2938.0,0.9499659632402995
9,59,1,2656,2938.0,0.9040163376446563
9,59,2,2938,2938.0,1.0
9,60,0,2791,2981.0,0.9362629989936263
9,60,1,2981,2981.0,1.0
9,60,2,2938,2981.0,0.9855753102985575
9,61,0,2791,3016.0,0.9253978779840849
9,61,1,3016,3016.0,1.0
9,61,2,2938,3016.0,0.9741379310344828
9,62,0,2791,3089.0,0.9035286500485594
9,62,1,3016,3089.0,0.9763677565555196
9,62,2,3089,3089.0,1.0
9,63,0,2791,3125.0,0.89312
9,63,1,3016,3125.0,0.96512
9,63,2,3125,3125.0,1.0
9,64,0,2791,3198.0,0.8727329580988118
9,64,1,3016,3198.0,0.943089430894309
9,64,2,3198,3198.0,1.0
9,65,0,2791,3261.0,0.8558724317693959
9,65,1,3016,3261.0,0.9248696718797915
9,65,2,3261,3261.0,1.0
9,66,0,2791,3331.0,0.837886520564395
9,66,1,3016,3331.0,0.9054338036625638
9,66,2,3331,3331.0,1.0
9,67,0,2791,3382.0,0.8252513305736251
9,67,1,3016,3382.0,0.8917800118273211
9,67,2,3382,3382.0,1.0
9,68,0,2791,3446.0,0.809924550203134
9,68,1,3016,3446.0,0.8752176436448056
9,68,2,3446,3446.0,1.0
9,69,0,2791,3496.0,0.7983409610983981
9,69,1,3496,3496.0,1.0
9,69,2,3446,3496.0,0.9856979405034325
9,70,0,2791,3538.0,0.788863764838892
9,70,1,3538,3538.0,1.0
9,70,2,3446,3538.0,0.9739966082532504
9,71,0,2791,3583.0,0.7789561819704158
9,71,1,3583,3583.0,1.0
9,71,2,3446,3583.0,0.9617638850125593
9,72,0,2791,3651.0,0.7644480964119419
9,72,1,3583,3651.0,0.9813749657628047
9,72,2,3651,3651.0,1.0
9,73,0,2791,3688.0,0.7567787418655098
9,73,1,3583,3688.0,0.971529284164859
9,73,2,3688,3688.0,1.0
9,74,0,2791,3726.0,0.7490606548577563
9,74,1,3726,3726.0,1.0
9,74,2,3688,3726.0,0.989801395598497
9,75,0,2791,3780.0,0.7383597883597883
9,75,1,3726,3780.0,0.9857142857142858
9,75,2,3780,3780.0,1.0
9,76,0,2791,3813.0,0.7319695777602937
9,76,1,3813,3813.0,1.0
9,76,2,3780,3813.0,0.991345397324941
9,77,0,2791,3853.0,0.7243706202958733
9,77,1,3813,3853.0,0.9896184791071893
9,77,2,3853,3853.0,1.0
9,78,0,2791,3902.0,0.7152742183495643
9,78,1,3902,3902.0,1.0
9,78,2,3853,3902.0,0.9874423372629421
9,79,0,2791,3952.0,0.7062246963562753
9,79,1,3952,3952.0,1.0
9,79,2,3853,3952.0,0.9749493927125507
9,80,0,2791,3995.0,0.6986232790988736
9,80,1,3995,3995.0,1.0
9,80,2,3853,3995.0,0.9644555694618273
9,81,0,2791,4027.0,0.6930717655823193
9,81,1,4027,4027.0,1.0
9,81,2,3853,4027.0,0.9567916563198411
9,82,0,2791,4069.0,0.6859179159498648
9,82,1,4069,4069.0,1.0
9,82,2,3853,4069.0,0.9469157041042026
9,83,0,2791,4102.0,0.6803998049731839
9,83,1,4102,4102.0,1.0
9,83,2,3853,4102.0,0.939297903461726
9,84,0,2791,4135.0,0.6749697702539299
9,84,1,4135,4135.0,1.0
9,84,2,3853,4135.0,0.93180169286578
9,85,0,2791,4178.0,0.6680229775011968
9,85,1,4178,4178.0,1.0
9,85,2,3853,4178.0,0.9222115844901867
9,86,0,2791,4215.0,0.662158956109134
9,86,1,4215,4215.0,1.0
9,86,2,3853,4215.0,0.9141162514827995
9,87,0,2791,4249.0,0.6568604377500589
9,87,1,4249,4249.0,1.0
9,87,2,3853,4249.0,0.9068016003765592
9,88,0,2791,4280.0,0.6521028037383177
9,88,1,4280,4280.0,1.0
9,88,2,3853,4280.0,0.900233644859813
9,89,0,2791,4320.0,0.6460648148148148
9,89,1,4320,4320.0,1.0
9,89,2,3853,4320.0,0.8918981481481482
9,90,0,2791,4358.0,0.6404313905461221
9,90,1,4358,4358.0,1.0
9,90,2,3853,4358.0,0.8841211564938045
9,91,0,2791,4424.0,0.630877034358047
9,91,1,4358,4424.0,0.9850813743218807
9,91,2,4424,4424.0,1.0
9,92,0,2791,4461.0,0.6256444743331092
9,92,1,4461,4461.0,1.0
9,92,2,4424,4461.0,0.9917058955391168
9,93,0,2791,4503.0,0.6198090162114146
9,93,1,4503,4503.0,1.0
9,93,2,4424,4503.0,0.9824561403508771
9,94,0,2791,4544.0,0.6142165492957746
9,94,1,4544,4544.0,1.0
9,94,2,4424,4544.0,0.9735915492957746
9,95,0,2791,4577.0,0.6097880707887262
9,95,1,4544,4577.0,0.9927900371422329
9,95,2,4577,4577.0,1.0
9,96,0,2791,4621.0,0.603981822116425
9,96,1,4621,4621.0,1.0
9,96,2,4577,4621.0,0.9904782514607228
9,97,0,2791,4662.0,0.5986700986700987
9,97,1,4621,4662.0,0.9912054912054912
9,97,2,4662,4662.0,1.0
9,98,0,2791,4719.0,0.5914388641661369
9,98,1,4621,4719.0,0.9792328883237974
9,98,2,4719,4719.0,1.0
9,99,0,2791,4769.0,0.5852379953868736
9,99,1,4769,4769.0,1.0
9,99,2,4719,4769.0,0.9895156217236318
9,100,0,2791,4810.0,0.5802494802494802
9,100,1,4810,4810.0,1.0
9,100,2,4719,4810.0,0.981081081081081
9,101,0,2791,4848.0,0.5757013201320133
9,101,1,4848,4848.0,1.0
9,101,2,4719,4848.0,0.9733910891089109
9,102,0,2791,4892.0,0.5705233033524121
9,102,1,4892,4892.0,1.0
9,102,2,4719,4892.0,0.9646361406377759
9,103,0,2791,4937.0,0.5653230706907029
9,103,1,4937,4937.0,1.0
9,103,2,4719,4937.0,0.9558436297346566
9,104,0,2791,4971.0,0.5614564473948903
9,104,1,4971,4971.0,1.0
9,104,2,4719,4971.0,0.9493059746529873
9,105,0,2791,5001.0,0.5580883823235353
9,105,1,5001,5001.0,1.0
9,105,2,4719,5001.0,0.9436112777444511
9,106,0,2791,5042.0,0.553550178500595
9,106,1,5042,5042.0,1.0
9,106,2,4719,5042.0,0.9359381197937326
9,107,0,5113,5113.0,1.0
9,107,1,5042,5113.0,0.9861138274985332
9,107,2,4719,5113.0,0.9229415216115783
9,108,0,5113,5144.0,0.9939735614307932
9,108,1,5144,5144.0,1.0
9,108,2,4719,5144.0,0.9173794712286159
9,109,0,5113,5179.0,0.9872562270708631
9,109,1,5179,5179.0,1.0
9,109,2,4719,5179.0,0.9111797644332883
9,110,0,5113,5219.0,0.9796895957079901
9,110,1,5179,5219.0,0.9923356964935811
9,110,2,5219,5219.0,1.0
9,111,0,5297,5297.0,1.0
9,111,1,5179,5297.0,0.9777232395695676
9,111,2,5219,5297.0,0.9852746837832735
9,112,0,5297,5332.0,0.9934358589647412
9,112,1,5332,5332.0,1.0
9,112,2,5219,5332.0,0.9788072018004501
9,113,0,5297,5382.0,0.9842066146413972
9,113,1,5382,5382.0,1.0
9,113,2,5219,5382.0,0.9697138610182089
9,114,0,5297,5414.0,0.9783893609161434
9,114,1,5414,5414.0,1.0
9,114,2,5219,5414.0,0.9639822681935722
9,115,0,5297,5456.0,0.970857771260997
9,115,1,5456,5456.0,1.0
9,115,2,5219,5456.0,0.9565615835777126
9,116,0,5297,5506.0,0.9620414093715947
9,116,1,5506,5506.0,1.0
9,116,2,5219,5506.0,0.9478750454050127
9,117,0,5297,5546.0,0.9551027767760548
9,117,1,5546,5546.0,1.0
9,117,2,5219,5546.0,0.9410385863685539
9,118,0,5297,5578.0,0.9496235209752599
9,118,1,5578,5578.0,1.0
9,118,2,5219,5578.0,0.9356400143420581
9,119,0,5297,5615.0,0.943365983971505
9,119,1,5578,5615.0,0.9934105075690116
9,119,2,5615,5615.0,1.0
9,120,0,5297,5669.0,0.9343799611924501
9,120,1,5578,5669.0,0.98394778620568
9,120,2,5669,5669.0,1.0
9,121,0,5297,5718.0,0.9263728576425323
9,121,1,5578,5718.0,0.9755159146554739
9,121,2,5718,5718.0,1.0
9,122,0,5297,5760.0,0.9196180555555555
9,122,1,5760,5760.0,1.0
9,122,2,5718,5760.0,0.9927083333333333
9,123,0,5297,5820.0,0.9101374570446735
9,123,1,5760,5820.0,0.9896907216494846
9,123,2,5820,5820.0,1.0
9,124,0,5297,5857.0,0.9043879119002902
9,124,1,5857,5857.0,1.0
9,124,2,5820,5857.0,0.9936827727505549
9,125,0,5297,5894.0,0.8987105531048524
9,125,1,5894,5894.0,1.0
9,125,2,5820,5894.0,0.987444859178826
9,126,0,5297,5943.0,0.8913006898872623
9,126,1,5943,5943.0,1.0
9,126,2,5820,5943.0,0.9793033821302373
9,127,0,5297,5984.0,0.8851938502673797
9,127,1,5943,5984.0,0.9931483957219251
9,127,2,5984,5984.0,1.0
9,128,0,5297,6030.0,0.878441127694859
9,128,1,6030,6030.0,1.0
9,128,2,5984,6030.0,0.9923714759535655
9,129,0,5297,6095.0,0.8690730106644791
9,129,1,6030,6095.0,0.9893355209187858
9,129,2,6095,6095.0,1.0
9,130,0,5297,6164.0,0.859344581440623
9,130,1,6030,6164.0,0.9782608695652174
9,130,2,6164,6164.0,1.0
9,131,0,5297,6212.0,0.8527044430135222
9,131,1,6212,6212.0,1.0
9,131,2,6164,6212.0,0.9922730199613651
9,132,0,5297,6255.0,0.8468425259792166
9,132,1,6255,6255.0,1.0
9,132,2,6164,6255.0,0.9854516386890487
9,133,0,5297,6297.0,0.8411942194695887
9,133,1,6297,6297.0,1.0
9,133,2,6164,6297.0,0.9788788311894553
9,134,0,5297,6332.0,0.8365445356917246
9,134,1,6297,6332.0,0.9944725205306381
9,134,2,6332,6332.0,1.0
10,1,0,32,32.0,1.0
10,1,1,0,32.0,0.0
10,1,2,0,32.0,0.0
10,2,0,91,91.0,1.0
10,2,1,0,91.0,0.0
10,2,2,0,91.0,0.0
10,3,0,91,116.0,0.7844827586206896
10,3,1,116,116.0,1.0
10,3,2,0,116.0,0.0
10,4,0,91,140.0,0.65
10,4,1,116,140.0,0.8285714285714286
10,4,2,140,140.0,1.0
10,5,0,216,216.0,1.0
10,5,1,116,216.0,0.5370370370370371
10,5,2,140,216.0,0.6481481481481481
10,6,0,281,281.0,1.0
10,6,1,116,281.0,0.4128113879003559
10,6,2,140,281.0,0.498220640569395
10,7,0,343,343.0,1.0
10,7,1,116,343.0,0.33819241982507287
10,7,2,140,343.0,0.40816326530612246
10,8,0,418,418.0,1.0
10,8,1,116,418.0,0.27751196172248804
10,8,2,140,418.0,0.3349282296650718
10,9,0,474,474.0,1.0
10,9,1,116,474.0,0.24472573839662448
10,9,2,140,474.0,0.29535864978902954
10,10,0,474,504.0,0.9404761904761905
10,10,1,504,504.0,1.0
10,10,2,140,504.0,0.2777777777777778
10,11,0,474,560.0,0.8464285714285714
10,11,1,504,560.0,0.9
10,11,2,560,560.0,1.0
10,12,0,474,603.0,0.7860696517412935
10,12,1,504,603.0,0.835820895522388
10,12,2,603,603.0,1.0
10,13,0,647,647.0,1.0
10,13,1,504,647.0,0.7789799072642968
10,13,2,603,647.0,0.9319938176197836
10,14,0,647,692.0,0.934971098265896
10,14,1,692,692.0,1.0
10,14,2,603,692.0,0.8713872832369942
10,15,0,773,773.0,1.0
10,15,1,692,773.0,0.8952134540750324
10,15,2,603,773.0,0.7800776196636481
10,16,0,832,832.0,1.0
10,16,1,692,832.0,0.8317307692307693
10,16,2,603,832.0,0.7247596153846154
10,17,0,832,875.0,0.9508571428571428
10,17,1,875,875.0,1.0
10,17,2,603,875.0,0.6891428571428572
10,18,0,832,916.0,0.9082969432314411
10,18,1,916,916.0,1.0
10,18,2,603,916.0,0.6582969432314411
10,19,0,832,959.0,0.867570385818561
10,19,1,959,959.0,1.0
10,19,2,603,959.0,0.6287799791449427
10,20,0,1022,1022.0,1.0
10,20,1,959,1022.0,0.9383561643835616
10,20,2,603,1022.0,0.5900195694716243
10,21,0,1022,1050.0,0.9733333333333334
10,21,1,1050,1050.0,1.0
10,21,2,603,1050.0,0.5742857142857143
10,22,0,1022,1103.0,0.9265639165911151
10,22,1,1050,1103.0,0.9519492293744334
10,22,2,1103,1103.0,1.0
10,23,0,1153,1153.0,1.0
10,23,1,1050,1153.0,0.9106678230702515
10,23,2,1103,1153.0,0.9566348655680833
10,24,0,1204,1204.0,1.0
10,24,1,1050,1204.0,0.872093023255814
10,24,2,1103,1204.0,0.9161129568106312
10,25,0,1204,1244.0,0.9678456591639871
10,25,1,1244,1244.0,1.0
10,25,2,1103,1244.0,0.8866559485530546
10,26,0,1204,1280.0,0.940625
10,26,1,1280,1280.0,1.0
10,26,2,1103,1280.0,0.86171875
10,27,0,1204,1353.0,0.8898743532889875
10,27,1,1280,1353.0,0.9460458240946046
10,27,2,1353,1353.0,1.0
10,28,0,1204,1409.0,0.8545067423704755
10,28,1,1280,1409.0,0.9084457061745919
10,28,2,1409,1409.0,1.0
10,29,0,1204,1446.0,0.8326417704011065
10,29,1,1446,1446.0,1.0
10,29,2,1409,1446.0,0.9744121715076072
10,30,0,1204,1486.0,0.8102288021534321
10,30,1,1446,1486.0,0.9730820995962315
10,30,2,1486,1486.0,1.0
10,31,0,1204,1559.0,0.77228992944195
10,31,1,1446,1559.0,0.927517639512508
10,31,2,1559,1559.0,1.0
10,32,0,1204,1598.0,0.753441802252816
10,32,1,1446,1598.0,0.904881101376721
10,32,2,1598,1598.0,1.0
10,33,0,1204,1653.0,0.7283726557773744
10,33,1,1446,1653.0,0.8747731397459165
10,33,2,1653,1653.0,1.0
10,34,0,1204,1704.0,0.7065727699530516
10,34,1,1446,1704.0,0.8485915492957746
10,34,2,1704,1704.0,1.0
10,35,0,1204,1747.0,0.6891814539210075
10,35,1,1747,1747.0,1.0
10,35,2,1704,1747.0,0.9753863766456783
10,36,0,1204,1797.0,0.6700055648302726
10,36,1,1797,1797.0,1.0
10,36,2,1704,1797.0,0.9482470784641068
10,37,0,1204,1843.0,0.6532826912642431
10,37,1,1843,1843.0,1.0
10,37,2,1704,1843.0,0.9245794899620184
10,38,0,1204,1876.0,0.6417910447761194
10,38,1,1876,1876.0,1.0
10,38,2,1704,1876.0,0.908315565031983
10,39,0,1204,1925.0,0.6254545454545455
10,39,1,1876,1925.0,0.9745454545454545
10,39,2,1925,1925.0,1.0
10,40,0,1980,1980.0,1.0
10,40,1,1876,1980.0,0.9474747474747475
10,40,2,1925,1980.0,0.9722222222222222
10,41,0,1980,2024.0,0.9782608695652174
10,41,1,2024,2024.0,1.0
10,41,2,1925,2024.0,0.9510869565217391
10,42,0,1980,2059.0,0.9616318601262749
10,42,1,2059,2059.0,1.0
10,42,2,1925,2059.0,0.9349198640116562
10,43,0,2117,2117.0,1.0
10,43,1,2059,2117.0,0.9726027397260274
10,43,2,1925,2117.0,0.9093056211620217
10,44,0,2117,2162.0,0.9791859389454209
10,44,1,2059,2162.0,0.952358926919519
10,44,2,2162,2162.0,1.0
10,45,0,2117,2200.0,0.9622727272727273
10,45,1,2200,2200.0,1.0
10,45,2,2162,2200.0,0.9827272727272728
10,46,0,2117,2250.0,0.9408888888888889
10,46,1,2250,2250.0,1.0
10,46,2,2162,2250.0,0.9608888888888889
10,47,0,2117,2286.0,0.926071741032371
10,47,1,2250,2286.0,0.984251968503937
10,47,2,2286,2286.0,1.0
10,48,0,2117,2326.0,0.9101461736887361
10,48,1,2326,2326.0,1.0
10,48,2,2286,2326.0,0.9828030954428203
10,49,0,2117,2381.0,0.8891222175556489
10,49,1,2326,2381.0,0.9769004619907602
10,49,2,2381,2381.0,1.0
10,50,0,2117,2416.0,0.8762417218543046
10,50,1,2416,2416.0,1.0
10,50,2,2381,2416.0,0.9855132450331126
10,51,0,2117,2450.0,0.8640816326530613
10,51,1,2450,2450.0,1.0
10,51,2,2381,2450.0,0.9718367346938775
10,52,0,2117,2487.0,0.8512263771612384
10,52,1,2450,2487.0,0.9851226377161239
10,52,2,2487,2487.0,1.0
10,53,0,2117,2520.0,0.8400793650793651
10,53,1,2520,2520.0,1.0
10,53,2,2487,2520.0,0.986904761904762
10,54,0,2117,2565.0,0.8253411306042885
10,54,1,2565,2565.0,1.0
10,54,2,2487,2565.0,0.9695906432748538
10,55,0,2117,2598.0,0.8148575827559661
10,55,1,2598,2598.0,1.0
10,55,2,2487,2598.0,0.9572748267898383
10,56,0,2117,2667.0,0.7937757780277466
10,56,1,2598,2667.0,0.9741282339707537
10,56,2,2667,2667.0,1.0
10,57,0,2117,2702.0,0.7834937083641746
10,57,1,2702,2702.0,1.0
10,57,2,2667,2702.0,0.9870466321243523
10,58,0,2117,2744.0,0.7715014577259475
10,58,1,2702,2744.0,0.9846938775510204
10,58,2,2744,2744.0,1.0
10,59,0,2809,2809.0,1.0
10,59,1,2702,2809.0,0.9619081523673906
10,59,2,2744,2809.0,0.9768600925596298
10,60,0,2809,2849.0,0.9859599859599859
10,60,1,2849,2849.0,1.0
10,60,2,2744,2849.0,0.9631449631449631
10,61,0,2809,2889.0,0.9723087573554863
10,61,1,2889,2889.0,1.0
10,61,2,2744,2889.0,0.949809622706819
10,62,0,2809,2926.0,0.9600136705399863
10,62,1,2926,2926.0,1.0
10,62,2,2744,2926.0,0.937799043062201
10,63,0,2989,2989.0,1.0
10,63,1,2926,2989.0,0.9789227166276346
10,63,2,2744,2989.0,0.9180327868852459
10,64,0,2989,3025.0,0.988099173553719
10,64,1,3025,3025.0,1.0
10,64,2,2744,3025.0,0.9071074380165289
10,65,0,2989,3066.0,0.9748858447488584
10,65,1,3066,3066.0,1.0
10,65,2,2744,3066.0,0.8949771689497716
10,66,0,2989,3109.0,0.9614023801865552
10,66,1,3109,3109.0,1.0
10,66,2,2744,3109.0,0.882598906400772
10,67,0,2989,3153.0,0.9479860450364732
10,67,1,3109,3153.0,0.9860450364732001
10,67,2,3153,3153.0,1.0
10,68,0,2989,3221.0,0.9279726792921453
10,68,1,3109,3221.0,0.9652281900031047
10,68,2,3221,3221.0,1.0
10,69,0,2989,3263.0,0.9160281949126571
10,69,1,3109,3263.0,0.9528041679436102
10,69,2,3263,3263.0,1.0
10,70,0,2989,3319.0,0.9005724615848147
10,70,1,3109,3319.0,0.9367279300994276
10,70,2,3319,3319.0,1.0
10,71,0,2989,3388.0,0.8822314049586777
10,71,1,3109,3388.0,0.9176505312868949
10,71,2,3388,3388.0,1.0
10,72,0,2989,3433.0,0.8706670550538887
10,72,1,3109,3433.0,0.9056219050393242
10,72,2,3433,3433.0,1.0
10,73,0,2989,3469.0,0.8616315941193428
10,73,1,3469,3469.0,1.0
10,73,2,3433,3469.0,0.9896223695589507
10,74,0,2989,3513.0,0.8508397381155708
10,74,1,3513,3513.0,1.0
10,74,2,3433,3513.0,0.977227440933675
10,75,0,2989,3543.0,0.8436353372847869
10,75,1,3543,3543.0,1.0
10,75,2,3433,3543.0,0.9689528648038386
10,76,0,2989,3580.0,0.8349162011173185
10,76,1,3543,3580.0,0.9896648044692737
10,76,2,3580,3580.0,1.0
10,77,0,2989,3621.0,0.8254625793979564
10,77,1,3543,3621.0,0.9784589892294946
10,77,2,3621,3621.0,1.0
10,78,0,2989,3691.0,0.8098076402059062
10,78,1,3543,3691.0,0.9599024654565158
10,78,2,3691,3691.0,1.0
10,79,0,2989,3734.0,0.8004820567755758
10,79,1,3734,3734.0,1.0
10,79,2,3691,3734.0,0.9884841992501339
10,80,0,2989,3807.0,0.7851326503808773
10,80,1,3734,3807.0,0.9808247964276333
10,80,2,3807,3807.0,1.0
10,81,0,2989,3839.0,0.7785881740036468
10,81,1,3839,3839.0,1.0
10,81,2,3807,3839.0,0.9916644959624902
10,82,0,2989,3882.0,0.7699639361154045
10,82,1,3882,3882.0,1.0
10,82,2,3807,3882.0,0.9806800618238022
10,83,0,2989,3924.0,0.7617227319062182
10,83,1,3924,3924.0,1.0
10,83,2,3807,3924.0,0.9701834862385321
10,84,0,2989,3990.0,0.7491228070175439
10,84,1,3924,3990.0,0.9834586466165414
10,84,2,3990,3990.0,1.0
10,85,0,2989,4058.0,0.7365697387875801
10,85,1,3924,4058.0,0.9669788072942336
10,85,2,4058,4058.0,1.0
10,86,0,2989,4098.0,0.7293801854563201
10,86,1,4098,4098.0,1.0
10,86,2,4058,4098.0,0.9902391410444119
10,87,0,2989,4132.0,0.723378509196515
10,87,1,4132,4132.0,1.0
10,87,2,4058,4132.0,0.9820909970958374
10,88,0,2989,4196.0,0.7123450905624404
10,88,1,4132,4196.0,0.9847473784556721
10,88,2,4196,4196.0,1.0
10,89,0,2989,4234.0,0.7059518186112423
10,89,1,4234,4234.0,1.0
10,89,2,4196,4234.0,0.9910250354274918
10,90,0,2989,4283.0,0.6978753210366565
10,90,1,4283,4283.0,1.0
10,90,2,4196,4283.0,0.9796871351856176
10,91,0,2989,4321.0,0.6917380236056468
10,91,1,4321,4321.0,1.0
10,91,2,4196,4321.0,0.9710715112242536
10,92,0,2989,4371.0,0.6838252116220545
10,92,1,4371,4371.0,1.0
10,92,2,4196,4371.0,0.9599633951040951
10,93,0,2989,4421.0,0.6760913820402624
10,93,1,4421,4421.0,1.0
10,93,2,4196,4421.0,0.9491065369825831
10,94,0,2989,4471.0,0.6685305300827555
10,94,1,4471,4471.0,1.0
10,94,2,4196,4471.0,0.9384925072690673
10,95,0,2989,4513.0,0.6623088854420562
10,95,1,4513,4513.0,1.0
10,95,2,4196,4513.0,0.9297584755151784
10,96,0,2989,4557.0,0.6559139784946236
10,96,1,4557,4557.0,1.0
10,96,2,4196,4557.0,0.9207812157120913
10,97,0,2989,4590.0,0.6511982570806101
10,97,1,4557,4590.0,0.9928104575163399
10,97,2,4590,4590.0,1.0
10,98,0,2989,4631.0,0.6454329518462535
10,98,1,4631,4631.0,1.0
10,98,2,4590,4631.0,0.9911466206003023
10,99,0,2989,4668.0,0.6403170522707797
10,99,1,4668,4668.0,1.0
10,99,2,4590,4668.0,0.9832904884318766
10,100,0,2989,4701.0,0.6358221654967028
10,100,1,4701,4701.0,1.0
10,100,2,4590,4701.0,0.9763880025526483
10,101,0,4777,4777.0,1.0
10,101,1,4701,4777.0,0.9840904333263555
10,101,2,4590,4777.0,0.9608540925266904
10,102,0,4777,4819.0,0.9912844988586844
10,102,1,4819,4819.0,1.0
10,102,2,4590,4819.0,0.9524797675866362
10,103,0,4777,4860.0,0.9829218106995885
10,103,1,4860,4860.0,1.0
10,103,2,4590,4860.0,0.9444444444444444
10,104,0,4777,4905.0,0.9739041794087666
10,104,1,4905,4905.0,1.0
10,104,2,4590,4905.0,0.9357798165137615
10,105,0,4777,4936.0,0.9677876823338736
10,105,1,4936,4936.0,1.0
10,105,2,4590,4936.0,0.929902755267423
10,106,0,4777,4969.0,0.9613604346951097
10,106,1,4969,4969.0,1.0
10,106,2,4590,4969.0,0.9237271080700342
10,107,0,4777,4995.0,0.9563563563563564
10,107,1,4995,4995.0,1.0
10,107,2,4590,4995.0,0.918918918918919
10,108,0,4777,5027.0,0.950268549830913
10,108,1,5027,5027.0,1.0
10,108,2,4590,5027.0,0.913069425104436
10,109,0,4777,5076.0,0.9410953506698188
10,109,1,5027,5076.0,0.9903467297084318
10,109,2,5076,5076.0,1.0
10,110,0,5147,5147.0,1.0
10,110,1,5027,5147.0,0.9766854478336895
10,110,2,5076,5147.0,0.9862055566349329
10,111,0,5147,5180.0,0.9936293436293436
10,111,1,5180,5180.0,1.0
10,111,2,5076,5180.0,0.9799227799227799
10,112,0,5147,5232.0,0.9837538226299695
10,112,1,5180,5232.0,0.9900611620795107
10,112,2,5232,5232.0,1.0
10,113,0,5147,5267.0,0.9772166318587431
10,113,1,5267,5267.0,1.0
10,113,2,5232,5267.0,0.9933548509588
10,114,0,5147,5304.0,0.9703996983408748
10,114,1,5267,5304.0,0.9930241327300151
10,114,2,5304,5304.0,1.0
10,115,0,5147,5344.0,0.9631362275449101
10,115,1,5267,5344.0,0.9855913173652695
10,115,2,5344,5344.0,1.0
10,116,0,5147,5398.0,0.9535012967765839
10,116,1,5267,5398.0,0.9757317525009263
10,116,2,5398,5398.0,1.0
10,117,0,5469,5469.0,1.0
10,117,1,5267,5469.0,0.9630645456207716
10,117,2,5398,5469.0,0.9870177363320534
10,118,0,5469,5501.0,0.9941828758407563
10,118,1,5501,5501.0,1.0
10,118,2,5398,5501.0,0.9812761316124341
10,119,0,5469,5536.0,0.9878973988439307
10,119,1,5536,5536.0,1.0
10,119,2,5398,5536.0,0.9750722543352601
10,120,0,5469,5586.0,0.9790547798066596
10,120,1,5586,5586.0,1.0
10,120,2,5398,5586.0,0.966344432509846
10,121,0,5469,5623.0,0.9726124844389116
10,121,1,5623,5623.0,1.0
10,121,2,5398,5623.0,0.9599857727191891
10,122,0,5469,5660.0,0.9662544169611308
10,122,1,5660,5660.0,1.0
10,122,2,5398,5660.0,0.9537102473498233
10,123,0,5469,5709.0,0.9579611140304782
10,123,1,5709,5709.0,1.0
10,123,2,5398,5709.0,0.9455246102644946
10,124,0,5469,5751.0,0.9509650495565989
10,124,1,5751,5751.0,1.0
10,124,2,5398,5751.0,0.9386193705442532
10,125,0,5469,5793.0,0.944070429829104
10,125,1,5793,5793.0,1.0
10,125,2,5398,5793.0,0.931814258587951
10,126,0,5469,5853.0,0.9343926191696565
10,126,1,5793,5853.0,0.9897488467452589
10,126,2,5853,5853.0,1.0
10,127,0,5469,5894.0,0.9278927723108246
10,127,1,5793,5894.0,0.9828639294197489
10,127,2,5894,5894.0,1.0
10,128,0,5469,5959.0,0.9177714381607652
10,128,1,5793,5959.0,0.9721429770095653
10,128,2,5959,5959.0,1.0
10,129,0,5469,6028.0,0.9072660915726609
10,129,1,5793,6028.0,0.9610152621101526
10,129,2,6028,6028.0,1.0
10,130,0,5469,6074.0,0.9003951267698387
10,130,1,6074,6074.0,1.0
10,130,2,6028,6074.0,0.9924267369114258
10,131,0,5469,6122.0,0.8933355112708266
10,131,1,6122,6122.0,1.0
10,131,2,6028,6122.0,0.9846455406729827
10,132,0,5469,6157.0,0.8882572681500731
10,132,1,6122,6157.0,0.9943154133506578
10,132,2,6157,6157.0,1.0
10,133,0,5469,6200.0,0.8820967741935484
10,133,1,6200,6200.0,1.0
10,133,2,6157,6200.0,0.9930645161290322
10,134,0,5469,6242.0,0.8761614867029798
10,134,1,6242,6242.0,1.0
10,134,2,6157,6242.0,0.9863825696892021
11,1,0,36,36.0,1.0
11,1,1,0,36.0,0.0
11,1,2,0,36.0,0.0
11,2,0,110,110.0,1.0
11,2,1,0,110.0,0.0
11,2,2,0,110.0,0.0
11,3,0,182,182.0,1.0
11,3,1,0,182.0,0.0
11,3,2,0,182.0,0.0
11,4,0,182,195.0,0.9333333333333333
11,4,1,195,195.0,1.0
11,4,2,0,195.0,0.0
11,5,0,246,246.0,1.0
11,5,1,195,246.0,0.7926829268292683
11,5,2,0,246.0,0.0
11,6,0,294,294.0,1.0
11,6,1,195,294.0,0.6632653061224489
11,6,2,0,294.0,0.0
11,7,0,375,375.0,1.0
11,7,1,195,375.0,0.52
11,7,2,0,375.0,0.0
11,8,0,451,451.0,1.0
11,8,1,195,451.0,0.43237250554323725
11,8,2,0,451.0,0.0
11,9,0,495,495.0,1.0
11,9,1,195,495.0,0.3939393939393939
11,9,2,0,495.0,0.0
11,10,0,573,573.0,1.0
11,10,1,195,573.0,0.3403141361256545
11,10,2,0,573.0,0.0
11,11,0,573,613.0,0.9347471451876019
11,11,1,613,613.0,1.0
11,11,2,0,613.0,0.0
11,12,0,654,654.0,1.0
11,12,1,613,654.0,0.9373088685015291
11,12,2,0,654.0,0.0
11,13,0,719,719.0,1.0
11,13,1,613,719.0,0.8525730180806675
11,13,2,0,719.0,0.0
11,14,0,719,764.0,0.9410994764397905
11,14,1,764,764.0,1.0
11,14,2,0,764.0,0.0
11,15,0,719,802.0,0.8965087281795511
11,15,1,764,802.0,0.9526184538653366
11,15,2,802,802.0,1.0
11,16,0,719,845.0,0.850887573964497
11,16,1,845,845.0,1.0
11,16,2,802,845.0,0.9491124260355029
11,17,0,719,894.0,0.8042505592841164
11,17,1,845,894.0,0.9451901565995525
11,17,2,894,894.0,1.0
11,18,0,719,933.0,0.7706323687031083
11,18,1,845,933.0,0.9056806002143623
11,18,2,933,933.0,1.0
11,19,0,719,1006.0,0.7147117296222664
11,19,1,845,1006.0,0.8399602385685885
11,19,2,1006,1006.0,1.0
11,20,0,719,1036.0,0.694015444015444
11,20,1,1036,1036.0,1.0
11,20,2,1006,1036.0,0.971042471042471
11,21,0,719,1092.0,0.6584249084249084
11,21,1,1036,1092.0,0.9487179487179487
11,21,2,1092,1092.0,1.0
11,22,0,1152,1152.0,1.0
11,22,1,1036,1152.0,0.8993055555555556
11,22,2,1092,1152.0,0.9479166666666666
11,23,0,1152,1195.0,0.9640167364016736
11,23,1,1195,1195.0,1.0
11,23,2,1092,1195.0,0.9138075313807531
11,24,0,1152,1223.0,0.9419460343417825
11,24,1,1223,1223.0,1.0
11,24,2,1092,1223.0,0.892886345053148
11,25,0,1278,1278.0,1.0
11,25,1,1223,1278.0,0.956964006259781
11,25,2,1092,1278.0,0.8544600938967136
11,26,0,1278,1318.0,0.9696509863429439
11,26,1,1318,1318.0,1.0
11,26,2,1092,1318.0,0.8285280728376327
11,27,0,1278,1357.0,0.941783345615328
11,27,1,1318,1357.0,0.9712601326455417
11,27,2,1357,1357.0,1.0
11,28,0,1278,1392.0,0.9181034482758621
11,28,1,1392,1392.0,1.0
11,28,2,1357,1392.0,0.9748563218390804
11,29,0,1278,1465.0,0.8723549488054607
11,29,1,1392,1465.0,0.9501706484641638
11,29,2,1465,1465.0,1.0
11,30,0,1278,1508.0,0.8474801061007957
11,30,1,1392,1508.0,0.9230769230769231
11,30,2,1508,1508.0,1.0
11,31,0,1278,1538.0,0.8309492847854356
11,31,1,1538,1538.0,1.0
11,31,2,1508,1538.0,0.9804941482444733
11,32,0,1278,1594.0,0.8017565872020075
11,32,1,1538,1594.0,0.9648682559598495
11,32,2,1594,1594.0,1.0
11,33,0,1278,1649.0,0.7750151607034567
11,33,1,1538,1649.0,0.9326864766525167
11,33,2,1649,1649.0,1.0
11,34,0,1278,1686.0,0.7580071174377224
11,34,1,1686,1686.0,1.0
11,34,2,1649,1686.0,0.9780545670225386
11,35,0,1278,1736.0,0.7361751152073732
11,35,1,1736,1736.0,1.0
11,35,2,1649,1736.0,0.9498847926267281
11,36,0,1278,1779.0,0.718381112984823
11,36,1,1779,1779.0,1.0
11,36,2,1649,1779.0,0.9269252388982574
11,37,0,1278,1819.0,0.702583837273227
11,37,1,1779,1819.0,0.9780098955470038
11,37,2,1819,1819.0,1.0
11,38,0,1278,1869.0,0.6837881219903692
11,38,1,1779,1869.0,0.9518459069020867
11,38,2,1869,1869.0,1.0
11,39,0,1949,1949.0,1.0
11,39,1,1779,1949.0,0.9127757824525398
11,39,2,1869,1949.0,0.9589533093894305
11,40,0,2007,2007.0,1.0
11,40,1,1779,2007.0,0.8863976083707026
11,40,2,1869,2007.0,0.9312406576980568
11,41,0,2007,2043.0,0.9823788546255506
11,41,1,2043,2043.0,1.0
11,41,2,1869,2043.0,0.9148311306901615
11,42,0,2007,2093.0,0.9589106545628284
11,42,1,2043,2093.0,0.9761108456760631
11,42,2,2093,2093.0,1.0
11,43,0,2007,2135.0,0.9400468384074941
11,43,1,2043,2135.0,0.9569086651053864
11,43,2,2135,2135.0,1.0
11,44,0,2191,2191.0,1.0
11,44,1,2043,2191.0,0.9324509356458238
11,44,2,2135,2191.0,0.9744408945686901
11,45,0,2191,2226.0,0.9842767295597484
11,45,1,2226,2226.0,1.0
11,45,2,2135,2226.0,0.9591194968553459
11,46,0,2191,2260.0,0.9694690265486726
11,46,1,2260,2260.0,1.0
11,46,2,2135,2260.0,0.9446902654867256
11,47,0,2191,2297.0,0.9538528515454942
11,47,1,2260,2297.0,0.9838920330866348
11,47,2,2297,2297.0,1.0
11,48,0,2191,2343.0,0.9351259069568929
11,48,1,2343,2343.0,1.0
11,48,2,2297,2343.0,0.980367050789586
11,49,0,2191,2376.0,0.9221380471380471
11,49,1,2376,2376.0,1.0
11,49,2,2297,2376.0,0.9667508417508418
11,50,0,2191,2417.0,0.9064956557716177
11,50,1,2417,2417.0,1.0
11,50,2,2297,2417.0,0.9503516756309475
11,51,0,2191,2453.0,0.8931920097839381
11,51,1,2453,2453.0,1.0
11,51,2,2297,2453.0,0.9364044027721158
11,52,0,2518,2518.0,1.0
11,52,1,2453,2518.0,0.9741858617950755
11,52,2,2297,2518.0,0.9122319301032565
11,53,0,2518,2562.0,0.9828259172521467
11,53,1,2562,2562.0,1.0
11,53,2,2297,2562.0,0.8965651834504293
11,54,0,2518,2597.0,0.9695802849441664
11,54,1,2597,2597.0,1.0
11,54,2,2297,2597.0,0.8844820947246823
11,55,0,2518,2642.0,0.9530658591975776
11,55,1,2642,2642.0,1.0
11,55,2,2297,2642.0,0.8694171082513248
11,56,0,2518,2678.0,0.9402539208364451
11,56,1,2642,2678.0,0.9865571321882002
11,56,2,2678,2678.0,1.0
11,57,0,2518,2720.0,0.9257352941176471
11,57,1,2720,2720.0,1.0
11,57,2,2678,2720.0,0.9845588235294118
11,58,0,2518,2753.0,0.9146385760988013
11,58,1,2753,2753.0,1.0
11,58,2,2678,2753.0,0.9727569923719579
11,59,0,2518,2798.0,0.899928520371694
11,59,1,2798,2798.0,1.0
11,59,2,2678,2798.0,0.9571122230164403
11,60,0,2842,2842.0,1.0
11,60,1,2798,2842.0,0.9845179451090781
11,60,2,2678,2842.0,0.9422941590429276
11,61,0,2842,2882.0,0.9861207494795281
11,61,1,2882,2882.0,1.0
11,61,2,2678,2882.0,0.9292158223455933
11,62,0,2842,2919.0,0.973621103117506
11,62,1,2919,2919.0,1.0
11,62,2,2678,2919.0,0.9174374785885577
11,63,0,2842,2976.0,0.9549731182795699
11,63,1,2919,2976.0,0.9808467741935484
11,63,2,2976,2976.0,1.0
11,64,0,2842,3014.0,0.9429329794293297
11,64,1,3014,3014.0,1.0
11,64,2,2976,3014.0,0.9873921698739216
11,65,0,2842,3053.0,0.9308876514903374
11,65,1,3053,3053.0,1.0
11,65,2,2976,3053.0,0.9747789059941041
11,66,0,2842,3090.0,0.9197411003236245
11,66,1,3090,3090.0,1.0
11,66,2,2976,3090.0,0.9631067961165048
11,67,0,2842,3133.0,0.9071177784870731
11,67,1,3133,3133.0,1.0
11,67,2,2976,3133.0,0.949888285987871
11,68,0,2842,3201.0,0.8878475476413621
11,68,1,3133,3201.0,0.978756638550453
11,68,2,3201,3201.0,1.0
11,69,0,2842,3234.0,0.8787878787878788
11,69,1,3234,3234.0,1.0
11,69,2,3201,3234.0,0.9897959183673469
11,70,0,2842,3279.0,0.8667276608722171
11,70,1,3234,3279.0,0.9862763037511436
11,70,2,3279,3279.0,1.0
11,71,0,2842,3321.0,0.8557663354411322
11,71,1,3321,3321.0,1.0
11,71,2,3279,3321.0,0.987353206865402
11,72,0,2842,3390.0,0.8383480825958702
11,72,1,3321,3390.0,0.9796460176991151
11,72,2,3390,3390.0,1.0
11,73,0,2842,3431.0,0.8283299329641504
11,73,1,3431,3431.0,1.0
11,73,2,3390,3431.0,0.9880501311570971
11,74,0,2842,3471.0,0.818784212042639
11,74,1,3431,3471.0,0.9884759435321233
11,74,2,3471,3471.0,1.0
11,75,0,2842,3513.0,0.8089951608311984
11,75,1,3431,3513.0,0.9766581269570168
11,75,2,3513,3513.0,1.0
11,76,0,2842,3549.0,0.8007889546351085
11,76,1,3549,3549.0,1.0
11,76,2,3513,3549.0,0.9898562975486053
11,77,0,2842,3579.0,0.7940765576976809
11,77,1,3579,3579.0,1.0
11,77,2,3513,3579.0,0.9815590947191953
11,78,0,2842,3610.0,0.7872576177285319
11,78,1,3610,3610.0,1.0
11,78,2,3513,3610.0,0.9731301939058171
11,79,0,2842,3647.0,0.7792706333973128
11,79,1,3610,3647.0,0.9898546750754045
11,79,2,3647,3647.0,1.0
11,80,0,2842,3690.0,0.770189701897019
11,80,1,3690,3690.0,1.0
11,80,2,3647,3690.0,0.9883468834688347
11,81,0,2842,3759.0,0.7560521415270018
11,81,1,3690,3759.0,0.9816440542697525
11,81,2,3759,3759.0,1.0
11,82,0,2842,3810.0,0.7459317585301837
11,82,1,3690,3810.0,0.968503937007874
11,82,2,3810,3810.0,1.0
11,83,0,2842,3843.0,0.7395264116575592
11,83,1,3843,3843.0,1.0
11,83,2,3810,3843.0,0.9914129586260734
11,84,0,2842,3886.0,0.7313432835820896
11,84,1,3886,3886.0,1.0
11,84,2,3810,3886.0,0.9804426145136387
11,85,0,2842,3924.0,0.7242609582059123
11,85,1,3924,3924.0,1.0
11,85,2,3810,3924.0,0.9709480122324159
11,86,0,2842,3985.0,0.7131744040150565
11,86,1,3924,3985.0,0.9846925972396486
11,86,2,3985,3985.0,1.0
11,87,0,2842,4021.0,0.7067893558816215
11,87,1,3924,4021.0,0.9758766476000995
11,87,2,4021,4021.0,1.0
11,88,0,2842,4094.0,0.6941866145578895
11,88,1,3924,4094.0,0.95847581827064
11,88,2,4094,4094.0,1.0
11,89,0,2842,4124.0,0.6891367604267701
11,89,1,4124,4124.0,1.0
11,89,2,4094,4124.0,0.992725509214355
11,90,0,2842,4165.0,0.6823529411764706
11,90,1,4165,4165.0,1.0
11,90,2,4094,4165.0,0.982953181272509
11,91,0,4227,4227.0,1.0
11,91,1,4165,4227.0,0.9853323870357228
11,91,2,4094,4227.0,0.9685356044475988
11,92,0,4227,4267.0,0.990625732364659
11,92,1,4267,4267.0,1.0
11,92,2,4094,4267.0,0.9594562924771503
11,93,0,4227,4312.0,0.9802875695732839
11,93,1,4312,4312.0,1.0
11,93,2,4094,4312.0,0.949443413729128
11,94,0,4227,4347.0,0.9723947550034506
11,94,1,4347,4347.0,1.0
11,94,2,4094,4347.0,0.9417989417989417
11,95,0,4227,4391.0,0.9626508767934411
11,95,1,4347,4391.0,0.9899795035299476
11,95,2,4391,4391.0,1.0
11,96,0,4227,4422.0,0.9559023066485753
11,96,1,4422,4422.0,1.0
11,96,2,4391,4422.0,0.9929895974672094
11,97,0,4227,4451.0,0.9496742305099978
11,97,1,4451,4451.0,1.0
11,97,2,4391,4451.0,0.9865198831723209
11,98,0,4227,4519.0,0.9353839344987829
11,98,1,4451,4519.0,0.9849524231024563
11,98,2,4519,4519.0,1.0
11,99,0,4227,4589.0,0.9211157114839834
11,99,1,4451,4589.0,0.9699280889082589
11,99,2,4589,4589.0,1.0
11,100,0,4227,4653.0,0.9084461637653127
11,100,1,4451,4653.0,0.9565871480765098
11,100,2,4653,4653.0,1.0
11,101,0,4227,4698.0,0.8997445721583652
11,101,1,4698,4698.0,1.0
11,101,2,4653,4698.0,0.9904214559386973
11,102,0,4227,4730.0,0.8936575052854122
11,102,1,4730,4730.0,1.0
11,102,2,4653,4730.0,0.9837209302325581
11,103,0,4227,4762.0,0.887652246955061
11,103,1,4762,4762.0,1.0
11,103,2,4653,4762.0,0.9771104577908442
11,104,0,4227,4799.0,0.8808085017712023
11,104,1,4762,4799.0,0.992290060429256
11,104,2,4799,4799.0,1.0
11,105,0,4227,4849.0,0.8717261290987832
11,105,1,4849,4849.0,1.0
11,105,2,4799,4849.0,0.989688595586719
11,106,0,4227,4891.0,0.864240441627479
11,106,1,4891,4891.0,1.0
11,106,2,4799,4891.0,0.9811899407074218
11,107,0,4227,4924.0,0.8584484159220146
11,107,1,4924,4924.0,1.0
11,107,2,4799,4924.0,0.9746141348497157
11,108,0,4227,4956.0,0.8529055690072639
11,108,1,4956,4956.0,1.0
11,108,2,4799,4956.0,0.968321226795803
11,109,0,4227,5006.0,0.8443867359168997
11,109,1,5006,5006.0,1.0
11,109,2,4799,5006.0,0.9586496204554534
11,110,0,4227,5056.0,0.8360363924050633
11,110,1,5056,5056.0,1.0
11,110,2,4799,5056.0,0.9491693037974683
11,111,0,4227,5100.0,0.8288235294117647
11,111,1,5056,5100.0,0.9913725490196078
11,111,2,5100,5100.0,1.0
11,112,0,4227,5142.0,0.8220536756126021
11,112,1,5142,5142.0,1.0
11,112,2,5100,5142.0,0.9918319719953326
11,113,0,4227,5208.0,0.8116359447004609
11,113,1,5142,5208.0,0.9873271889400922
11,113,2,5208,5208.0,1.0
11,114,0,4227,5241.0,0.8065254722381225
11,114,1,5142,5241.0,0.9811104751001717
11,114,2,5241,5241.0,1.0
11,115,0,4227,5290.0,0.799054820415879
11,115,1,5142,5290.0,0.9720226843100189
11,115,2,5290,5290.0,1.0
11,116,0,4227,5328.0,0.7933558558558559
11,116,1,5328,5328.0,1.0
11,116,2,5290,5328.0,0.9928678678678678
11,117,0,4227,5377.0,0.7861260926167007
11,117,1,5377,5377.0,1.0
11,117,2,5290,5377.0,0.9838199739631764
11,118,0,4227,5422.0,0.7796016230173368
11,118,1,5422,5422.0,1.0
11,118,2,5290,5422.0,0.9756547399483585
11,119,0,4227,5461.0,0.7740340596960263
11,119,1,5461,5461.0,1.0
11,119,2,5290,5461.0,0.9686870536531771
11,120,0,4227,5493.0,0.7695248498088476
11,120,1,5493,5493.0,1.0
11,120,2,5290,5493.0,0.9630438740214818
11,121,0,4227,5534.0,0.7638236357065413
11,121,1,5534,5534.0,1.0
11,121,2,5290,5534.0,0.9559089266353451
11,122,0,5590,5590.0,1.0
11,122,1,5534,5590.0,0.9899821109123434
11,122,2,5290,5590.0,0.9463327370304114
11,123,0,5590,5632.0,0.9925426136363636
11,123,1,5632,5632.0,1.0
11,123,2,5290,5632.0,0.9392755681818182
11,124,0,5590,5674.0,0.9851956291857596
11,124,1,5674,5674.0,1.0
11,124,2,5290,5674.0,0.9323228762777582
11,125,0,5590,5734.0,0.9748866410882455
11,125,1,5674,5734.0,0.9895361004534357
11,125,2,5734,5734.0,1.0
11,126,0,5590,5775.0,0.9679653679653679
11,126,1,5674,5775.0,0.9825108225108226
11,126,2,5775,5775.0,1.0
11,127,0,5590,5840.0,0.9571917808219178
11,127,1,5674,5840.0,0.9715753424657534
11,127,2,5840,5840.0,1.0
11,128,0,5590,5889.0,0.9492273730684326
11,128,1,5889,5889.0,1.0
11,128,2,5840,5889.0,0.9916794022754287
11,129,0,5590,5935.0,0.9418702611625948
11,129,1,5935,5935.0,1.0
11,129,2,5840,5935.0,0.9839932603201348
11,130,0,5590,6004.0,0.9310459693537642
11,130,1,5935,6004.0,0.9885076615589606
11,130,2,6004,6004.0,1.0
11,131,0,5590,6052.0,0.9236615994712492
11,131,1,6052,6052.0,1.0
11,131,2,6004,6052.0,0.9920687376074026
11,132,0,5590,6087.0,0.91835058321012
11,132,1,6052,6087.0,0.9942500410711352
11,132,2,6087,6087.0,1.0
11,133,0,5590,6130.0,0.9119086460032626
11,133,1,6130,6130.0,1.0
11,133,2,6087,6130.0,0.9929853181076672
11,134,0,5590,6172.0,0.905703175631886
11,134,1,6172,6172.0,1.0
11,134,2,6087,6172.0,0.9862281270252754
12,1,0,36,36.0,1.0
12,1,1,0,36.0,0.0
12,1,2,0,36.0,0.0
12,2,0,91,91.0,1.0
12,2,1,0,91.0,0.0
12,2,2,0,91.0,0.0
12,3,0,153,153.0,1.0
12,3,1,0,153.0,0.0
12,3,2,0,153.0,0.0
12,4,0,219,219.0,1.0
12,4,1,0,219.0,0.0
12,4,2,0,219.0,0.0
12,5,0,276,276.0,1.0
12,5,1,0,276.0,0.0
12,5,2,0,276.0,0.0
12,6,0,350,350.0,1.0
12,6,1,0,350.0,0.0
12,6,2,0,350.0,0.0
12,7,0,416,416.0,1.0
12,7,1,0,416.0,0.0
12,7,2,0,416.0,0.0
12,8,0,472,472.0,1.0
12,8,1,0,472.0,0.0
12,8,2,0,472.0,0.0
12,9,0,472,485.0,0.9731958762886598
12,9,1,485,485.0,1.0
12,9,2,0,485.0,0.0
12,10,0,565,565.0,1.0
12,10,1,485,565.0,0.8584070796460177
12,10,2,0,565.0,0.0
12,11,0,624,624.0,1.0
12,11,1,485,624.0,0.7772435897435898
12,11,2,0,624.0,0.0
12,12,0,702,702.0,1.0
12,12,1,485,702.0,0.6908831908831908
12,12,2,0,702.0,0.0
12,13,0,702,742.0,0.9460916442048517
12,13,1,742,742.0,1.0
12,13,2,0,742.0,0.0
12,14,0,702,777.0,0.9034749034749034
12,14,1,777,777.0,1.0
12,14,2,0,777.0,0.0
12,15,0,702,827.0,0.848851269649335
12,15,1,827,827.0,1.0
12,15,2,0,827.0,0.0
12,16,0,883,883.0,1.0
12,16,1,827,883.0,0.9365798414496036
12,16,2,0,883.0,0.0
12,17,0,883,921.0,0.9587404994571118
12,17,1,921,921.0,1.0
12,17,2,0,921.0,0.0
12,18,0,883,966.0,0.9140786749482401
12,18,1,966,966.0,1.0
12,18,2,0,966.0,0.0
12,19,0,883,988.0,0.8937246963562753
12,19,1,966,988.0,0.9777327935222672
12,19,2,988,988.0,1.0
12,20,0,1051,1051.0,1.0
12,20,1,966,1051.0,0.9191246431969553
12,20,2,988,1051.0,0.9400570884871551
12,21,0,1051,1104.0,0.9519927536231884
12,21,1,966,1104.0,0.875
12,21,2,1104,1104.0,1.0
12,22,0,1051,1139.0,0.922739244951712
12,22,1,1139,1139.0,1.0
12,22,2,1104,1139.0,0.9692712906057945
12,23,0,1199,1199.0,1.0
12,23,1,1139,1199.0,0.9499582985821518
12,23,2,1104,1199.0,0.920767306088407
12,24,0,1199,1272.0,0.9426100628930818
12,24,1,1139,1272.0,0.8954402515723271
12,24,2,1272,1272.0,1.0
12,25,0,1199,1328.0,0.9028614457831325
12,25,1,1139,1328.0,0.8576807228915663
12,25,2,1328,1328.0,1.0
12,26,0,1199,1371.0,0.8745441283734501
12,26,1,1371,1371.0,1.0
12,26,2,1328,1371.0,0.9686360320933625
12,27,0,1447,1447.0,1.0
12,27,1,1371,1447.0,0.9474775397373877
12,27,2,1328,1447.0,0.9177608845888044
12,28,0,1447,1487.0,0.9731002017484869
12,28,1,1487,1487.0,1.0
12,28,2,1328,1487.0,0.8930733019502354
12,29,0,1545,1545.0,1.0
12,29,1,1487,1545.0,0.9624595469255663
12,29,2,1328,1545.0,0.859546925566343
12,30,0,1545,1573.0,0.9821996185632549
12,30,1,1573,1573.0,1.0
12,30,2,1328,1573.0,0.8442466624284806
12,31,0,1545,1603.0,0.9638178415470992
12,31,1,1603,1603.0,1.0
12,31,2,1328,1603.0,0.8284466625077979
12,32,0,1545,1642.0,0.940925700365408
12,32,1,1603,1642.0,0.9762484774665042
12,32,2,1642,1642.0,1.0
12,33,0,1545,1691.0,0.9136605558840922
12,33,1,1603,1691.0,0.94795978710822
12,33,2,1691,1691.0,1.0
12,34,0,1545,1735.0,0.8904899135446686
12,34,1,1603,1735.0,0.9239193083573487
12,34,2,1735,1735.0,1.0
12,35,0,1545,1769.0,0.8733747880158281
12,35,1,1603,1769.0,0.9061616732617298
12,35,2,1769,1769.0,1.0
12,36,0,1545,1809.0,0.8540630182421227
12,36,1,1809,1809.0,1.0
12,36,2,1769,1809.0,0.9778883360972913
12,37,0,1545,1865.0,0.8284182305630027
12,37,1,1809,1865.0,0.9699731903485255
12,37,2,1865,1865.0,1.0
12,38,0,1545,1902.0,0.8123028391167192
12,38,1,1902,1902.0,1.0
12,38,2,1865,1902.0,0.980546792849632
12,39,0,1545,1952.0,0.7914959016393442
12,39,1,1902,1952.0,0.9743852459016393
12,39,2,1952,1952.0,1.0
12,40,0,1545,1995.0,0.7744360902255639
12,40,1,1902,1995.0,0.9533834586466166
12,40,2,1995,1995.0,1.0
12,41,0,1545,2065.0,0.7481840193704601
12,41,1,1902,2065.0,0.9210653753026634
12,41,2,2065,2065.0,1.0
12,42,0,2109,2109.0,1.0
12,42,1,1902,2109.0,0.9018492176386913
12,42,2,2065,2109.0,0.9791370317686107
12,43,0,2109,2163.0,0.9750346740638003
12,43,1,1902,2163.0,0.8793342579750347
12,43,2,2163,2163.0,1.0
12,44,0,2109,2205.0,0.9564625850340136
12,44,1,2205,2205.0,1.0
12,44,2,2163,2205.0,0.9809523809523809
12,45,0,2109,2238.0,0.9423592493297587
12,45,1,2238,2238.0,1.0
12,45,2,2163,2238.0,0.9664879356568364
12,46,0,2109,2278.0,0.9258121158911325
12,46,1,2238,2278.0,0.9824407374890255
12,46,2,2278,2278.0,1.0
12,47,0,2109,2346.0,0.8989769820971867
12,47,1,2238,2346.0,0.9539641943734015
12,47,2,2346,2346.0,1.0
12,48,0,2109,2414.0,0.8736536868268434
12,48,1,2238,2414.0,0.9270919635459818
12,48,2,2414,2414.0,1.0
12,49,0,2109,2455.0,0.8590631364562118
12,49,1,2455,2455.0,1.0
12,49,2,2414,2455.0,0.9832993890020366
12,50,0,2109,2495.0,0.8452905811623247
12,50,1,2455,2495.0,0.9839679358717435
12,50,2,2495,2495.0,1.0
12,51,0,2109,2545.0,0.8286836935166995
12,51,1,2545,2545.0,1.0
12,51,2,2495,2545.0,0.9803536345776032
12,52,0,2109,2582.0,0.8168086754453912
12,52,1,2582,2582.0,1.0
12,52,2,2495,2582.0,0.966305189775368
12,53,0,2109,2632.0,0.8012917933130699
12,53,1,2582,2632.0,0.9810030395136778
12,53,2,2632,2632.0,1.0
12,54,0,2697,2697.0,1.0
12,54,1,2582,2697.0,0.957360029662588
12,54,2,2632,2697.0,0.9758991472005932
12,55,0,2697,2741.0,0.9839474644290405
12,55,1,2741,2741.0,1.0
12,55,2,2632,2741.0,0.9602334914264867
12,56,0,2697,2777.0,0.9711919337414476
12,56,1,2741,2777.0,0.9870363701836514
12,56,2,2777,2777.0,1.0
12,57,0,2697,2814.0,0.9584221748400853
12,57,1,2814,2814.0,1.0
12,57,2,2777,2814.0,0.9868514570007108
12,58,0,2697,2856.0,0.944327731092437
12,58,1,2814,2856.0,0.9852941176470589
12,58,2,2856,2856.0,1.0
12,59,0,2697,2887.0,0.9341877381364738
12,59,1,2887,2887.0,1.0
12,59,2,2856,2887.0,0.9892622099064773
12,60,0,2697,2930.0,0.9204778156996587
12,60,1,2930,2930.0,1.0
12,60,2,2856,2930.0,0.9747440273037543
12,61,0,2697,2971.0,0.9077751598788287
12,61,1,2971,2971.0,1.0
12,61,2,2856,2971.0,0.9612924941097274
12,62,0,2697,3004.0,0.8978029294274301
12,62,1,3004,3004.0,1.0
12,62,2,2856,3004.0,0.9507323568575233
12,63,0,2697,3035.0,0.8886326194398682
12,63,1,3035,3035.0,1.0
12,63,2,2856,3035.0,0.9410214168039539
12,64,0,2697,3103.0,0.8691588785046729
12,64,1,3035,3103.0,0.9780857234933935
12,64,2,3103,3103.0,1.0
12,65,0,2697,3133.0,0.8608362591765082
12,65,1,3133,3133.0,1.0
12,65,2,3103,3133.0,0.99042451324609
12,66,0,3213,3213.0,1.0
12,66,1,3133,3213.0,0.9751011515717398
12,66,2,3103,3213.0,0.9657640834111423
12,67,0,3213,3254.0,0.98740012292563
12,67,1,3133,3254.0,0.9628149969268592
12,67,2,3254,3254.0,1.0
12,68,0,3213,3292.0,0.9760024301336574
12,68,1,3292,3292.0,1.0
12,68,2,3254,3292.0,0.988456865127582
12,69,0,3213,3327.0,0.9657348963029756
12,69,1,3327,3327.0,1.0
12,69,2,3254,3327.0,0.978058310790502
12,70,0,3213,3363.0,0.9553969669937555
12,70,1,3363,3363.0,1.0
12,70,2,3254,3363.0,0.9675884626821291
12,71,0,3213,3396.0,0.946113074204947
12,71,1,3396,3396.0,1.0
12,71,2,3254,3396.0,0.958186101295642
12,72,0,3467,3467.0,1.0
12,72,1,3396,3467.0,0.9795211998846265
12,72,2,3254,3467.0,0.9385635996538795
12,73,0,3467,3500.0,0.9905714285714285
12,73,1,3500,3500.0,1.0
12,73,2,3254,3500.0,0.9297142857142857
12,74,0,3467,3537.0,0.9802092168504383
12,74,1,3537,3537.0,1.0
12,74,2,3254,3537.0,0.9199886909810574
12,75,0,3467,3574.0,0.9700615556799105
12,75,1,3537,3574.0,0.98964745383324
12,75,2,3574,3574.0,1.0
12,76,0,3467,3610.0,0.960387811634349
12,76,1,3610,3610.0,1.0
12,76,2,3574,3610.0,0.990027700831025
12,77,0,3467,3661.0,0.9470090139306201
12,77,1,3610,3661.0,0.9860693799508331
12,77,2,3661,3661.0,1.0
12,78,0,3467,3704.0,0.9360151187904968
12,78,1,3704,3704.0,1.0
12,78,2,3661,3704.0,0.9883909287257019
12,79,0,3467,3738.0,0.9275013376136971
12,79,1,3738,3738.0,1.0
12,79,2,3661,3738.0,0.9794007490636704
12,80,0,3467,3776.0,0.918167372881356
12,80,1,3776,3776.0,1.0
12,80,2,3661,3776.0,0.9695444915254238
12,81,0,3467,3814.0,0.9090194022024122
12,81,1,3814,3814.0,1.0
12,81,2,3661,3814.0,0.959884635553225
12,82,0,3467,3845.0,0.9016905071521456
12,82,1,3845,3845.0,1.0
12,82,2,3661,3845.0,0.952145643693108
12,83,0,3467,3910.0,0.8867007672634271
12,83,1,3845,3910.0,0.9833759590792839
12,83,2,3910,3910.0,1.0
12,84,0,3467,3955.0,0.8766118836915298
12,84,1,3955,3955.0,1.0
12,84,2,3910,3955.0,0.988621997471555
12,85,0,3467,4001.0,0.8665333666583355
12,85,1,4001,4001.0,1.0
12,85,2,3910,4001.0,0.9772556860784803
12,86,0,3467,4036.0,0.8590188305252725
12,86,1,4036,4036.0,1.0
12,86,2,3910,4036.0,0.9687809712586719
12,87,0,3467,4068.0,0.8522615535889873
12,87,1,4068,4068.0,1.0
12,87,2,3910,4068.0,0.9611602753195674
12,88,0,3467,4106.0,0.8443740867023868
12,88,1,4106,4106.0,1.0
12,88,2,3910,4106.0,0.9522649780808573
12,89,0,3467,4155.0,0.8344163658243081
12,89,1,4155,4155.0,1.0
12,89,2,3910,4155.0,0.941034897713598
12,90,0,3467,4190.0,0.8274463007159905
12,90,1,4190,4190.0,1.0
12,90,2,3910,4190.0,0.9331742243436754
12,91,0,3467,4228.0,0.8200094607379376
12,91,1,4228,4228.0,1.0
12,91,2,3910,4228.0,0.924787133396405
12,92,0,3467,4265.0,0.8128956623681125
12,92,1,4265,4265.0,1.0
12,92,2,3910,4265.0,0.9167643610785463
12,93,0,3467,4297.0,0.8068419827786828
12,93,1,4297,4297.0,1.0
12,93,2,3910,4297.0,0.9099371654642774
12,94,0,3467,4333.0,0.8001384721901684
12,94,1,4333,4333.0,1.0
12,94,2,3910,4333.0,0.9023771059312254
12,95,0,3467,4368.0,0.7937271062271062
12,95,1,4368,4368.0,1.0
12,95,2,3910,4368.0,0.8951465201465202
12,96,0,3467,4410.0,0.7861678004535148
12,96,1,4368,4410.0,0.9904761904761905
12,96,2,4410,4410.0,1.0
12,97,0,3467,4460.0,0.7773542600896861
12,97,1,4460,4460.0,1.0
12,97,2,4410,4460.0,0.9887892376681614
12,98,0,3467,4516.0,0.7677147918511957
12,98,1,4460,4516.0,0.9875996457041629
12,98,2,4516,4516.0,1.0
12,99,0,3467,4571.0,0.7584773572522424
12,99,1,4460,4571.0,0.9757164734193831
12,99,2,4571,4571.0,1.0
12,100,0,3467,4605.0,0.7528773072747014
12,100,1,4605,4605.0,1.0
12,100,2,4571,4605.0,0.9926167209554831
12,101,0,3467,4679.0,0.7409702927976063
12,101,1,4605,4679.0,0.984184654840778
12,101,2,4679,4679.0,1.0
12,102,0,3467,4724.0,0.7339119390347163
12,102,1,4724,4724.0,1.0
12,102,2,4679,4724.0,0.9904741744284504
12,103,0,3467,4766.0,0.7274443978178766
12,103,1,4766,4766.0,1.0
12,103,2,4679,4766.0,0.9817456986991188
12,104,0,3467,4810.0,0.7207900207900207
12,104,1,4810,4810.0,1.0
12,104,2,4679,4810.0,0.9727650727650727
12,105,0,3467,4850.0,0.7148453608247423
12,105,1,4810,4850.0,0.9917525773195877
12,105,2,4850,4850.0,1.0
12,106,0,3467,4891.0,0.7088529952974851
12,106,1,4810,4891.0,0.9834389695358823
12,106,2,4891,4891.0,1.0
12,107,0,3467,4936.0,0.7023905996758509
12,107,1,4936,4936.0,1.0
12,107,2,4891,4936.0,0.9908833063209076
12,108,0,3467,4993.0,0.6943721209693571
12,108,1,4936,4993.0,0.9885840176246745
12,108,2,4993,4993.0,1.0
12,109,0,3467,5038.0,0.6881699086939261
12,109,1,5038,5038.0,1.0
12,109,2,4993,5038.0,0.9910678840809846
12,110,0,3467,5073.0,0.6834220382416716
12,110,1,5073,5073.0,1.0
12,110,2,4993,5073.0,0.9842302385176425
12,111,0,3467,5117.0,0.6775454367793629
12,111,1,5117,5117.0,1.0
12,111,2,4993,5117.0,0.9757670510064491
12,112,0,3467,5167.0,0.6709889684536482
12,112,1,5167,5167.0,1.0
12,112,2,4993,5167.0,0.9663247532417263
12,113,0,3467,5231.0,0.66277958325368
12,113,1,5167,5231.0,0.9877652456509272
12,113,2,5231,5231.0,1.0
12,114,0,3467,5268.0,0.6581245254365984
12,114,1,5167,5268.0,0.9808276385725133
12,114,2,5268,5268.0,1.0
12,115,0,3467,5336.0,0.6497376311844077
12,115,1,5167,5336.0,0.968328335832084
12,115,2,5336,5336.0,1.0
12,116,0,3467,5396.0,0.6425129725722758
12,116,1,5167,5396.0,0.9575611564121571
12,116,2,5396,5396.0,1.0
12,117,0,3467,5442.0,0.6370819551635428
12,117,1,5442,5442.0,1.0
12,117,2,5396,5442.0,0.9915472252848218
12,118,0,3467,5496.0,0.6308224163027657
12,118,1,5442,5496.0,0.990174672489083
12,118,2,5496,5496.0,1.0
12,119,0,3467,5555.0,0.6241224122412241
12,119,1,5442,5555.0,0.9796579657965797
12,119,2,5555,5555.0,1.0
12,120,0,3467,5596.0,0.6195496783416726
12,120,1,5596,5596.0,1.0
12,120,2,5555,5596.0,0.9926733380986419
12,121,0,3467,5633.0,0.6154802059293449
12,121,1,5633,5633.0,1.0
12,121,2,5555,5633.0,0.9861530268063199
12,122,0,3467,5670.0,0.6114638447971781
12,122,1,5670,5670.0,1.0
12,122,2,5555,5670.0,0.9797178130511464
12,123,0,3467,5739.0,0.6041122146715455
12,123,1,5670,5739.0,0.9879769994772608
12,123,2,5739,5739.0,1.0
12,124,0,3467,5781.0,0.5997232312748659
12,124,1,5781,5781.0,1.0
12,124,2,5739,5781.0,0.9927348209652309
12,125,0,3467,5831.0,0.5945806894186246
12,125,1,5831,5831.0,1.0
12,125,2,5739,5831.0,0.9842222603327045
12,126,0,3467,5874.0,0.5902281239359891
12,126,1,5874,5874.0,1.0
12,126,2,5739,5874.0,0.9770173646578141
12,127,0,3467,5914.0,0.5862360500507271
12,127,1,5874,5914.0,0.9932363882313155
12,127,2,5914,5914.0,1.0
12,128,0,3467,5946.0,0.5830810628994282
12,128,1,5946,5946.0,1.0
12,128,2,5914,5946.0,0.9946182307433569
12,129,0,3467,6007.0,0.5771599800233062
12,129,1,5946,6007.0,0.989845180622607
12,129,2,6007,6007.0,1.0
12,130,0,3467,6056.0,0.5724900924702774
12,130,1,6056,6056.0,1.0
12,130,2,6007,6056.0,0.9919088507265522
12,131,0,3467,6089.0,0.5693874199375923
12,131,1,6056,6089.0,0.9945803908687798
12,131,2,6089,6089.0,1.0
12,132,0,3467,6137.0,0.5649340068437347
12,132,1,6137,6137.0,1.0
12,132,2,6089,6137.0,0.9921785888870783
12,133,0,3467,6180.0,0.5610032362459547
12,133,1,6180,6180.0,1.0
12,133,2,6089,6180.0,0.9852750809061489
12,134,0,3467,6222.0,0.5572163291546126
12,134,1,6222,6222.0,1.0
12,134,2,6089,6222.0,0.9786242365798778
