episode,step,machine_idx,machine_time,current_time,utilization
1,1,0,25.0,25.0,1.0
1,1,1,0.0,25.0,0.0
1,1,2,0.0,25.0,0.0
1,2,0,90.0,90.0,1.0
1,2,1,0.0,90.0,0.0
1,2,2,0.0,90.0,0.0
1,3,0,149.0,149.0,1.0
1,3,1,0.0,149.0,0.0
1,3,2,0.0,149.0,0.0
1,4,0,215.0,215.0,1.0
1,4,1,0.0,215.0,0.0
1,4,2,0.0,215.0,0.0
1,5,0,270.0,270.0,1.0
1,5,1,0.0,270.0,0.0
1,5,2,0.0,270.0,0.0
1,6,0,332.0,332.0,1.0
1,6,1,0.0,332.0,0.0
1,6,2,0.0,332.0,0.0
1,7,0,332.0,352.0,0.9431818
1,7,1,352.0,352.0,1.0
1,7,2,0.0,352.0,0.0
1,8,0,332.0,387.0,0.8578811
1,8,1,387.0,387.0,1.0
1,8,2,0.0,387.0,0.0
1,9,0,463.0,463.0,1.0
1,9,1,387.0,463.0,0.83585316
1,9,2,0.0,463.0,0.0
1,10,0,544.0,544.0,1.0
1,10,1,387.0,544.0,0.71139705
1,10,2,0.0,544.0,0.0
1,11,0,622.0,622.0,1.0
1,11,1,387.0,622.0,0.6221865
1,11,2,0.0,622.0,0.0
1,12,0,696.0,696.0,1.0
1,12,1,387.0,696.0,0.5560345
1,12,2,0.0,696.0,0.0
1,13,0,696.0,725.0,0.96
1,13,1,387.0,725.0,0.5337931
1,13,2,725.0,725.0,1.0
1,14,0,796.0,796.0,1.0
1,14,1,387.0,796.0,0.4861809
1,14,2,725.0,796.0,0.91080403
1,15,0,796.0,824.0,0.9660194
1,15,1,824.0,824.0,1.0
1,15,2,725.0,824.0,0.8798544
1,16,0,796.0,864.0,0.9212963
1,16,1,864.0,864.0,1.0
1,16,2,725.0,864.0,0.8391204
1,17,0,796.0,917.0,0.868048
1,17,1,864.0,917.0,0.9422028
1,17,2,917.0,917.0,1.0
1,18,0,796.0,952.0,0.83613443
1,18,1,952.0,952.0,1.0
1,18,2,917.0,952.0,0.9632353
1,19,0,796.0,992.0,0.80241936
1,19,1,952.0,992.0,0.9596774
1,19,2,992.0,992.0,1.0
1,20,0,796.0,1062.0,0.7495292
1,20,1,952.0,1062.0,0.89642185
1,20,2,1062.0,1062.0,1.0
1,21,0,796.0,1107.0,0.71906054
1,21,1,1107.0,1107.0,1.0
1,21,2,1062.0,1107.0,0.9593496
1,22,0,796.0,1180.0,0.6745763
1,22,1,1107.0,1180.0,0.93813556
1,22,2,1180.0,1180.0,1.0
1,23,0,796.0,1253.0,0.63527536
1,23,1,1107.0,1253.0,0.88347965
1,23,2,1253.0,1253.0,1.0
1,24,0,1328.0,1328.0,1.0
1,24,1,1107.0,1328.0,0.8335843
1,24,2,1253.0,1328.0,0.9435241
1,25,0,1328.0,1365.0,0.9728938
1,25,1,1365.0,1365.0,1.0
1,25,2,1253.0,1365.0,0.9179487
1,26,0,1328.0,1401.0,0.94789433
1,26,1,1401.0,1401.0,1.0
1,26,2,1253.0,1401.0,0.8943612
1,27,0,1328.0,1461.0,0.9089665
1,27,1,1401.0,1461.0,0.9589322
1,27,2,1461.0,1461.0,1.0
1,28,0,1328.0,1512.0,0.87830687
1,28,1,1401.0,1512.0,0.9265873
1,28,2,1512.0,1512.0,1.0
1,29,0,1328.0,1562.0,0.85019207
1,29,1,1562.0,1562.0,1.0
1,29,2,1512.0,1562.0,0.96798974
1,30,0,1328.0,1599.0,0.8305191
1,30,1,1599.0,1599.0,1.0
1,30,2,1512.0,1599.0,0.945591
1,31,0,1328.0,1642.0,0.8087698
1,31,1,1642.0,1642.0,1.0
1,31,2,1512.0,1642.0,0.9208283
1,32,0,1328.0,1698.0,0.78209656
1,32,1,1642.0,1698.0,0.96702003
1,32,2,1698.0,1698.0,1.0
1,33,0,1328.0,1731.0,0.7671866
1,33,1,1731.0,1731.0,1.0
1,33,2,1698.0,1731.0,0.9809359
1,34,0,1328.0,1772.0,0.74943566
1,34,1,1772.0,1772.0,1.0
1,34,2,1698.0,1772.0,0.95823926
1,35,0,1328.0,1815.0,0.73168045
1,35,1,1815.0,1815.0,1.0
1,35,2,1698.0,1815.0,0.9355372
1,36,0,1328.0,1870.0,0.71016043
1,36,1,1815.0,1870.0,0.9705882
1,36,2,1870.0,1870.0,1.0
1,37,0,1328.0,1909.0,0.6956522
1,37,1,1815.0,1909.0,0.9507596
1,37,2,1909.0,1909.0,1.0
1,38,0,1328.0,1943.0,0.68347913
1,38,1,1943.0,1943.0,1.0
1,38,2,1909.0,1943.0,0.98250127
1,39,0,1328.0,1999.0,0.66433215
1,39,1,1943.0,1999.0,0.971986
1,39,2,1999.0,1999.0,1.0
1,40,0,1328.0,2042.0,0.6503428
1,40,1,2042.0,2042.0,1.0
1,40,2,1999.0,2042.0,0.9789422
1,41,0,1328.0,2088.0,0.6360153
1,41,1,2088.0,2088.0,1.0
1,41,2,1999.0,2088.0,0.95737547
1,42,0,1328.0,2125.0,0.6249412
1,42,1,2125.0,2125.0,1.0
1,42,2,1999.0,2125.0,0.9407059
1,43,0,1328.0,2155.0,0.6162413
1,43,1,2155.0,2155.0,1.0
1,43,2,1999.0,2155.0,0.9276102
1,44,0,1328.0,2205.0,0.60226756
1,44,1,2205.0,2205.0,1.0
1,44,2,1999.0,2205.0,0.906576
1,45,0,1328.0,2255.0,0.5889135
1,45,1,2255.0,2255.0,1.0
1,45,2,1999.0,2255.0,0.8864745
1,46,0,2314.0,2314.0,1.0
1,46,1,2255.0,2314.0,0.97450304
1,46,2,1999.0,2314.0,0.8638721
1,47,0,2314.0,2352.0,0.98384356
1,47,1,2352.0,2352.0,1.0
1,47,2,1999.0,2352.0,0.84991497
1,48,0,2314.0,2381.0,0.9718606
1,48,1,2381.0,2381.0,1.0
1,48,2,1999.0,2381.0,0.8395632
1,49,0,2314.0,2421.0,0.9558034
1,49,1,2381.0,2421.0,0.9834779
1,49,2,2421.0,2421.0,1.0
1,50,0,2314.0,2489.0,0.92969066
1,50,1,2381.0,2489.0,0.9566091
1,50,2,2489.0,2489.0,1.0
1,51,0,2314.0,2537.0,0.9121009
1,51,1,2537.0,2537.0,1.0
1,51,2,2489.0,2537.0,0.98108
1,52,0,2609.0,2609.0,1.0
1,52,1,2537.0,2609.0,0.9724032
1,52,2,2489.0,2609.0,0.95400536
1,53,0,2665.0,2665.0,1.0
1,53,1,2537.0,2665.0,0.95197
1,53,2,2489.0,2665.0,0.9339587
1,54,0,2721.0,2721.0,1.0
1,54,1,2537.0,2721.0,0.9323778
1,54,2,2489.0,2721.0,0.9147372
1,55,0,2721.0,2764.0,0.98444283
1,55,1,2764.0,2764.0,1.0
1,55,2,2489.0,2764.0,0.9005065
1,56,0,2721.0,2806.0,0.9697078
1,56,1,2806.0,2806.0,1.0
1,56,2,2489.0,2806.0,0.8870278
1,57,0,2721.0,2838.0,0.9587738
1,57,1,2838.0,2838.0,1.0
1,57,2,2489.0,2838.0,0.8770261
1,58,0,2903.0,2903.0,1.0
1,58,1,2838.0,2903.0,0.9776094
1,58,2,2489.0,2903.0,0.8573889
1,59,0,2903.0,2936.0,0.98876023
1,59,1,2936.0,2936.0,1.0
1,59,2,2489.0,2936.0,0.84775203
1,60,0,2903.0,2981.0,0.9738343
1,60,1,2981.0,2981.0,1.0
1,60,2,2489.0,2981.0,0.83495474
1,61,0,2903.0,3035.0,0.9565074
1,61,1,2981.0,3035.0,0.9822076
1,61,2,3035.0,3035.0,1.0
1,62,0,2903.0,3069.0,0.9459107
1,62,1,2981.0,3069.0,0.9713262
1,62,2,3069.0,3069.0,1.0
1,63,0,2903.0,3124.0,0.92925733
1,63,1,2981.0,3124.0,0.95422536
1,63,2,3124.0,3124.0,1.0
1,64,0,2903.0,3169.0,0.9160619
1,64,1,3169.0,3169.0,1.0
1,64,2,3124.0,3169.0,0.9857999
1,65,0,2903.0,3199.0,0.90747106
1,65,1,3199.0,3199.0,1.0
1,65,2,3124.0,3199.0,0.97655517
1,66,0,3242.0,3242.0,1.0
1,66,1,3199.0,3242.0,0.9867366
1,66,2,3124.0,3242.0,0.9636027
1,67,0,3242.0,3284.0,0.9872107
1,67,1,3284.0,3284.0,1.0
1,67,2,3124.0,3284.0,0.9512789
1,68,0,3242.0,3327.0,0.9744515
1,68,1,3327.0,3327.0,1.0
1,68,2,3124.0,3327.0,0.9389841
1,69,0,3242.0,3395.0,0.9549337
1,69,1,3327.0,3395.0,0.9799706
1,69,2,3395.0,3395.0,1.0
1,70,0,3242.0,3435.0,0.9438137
1,70,1,3435.0,3435.0,1.0
1,70,2,3395.0,3435.0,0.98835516
1,71,0,3242.0,3492.0,0.9284078
1,71,1,3435.0,3492.0,0.98367697
1,71,2,3492.0,3492.0,1.0
1,72,0,3242.0,3530.0,0.9184136
1,72,1,3435.0,3530.0,0.97308785
1,72,2,3530.0,3530.0,1.0
1,73,0,3593.0,3593.0,1.0
1,73,1,3435.0,3593.0,0.9560256
1,73,2,3530.0,3593.0,0.9824659
1,74,0,3593.0,3634.0,0.9887177
1,74,1,3634.0,3634.0,1.0
1,74,2,3530.0,3634.0,0.9713814
1,75,0,3593.0,3680.0,0.9763587
1,75,1,3680.0,3680.0,1.0
1,75,2,3530.0,3680.0,0.9592391
1,76,0,3593.0,3713.0,0.9676811
1,76,1,3713.0,3713.0,1.0
1,76,2,3530.0,3713.0,0.9507137
1,77,0,3593.0,3743.0,0.9599252
1,77,1,3743.0,3743.0,1.0
1,77,2,3530.0,3743.0,0.9430938
1,78,0,3593.0,3782.0,0.95002645
1,78,1,3782.0,3782.0,1.0
1,78,2,3530.0,3782.0,0.93336856
1,79,0,3593.0,3824.0,0.93959206
1,79,1,3824.0,3824.0,1.0
1,79,2,3530.0,3824.0,0.92311716
1,80,0,3593.0,3865.0,0.92962486
1,80,1,3824.0,3865.0,0.989392
1,80,2,3865.0,3865.0,1.0
1,81,0,3593.0,3902.0,0.92080986
1,81,1,3824.0,3902.0,0.9800103
1,81,2,3902.0,3902.0,1.0
1,82,0,3593.0,3935.0,0.91308767
1,82,1,3935.0,3935.0,1.0
1,82,2,3902.0,3935.0,0.99161375
1,83,0,3593.0,3972.0,0.9045821
1,83,1,3935.0,3972.0,0.9906848
1,83,2,3972.0,3972.0,1.0
1,84,0,3593.0,4041.0,0.8891364
1,84,1,3935.0,4041.0,0.9737689
1,84,2,4041.0,4041.0,1.0
1,85,0,3593.0,4085.0,0.87955934
1,85,1,4085.0,4085.0,1.0
1,85,2,4041.0,4085.0,0.9892289
1,86,0,3593.0,4121.0,0.87187576
1,86,1,4085.0,4121.0,0.9912643
1,86,2,4121.0,4121.0,1.0
1,87,0,3593.0,4157.0,0.8643252
1,87,1,4157.0,4157.0,1.0
1,87,2,4121.0,4157.0,0.9913399
1,88,0,3593.0,4230.0,0.849409
1,88,1,4157.0,4230.0,0.9827423
1,88,2,4230.0,4230.0,1.0
1,89,0,3593.0,4275.0,0.8404678
1,89,1,4275.0,4275.0,1.0
1,89,2,4230.0,4275.0,0.9894737
1,90,0,3593.0,4329.0,0.82998383
1,90,1,4275.0,4329.0,0.987526
1,90,2,4329.0,4329.0,1.0
1,91,0,3593.0,4378.0,0.8206944
1,91,1,4275.0,4378.0,0.9764733
1,91,2,4378.0,4378.0,1.0
1,92,0,3593.0,4419.0,0.8130799
1,92,1,4275.0,4419.0,0.9674134
1,92,2,4419.0,4419.0,1.0
1,93,0,3593.0,4461.0,0.8054248
1,93,1,4461.0,4461.0,1.0
1,93,2,4419.0,4461.0,0.9905851
1,94,0,3593.0,4497.0,0.7989771
1,94,1,4497.0,4497.0,1.0
1,94,2,4419.0,4497.0,0.9826551
1,95,0,3593.0,4530.0,0.79315674
1,95,1,4530.0,4530.0,1.0
1,95,2,4419.0,4530.0,0.9754967
1,96,0,3593.0,4567.0,0.7867309
1,96,1,4567.0,4567.0,1.0
1,96,2,4419.0,4567.0,0.9675936
1,97,0,3593.0,4631.0,0.77585834
1,97,1,4567.0,4631.0,0.98618007
1,97,2,4631.0,4631.0,1.0
1,98,0,3593.0,4668.0,0.76970863
1,98,1,4668.0,4668.0,1.0
1,98,2,4631.0,4668.0,0.9920737
1,99,0,3593.0,4705.0,0.76365566
1,99,1,4705.0,4705.0,1.0
1,99,2,4631.0,4705.0,0.98427206
1,100,0,3593.0,4742.0,0.75769717
1,100,1,4705.0,4742.0,0.9921974
1,100,2,4742.0,4742.0,1.0
1,101,0,3593.0,4780.0,0.75167364
1,101,1,4780.0,4780.0,1.0
1,101,2,4742.0,4780.0,0.99205023
1,102,0,3593.0,4811.0,0.74683017
1,102,1,4811.0,4811.0,1.0
1,102,2,4742.0,4811.0,0.9856579
1,103,0,3593.0,4844.0,0.7417424
1,103,1,4844.0,4844.0,1.0
1,103,2,4742.0,4844.0,0.97894305
1,104,0,3593.0,4894.0,0.7341643
1,104,1,4894.0,4894.0,1.0
1,104,2,4742.0,4894.0,0.96894157
1,105,0,3593.0,4925.0,0.72954315
1,105,1,4925.0,4925.0,1.0
1,105,2,4742.0,4925.0,0.96284264
1,106,0,3593.0,4974.0,0.72235626
1,106,1,4974.0,4974.0,1.0
1,106,2,4742.0,4974.0,0.95335746
1,107,0,3593.0,5019.0,0.7158797
1,107,1,5019.0,5019.0,1.0
1,107,2,4742.0,5019.0,0.94480973
1,108,0,3593.0,5051.0,0.7113443
1,108,1,5051.0,5051.0,1.0
1,108,2,4742.0,5051.0,0.938824
1,109,0,3593.0,5100.0,0.7045098
1,109,1,5100.0,5100.0,1.0
1,109,2,4742.0,5100.0,0.9298039
1,110,0,3593.0,5133.0,0.6999805
1,110,1,5133.0,5133.0,1.0
1,110,2,4742.0,5133.0,0.9238262
1,111,0,3593.0,5174.0,0.6944337
1,111,1,5174.0,5174.0,1.0
1,111,2,4742.0,5174.0,0.9165056
1,112,0,3593.0,5218.0,0.688578
1,112,1,5218.0,5218.0,1.0
1,112,2,4742.0,5218.0,0.9087773
1,113,0,3593.0,5268.0,0.68204254
1,113,1,5218.0,5268.0,0.99050874
1,113,2,5268.0,5268.0,1.0
1,114,0,3593.0,5333.0,0.6737296
1,114,1,5218.0,5333.0,0.9784362
1,114,2,5333.0,5333.0,1.0
1,115,0,3593.0,5378.0,0.66809225
1,115,1,5378.0,5378.0,1.0
1,115,2,5333.0,5378.0,0.9916326
1,116,0,3593.0,5447.0,0.65962917
1,116,1,5378.0,5447.0,0.98733246
1,116,2,5447.0,5447.0,1.0
1,117,0,3593.0,5488.0,0.6547012
1,117,1,5488.0,5488.0,1.0
1,117,2,5447.0,5488.0,0.99252915
1,118,0,3593.0,5523.0,0.6505522
1,118,1,5488.0,5523.0,0.9936629
1,118,2,5523.0,5523.0,1.0
1,119,0,3593.0,5592.0,0.642525
1,119,1,5488.0,5592.0,0.981402
1,119,2,5592.0,5592.0,1.0
1,120,0,3593.0,5634.0,0.6377352
1,120,1,5488.0,5634.0,0.9740859
1,120,2,5634.0,5634.0,1.0
1,121,0,3593.0,5677.0,0.6329047
1,121,1,5677.0,5677.0,1.0
1,121,2,5634.0,5677.0,0.99242556
1,122,0,3593.0,5717.0,0.6284765
1,122,1,5717.0,5717.0,1.0
1,122,2,5634.0,5717.0,0.9854819
1,123,0,3593.0,5749.0,0.62497824
1,123,1,5749.0,5749.0,1.0
1,123,2,5634.0,5749.0,0.9799965
1,124,0,3593.0,5815.0,0.61788476
1,124,1,5749.0,5815.0,0.98865
1,124,2,5815.0,5815.0,1.0
1,125,0,3593.0,5848.0,0.61439806
1,125,1,5749.0,5848.0,0.98307115
1,125,2,5848.0,5848.0,1.0
1,126,0,3593.0,5891.0,0.6099134
1,126,1,5891.0,5891.0,1.0
1,126,2,5848.0,5891.0,0.99270076
1,127,0,3593.0,5933.0,0.6055958
1,127,1,5891.0,5933.0,0.99292094
1,127,2,5933.0,5933.0,1.0
1,128,0,3593.0,5989.0,0.5999332
1,128,1,5891.0,5989.0,0.9836367
1,128,2,5989.0,5989.0,1.0
1,129,0,6065.0,6065.0,1.0
1,129,1,5891.0,6065.0,0.9713108
1,129,2,5989.0,6065.0,0.9874691
1,130,0,6065.0,6100.0,0.9942623
1,130,1,6100.0,6100.0,1.0
1,130,2,5989.0,6100.0,0.9818033
1,131,0,6065.0,6140.0,0.98778504
1,131,1,6100.0,6140.0,0.99348533
1,131,2,6140.0,6140.0,1.0
1,132,0,6065.0,6175.0,0.98218626
1,132,1,6175.0,6175.0,1.0
1,132,2,6140.0,6175.0,0.99433196
1,133,0,6065.0,6225.0,0.97429717
1,133,1,6225.0,6225.0,1.0
1,133,2,6140.0,6225.0,0.9863454
1,134,0,6065.0,6267.0,0.96776766
1,134,1,6267.0,6267.0,1.0
1,134,2,6140.0,6267.0,0.97973514
2,1,0,40.0,40.0,1.0
2,1,1,0.0,40.0,0.0
2,1,2,0.0,40.0,0.0
2,2,0,91.0,91.0,1.0
2,2,1,0.0,91.0,0.0
2,2,2,0.0,91.0,0.0
2,3,0,91.0,106.0,0.8584906
2,3,1,106.0,106.0,1.0
2,3,2,0.0,106.0,0.0
2,4,0,91.0,137.0,0.66423357
2,4,1,137.0,137.0,1.0
2,4,2,0.0,137.0,0.0
2,5,0,91.0,167.0,0.5449102
2,5,1,137.0,167.0,0.8203593
2,5,2,167.0,167.0,1.0
2,6,0,227.0,227.0,1.0
2,6,1,137.0,227.0,0.6035242
2,6,2,167.0,227.0,0.73568285
2,7,0,298.0,298.0,1.0
2,7,1,137.0,298.0,0.45973155
2,7,2,167.0,298.0,0.5604027
2,8,0,345.0,345.0,1.0
2,8,1,137.0,345.0,0.39710146
2,8,2,167.0,345.0,0.48405796
2,9,0,345.0,388.0,0.88917524
2,9,1,388.0,388.0,1.0
2,9,2,167.0,388.0,0.43041238
2,10,0,345.0,428.0,0.80607474
2,10,1,428.0,428.0,1.0
2,10,2,167.0,428.0,0.3901869
2,11,0,472.0,472.0,1.0
2,11,1,428.0,472.0,0.90677965
2,11,2,167.0,472.0,0.35381356
2,12,0,553.0,553.0,1.0
2,12,1,428.0,553.0,0.77396023
2,12,2,167.0,553.0,0.30198914
2,13,0,553.0,596.0,0.92785233
2,13,1,596.0,596.0,1.0
2,13,2,167.0,596.0,0.28020135
2,14,0,672.0,672.0,1.0
2,14,1,596.0,672.0,0.8869048
2,14,2,167.0,672.0,0.24851191
2,15,0,672.0,715.0,0.93986017
2,15,1,715.0,715.0,1.0
2,15,2,167.0,715.0,0.23356643
2,16,0,672.0,749.0,0.89719623
2,16,1,749.0,749.0,1.0
2,16,2,167.0,749.0,0.22296396
2,17,0,672.0,799.0,0.84105134
2,17,1,799.0,799.0,1.0
2,17,2,167.0,799.0,0.20901126
2,18,0,672.0,833.0,0.8067227
2,18,1,799.0,833.0,0.9591837
2,18,2,833.0,833.0,1.0
2,19,0,904.0,904.0,1.0
2,19,1,799.0,904.0,0.88384956
2,19,2,833.0,904.0,0.92146015
2,20,0,904.0,946.0,0.9556025
2,20,1,946.0,946.0,1.0
2,20,2,833.0,946.0,0.88054967
2,21,0,904.0,989.0,0.9140546
2,21,1,989.0,989.0,1.0
2,21,2,833.0,989.0,0.8422649
2,22,0,904.0,1033.0,0.875121
2,22,1,989.0,1033.0,0.9574056
2,22,2,1033.0,1033.0,1.0
2,23,0,904.0,1084.0,0.8339483
2,23,1,989.0,1084.0,0.9123616
2,23,2,1084.0,1084.0,1.0
2,24,0,1158.0,1158.0,1.0
2,24,1,989.0,1158.0,0.85405874
2,24,2,1084.0,1158.0,0.9360967
2,25,0,1158.0,1218.0,0.9507389
2,25,1,989.0,1218.0,0.81198686
2,25,2,1218.0,1218.0,1.0
2,26,0,1158.0,1264.0,0.91613925
2,26,1,1264.0,1264.0,1.0
2,26,2,1218.0,1264.0,0.9636076
2,27,0,1158.0,1334.0,0.86806595
2,27,1,1264.0,1334.0,0.9475262
2,27,2,1334.0,1334.0,1.0
2,28,0,1158.0,1374.0,0.8427948
2,28,1,1374.0,1374.0,1.0
2,28,2,1334.0,1374.0,0.9708879
2,29,0,1158.0,1412.0,0.8201133
2,29,1,1412.0,1412.0,1.0
2,29,2,1334.0,1412.0,0.9447592
2,30,0,1484.0,1484.0,1.0
2,30,1,1412.0,1484.0,0.9514825
2,30,2,1334.0,1484.0,0.89892185
2,31,0,1484.0,1532.0,0.9686684
2,31,1,1532.0,1532.0,1.0
2,31,2,1334.0,1532.0,0.87075716
2,32,0,1484.0,1575.0,0.94222224
2,32,1,1575.0,1575.0,1.0
2,32,2,1334.0,1575.0,0.84698415
2,33,0,1484.0,1621.0,0.91548425
2,33,1,1621.0,1621.0,1.0
2,33,2,1334.0,1621.0,0.8229488
2,34,0,1484.0,1654.0,0.8972189
2,34,1,1654.0,1654.0,1.0
2,34,2,1334.0,1654.0,0.80652964
2,35,0,1484.0,1722.0,0.86178863
2,35,1,1654.0,1722.0,0.960511
2,35,2,1722.0,1722.0,1.0
2,36,0,1484.0,1767.0,0.83984154
2,36,1,1767.0,1767.0,1.0
2,36,2,1722.0,1767.0,0.9745331
2,37,0,1843.0,1843.0,1.0
2,37,1,1767.0,1843.0,0.9587629
2,37,2,1722.0,1843.0,0.9343462
2,38,0,1843.0,1888.0,0.97616524
2,38,1,1888.0,1888.0,1.0
2,38,2,1722.0,1888.0,0.9120763
2,39,0,1843.0,1930.0,0.95492226
2,39,1,1930.0,1930.0,1.0
2,39,2,1722.0,1930.0,0.892228
2,40,0,1843.0,1963.0,0.93886906
2,40,1,1963.0,1963.0,1.0
2,40,2,1722.0,1963.0,0.87722874
2,41,0,2028.0,2028.0,1.0
2,41,1,1963.0,2028.0,0.96794873
2,41,2,1722.0,2028.0,0.84911245
2,42,0,2028.0,2060.0,0.984466
2,42,1,2060.0,2060.0,1.0
2,42,2,1722.0,2060.0,0.8359223
2,43,0,2115.0,2115.0,1.0
2,43,1,2060.0,2115.0,0.97399527
2,43,2,1722.0,2115.0,0.81418437
2,44,0,2193.0,2193.0,1.0
2,44,1,2060.0,2193.0,0.9393525
2,44,2,1722.0,2193.0,0.7852257
2,45,0,2193.0,2233.0,0.9820869
2,45,1,2233.0,2233.0,1.0
2,45,2,1722.0,2233.0,0.7711599
2,46,0,2193.0,2275.0,0.96395606
2,46,1,2275.0,2275.0,1.0
2,46,2,1722.0,2275.0,0.7569231
2,47,0,2193.0,2310.0,0.94935066
2,47,1,2310.0,2310.0,1.0
2,47,2,1722.0,2310.0,0.74545455
2,48,0,2193.0,2364.0,0.927665
2,48,1,2310.0,2364.0,0.97715735
2,48,2,2364.0,2364.0,1.0
2,49,0,2193.0,2414.0,0.9084507
2,49,1,2310.0,2414.0,0.956918
2,49,2,2414.0,2414.0,1.0
2,50,0,2193.0,2447.0,0.8961994
2,50,1,2447.0,2447.0,1.0
2,50,2,2414.0,2447.0,0.9865141
2,51,0,2193.0,2520.0,0.87023807
2,51,1,2447.0,2520.0,0.9710317
2,51,2,2520.0,2520.0,1.0
2,52,0,2193.0,2555.0,0.858317
2,52,1,2555.0,2555.0,1.0
2,52,2,2520.0,2555.0,0.98630136
2,53,0,2193.0,2594.0,0.8454125
2,53,1,2555.0,2594.0,0.9849653
2,53,2,2594.0,2594.0,1.0
2,54,0,2193.0,2636.0,0.8319423
2,54,1,2636.0,2636.0,1.0
2,54,2,2594.0,2636.0,0.9840668
2,55,0,2193.0,2686.0,0.8164557
2,55,1,2686.0,2686.0,1.0
2,55,2,2594.0,2686.0,0.9657483
2,56,0,2193.0,2723.0,0.80536175
2,56,1,2723.0,2723.0,1.0
2,56,2,2594.0,2723.0,0.95262575
2,57,0,2193.0,2756.0,0.79571843
2,57,1,2756.0,2756.0,1.0
2,57,2,2594.0,2756.0,0.94121915
2,58,0,2193.0,2812.0,0.779872
2,58,1,2756.0,2812.0,0.9800854
2,58,2,2812.0,2812.0,1.0
2,59,0,2856.0,2856.0,1.0
2,59,1,2756.0,2856.0,0.96498597
2,59,2,2812.0,2856.0,0.9845938
2,60,0,2856.0,2924.0,0.9767442
2,60,1,2756.0,2924.0,0.94254446
2,60,2,2924.0,2924.0,1.0
2,61,0,2856.0,2958.0,0.9655172
2,61,1,2958.0,2958.0,1.0
2,61,2,2924.0,2958.0,0.9885057
2,62,0,2856.0,2995.0,0.9535893
2,62,1,2995.0,2995.0,1.0
2,62,2,2924.0,2995.0,0.9762938
2,63,0,3060.0,3060.0,1.0
2,63,1,2995.0,3060.0,0.97875816
2,63,2,2924.0,3060.0,0.95555556
2,64,0,3060.0,3093.0,0.98933077
2,64,1,3093.0,3093.0,1.0
2,64,2,2924.0,3093.0,0.9453605
2,65,0,3060.0,3138.0,0.97514343
2,65,1,3138.0,3138.0,1.0
2,65,2,2924.0,3138.0,0.9318037
2,66,0,3060.0,3179.0,0.96256685
2,66,1,3179.0,3179.0,1.0
2,66,2,2924.0,3179.0,0.9197861
2,67,0,3060.0,3210.0,0.95327103
2,67,1,3210.0,3210.0,1.0
2,67,2,2924.0,3210.0,0.91090345
2,68,0,3060.0,3243.0,0.9435708
2,68,1,3243.0,3243.0,1.0
2,68,2,2924.0,3243.0,0.9016343
2,69,0,3060.0,3273.0,0.9349221
2,69,1,3273.0,3273.0,1.0
2,69,2,2924.0,3273.0,0.89337
2,70,0,3060.0,3330.0,0.9189189
2,70,1,3273.0,3330.0,0.98288286
2,70,2,3330.0,3330.0,1.0
2,71,0,3060.0,3380.0,0.9053255
2,71,1,3380.0,3380.0,1.0
2,71,2,3330.0,3380.0,0.9852071
2,72,0,3060.0,3417.0,0.8955224
2,72,1,3380.0,3417.0,0.9891718
2,72,2,3417.0,3417.0,1.0
2,73,0,3060.0,3454.0,0.88592935
2,73,1,3454.0,3454.0,1.0
2,73,2,3417.0,3454.0,0.9892878
2,74,0,3060.0,3523.0,0.8685779
2,74,1,3454.0,3523.0,0.9804144
2,74,2,3523.0,3523.0,1.0
2,75,0,3060.0,3576.0,0.8557047
2,75,1,3454.0,3576.0,0.9658837
2,75,2,3576.0,3576.0,1.0
2,76,0,3060.0,3611.0,0.8474107
2,76,1,3611.0,3611.0,1.0
2,76,2,3576.0,3611.0,0.9903074
2,77,0,3060.0,3651.0,0.83812654
2,77,1,3611.0,3651.0,0.9890441
2,77,2,3651.0,3651.0,1.0
2,78,0,3060.0,3700.0,0.827027
2,78,1,3611.0,3700.0,0.97594595
2,78,2,3700.0,3700.0,1.0
2,79,0,3060.0,3745.0,0.81708944
2,79,1,3745.0,3745.0,1.0
2,79,2,3700.0,3745.0,0.987984
2,80,0,3060.0,3800.0,0.80526316
2,80,1,3745.0,3800.0,0.9855263
2,80,2,3800.0,3800.0,1.0
2,81,0,3060.0,3873.0,0.7900852
2,81,1,3745.0,3873.0,0.96695065
2,81,2,3873.0,3873.0,1.0
2,82,0,3060.0,3909.0,0.7828089
2,82,1,3909.0,3909.0,1.0
2,82,2,3873.0,3909.0,0.9907905
2,83,0,3060.0,3946.0,0.7754688
2,83,1,3909.0,3946.0,0.9906234
2,83,2,3946.0,3946.0,1.0
2,84,0,3060.0,4019.0,0.7613834
2,84,1,3909.0,4019.0,0.97263
2,84,2,4019.0,4019.0,1.0
2,85,0,3060.0,4073.0,0.75128895
2,85,1,3909.0,4073.0,0.95973486
2,85,2,4073.0,4073.0,1.0
2,86,0,3060.0,4142.0,0.7387735
2,86,1,3909.0,4142.0,0.943747
2,86,2,4142.0,4142.0,1.0
2,87,0,4205.0,4205.0,1.0
2,87,1,3909.0,4205.0,0.9296076
2,87,2,4142.0,4205.0,0.98501784
2,88,0,4205.0,4242.0,0.9912777
2,88,1,4242.0,4242.0,1.0
2,88,2,4142.0,4242.0,0.97642624
2,89,0,4205.0,4306.0,0.9765444
2,89,1,4242.0,4306.0,0.98513705
2,89,2,4306.0,4306.0,1.0
2,90,0,4205.0,4350.0,0.96666664
2,90,1,4350.0,4350.0,1.0
2,90,2,4306.0,4350.0,0.98988503
2,91,0,4205.0,4392.0,0.9574226
2,91,1,4392.0,4392.0,1.0
2,91,2,4306.0,4392.0,0.9804189
2,92,0,4448.0,4448.0,1.0
2,92,1,4392.0,4448.0,0.98741007
2,92,2,4306.0,4448.0,0.9680755
2,93,0,4448.0,4497.0,0.98910385
2,93,1,4497.0,4497.0,1.0
2,93,2,4306.0,4497.0,0.9575272
2,94,0,4448.0,4527.0,0.98254913
2,94,1,4527.0,4527.0,1.0
2,94,2,4306.0,4527.0,0.95118177
2,95,0,4448.0,4568.0,0.9737303
2,95,1,4527.0,4568.0,0.9910245
2,95,2,4568.0,4568.0,1.0
2,96,0,4448.0,4601.0,0.96674633
2,96,1,4601.0,4601.0,1.0
2,96,2,4568.0,4601.0,0.99282765
2,97,0,4448.0,4638.0,0.9590341
2,97,1,4638.0,4638.0,1.0
2,97,2,4568.0,4638.0,0.98490727
2,98,0,4448.0,4669.0,0.9526665
2,98,1,4669.0,4669.0,1.0
2,98,2,4568.0,4669.0,0.978368
2,99,0,4712.0,4712.0,1.0
2,99,1,4669.0,4712.0,0.99087435
2,99,2,4568.0,4712.0,0.96943974
2,100,0,4712.0,4753.0,0.9913739
2,100,1,4669.0,4753.0,0.9823269
2,100,2,4753.0,4753.0,1.0
2,101,0,4712.0,4793.0,0.98310035
2,101,1,4669.0,4793.0,0.97412896
2,101,2,4793.0,4793.0,1.0
2,102,0,4712.0,4836.0,0.974359
2,102,1,4836.0,4836.0,1.0
2,102,2,4793.0,4836.0,0.99110836
2,103,0,4712.0,4871.0,0.9673578
2,103,1,4871.0,4871.0,1.0
2,103,2,4793.0,4871.0,0.98398685
2,104,0,4712.0,4927.0,0.9563629
2,104,1,4871.0,4927.0,0.98863405
2,104,2,4927.0,4927.0,1.0
2,105,0,4712.0,4959.0,0.95019156
2,105,1,4959.0,4959.0,1.0
2,105,2,4927.0,4959.0,0.9935471
2,106,0,4712.0,5025.0,0.9377114
2,106,1,4959.0,5025.0,0.9868657
2,106,2,5025.0,5025.0,1.0
2,107,0,4712.0,5066.0,0.9301224
2,107,1,5066.0,5066.0,1.0
2,107,2,5025.0,5066.0,0.9919068
2,108,0,4712.0,5098.0,0.92428404
2,108,1,5098.0,5098.0,1.0
2,108,2,5025.0,5098.0,0.98568064
2,109,0,4712.0,5141.0,0.9165532
2,109,1,5098.0,5141.0,0.99163586
2,109,2,5141.0,5141.0,1.0
2,110,0,4712.0,5191.0,0.9077249
2,110,1,5191.0,5191.0,1.0
2,110,2,5141.0,5191.0,0.99036795
2,111,0,4712.0,5224.0,0.90199083
2,111,1,5224.0,5224.0,1.0
2,111,2,5141.0,5224.0,0.9841118
2,112,0,4712.0,5289.0,0.8909057
2,112,1,5224.0,5289.0,0.98771036
2,112,2,5289.0,5289.0,1.0
2,113,0,4712.0,5358.0,0.8794326
2,113,1,5224.0,5358.0,0.97499067
2,113,2,5358.0,5358.0,1.0
2,114,0,4712.0,5408.0,0.8713018
2,114,1,5408.0,5408.0,1.0
2,114,2,5358.0,5408.0,0.9907544
2,115,0,4712.0,5450.0,0.8645871
2,115,1,5450.0,5450.0,1.0
2,115,2,5358.0,5450.0,0.98311925
2,116,0,4712.0,5495.0,0.8575068
2,116,1,5495.0,5495.0,1.0
2,116,2,5358.0,5495.0,0.9750683
2,117,0,4712.0,5530.0,0.8520796
2,117,1,5495.0,5530.0,0.9936709
2,117,2,5530.0,5530.0,1.0
2,118,0,4712.0,5566.0,0.84656847
2,118,1,5566.0,5566.0,1.0
2,118,2,5530.0,5566.0,0.9935322
2,119,0,4712.0,5599.0,0.84157884
2,119,1,5566.0,5599.0,0.9941061
2,119,2,5599.0,5599.0,1.0
2,120,0,4712.0,5640.0,0.835461
2,120,1,5640.0,5640.0,1.0
2,120,2,5599.0,5640.0,0.9927305
2,121,0,4712.0,5684.0,0.8289937
2,121,1,5684.0,5684.0,1.0
2,121,2,5599.0,5684.0,0.98504573
2,122,0,4712.0,5721.0,0.82363224
2,122,1,5684.0,5721.0,0.9935326
2,122,2,5721.0,5721.0,1.0
2,123,0,4712.0,5757.0,0.81848186
2,123,1,5684.0,5757.0,0.98731977
2,123,2,5757.0,5757.0,1.0
2,124,0,4712.0,5795.0,0.81311476
2,124,1,5795.0,5795.0,1.0
2,124,2,5757.0,5795.0,0.9934426
2,125,0,4712.0,5845.0,0.80615914
2,125,1,5795.0,5845.0,0.99144566
2,125,2,5845.0,5845.0,1.0
2,126,0,4712.0,5887.0,0.8004077
2,126,1,5795.0,5887.0,0.9843723
2,126,2,5887.0,5887.0,1.0
2,127,0,4712.0,5936.0,0.79380053
2,127,1,5936.0,5936.0,1.0
2,127,2,5887.0,5936.0,0.9917453
2,128,0,4712.0,5981.0,0.78782815
2,128,1,5981.0,5981.0,1.0
2,128,2,5887.0,5981.0,0.98428357
2,129,0,4712.0,6021.0,0.78259426
2,129,1,6021.0,6021.0,1.0
2,129,2,5887.0,6021.0,0.9777446
2,130,0,4712.0,6065.0,0.77691674
2,130,1,6065.0,6065.0,1.0
2,130,2,5887.0,6065.0,0.97065127
2,131,0,4712.0,6108.0,0.7714473
2,131,1,6108.0,6108.0,1.0
2,131,2,5887.0,6108.0,0.96381795
2,132,0,4712.0,6149.0,0.7663035
2,132,1,6149.0,6149.0,1.0
2,132,2,5887.0,6149.0,0.95739144
2,133,0,4712.0,6191.0,0.7611048
2,133,1,6149.0,6191.0,0.993216
2,133,2,6191.0,6191.0,1.0
2,134,0,4712.0,6247.0,0.75428206
2,134,1,6149.0,6247.0,0.9843125
2,134,2,6247.0,6247.0,1.0
3,1,0,26.0,26.0,1.0
3,1,1,0.0,26.0,0.0
3,1,2,0.0,26.0,0.0
3,2,0,85.0,85.0,1.0
3,2,1,0.0,85.0,0.0
3,2,2,0.0,85.0,0.0
3,3,0,165.0,165.0,1.0
3,3,1,0.0,165.0,0.0
3,3,2,0.0,165.0,0.0
3,4,0,224.0,224.0,1.0
3,4,1,0.0,224.0,0.0
3,4,2,0.0,224.0,0.0
3,5,0,295.0,295.0,1.0
3,5,1,0.0,295.0,0.0
3,5,2,0.0,295.0,0.0
3,6,0,358.0,358.0,1.0
3,6,1,0.0,358.0,0.0
3,6,2,0.0,358.0,0.0
3,7,0,358.0,373.0,0.9597855
3,7,1,373.0,373.0,1.0
3,7,2,0.0,373.0,0.0
3,8,0,433.0,433.0,1.0
3,8,1,373.0,433.0,0.8614319
3,8,2,0.0,433.0,0.0
3,9,0,491.0,491.0,1.0
3,9,1,373.0,491.0,0.75967413
3,9,2,0.0,491.0,0.0
3,10,0,553.0,553.0,1.0
3,10,1,373.0,553.0,0.67450273
3,10,2,0.0,553.0,0.0
3,11,0,624.0,624.0,1.0
3,11,1,373.0,624.0,0.5977564
3,11,2,0.0,624.0,0.0
3,12,0,700.0,700.0,1.0
3,12,1,373.0,700.0,0.5328571
3,12,2,0.0,700.0,0.0
3,13,0,700.0,738.0,0.9485095
3,13,1,738.0,738.0,1.0
3,13,2,0.0,738.0,0.0
3,14,0,700.0,766.0,0.91383815
3,14,1,766.0,766.0,1.0
3,14,2,0.0,766.0,0.0
3,15,0,700.0,801.0,0.8739076
3,15,1,766.0,801.0,0.9563046
3,15,2,801.0,801.0,1.0
3,16,0,700.0,832.0,0.84134614
3,16,1,832.0,832.0,1.0
3,16,2,801.0,832.0,0.96274036
3,17,0,700.0,866.0,0.8083141
3,17,1,832.0,866.0,0.960739
3,17,2,866.0,866.0,1.0
3,18,0,942.0,942.0,1.0
3,18,1,832.0,942.0,0.88322717
3,18,2,866.0,942.0,0.9193206
3,19,0,942.0,975.0,0.96615386
3,19,1,975.0,975.0,1.0
3,19,2,866.0,975.0,0.8882051
3,20,0,942.0,1021.0,0.9226249
3,20,1,975.0,1021.0,0.95494616
3,20,2,1021.0,1021.0,1.0
3,21,0,942.0,1066.0,0.8836773
3,21,1,1066.0,1066.0,1.0
3,21,2,1021.0,1066.0,0.95778614
3,22,0,942.0,1105.0,0.8524887
3,22,1,1066.0,1105.0,0.9647059
3,22,2,1105.0,1105.0,1.0
3,23,0,942.0,1140.0,0.82631576
3,23,1,1140.0,1140.0,1.0
3,23,2,1105.0,1140.0,0.96929824
3,24,0,1196.0,1196.0,1.0
3,24,1,1140.0,1196.0,0.9531773
3,24,2,1105.0,1196.0,0.92391306
3,25,0,1196.0,1233.0,0.96999186
3,25,1,1233.0,1233.0,1.0
3,25,2,1105.0,1233.0,0.89618814
3,26,0,1196.0,1276.0,0.9373041
3,26,1,1276.0,1276.0,1.0
3,26,2,1105.0,1276.0,0.8659875
3,27,0,1196.0,1311.0,0.9122807
3,27,1,1311.0,1311.0,1.0
3,27,2,1105.0,1311.0,0.84286803
3,28,0,1196.0,1366.0,0.8755491
3,28,1,1311.0,1366.0,0.95973647
3,28,2,1366.0,1366.0,1.0
3,29,0,1196.0,1405.0,0.8512455
3,29,1,1311.0,1405.0,0.9330961
3,29,2,1405.0,1405.0,1.0
3,30,0,1196.0,1451.0,0.8242591
3,30,1,1451.0,1451.0,1.0
3,30,2,1405.0,1451.0,0.9682977
3,31,0,1196.0,1520.0,0.7868421
3,31,1,1451.0,1520.0,0.9546053
3,31,2,1520.0,1520.0,1.0
3,32,0,1585.0,1585.0,1.0
3,32,1,1451.0,1585.0,0.9154574
3,32,2,1520.0,1585.0,0.9589905
3,33,0,1585.0,1618.0,0.9796044
3,33,1,1618.0,1618.0,1.0
3,33,2,1520.0,1618.0,0.93943137
3,34,0,1585.0,1688.0,0.93898106
3,34,1,1618.0,1688.0,0.9585308
3,34,2,1688.0,1688.0,1.0
3,35,0,1585.0,1734.0,0.9140715
3,35,1,1734.0,1734.0,1.0
3,35,2,1688.0,1734.0,0.97347176
3,36,0,1815.0,1815.0,1.0
3,36,1,1734.0,1815.0,0.9553719
3,36,2,1688.0,1815.0,0.93002754
3,37,0,1895.0,1895.0,1.0
3,37,1,1734.0,1895.0,0.9150396
3,37,2,1688.0,1895.0,0.8907652
3,38,0,1895.0,1928.0,0.9828838
3,38,1,1928.0,1928.0,1.0
3,38,2,1688.0,1928.0,0.8755187
3,39,0,1895.0,1958.0,0.96782434
3,39,1,1958.0,1958.0,1.0
3,39,2,1688.0,1958.0,0.8621042
3,40,0,1895.0,1993.0,0.9508279
3,40,1,1993.0,1993.0,1.0
3,40,2,1688.0,1993.0,0.84696436
3,41,0,1895.0,2038.0,0.9298332
3,41,1,1993.0,2038.0,0.9779195
3,41,2,2038.0,2038.0,1.0
3,42,0,1895.0,2081.0,0.9106199
3,42,1,2081.0,2081.0,1.0
3,42,2,2038.0,2081.0,0.97933686
3,43,0,1895.0,2114.0,0.8964049
3,43,1,2114.0,2114.0,1.0
3,43,2,2038.0,2114.0,0.9640492
3,44,0,1895.0,2170.0,0.8732719
3,44,1,2114.0,2170.0,0.9741936
3,44,2,2170.0,2170.0,1.0
3,45,0,1895.0,2213.0,0.85630363
3,45,1,2213.0,2213.0,1.0
3,45,2,2170.0,2213.0,0.98056936
3,46,0,1895.0,2250.0,0.8422222
3,46,1,2250.0,2250.0,1.0
3,46,2,2170.0,2250.0,0.96444446
3,47,0,1895.0,2283.0,0.8300482
3,47,1,2283.0,2283.0,1.0
3,47,2,2170.0,2283.0,0.9505037
3,48,0,1895.0,2331.0,0.8129558
3,48,1,2331.0,2331.0,1.0
3,48,2,2170.0,2331.0,0.9309309
3,49,0,1895.0,2404.0,0.7882696
3,49,1,2331.0,2404.0,0.96963394
3,49,2,2404.0,2404.0,1.0
3,50,0,1895.0,2438.0,0.77727646
3,50,1,2438.0,2438.0,1.0
3,50,2,2404.0,2438.0,0.9860541
3,51,0,1895.0,2488.0,0.7616559
3,51,1,2488.0,2488.0,1.0
3,51,2,2404.0,2488.0,0.96623796
3,52,0,1895.0,2528.0,0.7496044
3,52,1,2488.0,2528.0,0.98417723
3,52,2,2528.0,2528.0,1.0
3,53,0,1895.0,2576.0,0.73563665
3,53,1,2576.0,2576.0,1.0
3,53,2,2528.0,2576.0,0.98136646
3,54,0,1895.0,2626.0,0.72162986
3,54,1,2576.0,2626.0,0.98095965
3,54,2,2626.0,2626.0,1.0
3,55,0,1895.0,2694.0,0.703415
3,55,1,2576.0,2694.0,0.956199
3,55,2,2694.0,2694.0,1.0
3,56,0,1895.0,2758.0,0.6870921
3,56,1,2576.0,2758.0,0.93401015
3,56,2,2758.0,2758.0,1.0
3,57,0,2821.0,2821.0,1.0
3,57,1,2576.0,2821.0,0.9131514
3,57,2,2758.0,2821.0,0.9776675
3,58,0,2821.0,2863.0,0.98533005
3,58,1,2863.0,2863.0,1.0
3,58,2,2758.0,2863.0,0.9633252
3,59,0,2821.0,2920.0,0.96609586
3,59,1,2863.0,2920.0,0.9804795
3,59,2,2920.0,2920.0,1.0
3,60,0,2821.0,2973.0,0.94887316
3,60,1,2863.0,2973.0,0.96300036
3,60,2,2973.0,2973.0,1.0
3,61,0,2821.0,3011.0,0.93689805
3,61,1,3011.0,3011.0,1.0
3,61,2,2973.0,3011.0,0.9873796
3,62,0,3083.0,3083.0,1.0
3,62,1,3011.0,3083.0,0.9766461
3,62,2,2973.0,3083.0,0.9643205
3,63,0,3083.0,3151.0,0.97841954
3,63,1,3011.0,3151.0,0.9555697
3,63,2,3151.0,3151.0,1.0
3,64,0,3083.0,3193.0,0.96554965
3,64,1,3193.0,3193.0,1.0
3,64,2,3151.0,3193.0,0.9868462
3,65,0,3083.0,3223.0,0.9565622
3,65,1,3223.0,3223.0,1.0
3,65,2,3151.0,3223.0,0.97766054
3,66,0,3083.0,3260.0,0.94570553
3,66,1,3223.0,3260.0,0.9886503
3,66,2,3260.0,3260.0,1.0
3,67,0,3083.0,3333.0,0.9249925
3,67,1,3223.0,3333.0,0.9669967
3,67,2,3333.0,3333.0,1.0
3,68,0,3407.0,3407.0,1.0
3,68,1,3223.0,3407.0,0.94599354
3,68,2,3333.0,3407.0,0.97828
3,69,0,3407.0,3449.0,0.98782253
3,69,1,3449.0,3449.0,1.0
3,69,2,3333.0,3449.0,0.96636707
3,70,0,3407.0,3489.0,0.9764976
3,70,1,3489.0,3489.0,1.0
3,70,2,3333.0,3489.0,0.95528805
3,71,0,3407.0,3526.0,0.9662507
3,71,1,3489.0,3526.0,0.98950654
3,71,2,3526.0,3526.0,1.0
3,72,0,3407.0,3571.0,0.9540745
3,72,1,3571.0,3571.0,1.0
3,72,2,3526.0,3571.0,0.9873985
3,73,0,3407.0,3625.0,0.9398621
3,73,1,3571.0,3625.0,0.9851034
3,73,2,3625.0,3625.0,1.0
3,74,0,3407.0,3668.0,0.92884403
3,74,1,3571.0,3668.0,0.9735551
3,74,2,3668.0,3668.0,1.0
3,75,0,3407.0,3695.0,0.92205685
3,75,1,3695.0,3695.0,1.0
3,75,2,3668.0,3695.0,0.9926928
3,76,0,3407.0,3731.0,0.91316
3,76,1,3731.0,3731.0,1.0
3,76,2,3668.0,3731.0,0.9831144
3,77,0,3407.0,3771.0,0.90347385
3,77,1,3731.0,3771.0,0.98939276
3,77,2,3771.0,3771.0,1.0
3,78,0,3407.0,3812.0,0.89375657
3,78,1,3812.0,3812.0,1.0
3,78,2,3771.0,3812.0,0.9892445
3,79,0,3407.0,3849.0,0.885165
3,79,1,3849.0,3849.0,1.0
3,79,2,3771.0,3849.0,0.979735
3,80,0,3407.0,3894.0,0.8749358
3,80,1,3894.0,3894.0,1.0
3,80,2,3771.0,3894.0,0.96841294
3,81,0,3407.0,3936.0,0.8655996
3,81,1,3936.0,3936.0,1.0
3,81,2,3771.0,3936.0,0.9580793
3,82,0,3407.0,3991.0,0.8536708
3,82,1,3936.0,3991.0,0.986219
3,82,2,3991.0,3991.0,1.0
3,83,0,3407.0,4040.0,0.84331685
3,83,1,3936.0,4040.0,0.9742574
3,83,2,4040.0,4040.0,1.0
3,84,0,3407.0,4096.0,0.8317871
3,84,1,3936.0,4096.0,0.9609375
3,84,2,4096.0,4096.0,1.0
3,85,0,3407.0,4146.0,0.8217559
3,85,1,4146.0,4146.0,1.0
3,85,2,4096.0,4146.0,0.9879402
3,86,0,3407.0,4180.0,0.81507176
3,86,1,4180.0,4180.0,1.0
3,86,2,4096.0,4180.0,0.9799043
3,87,0,3407.0,4224.0,0.80658144
3,87,1,4224.0,4224.0,1.0
3,87,2,4096.0,4224.0,0.969697
3,88,0,3407.0,4264.0,0.799015
3,88,1,4264.0,4264.0,1.0
3,88,2,4096.0,4264.0,0.9606004
3,89,0,3407.0,4304.0,0.7915892
3,89,1,4304.0,4304.0,1.0
3,89,2,4096.0,4304.0,0.95167285
3,90,0,3407.0,4339.0,0.785204
3,90,1,4339.0,4339.0,1.0
3,90,2,4096.0,4339.0,0.9439963
3,91,0,3407.0,4379.0,0.7780315
3,91,1,4379.0,4379.0,1.0
3,91,2,4096.0,4379.0,0.93537337
3,92,0,3407.0,4415.0,0.77168745
3,92,1,4379.0,4415.0,0.99184597
3,92,2,4415.0,4415.0,1.0
3,93,0,4455.0,4455.0,1.0
3,93,1,4379.0,4455.0,0.9829405
3,93,2,4415.0,4455.0,0.99102134
3,94,0,4455.0,4505.0,0.9889012
3,94,1,4505.0,4505.0,1.0
3,94,2,4415.0,4505.0,0.9800222
3,95,0,4455.0,4574.0,0.9739834
3,95,1,4505.0,4574.0,0.9849147
3,95,2,4574.0,4574.0,1.0
3,96,0,4455.0,4624.0,0.96345156
3,96,1,4624.0,4624.0,1.0
3,96,2,4574.0,4624.0,0.9891868
3,97,0,4455.0,4666.0,0.95477927
3,97,1,4666.0,4666.0,1.0
3,97,2,4574.0,4666.0,0.9802829
3,98,0,4455.0,4715.0,0.9448568
3,98,1,4715.0,4715.0,1.0
3,98,2,4574.0,4715.0,0.97009546
3,99,0,4455.0,4757.0,0.9365146
3,99,1,4757.0,4757.0,1.0
3,99,2,4574.0,4757.0,0.9615304
3,100,0,4455.0,4800.0,0.928125
3,100,1,4800.0,4800.0,1.0
3,100,2,4574.0,4800.0,0.9529167
3,101,0,4455.0,4873.0,0.9142212
3,101,1,4800.0,4873.0,0.9850195
3,101,2,4873.0,4873.0,1.0
3,102,0,4455.0,4922.0,0.9051199
3,102,1,4800.0,4922.0,0.97521335
3,102,2,4922.0,4922.0,1.0
3,103,0,4455.0,4972.0,0.8960177
3,103,1,4972.0,4972.0,1.0
3,103,2,4922.0,4972.0,0.9899437
3,104,0,4455.0,5015.0,0.888335
3,104,1,5015.0,5015.0,1.0
3,104,2,4922.0,5015.0,0.9814556
3,105,0,4455.0,5057.0,0.88095707
3,105,1,5015.0,5057.0,0.9916947
3,105,2,5057.0,5057.0,1.0
3,106,0,4455.0,5094.0,0.8745583
3,106,1,5015.0,5094.0,0.9844916
3,106,2,5094.0,5094.0,1.0
3,107,0,4455.0,5135.0,0.86757547
3,107,1,5015.0,5135.0,0.976631
3,107,2,5135.0,5135.0,1.0
3,108,0,4455.0,5166.0,0.86236936
3,108,1,5166.0,5166.0,1.0
3,108,2,5135.0,5166.0,0.99399924
3,109,0,4455.0,5199.0,0.85689557
3,109,1,5199.0,5199.0,1.0
3,109,2,5135.0,5199.0,0.9876899
3,110,0,4455.0,5260.0,0.84695816
3,110,1,5199.0,5260.0,0.988403
3,110,2,5260.0,5260.0,1.0
3,111,0,4455.0,5292.0,0.84183675
3,111,1,5292.0,5292.0,1.0
3,111,2,5260.0,5292.0,0.9939531
3,112,0,4455.0,5323.0,0.83693403
3,112,1,5323.0,5323.0,1.0
3,112,2,5260.0,5323.0,0.98816454
3,113,0,4455.0,5359.0,0.8313118
3,113,1,5359.0,5359.0,1.0
3,113,2,5260.0,5359.0,0.9815264
3,114,0,4455.0,5396.0,0.8256116
3,114,1,5396.0,5396.0,1.0
3,114,2,5260.0,5396.0,0.9747961
3,115,0,4455.0,5429.0,0.8205931
3,115,1,5429.0,5429.0,1.0
3,115,2,5260.0,5429.0,0.9688709
3,116,0,4455.0,5470.0,0.8144424
3,116,1,5470.0,5470.0,1.0
3,116,2,5260.0,5470.0,0.96160877
3,117,0,4455.0,5514.0,0.8079434
3,117,1,5514.0,5514.0,1.0
3,117,2,5260.0,5514.0,0.95393544
3,118,0,4455.0,5551.0,0.8025581
3,118,1,5551.0,5551.0,1.0
3,118,2,5260.0,5551.0,0.947577
3,119,0,4455.0,5581.0,0.79824406
3,119,1,5581.0,5581.0,1.0
3,119,2,5260.0,5581.0,0.9424834
3,120,0,4455.0,5613.0,0.7936932
3,120,1,5613.0,5613.0,1.0
3,120,2,5260.0,5613.0,0.9371103
3,121,0,4455.0,5678.0,0.78460723
3,121,1,5613.0,5678.0,0.98855233
3,121,2,5678.0,5678.0,1.0
3,122,0,4455.0,5739.0,0.77626765
3,122,1,5613.0,5739.0,0.9780449
3,122,2,5739.0,5739.0,1.0
3,123,0,4455.0,5780.0,0.77076125
3,123,1,5613.0,5780.0,0.97110724
3,123,2,5780.0,5780.0,1.0
3,124,0,4455.0,5821.0,0.7653324
3,124,1,5821.0,5821.0,1.0
3,124,2,5780.0,5821.0,0.9929565
3,125,0,4455.0,5866.0,0.7594613
3,125,1,5866.0,5866.0,1.0
3,125,2,5780.0,5866.0,0.9853392
3,126,0,4455.0,5940.0,0.75
3,126,1,5866.0,5940.0,0.9875421
3,126,2,5940.0,5940.0,1.0
3,127,0,4455.0,5975.0,0.7456067
3,127,1,5866.0,5975.0,0.98175734
3,127,2,5975.0,5975.0,1.0
3,128,0,4455.0,6012.0,0.74101794
3,128,1,5866.0,6012.0,0.9757152
3,128,2,6012.0,6012.0,1.0
3,129,0,4455.0,6050.0,0.73636365
3,129,1,5866.0,6050.0,0.9695868
3,129,2,6050.0,6050.0,1.0
3,130,0,4455.0,6088.0,0.7317674
3,130,1,6088.0,6088.0,1.0
3,130,2,6050.0,6088.0,0.9937582
3,131,0,4455.0,6137.0,0.72592473
3,131,1,6137.0,6137.0,1.0
3,131,2,6050.0,6137.0,0.9858237
3,132,0,4455.0,6182.0,0.72064054
3,132,1,6182.0,6182.0,1.0
3,132,2,6050.0,6182.0,0.9786477
3,133,0,4455.0,6221.0,0.7161228
3,133,1,6221.0,6221.0,1.0
3,133,2,6050.0,6221.0,0.9725125
3,134,0,4455.0,6262.0,0.71143407
3,134,1,6262.0,6262.0,1.0
3,134,2,6050.0,6262.0,0.966145
4,1,0,41.0,41.0,1.0
4,1,1,0.0,41.0,0.0
4,1,2,0.0,41.0,0.0
4,2,0,107.0,107.0,1.0
4,2,1,0.0,107.0,0.0
4,2,2,0.0,107.0,0.0
4,3,0,165.0,165.0,1.0
4,3,1,0.0,165.0,0.0
4,3,2,0.0,165.0,0.0
4,4,0,165.0,188.0,0.87765956
4,4,1,188.0,188.0,1.0
4,4,2,0.0,188.0,0.0
4,5,0,250.0,250.0,1.0
4,5,1,188.0,250.0,0.752
4,5,2,0.0,250.0,0.0
4,6,0,306.0,306.0,1.0
4,6,1,188.0,306.0,0.6143791
4,6,2,0.0,306.0,0.0
4,7,0,371.0,371.0,1.0
4,7,1,188.0,371.0,0.50673854
4,7,2,0.0,371.0,0.0
4,8,0,371.0,411.0,0.9026764
4,8,1,411.0,411.0,1.0
4,8,2,0.0,411.0,0.0
4,9,0,371.0,440.0,0.8431818
4,9,1,411.0,440.0,0.9340909
4,9,2,440.0,440.0,1.0
4,10,0,500.0,500.0,1.0
4,10,1,411.0,500.0,0.822
4,10,2,440.0,500.0,0.88
4,11,0,580.0,580.0,1.0
4,11,1,411.0,580.0,0.70862067
4,11,2,440.0,580.0,0.7586207
4,12,0,656.0,656.0,1.0
4,12,1,411.0,656.0,0.6265244
4,12,2,440.0,656.0,0.6707317
4,13,0,721.0,721.0,1.0
4,13,1,411.0,721.0,0.5700416
4,13,2,440.0,721.0,0.6102635
4,14,0,721.0,756.0,0.9537037
4,14,1,756.0,756.0,1.0
4,14,2,440.0,756.0,0.58201057
4,15,0,721.0,826.0,0.87288135
4,15,1,756.0,826.0,0.91525424
4,15,2,826.0,826.0,1.0
4,16,0,721.0,871.0,0.8277842
4,16,1,756.0,871.0,0.86796784
4,16,2,871.0,871.0,1.0
4,17,0,930.0,930.0,1.0
4,17,1,756.0,930.0,0.8129032
4,17,2,871.0,930.0,0.93655914
4,18,0,993.0,993.0,1.0
4,18,1,756.0,993.0,0.7613293
4,18,2,871.0,993.0,0.87714
4,19,0,993.0,1036.0,0.9584942
4,19,1,1036.0,1036.0,1.0
4,19,2,871.0,1036.0,0.8407336
4,20,0,1107.0,1107.0,1.0
4,20,1,1036.0,1107.0,0.9358627
4,20,2,871.0,1107.0,0.7868112
4,21,0,1170.0,1170.0,1.0
4,21,1,1036.0,1170.0,0.8854701
4,21,2,871.0,1170.0,0.74444443
4,22,0,1170.0,1203.0,0.9725686
4,22,1,1203.0,1203.0,1.0
4,22,2,871.0,1203.0,0.7240233
4,23,0,1170.0,1271.0,0.920535
4,23,1,1203.0,1271.0,0.9464988
4,23,2,1271.0,1271.0,1.0
4,24,0,1170.0,1313.0,0.8910891
4,24,1,1313.0,1313.0,1.0
4,24,2,1271.0,1313.0,0.9680122
4,25,0,1170.0,1373.0,0.8521486
4,25,1,1313.0,1373.0,0.9563001
4,25,2,1373.0,1373.0,1.0
4,26,0,1170.0,1415.0,0.8268551
4,26,1,1415.0,1415.0,1.0
4,26,2,1373.0,1415.0,0.970318
4,27,0,1456.0,1456.0,1.0
4,27,1,1415.0,1456.0,0.9718407
4,27,2,1373.0,1456.0,0.94299453
4,28,0,1456.0,1496.0,0.973262
4,28,1,1496.0,1496.0,1.0
4,28,2,1373.0,1496.0,0.91778076
4,29,0,1456.0,1541.0,0.944841
4,29,1,1541.0,1541.0,1.0
4,29,2,1373.0,1541.0,0.8909799
4,30,0,1456.0,1609.0,0.9049099
4,30,1,1541.0,1609.0,0.95773774
4,30,2,1609.0,1609.0,1.0
4,31,0,1456.0,1652.0,0.88135594
4,31,1,1652.0,1652.0,1.0
4,31,2,1609.0,1652.0,0.97397095
4,32,0,1456.0,1698.0,0.8574794
4,32,1,1698.0,1698.0,1.0
4,32,2,1609.0,1698.0,0.9475854
4,33,0,1456.0,1737.0,0.83822685
4,33,1,1698.0,1737.0,0.97754747
4,33,2,1737.0,1737.0,1.0
4,34,0,1456.0,1793.0,0.8120468
4,34,1,1698.0,1793.0,0.9470162
4,34,2,1793.0,1793.0,1.0
4,35,0,1456.0,1830.0,0.7956284
4,35,1,1830.0,1830.0,1.0
4,35,2,1793.0,1830.0,0.97978145
4,36,0,1456.0,1863.0,0.78153515
4,36,1,1863.0,1863.0,1.0
4,36,2,1793.0,1863.0,0.9624262
4,37,0,1456.0,1898.0,0.7671233
4,37,1,1898.0,1898.0,1.0
4,37,2,1793.0,1898.0,0.9446786
4,38,0,1456.0,1926.0,0.7559709
4,38,1,1926.0,1926.0,1.0
4,38,2,1793.0,1926.0,0.930945
4,39,0,1456.0,1956.0,0.7443763
4,39,1,1956.0,1956.0,1.0
4,39,2,1793.0,1956.0,0.9166667
4,40,0,1456.0,1995.0,0.72982454
4,40,1,1956.0,1995.0,0.9804511
4,40,2,1995.0,1995.0,1.0
4,41,0,1456.0,2052.0,0.70955163
4,41,1,1956.0,2052.0,0.9532164
4,41,2,2052.0,2052.0,1.0
4,42,0,1456.0,2102.0,0.6926736
4,42,1,1956.0,2102.0,0.93054235
4,42,2,2102.0,2102.0,1.0
4,43,0,1456.0,2133.0,0.68260664
4,43,1,2133.0,2133.0,1.0
4,43,2,2102.0,2133.0,0.9854665
4,44,0,1456.0,2164.0,0.6728281
4,44,1,2164.0,2164.0,1.0
4,44,2,2102.0,2164.0,0.97134936
4,45,0,2240.0,2240.0,1.0
4,45,1,2164.0,2240.0,0.9660714
4,45,2,2102.0,2240.0,0.9383929
4,46,0,2240.0,2283.0,0.9811651
4,46,1,2283.0,2283.0,1.0
4,46,2,2102.0,2283.0,0.9207184
4,47,0,2240.0,2329.0,0.96178615
4,47,1,2329.0,2329.0,1.0
4,47,2,2102.0,2329.0,0.9025333
4,48,0,2240.0,2378.0,0.941968
4,48,1,2329.0,2378.0,0.97939444
4,48,2,2378.0,2378.0,1.0
4,49,0,2240.0,2413.0,0.92830503
4,49,1,2413.0,2413.0,1.0
4,49,2,2378.0,2413.0,0.9854952
4,50,0,2240.0,2453.0,0.91316754
4,50,1,2413.0,2453.0,0.9836934
4,50,2,2453.0,2453.0,1.0
4,51,0,2240.0,2486.0,0.90104586
4,51,1,2486.0,2486.0,1.0
4,51,2,2453.0,2486.0,0.9867257
4,52,0,2240.0,2524.0,0.8874802
4,52,1,2524.0,2524.0,1.0
4,52,2,2453.0,2524.0,0.97187006
4,53,0,2240.0,2593.0,0.86386424
4,53,1,2524.0,2593.0,0.9733899
4,53,2,2593.0,2593.0,1.0
4,54,0,2240.0,2629.0,0.852035
4,54,1,2629.0,2629.0,1.0
4,54,2,2593.0,2629.0,0.9863066
4,55,0,2240.0,2677.0,0.83675754
4,55,1,2677.0,2677.0,1.0
4,55,2,2593.0,2677.0,0.9686216
4,56,0,2240.0,2714.0,0.82535005
4,56,1,2677.0,2714.0,0.986367
4,56,2,2714.0,2714.0,1.0
4,57,0,2240.0,2756.0,0.81277215
4,57,1,2677.0,2756.0,0.9713353
4,57,2,2756.0,2756.0,1.0
4,58,0,2240.0,2807.0,0.798005
4,58,1,2677.0,2807.0,0.9536872
4,58,2,2807.0,2807.0,1.0
4,59,0,2240.0,2857.0,0.7840392
4,59,1,2677.0,2857.0,0.9369969
4,59,2,2857.0,2857.0,1.0
4,60,0,2240.0,2892.0,0.7745505
4,60,1,2892.0,2892.0,1.0
4,60,2,2857.0,2892.0,0.98789763
4,61,0,2240.0,2937.0,0.76268303
4,61,1,2937.0,2937.0,1.0
4,61,2,2857.0,2937.0,0.97276133
4,62,0,2240.0,2980.0,0.7516779
4,62,1,2937.0,2980.0,0.9855705
4,62,2,2980.0,2980.0,1.0
4,63,0,2240.0,3018.0,0.74221337
4,63,1,3018.0,3018.0,1.0
4,63,2,2980.0,3018.0,0.9874089
4,64,0,3092.0,3092.0,1.0
4,64,1,3018.0,3092.0,0.97606725
4,64,2,2980.0,3092.0,0.9637775
4,65,0,3092.0,3132.0,0.98722863
4,65,1,3132.0,3132.0,1.0
4,65,2,2980.0,3132.0,0.9514687
4,66,0,3092.0,3169.0,0.9757021
4,66,1,3169.0,3169.0,1.0
4,66,2,2980.0,3169.0,0.9403597
4,67,0,3092.0,3223.0,0.95935464
4,67,1,3169.0,3223.0,0.98324543
4,67,2,3223.0,3223.0,1.0
4,68,0,3092.0,3255.0,0.9499232
4,68,1,3255.0,3255.0,1.0
4,68,2,3223.0,3255.0,0.990169
4,69,0,3092.0,3295.0,0.9383915
4,69,1,3255.0,3295.0,0.9878604
4,69,2,3295.0,3295.0,1.0
4,70,0,3354.0,3354.0,1.0
4,70,1,3255.0,3354.0,0.970483
4,70,2,3295.0,3354.0,0.98240906
4,71,0,3354.0,3409.0,0.9838662
4,71,1,3255.0,3409.0,0.95482546
4,71,2,3409.0,3409.0,1.0
4,72,0,3354.0,3450.0,0.9721739
4,72,1,3255.0,3450.0,0.9434783
4,72,2,3450.0,3450.0,1.0
4,73,0,3354.0,3493.0,0.96020615
4,73,1,3493.0,3493.0,1.0
4,73,2,3450.0,3493.0,0.9876897
4,74,0,3354.0,3530.0,0.95014167
4,74,1,3530.0,3530.0,1.0
4,74,2,3450.0,3530.0,0.9773371
4,75,0,3354.0,3564.0,0.9410775
4,75,1,3564.0,3564.0,1.0
4,75,2,3450.0,3564.0,0.96801347
4,76,0,3354.0,3599.0,0.93192554
4,76,1,3599.0,3599.0,1.0
4,76,2,3450.0,3599.0,0.9585996
4,77,0,3354.0,3640.0,0.92142856
4,77,1,3640.0,3640.0,1.0
4,77,2,3450.0,3640.0,0.9478022
4,78,0,3354.0,3684.0,0.91042346
4,78,1,3684.0,3684.0,1.0
4,78,2,3450.0,3684.0,0.9364821
4,79,0,3354.0,3721.0,0.9013706
4,79,1,3721.0,3721.0,1.0
4,79,2,3450.0,3721.0,0.9271701
4,80,0,3354.0,3758.0,0.892496
4,80,1,3721.0,3758.0,0.9901543
4,80,2,3758.0,3758.0,1.0
4,81,0,3354.0,3808.0,0.8807773
4,81,1,3808.0,3808.0,1.0
4,81,2,3758.0,3808.0,0.98686975
4,82,0,3354.0,3861.0,0.86868685
4,82,1,3808.0,3861.0,0.986273
4,82,2,3861.0,3861.0,1.0
4,83,0,3354.0,3904.0,0.8591189
4,83,1,3904.0,3904.0,1.0
4,83,2,3861.0,3904.0,0.98898566
4,84,0,3354.0,3938.0,0.8517014
4,84,1,3938.0,3938.0,1.0
4,84,2,3861.0,3938.0,0.98044693
4,85,0,3354.0,3980.0,0.8427136
4,85,1,3980.0,3980.0,1.0
4,85,2,3861.0,3980.0,0.9701005
4,86,0,3354.0,4012.0,0.83599204
4,86,1,4012.0,4012.0,1.0
4,86,2,3861.0,4012.0,0.9623629
4,87,0,3354.0,4057.0,0.8267192
4,87,1,4057.0,4057.0,1.0
4,87,2,3861.0,4057.0,0.95168847
4,88,0,3354.0,4107.0,0.8166545
4,88,1,4107.0,4107.0,1.0
4,88,2,3861.0,4107.0,0.9401023
4,89,0,3354.0,4150.0,0.8081928
4,89,1,4150.0,4150.0,1.0
4,89,2,3861.0,4150.0,0.93036145
4,90,0,3354.0,4192.0,0.80009544
4,90,1,4192.0,4192.0,1.0
4,90,2,3861.0,4192.0,0.92104006
4,91,0,3354.0,4234.0,0.7921587
4,91,1,4192.0,4234.0,0.9900803
4,91,2,4234.0,4234.0,1.0
4,92,0,3354.0,4299.0,0.7801814
4,92,1,4192.0,4299.0,0.9751105
4,92,2,4299.0,4299.0,1.0
4,93,0,3354.0,4372.0,0.76715463
4,93,1,4192.0,4372.0,0.9588289
4,93,2,4372.0,4372.0,1.0
4,94,0,3354.0,4446.0,0.75438595
4,94,1,4192.0,4446.0,0.94287
4,94,2,4446.0,4446.0,1.0
4,95,0,4501.0,4501.0,1.0
4,95,1,4192.0,4501.0,0.93134856
4,95,2,4446.0,4501.0,0.9877805
4,96,0,4501.0,4539.0,0.9916281
4,96,1,4539.0,4539.0,1.0
4,96,2,4446.0,4539.0,0.9795109
4,97,0,4611.0,4611.0,1.0
4,97,1,4539.0,4611.0,0.9843852
4,97,2,4446.0,4611.0,0.964216
4,98,0,4611.0,4667.0,0.98800087
4,98,1,4539.0,4667.0,0.9725734
4,98,2,4667.0,4667.0,1.0
4,99,0,4611.0,4716.0,0.97773534
4,99,1,4716.0,4716.0,1.0
4,99,2,4667.0,4716.0,0.98960984
4,100,0,4611.0,4756.0,0.9695122
4,100,1,4756.0,4756.0,1.0
4,100,2,4667.0,4756.0,0.9812868
4,101,0,4611.0,4792.0,0.9622287
4,101,1,4756.0,4792.0,0.9924875
4,101,2,4792.0,4792.0,1.0
4,102,0,4611.0,4836.0,0.9534739
4,102,1,4836.0,4836.0,1.0
4,102,2,4792.0,4836.0,0.9909016
4,103,0,4611.0,4869.0,0.9470117
4,103,1,4869.0,4869.0,1.0
4,103,2,4792.0,4869.0,0.98418564
4,104,0,4611.0,4938.0,0.9337789
4,104,1,4869.0,4938.0,0.9860267
4,104,2,4938.0,4938.0,1.0
4,105,0,4611.0,4978.0,0.9262756
4,105,1,4869.0,4978.0,0.97810364
4,105,2,4978.0,4978.0,1.0
4,106,0,4611.0,5039.0,0.9150625
4,106,1,4869.0,5039.0,0.9662632
4,106,2,5039.0,5039.0,1.0
4,107,0,4611.0,5088.0,0.90625
4,107,1,5088.0,5088.0,1.0
4,107,2,5039.0,5088.0,0.9903695
4,108,0,4611.0,5133.0,0.89830506
4,108,1,5133.0,5133.0,1.0
4,108,2,5039.0,5133.0,0.9816871
4,109,0,4611.0,5183.0,0.8896392
4,109,1,5183.0,5183.0,1.0
4,109,2,5039.0,5183.0,0.97221684
4,110,0,4611.0,5256.0,0.8772831
4,110,1,5183.0,5256.0,0.9861111
4,110,2,5256.0,5256.0,1.0
4,111,0,4611.0,5310.0,0.8683616
4,111,1,5183.0,5310.0,0.97608286
4,111,2,5310.0,5310.0,1.0
4,112,0,4611.0,5360.0,0.8602612
4,112,1,5360.0,5360.0,1.0
4,112,2,5310.0,5360.0,0.99067163
4,113,0,4611.0,5402.0,0.8535727
4,113,1,5402.0,5402.0,1.0
4,113,2,5310.0,5402.0,0.9829693
4,114,0,4611.0,5443.0,0.8471431
4,114,1,5402.0,5443.0,0.9924674
4,114,2,5443.0,5443.0,1.0
4,115,0,4611.0,5507.0,0.837298
4,115,1,5402.0,5507.0,0.98093337
4,115,2,5507.0,5507.0,1.0
4,116,0,4611.0,5557.0,0.82976425
4,116,1,5557.0,5557.0,1.0
4,116,2,5507.0,5557.0,0.9910023
4,117,0,4611.0,5588.0,0.82516104
4,117,1,5588.0,5588.0,1.0
4,117,2,5507.0,5588.0,0.9855046
4,118,0,4611.0,5649.0,0.8162507
4,118,1,5588.0,5649.0,0.9892016
4,118,2,5649.0,5649.0,1.0
4,119,0,4611.0,5682.0,0.81151
4,119,1,5682.0,5682.0,1.0
4,119,2,5649.0,5682.0,0.9941922
4,120,0,4611.0,5755.0,0.8012163
4,120,1,5682.0,5755.0,0.98731536
4,120,2,5755.0,5755.0,1.0
4,121,0,4611.0,5781.0,0.79761285
4,121,1,5781.0,5781.0,1.0
4,121,2,5755.0,5781.0,0.99550253
4,122,0,4611.0,5831.0,0.79077345
4,122,1,5831.0,5831.0,1.0
4,122,2,5755.0,5831.0,0.9869662
4,123,0,4611.0,5863.0,0.7864574
4,123,1,5863.0,5863.0,1.0
4,123,2,5755.0,5863.0,0.9815794
4,124,0,4611.0,5895.0,0.7821883
4,124,1,5863.0,5895.0,0.9945717
4,124,2,5895.0,5895.0,1.0
4,125,0,4611.0,5932.0,0.77730954
4,125,1,5932.0,5932.0,1.0
4,125,2,5895.0,5932.0,0.9937627
4,126,0,4611.0,5968.0,0.7726206
4,126,1,5968.0,5968.0,1.0
4,126,2,5895.0,5968.0,0.9877681
4,127,0,4611.0,6006.0,0.76773226
4,127,1,5968.0,6006.0,0.99367297
4,127,2,6006.0,6006.0,1.0
4,128,0,4611.0,6039.0,0.763537
4,128,1,6039.0,6039.0,1.0
4,128,2,6006.0,6039.0,0.9945355
4,129,0,4611.0,6069.0,0.7597627
4,129,1,6069.0,6069.0,1.0
4,129,2,6006.0,6069.0,0.9896194
4,130,0,4611.0,6106.0,0.75515884
4,130,1,6106.0,6106.0,1.0
4,130,2,6006.0,6106.0,0.98362267
4,131,0,4611.0,6142.0,0.75073266
4,131,1,6142.0,6142.0,1.0
4,131,2,6006.0,6142.0,0.97785735
4,132,0,4611.0,6187.0,0.74527234
4,132,1,6187.0,6187.0,1.0
4,132,2,6006.0,6187.0,0.9707451
4,133,0,4611.0,6231.0,0.7400096
4,133,1,6231.0,6231.0,1.0
4,133,2,6006.0,6231.0,0.96389025
4,134,0,4611.0,6272.0,0.7351722
4,134,1,6272.0,6272.0,1.0
4,134,2,6006.0,6272.0,0.95758927
5,1,0,26.0,26.0,1.0
5,1,1,0.0,26.0,0.0
5,1,2,0.0,26.0,0.0
5,2,0,102.0,102.0,1.0
5,2,1,0.0,102.0,0.0
5,2,2,0.0,102.0,0.0
5,3,0,165.0,165.0,1.0
5,3,1,0.0,165.0,0.0
5,3,2,0.0,165.0,0.0
5,4,0,236.0,236.0,1.0
5,4,1,0.0,236.0,0.0
5,4,2,0.0,236.0,0.0
5,5,0,317.0,317.0,1.0
5,5,1,0.0,317.0,0.0
5,5,2,0.0,317.0,0.0
5,6,0,376.0,376.0,1.0
5,6,1,0.0,376.0,0.0
5,6,2,0.0,376.0,0.0
5,7,0,432.0,432.0,1.0
5,7,1,0.0,432.0,0.0
5,7,2,0.0,432.0,0.0
5,8,0,432.0,445.0,0.9707865
5,8,1,445.0,445.0,1.0
5,8,2,0.0,445.0,0.0
5,9,0,525.0,525.0,1.0
5,9,1,445.0,525.0,0.84761906
5,9,2,0.0,525.0,0.0
5,10,0,587.0,587.0,1.0
5,10,1,445.0,587.0,0.758092
5,10,2,0.0,587.0,0.0
5,11,0,587.0,627.0,0.93620414
5,11,1,627.0,627.0,1.0
5,11,2,0.0,627.0,0.0
5,12,0,587.0,662.0,0.88670695
5,12,1,662.0,662.0,1.0
5,12,2,0.0,662.0,0.0
5,13,0,587.0,697.0,0.8421808
5,13,1,697.0,697.0,1.0
5,13,2,0.0,697.0,0.0
5,14,0,777.0,777.0,1.0
5,14,1,697.0,777.0,0.8970399
5,14,2,0.0,777.0,0.0
5,15,0,842.0,842.0,1.0
5,15,1,697.0,842.0,0.827791
5,15,2,0.0,842.0,0.0
5,16,0,842.0,882.0,0.95464855
5,16,1,882.0,882.0,1.0
5,16,2,0.0,882.0,0.0
5,17,0,842.0,911.0,0.92425907
5,17,1,882.0,911.0,0.9681668
5,17,2,911.0,911.0,1.0
5,18,0,970.0,970.0,1.0
5,18,1,882.0,970.0,0.90927833
5,18,2,911.0,970.0,0.93917525
5,19,0,1026.0,1026.0,1.0
5,19,1,882.0,1026.0,0.8596491
5,19,2,911.0,1026.0,0.88791424
5,20,0,1104.0,1104.0,1.0
5,20,1,882.0,1104.0,0.79891306
5,20,2,911.0,1104.0,0.8251812
5,21,0,1104.0,1154.0,0.95667243
5,21,1,882.0,1154.0,0.7642981
5,21,2,1154.0,1154.0,1.0
5,22,0,1104.0,1227.0,0.8997555
5,22,1,882.0,1227.0,0.7188264
5,22,2,1227.0,1227.0,1.0
5,23,0,1104.0,1297.0,0.85119504
5,23,1,882.0,1297.0,0.6800308
5,23,2,1297.0,1297.0,1.0
5,24,0,1373.0,1373.0,1.0
5,24,1,882.0,1373.0,0.64238894
5,24,2,1297.0,1373.0,0.9446468
5,25,0,1373.0,1418.0,0.9682652
5,25,1,882.0,1418.0,0.62200284
5,25,2,1418.0,1418.0,1.0
5,26,0,1373.0,1458.0,0.94170094
5,26,1,882.0,1458.0,0.60493827
5,26,2,1458.0,1458.0,1.0
5,27,0,1373.0,1494.0,0.9190094
5,27,1,1494.0,1494.0,1.0
5,27,2,1458.0,1494.0,0.97590363
5,28,0,1373.0,1537.0,0.8932986
5,28,1,1537.0,1537.0,1.0
5,28,2,1458.0,1537.0,0.9486012
5,29,0,1373.0,1570.0,0.87452227
5,29,1,1570.0,1570.0,1.0
5,29,2,1458.0,1570.0,0.9286624
5,30,0,1373.0,1603.0,0.85651904
5,30,1,1603.0,1603.0,1.0
5,30,2,1458.0,1603.0,0.9095446
5,31,0,1373.0,1660.0,0.82710844
5,31,1,1603.0,1660.0,0.96566266
5,31,2,1660.0,1660.0,1.0
5,32,0,1373.0,1702.0,0.806698
5,32,1,1702.0,1702.0,1.0
5,32,2,1660.0,1702.0,0.97532314
5,33,0,1760.0,1760.0,1.0
5,33,1,1702.0,1760.0,0.9670454
5,33,2,1660.0,1760.0,0.9431818
5,34,0,1760.0,1790.0,0.98324025
5,34,1,1790.0,1790.0,1.0
5,34,2,1660.0,1790.0,0.9273743
5,35,0,1760.0,1824.0,0.9649123
5,35,1,1824.0,1824.0,1.0
5,35,2,1660.0,1824.0,0.9100877
5,36,0,1760.0,1867.0,0.9426888
5,36,1,1867.0,1867.0,1.0
5,36,2,1660.0,1867.0,0.88912696
5,37,0,1760.0,1917.0,0.9181012
5,37,1,1917.0,1917.0,1.0
5,37,2,1660.0,1917.0,0.86593634
5,38,0,1760.0,1952.0,0.90163934
5,38,1,1952.0,1952.0,1.0
5,38,2,1660.0,1952.0,0.85040987
5,39,0,1760.0,2012.0,0.8747515
5,39,1,1952.0,2012.0,0.9701789
5,39,2,2012.0,2012.0,1.0
5,40,0,1760.0,2048.0,0.859375
5,40,1,2048.0,2048.0,1.0
5,40,2,2012.0,2048.0,0.9824219
5,41,0,1760.0,2116.0,0.831758
5,41,1,2048.0,2116.0,0.9678639
5,41,2,2116.0,2116.0,1.0
5,42,0,1760.0,2158.0,0.81557
5,42,1,2158.0,2158.0,1.0
5,42,2,2116.0,2158.0,0.98053753
5,43,0,1760.0,2226.0,0.7906559
5,43,1,2158.0,2226.0,0.9694519
5,43,2,2226.0,2226.0,1.0
5,44,0,1760.0,2277.0,0.77294683
5,44,1,2158.0,2277.0,0.94773823
5,44,2,2277.0,2277.0,1.0
5,45,0,1760.0,2314.0,0.76058775
5,45,1,2158.0,2314.0,0.9325843
5,45,2,2314.0,2314.0,1.0
5,46,0,1760.0,2352.0,0.7482993
5,46,1,2352.0,2352.0,1.0
5,46,2,2314.0,2352.0,0.98384356
5,47,0,2427.0,2427.0,1.0
5,47,1,2352.0,2427.0,0.9690977
5,47,2,2314.0,2427.0,0.9534405
5,48,0,2427.0,2465.0,0.98458415
5,48,1,2465.0,2465.0,1.0
5,48,2,2314.0,2465.0,0.9387424
5,49,0,2427.0,2515.0,0.9650099
5,49,1,2515.0,2515.0,1.0
5,49,2,2314.0,2515.0,0.9200795
5,50,0,2427.0,2555.0,0.9499022
5,50,1,2555.0,2555.0,1.0
5,50,2,2314.0,2555.0,0.9056752
5,51,0,2427.0,2601.0,0.93310267
5,51,1,2601.0,2601.0,1.0
5,51,2,2314.0,2601.0,0.8896578
5,52,0,2427.0,2649.0,0.9161948
5,52,1,2649.0,2649.0,1.0
5,52,2,2314.0,2649.0,0.8735372
5,53,0,2427.0,2686.0,0.9035741
5,53,1,2649.0,2686.0,0.9862249
5,53,2,2686.0,2686.0,1.0
5,54,0,2427.0,2723.0,0.8912964
5,54,1,2723.0,2723.0,1.0
5,54,2,2686.0,2723.0,0.98641205
5,55,0,2427.0,2771.0,0.8758571
5,55,1,2771.0,2771.0,1.0
5,55,2,2686.0,2771.0,0.9693251
5,56,0,2427.0,2813.0,0.86278
5,56,1,2813.0,2813.0,1.0
5,56,2,2686.0,2813.0,0.95485246
5,57,0,2427.0,2846.0,0.8527758
5,57,1,2846.0,2846.0,1.0
5,57,2,2686.0,2846.0,0.9437807
5,58,0,2427.0,2888.0,0.84037393
5,58,1,2888.0,2888.0,1.0
5,58,2,2686.0,2888.0,0.9300554
5,59,0,2427.0,2938.0,0.82607216
5,59,1,2938.0,2938.0,1.0
5,59,2,2686.0,2938.0,0.91422737
5,60,0,2427.0,2970.0,0.8171717
5,60,1,2970.0,2970.0,1.0
5,60,2,2686.0,2970.0,0.9043771
5,61,0,2427.0,3013.0,0.80550945
5,61,1,3013.0,3013.0,1.0
5,61,2,2686.0,3013.0,0.8914703
5,62,0,3072.0,3072.0,1.0
5,62,1,3013.0,3072.0,0.98079425
5,62,2,2686.0,3072.0,0.87434894
5,63,0,3072.0,3113.0,0.9868294
5,63,1,3113.0,3113.0,1.0
5,63,2,2686.0,3113.0,0.86283326
5,64,0,3072.0,3156.0,0.973384
5,64,1,3113.0,3156.0,0.98637515
5,64,2,3156.0,3156.0,1.0
5,65,0,3072.0,3197.0,0.96090084
5,65,1,3197.0,3197.0,1.0
5,65,2,3156.0,3197.0,0.98717546
5,66,0,3252.0,3252.0,1.0
5,66,1,3197.0,3252.0,0.9830873
5,66,2,3156.0,3252.0,0.9704797
5,67,0,3252.0,3305.0,0.98396367
5,67,1,3197.0,3305.0,0.96732223
5,67,2,3305.0,3305.0,1.0
5,68,0,3252.0,3347.0,0.9716164
5,68,1,3197.0,3347.0,0.95518374
5,68,2,3347.0,3347.0,1.0
5,69,0,3252.0,3392.0,0.9587264
5,69,1,3392.0,3392.0,1.0
5,69,2,3347.0,3392.0,0.9867335
5,70,0,3464.0,3464.0,1.0
5,70,1,3392.0,3464.0,0.9792148
5,70,2,3347.0,3464.0,0.966224
5,71,0,3464.0,3503.0,0.9888667
5,71,1,3392.0,3503.0,0.96831286
5,71,2,3503.0,3503.0,1.0
5,72,0,3464.0,3546.0,0.97687536
5,72,1,3546.0,3546.0,1.0
5,72,2,3503.0,3546.0,0.9878737
5,73,0,3464.0,3591.0,0.9646338
5,73,1,3591.0,3591.0,1.0
5,73,2,3503.0,3591.0,0.97549427
5,74,0,3464.0,3664.0,0.94541484
5,74,1,3591.0,3664.0,0.98007643
5,74,2,3664.0,3664.0,1.0
5,75,0,3464.0,3713.0,0.93293834
5,75,1,3591.0,3713.0,0.96714246
5,75,2,3713.0,3713.0,1.0
5,76,0,3464.0,3743.0,0.9254609
5,76,1,3743.0,3743.0,1.0
5,76,2,3713.0,3743.0,0.991985
5,77,0,3464.0,3789.0,0.9142254
5,77,1,3789.0,3789.0,1.0
5,77,2,3713.0,3789.0,0.97994196
5,78,0,3464.0,3825.0,0.90562093
5,78,1,3825.0,3825.0,1.0
5,78,2,3713.0,3825.0,0.970719
5,79,0,3464.0,3880.0,0.8927835
5,79,1,3825.0,3880.0,0.98582476
5,79,2,3880.0,3880.0,1.0
5,80,0,3464.0,3929.0,0.88164926
5,80,1,3825.0,3929.0,0.9735302
5,80,2,3929.0,3929.0,1.0
5,81,0,3464.0,3998.0,0.8664332
5,81,1,3825.0,3998.0,0.95672834
5,81,2,3998.0,3998.0,1.0
5,82,0,3464.0,4039.0,0.857638
5,82,1,3825.0,4039.0,0.9470166
5,82,2,4039.0,4039.0,1.0
5,83,0,3464.0,4088.0,0.8473581
5,83,1,4088.0,4088.0,1.0
5,83,2,4039.0,4088.0,0.9880137
5,84,0,3464.0,4128.0,0.83914727
5,84,1,4128.0,4128.0,1.0
5,84,2,4039.0,4128.0,0.9784399
5,85,0,3464.0,4158.0,0.8330928
5,85,1,4158.0,4158.0,1.0
5,85,2,4039.0,4158.0,0.9713805
5,86,0,3464.0,4201.0,0.8245656
5,86,1,4201.0,4201.0,1.0
5,86,2,4039.0,4201.0,0.96143776
5,87,0,3464.0,4255.0,0.81410104
5,87,1,4201.0,4255.0,0.98730904
5,87,2,4255.0,4255.0,1.0
5,88,0,3464.0,4294.0,0.806707
5,88,1,4201.0,4294.0,0.9783419
5,88,2,4294.0,4294.0,1.0
5,89,0,3464.0,4350.0,0.7963218
5,89,1,4201.0,4350.0,0.9657471
5,89,2,4350.0,4350.0,1.0
5,90,0,3464.0,4384.0,0.790146
5,90,1,4384.0,4384.0,1.0
5,90,2,4350.0,4384.0,0.99224454
5,91,0,3464.0,4422.0,0.78335595
5,91,1,4422.0,4422.0,1.0
5,91,2,4350.0,4422.0,0.9837178
5,92,0,3464.0,4452.0,0.77807724
5,92,1,4452.0,4452.0,1.0
5,92,2,4350.0,4452.0,0.9770889
5,93,0,3464.0,4489.0,0.7716641
5,93,1,4489.0,4489.0,1.0
5,93,2,4350.0,4489.0,0.96903545
5,94,0,3464.0,4526.0,0.7653557
5,94,1,4526.0,4526.0,1.0
5,94,2,4350.0,4526.0,0.9611136
5,95,0,3464.0,4568.0,0.7583187
5,95,1,4526.0,4568.0,0.9908056
5,95,2,4568.0,4568.0,1.0
5,96,0,3464.0,4613.0,0.7509213
5,96,1,4613.0,4613.0,1.0
5,96,2,4568.0,4613.0,0.990245
5,97,0,3464.0,4650.0,0.74494624
5,97,1,4650.0,4650.0,1.0
5,97,2,4568.0,4650.0,0.9823656
5,98,0,3464.0,4695.0,0.7378062
5,98,1,4695.0,4695.0,1.0
5,98,2,4568.0,4695.0,0.9729499
5,99,0,3464.0,4737.0,0.73126453
5,99,1,4737.0,4737.0,1.0
5,99,2,4568.0,4737.0,0.9643234
5,100,0,3464.0,4793.0,0.7227206
5,100,1,4737.0,4793.0,0.9883163
5,100,2,4793.0,4793.0,1.0
5,101,0,3464.0,4844.0,0.7151115
5,101,1,4737.0,4844.0,0.9779108
5,101,2,4844.0,4844.0,1.0
5,102,0,3464.0,4884.0,0.7092547
5,102,1,4737.0,4884.0,0.96990174
5,102,2,4884.0,4884.0,1.0
5,103,0,3464.0,4929.0,0.7027795
5,103,1,4929.0,4929.0,1.0
5,103,2,4884.0,4929.0,0.99087036
5,104,0,3464.0,4973.0,0.69656146
5,104,1,4973.0,4973.0,1.0
5,104,2,4884.0,4973.0,0.98210335
5,105,0,3464.0,5017.0,0.69045246
5,105,1,5017.0,5017.0,1.0
5,105,2,4884.0,5017.0,0.9734901
5,106,0,3464.0,5067.0,0.6836392
5,106,1,5017.0,5067.0,0.9901322
5,106,2,5067.0,5067.0,1.0
5,107,0,3464.0,5117.0,0.67695916
5,107,1,5117.0,5117.0,1.0
5,107,2,5067.0,5117.0,0.99022865
5,108,0,3464.0,5154.0,0.67209935
5,108,1,5117.0,5154.0,0.9928211
5,108,2,5154.0,5154.0,1.0
5,109,0,3464.0,5187.0,0.66782343
5,109,1,5187.0,5187.0,1.0
5,109,2,5154.0,5187.0,0.9936379
5,110,0,3464.0,5230.0,0.6623327
5,110,1,5230.0,5230.0,1.0
5,110,2,5154.0,5230.0,0.98546845
5,111,0,3464.0,5262.0,0.6583048
5,111,1,5262.0,5262.0,1.0
5,111,2,5154.0,5262.0,0.9794755
5,112,0,3464.0,5327.0,0.6502722
5,112,1,5262.0,5327.0,0.98779804
5,112,2,5327.0,5327.0,1.0
5,113,0,3464.0,5358.0,0.6465099
5,113,1,5262.0,5358.0,0.98208284
5,113,2,5358.0,5358.0,1.0
5,114,0,3464.0,5391.0,0.6425524
5,114,1,5391.0,5391.0,1.0
5,114,2,5358.0,5391.0,0.99387866
5,115,0,3464.0,5440.0,0.6367647
5,115,1,5440.0,5440.0,1.0
5,115,2,5358.0,5440.0,0.98492646
5,116,0,3464.0,5509.0,0.62878925
5,116,1,5440.0,5509.0,0.98747504
5,116,2,5509.0,5509.0,1.0
5,117,0,3464.0,5550.0,0.62414414
5,117,1,5440.0,5550.0,0.9801802
5,117,2,5550.0,5550.0,1.0
5,118,0,3464.0,5587.0,0.62001073
5,118,1,5587.0,5587.0,1.0
5,118,2,5550.0,5587.0,0.9933775
5,119,0,3464.0,5631.0,0.61516607
5,119,1,5631.0,5631.0,1.0
5,119,2,5550.0,5631.0,0.9856154
5,120,0,3464.0,5697.0,0.6080393
5,120,1,5631.0,5697.0,0.98841494
5,120,2,5697.0,5697.0,1.0
5,121,0,3464.0,5738.0,0.6036947
5,121,1,5738.0,5738.0,1.0
5,121,2,5697.0,5738.0,0.99285465
5,122,0,3464.0,5807.0,0.59652144
5,122,1,5738.0,5807.0,0.9881178
5,122,2,5807.0,5807.0,1.0
5,123,0,3464.0,5880.0,0.5891156
5,123,1,5738.0,5880.0,0.97585034
5,123,2,5880.0,5880.0,1.0
5,124,0,3464.0,5918.0,0.5853329
5,124,1,5738.0,5918.0,0.96958435
5,124,2,5918.0,5918.0,1.0
5,125,0,3464.0,5963.0,0.58091563
5,125,1,5963.0,5963.0,1.0
5,125,2,5918.0,5963.0,0.99245346
5,126,0,3464.0,5998.0,0.57752585
5,126,1,5963.0,5998.0,0.9941647
5,126,2,5998.0,5998.0,1.0
5,127,0,3464.0,6040.0,0.57350993
5,127,1,6040.0,6040.0,1.0
5,127,2,5998.0,6040.0,0.99304634
5,128,0,3464.0,6081.0,0.56964314
5,128,1,6081.0,6081.0,1.0
5,128,2,5998.0,6081.0,0.98635095
5,129,0,3464.0,6140.0,0.5641694
5,129,1,6081.0,6140.0,0.9903909
5,129,2,6140.0,6140.0,1.0
5,130,0,3464.0,6185.0,0.5600647
5,130,1,6185.0,6185.0,1.0
5,130,2,6140.0,6185.0,0.99272436
5,131,0,3464.0,6216.0,0.55727154
5,131,1,6216.0,6216.0,1.0
5,131,2,6140.0,6216.0,0.9877735
5,132,0,3464.0,6249.0,0.5543287
5,132,1,6249.0,6249.0,1.0
5,132,2,6140.0,6249.0,0.98255724
5,133,0,3464.0,6275.0,0.5520319
5,133,1,6275.0,6275.0,1.0
5,133,2,6140.0,6275.0,0.97848606
5,134,0,3464.0,6307.0,0.549231
5,134,1,6307.0,6307.0,1.0
5,134,2,6140.0,6307.0,0.9735215
6,1,0,31.0,31.0,1.0
6,1,1,0.0,31.0,0.0
6,1,2,0.0,31.0,0.0
6,2,0,111.0,111.0,1.0
6,2,1,0.0,111.0,0.0
6,2,2,0.0,111.0,0.0
6,3,0,177.0,177.0,1.0
6,3,1,0.0,177.0,0.0
6,3,2,0.0,177.0,0.0
6,4,0,248.0,248.0,1.0
6,4,1,0.0,248.0,0.0
6,4,2,0.0,248.0,0.0
6,5,0,310.0,310.0,1.0
6,5,1,0.0,310.0,0.0
6,5,2,0.0,310.0,0.0
6,6,0,371.0,371.0,1.0
6,6,1,0.0,371.0,0.0
6,6,2,0.0,371.0,0.0
6,7,0,371.0,386.0,0.9611399
6,7,1,386.0,386.0,1.0
6,7,2,0.0,386.0,0.0
6,8,0,466.0,466.0,1.0
6,8,1,386.0,466.0,0.82832617
6,8,2,0.0,466.0,0.0
6,9,0,466.0,496.0,0.9395161
6,9,1,386.0,496.0,0.7782258
6,9,2,496.0,496.0,1.0
6,10,0,544.0,544.0,1.0
6,10,1,386.0,544.0,0.70955884
6,10,2,496.0,544.0,0.9117647
6,11,0,544.0,587.0,0.9267462
6,11,1,587.0,587.0,1.0
6,11,2,496.0,587.0,0.84497446
6,12,0,544.0,620.0,0.87741935
6,12,1,620.0,620.0,1.0
6,12,2,496.0,620.0,0.8
6,13,0,676.0,676.0,1.0
6,13,1,620.0,676.0,0.91715974
6,13,2,496.0,676.0,0.7337278
6,14,0,676.0,710.0,0.9521127
6,14,1,710.0,710.0,1.0
6,14,2,496.0,710.0,0.69859153
6,15,0,791.0,791.0,1.0
6,15,1,710.0,791.0,0.89759797
6,15,2,496.0,791.0,0.62705433
6,16,0,791.0,833.0,0.94957983
6,16,1,833.0,833.0,1.0
6,16,2,496.0,833.0,0.5954382
6,17,0,791.0,878.0,0.90091115
6,17,1,833.0,878.0,0.94874716
6,17,2,878.0,878.0,1.0
6,18,0,791.0,920.0,0.85978264
6,18,1,833.0,920.0,0.9054348
6,18,2,920.0,920.0,1.0
6,19,0,791.0,950.0,0.8326316
6,19,1,950.0,950.0,1.0
6,19,2,920.0,950.0,0.96842104
6,20,0,791.0,1010.0,0.7831683
6,20,1,950.0,1010.0,0.9405941
6,20,2,1010.0,1010.0,1.0
6,21,0,1086.0,1086.0,1.0
6,21,1,950.0,1086.0,0.8747698
6,21,2,1010.0,1086.0,0.9300184
6,22,0,1086.0,1122.0,0.96791446
6,22,1,1122.0,1122.0,1.0
6,22,2,1010.0,1122.0,0.90017825
6,23,0,1086.0,1165.0,0.93218887
6,23,1,1165.0,1165.0,1.0
6,23,2,1010.0,1165.0,0.8669528
6,24,0,1086.0,1205.0,0.9012448
6,24,1,1205.0,1205.0,1.0
6,24,2,1010.0,1205.0,0.8381743
6,25,0,1086.0,1245.0,0.8722892
6,25,1,1245.0,1245.0,1.0
6,25,2,1010.0,1245.0,0.81124496
6,26,0,1086.0,1288.0,0.8431677
6,26,1,1288.0,1288.0,1.0
6,26,2,1010.0,1288.0,0.7841615
6,27,0,1086.0,1327.0,0.8183873
6,27,1,1288.0,1327.0,0.9706104
6,27,2,1327.0,1327.0,1.0
6,28,0,1387.0,1387.0,1.0
6,28,1,1288.0,1387.0,0.9286229
6,28,2,1327.0,1387.0,0.95674115
6,29,0,1387.0,1422.0,0.9753868
6,29,1,1422.0,1422.0,1.0
6,29,2,1327.0,1422.0,0.9331927
6,30,0,1496.0,1496.0,1.0
6,30,1,1422.0,1496.0,0.95053476
6,30,2,1327.0,1496.0,0.8870321
6,31,0,1496.0,1542.0,0.9701686
6,31,1,1542.0,1542.0,1.0
6,31,2,1327.0,1542.0,0.86057067
6,32,0,1496.0,1590.0,0.9408805
6,32,1,1590.0,1590.0,1.0
6,32,2,1327.0,1590.0,0.8345912
6,33,0,1496.0,1633.0,0.91610533
6,33,1,1590.0,1633.0,0.9736681
6,33,2,1633.0,1633.0,1.0
6,34,0,1496.0,1683.0,0.8888889
6,34,1,1683.0,1683.0,1.0
6,34,2,1633.0,1683.0,0.97029114
6,35,0,1496.0,1731.0,0.86424035
6,35,1,1731.0,1731.0,1.0
6,35,2,1633.0,1731.0,0.9433853
6,36,0,1496.0,1764.0,0.8480726
6,36,1,1764.0,1764.0,1.0
6,36,2,1633.0,1764.0,0.92573696
6,37,0,1496.0,1805.0,0.82880884
6,37,1,1805.0,1805.0,1.0
6,37,2,1633.0,1805.0,0.90470916
6,38,0,1863.0,1863.0,1.0
6,38,1,1805.0,1863.0,0.9688674
6,38,2,1633.0,1863.0,0.8765432
6,39,0,1863.0,1905.0,0.9779528
6,39,1,1805.0,1905.0,0.94750655
6,39,2,1905.0,1905.0,1.0
6,40,0,1863.0,1941.0,0.95981455
6,40,1,1941.0,1941.0,1.0
6,40,2,1905.0,1941.0,0.9814529
6,41,0,1863.0,2009.0,0.92732704
6,41,1,1941.0,2009.0,0.9661523
6,41,2,2009.0,2009.0,1.0
6,42,0,1863.0,2070.0,0.9
6,42,1,1941.0,2070.0,0.93768114
6,42,2,2070.0,2070.0,1.0
6,43,0,2133.0,2133.0,1.0
6,43,1,1941.0,2133.0,0.90998596
6,43,2,2070.0,2133.0,0.9704641
6,44,0,2133.0,2186.0,0.9757548
6,44,1,1941.0,2186.0,0.8879231
6,44,2,2186.0,2186.0,1.0
6,45,0,2133.0,2256.0,0.94547874
6,45,1,1941.0,2256.0,0.86037236
6,45,2,2256.0,2256.0,1.0
6,46,0,2133.0,2298.0,0.92819846
6,46,1,2298.0,2298.0,1.0
6,46,2,2256.0,2298.0,0.98172325
6,47,0,2133.0,2331.0,0.9150579
6,47,1,2331.0,2331.0,1.0
6,47,2,2256.0,2331.0,0.967825
6,48,0,2396.0,2396.0,1.0
6,48,1,2331.0,2396.0,0.9728714
6,48,2,2256.0,2396.0,0.94156927
6,49,0,2396.0,2436.0,0.98357964
6,49,1,2436.0,2436.0,1.0
6,49,2,2256.0,2436.0,0.92610836
6,50,0,2396.0,2478.0,0.9669088
6,50,1,2478.0,2478.0,1.0
6,50,2,2256.0,2478.0,0.9104116
6,51,0,2396.0,2518.0,0.9515489
6,51,1,2478.0,2518.0,0.98411435
6,51,2,2518.0,2518.0,1.0
6,52,0,2396.0,2546.0,0.941084
6,52,1,2546.0,2546.0,1.0
6,52,2,2518.0,2546.0,0.98900235
6,53,0,2396.0,2614.0,0.9166029
6,53,1,2546.0,2614.0,0.9739862
6,53,2,2614.0,2614.0,1.0
6,54,0,2396.0,2665.0,0.8990619
6,54,1,2546.0,2665.0,0.9553471
6,54,2,2665.0,2665.0,1.0
6,55,0,2396.0,2700.0,0.8874074
6,55,1,2700.0,2700.0,1.0
6,55,2,2665.0,2700.0,0.98703706
6,56,0,2759.0,2759.0,1.0
6,56,1,2700.0,2759.0,0.97861546
6,56,2,2665.0,2759.0,0.9659297
6,57,0,2759.0,2797.0,0.986414
6,57,1,2797.0,2797.0,1.0
6,57,2,2665.0,2797.0,0.9528066
6,58,0,2759.0,2833.0,0.9738793
6,58,1,2833.0,2833.0,1.0
6,58,2,2665.0,2833.0,0.9406989
6,59,0,2759.0,2876.0,0.9593185
6,59,1,2876.0,2876.0,1.0
6,59,2,2665.0,2876.0,0.9266342
6,60,0,2935.0,2935.0,1.0
6,60,1,2876.0,2935.0,0.9798978
6,60,2,2665.0,2935.0,0.9080068
6,61,0,2935.0,2965.0,0.98988193
6,61,1,2965.0,2965.0,1.0
6,61,2,2665.0,2965.0,0.89881957
6,62,0,2935.0,3007.0,0.97605586
6,62,1,3007.0,3007.0,1.0
6,62,2,2665.0,3007.0,0.8862654
6,63,0,2935.0,3051.0,0.9619797
6,63,1,3051.0,3051.0,1.0
6,63,2,2665.0,3051.0,0.8734841
6,64,0,2935.0,3085.0,0.95137763
6,64,1,3051.0,3085.0,0.9889789
6,64,2,3085.0,3085.0,1.0
6,65,0,2935.0,3125.0,0.9392
6,65,1,3125.0,3125.0,1.0
6,65,2,3085.0,3125.0,0.9872
6,66,0,2935.0,3157.0,0.92968005
6,66,1,3157.0,3157.0,1.0
6,66,2,3085.0,3157.0,0.97719353
6,67,0,2935.0,3226.0,0.9097954
6,67,1,3157.0,3226.0,0.9786113
6,67,2,3226.0,3226.0,1.0
6,68,0,2935.0,3262.0,0.89975476
6,68,1,3157.0,3262.0,0.96781117
6,68,2,3262.0,3262.0,1.0
6,69,0,2935.0,3335.0,0.88005996
6,69,1,3157.0,3335.0,0.94662666
6,69,2,3335.0,3335.0,1.0
6,70,0,2935.0,3392.0,0.8652712
6,70,1,3157.0,3392.0,0.9307193
6,70,2,3392.0,3392.0,1.0
6,71,0,2935.0,3435.0,0.8544396
6,71,1,3435.0,3435.0,1.0
6,71,2,3392.0,3435.0,0.98748183
6,72,0,2935.0,3478.0,0.84387577
6,72,1,3478.0,3478.0,1.0
6,72,2,3392.0,3478.0,0.97527313
6,73,0,2935.0,3551.0,0.8265277
6,73,1,3478.0,3551.0,0.9794424
6,73,2,3551.0,3551.0,1.0
6,74,0,2935.0,3601.0,0.8150514
6,74,1,3601.0,3601.0,1.0
6,74,2,3551.0,3601.0,0.986115
6,75,0,2935.0,3634.0,0.80764997
6,75,1,3634.0,3634.0,1.0
6,75,2,3551.0,3634.0,0.97716016
6,76,0,2935.0,3679.0,0.79777116
6,76,1,3679.0,3679.0,1.0
6,76,2,3551.0,3679.0,0.96520793
6,77,0,2935.0,3716.0,0.78982776
6,77,1,3716.0,3716.0,1.0
6,77,2,3551.0,3716.0,0.9555974
6,78,0,2935.0,3765.0,0.77954847
6,78,1,3716.0,3765.0,0.9869854
6,78,2,3765.0,3765.0,1.0
6,79,0,2935.0,3802.0,0.7719621
6,79,1,3716.0,3802.0,0.97738034
6,79,2,3802.0,3802.0,1.0
6,80,0,2935.0,3858.0,0.76075685
6,80,1,3716.0,3858.0,0.96319336
6,80,2,3858.0,3858.0,1.0
6,81,0,2935.0,3904.0,0.751793
6,81,1,3904.0,3904.0,1.0
6,81,2,3858.0,3904.0,0.98821723
6,82,0,2935.0,3945.0,0.7439797
6,82,1,3904.0,3945.0,0.9896071
6,82,2,3945.0,3945.0,1.0
6,83,0,4017.0,4017.0,1.0
6,83,1,3904.0,4017.0,0.9718695
6,83,2,3945.0,4017.0,0.98207617
6,84,0,4017.0,4056.0,0.99038464
6,84,1,3904.0,4056.0,0.96252465
6,84,2,4056.0,4056.0,1.0
6,85,0,4017.0,4110.0,0.9773723
6,85,1,3904.0,4110.0,0.94987833
6,85,2,4110.0,4110.0,1.0
6,86,0,4017.0,4160.0,0.965625
6,86,1,4160.0,4160.0,1.0
6,86,2,4110.0,4160.0,0.9879808
6,87,0,4017.0,4215.0,0.9530249
6,87,1,4160.0,4215.0,0.98695135
6,87,2,4215.0,4215.0,1.0
6,88,0,4017.0,4247.0,0.9458441
6,88,1,4247.0,4247.0,1.0
6,88,2,4215.0,4247.0,0.99246526
6,89,0,4017.0,4312.0,0.93158627
6,89,1,4247.0,4312.0,0.9849258
6,89,2,4312.0,4312.0,1.0
6,90,0,4017.0,4357.0,0.92196465
6,90,1,4357.0,4357.0,1.0
6,90,2,4312.0,4357.0,0.98967177
6,91,0,4017.0,4426.0,0.9075915
6,91,1,4357.0,4426.0,0.9844103
6,91,2,4426.0,4426.0,1.0
6,92,0,4017.0,4482.0,0.8962517
6,92,1,4357.0,4482.0,0.9721107
6,92,2,4482.0,4482.0,1.0
6,93,0,4017.0,4523.0,0.8881273
6,93,1,4523.0,4523.0,1.0
6,93,2,4482.0,4523.0,0.9909352
6,94,0,4017.0,4589.0,0.8753541
6,94,1,4523.0,4589.0,0.98561776
6,94,2,4589.0,4589.0,1.0
6,95,0,4017.0,4626.0,0.8683528
6,95,1,4523.0,4626.0,0.97773457
6,95,2,4626.0,4626.0,1.0
6,96,0,4017.0,4664.0,0.8612779
6,96,1,4664.0,4664.0,1.0
6,96,2,4626.0,4664.0,0.99185246
6,97,0,4017.0,4698.0,0.8550447
6,97,1,4698.0,4698.0,1.0
6,97,2,4626.0,4698.0,0.98467433
6,98,0,4017.0,4771.0,0.84196186
6,98,1,4698.0,4771.0,0.98469925
6,98,2,4771.0,4771.0,1.0
6,99,0,4017.0,4801.0,0.8367007
6,99,1,4801.0,4801.0,1.0
6,99,2,4771.0,4801.0,0.9937513
6,100,0,4017.0,4850.0,0.8282474
6,100,1,4850.0,4850.0,1.0
6,100,2,4771.0,4850.0,0.98371136
6,101,0,4017.0,4895.0,0.8206333
6,101,1,4895.0,4895.0,1.0
6,101,2,4771.0,4895.0,0.974668
6,102,0,4017.0,4949.0,0.8116791
6,102,1,4895.0,4949.0,0.9890887
6,102,2,4949.0,4949.0,1.0
6,103,0,5004.0,5004.0,1.0
6,103,1,4895.0,5004.0,0.9782174
6,103,2,4949.0,5004.0,0.9890088
6,104,0,5004.0,5041.0,0.99266016
6,104,1,5041.0,5041.0,1.0
6,104,2,4949.0,5041.0,0.98174965
6,105,0,5004.0,5083.0,0.98445797
6,105,1,5083.0,5083.0,1.0
6,105,2,4949.0,5083.0,0.97363764
6,106,0,5004.0,5121.0,0.9771529
6,106,1,5083.0,5121.0,0.9925796
6,106,2,5121.0,5121.0,1.0
6,107,0,5004.0,5158.0,0.97014344
6,107,1,5158.0,5158.0,1.0
6,107,2,5121.0,5158.0,0.9928267
6,108,0,5004.0,5208.0,0.9608295
6,108,1,5208.0,5208.0,1.0
6,108,2,5121.0,5208.0,0.9832949
6,109,0,5004.0,5239.0,0.9551441
6,109,1,5239.0,5239.0,1.0
6,109,2,5121.0,5239.0,0.9774766
6,110,0,5004.0,5272.0,0.9491654
6,110,1,5272.0,5272.0,1.0
6,110,2,5121.0,5272.0,0.9713581
6,111,0,5004.0,5316.0,0.9413093
6,111,1,5316.0,5316.0,1.0
6,111,2,5121.0,5316.0,0.9633183
6,112,0,5004.0,5354.0,0.9346283
6,112,1,5354.0,5354.0,1.0
6,112,2,5121.0,5354.0,0.95648116
6,113,0,5004.0,5395.0,0.92752546
6,113,1,5395.0,5395.0,1.0
6,113,2,5121.0,5395.0,0.94921225
6,114,0,5004.0,5435.0,0.9206992
6,114,1,5395.0,5435.0,0.9926403
6,114,2,5435.0,5435.0,1.0
6,115,0,5004.0,5470.0,0.91480803
6,115,1,5470.0,5470.0,1.0
6,115,2,5435.0,5470.0,0.99360144
6,116,0,5004.0,5515.0,0.9073436
6,116,1,5515.0,5515.0,1.0
6,116,2,5435.0,5515.0,0.9854941
6,117,0,5004.0,5557.0,0.9004859
6,117,1,5557.0,5557.0,1.0
6,117,2,5435.0,5557.0,0.9780457
6,118,0,5004.0,5599.0,0.893731
6,118,1,5599.0,5599.0,1.0
6,118,2,5435.0,5599.0,0.970709
6,119,0,5004.0,5673.0,0.882073
6,119,1,5599.0,5673.0,0.98695576
6,119,2,5673.0,5673.0,1.0
6,120,0,5004.0,5722.0,0.8745194
6,120,1,5722.0,5722.0,1.0
6,120,2,5673.0,5722.0,0.99143654
6,121,0,5004.0,5757.0,0.86920273
6,121,1,5722.0,5757.0,0.99392045
6,121,2,5757.0,5757.0,1.0
6,122,0,5004.0,5788.0,0.8645473
6,122,1,5788.0,5788.0,1.0
6,122,2,5757.0,5788.0,0.9946441
6,123,0,5004.0,5838.0,0.85714287
6,123,1,5838.0,5838.0,1.0
6,123,2,5757.0,5838.0,0.9861254
6,124,0,5004.0,5882.0,0.850731
6,124,1,5882.0,5882.0,1.0
6,124,2,5757.0,5882.0,0.97874874
6,125,0,5004.0,5937.0,0.8428499
6,125,1,5882.0,5937.0,0.99073607
6,125,2,5937.0,5937.0,1.0
6,126,0,5004.0,6001.0,0.833861
6,126,1,5882.0,6001.0,0.98016995
6,126,2,6001.0,6001.0,1.0
6,127,0,5004.0,6033.0,0.8294381
6,127,1,6033.0,6033.0,1.0
6,127,2,6001.0,6033.0,0.99469584
6,128,0,5004.0,6070.0,0.8243822
6,128,1,6033.0,6070.0,0.9939045
6,128,2,6070.0,6070.0,1.0
6,129,0,5004.0,6103.0,0.81992465
6,129,1,6103.0,6103.0,1.0
6,129,2,6070.0,6103.0,0.99459285
6,130,0,5004.0,6153.0,0.8132618
6,130,1,6153.0,6153.0,1.0
6,130,2,6070.0,6153.0,0.98651063
6,131,0,5004.0,6194.0,0.8078786
6,131,1,6153.0,6194.0,0.99338067
6,131,2,6194.0,6194.0,1.0
6,132,0,5004.0,6231.0,0.8030814
6,132,1,6231.0,6231.0,1.0
6,132,2,6194.0,6231.0,0.99406195
6,133,0,5004.0,6267.0,0.7984682
6,133,1,6267.0,6267.0,1.0
6,133,2,6194.0,6267.0,0.9883517
6,134,0,5004.0,6312.0,0.7927757
6,134,1,6312.0,6312.0,1.0
6,134,2,6194.0,6312.0,0.9813054
7,1,0,23.0,23.0,1.0
7,1,1,0.0,23.0,0.0
7,1,2,0.0,23.0,0.0
7,2,0,74.0,74.0,1.0
7,2,1,0.0,74.0,0.0
7,2,2,0.0,74.0,0.0
7,3,0,155.0,155.0,1.0
7,3,1,0.0,155.0,0.0
7,3,2,0.0,155.0,0.0
7,4,0,217.0,217.0,1.0
7,4,1,0.0,217.0,0.0
7,4,2,0.0,217.0,0.0
7,5,0,282.0,282.0,1.0
7,5,1,0.0,282.0,0.0
7,5,2,0.0,282.0,0.0
7,6,0,353.0,353.0,1.0
7,6,1,0.0,353.0,0.0
7,6,2,0.0,353.0,0.0
7,7,0,429.0,429.0,1.0
7,7,1,0.0,429.0,0.0
7,7,2,0.0,429.0,0.0
7,8,0,429.0,451.0,0.9512195
7,8,1,451.0,451.0,1.0
7,8,2,0.0,451.0,0.0
7,9,0,507.0,507.0,1.0
7,9,1,451.0,507.0,0.88954633
7,9,2,0.0,507.0,0.0
7,10,0,507.0,542.0,0.9354243
7,10,1,542.0,542.0,1.0
7,10,2,0.0,542.0,0.0
7,11,0,507.0,587.0,0.8637138
7,11,1,542.0,587.0,0.923339
7,11,2,587.0,587.0,1.0
7,12,0,630.0,630.0,1.0
7,12,1,542.0,630.0,0.86031747
7,12,2,587.0,630.0,0.931746
7,13,0,704.0,704.0,1.0
7,13,1,542.0,704.0,0.7698864
7,13,2,587.0,704.0,0.8338068
7,14,0,704.0,740.0,0.95135134
7,14,1,740.0,740.0,1.0
7,14,2,587.0,740.0,0.7932432
7,15,0,704.0,775.0,0.9083871
7,15,1,775.0,775.0,1.0
7,15,2,587.0,775.0,0.75741935
7,16,0,704.0,820.0,0.8585366
7,16,1,775.0,820.0,0.94512194
7,16,2,820.0,820.0,1.0
7,17,0,704.0,863.0,0.815759
7,17,1,863.0,863.0,1.0
7,17,2,820.0,863.0,0.9501738
7,18,0,939.0,939.0,1.0
7,18,1,863.0,939.0,0.91906285
7,18,2,820.0,939.0,0.87326944
7,19,0,994.0,994.0,1.0
7,19,1,863.0,994.0,0.86820924
7,19,2,820.0,994.0,0.8249497
7,20,0,994.0,1034.0,0.9613153
7,20,1,1034.0,1034.0,1.0
7,20,2,820.0,1034.0,0.79303676
7,21,0,994.0,1084.0,0.9169742
7,21,1,1034.0,1084.0,0.9538745
7,21,2,1084.0,1084.0,1.0
7,22,0,1155.0,1155.0,1.0
7,22,1,1034.0,1155.0,0.8952381
7,22,2,1084.0,1155.0,0.9385281
7,23,0,1155.0,1188.0,0.9722222
7,23,1,1188.0,1188.0,1.0
7,23,2,1084.0,1188.0,0.9124579
7,24,0,1268.0,1268.0,1.0
7,24,1,1188.0,1268.0,0.93690854
7,24,2,1084.0,1268.0,0.8548896
7,25,0,1268.0,1308.0,0.96941894
7,25,1,1308.0,1308.0,1.0
7,25,2,1084.0,1308.0,0.8287462
7,26,0,1268.0,1381.0,0.9181752
7,26,1,1308.0,1381.0,0.94713974
7,26,2,1381.0,1381.0,1.0
7,27,0,1268.0,1427.0,0.88857746
7,27,1,1427.0,1427.0,1.0
7,27,2,1381.0,1427.0,0.96776456
7,28,0,1268.0,1462.0,0.86730504
7,28,1,1462.0,1462.0,1.0
7,28,2,1381.0,1462.0,0.94459647
7,29,0,1268.0,1512.0,0.83862436
7,29,1,1512.0,1512.0,1.0
7,29,2,1381.0,1512.0,0.91335976
7,30,0,1569.0,1569.0,1.0
7,30,1,1512.0,1569.0,0.96367115
7,30,2,1381.0,1569.0,0.88017845
7,31,0,1569.0,1606.0,0.9769614
7,31,1,1606.0,1606.0,1.0
7,31,2,1381.0,1606.0,0.85990036
7,32,0,1569.0,1636.0,0.9590465
7,32,1,1636.0,1636.0,1.0
7,32,2,1381.0,1636.0,0.844132
7,33,0,1569.0,1684.0,0.93171024
7,33,1,1684.0,1684.0,1.0
7,33,2,1381.0,1684.0,0.8200713
7,34,0,1569.0,1727.0,0.9085119
7,34,1,1684.0,1727.0,0.97510135
7,34,2,1727.0,1727.0,1.0
7,35,0,1569.0,1760.0,0.8914773
7,35,1,1760.0,1760.0,1.0
7,35,2,1727.0,1760.0,0.98125
7,36,0,1569.0,1801.0,0.8711827
7,36,1,1801.0,1801.0,1.0
7,36,2,1727.0,1801.0,0.9589117
7,37,0,1569.0,1845.0,0.8504065
7,37,1,1801.0,1845.0,0.97615176
7,37,2,1845.0,1845.0,1.0
7,38,0,1569.0,1889.0,0.8305982
7,38,1,1889.0,1889.0,1.0
7,38,2,1845.0,1889.0,0.9767073
7,39,0,1569.0,1922.0,0.81633717
7,39,1,1922.0,1922.0,1.0
7,39,2,1845.0,1922.0,0.9599376
7,40,0,1569.0,1958.0,0.8013279
7,40,1,1922.0,1958.0,0.9816139
7,40,2,1958.0,1958.0,1.0
7,41,0,1569.0,2001.0,0.7841079
7,41,1,2001.0,2001.0,1.0
7,41,2,1958.0,2001.0,0.97851074
7,42,0,1569.0,2051.0,0.7649927
7,42,1,2001.0,2051.0,0.97562164
7,42,2,2051.0,2051.0,1.0
7,43,0,1569.0,2121.0,0.7397454
7,43,1,2001.0,2121.0,0.9434229
7,43,2,2121.0,2121.0,1.0
7,44,0,1569.0,2178.0,0.7203857
7,44,1,2001.0,2178.0,0.91873276
7,44,2,2178.0,2178.0,1.0
7,45,0,1569.0,2211.0,0.70963365
7,45,1,2211.0,2211.0,1.0
7,45,2,2178.0,2211.0,0.98507464
7,46,0,1569.0,2247.0,0.69826436
7,46,1,2247.0,2247.0,1.0
7,46,2,2178.0,2247.0,0.9692924
7,47,0,1569.0,2284.0,0.6869527
7,47,1,2247.0,2284.0,0.98380035
7,47,2,2284.0,2284.0,1.0
7,48,0,1569.0,2324.0,0.6751291
7,48,1,2247.0,2324.0,0.96686745
7,48,2,2324.0,2324.0,1.0
7,49,0,1569.0,2365.0,0.66342497
7,49,1,2365.0,2365.0,1.0
7,49,2,2324.0,2365.0,0.98266387
7,50,0,1569.0,2395.0,0.6551148
7,50,1,2395.0,2395.0,1.0
7,50,2,2324.0,2395.0,0.9703549
7,51,0,1569.0,2443.0,0.64224315
7,51,1,2443.0,2443.0,1.0
7,51,2,2324.0,2443.0,0.9512894
7,52,0,1569.0,2485.0,0.6313883
7,52,1,2443.0,2485.0,0.98309857
7,52,2,2485.0,2485.0,1.0
7,53,0,1569.0,2525.0,0.6213861
7,53,1,2525.0,2525.0,1.0
7,53,2,2485.0,2525.0,0.9841584
7,54,0,1569.0,2576.0,0.60908383
7,54,1,2525.0,2576.0,0.98020184
7,54,2,2576.0,2576.0,1.0
7,55,0,1569.0,2614.0,0.60022956
7,55,1,2614.0,2614.0,1.0
7,55,2,2576.0,2614.0,0.9854629
7,56,0,1569.0,2657.0,0.5905156
7,56,1,2657.0,2657.0,1.0
7,56,2,2576.0,2657.0,0.9695145
7,57,0,1569.0,2686.0,0.58414
7,57,1,2686.0,2686.0,1.0
7,57,2,2576.0,2686.0,0.9590469
7,58,0,2746.0,2746.0,1.0
7,58,1,2686.0,2746.0,0.97815
7,58,2,2576.0,2746.0,0.93809175
7,59,0,2826.0,2826.0,1.0
7,59,1,2686.0,2826.0,0.95046
7,59,2,2576.0,2826.0,0.91153574
7,60,0,2870.0,2870.0,1.0
7,60,1,2686.0,2870.0,0.9358885
7,60,2,2576.0,2870.0,0.89756095
7,61,0,2870.0,2924.0,0.98153216
7,61,1,2686.0,2924.0,0.9186047
7,61,2,2924.0,2924.0,1.0
7,62,0,2870.0,2961.0,0.96926713
7,62,1,2961.0,2961.0,1.0
7,62,2,2924.0,2961.0,0.98750424
7,63,0,2870.0,3011.0,0.95317173
7,63,1,3011.0,3011.0,1.0
7,63,2,2924.0,3011.0,0.97110593
7,64,0,2870.0,3047.0,0.9419101
7,64,1,3047.0,3047.0,1.0
7,64,2,2924.0,3047.0,0.9596324
7,65,0,2870.0,3097.0,0.9267033
7,65,1,3097.0,3097.0,1.0
7,65,2,2924.0,3097.0,0.9441395
7,66,0,2870.0,3165.0,0.90679306
7,66,1,3097.0,3165.0,0.978515
7,66,2,3165.0,3165.0,1.0
7,67,0,2870.0,3197.0,0.8977166
7,67,1,3097.0,3197.0,0.9687207
7,67,2,3197.0,3197.0,1.0
7,68,0,2870.0,3239.0,0.886076
7,68,1,3239.0,3239.0,1.0
7,68,2,3197.0,3239.0,0.987033
7,69,0,2870.0,3273.0,0.87687135
7,69,1,3273.0,3273.0,1.0
7,69,2,3197.0,3273.0,0.9767797
7,70,0,2870.0,3342.0,0.8587672
7,70,1,3273.0,3342.0,0.97935367
7,70,2,3342.0,3342.0,1.0
7,71,0,2870.0,3387.0,0.8473576
7,71,1,3387.0,3387.0,1.0
7,71,2,3342.0,3387.0,0.9867139
7,72,0,2870.0,3430.0,0.8367347
7,72,1,3430.0,3430.0,1.0
7,72,2,3342.0,3430.0,0.974344
7,73,0,2870.0,3472.0,0.8266129
7,73,1,3472.0,3472.0,1.0
7,73,2,3342.0,3472.0,0.9625576
7,74,0,2870.0,3525.0,0.81418437
7,74,1,3472.0,3525.0,0.98496455
7,74,2,3525.0,3525.0,1.0
7,75,0,2870.0,3562.0,0.8057271
7,75,1,3472.0,3562.0,0.9747333
7,75,2,3562.0,3562.0,1.0
7,76,0,2870.0,3597.0,0.79788715
7,76,1,3597.0,3597.0,1.0
7,76,2,3562.0,3597.0,0.99026966
7,77,0,2870.0,3639.0,0.7886782
7,77,1,3639.0,3639.0,1.0
7,77,2,3562.0,3639.0,0.97884035
7,78,0,2870.0,3678.0,0.7803154
7,78,1,3639.0,3678.0,0.9893964
7,78,2,3678.0,3678.0,1.0
7,79,0,2870.0,3716.0,0.7723358
7,79,1,3716.0,3716.0,1.0
7,79,2,3678.0,3716.0,0.9897739
7,80,0,2870.0,3766.0,0.7620818
7,80,1,3766.0,3766.0,1.0
7,80,2,3678.0,3766.0,0.976633
7,81,0,2870.0,3834.0,0.7485655
7,81,1,3766.0,3834.0,0.982264
7,81,2,3834.0,3834.0,1.0
7,82,0,2870.0,3877.0,0.7402631
7,82,1,3877.0,3877.0,1.0
7,82,2,3834.0,3877.0,0.98890895
7,83,0,2870.0,3919.0,0.73232967
7,83,1,3919.0,3919.0,1.0
7,83,2,3834.0,3919.0,0.97831076
7,84,0,2870.0,3961.0,0.7245645
7,84,1,3919.0,3961.0,0.98939663
7,84,2,3961.0,3961.0,1.0
7,85,0,2870.0,3993.0,0.7187578
7,85,1,3993.0,3993.0,1.0
7,85,2,3961.0,3993.0,0.991986
7,86,0,2870.0,4066.0,0.7058534
7,86,1,3993.0,4066.0,0.98204625
7,86,2,4066.0,4066.0,1.0
7,87,0,2870.0,4122.0,0.69626397
7,87,1,3993.0,4122.0,0.9687045
7,87,2,4122.0,4122.0,1.0
7,88,0,2870.0,4178.0,0.68693155
7,88,1,3993.0,4178.0,0.9557204
7,88,2,4178.0,4178.0,1.0
7,89,0,2870.0,4215.0,0.6809015
7,89,1,4215.0,4215.0,1.0
7,89,2,4178.0,4215.0,0.99122185
7,90,0,2870.0,4258.0,0.67402536
7,90,1,4258.0,4258.0,1.0
7,90,2,4178.0,4258.0,0.98121184
7,91,0,4317.0,4317.0,1.0
7,91,1,4258.0,4317.0,0.9863331
7,91,2,4178.0,4317.0,0.9678017
7,92,0,4317.0,4366.0,0.9887769
7,92,1,4366.0,4366.0,1.0
7,92,2,4178.0,4366.0,0.95694
7,93,0,4444.0,4444.0,1.0
7,93,1,4366.0,4444.0,0.9824482
7,93,2,4178.0,4444.0,0.940144
7,94,0,4444.0,4493.0,0.98909414
7,94,1,4493.0,4493.0,1.0
7,94,2,4178.0,4493.0,0.92989093
7,95,0,4444.0,4525.0,0.9820995
7,95,1,4525.0,4525.0,1.0
7,95,2,4178.0,4525.0,0.9233149
7,96,0,4444.0,4565.0,0.973494
7,96,1,4565.0,4565.0,1.0
7,96,2,4178.0,4565.0,0.91522455
7,97,0,4444.0,4598.0,0.9665072
7,97,1,4598.0,4598.0,1.0
7,97,2,4178.0,4598.0,0.90865594
7,98,0,4444.0,4644.0,0.9569337
7,98,1,4644.0,4644.0,1.0
7,98,2,4178.0,4644.0,0.89965546
7,99,0,4444.0,4677.0,0.9501817
7,99,1,4677.0,4677.0,1.0
7,99,2,4178.0,4677.0,0.8933077
7,100,0,4444.0,4707.0,0.9441258
7,100,1,4707.0,4707.0,1.0
7,100,2,4178.0,4707.0,0.8876142
7,101,0,4444.0,4773.0,0.9310706
7,101,1,4707.0,4773.0,0.9861722
7,101,2,4773.0,4773.0,1.0
7,102,0,4444.0,4823.0,0.9214182
7,102,1,4823.0,4823.0,1.0
7,102,2,4773.0,4823.0,0.989633
7,103,0,4444.0,4862.0,0.91402715
7,103,1,4862.0,4862.0,1.0
7,103,2,4773.0,4862.0,0.98169476
7,104,0,4444.0,4911.0,0.90490735
7,104,1,4862.0,4911.0,0.9900224
7,104,2,4911.0,4911.0,1.0
7,105,0,4444.0,4944.0,0.8988673
7,105,1,4944.0,4944.0,1.0
7,105,2,4911.0,4944.0,0.99332523
7,106,0,4444.0,4989.0,0.89075965
7,106,1,4989.0,4989.0,1.0
7,106,2,4911.0,4989.0,0.9843656
7,107,0,4444.0,5030.0,0.883499
7,107,1,4989.0,5030.0,0.9918489
7,107,2,5030.0,5030.0,1.0
7,108,0,4444.0,5068.0,0.8768745
7,108,1,4989.0,5068.0,0.984412
7,108,2,5068.0,5068.0,1.0
7,109,0,4444.0,5113.0,0.8691571
7,109,1,5113.0,5113.0,1.0
7,109,2,5068.0,5113.0,0.9911989
7,110,0,4444.0,5154.0,0.86224294
7,110,1,5154.0,5154.0,1.0
7,110,2,5068.0,5154.0,0.9833139
7,111,0,4444.0,5199.0,0.8547798
7,111,1,5199.0,5199.0,1.0
7,111,2,5068.0,5199.0,0.97480285
7,112,0,4444.0,5238.0,0.84841543
7,112,1,5199.0,5238.0,0.9925544
7,112,2,5238.0,5238.0,1.0
7,113,0,4444.0,5294.0,0.8394409
7,113,1,5199.0,5294.0,0.9820551
7,113,2,5294.0,5294.0,1.0
7,114,0,4444.0,5338.0,0.83252156
7,114,1,5338.0,5338.0,1.0
7,114,2,5294.0,5338.0,0.9917572
7,115,0,4444.0,5403.0,0.822506
7,115,1,5338.0,5403.0,0.98796964
7,115,2,5403.0,5403.0,1.0
7,116,0,4444.0,5472.0,0.8121345
7,116,1,5338.0,5472.0,0.97551167
7,116,2,5472.0,5472.0,1.0
7,117,0,4444.0,5541.0,0.8020213
7,117,1,5338.0,5541.0,0.963364
7,117,2,5541.0,5541.0,1.0
7,118,0,4444.0,5581.0,0.79627305
7,118,1,5338.0,5581.0,0.9564594
7,118,2,5581.0,5581.0,1.0
7,119,0,4444.0,5654.0,0.7859922
7,119,1,5338.0,5654.0,0.9441104
7,119,2,5654.0,5654.0,1.0
7,120,0,4444.0,5695.0,0.78033364
7,120,1,5338.0,5695.0,0.93731344
7,120,2,5695.0,5695.0,1.0
7,121,0,4444.0,5749.0,0.773004
7,121,1,5338.0,5749.0,0.9285093
7,121,2,5749.0,5749.0,1.0
7,122,0,4444.0,5786.0,0.76806086
7,122,1,5786.0,5786.0,1.0
7,122,2,5749.0,5786.0,0.99360526
7,123,0,4444.0,5850.0,0.7596581
7,123,1,5786.0,5850.0,0.9890598
7,123,2,5850.0,5850.0,1.0
7,124,0,4444.0,5900.0,0.7532203
7,124,1,5900.0,5900.0,1.0
7,124,2,5850.0,5900.0,0.9915254
7,125,0,4444.0,5937.0,0.7485262
7,125,1,5937.0,5937.0,1.0
7,125,2,5850.0,5937.0,0.98534614
7,126,0,4444.0,5973.0,0.74401474
7,126,1,5973.0,5973.0,1.0
7,126,2,5850.0,5973.0,0.9794073
7,127,0,4444.0,6013.0,0.73906535
7,127,1,5973.0,6013.0,0.99334776
7,127,2,6013.0,6013.0,1.0
7,128,0,4444.0,6063.0,0.7329705
7,128,1,5973.0,6063.0,0.9851559
7,128,2,6063.0,6063.0,1.0
7,129,0,4444.0,6105.0,0.7279279
7,129,1,6105.0,6105.0,1.0
7,129,2,6063.0,6105.0,0.9931204
7,130,0,4444.0,6136.0,0.7242503
7,130,1,6136.0,6136.0,1.0
7,130,2,6063.0,6136.0,0.988103
7,131,0,4444.0,6181.0,0.7189775
7,131,1,6181.0,6181.0,1.0
7,131,2,6063.0,6181.0,0.9809092
7,132,0,4444.0,6219.0,0.71458435
7,132,1,6219.0,6219.0,1.0
7,132,2,6063.0,6219.0,0.97491556
7,133,0,4444.0,6245.0,0.7116093
7,133,1,6245.0,6245.0,1.0
7,133,2,6063.0,6245.0,0.97085667
7,134,0,4444.0,6277.0,0.7079815
7,134,1,6277.0,6277.0,1.0
7,134,2,6063.0,6277.0,0.9659073
8,1,0,36.0,36.0,1.0
8,1,1,0.0,36.0,0.0
8,1,2,0.0,36.0,0.0
8,2,0,117.0,117.0,1.0
8,2,1,0.0,117.0,0.0
8,2,2,0.0,117.0,0.0
8,3,0,197.0,197.0,1.0
8,3,1,0.0,197.0,0.0
8,3,2,0.0,197.0,0.0
8,4,0,254.0,254.0,1.0
8,4,1,0.0,254.0,0.0
8,4,2,0.0,254.0,0.0
8,5,0,312.0,312.0,1.0
8,5,1,0.0,312.0,0.0
8,5,2,0.0,312.0,0.0
8,6,0,353.0,353.0,1.0
8,6,1,0.0,353.0,0.0
8,6,2,0.0,353.0,0.0
8,7,0,353.0,363.0,0.9724518
8,7,1,363.0,363.0,1.0
8,7,2,0.0,363.0,0.0
8,8,0,434.0,434.0,1.0
8,8,1,363.0,434.0,0.8364055
8,8,2,0.0,434.0,0.0
8,9,0,500.0,500.0,1.0
8,9,1,363.0,500.0,0.726
8,9,2,0.0,500.0,0.0
8,10,0,500.0,533.0,0.93808633
8,10,1,533.0,533.0,1.0
8,10,2,0.0,533.0,0.0
8,11,0,500.0,575.0,0.8695652
8,11,1,575.0,575.0,1.0
8,11,2,0.0,575.0,0.0
8,12,0,625.0,625.0,1.0
8,12,1,575.0,625.0,0.92
8,12,2,0.0,625.0,0.0
8,13,0,625.0,668.0,0.9356288
8,13,1,668.0,668.0,1.0
8,13,2,0.0,668.0,0.0
8,14,0,625.0,713.0,0.87657785
8,14,1,668.0,713.0,0.93688637
8,14,2,713.0,713.0,1.0
8,15,0,773.0,773.0,1.0
8,15,1,668.0,773.0,0.8641656
8,15,2,713.0,773.0,0.9223803
8,16,0,773.0,808.0,0.95668316
8,16,1,808.0,808.0,1.0
8,16,2,713.0,808.0,0.8824257
8,17,0,773.0,838.0,0.9224344
8,17,1,838.0,838.0,1.0
8,17,2,713.0,838.0,0.8508353
8,18,0,773.0,869.0,0.8895282
8,18,1,869.0,869.0,1.0
8,18,2,713.0,869.0,0.8204833
8,19,0,924.0,924.0,1.0
8,19,1,869.0,924.0,0.9404762
8,19,2,713.0,924.0,0.771645
8,20,0,995.0,995.0,1.0
8,20,1,869.0,995.0,0.87336683
8,20,2,713.0,995.0,0.7165829
8,21,0,995.0,1031.0,0.96508247
8,21,1,1031.0,1031.0,1.0
8,21,2,713.0,1031.0,0.6915616
8,22,0,995.0,1099.0,0.9053685
8,22,1,1031.0,1099.0,0.93812555
8,22,2,1099.0,1099.0,1.0
8,23,0,995.0,1142.0,0.87127846
8,23,1,1031.0,1142.0,0.9028021
8,23,2,1142.0,1142.0,1.0
8,24,0,995.0,1193.0,0.8340319
8,24,1,1031.0,1193.0,0.86420786
8,24,2,1193.0,1193.0,1.0
8,25,0,995.0,1233.0,0.8069749
8,25,1,1031.0,1233.0,0.8361719
8,25,2,1233.0,1233.0,1.0
8,26,0,995.0,1261.0,0.7890563
8,26,1,1261.0,1261.0,1.0
8,26,2,1233.0,1261.0,0.9777954
8,27,0,995.0,1309.0,0.76012224
8,27,1,1261.0,1309.0,0.9633308
8,27,2,1309.0,1309.0,1.0
8,28,0,1372.0,1372.0,1.0
8,28,1,1261.0,1372.0,0.91909623
8,28,2,1309.0,1372.0,0.95408165
8,29,0,1372.0,1409.0,0.9737402
8,29,1,1261.0,1409.0,0.89496094
8,29,2,1409.0,1409.0,1.0
8,30,0,1372.0,1451.0,0.9455548
8,30,1,1451.0,1451.0,1.0
8,30,2,1409.0,1451.0,0.97105443
8,31,0,1372.0,1497.0,0.9164997
8,31,1,1497.0,1497.0,1.0
8,31,2,1409.0,1497.0,0.94121575
8,32,0,1372.0,1552.0,0.8840206
8,32,1,1497.0,1552.0,0.9645619
8,32,2,1552.0,1552.0,1.0
8,33,0,1372.0,1593.0,0.86126804
8,33,1,1593.0,1593.0,1.0
8,33,2,1552.0,1593.0,0.9742624
8,34,0,1372.0,1626.0,0.84378844
8,34,1,1626.0,1626.0,1.0
8,34,2,1552.0,1626.0,0.9544895
8,35,0,1700.0,1700.0,1.0
8,35,1,1626.0,1700.0,0.9564706
8,35,2,1552.0,1700.0,0.91294116
8,36,0,1700.0,1743.0,0.9753299
8,36,1,1743.0,1743.0,1.0
8,36,2,1552.0,1743.0,0.8904188
8,37,0,1700.0,1786.0,0.95184773
8,37,1,1786.0,1786.0,1.0
8,37,2,1552.0,1786.0,0.86898094
8,38,0,1700.0,1820.0,0.93406594
8,38,1,1820.0,1820.0,1.0
8,38,2,1552.0,1820.0,0.85274726
8,39,0,1700.0,1854.0,0.91693634
8,39,1,1854.0,1854.0,1.0
8,39,2,1552.0,1854.0,0.83710897
8,40,0,1700.0,1902.0,0.893796
8,40,1,1902.0,1902.0,1.0
8,40,2,1552.0,1902.0,0.8159832
8,41,0,1700.0,1970.0,0.8629442
8,41,1,1902.0,1970.0,0.96548223
8,41,2,1970.0,1970.0,1.0
8,42,0,1700.0,2010.0,0.84577113
8,42,1,2010.0,2010.0,1.0
8,42,2,1970.0,2010.0,0.9800995
8,43,0,1700.0,2058.0,0.8260447
8,43,1,2058.0,2058.0,1.0
8,43,2,1970.0,2058.0,0.95724005
8,44,0,1700.0,2091.0,0.8130081
8,44,1,2091.0,2091.0,1.0
8,44,2,1970.0,2091.0,0.94213295
8,45,0,2167.0,2167.0,1.0
8,45,1,2091.0,2167.0,0.96492845
8,45,2,1970.0,2167.0,0.90909094
8,46,0,2167.0,2209.0,0.9809869
8,46,1,2209.0,2209.0,1.0
8,46,2,1970.0,2209.0,0.89180624
8,47,0,2289.0,2289.0,1.0
8,47,1,2209.0,2289.0,0.9650502
8,47,2,1970.0,2289.0,0.86063784
8,48,0,2289.0,2333.0,0.98114014
8,48,1,2333.0,2333.0,1.0
8,48,2,1970.0,2333.0,0.84440637
8,49,0,2289.0,2369.0,0.96623045
8,49,1,2333.0,2369.0,0.98480374
8,49,2,2369.0,2369.0,1.0
8,50,0,2289.0,2404.0,0.95216304
8,50,1,2404.0,2404.0,1.0
8,50,2,2369.0,2404.0,0.9854409
8,51,0,2467.0,2467.0,1.0
8,51,1,2404.0,2467.0,0.9744629
8,51,2,2369.0,2467.0,0.96027565
8,52,0,2467.0,2517.0,0.9801351
8,52,1,2517.0,2517.0,1.0
8,52,2,2369.0,2517.0,0.94119984
8,53,0,2467.0,2567.0,0.961044
8,53,1,2567.0,2567.0,1.0
8,53,2,2369.0,2567.0,0.9228672
8,54,0,2467.0,2617.0,0.94268245
8,54,1,2567.0,2617.0,0.98089415
8,54,2,2617.0,2617.0,1.0
8,55,0,2467.0,2690.0,0.91710037
8,55,1,2567.0,2690.0,0.9542751
8,55,2,2690.0,2690.0,1.0
8,56,0,2467.0,2747.0,0.89807063
8,56,1,2567.0,2747.0,0.934474
8,56,2,2747.0,2747.0,1.0
8,57,0,2809.0,2809.0,1.0
8,57,1,2567.0,2809.0,0.91384834
8,57,2,2747.0,2809.0,0.9779281
8,58,0,2809.0,2882.0,0.97467035
8,58,1,2567.0,2882.0,0.8907009
8,58,2,2882.0,2882.0,1.0
8,59,0,2809.0,2924.0,0.9606703
8,59,1,2567.0,2924.0,0.877907
8,59,2,2924.0,2924.0,1.0
8,60,0,2809.0,2973.0,0.94483685
8,60,1,2973.0,2973.0,1.0
8,60,2,2924.0,2973.0,0.9835183
8,61,0,2809.0,3029.0,0.92736876
8,61,1,2973.0,3029.0,0.98151207
8,61,2,3029.0,3029.0,1.0
8,62,0,2809.0,3069.0,0.91528183
8,62,1,3069.0,3069.0,1.0
8,62,2,3029.0,3069.0,0.98696643
8,63,0,2809.0,3106.0,0.9043786
8,63,1,3069.0,3106.0,0.9880876
8,63,2,3106.0,3106.0,1.0
8,64,0,2809.0,3156.0,0.8900507
8,64,1,3156.0,3156.0,1.0
8,64,2,3106.0,3156.0,0.98415715
8,65,0,2809.0,3200.0,0.8778125
8,65,1,3156.0,3200.0,0.98625
8,65,2,3200.0,3200.0,1.0
8,66,0,2809.0,3245.0,0.86563945
8,66,1,3245.0,3245.0,1.0
8,66,2,3200.0,3245.0,0.9861325
8,67,0,2809.0,3289.0,0.854059
8,67,1,3289.0,3289.0,1.0
8,67,2,3200.0,3289.0,0.9729401
8,68,0,2809.0,3329.0,0.8437969
8,68,1,3329.0,3329.0,1.0
8,68,2,3200.0,3329.0,0.96124965
8,69,0,2809.0,3367.0,0.8342738
8,69,1,3367.0,3367.0,1.0
8,69,2,3200.0,3367.0,0.95040095
8,70,0,2809.0,3409.0,0.8239953
8,70,1,3367.0,3409.0,0.98767966
8,70,2,3409.0,3409.0,1.0
8,71,0,2809.0,3454.0,0.81325996
8,71,1,3454.0,3454.0,1.0
8,71,2,3409.0,3454.0,0.9869716
8,72,0,2809.0,3508.0,0.80074114
8,72,1,3454.0,3508.0,0.9846066
8,72,2,3508.0,3508.0,1.0
8,73,0,2809.0,3544.0,0.79260725
8,73,1,3544.0,3544.0,1.0
8,73,2,3508.0,3544.0,0.989842
8,74,0,2809.0,3582.0,0.78419876
8,74,1,3582.0,3582.0,1.0
8,74,2,3508.0,3582.0,0.97934115
8,75,0,2809.0,3624.0,0.77511036
8,75,1,3624.0,3624.0,1.0
8,75,2,3508.0,3624.0,0.9679912
8,76,0,2809.0,3685.0,0.7622795
8,76,1,3624.0,3685.0,0.9834464
8,76,2,3685.0,3685.0,1.0
8,77,0,2809.0,3739.0,0.7512704
8,77,1,3624.0,3739.0,0.9692431
8,77,2,3739.0,3739.0,1.0
8,78,0,2809.0,3771.0,0.7448953
8,78,1,3771.0,3771.0,1.0
8,78,2,3739.0,3771.0,0.9915142
8,79,0,2809.0,3821.0,0.7351479
8,79,1,3821.0,3821.0,1.0
8,79,2,3739.0,3821.0,0.97853965
8,80,0,2809.0,3862.0,0.7273433
8,80,1,3862.0,3862.0,1.0
8,80,2,3739.0,3862.0,0.9681512
8,81,0,2809.0,3902.0,0.71988726
8,81,1,3862.0,3902.0,0.98974884
8,81,2,3902.0,3902.0,1.0
8,82,0,2809.0,3942.0,0.71258247
8,82,1,3942.0,3942.0,1.0
8,82,2,3902.0,3942.0,0.98985285
8,83,0,2809.0,4011.0,0.7003241
8,83,1,3942.0,4011.0,0.9827973
8,83,2,4011.0,4011.0,1.0
8,84,0,2809.0,4048.0,0.69392294
8,84,1,3942.0,4048.0,0.97381425
8,84,2,4048.0,4048.0,1.0
8,85,0,2809.0,4085.0,0.6876377
8,85,1,4085.0,4085.0,1.0
8,85,2,4048.0,4085.0,0.9909425
8,86,0,2809.0,4128.0,0.6804748
8,86,1,4128.0,4128.0,1.0
8,86,2,4048.0,4128.0,0.98062015
8,87,0,2809.0,4169.0,0.6737827
8,87,1,4169.0,4169.0,1.0
8,87,2,4048.0,4169.0,0.97097623
8,88,0,2809.0,4199.0,0.6689688
8,88,1,4199.0,4199.0,1.0
8,88,2,4048.0,4199.0,0.964039
8,89,0,2809.0,4269.0,0.6579995
8,89,1,4199.0,4269.0,0.9836027
8,89,2,4269.0,4269.0,1.0
8,90,0,2809.0,4311.0,0.651589
8,90,1,4311.0,4311.0,1.0
8,90,2,4269.0,4311.0,0.9902575
8,91,0,2809.0,4360.0,0.64426607
8,91,1,4311.0,4360.0,0.9887615
8,91,2,4360.0,4360.0,1.0
8,92,0,4404.0,4404.0,1.0
8,92,1,4311.0,4404.0,0.97888285
8,92,2,4360.0,4404.0,0.99000907
8,93,0,4404.0,4437.0,0.99256253
8,93,1,4437.0,4437.0,1.0
8,93,2,4360.0,4437.0,0.9826459
8,94,0,4404.0,4472.0,0.98479426
8,94,1,4472.0,4472.0,1.0
8,94,2,4360.0,4472.0,0.97495526
8,95,0,4404.0,4522.0,0.9739053
8,95,1,4522.0,4522.0,1.0
8,95,2,4360.0,4522.0,0.96417516
8,96,0,4404.0,4559.0,0.96600133
8,96,1,4559.0,4559.0,1.0
8,96,2,4360.0,4559.0,0.9563501
8,97,0,4404.0,4603.0,0.9567673
8,97,1,4603.0,4603.0,1.0
8,97,2,4360.0,4603.0,0.94720834
8,98,0,4404.0,4629.0,0.95139337
8,98,1,4629.0,4629.0,1.0
8,98,2,4360.0,4629.0,0.9418881
8,99,0,4404.0,4670.0,0.94304067
8,99,1,4629.0,4670.0,0.99122053
8,99,2,4670.0,4670.0,1.0
8,100,0,4404.0,4703.0,0.93642354
8,100,1,4703.0,4703.0,1.0
8,100,2,4670.0,4703.0,0.9929832
8,101,0,4404.0,4745.0,0.92813486
8,101,1,4745.0,4745.0,1.0
8,101,2,4670.0,4745.0,0.98419386
8,102,0,4404.0,4784.0,0.9205686
8,102,1,4745.0,4784.0,0.9918478
8,102,2,4784.0,4784.0,1.0
8,103,0,4404.0,4826.0,0.912557
8,103,1,4826.0,4826.0,1.0
8,103,2,4784.0,4826.0,0.9912971
8,104,0,4404.0,4853.0,0.9074799
8,104,1,4853.0,4853.0,1.0
8,104,2,4784.0,4853.0,0.98578197
8,105,0,4404.0,4896.0,0.8995098
8,105,1,4896.0,4896.0,1.0
8,105,2,4784.0,4896.0,0.97712415
8,106,0,4404.0,4941.0,0.89131755
8,106,1,4941.0,4941.0,1.0
8,106,2,4784.0,4941.0,0.96822506
8,107,0,4404.0,4987.0,0.88309604
8,107,1,4987.0,4987.0,1.0
8,107,2,4784.0,4987.0,0.95929414
8,108,0,4404.0,5024.0,0.87659234
8,108,1,5024.0,5024.0,1.0
8,108,2,4784.0,5024.0,0.9522293
8,109,0,4404.0,5090.0,0.8652259
8,109,1,5024.0,5090.0,0.9870334
8,109,2,5090.0,5090.0,1.0
8,110,0,4404.0,5139.0,0.8569761
8,110,1,5139.0,5139.0,1.0
8,110,2,5090.0,5139.0,0.99046504
8,111,0,4404.0,5180.0,0.850193
8,111,1,5180.0,5180.0,1.0
8,111,2,5090.0,5180.0,0.9826255
8,112,0,4404.0,5213.0,0.844811
8,112,1,5180.0,5213.0,0.9936697
8,112,2,5213.0,5213.0,1.0
8,113,0,4404.0,5251.0,0.8386974
8,113,1,5251.0,5251.0,1.0
8,113,2,5213.0,5251.0,0.9927633
8,114,0,4404.0,5284.0,0.8334595
8,114,1,5284.0,5284.0,1.0
8,114,2,5213.0,5284.0,0.9865632
8,115,0,4404.0,5314.0,0.82875425
8,115,1,5314.0,5314.0,1.0
8,115,2,5213.0,5314.0,0.9809936
8,116,0,4404.0,5340.0,0.8247191
8,116,1,5340.0,5340.0,1.0
8,116,2,5213.0,5340.0,0.9762172
8,117,0,4404.0,5385.0,0.8178273
8,117,1,5385.0,5385.0,1.0
8,117,2,5213.0,5385.0,0.9680594
8,118,0,4404.0,5417.0,0.81299615
8,118,1,5417.0,5417.0,1.0
8,118,2,5213.0,5417.0,0.9623408
8,119,0,5476.0,5476.0,1.0
8,119,1,5417.0,5476.0,0.9892257
8,119,2,5213.0,5476.0,0.95197225
8,120,0,5476.0,5509.0,0.9940098
8,120,1,5509.0,5509.0,1.0
8,120,2,5213.0,5509.0,0.94626975
8,121,0,5476.0,5548.0,0.98702234
8,121,1,5509.0,5548.0,0.99297047
8,121,2,5548.0,5548.0,1.0
8,122,0,5476.0,5589.0,0.9797817
8,122,1,5509.0,5589.0,0.9856862
8,122,2,5589.0,5589.0,1.0
8,123,0,5476.0,5634.0,0.97195596
8,123,1,5634.0,5634.0,1.0
8,123,2,5589.0,5634.0,0.9920128
8,124,0,5476.0,5699.0,0.9608703
8,124,1,5634.0,5699.0,0.9885945
8,124,2,5699.0,5699.0,1.0
8,125,0,5476.0,5768.0,0.94937587
8,125,1,5634.0,5768.0,0.9767684
8,125,2,5768.0,5768.0,1.0
8,126,0,5476.0,5841.0,0.9375107
8,126,1,5634.0,5841.0,0.96456087
8,126,2,5841.0,5841.0,1.0
8,127,0,5476.0,5897.0,0.92860776
8,127,1,5634.0,5897.0,0.95540106
8,127,2,5897.0,5897.0,1.0
8,128,0,5476.0,5971.0,0.9170993
8,128,1,5634.0,5971.0,0.94356054
8,128,2,5971.0,5971.0,1.0
8,129,0,5476.0,6008.0,0.9114514
8,129,1,6008.0,6008.0,1.0
8,129,2,5971.0,6008.0,0.9938415
8,130,0,5476.0,6067.0,0.9025878
8,130,1,6008.0,6067.0,0.99027526
8,130,2,6067.0,6067.0,1.0
8,131,0,5476.0,6102.0,0.8974107
8,131,1,6008.0,6102.0,0.98459524
8,131,2,6102.0,6102.0,1.0
8,132,0,5476.0,6142.0,0.8915663
8,132,1,6008.0,6142.0,0.97818303
8,132,2,6142.0,6142.0,1.0
8,133,0,5476.0,6192.0,0.8843669
8,133,1,6008.0,6192.0,0.9702842
8,133,2,6192.0,6192.0,1.0
8,134,0,5476.0,6242.0,0.8772829
8,134,1,6242.0,6242.0,1.0
8,134,2,6192.0,6242.0,0.99198973
9,1,0,19.0,19.0,1.0
9,1,1,0.0,19.0,0.0
9,1,2,0.0,19.0,0.0
9,2,0,62.0,62.0,1.0
9,2,1,0.0,62.0,0.0
9,2,2,0.0,62.0,0.0
9,3,0,128.0,128.0,1.0
9,3,1,0.0,128.0,0.0
9,3,2,0.0,128.0,0.0
9,4,0,208.0,208.0,1.0
9,4,1,0.0,208.0,0.0
9,4,2,0.0,208.0,0.0
9,5,0,249.0,249.0,1.0
9,5,1,0.0,249.0,0.0
9,5,2,0.0,249.0,0.0
9,6,0,304.0,304.0,1.0
9,6,1,0.0,304.0,0.0
9,6,2,0.0,304.0,0.0
9,7,0,304.0,314.0,0.9681529
9,7,1,314.0,314.0,1.0
9,7,2,0.0,314.0,0.0
9,8,0,377.0,377.0,1.0
9,8,1,314.0,377.0,0.8328912
9,8,2,0.0,377.0,0.0
9,9,0,451.0,451.0,1.0
9,9,1,314.0,451.0,0.6962306
9,9,2,0.0,451.0,0.0
9,10,0,522.0,522.0,1.0
9,10,1,314.0,522.0,0.6015326
9,10,2,0.0,522.0,0.0
9,11,0,522.0,564.0,0.9255319
9,11,1,564.0,564.0,1.0
9,11,2,0.0,564.0,0.0
9,12,0,629.0,629.0,1.0
9,12,1,564.0,629.0,0.89666134
9,12,2,0.0,629.0,0.0
9,13,0,705.0,705.0,1.0
9,13,1,564.0,705.0,0.8
9,13,2,0.0,705.0,0.0
9,14,0,786.0,786.0,1.0
9,14,1,564.0,786.0,0.71755725
9,14,2,0.0,786.0,0.0
9,15,0,786.0,821.0,0.9573691
9,15,1,821.0,821.0,1.0
9,15,2,0.0,821.0,0.0
9,16,0,880.0,880.0,1.0
9,16,1,821.0,880.0,0.93295455
9,16,2,0.0,880.0,0.0
9,17,0,880.0,916.0,0.96069866
9,17,1,916.0,916.0,1.0
9,17,2,0.0,916.0,0.0
9,18,0,880.0,951.0,0.9253417
9,18,1,951.0,951.0,1.0
9,18,2,0.0,951.0,0.0
9,19,0,880.0,986.0,0.8924949
9,19,1,986.0,986.0,1.0
9,19,2,0.0,986.0,0.0
9,20,0,880.0,1031.0,0.85354024
9,20,1,986.0,1031.0,0.95635307
9,20,2,1031.0,1031.0,1.0
9,21,0,880.0,1077.0,0.8170845
9,21,1,1077.0,1077.0,1.0
9,21,2,1031.0,1077.0,0.95728874
9,22,0,880.0,1125.0,0.7822222
9,22,1,1125.0,1125.0,1.0
9,22,2,1031.0,1125.0,0.9164444
9,23,0,880.0,1168.0,0.75342464
9,23,1,1168.0,1168.0,1.0
9,23,2,1031.0,1168.0,0.88270545
9,24,0,880.0,1216.0,0.7236842
9,24,1,1216.0,1216.0,1.0
9,24,2,1031.0,1216.0,0.8478618
9,25,0,880.0,1284.0,0.6853582
9,25,1,1216.0,1284.0,0.9470405
9,25,2,1284.0,1284.0,1.0
9,26,0,880.0,1334.0,0.6596702
9,26,1,1334.0,1334.0,1.0
9,26,2,1284.0,1334.0,0.96251875
9,27,0,880.0,1371.0,0.6418672
9,27,1,1334.0,1371.0,0.9730124
9,27,2,1371.0,1371.0,1.0
9,28,0,1418.0,1418.0,1.0
9,28,1,1334.0,1418.0,0.9407616
9,28,2,1371.0,1418.0,0.96685475
9,29,0,1498.0,1498.0,1.0
9,29,1,1334.0,1498.0,0.8905207
9,29,2,1371.0,1498.0,0.9152203
9,30,0,1559.0,1559.0,1.0
9,30,1,1334.0,1559.0,0.8556767
9,30,2,1371.0,1559.0,0.87940985
9,31,0,1559.0,1597.0,0.9762054
9,31,1,1597.0,1597.0,1.0
9,31,2,1371.0,1597.0,0.8584847
9,32,0,1559.0,1630.0,0.9564417
9,32,1,1630.0,1630.0,1.0
9,32,2,1371.0,1630.0,0.84110427
9,33,0,1559.0,1658.0,0.9402895
9,33,1,1658.0,1658.0,1.0
9,33,2,1371.0,1658.0,0.8268999
9,34,0,1559.0,1700.0,0.9170588
9,34,1,1700.0,1700.0,1.0
9,34,2,1371.0,1700.0,0.8064706
9,35,0,1559.0,1750.0,0.89085716
9,35,1,1700.0,1750.0,0.9714286
9,35,2,1750.0,1750.0,1.0
9,36,0,1559.0,1799.0,0.8665925
9,36,1,1799.0,1799.0,1.0
9,36,2,1750.0,1799.0,0.97276264
9,37,0,1559.0,1844.0,0.8454447
9,37,1,1844.0,1844.0,1.0
9,37,2,1750.0,1844.0,0.94902384
9,38,0,1559.0,1880.0,0.82925534
9,38,1,1880.0,1880.0,1.0
9,38,2,1750.0,1880.0,0.93085104
9,39,0,1559.0,1922.0,0.8111342
9,39,1,1922.0,1922.0,1.0
9,39,2,1750.0,1922.0,0.9105099
9,40,0,1559.0,1968.0,0.7921748
9,40,1,1922.0,1968.0,0.97662604
9,40,2,1968.0,1968.0,1.0
9,41,0,2046.0,2046.0,1.0
9,41,1,1922.0,2046.0,0.93939394
9,41,2,1968.0,2046.0,0.9618768
9,42,0,2121.0,2121.0,1.0
9,42,1,1922.0,2121.0,0.9061763
9,42,2,1968.0,2121.0,0.9278642
9,43,0,2121.0,2163.0,0.98058254
9,43,1,1922.0,2163.0,0.8885807
9,43,2,2163.0,2163.0,1.0
9,44,0,2121.0,2231.0,0.95069474
9,44,1,1922.0,2231.0,0.8614971
9,44,2,2231.0,2231.0,1.0
9,45,0,2288.0,2288.0,1.0
9,45,1,1922.0,2288.0,0.84003496
9,45,2,2231.0,2288.0,0.9750874
9,46,0,2288.0,2338.0,0.9786142
9,46,1,2338.0,2338.0,1.0
9,46,2,2231.0,2338.0,0.95423436
9,47,0,2288.0,2383.0,0.96013427
9,47,1,2383.0,2383.0,1.0
9,47,2,2231.0,2383.0,0.93621486
9,48,0,2288.0,2423.0,0.94428396
9,48,1,2423.0,2423.0,1.0
9,48,2,2231.0,2423.0,0.9207594
9,49,0,2288.0,2466.0,0.92781836
9,49,1,2466.0,2466.0,1.0
9,49,2,2231.0,2466.0,0.904704
9,50,0,2288.0,2511.0,0.91119075
9,50,1,2466.0,2511.0,0.98207885
9,50,2,2511.0,2511.0,1.0
9,51,0,2288.0,2555.0,0.89549905
9,51,1,2555.0,2555.0,1.0
9,51,2,2511.0,2555.0,0.98277885
9,52,0,2288.0,2596.0,0.88135594
9,52,1,2596.0,2596.0,1.0
9,52,2,2511.0,2596.0,0.9672573
9,53,0,2288.0,2633.0,0.86897075
9,53,1,2596.0,2633.0,0.9859476
9,53,2,2633.0,2633.0,1.0
9,54,0,2288.0,2676.0,0.85500747
9,54,1,2596.0,2676.0,0.97010463
9,54,2,2676.0,2676.0,1.0
9,55,0,2288.0,2714.0,0.8430361
9,55,1,2714.0,2714.0,1.0
9,55,2,2676.0,2714.0,0.9859985
9,56,0,2785.0,2785.0,1.0
9,56,1,2714.0,2785.0,0.97450626
9,56,2,2676.0,2785.0,0.96086174
9,57,0,2785.0,2825.0,0.9858407
9,57,1,2714.0,2825.0,0.96070796
9,57,2,2825.0,2825.0,1.0
9,58,0,2785.0,2864.0,0.9724162
9,58,1,2714.0,2864.0,0.9476257
9,58,2,2864.0,2864.0,1.0
9,59,0,2785.0,2906.0,0.958362
9,59,1,2906.0,2906.0,1.0
9,59,2,2864.0,2906.0,0.9855471
9,60,0,2785.0,2954.0,0.94278944
9,60,1,2906.0,2954.0,0.9837508
9,60,2,2954.0,2954.0,1.0
9,61,0,2785.0,2986.0,0.93268585
9,61,1,2986.0,2986.0,1.0
9,61,2,2954.0,2986.0,0.9892833
9,62,0,2785.0,3027.0,0.9200529
9,62,1,3027.0,3027.0,1.0
9,62,2,2954.0,3027.0,0.9758837
9,63,0,2785.0,3060.0,0.91013074
9,63,1,3060.0,3060.0,1.0
9,63,2,2954.0,3060.0,0.96535945
9,64,0,2785.0,3100.0,0.8983871
9,64,1,3100.0,3100.0,1.0
9,64,2,2954.0,3100.0,0.9529032
9,65,0,2785.0,3173.0,0.87771827
9,65,1,3100.0,3173.0,0.9769934
9,65,2,3173.0,3173.0,1.0
9,66,0,2785.0,3242.0,0.85903764
9,66,1,3100.0,3242.0,0.9561999
9,66,2,3242.0,3242.0,1.0
9,67,0,2785.0,3297.0,0.8447073
9,67,1,3100.0,3297.0,0.9402487
9,67,2,3297.0,3297.0,1.0
9,68,0,2785.0,3346.0,0.83233714
9,68,1,3100.0,3346.0,0.9264794
9,68,2,3346.0,3346.0,1.0
9,69,0,2785.0,3389.0,0.82177633
9,69,1,3389.0,3389.0,1.0
9,69,2,3346.0,3389.0,0.9873119
9,70,0,2785.0,3462.0,0.8044483
9,70,1,3389.0,3462.0,0.9789139
9,70,2,3462.0,3462.0,1.0
9,71,0,2785.0,3535.0,0.78783596
9,71,1,3389.0,3535.0,0.95869875
9,71,2,3535.0,3535.0,1.0
9,72,0,2785.0,3579.0,0.7781503
9,72,1,3579.0,3579.0,1.0
9,72,2,3535.0,3579.0,0.98770607
9,73,0,2785.0,3619.0,0.7695496
9,73,1,3619.0,3619.0,1.0
9,73,2,3535.0,3619.0,0.9767892
9,74,0,2785.0,3662.0,0.76051337
9,74,1,3662.0,3662.0,1.0
9,74,2,3535.0,3662.0,0.9653195
9,75,0,2785.0,3704.0,0.7518898
9,75,1,3662.0,3704.0,0.98866093
9,75,2,3704.0,3704.0,1.0
9,76,0,2785.0,3742.0,0.7442544
9,76,1,3742.0,3742.0,1.0
9,76,2,3704.0,3742.0,0.989845
9,77,0,2785.0,3771.0,0.7385309
9,77,1,3771.0,3771.0,1.0
9,77,2,3704.0,3771.0,0.9822328
9,78,0,2785.0,3807.0,0.7315472
9,78,1,3771.0,3807.0,0.9905437
9,78,2,3807.0,3807.0,1.0
9,79,0,2785.0,3868.0,0.72001034
9,79,1,3771.0,3868.0,0.9749224
9,79,2,3868.0,3868.0,1.0
9,80,0,2785.0,3932.0,0.70829093
9,80,1,3771.0,3932.0,0.95905393
9,80,2,3932.0,3932.0,1.0
9,81,0,2785.0,3982.0,0.69939727
9,81,1,3982.0,3982.0,1.0
9,81,2,3932.0,3982.0,0.9874435
9,82,0,2785.0,4016.0,0.6934761
9,82,1,4016.0,4016.0,1.0
9,82,2,3932.0,4016.0,0.97908366
9,83,0,2785.0,4055.0,0.68680644
9,83,1,4016.0,4055.0,0.99038225
9,83,2,4055.0,4055.0,1.0
9,84,0,2785.0,4111.0,0.6774507
9,84,1,4016.0,4111.0,0.9768913
9,84,2,4111.0,4111.0,1.0
9,85,0,2785.0,4151.0,0.6709227
9,85,1,4151.0,4151.0,1.0
9,85,2,4111.0,4151.0,0.9903638
9,86,0,2785.0,4207.0,0.6619919
9,86,1,4151.0,4207.0,0.98668885
9,86,2,4207.0,4207.0,1.0
9,87,0,2785.0,4257.0,0.6542166
9,87,1,4257.0,4257.0,1.0
9,87,2,4207.0,4257.0,0.98825467
9,88,0,2785.0,4301.0,0.6475238
9,88,1,4257.0,4301.0,0.9897698
9,88,2,4301.0,4301.0,1.0
9,89,0,2785.0,4334.0,0.64259344
9,89,1,4334.0,4334.0,1.0
9,89,2,4301.0,4334.0,0.9923858
9,90,0,2785.0,4376.0,0.636426
9,90,1,4376.0,4376.0,1.0
9,90,2,4301.0,4376.0,0.98286104
9,91,0,2785.0,4422.0,0.6298055
9,91,1,4422.0,4422.0,1.0
9,91,2,4301.0,4422.0,0.9726368
9,92,0,2785.0,4479.0,0.6217906
9,92,1,4422.0,4479.0,0.98727393
9,92,2,4479.0,4479.0,1.0
9,93,0,2785.0,4505.0,0.618202
9,93,1,4505.0,4505.0,1.0
9,93,2,4479.0,4505.0,0.99422866
9,94,0,2785.0,4544.0,0.61289614
9,94,1,4544.0,4544.0,1.0
9,94,2,4479.0,4544.0,0.9856954
9,95,0,2785.0,4594.0,0.6062255
9,95,1,4594.0,4594.0,1.0
9,95,2,4479.0,4594.0,0.97496736
9,96,0,2785.0,4629.0,0.60164183
9,96,1,4629.0,4629.0,1.0
9,96,2,4479.0,4629.0,0.9675956
9,97,0,2785.0,4666.0,0.59687096
9,97,1,4629.0,4666.0,0.9920703
9,97,2,4666.0,4666.0,1.0
9,98,0,2785.0,4706.0,0.5917977
9,98,1,4706.0,4706.0,1.0
9,98,2,4666.0,4706.0,0.9915002
9,99,0,2785.0,4743.0,0.5871811
9,99,1,4743.0,4743.0,1.0
9,99,2,4666.0,4743.0,0.98376554
9,100,0,2785.0,4784.0,0.58214885
9,100,1,4743.0,4784.0,0.99142975
9,100,2,4784.0,4784.0,1.0
9,101,0,2785.0,4822.0,0.5775612
9,101,1,4822.0,4822.0,1.0
9,101,2,4784.0,4822.0,0.99211943
9,102,0,2785.0,4859.0,0.5731632
9,102,1,4859.0,4859.0,1.0
9,102,2,4784.0,4859.0,0.9845647
9,103,0,2785.0,4899.0,0.56848335
9,103,1,4859.0,4899.0,0.99183506
9,103,2,4899.0,4899.0,1.0
9,104,0,2785.0,4937.0,0.5641078
9,104,1,4937.0,4937.0,1.0
9,104,2,4899.0,4937.0,0.992303
9,105,0,2785.0,4978.0,0.55946165
9,105,1,4978.0,4978.0,1.0
9,105,2,4899.0,4978.0,0.98413014
9,106,0,2785.0,5032.0,0.55345786
9,106,1,4978.0,5032.0,0.98926866
9,106,2,5032.0,5032.0,1.0
9,107,0,2785.0,5069.0,0.54941803
9,107,1,5069.0,5069.0,1.0
9,107,2,5032.0,5069.0,0.99270076
9,108,0,2785.0,5100.0,0.54607844
9,108,1,5100.0,5100.0,1.0
9,108,2,5032.0,5100.0,0.9866667
9,109,0,2785.0,5136.0,0.54225075
9,109,1,5136.0,5136.0,1.0
9,109,2,5032.0,5136.0,0.97975075
9,110,0,2785.0,5186.0,0.53702277
9,110,1,5186.0,5186.0,1.0
9,110,2,5032.0,5186.0,0.97030467
9,111,0,2785.0,5228.0,0.53270847
9,111,1,5228.0,5228.0,1.0
9,111,2,5032.0,5228.0,0.9625096
9,112,0,2785.0,5261.0,0.529367
9,112,1,5261.0,5261.0,1.0
9,112,2,5032.0,5261.0,0.95647216
9,113,0,2785.0,5291.0,0.5263655
9,113,1,5291.0,5291.0,1.0
9,113,2,5032.0,5291.0,0.951049
9,114,0,2785.0,5328.0,0.5227102
9,114,1,5328.0,5328.0,1.0
9,114,2,5032.0,5328.0,0.9444444
9,115,0,2785.0,5377.0,0.51794684
9,115,1,5377.0,5377.0,1.0
9,115,2,5032.0,5377.0,0.9358378
9,116,0,2785.0,5412.0,0.5145972
9,116,1,5412.0,5412.0,1.0
9,116,2,5032.0,5412.0,0.92978567
9,117,0,2785.0,5444.0,0.51157236
9,117,1,5444.0,5444.0,1.0
9,117,2,5032.0,5444.0,0.92432034
9,118,0,2785.0,5486.0,0.50765586
9,118,1,5486.0,5486.0,1.0
9,118,2,5032.0,5486.0,0.9172439
9,119,0,2785.0,5527.0,0.50389
9,119,1,5527.0,5527.0,1.0
9,119,2,5032.0,5527.0,0.91043967
9,120,0,2785.0,5576.0,0.49946198
9,120,1,5527.0,5576.0,0.99121237
9,120,2,5576.0,5576.0,1.0
9,121,0,2785.0,5631.0,0.49458355
9,121,1,5527.0,5631.0,0.9815308
9,121,2,5631.0,5631.0,1.0
9,122,0,2785.0,5701.0,0.4885108
9,122,1,5527.0,5701.0,0.969479
9,122,2,5701.0,5701.0,1.0
9,123,0,2785.0,5742.0,0.48502263
9,123,1,5527.0,5742.0,0.9625566
9,123,2,5742.0,5742.0,1.0
9,124,0,2785.0,5787.0,0.4812511
9,124,1,5787.0,5787.0,1.0
9,124,2,5742.0,5787.0,0.992224
9,125,0,2785.0,5852.0,0.4759057
9,125,1,5787.0,5852.0,0.9888927
9,125,2,5852.0,5852.0,1.0
9,126,0,2785.0,5921.0,0.47035974
9,126,1,5787.0,5921.0,0.9773687
9,126,2,5921.0,5921.0,1.0
9,127,0,2785.0,5964.0,0.46696848
9,127,1,5964.0,5964.0,1.0
9,127,2,5921.0,5964.0,0.9927901
9,128,0,2785.0,6009.0,0.46347147
9,128,1,6009.0,6009.0,1.0
9,128,2,5921.0,6009.0,0.9853553
9,129,0,2785.0,6041.0,0.4610164
9,129,1,6041.0,6041.0,1.0
9,129,2,5921.0,6041.0,0.98013574
9,130,0,2785.0,6074.0,0.45851168
9,130,1,6074.0,6074.0,1.0
9,130,2,5921.0,6074.0,0.97481066
9,131,0,2785.0,6148.0,0.45299286
9,131,1,6074.0,6148.0,0.98796356
9,131,2,6148.0,6148.0,1.0
9,132,0,2785.0,6209.0,0.44854245
9,132,1,6074.0,6209.0,0.97825736
9,132,2,6209.0,6209.0,1.0
9,133,0,2785.0,6244.0,0.44602817
9,133,1,6074.0,6244.0,0.97277385
9,133,2,6244.0,6244.0,1.0
9,134,0,2785.0,6277.0,0.4436833
9,134,1,6074.0,6277.0,0.9676597
9,134,2,6277.0,6277.0,1.0
10,1,0,34.0,34.0,1.0
10,1,1,0.0,34.0,0.0
10,1,2,0.0,34.0,0.0
10,2,0,100.0,100.0,1.0
10,2,1,0.0,100.0,0.0
10,2,2,0.0,100.0,0.0
10,3,0,171.0,171.0,1.0
10,3,1,0.0,171.0,0.0
10,3,2,0.0,171.0,0.0
10,4,0,251.0,251.0,1.0
10,4,1,0.0,251.0,0.0
10,4,2,0.0,251.0,0.0
10,5,0,299.0,299.0,1.0
10,5,1,0.0,299.0,0.0
10,5,2,0.0,299.0,0.0
10,6,0,377.0,377.0,1.0
10,6,1,0.0,377.0,0.0
10,6,2,0.0,377.0,0.0
10,7,0,420.0,420.0,1.0
10,7,1,0.0,420.0,0.0
10,7,2,0.0,420.0,0.0
10,8,0,501.0,501.0,1.0
10,8,1,0.0,501.0,0.0
10,8,2,0.0,501.0,0.0
10,9,0,501.0,524.0,0.95610684
10,9,1,524.0,524.0,1.0
10,9,2,0.0,524.0,0.0
10,10,0,599.0,599.0,1.0
10,10,1,524.0,599.0,0.8747913
10,10,2,0.0,599.0,0.0
10,11,0,670.0,670.0,1.0
10,11,1,524.0,670.0,0.78208953
10,11,2,0.0,670.0,0.0
10,12,0,742.0,742.0,1.0
10,12,1,524.0,742.0,0.70619947
10,12,2,0.0,742.0,0.0
10,13,0,742.0,775.0,0.95741934
10,13,1,775.0,775.0,1.0
10,13,2,0.0,775.0,0.0
10,14,0,837.0,837.0,1.0
10,14,1,775.0,837.0,0.9259259
10,14,2,0.0,837.0,0.0
10,15,0,837.0,868.0,0.96428573
10,15,1,868.0,868.0,1.0
10,15,2,0.0,868.0,0.0
10,16,0,837.0,921.0,0.90879476
10,16,1,868.0,921.0,0.94245386
10,16,2,921.0,921.0,1.0
10,17,0,837.0,957.0,0.87460816
10,17,1,957.0,957.0,1.0
10,17,2,921.0,957.0,0.96238244
10,18,0,1013.0,1013.0,1.0
10,18,1,957.0,1013.0,0.94471866
10,18,2,921.0,1013.0,0.90918064
10,19,0,1013.0,1053.0,0.9620133
10,19,1,1053.0,1053.0,1.0
10,19,2,921.0,1053.0,0.87464386
10,20,0,1118.0,1118.0,1.0
10,20,1,1053.0,1118.0,0.94186044
10,20,2,921.0,1118.0,0.82379246
10,21,0,1118.0,1153.0,0.9696444
10,21,1,1153.0,1153.0,1.0
10,21,2,921.0,1153.0,0.7987858
10,22,0,1208.0,1208.0,1.0
10,22,1,1153.0,1208.0,0.9544702
10,22,2,921.0,1208.0,0.7624172
10,23,0,1273.0,1273.0,1.0
10,23,1,1153.0,1273.0,0.9057345
10,23,2,921.0,1273.0,0.7234878
10,24,0,1273.0,1315.0,0.96806085
10,24,1,1315.0,1315.0,1.0
10,24,2,921.0,1315.0,0.7003802
10,25,0,1273.0,1375.0,0.9258182
10,25,1,1315.0,1375.0,0.9563636
10,25,2,1375.0,1375.0,1.0
10,26,0,1273.0,1417.0,0.8983769
10,26,1,1417.0,1417.0,1.0
10,26,2,1375.0,1417.0,0.9703599
10,27,0,1273.0,1453.0,0.87611836
10,27,1,1453.0,1453.0,1.0
10,27,2,1375.0,1453.0,0.946318
10,28,0,1273.0,1478.0,0.86129904
10,28,1,1478.0,1478.0,1.0
10,28,2,1375.0,1478.0,0.9303112
10,29,0,1273.0,1521.0,0.83694935
10,29,1,1478.0,1521.0,0.9717291
10,29,2,1521.0,1521.0,1.0
10,30,0,1273.0,1562.0,0.8149808
10,30,1,1562.0,1562.0,1.0
10,30,2,1521.0,1562.0,0.9737516
10,31,0,1273.0,1613.0,0.78921264
10,31,1,1562.0,1613.0,0.9683819
10,31,2,1613.0,1613.0,1.0
10,32,0,1273.0,1657.0,0.7682559
10,32,1,1562.0,1657.0,0.9426675
10,32,2,1657.0,1657.0,1.0
10,33,0,1273.0,1725.0,0.737971
10,33,1,1562.0,1725.0,0.90550727
10,33,2,1725.0,1725.0,1.0
10,34,0,1273.0,1760.0,0.72329545
10,34,1,1760.0,1760.0,1.0
10,34,2,1725.0,1760.0,0.9801136
10,35,0,1819.0,1819.0,1.0
10,35,1,1760.0,1819.0,0.9675646
10,35,2,1725.0,1819.0,0.94832325
10,36,0,1819.0,1863.0,0.9763822
10,36,1,1863.0,1863.0,1.0
10,36,2,1725.0,1863.0,0.9259259
10,37,0,1819.0,1906.0,0.95435464
10,37,1,1906.0,1906.0,1.0
10,37,2,1725.0,1906.0,0.90503675
10,38,0,1819.0,1944.0,0.9356996
10,38,1,1944.0,1944.0,1.0
10,38,2,1725.0,1944.0,0.8873457
10,39,0,1819.0,1984.0,0.91683465
10,39,1,1984.0,1984.0,1.0
10,39,2,1725.0,1984.0,0.86945564
10,40,0,1819.0,2034.0,0.89429694
10,40,1,1984.0,2034.0,0.9754179
10,40,2,2034.0,2034.0,1.0
10,41,0,1819.0,2104.0,0.86454374
10,41,1,1984.0,2104.0,0.9429658
10,41,2,2104.0,2104.0,1.0
10,42,0,1819.0,2143.0,0.8488101
10,42,1,1984.0,2143.0,0.925805
10,42,2,2143.0,2143.0,1.0
10,43,0,1819.0,2183.0,0.83325696
10,43,1,2183.0,2183.0,1.0
10,43,2,2143.0,2183.0,0.9816766
10,44,0,1819.0,2225.0,0.81752807
10,44,1,2183.0,2225.0,0.98112357
10,44,2,2225.0,2225.0,1.0
10,45,0,1819.0,2280.0,0.79780704
10,45,1,2183.0,2280.0,0.9574561
10,45,2,2280.0,2280.0,1.0
10,46,0,1819.0,2329.0,0.7810219
10,46,1,2183.0,2329.0,0.9373121
10,46,2,2329.0,2329.0,1.0
10,47,0,2405.0,2405.0,1.0
10,47,1,2183.0,2405.0,0.9076923
10,47,2,2329.0,2405.0,0.96839917
10,48,0,2405.0,2450.0,0.98163265
10,48,1,2450.0,2450.0,1.0
10,48,2,2329.0,2450.0,0.95061225
10,49,0,2405.0,2495.0,0.96392787
10,49,1,2450.0,2495.0,0.98196393
10,49,2,2495.0,2495.0,1.0
10,50,0,2405.0,2535.0,0.94871795
10,50,1,2535.0,2535.0,1.0
10,50,2,2495.0,2535.0,0.9842209
10,51,0,2405.0,2568.0,0.9365265
10,51,1,2568.0,2568.0,1.0
10,51,2,2495.0,2568.0,0.97157323
10,52,0,2405.0,2613.0,0.920398
10,52,1,2613.0,2613.0,1.0
10,52,2,2495.0,2613.0,0.9548412
10,53,0,2405.0,2656.0,0.905497
10,53,1,2656.0,2656.0,1.0
10,53,2,2495.0,2656.0,0.93938255
10,54,0,2405.0,2694.0,0.8927246
10,54,1,2694.0,2694.0,1.0
10,54,2,2495.0,2694.0,0.92613214
10,55,0,2405.0,2740.0,0.8777372
10,55,1,2740.0,2740.0,1.0
10,55,2,2495.0,2740.0,0.9105839
10,56,0,2405.0,2776.0,0.86635447
10,56,1,2740.0,2776.0,0.9870317
10,56,2,2776.0,2776.0,1.0
10,57,0,2405.0,2819.0,0.8531394
10,57,1,2819.0,2819.0,1.0
10,57,2,2776.0,2819.0,0.98474634
10,58,0,2405.0,2888.0,0.8327562
10,58,1,2819.0,2888.0,0.976108
10,58,2,2888.0,2888.0,1.0
10,59,0,2405.0,2961.0,0.8122256
10,59,1,2819.0,2961.0,0.95204324
10,59,2,2961.0,2961.0,1.0
10,60,0,2405.0,3015.0,0.7976783
10,60,1,2819.0,3015.0,0.9349917
10,60,2,3015.0,3015.0,1.0
10,61,0,2405.0,3052.0,0.78800786
10,61,1,2819.0,3052.0,0.92365664
10,61,2,3052.0,3052.0,1.0
10,62,0,2405.0,3094.0,0.7773109
10,62,1,2819.0,3094.0,0.91111827
10,62,2,3094.0,3094.0,1.0
10,63,0,2405.0,3158.0,0.76155794
10,63,1,2819.0,3158.0,0.8926536
10,63,2,3158.0,3158.0,1.0
10,64,0,2405.0,3191.0,0.75368226
10,64,1,3191.0,3191.0,1.0
10,64,2,3158.0,3191.0,0.9896584
10,65,0,2405.0,3228.0,0.7450434
10,65,1,3191.0,3228.0,0.9885378
10,65,2,3228.0,3228.0,1.0
10,66,0,2405.0,3262.0,0.73727775
10,66,1,3262.0,3262.0,1.0
10,66,2,3228.0,3262.0,0.98957694
10,67,0,2405.0,3304.0,0.7279056
10,67,1,3304.0,3304.0,1.0
10,67,2,3228.0,3304.0,0.97699755
10,68,0,2405.0,3337.0,0.72070724
10,68,1,3337.0,3337.0,1.0
10,68,2,3228.0,3337.0,0.96733594
10,69,0,3413.0,3413.0,1.0
10,69,1,3337.0,3413.0,0.9777322
10,69,2,3228.0,3413.0,0.9457955
10,70,0,3413.0,3474.0,0.982441
10,70,1,3337.0,3474.0,0.9605642
10,70,2,3474.0,3474.0,1.0
10,71,0,3413.0,3547.0,0.9622216
10,71,1,3337.0,3547.0,0.94079506
10,71,2,3547.0,3547.0,1.0
10,72,0,3413.0,3597.0,0.9488463
10,72,1,3597.0,3597.0,1.0
10,72,2,3547.0,3597.0,0.98609954
10,73,0,3413.0,3631.0,0.93996143
10,73,1,3631.0,3631.0,1.0
10,73,2,3547.0,3631.0,0.9768659
10,74,0,3413.0,3672.0,0.92946625
10,74,1,3672.0,3672.0,1.0
10,74,2,3547.0,3672.0,0.9659586
10,75,0,3413.0,3709.0,0.92019415
10,75,1,3709.0,3709.0,1.0
10,75,2,3547.0,3709.0,0.95632243
10,76,0,3413.0,3747.0,0.910862
10,76,1,3747.0,3747.0,1.0
10,76,2,3547.0,3747.0,0.946624
10,77,0,3413.0,3780.0,0.90291005
10,77,1,3780.0,3780.0,1.0
10,77,2,3547.0,3780.0,0.9383598
10,78,0,3413.0,3829.0,0.89135545
10,78,1,3829.0,3829.0,1.0
10,78,2,3547.0,3829.0,0.92635155
10,79,0,3413.0,3874.0,0.88100153
10,79,1,3874.0,3874.0,1.0
10,79,2,3547.0,3874.0,0.9155911
10,80,0,3413.0,3924.0,0.8697757
10,80,1,3924.0,3924.0,1.0
10,80,2,3547.0,3924.0,0.9039246
10,81,0,3413.0,3962.0,0.8614336
10,81,1,3962.0,3962.0,1.0
10,81,2,3547.0,3962.0,0.8952549
10,82,0,3413.0,3999.0,0.85346335
10,82,1,3999.0,3999.0,1.0
10,82,2,3547.0,3999.0,0.8869718
10,83,0,3413.0,4056.0,0.8414694
10,83,1,3999.0,4056.0,0.9859468
10,83,2,4056.0,4056.0,1.0
10,84,0,3413.0,4100.0,0.832439
10,84,1,4100.0,4100.0,1.0
10,84,2,4056.0,4100.0,0.9892683
10,85,0,3413.0,4132.0,0.8259922
10,85,1,4132.0,4132.0,1.0
10,85,2,4056.0,4132.0,0.98160696
10,86,0,3413.0,4180.0,0.81650716
10,86,1,4180.0,4180.0,1.0
10,86,2,4056.0,4180.0,0.97033495
10,87,0,3413.0,4215.0,0.8097272
10,87,1,4215.0,4215.0,1.0
10,87,2,4056.0,4215.0,0.9622776
10,88,0,3413.0,4256.0,0.8019267
10,88,1,4256.0,4256.0,1.0
10,88,2,4056.0,4256.0,0.9530075
10,89,0,4315.0,4315.0,1.0
10,89,1,4256.0,4315.0,0.98632675
10,89,2,4056.0,4315.0,0.9399768
10,90,0,4315.0,4357.0,0.9903603
10,90,1,4357.0,4357.0,1.0
10,90,2,4056.0,4357.0,0.9309158
10,91,0,4315.0,4402.0,0.98023623
10,91,1,4402.0,4402.0,1.0
10,91,2,4056.0,4402.0,0.92139935
10,92,0,4315.0,4443.0,0.97119063
10,92,1,4443.0,4443.0,1.0
10,92,2,4056.0,4443.0,0.9128967
10,93,0,4315.0,4487.0,0.96166706
10,93,1,4487.0,4487.0,1.0
10,93,2,4056.0,4487.0,0.90394473
10,94,0,4315.0,4522.0,0.9542238
10,94,1,4522.0,4522.0,1.0
10,94,2,4056.0,4522.0,0.8969483
10,95,0,4315.0,4563.0,0.9456498
10,95,1,4522.0,4563.0,0.99101466
10,95,2,4563.0,4563.0,1.0
10,96,0,4315.0,4611.0,0.9358057
10,96,1,4611.0,4611.0,1.0
10,96,2,4563.0,4611.0,0.9895901
10,97,0,4315.0,4656.0,0.92676115
10,97,1,4656.0,4656.0,1.0
10,97,2,4563.0,4656.0,0.98002577
10,98,0,4315.0,4695.0,0.91906285
10,98,1,4656.0,4695.0,0.9916933
10,98,2,4695.0,4695.0,1.0
10,99,0,4315.0,4736.0,0.9111064
10,99,1,4656.0,4736.0,0.9831081
10,99,2,4736.0,4736.0,1.0
10,100,0,4315.0,4767.0,0.90518147
10,100,1,4767.0,4767.0,1.0
10,100,2,4736.0,4767.0,0.99349695
10,101,0,4315.0,4807.0,0.8976493
10,101,1,4767.0,4807.0,0.9916788
10,101,2,4807.0,4807.0,1.0
10,102,0,4315.0,4840.0,0.8915289
10,102,1,4840.0,4840.0,1.0
10,102,2,4807.0,4840.0,0.9931818
10,103,0,4315.0,4882.0,0.8838591
10,103,1,4882.0,4882.0,1.0
10,103,2,4807.0,4882.0,0.98463744
10,104,0,4315.0,4947.0,0.8722458
10,104,1,4882.0,4947.0,0.98686075
10,104,2,4947.0,4947.0,1.0
10,105,0,4315.0,4992.0,0.86438304
10,105,1,4992.0,4992.0,1.0
10,105,2,4947.0,4992.0,0.9909856
10,106,0,4315.0,5061.0,0.8525983
10,106,1,4992.0,5061.0,0.98636633
10,106,2,5061.0,5061.0,1.0
10,107,0,4315.0,5117.0,0.84326756
10,107,1,4992.0,5117.0,0.97557163
10,107,2,5117.0,5117.0,1.0
10,108,0,4315.0,5148.0,0.8381896
10,108,1,5148.0,5148.0,1.0
10,108,2,5117.0,5148.0,0.99397826
10,109,0,4315.0,5201.0,0.82964814
10,109,1,5148.0,5201.0,0.98980963
10,109,2,5201.0,5201.0,1.0
10,110,0,4315.0,5238.0,0.8237877
10,110,1,5148.0,5238.0,0.9828179
10,110,2,5238.0,5238.0,1.0
10,111,0,4315.0,5275.0,0.8180095
10,111,1,5275.0,5275.0,1.0
10,111,2,5238.0,5275.0,0.9929858
10,112,0,4315.0,5325.0,0.81032866
10,112,1,5325.0,5325.0,1.0
10,112,2,5238.0,5325.0,0.98366195
10,113,0,4315.0,5379.0,0.8021937
10,113,1,5325.0,5379.0,0.98996097
10,113,2,5379.0,5379.0,1.0
10,114,0,4315.0,5416.0,0.7967135
10,114,1,5416.0,5416.0,1.0
10,114,2,5379.0,5416.0,0.9931684
10,115,0,4315.0,5489.0,0.7861177
10,115,1,5416.0,5489.0,0.98670065
10,115,2,5489.0,5489.0,1.0
10,116,0,4315.0,5529.0,0.78043044
10,116,1,5416.0,5529.0,0.9795623
10,116,2,5529.0,5529.0,1.0
10,117,0,4315.0,5585.0,0.7726052
10,117,1,5416.0,5585.0,0.9697404
10,117,2,5585.0,5585.0,1.0
10,118,0,4315.0,5620.0,0.7677936
10,118,1,5620.0,5620.0,1.0
10,118,2,5585.0,5620.0,0.99377227
10,119,0,4315.0,5694.0,0.75781524
10,119,1,5620.0,5694.0,0.98700386
10,119,2,5694.0,5694.0,1.0
10,120,0,4315.0,5724.0,0.7538435
10,120,1,5724.0,5724.0,1.0
10,120,2,5694.0,5724.0,0.9947589
10,121,0,4315.0,5767.0,0.74822265
10,121,1,5767.0,5767.0,1.0
10,121,2,5694.0,5767.0,0.98734176
10,122,0,4315.0,5799.0,0.74409384
10,122,1,5799.0,5799.0,1.0
10,122,2,5694.0,5799.0,0.9818934
10,123,0,4315.0,5831.0,0.74001026
10,123,1,5831.0,5831.0,1.0
10,123,2,5694.0,5831.0,0.97650486
10,124,0,4315.0,5886.0,0.73309547
10,124,1,5831.0,5886.0,0.9906558
10,124,2,5886.0,5886.0,1.0
10,125,0,4315.0,5927.0,0.7280243
10,125,1,5927.0,5927.0,1.0
10,125,2,5886.0,5927.0,0.9930825
10,126,0,4315.0,5977.0,0.7219341
10,126,1,5977.0,5977.0,1.0
10,126,2,5886.0,5977.0,0.98477495
10,127,0,4315.0,6019.0,0.7168965
10,127,1,6019.0,6019.0,1.0
10,127,2,5886.0,6019.0,0.9779033
10,128,0,4315.0,6059.0,0.71216375
10,128,1,6019.0,6059.0,0.99339825
10,128,2,6059.0,6059.0,1.0
10,129,0,4315.0,6120.0,0.70506537
10,129,1,6019.0,6120.0,0.9834967
10,129,2,6120.0,6120.0,1.0
10,130,0,4315.0,6165.0,0.6999189
10,130,1,6165.0,6165.0,1.0
10,130,2,6120.0,6165.0,0.99270076
10,131,0,4315.0,6198.0,0.6961923
10,131,1,6165.0,6198.0,0.9946757
10,131,2,6198.0,6198.0,1.0
10,132,0,4315.0,6247.0,0.6907315
10,132,1,6247.0,6247.0,1.0
10,132,2,6198.0,6247.0,0.9921562
10,133,0,4315.0,6289.0,0.6861186
10,133,1,6289.0,6289.0,1.0
10,133,2,6198.0,6289.0,0.9855303
10,134,0,4315.0,6317.0,0.6830774
10,134,1,6317.0,6317.0,1.0
10,134,2,6198.0,6317.0,0.98116195
