{
  "M1": {
    "utilization": 0.5523191094398499,
    "setup_time_ratio": 0.11318664252758026,
    "idle_time_ratio": 0.0,
    "processing_time_ratio": 0.09134082496166229,
    "total_busy_time": 577,
    "total_setup_time": 715,
    "total_idle_time": 0
  },
  "M2": {
    "utilization": 1.0,
    "setup_time_ratio": 0.2184581309556961,
    "idle_time_ratio": 0.0,
    "processing_time_ratio": 0.22890612483024597,
    "total_busy_time": 1446,
    "total_setup_time": 1380,
    "total_idle_time": 0
  },
  "M3": {
    "utilization": 0.9822700619697571,
    "setup_time_ratio": 0.09577330946922302,
    "idle_time_ratio": 0.0,
    "processing_time_ratio": 0.25233498215675354,
    "total_busy_time": 1594,
    "total_setup_time": 605,
    "total_idle_time": 0
  }
}