episode,step,machine_idx,machine_time,current_time,utilization
1,1,0,41.0,41.0,1.0
1,1,1,0.0,41.0,0.0
1,1,2,0.0,41.0,0.0
1,2,0,112.0,112.0,1.0
1,2,1,0.0,112.0,0.0
1,2,2,0.0,112.0,0.0
1,3,0,112.0,134.0,0.8358209
1,3,1,134.0,134.0,1.0
1,3,2,0.0,134.0,0.0
1,4,0,214.0,214.0,1.0
1,4,1,134.0,214.0,0.62616825
1,4,2,0.0,214.0,0.0
1,5,0,255.0,255.0,1.0
1,5,1,134.0,255.0,0.5254902
1,5,2,0.0,255.0,0.0
1,6,0,327.0,327.0,1.0
1,6,1,134.0,327.0,0.40978593
1,6,2,0.0,327.0,0.0
1,7,0,377.0,377.0,1.0
1,7,1,134.0,377.0,0.35543767
1,7,2,0.0,377.0,0.0
1,8,0,377.0,422.0,0.8933649
1,8,1,134.0,422.0,0.31753555
1,8,2,422.0,422.0,1.0
1,9,0,477.0,477.0,1.0
1,9,1,134.0,477.0,0.28092244
1,9,2,422.0,477.0,0.884696
1,10,0,553.0,553.0,1.0
1,10,1,134.0,553.0,0.24231465
1,10,2,422.0,553.0,0.7631103
1,11,0,553.0,599.0,0.9232053
1,11,1,599.0,599.0,1.0
1,11,2,422.0,599.0,0.7045075
1,12,0,657.0,657.0,1.0
1,12,1,599.0,657.0,0.9117199
1,12,2,422.0,657.0,0.64231354
1,13,0,657.0,705.0,0.93191487
1,13,1,705.0,705.0,1.0
1,13,2,422.0,705.0,0.59858155
1,14,0,657.0,748.0,0.8783423
1,14,1,748.0,748.0,1.0
1,14,2,422.0,748.0,0.56417114
1,15,0,657.0,790.0,0.83164555
1,15,1,790.0,790.0,1.0
1,15,2,422.0,790.0,0.53417724
1,16,0,657.0,835.0,0.7868264
1,16,1,835.0,835.0,1.0
1,16,2,422.0,835.0,0.5053892
1,17,0,657.0,865.0,0.7595376
1,17,1,865.0,865.0,1.0
1,17,2,422.0,865.0,0.48786128
1,18,0,657.0,919.0,0.7149075
1,18,1,865.0,919.0,0.9412405
1,18,2,919.0,919.0,1.0
1,19,0,657.0,947.0,0.6937698
1,19,1,947.0,947.0,1.0
1,19,2,919.0,947.0,0.97043294
1,20,0,657.0,983.0,0.66836214
1,20,1,983.0,983.0,1.0
1,20,2,919.0,983.0,0.9348932
1,21,0,1046.0,1046.0,1.0
1,21,1,983.0,1046.0,0.9397706
1,21,2,919.0,1046.0,0.8785851
1,22,0,1046.0,1096.0,0.95437956
1,22,1,1096.0,1096.0,1.0
1,22,2,919.0,1096.0,0.83850366
1,23,0,1158.0,1158.0,1.0
1,23,1,1096.0,1158.0,0.9464594
1,23,2,919.0,1158.0,0.7936097
1,24,0,1158.0,1206.0,0.960199
1,24,1,1096.0,1206.0,0.9087894
1,24,2,1206.0,1206.0,1.0
1,25,0,1158.0,1246.0,0.929374
1,25,1,1246.0,1246.0,1.0
1,25,2,1206.0,1246.0,0.9678973
1,26,0,1290.0,1290.0,1.0
1,26,1,1246.0,1290.0,0.9658915
1,26,2,1206.0,1290.0,0.9348837
1,27,0,1290.0,1334.0,0.9670165
1,27,1,1246.0,1334.0,0.934033
1,27,2,1334.0,1334.0,1.0
1,28,0,1290.0,1407.0,0.91684437
1,28,1,1246.0,1407.0,0.88557214
1,28,2,1407.0,1407.0,1.0
1,29,0,1290.0,1463.0,0.8817498
1,29,1,1246.0,1463.0,0.8516746
1,29,2,1463.0,1463.0,1.0
1,30,0,1290.0,1518.0,0.8498024
1,30,1,1246.0,1518.0,0.8208169
1,30,2,1518.0,1518.0,1.0
1,31,0,1581.0,1581.0,1.0
1,31,1,1246.0,1581.0,0.78810877
1,31,2,1518.0,1581.0,0.9601518
1,32,0,1655.0,1655.0,1.0
1,32,1,1246.0,1655.0,0.7528701
1,32,2,1518.0,1655.0,0.91722053
1,33,0,1655.0,1698.0,0.9746761
1,33,1,1698.0,1698.0,1.0
1,33,2,1518.0,1698.0,0.89399296
1,34,0,1655.0,1740.0,0.9511494
1,34,1,1740.0,1740.0,1.0
1,34,2,1518.0,1740.0,0.8724138
1,35,0,1655.0,1810.0,0.91436464
1,35,1,1740.0,1810.0,0.96132594
1,35,2,1810.0,1810.0,1.0
1,36,0,1869.0,1869.0,1.0
1,36,1,1740.0,1869.0,0.93097913
1,36,2,1810.0,1869.0,0.9684323
1,37,0,1869.0,1909.0,0.97904664
1,37,1,1909.0,1909.0,1.0
1,37,2,1810.0,1909.0,0.9481404
1,38,0,1869.0,1946.0,0.96043164
1,38,1,1909.0,1946.0,0.98098665
1,38,2,1946.0,1946.0,1.0
1,39,0,2026.0,2026.0,1.0
1,39,1,1909.0,2026.0,0.9422507
1,39,2,1946.0,2026.0,0.96051335
1,40,0,2026.0,2059.0,0.9839728
1,40,1,2059.0,2059.0,1.0
1,40,2,1946.0,2059.0,0.94511896
1,41,0,2026.0,2096.0,0.96660304
1,41,1,2059.0,2096.0,0.9823473
1,41,2,2096.0,2096.0,1.0
1,42,0,2026.0,2159.0,0.9383974
1,42,1,2059.0,2159.0,0.95368224
1,42,2,2159.0,2159.0,1.0
1,43,0,2026.0,2193.0,0.9238486
1,43,1,2193.0,2193.0,1.0
1,43,2,2159.0,2193.0,0.9844961
1,44,0,2026.0,2262.0,0.89566755
1,44,1,2193.0,2262.0,0.969496
1,44,2,2262.0,2262.0,1.0
1,45,0,2026.0,2302.0,0.88010424
1,45,1,2302.0,2302.0,1.0
1,45,2,2262.0,2302.0,0.9826238
1,46,0,2026.0,2327.0,0.8706489
1,46,1,2327.0,2327.0,1.0
1,46,2,2262.0,2327.0,0.97206706
1,47,0,2026.0,2365.0,0.8566596
1,47,1,2327.0,2365.0,0.9839324
1,47,2,2365.0,2365.0,1.0
1,48,0,2026.0,2406.0,0.8420615
1,48,1,2406.0,2406.0,1.0
1,48,2,2365.0,2406.0,0.9829593
1,49,0,2026.0,2451.0,0.8266014
1,49,1,2451.0,2451.0,1.0
1,49,2,2365.0,2451.0,0.9649123
1,50,0,2026.0,2495.0,0.81202406
1,50,1,2451.0,2495.0,0.9823647
1,50,2,2495.0,2495.0,1.0
1,51,0,2026.0,2533.0,0.79984206
1,51,1,2533.0,2533.0,1.0
1,51,2,2495.0,2533.0,0.98499805
1,52,0,2026.0,2564.0,0.7901716
1,52,1,2564.0,2564.0,1.0
1,52,2,2495.0,2564.0,0.9730889
1,53,0,2615.0,2615.0,1.0
1,53,1,2564.0,2615.0,0.9804971
1,53,2,2495.0,2615.0,0.9541109
1,54,0,2615.0,2656.0,0.98456323
1,54,1,2564.0,2656.0,0.9653614
1,54,2,2656.0,2656.0,1.0
1,55,0,2615.0,2689.0,0.9724805
1,55,1,2689.0,2689.0,1.0
1,55,2,2656.0,2689.0,0.98772776
1,56,0,2615.0,2754.0,0.949528
1,56,1,2689.0,2754.0,0.976398
1,56,2,2754.0,2754.0,1.0
1,57,0,2615.0,2789.0,0.93761206
1,57,1,2789.0,2789.0,1.0
1,57,2,2754.0,2789.0,0.9874507
1,58,0,2615.0,2833.0,0.92304975
1,58,1,2833.0,2833.0,1.0
1,58,2,2754.0,2833.0,0.9721144
1,59,0,2615.0,2878.0,0.9086171
1,59,1,2833.0,2878.0,0.98436415
1,59,2,2878.0,2878.0,1.0
1,60,0,2615.0,2952.0,0.8858401
1,60,1,2833.0,2952.0,0.95968837
1,60,2,2952.0,2952.0,1.0
1,61,0,2615.0,2990.0,0.87458193
1,61,1,2990.0,2990.0,1.0
1,61,2,2952.0,2990.0,0.987291
1,62,0,2615.0,3039.0,0.8604804
1,62,1,3039.0,3039.0,1.0
1,62,2,2952.0,3039.0,0.9713722
1,63,0,2615.0,3076.0,0.85013
1,63,1,3076.0,3076.0,1.0
1,63,2,2952.0,3076.0,0.9596879
1,64,0,2615.0,3118.0,0.83867866
1,64,1,3118.0,3118.0,1.0
1,64,2,2952.0,3118.0,0.9467608
1,65,0,2615.0,3168.0,0.8254419
1,65,1,3168.0,3168.0,1.0
1,65,2,2952.0,3168.0,0.9318182
1,66,0,2615.0,3236.0,0.8080964
1,66,1,3168.0,3236.0,0.9789864
1,66,2,3236.0,3236.0,1.0
1,67,0,2615.0,3269.0,0.7999388
1,67,1,3269.0,3269.0,1.0
1,67,2,3236.0,3269.0,0.9899052
1,68,0,2615.0,3300.0,0.79242426
1,68,1,3300.0,3300.0,1.0
1,68,2,3236.0,3300.0,0.9806061
1,69,0,2615.0,3332.0,0.78481394
1,69,1,3332.0,3332.0,1.0
1,69,2,3236.0,3332.0,0.9711885
1,70,0,2615.0,3368.0,0.7764252
1,70,1,3332.0,3368.0,0.98931116
1,70,2,3368.0,3368.0,1.0
1,71,0,2615.0,3409.0,0.7670871
1,71,1,3409.0,3409.0,1.0
1,71,2,3368.0,3409.0,0.98797303
1,72,0,2615.0,3482.0,0.7510052
1,72,1,3409.0,3482.0,0.979035
1,72,2,3482.0,3482.0,1.0
1,73,0,2615.0,3526.0,0.7416336
1,73,1,3526.0,3526.0,1.0
1,73,2,3482.0,3526.0,0.9875213
1,74,0,2615.0,3576.0,0.731264
1,74,1,3576.0,3576.0,1.0
1,74,2,3482.0,3576.0,0.97371364
1,75,0,3647.0,3647.0,1.0
1,75,1,3576.0,3647.0,0.98053193
1,75,2,3482.0,3647.0,0.95475733
1,76,0,3647.0,3692.0,0.9878115
1,76,1,3692.0,3692.0,1.0
1,76,2,3482.0,3692.0,0.94312024
1,77,0,3647.0,3731.0,0.97748595
1,77,1,3692.0,3731.0,0.989547
1,77,2,3731.0,3731.0,1.0
1,78,0,3647.0,3771.0,0.9671175
1,78,1,3692.0,3771.0,0.97905064
1,78,2,3771.0,3771.0,1.0
1,79,0,3647.0,3804.0,0.95872766
1,79,1,3804.0,3804.0,1.0
1,79,2,3771.0,3804.0,0.9913249
1,80,0,3647.0,3841.0,0.94949234
1,80,1,3841.0,3841.0,1.0
1,80,2,3771.0,3841.0,0.9817756
1,81,0,3647.0,3877.0,0.9406758
1,81,1,3877.0,3877.0,1.0
1,81,2,3771.0,3877.0,0.9726593
1,82,0,3647.0,3913.0,0.93202144
1,82,1,3913.0,3913.0,1.0
1,82,2,3771.0,3913.0,0.9637107
1,83,0,3989.0,3989.0,1.0
1,83,1,3913.0,3989.0,0.9809476
1,83,2,3771.0,3989.0,0.9453497
1,84,0,3989.0,4030.0,0.9898263
1,84,1,4030.0,4030.0,1.0
1,84,2,3771.0,4030.0,0.935732
1,85,0,3989.0,4074.0,0.979136
1,85,1,4074.0,4074.0,1.0
1,85,2,3771.0,4074.0,0.9256259
1,86,0,3989.0,4107.0,0.9712686
1,86,1,4107.0,4107.0,1.0
1,86,2,3771.0,4107.0,0.91818845
1,87,0,3989.0,4164.0,0.9579731
1,87,1,4107.0,4164.0,0.98631126
1,87,2,4164.0,4164.0,1.0
1,88,0,3989.0,4205.0,0.9486326
1,88,1,4107.0,4205.0,0.9766944
1,88,2,4205.0,4205.0,1.0
1,89,0,3989.0,4248.0,0.9390301
1,89,1,4248.0,4248.0,1.0
1,89,2,4205.0,4248.0,0.9898776
1,90,0,3989.0,4321.0,0.9231659
1,90,1,4248.0,4321.0,0.9831058
1,90,2,4321.0,4321.0,1.0
1,91,0,3989.0,4351.0,0.91680074
1,91,1,4351.0,4351.0,1.0
1,91,2,4321.0,4351.0,0.99310505
1,92,0,3989.0,4391.0,0.9084491
1,92,1,4391.0,4391.0,1.0
1,92,2,4321.0,4391.0,0.9840583
1,93,0,3989.0,4442.0,0.8980189
1,93,1,4391.0,4442.0,0.9885187
1,93,2,4442.0,4442.0,1.0
1,94,0,3989.0,4498.0,0.8868386
1,94,1,4391.0,4498.0,0.97621167
1,94,2,4498.0,4498.0,1.0
1,95,0,3989.0,4532.0,0.88018537
1,95,1,4532.0,4532.0,1.0
1,95,2,4498.0,4532.0,0.9924978
1,96,0,3989.0,4582.0,0.87058055
1,96,1,4532.0,4582.0,0.98908776
1,96,2,4582.0,4582.0,1.0
1,97,0,3989.0,4619.0,0.86360687
1,97,1,4619.0,4619.0,1.0
1,97,2,4582.0,4619.0,0.9919896
1,98,0,3989.0,4659.0,0.8561923
1,98,1,4619.0,4659.0,0.9914145
1,98,2,4659.0,4659.0,1.0
1,99,0,3989.0,4701.0,0.84854287
1,99,1,4619.0,4701.0,0.9825569
1,99,2,4701.0,4701.0,1.0
1,100,0,3989.0,4756.0,0.83873004
1,100,1,4619.0,4756.0,0.97119427
1,100,2,4756.0,4756.0,1.0
1,101,0,3989.0,4791.0,0.8326028
1,101,1,4791.0,4791.0,1.0
1,101,2,4756.0,4791.0,0.9926946
1,102,0,3989.0,4841.0,0.8240033
1,102,1,4841.0,4841.0,1.0
1,102,2,4756.0,4841.0,0.98244166
1,103,0,3989.0,4881.0,0.81725055
1,103,1,4841.0,4881.0,0.99180496
1,103,2,4881.0,4881.0,1.0
1,104,0,3989.0,4917.0,0.811267
1,104,1,4917.0,4917.0,1.0
1,104,2,4881.0,4917.0,0.99267846
1,105,0,4992.0,4992.0,1.0
1,105,1,4917.0,4992.0,0.98497593
1,105,2,4881.0,4992.0,0.9777644
1,106,0,4992.0,5027.0,0.9930376
1,106,1,5027.0,5027.0,1.0
1,106,2,4881.0,5027.0,0.97095686
1,107,0,4992.0,5065.0,0.98558736
1,107,1,5065.0,5065.0,1.0
1,107,2,4881.0,5065.0,0.9636723
1,108,0,4992.0,5107.0,0.9774819
1,108,1,5107.0,5107.0,1.0
1,108,2,4881.0,5107.0,0.955747
1,109,0,4992.0,5139.0,0.9713952
1,109,1,5139.0,5139.0,1.0
1,109,2,4881.0,5139.0,0.94979566
1,110,0,4992.0,5203.0,0.9594465
1,110,1,5139.0,5203.0,0.9876994
1,110,2,5203.0,5203.0,1.0
1,111,0,4992.0,5253.0,0.9503141
1,111,1,5253.0,5253.0,1.0
1,111,2,5203.0,5253.0,0.9904816
1,112,0,4992.0,5303.0,0.941354
1,112,1,5303.0,5303.0,1.0
1,112,2,5203.0,5303.0,0.98114276
1,113,0,4992.0,5343.0,0.93430656
1,113,1,5343.0,5343.0,1.0
1,113,2,5203.0,5343.0,0.9737975
1,114,0,4992.0,5385.0,0.9270195
1,114,1,5385.0,5385.0,1.0
1,114,2,5203.0,5385.0,0.96620244
1,115,0,4992.0,5454.0,0.91529155
1,115,1,5385.0,5454.0,0.98734874
1,115,2,5454.0,5454.0,1.0
1,116,0,4992.0,5497.0,0.9081317
1,116,1,5497.0,5497.0,1.0
1,116,2,5454.0,5497.0,0.99217755
1,117,0,4992.0,5539.0,0.9012457
1,117,1,5497.0,5539.0,0.9924174
1,117,2,5539.0,5539.0,1.0
1,118,0,4992.0,5595.0,0.8922252
1,118,1,5497.0,5595.0,0.98248434
1,118,2,5595.0,5595.0,1.0
1,119,0,4992.0,5632.0,0.8863636
1,119,1,5497.0,5632.0,0.9760298
1,119,2,5632.0,5632.0,1.0
1,120,0,4992.0,5675.0,0.87964755
1,120,1,5675.0,5675.0,1.0
1,120,2,5632.0,5675.0,0.9924229
1,121,0,4992.0,5707.0,0.87471527
1,121,1,5707.0,5707.0,1.0
1,121,2,5632.0,5707.0,0.98685825
1,122,0,4992.0,5773.0,0.86471504
1,122,1,5707.0,5773.0,0.9885675
1,122,2,5773.0,5773.0,1.0
1,123,0,4992.0,5806.0,0.8598002
1,123,1,5707.0,5806.0,0.98294866
1,123,2,5806.0,5806.0,1.0
1,124,0,4992.0,5849.0,0.8534792
1,124,1,5849.0,5849.0,1.0
1,124,2,5806.0,5849.0,0.9926483
1,125,0,4992.0,5898.0,0.8463886
1,125,1,5849.0,5898.0,0.9916921
1,125,2,5898.0,5898.0,1.0
1,126,0,4992.0,5935.0,0.841112
1,126,1,5935.0,5935.0,1.0
1,126,2,5898.0,5935.0,0.9937658
1,127,0,4992.0,5974.0,0.835621
1,127,1,5935.0,5974.0,0.9934717
1,127,2,5974.0,5974.0,1.0
1,128,0,4992.0,6011.0,0.8304775
1,128,1,6011.0,6011.0,1.0
1,128,2,5974.0,6011.0,0.9938446
1,129,0,4992.0,6054.0,0.82457876
1,129,1,6054.0,6054.0,1.0
1,129,2,5974.0,6054.0,0.9867856
1,130,0,4992.0,6103.0,0.81795835
1,130,1,6103.0,6103.0,1.0
1,130,2,5974.0,6103.0,0.9788629
1,131,0,4992.0,6149.0,0.81183934
1,131,1,6149.0,6149.0,1.0
1,131,2,5974.0,6149.0,0.9715401
1,132,0,4992.0,6182.0,0.80750567
1,132,1,6182.0,6182.0,1.0
1,132,2,5974.0,6182.0,0.96635395
1,133,0,4992.0,6212.0,0.8036059
1,133,1,6212.0,6212.0,1.0
1,133,2,5974.0,6212.0,0.961687
1,134,0,4992.0,6257.0,0.7978264
1,134,1,6257.0,6257.0,1.0
1,134,2,5974.0,6257.0,0.9547707
2,1,0,36.0,36.0,1.0
2,1,1,0.0,36.0,0.0
2,1,2,0.0,36.0,0.0
2,2,0,92.0,92.0,1.0
2,2,1,0.0,92.0,0.0
2,2,2,0.0,92.0,0.0
2,3,0,167.0,167.0,1.0
2,3,1,0.0,167.0,0.0
2,3,2,0.0,167.0,0.0
2,4,0,241.0,241.0,1.0
2,4,1,0.0,241.0,0.0
2,4,2,0.0,241.0,0.0
2,5,0,241.0,264.0,0.9128788
2,5,1,264.0,264.0,1.0
2,5,2,0.0,264.0,0.0
2,6,0,241.0,288.0,0.8368056
2,6,1,264.0,288.0,0.9166667
2,6,2,288.0,288.0,1.0
2,7,0,366.0,366.0,1.0
2,7,1,264.0,366.0,0.72131145
2,7,2,288.0,366.0,0.78688526
2,8,0,431.0,431.0,1.0
2,8,1,264.0,431.0,0.612529
2,8,2,288.0,431.0,0.6682135
2,9,0,494.0,494.0,1.0
2,9,1,264.0,494.0,0.534413
2,9,2,288.0,494.0,0.58299595
2,10,0,494.0,537.0,0.9199255
2,10,1,537.0,537.0,1.0
2,10,2,288.0,537.0,0.5363129
2,11,0,494.0,577.0,0.85615253
2,11,1,577.0,577.0,1.0
2,11,2,288.0,577.0,0.49913344
2,12,0,658.0,658.0,1.0
2,12,1,577.0,658.0,0.8768997
2,12,2,288.0,658.0,0.43768996
2,13,0,738.0,738.0,1.0
2,13,1,577.0,738.0,0.7818428
2,13,2,288.0,738.0,0.3902439
2,14,0,796.0,796.0,1.0
2,14,1,577.0,796.0,0.7248744
2,14,2,288.0,796.0,0.36180905
2,15,0,837.0,837.0,1.0
2,15,1,577.0,837.0,0.68936676
2,15,2,288.0,837.0,0.34408602
2,16,0,899.0,899.0,1.0
2,16,1,577.0,899.0,0.64182425
2,16,2,288.0,899.0,0.32035595
2,17,0,899.0,941.0,0.9553666
2,17,1,941.0,941.0,1.0
2,17,2,288.0,941.0,0.3060574
2,18,0,1012.0,1012.0,1.0
2,18,1,941.0,1012.0,0.9298419
2,18,2,288.0,1012.0,0.28458497
2,19,0,1012.0,1058.0,0.95652175
2,19,1,1058.0,1058.0,1.0
2,19,2,288.0,1058.0,0.27221173
2,20,0,1012.0,1118.0,0.90518785
2,20,1,1058.0,1118.0,0.94633275
2,20,2,1118.0,1118.0,1.0
2,21,0,1012.0,1151.0,0.87923545
2,21,1,1151.0,1151.0,1.0
2,21,2,1118.0,1151.0,0.9713293
2,22,0,1012.0,1181.0,0.85690093
2,22,1,1181.0,1181.0,1.0
2,22,2,1118.0,1181.0,0.9466554
2,23,0,1012.0,1227.0,0.8247759
2,23,1,1227.0,1227.0,1.0
2,23,2,1118.0,1227.0,0.9111654
2,24,0,1012.0,1257.0,0.8050915
2,24,1,1257.0,1257.0,1.0
2,24,2,1118.0,1257.0,0.88941926
2,25,0,1012.0,1302.0,0.7772657
2,25,1,1302.0,1302.0,1.0
2,25,2,1118.0,1302.0,0.85867894
2,26,0,1012.0,1375.0,0.736
2,26,1,1302.0,1375.0,0.94690907
2,26,2,1375.0,1375.0,1.0
2,27,0,1419.0,1419.0,1.0
2,27,1,1302.0,1419.0,0.9175476
2,27,2,1375.0,1419.0,0.96899223
2,28,0,1419.0,1452.0,0.97727275
2,28,1,1452.0,1452.0,1.0
2,28,2,1375.0,1452.0,0.9469697
2,29,0,1517.0,1517.0,1.0
2,29,1,1452.0,1517.0,0.95715225
2,29,2,1375.0,1517.0,0.9063942
2,30,0,1517.0,1557.0,0.97430956
2,30,1,1557.0,1557.0,1.0
2,30,2,1375.0,1557.0,0.88310856
2,31,0,1517.0,1585.0,0.95709777
2,31,1,1585.0,1585.0,1.0
2,31,2,1375.0,1585.0,0.8675079
2,32,0,1517.0,1654.0,0.9171705
2,32,1,1585.0,1654.0,0.95828295
2,32,2,1654.0,1654.0,1.0
2,33,0,1709.0,1709.0,1.0
2,33,1,1585.0,1709.0,0.92744297
2,33,2,1654.0,1709.0,0.9678174
2,34,0,1709.0,1749.0,0.9771298
2,34,1,1749.0,1749.0,1.0
2,34,2,1654.0,1749.0,0.94568324
2,35,0,1709.0,1799.0,0.9499722
2,35,1,1799.0,1799.0,1.0
2,35,2,1654.0,1799.0,0.9193997
2,36,0,1875.0,1875.0,1.0
2,36,1,1799.0,1875.0,0.9594667
2,36,2,1654.0,1875.0,0.8821333
2,37,0,1875.0,1908.0,0.9827044
2,37,1,1908.0,1908.0,1.0
2,37,2,1654.0,1908.0,0.8668763
2,38,0,1875.0,1943.0,0.9650026
2,38,1,1943.0,1943.0,1.0
2,38,2,1654.0,1943.0,0.85126096
2,39,0,1875.0,1987.0,0.9436336
2,39,1,1943.0,1987.0,0.97785604
2,39,2,1987.0,1987.0,1.0
2,40,0,1875.0,2037.0,0.9204713
2,40,1,2037.0,2037.0,1.0
2,40,2,1987.0,2037.0,0.9754541
2,41,0,1875.0,2090.0,0.8971292
2,41,1,2037.0,2090.0,0.97464114
2,41,2,2090.0,2090.0,1.0
2,42,0,2149.0,2149.0,1.0
2,42,1,2037.0,2149.0,0.9478827
2,42,2,2090.0,2149.0,0.9725454
2,43,0,2149.0,2197.0,0.97815204
2,43,1,2197.0,2197.0,1.0
2,43,2,2090.0,2197.0,0.9512972
2,44,0,2149.0,2237.0,0.9606616
2,44,1,2197.0,2237.0,0.9821189
2,44,2,2237.0,2237.0,1.0
2,45,0,2149.0,2280.0,0.94254386
2,45,1,2280.0,2280.0,1.0
2,45,2,2237.0,2280.0,0.9811404
2,46,0,2149.0,2330.0,0.9223176
2,46,1,2280.0,2330.0,0.9785408
2,46,2,2330.0,2330.0,1.0
2,47,0,2149.0,2366.0,0.908284
2,47,1,2366.0,2366.0,1.0
2,47,2,2330.0,2366.0,0.9847844
2,48,0,2149.0,2403.0,0.8942988
2,48,1,2366.0,2403.0,0.9846026
2,48,2,2403.0,2403.0,1.0
2,49,0,2149.0,2476.0,0.86793214
2,49,1,2366.0,2476.0,0.9555735
2,49,2,2476.0,2476.0,1.0
2,50,0,2149.0,2544.0,0.8447327
2,50,1,2366.0,2544.0,0.9300314
2,50,2,2544.0,2544.0,1.0
2,51,0,2149.0,2579.0,0.8332687
2,51,1,2579.0,2579.0,1.0
2,51,2,2544.0,2579.0,0.98642886
2,52,0,2149.0,2652.0,0.8103318
2,52,1,2579.0,2652.0,0.9724736
2,52,2,2652.0,2652.0,1.0
2,53,0,2149.0,2697.0,0.7968113
2,53,1,2697.0,2697.0,1.0
2,53,2,2652.0,2697.0,0.9833148
2,54,0,2149.0,2740.0,0.7843066
2,54,1,2697.0,2740.0,0.9843066
2,54,2,2740.0,2740.0,1.0
2,55,0,2149.0,2781.0,0.77274364
2,55,1,2781.0,2781.0,1.0
2,55,2,2740.0,2781.0,0.9852571
2,56,0,2149.0,2825.0,0.760708
2,56,1,2825.0,2825.0,1.0
2,56,2,2740.0,2825.0,0.9699115
2,57,0,2149.0,2864.0,0.75034916
2,57,1,2825.0,2864.0,0.98638266
2,57,2,2864.0,2864.0,1.0
2,58,0,2149.0,2906.0,0.73950446
2,58,1,2906.0,2906.0,1.0
2,58,2,2864.0,2906.0,0.9855471
2,59,0,2149.0,2945.0,0.72971135
2,59,1,2906.0,2945.0,0.9867572
2,59,2,2945.0,2945.0,1.0
2,60,0,2149.0,2980.0,0.7211409
2,60,1,2980.0,2980.0,1.0
2,60,2,2945.0,2980.0,0.988255
2,61,0,2149.0,3050.0,0.70459014
2,61,1,2980.0,3050.0,0.9770492
2,61,2,3050.0,3050.0,1.0
2,62,0,2149.0,3101.0,0.6930023
2,62,1,2980.0,3101.0,0.96098036
2,62,2,3101.0,3101.0,1.0
2,63,0,2149.0,3134.0,0.6857052
2,63,1,3134.0,3134.0,1.0
2,63,2,3101.0,3134.0,0.9894703
2,64,0,2149.0,3190.0,0.6736677
2,64,1,3134.0,3190.0,0.9824451
2,64,2,3190.0,3190.0,1.0
2,65,0,2149.0,3223.0,0.6667701
2,65,1,3223.0,3223.0,1.0
2,65,2,3190.0,3223.0,0.9897611
2,66,0,2149.0,3271.0,0.65698564
2,66,1,3271.0,3271.0,1.0
2,66,2,3190.0,3271.0,0.97523695
2,67,0,2149.0,3307.0,0.6498337
2,67,1,3307.0,3307.0,1.0
2,67,2,3190.0,3307.0,0.96462053
2,68,0,2149.0,3344.0,0.6426435
2,68,1,3344.0,3344.0,1.0
2,68,2,3190.0,3344.0,0.95394737
2,69,0,2149.0,3400.0,0.6320588
2,69,1,3344.0,3400.0,0.9835294
2,69,2,3400.0,3400.0,1.0
2,70,0,2149.0,3437.0,0.6252546
2,70,1,3437.0,3437.0,1.0
2,70,2,3400.0,3437.0,0.9892348
2,71,0,2149.0,3478.0,0.61788386
2,71,1,3478.0,3478.0,1.0
2,71,2,3400.0,3478.0,0.97757334
2,72,0,2149.0,3518.0,0.61085844
2,72,1,3478.0,3518.0,0.9886299
2,72,2,3518.0,3518.0,1.0
2,73,0,2149.0,3548.0,0.60569334
2,73,1,3548.0,3548.0,1.0
2,73,2,3518.0,3548.0,0.99154454
2,74,0,2149.0,3590.0,0.59860724
2,74,1,3590.0,3590.0,1.0
2,74,2,3518.0,3590.0,0.9799443
2,75,0,2149.0,3658.0,0.5874795
2,75,1,3590.0,3658.0,0.9814106
2,75,2,3658.0,3658.0,1.0
2,76,0,2149.0,3695.0,0.58159673
2,76,1,3695.0,3695.0,1.0
2,76,2,3658.0,3695.0,0.9899865
2,77,0,2149.0,3731.0,0.575985
2,77,1,3731.0,3731.0,1.0
2,77,2,3658.0,3731.0,0.9804342
2,78,0,2149.0,3773.0,0.5695733
2,78,1,3731.0,3773.0,0.9888683
2,78,2,3773.0,3773.0,1.0
2,79,0,2149.0,3809.0,0.5641901
2,79,1,3731.0,3809.0,0.97952217
2,79,2,3809.0,3809.0,1.0
2,80,0,2149.0,3854.0,0.55760247
2,80,1,3854.0,3854.0,1.0
2,80,2,3809.0,3854.0,0.9883238
2,81,0,2149.0,3894.0,0.5518747
2,81,1,3894.0,3894.0,1.0
2,81,2,3809.0,3894.0,0.9781715
2,82,0,2149.0,3949.0,0.5441884
2,82,1,3894.0,3949.0,0.9860724
2,82,2,3949.0,3949.0,1.0
2,83,0,2149.0,3987.0,0.53900176
2,83,1,3987.0,3987.0,1.0
2,83,2,3949.0,3987.0,0.99046904
2,84,0,2149.0,4028.0,0.5335154
2,84,1,3987.0,4028.0,0.98982126
2,84,2,4028.0,4028.0,1.0
2,85,0,2149.0,4092.0,0.52517104
2,85,1,3987.0,4092.0,0.9743402
2,85,2,4092.0,4092.0,1.0
2,86,0,2149.0,4147.0,0.51820594
2,86,1,3987.0,4147.0,0.9614179
2,86,2,4147.0,4147.0,1.0
2,87,0,4213.0,4213.0,1.0
2,87,1,3987.0,4213.0,0.94635653
2,87,2,4147.0,4213.0,0.98433423
2,88,0,4213.0,4255.0,0.99012923
2,88,1,3987.0,4255.0,0.9370153
2,88,2,4255.0,4255.0,1.0
2,89,0,4213.0,4305.0,0.9786295
2,89,1,4305.0,4305.0,1.0
2,89,2,4255.0,4305.0,0.9883856
2,90,0,4213.0,4370.0,0.96407324
2,90,1,4305.0,4370.0,0.98512584
2,90,2,4370.0,4370.0,1.0
2,91,0,4213.0,4404.0,0.95663035
2,91,1,4404.0,4404.0,1.0
2,91,2,4370.0,4404.0,0.99227977
2,92,0,4213.0,4440.0,0.9488739
2,92,1,4440.0,4440.0,1.0
2,92,2,4370.0,4440.0,0.9842342
2,93,0,4213.0,4490.0,0.93830734
2,93,1,4490.0,4490.0,1.0
2,93,2,4370.0,4490.0,0.97327393
2,94,0,4213.0,4532.0,0.9296116
2,94,1,4532.0,4532.0,1.0
2,94,2,4370.0,4532.0,0.9642542
2,95,0,4213.0,4570.0,0.92188185
2,95,1,4570.0,4570.0,1.0
2,95,2,4370.0,4570.0,0.9562363
2,96,0,4213.0,4615.0,0.91289276
2,96,1,4615.0,4615.0,1.0
2,96,2,4370.0,4615.0,0.9469122
2,97,0,4213.0,4652.0,0.90563196
2,97,1,4652.0,4652.0,1.0
2,97,2,4370.0,4652.0,0.9393809
2,98,0,4213.0,4721.0,0.8923957
2,98,1,4652.0,4721.0,0.98538446
2,98,2,4721.0,4721.0,1.0
2,99,0,4213.0,4753.0,0.8863875
2,99,1,4753.0,4753.0,1.0
2,99,2,4721.0,4753.0,0.9932674
2,100,0,4213.0,4788.0,0.8799081
2,100,1,4753.0,4788.0,0.9926901
2,100,2,4788.0,4788.0,1.0
2,101,0,4213.0,4832.0,0.8718957
2,101,1,4832.0,4832.0,1.0
2,101,2,4788.0,4832.0,0.990894
2,102,0,4889.0,4889.0,1.0
2,102,1,4832.0,4889.0,0.98834115
2,102,2,4788.0,4889.0,0.9793414
2,103,0,4889.0,4950.0,0.98767674
2,103,1,4832.0,4950.0,0.9761616
2,103,2,4950.0,4950.0,1.0
2,104,0,4889.0,4986.0,0.9805455
2,104,1,4832.0,4986.0,0.9691135
2,104,2,4986.0,4986.0,1.0
2,105,0,4889.0,5031.0,0.971775
2,105,1,5031.0,5031.0,1.0
2,105,2,4986.0,5031.0,0.9910554
2,106,0,4889.0,5100.0,0.95862746
2,106,1,5031.0,5100.0,0.9864706
2,106,2,5100.0,5100.0,1.0
2,107,0,4889.0,5154.0,0.9485836
2,107,1,5031.0,5154.0,0.976135
2,107,2,5154.0,5154.0,1.0
2,108,0,4889.0,5197.0,0.94073504
2,108,1,5197.0,5197.0,1.0
2,108,2,5154.0,5197.0,0.991726
2,109,0,4889.0,5234.0,0.93408483
2,109,1,5197.0,5234.0,0.9929308
2,109,2,5234.0,5234.0,1.0
2,110,0,4889.0,5276.0,0.926649
2,110,1,5276.0,5276.0,1.0
2,110,2,5234.0,5276.0,0.99203944
2,111,0,4889.0,5314.0,0.9200226
2,111,1,5314.0,5314.0,1.0
2,111,2,5234.0,5314.0,0.9849454
2,112,0,4889.0,5349.0,0.9140026
2,112,1,5349.0,5349.0,1.0
2,112,2,5234.0,5349.0,0.97850066
2,113,0,4889.0,5381.0,0.9085672
2,113,1,5381.0,5381.0,1.0
2,113,2,5234.0,5381.0,0.97268164
2,114,0,4889.0,5414.0,0.9030292
2,114,1,5414.0,5414.0,1.0
2,114,2,5234.0,5414.0,0.9667529
2,115,0,4889.0,5480.0,0.89215326
2,115,1,5414.0,5480.0,0.9879562
2,115,2,5480.0,5480.0,1.0
2,116,0,4889.0,5511.0,0.88713485
2,116,1,5511.0,5511.0,1.0
2,116,2,5480.0,5511.0,0.9943749
2,117,0,4889.0,5556.0,0.8799496
2,117,1,5511.0,5556.0,0.9919006
2,117,2,5556.0,5556.0,1.0
2,118,0,4889.0,5589.0,0.87475395
2,118,1,5589.0,5589.0,1.0
2,118,2,5556.0,5589.0,0.99409556
2,119,0,4889.0,5638.0,0.8671515
2,119,1,5638.0,5638.0,1.0
2,119,2,5556.0,5638.0,0.9854558
2,120,0,4889.0,5683.0,0.86028504
2,120,1,5683.0,5683.0,1.0
2,120,2,5556.0,5683.0,0.97765267
2,121,0,4889.0,5726.0,0.8538247
2,121,1,5726.0,5726.0,1.0
2,121,2,5556.0,5726.0,0.97031087
2,122,0,4889.0,5764.0,0.8481957
2,122,1,5726.0,5764.0,0.99340737
2,122,2,5764.0,5764.0,1.0
2,123,0,4889.0,5795.0,0.8436583
2,123,1,5795.0,5795.0,1.0
2,123,2,5764.0,5795.0,0.99465054
2,124,0,4889.0,5827.0,0.8390252
2,124,1,5827.0,5827.0,1.0
2,124,2,5764.0,5827.0,0.98918825
2,125,0,4889.0,5861.0,0.834158
2,125,1,5861.0,5861.0,1.0
2,125,2,5764.0,5861.0,0.98344994
2,126,0,4889.0,5918.0,0.8261237
2,126,1,5861.0,5918.0,0.99036837
2,126,2,5918.0,5918.0,1.0
2,127,0,4889.0,5962.0,0.8200268
2,127,1,5962.0,5962.0,1.0
2,127,2,5918.0,5962.0,0.99261993
2,128,0,4889.0,5999.0,0.8149692
2,128,1,5962.0,5999.0,0.9938323
2,128,2,5999.0,5999.0,1.0
2,129,0,4889.0,6040.0,0.8094371
2,129,1,6040.0,6040.0,1.0
2,129,2,5999.0,6040.0,0.9932119
2,130,0,4889.0,6090.0,0.8027915
2,130,1,6090.0,6090.0,1.0
2,130,2,5999.0,6090.0,0.9850575
2,131,0,4889.0,6144.0,0.79573566
2,131,1,6090.0,6144.0,0.99121094
2,131,2,6144.0,6144.0,1.0
2,132,0,4889.0,6181.0,0.79097235
2,132,1,6181.0,6181.0,1.0
2,132,2,6144.0,6181.0,0.9940139
2,133,0,4889.0,6218.0,0.7862657
2,133,1,6218.0,6218.0,1.0
2,133,2,6144.0,6218.0,0.98809904
2,134,0,4889.0,6267.0,0.7801181
2,134,1,6267.0,6267.0,1.0
2,134,2,6144.0,6267.0,0.9803734
3,1,0,36.0,36.0,1.0
3,1,1,0.0,36.0,0.0
3,1,2,0.0,36.0,0.0
3,2,0,91.0,91.0,1.0
3,2,1,0.0,91.0,0.0
3,2,2,0.0,91.0,0.0
3,3,0,162.0,162.0,1.0
3,3,1,0.0,162.0,0.0
3,3,2,0.0,162.0,0.0
3,4,0,236.0,236.0,1.0
3,4,1,0.0,236.0,0.0
3,4,2,0.0,236.0,0.0
3,5,0,312.0,312.0,1.0
3,5,1,0.0,312.0,0.0
3,5,2,0.0,312.0,0.0
3,6,0,369.0,369.0,1.0
3,6,1,0.0,369.0,0.0
3,6,2,0.0,369.0,0.0
3,7,0,369.0,394.0,0.93654823
3,7,1,394.0,394.0,1.0
3,7,2,0.0,394.0,0.0
3,8,0,369.0,422.0,0.8744076
3,8,1,422.0,422.0,1.0
3,8,2,0.0,422.0,0.0
3,9,0,369.0,461.0,0.8004338
3,9,1,422.0,461.0,0.9154013
3,9,2,461.0,461.0,1.0
3,10,0,369.0,496.0,0.7439516
3,10,1,496.0,496.0,1.0
3,10,2,461.0,496.0,0.9294355
3,11,0,369.0,536.0,0.6884328
3,11,1,536.0,536.0,1.0
3,11,2,461.0,536.0,0.86007464
3,12,0,594.0,594.0,1.0
3,12,1,536.0,594.0,0.9023569
3,12,2,461.0,594.0,0.77609426
3,13,0,660.0,660.0,1.0
3,13,1,536.0,660.0,0.8121212
3,13,2,461.0,660.0,0.69848484
3,14,0,722.0,722.0,1.0
3,14,1,536.0,722.0,0.7423823
3,14,2,461.0,722.0,0.63850415
3,15,0,722.0,757.0,0.95376486
3,15,1,757.0,757.0,1.0
3,15,2,461.0,757.0,0.6089828
3,16,0,722.0,799.0,0.90362954
3,16,1,799.0,799.0,1.0
3,16,2,461.0,799.0,0.57697123
3,17,0,722.0,835.0,0.86467063
3,17,1,835.0,835.0,1.0
3,17,2,461.0,835.0,0.55209583
3,18,0,722.0,872.0,0.82798165
3,18,1,835.0,872.0,0.9575688
3,18,2,872.0,872.0,1.0
3,19,0,722.0,925.0,0.7805405
3,19,1,835.0,925.0,0.9027027
3,19,2,925.0,925.0,1.0
3,20,0,996.0,996.0,1.0
3,20,1,835.0,996.0,0.8383534
3,20,2,925.0,996.0,0.9287149
3,21,0,996.0,1036.0,0.96138996
3,21,1,835.0,1036.0,0.80598456
3,21,2,1036.0,1036.0,1.0
3,22,0,996.0,1067.0,0.93345827
3,22,1,1067.0,1067.0,1.0
3,22,2,1036.0,1067.0,0.97094655
3,23,0,996.0,1117.0,0.8916741
3,23,1,1117.0,1117.0,1.0
3,23,2,1036.0,1117.0,0.92748433
3,24,0,1182.0,1182.0,1.0
3,24,1,1117.0,1182.0,0.94500846
3,24,2,1036.0,1182.0,0.8764805
3,25,0,1182.0,1220.0,0.96885246
3,25,1,1220.0,1220.0,1.0
3,25,2,1036.0,1220.0,0.84918034
3,26,0,1182.0,1253.0,0.943336
3,26,1,1253.0,1253.0,1.0
3,26,2,1036.0,1253.0,0.82681566
3,27,0,1182.0,1296.0,0.912037
3,27,1,1296.0,1296.0,1.0
3,27,2,1036.0,1296.0,0.7993827
3,28,0,1182.0,1369.0,0.8634039
3,28,1,1296.0,1369.0,0.94667643
3,28,2,1369.0,1369.0,1.0
3,29,0,1182.0,1442.0,0.8196949
3,29,1,1296.0,1442.0,0.89875174
3,29,2,1442.0,1442.0,1.0
3,30,0,1182.0,1476.0,0.800813
3,30,1,1476.0,1476.0,1.0
3,30,2,1442.0,1476.0,0.9769648
3,31,0,1182.0,1502.0,0.7869507
3,31,1,1502.0,1502.0,1.0
3,31,2,1442.0,1502.0,0.96005327
3,32,0,1182.0,1552.0,0.76159793
3,32,1,1552.0,1552.0,1.0
3,32,2,1442.0,1552.0,0.9291237
3,33,0,1182.0,1587.0,0.7448015
3,33,1,1587.0,1587.0,1.0
3,33,2,1442.0,1587.0,0.90863264
3,34,0,1646.0,1646.0,1.0
3,34,1,1587.0,1646.0,0.96415555
3,34,2,1442.0,1646.0,0.87606317
3,35,0,1646.0,1696.0,0.9705189
3,35,1,1696.0,1696.0,1.0
3,35,2,1442.0,1696.0,0.8502358
3,36,0,1646.0,1733.0,0.94979805
3,36,1,1696.0,1733.0,0.97864974
3,36,2,1733.0,1733.0,1.0
3,37,0,1646.0,1790.0,0.9195531
3,37,1,1696.0,1790.0,0.94748604
3,37,2,1790.0,1790.0,1.0
3,38,0,1853.0,1853.0,1.0
3,38,1,1696.0,1853.0,0.91527253
3,38,2,1790.0,1853.0,0.9660011
3,39,0,1853.0,1898.0,0.9762908
3,39,1,1898.0,1898.0,1.0
3,39,2,1790.0,1898.0,0.943098
3,40,0,1853.0,1938.0,0.95614034
3,40,1,1898.0,1938.0,0.97936016
3,40,2,1938.0,1938.0,1.0
3,41,0,1853.0,1970.0,0.94060916
3,41,1,1970.0,1970.0,1.0
3,41,2,1938.0,1970.0,0.98375636
3,42,0,2030.0,2030.0,1.0
3,42,1,1970.0,2030.0,0.97044337
3,42,2,1938.0,2030.0,0.9546798
3,43,0,2089.0,2089.0,1.0
3,43,1,1970.0,2089.0,0.94303495
3,43,2,1938.0,2089.0,0.9277166
3,44,0,2089.0,2122.0,0.9844486
3,44,1,2122.0,2122.0,1.0
3,44,2,1938.0,2122.0,0.91328937
3,45,0,2089.0,2164.0,0.965342
3,45,1,2164.0,2164.0,1.0
3,45,2,1938.0,2164.0,0.8955638
3,46,0,2089.0,2199.0,0.9499773
3,46,1,2199.0,2199.0,1.0
3,46,2,1938.0,2199.0,0.8813097
3,47,0,2089.0,2232.0,0.9359319
3,47,1,2232.0,2232.0,1.0
3,47,2,1938.0,2232.0,0.8682796
3,48,0,2089.0,2301.0,0.9078661
3,48,1,2232.0,2301.0,0.970013
3,48,2,2301.0,2301.0,1.0
3,49,0,2089.0,2357.0,0.88629615
3,49,1,2232.0,2357.0,0.94696647
3,49,2,2357.0,2357.0,1.0
3,50,0,2089.0,2412.0,0.86608624
3,50,1,2232.0,2412.0,0.92537314
3,50,2,2412.0,2412.0,1.0
3,51,0,2089.0,2450.0,0.8526531
3,51,1,2450.0,2450.0,1.0
3,51,2,2412.0,2450.0,0.9844898
3,52,0,2089.0,2484.0,0.84098226
3,52,1,2484.0,2484.0,1.0
3,52,2,2412.0,2484.0,0.9710145
3,53,0,2089.0,2524.0,0.82765454
3,53,1,2524.0,2524.0,1.0
3,53,2,2412.0,2524.0,0.955626
3,54,0,2089.0,2574.0,0.8115773
3,54,1,2574.0,2574.0,1.0
3,54,2,2412.0,2574.0,0.9370629
3,55,0,2089.0,2623.0,0.79641634
3,55,1,2623.0,2623.0,1.0
3,55,2,2412.0,2623.0,0.91955775
3,56,0,2704.0,2704.0,1.0
3,56,1,2623.0,2704.0,0.9700444
3,56,2,2412.0,2704.0,0.8920118
3,57,0,2704.0,2741.0,0.9865013
3,57,1,2623.0,2741.0,0.95695
3,57,2,2741.0,2741.0,1.0
3,58,0,2704.0,2778.0,0.97336215
3,58,1,2778.0,2778.0,1.0
3,58,2,2741.0,2778.0,0.98668104
3,59,0,2704.0,2832.0,0.9548023
3,59,1,2778.0,2832.0,0.9809322
3,59,2,2832.0,2832.0,1.0
3,60,0,2704.0,2871.0,0.9418321
3,60,1,2778.0,2871.0,0.9676071
3,60,2,2871.0,2871.0,1.0
3,61,0,2704.0,2904.0,0.93112946
3,61,1,2904.0,2904.0,1.0
3,61,2,2871.0,2904.0,0.9886364
3,62,0,2704.0,2960.0,0.91351354
3,62,1,2904.0,2960.0,0.98108107
3,62,2,2960.0,2960.0,1.0
3,63,0,2704.0,2997.0,0.90223557
3,63,1,2997.0,2997.0,1.0
3,63,2,2960.0,2997.0,0.9876543
3,64,0,3077.0,3077.0,1.0
3,64,1,2997.0,3077.0,0.97400063
3,64,2,2960.0,3077.0,0.96197593
3,65,0,3077.0,3150.0,0.9768254
3,65,1,2997.0,3150.0,0.9514286
3,65,2,3150.0,3150.0,1.0
3,66,0,3077.0,3200.0,0.9615625
3,66,1,3200.0,3200.0,1.0
3,66,2,3150.0,3200.0,0.984375
3,67,0,3077.0,3243.0,0.94881284
3,67,1,3243.0,3243.0,1.0
3,67,2,3150.0,3243.0,0.97132283
3,68,0,3077.0,3307.0,0.93045056
3,68,1,3243.0,3307.0,0.9806471
3,68,2,3307.0,3307.0,1.0
3,69,0,3077.0,3352.0,0.91795945
3,69,1,3352.0,3352.0,1.0
3,69,2,3307.0,3352.0,0.9865752
3,70,0,3077.0,3389.0,0.90793747
3,70,1,3389.0,3389.0,1.0
3,70,2,3307.0,3389.0,0.9758041
3,71,0,3077.0,3430.0,0.89708453
3,71,1,3430.0,3430.0,1.0
3,71,2,3307.0,3430.0,0.96413994
3,72,0,3077.0,3474.0,0.8857225
3,72,1,3474.0,3474.0,1.0
3,72,2,3307.0,3474.0,0.9519286
3,73,0,3530.0,3530.0,1.0
3,73,1,3474.0,3530.0,0.984136
3,73,2,3307.0,3530.0,0.9368272
3,74,0,3530.0,3569.0,0.98907256
3,74,1,3474.0,3569.0,0.9733819
3,74,2,3569.0,3569.0,1.0
3,75,0,3530.0,3614.0,0.97675705
3,75,1,3474.0,3614.0,0.96126175
3,75,2,3614.0,3614.0,1.0
3,76,0,3530.0,3646.0,0.9681843
3,76,1,3646.0,3646.0,1.0
3,76,2,3614.0,3646.0,0.9912233
3,77,0,3530.0,3690.0,0.9566396
3,77,1,3690.0,3690.0,1.0
3,77,2,3614.0,3690.0,0.9794038
3,78,0,3530.0,3731.0,0.94612706
3,78,1,3690.0,3731.0,0.989011
3,78,2,3731.0,3731.0,1.0
3,79,0,3530.0,3772.0,0.93584305
3,79,1,3772.0,3772.0,1.0
3,79,2,3731.0,3772.0,0.98913044
3,80,0,3530.0,3813.0,0.92578024
3,80,1,3813.0,3813.0,1.0
3,80,2,3731.0,3813.0,0.97849464
3,81,0,3530.0,3858.0,0.91498184
3,81,1,3858.0,3858.0,1.0
3,81,2,3731.0,3858.0,0.96708137
3,82,0,3921.0,3921.0,1.0
3,82,1,3858.0,3921.0,0.9839327
3,82,2,3731.0,3921.0,0.951543
3,83,0,3921.0,3963.0,0.989402
3,83,1,3963.0,3963.0,1.0
3,83,2,3731.0,3963.0,0.94145846
3,84,0,3921.0,3993.0,0.98196846
3,84,1,3993.0,3993.0,1.0
3,84,2,3731.0,3993.0,0.9343852
3,85,0,3921.0,4036.0,0.9715064
3,85,1,4036.0,4036.0,1.0
3,85,2,3731.0,4036.0,0.92443013
3,86,0,3921.0,4078.0,0.96150076
3,86,1,4036.0,4078.0,0.98970085
3,86,2,4078.0,4078.0,1.0
3,87,0,3921.0,4122.0,0.95123726
3,87,1,4036.0,4122.0,0.97913635
3,87,2,4122.0,4122.0,1.0
3,88,0,3921.0,4168.0,0.940739
3,88,1,4168.0,4168.0,1.0
3,88,2,4122.0,4168.0,0.98896354
3,89,0,3921.0,4238.0,0.9252006
3,89,1,4168.0,4238.0,0.9834828
3,89,2,4238.0,4238.0,1.0
3,90,0,3921.0,4281.0,0.9159075
3,90,1,4281.0,4281.0,1.0
3,90,2,4238.0,4281.0,0.9899556
3,91,0,3921.0,4323.0,0.907009
3,91,1,4323.0,4323.0,1.0
3,91,2,4238.0,4323.0,0.98033774
3,92,0,4388.0,4388.0,1.0
3,92,1,4323.0,4388.0,0.9851869
3,92,2,4238.0,4388.0,0.96581584
3,93,0,4388.0,4428.0,0.99096656
3,93,1,4323.0,4428.0,0.97628725
3,93,2,4428.0,4428.0,1.0
3,94,0,4388.0,4468.0,0.9820949
3,94,1,4468.0,4468.0,1.0
3,94,2,4428.0,4468.0,0.99104744
3,95,0,4388.0,4518.0,0.9712262
3,95,1,4518.0,4518.0,1.0
3,95,2,4428.0,4518.0,0.9800797
3,96,0,4388.0,4562.0,0.9618588
3,96,1,4562.0,4562.0,1.0
3,96,2,4428.0,4562.0,0.9706269
3,97,0,4388.0,4612.0,0.95143104
3,97,1,4562.0,4612.0,0.9891587
3,97,2,4612.0,4612.0,1.0
3,98,0,4388.0,4642.0,0.9452822
3,98,1,4642.0,4642.0,1.0
3,98,2,4612.0,4642.0,0.99353725
3,99,0,4388.0,4678.0,0.9380077
3,99,1,4678.0,4678.0,1.0
3,99,2,4612.0,4678.0,0.9858914
3,100,0,4388.0,4738.0,0.92612916
3,100,1,4678.0,4738.0,0.98733646
3,100,2,4738.0,4738.0,1.0
3,101,0,4388.0,4784.0,0.9172241
3,101,1,4784.0,4784.0,1.0
3,101,2,4738.0,4784.0,0.99038464
3,102,0,4388.0,4827.0,0.90905327
3,102,1,4784.0,4827.0,0.9910918
3,102,2,4827.0,4827.0,1.0
3,103,0,4388.0,4863.0,0.90232366
3,103,1,4863.0,4863.0,1.0
3,103,2,4827.0,4863.0,0.99259716
3,104,0,4388.0,4898.0,0.8958759
3,104,1,4898.0,4898.0,1.0
3,104,2,4827.0,4898.0,0.98550427
3,105,0,4388.0,4936.0,0.88897896
3,105,1,4936.0,4936.0,1.0
3,105,2,4827.0,4936.0,0.9779173
3,106,0,4388.0,4980.0,0.8811245
3,106,1,4936.0,4980.0,0.9911647
3,106,2,4980.0,4980.0,1.0
3,107,0,4388.0,5028.0,0.8727128
3,107,1,5028.0,5028.0,1.0
3,107,2,4980.0,5028.0,0.9904535
3,108,0,4388.0,5071.0,0.8653126
3,108,1,5071.0,5071.0,1.0
3,108,2,4980.0,5071.0,0.9820548
3,109,0,4388.0,5106.0,0.85938114
3,109,1,5106.0,5106.0,1.0
3,109,2,4980.0,5106.0,0.97532314
3,110,0,4388.0,5170.0,0.8487427
3,110,1,5106.0,5170.0,0.9876209
3,110,2,5170.0,5170.0,1.0
3,111,0,4388.0,5203.0,0.8433596
3,111,1,5203.0,5203.0,1.0
3,111,2,5170.0,5203.0,0.9936575
3,112,0,4388.0,5246.0,0.8364468
3,112,1,5246.0,5246.0,1.0
3,112,2,5170.0,5246.0,0.9855128
3,113,0,4388.0,5297.0,0.82839346
3,113,1,5246.0,5297.0,0.9903719
3,113,2,5297.0,5297.0,1.0
3,114,0,4388.0,5333.0,0.8228014
3,114,1,5333.0,5333.0,1.0
3,114,2,5297.0,5333.0,0.9932496
3,115,0,4388.0,5374.0,0.816524
3,115,1,5333.0,5374.0,0.99237067
3,115,2,5374.0,5374.0,1.0
3,116,0,4388.0,5418.0,0.80989295
3,116,1,5418.0,5418.0,1.0
3,116,2,5374.0,5418.0,0.9918789
3,117,0,4388.0,5483.0,0.80029184
3,117,1,5418.0,5483.0,0.9881452
3,117,2,5483.0,5483.0,1.0
3,118,0,4388.0,5551.0,0.7904882
3,118,1,5418.0,5551.0,0.97604036
3,118,2,5551.0,5551.0,1.0
3,119,0,4388.0,5625.0,0.7800889
3,119,1,5418.0,5625.0,0.9632
3,119,2,5625.0,5625.0,1.0
3,120,0,4388.0,5670.0,0.7738977
3,120,1,5670.0,5670.0,1.0
3,120,2,5625.0,5670.0,0.99206346
3,121,0,4388.0,5708.0,0.7687456
3,121,1,5708.0,5708.0,1.0
3,121,2,5625.0,5708.0,0.985459
3,122,0,4388.0,5739.0,0.7645931
3,122,1,5708.0,5739.0,0.9945984
3,122,2,5739.0,5739.0,1.0
3,123,0,4388.0,5781.0,0.7590382
3,123,1,5781.0,5781.0,1.0
3,123,2,5739.0,5781.0,0.99273485
3,124,0,4388.0,5824.0,0.75343406
3,124,1,5824.0,5824.0,1.0
3,124,2,5739.0,5824.0,0.9854052
3,125,0,4388.0,5866.0,0.74803954
3,125,1,5866.0,5866.0,1.0
3,125,2,5739.0,5866.0,0.9783498
3,126,0,4388.0,5934.0,0.7394675
3,126,1,5866.0,5934.0,0.9885406
3,126,2,5934.0,5934.0,1.0
3,127,0,4388.0,5976.0,0.7342704
3,127,1,5866.0,5976.0,0.981593
3,127,2,5976.0,5976.0,1.0
3,128,0,4388.0,6032.0,0.7274536
3,128,1,5866.0,6032.0,0.9724801
3,128,2,6032.0,6032.0,1.0
3,129,0,4388.0,6074.0,0.72242343
3,129,1,6074.0,6074.0,1.0
3,129,2,6032.0,6074.0,0.99308527
3,130,0,4388.0,6114.0,0.7176971
3,130,1,6074.0,6114.0,0.9934576
3,130,2,6114.0,6114.0,1.0
3,131,0,4388.0,6146.0,0.7139603
3,131,1,6146.0,6146.0,1.0
3,131,2,6114.0,6146.0,0.99479336
3,132,0,4388.0,6178.0,0.71026224
3,132,1,6178.0,6178.0,1.0
3,132,2,6114.0,6178.0,0.98964065
3,133,0,4388.0,6239.0,0.7033178
3,133,1,6178.0,6239.0,0.9902228
3,133,2,6239.0,6239.0,1.0
3,134,0,4388.0,6272.0,0.6996173
3,134,1,6178.0,6272.0,0.98501277
3,134,2,6272.0,6272.0,1.0
4,1,0,31.0,31.0,1.0
4,1,1,0.0,31.0,0.0
4,1,2,0.0,31.0,0.0
4,2,0,94.0,94.0,1.0
4,2,1,0.0,94.0,0.0
4,2,2,0.0,94.0,0.0
4,3,0,174.0,174.0,1.0
4,3,1,0.0,174.0,0.0
4,3,2,0.0,174.0,0.0
4,4,0,233.0,233.0,1.0
4,4,1,0.0,233.0,0.0
4,4,2,0.0,233.0,0.0
4,5,0,233.0,246.0,0.94715446
4,5,1,246.0,246.0,1.0
4,5,2,0.0,246.0,0.0
4,6,0,318.0,318.0,1.0
4,6,1,246.0,318.0,0.7735849
4,6,2,0.0,318.0,0.0
4,7,0,379.0,379.0,1.0
4,7,1,246.0,379.0,0.6490765
4,7,2,0.0,379.0,0.0
4,8,0,379.0,414.0,0.9154589
4,8,1,414.0,414.0,1.0
4,8,2,0.0,414.0,0.0
4,9,0,470.0,470.0,1.0
4,9,1,414.0,470.0,0.8808511
4,9,2,0.0,470.0,0.0
4,10,0,535.0,535.0,1.0
4,10,1,414.0,535.0,0.7738318
4,10,2,0.0,535.0,0.0
4,11,0,594.0,594.0,1.0
4,11,1,414.0,594.0,0.6969697
4,11,2,0.0,594.0,0.0
4,12,0,594.0,628.0,0.94585985
4,12,1,414.0,628.0,0.65923566
4,12,2,628.0,628.0,1.0
4,13,0,594.0,653.0,0.90964776
4,13,1,653.0,653.0,1.0
4,13,2,628.0,653.0,0.96171516
4,14,0,711.0,711.0,1.0
4,14,1,653.0,711.0,0.9184247
4,14,2,628.0,711.0,0.883263
4,15,0,711.0,756.0,0.9404762
4,15,1,756.0,756.0,1.0
4,15,2,628.0,756.0,0.8306878
4,16,0,711.0,820.0,0.8670732
4,16,1,756.0,820.0,0.92195123
4,16,2,820.0,820.0,1.0
4,17,0,711.0,856.0,0.8306075
4,17,1,856.0,856.0,1.0
4,17,2,820.0,856.0,0.9579439
4,18,0,711.0,897.0,0.7926421
4,18,1,856.0,897.0,0.95429206
4,18,2,897.0,897.0,1.0
4,19,0,968.0,968.0,1.0
4,19,1,856.0,968.0,0.88429755
4,19,2,897.0,968.0,0.9266529
4,20,0,968.0,1019.0,0.94995093
4,20,1,856.0,1019.0,0.84003925
4,20,2,1019.0,1019.0,1.0
4,21,0,968.0,1084.0,0.8929889
4,21,1,856.0,1084.0,0.7896679
4,21,2,1084.0,1084.0,1.0
4,22,0,968.0,1124.0,0.86121
4,22,1,1124.0,1124.0,1.0
4,22,2,1084.0,1124.0,0.9644128
4,23,0,1185.0,1185.0,1.0
4,23,1,1124.0,1185.0,0.9485232
4,23,2,1084.0,1185.0,0.9147679
4,24,0,1250.0,1250.0,1.0
4,24,1,1124.0,1250.0,0.8992
4,24,2,1084.0,1250.0,0.8672
4,25,0,1331.0,1331.0,1.0
4,25,1,1124.0,1331.0,0.84447783
4,25,2,1084.0,1331.0,0.81442523
4,26,0,1331.0,1400.0,0.9507143
4,26,1,1124.0,1400.0,0.80285716
4,26,2,1400.0,1400.0,1.0
4,27,0,1331.0,1443.0,0.9223839
4,27,1,1443.0,1443.0,1.0
4,27,2,1400.0,1443.0,0.97020096
4,28,0,1331.0,1478.0,0.90054125
4,28,1,1443.0,1478.0,0.9763194
4,28,2,1478.0,1478.0,1.0
4,29,0,1331.0,1516.0,0.8779683
4,29,1,1516.0,1516.0,1.0
4,29,2,1478.0,1516.0,0.97493404
4,30,0,1578.0,1578.0,1.0
4,30,1,1516.0,1578.0,0.96070975
4,30,2,1478.0,1578.0,0.93662864
4,31,0,1578.0,1614.0,0.97769517
4,31,1,1614.0,1614.0,1.0
4,31,2,1478.0,1614.0,0.9157373
4,32,0,1688.0,1688.0,1.0
4,32,1,1614.0,1688.0,0.95616114
4,32,2,1478.0,1688.0,0.8755924
4,33,0,1688.0,1730.0,0.97572255
4,33,1,1730.0,1730.0,1.0
4,33,2,1478.0,1730.0,0.85433525
4,34,0,1688.0,1762.0,0.95800227
4,34,1,1762.0,1762.0,1.0
4,34,2,1478.0,1762.0,0.8388195
4,35,0,1837.0,1837.0,1.0
4,35,1,1762.0,1837.0,0.95917255
4,35,2,1478.0,1837.0,0.8045727
4,36,0,1837.0,1872.0,0.9813034
4,36,1,1872.0,1872.0,1.0
4,36,2,1478.0,1872.0,0.7895299
4,37,0,1837.0,1910.0,0.96178013
4,37,1,1910.0,1910.0,1.0
4,37,2,1478.0,1910.0,0.773822
4,38,0,1837.0,1946.0,0.94398767
4,38,1,1946.0,1946.0,1.0
4,38,2,1478.0,1946.0,0.7595067
4,39,0,1837.0,2015.0,0.9116625
4,39,1,1946.0,2015.0,0.96575683
4,39,2,2015.0,2015.0,1.0
4,40,0,1837.0,2055.0,0.89391726
4,40,1,2055.0,2055.0,1.0
4,40,2,2015.0,2055.0,0.98053527
4,41,0,2110.0,2110.0,1.0
4,41,1,2055.0,2110.0,0.97393364
4,41,2,2015.0,2110.0,0.9549763
4,42,0,2110.0,2148.0,0.9823091
4,42,1,2055.0,2148.0,0.9567039
4,42,2,2148.0,2148.0,1.0
4,43,0,2110.0,2180.0,0.9678899
4,43,1,2055.0,2180.0,0.94266057
4,43,2,2180.0,2180.0,1.0
4,44,0,2110.0,2219.0,0.9508788
4,44,1,2055.0,2219.0,0.92609286
4,44,2,2219.0,2219.0,1.0
4,45,0,2110.0,2252.0,0.93694496
4,45,1,2252.0,2252.0,1.0
4,45,2,2219.0,2252.0,0.9853464
4,46,0,2110.0,2301.0,0.9169926
4,46,1,2252.0,2301.0,0.9787049
4,46,2,2301.0,2301.0,1.0
4,47,0,2110.0,2343.0,0.90055484
4,47,1,2343.0,2343.0,1.0
4,47,2,2301.0,2343.0,0.98207426
4,48,0,2110.0,2383.0,0.8854385
4,48,1,2383.0,2383.0,1.0
4,48,2,2301.0,2383.0,0.9655896
4,49,0,2110.0,2451.0,0.8608731
4,49,1,2383.0,2451.0,0.97225624
4,49,2,2451.0,2451.0,1.0
4,50,0,2110.0,2494.0,0.8460305
4,50,1,2494.0,2494.0,1.0
4,50,2,2451.0,2494.0,0.98275864
4,51,0,2110.0,2533.0,0.83300436
4,51,1,2494.0,2533.0,0.9846032
4,51,2,2533.0,2533.0,1.0
4,52,0,2110.0,2575.0,0.8194175
4,52,1,2575.0,2575.0,1.0
4,52,2,2533.0,2575.0,0.9836893
4,53,0,2110.0,2618.0,0.80595875
4,53,1,2618.0,2618.0,1.0
4,53,2,2533.0,2618.0,0.96753246
4,54,0,2110.0,2691.0,0.7840951
4,54,1,2618.0,2691.0,0.97287256
4,54,2,2691.0,2691.0,1.0
4,55,0,2110.0,2759.0,0.76476985
4,55,1,2618.0,2759.0,0.9488945
4,55,2,2759.0,2759.0,1.0
4,56,0,2825.0,2825.0,1.0
4,56,1,2618.0,2825.0,0.9267257
4,56,2,2759.0,2825.0,0.9766372
4,57,0,2825.0,2898.0,0.97481024
4,57,1,2618.0,2898.0,0.90338165
4,57,2,2898.0,2898.0,1.0
4,58,0,2825.0,2939.0,0.9612113
4,58,1,2939.0,2939.0,1.0
4,58,2,2898.0,2939.0,0.98604965
4,59,0,2825.0,2994.0,0.94355375
4,59,1,2939.0,2994.0,0.9816299
4,59,2,2994.0,2994.0,1.0
4,60,0,2825.0,3040.0,0.9292763
4,60,1,3040.0,3040.0,1.0
4,60,2,2994.0,3040.0,0.9848684
4,61,0,2825.0,3075.0,0.9186992
4,61,1,3075.0,3075.0,1.0
4,61,2,2994.0,3075.0,0.97365856
4,62,0,2825.0,3119.0,0.905739
4,62,1,3119.0,3119.0,1.0
4,62,2,2994.0,3119.0,0.959923
4,63,0,2825.0,3157.0,0.89483684
4,63,1,3157.0,3157.0,1.0
4,63,2,2994.0,3157.0,0.9483687
4,64,0,2825.0,3195.0,0.8841941
4,64,1,3195.0,3195.0,1.0
4,64,2,2994.0,3195.0,0.9370892
4,65,0,2825.0,3228.0,0.8751549
4,65,1,3228.0,3228.0,1.0
4,65,2,2994.0,3228.0,0.9275093
4,66,0,2825.0,3263.0,0.8657677
4,66,1,3263.0,3263.0,1.0
4,66,2,2994.0,3263.0,0.9175605
4,67,0,2825.0,3303.0,0.8552831
4,67,1,3263.0,3303.0,0.9878898
4,67,2,3303.0,3303.0,1.0
4,68,0,3351.0,3351.0,1.0
4,68,1,3263.0,3351.0,0.9737392
4,68,2,3303.0,3351.0,0.98567593
4,69,0,3351.0,3385.0,0.98995566
4,69,1,3385.0,3385.0,1.0
4,69,2,3303.0,3385.0,0.9757755
4,70,0,3351.0,3442.0,0.9735619
4,70,1,3385.0,3442.0,0.98343986
4,70,2,3442.0,3442.0,1.0
4,71,0,3351.0,3480.0,0.96293104
4,71,1,3480.0,3480.0,1.0
4,71,2,3442.0,3480.0,0.9890805
4,72,0,3351.0,3514.0,0.9536141
4,72,1,3514.0,3514.0,1.0
4,72,2,3442.0,3514.0,0.97951055
4,73,0,3351.0,3550.0,0.9439437
4,73,1,3514.0,3550.0,0.98985916
4,73,2,3550.0,3550.0,1.0
4,74,0,3351.0,3606.0,0.9292845
4,74,1,3514.0,3606.0,0.97448695
4,74,2,3606.0,3606.0,1.0
4,75,0,3351.0,3656.0,0.9165755
4,75,1,3656.0,3656.0,1.0
4,75,2,3606.0,3656.0,0.98632383
4,76,0,3351.0,3701.0,0.905431
4,76,1,3701.0,3701.0,1.0
4,76,2,3606.0,3701.0,0.97433126
4,77,0,3351.0,3745.0,0.89479303
4,77,1,3701.0,3745.0,0.98825103
4,77,2,3745.0,3745.0,1.0
4,78,0,3351.0,3782.0,0.88603914
4,78,1,3782.0,3782.0,1.0
4,78,2,3745.0,3782.0,0.9902168
4,79,0,3351.0,3831.0,0.8747063
4,79,1,3831.0,3831.0,1.0
4,79,2,3745.0,3831.0,0.9775516
4,80,0,3351.0,3864.0,0.867236
4,80,1,3864.0,3864.0,1.0
4,80,2,3745.0,3864.0,0.9692029
4,81,0,3351.0,3914.0,0.85615736
4,81,1,3864.0,3914.0,0.98722535
4,81,2,3914.0,3914.0,1.0
4,82,0,3351.0,3978.0,0.8423831
4,82,1,3864.0,3978.0,0.9713424
4,82,2,3978.0,3978.0,1.0
4,83,0,3351.0,4009.0,0.8358693
4,83,1,4009.0,4009.0,1.0
4,83,2,3978.0,4009.0,0.9922674
4,84,0,3351.0,4051.0,0.82720315
4,84,1,4009.0,4051.0,0.9896322
4,84,2,4051.0,4051.0,1.0
4,85,0,3351.0,4083.0,0.8207201
4,85,1,4083.0,4083.0,1.0
4,85,2,4051.0,4083.0,0.99216264
4,86,0,3351.0,4123.0,0.81275773
4,86,1,4083.0,4123.0,0.99029833
4,86,2,4123.0,4123.0,1.0
4,87,0,3351.0,4163.0,0.80494833
4,87,1,4083.0,4163.0,0.9807831
4,87,2,4163.0,4163.0,1.0
4,88,0,3351.0,4216.0,0.79482925
4,88,1,4083.0,4216.0,0.9684535
4,88,2,4216.0,4216.0,1.0
4,89,0,3351.0,4271.0,0.78459376
4,89,1,4083.0,4271.0,0.9559822
4,89,2,4271.0,4271.0,1.0
4,90,0,3351.0,4309.0,0.7776746
4,90,1,4309.0,4309.0,1.0
4,90,2,4271.0,4309.0,0.99118125
4,91,0,3351.0,4339.0,0.77229774
4,91,1,4339.0,4339.0,1.0
4,91,2,4271.0,4339.0,0.9843282
4,92,0,3351.0,4409.0,0.7600363
4,92,1,4339.0,4409.0,0.9841234
4,92,2,4409.0,4409.0,1.0
4,93,0,3351.0,4451.0,0.75286454
4,93,1,4451.0,4451.0,1.0
4,93,2,4409.0,4451.0,0.9905639
4,94,0,3351.0,4517.0,0.7418641
4,94,1,4451.0,4517.0,0.9853885
4,94,2,4517.0,4517.0,1.0
4,95,0,3351.0,4550.0,0.7364835
4,95,1,4451.0,4550.0,0.97824174
4,95,2,4550.0,4550.0,1.0
4,96,0,3351.0,4610.0,0.7268981
4,96,1,4451.0,4610.0,0.9655098
4,96,2,4610.0,4610.0,1.0
4,97,0,3351.0,4643.0,0.72173166
4,97,1,4643.0,4643.0,1.0
4,97,2,4610.0,4643.0,0.9928925
4,98,0,3351.0,4693.0,0.7140422
4,98,1,4693.0,4693.0,1.0
4,98,2,4610.0,4693.0,0.9823141
4,99,0,3351.0,4738.0,0.70726043
4,99,1,4738.0,4738.0,1.0
4,99,2,4610.0,4738.0,0.9729844
4,100,0,3351.0,4788.0,0.6998747
4,100,1,4788.0,4788.0,1.0
4,100,2,4610.0,4788.0,0.96282375
4,101,0,3351.0,4838.0,0.6926416
4,101,1,4838.0,4838.0,1.0
4,101,2,4610.0,4838.0,0.9528731
4,102,0,3351.0,4873.0,0.6876667
4,102,1,4873.0,4873.0,1.0
4,102,2,4610.0,4873.0,0.9460291
4,103,0,3351.0,4914.0,0.6819292
4,103,1,4914.0,4914.0,1.0
4,103,2,4610.0,4914.0,0.9381359
4,104,0,3351.0,4945.0,0.6776542
4,104,1,4945.0,4945.0,1.0
4,104,2,4610.0,4945.0,0.9322548
4,105,0,3351.0,5018.0,0.66779596
4,105,1,4945.0,5018.0,0.98545235
4,105,2,5018.0,5018.0,1.0
4,106,0,3351.0,5062.0,0.6619913
4,106,1,5062.0,5062.0,1.0
4,106,2,5018.0,5062.0,0.9913078
4,107,0,3351.0,5118.0,0.65474796
4,107,1,5062.0,5118.0,0.9890582
4,107,2,5118.0,5118.0,1.0
4,108,0,3351.0,5150.0,0.6506796
4,108,1,5150.0,5150.0,1.0
4,108,2,5118.0,5150.0,0.9937864
4,109,0,3351.0,5187.0,0.6460382
4,109,1,5150.0,5187.0,0.99286675
4,109,2,5187.0,5187.0,1.0
4,110,0,3351.0,5228.0,0.6409717
4,110,1,5228.0,5228.0,1.0
4,110,2,5187.0,5228.0,0.99215764
4,111,0,3351.0,5272.0,0.63562214
4,111,1,5272.0,5272.0,1.0
4,111,2,5187.0,5272.0,0.98387706
4,112,0,3351.0,5313.0,0.6307171
4,112,1,5272.0,5313.0,0.9922831
4,112,2,5313.0,5313.0,1.0
4,113,0,3351.0,5363.0,0.62483686
4,113,1,5363.0,5363.0,1.0
4,113,2,5313.0,5363.0,0.9906769
4,114,0,3351.0,5413.0,0.6190652
4,114,1,5413.0,5413.0,1.0
4,114,2,5313.0,5413.0,0.98152596
4,115,0,3351.0,5467.0,0.61295044
4,115,1,5413.0,5467.0,0.99012256
4,115,2,5467.0,5467.0,1.0
4,116,0,3351.0,5504.0,0.6088299
4,116,1,5413.0,5504.0,0.98346657
4,116,2,5504.0,5504.0,1.0
4,117,0,3351.0,5541.0,0.60476446
4,117,1,5541.0,5541.0,1.0
4,117,2,5504.0,5541.0,0.9933225
4,118,0,3351.0,5583.0,0.60021496
4,118,1,5583.0,5583.0,1.0
4,118,2,5504.0,5583.0,0.9858499
4,119,0,3351.0,5625.0,0.59573334
4,119,1,5625.0,5625.0,1.0
4,119,2,5504.0,5625.0,0.97848886
4,120,0,3351.0,5665.0,0.5915269
4,120,1,5665.0,5665.0,1.0
4,120,2,5504.0,5665.0,0.97157985
4,121,0,3351.0,5703.0,0.5875855
4,121,1,5703.0,5703.0,1.0
4,121,2,5504.0,5703.0,0.96510607
4,122,0,3351.0,5752.0,0.58258
4,122,1,5752.0,5752.0,1.0
4,122,2,5504.0,5752.0,0.95688456
4,123,0,3351.0,5785.0,0.5792567
4,123,1,5785.0,5785.0,1.0
4,123,2,5504.0,5785.0,0.9514261
4,124,0,3351.0,5827.0,0.5750815
4,124,1,5785.0,5827.0,0.9927922
4,124,2,5827.0,5827.0,1.0
4,125,0,3351.0,5883.0,0.5696073
4,125,1,5785.0,5883.0,0.9833418
4,125,2,5883.0,5883.0,1.0
4,126,0,3351.0,5920.0,0.5660473
4,126,1,5920.0,5920.0,1.0
4,126,2,5883.0,5920.0,0.99375
4,127,0,3351.0,5968.0,0.56149465
4,127,1,5968.0,5968.0,1.0
4,127,2,5883.0,5968.0,0.98575735
4,128,0,3351.0,6009.0,0.5576635
4,128,1,6009.0,6009.0,1.0
4,128,2,5883.0,6009.0,0.97903144
4,129,0,3351.0,6057.0,0.5532442
4,129,1,6057.0,6057.0,1.0
4,129,2,5883.0,6057.0,0.9712729
4,130,0,3351.0,6099.0,0.5494343
4,130,1,6099.0,6099.0,1.0
4,130,2,5883.0,6099.0,0.96458435
4,131,0,3351.0,6136.0,0.54612124
4,131,1,6136.0,6136.0,1.0
4,131,2,5883.0,6136.0,0.95876795
4,132,0,3351.0,6172.0,0.54293585
4,132,1,6172.0,6172.0,1.0
4,132,2,5883.0,6172.0,0.9531756
4,133,0,3351.0,6202.0,0.54030955
4,133,1,6202.0,6202.0,1.0
4,133,2,5883.0,6202.0,0.948565
4,134,0,3351.0,6242.0,0.5368472
4,134,1,6242.0,6242.0,1.0
4,134,2,5883.0,6242.0,0.9424864
5,1,0,15.0,15.0,1.0
5,1,1,0.0,15.0,0.0
5,1,2,0.0,15.0,0.0
5,2,0,91.0,91.0,1.0
5,2,1,0.0,91.0,0.0
5,2,2,0.0,91.0,0.0
5,3,0,162.0,162.0,1.0
5,3,1,0.0,162.0,0.0
5,3,2,0.0,162.0,0.0
5,4,0,242.0,242.0,1.0
5,4,1,0.0,242.0,0.0
5,4,2,0.0,242.0,0.0
5,5,0,318.0,318.0,1.0
5,5,1,0.0,318.0,0.0
5,5,2,0.0,318.0,0.0
5,6,0,365.0,365.0,1.0
5,6,1,0.0,365.0,0.0
5,6,2,0.0,365.0,0.0
5,7,0,430.0,430.0,1.0
5,7,1,0.0,430.0,0.0
5,7,2,0.0,430.0,0.0
5,8,0,430.0,450.0,0.95555556
5,8,1,450.0,450.0,1.0
5,8,2,0.0,450.0,0.0
5,9,0,501.0,501.0,1.0
5,9,1,450.0,501.0,0.8982036
5,9,2,0.0,501.0,0.0
5,10,0,579.0,579.0,1.0
5,10,1,450.0,579.0,0.77720207
5,10,2,0.0,579.0,0.0
5,11,0,651.0,651.0,1.0
5,11,1,450.0,651.0,0.69124424
5,11,2,0.0,651.0,0.0
5,12,0,651.0,687.0,0.9475983
5,12,1,687.0,687.0,1.0
5,12,2,0.0,687.0,0.0
5,13,0,651.0,717.0,0.9079498
5,13,1,717.0,717.0,1.0
5,13,2,0.0,717.0,0.0
5,14,0,651.0,767.0,0.8487614
5,14,1,767.0,767.0,1.0
5,14,2,0.0,767.0,0.0
5,15,0,651.0,797.0,0.81681305
5,15,1,767.0,797.0,0.96235883
5,15,2,797.0,797.0,1.0
5,16,0,855.0,855.0,1.0
5,16,1,767.0,855.0,0.897076
5,16,2,797.0,855.0,0.9321637
5,17,0,855.0,891.0,0.959596
5,17,1,891.0,891.0,1.0
5,17,2,797.0,891.0,0.89450055
5,18,0,855.0,935.0,0.9144385
5,18,1,891.0,935.0,0.9529412
5,18,2,935.0,935.0,1.0
5,19,0,855.0,977.0,0.875128
5,19,1,977.0,977.0,1.0
5,19,2,935.0,977.0,0.9570113
5,20,0,855.0,1028.0,0.83171207
5,20,1,977.0,1028.0,0.9503891
5,20,2,1028.0,1028.0,1.0
5,21,0,1102.0,1102.0,1.0
5,21,1,977.0,1102.0,0.88656986
5,21,2,1028.0,1102.0,0.93284935
5,22,0,1102.0,1135.0,0.9709251
5,22,1,1135.0,1135.0,1.0
5,22,2,1028.0,1135.0,0.90572685
5,23,0,1102.0,1175.0,0.93787235
5,23,1,1175.0,1175.0,1.0
5,23,2,1028.0,1175.0,0.8748936
5,24,0,1231.0,1231.0,1.0
5,24,1,1175.0,1231.0,0.95450854
5,24,2,1028.0,1231.0,0.83509344
5,25,0,1312.0,1312.0,1.0
5,25,1,1175.0,1312.0,0.8955793
5,25,2,1028.0,1312.0,0.7835366
5,26,0,1387.0,1387.0,1.0
5,26,1,1175.0,1387.0,0.8471521
5,26,2,1028.0,1387.0,0.74116796
5,27,0,1387.0,1447.0,0.9585349
5,27,1,1175.0,1447.0,0.8120249
5,27,2,1447.0,1447.0,1.0
5,28,0,1387.0,1500.0,0.92466664
5,28,1,1175.0,1500.0,0.78333336
5,28,2,1500.0,1500.0,1.0
5,29,0,1580.0,1580.0,1.0
5,29,1,1175.0,1580.0,0.7436709
5,29,2,1500.0,1580.0,0.9493671
5,30,0,1580.0,1623.0,0.97350585
5,30,1,1623.0,1623.0,1.0
5,30,2,1500.0,1623.0,0.9242144
5,31,0,1679.0,1679.0,1.0
5,31,1,1623.0,1679.0,0.9666468
5,31,2,1500.0,1679.0,0.8933889
5,32,0,1679.0,1716.0,0.97843826
5,32,1,1623.0,1716.0,0.9458042
5,32,2,1716.0,1716.0,1.0
5,33,0,1775.0,1775.0,1.0
5,33,1,1623.0,1775.0,0.9143662
5,33,2,1716.0,1775.0,0.9667606
5,34,0,1775.0,1838.0,0.96572363
5,34,1,1623.0,1838.0,0.88302505
5,34,2,1838.0,1838.0,1.0
5,35,0,1775.0,1874.0,0.9471718
5,35,1,1874.0,1874.0,1.0
5,35,2,1838.0,1874.0,0.9807898
5,36,0,1775.0,1899.0,0.93470246
5,36,1,1899.0,1899.0,1.0
5,36,2,1838.0,1899.0,0.9678778
5,37,0,1775.0,1942.0,0.9140062
5,37,1,1942.0,1942.0,1.0
5,37,2,1838.0,1942.0,0.94644696
5,38,0,1775.0,1985.0,0.8942065
5,38,1,1985.0,1985.0,1.0
5,38,2,1838.0,1985.0,0.92594457
5,39,0,1775.0,2018.0,0.8795838
5,39,1,2018.0,2018.0,1.0
5,39,2,1838.0,2018.0,0.9108028
5,40,0,1775.0,2087.0,0.8505031
5,40,1,2018.0,2087.0,0.9669382
5,40,2,2087.0,2087.0,1.0
5,41,0,1775.0,2121.0,0.8368694
5,41,1,2121.0,2121.0,1.0
5,41,2,2087.0,2121.0,0.9839698
5,42,0,1775.0,2191.0,0.8101324
5,42,1,2121.0,2191.0,0.96805114
5,42,2,2191.0,2191.0,1.0
5,43,0,1775.0,2224.0,0.7981115
5,43,1,2224.0,2224.0,1.0
5,43,2,2191.0,2224.0,0.98516184
5,44,0,1775.0,2261.0,0.78505087
5,44,1,2224.0,2261.0,0.98363554
5,44,2,2261.0,2261.0,1.0
5,45,0,1775.0,2307.0,0.7693975
5,45,1,2307.0,2307.0,1.0
5,45,2,2261.0,2307.0,0.9800607
5,46,0,1775.0,2344.0,0.7572526
5,46,1,2344.0,2344.0,1.0
5,46,2,2261.0,2344.0,0.96459043
5,47,0,1775.0,2384.0,0.744547
5,47,1,2384.0,2384.0,1.0
5,47,2,2261.0,2384.0,0.94840604
5,48,0,1775.0,2428.0,0.73105437
5,48,1,2384.0,2428.0,0.9818781
5,48,2,2428.0,2428.0,1.0
5,49,0,2491.0,2491.0,1.0
5,49,1,2384.0,2491.0,0.9570454
5,49,2,2428.0,2491.0,0.974709
5,50,0,2491.0,2532.0,0.98380727
5,50,1,2532.0,2532.0,1.0
5,50,2,2428.0,2532.0,0.9589257
5,51,0,2491.0,2570.0,0.9692607
5,51,1,2570.0,2570.0,1.0
5,51,2,2428.0,2570.0,0.9447471
5,52,0,2491.0,2615.0,0.9525813
5,52,1,2615.0,2615.0,1.0
5,52,2,2428.0,2615.0,0.9284895
5,53,0,2491.0,2665.0,0.9347092
5,53,1,2665.0,2665.0,1.0
5,53,2,2428.0,2665.0,0.9110694
5,54,0,2491.0,2700.0,0.9225926
5,54,1,2700.0,2700.0,1.0
5,54,2,2428.0,2700.0,0.89925927
5,55,0,2491.0,2754.0,0.9045026
5,55,1,2700.0,2754.0,0.98039216
5,55,2,2754.0,2754.0,1.0
5,56,0,2491.0,2802.0,0.88900787
5,56,1,2802.0,2802.0,1.0
5,56,2,2754.0,2802.0,0.9828694
5,57,0,2491.0,2845.0,0.8755712
5,57,1,2845.0,2845.0,1.0
5,57,2,2754.0,2845.0,0.96801406
5,58,0,2491.0,2895.0,0.8604491
5,58,1,2845.0,2895.0,0.98272884
5,58,2,2895.0,2895.0,1.0
5,59,0,2491.0,2930.0,0.8501707
5,59,1,2930.0,2930.0,1.0
5,59,2,2895.0,2930.0,0.98805463
5,60,0,2491.0,2963.0,0.840702
5,60,1,2963.0,2963.0,1.0
5,60,2,2895.0,2963.0,0.9770503
5,61,0,2491.0,3001.0,0.83005667
5,61,1,3001.0,3001.0,1.0
5,61,2,2895.0,3001.0,0.96467847
5,62,0,2491.0,3035.0,0.8207578
5,62,1,3035.0,3035.0,1.0
5,62,2,2895.0,3035.0,0.9538715
5,63,0,2491.0,3080.0,0.80876625
5,63,1,3080.0,3080.0,1.0
5,63,2,2895.0,3080.0,0.9399351
5,64,0,2491.0,3129.0,0.796101
5,64,1,3129.0,3129.0,1.0
5,64,2,2895.0,3129.0,0.9252157
5,65,0,2491.0,3172.0,0.78530896
5,65,1,3129.0,3172.0,0.9864439
5,65,2,3172.0,3172.0,1.0
5,66,0,2491.0,3199.0,0.77868086
5,66,1,3199.0,3199.0,1.0
5,66,2,3172.0,3199.0,0.99155986
5,67,0,2491.0,3241.0,0.7685899
5,67,1,3241.0,3241.0,1.0
5,67,2,3172.0,3241.0,0.9787103
5,68,0,2491.0,3291.0,0.75691277
5,68,1,3291.0,3291.0,1.0
5,68,2,3172.0,3291.0,0.9638408
5,69,0,2491.0,3333.0,0.7473747
5,69,1,3333.0,3333.0,1.0
5,69,2,3172.0,3333.0,0.95169514
5,70,0,2491.0,3374.0,0.7382928
5,70,1,3333.0,3374.0,0.9878482
5,70,2,3374.0,3374.0,1.0
5,71,0,2491.0,3439.0,0.7243385
5,71,1,3333.0,3439.0,0.96917707
5,71,2,3439.0,3439.0,1.0
5,72,0,2491.0,3508.0,0.71009123
5,72,1,3333.0,3508.0,0.950114
5,72,2,3508.0,3508.0,1.0
5,73,0,2491.0,3556.0,0.7005062
5,73,1,3556.0,3556.0,1.0
5,73,2,3508.0,3556.0,0.9865017
5,74,0,2491.0,3595.0,0.6929068
5,74,1,3556.0,3595.0,0.9891516
5,74,2,3595.0,3595.0,1.0
5,75,0,3654.0,3654.0,1.0
5,75,1,3556.0,3654.0,0.97318006
5,75,2,3595.0,3654.0,0.98385334
5,76,0,3654.0,3687.0,0.99104965
5,76,1,3687.0,3687.0,1.0
5,76,2,3595.0,3687.0,0.97504747
5,77,0,3654.0,3756.0,0.97284347
5,77,1,3687.0,3756.0,0.9816294
5,77,2,3756.0,3756.0,1.0
5,78,0,3654.0,3801.0,0.96132594
5,78,1,3801.0,3801.0,1.0
5,78,2,3756.0,3801.0,0.988161
5,79,0,3654.0,3840.0,0.9515625
5,79,1,3801.0,3840.0,0.9898437
5,79,2,3840.0,3840.0,1.0
5,80,0,3654.0,3906.0,0.9354839
5,80,1,3801.0,3906.0,0.9731183
5,80,2,3906.0,3906.0,1.0
5,81,0,3654.0,3974.0,0.91947657
5,81,1,3801.0,3974.0,0.95646703
5,81,2,3974.0,3974.0,1.0
5,82,0,3654.0,4016.0,0.90986055
5,82,1,4016.0,4016.0,1.0
5,82,2,3974.0,4016.0,0.9895418
5,83,0,3654.0,4056.0,0.90088755
5,83,1,4016.0,4056.0,0.99013805
5,83,2,4056.0,4056.0,1.0
5,84,0,3654.0,4100.0,0.8912195
5,84,1,4100.0,4100.0,1.0
5,84,2,4056.0,4100.0,0.9892683
5,85,0,3654.0,4143.0,0.8819696
5,85,1,4143.0,4143.0,1.0
5,85,2,4056.0,4143.0,0.97900075
5,86,0,3654.0,4216.0,0.86669827
5,86,1,4143.0,4216.0,0.982685
5,86,2,4216.0,4216.0,1.0
5,87,0,3654.0,4260.0,0.8577465
5,87,1,4260.0,4260.0,1.0
5,87,2,4216.0,4260.0,0.98967135
5,88,0,3654.0,4298.0,0.85016286
5,88,1,4260.0,4298.0,0.99115866
5,88,2,4298.0,4298.0,1.0
5,89,0,3654.0,4339.0,0.8421295
5,89,1,4260.0,4339.0,0.98179305
5,89,2,4339.0,4339.0,1.0
5,90,0,3654.0,4379.0,0.8344371
5,90,1,4379.0,4379.0,1.0
5,90,2,4339.0,4379.0,0.99086547
5,91,0,3654.0,4443.0,0.82241726
5,91,1,4379.0,4443.0,0.98559535
5,91,2,4443.0,4443.0,1.0
5,92,0,3654.0,4493.0,0.8132651
5,92,1,4379.0,4493.0,0.9746272
5,92,2,4493.0,4493.0,1.0
5,93,0,3654.0,4535.0,0.8057332
5,93,1,4535.0,4535.0,1.0
5,93,2,4493.0,4535.0,0.9907387
5,94,0,3654.0,4576.0,0.798514
5,94,1,4576.0,4576.0,1.0
5,94,2,4493.0,4576.0,0.9818619
5,95,0,3654.0,4621.0,0.7907379
5,95,1,4621.0,4621.0,1.0
5,95,2,4493.0,4621.0,0.97230035
5,96,0,3654.0,4653.0,0.7852998
5,96,1,4653.0,4653.0,1.0
5,96,2,4493.0,4653.0,0.9656136
5,97,0,3654.0,4695.0,0.7782748
5,97,1,4653.0,4695.0,0.9910543
5,97,2,4695.0,4695.0,1.0
5,98,0,3654.0,4728.0,0.77284265
5,98,1,4728.0,4728.0,1.0
5,98,2,4695.0,4728.0,0.9930203
5,99,0,3654.0,4769.0,0.76619834
5,99,1,4769.0,4769.0,1.0
5,99,2,4695.0,4769.0,0.9844831
5,100,0,3654.0,4813.0,0.75919384
5,100,1,4813.0,4813.0,1.0
5,100,2,4695.0,4813.0,0.97548306
5,101,0,3654.0,4853.0,0.7529363
5,101,1,4813.0,4853.0,0.9917577
5,101,2,4853.0,4853.0,1.0
5,102,0,3654.0,4926.0,0.7417783
5,102,1,4813.0,4926.0,0.9770605
5,102,2,4926.0,4926.0,1.0
5,103,0,3654.0,4962.0,0.7363966
5,103,1,4813.0,4962.0,0.9699718
5,103,2,4962.0,4962.0,1.0
5,104,0,3654.0,4997.0,0.7312387
5,104,1,4997.0,4997.0,1.0
5,104,2,4962.0,4997.0,0.9929958
5,105,0,3654.0,5053.0,0.72313476
5,105,1,4997.0,5053.0,0.98891747
5,105,2,5053.0,5053.0,1.0
5,106,0,3654.0,5090.0,0.71787816
5,106,1,5090.0,5090.0,1.0
5,106,2,5053.0,5090.0,0.99273086
5,107,0,3654.0,5163.0,0.7077281
5,107,1,5090.0,5163.0,0.98586094
5,107,2,5163.0,5163.0,1.0
5,108,0,3654.0,5203.0,0.70228714
5,108,1,5090.0,5203.0,0.97828174
5,108,2,5203.0,5203.0,1.0
5,109,0,3654.0,5243.0,0.6969292
5,109,1,5243.0,5243.0,1.0
5,109,2,5203.0,5243.0,0.9923708
5,110,0,3654.0,5281.0,0.69191444
5,110,1,5281.0,5281.0,1.0
5,110,2,5203.0,5281.0,0.9852301
5,111,0,3654.0,5322.0,0.686584
5,111,1,5322.0,5322.0,1.0
5,111,2,5203.0,5322.0,0.97764
5,112,0,3654.0,5372.0,0.6801936
5,112,1,5322.0,5372.0,0.9906925
5,112,2,5372.0,5372.0,1.0
5,113,0,3654.0,5414.0,0.67491686
5,113,1,5322.0,5414.0,0.983007
5,113,2,5414.0,5414.0,1.0
5,114,0,3654.0,5471.0,0.6678852
5,114,1,5322.0,5471.0,0.9727655
5,114,2,5471.0,5471.0,1.0
5,115,0,3654.0,5527.0,0.66111815
5,115,1,5322.0,5527.0,0.96290934
5,115,2,5527.0,5527.0,1.0
5,116,0,3654.0,5553.0,0.6580227
5,116,1,5553.0,5553.0,1.0
5,116,2,5527.0,5553.0,0.9953178
5,117,0,3654.0,5590.0,0.6536673
5,117,1,5553.0,5590.0,0.993381
5,117,2,5590.0,5590.0,1.0
5,118,0,3654.0,5623.0,0.64983106
5,118,1,5623.0,5623.0,1.0
5,118,2,5590.0,5623.0,0.99413127
5,119,0,3654.0,5677.0,0.6436498
5,119,1,5623.0,5677.0,0.99048793
5,119,2,5677.0,5677.0,1.0
5,120,0,3654.0,5738.0,0.63680726
5,120,1,5623.0,5738.0,0.9799582
5,120,2,5738.0,5738.0,1.0
5,121,0,3654.0,5768.0,0.63349515
5,121,1,5768.0,5768.0,1.0
5,121,2,5738.0,5768.0,0.9947989
5,122,0,3654.0,5818.0,0.62805086
5,122,1,5818.0,5818.0,1.0
5,122,2,5738.0,5818.0,0.98624957
5,123,0,3654.0,5856.0,0.6239754
5,123,1,5856.0,5856.0,1.0
5,123,2,5738.0,5856.0,0.97984976
5,124,0,3654.0,5893.0,0.6200577
5,124,1,5893.0,5893.0,1.0
5,124,2,5738.0,5893.0,0.9736976
5,125,0,3654.0,5943.0,0.614841
5,125,1,5943.0,5943.0,1.0
5,125,2,5738.0,5943.0,0.96550566
5,126,0,3654.0,5988.0,0.61022043
5,126,1,5988.0,5988.0,1.0
5,126,2,5738.0,5988.0,0.9582498
5,127,0,3654.0,6019.0,0.6070776
5,127,1,6019.0,6019.0,1.0
5,127,2,5738.0,6019.0,0.9533145
5,128,0,3654.0,6061.0,0.6028708
5,128,1,6061.0,6061.0,1.0
5,128,2,5738.0,6061.0,0.94670844
5,129,0,3654.0,6103.0,0.5987219
5,129,1,6103.0,6103.0,1.0
5,129,2,5738.0,6103.0,0.94019336
5,130,0,3654.0,6152.0,0.5939532
5,130,1,6152.0,6152.0,1.0
5,130,2,5738.0,6152.0,0.9327048
5,131,0,3654.0,6184.0,0.5908797
5,131,1,6184.0,6184.0,1.0
5,131,2,5738.0,6184.0,0.9278784
5,132,0,3654.0,6221.0,0.5873654
5,132,1,6221.0,6221.0,1.0
5,132,2,5738.0,6221.0,0.92235976
5,133,0,3654.0,6257.0,0.5839859
5,133,1,6257.0,6257.0,1.0
5,133,2,5738.0,6257.0,0.9170529
5,134,0,3654.0,6287.0,0.5811993
5,134,1,6287.0,6287.0,1.0
5,134,2,5738.0,6287.0,0.91267693
6,1,0,23.0,23.0,1.0
6,1,1,0.0,23.0,0.0
6,1,2,0.0,23.0,0.0
6,2,0,83.0,83.0,1.0
6,2,1,0.0,83.0,0.0
6,2,2,0.0,83.0,0.0
6,3,0,83.0,106.0,0.7830189
6,3,1,106.0,106.0,1.0
6,3,2,0.0,106.0,0.0
6,4,0,177.0,177.0,1.0
6,4,1,106.0,177.0,0.59887004
6,4,2,0.0,177.0,0.0
6,5,0,177.0,210.0,0.8428571
6,5,1,210.0,210.0,1.0
6,5,2,0.0,210.0,0.0
6,6,0,286.0,286.0,1.0
6,6,1,210.0,286.0,0.73426574
6,6,2,0.0,286.0,0.0
6,7,0,367.0,367.0,1.0
6,7,1,210.0,367.0,0.5722071
6,7,2,0.0,367.0,0.0
6,8,0,367.0,410.0,0.89512193
6,8,1,410.0,410.0,1.0
6,8,2,0.0,410.0,0.0
6,9,0,367.0,452.0,0.8119469
6,9,1,410.0,452.0,0.90707964
6,9,2,452.0,452.0,1.0
6,10,0,511.0,511.0,1.0
6,10,1,410.0,511.0,0.8023483
6,10,2,452.0,511.0,0.88454014
6,11,0,574.0,574.0,1.0
6,11,1,410.0,574.0,0.71428573
6,11,2,452.0,574.0,0.78745645
6,12,0,574.0,613.0,0.9363785
6,12,1,410.0,613.0,0.6688418
6,12,2,613.0,613.0,1.0
6,13,0,687.0,687.0,1.0
6,13,1,410.0,687.0,0.59679765
6,13,2,613.0,687.0,0.8922853
6,14,0,687.0,724.0,0.94889504
6,14,1,410.0,724.0,0.56629837
6,14,2,724.0,724.0,1.0
6,15,0,764.0,764.0,1.0
6,15,1,410.0,764.0,0.5366492
6,15,2,724.0,764.0,0.947644
6,16,0,764.0,818.0,0.93398535
6,16,1,410.0,818.0,0.5012225
6,16,2,818.0,818.0,1.0
6,17,0,884.0,884.0,1.0
6,17,1,410.0,884.0,0.4638009
6,17,2,818.0,884.0,0.92533934
6,18,0,884.0,917.0,0.9640131
6,18,1,917.0,917.0,1.0
6,18,2,818.0,917.0,0.89203924
6,19,0,884.0,954.0,0.9266247
6,19,1,954.0,954.0,1.0
6,19,2,818.0,954.0,0.8574423
6,20,0,884.0,1004.0,0.8804781
6,20,1,954.0,1004.0,0.9501992
6,20,2,1004.0,1004.0,1.0
6,21,0,884.0,1037.0,0.852459
6,21,1,1037.0,1037.0,1.0
6,21,2,1004.0,1037.0,0.96817744
6,22,0,884.0,1079.0,0.8192771
6,22,1,1079.0,1079.0,1.0
6,22,2,1004.0,1079.0,0.9304912
6,23,0,884.0,1122.0,0.7878788
6,23,1,1122.0,1122.0,1.0
6,23,2,1004.0,1122.0,0.89483064
6,24,0,884.0,1168.0,0.7568493
6,24,1,1168.0,1168.0,1.0
6,24,2,1004.0,1168.0,0.85958904
6,25,0,884.0,1201.0,0.7360533
6,25,1,1201.0,1201.0,1.0
6,25,2,1004.0,1201.0,0.83597004
6,26,0,884.0,1250.0,0.7072
6,26,1,1250.0,1250.0,1.0
6,26,2,1004.0,1250.0,0.8032
6,27,0,1312.0,1312.0,1.0
6,27,1,1250.0,1312.0,0.9527439
6,27,2,1004.0,1312.0,0.7652439
6,28,0,1368.0,1368.0,1.0
6,28,1,1250.0,1368.0,0.91374266
6,28,2,1004.0,1368.0,0.73391813
6,29,0,1368.0,1408.0,0.97159094
6,29,1,1408.0,1408.0,1.0
6,29,2,1004.0,1408.0,0.7130682
6,30,0,1368.0,1443.0,0.9480249
6,30,1,1443.0,1443.0,1.0
6,30,2,1004.0,1443.0,0.6957727
6,31,0,1487.0,1487.0,1.0
6,31,1,1443.0,1487.0,0.9704102
6,31,2,1004.0,1487.0,0.67518497
6,32,0,1487.0,1529.0,0.9725311
6,32,1,1529.0,1529.0,1.0
6,32,2,1004.0,1529.0,0.6566383
6,33,0,1609.0,1609.0,1.0
6,33,1,1529.0,1609.0,0.95027965
6,33,2,1004.0,1609.0,0.62399006
6,34,0,1685.0,1685.0,1.0
6,34,1,1529.0,1685.0,0.9074184
6,34,2,1004.0,1685.0,0.5958457
6,35,0,1750.0,1750.0,1.0
6,35,1,1529.0,1750.0,0.87371427
6,35,2,1004.0,1750.0,0.57371426
6,36,0,1808.0,1808.0,1.0
6,36,1,1529.0,1808.0,0.84568584
6,36,2,1004.0,1808.0,0.5553097
6,37,0,1808.0,1876.0,0.9637527
6,37,1,1529.0,1876.0,0.815032
6,37,2,1876.0,1876.0,1.0
6,38,0,1808.0,1918.0,0.9426486
6,38,1,1918.0,1918.0,1.0
6,38,2,1876.0,1918.0,0.9781022
6,39,0,1808.0,1954.0,0.92528147
6,39,1,1954.0,1954.0,1.0
6,39,2,1876.0,1954.0,0.9600819
6,40,0,1808.0,2022.0,0.8941642
6,40,1,1954.0,2022.0,0.9663699
6,40,2,2022.0,2022.0,1.0
6,41,0,1808.0,2067.0,0.8746976
6,41,1,2067.0,2067.0,1.0
6,41,2,2022.0,2067.0,0.97822934
6,42,0,1808.0,2102.0,0.86013323
6,42,1,2102.0,2102.0,1.0
6,42,2,2022.0,2102.0,0.961941
6,43,0,1808.0,2137.0,0.84604585
6,43,1,2137.0,2137.0,1.0
6,43,2,2022.0,2137.0,0.94618624
6,44,0,1808.0,2179.0,0.82973844
6,44,1,2137.0,2179.0,0.9807251
6,44,2,2179.0,2179.0,1.0
6,45,0,1808.0,2224.0,0.81294966
6,45,1,2224.0,2224.0,1.0
6,45,2,2179.0,2224.0,0.9797662
6,46,0,1808.0,2264.0,0.79858655
6,46,1,2264.0,2264.0,1.0
6,46,2,2179.0,2264.0,0.9624558
6,47,0,1808.0,2303.0,0.78506297
6,47,1,2264.0,2303.0,0.98306555
6,47,2,2303.0,2303.0,1.0
6,48,0,1808.0,2353.0,0.76838076
6,48,1,2353.0,2353.0,1.0
6,48,2,2303.0,2353.0,0.9787505
6,49,0,1808.0,2393.0,0.755537
6,49,1,2393.0,2393.0,1.0
6,49,2,2303.0,2393.0,0.9623903
6,50,0,2465.0,2465.0,1.0
6,50,1,2393.0,2465.0,0.9707911
6,50,2,2303.0,2465.0,0.9342799
6,51,0,2465.0,2505.0,0.9840319
6,51,1,2505.0,2505.0,1.0
6,51,2,2303.0,2505.0,0.9193613
6,52,0,2465.0,2538.0,0.9712372
6,52,1,2538.0,2538.0,1.0
6,52,2,2303.0,2538.0,0.9074074
6,53,0,2594.0,2594.0,1.0
6,53,1,2538.0,2594.0,0.97841173
6,53,2,2303.0,2594.0,0.88781804
6,54,0,2659.0,2659.0,1.0
6,54,1,2538.0,2659.0,0.9544942
6,54,2,2303.0,2659.0,0.8661151
6,55,0,2659.0,2715.0,0.9793739
6,55,1,2538.0,2715.0,0.93480664
6,55,2,2715.0,2715.0,1.0
6,56,0,2659.0,2764.0,0.9620116
6,56,1,2538.0,2764.0,0.91823447
6,56,2,2764.0,2764.0,1.0
6,57,0,2659.0,2809.0,0.9466002
6,57,1,2809.0,2809.0,1.0
6,57,2,2764.0,2809.0,0.98398006
6,58,0,2659.0,2852.0,0.93232816
6,58,1,2852.0,2852.0,1.0
6,58,2,2764.0,2852.0,0.96914446
6,59,0,2659.0,2896.0,0.918163
6,59,1,2852.0,2896.0,0.98480666
6,59,2,2896.0,2896.0,1.0
6,60,0,2659.0,2931.0,0.9071989
6,60,1,2931.0,2931.0,1.0
6,60,2,2896.0,2931.0,0.9880587
6,61,0,2659.0,2972.0,0.8946837
6,61,1,2931.0,2972.0,0.98620456
6,61,2,2972.0,2972.0,1.0
6,62,0,2659.0,3014.0,0.88221633
6,62,1,2931.0,3014.0,0.9724618
6,62,2,3014.0,3014.0,1.0
6,63,0,2659.0,3083.0,0.86247164
6,63,1,2931.0,3083.0,0.95069736
6,63,2,3083.0,3083.0,1.0
6,64,0,2659.0,3115.0,0.8536115
6,64,1,2931.0,3115.0,0.94093096
6,64,2,3115.0,3115.0,1.0
6,65,0,2659.0,3155.0,0.84278923
6,65,1,2931.0,3155.0,0.92900157
6,65,2,3155.0,3155.0,1.0
6,66,0,2659.0,3208.0,0.82886535
6,66,1,2931.0,3208.0,0.9136534
6,66,2,3208.0,3208.0,1.0
6,67,0,2659.0,3245.0,0.8194145
6,67,1,3245.0,3245.0,1.0
6,67,2,3208.0,3245.0,0.98859787
6,68,0,2659.0,3285.0,0.80943686
6,68,1,3245.0,3285.0,0.9878234
6,68,2,3285.0,3285.0,1.0
6,69,0,2659.0,3345.0,0.79491776
6,69,1,3245.0,3345.0,0.97010463
6,69,2,3345.0,3345.0,1.0
6,70,0,2659.0,3391.0,0.78413445
6,70,1,3391.0,3391.0,1.0
6,70,2,3345.0,3391.0,0.9864347
6,71,0,2659.0,3456.0,0.7693866
6,71,1,3391.0,3456.0,0.9811921
6,71,2,3456.0,3456.0,1.0
6,72,0,2659.0,3510.0,0.7575499
6,72,1,3391.0,3510.0,0.9660969
6,72,2,3510.0,3510.0,1.0
6,73,0,2659.0,3571.0,0.74460936
6,73,1,3391.0,3571.0,0.94959396
6,73,2,3571.0,3571.0,1.0
6,74,0,2659.0,3645.0,0.7294924
6,74,1,3391.0,3645.0,0.9303155
6,74,2,3645.0,3645.0,1.0
6,75,0,2659.0,3682.0,0.7221619
6,75,1,3391.0,3682.0,0.92096686
6,75,2,3682.0,3682.0,1.0
6,76,0,2659.0,3737.0,0.7115333
6,76,1,3391.0,3737.0,0.90741235
6,76,2,3737.0,3737.0,1.0
6,77,0,2659.0,3770.0,0.70530504
6,77,1,3770.0,3770.0,1.0
6,77,2,3737.0,3770.0,0.9912467
6,78,0,2659.0,3843.0,0.69190735
6,78,1,3770.0,3843.0,0.9810044
6,78,2,3843.0,3843.0,1.0
6,79,0,2659.0,3891.0,0.6833719
6,79,1,3891.0,3891.0,1.0
6,79,2,3843.0,3891.0,0.98766387
6,80,0,2659.0,3947.0,0.6736762
6,80,1,3891.0,3947.0,0.985812
6,80,2,3947.0,3947.0,1.0
6,81,0,2659.0,3985.0,0.6672522
6,81,1,3985.0,3985.0,1.0
6,81,2,3947.0,3985.0,0.99046427
6,82,0,2659.0,4055.0,0.65573364
6,82,1,3985.0,4055.0,0.98273736
6,82,2,4055.0,4055.0,1.0
6,83,0,2659.0,4092.0,0.6498045
6,83,1,4092.0,4092.0,1.0
6,83,2,4055.0,4092.0,0.990958
6,84,0,2659.0,4147.0,0.6411864
6,84,1,4092.0,4147.0,0.98673743
6,84,2,4147.0,4147.0,1.0
6,85,0,2659.0,4220.0,0.63009477
6,85,1,4092.0,4220.0,0.96966827
6,85,2,4220.0,4220.0,1.0
6,86,0,2659.0,4255.0,0.62491184
6,86,1,4255.0,4255.0,1.0
6,86,2,4220.0,4255.0,0.9917744
6,87,0,2659.0,4304.0,0.6177974
6,87,1,4304.0,4304.0,1.0
6,87,2,4220.0,4304.0,0.9804833
6,88,0,2659.0,4345.0,0.6119678
6,88,1,4345.0,4345.0,1.0
6,88,2,4220.0,4345.0,0.9712313
6,89,0,2659.0,4375.0,0.60777146
6,89,1,4375.0,4375.0,1.0
6,89,2,4220.0,4375.0,0.9645714
6,90,0,2659.0,4420.0,0.6015837
6,90,1,4375.0,4420.0,0.989819
6,90,2,4420.0,4420.0,1.0
6,91,0,2659.0,4451.0,0.5973939
6,91,1,4451.0,4451.0,1.0
6,91,2,4420.0,4451.0,0.99303526
6,92,0,2659.0,4501.0,0.5907576
6,92,1,4501.0,4501.0,1.0
6,92,2,4420.0,4501.0,0.982004
6,93,0,2659.0,4535.0,0.58632857
6,93,1,4535.0,4535.0,1.0
6,93,2,4420.0,4535.0,0.9746417
6,94,0,2659.0,4572.0,0.58158356
6,94,1,4572.0,4572.0,1.0
6,94,2,4420.0,4572.0,0.96675414
6,95,0,2659.0,4620.0,0.57554114
6,95,1,4620.0,4620.0,1.0
6,95,2,4420.0,4620.0,0.95671
6,96,0,2659.0,4662.0,0.5703561
6,96,1,4662.0,4662.0,1.0
6,96,2,4420.0,4662.0,0.948091
6,97,0,2659.0,4693.0,0.5665885
6,97,1,4693.0,4693.0,1.0
6,97,2,4420.0,4693.0,0.94182825
6,98,0,2659.0,4729.0,0.56227535
6,98,1,4729.0,4729.0,1.0
6,98,2,4420.0,4729.0,0.93465847
6,99,0,2659.0,4798.0,0.55418926
6,99,1,4729.0,4798.0,0.985619
6,99,2,4798.0,4798.0,1.0
6,100,0,2659.0,4836.0,0.54983455
6,100,1,4729.0,4836.0,0.9778743
6,100,2,4836.0,4836.0,1.0
6,101,0,2659.0,4881.0,0.5447654
6,101,1,4881.0,4881.0,1.0
6,101,2,4836.0,4881.0,0.9907806
6,102,0,2659.0,4914.0,0.54110706
6,102,1,4914.0,4914.0,1.0
6,102,2,4836.0,4914.0,0.984127
6,103,0,2659.0,4954.0,0.536738
6,103,1,4914.0,4954.0,0.9919257
6,103,2,4954.0,4954.0,1.0
6,104,0,2659.0,4997.0,0.5321193
6,104,1,4997.0,4997.0,1.0
6,104,2,4954.0,4997.0,0.9913948
6,105,0,2659.0,5048.0,0.5267433
6,105,1,4997.0,5048.0,0.989897
6,105,2,5048.0,5048.0,1.0
6,106,0,2659.0,5098.0,0.52157706
6,106,1,5098.0,5098.0,1.0
6,106,2,5048.0,5098.0,0.99019223
6,107,0,2659.0,5141.0,0.51721454
6,107,1,5141.0,5141.0,1.0
6,107,2,5048.0,5141.0,0.9819101
6,108,0,2659.0,5214.0,0.50997317
6,108,1,5141.0,5214.0,0.9859992
6,108,2,5214.0,5214.0,1.0
6,109,0,2659.0,5256.0,0.505898
6,109,1,5256.0,5256.0,1.0
6,109,2,5214.0,5256.0,0.9920091
6,110,0,2659.0,5301.0,0.5016035
6,110,1,5301.0,5301.0,1.0
6,110,2,5214.0,5301.0,0.983588
6,111,0,2659.0,5365.0,0.49561974
6,111,1,5301.0,5365.0,0.98807085
6,111,2,5365.0,5365.0,1.0
6,112,0,2659.0,5402.0,0.4922251
6,112,1,5402.0,5402.0,1.0
6,112,2,5365.0,5402.0,0.9931507
6,113,0,2659.0,5440.0,0.48878676
6,113,1,5440.0,5440.0,1.0
6,113,2,5365.0,5440.0,0.9862132
6,114,0,2659.0,5472.0,0.48592836
6,114,1,5472.0,5472.0,1.0
6,114,2,5365.0,5472.0,0.9804459
6,115,0,2659.0,5533.0,0.48057112
6,115,1,5472.0,5533.0,0.9889752
6,115,2,5533.0,5533.0,1.0
6,116,0,2659.0,5575.0,0.47695068
6,116,1,5575.0,5575.0,1.0
6,116,2,5533.0,5575.0,0.9924664
6,117,0,2659.0,5625.0,0.47271112
6,117,1,5625.0,5625.0,1.0
6,117,2,5533.0,5625.0,0.9836444
6,118,0,2659.0,5657.0,0.47003713
6,118,1,5657.0,5657.0,1.0
6,118,2,5533.0,5657.0,0.9780803
6,119,0,2659.0,5707.0,0.46591905
6,119,1,5707.0,5707.0,1.0
6,119,2,5533.0,5707.0,0.96951115
6,120,0,2659.0,5741.0,0.46315974
6,120,1,5741.0,5741.0,1.0
6,120,2,5533.0,5741.0,0.9637694
6,121,0,2659.0,5782.0,0.45987546
6,121,1,5782.0,5782.0,1.0
6,121,2,5533.0,5782.0,0.95693535
6,122,0,2659.0,5815.0,0.4572657
6,122,1,5782.0,5815.0,0.99432504
6,122,2,5815.0,5815.0,1.0
6,123,0,2659.0,5853.0,0.45429695
6,123,1,5853.0,5853.0,1.0
6,123,2,5815.0,5853.0,0.9935076
6,124,0,2659.0,5879.0,0.4522878
6,124,1,5879.0,5879.0,1.0
6,124,2,5815.0,5879.0,0.9891138
6,125,0,2659.0,5923.0,0.4489279
6,125,1,5923.0,5923.0,1.0
6,125,2,5815.0,5923.0,0.981766
6,126,0,2659.0,5954.0,0.4465905
6,126,1,5923.0,5954.0,0.9947934
6,126,2,5954.0,5954.0,1.0
6,127,0,2659.0,5998.0,0.44331443
6,127,1,5998.0,5998.0,1.0
6,127,2,5954.0,5998.0,0.9926642
6,128,0,2659.0,6048.0,0.43964946
6,128,1,6048.0,6048.0,1.0
6,128,2,5954.0,6048.0,0.9844577
6,129,0,2659.0,6092.0,0.43647406
6,129,1,6092.0,6092.0,1.0
6,129,2,5954.0,6092.0,0.9773473
6,130,0,2659.0,6124.0,0.43419334
6,130,1,6124.0,6124.0,1.0
6,130,2,5954.0,6124.0,0.9722404
6,131,0,2659.0,6165.0,0.43130577
6,131,1,6124.0,6165.0,0.99334955
6,131,2,6165.0,6165.0,1.0
6,132,0,2659.0,6206.0,0.42845634
6,132,1,6206.0,6206.0,1.0
6,132,2,6165.0,6206.0,0.9933935
6,133,0,2659.0,6247.0,0.4256443
6,133,1,6247.0,6247.0,1.0
6,133,2,6165.0,6247.0,0.9868737
6,134,0,2659.0,6277.0,0.42361
6,134,1,6277.0,6277.0,1.0
6,134,2,6165.0,6277.0,0.9821571
7,1,0,31.0,31.0,1.0
7,1,1,0.0,31.0,0.0
7,1,2,0.0,31.0,0.0
7,2,0,86.0,86.0,1.0
7,2,1,0.0,86.0,0.0
7,2,2,0.0,86.0,0.0
7,3,0,166.0,166.0,1.0
7,3,1,0.0,166.0,0.0
7,3,2,0.0,166.0,0.0
7,4,0,224.0,224.0,1.0
7,4,1,0.0,224.0,0.0
7,4,2,0.0,224.0,0.0
7,5,0,224.0,246.0,0.91056913
7,5,1,246.0,246.0,1.0
7,5,2,0.0,246.0,0.0
7,6,0,224.0,296.0,0.7567568
7,6,1,296.0,296.0,1.0
7,6,2,0.0,296.0,0.0
7,7,0,224.0,341.0,0.6568915
7,7,1,296.0,341.0,0.8680352
7,7,2,341.0,341.0,1.0
7,8,0,224.0,377.0,0.59416443
7,8,1,377.0,377.0,1.0
7,8,2,341.0,377.0,0.9045093
7,9,0,224.0,414.0,0.5410628
7,9,1,377.0,414.0,0.910628
7,9,2,414.0,414.0,1.0
7,10,0,224.0,450.0,0.4977778
7,10,1,450.0,450.0,1.0
7,10,2,414.0,450.0,0.92
7,11,0,509.0,509.0,1.0
7,11,1,450.0,509.0,0.88408643
7,11,2,414.0,509.0,0.8133595
7,12,0,585.0,585.0,1.0
7,12,1,450.0,585.0,0.7692308
7,12,2,414.0,585.0,0.7076923
7,13,0,642.0,642.0,1.0
7,13,1,450.0,642.0,0.7009346
7,13,2,414.0,642.0,0.6448598
7,14,0,718.0,718.0,1.0
7,14,1,450.0,718.0,0.62674093
7,14,2,414.0,718.0,0.5766017
7,15,0,718.0,763.0,0.9410223
7,15,1,763.0,763.0,1.0
7,15,2,414.0,763.0,0.542595
7,16,0,718.0,800.0,0.8975
7,16,1,763.0,800.0,0.95375
7,16,2,800.0,800.0,1.0
7,17,0,718.0,846.0,0.84869975
7,17,1,846.0,846.0,1.0
7,17,2,800.0,846.0,0.9456265
7,18,0,912.0,912.0,1.0
7,18,1,846.0,912.0,0.92763156
7,18,2,800.0,912.0,0.877193
7,19,0,912.0,947.0,0.9630412
7,19,1,947.0,947.0,1.0
7,19,2,800.0,947.0,0.844773
7,20,0,997.0,997.0,1.0
7,20,1,947.0,997.0,0.94984955
7,20,2,800.0,997.0,0.8024072
7,21,0,997.0,1035.0,0.963285
7,21,1,1035.0,1035.0,1.0
7,21,2,800.0,1035.0,0.77294683
7,22,0,1106.0,1106.0,1.0
7,22,1,1035.0,1106.0,0.9358047
7,22,2,800.0,1106.0,0.7233273
7,23,0,1106.0,1157.0,0.95592046
7,23,1,1035.0,1157.0,0.8945549
7,23,2,1157.0,1157.0,1.0
7,24,0,1106.0,1206.0,0.91708124
7,24,1,1035.0,1206.0,0.85820895
7,24,2,1206.0,1206.0,1.0
7,25,0,1106.0,1246.0,0.8876405
7,25,1,1035.0,1246.0,0.8306581
7,25,2,1246.0,1246.0,1.0
7,26,0,1106.0,1284.0,0.86137074
7,26,1,1284.0,1284.0,1.0
7,26,2,1246.0,1284.0,0.970405
7,27,0,1347.0,1347.0,1.0
7,27,1,1284.0,1347.0,0.9532294
7,27,2,1246.0,1347.0,0.92501855
7,28,0,1347.0,1380.0,0.976087
7,28,1,1380.0,1380.0,1.0
7,28,2,1246.0,1380.0,0.90289855
7,29,0,1347.0,1413.0,0.9532909
7,29,1,1413.0,1413.0,1.0
7,29,2,1246.0,1413.0,0.88181174
7,30,0,1488.0,1488.0,1.0
7,30,1,1413.0,1488.0,0.94959676
7,30,2,1246.0,1488.0,0.83736557
7,31,0,1536.0,1536.0,1.0
7,31,1,1413.0,1536.0,0.9199219
7,31,2,1246.0,1536.0,0.81119794
7,32,0,1592.0,1592.0,1.0
7,32,1,1413.0,1592.0,0.8875628
7,32,2,1246.0,1592.0,0.78266335
7,33,0,1592.0,1617.0,0.9845393
7,33,1,1617.0,1617.0,1.0
7,33,2,1246.0,1617.0,0.77056277
7,34,0,1592.0,1652.0,0.9636804
7,34,1,1652.0,1652.0,1.0
7,34,2,1246.0,1652.0,0.7542373
7,35,0,1726.0,1726.0,1.0
7,35,1,1652.0,1726.0,0.9571263
7,35,2,1246.0,1726.0,0.72190034
7,36,0,1726.0,1769.0,0.9756925
7,36,1,1652.0,1769.0,0.93386096
7,36,2,1769.0,1769.0,1.0
7,37,0,1726.0,1804.0,0.95676273
7,37,1,1804.0,1804.0,1.0
7,37,2,1769.0,1804.0,0.9805987
7,38,0,1726.0,1848.0,0.9339827
7,38,1,1804.0,1848.0,0.97619045
7,38,2,1848.0,1848.0,1.0
7,39,0,1726.0,1896.0,0.91033757
7,39,1,1896.0,1896.0,1.0
7,39,2,1848.0,1896.0,0.9746835
7,40,0,1726.0,1937.0,0.89106864
7,40,1,1896.0,1937.0,0.97883326
7,40,2,1937.0,1937.0,1.0
7,41,0,1726.0,1979.0,0.87215763
7,41,1,1979.0,1979.0,1.0
7,41,2,1937.0,1979.0,0.97877717
7,42,0,1726.0,2036.0,0.84774065
7,42,1,1979.0,2036.0,0.97200394
7,42,2,2036.0,2036.0,1.0
7,43,0,1726.0,2081.0,0.82940894
7,43,1,2081.0,2081.0,1.0
7,43,2,2036.0,2081.0,0.9783758
7,44,0,1726.0,2124.0,0.8126177
7,44,1,2124.0,2124.0,1.0
7,44,2,2036.0,2124.0,0.95856875
7,45,0,1726.0,2165.0,0.79722863
7,45,1,2165.0,2165.0,1.0
7,45,2,2036.0,2165.0,0.9404157
7,46,0,1726.0,2207.0,0.7820571
7,46,1,2207.0,2207.0,1.0
7,46,2,2036.0,2207.0,0.92251927
7,47,0,1726.0,2272.0,0.7596831
7,47,1,2207.0,2272.0,0.97139084
7,47,2,2272.0,2272.0,1.0
7,48,0,1726.0,2304.0,0.7491319
7,48,1,2304.0,2304.0,1.0
7,48,2,2272.0,2304.0,0.9861111
7,49,0,1726.0,2348.0,0.7350937
7,49,1,2348.0,2348.0,1.0
7,49,2,2272.0,2348.0,0.96763206
7,50,0,2407.0,2407.0,1.0
7,50,1,2348.0,2407.0,0.9754882
7,50,2,2272.0,2407.0,0.9439136
7,51,0,2407.0,2455.0,0.98044807
7,51,1,2455.0,2455.0,1.0
7,51,2,2272.0,2455.0,0.92545825
7,52,0,2520.0,2520.0,1.0
7,52,1,2455.0,2520.0,0.9742063
7,52,2,2272.0,2520.0,0.9015873
7,53,0,2520.0,2557.0,0.9855299
7,53,1,2557.0,2557.0,1.0
7,53,2,2272.0,2557.0,0.8885413
7,54,0,2520.0,2597.0,0.9703504
7,54,1,2597.0,2597.0,1.0
7,54,2,2272.0,2597.0,0.8748556
7,55,0,2520.0,2628.0,0.9589041
7,55,1,2597.0,2628.0,0.98820394
7,55,2,2628.0,2628.0,1.0
7,56,0,2709.0,2709.0,1.0
7,56,1,2597.0,2709.0,0.9586563
7,56,2,2628.0,2709.0,0.9700997
7,57,0,2709.0,2742.0,0.987965
7,57,1,2742.0,2742.0,1.0
7,57,2,2628.0,2742.0,0.9584245
7,58,0,2709.0,2784.0,0.97306037
7,58,1,2784.0,2784.0,1.0
7,58,2,2628.0,2784.0,0.9439655
7,59,0,2709.0,2815.0,0.9623446
7,59,1,2815.0,2815.0,1.0
7,59,2,2628.0,2815.0,0.93357015
7,60,0,2709.0,2858.0,0.94786566
7,60,1,2858.0,2858.0,1.0
7,60,2,2628.0,2858.0,0.91952413
7,61,0,2709.0,2895.0,0.9357513
7,61,1,2858.0,2895.0,0.98721933
7,61,2,2895.0,2895.0,1.0
7,62,0,2709.0,2931.0,0.92425793
7,62,1,2931.0,2931.0,1.0
7,62,2,2895.0,2931.0,0.9877175
7,63,0,2709.0,2972.0,0.9115074
7,63,1,2972.0,2972.0,1.0
7,63,2,2895.0,2972.0,0.97409153
7,64,0,2709.0,3007.0,0.9008979
7,64,1,3007.0,3007.0,1.0
7,64,2,2895.0,3007.0,0.9627536
7,65,0,2709.0,3046.0,0.8893631
7,65,1,3007.0,3046.0,0.9871963
7,65,2,3046.0,3046.0,1.0
7,66,0,2709.0,3100.0,0.87387097
7,66,1,3007.0,3100.0,0.97
7,66,2,3100.0,3100.0,1.0
7,67,0,2709.0,3173.0,0.85376614
7,67,1,3007.0,3173.0,0.9476836
7,67,2,3173.0,3173.0,1.0
7,68,0,2709.0,3210.0,0.84392524
7,68,1,3210.0,3210.0,1.0
7,68,2,3173.0,3210.0,0.98847353
7,69,0,2709.0,3265.0,0.82970905
7,69,1,3210.0,3265.0,0.98315465
7,69,2,3265.0,3265.0,1.0
7,70,0,2709.0,3334.0,0.8125375
7,70,1,3210.0,3334.0,0.9628074
7,70,2,3334.0,3334.0,1.0
7,71,0,2709.0,3368.0,0.80433494
7,71,1,3368.0,3368.0,1.0
7,71,2,3334.0,3368.0,0.989905
7,72,0,2709.0,3442.0,0.78704244
7,72,1,3368.0,3442.0,0.97850084
7,72,2,3442.0,3442.0,1.0
7,73,0,2709.0,3487.0,0.77688557
7,73,1,3487.0,3487.0,1.0
7,73,2,3442.0,3487.0,0.98709494
7,74,0,2709.0,3522.0,0.7691652
7,74,1,3487.0,3522.0,0.9900625
7,74,2,3522.0,3522.0,1.0
7,75,0,2709.0,3567.0,0.75946176
7,75,1,3487.0,3567.0,0.9775722
7,75,2,3567.0,3567.0,1.0
7,76,0,2709.0,3612.0,0.75
7,76,1,3487.0,3612.0,0.9653931
7,76,2,3612.0,3612.0,1.0
7,77,0,3674.0,3674.0,1.0
7,77,1,3487.0,3674.0,0.9491018
7,77,2,3612.0,3674.0,0.9831247
7,78,0,3674.0,3708.0,0.99083066
7,78,1,3487.0,3708.0,0.9403991
7,78,2,3708.0,3708.0,1.0
7,79,0,3674.0,3753.0,0.9789502
7,79,1,3753.0,3753.0,1.0
7,79,2,3708.0,3753.0,0.9880096
7,80,0,3674.0,3795.0,0.9681159
7,80,1,3795.0,3795.0,1.0
7,80,2,3708.0,3795.0,0.9770751
7,81,0,3674.0,3844.0,0.95577526
7,81,1,3844.0,3844.0,1.0
7,81,2,3708.0,3844.0,0.9646202
7,82,0,3674.0,3877.0,0.94763994
7,82,1,3877.0,3877.0,1.0
7,82,2,3708.0,3877.0,0.9564096
7,83,0,3674.0,3927.0,0.93557423
7,83,1,3927.0,3927.0,1.0
7,83,2,3708.0,3927.0,0.9442322
7,84,0,3674.0,3983.0,0.92242026
7,84,1,3927.0,3983.0,0.9859402
7,84,2,3983.0,3983.0,1.0
7,85,0,3674.0,4018.0,0.91438526
7,85,1,4018.0,4018.0,1.0
7,85,2,3983.0,4018.0,0.9912892
7,86,0,3674.0,4061.0,0.90470326
7,86,1,4061.0,4061.0,1.0
7,86,2,3983.0,4061.0,0.9807929
7,87,0,3674.0,4098.0,0.8965349
7,87,1,4098.0,4098.0,1.0
7,87,2,3983.0,4098.0,0.97193754
7,88,0,3674.0,4147.0,0.8859416
7,88,1,4147.0,4147.0,1.0
7,88,2,3983.0,4147.0,0.96045333
7,89,0,3674.0,4189.0,0.877059
7,89,1,4147.0,4189.0,0.9899737
7,89,2,4189.0,4189.0,1.0
7,90,0,3674.0,4239.0,0.8667138
7,90,1,4239.0,4239.0,1.0
7,90,2,4189.0,4239.0,0.9882048
7,91,0,3674.0,4276.0,0.85921425
7,91,1,4276.0,4276.0,1.0
7,91,2,4189.0,4276.0,0.9796539
7,92,0,3674.0,4316.0,0.8512512
7,92,1,4316.0,4316.0,1.0
7,92,2,4189.0,4316.0,0.9705746
7,93,0,3674.0,4357.0,0.84324074
7,93,1,4357.0,4357.0,1.0
7,93,2,4189.0,4357.0,0.96144134
7,94,0,3674.0,4399.0,0.8351898
7,94,1,4399.0,4399.0,1.0
7,94,2,4189.0,4399.0,0.95226187
7,95,0,3674.0,4468.0,0.82229185
7,95,1,4399.0,4468.0,0.98455685
7,95,2,4468.0,4468.0,1.0
7,96,0,3674.0,4514.0,0.8139123
7,96,1,4514.0,4514.0,1.0
7,96,2,4468.0,4514.0,0.98980945
7,97,0,3674.0,4557.0,0.80623215
7,97,1,4557.0,4557.0,1.0
7,97,2,4468.0,4557.0,0.9804696
7,98,0,3674.0,4597.0,0.79921687
7,98,1,4557.0,4597.0,0.9912987
7,98,2,4597.0,4597.0,1.0
7,99,0,3674.0,4635.0,0.7926645
7,99,1,4635.0,4635.0,1.0
7,99,2,4597.0,4635.0,0.9918015
7,100,0,3674.0,4668.0,0.78706086
7,100,1,4668.0,4668.0,1.0
7,100,2,4597.0,4668.0,0.9847901
7,101,0,3674.0,4707.0,0.78053963
7,101,1,4707.0,4707.0,1.0
7,101,2,4597.0,4707.0,0.97663057
7,102,0,3674.0,4750.0,0.7734737
7,102,1,4750.0,4750.0,1.0
7,102,2,4597.0,4750.0,0.9677895
7,103,0,3674.0,4780.0,0.76861924
7,103,1,4780.0,4780.0,1.0
7,103,2,4597.0,4780.0,0.96171546
7,104,0,3674.0,4830.0,0.7606625
7,104,1,4830.0,4830.0,1.0
7,104,2,4597.0,4830.0,0.9517598
7,105,0,3674.0,4861.0,0.7558116
7,105,1,4861.0,4861.0,1.0
7,105,2,4597.0,4861.0,0.9456902
7,106,0,3674.0,4905.0,0.7490316
7,106,1,4905.0,4905.0,1.0
7,106,2,4597.0,4905.0,0.9372069
7,107,0,3674.0,4939.0,0.74387527
7,107,1,4939.0,4939.0,1.0
7,107,2,4597.0,4939.0,0.9307552
7,108,0,3674.0,4989.0,0.7364201
7,108,1,4989.0,4989.0,1.0
7,108,2,4597.0,4989.0,0.92142713
7,109,0,3674.0,5024.0,0.7312898
7,109,1,5024.0,5024.0,1.0
7,109,2,4597.0,5024.0,0.91500795
7,110,0,3674.0,5056.0,0.7266614
7,110,1,5056.0,5056.0,1.0
7,110,2,4597.0,5056.0,0.90921676
7,111,0,3674.0,5097.0,0.7208162
7,111,1,5056.0,5097.0,0.99195606
7,111,2,5097.0,5097.0,1.0
7,112,0,3674.0,5138.0,0.7150642
7,112,1,5138.0,5138.0,1.0
7,112,2,5097.0,5138.0,0.99202025
7,113,0,3674.0,5211.0,0.705047
7,113,1,5138.0,5211.0,0.9859912
7,113,2,5211.0,5211.0,1.0
7,114,0,3674.0,5279.0,0.6959652
7,114,1,5138.0,5279.0,0.9732904
7,114,2,5279.0,5279.0,1.0
7,115,0,3674.0,5323.0,0.6902123
7,115,1,5138.0,5323.0,0.9652452
7,115,2,5323.0,5323.0,1.0
7,116,0,3674.0,5365.0,0.68480897
7,116,1,5365.0,5365.0,1.0
7,116,2,5323.0,5365.0,0.99217147
7,117,0,3674.0,5397.0,0.6807486
7,117,1,5397.0,5397.0,1.0
7,117,2,5323.0,5397.0,0.98628867
7,118,0,3674.0,5437.0,0.6757403
7,118,1,5437.0,5437.0,1.0
7,118,2,5323.0,5437.0,0.9790326
7,119,0,3674.0,5482.0,0.6701934
7,119,1,5482.0,5482.0,1.0
7,119,2,5323.0,5482.0,0.97099596
7,120,0,3674.0,5546.0,0.66245943
7,120,1,5482.0,5546.0,0.9884601
7,120,2,5546.0,5546.0,1.0
7,121,0,3674.0,5616.0,0.6542023
7,121,1,5482.0,5616.0,0.9761396
7,121,2,5616.0,5616.0,1.0
7,122,0,3674.0,5682.0,0.6466033
7,122,1,5482.0,5682.0,0.96480113
7,122,2,5682.0,5682.0,1.0
7,123,0,3674.0,5715.0,0.64286965
7,123,1,5482.0,5715.0,0.9592301
7,123,2,5715.0,5715.0,1.0
7,124,0,3674.0,5758.0,0.6380688
7,124,1,5758.0,5758.0,1.0
7,124,2,5715.0,5758.0,0.99253213
7,125,0,3674.0,5826.0,0.6306214
7,125,1,5758.0,5826.0,0.98832816
7,125,2,5826.0,5826.0,1.0
7,126,0,3674.0,5868.0,0.6261077
7,126,1,5758.0,5868.0,0.9812543
7,126,2,5868.0,5868.0,1.0
7,127,0,3674.0,5924.0,0.6201891
7,127,1,5758.0,5924.0,0.97197837
7,127,2,5924.0,5924.0,1.0
7,128,0,3674.0,5957.0,0.6167534
7,128,1,5957.0,5957.0,1.0
7,128,2,5924.0,5957.0,0.9944603
7,129,0,3674.0,6012.0,0.6111111
7,129,1,5957.0,6012.0,0.99085164
7,129,2,6012.0,6012.0,1.0
7,130,0,3674.0,6062.0,0.6060706
7,130,1,6062.0,6062.0,1.0
7,130,2,6012.0,6062.0,0.9917519
7,131,0,3674.0,6095.0,0.60278916
7,131,1,6095.0,6095.0,1.0
7,131,2,6012.0,6095.0,0.9863823
7,132,0,3674.0,6148.0,0.5975927
7,132,1,6095.0,6148.0,0.9913793
7,132,2,6148.0,6148.0,1.0
7,133,0,3674.0,6221.0,0.5905803
7,133,1,6095.0,6221.0,0.97974604
7,133,2,6221.0,6221.0,1.0
7,134,0,3674.0,6277.0,0.5853115
7,134,1,6095.0,6277.0,0.97100526
7,134,2,6277.0,6277.0,1.0
8,1,0,35.0,35.0,1.0
8,1,1,0.0,35.0,0.0
8,1,2,0.0,35.0,0.0
8,2,0,83.0,83.0,1.0
8,2,1,0.0,83.0,0.0
8,2,2,0.0,83.0,0.0
8,3,0,139.0,139.0,1.0
8,3,1,0.0,139.0,0.0
8,3,2,0.0,139.0,0.0
8,4,0,194.0,194.0,1.0
8,4,1,0.0,194.0,0.0
8,4,2,0.0,194.0,0.0
8,5,0,266.0,266.0,1.0
8,5,1,0.0,266.0,0.0
8,5,2,0.0,266.0,0.0
8,6,0,344.0,344.0,1.0
8,6,1,0.0,344.0,0.0
8,6,2,0.0,344.0,0.0
8,7,0,425.0,425.0,1.0
8,7,1,0.0,425.0,0.0
8,7,2,0.0,425.0,0.0
8,8,0,425.0,445.0,0.9550562
8,8,1,445.0,445.0,1.0
8,8,2,0.0,445.0,0.0
8,9,0,507.0,507.0,1.0
8,9,1,445.0,507.0,0.877712
8,9,2,0.0,507.0,0.0
8,10,0,583.0,583.0,1.0
8,10,1,445.0,583.0,0.7632933
8,10,2,0.0,583.0,0.0
8,11,0,583.0,623.0,0.93579453
8,11,1,623.0,623.0,1.0
8,11,2,0.0,623.0,0.0
8,12,0,703.0,703.0,1.0
8,12,1,623.0,703.0,0.886202
8,12,2,0.0,703.0,0.0
8,13,0,703.0,733.0,0.9590723
8,13,1,733.0,733.0,1.0
8,13,2,0.0,733.0,0.0
8,14,0,799.0,799.0,1.0
8,14,1,733.0,799.0,0.9173967
8,14,2,0.0,799.0,0.0
8,15,0,799.0,842.0,0.9489311
8,15,1,842.0,842.0,1.0
8,15,2,0.0,842.0,0.0
8,16,0,799.0,882.0,0.9058957
8,16,1,882.0,882.0,1.0
8,16,2,0.0,882.0,0.0
8,17,0,947.0,947.0,1.0
8,17,1,882.0,947.0,0.9313622
8,17,2,0.0,947.0,0.0
8,18,0,947.0,976.0,0.9702869
8,18,1,882.0,976.0,0.90368855
8,18,2,976.0,976.0,1.0
8,19,0,947.0,1007.0,0.94041705
8,19,1,1007.0,1007.0,1.0
8,19,2,976.0,1007.0,0.9692155
8,20,0,1066.0,1066.0,1.0
8,20,1,1007.0,1066.0,0.9446529
8,20,2,976.0,1066.0,0.9155722
8,21,0,1066.0,1102.0,0.9673321
8,21,1,1102.0,1102.0,1.0
8,21,2,976.0,1102.0,0.88566244
8,22,0,1066.0,1151.0,0.92615116
8,22,1,1102.0,1151.0,0.95742834
8,22,2,1151.0,1151.0,1.0
8,23,0,1066.0,1194.0,0.8927973
8,23,1,1194.0,1194.0,1.0
8,23,2,1151.0,1194.0,0.9639866
8,24,0,1066.0,1227.0,0.8687857
8,24,1,1227.0,1227.0,1.0
8,24,2,1151.0,1227.0,0.9380603
8,25,0,1286.0,1286.0,1.0
8,25,1,1227.0,1286.0,0.9541213
8,25,2,1151.0,1286.0,0.89502335
8,26,0,1286.0,1356.0,0.9483776
8,26,1,1227.0,1356.0,0.90486723
8,26,2,1356.0,1356.0,1.0
8,27,0,1286.0,1401.0,0.91791576
8,27,1,1401.0,1401.0,1.0
8,27,2,1356.0,1401.0,0.9678801
8,28,0,1286.0,1451.0,0.8862853
8,28,1,1401.0,1451.0,0.965541
8,28,2,1451.0,1451.0,1.0
8,29,0,1286.0,1485.0,0.86599326
8,29,1,1401.0,1485.0,0.94343436
8,29,2,1485.0,1485.0,1.0
8,30,0,1286.0,1527.0,0.8421742
8,30,1,1401.0,1527.0,0.91748524
8,30,2,1527.0,1527.0,1.0
8,31,0,1286.0,1567.0,0.82067645
8,31,1,1567.0,1567.0,1.0
8,31,2,1527.0,1567.0,0.97447354
8,32,0,1286.0,1610.0,0.7987578
8,32,1,1567.0,1610.0,0.97329193
8,32,2,1610.0,1610.0,1.0
8,33,0,1286.0,1674.0,0.7682198
8,33,1,1567.0,1674.0,0.93608123
8,33,2,1674.0,1674.0,1.0
8,34,0,1286.0,1707.0,0.7533685
8,34,1,1707.0,1707.0,1.0
8,34,2,1674.0,1707.0,0.9806678
8,35,0,1783.0,1783.0,1.0
8,35,1,1707.0,1783.0,0.9573752
8,35,2,1674.0,1783.0,0.9388671
8,36,0,1783.0,1826.0,0.9764513
8,36,1,1826.0,1826.0,1.0
8,36,2,1674.0,1826.0,0.91675794
8,37,0,1884.0,1884.0,1.0
8,37,1,1826.0,1884.0,0.96921444
8,37,2,1674.0,1884.0,0.888535
8,38,0,1884.0,1920.0,0.98125
8,38,1,1920.0,1920.0,1.0
8,38,2,1674.0,1920.0,0.871875
8,39,0,1884.0,1971.0,0.95585996
8,39,1,1920.0,1971.0,0.9741248
8,39,2,1971.0,1971.0,1.0
8,40,0,2045.0,2045.0,1.0
8,40,1,1920.0,2045.0,0.9388753
8,40,2,1971.0,2045.0,0.9638142
8,41,0,2045.0,2086.0,0.98034513
8,41,1,2086.0,2086.0,1.0
8,41,2,1971.0,2086.0,0.9448706
8,42,0,2045.0,2129.0,0.9605449
8,42,1,2129.0,2129.0,1.0
8,42,2,1971.0,2129.0,0.92578673
8,43,0,2045.0,2173.0,0.94109523
8,43,1,2173.0,2173.0,1.0
8,43,2,1971.0,2173.0,0.90704095
8,44,0,2045.0,2208.0,0.92617756
8,44,1,2208.0,2208.0,1.0
8,44,2,1971.0,2208.0,0.89266306
8,45,0,2045.0,2246.0,0.91050756
8,45,1,2246.0,2246.0,1.0
8,45,2,1971.0,2246.0,0.8775601
8,46,0,2045.0,2288.0,0.8937937
8,46,1,2246.0,2288.0,0.9816434
8,46,2,2288.0,2288.0,1.0
8,47,0,2045.0,2330.0,0.8776824
8,47,1,2330.0,2330.0,1.0
8,47,2,2288.0,2330.0,0.98197424
8,48,0,2045.0,2373.0,0.8617783
8,48,1,2373.0,2373.0,1.0
8,48,2,2288.0,2373.0,0.96418035
8,49,0,2045.0,2406.0,0.8499584
8,49,1,2406.0,2406.0,1.0
8,49,2,2288.0,2406.0,0.9509559
8,50,0,2045.0,2442.0,0.83742833
8,50,1,2406.0,2442.0,0.985258
8,50,2,2442.0,2442.0,1.0
8,51,0,2045.0,2492.0,0.820626
8,51,1,2492.0,2492.0,1.0
8,51,2,2442.0,2492.0,0.97993577
8,52,0,2045.0,2553.0,0.8010184
8,52,1,2492.0,2553.0,0.9761065
8,52,2,2553.0,2553.0,1.0
8,53,0,2045.0,2592.0,0.78896606
8,53,1,2492.0,2592.0,0.96141976
8,53,2,2592.0,2592.0,1.0
8,54,0,2045.0,2661.0,0.7685081
8,54,1,2492.0,2661.0,0.93649006
8,54,2,2661.0,2661.0,1.0
8,55,0,2045.0,2717.0,0.7526684
8,55,1,2492.0,2717.0,0.91718805
8,55,2,2717.0,2717.0,1.0
8,56,0,2045.0,2754.0,0.7425563
8,56,1,2492.0,2754.0,0.9048656
8,56,2,2754.0,2754.0,1.0
8,57,0,2045.0,2795.0,0.7316637
8,57,1,2492.0,2795.0,0.89159214
8,57,2,2795.0,2795.0,1.0
8,58,0,2045.0,2863.0,0.71428573
8,58,1,2492.0,2863.0,0.8704156
8,58,2,2863.0,2863.0,1.0
8,59,0,2045.0,2927.0,0.6986676
8,59,1,2492.0,2927.0,0.8513837
8,59,2,2927.0,2927.0,1.0
8,60,0,2045.0,2977.0,0.68693316
8,60,1,2977.0,2977.0,1.0
8,60,2,2927.0,2977.0,0.98320454
8,61,0,2045.0,3014.0,0.67850035
8,61,1,3014.0,3014.0,1.0
8,61,2,2927.0,3014.0,0.9711347
8,62,0,3079.0,3079.0,1.0
8,62,1,3014.0,3079.0,0.9788892
8,62,2,2927.0,3079.0,0.95063335
8,63,0,3079.0,3117.0,0.98780876
8,63,1,3117.0,3117.0,1.0
8,63,2,2927.0,3117.0,0.93904394
8,64,0,3079.0,3157.0,0.975293
8,64,1,3157.0,3157.0,1.0
8,64,2,2927.0,3157.0,0.927146
8,65,0,3079.0,3230.0,0.95325077
8,65,1,3157.0,3230.0,0.9773994
8,65,2,3230.0,3230.0,1.0
8,66,0,3079.0,3270.0,0.9415902
8,66,1,3157.0,3270.0,0.96544343
8,66,2,3270.0,3270.0,1.0
8,67,0,3079.0,3305.0,0.93161875
8,67,1,3305.0,3305.0,1.0
8,67,2,3270.0,3305.0,0.98941
8,68,0,3079.0,3370.0,0.91364986
8,68,1,3305.0,3370.0,0.9807122
8,68,2,3370.0,3370.0,1.0
8,69,0,3079.0,3420.0,0.9002924
8,69,1,3420.0,3420.0,1.0
8,69,2,3370.0,3420.0,0.9853801
8,70,0,3079.0,3455.0,0.89117223
8,70,1,3455.0,3455.0,1.0
8,70,2,3370.0,3455.0,0.97539794
8,71,0,3079.0,3490.0,0.88223493
8,71,1,3490.0,3490.0,1.0
8,71,2,3370.0,3490.0,0.96561605
8,72,0,3079.0,3539.0,0.8700198
8,72,1,3539.0,3539.0,1.0
8,72,2,3370.0,3539.0,0.95224637
8,73,0,3610.0,3610.0,1.0
8,73,1,3539.0,3610.0,0.98033243
8,73,2,3370.0,3610.0,0.933518
8,74,0,3610.0,3656.0,0.98741794
8,74,1,3656.0,3656.0,1.0
8,74,2,3370.0,3656.0,0.9217724
8,75,0,3610.0,3693.0,0.97752506
8,75,1,3656.0,3693.0,0.98998106
8,75,2,3693.0,3693.0,1.0
8,76,0,3610.0,3725.0,0.96912754
8,76,1,3725.0,3725.0,1.0
8,76,2,3693.0,3725.0,0.9914094
8,77,0,3610.0,3763.0,0.95934093
8,77,1,3763.0,3763.0,1.0
8,77,2,3693.0,3763.0,0.9813978
8,78,0,3610.0,3800.0,0.95
8,78,1,3800.0,3800.0,1.0
8,78,2,3693.0,3800.0,0.9718421
8,79,0,3610.0,3850.0,0.93766236
8,79,1,3850.0,3850.0,1.0
8,79,2,3693.0,3850.0,0.95922077
8,80,0,3921.0,3921.0,1.0
8,80,1,3850.0,3921.0,0.98189235
8,80,2,3693.0,3921.0,0.94185156
8,81,0,3921.0,3954.0,0.99165404
8,81,1,3954.0,3954.0,1.0
8,81,2,3693.0,3954.0,0.9339909
8,82,0,3921.0,3987.0,0.9834462
8,82,1,3987.0,3987.0,1.0
8,82,2,3693.0,3987.0,0.92626035
8,83,0,3921.0,4037.0,0.9712658
8,83,1,4037.0,4037.0,1.0
8,83,2,3693.0,4037.0,0.9147882
8,84,0,3921.0,4091.0,0.95844537
8,84,1,4037.0,4091.0,0.9868003
8,84,2,4091.0,4091.0,1.0
8,85,0,3921.0,4148.0,0.94527483
8,85,1,4037.0,4148.0,0.97324014
8,85,2,4148.0,4148.0,1.0
8,86,0,3921.0,4216.0,0.93002844
8,86,1,4037.0,4216.0,0.9575427
8,86,2,4216.0,4216.0,1.0
8,87,0,3921.0,4258.0,0.92085487
8,87,1,4258.0,4258.0,1.0
8,87,2,4216.0,4258.0,0.9901362
8,88,0,3921.0,4289.0,0.9141991
8,88,1,4289.0,4289.0,1.0
8,88,2,4216.0,4289.0,0.9829797
8,89,0,3921.0,4329.0,0.9057519
8,89,1,4289.0,4329.0,0.99075997
8,89,2,4329.0,4329.0,1.0
8,90,0,3921.0,4374.0,0.8964335
8,90,1,4289.0,4374.0,0.980567
8,90,2,4374.0,4374.0,1.0
8,91,0,3921.0,4424.0,0.886302
8,91,1,4289.0,4424.0,0.9694846
8,91,2,4424.0,4424.0,1.0
8,92,0,3921.0,4466.0,0.8779669
8,92,1,4466.0,4466.0,1.0
8,92,2,4424.0,4466.0,0.99059564
8,93,0,3921.0,4500.0,0.87133336
8,93,1,4500.0,4500.0,1.0
8,93,2,4424.0,4500.0,0.9831111
8,94,0,3921.0,4535.0,0.8646086
8,94,1,4535.0,4535.0,1.0
8,94,2,4424.0,4535.0,0.9755237
8,95,0,3921.0,4572.0,0.85761154
8,95,1,4572.0,4572.0,1.0
8,95,2,4424.0,4572.0,0.9676291
8,96,0,3921.0,4608.0,0.85091144
8,96,1,4608.0,4608.0,1.0
8,96,2,4424.0,4608.0,0.9600694
8,97,0,3921.0,4650.0,0.8432258
8,97,1,4650.0,4650.0,1.0
8,97,2,4424.0,4650.0,0.95139784
8,98,0,3921.0,4682.0,0.8374626
8,98,1,4682.0,4682.0,1.0
8,98,2,4424.0,4682.0,0.9448953
8,99,0,3921.0,4727.0,0.8294902
8,99,1,4727.0,4727.0,1.0
8,99,2,4424.0,4727.0,0.93590015
8,100,0,3921.0,4766.0,0.82270247
8,100,1,4766.0,4766.0,1.0
8,100,2,4424.0,4766.0,0.9282417
8,101,0,3921.0,4808.0,0.8155158
8,101,1,4808.0,4808.0,1.0
8,101,2,4424.0,4808.0,0.9201331
8,102,0,3921.0,4863.0,0.8062924
8,102,1,4808.0,4863.0,0.98869014
8,102,2,4863.0,4863.0,1.0
8,103,0,3921.0,4929.0,0.79549605
8,103,1,4808.0,4929.0,0.9754514
8,103,2,4929.0,4929.0,1.0
8,104,0,3921.0,4959.0,0.7906836
8,104,1,4959.0,4959.0,1.0
8,104,2,4929.0,4959.0,0.99395037
8,105,0,3921.0,4992.0,0.7854567
8,105,1,4992.0,4992.0,1.0
8,105,2,4929.0,4992.0,0.9873798
8,106,0,3921.0,5033.0,0.7790582
8,106,1,4992.0,5033.0,0.9918538
8,106,2,5033.0,5033.0,1.0
8,107,0,3921.0,5078.0,0.7721544
8,107,1,5078.0,5078.0,1.0
8,107,2,5033.0,5078.0,0.9911382
8,108,0,3921.0,5138.0,0.7631374
8,108,1,5078.0,5138.0,0.9883223
8,108,2,5138.0,5138.0,1.0
8,109,0,3921.0,5175.0,0.75768113
8,109,1,5078.0,5175.0,0.98125607
8,109,2,5175.0,5175.0,1.0
8,110,0,3921.0,5213.0,0.75215805
8,110,1,5213.0,5213.0,1.0
8,110,2,5175.0,5213.0,0.99271053
8,111,0,3921.0,5281.0,0.742473
8,111,1,5213.0,5281.0,0.98712367
8,111,2,5281.0,5281.0,1.0
8,112,0,3921.0,5335.0,0.7349578
8,112,1,5213.0,5335.0,0.97713214
8,112,2,5335.0,5335.0,1.0
8,113,0,3921.0,5404.0,0.72557366
8,113,1,5213.0,5404.0,0.9646558
8,113,2,5404.0,5404.0,1.0
8,114,0,3921.0,5447.0,0.7198458
8,114,1,5447.0,5447.0,1.0
8,114,2,5404.0,5447.0,0.9921057
8,115,0,3921.0,5480.0,0.71551096
8,115,1,5447.0,5480.0,0.9939781
8,115,2,5480.0,5480.0,1.0
8,116,0,3921.0,5511.0,0.7114861
8,116,1,5511.0,5511.0,1.0
8,116,2,5480.0,5511.0,0.9943749
8,117,0,3921.0,5552.0,0.706232
8,117,1,5552.0,5552.0,1.0
8,117,2,5480.0,5552.0,0.9870317
8,118,0,3921.0,5586.0,0.7019334
8,118,1,5586.0,5586.0,1.0
8,118,2,5480.0,5586.0,0.98102397
8,119,0,3921.0,5621.0,0.6975627
8,119,1,5586.0,5621.0,0.99377334
8,119,2,5621.0,5621.0,1.0
8,120,0,3921.0,5666.0,0.69202256
8,120,1,5666.0,5666.0,1.0
8,120,2,5621.0,5666.0,0.99205786
8,121,0,3921.0,5703.0,0.6875329
8,121,1,5703.0,5703.0,1.0
8,121,2,5621.0,5703.0,0.98562163
8,122,0,3921.0,5749.0,0.68203163
8,122,1,5749.0,5749.0,1.0
8,122,2,5621.0,5749.0,0.9777353
8,123,0,3921.0,5791.0,0.67708516
8,123,1,5791.0,5791.0,1.0
8,123,2,5621.0,5791.0,0.9706441
8,124,0,3921.0,5841.0,0.67128915
8,124,1,5841.0,5841.0,1.0
8,124,2,5621.0,5841.0,0.9623352
8,125,0,3921.0,5868.0,0.66820043
8,125,1,5868.0,5868.0,1.0
8,125,2,5621.0,5868.0,0.9579073
8,126,0,3921.0,5921.0,0.6622192
8,126,1,5868.0,5921.0,0.9910488
8,126,2,5921.0,5921.0,1.0
8,127,0,3921.0,5970.0,0.65678394
8,127,1,5970.0,5970.0,1.0
8,127,2,5921.0,5970.0,0.9917923
8,128,0,3921.0,6014.0,0.65197873
8,128,1,6014.0,6014.0,1.0
8,128,2,5921.0,6014.0,0.9845361
8,129,0,3921.0,6055.0,0.647564
8,129,1,6055.0,6055.0,1.0
8,129,2,5921.0,6055.0,0.9778695
8,130,0,3921.0,6103.0,0.6424709
8,130,1,6103.0,6103.0,1.0
8,130,2,5921.0,6103.0,0.9701786
8,131,0,3921.0,6146.0,0.63797593
8,131,1,6146.0,6146.0,1.0
8,131,2,5921.0,6146.0,0.9633908
8,132,0,3921.0,6188.0,0.6336458
8,132,1,6188.0,6188.0,1.0
8,132,2,5921.0,6188.0,0.95685196
8,133,0,3921.0,6261.0,0.6262578
8,133,1,6188.0,6261.0,0.9883405
8,133,2,6261.0,6261.0,1.0
8,134,0,3921.0,6317.0,0.620706
8,134,1,6188.0,6317.0,0.9795789
8,134,2,6317.0,6317.0,1.0
9,1,0,16.0,16.0,1.0
9,1,1,0.0,16.0,0.0
9,1,2,0.0,16.0,0.0
9,2,0,87.0,87.0,1.0
9,2,1,0.0,87.0,0.0
9,2,2,0.0,87.0,0.0
9,3,0,167.0,167.0,1.0
9,3,1,0.0,167.0,0.0
9,3,2,0.0,167.0,0.0
9,4,0,167.0,189.0,0.8835979
9,4,1,189.0,189.0,1.0
9,4,2,0.0,189.0,0.0
9,5,0,167.0,234.0,0.7136752
9,5,1,189.0,234.0,0.8076923
9,5,2,234.0,234.0,1.0
9,6,0,292.0,292.0,1.0
9,6,1,189.0,292.0,0.64726025
9,6,2,234.0,292.0,0.80136985
9,7,0,358.0,358.0,1.0
9,7,1,189.0,358.0,0.52793294
9,7,2,234.0,358.0,0.65363127
9,8,0,417.0,417.0,1.0
9,8,1,189.0,417.0,0.4532374
9,8,2,234.0,417.0,0.5611511
9,9,0,417.0,453.0,0.9205298
9,9,1,453.0,453.0,1.0
9,9,2,234.0,453.0,0.51655626
9,10,0,524.0,524.0,1.0
9,10,1,453.0,524.0,0.8645038
9,10,2,234.0,524.0,0.44656488
9,11,0,589.0,589.0,1.0
9,11,1,453.0,589.0,0.7691002
9,11,2,234.0,589.0,0.39728352
9,12,0,589.0,624.0,0.94391024
9,12,1,624.0,624.0,1.0
9,12,2,234.0,624.0,0.375
9,13,0,700.0,700.0,1.0
9,13,1,624.0,700.0,0.8914286
9,13,2,234.0,700.0,0.3342857
9,14,0,700.0,746.0,0.9383378
9,14,1,746.0,746.0,1.0
9,14,2,234.0,746.0,0.31367293
9,15,0,827.0,827.0,1.0
9,15,1,746.0,827.0,0.9020556
9,15,2,234.0,827.0,0.28295043
9,16,0,902.0,902.0,1.0
9,16,1,746.0,902.0,0.827051
9,16,2,234.0,902.0,0.2594235
9,17,0,961.0,961.0,1.0
9,17,1,746.0,961.0,0.77627474
9,17,2,234.0,961.0,0.24349636
9,18,0,961.0,1004.0,0.9571713
9,18,1,1004.0,1004.0,1.0
9,18,2,234.0,1004.0,0.23306774
9,19,0,961.0,1035.0,0.92850244
9,19,1,1035.0,1035.0,1.0
9,19,2,234.0,1035.0,0.22608696
9,20,0,961.0,1065.0,0.90234745
9,20,1,1065.0,1065.0,1.0
9,20,2,234.0,1065.0,0.2197183
9,21,0,961.0,1110.0,0.86576575
9,21,1,1065.0,1110.0,0.9594595
9,21,2,1110.0,1110.0,1.0
9,22,0,1173.0,1173.0,1.0
9,22,1,1065.0,1173.0,0.9079284
9,22,2,1110.0,1173.0,0.94629157
9,23,0,1173.0,1216.0,0.9646382
9,23,1,1065.0,1216.0,0.87582237
9,23,2,1216.0,1216.0,1.0
9,24,0,1173.0,1259.0,0.9316918
9,24,1,1259.0,1259.0,1.0
9,24,2,1216.0,1259.0,0.9658459
9,25,0,1331.0,1331.0,1.0
9,25,1,1259.0,1331.0,0.9459053
9,25,2,1216.0,1331.0,0.9135988
9,26,0,1331.0,1370.0,0.9715328
9,26,1,1259.0,1370.0,0.9189781
9,26,2,1370.0,1370.0,1.0
9,27,0,1331.0,1418.0,0.93864596
9,27,1,1418.0,1418.0,1.0
9,27,2,1370.0,1418.0,0.9661495
9,28,0,1331.0,1464.0,0.909153
9,28,1,1418.0,1464.0,0.96857923
9,28,2,1464.0,1464.0,1.0
9,29,0,1331.0,1509.0,0.8820411
9,29,1,1509.0,1509.0,1.0
9,29,2,1464.0,1509.0,0.9701789
9,30,0,1331.0,1542.0,0.8631647
9,30,1,1542.0,1542.0,1.0
9,30,2,1464.0,1542.0,0.94941634
9,31,0,1331.0,1610.0,0.8267081
9,31,1,1542.0,1610.0,0.95776397
9,31,2,1610.0,1610.0,1.0
9,32,0,1665.0,1665.0,1.0
9,32,1,1542.0,1665.0,0.9261261
9,32,2,1610.0,1665.0,0.966967
9,33,0,1741.0,1741.0,1.0
9,33,1,1542.0,1741.0,0.8856979
9,33,2,1610.0,1741.0,0.9247559
9,34,0,1803.0,1803.0,1.0
9,34,1,1542.0,1803.0,0.85524124
9,34,2,1610.0,1803.0,0.8929562
9,35,0,1803.0,1846.0,0.9767064
9,35,1,1846.0,1846.0,1.0
9,35,2,1610.0,1846.0,0.872156
9,36,0,1803.0,1888.0,0.9549788
9,36,1,1888.0,1888.0,1.0
9,36,2,1610.0,1888.0,0.85275424
9,37,0,1803.0,1945.0,0.9269923
9,37,1,1888.0,1945.0,0.97069407
9,37,2,1945.0,1945.0,1.0
9,38,0,2008.0,2008.0,1.0
9,38,1,1888.0,2008.0,0.9402391
9,38,2,1945.0,2008.0,0.9686255
9,39,0,2008.0,2049.0,0.97999024
9,39,1,2049.0,2049.0,1.0
9,39,2,1945.0,2049.0,0.94924355
9,40,0,2008.0,2117.0,0.948512
9,40,1,2049.0,2117.0,0.96787906
9,40,2,2117.0,2117.0,1.0
9,41,0,2008.0,2152.0,0.9330855
9,41,1,2152.0,2152.0,1.0
9,41,2,2117.0,2152.0,0.98373604
9,42,0,2008.0,2192.0,0.9160584
9,42,1,2192.0,2192.0,1.0
9,42,2,2117.0,2192.0,0.96578467
9,43,0,2008.0,2230.0,0.90044844
9,43,1,2230.0,2230.0,1.0
9,43,2,2117.0,2230.0,0.94932735
9,44,0,2008.0,2274.0,0.8830255
9,44,1,2274.0,2274.0,1.0
9,44,2,2117.0,2274.0,0.9309587
9,45,0,2008.0,2324.0,0.86402756
9,45,1,2324.0,2324.0,1.0
9,45,2,2117.0,2324.0,0.91092944
9,46,0,2008.0,2361.0,0.85048705
9,46,1,2324.0,2361.0,0.9843287
9,46,2,2361.0,2361.0,1.0
9,47,0,2008.0,2394.0,0.8387636
9,47,1,2394.0,2394.0,1.0
9,47,2,2361.0,2394.0,0.98621553
9,48,0,2008.0,2434.0,0.8249795
9,48,1,2434.0,2434.0,1.0
9,48,2,2361.0,2434.0,0.9700082
9,49,0,2008.0,2476.0,0.81098545
9,49,1,2476.0,2476.0,1.0
9,49,2,2361.0,2476.0,0.9535541
9,50,0,2008.0,2519.0,0.79714173
9,50,1,2519.0,2519.0,1.0
9,50,2,2361.0,2519.0,0.9372767
9,51,0,2008.0,2556.0,0.7856025
9,51,1,2519.0,2556.0,0.98552424
9,51,2,2556.0,2556.0,1.0
9,52,0,2008.0,2610.0,0.7693487
9,52,1,2519.0,2610.0,0.9651341
9,52,2,2610.0,2610.0,1.0
9,53,0,2008.0,2654.0,0.7565938
9,53,1,2519.0,2654.0,0.9491334
9,53,2,2654.0,2654.0,1.0
9,54,0,2008.0,2724.0,0.73715127
9,54,1,2519.0,2724.0,0.924743
9,54,2,2724.0,2724.0,1.0
9,55,0,2008.0,2761.0,0.72727275
9,55,1,2761.0,2761.0,1.0
9,55,2,2724.0,2761.0,0.9865991
9,56,0,2008.0,2798.0,0.7176555
9,56,1,2798.0,2798.0,1.0
9,56,2,2724.0,2798.0,0.9735525
9,57,0,2008.0,2847.0,0.70530385
9,57,1,2847.0,2847.0,1.0
9,57,2,2724.0,2847.0,0.95679665
9,58,0,2008.0,2893.0,0.6940892
9,58,1,2893.0,2893.0,1.0
9,58,2,2724.0,2893.0,0.94158316
9,59,0,2008.0,2926.0,0.6862611
9,59,1,2926.0,2926.0,1.0
9,59,2,2724.0,2926.0,0.93096375
9,60,0,2008.0,2958.0,0.67883706
9,60,1,2958.0,2958.0,1.0
9,60,2,2724.0,2958.0,0.9208925
9,61,0,2008.0,2994.0,0.6706747
9,61,1,2958.0,2994.0,0.98797596
9,61,2,2994.0,2994.0,1.0
9,62,0,2008.0,3048.0,0.6587927
9,62,1,2958.0,3048.0,0.97047246
9,62,2,3048.0,3048.0,1.0
9,63,0,2008.0,3093.0,0.6492079
9,63,1,3093.0,3093.0,1.0
9,63,2,3048.0,3093.0,0.98545104
9,64,0,3167.0,3167.0,1.0
9,64,1,3093.0,3167.0,0.976634
9,64,2,3048.0,3167.0,0.962425
9,65,0,3167.0,3204.0,0.98845196
9,65,1,3204.0,3204.0,1.0
9,65,2,3048.0,3204.0,0.9513109
9,66,0,3167.0,3254.0,0.9732637
9,66,1,3204.0,3254.0,0.9846343
9,66,2,3254.0,3254.0,1.0
9,67,0,3167.0,3288.0,0.9631995
9,67,1,3288.0,3288.0,1.0
9,67,2,3254.0,3288.0,0.98965937
9,68,0,3167.0,3322.0,0.95334136
9,68,1,3322.0,3322.0,1.0
9,68,2,3254.0,3322.0,0.9795304
9,69,0,3167.0,3355.0,0.94396424
9,69,1,3355.0,3355.0,1.0
9,69,2,3254.0,3355.0,0.96989566
9,70,0,3167.0,3403.0,0.9306494
9,70,1,3403.0,3403.0,1.0
9,70,2,3254.0,3403.0,0.9562151
9,71,0,3167.0,3445.0,0.91930336
9,71,1,3445.0,3445.0,1.0
9,71,2,3254.0,3445.0,0.9445573
9,72,0,3167.0,3484.0,0.9090126
9,72,1,3445.0,3484.0,0.98880595
9,72,2,3484.0,3484.0,1.0
9,73,0,3167.0,3526.0,0.8981849
9,73,1,3526.0,3526.0,1.0
9,73,2,3484.0,3526.0,0.9880885
9,74,0,3606.0,3606.0,1.0
9,74,1,3526.0,3606.0,0.97781473
9,74,2,3484.0,3606.0,0.9661675
9,75,0,3606.0,3656.0,0.98632383
9,75,1,3656.0,3656.0,1.0
9,75,2,3484.0,3656.0,0.95295405
9,76,0,3606.0,3692.0,0.9767064
9,76,1,3692.0,3692.0,1.0
9,76,2,3484.0,3692.0,0.943662
9,77,0,3606.0,3730.0,0.96675605
9,77,1,3730.0,3730.0,1.0
9,77,2,3484.0,3730.0,0.93404824
9,78,0,3606.0,3763.0,0.95827794
9,78,1,3763.0,3763.0,1.0
9,78,2,3484.0,3763.0,0.925857
9,79,0,3606.0,3791.0,0.9512002
9,79,1,3791.0,3791.0,1.0
9,79,2,3484.0,3791.0,0.91901875
9,80,0,3606.0,3841.0,0.93881804
9,80,1,3791.0,3841.0,0.9869826
9,80,2,3841.0,3841.0,1.0
9,81,0,3606.0,3872.0,0.93130165
9,81,1,3872.0,3872.0,1.0
9,81,2,3841.0,3872.0,0.9919938
9,82,0,3606.0,3912.0,0.92177916
9,82,1,3912.0,3912.0,1.0
9,82,2,3841.0,3912.0,0.98185074
9,83,0,3606.0,3949.0,0.91314256
9,83,1,3912.0,3949.0,0.99063057
9,83,2,3949.0,3949.0,1.0
9,84,0,3606.0,4013.0,0.8985796
9,84,1,3912.0,4013.0,0.9748318
9,84,2,4013.0,4013.0,1.0
9,85,0,3606.0,4058.0,0.8886151
9,85,1,4058.0,4058.0,1.0
9,85,2,4013.0,4058.0,0.9889108
9,86,0,3606.0,4131.0,0.8729121
9,86,1,4058.0,4131.0,0.9823287
9,86,2,4131.0,4131.0,1.0
9,87,0,3606.0,4170.0,0.8647482
9,87,1,4170.0,4170.0,1.0
9,87,2,4131.0,4170.0,0.9906475
9,88,0,3606.0,4223.0,0.8538953
9,88,1,4170.0,4223.0,0.9874497
9,88,2,4223.0,4223.0,1.0
9,89,0,3606.0,4253.0,0.8478721
9,89,1,4253.0,4253.0,1.0
9,89,2,4223.0,4253.0,0.99294615
9,90,0,3606.0,4294.0,0.83977646
9,90,1,4253.0,4294.0,0.9904518
9,90,2,4294.0,4294.0,1.0
9,91,0,3606.0,4358.0,0.8274438
9,91,1,4253.0,4358.0,0.9759064
9,91,2,4358.0,4358.0,1.0
9,92,0,3606.0,4399.0,0.8197318
9,92,1,4399.0,4399.0,1.0
9,92,2,4358.0,4399.0,0.9906797
9,93,0,3606.0,4468.0,0.8070725
9,93,1,4399.0,4468.0,0.98455685
9,93,2,4468.0,4468.0,1.0
9,94,0,3606.0,4518.0,0.79814076
9,94,1,4518.0,4518.0,1.0
9,94,2,4468.0,4518.0,0.98893315
9,95,0,3606.0,4574.0,0.78836906
9,95,1,4518.0,4574.0,0.9877569
9,95,2,4574.0,4574.0,1.0
9,96,0,3606.0,4647.0,0.7759845
9,96,1,4518.0,4647.0,0.97224015
9,96,2,4647.0,4647.0,1.0
9,97,0,3606.0,4703.0,0.7667446
9,97,1,4518.0,4703.0,0.9606634
9,97,2,4703.0,4703.0,1.0
9,98,0,3606.0,4752.0,0.75883836
9,98,1,4518.0,4752.0,0.95075756
9,98,2,4752.0,4752.0,1.0
9,99,0,3606.0,4794.0,0.75219023
9,99,1,4518.0,4794.0,0.94242805
9,99,2,4794.0,4794.0,1.0
9,100,0,3606.0,4839.0,0.74519527
9,100,1,4839.0,4839.0,1.0
9,100,2,4794.0,4839.0,0.99070054
9,101,0,3606.0,4879.0,0.73908585
9,101,1,4879.0,4879.0,1.0
9,101,2,4794.0,4879.0,0.9825784
9,102,0,3606.0,4917.0,0.733374
9,102,1,4917.0,4917.0,1.0
9,102,2,4794.0,4917.0,0.97498477
9,103,0,3606.0,4962.0,0.7267231
9,103,1,4962.0,4962.0,1.0
9,103,2,4794.0,4962.0,0.9661427
9,104,0,3606.0,4999.0,0.7213443
9,104,1,4999.0,4999.0,1.0
9,104,2,4794.0,4999.0,0.9589918
9,105,0,3606.0,5072.0,0.7109621
9,105,1,4999.0,5072.0,0.98560727
9,105,2,5072.0,5072.0,1.0
9,106,0,3606.0,5110.0,0.7056751
9,106,1,5110.0,5110.0,1.0
9,106,2,5072.0,5110.0,0.9925636
9,107,0,3606.0,5145.0,0.7008746
9,107,1,5145.0,5145.0,1.0
9,107,2,5072.0,5145.0,0.9858115
9,108,0,3606.0,5195.0,0.694129
9,108,1,5195.0,5195.0,1.0
9,108,2,5072.0,5195.0,0.97632337
9,109,0,3606.0,5238.0,0.6884307
9,109,1,5238.0,5238.0,1.0
9,109,2,5072.0,5238.0,0.9683085
9,110,0,3606.0,5280.0,0.68295455
9,110,1,5238.0,5280.0,0.99204546
9,110,2,5280.0,5280.0,1.0
9,111,0,3606.0,5320.0,0.67781955
9,111,1,5238.0,5320.0,0.9845865
9,111,2,5320.0,5320.0,1.0
9,112,0,3606.0,5369.0,0.6716334
9,112,1,5369.0,5369.0,1.0
9,112,2,5320.0,5369.0,0.9908735
9,113,0,3606.0,5430.0,0.66408837
9,113,1,5369.0,5430.0,0.98876613
9,113,2,5430.0,5430.0,1.0
9,114,0,3606.0,5473.0,0.6588708
9,114,1,5473.0,5473.0,1.0
9,114,2,5430.0,5473.0,0.9921433
9,115,0,3606.0,5510.0,0.6544465
9,115,1,5510.0,5510.0,1.0
9,115,2,5430.0,5510.0,0.98548096
9,116,0,3606.0,5560.0,0.6485612
9,116,1,5560.0,5560.0,1.0
9,116,2,5430.0,5560.0,0.9766187
9,117,0,3606.0,5601.0,0.6438136
9,117,1,5560.0,5601.0,0.9926799
9,117,2,5601.0,5601.0,1.0
9,118,0,3606.0,5642.0,0.63913506
9,118,1,5642.0,5642.0,1.0
9,118,2,5601.0,5642.0,0.99273306
9,119,0,3606.0,5673.0,0.6356425
9,119,1,5673.0,5673.0,1.0
9,119,2,5601.0,5673.0,0.9873083
9,120,0,3606.0,5705.0,0.6320771
9,120,1,5705.0,5705.0,1.0
9,120,2,5601.0,5705.0,0.9817704
9,121,0,3606.0,5737.0,0.6285515
9,121,1,5737.0,5737.0,1.0
9,121,2,5601.0,5737.0,0.9762942
9,122,0,3606.0,5803.0,0.62140274
9,122,1,5737.0,5803.0,0.9886266
9,122,2,5803.0,5803.0,1.0
9,123,0,3606.0,5836.0,0.617889
9,123,1,5737.0,5836.0,0.98303634
9,123,2,5836.0,5836.0,1.0
9,124,0,3606.0,5866.0,0.6147289
9,124,1,5866.0,5866.0,1.0
9,124,2,5836.0,5866.0,0.9948858
9,125,0,3606.0,5926.0,0.6085049
9,125,1,5866.0,5926.0,0.98987514
9,125,2,5926.0,5926.0,1.0
9,126,0,3606.0,5966.0,0.6044251
9,126,1,5866.0,5966.0,0.98323834
9,126,2,5966.0,5966.0,1.0
9,127,0,3606.0,6016.0,0.5994016
9,127,1,5866.0,6016.0,0.9750665
9,127,2,6016.0,6016.0,1.0
9,128,0,3606.0,6051.0,0.59593457
9,128,1,6051.0,6051.0,1.0
9,128,2,6016.0,6051.0,0.99421585
9,129,0,3606.0,6095.0,0.5916325
9,129,1,6095.0,6095.0,1.0
9,129,2,6016.0,6095.0,0.98703855
9,130,0,3606.0,6145.0,0.5868186
9,130,1,6145.0,6145.0,1.0
9,130,2,6016.0,6145.0,0.9790073
9,131,0,3606.0,6187.0,0.58283496
9,131,1,6187.0,6187.0,1.0
9,131,2,6016.0,6187.0,0.9723614
9,132,0,3606.0,6228.0,0.5789981
9,132,1,6228.0,6228.0,1.0
9,132,2,6016.0,6228.0,0.9659602
9,133,0,3606.0,6302.0,0.5721993
9,133,1,6228.0,6302.0,0.9882577
9,133,2,6302.0,6302.0,1.0
9,134,0,3606.0,6337.0,0.569039
9,134,1,6228.0,6337.0,0.9827994
9,134,2,6337.0,6337.0,1.0
10,1,0,31.0,31.0,1.0
10,1,1,0.0,31.0,0.0
10,1,2,0.0,31.0,0.0
10,2,0,96.0,96.0,1.0
10,2,1,0.0,96.0,0.0
10,2,2,0.0,96.0,0.0
10,3,0,140.0,140.0,1.0
10,3,1,0.0,140.0,0.0
10,3,2,0.0,140.0,0.0
10,4,0,216.0,216.0,1.0
10,4,1,0.0,216.0,0.0
10,4,2,0.0,216.0,0.0
10,5,0,297.0,297.0,1.0
10,5,1,0.0,297.0,0.0
10,5,2,0.0,297.0,0.0
10,6,0,297.0,310.0,0.9580645
10,6,1,310.0,310.0,1.0
10,6,2,0.0,310.0,0.0
10,7,0,369.0,369.0,1.0
10,7,1,310.0,369.0,0.8401084
10,7,2,0.0,369.0,0.0
10,8,0,435.0,435.0,1.0
10,8,1,310.0,435.0,0.7126437
10,8,2,0.0,435.0,0.0
10,9,0,492.0,492.0,1.0
10,9,1,310.0,492.0,0.6300813
10,9,2,0.0,492.0,0.0
10,10,0,492.0,532.0,0.924812
10,10,1,532.0,532.0,1.0
10,10,2,0.0,532.0,0.0
10,11,0,492.0,567.0,0.8677249
10,11,1,567.0,567.0,1.0
10,11,2,0.0,567.0,0.0
10,12,0,492.0,602.0,0.81727576
10,12,1,602.0,602.0,1.0
10,12,2,0.0,602.0,0.0
10,13,0,492.0,638.0,0.7711599
10,13,1,638.0,638.0,1.0
10,13,2,0.0,638.0,0.0
10,14,0,492.0,696.0,0.70689654
10,14,1,638.0,696.0,0.9166667
10,14,2,696.0,696.0,1.0
10,15,0,492.0,765.0,0.6431373
10,15,1,638.0,765.0,0.83398694
10,15,2,765.0,765.0,1.0
10,16,0,492.0,808.0,0.6089109
10,16,1,808.0,808.0,1.0
10,16,2,765.0,808.0,0.9467822
10,17,0,492.0,853.0,0.5767878
10,17,1,808.0,853.0,0.947245
10,17,2,853.0,853.0,1.0
10,18,0,492.0,910.0,0.54065937
10,18,1,808.0,910.0,0.8879121
10,18,2,910.0,910.0,1.0
10,19,0,492.0,942.0,0.522293
10,19,1,942.0,942.0,1.0
10,19,2,910.0,942.0,0.9660297
10,20,0,1004.0,1004.0,1.0
10,20,1,942.0,1004.0,0.938247
10,20,2,910.0,1004.0,0.9063745
10,21,0,1004.0,1044.0,0.96168584
10,21,1,942.0,1044.0,0.90229887
10,21,2,1044.0,1044.0,1.0
10,22,0,1107.0,1107.0,1.0
10,22,1,942.0,1107.0,0.8509485
10,22,2,1044.0,1107.0,0.9430894
10,23,0,1107.0,1157.0,0.9567848
10,23,1,1157.0,1157.0,1.0
10,23,2,1044.0,1157.0,0.9023336
10,24,0,1107.0,1192.0,0.92869127
10,24,1,1192.0,1192.0,1.0
10,24,2,1044.0,1192.0,0.87583894
10,25,0,1107.0,1242.0,0.8913044
10,25,1,1242.0,1242.0,1.0
10,25,2,1044.0,1242.0,0.8405797
10,26,0,1303.0,1303.0,1.0
10,26,1,1242.0,1303.0,0.95318496
10,26,2,1044.0,1303.0,0.8012279
10,27,0,1361.0,1361.0,1.0
10,27,1,1242.0,1361.0,0.9125643
10,27,2,1044.0,1361.0,0.76708305
10,28,0,1361.0,1398.0,0.97353363
10,28,1,1398.0,1398.0,1.0
10,28,2,1044.0,1398.0,0.7467811
10,29,0,1361.0,1431.0,0.9510832
10,29,1,1431.0,1431.0,1.0
10,29,2,1044.0,1431.0,0.7295597
10,30,0,1361.0,1462.0,0.93091655
10,30,1,1462.0,1462.0,1.0
10,30,2,1044.0,1462.0,0.7140903
10,31,0,1361.0,1503.0,0.9055223
10,31,1,1503.0,1503.0,1.0
10,31,2,1044.0,1503.0,0.6946108
10,32,0,1361.0,1533.0,0.8878017
10,32,1,1533.0,1533.0,1.0
10,32,2,1044.0,1533.0,0.68101764
10,33,0,1588.0,1588.0,1.0
10,33,1,1533.0,1588.0,0.96536523
10,33,2,1044.0,1588.0,0.6574307
10,34,0,1588.0,1625.0,0.9772308
10,34,1,1533.0,1625.0,0.9433846
10,34,2,1625.0,1625.0,1.0
10,35,0,1588.0,1691.0,0.9390893
10,35,1,1533.0,1691.0,0.9065642
10,35,2,1691.0,1691.0,1.0
10,36,0,1588.0,1728.0,0.9189815
10,36,1,1533.0,1728.0,0.8871528
10,36,2,1728.0,1728.0,1.0
10,37,0,1588.0,1768.0,0.89819
10,37,1,1768.0,1768.0,1.0
10,37,2,1728.0,1768.0,0.97737557
10,38,0,1588.0,1810.0,0.87734807
10,38,1,1810.0,1810.0,1.0
10,38,2,1728.0,1810.0,0.9546961
10,39,0,1588.0,1854.0,0.85652643
10,39,1,1810.0,1854.0,0.9762675
10,39,2,1854.0,1854.0,1.0
10,40,0,1588.0,1887.0,0.8415474
10,40,1,1887.0,1887.0,1.0
10,40,2,1854.0,1887.0,0.98251194
10,41,0,1588.0,1957.0,0.8114461
10,41,1,1887.0,1957.0,0.96423095
10,41,2,1957.0,1957.0,1.0
10,42,0,1588.0,1995.0,0.79599
10,42,1,1887.0,1995.0,0.9458647
10,42,2,1995.0,1995.0,1.0
10,43,0,1588.0,2045.0,0.7765281
10,43,1,1887.0,2045.0,0.9227384
10,43,2,2045.0,2045.0,1.0
10,44,0,1588.0,2078.0,0.76419634
10,44,1,2078.0,2078.0,1.0
10,44,2,2045.0,2078.0,0.98411936
10,45,0,1588.0,2111.0,0.75225013
10,45,1,2111.0,2111.0,1.0
10,45,2,2045.0,2111.0,0.9687352
10,46,0,2176.0,2176.0,1.0
10,46,1,2111.0,2176.0,0.97012866
10,46,2,2045.0,2176.0,0.9397978
10,47,0,2176.0,2219.0,0.9806219
10,47,1,2219.0,2219.0,1.0
10,47,2,2045.0,2219.0,0.9215863
10,48,0,2290.0,2290.0,1.0
10,48,1,2219.0,2290.0,0.96899563
10,48,2,2045.0,2290.0,0.8930131
10,49,0,2290.0,2332.0,0.9819897
10,49,1,2219.0,2332.0,0.95154375
10,49,2,2332.0,2332.0,1.0
10,50,0,2407.0,2407.0,1.0
10,50,1,2219.0,2407.0,0.9218945
10,50,2,2332.0,2407.0,0.9688409
10,51,0,2472.0,2472.0,1.0
10,51,1,2219.0,2472.0,0.8976537
10,51,2,2332.0,2472.0,0.9433657
10,52,0,2472.0,2515.0,0.9829026
10,52,1,2515.0,2515.0,1.0
10,52,2,2332.0,2515.0,0.92723656
10,53,0,2571.0,2571.0,1.0
10,53,1,2515.0,2571.0,0.9782186
10,53,2,2332.0,2571.0,0.90704006
10,54,0,2571.0,2613.0,0.98392653
10,54,1,2613.0,2613.0,1.0
10,54,2,2332.0,2613.0,0.89246076
10,55,0,2571.0,2673.0,0.9618406
10,55,1,2613.0,2673.0,0.9775533
10,55,2,2673.0,2673.0,1.0
10,56,0,2571.0,2716.0,0.94661266
10,56,1,2716.0,2716.0,1.0
10,56,2,2673.0,2716.0,0.9841679
10,57,0,2571.0,2784.0,0.92349136
10,57,1,2716.0,2784.0,0.97557473
10,57,2,2784.0,2784.0,1.0
10,58,0,2571.0,2814.0,0.91364604
10,58,1,2814.0,2814.0,1.0
10,58,2,2784.0,2814.0,0.989339
10,59,0,2571.0,2849.0,0.9024219
10,59,1,2849.0,2849.0,1.0
10,59,2,2784.0,2849.0,0.97718495
10,60,0,2571.0,2895.0,0.8880829
10,60,1,2895.0,2895.0,1.0
10,60,2,2784.0,2895.0,0.96165806
10,61,0,2571.0,2945.0,0.8730051
10,61,1,2945.0,2945.0,1.0
10,61,2,2784.0,2945.0,0.9453311
10,62,0,2571.0,3014.0,0.85301924
10,62,1,2945.0,3014.0,0.9771068
10,62,2,3014.0,3014.0,1.0
10,63,0,2571.0,3053.0,0.8421225
10,63,1,2945.0,3053.0,0.96462494
10,63,2,3053.0,3053.0,1.0
10,64,0,2571.0,3096.0,0.83042634
10,64,1,3096.0,3096.0,1.0
10,64,2,3053.0,3096.0,0.9861111
10,65,0,2571.0,3133.0,0.8206192
10,65,1,3096.0,3133.0,0.98819023
10,65,2,3133.0,3133.0,1.0
10,66,0,2571.0,3176.0,0.8095088
10,66,1,3096.0,3176.0,0.9748111
10,66,2,3176.0,3176.0,1.0
10,67,0,2571.0,3212.0,0.80043584
10,67,1,3212.0,3212.0,1.0
10,67,2,3176.0,3212.0,0.988792
10,68,0,2571.0,3267.0,0.78696054
10,68,1,3212.0,3267.0,0.98316497
10,68,2,3267.0,3267.0,1.0
10,69,0,2571.0,3300.0,0.7790909
10,69,1,3300.0,3300.0,1.0
10,69,2,3267.0,3300.0,0.99
10,70,0,2571.0,3346.0,0.76838017
10,70,1,3346.0,3346.0,1.0
10,70,2,3267.0,3346.0,0.9763897
10,71,0,2571.0,3388.0,0.7588548
10,71,1,3388.0,3388.0,1.0
10,71,2,3267.0,3388.0,0.96428573
10,72,0,2571.0,3436.0,0.74825376
10,72,1,3436.0,3436.0,1.0
10,72,2,3267.0,3436.0,0.9508149
10,73,0,2571.0,3479.0,0.73900545
10,73,1,3479.0,3479.0,1.0
10,73,2,3267.0,3479.0,0.93906295
10,74,0,2571.0,3552.0,0.7238176
10,74,1,3479.0,3552.0,0.9794482
10,74,2,3552.0,3552.0,1.0
10,75,0,2571.0,3593.0,0.71555805
10,75,1,3593.0,3593.0,1.0
10,75,2,3552.0,3593.0,0.9885889
10,76,0,3656.0,3656.0,1.0
10,76,1,3593.0,3656.0,0.98276806
10,76,2,3552.0,3656.0,0.9715536
10,77,0,3656.0,3720.0,0.9827957
10,77,1,3593.0,3720.0,0.9658602
10,77,2,3720.0,3720.0,1.0
10,78,0,3656.0,3765.0,0.97104913
10,78,1,3765.0,3765.0,1.0
10,78,2,3720.0,3765.0,0.98804784
10,79,0,3656.0,3805.0,0.960841
10,79,1,3805.0,3805.0,1.0
10,79,2,3720.0,3805.0,0.97766095
10,80,0,3656.0,3845.0,0.95084524
10,80,1,3845.0,3845.0,1.0
10,80,2,3720.0,3845.0,0.96749026
10,81,0,3656.0,3889.0,0.94008744
10,81,1,3889.0,3889.0,1.0
10,81,2,3720.0,3889.0,0.9565441
10,82,0,3656.0,3932.0,0.9298067
10,82,1,3932.0,3932.0,1.0
10,82,2,3720.0,3932.0,0.9460834
10,83,0,3656.0,3974.0,0.9199799
10,83,1,3974.0,3974.0,1.0
10,83,2,3720.0,3974.0,0.93608457
10,84,0,3656.0,4008.0,0.91217566
10,84,1,4008.0,4008.0,1.0
10,84,2,3720.0,4008.0,0.92814374
10,85,0,3656.0,4050.0,0.90271604
10,85,1,4008.0,4050.0,0.9896296
10,85,2,4050.0,4050.0,1.0
10,86,0,3656.0,4084.0,0.8952008
10,86,1,4084.0,4084.0,1.0
10,86,2,4050.0,4084.0,0.99167484
10,87,0,3656.0,4134.0,0.8843735
10,87,1,4134.0,4134.0,1.0
10,87,2,4050.0,4134.0,0.9796807
10,88,0,3656.0,4184.0,0.873805
10,88,1,4184.0,4184.0,1.0
10,88,2,4050.0,4184.0,0.96797323
10,89,0,3656.0,4221.0,0.8661455
10,89,1,4221.0,4221.0,1.0
10,89,2,4050.0,4221.0,0.9594883
10,90,0,3656.0,4274.0,0.8554048
10,90,1,4221.0,4274.0,0.98759943
10,90,2,4274.0,4274.0,1.0
10,91,0,3656.0,4342.0,0.8420083
10,91,1,4221.0,4342.0,0.9721327
10,91,2,4342.0,4342.0,1.0
10,92,0,3656.0,4415.0,0.8280861
10,92,1,4221.0,4415.0,0.9560589
10,92,2,4415.0,4415.0,1.0
10,93,0,3656.0,4453.0,0.82101953
10,93,1,4453.0,4453.0,1.0
10,93,2,4415.0,4453.0,0.9914664
10,94,0,3656.0,4491.0,0.8140726
10,94,1,4491.0,4491.0,1.0
10,94,2,4415.0,4491.0,0.9830773
10,95,0,3656.0,4552.0,0.80316347
10,95,1,4491.0,4552.0,0.9865993
10,95,2,4552.0,4552.0,1.0
10,96,0,3656.0,4603.0,0.7942646
10,96,1,4491.0,4603.0,0.975668
10,96,2,4603.0,4603.0,1.0
10,97,0,3656.0,4652.0,0.78589857
10,97,1,4491.0,4652.0,0.9653912
10,97,2,4652.0,4652.0,1.0
10,98,0,3656.0,4703.0,0.7773761
10,98,1,4491.0,4703.0,0.9549224
10,98,2,4703.0,4703.0,1.0
10,99,0,3656.0,4757.0,0.7685516
10,99,1,4491.0,4757.0,0.9440824
10,99,2,4757.0,4757.0,1.0
10,100,0,3656.0,4788.0,0.7635756
10,100,1,4491.0,4788.0,0.9379699
10,100,2,4788.0,4788.0,1.0
10,101,0,3656.0,4826.0,0.7575632
10,101,1,4826.0,4826.0,1.0
10,101,2,4788.0,4826.0,0.992126
10,102,0,3656.0,4867.0,0.7511814
10,102,1,4826.0,4867.0,0.9915759
10,102,2,4867.0,4867.0,1.0
10,103,0,4926.0,4926.0,1.0
10,103,1,4826.0,4926.0,0.97969955
10,103,2,4867.0,4926.0,0.98802274
10,104,0,4926.0,4971.0,0.9909475
10,104,1,4971.0,4971.0,1.0
10,104,2,4867.0,4971.0,0.97907865
10,105,0,4926.0,5025.0,0.9802985
10,105,1,4971.0,5025.0,0.98925376
10,105,2,5025.0,5025.0,1.0
10,106,0,4926.0,5067.0,0.97217286
10,106,1,5067.0,5067.0,1.0
10,106,2,5025.0,5067.0,0.9917111
10,107,0,4926.0,5107.0,0.9645584
10,107,1,5107.0,5107.0,1.0
10,107,2,5025.0,5107.0,0.9839436
10,108,0,4926.0,5144.0,0.9576205
10,108,1,5144.0,5144.0,1.0
10,108,2,5025.0,5144.0,0.97686625
10,109,0,4926.0,5188.0,0.94949883
10,109,1,5188.0,5188.0,1.0
10,109,2,5025.0,5188.0,0.9685813
10,110,0,4926.0,5223.0,0.94313616
10,110,1,5223.0,5223.0,1.0
10,110,2,5025.0,5223.0,0.96209073
10,111,0,4926.0,5265.0,0.93561256
10,111,1,5265.0,5265.0,1.0
10,111,2,5025.0,5265.0,0.954416
10,112,0,4926.0,5306.0,0.92838293
10,112,1,5306.0,5306.0,1.0
10,112,2,5025.0,5306.0,0.9470411
10,113,0,4926.0,5338.0,0.9228175
10,113,1,5338.0,5338.0,1.0
10,113,2,5025.0,5338.0,0.9413638
10,114,0,4926.0,5383.0,0.9151031
10,114,1,5383.0,5383.0,1.0
10,114,2,5025.0,5383.0,0.9334943
10,115,0,4926.0,5432.0,0.9068483
10,115,1,5432.0,5432.0,1.0
10,115,2,5025.0,5432.0,0.9250736
10,116,0,4926.0,5497.0,0.89612514
10,116,1,5432.0,5497.0,0.9881754
10,116,2,5497.0,5497.0,1.0
10,117,0,4926.0,5547.0,0.8880476
10,117,1,5547.0,5547.0,1.0
10,117,2,5497.0,5547.0,0.9909861
10,118,0,4926.0,5589.0,0.8813741
10,118,1,5589.0,5589.0,1.0
10,118,2,5497.0,5589.0,0.9835391
10,119,0,4926.0,5633.0,0.8744896
10,119,1,5633.0,5633.0,1.0
10,119,2,5497.0,5633.0,0.97585654
10,120,0,4926.0,5672.0,0.86847675
10,120,1,5633.0,5672.0,0.9931241
10,120,2,5672.0,5672.0,1.0
10,121,0,4926.0,5728.0,0.859986
10,121,1,5633.0,5728.0,0.9834148
10,121,2,5728.0,5728.0,1.0
10,122,0,4926.0,5765.0,0.8544666
10,122,1,5765.0,5765.0,1.0
10,122,2,5728.0,5765.0,0.99358195
10,123,0,4926.0,5839.0,0.8436376
10,123,1,5765.0,5839.0,0.9873266
10,123,2,5839.0,5839.0,1.0
10,124,0,4926.0,5884.0,0.83718556
10,124,1,5884.0,5884.0,1.0
10,124,2,5839.0,5884.0,0.9923521
10,125,0,4926.0,5928.0,0.83097166
10,125,1,5928.0,5928.0,1.0
10,125,2,5839.0,5928.0,0.9849865
10,126,0,4926.0,5969.0,0.82526386
10,126,1,5969.0,5969.0,1.0
10,126,2,5839.0,5969.0,0.9782208
10,127,0,4926.0,6009.0,0.81977034
10,127,1,5969.0,6009.0,0.9933433
10,127,2,6009.0,6009.0,1.0
10,128,0,4926.0,6049.0,0.8143495
10,128,1,5969.0,6049.0,0.9867747
10,128,2,6049.0,6049.0,1.0
10,129,0,4926.0,6080.0,0.81019735
10,129,1,6080.0,6080.0,1.0
10,129,2,6049.0,6080.0,0.9949013
10,130,0,4926.0,6113.0,0.8058237
10,130,1,6113.0,6113.0,1.0
10,130,2,6049.0,6113.0,0.9895305
10,131,0,4926.0,6139.0,0.80241084
10,131,1,6139.0,6139.0,1.0
10,131,2,6049.0,6139.0,0.98533964
10,132,0,4926.0,6180.0,0.7970874
10,132,1,6139.0,6180.0,0.9933657
10,132,2,6180.0,6180.0,1.0
10,133,0,4926.0,6235.0,0.7900561
10,133,1,6139.0,6235.0,0.98460305
10,133,2,6235.0,6235.0,1.0
10,134,0,4926.0,6267.0,0.786022
10,134,1,6267.0,6267.0,1.0
10,134,2,6235.0,6267.0,0.9948939
11,1,0,18.0,18.0,1.0
11,1,1,0.0,18.0,0.0
11,1,2,0.0,18.0,0.0
11,2,0,77.0,77.0,1.0
11,2,1,0.0,77.0,0.0
11,2,2,0.0,77.0,0.0
11,3,0,133.0,133.0,1.0
11,3,1,0.0,133.0,0.0
11,3,2,0.0,133.0,0.0
11,4,0,195.0,195.0,1.0
11,4,1,0.0,195.0,0.0
11,4,2,0.0,195.0,0.0
11,5,0,195.0,215.0,0.90697676
11,5,1,215.0,215.0,1.0
11,5,2,0.0,215.0,0.0
11,6,0,280.0,280.0,1.0
11,6,1,215.0,280.0,0.76785713
11,6,2,0.0,280.0,0.0
11,7,0,354.0,354.0,1.0
11,7,1,215.0,354.0,0.6073446
11,7,2,0.0,354.0,0.0
11,8,0,354.0,384.0,0.921875
11,8,1,384.0,384.0,1.0
11,8,2,0.0,384.0,0.0
11,9,0,354.0,429.0,0.8251748
11,9,1,429.0,429.0,1.0
11,9,2,0.0,429.0,0.0
11,10,0,354.0,453.0,0.78145695
11,10,1,429.0,453.0,0.9470199
11,10,2,453.0,453.0,1.0
11,11,0,533.0,533.0,1.0
11,11,1,429.0,533.0,0.80487806
11,11,2,453.0,533.0,0.8499062
11,12,0,613.0,613.0,1.0
11,12,1,429.0,613.0,0.69983685
11,12,2,453.0,613.0,0.7389886
11,13,0,684.0,684.0,1.0
11,13,1,429.0,684.0,0.627193
11,13,2,453.0,684.0,0.6622807
11,14,0,755.0,755.0,1.0
11,14,1,429.0,755.0,0.5682119
11,14,2,453.0,755.0,0.6
11,15,0,831.0,831.0,1.0
11,15,1,429.0,831.0,0.5162455
11,15,2,453.0,831.0,0.5451264
11,16,0,831.0,887.0,0.93686587
11,16,1,429.0,887.0,0.48365277
11,16,2,887.0,887.0,1.0
11,17,0,831.0,923.0,0.900325
11,17,1,923.0,923.0,1.0
11,17,2,887.0,923.0,0.96099675
11,18,0,831.0,960.0,0.865625
11,18,1,960.0,960.0,1.0
11,18,2,887.0,960.0,0.92395836
11,19,0,831.0,996.0,0.83433735
11,19,1,996.0,996.0,1.0
11,19,2,887.0,996.0,0.89056224
11,20,0,1055.0,1055.0,1.0
11,20,1,996.0,1055.0,0.9440758
11,20,2,887.0,1055.0,0.84075826
11,21,0,1055.0,1124.0,0.9386121
11,21,1,996.0,1124.0,0.886121
11,21,2,1124.0,1124.0,1.0
11,22,0,1055.0,1167.0,0.9040274
11,22,1,1167.0,1167.0,1.0
11,22,2,1124.0,1167.0,0.96315336
11,23,0,1239.0,1239.0,1.0
11,23,1,1167.0,1239.0,0.94188863
11,23,2,1124.0,1239.0,0.90718323
11,24,0,1239.0,1283.0,0.9657054
11,24,1,1167.0,1283.0,0.9095869
11,24,2,1283.0,1283.0,1.0
11,25,0,1239.0,1316.0,0.94148934
11,25,1,1316.0,1316.0,1.0
11,25,2,1283.0,1316.0,0.974924
11,26,0,1239.0,1348.0,0.91913944
11,26,1,1348.0,1348.0,1.0
11,26,2,1283.0,1348.0,0.95178044
11,27,0,1424.0,1424.0,1.0
11,27,1,1348.0,1424.0,0.9466292
11,27,2,1283.0,1424.0,0.90098315
11,28,0,1424.0,1490.0,0.9557047
11,28,1,1348.0,1490.0,0.904698
11,28,2,1490.0,1490.0,1.0
11,29,0,1424.0,1532.0,0.9295039
11,29,1,1532.0,1532.0,1.0
11,29,2,1490.0,1532.0,0.97258484
11,30,0,1424.0,1565.0,0.9099042
11,30,1,1565.0,1565.0,1.0
11,30,2,1490.0,1565.0,0.9520767
11,31,0,1424.0,1605.0,0.8872274
11,31,1,1565.0,1605.0,0.97507787
11,31,2,1605.0,1605.0,1.0
11,32,0,1424.0,1633.0,0.8720147
11,32,1,1633.0,1633.0,1.0
11,32,2,1605.0,1633.0,0.98285365
11,33,0,1424.0,1683.0,0.84610814
11,33,1,1633.0,1683.0,0.97029114
11,33,2,1683.0,1683.0,1.0
11,34,0,1758.0,1758.0,1.0
11,34,1,1633.0,1758.0,0.9288965
11,34,2,1683.0,1758.0,0.95733786
11,35,0,1758.0,1827.0,0.9622332
11,35,1,1633.0,1827.0,0.893815
11,35,2,1827.0,1827.0,1.0
11,36,0,1758.0,1900.0,0.92526317
11,36,1,1633.0,1900.0,0.8594737
11,36,2,1900.0,1900.0,1.0
11,37,0,1978.0,1978.0,1.0
11,37,1,1633.0,1978.0,0.8255814
11,37,2,1900.0,1978.0,0.9605662
11,38,0,1978.0,2013.0,0.982613
11,38,1,2013.0,2013.0,1.0
11,38,2,1900.0,2013.0,0.9438649
11,39,0,2076.0,2076.0,1.0
11,39,1,2013.0,2076.0,0.9696532
11,39,2,1900.0,2076.0,0.9152216
11,40,0,2076.0,2111.0,0.9834202
11,40,1,2111.0,2111.0,1.0
11,40,2,1900.0,2111.0,0.90004736
11,41,0,2076.0,2149.0,0.9660307
11,41,1,2111.0,2149.0,0.9823173
11,41,2,2149.0,2149.0,1.0
11,42,0,2076.0,2219.0,0.93555653
11,42,1,2111.0,2219.0,0.9513294
11,42,2,2219.0,2219.0,1.0
11,43,0,2076.0,2283.0,0.90932983
11,43,1,2111.0,2283.0,0.92466056
11,43,2,2283.0,2283.0,1.0
11,44,0,2076.0,2323.0,0.893672
11,44,1,2111.0,2323.0,0.9087387
11,44,2,2323.0,2323.0,1.0
11,45,0,2076.0,2360.0,0.879661
11,45,1,2111.0,2360.0,0.89449155
11,45,2,2360.0,2360.0,1.0
11,46,0,2076.0,2404.0,0.86356074
11,46,1,2111.0,2404.0,0.8781198
11,46,2,2404.0,2404.0,1.0
11,47,0,2076.0,2437.0,0.851867
11,47,1,2437.0,2437.0,1.0
11,47,2,2404.0,2437.0,0.9864588
11,48,0,2076.0,2475.0,0.83878785
11,48,1,2437.0,2475.0,0.98464644
11,48,2,2475.0,2475.0,1.0
11,49,0,2076.0,2510.0,0.82709163
11,49,1,2510.0,2510.0,1.0
11,49,2,2475.0,2510.0,0.9860558
11,50,0,2076.0,2550.0,0.81411767
11,50,1,2550.0,2550.0,1.0
11,50,2,2475.0,2550.0,0.9705882
11,51,0,2076.0,2623.0,0.79146016
11,51,1,2550.0,2623.0,0.9721693
11,51,2,2623.0,2623.0,1.0
11,52,0,2076.0,2656.0,0.7816265
11,52,1,2656.0,2656.0,1.0
11,52,2,2623.0,2656.0,0.9875753
11,53,0,2076.0,2711.0,0.76576906
11,53,1,2656.0,2711.0,0.9797123
11,53,2,2711.0,2711.0,1.0
11,54,0,2076.0,2749.0,0.7551837
11,54,1,2749.0,2749.0,1.0
11,54,2,2711.0,2749.0,0.9861768
11,55,0,2076.0,2783.0,0.7459576
11,55,1,2783.0,2783.0,1.0
11,55,2,2711.0,2783.0,0.97412866
11,56,0,2076.0,2828.0,0.7340877
11,56,1,2783.0,2828.0,0.9840877
11,56,2,2828.0,2828.0,1.0
11,57,0,2076.0,2863.0,0.7251135
11,57,1,2863.0,2863.0,1.0
11,57,2,2828.0,2863.0,0.9877751
11,58,0,2076.0,2908.0,0.7138927
11,58,1,2908.0,2908.0,1.0
11,58,2,2828.0,2908.0,0.97248966
11,59,0,2076.0,2949.0,0.70396745
11,59,1,2908.0,2949.0,0.986097
11,59,2,2949.0,2949.0,1.0
11,60,0,2076.0,2991.0,0.69408226
11,60,1,2908.0,2991.0,0.9722501
11,60,2,2991.0,2991.0,1.0
11,61,0,2076.0,3026.0,0.68605417
11,61,1,3026.0,3026.0,1.0
11,61,2,2991.0,3026.0,0.9884336
11,62,0,2076.0,3076.0,0.6749025
11,62,1,3076.0,3076.0,1.0
11,62,2,2991.0,3076.0,0.9723667
11,63,0,3131.0,3131.0,1.0
11,63,1,3076.0,3131.0,0.98243374
11,63,2,2991.0,3131.0,0.95528585
11,64,0,3131.0,3176.0,0.98583126
11,64,1,3176.0,3176.0,1.0
11,64,2,2991.0,3176.0,0.94175065
11,65,0,3131.0,3226.0,0.9705518
11,65,1,3226.0,3226.0,1.0
11,65,2,2991.0,3226.0,0.92715436
11,66,0,3131.0,3269.0,0.95778525
11,66,1,3269.0,3269.0,1.0
11,66,2,2991.0,3269.0,0.9149587
11,67,0,3131.0,3319.0,0.94335645
11,67,1,3319.0,3319.0,1.0
11,67,2,2991.0,3319.0,0.9011751
11,68,0,3131.0,3357.0,0.932678
11,68,1,3357.0,3357.0,1.0
11,68,2,2991.0,3357.0,0.8909741
11,69,0,3131.0,3394.0,0.9225103
11,69,1,3394.0,3394.0,1.0
11,69,2,2991.0,3394.0,0.88126105
11,70,0,3131.0,3436.0,0.911234
11,70,1,3436.0,3436.0,1.0
11,70,2,2991.0,3436.0,0.87048894
11,71,0,3131.0,3489.0,0.8973918
11,71,1,3436.0,3489.0,0.9848094
11,71,2,3489.0,3489.0,1.0
11,72,0,3131.0,3530.0,0.88696885
11,72,1,3530.0,3530.0,1.0
11,72,2,3489.0,3530.0,0.98838526
11,73,0,3131.0,3564.0,0.8785073
11,73,1,3530.0,3564.0,0.99046016
11,73,2,3564.0,3564.0,1.0
11,74,0,3131.0,3613.0,0.8665929
11,74,1,3613.0,3613.0,1.0
11,74,2,3564.0,3613.0,0.98643786
11,75,0,3131.0,3662.0,0.8549973
11,75,1,3613.0,3662.0,0.98661935
11,75,2,3662.0,3662.0,1.0
11,76,0,3131.0,3703.0,0.8455306
11,76,1,3703.0,3703.0,1.0
11,76,2,3662.0,3703.0,0.9889279
11,77,0,3769.0,3769.0,1.0
11,77,1,3703.0,3769.0,0.98248875
11,77,2,3662.0,3769.0,0.9716105
11,78,0,3769.0,3819.0,0.98690754
11,78,1,3819.0,3819.0,1.0
11,78,2,3662.0,3819.0,0.9588898
11,79,0,3769.0,3858.0,0.97693104
11,79,1,3858.0,3858.0,1.0
11,79,2,3662.0,3858.0,0.94919646
11,80,0,3769.0,3899.0,0.9666581
11,80,1,3899.0,3899.0,1.0
11,80,2,3662.0,3899.0,0.9392152
11,81,0,3769.0,3929.0,0.95927715
11,81,1,3929.0,3929.0,1.0
11,81,2,3662.0,3929.0,0.9320438
11,82,0,3769.0,3965.0,0.9505675
11,82,1,3965.0,3965.0,1.0
11,82,2,3662.0,3965.0,0.92358136
11,83,0,3769.0,4007.0,0.940604
11,83,1,4007.0,4007.0,1.0
11,83,2,3662.0,4007.0,0.9139007
11,84,0,3769.0,4064.0,0.92741144
11,84,1,4007.0,4064.0,0.98597443
11,84,2,4064.0,4064.0,1.0
11,85,0,3769.0,4114.0,0.91614
11,85,1,4114.0,4114.0,1.0
11,85,2,4064.0,4114.0,0.9878464
11,86,0,3769.0,4151.0,0.907974
11,86,1,4114.0,4151.0,0.9910865
11,86,2,4151.0,4151.0,1.0
11,87,0,3769.0,4182.0,0.90124345
11,87,1,4182.0,4182.0,1.0
11,87,2,4151.0,4182.0,0.99258727
11,88,0,3769.0,4224.0,0.8922822
11,88,1,4182.0,4224.0,0.9900568
11,88,2,4224.0,4224.0,1.0
11,89,0,3769.0,4289.0,0.8787596
11,89,1,4182.0,4289.0,0.9750525
11,89,2,4289.0,4289.0,1.0
11,90,0,3769.0,4322.0,0.87205
11,90,1,4322.0,4322.0,1.0
11,90,2,4289.0,4322.0,0.99236465
11,91,0,4388.0,4388.0,1.0
11,91,1,4322.0,4388.0,0.984959
11,91,2,4289.0,4388.0,0.97743845
11,92,0,4388.0,4461.0,0.98363596
11,92,1,4322.0,4461.0,0.9688411
11,92,2,4461.0,4461.0,1.0
11,93,0,4388.0,4517.0,0.9714412
11,93,1,4322.0,4517.0,0.9568297
11,93,2,4517.0,4517.0,1.0
11,94,0,4388.0,4543.0,0.9658816
11,94,1,4543.0,4543.0,1.0
11,94,2,4517.0,4543.0,0.9942769
11,95,0,4388.0,4578.0,0.95849717
11,95,1,4578.0,4578.0,1.0
11,95,2,4517.0,4578.0,0.9866754
11,96,0,4388.0,4638.0,0.94609743
11,96,1,4578.0,4638.0,0.9870634
11,96,2,4638.0,4638.0,1.0
11,97,0,4388.0,4670.0,0.93961453
11,97,1,4670.0,4670.0,1.0
11,97,2,4638.0,4670.0,0.99314773
11,98,0,4388.0,4715.0,0.9306469
11,98,1,4670.0,4715.0,0.990456
11,98,2,4715.0,4715.0,1.0
11,99,0,4388.0,4761.0,0.9216551
11,99,1,4761.0,4761.0,1.0
11,99,2,4715.0,4761.0,0.99033815
11,100,0,4388.0,4798.0,0.91454774
11,100,1,4761.0,4798.0,0.9922885
11,100,2,4798.0,4798.0,1.0
11,101,0,4388.0,4852.0,0.90436935
11,101,1,4761.0,4852.0,0.98124486
11,101,2,4852.0,4852.0,1.0
11,102,0,4388.0,4921.0,0.8916887
11,102,1,4761.0,4921.0,0.96748626
11,102,2,4921.0,4921.0,1.0
11,103,0,4388.0,4972.0,0.88254225
11,103,1,4761.0,4972.0,0.9575623
11,103,2,4972.0,4972.0,1.0
11,104,0,4388.0,5016.0,0.8748006
11,104,1,5016.0,5016.0,1.0
11,104,2,4972.0,5016.0,0.99122804
11,105,0,4388.0,5059.0,0.86736506
11,105,1,5059.0,5059.0,1.0
11,105,2,4972.0,5059.0,0.9828029
11,106,0,4388.0,5107.0,0.8592128
11,106,1,5107.0,5107.0,1.0
11,106,2,4972.0,5107.0,0.9735657
11,107,0,4388.0,5150.0,0.85203886
11,107,1,5150.0,5150.0,1.0
11,107,2,4972.0,5150.0,0.9654369
11,108,0,4388.0,5184.0,0.8464506
11,108,1,5184.0,5184.0,1.0
11,108,2,4972.0,5184.0,0.95910496
11,109,0,4388.0,5222.0,0.8402911
11,109,1,5222.0,5222.0,1.0
11,109,2,4972.0,5222.0,0.9521256
11,110,0,4388.0,5263.0,0.833745
11,110,1,5222.0,5263.0,0.9922098
11,110,2,5263.0,5263.0,1.0
11,111,0,4388.0,5305.0,0.8271442
11,111,1,5305.0,5305.0,1.0
11,111,2,5263.0,5305.0,0.99208295
11,112,0,4388.0,5349.0,0.8203403
11,112,1,5349.0,5349.0,1.0
11,112,2,5263.0,5349.0,0.98392224
11,113,0,4388.0,5405.0,0.8118409
11,113,1,5349.0,5405.0,0.9896392
11,113,2,5405.0,5405.0,1.0
11,114,0,4388.0,5437.0,0.80706275
11,114,1,5437.0,5437.0,1.0
11,114,2,5405.0,5437.0,0.9941144
11,115,0,4388.0,5469.0,0.80234045
11,115,1,5469.0,5469.0,1.0
11,115,2,5405.0,5469.0,0.9882977
11,116,0,4388.0,5514.0,0.7957925
11,116,1,5514.0,5514.0,1.0
11,116,2,5405.0,5514.0,0.9802321
11,117,0,4388.0,5582.0,0.7860982
11,117,1,5514.0,5582.0,0.987818
11,117,2,5582.0,5582.0,1.0
11,118,0,4388.0,5624.0,0.7802276
11,118,1,5624.0,5624.0,1.0
11,118,2,5582.0,5624.0,0.992532
11,119,0,4388.0,5672.0,0.77362484
11,119,1,5672.0,5672.0,1.0
11,119,2,5582.0,5672.0,0.9841326
11,120,0,4388.0,5708.0,0.7687456
11,120,1,5672.0,5708.0,0.99369305
11,120,2,5708.0,5708.0,1.0
11,121,0,4388.0,5750.0,0.7631304
11,121,1,5750.0,5750.0,1.0
11,121,2,5708.0,5750.0,0.9926956
11,122,0,4388.0,5792.0,0.7575967
11,122,1,5792.0,5792.0,1.0
11,122,2,5708.0,5792.0,0.98549724
11,123,0,4388.0,5841.0,0.7512412
11,123,1,5841.0,5841.0,1.0
11,123,2,5708.0,5841.0,0.97722995
11,124,0,4388.0,5909.0,0.74259603
11,124,1,5841.0,5909.0,0.98849213
11,124,2,5909.0,5909.0,1.0
11,125,0,4388.0,5952.0,0.7372312
11,125,1,5952.0,5952.0,1.0
11,125,2,5909.0,5952.0,0.99277556
11,126,0,4388.0,5992.0,0.73230976
11,126,1,5952.0,5992.0,0.99332446
11,126,2,5992.0,5992.0,1.0
11,127,0,4388.0,6038.0,0.7267307
11,127,1,6038.0,6038.0,1.0
11,127,2,5992.0,6038.0,0.9923816
11,128,0,4388.0,6071.0,0.7227804
11,128,1,6071.0,6071.0,1.0
11,128,2,5992.0,6071.0,0.9869873
11,129,0,4388.0,6104.0,0.71887285
11,129,1,6104.0,6104.0,1.0
11,129,2,5992.0,6104.0,0.98165137
11,130,0,4388.0,6139.0,0.71477437
11,130,1,6139.0,6139.0,1.0
11,130,2,5992.0,6139.0,0.9760547
11,131,0,4388.0,6184.0,0.7095731
11,131,1,6184.0,6184.0,1.0
11,131,2,5992.0,6184.0,0.9689521
11,132,0,4388.0,6221.0,0.70535284
11,132,1,6221.0,6221.0,1.0
11,132,2,5992.0,6221.0,0.9631892
11,133,0,4388.0,6257.0,0.70129454
11,133,1,6257.0,6257.0,1.0
11,133,2,5992.0,6257.0,0.95764744
11,134,0,4388.0,6302.0,0.6962869
11,134,1,6302.0,6302.0,1.0
11,134,2,5992.0,6302.0,0.95080924
12,1,0,41.0,41.0,1.0
12,1,1,0.0,41.0,0.0
12,1,2,0.0,41.0,0.0
12,2,0,113.0,113.0,1.0
12,2,1,0.0,113.0,0.0
12,2,2,0.0,113.0,0.0
12,3,0,164.0,164.0,1.0
12,3,1,0.0,164.0,0.0
12,3,2,0.0,164.0,0.0
12,4,0,164.0,189.0,0.8677249
12,4,1,189.0,189.0,1.0
12,4,2,0.0,189.0,0.0
12,5,0,254.0,254.0,1.0
12,5,1,189.0,254.0,0.7440945
12,5,2,0.0,254.0,0.0
12,6,0,316.0,316.0,1.0
12,6,1,189.0,316.0,0.59810126
12,6,2,0.0,316.0,0.0
12,7,0,316.0,359.0,0.88022286
12,7,1,359.0,359.0,1.0
12,7,2,0.0,359.0,0.0
12,8,0,316.0,412.0,0.7669903
12,8,1,359.0,412.0,0.8713592
12,8,2,412.0,412.0,1.0
12,9,0,488.0,488.0,1.0
12,9,1,359.0,488.0,0.7356557
12,9,2,412.0,488.0,0.8442623
12,10,0,488.0,530.0,0.92075473
12,10,1,530.0,530.0,1.0
12,10,2,412.0,530.0,0.7773585
12,11,0,588.0,588.0,1.0
12,11,1,530.0,588.0,0.9013606
12,11,2,412.0,588.0,0.70068026
12,12,0,659.0,659.0,1.0
12,12,1,530.0,659.0,0.80424887
12,12,2,412.0,659.0,0.62518966
12,13,0,659.0,695.0,0.9482014
12,13,1,695.0,695.0,1.0
12,13,2,412.0,695.0,0.59280574
12,14,0,659.0,737.0,0.8941655
12,14,1,737.0,737.0,1.0
12,14,2,412.0,737.0,0.5590231
12,15,0,798.0,798.0,1.0
12,15,1,737.0,798.0,0.9235589
12,15,2,412.0,798.0,0.5162907
12,16,0,842.0,842.0,1.0
12,16,1,737.0,842.0,0.8752969
12,16,2,412.0,842.0,0.48931116
12,17,0,901.0,901.0,1.0
12,17,1,737.0,901.0,0.81798005
12,17,2,412.0,901.0,0.4572697
12,18,0,976.0,976.0,1.0
12,18,1,737.0,976.0,0.75512296
12,18,2,412.0,976.0,0.42213115
12,19,0,1054.0,1054.0,1.0
12,19,1,737.0,1054.0,0.699241
12,19,2,412.0,1054.0,0.39089185
12,20,0,1054.0,1097.0,0.9608022
12,20,1,1097.0,1097.0,1.0
12,20,2,412.0,1097.0,0.37556973
12,21,0,1162.0,1162.0,1.0
12,21,1,1097.0,1162.0,0.94406193
12,21,2,412.0,1162.0,0.3545611
12,22,0,1162.0,1216.0,0.9555921
12,22,1,1097.0,1216.0,0.9021382
12,22,2,1216.0,1216.0,1.0
12,23,0,1162.0,1256.0,0.9251592
12,23,1,1256.0,1256.0,1.0
12,23,2,1216.0,1256.0,0.9681529
12,24,0,1162.0,1316.0,0.88297874
12,24,1,1256.0,1316.0,0.9544073
12,24,2,1316.0,1316.0,1.0
12,25,0,1162.0,1384.0,0.8395954
12,25,1,1256.0,1384.0,0.90751445
12,25,2,1384.0,1384.0,1.0
12,26,0,1162.0,1433.0,0.81088626
12,26,1,1256.0,1433.0,0.8764829
12,26,2,1433.0,1433.0,1.0
12,27,0,1162.0,1468.0,0.79155314
12,27,1,1468.0,1468.0,1.0
12,27,2,1433.0,1468.0,0.976158
12,28,0,1162.0,1509.0,0.7700464
12,28,1,1468.0,1509.0,0.9728297
12,28,2,1509.0,1509.0,1.0
12,29,0,1162.0,1544.0,0.75259066
12,29,1,1544.0,1544.0,1.0
12,29,2,1509.0,1544.0,0.9773316
12,30,0,1162.0,1590.0,0.7308176
12,30,1,1590.0,1590.0,1.0
12,30,2,1509.0,1590.0,0.9490566
12,31,0,1162.0,1629.0,0.71332103
12,31,1,1590.0,1629.0,0.97605896
12,31,2,1629.0,1629.0,1.0
12,32,0,1692.0,1692.0,1.0
12,32,1,1590.0,1692.0,0.93971634
12,32,2,1629.0,1692.0,0.96276593
12,33,0,1763.0,1763.0,1.0
12,33,1,1590.0,1763.0,0.9018718
12,33,2,1629.0,1763.0,0.9239932
12,34,0,1763.0,1828.0,0.964442
12,34,1,1590.0,1828.0,0.8698031
12,34,2,1828.0,1828.0,1.0
12,35,0,1763.0,1879.0,0.938265
12,35,1,1590.0,1879.0,0.8461948
12,35,2,1879.0,1879.0,1.0
12,36,0,1763.0,1919.0,0.91870767
12,36,1,1590.0,1919.0,0.82855654
12,36,2,1919.0,1919.0,1.0
12,37,0,1763.0,1957.0,0.90086865
12,37,1,1957.0,1957.0,1.0
12,37,2,1919.0,1957.0,0.98058254
12,38,0,1763.0,2002.0,0.8806194
12,38,1,2002.0,2002.0,1.0
12,38,2,1919.0,2002.0,0.95854145
12,39,0,1763.0,2035.0,0.8663391
12,39,1,2035.0,2035.0,1.0
12,39,2,1919.0,2035.0,0.9429975
12,40,0,1763.0,2109.0,0.8359412
12,40,1,2035.0,2109.0,0.9649123
12,40,2,2109.0,2109.0,1.0
12,41,0,1763.0,2157.0,0.8173389
12,41,1,2157.0,2157.0,1.0
12,41,2,2109.0,2157.0,0.97774684
12,42,0,2212.0,2212.0,1.0
12,42,1,2157.0,2212.0,0.9751356
12,42,2,2109.0,2212.0,0.9534358
12,43,0,2212.0,2255.0,0.9809313
12,43,1,2255.0,2255.0,1.0
12,43,2,2109.0,2255.0,0.935255
12,44,0,2212.0,2303.0,0.9604863
12,44,1,2303.0,2303.0,1.0
12,44,2,2109.0,2303.0,0.91576207
12,45,0,2212.0,2345.0,0.94328356
12,45,1,2345.0,2345.0,1.0
12,45,2,2109.0,2345.0,0.89936036
12,46,0,2212.0,2387.0,0.9266862
12,46,1,2387.0,2387.0,1.0
12,46,2,2109.0,2387.0,0.8835358
12,47,0,2212.0,2420.0,0.91404957
12,47,1,2420.0,2420.0,1.0
12,47,2,2109.0,2420.0,0.8714876
12,48,0,2479.0,2479.0,1.0
12,48,1,2420.0,2479.0,0.9762001
12,48,2,2109.0,2479.0,0.8507463
12,49,0,2544.0,2544.0,1.0
12,49,1,2420.0,2544.0,0.9512579
12,49,2,2109.0,2544.0,0.8290094
12,50,0,2544.0,2578.0,0.98681146
12,50,1,2578.0,2578.0,1.0
12,50,2,2109.0,2578.0,0.818076
12,51,0,2544.0,2614.0,0.9732211
12,51,1,2614.0,2614.0,1.0
12,51,2,2109.0,2614.0,0.8068095
12,52,0,2544.0,2664.0,0.954955
12,52,1,2614.0,2664.0,0.9812312
12,52,2,2664.0,2664.0,1.0
12,53,0,2544.0,2714.0,0.93736184
12,53,1,2714.0,2714.0,1.0
12,53,2,2664.0,2714.0,0.981577
12,54,0,2544.0,2764.0,0.9204052
12,54,1,2764.0,2764.0,1.0
12,54,2,2664.0,2764.0,0.9638206
12,55,0,2544.0,2804.0,0.9072753
12,55,1,2804.0,2804.0,1.0
12,55,2,2664.0,2804.0,0.95007133
12,56,0,2544.0,2847.0,0.89357215
12,56,1,2847.0,2847.0,1.0
12,56,2,2664.0,2847.0,0.9357218
12,57,0,2544.0,2887.0,0.88119155
12,57,1,2847.0,2887.0,0.9861448
12,57,2,2887.0,2887.0,1.0
12,58,0,2544.0,2926.0,0.86944634
12,58,1,2847.0,2926.0,0.9730007
12,58,2,2926.0,2926.0,1.0
12,59,0,2544.0,2959.0,0.8597499
12,59,1,2959.0,2959.0,1.0
12,59,2,2926.0,2959.0,0.9888476
12,60,0,2544.0,3032.0,0.8390501
12,60,1,2959.0,3032.0,0.9759235
12,60,2,3032.0,3032.0,1.0
12,61,0,2544.0,3101.0,0.8203805
12,61,1,2959.0,3101.0,0.9542083
12,61,2,3101.0,3101.0,1.0
12,62,0,2544.0,3132.0,0.8122605
12,62,1,3132.0,3132.0,1.0
12,62,2,3101.0,3132.0,0.9901022
12,63,0,2544.0,3169.0,0.8027769
12,63,1,3169.0,3169.0,1.0
12,63,2,3101.0,3169.0,0.97854215
12,64,0,2544.0,3202.0,0.79450345
12,64,1,3202.0,3202.0,1.0
12,64,2,3101.0,3202.0,0.9684572
12,65,0,2544.0,3242.0,0.7847008
12,65,1,3242.0,3242.0,1.0
12,65,2,3101.0,3242.0,0.95650834
12,66,0,2544.0,3286.0,0.7741935
12,66,1,3242.0,3286.0,0.9866099
12,66,2,3286.0,3286.0,1.0
12,67,0,2544.0,3336.0,0.76258993
12,67,1,3336.0,3336.0,1.0
12,67,2,3286.0,3336.0,0.985012
12,68,0,2544.0,3378.0,0.7531083
12,68,1,3336.0,3378.0,0.9875666
12,68,2,3378.0,3378.0,1.0
12,69,0,2544.0,3434.0,0.740827
12,69,1,3336.0,3434.0,0.97146183
12,69,2,3434.0,3434.0,1.0
12,70,0,2544.0,3474.0,0.73229706
12,70,1,3474.0,3474.0,1.0
12,70,2,3434.0,3474.0,0.9884859
12,71,0,2544.0,3511.0,0.7245799
12,71,1,3474.0,3511.0,0.9894617
12,71,2,3511.0,3511.0,1.0
12,72,0,2544.0,3549.0,0.7168216
12,72,1,3549.0,3549.0,1.0
12,72,2,3511.0,3549.0,0.98929274
12,73,0,3605.0,3605.0,1.0
12,73,1,3549.0,3605.0,0.984466
12,73,2,3511.0,3605.0,0.9739251
12,74,0,3605.0,3658.0,0.9855112
12,74,1,3549.0,3658.0,0.97020227
12,74,2,3658.0,3658.0,1.0
12,75,0,3605.0,3691.0,0.97670007
12,75,1,3691.0,3691.0,1.0
12,75,2,3658.0,3691.0,0.99105936
12,76,0,3605.0,3726.0,0.9675255
12,76,1,3726.0,3726.0,1.0
12,76,2,3658.0,3726.0,0.9817499
12,77,0,3605.0,3763.0,0.9580122
12,77,1,3763.0,3763.0,1.0
12,77,2,3658.0,3763.0,0.97209674
12,78,0,3605.0,3801.0,0.94843465
12,78,1,3801.0,3801.0,1.0
12,78,2,3658.0,3801.0,0.9623783
12,79,0,3605.0,3858.0,0.93442196
12,79,1,3801.0,3858.0,0.9852255
12,79,2,3858.0,3858.0,1.0
12,80,0,3605.0,3895.0,0.9255456
12,80,1,3801.0,3895.0,0.9758665
12,80,2,3895.0,3895.0,1.0
12,81,0,3605.0,3931.0,0.91706944
12,81,1,3931.0,3931.0,1.0
12,81,2,3895.0,3931.0,0.99084204
12,82,0,3605.0,4001.0,0.90102476
12,82,1,3931.0,4001.0,0.98250437
12,82,2,4001.0,4001.0,1.0
12,83,0,3605.0,4032.0,0.8940972
12,83,1,4032.0,4032.0,1.0
12,83,2,4001.0,4032.0,0.99231154
12,84,0,3605.0,4069.0,0.8859671
12,84,1,4032.0,4069.0,0.99090683
12,84,2,4069.0,4069.0,1.0
12,85,0,3605.0,4106.0,0.87798345
12,85,1,4106.0,4106.0,1.0
12,85,2,4069.0,4106.0,0.9909888
12,86,0,3605.0,4138.0,0.8711938
12,86,1,4138.0,4138.0,1.0
12,86,2,4069.0,4138.0,0.9833253
12,87,0,3605.0,4192.0,0.85997134
12,87,1,4138.0,4192.0,0.9871183
12,87,2,4192.0,4192.0,1.0
12,88,0,3605.0,4230.0,0.85224587
12,88,1,4230.0,4230.0,1.0
12,88,2,4192.0,4230.0,0.99101657
12,89,0,3605.0,4271.0,0.8440646
12,89,1,4271.0,4271.0,1.0
12,89,2,4192.0,4271.0,0.9815032
12,90,0,3605.0,4317.0,0.83507067
12,90,1,4317.0,4317.0,1.0
12,90,2,4192.0,4317.0,0.9710447
12,91,0,3605.0,4349.0,0.8289262
12,91,1,4349.0,4349.0,1.0
12,91,2,4192.0,4349.0,0.96389973
12,92,0,3605.0,4382.0,0.8226837
12,92,1,4382.0,4382.0,1.0
12,92,2,4192.0,4382.0,0.9566408
12,93,0,3605.0,4422.0,0.815242
12,93,1,4382.0,4422.0,0.99095434
12,93,2,4422.0,4422.0,1.0
12,94,0,3605.0,4459.0,0.8084772
12,94,1,4459.0,4459.0,1.0
12,94,2,4422.0,4459.0,0.9917022
12,95,0,3605.0,4528.0,0.79615724
12,95,1,4459.0,4528.0,0.9847615
12,95,2,4528.0,4528.0,1.0
12,96,0,3605.0,4572.0,0.7884952
12,96,1,4572.0,4572.0,1.0
12,96,2,4528.0,4572.0,0.9903762
12,97,0,3605.0,4609.0,0.78216535
12,97,1,4609.0,4609.0,1.0
12,97,2,4528.0,4609.0,0.9824257
12,98,0,3605.0,4646.0,0.7759363
12,98,1,4646.0,4646.0,1.0
12,98,2,4528.0,4646.0,0.9746018
12,99,0,3605.0,4681.0,0.77013457
12,99,1,4681.0,4681.0,1.0
12,99,2,4528.0,4681.0,0.96731466
12,100,0,3605.0,4731.0,0.7619954
12,100,1,4731.0,4731.0,1.0
12,100,2,4528.0,4731.0,0.9570915
12,101,0,3605.0,4771.0,0.7556068
12,101,1,4731.0,4771.0,0.991616
12,101,2,4771.0,4771.0,1.0
12,102,0,3605.0,4814.0,0.7488575
12,102,1,4814.0,4814.0,1.0
12,102,2,4771.0,4814.0,0.9910677
12,103,0,3605.0,4887.0,0.7376714
12,103,1,4814.0,4887.0,0.9850624
12,103,2,4887.0,4887.0,1.0
12,104,0,3605.0,4942.0,0.7294617
12,104,1,4814.0,4942.0,0.9740996
12,104,2,4942.0,4942.0,1.0
12,105,0,3605.0,4992.0,0.72215545
12,105,1,4992.0,4992.0,1.0
12,105,2,4942.0,4992.0,0.989984
12,106,0,3605.0,5037.0,0.7157038
12,106,1,5037.0,5037.0,1.0
12,106,2,4942.0,5037.0,0.98113954
12,107,0,3605.0,5079.0,0.7097854
12,107,1,5079.0,5079.0,1.0
12,107,2,4942.0,5079.0,0.9730262
12,108,0,3605.0,5111.0,0.7053414
12,108,1,5111.0,5111.0,1.0
12,108,2,4942.0,5111.0,0.9669341
12,109,0,3605.0,5184.0,0.69540894
12,109,1,5111.0,5184.0,0.9859182
12,109,2,5184.0,5184.0,1.0
12,110,0,3605.0,5214.0,0.69140774
12,110,1,5214.0,5214.0,1.0
12,110,2,5184.0,5214.0,0.99424624
12,111,0,3605.0,5256.0,0.6858828
12,111,1,5214.0,5256.0,0.9920091
12,111,2,5256.0,5256.0,1.0
12,112,0,3605.0,5305.0,0.6795476
12,112,1,5305.0,5305.0,1.0
12,112,2,5256.0,5305.0,0.9907634
12,113,0,3605.0,5349.0,0.67395777
12,113,1,5349.0,5349.0,1.0
12,113,2,5256.0,5349.0,0.98261356
12,114,0,3605.0,5390.0,0.66883117
12,114,1,5390.0,5390.0,1.0
12,114,2,5256.0,5390.0,0.97513914
12,115,0,3605.0,5441.0,0.662562
12,115,1,5390.0,5441.0,0.99062675
12,115,2,5441.0,5441.0,1.0
12,116,0,3605.0,5496.0,0.6559316
12,116,1,5390.0,5496.0,0.98071325
12,116,2,5496.0,5496.0,1.0
12,117,0,3605.0,5560.0,0.6483813
12,117,1,5390.0,5560.0,0.9694245
12,117,2,5560.0,5560.0,1.0
12,118,0,3605.0,5605.0,0.6431757
12,118,1,5605.0,5605.0,1.0
12,118,2,5560.0,5605.0,0.99197143
12,119,0,3605.0,5643.0,0.6388446
12,119,1,5643.0,5643.0,1.0
12,119,2,5560.0,5643.0,0.98529154
12,120,0,3605.0,5686.0,0.63401335
12,120,1,5643.0,5686.0,0.99243754
12,120,2,5686.0,5686.0,1.0
12,121,0,3605.0,5720.0,0.63024473
12,121,1,5720.0,5720.0,1.0
12,121,2,5686.0,5720.0,0.9940559
12,122,0,3605.0,5765.0,0.62532526
12,122,1,5765.0,5765.0,1.0
12,122,2,5686.0,5765.0,0.9862966
12,123,0,3605.0,5806.0,0.6209094
12,123,1,5806.0,5806.0,1.0
12,123,2,5686.0,5806.0,0.97933173
12,124,0,3605.0,5847.0,0.6165555
12,124,1,5847.0,5847.0,1.0
12,124,2,5686.0,5847.0,0.9724645
12,125,0,3605.0,5877.0,0.6134082
12,125,1,5877.0,5877.0,1.0
12,125,2,5686.0,5877.0,0.96750045
12,126,0,3605.0,5912.0,0.60977674
12,126,1,5912.0,5912.0,1.0
12,126,2,5686.0,5912.0,0.9617727
12,127,0,3605.0,5957.0,0.60517037
12,127,1,5957.0,5957.0,1.0
12,127,2,5686.0,5957.0,0.9545073
12,128,0,3605.0,6001.0,0.6007332
12,128,1,6001.0,6001.0,1.0
12,128,2,5686.0,6001.0,0.94750875
12,129,0,3605.0,6045.0,0.5963606
12,129,1,6045.0,6045.0,1.0
12,129,2,5686.0,6045.0,0.9406121
12,130,0,3605.0,6106.0,0.5904029
12,130,1,6045.0,6106.0,0.99000984
12,130,2,6106.0,6106.0,1.0
12,131,0,3605.0,6142.0,0.5869424
12,131,1,6045.0,6142.0,0.9842071
12,131,2,6142.0,6142.0,1.0
12,132,0,3605.0,6183.0,0.5830503
12,132,1,6045.0,6183.0,0.97768074
12,132,2,6183.0,6183.0,1.0
12,133,0,3605.0,6249.0,0.5768923
12,133,1,6045.0,6249.0,0.9673548
12,133,2,6249.0,6249.0,1.0
12,134,0,3605.0,6282.0,0.57386184
12,134,1,6045.0,6282.0,0.9622732
12,134,2,6282.0,6282.0,1.0
13,1,0,15.0,15.0,1.0
13,1,1,0.0,15.0,0.0
13,1,2,0.0,15.0,0.0
13,2,0,87.0,87.0,1.0
13,2,1,0.0,87.0,0.0
13,2,2,0.0,87.0,0.0
13,3,0,138.0,138.0,1.0
13,3,1,0.0,138.0,0.0
13,3,2,0.0,138.0,0.0
13,4,0,216.0,216.0,1.0
13,4,1,0.0,216.0,0.0
13,4,2,0.0,216.0,0.0
13,5,0,216.0,246.0,0.8780488
13,5,1,246.0,246.0,1.0
13,5,2,0.0,246.0,0.0
13,6,0,305.0,305.0,1.0
13,6,1,246.0,305.0,0.80655736
13,6,2,0.0,305.0,0.0
13,7,0,305.0,345.0,0.884058
13,7,1,345.0,345.0,1.0
13,7,2,0.0,345.0,0.0
13,8,0,410.0,410.0,1.0
13,8,1,345.0,410.0,0.8414634
13,8,2,0.0,410.0,0.0
13,9,0,410.0,445.0,0.92134833
13,9,1,445.0,445.0,1.0
13,9,2,0.0,445.0,0.0
13,10,0,410.0,479.0,0.8559499
13,10,1,445.0,479.0,0.9290188
13,10,2,479.0,479.0,1.0
13,11,0,535.0,535.0,1.0
13,11,1,445.0,535.0,0.8317757
13,11,2,479.0,535.0,0.8953271
13,12,0,535.0,565.0,0.94690263
13,12,1,565.0,565.0,1.0
13,12,2,479.0,565.0,0.8477876
13,13,0,535.0,603.0,0.8872305
13,13,1,565.0,603.0,0.93698174
13,13,2,603.0,603.0,1.0
13,14,0,535.0,638.0,0.838558
13,14,1,638.0,638.0,1.0
13,14,2,603.0,638.0,0.9451411
13,15,0,535.0,683.0,0.7833089
13,15,1,683.0,683.0,1.0
13,15,2,603.0,683.0,0.8828697
13,16,0,746.0,746.0,1.0
13,16,1,683.0,746.0,0.9155496
13,16,2,603.0,746.0,0.808311
13,17,0,811.0,811.0,1.0
13,17,1,683.0,811.0,0.8421702
13,17,2,603.0,811.0,0.7435265
13,18,0,811.0,866.0,0.9364896
13,18,1,683.0,866.0,0.7886836
13,18,2,866.0,866.0,1.0
13,19,0,811.0,907.0,0.8941566
13,19,1,683.0,907.0,0.75303197
13,19,2,907.0,907.0,1.0
13,20,0,811.0,952.0,0.85189074
13,20,1,683.0,952.0,0.71743697
13,20,2,952.0,952.0,1.0
13,21,0,1033.0,1033.0,1.0
13,21,1,683.0,1033.0,0.66118103
13,21,2,952.0,1033.0,0.9215876
13,22,0,1109.0,1109.0,1.0
13,22,1,683.0,1109.0,0.6158702
13,22,2,952.0,1109.0,0.85843104
13,23,0,1109.0,1145.0,0.96855897
13,23,1,1145.0,1145.0,1.0
13,23,2,952.0,1145.0,0.83144104
13,24,0,1203.0,1203.0,1.0
13,24,1,1145.0,1203.0,0.9517872
13,24,2,952.0,1203.0,0.79135495
13,25,0,1203.0,1244.0,0.9670418
13,25,1,1244.0,1244.0,1.0
13,25,2,952.0,1244.0,0.76527333
13,26,0,1203.0,1288.0,0.9340062
13,26,1,1288.0,1288.0,1.0
13,26,2,952.0,1288.0,0.73913044
13,27,0,1203.0,1324.0,0.9086103
13,27,1,1324.0,1324.0,1.0
13,27,2,952.0,1324.0,0.71903324
13,28,0,1203.0,1389.0,0.8660907
13,28,1,1324.0,1389.0,0.95320374
13,28,2,1389.0,1389.0,1.0
13,29,0,1451.0,1451.0,1.0
13,29,1,1324.0,1451.0,0.91247416
13,29,2,1389.0,1451.0,0.95727086
13,30,0,1451.0,1482.0,0.97908235
13,30,1,1324.0,1482.0,0.8933873
13,30,2,1482.0,1482.0,1.0
13,31,0,1451.0,1551.0,0.9355255
13,31,1,1324.0,1551.0,0.8536428
13,31,2,1551.0,1551.0,1.0
13,32,0,1451.0,1586.0,0.9148802
13,32,1,1324.0,1586.0,0.83480453
13,32,2,1586.0,1586.0,1.0
13,33,0,1657.0,1657.0,1.0
13,33,1,1324.0,1657.0,0.7990344
13,33,2,1586.0,1657.0,0.9571515
13,34,0,1657.0,1696.0,0.9770047
13,34,1,1324.0,1696.0,0.7806604
13,34,2,1696.0,1696.0,1.0
13,35,0,1657.0,1736.0,0.9544931
13,35,1,1736.0,1736.0,1.0
13,35,2,1696.0,1736.0,0.9769585
13,36,0,1657.0,1775.0,0.93352115
13,36,1,1736.0,1775.0,0.9780282
13,36,2,1775.0,1775.0,1.0
13,37,0,1657.0,1805.0,0.9180055
13,37,1,1805.0,1805.0,1.0
13,37,2,1775.0,1805.0,0.9833795
13,38,0,1657.0,1842.0,0.8995657
13,38,1,1805.0,1842.0,0.9799131
13,38,2,1842.0,1842.0,1.0
13,39,0,1657.0,1885.0,0.87904507
13,39,1,1885.0,1885.0,1.0
13,39,2,1842.0,1885.0,0.97718835
13,40,0,1657.0,1925.0,0.8607792
13,40,1,1885.0,1925.0,0.9792208
13,40,2,1925.0,1925.0,1.0
13,41,0,1657.0,1958.0,0.8462717
13,41,1,1958.0,1958.0,1.0
13,41,2,1925.0,1958.0,0.9831461
13,42,0,1657.0,2003.0,0.8272591
13,42,1,2003.0,2003.0,1.0
13,42,2,1925.0,2003.0,0.96105844
13,43,0,1657.0,2040.0,0.8122549
13,43,1,2040.0,2040.0,1.0
13,43,2,1925.0,2040.0,0.9436275
13,44,0,1657.0,2074.0,0.7989392
13,44,1,2074.0,2074.0,1.0
13,44,2,1925.0,2074.0,0.92815816
13,45,0,1657.0,2108.0,0.7860531
13,45,1,2108.0,2108.0,1.0
13,45,2,1925.0,2108.0,0.91318786
13,46,0,2183.0,2183.0,1.0
13,46,1,2108.0,2183.0,0.9656436
13,46,2,1925.0,2183.0,0.881814
13,47,0,2183.0,2220.0,0.98333335
13,47,1,2108.0,2220.0,0.94954956
13,47,2,2220.0,2220.0,1.0
13,48,0,2183.0,2276.0,0.9591388
13,48,1,2108.0,2276.0,0.92618626
13,48,2,2276.0,2276.0,1.0
13,49,0,2183.0,2326.0,0.9385211
13,49,1,2326.0,2326.0,1.0
13,49,2,2276.0,2326.0,0.9785039
13,50,0,2183.0,2363.0,0.9238256
13,50,1,2363.0,2363.0,1.0
13,50,2,2276.0,2363.0,0.9631824
13,51,0,2437.0,2437.0,1.0
13,51,1,2363.0,2437.0,0.9696348
13,51,2,2276.0,2437.0,0.93393517
13,52,0,2437.0,2491.0,0.97832197
13,52,1,2363.0,2491.0,0.948615
13,52,2,2491.0,2491.0,1.0
13,53,0,2437.0,2529.0,0.963622
13,53,1,2529.0,2529.0,1.0
13,53,2,2491.0,2529.0,0.9849743
13,54,0,2437.0,2570.0,0.94824904
13,54,1,2570.0,2570.0,1.0
13,54,2,2491.0,2570.0,0.9692607
13,55,0,2437.0,2640.0,0.9231061
13,55,1,2570.0,2640.0,0.9734849
13,55,2,2640.0,2640.0,1.0
13,56,0,2437.0,2680.0,0.90932834
13,56,1,2680.0,2680.0,1.0
13,56,2,2640.0,2680.0,0.98507464
13,57,0,2437.0,2715.0,0.8976059
13,57,1,2715.0,2715.0,1.0
13,57,2,2640.0,2715.0,0.9723757
13,58,0,2774.0,2774.0,1.0
13,58,1,2715.0,2774.0,0.9787311
13,58,2,2640.0,2774.0,0.9516943
13,59,0,2845.0,2845.0,1.0
13,59,1,2715.0,2845.0,0.9543058
13,59,2,2640.0,2845.0,0.92794377
13,60,0,2845.0,2888.0,0.9851108
13,60,1,2888.0,2888.0,1.0
13,60,2,2640.0,2888.0,0.9141274
13,61,0,2845.0,2933.0,0.9699966
13,61,1,2933.0,2933.0,1.0
13,61,2,2640.0,2933.0,0.90010226
13,62,0,2845.0,2966.0,0.9592043
13,62,1,2966.0,2966.0,1.0
13,62,2,2640.0,2966.0,0.89008766
13,63,0,2845.0,3017.0,0.9429897
13,63,1,2966.0,3017.0,0.98309577
13,63,2,3017.0,3017.0,1.0
13,64,0,2845.0,3050.0,0.9327869
13,64,1,3050.0,3050.0,1.0
13,64,2,3017.0,3050.0,0.9891803
13,65,0,2845.0,3083.0,0.92280245
13,65,1,3083.0,3083.0,1.0
13,65,2,3017.0,3083.0,0.9785923
13,66,0,2845.0,3128.0,0.9095268
13,66,1,3128.0,3128.0,1.0
13,66,2,3017.0,3128.0,0.9645141
13,67,0,2845.0,3201.0,0.88878477
13,67,1,3128.0,3201.0,0.9771946
13,67,2,3201.0,3201.0,1.0
13,68,0,2845.0,3251.0,0.87511533
13,68,1,3251.0,3251.0,1.0
13,68,2,3201.0,3251.0,0.9846201
13,69,0,2845.0,3300.0,0.8621212
13,69,1,3300.0,3300.0,1.0
13,69,2,3201.0,3300.0,0.97
13,70,0,2845.0,3369.0,0.84446424
13,70,1,3300.0,3369.0,0.9795191
13,70,2,3369.0,3369.0,1.0
13,71,0,2845.0,3412.0,0.83382183
13,71,1,3412.0,3412.0,1.0
13,71,2,3369.0,3412.0,0.98739743
13,72,0,2845.0,3480.0,0.8175287
13,72,1,3412.0,3480.0,0.98045975
13,72,2,3480.0,3480.0,1.0
13,73,0,2845.0,3519.0,0.80846834
13,73,1,3412.0,3519.0,0.96959364
13,73,2,3519.0,3519.0,1.0
13,74,0,2845.0,3561.0,0.7989329
13,74,1,3561.0,3561.0,1.0
13,74,2,3519.0,3561.0,0.98820555
13,75,0,2845.0,3603.0,0.78961974
13,75,1,3603.0,3603.0,1.0
13,75,2,3519.0,3603.0,0.9766861
13,76,0,2845.0,3653.0,0.77881193
13,76,1,3653.0,3653.0,1.0
13,76,2,3519.0,3653.0,0.9633178
13,77,0,2845.0,3697.0,0.7695429
13,77,1,3697.0,3697.0,1.0
13,77,2,3519.0,3697.0,0.95185286
13,78,0,2845.0,3747.0,0.75927407
13,78,1,3747.0,3747.0,1.0
13,78,2,3519.0,3747.0,0.93915135
13,79,0,2845.0,3785.0,0.7516512
13,79,1,3785.0,3785.0,1.0
13,79,2,3519.0,3785.0,0.9297226
13,80,0,2845.0,3818.0,0.74515456
13,80,1,3818.0,3818.0,1.0
13,80,2,3519.0,3818.0,0.92168677
13,81,0,2845.0,3861.0,0.73685575
13,81,1,3861.0,3861.0,1.0
13,81,2,3519.0,3861.0,0.9114219
13,82,0,2845.0,3903.0,0.7289265
13,82,1,3903.0,3903.0,1.0
13,82,2,3519.0,3903.0,0.9016141
13,83,0,2845.0,3947.0,0.7208006
13,83,1,3947.0,3947.0,1.0
13,83,2,3519.0,3947.0,0.89156324
13,84,0,2845.0,4007.0,0.7100075
13,84,1,3947.0,4007.0,0.9850262
13,84,2,4007.0,4007.0,1.0
13,85,0,2845.0,4049.0,0.7026426
13,85,1,4049.0,4049.0,1.0
13,85,2,4007.0,4049.0,0.98962706
13,86,0,2845.0,4122.0,0.69019896
13,86,1,4049.0,4122.0,0.98229015
13,86,2,4122.0,4122.0,1.0
13,87,0,2845.0,4168.0,0.6825816
13,87,1,4168.0,4168.0,1.0
13,87,2,4122.0,4168.0,0.98896354
13,88,0,2845.0,4205.0,0.6765755
13,88,1,4205.0,4205.0,1.0
13,88,2,4122.0,4205.0,0.98026156
13,89,0,2845.0,4247.0,0.6698846
13,89,1,4247.0,4247.0,1.0
13,89,2,4122.0,4247.0,0.97056746
13,90,0,2845.0,4288.0,0.6634795
13,90,1,4247.0,4288.0,0.99043846
13,90,2,4288.0,4288.0,1.0
13,91,0,2845.0,4320.0,0.6585648
13,91,1,4320.0,4320.0,1.0
13,91,2,4288.0,4320.0,0.9925926
13,92,0,2845.0,4360.0,0.6525229
13,92,1,4320.0,4360.0,0.9908257
13,92,2,4360.0,4360.0,1.0
13,93,0,2845.0,4406.0,0.6457104
13,93,1,4406.0,4406.0,1.0
13,93,2,4360.0,4406.0,0.9895597
13,94,0,2845.0,4463.0,0.63746357
13,94,1,4406.0,4463.0,0.98722833
13,94,2,4463.0,4463.0,1.0
13,95,0,2845.0,4511.0,0.63068056
13,95,1,4511.0,4511.0,1.0
13,95,2,4463.0,4511.0,0.9893593
13,96,0,2845.0,4552.0,0.625
13,96,1,4552.0,4552.0,1.0
13,96,2,4463.0,4552.0,0.9804481
13,97,0,2845.0,4600.0,0.61847824
13,97,1,4600.0,4600.0,1.0
13,97,2,4463.0,4600.0,0.9702174
13,98,0,4680.0,4680.0,1.0
13,98,1,4600.0,4680.0,0.982906
13,98,2,4463.0,4680.0,0.9536325
13,99,0,4680.0,4721.0,0.9913154
13,99,1,4721.0,4721.0,1.0
13,99,2,4463.0,4721.0,0.9453506
13,100,0,4680.0,4757.0,0.98381335
13,100,1,4757.0,4757.0,1.0
13,100,2,4463.0,4757.0,0.93819636
13,101,0,4680.0,4812.0,0.9725686
13,101,1,4757.0,4812.0,0.9885702
13,101,2,4812.0,4812.0,1.0
13,102,0,4680.0,4850.0,0.9649485
13,102,1,4850.0,4850.0,1.0
13,102,2,4812.0,4850.0,0.99216497
13,103,0,4680.0,4892.0,0.95666397
13,103,1,4892.0,4892.0,1.0
13,103,2,4812.0,4892.0,0.98364675
13,104,0,4680.0,4942.0,0.946985
13,104,1,4892.0,4942.0,0.98988265
13,104,2,4942.0,4942.0,1.0
13,105,0,5018.0,5018.0,1.0
13,105,1,4892.0,5018.0,0.9748904
13,105,2,4942.0,5018.0,0.9848545
13,106,0,5018.0,5053.0,0.9930734
13,106,1,5053.0,5053.0,1.0
13,106,2,4942.0,5053.0,0.9780328
13,107,0,5018.0,5098.0,0.9843076
13,107,1,5098.0,5098.0,1.0
13,107,2,4942.0,5098.0,0.96939975
13,108,0,5018.0,5135.0,0.9772152
13,108,1,5098.0,5135.0,0.9927946
13,108,2,5135.0,5135.0,1.0
13,109,0,5018.0,5199.0,0.96518564
13,109,1,5098.0,5199.0,0.9805732
13,109,2,5199.0,5199.0,1.0
13,110,0,5018.0,5248.0,0.9561738
13,110,1,5098.0,5248.0,0.97141767
13,110,2,5248.0,5248.0,1.0
13,111,0,5018.0,5298.0,0.9471499
13,111,1,5298.0,5298.0,1.0
13,111,2,5248.0,5298.0,0.9905625
13,112,0,5018.0,5331.0,0.9412868
13,112,1,5331.0,5331.0,1.0
13,112,2,5248.0,5331.0,0.9844307
13,113,0,5018.0,5361.0,0.9360194
13,113,1,5361.0,5361.0,1.0
13,113,2,5248.0,5361.0,0.97892183
13,114,0,5018.0,5429.0,0.9242954
13,114,1,5361.0,5429.0,0.9874747
13,114,2,5429.0,5429.0,1.0
13,115,0,5018.0,5466.0,0.9180388
13,115,1,5466.0,5466.0,1.0
13,115,2,5429.0,5466.0,0.9932309
13,116,0,5018.0,5508.0,0.9110385
13,116,1,5466.0,5508.0,0.9923747
13,116,2,5508.0,5508.0,1.0
13,117,0,5018.0,5577.0,0.8997669
13,117,1,5466.0,5577.0,0.9800968
13,117,2,5577.0,5577.0,1.0
13,118,0,5018.0,5614.0,0.89383686
13,118,1,5614.0,5614.0,1.0
13,118,2,5577.0,5614.0,0.99340934
13,119,0,5018.0,5645.0,0.88892823
13,119,1,5645.0,5645.0,1.0
13,119,2,5577.0,5645.0,0.98795396
13,120,0,5018.0,5688.0,0.88220817
13,120,1,5688.0,5688.0,1.0
13,120,2,5577.0,5688.0,0.98048526
13,121,0,5018.0,5728.0,0.8760475
13,121,1,5728.0,5728.0,1.0
13,121,2,5577.0,5728.0,0.9736383
13,122,0,5018.0,5777.0,0.86861694
13,122,1,5777.0,5777.0,1.0
13,122,2,5577.0,5777.0,0.96537995
13,123,0,5018.0,5830.0,0.8607204
13,123,1,5777.0,5830.0,0.9909091
13,123,2,5830.0,5830.0,1.0
13,124,0,5018.0,5903.0,0.85007626
13,124,1,5777.0,5903.0,0.9786549
13,124,2,5903.0,5903.0,1.0
13,125,0,5018.0,5959.0,0.8420876
13,125,1,5777.0,5959.0,0.969458
13,125,2,5959.0,5959.0,1.0
13,126,0,5018.0,5997.0,0.8367517
13,126,1,5997.0,5997.0,1.0
13,126,2,5959.0,5997.0,0.9936635
13,127,0,5018.0,6035.0,0.831483
13,127,1,6035.0,6035.0,1.0
13,127,2,5959.0,6035.0,0.9874068
13,128,0,5018.0,6061.0,0.8279162
13,128,1,6061.0,6061.0,1.0
13,128,2,5959.0,6061.0,0.9831711
13,129,0,5018.0,6093.0,0.82356805
13,129,1,6093.0,6093.0,1.0
13,129,2,5959.0,6093.0,0.97800756
13,130,0,5018.0,6159.0,0.8147426
13,130,1,6093.0,6159.0,0.989284
13,130,2,6159.0,6159.0,1.0
13,131,0,5018.0,6192.0,0.81040055
13,131,1,6093.0,6192.0,0.98401165
13,131,2,6192.0,6192.0,1.0
13,132,0,5018.0,6234.0,0.80494064
13,132,1,6093.0,6234.0,0.9773821
13,132,2,6234.0,6234.0,1.0
13,133,0,5018.0,6290.0,0.79777426
13,133,1,6093.0,6290.0,0.96868044
13,133,2,6290.0,6290.0,1.0
13,134,0,5018.0,6322.0,0.79373616
13,134,1,6322.0,6322.0,1.0
13,134,2,6290.0,6322.0,0.9949383
14,1,0,41.0,41.0,1.0
14,1,1,0.0,41.0,0.0
14,1,2,0.0,41.0,0.0
14,2,0,104.0,104.0,1.0
14,2,1,0.0,104.0,0.0
14,2,2,0.0,104.0,0.0
14,3,0,164.0,164.0,1.0
14,3,1,0.0,164.0,0.0
14,3,2,0.0,164.0,0.0
14,4,0,220.0,220.0,1.0
14,4,1,0.0,220.0,0.0
14,4,2,0.0,220.0,0.0
14,5,0,285.0,285.0,1.0
14,5,1,0.0,285.0,0.0
14,5,2,0.0,285.0,0.0
14,6,0,356.0,356.0,1.0
14,6,1,0.0,356.0,0.0
14,6,2,0.0,356.0,0.0
14,7,0,421.0,421.0,1.0
14,7,1,0.0,421.0,0.0
14,7,2,0.0,421.0,0.0
14,8,0,421.0,437.0,0.9633867
14,8,1,437.0,437.0,1.0
14,8,2,0.0,437.0,0.0
14,9,0,498.0,498.0,1.0
14,9,1,437.0,498.0,0.87751
14,9,2,0.0,498.0,0.0
14,10,0,563.0,563.0,1.0
14,10,1,437.0,563.0,0.7761989
14,10,2,0.0,563.0,0.0
14,11,0,563.0,617.0,0.91247976
14,11,1,437.0,617.0,0.7082658
14,11,2,617.0,617.0,1.0
14,12,0,688.0,688.0,1.0
14,12,1,437.0,688.0,0.6351744
14,12,2,617.0,688.0,0.8968023
14,13,0,731.0,731.0,1.0
14,13,1,437.0,731.0,0.5978112
14,13,2,617.0,731.0,0.8440493
14,14,0,731.0,764.0,0.9568063
14,14,1,764.0,764.0,1.0
14,14,2,617.0,764.0,0.8075916
14,15,0,731.0,794.0,0.9206549
14,15,1,794.0,794.0,1.0
14,15,2,617.0,794.0,0.7770781
14,16,0,731.0,829.0,0.8817853
14,16,1,829.0,829.0,1.0
14,16,2,617.0,829.0,0.7442702
14,17,0,731.0,872.0,0.83830273
14,17,1,872.0,872.0,1.0
14,17,2,617.0,872.0,0.7075688
14,18,0,731.0,914.0,0.7997812
14,18,1,914.0,914.0,1.0
14,18,2,617.0,914.0,0.6750547
14,19,0,980.0,980.0,1.0
14,19,1,914.0,980.0,0.93265307
14,19,2,617.0,980.0,0.6295918
14,20,0,980.0,1012.0,0.96837944
14,20,1,1012.0,1012.0,1.0
14,20,2,617.0,1012.0,0.6096838
14,21,0,980.0,1072.0,0.9141791
14,21,1,1012.0,1072.0,0.94402987
14,21,2,1072.0,1072.0,1.0
14,22,0,1134.0,1134.0,1.0
14,22,1,1012.0,1134.0,0.89241624
14,22,2,1072.0,1134.0,0.94532627
14,23,0,1206.0,1206.0,1.0
14,23,1,1012.0,1206.0,0.8391377
14,23,2,1072.0,1206.0,0.8888889
14,24,0,1206.0,1256.0,0.9601911
14,24,1,1012.0,1256.0,0.8057325
14,24,2,1256.0,1256.0,1.0
14,25,0,1206.0,1289.0,0.935609
14,25,1,1289.0,1289.0,1.0
14,25,2,1256.0,1289.0,0.97439873
14,26,0,1206.0,1355.0,0.8900369
14,26,1,1289.0,1355.0,0.9512915
14,26,2,1355.0,1355.0,1.0
14,27,0,1206.0,1408.0,0.85653406
14,27,1,1289.0,1408.0,0.91548294
14,27,2,1408.0,1408.0,1.0
14,28,0,1206.0,1454.0,0.82943606
14,28,1,1454.0,1454.0,1.0
14,28,2,1408.0,1454.0,0.96836317
14,29,0,1206.0,1490.0,0.80939597
14,29,1,1490.0,1490.0,1.0
14,29,2,1408.0,1490.0,0.94496644
14,30,0,1206.0,1530.0,0.7882353
14,30,1,1530.0,1530.0,1.0
14,30,2,1408.0,1530.0,0.92026144
14,31,0,1206.0,1568.0,0.7691327
14,31,1,1530.0,1568.0,0.9757653
14,31,2,1568.0,1568.0,1.0
14,32,0,1206.0,1610.0,0.7490683
14,32,1,1530.0,1610.0,0.9503106
14,32,2,1610.0,1610.0,1.0
14,33,0,1206.0,1665.0,0.72432435
14,33,1,1530.0,1665.0,0.9189189
14,33,2,1665.0,1665.0,1.0
14,34,0,1743.0,1743.0,1.0
14,34,1,1530.0,1743.0,0.8777969
14,34,2,1665.0,1743.0,0.95524955
14,35,0,1743.0,1816.0,0.95980173
14,35,1,1530.0,1816.0,0.842511
14,35,2,1816.0,1816.0,1.0
14,36,0,1890.0,1890.0,1.0
14,36,1,1530.0,1890.0,0.8095238
14,36,2,1816.0,1890.0,0.96084654
14,37,0,1890.0,1946.0,0.971223
14,37,1,1530.0,1946.0,0.7862282
14,37,2,1946.0,1946.0,1.0
14,38,0,1890.0,1994.0,0.94784355
14,38,1,1994.0,1994.0,1.0
14,38,2,1946.0,1994.0,0.97592777
14,39,0,1890.0,2037.0,0.92783505
14,39,1,2037.0,2037.0,1.0
14,39,2,1946.0,2037.0,0.95532644
14,40,0,1890.0,2080.0,0.90865386
14,40,1,2037.0,2080.0,0.9793269
14,40,2,2080.0,2080.0,1.0
14,41,0,1890.0,2116.0,0.89319474
14,41,1,2116.0,2116.0,1.0
14,41,2,2080.0,2116.0,0.98298675
14,42,0,1890.0,2167.0,0.8721735
14,42,1,2116.0,2167.0,0.97646517
14,42,2,2167.0,2167.0,1.0
14,43,0,1890.0,2212.0,0.8544304
14,43,1,2212.0,2212.0,1.0
14,43,2,2167.0,2212.0,0.9796564
14,44,0,1890.0,2250.0,0.84
14,44,1,2250.0,2250.0,1.0
14,44,2,2167.0,2250.0,0.9631111
14,45,0,2309.0,2309.0,1.0
14,45,1,2250.0,2309.0,0.9744478
14,45,2,2167.0,2309.0,0.93850154
14,46,0,2309.0,2349.0,0.9829715
14,46,1,2349.0,2349.0,1.0
14,46,2,2167.0,2349.0,0.9225202
14,47,0,2309.0,2397.0,0.9632874
14,47,1,2397.0,2397.0,1.0
14,47,2,2167.0,2397.0,0.9040467
14,48,0,2309.0,2435.0,0.94825464
14,48,1,2435.0,2435.0,1.0
14,48,2,2167.0,2435.0,0.8899384
14,49,0,2490.0,2490.0,1.0
14,49,1,2435.0,2490.0,0.97791165
14,49,2,2167.0,2490.0,0.8702811
14,50,0,2490.0,2519.0,0.9884875
14,50,1,2519.0,2519.0,1.0
14,50,2,2167.0,2519.0,0.86026204
14,51,0,2490.0,2560.0,0.97265625
14,51,1,2560.0,2560.0,1.0
14,51,2,2167.0,2560.0,0.84648436
14,52,0,2490.0,2600.0,0.9576923
14,52,1,2600.0,2600.0,1.0
14,52,2,2167.0,2600.0,0.8334615
14,53,0,2490.0,2643.0,0.94211125
14,53,1,2643.0,2643.0,1.0
14,53,2,2167.0,2643.0,0.81990165
14,54,0,2490.0,2687.0,0.926684
14,54,1,2643.0,2687.0,0.9836249
14,54,2,2687.0,2687.0,1.0
14,55,0,2490.0,2720.0,0.91544116
14,55,1,2720.0,2720.0,1.0
14,55,2,2687.0,2720.0,0.98786765
14,56,0,2490.0,2765.0,0.9005425
14,56,1,2765.0,2765.0,1.0
14,56,2,2687.0,2765.0,0.97179025
14,57,0,2490.0,2833.0,0.87892693
14,57,1,2765.0,2833.0,0.97599715
14,57,2,2833.0,2833.0,1.0
14,58,0,2490.0,2875.0,0.86608696
14,58,1,2765.0,2875.0,0.9617391
14,58,2,2875.0,2875.0,1.0
14,59,0,2490.0,2917.0,0.8536167
14,59,1,2917.0,2917.0,1.0
14,59,2,2875.0,2917.0,0.98560166
14,60,0,2490.0,2962.0,0.84064823
14,60,1,2962.0,2962.0,1.0
14,60,2,2875.0,2962.0,0.97062796
14,61,0,2490.0,3002.0,0.82944703
14,61,1,3002.0,3002.0,1.0
14,61,2,2875.0,3002.0,0.9576949
14,62,0,3061.0,3061.0,1.0
14,62,1,3002.0,3061.0,0.9807252
14,62,2,2875.0,3061.0,0.93923557
14,63,0,3061.0,3110.0,0.98424435
14,63,1,3002.0,3110.0,0.9652733
14,63,2,3110.0,3110.0,1.0
14,64,0,3061.0,3171.0,0.96531063
14,64,1,3002.0,3171.0,0.9467045
14,64,2,3171.0,3171.0,1.0
14,65,0,3061.0,3244.0,0.94358814
14,65,1,3002.0,3244.0,0.92540073
14,65,2,3244.0,3244.0,1.0
14,66,0,3061.0,3281.0,0.9329473
14,66,1,3002.0,3281.0,0.914965
14,66,2,3281.0,3281.0,1.0
14,67,0,3061.0,3323.0,0.9211556
14,67,1,3323.0,3323.0,1.0
14,67,2,3281.0,3323.0,0.98736084
14,68,0,3061.0,3391.0,0.90268356
14,68,1,3323.0,3391.0,0.9799469
14,68,2,3391.0,3391.0,1.0
14,69,0,3061.0,3441.0,0.88956696
14,69,1,3441.0,3441.0,1.0
14,69,2,3391.0,3441.0,0.98546934
14,70,0,3061.0,3485.0,0.8783357
14,70,1,3485.0,3485.0,1.0
14,70,2,3391.0,3485.0,0.9730273
14,71,0,3061.0,3522.0,0.86910844
14,71,1,3522.0,3522.0,1.0
14,71,2,3391.0,3522.0,0.9628052
14,72,0,3061.0,3555.0,0.8610408
14,72,1,3555.0,3555.0,1.0
14,72,2,3391.0,3555.0,0.9538678
14,73,0,3061.0,3599.0,0.85051405
14,73,1,3599.0,3599.0,1.0
14,73,2,3391.0,3599.0,0.94220614
14,74,0,3061.0,3638.0,0.8413964
14,74,1,3599.0,3638.0,0.9892798
14,74,2,3638.0,3638.0,1.0
14,75,0,3714.0,3714.0,1.0
14,75,1,3599.0,3714.0,0.9690361
14,75,2,3638.0,3714.0,0.9795369
14,76,0,3714.0,3755.0,0.9890812
14,76,1,3755.0,3755.0,1.0
14,76,2,3638.0,3755.0,0.96884155
14,77,0,3714.0,3793.0,0.97917217
14,77,1,3793.0,3793.0,1.0
14,77,2,3638.0,3793.0,0.95913523
14,78,0,3714.0,3863.0,0.96142894
14,78,1,3793.0,3863.0,0.98187935
14,78,2,3863.0,3863.0,1.0
14,79,0,3714.0,3902.0,0.9518196
14,79,1,3793.0,3902.0,0.9720656
14,79,2,3902.0,3902.0,1.0
14,80,0,3714.0,3943.0,0.94192237
14,80,1,3793.0,3943.0,0.9619579
14,80,2,3943.0,3943.0,1.0
14,81,0,3714.0,3978.0,0.933635
14,81,1,3978.0,3978.0,1.0
14,81,2,3943.0,3978.0,0.9912016
14,82,0,3714.0,4020.0,0.9238806
14,82,1,4020.0,4020.0,1.0
14,82,2,3943.0,4020.0,0.98084575
14,83,0,3714.0,4055.0,0.9159063
14,83,1,4055.0,4055.0,1.0
14,83,2,3943.0,4055.0,0.9723798
14,84,0,3714.0,4111.0,0.9034298
14,84,1,4055.0,4111.0,0.986378
14,84,2,4111.0,4111.0,1.0
14,85,0,3714.0,4144.0,0.8962355
14,85,1,4144.0,4144.0,1.0
14,85,2,4111.0,4144.0,0.9920367
14,86,0,3714.0,4193.0,0.885762
14,86,1,4193.0,4193.0,1.0
14,86,2,4111.0,4193.0,0.9804436
14,87,0,3714.0,4233.0,0.87739193
14,87,1,4193.0,4233.0,0.99055046
14,87,2,4233.0,4233.0,1.0
14,88,0,3714.0,4268.0,0.8701968
14,88,1,4268.0,4268.0,1.0
14,88,2,4233.0,4268.0,0.9917994
14,89,0,3714.0,4313.0,0.86111754
14,89,1,4268.0,4313.0,0.98956645
14,89,2,4313.0,4313.0,1.0
14,90,0,3714.0,4350.0,0.8537931
14,90,1,4350.0,4350.0,1.0
14,90,2,4313.0,4350.0,0.99149424
14,91,0,3714.0,4400.0,0.84409094
14,91,1,4400.0,4400.0,1.0
14,91,2,4313.0,4400.0,0.9802273
14,92,0,3714.0,4449.0,0.83479434
14,92,1,4400.0,4449.0,0.9889863
14,92,2,4449.0,4449.0,1.0
14,93,0,3714.0,4479.0,0.82920295
14,93,1,4479.0,4479.0,1.0
14,93,2,4449.0,4479.0,0.99330205
14,94,0,3714.0,4536.0,0.81878304
14,94,1,4479.0,4536.0,0.98743385
14,94,2,4536.0,4536.0,1.0
14,95,0,3714.0,4600.0,0.8073913
14,95,1,4479.0,4600.0,0.97369564
14,95,2,4600.0,4600.0,1.0
14,96,0,3714.0,4640.0,0.800431
14,96,1,4479.0,4640.0,0.96530175
14,96,2,4640.0,4640.0,1.0
14,97,0,3714.0,4683.0,0.79308134
14,97,1,4683.0,4683.0,1.0
14,97,2,4640.0,4683.0,0.99081784
14,98,0,3714.0,4720.0,0.7868644
14,98,1,4683.0,4720.0,0.99216104
14,98,2,4720.0,4720.0,1.0
14,99,0,3714.0,4756.0,0.78090835
14,99,1,4683.0,4756.0,0.98465097
14,99,2,4756.0,4756.0,1.0
14,100,0,3714.0,4802.0,0.7734277
14,100,1,4802.0,4802.0,1.0
14,100,2,4756.0,4802.0,0.99042064
14,101,0,3714.0,4834.0,0.7683078
14,101,1,4834.0,4834.0,1.0
14,101,2,4756.0,4834.0,0.9838643
14,102,0,3714.0,4877.0,0.76153374
14,102,1,4877.0,4877.0,1.0
14,102,2,4756.0,4877.0,0.9751897
14,103,0,3714.0,4942.0,0.7515176
14,103,1,4877.0,4942.0,0.9868474
14,103,2,4942.0,4942.0,1.0
14,104,0,3714.0,4973.0,0.7468329
14,104,1,4877.0,4973.0,0.9806958
14,104,2,4973.0,4973.0,1.0
14,105,0,3714.0,5046.0,0.73602855
14,105,1,4877.0,5046.0,0.96650815
14,105,2,5046.0,5046.0,1.0
14,106,0,3714.0,5090.0,0.729666
14,106,1,5090.0,5090.0,1.0
14,106,2,5046.0,5090.0,0.9913556
14,107,0,3714.0,5154.0,0.7206054
14,107,1,5090.0,5154.0,0.98758245
14,107,2,5154.0,5154.0,1.0
14,108,0,3714.0,5204.0,0.71368176
14,108,1,5204.0,5204.0,1.0
14,108,2,5154.0,5204.0,0.990392
14,109,0,3714.0,5253.0,0.7070246
14,109,1,5204.0,5253.0,0.990672
14,109,2,5253.0,5253.0,1.0
14,110,0,3714.0,5295.0,0.70141643
14,110,1,5295.0,5295.0,1.0
14,110,2,5253.0,5295.0,0.992068
14,111,0,3714.0,5332.0,0.6965491
14,111,1,5332.0,5332.0,1.0
14,111,2,5253.0,5332.0,0.9851838
14,112,0,3714.0,5370.0,0.6916201
14,112,1,5370.0,5370.0,1.0
14,112,2,5253.0,5370.0,0.9782123
14,113,0,3714.0,5420.0,0.68523985
14,113,1,5420.0,5420.0,1.0
14,113,2,5253.0,5420.0,0.9691882
14,114,0,3714.0,5462.0,0.6799707
14,114,1,5462.0,5462.0,1.0
14,114,2,5253.0,5462.0,0.9617356
14,115,0,3714.0,5504.0,0.674782
14,115,1,5504.0,5504.0,1.0
14,115,2,5253.0,5504.0,0.9543968
14,116,0,3714.0,5554.0,0.66870725
14,116,1,5554.0,5554.0,1.0
14,116,2,5253.0,5554.0,0.94580483
14,117,0,3714.0,5595.0,0.663807
14,117,1,5595.0,5595.0,1.0
14,117,2,5253.0,5595.0,0.938874
14,118,0,3714.0,5629.0,0.6597975
14,118,1,5629.0,5629.0,1.0
14,118,2,5253.0,5629.0,0.93320304
14,119,0,3714.0,5698.0,0.65180767
14,119,1,5629.0,5698.0,0.9878905
14,119,2,5698.0,5698.0,1.0
14,120,0,3714.0,5728.0,0.64839387
14,120,1,5728.0,5728.0,1.0
14,120,2,5698.0,5728.0,0.9947626
14,121,0,3714.0,5783.0,0.64222723
14,121,1,5728.0,5783.0,0.99048936
14,121,2,5783.0,5783.0,1.0
14,122,0,3714.0,5833.0,0.6367221
14,122,1,5833.0,5833.0,1.0
14,122,2,5783.0,5833.0,0.9914281
14,123,0,3714.0,5873.0,0.6323855
14,123,1,5873.0,5873.0,1.0
14,123,2,5783.0,5873.0,0.98467565
14,124,0,3714.0,5910.0,0.6284264
14,124,1,5873.0,5910.0,0.9937394
14,124,2,5910.0,5910.0,1.0
14,125,0,3714.0,5950.0,0.62420166
14,125,1,5873.0,5950.0,0.9870588
14,125,2,5950.0,5950.0,1.0
14,126,0,3714.0,5983.0,0.62075883
14,126,1,5983.0,5983.0,1.0
14,126,2,5950.0,5983.0,0.99448436
14,127,0,3714.0,6032.0,0.61571616
14,127,1,6032.0,6032.0,1.0
14,127,2,5950.0,6032.0,0.98640585
14,128,0,3714.0,6069.0,0.61196244
14,128,1,6069.0,6069.0,1.0
14,128,2,5950.0,6069.0,0.98039216
14,129,0,3714.0,6105.0,0.6083538
14,129,1,6105.0,6105.0,1.0
14,129,2,5950.0,6105.0,0.974611
14,130,0,3714.0,6136.0,0.60528034
14,130,1,6136.0,6136.0,1.0
14,130,2,5950.0,6136.0,0.9696871
14,131,0,3714.0,6181.0,0.60087365
14,131,1,6181.0,6181.0,1.0
14,131,2,5950.0,6181.0,0.9626274
14,132,0,3714.0,6219.0,0.5972021
14,132,1,6219.0,6219.0,1.0
14,132,2,5950.0,6219.0,0.95674545
14,133,0,3714.0,6245.0,0.5947158
14,133,1,6245.0,6245.0,1.0
14,133,2,5950.0,6245.0,0.9527622
14,134,0,3714.0,6277.0,0.5916839
14,134,1,6277.0,6277.0,1.0
14,134,2,5950.0,6277.0,0.94790506
15,1,0,23.0,23.0,1.0
15,1,1,0.0,23.0,0.0
15,1,2,0.0,23.0,0.0
15,2,0,81.0,81.0,1.0
15,2,1,0.0,81.0,0.0
15,2,2,0.0,81.0,0.0
15,3,0,136.0,136.0,1.0
15,3,1,0.0,136.0,0.0
15,3,2,0.0,136.0,0.0
15,4,0,208.0,208.0,1.0
15,4,1,0.0,208.0,0.0
15,4,2,0.0,208.0,0.0
15,5,0,259.0,259.0,1.0
15,5,1,0.0,259.0,0.0
15,5,2,0.0,259.0,0.0
15,6,0,259.0,284.0,0.9119718
15,6,1,284.0,284.0,1.0
15,6,2,0.0,284.0,0.0
15,7,0,259.0,334.0,0.7754491
15,7,1,334.0,334.0,1.0
15,7,2,0.0,334.0,0.0
15,8,0,384.0,384.0,1.0
15,8,1,334.0,384.0,0.8697917
15,8,2,0.0,384.0,0.0
15,9,0,455.0,455.0,1.0
15,9,1,334.0,455.0,0.73406595
15,9,2,0.0,455.0,0.0
15,10,0,455.0,477.0,0.9538784
15,10,1,334.0,477.0,0.7002096
15,10,2,477.0,477.0,1.0
15,11,0,455.0,510.0,0.89215684
15,11,1,510.0,510.0,1.0
15,11,2,477.0,510.0,0.9352941
15,12,0,455.0,545.0,0.8348624
15,12,1,545.0,545.0,1.0
15,12,2,477.0,545.0,0.87522936
15,13,0,455.0,581.0,0.78313255
15,13,1,581.0,581.0,1.0
15,13,2,477.0,581.0,0.82099825
15,14,0,655.0,655.0,1.0
15,14,1,581.0,655.0,0.8870229
15,14,2,477.0,655.0,0.72824425
15,15,0,711.0,711.0,1.0
15,15,1,581.0,711.0,0.81715894
15,15,2,477.0,711.0,0.6708861
15,16,0,711.0,748.0,0.95053476
15,16,1,748.0,748.0,1.0
15,16,2,477.0,748.0,0.63770056
15,17,0,824.0,824.0,1.0
15,17,1,748.0,824.0,0.907767
15,17,2,477.0,824.0,0.57888347
15,18,0,900.0,900.0,1.0
15,18,1,748.0,900.0,0.83111113
15,18,2,477.0,900.0,0.53
15,19,0,900.0,933.0,0.96463025
15,19,1,933.0,933.0,1.0
15,19,2,477.0,933.0,0.511254
15,20,0,900.0,974.0,0.92402464
15,20,1,974.0,974.0,1.0
15,20,2,477.0,974.0,0.48973307
15,21,0,1033.0,1033.0,1.0
15,21,1,974.0,1033.0,0.9428848
15,21,2,477.0,1033.0,0.46176186
15,22,0,1033.0,1066.0,0.96904314
15,22,1,1066.0,1066.0,1.0
15,22,2,477.0,1066.0,0.44746718
15,23,0,1033.0,1099.0,0.9399454
15,23,1,1099.0,1099.0,1.0
15,23,2,477.0,1099.0,0.43403095
15,24,0,1161.0,1161.0,1.0
15,24,1,1099.0,1161.0,0.94659775
15,24,2,477.0,1161.0,0.4108527
15,25,0,1161.0,1201.0,0.9666944
15,25,1,1201.0,1201.0,1.0
15,25,2,477.0,1201.0,0.39716902
15,26,0,1161.0,1246.0,0.9317817
15,26,1,1246.0,1246.0,1.0
15,26,2,477.0,1246.0,0.38282505
15,27,0,1324.0,1324.0,1.0
15,27,1,1246.0,1324.0,0.9410876
15,27,2,477.0,1324.0,0.3602719
15,28,0,1324.0,1361.0,0.9728141
15,28,1,1246.0,1361.0,0.9155033
15,28,2,1361.0,1361.0,1.0
15,29,0,1420.0,1420.0,1.0
15,29,1,1246.0,1420.0,0.8774648
15,29,2,1361.0,1420.0,0.9584507
15,30,0,1420.0,1475.0,0.9627119
15,30,1,1246.0,1475.0,0.84474576
15,30,2,1475.0,1475.0,1.0
15,31,0,1420.0,1524.0,0.9317585
15,31,1,1246.0,1524.0,0.8175853
15,31,2,1524.0,1524.0,1.0
15,32,0,1420.0,1562.0,0.90909094
15,32,1,1562.0,1562.0,1.0
15,32,2,1524.0,1562.0,0.9756722
15,33,0,1420.0,1635.0,0.86850154
15,33,1,1562.0,1635.0,0.9553517
15,33,2,1635.0,1635.0,1.0
15,34,0,1716.0,1716.0,1.0
15,34,1,1562.0,1716.0,0.9102564
15,34,2,1635.0,1716.0,0.9527972
15,35,0,1716.0,1773.0,0.9678511
15,35,1,1562.0,1773.0,0.88099265
15,35,2,1773.0,1773.0,1.0
15,36,0,1716.0,1815.0,0.94545454
15,36,1,1815.0,1815.0,1.0
15,36,2,1773.0,1815.0,0.9768595
15,37,0,1895.0,1895.0,1.0
15,37,1,1815.0,1895.0,0.95778364
15,37,2,1773.0,1895.0,0.93562007
15,38,0,1895.0,1932.0,0.98084885
15,38,1,1815.0,1932.0,0.93944097
15,38,2,1932.0,1932.0,1.0
15,39,0,1895.0,1961.0,0.9663437
15,39,1,1961.0,1961.0,1.0
15,39,2,1932.0,1961.0,0.9852116
15,40,0,1895.0,1997.0,0.9489234
15,40,1,1997.0,1997.0,1.0
15,40,2,1932.0,1997.0,0.96745116
15,41,0,1895.0,2028.0,0.93441814
15,41,1,2028.0,2028.0,1.0
15,41,2,1932.0,2028.0,0.9526627
15,42,0,1895.0,2077.0,0.9123736
15,42,1,2077.0,2077.0,1.0
15,42,2,1932.0,2077.0,0.93018776
15,43,0,2148.0,2148.0,1.0
15,43,1,2077.0,2148.0,0.966946
15,43,2,1932.0,2148.0,0.89944136
15,44,0,2148.0,2181.0,0.9848693
15,44,1,2181.0,2181.0,1.0
15,44,2,1932.0,2181.0,0.8858322
15,45,0,2148.0,2235.0,0.9610738
15,45,1,2181.0,2235.0,0.9758389
15,45,2,2235.0,2235.0,1.0
15,46,0,2148.0,2265.0,0.94834435
15,46,1,2265.0,2265.0,1.0
15,46,2,2235.0,2265.0,0.98675495
15,47,0,2148.0,2310.0,0.9298701
15,47,1,2310.0,2310.0,1.0
15,47,2,2235.0,2310.0,0.96753246
15,48,0,2148.0,2350.0,0.91404253
15,48,1,2350.0,2350.0,1.0
15,48,2,2235.0,2350.0,0.9510638
15,49,0,2148.0,2385.0,0.9006289
15,49,1,2385.0,2385.0,1.0
15,49,2,2235.0,2385.0,0.9371069
15,50,0,2148.0,2454.0,0.87530565
15,50,1,2385.0,2454.0,0.97188264
15,50,2,2454.0,2454.0,1.0
15,51,0,2148.0,2497.0,0.8602323
15,51,1,2497.0,2497.0,1.0
15,51,2,2454.0,2497.0,0.9827793
15,52,0,2148.0,2537.0,0.8466693
15,52,1,2537.0,2537.0,1.0
15,52,2,2454.0,2537.0,0.9672842
15,53,0,2148.0,2582.0,0.83191323
15,53,1,2537.0,2582.0,0.98257166
15,53,2,2582.0,2582.0,1.0
15,54,0,2148.0,2630.0,0.81673
15,54,1,2537.0,2630.0,0.96463877
15,54,2,2630.0,2630.0,1.0
15,55,0,2148.0,2673.0,0.8035915
15,55,1,2673.0,2673.0,1.0
15,55,2,2630.0,2673.0,0.9839132
15,56,0,2148.0,2717.0,0.7905778
15,56,1,2673.0,2717.0,0.98380566
15,56,2,2717.0,2717.0,1.0
15,57,0,2148.0,2755.0,0.77967334
15,57,1,2755.0,2755.0,1.0
15,57,2,2717.0,2755.0,0.9862069
15,58,0,2148.0,2824.0,0.7606232
15,58,1,2755.0,2824.0,0.97556657
15,58,2,2824.0,2824.0,1.0
15,59,0,2148.0,2859.0,0.75131166
15,59,1,2859.0,2859.0,1.0
15,59,2,2824.0,2859.0,0.987758
15,60,0,2148.0,2932.0,0.73260576
15,60,1,2859.0,2932.0,0.9751023
15,60,2,2932.0,2932.0,1.0
15,61,0,2148.0,2972.0,0.7227456
15,61,1,2972.0,2972.0,1.0
15,61,2,2932.0,2972.0,0.98654103
15,62,0,3047.0,3047.0,1.0
15,62,1,2972.0,3047.0,0.9753856
15,62,2,2932.0,3047.0,0.962258
15,63,0,3047.0,3090.0,0.98608416
15,63,1,3090.0,3090.0,1.0
15,63,2,2932.0,3090.0,0.9488673
15,64,0,3047.0,3130.0,0.97348243
15,64,1,3090.0,3130.0,0.98722047
15,64,2,3130.0,3130.0,1.0
15,65,0,3047.0,3165.0,0.96271724
15,65,1,3165.0,3165.0,1.0
15,65,2,3130.0,3165.0,0.98894155
15,66,0,3047.0,3202.0,0.95159274
15,66,1,3202.0,3202.0,1.0
15,66,2,3130.0,3202.0,0.977514
15,67,0,3047.0,3246.0,0.93869376
15,67,1,3246.0,3246.0,1.0
15,67,2,3130.0,3246.0,0.96426374
15,68,0,3047.0,3280.0,0.9289634
15,68,1,3246.0,3280.0,0.98963416
15,68,2,3280.0,3280.0,1.0
15,69,0,3047.0,3330.0,0.91501504
15,69,1,3330.0,3330.0,1.0
15,69,2,3280.0,3330.0,0.984985
15,70,0,3047.0,3380.0,0.9014793
15,70,1,3380.0,3380.0,1.0
15,70,2,3280.0,3380.0,0.9704142
15,71,0,3047.0,3430.0,0.8883382
15,71,1,3430.0,3430.0,1.0
15,71,2,3280.0,3430.0,0.95626825
15,72,0,3047.0,3461.0,0.8803814
15,72,1,3461.0,3461.0,1.0
15,72,2,3280.0,3461.0,0.947703
15,73,0,3047.0,3531.0,0.86292833
15,73,1,3461.0,3531.0,0.9801756
15,73,2,3531.0,3531.0,1.0
15,74,0,3047.0,3568.0,0.8539798
15,74,1,3568.0,3568.0,1.0
15,74,2,3531.0,3568.0,0.98963004
15,75,0,3047.0,3611.0,0.84381056
15,75,1,3611.0,3611.0,1.0
15,75,2,3531.0,3611.0,0.9778455
15,76,0,3047.0,3653.0,0.83410895
15,76,1,3653.0,3653.0,1.0
15,76,2,3531.0,3653.0,0.9666028
15,77,0,3047.0,3687.0,0.82641715
15,77,1,3687.0,3687.0,1.0
15,77,2,3531.0,3687.0,0.95768917
15,78,0,3047.0,3729.0,0.81710917
15,78,1,3729.0,3729.0,1.0
15,78,2,3531.0,3729.0,0.94690263
15,79,0,3047.0,3779.0,0.80629796
15,79,1,3729.0,3779.0,0.98676896
15,79,2,3779.0,3779.0,1.0
15,80,0,3047.0,3821.0,0.7974352
15,80,1,3729.0,3821.0,0.9759225
15,80,2,3821.0,3821.0,1.0
15,81,0,3047.0,3862.0,0.78896946
15,81,1,3729.0,3862.0,0.96556187
15,81,2,3862.0,3862.0,1.0
15,82,0,3047.0,3894.0,0.7824859
15,82,1,3894.0,3894.0,1.0
15,82,2,3862.0,3894.0,0.99178225
15,83,0,3047.0,3960.0,0.76944447
15,83,1,3894.0,3960.0,0.98333335
15,83,2,3960.0,3960.0,1.0
15,84,0,3047.0,4010.0,0.7598504
15,84,1,4010.0,4010.0,1.0
15,84,2,3960.0,4010.0,0.9875312
15,85,0,3047.0,4059.0,0.7506775
15,85,1,4059.0,4059.0,1.0
15,85,2,3960.0,4059.0,0.9756098
15,86,0,3047.0,4099.0,0.74335206
15,86,1,4099.0,4099.0,1.0
15,86,2,3960.0,4099.0,0.9660893
15,87,0,3047.0,4172.0,0.73034513
15,87,1,4099.0,4172.0,0.9825024
15,87,2,4172.0,4172.0,1.0
15,88,0,3047.0,4215.0,0.72289443
15,88,1,4099.0,4215.0,0.9724792
15,88,2,4215.0,4215.0,1.0
15,89,0,3047.0,4283.0,0.71141726
15,89,1,4099.0,4283.0,0.9570395
15,89,2,4283.0,4283.0,1.0
15,90,0,3047.0,4321.0,0.70516086
15,90,1,4099.0,4321.0,0.948623
15,90,2,4321.0,4321.0,1.0
15,91,0,3047.0,4359.0,0.69901353
15,91,1,4359.0,4359.0,1.0
15,91,2,4321.0,4359.0,0.9912824
15,92,0,3047.0,4418.0,0.6896786
15,92,1,4359.0,4418.0,0.9866455
15,92,2,4418.0,4418.0,1.0
15,93,0,3047.0,4457.0,0.6836437
15,93,1,4359.0,4457.0,0.97801214
15,93,2,4457.0,4457.0,1.0
15,94,0,3047.0,4513.0,0.67516065
15,94,1,4359.0,4513.0,0.96587634
15,94,2,4513.0,4513.0,1.0
15,95,0,3047.0,4563.0,0.66776246
15,95,1,4563.0,4563.0,1.0
15,95,2,4513.0,4563.0,0.9890423
15,96,0,3047.0,4606.0,0.66152847
15,96,1,4606.0,4606.0,1.0
15,96,2,4513.0,4606.0,0.9798089
15,97,0,3047.0,4650.0,0.6552688
15,97,1,4650.0,4650.0,1.0
15,97,2,4513.0,4650.0,0.97053766
15,98,0,3047.0,4696.0,0.6488501
15,98,1,4696.0,4696.0,1.0
15,98,2,4513.0,4696.0,0.96103066
15,99,0,3047.0,4737.0,0.64323413
15,99,1,4737.0,4737.0,1.0
15,99,2,4513.0,4737.0,0.9527127
15,100,0,3047.0,4786.0,0.63664854
15,100,1,4737.0,4786.0,0.9897618
15,100,2,4786.0,4786.0,1.0
15,101,0,3047.0,4842.0,0.6292854
15,101,1,4737.0,4842.0,0.97831476
15,101,2,4842.0,4842.0,1.0
15,102,0,3047.0,4880.0,0.62438524
15,102,1,4880.0,4880.0,1.0
15,102,2,4842.0,4880.0,0.99221313
15,103,0,3047.0,4913.0,0.62019134
15,103,1,4913.0,4913.0,1.0
15,103,2,4842.0,4913.0,0.98554856
15,104,0,3047.0,4950.0,0.6155556
15,104,1,4950.0,4950.0,1.0
15,104,2,4842.0,4950.0,0.97818184
15,105,0,3047.0,4982.0,0.61160177
15,105,1,4982.0,4982.0,1.0
15,105,2,4842.0,4982.0,0.97189885
15,106,0,3047.0,5017.0,0.60733503
15,106,1,5017.0,5017.0,1.0
15,106,2,4842.0,5017.0,0.9651186
15,107,0,3047.0,5059.0,0.60229295
15,107,1,5017.0,5059.0,0.99169797
15,107,2,5059.0,5059.0,1.0
15,108,0,5124.0,5124.0,1.0
15,108,1,5017.0,5124.0,0.9791179
15,108,2,5059.0,5124.0,0.9873146
15,109,0,5124.0,5165.0,0.992062
15,109,1,5017.0,5165.0,0.9713456
15,109,2,5165.0,5165.0,1.0
15,110,0,5124.0,5210.0,0.98349327
15,110,1,5210.0,5210.0,1.0
15,110,2,5165.0,5210.0,0.99136275
15,111,0,5124.0,5251.0,0.9758141
15,111,1,5251.0,5251.0,1.0
15,111,2,5165.0,5251.0,0.9836222
15,112,0,5124.0,5293.0,0.96807104
15,112,1,5293.0,5293.0,1.0
15,112,2,5165.0,5293.0,0.97581714
15,113,0,5124.0,5323.0,0.9626151
15,113,1,5323.0,5323.0,1.0
15,113,2,5165.0,5323.0,0.9703175
15,114,0,5124.0,5359.0,0.95614856
15,114,1,5359.0,5359.0,1.0
15,114,2,5165.0,5359.0,0.96379924
15,115,0,5124.0,5419.0,0.9455619
15,115,1,5359.0,5419.0,0.98892784
15,115,2,5419.0,5419.0,1.0
15,116,0,5124.0,5459.0,0.93863344
15,116,1,5359.0,5459.0,0.98168164
15,116,2,5459.0,5459.0,1.0
15,117,0,5124.0,5524.0,0.9275887
15,117,1,5359.0,5524.0,0.9701303
15,117,2,5524.0,5524.0,1.0
15,118,0,5124.0,5575.0,0.91910315
15,118,1,5359.0,5575.0,0.9612556
15,118,2,5575.0,5575.0,1.0
15,119,0,5124.0,5616.0,0.91239315
15,119,1,5616.0,5616.0,1.0
15,119,2,5575.0,5616.0,0.99269944
15,120,0,5124.0,5662.0,0.9049806
15,120,1,5662.0,5662.0,1.0
15,120,2,5575.0,5662.0,0.9846344
15,121,0,5124.0,5717.0,0.89627427
15,121,1,5662.0,5717.0,0.9903796
15,121,2,5717.0,5717.0,1.0
15,122,0,5124.0,5765.0,0.88881177
15,122,1,5765.0,5765.0,1.0
15,122,2,5717.0,5765.0,0.9916739
15,123,0,5124.0,5826.0,0.8795057
15,123,1,5765.0,5826.0,0.98952967
15,123,2,5826.0,5826.0,1.0
15,124,0,5124.0,5869.0,0.87306184
15,124,1,5869.0,5869.0,1.0
15,124,2,5826.0,5869.0,0.9926734
15,125,0,5124.0,5911.0,0.8668584
15,125,1,5911.0,5911.0,1.0
15,125,2,5826.0,5911.0,0.98562
15,126,0,5124.0,5949.0,0.8613212
15,126,1,5949.0,5949.0,1.0
15,126,2,5826.0,5949.0,0.9793243
15,127,0,5124.0,5991.0,0.8552829
15,127,1,5991.0,5991.0,1.0
15,127,2,5826.0,5991.0,0.97245866
15,128,0,5124.0,6035.0,0.84904724
15,128,1,6035.0,6035.0,1.0
15,128,2,5826.0,6035.0,0.9653687
15,129,0,5124.0,6077.0,0.8431792
15,129,1,6077.0,6077.0,1.0
15,129,2,5826.0,6077.0,0.9586967
15,130,0,5124.0,6113.0,0.8382136
15,130,1,6077.0,6113.0,0.9941109
15,130,2,6113.0,6113.0,1.0
15,131,0,5124.0,6181.0,0.82899207
15,131,1,6077.0,6181.0,0.98317426
15,131,2,6181.0,6181.0,1.0
15,132,0,5124.0,6255.0,0.81918466
15,132,1,6077.0,6255.0,0.9715428
15,132,2,6255.0,6255.0,1.0
15,133,0,5124.0,6290.0,0.8146264
15,133,1,6077.0,6290.0,0.96613675
15,133,2,6290.0,6290.0,1.0
15,134,0,5124.0,6322.0,0.810503
15,134,1,6322.0,6322.0,1.0
15,134,2,6290.0,6322.0,0.9949383
16,1,0,34.0,34.0,1.0
16,1,1,0.0,34.0,0.0
16,1,2,0.0,34.0,0.0
16,2,0,109.0,109.0,1.0
16,2,1,0.0,109.0,0.0
16,2,2,0.0,109.0,0.0
16,3,0,180.0,180.0,1.0
16,3,1,0.0,180.0,0.0
16,3,2,0.0,180.0,0.0
16,4,0,180.0,200.0,0.9
16,4,1,200.0,200.0,1.0
16,4,2,0.0,200.0,0.0
16,5,0,265.0,265.0,1.0
16,5,1,200.0,265.0,0.754717
16,5,2,0.0,265.0,0.0
16,6,0,341.0,341.0,1.0
16,6,1,200.0,341.0,0.58651024
16,6,2,0.0,341.0,0.0
16,7,0,388.0,388.0,1.0
16,7,1,200.0,388.0,0.5154639
16,7,2,0.0,388.0,0.0
16,8,0,388.0,430.0,0.9023256
16,8,1,430.0,430.0,1.0
16,8,2,0.0,430.0,0.0
16,9,0,502.0,502.0,1.0
16,9,1,430.0,502.0,0.8565737
16,9,2,0.0,502.0,0.0
16,10,0,502.0,547.0,0.9177331
16,10,1,430.0,547.0,0.78610605
16,10,2,547.0,547.0,1.0
16,11,0,602.0,602.0,1.0
16,11,1,430.0,602.0,0.71428573
16,11,2,547.0,602.0,0.9086379
16,12,0,602.0,648.0,0.92901236
16,12,1,648.0,648.0,1.0
16,12,2,547.0,648.0,0.8441358
16,13,0,602.0,721.0,0.83495146
16,13,1,648.0,721.0,0.89875174
16,13,2,721.0,721.0,1.0
16,14,0,602.0,764.0,0.7879581
16,14,1,764.0,764.0,1.0
16,14,2,721.0,764.0,0.9437173
16,15,0,844.0,844.0,1.0
16,15,1,764.0,844.0,0.9052133
16,15,2,721.0,844.0,0.8542654
16,16,0,924.0,924.0,1.0
16,16,1,764.0,924.0,0.8268398
16,16,2,721.0,924.0,0.780303
16,17,0,924.0,964.0,0.9585062
16,17,1,964.0,964.0,1.0
16,17,2,721.0,964.0,0.7479253
16,18,0,924.0,1008.0,0.9166667
16,18,1,964.0,1008.0,0.9563492
16,18,2,1008.0,1008.0,1.0
16,19,0,924.0,1058.0,0.8733459
16,19,1,1058.0,1058.0,1.0
16,19,2,1008.0,1058.0,0.952741
16,20,0,1129.0,1129.0,1.0
16,20,1,1058.0,1129.0,0.9371125
16,20,2,1008.0,1129.0,0.8928255
16,21,0,1129.0,1179.0,0.9575912
16,21,1,1179.0,1179.0,1.0
16,21,2,1008.0,1179.0,0.8549618
16,22,0,1129.0,1214.0,0.9299835
16,22,1,1214.0,1214.0,1.0
16,22,2,1008.0,1214.0,0.830313
16,23,0,1277.0,1277.0,1.0
16,23,1,1214.0,1277.0,0.9506656
16,23,2,1008.0,1277.0,0.78935003
16,24,0,1353.0,1353.0,1.0
16,24,1,1214.0,1353.0,0.8972653
16,24,2,1008.0,1353.0,0.7450111
16,25,0,1353.0,1423.0,0.95080817
16,25,1,1214.0,1423.0,0.8531272
16,25,2,1423.0,1423.0,1.0
16,26,0,1353.0,1462.0,0.9254446
16,26,1,1214.0,1462.0,0.83036935
16,26,2,1462.0,1462.0,1.0
16,27,0,1353.0,1510.0,0.8960265
16,27,1,1510.0,1510.0,1.0
16,27,2,1462.0,1510.0,0.96821195
16,28,0,1353.0,1546.0,0.8751617
16,28,1,1546.0,1546.0,1.0
16,28,2,1462.0,1546.0,0.94566625
16,29,0,1353.0,1582.0,0.85524654
16,29,1,1582.0,1582.0,1.0
16,29,2,1462.0,1582.0,0.92414665
16,30,0,1353.0,1628.0,0.8310811
16,30,1,1582.0,1628.0,0.9717445
16,30,2,1628.0,1628.0,1.0
16,31,0,1353.0,1676.0,0.8072792
16,31,1,1676.0,1676.0,1.0
16,31,2,1628.0,1676.0,0.9713604
16,32,0,1732.0,1732.0,1.0
16,32,1,1676.0,1732.0,0.96766746
16,32,2,1628.0,1732.0,0.9399538
16,33,0,1791.0,1791.0,1.0
16,33,1,1676.0,1791.0,0.93579006
16,33,2,1628.0,1791.0,0.90898937
16,34,0,1791.0,1836.0,0.9754902
16,34,1,1836.0,1836.0,1.0
16,34,2,1628.0,1836.0,0.8867102
16,35,0,1791.0,1874.0,0.9557097
16,35,1,1874.0,1874.0,1.0
16,35,2,1628.0,1874.0,0.86873
16,36,0,1791.0,1914.0,0.93573666
16,36,1,1914.0,1914.0,1.0
16,36,2,1628.0,1914.0,0.85057473
16,37,0,1791.0,1959.0,0.91424197
16,37,1,1959.0,1959.0,1.0
16,37,2,1628.0,1959.0,0.83103627
16,38,0,1791.0,2001.0,0.8950525
16,38,1,2001.0,2001.0,1.0
16,38,2,1628.0,2001.0,0.8135932
16,39,0,1791.0,2038.0,0.8788028
16,39,1,2001.0,2038.0,0.98184496
16,39,2,2038.0,2038.0,1.0
16,40,0,1791.0,2070.0,0.8652174
16,40,1,2070.0,2070.0,1.0
16,40,2,2038.0,2070.0,0.98454106
16,41,0,1791.0,2112.0,0.8480114
16,41,1,2112.0,2112.0,1.0
16,41,2,2038.0,2112.0,0.9649621
16,42,0,1791.0,2142.0,0.83613443
16,42,1,2142.0,2142.0,1.0
16,42,2,2038.0,2142.0,0.95144725
16,43,0,1791.0,2182.0,0.8208066
16,43,1,2142.0,2182.0,0.9816682
16,43,2,2182.0,2182.0,1.0
16,44,0,1791.0,2225.0,0.8049438
16,44,1,2142.0,2225.0,0.9626966
16,44,2,2225.0,2225.0,1.0
16,45,0,2284.0,2284.0,1.0
16,45,1,2142.0,2284.0,0.93782836
16,45,2,2225.0,2284.0,0.9741681
16,46,0,2284.0,2348.0,0.97274274
16,46,1,2142.0,2348.0,0.9122658
16,46,2,2348.0,2348.0,1.0
16,47,0,2391.0,2391.0,1.0
16,47,1,2142.0,2391.0,0.8958595
16,47,2,2348.0,2391.0,0.9820159
16,48,0,2457.0,2457.0,1.0
16,48,1,2142.0,2457.0,0.8717949
16,48,2,2348.0,2457.0,0.955637
16,49,0,2457.0,2500.0,0.9828
16,49,1,2500.0,2500.0,1.0
16,49,2,2348.0,2500.0,0.9392
16,50,0,2457.0,2535.0,0.9692308
16,50,1,2535.0,2535.0,1.0
16,50,2,2348.0,2535.0,0.92623276
16,51,0,2457.0,2572.0,0.9552877
16,51,1,2572.0,2572.0,1.0
16,51,2,2348.0,2572.0,0.91290826
16,52,0,2457.0,2611.0,0.94101876
16,52,1,2572.0,2611.0,0.9850632
16,52,2,2611.0,2611.0,1.0
16,53,0,2457.0,2654.0,0.9257724
16,53,1,2654.0,2654.0,1.0
16,53,2,2611.0,2654.0,0.983798
16,54,0,2457.0,2687.0,0.91440266
16,54,1,2687.0,2687.0,1.0
16,54,2,2611.0,2687.0,0.9717157
16,55,0,2457.0,2723.0,0.90231365
16,55,1,2723.0,2723.0,1.0
16,55,2,2611.0,2723.0,0.9588689
16,56,0,2804.0,2804.0,1.0
16,56,1,2723.0,2804.0,0.97111267
16,56,2,2611.0,2804.0,0.93116975
16,57,0,2804.0,2837.0,0.988368
16,57,1,2837.0,2837.0,1.0
16,57,2,2611.0,2837.0,0.9203384
16,58,0,2804.0,2872.0,0.9763231
16,58,1,2872.0,2872.0,1.0
16,58,2,2611.0,2872.0,0.9091226
16,59,0,2804.0,2922.0,0.9596167
16,59,1,2922.0,2922.0,1.0
16,59,2,2611.0,2922.0,0.8935661
16,60,0,2804.0,2959.0,0.9476174
16,60,1,2922.0,2959.0,0.9874958
16,60,2,2959.0,2959.0,1.0
16,61,0,2804.0,3015.0,0.9300166
16,61,1,2922.0,3015.0,0.96915424
16,61,2,3015.0,3015.0,1.0
16,62,0,3078.0,3078.0,1.0
16,62,1,2922.0,3078.0,0.94931775
16,62,2,3015.0,3078.0,0.9795322
16,63,0,3078.0,3131.0,0.9830725
16,63,1,2922.0,3131.0,0.93324816
16,63,2,3131.0,3131.0,1.0
16,64,0,3078.0,3164.0,0.9728192
16,64,1,3164.0,3164.0,1.0
16,64,2,3131.0,3164.0,0.98957014
16,65,0,3078.0,3197.0,0.9627776
16,65,1,3197.0,3197.0,1.0
16,65,2,3131.0,3197.0,0.97935563
16,66,0,3078.0,3242.0,0.94941396
16,66,1,3197.0,3242.0,0.9861197
16,66,2,3242.0,3242.0,1.0
16,67,0,3078.0,3283.0,0.9375571
16,67,1,3283.0,3283.0,1.0
16,67,2,3242.0,3283.0,0.9875114
16,68,0,3078.0,3318.0,0.92766726
16,68,1,3318.0,3318.0,1.0
16,68,2,3242.0,3318.0,0.97709465
16,69,0,3078.0,3350.0,0.91880596
16,69,1,3350.0,3350.0,1.0
16,69,2,3242.0,3350.0,0.9677612
16,70,0,3078.0,3383.0,0.9098433
16,70,1,3383.0,3383.0,1.0
16,70,2,3242.0,3383.0,0.95832103
16,71,0,3078.0,3423.0,0.8992112
16,71,1,3383.0,3423.0,0.98831433
16,71,2,3423.0,3423.0,1.0
16,72,0,3078.0,3466.0,0.8880554
16,72,1,3466.0,3466.0,1.0
16,72,2,3423.0,3466.0,0.98759377
16,73,0,3078.0,3508.0,0.87742305
16,73,1,3466.0,3508.0,0.9880274
16,73,2,3508.0,3508.0,1.0
16,74,0,3078.0,3576.0,0.8607383
16,74,1,3466.0,3576.0,0.96923935
16,74,2,3576.0,3576.0,1.0
16,75,0,3078.0,3616.0,0.8512168
16,75,1,3616.0,3616.0,1.0
16,75,2,3576.0,3616.0,0.98893803
16,76,0,3078.0,3657.0,0.8416735
16,76,1,3657.0,3657.0,1.0
16,76,2,3576.0,3657.0,0.9778507
16,77,0,3078.0,3701.0,0.8316671
16,77,1,3701.0,3701.0,1.0
16,77,2,3576.0,3701.0,0.9662253
16,78,0,3078.0,3738.0,0.823435
16,78,1,3738.0,3738.0,1.0
16,78,2,3576.0,3738.0,0.95666134
16,79,0,3078.0,3774.0,0.8155803
16,79,1,3738.0,3774.0,0.99046105
16,79,2,3774.0,3774.0,1.0
16,80,0,3078.0,3820.0,0.8057592
16,80,1,3820.0,3820.0,1.0
16,80,2,3774.0,3820.0,0.98795813
16,81,0,3078.0,3877.0,0.7939128
16,81,1,3820.0,3877.0,0.9852979
16,81,2,3877.0,3877.0,1.0
16,82,0,3078.0,3932.0,0.7828077
16,82,1,3820.0,3932.0,0.9715158
16,82,2,3932.0,3932.0,1.0
16,83,0,3078.0,4000.0,0.7695
16,83,1,3820.0,4000.0,0.955
16,83,2,4000.0,4000.0,1.0
16,84,0,3078.0,4030.0,0.7637717
16,84,1,4030.0,4030.0,1.0
16,84,2,4000.0,4030.0,0.99255586
16,85,0,3078.0,4067.0,0.7568232
16,85,1,4067.0,4067.0,1.0
16,85,2,4000.0,4067.0,0.98352593
16,86,0,3078.0,4100.0,0.7507317
16,86,1,4100.0,4100.0,1.0
16,86,2,4000.0,4100.0,0.9756098
16,87,0,3078.0,4166.0,0.7388382
16,87,1,4100.0,4166.0,0.98415744
16,87,2,4166.0,4166.0,1.0
16,88,0,3078.0,4204.0,0.73215985
16,88,1,4204.0,4204.0,1.0
16,88,2,4166.0,4204.0,0.990961
16,89,0,3078.0,4246.0,0.7249176
16,89,1,4246.0,4246.0,1.0
16,89,2,4166.0,4246.0,0.98115873
16,90,0,3078.0,4314.0,0.71349096
16,90,1,4246.0,4314.0,0.9842374
16,90,2,4314.0,4314.0,1.0
16,91,0,3078.0,4352.0,0.707261
16,91,1,4246.0,4352.0,0.9756434
16,91,2,4352.0,4352.0,1.0
16,92,0,3078.0,4408.0,0.69827586
16,92,1,4246.0,4408.0,0.9632486
16,92,2,4408.0,4408.0,1.0
16,93,0,3078.0,4449.0,0.6918409
16,93,1,4449.0,4449.0,1.0
16,93,2,4408.0,4449.0,0.99078447
16,94,0,3078.0,4494.0,0.6849132
16,94,1,4494.0,4494.0,1.0
16,94,2,4408.0,4494.0,0.9808634
16,95,0,3078.0,4563.0,0.6745562
16,95,1,4494.0,4563.0,0.98487836
16,95,2,4563.0,4563.0,1.0
16,96,0,3078.0,4597.0,0.6695671
16,96,1,4597.0,4597.0,1.0
16,96,2,4563.0,4597.0,0.9926039
16,97,0,3078.0,4634.0,0.664221
16,97,1,4597.0,4634.0,0.99201554
16,97,2,4634.0,4634.0,1.0
16,98,0,3078.0,4702.0,0.65461504
16,98,1,4597.0,4702.0,0.97766906
16,98,2,4702.0,4702.0,1.0
16,99,0,3078.0,4742.0,0.6490932
16,99,1,4597.0,4742.0,0.96942216
16,99,2,4742.0,4742.0,1.0
16,100,0,3078.0,4780.0,0.64393306
16,100,1,4780.0,4780.0,1.0
16,100,2,4742.0,4780.0,0.99205023
16,101,0,3078.0,4829.0,0.637399
16,101,1,4780.0,4829.0,0.98985296
16,101,2,4829.0,4829.0,1.0
16,102,0,3078.0,4874.0,0.63151413
16,102,1,4874.0,4874.0,1.0
16,102,2,4829.0,4874.0,0.99076736
16,103,0,3078.0,4915.0,0.6262462
16,103,1,4874.0,4915.0,0.9916582
16,103,2,4915.0,4915.0,1.0
16,104,0,3078.0,4969.0,0.61944056
16,104,1,4874.0,4969.0,0.98088145
16,104,2,4969.0,4969.0,1.0
16,105,0,3078.0,5023.0,0.6127812
16,105,1,4874.0,5023.0,0.97033644
16,105,2,5023.0,5023.0,1.0
16,106,0,3078.0,5065.0,0.60769993
16,106,1,5065.0,5065.0,1.0
16,106,2,5023.0,5065.0,0.9917078
16,107,0,3078.0,5124.0,0.6007026
16,107,1,5065.0,5124.0,0.9884856
16,107,2,5124.0,5124.0,1.0
16,108,0,3078.0,5161.0,0.596396
16,108,1,5161.0,5161.0,1.0
16,108,2,5124.0,5161.0,0.9928309
16,109,0,3078.0,5203.0,0.59158176
16,109,1,5203.0,5203.0,1.0
16,109,2,5124.0,5203.0,0.98481643
16,110,0,3078.0,5241.0,0.5872925
16,110,1,5241.0,5241.0,1.0
16,110,2,5124.0,5241.0,0.97767603
16,111,0,3078.0,5283.0,0.5826235
16,111,1,5283.0,5283.0,1.0
16,111,2,5124.0,5283.0,0.96990347
16,112,0,3078.0,5318.0,0.578789
16,112,1,5318.0,5318.0,1.0
16,112,2,5124.0,5318.0,0.9635201
16,113,0,3078.0,5367.0,0.57350475
16,113,1,5367.0,5367.0,1.0
16,113,2,5124.0,5367.0,0.9547233
16,114,0,3078.0,5411.0,0.5688413
16,114,1,5411.0,5411.0,1.0
16,114,2,5124.0,5411.0,0.9469599
16,115,0,3078.0,5449.0,0.5648743
16,115,1,5449.0,5449.0,1.0
16,115,2,5124.0,5449.0,0.940356
16,116,0,3078.0,5478.0,0.5618839
16,116,1,5478.0,5478.0,1.0
16,116,2,5124.0,5478.0,0.9353779
16,117,0,3078.0,5533.0,0.55629855
16,117,1,5478.0,5533.0,0.9900596
16,117,2,5533.0,5533.0,1.0
16,118,0,3078.0,5559.0,0.5536967
16,118,1,5559.0,5559.0,1.0
16,118,2,5533.0,5559.0,0.9953229
16,119,0,3078.0,5592.0,0.55042917
16,119,1,5592.0,5592.0,1.0
16,119,2,5533.0,5592.0,0.9894492
16,120,0,3078.0,5618.0,0.5478818
16,120,1,5618.0,5618.0,1.0
16,120,2,5533.0,5618.0,0.9848701
16,121,0,3078.0,5667.0,0.5431445
16,121,1,5667.0,5667.0,1.0
16,121,2,5533.0,5667.0,0.97635436
16,122,0,3078.0,5699.0,0.54009473
16,122,1,5699.0,5699.0,1.0
16,122,2,5533.0,5699.0,0.9708721
16,123,0,3078.0,5739.0,0.53633034
16,123,1,5739.0,5739.0,1.0
16,123,2,5533.0,5739.0,0.96410525
16,124,0,3078.0,5804.0,0.5303239
16,124,1,5739.0,5804.0,0.9888008
16,124,2,5804.0,5804.0,1.0
16,125,0,3078.0,5849.0,0.5262438
16,125,1,5849.0,5849.0,1.0
16,125,2,5804.0,5849.0,0.99230635
16,126,0,3078.0,5891.0,0.52249193
16,126,1,5849.0,5891.0,0.9928705
16,126,2,5891.0,5891.0,1.0
16,127,0,3078.0,5947.0,0.51757187
16,127,1,5849.0,5947.0,0.9835211
16,127,2,5947.0,5947.0,1.0
16,128,0,3078.0,5997.0,0.5132566
16,128,1,5997.0,5997.0,1.0
16,128,2,5947.0,5997.0,0.9916625
16,129,0,3078.0,6033.0,0.51019394
16,129,1,5997.0,6033.0,0.9940328
16,129,2,6033.0,6033.0,1.0
16,130,0,3078.0,6072.0,0.506917
16,130,1,6072.0,6072.0,1.0
16,130,2,6033.0,6072.0,0.99357706
16,131,0,3078.0,6146.0,0.50081354
16,131,1,6072.0,6146.0,0.9879596
16,131,2,6146.0,6146.0,1.0
16,132,0,3078.0,6187.0,0.49749476
16,132,1,6187.0,6187.0,1.0
16,132,2,6146.0,6187.0,0.9933732
16,133,0,3078.0,6232.0,0.49390244
16,133,1,6232.0,6232.0,1.0
16,133,2,6146.0,6232.0,0.9862003
16,134,0,3078.0,6267.0,0.4911441
16,134,1,6232.0,6267.0,0.99441516
16,134,2,6267.0,6267.0,1.0
17,1,0,31.0,31.0,1.0
17,1,1,0.0,31.0,0.0
17,1,2,0.0,31.0,0.0
17,2,0,105.0,105.0,1.0
17,2,1,0.0,105.0,0.0
17,2,2,0.0,105.0,0.0
17,3,0,185.0,185.0,1.0
17,3,1,0.0,185.0,0.0
17,3,2,0.0,185.0,0.0
17,4,0,248.0,248.0,1.0
17,4,1,0.0,248.0,0.0
17,4,2,0.0,248.0,0.0
17,5,0,292.0,292.0,1.0
17,5,1,0.0,292.0,0.0
17,5,2,0.0,292.0,0.0
17,6,0,333.0,333.0,1.0
17,6,1,0.0,333.0,0.0
17,6,2,0.0,333.0,0.0
17,7,0,408.0,408.0,1.0
17,7,1,0.0,408.0,0.0
17,7,2,0.0,408.0,0.0
17,8,0,408.0,428.0,0.95327103
17,8,1,428.0,428.0,1.0
17,8,2,0.0,428.0,0.0
17,9,0,408.0,462.0,0.8831169
17,9,1,428.0,462.0,0.9264069
17,9,2,462.0,462.0,1.0
17,10,0,408.0,487.0,0.8377823
17,10,1,487.0,487.0,1.0
17,10,2,462.0,487.0,0.9486653
17,11,0,568.0,568.0,1.0
17,11,1,487.0,568.0,0.85739434
17,11,2,462.0,568.0,0.8133803
17,12,0,626.0,626.0,1.0
17,12,1,487.0,626.0,0.7779553
17,12,2,462.0,626.0,0.73801917
17,13,0,681.0,681.0,1.0
17,13,1,487.0,681.0,0.71512485
17,13,2,462.0,681.0,0.6784141
17,14,0,681.0,724.0,0.9406077
17,14,1,724.0,724.0,1.0
17,14,2,462.0,724.0,0.63812155
17,15,0,804.0,804.0,1.0
17,15,1,724.0,804.0,0.9004975
17,15,2,462.0,804.0,0.57462686
17,16,0,804.0,842.0,0.95486933
17,16,1,724.0,842.0,0.8598575
17,16,2,842.0,842.0,1.0
17,17,0,804.0,873.0,0.9209622
17,17,1,873.0,873.0,1.0
17,17,2,842.0,873.0,0.96449023
17,18,0,932.0,932.0,1.0
17,18,1,873.0,932.0,0.9366953
17,18,2,842.0,932.0,0.9034335
17,19,0,995.0,995.0,1.0
17,19,1,873.0,995.0,0.8773869
17,19,2,842.0,995.0,0.84623116
17,20,0,995.0,1036.0,0.9604247
17,20,1,873.0,1036.0,0.84266406
17,20,2,1036.0,1036.0,1.0
17,21,0,1093.0,1093.0,1.0
17,21,1,873.0,1093.0,0.7987191
17,21,2,1036.0,1093.0,0.9478499
17,22,0,1093.0,1158.0,0.94386876
17,22,1,873.0,1158.0,0.753886
17,22,2,1158.0,1158.0,1.0
17,23,0,1093.0,1194.0,0.9154104
17,23,1,1194.0,1194.0,1.0
17,23,2,1158.0,1194.0,0.9698492
17,24,0,1093.0,1239.0,0.88216305
17,24,1,1239.0,1239.0,1.0
17,24,2,1158.0,1239.0,0.9346247
17,25,0,1093.0,1278.0,0.85524255
17,25,1,1239.0,1278.0,0.96948355
17,25,2,1278.0,1278.0,1.0
17,26,0,1093.0,1352.0,0.8084319
17,26,1,1239.0,1352.0,0.9164201
17,26,2,1352.0,1352.0,1.0
17,27,0,1093.0,1385.0,0.78916967
17,27,1,1385.0,1385.0,1.0
17,27,2,1352.0,1385.0,0.9761733
17,28,0,1093.0,1420.0,0.7697183
17,28,1,1385.0,1420.0,0.9753521
17,28,2,1420.0,1420.0,1.0
17,29,0,1093.0,1448.0,0.75483423
17,29,1,1448.0,1448.0,1.0
17,29,2,1420.0,1448.0,0.980663
17,30,0,1093.0,1499.0,0.72915274
17,30,1,1448.0,1499.0,0.9659773
17,30,2,1499.0,1499.0,1.0
17,31,0,1560.0,1560.0,1.0
17,31,1,1448.0,1560.0,0.92820513
17,31,2,1499.0,1560.0,0.96089745
17,32,0,1560.0,1609.0,0.9695463
17,32,1,1448.0,1609.0,0.89993787
17,32,2,1609.0,1609.0,1.0
17,33,0,1560.0,1651.0,0.9448819
17,33,1,1651.0,1651.0,1.0
17,33,2,1609.0,1651.0,0.97456086
17,34,0,1560.0,1684.0,0.9263658
17,34,1,1684.0,1684.0,1.0
17,34,2,1609.0,1684.0,0.9554632
17,35,0,1560.0,1734.0,0.899654
17,35,1,1734.0,1734.0,1.0
17,35,2,1609.0,1734.0,0.92791235
17,36,0,1560.0,1771.0,0.88085824
17,36,1,1734.0,1771.0,0.97910786
17,36,2,1771.0,1771.0,1.0
17,37,0,1560.0,1809.0,0.8623549
17,37,1,1809.0,1809.0,1.0
17,37,2,1771.0,1809.0,0.9789939
17,38,0,1560.0,1854.0,0.8414239
17,38,1,1854.0,1854.0,1.0
17,38,2,1771.0,1854.0,0.9552319
17,39,0,1905.0,1905.0,1.0
17,39,1,1854.0,1905.0,0.97322834
17,39,2,1771.0,1905.0,0.9296588
17,40,0,1981.0,1981.0,1.0
17,40,1,1854.0,1981.0,0.935891
17,40,2,1771.0,1981.0,0.89399296
17,41,0,1981.0,2014.0,0.9836147
17,41,1,2014.0,2014.0,1.0
17,41,2,1771.0,2014.0,0.8793446
17,42,0,1981.0,2052.0,0.9653996
17,42,1,2052.0,2052.0,1.0
17,42,2,1771.0,2052.0,0.8630604
17,43,0,1981.0,2088.0,0.9487548
17,43,1,2088.0,2088.0,1.0
17,43,2,1771.0,2088.0,0.84818006
17,44,0,1981.0,2137.0,0.92700046
17,44,1,2137.0,2137.0,1.0
17,44,2,1771.0,2137.0,0.8287319
17,45,0,1981.0,2172.0,0.9120626
17,45,1,2172.0,2172.0,1.0
17,45,2,1771.0,2172.0,0.81537753
17,46,0,1981.0,2210.0,0.89638007
17,46,1,2210.0,2210.0,1.0
17,46,2,1771.0,2210.0,0.80135745
17,47,0,1981.0,2251.0,0.8800533
17,47,1,2251.0,2251.0,1.0
17,47,2,1771.0,2251.0,0.78676146
17,48,0,2298.0,2298.0,1.0
17,48,1,2251.0,2298.0,0.97954744
17,48,2,1771.0,2298.0,0.7706702
17,49,0,2298.0,2329.0,0.98668957
17,49,1,2329.0,2329.0,1.0
17,49,2,1771.0,2329.0,0.7604122
17,50,0,2385.0,2385.0,1.0
17,50,1,2329.0,2385.0,0.97651994
17,50,2,1771.0,2385.0,0.74255764
17,51,0,2385.0,2427.0,0.9826947
17,51,1,2427.0,2427.0,1.0
17,51,2,1771.0,2427.0,0.7297075
17,52,0,2385.0,2495.0,0.9559118
17,52,1,2427.0,2495.0,0.9727455
17,52,2,2495.0,2495.0,1.0
17,53,0,2385.0,2530.0,0.94268775
17,53,1,2530.0,2530.0,1.0
17,53,2,2495.0,2530.0,0.986166
17,54,0,2385.0,2568.0,0.9287383
17,54,1,2568.0,2568.0,1.0
17,54,2,2495.0,2568.0,0.97157323
17,55,0,2385.0,2618.0,0.9110008
17,55,1,2568.0,2618.0,0.9809015
17,55,2,2618.0,2618.0,1.0
17,56,0,2385.0,2666.0,0.89459866
17,56,1,2568.0,2666.0,0.9632408
17,56,2,2666.0,2666.0,1.0
17,57,0,2385.0,2716.0,0.8781296
17,57,1,2716.0,2716.0,1.0
17,57,2,2666.0,2716.0,0.98159057
17,58,0,2385.0,2753.0,0.86632764
17,58,1,2716.0,2753.0,0.9865601
17,58,2,2753.0,2753.0,1.0
17,59,0,2385.0,2784.0,0.85668105
17,59,1,2784.0,2784.0,1.0
17,59,2,2753.0,2784.0,0.98886496
17,60,0,2385.0,2841.0,0.83949316
17,60,1,2784.0,2841.0,0.97993666
17,60,2,2841.0,2841.0,1.0
17,61,0,2385.0,2884.0,0.8269764
17,61,1,2884.0,2884.0,1.0
17,61,2,2841.0,2884.0,0.98509014
17,62,0,2385.0,2916.0,0.81790125
17,62,1,2916.0,2916.0,1.0
17,62,2,2841.0,2916.0,0.9742798
17,63,0,2385.0,2956.0,0.80683357
17,63,1,2956.0,2956.0,1.0
17,63,2,2841.0,2956.0,0.96109605
17,64,0,2385.0,2996.0,0.7960614
17,64,1,2956.0,2996.0,0.98664886
17,64,2,2996.0,2996.0,1.0
17,65,0,2385.0,3040.0,0.78453946
17,65,1,3040.0,3040.0,1.0
17,65,2,2996.0,3040.0,0.9855263
17,66,0,2385.0,3073.0,0.7761145
17,66,1,3073.0,3073.0,1.0
17,66,2,2996.0,3073.0,0.97494304
17,67,0,2385.0,3108.0,0.7673745
17,67,1,3108.0,3108.0,1.0
17,67,2,2996.0,3108.0,0.963964
17,68,0,2385.0,3147.0,0.75786465
17,68,1,3108.0,3147.0,0.98760724
17,68,2,3147.0,3147.0,1.0
17,69,0,2385.0,3220.0,0.74068326
17,69,1,3108.0,3220.0,0.9652174
17,69,2,3220.0,3220.0,1.0
17,70,0,2385.0,3259.0,0.73181957
17,70,1,3108.0,3259.0,0.95366675
17,70,2,3259.0,3259.0,1.0
17,71,0,2385.0,3301.0,0.7225083
17,71,1,3301.0,3301.0,1.0
17,71,2,3259.0,3301.0,0.98727655
17,72,0,2385.0,3342.0,0.7136445
17,72,1,3342.0,3342.0,1.0
17,72,2,3259.0,3342.0,0.9751646
17,73,0,2385.0,3412.0,0.6990035
17,73,1,3342.0,3412.0,0.9794842
17,73,2,3412.0,3412.0,1.0
17,74,0,2385.0,3463.0,0.6887092
17,74,1,3342.0,3463.0,0.9650592
17,74,2,3463.0,3463.0,1.0
17,75,0,2385.0,3536.0,0.6744909
17,75,1,3342.0,3536.0,0.9451358
17,75,2,3536.0,3536.0,1.0
17,76,0,2385.0,3578.0,0.6665735
17,76,1,3578.0,3578.0,1.0
17,76,2,3536.0,3578.0,0.9882616
17,77,0,2385.0,3647.0,0.65396214
17,77,1,3578.0,3647.0,0.98108035
17,77,2,3647.0,3647.0,1.0
17,78,0,2385.0,3679.0,0.648274
17,78,1,3679.0,3679.0,1.0
17,78,2,3647.0,3679.0,0.991302
17,79,0,2385.0,3716.0,0.6418192
17,79,1,3716.0,3716.0,1.0
17,79,2,3647.0,3716.0,0.98143166
17,80,0,2385.0,3789.0,0.62945366
17,80,1,3716.0,3789.0,0.9807337
17,80,2,3789.0,3789.0,1.0
17,81,0,2385.0,3824.0,0.62369245
17,81,1,3824.0,3824.0,1.0
17,81,2,3789.0,3824.0,0.9908473
17,82,0,2385.0,3870.0,0.61627907
17,82,1,3870.0,3870.0,1.0
17,82,2,3789.0,3870.0,0.97906977
17,83,0,2385.0,3914.0,0.60935104
17,83,1,3914.0,3914.0,1.0
17,83,2,3789.0,3914.0,0.96806335
17,84,0,2385.0,3950.0,0.6037975
17,84,1,3914.0,3950.0,0.9908861
17,84,2,3950.0,3950.0,1.0
17,85,0,2385.0,3987.0,0.5981941
17,85,1,3987.0,3987.0,1.0
17,85,2,3950.0,3987.0,0.99071985
17,86,0,2385.0,4056.0,0.58801776
17,86,1,3987.0,4056.0,0.9829882
17,86,2,4056.0,4056.0,1.0
17,87,0,2385.0,4092.0,0.58284456
17,87,1,4092.0,4092.0,1.0
17,87,2,4056.0,4092.0,0.99120235
17,88,0,2385.0,4132.0,0.5772023
17,88,1,4092.0,4132.0,0.99031943
17,88,2,4132.0,4132.0,1.0
17,89,0,2385.0,4170.0,0.57194245
17,89,1,4170.0,4170.0,1.0
17,89,2,4132.0,4170.0,0.9908873
17,90,0,2385.0,4226.0,0.5643635
17,90,1,4170.0,4226.0,0.9867487
17,90,2,4226.0,4226.0,1.0
17,91,0,2385.0,4263.0,0.55946517
17,91,1,4170.0,4263.0,0.9781844
17,91,2,4263.0,4263.0,1.0
17,92,0,2385.0,4318.0,0.552339
17,92,1,4170.0,4318.0,0.9657249
17,92,2,4318.0,4318.0,1.0
17,93,0,2385.0,4378.0,0.5447693
17,93,1,4170.0,4378.0,0.95248973
17,93,2,4378.0,4378.0,1.0
17,94,0,2385.0,4428.0,0.5386179
17,94,1,4428.0,4428.0,1.0
17,94,2,4378.0,4428.0,0.9887082
17,95,0,2385.0,4473.0,0.5331992
17,95,1,4428.0,4473.0,0.98993963
17,95,2,4473.0,4473.0,1.0
17,96,0,2385.0,4519.0,0.52777165
17,96,1,4519.0,4519.0,1.0
17,96,2,4473.0,4519.0,0.9898208
17,97,0,2385.0,4583.0,0.5204015
17,97,1,4519.0,4583.0,0.98603535
17,97,2,4583.0,4583.0,1.0
17,98,0,2385.0,4633.0,0.51478523
17,98,1,4633.0,4633.0,1.0
17,98,2,4583.0,4633.0,0.98920786
17,99,0,2385.0,4675.0,0.51016045
17,99,1,4633.0,4675.0,0.99101603
17,99,2,4675.0,4675.0,1.0
17,100,0,2385.0,4723.0,0.5049757
17,100,1,4723.0,4723.0,1.0
17,100,2,4675.0,4723.0,0.989837
17,101,0,2385.0,4766.0,0.5004196
17,101,1,4766.0,4766.0,1.0
17,101,2,4675.0,4766.0,0.9809064
17,102,0,2385.0,4809.0,0.4959451
17,102,1,4809.0,4809.0,1.0
17,102,2,4675.0,4809.0,0.9721356
17,103,0,2385.0,4849.0,0.49185398
17,103,1,4849.0,4849.0,1.0
17,103,2,4675.0,4849.0,0.96411633
17,104,0,2385.0,4903.0,0.48643687
17,104,1,4849.0,4903.0,0.9889863
17,104,2,4903.0,4903.0,1.0
17,105,0,2385.0,4971.0,0.47978273
17,105,1,4849.0,4971.0,0.97545767
17,105,2,4971.0,4971.0,1.0
17,106,0,2385.0,5016.0,0.47547847
17,106,1,5016.0,5016.0,1.0
17,106,2,4971.0,5016.0,0.9910287
17,107,0,2385.0,5066.0,0.47078562
17,107,1,5066.0,5066.0,1.0
17,107,2,4971.0,5066.0,0.98124754
17,108,0,5131.0,5131.0,1.0
17,108,1,5066.0,5131.0,0.9873319
17,108,2,4971.0,5131.0,0.968817
17,109,0,5131.0,5168.0,0.9928405
17,109,1,5168.0,5168.0,1.0
17,109,2,4971.0,5168.0,0.9618808
17,110,0,5131.0,5210.0,0.9848369
17,110,1,5210.0,5210.0,1.0
17,110,2,4971.0,5210.0,0.95412666
17,111,0,5131.0,5242.0,0.97882485
17,111,1,5242.0,5242.0,1.0
17,111,2,4971.0,5242.0,0.94830215
17,112,0,5131.0,5279.0,0.97196436
17,112,1,5279.0,5279.0,1.0
17,112,2,4971.0,5279.0,0.94165564
17,113,0,5131.0,5314.0,0.96556264
17,113,1,5314.0,5314.0,1.0
17,113,2,4971.0,5314.0,0.93545353
17,114,0,5131.0,5355.0,0.95816994
17,114,1,5355.0,5355.0,1.0
17,114,2,4971.0,5355.0,0.9282913
17,115,0,5131.0,5397.0,0.95071334
17,115,1,5397.0,5397.0,1.0
17,115,2,4971.0,5397.0,0.92106724
17,116,0,5131.0,5430.0,0.94493556
17,116,1,5430.0,5430.0,1.0
17,116,2,4971.0,5430.0,0.9154696
17,117,0,5131.0,5473.0,0.93751144
17,117,1,5473.0,5473.0,1.0
17,117,2,4971.0,5473.0,0.908277
17,118,0,5131.0,5522.0,0.9291923
17,118,1,5522.0,5522.0,1.0
17,118,2,4971.0,5522.0,0.9002173
17,119,0,5131.0,5564.0,0.92217827
17,119,1,5564.0,5564.0,1.0
17,119,2,4971.0,5564.0,0.893422
17,120,0,5131.0,5630.0,0.91136765
17,120,1,5564.0,5630.0,0.9882771
17,120,2,5630.0,5630.0,1.0
17,121,0,5131.0,5663.0,0.9060569
17,121,1,5564.0,5663.0,0.9825181
17,121,2,5663.0,5663.0,1.0
17,122,0,5131.0,5708.0,0.8989138
17,122,1,5708.0,5708.0,1.0
17,122,2,5663.0,5708.0,0.99211633
17,123,0,5131.0,5751.0,0.89219266
17,123,1,5751.0,5751.0,1.0
17,123,2,5663.0,5751.0,0.9846983
17,124,0,5131.0,5793.0,0.8857241
17,124,1,5751.0,5793.0,0.99274987
17,124,2,5793.0,5793.0,1.0
17,125,0,5131.0,5823.0,0.8811609
17,125,1,5823.0,5823.0,1.0
17,125,2,5793.0,5823.0,0.994848
17,126,0,5131.0,5879.0,0.87276745
17,126,1,5823.0,5879.0,0.9904746
17,126,2,5879.0,5879.0,1.0
17,127,0,5131.0,5913.0,0.86774904
17,127,1,5913.0,5913.0,1.0
17,127,2,5879.0,5913.0,0.99424994
17,128,0,5131.0,5948.0,0.8626429
17,128,1,5948.0,5948.0,1.0
17,128,2,5879.0,5948.0,0.98839945
17,129,0,5131.0,5998.0,0.8554518
17,129,1,5998.0,5998.0,1.0
17,129,2,5879.0,5998.0,0.98016006
17,130,0,5131.0,6053.0,0.84767884
17,130,1,5998.0,6053.0,0.99091357
17,130,2,6053.0,6053.0,1.0
17,131,0,5131.0,6087.0,0.84294397
17,131,1,6087.0,6087.0,1.0
17,131,2,6053.0,6087.0,0.9944143
17,132,0,5131.0,6132.0,0.836758
17,132,1,6132.0,6132.0,1.0
17,132,2,6053.0,6132.0,0.98711675
17,133,0,5131.0,6171.0,0.8314698
17,133,1,6171.0,6171.0,1.0
17,133,2,6053.0,6171.0,0.9808783
17,134,0,5131.0,6212.0,0.825982
17,134,1,6171.0,6212.0,0.99339986
17,134,2,6212.0,6212.0,1.0
18,1,0,25.0,25.0,1.0
18,1,1,0.0,25.0,0.0
18,1,2,0.0,25.0,0.0
18,2,0,76.0,76.0,1.0
18,2,1,0.0,76.0,0.0
18,2,2,0.0,76.0,0.0
18,3,0,76.0,91.0,0.83516484
18,3,1,91.0,91.0,1.0
18,3,2,0.0,91.0,0.0
18,4,0,76.0,131.0,0.5801527
18,4,1,91.0,131.0,0.6946565
18,4,2,131.0,131.0,1.0
18,5,0,211.0,211.0,1.0
18,5,1,91.0,211.0,0.43127963
18,5,2,131.0,211.0,0.62085307
18,6,0,287.0,287.0,1.0
18,6,1,91.0,287.0,0.31707317
18,6,2,131.0,287.0,0.456446
18,7,0,287.0,317.0,0.9053628
18,7,1,317.0,317.0,1.0
18,7,2,131.0,317.0,0.41324922
18,8,0,391.0,391.0,1.0
18,8,1,317.0,391.0,0.81074166
18,8,2,131.0,391.0,0.33503836
18,9,0,469.0,469.0,1.0
18,9,1,317.0,469.0,0.6759062
18,9,2,131.0,469.0,0.2793177
18,10,0,469.0,509.0,0.92141455
18,10,1,317.0,509.0,0.6227898
18,10,2,509.0,509.0,1.0
18,11,0,589.0,589.0,1.0
18,11,1,317.0,589.0,0.5382003
18,11,2,509.0,589.0,0.8641766
18,12,0,644.0,644.0,1.0
18,12,1,317.0,644.0,0.49223602
18,12,2,509.0,644.0,0.79037267
18,13,0,644.0,680.0,0.9470588
18,13,1,680.0,680.0,1.0
18,13,2,509.0,680.0,0.74852943
18,14,0,644.0,716.0,0.89944136
18,14,1,716.0,716.0,1.0
18,14,2,509.0,716.0,0.71089387
18,15,0,644.0,785.0,0.8203822
18,15,1,716.0,785.0,0.9121019
18,15,2,785.0,785.0,1.0
18,16,0,844.0,844.0,1.0
18,16,1,716.0,844.0,0.8483412
18,16,2,785.0,844.0,0.9300948
18,17,0,902.0,902.0,1.0
18,17,1,716.0,902.0,0.7937916
18,17,2,785.0,902.0,0.87028825
18,18,0,902.0,938.0,0.96162045
18,18,1,938.0,938.0,1.0
18,18,2,785.0,938.0,0.836887
18,19,0,902.0,973.0,0.9270298
18,19,1,973.0,973.0,1.0
18,19,2,785.0,973.0,0.80678314
18,20,0,1049.0,1049.0,1.0
18,20,1,973.0,1049.0,0.9275501
18,20,2,785.0,1049.0,0.7483317
18,21,0,1049.0,1093.0,0.9597438
18,21,1,973.0,1093.0,0.89021045
18,21,2,1093.0,1093.0,1.0
18,22,0,1150.0,1150.0,1.0
18,22,1,973.0,1150.0,0.846087
18,22,2,1093.0,1150.0,0.9504348
18,23,0,1206.0,1206.0,1.0
18,23,1,973.0,1206.0,0.80679935
18,23,2,1093.0,1206.0,0.9063018
18,24,0,1206.0,1240.0,0.9725807
18,24,1,1240.0,1240.0,1.0
18,24,2,1093.0,1240.0,0.8814516
18,25,0,1206.0,1285.0,0.9385214
18,25,1,1285.0,1285.0,1.0
18,25,2,1093.0,1285.0,0.8505837
18,26,0,1366.0,1366.0,1.0
18,26,1,1285.0,1366.0,0.9407028
18,26,2,1093.0,1366.0,0.8001464
18,27,0,1366.0,1416.0,0.96468925
18,27,1,1416.0,1416.0,1.0
18,27,2,1093.0,1416.0,0.77189267
18,28,0,1366.0,1460.0,0.93561643
18,28,1,1460.0,1460.0,1.0
18,28,2,1093.0,1460.0,0.74863017
18,29,0,1523.0,1523.0,1.0
18,29,1,1460.0,1523.0,0.95863426
18,29,2,1093.0,1523.0,0.7176625
18,30,0,1523.0,1556.0,0.9787918
18,30,1,1556.0,1556.0,1.0
18,30,2,1093.0,1556.0,0.70244217
18,31,0,1523.0,1597.0,0.9536631
18,31,1,1556.0,1597.0,0.97432685
18,31,2,1597.0,1597.0,1.0
18,32,0,1668.0,1668.0,1.0
18,32,1,1556.0,1668.0,0.9328537
18,32,2,1597.0,1668.0,0.95743406
18,33,0,1668.0,1711.0,0.9748685
18,33,1,1711.0,1711.0,1.0
18,33,2,1597.0,1711.0,0.9333723
18,34,0,1668.0,1752.0,0.9520548
18,34,1,1711.0,1752.0,0.9765982
18,34,2,1752.0,1752.0,1.0
18,35,0,1668.0,1797.0,0.9282137
18,35,1,1797.0,1797.0,1.0
18,35,2,1752.0,1797.0,0.97495824
18,36,0,1668.0,1830.0,0.9114754
18,36,1,1830.0,1830.0,1.0
18,36,2,1752.0,1830.0,0.9573771
18,37,0,1668.0,1873.0,0.8905499
18,37,1,1873.0,1873.0,1.0
18,37,2,1752.0,1873.0,0.93539774
18,38,0,1668.0,1938.0,0.8606811
18,38,1,1873.0,1938.0,0.9664603
18,38,2,1938.0,1938.0,1.0
18,39,0,1668.0,1973.0,0.8454131
18,39,1,1973.0,1973.0,1.0
18,39,2,1938.0,1973.0,0.9822605
18,40,0,1668.0,2010.0,0.82985073
18,40,1,1973.0,2010.0,0.98159206
18,40,2,2010.0,2010.0,1.0
18,41,0,1668.0,2042.0,0.81684625
18,41,1,2042.0,2042.0,1.0
18,41,2,2010.0,2042.0,0.9843291
18,42,0,1668.0,2108.0,0.7912713
18,42,1,2042.0,2108.0,0.9686907
18,42,2,2108.0,2108.0,1.0
18,43,0,1668.0,2141.0,0.7790752
18,43,1,2141.0,2141.0,1.0
18,43,2,2108.0,2141.0,0.98458666
18,44,0,1668.0,2195.0,0.75990885
18,44,1,2141.0,2195.0,0.97539866
18,44,2,2195.0,2195.0,1.0
18,45,0,2266.0,2266.0,1.0
18,45,1,2141.0,2266.0,0.94483674
18,45,2,2195.0,2266.0,0.96866727
18,46,0,2266.0,2309.0,0.98137724
18,46,1,2309.0,2309.0,1.0
18,46,2,2195.0,2309.0,0.950628
18,47,0,2266.0,2339.0,0.96879005
18,47,1,2339.0,2339.0,1.0
18,47,2,2195.0,2339.0,0.93843526
18,48,0,2414.0,2414.0,1.0
18,48,1,2339.0,2414.0,0.96893126
18,48,2,2195.0,2414.0,0.9092792
18,49,0,2414.0,2456.0,0.982899
18,49,1,2456.0,2456.0,1.0
18,49,2,2195.0,2456.0,0.8937296
18,50,0,2414.0,2530.0,0.9541502
18,50,1,2456.0,2530.0,0.970751
18,50,2,2530.0,2530.0,1.0
18,51,0,2414.0,2564.0,0.9414977
18,51,1,2564.0,2564.0,1.0
18,51,2,2530.0,2564.0,0.98673946
18,52,0,2414.0,2632.0,0.91717327
18,52,1,2564.0,2632.0,0.9741641
18,52,2,2632.0,2632.0,1.0
18,53,0,2414.0,2669.0,0.9044586
18,53,1,2564.0,2669.0,0.96065944
18,53,2,2669.0,2669.0,1.0
18,54,0,2414.0,2707.0,0.8917621
18,54,1,2707.0,2707.0,1.0
18,54,2,2669.0,2707.0,0.98596233
18,55,0,2414.0,2760.0,0.87463766
18,55,1,2707.0,2760.0,0.9807971
18,55,2,2760.0,2760.0,1.0
18,56,0,2414.0,2800.0,0.86214286
18,56,1,2707.0,2800.0,0.9667857
18,56,2,2800.0,2800.0,1.0
18,57,0,2414.0,2831.0,0.8527022
18,57,1,2831.0,2831.0,1.0
18,57,2,2800.0,2831.0,0.9890498
18,58,0,2414.0,2881.0,0.8379035
18,58,1,2831.0,2881.0,0.9826449
18,58,2,2881.0,2881.0,1.0
18,59,0,2414.0,2919.0,0.82699555
18,59,1,2831.0,2919.0,0.9698527
18,59,2,2919.0,2919.0,1.0
18,60,0,2414.0,2964.0,0.81443995
18,60,1,2964.0,2964.0,1.0
18,60,2,2919.0,2964.0,0.9848178
18,61,0,2414.0,3013.0,0.80119485
18,61,1,3013.0,3013.0,1.0
18,61,2,2919.0,3013.0,0.96880186
18,62,0,2414.0,3051.0,0.791216
18,62,1,3051.0,3051.0,1.0
18,62,2,2919.0,3051.0,0.9567355
18,63,0,2414.0,3077.0,0.7845304
18,63,1,3077.0,3077.0,1.0
18,63,2,2919.0,3077.0,0.94865125
18,64,0,2414.0,3127.0,0.77198595
18,64,1,3127.0,3127.0,1.0
18,64,2,2919.0,3127.0,0.9334826
18,65,0,2414.0,3154.0,0.7653773
18,65,1,3154.0,3154.0,1.0
18,65,2,2919.0,3154.0,0.92549145
18,66,0,2414.0,3187.0,0.75745213
18,66,1,3187.0,3187.0,1.0
18,66,2,2919.0,3187.0,0.9159084
18,67,0,2414.0,3224.0,0.7487593
18,67,1,3224.0,3224.0,1.0
18,67,2,2919.0,3224.0,0.905397
18,68,0,2414.0,3266.0,0.73913044
18,68,1,3266.0,3266.0,1.0
18,68,2,2919.0,3266.0,0.8937538
18,69,0,2414.0,3309.0,0.72952557
18,69,1,3266.0,3309.0,0.9870051
18,69,2,3309.0,3309.0,1.0
18,70,0,2414.0,3349.0,0.7208122
18,70,1,3349.0,3349.0,1.0
18,70,2,3309.0,3349.0,0.9880561
18,71,0,2414.0,3399.0,0.7102089
18,71,1,3399.0,3399.0,1.0
18,71,2,3309.0,3399.0,0.97352165
18,72,0,2414.0,3459.0,0.69788957
18,72,1,3399.0,3459.0,0.982654
18,72,2,3459.0,3459.0,1.0
18,73,0,2414.0,3516.0,0.68657565
18,73,1,3399.0,3516.0,0.96672356
18,73,2,3516.0,3516.0,1.0
18,74,0,2414.0,3567.0,0.6767592
18,74,1,3399.0,3567.0,0.9529016
18,74,2,3567.0,3567.0,1.0
18,75,0,2414.0,3606.0,0.66943985
18,75,1,3399.0,3606.0,0.94259566
18,75,2,3606.0,3606.0,1.0
18,76,0,2414.0,3649.0,0.6615511
18,76,1,3649.0,3649.0,1.0
18,76,2,3606.0,3649.0,0.9882159
18,77,0,2414.0,3722.0,0.648576
18,77,1,3649.0,3722.0,0.9803869
18,77,2,3722.0,3722.0,1.0
18,78,0,2414.0,3763.0,0.6415094
18,78,1,3763.0,3763.0,1.0
18,78,2,3722.0,3763.0,0.98910445
18,79,0,2414.0,3805.0,0.6344284
18,79,1,3763.0,3805.0,0.9889619
18,79,2,3805.0,3805.0,1.0
18,80,0,2414.0,3849.0,0.62717587
18,80,1,3849.0,3849.0,1.0
18,80,2,3805.0,3849.0,0.9885685
18,81,0,2414.0,3886.0,0.6212043
18,81,1,3849.0,3886.0,0.99047863
18,81,2,3886.0,3886.0,1.0
18,82,0,2414.0,3959.0,0.6097499
18,82,1,3849.0,3959.0,0.97221524
18,82,2,3959.0,3959.0,1.0
18,83,0,2414.0,3998.0,0.6038019
18,83,1,3998.0,3998.0,1.0
18,83,2,3959.0,3998.0,0.9902451
18,84,0,2414.0,4044.0,0.5969337
18,84,1,4044.0,4044.0,1.0
18,84,2,3959.0,4044.0,0.9789812
18,85,0,2414.0,4082.0,0.5913768
18,85,1,4082.0,4082.0,1.0
18,85,2,3959.0,4082.0,0.9698677
18,86,0,2414.0,4132.0,0.5842207
18,86,1,4132.0,4132.0,1.0
18,86,2,3959.0,4132.0,0.9581317
18,87,0,2414.0,4169.0,0.57903576
18,87,1,4169.0,4169.0,1.0
18,87,2,3959.0,4169.0,0.94962823
18,88,0,2414.0,4210.0,0.5733967
18,88,1,4210.0,4210.0,1.0
18,88,2,3959.0,4210.0,0.94038004
18,89,0,2414.0,4247.0,0.5684012
18,89,1,4247.0,4247.0,1.0
18,89,2,3959.0,4247.0,0.93218744
18,90,0,2414.0,4303.0,0.5610039
18,90,1,4247.0,4303.0,0.9869858
18,90,2,4303.0,4303.0,1.0
18,91,0,2414.0,4359.0,0.55379677
18,91,1,4247.0,4359.0,0.97430605
18,91,2,4359.0,4359.0,1.0
18,92,0,2414.0,4399.0,0.54876107
18,92,1,4399.0,4399.0,1.0
18,92,2,4359.0,4399.0,0.990907
18,93,0,2414.0,4453.0,0.54210645
18,93,1,4399.0,4453.0,0.9878733
18,93,2,4453.0,4453.0,1.0
18,94,0,2414.0,4493.0,0.5372802
18,94,1,4399.0,4493.0,0.9790786
18,94,2,4493.0,4493.0,1.0
18,95,0,2414.0,4528.0,0.5331272
18,95,1,4528.0,4528.0,1.0
18,95,2,4493.0,4528.0,0.9922703
18,96,0,2414.0,4576.0,0.52753496
18,96,1,4576.0,4576.0,1.0
18,96,2,4493.0,4576.0,0.9818619
18,97,0,2414.0,4644.0,0.5198105
18,97,1,4576.0,4644.0,0.98535746
18,97,2,4644.0,4644.0,1.0
18,98,0,2414.0,4681.0,0.5157018
18,98,1,4681.0,4681.0,1.0
18,98,2,4644.0,4681.0,0.9920957
18,99,0,2414.0,4724.0,0.5110076
18,99,1,4724.0,4724.0,1.0
18,99,2,4644.0,4724.0,0.9830652
18,100,0,4783.0,4783.0,1.0
18,100,1,4724.0,4783.0,0.98766464
18,100,2,4644.0,4783.0,0.97093874
18,101,0,4783.0,4822.0,0.99191207
18,101,1,4724.0,4822.0,0.9796765
18,101,2,4822.0,4822.0,1.0
18,102,0,4783.0,4864.0,0.98334706
18,102,1,4864.0,4864.0,1.0
18,102,2,4822.0,4864.0,0.99136513
18,103,0,4783.0,4914.0,0.97334146
18,103,1,4914.0,4914.0,1.0
18,103,2,4822.0,4914.0,0.981278
18,104,0,4783.0,4950.0,0.96626264
18,104,1,4914.0,4950.0,0.9927273
18,104,2,4950.0,4950.0,1.0
18,105,0,4783.0,4999.0,0.95679134
18,105,1,4999.0,4999.0,1.0
18,105,2,4950.0,4999.0,0.990198
18,106,0,4783.0,5032.0,0.9505167
18,106,1,5032.0,5032.0,1.0
18,106,2,4950.0,5032.0,0.98370427
18,107,0,4783.0,5074.0,0.94264877
18,107,1,5074.0,5074.0,1.0
18,107,2,4950.0,5074.0,0.9755617
18,108,0,4783.0,5122.0,0.93381494
18,108,1,5122.0,5122.0,1.0
18,108,2,4950.0,5122.0,0.96641934
18,109,0,4783.0,5164.0,0.92622
18,109,1,5122.0,5164.0,0.99186677
18,109,2,5164.0,5164.0,1.0
18,110,0,4783.0,5196.0,0.9205158
18,110,1,5196.0,5196.0,1.0
18,110,2,5164.0,5196.0,0.9938414
18,111,0,4783.0,5265.0,0.90845203
18,111,1,5196.0,5265.0,0.9868946
18,111,2,5265.0,5265.0,1.0
18,112,0,4783.0,5307.0,0.90126246
18,112,1,5307.0,5307.0,1.0
18,112,2,5265.0,5307.0,0.99208593
18,113,0,4783.0,5344.0,0.89502245
18,113,1,5344.0,5344.0,1.0
18,113,2,5265.0,5344.0,0.9852171
18,114,0,5406.0,5406.0,1.0
18,114,1,5344.0,5406.0,0.98853123
18,114,2,5265.0,5406.0,0.97391784
18,115,0,5406.0,5479.0,0.9866764
18,115,1,5344.0,5479.0,0.97536045
18,115,2,5479.0,5479.0,1.0
18,116,0,5406.0,5519.0,0.97952527
18,116,1,5344.0,5519.0,0.96829134
18,116,2,5519.0,5519.0,1.0
18,117,0,5406.0,5569.0,0.97073084
18,117,1,5344.0,5569.0,0.95959777
18,117,2,5569.0,5569.0,1.0
18,118,0,5406.0,5633.0,0.9597018
18,118,1,5344.0,5633.0,0.9486952
18,118,2,5633.0,5633.0,1.0
18,119,0,5406.0,5673.0,0.952935
18,119,1,5673.0,5673.0,1.0
18,119,2,5633.0,5673.0,0.99294907
18,120,0,5406.0,5734.0,0.94279736
18,120,1,5673.0,5734.0,0.9893617
18,120,2,5734.0,5734.0,1.0
18,121,0,5406.0,5775.0,0.9361039
18,121,1,5775.0,5775.0,1.0
18,121,2,5734.0,5775.0,0.99290043
18,122,0,5406.0,5811.0,0.9303046
18,122,1,5811.0,5811.0,1.0
18,122,2,5734.0,5811.0,0.9867493
18,123,0,5406.0,5841.0,0.92552644
18,123,1,5841.0,5841.0,1.0
18,123,2,5734.0,5841.0,0.9816812
18,124,0,5406.0,5884.0,0.91876274
18,124,1,5884.0,5884.0,1.0
18,124,2,5734.0,5884.0,0.97450715
18,125,0,5406.0,5934.0,0.91102123
18,125,1,5934.0,5934.0,1.0
18,125,2,5734.0,5934.0,0.9662959
18,126,0,5406.0,5979.0,0.90416455
18,126,1,5979.0,5979.0,1.0
18,126,2,5734.0,5979.0,0.95902324
18,127,0,5406.0,6023.0,0.89755934
18,127,1,5979.0,6023.0,0.9926947
18,127,2,6023.0,6023.0,1.0
18,128,0,5406.0,6069.0,0.8907563
18,128,1,6069.0,6069.0,1.0
18,128,2,6023.0,6069.0,0.9924205
18,129,0,5406.0,6139.0,0.88059944
18,129,1,6069.0,6139.0,0.9885975
18,129,2,6139.0,6139.0,1.0
18,130,0,5406.0,6172.0,0.87589115
18,130,1,6172.0,6172.0,1.0
18,130,2,6139.0,6172.0,0.9946533
18,131,0,5406.0,6205.0,0.87123287
18,131,1,6205.0,6205.0,1.0
18,131,2,6139.0,6205.0,0.98936343
18,132,0,5406.0,6240.0,0.8663462
18,132,1,6240.0,6240.0,1.0
18,132,2,6139.0,6240.0,0.9838141
18,133,0,5406.0,6285.0,0.8601432
18,133,1,6285.0,6285.0,1.0
18,133,2,6139.0,6285.0,0.9767701
18,134,0,5406.0,6327.0,0.85443336
18,134,1,6327.0,6327.0,1.0
18,134,2,6139.0,6327.0,0.9702861
19,1,0,31.0,31.0,1.0
19,1,1,0.0,31.0,0.0
19,1,2,0.0,31.0,0.0
19,2,0,78.0,78.0,1.0
19,2,1,0.0,78.0,0.0
19,2,2,0.0,78.0,0.0
19,3,0,150.0,150.0,1.0
19,3,1,0.0,150.0,0.0
19,3,2,0.0,150.0,0.0
19,4,0,150.0,172.0,0.872093
19,4,1,172.0,172.0,1.0
19,4,2,0.0,172.0,0.0
19,5,0,227.0,227.0,1.0
19,5,1,172.0,227.0,0.75770926
19,5,2,0.0,227.0,0.0
19,6,0,298.0,298.0,1.0
19,6,1,172.0,298.0,0.5771812
19,6,2,0.0,298.0,0.0
19,7,0,298.0,333.0,0.8948949
19,7,1,333.0,333.0,1.0
19,7,2,0.0,333.0,0.0
19,8,0,413.0,413.0,1.0
19,8,1,333.0,413.0,0.8062954
19,8,2,0.0,413.0,0.0
19,9,0,472.0,472.0,1.0
19,9,1,333.0,472.0,0.7055085
19,9,2,0.0,472.0,0.0
19,10,0,538.0,538.0,1.0
19,10,1,333.0,538.0,0.6189591
19,10,2,0.0,538.0,0.0
19,11,0,538.0,567.0,0.9488536
19,11,1,333.0,567.0,0.5873016
19,11,2,567.0,567.0,1.0
19,12,0,627.0,627.0,1.0
19,12,1,333.0,627.0,0.53110045
19,12,2,567.0,627.0,0.90430623
19,13,0,703.0,703.0,1.0
19,13,1,333.0,703.0,0.47368422
19,13,2,567.0,703.0,0.8065434
19,14,0,703.0,736.0,0.95516306
19,14,1,736.0,736.0,1.0
19,14,2,567.0,736.0,0.77038044
19,15,0,703.0,791.0,0.8887484
19,15,1,736.0,791.0,0.9304678
19,15,2,791.0,791.0,1.0
19,16,0,865.0,865.0,1.0
19,16,1,736.0,865.0,0.85086703
19,16,2,791.0,865.0,0.9144509
19,17,0,865.0,934.0,0.9261242
19,17,1,736.0,934.0,0.7880086
19,17,2,934.0,934.0,1.0
19,18,0,1014.0,1014.0,1.0
19,18,1,736.0,1014.0,0.72583824
19,18,2,934.0,1014.0,0.92110455
19,19,0,1014.0,1042.0,0.9731286
19,19,1,1042.0,1042.0,1.0
19,19,2,934.0,1042.0,0.8963532
19,20,0,1085.0,1085.0,1.0
19,20,1,1042.0,1085.0,0.9603687
19,20,2,934.0,1085.0,0.8608295
19,21,0,1148.0,1148.0,1.0
19,21,1,1042.0,1148.0,0.9076655
19,21,2,934.0,1148.0,0.81358886
19,22,0,1148.0,1218.0,0.9425287
19,22,1,1042.0,1218.0,0.8555008
19,22,2,1218.0,1218.0,1.0
19,23,0,1148.0,1253.0,0.9162011
19,23,1,1253.0,1253.0,1.0
19,23,2,1218.0,1253.0,0.97206706
19,24,0,1318.0,1318.0,1.0
19,24,1,1253.0,1318.0,0.9506829
19,24,2,1218.0,1318.0,0.92412746
19,25,0,1318.0,1364.0,0.96627563
19,25,1,1364.0,1364.0,1.0
19,25,2,1218.0,1364.0,0.89296186
19,26,0,1318.0,1412.0,0.93342775
19,26,1,1412.0,1412.0,1.0
19,26,2,1218.0,1412.0,0.8626062
19,27,0,1318.0,1485.0,0.88754207
19,27,1,1412.0,1485.0,0.9508417
19,27,2,1485.0,1485.0,1.0
19,28,0,1541.0,1541.0,1.0
19,28,1,1412.0,1541.0,0.91628814
19,28,2,1485.0,1541.0,0.96365994
19,29,0,1541.0,1605.0,0.9601246
19,29,1,1412.0,1605.0,0.8797508
19,29,2,1605.0,1605.0,1.0
19,30,0,1681.0,1681.0,1.0
19,30,1,1412.0,1681.0,0.8399762
19,30,2,1605.0,1681.0,0.9547888
19,31,0,1681.0,1717.0,0.9790332
19,31,1,1717.0,1717.0,1.0
19,31,2,1605.0,1717.0,0.9347699
19,32,0,1681.0,1767.0,0.95132995
19,32,1,1767.0,1767.0,1.0
19,32,2,1605.0,1767.0,0.9083192
19,33,0,1681.0,1815.0,0.9261708
19,33,1,1815.0,1815.0,1.0
19,33,2,1605.0,1815.0,0.88429755
19,34,0,1681.0,1857.0,0.9052235
19,34,1,1857.0,1857.0,1.0
19,34,2,1605.0,1857.0,0.8642973
19,35,0,1681.0,1885.0,0.8917772
19,35,1,1885.0,1885.0,1.0
19,35,2,1605.0,1885.0,0.8514589
19,36,0,1681.0,1918.0,0.8764338
19,36,1,1918.0,1918.0,1.0
19,36,2,1605.0,1918.0,0.83680916
19,37,0,1681.0,1975.0,0.85113925
19,37,1,1918.0,1975.0,0.97113925
19,37,2,1975.0,1975.0,1.0
19,38,0,1681.0,2039.0,0.82442373
19,38,1,1918.0,2039.0,0.9406572
19,38,2,2039.0,2039.0,1.0
19,39,0,1681.0,2079.0,0.8085618
19,39,1,2079.0,2079.0,1.0
19,39,2,2039.0,2079.0,0.98076
19,40,0,1681.0,2114.0,0.795175
19,40,1,2114.0,2114.0,1.0
19,40,2,2039.0,2114.0,0.96452224
19,41,0,1681.0,2154.0,0.78040856
19,41,1,2154.0,2154.0,1.0
19,41,2,2039.0,2154.0,0.9466109
19,42,0,1681.0,2184.0,0.76968867
19,42,1,2184.0,2184.0,1.0
19,42,2,2039.0,2184.0,0.93360806
19,43,0,1681.0,2221.0,0.7568663
19,43,1,2184.0,2221.0,0.98334086
19,43,2,2221.0,2221.0,1.0
19,44,0,1681.0,2259.0,0.74413455
19,44,1,2259.0,2259.0,1.0
19,44,2,2221.0,2259.0,0.9831784
19,45,0,2340.0,2340.0,1.0
19,45,1,2259.0,2340.0,0.9653846
19,45,2,2221.0,2340.0,0.9491453
19,46,0,2340.0,2385.0,0.9811321
19,46,1,2259.0,2385.0,0.94716984
19,46,2,2385.0,2385.0,1.0
19,47,0,2340.0,2419.0,0.9673419
19,47,1,2259.0,2419.0,0.93385696
19,47,2,2419.0,2419.0,1.0
19,48,0,2340.0,2462.0,0.9504468
19,48,1,2462.0,2462.0,1.0
19,48,2,2419.0,2462.0,0.9825345
19,49,0,2525.0,2525.0,1.0
19,49,1,2462.0,2525.0,0.9750495
19,49,2,2419.0,2525.0,0.9580198
19,50,0,2525.0,2574.0,0.98096347
19,50,1,2462.0,2574.0,0.95648795
19,50,2,2574.0,2574.0,1.0
19,51,0,2525.0,2624.0,0.96227133
19,51,1,2462.0,2624.0,0.9382622
19,51,2,2624.0,2624.0,1.0
19,52,0,2525.0,2654.0,0.95139414
19,52,1,2654.0,2654.0,1.0
19,52,2,2624.0,2654.0,0.98869634
19,53,0,2525.0,2696.0,0.9365727
19,53,1,2696.0,2696.0,1.0
19,53,2,2624.0,2696.0,0.9732938
19,54,0,2525.0,2729.0,0.9252474
19,54,1,2729.0,2729.0,1.0
19,54,2,2624.0,2729.0,0.96152437
19,55,0,2525.0,2763.0,0.91386175
19,55,1,2763.0,2763.0,1.0
19,55,2,2624.0,2763.0,0.94969237
19,56,0,2525.0,2794.0,0.9037223
19,56,1,2794.0,2794.0,1.0
19,56,2,2624.0,2794.0,0.93915534
19,57,0,2525.0,2842.0,0.88845885
19,57,1,2794.0,2842.0,0.9831105
19,57,2,2842.0,2842.0,1.0
19,58,0,2525.0,2882.0,0.87612766
19,58,1,2882.0,2882.0,1.0
19,58,2,2842.0,2882.0,0.98612076
19,59,0,2525.0,2921.0,0.86443
19,59,1,2921.0,2921.0,1.0
19,59,2,2842.0,2921.0,0.97295445
19,60,0,2525.0,2962.0,0.85246456
19,60,1,2921.0,2962.0,0.986158
19,60,2,2962.0,2962.0,1.0
19,61,0,2525.0,2995.0,0.84307176
19,61,1,2995.0,2995.0,1.0
19,61,2,2962.0,2995.0,0.98898166
19,62,0,2525.0,3038.0,0.8311389
19,62,1,3038.0,3038.0,1.0
19,62,2,2962.0,3038.0,0.9749835
19,63,0,2525.0,3074.0,0.82140535
19,63,1,3074.0,3074.0,1.0
19,63,2,2962.0,3074.0,0.9635654
19,64,0,2525.0,3123.0,0.80851746
19,64,1,3074.0,3123.0,0.98431
19,64,2,3123.0,3123.0,1.0
19,65,0,2525.0,3155.0,0.80031693
19,65,1,3155.0,3155.0,1.0
19,65,2,3123.0,3155.0,0.9898574
19,66,0,2525.0,3209.0,0.7868495
19,66,1,3155.0,3209.0,0.98317236
19,66,2,3209.0,3209.0,1.0
19,67,0,2525.0,3241.0,0.7790805
19,67,1,3241.0,3241.0,1.0
19,67,2,3209.0,3241.0,0.9901265
19,68,0,3300.0,3300.0,1.0
19,68,1,3241.0,3300.0,0.9821212
19,68,2,3209.0,3300.0,0.97242427
19,69,0,3300.0,3345.0,0.9865471
19,69,1,3345.0,3345.0,1.0
19,69,2,3209.0,3345.0,0.9593423
19,70,0,3300.0,3376.0,0.97748816
19,70,1,3376.0,3376.0,1.0
19,70,2,3209.0,3376.0,0.95053315
19,71,0,3300.0,3417.0,0.96575946
19,71,1,3376.0,3417.0,0.98800117
19,71,2,3417.0,3417.0,1.0
19,72,0,3300.0,3490.0,0.9455587
19,72,1,3376.0,3490.0,0.9673352
19,72,2,3490.0,3490.0,1.0
19,73,0,3300.0,3529.0,0.9351091
19,73,1,3376.0,3529.0,0.95664495
19,73,2,3529.0,3529.0,1.0
19,74,0,3300.0,3595.0,0.9179416
19,74,1,3376.0,3595.0,0.9390821
19,74,2,3595.0,3595.0,1.0
19,75,0,3300.0,3645.0,0.9053498
19,75,1,3376.0,3645.0,0.9262003
19,75,2,3645.0,3645.0,1.0
19,76,0,3300.0,3701.0,0.8916509
19,76,1,3376.0,3701.0,0.9121859
19,76,2,3701.0,3701.0,1.0
19,77,0,3300.0,3738.0,0.882825
19,77,1,3738.0,3738.0,1.0
19,77,2,3701.0,3738.0,0.99010164
19,78,0,3300.0,3778.0,0.87347806
19,78,1,3738.0,3778.0,0.98941237
19,78,2,3778.0,3778.0,1.0
19,79,0,3300.0,3821.0,0.86364824
19,79,1,3738.0,3821.0,0.9782779
19,79,2,3821.0,3821.0,1.0
19,80,0,3300.0,3862.0,0.85447955
19,80,1,3862.0,3862.0,1.0
19,80,2,3821.0,3862.0,0.98938376
19,81,0,3300.0,3905.0,0.8450704
19,81,1,3905.0,3905.0,1.0
19,81,2,3821.0,3905.0,0.9784891
19,82,0,3300.0,3947.0,0.83607805
19,82,1,3947.0,3947.0,1.0
19,82,2,3821.0,3947.0,0.968077
19,83,0,3300.0,3979.0,0.8293541
19,83,1,3979.0,3979.0,1.0
19,83,2,3821.0,3979.0,0.9602915
19,84,0,3300.0,4014.0,0.8221226
19,84,1,4014.0,4014.0,1.0
19,84,2,3821.0,4014.0,0.9519183
19,85,0,3300.0,4058.0,0.81320846
19,85,1,4058.0,4058.0,1.0
19,85,2,3821.0,4058.0,0.94159687
19,86,0,3300.0,4107.0,0.8035062
19,86,1,4107.0,4107.0,1.0
19,86,2,3821.0,4107.0,0.9303628
19,87,0,3300.0,4141.0,0.796909
19,87,1,4141.0,4141.0,1.0
19,87,2,3821.0,4141.0,0.922724
19,88,0,3300.0,4192.0,0.78721374
19,88,1,4141.0,4192.0,0.987834
19,88,2,4192.0,4192.0,1.0
19,89,0,3300.0,4230.0,0.78014183
19,89,1,4141.0,4230.0,0.9789598
19,89,2,4230.0,4230.0,1.0
19,90,0,3300.0,4303.0,0.7669068
19,90,1,4141.0,4303.0,0.96235186
19,90,2,4303.0,4303.0,1.0
19,91,0,3300.0,4344.0,0.7596685
19,91,1,4344.0,4344.0,1.0
19,91,2,4303.0,4344.0,0.9905617
19,92,0,3300.0,4380.0,0.75342464
19,92,1,4344.0,4380.0,0.9917808
19,92,2,4380.0,4380.0,1.0
19,93,0,3300.0,4413.0,0.74779063
19,93,1,4413.0,4413.0,1.0
19,93,2,4380.0,4413.0,0.9925221
19,94,0,3300.0,4451.0,0.74140644
19,94,1,4451.0,4451.0,1.0
19,94,2,4380.0,4451.0,0.98404855
19,95,0,3300.0,4486.0,0.7356219
19,95,1,4486.0,4486.0,1.0
19,95,2,4380.0,4486.0,0.97637093
19,96,0,3300.0,4536.0,0.72751325
19,96,1,4536.0,4536.0,1.0
19,96,2,4380.0,4536.0,0.9656085
19,97,0,3300.0,4586.0,0.7195813
19,97,1,4586.0,4586.0,1.0
19,97,2,4380.0,4586.0,0.9550807
19,98,0,3300.0,4631.0,0.7125891
19,98,1,4631.0,4631.0,1.0
19,98,2,4380.0,4631.0,0.94580007
19,99,0,3300.0,4681.0,0.7049776
19,99,1,4681.0,4681.0,1.0
19,99,2,4380.0,4681.0,0.9356975
19,100,0,3300.0,4741.0,0.6960557
19,100,1,4681.0,4741.0,0.98734444
19,100,2,4741.0,4741.0,1.0
19,101,0,3300.0,4810.0,0.6860707
19,101,1,4681.0,4810.0,0.9731809
19,101,2,4810.0,4810.0,1.0
19,102,0,3300.0,4850.0,0.68041235
19,102,1,4681.0,4850.0,0.96515465
19,102,2,4850.0,4850.0,1.0
19,103,0,3300.0,4892.0,0.67457074
19,103,1,4681.0,4892.0,0.95686835
19,103,2,4892.0,4892.0,1.0
19,104,0,3300.0,4947.0,0.6670709
19,104,1,4681.0,4947.0,0.94623005
19,104,2,4947.0,4947.0,1.0
19,105,0,3300.0,4982.0,0.66238457
19,105,1,4982.0,4982.0,1.0
19,105,2,4947.0,4982.0,0.9929747
19,106,0,3300.0,5022.0,0.6571087
19,106,1,4982.0,5022.0,0.99203503
19,106,2,5022.0,5022.0,1.0
19,107,0,3300.0,5058.0,0.6524318
19,107,1,5058.0,5058.0,1.0
19,107,2,5022.0,5058.0,0.99288255
19,108,0,3300.0,5095.0,0.6476938
19,108,1,5058.0,5095.0,0.99273795
19,108,2,5095.0,5095.0,1.0
19,109,0,3300.0,5135.0,0.6426485
19,109,1,5135.0,5135.0,1.0
19,109,2,5095.0,5135.0,0.9922103
19,110,0,3300.0,5172.0,0.63805103
19,110,1,5172.0,5172.0,1.0
19,110,2,5095.0,5172.0,0.98511213
19,111,0,3300.0,5215.0,0.63279
19,111,1,5215.0,5215.0,1.0
19,111,2,5095.0,5215.0,0.97698945
19,112,0,3300.0,5257.0,0.6277344
19,112,1,5215.0,5257.0,0.99201065
19,112,2,5257.0,5257.0,1.0
19,113,0,3300.0,5294.0,0.62334716
19,113,1,5294.0,5294.0,1.0
19,113,2,5257.0,5294.0,0.99301094
19,114,0,3300.0,5332.0,0.6189047
19,114,1,5332.0,5332.0,1.0
19,114,2,5257.0,5332.0,0.98593396
19,115,0,3300.0,5383.0,0.61304104
19,115,1,5332.0,5383.0,0.9905257
19,115,2,5383.0,5383.0,1.0
19,116,0,3300.0,5424.0,0.6084071
19,116,1,5424.0,5424.0,1.0
19,116,2,5383.0,5424.0,0.992441
19,117,0,3300.0,5454.0,0.6050605
19,117,1,5454.0,5454.0,1.0
19,117,2,5383.0,5454.0,0.98698205
19,118,0,3300.0,5504.0,0.59956396
19,118,1,5504.0,5504.0,1.0
19,118,2,5383.0,5504.0,0.97801596
19,119,0,3300.0,5541.0,0.5955604
19,119,1,5504.0,5541.0,0.9933225
19,119,2,5541.0,5541.0,1.0
19,120,0,3300.0,5584.0,0.5909742
19,120,1,5584.0,5584.0,1.0
19,120,2,5541.0,5584.0,0.99229944
19,121,0,3300.0,5617.0,0.58750224
19,121,1,5617.0,5617.0,1.0
19,121,2,5541.0,5617.0,0.9864696
19,122,0,3300.0,5678.0,0.5811906
19,122,1,5617.0,5678.0,0.9892568
19,122,2,5678.0,5678.0,1.0
19,123,0,3300.0,5727.0,0.5762179
19,123,1,5727.0,5727.0,1.0
19,123,2,5678.0,5727.0,0.99144405
19,124,0,3300.0,5764.0,0.57251906
19,124,1,5764.0,5764.0,1.0
19,124,2,5678.0,5764.0,0.9850798
19,125,0,3300.0,5814.0,0.5675955
19,125,1,5814.0,5814.0,1.0
19,125,2,5678.0,5814.0,0.9766082
19,126,0,3300.0,5855.0,0.56362087
19,126,1,5855.0,5855.0,1.0
19,126,2,5678.0,5855.0,0.9697694
19,127,0,3300.0,5900.0,0.55932206
19,127,1,5900.0,5900.0,1.0
19,127,2,5678.0,5900.0,0.9623729
19,128,0,3300.0,5942.0,0.55536854
19,128,1,5942.0,5942.0,1.0
19,128,2,5678.0,5942.0,0.9555705
19,129,0,3300.0,5974.0,0.55239373
19,129,1,5974.0,5974.0,1.0
19,129,2,5678.0,5974.0,0.95045197
19,130,0,3300.0,6018.0,0.5483549
19,130,1,6018.0,6018.0,1.0
19,130,2,5678.0,6018.0,0.94350284
19,131,0,3300.0,6059.0,0.54464436
19,131,1,6059.0,6059.0,1.0
19,131,2,5678.0,6059.0,0.93711835
19,132,0,3300.0,6127.0,0.53859967
19,132,1,6059.0,6127.0,0.98890156
19,132,2,6127.0,6127.0,1.0
19,133,0,3300.0,6169.0,0.53493273
19,133,1,6169.0,6169.0,1.0
19,133,2,6127.0,6169.0,0.9931918
19,134,0,3300.0,6237.0,0.52910054
19,134,1,6169.0,6237.0,0.9890973
19,134,2,6237.0,6237.0,1.0
20,1,0,32.0,32.0,1.0
20,1,1,0.0,32.0,0.0
20,1,2,0.0,32.0,0.0
20,2,0,112.0,112.0,1.0
20,2,1,0.0,112.0,0.0
20,2,2,0.0,112.0,0.0
20,3,0,156.0,156.0,1.0
20,3,1,0.0,156.0,0.0
20,3,2,0.0,156.0,0.0
20,4,0,156.0,169.0,0.9230769
20,4,1,169.0,169.0,1.0
20,4,2,0.0,169.0,0.0
20,5,0,249.0,249.0,1.0
20,5,1,169.0,249.0,0.6787149
20,5,2,0.0,249.0,0.0
20,6,0,307.0,307.0,1.0
20,6,1,169.0,307.0,0.5504886
20,6,2,0.0,307.0,0.0
20,7,0,382.0,382.0,1.0
20,7,1,169.0,382.0,0.44240838
20,7,2,0.0,382.0,0.0
20,8,0,460.0,460.0,1.0
20,8,1,169.0,460.0,0.36739132
20,8,2,0.0,460.0,0.0
20,9,0,541.0,541.0,1.0
20,9,1,169.0,541.0,0.3123845
20,9,2,0.0,541.0,0.0
20,10,0,541.0,572.0,0.9458042
20,10,1,572.0,572.0,1.0
20,10,2,0.0,572.0,0.0
20,11,0,628.0,628.0,1.0
20,11,1,572.0,628.0,0.91082805
20,11,2,0.0,628.0,0.0
20,12,0,684.0,684.0,1.0
20,12,1,572.0,684.0,0.83625734
20,12,2,0.0,684.0,0.0
20,13,0,684.0,706.0,0.9688385
20,13,1,572.0,706.0,0.8101983
20,13,2,706.0,706.0,1.0
20,14,0,684.0,731.0,0.9357045
20,14,1,731.0,731.0,1.0
20,14,2,706.0,731.0,0.9658003
20,15,0,793.0,793.0,1.0
20,15,1,731.0,793.0,0.9218159
20,15,2,706.0,793.0,0.89029
20,16,0,793.0,838.0,0.94630075
20,16,1,838.0,838.0,1.0
20,16,2,706.0,838.0,0.8424821
20,17,0,882.0,882.0,1.0
20,17,1,838.0,882.0,0.95011336
20,17,2,706.0,882.0,0.80045354
20,18,0,882.0,920.0,0.95869565
20,18,1,920.0,920.0,1.0
20,18,2,706.0,920.0,0.7673913
20,19,0,975.0,975.0,1.0
20,19,1,920.0,975.0,0.94358975
20,19,2,706.0,975.0,0.72410256
20,20,0,975.0,1024.0,0.95214844
20,20,1,1024.0,1024.0,1.0
20,20,2,706.0,1024.0,0.6894531
20,21,0,975.0,1060.0,0.9198113
20,21,1,1060.0,1060.0,1.0
20,21,2,706.0,1060.0,0.66603774
20,22,0,1119.0,1119.0,1.0
20,22,1,1060.0,1119.0,0.9472743
20,22,2,706.0,1119.0,0.63092047
20,23,0,1119.0,1183.0,0.94590026
20,23,1,1060.0,1183.0,0.896027
20,23,2,1183.0,1183.0,1.0
20,24,0,1119.0,1233.0,0.9075426
20,24,1,1233.0,1233.0,1.0
20,24,2,1183.0,1233.0,0.9594485
20,25,0,1119.0,1271.0,0.8804091
20,25,1,1233.0,1271.0,0.9701023
20,25,2,1271.0,1271.0,1.0
20,26,0,1119.0,1316.0,0.85030395
20,26,1,1316.0,1316.0,1.0
20,26,2,1271.0,1316.0,0.9658055
20,27,0,1119.0,1359.0,0.82339954
20,27,1,1359.0,1359.0,1.0
20,27,2,1271.0,1359.0,0.9352465
20,28,0,1119.0,1432.0,0.7814246
20,28,1,1359.0,1432.0,0.94902235
20,28,2,1432.0,1432.0,1.0
20,29,0,1119.0,1463.0,0.7648667
20,29,1,1463.0,1463.0,1.0
20,29,2,1432.0,1463.0,0.97881067
20,30,0,1119.0,1503.0,0.74451095
20,30,1,1503.0,1503.0,1.0
20,30,2,1432.0,1503.0,0.9527612
20,31,0,1579.0,1579.0,1.0
20,31,1,1503.0,1579.0,0.9518683
20,31,2,1432.0,1579.0,0.9069031
20,32,0,1579.0,1618.0,0.9758962
20,32,1,1503.0,1618.0,0.9289246
20,32,2,1618.0,1618.0,1.0
20,33,0,1579.0,1662.0,0.9500602
20,33,1,1503.0,1662.0,0.9043321
20,33,2,1662.0,1662.0,1.0
20,34,0,1579.0,1712.0,0.9223131
20,34,1,1712.0,1712.0,1.0
20,34,2,1662.0,1712.0,0.9707944
20,35,0,1579.0,1781.0,0.8865806
20,35,1,1712.0,1781.0,0.9612577
20,35,2,1781.0,1781.0,1.0
20,36,0,1579.0,1851.0,0.8530524
20,36,1,1712.0,1851.0,0.9249055
20,36,2,1851.0,1851.0,1.0
20,37,0,1579.0,1890.0,0.83544976
20,37,1,1890.0,1890.0,1.0
20,37,2,1851.0,1890.0,0.97936505
20,38,0,1579.0,1954.0,0.808086
20,38,1,1890.0,1954.0,0.96724665
20,38,2,1954.0,1954.0,1.0
20,39,0,1579.0,1987.0,0.79466534
20,39,1,1987.0,1987.0,1.0
20,39,2,1954.0,1987.0,0.98339206
20,40,0,1579.0,2024.0,0.7801383
20,40,1,1987.0,2024.0,0.9817194
20,40,2,2024.0,2024.0,1.0
20,41,0,1579.0,2057.0,0.76762277
20,41,1,2057.0,2057.0,1.0
20,41,2,2024.0,2057.0,0.98395723
20,42,0,1579.0,2100.0,0.7519048
20,42,1,2100.0,2100.0,1.0
20,42,2,2024.0,2100.0,0.96380955
20,43,0,1579.0,2133.0,0.7402719
20,43,1,2133.0,2133.0,1.0
20,43,2,2024.0,2133.0,0.94889826
20,44,0,1579.0,2176.0,0.7256434
20,44,1,2176.0,2176.0,1.0
20,44,2,2024.0,2176.0,0.93014705
20,45,0,1579.0,2213.0,0.71351105
20,45,1,2213.0,2213.0,1.0
20,45,2,2024.0,2213.0,0.91459554
20,46,0,1579.0,2253.0,0.70084333
20,46,1,2253.0,2253.0,1.0
20,46,2,2024.0,2253.0,0.89835775
20,47,0,2303.0,2303.0,1.0
20,47,1,2253.0,2303.0,0.9782892
20,47,2,2024.0,2303.0,0.8788537
20,48,0,2303.0,2344.0,0.98250854
20,48,1,2344.0,2344.0,1.0
20,48,2,2024.0,2344.0,0.8634812
20,49,0,2303.0,2390.0,0.9635983
20,49,1,2390.0,2390.0,1.0
20,49,2,2024.0,2390.0,0.8468619
20,50,0,2303.0,2423.0,0.9504746
20,50,1,2423.0,2423.0,1.0
20,50,2,2024.0,2423.0,0.8353281
20,51,0,2303.0,2458.0,0.9369406
20,51,1,2458.0,2458.0,1.0
20,51,2,2024.0,2458.0,0.8234337
20,52,0,2303.0,2499.0,0.92156863
20,52,1,2499.0,2499.0,1.0
20,52,2,2024.0,2499.0,0.80992395
20,53,0,2303.0,2537.0,0.9077651
20,53,1,2537.0,2537.0,1.0
20,53,2,2024.0,2537.0,0.7977927
20,54,0,2613.0,2613.0,1.0
20,54,1,2537.0,2613.0,0.97091466
20,54,2,2024.0,2613.0,0.7745886
20,55,0,2613.0,2645.0,0.9879017
20,55,1,2645.0,2645.0,1.0
20,55,2,2024.0,2645.0,0.76521736
20,56,0,2613.0,2711.0,0.963851
20,56,1,2645.0,2711.0,0.9756547
20,56,2,2711.0,2711.0,1.0
20,57,0,2613.0,2744.0,0.9522595
20,57,1,2645.0,2744.0,0.9639213
20,57,2,2744.0,2744.0,1.0
20,58,0,2613.0,2785.0,0.9382406
20,58,1,2785.0,2785.0,1.0
20,58,2,2744.0,2785.0,0.98527825
20,59,0,2848.0,2848.0,1.0
20,59,1,2785.0,2848.0,0.9778792
20,59,2,2744.0,2848.0,0.96348315
20,60,0,2848.0,2887.0,0.98649114
20,60,1,2785.0,2887.0,0.9646692
20,60,2,2887.0,2887.0,1.0
20,61,0,2848.0,2932.0,0.9713506
20,61,1,2932.0,2932.0,1.0
20,61,2,2887.0,2932.0,0.9846521
20,62,0,2848.0,2988.0,0.9531459
20,62,1,2932.0,2988.0,0.9812584
20,62,2,2988.0,2988.0,1.0
20,63,0,2848.0,3031.0,0.9396239
20,63,1,3031.0,3031.0,1.0
20,63,2,2988.0,3031.0,0.98581326
20,64,0,2848.0,3068.0,0.92829204
20,64,1,3068.0,3068.0,1.0
20,64,2,2988.0,3068.0,0.9739244
20,65,0,3139.0,3139.0,1.0
20,65,1,3068.0,3139.0,0.97738135
20,65,2,2988.0,3139.0,0.95189553
20,66,0,3139.0,3212.0,0.97727275
20,66,1,3068.0,3212.0,0.9551681
20,66,2,3212.0,3212.0,1.0
20,67,0,3139.0,3262.0,0.9622931
20,67,1,3262.0,3262.0,1.0
20,67,2,3212.0,3262.0,0.984672
20,68,0,3139.0,3295.0,0.95265555
20,68,1,3295.0,3295.0,1.0
20,68,2,3212.0,3295.0,0.9748103
20,69,0,3139.0,3337.0,0.94066525
20,69,1,3337.0,3337.0,1.0
20,69,2,3212.0,3337.0,0.9625412
20,70,0,3403.0,3403.0,1.0
20,70,1,3337.0,3403.0,0.98060536
20,70,2,3212.0,3403.0,0.94387305
20,71,0,3403.0,3457.0,0.98437953
20,71,1,3337.0,3457.0,0.9652878
20,71,2,3457.0,3457.0,1.0
20,72,0,3403.0,3507.0,0.970345
20,72,1,3507.0,3507.0,1.0
20,72,2,3457.0,3507.0,0.9857428
20,73,0,3403.0,3555.0,0.9572433
20,73,1,3507.0,3555.0,0.9864979
20,73,2,3555.0,3555.0,1.0
20,74,0,3403.0,3595.0,0.9465925
20,74,1,3507.0,3595.0,0.97552156
20,74,2,3595.0,3595.0,1.0
20,75,0,3403.0,3645.0,0.9336077
20,75,1,3507.0,3645.0,0.9621399
20,75,2,3645.0,3645.0,1.0
20,76,0,3403.0,3685.0,0.92347354
20,76,1,3685.0,3685.0,1.0
20,76,2,3645.0,3685.0,0.98914516
20,77,0,3403.0,3745.0,0.90867823
20,77,1,3685.0,3745.0,0.9839786
20,77,2,3745.0,3745.0,1.0
20,78,0,3403.0,3800.0,0.8955263
20,78,1,3685.0,3800.0,0.9697368
20,78,2,3800.0,3800.0,1.0
20,79,0,3403.0,3835.0,0.8873533
20,79,1,3835.0,3835.0,1.0
20,79,2,3800.0,3835.0,0.9908735
20,80,0,3403.0,3879.0,0.877288
20,80,1,3879.0,3879.0,1.0
20,80,2,3800.0,3879.0,0.9796339
20,81,0,3403.0,3915.0,0.869221
20,81,1,3879.0,3915.0,0.9908046
20,81,2,3915.0,3915.0,1.0
20,82,0,3403.0,3950.0,0.861519
20,82,1,3950.0,3950.0,1.0
20,82,2,3915.0,3950.0,0.99113923
20,83,0,3403.0,3999.0,0.85096276
20,83,1,3950.0,3999.0,0.98774695
20,83,2,3999.0,3999.0,1.0
20,84,0,3403.0,4072.0,0.83570725
20,84,1,3950.0,4072.0,0.9700393
20,84,2,4072.0,4072.0,1.0
20,85,0,3403.0,4122.0,0.8255701
20,85,1,3950.0,4122.0,0.9582727
20,85,2,4122.0,4122.0,1.0
20,86,0,3403.0,4168.0,0.81645876
20,86,1,4168.0,4168.0,1.0
20,86,2,4122.0,4168.0,0.98896354
20,87,0,3403.0,4209.0,0.8085056
20,87,1,4168.0,4209.0,0.990259
20,87,2,4209.0,4209.0,1.0
20,88,0,3403.0,4244.0,0.80183786
20,88,1,4244.0,4244.0,1.0
20,88,2,4209.0,4244.0,0.99175304
20,89,0,3403.0,4286.0,0.7939804
20,89,1,4244.0,4286.0,0.99020064
20,89,2,4286.0,4286.0,1.0
20,90,0,3403.0,4354.0,0.78158015
20,90,1,4244.0,4354.0,0.97473586
20,90,2,4354.0,4354.0,1.0
20,91,0,3403.0,4410.0,0.7716553
20,91,1,4244.0,4410.0,0.9623583
20,91,2,4410.0,4410.0,1.0
20,92,0,3403.0,4444.0,0.7657516
20,92,1,4444.0,4444.0,1.0
20,92,2,4410.0,4444.0,0.9923492
20,93,0,3403.0,4492.0,0.757569
20,93,1,4492.0,4492.0,1.0
20,93,2,4410.0,4492.0,0.9817453
20,94,0,3403.0,4537.0,0.7500551
20,94,1,4537.0,4537.0,1.0
20,94,2,4410.0,4537.0,0.97200793
20,95,0,3403.0,4579.0,0.7431754
20,95,1,4579.0,4579.0,1.0
20,95,2,4410.0,4579.0,0.9630924
20,96,0,3403.0,4630.0,0.7349892
20,96,1,4579.0,4630.0,0.9889849
20,96,2,4630.0,4630.0,1.0
20,97,0,3403.0,4687.0,0.7260508
20,97,1,4579.0,4687.0,0.97695756
20,97,2,4687.0,4687.0,1.0
20,98,0,3403.0,4725.0,0.7202116
20,98,1,4725.0,4725.0,1.0
20,98,2,4687.0,4725.0,0.99195766
20,99,0,3403.0,4765.0,0.7141658
20,99,1,4725.0,4765.0,0.99160546
20,99,2,4765.0,4765.0,1.0
20,100,0,3403.0,4805.0,0.7082206
20,100,1,4805.0,4805.0,1.0
20,100,2,4765.0,4805.0,0.9916753
20,101,0,3403.0,4842.0,0.70280874
20,101,1,4842.0,4842.0,1.0
20,101,2,4765.0,4842.0,0.9840975
20,102,0,3403.0,4882.0,0.6970504
20,102,1,4882.0,4882.0,1.0
20,102,2,4765.0,4882.0,0.9760344
20,103,0,3403.0,4919.0,0.69180727
20,103,1,4882.0,4919.0,0.99247813
20,103,2,4919.0,4919.0,1.0
20,104,0,3403.0,4961.0,0.6859504
20,104,1,4961.0,4961.0,1.0
20,104,2,4919.0,4961.0,0.991534
20,105,0,3403.0,5005.0,0.6799201
20,105,1,5005.0,5005.0,1.0
20,105,2,4919.0,5005.0,0.9828172
20,106,0,3403.0,5050.0,0.6738614
20,106,1,5005.0,5050.0,0.9910891
20,106,2,5050.0,5050.0,1.0
20,107,0,3403.0,5087.0,0.6689601
20,107,1,5087.0,5087.0,1.0
20,107,2,5050.0,5087.0,0.99272656
20,108,0,3403.0,5119.0,0.6647783
20,108,1,5119.0,5119.0,1.0
20,108,2,5050.0,5119.0,0.9865208
20,109,0,3403.0,5167.0,0.65860265
20,109,1,5167.0,5167.0,1.0
20,109,2,5050.0,5167.0,0.9773563
20,110,0,3403.0,5210.0,0.653167
20,110,1,5210.0,5210.0,1.0
20,110,2,5050.0,5210.0,0.96928984
20,111,0,3403.0,5252.0,0.6479436
20,111,1,5210.0,5252.0,0.992003
20,111,2,5252.0,5252.0,1.0
20,112,0,3403.0,5294.0,0.6428032
20,112,1,5294.0,5294.0,1.0
20,112,2,5252.0,5294.0,0.9920665
20,113,0,3403.0,5325.0,0.63906103
20,113,1,5325.0,5325.0,1.0
20,113,2,5252.0,5325.0,0.98629105
20,114,0,3403.0,5368.0,0.6339419
20,114,1,5368.0,5368.0,1.0
20,114,2,5252.0,5368.0,0.97839046
20,115,0,3403.0,5406.0,0.6294858
20,115,1,5406.0,5406.0,1.0
20,115,2,5252.0,5406.0,0.97151315
20,116,0,3403.0,5471.0,0.62200695
20,116,1,5406.0,5471.0,0.9881192
20,116,2,5471.0,5471.0,1.0
20,117,0,3403.0,5540.0,0.6142599
20,117,1,5406.0,5540.0,0.97581226
20,117,2,5540.0,5540.0,1.0
20,118,0,3403.0,5566.0,0.6113906
20,118,1,5566.0,5566.0,1.0
20,118,2,5540.0,5566.0,0.9953288
20,119,0,3403.0,5601.0,0.60757005
20,119,1,5566.0,5601.0,0.9937511
20,119,2,5601.0,5601.0,1.0
20,120,0,3403.0,5633.0,0.6041186
20,120,1,5633.0,5633.0,1.0
20,120,2,5601.0,5633.0,0.9943192
20,121,0,3403.0,5667.0,0.6004941
20,121,1,5667.0,5667.0,1.0
20,121,2,5601.0,5667.0,0.9883536
20,122,0,3403.0,5717.0,0.59524226
20,122,1,5717.0,5717.0,1.0
20,122,2,5601.0,5717.0,0.9797096
20,123,0,3403.0,5766.0,0.59018385
20,123,1,5717.0,5766.0,0.9915019
20,123,2,5766.0,5766.0,1.0
20,124,0,3403.0,5834.0,0.58330476
20,124,1,5717.0,5834.0,0.9799451
20,124,2,5834.0,5834.0,1.0
20,125,0,3403.0,5875.0,0.57923406
20,125,1,5875.0,5875.0,1.0
20,125,2,5834.0,5875.0,0.99302125
20,126,0,3403.0,5905.0,0.57629126
20,126,1,5905.0,5905.0,1.0
20,126,2,5834.0,5905.0,0.9879763
20,127,0,3403.0,5966.0,0.5703989
20,127,1,5905.0,5966.0,0.9897754
20,127,2,5966.0,5966.0,1.0
20,128,0,3403.0,6002.0,0.5669777
20,128,1,5905.0,6002.0,0.98383874
20,128,2,6002.0,6002.0,1.0
20,129,0,3403.0,6039.0,0.5635039
20,129,1,6039.0,6039.0,1.0
20,129,2,6002.0,6039.0,0.9938732
20,130,0,3403.0,6076.0,0.5600724
20,130,1,6076.0,6076.0,1.0
20,130,2,6002.0,6076.0,0.9878209
20,131,0,3403.0,6125.0,0.5555918
20,131,1,6125.0,6125.0,1.0
20,131,2,6002.0,6125.0,0.97991836
20,132,0,3403.0,6160.0,0.55243504
20,132,1,6160.0,6160.0,1.0
20,132,2,6002.0,6160.0,0.97435063
20,133,0,3403.0,6210.0,0.5479871
20,133,1,6210.0,6210.0,1.0
20,133,2,6002.0,6210.0,0.96650565
20,134,0,3403.0,6252.0,0.5443058
20,134,1,6252.0,6252.0,1.0
20,134,2,6002.0,6252.0,0.9600128
21,1,0,18.0,18.0,1.0
21,1,1,0.0,18.0,0.0
21,1,2,0.0,18.0,0.0
21,2,0,81.0,81.0,1.0
21,2,1,0.0,81.0,0.0
21,2,2,0.0,81.0,0.0
21,3,0,161.0,161.0,1.0
21,3,1,0.0,161.0,0.0
21,3,2,0.0,161.0,0.0
21,4,0,222.0,222.0,1.0
21,4,1,0.0,222.0,0.0
21,4,2,0.0,222.0,0.0
21,5,0,222.0,238.0,0.9327731
21,5,1,238.0,238.0,1.0
21,5,2,0.0,238.0,0.0
21,6,0,297.0,297.0,1.0
21,6,1,238.0,297.0,0.8013468
21,6,2,0.0,297.0,0.0
21,7,0,297.0,333.0,0.8918919
21,7,1,333.0,333.0,1.0
21,7,2,0.0,333.0,0.0
21,8,0,297.0,361.0,0.8227147
21,8,1,361.0,361.0,1.0
21,8,2,0.0,361.0,0.0
21,9,0,297.0,401.0,0.7406484
21,9,1,401.0,401.0,1.0
21,9,2,0.0,401.0,0.0
21,10,0,472.0,472.0,1.0
21,10,1,401.0,472.0,0.8495763
21,10,2,0.0,472.0,0.0
21,11,0,472.0,494.0,0.9554656
21,11,1,401.0,494.0,0.8117409
21,11,2,494.0,494.0,1.0
21,12,0,559.0,559.0,1.0
21,12,1,401.0,559.0,0.7173524
21,12,2,494.0,559.0,0.88372093
21,13,0,559.0,587.0,0.95229983
21,13,1,587.0,587.0,1.0
21,13,2,494.0,587.0,0.8415673
21,14,0,638.0,638.0,1.0
21,14,1,587.0,638.0,0.9200627
21,14,2,494.0,638.0,0.7742947
21,15,0,714.0,714.0,1.0
21,15,1,587.0,714.0,0.82212883
21,15,2,494.0,714.0,0.69187677
21,16,0,761.0,761.0,1.0
21,16,1,587.0,761.0,0.7713535
21,16,2,494.0,761.0,0.64914584
21,17,0,761.0,801.0,0.9500624
21,17,1,801.0,801.0,1.0
21,17,2,494.0,801.0,0.6167291
21,18,0,761.0,845.0,0.90059173
21,18,1,801.0,845.0,0.94792897
21,18,2,845.0,845.0,1.0
21,19,0,761.0,898.0,0.84743875
21,19,1,801.0,898.0,0.8919822
21,19,2,898.0,898.0,1.0
21,20,0,973.0,973.0,1.0
21,20,1,801.0,973.0,0.8232271
21,20,2,898.0,973.0,0.9229188
21,21,0,973.0,1017.0,0.9567355
21,21,1,801.0,1017.0,0.7876106
21,21,2,1017.0,1017.0,1.0
21,22,0,1074.0,1074.0,1.0
21,22,1,801.0,1074.0,0.74581003
21,22,2,1017.0,1074.0,0.94692737
21,23,0,1074.0,1117.0,0.96150404
21,23,1,1117.0,1117.0,1.0
21,23,2,1017.0,1117.0,0.9104745
21,24,0,1074.0,1147.0,0.9363557
21,24,1,1147.0,1147.0,1.0
21,24,2,1017.0,1147.0,0.8866609
21,25,0,1203.0,1203.0,1.0
21,25,1,1147.0,1203.0,0.9534497
21,25,2,1017.0,1203.0,0.8453865
21,26,0,1203.0,1233.0,0.9756691
21,26,1,1233.0,1233.0,1.0
21,26,2,1017.0,1233.0,0.82481754
21,27,0,1203.0,1275.0,0.9435294
21,27,1,1275.0,1275.0,1.0
21,27,2,1017.0,1275.0,0.79764706
21,28,0,1203.0,1330.0,0.9045113
21,28,1,1275.0,1330.0,0.9586466
21,28,2,1330.0,1330.0,1.0
21,29,0,1203.0,1399.0,0.85989994
21,29,1,1275.0,1399.0,0.9113653
21,29,2,1399.0,1399.0,1.0
21,30,0,1203.0,1454.0,0.8273728
21,30,1,1275.0,1454.0,0.8768913
21,30,2,1454.0,1454.0,1.0
21,31,0,1203.0,1499.0,0.802535
21,31,1,1499.0,1499.0,1.0
21,31,2,1454.0,1499.0,0.96998
21,32,0,1203.0,1540.0,0.7811688
21,32,1,1499.0,1540.0,0.97337663
21,32,2,1540.0,1540.0,1.0
21,33,0,1203.0,1578.0,0.7623574
21,33,1,1578.0,1578.0,1.0
21,33,2,1540.0,1578.0,0.9759189
21,34,0,1633.0,1633.0,1.0
21,34,1,1578.0,1633.0,0.9663197
21,34,2,1540.0,1633.0,0.9430496
21,35,0,1692.0,1692.0,1.0
21,35,1,1578.0,1692.0,0.9326241
21,35,2,1540.0,1692.0,0.9101655
21,36,0,1763.0,1763.0,1.0
21,36,1,1578.0,1763.0,0.89506525
21,36,2,1540.0,1763.0,0.8735111
21,37,0,1763.0,1798.0,0.9805339
21,37,1,1798.0,1798.0,1.0
21,37,2,1540.0,1798.0,0.85650724
21,38,0,1763.0,1847.0,0.9545208
21,38,1,1847.0,1847.0,1.0
21,38,2,1540.0,1847.0,0.8337845
21,39,0,1763.0,1881.0,0.9372674
21,39,1,1881.0,1881.0,1.0
21,39,2,1540.0,1881.0,0.8187134
21,40,0,1763.0,1946.0,0.9059609
21,40,1,1881.0,1946.0,0.96659815
21,40,2,1946.0,1946.0,1.0
21,41,0,1763.0,2000.0,0.8815
21,41,1,1881.0,2000.0,0.9405
21,41,2,2000.0,2000.0,1.0
21,42,0,1763.0,2046.0,0.86168134
21,42,1,1881.0,2046.0,0.91935486
21,42,2,2046.0,2046.0,1.0
21,43,0,1763.0,2083.0,0.8463754
21,43,1,2083.0,2083.0,1.0
21,43,2,2046.0,2083.0,0.98223716
21,44,0,1763.0,2156.0,0.81771797
21,44,1,2083.0,2156.0,0.966141
21,44,2,2156.0,2156.0,1.0
21,45,0,1763.0,2201.0,0.8009995
21,45,1,2201.0,2201.0,1.0
21,45,2,2156.0,2201.0,0.9795548
21,46,0,1763.0,2271.0,0.77630997
21,46,1,2201.0,2271.0,0.9691766
21,46,2,2271.0,2271.0,1.0
21,47,0,1763.0,2309.0,0.763534
21,47,1,2309.0,2309.0,1.0
21,47,2,2271.0,2309.0,0.9835427
21,48,0,1763.0,2339.0,0.7537409
21,48,1,2339.0,2339.0,1.0
21,48,2,2271.0,2339.0,0.9709278
21,49,0,1763.0,2381.0,0.7404452
21,49,1,2381.0,2381.0,1.0
21,49,2,2271.0,2381.0,0.9538009
21,50,0,1763.0,2414.0,0.73032314
21,50,1,2414.0,2414.0,1.0
21,50,2,2271.0,2414.0,0.9407622
21,51,0,1763.0,2447.0,0.72047406
21,51,1,2447.0,2447.0,1.0
21,51,2,2271.0,2447.0,0.9280752
21,52,0,1763.0,2497.0,0.70604724
21,52,1,2497.0,2497.0,1.0
21,52,2,2271.0,2497.0,0.90949136
21,53,0,1763.0,2528.0,0.69738925
21,53,1,2528.0,2528.0,1.0
21,53,2,2271.0,2528.0,0.8983386
21,54,0,1763.0,2567.0,0.6867939
21,54,1,2567.0,2567.0,1.0
21,54,2,2271.0,2567.0,0.8846903
21,55,0,1763.0,2600.0,0.6780769
21,55,1,2600.0,2600.0,1.0
21,55,2,2271.0,2600.0,0.87346154
21,56,0,1763.0,2644.0,0.66679275
21,56,1,2644.0,2644.0,1.0
21,56,2,2271.0,2644.0,0.8589259
21,57,0,1763.0,2701.0,0.6527212
21,57,1,2644.0,2701.0,0.9788967
21,57,2,2701.0,2701.0,1.0
21,58,0,1763.0,2746.0,0.64202476
21,58,1,2644.0,2746.0,0.96285504
21,58,2,2746.0,2746.0,1.0
21,59,0,1763.0,2820.0,0.6251773
21,59,1,2644.0,2820.0,0.93758863
21,59,2,2820.0,2820.0,1.0
21,60,0,1763.0,2851.0,0.61837953
21,60,1,2851.0,2851.0,1.0
21,60,2,2820.0,2851.0,0.9891266
21,61,0,2932.0,2932.0,1.0
21,61,1,2851.0,2932.0,0.9723738
21,61,2,2820.0,2932.0,0.9618008
21,62,0,2932.0,2973.0,0.9862092
21,62,1,2851.0,2973.0,0.958964
21,62,2,2973.0,2973.0,1.0
21,63,0,2932.0,3019.0,0.9711825
21,63,1,3019.0,3019.0,1.0
21,63,2,2973.0,3019.0,0.98476315
21,64,0,2932.0,3064.0,0.9569191
21,64,1,3064.0,3064.0,1.0
21,64,2,2973.0,3064.0,0.97030026
21,65,0,2932.0,3104.0,0.94458765
21,65,1,3064.0,3104.0,0.9871134
21,65,2,3104.0,3104.0,1.0
21,66,0,2932.0,3144.0,0.93257
21,66,1,3064.0,3144.0,0.9745547
21,66,2,3144.0,3144.0,1.0
21,67,0,2932.0,3187.0,0.91998744
21,67,1,3187.0,3187.0,1.0
21,67,2,3144.0,3187.0,0.9865077
21,68,0,2932.0,3226.0,0.90886545
21,68,1,3187.0,3226.0,0.98791075
21,68,2,3226.0,3226.0,1.0
21,69,0,2932.0,3271.0,0.89636195
21,69,1,3271.0,3271.0,1.0
21,69,2,3226.0,3271.0,0.9862427
21,70,0,3351.0,3351.0,1.0
21,70,1,3271.0,3351.0,0.97612655
21,70,2,3226.0,3351.0,0.9626977
21,71,0,3351.0,3388.0,0.9890791
21,71,1,3271.0,3388.0,0.9654664
21,71,2,3388.0,3388.0,1.0
21,72,0,3351.0,3452.0,0.97074157
21,72,1,3271.0,3452.0,0.9475666
21,72,2,3452.0,3452.0,1.0
21,73,0,3526.0,3526.0,1.0
21,73,1,3271.0,3526.0,0.9276801
21,73,2,3452.0,3526.0,0.979013
21,74,0,3526.0,3594.0,0.9810796
21,74,1,3271.0,3594.0,0.910128
21,74,2,3594.0,3594.0,1.0
21,75,0,3526.0,3642.0,0.96814936
21,75,1,3642.0,3642.0,1.0
21,75,2,3594.0,3642.0,0.9868204
21,76,0,3526.0,3685.0,0.9568521
21,76,1,3685.0,3685.0,1.0
21,76,2,3594.0,3685.0,0.9753053
21,77,0,3526.0,3724.0,0.94683135
21,77,1,3685.0,3724.0,0.9895274
21,77,2,3724.0,3724.0,1.0
21,78,0,3526.0,3765.0,0.9365206
21,78,1,3765.0,3765.0,1.0
21,78,2,3724.0,3765.0,0.98911023
21,79,0,3526.0,3808.0,0.9259454
21,79,1,3808.0,3808.0,1.0
21,79,2,3724.0,3808.0,0.97794116
21,80,0,3526.0,3842.0,0.9177512
21,80,1,3842.0,3842.0,1.0
21,80,2,3724.0,3842.0,0.96928686
21,81,0,3526.0,3896.0,0.9050308
21,81,1,3842.0,3896.0,0.98613966
21,81,2,3896.0,3896.0,1.0
21,82,0,3526.0,3944.0,0.8940162
21,82,1,3944.0,3944.0,1.0
21,82,2,3896.0,3944.0,0.9878296
21,83,0,3526.0,3980.0,0.88592964
21,83,1,3980.0,3980.0,1.0
21,83,2,3896.0,3980.0,0.9788945
21,84,0,3526.0,4036.0,0.87363726
21,84,1,3980.0,4036.0,0.9861249
21,84,2,4036.0,4036.0,1.0
21,85,0,3526.0,4076.0,0.8650638
21,85,1,4076.0,4076.0,1.0
21,85,2,4036.0,4076.0,0.99018645
21,86,0,3526.0,4126.0,0.8545807
21,86,1,4126.0,4126.0,1.0
21,86,2,4036.0,4126.0,0.9781871
21,87,0,3526.0,4153.0,0.8490248
21,87,1,4153.0,4153.0,1.0
21,87,2,4036.0,4153.0,0.97182757
21,88,0,3526.0,4203.0,0.8389246
21,88,1,4203.0,4203.0,1.0
21,88,2,4036.0,4203.0,0.9602665
21,89,0,3526.0,4276.0,0.8246024
21,89,1,4203.0,4276.0,0.982928
21,89,2,4276.0,4276.0,1.0
21,90,0,3526.0,4311.0,0.8179077
21,90,1,4311.0,4311.0,1.0
21,90,2,4276.0,4311.0,0.99188125
21,91,0,3526.0,4353.0,0.8100161
21,91,1,4353.0,4353.0,1.0
21,91,2,4276.0,4353.0,0.98231107
21,92,0,3526.0,4403.0,0.8008176
21,92,1,4403.0,4403.0,1.0
21,92,2,4276.0,4403.0,0.971156
21,93,0,3526.0,4476.0,0.7877569
21,93,1,4403.0,4476.0,0.9836908
21,93,2,4476.0,4476.0,1.0
21,94,0,3526.0,4519.0,0.7802611
21,94,1,4403.0,4519.0,0.9743306
21,94,2,4519.0,4519.0,1.0
21,95,0,3526.0,4556.0,0.77392447
21,95,1,4403.0,4556.0,0.9664179
21,95,2,4556.0,4556.0,1.0
21,96,0,3526.0,4606.0,0.76552325
21,96,1,4606.0,4606.0,1.0
21,96,2,4556.0,4606.0,0.9891446
21,97,0,3526.0,4647.0,0.7587691
21,97,1,4647.0,4647.0,1.0
21,97,2,4556.0,4647.0,0.9804175
21,98,0,3526.0,4684.0,0.75277543
21,98,1,4684.0,4684.0,1.0
21,98,2,4556.0,4684.0,0.97267294
21,99,0,3526.0,4721.0,0.74687564
21,99,1,4721.0,4721.0,1.0
21,99,2,4556.0,4721.0,0.9650498
21,100,0,3526.0,4754.0,0.74169123
21,100,1,4754.0,4754.0,1.0
21,100,2,4556.0,4754.0,0.95835084
21,101,0,3526.0,4796.0,0.735196
21,101,1,4796.0,4796.0,1.0
21,101,2,4556.0,4796.0,0.9499583
21,102,0,3526.0,4838.0,0.7288136
21,102,1,4838.0,4838.0,1.0
21,102,2,4556.0,4838.0,0.9417114
21,103,0,3526.0,4875.0,0.72328204
21,103,1,4875.0,4875.0,1.0
21,103,2,4556.0,4875.0,0.9345641
21,104,0,3526.0,4924.0,0.7160845
21,104,1,4924.0,4924.0,1.0
21,104,2,4556.0,4924.0,0.925264
21,105,0,3526.0,4965.0,0.7101712
21,105,1,4965.0,4965.0,1.0
21,105,2,4556.0,4965.0,0.91762334
21,106,0,3526.0,5010.0,0.7037924
21,106,1,5010.0,5010.0,1.0
21,106,2,4556.0,5010.0,0.9093812
21,107,0,3526.0,5052.0,0.6979414
21,107,1,5052.0,5052.0,1.0
21,107,2,4556.0,5052.0,0.9018211
21,108,0,5115.0,5115.0,1.0
21,108,1,5052.0,5115.0,0.9876833
21,108,2,4556.0,5115.0,0.8907136
21,109,0,5115.0,5148.0,0.99358976
21,109,1,5148.0,5148.0,1.0
21,109,2,4556.0,5148.0,0.88500386
21,110,0,5115.0,5198.0,0.98403233
21,110,1,5148.0,5198.0,0.99038094
21,110,2,5198.0,5198.0,1.0
21,111,0,5115.0,5230.0,0.9780115
21,111,1,5230.0,5230.0,1.0
21,111,2,5198.0,5230.0,0.99388146
21,112,0,5115.0,5298.0,0.9654587
21,112,1,5230.0,5298.0,0.987165
21,112,2,5298.0,5298.0,1.0
21,113,0,5115.0,5367.0,0.9530464
21,113,1,5230.0,5367.0,0.97447366
21,113,2,5367.0,5367.0,1.0
21,114,0,5115.0,5410.0,0.94547135
21,114,1,5410.0,5410.0,1.0
21,114,2,5367.0,5410.0,0.9920518
21,115,0,5115.0,5447.0,0.939049
21,115,1,5447.0,5447.0,1.0
21,115,2,5367.0,5447.0,0.985313
21,116,0,5115.0,5489.0,0.9318637
21,116,1,5447.0,5489.0,0.9923483
21,116,2,5489.0,5489.0,1.0
21,117,0,5115.0,5529.0,0.9251221
21,117,1,5529.0,5529.0,1.0
21,117,2,5489.0,5529.0,0.9927654
21,118,0,5115.0,5585.0,0.915846
21,118,1,5529.0,5585.0,0.9899731
21,118,2,5585.0,5585.0,1.0
21,119,0,5115.0,5623.0,0.90965676
21,119,1,5623.0,5623.0,1.0
21,119,2,5585.0,5623.0,0.993242
21,120,0,5115.0,5667.0,0.902594
21,120,1,5667.0,5667.0,1.0
21,120,2,5585.0,5667.0,0.98553026
21,121,0,5115.0,5707.0,0.8962677
21,121,1,5667.0,5707.0,0.9929911
21,121,2,5707.0,5707.0,1.0
21,122,0,5115.0,5743.0,0.8906495
21,122,1,5667.0,5743.0,0.9867665
21,122,2,5743.0,5743.0,1.0
21,123,0,5115.0,5784.0,0.8843361
21,123,1,5784.0,5784.0,1.0
21,123,2,5743.0,5784.0,0.99291146
21,124,0,5115.0,5814.0,0.87977296
21,124,1,5814.0,5814.0,1.0
21,124,2,5743.0,5814.0,0.9877881
21,125,0,5115.0,5856.0,0.8734631
21,125,1,5814.0,5856.0,0.9928279
21,125,2,5856.0,5856.0,1.0
21,126,0,5115.0,5888.0,0.86871606
21,126,1,5888.0,5888.0,1.0
21,126,2,5856.0,5888.0,0.9945652
21,127,0,5115.0,5954.0,0.85908633
21,127,1,5888.0,5954.0,0.988915
21,127,2,5954.0,5954.0,1.0
21,128,0,5115.0,5987.0,0.8543511
21,128,1,5888.0,5987.0,0.9834642
21,128,2,5987.0,5987.0,1.0
21,129,0,5115.0,6033.0,0.8478369
21,129,1,6033.0,6033.0,1.0
21,129,2,5987.0,6033.0,0.99237525
21,130,0,5115.0,6094.0,0.83935016
21,130,1,6033.0,6094.0,0.9899902
21,130,2,6094.0,6094.0,1.0
21,131,0,5115.0,6149.0,0.8318426
21,131,1,6033.0,6149.0,0.98113513
21,131,2,6149.0,6149.0,1.0
21,132,0,5115.0,6182.0,0.8274021
21,132,1,6182.0,6182.0,1.0
21,132,2,6149.0,6182.0,0.9946619
21,133,0,5115.0,6212.0,0.82340634
21,133,1,6212.0,6212.0,1.0
21,133,2,6149.0,6212.0,0.9898583
21,134,0,5115.0,6257.0,0.81748444
21,134,1,6257.0,6257.0,1.0
21,134,2,6149.0,6257.0,0.9827393
22,1,0,26.0,26.0,1.0
22,1,1,0.0,26.0,0.0
22,1,2,0.0,26.0,0.0
22,2,0,87.0,87.0,1.0
22,2,1,0.0,87.0,0.0
22,2,2,0.0,87.0,0.0
22,3,0,137.0,137.0,1.0
22,3,1,0.0,137.0,0.0
22,3,2,0.0,137.0,0.0
22,4,0,185.0,185.0,1.0
22,4,1,0.0,185.0,0.0
22,4,2,0.0,185.0,0.0
22,5,0,185.0,198.0,0.93434346
22,5,1,198.0,198.0,1.0
22,5,2,0.0,198.0,0.0
22,6,0,257.0,257.0,1.0
22,6,1,198.0,257.0,0.770428
22,6,2,0.0,257.0,0.0
22,7,0,257.0,292.0,0.88013697
22,7,1,198.0,292.0,0.67808217
22,7,2,292.0,292.0,1.0
22,8,0,372.0,372.0,1.0
22,8,1,198.0,372.0,0.5322581
22,8,2,292.0,372.0,0.78494626
22,9,0,446.0,446.0,1.0
22,9,1,198.0,446.0,0.44394618
22,9,2,292.0,446.0,0.6547085
22,10,0,526.0,526.0,1.0
22,10,1,198.0,526.0,0.37642586
22,10,2,292.0,526.0,0.5551331
22,11,0,598.0,598.0,1.0
22,11,1,198.0,598.0,0.33110368
22,11,2,292.0,598.0,0.4882943
22,12,0,598.0,640.0,0.934375
22,12,1,198.0,640.0,0.309375
22,12,2,640.0,640.0,1.0
22,13,0,598.0,668.0,0.8952096
22,13,1,668.0,668.0,1.0
22,13,2,640.0,668.0,0.9580838
22,14,0,739.0,739.0,1.0
22,14,1,668.0,739.0,0.9039242
22,14,2,640.0,739.0,0.86603516
22,15,0,739.0,775.0,0.9535484
22,15,1,775.0,775.0,1.0
22,15,2,640.0,775.0,0.82580644
22,16,0,739.0,815.0,0.9067485
22,16,1,815.0,815.0,1.0
22,16,2,640.0,815.0,0.78527606
22,17,0,739.0,884.0,0.83597285
22,17,1,815.0,884.0,0.9219457
22,17,2,884.0,884.0,1.0
22,18,0,739.0,924.0,0.7997835
22,18,1,924.0,924.0,1.0
22,18,2,884.0,924.0,0.95671
22,19,0,739.0,959.0,0.77059436
22,19,1,959.0,959.0,1.0
22,19,2,884.0,959.0,0.9217935
22,20,0,1017.0,1017.0,1.0
22,20,1,959.0,1017.0,0.9429695
22,20,2,884.0,1017.0,0.8692232
22,21,0,1058.0,1058.0,1.0
22,21,1,959.0,1058.0,0.9064272
22,21,2,884.0,1058.0,0.83553874
22,22,0,1058.0,1094.0,0.9670932
22,22,1,1094.0,1094.0,1.0
22,22,2,884.0,1094.0,0.8080439
22,23,0,1058.0,1167.0,0.9065981
22,23,1,1094.0,1167.0,0.9374464
22,23,2,1167.0,1167.0,1.0
22,24,0,1211.0,1211.0,1.0
22,24,1,1094.0,1211.0,0.90338564
22,24,2,1167.0,1211.0,0.9636664
22,25,0,1211.0,1254.0,0.96570975
22,25,1,1254.0,1254.0,1.0
22,25,2,1167.0,1254.0,0.930622
22,26,0,1309.0,1309.0,1.0
22,26,1,1254.0,1309.0,0.9579832
22,26,2,1167.0,1309.0,0.89152026
22,27,0,1309.0,1351.0,0.96891195
22,27,1,1254.0,1351.0,0.9282013
22,27,2,1351.0,1351.0,1.0
22,28,0,1309.0,1407.0,0.9303483
22,28,1,1254.0,1407.0,0.891258
22,28,2,1407.0,1407.0,1.0
22,29,0,1482.0,1482.0,1.0
22,29,1,1254.0,1482.0,0.84615386
22,29,2,1407.0,1482.0,0.94939274
22,30,0,1482.0,1524.0,0.97244096
22,30,1,1524.0,1524.0,1.0
22,30,2,1407.0,1524.0,0.9232283
22,31,0,1605.0,1605.0,1.0
22,31,1,1524.0,1605.0,0.9495327
22,31,2,1407.0,1605.0,0.8766355
22,32,0,1605.0,1665.0,0.963964
22,32,1,1524.0,1665.0,0.91531533
22,32,2,1665.0,1665.0,1.0
22,33,0,1605.0,1715.0,0.93586004
22,33,1,1715.0,1715.0,1.0
22,33,2,1665.0,1715.0,0.97084546
22,34,0,1605.0,1745.0,0.9197708
22,34,1,1745.0,1745.0,1.0
22,34,2,1665.0,1745.0,0.95415473
22,35,0,1605.0,1788.0,0.897651
22,35,1,1788.0,1788.0,1.0
22,35,2,1665.0,1788.0,0.9312081
22,36,0,1605.0,1820.0,0.8818681
22,36,1,1820.0,1820.0,1.0
22,36,2,1665.0,1820.0,0.91483516
22,37,0,1605.0,1865.0,0.8605898
22,37,1,1820.0,1865.0,0.9758713
22,37,2,1865.0,1865.0,1.0
22,38,0,1927.0,1927.0,1.0
22,38,1,1820.0,1927.0,0.94447327
22,38,2,1865.0,1927.0,0.96782565
22,39,0,1927.0,1993.0,0.9668841
22,39,1,1820.0,1993.0,0.9131962
22,39,2,1993.0,1993.0,1.0
22,40,0,1927.0,2029.0,0.9497289
22,40,1,2029.0,2029.0,1.0
22,40,2,1993.0,2029.0,0.98225725
22,41,0,1927.0,2074.0,0.92912245
22,41,1,2074.0,2074.0,1.0
22,41,2,1993.0,2074.0,0.960945
22,42,0,1927.0,2127.0,0.9059709
22,42,1,2074.0,2127.0,0.9750823
22,42,2,2127.0,2127.0,1.0
22,43,0,1927.0,2200.0,0.8759091
22,43,1,2074.0,2200.0,0.94272727
22,43,2,2200.0,2200.0,1.0
22,44,0,1927.0,2256.0,0.8541667
22,44,1,2074.0,2256.0,0.91932625
22,44,2,2256.0,2256.0,1.0
22,45,0,1927.0,2293.0,0.84038377
22,45,1,2074.0,2293.0,0.90449196
22,45,2,2293.0,2293.0,1.0
22,46,0,1927.0,2336.0,0.8249144
22,46,1,2336.0,2336.0,1.0
22,46,2,2293.0,2336.0,0.9815925
22,47,0,1927.0,2374.0,0.8117102
22,47,1,2336.0,2374.0,0.98399323
22,47,2,2374.0,2374.0,1.0
22,48,0,1927.0,2413.0,0.79859096
22,48,1,2336.0,2413.0,0.9680895
22,48,2,2413.0,2413.0,1.0
22,49,0,1927.0,2469.0,0.78047794
22,49,1,2336.0,2469.0,0.94613206
22,49,2,2469.0,2469.0,1.0
22,50,0,1927.0,2507.0,0.7686478
22,50,1,2336.0,2507.0,0.931791
22,50,2,2507.0,2507.0,1.0
22,51,0,1927.0,2550.0,0.7556863
22,51,1,2550.0,2550.0,1.0
22,51,2,2507.0,2550.0,0.98313725
22,52,0,1927.0,2601.0,0.7408689
22,52,1,2550.0,2601.0,0.98039216
22,52,2,2601.0,2601.0,1.0
22,53,0,1927.0,2638.0,0.73047763
22,53,1,2638.0,2638.0,1.0
22,53,2,2601.0,2638.0,0.98597425
22,54,0,1927.0,2673.0,0.7209128
22,54,1,2673.0,2673.0,1.0
22,54,2,2601.0,2673.0,0.97306395
22,55,0,1927.0,2711.0,0.7108078
22,55,1,2711.0,2711.0,1.0
22,55,2,2601.0,2711.0,0.95942456
22,56,0,1927.0,2779.0,0.6934149
22,56,1,2711.0,2779.0,0.97553074
22,56,2,2779.0,2779.0,1.0
22,57,0,1927.0,2834.0,0.6799576
22,57,1,2711.0,2834.0,0.95659846
22,57,2,2834.0,2834.0,1.0
22,58,0,1927.0,2875.0,0.67026085
22,58,1,2875.0,2875.0,1.0
22,58,2,2834.0,2875.0,0.9857391
22,59,0,2946.0,2946.0,1.0
22,59,1,2875.0,2946.0,0.9758995
22,59,2,2834.0,2946.0,0.96198237
22,60,0,2946.0,2990.0,0.98528427
22,60,1,2990.0,2990.0,1.0
22,60,2,2834.0,2990.0,0.9478261
22,61,0,2946.0,3031.0,0.97195643
22,61,1,3031.0,3031.0,1.0
22,61,2,2834.0,3031.0,0.93500495
22,62,0,2946.0,3076.0,0.9577373
22,62,1,3076.0,3076.0,1.0
22,62,2,2834.0,3076.0,0.9213264
22,63,0,2946.0,3122.0,0.94362587
22,63,1,3122.0,3122.0,1.0
22,63,2,2834.0,3122.0,0.90775144
22,64,0,2946.0,3170.0,0.92933756
22,64,1,3170.0,3170.0,1.0
22,64,2,2834.0,3170.0,0.8940063
22,65,0,2946.0,3203.0,0.91976273
22,65,1,3203.0,3203.0,1.0
22,65,2,2834.0,3203.0,0.8847955
22,66,0,2946.0,3237.0,0.91010195
22,66,1,3237.0,3237.0,1.0
22,66,2,2834.0,3237.0,0.875502
22,67,0,2946.0,3273.0,0.90009165
22,67,1,3237.0,3273.0,0.9890009
22,67,2,3273.0,3273.0,1.0
22,68,0,2946.0,3307.0,0.8908376
22,68,1,3307.0,3307.0,1.0
22,68,2,3273.0,3307.0,0.9897188
22,69,0,2946.0,3355.0,0.8780924
22,69,1,3355.0,3355.0,1.0
22,69,2,3273.0,3355.0,0.9755589
22,70,0,2946.0,3393.0,0.8682582
22,70,1,3393.0,3393.0,1.0
22,70,2,3273.0,3393.0,0.96463305
22,71,0,2946.0,3435.0,0.85764194
22,71,1,3435.0,3435.0,1.0
22,71,2,3273.0,3435.0,0.9528384
22,72,0,2946.0,3504.0,0.84075344
22,72,1,3435.0,3504.0,0.98030823
22,72,2,3504.0,3504.0,1.0
22,73,0,2946.0,3553.0,0.8291585
22,73,1,3553.0,3553.0,1.0
22,73,2,3504.0,3553.0,0.98620886
22,74,0,2946.0,3595.0,0.8194715
22,74,1,3595.0,3595.0,1.0
22,74,2,3504.0,3595.0,0.97468704
22,75,0,2946.0,3635.0,0.8104539
22,75,1,3635.0,3635.0,1.0
22,75,2,3504.0,3635.0,0.9639615
22,76,0,2946.0,3685.0,0.79945725
22,76,1,3685.0,3685.0,1.0
22,76,2,3504.0,3685.0,0.95088196
22,77,0,2946.0,3730.0,0.7898123
22,77,1,3730.0,3730.0,1.0
22,77,2,3504.0,3730.0,0.9394102
22,78,0,2946.0,3760.0,0.7835106
22,78,1,3760.0,3760.0,1.0
22,78,2,3504.0,3760.0,0.93191487
22,79,0,3836.0,3836.0,1.0
22,79,1,3760.0,3836.0,0.9801877
22,79,2,3504.0,3836.0,0.9134515
22,80,0,3836.0,3909.0,0.98132515
22,80,1,3760.0,3909.0,0.9618828
22,80,2,3909.0,3909.0,1.0
22,81,0,3836.0,3973.0,0.9655172
22,81,1,3760.0,3973.0,0.9463881
22,81,2,3973.0,3973.0,1.0
22,82,0,3836.0,4010.0,0.9566085
22,82,1,4010.0,4010.0,1.0
22,82,2,3973.0,4010.0,0.9907731
22,83,0,3836.0,4064.0,0.94389766
22,83,1,4010.0,4064.0,0.9867126
22,83,2,4064.0,4064.0,1.0
22,84,0,3836.0,4114.0,0.93242586
22,84,1,4114.0,4114.0,1.0
22,84,2,4064.0,4114.0,0.9878464
22,85,0,4192.0,4192.0,1.0
22,85,1,4114.0,4192.0,0.98139316
22,85,2,4064.0,4192.0,0.9694657
22,86,0,4192.0,4225.0,0.99218935
22,86,1,4225.0,4225.0,1.0
22,86,2,4064.0,4225.0,0.9618935
22,87,0,4192.0,4267.0,0.98242325
22,87,1,4267.0,4267.0,1.0
22,87,2,4064.0,4267.0,0.9524256
22,88,0,4192.0,4317.0,0.9710447
22,88,1,4317.0,4317.0,1.0
22,88,2,4064.0,4317.0,0.9413945
22,89,0,4192.0,4357.0,0.9621299
22,89,1,4357.0,4357.0,1.0
22,89,2,4064.0,4357.0,0.9327519
22,90,0,4192.0,4401.0,0.9525108
22,90,1,4401.0,4401.0,1.0
22,90,2,4064.0,4401.0,0.9234265
22,91,0,4192.0,4450.0,0.94202244
22,91,1,4401.0,4450.0,0.98898876
22,91,2,4450.0,4450.0,1.0
22,92,0,4192.0,4491.0,0.9334224
22,92,1,4401.0,4491.0,0.9799599
22,92,2,4491.0,4491.0,1.0
22,93,0,4192.0,4548.0,0.92172384
22,93,1,4401.0,4548.0,0.9676781
22,93,2,4548.0,4548.0,1.0
22,94,0,4192.0,4591.0,0.9130908
22,94,1,4591.0,4591.0,1.0
22,94,2,4548.0,4591.0,0.99063385
22,95,0,4192.0,4626.0,0.90618247
22,95,1,4626.0,4626.0,1.0
22,95,2,4548.0,4626.0,0.9831388
22,96,0,4192.0,4670.0,0.8976445
22,96,1,4670.0,4670.0,1.0
22,96,2,4548.0,4670.0,0.9738758
22,97,0,4192.0,4711.0,0.8898323
22,97,1,4711.0,4711.0,1.0
22,97,2,4548.0,4711.0,0.9654001
22,98,0,4192.0,4742.0,0.8840152
22,98,1,4742.0,4742.0,1.0
22,98,2,4548.0,4742.0,0.959089
22,99,0,4192.0,4782.0,0.87662065
22,99,1,4742.0,4782.0,0.9916353
22,99,2,4782.0,4782.0,1.0
22,100,0,4192.0,4815.0,0.8706127
22,100,1,4815.0,4815.0,1.0
22,100,2,4782.0,4815.0,0.9931464
22,101,0,4192.0,4850.0,0.8643299
22,101,1,4850.0,4850.0,1.0
22,101,2,4782.0,4850.0,0.9859794
22,102,0,4192.0,4891.0,0.85708445
22,102,1,4850.0,4891.0,0.99161726
22,102,2,4891.0,4891.0,1.0
22,103,0,4192.0,4941.0,0.84841126
22,103,1,4941.0,4941.0,1.0
22,103,2,4891.0,4941.0,0.98988056
22,104,0,4192.0,4983.0,0.8412603
22,104,1,4983.0,4983.0,1.0
22,104,2,4891.0,4983.0,0.9815372
22,105,0,4192.0,5048.0,0.8304279
22,105,1,4983.0,5048.0,0.9871236
22,105,2,5048.0,5048.0,1.0
22,106,0,4192.0,5090.0,0.8235756
22,106,1,5090.0,5090.0,1.0
22,106,2,5048.0,5090.0,0.9917485
22,107,0,4192.0,5116.0,0.8193902
22,107,1,5116.0,5116.0,1.0
22,107,2,5048.0,5116.0,0.98670834
22,108,0,4192.0,5148.0,0.81429684
22,108,1,5148.0,5148.0,1.0
22,108,2,5048.0,5148.0,0.98057497
22,109,0,4192.0,5217.0,0.80352694
22,109,1,5148.0,5217.0,0.986774
22,109,2,5217.0,5217.0,1.0
22,110,0,4192.0,5244.0,0.7993898
22,110,1,5244.0,5244.0,1.0
22,110,2,5217.0,5244.0,0.99485123
22,111,0,4192.0,5294.0,0.79183984
22,111,1,5294.0,5294.0,1.0
22,111,2,5217.0,5294.0,0.9854552
22,112,0,4192.0,5331.0,0.78634405
22,112,1,5294.0,5331.0,0.99305946
22,112,2,5331.0,5331.0,1.0
22,113,0,4192.0,5399.0,0.7764401
22,113,1,5294.0,5399.0,0.98055196
22,113,2,5399.0,5399.0,1.0
22,114,0,4192.0,5439.0,0.7707299
22,114,1,5294.0,5439.0,0.9733407
22,114,2,5439.0,5439.0,1.0
22,115,0,4192.0,5489.0,0.76370925
22,115,1,5294.0,5489.0,0.9644744
22,115,2,5489.0,5489.0,1.0
22,116,0,4192.0,5526.0,0.7585957
22,116,1,5294.0,5526.0,0.95801663
22,116,2,5526.0,5526.0,1.0
22,117,0,4192.0,5570.0,0.75260323
22,117,1,5294.0,5570.0,0.9504488
22,117,2,5570.0,5570.0,1.0
22,118,0,4192.0,5603.0,0.7481706
22,118,1,5603.0,5603.0,1.0
22,118,2,5570.0,5603.0,0.9941103
22,119,0,4192.0,5643.0,0.7428673
22,119,1,5603.0,5643.0,0.9929116
22,119,2,5643.0,5643.0,1.0
22,120,0,4192.0,5680.0,0.73802817
22,120,1,5680.0,5680.0,1.0
22,120,2,5643.0,5680.0,0.9934859
22,121,0,4192.0,5750.0,0.7290435
22,121,1,5680.0,5750.0,0.9878261
22,121,2,5750.0,5750.0,1.0
22,122,0,4192.0,5783.0,0.72488326
22,122,1,5783.0,5783.0,1.0
22,122,2,5750.0,5783.0,0.99429363
22,123,0,4192.0,5824.0,0.7197802
22,123,1,5824.0,5824.0,1.0
22,123,2,5750.0,5824.0,0.98729396
22,124,0,4192.0,5869.0,0.71426135
22,124,1,5869.0,5869.0,1.0
22,124,2,5750.0,5869.0,0.979724
22,125,0,4192.0,5908.0,0.7095464
22,125,1,5869.0,5908.0,0.9933988
22,125,2,5908.0,5908.0,1.0
22,126,0,4192.0,5951.0,0.70441943
22,126,1,5951.0,5951.0,1.0
22,126,2,5908.0,5951.0,0.9927743
22,127,0,4192.0,6005.0,0.69808495
22,127,1,5951.0,6005.0,0.9910075
22,127,2,6005.0,6005.0,1.0
22,128,0,4192.0,6042.0,0.69381
22,128,1,6042.0,6042.0,1.0
22,128,2,6005.0,6042.0,0.9938762
22,129,0,4192.0,6079.0,0.6895871
22,129,1,6079.0,6079.0,1.0
22,129,2,6005.0,6079.0,0.98782694
22,130,0,4192.0,6128.0,0.6840731
22,130,1,6128.0,6128.0,1.0
22,130,2,6005.0,6128.0,0.9799282
22,131,0,4192.0,6174.0,0.67897636
22,131,1,6174.0,6174.0,1.0
22,131,2,6005.0,6174.0,0.97262716
22,132,0,4192.0,6207.0,0.6753665
22,132,1,6207.0,6207.0,1.0
22,132,2,6005.0,6207.0,0.9674561
22,133,0,4192.0,6237.0,0.672118
22,133,1,6237.0,6237.0,1.0
22,133,2,6005.0,6237.0,0.96280265
22,134,0,4192.0,6282.0,0.6673034
22,134,1,6282.0,6282.0,1.0
22,134,2,6005.0,6282.0,0.95590574
23,1,0,31.0,31.0,1.0
23,1,1,0.0,31.0,0.0
23,1,2,0.0,31.0,0.0
23,2,0,103.0,103.0,1.0
23,2,1,0.0,103.0,0.0
23,2,2,0.0,103.0,0.0
23,3,0,158.0,158.0,1.0
23,3,1,0.0,158.0,0.0
23,3,2,0.0,158.0,0.0
23,4,0,238.0,238.0,1.0
23,4,1,0.0,238.0,0.0
23,4,2,0.0,238.0,0.0
23,5,0,238.0,268.0,0.8880597
23,5,1,268.0,268.0,1.0
23,5,2,0.0,268.0,0.0
23,6,0,331.0,331.0,1.0
23,6,1,268.0,331.0,0.80966765
23,6,2,0.0,331.0,0.0
23,7,0,405.0,405.0,1.0
23,7,1,268.0,405.0,0.6617284
23,7,2,0.0,405.0,0.0
23,8,0,405.0,427.0,0.94847775
23,8,1,268.0,427.0,0.62763464
23,8,2,427.0,427.0,1.0
23,9,0,405.0,460.0,0.8804348
23,9,1,460.0,460.0,1.0
23,9,2,427.0,460.0,0.92826086
23,10,0,405.0,497.0,0.8148893
23,10,1,497.0,497.0,1.0
23,10,2,427.0,497.0,0.85915494
23,11,0,405.0,533.0,0.7598499
23,11,1,533.0,533.0,1.0
23,11,2,427.0,533.0,0.8011257
23,12,0,589.0,589.0,1.0
23,12,1,533.0,589.0,0.9049236
23,12,2,427.0,589.0,0.7249575
23,13,0,589.0,634.0,0.9290221
23,13,1,634.0,634.0,1.0
23,13,2,427.0,634.0,0.67350155
23,14,0,677.0,677.0,1.0
23,14,1,634.0,677.0,0.9364845
23,14,2,427.0,677.0,0.6307238
23,15,0,753.0,753.0,1.0
23,15,1,634.0,753.0,0.8419655
23,15,2,427.0,753.0,0.56706506
23,16,0,803.0,803.0,1.0
23,16,1,634.0,803.0,0.7895392
23,16,2,427.0,803.0,0.5317559
23,17,0,803.0,848.0,0.946934
23,17,1,848.0,848.0,1.0
23,17,2,427.0,848.0,0.5035377
23,18,0,803.0,878.0,0.9145786
23,18,1,878.0,878.0,1.0
23,18,2,427.0,878.0,0.48633257
23,19,0,938.0,938.0,1.0
23,19,1,878.0,938.0,0.93603414
23,19,2,427.0,938.0,0.4552239
23,20,0,1014.0,1014.0,1.0
23,20,1,878.0,1014.0,0.8658777
23,20,2,427.0,1014.0,0.42110455
23,21,0,1080.0,1080.0,1.0
23,21,1,878.0,1080.0,0.81296295
23,21,2,427.0,1080.0,0.39537036
23,22,0,1080.0,1111.0,0.9720972
23,22,1,1111.0,1111.0,1.0
23,22,2,427.0,1111.0,0.38433844
23,23,0,1080.0,1144.0,0.9440559
23,23,1,1144.0,1144.0,1.0
23,23,2,427.0,1144.0,0.37325174
23,24,0,1080.0,1174.0,0.9199318
23,24,1,1174.0,1174.0,1.0
23,24,2,427.0,1174.0,0.3637138
23,25,0,1080.0,1228.0,0.8794788
23,25,1,1174.0,1228.0,0.9560261
23,25,2,1228.0,1228.0,1.0
23,26,0,1080.0,1268.0,0.851735
23,26,1,1268.0,1268.0,1.0
23,26,2,1228.0,1268.0,0.96845424
23,27,0,1080.0,1311.0,0.82379866
23,27,1,1311.0,1311.0,1.0
23,27,2,1228.0,1311.0,0.93668956
23,28,0,1080.0,1347.0,0.8017817
23,28,1,1347.0,1347.0,1.0
23,28,2,1228.0,1347.0,0.91165555
23,29,0,1080.0,1389.0,0.7775378
23,29,1,1389.0,1389.0,1.0
23,29,2,1228.0,1389.0,0.8840893
23,30,0,1080.0,1434.0,0.75313807
23,30,1,1389.0,1434.0,0.9686192
23,30,2,1434.0,1434.0,1.0
23,31,0,1080.0,1494.0,0.72289157
23,31,1,1389.0,1494.0,0.92971885
23,31,2,1494.0,1494.0,1.0
23,32,0,1080.0,1540.0,0.7012987
23,32,1,1540.0,1540.0,1.0
23,32,2,1494.0,1540.0,0.97012985
23,33,0,1605.0,1605.0,1.0
23,33,1,1540.0,1605.0,0.95950156
23,33,2,1494.0,1605.0,0.93084115
23,34,0,1605.0,1660.0,0.96686745
23,34,1,1540.0,1660.0,0.92771083
23,34,2,1660.0,1660.0,1.0
23,35,0,1605.0,1695.0,0.94690263
23,35,1,1695.0,1695.0,1.0
23,35,2,1660.0,1695.0,0.97935104
23,36,0,1766.0,1766.0,1.0
23,36,1,1695.0,1766.0,0.95979613
23,36,2,1660.0,1766.0,0.93997735
23,37,0,1766.0,1835.0,0.9623978
23,37,1,1695.0,1835.0,0.9237057
23,37,2,1835.0,1835.0,1.0
23,38,0,1766.0,1873.0,0.9428724
23,38,1,1695.0,1873.0,0.9049653
23,38,2,1873.0,1873.0,1.0
23,39,0,1954.0,1954.0,1.0
23,39,1,1695.0,1954.0,0.86745137
23,39,2,1873.0,1954.0,0.9585466
23,40,0,1954.0,1993.0,0.9804315
23,40,1,1695.0,1993.0,0.8504767
23,40,2,1993.0,1993.0,1.0
23,41,0,1954.0,2033.0,0.96114117
23,41,1,1695.0,2033.0,0.8337432
23,41,2,2033.0,2033.0,1.0
23,42,0,1954.0,2066.0,0.945789
23,42,1,2066.0,2066.0,1.0
23,42,2,2033.0,2066.0,0.9840271
23,43,0,1954.0,2109.0,0.92650545
23,43,1,2109.0,2109.0,1.0
23,43,2,2033.0,2109.0,0.963964
23,44,0,2168.0,2168.0,1.0
23,44,1,2109.0,2168.0,0.97278595
23,44,2,2033.0,2168.0,0.9377306
23,45,0,2168.0,2203.0,0.98411256
23,45,1,2203.0,2203.0,1.0
23,45,2,2033.0,2203.0,0.9228325
23,46,0,2168.0,2246.0,0.9652716
23,46,1,2246.0,2246.0,1.0
23,46,2,2033.0,2246.0,0.9051647
23,47,0,2168.0,2279.0,0.9512944
23,47,1,2279.0,2279.0,1.0
23,47,2,2033.0,2279.0,0.8920579
23,48,0,2341.0,2341.0,1.0
23,48,1,2279.0,2341.0,0.97351557
23,48,2,2033.0,2341.0,0.8684323
23,49,0,2341.0,2410.0,0.97136927
23,49,1,2279.0,2410.0,0.9456431
23,49,2,2410.0,2410.0,1.0
23,50,0,2341.0,2442.0,0.95864046
23,50,1,2442.0,2442.0,1.0
23,50,2,2410.0,2442.0,0.986896
23,51,0,2486.0,2486.0,1.0
23,51,1,2442.0,2486.0,0.9823009
23,51,2,2410.0,2486.0,0.9694288
23,52,0,2486.0,2552.0,0.9741379
23,52,1,2442.0,2552.0,0.95689654
23,52,2,2552.0,2552.0,1.0
23,53,0,2486.0,2593.0,0.95873505
23,53,1,2593.0,2593.0,1.0
23,53,2,2552.0,2593.0,0.9841882
23,54,0,2486.0,2633.0,0.9441702
23,54,1,2633.0,2633.0,1.0
23,54,2,2552.0,2633.0,0.9692366
23,55,0,2486.0,2673.0,0.93004113
23,55,1,2673.0,2673.0,1.0
23,55,2,2552.0,2673.0,0.95473254
23,56,0,2486.0,2723.0,0.9129636
23,56,1,2723.0,2723.0,1.0
23,56,2,2552.0,2723.0,0.9372016
23,57,0,2486.0,2766.0,0.8987708
23,57,1,2766.0,2766.0,1.0
23,57,2,2552.0,2766.0,0.922632
23,58,0,2486.0,2799.0,0.88817436
23,58,1,2766.0,2799.0,0.9882101
23,58,2,2799.0,2799.0,1.0
23,59,0,2486.0,2833.0,0.877515
23,59,1,2833.0,2833.0,1.0
23,59,2,2799.0,2833.0,0.9879986
23,60,0,2486.0,2872.0,0.86559886
23,60,1,2833.0,2872.0,0.98642063
23,60,2,2872.0,2872.0,1.0
23,61,0,2486.0,2907.0,0.85517716
23,61,1,2907.0,2907.0,1.0
23,61,2,2872.0,2907.0,0.9879601
23,62,0,2486.0,2940.0,0.84557825
23,62,1,2940.0,2940.0,1.0
23,62,2,2872.0,2940.0,0.9768708
23,63,0,2486.0,2988.0,0.83199465
23,63,1,2988.0,2988.0,1.0
23,63,2,2872.0,2988.0,0.96117806
23,64,0,2486.0,3045.0,0.8164204
23,64,1,2988.0,3045.0,0.9812808
23,64,2,3045.0,3045.0,1.0
23,65,0,2486.0,3087.0,0.8053126
23,65,1,2988.0,3087.0,0.96793
23,65,2,3087.0,3087.0,1.0
23,66,0,2486.0,3129.0,0.79450303
23,66,1,3129.0,3129.0,1.0
23,66,2,3087.0,3129.0,0.98657715
23,67,0,2486.0,3173.0,0.78348565
23,67,1,3129.0,3173.0,0.986133
23,67,2,3173.0,3173.0,1.0
23,68,0,2486.0,3210.0,0.77445483
23,68,1,3129.0,3210.0,0.9747664
23,68,2,3210.0,3210.0,1.0
23,69,0,2486.0,3250.0,0.7649231
23,69,1,3250.0,3250.0,1.0
23,69,2,3210.0,3250.0,0.9876923
23,70,0,2486.0,3287.0,0.7563127
23,70,1,3250.0,3287.0,0.98874354
23,70,2,3287.0,3287.0,1.0
23,71,0,2486.0,3357.0,0.7405422
23,71,1,3250.0,3357.0,0.9681263
23,71,2,3357.0,3357.0,1.0
23,72,0,2486.0,3395.0,0.7322533
23,72,1,3395.0,3395.0,1.0
23,72,2,3357.0,3395.0,0.9888071
23,73,0,2486.0,3468.0,0.7168397
23,73,1,3395.0,3468.0,0.9789504
23,73,2,3468.0,3468.0,1.0
23,74,0,2486.0,3509.0,0.70846397
23,74,1,3509.0,3509.0,1.0
23,74,2,3468.0,3509.0,0.98831576
23,75,0,2486.0,3545.0,0.7012694
23,75,1,3545.0,3545.0,1.0
23,75,2,3468.0,3545.0,0.9782793
23,76,0,2486.0,3587.0,0.69305825
23,76,1,3545.0,3587.0,0.988291
23,76,2,3587.0,3587.0,1.0
23,77,0,2486.0,3660.0,0.679235
23,77,1,3545.0,3660.0,0.96857923
23,77,2,3660.0,3660.0,1.0
23,78,0,2486.0,3698.0,0.6722553
23,78,1,3698.0,3698.0,1.0
23,78,2,3660.0,3698.0,0.98972416
23,79,0,3776.0,3776.0,1.0
23,79,1,3698.0,3776.0,0.97934324
23,79,2,3660.0,3776.0,0.96927965
23,80,0,3776.0,3821.0,0.98822296
23,80,1,3698.0,3821.0,0.9678095
23,80,2,3821.0,3821.0,1.0
23,81,0,3776.0,3871.0,0.97545856
23,81,1,3871.0,3871.0,1.0
23,81,2,3821.0,3871.0,0.98708344
23,82,0,3776.0,3913.0,0.96498847
23,82,1,3913.0,3913.0,1.0
23,82,2,3821.0,3913.0,0.97648865
23,83,0,3776.0,3950.0,0.95594937
23,83,1,3950.0,3950.0,1.0
23,83,2,3821.0,3950.0,0.9673418
23,84,0,3776.0,3986.0,0.94731563
23,84,1,3986.0,3986.0,1.0
23,84,2,3821.0,3986.0,0.9586051
23,85,0,3776.0,4040.0,0.93465346
23,85,1,3986.0,4040.0,0.98663366
23,85,2,4040.0,4040.0,1.0
23,86,0,3776.0,4082.0,0.9250367
23,86,1,4082.0,4082.0,1.0
23,86,2,4040.0,4082.0,0.9897109
23,87,0,3776.0,4117.0,0.9171727
23,87,1,4117.0,4117.0,1.0
23,87,2,4040.0,4117.0,0.9812971
23,88,0,3776.0,4155.0,0.90878457
23,88,1,4155.0,4155.0,1.0
23,88,2,4040.0,4155.0,0.9723225
23,89,0,3776.0,4204.0,0.8981922
23,89,1,4204.0,4204.0,1.0
23,89,2,4040.0,4204.0,0.96098953
23,90,0,3776.0,4243.0,0.8899364
23,90,1,4243.0,4243.0,1.0
23,90,2,4040.0,4243.0,0.9521565
23,91,0,3776.0,4304.0,0.87732345
23,91,1,4243.0,4304.0,0.98582715
23,91,2,4304.0,4304.0,1.0
23,92,0,3776.0,4349.0,0.8682456
23,92,1,4349.0,4349.0,1.0
23,92,2,4304.0,4349.0,0.9896528
23,93,0,3776.0,4380.0,0.8621005
23,93,1,4380.0,4380.0,1.0
23,93,2,4304.0,4380.0,0.9826484
23,94,0,3776.0,4417.0,0.8548789
23,94,1,4417.0,4417.0,1.0
23,94,2,4304.0,4417.0,0.97441703
23,95,0,3776.0,4462.0,0.84625727
23,95,1,4462.0,4462.0,1.0
23,95,2,4304.0,4462.0,0.9645899
23,96,0,3776.0,4492.0,0.8406055
23,96,1,4492.0,4492.0,1.0
23,96,2,4304.0,4492.0,0.9581478
23,97,0,3776.0,4532.0,0.8331862
23,97,1,4532.0,4532.0,1.0
23,97,2,4304.0,4532.0,0.94969106
23,98,0,3776.0,4596.0,0.821584
23,98,1,4532.0,4596.0,0.98607486
23,98,2,4596.0,4596.0,1.0
23,99,0,3776.0,4645.0,0.8129171
23,99,1,4532.0,4645.0,0.9756728
23,99,2,4645.0,4645.0,1.0
23,100,0,3776.0,4690.0,0.80511725
23,100,1,4690.0,4690.0,1.0
23,100,2,4645.0,4690.0,0.99040514
23,101,0,3776.0,4740.0,0.7966245
23,101,1,4740.0,4740.0,1.0
23,101,2,4645.0,4740.0,0.9799578
23,102,0,3776.0,4782.0,0.7896278
23,102,1,4782.0,4782.0,1.0
23,102,2,4645.0,4782.0,0.9713509
23,103,0,3776.0,4821.0,0.78324
23,103,1,4821.0,4821.0,1.0
23,103,2,4645.0,4821.0,0.96349305
23,104,0,3776.0,4857.0,0.77743465
23,104,1,4821.0,4857.0,0.99258804
23,104,2,4857.0,4857.0,1.0
23,105,0,3776.0,4898.0,0.7709269
23,105,1,4898.0,4898.0,1.0
23,105,2,4857.0,4898.0,0.99162924
23,106,0,3776.0,4936.0,0.7649919
23,106,1,4936.0,4936.0,1.0
23,106,2,4857.0,4936.0,0.98399514
23,107,0,3776.0,4985.0,0.7574724
23,107,1,4985.0,4985.0,1.0
23,107,2,4857.0,4985.0,0.974323
23,108,0,3776.0,5026.0,0.7512933
23,108,1,4985.0,5026.0,0.99184245
23,108,2,5026.0,5026.0,1.0
23,109,0,3776.0,5069.0,0.7449201
23,109,1,5069.0,5069.0,1.0
23,109,2,5026.0,5069.0,0.99151707
23,110,0,3776.0,5125.0,0.73678046
23,110,1,5069.0,5125.0,0.98907316
23,110,2,5125.0,5125.0,1.0
23,111,0,3776.0,5190.0,0.727553
23,111,1,5069.0,5190.0,0.97668594
23,111,2,5190.0,5190.0,1.0
23,112,0,3776.0,5234.0,0.72143674
23,112,1,5234.0,5234.0,1.0
23,112,2,5190.0,5234.0,0.9915934
23,113,0,3776.0,5277.0,0.7155581
23,113,1,5277.0,5277.0,1.0
23,113,2,5190.0,5277.0,0.98351336
23,114,0,3776.0,5311.0,0.7109772
23,114,1,5311.0,5311.0,1.0
23,114,2,5190.0,5311.0,0.9772171
23,115,0,3776.0,5361.0,0.7043462
23,115,1,5361.0,5361.0,1.0
23,115,2,5190.0,5361.0,0.968103
23,116,0,3776.0,5430.0,0.69539595
23,116,1,5361.0,5430.0,0.9872928
23,116,2,5430.0,5430.0,1.0
23,117,0,3776.0,5471.0,0.6901846
23,117,1,5361.0,5471.0,0.979894
23,117,2,5471.0,5471.0,1.0
23,118,0,3776.0,5524.0,0.68356264
23,118,1,5361.0,5524.0,0.9704924
23,118,2,5524.0,5524.0,1.0
23,119,0,3776.0,5555.0,0.679748
23,119,1,5555.0,5555.0,1.0
23,119,2,5524.0,5555.0,0.99441946
23,120,0,3776.0,5623.0,0.6715277
23,120,1,5555.0,5623.0,0.9879068
23,120,2,5623.0,5623.0,1.0
23,121,0,3776.0,5660.0,0.6671378
23,121,1,5660.0,5660.0,1.0
23,121,2,5623.0,5660.0,0.9934629
23,122,0,3776.0,5711.0,0.6611802
23,122,1,5660.0,5711.0,0.99106985
23,122,2,5711.0,5711.0,1.0
23,123,0,3776.0,5751.0,0.65658146
23,123,1,5660.0,5751.0,0.98417664
23,123,2,5751.0,5751.0,1.0
23,124,0,3776.0,5824.0,0.64835167
23,124,1,5660.0,5824.0,0.9718407
23,124,2,5824.0,5824.0,1.0
23,125,0,3776.0,5857.0,0.6446987
23,125,1,5857.0,5857.0,1.0
23,125,2,5824.0,5857.0,0.9943657
23,126,0,3776.0,5913.0,0.63859296
23,126,1,5857.0,5913.0,0.99052936
23,126,2,5913.0,5913.0,1.0
23,127,0,3776.0,5955.0,0.634089
23,127,1,5955.0,5955.0,1.0
23,127,2,5913.0,5955.0,0.9929471
23,128,0,3776.0,5987.0,0.6306999
23,128,1,5987.0,5987.0,1.0
23,128,2,5913.0,5987.0,0.9876399
23,129,0,3776.0,6025.0,0.626722
23,129,1,6025.0,6025.0,1.0
23,129,2,5913.0,6025.0,0.9814108
23,130,0,3776.0,6067.0,0.62238336
23,130,1,6067.0,6067.0,1.0
23,130,2,5913.0,6067.0,0.97461677
23,131,0,3776.0,6135.0,0.6154849
23,131,1,6067.0,6135.0,0.98891604
23,131,2,6135.0,6135.0,1.0
23,132,0,3776.0,6175.0,0.611498
23,132,1,6067.0,6175.0,0.98251015
23,132,2,6175.0,6175.0,1.0
23,133,0,3776.0,6207.0,0.6083454
23,133,1,6207.0,6207.0,1.0
23,133,2,6175.0,6207.0,0.99484456
23,134,0,3776.0,6257.0,0.6034841
23,134,1,6207.0,6257.0,0.9920089
23,134,2,6257.0,6257.0,1.0
24,1,0,25.0,25.0,1.0
24,1,1,0.0,25.0,0.0
24,1,2,0.0,25.0,0.0
24,2,0,84.0,84.0,1.0
24,2,1,0.0,84.0,0.0
24,2,2,0.0,84.0,0.0
24,3,0,149.0,149.0,1.0
24,3,1,0.0,149.0,0.0
24,3,2,0.0,149.0,0.0
24,4,0,205.0,205.0,1.0
24,4,1,0.0,205.0,0.0
24,4,2,0.0,205.0,0.0
24,5,0,286.0,286.0,1.0
24,5,1,0.0,286.0,0.0
24,5,2,0.0,286.0,0.0
24,6,0,326.0,326.0,1.0
24,6,1,0.0,326.0,0.0
24,6,2,0.0,326.0,0.0
24,7,0,326.0,349.0,0.9340974
24,7,1,349.0,349.0,1.0
24,7,2,0.0,349.0,0.0
24,8,0,429.0,429.0,1.0
24,8,1,349.0,429.0,0.81351984
24,8,2,0.0,429.0,0.0
24,9,0,429.0,465.0,0.92258066
24,9,1,465.0,465.0,1.0
24,9,2,0.0,465.0,0.0
24,10,0,524.0,524.0,1.0
24,10,1,465.0,524.0,0.88740456
24,10,2,0.0,524.0,0.0
24,11,0,524.0,559.0,0.9373882
24,11,1,559.0,559.0,1.0
24,11,2,0.0,559.0,0.0
24,12,0,524.0,612.0,0.85620916
24,12,1,559.0,612.0,0.9133987
24,12,2,612.0,612.0,1.0
24,13,0,659.0,659.0,1.0
24,13,1,559.0,659.0,0.8482549
24,13,2,612.0,659.0,0.9286798
24,14,0,715.0,715.0,1.0
24,14,1,559.0,715.0,0.7818182
24,14,2,612.0,715.0,0.85594404
24,15,0,778.0,778.0,1.0
24,15,1,559.0,778.0,0.718509
24,15,2,612.0,778.0,0.7866324
24,16,0,778.0,828.0,0.9396135
24,16,1,828.0,828.0,1.0
24,16,2,612.0,828.0,0.73913044
24,17,0,778.0,858.0,0.9067599
24,17,1,858.0,858.0,1.0
24,17,2,612.0,858.0,0.7132867
24,18,0,933.0,933.0,1.0
24,18,1,858.0,933.0,0.91961414
24,18,2,612.0,933.0,0.6559486
24,19,0,981.0,981.0,1.0
24,19,1,858.0,981.0,0.87461776
24,19,2,612.0,981.0,0.6238532
24,20,0,1055.0,1055.0,1.0
24,20,1,858.0,1055.0,0.81327015
24,20,2,612.0,1055.0,0.5800948
24,21,0,1113.0,1113.0,1.0
24,21,1,858.0,1113.0,0.77088946
24,21,2,612.0,1113.0,0.54986525
24,22,0,1113.0,1149.0,0.9686684
24,22,1,1149.0,1149.0,1.0
24,22,2,612.0,1149.0,0.53263706
24,23,0,1113.0,1218.0,0.9137931
24,23,1,1149.0,1218.0,0.9433498
24,23,2,1218.0,1218.0,1.0
24,24,0,1113.0,1260.0,0.8833333
24,24,1,1260.0,1260.0,1.0
24,24,2,1218.0,1260.0,0.96666664
24,25,0,1113.0,1293.0,0.8607889
24,25,1,1293.0,1293.0,1.0
24,25,2,1218.0,1293.0,0.9419954
24,26,0,1113.0,1328.0,0.8381024
24,26,1,1328.0,1328.0,1.0
24,26,2,1218.0,1328.0,0.9171687
24,27,0,1113.0,1361.0,0.81778103
24,27,1,1361.0,1361.0,1.0
24,27,2,1218.0,1361.0,0.8949302
24,28,0,1113.0,1405.0,0.7921708
24,28,1,1361.0,1405.0,0.9686833
24,28,2,1405.0,1405.0,1.0
24,29,0,1113.0,1443.0,0.7713098
24,29,1,1443.0,1443.0,1.0
24,29,2,1405.0,1443.0,0.97366595
24,30,0,1113.0,1484.0,0.75
24,30,1,1443.0,1484.0,0.972372
24,30,2,1484.0,1484.0,1.0
24,31,0,1555.0,1555.0,1.0
24,31,1,1443.0,1555.0,0.9279743
24,31,2,1484.0,1555.0,0.9543408
24,32,0,1555.0,1594.0,0.97553325
24,32,1,1443.0,1594.0,0.90526974
24,32,2,1594.0,1594.0,1.0
24,33,0,1555.0,1637.0,0.9499084
24,33,1,1637.0,1637.0,1.0
24,33,2,1594.0,1637.0,0.9737324
24,34,0,1555.0,1683.0,0.9239453
24,34,1,1637.0,1683.0,0.9726679
24,34,2,1683.0,1683.0,1.0
24,35,0,1555.0,1716.0,0.90617716
24,35,1,1716.0,1716.0,1.0
24,35,2,1683.0,1716.0,0.9807692
24,36,0,1555.0,1756.0,0.8855353
24,36,1,1756.0,1756.0,1.0
24,36,2,1683.0,1756.0,0.95842826
24,37,0,1555.0,1801.0,0.8634092
24,37,1,1756.0,1801.0,0.97501385
24,37,2,1801.0,1801.0,1.0
24,38,0,1555.0,1869.0,0.8319957
24,38,1,1756.0,1869.0,0.93953985
24,38,2,1869.0,1869.0,1.0
24,39,0,1555.0,1907.0,0.8154169
24,39,1,1907.0,1907.0,1.0
24,39,2,1869.0,1907.0,0.9800734
24,40,0,1555.0,1949.0,0.79784507
24,40,1,1907.0,1949.0,0.9784505
24,40,2,1949.0,1949.0,1.0
24,41,0,2021.0,2021.0,1.0
24,41,1,1907.0,2021.0,0.9435923
24,41,2,1949.0,2021.0,0.96437407
24,42,0,2021.0,2058.0,0.9820214
24,42,1,1907.0,2058.0,0.9266278
24,42,2,2058.0,2058.0,1.0
24,43,0,2021.0,2123.0,0.9519548
24,43,1,1907.0,2123.0,0.8982572
24,43,2,2123.0,2123.0,1.0
24,44,0,2021.0,2192.0,0.921989
24,44,1,1907.0,2192.0,0.86998177
24,44,2,2192.0,2192.0,1.0
24,45,0,2021.0,2227.0,0.9074989
24,45,1,1907.0,2227.0,0.85630894
24,45,2,2227.0,2227.0,1.0
24,46,0,2278.0,2278.0,1.0
24,46,1,1907.0,2278.0,0.8371378
24,46,2,2227.0,2278.0,0.97761196
24,47,0,2278.0,2321.0,0.9814735
24,47,1,1907.0,2321.0,0.82162863
24,47,2,2321.0,2321.0,1.0
24,48,0,2278.0,2357.0,0.9664828
24,48,1,2357.0,2357.0,1.0
24,48,2,2321.0,2357.0,0.98472637
24,49,0,2278.0,2399.0,0.9495623
24,49,1,2399.0,2399.0,1.0
24,49,2,2321.0,2399.0,0.96748644
24,50,0,2278.0,2442.0,0.93284196
24,50,1,2442.0,2442.0,1.0
24,50,2,2321.0,2442.0,0.9504505
24,51,0,2278.0,2482.0,0.91780823
24,51,1,2482.0,2482.0,1.0
24,51,2,2321.0,2482.0,0.935133
24,52,0,2278.0,2523.0,0.90289336
24,52,1,2523.0,2523.0,1.0
24,52,2,2321.0,2523.0,0.9199366
24,53,0,2278.0,2555.0,0.8915851
24,53,1,2555.0,2555.0,1.0
24,53,2,2321.0,2555.0,0.9084149
24,54,0,2278.0,2598.0,0.8768283
24,54,1,2598.0,2598.0,1.0
24,54,2,2321.0,2598.0,0.8933795
24,55,0,2278.0,2642.0,0.8622256
24,55,1,2598.0,2642.0,0.9833459
24,55,2,2642.0,2642.0,1.0
24,56,0,2278.0,2675.0,0.8515888
24,56,1,2675.0,2675.0,1.0
24,56,2,2642.0,2675.0,0.98766357
24,57,0,2278.0,2707.0,0.841522
24,57,1,2707.0,2707.0,1.0
24,57,2,2642.0,2707.0,0.97598815
24,58,0,2278.0,2749.0,0.82866496
24,58,1,2707.0,2749.0,0.9847217
24,58,2,2749.0,2749.0,1.0
24,59,0,2278.0,2786.0,0.81765974
24,59,1,2707.0,2786.0,0.9716439
24,59,2,2786.0,2786.0,1.0
24,60,0,2278.0,2831.0,0.80466264
24,60,1,2831.0,2831.0,1.0
24,60,2,2786.0,2831.0,0.9841046
24,61,0,2278.0,2897.0,0.7863307
24,61,1,2831.0,2897.0,0.9772178
24,61,2,2897.0,2897.0,1.0
24,62,0,2278.0,2954.0,0.77115774
24,62,1,2831.0,2954.0,0.95836157
24,62,2,2954.0,2954.0,1.0
24,63,0,2278.0,2984.0,0.76340485
24,63,1,2984.0,2984.0,1.0
24,63,2,2954.0,2984.0,0.98994637
24,64,0,2278.0,3021.0,0.75405496
24,64,1,3021.0,3021.0,1.0
24,64,2,2954.0,3021.0,0.9778219
24,65,0,3097.0,3097.0,1.0
24,65,1,3021.0,3097.0,0.9754601
24,65,2,2954.0,3097.0,0.9538263
24,66,0,3097.0,3135.0,0.9878788
24,66,1,3135.0,3135.0,1.0
24,66,2,2954.0,3135.0,0.94226474
24,67,0,3097.0,3175.0,0.97543305
24,67,1,3175.0,3175.0,1.0
24,67,2,2954.0,3175.0,0.9303937
24,68,0,3097.0,3236.0,0.95704573
24,68,1,3175.0,3236.0,0.98114955
24,68,2,3236.0,3236.0,1.0
24,69,0,3097.0,3309.0,0.9359323
24,69,1,3175.0,3309.0,0.95950437
24,69,2,3309.0,3309.0,1.0
24,70,0,3097.0,3350.0,0.92447764
24,70,1,3350.0,3350.0,1.0
24,70,2,3309.0,3350.0,0.9877612
24,71,0,3097.0,3388.0,0.91410863
24,71,1,3350.0,3388.0,0.98878396
24,71,2,3388.0,3388.0,1.0
24,72,0,3097.0,3433.0,0.90212643
24,72,1,3433.0,3433.0,1.0
24,72,2,3388.0,3433.0,0.9868919
24,73,0,3097.0,3482.0,0.88943136
24,73,1,3482.0,3482.0,1.0
24,73,2,3388.0,3482.0,0.97300404
24,74,0,3097.0,3517.0,0.88058007
24,74,1,3517.0,3517.0,1.0
24,74,2,3388.0,3517.0,0.96332103
24,75,0,3097.0,3587.0,0.8633956
24,75,1,3517.0,3587.0,0.9804851
24,75,2,3587.0,3587.0,1.0
24,76,0,3097.0,3656.0,0.8471007
24,76,1,3517.0,3656.0,0.9619803
24,76,2,3656.0,3656.0,1.0
24,77,0,3097.0,3701.0,0.8368009
24,77,1,3517.0,3701.0,0.9502837
24,77,2,3701.0,3701.0,1.0
24,78,0,3097.0,3738.0,0.8285179
24,78,1,3517.0,3738.0,0.9408775
24,78,2,3738.0,3738.0,1.0
24,79,0,3097.0,3771.0,0.82126755
24,79,1,3771.0,3771.0,1.0
24,79,2,3738.0,3771.0,0.991249
24,80,0,3097.0,3821.0,0.8105208
24,80,1,3821.0,3821.0,1.0
24,80,2,3738.0,3821.0,0.9782779
24,81,0,3097.0,3864.0,0.80150104
24,81,1,3864.0,3864.0,1.0
24,81,2,3738.0,3864.0,0.9673913
24,82,0,3097.0,3919.0,0.7902526
24,82,1,3864.0,3919.0,0.9859658
24,82,2,3919.0,3919.0,1.0
24,83,0,3097.0,3957.0,0.78266364
24,83,1,3957.0,3957.0,1.0
24,83,2,3919.0,3957.0,0.99039674
24,84,0,3097.0,3987.0,0.7767745
24,84,1,3987.0,3987.0,1.0
24,84,2,3919.0,3987.0,0.98294455
24,85,0,4063.0,4063.0,1.0
24,85,1,3987.0,4063.0,0.98129463
24,85,2,3919.0,4063.0,0.9645582
24,86,0,4063.0,4117.0,0.98688364
24,86,1,3987.0,4117.0,0.9684236
24,86,2,4117.0,4117.0,1.0
24,87,0,4063.0,4171.0,0.9741069
24,87,1,3987.0,4171.0,0.9558859
24,87,2,4171.0,4171.0,1.0
24,88,0,4063.0,4211.0,0.96485394
24,88,1,3987.0,4211.0,0.946806
24,88,2,4211.0,4211.0,1.0
24,89,0,4063.0,4284.0,0.9484127
24,89,1,3987.0,4284.0,0.9306723
24,89,2,4284.0,4284.0,1.0
24,90,0,4063.0,4321.0,0.9402916
24,90,1,4321.0,4321.0,1.0
24,90,2,4284.0,4321.0,0.9914372
24,91,0,4063.0,4366.0,0.9306001
24,91,1,4366.0,4366.0,1.0
24,91,2,4284.0,4366.0,0.9812185
24,92,0,4063.0,4399.0,0.92361903
24,92,1,4399.0,4399.0,1.0
24,92,2,4284.0,4399.0,0.9738577
24,93,0,4063.0,4433.0,0.9165351
24,93,1,4433.0,4433.0,1.0
24,93,2,4284.0,4433.0,0.96638846
24,94,0,4063.0,4497.0,0.9034912
24,94,1,4433.0,4497.0,0.9857683
24,94,2,4497.0,4497.0,1.0
24,95,0,4063.0,4542.0,0.89453983
24,95,1,4542.0,4542.0,1.0
24,95,2,4497.0,4542.0,0.99009246
24,96,0,4063.0,4584.0,0.8863438
24,96,1,4584.0,4584.0,1.0
24,96,2,4497.0,4584.0,0.9810209
24,97,0,4063.0,4619.0,0.87962765
24,97,1,4619.0,4619.0,1.0
24,97,2,4497.0,4619.0,0.97358733
24,98,0,4063.0,4658.0,0.8722628
24,98,1,4619.0,4658.0,0.99162734
24,98,2,4658.0,4658.0,1.0
24,99,0,4063.0,4700.0,0.8644681
24,99,1,4700.0,4700.0,1.0
24,99,2,4658.0,4700.0,0.99106383
24,100,0,4063.0,4737.0,0.85771585
24,100,1,4737.0,4737.0,1.0
24,100,2,4658.0,4737.0,0.9833228
24,101,0,4063.0,4787.0,0.848757
24,101,1,4787.0,4787.0,1.0
24,101,2,4658.0,4787.0,0.973052
24,102,0,4063.0,4842.0,0.8391161
24,102,1,4787.0,4842.0,0.9886411
24,102,2,4842.0,4842.0,1.0
24,103,0,4063.0,4883.0,0.83207047
24,103,1,4883.0,4883.0,1.0
24,103,2,4842.0,4883.0,0.9916035
24,104,0,4063.0,4933.0,0.8236367
24,104,1,4933.0,4933.0,1.0
24,104,2,4842.0,4933.0,0.9815528
24,105,0,4063.0,4967.0,0.81799877
24,105,1,4967.0,4967.0,1.0
24,105,2,4842.0,4967.0,0.9748339
24,106,0,4063.0,5017.0,0.8098465
24,106,1,5017.0,5017.0,1.0
24,106,2,4842.0,5017.0,0.9651186
24,107,0,4063.0,5070.0,0.8013807
24,107,1,5017.0,5070.0,0.98954636
24,107,2,5070.0,5070.0,1.0
24,108,0,4063.0,5112.0,0.7947966
24,108,1,5112.0,5112.0,1.0
24,108,2,5070.0,5112.0,0.99178404
24,109,0,4063.0,5157.0,0.78786117
24,109,1,5157.0,5157.0,1.0
24,109,2,5070.0,5157.0,0.98312974
24,110,0,4063.0,5187.0,0.7833044
24,110,1,5187.0,5187.0,1.0
24,110,2,5070.0,5187.0,0.97744364
24,111,0,4063.0,5231.0,0.77671576
24,111,1,5231.0,5231.0,1.0
24,111,2,5070.0,5231.0,0.96922195
24,112,0,4063.0,5304.0,0.76602566
24,112,1,5231.0,5304.0,0.9862368
24,112,2,5304.0,5304.0,1.0
24,113,0,4063.0,5345.0,0.76014966
24,113,1,5345.0,5345.0,1.0
24,113,2,5304.0,5345.0,0.9923293
24,114,0,4063.0,5386.0,0.7543632
24,114,1,5386.0,5386.0,1.0
24,114,2,5304.0,5386.0,0.98477536
24,115,0,4063.0,5436.0,0.7474246
24,115,1,5436.0,5436.0,1.0
24,115,2,5304.0,5436.0,0.9757174
24,116,0,4063.0,5492.0,0.7398034
24,116,1,5436.0,5492.0,0.9898034
24,116,2,5492.0,5492.0,1.0
24,117,0,4063.0,5536.0,0.73392344
24,117,1,5536.0,5536.0,1.0
24,117,2,5492.0,5536.0,0.992052
24,118,0,4063.0,5585.0,0.72748435
24,118,1,5585.0,5585.0,1.0
24,118,2,5492.0,5585.0,0.98334825
24,119,0,4063.0,5622.0,0.72269654
24,119,1,5622.0,5622.0,1.0
24,119,2,5492.0,5622.0,0.97687656
24,120,0,4063.0,5664.0,0.71733755
24,120,1,5664.0,5664.0,1.0
24,120,2,5492.0,5664.0,0.96963274
24,121,0,4063.0,5695.0,0.71343285
24,121,1,5695.0,5695.0,1.0
24,121,2,5492.0,5695.0,0.9643547
24,122,0,4063.0,5741.0,0.7077164
24,122,1,5741.0,5741.0,1.0
24,122,2,5492.0,5741.0,0.9566278
24,123,0,4063.0,5785.0,0.7023336
24,123,1,5785.0,5785.0,1.0
24,123,2,5492.0,5785.0,0.9493518
24,124,0,4063.0,5833.0,0.69655406
24,124,1,5833.0,5833.0,1.0
24,124,2,5492.0,5833.0,0.9415395
24,125,0,4063.0,5874.0,0.6916922
24,125,1,5833.0,5874.0,0.9930201
24,125,2,5874.0,5874.0,1.0
24,126,0,4063.0,5925.0,0.6857384
24,126,1,5833.0,5925.0,0.9844726
24,126,2,5925.0,5925.0,1.0
24,127,0,4063.0,5961.0,0.68159705
24,127,1,5833.0,5961.0,0.97852707
24,127,2,5961.0,5961.0,1.0
24,128,0,4063.0,6001.0,0.6770538
24,128,1,5833.0,6001.0,0.97200465
24,128,2,6001.0,6001.0,1.0
24,129,0,4063.0,6044.0,0.6722369
24,129,1,6044.0,6044.0,1.0
24,129,2,6001.0,6044.0,0.99288553
24,130,0,4063.0,6082.0,0.6680368
24,130,1,6082.0,6082.0,1.0
24,130,2,6001.0,6082.0,0.986682
24,131,0,4063.0,6124.0,0.66345525
24,131,1,6124.0,6124.0,1.0
24,131,2,6001.0,6124.0,0.9799151
24,132,0,4063.0,6174.0,0.6580823
24,132,1,6124.0,6174.0,0.9919015
24,132,2,6174.0,6174.0,1.0
24,133,0,4063.0,6205.0,0.6547945
24,133,1,6205.0,6205.0,1.0
24,133,2,6174.0,6205.0,0.99500406
24,134,0,4063.0,6237.0,0.65143496
24,134,1,6237.0,6237.0,1.0
24,134,2,6174.0,6237.0,0.989899
25,1,0,23.0,23.0,1.0
25,1,1,0.0,23.0,0.0
25,1,2,0.0,23.0,0.0
25,2,0,82.0,82.0,1.0
25,2,1,0.0,82.0,0.0
25,2,2,0.0,82.0,0.0
25,3,0,153.0,153.0,1.0
25,3,1,0.0,153.0,0.0
25,3,2,0.0,153.0,0.0
25,4,0,153.0,175.0,0.8742857
25,4,1,175.0,175.0,1.0
25,4,2,0.0,175.0,0.0
25,5,0,253.0,253.0,1.0
25,5,1,175.0,253.0,0.6916996
25,5,2,0.0,253.0,0.0
25,6,0,296.0,296.0,1.0
25,6,1,175.0,296.0,0.5912162
25,6,2,0.0,296.0,0.0
25,7,0,351.0,351.0,1.0
25,7,1,175.0,351.0,0.4985755
25,7,2,0.0,351.0,0.0
25,8,0,422.0,422.0,1.0
25,8,1,175.0,422.0,0.41469195
25,8,2,0.0,422.0,0.0
25,9,0,422.0,462.0,0.9134199
25,9,1,462.0,462.0,1.0
25,9,2,0.0,462.0,0.0
25,10,0,524.0,524.0,1.0
25,10,1,462.0,524.0,0.8816794
25,10,2,0.0,524.0,0.0
25,11,0,589.0,589.0,1.0
25,11,1,462.0,589.0,0.7843803
25,11,2,0.0,589.0,0.0
25,12,0,646.0,646.0,1.0
25,12,1,462.0,646.0,0.71517026
25,12,2,0.0,646.0,0.0
25,13,0,646.0,691.0,0.934877
25,13,1,462.0,691.0,0.6685962
25,13,2,691.0,691.0,1.0
25,14,0,747.0,747.0,1.0
25,14,1,462.0,747.0,0.6184739
25,14,2,691.0,747.0,0.92503345
25,15,0,823.0,823.0,1.0
25,15,1,462.0,823.0,0.5613609
25,15,2,691.0,823.0,0.8396112
25,16,0,903.0,903.0,1.0
25,16,1,462.0,903.0,0.5116279
25,16,2,691.0,903.0,0.765227
25,17,0,903.0,938.0,0.96268654
25,17,1,938.0,938.0,1.0
25,17,2,691.0,938.0,0.7366738
25,18,0,903.0,971.0,0.92996913
25,18,1,971.0,971.0,1.0
25,18,2,691.0,971.0,0.7116375
25,19,0,903.0,999.0,0.9039039
25,19,1,999.0,999.0,1.0
25,19,2,691.0,999.0,0.6916917
25,20,0,903.0,1032.0,0.875
25,20,1,1032.0,1032.0,1.0
25,20,2,691.0,1032.0,0.66957366
25,21,0,903.0,1068.0,0.8455056
25,21,1,1068.0,1068.0,1.0
25,21,2,691.0,1068.0,0.64700377
25,22,0,903.0,1113.0,0.8113208
25,22,1,1113.0,1113.0,1.0
25,22,2,691.0,1113.0,0.62084454
25,23,0,903.0,1166.0,0.77444255
25,23,1,1113.0,1166.0,0.95454544
25,23,2,1166.0,1166.0,1.0
25,24,0,903.0,1239.0,0.7288136
25,24,1,1113.0,1239.0,0.89830506
25,24,2,1239.0,1239.0,1.0
25,25,0,903.0,1293.0,0.6983759
25,25,1,1113.0,1293.0,0.8607889
25,25,2,1293.0,1293.0,1.0
25,26,0,1352.0,1352.0,1.0
25,26,1,1113.0,1352.0,0.82322484
25,26,2,1293.0,1352.0,0.95636094
25,27,0,1352.0,1382.0,0.97829235
25,27,1,1382.0,1382.0,1.0
25,27,2,1293.0,1382.0,0.9356006
25,28,0,1352.0,1451.0,0.9317712
25,28,1,1382.0,1451.0,0.9524466
25,28,2,1451.0,1451.0,1.0
25,29,0,1352.0,1493.0,0.9055593
25,29,1,1493.0,1493.0,1.0
25,29,2,1451.0,1493.0,0.9718687
25,30,0,1352.0,1539.0,0.87849253
25,30,1,1539.0,1539.0,1.0
25,30,2,1451.0,1539.0,0.94282
25,31,0,1352.0,1583.0,0.85407454
25,31,1,1539.0,1583.0,0.9722047
25,31,2,1583.0,1583.0,1.0
25,32,0,1664.0,1664.0,1.0
25,32,1,1539.0,1664.0,0.9248798
25,32,2,1583.0,1664.0,0.95132214
25,33,0,1664.0,1697.0,0.9805539
25,33,1,1697.0,1697.0,1.0
25,33,2,1583.0,1697.0,0.93282264
25,34,0,1777.0,1777.0,1.0
25,34,1,1697.0,1777.0,0.9549803
25,34,2,1583.0,1777.0,0.89082724
25,35,0,1828.0,1828.0,1.0
25,35,1,1697.0,1828.0,0.928337
25,35,2,1583.0,1828.0,0.8659738
25,36,0,1828.0,1871.0,0.97701764
25,36,1,1871.0,1871.0,1.0
25,36,2,1583.0,1871.0,0.8460716
25,37,0,1828.0,1927.0,0.9486248
25,37,1,1871.0,1927.0,0.9709393
25,37,2,1927.0,1927.0,1.0
25,38,0,1828.0,1958.0,0.93360573
25,38,1,1958.0,1958.0,1.0
25,38,2,1927.0,1958.0,0.9841675
25,39,0,1828.0,2001.0,0.9135432
25,39,1,1958.0,2001.0,0.97851074
25,39,2,2001.0,2001.0,1.0
25,40,0,2061.0,2061.0,1.0
25,40,1,1958.0,2061.0,0.95002425
25,40,2,2001.0,2061.0,0.9708879
25,41,0,2061.0,2125.0,0.96988237
25,41,1,1958.0,2125.0,0.92141175
25,41,2,2125.0,2125.0,1.0
25,42,0,2061.0,2160.0,0.95416665
25,42,1,2160.0,2160.0,1.0
25,42,2,2125.0,2160.0,0.9837963
25,43,0,2061.0,2228.0,0.9250449
25,43,1,2160.0,2228.0,0.9694794
25,43,2,2228.0,2228.0,1.0
25,44,0,2061.0,2266.0,0.9095322
25,44,1,2266.0,2266.0,1.0
25,44,2,2228.0,2266.0,0.98323035
25,45,0,2061.0,2307.0,0.893368
25,45,1,2307.0,2307.0,1.0
25,45,2,2228.0,2307.0,0.9657564
25,46,0,2061.0,2345.0,0.8788912
25,46,1,2345.0,2345.0,1.0
25,46,2,2228.0,2345.0,0.9501066
25,47,0,2061.0,2371.0,0.86925346
25,47,1,2371.0,2371.0,1.0
25,47,2,2228.0,2371.0,0.9396879
25,48,0,2061.0,2421.0,0.85130113
25,48,1,2421.0,2421.0,1.0
25,48,2,2228.0,2421.0,0.9202809
25,49,0,2061.0,2466.0,0.83576643
25,49,1,2421.0,2466.0,0.9817518
25,49,2,2466.0,2466.0,1.0
25,50,0,2061.0,2506.0,0.8224262
25,50,1,2506.0,2506.0,1.0
25,50,2,2466.0,2506.0,0.9840383
25,51,0,2582.0,2582.0,1.0
25,51,1,2506.0,2582.0,0.97056544
25,51,2,2466.0,2582.0,0.9550736
25,52,0,2582.0,2614.0,0.9877582
25,52,1,2614.0,2614.0,1.0
25,52,2,2466.0,2614.0,0.9433818
25,53,0,2582.0,2664.0,0.9692192
25,53,1,2614.0,2664.0,0.9812312
25,53,2,2664.0,2664.0,1.0
25,54,0,2582.0,2699.0,0.9566506
25,54,1,2699.0,2699.0,1.0
25,54,2,2664.0,2699.0,0.98703223
25,55,0,2582.0,2747.0,0.9399345
25,55,1,2747.0,2747.0,1.0
25,55,2,2664.0,2747.0,0.9697852
25,56,0,2582.0,2788.0,0.92611194
25,56,1,2747.0,2788.0,0.9852941
25,56,2,2788.0,2788.0,1.0
25,57,0,2582.0,2838.0,0.90979564
25,57,1,2747.0,2838.0,0.96793514
25,57,2,2838.0,2838.0,1.0
25,58,0,2582.0,2881.0,0.8962166
25,58,1,2881.0,2881.0,1.0
25,58,2,2838.0,2881.0,0.98507464
25,59,0,2582.0,2923.0,0.88333905
25,59,1,2881.0,2923.0,0.9856312
25,59,2,2923.0,2923.0,1.0
25,60,0,2582.0,2965.0,0.8708263
25,60,1,2965.0,2965.0,1.0
25,60,2,2923.0,2965.0,0.9858347
25,61,0,2582.0,3005.0,0.85923463
25,61,1,3005.0,3005.0,1.0
25,61,2,2923.0,3005.0,0.97271216
25,62,0,2582.0,3049.0,0.846835
25,62,1,3049.0,3049.0,1.0
25,62,2,2923.0,3049.0,0.95867497
25,63,0,2582.0,3089.0,0.8358692
25,63,1,3049.0,3089.0,0.98705083
25,63,2,3089.0,3089.0,1.0
25,64,0,2582.0,3125.0,0.82624
25,64,1,3125.0,3125.0,1.0
25,64,2,3089.0,3125.0,0.98848
25,65,0,2582.0,3198.0,0.8073796
25,65,1,3125.0,3198.0,0.9771732
25,65,2,3198.0,3198.0,1.0
25,66,0,2582.0,3235.0,0.7981453
25,66,1,3125.0,3235.0,0.9659969
25,66,2,3235.0,3235.0,1.0
25,67,0,2582.0,3292.0,0.78432566
25,67,1,3125.0,3292.0,0.94927096
25,67,2,3292.0,3292.0,1.0
25,68,0,2582.0,3325.0,0.77654135
25,68,1,3325.0,3325.0,1.0
25,68,2,3292.0,3325.0,0.9900752
25,69,0,2582.0,3390.0,0.76165193
25,69,1,3325.0,3390.0,0.98082596
25,69,2,3390.0,3390.0,1.0
25,70,0,2582.0,3441.0,0.7503633
25,70,1,3325.0,3441.0,0.96628886
25,70,2,3441.0,3441.0,1.0
25,71,0,2582.0,3505.0,0.7366619
25,71,1,3325.0,3505.0,0.9486448
25,71,2,3505.0,3505.0,1.0
25,72,0,2582.0,3544.0,0.7285553
25,72,1,3325.0,3544.0,0.9382054
25,72,2,3544.0,3544.0,1.0
25,73,0,2582.0,3581.0,0.7210277
25,73,1,3325.0,3581.0,0.92851156
25,73,2,3581.0,3581.0,1.0
25,74,0,2582.0,3626.0,0.7120794
25,74,1,3626.0,3626.0,1.0
25,74,2,3581.0,3626.0,0.98758966
25,75,0,2582.0,3700.0,0.6978378
25,75,1,3626.0,3700.0,0.98
25,75,2,3700.0,3700.0,1.0
25,76,0,2582.0,3750.0,0.6885333
25,76,1,3750.0,3750.0,1.0
25,76,2,3700.0,3750.0,0.9866667
25,77,0,2582.0,3793.0,0.68072766
25,77,1,3793.0,3793.0,1.0
25,77,2,3700.0,3793.0,0.97548115
25,78,0,2582.0,3828.0,0.6745037
25,78,1,3828.0,3828.0,1.0
25,78,2,3700.0,3828.0,0.96656215
25,79,0,2582.0,3878.0,0.6658071
25,79,1,3878.0,3878.0,1.0
25,79,2,3700.0,3878.0,0.9541001
25,80,0,2582.0,3915.0,0.65951467
25,80,1,3915.0,3915.0,1.0
25,80,2,3700.0,3915.0,0.945083
25,81,0,2582.0,3958.0,0.65234965
25,81,1,3958.0,3958.0,1.0
25,81,2,3700.0,3958.0,0.9348156
25,82,0,2582.0,3993.0,0.6466316
25,82,1,3958.0,3993.0,0.99123466
25,82,2,3993.0,3993.0,1.0
25,83,0,2582.0,4029.0,0.6408538
25,83,1,4029.0,4029.0,1.0
25,83,2,3993.0,4029.0,0.9910648
25,84,0,2582.0,4060.0,0.6359606
25,84,1,4029.0,4060.0,0.9923645
25,84,2,4060.0,4060.0,1.0
25,85,0,2582.0,4094.0,0.6306791
25,85,1,4094.0,4094.0,1.0
25,85,2,4060.0,4094.0,0.99169517
25,86,0,2582.0,4128.0,0.62548447
25,86,1,4128.0,4128.0,1.0
25,86,2,4060.0,4128.0,0.9835271
25,87,0,2582.0,4174.0,0.6185913
25,87,1,4174.0,4174.0,1.0
25,87,2,4060.0,4174.0,0.9726881
25,88,0,2582.0,4212.0,0.61301047
25,88,1,4212.0,4212.0,1.0
25,88,2,4060.0,4212.0,0.9639126
25,89,0,2582.0,4254.0,0.60695815
25,89,1,4254.0,4254.0,1.0
25,89,2,4060.0,4254.0,0.9543959
25,90,0,2582.0,4296.0,0.6010242
25,90,1,4296.0,4296.0,1.0
25,90,2,4060.0,4296.0,0.9450652
25,91,0,4370.0,4370.0,1.0
25,91,1,4296.0,4370.0,0.9830664
25,91,2,4060.0,4370.0,0.9290618
25,92,0,4370.0,4419.0,0.9889115
25,92,1,4296.0,4419.0,0.97216564
25,92,2,4419.0,4419.0,1.0
25,93,0,4370.0,4460.0,0.9798206
25,93,1,4460.0,4460.0,1.0
25,93,2,4419.0,4460.0,0.9908072
25,94,0,4370.0,4502.0,0.9706797
25,94,1,4460.0,4502.0,0.9906708
25,94,2,4502.0,4502.0,1.0
25,95,0,4370.0,4552.0,0.96001756
25,95,1,4552.0,4552.0,1.0
25,95,2,4502.0,4552.0,0.9890158
25,96,0,4370.0,4590.0,0.9520697
25,96,1,4590.0,4590.0,1.0
25,96,2,4502.0,4590.0,0.98082787
25,97,0,4370.0,4635.0,0.94282633
25,97,1,4635.0,4635.0,1.0
25,97,2,4502.0,4635.0,0.9713053
25,98,0,4370.0,4678.0,0.9341599
25,98,1,4678.0,4678.0,1.0
25,98,2,4502.0,4678.0,0.9623771
25,99,0,4370.0,4718.0,0.9262399
25,99,1,4718.0,4718.0,1.0
25,99,2,4502.0,4718.0,0.9542179
25,100,0,4370.0,4757.0,0.9186462
25,100,1,4718.0,4757.0,0.99180156
25,100,2,4757.0,4757.0,1.0
25,101,0,4370.0,4796.0,0.91117597
25,101,1,4718.0,4796.0,0.98373646
25,101,2,4796.0,4796.0,1.0
25,102,0,4370.0,4857.0,0.89973235
25,102,1,4718.0,4857.0,0.9713815
25,102,2,4857.0,4857.0,1.0
25,103,0,4370.0,4894.0,0.8929301
25,103,1,4718.0,4894.0,0.9640376
25,103,2,4894.0,4894.0,1.0
25,104,0,4370.0,4964.0,0.88033843
25,104,1,4718.0,4964.0,0.9504432
25,104,2,4964.0,4964.0,1.0
25,105,0,4370.0,5015.0,0.8713858
25,105,1,4718.0,5015.0,0.94077766
25,105,2,5015.0,5015.0,1.0
25,106,0,4370.0,5088.0,0.8588836
25,106,1,4718.0,5088.0,0.9272799
25,106,2,5088.0,5088.0,1.0
25,107,0,4370.0,5138.0,0.8505255
25,107,1,5138.0,5138.0,1.0
25,107,2,5088.0,5138.0,0.9902686
25,108,0,4370.0,5206.0,0.8394161
25,108,1,5138.0,5206.0,0.9869381
25,108,2,5206.0,5206.0,1.0
25,109,0,4370.0,5243.0,0.8334923
25,109,1,5243.0,5243.0,1.0
25,109,2,5206.0,5243.0,0.992943
25,110,0,4370.0,5283.0,0.8271815
25,110,1,5243.0,5283.0,0.99242854
25,110,2,5283.0,5283.0,1.0
25,111,0,4370.0,5320.0,0.8214286
25,111,1,5320.0,5320.0,1.0
25,111,2,5283.0,5320.0,0.9930451
25,112,0,4370.0,5370.0,0.81378025
25,112,1,5320.0,5370.0,0.99068904
25,112,2,5370.0,5370.0,1.0
25,113,0,4370.0,5405.0,0.80851066
25,113,1,5405.0,5405.0,1.0
25,113,2,5370.0,5405.0,0.9935245
25,114,0,4370.0,5437.0,0.80375206
25,114,1,5437.0,5437.0,1.0
25,114,2,5370.0,5437.0,0.98767704
25,115,0,4370.0,5475.0,0.7981735
25,115,1,5475.0,5475.0,1.0
25,115,2,5370.0,5475.0,0.9808219
25,116,0,4370.0,5541.0,0.7886663
25,116,1,5475.0,5541.0,0.9880888
25,116,2,5541.0,5541.0,1.0
25,117,0,4370.0,5578.0,0.7834349
25,117,1,5578.0,5578.0,1.0
25,117,2,5541.0,5578.0,0.9933668
25,118,0,4370.0,5623.0,0.77716523
25,118,1,5623.0,5623.0,1.0
25,118,2,5541.0,5623.0,0.985417
25,119,0,4370.0,5656.0,0.7726308
25,119,1,5656.0,5656.0,1.0
25,119,2,5541.0,5656.0,0.9796676
25,120,0,4370.0,5689.0,0.7681491
25,120,1,5656.0,5689.0,0.99419934
25,120,2,5689.0,5689.0,1.0
25,121,0,4370.0,5734.0,0.76212066
25,121,1,5734.0,5734.0,1.0
25,121,2,5689.0,5734.0,0.9921521
25,122,0,4370.0,5772.0,0.75710326
25,122,1,5772.0,5772.0,1.0
25,122,2,5689.0,5772.0,0.98562026
25,123,0,4370.0,5816.0,0.7513755
25,123,1,5816.0,5816.0,1.0
25,123,2,5689.0,5816.0,0.97816366
25,124,0,4370.0,5858.0,0.74598837
25,124,1,5858.0,5858.0,1.0
25,124,2,5689.0,5858.0,0.9711506
25,125,0,4370.0,5902.0,0.74042696
25,125,1,5902.0,5902.0,1.0
25,125,2,5689.0,5902.0,0.9639105
25,126,0,4370.0,5947.0,0.7348243
25,126,1,5947.0,5947.0,1.0
25,126,2,5689.0,5947.0,0.95661676
25,127,0,4370.0,5988.0,0.7297929
25,127,1,5947.0,5988.0,0.993153
25,127,2,5988.0,5988.0,1.0
25,128,0,4370.0,6030.0,0.7247098
25,128,1,6030.0,6030.0,1.0
25,128,2,5988.0,6030.0,0.99303484
25,129,0,4370.0,6079.0,0.71886826
25,129,1,6079.0,6079.0,1.0
25,129,2,5988.0,6079.0,0.9850304
25,130,0,4370.0,6120.0,0.71405226
25,130,1,6120.0,6120.0,1.0
25,130,2,5988.0,6120.0,0.97843134
25,131,0,4370.0,6150.0,0.7105691
25,131,1,6150.0,6150.0,1.0
25,131,2,5988.0,6150.0,0.97365856
25,132,0,4370.0,6182.0,0.706891
25,132,1,6182.0,6182.0,1.0
25,132,2,5988.0,6182.0,0.9686186
25,133,0,4370.0,6226.0,0.7018953
25,133,1,6226.0,6226.0,1.0
25,133,2,5988.0,6226.0,0.9617732
25,134,0,4370.0,6267.0,0.69730335
25,134,1,6267.0,6267.0,1.0
25,134,2,5988.0,6267.0,0.9554811
26,1,0,38.0,38.0,1.0
26,1,1,0.0,38.0,0.0
26,1,2,0.0,38.0,0.0
26,2,0,114.0,114.0,1.0
26,2,1,0.0,114.0,0.0
26,2,2,0.0,114.0,0.0
26,3,0,188.0,188.0,1.0
26,3,1,0.0,188.0,0.0
26,3,2,0.0,188.0,0.0
26,4,0,188.0,208.0,0.90384614
26,4,1,208.0,208.0,1.0
26,4,2,0.0,208.0,0.0
26,5,0,279.0,279.0,1.0
26,5,1,208.0,279.0,0.7455197
26,5,2,0.0,279.0,0.0
26,6,0,360.0,360.0,1.0
26,6,1,208.0,360.0,0.5777778
26,6,2,0.0,360.0,0.0
26,7,0,431.0,431.0,1.0
26,7,1,208.0,431.0,0.4825986
26,7,2,0.0,431.0,0.0
26,8,0,475.0,475.0,1.0
26,8,1,208.0,475.0,0.43789473
26,8,2,0.0,475.0,0.0
26,9,0,475.0,533.0,0.891182
26,9,1,208.0,533.0,0.3902439
26,9,2,533.0,533.0,1.0
26,10,0,594.0,594.0,1.0
26,10,1,208.0,594.0,0.35016835
26,10,2,533.0,594.0,0.8973064
26,11,0,594.0,627.0,0.94736844
26,11,1,627.0,627.0,1.0
26,11,2,533.0,627.0,0.8500797
26,12,0,707.0,707.0,1.0
26,12,1,627.0,707.0,0.8868458
26,12,2,533.0,707.0,0.7538897
26,13,0,707.0,750.0,0.94266665
26,13,1,750.0,750.0,1.0
26,13,2,533.0,750.0,0.71066666
26,14,0,822.0,822.0,1.0
26,14,1,750.0,822.0,0.91240877
26,14,2,533.0,822.0,0.6484185
26,15,0,884.0,884.0,1.0
26,15,1,750.0,884.0,0.84841627
26,15,2,533.0,884.0,0.60294116
26,16,0,884.0,926.0,0.9546436
26,16,1,926.0,926.0,1.0
26,16,2,533.0,926.0,0.57559395
26,17,0,884.0,986.0,0.8965517
26,17,1,926.0,986.0,0.93914807
26,17,2,986.0,986.0,1.0
26,18,0,884.0,1021.0,0.86581784
26,18,1,1021.0,1021.0,1.0
26,18,2,986.0,1021.0,0.9657199
26,19,0,884.0,1066.0,0.8292683
26,19,1,1066.0,1066.0,1.0
26,19,2,986.0,1066.0,0.9249531
26,20,0,884.0,1119.0,0.7899911
26,20,1,1066.0,1119.0,0.9526363
26,20,2,1119.0,1119.0,1.0
26,21,0,884.0,1159.0,0.7627265
26,21,1,1159.0,1159.0,1.0
26,21,2,1119.0,1159.0,0.9654875
26,22,0,884.0,1232.0,0.71753246
26,22,1,1159.0,1232.0,0.9407467
26,22,2,1232.0,1232.0,1.0
26,23,0,884.0,1278.0,0.69170576
26,23,1,1278.0,1278.0,1.0
26,23,2,1232.0,1278.0,0.96400625
26,24,0,884.0,1314.0,0.67275494
26,24,1,1314.0,1314.0,1.0
26,24,2,1232.0,1314.0,0.9375951
26,25,0,884.0,1368.0,0.6461988
26,25,1,1314.0,1368.0,0.9605263
26,25,2,1368.0,1368.0,1.0
26,26,0,884.0,1417.0,0.6238532
26,26,1,1314.0,1417.0,0.92731124
26,26,2,1417.0,1417.0,1.0
26,27,0,884.0,1465.0,0.603413
26,27,1,1465.0,1465.0,1.0
26,27,2,1417.0,1465.0,0.9672355
26,28,0,884.0,1509.0,0.5858184
26,28,1,1465.0,1509.0,0.97084165
26,28,2,1509.0,1509.0,1.0
26,29,0,1567.0,1567.0,1.0
26,29,1,1465.0,1567.0,0.9349075
26,29,2,1509.0,1567.0,0.9629866
26,30,0,1630.0,1630.0,1.0
26,30,1,1465.0,1630.0,0.898773
26,30,2,1509.0,1630.0,0.9257669
26,31,0,1630.0,1663.0,0.98015636
26,31,1,1663.0,1663.0,1.0
26,31,2,1509.0,1663.0,0.90739626
26,32,0,1630.0,1733.0,0.94056547
26,32,1,1663.0,1733.0,0.9596076
26,32,2,1733.0,1733.0,1.0
26,33,0,1630.0,1764.0,0.92403626
26,33,1,1764.0,1764.0,1.0
26,33,2,1733.0,1764.0,0.9824263
26,34,0,1819.0,1819.0,1.0
26,34,1,1764.0,1819.0,0.9697636
26,34,2,1733.0,1819.0,0.9527213
26,35,0,1819.0,1867.0,0.9742903
26,35,1,1867.0,1867.0,1.0
26,35,2,1733.0,1867.0,0.9282271
26,36,0,1819.0,1924.0,0.94542617
26,36,1,1867.0,1924.0,0.9703742
26,36,2,1924.0,1924.0,1.0
26,37,0,1819.0,1965.0,0.9256998
26,37,1,1867.0,1965.0,0.95012724
26,37,2,1965.0,1965.0,1.0
26,38,0,1819.0,2021.0,0.9000495
26,38,1,1867.0,2021.0,0.9238001
26,38,2,2021.0,2021.0,1.0
26,39,0,1819.0,2071.0,0.8783197
26,39,1,2071.0,2071.0,1.0
26,39,2,2021.0,2071.0,0.9758571
26,40,0,1819.0,2113.0,0.86086136
26,40,1,2113.0,2113.0,1.0
26,40,2,2021.0,2113.0,0.95646
26,41,0,1819.0,2144.0,0.8484142
26,41,1,2144.0,2144.0,1.0
26,41,2,2021.0,2144.0,0.9426306
26,42,0,1819.0,2179.0,0.8347866
26,42,1,2179.0,2179.0,1.0
26,42,2,2021.0,2179.0,0.9274897
26,43,0,1819.0,2247.0,0.8095238
26,43,1,2179.0,2247.0,0.9697374
26,43,2,2247.0,2247.0,1.0
26,44,0,1819.0,2284.0,0.7964098
26,44,1,2179.0,2284.0,0.954028
26,44,2,2284.0,2284.0,1.0
26,45,0,1819.0,2334.0,0.77934873
26,45,1,2334.0,2334.0,1.0
26,45,2,2284.0,2334.0,0.97857755
26,46,0,1819.0,2372.0,0.7668634
26,46,1,2372.0,2372.0,1.0
26,46,2,2284.0,2372.0,0.9629005
26,47,0,1819.0,2412.0,0.7541459
26,47,1,2372.0,2412.0,0.98341626
26,47,2,2412.0,2412.0,1.0
26,48,0,1819.0,2454.0,0.7412388
26,48,1,2454.0,2454.0,1.0
26,48,2,2412.0,2454.0,0.98288506
26,49,0,2519.0,2519.0,1.0
26,49,1,2454.0,2519.0,0.97419614
26,49,2,2412.0,2519.0,0.9575228
26,50,0,2519.0,2556.0,0.98552424
26,50,1,2556.0,2556.0,1.0
26,50,2,2412.0,2556.0,0.943662
26,51,0,2612.0,2612.0,1.0
26,51,1,2556.0,2612.0,0.9785605
26,51,2,2412.0,2612.0,0.9234303
26,52,0,2612.0,2647.0,0.9867775
26,52,1,2647.0,2647.0,1.0
26,52,2,2412.0,2647.0,0.91122025
26,53,0,2612.0,2716.0,0.96170837
26,53,1,2647.0,2716.0,0.974595
26,53,2,2716.0,2716.0,1.0
26,54,0,2612.0,2749.0,0.9501637
26,54,1,2749.0,2749.0,1.0
26,54,2,2716.0,2749.0,0.9879956
26,55,0,2612.0,2790.0,0.93620074
26,55,1,2790.0,2790.0,1.0
26,55,2,2716.0,2790.0,0.9734767
26,56,0,2612.0,2827.0,0.92394763
26,56,1,2790.0,2827.0,0.9869119
26,56,2,2827.0,2827.0,1.0
26,57,0,2612.0,2865.0,0.91169286
26,57,1,2865.0,2865.0,1.0
26,57,2,2827.0,2865.0,0.9867365
26,58,0,2945.0,2945.0,1.0
26,58,1,2865.0,2945.0,0.9728353
26,58,2,2827.0,2945.0,0.9599321
26,59,0,2945.0,2978.0,0.9889187
26,59,1,2978.0,2978.0,1.0
26,59,2,2827.0,2978.0,0.9492948
26,60,0,2945.0,3021.0,0.9748428
26,60,1,3021.0,3021.0,1.0
26,60,2,2827.0,3021.0,0.93578285
26,61,0,3072.0,3072.0,1.0
26,61,1,3021.0,3072.0,0.98339844
26,61,2,2827.0,3072.0,0.9202474
26,62,0,3072.0,3102.0,0.99032885
26,62,1,3102.0,3102.0,1.0
26,62,2,2827.0,3102.0,0.9113475
26,63,0,3072.0,3144.0,0.97709924
26,63,1,3144.0,3144.0,1.0
26,63,2,2827.0,3144.0,0.899173
26,64,0,3072.0,3193.0,0.9621046
26,64,1,3193.0,3193.0,1.0
26,64,2,2827.0,3193.0,0.88537425
26,65,0,3072.0,3229.0,0.9513781
26,65,1,3229.0,3229.0,1.0
26,65,2,2827.0,3229.0,0.87550324
26,66,0,3072.0,3259.0,0.94262046
26,66,1,3259.0,3259.0,1.0
26,66,2,2827.0,3259.0,0.867444
26,67,0,3072.0,3291.0,0.9334549
26,67,1,3291.0,3291.0,1.0
26,67,2,2827.0,3291.0,0.85900944
26,68,0,3072.0,3328.0,0.9230769
26,68,1,3328.0,3328.0,1.0
26,68,2,2827.0,3328.0,0.8494591
26,69,0,3072.0,3396.0,0.90459365
26,69,1,3328.0,3396.0,0.9799764
26,69,2,3396.0,3396.0,1.0
26,70,0,3072.0,3447.0,0.8912097
26,70,1,3328.0,3447.0,0.9654772
26,70,2,3447.0,3447.0,1.0
26,71,0,3072.0,3482.0,0.88225156
26,71,1,3482.0,3482.0,1.0
26,71,2,3447.0,3482.0,0.98994833
26,72,0,3072.0,3520.0,0.8727273
26,72,1,3520.0,3520.0,1.0
26,72,2,3447.0,3520.0,0.97926134
26,73,0,3072.0,3557.0,0.86364913
26,73,1,3520.0,3557.0,0.989598
26,73,2,3557.0,3557.0,1.0
26,74,0,3072.0,3602.0,0.8528595
26,74,1,3602.0,3602.0,1.0
26,74,2,3557.0,3602.0,0.9875069
26,75,0,3072.0,3652.0,0.8411829
26,75,1,3652.0,3652.0,1.0
26,75,2,3557.0,3652.0,0.97398686
26,76,0,3072.0,3694.0,0.83161885
26,76,1,3694.0,3694.0,1.0
26,76,2,3557.0,3694.0,0.96291286
26,77,0,3072.0,3726.0,0.82447666
26,77,1,3726.0,3726.0,1.0
26,77,2,3557.0,3726.0,0.9546431
26,78,0,3072.0,3756.0,0.81789136
26,78,1,3756.0,3756.0,1.0
26,78,2,3557.0,3756.0,0.9470181
26,79,0,3072.0,3811.0,0.8060876
26,79,1,3756.0,3811.0,0.9855681
26,79,2,3811.0,3811.0,1.0
26,80,0,3072.0,3855.0,0.79688716
26,80,1,3855.0,3855.0,1.0
26,80,2,3811.0,3855.0,0.98858625
26,81,0,3072.0,3920.0,0.78367347
26,81,1,3855.0,3920.0,0.98341835
26,81,2,3920.0,3920.0,1.0
26,82,0,3072.0,3959.0,0.77595353
26,82,1,3855.0,3959.0,0.97373074
26,82,2,3959.0,3959.0,1.0
26,83,0,3072.0,4000.0,0.768
26,83,1,4000.0,4000.0,1.0
26,83,2,3959.0,4000.0,0.98975
26,84,0,3072.0,4056.0,0.75739646
26,84,1,4000.0,4056.0,0.9861933
26,84,2,4056.0,4056.0,1.0
26,85,0,3072.0,4130.0,0.7438257
26,85,1,4000.0,4130.0,0.968523
26,85,2,4130.0,4130.0,1.0
26,86,0,3072.0,4161.0,0.73828405
26,86,1,4161.0,4161.0,1.0
26,86,2,4130.0,4161.0,0.9925499
26,87,0,3072.0,4210.0,0.7296912
26,87,1,4161.0,4210.0,0.98836106
26,87,2,4210.0,4210.0,1.0
26,88,0,3072.0,4247.0,0.72333413
26,88,1,4247.0,4247.0,1.0
26,88,2,4210.0,4247.0,0.99128795
26,89,0,3072.0,4288.0,0.7164179
26,89,1,4288.0,4288.0,1.0
26,89,2,4210.0,4288.0,0.9818097
26,90,0,3072.0,4331.0,0.709305
26,90,1,4288.0,4331.0,0.9900716
26,90,2,4331.0,4331.0,1.0
26,91,0,4390.0,4390.0,1.0
26,91,1,4288.0,4390.0,0.9767654
26,91,2,4331.0,4390.0,0.98656034
26,92,0,4390.0,4430.0,0.9909707
26,92,1,4288.0,4430.0,0.9679458
26,92,2,4430.0,4430.0,1.0
26,93,0,4390.0,4467.0,0.98276246
26,93,1,4467.0,4467.0,1.0
26,93,2,4430.0,4467.0,0.99171704
26,94,0,4390.0,4499.0,0.9757724
26,94,1,4499.0,4499.0,1.0
26,94,2,4430.0,4499.0,0.98466325
26,95,0,4390.0,4549.0,0.96504724
26,95,1,4549.0,4549.0,1.0
26,95,2,4430.0,4549.0,0.9738404
26,96,0,4390.0,4591.0,0.95621866
26,96,1,4591.0,4591.0,1.0
26,96,2,4430.0,4591.0,0.96493137
26,97,0,4390.0,4652.0,0.94368017
26,97,1,4591.0,4652.0,0.98688734
26,97,2,4652.0,4652.0,1.0
26,98,0,4390.0,4685.0,0.93703306
26,98,1,4591.0,4685.0,0.97993594
26,98,2,4685.0,4685.0,1.0
26,99,0,4390.0,4730.0,0.9281184
26,99,1,4730.0,4730.0,1.0
26,99,2,4685.0,4730.0,0.99048626
26,100,0,4390.0,4770.0,0.9203354
26,100,1,4730.0,4770.0,0.9916143
26,100,2,4770.0,4770.0,1.0
26,101,0,4390.0,4811.0,0.9124922
26,101,1,4811.0,4811.0,1.0
26,101,2,4770.0,4811.0,0.99147785
26,102,0,4390.0,4844.0,0.9062758
26,102,1,4844.0,4844.0,1.0
26,102,2,4770.0,4844.0,0.9847234
26,103,0,4390.0,4886.0,0.8984855
26,103,1,4886.0,4886.0,1.0
26,103,2,4770.0,4886.0,0.9762587
26,104,0,4390.0,4931.0,0.89028597
26,104,1,4886.0,4931.0,0.99087405
26,104,2,4931.0,4931.0,1.0
26,105,0,4390.0,4976.0,0.88223475
26,105,1,4886.0,4976.0,0.9819132
26,105,2,4976.0,4976.0,1.0
26,106,0,4390.0,5009.0,0.87642246
26,106,1,5009.0,5009.0,1.0
26,106,2,4976.0,5009.0,0.99341184
26,107,0,4390.0,5052.0,0.86896276
26,107,1,5052.0,5052.0,1.0
26,107,2,4976.0,5052.0,0.98495644
26,108,0,4390.0,5101.0,0.86061555
26,108,1,5101.0,5101.0,1.0
26,108,2,4976.0,5101.0,0.975495
26,109,0,4390.0,5143.0,0.8535874
26,109,1,5101.0,5143.0,0.99183357
26,109,2,5143.0,5143.0,1.0
26,110,0,4390.0,5177.0,0.84798145
26,110,1,5177.0,5177.0,1.0
26,110,2,5143.0,5177.0,0.99343246
26,111,0,4390.0,5246.0,0.83682805
26,111,1,5177.0,5246.0,0.9868471
26,111,2,5246.0,5246.0,1.0
26,112,0,5321.0,5321.0,1.0
26,112,1,5177.0,5321.0,0.9729374
26,112,2,5246.0,5321.0,0.98590493
26,113,0,5321.0,5364.0,0.9919836
26,113,1,5364.0,5364.0,1.0
26,113,2,5246.0,5364.0,0.9780015
26,114,0,5321.0,5404.0,0.984641
26,114,1,5404.0,5404.0,1.0
26,114,2,5246.0,5404.0,0.9707624
26,115,0,5321.0,5448.0,0.9766887
26,115,1,5448.0,5448.0,1.0
26,115,2,5246.0,5448.0,0.96292216
26,116,0,5321.0,5482.0,0.9706312
26,116,1,5482.0,5482.0,1.0
26,116,2,5246.0,5482.0,0.95695
26,117,0,5321.0,5555.0,0.9578758
26,117,1,5482.0,5555.0,0.98685867
26,117,2,5555.0,5555.0,1.0
26,118,0,5321.0,5594.0,0.9511977
26,118,1,5482.0,5594.0,0.97997856
26,118,2,5594.0,5594.0,1.0
26,119,0,5321.0,5632.0,0.9447798
26,119,1,5632.0,5632.0,1.0
26,119,2,5594.0,5632.0,0.9932528
26,120,0,5321.0,5672.0,0.9381171
26,120,1,5672.0,5672.0,1.0
26,120,2,5594.0,5672.0,0.98624825
26,121,0,5321.0,5736.0,0.9276499
26,121,1,5672.0,5736.0,0.9888424
26,121,2,5736.0,5736.0,1.0
26,122,0,5321.0,5779.0,0.9207475
26,122,1,5779.0,5779.0,1.0
26,122,2,5736.0,5779.0,0.99255925
26,123,0,5321.0,5834.0,0.9120672
26,123,1,5779.0,5834.0,0.9905725
26,123,2,5834.0,5834.0,1.0
26,124,0,5321.0,5880.0,0.90493196
26,124,1,5880.0,5880.0,1.0
26,124,2,5834.0,5880.0,0.9921769
26,125,0,5321.0,5916.0,0.89942527
26,125,1,5880.0,5916.0,0.9939148
26,125,2,5916.0,5916.0,1.0
26,126,0,5321.0,5966.0,0.89188737
26,126,1,5966.0,5966.0,1.0
26,126,2,5916.0,5966.0,0.99161917
26,127,0,5321.0,6008.0,0.8856525
26,127,1,5966.0,6008.0,0.9930093
26,127,2,6008.0,6008.0,1.0
26,128,0,5321.0,6058.0,0.8783427
26,128,1,6058.0,6058.0,1.0
26,128,2,6008.0,6058.0,0.9917464
26,129,0,5321.0,6102.0,0.87200916
26,129,1,6102.0,6102.0,1.0
26,129,2,6008.0,6102.0,0.98459524
26,130,0,5321.0,6135.0,0.8673187
26,130,1,6135.0,6135.0,1.0
26,130,2,6008.0,6135.0,0.9792991
26,131,0,5321.0,6165.0,0.86309814
26,131,1,6165.0,6165.0,1.0
26,131,2,6008.0,6165.0,0.9745337
26,132,0,5321.0,6221.0,0.85532874
26,132,1,6165.0,6221.0,0.9909982
26,132,2,6221.0,6221.0,1.0
26,133,0,5321.0,6266.0,0.84918606
26,133,1,6266.0,6266.0,1.0
26,133,2,6221.0,6266.0,0.99281836
26,134,0,5321.0,6302.0,0.84433514
26,134,1,6266.0,6302.0,0.99428755
26,134,2,6302.0,6302.0,1.0
27,1,0,35.0,35.0,1.0
27,1,1,0.0,35.0,0.0
27,1,2,0.0,35.0,0.0
27,2,0,83.0,83.0,1.0
27,2,1,0.0,83.0,0.0
27,2,2,0.0,83.0,0.0
27,3,0,83.0,96.0,0.8645833
27,3,1,96.0,96.0,1.0
27,3,2,0.0,96.0,0.0
27,4,0,83.0,131.0,0.6335878
27,4,1,96.0,131.0,0.73282444
27,4,2,131.0,131.0,1.0
27,5,0,193.0,193.0,1.0
27,5,1,96.0,193.0,0.4974093
27,5,2,131.0,193.0,0.6787565
27,6,0,193.0,231.0,0.83549786
27,6,1,231.0,231.0,1.0
27,6,2,131.0,231.0,0.5670996
27,7,0,290.0,290.0,1.0
27,7,1,231.0,290.0,0.7965517
27,7,2,131.0,290.0,0.45172414
27,8,0,353.0,353.0,1.0
27,8,1,231.0,353.0,0.65439093
27,8,2,131.0,353.0,0.3711048
27,9,0,353.0,387.0,0.9121447
27,9,1,231.0,387.0,0.5968992
27,9,2,387.0,387.0,1.0
27,10,0,353.0,430.0,0.82093024
27,10,1,430.0,430.0,1.0
27,10,2,387.0,430.0,0.9
27,11,0,496.0,496.0,1.0
27,11,1,430.0,496.0,0.8669355
27,11,2,387.0,496.0,0.7802419
27,12,0,554.0,554.0,1.0
27,12,1,430.0,554.0,0.7761733
27,12,2,387.0,554.0,0.69855595
27,13,0,554.0,587.0,0.9437819
27,13,1,587.0,587.0,1.0
27,13,2,387.0,587.0,0.6592845
27,14,0,661.0,661.0,1.0
27,14,1,587.0,661.0,0.8880484
27,14,2,387.0,661.0,0.5854766
27,15,0,661.0,701.0,0.9429387
27,15,1,701.0,701.0,1.0
27,15,2,387.0,701.0,0.5520685
27,16,0,661.0,743.0,0.88963664
27,16,1,701.0,743.0,0.9434724
27,16,2,743.0,743.0,1.0
27,17,0,661.0,783.0,0.844189
27,17,1,783.0,783.0,1.0
27,17,2,743.0,783.0,0.9489144
27,18,0,823.0,823.0,1.0
27,18,1,783.0,823.0,0.9513973
27,18,2,743.0,823.0,0.90279466
27,19,0,903.0,903.0,1.0
27,19,1,783.0,903.0,0.86710966
27,19,2,743.0,903.0,0.82281286
27,20,0,903.0,972.0,0.92901236
27,20,1,783.0,972.0,0.8055556
27,20,2,972.0,972.0,1.0
27,21,0,903.0,1013.0,0.89141166
27,21,1,1013.0,1013.0,1.0
27,21,2,972.0,1013.0,0.9595262
27,22,0,1072.0,1072.0,1.0
27,22,1,1013.0,1072.0,0.9449627
27,22,2,972.0,1072.0,0.9067164
27,23,0,1072.0,1105.0,0.97013575
27,23,1,1105.0,1105.0,1.0
27,23,2,972.0,1105.0,0.879638
27,24,0,1072.0,1178.0,0.91001695
27,24,1,1105.0,1178.0,0.93803054
27,24,2,1178.0,1178.0,1.0
27,25,0,1072.0,1208.0,0.8874172
27,25,1,1208.0,1208.0,1.0
27,25,2,1178.0,1208.0,0.97516555
27,26,0,1072.0,1246.0,0.8603531
27,26,1,1246.0,1246.0,1.0
27,26,2,1178.0,1246.0,0.94542533
27,27,0,1327.0,1327.0,1.0
27,27,1,1246.0,1327.0,0.9389601
27,27,2,1178.0,1327.0,0.88771665
27,28,0,1327.0,1372.0,0.9672012
27,28,1,1372.0,1372.0,1.0
27,28,2,1178.0,1372.0,0.85860056
27,29,0,1327.0,1414.0,0.9384724
27,29,1,1372.0,1414.0,0.97029704
27,29,2,1414.0,1414.0,1.0
27,30,0,1485.0,1485.0,1.0
27,30,1,1372.0,1485.0,0.92390573
27,30,2,1414.0,1485.0,0.95218855
27,31,0,1561.0,1561.0,1.0
27,31,1,1372.0,1561.0,0.8789238
27,31,2,1414.0,1561.0,0.9058296
27,32,0,1561.0,1597.0,0.97745776
27,32,1,1597.0,1597.0,1.0
27,32,2,1414.0,1597.0,0.88541013
27,33,0,1561.0,1653.0,0.9443436
27,33,1,1597.0,1653.0,0.9661222
27,33,2,1653.0,1653.0,1.0
27,34,0,1561.0,1695.0,0.920944
27,34,1,1695.0,1695.0,1.0
27,34,2,1653.0,1695.0,0.9752212
27,35,0,1561.0,1731.0,0.90179086
27,35,1,1731.0,1731.0,1.0
27,35,2,1653.0,1731.0,0.95493937
27,36,0,1561.0,1766.0,0.88391846
27,36,1,1766.0,1766.0,1.0
27,36,2,1653.0,1766.0,0.9360136
27,37,0,1561.0,1811.0,0.86195475
27,37,1,1811.0,1811.0,1.0
27,37,2,1653.0,1811.0,0.91275537
27,38,0,1561.0,1854.0,0.84196335
27,38,1,1854.0,1854.0,1.0
27,38,2,1653.0,1854.0,0.89158577
27,39,0,1911.0,1911.0,1.0
27,39,1,1854.0,1911.0,0.9701727
27,39,2,1653.0,1911.0,0.86499214
27,40,0,1911.0,1948.0,0.98100615
27,40,1,1854.0,1948.0,0.9517454
27,40,2,1948.0,1948.0,1.0
27,41,0,1911.0,1993.0,0.958856
27,41,1,1993.0,1993.0,1.0
27,41,2,1948.0,1993.0,0.977421
27,42,0,1911.0,2032.0,0.94045275
27,42,1,1993.0,2032.0,0.98080707
27,42,2,2032.0,2032.0,1.0
27,43,0,2103.0,2103.0,1.0
27,43,1,1993.0,2103.0,0.94769377
27,43,2,2032.0,2103.0,0.9662387
27,44,0,2103.0,2136.0,0.98455054
27,44,1,2136.0,2136.0,1.0
27,44,2,2032.0,2136.0,0.9513109
27,45,0,2103.0,2185.0,0.9624714
27,45,1,2136.0,2185.0,0.97757435
27,45,2,2185.0,2185.0,1.0
27,46,0,2103.0,2218.0,0.94815147
27,46,1,2218.0,2218.0,1.0
27,46,2,2185.0,2218.0,0.9851217
27,47,0,2103.0,2274.0,0.9248021
27,47,1,2218.0,2274.0,0.9753738
27,47,2,2274.0,2274.0,1.0
27,48,0,2103.0,2347.0,0.8960375
27,48,1,2218.0,2347.0,0.94503623
27,48,2,2347.0,2347.0,1.0
27,49,0,2103.0,2411.0,0.87225217
27,49,1,2218.0,2411.0,0.91995025
27,49,2,2411.0,2411.0,1.0
27,50,0,2103.0,2451.0,0.85801715
27,50,1,2451.0,2451.0,1.0
27,50,2,2411.0,2451.0,0.9836801
27,51,0,2103.0,2488.0,0.8452572
27,51,1,2488.0,2488.0,1.0
27,51,2,2411.0,2488.0,0.9690514
27,52,0,2553.0,2553.0,1.0
27,52,1,2488.0,2553.0,0.97453976
27,52,2,2411.0,2553.0,0.94437915
27,53,0,2553.0,2603.0,0.9807914
27,53,1,2603.0,2603.0,1.0
27,53,2,2411.0,2603.0,0.92623895
27,54,0,2553.0,2653.0,0.9623068
27,54,1,2653.0,2653.0,1.0
27,54,2,2411.0,2653.0,0.9087825
27,55,0,2718.0,2718.0,1.0
27,55,1,2653.0,2718.0,0.97608536
27,55,2,2411.0,2718.0,0.8870493
27,56,0,2718.0,2754.0,0.9869281
27,56,1,2754.0,2754.0,1.0
27,56,2,2411.0,2754.0,0.8754539
27,57,0,2718.0,2814.0,0.96588486
27,57,1,2754.0,2814.0,0.97867805
27,57,2,2814.0,2814.0,1.0
27,58,0,2718.0,2864.0,0.94902235
27,58,1,2864.0,2864.0,1.0
27,58,2,2814.0,2864.0,0.9825419
27,59,0,2718.0,2905.0,0.93562824
27,59,1,2864.0,2905.0,0.9858864
27,59,2,2905.0,2905.0,1.0
27,60,0,2718.0,2956.0,0.9194858
27,60,1,2864.0,2956.0,0.96887684
27,60,2,2956.0,2956.0,1.0
27,61,0,2718.0,2994.0,0.90781564
27,61,1,2994.0,2994.0,1.0
27,61,2,2956.0,2994.0,0.98730797
27,62,0,2718.0,3040.0,0.89407897
27,62,1,3040.0,3040.0,1.0
27,62,2,2956.0,3040.0,0.9723684
27,63,0,2718.0,3075.0,0.88390243
27,63,1,3075.0,3075.0,1.0
27,63,2,2956.0,3075.0,0.9613008
27,64,0,2718.0,3117.0,0.8719923
27,64,1,3117.0,3117.0,1.0
27,64,2,2956.0,3117.0,0.94834775
27,65,0,2718.0,3154.0,0.8617628
27,65,1,3154.0,3154.0,1.0
27,65,2,2956.0,3154.0,0.9372226
27,66,0,2718.0,3202.0,0.84884447
27,66,1,3154.0,3202.0,0.9850094
27,66,2,3202.0,3202.0,1.0
27,67,0,2718.0,3250.0,0.8363077
27,67,1,3250.0,3250.0,1.0
27,67,2,3202.0,3250.0,0.98523074
27,68,0,2718.0,3318.0,0.81916815
27,68,1,3250.0,3318.0,0.9795057
27,68,2,3318.0,3318.0,1.0
27,69,0,2718.0,3362.0,0.80844736
27,69,1,3250.0,3362.0,0.9666865
27,69,2,3362.0,3362.0,1.0
27,70,0,2718.0,3394.0,0.800825
27,70,1,3394.0,3394.0,1.0
27,70,2,3362.0,3394.0,0.9905716
27,71,0,2718.0,3429.0,0.79265094
27,71,1,3429.0,3429.0,1.0
27,71,2,3362.0,3429.0,0.98046076
27,72,0,2718.0,3467.0,0.7839631
27,72,1,3467.0,3467.0,1.0
27,72,2,3362.0,3467.0,0.96971446
27,73,0,2718.0,3515.0,0.7732575
27,73,1,3515.0,3515.0,1.0
27,73,2,3362.0,3515.0,0.9564723
27,74,0,2718.0,3570.0,0.76134455
27,74,1,3515.0,3570.0,0.9845938
27,74,2,3570.0,3570.0,1.0
27,75,0,2718.0,3619.0,0.7510362
27,75,1,3619.0,3619.0,1.0
27,75,2,3570.0,3619.0,0.9864603
27,76,0,2718.0,3656.0,0.74343544
27,76,1,3619.0,3656.0,0.98987967
27,76,2,3656.0,3656.0,1.0
27,77,0,3732.0,3732.0,1.0
27,77,1,3619.0,3732.0,0.9697213
27,77,2,3656.0,3732.0,0.9796356
27,78,0,3732.0,3772.0,0.98939556
27,78,1,3619.0,3772.0,0.95943797
27,78,2,3772.0,3772.0,1.0
27,79,0,3732.0,3837.0,0.97263485
27,79,1,3619.0,3837.0,0.9431848
27,79,2,3837.0,3837.0,1.0
27,80,0,3732.0,3871.0,0.96409196
27,80,1,3871.0,3871.0,1.0
27,80,2,3837.0,3871.0,0.9912167
27,81,0,3732.0,3940.0,0.9472081
27,81,1,3871.0,3940.0,0.9824873
27,81,2,3940.0,3940.0,1.0
27,82,0,3732.0,3995.0,0.9341677
27,82,1,3871.0,3995.0,0.9689612
27,82,2,3995.0,3995.0,1.0
27,83,0,4051.0,4051.0,1.0
27,83,1,3871.0,4051.0,0.9555665
27,83,2,3995.0,4051.0,0.98617625
27,84,0,4051.0,4086.0,0.99143416
27,84,1,4086.0,4086.0,1.0
27,84,2,3995.0,4086.0,0.97772884
27,85,0,4051.0,4119.0,0.9834911
27,85,1,4119.0,4119.0,1.0
27,85,2,3995.0,4119.0,0.9698956
27,86,0,4051.0,4176.0,0.970067
27,86,1,4119.0,4176.0,0.9863506
27,86,2,4176.0,4176.0,1.0
27,87,0,4051.0,4240.0,0.95542455
27,87,1,4119.0,4240.0,0.97146225
27,87,2,4240.0,4240.0,1.0
27,88,0,4051.0,4313.0,0.93925345
27,88,1,4119.0,4313.0,0.9550197
27,88,2,4313.0,4313.0,1.0
27,89,0,4051.0,4383.0,0.9242528
27,89,1,4119.0,4383.0,0.9397673
27,89,2,4383.0,4383.0,1.0
27,90,0,4051.0,4425.0,0.9154802
27,90,1,4425.0,4425.0,1.0
27,90,2,4383.0,4425.0,0.9905085
27,91,0,4051.0,4475.0,0.9052514
27,91,1,4475.0,4475.0,1.0
27,91,2,4383.0,4475.0,0.97944134
27,92,0,4051.0,4515.0,0.89723146
27,92,1,4475.0,4515.0,0.99114066
27,92,2,4515.0,4515.0,1.0
27,93,0,4051.0,4556.0,0.8891572
27,93,1,4556.0,4556.0,1.0
27,93,2,4515.0,4556.0,0.9910009
27,94,0,4051.0,4586.0,0.8833406
27,94,1,4586.0,4586.0,1.0
27,94,2,4515.0,4586.0,0.9845181
27,95,0,4051.0,4623.0,0.87627083
27,95,1,4586.0,4623.0,0.9919965
27,95,2,4623.0,4623.0,1.0
27,96,0,4051.0,4653.0,0.8706211
27,96,1,4653.0,4653.0,1.0
27,96,2,4623.0,4653.0,0.99355257
27,97,0,4051.0,4698.0,0.8622818
27,97,1,4698.0,4698.0,1.0
27,97,2,4623.0,4698.0,0.98403573
27,98,0,4051.0,4733.0,0.85590535
27,98,1,4733.0,4733.0,1.0
27,98,2,4623.0,4733.0,0.9767589
27,99,0,4051.0,4777.0,0.84802175
27,99,1,4777.0,4777.0,1.0
27,99,2,4623.0,4777.0,0.9677622
27,100,0,4051.0,4820.0,0.8404564
27,100,1,4820.0,4820.0,1.0
27,100,2,4623.0,4820.0,0.9591286
27,101,0,4051.0,4870.0,0.8318275
27,101,1,4870.0,4870.0,1.0
27,101,2,4623.0,4870.0,0.94928133
27,102,0,4051.0,4913.0,0.8245471
27,102,1,4870.0,4913.0,0.9912477
27,102,2,4913.0,4913.0,1.0
27,103,0,4051.0,4955.0,0.81755805
27,103,1,4955.0,4955.0,1.0
27,103,2,4913.0,4955.0,0.99152374
27,104,0,4051.0,4983.0,0.8129641
27,104,1,4983.0,4983.0,1.0
27,104,2,4913.0,4983.0,0.98595226
27,105,0,4051.0,5039.0,0.8039293
27,105,1,4983.0,5039.0,0.98888665
27,105,2,5039.0,5039.0,1.0
27,106,0,4051.0,5080.0,0.79744095
27,106,1,5080.0,5080.0,1.0
27,106,2,5039.0,5080.0,0.9919291
27,107,0,4051.0,5134.0,0.7890534
27,107,1,5080.0,5134.0,0.98948187
27,107,2,5134.0,5134.0,1.0
27,108,0,4051.0,5188.0,0.7808404
27,108,1,5080.0,5188.0,0.9791827
27,108,2,5188.0,5188.0,1.0
27,109,0,4051.0,5232.0,0.7742737
27,109,1,5232.0,5232.0,1.0
27,109,2,5188.0,5232.0,0.9915902
27,110,0,4051.0,5272.0,0.76839906
27,110,1,5232.0,5272.0,0.99241275
27,110,2,5272.0,5272.0,1.0
27,111,0,4051.0,5313.0,0.7624694
27,111,1,5232.0,5313.0,0.9847544
27,111,2,5313.0,5313.0,1.0
27,112,0,4051.0,5353.0,0.7567719
27,112,1,5232.0,5353.0,0.97739583
27,112,2,5353.0,5353.0,1.0
27,113,0,4051.0,5385.0,0.7522748
27,113,1,5385.0,5385.0,1.0
27,113,2,5353.0,5385.0,0.9940576
27,114,0,4051.0,5417.0,0.7478309
27,114,1,5417.0,5417.0,1.0
27,114,2,5353.0,5417.0,0.98818535
27,115,0,4051.0,5460.0,0.7419414
27,115,1,5460.0,5460.0,1.0
27,115,2,5353.0,5460.0,0.98040295
27,116,0,4051.0,5497.0,0.7369474
27,116,1,5497.0,5497.0,1.0
27,116,2,5353.0,5497.0,0.9738039
27,117,0,4051.0,5533.0,0.7321525
27,117,1,5533.0,5533.0,1.0
27,117,2,5353.0,5533.0,0.9674679
27,118,0,4051.0,5575.0,0.72663677
27,118,1,5575.0,5575.0,1.0
27,118,2,5353.0,5575.0,0.9601794
27,119,0,4051.0,5617.0,0.7212035
27,119,1,5617.0,5617.0,1.0
27,119,2,5353.0,5617.0,0.95299983
27,120,0,4051.0,5651.0,0.7168643
27,120,1,5651.0,5651.0,1.0
27,120,2,5353.0,5651.0,0.947266
27,121,0,4051.0,5696.0,0.71120083
27,121,1,5696.0,5696.0,1.0
27,121,2,5353.0,5696.0,0.9397823
27,122,0,4051.0,5745.0,0.7051349
27,122,1,5745.0,5745.0,1.0
27,122,2,5353.0,5745.0,0.93176675
27,123,0,4051.0,5813.0,0.6968863
27,123,1,5745.0,5813.0,0.98830205
27,123,2,5813.0,5813.0,1.0
27,124,0,4051.0,5863.0,0.6909432
27,124,1,5863.0,5863.0,1.0
27,124,2,5813.0,5863.0,0.99147195
27,125,0,4051.0,5929.0,0.6832518
27,125,1,5863.0,5929.0,0.9888683
27,125,2,5929.0,5929.0,1.0
27,126,0,4051.0,5970.0,0.6785595
27,126,1,5970.0,5970.0,1.0
27,126,2,5929.0,5970.0,0.99313235
27,127,0,4051.0,6003.0,0.67482924
27,127,1,5970.0,6003.0,0.9945027
27,127,2,6003.0,6003.0,1.0
27,128,0,4051.0,6047.0,0.66991895
27,128,1,6047.0,6047.0,1.0
27,128,2,6003.0,6047.0,0.99272364
27,129,0,4051.0,6078.0,0.6665021
27,129,1,6047.0,6078.0,0.99489963
27,129,2,6078.0,6078.0,1.0
27,130,0,4051.0,6120.0,0.6619281
27,130,1,6120.0,6120.0,1.0
27,130,2,6078.0,6120.0,0.99313724
27,131,0,4051.0,6151.0,0.6585921
27,131,1,6151.0,6151.0,1.0
27,131,2,6078.0,6151.0,0.988132
27,132,0,4051.0,6184.0,0.65507764
27,132,1,6184.0,6184.0,1.0
27,132,2,6078.0,6184.0,0.982859
27,133,0,4051.0,6210.0,0.6523349
27,133,1,6210.0,6210.0,1.0
27,133,2,6078.0,6210.0,0.978744
27,134,0,4051.0,6242.0,0.6489907
27,134,1,6242.0,6242.0,1.0
27,134,2,6078.0,6242.0,0.9737264
28,1,0,31.0,31.0,1.0
28,1,1,0.0,31.0,0.0
28,1,2,0.0,31.0,0.0
28,2,0,105.0,105.0,1.0
28,2,1,0.0,105.0,0.0
28,2,2,0.0,105.0,0.0
28,3,0,105.0,118.0,0.8898305
28,3,1,118.0,118.0,1.0
28,3,2,0.0,118.0,0.0
28,4,0,105.0,160.0,0.65625
28,4,1,118.0,160.0,0.7375
28,4,2,160.0,160.0,1.0
28,5,0,225.0,225.0,1.0
28,5,1,118.0,225.0,0.52444446
28,5,2,160.0,225.0,0.7111111
28,6,0,284.0,284.0,1.0
28,6,1,118.0,284.0,0.41549295
28,6,2,160.0,284.0,0.5633803
28,7,0,359.0,359.0,1.0
28,7,1,118.0,359.0,0.3286908
28,7,2,160.0,359.0,0.44568247
28,8,0,421.0,421.0,1.0
28,8,1,118.0,421.0,0.28028503
28,8,2,160.0,421.0,0.3800475
28,9,0,501.0,501.0,1.0
28,9,1,118.0,501.0,0.23552895
28,9,2,160.0,501.0,0.31936127
28,10,0,501.0,546.0,0.9175824
28,10,1,546.0,546.0,1.0
28,10,2,160.0,546.0,0.2930403
28,11,0,501.0,585.0,0.85641026
28,11,1,546.0,585.0,0.93333334
28,11,2,585.0,585.0,1.0
28,12,0,501.0,620.0,0.8080645
28,12,1,620.0,620.0,1.0
28,12,2,585.0,620.0,0.9435484
28,13,0,501.0,656.0,0.7637195
28,13,1,656.0,656.0,1.0
28,13,2,585.0,656.0,0.8917683
28,14,0,737.0,737.0,1.0
28,14,1,656.0,737.0,0.890095
28,14,2,585.0,737.0,0.79375845
28,15,0,793.0,793.0,1.0
28,15,1,656.0,793.0,0.8272383
28,15,2,585.0,793.0,0.73770493
28,16,0,793.0,830.0,0.9554217
28,16,1,656.0,830.0,0.79036146
28,16,2,830.0,830.0,1.0
28,17,0,896.0,896.0,1.0
28,17,1,656.0,896.0,0.73214287
28,17,2,830.0,896.0,0.92633927
28,18,0,967.0,967.0,1.0
28,18,1,656.0,967.0,0.67838675
28,18,2,830.0,967.0,0.8583247
28,19,0,967.0,1005.0,0.9621891
28,19,1,1005.0,1005.0,1.0
28,19,2,830.0,1005.0,0.82587063
28,20,0,967.0,1056.0,0.9157197
28,20,1,1005.0,1056.0,0.95170456
28,20,2,1056.0,1056.0,1.0
28,21,0,967.0,1086.0,0.8904236
28,21,1,1086.0,1086.0,1.0
28,21,2,1056.0,1086.0,0.9723757
28,22,0,967.0,1120.0,0.86339283
28,22,1,1086.0,1120.0,0.9696429
28,22,2,1120.0,1120.0,1.0
28,23,0,967.0,1174.0,0.82367975
28,23,1,1086.0,1174.0,0.92504257
28,23,2,1174.0,1174.0,1.0
28,24,0,967.0,1217.0,0.7945768
28,24,1,1217.0,1217.0,1.0
28,24,2,1174.0,1217.0,0.9646672
28,25,0,1276.0,1276.0,1.0
28,25,1,1217.0,1276.0,0.95376176
28,25,2,1174.0,1276.0,0.9200627
28,26,0,1276.0,1322.0,0.96520424
28,26,1,1322.0,1322.0,1.0
28,26,2,1174.0,1322.0,0.8880484
28,27,0,1387.0,1387.0,1.0
28,27,1,1322.0,1387.0,0.95313627
28,27,2,1174.0,1387.0,0.84643114
28,28,0,1387.0,1429.0,0.97060883
28,28,1,1429.0,1429.0,1.0
28,28,2,1174.0,1429.0,0.8215535
28,29,0,1387.0,1489.0,0.93149763
28,29,1,1429.0,1489.0,0.9597045
28,29,2,1489.0,1489.0,1.0
28,30,0,1387.0,1525.0,0.90950817
28,30,1,1525.0,1525.0,1.0
28,30,2,1489.0,1525.0,0.97639346
28,31,0,1387.0,1553.0,0.8931101
28,31,1,1553.0,1553.0,1.0
28,31,2,1489.0,1553.0,0.95878947
28,32,0,1387.0,1591.0,0.8717787
28,32,1,1591.0,1591.0,1.0
28,32,2,1489.0,1591.0,0.93588936
28,33,0,1387.0,1621.0,0.85564464
28,33,1,1621.0,1621.0,1.0
28,33,2,1489.0,1621.0,0.9185688
28,34,0,1387.0,1677.0,0.82707214
28,34,1,1621.0,1677.0,0.96660703
28,34,2,1677.0,1677.0,1.0
28,35,0,1387.0,1720.0,0.80639535
28,35,1,1720.0,1720.0,1.0
28,35,2,1677.0,1720.0,0.975
28,36,0,1387.0,1758.0,0.78896475
28,36,1,1758.0,1758.0,1.0
28,36,2,1677.0,1758.0,0.9539249
28,37,0,1387.0,1826.0,0.7595838
28,37,1,1758.0,1826.0,0.96276015
28,37,2,1826.0,1826.0,1.0
28,38,0,1387.0,1869.0,0.7421081
28,38,1,1758.0,1869.0,0.94060993
28,38,2,1869.0,1869.0,1.0
28,39,0,1387.0,1904.0,0.7284664
28,39,1,1904.0,1904.0,1.0
28,39,2,1869.0,1904.0,0.9816176
28,40,0,1967.0,1967.0,1.0
28,40,1,1904.0,1967.0,0.9679715
28,40,2,1869.0,1967.0,0.9501779
28,41,0,1967.0,2031.0,0.96848845
28,41,1,1904.0,2031.0,0.93746924
28,41,2,2031.0,2031.0,1.0
28,42,0,1967.0,2059.0,0.9553181
28,42,1,2059.0,2059.0,1.0
28,42,2,2031.0,2059.0,0.98640114
28,43,0,1967.0,2132.0,0.9226079
28,43,1,2059.0,2132.0,0.9657599
28,43,2,2132.0,2132.0,1.0
28,44,0,1967.0,2201.0,0.8936847
28,44,1,2059.0,2201.0,0.9354839
28,44,2,2201.0,2201.0,1.0
28,45,0,1967.0,2241.0,0.8777332
28,45,1,2241.0,2241.0,1.0
28,45,2,2201.0,2241.0,0.98215085
28,46,0,1967.0,2286.0,0.8604549
28,46,1,2241.0,2286.0,0.98031497
28,46,2,2286.0,2286.0,1.0
28,47,0,1967.0,2332.0,0.843482
28,47,1,2332.0,2332.0,1.0
28,47,2,2286.0,2332.0,0.98027444
28,48,0,1967.0,2382.0,0.82577664
28,48,1,2332.0,2382.0,0.9790092
28,48,2,2382.0,2382.0,1.0
28,49,0,1967.0,2424.0,0.81146866
28,49,1,2424.0,2424.0,1.0
28,49,2,2382.0,2424.0,0.9826733
28,50,0,1967.0,2465.0,0.7979716
28,50,1,2465.0,2465.0,1.0
28,50,2,2382.0,2465.0,0.9663286
28,51,0,1967.0,2513.0,0.7827298
28,51,1,2513.0,2513.0,1.0
28,51,2,2382.0,2513.0,0.9478711
28,52,0,1967.0,2550.0,0.77137256
28,52,1,2550.0,2550.0,1.0
28,52,2,2382.0,2550.0,0.9341177
28,53,0,1967.0,2584.0,0.7612229
28,53,1,2584.0,2584.0,1.0
28,53,2,2382.0,2584.0,0.9218266
28,54,0,1967.0,2648.0,0.7428248
28,54,1,2584.0,2648.0,0.9758308
28,54,2,2648.0,2648.0,1.0
28,55,0,1967.0,2692.0,0.7306835
28,55,1,2692.0,2692.0,1.0
28,55,2,2648.0,2692.0,0.9836553
28,56,0,1967.0,2765.0,0.7113924
28,56,1,2692.0,2765.0,0.97359854
28,56,2,2765.0,2765.0,1.0
28,57,0,1967.0,2815.0,0.69875664
28,57,1,2815.0,2815.0,1.0
28,57,2,2765.0,2815.0,0.982238
28,58,0,1967.0,2850.0,0.6901754
28,58,1,2850.0,2850.0,1.0
28,58,2,2765.0,2850.0,0.97017545
28,59,0,2908.0,2908.0,1.0
28,59,1,2850.0,2908.0,0.98005503
28,59,2,2765.0,2908.0,0.95082533
28,60,0,2963.0,2963.0,1.0
28,60,1,2850.0,2963.0,0.961863
28,60,2,2765.0,2963.0,0.93317586
28,61,0,2963.0,3003.0,0.98668
28,61,1,3003.0,3003.0,1.0
28,61,2,2765.0,3003.0,0.9207459
28,62,0,2963.0,3053.0,0.9705208
28,62,1,3053.0,3053.0,1.0
28,62,2,2765.0,3053.0,0.90566653
28,63,0,2963.0,3101.0,0.9554982
28,63,1,3101.0,3101.0,1.0
28,63,2,2765.0,3101.0,0.8916479
28,64,0,2963.0,3133.0,0.9457389
28,64,1,3133.0,3133.0,1.0
28,64,2,2765.0,3133.0,0.8825407
28,65,0,3205.0,3205.0,1.0
28,65,1,3133.0,3205.0,0.9775351
28,65,2,2765.0,3205.0,0.8627145
28,66,0,3205.0,3245.0,0.98767334
28,66,1,3245.0,3245.0,1.0
28,66,2,2765.0,3245.0,0.8520801
28,67,0,3205.0,3289.0,0.9744603
28,67,1,3289.0,3289.0,1.0
28,67,2,2765.0,3289.0,0.8406811
28,68,0,3365.0,3365.0,1.0
28,68,1,3289.0,3365.0,0.97741455
28,68,2,2765.0,3365.0,0.8216939
28,69,0,3365.0,3415.0,0.9853587
28,69,1,3289.0,3415.0,0.96310395
28,69,2,3415.0,3415.0,1.0
28,70,0,3365.0,3452.0,0.9747972
28,70,1,3452.0,3452.0,1.0
28,70,2,3415.0,3452.0,0.9892816
28,71,0,3365.0,3494.0,0.9630796
28,71,1,3452.0,3494.0,0.9879794
28,71,2,3494.0,3494.0,1.0
28,72,0,3365.0,3536.0,0.95164025
28,72,1,3536.0,3536.0,1.0
28,72,2,3494.0,3536.0,0.98812217
28,73,0,3365.0,3576.0,0.9409955
28,73,1,3536.0,3576.0,0.9888143
28,73,2,3576.0,3576.0,1.0
28,74,0,3365.0,3617.0,0.930329
28,74,1,3536.0,3617.0,0.97760576
28,74,2,3617.0,3617.0,1.0
28,75,0,3365.0,3657.0,0.92015314
28,75,1,3657.0,3657.0,1.0
28,75,2,3617.0,3657.0,0.9890621
28,76,0,3365.0,3712.0,0.9065194
28,76,1,3657.0,3712.0,0.9851832
28,76,2,3712.0,3712.0,1.0
28,77,0,3365.0,3748.0,0.8978122
28,77,1,3657.0,3748.0,0.9757204
28,77,2,3748.0,3748.0,1.0
28,78,0,3365.0,3798.0,0.88599265
28,78,1,3798.0,3798.0,1.0
28,78,2,3748.0,3798.0,0.9868352
28,79,0,3365.0,3835.0,0.87744457
28,79,1,3835.0,3835.0,1.0
28,79,2,3748.0,3835.0,0.97731423
28,80,0,3365.0,3871.0,0.86928445
28,80,1,3871.0,3871.0,1.0
28,80,2,3748.0,3871.0,0.96822524
28,81,0,3365.0,3913.0,0.859954
28,81,1,3913.0,3913.0,1.0
28,81,2,3748.0,3913.0,0.9578329
28,82,0,3365.0,3981.0,0.84526503
28,82,1,3913.0,3981.0,0.98291886
28,82,2,3981.0,3981.0,1.0
28,83,0,4057.0,4057.0,1.0
28,83,1,3913.0,4057.0,0.9645058
28,83,2,3981.0,4057.0,0.981267
28,84,0,4057.0,4098.0,0.9899951
28,84,1,4098.0,4098.0,1.0
28,84,2,3981.0,4098.0,0.9714495
28,85,0,4057.0,4128.0,0.98280036
28,85,1,4128.0,4128.0,1.0
28,85,2,3981.0,4128.0,0.96438956
28,86,0,4057.0,4163.0,0.9745376
28,86,1,4163.0,4163.0,1.0
28,86,2,3981.0,4163.0,0.95628154
28,87,0,4057.0,4206.0,0.9645744
28,87,1,4206.0,4206.0,1.0
28,87,2,3981.0,4206.0,0.946505
28,88,0,4284.0,4284.0,1.0
28,88,1,4206.0,4284.0,0.9817927
28,88,2,3981.0,4284.0,0.9292717
28,89,0,4284.0,4321.0,0.9914372
28,89,1,4206.0,4321.0,0.9733858
28,89,2,4321.0,4321.0,1.0
28,90,0,4284.0,4364.0,0.9816682
28,90,1,4364.0,4364.0,1.0
28,90,2,4321.0,4364.0,0.99014664
28,91,0,4284.0,4408.0,0.97186935
28,91,1,4364.0,4408.0,0.9900181
28,91,2,4408.0,4408.0,1.0
28,92,0,4284.0,4450.0,0.9626966
28,92,1,4364.0,4450.0,0.98067415
28,92,2,4450.0,4450.0,1.0
28,93,0,4284.0,4520.0,0.9477876
28,93,1,4364.0,4520.0,0.9654867
28,93,2,4520.0,4520.0,1.0
28,94,0,4284.0,4552.0,0.9411248
28,94,1,4552.0,4552.0,1.0
28,94,2,4520.0,4552.0,0.9929701
28,95,0,4284.0,4613.0,0.9286798
28,95,1,4552.0,4613.0,0.98677653
28,95,2,4613.0,4613.0,1.0
28,96,0,4284.0,4658.0,0.919708
28,96,1,4658.0,4658.0,1.0
28,96,2,4613.0,4658.0,0.9903392
28,97,0,4284.0,4696.0,0.9122658
28,97,1,4696.0,4696.0,1.0
28,97,2,4613.0,4696.0,0.9823254
28,98,0,4284.0,4729.0,0.90589976
28,98,1,4729.0,4729.0,1.0
28,98,2,4613.0,4729.0,0.9754705
28,99,0,4284.0,4766.0,0.89886695
28,99,1,4729.0,4766.0,0.9922367
28,99,2,4766.0,4766.0,1.0
28,100,0,4284.0,4815.0,0.8897196
28,100,1,4815.0,4815.0,1.0
28,100,2,4766.0,4815.0,0.98982346
28,101,0,4284.0,4852.0,0.88293487
28,101,1,4852.0,4852.0,1.0
28,101,2,4766.0,4852.0,0.98227537
28,102,0,4284.0,4895.0,0.87517875
28,102,1,4895.0,4895.0,1.0
28,102,2,4766.0,4895.0,0.9736466
28,103,0,4284.0,4929.0,0.8691418
28,103,1,4929.0,4929.0,1.0
28,103,2,4766.0,4929.0,0.9669304
28,104,0,4284.0,4979.0,0.86041373
28,104,1,4979.0,4979.0,1.0
28,104,2,4766.0,4979.0,0.9572203
28,105,0,4284.0,5028.0,0.85202867
28,105,1,5028.0,5028.0,1.0
28,105,2,4766.0,5028.0,0.94789183
28,106,0,4284.0,5081.0,0.84314114
28,106,1,5028.0,5081.0,0.989569
28,106,2,5081.0,5081.0,1.0
28,107,0,4284.0,5125.0,0.83590245
28,107,1,5125.0,5125.0,1.0
28,107,2,5081.0,5125.0,0.9914146
28,108,0,4284.0,5191.0,0.8252745
28,108,1,5125.0,5191.0,0.9872857
28,108,2,5191.0,5191.0,1.0
28,109,0,4284.0,5241.0,0.81740123
28,109,1,5241.0,5241.0,1.0
28,109,2,5191.0,5241.0,0.99045986
28,110,0,4284.0,5274.0,0.8122867
28,110,1,5274.0,5274.0,1.0
28,110,2,5191.0,5274.0,0.9842624
28,111,0,4284.0,5347.0,0.80119693
28,111,1,5274.0,5347.0,0.9863475
28,111,2,5347.0,5347.0,1.0
28,112,0,4284.0,5401.0,0.7931864
28,112,1,5274.0,5401.0,0.97648585
28,112,2,5401.0,5401.0,1.0
28,113,0,4284.0,5443.0,0.787066
28,113,1,5443.0,5443.0,1.0
28,113,2,5401.0,5443.0,0.99228364
28,114,0,4284.0,5476.0,0.7823229
28,114,1,5476.0,5476.0,1.0
28,114,2,5401.0,5476.0,0.98630387
28,115,0,4284.0,5513.0,0.77707237
28,115,1,5513.0,5513.0,1.0
28,115,2,5401.0,5513.0,0.97968435
28,116,0,4284.0,5553.0,0.7714749
28,116,1,5553.0,5553.0,1.0
28,116,2,5401.0,5553.0,0.9726274
28,117,0,4284.0,5602.0,0.7647269
28,117,1,5553.0,5602.0,0.99125314
28,117,2,5602.0,5602.0,1.0
28,118,0,4284.0,5643.0,0.75917065
28,118,1,5643.0,5643.0,1.0
28,118,2,5602.0,5643.0,0.9927344
28,119,0,4284.0,5681.0,0.7540926
28,119,1,5643.0,5681.0,0.99331105
28,119,2,5681.0,5681.0,1.0
28,120,0,4284.0,5712.0,0.75
28,120,1,5712.0,5712.0,1.0
28,120,2,5681.0,5712.0,0.9945728
28,121,0,4284.0,5753.0,0.74465495
28,121,1,5712.0,5753.0,0.9928733
28,121,2,5753.0,5753.0,1.0
28,122,0,4284.0,5786.0,0.7404079
28,122,1,5786.0,5786.0,1.0
28,122,2,5753.0,5786.0,0.99429655
28,123,0,4284.0,5827.0,0.7351982
28,123,1,5827.0,5827.0,1.0
28,123,2,5753.0,5827.0,0.9873005
28,124,0,4284.0,5867.0,0.7301858
28,124,1,5827.0,5867.0,0.9931822
28,124,2,5867.0,5867.0,1.0
28,125,0,4284.0,5932.0,0.7221848
28,125,1,5827.0,5932.0,0.9822994
28,125,2,5932.0,5932.0,1.0
28,126,0,4284.0,5977.0,0.7167475
28,126,1,5977.0,5977.0,1.0
28,126,2,5932.0,5977.0,0.99247116
28,127,0,4284.0,6012.0,0.71257484
28,127,1,6012.0,6012.0,1.0
28,127,2,5932.0,6012.0,0.98669326
28,128,0,4284.0,6043.0,0.7089194
28,128,1,6043.0,6043.0,1.0
28,128,2,5932.0,6043.0,0.98163164
28,129,0,4284.0,6093.0,0.70310193
28,129,1,6093.0,6093.0,1.0
28,129,2,5932.0,6093.0,0.97357625
28,130,0,4284.0,6149.0,0.69669867
28,130,1,6093.0,6149.0,0.9908928
28,130,2,6149.0,6149.0,1.0
28,131,0,4284.0,6191.0,0.6919722
28,131,1,6191.0,6191.0,1.0
28,131,2,6149.0,6191.0,0.993216
28,132,0,4284.0,6223.0,0.688414
28,132,1,6223.0,6223.0,1.0
28,132,2,6149.0,6223.0,0.98810863
28,133,0,4284.0,6297.0,0.68032396
28,133,1,6223.0,6297.0,0.98824835
28,133,2,6297.0,6297.0,1.0
28,134,0,4284.0,6332.0,0.6765635
28,134,1,6223.0,6332.0,0.9827858
28,134,2,6332.0,6332.0,1.0
29,1,0,16.0,16.0,1.0
29,1,1,0.0,16.0,0.0
29,1,2,0.0,16.0,0.0
29,2,0,91.0,91.0,1.0
29,2,1,0.0,91.0,0.0
29,2,2,0.0,91.0,0.0
29,3,0,148.0,148.0,1.0
29,3,1,0.0,148.0,0.0
29,3,2,0.0,148.0,0.0
29,4,0,206.0,206.0,1.0
29,4,1,0.0,206.0,0.0
29,4,2,0.0,206.0,0.0
29,5,0,250.0,250.0,1.0
29,5,1,0.0,250.0,0.0
29,5,2,0.0,250.0,0.0
29,6,0,321.0,321.0,1.0
29,6,1,0.0,321.0,0.0
29,6,2,0.0,321.0,0.0
29,7,0,399.0,399.0,1.0
29,7,1,0.0,399.0,0.0
29,7,2,0.0,399.0,0.0
29,8,0,475.0,475.0,1.0
29,8,1,0.0,475.0,0.0
29,8,2,0.0,475.0,0.0
29,9,0,475.0,485.0,0.97938144
29,9,1,485.0,485.0,1.0
29,9,2,0.0,485.0,0.0
29,10,0,561.0,561.0,1.0
29,10,1,485.0,561.0,0.86452764
29,10,2,0.0,561.0,0.0
29,11,0,641.0,641.0,1.0
29,11,1,485.0,641.0,0.75663024
29,11,2,0.0,641.0,0.0
29,12,0,641.0,674.0,0.9510386
29,12,1,674.0,674.0,1.0
29,12,2,0.0,674.0,0.0
29,13,0,641.0,709.0,0.9040903
29,13,1,709.0,709.0,1.0
29,13,2,0.0,709.0,0.0
29,14,0,641.0,734.0,0.873297
29,14,1,709.0,734.0,0.96594006
29,14,2,734.0,734.0,1.0
29,15,0,641.0,777.0,0.8249678
29,15,1,709.0,777.0,0.91248393
29,15,2,777.0,777.0,1.0
29,16,0,641.0,822.0,0.77980536
29,16,1,822.0,822.0,1.0
29,16,2,777.0,822.0,0.94525546
29,17,0,641.0,875.0,0.7325714
29,17,1,822.0,875.0,0.93942857
29,17,2,875.0,875.0,1.0
29,18,0,641.0,948.0,0.67616034
29,18,1,822.0,948.0,0.8670886
29,18,2,948.0,948.0,1.0
29,19,0,641.0,1002.0,0.63972056
29,19,1,822.0,1002.0,0.8203593
29,19,2,1002.0,1002.0,1.0
29,20,0,641.0,1038.0,0.61753374
29,20,1,1038.0,1038.0,1.0
29,20,2,1002.0,1038.0,0.9653179
29,21,0,641.0,1066.0,0.6013133
29,21,1,1066.0,1066.0,1.0
29,21,2,1002.0,1066.0,0.9399625
29,22,0,1147.0,1147.0,1.0
29,22,1,1066.0,1147.0,0.929381
29,22,2,1002.0,1147.0,0.87358326
29,23,0,1210.0,1210.0,1.0
29,23,1,1066.0,1210.0,0.88099176
29,23,2,1002.0,1210.0,0.8280992
29,24,0,1265.0,1265.0,1.0
29,24,1,1066.0,1265.0,0.8426877
29,24,2,1002.0,1265.0,0.7920949
29,25,0,1265.0,1308.0,0.96712536
29,25,1,1308.0,1308.0,1.0
29,25,2,1002.0,1308.0,0.76605505
29,26,0,1265.0,1348.0,0.9384273
29,26,1,1348.0,1348.0,1.0
29,26,2,1002.0,1348.0,0.74332345
29,27,0,1265.0,1398.0,0.9048641
29,27,1,1398.0,1398.0,1.0
29,27,2,1002.0,1398.0,0.7167382
29,28,0,1265.0,1467.0,0.86230403
29,28,1,1398.0,1467.0,0.95296526
29,28,2,1467.0,1467.0,1.0
29,29,0,1526.0,1526.0,1.0
29,29,1,1398.0,1526.0,0.9161206
29,29,2,1467.0,1526.0,0.96133685
29,30,0,1526.0,1561.0,0.97757846
29,30,1,1561.0,1561.0,1.0
29,30,2,1467.0,1561.0,0.9397822
29,31,0,1632.0,1632.0,1.0
29,31,1,1561.0,1632.0,0.9564951
29,31,2,1467.0,1632.0,0.89889705
29,32,0,1632.0,1676.0,0.973747
29,32,1,1561.0,1676.0,0.93138427
29,32,2,1676.0,1676.0,1.0
29,33,0,1632.0,1717.0,0.95049506
29,33,1,1561.0,1717.0,0.90914387
29,33,2,1717.0,1717.0,1.0
29,34,0,1632.0,1782.0,0.9158249
29,34,1,1561.0,1782.0,0.87598205
29,34,2,1782.0,1782.0,1.0
29,35,0,1632.0,1819.0,0.89719623
29,35,1,1561.0,1819.0,0.85816383
29,35,2,1819.0,1819.0,1.0
29,36,0,1632.0,1893.0,0.8621236
29,36,1,1561.0,1893.0,0.824617
29,36,2,1893.0,1893.0,1.0
29,37,0,1632.0,1930.0,0.84559584
29,37,1,1561.0,1930.0,0.80880827
29,37,2,1930.0,1930.0,1.0
29,38,0,1632.0,1986.0,0.82175225
29,38,1,1561.0,1986.0,0.78600204
29,38,2,1986.0,1986.0,1.0
29,39,0,1632.0,2028.0,0.80473375
29,39,1,2028.0,2028.0,1.0
29,39,2,1986.0,2028.0,0.97928995
29,40,0,1632.0,2064.0,0.7906977
29,40,1,2064.0,2064.0,1.0
29,40,2,1986.0,2064.0,0.9622093
29,41,0,1632.0,2105.0,0.7752969
29,41,1,2105.0,2105.0,1.0
29,41,2,1986.0,2105.0,0.9434679
29,42,0,1632.0,2178.0,0.74931127
29,42,1,2105.0,2178.0,0.966483
29,42,2,2178.0,2178.0,1.0
29,43,0,1632.0,2242.0,0.7279215
29,43,1,2105.0,2242.0,0.93889385
29,43,2,2242.0,2242.0,1.0
29,44,0,2307.0,2307.0,1.0
29,44,1,2105.0,2307.0,0.9124404
29,44,2,2242.0,2307.0,0.9718249
29,45,0,2307.0,2342.0,0.9850555
29,45,1,2105.0,2342.0,0.8988044
29,45,2,2342.0,2342.0,1.0
29,46,0,2307.0,2375.0,0.97136843
29,46,1,2375.0,2375.0,1.0
29,46,2,2342.0,2375.0,0.98610526
29,47,0,2307.0,2419.0,0.9536999
29,47,1,2419.0,2419.0,1.0
29,47,2,2342.0,2419.0,0.9681687
29,48,0,2484.0,2484.0,1.0
29,48,1,2419.0,2484.0,0.97383255
29,48,2,2342.0,2484.0,0.94283414
29,49,0,2484.0,2517.0,0.9868892
29,49,1,2517.0,2517.0,1.0
29,49,2,2342.0,2517.0,0.9304728
29,50,0,2484.0,2555.0,0.97221136
29,50,1,2555.0,2555.0,1.0
29,50,2,2342.0,2555.0,0.916634
29,51,0,2484.0,2592.0,0.9583333
29,51,1,2592.0,2592.0,1.0
29,51,2,2342.0,2592.0,0.9035494
29,52,0,2484.0,2642.0,0.9401968
29,52,1,2642.0,2642.0,1.0
29,52,2,2342.0,2642.0,0.88644964
29,53,0,2484.0,2684.0,0.92548436
29,53,1,2684.0,2684.0,1.0
29,53,2,2342.0,2684.0,0.87257826
29,54,0,2484.0,2726.0,0.91122526
29,54,1,2726.0,2726.0,1.0
29,54,2,2342.0,2726.0,0.85913426
29,55,0,2484.0,2776.0,0.8948127
29,55,1,2776.0,2776.0,1.0
29,55,2,2342.0,2776.0,0.84365994
29,56,0,2484.0,2809.0,0.8843005
29,56,1,2809.0,2809.0,1.0
29,56,2,2342.0,2809.0,0.83374864
29,57,0,2484.0,2840.0,0.8746479
29,57,1,2809.0,2840.0,0.9890845
29,57,2,2840.0,2840.0,1.0
29,58,0,2484.0,2879.0,0.8627996
29,58,1,2809.0,2879.0,0.975686
29,58,2,2879.0,2879.0,1.0
29,59,0,2484.0,2910.0,0.85360825
29,59,1,2910.0,2910.0,1.0
29,59,2,2879.0,2910.0,0.9893471
29,60,0,2484.0,2970.0,0.8363636
29,60,1,2910.0,2970.0,0.97979796
29,60,2,2970.0,2970.0,1.0
29,61,0,2484.0,3011.0,0.8249751
29,61,1,3011.0,3011.0,1.0
29,61,2,2970.0,3011.0,0.98638326
29,62,0,2484.0,3054.0,0.8133595
29,62,1,3054.0,3054.0,1.0
29,62,2,2970.0,3054.0,0.9724951
29,63,0,3116.0,3116.0,1.0
29,63,1,3054.0,3116.0,0.9801027
29,63,2,2970.0,3116.0,0.9531451
29,64,0,3116.0,3162.0,0.98545223
29,64,1,3162.0,3162.0,1.0
29,64,2,2970.0,3162.0,0.93927896
29,65,0,3116.0,3212.0,0.9701121
29,65,1,3162.0,3212.0,0.98443335
29,65,2,3212.0,3212.0,1.0
29,66,0,3116.0,3257.0,0.9567086
29,66,1,3257.0,3257.0,1.0
29,66,2,3212.0,3257.0,0.9861836
29,67,0,3116.0,3299.0,0.94452864
29,67,1,3257.0,3299.0,0.98726887
29,67,2,3299.0,3299.0,1.0
29,68,0,3116.0,3347.0,0.93098295
29,68,1,3347.0,3347.0,1.0
29,68,2,3299.0,3347.0,0.9856588
29,69,0,3116.0,3383.0,0.92107594
29,69,1,3383.0,3383.0,1.0
29,69,2,3299.0,3383.0,0.97516996
29,70,0,3116.0,3421.0,0.9108448
29,70,1,3421.0,3421.0,1.0
29,70,2,3299.0,3421.0,0.9643379
29,71,0,3116.0,3456.0,0.9016204
29,71,1,3456.0,3456.0,1.0
29,71,2,3299.0,3456.0,0.9545718
29,72,0,3116.0,3487.0,0.8936048
29,72,1,3487.0,3487.0,1.0
29,72,2,3299.0,3487.0,0.94608545
29,73,0,3553.0,3553.0,1.0
29,73,1,3487.0,3553.0,0.98142415
29,73,2,3299.0,3553.0,0.92851114
29,74,0,3553.0,3594.0,0.9885921
29,74,1,3594.0,3594.0,1.0
29,74,2,3299.0,3594.0,0.91791874
29,75,0,3553.0,3626.0,0.97986764
29,75,1,3626.0,3626.0,1.0
29,75,2,3299.0,3626.0,0.909818
29,76,0,3553.0,3664.0,0.9697052
29,76,1,3664.0,3664.0,1.0
29,76,2,3299.0,3664.0,0.9003821
29,77,0,3553.0,3709.0,0.95794016
29,77,1,3709.0,3709.0,1.0
29,77,2,3299.0,3709.0,0.88945806
29,78,0,3553.0,3757.0,0.94570136
29,78,1,3757.0,3757.0,1.0
29,78,2,3299.0,3757.0,0.8780942
29,79,0,3553.0,3796.0,0.93598527
29,79,1,3757.0,3796.0,0.989726
29,79,2,3796.0,3796.0,1.0
29,80,0,3553.0,3831.0,0.9274341
29,80,1,3831.0,3831.0,1.0
29,80,2,3796.0,3831.0,0.990864
29,81,0,3553.0,3887.0,0.9140726
29,81,1,3831.0,3887.0,0.985593
29,81,2,3887.0,3887.0,1.0
29,82,0,3553.0,3932.0,0.9036114
29,82,1,3932.0,3932.0,1.0
29,82,2,3887.0,3932.0,0.98855543
29,83,0,3553.0,3967.0,0.895639
29,83,1,3967.0,3967.0,1.0
29,83,2,3887.0,3967.0,0.9798336
29,84,0,3553.0,4018.0,0.8842708
29,84,1,3967.0,4018.0,0.98730713
29,84,2,4018.0,4018.0,1.0
29,85,0,3553.0,4058.0,0.87555444
29,85,1,3967.0,4058.0,0.9775752
29,85,2,4058.0,4058.0,1.0
29,86,0,3553.0,4096.0,0.86743164
29,86,1,4096.0,4096.0,1.0
29,86,2,4058.0,4096.0,0.99072266
29,87,0,3553.0,4136.0,0.8590425
29,87,1,4136.0,4136.0,1.0
29,87,2,4058.0,4136.0,0.9811412
29,88,0,3553.0,4186.0,0.84878165
29,88,1,4136.0,4186.0,0.9880554
29,88,2,4186.0,4186.0,1.0
29,89,0,3553.0,4224.0,0.8411458
29,89,1,4224.0,4224.0,1.0
29,89,2,4186.0,4224.0,0.9910038
29,90,0,3553.0,4267.0,0.8326693
29,90,1,4267.0,4267.0,1.0
29,90,2,4186.0,4267.0,0.9810171
29,91,0,3553.0,4324.0,0.8216929
29,91,1,4267.0,4324.0,0.9868178
29,91,2,4324.0,4324.0,1.0
29,92,0,4398.0,4398.0,1.0
29,92,1,4267.0,4398.0,0.9702137
29,92,2,4324.0,4398.0,0.98317415
29,93,0,4398.0,4438.0,0.99098694
29,93,1,4438.0,4438.0,1.0
29,93,2,4324.0,4438.0,0.9743128
29,94,0,4398.0,4480.0,0.9816964
29,94,1,4480.0,4480.0,1.0
29,94,2,4324.0,4480.0,0.96517855
29,95,0,4398.0,4523.0,0.9723635
29,95,1,4523.0,4523.0,1.0
29,95,2,4324.0,4523.0,0.95600265
29,96,0,4398.0,4572.0,0.96194226
29,96,1,4572.0,4572.0,1.0
29,96,2,4324.0,4572.0,0.9457568
29,97,0,4398.0,4609.0,0.95422
29,97,1,4609.0,4609.0,1.0
29,97,2,4324.0,4609.0,0.9381645
29,98,0,4398.0,4643.0,0.94723237
29,98,1,4643.0,4643.0,1.0
29,98,2,4324.0,4643.0,0.93129444
29,99,0,4398.0,4683.0,0.9391416
29,99,1,4683.0,4683.0,1.0
29,99,2,4324.0,4683.0,0.9233397
29,100,0,4398.0,4751.0,0.92569983
29,100,1,4683.0,4751.0,0.9856872
29,100,2,4751.0,4751.0,1.0
29,101,0,4398.0,4793.0,0.9175882
29,101,1,4683.0,4793.0,0.9770499
29,101,2,4793.0,4793.0,1.0
29,102,0,4398.0,4849.0,0.9069911
29,102,1,4683.0,4849.0,0.96576613
29,102,2,4849.0,4849.0,1.0
29,103,0,4398.0,4883.0,0.90067583
29,103,1,4883.0,4883.0,1.0
29,103,2,4849.0,4883.0,0.99303705
29,104,0,4398.0,4933.0,0.8915467
29,104,1,4933.0,4933.0,1.0
29,104,2,4849.0,4933.0,0.98297185
29,105,0,4398.0,4977.0,0.88366485
29,105,1,4933.0,4977.0,0.9911593
29,105,2,4977.0,4977.0,1.0
29,106,0,4398.0,5019.0,0.8762702
29,106,1,5019.0,5019.0,1.0
29,106,2,4977.0,5019.0,0.9916318
29,107,0,4398.0,5051.0,0.87071866
29,107,1,5051.0,5051.0,1.0
29,107,2,4977.0,5051.0,0.9853494
29,108,0,4398.0,5101.0,0.86218387
29,108,1,5101.0,5101.0,1.0
29,108,2,4977.0,5101.0,0.975691
29,109,0,4398.0,5140.0,0.855642
29,109,1,5140.0,5140.0,1.0
29,109,2,4977.0,5140.0,0.96828794
29,110,0,4398.0,5185.0,0.848216
29,110,1,5185.0,5185.0,1.0
29,110,2,4977.0,5185.0,0.9598843
29,111,0,4398.0,5222.0,0.84220606
29,111,1,5185.0,5222.0,0.9929146
29,111,2,5222.0,5222.0,1.0
29,112,0,4398.0,5276.0,0.83358604
29,112,1,5185.0,5276.0,0.9827521
29,112,2,5276.0,5276.0,1.0
29,113,0,4398.0,5318.0,0.82700264
29,113,1,5318.0,5318.0,1.0
29,113,2,5276.0,5318.0,0.99210227
29,114,0,4398.0,5391.0,0.8158041
29,114,1,5318.0,5391.0,0.9864589
29,114,2,5391.0,5391.0,1.0
29,115,0,4398.0,5428.0,0.8102432
29,115,1,5428.0,5428.0,1.0
29,115,2,5391.0,5428.0,0.9931835
29,116,0,4398.0,5496.0,0.80021834
29,116,1,5428.0,5496.0,0.9876274
29,116,2,5496.0,5496.0,1.0
29,117,0,4398.0,5537.0,0.7942929
29,117,1,5537.0,5537.0,1.0
29,117,2,5496.0,5537.0,0.99259526
29,118,0,4398.0,5577.0,0.78859603
29,118,1,5537.0,5577.0,0.9928277
29,118,2,5577.0,5577.0,1.0
29,119,0,4398.0,5627.0,0.7815888
29,119,1,5627.0,5627.0,1.0
29,119,2,5577.0,5627.0,0.99111426
29,120,0,4398.0,5664.0,0.77648306
29,120,1,5664.0,5664.0,1.0
29,120,2,5577.0,5664.0,0.9846398
29,121,0,4398.0,5706.0,0.7707676
29,121,1,5706.0,5706.0,1.0
29,121,2,5577.0,5706.0,0.9773922
29,122,0,4398.0,5775.0,0.7615584
29,122,1,5706.0,5775.0,0.98805195
29,122,2,5775.0,5775.0,1.0
29,123,0,4398.0,5819.0,0.75579995
29,123,1,5819.0,5819.0,1.0
29,123,2,5775.0,5819.0,0.99243855
29,124,0,4398.0,5862.0,0.7502559
29,124,1,5862.0,5862.0,1.0
29,124,2,5775.0,5862.0,0.9851586
29,125,0,4398.0,5911.0,0.74403656
29,125,1,5911.0,5911.0,1.0
29,125,2,5775.0,5911.0,0.9769921
29,126,0,4398.0,5952.0,0.7389113
29,126,1,5952.0,5952.0,1.0
29,126,2,5775.0,5952.0,0.9702621
29,127,0,4398.0,5982.0,0.7352056
29,127,1,5982.0,5982.0,1.0
29,127,2,5775.0,5982.0,0.96539617
29,128,0,4398.0,6037.0,0.7285075
29,128,1,5982.0,6037.0,0.9908895
29,128,2,6037.0,6037.0,1.0
29,129,0,4398.0,6107.0,0.7201572
29,129,1,5982.0,6107.0,0.9795317
29,129,2,6107.0,6107.0,1.0
29,130,0,4398.0,6140.0,0.71628666
29,130,1,6140.0,6140.0,1.0
29,130,2,6107.0,6140.0,0.9946254
29,131,0,4398.0,6181.0,0.71153533
29,131,1,6140.0,6181.0,0.9933668
29,131,2,6181.0,6181.0,1.0
29,132,0,4398.0,6213.0,0.7078706
29,132,1,6213.0,6213.0,1.0
29,132,2,6181.0,6213.0,0.9948495
29,133,0,4398.0,6279.0,0.70043
29,133,1,6213.0,6279.0,0.9894888
29,133,2,6279.0,6279.0,1.0
29,134,0,4398.0,6312.0,0.69676805
29,134,1,6213.0,6312.0,0.9843156
29,134,2,6312.0,6312.0,1.0
30,1,0,35.0,35.0,1.0
30,1,1,0.0,35.0,0.0
30,1,2,0.0,35.0,0.0
30,2,0,113.0,113.0,1.0
30,2,1,0.0,113.0,0.0
30,2,2,0.0,113.0,0.0
30,3,0,187.0,187.0,1.0
30,3,1,0.0,187.0,0.0
30,3,2,0.0,187.0,0.0
30,4,0,263.0,263.0,1.0
30,4,1,0.0,263.0,0.0
30,4,2,0.0,263.0,0.0
30,5,0,339.0,339.0,1.0
30,5,1,0.0,339.0,0.0
30,5,2,0.0,339.0,0.0
30,6,0,339.0,359.0,0.9442897
30,6,1,359.0,359.0,1.0
30,6,2,0.0,359.0,0.0
30,7,0,339.0,393.0,0.86259544
30,7,1,359.0,393.0,0.913486
30,7,2,393.0,393.0,1.0
30,8,0,339.0,428.0,0.7920561
30,8,1,428.0,428.0,1.0
30,8,2,393.0,428.0,0.9182243
30,9,0,339.0,471.0,0.7197452
30,9,1,471.0,471.0,1.0
30,9,2,393.0,471.0,0.83439493
30,10,0,518.0,518.0,1.0
30,10,1,471.0,518.0,0.9092664
30,10,2,393.0,518.0,0.75868726
30,11,0,598.0,598.0,1.0
30,11,1,471.0,598.0,0.78762543
30,11,2,393.0,598.0,0.6571906
30,12,0,598.0,639.0,0.93583727
30,12,1,471.0,639.0,0.7370892
30,12,2,639.0,639.0,1.0
30,13,0,598.0,678.0,0.8820059
30,13,1,471.0,678.0,0.6946903
30,13,2,678.0,678.0,1.0
30,14,0,598.0,721.0,0.8294036
30,14,1,721.0,721.0,1.0
30,14,2,678.0,721.0,0.9403606
30,15,0,598.0,754.0,0.79310346
30,15,1,754.0,754.0,1.0
30,15,2,678.0,754.0,0.89920425
30,16,0,809.0,809.0,1.0
30,16,1,754.0,809.0,0.9320148
30,16,2,678.0,809.0,0.8380717
30,17,0,874.0,874.0,1.0
30,17,1,754.0,874.0,0.8627002
30,17,2,678.0,874.0,0.7757437
30,18,0,874.0,914.0,0.9562363
30,18,1,914.0,914.0,1.0
30,18,2,678.0,914.0,0.7417943
30,19,0,874.0,987.0,0.88551164
30,19,1,914.0,987.0,0.9260385
30,19,2,987.0,987.0,1.0
30,20,0,874.0,1027.0,0.8510224
30,20,1,914.0,1027.0,0.8899708
30,20,2,1027.0,1027.0,1.0
30,21,0,874.0,1067.0,0.81911904
30,21,1,1067.0,1067.0,1.0
30,21,2,1027.0,1067.0,0.9625117
30,22,0,874.0,1132.0,0.77208483
30,22,1,1067.0,1132.0,0.9425795
30,22,2,1132.0,1132.0,1.0
30,23,0,874.0,1167.0,0.7489289
30,23,1,1167.0,1167.0,1.0
30,23,2,1132.0,1167.0,0.97000855
30,24,0,1215.0,1215.0,1.0
30,24,1,1167.0,1215.0,0.9604938
30,24,2,1132.0,1215.0,0.93168724
30,25,0,1215.0,1284.0,0.9462617
30,25,1,1167.0,1284.0,0.9088785
30,25,2,1284.0,1284.0,1.0
30,26,0,1355.0,1355.0,1.0
30,26,1,1167.0,1355.0,0.86125463
30,26,2,1284.0,1355.0,0.9476015
30,27,0,1435.0,1435.0,1.0
30,27,1,1167.0,1435.0,0.8132404
30,27,2,1284.0,1435.0,0.89477354
30,28,0,1506.0,1506.0,1.0
30,28,1,1167.0,1506.0,0.7749004
30,28,2,1284.0,1506.0,0.85258967
30,29,0,1549.0,1549.0,1.0
30,29,1,1167.0,1549.0,0.7533893
30,29,2,1284.0,1549.0,0.8289219
30,30,0,1590.0,1590.0,1.0
30,30,1,1167.0,1590.0,0.73396224
30,30,2,1284.0,1590.0,0.80754715
30,31,0,1590.0,1640.0,0.9695122
30,31,1,1640.0,1640.0,1.0
30,31,2,1284.0,1640.0,0.78292686
30,32,0,1684.0,1684.0,1.0
30,32,1,1640.0,1684.0,0.9738717
30,32,2,1284.0,1684.0,0.7624703
30,33,0,1684.0,1714.0,0.9824971
30,33,1,1714.0,1714.0,1.0
30,33,2,1284.0,1714.0,0.7491248
30,34,0,1786.0,1786.0,1.0
30,34,1,1714.0,1786.0,0.95968646
30,34,2,1284.0,1786.0,0.718925
30,35,0,1786.0,1836.0,0.9727669
30,35,1,1836.0,1836.0,1.0
30,35,2,1284.0,1836.0,0.6993464
30,36,0,1917.0,1917.0,1.0
30,36,1,1836.0,1917.0,0.9577465
30,36,2,1284.0,1917.0,0.6697966
30,37,0,1917.0,1953.0,0.98156685
30,37,1,1953.0,1953.0,1.0
30,37,2,1284.0,1953.0,0.6574501
30,38,0,1917.0,1981.0,0.9676931
30,38,1,1981.0,1981.0,1.0
30,38,2,1284.0,1981.0,0.6481575
30,39,0,1917.0,2014.0,0.9518371
30,39,1,2014.0,2014.0,1.0
30,39,2,1284.0,2014.0,0.63753724
30,40,0,1917.0,2051.0,0.93466604
30,40,1,2014.0,2051.0,0.98196
30,40,2,2051.0,2051.0,1.0
30,41,0,1917.0,2091.0,0.91678625
30,41,1,2014.0,2091.0,0.96317554
30,41,2,2091.0,2091.0,1.0
30,42,0,1917.0,2133.0,0.89873415
30,42,1,2133.0,2133.0,1.0
30,42,2,2091.0,2133.0,0.9803094
30,43,0,2192.0,2192.0,1.0
30,43,1,2133.0,2192.0,0.9730839
30,43,2,2091.0,2192.0,0.95392334
30,44,0,2192.0,2238.0,0.97944593
30,44,1,2238.0,2238.0,1.0
30,44,2,2091.0,2238.0,0.93431634
30,45,0,2192.0,2288.0,0.95804197
30,45,1,2238.0,2288.0,0.97814685
30,45,2,2288.0,2288.0,1.0
30,46,0,2354.0,2354.0,1.0
30,46,1,2238.0,2354.0,0.95072216
30,46,2,2288.0,2354.0,0.97196263
30,47,0,2354.0,2399.0,0.9812422
30,47,1,2399.0,2399.0,1.0
30,47,2,2288.0,2399.0,0.9537307
30,48,0,2354.0,2444.0,0.9631751
30,48,1,2444.0,2444.0,1.0
30,48,2,2288.0,2444.0,0.9361702
30,49,0,2354.0,2487.0,0.94652194
30,49,1,2487.0,2487.0,1.0
30,49,2,2288.0,2487.0,0.9199839
30,50,0,2354.0,2522.0,0.9333862
30,50,1,2522.0,2522.0,1.0
30,50,2,2288.0,2522.0,0.9072165
30,51,0,2354.0,2561.0,0.9191722
30,51,1,2522.0,2561.0,0.98477155
30,51,2,2561.0,2561.0,1.0
30,52,0,2354.0,2598.0,0.9060816
30,52,1,2598.0,2598.0,1.0
30,52,2,2561.0,2598.0,0.9857583
30,53,0,2354.0,2634.0,0.8936978
30,53,1,2634.0,2634.0,1.0
30,53,2,2561.0,2634.0,0.9722855
30,54,0,2354.0,2684.0,0.8770492
30,54,1,2684.0,2684.0,1.0
30,54,2,2561.0,2684.0,0.95417285
30,55,0,2354.0,2722.0,0.8648053
30,55,1,2722.0,2722.0,1.0
30,55,2,2561.0,2722.0,0.94085234
30,56,0,2354.0,2759.0,0.8532077
30,56,1,2722.0,2759.0,0.9865894
30,56,2,2759.0,2759.0,1.0
30,57,0,2354.0,2795.0,0.8422182
30,57,1,2795.0,2795.0,1.0
30,57,2,2759.0,2795.0,0.98711985
30,58,0,2354.0,2848.0,0.82654494
30,58,1,2795.0,2848.0,0.9813905
30,58,2,2848.0,2848.0,1.0
30,59,0,2354.0,2890.0,0.8145329
30,59,1,2795.0,2890.0,0.96712804
30,59,2,2890.0,2890.0,1.0
30,60,0,2354.0,2920.0,0.8061644
30,60,1,2920.0,2920.0,1.0
30,60,2,2890.0,2920.0,0.989726
30,61,0,2354.0,2976.0,0.79099464
30,61,1,2920.0,2976.0,0.9811828
30,61,2,2976.0,2976.0,1.0
30,62,0,2354.0,3030.0,0.77689767
30,62,1,2920.0,3030.0,0.96369636
30,62,2,3030.0,3030.0,1.0
30,63,0,2354.0,3076.0,0.7652796
30,63,1,2920.0,3076.0,0.9492848
30,63,2,3076.0,3076.0,1.0
30,64,0,2354.0,3120.0,0.75448716
30,64,1,2920.0,3120.0,0.9358974
30,64,2,3120.0,3120.0,1.0
30,65,0,2354.0,3162.0,0.74446553
30,65,1,3162.0,3162.0,1.0
30,65,2,3120.0,3162.0,0.9867173
30,66,0,2354.0,3195.0,0.73677623
30,66,1,3195.0,3195.0,1.0
30,66,2,3120.0,3195.0,0.97652584
30,67,0,2354.0,3232.0,0.7283416
30,67,1,3232.0,3232.0,1.0
30,67,2,3120.0,3232.0,0.9653465
30,68,0,2354.0,3267.0,0.72053874
30,68,1,3267.0,3267.0,1.0
30,68,2,3120.0,3267.0,0.9550046
30,69,0,2354.0,3305.0,0.71225417
30,69,1,3305.0,3305.0,1.0
30,69,2,3120.0,3305.0,0.9440242
30,70,0,2354.0,3335.0,0.7058471
30,70,1,3335.0,3335.0,1.0
30,70,2,3120.0,3335.0,0.9355322
30,71,0,2354.0,3390.0,0.6943953
30,71,1,3335.0,3390.0,0.9837758
30,71,2,3390.0,3390.0,1.0
30,72,0,2354.0,3430.0,0.68629736
30,72,1,3430.0,3430.0,1.0
30,72,2,3390.0,3430.0,0.9883382
30,73,0,2354.0,3468.0,0.6787774
30,73,1,3468.0,3468.0,1.0
30,73,2,3390.0,3468.0,0.97750866
30,74,0,2354.0,3501.0,0.6723793
30,74,1,3501.0,3501.0,1.0
30,74,2,3390.0,3501.0,0.9682948
30,75,0,2354.0,3550.0,0.6630986
30,75,1,3550.0,3550.0,1.0
30,75,2,3390.0,3550.0,0.9549296
30,76,0,2354.0,3587.0,0.6562587
30,76,1,3587.0,3587.0,1.0
30,76,2,3390.0,3587.0,0.94507945
30,77,0,2354.0,3627.0,0.6490212
30,77,1,3587.0,3627.0,0.9889716
30,77,2,3627.0,3627.0,1.0
30,78,0,2354.0,3670.0,0.6414169
30,78,1,3670.0,3670.0,1.0
30,78,2,3627.0,3670.0,0.9882834
30,79,0,2354.0,3712.0,0.6341595
30,79,1,3712.0,3712.0,1.0
30,79,2,3627.0,3712.0,0.97710127
30,80,0,2354.0,3754.0,0.62706447
30,80,1,3754.0,3754.0,1.0
30,80,2,3627.0,3754.0,0.9661694
30,81,0,2354.0,3822.0,0.6159079
30,81,1,3754.0,3822.0,0.98220825
30,81,2,3822.0,3822.0,1.0
30,82,0,2354.0,3864.0,0.60921323
30,82,1,3864.0,3864.0,1.0
30,82,2,3822.0,3864.0,0.98913044
30,83,0,2354.0,3896.0,0.6042094
30,83,1,3896.0,3896.0,1.0
30,83,2,3822.0,3896.0,0.98100615
30,84,0,2354.0,3937.0,0.5979172
30,84,1,3937.0,3937.0,1.0
30,84,2,3822.0,3937.0,0.97078997
30,85,0,2354.0,4010.0,0.58703244
30,85,1,3937.0,4010.0,0.9817955
30,85,2,4010.0,4010.0,1.0
30,86,0,2354.0,4080.0,0.5769608
30,86,1,3937.0,4080.0,0.964951
30,86,2,4080.0,4080.0,1.0
30,87,0,2354.0,4137.0,0.5690114
30,87,1,3937.0,4137.0,0.9516558
30,87,2,4137.0,4137.0,1.0
30,88,0,2354.0,4192.0,0.5615458
30,88,1,3937.0,4192.0,0.9391698
30,88,2,4192.0,4192.0,1.0
30,89,0,2354.0,4237.0,0.5555818
30,89,1,4237.0,4237.0,1.0
30,89,2,4192.0,4237.0,0.9893793
30,90,0,2354.0,4273.0,0.550901
30,90,1,4273.0,4273.0,1.0
30,90,2,4192.0,4273.0,0.98104376
30,91,0,2354.0,4318.0,0.5451598
30,91,1,4318.0,4318.0,1.0
30,91,2,4192.0,4318.0,0.97081983
30,92,0,2354.0,4374.0,0.5381802
30,92,1,4318.0,4374.0,0.9871971
30,92,2,4374.0,4374.0,1.0
30,93,0,2354.0,4419.0,0.5326997
30,93,1,4318.0,4419.0,0.9771441
30,93,2,4419.0,4419.0,1.0
30,94,0,2354.0,4456.0,0.5282765
30,94,1,4318.0,4456.0,0.9690305
30,94,2,4456.0,4456.0,1.0
30,95,0,2354.0,4511.0,0.5218355
30,95,1,4318.0,4511.0,0.95721567
30,95,2,4511.0,4511.0,1.0
30,96,0,2354.0,4553.0,0.5170217
30,96,1,4318.0,4553.0,0.94838566
30,96,2,4553.0,4553.0,1.0
30,97,0,2354.0,4603.0,0.5114056
30,97,1,4603.0,4603.0,1.0
30,97,2,4553.0,4603.0,0.98913753
30,98,0,2354.0,4636.0,0.5077653
30,98,1,4636.0,4636.0,1.0
30,98,2,4553.0,4636.0,0.9820966
30,99,0,2354.0,4680.0,0.50299144
30,99,1,4680.0,4680.0,1.0
30,99,2,4553.0,4680.0,0.97286326
30,100,0,2354.0,4734.0,0.4972539
30,100,1,4680.0,4734.0,0.98859316
30,100,2,4734.0,4734.0,1.0
30,101,0,2354.0,4795.0,0.49092805
30,101,1,4680.0,4795.0,0.9760167
30,101,2,4795.0,4795.0,1.0
30,102,0,2354.0,4864.0,0.48396382
30,102,1,4680.0,4864.0,0.9621711
30,102,2,4864.0,4864.0,1.0
30,103,0,2354.0,4937.0,0.47680777
30,103,1,4680.0,4937.0,0.9479441
30,103,2,4937.0,4937.0,1.0
30,104,0,2354.0,4980.0,0.47269076
30,104,1,4980.0,4980.0,1.0
30,104,2,4937.0,4980.0,0.99136543
30,105,0,2354.0,5011.0,0.46976653
30,105,1,5011.0,5011.0,1.0
30,105,2,4937.0,5011.0,0.9852325
30,106,0,2354.0,5040.0,0.4670635
30,106,1,5040.0,5040.0,1.0
30,106,2,4937.0,5040.0,0.9795635
30,107,0,2354.0,5073.0,0.46402523
30,107,1,5073.0,5073.0,1.0
30,107,2,4937.0,5073.0,0.9731914
30,108,0,2354.0,5099.0,0.46165916
30,108,1,5099.0,5099.0,1.0
30,108,2,4937.0,5099.0,0.96822906
30,109,0,2354.0,5142.0,0.4577985
30,109,1,5099.0,5142.0,0.99163747
30,109,2,5142.0,5142.0,1.0
30,110,0,2354.0,5188.0,0.4537394
30,110,1,5188.0,5188.0,1.0
30,110,2,5142.0,5188.0,0.9911334
30,111,0,2354.0,5225.0,0.45052633
30,111,1,5225.0,5225.0,1.0
30,111,2,5142.0,5225.0,0.9841148
30,112,0,2354.0,5262.0,0.44735843
30,112,1,5262.0,5262.0,1.0
30,112,2,5142.0,5262.0,0.97719496
30,113,0,2354.0,5312.0,0.4431476
30,113,1,5312.0,5312.0,1.0
30,113,2,5142.0,5312.0,0.967997
30,114,0,2354.0,5376.0,0.43787202
30,114,1,5312.0,5376.0,0.9880952
30,114,2,5376.0,5376.0,1.0
30,115,0,2354.0,5417.0,0.43455788
30,115,1,5417.0,5417.0,1.0
30,115,2,5376.0,5417.0,0.9924312
30,116,0,2354.0,5462.0,0.43097767
30,116,1,5462.0,5462.0,1.0
30,116,2,5376.0,5462.0,0.98425484
30,117,0,2354.0,5496.0,0.4283115
30,117,1,5496.0,5496.0,1.0
30,117,2,5376.0,5496.0,0.9781659
30,118,0,2354.0,5564.0,0.42307693
30,118,1,5496.0,5564.0,0.9877786
30,118,2,5564.0,5564.0,1.0
30,119,0,2354.0,5613.0,0.4193836
30,119,1,5613.0,5613.0,1.0
30,119,2,5564.0,5613.0,0.99127024
30,120,0,2354.0,5645.0,0.4170062
30,120,1,5645.0,5645.0,1.0
30,120,2,5564.0,5645.0,0.985651
30,121,0,2354.0,5690.0,0.41370827
30,121,1,5690.0,5690.0,1.0
30,121,2,5564.0,5690.0,0.97785586
30,122,0,2354.0,5759.0,0.40875152
30,122,1,5690.0,5759.0,0.98801875
30,122,2,5759.0,5759.0,1.0
30,123,0,2354.0,5807.0,0.40537283
30,123,1,5807.0,5807.0,1.0
30,123,2,5759.0,5807.0,0.9917341
30,124,0,2354.0,5851.0,0.40232438
30,124,1,5851.0,5851.0,1.0
30,124,2,5759.0,5851.0,0.9842762
30,125,0,2354.0,5892.0,0.39952478
30,125,1,5851.0,5892.0,0.9930414
30,125,2,5892.0,5892.0,1.0
30,126,0,2354.0,5935.0,0.39663017
30,126,1,5935.0,5935.0,1.0
30,126,2,5892.0,5935.0,0.9927548
30,127,0,2354.0,5967.0,0.3945031
30,127,1,5967.0,5967.0,1.0
30,127,2,5892.0,5967.0,0.9874309
30,128,0,2354.0,6008.0,0.39181092
30,128,1,6008.0,6008.0,1.0
30,128,2,5892.0,6008.0,0.9806924
30,129,0,2354.0,6056.0,0.3887054
30,129,1,6056.0,6056.0,1.0
30,129,2,5892.0,6056.0,0.9729194
30,130,0,2354.0,6122.0,0.38451487
30,130,1,6056.0,6122.0,0.9892192
30,130,2,6122.0,6122.0,1.0
30,131,0,2354.0,6155.0,0.3824533
30,131,1,6056.0,6155.0,0.9839155
30,131,2,6155.0,6155.0,1.0
30,132,0,2354.0,6197.0,0.37986124
30,132,1,6197.0,6197.0,1.0
30,132,2,6155.0,6197.0,0.99322253
30,133,0,2354.0,6241.0,0.37718314
30,133,1,6241.0,6241.0,1.0
30,133,2,6155.0,6241.0,0.9862202
30,134,0,2354.0,6272.0,0.37531888
30,134,1,6241.0,6272.0,0.9950574
30,134,2,6272.0,6272.0,1.0
