episode,step,machine_idx,machine_time,current_time,utilization
1,1,0,16,16.0,1.0
1,1,1,0,16.0,0.0
1,1,2,0,16.0,0.0
1,2,0,90,90.0,1.0
1,2,1,0,90.0,0.0
1,2,2,0,90.0,0.0
1,3,0,155,155.0,1.0
1,3,1,0,155.0,0.0
1,3,2,0,155.0,0.0
1,4,0,210,210.0,1.0
1,4,1,0,210.0,0.0
1,4,2,0,210.0,0.0
1,5,0,210,220.0,0.9545454545454546
1,5,1,220,220.0,1.0
1,5,2,0,220.0,0.0
1,6,0,291,291.0,1.0
1,6,1,220,291.0,0.7560137457044673
1,6,2,0,291.0,0.0
1,7,0,372,372.0,1.0
1,7,1,220,372.0,0.5913978494623656
1,7,2,0,372.0,0.0
1,8,0,372,400.0,0.93
1,8,1,220,400.0,0.55
1,8,2,400,400.0,1.0
1,9,0,372,441.0,0.8435374149659864
1,9,1,441,441.0,1.0
1,9,2,400,441.0,0.9070294784580499
1,10,0,372,485.0,0.7670103092783506
1,10,1,485,485.0,1.0
1,10,2,400,485.0,0.8247422680412371
1,11,0,372,535.0,0.6953271028037383
1,11,1,535,535.0,1.0
1,11,2,400,535.0,0.7476635514018691
1,12,0,372,572.0,0.6503496503496503
1,12,1,535,572.0,0.9353146853146853
1,12,2,572,572.0,1.0
1,13,0,372,608.0,0.6118421052631579
1,13,1,535,608.0,0.8799342105263158
1,13,2,608,608.0,1.0
1,14,0,372,643.0,0.578538102643857
1,14,1,643,643.0,1.0
1,14,2,608,643.0,0.9455676516329704
1,15,0,702,702.0,1.0
1,15,1,643,702.0,0.915954415954416
1,15,2,608,702.0,0.8660968660968661
1,16,0,702,757.0,0.9273447820343461
1,16,1,643,757.0,0.8494055482166446
1,16,2,757,757.0,1.0
1,17,0,815,815.0,1.0
1,17,1,643,815.0,0.7889570552147239
1,17,2,757,815.0,0.9288343558282208
1,18,0,815,848.0,0.9610849056603774
1,18,1,848,848.0,1.0
1,18,2,757,848.0,0.8926886792452831
1,19,0,913,913.0,1.0
1,19,1,848,913.0,0.9288061336254108
1,19,2,757,913.0,0.8291347207009858
1,20,0,913,956.0,0.9550209205020921
1,20,1,956,956.0,1.0
1,20,2,757,956.0,0.7918410041841004
1,21,0,913,990.0,0.9222222222222223
1,21,1,990,990.0,1.0
1,21,2,757,990.0,0.7646464646464647
1,22,0,1070,1070.0,1.0
1,22,1,990,1070.0,0.9252336448598131
1,22,2,757,1070.0,0.7074766355140187
1,23,0,1070,1106.0,0.9674502712477396
1,23,1,1106,1106.0,1.0
1,23,2,757,1106.0,0.6844484629294756
1,24,0,1070,1151.0,0.9296264118158123
1,24,1,1151,1151.0,1.0
1,24,2,757,1151.0,0.6576889661164205
1,25,0,1070,1219.0,0.8777686628383922
1,25,1,1151,1219.0,0.9442165709598032
1,25,2,1219,1219.0,1.0
1,26,0,1070,1259.0,0.8498808578236696
1,26,1,1259,1259.0,1.0
1,26,2,1219,1259.0,0.9682287529785544
1,27,0,1070,1292.0,0.8281733746130031
1,27,1,1292,1292.0,1.0
1,27,2,1219,1292.0,0.9434984520123839
1,28,0,1070,1361.0,0.7861866274797943
1,28,1,1292,1361.0,0.9493019838354151
1,28,2,1361,1361.0,1.0
1,29,0,1070,1434.0,0.7461645746164575
1,29,1,1292,1434.0,0.900976290097629
1,29,2,1434,1434.0,1.0
1,30,0,1070,1491.0,0.7176391683433937
1,30,1,1292,1491.0,0.8665325285043595
1,30,2,1491,1491.0,1.0
1,31,0,1070,1541.0,0.6943543153796237
1,31,1,1541,1541.0,1.0
1,31,2,1491,1541.0,0.9675535366645036
1,32,0,1600,1600.0,1.0
1,32,1,1541,1600.0,0.963125
1,32,2,1491,1600.0,0.931875
1,33,0,1600,1643.0,0.9738283627510651
1,33,1,1643,1643.0,1.0
1,33,2,1491,1643.0,0.9074863055386488
1,34,0,1600,1680.0,0.9523809523809523
1,34,1,1680,1680.0,1.0
1,34,2,1491,1680.0,0.8875
1,35,0,1600,1717.0,0.9318578916715201
1,35,1,1680,1717.0,0.9784507862550961
1,35,2,1717,1717.0,1.0
1,36,0,1600,1753.0,0.9127210496292071
1,36,1,1753,1753.0,1.0
1,36,2,1717,1753.0,0.9794637763833428
1,37,0,1600,1792.0,0.8928571428571429
1,37,1,1753,1792.0,0.9782366071428571
1,37,2,1792,1792.0,1.0
1,38,0,1600,1834.0,0.8724100327153762
1,38,1,1834,1834.0,1.0
1,38,2,1792,1834.0,0.9770992366412213
1,39,0,1600,1888.0,0.847457627118644
1,39,1,1834,1888.0,0.9713983050847458
1,39,2,1888,1888.0,1.0
1,40,0,1600,1929.0,0.8294453084499741
1,40,1,1929,1929.0,1.0
1,40,2,1888,1929.0,0.9787454639709694
1,41,0,1600,1961.0,0.815910249872514
1,41,1,1961,1961.0,1.0
1,41,2,1888,1961.0,0.9627740948495666
1,42,0,1600,1993.0,0.8028098344204716
1,42,1,1993,1993.0,1.0
1,42,2,1888,1993.0,0.9473156046161565
1,43,0,1600,2061.0,0.7763221737020863
1,43,1,1993,2061.0,0.9670063076176614
1,43,2,2061,2061.0,1.0
1,44,0,1600,2127.0,0.7522331922896098
1,44,1,1993,2127.0,0.9370004701457452
1,44,2,2127,2127.0,1.0
1,45,0,1600,2159.0,0.7410838351088467
1,45,1,2159,2159.0,1.0
1,45,2,2127,2159.0,0.9851783232978231
1,46,0,1600,2215.0,0.7223476297968398
1,46,1,2159,2215.0,0.9747178329571106
1,46,2,2215,2215.0,1.0
1,47,0,1600,2256.0,0.7092198581560284
1,47,1,2256,2256.0,1.0
1,47,2,2215,2256.0,0.9818262411347518
1,48,0,1600,2294.0,0.6974716652136007
1,48,1,2256,2294.0,0.983435047951177
1,48,2,2294,2294.0,1.0
1,49,0,1600,2339.0,0.6840530141085934
1,49,1,2339,2339.0,1.0
1,49,2,2294,2339.0,0.9807610089781958
1,50,0,1600,2376.0,0.6734006734006734
1,50,1,2339,2376.0,0.9844276094276094
1,50,2,2376,2376.0,1.0
1,51,0,1600,2409.0,0.66417600664176
1,51,1,2409,2409.0,1.0
1,51,2,2376,2409.0,0.9863013698630136
1,52,0,1600,2446.0,0.6541291905151267
1,52,1,2446,2446.0,1.0
1,52,2,2376,2446.0,0.9713818479149632
1,53,0,1600,2486.0,0.6436041834271923
1,53,1,2446,2486.0,0.9839098954143202
1,53,2,2486,2486.0,1.0
1,54,0,1600,2536.0,0.6309148264984227
1,54,1,2446,2536.0,0.9645110410094637
1,54,2,2536,2536.0,1.0
1,55,0,2599,2599.0,1.0
1,55,1,2446,2599.0,0.9411312043093497
1,55,2,2536,2599.0,0.9757599076567911
1,56,0,2599,2644.0,0.9829803328290468
1,56,1,2644,2644.0,1.0
1,56,2,2536,2644.0,0.9591527987897126
1,57,0,2599,2686.0,0.9676098287416233
1,57,1,2686,2686.0,1.0
1,57,2,2536,2686.0,0.9441548771407298
1,58,0,2599,2735.0,0.950274223034735
1,58,1,2735,2735.0,1.0
1,58,2,2536,2735.0,0.9272394881170019
1,59,0,2807,2807.0,1.0
1,59,1,2735,2807.0,0.974349839686498
1,59,2,2536,2807.0,0.9034556465977912
1,60,0,2869,2869.0,1.0
1,60,1,2735,2869.0,0.9532938306029975
1,60,2,2536,2869.0,0.8839316835134193
1,61,0,2945,2945.0,1.0
1,61,1,2735,2945.0,0.9286926994906621
1,61,2,2536,2945.0,0.8611205432937181
1,62,0,2945,3014.0,0.9771068347710683
1,62,1,2735,3014.0,0.9074319840743198
1,62,2,3014,3014.0,1.0
1,63,0,2945,3052.0,0.9649410222804718
1,63,1,3052,3052.0,1.0
1,63,2,3014,3052.0,0.9875491480996068
1,64,0,2945,3101.0,0.9496936472105773
1,64,1,3101,3101.0,1.0
1,64,2,3014,3101.0,0.9719445340212834
1,65,0,3149,3149.0,1.0
1,65,1,3101,3149.0,0.984757065735154
1,65,2,3014,3149.0,0.9571292473801206
1,66,0,3149,3193.0,0.9862198559348575
1,66,1,3193,3193.0,1.0
1,66,2,3014,3193.0,0.9439398684622612
1,67,0,3149,3234.0,0.9737167594310452
1,67,1,3193,3234.0,0.9873222016079158
1,67,2,3234,3234.0,1.0
1,68,0,3310,3310.0,1.0
1,68,1,3193,3310.0,0.9646525679758308
1,68,2,3234,3310.0,0.9770392749244713
1,69,0,3310,3340.0,0.9910179640718563
1,69,1,3340,3340.0,1.0
1,69,2,3234,3340.0,0.9682634730538923
1,70,0,3310,3373.0,0.9813222650459532
1,70,1,3373,3373.0,1.0
1,70,2,3234,3373.0,0.9587903943077379
1,71,0,3310,3446.0,0.9605339524085896
1,71,1,3373,3446.0,0.9788160185722576
1,71,2,3446,3446.0,1.0
1,72,0,3310,3510.0,0.9430199430199431
1,72,1,3373,3510.0,0.960968660968661
1,72,2,3510,3510.0,1.0
1,73,0,3310,3563.0,0.9289924221161943
1,73,1,3373,3563.0,0.9466741509963514
1,73,2,3563,3563.0,1.0
1,74,0,3310,3636.0,0.9103410341034104
1,74,1,3373,3636.0,0.9276677667766776
1,74,2,3636,3636.0,1.0
1,75,0,3310,3686.0,0.8979924036896365
1,75,1,3686,3686.0,1.0
1,75,2,3636,3686.0,0.9864351600651112
1,76,0,3752,3752.0,1.0
1,76,1,3686,3752.0,0.982409381663113
1,76,2,3636,3752.0,0.9690831556503199
1,77,0,3812,3812.0,1.0
1,77,1,3686,3812.0,0.9669464847848899
1,77,2,3636,3812.0,0.9538300104931794
1,78,0,3812,3868.0,0.9855222337125129
1,78,1,3686,3868.0,0.9529472595656671
1,78,2,3868,3868.0,1.0
1,79,0,3812,3907.0,0.9756846685436397
1,79,1,3907,3907.0,1.0
1,79,2,3868,3907.0,0.9900179165600205
1,80,0,3812,3957.0,0.963356077836745
1,80,1,3957,3957.0,1.0
1,80,2,3868,3957.0,0.9775082132928986
1,81,0,3812,3993.0,0.9546706736789381
1,81,1,3993,3993.0,1.0
1,81,2,3868,3993.0,0.968695216629101
1,82,0,4064,4064.0,1.0
1,82,1,3993,4064.0,0.9825295275590551
1,82,2,3868,4064.0,0.9517716535433071
1,83,0,4064,4107.0,0.9895300706111517
1,83,1,4107,4107.0,1.0
1,83,2,3868,4107.0,0.9418066715364013
1,84,0,4064,4149.0,0.9795131356953483
1,84,1,4149,4149.0,1.0
1,84,2,3868,4149.0,0.9322728368281513
1,85,0,4064,4209.0,0.9655500118793062
1,85,1,4149,4209.0,0.9857448325017819
1,85,2,4209,4209.0,1.0
1,86,0,4064,4245.0,0.9573616018845701
1,86,1,4245,4245.0,1.0
1,86,2,4209,4245.0,0.9915194346289753
1,87,0,4064,4275.0,0.9506432748538012
1,87,1,4275,4275.0,1.0
1,87,2,4209,4275.0,0.984561403508772
1,88,0,4064,4315.0,0.9418308227114716
1,88,1,4315,4315.0,1.0
1,88,2,4209,4315.0,0.9754345307068366
1,89,0,4064,4354.0,0.9333945796968305
1,89,1,4315,4354.0,0.9910427193385393
1,89,2,4354,4354.0,1.0
1,90,0,4064,4400.0,0.9236363636363636
1,90,1,4315,4400.0,0.9806818181818182
1,90,2,4400,4400.0,1.0
1,91,0,4064,4440.0,0.9153153153153153
1,91,1,4315,4440.0,0.9718468468468469
1,91,2,4440,4440.0,1.0
1,92,0,4064,4486.0,0.9059295586268391
1,92,1,4486,4486.0,1.0
1,92,2,4440,4486.0,0.9897458760588498
1,93,0,4064,4534.0,0.8963387737097486
1,93,1,4534,4534.0,1.0
1,93,2,4440,4534.0,0.9792677547419497
1,94,0,4064,4577.0,0.887917850120166
1,94,1,4577,4577.0,1.0
1,94,2,4440,4577.0,0.9700677299541184
1,95,0,4064,4615.0,0.8806067172264356
1,95,1,4615,4615.0,1.0
1,95,2,4440,4615.0,0.962080173347779
1,96,0,4064,4661.0,0.8719158978759923
1,96,1,4661,4661.0,1.0
1,96,2,4440,4661.0,0.9525852821282986
1,97,0,4064,4709.0,0.8630282437884901
1,97,1,4709,4709.0,1.0
1,97,2,4440,4709.0,0.9428753450838819
1,98,0,4064,4747.0,0.8561196545186434
1,98,1,4747,4747.0,1.0
1,98,2,4440,4747.0,0.9353275753107225
1,99,0,4064,4781.0,0.8500313741895001
1,99,1,4781,4781.0,1.0
1,99,2,4440,4781.0,0.9286760092030956
1,100,0,4064,4818.0,0.8435035284350353
1,100,1,4818,4818.0,1.0
1,100,2,4440,4818.0,0.9215442092154421
1,101,0,4064,4850.0,0.8379381443298969
1,101,1,4850,4850.0,1.0
1,101,2,4440,4850.0,0.9154639175257732
1,102,0,4064,4892.0,0.830744071954211
1,102,1,4892,4892.0,1.0
1,102,2,4440,4892.0,0.9076042518397384
1,103,0,4064,4941.0,0.8225055656749646
1,103,1,4892,4941.0,0.9900829791540174
1,103,2,4941,4941.0,1.0
1,104,0,4064,4974.0,0.817048652995577
1,104,1,4974,4974.0,1.0
1,104,2,4941,4974.0,0.9933655006031363
1,105,0,4064,5014.0,0.8105305145592342
1,105,1,5014,5014.0,1.0
1,105,2,4941,5014.0,0.9854407658556044
1,106,0,4064,5064.0,0.8025276461295419
1,106,1,5064,5064.0,1.0
1,106,2,4941,5064.0,0.9757109004739336
1,107,0,4064,5102.0,0.7965503724029792
1,107,1,5102,5102.0,1.0
1,107,2,4941,5102.0,0.9684437475499804
1,108,0,4064,5142.0,0.7903539478802023
1,108,1,5142,5142.0,1.0
1,108,2,4941,5142.0,0.9609101516919487
1,109,0,4064,5192.0,0.7827426810477658
1,109,1,5142,5192.0,0.9903697996918336
1,109,2,5192,5192.0,1.0
1,110,0,4064,5234.0,0.7764615972487581
1,110,1,5142,5234.0,0.9824226213221245
1,110,2,5234,5234.0,1.0
1,111,0,4064,5269.0,0.7713038527234769
1,111,1,5269,5269.0,1.0
1,111,2,5234,5269.0,0.9933573733156197
1,112,0,4064,5310.0,0.7653483992467043
1,112,1,5269,5310.0,0.9922787193973635
1,112,2,5310,5310.0,1.0
1,113,0,4064,5354.0,0.7590586477400074
1,113,1,5269,5354.0,0.9841240194247292
1,113,2,5354,5354.0,1.0
1,114,0,4064,5424.0,0.7492625368731564
1,114,1,5269,5424.0,0.9714233038348082
1,114,2,5424,5424.0,1.0
1,115,0,4064,5459.0,0.7444586920681443
1,115,1,5459,5459.0,1.0
1,115,2,5424,5459.0,0.993588569335043
1,116,0,4064,5494.0,0.7397160538769567
1,116,1,5494,5494.0,1.0
1,116,2,5424,5494.0,0.9872588278121587
1,117,0,4064,5537.0,0.7339714646920715
1,117,1,5537,5537.0,1.0
1,117,2,5424,5537.0,0.9795918367346939
1,118,0,4064,5602.0,0.7254551945733666
1,118,1,5537,5602.0,0.988397001071046
1,118,2,5602,5602.0,1.0
1,119,0,4064,5647.0,0.7196741632725341
1,119,1,5647,5647.0,1.0
1,119,2,5602,5647.0,0.9920311669913229
1,120,0,4064,5701.0,0.7128573934397474
1,120,1,5647,5701.0,0.9905279775477986
1,120,2,5701,5701.0,1.0
1,121,0,4064,5734.0,0.7087547959539588
1,121,1,5734,5734.0,1.0
1,121,2,5701,5734.0,0.9942448552493897
1,122,0,4064,5776.0,0.703601108033241
1,122,1,5734,5776.0,0.9927285318559557
1,122,2,5776,5776.0,1.0
1,123,0,4064,5818.0,0.6985218288071502
1,123,1,5818,5818.0,1.0
1,123,2,5776,5818.0,0.9927810244070128
1,124,0,4064,5849.0,0.6948196272867156
1,124,1,5849,5849.0,1.0
1,124,2,5776,5849.0,0.9875192340571037
1,125,0,4064,5882.0,0.6909214552873172
1,125,1,5882,5882.0,1.0
1,125,2,5776,5882.0,0.9819789187351241
1,126,0,4064,5938.0,0.6844055237453688
1,126,1,5882,5938.0,0.9905692152239811
1,126,2,5938,5938.0,1.0
1,127,0,4064,5964.0,0.681421864520456
1,127,1,5964,5964.0,1.0
1,127,2,5938,5964.0,0.9956405097250167
1,128,0,4064,6038.0,0.6730705531632991
1,128,1,5964,6038.0,0.9877442861874793
1,128,2,6038,6038.0,1.0
1,129,0,4064,6070.0,0.6695222405271829
1,129,1,6070,6070.0,1.0
1,129,2,6038,6070.0,0.9947281713344316
1,130,0,4064,6105.0,0.6656838656838657
1,130,1,6070,6105.0,0.9942669942669943
1,130,2,6105,6105.0,1.0
1,131,0,4064,6145.0,0.6613506916192026
1,131,1,6070,6145.0,0.9877949552481693
1,131,2,6145,6145.0,1.0
1,132,0,4064,6180.0,0.6576051779935275
1,132,1,6180,6180.0,1.0
1,132,2,6145,6180.0,0.9943365695792881
1,133,0,4064,6230.0,0.6523274478330658
1,133,1,6230,6230.0,1.0
1,133,2,6145,6230.0,0.9863563402889246
1,134,0,4064,6272.0,0.6479591836734694
1,134,1,6272,6272.0,1.0
1,134,2,6145,6272.0,0.9797512755102041
2,1,0,34,34.0,1.0
2,1,1,0,34.0,0.0
2,1,2,0,34.0,0.0
2,2,0,93,93.0,1.0
2,2,1,0,93.0,0.0
2,2,2,0,93.0,0.0
2,3,0,158,158.0,1.0
2,3,1,0,158.0,0.0
2,3,2,0,158.0,0.0
2,4,0,158,174.0,0.9080459770114943
2,4,1,174,174.0,1.0
2,4,2,0,174.0,0.0
2,5,0,239,239.0,1.0
2,5,1,174,239.0,0.7280334728033473
2,5,2,0,239.0,0.0
2,6,0,294,294.0,1.0
2,6,1,174,294.0,0.5918367346938775
2,6,2,0,294.0,0.0
2,7,0,294,322.0,0.9130434782608695
2,7,1,322,322.0,1.0
2,7,2,0,322.0,0.0
2,8,0,398,398.0,1.0
2,8,1,322,398.0,0.8090452261306532
2,8,2,0,398.0,0.0
2,9,0,398,438.0,0.908675799086758
2,9,1,438,438.0,1.0
2,9,2,0,438.0,0.0
2,10,0,398,483.0,0.8240165631469979
2,10,1,483,483.0,1.0
2,10,2,0,483.0,0.0
2,11,0,542,542.0,1.0
2,11,1,483,542.0,0.8911439114391144
2,11,2,0,542.0,0.0
2,12,0,622,622.0,1.0
2,12,1,483,622.0,0.7765273311897106
2,12,2,0,622.0,0.0
2,13,0,693,693.0,1.0
2,13,1,483,693.0,0.696969696969697
2,13,2,0,693.0,0.0
2,14,0,693,715.0,0.9692307692307692
2,14,1,483,715.0,0.6755244755244755
2,14,2,715,715.0,1.0
2,15,0,693,760.0,0.9118421052631579
2,15,1,760,760.0,1.0
2,15,2,715,760.0,0.9407894736842105
2,16,0,831,831.0,1.0
2,16,1,760,831.0,0.914560770156438
2,16,2,715,831.0,0.8604091456077015
2,17,0,831,864.0,0.9618055555555556
2,17,1,864,864.0,1.0
2,17,2,715,864.0,0.8275462962962963
2,18,0,936,936.0,1.0
2,18,1,864,936.0,0.9230769230769231
2,18,2,715,936.0,0.7638888888888888
2,19,0,936,981.0,0.9541284403669725
2,19,1,981,981.0,1.0
2,19,2,715,981.0,0.7288481141692151
2,20,0,1062,1062.0,1.0
2,20,1,981,1062.0,0.923728813559322
2,20,2,715,1062.0,0.6732580037664784
2,21,0,1062,1093.0,0.9716376944190301
2,21,1,1093,1093.0,1.0
2,21,2,715,1093.0,0.6541628545288197
2,22,0,1062,1121.0,0.9473684210526315
2,22,1,1121,1121.0,1.0
2,22,2,715,1121.0,0.6378233719892953
2,23,0,1062,1160.0,0.9155172413793103
2,23,1,1121,1160.0,0.9663793103448276
2,23,2,1160,1160.0,1.0
2,24,0,1062,1229.0,0.8641171684296176
2,24,1,1121,1229.0,0.9121236777868186
2,24,2,1229,1229.0,1.0
2,25,0,1062,1283.0,0.8277474668745128
2,25,1,1121,1283.0,0.8737334372564303
2,25,2,1283,1283.0,1.0
2,26,0,1062,1331.0,0.7978963185574756
2,26,1,1121,1331.0,0.8422238918106687
2,26,2,1331,1331.0,1.0
2,27,0,1062,1368.0,0.7763157894736842
2,27,1,1368,1368.0,1.0
2,27,2,1331,1368.0,0.972953216374269
2,28,0,1062,1404.0,0.7564102564102564
2,28,1,1404,1404.0,1.0
2,28,2,1331,1404.0,0.948005698005698
2,29,0,1062,1477.0,0.7190250507786052
2,29,1,1404,1477.0,0.950575490859851
2,29,2,1477,1477.0,1.0
2,30,0,1062,1550.0,0.6851612903225807
2,30,1,1404,1550.0,0.9058064516129032
2,30,2,1550,1550.0,1.0
2,31,0,1062,1583.0,0.6708780795957043
2,31,1,1583,1583.0,1.0
2,31,2,1550,1583.0,0.9791535060012634
2,32,0,1062,1628.0,0.6523341523341524
2,32,1,1628,1628.0,1.0
2,32,2,1550,1628.0,0.952088452088452
2,33,0,1062,1684.0,0.6306413301662708
2,33,1,1628,1684.0,0.9667458432304038
2,33,2,1684,1684.0,1.0
2,34,0,1062,1719.0,0.6178010471204188
2,34,1,1719,1719.0,1.0
2,34,2,1684,1719.0,0.9796393251890634
2,35,0,1062,1774.0,0.5986471251409244
2,35,1,1719,1774.0,0.9689966178128523
2,35,2,1774,1774.0,1.0
2,36,0,1062,1808.0,0.5873893805309734
2,36,1,1808,1808.0,1.0
2,36,2,1774,1808.0,0.9811946902654868
2,37,0,1062,1853.0,0.5731246627091203
2,37,1,1853,1853.0,1.0
2,37,2,1774,1853.0,0.9573664328116568
2,38,0,1062,1892.0,0.5613107822410148
2,38,1,1892,1892.0,1.0
2,38,2,1774,1892.0,0.9376321353065539
2,39,0,1062,1961.0,0.5415604283528812
2,39,1,1892,1961.0,0.9648138704742478
2,39,2,1961,1961.0,1.0
2,40,0,1062,1998.0,0.5315315315315315
2,40,1,1998,1998.0,1.0
2,40,2,1961,1998.0,0.9814814814814815
2,41,0,1062,2039.0,0.5208435507601765
2,41,1,1998,2039.0,0.9798921039725356
2,41,2,2039,2039.0,1.0
2,42,0,1062,2082.0,0.5100864553314121
2,42,1,2082,2082.0,1.0
2,42,2,2039,2082.0,0.9793467819404419
2,43,0,1062,2133.0,0.4978902953586498
2,43,1,2082,2133.0,0.9760900140646976
2,43,2,2133,2133.0,1.0
2,44,0,2189,2189.0,1.0
2,44,1,2082,2189.0,0.9511192325262677
2,44,2,2133,2189.0,0.9744175422567383
2,45,0,2232,2232.0,1.0
2,45,1,2082,2232.0,0.9327956989247311
2,45,2,2133,2232.0,0.9556451612903226
2,46,0,2232,2275.0,0.9810989010989011
2,46,1,2275,2275.0,1.0
2,46,2,2133,2275.0,0.9375824175824176
2,47,0,2232,2307.0,0.9674902470741222
2,47,1,2307,2307.0,1.0
2,47,2,2133,2307.0,0.9245773732119635
2,48,0,2232,2375.0,0.9397894736842105
2,48,1,2307,2375.0,0.9713684210526315
2,48,2,2375,2375.0,1.0
2,49,0,2232,2411.0,0.9257569473247615
2,49,1,2411,2411.0,1.0
2,49,2,2375,2411.0,0.9850684363334716
2,50,0,2232,2436.0,0.916256157635468
2,50,1,2436,2436.0,1.0
2,50,2,2375,2436.0,0.9749589490968801
2,51,0,2232,2502.0,0.8920863309352518
2,51,1,2436,2502.0,0.973621103117506
2,51,2,2502,2502.0,1.0
2,52,0,2232,2552.0,0.8746081504702194
2,52,1,2552,2552.0,1.0
2,52,2,2502,2552.0,0.9804075235109718
2,53,0,2232,2603.0,0.8574721475220899
2,53,1,2552,2603.0,0.9804072224356511
2,53,2,2603,2603.0,1.0
2,54,0,2232,2660.0,0.8390977443609022
2,54,1,2552,2660.0,0.9593984962406015
2,54,2,2660,2660.0,1.0
2,55,0,2232,2733.0,0.8166849615806806
2,55,1,2552,2733.0,0.933772411269667
2,55,2,2733,2733.0,1.0
2,56,0,2799,2799.0,1.0
2,56,1,2552,2799.0,0.9117541979278314
2,56,2,2733,2799.0,0.9764201500535906
2,57,0,2799,2842.0,0.9848698099929627
2,57,1,2552,2842.0,0.8979591836734694
2,57,2,2842,2842.0,1.0
2,58,0,2799,2884.0,0.9705270457697642
2,58,1,2884,2884.0,1.0
2,58,2,2842,2884.0,0.9854368932038835
2,59,0,2799,2924.0,0.957250341997264
2,59,1,2884,2924.0,0.9863201094391245
2,59,2,2924,2924.0,1.0
2,60,0,2799,2961.0,0.9452887537993921
2,60,1,2961,2961.0,1.0
2,60,2,2924,2961.0,0.9875042215467748
2,61,0,2799,3011.0,0.9295914978412487
2,61,1,2961,3011.0,0.9833942211889738
2,61,2,3011,3011.0,1.0
2,62,0,2799,3075.0,0.9102439024390244
2,62,1,2961,3075.0,0.9629268292682926
2,62,2,3075,3075.0,1.0
2,63,0,2799,3111.0,0.8997107039537127
2,63,1,3111,3111.0,1.0
2,63,2,3075,3111.0,0.9884281581485053
2,64,0,2799,3141.0,0.8911174785100286
2,64,1,3141,3141.0,1.0
2,64,2,3075,3141.0,0.9789875835721108
2,65,0,2799,3178.0,0.880742605412209
2,65,1,3141,3178.0,0.9883574575204531
2,65,2,3178,3178.0,1.0
2,66,0,3226,3226.0,1.0
2,66,1,3141,3226.0,0.9736515809051457
2,66,2,3178,3226.0,0.9851208927464352
2,67,0,3226,3267.0,0.9874502601775329
2,67,1,3267,3267.0,1.0
2,67,2,3178,3267.0,0.972757881848791
2,68,0,3226,3305.0,0.9760968229954614
2,68,1,3305,3305.0,1.0
2,68,2,3178,3305.0,0.9615733736762481
2,69,0,3226,3347.0,0.9638482222886167
2,69,1,3347,3347.0,1.0
2,69,2,3178,3347.0,0.9495070212130265
2,70,0,3226,3382.0,0.9538734476641041
2,70,1,3382,3382.0,1.0
2,70,2,3178,3382.0,0.9396806623299823
2,71,0,3226,3450.0,0.9350724637681159
2,71,1,3382,3450.0,0.9802898550724638
2,71,2,3450,3450.0,1.0
2,72,0,3226,3504.0,0.920662100456621
2,72,1,3382,3504.0,0.9651826484018264
2,72,2,3504,3504.0,1.0
2,73,0,3226,3541.0,0.9110420785088958
2,73,1,3541,3541.0,1.0
2,73,2,3504,3541.0,0.9895509743010449
2,74,0,3226,3578.0,0.9016210173281163
2,74,1,3541,3578.0,0.9896590273896031
2,74,2,3578,3578.0,1.0
2,75,0,3226,3628.0,0.8891951488423374
2,75,1,3628,3628.0,1.0
2,75,2,3578,3628.0,0.9862183020948181
2,76,0,3226,3666.0,0.8799781778505182
2,76,1,3666,3666.0,1.0
2,76,2,3578,3666.0,0.9759956355701036
2,77,0,3726,3726.0,1.0
2,77,1,3666,3726.0,0.9838969404186796
2,77,2,3578,3726.0,0.9602791196994096
2,78,0,3726,3764.0,0.98990435706695
2,78,1,3666,3764.0,0.9739638682252922
2,78,2,3764,3764.0,1.0
2,79,0,3726,3808.0,0.9784663865546218
2,79,1,3808,3808.0,1.0
2,79,2,3764,3808.0,0.9884453781512605
2,80,0,3726,3845.0,0.9690507152145643
2,80,1,3845,3845.0,1.0
2,80,2,3764,3845.0,0.9789336801040313
2,81,0,3726,3894.0,0.9568567026194145
2,81,1,3894,3894.0,1.0
2,81,2,3764,3894.0,0.9666153055983564
2,82,0,3726,3927.0,0.9488158899923606
2,82,1,3927,3927.0,1.0
2,82,2,3764,3927.0,0.9584924879042526
2,83,0,3726,3977.0,0.9368871008297712
2,83,1,3927,3977.0,0.9874277093286397
2,83,2,3977,3977.0,1.0
2,84,0,3726,4037.0,0.9229625959871192
2,84,1,3927,4037.0,0.9727520435967303
2,84,2,4037,4037.0,1.0
2,85,0,3726,4086.0,0.9118942731277533
2,85,1,4086,4086.0,1.0
2,85,2,4037,4086.0,0.9880078316201665
2,86,0,3726,4128.0,0.9026162790697675
2,86,1,4128,4128.0,1.0
2,86,2,4037,4128.0,0.9779554263565892
2,87,0,3726,4160.0,0.895673076923077
2,87,1,4160,4160.0,1.0
2,87,2,4037,4160.0,0.9704326923076924
2,88,0,3726,4210.0,0.8850356294536817
2,88,1,4210,4210.0,1.0
2,88,2,4037,4210.0,0.9589073634204276
2,89,0,3726,4249.0,0.8769122146387385
2,89,1,4249,4249.0,1.0
2,89,2,4037,4249.0,0.9501059072722994
2,90,0,4325,4325.0,1.0
2,90,1,4249,4325.0,0.9824277456647399
2,90,2,4037,4325.0,0.9334104046242775
2,91,0,4325,4370.0,0.9897025171624714
2,91,1,4249,4370.0,0.9723112128146453
2,91,2,4370,4370.0,1.0
2,92,0,4448,4448.0,1.0
2,92,1,4249,4448.0,0.9552607913669064
2,92,2,4370,4448.0,0.9824640287769785
2,93,0,4448,4491.0,0.9904252950345135
2,93,1,4491,4491.0,1.0
2,93,2,4370,4491.0,0.9730572255622356
2,94,0,4448,4532.0,0.9814651368049426
2,94,1,4532,4532.0,1.0
2,94,2,4370,4532.0,0.9642541924095323
2,95,0,4448,4574.0,0.9724529951902056
2,95,1,4532,4574.0,0.9908176650634019
2,95,2,4574,4574.0,1.0
2,96,0,4448,4614.0,0.9640225400953619
2,96,1,4614,4614.0,1.0
2,96,2,4574,4614.0,0.9913307325530992
2,97,0,4448,4654.0,0.9557370004297379
2,97,1,4654,4654.0,1.0
2,97,2,4574,4654.0,0.9828104856037817
2,98,0,4448,4700.0,0.9463829787234043
2,98,1,4700,4700.0,1.0
2,98,2,4574,4700.0,0.9731914893617021
2,99,0,4448,4739.0,0.9385946402194556
2,99,1,4700,4739.0,0.9917704156995146
2,99,2,4739,4739.0,1.0
2,100,0,4448,4782.0,0.9301547469677959
2,100,1,4782,4782.0,1.0
2,100,2,4739,4782.0,0.9910079464659138
2,101,0,4448,4818.0,0.9232046492320465
2,101,1,4782,4818.0,0.9925280199252802
2,101,2,4818,4818.0,1.0
2,102,0,4448,4861.0,0.9150380580127546
2,102,1,4861,4861.0,1.0
2,102,2,4818,4861.0,0.991154083521909
2,103,0,4448,4903.0,0.9071996736691821
2,103,1,4861,4903.0,0.9914338160310014
2,103,2,4903,4903.0,1.0
2,104,0,4448,4959.0,0.8969550312563017
2,104,1,4861,4959.0,0.9802379511998387
2,104,2,4959,4959.0,1.0
2,105,0,4448,4994.0,0.8906688025630757
2,105,1,4994,4994.0,1.0
2,105,2,4959,4994.0,0.9929915899078895
2,106,0,4448,5042.0,0.882189607298691
2,106,1,5042,5042.0,1.0
2,106,2,4959,5042.0,0.9835382784609282
2,107,0,4448,5085.0,0.8747295968534906
2,107,1,5085,5085.0,1.0
2,107,2,4959,5085.0,0.9752212389380531
2,108,0,4448,5134.0,0.8663809894818855
2,108,1,5085,5134.0,0.9904557849629918
2,108,2,5134,5134.0,1.0
2,109,0,4448,5177.0,0.8591848560942631
2,109,1,5177,5177.0,1.0
2,109,2,5134,5177.0,0.9916940312922542
2,110,0,4448,5219.0,0.8522705499137766
2,110,1,5219,5219.0,1.0
2,110,2,5134,5219.0,0.9837133550488599
2,111,0,4448,5259.0,0.8457881726563986
2,111,1,5219,5259.0,0.9923939912530899
2,111,2,5259,5259.0,1.0
2,112,0,5321,5321.0,1.0
2,112,1,5219,5321.0,0.9808306709265175
2,112,2,5259,5321.0,0.9883480548769028
2,113,0,5321,5361.0,0.9925387054653982
2,113,1,5361,5361.0,1.0
2,113,2,5259,5361.0,0.9809736989367656
2,114,0,5321,5400.0,0.9853703703703703
2,114,1,5361,5400.0,0.9927777777777778
2,114,2,5400,5400.0,1.0
2,115,0,5321,5446.0,0.9770473742196107
2,115,1,5446,5446.0,1.0
2,115,2,5400,5446.0,0.9915534337128168
2,116,0,5321,5487.0,0.9697466739566247
2,116,1,5446,5487.0,0.9925277929651904
2,116,2,5487,5487.0,1.0
2,117,0,5321,5557.0,0.9575310419290984
2,117,1,5446,5557.0,0.9800251934497031
2,117,2,5557,5557.0,1.0
2,118,0,5321,5586.0,0.9525599713569638
2,118,1,5586,5586.0,1.0
2,118,2,5557,5586.0,0.9948084496956677
2,119,0,5321,5621.0,0.9466287137520014
2,119,1,5621,5621.0,1.0
2,119,2,5557,5621.0,0.9886141256004269
2,120,0,5321,5663.0,0.9396079816351757
2,120,1,5663,5663.0,1.0
2,120,2,5557,5663.0,0.9812820060038848
2,121,0,5321,5694.0,0.9344924481910784
2,121,1,5694,5694.0,1.0
2,121,2,5557,5694.0,0.9759395855286266
2,122,0,5321,5744.0,0.9263579387186629
2,122,1,5744,5744.0,1.0
2,122,2,5557,5744.0,0.9674442896935933
2,123,0,5321,5809.0,0.9159924255465657
2,123,1,5744,5809.0,0.9888104665174728
2,123,2,5809,5809.0,1.0
2,124,0,5321,5859.0,0.9081754565625534
2,124,1,5859,5859.0,1.0
2,124,2,5809,5859.0,0.9914661204983786
2,125,0,5321,5897.0,0.9023232151941665
2,125,1,5897,5897.0,1.0
2,125,2,5809,5897.0,0.9850771578768865
2,126,0,5321,5930.0,0.8973018549747049
2,126,1,5930,5930.0,1.0
2,126,2,5809,5930.0,0.9795952782462057
2,127,0,5321,5960.0,0.8927852348993288
2,127,1,5960,5960.0,1.0
2,127,2,5809,5960.0,0.9746644295302014
2,128,0,5321,5986.0,0.8889074507183428
2,128,1,5986,5986.0,1.0
2,128,2,5809,5986.0,0.9704310056799198
2,129,0,5321,6019.0,0.8840338926732015
2,129,1,6019,6019.0,1.0
2,129,2,5809,6019.0,0.9651104834690147
2,130,0,5321,6088.0,0.8740144546649146
2,130,1,6019,6088.0,0.9886662286465178
2,130,2,6088,6088.0,1.0
2,131,0,5321,6120.0,0.8694444444444445
2,131,1,6120,6120.0,1.0
2,131,2,6088,6120.0,0.9947712418300654
2,132,0,5321,6162.0,0.8635183382018825
2,132,1,6162,6162.0,1.0
2,132,2,6088,6162.0,0.987990912041545
2,133,0,5321,6207.0,0.857257934589979
2,133,1,6207,6207.0,1.0
2,133,2,6088,6207.0,0.9808280973094893
2,134,0,5321,6242.0,0.8524511374559436
2,134,1,6207,6242.0,0.9943928228132008
2,134,2,6242,6242.0,1.0
3,1,0,34,34.0,1.0
3,1,1,0,34.0,0.0
3,1,2,0,34.0,0.0
3,2,0,92,92.0,1.0
3,2,1,0,92.0,0.0
3,2,2,0,92.0,0.0
3,3,0,154,154.0,1.0
3,3,1,0,154.0,0.0
3,3,2,0,154.0,0.0
3,4,0,225,225.0,1.0
3,4,1,0,225.0,0.0
3,4,2,0,225.0,0.0
3,5,0,288,288.0,1.0
3,5,1,0,288.0,0.0
3,5,2,0,288.0,0.0
3,6,0,359,359.0,1.0
3,6,1,0,359.0,0.0
3,6,2,0,359.0,0.0
3,7,0,425,425.0,1.0
3,7,1,0,425.0,0.0
3,7,2,0,425.0,0.0
3,8,0,484,484.0,1.0
3,8,1,0,484.0,0.0
3,8,2,0,484.0,0.0
3,9,0,547,547.0,1.0
3,9,1,0,547.0,0.0
3,9,2,0,547.0,0.0
3,10,0,547,563.0,0.9715808170515098
3,10,1,563,563.0,1.0
3,10,2,0,563.0,0.0
3,11,0,547,608.0,0.899671052631579
3,11,1,608,608.0,1.0
3,11,2,0,608.0,0.0
3,12,0,547,630.0,0.8682539682539683
3,12,1,608,630.0,0.9650793650793651
3,12,2,630,630.0,1.0
3,13,0,547,663.0,0.8250377073906485
3,13,1,663,663.0,1.0
3,13,2,630,663.0,0.9502262443438914
3,14,0,547,703.0,0.7780938833570412
3,14,1,703,703.0,1.0
3,14,2,630,703.0,0.8961593172119487
3,15,0,784,784.0,1.0
3,15,1,703,784.0,0.8966836734693877
3,15,2,630,784.0,0.8035714285714286
3,16,0,784,823.0,0.9526123936816525
3,16,1,703,823.0,0.8541919805589308
3,16,2,823,823.0,1.0
3,17,0,784,863.0,0.9084588644264194
3,17,1,863,863.0,1.0
3,17,2,823,863.0,0.9536500579374276
3,18,0,784,936.0,0.8376068376068376
3,18,1,863,936.0,0.9220085470085471
3,18,2,936,936.0,1.0
3,19,0,784,992.0,0.7903225806451613
3,19,1,863,992.0,0.8699596774193549
3,19,2,992,992.0,1.0
3,20,0,784,1027.0,0.7633885102239533
3,20,1,1027,1027.0,1.0
3,20,2,992,1027.0,0.9659201557935735
3,21,0,1107,1107.0,1.0
3,21,1,1027,1107.0,0.9277326106594399
3,21,2,992,1107.0,0.8961156278229448
3,22,0,1107,1149.0,0.9634464751958225
3,22,1,1149,1149.0,1.0
3,22,2,992,1149.0,0.8633594429939078
3,23,0,1107,1194.0,0.9271356783919598
3,23,1,1149,1194.0,0.9623115577889447
3,23,2,1194,1194.0,1.0
3,24,0,1107,1232.0,0.898538961038961
3,24,1,1232,1232.0,1.0
3,24,2,1194,1232.0,0.9691558441558441
3,25,0,1308,1308.0,1.0
3,25,1,1232,1308.0,0.9418960244648318
3,25,2,1194,1308.0,0.9128440366972477
3,26,0,1308,1345.0,0.9724907063197026
3,26,1,1345,1345.0,1.0
3,26,2,1194,1345.0,0.8877323420074349
3,27,0,1308,1390.0,0.9410071942446043
3,27,1,1345,1390.0,0.9676258992805755
3,27,2,1390,1390.0,1.0
3,28,0,1308,1440.0,0.9083333333333333
3,28,1,1440,1440.0,1.0
3,28,2,1390,1440.0,0.9652777777777778
3,29,0,1308,1483.0,0.8819959541469993
3,29,1,1483,1483.0,1.0
3,29,2,1390,1483.0,0.9372892784895482
3,30,0,1308,1532.0,0.8537859007832899
3,30,1,1483,1532.0,0.9680156657963447
3,30,2,1532,1532.0,1.0
3,31,0,1588,1588.0,1.0
3,31,1,1483,1588.0,0.9338790931989924
3,31,2,1532,1588.0,0.964735516372796
3,32,0,1588,1630.0,0.9742331288343559
3,32,1,1483,1630.0,0.9098159509202454
3,32,2,1630,1630.0,1.0
3,33,0,1588,1666.0,0.9531812725090036
3,33,1,1666,1666.0,1.0
3,33,2,1630,1666.0,0.978391356542617
3,34,0,1588,1709.0,0.9291983616149795
3,34,1,1709,1709.0,1.0
3,34,2,1630,1709.0,0.9537741369221767
3,35,0,1588,1739.0,0.9131684876365728
3,35,1,1739,1739.0,1.0
3,35,2,1630,1739.0,0.9373202990224266
3,36,0,1588,1776.0,0.8941441441441441
3,36,1,1776,1776.0,1.0
3,36,2,1630,1776.0,0.9177927927927928
3,37,0,1588,1812.0,0.8763796909492274
3,37,1,1812,1812.0,1.0
3,37,2,1630,1812.0,0.8995584988962473
3,38,0,1588,1881.0,0.8442317916002127
3,38,1,1812,1881.0,0.9633173843700159
3,38,2,1881,1881.0,1.0
3,39,0,1588,1919.0,0.8275143303804064
3,39,1,1812,1919.0,0.9442417926003127
3,39,2,1919,1919.0,1.0
3,40,0,1588,1960.0,0.810204081632653
3,40,1,1960,1960.0,1.0
3,40,2,1919,1960.0,0.9790816326530613
3,41,0,1588,2000.0,0.794
3,41,1,2000,2000.0,1.0
3,41,2,1919,2000.0,0.9595
3,42,0,1588,2040.0,0.7784313725490196
3,42,1,2000,2040.0,0.9803921568627451
3,42,2,2040,2040.0,1.0
3,43,0,1588,2084.0,0.761996161228407
3,43,1,2084,2084.0,1.0
3,43,2,2040,2084.0,0.9788867562380038
3,44,0,1588,2152.0,0.7379182156133829
3,44,1,2084,2152.0,0.9684014869888475
3,44,2,2152,2152.0,1.0
3,45,0,2232,2232.0,1.0
3,45,1,2084,2232.0,0.9336917562724014
3,45,2,2152,2232.0,0.96415770609319
3,46,0,2293,2293.0,1.0
3,46,1,2084,2293.0,0.9088530309638029
3,46,2,2152,2293.0,0.9385085041430441
3,47,0,2293,2336.0,0.9815924657534246
3,47,1,2336,2336.0,1.0
3,47,2,2152,2336.0,0.9212328767123288
3,48,0,2293,2391.0,0.959012965286491
3,48,1,2336,2391.0,0.9769970723546634
3,48,2,2391,2391.0,1.0
3,49,0,2293,2424.0,0.945957095709571
3,49,1,2424,2424.0,1.0
3,49,2,2391,2424.0,0.9863861386138614
3,50,0,2293,2466.0,0.929845904298459
3,50,1,2424,2466.0,0.9829683698296837
3,50,2,2466,2466.0,1.0
3,51,0,2293,2507.0,0.9146390107698444
3,51,1,2424,2507.0,0.9668927004387714
3,51,2,2507,2507.0,1.0
3,52,0,2293,2556.0,0.8971048513302035
3,52,1,2556,2556.0,1.0
3,52,2,2507,2556.0,0.980829420970266
3,53,0,2293,2616.0,0.8765290519877675
3,53,1,2556,2616.0,0.9770642201834863
3,53,2,2616,2616.0,1.0
3,54,0,2293,2646.0,0.8665910808767952
3,54,1,2646,2646.0,1.0
3,54,2,2616,2646.0,0.9886621315192744
3,55,0,2293,2696.0,0.8505192878338279
3,55,1,2696,2696.0,1.0
3,55,2,2616,2696.0,0.9703264094955489
3,56,0,2293,2735.0,0.8383912248628885
3,56,1,2735,2735.0,1.0
3,56,2,2616,2735.0,0.9564899451553931
3,57,0,2293,2768.0,0.8283959537572254
3,57,1,2768,2768.0,1.0
3,57,2,2616,2768.0,0.9450867052023122
3,58,0,2293,2811.0,0.8157239416577731
3,58,1,2811,2811.0,1.0
3,58,2,2616,2811.0,0.9306296691568837
3,59,0,2293,2872.0,0.7983983286908078
3,59,1,2811,2872.0,0.9787604456824512
3,59,2,2872,2872.0,1.0
3,60,0,2931,2931.0,1.0
3,60,1,2811,2931.0,0.9590583418628454
3,60,2,2872,2931.0,0.9798703514158991
3,61,0,2931,2973.0,0.9858728557013118
3,61,1,2973,2973.0,1.0
3,61,2,2872,2973.0,0.9660275815674403
3,62,0,2931,3009.0,0.9740777666999003
3,62,1,2973,3009.0,0.9880358923230309
3,62,2,3009,3009.0,1.0
3,63,0,2931,3042.0,0.9635108481262328
3,63,1,3042,3042.0,1.0
3,63,2,3009,3042.0,0.9891518737672583
3,64,0,2931,3074.0,0.9534808067664281
3,64,1,3074,3074.0,1.0
3,64,2,3009,3074.0,0.9788549121665582
3,65,0,2931,3115.0,0.9409309791332263
3,65,1,3115,3115.0,1.0
3,65,2,3009,3115.0,0.9659711075441413
3,66,0,2931,3168.0,0.9251893939393939
3,66,1,3115,3168.0,0.983270202020202
3,66,2,3168,3168.0,1.0
3,67,0,2931,3225.0,0.9088372093023256
3,67,1,3115,3225.0,0.9658914728682171
3,67,2,3225,3225.0,1.0
3,68,0,2931,3291.0,0.8906107566089334
3,68,1,3115,3291.0,0.9465208143421452
3,68,2,3291,3291.0,1.0
3,69,0,3356,3356.0,1.0
3,69,1,3115,3356.0,0.9281883194278904
3,69,2,3291,3356.0,0.9806317044100119
3,70,0,3356,3393.0,0.9890951959917477
3,70,1,3115,3393.0,0.9180666077217802
3,70,2,3393,3393.0,1.0
3,71,0,3356,3461.0,0.9696619474140422
3,71,1,3115,3461.0,0.9000288933834152
3,71,2,3461,3461.0,1.0
3,72,0,3356,3507.0,0.956943256344454
3,72,1,3507,3507.0,1.0
3,72,2,3461,3507.0,0.986883376104933
3,73,0,3356,3545.0,0.946685472496474
3,73,1,3507,3545.0,0.9892806770098731
3,73,2,3545,3545.0,1.0
3,74,0,3356,3605.0,0.9309292649098474
3,74,1,3507,3605.0,0.9728155339805825
3,74,2,3605,3605.0,1.0
3,75,0,3660,3660.0,1.0
3,75,1,3507,3660.0,0.9581967213114754
3,75,2,3605,3660.0,0.9849726775956285
3,76,0,3660,3696.0,0.9902597402597403
3,76,1,3696,3696.0,1.0
3,76,2,3605,3696.0,0.9753787878787878
3,77,0,3660,3746.0,0.9770421783235451
3,77,1,3746,3746.0,1.0
3,77,2,3605,3746.0,0.9623598505072077
3,78,0,3660,3786.0,0.9667194928684627
3,78,1,3786,3786.0,1.0
3,78,2,3605,3786.0,0.9521922873745378
3,79,0,3660,3835.0,0.954367666232073
3,79,1,3786,3835.0,0.9872229465449804
3,79,2,3835,3835.0,1.0
3,80,0,3910,3910.0,1.0
3,80,1,3786,3910.0,0.9682864450127877
3,80,2,3835,3910.0,0.9808184143222506
3,81,0,3910,3979.0,0.9826589595375722
3,81,1,3786,3979.0,0.9514953505906006
3,81,2,3979,3979.0,1.0
3,82,0,3910,4023.0,0.9719115088242605
3,82,1,3786,4023.0,0.9410887397464579
3,82,2,4023,4023.0,1.0
3,83,0,3910,4074.0,0.9597447226313206
3,83,1,3786,4074.0,0.9293078055964654
3,83,2,4074,4074.0,1.0
3,84,0,3910,4111.0,0.95110678666991
3,84,1,4111,4111.0,1.0
3,84,2,4074,4111.0,0.9909997567501825
3,85,0,3910,4181.0,0.9351829705812007
3,85,1,4111,4181.0,0.9832575938770629
3,85,2,4181,4181.0,1.0
3,86,0,3910,4254.0,0.919134931828867
3,86,1,4111,4254.0,0.9663845792195581
3,86,2,4254,4254.0,1.0
3,87,0,3910,4288.0,0.9118470149253731
3,87,1,4288,4288.0,1.0
3,87,2,4254,4288.0,0.992070895522388
3,88,0,3910,4321.0,0.904883128905346
3,88,1,4321,4321.0,1.0
3,88,2,4254,4321.0,0.9844943300161999
3,89,0,3910,4356.0,0.8976124885215794
3,89,1,4356,4356.0,1.0
3,89,2,4254,4356.0,0.9765840220385675
3,90,0,3910,4406.0,0.8874262369496142
3,90,1,4406,4406.0,1.0
3,90,2,4254,4406.0,0.9655015887426237
3,91,0,3910,4475.0,0.8737430167597765
3,91,1,4406,4475.0,0.9845810055865922
3,91,2,4475,4475.0,1.0
3,92,0,3910,4548.0,0.8597185576077396
3,92,1,4406,4548.0,0.9687774846086191
3,92,2,4548,4548.0,1.0
3,93,0,3910,4591.0,0.8516663036375517
3,93,1,4591,4591.0,1.0
3,93,2,4548,4591.0,0.9906338488346765
3,94,0,3910,4629.0,0.8446748757831065
3,94,1,4629,4629.0,1.0
3,94,2,4548,4629.0,0.9825016202203499
3,95,0,3910,4671.0,0.8370798544208948
3,95,1,4671,4671.0,1.0
3,95,2,4548,4671.0,0.9736673089274245
3,96,0,3910,4720.0,0.8283898305084746
3,96,1,4720,4720.0,1.0
3,96,2,4548,4720.0,0.9635593220338983
3,97,0,3910,4762.0,0.8210835783284335
3,97,1,4762,4762.0,1.0
3,97,2,4548,4762.0,0.9550608987820244
3,98,0,3910,4826.0,0.8101947782842934
3,98,1,4762,4826.0,0.986738499792789
3,98,2,4826,4826.0,1.0
3,99,0,3910,4861.0,0.8043612425426867
3,99,1,4861,4861.0,1.0
3,99,2,4826,4861.0,0.9927998354248098
3,100,0,3910,4896.0,0.7986111111111112
3,100,1,4861,4896.0,0.9928513071895425
3,100,2,4896,4896.0,1.0
3,101,0,3910,4928.0,0.7934253246753247
3,101,1,4928,4928.0,1.0
3,101,2,4896,4928.0,0.9935064935064936
3,102,0,3910,4983.0,0.784667870760586
3,102,1,4928,4983.0,0.9889624724061811
3,102,2,4983,4983.0,1.0
3,103,0,3910,5023.0,0.7784192713517818
3,103,1,4928,5023.0,0.9810869998009157
3,103,2,5023,5023.0,1.0
3,104,0,5080,5080.0,1.0
3,104,1,4928,5080.0,0.9700787401574803
3,104,2,5023,5080.0,0.9887795275590551
3,105,0,5080,5117.0,0.9927692007035372
3,105,1,4928,5117.0,0.9630642954856361
3,105,2,5117,5117.0,1.0
3,106,0,5080,5167.0,0.9831623766208631
3,106,1,5167,5167.0,1.0
3,106,2,5117,5167.0,0.9903232049545191
3,107,0,5080,5201.0,0.9767352432224572
3,107,1,5201,5201.0,1.0
3,107,2,5117,5201.0,0.9838492597577388
3,108,0,5080,5240.0,0.9694656488549618
3,108,1,5201,5240.0,0.9925572519083969
3,108,2,5240,5240.0,1.0
3,109,0,5080,5285.0,0.9612109744560076
3,109,1,5285,5285.0,1.0
3,109,2,5240,5285.0,0.9914853358561968
3,110,0,5080,5330.0,0.9530956848030019
3,110,1,5330,5330.0,1.0
3,110,2,5240,5330.0,0.9831144465290806
3,111,0,5080,5386.0,0.9431860378759748
3,111,1,5330,5386.0,0.9896026735982176
3,111,2,5386,5386.0,1.0
3,112,0,5080,5421.0,0.937096476664822
3,112,1,5421,5421.0,1.0
3,112,2,5386,5421.0,0.9935436266371518
3,113,0,5080,5465.0,0.929551692589204
3,113,1,5465,5465.0,1.0
3,113,2,5386,5465.0,0.9855443732845379
3,114,0,5080,5513.0,0.9214583711228006
3,114,1,5513,5513.0,1.0
3,114,2,5386,5513.0,0.97696354072193
3,115,0,5080,5558.0,0.913997840949982
3,115,1,5558,5558.0,1.0
3,115,2,5386,5558.0,0.9690536164087802
3,116,0,5080,5600.0,0.9071428571428571
3,116,1,5600,5600.0,1.0
3,116,2,5386,5600.0,0.9617857142857142
3,117,0,5080,5636.0,0.9013484740951029
3,117,1,5600,5636.0,0.99361249112846
3,117,2,5636,5636.0,1.0
3,118,0,5080,5684.0,0.8937368050668544
3,118,1,5684,5684.0,1.0
3,118,2,5636,5684.0,0.9915552427867699
3,119,0,5080,5727.0,0.8870263663349048
3,119,1,5727,5727.0,1.0
3,119,2,5636,5727.0,0.9841103544613236
3,120,0,5080,5760.0,0.8819444444444444
3,120,1,5760,5760.0,1.0
3,120,2,5636,5760.0,0.9784722222222222
3,121,0,5080,5802.0,0.8755601516718373
3,121,1,5802,5802.0,1.0
3,121,2,5636,5802.0,0.9713891761461565
3,122,0,5080,5848.0,0.8686730506155951
3,122,1,5848,5848.0,1.0
3,122,2,5636,5848.0,0.9637482900136799
3,123,0,5080,5881.0,0.8637986736949499
3,123,1,5881,5881.0,1.0
3,123,2,5636,5881.0,0.9583404182962081
3,124,0,5080,5911.0,0.859414650651328
3,124,1,5911,5911.0,1.0
3,124,2,5636,5911.0,0.9534765691084419
3,125,0,5080,5956.0,0.8529214237743452
3,125,1,5956,5956.0,1.0
3,125,2,5636,5956.0,0.9462726662189389
3,126,0,5080,5993.0,0.8476555981978976
3,126,1,5993,5993.0,1.0
3,126,2,5636,5993.0,0.940430502252628
3,127,0,5080,6029.0,0.8425941283794991
3,127,1,6029,6029.0,1.0
3,127,2,5636,6029.0,0.9348150605407198
3,128,0,5080,6074.0,0.8363516628251564
3,128,1,6074,6074.0,1.0
3,128,2,5636,6074.0,0.9278893645044451
3,129,0,5080,6128.0,0.8289817232375979
3,129,1,6074,6128.0,0.9911879895561357
3,129,2,6128,6128.0,1.0
3,130,0,5080,6170.0,0.8233387358184765
3,130,1,6170,6170.0,1.0
3,130,2,6128,6170.0,0.993192868719611
3,131,0,5080,6201.0,0.8192227060151589
3,131,1,6201,6201.0,1.0
3,131,2,6128,6201.0,0.9882277052088373
3,132,0,5080,6234.0,0.8148861084376002
3,132,1,6234,6234.0,1.0
3,132,2,6128,6234.0,0.9829964709656721
3,133,0,5080,6260.0,0.8115015974440895
3,133,1,6260,6260.0,1.0
3,133,2,6128,6260.0,0.9789137380191694
3,134,0,5080,6292.0,0.8073744437380801
3,134,1,6292,6292.0,1.0
3,134,2,6128,6292.0,0.9739351557533376
4,1,0,31,31.0,1.0
4,1,1,0,31.0,0.0
4,1,2,0,31.0,0.0
4,2,0,31,44.0,0.7045454545454546
4,2,1,44,44.0,1.0
4,2,2,0,44.0,0.0
4,3,0,125,125.0,1.0
4,3,1,44,125.0,0.352
4,3,2,0,125.0,0.0
4,4,0,187,187.0,1.0
4,4,1,44,187.0,0.23529411764705882
4,4,2,0,187.0,0.0
4,5,0,187,230.0,0.8130434782608695
4,5,1,230,230.0,1.0
4,5,2,0,230.0,0.0
4,6,0,291,291.0,1.0
4,6,1,230,291.0,0.7903780068728522
4,6,2,0,291.0,0.0
4,7,0,349,349.0,1.0
4,7,1,230,349.0,0.6590257879656161
4,7,2,0,349.0,0.0
4,8,0,415,415.0,1.0
4,8,1,230,415.0,0.5542168674698795
4,8,2,0,415.0,0.0
4,9,0,489,489.0,1.0
4,9,1,230,489.0,0.4703476482617587
4,9,2,0,489.0,0.0
4,10,0,567,567.0,1.0
4,10,1,230,567.0,0.4056437389770723
4,10,2,0,567.0,0.0
4,11,0,630,630.0,1.0
4,11,1,230,630.0,0.36507936507936506
4,11,2,0,630.0,0.0
4,12,0,630,670.0,0.9402985074626866
4,12,1,670,670.0,1.0
4,12,2,0,670.0,0.0
4,13,0,729,729.0,1.0
4,13,1,670,729.0,0.9190672153635117
4,13,2,0,729.0,0.0
4,14,0,729,769.0,0.9479843953185956
4,14,1,769,769.0,1.0
4,14,2,0,769.0,0.0
4,15,0,825,825.0,1.0
4,15,1,769,825.0,0.9321212121212121
4,15,2,0,825.0,0.0
4,16,0,825,861.0,0.9581881533101045
4,16,1,861,861.0,1.0
4,16,2,0,861.0,0.0
4,17,0,825,914.0,0.9026258205689278
4,17,1,861,914.0,0.9420131291028446
4,17,2,914,914.0,1.0
4,18,0,825,939.0,0.8785942492012779
4,18,1,939,939.0,1.0
4,18,2,914,939.0,0.9733759318423855
4,19,0,825,979.0,0.8426966292134831
4,19,1,979,979.0,1.0
4,19,2,914,979.0,0.933605720122574
4,20,0,825,1018.0,0.8104125736738703
4,20,1,979,1018.0,0.9616895874263262
4,20,2,1018,1018.0,1.0
4,21,0,825,1060.0,0.7783018867924528
4,21,1,1060,1060.0,1.0
4,21,2,1018,1060.0,0.960377358490566
4,22,0,825,1116.0,0.739247311827957
4,22,1,1060,1116.0,0.9498207885304659
4,22,2,1116,1116.0,1.0
4,23,0,825,1156.0,0.7136678200692042
4,23,1,1156,1156.0,1.0
4,23,2,1116,1156.0,0.9653979238754326
4,24,0,825,1193.0,0.691533948030176
4,24,1,1156,1193.0,0.9689857502095558
4,24,2,1193,1193.0,1.0
4,25,0,825,1237.0,0.6669361358124495
4,25,1,1156,1237.0,0.9345189975747777
4,25,2,1237,1237.0,1.0
4,26,0,1302,1302.0,1.0
4,26,1,1156,1302.0,0.8878648233486943
4,26,2,1237,1302.0,0.9500768049155146
4,27,0,1302,1340.0,0.9716417910447761
4,27,1,1340,1340.0,1.0
4,27,2,1237,1340.0,0.923134328358209
4,28,0,1302,1408.0,0.9247159090909091
4,28,1,1340,1408.0,0.9517045454545454
4,28,2,1408,1408.0,1.0
4,29,0,1302,1451.0,0.8973121984838043
4,29,1,1340,1451.0,0.923501033769814
4,29,2,1451,1451.0,1.0
4,30,0,1302,1487.0,0.8755884330867518
4,30,1,1487,1487.0,1.0
4,30,2,1451,1487.0,0.9757901815736382
4,31,0,1302,1520.0,0.8565789473684211
4,31,1,1520,1520.0,1.0
4,31,2,1451,1520.0,0.9546052631578947
4,32,0,1302,1584.0,0.821969696969697
4,32,1,1520,1584.0,0.9595959595959596
4,32,2,1584,1584.0,1.0
4,33,0,1302,1621.0,0.8032078963602715
4,33,1,1621,1621.0,1.0
4,33,2,1584,1621.0,0.9771745835903763
4,34,0,1302,1664.0,0.7824519230769231
4,34,1,1664,1664.0,1.0
4,34,2,1584,1664.0,0.9519230769230769
4,35,0,1302,1714.0,0.7596266044340724
4,35,1,1664,1714.0,0.970828471411902
4,35,2,1714,1714.0,1.0
4,36,0,1302,1771.0,0.7351778656126482
4,36,1,1664,1771.0,0.9395821569734614
4,36,2,1771,1771.0,1.0
4,37,0,1302,1806.0,0.7209302325581395
4,37,1,1806,1806.0,1.0
4,37,2,1771,1806.0,0.9806201550387597
4,38,0,1302,1838.0,0.7083786724700761
4,38,1,1838,1838.0,1.0
4,38,2,1771,1838.0,0.9635473340587595
4,39,0,1302,1882.0,0.691817215727949
4,39,1,1882,1882.0,1.0
4,39,2,1771,1882.0,0.9410201912858661
4,40,0,1926,1926.0,1.0
4,40,1,1882,1926.0,0.9771547248182763
4,40,2,1771,1926.0,0.9195223260643821
4,41,0,2006,2006.0,1.0
4,41,1,1882,2006.0,0.938185443668993
4,41,2,1771,2006.0,0.882851445663011
4,42,0,2006,2046.0,0.9804496578690127
4,42,1,1882,2046.0,0.9198435972629521
4,42,2,2046,2046.0,1.0
4,43,0,2106,2106.0,1.0
4,43,1,1882,2106.0,0.8936372269705603
4,43,2,2046,2106.0,0.9715099715099715
4,44,0,2156,2156.0,1.0
4,44,1,1882,2156.0,0.87291280148423
4,44,2,2046,2156.0,0.9489795918367347
4,45,0,2156,2198.0,0.9808917197452229
4,45,1,1882,2198.0,0.8562329390354868
4,45,2,2198,2198.0,1.0
4,46,0,2156,2243.0,0.96121266161391
4,46,1,2243,2243.0,1.0
4,46,2,2198,2243.0,0.9799375835934017
4,47,0,2156,2284.0,0.9439579684763573
4,47,1,2243,2284.0,0.9820490367775832
4,47,2,2284,2284.0,1.0
4,48,0,2156,2324.0,0.927710843373494
4,48,1,2243,2324.0,0.9651462994836488
4,48,2,2324,2324.0,1.0
4,49,0,2156,2359.0,0.913946587537092
4,49,1,2359,2359.0,1.0
4,49,2,2324,2359.0,0.9851632047477745
4,50,0,2156,2432.0,0.8865131578947368
4,50,1,2359,2432.0,0.969983552631579
4,50,2,2432,2432.0,1.0
4,51,0,2156,2477.0,0.870407751312071
4,51,1,2359,2477.0,0.9523617278966492
4,51,2,2477,2477.0,1.0
4,52,0,2548,2548.0,1.0
4,52,1,2359,2548.0,0.9258241758241759
4,52,2,2477,2548.0,0.9721350078492935
4,53,0,2548,2614.0,0.9747513389441469
4,53,1,2359,2614.0,0.9024483550114767
4,53,2,2614,2614.0,1.0
4,54,0,2548,2657.0,0.9589762890477983
4,54,1,2657,2657.0,1.0
4,54,2,2614,2657.0,0.9838163342115167
4,55,0,2548,2693.0,0.9461567025621983
4,55,1,2693,2693.0,1.0
4,55,2,2614,2693.0,0.9706646862235425
4,56,0,2548,2727.0,0.9343601026769344
4,56,1,2727,2727.0,1.0
4,56,2,2614,2727.0,0.9585625229189586
4,57,0,2548,2762.0,0.9225199131064447
4,57,1,2762,2762.0,1.0
4,57,2,2614,2762.0,0.946415640839971
4,58,0,2548,2806.0,0.9080541696364932
4,58,1,2806,2806.0,1.0
4,58,2,2614,2806.0,0.9315751960085531
4,59,0,2548,2857.0,0.8918445922296114
4,59,1,2806,2857.0,0.9821491074553728
4,59,2,2857,2857.0,1.0
4,60,0,2548,2898.0,0.8792270531400966
4,60,1,2898,2898.0,1.0
4,60,2,2857,2898.0,0.9858523119392685
4,61,0,2548,2938.0,0.8672566371681416
4,61,1,2938,2938.0,1.0
4,61,2,2857,2938.0,0.972430224642614
4,62,0,2548,2971.0,0.857623695725345
4,62,1,2971,2971.0,1.0
4,62,2,2857,2971.0,0.9616290811174689
4,63,0,2548,3013.0,0.8456687686691006
4,63,1,3013,3013.0,1.0
4,63,2,2857,3013.0,0.9482243611018918
4,64,0,2548,3054.0,0.8343156516044532
4,64,1,3054,3054.0,1.0
4,64,2,2857,3054.0,0.935494433529797
4,65,0,2548,3089.0,0.8248624150210424
4,65,1,3089,3089.0,1.0
4,65,2,2857,3089.0,0.9248947879572678
4,66,0,2548,3139.0,0.8117234788149092
4,66,1,3139,3139.0,1.0
4,66,2,2857,3139.0,0.9101624721248806
4,67,0,2548,3182.0,0.8007542426147077
4,67,1,3182,3182.0,1.0
4,67,2,2857,3182.0,0.8978629792583281
4,68,0,2548,3232.0,0.7883663366336634
4,68,1,3232,3232.0,1.0
4,68,2,2857,3232.0,0.8839727722772277
4,69,0,2548,3270.0,0.7792048929663609
4,69,1,3232,3270.0,0.9883792048929664
4,69,2,3270,3270.0,1.0
4,70,0,2548,3308.0,0.7702539298669892
4,70,1,3308,3308.0,1.0
4,70,2,3270,3308.0,0.9885126964933495
4,71,0,2548,3368.0,0.7565320665083135
4,71,1,3308,3368.0,0.982185273159145
4,71,2,3368,3368.0,1.0
4,72,0,2548,3405.0,0.7483113069016153
4,72,1,3405,3405.0,1.0
4,72,2,3368,3405.0,0.9891336270190896
4,73,0,2548,3447.0,0.7391935015955904
4,73,1,3447,3447.0,1.0
4,73,2,3368,3447.0,0.9770815201624601
4,74,0,2548,3516.0,0.7246871444823664
4,74,1,3447,3516.0,0.9803754266211604
4,74,2,3516,3516.0,1.0
4,75,0,2548,3557.0,0.71633398931684
4,75,1,3557,3557.0,1.0
4,75,2,3516,3557.0,0.9884734326679786
4,76,0,2548,3599.0,0.7079744373437066
4,76,1,3599,3599.0,1.0
4,76,2,3516,3599.0,0.9769380383439844
4,77,0,2548,3629.0,0.7021217966381923
4,77,1,3629,3629.0,1.0
4,77,2,3516,3629.0,0.968861945439515
4,78,0,2548,3684.0,0.6916395222584147
4,78,1,3629,3684.0,0.9850705754614549
4,78,2,3684,3684.0,1.0
4,79,0,2548,3749.0,0.6796479061082955
4,79,1,3629,3749.0,0.9679914643905041
4,79,2,3749,3749.0,1.0
4,80,0,2548,3818.0,0.6673651126244107
4,80,1,3629,3818.0,0.9504976427448926
4,80,2,3818,3818.0,1.0
4,81,0,2548,3864.0,0.6594202898550725
4,81,1,3864,3864.0,1.0
4,81,2,3818,3864.0,0.9880952380952381
4,82,0,2548,3908.0,0.6519959058341863
4,82,1,3908,3908.0,1.0
4,82,2,3818,3908.0,0.9769703172978506
4,83,0,3984,3984.0,1.0
4,83,1,3908,3984.0,0.9809236947791165
4,83,2,3818,3984.0,0.9583333333333334
4,84,0,3984,4019.0,0.9912913660114456
4,84,1,3908,4019.0,0.9723811893505847
4,84,2,4019,4019.0,1.0
4,85,0,3984,4061.0,0.9810391529180005
4,85,1,3908,4061.0,0.9623245506032997
4,85,2,4061,4061.0,1.0
4,86,0,3984,4116.0,0.967930029154519
4,86,1,3908,4116.0,0.9494655004859086
4,86,2,4116,4116.0,1.0
4,87,0,4173,4173.0,1.0
4,87,1,3908,4173.0,0.936496525281572
4,87,2,4116,4173.0,0.9863407620416966
4,88,0,4173,4221.0,0.9886282871357498
4,88,1,4221,4221.0,1.0
4,88,2,4116,4221.0,0.9751243781094527
4,89,0,4173,4264.0,0.9786585365853658
4,89,1,4264,4264.0,1.0
4,89,2,4116,4264.0,0.9652908067542214
4,90,0,4173,4325.0,0.9648554913294798
4,90,1,4264,4325.0,0.9858959537572254
4,90,2,4325,4325.0,1.0
4,91,0,4173,4364.0,0.9562328139321723
4,91,1,4264,4364.0,0.9770852428964253
4,91,2,4364,4364.0,1.0
4,92,0,4173,4437.0,0.940500338066261
4,92,1,4264,4437.0,0.961009691232815
4,92,2,4437,4437.0,1.0
4,93,0,4173,4473.0,0.9329309188464118
4,93,1,4264,4473.0,0.9532752067963336
4,93,2,4473,4473.0,1.0
4,94,0,4173,4510.0,0.9252771618625277
4,94,1,4264,4510.0,0.9454545454545454
4,94,2,4510,4510.0,1.0
4,95,0,4173,4564.0,0.9143295354951797
4,95,1,4264,4564.0,0.9342681858019282
4,95,2,4564,4564.0,1.0
4,96,0,4173,4614.0,0.9044213263979194
4,96,1,4614,4614.0,1.0
4,96,2,4564,4614.0,0.9891634156913741
4,97,0,4669,4669.0,1.0
4,97,1,4614,4669.0,0.9882201756264725
4,97,2,4564,4669.0,0.9775112443778111
4,98,0,4669,4719.0,0.9894045348590803
4,98,1,4719,4719.0,1.0
4,98,2,4564,4719.0,0.967154058063149
4,99,0,4669,4767.0,0.9794419970631424
4,99,1,4767,4767.0,1.0
4,99,2,4564,4767.0,0.9574155653450808
4,100,0,4669,4826.0,0.9674678823041857
4,100,1,4767,4826.0,0.9877745544964774
4,100,2,4826,4826.0,1.0
4,101,0,4669,4869.0,0.9589238036557814
4,101,1,4869,4869.0,1.0
4,101,2,4826,4869.0,0.991168617785993
4,102,0,4669,4915.0,0.9499491353001017
4,102,1,4915,4915.0,1.0
4,102,2,4826,4915.0,0.9818921668362157
4,103,0,4669,4957.0,0.9419003429493645
4,103,1,4957,4957.0,1.0
4,103,2,4826,4957.0,0.9735727254387735
4,104,0,4669,4994.0,0.934921906287545
4,104,1,4957,4994.0,0.9925911093311974
4,104,2,4994,4994.0,1.0
4,105,0,4669,5026.0,0.9289693593314763
4,105,1,5026,5026.0,1.0
4,105,2,4994,5026.0,0.993633107839236
4,106,0,4669,5060.0,0.9227272727272727
4,106,1,5060,5060.0,1.0
4,106,2,4994,5060.0,0.9869565217391304
4,107,0,4669,5093.0,0.9167484783035539
4,107,1,5093,5093.0,1.0
4,107,2,4994,5093.0,0.980561555075594
4,108,0,4669,5131.0,0.9099590723055935
4,108,1,5131,5131.0,1.0
4,108,2,4994,5131.0,0.9732995517442994
4,109,0,4669,5175.0,0.9022222222222223
4,109,1,5131,5175.0,0.9914975845410628
4,109,2,5175,5175.0,1.0
4,110,0,4669,5215.0,0.8953020134228188
4,110,1,5215,5215.0,1.0
4,110,2,5175,5215.0,0.9923298178331735
4,111,0,4669,5245.0,0.8901811248808389
4,111,1,5245,5245.0,1.0
4,111,2,5175,5245.0,0.9866539561487131
4,112,0,4669,5282.0,0.8839454751987883
4,112,1,5282,5282.0,1.0
4,112,2,5175,5282.0,0.979742521772056
4,113,0,4669,5326.0,0.8766428839654525
4,113,1,5326,5326.0,1.0
4,113,2,5175,5326.0,0.9716485167104769
4,114,0,4669,5371.0,0.8692980822938
4,114,1,5371,5371.0,1.0
4,114,2,5175,5371.0,0.9635077266803203
4,115,0,4669,5424.0,0.8608038348082596
4,115,1,5371,5424.0,0.9902286135693216
4,115,2,5424,5424.0,1.0
4,116,0,4669,5469.0,0.8537209727555312
4,116,1,5469,5469.0,1.0
4,116,2,5424,5469.0,0.9917718047174986
4,117,0,4669,5542.0,0.8424756405629736
4,117,1,5469,5542.0,0.9868278599783472
4,117,2,5542,5542.0,1.0
4,118,0,4669,5592.0,0.8349427753934192
4,118,1,5592,5592.0,1.0
4,118,2,5542,5592.0,0.9910586552217453
4,119,0,4669,5625.0,0.8300444444444445
4,119,1,5625,5625.0,1.0
4,119,2,5542,5625.0,0.9852444444444445
4,120,0,4669,5679.0,0.8221517872864941
4,120,1,5625,5679.0,0.9904912836767037
4,120,2,5679,5679.0,1.0
4,121,0,4669,5749.0,0.8121412419551226
4,121,1,5625,5749.0,0.9784310314837363
4,121,2,5749,5749.0,1.0
4,122,0,4669,5790.0,0.8063903281519862
4,122,1,5625,5790.0,0.9715025906735751
4,122,2,5790,5790.0,1.0
4,123,0,4669,5832.0,0.8005829903978052
4,123,1,5832,5832.0,1.0
4,123,2,5790,5832.0,0.992798353909465
4,124,0,4669,5881.0,0.7939125998979766
4,124,1,5881,5881.0,1.0
4,124,2,5790,5881.0,0.9845264410814487
4,125,0,4669,5923.0,0.7882829647138274
4,125,1,5923,5923.0,1.0
4,125,2,5790,5923.0,0.9775451629241938
4,126,0,4669,5956.0,0.7839153794492948
4,126,1,5956,5956.0,1.0
4,126,2,5790,5956.0,0.9721289456010745
4,127,0,4669,5987.0,0.7798563554367797
4,127,1,5987,5987.0,1.0
4,127,2,5790,5987.0,0.9670953733088358
4,128,0,4669,6038.0,0.773269294468367
4,128,1,5987,6038.0,0.9915534945346142
4,128,2,6038,6038.0,1.0
4,129,0,4669,6075.0,0.768559670781893
4,129,1,6075,6075.0,1.0
4,129,2,6038,6075.0,0.9939094650205761
4,130,0,4669,6111.0,0.7640320733104238
4,130,1,6111,6111.0,1.0
4,130,2,6038,6111.0,0.9880543282605139
4,131,0,4669,6156.0,0.7584470435347629
4,131,1,6156,6156.0,1.0
4,131,2,6038,6156.0,0.9808317089018843
4,132,0,4669,6194.0,0.7537939941879238
4,132,1,6194,6194.0,1.0
4,132,2,6038,6194.0,0.9748143364546336
4,133,0,4669,6220.0,0.7506430868167202
4,133,1,6220,6220.0,1.0
4,133,2,6038,6220.0,0.9707395498392283
4,134,0,4669,6252.0,0.7468010236724248
4,134,1,6252,6252.0,1.0
4,134,2,6038,6252.0,0.9657709532949457
5,1,0,41,41.0,1.0
5,1,1,0,41.0,0.0
5,1,2,0,41.0,0.0
5,2,0,97,97.0,1.0
5,2,1,0,97.0,0.0
5,2,2,0,97.0,0.0
5,3,0,173,173.0,1.0
5,3,1,0,173.0,0.0
5,3,2,0,173.0,0.0
5,4,0,220,220.0,1.0
5,4,1,0,220.0,0.0
5,4,2,0,220.0,0.0
5,5,0,220,240.0,0.9166666666666666
5,5,1,240,240.0,1.0
5,5,2,0,240.0,0.0
5,6,0,220,270.0,0.8148148148148148
5,6,1,270,270.0,1.0
5,6,2,0,270.0,0.0
5,7,0,333,333.0,1.0
5,7,1,270,333.0,0.8108108108108109
5,7,2,0,333.0,0.0
5,8,0,333,376.0,0.8856382978723404
5,8,1,376,376.0,1.0
5,8,2,0,376.0,0.0
5,9,0,333,409.0,0.8141809290953546
5,9,1,409,409.0,1.0
5,9,2,0,409.0,0.0
5,10,0,489,489.0,1.0
5,10,1,409,489.0,0.83640081799591
5,10,2,0,489.0,0.0
5,11,0,545,545.0,1.0
5,11,1,409,545.0,0.7504587155963303
5,11,2,0,545.0,0.0
5,12,0,545,598.0,0.9113712374581939
5,12,1,409,598.0,0.6839464882943144
5,12,2,598,598.0,1.0
5,13,0,545,648.0,0.8410493827160493
5,13,1,409,648.0,0.6311728395061729
5,13,2,648,648.0,1.0
5,14,0,545,691.0,0.788712011577424
5,14,1,409,691.0,0.5918958031837916
5,14,2,691,691.0,1.0
5,15,0,754,754.0,1.0
5,15,1,409,754.0,0.5424403183023873
5,15,2,691,754.0,0.916445623342175
5,16,0,813,813.0,1.0
5,16,1,409,813.0,0.5030750307503075
5,16,2,691,813.0,0.8499384993849939
5,17,0,813,857.0,0.9486581096849475
5,17,1,409,857.0,0.47724620770128356
5,17,2,857,857.0,1.0
5,18,0,813,902.0,0.9013303769401331
5,18,1,902,902.0,1.0
5,18,2,857,902.0,0.950110864745011
5,19,0,977,977.0,1.0
5,19,1,902,977.0,0.9232343909928352
5,19,2,857,977.0,0.8771750255885363
5,20,0,977,1019.0,0.9587831207065751
5,20,1,902,1019.0,0.8851815505397449
5,20,2,1019,1019.0,1.0
5,21,0,977,1058.0,0.9234404536862004
5,21,1,902,1058.0,0.8525519848771267
5,21,2,1058,1058.0,1.0
5,22,0,977,1114.0,0.8770197486535009
5,22,1,902,1114.0,0.8096947935368043
5,22,2,1114,1114.0,1.0
5,23,0,1188,1188.0,1.0
5,23,1,902,1188.0,0.7592592592592593
5,23,2,1114,1188.0,0.9377104377104377
5,24,0,1188,1228.0,0.9674267100977199
5,24,1,1228,1228.0,1.0
5,24,2,1114,1228.0,0.9071661237785016
5,25,0,1188,1265.0,0.9391304347826087
5,25,1,1265,1265.0,1.0
5,25,2,1114,1265.0,0.8806324110671937
5,26,0,1345,1345.0,1.0
5,26,1,1265,1345.0,0.9405204460966543
5,26,2,1114,1345.0,0.8282527881040892
5,27,0,1345,1386.0,0.9704184704184704
5,27,1,1386,1386.0,1.0
5,27,2,1114,1386.0,0.8037518037518038
5,28,0,1345,1421.0,0.9465165376495426
5,28,1,1421,1421.0,1.0
5,28,2,1114,1421.0,0.7839549612948628
5,29,0,1482,1482.0,1.0
5,29,1,1421,1482.0,0.9588394062078273
5,29,2,1114,1482.0,0.7516869095816464
5,30,0,1539,1539.0,1.0
5,30,1,1421,1539.0,0.9233268356075374
5,30,2,1114,1539.0,0.723846653671215
5,31,0,1539,1579.0,0.9746675110829639
5,31,1,1579,1579.0,1.0
5,31,2,1114,1579.0,0.7055098163394553
5,32,0,1539,1619.0,0.9505867819641755
5,32,1,1579,1619.0,0.9752933909820877
5,32,2,1619,1619.0,1.0
5,33,0,1539,1669.0,0.9221090473337328
5,33,1,1579,1669.0,0.9460754943079689
5,33,2,1669,1669.0,1.0
5,34,0,1727,1727.0,1.0
5,34,1,1579,1727.0,0.9143022582513028
5,34,2,1669,1727.0,0.9664157498552403
5,35,0,1727,1763.0,0.9795802609188883
5,35,1,1763,1763.0,1.0
5,35,2,1669,1763.0,0.9466817923993194
5,36,0,1727,1803.0,0.9578480310593456
5,36,1,1803,1803.0,1.0
5,36,2,1669,1803.0,0.9256794231835829
5,37,0,1727,1848.0,0.9345238095238095
5,37,1,1848,1848.0,1.0
5,37,2,1669,1848.0,0.9031385281385281
5,38,0,1727,1884.0,0.9166666666666666
5,38,1,1884,1884.0,1.0
5,38,2,1669,1884.0,0.8858811040339702
5,39,0,1727,1926.0,0.8966770508826584
5,39,1,1926,1926.0,1.0
5,39,2,1669,1926.0,0.8665628245067497
5,40,0,1727,1963.0,0.8797758532857871
5,40,1,1926,1963.0,0.9811512990320937
5,40,2,1963,1963.0,1.0
5,41,0,1727,2006.0,0.8609172482552343
5,41,1,2006,2006.0,1.0
5,41,2,1963,2006.0,0.9785643070787637
5,42,0,1727,2044.0,0.8449119373776908
5,42,1,2044,2044.0,1.0
5,42,2,1963,2044.0,0.9603718199608611
5,43,0,1727,2093.0,0.8251313903487817
5,43,1,2093,2093.0,1.0
5,43,2,1963,2093.0,0.937888198757764
5,44,0,2159,2159.0,1.0
5,44,1,2093,2159.0,0.9694302918017601
5,44,2,1963,2159.0,0.9092172301991662
5,45,0,2159,2192.0,0.9849452554744526
5,45,1,2192,2192.0,1.0
5,45,2,1963,2192.0,0.895529197080292
5,46,0,2159,2262.0,0.9544650751547303
5,46,1,2192,2262.0,0.969053934571176
5,46,2,2262,2262.0,1.0
5,47,0,2159,2295.0,0.9407407407407408
5,47,1,2295,2295.0,1.0
5,47,2,2262,2295.0,0.9856209150326798
5,48,0,2159,2335.0,0.9246252676659529
5,48,1,2295,2335.0,0.9828693790149893
5,48,2,2335,2335.0,1.0
5,49,0,2159,2408.0,0.896594684385382
5,49,1,2295,2408.0,0.9530730897009967
5,49,2,2408,2408.0,1.0
5,50,0,2159,2477.0,0.8716188938231731
5,50,1,2295,2477.0,0.9265240209931369
5,50,2,2477,2477.0,1.0
5,51,0,2159,2520.0,0.8567460317460317
5,51,1,2520,2520.0,1.0
5,51,2,2477,2520.0,0.9829365079365079
5,52,0,2159,2588.0,0.8342349304482226
5,52,1,2520,2588.0,0.973724884080371
5,52,2,2588,2588.0,1.0
5,53,0,2159,2637.0,0.8187334091770951
5,53,1,2520,2637.0,0.9556313993174061
5,53,2,2637,2637.0,1.0
5,54,0,2159,2670.0,0.8086142322097378
5,54,1,2670,2670.0,1.0
5,54,2,2637,2670.0,0.9876404494382023
5,55,0,2159,2712.0,0.7960914454277286
5,55,1,2670,2712.0,0.9845132743362832
5,55,2,2712,2712.0,1.0
5,56,0,2159,2766.0,0.7805495300072307
5,56,1,2670,2766.0,0.96529284164859
5,56,2,2766,2766.0,1.0
5,57,0,2816,2816.0,1.0
5,57,1,2670,2816.0,0.9481534090909091
5,57,2,2766,2816.0,0.9822443181818182
5,58,0,2816,2866.0,0.9825540823447313
5,58,1,2866,2866.0,1.0
5,58,2,2766,2866.0,0.9651081646894627
5,59,0,2816,2907.0,0.9686962504299965
5,59,1,2866,2907.0,0.9858961128310973
5,59,2,2907,2907.0,1.0
5,60,0,2816,2946.0,0.9558723693143245
5,60,1,2946,2946.0,1.0
5,60,2,2907,2946.0,0.9867617107942973
5,61,0,2816,2981.0,0.9446494464944649
5,61,1,2981,2981.0,1.0
5,61,2,2907,2981.0,0.9751761153975176
5,62,0,2816,3046.0,0.9244911359159553
5,62,1,2981,3046.0,0.9786605384110308
5,62,2,3046,3046.0,1.0
5,63,0,2816,3115.0,0.9040128410914928
5,63,1,2981,3115.0,0.9569823434991974
5,63,2,3115,3115.0,1.0
5,64,0,2816,3172.0,0.8877679697351829
5,64,1,2981,3172.0,0.9397856242118537
5,64,2,3172,3172.0,1.0
5,65,0,2816,3233.0,0.8710176306835756
5,65,1,2981,3233.0,0.9220538199814414
5,65,2,3233,3233.0,1.0
5,66,0,2816,3277.0,0.8593225511138236
5,66,1,3277,3277.0,1.0
5,66,2,3233,3277.0,0.9865730851388465
5,67,0,2816,3312.0,0.8502415458937198
5,67,1,3312,3312.0,1.0
5,67,2,3233,3312.0,0.976147342995169
5,68,0,3383,3383.0,1.0
5,68,1,3312,3383.0,0.979012710611883
5,68,2,3233,3383.0,0.9556606562222879
5,69,0,3383,3414.0,0.9909197422378442
5,69,1,3414,3414.0,1.0
5,69,2,3233,3414.0,0.9469830111306385
5,70,0,3383,3450.0,0.9805797101449275
5,70,1,3414,3450.0,0.9895652173913043
5,70,2,3450,3450.0,1.0
5,71,0,3383,3500.0,0.9665714285714285
5,71,1,3500,3500.0,1.0
5,71,2,3450,3500.0,0.9857142857142858
5,72,0,3383,3537.0,0.9564602770709641
5,72,1,3500,3537.0,0.9895391574780887
5,72,2,3537,3537.0,1.0
5,73,0,3383,3569.0,0.9478845615018212
5,73,1,3569,3569.0,1.0
5,73,2,3537,3569.0,0.9910339030540768
5,74,0,3383,3619.0,0.9347886156396795
5,74,1,3619,3619.0,1.0
5,74,2,3537,3619.0,0.9773418071290412
5,75,0,3678,3678.0,1.0
5,75,1,3619,3678.0,0.9839586731919522
5,75,2,3537,3678.0,0.9616639477977161
5,76,0,3678,3731.0,0.9857946931117663
5,76,1,3619,3731.0,0.9699812382739212
5,76,2,3731,3731.0,1.0
5,77,0,3678,3772.0,0.9750795334040296
5,77,1,3772,3772.0,1.0
5,77,2,3731,3772.0,0.9891304347826086
5,78,0,3678,3826.0,0.9613173026659697
5,78,1,3772,3826.0,0.9858860428646106
5,78,2,3826,3826.0,1.0
5,79,0,3678,3863.0,0.9521097592544654
5,79,1,3863,3863.0,1.0
5,79,2,3826,3863.0,0.9904219518508931
5,80,0,3678,3936.0,0.9344512195121951
5,80,1,3863,3936.0,0.9814532520325203
5,80,2,3936,3936.0,1.0
5,81,0,3678,3978.0,0.9245852187028658
5,81,1,3978,3978.0,1.0
5,81,2,3936,3978.0,0.9894419306184012
5,82,0,3678,4015.0,0.9160647571606476
5,82,1,4015,4015.0,1.0
5,82,2,3936,4015.0,0.9803237858032379
5,83,0,3678,4056.0,0.9068047337278107
5,83,1,4056,4056.0,1.0
5,83,2,3936,4056.0,0.9704142011834319
5,84,0,3678,4122.0,0.8922852983988355
5,84,1,4056,4122.0,0.9839883551673945
5,84,2,4122,4122.0,1.0
5,85,0,3678,4164.0,0.8832853025936599
5,85,1,4164,4164.0,1.0
5,85,2,4122,4164.0,0.9899135446685879
5,86,0,3678,4206.0,0.8744650499286734
5,86,1,4206,4206.0,1.0
5,86,2,4122,4206.0,0.9800285306704708
5,87,0,3678,4236.0,0.8682719546742209
5,87,1,4236,4236.0,1.0
5,87,2,4122,4236.0,0.9730878186968839
5,88,0,3678,4269.0,0.8615600843288826
5,88,1,4236,4269.0,0.9922698524244554
5,88,2,4269,4269.0,1.0
5,89,0,3678,4304.0,0.8545539033457249
5,89,1,4236,4304.0,0.9842007434944238
5,89,2,4304,4304.0,1.0
5,90,0,3678,4360.0,0.8435779816513761
5,90,1,4236,4360.0,0.9715596330275229
5,90,2,4360,4360.0,1.0
5,91,0,3678,4411.0,0.8338245295851281
5,91,1,4236,4411.0,0.9603264565858082
5,91,2,4411,4411.0,1.0
5,92,0,4466,4466.0,1.0
5,92,1,4236,4466.0,0.948499776085983
5,92,2,4411,4466.0,0.9876847290640394
5,93,0,4466,4504.0,0.9915630550621669
5,93,1,4504,4504.0,1.0
5,93,2,4411,4504.0,0.9793516873889876
5,94,0,4466,4539.0,0.9839171623705663
5,94,1,4539,4539.0,1.0
5,94,2,4411,4539.0,0.9717999559374312
5,95,0,4466,4570.0,0.9772428884026259
5,95,1,4570,4570.0,1.0
5,95,2,4411,4570.0,0.9652078774617068
5,96,0,4466,4603.0,0.9702368020855964
5,96,1,4603,4603.0,1.0
5,96,2,4411,4603.0,0.9582880729958723
5,97,0,4466,4645.0,0.9614639397201292
5,97,1,4645,4645.0,1.0
5,97,2,4411,4645.0,0.9496232508073197
5,98,0,4466,4687.0,0.952848303819074
5,98,1,4687,4687.0,1.0
5,98,2,4411,4687.0,0.9411137187966716
5,99,0,4466,4730.0,0.9441860465116279
5,99,1,4730,4730.0,1.0
5,99,2,4411,4730.0,0.9325581395348838
5,100,0,4466,4779.0,0.9345051265955221
5,100,1,4779,4779.0,1.0
5,100,2,4411,4779.0,0.9229964427704541
5,101,0,4466,4810.0,0.9284823284823285
5,101,1,4810,4810.0,1.0
5,101,2,4411,4810.0,0.917047817047817
5,102,0,4466,4844.0,0.9219653179190751
5,102,1,4810,4844.0,0.9929810074318745
5,102,2,4844,4844.0,1.0
5,103,0,4466,4876.0,0.9159146841673503
5,103,1,4876,4876.0,1.0
5,103,2,4844,4876.0,0.9934372436423298
5,104,0,4466,4926.0,0.9066179455948031
5,104,1,4926,4926.0,1.0
5,104,2,4844,4926.0,0.9833536337799431
5,105,0,4466,4966.0,0.8993153443415224
5,105,1,4926,4966.0,0.9919452275473218
5,105,2,4966,4966.0,1.0
5,106,0,4466,5009.0,0.8915951287682172
5,106,1,5009,5009.0,1.0
5,106,2,4966,5009.0,0.9914154521860651
5,107,0,4466,5047.0,0.8848821081830791
5,107,1,5047,5047.0,1.0
5,107,2,4966,5047.0,0.9839508618981573
5,108,0,4466,5097.0,0.8762016872670199
5,108,1,5047,5097.0,0.9901903080243281
5,108,2,5097,5097.0,1.0
5,109,0,4466,5129.0,0.8707350360694093
5,109,1,5129,5129.0,1.0
5,109,2,5097,5129.0,0.9937609670501072
5,110,0,4466,5162.0,0.8651685393258427
5,110,1,5162,5162.0,1.0
5,110,2,5097,5162.0,0.9874079814025571
5,111,0,4466,5231.0,0.8537564519212387
5,111,1,5162,5231.0,0.9868094054674058
5,111,2,5231,5231.0,1.0
5,112,0,4466,5291.0,0.8440748440748441
5,112,1,5162,5291.0,0.9756189756189756
5,112,2,5291,5291.0,1.0
5,113,0,4466,5325.0,0.8386854460093897
5,113,1,5325,5325.0,1.0
5,113,2,5291,5325.0,0.9936150234741784
5,114,0,4466,5359.0,0.8333644336629968
5,114,1,5359,5359.0,1.0
5,114,2,5291,5359.0,0.9873110654972943
5,115,0,4466,5404.0,0.8264248704663213
5,115,1,5404,5404.0,1.0
5,115,2,5291,5404.0,0.9790895632864545
5,116,0,4466,5450.0,0.8194495412844036
5,116,1,5450,5450.0,1.0
5,116,2,5291,5450.0,0.9708256880733945
5,117,0,4466,5500.0,0.812
5,117,1,5500,5500.0,1.0
5,117,2,5291,5500.0,0.962
5,118,0,4466,5537.0,0.8065739570164349
5,118,1,5500,5537.0,0.9933176810547227
5,118,2,5537,5537.0,1.0
5,119,0,4466,5583.0,0.799928353931578
5,119,1,5583,5583.0,1.0
5,119,2,5537,5583.0,0.9917607021314705
5,120,0,4466,5616.0,0.7952279202279202
5,120,1,5616,5616.0,1.0
5,120,2,5537,5616.0,0.9859330484330484
5,121,0,4466,5646.0,0.7910024796315976
5,121,1,5646,5646.0,1.0
5,121,2,5537,5646.0,0.9806942968473256
5,122,0,4466,5694.0,0.7843343870741131
5,122,1,5694,5694.0,1.0
5,122,2,5537,5694.0,0.9724271162627327
5,123,0,4466,5767.0,0.7744061036934281
5,123,1,5694,5767.0,0.9873417721518988
5,123,2,5767,5767.0,1.0
5,124,0,4466,5831.0,0.765906362545018
5,124,1,5694,5831.0,0.9765048876693535
5,124,2,5831,5831.0,1.0
5,125,0,4466,5874.0,0.7602996254681648
5,125,1,5874,5874.0,1.0
5,125,2,5831,5874.0,0.9926796050391556
5,126,0,4466,5918.0,0.7546468401486989
5,126,1,5918,5918.0,1.0
5,126,2,5831,5918.0,0.9852990875295708
5,127,0,4466,5963.0,0.7489518698641623
5,127,1,5963,5963.0,1.0
5,127,2,5831,5963.0,0.9778634915311085
5,128,0,4466,5996.0,0.7448298865910608
5,128,1,5996,5996.0,1.0
5,128,2,5831,5996.0,0.9724816544362909
5,129,0,4466,6037.0,0.73977140964055
5,129,1,5996,6037.0,0.9932085472917012
5,129,2,6037,6037.0,1.0
5,130,0,4466,6079.0,0.7346603059713769
5,130,1,6079,6079.0,1.0
5,130,2,6037,6079.0,0.9930909689093601
5,131,0,4466,6129.0,0.7286669929841736
5,131,1,6129,6129.0,1.0
5,131,2,6037,6129.0,0.9849893946810246
5,132,0,4466,6166.0,0.7242945183263055
5,132,1,6166,6166.0,1.0
5,132,2,6037,6166.0,0.9790788193318196
5,133,0,4466,6202.0,0.7200902934537246
5,133,1,6202,6202.0,1.0
5,133,2,6037,6202.0,0.973395678813286
5,134,0,4466,6247.0,0.7149031535136866
5,134,1,6247,6247.0,1.0
5,134,2,6037,6247.0,0.9663838642548424
6,1,0,36,36.0,1.0
6,1,1,0,36.0,0.0
6,1,2,0,36.0,0.0
6,2,0,80,80.0,1.0
6,2,1,0,80.0,0.0
6,2,2,0,80.0,0.0
6,3,0,143,143.0,1.0
6,3,1,0,143.0,0.0
6,3,2,0,143.0,0.0
6,4,0,224,224.0,1.0
6,4,1,0,224.0,0.0
6,4,2,0,224.0,0.0
6,5,0,224,249.0,0.8995983935742972
6,5,1,249,249.0,1.0
6,5,2,0,249.0,0.0
6,6,0,224,282.0,0.7943262411347518
6,6,1,282,282.0,1.0
6,6,2,0,282.0,0.0
6,7,0,340,340.0,1.0
6,7,1,282,340.0,0.8294117647058824
6,7,2,0,340.0,0.0
6,8,0,405,405.0,1.0
6,8,1,282,405.0,0.6962962962962963
6,8,2,0,405.0,0.0
6,9,0,466,466.0,1.0
6,9,1,282,466.0,0.6051502145922747
6,9,2,0,466.0,0.0
6,10,0,537,537.0,1.0
6,10,1,282,537.0,0.5251396648044693
6,10,2,0,537.0,0.0
6,11,0,592,592.0,1.0
6,11,1,282,592.0,0.47635135135135137
6,11,2,0,592.0,0.0
6,12,0,651,651.0,1.0
6,12,1,282,651.0,0.43317972350230416
6,12,2,0,651.0,0.0
6,13,0,651,686.0,0.9489795918367347
6,13,1,282,686.0,0.4110787172011662
6,13,2,686,686.0,1.0
6,14,0,651,736.0,0.8845108695652174
6,14,1,736,736.0,1.0
6,14,2,686,736.0,0.9320652173913043
6,15,0,816,816.0,1.0
6,15,1,736,816.0,0.9019607843137255
6,15,2,686,816.0,0.8406862745098039
6,16,0,888,888.0,1.0
6,16,1,736,888.0,0.8288288288288288
6,16,2,686,888.0,0.7725225225225225
6,17,0,888,921.0,0.9641693811074918
6,17,1,921,921.0,1.0
6,17,2,686,921.0,0.744842562432139
6,18,0,977,977.0,1.0
6,18,1,921,977.0,0.9426816786079836
6,18,2,686,977.0,0.7021494370522006
6,19,0,977,1012.0,0.9654150197628458
6,19,1,1012,1012.0,1.0
6,19,2,686,1012.0,0.6778656126482213
6,20,0,977,1048.0,0.9322519083969466
6,20,1,1048,1048.0,1.0
6,20,2,686,1048.0,0.6545801526717557
6,21,0,1114,1114.0,1.0
6,21,1,1048,1114.0,0.940754039497307
6,21,2,686,1114.0,0.6157989228007181
6,22,0,1114,1153.0,0.9661751951431049
6,22,1,1048,1153.0,0.9089332176929749
6,22,2,1153,1153.0,1.0
6,23,0,1215,1215.0,1.0
6,23,1,1048,1215.0,0.8625514403292182
6,23,2,1153,1215.0,0.9489711934156378
6,24,0,1215,1255.0,0.9681274900398407
6,24,1,1255,1255.0,1.0
6,24,2,1153,1255.0,0.9187250996015937
6,25,0,1215,1328.0,0.9149096385542169
6,25,1,1255,1328.0,0.9450301204819277
6,25,2,1328,1328.0,1.0
6,26,0,1215,1368.0,0.8881578947368421
6,26,1,1255,1368.0,0.9173976608187134
6,26,2,1368,1368.0,1.0
6,27,0,1215,1398.0,0.869098712446352
6,27,1,1398,1398.0,1.0
6,27,2,1368,1398.0,0.9785407725321889
6,28,0,1215,1426.0,0.8520336605890603
6,28,1,1426,1426.0,1.0
6,28,2,1368,1426.0,0.9593267882187938
6,29,0,1215,1457.0,0.8339052848318462
6,29,1,1457,1457.0,1.0
6,29,2,1368,1457.0,0.9389155799588195
6,30,0,1215,1494.0,0.8132530120481928
6,30,1,1457,1494.0,0.9752342704149933
6,30,2,1494,1494.0,1.0
6,31,0,1215,1536.0,0.791015625
6,31,1,1457,1536.0,0.9485677083333334
6,31,2,1536,1536.0,1.0
6,32,0,1215,1576.0,0.7709390862944162
6,32,1,1576,1576.0,1.0
6,32,2,1536,1576.0,0.9746192893401016
6,33,0,1215,1629.0,0.7458563535911602
6,33,1,1576,1629.0,0.9674647022713321
6,33,2,1629,1629.0,1.0
6,34,0,1215,1685.0,0.7210682492581603
6,34,1,1576,1685.0,0.9353115727002967
6,34,2,1685,1685.0,1.0
6,35,0,1763,1763.0,1.0
6,35,1,1576,1763.0,0.893930799773114
6,35,2,1685,1763.0,0.9557572319909245
6,36,0,1843,1843.0,1.0
6,36,1,1576,1843.0,0.855127509495388
6,36,2,1685,1843.0,0.914270211611503
6,37,0,1843,1883.0,0.9787573021773766
6,37,1,1883,1883.0,1.0
6,37,2,1685,1883.0,0.8948486457780138
6,38,0,1843,1921.0,0.9593961478396669
6,38,1,1921,1921.0,1.0
6,38,2,1685,1921.0,0.877147319104633
6,39,0,1843,1958.0,0.9412665985699693
6,39,1,1958,1958.0,1.0
6,39,2,1685,1958.0,0.8605720122574055
6,40,0,1843,1994.0,0.9242728184553661
6,40,1,1994,1994.0,1.0
6,40,2,1685,1994.0,0.8450351053159478
6,41,0,1843,2034.0,0.9060963618485742
6,41,1,1994,2034.0,0.9803343166175025
6,41,2,2034,2034.0,1.0
6,42,0,1843,2072.0,0.8894787644787645
6,42,1,2072,2072.0,1.0
6,42,2,2034,2072.0,0.9816602316602316
6,43,0,1843,2115.0,0.8713947990543736
6,43,1,2115,2115.0,1.0
6,43,2,2034,2115.0,0.9617021276595744
6,44,0,1843,2165.0,0.851270207852194
6,44,1,2165,2165.0,1.0
6,44,2,2034,2165.0,0.9394919168591224
6,45,0,1843,2208.0,0.8346920289855072
6,45,1,2165,2208.0,0.9805253623188406
6,45,2,2208,2208.0,1.0
6,46,0,1843,2263.0,0.8144056562085726
6,46,1,2165,2263.0,0.9566946531153336
6,46,2,2263,2263.0,1.0
6,47,0,1843,2312.0,0.7971453287197232
6,47,1,2312,2312.0,1.0
6,47,2,2263,2312.0,0.9788062283737025
6,48,0,1843,2357.0,0.7819261773440814
6,48,1,2357,2357.0,1.0
6,48,2,2263,2357.0,0.9601187950784896
6,49,0,1843,2396.0,0.7691986644407346
6,49,1,2396,2396.0,1.0
6,49,2,2263,2396.0,0.9444908180300501
6,50,0,1843,2469.0,0.7464560550830296
6,50,1,2396,2469.0,0.9704333738355609
6,50,2,2469,2469.0,1.0
6,51,0,1843,2510.0,0.7342629482071713
6,51,1,2510,2510.0,1.0
6,51,2,2469,2510.0,0.9836653386454183
6,52,0,1843,2545.0,0.7241650294695481
6,52,1,2545,2545.0,1.0
6,52,2,2469,2545.0,0.9701375245579568
6,53,0,1843,2590.0,0.7115830115830116
6,53,1,2545,2590.0,0.9826254826254827
6,53,2,2590,2590.0,1.0
6,54,0,1843,2631.0,0.7004941087039148
6,54,1,2631,2631.0,1.0
6,54,2,2590,2631.0,0.984416571645762
6,55,0,1843,2666.0,0.691297824456114
6,55,1,2666,2666.0,1.0
6,55,2,2590,2666.0,0.9714928732183046
6,56,0,1843,2708.0,0.680576070901034
6,56,1,2666,2708.0,0.9844903988183161
6,56,2,2708,2708.0,1.0
6,57,0,1843,2758.0,0.6682378535170413
6,57,1,2758,2758.0,1.0
6,57,2,2708,2758.0,0.9818709209572154
6,58,0,1843,2802.0,0.6577444682369736
6,58,1,2802,2802.0,1.0
6,58,2,2708,2802.0,0.966452533904354
6,59,0,1843,2858.0,0.6448565430370888
6,59,1,2802,2858.0,0.980405878236529
6,59,2,2858,2858.0,1.0
6,60,0,1843,2909.0,0.6335510484702647
6,60,1,2802,2909.0,0.9632176005500172
6,60,2,2909,2909.0,1.0
6,61,0,1843,2946.0,0.6255940257976917
6,61,1,2946,2946.0,1.0
6,61,2,2909,2946.0,0.9874405974202308
6,62,0,1843,2982.0,0.6180415828303152
6,62,1,2982,2982.0,1.0
6,62,2,2909,2982.0,0.9755197853789404
6,63,0,1843,3022.0,0.6098610191925877
6,63,1,3022,3022.0,1.0
6,63,2,2909,3022.0,0.9626075446724024
6,64,0,1843,3090.0,0.5964401294498382
6,64,1,3022,3090.0,0.9779935275080907
6,64,2,3090,3090.0,1.0
6,65,0,1843,3126.0,0.589571337172105
6,65,1,3022,3126.0,0.9667306461932181
6,65,2,3126,3126.0,1.0
6,66,0,1843,3168.0,0.5817550505050505
6,66,1,3168,3168.0,1.0
6,66,2,3126,3168.0,0.9867424242424242
6,67,0,1843,3212.0,0.573785803237858
6,67,1,3168,3212.0,0.9863013698630136
6,67,2,3212,3212.0,1.0
6,68,0,1843,3242.0,0.5684762492288711
6,68,1,3242,3242.0,1.0
6,68,2,3212,3242.0,0.9907464528069093
6,69,0,1843,3312.0,0.5564613526570048
6,69,1,3242,3312.0,0.9788647342995169
6,69,2,3312,3312.0,1.0
6,70,0,1843,3369.0,0.5470466013653903
6,70,1,3242,3369.0,0.9623033541110122
6,70,2,3369,3369.0,1.0
6,71,0,1843,3414.0,0.5398359695371998
6,71,1,3414,3414.0,1.0
6,71,2,3369,3414.0,0.9868189806678384
6,72,0,3473,3473.0,1.0
6,72,1,3414,3473.0,0.9830118053556004
6,72,2,3369,3473.0,0.970054707745465
6,73,0,3473,3515.0,0.9880512091038407
6,73,1,3515,3515.0,1.0
6,73,2,3369,3515.0,0.9584637268847795
6,74,0,3473,3543.0,0.9802427321478973
6,74,1,3543,3543.0,1.0
6,74,2,3369,3543.0,0.9508890770533446
6,75,0,3473,3607.0,0.9628500138619351
6,75,1,3543,3607.0,0.9822567230385362
6,75,2,3607,3607.0,1.0
6,76,0,3473,3644.0,0.9530735455543359
6,76,1,3543,3644.0,0.9722832052689352
6,76,2,3644,3644.0,1.0
6,77,0,3473,3693.0,0.9404278364473327
6,77,1,3543,3693.0,0.9593826157595451
6,77,2,3693,3693.0,1.0
6,78,0,3768,3768.0,1.0
6,78,1,3543,3768.0,0.9402866242038217
6,78,2,3693,3768.0,0.9800955414012739
6,79,0,3768,3811.0,0.9887168722120179
6,79,1,3811,3811.0,1.0
6,79,2,3693,3811.0,0.9690369981632118
6,80,0,3768,3852.0,0.9781931464174455
6,80,1,3811,3852.0,0.9893561786085151
6,80,2,3852,3852.0,1.0
6,81,0,3768,3906.0,0.9646697388632872
6,81,1,3811,3906.0,0.9756784434203789
6,81,2,3906,3906.0,1.0
6,82,0,3768,3966.0,0.9500756429652042
6,82,1,3811,3966.0,0.9609178013111447
6,82,2,3966,3966.0,1.0
6,83,0,3768,4035.0,0.9338289962825279
6,83,1,3811,4035.0,0.9444857496902107
6,83,2,4035,4035.0,1.0
6,84,0,3768,4078.0,0.9239823442864149
6,84,1,4078,4078.0,1.0
6,84,2,4035,4078.0,0.989455615497793
6,85,0,3768,4121.0,0.9143411793254065
6,85,1,4121,4121.0,1.0
6,85,2,4035,4121.0,0.9791312788158214
6,86,0,3768,4156.0,0.9066410009624639
6,86,1,4121,4156.0,0.9915784408084697
6,86,2,4156,4156.0,1.0
6,87,0,3768,4195.0,0.8982121573301549
6,87,1,4121,4195.0,0.9823599523241955
6,87,2,4195,4195.0,1.0
6,88,0,3768,4241.0,0.8884697005423249
6,88,1,4121,4241.0,0.9717047866069324
6,88,2,4241,4241.0,1.0
6,89,0,3768,4279.0,0.8805795746669782
6,89,1,4279,4279.0,1.0
6,89,2,4241,4279.0,0.9911194204253331
6,90,0,3768,4311.0,0.8740431454418929
6,90,1,4311,4311.0,1.0
6,90,2,4241,4311.0,0.983762468104848
6,91,0,3768,4345.0,0.8672036823935558
6,91,1,4345,4345.0,1.0
6,91,2,4241,4345.0,0.9760644418872267
6,92,0,3768,4382.0,0.8598813327247832
6,92,1,4382,4382.0,1.0
6,92,2,4241,4382.0,0.9678229119123688
6,93,0,3768,4431.0,0.8503723764387271
6,93,1,4382,4431.0,0.9889415481832543
6,93,2,4431,4431.0,1.0
6,94,0,3768,4477.0,0.8416350234532053
6,94,1,4477,4477.0,1.0
6,94,2,4431,4477.0,0.9897252624525352
6,95,0,3768,4519.0,0.8338127904403629
6,95,1,4519,4519.0,1.0
6,95,2,4431,4519.0,0.9805266651914141
6,96,0,3768,4568.0,0.8248686514886164
6,96,1,4568,4568.0,1.0
6,96,2,4431,4568.0,0.9700087565674256
6,97,0,3768,4634.0,0.8131204143288735
6,97,1,4568,4634.0,0.9857574449719465
6,97,2,4634,4634.0,1.0
6,98,0,3768,4676.0,0.8058169375534645
6,98,1,4676,4676.0,1.0
6,98,2,4634,4676.0,0.9910179640718563
6,99,0,3768,4713.0,0.7994907702100573
6,99,1,4676,4713.0,0.9921493740717165
6,99,2,4713,4713.0,1.0
6,100,0,3768,4746.0,0.7939317319848294
6,100,1,4746,4746.0,1.0
6,100,2,4713,4746.0,0.993046776232617
6,101,0,3768,4783.0,0.7877900899017353
6,101,1,4783,4783.0,1.0
6,101,2,4713,4783.0,0.9853648337863266
6,102,0,4854,4854.0,1.0
6,102,1,4783,4854.0,0.9853728883395138
6,102,2,4713,4854.0,0.9709517923362175
6,103,0,4854,4892.0,0.9922322158626329
6,103,1,4783,4892.0,0.9777187244480785
6,103,2,4892,4892.0,1.0
6,104,0,4854,4923.0,0.9859841560024375
6,104,1,4923,4923.0,1.0
6,104,2,4892,4923.0,0.9937030266097908
6,105,0,4854,4956.0,0.9794188861985472
6,105,1,4956,4956.0,1.0
6,105,2,4892,4956.0,0.9870863599677159
6,106,0,4854,4989.0,0.9729404690318701
6,106,1,4989,4989.0,1.0
6,106,2,4892,4989.0,0.9805572258969734
6,107,0,4854,5058.0,0.9596678529062871
6,107,1,4989,5058.0,0.9863582443653618
6,107,2,5058,5058.0,1.0
6,108,0,4854,5089.0,0.9538219689526429
6,108,1,5089,5089.0,1.0
6,108,2,5058,5089.0,0.9939084299469444
6,109,0,4854,5130.0,0.9461988304093567
6,109,1,5130,5130.0,1.0
6,109,2,5058,5130.0,0.9859649122807017
6,110,0,4854,5175.0,0.9379710144927537
6,110,1,5175,5175.0,1.0
6,110,2,5058,5175.0,0.9773913043478261
6,111,0,4854,5213.0,0.9311337042010359
6,111,1,5213,5213.0,1.0
6,111,2,5058,5213.0,0.9702666410895837
6,112,0,4854,5248.0,0.9249237804878049
6,112,1,5248,5248.0,1.0
6,112,2,5058,5248.0,0.963795731707317
6,113,0,4854,5280.0,0.9193181818181818
6,113,1,5280,5280.0,1.0
6,113,2,5058,5280.0,0.9579545454545455
6,114,0,4854,5318.0,0.9127491538172245
6,114,1,5318,5318.0,1.0
6,114,2,5058,5318.0,0.951109439638962
6,115,0,4854,5348.0,0.9076290201944652
6,115,1,5348,5348.0,1.0
6,115,2,5058,5348.0,0.9457741211667913
6,116,0,4854,5390.0,0.900556586270872
6,116,1,5390,5390.0,1.0
6,116,2,5058,5390.0,0.9384044526901669
6,117,0,4854,5463.0,0.8885227896760022
6,117,1,5390,5463.0,0.9866373787296358
6,117,2,5463,5463.0,1.0
6,118,0,4854,5531.0,0.8775989875248599
6,118,1,5390,5531.0,0.9745073223648526
6,118,2,5531,5531.0,1.0
6,119,0,4854,5576.0,0.8705164992826399
6,119,1,5576,5576.0,1.0
6,119,2,5531,5576.0,0.9919296987087518
6,120,0,4854,5636.0,0.86124911284599
6,120,1,5576,5636.0,0.9893541518807665
6,120,2,5636,5636.0,1.0
6,121,0,4854,5681.0,0.8544270374933991
6,121,1,5681,5681.0,1.0
6,121,2,5636,5681.0,0.9920788593557472
6,122,0,4854,5723.0,0.8481565612441028
6,122,1,5723,5723.0,1.0
6,122,2,5636,5723.0,0.9847981827712738
6,123,0,4854,5787.0,0.8387765681700363
6,123,1,5723,5787.0,0.988940729220667
6,123,2,5787,5787.0,1.0
6,124,0,4854,5819.0,0.8341639456951366
6,124,1,5819,5819.0,1.0
6,124,2,5787,5819.0,0.9945007733287506
6,125,0,4854,5874.0,0.8263534218590398
6,125,1,5819,5874.0,0.9906367041198502
6,125,2,5874,5874.0,1.0
6,126,0,4854,5908.0,0.8215978334461747
6,126,1,5908,5908.0,1.0
6,126,2,5874,5908.0,0.9942450914014895
6,127,0,4854,5953.0,0.815387199731228
6,127,1,5953,5953.0,1.0
6,127,2,5874,5953.0,0.986729380144465
6,128,0,4854,5992.0,0.8100801068090788
6,128,1,5992,5992.0,1.0
6,128,2,5874,5992.0,0.9803070761014686
6,129,0,4854,6042.0,0.8033763654419066
6,129,1,6042,6042.0,1.0
6,129,2,5874,6042.0,0.9721946375372393
6,130,0,4854,6083.0,0.7979615321387473
6,130,1,6042,6083.0,0.9932599046523097
6,130,2,6083,6083.0,1.0
6,131,0,4854,6129.0,0.7919725893294175
6,131,1,6129,6129.0,1.0
6,131,2,6083,6129.0,0.9924946973405123
6,132,0,4854,6177.0,0.7858183584264206
6,132,1,6177,6177.0,1.0
6,132,2,6083,6177.0,0.9847822567589445
6,133,0,4854,6220.0,0.7803858520900322
6,133,1,6220,6220.0,1.0
6,133,2,6083,6220.0,0.9779742765273312
6,134,0,4854,6262.0,0.775151708719259
6,134,1,6262,6262.0,1.0
6,134,2,6083,6262.0,0.9714148834238262
7,1,0,40,40.0,1.0
7,1,1,0,40.0,0.0
7,1,2,0,40.0,0.0
7,2,0,96,96.0,1.0
7,2,1,0,96.0,0.0
7,2,2,0,96.0,0.0
7,3,0,167,167.0,1.0
7,3,1,0,167.0,0.0
7,3,2,0,167.0,0.0
7,4,0,211,211.0,1.0
7,4,1,0,211.0,0.0
7,4,2,0,211.0,0.0
7,5,0,285,285.0,1.0
7,5,1,0,285.0,0.0
7,5,2,0,285.0,0.0
7,6,0,361,361.0,1.0
7,6,1,0,361.0,0.0
7,6,2,0,361.0,0.0
7,7,0,436,436.0,1.0
7,7,1,0,436.0,0.0
7,7,2,0,436.0,0.0
7,8,0,484,484.0,1.0
7,8,1,0,484.0,0.0
7,8,2,0,484.0,0.0
7,9,0,534,534.0,1.0
7,9,1,0,534.0,0.0
7,9,2,0,534.0,0.0
7,10,0,615,615.0,1.0
7,10,1,0,615.0,0.0
7,10,2,0,615.0,0.0
7,11,0,615,638.0,0.9639498432601881
7,11,1,638,638.0,1.0
7,11,2,0,638.0,0.0
7,12,0,700,700.0,1.0
7,12,1,638,700.0,0.9114285714285715
7,12,2,0,700.0,0.0
7,13,0,700,740.0,0.9459459459459459
7,13,1,740,740.0,1.0
7,13,2,0,740.0,0.0
7,14,0,818,818.0,1.0
7,14,1,740,818.0,0.9046454767726161
7,14,2,0,818.0,0.0
7,15,0,818,854.0,0.9578454332552693
7,15,1,854,854.0,1.0
7,15,2,0,854.0,0.0
7,16,0,818,896.0,0.9129464285714286
7,16,1,896,896.0,1.0
7,16,2,0,896.0,0.0
7,17,0,818,936.0,0.8739316239316239
7,17,1,936,936.0,1.0
7,17,2,0,936.0,0.0
7,18,0,1008,1008.0,1.0
7,18,1,936,1008.0,0.9285714285714286
7,18,2,0,1008.0,0.0
7,19,0,1069,1069.0,1.0
7,19,1,936,1069.0,0.8755846585594013
7,19,2,0,1069.0,0.0
7,20,0,1127,1127.0,1.0
7,20,1,936,1127.0,0.8305235137533274
7,20,2,0,1127.0,0.0
7,21,0,1127,1162.0,0.9698795180722891
7,21,1,1162,1162.0,1.0
7,21,2,0,1162.0,0.0
7,22,0,1127,1220.0,0.9237704918032786
7,22,1,1162,1220.0,0.9524590163934427
7,22,2,1220,1220.0,1.0
7,23,0,1275,1275.0,1.0
7,23,1,1162,1275.0,0.9113725490196078
7,23,2,1220,1275.0,0.9568627450980393
7,24,0,1275,1325.0,0.9622641509433962
7,24,1,1325,1325.0,1.0
7,24,2,1220,1325.0,0.9207547169811321
7,25,0,1381,1381.0,1.0
7,25,1,1325,1381.0,0.9594496741491673
7,25,2,1220,1381.0,0.8834178131788559
7,26,0,1381,1441.0,0.9583622484385843
7,26,1,1325,1441.0,0.919500346981263
7,26,2,1441,1441.0,1.0
7,27,0,1381,1474.0,0.9369063772048847
7,27,1,1474,1474.0,1.0
7,27,2,1441,1474.0,0.9776119402985075
7,28,0,1381,1511.0,0.913964262078094
7,28,1,1511,1511.0,1.0
7,28,2,1441,1511.0,0.9536730641958967
7,29,0,1381,1556.0,0.8875321336760925
7,29,1,1556,1556.0,1.0
7,29,2,1441,1556.0,0.9260925449871465
7,30,0,1381,1611.0,0.8572315332091869
7,30,1,1556,1611.0,0.9658597144630664
7,30,2,1611,1611.0,1.0
7,31,0,1381,1644.0,0.8400243309002433
7,31,1,1644,1644.0,1.0
7,31,2,1611,1644.0,0.9799270072992701
7,32,0,1381,1689.0,0.8176435760805211
7,32,1,1644,1689.0,0.9733570159857904
7,32,2,1689,1689.0,1.0
7,33,0,1381,1739.0,0.7941345600920069
7,33,1,1739,1739.0,1.0
7,33,2,1689,1739.0,0.9712478435882691
7,34,0,1783,1783.0,1.0
7,34,1,1739,1783.0,0.9753224901850813
7,34,2,1689,1783.0,0.947279865395401
7,35,0,1783,1816.0,0.9818281938325991
7,35,1,1816,1816.0,1.0
7,35,2,1689,1816.0,0.9300660792951542
7,36,0,1896,1896.0,1.0
7,36,1,1816,1896.0,0.9578059071729957
7,36,2,1689,1896.0,0.8908227848101266
7,37,0,1896,1937.0,0.9788332472896232
7,37,1,1937,1937.0,1.0
7,37,2,1689,1937.0,0.8719669592152813
7,38,0,1896,1973.0,0.9609731373542828
7,38,1,1973,1973.0,1.0
7,38,2,1689,1973.0,0.8560567663456665
7,39,0,1896,1998.0,0.948948948948949
7,39,1,1998,1998.0,1.0
7,39,2,1689,1998.0,0.8453453453453453
7,40,0,1896,2042.0,0.9285014691478942
7,40,1,1998,2042.0,0.9784524975514202
7,40,2,2042,2042.0,1.0
7,41,0,1896,2111.0,0.8981525343439128
7,41,1,1998,2111.0,0.946470866887731
7,41,2,2111,2111.0,1.0
7,42,0,2162,2162.0,1.0
7,42,1,1998,2162.0,0.9241443108233117
7,42,2,2111,2162.0,0.9764107308048103
7,43,0,2162,2208.0,0.9791666666666666
7,43,1,2208,2208.0,1.0
7,43,2,2111,2208.0,0.9560688405797102
7,44,0,2162,2256.0,0.9583333333333334
7,44,1,2256,2256.0,1.0
7,44,2,2111,2256.0,0.93572695035461
7,45,0,2162,2320.0,0.9318965517241379
7,45,1,2256,2320.0,0.9724137931034482
7,45,2,2320,2320.0,1.0
7,46,0,2162,2363.0,0.9149386373254338
7,46,1,2363,2363.0,1.0
7,46,2,2320,2363.0,0.9818027930596699
7,47,0,2162,2405.0,0.898960498960499
7,47,1,2363,2405.0,0.9825363825363825
7,47,2,2405,2405.0,1.0
7,48,0,2162,2459.0,0.879219194794632
7,48,1,2363,2459.0,0.9609597397315982
7,48,2,2459,2459.0,1.0
7,49,0,2162,2532.0,0.8538704581358609
7,49,1,2363,2532.0,0.9332543443917851
7,49,2,2532,2532.0,1.0
7,50,0,2162,2596.0,0.8328197226502311
7,50,1,2363,2596.0,0.9102465331278891
7,50,2,2596,2596.0,1.0
7,51,0,2162,2638.0,0.819560272934041
7,51,1,2638,2638.0,1.0
7,51,2,2596,2638.0,0.9840788476118272
7,52,0,2162,2678.0,0.8073188946975355
7,52,1,2678,2678.0,1.0
7,52,2,2596,2678.0,0.9693801344286781
7,53,0,2162,2721.0,0.7945608232267549
7,53,1,2721,2721.0,1.0
7,53,2,2596,2721.0,0.9540610069827269
7,54,0,2162,2756.0,0.7844702467343977
7,54,1,2756,2756.0,1.0
7,54,2,2596,2756.0,0.941944847605225
7,55,0,2162,2801.0,0.7718671902891824
7,55,1,2756,2801.0,0.9839343091752946
7,55,2,2801,2801.0,1.0
7,56,0,2162,2843.0,0.7604642982764686
7,56,1,2843,2843.0,1.0
7,56,2,2801,2843.0,0.9852268730214562
7,57,0,2162,2900.0,0.7455172413793103
7,57,1,2843,2900.0,0.9803448275862069
7,57,2,2900,2900.0,1.0
7,58,0,2162,2932.0,0.737380627557981
7,58,1,2932,2932.0,1.0
7,58,2,2900,2932.0,0.9890859481582538
7,59,0,2162,2975.0,0.7267226890756302
7,59,1,2975,2975.0,1.0
7,59,2,2900,2975.0,0.9747899159663865
7,60,0,2162,3001.0,0.7204265244918361
7,60,1,3001,3001.0,1.0
7,60,2,2900,3001.0,0.9663445518160613
7,61,0,2162,3031.0,0.7132959419333553
7,61,1,3031,3031.0,1.0
7,61,2,2900,3031.0,0.9567799406136589
7,62,0,2162,3069.0,0.7044639947865754
7,62,1,3069,3069.0,1.0
7,62,2,2900,3069.0,0.9449332029977191
7,63,0,2162,3135.0,0.6896331738437002
7,63,1,3069,3135.0,0.9789473684210527
7,63,2,3135,3135.0,1.0
7,64,0,2162,3172.0,0.6815889029003783
7,64,1,3069,3172.0,0.9675283732660782
7,64,2,3172,3172.0,1.0
7,65,0,2162,3226.0,0.6701797892126472
7,65,1,3069,3226.0,0.9513329200247985
7,65,2,3226,3226.0,1.0
7,66,0,2162,3266.0,0.6619718309859155
7,66,1,3266,3266.0,1.0
7,66,2,3226,3266.0,0.9877526025719534
7,67,0,2162,3311.0,0.6529749320446995
7,67,1,3311,3311.0,1.0
7,67,2,3226,3311.0,0.9743279975838115
7,68,0,2162,3353.0,0.6447957053385028
7,68,1,3311,3353.0,0.9874739039665971
7,68,2,3353,3353.0,1.0
7,69,0,2162,3387.0,0.6383229997047535
7,69,1,3387,3387.0,1.0
7,69,2,3353,3387.0,0.989961617950989
7,70,0,2162,3437.0,0.6290369508292115
7,70,1,3437,3437.0,1.0
7,70,2,3353,3437.0,0.9755600814663951
7,71,0,2162,3473.0,0.6225165562913907
7,71,1,3473,3473.0,1.0
7,71,2,3353,3473.0,0.9654477397063058
7,72,0,2162,3543.0,0.6102173299463731
7,72,1,3473,3543.0,0.9802427321478973
7,72,2,3543,3543.0,1.0
7,73,0,2162,3586.0,0.6029001673173452
7,73,1,3586,3586.0,1.0
7,73,2,3543,3586.0,0.9880089235917456
7,74,0,2162,3647.0,0.5928160131615026
7,74,1,3586,3647.0,0.9832739237729641
7,74,2,3647,3647.0,1.0
7,75,0,2162,3685.0,0.5867028493894165
7,75,1,3586,3685.0,0.9731343283582089
7,75,2,3685,3685.0,1.0
7,76,0,2162,3716.0,0.5818083961248655
7,76,1,3716,3716.0,1.0
7,76,2,3685,3716.0,0.9916576964477933
7,77,0,2162,3753.0,0.5760724753530508
7,77,1,3716,3753.0,0.9901412203570477
7,77,2,3753,3753.0,1.0
7,78,0,2162,3792.0,0.5701476793248945
7,78,1,3716,3792.0,0.979957805907173
7,78,2,3792,3792.0,1.0
7,79,0,2162,3824.0,0.5653765690376569
7,79,1,3824,3824.0,1.0
7,79,2,3792,3824.0,0.9916317991631799
7,80,0,2162,3861.0,0.5599585599585599
7,80,1,3861,3861.0,1.0
7,80,2,3792,3861.0,0.9821289821289821
7,81,0,2162,3900.0,0.5543589743589744
7,81,1,3861,3900.0,0.99
7,81,2,3900,3900.0,1.0
7,82,0,2162,3968.0,0.5448588709677419
7,82,1,3861,3968.0,0.9730342741935484
7,82,2,3968,3968.0,1.0
7,83,0,2162,4000.0,0.5405
7,83,1,3861,4000.0,0.96525
7,83,2,4000,4000.0,1.0
7,84,0,2162,4033.0,0.5360773617654352
7,84,1,4033,4033.0,1.0
7,84,2,4000,4033.0,0.9918175055789735
7,85,0,2162,4075.0,0.5305521472392638
7,85,1,4075,4075.0,1.0
7,85,2,4000,4075.0,0.9815950920245399
7,86,0,2162,4117.0,0.5251396648044693
7,86,1,4117,4117.0,1.0
7,86,2,4000,4117.0,0.9715812484819043
7,87,0,2162,4152.0,0.5207129094412332
7,87,1,4152,4152.0,1.0
7,87,2,4000,4152.0,0.9633911368015414
7,88,0,2162,4205.0,0.5141498216409037
7,88,1,4152,4205.0,0.9873959571938169
7,88,2,4205,4205.0,1.0
7,89,0,2162,4248.0,0.5089453860640302
7,89,1,4152,4248.0,0.9774011299435028
7,89,2,4248,4248.0,1.0
7,90,0,2162,4289.0,0.5040802051760317
7,90,1,4289,4289.0,1.0
7,90,2,4248,4289.0,0.9904406621590114
7,91,0,2162,4329.0,0.49942249942249944
7,91,1,4289,4329.0,0.9907599907599908
7,91,2,4329,4329.0,1.0
7,92,0,2162,4374.0,0.4942844078646548
7,92,1,4374,4374.0,1.0
7,92,2,4329,4374.0,0.9897119341563786
7,93,0,2162,4423.0,0.488808501017409
7,93,1,4423,4423.0,1.0
7,93,2,4329,4423.0,0.9787474564775039
7,94,0,2162,4456.0,0.48518850987432677
7,94,1,4456,4456.0,1.0
7,94,2,4329,4456.0,0.9714991023339318
7,95,0,2162,4499.0,0.4805512336074683
7,95,1,4499,4499.0,1.0
7,95,2,4329,4499.0,0.9622138252945099
7,96,0,2162,4532.0,0.4770520741394528
7,96,1,4532,4532.0,1.0
7,96,2,4329,4532.0,0.955207413945278
7,97,0,2162,4570.0,0.47308533916849016
7,97,1,4570,4570.0,1.0
7,97,2,4329,4570.0,0.9472647702407002
7,98,0,2162,4605.0,0.4694896851248643
7,98,1,4605,4605.0,1.0
7,98,2,4329,4605.0,0.9400651465798046
7,99,0,2162,4649.0,0.46504624650462467
7,99,1,4649,4649.0,1.0
7,99,2,4329,4649.0,0.9311679931167993
7,100,0,2162,4690.0,0.46098081023454157
7,100,1,4690,4690.0,1.0
7,100,2,4329,4690.0,0.9230277185501066
7,101,0,2162,4741.0,0.4560219363003586
7,101,1,4690,4741.0,0.9892427757856992
7,101,2,4741,4741.0,1.0
7,102,0,2162,4782.0,0.45211208699289
7,102,1,4690,4782.0,0.9807611877875366
7,102,2,4782,4782.0,1.0
7,103,0,2162,4826.0,0.4479900538748446
7,103,1,4826,4826.0,1.0
7,103,2,4782,4826.0,0.9908827186075425
7,104,0,2162,4882.0,0.44285129045473165
7,104,1,4826,4882.0,0.988529291274068
7,104,2,4882,4882.0,1.0
7,105,0,2162,4919.0,0.4395202276885546
7,105,1,4919,4919.0,1.0
7,105,2,4882,4919.0,0.9924781459646269
7,106,0,2162,4956.0,0.43623890234059726
7,106,1,4956,4956.0,1.0
7,106,2,4882,4956.0,0.9850686037126715
7,107,0,2162,5029.0,0.42990654205607476
7,107,1,4956,5029.0,0.9854841916882084
7,107,2,5029,5029.0,1.0
7,108,0,2162,5069.0,0.42651410534622214
7,108,1,4956,5069.0,0.9777076346419412
7,108,2,5069,5069.0,1.0
7,109,0,2162,5137.0,0.42086821101810395
7,109,1,4956,5137.0,0.9647654272921938
7,109,2,5137,5137.0,1.0
7,110,0,2162,5186.0,0.41689163131507906
7,110,1,5186,5186.0,1.0
7,110,2,5137,5186.0,0.9905514847666795
7,111,0,2162,5236.0,0.41291061879297175
7,111,1,5236,5236.0,1.0
7,111,2,5137,5236.0,0.9810924369747899
7,112,0,2162,5285.0,0.4090823084200568
7,112,1,5236,5285.0,0.990728476821192
7,112,2,5285,5285.0,1.0
7,113,0,2162,5340.0,0.4048689138576779
7,113,1,5236,5340.0,0.9805243445692884
7,113,2,5340,5340.0,1.0
7,114,0,2162,5381.0,0.4017840550083628
7,114,1,5381,5381.0,1.0
7,114,2,5340,5381.0,0.992380598401784
7,115,0,2162,5419.0,0.3989665990035062
7,115,1,5419,5419.0,1.0
7,115,2,5340,5419.0,0.9854216645137479
7,116,0,2162,5457.0,0.396188381894814
7,116,1,5457,5457.0,1.0
7,116,2,5340,5457.0,0.9785596481583287
7,117,0,2162,5507.0,0.39259124750317775
7,117,1,5507,5507.0,1.0
7,117,2,5340,5507.0,0.969674959142909
7,118,0,2162,5548.0,0.389689978370584
7,118,1,5507,5548.0,0.9926099495313626
7,118,2,5548,5548.0,1.0
7,119,0,2162,5590.0,0.38676207513416816
7,119,1,5590,5590.0,1.0
7,119,2,5548,5590.0,0.9924865831842576
7,120,0,2162,5634.0,0.38374156904508344
7,120,1,5634,5634.0,1.0
7,120,2,5548,5634.0,0.984735534256301
7,121,0,2162,5675.0,0.3809691629955947
7,121,1,5675,5675.0,1.0
7,121,2,5548,5675.0,0.9776211453744493
7,122,0,2162,5710.0,0.3786339754816112
7,122,1,5710,5710.0,1.0
7,122,2,5548,5710.0,0.9716287215411559
7,123,0,2162,5755.0,0.3756733275412685
7,123,1,5755,5755.0,1.0
7,123,2,5548,5755.0,0.9640312771503041
7,124,0,2162,5820.0,0.37147766323024056
7,124,1,5755,5820.0,0.988831615120275
7,124,2,5820,5820.0,1.0
7,125,0,2162,5889.0,0.3671251485821022
7,125,1,5755,5889.0,0.9772457123450501
7,125,2,5889,5889.0,1.0
7,126,0,2162,5931.0,0.3645253751475299
7,126,1,5931,5931.0,1.0
7,126,2,5889,5931.0,0.9929185634800203
7,127,0,2162,5976.0,0.36178045515394913
7,127,1,5976,5976.0,1.0
7,127,2,5889,5976.0,0.9854417670682731
7,128,0,2162,6011.0,0.3596739311262685
7,128,1,5976,6011.0,0.9941773415405091
7,128,2,6011,6011.0,1.0
7,129,0,2162,6043.0,0.35776931987423466
7,129,1,6043,6043.0,1.0
7,129,2,6011,6043.0,0.9947046169121297
7,130,0,2162,6086.0,0.3552415379559645
7,130,1,6086,6086.0,1.0
7,130,2,6011,6086.0,0.98767663489977
7,131,0,2162,6117.0,0.3534412293607978
7,131,1,6086,6117.0,0.994932156285761
7,131,2,6117,6117.0,1.0
7,132,0,2162,6151.0,0.3514875629978865
7,132,1,6151,6151.0,1.0
7,132,2,6117,6151.0,0.9944724435051211
7,133,0,2162,6201.0,0.3486534429930656
7,133,1,6201,6201.0,1.0
7,133,2,6117,6201.0,0.9864537977745524
7,134,0,2162,6257.0,0.345533003036599
7,134,1,6201,6257.0,0.9910500239731501
7,134,2,6257,6257.0,1.0
8,1,0,36,36.0,1.0
8,1,1,0,36.0,0.0
8,1,2,0,36.0,0.0
8,2,0,114,114.0,1.0
8,2,1,0,114.0,0.0
8,2,2,0,114.0,0.0
8,3,0,176,176.0,1.0
8,3,1,0,176.0,0.0
8,3,2,0,176.0,0.0
8,4,0,257,257.0,1.0
8,4,1,0,257.0,0.0
8,4,2,0,257.0,0.0
8,5,0,329,329.0,1.0
8,5,1,0,329.0,0.0
8,5,2,0,329.0,0.0
8,6,0,329,349.0,0.9426934097421203
8,6,1,349,349.0,1.0
8,6,2,0,349.0,0.0
8,7,0,399,399.0,1.0
8,7,1,349,399.0,0.87468671679198
8,7,2,0,399.0,0.0
8,8,0,454,454.0,1.0
8,8,1,349,454.0,0.7687224669603524
8,8,2,0,454.0,0.0
8,9,0,525,525.0,1.0
8,9,1,349,525.0,0.6647619047619048
8,9,2,0,525.0,0.0
8,10,0,525,560.0,0.9375
8,10,1,560,560.0,1.0
8,10,2,0,560.0,0.0
8,11,0,604,604.0,1.0
8,11,1,560,604.0,0.9271523178807947
8,11,2,0,604.0,0.0
8,12,0,675,675.0,1.0
8,12,1,560,675.0,0.8296296296296296
8,12,2,0,675.0,0.0
8,13,0,675,725.0,0.9310344827586207
8,13,1,725,725.0,1.0
8,13,2,0,725.0,0.0
8,14,0,799,799.0,1.0
8,14,1,725,799.0,0.9073842302878599
8,14,2,0,799.0,0.0
8,15,0,862,862.0,1.0
8,15,1,725,862.0,0.8410672853828306
8,15,2,0,862.0,0.0
8,16,0,862,895.0,0.9631284916201117
8,16,1,895,895.0,1.0
8,16,2,0,895.0,0.0
8,17,0,975,975.0,1.0
8,17,1,895,975.0,0.9179487179487179
8,17,2,0,975.0,0.0
8,18,0,1051,1051.0,1.0
8,18,1,895,1051.0,0.851569933396765
8,18,2,0,1051.0,0.0
8,19,0,1051,1086.0,0.9677716390423573
8,19,1,1086,1086.0,1.0
8,19,2,0,1086.0,0.0
8,20,0,1051,1108.0,0.9485559566787004
8,20,1,1086,1108.0,0.98014440433213
8,20,2,1108,1108.0,1.0
8,21,0,1051,1141.0,0.9211218229623137
8,21,1,1141,1141.0,1.0
8,21,2,1108,1141.0,0.9710780017528484
8,22,0,1051,1210.0,0.868595041322314
8,22,1,1141,1210.0,0.9429752066115702
8,22,2,1210,1210.0,1.0
8,23,0,1051,1243.0,0.8455349959774738
8,23,1,1243,1243.0,1.0
8,23,2,1210,1243.0,0.9734513274336283
8,24,0,1294,1294.0,1.0
8,24,1,1243,1294.0,0.9605873261205564
8,24,2,1210,1294.0,0.9350850077279753
8,25,0,1294,1334.0,0.9700149925037481
8,25,1,1334,1334.0,1.0
8,25,2,1210,1334.0,0.9070464767616192
8,26,0,1394,1394.0,1.0
8,26,1,1334,1394.0,0.9569583931133429
8,26,2,1210,1394.0,0.8680057388809183
8,27,0,1394,1427.0,0.9768745620182201
8,27,1,1427,1427.0,1.0
8,27,2,1210,1427.0,0.8479327259985985
8,28,0,1486,1486.0,1.0
8,28,1,1427,1486.0,0.9602960969044414
8,28,2,1210,1486.0,0.8142664872139973
8,29,0,1486,1523.0,0.9757058437294813
8,29,1,1523,1523.0,1.0
8,29,2,1210,1523.0,0.7944845699277742
8,30,0,1581,1581.0,1.0
8,30,1,1523,1581.0,0.963314358001265
8,30,2,1210,1581.0,0.7653383934218849
8,31,0,1581,1621.0,0.9753238741517581
8,31,1,1621,1621.0,1.0
8,31,2,1210,1621.0,0.7464528069093153
8,32,0,1581,1671.0,0.9461400359066428
8,32,1,1621,1671.0,0.9700777977259126
8,32,2,1671,1671.0,1.0
8,33,0,1581,1716.0,0.9213286713286714
8,33,1,1716,1716.0,1.0
8,33,2,1671,1716.0,0.9737762237762237
8,34,0,1581,1789.0,0.883733929569592
8,34,1,1716,1789.0,0.9591950810508664
8,34,2,1789,1789.0,1.0
8,35,0,1581,1833.0,0.8625204582651391
8,35,1,1716,1833.0,0.9361702127659575
8,35,2,1833,1833.0,1.0
8,36,0,1581,1869.0,0.8459069020866774
8,36,1,1869,1869.0,1.0
8,36,2,1833,1869.0,0.9807383627608347
8,37,0,1581,1942.0,0.814109165808445
8,37,1,1869,1942.0,0.962409886714727
8,37,2,1942,1942.0,1.0
8,38,0,1581,1984.0,0.796875
8,38,1,1869,1984.0,0.9420362903225806
8,38,2,1984,1984.0,1.0
8,39,0,1581,2025.0,0.7807407407407407
8,39,1,2025,2025.0,1.0
8,39,2,1984,2025.0,0.9797530864197531
8,40,0,2105,2105.0,1.0
8,40,1,2025,2105.0,0.9619952494061758
8,40,2,1984,2105.0,0.9425178147268408
8,41,0,2105,2145.0,0.9813519813519813
8,41,1,2145,2145.0,1.0
8,41,2,1984,2145.0,0.924941724941725
8,42,0,2105,2215.0,0.9503386004514672
8,42,1,2145,2215.0,0.9683972911963883
8,42,2,2215,2215.0,1.0
8,43,0,2105,2279.0,0.9236507240017552
8,43,1,2145,2279.0,0.9412022817025011
8,43,2,2279,2279.0,1.0
8,44,0,2335,2335.0,1.0
8,44,1,2145,2335.0,0.9186295503211992
8,44,2,2279,2335.0,0.976017130620985
8,45,0,2335,2392.0,0.9761705685618729
8,45,1,2145,2392.0,0.8967391304347826
8,45,2,2392,2392.0,1.0
8,46,0,2335,2447.0,0.9542296689824274
8,46,1,2145,2447.0,0.8765835717204741
8,46,2,2447,2447.0,1.0
8,47,0,2335,2497.0,0.9351221465758911
8,47,1,2497,2497.0,1.0
8,47,2,2447,2497.0,0.9799759711653985
8,48,0,2335,2527.0,0.92402057776019
8,48,1,2527,2527.0,1.0
8,48,2,2447,2527.0,0.9683419074000792
8,49,0,2335,2576.0,0.906444099378882
8,49,1,2527,2576.0,0.9809782608695652
8,49,2,2576,2576.0,1.0
8,50,0,2335,2619.0,0.8915616647575411
8,50,1,2619,2619.0,1.0
8,50,2,2576,2619.0,0.9835815196639939
8,51,0,2335,2652.0,0.8804675716440422
8,51,1,2652,2652.0,1.0
8,51,2,2576,2652.0,0.971342383107089
8,52,0,2335,2716.0,0.8597201767304861
8,52,1,2652,2716.0,0.9764359351988218
8,52,2,2716,2716.0,1.0
8,53,0,2335,2766.0,0.8441793203181489
8,53,1,2766,2766.0,1.0
8,53,2,2716,2766.0,0.9819233550253073
8,54,0,2335,2808.0,0.8315527065527065
8,54,1,2808,2808.0,1.0
8,54,2,2716,2808.0,0.9672364672364673
8,55,0,2335,2845.0,0.820738137082601
8,55,1,2808,2845.0,0.9869947275922671
8,55,2,2845,2845.0,1.0
8,56,0,2335,2898.0,0.805728088336784
8,56,1,2808,2898.0,0.968944099378882
8,56,2,2898,2898.0,1.0
8,57,0,2335,2935.0,0.7955706984667802
8,57,1,2935,2935.0,1.0
8,57,2,2898,2935.0,0.9873935264054514
8,58,0,2335,2980.0,0.7835570469798657
8,58,1,2980,2980.0,1.0
8,58,2,2898,2980.0,0.9724832214765101
8,59,0,2335,3015.0,0.7744610281923715
8,59,1,3015,3015.0,1.0
8,59,2,2898,3015.0,0.9611940298507463
8,60,0,2335,3058.0,0.763570961412688
8,60,1,3058,3058.0,1.0
8,60,2,2898,3058.0,0.947678221059516
8,61,0,2335,3094.0,0.7546864899806076
8,61,1,3094,3094.0,1.0
8,61,2,2898,3094.0,0.9366515837104072
8,62,0,2335,3126.0,0.7469609724888036
8,62,1,3126,3126.0,1.0
8,62,2,2898,3126.0,0.927063339731286
8,63,0,2335,3169.0,0.7368254970022089
8,63,1,3126,3169.0,0.9864310508046702
8,63,2,3169,3169.0,1.0
8,64,0,2335,3211.0,0.7271877919651198
8,64,1,3126,3211.0,0.9735284957957022
8,64,2,3211,3211.0,1.0
8,65,0,2335,3246.0,0.7193468884781269
8,65,1,3246,3246.0,1.0
8,65,2,3211,3246.0,0.9892174984596427
8,66,0,2335,3283.0,0.7112397197685044
8,66,1,3246,3283.0,0.9887298202863235
8,66,2,3283,3283.0,1.0
8,67,0,2335,3343.0,0.6984744241699072
8,67,1,3246,3343.0,0.9709841459766677
8,67,2,3343,3343.0,1.0
8,68,0,2335,3384.0,0.6900118203309693
8,68,1,3246,3384.0,0.9592198581560284
8,68,2,3384,3384.0,1.0
8,69,0,2335,3425.0,0.6817518248175183
8,69,1,3425,3425.0,1.0
8,69,2,3384,3425.0,0.988029197080292
8,70,0,2335,3470.0,0.6729106628242075
8,70,1,3425,3470.0,0.9870317002881844
8,70,2,3470,3470.0,1.0
8,71,0,2335,3531.0,0.6612857547436987
8,71,1,3425,3531.0,0.9699801755876523
8,71,2,3531,3531.0,1.0
8,72,0,2335,3570.0,0.65406162464986
8,72,1,3425,3570.0,0.9593837535014006
8,72,2,3570,3570.0,1.0
8,73,0,2335,3624.0,0.6443156732891833
8,73,1,3425,3624.0,0.9450883002207505
8,73,2,3624,3624.0,1.0
8,74,0,2335,3662.0,0.6376297105406882
8,74,1,3662,3662.0,1.0
8,74,2,3624,3662.0,0.9896231567449482
8,75,0,2335,3711.0,0.6292104554028564
8,75,1,3711,3711.0,1.0
8,75,2,3624,3711.0,0.9765561843168957
8,76,0,2335,3752.0,0.6223347547974414
8,76,1,3752,3752.0,1.0
8,76,2,3624,3752.0,0.9658848614072495
8,77,0,2335,3796.0,0.6151211801896733
8,77,1,3796,3796.0,1.0
8,77,2,3624,3796.0,0.9546891464699684
8,78,0,2335,3832.0,0.6093423799582464
8,78,1,3832,3832.0,1.0
8,78,2,3624,3832.0,0.9457202505219207
8,79,0,2335,3878.0,0.6021144920061887
8,79,1,3832,3878.0,0.9881382155750387
8,79,2,3878,3878.0,1.0
8,80,0,2335,3912.0,0.596881390593047
8,80,1,3912,3912.0,1.0
8,80,2,3878,3912.0,0.9913087934560327
8,81,0,2335,3945.0,0.5918884664131813
8,81,1,3945,3945.0,1.0
8,81,2,3878,3945.0,0.9830164765525983
8,82,0,2335,3988.0,0.585506519558676
8,82,1,3988,3988.0,1.0
8,82,2,3878,3988.0,0.9724172517552658
8,83,0,2335,4025.0,0.5801242236024845
8,83,1,4025,4025.0,1.0
8,83,2,3878,4025.0,0.9634782608695652
8,84,0,2335,4070.0,0.5737100737100738
8,84,1,4070,4070.0,1.0
8,84,2,3878,4070.0,0.9528255528255528
8,85,0,2335,4110.0,0.5681265206812652
8,85,1,4070,4110.0,0.9902676399026764
8,85,2,4110,4110.0,1.0
8,86,0,2335,4140.0,0.5640096618357487
8,86,1,4140,4140.0,1.0
8,86,2,4110,4140.0,0.9927536231884058
8,87,0,2335,4171.0,0.5598177894989211
8,87,1,4171,4171.0,1.0
8,87,2,4110,4171.0,0.9853752097818269
8,88,0,2335,4244.0,0.5501885014137606
8,88,1,4171,4244.0,0.982799245994345
8,88,2,4244,4244.0,1.0
8,89,0,2335,4273.0,0.5464544816288323
8,89,1,4273,4273.0,1.0
8,89,2,4244,4273.0,0.9932131991575006
8,90,0,2335,4306.0,0.5422666047375755
8,90,1,4306,4306.0,1.0
8,90,2,4244,4306.0,0.9856014862981886
8,91,0,2335,4344.0,0.5375230202578268
8,91,1,4344,4344.0,1.0
8,91,2,4244,4344.0,0.9769797421731123
8,92,0,2335,4379.0,0.533226764101393
8,92,1,4379,4379.0,1.0
8,92,2,4244,4379.0,0.9691710436172642
8,93,0,2335,4415.0,0.5288788221970555
8,93,1,4379,4415.0,0.991845979614949
8,93,2,4415,4415.0,1.0
8,94,0,2335,4476.0,0.5216711349419124
8,94,1,4379,4476.0,0.9783288650580876
8,94,2,4476,4476.0,1.0
8,95,0,2335,4517.0,0.516936019481957
8,95,1,4517,4517.0,1.0
8,95,2,4476,4517.0,0.9909231791011733
8,96,0,2335,4559.0,0.5121737223075236
8,96,1,4559,4559.0,1.0
8,96,2,4476,4559.0,0.9817942531256855
8,97,0,2335,4608.0,0.5067274305555556
8,97,1,4559,4608.0,0.9893663194444444
8,97,2,4608,4608.0,1.0
8,98,0,2335,4656.0,0.5015034364261168
8,98,1,4656,4656.0,1.0
8,98,2,4608,4656.0,0.9896907216494846
8,99,0,2335,4700.0,0.4968085106382979
8,99,1,4700,4700.0,1.0
8,99,2,4608,4700.0,0.9804255319148936
8,100,0,2335,4737.0,0.49292801351066073
8,100,1,4737,4737.0,1.0
8,100,2,4608,4737.0,0.9727675744141862
8,101,0,2335,4793.0,0.4871687878155644
8,101,1,4737,4793.0,0.9883162945962862
8,101,2,4793,4793.0,1.0
8,102,0,2335,4841.0,0.48233835984300766
8,102,1,4841,4841.0,1.0
8,102,2,4793,4841.0,0.9900846932451973
8,103,0,2335,4906.0,0.47594781899714633
8,103,1,4841,4906.0,0.9867509172441908
8,103,2,4906,4906.0,1.0
8,104,0,2335,4937.0,0.4729592870164067
8,104,1,4937,4937.0,1.0
8,104,2,4906,4937.0,0.9937208831274053
8,105,0,2335,4979.0,0.4689696726250251
8,105,1,4979,4979.0,1.0
8,105,2,4906,4979.0,0.9853384213697529
8,106,0,2335,5029.0,0.46430701928812884
8,106,1,5029,5029.0,1.0
8,106,2,4906,5029.0,0.9755418572280772
8,107,0,2335,5085.0,0.4591937069813176
8,107,1,5029,5085.0,0.9889872173058014
8,107,2,5085,5085.0,1.0
8,108,0,2335,5135.0,0.45472249269717624
8,108,1,5135,5135.0,1.0
8,108,2,5085,5135.0,0.9902629016553067
8,109,0,2335,5176.0,0.4511205564142195
8,109,1,5135,5176.0,0.9920788253477589
8,109,2,5176,5176.0,1.0
8,110,0,2335,5203.0,0.4487795502594657
8,110,1,5203,5203.0,1.0
8,110,2,5176,5203.0,0.99481068614261
8,111,0,2335,5277.0,0.44248626113321965
8,111,1,5203,5277.0,0.9859768808034868
8,111,2,5277,5277.0,1.0
8,112,0,2335,5320.0,0.43890977443609025
8,112,1,5320,5320.0,1.0
8,112,2,5277,5320.0,0.9919172932330828
8,113,0,2335,5370.0,0.43482309124767227
8,113,1,5370,5370.0,1.0
8,113,2,5277,5370.0,0.9826815642458101
8,114,0,2335,5403.0,0.43216731445493245
8,114,1,5370,5403.0,0.9938922820655192
8,114,2,5403,5403.0,1.0
8,115,0,2335,5442.0,0.4290701947813304
8,115,1,5442,5442.0,1.0
8,115,2,5403,5442.0,0.9928335170893055
8,116,0,2335,5474.0,0.4265619291194739
8,116,1,5474,5474.0,1.0
8,116,2,5403,5474.0,0.9870295944464742
8,117,0,2335,5513.0,0.42354434971884636
8,117,1,5474,5513.0,0.9929258117177581
8,117,2,5513,5513.0,1.0
8,118,0,2335,5553.0,0.4204934269764091
8,118,1,5474,5553.0,0.9857734557896632
8,118,2,5553,5553.0,1.0
8,119,0,2335,5595.0,0.41733690795352996
8,119,1,5595,5595.0,1.0
8,119,2,5553,5595.0,0.9924932975871313
8,120,0,2335,5637.0,0.41422742593578143
8,120,1,5637,5637.0,1.0
8,120,2,5553,5637.0,0.9850984566258648
8,121,0,2335,5686.0,0.41065775589166376
8,121,1,5686,5686.0,1.0
8,121,2,5553,5686.0,0.9766092156173056
8,122,0,2335,5729.0,0.407575493105254
8,122,1,5729,5729.0,1.0
8,122,2,5553,5729.0,0.9692791063012742
8,123,0,2335,5797.0,0.4027945489046058
8,123,1,5729,5797.0,0.9882697947214076
8,123,2,5797,5797.0,1.0
8,124,0,2335,5839.0,0.3998972426785408
8,124,1,5839,5839.0,1.0
8,124,2,5797,5839.0,0.9928069874978592
8,125,0,2335,5880.0,0.397108843537415
8,125,1,5880,5880.0,1.0
8,125,2,5797,5880.0,0.9858843537414966
8,126,0,2335,5923.0,0.3942258990376498
8,126,1,5923,5923.0,1.0
8,126,2,5797,5923.0,0.9787269964544995
8,127,0,2335,5991.0,0.3897512936070773
8,127,1,5923,5991.0,0.9886496411283592
8,127,2,5991,5991.0,1.0
8,128,0,2335,6037.0,0.3867815139970184
8,128,1,6037,6037.0,1.0
8,128,2,5991,6037.0,0.9923803213516648
8,129,0,2335,6070.0,0.3846787479406919
8,129,1,6070,6070.0,1.0
8,129,2,5991,6070.0,0.986985172981878
8,130,0,2335,6107.0,0.38234812510234156
8,130,1,6107,6107.0,1.0
8,130,2,5991,6107.0,0.9810054036351727
8,131,0,2335,6142.0,0.3801693259524585
8,131,1,6142,6142.0,1.0
8,131,2,5991,6142.0,0.975415174210355
8,132,0,2335,6182.0,0.37770947913296665
8,132,1,6142,6182.0,0.9935296020705273
8,132,2,6182,6182.0,1.0
8,133,0,2335,6227.0,0.3749799261281516
8,133,1,6227,6227.0,1.0
8,133,2,6182,6227.0,0.9927734061345752
8,134,0,2335,6277.0,0.37199299028198185
8,134,1,6227,6277.0,0.9920344113429983
8,134,2,6277,6277.0,1.0
9,1,0,36,36.0,1.0
9,1,1,0,36.0,0.0
9,1,2,0,36.0,0.0
9,2,0,116,116.0,1.0
9,2,1,0,116.0,0.0
9,2,2,0,116.0,0.0
9,3,0,190,190.0,1.0
9,3,1,0,190.0,0.0
9,3,2,0,190.0,0.0
9,4,0,253,253.0,1.0
9,4,1,0,253.0,0.0
9,4,2,0,253.0,0.0
9,5,0,334,334.0,1.0
9,5,1,0,334.0,0.0
9,5,2,0,334.0,0.0
9,6,0,400,400.0,1.0
9,6,1,0,400.0,0.0
9,6,2,0,400.0,0.0
9,7,0,400,415.0,0.963855421686747
9,7,1,415,415.0,1.0
9,7,2,0,415.0,0.0
9,8,0,474,474.0,1.0
9,8,1,415,474.0,0.8755274261603375
9,8,2,0,474.0,0.0
9,9,0,546,546.0,1.0
9,9,1,415,546.0,0.76007326007326
9,9,2,0,546.0,0.0
9,10,0,546,574.0,0.9512195121951219
9,10,1,574,574.0,1.0
9,10,2,0,574.0,0.0
9,11,0,546,610.0,0.8950819672131147
9,11,1,610,610.0,1.0
9,11,2,0,610.0,0.0
9,12,0,546,645.0,0.8465116279069768
9,12,1,645,645.0,1.0
9,12,2,0,645.0,0.0
9,13,0,546,685.0,0.7970802919708029
9,13,1,685,685.0,1.0
9,13,2,0,685.0,0.0
9,14,0,546,720.0,0.7583333333333333
9,14,1,685,720.0,0.9513888888888888
9,14,2,720,720.0,1.0
9,15,0,779,779.0,1.0
9,15,1,685,779.0,0.8793324775353016
9,15,2,720,779.0,0.9242618741976893
9,16,0,841,841.0,1.0
9,16,1,685,841.0,0.8145065398335315
9,16,2,720,841.0,0.8561236623067776
9,17,0,906,906.0,1.0
9,17,1,685,906.0,0.7560706401766004
9,17,2,720,906.0,0.7947019867549668
9,18,0,906,975.0,0.9292307692307692
9,18,1,685,975.0,0.7025641025641025
9,18,2,975,975.0,1.0
9,19,0,906,1020.0,0.888235294117647
9,19,1,1020,1020.0,1.0
9,19,2,975,1020.0,0.9558823529411765
9,20,0,1091,1091.0,1.0
9,20,1,1020,1091.0,0.9349220898258478
9,20,2,975,1091.0,0.8936755270394133
9,21,0,1091,1121.0,0.9732381801962533
9,21,1,1121,1121.0,1.0
9,21,2,975,1121.0,0.8697591436217663
9,22,0,1091,1194.0,0.9137353433835846
9,22,1,1121,1194.0,0.9388609715242882
9,22,2,1194,1194.0,1.0
9,23,0,1091,1236.0,0.8826860841423948
9,23,1,1121,1236.0,0.906957928802589
9,23,2,1236,1236.0,1.0
9,24,0,1307,1307.0,1.0
9,24,1,1121,1307.0,0.8576893649579189
9,24,2,1236,1307.0,0.9456771231828616
9,25,0,1307,1349.0,0.9688658265381764
9,25,1,1349,1349.0,1.0
9,25,2,1236,1349.0,0.916234247590808
9,26,0,1307,1382.0,0.9457308248914617
9,26,1,1382,1382.0,1.0
9,26,2,1236,1382.0,0.894356005788712
9,27,0,1458,1458.0,1.0
9,27,1,1382,1458.0,0.9478737997256516
9,27,2,1236,1458.0,0.8477366255144033
9,28,0,1458,1515.0,0.9623762376237623
9,28,1,1382,1515.0,0.9122112211221122
9,28,2,1515,1515.0,1.0
9,29,0,1458,1570.0,0.9286624203821656
9,29,1,1382,1570.0,0.8802547770700637
9,29,2,1570,1570.0,1.0
9,30,0,1625,1625.0,1.0
9,30,1,1382,1625.0,0.8504615384615385
9,30,2,1570,1625.0,0.9661538461538461
9,31,0,1625,1665.0,0.975975975975976
9,31,1,1665,1665.0,1.0
9,31,2,1570,1665.0,0.9429429429429429
9,32,0,1723,1723.0,1.0
9,32,1,1665,1723.0,0.9663377829367382
9,32,2,1570,1723.0,0.9112013929193268
9,33,0,1723,1763.0,0.9773114010209869
9,33,1,1665,1763.0,0.944412932501418
9,33,2,1763,1763.0,1.0
9,34,0,1723,1806.0,0.9540420819490587
9,34,1,1806,1806.0,1.0
9,34,2,1763,1806.0,0.9761904761904762
9,35,0,1723,1839.0,0.9369222403480152
9,35,1,1839,1839.0,1.0
9,35,2,1763,1839.0,0.958673191952148
9,36,0,1723,1908.0,0.9030398322851153
9,36,1,1839,1908.0,0.9638364779874213
9,36,2,1908,1908.0,1.0
9,37,0,1723,1953.0,0.8822324628776241
9,37,1,1839,1953.0,0.9416282642089093
9,37,2,1953,1953.0,1.0
9,38,0,1723,1998.0,0.8623623623623624
9,38,1,1998,1998.0,1.0
9,38,2,1953,1998.0,0.9774774774774775
9,39,0,1723,2071.0,0.8319652341863834
9,39,1,1998,2071.0,0.9647513278609368
9,39,2,2071,2071.0,1.0
9,40,0,1723,2114.0,0.815042573320719
9,40,1,2114,2114.0,1.0
9,40,2,2071,2114.0,0.9796594134342479
9,41,0,1723,2178.0,0.7910927456382002
9,41,1,2114,2178.0,0.970615243342516
9,41,2,2178,2178.0,1.0
9,42,0,1723,2232.0,0.7719534050179212
9,42,1,2114,2232.0,0.9471326164874552
9,42,2,2232,2232.0,1.0
9,43,0,1723,2282.0,0.7550394390885189
9,43,1,2282,2282.0,1.0
9,43,2,2232,2282.0,0.9780893952673094
9,44,0,1723,2324.0,0.7413941480206541
9,44,1,2324,2324.0,1.0
9,44,2,2232,2324.0,0.9604130808950087
9,45,0,1723,2392.0,0.7203177257525084
9,45,1,2324,2392.0,0.9715719063545151
9,45,2,2392,2392.0,1.0
9,46,0,1723,2421.0,0.7116893845518381
9,46,1,2421,2421.0,1.0
9,46,2,2392,2421.0,0.9880214787277984
9,47,0,1723,2454.0,0.702118989405053
9,47,1,2454,2454.0,1.0
9,47,2,2392,2454.0,0.9747351263243684
9,48,0,2495,2495.0,1.0
9,48,1,2454,2495.0,0.983567134268537
9,48,2,2392,2495.0,0.9587174348697395
9,49,0,2495,2532.0,0.985387045813586
9,49,1,2454,2532.0,0.9691943127962085
9,49,2,2532,2532.0,1.0
9,50,0,2495,2562.0,0.9738485558157689
9,50,1,2562,2562.0,1.0
9,50,2,2532,2562.0,0.9882903981264637
9,51,0,2495,2612.0,0.9552067381316999
9,51,1,2612,2612.0,1.0
9,51,2,2532,2612.0,0.9693721286370597
9,52,0,2495,2657.0,0.939028980052691
9,52,1,2657,2657.0,1.0
9,52,2,2532,2657.0,0.9529544599171998
9,53,0,2495,2694.0,0.9261321455085375
9,53,1,2694,2694.0,1.0
9,53,2,2532,2694.0,0.9398663697104677
9,54,0,2495,2725.0,0.9155963302752294
9,54,1,2725,2725.0,1.0
9,54,2,2532,2725.0,0.9291743119266055
9,55,0,2495,2760.0,0.9039855072463768
9,55,1,2760,2760.0,1.0
9,55,2,2532,2760.0,0.9173913043478261
9,56,0,2495,2810.0,0.8879003558718861
9,56,1,2810,2810.0,1.0
9,56,2,2532,2810.0,0.901067615658363
9,57,0,2495,2853.0,0.8745180511742026
9,57,1,2853,2853.0,1.0
9,57,2,2532,2853.0,0.8874868559411146
9,58,0,2495,2895.0,0.8618307426597582
9,58,1,2895,2895.0,1.0
9,58,2,2532,2895.0,0.8746113989637305
9,59,0,2495,2948.0,0.846336499321574
9,59,1,2895,2948.0,0.98202170963365
9,59,2,2948,2948.0,1.0
9,60,0,2495,3021.0,0.825885468387951
9,60,1,2895,3021.0,0.958291956305859
9,60,2,3021,3021.0,1.0
9,61,0,2495,3064.0,0.8142950391644909
9,61,1,3064,3064.0,1.0
9,61,2,3021,3064.0,0.9859660574412533
9,62,0,2495,3103.0,0.8040605865291653
9,62,1,3064,3103.0,0.9874315178859169
9,62,2,3103,3103.0,1.0
9,63,0,2495,3142.0,0.794080203691916
9,63,1,3064,3142.0,0.9751750477402928
9,63,2,3142,3142.0,1.0
9,64,0,2495,3196.0,0.7806633291614519
9,64,1,3064,3196.0,0.9586983729662077
9,64,2,3196,3196.0,1.0
9,65,0,2495,3232.0,0.7719678217821783
9,65,1,3232,3232.0,1.0
9,65,2,3196,3232.0,0.9888613861386139
9,66,0,2495,3273.0,0.7622975863122518
9,66,1,3273,3273.0,1.0
9,66,2,3196,3273.0,0.9764741827069966
9,67,0,2495,3329.0,0.749474316611595
9,67,1,3273,3329.0,0.9831781315710424
9,67,2,3329,3329.0,1.0
9,68,0,2495,3366.0,0.7412358882947119
9,68,1,3273,3366.0,0.9723707664884136
9,68,2,3366,3366.0,1.0
9,69,0,2495,3403.0,0.7331766088745225
9,69,1,3403,3403.0,1.0
9,69,2,3366,3403.0,0.989127240669997
9,70,0,2495,3441.0,0.7250799186283057
9,70,1,3441,3441.0,1.0
9,70,2,3366,3441.0,0.978204010462075
9,71,0,2495,3478.0,0.7173663024726854
9,71,1,3441,3478.0,0.9893617021276596
9,71,2,3478,3478.0,1.0
9,72,0,2495,3548.0,0.7032130777903044
9,72,1,3441,3548.0,0.9698421645997746
9,72,2,3548,3548.0,1.0
9,73,0,2495,3586.0,0.6957612939208031
9,73,1,3586,3586.0,1.0
9,73,2,3548,3586.0,0.9894032348020078
9,74,0,2495,3612.0,0.6907530454042082
9,74,1,3612,3612.0,1.0
9,74,2,3548,3612.0,0.982281284606866
9,75,0,2495,3654.0,0.6828133552271484
9,75,1,3612,3654.0,0.9885057471264368
9,75,2,3654,3654.0,1.0
9,76,0,2495,3686.0,0.6768855127509495
9,76,1,3686,3686.0,1.0
9,76,2,3654,3686.0,0.9913185024416712
9,77,0,2495,3719.0,0.6708792686205969
9,77,1,3719,3719.0,1.0
9,77,2,3654,3719.0,0.9825221833826298
9,78,0,3782,3782.0,1.0
9,78,1,3719,3782.0,0.9833421470121628
9,78,2,3654,3782.0,0.9661554732945531
9,79,0,3782,3814.0,0.9916098584163607
9,79,1,3814,3814.0,1.0
9,79,2,3654,3814.0,0.9580492920818039
9,80,0,3782,3880.0,0.9747422680412371
9,80,1,3814,3880.0,0.9829896907216494
9,80,2,3880,3880.0,1.0
9,81,0,3782,3920.0,0.9647959183673469
9,81,1,3920,3920.0,1.0
9,81,2,3880,3920.0,0.9897959183673469
9,82,0,3782,3953.0,0.9567417151530483
9,82,1,3953,3953.0,1.0
9,82,2,3880,3953.0,0.9815330129015937
9,83,0,3782,3983.0,0.9495355259854381
9,83,1,3983,3983.0,1.0
9,83,2,3880,3983.0,0.9741400954054733
9,84,0,3782,4017.0,0.9414986308190192
9,84,1,4017,4017.0,1.0
9,84,2,3880,4017.0,0.9658949464774708
9,85,0,4097,4097.0,1.0
9,85,1,4017,4097.0,0.9804735172077129
9,85,2,3880,4097.0,0.9470344154259214
9,86,0,4097,4147.0,0.9879430913913673
9,86,1,4147,4147.0,1.0
9,86,2,3880,4147.0,0.9356161080299011
9,87,0,4097,4196.0,0.9764061010486177
9,87,1,4147,4196.0,0.9883222116301239
9,87,2,4196,4196.0,1.0
9,88,0,4097,4256.0,0.962640977443609
9,88,1,4147,4256.0,0.9743890977443609
9,88,2,4256,4256.0,1.0
9,89,0,4097,4324.0,0.9475023126734505
9,89,1,4147,4324.0,0.9590656799259945
9,89,2,4324,4324.0,1.0
9,90,0,4097,4365.0,0.938602520045819
9,90,1,4147,4365.0,0.9500572737686139
9,90,2,4365,4365.0,1.0
9,91,0,4097,4421.0,0.9267134132549197
9,91,1,4147,4421.0,0.9380230717032345
9,91,2,4421,4421.0,1.0
9,92,0,4097,4464.0,0.9177867383512545
9,92,1,4147,4464.0,0.9289874551971327
9,92,2,4464,4464.0,1.0
9,93,0,4097,4501.0,0.9102421684070207
9,93,1,4501,4501.0,1.0
9,93,2,4464,4501.0,0.9917796045323262
9,94,0,4097,4562.0,0.8980710214818062
9,94,1,4501,4562.0,0.9866286716352477
9,94,2,4562,4562.0,1.0
9,95,0,4097,4599.0,0.8908458360513155
9,95,1,4599,4599.0,1.0
9,95,2,4562,4599.0,0.9919547727766905
9,96,0,4097,4648.0,0.8814543889845095
9,96,1,4648,4648.0,1.0
9,96,2,4562,4648.0,0.9814974182444062
9,97,0,4708,4708.0,1.0
9,97,1,4648,4708.0,0.9872557349192863
9,97,2,4562,4708.0,0.9689889549702634
9,98,0,4708,4744.0,0.9924114671163575
9,98,1,4744,4744.0,1.0
9,98,2,4562,4744.0,0.9616357504215851
9,99,0,4708,4809.0,0.9789977126221667
9,99,1,4744,4809.0,0.9864836764400083
9,99,2,4809,4809.0,1.0
9,100,0,4708,4847.0,0.9713224675056736
9,100,1,4847,4847.0,1.0
9,100,2,4809,4847.0,0.9921600990303281
9,101,0,4708,4888.0,0.9631751227495908
9,101,1,4888,4888.0,1.0
9,101,2,4809,4888.0,0.9838379705400983
9,102,0,4708,4930.0,0.9549695740365112
9,102,1,4930,4930.0,1.0
9,102,2,4809,4930.0,0.9754563894523327
9,103,0,4708,4979.0,0.9455713998794939
9,103,1,4979,4979.0,1.0
9,103,2,4809,4979.0,0.9658565977103836
9,104,0,4708,5048.0,0.9326465927099842
9,104,1,4979,5048.0,0.9863312202852615
9,104,2,5048,5048.0,1.0
9,105,0,4708,5087.0,0.9254963632789464
9,105,1,4979,5087.0,0.9787694122272459
9,105,2,5087,5087.0,1.0
9,106,0,4708,5132.0,0.9173811379579111
9,106,1,5132,5132.0,1.0
9,106,2,5087,5132.0,0.9912314886983632
9,107,0,4708,5167.0,0.911167021482485
9,107,1,5167,5167.0,1.0
9,107,2,5087,5167.0,0.9845171279272305
9,108,0,4708,5217.0,0.9024343492428599
9,108,1,5217,5217.0,1.0
9,108,2,5087,5217.0,0.9750814644431666
9,109,0,4708,5258.0,0.895397489539749
9,109,1,5258,5258.0,1.0
9,109,2,5087,5258.0,0.9674781285659947
9,110,0,4708,5302.0,0.8879668049792531
9,110,1,5302,5302.0,1.0
9,110,2,5087,5302.0,0.9594492644285175
9,111,0,4708,5346.0,0.8806584362139918
9,111,1,5346,5346.0,1.0
9,111,2,5087,5346.0,0.9515525626636738
9,112,0,4708,5387.0,0.873955819565621
9,112,1,5346,5387.0,0.9923890848338592
9,112,2,5387,5387.0,1.0
9,113,0,4708,5427.0,0.8675142804496039
9,113,1,5346,5427.0,0.9850746268656716
9,113,2,5427,5427.0,1.0
9,114,0,4708,5460.0,0.8622710622710623
9,114,1,5346,5460.0,0.9791208791208791
9,114,2,5460,5460.0,1.0
9,115,0,4708,5503.0,0.8555333454479375
9,115,1,5503,5503.0,1.0
9,115,2,5460,5503.0,0.9921860803198256
9,116,0,4708,5543.0,0.8493595525888508
9,116,1,5503,5543.0,0.9927836911419808
9,116,2,5543,5543.0,1.0
9,117,0,4708,5589.0,0.8423689389872965
9,117,1,5589,5589.0,1.0
9,117,2,5543,5589.0,0.9917695473251029
9,118,0,4708,5639.0,0.8348998049299521
9,118,1,5589,5639.0,0.9911331796417805
9,118,2,5639,5639.0,1.0
9,119,0,4708,5681.0,0.82872733673649
9,119,1,5681,5681.0,1.0
9,119,2,5639,5681.0,0.9926069353986974
9,120,0,4708,5732.0,0.8213538032100488
9,120,1,5681,5732.0,0.991102581995813
9,120,2,5732,5732.0,1.0
9,121,0,4708,5780.0,0.8145328719723184
9,121,1,5780,5780.0,1.0
9,121,2,5732,5780.0,0.9916955017301038
9,122,0,4708,5830.0,0.8075471698113208
9,122,1,5830,5830.0,1.0
9,122,2,5732,5830.0,0.9831903945111492
9,123,0,4708,5878.0,0.8009527050017012
9,123,1,5878,5878.0,1.0
9,123,2,5732,5878.0,0.9751616195985029
9,124,0,4708,5914.0,0.796077105174163
9,124,1,5878,5914.0,0.993912749408184
9,124,2,5914,5914.0,1.0
9,125,0,4708,5956.0,0.7904633982538617
9,125,1,5956,5956.0,1.0
9,125,2,5914,5956.0,0.9929482874412358
9,126,0,4708,6002.0,0.7844051982672442
9,126,1,6002,6002.0,1.0
9,126,2,5914,6002.0,0.9853382205931356
9,127,0,4708,6040.0,0.7794701986754967
9,127,1,6040,6040.0,1.0
9,127,2,5914,6040.0,0.9791390728476821
9,128,0,4708,6084.0,0.7738330046022354
9,128,1,6084,6084.0,1.0
9,128,2,5914,6084.0,0.9720578566732413
9,129,0,4708,6122.0,0.7690297288467821
9,129,1,6122,6122.0,1.0
9,129,2,5914,6122.0,0.9660241751061744
9,130,0,4708,6163.0,0.763913678403375
9,130,1,6163,6163.0,1.0
9,130,2,5914,6163.0,0.959597598572124
9,131,0,4708,6205.0,0.7587429492344883
9,131,1,6205,6205.0,1.0
9,131,2,5914,6205.0,0.953102336825141
9,132,0,4708,6235.0,0.7550922213311949
9,132,1,6235,6235.0,1.0
9,132,2,5914,6235.0,0.9485164394546912
9,133,0,4708,6280.0,0.7496815286624203
9,133,1,6280,6280.0,1.0
9,133,2,5914,6280.0,0.9417197452229299
9,134,0,4708,6307.0,0.7464721737751705
9,134,1,6307,6307.0,1.0
9,134,2,5914,6307.0,0.9376882828603139
10,1,0,23,23.0,1.0
10,1,1,0,23.0,0.0
10,1,2,0,23.0,0.0
10,2,0,78,78.0,1.0
10,2,1,0,78.0,0.0
10,2,2,0,78.0,0.0
10,3,0,150,150.0,1.0
10,3,1,0,150.0,0.0
10,3,2,0,150.0,0.0
10,4,0,211,211.0,1.0
10,4,1,0,211.0,0.0
10,4,2,0,211.0,0.0
10,5,0,262,262.0,1.0
10,5,1,0,262.0,0.0
10,5,2,0,262.0,0.0
10,6,0,262,287.0,0.9128919860627178
10,6,1,287,287.0,1.0
10,6,2,0,287.0,0.0
10,7,0,262,326.0,0.803680981595092
10,7,1,287,326.0,0.8803680981595092
10,7,2,326,326.0,1.0
10,8,0,376,376.0,1.0
10,8,1,287,376.0,0.7632978723404256
10,8,2,326,376.0,0.8670212765957447
10,9,0,376,404.0,0.9306930693069307
10,9,1,404,404.0,1.0
10,9,2,326,404.0,0.806930693069307
10,10,0,376,446.0,0.8430493273542601
10,10,1,446,446.0,1.0
10,10,2,326,446.0,0.7309417040358744
10,11,0,511,511.0,1.0
10,11,1,446,511.0,0.87279843444227
10,11,2,326,511.0,0.6379647749510763
10,12,0,511,544.0,0.9393382352941176
10,12,1,544,544.0,1.0
10,12,2,326,544.0,0.5992647058823529
10,13,0,511,589.0,0.8675721561969439
10,13,1,544,589.0,0.9235993208828522
10,13,2,589,589.0,1.0
10,14,0,669,669.0,1.0
10,14,1,544,669.0,0.8131539611360239
10,14,2,589,669.0,0.8804185351270553
10,15,0,669,719.0,0.9304589707927677
10,15,1,719,719.0,1.0
10,15,2,589,719.0,0.8191933240611962
10,16,0,669,756.0,0.8849206349206349
10,16,1,719,756.0,0.951058201058201
10,16,2,756,756.0,1.0
10,17,0,669,809.0,0.826946847960445
10,17,1,719,809.0,0.8887515451174289
10,17,2,809,809.0,1.0
10,18,0,669,844.0,0.792654028436019
10,18,1,844,844.0,1.0
10,18,2,809,844.0,0.9585308056872038
10,19,0,906,906.0,1.0
10,19,1,844,906.0,0.9315673289183223
10,19,2,809,906.0,0.8929359823399559
10,20,0,906,942.0,0.9617834394904459
10,20,1,942,942.0,1.0
10,20,2,809,942.0,0.8588110403397028
10,21,0,998,998.0,1.0
10,21,1,942,998.0,0.9438877755511023
10,21,2,809,998.0,0.8106212424849699
10,22,0,1061,1061.0,1.0
10,22,1,942,1061.0,0.8878416588124411
10,22,2,809,1061.0,0.76248821866164
10,23,0,1061,1096.0,0.968065693430657
10,23,1,1096,1096.0,1.0
10,23,2,809,1096.0,0.7381386861313869
10,24,0,1167,1167.0,1.0
10,24,1,1096,1167.0,0.9391602399314481
10,24,2,809,1167.0,0.6932305055698372
10,25,0,1248,1248.0,1.0
10,25,1,1096,1248.0,0.8782051282051282
10,25,2,809,1248.0,0.6482371794871795
10,26,0,1307,1307.0,1.0
10,26,1,1096,1307.0,0.8385615914307575
10,26,2,809,1307.0,0.6189747513389442
10,27,0,1307,1376.0,0.9498546511627907
10,27,1,1096,1376.0,0.7965116279069767
10,27,2,1376,1376.0,1.0
10,28,0,1447,1447.0,1.0
10,28,1,1096,1447.0,0.7574291637871459
10,28,2,1376,1447.0,0.9509329647546648
10,29,0,1447,1480.0,0.9777027027027027
10,29,1,1480,1480.0,1.0
10,29,2,1376,1480.0,0.9297297297297298
10,30,0,1447,1523.0,0.9500984898227183
10,30,1,1523,1523.0,1.0
10,30,2,1376,1523.0,0.9034799737360473
10,31,0,1447,1596.0,0.906641604010025
10,31,1,1523,1596.0,0.9542606516290727
10,31,2,1596,1596.0,1.0
10,32,0,1640,1640.0,1.0
10,32,1,1523,1640.0,0.9286585365853659
10,32,2,1596,1640.0,0.973170731707317
10,33,0,1640,1680.0,0.9761904761904762
10,33,1,1680,1680.0,1.0
10,33,2,1596,1680.0,0.95
10,34,0,1640,1737.0,0.9441565918249856
10,34,1,1680,1737.0,0.9671848013816926
10,34,2,1737,1737.0,1.0
10,35,0,1640,1792.0,0.9151785714285714
10,35,1,1680,1792.0,0.9375
10,35,2,1792,1792.0,1.0
10,36,0,1640,1825.0,0.8986301369863013
10,36,1,1825,1825.0,1.0
10,36,2,1792,1825.0,0.9819178082191781
10,37,0,1640,1867.0,0.8784145688269952
10,37,1,1825,1867.0,0.9775040171397965
10,37,2,1867,1867.0,1.0
10,38,0,1640,1899.0,0.8636124275934702
10,38,1,1899,1899.0,1.0
10,38,2,1867,1899.0,0.9831490258030542
10,39,0,1640,1939.0,0.8457968024755028
10,39,1,1939,1939.0,1.0
10,39,2,1867,1939.0,0.962867457452295
10,40,0,1640,1970.0,0.8324873096446701
10,40,1,1970,1970.0,1.0
10,40,2,1867,1970.0,0.9477157360406091
10,41,0,1640,2003.0,0.818771842236645
10,41,1,2003,2003.0,1.0
10,41,2,1867,2003.0,0.9321018472291562
10,42,0,2079,2079.0,1.0
10,42,1,2003,2079.0,0.9634439634439634
10,42,2,1867,2079.0,0.8980278980278981
10,43,0,2137,2137.0,1.0
10,43,1,2003,2137.0,0.9372952737482452
10,43,2,1867,2137.0,0.873654656059897
10,44,0,2137,2174.0,0.9829806807727691
10,44,1,2174,2174.0,1.0
10,44,2,1867,2174.0,0.858785648574057
10,45,0,2137,2218.0,0.9634806131650135
10,45,1,2174,2218.0,0.9801623083859333
10,45,2,2218,2218.0,1.0
10,46,0,2137,2252.0,0.9489342806394316
10,46,1,2252,2252.0,1.0
10,46,2,2218,2252.0,0.9849023090586145
10,47,0,2137,2297.0,0.9303439268611232
10,47,1,2297,2297.0,1.0
10,47,2,2218,2297.0,0.9656073138876796
10,48,0,2137,2363.0,0.9043588658484977
10,48,1,2297,2363.0,0.9720694033008886
10,48,2,2363,2363.0,1.0
10,49,0,2137,2412.0,0.8859867330016584
10,49,1,2297,2412.0,0.9523217247097844
10,49,2,2412,2412.0,1.0
10,50,0,2137,2482.0,0.8609991941982272
10,50,1,2297,2482.0,0.9254633360193393
10,50,2,2482,2482.0,1.0
10,51,0,2137,2520.0,0.848015873015873
10,51,1,2297,2520.0,0.9115079365079365
10,51,2,2520,2520.0,1.0
10,52,0,2137,2589.0,0.8254152182309772
10,52,1,2297,2589.0,0.8872151409810738
10,52,2,2589,2589.0,1.0
10,53,0,2137,2645.0,0.8079395085066162
10,53,1,2297,2645.0,0.8684310018903592
10,53,2,2645,2645.0,1.0
10,54,0,2137,2682.0,0.796793437733035
10,54,1,2297,2682.0,0.8564504101416853
10,54,2,2682,2682.0,1.0
10,55,0,2137,2717.0,0.7865292602134707
10,55,1,2717,2717.0,1.0
10,55,2,2682,2717.0,0.9871181450128819
10,56,0,2137,2756.0,0.775399129172714
10,56,1,2756,2756.0,1.0
10,56,2,2682,2756.0,0.9731494920174165
10,57,0,2137,2791.0,0.7656753851666069
10,57,1,2791,2791.0,1.0
10,57,2,2682,2791.0,0.9609458975277678
10,58,0,2137,2832.0,0.754590395480226
10,58,1,2832,2832.0,1.0
10,58,2,2682,2832.0,0.9470338983050848
10,59,0,2137,2886.0,0.7404712404712405
10,59,1,2832,2886.0,0.9812889812889813
10,59,2,2886,2886.0,1.0
10,60,0,2137,2931.0,0.7291026953258274
10,60,1,2832,2931.0,0.9662231320368475
10,60,2,2931,2931.0,1.0
10,61,0,2137,2972.0,0.7190444145356663
10,61,1,2832,2972.0,0.9528936742934051
10,61,2,2972,2972.0,1.0
10,62,0,2137,3015.0,0.7087893864013267
10,62,1,3015,3015.0,1.0
10,62,2,2972,3015.0,0.9857379767827529
10,63,0,2137,3048.0,0.7011154855643045
10,63,1,3048,3048.0,1.0
10,63,2,2972,3048.0,0.9750656167979003
10,64,0,2137,3091.0,0.691362018764154
10,64,1,3091,3091.0,1.0
10,64,2,2972,3091.0,0.9615011323196376
10,65,0,2137,3121.0,0.6847164370394104
10,65,1,3121,3121.0,1.0
10,65,2,2972,3121.0,0.9522588913809676
10,66,0,3180,3180.0,1.0
10,66,1,3121,3180.0,0.9814465408805031
10,66,2,2972,3180.0,0.9345911949685535
10,67,0,3180,3221.0,0.9872710338404223
10,67,1,3121,3221.0,0.9689537410742005
10,67,2,3221,3221.0,1.0
10,68,0,3180,3258.0,0.9760589318600368
10,68,1,3258,3258.0,1.0
10,68,2,3221,3258.0,0.9886433394720687
10,69,0,3180,3323.0,0.9569665964489918
10,69,1,3258,3323.0,0.980439362022269
10,69,2,3323,3323.0,1.0
10,70,0,3180,3365.0,0.9450222882615156
10,70,1,3365,3365.0,1.0
10,70,2,3323,3365.0,0.987518573551263
10,71,0,3180,3399.0,0.9355692850838482
10,71,1,3399,3399.0,1.0
10,71,2,3323,3399.0,0.9776404824948515
10,72,0,3180,3432.0,0.9265734265734266
10,72,1,3432,3432.0,1.0
10,72,2,3323,3432.0,0.9682400932400932
10,73,0,3180,3505.0,0.9072753209700428
10,73,1,3432,3505.0,0.9791726105563481
10,73,2,3505,3505.0,1.0
10,74,0,3180,3547.0,0.8965322808006766
10,74,1,3432,3547.0,0.9675782351282775
10,74,2,3547,3547.0,1.0
10,75,0,3180,3621.0,0.8782104391052196
10,75,1,3432,3621.0,0.947804473902237
10,75,2,3621,3621.0,1.0
10,76,0,3180,3647.0,0.871949547573348
10,76,1,3647,3647.0,1.0
10,76,2,3621,3647.0,0.9928708527556896
10,77,0,3180,3682.0,0.8636610537751223
10,77,1,3647,3682.0,0.9904942965779467
10,77,2,3682,3682.0,1.0
10,78,0,3180,3722.0,0.8543793659322945
10,78,1,3647,3722.0,0.9798495432563138
10,78,2,3722,3722.0,1.0
10,79,0,3180,3777.0,0.8419380460683081
10,79,1,3647,3777.0,0.9655811490601006
10,79,2,3777,3777.0,1.0
10,80,0,3180,3838.0,0.8285565398645127
10,80,1,3647,3838.0,0.9502344971339239
10,80,2,3838,3838.0,1.0
10,81,0,3180,3888.0,0.8179012345679012
10,81,1,3888,3888.0,1.0
10,81,2,3838,3888.0,0.9871399176954733
10,82,0,3180,3930.0,0.8091603053435115
10,82,1,3930,3930.0,1.0
10,82,2,3838,3930.0,0.9765903307888041
10,83,0,3180,3975.0,0.8
10,83,1,3975,3975.0,1.0
10,83,2,3838,3975.0,0.9655345911949685
10,84,0,3180,4039.0,0.7873235949492449
10,84,1,3975,4039.0,0.984154493686556
10,84,2,4039,4039.0,1.0
10,85,0,3180,4089.0,0.7776962582538518
10,85,1,4089,4089.0,1.0
10,85,2,4039,4089.0,0.987772071411103
10,86,0,3180,4133.0,0.7694168884587467
10,86,1,4133,4133.0,1.0
10,86,2,4039,4133.0,0.9772562303411565
10,87,0,3180,4168.0,0.7629558541266794
10,87,1,4168,4168.0,1.0
10,87,2,4039,4168.0,0.9690499040307101
10,88,0,3180,4204.0,0.7564224548049476
10,88,1,4204,4204.0,1.0
10,88,2,4039,4204.0,0.9607516650808754
10,89,0,3180,4244.0,0.7492931196983977
10,89,1,4244,4244.0,1.0
10,89,2,4039,4244.0,0.9516965127238455
10,90,0,3180,4276.0,0.7436856875584659
10,90,1,4276,4276.0,1.0
10,90,2,4039,4276.0,0.9445743685687559
10,91,0,4351,4351.0,1.0
10,91,1,4276,4351.0,0.9827625833141806
10,91,2,4039,4351.0,0.9282923465869914
10,92,0,4351,4397.0,0.9895383215828975
10,92,1,4397,4397.0,1.0
10,92,2,4039,4397.0,0.9185808505799409
10,93,0,4351,4447.0,0.978412412862604
10,93,1,4447,4447.0,1.0
10,93,2,4039,4447.0,0.908252754666067
10,94,0,4351,4483.0,0.9705554316306045
10,94,1,4483,4483.0,1.0
10,94,2,4039,4483.0,0.9009591791211242
10,95,0,4351,4528.0,0.9609098939929329
10,95,1,4528,4528.0,1.0
10,95,2,4039,4528.0,0.8920053003533569
10,96,0,4351,4571.0,0.9518704878582367
10,96,1,4571,4571.0,1.0
10,96,2,4039,4571.0,0.8836140888208269
10,97,0,4351,4622.0,0.941367373431415
10,97,1,4571,4622.0,0.9889658156642146
10,97,2,4622,4622.0,1.0
10,98,0,4351,4656.0,0.9344931271477663
10,98,1,4571,4656.0,0.9817439862542955
10,98,2,4656,4656.0,1.0
10,99,0,4351,4729.0,0.9200676675829985
10,99,1,4571,4729.0,0.9665891308944808
10,99,2,4729,4729.0,1.0
10,100,0,4351,4767.0,0.9127333752884413
10,100,1,4767,4767.0,1.0
10,100,2,4729,4767.0,0.9920285294734634
10,101,0,4351,4815.0,0.9036344755970924
10,101,1,4815,4815.0,1.0
10,101,2,4729,4815.0,0.9821391484942886
10,102,0,4351,4865.0,0.8943473792394656
10,102,1,4865,4865.0,1.0
10,102,2,4729,4865.0,0.9720452209660843
10,103,0,4351,4907.0,0.8866924801304259
10,103,1,4907,4907.0,1.0
10,103,2,4729,4907.0,0.9637252904014673
10,104,0,4351,4944.0,0.8800566343042071
10,104,1,4944,4944.0,1.0
10,104,2,4729,4944.0,0.9565129449838188
10,105,0,4351,4976.0,0.8743971061093248
10,105,1,4976,4976.0,1.0
10,105,2,4729,4976.0,0.9503617363344051
10,106,0,4351,5017.0,0.8672513454255532
10,106,1,5017,5017.0,1.0
10,106,2,4729,5017.0,0.9425951764002392
10,107,0,4351,5065.0,0.8590325765054294
10,107,1,5065,5065.0,1.0
10,107,2,4729,5065.0,0.9336623889437314
10,108,0,4351,5108.0,0.8518010963194989
10,108,1,5108,5108.0,1.0
10,108,2,4729,5108.0,0.9258026624902115
10,109,0,4351,5138.0,0.8468275593616194
10,109,1,5138,5138.0,1.0
10,109,2,4729,5138.0,0.9203970416504477
10,110,0,4351,5184.0,0.8393132716049383
10,110,1,5184,5184.0,1.0
10,110,2,4729,5184.0,0.9122299382716049
10,111,0,4351,5217.0,0.8340042169829404
10,111,1,5217,5217.0,1.0
10,111,2,4729,5217.0,0.9064596511405022
10,112,0,4351,5254.0,0.8281309478492577
10,112,1,5217,5254.0,0.9929577464788732
10,112,2,5254,5254.0,1.0
10,113,0,4351,5284.0,0.8234292202876609
10,113,1,5284,5284.0,1.0
10,113,2,5254,5284.0,0.9943224829674489
10,114,0,4351,5323.0,0.8173962051474732
10,114,1,5284,5323.0,0.9926733045275221
10,114,2,5323,5323.0,1.0
10,115,0,4351,5365.0,0.8109972041006523
10,115,1,5365,5365.0,1.0
10,115,2,5323,5365.0,0.9921714818266543
10,116,0,4351,5421.0,0.8026194429072127
10,116,1,5365,5421.0,0.9896698026194429
10,116,2,5421,5421.0,1.0
10,117,0,4351,5458.0,0.7971784536460241
10,117,1,5458,5458.0,1.0
10,117,2,5421,5458.0,0.9932209600586296
10,118,0,4351,5501.0,0.7909471005271769
10,118,1,5458,5501.0,0.9921832394110162
10,118,2,5501,5501.0,1.0
10,119,0,4351,5544.0,0.7848124098124099
10,119,1,5544,5544.0,1.0
10,119,2,5501,5544.0,0.9922438672438673
10,120,0,4351,5582.0,0.779469724113221
10,120,1,5582,5582.0,1.0
10,120,2,5501,5582.0,0.9854890720171982
10,121,0,4351,5631.0,0.7726869117385899
10,121,1,5631,5631.0,1.0
10,121,2,5501,5631.0,0.9769135144734505
10,122,0,4351,5676.0,0.7665609584214236
10,122,1,5676,5676.0,1.0
10,122,2,5501,5676.0,0.969168428470754
10,123,0,4351,5715.0,0.7613298337707787
10,123,1,5715,5715.0,1.0
10,123,2,5501,5715.0,0.9625546806649169
10,124,0,4351,5752.0,0.756432545201669
10,124,1,5752,5752.0,1.0
10,124,2,5501,5752.0,0.9563630041724618
10,125,0,4351,5797.0,0.7505606348111092
10,125,1,5797,5797.0,1.0
10,125,2,5501,5797.0,0.9489391064343626
10,126,0,4351,5865.0,0.7418584825234441
10,126,1,5797,5865.0,0.9884057971014493
10,126,2,5865,5865.0,1.0
10,127,0,4351,5907.0,0.7365837142373455
10,127,1,5907,5907.0,1.0
10,127,2,5865,5907.0,0.9928897917724734
10,128,0,4351,5975.0,0.7282008368200836
10,128,1,5907,5975.0,0.9886192468619247
10,128,2,5975,5975.0,1.0
10,129,0,4351,6016.0,0.7232380319148937
10,129,1,6016,6016.0,1.0
10,129,2,5975,6016.0,0.9931848404255319
10,130,0,4351,6056.0,0.7184610303830912
10,130,1,6016,6056.0,0.9933949801849405
10,130,2,6056,6056.0,1.0
10,131,0,4351,6106.0,0.7125777923354077
10,131,1,6016,6106.0,0.985260399606944
10,131,2,6106,6106.0,1.0
10,132,0,4351,6147.0,0.7078249552627298
10,132,1,6147,6147.0,1.0
10,132,2,6106,6147.0,0.9933300797136815
10,133,0,4351,6191.0,0.7027943789371669
10,133,1,6191,6191.0,1.0
10,133,2,6106,6191.0,0.9862703925052495
10,134,0,4351,6227.0,0.698731331299181
10,134,1,6191,6227.0,0.9942187249076602
10,134,2,6227,6227.0,1.0
11,1,0,22,22.0,1.0
11,1,1,0,22.0,0.0
11,1,2,0,22.0,0.0
11,2,0,88,88.0,1.0
11,2,1,0,88.0,0.0
11,2,2,0,88.0,0.0
11,3,0,138,138.0,1.0
11,3,1,0,138.0,0.0
11,3,2,0,138.0,0.0
11,4,0,138,153.0,0.9019607843137255
11,4,1,153,153.0,1.0
11,4,2,0,153.0,0.0
11,5,0,233,233.0,1.0
11,5,1,153,233.0,0.6566523605150214
11,5,2,0,233.0,0.0
11,6,0,233,269.0,0.8661710037174721
11,6,1,269,269.0,1.0
11,6,2,0,269.0,0.0
11,7,0,345,345.0,1.0
11,7,1,269,345.0,0.7797101449275362
11,7,2,0,345.0,0.0
11,8,0,345,380.0,0.9078947368421053
11,8,1,380,380.0,1.0
11,8,2,0,380.0,0.0
11,9,0,438,438.0,1.0
11,9,1,380,438.0,0.867579908675799
11,9,2,0,438.0,0.0
11,10,0,438,466.0,0.9399141630901288
11,10,1,466,466.0,1.0
11,10,2,0,466.0,0.0
11,11,0,521,521.0,1.0
11,11,1,466,521.0,0.8944337811900192
11,11,2,0,521.0,0.0
11,12,0,521,575.0,0.9060869565217391
11,12,1,466,575.0,0.8104347826086956
11,12,2,575,575.0,1.0
11,13,0,521,611.0,0.8527004909983633
11,13,1,611,611.0,1.0
11,13,2,575,611.0,0.9410801963993454
11,14,0,670,670.0,1.0
11,14,1,611,670.0,0.9119402985074627
11,14,2,575,670.0,0.8582089552238806
11,15,0,742,742.0,1.0
11,15,1,611,742.0,0.8234501347708895
11,15,2,575,742.0,0.7749326145552561
11,16,0,813,813.0,1.0
11,16,1,611,813.0,0.7515375153751538
11,16,2,575,813.0,0.7072570725707257
11,17,0,813,858.0,0.9475524475524476
11,17,1,858,858.0,1.0
11,17,2,575,858.0,0.6701631701631702
11,18,0,813,913.0,0.8904709748083242
11,18,1,858,913.0,0.9397590361445783
11,18,2,913,913.0,1.0
11,19,0,987,987.0,1.0
11,19,1,858,987.0,0.8693009118541033
11,19,2,913,987.0,0.9250253292806484
11,20,0,987,1020.0,0.9676470588235294
11,20,1,1020,1020.0,1.0
11,20,2,913,1020.0,0.8950980392156863
11,21,0,987,1069.0,0.9232927970065482
11,21,1,1020,1069.0,0.9541627689429373
11,21,2,1069,1069.0,1.0
11,22,0,1149,1149.0,1.0
11,22,1,1020,1149.0,0.8877284595300261
11,22,2,1069,1149.0,0.9303742384682332
11,23,0,1149,1189.0,0.9663582842724979
11,23,1,1020,1189.0,0.8578637510513036
11,23,2,1189,1189.0,1.0
11,24,0,1260,1260.0,1.0
11,24,1,1020,1260.0,0.8095238095238095
11,24,2,1189,1260.0,0.9436507936507936
11,25,0,1260,1303.0,0.9669992325402916
11,25,1,1303,1303.0,1.0
11,25,2,1189,1303.0,0.9125095932463546
11,26,0,1260,1345.0,0.9368029739776952
11,26,1,1345,1345.0,1.0
11,26,2,1189,1345.0,0.8840148698884759
11,27,0,1260,1385.0,0.9097472924187726
11,27,1,1385,1385.0,1.0
11,27,2,1189,1385.0,0.8584837545126354
11,28,0,1260,1442.0,0.8737864077669902
11,28,1,1385,1442.0,0.9604715672676838
11,28,2,1442,1442.0,1.0
11,29,0,1260,1476.0,0.8536585365853658
11,29,1,1476,1476.0,1.0
11,29,2,1442,1476.0,0.9769647696476965
11,30,0,1260,1529.0,0.8240680183126227
11,30,1,1476,1529.0,0.9653368214519293
11,30,2,1529,1529.0,1.0
11,31,0,1260,1579.0,0.7979734008866372
11,31,1,1579,1579.0,1.0
11,31,2,1529,1579.0,0.9683343888537049
11,32,0,1260,1616.0,0.7797029702970297
11,32,1,1579,1616.0,0.9771039603960396
11,32,2,1616,1616.0,1.0
11,33,0,1260,1670.0,0.7544910179640718
11,33,1,1579,1670.0,0.9455089820359281
11,33,2,1670,1670.0,1.0
11,34,0,1260,1706.0,0.738569753810082
11,34,1,1706,1706.0,1.0
11,34,2,1670,1706.0,0.9788980070339977
11,35,0,1260,1737.0,0.7253886010362695
11,35,1,1737,1737.0,1.0
11,35,2,1670,1737.0,0.9614277489925158
11,36,0,1260,1774.0,0.7102593010146562
11,36,1,1774,1774.0,1.0
11,36,2,1670,1774.0,0.9413754227733935
11,37,0,1835,1835.0,1.0
11,37,1,1774,1835.0,0.9667574931880109
11,37,2,1670,1835.0,0.9100817438692098
11,38,0,1835,1886.0,0.9729586426299046
11,38,1,1774,1886.0,0.9406150583244963
11,38,2,1886,1886.0,1.0
11,39,0,1835,1959.0,0.9367023991832568
11,39,1,1774,1959.0,0.9055640632976009
11,39,2,1959,1959.0,1.0
11,40,0,1835,2004.0,0.9156686626746507
11,40,1,2004,2004.0,1.0
11,40,2,1959,2004.0,0.9775449101796407
11,41,0,1835,2041.0,0.8990690837824595
11,41,1,2004,2041.0,0.9818716315531603
11,41,2,2041,2041.0,1.0
11,42,0,1835,2074.0,0.8847637415621986
11,42,1,2074,2074.0,1.0
11,42,2,2041,2074.0,0.9840887174541948
11,43,0,1835,2116.0,0.8672022684310019
11,43,1,2116,2116.0,1.0
11,43,2,2041,2116.0,0.9645557655954632
11,44,0,1835,2161.0,0.8491439148542341
11,44,1,2161,2161.0,1.0
11,44,2,2041,2161.0,0.94447015270708
11,45,0,1835,2217.0,0.8276950834460983
11,45,1,2161,2217.0,0.9747406405051872
11,45,2,2217,2217.0,1.0
11,46,0,2280,2280.0,1.0
11,46,1,2161,2280.0,0.9478070175438597
11,46,2,2217,2280.0,0.9723684210526315
11,47,0,2280,2324.0,0.9810671256454389
11,47,1,2324,2324.0,1.0
11,47,2,2217,2324.0,0.9539586919104991
11,48,0,2280,2357.0,0.9673313534153585
11,48,1,2357,2357.0,1.0
11,48,2,2217,2357.0,0.9406024607551973
11,49,0,2416,2416.0,1.0
11,49,1,2357,2416.0,0.9755794701986755
11,49,2,2217,2416.0,0.9176324503311258
11,50,0,2416,2465.0,0.9801217038539554
11,50,1,2465,2465.0,1.0
11,50,2,2217,2465.0,0.8993914807302231
11,51,0,2416,2503.0,0.9652417099480624
11,51,1,2503,2503.0,1.0
11,51,2,2217,2503.0,0.8857371154614463
11,52,0,2416,2542.0,0.950432730133753
11,52,1,2503,2542.0,0.9846577498033044
11,52,2,2542,2542.0,1.0
11,53,0,2416,2577.0,0.937524253007373
11,53,1,2577,2577.0,1.0
11,53,2,2542,2577.0,0.986418315871168
11,54,0,2416,2618.0,0.9228418640183346
11,54,1,2577,2618.0,0.9843391902215431
11,54,2,2618,2618.0,1.0
11,55,0,2681,2681.0,1.0
11,55,1,2577,2681.0,0.9612085042894443
11,55,2,2618,2681.0,0.9765013054830287
11,56,0,2681,2712.0,0.9885693215339233
11,56,1,2712,2712.0,1.0
11,56,2,2618,2712.0,0.9653392330383481
11,57,0,2681,2762.0,0.9706734250543084
11,57,1,2712,2762.0,0.9818971759594497
11,57,2,2762,2762.0,1.0
11,58,0,2843,2843.0,1.0
11,58,1,2712,2843.0,0.9539219134716849
11,58,2,2762,2843.0,0.9715089693985227
11,59,0,2843,2887.0,0.9847592656737097
11,59,1,2712,2887.0,0.9393834430204364
11,59,2,2887,2887.0,1.0
11,60,0,2843,2919.0,0.9739636861939021
11,60,1,2919,2919.0,1.0
11,60,2,2887,2919.0,0.9890373415553272
11,61,0,2843,2961.0,0.9601485984464708
11,61,1,2919,2961.0,0.9858156028368794
11,61,2,2961,2961.0,1.0
11,62,0,2843,3031.0,0.9379742659188387
11,62,1,2919,3031.0,0.9630484988452656
11,62,2,3031,3031.0,1.0
11,63,0,2843,3064.0,0.9278720626631853
11,63,1,3064,3064.0,1.0
11,63,2,3031,3064.0,0.9892297650130548
11,64,0,2843,3104.0,0.9159149484536082
11,64,1,3104,3104.0,1.0
11,64,2,3031,3104.0,0.9764819587628866
11,65,0,2843,3144.0,0.9042620865139949
11,65,1,3144,3144.0,1.0
11,65,2,3031,3144.0,0.964058524173028
11,66,0,2843,3187.0,0.8920614998431127
11,66,1,3187,3187.0,1.0
11,66,2,3031,3187.0,0.9510511452776906
11,67,0,2843,3227.0,0.8810040285094515
11,67,1,3187,3227.0,0.9876045863030679
11,67,2,3227,3227.0,1.0
11,68,0,2843,3269.0,0.8696849189354543
11,68,1,3269,3269.0,1.0
11,68,2,3227,3269.0,0.987152034261242
11,69,0,2843,3304.0,0.8604721549636803
11,69,1,3304,3304.0,1.0
11,69,2,3227,3304.0,0.9766949152542372
11,70,0,2843,3347.0,0.8494173887063041
11,70,1,3347,3347.0,1.0
11,70,2,3227,3347.0,0.9641469973110248
11,71,0,2843,3387.0,0.8393858872158252
11,71,1,3387,3387.0,1.0
11,71,2,3227,3387.0,0.952760555063478
11,72,0,2843,3419.0,0.831529687042995
11,72,1,3419,3419.0,1.0
11,72,2,3227,3419.0,0.9438432290143317
11,73,0,2843,3451.0,0.823819182845552
11,73,1,3451,3451.0,1.0
11,73,2,3227,3451.0,0.9350912778904665
11,74,0,2843,3517.0,0.8083593972135342
11,74,1,3451,3517.0,0.9812340062553313
11,74,2,3517,3517.0,1.0
11,75,0,2843,3554.0,0.7999437253798537
11,75,1,3451,3554.0,0.9710185706246482
11,75,2,3554,3554.0,1.0
11,76,0,2843,3627.0,0.7838433967466225
11,76,1,3451,3627.0,0.9514750482492418
11,76,2,3627,3627.0,1.0
11,77,0,2843,3665.0,0.7757162346521146
11,77,1,3451,3665.0,0.9416098226466576
11,77,2,3665,3665.0,1.0
11,78,0,2843,3733.0,0.7615858558799893
11,78,1,3451,3733.0,0.9244575408518618
11,78,2,3733,3733.0,1.0
11,79,0,2843,3776.0,0.7529131355932204
11,79,1,3776,3776.0,1.0
11,79,2,3733,3776.0,0.9886122881355932
11,80,0,2843,3826.0,0.7430737062205959
11,80,1,3826,3826.0,1.0
11,80,2,3733,3826.0,0.9756926293779404
11,81,0,2843,3875.0,0.7336774193548387
11,81,1,3826,3875.0,0.9873548387096774
11,81,2,3875,3875.0,1.0
11,82,0,2843,3917.0,0.7258105693132499
11,82,1,3826,3917.0,0.9767679346438601
11,82,2,3917,3917.0,1.0
11,83,0,2843,3959.0,0.7181106339984845
11,83,1,3959,3959.0,1.0
11,83,2,3917,3959.0,0.9893912604192978
11,84,0,2843,3992.0,0.7121743486973948
11,84,1,3992,3992.0,1.0
11,84,2,3917,3992.0,0.9812124248496994
11,85,0,2843,4034.0,0.7047595438770451
11,85,1,4034,4034.0,1.0
11,85,2,3917,4034.0,0.9709965294992563
11,86,0,4090,4090.0,1.0
11,86,1,4034,4090.0,0.9863080684596577
11,86,2,3917,4090.0,0.9577017114914426
11,87,0,4090,4132.0,0.989835430784124
11,87,1,4132,4132.0,1.0
11,87,2,3917,4132.0,0.9479670861568248
11,88,0,4090,4165.0,0.9819927971188476
11,88,1,4165,4165.0,1.0
11,88,2,3917,4165.0,0.9404561824729892
11,89,0,4090,4206.0,0.9724203518782691
11,89,1,4165,4206.0,0.9902520209224916
11,89,2,4206,4206.0,1.0
11,90,0,4090,4274.0,0.9569489939167056
11,90,1,4165,4274.0,0.9744969583528311
11,90,2,4274,4274.0,1.0
11,91,0,4090,4312.0,0.9485157699443414
11,91,1,4312,4312.0,1.0
11,91,2,4274,4312.0,0.9911873840445269
11,92,0,4090,4361.0,0.937858289383169
11,92,1,4361,4361.0,1.0
11,92,2,4274,4361.0,0.9800504471451502
11,93,0,4090,4422.0,0.9249208502939846
11,93,1,4361,4422.0,0.9862053369516056
11,93,2,4422,4422.0,1.0
11,94,0,4090,4472.0,0.9145796064400715
11,94,1,4472,4472.0,1.0
11,94,2,4422,4472.0,0.988819320214669
11,95,0,4090,4509.0,0.9070747394100688
11,95,1,4509,4509.0,1.0
11,95,2,4422,4509.0,0.980705256154358
11,96,0,4090,4539.0,0.9010795329367702
11,96,1,4539,4539.0,1.0
11,96,2,4422,4539.0,0.9742233972240582
11,97,0,4090,4589.0,0.8912617127914578
11,97,1,4589,4589.0,1.0
11,97,2,4422,4589.0,0.9636086293310089
11,98,0,4090,4623.0,0.8847069002812027
11,98,1,4623,4623.0,1.0
11,98,2,4422,4623.0,0.9565217391304348
11,99,0,4090,4683.0,0.8733717702327568
11,99,1,4623,4683.0,0.9871877001921845
11,99,2,4683,4683.0,1.0
11,100,0,4090,4727.0,0.8652422255130103
11,100,1,4727,4727.0,1.0
11,100,2,4683,4727.0,0.9906917706790777
11,101,0,4090,4773.0,0.85690341504295
11,101,1,4773,4773.0,1.0
11,101,2,4683,4773.0,0.9811439346323068
11,102,0,4090,4823.0,0.8480199046236782
11,102,1,4823,4823.0,1.0
11,102,2,4683,4823.0,0.9709724238026125
11,103,0,4090,4860.0,0.8415637860082305
11,103,1,4860,4860.0,1.0
11,103,2,4683,4860.0,0.9635802469135802
11,104,0,4090,4896.0,0.8353758169934641
11,104,1,4896,4896.0,1.0
11,104,2,4683,4896.0,0.9564950980392157
11,105,0,4090,4941.0,0.8277676583687512
11,105,1,4941,4941.0,1.0
11,105,2,4683,4941.0,0.9477838494231937
11,106,0,5016,5016.0,1.0
11,106,1,4941,5016.0,0.9850478468899522
11,106,2,4683,5016.0,0.9336124401913876
11,107,0,5016,5072.0,0.9889589905362776
11,107,1,4941,5072.0,0.9741719242902208
11,107,2,5072,5072.0,1.0
11,108,0,5016,5115.0,0.9806451612903225
11,108,1,5115,5115.0,1.0
11,108,2,5072,5115.0,0.9915933528836754
11,109,0,5016,5184.0,0.9675925925925926
11,109,1,5115,5184.0,0.9866898148148148
11,109,2,5184,5184.0,1.0
11,110,0,5016,5249.0,0.9556105924938083
11,110,1,5115,5249.0,0.9744713278719757
11,110,2,5249,5249.0,1.0
11,111,0,5016,5286.0,0.9489216799091941
11,111,1,5286,5286.0,1.0
11,111,2,5249,5286.0,0.9930003783579266
11,112,0,5016,5355.0,0.9366946778711485
11,112,1,5286,5355.0,0.9871148459383754
11,112,2,5355,5355.0,1.0
11,113,0,5016,5396.0,0.9295774647887324
11,113,1,5396,5396.0,1.0
11,113,2,5355,5396.0,0.9924017790956264
11,114,0,5016,5437.0,0.9225675924222917
11,114,1,5437,5437.0,1.0
11,114,2,5355,5437.0,0.9849181533934155
11,115,0,5016,5476.0,0.9159970781592404
11,115,1,5437,5476.0,0.9928780131482834
11,115,2,5476,5476.0,1.0
11,116,0,5016,5549.0,0.9039466570553253
11,116,1,5437,5549.0,0.9798161830960533
11,116,2,5549,5549.0,1.0
11,117,0,5016,5613.0,0.8936397648316409
11,117,1,5437,5613.0,0.9686442187778371
11,117,2,5613,5613.0,1.0
11,118,0,5016,5643.0,0.8888888888888888
11,118,1,5643,5643.0,1.0
11,118,2,5613,5643.0,0.9946836788942052
11,119,0,5016,5678.0,0.883409651285664
11,119,1,5643,5678.0,0.993835857696372
11,119,2,5678,5678.0,1.0
11,120,0,5016,5728.0,0.8756983240223464
11,120,1,5728,5728.0,1.0
11,120,2,5678,5728.0,0.9912709497206704
11,121,0,5016,5768.0,0.869625520110957
11,121,1,5728,5768.0,0.9930651872399445
11,121,2,5768,5768.0,1.0
11,122,0,5016,5811.0,0.8631905007743934
11,122,1,5728,5811.0,0.9857167441060058
11,122,2,5811,5811.0,1.0
11,123,0,5016,5866.0,0.8550971701329697
11,123,1,5728,5866.0,0.9764745993862939
11,123,2,5866,5866.0,1.0
11,124,0,5016,5914.0,0.8481569157930334
11,124,1,5914,5914.0,1.0
11,124,2,5866,5914.0,0.9918836658775786
11,125,0,5016,5957.0,0.842034581165016
11,125,1,5957,5957.0,1.0
11,125,2,5866,5957.0,0.9847238542890717
11,126,0,5016,5999.0,0.8361393565594266
11,126,1,5999,5999.0,1.0
11,126,2,5866,5999.0,0.9778296382730455
11,127,0,5016,6040.0,0.8304635761589404
11,127,1,6040,6040.0,1.0
11,127,2,5866,6040.0,0.9711920529801324
11,128,0,5016,6084.0,0.8244575936883629
11,128,1,6084,6084.0,1.0
11,128,2,5866,6084.0,0.9641683103221564
11,129,0,5016,6127.0,0.8186714542190305
11,129,1,6127,6127.0,1.0
11,129,2,5866,6127.0,0.9574016647625265
11,130,0,5016,6173.0,0.8125708731572979
11,130,1,6173,6173.0,1.0
11,130,2,5866,6173.0,0.9502672930503807
11,131,0,5016,6209.0,0.8078595587051055
11,131,1,6173,6209.0,0.9942019648896763
11,131,2,6209,6209.0,1.0
11,132,0,5016,6242.0,0.8035885933995515
11,132,1,6242,6242.0,1.0
11,132,2,6209,6242.0,0.9947132329381608
11,133,0,5016,6272.0,0.7997448979591837
11,133,1,6272,6272.0,1.0
11,133,2,6209,6272.0,0.9899553571428571
11,134,0,5016,6317.0,0.7940478075035619
11,134,1,6317,6317.0,1.0
11,134,2,6209,6317.0,0.9829032768719329
12,1,0,32,32.0,1.0
12,1,1,0,32.0,0.0
12,1,2,0,32.0,0.0
12,2,0,87,87.0,1.0
12,2,1,0,87.0,0.0
12,2,2,0,87.0,0.0
12,3,0,146,146.0,1.0
12,3,1,0,146.0,0.0
12,3,2,0,146.0,0.0
12,4,0,146,166.0,0.8795180722891566
12,4,1,166,166.0,1.0
12,4,2,0,166.0,0.0
12,5,0,246,246.0,1.0
12,5,1,166,246.0,0.6747967479674797
12,5,2,0,246.0,0.0
12,6,0,290,290.0,1.0
12,6,1,166,290.0,0.5724137931034483
12,6,2,0,290.0,0.0
12,7,0,355,355.0,1.0
12,7,1,166,355.0,0.4676056338028169
12,7,2,0,355.0,0.0
12,8,0,417,417.0,1.0
12,8,1,166,417.0,0.3980815347721823
12,8,2,0,417.0,0.0
12,9,0,483,483.0,1.0
12,9,1,166,483.0,0.34368530020703936
12,9,2,0,483.0,0.0
12,10,0,483,518.0,0.9324324324324325
12,10,1,518,518.0,1.0
12,10,2,0,518.0,0.0
12,11,0,483,558.0,0.8655913978494624
12,11,1,558,558.0,1.0
12,11,2,0,558.0,0.0
12,12,0,606,606.0,1.0
12,12,1,558,606.0,0.9207920792079208
12,12,2,0,606.0,0.0
12,13,0,606,646.0,0.9380804953560371
12,13,1,558,646.0,0.8637770897832817
12,13,2,646,646.0,1.0
12,14,0,606,682.0,0.8885630498533724
12,14,1,682,682.0,1.0
12,14,2,646,682.0,0.9472140762463344
12,15,0,606,751.0,0.8069241011984021
12,15,1,682,751.0,0.9081225033288948
12,15,2,751,751.0,1.0
12,16,0,822,822.0,1.0
12,16,1,682,822.0,0.829683698296837
12,16,2,751,822.0,0.9136253041362531
12,17,0,898,898.0,1.0
12,17,1,682,898.0,0.7594654788418709
12,17,2,751,898.0,0.8363028953229399
12,18,0,969,969.0,1.0
12,18,1,682,969.0,0.7038183694530443
12,18,2,751,969.0,0.7750257997936016
12,19,0,969,997.0,0.9719157472417251
12,19,1,997,997.0,1.0
12,19,2,751,997.0,0.753259779338014
12,20,0,969,1049.0,0.9237368922783603
12,20,1,997,1049.0,0.9504289799809342
12,20,2,1049,1049.0,1.0
12,21,0,969,1099.0,0.8817106460418562
12,21,1,1099,1099.0,1.0
12,21,2,1049,1099.0,0.9545040946314831
12,22,0,969,1141.0,0.8492550394390885
12,22,1,1141,1141.0,1.0
12,22,2,1049,1141.0,0.9193689745836985
12,23,0,1221,1221.0,1.0
12,23,1,1141,1221.0,0.9344799344799345
12,23,2,1049,1221.0,0.8591318591318591
12,24,0,1221,1254.0,0.9736842105263158
12,24,1,1254,1254.0,1.0
12,24,2,1049,1254.0,0.8365231259968102
12,25,0,1221,1297.0,0.9414032382420972
12,25,1,1297,1297.0,1.0
12,25,2,1049,1297.0,0.8087895142636854
12,26,0,1221,1334.0,0.9152923538230885
12,26,1,1297,1334.0,0.972263868065967
12,26,2,1334,1334.0,1.0
12,27,0,1394,1394.0,1.0
12,27,1,1297,1394.0,0.930416068866571
12,27,2,1334,1394.0,0.9569583931133429
12,28,0,1394,1428.0,0.9761904761904762
12,28,1,1428,1428.0,1.0
12,28,2,1334,1428.0,0.9341736694677871
12,29,0,1394,1465.0,0.9515358361774744
12,29,1,1428,1465.0,0.9747440273037543
12,29,2,1465,1465.0,1.0
12,30,0,1394,1497.0,0.9311957247828991
12,30,1,1497,1497.0,1.0
12,30,2,1465,1497.0,0.978623914495658
12,31,0,1394,1542.0,0.9040207522697795
12,31,1,1542,1542.0,1.0
12,31,2,1465,1542.0,0.9500648508430609
12,32,0,1394,1577.0,0.8839568801521877
12,32,1,1577,1577.0,1.0
12,32,2,1465,1577.0,0.9289790741915028
12,33,0,1394,1621.0,0.8599629858112277
12,33,1,1577,1621.0,0.9728562615669339
12,33,2,1621,1621.0,1.0
12,34,0,1394,1654.0,0.8428053204353083
12,34,1,1654,1654.0,1.0
12,34,2,1621,1654.0,0.9800483675937122
12,35,0,1394,1687.0,0.8263189093064611
12,35,1,1687,1687.0,1.0
12,35,2,1621,1687.0,0.9608772969768821
12,36,0,1394,1724.0,0.808584686774942
12,36,1,1724,1724.0,1.0
12,36,2,1621,1724.0,0.9402552204176334
12,37,0,1394,1797.0,0.7757373400111297
12,37,1,1724,1797.0,0.9593767390094602
12,37,2,1797,1797.0,1.0
12,38,0,1394,1842.0,0.756786102062975
12,38,1,1724,1842.0,0.9359391965255157
12,38,2,1842,1842.0,1.0
12,39,0,1394,1908.0,0.7306079664570231
12,39,1,1724,1908.0,0.9035639412997903
12,39,2,1908,1908.0,1.0
12,40,0,1394,1953.0,0.713773681515617
12,40,1,1953,1953.0,1.0
12,40,2,1908,1953.0,0.9769585253456221
12,41,0,2011,2011.0,1.0
12,41,1,1953,2011.0,0.9711586275484834
12,41,2,1908,2011.0,0.9487817006464445
12,42,0,2011,2052.0,0.9800194931773879
12,42,1,2052,2052.0,1.0
12,42,2,1908,2052.0,0.9298245614035088
12,43,0,2115,2115.0,1.0
12,43,1,2052,2115.0,0.9702127659574468
12,43,2,1908,2115.0,0.902127659574468
12,44,0,2115,2155.0,0.9814385150812065
12,44,1,2155,2155.0,1.0
12,44,2,1908,2155.0,0.8853828306264501
12,45,0,2231,2231.0,1.0
12,45,1,2155,2231.0,0.9659345584939489
12,45,2,1908,2231.0,0.8552218735992828
12,46,0,2231,2276.0,0.9802284710017575
12,46,1,2276,2276.0,1.0
12,46,2,1908,2276.0,0.8383128295254832
12,47,0,2231,2346.0,0.9509803921568627
12,47,1,2276,2346.0,0.9701619778346121
12,47,2,2346,2346.0,1.0
12,48,0,2231,2400.0,0.9295833333333333
12,48,1,2276,2400.0,0.9483333333333334
12,48,2,2400,2400.0,1.0
12,49,0,2231,2448.0,0.9113562091503268
12,49,1,2276,2448.0,0.9297385620915033
12,49,2,2448,2448.0,1.0
12,50,0,2231,2486.0,0.8974255832662912
12,50,1,2276,2486.0,0.915526950925181
12,50,2,2486,2486.0,1.0
12,51,0,2231,2528.0,0.8825158227848101
12,51,1,2528,2528.0,1.0
12,51,2,2486,2528.0,0.9833860759493671
12,52,0,2231,2578.0,0.865399534522886
12,52,1,2578,2578.0,1.0
12,52,2,2486,2578.0,0.9643134212567882
12,53,0,2231,2622.0,0.8508771929824561
12,53,1,2622,2622.0,1.0
12,53,2,2486,2622.0,0.9481311975591151
12,54,0,2231,2671.0,0.8352676900037439
12,54,1,2622,2671.0,0.9816548109322352
12,54,2,2671,2671.0,1.0
12,55,0,2231,2704.0,0.8250739644970414
12,55,1,2704,2704.0,1.0
12,55,2,2671,2704.0,0.9877958579881657
12,56,0,2231,2737.0,0.8151260504201681
12,56,1,2737,2737.0,1.0
12,56,2,2671,2737.0,0.9758860065765437
12,57,0,2231,2778.0,0.8030957523398128
12,57,1,2737,2778.0,0.9852411807055436
12,57,2,2778,2778.0,1.0
12,58,0,2231,2827.0,0.789175804740007
12,58,1,2737,2827.0,0.9681641315882561
12,58,2,2827,2827.0,1.0
12,59,0,2231,2868.0,0.7778940027894002
12,59,1,2737,2868.0,0.954323570432357
12,59,2,2868,2868.0,1.0
12,60,0,2231,2899.0,0.7695757157640566
12,60,1,2899,2899.0,1.0
12,60,2,2868,2899.0,0.9893066574680924
12,61,0,2231,2936.0,0.7598773841961853
12,61,1,2936,2936.0,1.0
12,61,2,2868,2936.0,0.9768392370572208
12,62,0,2231,2973.0,0.7504204507231752
12,62,1,2973,2973.0,1.0
12,62,2,2868,2973.0,0.9646821392532795
12,63,0,2231,3022.0,0.7382528127068166
12,63,1,3022,3022.0,1.0
12,63,2,2868,3022.0,0.9490403706154864
12,64,0,3066,3066.0,1.0
12,64,1,3022,3066.0,0.9856490541422048
12,64,2,2868,3066.0,0.9354207436399217
12,65,0,3066,3101.0,0.9887133182844243
12,65,1,3101,3101.0,1.0
12,65,2,2868,3101.0,0.9248629474363109
12,66,0,3066,3141.0,0.9761222540592168
12,66,1,3101,3141.0,0.9872652021649156
12,66,2,3141,3141.0,1.0
12,67,0,3066,3181.0,0.9638478465891229
12,67,1,3181,3181.0,1.0
12,67,2,3141,3181.0,0.9874253379440427
12,68,0,3066,3254.0,0.9422249539028887
12,68,1,3181,3254.0,0.9775660725261217
12,68,2,3254,3254.0,1.0
12,69,0,3066,3310.0,0.9262839879154079
12,69,1,3181,3310.0,0.9610271903323263
12,69,2,3310,3310.0,1.0
12,70,0,3066,3345.0,0.9165919282511211
12,70,1,3345,3345.0,1.0
12,70,2,3310,3345.0,0.9895366218236173
12,71,0,3066,3381.0,0.906832298136646
12,71,1,3381,3381.0,1.0
12,71,2,3310,3381.0,0.9790002957704821
12,72,0,3066,3431.0,0.8936170212765957
12,72,1,3431,3431.0,1.0
12,72,2,3310,3431.0,0.9647333139026523
12,73,0,3487,3487.0,1.0
12,73,1,3431,3487.0,0.9839403498709492
12,73,2,3310,3487.0,0.949240034413536
12,74,0,3487,3530.0,0.9878186968838527
12,74,1,3530,3530.0,1.0
12,74,2,3310,3530.0,0.9376770538243626
12,75,0,3487,3561.0,0.9792193204156135
12,75,1,3561,3561.0,1.0
12,75,2,3310,3561.0,0.9295141814097164
12,76,0,3487,3590.0,0.9713091922005571
12,76,1,3590,3590.0,1.0
12,76,2,3310,3590.0,0.9220055710306406
12,77,0,3487,3650.0,0.9553424657534246
12,77,1,3590,3650.0,0.9835616438356164
12,77,2,3650,3650.0,1.0
12,78,0,3487,3696.0,0.9434523809523809
12,78,1,3696,3696.0,1.0
12,78,2,3650,3696.0,0.9875541125541125
12,79,0,3487,3746.0,0.9308595835557928
12,79,1,3746,3746.0,1.0
12,79,2,3650,3746.0,0.9743726641751201
12,80,0,3487,3797.0,0.9183565973136687
12,80,1,3746,3797.0,0.9865683434290229
12,80,2,3797,3797.0,1.0
12,81,0,3487,3835.0,0.9092568448500652
12,81,1,3835,3835.0,1.0
12,81,2,3797,3835.0,0.9900912646675358
12,82,0,3487,3874.0,0.9001032524522458
12,82,1,3835,3874.0,0.9899328859060402
12,82,2,3874,3874.0,1.0
12,83,0,3487,3943.0,0.884352016231296
12,83,1,3835,3943.0,0.9726096880547807
12,83,2,3943,3943.0,1.0
12,84,0,3487,3981.0,0.8759105752323537
12,84,1,3981,3981.0,1.0
12,84,2,3943,3981.0,0.990454659633258
12,85,0,3487,4023.0,0.8667660949540145
12,85,1,4023,4023.0,1.0
12,85,2,3943,4023.0,0.9801143425304499
12,86,0,3487,4079.0,0.8548663888207894
12,86,1,4023,4079.0,0.986271144888453
12,86,2,4079,4079.0,1.0
12,87,0,3487,4116.0,0.847181729834791
12,87,1,4116,4116.0,1.0
12,87,2,4079,4116.0,0.9910106899902819
12,88,0,4197,4197.0,1.0
12,88,1,4116,4197.0,0.9807005003573981
12,88,2,4079,4197.0,0.9718846795329997
12,89,0,4197,4237.0,0.9905593580363464
12,89,1,4116,4237.0,0.9714420580599481
12,89,2,4237,4237.0,1.0
12,90,0,4197,4268.0,0.9833645735707591
12,90,1,4268,4268.0,1.0
12,90,2,4237,4268.0,0.9927366447985004
12,91,0,4197,4311.0,0.9735560194850382
12,91,1,4311,4311.0,1.0
12,91,2,4237,4311.0,0.9828346091394108
12,92,0,4197,4343.0,0.9663826847801059
12,92,1,4343,4343.0,1.0
12,92,2,4237,4343.0,0.9755929081280221
12,93,0,4197,4393.0,0.9553835647621216
12,93,1,4343,4393.0,0.9886182563168677
12,93,2,4393,4393.0,1.0
12,94,0,4197,4458.0,0.9414535666218035
12,94,1,4343,4458.0,0.9742036787797218
12,94,2,4458,4458.0,1.0
12,95,0,4197,4506.0,0.9314247669773635
12,95,1,4506,4506.0,1.0
12,95,2,4458,4506.0,0.9893475366178429
12,96,0,4197,4561.0,0.9201929401447051
12,96,1,4506,4561.0,0.9879412409559307
12,96,2,4561,4561.0,1.0
12,97,0,4197,4634.0,0.9056970220112214
12,97,1,4506,4634.0,0.9723780750971083
12,97,2,4634,4634.0,1.0
12,98,0,4197,4677.0,0.8973701090442592
12,98,1,4677,4677.0,1.0
12,98,2,4634,4677.0,0.9908060722685482
12,99,0,4197,4725.0,0.8882539682539683
12,99,1,4725,4725.0,1.0
12,99,2,4634,4725.0,0.9807407407407407
12,100,0,4197,4762.0,0.881352372952541
12,100,1,4762,4762.0,1.0
12,100,2,4634,4762.0,0.9731205375892482
12,101,0,4197,4798.0,0.8747394747811588
12,101,1,4798,4798.0,1.0
12,101,2,4634,4798.0,0.9658190912880367
12,102,0,4197,4835.0,0.8680455015511892
12,102,1,4798,4835.0,0.9923474663908997
12,102,2,4835,4835.0,1.0
12,103,0,4197,4865.0,0.8626927029804727
12,103,1,4865,4865.0,1.0
12,103,2,4835,4865.0,0.9938335046248715
12,104,0,4197,4904.0,0.8558319738988581
12,104,1,4865,4904.0,0.992047308319739
12,104,2,4904,4904.0,1.0
12,105,0,4197,4946.0,0.8485644965628791
12,105,1,4946,4946.0,1.0
12,105,2,4904,4946.0,0.9915082895268904
12,106,0,4197,4978.0,0.8431096826034552
12,106,1,4978,4978.0,1.0
12,106,2,4904,4978.0,0.9851345922057051
12,107,0,4197,5020.0,0.8360557768924303
12,107,1,5020,5020.0,1.0
12,107,2,4904,5020.0,0.9768924302788845
12,108,0,4197,5084.0,0.8255310778914241
12,108,1,5020,5084.0,0.987411487018096
12,108,2,5084,5084.0,1.0
12,109,0,4197,5122.0,0.8194064818430301
12,109,1,5122,5122.0,1.0
12,109,2,5084,5122.0,0.9925810230378759
12,110,0,4197,5190.0,0.8086705202312139
12,110,1,5122,5190.0,0.986897880539499
12,110,2,5190,5190.0,1.0
12,111,0,4197,5220.0,0.8040229885057472
12,111,1,5220,5220.0,1.0
12,111,2,5190,5220.0,0.9942528735632183
12,112,0,4197,5262.0,0.7976054732041049
12,112,1,5262,5262.0,1.0
12,112,2,5190,5262.0,0.9863169897377423
12,113,0,4197,5311.0,0.7902466578798719
12,113,1,5311,5311.0,1.0
12,113,2,5190,5311.0,0.9772170965919789
12,114,0,4197,5379.0,0.7802565532626883
12,114,1,5311,5379.0,0.9873582450269567
12,114,2,5379,5379.0,1.0
12,115,0,4197,5422.0,0.7740686093692365
12,115,1,5311,5422.0,0.9795278495020288
12,115,2,5422,5422.0,1.0
12,116,0,4197,5467.0,0.7676970916407536
12,116,1,5467,5467.0,1.0
12,116,2,5422,5467.0,0.991768794585696
12,117,0,4197,5506.0,0.762259353432619
12,117,1,5506,5506.0,1.0
12,117,2,5422,5506.0,0.9847439157282964
12,118,0,4197,5556.0,0.7553995680345572
12,118,1,5556,5556.0,1.0
12,118,2,5422,5556.0,0.9758819294456443
12,119,0,4197,5597.0,0.7498659996426658
12,119,1,5597,5597.0,1.0
12,119,2,5422,5597.0,0.9687332499553332
12,120,0,4197,5671.0,0.7400811144418974
12,120,1,5597,5671.0,0.9869511549991183
12,120,2,5671,5671.0,1.0
12,121,0,4197,5706.0,0.7355415352260778
12,121,1,5597,5706.0,0.9808973010865756
12,121,2,5706,5706.0,1.0
12,122,0,4197,5750.0,0.7299130434782609
12,122,1,5750,5750.0,1.0
12,122,2,5706,5750.0,0.9923478260869565
12,123,0,4197,5791.0,0.7247452944223796
12,123,1,5791,5791.0,1.0
12,123,2,5706,5791.0,0.9853220514591607
12,124,0,4197,5833.0,0.7195268301045774
12,124,1,5791,5833.0,0.9927995885479171
12,124,2,5833,5833.0,1.0
12,125,0,4197,5869.0,0.7151133072073607
12,125,1,5791,5869.0,0.9867098313170898
12,125,2,5869,5869.0,1.0
12,126,0,4197,5912.0,0.7099120433017592
12,126,1,5912,5912.0,1.0
12,126,2,5869,5912.0,0.9927266576454669
12,127,0,4197,5958.0,0.7044310171198389
12,127,1,5958,5958.0,1.0
12,127,2,5869,5958.0,0.9850621013763008
12,128,0,4197,5993.0,0.7003170365426331
12,128,1,5993,5993.0,1.0
12,128,2,5869,5993.0,0.9793091940597364
12,129,0,4197,6031.0,0.6959044934505058
12,129,1,6031,6031.0,1.0
12,129,2,5869,6031.0,0.9731387829547339
12,130,0,4197,6073.0,0.6910917174378396
12,130,1,6031,6073.0,0.9930841429277129
12,130,2,6073,6073.0,1.0
12,131,0,4197,6106.0,0.687356698329512
12,131,1,6106,6106.0,1.0
12,131,2,6073,6106.0,0.9945954798558795
12,132,0,4197,6162.0,0.681110029211295
12,132,1,6106,6162.0,0.9909120415449529
12,132,2,6162,6162.0,1.0
12,133,0,4197,6192.0,0.6778100775193798
12,133,1,6192,6192.0,1.0
12,133,2,6162,6192.0,0.9951550387596899
12,134,0,4197,6237.0,0.6729196729196729
12,134,1,6237,6237.0,1.0
12,134,2,6162,6237.0,0.987974987974988
13,1,0,31,31.0,1.0
13,1,1,0,31.0,0.0
13,1,2,0,31.0,0.0
13,2,0,31,44.0,0.7045454545454546
13,2,1,44,44.0,1.0
13,2,2,0,44.0,0.0
13,3,0,109,109.0,1.0
13,3,1,44,109.0,0.4036697247706422
13,3,2,0,109.0,0.0
13,4,0,172,172.0,1.0
13,4,1,44,172.0,0.2558139534883721
13,4,2,0,172.0,0.0
13,5,0,172,203.0,0.8472906403940886
13,5,1,203,203.0,1.0
13,5,2,0,203.0,0.0
13,6,0,265,265.0,1.0
13,6,1,203,265.0,0.7660377358490567
13,6,2,0,265.0,0.0
13,7,0,321,321.0,1.0
13,7,1,203,321.0,0.632398753894081
13,7,2,0,321.0,0.0
13,8,0,321,361.0,0.889196675900277
13,8,1,361,361.0,1.0
13,8,2,0,361.0,0.0
13,9,0,416,416.0,1.0
13,9,1,361,416.0,0.8677884615384616
13,9,2,0,416.0,0.0
13,10,0,416,458.0,0.9082969432314411
13,10,1,361,458.0,0.7882096069868996
13,10,2,458,458.0,1.0
13,11,0,416,508.0,0.8188976377952756
13,11,1,508,508.0,1.0
13,11,2,458,508.0,0.9015748031496063
13,12,0,416,545.0,0.763302752293578
13,12,1,508,545.0,0.9321100917431193
13,12,2,545,545.0,1.0
13,13,0,416,582.0,0.7147766323024055
13,13,1,508,582.0,0.872852233676976
13,13,2,582,582.0,1.0
13,14,0,647,647.0,1.0
13,14,1,508,647.0,0.7851622874806801
13,14,2,582,647.0,0.8995363214837713
13,15,0,647,701.0,0.9229671897289586
13,15,1,508,701.0,0.724679029957204
13,15,2,701,701.0,1.0
13,16,0,762,762.0,1.0
13,16,1,508,762.0,0.6666666666666666
13,16,2,701,762.0,0.9199475065616798
13,17,0,762,802.0,0.9501246882793017
13,17,1,802,802.0,1.0
13,17,2,701,802.0,0.8740648379052369
13,18,0,860,860.0,1.0
13,18,1,802,860.0,0.9325581395348838
13,18,2,701,860.0,0.8151162790697675
13,19,0,860,929.0,0.9257265877287406
13,19,1,802,929.0,0.8632938643702907
13,19,2,929,929.0,1.0
13,20,0,860,971.0,0.8856848609680742
13,20,1,971,971.0,1.0
13,20,2,929,971.0,0.956745623069001
13,21,0,860,1015.0,0.8472906403940886
13,21,1,971,1015.0,0.9566502463054187
13,21,2,1015,1015.0,1.0
13,22,0,860,1048.0,0.8206106870229007
13,22,1,1048,1048.0,1.0
13,22,2,1015,1048.0,0.9685114503816794
13,23,0,860,1083.0,0.7940904893813481
13,23,1,1083,1083.0,1.0
13,23,2,1015,1083.0,0.9372114496768237
13,24,0,860,1120.0,0.7678571428571429
13,24,1,1120,1120.0,1.0
13,24,2,1015,1120.0,0.90625
13,25,0,860,1157.0,0.7433016421780466
13,25,1,1157,1157.0,1.0
13,25,2,1015,1157.0,0.8772687986171133
13,26,0,860,1212.0,0.7095709570957096
13,26,1,1157,1212.0,0.9546204620462047
13,26,2,1212,1212.0,1.0
13,27,0,860,1245.0,0.6907630522088354
13,27,1,1245,1245.0,1.0
13,27,2,1212,1245.0,0.9734939759036144
13,28,0,860,1286.0,0.6687402799377916
13,28,1,1286,1286.0,1.0
13,28,2,1212,1286.0,0.942457231726283
13,29,0,860,1320.0,0.6515151515151515
13,29,1,1320,1320.0,1.0
13,29,2,1212,1320.0,0.9181818181818182
13,30,0,860,1362.0,0.631424375917768
13,30,1,1362,1362.0,1.0
13,30,2,1212,1362.0,0.8898678414096917
13,31,0,1436,1436.0,1.0
13,31,1,1362,1436.0,0.9484679665738162
13,31,2,1212,1436.0,0.8440111420612814
13,32,0,1512,1512.0,1.0
13,32,1,1362,1512.0,0.9007936507936508
13,32,2,1212,1512.0,0.8015873015873016
13,33,0,1512,1557.0,0.9710982658959537
13,33,1,1557,1557.0,1.0
13,33,2,1212,1557.0,0.7784200385356455
13,34,0,1512,1606.0,0.9414694894146949
13,34,1,1606,1606.0,1.0
13,34,2,1212,1606.0,0.7546699875466999
13,35,0,1512,1651.0,0.9158086008479709
13,35,1,1651,1651.0,1.0
13,35,2,1212,1651.0,0.7341005451241672
13,36,0,1717,1717.0,1.0
13,36,1,1651,1717.0,0.9615608619685498
13,36,2,1212,1717.0,0.7058823529411765
13,37,0,1717,1787.0,0.9608282036933408
13,37,1,1651,1787.0,0.9238947957470621
13,37,2,1787,1787.0,1.0
13,38,0,1717,1820.0,0.9434065934065934
13,38,1,1820,1820.0,1.0
13,38,2,1787,1820.0,0.9818681318681318
13,39,0,1880,1880.0,1.0
13,39,1,1820,1880.0,0.9680851063829787
13,39,2,1787,1880.0,0.950531914893617
13,40,0,1880,1923.0,0.9776391055642226
13,40,1,1923,1923.0,1.0
13,40,2,1787,1923.0,0.9292771710868435
13,41,0,1982,1982.0,1.0
13,41,1,1923,1982.0,0.9702320887991928
13,41,2,1787,1982.0,0.9016145307769929
13,42,0,1982,2017.0,0.9826474962816063
13,42,1,2017,2017.0,1.0
13,42,2,1787,2017.0,0.8859692612791275
13,43,0,1982,2049.0,0.9673011224987799
13,43,1,2049,2049.0,1.0
13,43,2,1787,2049.0,0.872132747681796
13,44,0,1982,2089.0,0.948779320248923
13,44,1,2089,2089.0,1.0
13,44,2,1787,2089.0,0.855433221637147
13,45,0,1982,2142.0,0.9253034547152195
13,45,1,2089,2142.0,0.9752567693744164
13,45,2,2142,2142.0,1.0
13,46,0,1982,2182.0,0.9083409715857012
13,46,1,2089,2182.0,0.9573785517873511
13,46,2,2182,2182.0,1.0
13,47,0,2241,2241.0,1.0
13,47,1,2089,2241.0,0.9321731369924141
13,47,2,2182,2241.0,0.9736724676483712
13,48,0,2241,2314.0,0.9684528954191876
13,48,1,2089,2314.0,0.9027657735522904
13,48,2,2314,2314.0,1.0
13,49,0,2241,2374.0,0.9439764111204718
13,49,1,2089,2374.0,0.879949452401011
13,49,2,2374,2374.0,1.0
13,50,0,2446,2446.0,1.0
13,50,1,2089,2446.0,0.8540474243663123
13,50,2,2374,2446.0,0.9705641864268193
13,51,0,2446,2479.0,0.9866881807180314
13,51,1,2479,2479.0,1.0
13,51,2,2374,2479.0,0.9576442113755547
13,52,0,2446,2535.0,0.9648915187376725
13,52,1,2479,2535.0,0.9779092702169625
13,52,2,2535,2535.0,1.0
13,53,0,2446,2581.0,0.9476946919798528
13,53,1,2581,2581.0,1.0
13,53,2,2535,2581.0,0.9821774506005424
13,54,0,2446,2654.0,0.921627731725697
13,54,1,2581,2654.0,0.9724943481537303
13,54,2,2654,2654.0,1.0
13,55,0,2446,2720.0,0.899264705882353
13,55,1,2581,2720.0,0.9488970588235294
13,55,2,2720,2720.0,1.0
13,56,0,2446,2789.0,0.8770168519182503
13,56,1,2581,2789.0,0.9254212979562567
13,56,2,2789,2789.0,1.0
13,57,0,2446,2833.0,0.8633956936110131
13,57,1,2833,2833.0,1.0
13,57,2,2789,2833.0,0.9844687610307095
13,58,0,2446,2906.0,0.8417068134893324
13,58,1,2833,2906.0,0.9748795595320028
13,58,2,2906,2906.0,1.0
13,59,0,2446,2944.0,0.8308423913043478
13,59,1,2833,2944.0,0.962296195652174
13,59,2,2944,2944.0,1.0
13,60,0,2446,2985.0,0.8194304857621441
13,60,1,2833,2985.0,0.9490787269681742
13,60,2,2985,2985.0,1.0
13,61,0,2446,3021.0,0.8096656736180072
13,61,1,3021,3021.0,1.0
13,61,2,2985,3021.0,0.9880834160873883
13,62,0,2446,3056.0,0.800392670157068
13,62,1,3056,3056.0,1.0
13,62,2,2985,3056.0,0.9767670157068062
13,63,0,2446,3101.0,0.7887778136085134
13,63,1,3101,3101.0,1.0
13,63,2,2985,3101.0,0.9625927120283779
13,64,0,2446,3149.0,0.7767545252461099
13,64,1,3149,3149.0,1.0
13,64,2,2985,3149.0,0.9479199745951096
13,65,0,3197,3197.0,1.0
13,65,1,3149,3197.0,0.9849859243040351
13,65,2,2985,3197.0,0.9336878323428214
13,66,0,3197,3246.0,0.9849044978434996
13,66,1,3149,3246.0,0.970117067159581
13,66,2,3246,3246.0,1.0
13,67,0,3197,3281.0,0.9743980493751905
13,67,1,3281,3281.0,1.0
13,67,2,3246,3281.0,0.989332520572996
13,68,0,3197,3329.0,0.9603484529888856
13,68,1,3329,3329.0,1.0
13,68,2,3246,3329.0,0.9750675878642235
13,69,0,3197,3374.0,0.9475400118553645
13,69,1,3374,3374.0,1.0
13,69,2,3246,3374.0,0.9620628334321281
13,70,0,3197,3419.0,0.935068733547821
13,70,1,3374,3419.0,0.986838256800234
13,70,2,3419,3419.0,1.0
13,71,0,3197,3452.0,0.9261297798377752
13,71,1,3452,3452.0,1.0
13,71,2,3419,3452.0,0.9904403244495944
13,72,0,3197,3502.0,0.9129069103369503
13,72,1,3502,3502.0,1.0
13,72,2,3419,3502.0,0.9762992575671046
13,73,0,3197,3566.0,0.8965227145260797
13,73,1,3502,3566.0,0.9820527201346047
13,73,2,3566,3566.0,1.0
13,74,0,3197,3608.0,0.8860864745011087
13,74,1,3608,3608.0,1.0
13,74,2,3566,3608.0,0.988359201773836
13,75,0,3664,3664.0,1.0
13,75,1,3608,3664.0,0.9847161572052402
13,75,2,3566,3664.0,0.9732532751091703
13,76,0,3664,3701.0,0.9900027019724399
13,76,1,3701,3701.0,1.0
13,76,2,3566,3701.0,0.963523372061605
13,77,0,3664,3751.0,0.9768061850173287
13,77,1,3701,3751.0,0.9866702212743268
13,77,2,3751,3751.0,1.0
13,78,0,3664,3788.0,0.9672650475184794
13,78,1,3701,3788.0,0.9770327349524816
13,78,2,3788,3788.0,1.0
13,79,0,3869,3869.0,1.0
13,79,1,3701,3869.0,0.9565779271129491
13,79,2,3788,3869.0,0.9790643577151719
13,80,0,3869,3910.0,0.9895140664961637
13,80,1,3701,3910.0,0.9465473145780051
13,80,2,3910,3910.0,1.0
13,81,0,3869,3947.0,0.9802381555611858
13,81,1,3947,3947.0,1.0
13,81,2,3910,3947.0,0.9906257917405624
13,82,0,3869,3985.0,0.9708908406524467
13,82,1,3985,3985.0,1.0
13,82,2,3910,3985.0,0.9811794228356336
13,83,0,3869,4035.0,0.9588599752168525
13,83,1,4035,4035.0,1.0
13,83,2,3910,4035.0,0.9690210656753407
13,84,0,3869,4065.0,0.9517835178351783
13,84,1,4065,4065.0,1.0
13,84,2,3910,4065.0,0.9618696186961869
13,85,0,3869,4130.0,0.9368038740920097
13,85,1,4065,4130.0,0.9842615012106537
13,85,2,4130,4130.0,1.0
13,86,0,3869,4179.0,0.9258195740607801
13,86,1,4179,4179.0,1.0
13,86,2,4130,4179.0,0.9882747068676717
13,87,0,3869,4233.0,0.9140089770848099
13,87,1,4179,4233.0,0.9872430900070872
13,87,2,4233,4233.0,1.0
13,88,0,3869,4274.0,0.9052409920449228
13,88,1,4274,4274.0,1.0
13,88,2,4233,4274.0,0.9904071127749181
13,89,0,3869,4324.0,0.8947733580018501
13,89,1,4324,4324.0,1.0
13,89,2,4233,4324.0,0.97895467160037
13,90,0,3869,4366.0,0.886165826843793
13,90,1,4324,4366.0,0.9903802107191938
13,90,2,4366,4366.0,1.0
13,91,0,3869,4409.0,0.8775232479020186
13,91,1,4409,4409.0,1.0
13,91,2,4366,4409.0,0.9902472215921978
13,92,0,3869,4449.0,0.8696336255338278
13,92,1,4449,4449.0,1.0
13,92,2,4366,4449.0,0.9813441222746685
13,93,0,3869,4487.0,0.8622687764653443
13,93,1,4487,4487.0,1.0
13,93,2,4366,4487.0,0.9730332070425675
13,94,0,3869,4529.0,0.8542724663281077
13,94,1,4529,4529.0,1.0
13,94,2,4366,4529.0,0.9640097151689114
13,95,0,3869,4574.0,0.8458679492785308
13,95,1,4574,4574.0,1.0
13,95,2,4366,4574.0,0.9545255793616091
13,96,0,3869,4604.0,0.8403562119895743
13,96,1,4604,4604.0,1.0
13,96,2,4366,4604.0,0.9483058210251955
13,97,0,3869,4648.0,0.8324010327022375
13,97,1,4648,4648.0,1.0
13,97,2,4366,4648.0,0.939328743545611
13,98,0,3869,4722.0,0.8193562049978822
13,98,1,4648,4722.0,0.9843286742905548
13,98,2,4722,4722.0,1.0
13,99,0,3869,4764.0,0.8121326616288833
13,99,1,4648,4764.0,0.9756507136859782
13,99,2,4764,4764.0,1.0
13,100,0,3869,4795.0,0.8068821689259645
13,100,1,4795,4795.0,1.0
13,100,2,4764,4795.0,0.9935349322210636
13,101,0,3869,4828.0,0.8013670256835128
13,101,1,4828,4828.0,1.0
13,101,2,4764,4828.0,0.9867439933719967
13,102,0,3869,4854.0,0.7970745776679028
13,102,1,4854,4854.0,1.0
13,102,2,4764,4854.0,0.9814585908529048
13,103,0,3869,4893.0,0.7907214387901084
13,103,1,4854,4893.0,0.9920294297976702
13,103,2,4893,4893.0,1.0
13,104,0,3869,4936.0,0.7838330632090762
13,104,1,4936,4936.0,1.0
13,104,2,4893,4936.0,0.9912884927066451
13,105,0,3869,4970.0,0.7784708249496982
13,105,1,4970,4970.0,1.0
13,105,2,4893,4970.0,0.9845070422535211
13,106,0,3869,5013.0,0.7717933373229603
13,106,1,4970,5013.0,0.9914223020147617
13,106,2,5013,5013.0,1.0
13,107,0,5093,5093.0,1.0
13,107,1,4970,5093.0,0.9758492047908894
13,107,2,5013,5093.0,0.9842921657176517
13,108,0,5093,5154.0,0.9881645324020178
13,108,1,4970,5154.0,0.9642995731470703
13,108,2,5154,5154.0,1.0
13,109,0,5093,5195.0,0.9803657362848893
13,109,1,5195,5195.0,1.0
13,109,2,5154,5195.0,0.9921077959576516
13,110,0,5093,5236.0,0.9726890756302521
13,110,1,5236,5236.0,1.0
13,110,2,5154,5236.0,0.9843391902215431
13,111,0,5093,5280.0,0.9645833333333333
13,111,1,5280,5280.0,1.0
13,111,2,5154,5280.0,0.9761363636363637
13,112,0,5093,5320.0,0.9573308270676691
13,112,1,5280,5320.0,0.9924812030075187
13,112,2,5320,5320.0,1.0
13,113,0,5093,5352.0,0.9516068759342302
13,113,1,5352,5352.0,1.0
13,113,2,5320,5352.0,0.9940209267563528
13,114,0,5093,5383.0,0.9461266951514026
13,114,1,5352,5383.0,0.9942411294817016
13,114,2,5383,5383.0,1.0
13,115,0,5093,5439.0,0.9363853649567935
13,115,1,5352,5439.0,0.9840044125758411
13,115,2,5439,5439.0,1.0
13,116,0,5093,5475.0,0.930228310502283
13,116,1,5475,5475.0,1.0
13,116,2,5439,5475.0,0.9934246575342466
13,117,0,5093,5525.0,0.9218099547511313
13,117,1,5525,5525.0,1.0
13,117,2,5439,5525.0,0.9844343891402715
13,118,0,5093,5568.0,0.914691091954023
13,118,1,5568,5568.0,1.0
13,118,2,5439,5568.0,0.9768318965517241
13,119,0,5093,5619.0,0.9063890371952305
13,119,1,5568,5619.0,0.990923651895355
13,119,2,5619,5619.0,1.0
13,120,0,5093,5657.0,0.9003005126392081
13,120,1,5657,5657.0,1.0
13,120,2,5619,5657.0,0.9932826586529963
13,121,0,5093,5691.0,0.8949218063609208
13,121,1,5657,5691.0,0.9940256545422597
13,121,2,5691,5691.0,1.0
13,122,0,5093,5729.0,0.8889858614068773
13,122,1,5729,5729.0,1.0
13,122,2,5691,5729.0,0.9933670797695933
13,123,0,5093,5771.0,0.8825160284179518
13,123,1,5771,5771.0,1.0
13,123,2,5691,5771.0,0.9861375844740946
13,124,0,5093,5808.0,0.8768939393939394
13,124,1,5808,5808.0,1.0
13,124,2,5691,5808.0,0.9798553719008265
13,125,0,5093,5854.0,0.8700034164673728
13,125,1,5854,5854.0,1.0
13,125,2,5691,5854.0,0.9721557909121968
13,126,0,5093,5886.0,0.8652735304111451
13,126,1,5886,5886.0,1.0
13,126,2,5691,5886.0,0.9668705402650357
13,127,0,5093,5924.0,0.8597231600270088
13,127,1,5924,5924.0,1.0
13,127,2,5691,5924.0,0.9606684672518568
13,128,0,5093,5954.0,0.8553913335572724
13,128,1,5954,5954.0,1.0
13,128,2,5691,5954.0,0.9558280147799798
13,129,0,5093,5999.0,0.8489748291381897
13,129,1,5999,5999.0,1.0
13,129,2,5691,5999.0,0.9486581096849475
13,130,0,5093,6039.0,0.843351548269581
13,130,1,5999,6039.0,0.9933763868190097
13,130,2,6039,6039.0,1.0
13,131,0,5093,6089.0,0.8364263425849894
13,131,1,5999,6089.0,0.9852192478239448
13,131,2,6089,6089.0,1.0
13,132,0,5093,6157.0,0.8271885658599968
13,132,1,5999,6157.0,0.9743381516972551
13,132,2,6157,6157.0,1.0
13,133,0,5093,6199.0,0.8215841264720116
13,133,1,6199,6199.0,1.0
13,133,2,6157,6199.0,0.9932247136634941
13,134,0,5093,6267.0,0.8126695388543163
13,134,1,6199,6267.0,0.9891495133237593
13,134,2,6267,6267.0,1.0
14,1,0,38,38.0,1.0
14,1,1,0,38.0,0.0
14,1,2,0,38.0,0.0
14,2,0,113,113.0,1.0
14,2,1,0,113.0,0.0
14,2,2,0,113.0,0.0
14,3,0,171,171.0,1.0
14,3,1,0,171.0,0.0
14,3,2,0,171.0,0.0
14,4,0,247,247.0,1.0
14,4,1,0,247.0,0.0
14,4,2,0,247.0,0.0
14,5,0,312,312.0,1.0
14,5,1,0,312.0,0.0
14,5,2,0,312.0,0.0
14,6,0,371,371.0,1.0
14,6,1,0,371.0,0.0
14,6,2,0,371.0,0.0
14,7,0,371,386.0,0.961139896373057
14,7,1,386,386.0,1.0
14,7,2,0,386.0,0.0
14,8,0,448,448.0,1.0
14,8,1,386,448.0,0.8616071428571429
14,8,2,0,448.0,0.0
14,9,0,448,488.0,0.9180327868852459
14,9,1,488,488.0,1.0
14,9,2,0,488.0,0.0
14,10,0,448,528.0,0.8484848484848485
14,10,1,528,528.0,1.0
14,10,2,0,528.0,0.0
14,11,0,448,557.0,0.8043087971274686
14,11,1,528,557.0,0.947935368043088
14,11,2,557,557.0,1.0
14,12,0,448,587.0,0.7632027257240205
14,12,1,587,587.0,1.0
14,12,2,557,587.0,0.948892674616695
14,13,0,448,657.0,0.6818873668188736
14,13,1,587,657.0,0.893455098934551
14,13,2,657,657.0,1.0
14,14,0,728,728.0,1.0
14,14,1,587,728.0,0.8063186813186813
14,14,2,657,728.0,0.9024725274725275
14,15,0,799,799.0,1.0
14,15,1,587,799.0,0.7346683354192741
14,15,2,657,799.0,0.8222778473091364
14,16,0,799,832.0,0.9603365384615384
14,16,1,832,832.0,1.0
14,16,2,657,832.0,0.7896634615384616
14,17,0,799,874.0,0.914187643020595
14,17,1,874,874.0,1.0
14,17,2,657,874.0,0.7517162471395881
14,18,0,929,929.0,1.0
14,18,1,874,929.0,0.9407965554359526
14,18,2,657,929.0,0.7072120559741658
14,19,0,929,986.0,0.9421906693711968
14,19,1,874,986.0,0.8864097363083164
14,19,2,986,986.0,1.0
14,20,0,929,1023.0,0.9081133919843597
14,20,1,874,1023.0,0.8543499511241447
14,20,2,1023,1023.0,1.0
14,21,0,929,1077.0,0.8625812441968431
14,21,1,874,1077.0,0.8115134633240483
14,21,2,1077,1077.0,1.0
14,22,0,929,1117.0,0.8316920322291853
14,22,1,874,1117.0,0.7824529991047449
14,22,2,1117,1117.0,1.0
14,23,0,1180,1180.0,1.0
14,23,1,874,1180.0,0.7406779661016949
14,23,2,1117,1180.0,0.9466101694915254
14,24,0,1239,1239.0,1.0
14,24,1,874,1239.0,0.705407586763519
14,24,2,1117,1239.0,0.9015334947538337
14,25,0,1315,1315.0,1.0
14,25,1,874,1315.0,0.664638783269962
14,25,2,1117,1315.0,0.8494296577946768
14,26,0,1380,1380.0,1.0
14,26,1,874,1380.0,0.6333333333333333
14,26,2,1117,1380.0,0.8094202898550724
14,27,0,1380,1417.0,0.9738884968242767
14,27,1,1417,1417.0,1.0
14,27,2,1117,1417.0,0.7882851093860268
14,28,0,1380,1472.0,0.9375
14,28,1,1417,1472.0,0.9626358695652174
14,28,2,1472,1472.0,1.0
14,29,0,1380,1505.0,0.9169435215946844
14,29,1,1505,1505.0,1.0
14,29,2,1472,1505.0,0.9780730897009967
14,30,0,1380,1555.0,0.887459807073955
14,30,1,1555,1555.0,1.0
14,30,2,1472,1555.0,0.9466237942122186
14,31,0,1380,1597.0,0.8641202254226675
14,31,1,1597,1597.0,1.0
14,31,2,1472,1597.0,0.9217282404508453
14,32,0,1380,1632.0,0.8455882352941176
14,32,1,1632,1632.0,1.0
14,32,2,1472,1632.0,0.9019607843137255
14,33,0,1380,1682.0,0.8204518430439952
14,33,1,1682,1682.0,1.0
14,33,2,1472,1682.0,0.8751486325802615
14,34,0,1380,1715.0,0.8046647230320699
14,34,1,1715,1715.0,1.0
14,34,2,1472,1715.0,0.8583090379008746
14,35,0,1795,1795.0,1.0
14,35,1,1715,1795.0,0.9554317548746518
14,35,2,1472,1795.0,0.8200557103064067
14,36,0,1795,1844.0,0.9734273318872018
14,36,1,1844,1844.0,1.0
14,36,2,1472,1844.0,0.7982646420824295
14,37,0,1795,1890.0,0.9497354497354498
14,37,1,1890,1890.0,1.0
14,37,2,1472,1890.0,0.7788359788359789
14,38,0,1795,1927.0,0.9314997405293202
14,38,1,1890,1927.0,0.9807991696938246
14,38,2,1927,1927.0,1.0
14,39,0,2001,2001.0,1.0
14,39,1,1890,2001.0,0.9445277361319341
14,39,2,1927,2001.0,0.9630184907546226
14,40,0,2001,2049.0,0.9765739385065886
14,40,1,2049,2049.0,1.0
14,40,2,1927,2049.0,0.9404587603709127
14,41,0,2001,2082.0,0.9610951008645533
14,41,1,2082,2082.0,1.0
14,41,2,1927,2082.0,0.925552353506244
14,42,0,2001,2124.0,0.942090395480226
14,42,1,2124,2124.0,1.0
14,42,2,1927,2124.0,0.9072504708097928
14,43,0,2001,2160.0,0.9263888888888889
14,43,1,2160,2160.0,1.0
14,43,2,1927,2160.0,0.8921296296296296
14,44,0,2001,2208.0,0.90625
14,44,1,2208,2208.0,1.0
14,44,2,1927,2208.0,0.8727355072463768
14,45,0,2274,2274.0,1.0
14,45,1,2208,2274.0,0.9709762532981531
14,45,2,1927,2274.0,0.8474054529463501
14,46,0,2274,2311.0,0.983989614885331
14,46,1,2311,2311.0,1.0
14,46,2,1927,2311.0,0.8338381652964085
14,47,0,2274,2353.0,0.9664258393540162
14,47,1,2353,2353.0,1.0
14,47,2,1927,2353.0,0.8189545261368466
14,48,0,2274,2394.0,0.949874686716792
14,48,1,2394,2394.0,1.0
14,48,2,1927,2394.0,0.8049289891395155
14,49,0,2274,2449.0,0.9285422621478154
14,49,1,2394,2449.0,0.9775418538178848
14,49,2,2449,2449.0,1.0
14,50,0,2274,2494.0,0.9117882919005613
14,50,1,2394,2494.0,0.9599037690457097
14,50,2,2494,2494.0,1.0
14,51,0,2274,2539.0,0.8956282000787712
14,51,1,2539,2539.0,1.0
14,51,2,2494,2539.0,0.982276486805829
14,52,0,2274,2572.0,0.8841368584758943
14,52,1,2572,2572.0,1.0
14,52,2,2494,2572.0,0.9696734059097978
14,53,0,2274,2606.0,0.8726016884113584
14,53,1,2606,2606.0,1.0
14,53,2,2494,2606.0,0.9570222563315426
14,54,0,2274,2651.0,0.8577895133911732
14,54,1,2651,2651.0,1.0
14,54,2,2494,2651.0,0.9407770652583931
14,55,0,2274,2684.0,0.8472429210134128
14,55,1,2684,2684.0,1.0
14,55,2,2494,2684.0,0.9292101341281669
14,56,0,2274,2720.0,0.8360294117647059
14,56,1,2720,2720.0,1.0
14,56,2,2494,2720.0,0.9169117647058823
14,57,0,2274,2789.0,0.8153460021513087
14,57,1,2720,2789.0,0.9752599498027967
14,57,2,2789,2789.0,1.0
14,58,0,2274,2833.0,0.8026826685492411
14,58,1,2833,2833.0,1.0
14,58,2,2789,2833.0,0.9844687610307095
14,59,0,2274,2877.0,0.7904066736183525
14,59,1,2833,2877.0,0.9847062912756344
14,59,2,2877,2877.0,1.0
14,60,0,2274,2930.0,0.7761092150170649
14,60,1,2833,2930.0,0.9668941979522184
14,60,2,2930,2930.0,1.0
14,61,0,2274,2973.0,0.7648839556004037
14,61,1,2973,2973.0,1.0
14,61,2,2930,2973.0,0.9855364951227716
14,62,0,2274,3014.0,0.7544790975447909
14,62,1,2973,3014.0,0.9863968148639681
14,62,2,3014,3014.0,1.0
14,63,0,2274,3057.0,0.7438665358194309
14,63,1,3057,3057.0,1.0
14,63,2,3014,3057.0,0.9859339221458947
14,64,0,2274,3089.0,0.7361605697636776
14,64,1,3089,3089.0,1.0
14,64,2,3014,3089.0,0.9757202978310133
14,65,0,2274,3162.0,0.7191650853889943
14,65,1,3089,3162.0,0.9769133459835547
14,65,2,3162,3162.0,1.0
14,66,0,2274,3202.0,0.7101811367895066
14,66,1,3202,3202.0,1.0
14,66,2,3162,3202.0,0.9875078076202374
14,67,0,2274,3258.0,0.6979742173112339
14,67,1,3202,3258.0,0.9828115408225906
14,67,2,3258,3258.0,1.0
14,68,0,2274,3293.0,0.6905557242635895
14,68,1,3293,3293.0,1.0
14,68,2,3258,3293.0,0.9893713938657759
14,69,0,2274,3366.0,0.6755793226381461
14,69,1,3293,3366.0,0.9783125371360666
14,69,2,3366,3366.0,1.0
14,70,0,2274,3416.0,0.6656908665105387
14,70,1,3416,3416.0,1.0
14,70,2,3366,3416.0,0.9853629976580797
14,71,0,2274,3485.0,0.6525107604017216
14,71,1,3416,3485.0,0.9802008608321378
14,71,2,3485,3485.0,1.0
14,72,0,3541,3541.0,1.0
14,72,1,3416,3541.0,0.96469923750353
14,72,2,3485,3541.0,0.9841852584015814
14,73,0,3541,3607.0,0.9817022456334904
14,73,1,3416,3607.0,0.9470474078181315
14,73,2,3607,3607.0,1.0
14,74,0,3541,3637.0,0.9736046191916414
14,74,1,3637,3637.0,1.0
14,74,2,3607,3637.0,0.991751443497388
14,75,0,3541,3674.0,0.9637996733805118
14,75,1,3674,3674.0,1.0
14,75,2,3607,3674.0,0.9817637452367991
14,76,0,3541,3707.0,0.9552198543296466
14,76,1,3674,3707.0,0.9910979228486647
14,76,2,3707,3707.0,1.0
14,77,0,3541,3780.0,0.9367724867724868
14,77,1,3674,3780.0,0.9719576719576719
14,77,2,3780,3780.0,1.0
14,78,0,3541,3819.0,0.9272060748887143
14,78,1,3674,3819.0,0.9620319455354804
14,78,2,3819,3819.0,1.0
14,79,0,3541,3856.0,0.9183091286307054
14,79,1,3674,3856.0,0.9528008298755186
14,79,2,3856,3856.0,1.0
14,80,0,3928,3928.0,1.0
14,80,1,3674,3928.0,0.935336048879837
14,80,2,3856,3928.0,0.9816700610997964
14,81,0,3928,3964.0,0.9909182643794148
14,81,1,3964,3964.0,1.0
14,81,2,3856,3964.0,0.9727547931382442
14,82,0,3928,4002.0,0.9815092453773113
14,82,1,4002,4002.0,1.0
14,82,2,3856,4002.0,0.9635182408795602
14,83,0,3928,4047.0,0.9705955028416111
14,83,1,4047,4047.0,1.0
14,83,2,3856,4047.0,0.9528045465777119
14,84,0,3928,4077.0,0.9634535197449104
14,84,1,4077,4077.0,1.0
14,84,2,3856,4077.0,0.9457934755948001
14,85,0,3928,4119.0,0.9536295217285748
14,85,1,4077,4119.0,0.9898033503277495
14,85,2,4119,4119.0,1.0
14,86,0,3928,4162.0,0.9437770302739068
14,86,1,4077,4162.0,0.9795771263815474
14,86,2,4162,4162.0,1.0
14,87,0,3928,4216.0,0.9316888045540797
14,87,1,4077,4216.0,0.9670303605313093
14,87,2,4216,4216.0,1.0
14,88,0,3928,4258.0,0.9224988257397839
14,88,1,4258,4258.0,1.0
14,88,2,4216,4258.0,0.9901362141850634
14,89,0,3928,4298.0,0.9139134481154025
14,89,1,4258,4298.0,0.9906933457422057
14,89,2,4298,4298.0,1.0
14,90,0,3928,4329.0,0.9073689073689074
14,90,1,4329,4329.0,1.0
14,90,2,4298,4329.0,0.9928389928389928
14,91,0,3928,4378.0,0.8972133394243947
14,91,1,4378,4378.0,1.0
14,91,2,4298,4378.0,0.9817268158976702
14,92,0,3928,4423.0,0.88808501017409
14,92,1,4423,4423.0,1.0
14,92,2,4298,4423.0,0.971738638932851
14,93,0,3928,4487.0,0.8754178738578114
14,93,1,4423,4487.0,0.9857365723200356
14,93,2,4487,4487.0,1.0
14,94,0,3928,4527.0,0.8676827921360725
14,94,1,4527,4527.0,1.0
14,94,2,4487,4527.0,0.9911641263529931
14,95,0,3928,4570.0,0.8595185995623632
14,95,1,4570,4570.0,1.0
14,95,2,4487,4570.0,0.9818380743982494
14,96,0,3928,4606.0,0.8528006947459835
14,96,1,4606,4606.0,1.0
14,96,2,4487,4606.0,0.9741641337386018
14,97,0,3928,4644.0,0.8458225667527993
14,97,1,4644,4644.0,1.0
14,97,2,4487,4644.0,0.9661929371231697
14,98,0,3928,4685.0,0.8384204909284952
14,98,1,4644,4685.0,0.9912486659551761
14,98,2,4685,4685.0,1.0
14,99,0,3928,4735.0,0.8295670538542766
14,99,1,4735,4735.0,1.0
14,99,2,4685,4735.0,0.989440337909187
14,100,0,3928,4778.0,0.8221012976140645
14,100,1,4778,4778.0,1.0
14,100,2,4685,4778.0,0.9805357890330683
14,101,0,3928,4821.0,0.8147687201825348
14,101,1,4821,4821.0,1.0
14,101,2,4685,4821.0,0.9717900850445965
14,102,0,3928,4862.0,0.8078979843685726
14,102,1,4862,4862.0,1.0
14,102,2,4685,4862.0,0.9635952283011107
14,103,0,3928,4907.0,0.8004890972080702
14,103,1,4907,4907.0,1.0
14,103,2,4685,4907.0,0.9547585082535154
14,104,0,3928,4938.0,0.7954637505062778
14,104,1,4938,4938.0,1.0
14,104,2,4685,4938.0,0.9487646820575132
14,105,0,3928,4989.0,0.7873321306875125
14,105,1,4938,4989.0,0.9897775105231509
14,105,2,4989,4989.0,1.0
14,106,0,3928,5028.0,0.781225139220366
14,106,1,4938,5028.0,0.9821002386634845
14,106,2,5028,5028.0,1.0
14,107,0,3928,5061.0,0.7761311993677139
14,107,1,5061,5061.0,1.0
14,107,2,5028,5061.0,0.993479549496147
14,108,0,3928,5103.0,0.7697432882618068
14,108,1,5061,5103.0,0.9917695473251029
14,108,2,5103,5103.0,1.0
14,109,0,3928,5141.0,0.764053686053297
14,109,1,5141,5141.0,1.0
14,109,2,5103,5141.0,0.9926084419373663
14,110,0,3928,5206.0,0.7545140222819823
14,110,1,5141,5206.0,0.9875144064540914
14,110,2,5206,5206.0,1.0
14,111,0,3928,5241.0,0.7494752909750048
14,111,1,5241,5241.0,1.0
14,111,2,5206,5241.0,0.9933218851364244
14,112,0,3928,5278.0,0.7442212959454338
14,112,1,5278,5278.0,1.0
14,112,2,5206,5278.0,0.9863584691170898
14,113,0,3928,5347.0,0.7346175425472228
14,113,1,5278,5347.0,0.9870955676080045
14,113,2,5347,5347.0,1.0
14,114,0,3928,5391.0,0.7286217770358004
14,114,1,5391,5391.0,1.0
14,114,2,5347,5391.0,0.9918382489334076
14,115,0,3928,5436.0,0.7225901398086828
14,115,1,5436,5436.0,1.0
14,115,2,5347,5436.0,0.9836276674025018
14,116,0,3928,5492.0,0.7152221412964311
14,116,1,5436,5492.0,0.9898033503277495
14,116,2,5492,5492.0,1.0
14,117,0,3928,5519.0,0.7117231382496829
14,117,1,5519,5519.0,1.0
14,117,2,5492,5519.0,0.9951078093857583
14,118,0,3928,5553.0,0.7073653880785161
14,118,1,5553,5553.0,1.0
14,118,2,5492,5553.0,0.9890149468755628
14,119,0,3928,5590.0,0.7026833631484795
14,119,1,5590,5590.0,1.0
14,119,2,5492,5590.0,0.9824686940966011
14,120,0,3928,5651.0,0.6950982127057158
14,120,1,5590,5651.0,0.9892054503627676
14,120,2,5651,5651.0,1.0
14,121,0,3928,5692.0,0.6900913562895291
14,121,1,5692,5692.0,1.0
14,121,2,5651,5692.0,0.9927969079409698
14,122,0,3928,5732.0,0.6852756454989533
14,122,1,5692,5732.0,0.9930216329378926
14,122,2,5732,5732.0,1.0
14,123,0,3928,5772.0,0.6805266805266805
14,123,1,5692,5772.0,0.9861399861399861
14,123,2,5772,5772.0,1.0
14,124,0,3928,5822.0,0.6746822397801443
14,124,1,5692,5822.0,0.9776709034695981
14,124,2,5822,5822.0,1.0
14,125,0,3928,5866.0,0.6696215479031709
14,125,1,5866,5866.0,1.0
14,125,2,5822,5866.0,0.9924991476304126
14,126,0,3928,5898.0,0.665988470668023
14,126,1,5898,5898.0,1.0
14,126,2,5822,5898.0,0.9871142760257714
14,127,0,3928,5943.0,0.6609456503449437
14,127,1,5943,5943.0,1.0
14,127,2,5822,5943.0,0.9796399125021034
14,128,0,3928,5984.0,0.6564171122994652
14,128,1,5984,5984.0,1.0
14,128,2,5822,5984.0,0.972927807486631
14,129,0,3928,6020.0,0.6524916943521595
14,129,1,5984,6020.0,0.9940199335548173
14,129,2,6020,6020.0,1.0
14,130,0,6101,6101.0,1.0
14,130,1,5984,6101.0,0.9808228159318144
14,130,2,6020,6101.0,0.9867234879527946
14,131,0,6101,6144.0,0.9930013020833334
14,131,1,6144,6144.0,1.0
14,131,2,6020,6144.0,0.9798177083333334
14,132,0,6101,6212.0,0.9821313586606568
14,132,1,6144,6212.0,0.9890534449452673
14,132,2,6212,6212.0,1.0
14,133,0,6101,6254.0,0.9755356571794052
14,133,1,6254,6254.0,1.0
14,133,2,6212,6254.0,0.9932842980492484
14,134,0,6101,6322.0,0.9650427080037962
14,134,1,6254,6322.0,0.9892439101550142
14,134,2,6322,6322.0,1.0
15,1,0,31,31.0,1.0
15,1,1,0,31.0,0.0
15,1,2,0,31.0,0.0
15,2,0,92,92.0,1.0
15,2,1,0,92.0,0.0
15,2,2,0,92.0,0.0
15,3,0,139,139.0,1.0
15,3,1,0,139.0,0.0
15,3,2,0,139.0,0.0
15,4,0,217,217.0,1.0
15,4,1,0,217.0,0.0
15,4,2,0,217.0,0.0
15,5,0,217,237.0,0.9156118143459916
15,5,1,237,237.0,1.0
15,5,2,0,237.0,0.0
15,6,0,293,293.0,1.0
15,6,1,237,293.0,0.8088737201365188
15,6,2,0,293.0,0.0
15,7,0,359,359.0,1.0
15,7,1,237,359.0,0.6601671309192201
15,7,2,0,359.0,0.0
15,8,0,359,392.0,0.9158163265306123
15,8,1,392,392.0,1.0
15,8,2,0,392.0,0.0
15,9,0,359,427.0,0.8407494145199064
15,9,1,427,427.0,1.0
15,9,2,0,427.0,0.0
15,10,0,477,477.0,1.0
15,10,1,427,477.0,0.8951781970649895
15,10,2,0,477.0,0.0
15,11,0,536,536.0,1.0
15,11,1,427,536.0,0.7966417910447762
15,11,2,0,536.0,0.0
15,12,0,595,595.0,1.0
15,12,1,427,595.0,0.7176470588235294
15,12,2,0,595.0,0.0
15,13,0,636,636.0,1.0
15,13,1,427,636.0,0.6713836477987422
15,13,2,0,636.0,0.0
15,14,0,636,665.0,0.956390977443609
15,14,1,427,665.0,0.6421052631578947
15,14,2,665,665.0,1.0
15,15,0,636,705.0,0.902127659574468
15,15,1,705,705.0,1.0
15,15,2,665,705.0,0.9432624113475178
15,16,0,636,762.0,0.8346456692913385
15,16,1,705,762.0,0.9251968503937008
15,16,2,762,762.0,1.0
15,17,0,842,842.0,1.0
15,17,1,705,842.0,0.83729216152019
15,17,2,762,842.0,0.9049881235154394
15,18,0,842,879.0,0.9579067121729238
15,18,1,705,879.0,0.8020477815699659
15,18,2,879,879.0,1.0
15,19,0,842,949.0,0.8872497365648051
15,19,1,705,949.0,0.7428872497365648
15,19,2,949,949.0,1.0
15,20,0,842,974.0,0.864476386036961
15,20,1,974,974.0,1.0
15,20,2,949,974.0,0.9743326488706365
15,21,0,842,1002.0,0.8403193612774451
15,21,1,1002,1002.0,1.0
15,21,2,949,1002.0,0.9471057884231537
15,22,0,842,1056.0,0.7973484848484849
15,22,1,1002,1056.0,0.9488636363636364
15,22,2,1056,1056.0,1.0
15,23,0,842,1125.0,0.7484444444444445
15,23,1,1002,1125.0,0.8906666666666667
15,23,2,1125,1125.0,1.0
15,24,0,1186,1186.0,1.0
15,24,1,1002,1186.0,0.8448566610455311
15,24,2,1125,1186.0,0.948566610455312
15,25,0,1260,1260.0,1.0
15,25,1,1002,1260.0,0.7952380952380952
15,25,2,1125,1260.0,0.8928571428571429
15,26,0,1260,1302.0,0.967741935483871
15,26,1,1302,1302.0,1.0
15,26,2,1125,1302.0,0.8640552995391705
15,27,0,1260,1346.0,0.9361069836552749
15,27,1,1302,1346.0,0.9673105497771174
15,27,2,1346,1346.0,1.0
15,28,0,1260,1384.0,0.9104046242774566
15,28,1,1302,1384.0,0.9407514450867052
15,28,2,1384,1384.0,1.0
15,29,0,1260,1419.0,0.8879492600422833
15,29,1,1419,1419.0,1.0
15,29,2,1384,1419.0,0.9753347427766033
15,30,0,1260,1460.0,0.863013698630137
15,30,1,1419,1460.0,0.9719178082191781
15,30,2,1460,1460.0,1.0
15,31,0,1532,1532.0,1.0
15,31,1,1419,1532.0,0.9262402088772846
15,31,2,1460,1532.0,0.9530026109660574
15,32,0,1532,1565.0,0.9789137380191694
15,32,1,1565,1565.0,1.0
15,32,2,1460,1565.0,0.9329073482428115
15,33,0,1532,1605.0,0.9545171339563863
15,33,1,1605,1605.0,1.0
15,33,2,1460,1605.0,0.9096573208722741
15,34,0,1532,1670.0,0.9173652694610779
15,34,1,1605,1670.0,0.9610778443113772
15,34,2,1670,1670.0,1.0
15,35,0,1725,1725.0,1.0
15,35,1,1605,1725.0,0.9304347826086956
15,35,2,1670,1725.0,0.9681159420289855
15,36,0,1725,1770.0,0.9745762711864406
15,36,1,1770,1770.0,1.0
15,36,2,1670,1770.0,0.943502824858757
15,37,0,1828,1828.0,1.0
15,37,1,1770,1828.0,0.9682713347921226
15,37,2,1670,1828.0,0.9135667396061269
15,38,0,1828,1865.0,0.9801608579088472
15,38,1,1865,1865.0,1.0
15,38,2,1670,1865.0,0.8954423592493298
15,39,0,1828,1938.0,0.9432404540763674
15,39,1,1865,1938.0,0.9623323013415893
15,39,2,1938,1938.0,1.0
15,40,0,1828,2011.0,0.9090004972650423
15,40,1,1865,2011.0,0.9273993038289409
15,40,2,2011,2011.0,1.0
15,41,0,1828,2048.0,0.892578125
15,41,1,2048,2048.0,1.0
15,41,2,2011,2048.0,0.98193359375
15,42,0,1828,2089.0,0.8750598372426999
15,42,1,2089,2089.0,1.0
15,42,2,2011,2089.0,0.9626615605552896
15,43,0,2164,2164.0,1.0
15,43,1,2089,2164.0,0.9653419593345656
15,43,2,2011,2164.0,0.9292975970425139
15,44,0,2164,2208.0,0.980072463768116
15,44,1,2208,2208.0,1.0
15,44,2,2011,2208.0,0.9107789855072463
15,45,0,2164,2258.0,0.95837023914969
15,45,1,2258,2258.0,1.0
15,45,2,2011,2258.0,0.8906111603188662
15,46,0,2164,2307.0,0.9380147377546597
15,46,1,2307,2307.0,1.0
15,46,2,2011,2307.0,0.8716948417858691
15,47,0,2164,2381.0,0.9088618227635448
15,47,1,2307,2381.0,0.9689206215875682
15,47,2,2381,2381.0,1.0
15,48,0,2164,2441.0,0.8865219172470299
15,48,1,2307,2441.0,0.9451044653830397
15,48,2,2441,2441.0,1.0
15,49,0,2164,2478.0,0.8732849071832123
15,49,1,2307,2478.0,0.9309927360774818
15,49,2,2478,2478.0,1.0
15,50,0,2164,2524.0,0.8573692551505546
15,50,1,2524,2524.0,1.0
15,50,2,2478,2524.0,0.9817749603803486
15,51,0,2164,2564.0,0.84399375975039
15,51,1,2524,2564.0,0.984399375975039
15,51,2,2564,2564.0,1.0
15,52,0,2164,2609.0,0.8294365657339977
15,52,1,2609,2609.0,1.0
15,52,2,2564,2609.0,0.9827520122652357
15,53,0,2689,2689.0,1.0
15,53,1,2609,2689.0,0.9702491632577166
15,53,2,2564,2689.0,0.9535143175901822
15,54,0,2689,2753.0,0.9767526334907374
15,54,1,2609,2753.0,0.9476934253541591
15,54,2,2753,2753.0,1.0
15,55,0,2689,2786.0,0.9651830581478823
15,55,1,2786,2786.0,1.0
15,55,2,2753,2786.0,0.9881550610193827
15,56,0,2849,2849.0,1.0
15,56,1,2786,2849.0,0.9778869778869779
15,56,2,2753,2849.0,0.9663039663039663
15,57,0,2849,2885.0,0.9875216637781629
15,57,1,2885,2885.0,1.0
15,57,2,2753,2885.0,0.9542461005199306
15,58,0,2849,2921.0,0.9753509072235536
15,58,1,2921,2921.0,1.0
15,58,2,2753,2921.0,0.9424854501882917
15,59,0,2849,2990.0,0.9528428093645485
15,59,1,2921,2990.0,0.9769230769230769
15,59,2,2990,2990.0,1.0
15,60,0,2849,3020.0,0.9433774834437086
15,60,1,3020,3020.0,1.0
15,60,2,2990,3020.0,0.9900662251655629
15,61,0,2849,3056.0,0.9322643979057592
15,61,1,3056,3056.0,1.0
15,61,2,2990,3056.0,0.9784031413612565
15,62,0,2849,3111.0,0.9157827065252331
15,62,1,3056,3111.0,0.9823207971713276
15,62,2,3111,3111.0,1.0
15,63,0,2849,3148.0,0.9050190597204575
15,63,1,3148,3148.0,1.0
15,63,2,3111,3148.0,0.9882465057179162
15,64,0,2849,3196.0,0.8914267834793492
15,64,1,3196,3196.0,1.0
15,64,2,3111,3196.0,0.973404255319149
15,65,0,2849,3233.0,0.8812248685431487
15,65,1,3196,3233.0,0.9885555211877514
15,65,2,3233,3233.0,1.0
15,66,0,2849,3269.0,0.8715203426124197
15,66,1,3196,3269.0,0.9776690119302539
15,66,2,3269,3269.0,1.0
15,67,0,2849,3312.0,0.8602053140096618
15,67,1,3312,3312.0,1.0
15,67,2,3269,3312.0,0.9870169082125604
15,68,0,2849,3355.0,0.8491803278688524
15,68,1,3355,3355.0,1.0
15,68,2,3269,3355.0,0.9743666169895678
15,69,0,2849,3389.0,0.8406609619356742
15,69,1,3389,3389.0,1.0
15,69,2,3269,3389.0,0.9645913248745943
15,70,0,2849,3422.0,0.8325540619520748
15,70,1,3422,3422.0,1.0
15,70,2,3269,3422.0,0.9552893045002923
15,71,0,2849,3460.0,0.8234104046242775
15,71,1,3460,3460.0,1.0
15,71,2,3269,3460.0,0.9447976878612717
15,72,0,3541,3541.0,1.0
15,72,1,3460,3541.0,0.9771251059022875
15,72,2,3269,3541.0,0.9231855408076814
15,73,0,3541,3576.0,0.9902125279642058
15,73,1,3460,3576.0,0.9675615212527964
15,73,2,3576,3576.0,1.0
15,74,0,3541,3617.0,0.9789881116947746
15,74,1,3617,3617.0,1.0
15,74,2,3576,3617.0,0.98866463920376
15,75,0,3541,3652.0,0.96960569550931
15,75,1,3652,3652.0,1.0
15,75,2,3576,3652.0,0.9791894852135816
15,76,0,3541,3702.0,0.9565099945975148
15,76,1,3702,3702.0,1.0
15,76,2,3576,3702.0,0.965964343598055
15,77,0,3541,3751.0,0.9440149293521728
15,77,1,3751,3751.0,1.0
15,77,2,3576,3751.0,0.953345774460144
15,78,0,3541,3794.0,0.9333157617290458
15,78,1,3794,3794.0,1.0
15,78,2,3576,3794.0,0.9425408539799683
15,79,0,3541,3844.0,0.9211758584807492
15,79,1,3844,3844.0,1.0
15,79,2,3576,3844.0,0.9302809573361083
15,80,0,3541,3898.0,0.9084145715751668
15,80,1,3844,3898.0,0.9861467419189328
15,80,2,3898,3898.0,1.0
15,81,0,3541,3937.0,0.8994157988315976
15,81,1,3844,3937.0,0.9763779527559056
15,81,2,3937,3937.0,1.0
15,82,0,3541,3979.0,0.8899220909776325
15,82,1,3979,3979.0,1.0
15,82,2,3937,3979.0,0.9894445840663483
15,83,0,3541,4022.0,0.8804077573346594
15,83,1,4022,4022.0,1.0
15,83,2,3937,4022.0,0.9788662357036301
15,84,0,3541,4059.0,0.8723823601872382
15,84,1,4059,4059.0,1.0
15,84,2,3937,4059.0,0.9699433357969943
15,85,0,3541,4101.0,0.8634479395269447
15,85,1,4101,4101.0,1.0
15,85,2,3937,4101.0,0.9600097537186052
15,86,0,3541,4146.0,0.8540762180414858
15,86,1,4146,4146.0,1.0
15,86,2,3937,4146.0,0.9495899662325132
15,87,0,3541,4196.0,0.8438989513822688
15,87,1,4196,4196.0,1.0
15,87,2,3937,4196.0,0.9382745471877979
15,88,0,3541,4252.0,0.8327845719661335
15,88,1,4196,4252.0,0.9868297271872061
15,88,2,4252,4252.0,1.0
15,89,0,3541,4303.0,0.822914245874971
15,89,1,4196,4303.0,0.9751336277016035
15,89,2,4303,4303.0,1.0
15,90,0,3541,4337.0,0.816462992852202
15,90,1,4196,4337.0,0.9674890477288448
15,90,2,4337,4337.0,1.0
15,91,0,3541,4377.0,0.8090015992689057
15,91,1,4196,4377.0,0.958647475439799
15,91,2,4377,4377.0,1.0
15,92,0,3541,4409.0,0.8031299614425039
15,92,1,4409,4409.0,1.0
15,92,2,4377,4409.0,0.9927421183941937
15,93,0,3541,4454.0,0.7950157162101482
15,93,1,4454,4454.0,1.0
15,93,2,4377,4454.0,0.9827121688370004
15,94,0,3541,4493.0,0.7881148453149344
15,94,1,4493,4493.0,1.0
15,94,2,4377,4493.0,0.9741820609837525
15,95,0,3541,4536.0,0.7806437389770723
15,95,1,4536,4536.0,1.0
15,95,2,4377,4536.0,0.96494708994709
15,96,0,3541,4586.0,0.7721325774095072
15,96,1,4586,4586.0,1.0
15,96,2,4377,4586.0,0.9544265154819015
15,97,0,3541,4631.0,0.7646296696177931
15,97,1,4586,4631.0,0.9902828762686244
15,97,2,4631,4631.0,1.0
15,98,0,3541,4697.0,0.7538854588034916
15,98,1,4586,4697.0,0.9763678944006813
15,98,2,4697,4697.0,1.0
15,99,0,3541,4739.0,0.7472040514876557
15,99,1,4586,4739.0,0.9677147077442498
15,99,2,4739,4739.0,1.0
15,100,0,3541,4777.0,0.7412602051496755
15,100,1,4586,4777.0,0.960016746912288
15,100,2,4777,4777.0,1.0
15,101,0,3541,4810.0,0.7361746361746362
15,101,1,4810,4810.0,1.0
15,101,2,4777,4810.0,0.9931392931392932
15,102,0,3541,4853.0,0.7296517617968267
15,102,1,4853,4853.0,1.0
15,102,2,4777,4853.0,0.9843395837626211
15,103,0,3541,4893.0,0.7236868996525649
15,103,1,4893,4893.0,1.0
15,103,2,4777,4893.0,0.9762926629879419
15,104,0,3541,4934.0,0.7176732873935955
15,104,1,4893,4934.0,0.9916903121199838
15,104,2,4934,4934.0,1.0
15,105,0,3541,4976.0,0.7116157556270096
15,105,1,4976,4976.0,1.0
15,105,2,4934,4976.0,0.9915594855305466
15,106,0,3541,5022.0,0.7050975706889685
15,106,1,5022,5022.0,1.0
15,106,2,4934,5022.0,0.9824771007566706
15,107,0,3541,5048.0,0.7014659270998416
15,107,1,5048,5048.0,1.0
15,107,2,4934,5048.0,0.9774167987321711
15,108,0,3541,5081.0,0.6969100570753789
15,108,1,5081,5081.0,1.0
15,108,2,4934,5081.0,0.9710686872662861
15,109,0,3541,5111.0,0.6928194091175895
15,109,1,5111,5111.0,1.0
15,109,2,4934,5111.0,0.9653688123654862
15,110,0,3541,5149.0,0.687706350747718
15,110,1,5149,5149.0,1.0
15,110,2,4934,5149.0,0.9582443192852981
15,111,0,3541,5182.0,0.6833269008104979
15,111,1,5182,5182.0,1.0
15,111,2,4934,5182.0,0.9521420301042068
15,112,0,3541,5219.0,0.6784824679057291
15,112,1,5182,5219.0,0.9929105192565626
15,112,2,5219,5219.0,1.0
15,113,0,3541,5264.0,0.6726823708206687
15,113,1,5264,5264.0,1.0
15,113,2,5219,5264.0,0.9914513677811551
15,114,0,3541,5308.0,0.6671062547098718
15,114,1,5308,5308.0,1.0
15,114,2,5219,5308.0,0.9832328560663149
15,115,0,3541,5376.0,0.6586681547619048
15,115,1,5308,5376.0,0.9873511904761905
15,115,2,5376,5376.0,1.0
15,116,0,3541,5429.0,0.6522379812120096
15,116,1,5308,5429.0,0.977712285872168
15,116,2,5429,5429.0,1.0
15,117,0,3541,5470.0,0.6473491773308958
15,117,1,5470,5470.0,1.0
15,117,2,5429,5470.0,0.9925045703839123
15,118,0,3541,5511.0,0.6425331155870078
15,118,1,5511,5511.0,1.0
15,118,2,5429,5511.0,0.9851206677553983
15,119,0,3541,5545.0,0.6385933273219117
15,119,1,5545,5545.0,1.0
15,119,2,5429,5545.0,0.9790802524797114
15,120,0,3541,5583.0,0.6342468207057138
15,120,1,5583,5583.0,1.0
15,120,2,5429,5583.0,0.9724162636575318
15,121,0,3541,5613.0,0.6308569392481739
15,121,1,5613,5613.0,1.0
15,121,2,5429,5613.0,0.9672189559950116
15,122,0,3541,5655.0,0.6261715296198055
15,122,1,5655,5655.0,1.0
15,122,2,5429,5655.0,0.9600353669319187
15,123,0,3541,5716.0,0.6194891532540238
15,123,1,5655,5716.0,0.9893282015395382
15,123,2,5716,5716.0,1.0
15,124,0,3541,5766.0,0.6141172389871662
15,124,1,5766,5766.0,1.0
15,124,2,5716,5766.0,0.9913284772806105
15,125,0,3541,5839.0,0.6064394588114403
15,125,1,5766,5839.0,0.9874978592224696
15,125,2,5839,5839.0,1.0
15,126,0,3541,5876.0,0.6026208304969367
15,126,1,5876,5876.0,1.0
15,126,2,5839,5876.0,0.9937031994554119
15,127,0,3541,5916.0,0.5985463150777552
15,127,1,5876,5916.0,0.993238674780257
15,127,2,5916,5916.0,1.0
15,128,0,3541,5972.0,0.5929336905559277
15,128,1,5876,5972.0,0.9839249832551908
15,128,2,5972,5972.0,1.0
15,129,0,3541,6027.0,0.5875228140036503
15,129,1,5876,6027.0,0.9749460759913722
15,129,2,6027,6027.0,1.0
15,130,0,3541,6069.0,0.5834569121766353
15,130,1,6069,6069.0,1.0
15,130,2,6027,6069.0,0.9930795847750865
15,131,0,3541,6100.0,0.5804918032786885
15,131,1,6100,6100.0,1.0
15,131,2,6027,6100.0,0.9880327868852459
15,132,0,3541,6168.0,0.5740920881971465
15,132,1,6100,6168.0,0.9889753566796369
15,132,2,6168,6168.0,1.0
15,133,0,3541,6200.0,0.5711290322580646
15,133,1,6200,6200.0,1.0
15,133,2,6168,6200.0,0.9948387096774194
15,134,0,3541,6227.0,0.5686526417215353
15,134,1,6227,6227.0,1.0
15,134,2,6168,6227.0,0.9905251324875542
16,1,0,40,40.0,1.0
16,1,1,0,40.0,0.0
16,1,2,0,40.0,0.0
16,2,0,116,116.0,1.0
16,2,1,0,116.0,0.0
16,2,2,0,116.0,0.0
16,3,0,116,132.0,0.8787878787878788
16,3,1,132,132.0,1.0
16,3,2,0,132.0,0.0
16,4,0,116,186.0,0.6236559139784946
16,4,1,132,186.0,0.7096774193548387
16,4,2,186,186.0,1.0
16,5,0,257,257.0,1.0
16,5,1,132,257.0,0.5136186770428015
16,5,2,186,257.0,0.7237354085603113
16,6,0,333,333.0,1.0
16,6,1,132,333.0,0.3963963963963964
16,6,2,186,333.0,0.5585585585585585
16,7,0,380,380.0,1.0
16,7,1,132,380.0,0.3473684210526316
16,7,2,186,380.0,0.48947368421052634
16,8,0,439,439.0,1.0
16,8,1,132,439.0,0.30068337129840544
16,8,2,186,439.0,0.42369020501138954
16,9,0,482,482.0,1.0
16,9,1,132,482.0,0.27385892116182575
16,9,2,186,482.0,0.38589211618257263
16,10,0,547,547.0,1.0
16,10,1,132,547.0,0.2413162705667276
16,10,2,186,547.0,0.340036563071298
16,11,0,606,606.0,1.0
16,11,1,132,606.0,0.21782178217821782
16,11,2,186,606.0,0.3069306930693069
16,12,0,606,641.0,0.9453978159126365
16,12,1,641,641.0,1.0
16,12,2,186,641.0,0.29017160686427457
16,13,0,606,677.0,0.8951255539143279
16,13,1,677,677.0,1.0
16,13,2,186,677.0,0.27474150664697194
16,14,0,606,720.0,0.8416666666666667
16,14,1,720,720.0,1.0
16,14,2,186,720.0,0.25833333333333336
16,15,0,606,760.0,0.7973684210526316
16,15,1,760,760.0,1.0
16,15,2,186,760.0,0.24473684210526317
16,16,0,838,838.0,1.0
16,16,1,760,838.0,0.9069212410501193
16,16,2,186,838.0,0.22195704057279236
16,17,0,838,871.0,0.9621125143513203
16,17,1,871,871.0,1.0
16,17,2,186,871.0,0.21354764638346727
16,18,0,838,906.0,0.9249448123620309
16,18,1,906,906.0,1.0
16,18,2,186,906.0,0.2052980132450331
16,19,0,838,950.0,0.8821052631578947
16,19,1,906,950.0,0.9536842105263158
16,19,2,950,950.0,1.0
16,20,0,838,1007.0,0.8321747765640516
16,20,1,906,1007.0,0.8997020854021847
16,20,2,1007,1007.0,1.0
16,21,0,1073,1073.0,1.0
16,21,1,906,1073.0,0.8443616029822927
16,21,2,1007,1073.0,0.9384902143522833
16,22,0,1073,1108.0,0.9684115523465704
16,22,1,1108,1108.0,1.0
16,22,2,1007,1108.0,0.9088447653429603
16,23,0,1073,1141.0,0.9404031551270815
16,23,1,1141,1141.0,1.0
16,23,2,1007,1141.0,0.8825591586327782
16,24,0,1073,1211.0,0.8860445912469034
16,24,1,1141,1211.0,0.9421965317919075
16,24,2,1211,1211.0,1.0
16,25,0,1073,1248.0,0.8597756410256411
16,25,1,1141,1248.0,0.9142628205128205
16,25,2,1248,1248.0,1.0
16,26,0,1073,1288.0,0.8330745341614907
16,26,1,1141,1288.0,0.8858695652173914
16,26,2,1288,1288.0,1.0
16,27,0,1073,1321.0,0.8122634367903103
16,27,1,1321,1321.0,1.0
16,27,2,1288,1321.0,0.9750189250567751
16,28,0,1395,1395.0,1.0
16,28,1,1321,1395.0,0.9469534050179211
16,28,2,1288,1395.0,0.9232974910394265
16,29,0,1470,1470.0,1.0
16,29,1,1321,1470.0,0.898639455782313
16,29,2,1288,1470.0,0.8761904761904762
16,30,0,1525,1525.0,1.0
16,30,1,1321,1525.0,0.8662295081967213
16,30,2,1288,1525.0,0.8445901639344262
16,31,0,1525,1570.0,0.9713375796178344
16,31,1,1570,1570.0,1.0
16,31,2,1288,1570.0,0.8203821656050956
16,32,0,1633,1633.0,1.0
16,32,1,1570,1633.0,0.9614206981016534
16,32,2,1288,1633.0,0.7887323943661971
16,33,0,1633,1668.0,0.9790167865707434
16,33,1,1668,1668.0,1.0
16,33,2,1288,1668.0,0.7721822541966427
16,34,0,1633,1718.0,0.9505238649592549
16,34,1,1718,1718.0,1.0
16,34,2,1288,1718.0,0.7497089639115251
16,35,0,1633,1751.0,0.932609937178755
16,35,1,1751,1751.0,1.0
16,35,2,1288,1751.0,0.7355796687607081
16,36,0,1633,1788.0,0.9133109619686801
16,36,1,1751,1788.0,0.9793064876957495
16,36,2,1788,1788.0,1.0
16,37,0,1633,1843.0,0.8860553445469344
16,37,1,1751,1843.0,0.9500813890396094
16,37,2,1843,1843.0,1.0
16,38,0,1633,1885.0,0.8663129973474801
16,38,1,1885,1885.0,1.0
16,38,2,1843,1885.0,0.9777188328912467
16,39,0,1633,1935.0,0.8439276485788114
16,39,1,1935,1935.0,1.0
16,39,2,1843,1935.0,0.9524547803617571
16,40,0,1633,1989.0,0.821015585721468
16,40,1,1935,1989.0,0.9728506787330317
16,40,2,1989,1989.0,1.0
16,41,0,1633,2023.0,0.8072170044488384
16,41,1,2023,2023.0,1.0
16,41,2,1989,2023.0,0.9831932773109243
16,42,0,1633,2068.0,0.789651837524178
16,42,1,2068,2068.0,1.0
16,42,2,1989,2068.0,0.9617988394584139
16,43,0,2139,2139.0,1.0
16,43,1,2068,2139.0,0.9668069191210846
16,43,2,1989,2139.0,0.9298737727910238
16,44,0,2139,2174.0,0.983900643974241
16,44,1,2174,2174.0,1.0
16,44,2,1989,2174.0,0.9149034038638455
16,45,0,2139,2227.0,0.9604849573417154
16,45,1,2174,2227.0,0.9762011674898967
16,45,2,2227,2227.0,1.0
16,46,0,2139,2264.0,0.9447879858657244
16,46,1,2264,2264.0,1.0
16,46,2,2227,2264.0,0.9836572438162544
16,47,0,2139,2301.0,0.9295958279009127
16,47,1,2301,2301.0,1.0
16,47,2,2227,2301.0,0.9678400695349848
16,48,0,2139,2340.0,0.9141025641025641
16,48,1,2301,2340.0,0.9833333333333333
16,48,2,2340,2340.0,1.0
16,49,0,2420,2420.0,1.0
16,49,1,2301,2420.0,0.9508264462809918
16,49,2,2340,2420.0,0.9669421487603306
16,50,0,2420,2457.0,0.9849409849409849
16,50,1,2301,2457.0,0.9365079365079365
16,50,2,2457,2457.0,1.0
16,51,0,2420,2493.0,0.9707180104292018
16,51,1,2493,2493.0,1.0
16,51,2,2457,2493.0,0.9855595667870036
16,52,0,2550,2550.0,1.0
16,52,1,2493,2550.0,0.9776470588235294
16,52,2,2457,2550.0,0.9635294117647059
16,53,0,2550,2588.0,0.9853168469860897
16,53,1,2588,2588.0,1.0
16,53,2,2457,2588.0,0.9493817619783617
16,54,0,2550,2637.0,0.9670079635949943
16,54,1,2637,2637.0,1.0
16,54,2,2457,2637.0,0.931740614334471
16,55,0,2550,2682.0,0.9507829977628636
16,55,1,2637,2682.0,0.9832214765100671
16,55,2,2682,2682.0,1.0
16,56,0,2550,2755.0,0.925589836660617
16,56,1,2637,2755.0,0.9571687840290382
16,56,2,2755,2755.0,1.0
16,57,0,2550,2804.0,0.9094151212553495
16,57,1,2804,2804.0,1.0
16,57,2,2755,2804.0,0.9825249643366619
16,58,0,2550,2847.0,0.8956796628029505
16,58,1,2847,2847.0,1.0
16,58,2,2755,2847.0,0.9676852827537759
16,59,0,2550,2903.0,0.8784016534619359
16,59,1,2847,2903.0,0.9807096107475026
16,59,2,2903,2903.0,1.0
16,60,0,2550,2952.0,0.8638211382113821
16,60,1,2847,2952.0,0.9644308943089431
16,60,2,2952,2952.0,1.0
16,61,0,2550,2993.0,0.8519879719345138
16,61,1,2847,2993.0,0.9512195121951219
16,61,2,2993,2993.0,1.0
16,62,0,2550,3033.0,0.8407517309594461
16,62,1,3033,3033.0,1.0
16,62,2,2993,3033.0,0.9868117375535773
16,63,0,2550,3067.0,0.8314313661558527
16,63,1,3067,3067.0,1.0
16,63,2,2993,3067.0,0.9758721878056733
16,64,0,2550,3140.0,0.8121019108280255
16,64,1,3067,3140.0,0.9767515923566878
16,64,2,3140,3140.0,1.0
16,65,0,2550,3190.0,0.799373040752351
16,65,1,3190,3190.0,1.0
16,65,2,3140,3190.0,0.9843260188087775
16,66,0,2550,3234.0,0.7884972170686456
16,66,1,3234,3234.0,1.0
16,66,2,3140,3234.0,0.9709338280766853
16,67,0,2550,3299.0,0.7729615034859049
16,67,1,3234,3299.0,0.9802970597150652
16,67,2,3299,3299.0,1.0
16,68,0,2550,3368.0,0.7571258907363421
16,68,1,3234,3368.0,0.9602137767220903
16,68,2,3368,3368.0,1.0
16,69,0,2550,3400.0,0.75
16,69,1,3400,3400.0,1.0
16,69,2,3368,3400.0,0.9905882352941177
16,70,0,2550,3433.0,0.7427905621905039
16,70,1,3433,3433.0,1.0
16,70,2,3368,3433.0,0.9810661229245558
16,71,0,2550,3470.0,0.7348703170028819
16,71,1,3470,3470.0,1.0
16,71,2,3368,3470.0,0.9706051873198848
16,72,0,2550,3539.0,0.7205425261373269
16,72,1,3470,3539.0,0.9805029669398135
16,72,2,3539,3539.0,1.0
16,73,0,2550,3590.0,0.7103064066852368
16,73,1,3470,3590.0,0.9665738161559888
16,73,2,3590,3590.0,1.0
16,74,0,2550,3627.0,0.7030603804797353
16,74,1,3627,3627.0,1.0
16,74,2,3590,3627.0,0.9897987317342156
16,75,0,2550,3664.0,0.6959606986899564
16,75,1,3664,3664.0,1.0
16,75,2,3590,3664.0,0.9798034934497817
16,76,0,2550,3705.0,0.6882591093117408
16,76,1,3664,3705.0,0.9889338731443995
16,76,2,3705,3705.0,1.0
16,77,0,2550,3771.0,0.6762132060461417
16,77,1,3664,3771.0,0.971625563511005
16,77,2,3771,3771.0,1.0
16,78,0,2550,3813.0,0.6687647521636507
16,78,1,3813,3813.0,1.0
16,78,2,3771,3813.0,0.988985051140834
16,79,0,3869,3869.0,1.0
16,79,1,3813,3869.0,0.9855259757043163
16,79,2,3771,3869.0,0.9746704574825537
16,80,0,3869,3899.0,0.9923057194152347
16,80,1,3899,3899.0,1.0
16,80,2,3771,3899.0,0.9671710695050013
16,81,0,3869,3940.0,0.9819796954314721
16,81,1,3940,3940.0,1.0
16,81,2,3771,3940.0,0.9571065989847716
16,82,0,3869,3973.0,0.97382330732444
16,82,1,3940,3973.0,0.9916939340548704
16,82,2,3973,3973.0,1.0
16,83,0,3869,4009.0,0.9650785732102769
16,83,1,4009,4009.0,1.0
16,83,2,3973,4009.0,0.9910202045397855
16,84,0,3869,4065.0,0.9517835178351783
16,84,1,4009,4065.0,0.9862238622386224
16,84,2,4065,4065.0,1.0
16,85,0,3869,4108.0,0.9418208373904576
16,85,1,4009,4108.0,0.9759006815968841
16,85,2,4108,4108.0,1.0
16,86,0,3869,4153.0,0.9316156994943414
16,86,1,4153,4153.0,1.0
16,86,2,4108,4153.0,0.9891644594269203
16,87,0,3869,4178.0,0.9260411680229775
16,87,1,4178,4178.0,1.0
16,87,2,4108,4178.0,0.9832455720440402
16,88,0,3869,4238.0,0.912930627654554
16,88,1,4178,4238.0,0.9858423784804153
16,88,2,4238,4238.0,1.0
16,89,0,3869,4271.0,0.9058768438304846
16,89,1,4271,4271.0,1.0
16,89,2,4238,4271.0,0.9922734722547413
16,90,0,3869,4317.0,0.8962242297892055
16,90,1,4317,4317.0,1.0
16,90,2,4238,4317.0,0.9817002548065786
16,91,0,3869,4367.0,0.8859629035951454
16,91,1,4317,4367.0,0.9885504923288299
16,91,2,4367,4367.0,1.0
16,92,0,3869,4415.0,0.8763306908267271
16,92,1,4415,4415.0,1.0
16,92,2,4367,4415.0,0.989127972819932
16,93,0,3869,4455.0,0.8684624017957351
16,93,1,4415,4455.0,0.9910213243546577
16,93,2,4455,4455.0,1.0
16,94,0,3869,4498.0,0.8601600711427301
16,94,1,4498,4498.0,1.0
16,94,2,4455,4498.0,0.9904401956425077
16,95,0,3869,4539.0,0.8523903943599912
16,95,1,4539,4539.0,1.0
16,95,2,4455,4539.0,0.9814937210839392
16,96,0,3869,4583.0,0.8442068514073751
16,96,1,4583,4583.0,1.0
16,96,2,4455,4583.0,0.9720706960506219
16,97,0,3869,4625.0,0.8365405405405405
16,97,1,4625,4625.0,1.0
16,97,2,4455,4625.0,0.9632432432432433
16,98,0,3869,4675.0,0.8275935828877006
16,98,1,4675,4675.0,1.0
16,98,2,4455,4675.0,0.9529411764705882
16,99,0,3869,4717.0,0.8202247191011236
16,99,1,4675,4717.0,0.9910960356158576
16,99,2,4717,4717.0,1.0
16,100,0,3869,4790.0,0.8077244258872651
16,100,1,4675,4790.0,0.975991649269311
16,100,2,4790,4790.0,1.0
16,101,0,3869,4854.0,0.7970745776679028
16,101,1,4675,4854.0,0.9631231973629996
16,101,2,4854,4854.0,1.0
16,102,0,3869,4894.0,0.7905598692276257
16,102,1,4894,4894.0,1.0
16,102,2,4854,4894.0,0.991826726604005
16,103,0,3869,4944.0,0.7825647249190939
16,103,1,4944,4944.0,1.0
16,103,2,4854,4944.0,0.9817961165048543
16,104,0,3869,4984.0,0.7762841091492777
16,104,1,4944,4984.0,0.9919743178170144
16,104,2,4984,4984.0,1.0
16,105,0,3869,5022.0,0.770410195141378
16,105,1,5022,5022.0,1.0
16,105,2,4984,5022.0,0.9924332935085624
16,106,0,3869,5058.0,0.7649268485567418
16,106,1,5022,5058.0,0.9928825622775801
16,106,2,5058,5058.0,1.0
16,107,0,3869,5113.0,0.7566986113827499
16,107,1,5022,5113.0,0.9822022296107961
16,107,2,5113,5113.0,1.0
16,108,0,3869,5163.0,0.7493705210149139
16,108,1,5163,5163.0,1.0
16,108,2,5113,5163.0,0.9903157079217509
16,109,0,3869,5205.0,0.7433237271853986
16,109,1,5205,5205.0,1.0
16,109,2,5113,5205.0,0.9823246878001921
16,110,0,3869,5243.0,0.7379362960137326
16,110,1,5243,5243.0,1.0
16,110,2,5113,5243.0,0.9752050352851421
16,111,0,3869,5275.0,0.7334597156398104
16,111,1,5275,5275.0,1.0
16,111,2,5113,5275.0,0.9692890995260663
16,112,0,3869,5318.0,0.7275291462955998
16,112,1,5318,5318.0,1.0
16,112,2,5113,5318.0,0.9614516735614893
16,113,0,3869,5358.0,0.7220977976857036
16,113,1,5358,5358.0,1.0
16,113,2,5113,5358.0,0.954273982829414
16,114,0,5439,5439.0,1.0
16,114,1,5358,5439.0,0.9851075565361279
16,114,2,5113,5439.0,0.9400625114910829
16,115,0,5439,5493.0,0.9901693063899508
16,115,1,5358,5493.0,0.9754232659748772
16,115,2,5493,5493.0,1.0
16,116,0,5439,5527.0,0.9840781617514022
16,116,1,5358,5527.0,0.9694228333634883
16,116,2,5527,5527.0,1.0
16,117,0,5439,5570.0,0.9764811490125673
16,117,1,5570,5570.0,1.0
16,117,2,5527,5570.0,0.9922800718132855
16,118,0,5439,5612.0,0.9691732002851033
16,118,1,5612,5612.0,1.0
16,118,2,5527,5612.0,0.9848538845331433
16,119,0,5439,5643.0,0.9638490164805954
16,119,1,5643,5643.0,1.0
16,119,2,5527,5643.0,0.9794435583909268
16,120,0,5439,5687.0,0.9563917707051169
16,120,1,5687,5687.0,1.0
16,120,2,5527,5687.0,0.9718656585194303
16,121,0,5439,5728.0,0.9495460893854749
16,121,1,5728,5728.0,1.0
16,121,2,5527,5728.0,0.9649092178770949
16,122,0,5439,5770.0,0.9426343154246101
16,122,1,5728,5770.0,0.9927209705372617
16,122,2,5770,5770.0,1.0
16,123,0,5439,5813.0,0.9356614484775503
16,123,1,5813,5813.0,1.0
16,123,2,5770,5813.0,0.9926027868570445
16,124,0,5439,5881.0,0.9248427138241796
16,124,1,5813,5881.0,0.9884373405883353
16,124,2,5881,5881.0,1.0
16,125,0,5439,5942.0,0.9153483675530124
16,125,1,5813,5942.0,0.9782901380006732
16,125,2,5942,5942.0,1.0
16,126,0,5439,5988.0,0.9083166332665331
16,126,1,5988,5988.0,1.0
16,126,2,5942,5988.0,0.9923179692718771
16,127,0,5439,6030.0,0.9019900497512437
16,127,1,6030,6030.0,1.0
16,127,2,5942,6030.0,0.9854063018242123
16,128,0,5439,6098.0,0.8919317809117744
16,128,1,6030,6098.0,0.9888488028861921
16,128,2,6098,6098.0,1.0
16,129,0,5439,6136.0,0.8864080834419817
16,129,1,6136,6136.0,1.0
16,129,2,6098,6136.0,0.9938070404172099
16,130,0,5439,6169.0,0.8816663964986221
16,130,1,6169,6169.0,1.0
16,130,2,6098,6169.0,0.9884908413032907
16,131,0,5439,6195.0,0.8779661016949153
16,131,1,6195,6195.0,1.0
16,131,2,6098,6195.0,0.9843422114608555
16,132,0,5439,6227.0,0.8734543118676731
16,132,1,6227,6227.0,1.0
16,132,2,6098,6227.0,0.979283764252449
16,133,0,5439,6262.0,0.8685723411050783
16,133,1,6262,6262.0,1.0
16,133,2,6098,6262.0,0.9738102842542319
16,134,0,5439,6307.0,0.8623751387347391
16,134,1,6307,6307.0,1.0
16,134,2,6098,6307.0,0.9668622165847471
17,1,0,34,34.0,1.0
17,1,1,0,34.0,0.0
17,1,2,0,34.0,0.0
17,2,0,93,93.0,1.0
17,2,1,0,93.0,0.0
17,2,2,0,93.0,0.0
17,3,0,149,149.0,1.0
17,3,1,0,149.0,0.0
17,3,2,0,149.0,0.0
17,4,0,211,211.0,1.0
17,4,1,0,211.0,0.0
17,4,2,0,211.0,0.0
17,5,0,211,224.0,0.9419642857142857
17,5,1,224,224.0,1.0
17,5,2,0,224.0,0.0
17,6,0,279,279.0,1.0
17,6,1,224,279.0,0.8028673835125448
17,6,2,0,279.0,0.0
17,7,0,355,355.0,1.0
17,7,1,224,355.0,0.6309859154929578
17,7,2,0,355.0,0.0
17,8,0,420,420.0,1.0
17,8,1,224,420.0,0.5333333333333333
17,8,2,0,420.0,0.0
17,9,0,498,498.0,1.0
17,9,1,224,498.0,0.4497991967871486
17,9,2,0,498.0,0.0
17,10,0,574,574.0,1.0
17,10,1,224,574.0,0.3902439024390244
17,10,2,0,574.0,0.0
17,11,0,654,654.0,1.0
17,11,1,224,654.0,0.3425076452599388
17,11,2,0,654.0,0.0
17,12,0,654,682.0,0.9589442815249267
17,12,1,682,682.0,1.0
17,12,2,0,682.0,0.0
17,13,0,748,748.0,1.0
17,13,1,682,748.0,0.9117647058823529
17,13,2,0,748.0,0.0
17,14,0,748,783.0,0.9553001277139208
17,14,1,783,783.0,1.0
17,14,2,0,783.0,0.0
17,15,0,748,823.0,0.9088699878493317
17,15,1,823,823.0,1.0
17,15,2,0,823.0,0.0
17,16,0,748,865.0,0.8647398843930636
17,16,1,823,865.0,0.9514450867052023
17,16,2,865,865.0,1.0
17,17,0,913,913.0,1.0
17,17,1,823,913.0,0.9014238773274917
17,17,2,865,913.0,0.9474260679079957
17,18,0,913,946.0,0.9651162790697675
17,18,1,946,946.0,1.0
17,18,2,865,946.0,0.9143763213530656
17,19,0,913,990.0,0.9222222222222223
17,19,1,946,990.0,0.9555555555555556
17,19,2,990,990.0,1.0
17,20,0,913,1040.0,0.8778846153846154
17,20,1,1040,1040.0,1.0
17,20,2,990,1040.0,0.9519230769230769
17,21,0,913,1073.0,0.8508853681267474
17,21,1,1073,1073.0,1.0
17,21,2,990,1073.0,0.9226467847157502
17,22,0,913,1103.0,0.827742520398912
17,22,1,1103,1103.0,1.0
17,22,2,990,1103.0,0.8975521305530372
17,23,0,1162,1162.0,1.0
17,23,1,1103,1162.0,0.9492254733218589
17,23,2,990,1162.0,0.8519793459552496
17,24,0,1162,1202.0,0.9667221297836939
17,24,1,1202,1202.0,1.0
17,24,2,990,1202.0,0.8236272878535774
17,25,0,1162,1237.0,0.9393694421988682
17,25,1,1237,1237.0,1.0
17,25,2,990,1237.0,0.8003233629749393
17,26,0,1162,1274.0,0.9120879120879121
17,26,1,1237,1274.0,0.9709576138147566
17,26,2,1274,1274.0,1.0
17,27,0,1162,1310.0,0.8870229007633588
17,27,1,1310,1310.0,1.0
17,27,2,1274,1310.0,0.9725190839694656
17,28,0,1162,1379.0,0.8426395939086294
17,28,1,1310,1379.0,0.9499637418419145
17,28,2,1379,1379.0,1.0
17,29,0,1437,1437.0,1.0
17,29,1,1310,1437.0,0.9116214335421016
17,29,2,1379,1437.0,0.9596381350034795
17,30,0,1437,1491.0,0.9637826961770624
17,30,1,1310,1491.0,0.8786049631120053
17,30,2,1491,1491.0,1.0
17,31,0,1437,1531.0,0.9386022207707381
17,31,1,1531,1531.0,1.0
17,31,2,1491,1531.0,0.9738732854343566
17,32,0,1437,1575.0,0.9123809523809524
17,32,1,1531,1575.0,0.9720634920634921
17,32,2,1575,1575.0,1.0
17,33,0,1647,1647.0,1.0
17,33,1,1531,1647.0,0.9295689131754705
17,33,2,1575,1647.0,0.9562841530054644
17,34,0,1647,1684.0,0.9780285035629454
17,34,1,1684,1684.0,1.0
17,34,2,1575,1684.0,0.9352731591448931
17,35,0,1647,1737.0,0.9481865284974094
17,35,1,1684,1737.0,0.9694876223373633
17,35,2,1737,1737.0,1.0
17,36,0,1647,1777.0,0.9268429938097917
17,36,1,1684,1777.0,0.947664603263928
17,36,2,1777,1777.0,1.0
17,37,0,1647,1822.0,0.9039517014270033
17,37,1,1822,1822.0,1.0
17,37,2,1777,1822.0,0.9753018660812294
17,38,0,1647,1867.0,0.8821638993036958
17,38,1,1867,1867.0,1.0
17,38,2,1777,1867.0,0.951794322442421
17,39,0,1647,1901.0,0.8663861125723303
17,39,1,1867,1901.0,0.98211467648606
17,39,2,1901,1901.0,1.0
17,40,0,1647,1971.0,0.8356164383561644
17,40,1,1867,1971.0,0.9472349061390157
17,40,2,1971,1971.0,1.0
17,41,0,2036,2036.0,1.0
17,41,1,1867,2036.0,0.9169941060903732
17,41,2,1971,2036.0,0.9680746561886051
17,42,0,2036,2078.0,0.9797882579403272
17,42,1,2078,2078.0,1.0
17,42,2,1971,2078.0,0.9485081809432147
17,43,0,2036,2115.0,0.9626477541371158
17,43,1,2078,2115.0,0.9825059101654846
17,43,2,2115,2115.0,1.0
17,44,0,2036,2184.0,0.9322344322344323
17,44,1,2078,2184.0,0.9514652014652014
17,44,2,2184,2184.0,1.0
17,45,0,2036,2257.0,0.9020824102791316
17,45,1,2078,2257.0,0.920691182986265
17,45,2,2257,2257.0,1.0
17,46,0,2036,2306.0,0.8829141370338248
17,46,1,2306,2306.0,1.0
17,46,2,2257,2306.0,0.9787510841283608
17,47,0,2036,2361.0,0.8623464633629818
17,47,1,2306,2361.0,0.9767047861075815
17,47,2,2361,2361.0,1.0
17,48,0,2036,2397.0,0.8493950771798081
17,48,1,2397,2397.0,1.0
17,48,2,2361,2397.0,0.9849812265331664
17,49,0,2036,2453.0,0.830004076640848
17,49,1,2397,2453.0,0.9771708112515287
17,49,2,2453,2453.0,1.0
17,50,0,2534,2534.0,1.0
17,50,1,2397,2534.0,0.9459352801894239
17,50,2,2453,2534.0,0.968034727703236
17,51,0,2534,2571.0,0.9856087125632049
17,51,1,2397,2571.0,0.9323220536756126
17,51,2,2571,2571.0,1.0
17,52,0,2534,2604.0,0.9731182795698925
17,52,1,2604,2604.0,1.0
17,52,2,2571,2604.0,0.9873271889400922
17,53,0,2534,2677.0,0.9465819947702652
17,53,1,2604,2677.0,0.9727306686589465
17,53,2,2677,2677.0,1.0
17,54,0,2534,2720.0,0.9316176470588236
17,54,1,2720,2720.0,1.0
17,54,2,2677,2720.0,0.9841911764705882
17,55,0,2534,2755.0,0.9197822141560799
17,55,1,2755,2755.0,1.0
17,55,2,2677,2755.0,0.9716878402903811
17,56,0,2534,2787.0,0.9092213850017941
17,56,1,2787,2787.0,1.0
17,56,2,2677,2787.0,0.9605310369573018
17,57,0,2534,2837.0,0.8931970391258371
17,57,1,2837,2837.0,1.0
17,57,2,2677,2837.0,0.9436023968981319
17,58,0,2912,2912.0,1.0
17,58,1,2837,2912.0,0.9742445054945055
17,58,2,2677,2912.0,0.9192994505494505
17,59,0,2912,2955.0,0.9854483925549915
17,59,1,2955,2955.0,1.0
17,59,2,2677,2955.0,0.905922165820643
17,60,0,2912,3005.0,0.9690515806988352
17,60,1,2955,3005.0,0.9833610648918469
17,60,2,3005,3005.0,1.0
17,61,0,2912,3071.0,0.9482253337675024
17,61,1,2955,3071.0,0.9622272875284924
17,61,2,3071,3071.0,1.0
17,62,0,3142,3142.0,1.0
17,62,1,2955,3142.0,0.9404837683004456
17,62,2,3071,3142.0,0.9774029280712921
17,63,0,3142,3176.0,0.989294710327456
17,63,1,3176,3176.0,1.0
17,63,2,3071,3176.0,0.9669395465994962
17,64,0,3142,3213.0,0.9779022720199191
17,64,1,3213,3213.0,1.0
17,64,2,3071,3213.0,0.9558045440398382
17,65,0,3142,3253.0,0.9658776513987088
17,65,1,3213,3253.0,0.9877036581616969
17,65,2,3253,3253.0,1.0
17,66,0,3142,3294.0,0.9538554948391014
17,66,1,3213,3294.0,0.9754098360655737
17,66,2,3294,3294.0,1.0
17,67,0,3142,3359.0,0.9353974397142006
17,67,1,3213,3359.0,0.9565346829413516
17,67,2,3359,3359.0,1.0
17,68,0,3142,3404.0,0.9230317273795534
17,68,1,3404,3404.0,1.0
17,68,2,3359,3404.0,0.986780258519389
17,69,0,3142,3459.0,0.9083550159005493
17,69,1,3404,3459.0,0.9840994507082972
17,69,2,3459,3459.0,1.0
17,70,0,3142,3502.0,0.8972015990862364
17,70,1,3502,3502.0,1.0
17,70,2,3459,3502.0,0.9877213021130783
17,71,0,3142,3541.0,0.887319966111268
17,71,1,3502,3541.0,0.9889861621011014
17,71,2,3541,3541.0,1.0
17,72,0,3142,3584.0,0.8766741071428571
17,72,1,3584,3584.0,1.0
17,72,2,3541,3584.0,0.9880022321428571
17,73,0,3142,3626.0,0.8665195808052951
17,73,1,3626,3626.0,1.0
17,73,2,3541,3626.0,0.9765581908439052
17,74,0,3142,3682.0,0.8533405757740359
17,74,1,3626,3682.0,0.9847908745247148
17,74,2,3682,3682.0,1.0
17,75,0,3142,3756.0,0.836528221512247
17,75,1,3626,3756.0,0.9653887113951012
17,75,2,3756,3756.0,1.0
17,76,0,3142,3789.0,0.8292425442069148
17,76,1,3789,3789.0,1.0
17,76,2,3756,3789.0,0.9912905779889153
17,77,0,3142,3833.0,0.8197234542134099
17,77,1,3833,3833.0,1.0
17,77,2,3756,3833.0,0.97991129663449
17,78,0,3142,3874.0,0.8110480123902942
17,78,1,3874,3874.0,1.0
17,78,2,3756,3874.0,0.9695405265875064
17,79,0,3142,3909.0,0.8037861345612689
17,79,1,3874,3909.0,0.9910463034024047
17,79,2,3909,3909.0,1.0
17,80,0,3142,3959.0,0.7936347562515786
17,80,1,3959,3959.0,1.0
17,80,2,3909,3959.0,0.9873705481182117
17,81,0,3142,4032.0,0.779265873015873
17,81,1,3959,4032.0,0.9818948412698413
17,81,2,4032,4032.0,1.0
17,82,0,3142,4086.0,0.7689672050905532
17,82,1,3959,4086.0,0.968918257464513
17,82,2,4086,4086.0,1.0
17,83,0,3142,4123.0,0.76206645646374
17,83,1,4123,4123.0,1.0
17,83,2,4086,4123.0,0.991025951976716
17,84,0,3142,4159.0,0.7554700649194518
17,84,1,4159,4159.0,1.0
17,84,2,4086,4159.0,0.982447703774946
17,85,0,3142,4201.0,0.747917162580338
17,85,1,4201,4201.0,1.0
17,85,2,4086,4201.0,0.9726255653415853
17,86,0,3142,4237.0,0.7415624262449847
17,86,1,4237,4237.0,1.0
17,86,2,4086,4237.0,0.9643615765872079
17,87,0,3142,4279.0,0.7342837111474644
17,87,1,4279,4279.0,1.0
17,87,2,4086,4279.0,0.9548960037391914
17,88,0,3142,4324.0,0.7266419981498612
17,88,1,4324,4324.0,1.0
17,88,2,4086,4324.0,0.9449583718778909
17,89,0,3142,4355.0,0.7214695752009185
17,89,1,4355,4355.0,1.0
17,89,2,4086,4355.0,0.938231917336395
17,90,0,4411,4411.0,1.0
17,90,1,4355,4411.0,0.9873044661074586
17,90,2,4086,4411.0,0.9263205622307866
17,91,0,4411,4444.0,0.9925742574257426
17,91,1,4444,4444.0,1.0
17,91,2,4086,4444.0,0.9194419441944195
17,92,0,4411,4484.0,0.9837198929527208
17,92,1,4444,4484.0,0.9910793933987511
17,92,2,4484,4484.0,1.0
17,93,0,4411,4521.0,0.975669099756691
17,93,1,4521,4521.0,1.0
17,93,2,4484,4521.0,0.9918159699181597
17,94,0,4411,4564.0,0.9664767747589833
17,94,1,4564,4564.0,1.0
17,94,2,4484,4564.0,0.9824715162138475
17,95,0,4411,4628.0,0.9531114952463267
17,95,1,4564,4628.0,0.986171132238548
17,95,2,4628,4628.0,1.0
17,96,0,4411,4663.0,0.945957538065623
17,96,1,4663,4663.0,1.0
17,96,2,4628,4663.0,0.9924941025091143
17,97,0,4411,4714.0,0.9357233771743741
17,97,1,4663,4714.0,0.9891811624946967
17,97,2,4714,4714.0,1.0
17,98,0,4411,4755.0,0.9276550998948475
17,98,1,4663,4755.0,0.9806519453207151
17,98,2,4755,4755.0,1.0
17,99,0,4411,4796.0,0.9197247706422018
17,99,1,4796,4796.0,1.0
17,99,2,4755,4796.0,0.9914512093411176
17,100,0,4411,4834.0,0.9124948282995449
17,100,1,4834,4834.0,1.0
17,100,2,4755,4834.0,0.9836574265618535
17,101,0,4411,4876.0,0.9046349466776046
17,101,1,4834,4876.0,0.9913863822805579
17,101,2,4876,4876.0,1.0
17,102,0,4411,4902.0,0.8998368013055895
17,102,1,4902,4902.0,1.0
17,102,2,4876,4902.0,0.9946960424316605
17,103,0,4411,4931.0,0.8945447170959238
17,103,1,4931,4931.0,1.0
17,103,2,4876,4931.0,0.9888460758466843
17,104,0,4411,4969.0,0.8877037633326625
17,104,1,4969,4969.0,1.0
17,104,2,4876,4969.0,0.9812839605554438
17,105,0,4411,5001.0,0.8820235952809438
17,105,1,5001,5001.0,1.0
17,105,2,4876,5001.0,0.9750049990002
17,106,0,4411,5031.0,0.8767640628105744
17,106,1,5031,5031.0,1.0
17,106,2,4876,5031.0,0.9691910157026437
17,107,0,4411,5081.0,0.8681361936626648
17,107,1,5081,5081.0,1.0
17,107,2,4876,5081.0,0.9596536114938005
17,108,0,4411,5131.0,0.8596764763204053
17,108,1,5131,5131.0,1.0
17,108,2,4876,5131.0,0.9503020853634769
17,109,0,4411,5169.0,0.853356548655446
17,109,1,5169,5169.0,1.0
17,109,2,4876,5169.0,0.9433159218417488
17,110,0,4411,5199.0,0.8484323908443931
17,110,1,5199,5199.0,1.0
17,110,2,4876,5199.0,0.9378726678207348
17,111,0,4411,5267.0,0.8374786405923675
17,111,1,5199,5267.0,0.9870894247199544
17,111,2,5267,5267.0,1.0
17,112,0,4411,5312.0,0.8303840361445783
17,112,1,5312,5312.0,1.0
17,112,2,5267,5312.0,0.9915286144578314
17,113,0,4411,5361.0,0.8227942548032083
17,113,1,5361,5361.0,1.0
17,113,2,5267,5361.0,0.9824659578436858
17,114,0,4411,5399.0,0.8170031487312466
17,114,1,5361,5399.0,0.9929616595665864
17,114,2,5399,5399.0,1.0
17,115,0,4411,5444.0,0.8102498163115356
17,115,1,5444,5444.0,1.0
17,115,2,5399,5444.0,0.9917340191036003
17,116,0,4411,5487.0,0.8039001275742664
17,116,1,5444,5487.0,0.9921632950610534
17,116,2,5487,5487.0,1.0
17,117,0,4411,5529.0,0.7977934527039248
17,117,1,5529,5529.0,1.0
17,117,2,5487,5529.0,0.9924036896364623
17,118,0,4411,5569.0,0.7920632070389657
17,118,1,5569,5569.0,1.0
17,118,2,5487,5569.0,0.985275632968217
17,119,0,4411,5606.0,0.7868355333571174
17,119,1,5606,5606.0,1.0
17,119,2,5487,5606.0,0.9787727434891188
17,120,0,4411,5650.0,0.7807079646017699
17,120,1,5650,5650.0,1.0
17,120,2,5487,5650.0,0.9711504424778761
17,121,0,4411,5691.0,0.7750834651203655
17,121,1,5691,5691.0,1.0
17,121,2,5487,5691.0,0.9641539272535582
17,122,0,4411,5759.0,0.7659315853446779
17,122,1,5691,5759.0,0.9881923945129363
17,122,2,5759,5759.0,1.0
17,123,0,4411,5800.0,0.7605172413793103
17,123,1,5800,5800.0,1.0
17,123,2,5759,5800.0,0.9929310344827587
17,124,0,4411,5843.0,0.7549204175937019
17,124,1,5843,5843.0,1.0
17,124,2,5759,5843.0,0.9856238233784015
17,125,0,4411,5887.0,0.7492780703244437
17,125,1,5887,5887.0,1.0
17,125,2,5759,5887.0,0.9782571768303041
17,126,0,4411,5923.0,0.7447239574539929
17,126,1,5887,5923.0,0.9939219989869998
17,126,2,5923,5923.0,1.0
17,127,0,4411,5965.0,0.7394803017602682
17,127,1,5887,5965.0,0.9869237217099749
17,127,2,5965,5965.0,1.0
17,128,0,4411,6025.0,0.7321161825726141
17,128,1,5887,6025.0,0.9770954356846473
17,128,2,6025,6025.0,1.0
17,129,0,4411,6086.0,0.7247781794281959
17,129,1,5887,6086.0,0.967302004600723
17,129,2,6086,6086.0,1.0
17,130,0,4411,6132.0,0.719341161121983
17,130,1,6132,6132.0,1.0
17,130,2,6086,6132.0,0.992498369210698
17,131,0,4411,6164.0,0.7156067488643738
17,131,1,6164,6164.0,1.0
17,131,2,6086,6164.0,0.9873458792991564
17,132,0,4411,6212.0,0.7100772698003863
17,132,1,6212,6212.0,1.0
17,132,2,6086,6212.0,0.9797166773985834
17,133,0,4411,6255.0,0.7051958433253397
17,133,1,6255,6255.0,1.0
17,133,2,6086,6255.0,0.9729816147082334
17,134,0,4411,6297.0,0.7004922979196443
17,134,1,6297,6297.0,1.0
17,134,2,6086,6297.0,0.9664919803080833
18,1,0,19,19.0,1.0
18,1,1,0,19.0,0.0
18,1,2,0,19.0,0.0
18,2,0,66,66.0,1.0
18,2,1,0,66.0,0.0
18,2,2,0,66.0,0.0
18,3,0,142,142.0,1.0
18,3,1,0,142.0,0.0
18,3,2,0,142.0,0.0
18,4,0,222,222.0,1.0
18,4,1,0,222.0,0.0
18,4,2,0,222.0,0.0
18,5,0,265,265.0,1.0
18,5,1,0,265.0,0.0
18,5,2,0,265.0,0.0
18,6,0,321,321.0,1.0
18,6,1,0,321.0,0.0
18,6,2,0,321.0,0.0
18,7,0,321,334.0,0.9610778443113772
18,7,1,334,334.0,1.0
18,7,2,0,334.0,0.0
18,8,0,400,400.0,1.0
18,8,1,334,400.0,0.835
18,8,2,0,400.0,0.0
18,9,0,476,476.0,1.0
18,9,1,334,476.0,0.7016806722689075
18,9,2,0,476.0,0.0
18,10,0,554,554.0,1.0
18,10,1,334,554.0,0.6028880866425993
18,10,2,0,554.0,0.0
18,11,0,554,589.0,0.9405772495755518
18,11,1,589,589.0,1.0
18,11,2,0,589.0,0.0
18,12,0,554,629.0,0.8807631160572337
18,12,1,629,629.0,1.0
18,12,2,0,629.0,0.0
18,13,0,554,659.0,0.8406676783004552
18,13,1,659,659.0,1.0
18,13,2,0,659.0,0.0
18,14,0,740,740.0,1.0
18,14,1,659,740.0,0.8905405405405405
18,14,2,0,740.0,0.0
18,15,0,805,805.0,1.0
18,15,1,659,805.0,0.8186335403726708
18,15,2,0,805.0,0.0
18,16,0,805,840.0,0.9583333333333334
18,16,1,840,840.0,1.0
18,16,2,0,840.0,0.0
18,17,0,896,896.0,1.0
18,17,1,840,896.0,0.9375
18,17,2,0,896.0,0.0
18,18,0,951,951.0,1.0
18,18,1,840,951.0,0.8832807570977917
18,18,2,0,951.0,0.0
18,19,0,951,987.0,0.9635258358662614
18,19,1,987,987.0,1.0
18,19,2,0,987.0,0.0
18,20,0,951,1030.0,0.9233009708737864
18,20,1,1030,1030.0,1.0
18,20,2,0,1030.0,0.0
18,21,0,951,1065.0,0.8929577464788733
18,21,1,1065,1065.0,1.0
18,21,2,0,1065.0,0.0
18,22,0,951,1101.0,0.8637602179836512
18,22,1,1101,1101.0,1.0
18,22,2,0,1101.0,0.0
18,23,0,951,1131.0,0.8408488063660478
18,23,1,1101,1131.0,0.9734748010610079
18,23,2,1131,1131.0,1.0
18,24,0,951,1175.0,0.8093617021276596
18,24,1,1101,1175.0,0.9370212765957446
18,24,2,1175,1175.0,1.0
18,25,0,951,1232.0,0.7719155844155844
18,25,1,1101,1232.0,0.8936688311688312
18,25,2,1232,1232.0,1.0
18,26,0,1291,1291.0,1.0
18,26,1,1101,1291.0,0.8528272656855151
18,26,2,1232,1291.0,0.95429899302866
18,27,0,1291,1331.0,0.9699474079639369
18,27,1,1101,1331.0,0.8271975957926371
18,27,2,1331,1331.0,1.0
18,28,0,1411,1411.0,1.0
18,28,1,1101,1411.0,0.780297661233168
18,28,2,1331,1411.0,0.9433026222537207
18,29,0,1411,1444.0,0.9771468144044322
18,29,1,1444,1444.0,1.0
18,29,2,1331,1444.0,0.9217451523545707
18,30,0,1492,1492.0,1.0
18,30,1,1444,1492.0,0.967828418230563
18,30,2,1331,1492.0,0.8920911528150134
18,31,0,1566,1566.0,1.0
18,31,1,1444,1566.0,0.9220945083014048
18,31,2,1331,1566.0,0.8499361430395913
18,32,0,1566,1599.0,0.9793621013133208
18,32,1,1599,1599.0,1.0
18,32,2,1331,1599.0,0.8323952470293934
18,33,0,1566,1634.0,0.9583843329253366
18,33,1,1634,1634.0,1.0
18,33,2,1331,1634.0,0.8145654834761322
18,34,0,1566,1674.0,0.9354838709677419
18,34,1,1674,1674.0,1.0
18,34,2,1331,1674.0,0.7951015531660693
18,35,0,1566,1744.0,0.8979357798165137
18,35,1,1674,1744.0,0.9598623853211009
18,35,2,1744,1744.0,1.0
18,36,0,1566,1781.0,0.8792813026389669
18,36,1,1674,1781.0,0.939921392476137
18,36,2,1781,1781.0,1.0
18,37,0,1566,1825.0,0.8580821917808219
18,37,1,1674,1825.0,0.9172602739726028
18,37,2,1825,1825.0,1.0
18,38,0,1566,1862.0,0.841031149301826
18,38,1,1674,1862.0,0.8990332975295381
18,38,2,1862,1862.0,1.0
18,39,0,1566,1895.0,0.8263852242744063
18,39,1,1895,1895.0,1.0
18,39,2,1862,1895.0,0.9825857519788919
18,40,0,1566,1938.0,0.8080495356037152
18,40,1,1938,1938.0,1.0
18,40,2,1862,1938.0,0.9607843137254902
18,41,0,1566,1974.0,0.7933130699088146
18,41,1,1938,1974.0,0.9817629179331308
18,41,2,1974,1974.0,1.0
18,42,0,1566,2043.0,0.7665198237885462
18,42,1,1938,2043.0,0.9486049926578561
18,42,2,2043,2043.0,1.0
18,43,0,1566,2081.0,0.7525228255646323
18,43,1,2081,2081.0,1.0
18,43,2,2043,2081.0,0.9817395482940894
18,44,0,1566,2135.0,0.7334894613583138
18,44,1,2081,2135.0,0.9747072599531615
18,44,2,2135,2135.0,1.0
18,45,0,1566,2195.0,0.7134396355353075
18,45,1,2081,2195.0,0.9480637813211845
18,45,2,2195,2195.0,1.0
18,46,0,1566,2232.0,0.7016129032258065
18,46,1,2232,2232.0,1.0
18,46,2,2195,2232.0,0.9834229390681004
18,47,0,1566,2276.0,0.68804920913884
18,47,1,2276,2276.0,1.0
18,47,2,2195,2276.0,0.9644112478031635
18,48,0,1566,2319.0,0.6752910737386805
18,48,1,2319,2319.0,1.0
18,48,2,2195,2319.0,0.9465286761535144
18,49,0,1566,2351.0,0.6660995321139941
18,49,1,2351,2351.0,1.0
18,49,2,2195,2351.0,0.9336452573373033
18,50,0,2423,2423.0,1.0
18,50,1,2351,2423.0,0.9702847709451093
18,50,2,2195,2423.0,0.905901774659513
18,51,0,2423,2478.0,0.9778046811945117
18,51,1,2351,2478.0,0.9487489911218725
18,51,2,2478,2478.0,1.0
18,52,0,2423,2552.0,0.9494514106583072
18,52,1,2351,2552.0,0.9212382445141066
18,52,2,2552,2552.0,1.0
18,53,0,2423,2602.0,0.931206764027671
18,53,1,2602,2602.0,1.0
18,53,2,2552,2602.0,0.9807840122982321
18,54,0,2423,2675.0,0.9057943925233645
18,54,1,2602,2675.0,0.9727102803738318
18,54,2,2675,2675.0,1.0
18,55,0,2423,2728.0,0.8881964809384164
18,55,1,2602,2728.0,0.9538123167155426
18,55,2,2728,2728.0,1.0
18,56,0,2423,2770.0,0.8747292418772563
18,56,1,2770,2770.0,1.0
18,56,2,2728,2770.0,0.9848375451263538
18,57,0,2423,2815.0,0.8607460035523978
18,57,1,2815,2815.0,1.0
18,57,2,2728,2815.0,0.9690941385435169
18,58,0,2423,2855.0,0.8486865148861646
18,58,1,2815,2855.0,0.9859894921190894
18,58,2,2855,2855.0,1.0
18,59,0,2423,2900.0,0.8355172413793104
18,59,1,2900,2900.0,1.0
18,59,2,2855,2900.0,0.9844827586206897
18,60,0,2423,2949.0,0.821634452356731
18,60,1,2949,2949.0,1.0
18,60,2,2855,2949.0,0.9681247880637505
18,61,0,2423,2999.0,0.8079359786595531
18,61,1,2999,2999.0,1.0
18,61,2,2855,2999.0,0.9519839946648883
18,62,0,2423,3036.0,0.7980895915678524
18,62,1,2999,3036.0,0.9878129117259552
18,62,2,3036,3036.0,1.0
18,63,0,2423,3090.0,0.7841423948220064
18,63,1,2999,3090.0,0.9705501618122977
18,63,2,3090,3090.0,1.0
18,64,0,2423,3163.0,0.7660448940878912
18,64,1,2999,3163.0,0.9481504900411002
18,64,2,3163,3163.0,1.0
18,65,0,2423,3208.0,0.7552992518703242
18,65,1,3208,3208.0,1.0
18,65,2,3163,3208.0,0.9859725685785536
18,66,0,2423,3277.0,0.7393957888312481
18,66,1,3208,3277.0,0.9789441562404638
18,66,2,3277,3277.0,1.0
18,67,0,2423,3319.0,0.7300391684242241
18,67,1,3319,3319.0,1.0
18,67,2,3277,3319.0,0.9873455860198855
18,68,0,2423,3352.0,0.7228520286396182
18,68,1,3352,3352.0,1.0
18,68,2,3277,3352.0,0.9776252983293556
18,69,0,2423,3385.0,0.7158050221565732
18,69,1,3385,3385.0,1.0
18,69,2,3277,3385.0,0.9680945347119646
18,70,0,2423,3427.0,0.7070323898453458
18,70,1,3427,3427.0,1.0
18,70,2,3277,3427.0,0.9562299387219142
18,71,0,2423,3471.0,0.6980697205416306
18,71,1,3471,3471.0,1.0
18,71,2,3277,3471.0,0.9441083261307981
18,72,0,2423,3521.0,0.6881567736438512
18,72,1,3521,3521.0,1.0
18,72,2,3277,3521.0,0.9307015052541892
18,73,0,2423,3557.0,0.6811920157436041
18,73,1,3557,3557.0,1.0
18,73,2,3277,3557.0,0.9212819791959517
18,74,0,2423,3613.0,0.670633822308331
18,74,1,3557,3613.0,0.9845004151674509
18,74,2,3613,3613.0,1.0
18,75,0,2423,3647.0,0.6643816835755415
18,75,1,3647,3647.0,1.0
18,75,2,3613,3647.0,0.9906772689882095
18,76,0,2423,3697.0,0.6553962672437111
18,76,1,3647,3697.0,0.9864755206924534
18,76,2,3697,3697.0,1.0
18,77,0,2423,3742.0,0.6475146980224479
18,77,1,3742,3742.0,1.0
18,77,2,3697,3742.0,0.9879743452699091
18,78,0,2423,3808.0,0.6362920168067226
18,78,1,3742,3808.0,0.9826680672268907
18,78,2,3808,3808.0,1.0
18,79,0,2423,3881.0,0.6243236279309456
18,79,1,3742,3881.0,0.964184488533883
18,79,2,3881,3881.0,1.0
18,80,0,2423,3910.0,0.619693094629156
18,80,1,3910,3910.0,1.0
18,80,2,3881,3910.0,0.9925831202046036
18,81,0,2423,3952.0,0.6131072874493927
18,81,1,3910,3952.0,0.9893724696356275
18,81,2,3952,3952.0,1.0
18,82,0,2423,3990.0,0.6072681704260652
18,82,1,3910,3990.0,0.9799498746867168
18,82,2,3990,3990.0,1.0
18,83,0,2423,4040.0,0.5997524752475247
18,83,1,4040,4040.0,1.0
18,83,2,3990,4040.0,0.9876237623762376
18,84,0,2423,4077.0,0.5943095413294088
18,84,1,4077,4077.0,1.0
18,84,2,3990,4077.0,0.9786607799852833
18,85,0,2423,4109.0,0.5896811876368946
18,85,1,4109,4109.0,1.0
18,85,2,3990,4109.0,0.9710391822827938
18,86,0,2423,4149.0,0.583996143649072
18,86,1,4149,4149.0,1.0
18,86,2,3990,4149.0,0.9616775126536515
18,87,0,2423,4190.0,0.5782816229116945
18,87,1,4190,4190.0,1.0
18,87,2,3990,4190.0,0.9522673031026253
18,88,0,2423,4226.0,0.5733554188357786
18,88,1,4226,4226.0,1.0
18,88,2,3990,4226.0,0.9441552295314718
18,89,0,2423,4269.0,0.5675802295619583
18,89,1,4269,4269.0,1.0
18,89,2,3990,4269.0,0.9346451159522137
18,90,0,2423,4320.0,0.5608796296296297
18,90,1,4269,4320.0,0.9881944444444445
18,90,2,4320,4320.0,1.0
18,91,0,2423,4359.0,0.5558614361091994
18,91,1,4359,4359.0,1.0
18,91,2,4320,4359.0,0.9910529938059188
18,92,0,4430,4430.0,1.0
18,92,1,4359,4430.0,0.9839729119638826
18,92,2,4320,4430.0,0.9751693002257337
18,93,0,4430,4494.0,0.9857587894971073
18,93,1,4359,4494.0,0.9699599465954606
18,93,2,4494,4494.0,1.0
18,94,0,4430,4536.0,0.9766313932980599
18,94,1,4359,4536.0,0.9609788359788359
18,94,2,4536,4536.0,1.0
18,95,0,4430,4562.0,0.9710653222270934
18,95,1,4562,4562.0,1.0
18,95,2,4536,4562.0,0.9943007452871547
18,96,0,4430,4598.0,0.9634623749456286
18,96,1,4562,4598.0,0.9921705089169204
18,96,2,4598,4598.0,1.0
18,97,0,4430,4631.0,0.9565968473331894
18,97,1,4631,4631.0,1.0
18,97,2,4598,4631.0,0.9928741092636579
18,98,0,4430,4676.0,0.9473909324208726
18,98,1,4676,4676.0,1.0
18,98,2,4598,4676.0,0.9833190761334474
18,99,0,4430,4732.0,0.9361792054099747
18,99,1,4676,4732.0,0.9881656804733728
18,99,2,4732,4732.0,1.0
18,100,0,4430,4773.0,0.9281374397653468
18,100,1,4773,4773.0,1.0
18,100,2,4732,4773.0,0.9914100146658286
18,101,0,4430,4812.0,0.9206151288445553
18,101,1,4773,4812.0,0.9918952618453866
18,101,2,4812,4812.0,1.0
18,102,0,4887,4887.0,1.0
18,102,1,4773,4887.0,0.9766728054020871
18,102,2,4812,4887.0,0.9846531614487416
18,103,0,4887,4932.0,0.9908759124087592
18,103,1,4932,4932.0,1.0
18,103,2,4812,4932.0,0.975669099756691
18,104,0,4887,4962.0,0.9848851269649335
18,104,1,4962,4962.0,1.0
18,104,2,4812,4962.0,0.969770253929867
18,105,0,4887,5030.0,0.9715705765407555
18,105,1,4962,5030.0,0.9864811133200795
18,105,2,5030,5030.0,1.0
18,106,0,4887,5086.0,0.9608729846637829
18,106,1,4962,5086.0,0.9756193472276838
18,106,2,5086,5086.0,1.0
18,107,0,4887,5124.0,0.9537470725995316
18,107,1,5124,5124.0,1.0
18,107,2,5086,5124.0,0.992583918813427
18,108,0,4887,5155.0,0.948011639185257
18,108,1,5155,5155.0,1.0
18,108,2,5086,5155.0,0.9866149369544132
18,109,0,4887,5197.0,0.9403502020396383
18,109,1,5197,5197.0,1.0
18,109,2,5086,5197.0,0.9786415239561286
18,110,0,4887,5234.0,0.9337027130301873
18,110,1,5234,5234.0,1.0
18,110,2,5086,5234.0,0.9717233473442873
18,111,0,4887,5276.0,0.9262699014404853
18,111,1,5276,5276.0,1.0
18,111,2,5086,5276.0,0.9639878695981804
18,112,0,4887,5308.0,0.9206857573474001
18,112,1,5308,5308.0,1.0
18,112,2,5086,5308.0,0.9581763376036172
18,113,0,4887,5348.0,0.9137995512341062
18,113,1,5308,5348.0,0.9925205684367988
18,113,2,5348,5348.0,1.0
18,114,0,4887,5378.0,0.9087021197471179
18,114,1,5378,5378.0,1.0
18,114,2,5348,5378.0,0.9944217181108219
18,115,0,4887,5428.0,0.9003316138540899
18,115,1,5378,5428.0,0.9907885040530582
18,115,2,5428,5428.0,1.0
18,116,0,4887,5488.0,0.8904883381924198
18,116,1,5378,5488.0,0.9799562682215743
18,116,2,5488,5488.0,1.0
18,117,0,4887,5556.0,0.8795896328293736
18,117,1,5378,5556.0,0.9679625629949604
18,117,2,5556,5556.0,1.0
18,118,0,4887,5599.0,0.8728344347204858
18,118,1,5599,5599.0,1.0
18,118,2,5556,5599.0,0.992320057153063
18,119,0,4887,5645.0,0.8657218777679362
18,119,1,5645,5645.0,1.0
18,119,2,5556,5645.0,0.9842338352524358
18,120,0,4887,5693.0,0.8584226242754259
18,120,1,5693,5693.0,1.0
18,120,2,5556,5693.0,0.9759353592130687
18,121,0,4887,5735.0,0.8521360069747167
18,121,1,5735,5735.0,1.0
18,121,2,5556,5735.0,0.9687881429816914
18,122,0,4887,5767.0,0.8474076642968614
18,122,1,5767,5767.0,1.0
18,122,2,5556,5767.0,0.9634125195075429
18,123,0,4887,5815.0,0.8404127257093723
18,123,1,5815,5815.0,1.0
18,123,2,5556,5815.0,0.9554600171969045
18,124,0,4887,5854.0,0.8348138025281858
18,124,1,5815,5854.0,0.9933378886231636
18,124,2,5854,5854.0,1.0
18,125,0,4887,5897.0,0.8287264710869934
18,125,1,5815,5897.0,0.9860946243852806
18,125,2,5897,5897.0,1.0
18,126,0,4887,5940.0,0.8227272727272728
18,126,1,5940,5940.0,1.0
18,126,2,5897,5940.0,0.9927609427609427
18,127,0,4887,5986.0,0.8164049448713665
18,127,1,5986,5986.0,1.0
18,127,2,5897,5986.0,0.9851319746074173
18,128,0,4887,6027.0,0.8108511697361872
18,128,1,6027,6027.0,1.0
18,128,2,5897,6027.0,0.9784303965488634
18,129,0,4887,6065.0,0.8057708161582853
18,129,1,6065,6065.0,1.0
18,129,2,5897,6065.0,0.9723000824402308
18,130,0,4887,6095.0,0.8018047579983593
18,130,1,6095,6095.0,1.0
18,130,2,5897,6095.0,0.9675143560295324
18,131,0,4887,6137.0,0.7963174189343327
18,131,1,6137,6137.0,1.0
18,131,2,5897,6137.0,0.9608929444353919
18,132,0,4887,6181.0,0.7906487623361915
18,132,1,6181,6181.0,1.0
18,132,2,5897,6181.0,0.9540527422747128
18,133,0,4887,6217.0,0.7860704519864886
18,133,1,6181,6217.0,0.9942094257680554
18,133,2,6217,6217.0,1.0
18,134,0,4887,6262.0,0.7804215905461513
18,134,1,6262,6262.0,1.0
18,134,2,6217,6262.0,0.9928137975087832
19,1,0,23,23.0,1.0
19,1,1,0,23.0,0.0
19,1,2,0,23.0,0.0
19,2,0,73,73.0,1.0
19,2,1,0,73.0,0.0
19,2,2,0,73.0,0.0
19,3,0,124,124.0,1.0
19,3,1,0,124.0,0.0
19,3,2,0,124.0,0.0
19,4,0,186,186.0,1.0
19,4,1,0,186.0,0.0
19,4,2,0,186.0,0.0
19,5,0,247,247.0,1.0
19,5,1,0,247.0,0.0
19,5,2,0,247.0,0.0
19,6,0,247,262.0,0.9427480916030534
19,6,1,262,262.0,1.0
19,6,2,0,262.0,0.0
19,7,0,338,338.0,1.0
19,7,1,262,338.0,0.7751479289940828
19,7,2,0,338.0,0.0
19,8,0,338,371.0,0.9110512129380054
19,8,1,371,371.0,1.0
19,8,2,0,371.0,0.0
19,9,0,442,442.0,1.0
19,9,1,371,442.0,0.8393665158371041
19,9,2,0,442.0,0.0
19,10,0,442,472.0,0.9364406779661016
19,10,1,472,472.0,1.0
19,10,2,0,472.0,0.0
19,11,0,442,500.0,0.884
19,11,1,500,500.0,1.0
19,11,2,0,500.0,0.0
19,12,0,442,540.0,0.8185185185185185
19,12,1,540,540.0,1.0
19,12,2,0,540.0,0.0
19,13,0,611,611.0,1.0
19,13,1,540,611.0,0.88379705400982
19,13,2,0,611.0,0.0
19,14,0,691,691.0,1.0
19,14,1,540,691.0,0.7814761215629522
19,14,2,0,691.0,0.0
19,15,0,750,750.0,1.0
19,15,1,540,750.0,0.72
19,15,2,0,750.0,0.0
19,16,0,808,808.0,1.0
19,16,1,540,808.0,0.6683168316831684
19,16,2,0,808.0,0.0
19,17,0,808,837.0,0.965352449223417
19,17,1,540,837.0,0.6451612903225806
19,17,2,837,837.0,1.0
19,18,0,912,912.0,1.0
19,18,1,540,912.0,0.5921052631578947
19,18,2,837,912.0,0.9177631578947368
19,19,0,992,992.0,1.0
19,19,1,540,992.0,0.5443548387096774
19,19,2,837,992.0,0.84375
19,20,0,992,1035.0,0.9584541062801932
19,20,1,1035,1035.0,1.0
19,20,2,837,1035.0,0.808695652173913
19,21,0,1116,1116.0,1.0
19,21,1,1035,1116.0,0.9274193548387096
19,21,2,837,1116.0,0.75
19,22,0,1156,1156.0,1.0
19,22,1,1035,1156.0,0.8953287197231834
19,22,2,837,1156.0,0.7240484429065744
19,23,0,1156,1198.0,0.9649415692821369
19,23,1,1198,1198.0,1.0
19,23,2,837,1198.0,0.6986644407345576
19,24,0,1156,1233.0,0.9375506893755069
19,24,1,1198,1233.0,0.9716139497161395
19,24,2,1233,1233.0,1.0
19,25,0,1156,1269.0,0.9109535066981875
19,25,1,1269,1269.0,1.0
19,25,2,1233,1269.0,0.9716312056737588
19,26,0,1328,1328.0,1.0
19,26,1,1269,1328.0,0.9555722891566265
19,26,2,1233,1328.0,0.9284638554216867
19,27,0,1328,1378.0,0.9637155297532656
19,27,1,1269,1378.0,0.920899854862119
19,27,2,1378,1378.0,1.0
19,28,0,1328,1428.0,0.9299719887955182
19,28,1,1428,1428.0,1.0
19,28,2,1378,1428.0,0.9649859943977591
19,29,0,1328,1463.0,0.9077238550922762
19,29,1,1463,1463.0,1.0
19,29,2,1378,1463.0,0.9419002050580998
19,30,0,1328,1511.0,0.8788881535407015
19,30,1,1463,1511.0,0.9682329583057577
19,30,2,1511,1511.0,1.0
19,31,0,1328,1556.0,0.8534704370179949
19,31,1,1556,1556.0,1.0
19,31,2,1511,1556.0,0.9710796915167095
19,32,0,1328,1592.0,0.8341708542713567
19,32,1,1592,1592.0,1.0
19,32,2,1511,1592.0,0.9491206030150754
19,33,0,1328,1622.0,0.8187422934648582
19,33,1,1622,1622.0,1.0
19,33,2,1511,1622.0,0.9315659679408138
19,34,0,1328,1658.0,0.8009650180940893
19,34,1,1658,1658.0,1.0
19,34,2,1511,1658.0,0.9113389626055488
19,35,0,1328,1698.0,0.7820965842167256
19,35,1,1698,1698.0,1.0
19,35,2,1511,1698.0,0.8898704358068316
19,36,0,1328,1748.0,0.7597254004576659
19,36,1,1698,1748.0,0.971395881006865
19,36,2,1748,1748.0,1.0
19,37,0,1328,1817.0,0.7308750687947165
19,37,1,1698,1817.0,0.9345074298293891
19,37,2,1817,1817.0,1.0
19,38,0,1328,1890.0,0.7026455026455026
19,38,1,1698,1890.0,0.8984126984126984
19,38,2,1890,1890.0,1.0
19,39,0,1328,1929.0,0.6884396060134785
19,39,1,1698,1929.0,0.880248833592535
19,39,2,1929,1929.0,1.0
19,40,0,1328,1972.0,0.6734279918864098
19,40,1,1972,1972.0,1.0
19,40,2,1929,1972.0,0.9781947261663286
19,41,0,1328,2023.0,0.6564508156203658
19,41,1,1972,2023.0,0.9747899159663865
19,41,2,2023,2023.0,1.0
19,42,0,1328,2083.0,0.6375420067210754
19,42,1,1972,2083.0,0.9467114738358138
19,42,2,2083,2083.0,1.0
19,43,0,2155,2155.0,1.0
19,43,1,1972,2155.0,0.9150812064965197
19,43,2,2083,2155.0,0.9665893271461717
19,44,0,2214,2214.0,1.0
19,44,1,1972,2214.0,0.8906955736224029
19,44,2,2083,2214.0,0.9408310749774165
19,45,0,2214,2284.0,0.9693520140105079
19,45,1,1972,2284.0,0.8633975481611208
19,45,2,2284,2284.0,1.0
19,46,0,2214,2318.0,0.9551337359792925
19,46,1,2318,2318.0,1.0
19,46,2,2284,2318.0,0.9853321829163072
19,47,0,2214,2360.0,0.938135593220339
19,47,1,2318,2360.0,0.9822033898305085
19,47,2,2360,2360.0,1.0
19,48,0,2214,2405.0,0.9205821205821206
19,48,1,2405,2405.0,1.0
19,48,2,2360,2405.0,0.9812889812889813
19,49,0,2214,2442.0,0.9066339066339066
19,49,1,2405,2442.0,0.9848484848484849
19,49,2,2442,2442.0,1.0
19,50,0,2214,2481.0,0.8923821039903265
19,50,1,2405,2481.0,0.9693671906489318
19,50,2,2481,2481.0,1.0
19,51,0,2214,2514.0,0.8806682577565632
19,51,1,2514,2514.0,1.0
19,51,2,2481,2514.0,0.986873508353222
19,52,0,2214,2557.0,0.865858427845131
19,52,1,2557,2557.0,1.0
19,52,2,2481,2557.0,0.9702776691435275
19,53,0,2214,2613.0,0.8473019517795637
19,53,1,2557,2613.0,0.9785686949866055
19,53,2,2613,2613.0,1.0
19,54,0,2214,2656.0,0.8335843373493976
19,54,1,2656,2656.0,1.0
19,54,2,2613,2656.0,0.9838102409638554
19,55,0,2697,2697.0,1.0
19,55,1,2656,2697.0,0.9847979236188358
19,55,2,2613,2697.0,0.9688542825361512
19,56,0,2697,2747.0,0.981798325445941
19,56,1,2747,2747.0,1.0
19,56,2,2613,2747.0,0.9512195121951219
19,57,0,2697,2789.0,0.967013266403729
19,57,1,2789,2789.0,1.0
19,57,2,2613,2789.0,0.9368949444245249
19,58,0,2697,2821.0,0.9560439560439561
19,58,1,2821,2821.0,1.0
19,58,2,2613,2821.0,0.9262672811059908
19,59,0,2697,2867.0,0.9407045692361353
19,59,1,2867,2867.0,1.0
19,59,2,2613,2867.0,0.9114056505057552
19,60,0,2697,2900.0,0.93
19,60,1,2900,2900.0,1.0
19,60,2,2613,2900.0,0.9010344827586206
19,61,0,2697,2937.0,0.9182839632277835
19,61,1,2900,2937.0,0.9874021109976167
19,61,2,2937,2937.0,1.0
19,62,0,2697,2982.0,0.9044265593561368
19,62,1,2900,2982.0,0.9725016767270288
19,62,2,2982,2982.0,1.0
19,63,0,2697,3012.0,0.8954183266932271
19,63,1,3012,3012.0,1.0
19,63,2,2982,3012.0,0.9900398406374502
19,64,0,2697,3040.0,0.8871710526315789
19,64,1,3040,3040.0,1.0
19,64,2,2982,3040.0,0.9809210526315789
19,65,0,2697,3084.0,0.8745136186770428
19,65,1,3084,3084.0,1.0
19,65,2,2982,3084.0,0.9669260700389105
19,66,0,2697,3130.0,0.8616613418530351
19,66,1,3130,3130.0,1.0
19,66,2,2982,3130.0,0.9527156549520767
19,67,0,2697,3173.0,0.8499842420422313
19,67,1,3130,3173.0,0.9864481563189411
19,67,2,3173,3173.0,1.0
19,68,0,2697,3229.0,0.8352431093217715
19,68,1,3130,3229.0,0.96934035305048
19,68,2,3229,3229.0,1.0
19,69,0,2697,3286.0,0.8207547169811321
19,69,1,3130,3286.0,0.9525258673158856
19,69,2,3286,3286.0,1.0
19,70,0,2697,3327.0,0.8106402164111812
19,70,1,3327,3327.0,1.0
19,70,2,3286,3327.0,0.9876765855124737
19,71,0,2697,3360.0,0.8026785714285715
19,71,1,3360,3360.0,1.0
19,71,2,3286,3360.0,0.9779761904761904
19,72,0,2697,3404.0,0.7923031727379554
19,72,1,3404,3404.0,1.0
19,72,2,3286,3404.0,0.9653349001175088
19,73,0,2697,3437.0,0.7846959557753855
19,73,1,3437,3437.0,1.0
19,73,2,3286,3437.0,0.956066336921734
19,74,0,2697,3478.0,0.7754456584243818
19,74,1,3437,3478.0,0.9882116158711903
19,74,2,3478,3478.0,1.0
19,75,0,2697,3544.0,0.7610045146726863
19,75,1,3437,3544.0,0.9698081264108352
19,75,2,3544,3544.0,1.0
19,76,0,3607,3607.0,1.0
19,76,1,3437,3607.0,0.9528694205711117
19,76,2,3544,3607.0,0.982533961741059
19,77,0,3607,3650.0,0.9882191780821917
19,77,1,3650,3650.0,1.0
19,77,2,3544,3650.0,0.9709589041095891
19,78,0,3607,3688.0,0.9780368763557483
19,78,1,3688,3688.0,1.0
19,78,2,3544,3688.0,0.9609544468546638
19,79,0,3607,3761.0,0.9590534432331826
19,79,1,3688,3761.0,0.9805902685455996
19,79,2,3761,3761.0,1.0
19,80,0,3607,3796.0,0.9502107481559536
19,80,1,3796,3796.0,1.0
19,80,2,3761,3796.0,0.9907797681770284
19,81,0,3607,3859.0,0.9346981083182172
19,81,1,3796,3859.0,0.9836745270795543
19,81,2,3859,3859.0,1.0
19,82,0,3607,3896.0,0.9258213552361396
19,82,1,3796,3896.0,0.9743326488706365
19,82,2,3896,3896.0,1.0
19,83,0,3607,3933.0,0.9171116196287821
19,83,1,3933,3933.0,1.0
19,83,2,3896,3933.0,0.9905924230867023
19,84,0,3607,3973.0,0.9078781776994714
19,84,1,3973,3973.0,1.0
19,84,2,3896,3973.0,0.9806191794613642
19,85,0,3607,4013.0,0.8988288063792674
19,85,1,4013,4013.0,1.0
19,85,2,3896,4013.0,0.9708447545477199
19,86,0,3607,4058.0,0.8888615081320848
19,86,1,4058,4058.0,1.0
19,86,2,3896,4058.0,0.9600788565795959
19,87,0,3607,4094.0,0.8810454323400098
19,87,1,4058,4094.0,0.9912066438690766
19,87,2,4094,4094.0,1.0
19,88,0,3607,4135.0,0.8723095525997582
19,88,1,4135,4135.0,1.0
19,88,2,4094,4135.0,0.9900846432889964
19,89,0,3607,4168.0,0.8654030710172744
19,89,1,4135,4168.0,0.9920825335892515
19,89,2,4168,4168.0,1.0
19,90,0,3607,4210.0,0.856769596199525
19,90,1,4210,4210.0,1.0
19,90,2,4168,4210.0,0.9900237529691212
19,91,0,3607,4279.0,0.8429539612058893
19,91,1,4210,4279.0,0.9838747370881047
19,91,2,4279,4279.0,1.0
19,92,0,3607,4313.0,0.8363088337584048
19,92,1,4313,4313.0,1.0
19,92,2,4279,4313.0,0.9921168560166937
19,93,0,3607,4351.0,0.8290048264766721
19,93,1,4351,4351.0,1.0
19,93,2,4279,4351.0,0.9834520799816134
19,94,0,3607,4400.0,0.8197727272727273
19,94,1,4400,4400.0,1.0
19,94,2,4279,4400.0,0.9725
19,95,0,3607,4445.0,0.8114735658042744
19,95,1,4445,4445.0,1.0
19,95,2,4279,4445.0,0.9626546681664792
19,96,0,3607,4495.0,0.8024471635150167
19,96,1,4495,4495.0,1.0
19,96,2,4279,4495.0,0.9519466073414905
19,97,0,3607,4549.0,0.7929215212134535
19,97,1,4495,4549.0,0.9881292591778413
19,97,2,4549,4549.0,1.0
19,98,0,3607,4599.0,0.7843009349858665
19,98,1,4599,4599.0,1.0
19,98,2,4549,4599.0,0.9891280713198521
19,99,0,3607,4636.0,0.7780414150129422
19,99,1,4636,4636.0,1.0
19,99,2,4549,4636.0,0.9812338222605694
19,100,0,3607,4678.0,0.7710560068405301
19,100,1,4678,4678.0,1.0
19,100,2,4549,4678.0,0.9724241128687473
19,101,0,3607,4716.0,0.7648430873621713
19,101,1,4716,4716.0,1.0
19,101,2,4549,4716.0,0.9645886344359627
19,102,0,3607,4766.0,0.7568191355434326
19,102,1,4766,4766.0,1.0
19,102,2,4549,4766.0,0.9544691565253882
19,103,0,3607,4806.0,0.7505201831044528
19,103,1,4766,4806.0,0.9916770703287557
19,103,2,4806,4806.0,1.0
19,104,0,3607,4848.0,0.7440181518151815
19,104,1,4766,4848.0,0.983085808580858
19,104,2,4848,4848.0,1.0
19,105,0,3607,4885.0,0.7383828045035824
19,105,1,4885,4885.0,1.0
19,105,2,4848,4885.0,0.9924257932446264
19,106,0,3607,4933.0,0.7311980539225623
19,106,1,4933,4933.0,1.0
19,106,2,4848,4933.0,0.982769106020677
19,107,0,3607,4970.0,0.7257545271629778
19,107,1,4970,4970.0,1.0
19,107,2,4848,4970.0,0.9754527162977867
19,108,0,3607,5019.0,0.7186690575811915
19,108,1,4970,5019.0,0.9902370990237099
19,108,2,5019,5019.0,1.0
19,109,0,3607,5056.0,0.7134098101265823
19,109,1,5056,5056.0,1.0
19,109,2,5019,5056.0,0.9926819620253164
19,110,0,3607,5105.0,0.7065621939275221
19,110,1,5105,5105.0,1.0
19,110,2,5019,5105.0,0.9831537708129285
19,111,0,3607,5166.0,0.6982191250483933
19,111,1,5105,5166.0,0.9881920247773907
19,111,2,5166,5166.0,1.0
19,112,0,3607,5198.0,0.6939207387456714
19,112,1,5198,5198.0,1.0
19,112,2,5166,5198.0,0.993843786071566
19,113,0,3607,5239.0,0.6884901698797481
19,113,1,5239,5239.0,1.0
19,113,2,5166,5239.0,0.9860660431380034
19,114,0,3607,5294.0,0.6813373630525122
19,114,1,5239,5294.0,0.9896108802417831
19,114,2,5294,5294.0,1.0
19,115,0,3607,5367.0,0.6720700577603875
19,115,1,5239,5367.0,0.9761505496553009
19,115,2,5367,5367.0,1.0
19,116,0,3607,5415.0,0.666112650046168
19,116,1,5415,5415.0,1.0
19,116,2,5367,5415.0,0.9911357340720222
19,117,0,3607,5459.0,0.660743725957135
19,117,1,5459,5459.0,1.0
19,117,2,5367,5459.0,0.9831470965378274
19,118,0,3607,5504.0,0.6553415697674418
19,118,1,5504,5504.0,1.0
19,118,2,5367,5504.0,0.975109011627907
19,119,0,3607,5546.0,0.650378651280202
19,119,1,5546,5546.0,1.0
19,119,2,5367,5546.0,0.9677244861161197
19,120,0,3607,5610.0,0.6429590017825312
19,120,1,5546,5610.0,0.9885918003565063
19,120,2,5610,5610.0,1.0
19,121,0,3607,5678.0,0.6352588939767524
19,121,1,5546,5678.0,0.9767523775977457
19,121,2,5678,5678.0,1.0
19,122,0,3607,5708.0,0.6319201121233357
19,122,1,5708,5708.0,1.0
19,122,2,5678,5708.0,0.9947442186405046
19,123,0,3607,5749.0,0.6274134632109932
19,123,1,5749,5749.0,1.0
19,123,2,5678,5749.0,0.9876500260914942
19,124,0,3607,5803.0,0.6215750473892814
19,124,1,5749,5803.0,0.9906944683784249
19,124,2,5803,5803.0,1.0
19,125,0,3607,5845.0,0.6171086398631309
19,125,1,5845,5845.0,1.0
19,125,2,5803,5845.0,0.9928143712574851
19,126,0,3607,5876.0,0.613852961198094
19,126,1,5876,5876.0,1.0
19,126,2,5803,5876.0,0.987576582709326
19,127,0,3607,5917.0,0.609599459185398
19,127,1,5876,5917.0,0.9930708129119487
19,127,2,5917,5917.0,1.0
19,128,0,3607,5982.0,0.6029755934470077
19,128,1,5876,5982.0,0.9822801738548981
19,128,2,5982,5982.0,1.0
19,129,0,3607,6051.0,0.5960998182118659
19,129,1,5876,6051.0,0.971079160469344
19,129,2,6051,6051.0,1.0
19,130,0,3607,6086.0,0.5926717055537298
19,130,1,5876,6086.0,0.9654945777193559
19,130,2,6086,6086.0,1.0
19,131,0,3607,6136.0,0.5878422425032594
19,131,1,6136,6136.0,1.0
19,131,2,6086,6136.0,0.991851368970013
19,132,0,3607,6174.0,0.5842241658568189
19,132,1,6174,6174.0,1.0
19,132,2,6086,6174.0,0.9857466796242307
19,133,0,3607,6200.0,0.5817741935483871
19,133,1,6200,6200.0,1.0
19,133,2,6086,6200.0,0.9816129032258064
19,134,0,3607,6232.0,0.5787869062901155
19,134,1,6232,6232.0,1.0
19,134,2,6086,6232.0,0.9765725288831836
20,1,0,36,36.0,1.0
20,1,1,0,36.0,0.0
20,1,2,0,36.0,0.0
20,2,0,116,116.0,1.0
20,2,1,0,116.0,0.0
20,2,2,0,116.0,0.0
20,3,0,174,174.0,1.0
20,3,1,0,174.0,0.0
20,3,2,0,174.0,0.0
20,4,0,239,239.0,1.0
20,4,1,0,239.0,0.0
20,4,2,0,239.0,0.0
20,5,0,299,299.0,1.0
20,5,1,0,299.0,0.0
20,5,2,0,299.0,0.0
20,6,0,299,314.0,0.9522292993630573
20,6,1,314,314.0,1.0
20,6,2,0,314.0,0.0
20,7,0,385,385.0,1.0
20,7,1,314,385.0,0.8155844155844156
20,7,2,0,385.0,0.0
20,8,0,456,456.0,1.0
20,8,1,314,456.0,0.6885964912280702
20,8,2,0,456.0,0.0
20,9,0,456,481.0,0.9480249480249481
20,9,1,314,481.0,0.6528066528066528
20,9,2,481,481.0,1.0
20,10,0,557,557.0,1.0
20,10,1,314,557.0,0.5637342908438061
20,10,2,481,557.0,0.8635547576301615
20,11,0,612,612.0,1.0
20,11,1,314,612.0,0.5130718954248366
20,11,2,481,612.0,0.7859477124183006
20,12,0,612,649.0,0.9429892141756548
20,12,1,649,649.0,1.0
20,12,2,481,649.0,0.7411402157164869
20,13,0,721,721.0,1.0
20,13,1,649,721.0,0.9001386962552012
20,13,2,481,721.0,0.6671289875173371
20,14,0,721,754.0,0.9562334217506632
20,14,1,754,754.0,1.0
20,14,2,481,754.0,0.6379310344827587
20,15,0,828,828.0,1.0
20,15,1,754,828.0,0.9106280193236715
20,15,2,481,828.0,0.5809178743961353
20,16,0,894,894.0,1.0
20,16,1,754,894.0,0.843400447427293
20,16,2,481,894.0,0.5380313199105146
20,17,0,950,950.0,1.0
20,17,1,754,950.0,0.7936842105263158
20,17,2,481,950.0,0.5063157894736842
20,18,0,950,993.0,0.9566968781470292
20,18,1,993,993.0,1.0
20,18,2,481,993.0,0.48439073514602216
20,19,0,950,1029.0,0.923226433430515
20,19,1,1029,1029.0,1.0
20,19,2,481,1029.0,0.467444120505345
20,20,0,950,1066.0,0.8911819887429644
20,20,1,1029,1066.0,0.9652908067542214
20,20,2,1066,1066.0,1.0
20,21,0,950,1101.0,0.8628519527702089
20,21,1,1101,1101.0,1.0
20,21,2,1066,1101.0,0.9682107175295186
20,22,0,950,1137.0,0.8355321020228672
20,22,1,1137,1137.0,1.0
20,22,2,1066,1137.0,0.9375549692172384
20,23,0,950,1167.0,0.8140531276778064
20,23,1,1167,1167.0,1.0
20,23,2,1066,1167.0,0.9134532990574121
20,24,0,950,1222.0,0.7774140752864157
20,24,1,1167,1222.0,0.9549918166939444
20,24,2,1222,1222.0,1.0
20,25,0,950,1272.0,0.7468553459119497
20,25,1,1272,1272.0,1.0
20,25,2,1222,1272.0,0.960691823899371
20,26,0,1335,1335.0,1.0
20,26,1,1272,1335.0,0.952808988764045
20,26,2,1222,1335.0,0.9153558052434457
20,27,0,1335,1369.0,0.9751643535427319
20,27,1,1272,1369.0,0.929145361577794
20,27,2,1369,1369.0,1.0
20,28,0,1428,1428.0,1.0
20,28,1,1272,1428.0,0.8907563025210085
20,28,2,1369,1428.0,0.9586834733893558
20,29,0,1428,1473.0,0.9694501018329938
20,29,1,1473,1473.0,1.0
20,29,2,1369,1473.0,0.9293957909029192
20,30,0,1428,1507.0,0.9475779694757797
20,30,1,1507,1507.0,1.0
20,30,2,1369,1507.0,0.9084273390842734
20,31,0,1428,1547.0,0.9230769230769231
20,31,1,1547,1547.0,1.0
20,31,2,1369,1547.0,0.8849385908209437
20,32,0,1428,1590.0,0.8981132075471698
20,32,1,1590,1590.0,1.0
20,32,2,1369,1590.0,0.8610062893081761
20,33,0,1428,1663.0,0.8586891160553217
20,33,1,1590,1663.0,0.9561034275405893
20,33,2,1663,1663.0,1.0
20,34,0,1428,1696.0,0.8419811320754716
20,34,1,1696,1696.0,1.0
20,34,2,1663,1696.0,0.9805424528301887
20,35,0,1777,1777.0,1.0
20,35,1,1696,1777.0,0.9544175576814856
20,35,2,1663,1777.0,0.935846933033202
20,36,0,1777,1807.0,0.9833978970669618
20,36,1,1807,1807.0,1.0
20,36,2,1663,1807.0,0.9203099059214167
20,37,0,1777,1852.0,0.9595032397408207
20,37,1,1807,1852.0,0.9757019438444925
20,37,2,1852,1852.0,1.0
20,38,0,1777,1897.0,0.9367422245651028
20,38,1,1897,1897.0,1.0
20,38,2,1852,1897.0,0.9762783342119136
20,39,0,1777,1957.0,0.9080224833929484
20,39,1,1897,1957.0,0.9693408277976495
20,39,2,1957,1957.0,1.0
20,40,0,1777,2003.0,0.8871692461308038
20,40,1,2003,2003.0,1.0
20,40,2,1957,2003.0,0.9770344483275087
20,41,0,1777,2053.0,0.8655625913297613
20,41,1,2053,2053.0,1.0
20,41,2,1957,2053.0,0.9532391622016562
20,42,0,1777,2095.0,0.8482100238663485
20,42,1,2095,2095.0,1.0
20,42,2,1957,2095.0,0.9341288782816229
20,43,0,2157,2157.0,1.0
20,43,1,2095,2157.0,0.971256374594344
20,43,2,1957,2157.0,0.9072786277236903
20,44,0,2157,2211.0,0.9755766621438263
20,44,1,2095,2211.0,0.947535052012664
20,44,2,2211,2211.0,1.0
20,45,0,2291,2291.0,1.0
20,45,1,2095,2291.0,0.9144478393714535
20,45,2,2211,2291.0,0.9650807507638586
20,46,0,2291,2339.0,0.9794784095767421
20,46,1,2095,2339.0,0.8956819153484396
20,46,2,2339,2339.0,1.0
20,47,0,2291,2375.0,0.9646315789473684
20,47,1,2375,2375.0,1.0
20,47,2,2339,2375.0,0.9848421052631579
20,48,0,2291,2420.0,0.9466942148760331
20,48,1,2420,2420.0,1.0
20,48,2,2339,2420.0,0.9665289256198347
20,49,0,2291,2460.0,0.9313008130081301
20,49,1,2460,2460.0,1.0
20,49,2,2339,2460.0,0.9508130081300813
20,50,0,2291,2533.0,0.9044611133043822
20,50,1,2460,2533.0,0.9711804184761152
20,50,2,2533,2533.0,1.0
20,51,0,2291,2577.0,0.8890182382615445
20,51,1,2460,2577.0,0.9545983701979045
20,51,2,2577,2577.0,1.0
20,52,0,2291,2620.0,0.8744274809160305
20,52,1,2620,2620.0,1.0
20,52,2,2577,2620.0,0.983587786259542
20,53,0,2291,2689.0,0.8519895872071402
20,53,1,2620,2689.0,0.9743399033097806
20,53,2,2689,2689.0,1.0
20,54,0,2291,2719.0,0.8425891872011769
20,54,1,2719,2719.0,1.0
20,54,2,2689,2719.0,0.9889665318131666
20,55,0,2291,2769.0,0.8273745034308415
20,55,1,2769,2769.0,1.0
20,55,2,2689,2769.0,0.9711087035030697
20,56,0,2291,2820.0,0.8124113475177305
20,56,1,2769,2820.0,0.9819148936170212
20,56,2,2820,2820.0,1.0
20,57,0,2291,2858.0,0.8016095171448565
20,57,1,2858,2858.0,1.0
20,57,2,2820,2858.0,0.986703988803359
20,58,0,2291,2902.0,0.7894555478980014
20,58,1,2902,2902.0,1.0
20,58,2,2820,2902.0,0.9717436250861475
20,59,0,2291,2931.0,0.7816444899351757
20,59,1,2931,2931.0,1.0
20,59,2,2820,2931.0,0.962128966223132
20,60,0,2291,2974.0,0.7703429724277068
20,60,1,2974,2974.0,1.0
20,60,2,2820,2974.0,0.9482178883658372
20,61,0,2291,3015.0,0.7598673300165838
20,61,1,2974,3015.0,0.9864013266998342
20,61,2,3015,3015.0,1.0
20,62,0,2291,3066.0,0.7472276581865623
20,62,1,2974,3066.0,0.9699934768427919
20,62,2,3066,3066.0,1.0
20,63,0,2291,3112.0,0.7361825192802056
20,63,1,3112,3112.0,1.0
20,63,2,3066,3112.0,0.9852185089974294
20,64,0,2291,3150.0,0.7273015873015873
20,64,1,3150,3150.0,1.0
20,64,2,3066,3150.0,0.9733333333333334
20,65,0,2291,3198.0,0.7163852407754847
20,65,1,3198,3198.0,1.0
20,65,2,3066,3198.0,0.9587242026266416
20,66,0,2291,3241.0,0.7068805924097501
20,66,1,3241,3241.0,1.0
20,66,2,3066,3241.0,0.9460043196544277
20,67,0,2291,3280.0,0.6984756097560976
20,67,1,3241,3280.0,0.988109756097561
20,67,2,3280,3280.0,1.0
20,68,0,2291,3323.0,0.6894372554920253
20,68,1,3241,3323.0,0.9753235028588625
20,68,2,3323,3323.0,1.0
20,69,0,2291,3393.0,0.6752136752136753
20,69,1,3241,3393.0,0.955201886236369
20,69,2,3393,3393.0,1.0
20,70,0,2291,3430.0,0.6679300291545189
20,70,1,3241,3430.0,0.9448979591836735
20,70,2,3430,3430.0,1.0
20,71,0,2291,3463.0,0.6615651169506208
20,71,1,3463,3463.0,1.0
20,71,2,3430,3463.0,0.9904706901530465
20,72,0,2291,3513.0,0.6521491602618844
20,72,1,3513,3513.0,1.0
20,72,2,3430,3513.0,0.9763734699686877
20,73,0,2291,3550.0,0.6453521126760563
20,73,1,3550,3550.0,1.0
20,73,2,3430,3550.0,0.9661971830985916
20,74,0,2291,3588.0,0.6385172798216276
20,74,1,3588,3588.0,1.0
20,74,2,3430,3588.0,0.9559643255295429
20,75,0,2291,3618.0,0.6332227750138197
20,75,1,3618,3618.0,1.0
20,75,2,3430,3618.0,0.9480375898286346
20,76,0,2291,3660.0,0.6259562841530054
20,76,1,3660,3660.0,1.0
20,76,2,3430,3660.0,0.9371584699453552
20,77,0,2291,3705.0,0.6183535762483131
20,77,1,3705,3705.0,1.0
20,77,2,3430,3705.0,0.9257759784075573
20,78,0,2291,3746.0,0.6115856914041644
20,78,1,3746,3746.0,1.0
20,78,2,3430,3746.0,0.9156433529097704
20,79,0,2291,3779.0,0.6062450383699391
20,79,1,3779,3779.0,1.0
20,79,2,3430,3779.0,0.9076475258004764
20,80,0,2291,3821.0,0.5995812614498822
20,80,1,3821,3821.0,1.0
20,80,2,3430,3821.0,0.8976707668149699
20,81,0,2291,3878.0,0.5907684373388344
20,81,1,3821,3878.0,0.9853017019082001
20,81,2,3878,3878.0,1.0
20,82,0,2291,3934.0,0.5823589222165735
20,82,1,3821,3934.0,0.9712760549059481
20,82,2,3934,3934.0,1.0
20,83,0,2291,3967.0,0.5775144945802874
20,83,1,3967,3967.0,1.0
20,83,2,3934,3967.0,0.991681371313335
20,84,0,2291,4004.0,0.5721778221778222
20,84,1,3967,4004.0,0.9907592407592407
20,84,2,4004,4004.0,1.0
20,85,0,2291,4053.0,0.5652603010115963
20,85,1,4053,4053.0,1.0
20,85,2,4004,4053.0,0.9879101899827288
20,86,0,2291,4098.0,0.5590531966813079
20,86,1,4098,4098.0,1.0
20,86,2,4004,4098.0,0.977061981454368
20,87,0,2291,4137.0,0.5537829344935944
20,87,1,4137,4137.0,1.0
20,87,2,4004,4137.0,0.9678510998307953
20,88,0,2291,4167.0,0.5497960163186945
20,88,1,4167,4167.0,1.0
20,88,2,4004,4167.0,0.960883129349652
20,89,0,2291,4199.0,0.5456060966896881
20,89,1,4199,4199.0,1.0
20,89,2,4004,4199.0,0.9535603715170279
20,90,0,2291,4265.0,0.5371629542790153
20,90,1,4199,4265.0,0.9845252051582649
20,90,2,4265,4265.0,1.0
20,91,0,2291,4298.0,0.5330386226151699
20,91,1,4199,4298.0,0.9769660307119591
20,91,2,4298,4298.0,1.0
20,92,0,2291,4348.0,0.5269089236430543
20,92,1,4199,4348.0,0.9657313707451702
20,92,2,4348,4348.0,1.0
20,93,0,2291,4390.0,0.5218678815489749
20,93,1,4199,4390.0,0.956492027334852
20,93,2,4390,4390.0,1.0
20,94,0,2291,4430.0,0.517155756207675
20,94,1,4430,4430.0,1.0
20,94,2,4390,4430.0,0.9909706546275395
20,95,0,4474,4474.0,1.0
20,95,1,4430,4474.0,0.9901654000894055
20,95,2,4390,4474.0,0.9812248547161377
20,96,0,4474,4511.0,0.9917978275326979
20,96,1,4511,4511.0,1.0
20,96,2,4390,4511.0,0.9731766792285524
20,97,0,4474,4552.0,0.9828646748681898
20,97,1,4552,4552.0,1.0
20,97,2,4390,4552.0,0.9644112478031635
20,98,0,4615,4615.0,1.0
20,98,1,4552,4615.0,0.9863488624052005
20,98,2,4390,4615.0,0.9512459371614301
20,99,0,4615,4648.0,0.9929001721170396
20,99,1,4648,4648.0,1.0
20,99,2,4390,4648.0,0.9444922547332186
20,100,0,4615,4679.0,0.9863218636460782
20,100,1,4679,4679.0,1.0
20,100,2,4390,4679.0,0.938234665526822
20,101,0,4615,4717.0,0.978376086495654
20,101,1,4717,4717.0,1.0
20,101,2,4390,4717.0,0.9306762772948908
20,102,0,4615,4757.0,0.9701492537313433
20,102,1,4757,4757.0,1.0
20,102,2,4390,4757.0,0.9228505360521337
20,103,0,4615,4797.0,0.962059620596206
20,103,1,4757,4797.0,0.9916614550760893
20,103,2,4797,4797.0,1.0
20,104,0,4615,4839.0,0.9537094441000207
20,104,1,4839,4839.0,1.0
20,104,2,4797,4839.0,0.9913205207687539
20,105,0,4615,4908.0,0.9403015484922576
20,105,1,4839,4908.0,0.9859413202933985
20,105,2,4908,4908.0,1.0
20,106,0,4615,4941.0,0.9340214531471362
20,106,1,4941,4941.0,1.0
20,106,2,4908,4941.0,0.9933211900425015
20,107,0,4615,4995.0,0.923923923923924
20,107,1,4941,4995.0,0.9891891891891892
20,107,2,4995,4995.0,1.0
20,108,0,4615,5033.0,0.9169481422610769
20,108,1,5033,5033.0,1.0
20,108,2,4995,5033.0,0.9924498311146434
20,109,0,4615,5070.0,0.9102564102564102
20,109,1,5070,5070.0,1.0
20,109,2,4995,5070.0,0.985207100591716
20,110,0,4615,5143.0,0.8973361851059692
20,110,1,5070,5143.0,0.9858059498347268
20,110,2,5143,5143.0,1.0
20,111,0,4615,5185.0,0.8900675024108003
20,111,1,5070,5185.0,0.9778206364513018
20,111,2,5185,5185.0,1.0
20,112,0,4615,5226.0,0.8830845771144279
20,112,1,5226,5226.0,1.0
20,112,2,5185,5226.0,0.9921546115575967
20,113,0,4615,5281.0,0.8738875213027836
20,113,1,5226,5281.0,0.989585305813293
20,113,2,5281,5281.0,1.0
20,114,0,4615,5312.0,0.8687876506024096
20,114,1,5312,5312.0,1.0
20,114,2,5281,5312.0,0.994164156626506
20,115,0,4615,5349.0,0.8627780893624977
20,115,1,5349,5349.0,1.0
20,115,2,5281,5349.0,0.9872873434286783
20,116,0,4615,5410.0,0.8530499075785583
20,116,1,5349,5410.0,0.988724584103512
20,116,2,5410,5410.0,1.0
20,117,0,4615,5454.0,0.8461679501283461
20,117,1,5454,5454.0,1.0
20,117,2,5410,5454.0,0.991932526585992
20,118,0,4615,5486.0,0.8412322274881516
20,118,1,5486,5486.0,1.0
20,118,2,5410,5486.0,0.986146554866934
20,119,0,4615,5522.0,0.8357479174212242
20,119,1,5486,5522.0,0.9934806229626947
20,119,2,5522,5522.0,1.0
20,120,0,4615,5581.0,0.8269127396523921
20,120,1,5486,5581.0,0.9829779609388999
20,120,2,5581,5581.0,1.0
20,121,0,4615,5649.0,0.8169587537617278
20,121,1,5486,5649.0,0.9711453354576031
20,121,2,5649,5649.0,1.0
20,122,0,4615,5691.0,0.8109295378668072
20,122,1,5691,5691.0,1.0
20,122,2,5649,5691.0,0.992619926199262
20,123,0,4615,5740.0,0.804006968641115
20,123,1,5740,5740.0,1.0
20,123,2,5649,5740.0,0.9841463414634146
20,124,0,4615,5781.0,0.7983047915585539
20,124,1,5781,5781.0,1.0
20,124,2,5649,5781.0,0.9771665801764401
20,125,0,4615,5813.0,0.7939102012730088
20,125,1,5813,5813.0,1.0
20,125,2,5649,5813.0,0.9717873731291932
20,126,0,4615,5862.0,0.7872739679290345
20,126,1,5813,5862.0,0.991641078130331
20,126,2,5862,5862.0,1.0
20,127,0,4615,5904.0,0.7816734417344173
20,127,1,5904,5904.0,1.0
20,127,2,5862,5904.0,0.9928861788617886
20,128,0,4615,5949.0,0.7757606320389981
20,128,1,5949,5949.0,1.0
20,128,2,5862,5949.0,0.9853756933938477
20,129,0,4615,5990.0,0.7704507512520868
20,129,1,5949,5990.0,0.9931552587646076
20,129,2,5990,5990.0,1.0
20,130,0,4615,6058.0,0.7618025751072961
20,130,1,5949,6058.0,0.9820072631231429
20,130,2,6058,6058.0,1.0
20,131,0,4615,6123.0,0.7537154989384289
20,131,1,5949,6123.0,0.9715825575698187
20,131,2,6123,6123.0,1.0
20,132,0,4615,6173.0,0.7476105621253848
20,132,1,6173,6173.0,1.0
20,132,2,6123,6173.0,0.9919002105945245
20,133,0,4615,6242.0,0.7393463633450817
20,133,1,6173,6242.0,0.9889458506888817
20,133,2,6242,6242.0,1.0
20,134,0,4615,6277.0,0.7352238330412617
20,134,1,6173,6277.0,0.9834315755934363
20,134,2,6277,6277.0,1.0
21,1,0,23,23.0,1.0
21,1,1,0,23.0,0.0
21,1,2,0,23.0,0.0
21,2,0,83,83.0,1.0
21,2,1,0,83.0,0.0
21,2,2,0,83.0,0.0
21,3,0,144,144.0,1.0
21,3,1,0,144.0,0.0
21,3,2,0,144.0,0.0
21,4,0,224,224.0,1.0
21,4,1,0,224.0,0.0
21,4,2,0,224.0,0.0
21,5,0,224,237.0,0.9451476793248945
21,5,1,237,237.0,1.0
21,5,2,0,237.0,0.0
21,6,0,313,313.0,1.0
21,6,1,237,313.0,0.7571884984025559
21,6,2,0,313.0,0.0
21,7,0,313,348.0,0.8994252873563219
21,7,1,348,348.0,1.0
21,7,2,0,348.0,0.0
21,8,0,313,386.0,0.810880829015544
21,8,1,348,386.0,0.9015544041450777
21,8,2,386,386.0,1.0
21,9,0,313,426.0,0.7347417840375586
21,9,1,348,426.0,0.8169014084507042
21,9,2,426,426.0,1.0
21,10,0,313,461.0,0.6789587852494577
21,10,1,461,461.0,1.0
21,10,2,426,461.0,0.9240780911062907
21,11,0,519,519.0,1.0
21,11,1,461,519.0,0.8882466281310212
21,11,2,426,519.0,0.8208092485549133
21,12,0,563,563.0,1.0
21,12,1,461,563.0,0.8188277087033747
21,12,2,426,563.0,0.7566607460035524
21,13,0,563,636.0,0.8852201257861635
21,13,1,461,636.0,0.7248427672955975
21,13,2,636,636.0,1.0
21,14,0,710,710.0,1.0
21,14,1,461,710.0,0.6492957746478873
21,14,2,636,710.0,0.895774647887324
21,15,0,710,750.0,0.9466666666666667
21,15,1,750,750.0,1.0
21,15,2,636,750.0,0.848
21,16,0,710,783.0,0.9067688378033205
21,16,1,783,783.0,1.0
21,16,2,636,783.0,0.8122605363984674
21,17,0,710,826.0,0.8595641646489104
21,17,1,826,826.0,1.0
21,17,2,636,826.0,0.7699757869249395
21,18,0,885,885.0,1.0
21,18,1,826,885.0,0.9333333333333333
21,18,2,636,885.0,0.7186440677966102
21,19,0,885,935.0,0.946524064171123
21,19,1,935,935.0,1.0
21,19,2,636,935.0,0.6802139037433155
21,20,0,885,1004.0,0.8814741035856574
21,20,1,935,1004.0,0.9312749003984063
21,20,2,1004,1004.0,1.0
21,21,0,1084,1084.0,1.0
21,21,1,935,1084.0,0.8625461254612546
21,21,2,1004,1084.0,0.9261992619926199
21,22,0,1084,1120.0,0.9678571428571429
21,22,1,1120,1120.0,1.0
21,22,2,1004,1120.0,0.8964285714285715
21,23,0,1084,1162.0,0.9328743545611016
21,23,1,1162,1162.0,1.0
21,23,2,1004,1162.0,0.8640275387263339
21,24,0,1084,1235.0,0.8777327935222672
21,24,1,1162,1235.0,0.9408906882591093
21,24,2,1235,1235.0,1.0
21,25,0,1084,1274.0,0.8508634222919937
21,25,1,1162,1274.0,0.9120879120879121
21,25,2,1274,1274.0,1.0
21,26,0,1329,1329.0,1.0
21,26,1,1162,1329.0,0.8743416102332581
21,26,2,1274,1329.0,0.9586155003762227
21,27,0,1329,1374.0,0.9672489082969432
21,27,1,1374,1374.0,1.0
21,27,2,1274,1374.0,0.9272197962154294
21,28,0,1439,1439.0,1.0
21,28,1,1374,1439.0,0.954829742876998
21,28,2,1274,1439.0,0.8853370396108409
21,29,0,1439,1472.0,0.9775815217391305
21,29,1,1472,1472.0,1.0
21,29,2,1274,1472.0,0.8654891304347826
21,30,0,1439,1528.0,0.9417539267015707
21,30,1,1472,1528.0,0.9633507853403142
21,30,2,1528,1528.0,1.0
21,31,0,1439,1559.0,0.9230275817831943
21,31,1,1559,1559.0,1.0
21,31,2,1528,1559.0,0.9801154586273252
21,32,0,1439,1598.0,0.9005006257822278
21,32,1,1559,1598.0,0.9755944931163955
21,32,2,1598,1598.0,1.0
21,33,0,1439,1671.0,0.8611609814482346
21,33,1,1559,1671.0,0.9329742669060442
21,33,2,1671,1671.0,1.0
21,34,0,1439,1721.0,0.8361417780360255
21,34,1,1559,1721.0,0.905868680999419
21,34,2,1721,1721.0,1.0
21,35,0,1792,1792.0,1.0
21,35,1,1559,1792.0,0.8699776785714286
21,35,2,1721,1792.0,0.9603794642857143
21,36,0,1792,1822.0,0.9835345773874863
21,36,1,1822,1822.0,1.0
21,36,2,1721,1822.0,0.9445664105378705
21,37,0,1792,1872.0,0.9572649572649573
21,37,1,1872,1872.0,1.0
21,37,2,1721,1872.0,0.9193376068376068
21,38,0,1792,1928.0,0.9294605809128631
21,38,1,1872,1928.0,0.970954356846473
21,38,2,1928,1928.0,1.0
21,39,0,2009,2009.0,1.0
21,39,1,1872,2009.0,0.931806869089099
21,39,2,1928,2009.0,0.9596814335490294
21,40,0,2009,2047.0,0.9814362481680508
21,40,1,2047,2047.0,1.0
21,40,2,1928,2047.0,0.9418661455788959
21,41,0,2009,2090.0,0.961244019138756
21,41,1,2090,2090.0,1.0
21,41,2,1928,2090.0,0.9224880382775119
21,42,0,2162,2162.0,1.0
21,42,1,2090,2162.0,0.9666975023126735
21,42,2,1928,2162.0,0.8917668825161887
21,43,0,2162,2204.0,0.9809437386569873
21,43,1,2090,2204.0,0.9482758620689655
21,43,2,2204,2204.0,1.0
21,44,0,2162,2254.0,0.9591836734693877
21,44,1,2254,2254.0,1.0
21,44,2,2204,2254.0,0.9778172138420586
21,45,0,2162,2291.0,0.943692710606722
21,45,1,2254,2291.0,0.9838498472282846
21,45,2,2291,2291.0,1.0
21,46,0,2162,2328.0,0.9286941580756014
21,46,1,2254,2328.0,0.968213058419244
21,46,2,2328,2328.0,1.0
21,47,0,2162,2366.0,0.9137785291631445
21,47,1,2366,2366.0,1.0
21,47,2,2328,2366.0,0.9839391377852916
21,48,0,2428,2428.0,1.0
21,48,1,2366,2428.0,0.9744645799011532
21,48,2,2328,2428.0,0.9588138385502472
21,49,0,2428,2468.0,0.9837925445705025
21,49,1,2468,2468.0,1.0
21,49,2,2328,2468.0,0.9432739059967585
21,50,0,2428,2519.0,0.963874553394204
21,50,1,2468,2519.0,0.9797538705835649
21,50,2,2519,2519.0,1.0
21,51,0,2428,2569.0,0.9451148306734137
21,51,1,2468,2569.0,0.9606850914752822
21,51,2,2569,2569.0,1.0
21,52,0,2635,2635.0,1.0
21,52,1,2468,2635.0,0.9366223908918406
21,52,2,2569,2635.0,0.9749525616698292
21,53,0,2635,2673.0,0.9857837635615413
21,53,1,2673,2673.0,1.0
21,53,2,2569,2673.0,0.9610924055368499
21,54,0,2635,2715.0,0.9705340699815838
21,54,1,2715,2715.0,1.0
21,54,2,2569,2715.0,0.9462246777163904
21,55,0,2635,2753.0,0.957137667998547
21,55,1,2753,2753.0,1.0
21,55,2,2569,2753.0,0.9331638212858699
21,56,0,2635,2817.0,0.9353922612708555
21,56,1,2753,2817.0,0.9772807951721689
21,56,2,2817,2817.0,1.0
21,57,0,2635,2851.0,0.92423710978604
21,57,1,2851,2851.0,1.0
21,57,2,2817,2851.0,0.9880743598737285
21,58,0,2635,2884.0,0.9136615811373093
21,58,1,2884,2884.0,1.0
21,58,2,2817,2884.0,0.9767683772538142
21,59,0,2635,2926.0,0.9005468215994532
21,59,1,2926,2926.0,1.0
21,59,2,2817,2926.0,0.9627477785372522
21,60,0,2635,2971.0,0.8869067653988556
21,60,1,2971,2971.0,1.0
21,60,2,2817,2971.0,0.9481656008078089
21,61,0,3049,3049.0,1.0
21,61,1,2971,3049.0,0.974417841915382
21,61,2,2817,3049.0,0.9239094785175468
21,62,0,3049,3109.0,0.9807011900932776
21,62,1,2971,3109.0,0.9556127372145384
21,62,2,3109,3109.0,1.0
21,63,0,3049,3146.0,0.9691671964399237
21,63,1,3146,3146.0,1.0
21,63,2,3109,3146.0,0.9882390336935791
21,64,0,3049,3182.0,0.9582023884349465
21,64,1,3182,3182.0,1.0
21,64,2,3109,3182.0,0.9770584538026399
21,65,0,3049,3232.0,0.9433787128712872
21,65,1,3232,3232.0,1.0
21,65,2,3109,3232.0,0.9619430693069307
21,66,0,3049,3300.0,0.923939393939394
21,66,1,3232,3300.0,0.9793939393939394
21,66,2,3300,3300.0,1.0
21,67,0,3049,3336.0,0.9139688249400479
21,67,1,3336,3336.0,1.0
21,67,2,3300,3336.0,0.9892086330935251
21,68,0,3049,3405.0,0.8954478707782673
21,68,1,3336,3405.0,0.9797356828193833
21,68,2,3405,3405.0,1.0
21,69,0,3049,3442.0,0.8858221963974433
21,69,1,3442,3442.0,1.0
21,69,2,3405,3442.0,0.9892504357931435
21,70,0,3049,3484.0,0.8751435132032147
21,70,1,3484,3484.0,1.0
21,70,2,3405,3484.0,0.9773249138920781
21,71,0,3049,3552.0,0.8583896396396397
21,71,1,3484,3552.0,0.9808558558558559
21,71,2,3552,3552.0,1.0
21,72,0,3049,3592.0,0.8488307349665924
21,72,1,3592,3592.0,1.0
21,72,2,3552,3592.0,0.9888641425389755
21,73,0,3049,3637.0,0.8383282925488039
21,73,1,3637,3637.0,1.0
21,73,2,3552,3637.0,0.9766290899092659
21,74,0,3049,3691.0,0.8260633974532647
21,74,1,3637,3691.0,0.9853698184773774
21,74,2,3691,3691.0,1.0
21,75,0,3049,3737.0,0.8158951030238158
21,75,1,3737,3737.0,1.0
21,75,2,3691,3737.0,0.9876906609579877
21,76,0,3049,3774.0,0.8078961314255432
21,76,1,3774,3774.0,1.0
21,76,2,3691,3774.0,0.9780074191838898
21,77,0,3049,3814.0,0.7994231777661248
21,77,1,3774,3814.0,0.989512323020451
21,77,2,3814,3814.0,1.0
21,78,0,3049,3863.0,0.789282940719648
21,78,1,3863,3863.0,1.0
21,78,2,3814,3863.0,0.9873155578565881
21,79,0,3049,3901.0,0.7815944629582159
21,79,1,3901,3901.0,1.0
21,79,2,3814,3901.0,0.9776980261471417
21,80,0,3049,3947.0,0.7724854319736508
21,80,1,3947,3947.0,1.0
21,80,2,3814,3947.0,0.9663035216620218
21,81,0,3049,3979.0,0.766272932897713
21,81,1,3979,3979.0,1.0
21,81,2,3814,3979.0,0.9585322945463685
21,82,0,3049,4020.0,0.7584577114427861
21,82,1,4020,4020.0,1.0
21,82,2,3814,4020.0,0.9487562189054727
21,83,0,3049,4055.0,0.7519112207151665
21,83,1,4055,4055.0,1.0
21,83,2,3814,4055.0,0.9405672009864365
21,84,0,3049,4100.0,0.7436585365853658
21,84,1,4055,4100.0,0.9890243902439024
21,84,2,4100,4100.0,1.0
21,85,0,3049,4142.0,0.7361178174794785
21,85,1,4142,4142.0,1.0
21,85,2,4100,4142.0,0.9898599710284887
21,86,0,3049,4177.0,0.7299497246827867
21,86,1,4177,4177.0,1.0
21,86,2,4100,4177.0,0.981565717021786
21,87,0,3049,4207.0,0.7247444734965534
21,87,1,4207,4207.0,1.0
21,87,2,4100,4207.0,0.9745661991918232
21,88,0,3049,4262.0,0.7153918348193337
21,88,1,4207,4262.0,0.9870952604411075
21,88,2,4262,4262.0,1.0
21,89,0,4318,4318.0,1.0
21,89,1,4207,4318.0,0.9742936544696619
21,89,2,4262,4318.0,0.9870310328855951
21,90,0,4318,4363.0,0.9896859958743983
21,90,1,4363,4363.0,1.0
21,90,2,4262,4363.0,0.9768507907403163
21,91,0,4318,4406.0,0.9800272355878348
21,91,1,4406,4406.0,1.0
21,91,2,4262,4406.0,0.9673172945982751
21,92,0,4318,4437.0,0.9731800766283525
21,92,1,4437,4437.0,1.0
21,92,2,4262,4437.0,0.9605589362181655
21,93,0,4318,4481.0,0.9636241910287883
21,93,1,4437,4481.0,0.9901807632224949
21,93,2,4481,4481.0,1.0
21,94,0,4318,4551.0,0.9488024609975829
21,94,1,4437,4551.0,0.974950560316414
21,94,2,4551,4551.0,1.0
21,95,0,4318,4591.0,0.9405358309736441
21,95,1,4591,4591.0,1.0
21,95,2,4551,4591.0,0.9912873012415596
21,96,0,4318,4639.0,0.9308040525975426
21,96,1,4639,4639.0,1.0
21,96,2,4551,4639.0,0.9810303944815693
21,97,0,4318,4684.0,0.921861656703672
21,97,1,4684,4684.0,1.0
21,97,2,4551,4684.0,0.9716054654141759
21,98,0,4318,4733.0,0.9123177688569618
21,98,1,4684,4733.0,0.989647158250581
21,98,2,4733,4733.0,1.0
21,99,0,4318,4771.0,0.9050513519178369
21,99,1,4771,4771.0,1.0
21,99,2,4733,4771.0,0.9920352127436596
21,100,0,4318,4819.0,0.8960365221000207
21,100,1,4819,4819.0,1.0
21,100,2,4733,4819.0,0.9821539738534966
21,101,0,4318,4852.0,0.8899422918384171
21,101,1,4852,4852.0,1.0
21,101,2,4733,4852.0,0.9754740313272877
21,102,0,4318,4894.0,0.8823048630976706
21,102,1,4852,4894.0,0.9914180629342052
21,102,2,4894,4894.0,1.0
21,103,0,4318,4925.0,0.876751269035533
21,103,1,4925,4925.0,1.0
21,103,2,4894,4925.0,0.9937055837563452
21,104,0,4318,4958.0,0.8709156918112142
21,104,1,4958,4958.0,1.0
21,104,2,4894,4958.0,0.9870915691811214
21,105,0,4318,5002.0,0.8632546981207517
21,105,1,5002,5002.0,1.0
21,105,2,4894,5002.0,0.9784086365453818
21,106,0,4318,5031.0,0.8582786722321606
21,106,1,5031,5031.0,1.0
21,106,2,4894,5031.0,0.9727688332339495
21,107,0,4318,5088.0,0.8486635220125787
21,107,1,5031,5088.0,0.9887971698113207
21,107,2,5088,5088.0,1.0
21,108,0,4318,5120.0,0.843359375
21,108,1,5120,5120.0,1.0
21,108,2,5088,5120.0,0.99375
21,109,0,4318,5161.0,0.8366595621003682
21,109,1,5120,5161.0,0.9920558031389266
21,109,2,5161,5161.0,1.0
21,110,0,4318,5206.0,0.8294275835574337
21,110,1,5206,5206.0,1.0
21,110,2,5161,5206.0,0.9913561275451402
21,111,0,4318,5243.0,0.8235742895288957
21,111,1,5206,5243.0,0.9929429715811559
21,111,2,5243,5243.0,1.0
21,112,0,4318,5293.0,0.8157944454940488
21,112,1,5293,5293.0,1.0
21,112,2,5243,5293.0,0.9905535613073871
21,113,0,4318,5329.0,0.8102833552261213
21,113,1,5293,5329.0,0.9932445111653219
21,113,2,5329,5329.0,1.0
21,114,0,4318,5372.0,0.8037974683544303
21,114,1,5372,5372.0,1.0
21,114,2,5329,5372.0,0.9919955323901712
21,115,0,4318,5404.0,0.7990377498149519
21,115,1,5404,5404.0,1.0
21,115,2,5329,5404.0,0.9861213915618061
21,116,0,4318,5446.0,0.7928755049577672
21,116,1,5446,5446.0,1.0
21,116,2,5329,5446.0,0.9785163422695556
21,117,0,4318,5490.0,0.7865209471766849
21,117,1,5490,5490.0,1.0
21,117,2,5329,5490.0,0.9706739526411657
21,118,0,4318,5544.0,0.7788600288600288
21,118,1,5490,5544.0,0.9902597402597403
21,118,2,5544,5544.0,1.0
21,119,0,4318,5605.0,0.7703835860838537
21,119,1,5490,5605.0,0.9794826048171276
21,119,2,5605,5605.0,1.0
21,120,0,4318,5646.0,0.7647892313142047
21,120,1,5646,5646.0,1.0
21,120,2,5605,5646.0,0.9927382217499114
21,121,0,4318,5683.0,0.7598099595284181
21,121,1,5683,5683.0,1.0
21,121,2,5605,5683.0,0.9862748548301953
21,122,0,4318,5749.0,0.7510871455905375
21,122,1,5683,5749.0,0.9885197425639242
21,122,2,5749,5749.0,1.0
21,123,0,5790,5790.0,1.0
21,123,1,5683,5790.0,0.9815198618307427
21,123,2,5749,5790.0,0.9929188255613126
21,124,0,5790,5827.0,0.9936502488415995
21,124,1,5827,5827.0,1.0
21,124,2,5749,5827.0,0.9866140380985069
21,125,0,5790,5876.0,0.9853641933287951
21,125,1,5876,5876.0,1.0
21,125,2,5749,5876.0,0.9783866575901974
21,126,0,5790,5909.0,0.9798612286342867
21,126,1,5876,5909.0,0.994415298696903
21,126,2,5909,5909.0,1.0
21,127,0,5790,5969.0,0.9700117272574971
21,127,1,5876,5969.0,0.9844195007538952
21,127,2,5969,5969.0,1.0
21,128,0,5790,5999.0,0.9651608601433572
21,128,1,5999,5999.0,1.0
21,128,2,5969,5999.0,0.9949991665277547
21,129,0,5790,6042.0,0.958291956305859
21,129,1,5999,6042.0,0.9928831512744124
21,129,2,6042,6042.0,1.0
21,130,0,5790,6116.0,0.9466971877043819
21,130,1,5999,6116.0,0.9808698495748855
21,130,2,6116,6116.0,1.0
21,131,0,5790,6157.0,0.9403930485626116
21,131,1,6157,6157.0,1.0
21,131,2,6116,6157.0,0.9933409127821992
21,132,0,5790,6201.0,0.9337203676826318
21,132,1,6201,6201.0,1.0
21,132,2,6116,6201.0,0.9862925334623448
21,133,0,5790,6236.0,0.9284797947402181
21,133,1,6201,6236.0,0.9943874278383579
21,133,2,6236,6236.0,1.0
21,134,0,5790,6267.0,0.9238870272857826
21,134,1,6201,6267.0,0.9894686452848253
21,134,2,6267,6267.0,1.0
22,1,0,36,36.0,1.0
22,1,1,0,36.0,0.0
22,1,2,0,36.0,0.0
22,2,0,84,84.0,1.0
22,2,1,0,84.0,0.0
22,2,2,0,84.0,0.0
22,3,0,143,143.0,1.0
22,3,1,0,143.0,0.0
22,3,2,0,143.0,0.0
22,4,0,223,223.0,1.0
22,4,1,0,223.0,0.0
22,4,2,0,223.0,0.0
22,5,0,297,297.0,1.0
22,5,1,0,297.0,0.0
22,5,2,0,297.0,0.0
22,6,0,297,310.0,0.9580645161290322
22,6,1,310,310.0,1.0
22,6,2,0,310.0,0.0
22,7,0,297,343.0,0.8658892128279884
22,7,1,343,343.0,1.0
22,7,2,0,343.0,0.0
22,8,0,408,408.0,1.0
22,8,1,343,408.0,0.8406862745098039
22,8,2,0,408.0,0.0
22,9,0,463,463.0,1.0
22,9,1,343,463.0,0.7408207343412527
22,9,2,0,463.0,0.0
22,10,0,463,496.0,0.9334677419354839
22,10,1,496,496.0,1.0
22,10,2,0,496.0,0.0
22,11,0,463,550.0,0.8418181818181818
22,11,1,496,550.0,0.9018181818181819
22,11,2,550,550.0,1.0
22,12,0,625,625.0,1.0
22,12,1,496,625.0,0.7936
22,12,2,550,625.0,0.88
22,13,0,687,687.0,1.0
22,13,1,496,687.0,0.7219796215429404
22,13,2,550,687.0,0.8005822416302766
22,14,0,743,743.0,1.0
22,14,1,496,743.0,0.6675639300134589
22,14,2,550,743.0,0.7402422611036339
22,15,0,743,774.0,0.9599483204134367
22,15,1,774,774.0,1.0
22,15,2,550,774.0,0.710594315245478
22,16,0,743,847.0,0.8772136953955135
22,16,1,774,847.0,0.9138134592680047
22,16,2,847,847.0,1.0
22,17,0,743,885.0,0.8395480225988701
22,17,1,885,885.0,1.0
22,17,2,847,885.0,0.9570621468926553
22,18,0,743,915.0,0.8120218579234972
22,18,1,915,915.0,1.0
22,18,2,847,915.0,0.9256830601092896
22,19,0,958,958.0,1.0
22,19,1,915,958.0,0.9551148225469729
22,19,2,847,958.0,0.884133611691023
22,20,0,1017,1017.0,1.0
22,20,1,915,1017.0,0.8997050147492626
22,20,2,847,1017.0,0.8328416912487709
22,21,0,1089,1089.0,1.0
22,21,1,915,1089.0,0.8402203856749312
22,21,2,847,1089.0,0.7777777777777778
22,22,0,1089,1140.0,0.9552631578947368
22,22,1,915,1140.0,0.8026315789473685
22,22,2,1140,1140.0,1.0
22,23,0,1191,1191.0,1.0
22,23,1,915,1191.0,0.7682619647355163
22,23,2,1140,1191.0,0.9571788413098237
22,24,0,1267,1267.0,1.0
22,24,1,915,1267.0,0.7221783741120757
22,24,2,1140,1267.0,0.8997632202052092
22,25,0,1267,1298.0,0.9761171032357473
22,25,1,1298,1298.0,1.0
22,25,2,1140,1298.0,0.8782742681047766
22,26,0,1267,1343.0,0.9434102755026061
22,26,1,1298,1343.0,0.9664929262844378
22,26,2,1343,1343.0,1.0
22,27,0,1421,1421.0,1.0
22,27,1,1298,1421.0,0.9134412385643913
22,27,2,1343,1421.0,0.9451090781140042
22,28,0,1421,1455.0,0.9766323024054983
22,28,1,1298,1455.0,0.8920962199312715
22,28,2,1455,1455.0,1.0
22,29,0,1421,1492.0,0.9524128686327078
22,29,1,1298,1492.0,0.8699731903485255
22,29,2,1492,1492.0,1.0
22,30,0,1548,1548.0,1.0
22,30,1,1298,1548.0,0.838501291989664
22,30,2,1492,1548.0,0.9638242894056848
22,31,0,1548,1583.0,0.9778900821225521
22,31,1,1583,1583.0,1.0
22,31,2,1492,1583.0,0.9425142135186355
22,32,0,1548,1625.0,0.9526153846153846
22,32,1,1583,1625.0,0.9741538461538461
22,32,2,1625,1625.0,1.0
22,33,0,1696,1696.0,1.0
22,33,1,1583,1696.0,0.933372641509434
22,33,2,1625,1696.0,0.9581367924528302
22,34,0,1777,1777.0,1.0
22,34,1,1583,1777.0,0.8908272369161508
22,34,2,1625,1777.0,0.9144625773776027
22,35,0,1777,1817.0,0.9779856906989544
22,35,1,1583,1817.0,0.8712162905888827
22,35,2,1817,1817.0,1.0
22,36,0,1777,1852.0,0.9595032397408207
22,36,1,1852,1852.0,1.0
22,36,2,1817,1852.0,0.9811015118790497
22,37,0,1777,1892.0,0.9392177589852009
22,37,1,1892,1892.0,1.0
22,37,2,1817,1892.0,0.9603594080338267
22,38,0,1777,1927.0,0.9221587960560457
22,38,1,1927,1927.0,1.0
22,38,2,1817,1927.0,0.9429164504411002
22,39,0,1777,1977.0,0.8988366211431462
22,39,1,1977,1977.0,1.0
22,39,2,1817,1977.0,0.919069296914517
22,40,0,1777,2017.0,0.881011403073872
22,40,1,2017,2017.0,1.0
22,40,2,1817,2017.0,0.9008428358948934
22,41,0,1777,2055.0,0.864720194647202
22,41,1,2055,2055.0,1.0
22,41,2,1817,2055.0,0.8841849148418491
22,42,0,1777,2092.0,0.8494263862332696
22,42,1,2055,2092.0,0.9823135755258127
22,42,2,2092,2092.0,1.0
22,43,0,1777,2145.0,0.8284382284382285
22,43,1,2055,2145.0,0.958041958041958
22,43,2,2145,2145.0,1.0
22,44,0,1777,2194.0,0.8099361896080218
22,44,1,2194,2194.0,1.0
22,44,2,2145,2194.0,0.9776663628076573
22,45,0,1777,2239.0,0.7936578829834747
22,45,1,2239,2239.0,1.0
22,45,2,2145,2239.0,0.9580169718624386
22,46,0,1777,2289.0,0.7763215377894277
22,46,1,2289,2289.0,1.0
22,46,2,2145,2289.0,0.9370904325032765
22,47,0,1777,2333.0,0.7616802400342906
22,47,1,2289,2333.0,0.9811401628804115
22,47,2,2333,2333.0,1.0
22,48,0,1777,2406.0,0.7385702410640067
22,48,1,2289,2406.0,0.9513715710723192
22,48,2,2406,2406.0,1.0
22,49,0,1777,2445.0,0.7267893660531697
22,49,1,2445,2445.0,1.0
22,49,2,2406,2445.0,0.9840490797546012
22,50,0,1777,2485.0,0.7150905432595573
22,50,1,2485,2485.0,1.0
22,50,2,2406,2485.0,0.9682092555331991
22,51,0,1777,2535.0,0.7009861932938856
22,51,1,2535,2535.0,1.0
22,51,2,2406,2535.0,0.9491124260355029
22,52,0,1777,2590.0,0.6861003861003862
22,52,1,2535,2590.0,0.9787644787644788
22,52,2,2590,2590.0,1.0
22,53,0,1777,2633.0,0.6748955563995442
22,53,1,2633,2633.0,1.0
22,53,2,2590,2633.0,0.9836688188378275
22,54,0,1777,2666.0,0.6665416354088523
22,54,1,2666,2666.0,1.0
22,54,2,2590,2666.0,0.9714928732183046
22,55,0,1777,2722.0,0.6528288023512123
22,55,1,2666,2722.0,0.9794268919911829
22,55,2,2722,2722.0,1.0
22,56,0,1777,2763.0,0.6431415128483532
22,56,1,2763,2763.0,1.0
22,56,2,2722,2763.0,0.9851610568222946
22,57,0,1777,2806.0,0.6332858161083392
22,57,1,2763,2806.0,0.9846756949394155
22,57,2,2806,2806.0,1.0
22,58,0,1777,2840.0,0.6257042253521127
22,58,1,2840,2840.0,1.0
22,58,2,2806,2840.0,0.9880281690140845
22,59,0,1777,2882.0,0.6165857043719639
22,59,1,2882,2882.0,1.0
22,59,2,2806,2882.0,0.9736294240111034
22,60,0,1777,2955.0,0.6013536379018612
22,60,1,2882,2955.0,0.9752961082910322
22,60,2,2955,2955.0,1.0
22,61,0,1777,2993.0,0.5937186769127966
22,61,1,2993,2993.0,1.0
22,61,2,2955,2993.0,0.9873037086535249
22,62,0,1777,3035.0,0.585502471169687
22,62,1,3035,3035.0,1.0
22,62,2,2955,3035.0,0.9736408566721582
22,63,0,1777,3067.0,0.5793935441799805
22,63,1,3067,3067.0,1.0
22,63,2,2955,3067.0,0.9634822301923704
22,64,0,1777,3109.0,0.5715664200707623
22,64,1,3109,3109.0,1.0
22,64,2,2955,3109.0,0.9504663879060792
22,65,0,1777,3151.0,0.5639479530307839
22,65,1,3109,3151.0,0.9866708981275786
22,65,2,3151,3151.0,1.0
22,66,0,1777,3207.0,0.5541004053632679
22,66,1,3109,3207.0,0.9694418459619583
22,66,2,3207,3207.0,1.0
22,67,0,1777,3250.0,0.5467692307692308
22,67,1,3250,3250.0,1.0
22,67,2,3207,3250.0,0.9867692307692307
22,68,0,1777,3285.0,0.5409436834094369
22,68,1,3285,3285.0,1.0
22,68,2,3207,3285.0,0.9762557077625571
22,69,0,1777,3322.0,0.5349187236604455
22,69,1,3322,3322.0,1.0
22,69,2,3207,3322.0,0.965382299819386
22,70,0,1777,3367.0,0.5277695277695278
22,70,1,3367,3367.0,1.0
22,70,2,3207,3367.0,0.9524799524799524
22,71,0,1777,3431.0,0.5179248032643544
22,71,1,3367,3431.0,0.9813465461964442
22,71,2,3431,3431.0,1.0
22,72,0,1777,3476.0,0.5112197928653625
22,72,1,3476,3476.0,1.0
22,72,2,3431,3476.0,0.987054085155351
22,73,0,1777,3517.0,0.5052601649132784
22,73,1,3517,3517.0,1.0
22,73,2,3431,3517.0,0.9755473414842195
22,74,0,1777,3567.0,0.49817774039809365
22,74,1,3567,3567.0,1.0
22,74,2,3431,3567.0,0.9618727221754976
22,75,0,1777,3613.0,0.49183504013285356
22,75,1,3613,3613.0,1.0
22,75,2,3431,3613.0,0.9496263492942153
22,76,0,1777,3652.0,0.4865826944140197
22,76,1,3652,3652.0,1.0
22,76,2,3431,3652.0,0.9394852135815991
22,77,0,1777,3712.0,0.4787176724137931
22,77,1,3652,3712.0,0.9838362068965517
22,77,2,3712,3712.0,1.0
22,78,0,1777,3746.0,0.47437266417512014
22,78,1,3652,3746.0,0.9749065670048052
22,78,2,3746,3746.0,1.0
22,79,0,1777,3787.0,0.4692368629522049
22,79,1,3652,3787.0,0.9643517296012675
22,79,2,3787,3787.0,1.0
22,80,0,1777,3828.0,0.4642110762800418
22,80,1,3828,3828.0,1.0
22,80,2,3787,3828.0,0.9892894461859979
22,81,0,1777,3884.0,0.4575180226570546
22,81,1,3828,3884.0,0.9855818743563337
22,81,2,3884,3884.0,1.0
22,82,0,1777,3928.0,0.4523930753564155
22,82,1,3928,3928.0,1.0
22,82,2,3884,3928.0,0.9887983706720977
22,83,0,1777,3966.0,0.4480584972264246
22,83,1,3966,3966.0,1.0
22,83,2,3884,3966.0,0.9793242561775088
22,84,0,1777,3996.0,0.4446946946946947
22,84,1,3996,3996.0,1.0
22,84,2,3884,3996.0,0.9719719719719719
22,85,0,1777,4033.0,0.440614926853459
22,85,1,4033,4033.0,1.0
22,85,2,3884,4033.0,0.9630547979171833
22,86,0,1777,4073.0,0.4362877485882642
22,86,1,4033,4073.0,0.990179229069482
22,86,2,4073,4073.0,1.0
22,87,0,1777,4123.0,0.4309968469560999
22,87,1,4033,4123.0,0.9781712345379578
22,87,2,4123,4123.0,1.0
22,88,0,1777,4193.0,0.4238015740519914
22,88,1,4033,4193.0,0.9618411638445027
22,88,2,4193,4193.0,1.0
22,89,0,1777,4229.0,0.4201938992669662
22,89,1,4033,4229.0,0.9536533459446678
22,89,2,4229,4229.0,1.0
22,90,0,1777,4274.0,0.41576977070659804
22,90,1,4274,4274.0,1.0
22,90,2,4229,4274.0,0.9894712213383248
22,91,0,1777,4324.0,0.41096207215541164
22,91,1,4324,4324.0,1.0
22,91,2,4229,4324.0,0.9780296022201665
22,92,0,1777,4361.0,0.40747534969043797
22,92,1,4361,4361.0,1.0
22,92,2,4229,4361.0,0.969731712909883
22,93,0,1777,4397.0,0.4041391858085058
22,93,1,4397,4397.0,1.0
22,93,2,4229,4397.0,0.961792130998408
22,94,0,1777,4442.0,0.40004502476361997
22,94,1,4397,4442.0,0.989869428185502
22,94,2,4442,4442.0,1.0
22,95,0,1777,4475.0,0.3970949720670391
22,95,1,4475,4475.0,1.0
22,95,2,4442,4475.0,0.9926256983240224
22,96,0,1777,4524.0,0.3927939876215738
22,96,1,4475,4524.0,0.9891688770999116
22,96,2,4524,4524.0,1.0
22,97,0,1777,4567.0,0.3890956864462448
22,97,1,4567,4567.0,1.0
22,97,2,4524,4567.0,0.9905846288592074
22,98,0,1777,4613.0,0.38521569477563405
22,98,1,4613,4613.0,1.0
22,98,2,4524,4613.0,0.9807066984608714
22,99,0,1777,4643.0,0.382726685332759
22,99,1,4643,4643.0,1.0
22,99,2,4524,4643.0,0.9743700193840189
22,100,0,1777,4688.0,0.3790529010238908
22,100,1,4688,4688.0,1.0
22,100,2,4524,4688.0,0.9650170648464164
22,101,0,1777,4721.0,0.37640330438466424
22,101,1,4721,4721.0,1.0
22,101,2,4524,4721.0,0.9582715526371531
22,102,0,1777,4769.0,0.3726148039421262
22,102,1,4769,4769.0,1.0
22,102,2,4524,4769.0,0.9486265464457958
22,103,0,1777,4811.0,0.3693618790272293
22,103,1,4811,4811.0,1.0
22,103,2,4524,4811.0,0.9403450426106839
22,104,0,1777,4849.0,0.3664673128480099
22,104,1,4849,4849.0,1.0
22,104,2,4524,4849.0,0.9329758713136729
22,105,0,1777,4917.0,0.36139922717103923
22,105,1,4849,4917.0,0.9861704291234492
22,105,2,4917,4917.0,1.0
22,106,0,4997,4997.0,1.0
22,106,1,4849,4997.0,0.9703822293376025
22,106,2,4917,4997.0,0.9839903942365419
22,107,0,4997,5045.0,0.9904856293359762
22,107,1,5045,5045.0,1.0
22,107,2,4917,5045.0,0.9746283448959365
22,108,0,4997,5087.0,0.982307843522705
22,108,1,5087,5087.0,1.0
22,108,2,4917,5087.0,0.9665814822095538
22,109,0,4997,5121.0,0.9757859793009178
22,109,1,5121,5121.0,1.0
22,109,2,4917,5121.0,0.9601640304628002
22,110,0,4997,5171.0,0.9663508025526978
22,110,1,5171,5171.0,1.0
22,110,2,4917,5171.0,0.9508799071746278
22,111,0,4997,5211.0,0.9589330262905392
22,111,1,5211,5211.0,1.0
22,111,2,4917,5211.0,0.943580886586068
22,112,0,4997,5242.0,0.9532621136970622
22,112,1,5242,5242.0,1.0
22,112,2,4917,5242.0,0.9380007630675314
22,113,0,4997,5284.0,0.9456850870552612
22,113,1,5284,5284.0,1.0
22,113,2,4917,5284.0,0.9305450416351249
22,114,0,4997,5353.0,0.9334952363160844
22,114,1,5284,5353.0,0.9871100317578928
22,114,2,5353,5353.0,1.0
22,115,0,4997,5421.0,0.9217856484043534
22,115,1,5284,5421.0,0.9747279099797086
22,115,2,5421,5421.0,1.0
22,116,0,4997,5478.0,0.9121942314713399
22,116,1,5284,5478.0,0.9645856151880249
22,116,2,5478,5478.0,1.0
22,117,0,4997,5522.0,0.9049257515392973
22,117,1,5284,5522.0,0.9568996740311482
22,117,2,5522,5522.0,1.0
22,118,0,4997,5553.0,0.8998739420133262
22,118,1,5553,5553.0,1.0
22,118,2,5522,5553.0,0.9944174320187286
22,119,0,4997,5594.0,0.8932785126921702
22,119,1,5553,5594.0,0.9926707186271004
22,119,2,5594,5594.0,1.0
22,120,0,4997,5626.0,0.8881976537504443
22,120,1,5553,5626.0,0.987024528972627
22,120,2,5626,5626.0,1.0
22,121,0,4997,5669.0,0.8814605750573293
22,121,1,5669,5669.0,1.0
22,121,2,5626,5669.0,0.9924148879872994
22,122,0,4997,5701.0,0.8765128924750044
22,122,1,5701,5701.0,1.0
22,122,2,5626,5701.0,0.9868444132608314
22,123,0,4997,5766.0,0.8666319805757892
22,123,1,5701,5766.0,0.9887270204647937
22,123,2,5766,5766.0,1.0
22,124,0,4997,5815.0,0.85932932072227
22,124,1,5701,5815.0,0.9803955288048152
22,124,2,5815,5815.0,1.0
22,125,0,4997,5847.0,0.8546263040875662
22,125,1,5847,5847.0,1.0
22,125,2,5815,5847.0,0.9945271079185908
22,126,0,4997,5884.0,0.8492522093813732
22,126,1,5884,5884.0,1.0
22,126,2,5815,5884.0,0.9882732834806254
22,127,0,4997,5945.0,0.8405382674516401
22,127,1,5884,5945.0,0.9897392767031119
22,127,2,5945,5945.0,1.0
22,128,0,4997,5978.0,0.835898293743727
22,128,1,5884,5978.0,0.9842756774841084
22,128,2,5978,5978.0,1.0
22,129,0,4997,6027.0,0.8291023726563796
22,129,1,6027,6027.0,1.0
22,129,2,5978,6027.0,0.991869918699187
22,130,0,4997,6065.0,0.8239076669414674
22,130,1,6065,6065.0,1.0
22,130,2,5978,6065.0,0.9856553998351195
22,131,0,4997,6091.0,0.8203907404367099
22,131,1,6091,6091.0,1.0
22,131,2,5978,6091.0,0.9814480380889837
22,132,0,4997,6123.0,0.8161032173771027
22,132,1,6123,6123.0,1.0
22,132,2,5978,6123.0,0.9763187979748489
22,133,0,4997,6192.0,0.8070090439276486
22,133,1,6123,6192.0,0.9888565891472868
22,133,2,6192,6192.0,1.0
22,134,0,4997,6227.0,0.8024731010117231
22,134,1,6123,6227.0,0.9832985386221295
22,134,2,6227,6227.0,1.0
23,1,0,23,23.0,1.0
23,1,1,0,23.0,0.0
23,1,2,0,23.0,0.0
23,2,0,80,80.0,1.0
23,2,1,0,80.0,0.0
23,2,2,0,80.0,0.0
23,3,0,161,161.0,1.0
23,3,1,0,161.0,0.0
23,3,2,0,161.0,0.0
23,4,0,236,236.0,1.0
23,4,1,0,236.0,0.0
23,4,2,0,236.0,0.0
23,5,0,316,316.0,1.0
23,5,1,0,316.0,0.0
23,5,2,0,316.0,0.0
23,6,0,357,357.0,1.0
23,6,1,0,357.0,0.0
23,6,2,0,357.0,0.0
23,7,0,357,373.0,0.9571045576407506
23,7,1,373,373.0,1.0
23,7,2,0,373.0,0.0
23,8,0,439,439.0,1.0
23,8,1,373,439.0,0.8496583143507973
23,8,2,0,439.0,0.0
23,9,0,498,498.0,1.0
23,9,1,373,498.0,0.748995983935743
23,9,2,0,498.0,0.0
23,10,0,498,531.0,0.9378531073446328
23,10,1,531,531.0,1.0
23,10,2,0,531.0,0.0
23,11,0,498,564.0,0.8829787234042553
23,11,1,564,564.0,1.0
23,11,2,0,564.0,0.0
23,12,0,635,635.0,1.0
23,12,1,564,635.0,0.8881889763779528
23,12,2,0,635.0,0.0
23,13,0,635,689.0,0.9216255442670537
23,13,1,564,689.0,0.818577648766328
23,13,2,689,689.0,1.0
23,14,0,733,733.0,1.0
23,14,1,564,733.0,0.7694406548431105
23,14,2,689,733.0,0.9399727148703957
23,15,0,733,797.0,0.9196988707653702
23,15,1,564,797.0,0.7076537013801757
23,15,2,797,797.0,1.0
23,16,0,733,847.0,0.8654073199527745
23,16,1,564,847.0,0.6658795749704841
23,16,2,847,847.0,1.0
23,17,0,912,912.0,1.0
23,17,1,564,912.0,0.618421052631579
23,17,2,847,912.0,0.9287280701754386
23,18,0,912,957.0,0.9529780564263323
23,18,1,957,957.0,1.0
23,18,2,847,957.0,0.8850574712643678
23,19,0,1019,1019.0,1.0
23,19,1,957,1019.0,0.9391560353287537
23,19,2,847,1019.0,0.831207065750736
23,20,0,1019,1061.0,0.9604147031102733
23,20,1,957,1061.0,0.9019792648444863
23,20,2,1061,1061.0,1.0
23,21,0,1019,1101.0,0.9255222524977293
23,21,1,1101,1101.0,1.0
23,21,2,1061,1101.0,0.963669391462307
23,22,0,1019,1144.0,0.8907342657342657
23,22,1,1144,1144.0,1.0
23,22,2,1061,1144.0,0.9274475524475524
23,23,0,1019,1212.0,0.8407590759075908
23,23,1,1144,1212.0,0.9438943894389439
23,23,2,1212,1212.0,1.0
23,24,0,1019,1255.0,0.8119521912350598
23,24,1,1255,1255.0,1.0
23,24,2,1212,1255.0,0.9657370517928286
23,25,0,1019,1285.0,0.7929961089494163
23,25,1,1285,1285.0,1.0
23,25,2,1212,1285.0,0.9431906614785992
23,26,0,1019,1327.0,0.7678975131876413
23,26,1,1285,1327.0,0.9683496608892238
23,26,2,1327,1327.0,1.0
23,27,0,1019,1370.0,0.7437956204379562
23,27,1,1370,1370.0,1.0
23,27,2,1327,1370.0,0.9686131386861314
23,28,0,1019,1409.0,0.723207948899929
23,28,1,1370,1409.0,0.9723207948899929
23,28,2,1409,1409.0,1.0
23,29,0,1019,1439.0,0.7081306462821404
23,29,1,1439,1439.0,1.0
23,29,2,1409,1439.0,0.9791521890201529
23,30,0,1019,1500.0,0.6793333333333333
23,30,1,1439,1500.0,0.9593333333333334
23,30,2,1500,1500.0,1.0
23,31,0,1019,1543.0,0.6604018146467919
23,31,1,1543,1543.0,1.0
23,31,2,1500,1543.0,0.9721322099805574
23,32,0,1019,1582.0,0.6441213653603034
23,32,1,1543,1582.0,0.9753476611883691
23,32,2,1582,1582.0,1.0
23,33,0,1019,1637.0,0.6224801466096518
23,33,1,1543,1637.0,0.9425778863775198
23,33,2,1637,1637.0,1.0
23,34,0,1711,1711.0,1.0
23,34,1,1543,1711.0,0.9018118059614261
23,34,2,1637,1711.0,0.9567504383401519
23,35,0,1787,1787.0,1.0
23,35,1,1543,1787.0,0.863458310016788
23,35,2,1637,1787.0,0.9160604364857303
23,36,0,1787,1843.0,0.9696147585458491
23,36,1,1543,1843.0,0.8372219207813347
23,36,2,1843,1843.0,1.0
23,37,0,1787,1875.0,0.9530666666666666
23,37,1,1875,1875.0,1.0
23,37,2,1843,1875.0,0.9829333333333333
23,38,0,1955,1955.0,1.0
23,38,1,1875,1955.0,0.959079283887468
23,38,2,1843,1955.0,0.9427109974424552
23,39,0,1955,1992.0,0.981425702811245
23,39,1,1992,1992.0,1.0
23,39,2,1843,1992.0,0.9252008032128514
23,40,0,1955,2035.0,0.9606879606879607
23,40,1,1992,2035.0,0.9788697788697789
23,40,2,2035,2035.0,1.0
23,41,0,2093,2093.0,1.0
23,41,1,1992,2093.0,0.9517439082656474
23,41,2,2035,2093.0,0.9722885809842332
23,42,0,2169,2169.0,1.0
23,42,1,1992,2169.0,0.9183955739972337
23,42,2,2035,2169.0,0.938220378054403
23,43,0,2169,2204.0,0.9841197822141561
23,43,1,2204,2204.0,1.0
23,43,2,2035,2204.0,0.9233212341197822
23,44,0,2169,2232.0,0.9717741935483871
23,44,1,2232,2232.0,1.0
23,44,2,2035,2232.0,0.9117383512544803
23,45,0,2169,2305.0,0.940997830802603
23,45,1,2232,2305.0,0.9683297180043384
23,45,2,2305,2305.0,1.0
23,46,0,2169,2371.0,0.9148038802193167
23,46,1,2232,2371.0,0.9413749472796289
23,46,2,2371,2371.0,1.0
23,47,0,2449,2449.0,1.0
23,47,1,2232,2449.0,0.9113924050632911
23,47,2,2371,2449.0,0.9681502654144549
23,48,0,2449,2489.0,0.9839292888710326
23,48,1,2489,2489.0,1.0
23,48,2,2371,2489.0,0.952591402169546
23,49,0,2449,2525.0,0.9699009900990099
23,49,1,2525,2525.0,1.0
23,49,2,2371,2525.0,0.939009900990099
23,50,0,2449,2578.0,0.9499612102404965
23,50,1,2525,2578.0,0.9794414274631498
23,50,2,2578,2578.0,1.0
23,51,0,2449,2616.0,0.9361620795107034
23,51,1,2525,2616.0,0.9652140672782875
23,51,2,2616,2616.0,1.0
23,52,0,2449,2652.0,0.9234539969834088
23,52,1,2652,2652.0,1.0
23,52,2,2616,2652.0,0.9864253393665159
23,53,0,2449,2697.0,0.9080459770114943
23,53,1,2652,2697.0,0.9833147942157954
23,53,2,2697,2697.0,1.0
23,54,0,2449,2740.0,0.8937956204379562
23,54,1,2740,2740.0,1.0
23,54,2,2697,2740.0,0.9843065693430657
23,55,0,2449,2785.0,0.8793536804308797
23,55,1,2785,2785.0,1.0
23,55,2,2697,2785.0,0.9684021543985637
23,56,0,2449,2831.0,0.8650653479335924
23,56,1,2785,2831.0,0.9837513246202755
23,56,2,2831,2831.0,1.0
23,57,0,2449,2869.0,0.853607528755664
23,57,1,2869,2869.0,1.0
23,57,2,2831,2869.0,0.9867549668874173
23,58,0,2449,2906.0,0.8427391603578802
23,58,1,2869,2906.0,0.9872677219545767
23,58,2,2906,2906.0,1.0
23,59,0,2449,2935.0,0.834412265758092
23,59,1,2935,2935.0,1.0
23,59,2,2906,2935.0,0.9901192504258943
23,60,0,2449,2999.0,0.8166055351783928
23,60,1,2935,2999.0,0.9786595531843948
23,60,2,2999,2999.0,1.0
23,61,0,2449,3039.0,0.8058571898650873
23,61,1,3039,3039.0,1.0
23,61,2,2999,3039.0,0.9868377755840737
23,62,0,2449,3081.0,0.7948717948717948
23,62,1,3081,3081.0,1.0
23,62,2,2999,3081.0,0.973385264524505
23,63,0,2449,3121.0,0.7846843960269144
23,63,1,3081,3121.0,0.987183595001602
23,63,2,3121,3121.0,1.0
23,64,0,2449,3163.0,0.774264938349668
23,64,1,3163,3163.0,1.0
23,64,2,3121,3163.0,0.9867214669617452
23,65,0,3219,3219.0,1.0
23,65,1,3163,3219.0,0.9826032929481205
23,65,2,3121,3219.0,0.969555762659211
23,66,0,3219,3292.0,0.9778250303766707
23,66,1,3163,3292.0,0.9608140947752126
23,66,2,3292,3292.0,1.0
23,67,0,3219,3335.0,0.9652173913043478
23,67,1,3335,3335.0,1.0
23,67,2,3292,3335.0,0.9871064467766117
23,68,0,3219,3381.0,0.9520851818988465
23,68,1,3381,3381.0,1.0
23,68,2,3292,3381.0,0.9736764270925762
23,69,0,3219,3449.0,0.9333140040591476
23,69,1,3381,3449.0,0.9802841403305306
23,69,2,3449,3449.0,1.0
23,70,0,3219,3482.0,0.924468696151637
23,70,1,3482,3482.0,1.0
23,70,2,3449,3482.0,0.9905226881102814
23,71,0,3219,3532.0,0.9113816534541337
23,71,1,3532,3532.0,1.0
23,71,2,3449,3532.0,0.9765005662514157
23,72,0,3219,3567.0,0.9024390243902439
23,72,1,3567,3567.0,1.0
23,72,2,3449,3567.0,0.9669189795346229
23,73,0,3219,3605.0,0.8929264909847434
23,73,1,3605,3605.0,1.0
23,73,2,3449,3605.0,0.9567267683772538
23,74,0,3219,3643.0,0.8836124073565742
23,74,1,3643,3643.0,1.0
23,74,2,3449,3643.0,0.9467471863848477
23,75,0,3219,3683.0,0.8740157480314961
23,75,1,3683,3683.0,1.0
23,75,2,3449,3683.0,0.9364648384469183
23,76,0,3219,3732.0,0.862540192926045
23,76,1,3683,3732.0,0.9868703108252947
23,76,2,3732,3732.0,1.0
23,77,0,3787,3787.0,1.0
23,77,1,3683,3787.0,0.9725376287298654
23,77,2,3732,3787.0,0.9854766305782942
23,78,0,3787,3843.0,0.9854280510018215
23,78,1,3683,3843.0,0.9583658600052043
23,78,2,3843,3843.0,1.0
23,79,0,3787,3884.0,0.9750257466529351
23,79,1,3884,3884.0,1.0
23,79,2,3843,3884.0,0.9894438722966015
23,80,0,3787,3924.0,0.9650866462793068
23,80,1,3924,3924.0,1.0
23,80,2,3843,3924.0,0.9793577981651376
23,81,0,3787,3969.0,0.9541446208112875
23,81,1,3969,3969.0,1.0
23,81,2,3843,3969.0,0.9682539682539683
23,82,0,3787,4042.0,0.9369124195942603
23,82,1,3969,4042.0,0.9819396338446313
23,82,2,4042,4042.0,1.0
23,83,0,3787,4077.0,0.9288692666176109
23,83,1,4077,4077.0,1.0
23,83,2,4042,4077.0,0.9914152563159185
23,84,0,3787,4127.0,0.9176157014780713
23,84,1,4127,4127.0,1.0
23,84,2,4042,4127.0,0.9794039253695178
23,85,0,3787,4172.0,0.9077181208053692
23,85,1,4172,4172.0,1.0
23,85,2,4042,4172.0,0.9688398849472675
23,86,0,3787,4204.0,0.9008087535680305
23,86,1,4172,4204.0,0.9923882017126546
23,86,2,4204,4204.0,1.0
23,87,0,3787,4264.0,0.8881332082551595
23,87,1,4172,4264.0,0.9784240150093808
23,87,2,4264,4264.0,1.0
23,88,0,3787,4305.0,0.8796747967479674
23,88,1,4172,4305.0,0.9691056910569106
23,88,2,4305,4305.0,1.0
23,89,0,3787,4351.0,0.8703746265226385
23,89,1,4351,4351.0,1.0
23,89,2,4305,4351.0,0.9894277177660308
23,90,0,3787,4395.0,0.8616609783845278
23,90,1,4351,4395.0,0.9899886234357224
23,90,2,4395,4395.0,1.0
23,91,0,3787,4460.0,0.8491031390134529
23,91,1,4351,4460.0,0.9755605381165919
23,91,2,4460,4460.0,1.0
23,92,0,3787,4502.0,0.8411816970235451
23,92,1,4502,4502.0,1.0
23,92,2,4460,4502.0,0.9906708129720124
23,93,0,3787,4559.0,0.8306646194340864
23,93,1,4502,4559.0,0.9874972581706515
23,93,2,4559,4559.0,1.0
23,94,0,3787,4598.0,0.8236189647672901
23,94,1,4598,4598.0,1.0
23,94,2,4559,4598.0,0.9915180513266638
23,95,0,3787,4638.0,0.8165157395429065
23,95,1,4598,4638.0,0.9913755929279862
23,95,2,4638,4638.0,1.0
23,96,0,3787,4675.0,0.8100534759358289
23,96,1,4598,4675.0,0.9835294117647059
23,96,2,4675,4675.0,1.0
23,97,0,3787,4723.0,0.8018208765615075
23,97,1,4723,4723.0,1.0
23,97,2,4675,4723.0,0.9898369680287953
23,98,0,3787,4766.0,0.7945866554762904
23,98,1,4766,4766.0,1.0
23,98,2,4675,4766.0,0.9809064204783886
23,99,0,3787,4810.0,0.7873180873180873
23,99,1,4810,4810.0,1.0
23,99,2,4675,4810.0,0.9719334719334719
23,100,0,3787,4865.0,0.7784172661870503
23,100,1,4810,4865.0,0.9886947584789312
23,100,2,4865,4865.0,1.0
23,101,0,3787,4935.0,0.7673758865248227
23,101,1,4810,4935.0,0.9746707193515705
23,101,2,4935,4935.0,1.0
23,102,0,3787,4970.0,0.7619718309859155
23,102,1,4970,4970.0,1.0
23,102,2,4935,4970.0,0.9929577464788732
23,103,0,3787,5012.0,0.755586592178771
23,103,1,5012,5012.0,1.0
23,103,2,4935,5012.0,0.9846368715083799
23,104,0,3787,5086.0,0.7445930003932363
23,104,1,5012,5086.0,0.9854502556036178
23,104,2,5086,5086.0,1.0
23,105,0,3787,5135.0,0.7374878286270692
23,105,1,5135,5135.0,1.0
23,105,2,5086,5135.0,0.9904576436222006
23,106,0,3787,5184.0,0.730516975308642
23,106,1,5135,5184.0,0.9905478395061729
23,106,2,5184,5184.0,1.0
23,107,0,3787,5216.0,0.7260352760736196
23,107,1,5216,5216.0,1.0
23,107,2,5184,5216.0,0.9938650306748467
23,108,0,3787,5253.0,0.7209213782600419
23,108,1,5253,5253.0,1.0
23,108,2,5184,5253.0,0.9868646487721302
23,109,0,3787,5307.0,0.7135858300358018
23,109,1,5253,5307.0,0.9898247597512719
23,109,2,5307,5307.0,1.0
23,110,0,3787,5344.0,0.7086452095808383
23,110,1,5344,5344.0,1.0
23,110,2,5307,5344.0,0.9930763473053892
23,111,0,3787,5381.0,0.7037725329864337
23,111,1,5381,5381.0,1.0
23,111,2,5307,5381.0,0.9862479093105371
23,112,0,3787,5421.0,0.6985795978601734
23,112,1,5381,5421.0,0.9926212875853163
23,112,2,5421,5421.0,1.0
23,113,0,3787,5471.0,0.692195211113142
23,113,1,5471,5471.0,1.0
23,113,2,5421,5471.0,0.9908609029427893
23,114,0,3787,5512.0,0.6870464441219158
23,114,1,5512,5512.0,1.0
23,114,2,5421,5512.0,0.9834905660377359
23,115,0,3787,5546.0,0.6828344752975117
23,115,1,5546,5546.0,1.0
23,115,2,5421,5546.0,0.9774612333213126
23,116,0,3787,5579.0,0.6787954830614805
23,116,1,5579,5579.0,1.0
23,116,2,5421,5579.0,0.9716795124574297
23,117,0,3787,5620.0,0.6738434163701068
23,117,1,5579,5620.0,0.9927046263345196
23,117,2,5620,5620.0,1.0
23,118,0,3787,5653.0,0.6699097824164161
23,118,1,5653,5653.0,1.0
23,118,2,5620,5653.0,0.9941623916504511
23,119,0,3787,5683.0,0.6663733943339786
23,119,1,5683,5683.0,1.0
23,119,2,5620,5683.0,0.9889143058243886
23,120,0,3787,5733.0,0.6605616605616605
23,120,1,5733,5733.0,1.0
23,120,2,5620,5733.0,0.9802895517181232
23,121,0,3787,5775.0,0.6557575757575758
23,121,1,5775,5775.0,1.0
23,121,2,5620,5775.0,0.9731601731601731
23,122,0,3787,5812.0,0.6515829318651066
23,122,1,5812,5812.0,1.0
23,122,2,5620,5812.0,0.9669649002064694
23,123,0,3787,5856.0,0.6466871584699454
23,123,1,5856,5856.0,1.0
23,123,2,5620,5856.0,0.9596994535519126
23,124,0,3787,5887.0,0.643281807372176
23,124,1,5887,5887.0,1.0
23,124,2,5620,5887.0,0.9546458297944623
23,125,0,3787,5923.0,0.6393719398953234
23,125,1,5887,5923.0,0.9939219989869998
23,125,2,5923,5923.0,1.0
23,126,0,3787,5956.0,0.6358294157152451
23,126,1,5956,5956.0,1.0
23,126,2,5923,5956.0,0.9944593687038281
23,127,0,3787,5997.0,0.631482407870602
23,127,1,5997,5997.0,1.0
23,127,2,5923,5997.0,0.9876604969151243
23,128,0,3787,6038.0,0.6271944352434581
23,128,1,6038,6038.0,1.0
23,128,2,5923,6038.0,0.980953958264326
23,129,0,3787,6088.0,0.6220433639947438
23,129,1,6088,6088.0,1.0
23,129,2,5923,6088.0,0.9728975032851511
23,130,0,3787,6137.0,0.6170767475965455
23,130,1,6137,6137.0,1.0
23,130,2,5923,6137.0,0.9651295421215578
23,131,0,3787,6179.0,0.6128823434212656
23,131,1,6179,6179.0,1.0
23,131,2,5923,6179.0,0.9585693477909046
23,132,0,3787,6224.0,0.6084511568123393
23,132,1,6224,6224.0,1.0
23,132,2,5923,6224.0,0.9516388174807198
23,133,0,3787,6255.0,0.605435651478817
23,133,1,6255,6255.0,1.0
23,133,2,5923,6255.0,0.9469224620303757
23,134,0,3787,6287.0,0.6023540639414665
23,134,1,6287,6287.0,1.0
23,134,2,5923,6287.0,0.9421027517098776
24,1,0,36,36.0,1.0
24,1,1,0,36.0,0.0
24,1,2,0,36.0,0.0
24,2,0,36,49.0,0.7346938775510204
24,2,1,49,49.0,1.0
24,2,2,0,49.0,0.0
24,3,0,125,125.0,1.0
24,3,1,49,125.0,0.392
24,3,2,0,125.0,0.0
24,4,0,183,183.0,1.0
24,4,1,49,183.0,0.2677595628415301
24,4,2,0,183.0,0.0
24,5,0,264,264.0,1.0
24,5,1,49,264.0,0.1856060606060606
24,5,2,0,264.0,0.0
24,6,0,329,329.0,1.0
24,6,1,49,329.0,0.14893617021276595
24,6,2,0,329.0,0.0
24,7,0,385,385.0,1.0
24,7,1,49,385.0,0.12727272727272726
24,7,2,0,385.0,0.0
24,8,0,385,423.0,0.9101654846335697
24,8,1,49,423.0,0.11583924349881797
24,8,2,423,423.0,1.0
24,9,0,488,488.0,1.0
24,9,1,49,488.0,0.10040983606557377
24,9,2,423,488.0,0.8668032786885246
24,10,0,563,563.0,1.0
24,10,1,49,563.0,0.08703374777975133
24,10,2,423,563.0,0.7513321492007105
24,11,0,563,636.0,0.8852201257861635
24,11,1,49,636.0,0.0770440251572327
24,11,2,636,636.0,1.0
24,12,0,563,672.0,0.8377976190476191
24,12,1,672,672.0,1.0
24,12,2,636,672.0,0.9464285714285714
24,13,0,563,741.0,0.7597840755735492
24,13,1,672,741.0,0.9068825910931174
24,13,2,741,741.0,1.0
24,14,0,563,776.0,0.7255154639175257
24,14,1,776,776.0,1.0
24,14,2,741,776.0,0.9548969072164949
24,15,0,563,819.0,0.6874236874236874
24,15,1,819,819.0,1.0
24,15,2,741,819.0,0.9047619047619048
24,16,0,563,862.0,0.6531322505800464
24,16,1,862,862.0,1.0
24,16,2,741,862.0,0.8596287703016241
24,17,0,563,898.0,0.6269487750556793
24,17,1,898,898.0,1.0
24,17,2,741,898.0,0.8251670378619154
24,18,0,963,963.0,1.0
24,18,1,898,963.0,0.9325025960539979
24,18,2,741,963.0,0.7694704049844237
24,19,0,963,988.0,0.9746963562753036
24,19,1,988,988.0,1.0
24,19,2,741,988.0,0.75
24,20,0,1047,1047.0,1.0
24,20,1,988,1047.0,0.9436485195797517
24,20,2,741,1047.0,0.7077363896848138
24,21,0,1102,1102.0,1.0
24,21,1,988,1102.0,0.896551724137931
24,21,2,741,1102.0,0.6724137931034483
24,22,0,1168,1168.0,1.0
24,22,1,988,1168.0,0.8458904109589042
24,22,2,741,1168.0,0.634417808219178
24,23,0,1168,1207.0,0.9676884838442419
24,23,1,988,1207.0,0.8185584092792046
24,23,2,1207,1207.0,1.0
24,24,0,1168,1250.0,0.9344
24,24,1,1250,1250.0,1.0
24,24,2,1207,1250.0,0.9656
24,25,0,1168,1306.0,0.8943338437978561
24,25,1,1250,1306.0,0.9571209800918836
24,25,2,1306,1306.0,1.0
24,26,0,1168,1342.0,0.8703427719821163
24,26,1,1342,1342.0,1.0
24,26,2,1306,1342.0,0.9731743666169895
24,27,0,1420,1420.0,1.0
24,27,1,1342,1420.0,0.9450704225352112
24,27,2,1306,1420.0,0.9197183098591549
24,28,0,1420,1450.0,0.9793103448275862
24,28,1,1450,1450.0,1.0
24,28,2,1306,1450.0,0.9006896551724138
24,29,0,1420,1501.0,0.9460359760159893
24,29,1,1450,1501.0,0.966022651565623
24,29,2,1501,1501.0,1.0
24,30,0,1420,1541.0,0.9214795587280986
24,30,1,1541,1541.0,1.0
24,30,2,1501,1541.0,0.9740428293316029
24,31,0,1420,1569.0,0.9050350541746335
24,31,1,1569,1569.0,1.0
24,31,2,1501,1569.0,0.9566602931803697
24,32,0,1420,1606.0,0.8841843088418431
24,32,1,1569,1606.0,0.976961394769614
24,32,2,1606,1606.0,1.0
24,33,0,1420,1670.0,0.8502994011976048
24,33,1,1569,1670.0,0.9395209580838323
24,33,2,1670,1670.0,1.0
24,34,0,1420,1720.0,0.8255813953488372
24,34,1,1720,1720.0,1.0
24,34,2,1670,1720.0,0.9709302325581395
24,35,0,1783,1783.0,1.0
24,35,1,1720,1783.0,0.9646662927650028
24,35,2,1670,1783.0,0.9366236679753225
24,36,0,1783,1815.0,0.9823691460055096
24,36,1,1815,1815.0,1.0
24,36,2,1670,1815.0,0.9201101928374655
24,37,0,1783,1850.0,0.9637837837837838
24,37,1,1850,1850.0,1.0
24,37,2,1670,1850.0,0.9027027027027027
24,38,0,1783,1887.0,0.9448860625331214
24,38,1,1850,1887.0,0.9803921568627451
24,38,2,1887,1887.0,1.0
24,39,0,1783,1915.0,0.931070496083551
24,39,1,1915,1915.0,1.0
24,39,2,1887,1915.0,0.985378590078329
24,40,0,1783,1970.0,0.9050761421319797
24,40,1,1915,1970.0,0.9720812182741116
24,40,2,1970,1970.0,1.0
24,41,0,1783,2013.0,0.8857426726279185
24,41,1,2013,2013.0,1.0
24,41,2,1970,2013.0,0.9786388474913065
24,42,0,2070,2070.0,1.0
24,42,1,2013,2070.0,0.972463768115942
24,42,2,1970,2070.0,0.9516908212560387
24,43,0,2129,2129.0,1.0
24,43,1,2013,2129.0,0.945514325974636
24,43,2,1970,2129.0,0.9253170502583372
24,44,0,2129,2174.0,0.9793008279668813
24,44,1,2013,2174.0,0.9259429622815087
24,44,2,2174,2174.0,1.0
24,45,0,2129,2247.0,0.947485536270583
24,45,1,2013,2247.0,0.8958611481975968
24,45,2,2247,2247.0,1.0
24,46,0,2129,2313.0,0.9204496325118893
24,46,1,2013,2313.0,0.8702983138780804
24,46,2,2313,2313.0,1.0
24,47,0,2129,2372.0,0.8975548060708263
24,47,1,2013,2372.0,0.8486509274873525
24,47,2,2372,2372.0,1.0
24,48,0,2129,2405.0,0.8852390852390852
24,48,1,2405,2405.0,1.0
24,48,2,2372,2405.0,0.9862785862785863
24,49,0,2129,2434.0,0.8746918652423994
24,49,1,2434,2434.0,1.0
24,49,2,2372,2434.0,0.9745275267050123
24,50,0,2129,2480.0,0.8584677419354839
24,50,1,2480,2480.0,1.0
24,50,2,2372,2480.0,0.9564516129032258
24,51,0,2129,2522.0,0.8441712926249009
24,51,1,2480,2522.0,0.9833465503568596
24,51,2,2522,2522.0,1.0
24,52,0,2129,2559.0,0.8319656115670183
24,52,1,2559,2559.0,1.0
24,52,2,2522,2559.0,0.9855412270418132
24,53,0,2129,2609.0,0.8160214641625144
24,53,1,2609,2609.0,1.0
24,53,2,2522,2609.0,0.9666538903794557
24,54,0,2665,2665.0,1.0
24,54,1,2609,2665.0,0.9789868667917448
24,54,2,2522,2665.0,0.9463414634146341
24,55,0,2665,2697.0,0.9881349647756766
24,55,1,2697,2697.0,1.0
24,55,2,2522,2697.0,0.9351130886169818
24,56,0,2665,2737.0,0.9736938253562295
24,56,1,2737,2737.0,1.0
24,56,2,2522,2737.0,0.9214468396054074
24,57,0,2665,2770.0,0.9620938628158845
24,57,1,2770,2770.0,1.0
24,57,2,2522,2770.0,0.9104693140794223
24,58,0,2665,2815.0,0.9467140319715808
24,58,1,2815,2815.0,1.0
24,58,2,2522,2815.0,0.8959147424511545
24,59,0,2665,2853.0,0.9341044514546092
24,59,1,2853,2853.0,1.0
24,59,2,2522,2853.0,0.883981773571679
24,60,0,2665,2891.0,0.9218263576617087
24,60,1,2891,2891.0,1.0
24,60,2,2522,2891.0,0.8723625043237634
24,61,0,2665,2936.0,0.9076975476839237
24,61,1,2936,2936.0,1.0
24,61,2,2522,2936.0,0.8589918256130791
24,62,0,2665,2979.0,0.8945955018462571
24,62,1,2936,2979.0,0.9855656260490098
24,62,2,2979,2979.0,1.0
24,63,0,2665,3014.0,0.8842070338420703
24,63,1,3014,3014.0,1.0
24,63,2,2979,3014.0,0.9883875248838753
24,64,0,2665,3054.0,0.872626064178127
24,64,1,3014,3054.0,0.9869024230517355
24,64,2,3054,3054.0,1.0
24,65,0,2665,3096.0,0.8607881136950905
24,65,1,3096,3096.0,1.0
24,65,2,3054,3096.0,0.9864341085271318
24,66,0,3170,3170.0,1.0
24,66,1,3096,3170.0,0.9766561514195583
24,66,2,3054,3170.0,0.9634069400630915
24,67,0,3170,3208.0,0.9881546134663342
24,67,1,3096,3208.0,0.9650872817955112
24,67,2,3208,3208.0,1.0
24,68,0,3170,3243.0,0.9774899784150478
24,68,1,3243,3243.0,1.0
24,68,2,3208,3243.0,0.9892075238976257
24,69,0,3170,3293.0,0.9626480412997267
24,69,1,3293,3293.0,1.0
24,69,2,3208,3293.0,0.9741876708168843
24,70,0,3170,3361.0,0.9431716750966974
24,70,1,3293,3361.0,0.9797679262124368
24,70,2,3361,3361.0,1.0
24,71,0,3423,3423.0,1.0
24,71,1,3293,3423.0,0.9620216184633362
24,71,2,3361,3423.0,0.9818872334209757
24,72,0,3423,3462.0,0.988734835355286
24,72,1,3293,3462.0,0.9511842865395725
24,72,2,3462,3462.0,1.0
24,73,0,3423,3507.0,0.9760479041916168
24,73,1,3507,3507.0,1.0
24,73,2,3462,3507.0,0.9871685201026519
24,74,0,3423,3545.0,0.9655853314527504
24,74,1,3545,3545.0,1.0
24,74,2,3462,3545.0,0.9765867418899858
24,75,0,3423,3594.0,0.9524207011686143
24,75,1,3545,3594.0,0.9863661658319421
24,75,2,3594,3594.0,1.0
24,76,0,3423,3639.0,0.9406430338004946
24,76,1,3639,3639.0,1.0
24,76,2,3594,3639.0,0.9876339653751031
24,77,0,3423,3684.0,0.9291530944625407
24,77,1,3639,3684.0,0.987785016286645
24,77,2,3684,3684.0,1.0
24,78,0,3423,3740.0,0.91524064171123
24,78,1,3639,3740.0,0.9729946524064171
24,78,2,3740,3740.0,1.0
24,79,0,3423,3794.0,0.9022140221402214
24,79,1,3639,3794.0,0.9591460200316289
24,79,2,3794,3794.0,1.0
24,80,0,3423,3836.0,0.8923357664233577
24,80,1,3836,3836.0,1.0
24,80,2,3794,3836.0,0.9890510948905109
24,81,0,3423,3877.0,0.8828991488264122
24,81,1,3877,3877.0,1.0
24,81,2,3794,3877.0,0.9785916946092339
24,82,0,3423,3919.0,0.8734371013013524
24,82,1,3919,3919.0,1.0
24,82,2,3794,3919.0,0.968104108190865
24,83,0,3423,3963.0,0.8637395912187736
24,83,1,3963,3963.0,1.0
24,83,2,3794,3963.0,0.9573555387332828
24,84,0,3423,4005.0,0.854681647940075
24,84,1,4005,4005.0,1.0
24,84,2,3794,4005.0,0.9473158551810237
24,85,0,3423,4049.0,0.8453939244257841
24,85,1,4049,4049.0,1.0
24,85,2,3794,4049.0,0.9370214867868609
24,86,0,3423,4109.0,0.8330494037478705
24,86,1,4049,4109.0,0.9853979070333414
24,86,2,4109,4109.0,1.0
24,87,0,3423,4150.0,0.8248192771084337
24,87,1,4049,4150.0,0.9756626506024096
24,87,2,4150,4150.0,1.0
24,88,0,3423,4187.0,0.8175304513971817
24,88,1,4187,4187.0,1.0
24,88,2,4150,4187.0,0.9911631239550991
24,89,0,3423,4233.0,0.8086463501063076
24,89,1,4233,4233.0,1.0
24,89,2,4150,4233.0,0.9803921568627451
24,90,0,3423,4273.0,0.8010765270301896
24,90,1,4273,4273.0,1.0
24,90,2,4150,4273.0,0.9712146033231921
24,91,0,3423,4310.0,0.7941995359628771
24,91,1,4273,4310.0,0.991415313225058
24,91,2,4310,4310.0,1.0
24,92,0,3423,4346.0,0.7876208007363092
24,92,1,4273,4346.0,0.9832029452369996
24,92,2,4346,4346.0,1.0
24,93,0,3423,4407.0,0.776718856364874
24,93,1,4273,4407.0,0.9695938280009077
24,93,2,4407,4407.0,1.0
24,94,0,3423,4447.0,0.7697324038677761
24,94,1,4447,4447.0,1.0
24,94,2,4407,4447.0,0.991005172026085
24,95,0,4518,4518.0,1.0
24,95,1,4447,4518.0,0.9842850818946437
24,95,2,4407,4518.0,0.9754316069057105
24,96,0,4518,4586.0,0.9851722634103794
24,96,1,4447,4586.0,0.9696903619712167
24,96,2,4586,4586.0,1.0
24,97,0,4518,4635.0,0.974757281553398
24,97,1,4635,4635.0,1.0
24,97,2,4586,4635.0,0.989428263214671
24,98,0,4518,4675.0,0.9664171122994653
24,98,1,4635,4675.0,0.9914438502673797
24,98,2,4675,4675.0,1.0
24,99,0,4518,4725.0,0.9561904761904761
24,99,1,4635,4725.0,0.9809523809523809
24,99,2,4725,4725.0,1.0
24,100,0,4518,4768.0,0.9475671140939598
24,100,1,4768,4768.0,1.0
24,100,2,4725,4768.0,0.990981543624161
24,101,0,4518,4816.0,0.9381229235880398
24,101,1,4816,4816.0,1.0
24,101,2,4725,4816.0,0.9811046511627907
24,102,0,4518,4866.0,0.9284833538840938
24,102,1,4866,4866.0,1.0
24,102,2,4725,4866.0,0.971023427866831
24,103,0,4518,4897.0,0.9226056769450685
24,103,1,4897,4897.0,1.0
24,103,2,4725,4897.0,0.9648764549724321
24,104,0,4518,4926.0,0.9171741778319124
24,104,1,4926,4926.0,1.0
24,104,2,4725,4926.0,0.9591961023142509
24,105,0,4518,4970.0,0.9090543259557344
24,105,1,4926,4970.0,0.9911468812877263
24,105,2,4970,4970.0,1.0
24,106,0,4518,5003.0,0.9030581651009394
24,106,1,5003,5003.0,1.0
24,106,2,4970,5003.0,0.9934039576254248
24,107,0,4518,5029.0,0.8983893418174588
24,107,1,5029,5029.0,1.0
24,107,2,4970,5029.0,0.9882680453370452
24,108,0,4518,5079.0,0.8895451860602481
24,108,1,5079,5079.0,1.0
24,108,2,4970,5079.0,0.9785390824965544
24,109,0,4518,5123.0,0.8819051337107163
24,109,1,5123,5123.0,1.0
24,109,2,4970,5123.0,0.9701346867070076
24,110,0,4518,5160.0,0.8755813953488372
24,110,1,5160,5160.0,1.0
24,110,2,4970,5160.0,0.9631782945736435
24,111,0,4518,5233.0,0.8633670934454424
24,111,1,5160,5233.0,0.9860500668832409
24,111,2,5233,5233.0,1.0
24,112,0,4518,5281.0,0.8555197879189548
24,112,1,5281,5281.0,1.0
24,112,2,5233,5281.0,0.9909108123461465
24,113,0,4518,5351.0,0.8443281629601943
24,113,1,5281,5351.0,0.986918333021865
24,113,2,5351,5351.0,1.0
24,114,0,4518,5392.0,0.8379080118694362
24,114,1,5392,5392.0,1.0
24,114,2,5351,5392.0,0.9923961424332344
24,115,0,4518,5433.0,0.8315847598012148
24,115,1,5392,5433.0,0.99245352475612
24,115,2,5433,5433.0,1.0
24,116,0,4518,5483.0,0.8240014590552617
24,116,1,5483,5483.0,1.0
24,116,2,5433,5483.0,0.9908809046142623
24,117,0,4518,5516.0,0.8190717911530094
24,117,1,5516,5516.0,1.0
24,117,2,5433,5516.0,0.9849528643944888
24,118,0,4518,5573.0,0.8106944195226987
24,118,1,5516,5573.0,0.9897721155571505
24,118,2,5573,5573.0,1.0
24,119,0,4518,5606.0,0.805922226186229
24,119,1,5606,5606.0,1.0
24,119,2,5573,5606.0,0.9941134498751338
24,120,0,4518,5638.0,0.8013479957431713
24,120,1,5638,5638.0,1.0
24,120,2,5573,5638.0,0.9884710890386662
24,121,0,4518,5675.0,0.7961233480176212
24,121,1,5638,5675.0,0.9934801762114538
24,121,2,5675,5675.0,1.0
24,122,0,4518,5740.0,0.7871080139372822
24,122,1,5638,5740.0,0.9822299651567944
24,122,2,5740,5740.0,1.0
24,123,0,4518,5789.0,0.7804456728277768
24,123,1,5638,5789.0,0.9739160476766281
24,123,2,5789,5789.0,1.0
24,124,0,4518,5826.0,0.7754891864057673
24,124,1,5826,5826.0,1.0
24,124,2,5789,5826.0,0.9936491589426708
24,125,0,4518,5868.0,0.7699386503067485
24,125,1,5868,5868.0,1.0
24,125,2,5789,5868.0,0.9865371506475801
24,126,0,4518,5909.0,0.7645963784058216
24,126,1,5909,5909.0,1.0
24,126,2,5789,5909.0,0.9796919952614656
24,127,0,4518,5946.0,0.7598385469223007
24,127,1,5946,5946.0,1.0
24,127,2,5789,5946.0,0.9735956945845947
24,128,0,4518,6015.0,0.7511221945137158
24,128,1,5946,6015.0,0.9885286783042394
24,128,2,6015,6015.0,1.0
24,129,0,4518,6050.0,0.7467768595041322
24,129,1,5946,6050.0,0.9828099173553719
24,129,2,6050,6050.0,1.0
24,130,0,4518,6080.0,0.7430921052631579
24,130,1,6080,6080.0,1.0
24,130,2,6050,6080.0,0.9950657894736842
24,131,0,4518,6122.0,0.7379941195687684
24,131,1,6122,6122.0,1.0
24,131,2,6050,6122.0,0.9882391375367527
24,132,0,4518,6171.0,0.7321341759844434
24,132,1,6171,6171.0,1.0
24,132,2,6050,6171.0,0.9803921568627451
24,133,0,4518,6212.0,0.72730199613651
24,133,1,6212,6212.0,1.0
24,133,2,6050,6212.0,0.9739214423696072
24,134,0,4518,6257.0,0.7220712801662138
24,134,1,6257,6257.0,1.0
24,134,2,6050,6257.0,0.9669170529007511
25,1,0,26,26.0,1.0
25,1,1,0,26.0,0.0
25,1,2,0,26.0,0.0
25,2,0,106,106.0,1.0
25,2,1,0,106.0,0.0
25,2,2,0,106.0,0.0
25,3,0,106,121.0,0.8760330578512396
25,3,1,121,121.0,1.0
25,3,2,0,121.0,0.0
25,4,0,196,196.0,1.0
25,4,1,121,196.0,0.6173469387755102
25,4,2,0,196.0,0.0
25,5,0,196,234.0,0.8376068376068376
25,5,1,234,234.0,1.0
25,5,2,0,234.0,0.0
25,6,0,196,264.0,0.7424242424242424
25,6,1,234,264.0,0.8863636363636364
25,6,2,264,264.0,1.0
25,7,0,312,312.0,1.0
25,7,1,234,312.0,0.75
25,7,2,264,312.0,0.8461538461538461
25,8,0,373,373.0,1.0
25,8,1,234,373.0,0.6273458445040214
25,8,2,264,373.0,0.707774798927614
25,9,0,438,438.0,1.0
25,9,1,234,438.0,0.5342465753424658
25,9,2,264,438.0,0.6027397260273972
25,10,0,438,469.0,0.9339019189765458
25,10,1,469,469.0,1.0
25,10,2,264,469.0,0.5628997867803838
25,11,0,527,527.0,1.0
25,11,1,469,527.0,0.889943074003795
25,11,2,264,527.0,0.5009487666034156
25,12,0,527,573.0,0.9197207678883071
25,12,1,469,573.0,0.8184991273996509
25,12,2,573,573.0,1.0
25,13,0,527,611.0,0.8625204582651391
25,13,1,611,611.0,1.0
25,13,2,573,611.0,0.9378068739770867
25,14,0,655,655.0,1.0
25,14,1,611,655.0,0.932824427480916
25,14,2,573,655.0,0.8748091603053435
25,15,0,655,697.0,0.93974175035868
25,15,1,697,697.0,1.0
25,15,2,573,697.0,0.8220946915351507
25,16,0,655,729.0,0.8984910836762688
25,16,1,729,729.0,1.0
25,16,2,573,729.0,0.7860082304526749
25,17,0,655,763.0,0.8584534731323722
25,17,1,729,763.0,0.9554390563564875
25,17,2,763,763.0,1.0
25,18,0,655,796.0,0.8228643216080402
25,18,1,796,796.0,1.0
25,18,2,763,796.0,0.9585427135678392
25,19,0,655,865.0,0.7572254335260116
25,19,1,796,865.0,0.9202312138728324
25,19,2,865,865.0,1.0
25,20,0,655,908.0,0.7213656387665198
25,20,1,908,908.0,1.0
25,20,2,865,908.0,0.9526431718061674
25,21,0,655,944.0,0.6938559322033898
25,21,1,944,944.0,1.0
25,21,2,865,944.0,0.9163135593220338
25,22,0,655,977.0,0.6704196519959058
25,22,1,977,977.0,1.0
25,22,2,865,977.0,0.8853633572159673
25,23,0,1040,1040.0,1.0
25,23,1,977,1040.0,0.9394230769230769
25,23,2,865,1040.0,0.8317307692307693
25,24,0,1040,1076.0,0.966542750929368
25,24,1,1076,1076.0,1.0
25,24,2,865,1076.0,0.8039033457249071
25,25,0,1152,1152.0,1.0
25,25,1,1076,1152.0,0.9340277777777778
25,25,2,865,1152.0,0.7508680555555556
25,26,0,1226,1226.0,1.0
25,26,1,1076,1226.0,0.8776508972267537
25,26,2,865,1226.0,0.7055464926590538
25,27,0,1226,1272.0,0.9638364779874213
25,27,1,1272,1272.0,1.0
25,27,2,865,1272.0,0.6800314465408805
25,28,0,1226,1345.0,0.9115241635687732
25,28,1,1272,1345.0,0.945724907063197
25,28,2,1345,1345.0,1.0
25,29,0,1410,1410.0,1.0
25,29,1,1272,1410.0,0.902127659574468
25,29,2,1345,1410.0,0.9539007092198581
25,30,0,1491,1491.0,1.0
25,30,1,1272,1491.0,0.8531187122736419
25,30,2,1345,1491.0,0.9020791415157612
25,31,0,1491,1555.0,0.9588424437299036
25,31,1,1272,1555.0,0.8180064308681672
25,31,2,1555,1555.0,1.0
25,32,0,1491,1588.0,0.9389168765743073
25,32,1,1588,1588.0,1.0
25,32,2,1555,1588.0,0.9792191435768262
25,33,0,1491,1623.0,0.9186691312384473
25,33,1,1623,1623.0,1.0
25,33,2,1555,1623.0,0.958102279728897
25,34,0,1491,1660.0,0.8981927710843374
25,34,1,1623,1660.0,0.977710843373494
25,34,2,1660,1660.0,1.0
25,35,0,1491,1695.0,0.879646017699115
25,35,1,1695,1695.0,1.0
25,35,2,1660,1695.0,0.9793510324483776
25,36,0,1491,1730.0,0.861849710982659
25,36,1,1730,1730.0,1.0
25,36,2,1660,1730.0,0.9595375722543352
25,37,0,1491,1785.0,0.8352941176470589
25,37,1,1730,1785.0,0.969187675070028
25,37,2,1785,1785.0,1.0
25,38,0,1844,1844.0,1.0
25,38,1,1730,1844.0,0.938177874186551
25,38,2,1785,1844.0,0.9680043383947939
25,39,0,1844,1913.0,0.9639309984317825
25,39,1,1730,1913.0,0.9043387349712494
25,39,2,1913,1913.0,1.0
25,40,0,1844,1966.0,0.9379450661241099
25,40,1,1730,1966.0,0.8799593082400814
25,40,2,1966,1966.0,1.0
25,41,0,1844,2006.0,0.9192422731804586
25,41,1,1730,2006.0,0.8624127617148555
25,41,2,2006,2006.0,1.0
25,42,0,1844,2056.0,0.896887159533074
25,42,1,2056,2056.0,1.0
25,42,2,2006,2056.0,0.97568093385214
25,43,0,1844,2090.0,0.8822966507177034
25,43,1,2090,2090.0,1.0
25,43,2,2006,2090.0,0.9598086124401913
25,44,0,1844,2128.0,0.8665413533834586
25,44,1,2128,2128.0,1.0
25,44,2,2006,2128.0,0.9426691729323309
25,45,0,1844,2166.0,0.8513388734995383
25,45,1,2166,2166.0,1.0
25,45,2,2006,2166.0,0.9261311172668514
25,46,0,1844,2204.0,0.8366606170598911
25,46,1,2204,2204.0,1.0
25,46,2,2006,2204.0,0.9101633393829401
25,47,0,1844,2239.0,0.82358195623046
25,47,1,2239,2239.0,1.0
25,47,2,2006,2239.0,0.8959356855739169
25,48,0,1844,2279.0,0.8091268100043879
25,48,1,2279,2279.0,1.0
25,48,2,2006,2279.0,0.8802106186924089
25,49,0,1844,2352.0,0.7840136054421769
25,49,1,2279,2352.0,0.9689625850340136
25,49,2,2352,2352.0,1.0
25,50,0,1844,2397.0,0.7692949520233625
25,50,1,2397,2397.0,1.0
25,50,2,2352,2397.0,0.981226533166458
25,51,0,1844,2429.0,0.7591601482091396
25,51,1,2429,2429.0,1.0
25,51,2,2352,2429.0,0.968299711815562
25,52,0,1844,2474.0,0.7453516572352465
25,52,1,2474,2474.0,1.0
25,52,2,2352,2474.0,0.9506871463217461
25,53,0,1844,2540.0,0.7259842519685039
25,53,1,2474,2540.0,0.974015748031496
25,53,2,2540,2540.0,1.0
25,54,0,2596,2596.0,1.0
25,54,1,2474,2596.0,0.9530046224961479
25,54,2,2540,2596.0,0.9784283513097073
25,55,0,2596,2625.0,0.9889523809523809
25,55,1,2625,2625.0,1.0
25,55,2,2540,2625.0,0.9676190476190476
25,56,0,2596,2658.0,0.9766741911211437
25,56,1,2625,2658.0,0.9875846501128668
25,56,2,2658,2658.0,1.0
25,57,0,2596,2688.0,0.9657738095238095
25,57,1,2688,2688.0,1.0
25,57,2,2658,2688.0,0.9888392857142857
25,58,0,2596,2744.0,0.9460641399416909
25,58,1,2688,2744.0,0.9795918367346939
25,58,2,2744,2744.0,1.0
25,59,0,2596,2784.0,0.9324712643678161
25,59,1,2784,2784.0,1.0
25,59,2,2744,2784.0,0.985632183908046
25,60,0,2596,2817.0,0.921547745828896
25,60,1,2817,2817.0,1.0
25,60,2,2744,2817.0,0.9740859069932553
25,61,0,2596,2867.0,0.9054761074293687
25,61,1,2867,2867.0,1.0
25,61,2,2744,2867.0,0.9570980118590862
25,62,0,2596,2916.0,0.8902606310013718
25,62,1,2867,2916.0,0.983196159122085
25,62,2,2916,2916.0,1.0
25,63,0,2596,2960.0,0.8770270270270271
25,63,1,2960,2960.0,1.0
25,63,2,2916,2960.0,0.9851351351351352
25,64,0,3015,3015.0,1.0
25,64,1,2960,3015.0,0.9817578772802653
25,64,2,2916,3015.0,0.9671641791044776
25,65,0,3015,3056.0,0.9865837696335078
25,65,1,2960,3056.0,0.9685863874345549
25,65,2,3056,3056.0,1.0
25,66,0,3015,3106.0,0.9707018673535094
25,66,1,2960,3106.0,0.952994204764971
25,66,2,3106,3106.0,1.0
25,67,0,3015,3149.0,0.9574468085106383
25,67,1,2960,3149.0,0.9399809463321689
25,67,2,3149,3149.0,1.0
25,68,0,3015,3214.0,0.9380833851897946
25,68,1,2960,3214.0,0.9209707529558183
25,68,2,3214,3214.0,1.0
25,69,0,3015,3259.0,0.9251304081006444
25,69,1,3259,3259.0,1.0
25,69,2,3214,3259.0,0.9861920834611844
25,70,0,3015,3332.0,0.9048619447779112
25,70,1,3259,3332.0,0.9780912364945978
25,70,2,3332,3332.0,1.0
25,71,0,3015,3371.0,0.8943933550875112
25,71,1,3259,3371.0,0.9667754375556215
25,71,2,3371,3371.0,1.0
25,72,0,3015,3412.0,0.8836459554513482
25,72,1,3412,3412.0,1.0
25,72,2,3371,3412.0,0.9879835873388042
25,73,0,3015,3486.0,0.8648881239242685
25,73,1,3412,3486.0,0.97877223178428
25,73,2,3486,3486.0,1.0
25,74,0,3015,3528.0,0.8545918367346939
25,74,1,3528,3528.0,1.0
25,74,2,3486,3528.0,0.9880952380952381
25,75,0,3600,3600.0,1.0
25,75,1,3528,3600.0,0.98
25,75,2,3486,3600.0,0.9683333333333334
25,76,0,3600,3650.0,0.9863013698630136
25,76,1,3650,3650.0,1.0
25,76,2,3486,3650.0,0.955068493150685
25,77,0,3721,3721.0,1.0
25,77,1,3650,3721.0,0.9809191077667294
25,77,2,3486,3721.0,0.9368449341574846
25,78,0,3721,3771.0,0.986740917528507
25,78,1,3771,3771.0,1.0
25,78,2,3486,3771.0,0.92442322991249
25,79,0,3721,3821.0,0.9738288406176394
25,79,1,3821,3821.0,1.0
25,79,2,3486,3821.0,0.9123266160690918
25,80,0,3721,3865.0,0.9627425614489004
25,80,1,3865,3865.0,1.0
25,80,2,3486,3865.0,0.9019404915912032
25,81,0,3721,3908.0,0.9521494370522006
25,81,1,3908,3908.0,1.0
25,81,2,3486,3908.0,0.8920163766632548
25,82,0,3721,3950.0,0.9420253164556962
25,82,1,3950,3950.0,1.0
25,82,2,3486,3950.0,0.8825316455696203
25,83,0,3721,3995.0,0.9314142678347935
25,83,1,3995,3995.0,1.0
25,83,2,3486,3995.0,0.8725907384230288
25,84,0,3721,4032.0,0.9228670634920635
25,84,1,4032,4032.0,1.0
25,84,2,3486,4032.0,0.8645833333333334
25,85,0,3721,4073.0,0.9135772158114412
25,85,1,4032,4073.0,0.989933709796219
25,85,2,4073,4073.0,1.0
25,86,0,3721,4127.0,0.9016234552944027
25,86,1,4032,4127.0,0.9769808577659317
25,86,2,4127,4127.0,1.0
25,87,0,3721,4169.0,0.8925401775005997
25,87,1,4032,4169.0,0.967138402494603
25,87,2,4169,4169.0,1.0
25,88,0,3721,4225.0,0.8807100591715976
25,88,1,4032,4225.0,0.954319526627219
25,88,2,4225,4225.0,1.0
25,89,0,3721,4274.0,0.8706130088909686
25,89,1,4274,4274.0,1.0
25,89,2,4225,4274.0,0.9885353299017314
25,90,0,3721,4314.0,0.8625405656003708
25,90,1,4314,4314.0,1.0
25,90,2,4225,4314.0,0.9793694946685211
25,91,0,3721,4350.0,0.8554022988505747
25,91,1,4314,4350.0,0.9917241379310345
25,91,2,4350,4350.0,1.0
25,92,0,3721,4388.0,0.8479945305378305
25,92,1,4388,4388.0,1.0
25,92,2,4350,4388.0,0.9913400182315406
25,93,0,3721,4423.0,0.8412841962468912
25,93,1,4388,4423.0,0.9920868189011983
25,93,2,4423,4423.0,1.0
25,94,0,3721,4465.0,0.8333706606942889
25,94,1,4388,4465.0,0.9827547592385218
25,94,2,4465,4465.0,1.0
25,95,0,3721,4506.0,0.8257878384376387
25,95,1,4506,4506.0,1.0
25,95,2,4465,4506.0,0.9909010208610741
25,96,0,3721,4543.0,0.8190622936385649
25,96,1,4506,4543.0,0.9918556020250936
25,96,2,4543,4543.0,1.0
25,97,0,3721,4606.0,0.8078593139383413
25,97,1,4506,4606.0,0.9782891880156318
25,97,2,4606,4606.0,1.0
25,98,0,3721,4648.0,0.8005593803786575
25,98,1,4648,4648.0,1.0
25,98,2,4606,4648.0,0.9909638554216867
25,99,0,3721,4698.0,0.792039165602384
25,99,1,4698,4698.0,1.0
25,99,2,4606,4698.0,0.9804171988080034
25,100,0,3721,4728.0,0.7870135363790186
25,100,1,4728,4728.0,1.0
25,100,2,4606,4728.0,0.9741962774957699
25,101,0,3721,4772.0,0.7797569153394803
25,101,1,4772,4772.0,1.0
25,101,2,4606,4772.0,0.9652137468566638
25,102,0,3721,4813.0,0.7731144816123
25,102,1,4813,4813.0,1.0
25,102,2,4606,4813.0,0.9569914814045294
25,103,0,3721,4873.0,0.7635953211573979
25,103,1,4813,4873.0,0.9876872563102811
25,103,2,4873,4873.0,1.0
25,104,0,3721,4915.0,0.7570701932858596
25,104,1,4915,4915.0,1.0
25,104,2,4873,4915.0,0.9914547304170905
25,105,0,3721,4952.0,0.7514135702746365
25,105,1,4952,4952.0,1.0
25,105,2,4873,4952.0,0.9840468497576736
25,106,0,3721,4985.0,0.7464393179538615
25,106,1,4985,4985.0,1.0
25,106,2,4873,4985.0,0.9775325977933801
25,107,0,3721,5031.0,0.7396143907771815
25,107,1,5031,5031.0,1.0
25,107,2,4873,5031.0,0.9685947127807593
25,108,0,3721,5092.0,0.7307541241162608
25,108,1,5031,5092.0,0.9880204241948154
25,108,2,5092,5092.0,1.0
25,109,0,3721,5160.0,0.7211240310077519
25,109,1,5031,5160.0,0.975
25,109,2,5160,5160.0,1.0
25,110,0,5231,5231.0,1.0
25,110,1,5031,5231.0,0.9617663926591474
25,110,2,5160,5231.0,0.9864270693939973
25,111,0,5231,5262.0,0.9941087039148613
25,111,1,5262,5262.0,1.0
25,111,2,5160,5262.0,0.9806157354618016
25,112,0,5231,5295.0,0.9879131255901794
25,112,1,5295,5295.0,1.0
25,112,2,5160,5295.0,0.9745042492917847
25,113,0,5231,5328.0,0.9817942942942943
25,113,1,5328,5328.0,1.0
25,113,2,5160,5328.0,0.9684684684684685
25,114,0,5231,5365.0,0.9750232991612302
25,114,1,5365,5365.0,1.0
25,114,2,5160,5365.0,0.961789375582479
25,115,0,5231,5422.0,0.9647731464404279
25,115,1,5365,5422.0,0.9894872740686094
25,115,2,5422,5422.0,1.0
25,116,0,5231,5462.0,0.9577077993409008
25,116,1,5365,5462.0,0.982240937385573
25,116,2,5462,5462.0,1.0
25,117,0,5524,5524.0,1.0
25,117,1,5365,5524.0,0.971216509775525
25,117,2,5462,5524.0,0.9887762490948588
25,118,0,5524,5572.0,0.9913854989231874
25,118,1,5572,5572.0,1.0
25,118,2,5462,5572.0,0.9802584350323044
25,119,0,5524,5603.0,0.985900410494378
25,119,1,5603,5603.0,1.0
25,119,2,5462,5603.0,0.9748349098697127
25,120,0,5524,5653.0,0.9771802582699451
25,120,1,5603,5653.0,0.9911551388643198
25,120,2,5653,5653.0,1.0
25,121,0,5524,5694.0,0.9701440112399017
25,121,1,5694,5694.0,1.0
25,121,2,5653,5694.0,0.9927994380049174
25,122,0,5524,5734.0,0.9633763515870247
25,122,1,5734,5734.0,1.0
25,122,2,5653,5734.0,0.9858737356121381
25,123,0,5524,5779.0,0.9558747188094826
25,123,1,5779,5779.0,1.0
25,123,2,5653,5779.0,0.9781969198823326
25,124,0,5524,5827.0,0.9480006864595847
25,124,1,5827,5827.0,1.0
25,124,2,5653,5827.0,0.9701390080659001
25,125,0,5524,5869.0,0.9412165615948203
25,125,1,5869,5869.0,1.0
25,125,2,5653,5869.0,0.9631964559550179
25,126,0,5524,5906.0,0.935320013545547
25,126,1,5869,5906.0,0.9937351845580765
25,126,2,5906,5906.0,1.0
25,127,0,5524,5950.0,0.9284033613445378
25,127,1,5869,5950.0,0.9863865546218488
25,127,2,5950,5950.0,1.0
25,128,0,5524,5982.0,0.9234369775994651
25,128,1,5982,5982.0,1.0
25,128,2,5950,5982.0,0.9946506185222334
25,129,0,5524,6036.0,0.9151756129887343
25,129,1,5982,6036.0,0.9910536779324056
25,129,2,6036,6036.0,1.0
25,130,0,5524,6073.0,0.9095998682693891
25,130,1,6073,6073.0,1.0
25,130,2,6036,6073.0,0.9939074592458422
25,131,0,5524,6110.0,0.9040916530278232
25,131,1,6110,6110.0,1.0
25,131,2,6036,6110.0,0.9878887070376432
25,132,0,5524,6159.0,0.8968988472154571
25,132,1,6159,6159.0,1.0
25,132,2,6036,6159.0,0.9800292255236239
25,133,0,5524,6229.0,0.8868197142398458
25,133,1,6159,6229.0,0.9887622411301975
25,133,2,6229,6229.0,1.0
25,134,0,5524,6262.0,0.8821462791440434
25,134,1,6262,6262.0,1.0
25,134,2,6229,6262.0,0.9947301181731076
26,1,0,35,35.0,1.0
26,1,1,0,35.0,0.0
26,1,2,0,35.0,0.0
26,2,0,83,83.0,1.0
26,2,1,0,83.0,0.0
26,2,2,0,83.0,0.0
26,3,0,83,106.0,0.7830188679245284
26,3,1,106,106.0,1.0
26,3,2,0,106.0,0.0
26,4,0,167,167.0,1.0
26,4,1,106,167.0,0.6347305389221557
26,4,2,0,167.0,0.0
26,5,0,247,247.0,1.0
26,5,1,106,247.0,0.4291497975708502
26,5,2,0,247.0,0.0
26,6,0,323,323.0,1.0
26,6,1,106,323.0,0.3281733746130031
26,6,2,0,323.0,0.0
26,7,0,381,381.0,1.0
26,7,1,106,381.0,0.2782152230971129
26,7,2,0,381.0,0.0
26,8,0,381,417.0,0.9136690647482014
26,8,1,417,417.0,1.0
26,8,2,0,417.0,0.0
26,9,0,381,452.0,0.8429203539823009
26,9,1,452,452.0,1.0
26,9,2,0,452.0,0.0
26,10,0,496,496.0,1.0
26,10,1,452,496.0,0.9112903225806451
26,10,2,0,496.0,0.0
26,11,0,562,562.0,1.0
26,11,1,452,562.0,0.8042704626334519
26,11,2,0,562.0,0.0
26,12,0,627,627.0,1.0
26,12,1,452,627.0,0.7208931419457735
26,12,2,0,627.0,0.0
26,13,0,627,660.0,0.95
26,13,1,660,660.0,1.0
26,13,2,0,660.0,0.0
26,14,0,627,693.0,0.9047619047619048
26,14,1,693,693.0,1.0
26,14,2,0,693.0,0.0
26,15,0,627,731.0,0.8577291381668947
26,15,1,693,731.0,0.948016415868673
26,15,2,731,731.0,1.0
26,16,0,627,762.0,0.8228346456692913
26,16,1,762,762.0,1.0
26,16,2,731,762.0,0.9593175853018373
26,17,0,812,812.0,1.0
26,17,1,762,812.0,0.9384236453201971
26,17,2,731,812.0,0.9002463054187192
26,18,0,812,842.0,0.9643705463182898
26,18,1,842,842.0,1.0
26,18,2,731,842.0,0.8681710213776722
26,19,0,920,920.0,1.0
26,19,1,842,920.0,0.9152173913043479
26,19,2,731,920.0,0.7945652173913044
26,20,0,920,954.0,0.9643605870020965
26,20,1,842,954.0,0.8825995807127882
26,20,2,954,954.0,1.0
26,21,0,920,994.0,0.9255533199195171
26,21,1,994,994.0,1.0
26,21,2,954,994.0,0.959758551307847
26,22,0,920,1040.0,0.8846153846153846
26,22,1,994,1040.0,0.9557692307692308
26,22,2,1040,1040.0,1.0
26,23,0,920,1083.0,0.8494921514312096
26,23,1,1083,1083.0,1.0
26,23,2,1040,1083.0,0.9602954755309326
26,24,0,920,1119.0,0.8221626452189454
26,24,1,1119,1119.0,1.0
26,24,2,1040,1119.0,0.9294012511170688
26,25,0,920,1156.0,0.7958477508650519
26,25,1,1119,1156.0,0.9679930795847751
26,25,2,1156,1156.0,1.0
26,26,0,920,1220.0,0.7540983606557377
26,26,1,1119,1220.0,0.9172131147540984
26,26,2,1220,1220.0,1.0
26,27,0,920,1293.0,0.711523588553751
26,27,1,1119,1293.0,0.8654292343387471
26,27,2,1293,1293.0,1.0
26,28,0,1349,1349.0,1.0
26,28,1,1119,1349.0,0.8295033358042995
26,28,2,1293,1349.0,0.9584877687175686
26,29,0,1423,1423.0,1.0
26,29,1,1119,1423.0,0.786366830639494
26,29,2,1293,1423.0,0.9086437104708363
26,30,0,1423,1478.0,0.9627875507442489
26,30,1,1119,1478.0,0.7571041948579161
26,30,2,1478,1478.0,1.0
26,31,0,1423,1516.0,0.9386543535620053
26,31,1,1516,1516.0,1.0
26,31,2,1478,1516.0,0.974934036939314
26,32,0,1423,1562.0,0.91101152368758
26,32,1,1562,1562.0,1.0
26,32,2,1478,1562.0,0.9462227912932138
26,33,0,1423,1600.0,0.889375
26,33,1,1600,1600.0,1.0
26,33,2,1478,1600.0,0.92375
26,34,0,1423,1640.0,0.8676829268292683
26,34,1,1600,1640.0,0.975609756097561
26,34,2,1640,1640.0,1.0
26,35,0,1680,1680.0,1.0
26,35,1,1600,1680.0,0.9523809523809523
26,35,2,1640,1680.0,0.9761904761904762
26,36,0,1680,1722.0,0.975609756097561
26,36,1,1722,1722.0,1.0
26,36,2,1640,1722.0,0.9523809523809523
26,37,0,1680,1754.0,0.9578107183580388
26,37,1,1754,1754.0,1.0
26,37,2,1640,1754.0,0.935005701254276
26,38,0,1813,1813.0,1.0
26,38,1,1754,1813.0,0.9674572531715389
26,38,2,1640,1813.0,0.9045780474351903
26,39,0,1813,1851.0,0.9794705564559697
26,39,1,1851,1851.0,1.0
26,39,2,1640,1851.0,0.8860075634792004
26,40,0,1813,1920.0,0.9442708333333333
26,40,1,1851,1920.0,0.9640625
26,40,2,1920,1920.0,1.0
26,41,0,1813,1954.0,0.9278403275332651
26,41,1,1954,1954.0,1.0
26,41,2,1920,1954.0,0.9825997952917093
26,42,0,1813,1989.0,0.9115133232780291
26,42,1,1989,1989.0,1.0
26,42,2,1920,1989.0,0.9653092006033183
26,43,0,1813,2034.0,0.8913470993117011
26,43,1,1989,2034.0,0.9778761061946902
26,43,2,2034,2034.0,1.0
26,44,0,1813,2107.0,0.8604651162790697
26,44,1,1989,2107.0,0.9439962031324157
26,44,2,2107,2107.0,1.0
26,45,0,1813,2171.0,0.8350990327038231
26,45,1,1989,2171.0,0.9161676646706587
26,45,2,2171,2171.0,1.0
26,46,0,1813,2206.0,0.8218495013599275
26,46,1,2206,2206.0,1.0
26,46,2,2171,2206.0,0.9841341795104261
26,47,0,1813,2241.0,0.8090138331102187
26,47,1,2241,2241.0,1.0
26,47,2,2171,2241.0,0.9687639446675591
26,48,0,2297,2297.0,1.0
26,48,1,2241,2297.0,0.9756203744013932
26,48,2,2171,2297.0,0.9451458424031345
26,49,0,2297,2340.0,0.9816239316239316
26,49,1,2340,2340.0,1.0
26,49,2,2171,2340.0,0.9277777777777778
26,50,0,2297,2390.0,0.9610878661087866
26,50,1,2390,2390.0,1.0
26,50,2,2171,2390.0,0.9083682008368201
26,51,0,2297,2435.0,0.9433264887063655
26,51,1,2435,2435.0,1.0
26,51,2,2171,2435.0,0.8915811088295688
26,52,0,2297,2468.0,0.9307131280388979
26,52,1,2468,2468.0,1.0
26,52,2,2171,2468.0,0.8796596434359806
26,53,0,2297,2525.0,0.9097029702970297
26,53,1,2468,2525.0,0.9774257425742574
26,53,2,2525,2525.0,1.0
26,54,0,2297,2581.0,0.8899651297946533
26,54,1,2468,2581.0,0.9562185199535064
26,54,2,2581,2581.0,1.0
26,55,0,2297,2626.0,0.8747143945163747
26,55,1,2626,2626.0,1.0
26,55,2,2581,2626.0,0.9828636709824828
26,56,0,2297,2656.0,0.8648343373493976
26,56,1,2656,2656.0,1.0
26,56,2,2581,2656.0,0.9717620481927711
26,57,0,2297,2690.0,0.8539033457249071
26,57,1,2690,2690.0,1.0
26,57,2,2581,2690.0,0.9594795539033457
26,58,0,2297,2739.0,0.8386272362175977
26,58,1,2739,2739.0,1.0
26,58,2,2581,2739.0,0.9423147133990507
26,59,0,2297,2784.0,0.8250718390804598
26,59,1,2784,2784.0,1.0
26,59,2,2581,2784.0,0.9270833333333334
26,60,0,2297,2821.0,0.8142502658631691
26,60,1,2784,2821.0,0.9868840836582772
26,60,2,2821,2821.0,1.0
26,61,0,2297,2854.0,0.8048353188507358
26,61,1,2854,2854.0,1.0
26,61,2,2821,2854.0,0.98843728100911
26,62,0,2297,2904.0,0.7909779614325069
26,62,1,2904,2904.0,1.0
26,62,2,2821,2904.0,0.9714187327823691
26,63,0,2975,2975.0,1.0
26,63,1,2904,2975.0,0.9761344537815126
26,63,2,2821,2975.0,0.9482352941176471
26,64,0,2975,3024.0,0.9837962962962963
26,64,1,2904,3024.0,0.9603174603174603
26,64,2,3024,3024.0,1.0
26,65,0,2975,3064.0,0.9709530026109661
26,65,1,3064,3064.0,1.0
26,65,2,3024,3064.0,0.9869451697127938
26,66,0,2975,3107.0,0.9575152880592211
26,66,1,3107,3107.0,1.0
26,66,2,3024,3107.0,0.9732861280978435
26,67,0,2975,3139.0,0.947754061803122
26,67,1,3139,3139.0,1.0
26,67,2,3024,3139.0,0.9633641287034087
26,68,0,2975,3205.0,0.9282371294851794
26,68,1,3139,3205.0,0.9794071762870514
26,68,2,3205,3205.0,1.0
26,69,0,3252,3252.0,1.0
26,69,1,3139,3252.0,0.9652521525215252
26,69,2,3205,3252.0,0.9855473554735548
26,70,0,3252,3302.0,0.9848576620230164
26,70,1,3139,3302.0,0.9506359781950333
26,70,2,3302,3302.0,1.0
26,71,0,3252,3343.0,0.9727789410708944
26,71,1,3139,3343.0,0.9389769667962907
26,71,2,3343,3343.0,1.0
26,72,0,3252,3382.0,0.9615612063867534
26,72,1,3382,3382.0,1.0
26,72,2,3343,3382.0,0.988468361916026
26,73,0,3252,3424.0,0.9497663551401869
26,73,1,3382,3424.0,0.9877336448598131
26,73,2,3424,3424.0,1.0
26,74,0,3252,3462.0,0.9393414211438474
26,74,1,3382,3462.0,0.976891969959561
26,74,2,3462,3462.0,1.0
26,75,0,3252,3512.0,0.9259681093394078
26,75,1,3512,3512.0,1.0
26,75,2,3462,3512.0,0.9857630979498861
26,76,0,3252,3572.0,0.910414333706607
26,76,1,3512,3572.0,0.9832026875699889
26,76,2,3572,3572.0,1.0
26,77,0,3252,3614.0,0.8998339789706696
26,77,1,3614,3614.0,1.0
26,77,2,3572,3614.0,0.9883785279468733
26,78,0,3252,3657.0,0.889253486464315
26,78,1,3614,3657.0,0.9882417281925076
26,78,2,3657,3657.0,1.0
26,79,0,3252,3698.0,0.879394267171444
26,79,1,3698,3698.0,1.0
26,79,2,3657,3698.0,0.9889129259058951
26,80,0,3252,3738.0,0.869983948635634
26,80,1,3738,3738.0,1.0
26,80,2,3657,3738.0,0.978330658105939
26,81,0,3252,3777.0,0.8610007942811755
26,81,1,3738,3777.0,0.9896743447180302
26,81,2,3777,3777.0,1.0
26,82,0,3252,3851.0,0.8444559854583226
26,82,1,3738,3851.0,0.9706569722150091
26,82,2,3851,3851.0,1.0
26,83,0,3252,3888.0,0.8364197530864198
26,83,1,3888,3888.0,1.0
26,83,2,3851,3888.0,0.9904835390946503
26,84,0,3252,3933.0,0.8268497330282227
26,84,1,3933,3933.0,1.0
26,84,2,3851,3933.0,0.9791507754894483
26,85,0,4005,4005.0,1.0
26,85,1,3933,4005.0,0.9820224719101124
26,85,2,3851,4005.0,0.9615480649188515
26,86,0,4005,4046.0,0.9898665348492338
26,86,1,4046,4046.0,1.0
26,86,2,3851,4046.0,0.9518042511122096
26,87,0,4005,4086.0,0.9801762114537445
26,87,1,4086,4086.0,1.0
26,87,2,3851,4086.0,0.942486539402839
26,88,0,4005,4131.0,0.9694989106753813
26,88,1,4131,4131.0,1.0
26,88,2,3851,4131.0,0.9322198015008473
26,89,0,4005,4174.0,0.9595112601820796
26,89,1,4174,4174.0,1.0
26,89,2,3851,4174.0,0.9226161954959272
26,90,0,4005,4230.0,0.9468085106382979
26,90,1,4174,4230.0,0.9867612293144208
26,90,2,4230,4230.0,1.0
26,91,0,4005,4290.0,0.9335664335664335
26,91,1,4174,4290.0,0.972960372960373
26,91,2,4290,4290.0,1.0
26,92,0,4005,4330.0,0.9249422632794457
26,92,1,4174,4330.0,0.9639722863741339
26,92,2,4330,4330.0,1.0
26,93,0,4005,4374.0,0.9156378600823045
26,93,1,4374,4374.0,1.0
26,93,2,4330,4374.0,0.9899405578417924
26,94,0,4455,4455.0,1.0
26,94,1,4374,4455.0,0.9818181818181818
26,94,2,4330,4455.0,0.9719416386083053
26,95,0,4455,4492.0,0.9917631344612645
26,95,1,4492,4492.0,1.0
26,95,2,4330,4492.0,0.9639358860195903
26,96,0,4455,4546.0,0.9799824021117466
26,96,1,4492,4546.0,0.9881214254289485
26,96,2,4546,4546.0,1.0
26,97,0,4455,4588.0,0.9710113339145597
26,97,1,4588,4588.0,1.0
26,97,2,4546,4588.0,0.9908456843940715
26,98,0,4455,4661.0,0.9558034756490024
26,98,1,4588,4661.0,0.9843381248659085
26,98,2,4661,4661.0,1.0
26,99,0,4455,4711.0,0.9456590957333899
26,99,1,4711,4711.0,1.0
26,99,2,4661,4711.0,0.9893865421354278
26,100,0,4455,4755.0,0.9369085173501577
26,100,1,4711,4755.0,0.9907465825446898
26,100,2,4755,4755.0,1.0
26,101,0,4455,4793.0,0.9294804923847277
26,101,1,4793,4793.0,1.0
26,101,2,4755,4793.0,0.9920717713331942
26,102,0,4455,4835.0,0.921406411582213
26,102,1,4793,4835.0,0.9913133402275077
26,102,2,4835,4835.0,1.0
26,103,0,4455,4879.0,0.9130969460955114
26,103,1,4879,4879.0,1.0
26,103,2,4835,4879.0,0.9909817585570814
26,104,0,4455,4915.0,0.9064089521871821
26,104,1,4879,4915.0,0.992675483214649
26,104,2,4915,4915.0,1.0
26,105,0,4455,4951.0,0.8998182185417087
26,105,1,4879,4951.0,0.9854574833366997
26,105,2,4951,4951.0,1.0
26,106,0,4455,4977.0,0.895117540687161
26,106,1,4977,4977.0,1.0
26,106,2,4951,4977.0,0.9947759694595137
26,107,0,4455,5047.0,0.8827025956013473
26,107,1,4977,5047.0,0.986130374479889
26,107,2,5047,5047.0,1.0
26,108,0,4455,5108.0,0.8721613155833986
26,108,1,4977,5108.0,0.9743539545810493
26,108,2,5108,5108.0,1.0
26,109,0,4455,5154.0,0.8643771827706636
26,109,1,5154,5154.0,1.0
26,109,2,5108,5154.0,0.9910748932867676
26,110,0,4455,5192.0,0.8580508474576272
26,110,1,5192,5192.0,1.0
26,110,2,5108,5192.0,0.9838212634822804
26,111,0,4455,5246.0,0.8492184521540221
26,111,1,5192,5246.0,0.9897064430041936
26,111,2,5246,5246.0,1.0
26,112,0,4455,5314.0,0.8383515242754986
26,112,1,5192,5314.0,0.9770417764395936
26,112,2,5314,5314.0,1.0
26,113,0,4455,5356.0,0.8317774458551157
26,113,1,5356,5356.0,1.0
26,113,2,5314,5356.0,0.9921583271097835
26,114,0,4455,5389.0,0.826683985897198
26,114,1,5389,5389.0,1.0
26,114,2,5314,5389.0,0.9860827611801819
26,115,0,4455,5439.0,0.8190843905129619
26,115,1,5439,5439.0,1.0
26,115,2,5314,5439.0,0.9770178341606913
26,116,0,4455,5471.0,0.8142935477974776
26,116,1,5439,5471.0,0.9941509778833851
26,116,2,5471,5471.0,1.0
26,117,0,4455,5508.0,0.8088235294117647
26,117,1,5508,5508.0,1.0
26,117,2,5471,5508.0,0.993282498184459
26,118,0,4455,5548.0,0.8029920692141312
26,118,1,5508,5548.0,0.992790194664744
26,118,2,5548,5548.0,1.0
26,119,0,4455,5585.0,0.7976723366159355
26,119,1,5585,5585.0,1.0
26,119,2,5548,5585.0,0.9933751119068934
26,120,0,4455,5616.0,0.7932692307692307
26,120,1,5616,5616.0,1.0
26,120,2,5548,5616.0,0.9878917378917379
26,121,0,4455,5684.0,0.7837790288529205
26,121,1,5616,5684.0,0.988036593947924
26,121,2,5684,5684.0,1.0
26,122,0,4455,5739.0,0.7762676424464192
26,122,1,5616,5739.0,0.9785676947203346
26,122,2,5739,5739.0,1.0
26,123,0,4455,5780.0,0.7707612456747405
26,123,1,5780,5780.0,1.0
26,123,2,5739,5780.0,0.9929065743944636
26,124,0,4455,5810.0,0.7667814113597247
26,124,1,5810,5810.0,1.0
26,124,2,5739,5810.0,0.9877796901893288
26,125,0,4455,5858.0,0.7604984636394674
26,125,1,5858,5858.0,1.0
26,125,2,5739,5858.0,0.9796858996244452
26,126,0,4455,5901.0,0.7549567869852567
26,126,1,5901,5901.0,1.0
26,126,2,5739,5901.0,0.9725470259278088
26,127,0,4455,5933.0,0.7508848811730996
26,127,1,5933,5933.0,1.0
26,127,2,5739,5933.0,0.9673015337940334
26,128,0,4455,5975.0,0.7456066945606694
26,128,1,5975,5975.0,1.0
26,128,2,5739,5975.0,0.9605020920502092
26,129,0,4455,6008.0,0.7415113182423435
26,129,1,6008,6008.0,1.0
26,129,2,5739,6008.0,0.9552263648468708
26,130,0,4455,6045.0,0.7369727047146402
26,130,1,6045,6045.0,1.0
26,130,2,5739,6045.0,0.9493796526054591
26,131,0,4455,6087.0,0.7318876293740759
26,131,1,6087,6087.0,1.0
26,131,2,5739,6087.0,0.9428289797930015
26,132,0,4455,6136.0,0.7260430247718384
26,132,1,6136,6136.0,1.0
26,132,2,5739,6136.0,0.9352998696219035
26,133,0,4455,6177.0,0.7212238950947062
26,133,1,6177,6177.0,1.0
26,133,2,5739,6177.0,0.9290917921321029
26,134,0,4455,6222.0,0.7160077145612344
26,134,1,6222,6222.0,1.0
26,134,2,5739,6222.0,0.9223722275795564
27,1,0,18,18.0,1.0
27,1,1,0,18.0,0.0
27,1,2,0,18.0,0.0
27,2,0,94,94.0,1.0
27,2,1,0,94.0,0.0
27,2,2,0,94.0,0.0
27,3,0,153,153.0,1.0
27,3,1,0,153.0,0.0
27,3,2,0,153.0,0.0
27,4,0,228,228.0,1.0
27,4,1,0,228.0,0.0
27,4,2,0,228.0,0.0
27,5,0,228,241.0,0.946058091286307
27,5,1,241,241.0,1.0
27,5,2,0,241.0,0.0
27,6,0,312,312.0,1.0
27,6,1,241,312.0,0.7724358974358975
27,6,2,0,312.0,0.0
27,7,0,312,355.0,0.8788732394366198
27,7,1,355,355.0,1.0
27,7,2,0,355.0,0.0
27,8,0,433,433.0,1.0
27,8,1,355,433.0,0.8198614318706697
27,8,2,0,433.0,0.0
27,9,0,492,492.0,1.0
27,9,1,355,492.0,0.7215447154471545
27,9,2,0,492.0,0.0
27,10,0,572,572.0,1.0
27,10,1,355,572.0,0.6206293706293706
27,10,2,0,572.0,0.0
27,11,0,652,652.0,1.0
27,11,1,355,652.0,0.5444785276073619
27,11,2,0,652.0,0.0
27,12,0,652,706.0,0.9235127478753541
27,12,1,355,706.0,0.5028328611898017
27,12,2,706,706.0,1.0
27,13,0,782,782.0,1.0
27,13,1,355,782.0,0.4539641943734015
27,13,2,706,782.0,0.9028132992327366
27,14,0,856,856.0,1.0
27,14,1,355,856.0,0.4147196261682243
27,14,2,706,856.0,0.8247663551401869
27,15,0,856,929.0,0.9214208826695371
27,15,1,355,929.0,0.3821313240043057
27,15,2,929,929.0,1.0
27,16,0,856,993.0,0.8620342396777442
27,16,1,355,993.0,0.35750251762336355
27,16,2,993,993.0,1.0
27,17,0,856,1021.0,0.8383937316356513
27,17,1,1021,1021.0,1.0
27,17,2,993,1021.0,0.9725759059745348
27,18,0,856,1071.0,0.7992530345471522
27,18,1,1071,1071.0,1.0
27,18,2,993,1071.0,0.927170868347339
27,19,0,856,1116.0,0.7670250896057348
27,19,1,1116,1116.0,1.0
27,19,2,993,1116.0,0.8897849462365591
27,20,0,856,1156.0,0.740484429065744
27,20,1,1156,1156.0,1.0
27,20,2,993,1156.0,0.8589965397923875
27,21,0,856,1205.0,0.7103734439834025
27,21,1,1156,1205.0,0.9593360995850623
27,21,2,1205,1205.0,1.0
27,22,0,856,1241.0,0.6897663174858985
27,22,1,1241,1241.0,1.0
27,22,2,1205,1241.0,0.9709911361804996
27,23,0,856,1282.0,0.6677067082683308
27,23,1,1241,1282.0,0.96801872074883
27,23,2,1282,1282.0,1.0
27,24,0,856,1333.0,0.6421605401350338
27,24,1,1241,1333.0,0.9309827456864216
27,24,2,1333,1333.0,1.0
27,25,0,856,1371.0,0.62436177972283
27,25,1,1371,1371.0,1.0
27,25,2,1333,1371.0,0.9722830051057623
27,26,0,1437,1437.0,1.0
27,26,1,1371,1437.0,0.954070981210856
27,26,2,1333,1437.0,0.9276270006958942
27,27,0,1437,1472.0,0.9762228260869565
27,27,1,1472,1472.0,1.0
27,27,2,1333,1472.0,0.9055706521739131
27,28,0,1535,1535.0,1.0
27,28,1,1472,1535.0,0.958957654723127
27,28,2,1333,1535.0,0.8684039087947882
27,29,0,1535,1575.0,0.9746031746031746
27,29,1,1575,1575.0,1.0
27,29,2,1333,1575.0,0.8463492063492063
27,30,0,1646,1646.0,1.0
27,30,1,1575,1646.0,0.956865127582017
27,30,2,1333,1646.0,0.8098420413122722
27,31,0,1711,1711.0,1.0
27,31,1,1575,1711.0,0.9205143191116306
27,31,2,1333,1711.0,0.7790765634132086
27,32,0,1711,1753.0,0.9760410724472333
27,32,1,1753,1753.0,1.0
27,32,2,1333,1753.0,0.7604107244723332
27,33,0,1711,1789.0,0.956400223588597
27,33,1,1789,1789.0,1.0
27,33,2,1333,1789.0,0.7451089994410285
27,34,0,1845,1845.0,1.0
27,34,1,1789,1845.0,0.9696476964769648
27,34,2,1333,1845.0,0.7224932249322493
27,35,0,1845,1877.0,0.9829515183803943
27,35,1,1877,1877.0,1.0
27,35,2,1333,1877.0,0.7101758124667021
27,36,0,1845,1910.0,0.9659685863874345
27,36,1,1910,1910.0,1.0
27,36,2,1333,1910.0,0.6979057591623037
27,37,0,1845,1945.0,0.9485861182519281
27,37,1,1945,1945.0,1.0
27,37,2,1333,1945.0,0.6853470437017994
27,38,0,2011,2011.0,1.0
27,38,1,1945,2011.0,0.9671805072103431
27,38,2,1333,2011.0,0.6628543013426156
27,39,0,2011,2051.0,0.9804973183812774
27,39,1,1945,2051.0,0.9483178937103852
27,39,2,2051,2051.0,1.0
27,40,0,2011,2108.0,0.9539848197343453
27,40,1,1945,2108.0,0.9226755218216319
27,40,2,2108,2108.0,1.0
27,41,0,2011,2143.0,0.9384041063929072
27,41,1,2143,2143.0,1.0
27,41,2,2108,2143.0,0.9836677554829678
27,42,0,2011,2196.0,0.9157559198542805
27,42,1,2143,2196.0,0.9758652094717668
27,42,2,2196,2196.0,1.0
27,43,0,2011,2265.0,0.8878587196467991
27,43,1,2143,2265.0,0.9461368653421633
27,43,2,2265,2265.0,1.0
27,44,0,2011,2304.0,0.8728298611111112
27,44,1,2143,2304.0,0.9301215277777778
27,44,2,2304,2304.0,1.0
27,45,0,2011,2339.0,0.8597691321077383
27,45,1,2339,2339.0,1.0
27,45,2,2304,2339.0,0.9850363403163745
27,46,0,2011,2394.0,0.8400167084377611
27,46,1,2339,2394.0,0.9770258980785297
27,46,2,2394,2394.0,1.0
27,47,0,2011,2428.0,0.8282537067545305
27,47,1,2428,2428.0,1.0
27,47,2,2394,2428.0,0.985996705107084
27,48,0,2011,2501.0,0.804078368652539
27,48,1,2428,2501.0,0.970811675329868
27,48,2,2501,2501.0,1.0
27,49,0,2011,2551.0,0.7883183065464524
27,49,1,2551,2551.0,1.0
27,49,2,2501,2551.0,0.9803998431987456
27,50,0,2011,2593.0,0.7755495564982645
27,50,1,2593,2593.0,1.0
27,50,2,2501,2593.0,0.9645198611646741
27,51,0,2011,2638.0,0.7623199393479909
27,51,1,2638,2638.0,1.0
27,51,2,2501,2638.0,0.9480667172100076
27,52,0,2011,2683.0,0.749534103615356
27,52,1,2638,2683.0,0.9832277301528141
27,52,2,2683,2683.0,1.0
27,53,0,2011,2726.0,0.7377109317681585
27,53,1,2726,2726.0,1.0
27,53,2,2683,2726.0,0.9842259721203228
27,54,0,2011,2768.0,0.7265173410404624
27,54,1,2768,2768.0,1.0
27,54,2,2683,2768.0,0.9692919075144508
27,55,0,2011,2802.0,0.7177016416845111
27,55,1,2768,2802.0,0.9878658101356174
27,55,2,2802,2802.0,1.0
27,56,0,2011,2867.0,0.7014300662713638
27,56,1,2768,2867.0,0.9654691314963376
27,56,2,2867,2867.0,1.0
27,57,0,2011,2910.0,0.6910652920962199
27,57,1,2910,2910.0,1.0
27,57,2,2867,2910.0,0.9852233676975946
27,58,0,2011,2966.0,0.6780175320296696
27,58,1,2910,2966.0,0.9811193526635199
27,58,2,2966,2966.0,1.0
27,59,0,2011,3039.0,0.6617308325106943
27,59,1,2910,3039.0,0.9575518262586377
27,59,2,3039,3039.0,1.0
27,60,0,2011,3089.0,0.6510197474910975
27,60,1,3089,3089.0,1.0
27,60,2,3039,3089.0,0.9838135318873422
27,61,0,2011,3133.0,0.6418767954037664
27,61,1,3133,3133.0,1.0
27,61,2,3039,3133.0,0.969996808171082
27,62,0,2011,3176.0,0.6331863979848866
27,62,1,3176,3176.0,1.0
27,62,2,3039,3176.0,0.9568639798488665
27,63,0,2011,3212.0,0.6260896637608966
27,63,1,3212,3212.0,1.0
27,63,2,3039,3212.0,0.9461394769613948
27,64,0,2011,3249.0,0.6189596799015081
27,64,1,3212,3249.0,0.9886118805786396
27,64,2,3249,3249.0,1.0
27,65,0,2011,3281.0,0.6129228893629991
27,65,1,3281,3281.0,1.0
27,65,2,3249,3281.0,0.9902468759524535
27,66,0,2011,3314.0,0.6068195534097767
27,66,1,3314,3314.0,1.0
27,66,2,3249,3314.0,0.9803862401931202
27,67,0,2011,3364.0,0.5978002378121284
27,67,1,3314,3364.0,0.9851367419738407
27,67,2,3364,3364.0,1.0
27,68,0,2011,3401.0,0.5912966774478094
27,68,1,3314,3401.0,0.9744192884445751
27,68,2,3401,3401.0,1.0
27,69,0,2011,3435.0,0.5854439592430859
27,69,1,3435,3435.0,1.0
27,69,2,3401,3435.0,0.9901018922852984
27,70,0,2011,3476.0,0.5785385500575374
27,70,1,3435,3476.0,0.988204833141542
27,70,2,3476,3476.0,1.0
27,71,0,2011,3514.0,0.5722822993739328
27,71,1,3514,3514.0,1.0
27,71,2,3476,3514.0,0.9891861126920888
27,72,0,2011,3563.0,0.564412012349144
27,72,1,3563,3563.0,1.0
27,72,2,3476,3563.0,0.9755823744035925
27,73,0,3618,3618.0,1.0
27,73,1,3563,3618.0,0.9847982310668878
27,73,2,3476,3618.0,0.960751796572692
27,74,0,3680,3680.0,1.0
27,74,1,3563,3680.0,0.9682065217391305
27,74,2,3476,3680.0,0.9445652173913044
27,75,0,3680,3723.0,0.9884501745903841
27,75,1,3723,3723.0,1.0
27,75,2,3476,3723.0,0.9336556540424389
27,76,0,3680,3777.0,0.9743182419909981
27,76,1,3723,3777.0,0.9857029388403494
27,76,2,3777,3777.0,1.0
27,77,0,3680,3838.0,0.958832725377801
27,77,1,3723,3838.0,0.9700364773319438
27,77,2,3838,3838.0,1.0
27,78,0,3680,3888.0,0.9465020576131687
27,78,1,3888,3888.0,1.0
27,78,2,3838,3888.0,0.9871399176954733
27,79,0,3680,3934.0,0.9354346720894764
27,79,1,3934,3934.0,1.0
27,79,2,3838,3934.0,0.9755973563802746
27,80,0,3680,3984.0,0.9236947791164659
27,80,1,3984,3984.0,1.0
27,80,2,3838,3984.0,0.9633534136546185
27,81,0,3680,4016.0,0.9163346613545816
27,81,1,4016,4016.0,1.0
27,81,2,3838,4016.0,0.9556772908366534
27,82,0,3680,4056.0,0.9072978303747534
27,82,1,4056,4056.0,1.0
27,82,2,3838,4056.0,0.9462524654832347
27,83,0,3680,4106.0,0.8962493911349245
27,83,1,4106,4106.0,1.0
27,83,2,3838,4106.0,0.9347296639064783
27,84,0,3680,4150.0,0.8867469879518072
27,84,1,4150,4150.0,1.0
27,84,2,3838,4150.0,0.9248192771084337
27,85,0,3680,4191.0,0.8780720591744213
27,85,1,4191,4191.0,1.0
27,85,2,3838,4191.0,0.9157718921498449
27,86,0,3680,4228.0,0.8703878902554399
27,86,1,4228,4228.0,1.0
27,86,2,3838,4228.0,0.9077578051087984
27,87,0,3680,4284.0,0.8590102707749766
27,87,1,4228,4284.0,0.9869281045751634
27,87,2,4284,4284.0,1.0
27,88,0,3680,4321.0,0.8516547095579727
27,88,1,4321,4321.0,1.0
27,88,2,4284,4321.0,0.9914371673223791
27,89,0,3680,4351.0,0.8457825787175361
27,89,1,4351,4351.0,1.0
27,89,2,4284,4351.0,0.9846012410940014
27,90,0,3680,4389.0,0.8384597858282069
27,90,1,4389,4389.0,1.0
27,90,2,4284,4389.0,0.9760765550239234
27,91,0,3680,4419.0,0.8327675944783888
27,91,1,4419,4419.0,1.0
27,91,2,4284,4419.0,0.9694501018329938
27,92,0,3680,4461.0,0.8249271463797355
27,92,1,4419,4461.0,0.9905850706119704
27,92,2,4461,4461.0,1.0
27,93,0,3680,4498.0,0.8181413961760783
27,93,1,4419,4498.0,0.9824366385060027
27,93,2,4498,4498.0,1.0
27,94,0,3680,4531.0,0.8121827411167513
27,94,1,4531,4531.0,1.0
27,94,2,4498,4531.0,0.9927168395497683
27,95,0,3680,4573.0,0.8047233763393833
27,95,1,4573,4573.0,1.0
27,95,2,4498,4573.0,0.9835993877104745
27,96,0,3680,4618.0,0.7968817669987007
27,96,1,4618,4618.0,1.0
27,96,2,4498,4618.0,0.9740147249891729
27,97,0,3680,4658.0,0.7900386431945041
27,97,1,4658,4658.0,1.0
27,97,2,4498,4658.0,0.965650493774152
27,98,0,3680,4696.0,0.7836456558773425
27,98,1,4696,4696.0,1.0
27,98,2,4498,4696.0,0.9578364565587735
27,99,0,3680,4733.0,0.7775195436298331
27,99,1,4733,4733.0,1.0
27,99,2,4498,4733.0,0.9503486160997253
27,100,0,3680,4771.0,0.7713267658771746
27,100,1,4733,4771.0,0.9920352127436596
27,100,2,4771,4771.0,1.0
27,101,0,3680,4813.0,0.7645958861416996
27,101,1,4733,4813.0,0.9833783503012674
27,101,2,4813,4813.0,1.0
27,102,0,3680,4869.0,0.7558020127336209
27,102,1,4733,4869.0,0.9720681864859314
27,102,2,4869,4869.0,1.0
27,103,0,3680,4943.0,0.7444871535504755
27,103,1,4733,4943.0,0.9575156787376088
27,103,2,4943,4943.0,1.0
27,104,0,3680,5003.0,0.7355586648011193
27,104,1,4733,5003.0,0.9460323805716571
27,104,2,5003,5003.0,1.0
27,105,0,3680,5046.0,0.729290527150218
27,105,1,4733,5046.0,0.937970669837495
27,105,2,5046,5046.0,1.0
27,106,0,3680,5086.0,0.7235548564687377
27,106,1,4733,5086.0,0.9305937868659064
27,106,2,5086,5086.0,1.0
27,107,0,3680,5135.0,0.7166504381694255
27,107,1,5135,5135.0,1.0
27,107,2,5086,5135.0,0.9904576436222006
27,108,0,3680,5176.0,0.7109737248840804
27,108,1,5176,5176.0,1.0
27,108,2,5086,5176.0,0.982612055641422
27,109,0,3680,5212.0,0.7060629316960859
27,109,1,5212,5212.0,1.0
27,109,2,5086,5212.0,0.9758250191864927
27,110,0,3680,5253.0,0.7005520654863887
27,110,1,5253,5253.0,1.0
27,110,2,5086,5253.0,0.9682086426803731
27,111,0,3680,5297.0,0.6947328676609401
27,111,1,5297,5297.0,1.0
27,111,2,5086,5297.0,0.9601661317727015
27,112,0,3680,5327.0,0.690820349164633
27,112,1,5327,5327.0,1.0
27,112,2,5086,5327.0,0.9547587760465552
27,113,0,3680,5373.0,0.6849060115391774
27,113,1,5373,5373.0,1.0
27,113,2,5086,5373.0,0.9465847757305044
27,114,0,3680,5413.0,0.6798448180306669
27,114,1,5373,5413.0,0.9926103824127102
27,114,2,5413,5413.0,1.0
27,115,0,3680,5444.0,0.6759735488611315
27,115,1,5373,5444.0,0.9869581190301249
27,115,2,5444,5444.0,1.0
27,116,0,3680,5489.0,0.6704317726361815
27,116,1,5489,5489.0,1.0
27,116,2,5444,5489.0,0.9918017853889597
27,117,0,3680,5544.0,0.6637806637806638
27,117,1,5489,5544.0,0.9900793650793651
27,117,2,5544,5544.0,1.0
27,118,0,3680,5588.0,0.658554044380816
27,118,1,5489,5588.0,0.9822834645669292
27,118,2,5588,5588.0,1.0
27,119,0,3680,5636.0,0.6529453513129879
27,119,1,5636,5636.0,1.0
27,119,2,5588,5636.0,0.9914833215046132
27,120,0,3680,5679.0,0.6480014086987146
27,120,1,5679,5679.0,1.0
27,120,2,5588,5679.0,0.9839760521218525
27,121,0,3680,5747.0,0.6403340873499217
27,121,1,5679,5747.0,0.9881677396902732
27,121,2,5747,5747.0,1.0
27,122,0,5819,5819.0,1.0
27,122,1,5679,5819.0,0.9759408833132841
27,122,2,5747,5819.0,0.987626739989689
27,123,0,5819,5864.0,0.9923260572987722
27,123,1,5864,5864.0,1.0
27,123,2,5747,5864.0,0.9800477489768077
27,124,0,5819,5934.0,0.9806201550387597
27,124,1,5864,5934.0,0.9882035726322885
27,124,2,5934,5934.0,1.0
27,125,0,5819,5976.0,0.9737282463186078
27,125,1,5976,5976.0,1.0
27,125,2,5934,5976.0,0.9929718875502008
27,126,0,5819,6030.0,0.9650082918739635
27,126,1,5976,6030.0,0.991044776119403
27,126,2,6030,6030.0,1.0
27,127,0,5819,6072.0,0.9583333333333334
27,127,1,6072,6072.0,1.0
27,127,2,6030,6072.0,0.9930830039525692
27,128,0,5819,6105.0,0.9531531531531532
27,128,1,6105,6105.0,1.0
27,128,2,6030,6105.0,0.9877149877149877
27,129,0,5819,6147.0,0.9466406377094517
27,129,1,6147,6147.0,1.0
27,129,2,6030,6147.0,0.9809663250366032
27,130,0,5819,6215.0,0.9362831858407079
27,130,1,6147,6215.0,0.9890587288817377
27,130,2,6215,6215.0,1.0
27,131,0,5819,6246.0,0.9316362471982068
27,131,1,6246,6246.0,1.0
27,131,2,6215,6246.0,0.9950368235670829
27,132,0,5819,6279.0,0.9267399267399268
27,132,1,6279,6279.0,1.0
27,132,2,6215,6279.0,0.9898072941551203
27,133,0,5819,6305.0,0.9229183187946075
27,133,1,6305,6305.0,1.0
27,133,2,6215,6305.0,0.985725614591594
27,134,0,5819,6337.0,0.9182578507180054
27,134,1,6337,6337.0,1.0
27,134,2,6215,6337.0,0.9807479880069433
28,1,0,40,40.0,1.0
28,1,1,0,40.0,0.0
28,1,2,0,40.0,0.0
28,2,0,83,83.0,1.0
28,2,1,0,83.0,0.0
28,2,2,0,83.0,0.0
28,3,0,159,159.0,1.0
28,3,1,0,159.0,0.0
28,3,2,0,159.0,0.0
28,4,0,159,172.0,0.9244186046511628
28,4,1,172,172.0,1.0
28,4,2,0,172.0,0.0
28,5,0,243,243.0,1.0
28,5,1,172,243.0,0.7078189300411523
28,5,2,0,243.0,0.0
28,6,0,243,279.0,0.8709677419354839
28,6,1,279,279.0,1.0
28,6,2,0,279.0,0.0
28,7,0,243,301.0,0.8073089700996677
28,7,1,279,301.0,0.9269102990033222
28,7,2,301,301.0,1.0
28,8,0,381,381.0,1.0
28,8,1,279,381.0,0.7322834645669292
28,8,2,301,381.0,0.7900262467191601
28,9,0,437,437.0,1.0
28,9,1,279,437.0,0.6384439359267735
28,9,2,301,437.0,0.6887871853546911
28,10,0,509,509.0,1.0
28,10,1,279,509.0,0.5481335952848723
28,10,2,301,509.0,0.5913555992141454
28,11,0,509,545.0,0.9339449541284404
28,11,1,545,545.0,1.0
28,11,2,301,545.0,0.5522935779816514
28,12,0,509,583.0,0.8730703259005146
28,12,1,583,583.0,1.0
28,12,2,301,583.0,0.516295025728988
28,13,0,634,634.0,1.0
28,13,1,583,634.0,0.919558359621451
28,13,2,301,634.0,0.4747634069400631
28,14,0,634,685.0,0.9255474452554745
28,14,1,583,685.0,0.8510948905109489
28,14,2,685,685.0,1.0
28,15,0,763,763.0,1.0
28,15,1,583,763.0,0.7640891218872871
28,15,2,685,763.0,0.8977719528178244
28,16,0,763,799.0,0.9549436795994993
28,16,1,799,799.0,1.0
28,16,2,685,799.0,0.8573216520650814
28,17,0,763,834.0,0.9148681055155875
28,17,1,834,834.0,1.0
28,17,2,685,834.0,0.8213429256594724
28,18,0,763,882.0,0.8650793650793651
28,18,1,834,882.0,0.9455782312925171
28,18,2,882,882.0,1.0
28,19,0,956,956.0,1.0
28,19,1,834,956.0,0.8723849372384938
28,19,2,882,956.0,0.9225941422594143
28,20,0,956,1005.0,0.9512437810945273
28,20,1,834,1005.0,0.8298507462686567
28,20,2,1005,1005.0,1.0
28,21,0,1080,1080.0,1.0
28,21,1,834,1080.0,0.7722222222222223
28,21,2,1005,1080.0,0.9305555555555556
28,22,0,1080,1125.0,0.96
28,22,1,1125,1125.0,1.0
28,22,2,1005,1125.0,0.8933333333333333
28,23,0,1206,1206.0,1.0
28,23,1,1125,1206.0,0.9328358208955224
28,23,2,1005,1206.0,0.8333333333333334
28,24,0,1206,1244.0,0.9694533762057878
28,24,1,1244,1244.0,1.0
28,24,2,1005,1244.0,0.8078778135048231
28,25,0,1303,1303.0,1.0
28,25,1,1244,1303.0,0.9547198772064467
28,25,2,1005,1303.0,0.7712970069071374
28,26,0,1303,1336.0,0.9752994011976048
28,26,1,1336,1336.0,1.0
28,26,2,1005,1336.0,0.7522455089820359
28,27,0,1303,1409.0,0.9247693399574166
28,27,1,1336,1409.0,0.9481902058197303
28,27,2,1409,1409.0,1.0
28,28,0,1303,1452.0,0.8973829201101928
28,28,1,1452,1452.0,1.0
28,28,2,1409,1452.0,0.9703856749311295
28,29,0,1528,1528.0,1.0
28,29,1,1452,1528.0,0.9502617801047121
28,29,2,1409,1528.0,0.9221204188481675
28,30,0,1583,1583.0,1.0
28,30,1,1452,1583.0,0.9172457359444094
28,30,2,1409,1583.0,0.8900821225521163
28,31,0,1583,1637.0,0.9670128283445327
28,31,1,1452,1637.0,0.8869883934025656
28,31,2,1637,1637.0,1.0
28,32,0,1583,1671.0,0.9473369239976063
28,32,1,1452,1671.0,0.8689407540394973
28,32,2,1671,1671.0,1.0
28,33,0,1736,1736.0,1.0
28,33,1,1452,1736.0,0.836405529953917
28,33,2,1671,1736.0,0.9625576036866359
28,34,0,1736,1769.0,0.9813453928773318
28,34,1,1769,1769.0,1.0
28,34,2,1671,1769.0,0.9446014697569248
28,35,0,1828,1828.0,1.0
28,35,1,1769,1828.0,0.9677242888402626
28,35,2,1671,1828.0,0.9141137855579868
28,36,0,1828,1871.0,0.9770176376269375
28,36,1,1871,1871.0,1.0
28,36,2,1671,1871.0,0.8931052912880812
28,37,0,1828,1927.0,0.9486248053969901
28,37,1,1871,1927.0,0.9709392838609238
28,37,2,1927,1927.0,1.0
28,38,0,1990,1990.0,1.0
28,38,1,1871,1990.0,0.9402010050251256
28,38,2,1927,1990.0,0.9683417085427136
28,39,0,1990,2059.0,0.9664885866925692
28,39,1,1871,2059.0,0.9086935405536668
28,39,2,2059,2059.0,1.0
28,40,0,1990,2132.0,0.9333958724202627
28,40,1,1871,2132.0,0.8775797373358349
28,40,2,2132,2132.0,1.0
28,41,0,1990,2168.0,0.9178966789667896
28,41,1,1871,2168.0,0.8630073800738007
28,41,2,2168,2168.0,1.0
28,42,0,1990,2203.0,0.9033136631865638
28,42,1,2203,2203.0,1.0
28,42,2,2168,2203.0,0.9841125737630504
28,43,0,1990,2238.0,0.8891867739052726
28,43,1,2238,2238.0,1.0
28,43,2,2168,2238.0,0.968722073279714
28,44,0,1990,2302.0,0.8644656820156386
28,44,1,2238,2302.0,0.9721980886185926
28,44,2,2302,2302.0,1.0
28,45,0,1990,2342.0,0.8497011101622545
28,45,1,2238,2342.0,0.955593509820666
28,45,2,2342,2342.0,1.0
28,46,0,1990,2382.0,0.8354324097397146
28,46,1,2382,2382.0,1.0
28,46,2,2342,2382.0,0.9832073887489504
28,47,0,1990,2447.0,0.8132407029015121
28,47,1,2382,2447.0,0.9734368614630159
28,47,2,2447,2447.0,1.0
28,48,0,1990,2492.0,0.7985553772070626
28,48,1,2492,2492.0,1.0
28,48,2,2447,2492.0,0.9819422150882825
28,49,0,1990,2561.0,0.7770402186645842
28,49,1,2492,2561.0,0.9730573994533386
28,49,2,2561,2561.0,1.0
28,50,0,1990,2611.0,0.7621600919188051
28,50,1,2611,2611.0,1.0
28,50,2,2561,2611.0,0.9808502489467636
28,51,0,1990,2684.0,0.7414307004470939
28,51,1,2611,2684.0,0.9728017883755589
28,51,2,2684,2684.0,1.0
28,52,0,1990,2729.0,0.7292048369366069
28,52,1,2611,2729.0,0.9567607182117992
28,52,2,2729,2729.0,1.0
28,53,0,1990,2771.0,0.7181522915914832
28,53,1,2771,2771.0,1.0
28,53,2,2729,2771.0,0.9848430169613858
28,54,0,1990,2806.0,0.7091945830363506
28,54,1,2806,2806.0,1.0
28,54,2,2729,2806.0,0.9725588025659302
28,55,0,1990,2856.0,0.6967787114845938
28,55,1,2856,2856.0,1.0
28,55,2,2729,2856.0,0.9555322128851541
28,56,0,1990,2905.0,0.685025817555938
28,56,1,2905,2905.0,1.0
28,56,2,2729,2905.0,0.9394148020654045
28,57,0,1990,2948.0,0.675033921302578
28,57,1,2948,2948.0,1.0
28,57,2,2729,2948.0,0.9257123473541384
28,58,0,1990,3017.0,0.6595956247928406
28,58,1,2948,3017.0,0.9771295989393437
28,58,2,3017,3017.0,1.0
28,59,0,1990,3069.0,0.6484196806777452
28,59,1,2948,3069.0,0.9605734767025089
28,59,2,3069,3069.0,1.0
28,60,0,1990,3115.0,0.6388443017656501
28,60,1,3115,3115.0,1.0
28,60,2,3069,3115.0,0.9852327447833066
28,61,0,1990,3148.0,0.6321473951715375
28,61,1,3148,3148.0,1.0
28,61,2,3069,3148.0,0.9749047013977128
28,62,0,1990,3188.0,0.624215809284818
28,62,1,3148,3188.0,0.9874529485570891
28,62,2,3188,3188.0,1.0
28,63,0,1990,3238.0,0.6145768993205682
28,63,1,3238,3238.0,1.0
28,63,2,3188,3238.0,0.9845583693638048
28,64,0,1990,3288.0,0.6052311435523114
28,64,1,3288,3288.0,1.0
28,64,2,3188,3288.0,0.9695863746958637
28,65,0,1990,3331.0,0.5974181927349145
28,65,1,3331,3331.0,1.0
28,65,2,3188,3331.0,0.957069948964275
28,66,0,1990,3373.0,0.5899792469611622
28,66,1,3373,3373.0,1.0
28,66,2,3188,3373.0,0.9451526830714497
28,67,0,1990,3412.0,0.5832356389214537
28,67,1,3373,3412.0,0.988569753810082
28,67,2,3412,3412.0,1.0
28,68,0,1990,3462.0,0.5748122472559214
28,68,1,3462,3462.0,1.0
28,68,2,3412,3462.0,0.9855574812247256
28,69,0,1990,3497.0,0.5690591935945096
28,69,1,3497,3497.0,1.0
28,69,2,3412,3497.0,0.9756934515298827
28,70,0,1990,3565.0,0.5582047685834503
28,70,1,3497,3565.0,0.9809256661991584
28,70,2,3565,3565.0,1.0
28,71,0,1990,3609.0,0.5513992795788307
28,71,1,3609,3609.0,1.0
28,71,2,3565,3609.0,0.9878082571349405
28,72,0,1990,3664.0,0.5431222707423581
28,72,1,3609,3664.0,0.9849890829694323
28,72,2,3664,3664.0,1.0
28,73,0,1990,3694.0,0.5387114239306985
28,73,1,3694,3694.0,1.0
28,73,2,3664,3694.0,0.991878722252301
28,74,0,1990,3729.0,0.533655135425047
28,74,1,3729,3729.0,1.0
28,74,2,3664,3729.0,0.9825690533655136
28,75,0,1990,3761.0,0.5291145971816006
28,75,1,3761,3761.0,1.0
28,75,2,3664,3761.0,0.9742089869715501
28,76,0,1990,3795.0,0.5243741765480896
28,76,1,3795,3795.0,1.0
28,76,2,3664,3795.0,0.9654808959156785
28,77,0,1990,3840.0,0.5182291666666666
28,77,1,3840,3840.0,1.0
28,77,2,3664,3840.0,0.9541666666666667
28,78,0,1990,3896.0,0.5107802874743327
28,78,1,3840,3896.0,0.9856262833675564
28,78,2,3896,3896.0,1.0
28,79,0,1990,3933.0,0.5059750826341215
28,79,1,3933,3933.0,1.0
28,79,2,3896,3933.0,0.9905924230867023
28,80,0,1990,3975.0,0.5006289308176101
28,80,1,3975,3975.0,1.0
28,80,2,3896,3975.0,0.980125786163522
28,81,0,1990,4016.0,0.4955179282868526
28,81,1,4016,4016.0,1.0
28,81,2,3896,4016.0,0.9701195219123506
28,82,0,4078,4078.0,1.0
28,82,1,4016,4078.0,0.984796468857283
28,82,2,3896,4078.0,0.9553702795487984
28,83,0,4078,4118.0,0.9902865468674114
28,83,1,4118,4118.0,1.0
28,83,2,3896,4118.0,0.9460903351141331
28,84,0,4078,4162.0,0.9798173954829409
28,84,1,4118,4162.0,0.9894281595386833
28,84,2,4162,4162.0,1.0
28,85,0,4078,4193.0,0.9725733365132363
28,85,1,4193,4193.0,1.0
28,85,2,4162,4193.0,0.9926067254948724
28,86,0,4078,4235.0,0.9629279811097993
28,86,1,4235,4235.0,1.0
28,86,2,4162,4235.0,0.982762691853601
28,87,0,4078,4272.0,0.9545880149812734
28,87,1,4235,4272.0,0.9913389513108615
28,87,2,4272,4272.0,1.0
28,88,0,4078,4310.0,0.9461716937354988
28,88,1,4310,4310.0,1.0
28,88,2,4272,4310.0,0.9911832946635731
28,89,0,4078,4353.0,0.9368251780381346
28,89,1,4310,4353.0,0.9901217551114174
28,89,2,4353,4353.0,1.0
28,90,0,4078,4385.0,0.9299885974914481
28,90,1,4385,4385.0,1.0
28,90,2,4353,4385.0,0.9927023945267959
28,91,0,4078,4428.0,0.9209575429087624
28,91,1,4428,4428.0,1.0
28,91,2,4353,4428.0,0.9830623306233063
28,92,0,4078,4496.0,0.9070284697508897
28,92,1,4428,4496.0,0.9848754448398577
28,92,2,4496,4496.0,1.0
28,93,0,4552,4552.0,1.0
28,93,1,4428,4552.0,0.9727592267135325
28,93,2,4496,4552.0,0.9876977152899824
28,94,0,4552,4597.0,0.9902110071785948
28,94,1,4597,4597.0,1.0
28,94,2,4496,4597.0,0.9780291494452904
28,95,0,4552,4651.0,0.978714254998925
28,95,1,4597,4651.0,0.9883895936357773
28,95,2,4651,4651.0,1.0
28,96,0,4552,4677.0,0.9732734658969425
28,96,1,4677,4677.0,1.0
28,96,2,4651,4677.0,0.994440880906564
28,97,0,4552,4716.0,0.9652247667514843
28,97,1,4716,4716.0,1.0
28,97,2,4651,4716.0,0.9862171331636981
28,98,0,4552,4758.0,0.9567044976881043
28,98,1,4758,4758.0,1.0
28,98,2,4651,4758.0,0.9775115594787726
28,99,0,4552,4819.0,0.9445943141730649
28,99,1,4758,4819.0,0.9873417721518988
28,99,2,4819,4819.0,1.0
28,100,0,4552,4852.0,0.9381698268755152
28,100,1,4758,4852.0,0.9806265457543281
28,100,2,4852,4852.0,1.0
28,101,0,4552,4885.0,0.9318321392016377
28,101,1,4885,4885.0,1.0
28,101,2,4852,4885.0,0.9932446264073695
28,102,0,4552,4922.0,0.9248273059731816
28,102,1,4922,4922.0,1.0
28,102,2,4852,4922.0,0.9857781389678992
28,103,0,4552,4963.0,0.9171871851702599
28,103,1,4922,4963.0,0.9917388676203909
28,103,2,4963,4963.0,1.0
28,104,0,4552,5000.0,0.9104
28,104,1,5000,5000.0,1.0
28,104,2,4963,5000.0,0.9926
28,105,0,4552,5070.0,0.8978303747534516
28,105,1,5000,5070.0,0.9861932938856016
28,105,2,5070,5070.0,1.0
28,106,0,4552,5102.0,0.8921991375931008
28,106,1,5102,5102.0,1.0
28,106,2,5070,5102.0,0.9937279498235986
28,107,0,4552,5136.0,0.8862928348909658
28,107,1,5136,5136.0,1.0
28,107,2,5070,5136.0,0.9871495327102804
28,108,0,4552,5178.0,0.8791039011201236
28,108,1,5178,5178.0,1.0
28,108,2,5070,5178.0,0.9791425260718424
28,109,0,4552,5219.0,0.8721977390304656
28,109,1,5219,5219.0,1.0
28,109,2,5070,5219.0,0.9714504694385898
28,110,0,4552,5269.0,0.8639210476371227
28,110,1,5269,5269.0,1.0
28,110,2,5070,5269.0,0.9622319225659518
28,111,0,4552,5329.0,0.8541940326515294
28,111,1,5269,5329.0,0.9887408519422031
28,111,2,5329,5329.0,1.0
28,112,0,4552,5378.0,0.846411305317962
28,112,1,5378,5378.0,1.0
28,112,2,5329,5378.0,0.9908888062476757
28,113,0,4552,5418.0,0.8401624215577704
28,113,1,5378,5418.0,0.9926172019195275
28,113,2,5418,5418.0,1.0
28,114,0,4552,5451.0,0.8350761328196661
28,114,1,5451,5451.0,1.0
28,114,2,5418,5451.0,0.9939460649422125
28,115,0,4552,5488.0,0.8294460641399417
28,115,1,5451,5488.0,0.9932580174927114
28,115,2,5488,5488.0,1.0
28,116,0,4552,5538.0,0.821957385337667
28,116,1,5451,5538.0,0.9842903575297941
28,116,2,5538,5538.0,1.0
28,117,0,4552,5580.0,0.8157706093189964
28,117,1,5451,5580.0,0.9768817204301076
28,117,2,5580,5580.0,1.0
28,118,0,4552,5621.0,0.8098203166696317
28,118,1,5621,5621.0,1.0
28,118,2,5580,5621.0,0.9927059242127735
28,119,0,4552,5661.0,0.8040982158629217
28,119,1,5661,5661.0,1.0
28,119,2,5580,5661.0,0.985691573926868
28,120,0,4552,5707.0,0.7976169616260732
28,120,1,5707,5707.0,1.0
28,120,2,5580,5707.0,0.9777466269493604
28,121,0,4552,5751.0,0.7915145192140497
28,121,1,5751,5751.0,1.0
28,121,2,5580,5751.0,0.9702660406885759
28,122,0,4552,5794.0,0.7856403175698999
28,122,1,5794,5794.0,1.0
28,122,2,5580,5794.0,0.9630652399033482
28,123,0,4552,5836.0,0.7799862919808088
28,123,1,5794,5836.0,0.9928032899246059
28,123,2,5836,5836.0,1.0
28,124,0,4552,5866.0,0.7759972724173202
28,124,1,5866,5866.0,1.0
28,124,2,5836,5866.0,0.9948857824752813
28,125,0,4552,5921.0,0.7687890559027192
28,125,1,5866,5921.0,0.990711028542476
28,125,2,5921,5921.0,1.0
28,126,0,4552,5957.0,0.7641430250125902
28,126,1,5866,5957.0,0.9847238542890717
28,126,2,5957,5957.0,1.0
28,127,0,4552,6005.0,0.7580349708576186
28,127,1,6005,6005.0,1.0
28,127,2,5957,6005.0,0.9920066611157369
28,128,0,4552,6048.0,0.7526455026455027
28,128,1,6048,6048.0,1.0
28,128,2,5957,6048.0,0.9849537037037037
28,129,0,4552,6109.0,0.745130135865117
28,129,1,6048,6109.0,0.9900147323620887
28,129,2,6109,6109.0,1.0
28,130,0,4552,6142.0,0.7411266688375122
28,130,1,6142,6142.0,1.0
28,130,2,6109,6142.0,0.9946271572777596
28,131,0,4552,6184.0,0.7360931435963778
28,131,1,6184,6184.0,1.0
28,131,2,6109,6184.0,0.9878719275549805
28,132,0,4552,6221.0,0.7317151583346729
28,132,1,6221,6221.0,1.0
28,132,2,6109,6221.0,0.9819964635910625
28,133,0,4552,6257.0,0.7275051941825156
28,133,1,6257,6257.0,1.0
28,133,2,6109,6257.0,0.9763464919290394
28,134,0,4552,6302.0,0.7223103776578864
28,134,1,6302,6302.0,1.0
28,134,2,6109,6302.0,0.9693748016502698
29,1,0,36,36.0,1.0
29,1,1,0,36.0,0.0
29,1,2,0,36.0,0.0
29,2,0,114,114.0,1.0
29,2,1,0,114.0,0.0
29,2,2,0,114.0,0.0
29,3,0,188,188.0,1.0
29,3,1,0,188.0,0.0
29,3,2,0,188.0,0.0
29,4,0,244,244.0,1.0
29,4,1,0,244.0,0.0
29,4,2,0,244.0,0.0
29,5,0,244,264.0,0.9242424242424242
29,5,1,264,264.0,1.0
29,5,2,0,264.0,0.0
29,6,0,244,289.0,0.8442906574394463
29,6,1,289,289.0,1.0
29,6,2,0,289.0,0.0
29,7,0,244,323.0,0.7554179566563467
29,7,1,289,323.0,0.8947368421052632
29,7,2,323,323.0,1.0
29,8,0,385,385.0,1.0
29,8,1,289,385.0,0.7506493506493507
29,8,2,323,385.0,0.8389610389610389
29,9,0,456,456.0,1.0
29,9,1,289,456.0,0.6337719298245614
29,9,2,323,456.0,0.7083333333333334
29,10,0,456,496.0,0.9193548387096774
29,10,1,496,496.0,1.0
29,10,2,323,496.0,0.6512096774193549
29,11,0,456,529.0,0.8620037807183365
29,11,1,529,529.0,1.0
29,11,2,323,529.0,0.610586011342155
29,12,0,592,592.0,1.0
29,12,1,529,592.0,0.893581081081081
29,12,2,323,592.0,0.5456081081081081
29,13,0,651,651.0,1.0
29,13,1,529,651.0,0.8125960061443932
29,13,2,323,651.0,0.49615975422427033
29,14,0,651,686.0,0.9489795918367347
29,14,1,686,686.0,1.0
29,14,2,323,686.0,0.4708454810495627
29,15,0,651,727.0,0.8954607977991746
29,15,1,686,727.0,0.9436038514442916
29,15,2,727,727.0,1.0
29,16,0,651,767.0,0.848761408083442
29,16,1,767,767.0,1.0
29,16,2,727,767.0,0.9478487614080835
29,17,0,651,832.0,0.7824519230769231
29,17,1,767,832.0,0.921875
29,17,2,832,832.0,1.0
29,18,0,651,872.0,0.7465596330275229
29,18,1,767,872.0,0.8795871559633027
29,18,2,872,872.0,1.0
29,19,0,938,938.0,1.0
29,19,1,767,938.0,0.8176972281449894
29,19,2,872,938.0,0.929637526652452
29,20,0,938,973.0,0.9640287769784173
29,20,1,973,973.0,1.0
29,20,2,872,973.0,0.8961973278520041
29,21,0,1032,1032.0,1.0
29,21,1,973,1032.0,0.9428294573643411
29,21,2,872,1032.0,0.8449612403100775
29,22,0,1107,1107.0,1.0
29,22,1,973,1107.0,0.8789521228545619
29,22,2,872,1107.0,0.7877145438121048
29,23,0,1187,1187.0,1.0
29,23,1,973,1187.0,0.8197135636057288
29,23,2,872,1187.0,0.7346251053074979
29,24,0,1187,1220.0,0.9729508196721312
29,24,1,1220,1220.0,1.0
29,24,2,872,1220.0,0.7147540983606557
29,25,0,1187,1256.0,0.9450636942675159
29,25,1,1256,1256.0,1.0
29,25,2,872,1256.0,0.6942675159235668
29,26,0,1336,1336.0,1.0
29,26,1,1256,1336.0,0.9401197604790419
29,26,2,872,1336.0,0.6526946107784432
29,27,0,1336,1372.0,0.9737609329446064
29,27,1,1372,1372.0,1.0
29,27,2,872,1372.0,0.6355685131195336
29,28,0,1336,1415.0,0.9441696113074205
29,28,1,1372,1415.0,0.9696113074204947
29,28,2,1415,1415.0,1.0
29,29,0,1336,1456.0,0.9175824175824175
29,29,1,1456,1456.0,1.0
29,29,2,1415,1456.0,0.9718406593406593
29,30,0,1527,1527.0,1.0
29,30,1,1456,1527.0,0.9535036018336608
29,30,2,1415,1527.0,0.9266535690897184
29,31,0,1527,1560.0,0.9788461538461538
29,31,1,1560,1560.0,1.0
29,31,2,1415,1560.0,0.907051282051282
29,32,0,1527,1604.0,0.9519950124688279
29,32,1,1604,1604.0,1.0
29,32,2,1415,1604.0,0.8821695760598504
29,33,0,1676,1676.0,1.0
29,33,1,1604,1676.0,0.9570405727923628
29,33,2,1415,1676.0,0.844272076372315
29,34,0,1676,1740.0,0.9632183908045977
29,34,1,1604,1740.0,0.9218390804597701
29,34,2,1740,1740.0,1.0
29,35,0,1676,1784.0,0.9394618834080718
29,35,1,1604,1784.0,0.899103139013453
29,35,2,1784,1784.0,1.0
29,36,0,1676,1820.0,0.9208791208791208
29,36,1,1604,1820.0,0.8813186813186813
29,36,2,1820,1820.0,1.0
29,37,0,1676,1889.0,0.8872419269454738
29,37,1,1604,1889.0,0.8491265219692959
29,37,2,1889,1889.0,1.0
29,38,0,1970,1970.0,1.0
29,38,1,1604,1970.0,0.8142131979695432
29,38,2,1889,1970.0,0.9588832487309644
29,39,0,1970,2039.0,0.9661598822952427
29,39,1,1604,2039.0,0.786660127513487
29,39,2,2039,2039.0,1.0
29,40,0,1970,2091.0,0.9421329507412721
29,40,1,1604,2091.0,0.7670970827355332
29,40,2,2091,2091.0,1.0
29,41,0,1970,2131.0,0.9244486156733928
29,41,1,2131,2131.0,1.0
29,41,2,2091,2131.0,0.9812294697325199
29,42,0,1970,2174.0,0.906163753449862
29,42,1,2174,2174.0,1.0
29,42,2,2091,2174.0,0.9618215271389144
29,43,0,1970,2213.0,0.8901943063714415
29,43,1,2174,2213.0,0.98237686398554
29,43,2,2213,2213.0,1.0
29,44,0,1970,2258.0,0.8724534986713907
29,44,1,2258,2258.0,1.0
29,44,2,2213,2258.0,0.9800708591674048
29,45,0,1970,2298.0,0.8572671888598782
29,45,1,2258,2298.0,0.9825935596170583
29,45,2,2298,2298.0,1.0
29,46,0,1970,2330.0,0.8454935622317596
29,46,1,2330,2330.0,1.0
29,46,2,2298,2330.0,0.9862660944206009
29,47,0,2406,2406.0,1.0
29,47,1,2330,2406.0,0.9684123025768911
29,47,2,2298,2406.0,0.9551122194513716
29,48,0,2406,2457.0,0.9792429792429792
29,48,1,2330,2457.0,0.9483109483109483
29,48,2,2457,2457.0,1.0
29,49,0,2406,2507.0,0.9597128041483846
29,49,1,2507,2507.0,1.0
29,49,2,2457,2507.0,0.9800558436378142
29,50,0,2406,2545.0,0.9453831041257368
29,50,1,2545,2545.0,1.0
29,50,2,2457,2545.0,0.9654223968565815
29,51,0,2603,2603.0,1.0
29,51,1,2545,2603.0,0.977718017671917
29,51,2,2457,2603.0,0.9439108720706877
29,52,0,2603,2645.0,0.9841209829867675
29,52,1,2645,2645.0,1.0
29,52,2,2457,2645.0,0.9289224952741021
29,53,0,2603,2694.0,0.9662212323682257
29,53,1,2645,2694.0,0.98181143281366
29,53,2,2694,2694.0,1.0
29,54,0,2603,2727.0,0.9545287862119546
29,54,1,2727,2727.0,1.0
29,54,2,2694,2727.0,0.9878987898789879
29,55,0,2603,2764.0,0.9417510853835022
29,55,1,2727,2764.0,0.9866136034732272
29,55,2,2764,2764.0,1.0
29,56,0,2603,2830.0,0.9197879858657244
29,56,1,2727,2830.0,0.9636042402826855
29,56,2,2830,2830.0,1.0
29,57,0,2603,2863.0,0.9091861683548725
29,57,1,2727,2863.0,0.952497380370241
29,57,2,2863,2863.0,1.0
29,58,0,2603,2933.0,0.8874872144561882
29,58,1,2727,2933.0,0.9297647459938629
29,58,2,2933,2933.0,1.0
29,59,0,2603,3006.0,0.8659347970725216
29,59,1,2727,3006.0,0.907185628742515
29,59,2,3006,3006.0,1.0
29,60,0,2603,3060.0,0.8506535947712418
29,60,1,2727,3060.0,0.8911764705882353
29,60,2,3060,3060.0,1.0
29,61,0,2603,3098.0,0.8402194964493221
29,61,1,3098,3098.0,1.0
29,61,2,3060,3098.0,0.9877340219496449
29,62,0,2603,3140.0,0.8289808917197452
29,62,1,3140,3140.0,1.0
29,62,2,3060,3140.0,0.9745222929936306
29,63,0,2603,3193.0,0.8152207954901347
29,63,1,3140,3193.0,0.983401190103351
29,63,2,3193,3193.0,1.0
29,64,0,2603,3225.0,0.8071317829457364
29,64,1,3225,3225.0,1.0
29,64,2,3193,3225.0,0.990077519379845
29,65,0,2603,3298.0,0.7892662219526986
29,65,1,3225,3298.0,0.977865372953305
29,65,2,3298,3298.0,1.0
29,66,0,2603,3333.0,0.780978097809781
29,66,1,3333,3333.0,1.0
29,66,2,3298,3333.0,0.9894989498949895
29,67,0,2603,3376.0,0.7710308056872038
29,67,1,3376,3376.0,1.0
29,67,2,3298,3376.0,0.9768957345971564
29,68,0,2603,3418.0,0.7615564657694558
29,68,1,3418,3418.0,1.0
29,68,2,3298,3418.0,0.9648917495611469
29,69,0,2603,3449.0,0.7547115105827776
29,69,1,3449,3449.0,1.0
29,69,2,3298,3449.0,0.9562191939692665
29,70,0,2603,3522.0,0.739068710959682
29,70,1,3449,3522.0,0.9792731402612153
29,70,2,3522,3522.0,1.0
29,71,0,2603,3564.0,0.7303591470258137
29,71,1,3564,3564.0,1.0
29,71,2,3522,3564.0,0.9882154882154882
29,72,0,2603,3597.0,0.7236586043925494
29,72,1,3597,3597.0,1.0
29,72,2,3522,3597.0,0.9791492910758965
29,73,0,2603,3657.0,0.7117856166256494
29,73,1,3597,3657.0,0.9835931091058244
29,73,2,3657,3657.0,1.0
29,74,0,2603,3713.0,0.7010503635873956
29,74,1,3597,3713.0,0.968758416374899
29,74,2,3713,3713.0,1.0
29,75,0,2603,3750.0,0.6941333333333334
29,75,1,3750,3750.0,1.0
29,75,2,3713,3750.0,0.9901333333333333
29,76,0,2603,3806.0,0.6839201261166579
29,76,1,3750,3806.0,0.9852863899106674
29,76,2,3806,3806.0,1.0
29,77,0,2603,3845.0,0.6769830949284785
29,77,1,3750,3845.0,0.9752925877763329
29,77,2,3845,3845.0,1.0
29,78,0,2603,3881.0,0.6707034269518165
29,78,1,3881,3881.0,1.0
29,78,2,3845,3881.0,0.9907240401958258
29,79,0,2603,3918.0,0.6643695763144462
29,79,1,3881,3918.0,0.99055640632976
29,79,2,3918,3918.0,1.0
29,80,0,2603,3986.0,0.6530356246864024
29,80,1,3881,3986.0,0.9736578023080783
29,80,2,3986,3986.0,1.0
29,81,0,2603,4029.0,0.6460660213452469
29,81,1,4029,4029.0,1.0
29,81,2,3986,4029.0,0.9893273765202284
29,82,0,2603,4079.0,0.6381466045599412
29,82,1,4029,4079.0,0.9877420936504046
29,82,2,4079,4079.0,1.0
29,83,0,2603,4121.0,0.6316428051443824
29,83,1,4121,4121.0,1.0
29,83,2,4079,4121.0,0.989808298956564
29,84,0,2603,4167.0,0.6246700263978882
29,84,1,4167,4167.0,1.0
29,84,2,4079,4167.0,0.9788816894648428
29,85,0,2603,4200.0,0.6197619047619047
29,85,1,4200,4200.0,1.0
29,85,2,4079,4200.0,0.9711904761904762
29,86,0,2603,4246.0,0.6130475741874706
29,86,1,4246,4246.0,1.0
29,86,2,4079,4246.0,0.9606688648139425
29,87,0,2603,4281.0,0.6080355057229619
29,87,1,4281,4281.0,1.0
29,87,2,4079,4281.0,0.9528147629058631
29,88,0,4336,4336.0,1.0
29,88,1,4281,4336.0,0.9873154981549815
29,88,2,4079,4336.0,0.9407287822878229
29,89,0,4336,4400.0,0.9854545454545455
29,89,1,4281,4400.0,0.9729545454545454
29,89,2,4400,4400.0,1.0
29,90,0,4336,4437.0,0.9772368717601984
29,90,1,4437,4437.0,1.0
29,90,2,4400,4437.0,0.9916610322289835
29,91,0,4336,4475.0,0.9689385474860335
29,91,1,4475,4475.0,1.0
29,91,2,4400,4475.0,0.9832402234636871
29,92,0,4336,4517.0,0.959929156519814
29,92,1,4517,4517.0,1.0
29,92,2,4400,4517.0,0.9740978525570069
29,93,0,4336,4557.0,0.9515031819179285
29,93,1,4517,4557.0,0.9912222953697608
29,93,2,4557,4557.0,1.0
29,94,0,4336,4607.0,0.9411764705882353
29,94,1,4607,4607.0,1.0
29,94,2,4557,4607.0,0.9891469502930323
29,95,0,4336,4644.0,0.9336778639104221
29,95,1,4644,4644.0,1.0
29,95,2,4557,4644.0,0.9812661498708011
29,96,0,4336,4694.0,0.9237324243715381
29,96,1,4694,4694.0,1.0
29,96,2,4557,4694.0,0.9708138048572645
29,97,0,4336,4725.0,0.9176719576719576
29,97,1,4725,4725.0,1.0
29,97,2,4557,4725.0,0.9644444444444444
29,98,0,4336,4763.0,0.9103506193575478
29,98,1,4763,4763.0,1.0
29,98,2,4557,4763.0,0.9567499475120722
29,99,0,4828,4828.0,1.0
29,99,1,4763,4828.0,0.9865368682684341
29,99,2,4557,4828.0,0.9438690969345485
29,100,0,4828,4896.0,0.9861111111111112
29,100,1,4763,4896.0,0.9728349673202614
29,100,2,4896,4896.0,1.0
29,101,0,4828,4941.0,0.977130135600081
29,101,1,4941,4941.0,1.0
29,101,2,4896,4941.0,0.9908925318761385
29,102,0,4828,4990.0,0.9675350701402805
29,102,1,4990,4990.0,1.0
29,102,2,4896,4990.0,0.9811623246492986
29,103,0,4828,5039.0,0.9581266124230998
29,103,1,5039,5039.0,1.0
29,103,2,4896,5039.0,0.9716213534431435
29,104,0,4828,5071.0,0.952080457503451
29,104,1,5071,5071.0,1.0
29,104,2,4896,5071.0,0.9654900414119503
29,105,0,4828,5121.0,0.9427846123803945
29,105,1,5121,5121.0,1.0
29,105,2,4896,5121.0,0.9560632688927944
29,106,0,4828,5160.0,0.9356589147286821
29,106,1,5160,5160.0,1.0
29,106,2,4896,5160.0,0.9488372093023256
29,107,0,4828,5210.0,0.926679462571977
29,107,1,5210,5210.0,1.0
29,107,2,4896,5210.0,0.9397312859884837
29,108,0,4828,5251.0,0.9194439154446772
29,108,1,5251,5251.0,1.0
29,108,2,4896,5251.0,0.9323938297467149
29,109,0,4828,5288.0,0.9130105900151286
29,109,1,5251,5288.0,0.9930030257186082
29,109,2,5288,5288.0,1.0
29,110,0,4828,5321.0,0.9073482428115016
29,110,1,5321,5321.0,1.0
29,110,2,5288,5321.0,0.9937981582409322
29,111,0,4828,5362.0,0.9004102946661693
29,111,1,5362,5362.0,1.0
29,111,2,5288,5362.0,0.9861991794106677
29,112,0,4828,5394.0,0.8950685947348906
29,112,1,5394,5394.0,1.0
29,112,2,5288,5394.0,0.9803485354097144
29,113,0,4828,5439.0,0.8876631733774591
29,113,1,5394,5439.0,0.9917264202978489
29,113,2,5439,5439.0,1.0
29,114,0,4828,5494.0,0.8787768474699672
29,114,1,5394,5494.0,0.981798325445941
29,114,2,5494,5494.0,1.0
29,115,0,4828,5530.0,0.8730560578661845
29,115,1,5530,5530.0,1.0
29,115,2,5494,5530.0,0.993490054249548
29,116,0,4828,5578.0,0.8655432054499821
29,116,1,5578,5578.0,1.0
29,116,2,5494,5578.0,0.984940839010398
29,117,0,4828,5613.0,0.8601460894352396
29,117,1,5613,5613.0,1.0
29,117,2,5494,5613.0,0.9787992161054695
29,118,0,4828,5643.0,0.8555732766259082
29,118,1,5643,5643.0,1.0
29,118,2,5494,5643.0,0.9735956051745526
29,119,0,4828,5683.0,0.8495512933309871
29,119,1,5683,5683.0,1.0
29,119,2,5494,5683.0,0.9667429174731655
29,120,0,4828,5731.0,0.8424358750654336
29,120,1,5731,5731.0,1.0
29,120,2,5494,5731.0,0.9586459605653463
29,121,0,4828,5774.0,0.8361621059923796
29,121,1,5774,5774.0,1.0
29,121,2,5494,5774.0,0.9515067544163491
29,122,0,4828,5808.0,0.831267217630854
29,122,1,5808,5808.0,1.0
29,122,2,5494,5808.0,0.9459366391184573
29,123,0,4828,5863.0,0.8234692137131161
29,123,1,5808,5863.0,0.9906191369606003
29,123,2,5863,5863.0,1.0
29,124,0,4828,5913.0,0.8165060037206155
29,124,1,5913,5913.0,1.0
29,124,2,5863,5913.0,0.9915440554709961
29,125,0,4828,5955.0,0.8107472712006717
29,125,1,5955,5955.0,1.0
29,125,2,5863,5955.0,0.9845507976490344
29,126,0,4828,5997.0,0.8050692012673003
29,126,1,5955,5997.0,0.9929964982491246
29,126,2,5997,5997.0,1.0
29,127,0,4828,6037.0,0.7997349676991884
29,127,1,6037,6037.0,1.0
29,127,2,5997,6037.0,0.9933741924797085
29,128,0,4828,6071.0,0.7952561357272278
29,128,1,6071,6071.0,1.0
29,128,2,5997,6071.0,0.987810904299127
29,129,0,4828,6114.0,0.7896630683676807
29,129,1,6114,6114.0,1.0
29,129,2,5997,6114.0,0.9808635917566242
29,130,0,4828,6154.0,0.7845303867403315
29,130,1,6154,6154.0,1.0
29,130,2,5997,6154.0,0.9744881377965551
29,131,0,4828,6193.0,0.7795898595188115
29,131,1,6193,6193.0,1.0
29,131,2,5997,6193.0,0.9683513644437268
29,132,0,4828,6235.0,0.7743384121892543
29,132,1,6193,6235.0,0.9932638331996793
29,132,2,6235,6235.0,1.0
29,133,0,4828,6271.0,0.7698931589858077
29,133,1,6193,6271.0,0.9875617923776112
29,133,2,6271,6271.0,1.0
29,134,0,4828,6327.0,0.7630788683420262
29,134,1,6193,6327.0,0.9788209261893472
29,134,2,6327,6327.0,1.0
30,1,0,36,36.0,1.0
30,1,1,0,36.0,0.0
30,1,2,0,36.0,0.0
30,2,0,91,91.0,1.0
30,2,1,0,91.0,0.0
30,2,2,0,91.0,0.0
30,3,0,169,169.0,1.0
30,3,1,0,169.0,0.0
30,3,2,0,169.0,0.0
30,4,0,213,213.0,1.0
30,4,1,0,213.0,0.0
30,4,2,0,213.0,0.0
30,5,0,294,294.0,1.0
30,5,1,0,294.0,0.0
30,5,2,0,294.0,0.0
30,6,0,369,369.0,1.0
30,6,1,0,369.0,0.0
30,6,2,0,369.0,0.0
30,7,0,440,440.0,1.0
30,7,1,0,440.0,0.0
30,7,2,0,440.0,0.0
30,8,0,440,455.0,0.967032967032967
30,8,1,455,455.0,1.0
30,8,2,0,455.0,0.0
30,9,0,440,480.0,0.9166666666666666
30,9,1,455,480.0,0.9479166666666666
30,9,2,480,480.0,1.0
30,10,0,440,513.0,0.8576998050682261
30,10,1,513,513.0,1.0
30,10,2,480,513.0,0.935672514619883
30,11,0,440,556.0,0.7913669064748201
30,11,1,556,556.0,1.0
30,11,2,480,556.0,0.8633093525179856
30,12,0,440,589.0,0.7470288624787776
30,12,1,589,589.0,1.0
30,12,2,480,589.0,0.8149405772495756
30,13,0,660,660.0,1.0
30,13,1,589,660.0,0.8924242424242425
30,13,2,480,660.0,0.7272727272727273
30,14,0,740,740.0,1.0
30,14,1,589,740.0,0.7959459459459459
30,14,2,480,740.0,0.6486486486486487
30,15,0,740,797.0,0.9284818067754078
30,15,1,589,797.0,0.739021329987453
30,15,2,797,797.0,1.0
30,16,0,740,833.0,0.8883553421368547
30,16,1,833,833.0,1.0
30,16,2,797,833.0,0.9567827130852341
30,17,0,892,892.0,1.0
30,17,1,833,892.0,0.9338565022421524
30,17,2,797,892.0,0.8934977578475336
30,18,0,955,955.0,1.0
30,18,1,833,955.0,0.8722513089005236
30,18,2,797,955.0,0.8345549738219895
30,19,0,1017,1017.0,1.0
30,19,1,833,1017.0,0.8190757128810227
30,19,2,797,1017.0,0.783677482792527
30,20,0,1089,1089.0,1.0
30,20,1,833,1089.0,0.7649219467401286
30,20,2,797,1089.0,0.7318640955004592
30,21,0,1089,1140.0,0.9552631578947368
30,21,1,833,1140.0,0.730701754385965
30,21,2,1140,1140.0,1.0
30,22,0,1089,1180.0,0.9228813559322034
30,22,1,1180,1180.0,1.0
30,22,2,1140,1180.0,0.9661016949152542
30,23,0,1089,1220.0,0.8926229508196721
30,23,1,1220,1220.0,1.0
30,23,2,1140,1220.0,0.9344262295081968
30,24,0,1089,1257.0,0.8663484486873508
30,24,1,1220,1257.0,0.9705648369132857
30,24,2,1257,1257.0,1.0
30,25,0,1089,1301.0,0.8370484242890085
30,25,1,1220,1301.0,0.9377401998462721
30,25,2,1301,1301.0,1.0
30,26,0,1089,1336.0,0.8151197604790419
30,26,1,1336,1336.0,1.0
30,26,2,1301,1336.0,0.9738023952095808
30,27,0,1089,1378.0,0.7902757619738752
30,27,1,1378,1378.0,1.0
30,27,2,1301,1378.0,0.944121915820029
30,28,0,1089,1423.0,0.7652846099789178
30,28,1,1423,1423.0,1.0
30,28,2,1301,1423.0,0.9142656359803233
30,29,0,1503,1503.0,1.0
30,29,1,1423,1503.0,0.9467731204258151
30,29,2,1301,1503.0,0.865602129075183
30,30,0,1503,1571.0,0.9567154678548695
30,30,1,1423,1571.0,0.9057924888605984
30,30,2,1571,1571.0,1.0
30,31,0,1503,1613.0,0.9318040917544947
30,31,1,1613,1613.0,1.0
30,31,2,1571,1613.0,0.9739615623062616
30,32,0,1503,1667.0,0.901619676064787
30,32,1,1613,1667.0,0.9676064787042592
30,32,2,1667,1667.0,1.0
30,33,0,1503,1721.0,0.873329459616502
30,33,1,1613,1721.0,0.937245787332946
30,33,2,1721,1721.0,1.0
30,34,0,1503,1789.0,0.840134153158189
30,34,1,1613,1789.0,0.9016210173281163
30,34,2,1789,1789.0,1.0
30,35,0,1832,1832.0,1.0
30,35,1,1613,1832.0,0.8804585152838428
30,35,2,1789,1832.0,0.976528384279476
30,36,0,1832,1874.0,0.9775880469583778
30,36,1,1874,1874.0,1.0
30,36,2,1789,1874.0,0.9546424759871932
30,37,0,1832,1917.0,0.95565988523735
30,37,1,1917,1917.0,1.0
30,37,2,1789,1917.0,0.9332290036515388
30,38,0,1832,1956.0,0.9366053169734151
30,38,1,1917,1956.0,0.9800613496932515
30,38,2,1956,1956.0,1.0
30,39,0,2032,2032.0,1.0
30,39,1,1917,2032.0,0.9434055118110236
30,39,2,1956,2032.0,0.9625984251968503
30,40,0,2032,2081.0,0.9764536280634311
30,40,1,1917,2081.0,0.921191734742912
30,40,2,2081,2081.0,1.0
30,41,0,2131,2131.0,1.0
30,41,1,1917,2131.0,0.8995776630689817
30,41,2,2081,2131.0,0.97653683716565
30,42,0,2131,2181.0,0.9770747363594682
30,42,1,2181,2181.0,1.0
30,42,2,2081,2181.0,0.9541494727189362
30,43,0,2237,2237.0,1.0
30,43,1,2181,2237.0,0.9749664729548503
30,43,2,2081,2237.0,0.9302637460885114
30,44,0,2237,2273.0,0.9841619005719313
30,44,1,2273,2273.0,1.0
30,44,2,2081,2273.0,0.915530136383634
30,45,0,2237,2314.0,0.966724286949006
30,45,1,2273,2314.0,0.9822817631806395
30,45,2,2314,2314.0,1.0
30,46,0,2237,2352.0,0.9511054421768708
30,46,1,2352,2352.0,1.0
30,46,2,2314,2352.0,0.983843537414966
30,47,0,2237,2382.0,0.9391267842149454
30,47,1,2382,2382.0,1.0
30,47,2,2314,2382.0,0.9714525608732157
30,48,0,2456,2456.0,1.0
30,48,1,2382,2456.0,0.9698697068403909
30,48,2,2314,2456.0,0.9421824104234527
30,49,0,2456,2516.0,0.9761526232114467
30,49,1,2382,2516.0,0.9467408585055644
30,49,2,2516,2516.0,1.0
30,50,0,2456,2559.0,0.9597499023055881
30,50,1,2382,2559.0,0.9308323563892146
30,50,2,2559,2559.0,1.0
30,51,0,2456,2623.0,0.9363324437666793
30,51,1,2382,2623.0,0.908120472741136
30,51,2,2623,2623.0,1.0
30,52,0,2456,2696.0,0.9109792284866469
30,52,1,2382,2696.0,0.8835311572700296
30,52,2,2696,2696.0,1.0
30,53,0,2456,2760.0,0.8898550724637682
30,53,1,2382,2760.0,0.8630434782608696
30,53,2,2760,2760.0,1.0
30,54,0,2456,2797.0,0.8780836610654272
30,54,1,2797,2797.0,1.0
30,54,2,2760,2797.0,0.9867715409367179
30,55,0,2456,2847.0,0.8626624517035476
30,55,1,2847,2847.0,1.0
30,55,2,2760,2847.0,0.9694415173867229
30,56,0,2456,2888.0,0.850415512465374
30,56,1,2888,2888.0,1.0
30,56,2,2760,2888.0,0.9556786703601108
30,57,0,2456,2958.0,0.830290736984449
30,57,1,2888,2958.0,0.9763353617308993
30,57,2,2958,2958.0,1.0
30,58,0,2456,3008.0,0.8164893617021277
30,58,1,3008,3008.0,1.0
30,58,2,2958,3008.0,0.9833776595744681
30,59,0,2456,3048.0,0.8057742782152231
30,59,1,3048,3048.0,1.0
30,59,2,2958,3048.0,0.9704724409448819
30,60,0,2456,3079.0,0.7976615784345567
30,60,1,3079,3079.0,1.0
30,60,2,2958,3079.0,0.960701526469633
30,61,0,2456,3116.0,0.7881899871630296
30,61,1,3079,3116.0,0.9881258023106547
30,61,2,3116,3116.0,1.0
30,62,0,2456,3162.0,0.7767235926628716
30,62,1,3162,3162.0,1.0
30,62,2,3116,3162.0,0.9854522454142948
30,63,0,2456,3198.0,0.7679799874921827
30,63,1,3198,3198.0,1.0
30,63,2,3116,3198.0,0.9743589743589743
30,64,0,2456,3263.0,0.7526815813668404
30,64,1,3198,3263.0,0.9800796812749004
30,64,2,3263,3263.0,1.0
30,65,0,2456,3311.0,0.7417698580489278
30,65,1,3311,3311.0,1.0
30,65,2,3263,3311.0,0.9855028692237995
30,66,0,2456,3349.0,0.7333532397730665
30,66,1,3349,3349.0,1.0
30,66,2,3263,3349.0,0.9743206927441027
30,67,0,2456,3386.0,0.7253396337861784
30,67,1,3386,3386.0,1.0
30,67,2,3263,3386.0,0.9636739515652688
30,68,0,2456,3428.0,0.7164527421236873
30,68,1,3428,3428.0,1.0
30,68,2,3263,3428.0,0.9518669778296382
30,69,0,2456,3501.0,0.7015138531848043
30,69,1,3428,3501.0,0.9791488146243931
30,69,2,3501,3501.0,1.0
30,70,0,2456,3544.0,0.6930022573363431
30,70,1,3544,3544.0,1.0
30,70,2,3501,3544.0,0.9878668171557562
30,71,0,2456,3613.0,0.6797675062275118
30,71,1,3544,3613.0,0.9809022972598949
30,71,2,3613,3613.0,1.0
30,72,0,2456,3645.0,0.6737997256515775
30,72,1,3645,3645.0,1.0
30,72,2,3613,3645.0,0.9912208504801098
30,73,0,2456,3677.0,0.6679358172423171
30,73,1,3645,3677.0,0.9912972531955399
30,73,2,3677,3677.0,1.0
30,74,0,2456,3710.0,0.6619946091644204
30,74,1,3710,3710.0,1.0
30,74,2,3677,3710.0,0.9911051212938006
30,75,0,2456,3740.0,0.6566844919786097
30,75,1,3740,3740.0,1.0
30,75,2,3677,3740.0,0.9831550802139037
30,76,0,2456,3814.0,0.6439433665443104
30,76,1,3740,3814.0,0.9805977975878343
30,76,2,3814,3814.0,1.0
30,77,0,2456,3845.0,0.6387516254876463
30,77,1,3845,3845.0,1.0
30,77,2,3814,3845.0,0.9919375812743824
30,78,0,2456,3888.0,0.6316872427983539
30,78,1,3888,3888.0,1.0
30,78,2,3814,3888.0,0.9809670781893004
30,79,0,2456,3920.0,0.6265306122448979
30,79,1,3920,3920.0,1.0
30,79,2,3814,3920.0,0.9729591836734693
30,80,0,2456,3959.0,0.6203586764334428
30,80,1,3959,3959.0,1.0
30,80,2,3814,3959.0,0.9633745895428139
30,81,0,2456,4020.0,0.6109452736318408
30,81,1,3959,4020.0,0.9848258706467662
30,81,2,4020,4020.0,1.0
30,82,0,2456,4051.0,0.6062700567761047
30,82,1,3959,4051.0,0.9772895581337941
30,82,2,4051,4051.0,1.0
30,83,0,2456,4101.0,0.5988783223604
30,83,1,4101,4101.0,1.0
30,83,2,4051,4101.0,0.9878078517434772
30,84,0,2456,4136.0,0.5938104448742747
30,84,1,4101,4136.0,0.9915377176015474
30,84,2,4136,4136.0,1.0
30,85,0,2456,4181.0,0.5874192776847644
30,85,1,4181,4181.0,1.0
30,85,2,4136,4181.0,0.9892370246352548
30,86,0,2456,4227.0,0.5810267329074994
30,86,1,4227,4227.0,1.0
30,86,2,4136,4227.0,0.9784717293588834
30,87,0,2456,4260.0,0.5765258215962441
30,87,1,4260,4260.0,1.0
30,87,2,4136,4260.0,0.9708920187793427
30,88,0,2456,4299.0,0.571295650151198
30,88,1,4260,4299.0,0.9909281228192603
30,88,2,4299,4299.0,1.0
30,89,0,2456,4337.0,0.566290062255015
30,89,1,4260,4337.0,0.9822457920221351
30,89,2,4337,4337.0,1.0
30,90,0,2456,4370.0,0.5620137299771167
30,90,1,4370,4370.0,1.0
30,90,2,4337,4370.0,0.9924485125858123
30,91,0,2456,4403.0,0.5578014989779696
30,91,1,4403,4403.0,1.0
30,91,2,4337,4403.0,0.9850102203043379
30,92,0,2456,4458.0,0.5509196949304621
30,92,1,4403,4458.0,0.9876626289816061
30,92,2,4458,4458.0,1.0
30,93,0,2456,4500.0,0.5457777777777778
30,93,1,4500,4500.0,1.0
30,93,2,4458,4500.0,0.9906666666666667
30,94,0,2456,4533.0,0.5418045444517979
30,94,1,4533,4533.0,1.0
30,94,2,4458,4533.0,0.9834546657842489
30,95,0,2456,4567.0,0.5377709656229472
30,95,1,4567,4567.0,1.0
30,95,2,4458,4567.0,0.9761331289686884
30,96,0,2456,4604.0,0.5334491746307559
30,96,1,4604,4604.0,1.0
30,96,2,4458,4604.0,0.9682884448305821
30,97,0,2456,4640.0,0.5293103448275862
30,97,1,4640,4640.0,1.0
30,97,2,4458,4640.0,0.9607758620689655
30,98,0,2456,4672.0,0.5256849315068494
30,98,1,4672,4672.0,1.0
30,98,2,4458,4672.0,0.954195205479452
30,99,0,2456,4710.0,0.5214437367303609
30,99,1,4710,4710.0,1.0
30,99,2,4458,4710.0,0.9464968152866242
30,100,0,2456,4745.0,0.5175974710221286
30,100,1,4745,4745.0,1.0
30,100,2,4458,4745.0,0.9395152792413066
30,101,0,2456,4794.0,0.5123070504797663
30,101,1,4794,4794.0,1.0
30,101,2,4458,4794.0,0.9299123904881101
30,102,0,2456,4839.0,0.5075428807604877
30,102,1,4839,4839.0,1.0
30,102,2,4458,4839.0,0.921264724116553
30,103,0,2456,4895.0,0.5017364657814096
30,103,1,4839,4895.0,0.9885597548518897
30,103,2,4895,4895.0,1.0
30,104,0,2456,4925.0,0.4986802030456853
30,104,1,4925,4925.0,1.0
30,104,2,4895,4925.0,0.9939086294416244
30,105,0,2456,4974.0,0.4937675914756735
30,105,1,4974,4974.0,1.0
30,105,2,4895,4974.0,0.9841174105347809
30,106,0,2456,5011.0,0.4901217321891838
30,106,1,5011,5011.0,1.0
30,106,2,4895,5011.0,0.9768509279584913
30,107,0,2456,5064.0,0.4849921011058452
30,107,1,5011,5064.0,0.9895339652448657
30,107,2,5064,5064.0,1.0
30,108,0,2456,5107.0,0.48090855688271
30,108,1,5107,5107.0,1.0
30,108,2,5064,5107.0,0.9915801840610926
30,109,0,2456,5151.0,0.47680062123859446
30,109,1,5151,5151.0,1.0
30,109,2,5064,5151.0,0.9831100757134537
30,110,0,2456,5224.0,0.47013782542113325
30,110,1,5151,5224.0,0.9860260336906586
30,110,2,5224,5224.0,1.0
30,111,0,2456,5274.0,0.465680697762609
30,111,1,5274,5274.0,1.0
30,111,2,5224,5274.0,0.9905195297686765
30,112,0,2456,5316.0,0.4620015048908954
30,112,1,5316,5316.0,1.0
30,112,2,5224,5316.0,0.9826937547027841
30,113,0,2456,5357.0,0.4584655590815755
30,113,1,5316,5357.0,0.9923464625723353
30,113,2,5357,5357.0,1.0
30,114,0,5423,5423.0,1.0
30,114,1,5316,5423.0,0.9802692236769316
30,114,2,5357,5423.0,0.9878296146044625
30,115,0,5423,5467.0,0.9919517102615694
30,115,1,5467,5467.0,1.0
30,115,2,5357,5467.0,0.9798792756539235
30,116,0,5423,5507.0,0.9847466860359543
30,116,1,5467,5507.0,0.9927365171599782
30,116,2,5507,5507.0,1.0
30,117,0,5423,5552.0,0.9767651296829971
30,117,1,5552,5552.0,1.0
30,117,2,5507,5552.0,0.9918948126801153
30,118,0,5423,5602.0,0.9680471260264192
30,118,1,5552,5602.0,0.991074616208497
30,118,2,5602,5602.0,1.0
30,119,0,5423,5643.0,0.9610136452241715
30,119,1,5643,5643.0,1.0
30,119,2,5602,5643.0,0.9927343611554138
30,120,0,5423,5685.0,0.9539138082673703
30,120,1,5643,5685.0,0.9926121372031662
30,120,2,5685,5685.0,1.0
30,121,0,5423,5740.0,0.9447735191637631
30,121,1,5643,5740.0,0.9831010452961673
30,121,2,5740,5740.0,1.0
30,122,0,5423,5796.0,0.9356452726017943
30,122,1,5643,5796.0,0.9736024844720497
30,122,2,5796,5796.0,1.0
30,123,0,5423,5833.0,0.9297102691582376
30,123,1,5833,5833.0,1.0
30,123,2,5796,5833.0,0.9936567803874508
30,124,0,5423,5869.0,0.9240074970182314
30,124,1,5869,5869.0,1.0
30,124,2,5796,5869.0,0.9875617652070199
30,125,0,5423,5909.0,0.9177525808089355
30,125,1,5909,5909.0,1.0
30,125,2,5796,5909.0,0.9808766288712134
30,126,0,5423,5944.0,0.9123485868102288
30,126,1,5944,5944.0,1.0
30,126,2,5796,5944.0,0.9751009421265141
30,127,0,5423,5987.0,0.9057958910973777
30,127,1,5987,5987.0,1.0
30,127,2,5796,5987.0,0.9680975446801403
30,128,0,5423,6032.0,0.8990384615384616
30,128,1,5987,6032.0,0.9925397877984085
30,128,2,6032,6032.0,1.0
30,129,0,5423,6074.0,0.8928218636812644
30,129,1,5987,6074.0,0.9856766545933487
30,129,2,6074,6074.0,1.0
30,130,0,5423,6130.0,0.8846655791190865
30,130,1,5987,6130.0,0.9766721044045678
30,130,2,6130,6130.0,1.0
30,131,0,5423,6175.0,0.8782186234817814
30,131,1,6175,6175.0,1.0
30,131,2,6130,6175.0,0.9927125506072875
30,132,0,5423,6218.0,0.872145384367964
30,132,1,6218,6218.0,1.0
30,132,2,6130,6218.0,0.9858475394017369
30,133,0,5423,6252.0,0.867402431222009
30,133,1,6252,6252.0,1.0
30,133,2,6130,6252.0,0.9804862444017914
30,134,0,5423,6302.0,0.8605204696921612
30,134,1,6302,6302.0,1.0
30,134,2,6130,6302.0,0.9727070771183751
