episode,step,job_idx,reward,makespan,current_time,setup_time,job_completed
1,1,1,27.99663044115406,16,16.0,0,False
1,2,2,6.643043086837491,90,90.0,0,False
1,3,3,-4.321400762364675,155,155.0,0,False
1,4,18,-13.205063055760917,210,210.0,0,False
1,5,1,11.495335232534963,220,220.0,0,False
1,6,10,-10.4758671848439,291,291.0,0,False
1,7,12,-22.697014964090254,372,372.0,0,False
1,8,1,11.847983251073673,400,400.0,0,False
1,9,1,11.544626534308726,441,441.0,0,False
1,10,1,4.5424435808157195,485,485.0,0,False
1,11,18,-1.647159180603424,535,535.0,0,False
1,12,18,5.07065080322689,572,572.0,0,False
1,13,1,29.279178986076428,608,608.0,0,False
1,14,3,-2.358474084460063,643,643.0,0,False
1,15,19,-0.8203393943657016,702,702.0,0,False
1,16,3,9.377472167364948,757,757.0,0,False
1,17,13,-7.4762202370485,815,815.0,0,False
1,18,18,11.494282093867552,848,848.0,0,False
1,19,8,3.812307881686774,913,913.0,0,False
1,20,12,0.5661807928238751,956,956.0,0,False
1,21,3,-3.854593194615507,990,990.0,0,False
1,22,0,-17.446172581155697,1070,1070.0,0,False
1,23,8,-11.428754088559067,1106,1106.0,0,False
1,24,19,-22.67698097281328,1151,1151.0,0,False
1,25,12,3.236850689901459,1219,1219.0,0,False
1,26,2,-0.15972549502339106,1259,1259.0,0,False
1,27,10,-5.660425210143142,1292,1292.0,0,False
1,28,8,-9.703706432666266,1361,1361.0,0,False
1,29,2,-21.08449671156754,1434,1434.0,0,False
1,30,10,-29.67525076495621,1491,1491.0,0,False
1,31,2,-23.715656597216302,1541,1541.0,0,False
1,32,7,-6.398622551260857,1600,1600.0,0,False
1,33,8,0.021002314896227503,1643,1643.0,0,False
1,34,2,-4.8010154188658305,1680,1680.0,0,False
1,35,10,4.552987549678191,1717,1717.0,0,False
1,36,13,-3.919593957725178,1753,1753.0,0,False
1,37,19,-6.054057257412159,1792,1792.0,0,False
1,38,12,-6.133336334712832,1834,1834.0,0,False
1,39,10,-10.794274610487811,1888,1888.0,0,False
1,40,2,-15.155345338433754,1929,1929.0,0,False
1,41,18,-14.995064889389084,1961,1961.0,0,False
1,42,8,-24.900415118192086,1993,1993.0,0,False
1,43,12,22.30771167007083,2061,2061.0,0,False
1,44,8,-35.320718506860175,2127,2127.0,0,False
1,45,10,-28.432411328255764,2159,2159.0,0,False
1,46,19,-41.5265328265446,2215,2215.0,0,False
1,47,18,-41.58594082614153,2256,2256.0,0,False
1,48,8,41.71494505601864,2294,2294.0,0,False
1,49,18,35.244488033332246,2339,2339.0,0,False
1,50,13,-51.98752234576523,2376,2376.0,0,False
1,51,7,-56.435364918027844,2409,2409.0,0,False
1,52,19,-62.54928797524004,2446,2446.0,0,False
1,53,19,-60.78937853902156,2486,2486.0,0,False
1,54,19,-31.95086807999725,2536,2536.0,0,False
1,55,16,-7.347402238847213,2599,2599.0,0,False
1,56,3,-1.278486265958568,2644,2644.0,0,False
1,57,10,-7.799831357929165,2686,2686.0,0,False
1,58,10,34.290821590327354,2735,2735.0,0,False
1,59,9,-20.337873170511124,2807,2807.0,0,False
1,60,17,-34.235,2869,2869.0,0,False
1,61,5,-42.004999999999995,2945,2945.0,0,False
1,62,7,-19.095,3014,3014.0,0,False
1,63,13,-5.465000000000001,3052,3052.0,0,False
1,64,13,-12.869999999999997,3101,3101.0,0,False
1,65,14,-2.615,3149,3149.0,0,False
1,66,3,-7.144999999999998,3193,3193.0,0,False
1,67,3,29.262464635473346,3234,3234.0,0,False
1,68,4,-13.555,3310,3310.0,0,False
1,69,2,61.83245981830886,3340,3340.0,0,False
1,70,5,-4.842272727272725,3373,3373.0,0,False
1,71,7,-8.317272727272726,3446,3446.0,0,False
1,72,7,-17.744999999999997,3510,3510.0,0,False
1,73,5,-21.76727272727273,3563,3563.0,0,False
1,74,5,-32.81727272727272,3636,3636.0,0,False
1,75,13,-25.727272727272727,3686,3686.0,0,False
1,76,15,-8.507272727272728,3752,3752.0,0,False
1,77,6,-10.727272727272727,3812,3812.0,0,False
1,78,5,63.23508838383839,3868,3868.0,0,False
1,79,13,0.9777272727272734,3907,3907.0,0,False
1,80,7,8.591083536304389,3957,3957.0,0,False
1,81,13,0.12658143939393796,3993,3993.0,0,False
1,82,11,-17.407272727272726,4064,4064.0,0,False
1,83,6,-9.392272727272726,4107,4107.0,0,False
1,84,11,-19.687272727272727,4149,4149.0,0,False
1,85,11,-6.452272727272728,4209,4209.0,0,False
1,86,0,-4.585769230769229,4245,4245.0,0,False
1,87,15,-4.702272727272728,4275,4275.0,0,False
1,88,16,-19.002272727272725,4315,4315.0,0,False
1,89,6,-11.72,4354,4354.0,0,False
1,90,0,-14.404999999999998,4400,4400.0,0,False
1,91,15,-20.302272727272722,4440,4440.0,0,False
1,92,11,-27.43,4486,4486.0,0,False
1,93,11,-34.670769230769224,4534,4534.0,0,False
1,94,6,-37.09576923076923,4577,4577.0,0,False
1,95,15,-38.520769230769226,4615,4615.0,0,False
1,96,6,-49.71076923076922,4661,4661.0,0,False
1,97,11,-60.920769230769224,4709,4709.0,0,False
1,98,0,-62.56857142857143,4747,4747.0,0,False
1,99,15,-67.64857142857142,4781,4781.0,0,False
1,100,0,-68.93499999999999,4818,4818.0,0,False
1,101,0,-51.33444956477215,4850,4850.0,0,False
1,102,11,-81.11031435557108,4892,4892.0,0,False
1,103,16,-59.545,4941,4941.0,0,False
1,104,14,-58.01857142857142,4974,4974.0,0,False
1,105,9,-59.80357142857142,5014,5014.0,0,False
1,106,15,-45.03789717287965,5064,5064.0,0,False
1,107,6,-76.99357142857143,5102,5102.0,0,False
1,108,17,-86.975,5142,5142.0,0,False
1,109,14,-74.19999999999999,5192,5192.0,0,False
1,110,14,-80.46,5234,5234.0,0,False
1,111,6,-79.975,5269,5269.0,0,False
1,112,16,-86.32999999999998,5310,5310.0,0,False
1,113,17,-92.945,5354,5354.0,0,False
1,114,17,-103.525,5424,5424.0,0,False
1,115,14,-89.975,5459,5459.0,0,False
1,116,4,-103.525,5494,5494.0,0,False
1,117,14,-105.96499999999999,5537,5537.0,0,False
1,118,16,-110.03235294117647,5602,5602.0,0,False
1,119,6,-45.026909722222214,5647,5647.0,0,False
1,120,9,-112.07735294117646,5701,5701.0,0,False
1,121,17,-96.01743055555555,5734,5734.0,0,False
1,122,14,-116.24235294117645,5776,5776.0,0,False
1,123,9,-120.55999999999999,5818,5818.0,0,False
1,124,9,-125.23735294117647,5849,5849.0,0,False
1,125,9,-125.86499999999998,5882,5882.0,0,False
1,126,14,-57.42002823861631,5938,5938.0,0,False
1,127,9,-125.47999999999999,5964,5964.0,0,False
1,128,16,-141.77526315789473,6038,6038.0,0,False
1,129,9,-74.33436038011696,6070,6070.0,0,False
1,130,16,-117.22974232456139,6105,6105.0,0,False
1,131,4,-148.70526315789473,6145,6145.0,0,False
1,132,4,-149.55526315789473,6180,6180.0,0,False
1,133,4,-167.69166666666666,6230,6230.0,0,False
1,134,4,-176.30217171717172,6272,6272.0,0,False
2,1,2,17.86058781919983,34,34.0,0,False
2,2,7,0.8779548842418787,93,93.0,0,False
2,3,8,-9.15663890607533,158,158.0,0,False
2,4,8,7.586944482924533,174,174.0,0,False
2,5,3,-6.66951357183051,239,239.0,0,False
2,6,18,-22.471250693031266,294,294.0,0,False
2,7,7,-3.9144219129480398,322,322.0,0,False
2,8,5,-29.033348671984413,398,398.0,0,False
2,9,2,-22.15549235261016,438,438.0,0,False
2,10,18,-28.251226860983202,483,483.0,0,False
2,11,19,-36.11544907801512,542,542.0,0,False
2,12,0,-44.890017960680204,622,622.0,0,False
2,13,11,-60.05909452771893,693,693.0,0,False
2,14,18,-2.325555543585441,715,715.0,0,False
2,15,19,4.524618573865379,760,760.0,0,False
2,16,10,-2.7571493197039665,831,831.0,0,False
2,17,18,-2.501258181090922,864,864.0,0,False
2,18,9,-19.33543126731753,936,936.0,0,False
2,19,9,-15.90314794749011,981,981.0,0,False
2,20,12,-22.690338141868786,1062,1062.0,0,False
2,21,0,-11.98857159410558,1093,1093.0,0,False
2,22,5,-27.718712936598454,1121,1121.0,0,False
2,23,19,1.2557750108800967,1160,1160.0,0,False
2,24,7,-9.280149442541472,1229,1229.0,0,False
2,25,9,-21.736038336693657,1283,1283.0,0,False
2,26,5,-28.141200395695584,1331,1331.0,0,False
2,27,18,-18.727971372268755,1368,1368.0,0,False
2,28,18,-22.691483708525407,1404,1404.0,0,False
2,29,2,-30.49468760504765,1477,1477.0,0,False
2,30,5,-42.17963462998067,1550,1550.0,0,False
2,31,10,-30.292283041245547,1583,1583.0,0,False
2,32,18,39.92521296148114,1628,1628.0,0,False
2,33,19,-42.552422429079606,1684,1684.0,0,False
2,34,3,-41.1500526927966,1719,1719.0,0,False
2,35,3,-45.88576395269007,1774,1774.0,0,False
2,36,3,-48.215266952312525,1808,1808.0,0,False
2,37,3,-55.098519559587174,1853,1853.0,0,False
2,38,3,-56.35730868173226,1892,1892.0,0,False
2,39,8,-68.99101301864079,1961,1961.0,0,False
2,40,19,-67.97916651802984,1998,1998.0,0,False
2,41,3,-16.715595809490253,2039,2039.0,0,False
2,42,12,-70.76629547748125,2082,2082.0,0,False
2,43,5,10.031650278187115,2133,2133.0,0,False
2,44,1,-12.226461204984577,2189,2189.0,0,False
2,45,13,-12.10152029574359,2232,2232.0,0,False
2,46,8,-12.122999454529815,2275,2275.0,0,False
2,47,8,-17.09973006882034,2307,2307.0,0,False
2,48,12,-6.879242020446204,2375,2375.0,0,False
2,49,13,-12.488086282951613,2411,2411.0,0,False
2,50,1,-12.096727068988535,2436,2436.0,0,False
2,51,8,-23.924253199908314,2502,2502.0,0,False
2,52,2,-27.910310282186238,2552,2552.0,0,False
2,53,0,-24.084018438082506,2603,2603.0,0,False
2,54,10,-32.98190259351199,2660,2660.0,0,False
2,55,7,-48.539402056086736,2733,2733.0,0,False
2,56,15,-23.472804037346656,2799,2799.0,0,False
2,57,1,-22.842123332187303,2842,2842.0,0,False
2,58,11,-8.738188775510205,2884,2884.0,0,False
2,59,19,-10.39419642857143,2924,2924.0,0,False
2,60,2,-17.05175170068027,2961,2961.0,0,False
2,61,19,-1.2210641399416886,3011,3011.0,0,False
2,62,7,-26.938941326530614,3075,3075.0,0,False
2,63,2,-26.563588435374147,3111,3111.0,0,False
2,64,2,30.03296872994481,3141,3141.0,0,False
2,65,10,-24.368737244897957,3178,3178.0,0,False
2,66,14,-14.22265306122449,3226,3226.0,0,False
2,67,1,-8.246135204081632,3267,3267.0,0,False
2,68,0,-9.923482142857143,3305,3305.0,0,False
2,69,12,-16.38219387755102,3347,3347.0,0,False
2,70,15,-21.56658163265306,3382,3382.0,0,False
2,71,12,12.598191083279275,3450,3450.0,0,False
2,72,10,-22.99863520408163,3504,3504.0,0,False
2,73,10,-20.618163265306123,3541,3541.0,0,False
2,74,13,-26.15272959183673,3578,3578.0,0,False
2,75,7,-12.481365036057866,3628,3628.0,0,False
2,76,13,-37.354732142857145,3666,3666.0,0,False
2,77,6,-18.439753401360544,3726,3726.0,0,False
2,78,8,52.14387188208616,3764,3764.0,0,False
2,79,1,-6.880140306122448,3808,3808.0,0,False
2,80,10,-4.140357142857143,3845,3845.0,0,False
2,81,10,11.770646258503401,3894,3894.0,0,False
2,82,14,-28.688533163265305,3927,3927.0,0,False
2,83,14,-22.833928571428572,3977,3977.0,0,False
2,84,11,-27.46141581632653,4037,4037.0,0,False
2,85,13,-27.777461734693876,4086,4086.0,0,False
2,86,0,-30.148647959183677,4128,4128.0,0,False
2,87,0,-7.579371525491915,4160,4160.0,0,False
2,88,13,-46.01065051020408,4210,4210.0,0,False
2,89,13,-47.55852040816327,4249,4249.0,0,False
2,90,4,-35.72591836734694,4325,4325.0,0,False
2,91,15,-4.022576530612245,4370,4370.0,0,False
2,92,16,-22.82188775510204,4448,4448.0,0,False
2,93,6,-12.883516156462584,4491,4491.0,0,False
2,94,13,-4.269831349206347,4532,4532.0,0,False
2,95,14,-12.311594387755102,4574,4574.0,0,False
2,96,14,-16.430293367346938,4614,4614.0,0,False
2,97,16,-17.98577806122449,4654,4654.0,0,False
2,98,11,-24.962653061224486,4700,4700.0,0,False
2,99,6,-23.73379676870748,4739,4739.0,0,False
2,100,14,-29.454923469387754,4782,4782.0,0,False
2,101,1,-15.023388605442177,4818,4818.0,0,False
2,102,15,-26.41914540816326,4861,4861.0,0,False
2,103,14,-36.74105867346939,4903,4903.0,0,False
2,104,14,24.6427489698668,4959,4959.0,0,False
2,105,4,-45.83067602040816,4994,4994.0,0,False
2,106,11,-46.63872448979592,5042,5042.0,0,False
2,107,11,-48.851033163265306,5085,5085.0,0,False
2,108,16,-49.82408163265306,5134,5134.0,0,False
2,109,6,-57.515403911564626,5177,5177.0,0,False
2,110,11,-53.684757060525925,5219,5219.0,0,False
2,111,4,-64.5546556122449,5259,5259.0,0,False
2,112,17,-12.933660714285713,5321,5321.0,0,False
2,113,17,-6.236798469387756,5361,5361.0,0,False
2,114,17,1.021326530612244,5400,5400.0,0,False
2,115,6,-12.191692176870747,5446,5446.0,0,False
2,116,16,-10.000727040816326,5487,5487.0,0,False
2,117,17,-20.65146683673469,5557,5557.0,0,False
2,118,15,-9.519298469387756,5586,5586.0,0,False
2,119,4,-29.617219387755103,5621,5621.0,0,False
2,120,9,-33.11888605442177,5663,5663.0,0,False
2,121,9,-37.76171768707483,5694,5694.0,0,False
2,122,4,-49.934204931972786,5744,5744.0,0,False
2,123,16,-36.36058673469388,5809,5809.0,0,False
2,124,15,-10.274796834232824,5859,5859.0,0,False
2,125,9,-48.99595238095238,5897,5897.0,0,False
2,126,6,-52.697738095238094,5930,5930.0,0,False
2,127,6,-57.21813350340136,5960,5960.0,0,False
2,128,9,-61.12970238095238,5986,5986.0,0,False
2,129,17,-41.916165674603164,6019,6019.0,0,False
2,130,16,-52.51630102040816,6088,6088.0,0,False
2,131,9,-49.102134353741484,6120,6120.0,0,False
2,132,4,-61.6552593537415,6162,6162.0,0,False
2,133,6,-36.1593218537415,6207,6207.0,0,False
2,134,16,-56.19340277777778,6242,6242.0,0,False
3,1,2,17.8143905233959,34,34.0,0,False
3,2,13,0.7569647069694181,92,92.0,0,False
3,3,17,-8.995674643359596,154,154.0,0,False
3,4,10,-17.539990557124952,225,225.0,0,False
3,5,16,-32.49580906018818,288,288.0,0,False
3,6,11,-43.60498230875584,359,359.0,0,False
3,7,15,-49.93901202376155,425,425.0,0,False
3,8,19,-63.55371277145201,484,484.0,0,False
3,9,14,-77.85708334116056,547,547.0,0,False
3,10,13,-20.593702214684843,563,563.0,0,False
3,11,19,-35.74887397023372,608,608.0,0,False
3,12,13,15.572568467178193,630,630.0,0,False
3,13,14,-1.9667104011366963,663,663.0,0,False
3,14,16,-8.18624830786036,703,703.0,0,False
3,15,12,-6.1614161907778655,784,784.0,0,False
3,16,19,2.95961494377152,823,823.0,0,False
3,17,2,0.4676190731700576,863,863.0,0,False
3,18,2,-5.980735904058706,936,936.0,0,False
3,19,19,-11.54514114882003,992,992.0,0,False
3,20,15,-5.976660974850251,1027,1027.0,0,False
3,21,8,-12.115910776983416,1107,1107.0,0,False
3,22,11,-4.601046854749162,1149,1149.0,0,False
3,23,15,6.0427148322873165,1194,1194.0,0,False
3,24,13,-1.9154777834248993,1232,1232.0,0,False
3,25,4,-10.200330067504517,1308,1308.0,0,False
3,26,19,-3.7834448084392207,1345,1345.0,0,False
3,27,14,-2.8826949126190193,1390,1390.0,0,False
3,28,2,-7.584815756306183,1440,1440.0,0,False
3,29,12,-8.025820604779206,1483,1483.0,0,False
3,30,16,-16.02576513240292,1532,1532.0,0,False
3,31,1,-9.724930691322172,1588,1588.0,0,False
3,32,14,-10.245120704792289,1630,1630.0,0,False
3,33,8,-4.50291795501313,1666,1666.0,0,False
3,34,15,-3.954507609895593,1709,1709.0,0,False
3,35,1,-13.005181052455473,1739,1739.0,0,False
3,36,2,-21.160604469181454,1776,1776.0,0,False
3,37,2,-25.02327630828207,1812,1812.0,0,False
3,38,8,-23.44213410893701,1881,1881.0,0,False
3,39,1,-22.126287884570047,1919,1919.0,0,False
3,40,1,-26.049873383064494,1960,1960.0,0,False
3,41,14,-36.989204574849865,2000,2000.0,0,False
3,42,19,-30.982681612092925,2040,2040.0,0,False
3,43,1,-36.12152895723173,2084,2084.0,0,False
3,44,12,-38.82295788094922,2152,2152.0,0,False
3,45,0,-15.095618982879449,2232,2232.0,0,False
3,46,5,-29.278486386141946,2293,2293.0,0,False
3,47,14,-19.010248873575232,2336,2336.0,0,False
3,48,19,24.947324855573825,2391,2391.0,0,False
3,49,10,-5.762168716265613,2424,2424.0,0,False
3,50,14,-17.17463668480015,2466,2466.0,0,False
3,51,16,-54.97498854341516,2507,2507.0,0,False
3,52,13,-21.811849986228776,2556,2556.0,0,False
3,53,11,-26.31985750764601,2616,2616.0,0,False
3,54,2,52.365459573014164,2646,2646.0,0,False
3,55,13,-35.0536656778236,2696,2696.0,0,False
3,56,13,-36.85657819250577,2735,2735.0,0,False
3,57,5,-50.74111481887193,2768,2768.0,0,False
3,58,8,-55.9019700116347,2811,2811.0,0,False
3,59,14,19.104993029694327,2872,2872.0,0,False
3,60,7,-17.776552387055432,2931,2931.0,0,False
3,61,12,-6.023272989426466,2973,2973.0,0,False
3,62,1,5.772647555537755,3009,3009.0,0,False
3,63,7,-9.678232938160845,3042,3042.0,0,False
3,64,8,-17.338286873865215,3074,3074.0,0,False
3,65,13,-8.483728717202464,3115,3115.0,0,False
3,66,5,-23.57243351489907,3168,3168.0,0,False
3,67,10,-23.665503043896184,3225,3225.0,0,False
3,68,8,-40.47940190110007,3291,3291.0,0,False
3,69,3,-22.64010733739186,3356,3356.0,0,False
3,70,10,-17.051989746876004,3393,3393.0,0,False
3,71,12,0.517963050546129,3461,3461.0,0,False
3,72,11,-12.956618071131047,3507,3507.0,0,False
3,73,8,45.14587720059454,3545,3545.0,0,False
3,74,16,-39.4458266581224,3605,3605.0,0,False
3,75,18,-21.34450763644131,3660,3660.0,0,False
3,76,0,-3.3306007689843,3696,3696.0,0,False
3,77,18,-17.830057139805618,3746,3746.0,0,False
3,78,17,-20.918848125600768,3786,3786.0,0,False
3,79,10,-5.307095482217239,3835,3835.0,0,False
3,80,6,-21.81238919149845,3910,3910.0,0,False
3,81,16,-26.64833796751367,3979,3979.0,0,False
3,82,17,-23.213752002563282,4023,4023.0,0,False
3,83,0,-26.863186478692725,4074,4074.0,0,False
3,84,10,-11.976845562319767,4111,4111.0,0,False
3,85,17,-22.707201217558474,4181,4181.0,0,False
3,86,5,-38.22987504005126,4254,4254.0,0,False
3,87,15,-25.270416533162447,4288,4288.0,0,False
3,88,17,-10.963400897593367,4321,4321.0,0,False
3,89,3,-35.00136975328421,4356,4356.0,0,False
3,90,15,-15.425862287616063,4406,4406.0,0,False
3,91,7,-43.92135373277795,4475,4475.0,0,False
3,92,7,-54.972097084267865,4548,4548.0,0,False
3,93,6,-55.529151447185725,4591,4591.0,0,False
3,94,0,-53.61822813200897,4629,4629.0,0,False
3,95,10,-59.980522268503684,4671,4671.0,0,False
3,96,10,-40.4339075794795,4720,4720.0,0,False
3,97,0,-73.14109580262736,4762,4762.0,0,False
3,98,7,-69.578010253124,4826,4826.0,0,False
3,99,4,-71.20990868311439,4861,4861.0,0,False
3,100,16,-63.72625760974047,4896,4896.0,0,False
3,101,0,-45.1597180620585,4928,4928.0,0,False
3,102,3,-75.9925905158603,4983,4983.0,0,False
3,103,4,-85.96565203460429,5023,5023.0,0,False
3,104,9,-17.09230268076471,5080,5080.0,0,False
3,105,18,-14.938775499305777,5117,5117.0,0,False
3,106,7,11.56135232677842,5167,5167.0,0,False
3,107,3,-7.350030438961872,5201,5201.0,0,False
3,108,6,-13.367650325750292,5240,5240.0,0,False
3,109,9,-18.48803001174837,5285,5285.0,0,False
3,110,3,-17.625192246074974,5330,5330.0,0,False
3,111,5,41.73292576720424,5386,5386.0,0,False
3,112,4,-23.80114546619673,5421,5421.0,0,False
3,113,3,-26.530733739186154,5465,5465.0,0,False
3,114,11,-37.768035885934,5513,5513.0,0,False
3,115,4,-40.29533002242871,5558,5558.0,0,False
3,116,4,-48.69336359428958,5600,5600.0,0,False
3,117,3,-4.271531050204906,5636,5636.0,0,False
3,118,11,-43.7728099967959,5684,5684.0,0,False
3,119,6,-53.901003417708,5727,5727.0,0,False
3,120,18,-57.99073961337178,5760,5760.0,0,False
3,121,11,-55.55819669980929,5802,5802.0,0,False
3,122,6,-71.61887108832639,5848,5848.0,0,False
3,123,6,-75.29232030332159,5881,5881.0,0,False
3,124,6,-79.81192459681726,5911,5911.0,0,False
3,125,6,-24.07436563245399,5956,5956.0,0,False
3,126,18,-92.10684663035352,5993,5993.0,0,False
3,127,18,-96.30375307059703,6029,6029.0,0,False
3,128,18,-44.89679837567558,6074,6074.0,0,False
3,129,9,-78.76745807967531,6128,6128.0,0,False
3,130,9,-82.23725622129659,6170,6170.0,0,False
3,131,9,-86.86397682366763,6201,6201.0,0,False
3,132,9,-90.5845503577913,6234,6234.0,0,False
3,133,9,-94.45467691979066,6260,6260.0,0,False
3,134,9,-41.98847222222223,6292,6292.0,0,False
4,1,10,28.062315073011398,31,31.0,0,False
4,2,10,28.62949439693434,44,44.0,0,False
4,3,12,2.965076283394094,125,125.0,0,False
4,4,17,-11.128646305435627,187,187.0,0,False
4,5,12,2.749407282832255,230,230.0,0,False
4,6,4,-7.847794499953032,291,291.0,0,False
4,7,13,-25.045742533548413,349,349.0,0,False
4,8,15,-31.10720506030859,415,415.0,0,False
4,9,2,-49.97496375909708,489,489.0,0,False
4,10,16,-59.37779796601502,567,567.0,0,False
4,11,14,-73.67692780994676,630,630.0,0,False
4,12,17,-38.35673211957839,670,670.0,0,False
4,13,19,-51.41415410088771,729,729.0,0,False
4,14,19,-43.75457037791702,769,769.0,0,False
4,15,1,-58.903881943473856,825,825.0,0,False
4,16,13,-55.25509663587404,861,861.0,0,False
4,17,12,14.99392369939744,914,914.0,0,False
4,18,1,5.713607088973225,939,939.0,0,False
4,19,2,-7.79355329892358,979,979.0,0,False
4,20,19,-4.508167854281297,1018,1018.0,0,False
4,21,12,-4.008829063987186,1060,1060.0,0,False
4,22,19,-13.453580253902128,1116,1116.0,0,False
4,23,16,-17.843690084131488,1156,1156.0,0,False
4,24,13,-19.401743102291825,1193,1193.0,0,False
4,25,16,-22.021946028236624,1237,1237.0,0,False
4,26,8,-10.714195202222237,1302,1302.0,0,False
4,27,13,-1.2801400885598966,1340,1340.0,0,False
4,28,12,51.26780123693531,1408,1408.0,0,False
4,29,1,-9.381590588968717,1451,1451.0,0,False
4,30,8,-10.755185022839555,1487,1487.0,0,False
4,31,14,-17.671286306088152,1520,1520.0,0,False
4,32,8,-18.38564184598559,1584,1584.0,0,False
4,33,19,-18.19703083553384,1621,1621.0,0,False
4,34,8,-28.752342363249838,1664,1664.0,0,False
4,35,14,-31.040680562679007,1714,1714.0,0,False
4,36,10,-31.51509323018083,1771,1771.0,0,False
4,37,4,-34.1304486177999,1806,1806.0,0,False
4,38,8,-41.52849027133978,1838,1838.0,0,False
4,39,13,-41.79889309839356,1882,1882.0,0,False
4,40,7,-7.402214269729335,1926,1926.0,0,False
4,41,0,-22.876800991697976,2006,2006.0,0,False
4,42,4,-9.054545719497295,2046,2046.0,0,False
4,43,6,-21.719878111047944,2106,2106.0,0,False
4,44,3,-18.81127522126329,2156,2156.0,0,False
4,45,14,-26.069063415586083,2198,2198.0,0,False
4,46,13,-2.0751478967888026,2243,2243.0,0,False
4,47,16,-8.06372650025291,2284,2284.0,0,False
4,48,19,-14.22761568965124,2324,2324.0,0,False
4,49,15,-10.905564695773013,2359,2359.0,0,False
4,50,2,-25.449017615064207,2432,2432.0,0,False
4,51,15,-25.536126677746047,2477,2477.0,0,False
4,52,11,-23.019397329920423,2548,2548.0,0,False
4,53,8,-24.535573195845462,2614,2614.0,0,False
4,54,15,-6.41660891279214,2657,2657.0,0,False
4,55,0,-12.01851972725209,2693,2693.0,0,False
4,56,15,-17.360876585678078,2727,2727.0,0,False
4,57,3,-22.842392176730076,2762,2762.0,0,False
4,58,13,-33.749295674829995,2806,2806.0,0,False
4,59,0,-22.095273363000636,2857,2857.0,0,False
4,60,13,-17.032910441830897,2898,2898.0,0,False
4,61,14,-39.629577240940876,2938,2938.0,0,False
4,62,7,-40.11895740623013,2971,2971.0,0,False
4,63,11,-46.48493642720915,3013,3013.0,0,False
4,64,1,-52.60895740623013,3054,3054.0,0,False
4,65,4,-57.92527018436109,3089,3089.0,0,False
4,66,4,-65.5164812460267,3139,3139.0,0,False
4,67,14,-76.4972790845518,3182,3182.0,0,False
4,68,2,-82.67092074592074,3232,3232.0,0,False
4,69,8,3.2980105689764727,3270,3270.0,0,False
4,70,0,-55.740731087094716,3308,3308.0,0,False
4,71,11,-64.74787031150667,3368,3368.0,0,False
4,72,2,-69.80244013562195,3405,3405.0,0,False
4,73,4,-69.32825234424666,3447,3447.0,0,False
4,74,7,-76.23951684678957,3516,3516.0,0,False
4,75,2,-81.16547891502437,3557,3557.0,0,False
4,76,0,-80.6724284806103,3599,3599.0,0,False
4,77,2,-30.151030736622502,3629,3629.0,0,False
4,78,19,-75.64077508762111,3684,3684.0,0,False
4,79,16,-96.68258105530833,3749,3749.0,0,False
4,80,16,-102.74441195168468,3818,3818.0,0,False
4,81,11,-100.98219326128417,3864,3864.0,0,False
4,82,1,-107.59698664971393,3908,3908.0,0,False
4,83,5,-26.469923712650985,3984,3984.0,0,False
4,84,16,19.482597500353187,4019,4019.0,0,False
4,85,14,-18.688067387158295,4061,4061.0,0,False
4,86,3,-18.541211061665607,4116,4116.0,0,False
4,87,9,-16.680232040686583,4173,4173.0,0,False
4,88,11,-9.782705022250477,4221,4221.0,0,False
4,89,6,-19.975452426361517,4264,4264.0,0,False
4,90,14,51.506521367795635,4325,4325.0,0,False
4,91,6,-22.09591650773469,4364,4364.0,0,False
4,92,7,-29.66844882390337,4437,4437.0,0,False
4,93,1,-23.750050262237757,4473,4473.0,0,False
4,94,10,-35.94321678321678,4510,4510.0,0,False
4,95,10,-44.16254609027336,4564,4564.0,0,False
4,96,15,-3.454758913272684,4614,4614.0,0,False
4,97,18,-16.96211591438864,4669,4669.0,0,False
4,98,18,-15.35979550752278,4719,4719.0,0,False
4,99,11,-19.75937380801017,4767,4767.0,0,False
4,100,7,-7.974656706929434,4826,4826.0,0,False
4,101,6,-19.12732782369146,4869,4869.0,0,False
4,102,6,-26.133872642509008,4915,4915.0,0,False
4,103,11,-22.03279591379947,4957,4957.0,0,False
4,104,18,-25.513374655647382,4994,4994.0,0,False
4,105,0,4.542534651728204,5026,5026.0,0,False
4,106,3,-26.595349650349647,5060,5060.0,0,False
4,107,5,-40.120451366815004,5093,5093.0,0,False
4,108,6,-45.042632973087514,5131,5131.0,0,False
4,109,17,-36.478105530832806,5175,5175.0,0,False
4,110,3,-32.266815003178635,5215,5215.0,0,False
4,111,6,-47.39015681288408,5245,5245.0,0,False
4,112,10,-46.6147520661157,5282,5282.0,0,False
4,113,3,-53.294570883661784,5326,5326.0,0,False
4,114,6,-3.3709352043158702,5371,5371.0,0,False
4,115,5,-60.131528925619826,5424,5424.0,0,False
4,116,9,-64.15371900826446,5469,5469.0,0,False
4,117,5,-70.67021296884934,5542,5542.0,0,False
4,118,7,-51.36315481470672,5592,5592.0,0,False
4,119,18,-76.56287560923924,5625,5625.0,0,False
4,120,9,-79.01675778766688,5679,5679.0,0,False
4,121,17,-85.12631913541004,5749,5749.0,0,False
4,122,3,-61.372055251603676,5790,5790.0,0,False
4,123,10,-81.84850921805467,5832,5832.0,0,False
4,124,10,-63.59426549145298,5881,5881.0,0,False
4,125,9,-103.78283852511125,5923,5923.0,0,False
4,126,17,-82.35320945468672,5956,5956.0,0,False
4,127,9,-117.40476160203433,5987,5987.0,0,False
4,128,5,-35.57562650102423,6038,6038.0,0,False
4,129,18,-105.35696969696968,6075,6075.0,0,False
4,130,18,-109.54488133079042,6111,6111.0,0,False
4,131,18,-58.212826160896384,6156,6156.0,0,False
4,132,9,-124.02967471922017,6194,6194.0,0,False
4,133,9,-127.97594723458359,6220,6220.0,0,False
4,134,9,-73.77875000000002,6252,6252.0,0,False
5,1,12,26.51462555647776,41,41.0,0,False
5,2,1,0.21217521648304327,97,97.0,0,False
5,3,4,-12.330596022968003,173,173.0,0,False
5,4,17,-12.93983537953584,220,220.0,0,False
5,5,17,7.753071460561031,240,240.0,0,False
5,6,1,-5.286203915889953,270,270.0,0,False
5,7,14,-23.82540658961499,333,333.0,0,False
5,8,12,-9.649293375727744,376,376.0,0,False
5,9,14,-24.36788057720463,409,409.0,0,False
5,10,8,-36.329451272107534,489,489.0,0,False
5,11,10,-31.72560173382649,545,545.0,0,False
5,12,12,10.057263768710577,598,598.0,0,False
5,13,14,-14.084172257878446,648,648.0,0,False
5,14,1,-16.04562865545929,691,691.0,0,False
5,15,16,-16.306709526513924,754,754.0,0,False
5,16,19,-32.29837261864829,813,813.0,0,False
5,17,17,-21.638453755833627,857,857.0,0,False
5,18,19,1.8334688231950214,902,902.0,0,False
5,19,6,-12.015751287798082,977,977.0,0,False
5,20,14,-2.956390012371724,1019,1019.0,0,False
5,21,19,-5.2243002228899265,1058,1058.0,0,False
5,22,19,-13.264745212400804,1114,1114.0,0,False
5,23,2,-25.154837856915155,1188,1188.0,0,False
5,24,16,-1.7428138973441474,1228,1228.0,0,False
5,25,19,-6.142511367968536,1265,1265.0,0,False
5,26,0,-15.52399650273907,1345,1345.0,0,False
5,27,1,-13.615448495682307,1386,1386.0,0,False
5,28,4,-20.419854754346225,1421,1421.0,0,False
5,29,5,-30.16605452438176,1482,1482.0,0,False
5,30,9,-27.57247076587024,1539,1539.0,0,False
5,31,2,-33.48716145761081,1579,1579.0,0,False
5,32,19,0.7014131567710606,1619,1619.0,0,False
5,33,19,29.924191926903752,1669,1669.0,0,False
5,34,13,-13.530262058637629,1727,1727.0,0,False
5,35,13,-2.84030997678956,1763,1763.0,0,False
5,36,14,-13.678490751703519,1803,1803.0,0,False
5,37,9,-20.798848154191894,1848,1848.0,0,False
5,38,8,-24.734868561147405,1884,1884.0,0,False
5,39,12,-23.868912953365673,1926,1926.0,0,False
5,40,13,-13.725993121992751,1963,1963.0,0,False
5,41,14,-23.23299901706067,2006,2006.0,0,False
5,42,13,-24.858826465665686,2044,2044.0,0,False
5,43,13,-32.666241868870024,2093,2093.0,0,False
5,44,15,-16.60335147185426,2159,2159.0,0,False
5,45,10,-11.661479210006645,2192,2192.0,0,False
5,46,17,-8.281818438786818,2262,2262.0,0,False
5,47,17,35.994589171749226,2295,2295.0,0,False
5,48,4,-11.418260509114836,2335,2335.0,0,False
5,49,2,-25.785061664535625,2408,2408.0,0,False
5,50,8,-36.620425420648004,2477,2477.0,0,False
5,51,8,-30.709461116444423,2520,2520.0,0,False
5,52,12,18.714010277623338,2588,2588.0,0,False
5,53,16,-41.178865091001214,2637,2637.0,0,False
5,54,5,-43.265226994220775,2670,2670.0,0,False
5,55,14,-46.48385615528927,2712,2712.0,0,False
5,56,9,-55.024503848256124,2766,2766.0,0,False
5,57,3,-8.016625210372661,2816,2816.0,0,False
5,58,13,-10.50767754318618,2866,2866.0,0,False
5,59,16,-7.902984644913628,2907,2907.0,0,False
5,60,13,-7.679500959692897,2946,2946.0,0,False
5,61,4,-17.232437619961612,2981,2981.0,0,False
5,62,16,-20.38809980806142,3046,3046.0,0,False
5,63,16,-26.535930902111325,3115,3115.0,0,False
5,64,10,-35.31431861804222,3172,3172.0,0,False
5,65,14,17.165577756805092,3233,3233.0,0,False
5,66,1,-36.91361804222649,3277,3277.0,0,False
5,67,15,-38.173320537428026,3312,3312.0,0,False
5,68,11,-20.793723608445298,3383,3383.0,0,False
5,69,0,-6.742619961612283,3414,3414.0,0,False
5,70,1,6.418346529110684,3450,3450.0,0,False
5,71,4,-11.2260556621881,3500,3500.0,0,False
5,72,10,-7.774395393474088,3537,3537.0,0,False
5,73,8,-17.939302623160586,3569,3569.0,0,False
5,74,2,-25.585924504158665,3619,3619.0,0,False
5,75,7,-18.992696737044145,3678,3678.0,0,False
5,76,5,-14.601132437619961,3731,3731.0,0,False
5,77,13,2.6509727553849434,3772,3772.0,0,False
5,78,10,-8.424318618042225,3826,3826.0,0,False
5,79,2,-17.933208573256557,3863,3863.0,0,False
5,80,5,-26.81907869481766,3936,3936.0,0,False
5,81,4,-20.65477567178503,3978,3978.0,0,False
5,82,10,-25.316861804222647,4015,4015.0,0,False
5,83,2,-38.31731605886117,4056,4056.0,0,False
5,84,8,-38.14126039667306,4122,4122.0,0,False
5,85,10,-33.809040307101725,4164,4164.0,0,False
5,86,9,-48.67429942418426,4206,4206.0,0,False
5,87,2,9.863673913655802,4236,4236.0,0,False
5,88,8,16.462348248560467,4269,4269.0,0,False
5,89,16,-20.53308807848155,4304,4304.0,0,False
5,90,5,8.659462038814247,4360,4360.0,0,False
5,91,0,-59.17889635316698,4411,4411.0,0,False
5,92,18,-25.61769033909149,4466,4466.0,0,False
5,93,0,-2.160873320537428,4504,4504.0,0,False
5,94,3,-7.442898272552782,4539,4539.0,0,False
5,95,9,-32.67305531320886,4570,4570.0,0,False
5,96,9,-50.60967370441459,4603,4603.0,0,False
5,97,11,-27.55160268714011,4645,4645.0,0,False
5,98,0,-29.84584452975048,4687,4687.0,0,False
5,99,6,-44.00589891234805,4730,4730.0,0,False
5,100,10,-16.85903250959693,4779,4779.0,0,False
5,101,9,-57.227670563601464,4810,4810.0,0,False
5,102,6,-28.235706973768394,4844,4844.0,0,False
5,103,9,26.808928609511625,4876,4876.0,0,False
5,104,18,-39.27076135636596,4926,4926.0,0,False
5,105,15,-26.766218809980806,4966,4966.0,0,False
5,106,15,-35.73313819577734,5009,5009.0,0,False
5,107,6,-47.91117722328855,5047,5047.0,0,False
5,108,3,-37.44688099808061,5097,5097.0,0,False
5,109,0,-17.537308078619148,5129,5129.0,0,False
5,110,7,-52.48568138195777,5162,5162.0,0,False
5,111,7,-56.911794625719764,5231,5231.0,0,False
5,112,11,-65.96948176583493,5291,5291.0,0,False
5,113,15,-58.5154414587332,5325,5325.0,0,False
5,114,3,-63.6682245681382,5359,5359.0,0,False
5,115,3,-70.52696737044147,5404,5404.0,0,False
5,116,11,-81.4060556621881,5450,5450.0,0,False
5,117,15,-58.803588091740586,5500,5500.0,0,False
5,118,18,-79.88080934101087,5537,5537.0,0,False
5,119,6,-86.4196513115803,5583,5583.0,0,False
5,120,6,-90.08728087012156,5616,5616.0,0,False
5,121,6,-94.65769353806782,5646,5646.0,0,False
5,122,11,-99.56269673704415,5694,5694.0,0,False
5,123,7,-97.68371401151632,5767,5767.0,0,False
5,124,7,-107.26846449136275,5831,5831.0,0,False
5,125,11,-100.3826103646833,5874,5874.0,0,False
5,126,3,-107.27695777351246,5918,5918.0,0,False
5,127,6,-57.87483971795693,5963,5963.0,0,False
5,128,18,-125.2907997440819,5996,5996.0,0,False
5,129,3,-85.49671378107863,6037,6037.0,0,False
5,130,11,-113.31070951239019,6079,6079.0,0,False
5,131,7,-108.5900768379752,6129,6129.0,0,False
5,132,18,-133.8953486884197,6166,6166.0,0,False
5,133,18,-138.08353486884195,6202,6202.0,0,False
5,134,18,-90.50606503470952,6247,6247.0,0,False
6,1,4,23.527071125860598,36,36.0,0,False
6,2,19,9.697380608192567,80,80.0,0,False
6,3,14,-12.31156839629858,143,143.0,0,False
6,4,12,-16.507824545317447,224,224.0,0,False
6,5,19,6.253731234710326,249,249.0,0,False
6,6,14,-12.115236365586657,282,282.0,0,False
6,7,13,-19.31716090432122,340,340.0,0,False
6,8,3,-25.964166818220676,405,405.0,0,False
6,9,5,-39.562807887185684,466,466.0,0,False
6,10,10,-46.72617649989387,537,537.0,0,False
6,11,18,-63.69799233692313,592,592.0,0,False
6,12,2,-67.63988939830452,651,651.0,0,False
6,13,14,-17.84722120625419,686,686.0,0,False
6,14,18,-1.4026304598708261,736,736.0,0,False
6,15,8,-11.198359960456843,816,816.0,0,False
6,16,9,-23.609174221194962,888,888.0,0,False
6,17,5,-12.193609929591485,921,921.0,0,False
6,18,1,-19.881554804900237,977,977.0,0,False
6,19,4,-16.015825360038747,1012,1012.0,0,False
6,20,13,-21.747306339188555,1048,1048.0,0,False
6,21,15,-27.815852399810645,1114,1114.0,0,False
6,22,19,0.8616437825503489,1153,1153.0,0,False
6,23,17,-12.31412203301963,1215,1215.0,0,False
6,24,2,-3.8364734153273776,1255,1255.0,0,False
6,25,2,-6.521812277548646,1328,1328.0,0,False
6,26,4,-9.557213657188445,1368,1368.0,0,False
6,27,1,-7.214422007429743,1398,1398.0,0,False
6,28,10,-3.345601537821967,1426,1426.0,0,False
6,29,8,-18.002052220724043,1457,1457.0,0,False
6,30,13,-14.367408689783447,1494,1494.0,0,False
6,31,14,-25.745025592223072,1536,1536.0,0,False
6,32,17,-22.836020590132975,1576,1576.0,0,False
6,33,5,-31.26422410056326,1629,1629.0,0,False
6,34,19,-35.77730337371631,1685,1685.0,0,False
6,35,16,-18.77334859002641,1763,1763.0,0,False
6,36,0,-27.31612936542041,1843,1843.0,0,False
6,37,14,-16.80853624103161,1883,1883.0,0,False
6,38,14,-21.15275323708244,1921,1921.0,0,False
6,39,19,-24.074833815981144,1958,1958.0,0,False
6,40,0,-25.693785254420803,1994,1994.0,0,False
6,41,19,-11.073907898907185,2034,2034.0,0,False
6,42,13,-15.80889962392443,2072,2072.0,0,False
6,43,12,-18.51146506467021,2115,2115.0,0,False
6,44,2,-33.261049548944634,2165,2165.0,0,False
6,45,1,-26.0519488566132,2208,2208.0,0,False
6,46,19,-1.457796207778003,2263,2263.0,0,False
6,47,13,-35.92198662755161,2312,2312.0,0,False
6,48,13,-38.734931776572914,2357,2357.0,0,False
6,49,13,-44.54971630981708,2396,2396.0,0,False
6,50,5,-53.867643334991484,2469,2469.0,0,False
6,51,13,-18.39653486402188,2510,2510.0,0,False
6,52,15,-52.39461026770991,2545,2545.0,0,False
6,53,15,-52.51128360626219,2590,2590.0,0,False
6,54,1,-60.797905868266625,2631,2631.0,0,False
6,55,4,-66.25519947446965,2666,2666.0,0,False
6,56,14,-70.40439793605766,2708,2708.0,0,False
6,57,4,-71.84785174427424,2758,2758.0,0,False
6,58,1,-78.68850242894487,2802,2802.0,0,False
6,59,14,-11.953818262275249,2858,2858.0,0,False
6,60,5,-18.987805274309437,2909,2909.0,0,False
6,61,2,-87.33644602742649,2946,2946.0,0,False
6,62,2,-91.50545755295875,2982,2982.0,0,False
6,63,16,-95.9728589723067,3022,3022.0,0,False
6,64,12,-92.6675772370738,3090,3090.0,0,False
6,65,1,-89.59998876127207,3126,3126.0,0,False
6,66,12,-97.23848167120217,3168,3168.0,0,False
6,67,17,-103.52916039699055,3212,3212.0,0,False
6,68,2,-46.59171773800131,3242,3242.0,0,False
6,69,17,-112.61108131903313,3312,3312.0,0,False
6,70,10,-117.1191323835441,3369,3369.0,0,False
6,71,9,-123.32565898297848,3414,3414.0,0,False
6,72,7,-15.509755082439572,3473,3473.0,0,False
6,73,4,-8.342326211025735,3515,3515.0,0,False
6,74,17,12.247605467290967,3543,3543.0,0,False
6,75,8,-12.487325649645163,3607,3607.0,0,False
6,76,10,-12.351647991035696,3644,3644.0,0,False
6,77,16,-23.840405794781496,3693,3693.0,0,False
6,78,6,-28.674530441278478,3768,3768.0,0,False
6,79,8,-12.263880796115467,3811,3811.0,0,False
6,80,16,-5.594446934528573,3852,3852.0,0,False
6,81,10,-9.784418921082118,3906,3906.0,0,False
6,82,16,-18.6153233552105,3966,3966.0,0,False
6,83,16,-29.056425484232427,4035,4035.0,0,False
6,84,6,-27.792075662984896,4078,4078.0,0,False
6,85,15,-26.566764847126617,4121,4121.0,0,False
6,86,16,-0.4814663260587295,4156,4156.0,0,False
6,87,6,-37.14224534443199,4195,4195.0,0,False
6,88,0,-32.28447814951177,4241,4241.0,0,False
6,89,6,-40.86594712128488,4279,4279.0,0,False
6,90,8,-46.08911130676058,4311,4311.0,0,False
6,91,15,-44.381145349767884,4345,4345.0,0,False
6,92,10,-49.98072194653434,4382,4382.0,0,False
6,93,9,-52.06210687796809,4431,4431.0,0,False
6,94,6,-57.826853156181635,4477,4477.0,0,False
6,95,10,-56.45459340483432,4519,4519.0,0,False
6,96,10,-36.81639671486757,4568,4568.0,0,False
6,97,8,-68.66462195187022,4634,4634.0,0,False
6,98,9,-72.06535723814098,4676,4676.0,0,False
6,99,18,-74.242955818793,4713,4713.0,0,False
6,100,18,-77.64987674083561,4746,4746.0,0,False
6,101,18,-105.8274483752201,4783,4783.0,0,False
6,102,11,-18.370415399391707,4854,4854.0,0,False
6,103,8,50.87430008626363,4892,4892.0,0,False
6,104,9,-7.936121605037084,4923,4923.0,0,False
6,105,9,-11.641319299930633,4956,4956.0,0,False
6,106,7,-14.261094125180085,4989,4989.0,0,False
6,107,7,-16.269935969265244,5058,5058.0,0,False
6,108,9,-20.606067178912543,5089,5089.0,0,False
6,109,18,-26.907826499576938,5130,5130.0,0,False
6,110,18,23.890601640047727,5175,5175.0,0,False
6,111,0,-31.065756363054263,5213,5213.0,0,False
6,112,3,-36.3458980310549,5248,5248.0,0,False
6,113,9,15.59316952137025,5280,5280.0,0,False
6,114,6,-54.10536204044608,5318,5318.0,0,False
6,115,6,-57.36818739661704,5348,5348.0,0,False
6,116,11,-61.368187930206496,5390,5390.0,0,False
6,117,7,-46.31550424203618,5463,5463.0,0,False
6,118,12,-26.33463522302091,5531,5531.0,0,False
6,119,6,7.154132872667766,5576,5576.0,0,False
6,120,11,-57.33022250680327,5636,5636.0,0,False
6,121,15,-26.49135399352459,5681,5681.0,0,False
6,122,0,-62.5671154153994,5723,5723.0,0,False
6,123,7,-68.56550584280454,5787,5787.0,0,False
6,124,0,-39.86774262685514,5819,5819.0,0,False
6,125,3,-69.91564751080519,5874,5874.0,0,False
6,126,3,-72.0731054906355,5908,5908.0,0,False
6,127,3,-78.9174843925084,5953,5953.0,0,False
6,128,3,-80.53166559948775,5992,5992.0,0,False
6,129,7,-78.80552874213801,6042,6042.0,0,False
6,130,3,-58.857624975621235,6083,6083.0,0,False
6,131,11,-92.98776772850968,6129,6129.0,0,False
6,132,11,-100.23906755242515,6177,6177.0,0,False
6,133,11,-102.44240115255322,6220,6220.0,0,False
6,134,11,-115.72576778966754,6262,6262.0,0,False
7,1,8,16.84853518589022,40,40.0,0,False
7,2,10,10.954173150490835,96,96.0,0,False
7,3,11,-17.714989926350146,167,167.0,0,False
7,4,19,-12.065172811420396,211,211.0,0,False
7,5,2,-34.021026285911034,285,285.0,0,False
7,6,4,-43.284722972643294,361,361.0,0,False
7,7,6,-59.628306159378056,436,436.0,0,False
7,8,14,-64.16556005043734,484,484.0,0,False
7,9,3,-60.524952638747756,534,534.0,0,False
7,10,12,-80.09899961232806,615,615.0,0,False
7,11,6,-34.2456173249211,638,638.0,0,False
7,12,17,-49.254961582880554,700,700.0,0,False
7,13,17,-44.25404465881651,740,740.0,0,False
7,14,16,-60.126589732941184,818,818.0,0,False
7,15,8,-57.50633721500654,854,854.0,0,False
7,16,11,-67.38786382512895,896,896.0,0,False
7,17,2,-70.4056265916146,936,936.0,0,False
7,18,9,-78.82311048367036,1008,1008.0,0,False
7,19,5,-85.32841820112375,1069,1069.0,0,False
7,20,13,-93.66070338318697,1127,1127.0,0,False
7,21,3,-75.72418908609336,1162,1162.0,0,False
7,22,2,0.6458736717838178,1220,1220.0,0,False
7,23,18,-10.952721371339788,1275,1275.0,0,False
7,24,2,-4.6425033749358215,1325,1325.0,0,False
7,25,1,-12.563556090155876,1381,1381.0,0,False
7,26,11,-9.566488965531132,1441,1441.0,0,False
7,27,14,-5.6574314146017,1474,1474.0,0,False
7,28,2,-8.719758449822915,1511,1511.0,0,False
7,29,9,-17.77488538186239,1556,1556.0,0,False
7,30,3,-8.849425362720451,1611,1611.0,0,False
7,31,10,-11.032702529133722,1644,1644.0,0,False
7,32,14,-21.67554455232118,1689,1689.0,0,False
7,33,18,-27.27264287894737,1739,1739.0,0,False
7,34,7,-2.4126581277666848,1783,1783.0,0,False
7,35,7,-5.991265859494552,1816,1816.0,0,False
7,36,0,-17.22444283502949,1896,1896.0,0,False
7,37,2,-18.428719876641217,1937,1937.0,0,False
7,38,13,-22.075892920867844,1973,1973.0,0,False
7,39,1,-21.735352868807787,1998,1998.0,0,False
7,40,17,-8.539362581589629,2042,2042.0,0,False
7,41,8,-22.282926993722032,2111,2111.0,0,False
7,42,15,-6.694579977182038,2162,2162.0,0,False
7,43,11,-13.297597332174032,2208,2208.0,0,False
7,44,11,-22.73109835255454,2256,2256.0,0,False
7,45,7,-8.61340344988717,2320,2320.0,0,False
7,46,11,-19.35666282719891,2363,2363.0,0,False
7,47,14,-22.50941971619183,2405,2405.0,0,False
7,48,9,-30.208946187879228,2459,2459.0,0,False
7,49,7,-38.01914932742141,2532,2532.0,0,False
7,50,7,-48.00519809405185,2596,2596.0,0,False
7,51,9,-41.890456738668036,2638,2638.0,0,False
7,52,14,-48.991579454051816,2678,2678.0,0,False
7,53,8,-54.28763410544325,2721,2721.0,0,False
7,54,15,-52.95419656763849,2756,2756.0,0,False
7,55,15,-46.737302084917296,2801,2801.0,0,False
7,56,11,-34.87938989251806,2843,2843.0,0,False
7,57,10,-54.93507186202491,2900,2900.0,0,False
7,58,8,-63.47972745661663,2932,2932.0,0,False
7,59,14,-71.66864100926222,2975,2975.0,0,False
7,60,9,-73.45492281486213,3001,3001.0,0,False
7,61,2,-16.039213520662273,3031,3031.0,0,False
7,62,9,-84.41893111891835,3069,3069.0,0,False
7,63,8,-79.79258117747258,3135,3135.0,0,False
7,64,10,-78.4437751517087,3172,3172.0,0,False
7,65,10,-86.61248642606196,3226,3226.0,0,False
7,66,16,-86.10276269562439,3266,3266.0,0,False
7,67,19,-92.92662887256468,3311,3311.0,0,False
7,68,14,-96.11058288086872,3353,3353.0,0,False
7,69,3,-90.81753273714467,3387,3387.0,0,False
7,70,7,-82.47784191788406,3437,3437.0,0,False
7,71,0,-103.23328169913766,3473,3473.0,0,False
7,72,17,-107.75484669434685,3543,3543.0,0,False
7,73,12,-106.10050782497603,3586,3586.0,0,False
7,74,14,-49.58574394797006,3647,3647.0,0,False
7,75,8,-61.00657988883565,3685,3685.0,0,False
7,76,9,-121.56483977430001,3716,3716.0,0,False
7,77,13,-119.94916480357713,3753,3753.0,0,False
7,78,6,-129.57260566379216,3792,3792.0,0,False
7,79,9,-64.18980322225771,3824,3824.0,0,False
7,80,10,-127.29785531778984,3861,3861.0,0,False
7,81,19,-130.76639092941554,3900,3900.0,0,False
7,82,12,-137.1803784733312,3968,3968.0,0,False
7,83,18,-147.41341477696156,4000,4000.0,0,False
7,84,5,-146.12924465027146,4033,4033.0,0,False
7,85,12,-144.0240689875439,4075,4075.0,0,False
7,86,10,-150.4313829447461,4117,4117.0,0,False
7,87,4,-159.62913605876716,4152,4152.0,0,False
7,88,5,-159.6168684126477,4205,4205.0,0,False
7,89,1,-161.494830725008,4248,4248.0,0,False
7,90,1,-161.74232034493772,4289,4289.0,0,False
7,91,4,-163.55125359310125,4329,4329.0,0,False
7,92,3,-164.53026189715746,4374,4374.0,0,False
7,93,10,-144.7214665730686,4423,4423.0,0,False
7,94,17,-157.1335266510522,4456,4456.0,0,False
7,95,6,-189.95513361013522,4499,4499.0,0,False
7,96,18,-194.0744990950708,4532,4532.0,0,False
7,97,13,-197.02173906100285,4570,4570.0,0,False
7,98,4,-202.3314755669115,4605,4605.0,0,False
7,99,3,-204.9946806132226,4649,4649.0,0,False
7,100,6,-217.54634727988926,4690,4690.0,0,False
7,101,0,-190.5909150431172,4741,4741.0,0,False
7,102,3,-169.9993634315694,4782,4782.0,0,False
7,103,1,-201.14441711913128,4826,4826.0,0,False
7,104,19,-205.16173107633344,4882,4882.0,0,False
7,105,19,-207.7079319706164,4919,4919.0,0,False
7,106,18,-216.10084690727138,4956,4956.0,0,False
7,107,5,-222.16266847652508,5029,5029.0,0,False
7,108,19,-223.52928776748644,5069,5069.0,0,False
7,109,12,-203.36742320912202,5137,5137.0,0,False
7,110,13,-228.36348450974128,5186,5186.0,0,False
7,111,4,-235.92597412967103,5236,5236.0,0,False
7,112,16,-234.631426061961,5285,5285.0,0,False
7,113,19,-232.7717956101544,5340,5340.0,0,False
7,114,18,-244.80637868625573,5381,5381.0,0,False
7,115,0,-243.72415841584157,5419,5419.0,0,False
7,116,6,-257.0984903651655,5457,5457.0,0,False
7,117,13,-261.03781539444265,5507,5507.0,0,False
7,118,16,-253.40614180772914,5548,5548.0,0,False
7,119,4,-255.77019165424608,5590,5590.0,0,False
7,120,13,-264.0862088789524,5634,5634.0,0,False
7,121,13,-260.1196375070975,5675,5675.0,0,False
7,122,6,-278.63087139359095,5710,5710.0,0,False
7,123,6,-221.42365663481672,5755,5755.0,0,False
7,124,16,-274.3804056212073,5820,5820.0,0,False
7,125,16,-280.5310667518365,5889,5889.0,0,False
7,126,0,-278.22463589907375,5931,5931.0,0,False
7,127,18,-232.26137910401408,5976,5976.0,0,False
7,128,16,-259.83652614757443,6011,6011.0,0,False
7,129,0,-259.2193890840697,6043,6043.0,0,False
7,130,15,-290.8373011817311,6086,6086.0,0,False
7,131,1,-278.6121970150644,6117,6117.0,0,False
7,132,15,-292.14020919833916,6151,6151.0,0,False
7,133,15,-288.98348999226795,6201,6201.0,0,False
7,134,5,-313.4144723915989,6257,6257.0,0,False
8,1,4,23.314653589288337,36,36.0,0,False
8,2,16,-2.8560313074592365,114,114.0,0,False
8,3,17,-12.637579948505794,176,176.0,0,False
8,4,12,-21.92107497280052,257,257.0,0,False
8,5,9,-42.72992421736423,329,329.0,0,False
8,6,17,-1.523079682516407,349,349.0,0,False
8,7,3,-13.048255039854602,399,399.0,0,False
8,8,18,-35.427730858272454,454,454.0,0,False
8,9,10,-39.89078640015188,525,525.0,0,False
8,10,3,-25.564836264011696,560,560.0,0,False
8,11,7,-33.20616174356286,604,604.0,0,False
8,12,11,-51.250973984605885,675,675.0,0,False
8,13,18,-47.91027631456283,725,725.0,0,False
8,14,2,-61.03743088170796,799,799.0,0,False
8,15,14,-72.57923449270739,862,862.0,0,False
8,16,7,-57.73116174189557,895,895.0,0,False
8,17,8,-76.0079732012471,975,975.0,0,False
8,18,5,-80.9468316769922,1051,1051.0,0,False
8,19,16,-69.2982393324794,1086,1086.0,0,False
8,20,18,7.105526248823046,1108,1108.0,0,False
8,21,18,-0.5788216170260316,1141,1141.0,0,False
8,22,7,-5.596278196904311,1210,1210.0,0,False
8,23,14,-11.596380175695852,1243,1243.0,0,False
8,24,15,4.9432027932324285,1294,1294.0,0,False
8,25,9,-5.621295367373981,1334,1334.0,0,False
8,26,6,-14.576191881098048,1394,1394.0,0,False
8,27,10,-6.181321301614425,1427,1427.0,0,False
8,28,19,-22.118058187491354,1486,1486.0,0,False
8,29,18,-20.665373204665883,1523,1523.0,0,False
8,30,13,-30.0329926907285,1581,1581.0,0,False
8,31,2,-29.685937923946913,1621,1621.0,0,False
8,32,14,-6.928010467547615,1671,1671.0,0,False
8,33,19,-6.972403246000324,1716,1716.0,0,False
8,34,2,-16.73330886239028,1789,1789.0,0,False
8,35,17,-20.568053813113057,1833,1833.0,0,False
8,36,8,-21.50992917806264,1869,1869.0,0,False
8,37,7,-26.304989607728395,1942,1942.0,0,False
8,38,14,-37.51400770593201,1984,1984.0,0,False
8,39,18,-34.334306699236976,2025,2025.0,0,False
8,40,0,-12.248950931788247,2105,2105.0,0,False
8,41,14,-15.837330611759635,2145,2145.0,0,False
8,42,17,-8.871039577396353,2215,2215.0,0,False
8,43,7,-18.993020703453578,2279,2279.0,0,False
8,44,1,-20.96028016801817,2335,2335.0,0,False
8,45,10,-15.416719853498897,2392,2392.0,0,False
8,46,3,-23.989233602767527,2447,2447.0,0,False
8,47,7,26.52763487613359,2497,2497.0,0,False
8,48,1,-18.473868142508934,2527,2527.0,0,False
8,49,16,-18.986796827267874,2576,2576.0,0,False
8,50,14,-27.7736333354826,2619,2619.0,0,False
8,51,5,-32.88042942266564,2652,2652.0,0,False
8,52,8,-33.160552216144346,2716,2716.0,0,False
8,53,2,-38.635204537061114,2766,2766.0,0,False
8,54,11,-42.39410889598606,2808,2808.0,0,False
8,55,10,-35.98980661658942,2845,2845.0,0,False
8,56,5,-52.52556017260668,2898,2898.0,0,False
8,57,2,-51.11053806403495,2935,2935.0,0,False
8,58,18,4.27202172709179,2980,2980.0,0,False
8,59,15,-55.822822438868464,3015,3015.0,0,False
8,60,8,-69.23150018645782,3058,3058.0,0,False
8,61,13,-71.79672926322519,3094,3094.0,0,False
8,62,8,-79.4148572265729,3126,3126.0,0,False
8,63,1,-64.81419689947258,3169,3169.0,0,False
8,64,14,-75.63796467955889,3211,3211.0,0,False
8,65,4,-71.30371983378616,3246,3246.0,0,False
8,66,13,-73.03666613393,3283,3283.0,0,False
8,67,11,-82.16125539395877,3343,3343.0,0,False
8,68,16,-88.30255873421767,3384,3384.0,0,False
8,69,2,-88.24342762772362,3425,3425.0,0,False
8,70,15,-83.86084785040754,3470,3470.0,0,False
8,71,14,-31.669404554509256,3531,3531.0,0,False
8,72,19,-102.39317804059453,3570,3570.0,0,False
8,73,9,-114.25402322731873,3624,3624.0,0,False
8,74,13,-102.62057775291673,3662,3662.0,0,False
8,75,13,-110.0303723829311,3711,3711.0,0,False
8,76,1,-116.14229023493687,3752,3752.0,0,False
8,77,1,-122.83208646316126,3796,3796.0,0,False
8,78,0,-124.194004315167,3832,3832.0,0,False
8,79,0,-110.07277209525331,3878,3878.0,0,False
8,80,3,-117.22318443343454,3912,3912.0,0,False
8,81,17,-102.55814226399765,3945,3945.0,0,False
8,82,15,-128.1374988013425,3988,3988.0,0,False
8,83,9,-140.17005806829684,4025,4025.0,0,False
8,84,3,-140.60284481380853,4070,4070.0,0,False
8,85,4,-134.95469474188909,4110,4110.0,0,False
8,86,2,-79.08136605241123,4140,4140.0,0,False
8,87,9,-145.49649885461616,4171,4171.0,0,False
8,88,5,-184.78467864956767,4244,4244.0,0,False
8,89,15,-138.88216237813648,4273,4273.0,0,False
8,90,9,-154.60992701507644,4306,4306.0,0,False
8,91,0,-153.9201782004155,4344,4344.0,0,False
8,92,4,-163.24915294869743,4379,4379.0,0,False
8,93,1,-146.09531648442632,4415,4415.0,0,False
8,94,8,-167.62981487400776,4476,4476.0,0,False
8,95,11,-161.87997602684993,4517,4517.0,0,False
8,96,0,-168.4493599168931,4559,4559.0,0,False
8,97,10,-164.13812769697938,4608,4608.0,0,False
8,98,11,-177.21566325715196,4656,4656.0,0,False
8,99,3,-179.85223989132172,4700,4700.0,0,False
8,100,10,-185.37778807735336,4737,4737.0,0,False
8,101,5,-195.00368780367072,4793,4793.0,0,False
8,102,11,-190.73450215758348,4841,4841.0,0,False
8,103,16,-195.78662697778486,4906,4906.0,0,False
8,104,9,-200.34952746257525,4937,4937.0,0,False
8,105,11,-196.3769426518932,4979,4979.0,0,False
8,106,4,-210.1181356880294,5029,5029.0,0,False
8,107,19,-208.1009445421128,5085,5085.0,0,False
8,108,15,-182.11935976714835,5135,5135.0,0,False
8,109,3,-182.93671264578305,5176,5176.0,0,False
8,110,9,-152.78917218826027,5203,5203.0,0,False
8,111,16,-222.49368547227104,5277,5277.0,0,False
8,112,6,-228.21576447711897,5320,5320.0,0,False
8,113,13,-232.08217995844655,5370,5370.0,0,False
8,114,8,-170.0253441645357,5403,5403.0,0,False
8,115,13,-228.7106065206968,5442,5442.0,0,False
8,116,0,-207.59034954972296,5474,5474.0,0,False
8,117,6,-240.20419103936922,5513,5513.0,0,False
8,118,16,-220.35037083466514,5553,5553.0,0,False
8,119,10,-239.71779926482338,5595,5595.0,0,False
8,120,4,-247.91102843149005,5637,5637.0,0,False
8,121,10,-226.83280959769505,5686,5686.0,0,False
8,122,12,-258.88992408502475,5729,5729.0,0,False
8,123,12,-254.80999360715998,5797,5797.0,0,False
8,124,12,-257.18944701933833,5839,5839.0,0,False
8,125,13,-257.43957261200785,5880,5880.0,0,False
8,126,6,-276.97262079803954,5923,5923.0,0,False
8,127,12,-243.19016361416743,5991,5991.0,0,False
8,128,6,-279.1028277662351,6037,6037.0,0,False
8,129,6,-282.76659554632147,6070,6070.0,0,False
8,130,19,-285.96787517979857,6107,6107.0,0,False
8,131,6,-294.9128988865803,6142,6142.0,0,False
8,132,19,-284.72819642000957,6182,6182.0,0,False
8,133,6,-241.658578364454,6227,6227.0,0,False
8,134,19,-288.0563411078717,6277,6277.0,0,False
9,1,4,23.40515148606485,36,36.0,0,False
9,2,8,-5.99400756796696,116,116.0,0,False
9,3,2,-18.243986906953083,190,190.0,0,False
9,4,14,-30.748931049928554,253,253.0,0,False
9,5,12,-34.51866305238127,334,334.0,0,False
9,6,15,-45.79789622447036,400,400.0,0,False
9,7,15,-2.996665207338321,415,415.0,0,False
9,8,19,-36.169878541652196,474,474.0,0,False
9,9,9,-45.80795882054475,546,546.0,0,False
9,10,14,-33.75300093899111,574,574.0,0,False
9,11,8,-38.75975264370045,610,610.0,0,False
9,12,4,-41.172800650838425,645,645.0,0,False
9,13,2,-51.26415937502097,685,685.0,0,False
9,14,14,-1.0075906830602754,720,720.0,0,False
9,15,7,-3.859867819974907,779,779.0,0,False
9,16,17,-13.638462670497088,841,841.0,0,False
9,17,3,-20.206147374478604,906,906.0,0,False
9,18,8,-16.60976231091319,975,975.0,0,False
9,19,9,-4.494981698663407,1020,1020.0,0,False
9,20,10,-4.445424464404022,1091,1091.0,0,False
9,21,3,5.594067314846821,1121,1121.0,0,False
9,22,2,-4.804718661077974,1194,1194.0,0,False
9,23,14,-12.541962274301078,1236,1236.0,0,False
9,24,11,-15.15274878045081,1307,1307.0,0,False
9,25,11,-2.623725862225454,1349,1349.0,0,False
9,26,10,-3.8654531382819624,1382,1382.0,0,False
9,27,5,-23.782169338828012,1458,1458.0,0,False
9,28,10,-1.1732173224381253,1515,1515.0,0,False
9,29,3,-9.83264197110434,1570,1570.0,0,False
9,30,18,-23.066871993887705,1625,1625.0,0,False
9,31,17,-3.207378626916743,1665,1665.0,0,False
9,32,13,-14.355303675481675,1723,1723.0,0,False
9,33,4,-2.813187771205209,1763,1763.0,0,False
9,34,8,-6.241067142298753,1806,1806.0,0,False
9,35,7,-8.543138797304866,1839,1839.0,0,False
9,36,7,-12.656712356931704,1908,1908.0,0,False
9,37,15,-15.499792674354627,1953,1953.0,0,False
9,38,19,-24.76037179693925,1998,1998.0,0,False
9,39,7,-26.183955607782536,2071,2071.0,0,False
9,40,12,-24.567838908566486,2114,2114.0,0,False
9,41,7,-34.25519867513212,2178,2178.0,0,False
9,42,9,-46.56425636910395,2232,2232.0,0,False
9,43,7,-1.8647603346458936,2282,2282.0,0,False
9,44,9,-52.7420379492171,2324,2324.0,0,False
9,45,12,-47.67626006653262,2392,2392.0,0,False
9,46,3,-43.96231754063189,2421,2421.0,0,False
9,47,5,-61.86706138511279,2454,2454.0,0,False
9,48,1,-7.076527819010843,2495,2495.0,0,False
9,49,10,-1.4903260440693682,2532,2532.0,0,False
9,50,1,-5.586275558430122,2562,2562.0,0,False
9,51,2,-16.4137648318735,2612,2612.0,0,False
9,52,3,-16.55579077087786,2657,2657.0,0,False
9,53,2,-29.124538547208225,2694,2694.0,0,False
9,54,9,-34.84503651943974,2725,2725.0,0,False
9,55,14,-39.92495608588595,2760,2760.0,0,False
9,56,18,-47.38854938991719,2810,2810.0,0,False
9,57,15,-47.269440815676276,2853,2853.0,0,False
9,58,12,-53.52238250756731,2895,2895.0,0,False
9,59,5,-41.62216106420264,2948,2948.0,0,False
9,60,5,-52.84039429663852,3021,3021.0,0,False
9,61,14,-50.88590967022463,3064,3064.0,0,False
9,62,19,-53.292526684722,3103,3103.0,0,False
9,63,17,-49.692231957941694,3142,3142.0,0,False
9,64,10,-58.12583479369125,3196,3196.0,0,False
9,65,13,-58.827893101800214,3232,3232.0,0,False
9,66,2,-67.84004991768892,3273,3273.0,0,False
9,67,19,-161.91888198106133,3329,3329.0,0,False
9,68,13,-72.06752349848654,3366,3366.0,0,False
9,69,10,-67.9059056874303,3403,3403.0,0,False
9,70,13,-77.63575832404015,3441,3441.0,0,False
9,71,18,-79.19835563698157,3478,3478.0,0,False
9,72,17,-87.0481838457862,3548,3548.0,0,False
9,73,9,-89.51521772608996,3586,3586.0,0,False
9,74,9,-92.13867319844937,3612,3612.0,0,False
9,75,14,-94.60744702883544,3654,3654.0,0,False
9,76,9,-30.836192791584793,3686,3686.0,0,False
9,77,18,-100.25247145664065,3719,3719.0,0,False
9,78,16,-13.306122351441772,3782,3782.0,0,False
9,79,8,-17.84386702777335,3814,3814.0,0,False
9,80,8,-14.711660559715362,3880,3880.0,0,False
9,81,16,-14.058841803409273,3920,3920.0,0,False
9,82,17,4.558411501203686,3953,3953.0,0,False
9,83,2,35.74486432169978,3983,3983.0,0,False
9,84,15,-23.646708618766926,4017,4017.0,0,False
9,85,0,-23.293766926875897,4097,4097.0,0,False
9,86,15,7.697164313214202,4147,4147.0,0,False
9,87,16,-9.252001752429504,4196,4196.0,0,False
9,88,11,-18.360530508204555,4256,4256.0,0,False
9,89,12,2.6370919881091055,4324,4324.0,0,False
9,90,16,-34.15663294567468,4365,4365.0,0,False
9,91,5,21.978120558077983,4421,4421.0,0,False
9,92,1,-48.57685279592162,4464,4464.0,0,False
9,93,19,-37.13780787000159,4501,4501.0,0,False
9,94,14,27.573262850479573,4562,4562.0,0,False
9,95,18,-41.320185332696084,4599,4599.0,0,False
9,96,13,-45.99243906324677,4648,4648.0,0,False
9,97,6,-18.664914237162126,4708,4708.0,0,False
9,98,0,-10.595158515214273,4744,4744.0,0,False
9,99,16,-9.651334236100048,4809,4809.0,0,False
9,100,6,-14.044323987042642,4847,4847.0,0,False
9,101,18,-20.646063937124953,4888,4888.0,0,False
9,102,10,-20.143539111040305,4930,4930.0,0,False
9,103,10,-0.884999065149664,4979,4979.0,0,False
9,104,16,-23.29831766767564,5048,5048.0,0,False
9,105,6,-36.94652806542403,5087,5087.0,0,False
9,106,18,24.264411738609873,5132,5132.0,0,False
9,107,4,-37.96147841325474,5167,5167.0,0,False
9,108,4,-45.57184562689182,5217,5217.0,0,False
9,109,1,-51.70838935797355,5258,5258.0,0,False
9,110,1,-58.36162418352716,5302,5302.0,0,False
9,111,3,-61.014197068663364,5346,5346.0,0,False
9,112,3,-20.351388696225847,5387,5387.0,0,False
9,113,16,-33.67248760355265,5427,5427.0,0,False
9,114,8,-1.694687417025122,5460,5460.0,0,False
9,115,6,-62.77284876002336,5503,5503.0,0,False
9,116,19,-66.15059343635495,5543,5543.0,0,False
9,117,11,-65.90993069937868,5589,5589.0,0,False
9,118,19,-64.0416213967323,5639,5639.0,0,False
9,119,4,-69.90128102707415,5681,5681.0,0,False
9,120,0,-70.81743030109925,5732,5732.0,0,False
9,121,11,-79.4809590568743,5780,5780.0,0,False
9,122,13,-87.02823801178907,5830,5830.0,0,False
9,123,11,-94.24691413095428,5878,5878.0,0,False
9,124,1,-77.77919752225938,5914,5914.0,0,False
9,125,11,-86.20819370608875,5956,5956.0,0,False
9,126,6,-102.15137432956294,6002,6002.0,0,False
9,127,0,-100.17720726461685,6040,6040.0,0,False
9,128,13,-110.83588338378205,6084,6084.0,0,False
9,129,6,-120.21652009983536,6122,6122.0,0,False
9,130,13,-113.0665915633353,6163,6163.0,0,False
9,131,0,-124.5552206468058,6205,6205.0,0,False
9,132,6,-135.42144601986087,6235,6235.0,0,False
9,133,6,-82.98116824208307,6280,6280.0,0,False
9,134,0,-137.4364336917563,6307,6307.0,0,False
10,1,14,17.95841440860819,23,23.0,0,False
10,2,18,0.3522016730999109,78,78.0,0,False
10,3,9,-12.581976618038851,150,150.0,0,False
10,4,5,-19.050590704674406,211,211.0,0,False
10,5,15,-16.169047291042446,262,262.0,0,False
10,6,9,-3.806994476086558,287,287.0,0,False
10,7,9,12.126154812238601,326,326.0,0,False
10,8,3,10.523452766055138,376,376.0,0,False
10,9,14,5.73880395069221,404,404.0,0,False
10,10,9,-0.46858472494450965,446,446.0,0,False
10,11,0,-10.450769783290385,511,511.0,0,False
10,12,5,-7.148500134563973,544,544.0,0,False
10,13,14,4.529998160998373,589,589.0,0,False
10,14,8,-9.965489264363011,669,669.0,0,False
10,15,18,-2.9462167020677654,719,719.0,0,False
10,16,18,3.4118012517429914,756,756.0,0,False
10,17,5,-5.9396265372066495,809,809.0,0,False
10,18,15,0.7767411613715254,844,844.0,0,False
10,19,17,-5.071370082082094,906,906.0,0,False
10,20,8,-3.8899613141300353,942,942.0,0,False
10,21,1,-12.250714655931963,998,998.0,0,False
10,22,16,-15.451339000721536,1061,1061.0,0,False
10,23,3,-9.65559386239092,1096,1096.0,0,False
10,24,11,-27.424708652265952,1167,1167.0,0,False
10,25,12,-36.097640874587874,1248,1248.0,0,False
10,26,2,-48.27581456371807,1307,1307.0,0,False
10,27,8,-19.256905362902053,1376,1376.0,0,False
10,28,10,-24.655142820712186,1447,1447.0,0,False
10,29,10,1.950374366023139,1480,1480.0,0,False
10,30,8,-11.260074759680668,1523,1523.0,0,False
10,31,5,-11.34673912249224,1596,1596.0,0,False
10,32,7,-3.129191155315091,1640,1640.0,0,False
10,33,17,-2.4129760270084564,1680,1680.0,0,False
10,34,10,0.06425707672987535,1737,1737.0,0,False
10,35,3,-8.456702730695815,1792,1792.0,0,False
10,36,7,-10.436096753727412,1825,1825.0,0,False
10,37,14,-17.815273619917132,1867,1867.0,0,False
10,38,8,-18.885449263162634,1899,1899.0,0,False
10,39,16,-22.716033590487307,1939,1939.0,0,False
10,40,9,-31.14311896556872,1970,1970.0,0,False
10,41,18,-35.51637007860613,2003,2003.0,0,False
10,42,4,-22.51212470356725,2079,2079.0,0,False
10,43,13,-31.60642579273271,2137,2137.0,0,False
10,44,18,-24.974472574906592,2174,2174.0,0,False
10,45,17,-4.798207705874361,2218,2218.0,0,False
10,46,3,-4.006658515752996,2252,2252.0,0,False
10,47,3,-11.127672779109792,2297,2297.0,0,False
10,48,8,-21.1140615142956,2363,2363.0,0,False
10,49,16,-26.09527192039549,2412,2412.0,0,False
10,50,17,-37.041857591094335,2482,2482.0,0,False
10,51,8,37.377632307460466,2520,2520.0,0,False
10,52,7,-53.20990397557743,2589,2589.0,0,False
10,53,5,24.4159379559501,2645,2645.0,0,False
10,54,10,-63.309389845549745,2682,2682.0,0,False
10,55,14,-48.46837912928984,2717,2717.0,0,False
10,56,3,-43.051183161496255,2756,2756.0,0,False
10,57,4,-56.750017855098406,2791,2791.0,0,False
10,58,18,-66.07683419785211,2832,2832.0,0,False
10,59,10,-54.99111542730299,2886,2886.0,0,False
10,60,15,-61.76651339781195,2931,2931.0,0,False
10,61,16,-71.92124781988267,2972,2972.0,0,False
10,62,15,-65.16073886158237,3015,3015.0,0,False
10,63,17,-49.755089715131334,3048,3048.0,0,False
10,64,14,-84.6377960995719,3091,3091.0,0,False
10,65,1,-84.61941097193593,3121,3121.0,0,False
10,66,19,-24.649078801331854,3180,3180.0,0,False
10,67,3,23.247762403542733,3221,3221.0,0,False
10,68,10,-3.63717615348026,3258,3258.0,0,False
10,69,16,-13.54308308228952,3323,3323.0,0,False
10,70,11,-16.192507531314412,3365,3365.0,0,False
10,71,15,-17.231578404946884,3399,3399.0,0,False
10,72,9,-28.681718196712648,3432,3432.0,0,False
10,73,7,-28.0128833042651,3505,3505.0,0,False
10,74,14,-38.747307753289995,3547,3547.0,0,False
10,75,16,-45.51206437291898,3621,3621.0,0,False
10,76,9,-38.714151207652876,3647,3647.0,0,False
10,77,16,-10.307271406990466,3682,3682.0,0,False
10,78,4,-43.96029411764706,3722,3722.0,0,False
10,79,11,-48.05812589186618,3777,3777.0,0,False
10,80,14,3.587903431610883,3838,3838.0,0,False
10,81,15,-23.75792268729849,3888,3888.0,0,False
10,82,10,-57.13524972253052,3930,3930.0,0,False
10,83,19,-67.9934794672586,3975,3975.0,0,False
10,84,7,-66.43726256540351,4039,4039.0,0,False
10,85,7,-51.036460095084166,4089,4089.0,0,False
10,86,10,-40.74110868325317,4133,4133.0,0,False
10,87,4,-81.08179800221974,4168,4168.0,0,False
10,88,0,-91.08193039479943,4204,4204.0,0,False
10,89,2,-95.47141403731304,4244,4244.0,0,False
10,90,9,-35.815557207159586,4276,4276.0,0,False
10,91,6,-34.62731356693621,4351,4351.0,0,False
10,92,11,-27.131553829078797,4397,4397.0,0,False
10,93,4,-34.732416362771524,4447,4447.0,0,False
10,94,13,-40.08905343269383,4483,4483.0,0,False
10,95,18,11.152405941868139,4528,4528.0,0,False
10,96,6,-56.5173571692828,4571,4571.0,0,False
10,97,0,-23.959185825273504,4622,4622.0,0,False
10,98,6,-26.910830294381903,4656,4656.0,0,False
10,99,2,-38.4934260874161,4729,4729.0,0,False
10,100,0,-35.1326589503726,4767,4767.0,0,False
10,101,11,-37.95781354051054,4815,4815.0,0,False
10,102,2,-48.31066011310185,4865,4865.0,0,False
10,103,0,-72.53299032820675,4907,4907.0,0,False
10,104,2,-60.18318191427514,4944,4944.0,0,False
10,105,0,-56.326970675468395,4976,4976.0,0,False
10,106,2,-70.67411104064267,5017,5017.0,0,False
10,107,11,-75.14902964959569,5065,5065.0,0,False
10,108,6,-85.27018735796206,5108,5108.0,0,False
10,109,2,-28.31526199578365,5138,5138.0,0,False
10,110,6,-96.18994397759103,5184,5184.0,0,False
10,111,6,-99.85253237143914,5217,5217.0,0,False
10,112,13,-65.22626367528143,5254,5254.0,0,False
10,113,6,-70.62383727075735,5284,5284.0,0,False
10,114,19,-70.62975899793881,5323,5323.0,0,False
10,115,4,-72.93924426452972,5365,5365.0,0,False
10,116,19,-78.87876327889647,5421,5421.0,0,False
10,117,11,-71.16781817501646,5458,5458.0,0,False
10,118,1,-83.62301094022514,5501,5501.0,0,False
10,119,12,-84.16174964325353,5544,5544.0,0,False
10,120,13,-93.85672744569526,5582,5582.0,0,False
10,121,13,-101.30263437450452,5631,5631.0,0,False
10,122,13,-103.81783335975899,5676,5676.0,0,False
10,123,13,-109.7253551609323,5715,5715.0,0,False
10,124,19,-119.53152766767083,5752,5752.0,0,False
10,125,6,-66.02126371381887,5797,5797.0,0,False
10,126,12,-108.7255319486285,5865,5865.0,0,False
10,127,12,-111.09309814491834,5907,5907.0,0,False
10,128,12,-91.26621316091135,5975,5975.0,0,False
10,129,13,-112.9274441978049,6016,6016.0,0,False
10,130,19,-123.92278817187253,6056,6056.0,0,False
10,131,19,-117.78583481910285,6106,6106.0,0,False
10,132,1,-131.6196464246076,6147,6147.0,0,False
10,133,1,-138.26889408593627,6191,6191.0,0,False
10,134,1,-131.98538194444444,6227,6227.0,0,False
11,1,17,25.737141699118457,22,22.0,0,False
11,2,15,5.699234156191018,88,88.0,0,False
11,3,3,3.949278862062936,138,138.0,0,False
11,4,3,19.220138739372906,153,153.0,0,False
11,5,8,-14.00364914377345,233,233.0,0,False
11,6,8,-7.202680408506012,269,269.0,0,False
11,7,5,-24.673000647169452,345,345.0,0,False
11,8,15,-9.588272241822178,380,380.0,0,False
11,9,13,-27.627898891971974,438,438.0,0,False
11,10,5,-23.451799518744373,466,466.0,0,False
11,11,18,-36.9354566996726,521,521.0,0,False
11,12,8,6.0087289739034535,575,575.0,0,False
11,13,13,4.975389373012344,611,611.0,0,False
11,14,19,-3.2504042486239264,670,670.0,0,False
11,15,9,-18.50468213950796,742,742.0,0,False
11,16,10,-22.17302014919988,813,813.0,0,False
11,17,9,-16.363018084254364,858,858.0,0,False
11,18,3,6.305224778993029,913,913.0,0,False
11,19,2,-11.856539670409196,987,987.0,0,False
11,20,10,4.5967965333190755,1020,1020.0,0,False
11,21,9,-0.19637569135708688,1069,1069.0,0,False
11,22,0,-6.516958980355694,1149,1149.0,0,False
11,23,15,4.56940247670755,1189,1189.0,0,False
11,24,11,-18.848721154814086,1260,1260.0,0,False
11,25,8,-4.435728383655483,1303,1303.0,0,False
11,26,9,-12.35601438929951,1345,1345.0,0,False
11,27,17,-15.250228572444733,1385,1385.0,0,False
11,28,10,-4.401478048990622,1442,1442.0,0,False
11,29,3,-6.306137989913143,1476,1476.0,0,False
11,30,5,-19.179724986108553,1529,1529.0,0,False
11,31,18,-23.325773060786506,1579,1579.0,0,False
11,32,10,-17.21262778271533,1616,1616.0,0,False
11,33,10,-25.418392430023832,1670,1670.0,0,False
11,34,0,-25.69014948120609,1706,1706.0,0,False
11,35,9,-37.99699041782897,1737,1737.0,0,False
11,36,10,-35.67668703496921,1774,1774.0,0,False
11,37,4,-9.457655597097016,1835,1835.0,0,False
11,38,0,-1.5332400919341946,1886,1886.0,0,False
11,39,5,-20.92627004617405,1959,1959.0,0,False
11,40,3,-7.404132957675198,2004,2004.0,0,False
11,41,18,-15.284424861767718,2041,2041.0,0,False
11,42,9,-18.415787698657066,2074,2074.0,0,False
11,43,10,-18.074366895732336,2116,2116.0,0,False
11,44,19,-29.74446262559234,2161,2161.0,0,False
11,45,5,58.54929032923858,2217,2217.0,0,False
11,46,14,-19.755174982824705,2280,2280.0,0,False
11,47,3,-4.1186548711221835,2324,2324.0,0,False
11,48,14,-17.83691257087433,2357,2357.0,0,False
11,49,7,-21.870066969057177,2416,2416.0,0,False
11,50,10,33.084492354661045,2465,2465.0,0,False
11,51,0,-21.40950886659241,2503,2503.0,0,False
11,52,19,-8.852383921538749,2542,2542.0,0,False
11,53,4,-12.606265256545027,2577,2577.0,0,False
11,54,3,37.597263683911265,2618,2618.0,0,False
11,55,16,-8.936370643687406,2681,2681.0,0,False
11,56,9,-11.283003614997938,2712,2712.0,0,False
11,57,14,-11.717752345124975,2762,2762.0,0,False
11,58,12,-16.26244141768829,2843,2843.0,0,False
11,59,17,-14.339676409185804,2887,2887.0,0,False
11,60,9,55.502302356003426,2919,2919.0,0,False
11,61,14,-14.033791552914726,2961,2961.0,0,False
11,62,17,-20.14006744820941,3031,3031.0,0,False
11,63,17,6.564975866745179,3064,3064.0,0,False
11,64,16,-23.366187570258553,3104,3104.0,0,False
11,65,2,-32.3450163267491,3144,3144.0,0,False
11,66,15,-31.96222980568492,3187,3187.0,0,False
11,67,4,-29.039625823028743,3227,3227.0,0,False
11,68,0,-29.56301108077726,3269,3269.0,0,False
11,69,4,-38.85027701943151,3304,3304.0,0,False
11,70,12,-41.37785530753172,3347,3347.0,0,False
11,71,14,-55.930303516942345,3387,3387.0,0,False
11,72,0,-24.23657976334991,3419,3419.0,0,False
11,73,8,-63.307256570847386,3451,3451.0,0,False
11,74,8,-55.47082490230716,3517,3517.0,0,False
11,75,13,-58.26454873936085,3554,3554.0,0,False
11,76,2,-72.27702291097907,3627,3627.0,0,False
11,77,8,-16.011389351703166,3665,3665.0,0,False
11,78,12,-80.89770033724103,3733,3733.0,0,False
11,79,14,-75.85835153364381,3776,3776.0,0,False
11,80,4,-78.94152882607997,3826,3826.0,0,False
11,81,16,-78.11259675606232,3875,3875.0,0,False
11,82,14,-88.889159306247,3917,3917.0,0,False
11,83,12,-81.19798779508591,3959,3959.0,0,False
11,84,7,-90.07889914886783,3992,3992.0,0,False
11,85,11,-96.59541030994058,4034,4034.0,0,False
11,86,1,-26.044368877469086,4090,4090.0,0,False
11,87,4,-14.120705507378261,4132,4132.0,0,False
11,88,18,-24.817519940046033,4165,4165.0,0,False
11,89,16,-8.40223382045929,4206,4206.0,0,False
11,90,12,12.541265987229796,4274,4274.0,0,False
11,91,13,-16.884395374979928,4312,4312.0,0,False
11,92,13,-24.296140195920987,4361,4361.0,0,False
11,93,14,38.86952665059094,4422,4422.0,0,False
11,94,2,-32.322260585621756,4472,4472.0,0,False
11,95,2,-37.72054145923665,4509,4509.0,0,False
11,96,1,-44.96687008190139,4539,4539.0,0,False
11,97,13,-47.06783362775012,4589,4589.0,0,False
11,98,15,-48.20634976714308,4623,4623.0,0,False
11,99,11,-45.06530833467159,4683,4683.0,0,False
11,100,13,-48.33530833467159,4727,4727.0,0,False
11,101,11,-55.36767865745944,4773,4773.0,0,False
11,102,15,-32.049304192493175,4823,4823.0,0,False
11,103,18,-70.70023071570043,4860,4860.0,0,False
11,104,18,-74.8143972485413,4896,4896.0,0,False
11,105,18,-22.46890492073551,4941,4941.0,0,False
11,106,6,-35.85252261656228,5016,5016.0,0,False
11,107,19,-9.312106150634335,5072,5072.0,0,False
11,108,6,-10.863929393501419,5115,5115.0,0,False
11,109,7,-13.250440019270915,5184,5184.0,0,False
11,110,16,-23.023799582463464,5249,5249.0,0,False
11,111,19,-19.654034045286654,5286,5286.0,0,False
11,112,16,-21.95455516299984,5355,5355.0,0,False
11,113,2,-31.144086505005085,5396,5396.0,0,False
11,114,13,-24.223730790419857,5437,5437.0,0,False
11,115,6,-36.13872223114394,5476,5476.0,0,False
11,116,7,-43.65179540709812,5549,5549.0,0,False
11,117,7,-53.2145037738879,5613,5613.0,0,False
11,118,2,11.62750087618032,5643,5643.0,0,False
11,119,16,-20.56855768115554,5678,5678.0,0,False
11,120,7,-34.7657151292862,5728,5728.0,0,False
11,121,19,-53.089842620844706,5768,5768.0,0,False
11,122,1,-65.08182190460896,5811,5811.0,0,False
11,123,19,-58.250662847441845,5866,5866.0,0,False
11,124,11,-65.51463465553236,5914,5914.0,0,False
11,125,11,-67.72624939778383,5957,5957.0,0,False
11,126,11,-72.51059925170102,5999,5999.0,0,False
11,127,1,-89.45864541512766,6040,6040.0,0,False
11,128,1,-98.19166639901505,6084,6084.0,0,False
11,129,6,-100.76432284138964,6127,6127.0,0,False
11,130,6,-107.69907553128847,6173,6173.0,0,False
11,131,1,-80.99716580906625,6209,6209.0,0,False
11,132,6,-90.51389326053209,6242,6242.0,0,False
11,133,6,-95.25611985439751,6272,6272.0,0,False
11,134,6,-42.63350694444445,6317,6317.0,0,False
12,1,9,17.305253213407617,32,32.0,0,False
12,2,18,-1.1406695267660414,87,87.0,0,False
12,3,2,-7.031293415976897,146,146.0,0,False
12,4,2,7.931349184884581,166,166.0,0,False
12,5,8,-15.063945244919804,246,246.0,0,False
12,6,7,-12.39708485137211,290,290.0,0,False
12,7,3,-26.541645134357843,355,355.0,0,False
12,8,17,-39.4726494134231,417,417.0,0,False
12,9,15,-46.88721186936046,483,483.0,0,False
12,10,3,-21.933682888336502,518,518.0,0,False
12,11,17,-31.48707882303939,558,558.0,0,False
12,12,14,-41.26542202545975,606,606.0,0,False
12,13,3,17.838214347705694,646,646.0,0,False
12,14,8,2.874943517905164,682,682.0,0,False
12,15,8,-3.321282374790748,751,751.0,0,False
12,16,10,-4.434548872634437,822,822.0,0,False
12,17,5,-25.19868999558441,898,898.0,0,False
12,18,11,-32.002670102794944,969,969.0,0,False
12,19,10,-1.0955382307014716,997,997.0,0,False
12,20,10,10.660727238089878,1049,1049.0,0,False
12,21,18,-5.727171007297438,1099,1099.0,0,False
12,22,11,-9.434824209657991,1141,1141.0,0,False
12,23,0,-10.185453334688182,1221,1221.0,0,False
12,24,5,-12.572855598486107,1254,1254.0,0,False
12,25,8,-16.984856526042634,1297,1297.0,0,False
12,26,18,-3.7486274600473584,1334,1334.0,0,False
12,27,6,-8.850188164566141,1394,1394.0,0,False
12,28,3,3.2975720637702928,1428,1428.0,0,False
12,29,10,5.4073015715033605,1465,1465.0,0,False
12,30,8,-3.7811848154619137,1497,1497.0,0,False
12,31,3,-4.221198236686877,1542,1542.0,0,False
12,32,15,-10.578184712483031,1577,1577.0,0,False
12,33,17,-11.581647509021554,1621,1621.0,0,False
12,34,18,-17.769351178784568,1654,1654.0,0,False
12,35,7,-20.14485354284106,1687,1687.0,0,False
12,36,18,-28.26096574573513,1724,1724.0,0,False
12,37,2,-31.579784470186045,1797,1797.0,0,False
12,38,15,-31.724605993245596,1842,1842.0,0,False
12,39,8,-48.05734941588657,1908,1908.0,0,False
12,40,9,-44.24507421581805,1953,1953.0,0,False
12,41,13,-12.547028853970351,2011,2011.0,0,False
12,42,18,-11.82290160689811,2052,2052.0,0,False
12,43,16,-14.596511589075698,2115,2115.0,0,False
12,44,16,-17.787641411999218,2155,2155.0,0,False
12,45,4,-31.852302560277664,2231,2231.0,0,False
12,46,18,52.357914124924335,2276,2276.0,0,False
12,47,17,-9.711229921018148,2346,2346.0,0,False
12,48,9,-21.882234259586127,2400,2400.0,0,False
12,49,5,-28.775551210093667,2448,2448.0,0,False
12,50,8,48.782709653334166,2486,2486.0,0,False
12,51,9,-26.694083348157477,2528,2528.0,0,False
12,52,2,-33.73815247869304,2578,2578.0,0,False
12,53,3,-33.688225319263246,2622,2622.0,0,False
12,54,10,-25.74629068842181,2671,2671.0,0,False
12,55,17,8.237131102799353,2704,2704.0,0,False
12,56,14,-45.70855049542244,2737,2737.0,0,False
12,57,3,-8.9901027505991,2778,2778.0,0,False
12,58,16,-48.939036241135234,2827,2827.0,0,False
12,59,16,-55.26518679753047,2868,2868.0,0,False
12,60,0,-43.03543770777267,2899,2899.0,0,False
12,61,10,-52.94047332594585,2936,2936.0,0,False
12,62,10,-54.24807186955833,2973,2973.0,0,False
12,63,10,-37.51233939941604,3022,3022.0,0,False
12,64,19,-14.693215133766026,3066,3066.0,0,False
12,65,4,-18.40805366471426,3101,3101.0,0,False
12,66,4,-5.7802398290327694,3141,3141.0,0,False
12,67,19,-5.668161310748774,3181,3181.0,0,False
12,68,5,-21.397139464935886,3254,3254.0,0,False
12,69,5,40.40794792051432,3310,3310.0,0,False
12,70,4,-21.493877631787242,3345,3345.0,0,False
12,71,13,-26.97391324996042,3381,3381.0,0,False
12,72,4,-34.544863067911976,3431,3431.0,0,False
12,73,1,-20.606511793572896,3487,3487.0,0,False
12,74,15,-13.86559759379452,3530,3530.0,0,False
12,75,9,-26.17735370165163,3561,3561.0,0,False
12,76,15,-18.69281937628621,3590,3590.0,0,False
12,77,11,-13.819324837739432,3650,3650.0,0,False
12,78,11,-17.414521924964383,3696,3696.0,0,False
12,79,15,6.805214094400149,3746,3746.0,0,False
12,80,0,-19.754449897103054,3797,3797.0,0,False
12,81,9,-30.47256820220569,3835,3835.0,0,False
12,82,19,-28.578948076618648,3874,3874.0,0,False
12,83,7,-39.15208405888871,3943,3943.0,0,False
12,84,0,-33.97246002849454,3981,3981.0,0,False
12,85,4,-40.725758815497855,4023,4023.0,0,False
12,86,19,-45.01720911825234,4079,4079.0,0,False
12,87,19,-47.56305129016938,4116,4116.0,0,False
12,88,12,-13.82643818268165,4197,4197.0,0,False
12,89,19,-8.519538546778534,4237,4237.0,0,False
12,90,9,-9.003248113556012,4268,4268.0,0,False
12,91,6,-16.437763970239036,4311,4311.0,0,False
12,92,9,44.87775463146184,4343,4343.0,0,False
12,93,14,-19.102208326737376,4393,4393.0,0,False
12,94,16,-24.497494855152762,4458,4458.0,0,False
12,95,11,-24.28023666297293,4506,4506.0,0,False
12,96,19,-16.83932269972599,4561,4561.0,0,False
12,97,7,-38.2979784707931,4634,4634.0,0,False
12,98,12,-32.304967547886655,4677,4677.0,0,False
12,99,11,-43.545164635111604,4725,4725.0,0,False
12,100,2,-51.90389214289483,4762,4762.0,0,False
12,101,2,-56.08498522505408,4798,4798.0,0,False
12,102,13,-46.53799588412221,4835,4835.0,0,False
12,103,1,-49.515988602184585,4865,4865.0,0,False
12,104,6,-56.491723128067115,4904,4904.0,0,False
12,105,0,-52.64027148963115,4946,4946.0,0,False
12,106,0,-30.89643622800851,4978,4978.0,0,False
12,107,11,-60.639932191524395,5020,5020.0,0,False
12,108,7,-66.58765474117462,5084,5084.0,0,False
12,109,13,-68.65799509260725,5122,5122.0,0,False
12,110,12,-70.91749327212284,5190,5190.0,0,False
12,111,2,-17.81901574865865,5220,5220.0,0,False
12,112,12,-77.55682998258666,5262,5262.0,0,False
12,113,13,-89.0111666930505,5311,5311.0,0,False
12,114,12,-58.66486539960502,5379,5379.0,0,False
12,115,1,-94.82136378027545,5422,5422.0,0,False
12,116,13,-90.28675795472535,5467,5467.0,0,False
12,117,13,-96.13430267532055,5506,5506.0,0,False
12,118,7,-90.00151082209001,5556,5556.0,0,False
12,119,1,-113.59179357289852,5597,5597.0,0,False
12,120,16,-110.56157828082951,5671,5671.0,0,False
12,121,16,-89.29880728589521,5706,5706.0,0,False
12,122,1,-114.8574742757638,5750,5750.0,0,False
12,123,13,-111.01463490822823,5791,5791.0,0,False
12,124,14,-123.71331644768085,5833,5833.0,0,False
12,125,1,-114.67318541347862,5869,5869.0,0,False
12,126,6,-130.5044095298401,5912,5912.0,0,False
12,127,6,-139.37667989917318,5958,5958.0,0,False
12,128,14,-141.44324441981954,5993,5993.0,0,False
12,129,14,-147.21143422510684,6031,6031.0,0,False
12,130,14,-141.4127782175083,6073,6073.0,0,False
12,131,6,-147.77960608938844,6106,6106.0,0,False
12,132,14,-80.42397130882598,6162,6162.0,0,False
12,133,6,-148.94901456387527,6192,6192.0,0,False
12,134,6,-95.5140625,6237,6237.0,0,False
13,1,10,28.15254134505586,31,31.0,0,False
13,2,10,28.580894848334793,44,44.0,0,False
13,3,8,2.226677516244658,109,109.0,0,False
13,4,16,-2.4018408432119607,172,172.0,0,False
13,5,8,0.11848128587467244,203,203.0,0,False
13,6,17,-11.927686024013617,265,265.0,0,False
13,7,11,-15.217695394504506,321,321.0,0,False
13,8,17,-12.147095897531791,361,361.0,0,False
13,9,18,-28.455732628118582,416,416.0,0,False
13,10,10,18.50519741218595,458,458.0,0,False
13,11,18,2.320373544318075,508,508.0,0,False
13,12,10,9.310466705802408,545,545.0,0,False
13,13,18,-3.823029312785815,582,582.0,0,False
13,14,3,-3.0964074497336878,647,647.0,0,False
13,15,10,2.05171644115741,701,701.0,0,False
13,16,5,-16.887046909109653,762,762.0,0,False
13,17,16,2.141365413111714,802,802.0,0,False
13,18,13,-9.208198925054512,860,860.0,0,False
13,19,8,-3.696435655033145,929,929.0,0,False
13,20,11,-0.03651932324232021,971,971.0,0,False
13,21,17,-0.8696300064130558,1015,1015.0,0,False
13,22,18,-7.156785015552044,1048,1048.0,0,False
13,23,3,-7.316428986486663,1083,1083.0,0,False
13,24,10,-11.157749831096645,1120,1120.0,0,False
13,25,18,-24.17619942268192,1157,1157.0,0,False
13,26,3,-15.707786170122187,1212,1212.0,0,False
13,27,5,-26.477774004530062,1245,1245.0,0,False
13,28,18,-29.463935576877997,1286,1286.0,0,False
13,29,3,-29.061121854484938,1320,1320.0,0,False
13,30,10,-34.38248665491376,1362,1362.0,0,False
13,31,2,-21.957316896322276,1436,1436.0,0,False
13,32,4,-31.08575375827196,1512,1512.0,0,False
13,33,3,-17.106168660851292,1557,1557.0,0,False
13,34,10,24.67529784685589,1606,1606.0,0,False
13,35,18,45.162964374863385,1651,1651.0,0,False
13,36,15,-36.597074980384335,1717,1717.0,0,False
13,37,17,-6.2297560138995465,1787,1787.0,0,False
13,38,17,42.816299020860455,1820,1820.0,0,False
13,39,6,1.2925688990938884,1880,1880.0,0,False
13,40,8,-9.441026833594622,1923,1923.0,0,False
13,41,19,-17.694726131863085,1982,1982.0,0,False
13,42,4,-13.630350408841949,2017,2017.0,0,False
13,43,8,-21.47352892047323,2049,2049.0,0,False
13,44,2,-27.81409687723214,2089,2089.0,0,False
13,45,5,-13.916134563035346,2142,2142.0,0,False
13,46,4,-15.634907185498925,2182,2182.0,0,False
13,47,7,-16.206167811328715,2241,2241.0,0,False
13,48,5,-21.492742121014018,2314,2314.0,0,False
13,49,11,-26.30963001093835,2374,2374.0,0,False
13,50,9,-37.59726777321983,2446,2446.0,0,False
13,51,7,-7.147286872658975,2479,2479.0,0,False
13,52,5,79.61809499605555,2535,2535.0,0,False
13,53,11,-10.572835871869916,2581,2581.0,0,False
13,54,2,-20.21638949853454,2654,2654.0,0,False
13,55,8,-30.46625694224206,2720,2720.0,0,False
13,56,7,-38.49394893917596,2789,2789.0,0,False
13,57,3,-26.92330661609369,2833,2833.0,0,False
13,58,7,-37.577253487253486,2906,2906.0,0,False
13,59,8,16.51174362674363,2944,2944.0,0,False
13,60,3,-16.52883400563487,2985,2985.0,0,False
13,61,13,-43.495139490139486,3021,3021.0,0,False
13,62,4,-48.810365560365554,3056,3056.0,0,False
13,63,9,-59.51260221260221,3101,3101.0,0,False
13,64,11,-63.17926166426166,3149,3149.0,0,False
13,65,14,-23.181197691197692,3197,3197.0,0,False
13,66,16,-7.691993746993746,3246,3246.0,0,False
13,67,15,-2.8518037518037502,3281,3281.0,0,False
13,68,11,-14.23609187109187,3329,3329.0,0,False
13,69,4,-16.71916786916787,3374,3374.0,0,False
13,70,15,-12.924963924963922,3419,3419.0,0,False
13,71,14,-24.175533910533908,3452,3452.0,0,False
13,72,2,-30.155435305435304,3502,3502.0,0,False
13,73,7,-29.62196007696008,3566,3566.0,0,False
13,74,11,-24.35189540650421,3608,3608.0,0,False
13,75,1,-14.38098605098605,3664,3664.0,0,False
13,76,4,-2.6448357082732077,3701,3701.0,0,False
13,77,14,-10.898136123136123,3751,3751.0,0,False
13,78,13,-11.978374218374217,3788,3788.0,0,False
13,79,12,-17.28875420875421,3869,3869.0,0,False
13,80,16,-14.980132275132275,3910,3910.0,0,False
13,81,2,-9.00119769119769,3947,3947.0,0,False
13,82,13,-11.889218374218373,3985,3985.0,0,False
13,83,7,-0.11493113786741205,4035,4035.0,0,False
13,84,1,-23.420406445406446,4065,4065.0,0,False
13,85,16,-20.45597643097643,4130,4130.0,0,False
13,86,13,-24.142342472342474,4179,4179.0,0,False
13,87,9,-31.00131313131313,4233,4233.0,0,False
13,88,2,-33.602089947089944,4274,4274.0,0,False
13,89,13,-38.31279461279461,4324,4324.0,0,False
13,90,14,-41.10553872053872,4366,4366.0,0,False
13,91,6,-45.643222703222705,4409,4409.0,0,False
13,92,14,-51.7253848003848,4449,4449.0,0,False
13,93,14,-56.18654882154882,4487,4487.0,0,False
13,94,9,-62.917443482443474,4529,4529.0,0,False
13,95,19,-66.04559884559885,4574,4574.0,0,False
13,96,2,-12.404479430422825,4604,4604.0,0,False
13,97,13,-76.71852092352093,4648,4648.0,0,False
13,98,16,-65.60411495911495,4722,4722.0,0,False
13,99,14,-76.27201298701299,4764,4764.0,0,False
13,100,9,-72.6269696969697,4795,4795.0,0,False
13,101,9,-76.33408369408369,4828,4828.0,0,False
13,102,9,-80.53662578162579,4854,4854.0,0,False
13,103,19,-76.11095719095718,4893,4893.0,0,False
13,104,15,-76.9155772005772,4936,4936.0,0,False
13,105,15,-82.01194324194324,4970,4970.0,0,False
13,106,1,-85.50791726791726,5013,5013.0,0,False
13,107,0,-13.939093314093315,5093,5093.0,0,False
13,108,14,49.20002853913549,5154,5154.0,0,False
13,109,13,2.73096605940356,5195,5195.0,0,False
13,110,1,-13.43930735930736,5236,5236.0,0,False
13,111,1,-20.074509379509376,5280,5280.0,0,False
13,112,16,7.0110810485810475,5320,5320.0,0,False
13,113,9,42.8172186147186,5352,5352.0,0,False
13,114,1,-3.7899484427609416,5383,5383.0,0,False
13,115,19,-26.438381433381437,5439,5439.0,0,False
13,116,0,-22.506671476671475,5475,5475.0,0,False
13,117,15,-3.946421011044478,5525,5525.0,0,False
13,118,12,-36.062859547859546,5568,5568.0,0,False
13,119,0,-32.860567580567576,5619,5619.0,0,False
13,120,0,-35.927301587301585,5657,5657.0,0,False
13,121,6,-44.19289562289562,5691,5691.0,0,False
13,122,6,-48.646565656565656,5729,5729.0,0,False
13,123,0,-47.78775372775373,5771,5771.0,0,False
13,124,19,-57.33391774891775,5808,5808.0,0,False
13,125,6,-70.7385507085507,5854,5854.0,0,False
13,126,0,-39.3408313550249,5886,5886.0,0,False
13,127,6,-94.3839393939394,5924,5924.0,0,False
13,128,6,-91.4082732082732,5954,5954.0,0,False
13,129,6,-28.340089135401634,5999,5999.0,0,False
13,130,19,-66.82303992303993,6039,6039.0,0,False
13,131,19,-60.67059823207783,6089,6089.0,0,False
13,132,12,-80.20344396344396,6157,6157.0,0,False
13,133,12,-75.81481000481,6199,6199.0,0,False
13,134,12,-64.71240656653859,6267,6267.0,0,False
14,1,16,22.98507279904401,38,38.0,0,False
14,2,6,-6.487937914115168,113,113.0,0,False
14,3,13,-12.476029512966385,171,171.0,0,False
14,4,4,-24.560651480433386,247,247.0,0,False
14,5,3,-31.819832323182567,312,312.0,0,False
14,6,7,-45.02788761710136,371,371.0,0,False
14,7,3,-0.8275821301244761,386,386.0,0,False
14,8,17,-27.77577789075855,448,448.0,0,False
14,9,16,-23.544104984511883,488,488.0,0,False
14,10,17,-29.315514893009112,528,528.0,0,False
14,11,17,14.581022698519662,557,557.0,0,False
14,12,4,6.873066520626169,587,587.0,0,False
14,13,17,-3.694355509154093,657,657.0,0,False
14,14,10,-4.06059991233159,728,728.0,0,False
14,15,11,-19.270140450023206,799,799.0,0,False
14,16,10,0.6315030612811672,832,832.0,0,False
14,17,11,-10.017817138396467,874,874.0,0,False
14,18,18,-21.01915167237219,929,929.0,0,False
14,19,10,4.186362735136614,986,986.0,0,False
14,20,10,-0.7487838765470975,1023,1023.0,0,False
14,21,10,-8.685924048933469,1077,1077.0,0,False
14,22,4,-19.83109572542176,1117,1117.0,0,False
14,23,14,-27.35240715094215,1180,1180.0,0,False
14,24,19,-32.162812094415536,1239,1239.0,0,False
14,25,5,-48.587930312081994,1315,1315.0,0,False
14,26,0,-43.53943967305703,1380,1380.0,0,False
14,27,10,-11.518534390337964,1417,1417.0,0,False
14,28,11,2.635192863179885,1472,1472.0,0,False
14,29,17,42.60496213907124,1505,1505.0,0,False
14,30,18,-14.021689747108766,1555,1555.0,0,False
14,31,10,-12.256003184228181,1597,1597.0,0,False
14,32,4,-22.508144499653234,1632,1632.0,0,False
14,33,4,-29.888472918996378,1682,1682.0,0,False
14,34,14,-40.67700732376031,1715,1715.0,0,False
14,35,8,-31.62413595411575,1795,1795.0,0,False
14,36,10,28.44937043278765,1844,1844.0,0,False
14,37,11,-32.19368854509144,1890,1890.0,0,False
14,38,18,-7.944802215264951,1927,1927.0,0,False
14,39,2,-16.009623300625535,2001,2001.0,0,False
14,40,11,-7.2440554174058995,2049,2049.0,0,False
14,41,18,-15.164895550588522,2082,2082.0,0,False
14,42,4,6.606456022511885,2124,2124.0,0,False
14,43,8,-26.88201027825354,2160,2160.0,0,False
14,44,11,-31.242910546405454,2208,2208.0,0,False
14,45,15,-27.53581693298045,2274,2274.0,0,False
14,46,18,-30.10033414551873,2311,2311.0,0,False
14,47,11,-4.609104838527223,2353,2353.0,0,False
14,48,18,-42.63122186191876,2394,2394.0,0,False
14,49,3,-8.082498154311589,2449,2449.0,0,False
14,50,14,-22.34029660390807,2494,2494.0,0,False
14,51,18,60.069428284841976,2539,2539.0,0,False
14,52,7,-24.418265807398836,2572,2572.0,0,False
14,53,3,-25.80458799963371,2606,2606.0,0,False
14,54,3,-32.92025863687979,2651,2651.0,0,False
14,55,5,-46.64914169331118,2684,2684.0,0,False
14,56,13,-47.65183569473082,2720,2720.0,0,False
14,57,8,-43.280360255374255,2789,2789.0,0,False
14,58,3,-39.305899878725256,2833,2833.0,0,False
14,59,16,-41.46651747247487,2877,2877.0,0,False
14,60,5,-58.241196744854,2930,2930.0,0,False
14,61,6,-57.86424206159246,2973,2973.0,0,False
14,62,3,-23.565939285404845,3014,3014.0,0,False
14,63,8,-62.834738311791924,3057,3057.0,0,False
14,64,8,-67.65632998244774,3089,3089.0,0,False
14,65,5,-73.62884633796075,3162,3162.0,0,False
14,66,2,-73.63249561193552,3202,3202.0,0,False
14,67,5,-9.383136967448536,3258,3258.0,0,False
14,68,15,-72.71937529918621,3293,3293.0,0,False
14,69,2,-86.8799393649274,3366,3366.0,0,False
14,70,2,-90.13567895324717,3416,3416.0,0,False
14,71,7,-92.72819770224989,3485,3485.0,0,False
14,72,1,-16.32532072762087,3541,3541.0,0,False
14,73,8,-18.76875458752194,3607,3607.0,0,False
14,74,1,-7.144997606510292,3637,3637.0,0,False
14,75,2,-15.59396760810595,3674,3674.0,0,False
14,76,8,48.76400252978564,3707,3707.0,0,False
14,77,7,-22.11063188128291,3780,3780.0,0,False
14,78,6,-31.508040529759054,3819,3819.0,0,False
14,79,13,-33.465624700813784,3856,3856.0,0,False
14,80,9,-30.777288973990743,3928,3928.0,0,False
14,81,2,-9.852466890059038,3964,3964.0,0,False
14,82,13,-14.007855433221637,4002,4002.0,0,False
14,83,9,-24.605046274134352,4047,4047.0,0,False
14,84,2,33.29366568217468,4077,4077.0,0,False
14,85,14,-17.86774293920536,4119,4119.0,0,False
14,86,1,-19.858166586883677,4162,4162.0,0,False
14,87,9,-31.728660443593423,4216,4216.0,0,False
14,88,9,-28.84248763363651,4258,4258.0,0,False
14,89,15,-18.528267113451413,4298,4298.0,0,False
14,90,9,-33.32291128131482,4329,4329.0,0,False
14,91,13,-37.22166347534706,4378,4378.0,0,False
14,92,13,-39.69304691239827,4423,4423.0,0,False
14,93,7,-43.01974868358066,4487,4487.0,0,False
14,94,14,-49.9560196266156,4527,4527.0,0,False
14,95,6,-55.597260252114246,4570,4570.0,0,False
14,96,0,-53.37505744375299,4606,4606.0,0,False
14,97,9,-66.79576432104675,4644,4644.0,0,False
14,98,16,-56.29016036381043,4685,4685.0,0,False
14,99,7,-43.3046205183595,4735,4735.0,0,False
14,100,15,-63.97398755385351,4778,4778.0,0,False
14,101,14,-78.99962182862613,4821,4821.0,0,False
14,102,6,-82.98639859581938,4862,4862.0,0,False
14,103,19,-87.45461943513644,4907,4907.0,0,False
14,104,9,-95.9867097494814,4938,4938.0,0,False
14,105,0,-75.85078745811393,4989,4989.0,0,False
14,106,19,-85.64844662517952,5028,5028.0,0,False
14,107,6,-87.5559605872028,5061,5061.0,0,False
14,108,14,-92.30046194351364,5103,5103.0,0,False
14,109,0,-87.65226663475347,5141,5141.0,0,False
14,110,16,-97.45928674006701,5206,5206.0,0,False
14,111,6,-102.64499361736077,5241,5241.0,0,False
14,112,0,-96.34481330780277,5278,5278.0,0,False
14,113,16,-104.21821685016754,5347,5347.0,0,False
14,114,13,-111.05938487314504,5391,5391.0,0,False
14,115,6,-57.19405716451251,5436,5436.0,0,False
14,116,19,-117.92097654380086,5492,5492.0,0,False
14,117,0,-84.56557267029379,5519,5519.0,0,False
14,118,15,-119.55310196266154,5553,5553.0,0,False
14,119,19,-129.1851196744854,5590,5590.0,0,False
14,120,14,-66.27869469480005,5651,5651.0,0,False
14,121,1,-132.07533269506942,5692,5692.0,0,False
14,122,16,-111.70475140949948,5732,5732.0,0,False
14,123,19,-139.26352321685016,5772,5772.0,0,False
14,124,19,-132.90994892725604,5822,5822.0,0,False
14,125,1,-144.4591574916228,5866,5866.0,0,False
14,126,9,-88.99231759613849,5898,5898.0,0,False
14,127,15,-121.47010030440492,5943,5943.0,0,False
14,128,13,-151.34051672783363,5984,5984.0,0,False
14,129,1,-142.84676672783363,6020,6020.0,0,False
14,130,12,-18.13724030636668,6101,6101.0,0,False
14,131,12,-10.687343226424126,6144,6144.0,0,False
14,132,12,-10.502553853518428,6212,6212.0,0,False
14,133,12,-12.843776128929312,6254,6254.0,0,False
14,134,12,6.714566887879844,6322,6322.0,0,False
15,1,11,24.247430109410967,31,31.0,0,False
15,2,4,7.881188149574781,92,92.0,0,False
15,3,17,0.2549257430719436,139,139.0,0,False
15,4,16,-19.885991963195057,217,217.0,0,False
15,5,17,8.07764350819198,237,237.0,0,False
15,6,10,-4.050422707795537,293,293.0,0,False
15,7,15,-21.196768385595508,359,359.0,0,False
15,8,10,-10.966294217737037,392,392.0,0,False
15,9,4,-20.180284297103373,427,427.0,0,False
15,10,3,-19.404633634910525,477,477.0,0,False
15,11,19,-39.67245208678248,536,536.0,0,False
15,12,7,-48.87534013688284,595,595.0,0,False
15,13,1,-48.431243032775356,636,636.0,0,False
15,14,17,3.685104048532491,665,665.0,0,False
15,15,16,5.609689469261264,705,705.0,0,False
15,16,10,5.4442599879137905,762,762.0,0,False
15,17,0,-5.094902650422917,842,842.0,0,False
15,18,10,3.041148833272679,879,879.0,0,False
15,19,17,-11.504032567155662,949,949.0,0,False
15,20,1,4.034498742182528,974,974.0,0,False
15,21,7,-0.4149390592978168,1002,1002.0,0,False
15,22,10,-2.610338790612719,1056,1056.0,0,False
15,23,7,-18.387660345074785,1125,1125.0,0,False
15,24,5,-14.074197791256562,1186,1186.0,0,False
15,25,2,-28.156933482517694,1260,1260.0,0,False
15,26,11,-7.10943590866524,1302,1302.0,0,False
15,27,16,4.830742073199762,1346,1346.0,0,False
15,28,1,-0.9554314786498441,1384,1384.0,0,False
15,29,15,-1.9622231503392857,1419,1419.0,0,False
15,30,16,-8.167083566707031,1460,1460.0,0,False
15,31,9,-14.890556803314185,1532,1532.0,0,False
15,32,17,43.66052570589732,1565,1565.0,0,False
15,33,2,-11.35893908896438,1605,1605.0,0,False
15,34,16,-5.9711689513376935,1670,1670.0,0,False
15,35,18,-13.97057585465251,1725,1725.0,0,False
15,36,19,-4.038270734266838,1770,1770.0,0,False
15,37,13,-14.937821934698476,1828,1828.0,0,False
15,38,10,-6.705174144161399,1865,1865.0,0,False
15,39,7,-6.948579922142901,1938,1938.0,0,False
15,40,2,-21.219577941210794,2011,2011.0,0,False
15,41,10,-5.275686764430326,2048,2048.0,0,False
15,42,1,-20.78760081813406,2089,2089.0,0,False
15,43,6,-21.737446426658554,2164,2164.0,0,False
15,44,1,-13.848749516184464,2208,2208.0,0,False
15,45,18,-24.871339126057414,2258,2258.0,0,False
15,46,10,23.71586414031222,2307,2307.0,0,False
15,47,16,-17.17029845816299,2381,2381.0,0,False
15,48,11,-26.64531805780436,2441,2441.0,0,False
15,49,18,-35.21107243723225,2478,2478.0,0,False
15,50,11,-27.97622311621476,2524,2524.0,0,False
15,51,4,-29.536799285817228,2564,2564.0,0,False
15,52,9,-38.559516310322415,2609,2609.0,0,False
15,53,8,-22.011479574340168,2689,2689.0,0,False
15,54,7,-13.503522082633351,2753,2753.0,0,False
15,55,18,-11.778943932098777,2786,2786.0,0,False
15,56,14,-21.186061372983232,2849,2849.0,0,False
15,57,8,-15.043260571549087,2885,2885.0,0,False
15,58,0,-13.695343245808289,2921,2921.0,0,False
15,59,8,-17.195574712643676,2990,2990.0,0,False
15,60,3,-6.571013919645681,3020,3020.0,0,False
15,61,13,-20.3022635242012,3056,3056.0,0,False
15,62,3,-18.48997152799747,3111,3111.0,0,False
15,63,18,-27.921591795845195,3148,3148.0,0,False
15,64,11,-32.3916608668143,3196,3196.0,0,False
15,65,13,-30.33284087314141,3233,3233.0,0,False
15,66,1,-23.5209083469542,3269,3269.0,0,False
15,67,11,-33.216961404618786,3312,3312.0,0,False
15,68,8,-46.80249340925867,3355,3355.0,0,False
15,69,3,-45.069715279974695,3389,3389.0,0,False
15,70,14,-58.571659285036375,3422,3422.0,0,False
15,71,13,-59.80709901929769,3460,3460.0,0,False
15,72,12,-35.96763049667827,3541,3541.0,0,False
15,73,16,18.334776705683858,3576,3576.0,0,False
15,74,18,-10.945569967309924,3617,3617.0,0,False
15,75,4,-13.328440366972478,3652,3652.0,0,False
15,76,2,-23.7870742381103,3702,3702.0,0,False
15,77,13,-28.364226510597913,3751,3751.0,0,False
15,78,12,-39.30795317937361,3794,3794.0,0,False
15,79,4,-42.38186491616577,3844,3844.0,0,False
15,80,9,-32.90204945692291,3898,3898.0,0,False
15,81,19,-35.03221132552989,3937,3937.0,0,False
15,82,11,-28.11474586414522,3979,3979.0,0,False
15,83,6,-45.34542813455657,4022,4022.0,0,False
15,84,2,-49.991284930929034,4059,4059.0,0,False
15,85,4,-50.10738396999894,4101,4101.0,0,False
15,86,18,-1.3644817220177146,4146,4146.0,0,False
15,87,7,-47.588007282821664,4196,4196.0,0,False
15,88,19,-54.045034799114205,4252,4252.0,0,False
15,89,0,-57.759247073710846,4303,4303.0,0,False
15,90,6,-69.21464040915322,4337,4337.0,0,False
15,91,15,-64.57702467573552,4377,4377.0,0,False
15,92,8,-68.17982494991037,4409,4409.0,0,False
15,93,3,-68.4304729515976,4454,4454.0,0,False
15,94,3,-70.05646788990825,4493,4493.0,0,False
15,95,6,-88.46021775809342,4536,4536.0,0,False
15,96,13,-92.36176842771275,4586,4586.0,0,False
15,97,14,-85.49243910155015,4631,4631.0,0,False
15,98,8,-95.10355003690815,4697,4697.0,0,False
15,99,14,-103.02139670990194,4739,4739.0,0,False
15,100,8,-46.134927161323766,4777,4777.0,0,False
15,101,5,-100.07702151217968,4810,4810.0,0,False
15,102,15,-98.1482015185068,4853,4853.0,0,False
15,103,14,-112.68445112306232,4893,4893.0,0,False
15,104,3,-73.83314700081252,4934,4934.0,0,False
15,105,9,-111.99246071918168,4976,4976.0,0,False
15,106,6,-118.94377992196561,5022,5022.0,0,False
15,107,9,-121.57350152905198,5048,5048.0,0,False
15,108,6,-126.58127913107666,5081,5081.0,0,False
15,109,6,-131.10898713487293,5111,5111.0,0,False
15,110,14,-137.70319993672888,5149,5149.0,0,False
15,111,9,-141.8745882104819,5182,5182.0,0,False
15,112,14,-128.43551407782348,5219,5219.0,0,False
15,113,6,-69.734078526486,5264,5264.0,0,False
15,114,13,-136.53412527681112,5308,5308.0,0,False
15,115,12,-143.51738848465675,5376,5376.0,0,False
15,116,5,-151.51197089528628,5429,5429.0,0,False
15,117,2,-148.09417009385217,5470,5470.0,0,False
15,118,13,-141.21082506195296,5511,5511.0,0,False
15,119,15,-152.07074343562164,5545,5545.0,0,False
15,120,0,-157.74518823157229,5583,5583.0,0,False
15,121,2,-108.94345953069279,5613,5613.0,0,False
15,122,0,-168.11169250237268,5655,5655.0,0,False
15,123,14,-99.71600040837005,5716,5716.0,0,False
15,124,15,-136.85420128248668,5766,5766.0,0,False
15,125,5,-176.91002530844668,5839,5839.0,0,False
15,126,19,-173.62051091426764,5876,5876.0,0,False
15,127,19,-175.67884372034166,5916,5916.0,0,False
15,128,5,-120.80870509508243,5972,5972.0,0,False
15,129,19,-182.3607487458761,6027,6027.0,0,False
15,130,12,-192.06004745333755,6069,6069.0,0,False
15,131,9,-195.881505325319,6100,6100.0,0,False
15,132,12,-174.76079744314413,6168,6168.0,0,False
15,133,0,-289.36706088087453,6200,6200.0,0,False
15,134,9,-160.8737152777778,6227,6227.0,0,False
16,1,8,16.77737004682105,40,40.0,0,False
16,2,5,-7.384937750502697,116,116.0,0,False
16,3,8,11.156440741255365,132,132.0,0,False
16,4,8,12.255311552434092,186,186.0,0,False
16,5,10,0.8289610344895841,257,257.0,0,False
16,6,4,-14.971098310752724,333,333.0,0,False
16,7,17,-15.238088332656606,380,380.0,0,False
16,8,7,-32.48388232091681,439,439.0,0,False
16,9,13,-32.55146205798037,482,482.0,0,False
16,10,3,-45.65249518445937,547,547.0,0,False
16,11,19,-58.81317567867563,606,606.0,0,False
16,12,4,-22.012890347015244,641,641.0,0,False
16,13,13,-28.69822353616298,677,677.0,0,False
16,14,8,-36.31872050725587,720,720.0,0,False
16,15,17,-40.87098136884443,760,760.0,0,False
16,16,16,-47.847738205714606,838,838.0,0,False
16,17,10,-37.94794330063202,871,871.0,0,False
16,18,16,-43.30039296709806,906,906.0,0,False
16,19,17,2.9398347358096704,950,950.0,0,False
16,20,10,-3.5977772659400777,1007,1007.0,0,False
16,21,15,-7.823141092565695,1073,1073.0,0,False
16,22,3,4.3781076511176025,1108,1108.0,0,False
16,23,7,-4.813113181715337,1141,1141.0,0,False
16,24,17,-2.6404936563600483,1211,1211.0,0,False
16,25,13,-10.27965793300579,1248,1248.0,0,False
16,26,4,-16.089817907775302,1288,1288.0,0,False
16,27,17,34.79285028210646,1321,1321.0,0,False
16,28,2,-12.32525128030302,1395,1395.0,0,False
16,29,6,-24.913676634473294,1470,1470.0,0,False
16,30,18,-32.65835896573252,1525,1525.0,0,False
16,31,19,-16.51390371305616,1570,1570.0,0,False
16,32,14,-32.79112971780184,1633,1633.0,0,False
16,33,4,-23.374099699026203,1668,1668.0,0,False
16,34,4,-30.670827712917497,1718,1718.0,0,False
16,35,5,-41.4400954918454,1751,1751.0,0,False
16,36,10,-2.5559347435103206,1788,1788.0,0,False
16,37,3,-11.205434268709912,1843,1843.0,0,False
16,38,4,9.836857712638189,1885,1885.0,0,False
16,39,18,-26.24410637890776,1935,1935.0,0,False
16,40,10,-19.62683255575608,1989,1989.0,0,False
16,41,3,-22.097170294565686,2023,2023.0,0,False
16,42,3,-29.552819693674564,2068,2068.0,0,False
16,43,11,-16.82748552307634,2139,2139.0,0,False
16,44,15,-7.933242560668134,2174,2174.0,0,False
16,45,5,-9.589638352603975,2227,2227.0,0,False
16,46,10,-4.082352503899539,2264,2264.0,0,False
16,47,10,-5.292083066063286,2301,2301.0,0,False
16,48,19,-13.348384941231853,2340,2340.0,0,False
16,49,0,-13.120753317871497,2420,2420.0,0,False
16,50,18,-13.302217536079965,2457,2457.0,0,False
16,51,0,-1.672351369375951,2493,2493.0,0,False
16,52,9,-14.95490243577249,2550,2550.0,0,False
16,53,13,-10.823895047565353,2588,2588.0,0,False
16,54,10,34.386827579330784,2637,2637.0,0,False
16,55,15,-6.2118421345364,2682,2682.0,0,False
16,56,5,-26.279117076999583,2755,2755.0,0,False
16,57,13,-21.750374135345133,2804,2804.0,0,False
16,58,15,-24.43873936084792,2847,2847.0,0,False
16,59,19,-28.80962502007387,2903,2903.0,0,False
16,60,16,-36.16220330817408,2952,2952.0,0,False
16,61,16,-42.370484984743854,2993,2993.0,0,False
16,62,2,-41.51327150580804,3033,3033.0,0,False
16,63,15,-39.82894893207001,3067,3067.0,0,False
16,64,2,-51.07183983726782,3140,3140.0,0,False
16,65,2,-54.46738664953696,3190,3190.0,0,False
16,66,3,-54.27824634655532,3234,3234.0,0,False
16,67,16,-59.845772442588725,3299,3299.0,0,False
16,68,16,-65.9609547133451,3368,3368.0,0,False
16,69,8,-68.96720518173544,3400,3400.0,0,False
16,70,18,-73.94436673625609,3433,3433.0,0,False
16,71,2,-79.57603367057438,3470,3470.0,0,False
16,72,7,-78.3594451581821,3539,3539.0,0,False
16,73,0,-81.95509635458487,3590,3590.0,0,False
16,74,19,-83.7901228520957,3627,3627.0,0,False
16,75,18,-92.16960200203414,3664,3664.0,0,False
16,76,3,-57.081315434924576,3705,3705.0,0,False
16,77,8,-101.14264921578074,3771,3771.0,0,False
16,78,11,-97.72395134093463,3813,3813.0,0,False
16,79,1,-16.218951340934638,3869,3869.0,0,False
16,80,1,-11.455436004496548,3899,3899.0,0,False
16,81,2,-20.571816551576468,3940,3940.0,0,False
16,82,8,51.26077900562961,3973,3973.0,0,False
16,83,18,-14.040176114769016,4009,4009.0,0,False
16,84,5,47.97511038956694,4065,4065.0,0,False
16,85,1,-22.966999357636098,4108,4108.0,0,False
16,86,18,34.90799951543028,4153,4153.0,0,False
16,87,2,33.14991357153093,4178,4178.0,0,False
16,88,11,-28.876999357636098,4238,4238.0,0,False
16,89,14,-34.95067127027461,4271,4271.0,0,False
16,90,11,-37.46962983780311,4317,4317.0,0,False
16,91,14,-42.37918740966758,4367,4367.0,0,False
16,92,11,-42.58556768909587,4415,4415.0,0,False
16,93,16,-20.6012970230448,4455,4455.0,0,False
16,94,11,-43.728979444355225,4498,4498.0,0,False
16,95,1,-54.099708527380756,4539,4539.0,0,False
16,96,1,-60.807208928858195,4583,4583.0,0,False
16,97,11,-60.11653389033292,4625,4625.0,0,False
16,98,13,-74.16129757507629,4675,4675.0,0,False
16,99,14,-67.20983940902521,4717,4717.0,0,False
16,100,7,-73.86687088485627,4790,4790.0,0,False
16,101,7,-83.70366789786414,4854,4854.0,0,False
16,102,14,-81.99635057009796,4894,4894.0,0,False
16,103,15,-54.36596204681212,4944,4944.0,0,False
16,104,19,-82.53585594989562,4984,4984.0,0,False
16,105,0,-82.49030913762647,5022,5022.0,0,False
16,106,1,-77.14202776216476,5058,5058.0,0,False
16,107,19,-85.26823788509645,5113,5113.0,0,False
16,108,7,-78.69758961784581,5163,5163.0,0,False
16,109,0,-98.82577806327284,5205,5205.0,0,False
16,110,14,-111.82226272683475,5243,5243.0,0,False
16,111,0,-83.06318396070299,5275,5275.0,0,False
16,112,6,-123.0505441357529,5318,5318.0,0,False
16,113,9,-128.66898185321983,5358,5358.0,0,False
16,114,12,-26.891377870563673,5439,5439.0,0,False
16,115,9,-12.717081259033241,5493,5493.0,0,False
16,116,6,-15.65494593437182,5527,5527.0,0,False
16,117,12,-4.354529468443872,5570,5570.0,0,False
16,118,9,-19.180362935603018,5612,5612.0,0,False
16,119,9,-35.18428595412938,5643,5643.0,0,False
16,120,13,-26.02322787859322,5687,5687.0,0,False
16,121,13,-22.130450100815445,5728,5728.0,0,False
16,122,14,-26.192186446121724,5770,5770.0,0,False
16,123,6,-29.90421765430116,5813,5813.0,0,False
16,124,12,-28.215702585514695,5881,5881.0,0,False
16,125,14,21.95946345353584,5942,5942.0,0,False
16,126,6,-42.90025988972753,5988,5988.0,0,False
16,127,12,-41.53864541512767,6030,6030.0,0,False
16,128,12,-18.383948430889312,6098,6098.0,0,False
16,129,6,-52.95083319950752,6136,6136.0,0,False
16,130,9,-71.09918401941366,6169,6169.0,0,False
16,131,9,-267.49698432048115,6195,6195.0,0,False
16,132,9,-25.304335961895333,6227,6227.0,0,False
16,133,6,-71.37951394464963,6262,6262.0,0,False
16,134,6,-17.47482638888887,6307,6307.0,0,False
17,1,2,17.907111381454925,34,34.0,0,False
17,2,7,0.8428503943327073,93,93.0,0,False
17,3,10,2.0976009305720105,149,149.0,0,False
17,4,17,-18.306542028600205,211,211.0,0,False
17,5,7,9.471908932344832,224,224.0,0,False
17,6,18,-16.133019771122687,279,279.0,0,False
17,7,4,-25.602644400197015,355,355.0,0,False
17,8,3,-32.86014903291352,420,420.0,0,False
17,9,16,-48.93279293052754,498,498.0,0,False
17,10,5,-65.37261543421248,574,574.0,0,False
17,11,8,-76.23853630421337,654,654.0,0,False
17,12,10,-31.634884999144074,682,682.0,0,False
17,13,15,-49.44217435768195,748,748.0,0,False
17,14,15,-44.12942236598711,783,783.0,0,False
17,15,16,-55.093201248171695,823,823.0,0,False
17,16,10,13.103210238380099,865,865.0,0,False
17,17,14,-4.213858282892266,913,913.0,0,False
17,18,5,-0.6686824717008664,946,946.0,0,False
17,19,16,8.566788262067192,990,990.0,0,False
17,20,18,-5.0438891966632,1040,1040.0,0,False
17,21,14,-11.939153152573606,1073,1073.0,0,False
17,22,3,-3.769719133123399,1103,1103.0,0,False
17,23,19,-12.15951509380373,1162,1162.0,0,False
17,24,2,-11.760726370021167,1202,1202.0,0,False
17,25,4,-14.3969134762865,1237,1237.0,0,False
17,26,10,3.9825157382276064,1274,1274.0,0,False
17,27,8,-7.505328352196393,1310,1310.0,0,False
17,28,8,-14.361574534288252,1379,1379.0,0,False
17,29,13,-10.477476490215514,1437,1437.0,0,False
17,30,10,-3.711672729968633,1491,1491.0,0,False
17,31,17,-2.255067030339127,1531,1531.0,0,False
17,32,17,-4.5660661801219735,1575,1575.0,0,False
17,33,9,-15.8444297392974,1647,1647.0,0,False
17,34,10,0.7425010754375059,1684,1684.0,0,False
17,35,5,-7.59169424719592,1737,1737.0,0,False
17,36,4,-9.359284414592471,1777,1777.0,0,False
17,37,9,-14.351058415806676,1822,1822.0,0,False
17,38,19,-17.700937168355374,1867,1867.0,0,False
17,39,19,-10.728171076378928,1901,1901.0,0,False
17,40,17,-25.543401209579752,1971,1971.0,0,False
17,41,0,-7.4322761781664575,2036,2036.0,0,False
17,42,10,-2.262232953804231,2078,2078.0,0,False
17,43,18,-6.40472021657286,2115,2115.0,0,False
17,44,7,-14.553384611232765,2184,2184.0,0,False
17,45,2,-28.679035098368278,2257,2257.0,0,False
17,46,10,32.03040874360421,2306,2306.0,0,False
17,47,3,-20.406578581746878,2361,2361.0,0,False
17,48,13,-27.100044820401234,2397,2397.0,0,False
17,49,19,-32.00322456672724,2453,2453.0,0,False
17,50,12,-15.716643549791186,2534,2534.0,0,False
17,51,13,-13.024033389942973,2571,2571.0,0,False
17,52,17,38.60067966381841,2604,2604.0,0,False
17,53,5,-18.169815440409224,2677,2677.0,0,False
17,54,8,-18.898129691723028,2720,2720.0,0,False
17,55,4,-21.57829888138776,2755,2755.0,0,False
17,56,8,-29.472788382251778,2787,2787.0,0,False
17,57,4,-34.48037588801986,2837,2837.0,0,False
17,58,6,-32.690562073886156,2912,2912.0,0,False
17,59,6,-28.397420326621216,2955,2955.0,0,False
17,60,14,-13.899964325352782,3005,3005.0,0,False
17,61,8,-22.254204587495376,3071,3071.0,0,False
17,62,11,-24.45226494371333,3142,3142.0,0,False
17,63,3,-6.424078801331852,3176,3176.0,0,False
17,64,19,-16.051866180434438,3213,3213.0,0,False
17,65,19,-10.16876882828603,3253,3253.0,0,False
17,66,16,-16.435073727604248,3294,3294.0,0,False
17,67,16,-26.26321547486919,3359,3359.0,0,False
17,68,3,-19.301688599968287,3404,3404.0,0,False
17,69,19,-15.095764869290033,3459,3459.0,0,False
17,70,12,-26.030692880925955,3502,3502.0,0,False
17,71,6,-27.416135246551452,3541,3541.0,0,False
17,72,6,-40.76726335817346,3584,3584.0,0,False
17,73,4,-38.70031956335993,3626,3626.0,0,False
17,74,5,22.41938786049011,3682,3682.0,0,False
17,75,16,-53.61533851276359,3756,3756.0,0,False
17,76,18,-52.7907068865282,3789,3789.0,0,False
17,77,3,-52.658988425558896,3833,3833.0,0,False
17,78,6,-80.3927919527753,3874,3874.0,0,False
17,79,16,-30.037239789783836,3909,3909.0,0,False
17,80,2,-66.72966677236931,3959,3959.0,0,False
17,81,7,-70.02031552243538,4032,4032.0,0,False
17,82,9,-81.72147323080176,4086,4086.0,0,False
17,83,18,-78.09526372813275,4123,4123.0,0,False
17,84,18,-82.33920141641562,4159,4159.0,0,False
17,85,9,-90.79439300248401,4201,4201.0,0,False
17,86,0,-88.49582368796575,4237,4237.0,0,False
17,87,11,-98.91810210876804,4279,4279.0,0,False
17,88,18,-47.43271893663126,4324,4324.0,0,False
17,89,9,-113.37744595951587,4355,4355.0,0,False
17,90,1,-32.07451799587759,4411,4411.0,0,False
17,91,6,-49.06454239557458,4444,4444.0,0,False
17,92,15,2.547451244648803,4484,4484.0,0,False
17,93,2,-12.415063157338407,4521,4521.0,0,False
17,94,15,-12.118809259552876,4564,4564.0,0,False
17,95,7,-18.60234897732678,4628,4628.0,0,False
17,96,6,-43.14783573806881,4663,4663.0,0,False
17,97,0,-20.0056897098462,4714,4714.0,0,False
17,98,3,0.5426027810265879,4755,4755.0,0,False
17,99,2,-33.01893425294646,4796,4796.0,0,False
17,100,9,-39.56009936049892,4834,4834.0,0,False
17,101,14,-39.62690581893135,4876,4876.0,0,False
17,102,9,-39.45596189419164,4902,4902.0,0,False
17,103,15,-33.22849849373712,4931,4931.0,0,False
17,104,0,-43.20352069129538,4969,4969.0,0,False
17,105,9,8.988224443079119,5001,5001.0,0,False
17,106,1,-56.0472371967655,5031,5031.0,0,False
17,107,15,-33.08978983821662,5081,5081.0,0,False
17,108,7,-52.26297698659478,5131,5131.0,0,False
17,109,13,-75.79104249246869,5169,5169.0,0,False
17,110,2,-22.60009469196484,5199,5199.0,0,False
17,111,12,-60.714560012684316,5267,5267.0,0,False
17,112,6,-9.626843630533976,5312,5312.0,0,False
17,113,13,-74.42568812430632,5361,5361.0,0,False
17,114,8,-14.314436500229021,5399,5399.0,0,False
17,115,13,-72.23137387030283,5444,5444.0,0,False
17,116,1,-78.35725860155382,5487,5487.0,0,False
17,117,12,-78.9662628825115,5529,5529.0,0,False
17,118,14,-93.52095290946568,5569,5569.0,0,False
17,119,0,-86.32212541620422,5606,5606.0,0,False
17,120,13,-101.28989059774852,5650,5650.0,0,False
17,121,13,-97.29554811783204,5691,5691.0,0,False
17,122,12,-70.72443666621052,5759,5759.0,0,False
17,123,1,-102.37964721737751,5800,5800.0,0,False
17,124,14,-113.39292135722214,5843,5843.0,0,False
17,125,1,-115.5692706516569,5887,5887.0,0,False
17,126,1,-100.18746736980955,5923,5923.0,0,False
17,127,14,-120.43876169335658,5965,5965.0,0,False
17,128,11,-125.06396067861107,6025,6025.0,0,False
17,129,14,-71.08959251765093,6086,6086.0,0,False
17,130,11,-126.91462422704932,6132,6132.0,0,False
17,131,0,-102.16792171808873,6164,6164.0,0,False
17,132,11,-138.46553115585857,6212,6212.0,0,False
17,133,11,-140.680486760742,6255,6255.0,0,False
17,134,11,-154.0063301368558,6297,6297.0,0,False
18,1,19,26.330907623179556,19,19.0,0,False
18,2,17,12.217139556579612,66,66.0,0,False
18,3,5,-11.499961078471673,142,142.0,0,False
18,4,8,-23.612905955968543,222,222.0,0,False
18,5,13,-21.348382626257386,265,265.0,0,False
18,6,10,-26.754542976506468,321,321.0,0,False
18,7,10,3.537610938155069,334,334.0,0,False
18,8,15,-20.476443251006046,400,400.0,0,False
18,9,4,-37.231128129835426,476,476.0,0,False
18,10,16,-49.50486019212824,554,554.0,0,False
18,11,16,-27.573329508752405,589,589.0,0,False
18,12,17,-37.51431057594825,629,629.0,0,False
18,13,4,-38.44398121965676,659,659.0,0,False
18,14,12,-50.05973045616109,740,740.0,0,False
18,15,3,-60.03833254131513,805,805.0,0,False
18,16,3,-49.45484371649628,840,840.0,0,False
18,17,1,-64.68903672780088,896,896.0,0,False
18,18,18,-76.19216258299889,951,951.0,0,False
18,19,8,-68.3661685782536,987,987.0,0,False
18,20,12,-67.94509326085672,1030,1030.0,0,False
18,21,15,-73.70582806630473,1065,1065.0,0,False
18,22,13,-83.37439099343179,1101,1101.0,0,False
18,23,15,7.632133019555074,1131,1131.0,0,False
18,24,17,-9.735792170609656,1175,1175.0,0,False
18,25,10,-16.243563542650946,1232,1232.0,0,False
18,26,7,-14.398685511555993,1291,1291.0,0,False
18,27,4,-9.586253180837486,1331,1331.0,0,False
18,28,0,-22.09828783653562,1411,1411.0,0,False
18,29,5,-7.022808418734933,1444,1444.0,0,False
18,30,14,-13.377219143867329,1492,1492.0,0,False
18,31,2,-27.172715613336067,1566,1566.0,0,False
18,32,7,-15.156289713083424,1599,1599.0,0,False
18,33,4,-20.078392042782596,1634,1634.0,0,False
18,34,2,-30.12198943521268,1674,1674.0,0,False
18,35,17,-10.123908350076597,1744,1744.0,0,False
18,36,13,-16.82083053007591,1781,1781.0,0,False
18,37,16,-19.45152448086922,1825,1825.0,0,False
18,38,10,-25.463799474377605,1862,1862.0,0,False
18,39,17,24.185245265534128,1895,1895.0,0,False
18,40,15,-23.965754537463404,1938,1938.0,0,False
18,41,16,-22.64527029927363,1974,1974.0,0,False
18,42,8,-40.65475288752647,2043,2043.0,0,False
18,43,13,-37.02576535634108,2081,2081.0,0,False
18,44,10,-37.34865619772246,2135,2135.0,0,False
18,45,16,-46.61969842738712,2195,2195.0,0,False
18,46,10,-45.25578475962824,2232,2232.0,0,False
18,47,13,-51.90362973471883,2276,2276.0,0,False
18,48,8,-65.69775629119685,2319,2319.0,0,False
18,49,8,-70.72764055737215,2351,2351.0,0,False
18,50,9,-28.94118454724638,2423,2423.0,0,False
18,51,3,-6.459045990819805,2478,2478.0,0,False
18,52,16,-22.069510699132437,2552,2552.0,0,False
18,53,18,-18.749688418707677,2602,2602.0,0,False
18,54,2,-25.230242871024867,2675,2675.0,0,False
18,55,5,-35.16997587819895,2728,2728.0,0,False
18,56,10,-24.86747151804949,2770,2770.0,0,False
18,57,13,-31.81197281869246,2815,2815.0,0,False
18,58,16,10.164950902546181,2855,2855.0,0,False
18,59,9,-42.62241940606638,2900,2900.0,0,False
18,60,10,-13.873261721851676,2949,2949.0,0,False
18,61,4,-53.385064316341115,2999,2999.0,0,False
18,62,18,-49.95580355724948,3036,3036.0,0,False
18,63,9,-58.96746704780054,3090,3090.0,0,False
18,64,5,-70.90678180085754,3163,3163.0,0,False
18,65,19,-62.05348975702716,3208,3208.0,0,False
18,66,7,-67.88610290614578,3277,3277.0,0,False
18,67,4,-66.09484008588745,3319,3319.0,0,False
18,68,18,-77.44733285691599,3352,3352.0,0,False
18,69,14,-84.14403763696998,3385,3385.0,0,False
18,70,9,-89.62140225504209,3427,3427.0,0,False
18,71,13,-92.64191519771319,3471,3471.0,0,False
18,72,2,-103.06146577735429,3521,3521.0,0,False
18,73,0,-101.50572653644592,3557,3557.0,0,False
18,74,5,-26.45966252117411,3613,3613.0,0,False
18,75,3,-89.37957598856597,3647,3647.0,0,False
18,76,14,-101.71388756550738,3697,3697.0,0,False
18,77,3,-97.4598499285374,3742,3742.0,0,False
18,78,8,-109.73892885501033,3808,3808.0,0,False
18,79,7,-117.94109575988566,3881,3881.0,0,False
18,80,15,-104.73852072415437,3910,3910.0,0,False
18,81,14,-120.43233206288707,3952,3952.0,0,False
18,82,8,-62.8863390304907,3990,3990.0,0,False
18,83,15,-92.49047601267887,4040,4040.0,0,False
18,84,2,-131.7301842147054,4077,4077.0,0,False
18,85,18,-135.27138240431952,4109,4109.0,0,False
18,86,14,-144.31666269652214,4149,4149.0,0,False
18,87,2,-148.88693981260917,4190,4190.0,0,False
18,88,18,-152.9776377640146,4226,4226.0,0,False
18,89,14,-162.42504049547404,4269,4269.0,0,False
18,90,0,-139.55438065745594,4320,4320.0,0,False
18,91,3,-138.49365412101,4359,4359.0,0,False
18,92,11,-23.235145307289187,4430,4430.0,0,False
18,93,7,-12.266796093377799,4494,4494.0,0,False
18,94,14,-23.079711767508336,4536,4536.0,0,False
18,95,9,-12.788519930125457,4562,4562.0,0,False
18,96,3,22.504495786462734,4598,4598.0,0,False
18,97,9,-18.092124027314593,4631,4631.0,0,False
18,98,18,35.48633633642781,4676,4676.0,0,False
18,99,14,42.27187064016333,4732,4732.0,0,False
18,100,13,-15.078195817452752,4773,4773.0,0,False
18,101,19,-27.018570747975225,4812,4812.0,0,False
18,102,6,-19.70285056376052,4887,4887.0,0,False
18,103,7,13.687272843625063,4932,4932.0,0,False
18,104,2,44.81062003669511,4962,4962.0,0,False
18,105,12,-6.459306812767984,5030,5030.0,0,False
18,106,19,-18.846948546927106,5086,5086.0,0,False
18,107,0,-12.487939494997619,5124,5124.0,0,False
18,108,9,-24.805813879625216,5155,5155.0,0,False
18,109,12,-23.511298237255836,5197,5197.0,0,False
18,110,19,-33.08489280609814,5234,5234.0,0,False
18,111,11,-45.47468556455455,5276,5276.0,0,False
18,112,9,16.528641085702183,5308,5308.0,0,False
18,113,19,-31.901846117198662,5348,5348.0,0,False
18,114,1,-34.638053835159596,5378,5378.0,0,False
18,115,19,-24.401945567582505,5428,5428.0,0,False
18,116,11,-53.298535016674606,5488,5488.0,0,False
18,117,12,-27.415815866777535,5556,5556.0,0,False
18,118,6,-54.996900111164045,5599,5599.0,0,False
18,119,11,-64.2823939971415,5645,5645.0,0,False
18,120,11,-76.18956271694003,5693,5693.0,0,False
18,121,0,-67.84719628394473,5735,5735.0,0,False
18,122,0,-46.76475900795907,5767,5767.0,0,False
18,123,11,-88.26507656707275,5815,5815.0,0,False
18,124,6,-72.26152374146419,5854,5854.0,0,False
18,125,1,-75.10868747022391,5897,5897.0,0,False
18,126,6,-80.3625146895347,5940,5940.0,0,False
18,127,6,-87.32134508496108,5986,5986.0,0,False
18,128,1,-89.81016912815626,6027,6027.0,0,False
18,129,6,-99.19518500873433,6065,6065.0,0,False
18,130,6,-102.44901540416072,6095,6095.0,0,False
18,131,11,-109.27396528720351,6137,6137.0,0,False
18,132,1,-112.78665078608861,6181,6181.0,0,False
18,133,1,-91.4933521749775,6217,6217.0,0,False
18,134,6,-55.61076388888888,6262,6262.0,0,False
19,1,14,17.937186151482134,23,23.0,0,False
19,2,3,14.879299723991394,73,73.0,0,False
19,3,15,6.51271035000013,124,124.0,0,False
19,4,17,-14.250829005114362,186,186.0,0,False
19,5,4,-17.739470055901087,247,247.0,0,False
19,6,4,6.2062354296094036,262,262.0,0,False
19,7,5,-23.990000820574032,338,338.0,0,False
19,8,5,-16.928501247216552,371,371.0,0,False
19,9,10,-24.892386469166205,442,442.0,0,False
19,10,15,-12.871448104809303,472,472.0,0,False
19,11,14,-29.587730024264378,500,500.0,0,False
19,12,17,-31.707494568891487,540,540.0,0,False
19,13,11,-42.69757008325747,611,611.0,0,False
19,14,0,-51.56443757300512,691,691.0,0,False
19,15,19,-64.75642539444233,750,750.0,0,False
19,16,13,-73.69636308369175,808,808.0,0,False
19,17,17,-2.2929033112612025,837,837.0,0,False
19,18,6,-31.61406740931291,912,912.0,0,False
19,19,8,-42.51552342242902,992,992.0,0,False
19,20,6,-11.515208436856769,1035,1035.0,0,False
19,21,12,-17.86667795914354,1116,1116.0,0,False
19,22,18,-27.020884353862996,1156,1156.0,0,False
19,23,11,-20.534415116013513,1198,1198.0,0,False
19,24,4,7.470877526656574,1233,1233.0,0,False
19,25,13,-1.6164069510438228,1269,1269.0,0,False
19,26,2,-6.586903768541934,1328,1328.0,0,False
19,27,14,-6.430088542522537,1378,1378.0,0,False
19,28,18,-5.654278852540612,1428,1428.0,0,False
19,29,4,-7.243690910179263,1463,1463.0,0,False
19,30,5,-10.934053573137236,1511,1511.0,0,False
19,31,19,-12.903164419443566,1556,1556.0,0,False
19,32,0,-14.501946821129913,1592,1592.0,0,False
19,33,3,-14.834233284368484,1622,1622.0,0,False
19,34,8,-31.56260420942329,1658,1658.0,0,False
19,35,2,-38.15255264608888,1698,1698.0,0,False
19,36,3,-19.670616053094072,1748,1748.0,0,False
19,37,8,-41.6159754189154,1817,1817.0,0,False
19,38,5,-54.0395402373674,1890,1890.0,0,False
19,39,19,-56.14817193373276,1929,1929.0,0,False
19,40,8,-49.70471205302583,1972,1972.0,0,False
19,41,0,-46.41840272412556,2023,2023.0,0,False
19,42,11,-59.877691396370835,2083,2083.0,0,False
19,43,9,-24.19985164315883,2155,2155.0,0,False
19,44,7,-29.706725017667477,2214,2214.0,0,False
19,45,17,-24.620647787971574,2284,2284.0,0,False
19,46,3,-3.655981563026744,2318,2318.0,0,False
19,47,14,-14.873878874735443,2360,2360.0,0,False
19,48,3,-11.569716745894798,2405,2405.0,0,False
19,49,13,-16.72520593898325,2442,2442.0,0,False
19,50,6,-27.360242537935644,2481,2481.0,0,False
19,51,17,21.477060514963338,2514,2514.0,0,False
19,52,6,-34.296241022407024,2557,2557.0,0,False
19,53,5,54.73680023897488,2613,2613.0,0,False
19,54,12,-30.872327711681976,2656,2656.0,0,False
19,55,1,-6.367957708194252,2697,2697.0,0,False
19,56,4,-12.879860676574937,2747,2747.0,0,False
19,57,4,5.146701804469831,2789,2789.0,0,False
19,58,8,-26.707640936487604,2821,2821.0,0,False
19,59,6,-37.49443751074859,2867,2867.0,0,False
19,60,6,-47.612469746974696,2900,2900.0,0,False
19,61,18,-21.613438730969868,2937,2937.0,0,False
19,62,15,-21.61322261258384,2982,2982.0,0,False
19,63,1,-25.116184924944108,3012,3012.0,0,False
19,64,10,-21.161582561481953,3040,3040.0,0,False
19,65,3,-32.09733152347492,3084,3084.0,0,False
19,66,11,-43.055239540083036,3130,3130.0,0,False
19,67,1,-37.22839029064196,3173,3173.0,0,False
19,68,19,-45.685725007984665,3229,3229.0,0,False
19,69,10,-50.273302459278185,3286,3286.0,0,False
19,70,1,-49.94408495688278,3327,3327.0,0,False
19,71,7,-54.995892686042794,3360,3360.0,0,False
19,72,1,-61.896101884381984,3404,3404.0,0,False
19,73,18,-69.61293729372937,3437,3437.0,0,False
19,74,3,-28.612591054482607,3478,3478.0,0,False
19,75,8,-72.87079101458532,3544,3544.0,0,False
19,76,16,-15.181168955605237,3607,3607.0,0,False
19,77,15,-6.564704567230915,3650,3650.0,0,False
19,78,13,-16.26653305653146,3688,3688.0,0,False
19,79,2,-18.306134355371018,3761,3761.0,0,False
19,80,6,-20.838462152666878,3796,3796.0,0,False
19,81,12,-13.792922389013095,3859,3859.0,0,False
19,82,10,-23.5692781858831,3896,3896.0,0,False
19,83,18,-29.743812413499413,3933,3933.0,0,False
19,84,14,-37.42835356116257,3973,3973.0,0,False
19,85,16,-39.02512775471096,4013,4013.0,0,False
19,86,6,1.0405413827673087,4058,4058.0,0,False
19,87,1,-25.733252532914584,4094,4094.0,0,False
19,88,18,-44.270343873096984,4135,4135.0,0,False
19,89,8,17.733483356400157,4168,4168.0,0,False
19,90,12,-42.706207282018525,4210,4210.0,0,False
19,91,7,-52.89181411689555,4279,4279.0,0,False
19,92,15,-49.91960076652826,4313,4313.0,0,False
19,93,0,-55.63672628553178,4351,4351.0,0,False
19,94,13,-67.06088949217502,4400,4400.0,0,False
19,95,18,-15.750438190217835,4445,4445.0,0,False
19,96,15,-49.83532649886648,4495,4495.0,0,False
19,97,10,-67.34416160970936,4549,4549.0,0,False
19,98,13,-76.05769722133503,4599,4599.0,0,False
19,99,19,-81.59252155860747,4636,4636.0,0,False
19,100,0,-83.93189396358991,4678,4678.0,0,False
19,101,14,-96.95483551580965,4716,4716.0,0,False
19,102,2,-104.1355371020973,4766,4766.0,0,False
19,103,19,-89.72337112743531,4806,4806.0,0,False
19,104,14,-100.63110348131586,4848,4848.0,0,False
19,105,2,-99.6172234642819,4885,4885.0,0,False
19,106,11,-104.06667678058129,4933,4933.0,0,False
19,107,10,-105.62587352283616,4970,4970.0,0,False
19,108,16,-106.63395720217183,5019,5019.0,0,False
19,109,10,-101.5284845097413,5056,5056.0,0,False
19,110,10,-86.5844561885624,5105,5105.0,0,False
19,111,14,-54.219887876977594,5166,5166.0,0,False
19,112,0,-88.6114540970226,5198,5198.0,0,False
19,113,2,-127.5778973703822,5239,5239.0,0,False
19,114,19,-116.15610764358671,5294,5294.0,0,False
19,115,7,-136.93513733631428,5367,5367.0,0,False
19,116,11,-135.70612903225805,5415,5415.0,0,False
19,117,13,-142.34936761418075,5459,5459.0,0,False
19,118,9,-152.78732300649418,5504,5504.0,0,False
19,119,11,-149.25231119561653,5546,5546.0,0,False
19,120,7,-150.02114180772918,5610,5610.0,0,False
19,121,12,-130.17623188361335,5678,5678.0,0,False
19,122,2,-98.20612649568872,5708,5708.0,0,False
19,123,13,-151.08222079163562,5749,5749.0,0,False
19,124,9,-165.86951559672096,5803,5803.0,0,False
19,125,9,-169.37658681997232,5845,5845.0,0,False
19,126,9,-174.00128979026937,5876,5876.0,0,False
19,127,16,-169.84124241456402,5917,5917.0,0,False
19,128,16,-179.77927179814753,5982,5982.0,0,False
19,129,16,-185.9356818907697,6051,6051.0,0,False
19,130,16,-169.2986680018808,6086,6086.0,0,False
19,131,7,-170.39462830641054,6136,6136.0,0,False
19,132,9,-196.6722607260726,6174,6174.0,0,False
19,133,9,-199.2929218567018,6200,6200.0,0,False
19,134,9,-146.81138888888887,6232,6232.0,0,False
20,1,4,23.41132093162102,36,36.0,0,False
20,2,0,0.9653057460569556,116,116.0,0,False
20,3,13,-13.021347632381152,174,174.0,0,False
20,4,3,-19.624663260075515,239,239.0,0,False
20,5,6,-33.69692223954857,299,299.0,0,False
20,6,4,1.6528828911742757,314,314.0,0,False
20,7,11,-24.05770211186547,385,385.0,0,False
20,8,10,-31.68630842197456,456,456.0,0,False
20,9,4,10.757271136694655,481,481.0,0,False
20,10,5,-19.50545192578962,557,557.0,0,False
20,11,18,-26.754176597188042,612,612.0,0,False
20,12,11,3.0517312395500085,649,649.0,0,False
20,13,9,-20.22900324014652,721,721.0,0,False
20,14,10,-6.310139412262423,754,754.0,0,False
20,15,2,-27.457284383585154,828,828.0,0,False
20,16,15,-30.85149938934884,894,894.0,0,False
20,17,1,-43.828243636922814,950,950.0,0,False
20,18,6,-34.18343593308209,993,993.0,0,False
20,19,13,-36.082425228247544,1029,1029.0,0,False
20,20,13,0.6877967994748175,1066,1066.0,0,False
20,21,4,-1.6564088463918978,1101,1101.0,0,False
20,22,0,-4.943282715797833,1137,1137.0,0,False
20,23,3,-5.43415455390997,1167,1167.0,0,False
20,24,3,-9.698339573332923,1222,1222.0,0,False
20,25,4,-16.726660416057257,1272,1272.0,0,False
20,26,14,-13.654162649648585,1335,1335.0,0,False
20,27,6,-2.0826569373780695,1369,1369.0,0,False
20,28,19,-12.691291535215978,1428,1428.0,0,False
20,29,9,-7.531386198674295,1473,1473.0,0,False
20,30,3,-4.1170801527449825,1507,1507.0,0,False
20,31,2,-17.44471217128072,1547,1547.0,0,False
20,32,6,-25.020640453747223,1590,1590.0,0,False
20,33,2,-17.937603175951885,1663,1663.0,0,False
20,34,5,-20.23505941653163,1696,1696.0,0,False
20,35,12,-9.642613636173806,1777,1777.0,0,False
20,36,15,1.285898351131257,1807,1807.0,0,False
20,37,15,1.8382234566074693,1852,1852.0,0,False
20,38,19,-6.975497651010028,1897,1897.0,0,False
20,39,11,-11.853634138530834,1957,1957.0,0,False
20,40,11,-15.704041560307054,2003,2003.0,0,False
20,41,2,-26.40131832943276,2053,2053.0,0,False
20,42,4,-4.489456674862204,2095,2095.0,0,False
20,43,17,-20.522912374639983,2157,2157.0,0,False
20,44,9,-12.188774366168657,2211,2211.0,0,False
20,45,8,-25.315767646063748,2291,2291.0,0,False
20,46,5,-20.885931949473633,2339,2339.0,0,False
20,47,8,-9.012873747848333,2375,2375.0,0,False
20,48,3,-9.24991107283853,2420,2420.0,0,False
20,49,17,-19.526060686684236,2460,2460.0,0,False
20,50,5,-25.28461733272287,2533,2533.0,0,False
20,51,17,-27.511286272523108,2577,2577.0,0,False
20,52,15,-22.6501520817333,2620,2620.0,0,False
20,53,8,-35.979783325651375,2689,2689.0,0,False
20,54,1,-33.790582420930825,2719,2719.0,0,False
20,55,18,-44.452326455781815,2769,2769.0,0,False
20,56,0,-38.393782050833465,2820,2820.0,0,False
20,57,12,-37.35992939666239,2858,2858.0,0,False
20,58,3,-48.52940308087292,2902,2902.0,0,False
20,59,15,-48.578472400513476,2931,2931.0,0,False
20,60,8,-66.22705605477107,2974,2974.0,0,False
20,61,3,-24.50233248731319,3015,3015.0,0,False
20,62,5,3.1086058515190444,3066,3066.0,0,False
20,63,6,-68.40048566538296,3112,3112.0,0,False
20,64,13,-70.3851540436457,3150,3150.0,0,False
20,65,11,-77.71795250320923,3198,3198.0,0,False
20,66,11,-79.94301668806162,3241,3241.0,0,False
20,67,19,-75.69808087291399,3280,3280.0,0,False
20,68,1,-82.23643774069319,3323,3323.0,0,False
20,69,17,-92.84833119383825,3393,3393.0,0,False
20,70,18,-101.11287762088146,3430,3430.0,0,False
20,71,17,-66.24922144665526,3463,3463.0,0,False
20,72,15,-65.48616288114674,3513,3513.0,0,False
20,73,2,-105.20905862216516,3550,3550.0,0,False
20,74,6,-111.80130723149337,3588,3588.0,0,False
20,75,6,-115.03922764227642,3618,3618.0,0,False
20,76,11,-111.19198810058123,3660,3660.0,0,False
20,77,6,-63.14770338575096,3705,3705.0,0,False
20,78,2,-133.81391099700468,3746,3746.0,0,False
20,79,14,-140.36554557124518,3779,3779.0,0,False
20,80,9,-146.7673491655969,3821,3821.0,0,False
20,81,10,-116.36548780487804,3878,3878.0,0,False
20,82,19,-128.83750962772785,3934,3934.0,0,False
20,83,0,-118.1618870346598,3967,3967.0,0,False
20,84,10,-124.30213735558408,4004,4004.0,0,False
20,85,13,-134.22468549422337,4053,4053.0,0,False
20,86,13,-136.78267008985878,4098,4098.0,0,False
20,87,13,-142.60652118100126,4137,4137.0,0,False
20,88,2,-92.79730766746593,4167,4167.0,0,False
20,89,8,-158.5347646555413,4199,4199.0,0,False
20,90,8,-152.7682755669662,4265,4265.0,0,False
20,91,8,-95.02455061688774,4298,4298.0,0,False
20,92,14,-166.36367137355583,4348,4348.0,0,False
20,93,14,-172.61211810012836,4390,4390.0,0,False
20,94,14,-165.57814505776636,4430,4430.0,0,False
20,95,7,-5.300102695763799,4474,4474.0,0,False
20,96,19,-9.323831835686777,4511,4511.0,0,False
20,97,13,-4.421151404935102,4552,4552.0,0,False
20,98,16,-17.02218870346598,4615,4615.0,0,False
20,99,7,-18.87607188703466,4648,4648.0,0,False
20,100,9,-32.6337343914109,4679,4679.0,0,False
20,101,14,-32.599274711168164,4717,4717.0,0,False
20,102,16,-35.40645057766367,4757,4757.0,0,False
20,103,19,-12.662259306803593,4797,4797.0,0,False
20,104,0,-13.252105263157894,4839,4839.0,0,False
20,105,7,-23.44782413350449,4908,4908.0,0,False
20,106,18,-27.16081728712024,4941,4941.0,0,False
20,107,10,-24.827702182284977,4995,4995.0,0,False
20,108,9,-75.09724575666809,5033,5033.0,0,False
20,109,10,-33.24276636713736,5070,5070.0,0,False
20,110,7,-41.55264441591784,5143,5143.0,0,False
20,111,14,-52.24770860077022,5185,5185.0,0,False
20,112,1,-46.57932605905006,5226,5226.0,0,False
20,113,19,-40.3934349468744,5281,5281.0,0,False
20,114,9,-57.19522056249271,5312,5312.0,0,False
20,115,18,-60.237973898160035,5349,5349.0,0,False
20,116,14,3.4080077751350757,5410,5410.0,0,False
20,117,1,-63.02041720154043,5454,5454.0,0,False
20,118,0,-37.67907612921629,5486,5486.0,0,False
20,119,1,-55.55847979960062,5522,5522.0,0,False
20,120,7,-70.0031835686778,5581,5581.0,0,False
20,121,12,-80.56365211810012,5649,5649.0,0,False
20,122,10,-75.80582798459562,5691,5691.0,0,False
20,123,10,-57.15132309941521,5740,5740.0,0,False
20,124,18,-95.91304450149764,5781,5781.0,0,False
20,125,9,-42.539682596990446,5813,5813.0,0,False
20,126,16,-91.27747753530167,5862,5862.0,0,False
20,127,12,-91.1656161745828,5904,5904.0,0,False
20,128,18,-45.21226029955433,5949,5949.0,0,False
20,129,16,-99.84819640564827,5990,5990.0,0,False
20,130,12,-80.47310209897694,6058,6058.0,0,False
20,131,16,-119.47018613607187,6123,6123.0,0,False
20,132,7,-97.68904126142522,6173,6173.0,0,False
20,133,16,-115.80222079589215,6242,6242.0,0,False
20,134,16,-105.32378472222221,6277,6277.0,0,False
21,1,14,17.95512925687718,23,23.0,0,False
21,2,6,2.4270018315384725,83,83.0,0,False
21,3,5,-8.016783732337707,144,144.0,0,False
21,4,8,-23.933001094478488,224,224.0,0,False
21,5,5,1.035789912435547,237,237.0,0,False
21,6,4,-17.683548626276295,313,313.0,0,False
21,7,4,-10.928050530357254,348,348.0,0,False
21,8,5,10.558197751281341,386,386.0,0,False
21,9,4,4.520866054380079,426,426.0,0,False
21,10,4,3.8596968862133014,461,461.0,0,False
21,11,13,-1.9129596556339834,519,519.0,0,False
21,12,7,-2.329160518425489,563,563.0,0,False
21,13,5,-5.757792786599769,636,636.0,0,False
21,14,2,-19.295803314567173,710,710.0,0,False
21,15,2,-1.157744443237517,750,750.0,0,False
21,16,7,-3.236611808383689,783,783.0,0,False
21,17,6,-14.459912665055864,826,826.0,0,False
21,18,19,-16.49385582259877,885,885.0,0,False
21,19,4,-12.389360867907694,935,935.0,0,False
21,20,7,-0.6377877045830882,1004,1004.0,0,False
21,21,0,-7.652650630239627,1084,1084.0,0,False
21,22,13,-0.9194961172510876,1120,1120.0,0,False
21,23,4,19.42512253849927,1162,1162.0,0,False
21,24,7,-4.119837224569611,1235,1235.0,0,False
21,25,6,-15.106362697108441,1274,1274.0,0,False
21,26,18,-14.972748739221634,1329,1329.0,0,False
21,27,19,-1.6106564688903227,1374,1374.0,0,False
21,28,3,-9.52025132103179,1439,1439.0,0,False
21,29,14,-13.076980986764896,1472,1472.0,0,False
21,30,5,86.54390562383122,1528,1528.0,0,False
21,31,0,5.5500664411842635,1559,1559.0,0,False
21,32,19,-5.124471735036096,1598,1598.0,0,False
21,33,2,-19.619549624791816,1671,1671.0,0,False
21,34,14,-28.95449123746306,1721,1721.0,0,False
21,35,11,-20.705203505619906,1792,1792.0,0,False
21,36,3,5.475685437881378,1822,1822.0,0,False
21,37,18,-13.593200999812439,1872,1872.0,0,False
21,38,19,-6.898450724691509,1928,1928.0,0,False
21,39,12,-11.77484618023311,2009,2009.0,0,False
21,40,12,1.9433044019854986,2047,2047.0,0,False
21,41,6,-16.663570242858775,2090,2090.0,0,False
21,42,9,-27.019982261966934,2162,2162.0,0,False
21,43,14,-10.452087005575788,2204,2204.0,0,False
21,44,2,-9.420532149658008,2254,2254.0,0,False
21,45,18,-10.151975746709523,2291,2291.0,0,False
21,46,13,-13.073983572957578,2328,2328.0,0,False
21,47,13,-14.769289259657238,2366,2366.0,0,False
21,48,17,-14.172224559438625,2428,2428.0,0,False
21,49,14,-15.223343480715764,2468,2468.0,0,False
21,50,0,-3.0465829538386213,2519,2519.0,0,False
21,51,3,-6.546181780677998,2569,2569.0,0,False
21,52,15,-16.8866245437198,2635,2635.0,0,False
21,53,0,-5.248253314695393,2673,2673.0,0,False
21,54,0,-11.816068854332073,2715,2715.0,0,False
21,55,14,-24.995272103561604,2753,2753.0,0,False
21,56,7,-16.823651831165648,2817,2817.0,0,False
21,57,3,-14.41370718496097,2851,2851.0,0,False
21,58,18,-26.242701662152832,2884,2884.0,0,False
21,59,11,-29.80598534331687,2926,2926.0,0,False
21,60,3,-32.561426636928466,2971,2971.0,0,False
21,61,16,-28.249367532260635,3049,3049.0,0,False
21,62,11,-13.659439222558547,3109,3109.0,0,False
21,63,18,-12.802919919282033,3146,3146.0,0,False
21,64,18,-17.009095640167807,3182,3182.0,0,False
21,65,7,-2.950810661591454,3232,3232.0,0,False
21,66,12,-18.397746534968935,3300,3300.0,0,False
21,67,8,-26.622991609579945,3336,3336.0,0,False
21,68,8,-33.210932504912115,3405,3405.0,0,False
21,69,2,-34.75622563857469,3442,3442.0,0,False
21,70,12,-34.320538473793206,3484,3484.0,0,False
21,71,12,-9.56475379013726,3552,3552.0,0,False
21,72,17,-43.03619961765175,3592,3592.0,0,False
21,73,9,-53.493160214539856,3637,3637.0,0,False
21,74,9,-54.05330678137114,3691,3691.0,0,False
21,75,6,-58.18308533800648,3737,3737.0,0,False
21,76,19,-60.06156523817109,3774,3774.0,0,False
21,77,19,-58.849653496893424,3814,3814.0,0,False
21,78,13,-64.53671180500238,3863,3863.0,0,False
21,79,6,-73.86654001380703,3901,3901.0,0,False
21,80,11,-77.22972518719133,3947,3947.0,0,False
21,81,0,-50.5404313037927,3979,3979.0,0,False
21,82,2,-90.51195528649566,4020,4020.0,0,False
21,83,15,-88.96170941532579,4055,4055.0,0,False
21,84,15,-76.46251792257448,4100,4100.0,0,False
21,85,9,-88.36278662843185,4142,4142.0,0,False
21,86,6,-93.58830120545909,4177,4177.0,0,False
21,87,2,-35.902933838744644,4207,4207.0,0,False
21,88,19,-81.83472611147829,4262,4262.0,0,False
21,89,10,-5.209134140512985,4318,4318.0,0,False
21,90,6,52.20635822690423,4363,4363.0,0,False
21,91,15,-11.262443046041101,4406,4406.0,0,False
21,92,9,-23.593667622537307,4437,4437.0,0,False
21,93,17,-12.27626493547873,4481,4481.0,0,False
21,94,17,-22.935896925282776,4551,4551.0,0,False
21,95,16,-26.060454835112314,4591,4591.0,0,False
21,96,11,-28.818616377250276,4639,4639.0,0,False
21,97,18,22.340378498269523,4684,4684.0,0,False
21,98,16,-35.76552732196909,4733,4733.0,0,False
21,99,9,-38.17895836652328,4771,4771.0,0,False
21,100,11,-41.80052652541023,4819,4819.0,0,False
21,101,17,-23.886376210326944,4852,4852.0,0,False
21,102,14,-46.89140831607456,4894,4894.0,0,False
21,103,9,-48.78270697254527,4925,4925.0,0,False
21,104,10,-46.11523100207105,4958,4958.0,0,False
21,105,3,-52.83523020551219,5002,5002.0,0,False
21,106,15,-52.88508284212203,5031,5031.0,0,False
21,107,10,-54.367949657479684,5088,5088.0,0,False
21,108,9,0.8824096790752805,5120,5120.0,0,False
21,109,3,-31.692194208216726,5161,5161.0,0,False
21,110,15,-31.789854281343473,5206,5206.0,0,False
21,111,10,-62.90442010514576,5243,5243.0,0,False
21,112,13,-72.98361080133822,5293,5293.0,0,False
21,113,16,-86.45446385460961,5329,5329.0,0,False
21,114,8,-81.29951622324889,5372,5372.0,0,False
21,115,8,-86.35760368541236,5404,5404.0,0,False
21,116,11,-83.5466108289938,5446,5446.0,0,False
21,117,13,-95.9747116456906,5490,5490.0,0,False
21,118,10,-86.85515214274335,5544,5544.0,0,False
21,119,14,-36.519777752766004,5605,5605.0,0,False
21,120,13,-88.09325291407785,5646,5646.0,0,False
21,121,10,-99.30250438107376,5683,5683.0,0,False
21,122,8,-109.09708751526738,5749,5749.0,0,False
21,123,1,-4.295003186235462,5790,5790.0,0,False
21,124,10,4.6684530826828095,5827,5827.0,0,False
21,125,10,18.907758638238363,5876,5876.0,0,False
21,126,8,53.7007794715717,5909,5909.0,0,False
21,127,16,-20.650223036482394,5969,5969.0,0,False
21,128,1,-11.889561096065,5999,5999.0,0,False
21,129,1,-14.975295523339174,6042,6042.0,0,False
21,130,16,-30.814726712804077,6116,6116.0,0,False
21,131,1,-24.76580930380755,6157,6157.0,0,False
21,132,1,-31.410441293611594,6201,6201.0,0,False
21,133,16,-20.753635738056037,6236,6236.0,0,False
21,134,1,-25.320104166666667,6267,6267.0,0,False
22,1,5,15.935345730509507,36,36.0,0,False
22,2,14,1.4085497518696855,84,84.0,0,False
22,3,7,-7.397111456872459,143,143.0,0,False
22,4,0,-16.72660608815396,223,223.0,0,False
22,5,2,-36.07777798257622,297,297.0,0,False
22,6,14,-5.760712810883504,310,310.0,0,False
22,7,7,-11.361261650636603,343,343.0,0,False
22,8,3,-21.802122888915225,408,408.0,0,False
22,9,18,-37.44282554160804,463,463.0,0,False
22,10,5,-27.64283779329499,496,496.0,0,False
22,11,7,13.963844695815258,550,550.0,0,False
22,12,6,-10.730535351889845,625,625.0,0,False
22,13,17,-16.70041583266041,687,687.0,0,False
22,14,1,-28.623096475472973,743,743.0,0,False
22,15,0,2.344704203035903,774,774.0,0,False
22,16,7,2.2698923319737094,847,847.0,0,False
22,17,6,-3.839787252467822,885,885.0,0,False
22,18,1,-11.543471538795266,915,915.0,0,False
22,19,13,1.7779010070065198,958,958.0,0,False
22,20,19,-14.403566645897214,1017,1017.0,0,False
22,21,9,-29.602842473852192,1089,1089.0,0,False
22,22,0,-4.471234318029438,1140,1140.0,0,False
22,23,15,-9.087385083746547,1191,1191.0,0,False
22,24,4,-31.82548080260975,1267,1267.0,0,False
22,25,13,-0.5105650512924651,1298,1298.0,0,False
22,26,14,-2.063255793852088,1343,1343.0,0,False
22,27,16,-11.742816667998673,1421,1421.0,0,False
22,28,6,-7.138469480945214,1455,1455.0,0,False
22,29,13,-10.501713356958842,1492,1492.0,0,False
22,30,10,-9.592153693404718,1548,1548.0,0,False
22,31,4,-1.9561280420270943,1583,1583.0,0,False
22,32,14,-4.925666049268157,1625,1625.0,0,False
22,33,11,-12.204344930664895,1696,1696.0,0,False
22,34,12,-20.909937908248757,1777,1777.0,0,False
22,35,4,-13.34321660032133,1817,1817.0,0,False
22,36,3,1.467811444546001,1852,1852.0,0,False
22,37,2,-11.643376933181585,1892,1892.0,0,False
22,38,4,-14.234870030806679,1927,1927.0,0,False
22,39,18,-24.9714789671436,1977,1977.0,0,False
22,40,17,-28.387913076481208,2017,2017.0,0,False
22,41,13,-34.29653609148964,2055,2055.0,0,False
22,42,18,-23.79552434280245,2092,2092.0,0,False
22,43,5,-33.95223591074005,2145,2145.0,0,False
22,44,13,-31.542653517241245,2194,2194.0,0,False
22,45,9,-42.55169019884666,2239,2239.0,0,False
22,46,13,-46.72010861340283,2289,2289.0,0,False
22,47,17,-41.51355792240884,2333,2333.0,0,False
22,48,5,-57.5691327872364,2406,2406.0,0,False
22,49,13,-47.1425235755828,2445,2445.0,0,False
22,50,14,-62.237832174879145,2485,2485.0,0,False
22,51,4,-65.58451371373721,2535,2535.0,0,False
22,52,3,-59.34645459843895,2590,2590.0,0,False
22,53,14,-71.59098080802252,2633,2633.0,0,False
22,54,18,-75.07128719300027,2666,2666.0,0,False
22,55,5,12.114767337848136,2722,2722.0,0,False
22,56,13,-44.26917305797642,2763,2763.0,0,False
22,57,1,-84.33832468642068,2806,2806.0,0,False
22,58,3,-78.20251906630516,2840,2840.0,0,False
22,59,4,-84.08197306659221,2882,2882.0,0,False
22,60,2,-95.1231418541567,2955,2955.0,0,False
22,61,0,-89.55534226902824,2993,2993.0,0,False
22,62,0,-95.96150789851603,3035,3035.0,0,False
22,63,0,-72.46833234676947,3067,3067.0,0,False
22,64,11,-110.5777836285304,3109,3109.0,0,False
22,65,14,-108.67448061273336,3151,3151.0,0,False
22,66,14,-45.712073294349224,3207,3207.0,0,False
22,67,6,-116.11912478059678,3250,3250.0,0,False
22,68,15,-113.73043322163713,3285,3285.0,0,False
22,69,18,-126.18121030796235,3322,3322.0,0,False
22,70,3,-126.11394207754907,3367,3367.0,0,False
22,71,7,-126.61447103877452,3431,3431.0,0,False
22,72,19,-129.79223312589755,3476,3476.0,0,False
22,73,18,-138.7479072921653,3517,3517.0,0,False
22,74,7,-123.6901274182305,3567,3567.0,0,False
22,75,6,-153.5646417743737,3613,3613.0,0,False
22,76,3,-147.4763786500718,3652,3652.0,0,False
22,77,11,-147.08488511249402,3712,3712.0,0,False
22,78,19,-147.84509573958832,3746,3746.0,0,False
22,79,3,-126.7313150823883,3787,3787.0,0,False
22,80,1,-160.59339157491624,3828,3828.0,0,False
22,81,19,-159.29030397319292,3884,3884.0,0,False
22,82,1,-170.4751260571246,3928,3928.0,0,False
22,83,6,-172.27154220520185,3966,3966.0,0,False
22,84,6,-175.54568772937608,3996,3996.0,0,False
22,85,19,-178.79635710866444,4033,4033.0,0,False
22,86,19,-172.42943992340832,4073,4073.0,0,False
22,87,19,-164.44369205556802,4123,4123.0,0,False
22,88,17,-190.1349688846338,4193,4193.0,0,False
22,89,1,-186.9699155131376,4229,4229.0,0,False
22,90,18,-129.8754069165702,4274,4274.0,0,False
22,91,2,-198.0788335726823,4324,4324.0,0,False
22,92,2,-203.5657483644487,4361,4361.0,0,False
22,93,2,-207.75287378330938,4397,4397.0,0,False
22,94,15,-195.1327309717568,4442,4442.0,0,False
22,95,17,-178.831106772911,4475,4475.0,0,False
22,96,9,-207.59694670496248,4524,4524.0,0,False
22,97,12,-205.23846816658687,4567,4567.0,0,False
22,98,11,-216.20803973192915,4613,4613.0,0,False
22,99,2,-162.4587021749479,4643,4643.0,0,False
22,100,6,-165.6336218818148,4688,4688.0,0,False
22,101,10,-227.3258066060316,4721,4721.0,0,False
22,102,11,-238.7042053614169,4769,4769.0,0,False
22,103,9,-248.61215015158766,4811,4811.0,0,False
22,104,15,-242.4195236955481,4849,4849.0,0,False
22,105,12,-231.47590234561991,4917,4917.0,0,False
22,106,8,-20.874022658369235,4997,4997.0,0,False
22,107,11,-9.053451412158928,5045,5045.0,0,False
22,108,11,-8.80759569235389,5087,5087.0,0,False
22,109,15,-15.910258496888462,5121,5121.0,0,False
22,110,15,2.966402153218546,5171,5171.0,0,False
22,111,16,-33.035998085208234,5211,5211.0,0,False
22,112,8,-39.229118397957556,5242,5242.0,0,False
22,113,12,-40.06110100526568,5284,5284.0,0,False
22,114,8,-28.670494654539652,5353,5353.0,0,False
22,115,12,-5.745726982161436,5421,5421.0,0,False
22,116,10,-40.05684059358545,5478,5478.0,0,False
22,117,16,-46.4040713259933,5522,5522.0,0,False
22,118,9,-42.32584330620711,5553,5553.0,0,False
22,119,16,-41.33013164193394,5594,5594.0,0,False
22,120,10,-37.8504499760651,5626,5626.0,0,False
22,121,8,-51.3123950853678,5669,5669.0,0,False
22,122,8,-56.08228737833094,5701,5701.0,0,False
22,123,16,-56.31959071325993,5766,5766.0,0,False
22,124,10,-55.361610818573475,5815,5815.0,0,False
22,125,10,-52.8474581139301,5847,5847.0,0,False
22,126,10,-58.47320009573959,5884,5884.0,0,False
22,127,8,-71.14483165789053,5945,5945.0,0,False
22,128,8,-16.18523579197914,5978,5978.0,0,False
22,129,10,-45.774437180868034,6027,6027.0,0,False
22,130,9,-84.37922530716452,6065,6065.0,0,False
22,131,9,-86.99986197542682,6091,6091.0,0,False
22,132,9,-29.39496614209351,6123,6123.0,0,False
22,133,16,-83.1067041646721,6192,6192.0,0,False
22,134,16,-72.63038194444444,6227,6227.0,0,False
23,1,14,17.97624176371099,23,23.0,0,False
23,2,9,2.867565870277902,80,80.0,0,False
23,3,12,-6.321913219660736,161,161.0,0,False
23,4,6,-27.114662897229735,236,236.0,0,False
23,5,8,-39.29612045539071,316,316.0,0,False
23,6,1,-35.79164726922398,357,357.0,0,False
23,7,8,-9.639930398899462,373,373.0,0,False
23,8,15,-24.02829492756243,439,439.0,0,False
23,9,7,-37.785040117441916,498,498.0,0,False
23,10,14,-31.64637351332438,531,531.0,0,False
23,11,7,-31.859754944867326,564,564.0,0,False
23,12,11,-44.76923128040743,635,635.0,0,False
23,13,8,3.5800150608702044,689,689.0,0,False
23,14,19,-1.5136981833519485,733,733.0,0,False
23,15,7,-2.872784132699735,797,797.0,0,False
23,16,14,-20.22246465092643,847,847.0,0,False
23,17,3,-20.498348779062113,912,912.0,0,False
23,18,19,-0.0563933925599418,957,957.0,0,False
23,19,17,-11.453825600370234,1019,1019.0,0,False
23,20,14,-2.338423742563176,1061,1061.0,0,False
23,21,14,-1.5621026498887582,1101,1101.0,0,False
23,22,12,-1.359527671089877,1144,1144.0,0,False
23,23,12,-3.4802544318074133,1212,1212.0,0,False
23,24,14,-14.324362351654056,1255,1255.0,0,False
23,25,1,-16.278934634486035,1285,1285.0,0,False
23,26,14,-18.747250551155464,1327,1327.0,0,False
23,27,6,-24.764231901589262,1370,1370.0,0,False
23,28,6,-26.28377308789902,1409,1409.0,0,False
23,29,3,-17.341940081984028,1439,1439.0,0,False
23,30,14,56.07059819235855,1500,1500.0,0,False
23,31,8,-37.24057025143642,1543,1543.0,0,False
23,32,19,-36.20630080350104,1582,1582.0,0,False
23,33,3,-40.85158160379297,1637,1637.0,0,False
23,34,2,-19.10435399931274,1711,1711.0,0,False
23,35,4,-28.10098437037451,1787,1787.0,0,False
23,36,19,-19.254652993617572,1843,1843.0,0,False
23,37,8,-5.388215220350729,1875,1875.0,0,False
23,38,0,-10.097511357816883,1955,1955.0,0,False
23,39,19,-8.6204856664916,1992,1992.0,0,False
23,40,1,-2.9752707734801334,2035,2035.0,0,False
23,41,13,-12.358449103971209,2093,2093.0,0,False
23,42,5,-28.809845279861417,2169,2169.0,0,False
23,43,15,-7.34232064088343,2204,2204.0,0,False
23,44,5,-18.98618642833602,2232,2232.0,0,False
23,45,7,-11.319138261757933,2305,2305.0,0,False
23,46,8,-24.31170702477168,2371,2371.0,0,False
23,47,16,-29.47298043076438,2449,2449.0,0,False
23,48,17,-9.79762856641036,2489,2489.0,0,False
23,49,0,-11.372501707023943,2525,2525.0,0,False
23,50,5,-15.477049096839982,2578,2578.0,0,False
23,51,8,63.20203146732133,2616,2616.0,0,False
23,52,13,-16.373935565482178,2652,2652.0,0,False
23,53,15,-15.536720021600848,2697,2697.0,0,False
23,54,15,-20.110072657094282,2740,2740.0,0,False
23,55,9,-34.88246660949259,2785,2785.0,0,False
23,56,0,-22.284471820418297,2831,2831.0,0,False
23,57,0,-30.11186446121728,2869,2869.0,0,False
23,58,13,-35.603114661956,2906,2906.0,0,False
23,59,3,-30.189182591938334,2935,2935.0,0,False
23,60,7,-44.78147422514854,2999,2999.0,0,False
23,61,16,-51.70204753492854,3039,3039.0,0,False
23,62,11,-53.797698731331295,3081,3081.0,0,False
23,63,19,-52.410823831700654,3121,3121.0,0,False
23,64,12,-53.01321984904448,3163,3163.0,0,False
23,65,10,-6.02282961297575,3219,3219.0,0,False
23,66,5,-18.731918259193833,3292,3292.0,0,False
23,67,6,-15.843923772817298,3335,3335.0,0,False
23,68,6,-22.736762218296665,3381,3381.0,0,False
23,69,12,10.543802439782457,3449,3449.0,0,False
23,70,10,-17.961033402922755,3482,3482.0,0,False
23,71,7,-9.735283761694156,3532,3532.0,0,False
23,72,4,-34.30197125421551,3567,3567.0,0,False
23,73,13,-40.03335153364381,3605,3605.0,0,False
23,74,6,-49.460721588780046,3643,3643.0,0,False
23,75,3,-43.59452384775976,3683,3683.0,0,False
23,76,16,-40.50600851132166,3732,3732.0,0,False
23,77,18,-19.396268936352442,3787,3787.0,0,False
23,78,5,50.58847072225791,3843,3843.0,0,False
23,79,1,-9.463222257909106,3884,3884.0,0,False
23,80,2,-18.355149617258174,3924,3924.0,0,False
23,81,18,-23.87918607140945,3969,3969.0,0,False
23,82,2,-25.631920935710077,4042,4042.0,0,False
23,83,6,-27.338796102992344,4077,4077.0,0,False
23,84,2,-34.07853567796157,4127,4127.0,0,False
23,85,6,23.766655402994132,4172,4172.0,0,False
23,86,18,-32.861765162464536,4204,4204.0,0,False
23,87,11,-40.42035892082865,4264,4264.0,0,False
23,88,16,-55.4533579572828,4305,4305.0,0,False
23,89,11,-44.79772924361651,4351,4351.0,0,False
23,90,17,-46.771557732455435,4395,4395.0,0,False
23,91,16,-67.21692227396821,4460,4460.0,0,False
23,92,0,-51.9347350248916,4502,4502.0,0,False
23,93,10,-56.19538622129436,4559,4559.0,0,False
23,94,3,-54.71603741769712,4598,4598.0,0,False
23,95,4,-64.84421471013329,4638,4638.0,0,False
23,96,10,-66.37632407258712,4675,4675.0,0,False
23,97,11,-73.1882254697286,4723,4723.0,0,False
23,98,11,-75.65658503292116,4766,4766.0,0,False
23,99,1,-86.55879877950859,4810,4810.0,0,False
23,100,19,-72.91156128020502,4865,4865.0,0,False
23,101,17,-93.57054360044965,4935,4935.0,0,False
23,102,4,-90.62364300626304,4970,4970.0,0,False
23,103,11,-90.31011893155565,5012,5012.0,0,False
23,104,16,-118.25316237652868,5086,5086.0,0,False
23,105,13,-103.68994539906856,5135,5135.0,0,False
23,106,10,-97.91504978320219,5184,5184.0,0,False
23,107,0,-78.10672335412958,5216,5216.0,0,False
23,108,10,-109.53294042074836,5253,5253.0,0,False
23,109,9,-119.01067501739735,5307,5307.0,0,False
23,110,10,-109.82067528504898,5344,5344.0,0,False
23,111,2,-126.46557116856698,5381,5381.0,0,False
23,112,16,-103.57031082717734,5421,5421.0,0,False
23,113,13,-128.2127589529468,5471,5471.0,0,False
23,114,2,-137.18385284513676,5512,5512.0,0,False
23,115,15,-135.4733322627268,5546,5546.0,0,False
23,116,17,-122.22652655661724,5579,5579.0,0,False
23,117,3,-107.07939904055482,5620,5620.0,0,False
23,118,18,-142.4372646003961,5653,5653.0,0,False
23,119,2,-86.89223175948567,5683,5683.0,0,False
23,120,15,-121.2100349179903,5733,5733.0,0,False
23,121,9,-160.65413976767837,5775,5775.0,0,False
23,122,18,-165.38627535999143,5812,5812.0,0,False
23,123,13,-169.2216661313634,5856,5856.0,0,False
23,124,9,-177.52054654461753,5887,5887.0,0,False
23,125,1,-148.1357374750192,5923,5923.0,0,False
23,126,9,-163.42578100744072,5956,5956.0,0,False
23,127,18,-170.05749986617417,5997,5997.0,0,False
23,128,13,-163.6328298025623,6038,6038.0,0,False
23,129,4,-180.45176650072264,6088,6088.0,0,False
23,130,10,-158.12675349173847,6137,6137.0,0,False
23,131,4,-191.92612414239957,6179,6179.0,0,False
23,132,18,-143.34788651197556,6224,6224.0,0,False
23,133,9,-207.5813021251539,6255,6255.0,0,False
23,134,9,-153.83413194444444,6287,6287.0,0,False
24,1,5,15.901409267210916,36,36.0,0,False
24,2,5,16.79983775199617,49,49.0,0,False
24,3,4,-0.8290710201413081,125,125.0,0,False
24,4,13,-10.739940699853452,183,183.0,0,False
24,5,12,-19.39665499080632,264,264.0,0,False
24,6,3,-30.952425233936516,329,329.0,0,False
24,7,1,-43.54683334995634,385,385.0,0,False
24,8,5,-12.652020453890866,423,423.0,0,False
24,9,8,-27.659822337442122,488,488.0,0,False
24,10,6,-44.23237878230354,563,563.0,0,False
24,11,5,-36.648551994241245,636,636.0,0,False
24,12,8,0.3981373482573005,672,672.0,0,False
24,13,8,-5.8673354777509665,741,741.0,0,False
24,14,4,-5.295203202140687,776,776.0,0,False
24,15,8,-13.63020711141085,819,819.0,0,False
24,16,6,-23.230737967820613,862,862.0,0,False
24,17,13,-25.21754433074596,898,898.0,0,False
24,18,0,-4.70066022203806,963,963.0,0,False
24,19,1,-4.922815500240544,988,988.0,0,False
24,20,7,-21.752893908444662,1047,1047.0,0,False
24,21,18,-33.1095028127864,1102,1102.0,0,False
24,22,15,-36.75144754815289,1168,1168.0,0,False
24,23,6,-11.843801468697727,1207,1207.0,0,False
24,24,12,4.2534449335214255,1250,1250.0,0,False
24,25,5,84.17260326520002,1306,1306.0,0,False
24,26,0,-2.1157155661345595,1342,1342.0,0,False
24,27,16,-10.467131429068251,1420,1420.0,0,False
24,28,15,4.1420178820704745,1450,1450.0,0,False
24,29,0,3.8122271905673113,1501,1501.0,0,False
24,30,16,-3.8391700377600984,1541,1541.0,0,False
24,31,7,-3.862874676243651,1569,1569.0,0,False
24,32,13,-7.647203218697497,1606,1606.0,0,False
24,33,7,-13.551517836033442,1670,1670.0,0,False
24,34,18,-22.02026002384714,1720,1720.0,0,False
24,35,14,-16.008726816142676,1783,1783.0,0,False
24,36,8,-9.186028072639502,1815,1815.0,0,False
24,37,3,-8.236810453374769,1850,1850.0,0,False
24,38,18,-6.154202725217302,1887,1887.0,0,False
24,39,14,-9.40996769984422,1915,1915.0,0,False
24,40,3,-7.549321686631213,1970,1970.0,0,False
24,41,6,-18.98536726256804,2013,2013.0,0,False
24,42,9,-1.3367570192598244,2070,2070.0,0,False
24,43,19,-21.269222098372165,2129,2129.0,0,False
24,44,14,-13.324212144706857,2174,2174.0,0,False
24,45,7,-21.588363327059703,2247,2247.0,0,False
24,46,8,-34.5119456346652,2313,2313.0,0,False
24,47,7,-36.82484116550333,2372,2372.0,0,False
24,48,0,-12.196577941224326,2405,2405.0,0,False
24,49,3,-16.74225786352565,2434,2434.0,0,False
24,50,6,-36.000122403688195,2480,2480.0,0,False
24,51,14,-33.937768062966995,2522,2522.0,0,False
24,52,0,-25.10686835665355,2559,2559.0,0,False
24,53,7,-0.5408227104096213,2609,2609.0,0,False
24,54,11,-11.814789080752519,2665,2665.0,0,False
24,55,0,38.50390682620965,2697,2697.0,0,False
24,56,14,-24.49376949654542,2737,2737.0,0,False
24,57,18,-27.919213392779643,2770,2770.0,0,False
24,58,9,-36.72736366391684,2815,2815.0,0,False
24,59,6,-41.69251444780234,2853,2853.0,0,False
24,60,13,-43.86231986639097,2891,2891.0,0,False
24,61,19,-50.66068076984253,2936,2936.0,0,False
24,62,1,-24.83503737871799,2979,2979.0,0,False
24,63,6,-31.733840994645032,3014,3014.0,0,False
24,64,4,-30.26966359153809,3054,3054.0,0,False
24,65,11,-34.88310720534436,3096,3096.0,0,False
24,66,2,-21.715382005195906,3170,3170.0,0,False
24,67,8,49.88504131099446,3208,3208.0,0,False
24,68,4,-7.063770478765706,3243,3243.0,0,False
24,69,4,-14.725616351200891,3293,3293.0,0,False
24,70,12,-13.435470812788294,3361,3361.0,0,False
24,71,17,-18.70013838078575,3423,3423.0,0,False
24,72,19,-13.578084141880069,3462,3462.0,0,False
24,73,3,-4.976029902974391,3507,3507.0,0,False
24,74,14,-17.92634086209639,3545,3545.0,0,False
24,75,16,-14.634017019246063,3594,3594.0,0,False
24,76,6,43.199196838052075,3639,3639.0,0,False
24,77,15,-16.591693176395736,3684,3684.0,0,False
24,78,19,-29.09441068872276,3740,3740.0,0,False
24,79,9,-41.75407825672021,3794,3794.0,0,False
24,80,9,-37.63339351041832,3836,3836.0,0,False
24,81,1,-39.38146333704469,3877,3877.0,0,False
24,82,12,-41.644471926196914,3919,3919.0,0,False
24,83,3,-48.369948306028306,3963,3963.0,0,False
24,84,4,-55.07924979123588,4005,4005.0,0,False
24,85,1,-64.80621361539686,4049,4049.0,0,False
24,86,11,-53.53793542229998,4109,4109.0,0,False
24,87,3,-28.322681513326486,4150,4150.0,0,False
24,88,19,-58.33801813265468,4187,4187.0,0,False
24,89,11,-65.37177270558294,4233,4233.0,0,False
24,90,2,-74.13216027782195,4273,4273.0,0,False
24,91,14,-69.99052727851121,4310,4310.0,0,False
24,92,1,-60.88232926629907,4346,4346.0,0,False
24,93,14,-16.28042721322035,4407,4407.0,0,False
24,94,17,-77.48453157308732,4447,4447.0,0,False
24,95,10,-12.341647049467156,4518,4518.0,0,False
24,96,12,19.063853614127943,4586,4586.0,0,False
24,97,13,-9.538327501192937,4635,4635.0,0,False
24,98,19,-10.589323206616827,4675,4675.0,0,False
24,99,19,-3.248568109445145,4725,4725.0,0,False
24,100,15,-14.617310322888498,4768,4768.0,0,False
24,101,11,-25.863306028312387,4816,4816.0,0,False
24,102,13,-33.4372474948306,4866,4866.0,0,False
24,103,9,-65.48401260899114,4897,4897.0,0,False
24,104,15,-34.20535867663432,4926,4926.0,0,False
24,105,17,-32.798678224908535,4970,4970.0,0,False
24,106,9,-43.52568342081544,5003,5003.0,0,False
24,107,9,-108.26284989227409,5029,5029.0,0,False
24,108,15,-16.650578139585285,5079,5079.0,0,False
24,109,13,-53.326561157944965,5123,5123.0,0,False
24,110,18,-61.70543369916759,5160,5160.0,0,False
24,111,2,-57.38124251100153,5233,5233.0,0,False
24,112,11,-57.46280499443295,5281,5281.0,0,False
24,113,17,-63.245709400349924,5351,5351.0,0,False
24,114,13,-54.91790405245392,5392,5392.0,0,False
24,115,16,-66.65205742007316,5433,5433.0,0,False
24,116,2,-75.2216147075977,5483,5483.0,0,False
24,117,10,-73.30481628757754,5516,5516.0,0,False
24,118,10,-74.56089470335613,5573,5573.0,0,False
24,119,17,-58.21980759459555,5606,5606.0,0,False
24,120,9,-29.183484582383407,5638,5638.0,0,False
24,121,10,-79.8580316526165,5675,5675.0,0,False
24,122,16,-93.82533402258629,5740,5740.0,0,False
24,123,10,-92.88064498170829,5789,5789.0,0,False
24,124,2,-99.3904305180001,5826,5826.0,0,False
24,125,11,-97.02899739917612,5868,5868.0,0,False
24,126,2,-111.42246328402524,5909,5909.0,0,False
24,127,10,-110.17161921425163,5946,5946.0,0,False
24,128,16,-107.44097582312708,6015,6015.0,0,False
24,129,16,-90.76794018300549,6050,6050.0,0,False
24,130,2,-57.33360005344183,6080,6080.0,0,False
24,131,10,-116.08460633052329,6122,6122.0,0,False
24,132,10,-97.83019456484277,6171,6171.0,0,False
24,133,18,-135.95970282593711,6212,6212.0,0,False
24,134,18,-87.1401991231275,6257,6257.0,0,False
25,1,15,29.091542425559048,26,26.0,0,False
25,2,8,-4.334376006131913,106,106.0,0,False
25,3,15,22.10316384693677,121,121.0,0,False
25,4,6,-11.343168932561241,196,196.0,0,False
25,5,6,-4.081693228413307,234,234.0,0,False
25,6,15,23.847086331397193,264,264.0,0,False
25,7,14,0.7317284793954215,312,312.0,0,False
25,8,5,-8.137838462921238,373,373.0,0,False
25,9,0,-8.03546027502546,438,438.0,0,False
25,10,0,7.029123462207938,469,469.0,0,False
25,11,13,-14.985394772036024,527,527.0,0,False
25,12,0,14.676779802714172,573,573.0,0,False
25,13,0,11.333206646889932,611,611.0,0,False
25,14,7,5.838764041411453,655,655.0,0,False
25,15,0,7.572181194221326,697,697.0,0,False
25,16,0,51.116088836029775,729,729.0,0,False
25,17,6,2.7722610324102526,763,763.0,0,False
25,18,7,0.7555171112655383,796,796.0,0,False
25,19,7,-5.909355986286592,865,865.0,0,False
25,20,6,-12.352528912396677,908,908.0,0,False
25,21,8,-18.55208882620709,944,944.0,0,False
25,22,5,-24.76633765520819,977,977.0,0,False
25,23,16,-4.749454706265858,1040,1040.0,0,False
25,24,13,-7.242995139672104,1076,1076.0,0,False
25,25,4,-21.89354558707563,1152,1152.0,0,False
25,26,2,-36.297544505597514,1226,1226.0,0,False
25,27,6,-26.761878916052712,1272,1272.0,0,False
25,28,7,-2.7464760760215103,1345,1345.0,0,False
25,29,3,-7.198602513941111,1410,1410.0,0,False
25,30,12,-20.03400336204747,1491,1491.0,0,False
25,31,7,-15.451812728992081,1555,1555.0,0,False
25,32,6,-3.1125302787458926,1588,1588.0,0,False
25,33,4,-7.313723270952253,1623,1623.0,0,False
25,34,13,-6.713712448395501,1660,1660.0,0,False
25,35,3,-6.631420247721595,1695,1695.0,0,False
25,36,6,-18.54189598188131,1730,1730.0,0,False
25,37,3,-14.350068358566602,1785,1785.0,0,False
25,38,19,-11.772214386204757,1844,1844.0,0,False
25,39,8,-14.797460874297109,1913,1913.0,0,False
25,40,5,-24.663058170066346,1966,1966.0,0,False
25,41,4,-26.402739592086647,2006,2006.0,0,False
25,42,7,26.77382496710318,2056,2056.0,0,False
25,43,3,-15.541458224165925,2090,2090.0,0,False
25,44,15,-17.232965667781382,2128,2128.0,0,False
25,45,13,-31.44666585552342,2166,2166.0,0,False
25,46,8,-38.939999520437695,2204,2204.0,0,False
25,47,4,-42.900814772749776,2239,2239.0,0,False
25,48,16,-49.145151780514034,2279,2279.0,0,False
25,49,5,-43.771697213642575,2352,2352.0,0,False
25,50,6,41.654654906951116,2397,2397.0,0,False
25,51,8,-49.13052102817191,2429,2429.0,0,False
25,52,3,-49.49007495946677,2474,2474.0,0,False
25,53,8,-56.38131643328414,2540,2540.0,0,False
25,54,1,-15.924888696980275,2596,2596.0,0,False
25,55,15,2.037467232099763,2625,2625.0,0,False
25,56,8,77.42710873481604,2658,2658.0,0,False
25,57,1,-6.766984080140937,2688,2688.0,0,False
25,58,5,74.06431198141644,2744,2744.0,0,False
25,59,2,-17.6827275106765,2784,2784.0,0,False
25,60,14,-24.469272412520457,2817,2817.0,0,False
25,61,4,-27.71569442224708,2867,2867.0,0,False
25,62,16,-24.671997762505995,2916,2916.0,0,False
25,63,3,-24.909260028767775,2960,2960.0,0,False
25,64,18,-19.465083106920247,3015,3015.0,0,False
25,65,16,-7.448715039156146,3056,3056.0,0,False
25,66,14,-19.44097410899792,3106,3106.0,0,False
25,67,1,-21.42405785520217,3149,3149.0,0,False
25,68,16,-31.38186830749561,3214,3214.0,0,False
25,69,19,-20.238580789515744,3259,3259.0,0,False
25,70,2,-29.626094241116615,3332,3332.0,0,False
25,71,19,-32.54372143199617,3371,3371.0,0,False
25,72,1,-31.569064248042196,3412,3412.0,0,False
25,73,16,-38.50714639603644,3486,3486.0,0,False
25,74,4,-36.434578472111234,3528,3528.0,0,False
25,75,9,-21.08182888498215,3600,3600.0,0,False
25,76,2,-17.296031111821428,3650,3650.0,0,False
25,77,11,-26.49262985456289,3721,3721.0,0,False
25,78,18,-28.05975307655426,3771,3771.0,0,False
25,79,15,0.592444658130006,3821,3821.0,0,False
25,80,1,-37.24482419689947,3865,3865.0,0,False
25,81,12,-39.721468754994405,3908,3908.0,0,False
25,82,11,-50.031811571040436,3950,3950.0,0,False
25,83,9,-60.54498694795162,3995,3995.0,0,False
25,84,2,-65.2456267646902,4032,4032.0,0,False
25,85,3,4.926298341577425,4073,4073.0,0,False
25,86,9,-37.75039928613286,4127,4127.0,0,False
25,87,14,-44.831404027489214,4169,4169.0,0,False
25,88,19,-48.875241329710725,4225,4225.0,0,False
25,89,13,-43.05154466996963,4274,4274.0,0,False
25,90,14,-53.58134089819402,4314,4314.0,0,False
25,91,1,-35.222243520590276,4350,4350.0,0,False
25,92,14,-53.54825875019978,4388,4388.0,0,False
25,93,16,-23.9565025782235,4423,4423.0,0,False
25,94,14,-61.781683714240046,4465,4465.0,0,False
25,95,2,-61.75707234563954,4506,4506.0,0,False
25,96,18,-64.70641201853924,4543,4543.0,0,False
25,97,12,-61.54120664855362,4606,4606.0,0,False
25,98,12,-65.80141361674924,4648,4648.0,0,False
25,99,13,-77.60387965478664,4698,4698.0,0,False
25,100,2,-23.98445269181117,4728,4728.0,0,False
25,101,13,-88.22278488093335,4772,4772.0,0,False
25,102,13,-83.52327023178484,4813,4813.0,0,False
25,103,11,-86.26984177720952,4873,4873.0,0,False
25,104,9,-92.8878781098503,4915,4915.0,0,False
25,105,19,-94.7884041873102,4952,4952.0,0,False
25,106,18,-104.26826833945981,4985,4985.0,0,False
25,107,11,-106.75724148953172,5031,5031.0,0,False
25,108,14,-38.915986201631355,5092,5092.0,0,False
25,109,12,-82.13355286103314,5160,5160.0,0,False
25,110,10,-16.944503755793512,5231,5231.0,0,False
25,111,9,-9.085143572532097,5262,5262.0,0,False
25,112,9,-12.834459538650044,5295,5295.0,0,False
25,113,10,-11.388889244046668,5328,5328.0,0,False
25,114,18,-374.4735880754732,5365,5365.0,0,False
25,115,10,-9.081699696340097,5422,5422.0,0,False
25,116,19,-19.044645996483936,5462,5462.0,0,False
25,117,17,-17.42567444462202,5524,5524.0,0,False
25,118,11,-7.69396356081189,5572,5572.0,0,False
25,119,9,-15.923712375472803,5603,5603.0,0,False
25,120,19,6.056324560806766,5653,5653.0,0,False
25,121,18,-138.42192295105673,5694,5694.0,0,False
25,122,17,-17.22102045708806,5734,5734.0,0,False
25,123,18,29.225389846163676,5779,5779.0,0,False
25,124,11,-30.751295349208885,5827,5827.0,0,False
25,125,11,-31.14616436772093,5869,5869.0,0,False
25,126,10,-20.66342016941026,5906,5906.0,0,False
25,127,17,-31.350202173565606,5950,5950.0,0,False
25,128,9,28.875422826434388,5982,5982.0,0,False
25,129,10,-31.329037877577107,6036,6036.0,0,False
25,130,10,-34.04102525171807,6073,6073.0,0,False
25,131,10,-35.40815007191945,6110,6110.0,0,False
25,132,10,-21.41450423858612,6159,6159.0,0,False
25,133,17,-50.725799105002395,6229,6229.0,0,False
25,134,17,-34.42576388888888,6262,6262.0,0,False
26,1,6,16.71773133815254,35,35.0,0,False
26,2,14,1.561195919405062,83,83.0,0,False
26,3,6,11.825057612352508,106,106.0,0,False
26,4,5,-3.8956442816153114,167,167.0,0,False
26,5,8,-19.830022151433223,247,247.0,0,False
26,6,4,-29.216325029247166,323,323.0,0,False
26,7,13,-39.49170081069289,381,381.0,0,False
26,8,13,-17.392413373137256,417,417.0,0,False
26,9,4,-22.41157404676654,452,452.0,0,False
26,10,7,-24.480940940427754,496,496.0,0,False
26,11,15,-37.57784659870942,562,562.0,0,False
26,12,0,-41.26239711043089,627,627.0,0,False
26,13,7,-37.530408490846256,660,660.0,0,False
26,14,5,-46.78918898717311,693,693.0,0,False
26,15,5,5.25804520388076,731,731.0,0,False
26,16,0,9.339586241916667,762,762.0,0,False
26,17,3,8.418341210297395,812,812.0,0,False
26,18,3,9.993167490591244,842,842.0,0,False
26,19,16,-13.615637741807314,920,920.0,0,False
26,20,6,-0.06832051789161753,954,954.0,0,False
26,21,16,2.75167674969064,994,994.0,0,False
26,22,0,9.051998938330428,1040,1040.0,0,False
26,23,6,-7.362145602695135,1083,1083.0,0,False
26,24,8,-13.216453927941577,1119,1119.0,0,False
26,25,13,-9.254864977731833,1156,1156.0,0,False
26,26,7,-14.721831883056618,1220,1220.0,0,False
26,27,7,-29.692069660992914,1293,1293.0,0,False
26,28,10,-6.763450103519034,1349,1349.0,0,False
26,29,2,-32.33925974701522,1423,1423.0,0,False
26,30,3,-17.916768960280393,1478,1478.0,0,False
26,31,0,2.7629998162212726,1516,1516.0,0,False
26,32,6,-12.305751773484513,1562,1562.0,0,False
26,33,13,-15.055224275949456,1600,1600.0,0,False
26,34,4,-10.969842147300444,1640,1640.0,0,False
26,35,18,-6.220688593121782,1680,1680.0,0,False
26,36,0,2.3048528261393884,1722,1722.0,0,False
26,37,0,46.27092502183691,1754,1754.0,0,False
26,38,19,-15.958392371267148,1813,1813.0,0,False
26,39,6,-15.542070487841887,1851,1851.0,0,False
26,40,8,-9.109780362907685,1920,1920.0,0,False
26,41,3,-3.5089749030716213,1954,1954.0,0,False
26,42,15,-9.02800036963181,1989,1989.0,0,False
26,43,15,-9.71084239281927,2034,2034.0,0,False
26,44,5,-29.37440958449247,2107,2107.0,0,False
26,45,7,-35.033838195509034,2171,2171.0,0,False
26,46,6,-31.402032096416505,2206,2206.0,0,False
26,47,4,-33.64911308051001,2241,2241.0,0,False
26,48,1,-15.442060055048472,2297,2297.0,0,False
26,49,15,-8.869990571445769,2340,2340.0,0,False
26,50,7,20.374423954913837,2390,2390.0,0,False
26,51,6,56.238900211853895,2435,2435.0,0,False
26,52,10,-27.77573230783664,2468,2468.0,0,False
26,53,10,-13.268314850525854,2525,2525.0,0,False
26,54,5,60.404258686664285,2581,2581.0,0,False
26,55,19,-25.24191125802501,2626,2626.0,0,False
26,56,1,-29.89609328178737,2656,2656.0,0,False
26,57,15,-31.267784361927884,2690,2690.0,0,False
26,58,13,-42.98576718853917,2739,2739.0,0,False
26,59,13,-45.78223265471609,2784,2784.0,0,False
26,60,10,-35.323349442822106,2821,2821.0,0,False
26,61,14,-47.426657617374644,2854,2854.0,0,False
26,62,15,-18.31414640108155,2904,2904.0,0,False
26,63,11,-20.2579463430214,2975,2975.0,0,False
26,64,16,-9.74585435962951,3024,3024.0,0,False
26,65,2,-10.806225380602575,3064,3064.0,0,False
26,66,8,-17.352669008836365,3107,3107.0,0,False
26,67,8,-22.174321835409348,3139,3139.0,0,False
26,68,8,-22.351116789098263,3205,3205.0,0,False
26,69,17,-16.348302459278187,3252,3252.0,0,False
26,70,14,-17.81147396997764,3302,3302.0,0,False
26,71,16,-19.490252315554137,3343,3343.0,0,False
26,72,13,-7.033126796550622,3382,3382.0,0,False
26,73,14,-17.99498882146279,3424,3424.0,0,False
26,74,8,39.921314609283506,3462,3462.0,0,False
26,75,4,-21.562599808367935,3512,3512.0,0,False
26,76,16,-21.354934525710636,3572,3572.0,0,False
26,77,4,-24.717417868803004,3614,3614.0,0,False
26,78,1,-30.170717023315238,3657,3657.0,0,False
26,79,1,-34.349131267965504,3698,3698.0,0,False
26,80,17,-44.93898914084957,3738,3738.0,0,False
26,81,19,-39.03564196742255,3777,3777.0,0,False
26,82,16,-50.31255828808687,3851,3851.0,0,False
26,83,11,-44.27921111465986,3888,3888.0,0,False
26,84,3,-51.31729479399553,3933,3933.0,0,False
26,85,9,-23.930195890556796,4005,4005.0,0,False
26,86,13,-4.3773891239930425,4046,4046.0,0,False
26,87,14,-25.859278185883102,4086,4086.0,0,False
26,88,9,-31.86514159480464,4131,4131.0,0,False
26,89,14,-39.203629830725006,4174,4174.0,0,False
26,90,19,-17.700336953050144,4230,4230.0,0,False
26,91,11,-26.790282657297986,4290,4290.0,0,False
26,92,16,-9.472917221157594,4330,4330.0,0,False
26,93,1,-28.419688597892044,4374,4374.0,0,False
26,94,12,-14.114182369849887,4455,4455.0,0,False
26,95,19,-12.416132226125837,4492,4492.0,0,False
26,96,9,-10.91666506973278,4546,4546.0,0,False
26,97,9,-14.330794740764398,4588,4588.0,0,False
26,98,2,-20.28103055466837,4661,4661.0,0,False
26,99,18,-23.48798041094432,4711,4711.0,0,False
26,100,17,-26.821421271159373,4755,4755.0,0,False
26,101,12,-17.68471414883424,4793,4793.0,0,False
26,102,14,-32.72178537208559,4835,4835.0,0,False
26,103,3,-28.970111785372087,4879,4879.0,0,False
26,104,3,1.005385790149802,4915,4915.0,0,False
26,105,1,-27.960607954948724,4951,4951.0,0,False
26,106,9,-40.33318854466092,4977,4977.0,0,False
26,107,17,-60.12792166313405,5047,5047.0,0,False
26,108,14,9.386692251618172,5108,5108.0,0,False
26,109,11,-52.37679814755669,5154,5154.0,0,False
26,110,9,-61.780117640796334,5192,5192.0,0,False
26,111,10,-54.76932130309805,5246,5246.0,0,False
26,112,12,-65.08531299904185,5314,5314.0,0,False
26,113,12,-63.40226285531779,5356,5356.0,0,False
26,114,17,-54.487130564870995,5389,5389.0,0,False
26,115,2,-82.26200628127329,5439,5439.0,0,False
26,116,18,-75.11904396891302,5471,5471.0,0,False
26,117,10,-73.99999520919835,5508,5508.0,0,False
26,118,19,-80.02065633982753,5548,5548.0,0,False
26,119,2,-86.94552113275843,5585,5585.0,0,False
26,120,9,-92.43909720004258,5616,5616.0,0,False
26,121,12,-62.78129548040378,5684,5684.0,0,False
26,122,19,-90.72973473438286,5739,5739.0,0,False
26,123,2,-100.94896891302034,5780,5780.0,0,False
26,124,2,-45.48921257209917,5810,5810.0,0,False
26,125,11,-109.39662727563078,5858,5858.0,0,False
26,126,11,-111.61857713190673,5901,5901.0,0,False
26,127,9,-60.41317052370559,5933,5933.0,0,False
26,128,11,-120.68962984489269,5975,5975.0,0,False
26,129,18,-133.73065527520495,6008,6008.0,0,False
26,130,18,-139.33993984882358,6045,6045.0,0,False
26,131,10,-138.87855637176622,6087,6087.0,0,False
26,132,10,-120.5899452606551,6136,6136.0,0,False
26,133,18,-158.75000692004684,6177,6177.0,0,False
26,134,18,-109.9082298136646,6222,6222.0,0,False
27,1,13,26.3884585230582,18,18.0,0,False
27,2,5,-3.7417791754705245,94,94.0,0,False
27,3,7,-9.094555629460384,153,153.0,0,False
27,4,6,-25.754737525030077,228,228.0,0,False
27,5,7,8.023468857383996,241,241.0,0,False
27,6,11,-17.683097428139554,312,312.0,0,False
27,7,6,-16.309330419691932,355,355.0,0,False
27,8,16,-28.75068924878839,433,433.0,0,False
27,9,19,-38.14555703962361,492,492.0,0,False
27,10,0,-46.76341897721558,572,572.0,0,False
27,11,8,-66.12311473030097,652,652.0,0,False
27,12,7,-7.538587234499424,706,706.0,0,False
27,13,4,-30.416079827618233,782,782.0,0,False
27,14,2,-44.85033407906792,856,856.0,0,False
27,15,7,-33.91500185253369,929,929.0,0,False
27,16,7,-43.608145311944426,993,993.0,0,False
27,17,5,-6.033106869817239,1021,1021.0,0,False
27,18,7,31.566725890087522,1071,1071.0,0,False
27,19,19,-17.892273595463944,1116,1116.0,0,False
27,20,16,-24.142508807268612,1156,1156.0,0,False
27,21,16,-18.288660387745253,1205,1205.0,0,False
27,22,0,-17.577152195516497,1241,1241.0,0,False
27,23,16,-23.154628166540526,1282,1282.0,0,False
27,24,0,-27.831475192739013,1333,1333.0,0,False
27,25,0,-27.243264916769643,1371,1371.0,0,False
27,26,12,1.826148014953084,1437,1437.0,0,False
27,27,4,-4.271592149281494,1472,1472.0,0,False
27,28,14,-21.151861956957738,1535,1535.0,0,False
27,29,2,-15.986968592741828,1575,1575.0,0,False
27,30,10,-22.341777567497743,1646,1646.0,0,False
27,31,3,-32.69780045688283,1711,1711.0,0,False
27,32,0,-23.007383538919896,1753,1753.0,0,False
27,33,8,-36.42438536548213,1789,1789.0,0,False
27,34,1,-41.64393195548343,1845,1845.0,0,False
27,35,0,16.534850091751096,1877,1877.0,0,False
27,36,10,-37.995813089805836,1910,1910.0,0,False
27,37,3,-43.47012509589191,1945,1945.0,0,False
27,38,15,-51.442811893537396,2011,2011.0,0,False
27,39,4,-4.269869670433674,2051,2051.0,0,False
27,40,10,-9.248767407525332,2108,2108.0,0,False
27,41,4,-7.681117022097423,2143,2143.0,0,False
27,42,5,-16.747544275617095,2196,2196.0,0,False
27,43,8,-25.835513701290335,2265,2265.0,0,False
27,44,19,-29.02096864353598,2304,2304.0,0,False
27,45,15,-19.634494728696307,2339,2339.0,0,False
27,46,3,-24.49806850654778,2394,2394.0,0,False
27,47,3,-26.83157484931077,2428,2428.0,0,False
27,48,2,-41.43998486463121,2501,2501.0,0,False
27,49,4,-42.391553790991026,2551,2551.0,0,False
27,50,4,-23.98253753077047,2593,2593.0,0,False
27,51,3,-51.43505537184457,2638,2638.0,0,False
27,52,15,-46.885316971624334,2683,2683.0,0,False
27,53,15,-51.54836454466151,2726,2726.0,0,False
27,54,11,-62.17324869159835,2768,2768.0,0,False
27,55,6,-62.185384092541995,2802,2802.0,0,False
27,56,16,-69.9890549662488,2867,2867.0,0,False
27,57,8,-72.96135165541625,2910,2910.0,0,False
27,58,19,-74.2318081002893,2966,2966.0,0,False
27,59,5,-89.78223722275794,3039,3039.0,0,False
27,60,2,-87.10353584056573,3089,3089.0,0,False
27,61,3,-86.90577627772421,3133,3133.0,0,False
27,62,6,-101.08398103503696,3176,3176.0,0,False
27,63,13,-102.78810028929604,3212,3212.0,0,False
27,64,13,-94.12002892960463,3249,3249.0,0,False
27,65,8,-100.27954355512696,3281,3281.0,0,False
27,66,14,-106.89638862102217,3314,3314.0,0,False
27,67,14,-108.45378495660559,3364,3364.0,0,False
27,68,10,-105.46867888138861,3401,3401.0,0,False
27,69,15,-105.33268081002892,3435,3435.0,0,False
27,70,3,-79.8378350312993,3476,3476.0,0,False
27,71,13,-115.12975409836065,3514,3514.0,0,False
27,72,13,-122.62925747348119,3563,3563.0,0,False
27,73,18,-15.243828351012535,3618,3618.0,0,False
27,74,17,-28.616436837029894,3680,3680.0,0,False
27,75,12,-17.255260366441657,3723,3723.0,0,False
27,76,10,-5.714334619093538,3777,3777.0,0,False
27,77,8,-20.500025715204114,3838,3838.0,0,False
27,78,15,12.606825562759344,3888,3888.0,0,False
27,79,6,-29.064217293474766,3934,3934.0,0,False
27,80,13,-32.92622950819672,3984,3984.0,0,False
27,81,10,-29.447945998071358,4016,4016.0,0,False
27,82,17,-43.82377049180327,4056,4056.0,0,False
27,83,18,-55.89691417550627,4106,4106.0,0,False
27,84,13,-58.04984570877531,4150,4150.0,0,False
27,85,13,-52.79104397701703,4191,4191.0,0,False
27,86,19,-69.25341851494696,4228,4228.0,0,False
27,87,5,17.596476615236256,4284,4284.0,0,False
27,88,2,-52.04817904210865,4321,4321.0,0,False
27,89,1,-53.80038572806172,4351,4351.0,0,False
27,90,6,-63.23694631951141,4389,4389.0,0,False
27,91,6,-66.41223079395692,4419,4419.0,0,False
27,92,14,-63.51527965284474,4461,4461.0,0,False
27,93,18,-60.647319189971064,4498,4498.0,0,False
27,94,18,-69.39364030858245,4531,4531.0,0,False
27,95,10,-67.28299903567984,4573,4573.0,0,False
27,96,6,-16.948273933890484,4618,4618.0,0,False
27,97,14,-88.33760848601736,4658,4658.0,0,False
27,98,14,-92.79207328833172,4696,4696.0,0,False
27,99,18,-102.56875120540019,4733,4733.0,0,False
27,100,8,-23.954580487249544,4771,4771.0,0,False
27,101,14,-92.37400675024108,4813,4813.0,0,False
27,102,14,-30.825114942333116,4869,4869.0,0,False
27,103,16,-107.05715043394406,4943,4943.0,0,False
27,104,11,-116.03054484088717,5003,5003.0,0,False
27,105,1,-122.45533269045323,5046,5046.0,0,False
27,106,19,-128.47119093539052,5086,5086.0,0,False
27,107,10,-80.09287029224257,5135,5135.0,0,False
27,108,2,-119.1250257152041,5176,5176.0,0,False
27,109,18,-138.1647293015567,5212,5212.0,0,False
27,110,1,-127.92462391513983,5253,5253.0,0,False
27,111,1,-134.5859112825458,5297,5297.0,0,False
27,112,2,-81.48895866900907,5327,5327.0,0,False
27,113,11,-145.50169720347156,5373,5373.0,0,False
27,114,16,-106.45719841556841,5413,5413.0,0,False
27,115,1,-118.32464333547627,5444,5444.0,0,False
27,116,18,-81.60668570350448,5489,5489.0,0,False
27,117,19,-128.30261153641783,5544,5544.0,0,False
27,118,17,-144.35830761812923,5588,5588.0,0,False
27,119,11,-145.45923818707809,5636,5636.0,0,False
27,120,11,-147.64195274831243,5679,5679.0,0,False
27,121,12,-150.24995660559307,5747,5747.0,0,False
27,122,9,-19.729945355191255,5819,5819.0,0,False
27,123,9,-10.897018643522983,5864,5864.0,0,False
27,124,17,-7.875675024108004,5934,5934.0,0,False
27,125,11,-4.235655421092641,5976,5976.0,0,False
27,126,9,-16.984521054323366,6030,6030.0,0,False
27,127,9,-20.459236579877853,6072,6072.0,0,False
27,128,17,0.0029509201221493697,6105,6105.0,0,False
27,129,12,-23.588857280617166,6147,6147.0,0,False
27,130,12,1.6791430686668107,6215,6215.0,0,False
27,131,9,-31.680827708132433,6246,6246.0,0,False
27,132,9,-35.395006428801025,6279,6279.0,0,False
27,133,9,-39.26514946962391,6305,6305.0,0,False
27,134,9,13.172465277777775,6337,6337.0,0,False
28,1,8,16.79319534087017,40,40.0,0,False
28,2,13,9.214809066547186,83,83.0,0,False
28,3,5,-14.453140256404227,159,159.0,0,False
28,4,5,6.580299431314298,172,172.0,0,False
28,5,10,-7.74968570834816,243,243.0,0,False
28,6,13,-5.498661408587253,279,279.0,0,False
28,7,13,20.809799080925544,301,301.0,0,False
28,8,0,0.6339267792846375,381,381.0,0,False
28,9,1,-12.326394142099405,437,437.0,0,False
28,10,9,-28.53616790857623,509,509.0,0,False
28,11,0,-1.3047290780088794,545,545.0,0,False
28,12,13,-10.687606667359393,583,583.0,0,False
28,13,15,-9.688726149208374,634,634.0,0,False
28,14,0,9.082103741207591,685,685.0,0,False
28,15,16,-11.933910220717657,763,763.0,0,False
28,16,8,-1.393268966737267,799,799.0,0,False
28,17,16,0.1737979925909734,834,834.0,0,False
28,18,5,-0.6076917265011641,882,882.0,0,False
28,19,2,-11.194627916596026,956,956.0,0,False
28,20,16,-3.419337916106583,1005,1005.0,0,False
28,21,6,-22.505339599040745,1080,1080.0,0,False
28,22,9,-6.507048940819548,1125,1125.0,0,False
28,23,12,-12.377144061213121,1206,1206.0,0,False
28,24,0,-5.756728636275927,1244,1244.0,0,False
28,25,7,-22.83474581898612,1303,1303.0,0,False
28,26,7,-18.4069241517483,1336,1336.0,0,False
28,27,5,-6.743226688903564,1409,1409.0,0,False
28,28,6,-9.780685156079809,1452,1452.0,0,False
28,29,4,-11.980925214219624,1528,1528.0,0,False
28,30,18,-23.3473441544947,1583,1583.0,0,False
28,31,9,-14.137500409077212,1637,1637.0,0,False
28,32,6,-17.312718293556877,1671,1671.0,0,False
28,33,3,-20.79504692701025,1736,1736.0,0,False
28,34,10,0.43078405062681924,1769,1769.0,0,False
28,35,19,-15.41001181199874,1828,1828.0,0,False
28,36,12,-8.654740204043044,1871,1871.0,0,False
28,37,5,82.08666900336648,1927,1927.0,0,False
28,38,14,-17.949747579060155,1990,1990.0,0,False
28,39,7,-13.284688893109236,2059,2059.0,0,False
28,40,7,-24.675894194892003,2132,2132.0,0,False
28,41,16,-25.893657176178912,2168,2168.0,0,False
28,42,4,-14.611739713633238,2203,2203.0,0,False
28,43,15,-16.160950545233057,2238,2238.0,0,False
28,44,7,-23.802074617237732,2302,2302.0,0,False
28,45,4,-29.87876057316064,2342,2342.0,0,False
28,46,2,-32.47145147358937,2382,2382.0,0,False
28,47,16,-35.6127943619478,2447,2447.0,0,False
28,48,19,-39.23949055344519,2492,2492.0,0,False
28,49,16,-41.253070024350826,2561,2561.0,0,False
28,50,7,-8.500303742094104,2611,2611.0,0,False
28,51,2,-58.10858919100462,2684,2684.0,0,False
28,52,15,-58.236952049168664,2729,2729.0,0,False
28,53,0,-57.133679814328474,2771,2771.0,0,False
28,54,4,-66.61948603806968,2806,2806.0,0,False
28,55,4,-74.4810754300142,2856,2856.0,0,False
28,56,13,-81.80145810320342,2905,2905.0,0,False
28,57,6,-91.96576403135026,2948,2948.0,0,False
28,58,8,-83.98666535163852,3017,3017.0,0,False
28,59,10,-80.62874704118668,3069,3069.0,0,False
28,60,6,-91.65290384514229,3115,3115.0,0,False
28,61,6,-95.33145757719214,3148,3148.0,0,False
28,62,16,-67.51658787456384,3188,3188.0,0,False
28,63,18,-99.92611382883594,3238,3238.0,0,False
28,64,2,-107.48102940402924,3288,3288.0,0,False
28,65,8,-113.96325364262795,3331,3331.0,0,False
28,66,9,-121.98741044658355,3373,3373.0,0,False
28,67,19,-108.14438851191416,3412,3412.0,0,False
28,68,13,-114.07078270474987,3462,3462.0,0,False
28,69,3,-115.29880463941927,3497,3497.0,0,False
28,70,12,-118.12307164273315,3565,3565.0,0,False
28,71,13,-124.7805294303298,3609,3609.0,0,False
28,72,3,-124.57150860028403,3664,3664.0,0,False
28,73,1,-130.08760454473725,3694,3694.0,0,False
28,74,6,-139.08513360685916,3729,3729.0,0,False
28,75,0,-108.5924750300194,3761,3761.0,0,False
28,76,3,-140.83713744674134,3795,3795.0,0,False
28,77,6,-89.68095707748145,3840,3840.0,0,False
28,78,19,-145.18501025721952,3896,3896.0,0,False
28,79,2,-150.56973778338858,3933,3933.0,0,False
28,80,4,-150.5554790154384,3975,3975.0,0,False
28,81,13,-148.2379629337401,4016,4016.0,0,False
28,82,17,-21.472000946820263,4078,4078.0,0,False
28,83,17,-17.79910841091999,4118,4118.0,0,False
28,84,17,-6.5399384566829735,4162,4162.0,0,False
28,85,9,-50.6942449825699,4193,4193.0,0,False
28,86,12,-11.501896796591447,4235,4235.0,0,False
28,87,10,-10.310418178949028,4272,4272.0,0,False
28,88,9,-22.658018515596233,4310,4310.0,0,False
28,89,1,-20.96578112671611,4353,4353.0,0,False
28,90,8,-26.63349823786229,4385,4385.0,0,False
28,91,15,-26.31842038819631,4428,4428.0,0,False
28,92,12,-2.718989513819537,4496,4496.0,0,False
28,93,11,-9.834166009152597,4552,4552.0,0,False
28,94,3,-4.995261953605806,4597,4597.0,0,False
28,95,10,-4.361656146441533,4651,4651.0,0,False
28,96,9,-13.521460326796447,4677,4677.0,0,False
28,97,3,-7.07471043080322,4716,4716.0,0,False
28,98,11,-21.635923149755403,4758,4758.0,0,False
28,99,8,-23.242278417758136,4819,4819.0,0,False
28,100,8,32.71129869987551,4852,4852.0,0,False
28,101,14,-29.635987849139973,4885,4885.0,0,False
28,102,19,-30.78457393088212,4922,4922.0,0,False
28,103,3,0.04316971550003501,4963,4963.0,0,False
28,104,10,-29.68797853874073,5000,5000.0,0,False
28,105,17,-40.395202777339435,5070,5070.0,0,False
28,106,9,14.907832493907023,5102,5102.0,0,False
28,107,15,-41.63603282310241,5136,5136.0,0,False
28,108,10,-48.009171532270784,5178,5178.0,0,False
28,109,2,-61.04620772184524,5219,5219.0,0,False
28,110,15,-35.3679224839965,5269,5269.0,0,False
28,111,11,-58.18968360422913,5329,5329.0,0,False
28,112,10,-31.892671359125416,5378,5378.0,0,False
28,113,19,-62.79498185261165,5418,5418.0,0,False
28,114,17,-43.68323130358739,5451,5451.0,0,False
28,115,18,-70.18754983956656,5488,5488.0,0,False
28,116,14,-79.45708931671138,5538,5538.0,0,False
28,117,14,-85.74738756509389,5580,5580.0,0,False
28,118,1,-78.99389853242859,5621,5621.0,0,False
28,119,14,-89.541920467098,5661,5661.0,0,False
28,120,11,-92.27778286255325,5707,5707.0,0,False
28,121,1,-98.91133659460313,5751,5751.0,0,False
28,122,14,-109.90841170901058,5794,5794.0,0,False
28,123,14,-98.92992267634527,5836,5836.0,0,False
28,124,2,-39.93676334577124,5866,5866.0,0,False
28,125,19,-91.75078160403682,5921,5921.0,0,False
28,126,1,-96.33513192471902,5957,5957.0,0,False
28,127,11,-107.38510415022881,6005,6005.0,0,False
28,128,11,-109.59040239861132,6048,6048.0,0,False
28,129,14,-51.90106484443221,6109,6109.0,0,False
28,130,18,-118.8635021829467,6142,6142.0,0,False
28,131,11,-116.7750989928198,6184,6184.0,0,False
28,132,18,-130.26758771237704,6221,6221.0,0,False
28,133,18,-134.45519462416496,6257,6257.0,0,False
28,134,18,-86.9563025210084,6302,6302.0,0,False
29,1,4,23.452962764256423,36,36.0,0,False
29,2,16,-2.835684029764744,114,114.0,0,False
29,3,2,-17.982061891725778,188,188.0,0,False
29,4,1,-23.918407352851265,244,244.0,0,False
29,5,16,5.35098325862516,264,264.0,0,False
29,6,1,-2.3040813438440786,289,289.0,0,False
29,7,16,17.933430376002477,323,323.0,0,False
29,8,17,-0.6582321924590655,385,385.0,0,False
29,9,10,-9.373904531203284,456,456.0,0,False
29,10,17,0.5126227335705025,496,496.0,0,False
29,11,10,-1.7742771296503825,529,529.0,0,False
29,12,14,-20.888215939015705,592,592.0,0,False
29,13,19,-25.554984914119316,651,651.0,0,False
29,14,4,-15.622643166737362,686,686.0,0,False
29,15,16,7.691558894134415,727,727.0,0,False
29,16,19,5.315481908358944,767,767.0,0,False
29,17,16,-2.8521924469913422,832,832.0,0,False
29,18,4,-9.771960714500075,872,872.0,0,False
29,19,15,-7.284674894907081,938,938.0,0,False
29,20,4,3.1679711209610684,973,973.0,0,False
29,21,7,-10.495283229155763,1032,1032.0,0,False
29,22,6,-26.221119425223158,1107,1107.0,0,False
29,23,8,-37.901050367659785,1187,1187.0,0,False
29,24,14,-23.412704277215173,1220,1220.0,0,False
29,25,8,-27.51309547466403,1256,1256.0,0,False
29,26,0,-33.221595125447216,1336,1336.0,0,False
29,27,0,-27.63940354494198,1372,1372.0,0,False
29,28,1,0.6840269693338659,1415,1415.0,0,False
29,29,1,-2.8392226826544693,1456,1456.0,0,False
29,30,11,-11.084447632562693,1527,1527.0,0,False
29,31,7,-5.810828083956645,1560,1560.0,0,False
29,32,1,-11.387713116154824,1604,1604.0,0,False
29,33,9,-27.02927991811908,1676,1676.0,0,False
29,34,8,-9.052516431298256,1740,1740.0,0,False
29,35,17,-14.300565644179816,1784,1784.0,0,False
29,36,1,14.169056029064933,1820,1820.0,0,False
29,37,16,-25.018279124015223,1889,1889.0,0,False
29,38,12,-29.20723676576389,1970,1970.0,0,False
29,39,7,-31.945713164421576,2039,2039.0,0,False
29,40,10,-31.694762188991,2091,2091.0,0,False
29,41,2,-13.52672305849557,2131,2131.0,0,False
29,42,8,-20.249880752548645,2174,2174.0,0,False
29,43,19,-16.087170668124763,2213,2213.0,0,False
29,44,9,-25.144434895021522,2258,2258.0,0,False
29,45,16,22.248809990260742,2298,2298.0,0,False
29,46,8,-28.610539409881156,2330,2330.0,0,False
29,47,5,-20.358200902413767,2406,2406.0,0,False
29,48,0,-5.362082834262817,2457,2457.0,0,False
29,49,4,-8.90533750201733,2507,2507.0,0,False
29,50,0,-10.730611176454586,2545,2545.0,0,False
29,51,13,-18.53481699409647,2603,2603.0,0,False
29,52,4,9.183322645411472,2645,2645.0,0,False
29,53,9,-9.983766216692029,2694,2694.0,0,False
29,54,5,-14.67590145492614,2727,2727.0,0,False
29,55,10,-8.238631013475775,2764,2764.0,0,False
29,56,8,-25.602613221669376,2830,2830.0,0,False
29,57,8,53.371136235410276,2863,2863.0,0,False
29,58,17,-37.84649317676927,2933,2933.0,0,False
29,59,2,-51.6838617370147,3006,3006.0,0,False
29,60,10,-52.81363694065376,3060,3060.0,0,False
29,61,6,-41.25573838992912,3098,3098.0,0,False
29,62,0,-41.20286734370041,3140,3140.0,0,False
29,63,5,-50.499758806728025,3193,3193.0,0,False
29,64,0,-15.864304146490447,3225,3225.0,0,False
29,65,5,-59.785691843859084,3298,3298.0,0,False
29,66,15,-52.116883529038404,3333,3333.0,0,False
29,67,12,-58.6383021263091,3376,3376.0,0,False
29,68,9,-72.70660160795515,3418,3418.0,0,False
29,69,9,-77.28636834867237,3449,3449.0,0,False
29,70,7,-72.27801174230402,3522,3522.0,0,False
29,71,11,-74.24942399238337,3564,3564.0,0,False
29,72,17,-55.26825111737014,3597,3597.0,0,False
29,73,11,-80.97535702951444,3657,3657.0,0,False
29,74,19,-89.42676293240241,3713,3713.0,0,False
29,75,10,-83.40320057124723,3750,3750.0,0,False
29,76,5,-26.74461760375894,3806,3806.0,0,False
29,77,6,-100.83152544165873,3845,3845.0,0,False
29,78,13,-96.72341478895588,3881,3881.0,0,False
29,79,13,-98.38173119644557,3918,3918.0,0,False
29,80,12,-104.79766423357664,3986,3986.0,0,False
29,81,6,-112.21764730773299,4029,4029.0,0,False
29,82,14,-116.17096159949223,4079,4079.0,0,False
29,83,12,-111.44333862265947,4121,4121.0,0,False
29,84,6,-126.08903416904685,4167,4167.0,0,False
29,85,6,-129.74212366444513,4200,4200.0,0,False
29,86,11,-134.36281497937162,4246,4246.0,0,False
29,87,6,-143.27970221093832,4281,4281.0,0,False
29,88,18,-31.410639479530307,4336,4336.0,0,False
29,89,7,-11.023974928594097,4400,4400.0,0,False
29,90,19,-8.791585211044112,4437,4437.0,0,False
29,91,9,-18.219424521315986,4475,4475.0,0,False
29,92,10,-16.930834655664867,4517,4517.0,0,False
29,93,19,-16.97390510948905,4557,4557.0,0,False
29,94,2,-25.597717655770655,4607,4607.0,0,False
29,95,2,-31.121752882682745,4644,4644.0,0,False
29,96,7,-17.130714712821764,4694,4694.0,0,False
29,97,9,-43.63792341055749,4725,4725.0,0,False
29,98,13,-45.745291970802924,4763,4763.0,0,False
29,99,3,-24.63099809584259,4828,4828.0,0,False
29,100,12,18.44138911431185,4896,4896.0,0,False
29,101,6,51.34899155691315,4941,4941.0,0,False
29,102,13,-16.61193113297366,4990,4990.0,0,False
29,103,10,6.6572723716456785,5039,5039.0,0,False
29,104,9,32.748780005906426,5071,5071.0,0,False
29,105,13,-35.30691843859093,5121,5121.0,0,False
29,106,13,-36.90618692478578,5160,5160.0,0,False
29,107,18,-53.220707711837505,5210,5210.0,0,False
29,108,13,-44.3991006933425,5251,5251.0,0,False
29,109,18,-36.51117423040304,5288,5288.0,0,False
29,110,18,-39.9456886702634,5321,5321.0,0,False
29,111,2,-44.53852374907437,5362,5362.0,0,False
29,112,18,-58.835454104205944,5394,5394.0,0,False
29,113,15,-40.14183592510314,5439,5439.0,0,False
29,114,19,-42.455871105752905,5494,5494.0,0,False
29,115,18,-53.565872965498485,5530,5530.0,0,False
29,116,11,-58.32633767058076,5578,5578.0,0,False
29,117,3,-59.576079022532525,5613,5613.0,0,False
29,118,2,-10.794616064781266,5643,5643.0,0,False
29,119,18,-19.029604447300976,5683,5683.0,0,False
29,120,11,-80.35726436052047,5731,5731.0,0,False
29,121,15,-82.8203475087274,5774,5774.0,0,False
29,122,15,-87.92961599492224,5808,5808.0,0,False
29,123,3,-71.51508251348778,5863,5863.0,0,False
29,124,15,-50.29474498963718,5913,5913.0,0,False
29,125,11,-80.07980797861686,5955,5955.0,0,False
29,126,14,-88.06506981910505,5997,5997.0,0,False
29,127,14,-92.44600920342748,6037,6037.0,0,False
29,128,3,-89.0540923516344,6071,6071.0,0,False
29,129,14,-104.08907965725166,6114,6114.0,0,False
29,130,3,-97.36025864804823,6154,6154.0,0,False
29,131,3,-103.24048556013963,6193,6193.0,0,False
29,132,14,-106.38896699460489,6235,6235.0,0,False
29,133,3,-73.69540152489142,6271,6271.0,0,False
29,134,14,-51.08830391810801,6327,6327.0,0,False
30,1,4,23.272800190083593,36,36.0,0,False
30,2,18,-1.8080462904978187,91,91.0,0,False
30,3,16,-11.936007236844953,169,169.0,0,False
30,4,7,-12.058107597025874,213,213.0,0,False
30,5,12,-27.97257000263121,294,294.0,0,False
30,6,6,-49.31094361826244,369,369.0,0,False
30,7,10,-52.66338121819228,440,440.0,0,False
30,8,4,-10.433798951540172,455,455.0,0,False
30,9,4,20.498533907926628,480,480.0,0,False
30,10,10,11.652718024006493,513,513.0,0,False
30,11,12,5.572520073558255,556,556.0,0,False
30,12,7,-4.2354391444941655,589,589.0,0,False
30,13,11,-10.813031760906247,660,660.0,0,False
30,14,0,-19.51553863526872,740,740.0,0,False
30,15,10,-1.3037514632214275,797,797.0,0,False
30,16,0,7.139273680168616,833,833.0,0,False
30,17,19,-4.663476423916359,892,892.0,0,False
30,18,14,-19.053427916779793,955,955.0,0,False
30,19,17,-24.53266679704229,1017,1017.0,0,False
30,20,9,-39.753808948880796,1089,1089.0,0,False
30,21,0,-10.743379068660495,1140,1140.0,0,False
30,22,17,0.23904837792828637,1180,1180.0,0,False
30,23,16,-6.08466712658344,1220,1220.0,0,False
30,24,10,-0.06100771410789996,1257,1257.0,0,False
30,25,17,-10.468256325363933,1301,1301.0,0,False
30,26,4,-10.841626063114575,1336,1336.0,0,False
30,27,11,-18.958348110988446,1378,1378.0,0,False
30,28,9,-29.71531373398139,1423,1423.0,0,False
30,29,8,-21.240352614033768,1503,1503.0,0,False
30,30,12,-3.1916339295287806,1571,1571.0,0,False
30,31,12,1.0571771650749024,1613,1613.0,0,False
30,32,10,-3.8979576065874753,1667,1667.0,0,False
30,33,9,-20.422420985125754,1721,1721.0,0,False
30,34,12,26.627203368362366,1789,1789.0,0,False
30,35,13,-11.561416668988844,1832,1832.0,0,False
30,36,9,-7.1583971331737635,1874,1874.0,0,False
30,37,6,-13.802263751922634,1917,1917.0,0,False
30,38,6,-9.049142888499139,1956,1956.0,0,False
30,39,5,-18.92291026551618,2032,2032.0,0,False
30,40,16,-10.039511545171775,2081,2081.0,0,False
30,41,3,-9.737171573037607,2131,2131.0,0,False
30,42,18,-10.032901776342031,2181,2181.0,0,False
30,43,1,-17.212713250320846,2237,2237.0,0,False
30,44,13,-13.57124544525385,2273,2273.0,0,False
30,45,16,-4.398087028464192,2314,2314.0,0,False
30,46,0,-4.416920693264793,2352,2352.0,0,False
30,47,1,-13.219280579116582,2382,2382.0,0,False
30,48,2,-21.880840369623066,2456,2456.0,0,False
30,49,11,-11.455920501687,2516,2516.0,0,False
30,50,1,-18.145396413939906,2559,2559.0,0,False
30,51,7,-24.03261338806241,2623,2623.0,0,False
30,52,7,-39.70831831845729,2696,2696.0,0,False
30,53,7,-49.6557059895926,2760,2760.0,0,False
30,54,10,-24.252883466638153,2797,2797.0,0,False
30,55,7,-15.615533493400413,2847,2847.0,0,False
30,56,1,-41.709030346135606,2888,2888.0,0,False
30,57,17,-41.53247984826932,2958,2958.0,0,False
30,58,4,-44.950497866287336,3008,3008.0,0,False
30,59,2,-53.827714556661924,3048,3048.0,0,False
30,60,9,-59.494236605026074,3079,3079.0,0,False
30,61,18,-54.03064959696538,3116,3116.0,0,False
30,62,11,-56.63628259838786,3162,3162.0,0,False
30,63,8,-64.90686107159792,3198,3198.0,0,False
30,64,16,-64.58654575628259,3263,3263.0,0,False
30,65,11,-68.12775486012328,3311,3311.0,0,False
30,66,9,-77.47950924608818,3349,3349.0,0,False
30,67,0,-71.11163584637268,3386,3386.0,0,False
30,68,4,-81.66991682471945,3428,3428.0,0,False
30,69,2,-85.55876481744902,3501,3501.0,0,False
30,70,6,-88.50977240398294,3544,3544.0,0,False
30,71,8,-93.73454480796586,3613,3613.0,0,False
30,72,0,-59.87061694121966,3645,3645.0,0,False
30,73,13,-88.03104077761972,3677,3677.0,0,False
30,74,5,-100.60405879563774,3710,3710.0,0,False
30,75,3,-92.4111308677098,3740,3740.0,0,False
30,76,16,-106.06302987197724,3814,3814.0,0,False
30,77,9,-109.83340208629683,3845,3845.0,0,False
30,78,8,-115.6086936936937,3888,3888.0,0,False
30,79,8,-120.35748696064485,3920,3920.0,0,False
30,80,1,-119.27389995258416,3959,3959.0,0,False
30,81,8,-122.19861071597914,4020,4020.0,0,False
30,82,1,-109.37608053777461,4051,4051.0,0,False
30,83,2,-129.39076576576576,4101,4101.0,0,False
30,84,16,-99.13814406511774,4136,4136.0,0,False
30,85,19,-131.73234945471788,4181,4181.0,0,False
30,86,6,-142.41022759601708,4227,4227.0,0,False
30,87,6,-146.0224679943101,4260,4260.0,0,False
30,88,19,-138.9699407302039,4299,4299.0,0,False
30,89,8,-86.27061754188398,4337,4337.0,0,False
30,90,17,-121.38774132685317,4370,4370.0,0,False
30,91,14,-153.5528733997155,4403,4403.0,0,False
30,92,3,-147.28684210526316,4458,4458.0,0,False
30,93,10,-150.67434329065907,4500,4500.0,0,False
30,94,18,-162.44586770981508,4533,4533.0,0,False
30,95,3,-160.7497771455666,4567,4567.0,0,False
30,96,2,-173.179404931247,4604,4604.0,0,False
30,97,2,-177.36992413466098,4640,4640.0,0,False
30,98,9,-119.29639955745219,4672,4672.0,0,False
30,99,13,-185.84495495495494,4710,4710.0,0,False
30,100,6,-194.78360597439544,4745,4745.0,0,False
30,101,13,-198.61944286391653,4794,4794.0,0,False
30,102,3,-201.3418563300142,4839,4839.0,0,False
30,103,19,-184.03823850165955,4895,4895.0,0,False
30,104,2,-127.55570066093898,4925,4925.0,0,False
30,105,10,-161.6915490161214,4974,4974.0,0,False
30,106,19,-197.44255097202463,5011,5011.0,0,False
30,107,5,-200.03013750592697,5064,5064.0,0,False
30,108,11,-194.97789710763394,5107,5107.0,0,False
30,109,3,-201.9381602655287,5151,5151.0,0,False
30,110,5,-213.7752299668089,5224,5224.0,0,False
30,111,13,-212.48833570412518,5274,5274.0,0,False
30,112,11,-212.40075112117836,5316,5316.0,0,False
30,113,3,-186.08295279673467,5357,5357.0,0,False
30,114,15,-10.21988857278331,5423,5423.0,0,False
30,115,13,-7.737994310099571,5467,5467.0,0,False
30,116,19,-4.251185395922237,5507,5507.0,0,False
30,117,6,51.22442705863759,5552,5552.0,0,False
30,118,14,-16.239722617354197,5602,5602.0,0,False
30,119,13,-5.243160117354195,5643,5643.0,0,False
30,120,14,-196.4580928296718,5685,5685.0,0,False
30,121,19,-15.412937024027247,5740,5740.0,0,False
30,122,5,30.38609471313419,5796,5796.0,0,False
30,123,18,-30.6801280227596,5833,5833.0,0,False
30,124,18,-34.87064722617354,5869,5869.0,0,False
30,125,14,-43.84240161213845,5909,5909.0,0,False
30,126,15,-40.61102418207681,5944,5944.0,0,False
30,127,14,-61.51800523635764,5987,5987.0,0,False
30,128,15,-38.368527738264575,6032,6032.0,0,False
30,129,14,-53.206633475580844,6074,6074.0,0,False
30,130,14,7.174338072071734,6130,6130.0,0,False
30,131,18,2.6297335929857155,6175,6175.0,0,False
30,132,15,-55.868876244665714,6218,6218.0,0,False
30,133,15,-60.97129208155524,6252,6252.0,0,False
30,134,15,-53.26005545826036,6302,6302.0,0,False
