{
  "total_episodes": 1,
  "avg_reward": 1396.4635606955876,
  "avg_makespan": 6282.0,
  "avg_deadline_ratio": 0.0,
  "avg_machine_util": 0.8429905772209167,
  "best_episode": 1.0,
  "best_reward": 1396.4635606955876,
  "best_makespan": 6282.0,
  "best_deadline_ratio": 0.0,
  "best_machine_util": 0.8429905772209167
}