episode,step,machine_idx,old_material,new_material,setup_time
1561,4,1,Citybike_Tretlager_gefraest,Citybike_Tretlager_gefraest,15
1561,5,1,Citybike_Bremsen_justiert,Citybike_Bremsen_justiert,20
1561,6,0,Mountainbike_Schaltauge_bearbeitet,Mountainbike_Schaltauge_bearbeitet,40
1561,7,0,E-Bike_Steuerrohr_ausgerieben,E-Bike_Steuerrohr_ausgerieben,55
1561,8,0,Citybike_Hinterbau_vorbereitet,Citybike_Hinterbau_vorbereitet,54
1561,9,1,Citybike_Hinterbau_vorbereitet,Citybike_Hinterbau_vorbereitet,20
1561,10,0,Mountainbike_Rahmen_lackiert,Mountainbike_Rahmen_lackiert,40
1561,11,1,E-Bike_Schaltauge_bearbeitet,E-Bike_Schaltauge_bearbeitet,27
1561,12,1,Mountainbike_Tretlager_gefraest,Mountainbike_Tretlager_gefraest,26
1561,13,0,Racebike_Hauptrahmen_zugeschnitten,Racebike_Hauptrahmen_zugeschnitten,35
1561,14,1,Mountainbike_Steuerrohr_montiert,Mountainbike_Steuerrohr_montiert,20
1561,15,1,E-Bike_Hinterbau_vorbereitet,E-Bike_Hinterbau_vorbereitet,28
1561,16,0,Mountainbike_Tretlageraufnahme_geschweisst,Mountainbike_Tretlageraufnahme_geschweisst,38
1561,17,1,Racebike_Laufraeder_montiert,Racebike_Laufraeder_montiert,26
1561,18,0,E-Bike_Rahmen_nachbearbeitet,E-Bike_Rahmen_nachbearbeitet,55
1561,19,0,E-Bike_Tretlager_gefraest,E-Bike_Tretlager_gefraest,40
1561,20,0,Citybike_Rahmen_nachbearbeitet,Citybike_Rahmen_nachbearbeitet,54
1561,21,2,E-Bike_Bremsaufnahme_gebohrt,E-Bike_Bremsaufnahme_gebohrt,15
1561,22,1,Mountainbike_Fahrrad_endmontiert,Mountainbike_Fahrrad_endmontiert,25
1561,23,2,Racebike_Rahmen_komplettiert,Racebike_Rahmen_komplettiert,25
1561,24,0,Mountainbike_Bremsaufnahme_gebohrt,Mountainbike_Bremsaufnahme_gebohrt,40
1561,25,2,E-Bike_Rahmen_komplettiert,E-Bike_Rahmen_komplettiert,25
1561,26,1,Mountainbike_Antrieb_installiert,Mountainbike_Antrieb_installiert,20
1561,27,2,Racebike_Antrieb_installiert,Racebike_Antrieb_installiert,25
1561,28,2,Citybike_Hauptrahmen_zugeschnitten,Citybike_Hauptrahmen_zugeschnitten,18
1561,29,2,Mountainbike_Tretlageraufnahme_geschweisst,Mountainbike_Tretlageraufnahme_geschweisst,12
1561,30,1,Racebike_Hinterbau_vorbereitet,Racebike_Hinterbau_vorbereitet,24
1561,31,1,Mountainbike_Rahmen_komplettiert,Mountainbike_Rahmen_komplettiert,25
1561,32,0,Mountainbike_Hinterbau_vorbereitet,Mountainbike_Hinterbau_vorbereitet,40
1561,33,1,E-Bike_Tretlageraufnahme_geschweisst,E-Bike_Tretlageraufnahme_geschweisst,28
1561,34,1,Mountainbike_Fahrrad_endmontiert,Mountainbike_Fahrrad_endmontiert,26
1561,35,0,E-Bike_Tretlager_gefraest,E-Bike_Tretlager_gefraest,55
1561,36,1,Mountainbike_Fahrrad_endmontiert,Mountainbike_Fahrrad_endmontiert,15
1561,37,1,Mountainbike_Bremsaufnahme_gebohrt,Mountainbike_Bremsaufnahme_gebohrt,20
1561,38,1,E-Bike_Laufraeder_montiert,E-Bike_Laufraeder_montiert,28
1561,39,1,Mountainbike_Hauptrahmen_zugeschnitten,Mountainbike_Hauptrahmen_zugeschnitten,26
1561,40,1,Mountainbike_Steuerrohr_montiert,Mountainbike_Steuerrohr_montiert,20
1561,41,0,Citybike_Rahmen_lackiert,Citybike_Rahmen_lackiert,54
1561,42,0,Racebike_Bremsen_justiert,Racebike_Bremsen_justiert,42
1561,43,2,Mountainbike_Rahmen_lackiert,Mountainbike_Rahmen_lackiert,15
1561,44,0,Citybike_Hauptrahmen_zugeschnitten,Citybike_Hauptrahmen_zugeschnitten,43
1561,45,1,Racebike_Fahrrad_endmontiert,Racebike_Fahrrad_endmontiert,24
1561,46,1,Racebike_Rahmen_nachbearbeitet,Racebike_Rahmen_nachbearbeitet,20
1561,47,0,E-Bike_Hinterbau_vorbereitet,E-Bike_Hinterbau_vorbereitet,43
1561,48,2,Mountainbike_Tretlageraufnahme_geschweisst,Mountainbike_Tretlageraufnahme_geschweisst,15
1561,49,0,Racebike_Fahrrad_endmontiert,Racebike_Fahrrad_endmontiert,47
1561,50,1,Racebike_Bremsaufnahme_gebohrt,Racebike_Bremsaufnahme_gebohrt,20
1561,51,0,E-Bike_Bremsen_justiert,E-Bike_Bremsen_justiert,47
1561,52,0,Mountainbike_Tretlager_gefraest,Mountainbike_Tretlager_gefraest,53
1561,53,0,Racebike_Hinterbau_vorbereitet,Racebike_Hinterbau_vorbereitet,35
1561,54,2,Mountainbike_Bremsen_justiert,Mountainbike_Bremsen_justiert,15
1561,55,2,Mountainbike_Rahmen_nachbearbeitet,Mountainbike_Rahmen_nachbearbeitet,15
1561,56,1,Mountainbike_Rahmen_lackiert,Mountainbike_Rahmen_lackiert,25
1561,57,1,Mountainbike_Rahmen_nachbearbeitet,Mountainbike_Rahmen_nachbearbeitet,20
1561,58,2,Racebike_Hinterbau_vorbereitet,Racebike_Hinterbau_vorbereitet,16
1561,59,0,Mountainbike_Hauptrahmen_zugeschnitten,Mountainbike_Hauptrahmen_zugeschnitten,38
1561,60,0,Mountainbike_Tretlager_gefraest,Mountainbike_Tretlager_gefraest,40
1561,61,1,E-Bike_Tretlager_gefraest,E-Bike_Tretlager_gefraest,28
1561,62,2,Racebike_Rahmen_nachbearbeitet,Racebike_Rahmen_nachbearbeitet,15
1561,63,2,Mountainbike_Bremsen_justiert,Mountainbike_Bremsen_justiert,13
1561,64,1,Racebike_Rahmen_lackiert,Racebike_Rahmen_lackiert,26
1561,65,1,Racebike_Bremsaufnahme_gebohrt,Racebike_Bremsaufnahme_gebohrt,20
1561,66,2,Racebike_Rahmen_komplettiert,Racebike_Rahmen_komplettiert,16
1561,67,1,Mountainbike_Steuerrohr_ausgerieben,Mountainbike_Steuerrohr_ausgerieben,25
1561,68,2,Citybike_Steuerrohr_montiert,Citybike_Steuerrohr_montiert,18
1561,69,1,Citybike_Bremsen_justiert,Citybike_Bremsen_justiert,15
1561,70,2,Mountainbike_Hinterbau_vorbereitet,Mountainbike_Hinterbau_vorbereitet,12
1561,71,0,Racebike_Antrieb_installiert,Racebike_Antrieb_installiert,35
1561,72,2,Citybike_Schaltauge_bearbeitet,Citybike_Schaltauge_bearbeitet,18
1561,73,2,Mountainbike_Steuerrohr_ausgerieben,Mountainbike_Steuerrohr_ausgerieben,12
1561,74,1,Racebike_Steuerrohr_ausgerieben,Racebike_Steuerrohr_ausgerieben,15
1561,75,2,E-Bike_Tretlageraufnahme_geschweisst,E-Bike_Tretlageraufnahme_geschweisst,24
1561,76,0,Citybike_Fahrrad_endmontiert,Citybike_Fahrrad_endmontiert,43
1561,77,0,Racebike_Rahmen_lackiert,Racebike_Rahmen_lackiert,42
1561,78,2,Mountainbike_Laufraeder_montiert,Mountainbike_Laufraeder_montiert,24
1561,79,0,Racebike_Tretlager_gefraest,Racebike_Tretlager_gefraest,40
1561,80,2,Mountainbike_Laufraeder_montiert,Mountainbike_Laufraeder_montiert,10
1561,81,2,Racebike_Hauptrahmen_zugeschnitten,Racebike_Hauptrahmen_zugeschnitten,16
1561,82,0,Racebike_Steuerrohr_montiert,Racebike_Steuerrohr_montiert,40
1561,83,1,Mountainbike_Bremsaufnahme_gebohrt,Mountainbike_Bremsaufnahme_gebohrt,25
1561,84,1,Citybike_Antrieb_installiert,Citybike_Antrieb_installiert,15
1561,85,0,E-Bike_Bremsaufnahme_gebohrt,E-Bike_Bremsaufnahme_gebohrt,47
1561,86,1,E-Bike_Hauptrahmen_zugeschnitten,E-Bike_Hauptrahmen_zugeschnitten,27
1561,87,0,Racebike_Rahmen_lackiert,Racebike_Rahmen_lackiert,47
1561,88,0,Racebike_Rahmen_komplettiert,Racebike_Rahmen_komplettiert,40
1561,89,1,Racebike_Tretlager_gefraest,Racebike_Tretlager_gefraest,26
1561,90,1,Racebike_Hauptrahmen_zugeschnitten,Racebike_Hauptrahmen_zugeschnitten,20
1561,91,1,Racebike_Tretlageraufnahme_geschweisst,Racebike_Tretlageraufnahme_geschweisst,20
1561,92,0,E-Bike_Fahrrad_endmontiert,E-Bike_Fahrrad_endmontiert,47
1561,93,1,E-Bike_Bremsen_justiert,E-Bike_Bremsen_justiert,28
1561,94,1,Citybike_Fahrrad_endmontiert,Citybike_Fahrrad_endmontiert,28
1561,95,0,Racebike_Bremsen_justiert,Racebike_Bremsen_justiert,47
1561,96,1,Racebike_Steuerrohr_ausgerieben,Racebike_Steuerrohr_ausgerieben,15
1561,97,1,E-Bike_Hinterbau_vorbereitet,E-Bike_Hinterbau_vorbereitet,28
1561,98,0,Citybike_Rahmen_komplettiert,Citybike_Rahmen_komplettiert,43
1561,99,1,E-Bike_Hinterbau_vorbereitet,E-Bike_Hinterbau_vorbereitet,15
1561,100,1,E-Bike_Hauptrahmen_zugeschnitten,E-Bike_Hauptrahmen_zugeschnitten,20
1561,101,1,Racebike_Rahmen_nachbearbeitet,Racebike_Rahmen_nachbearbeitet,26
1561,102,2,Mountainbike_Antrieb_installiert,Mountainbike_Antrieb_installiert,13
1561,103,2,Racebike_Antrieb_installiert,Racebike_Antrieb_installiert,16
1561,104,0,Racebike_Rahmen_komplettiert,Racebike_Rahmen_komplettiert,42
1561,105,1,Racebike_Tretlageraufnahme_geschweisst,Racebike_Tretlageraufnahme_geschweisst,20
1561,106,1,E-Bike_Hinterbau_vorbereitet,E-Bike_Hinterbau_vorbereitet,28
1561,107,0,Mountainbike_Hauptrahmen_zugeschnitten,Mountainbike_Hauptrahmen_zugeschnitten,38
1561,108,0,Mountainbike_Hinterbau_vorbereitet,Mountainbike_Hinterbau_vorbereitet,40
1561,109,2,Mountainbike_Tretlageraufnahme_geschweisst,Mountainbike_Tretlageraufnahme_geschweisst,13
1561,110,2,Citybike_Tretlageraufnahme_geschweisst,Citybike_Tretlageraufnahme_geschweisst,18
1561,111,1,Racebike_Schaltauge_bearbeitet,Racebike_Schaltauge_bearbeitet,26
1561,112,0,E-Bike_Rahmen_nachbearbeitet,E-Bike_Rahmen_nachbearbeitet,55
1561,113,0,E-Bike_Antrieb_installiert,E-Bike_Antrieb_installiert,40
1561,114,2,E-Bike_Steuerrohr_montiert,E-Bike_Steuerrohr_montiert,24
1561,115,0,Mountainbike_Steuerrohr_montiert,Mountainbike_Steuerrohr_montiert,53
1561,116,1,Mountainbike_Rahmen_lackiert,Mountainbike_Rahmen_lackiert,25
1561,117,1,Citybike_Rahmen_lackiert,Citybike_Rahmen_lackiert,15
1561,118,1,Citybike_Rahmen_nachbearbeitet,Citybike_Rahmen_nachbearbeitet,20
1561,119,1,E-Bike_Rahmen_lackiert,E-Bike_Rahmen_lackiert,27
1561,120,2,E-Bike_Schaltauge_bearbeitet,E-Bike_Schaltauge_bearbeitet,15
1561,121,2,E-Bike_Rahmen_komplettiert,E-Bike_Rahmen_komplettiert,15
1561,122,0,Mountainbike_Steuerrohr_montiert,Mountainbike_Steuerrohr_montiert,25
1561,123,2,E-Bike_Rahmen_nachbearbeitet,E-Bike_Rahmen_nachbearbeitet,15
1562,2,1,Racebike_Bremsaufnahme_gebohrt,Racebike_Bremsaufnahme_gebohrt,15
1562,3,1,Mountainbike_Rahmen_komplettiert,Mountainbike_Rahmen_komplettiert,25
1562,6,2,Racebike_Rahmen_nachbearbeitet,Racebike_Rahmen_nachbearbeitet,25
1562,7,2,Racebike_Antrieb_installiert,Racebike_Antrieb_installiert,15
1562,8,2,E-Bike_Tretlageraufnahme_geschweisst,E-Bike_Tretlageraufnahme_geschweisst,25
1562,9,0,E-Bike_Steuerrohr_ausgerieben,E-Bike_Steuerrohr_ausgerieben,55
1562,10,0,E-Bike_Bremsaufnahme_gebohrt,E-Bike_Bremsaufnahme_gebohrt,40
1562,11,1,Mountainbike_Fahrrad_endmontiert,Mountainbike_Fahrrad_endmontiert,20
1562,12,0,Mountainbike_Bremsaufnahme_gebohrt,Mountainbike_Bremsaufnahme_gebohrt,53
1562,13,1,Mountainbike_Rahmen_komplettiert,Mountainbike_Rahmen_komplettiert,20
1562,14,2,Mountainbike_Bremsen_justiert,Mountainbike_Bremsen_justiert,24
1562,15,1,Mountainbike_Tretlager_gefraest,Mountainbike_Tretlager_gefraest,20
1562,16,1,Mountainbike_Steuerrohr_montiert,Mountainbike_Steuerrohr_montiert,20
1562,17,1,E-Bike_Hinterbau_vorbereitet,E-Bike_Hinterbau_vorbereitet,28
1562,18,1,Racebike_Rahmen_nachbearbeitet,Racebike_Rahmen_nachbearbeitet,26
1562,19,1,E-Bike_Bremsen_justiert,E-Bike_Bremsen_justiert,28
1562,20,2,Mountainbike_Hinterbau_vorbereitet,Mountainbike_Hinterbau_vorbereitet,15
1562,21,0,E-Bike_Rahmen_nachbearbeitet,E-Bike_Rahmen_nachbearbeitet,55
1562,22,2,Mountainbike_Tretlageraufnahme_geschweisst,Mountainbike_Tretlageraufnahme_geschweisst,15
1562,23,0,Citybike_Hinterbau_vorbereitet,Citybike_Hinterbau_vorbereitet,54
1562,24,2,Mountainbike_Rahmen_lackiert,Mountainbike_Rahmen_lackiert,15
1562,25,0,Mountainbike_Rahmen_nachbearbeitet,Mountainbike_Rahmen_nachbearbeitet,40
1562,26,1,Citybike_Bremsen_justiert,Citybike_Bremsen_justiert,28
1562,27,0,E-Bike_Tretlager_gefraest,E-Bike_Tretlager_gefraest,55
1562,28,0,Mountainbike_Tretlager_gefraest,Mountainbike_Tretlager_gefraest,53
1562,29,2,Racebike_Hinterbau_vorbereitet,Racebike_Hinterbau_vorbereitet,16
1562,30,1,Mountainbike_Hauptrahmen_zugeschnitten,Mountainbike_Hauptrahmen_zugeschnitten,20
1562,31,2,Mountainbike_Rahmen_nachbearbeitet,Mountainbike_Rahmen_nachbearbeitet,13
1562,32,1,E-Bike_Hinterbau_vorbereitet,E-Bike_Hinterbau_vorbereitet,28
1562,33,2,E-Bike_Bremsaufnahme_gebohrt,E-Bike_Bremsaufnahme_gebohrt,24
1562,34,1,E-Bike_Schaltauge_bearbeitet,E-Bike_Schaltauge_bearbeitet,20
1562,35,0,Citybike_Rahmen_nachbearbeitet,Citybike_Rahmen_nachbearbeitet,39
1562,36,2,Citybike_Hauptrahmen_zugeschnitten,Citybike_Hauptrahmen_zugeschnitten,15
1562,37,0,Mountainbike_Tretlageraufnahme_geschweisst,Mountainbike_Tretlageraufnahme_geschweisst,40
1562,38,1,Racebike_Hinterbau_vorbereitet,Racebike_Hinterbau_vorbereitet,26
1562,39,2,Mountainbike_Tretlageraufnahme_geschweisst,Mountainbike_Tretlageraufnahme_geschweisst,12
1562,40,0,Racebike_Antrieb_installiert,Racebike_Antrieb_installiert,35
1562,41,1,Citybike_Antrieb_installiert,Citybike_Antrieb_installiert,25
1562,42,1,Racebike_Tretlageraufnahme_geschweisst,Racebike_Tretlageraufnahme_geschweisst,15
1562,43,1,Mountainbike_Fahrrad_endmontiert,Mountainbike_Fahrrad_endmontiert,25
1562,44,2,Mountainbike_Laufraeder_montiert,Mountainbike_Laufraeder_montiert,15
1562,45,0,Racebike_Rahmen_komplettiert,Racebike_Rahmen_komplettiert,40
1562,46,2,Citybike_Tretlageraufnahme_geschweisst,Citybike_Tretlageraufnahme_geschweisst,18
1562,47,1,Racebike_Fahrrad_endmontiert,Racebike_Fahrrad_endmontiert,24
1562,48,0,Racebike_Rahmen_lackiert,Racebike_Rahmen_lackiert,40
1562,49,1,Mountainbike_Bremsaufnahme_gebohrt,Mountainbike_Bremsaufnahme_gebohrt,25
1562,50,0,Mountainbike_Hinterbau_vorbereitet,Mountainbike_Hinterbau_vorbereitet,38
1562,51,0,Mountainbike_Hauptrahmen_zugeschnitten,Mountainbike_Hauptrahmen_zugeschnitten,40
1562,52,1,Mountainbike_Steuerrohr_montiert,Mountainbike_Steuerrohr_montiert,20
1562,53,0,Racebike_Hauptrahmen_zugeschnitten,Racebike_Hauptrahmen_zugeschnitten,35
1562,54,0,Racebike_Fahrrad_endmontiert,Racebike_Fahrrad_endmontiert,40
1562,55,0,Mountainbike_Schaltauge_bearbeitet,Mountainbike_Schaltauge_bearbeitet,38
1562,56,1,Mountainbike_Steuerrohr_ausgerieben,Mountainbike_Steuerrohr_ausgerieben,20
1562,57,1,Racebike_Laufraeder_montiert,Racebike_Laufraeder_montiert,24
1562,58,2,E-Bike_Rahmen_komplettiert,E-Bike_Rahmen_komplettiert,24
1562,59,2,Racebike_Rahmen_komplettiert,Racebike_Rahmen_komplettiert,25
1562,60,1,Racebike_Tretlager_gefraest,Racebike_Tretlager_gefraest,20
1562,61,1,Citybike_Tretlager_gefraest,Citybike_Tretlager_gefraest,25
1562,62,0,E-Bike_Antrieb_installiert,E-Bike_Antrieb_installiert,55
1562,63,0,Citybike_Rahmen_lackiert,Citybike_Rahmen_lackiert,54
1562,64,1,Mountainbike_Antrieb_installiert,Mountainbike_Antrieb_installiert,20
1562,65,1,Mountainbike_Rahmen_lackiert,Mountainbike_Rahmen_lackiert,20
1562,66,0,Racebike_Bremsen_justiert,Racebike_Bremsen_justiert,42
1562,67,1,E-Bike_Tretlageraufnahme_geschweisst,E-Bike_Tretlageraufnahme_geschweisst,28
1562,68,0,E-Bike_Tretlager_gefraest,E-Bike_Tretlager_gefraest,47
1562,69,0,Mountainbike_Hauptrahmen_zugeschnitten,Mountainbike_Hauptrahmen_zugeschnitten,53
1562,70,0,Mountainbike_Hinterbau_vorbereitet,Mountainbike_Hinterbau_vorbereitet,40
1562,71,1,E-Bike_Laufraeder_montiert,E-Bike_Laufraeder_montiert,20
1562,72,2,Mountainbike_Tretlageraufnahme_geschweisst,Mountainbike_Tretlageraufnahme_geschweisst,13
1562,73,1,Citybike_Bremsen_justiert,Citybike_Bremsen_justiert,28
1562,74,1,Mountainbike_Rahmen_lackiert,Mountainbike_Rahmen_lackiert,20
1562,75,0,Mountainbike_Tretlager_gefraest,Mountainbike_Tretlager_gefraest,40
1562,76,1,Racebike_Tretlageraufnahme_geschweisst,Racebike_Tretlageraufnahme_geschweisst,24
1562,77,1,Mountainbike_Fahrrad_endmontiert,Mountainbike_Fahrrad_endmontiert,25
1562,78,2,Mountainbike_Bremsen_justiert,Mountainbike_Bremsen_justiert,15
1562,79,1,E-Bike_Tretlager_gefraest,E-Bike_Tretlager_gefraest,28
1562,80,1,E-Bike_Hauptrahmen_zugeschnitten,E-Bike_Hauptrahmen_zugeschnitten,20
1562,81,0,Mountainbike_Steuerrohr_montiert,Mountainbike_Steuerrohr_montiert,40
1562,82,1,Citybike_Rahmen_lackiert,Citybike_Rahmen_lackiert,28
1562,83,1,Citybike_Rahmen_nachbearbeitet,Citybike_Rahmen_nachbearbeitet,20
1562,84,2,Citybike_Schaltauge_bearbeitet,Citybike_Schaltauge_bearbeitet,18
1562,85,1,Racebike_Rahmen_lackiert,Racebike_Rahmen_lackiert,15
1562,86,1,Mountainbike_Bremsaufnahme_gebohrt,Mountainbike_Bremsaufnahme_gebohrt,25
1562,87,0,Citybike_Fahrrad_endmontiert,Citybike_Fahrrad_endmontiert,39
1562,88,0,Racebike_Rahmen_lackiert,Racebike_Rahmen_lackiert,42
1562,89,2,Mountainbike_Steuerrohr_ausgerieben,Mountainbike_Steuerrohr_ausgerieben,12
1562,90,2,Mountainbike_Laufraeder_montiert,Mountainbike_Laufraeder_montiert,15
1562,91,0,Racebike_Tretlager_gefraest,Racebike_Tretlager_gefraest,40
1562,92,0,Citybike_Hauptrahmen_zugeschnitten,Citybike_Hauptrahmen_zugeschnitten,43
1562,93,1,Racebike_Steuerrohr_ausgerieben,Racebike_Steuerrohr_ausgerieben,24
1562,94,0,E-Bike_Fahrrad_endmontiert,E-Bike_Fahrrad_endmontiert,43
1562,95,2,Mountainbike_Antrieb_installiert,Mountainbike_Antrieb_installiert,15
1562,96,0,Citybike_Rahmen_komplettiert,Citybike_Rahmen_komplettiert,54
1562,97,1,Mountainbike_Rahmen_nachbearbeitet,Mountainbike_Rahmen_nachbearbeitet,25
1562,98,0,Mountainbike_Steuerrohr_montiert,Mountainbike_Steuerrohr_montiert,40
1562,99,0,Racebike_Rahmen_komplettiert,Racebike_Rahmen_komplettiert,35
1562,100,0,E-Bike_Hinterbau_vorbereitet,E-Bike_Hinterbau_vorbereitet,47
1562,101,0,Racebike_Hinterbau_vorbereitet,Racebike_Hinterbau_vorbereitet,47
1562,102,1,Racebike_Hauptrahmen_zugeschnitten,Racebike_Hauptrahmen_zugeschnitten,24
1562,103,1,E-Bike_Hinterbau_vorbereitet,E-Bike_Hinterbau_vorbereitet,28
1562,104,1,E-Bike_Hinterbau_vorbereitet,E-Bike_Hinterbau_vorbereitet,15
1562,105,1,Racebike_Rahmen_nachbearbeitet,Racebike_Rahmen_nachbearbeitet,26
1562,106,2,Citybike_Steuerrohr_montiert,Citybike_Steuerrohr_montiert,18
1562,107,0,E-Bike_Rahmen_nachbearbeitet,E-Bike_Rahmen_nachbearbeitet,47
1562,108,2,E-Bike_Steuerrohr_montiert,E-Bike_Steuerrohr_montiert,24
1562,109,0,E-Bike_Bremsen_justiert,E-Bike_Bremsen_justiert,40
1562,110,1,Racebike_Bremsaufnahme_gebohrt,Racebike_Bremsaufnahme_gebohrt,20
1562,111,1,E-Bike_Rahmen_lackiert,E-Bike_Rahmen_lackiert,28
1562,112,2,E-Bike_Rahmen_komplettiert,E-Bike_Rahmen_komplettiert,15
1562,113,2,Racebike_Antrieb_installiert,Racebike_Antrieb_installiert,25
1562,114,1,Citybike_Fahrrad_endmontiert,Citybike_Fahrrad_endmontiert,28
1562,115,2,Racebike_Rahmen_komplettiert,Racebike_Rahmen_komplettiert,15
1562,116,1,Racebike_Schaltauge_bearbeitet,Racebike_Schaltauge_bearbeitet,15
1562,117,1,Racebike_Steuerrohr_ausgerieben,Racebike_Steuerrohr_ausgerieben,20
1562,118,2,Racebike_Hauptrahmen_zugeschnitten,Racebike_Hauptrahmen_zugeschnitten,15
1562,119,0,Racebike_Steuerrohr_montiert,Racebike_Steuerrohr_montiert,47
1562,120,0,Racebike_Bremsen_justiert,Racebike_Bremsen_justiert,40
1562,121,1,E-Bike_Hauptrahmen_zugeschnitten,E-Bike_Hauptrahmen_zugeschnitten,28
1562,122,2,E-Bike_Schaltauge_bearbeitet,E-Bike_Schaltauge_bearbeitet,25
1562,123,2,E-Bike_Rahmen_nachbearbeitet,E-Bike_Rahmen_nachbearbeitet,15
1563,4,1,Racebike_Hinterbau_vorbereitet,Racebike_Hinterbau_vorbereitet,20
1563,5,1,Mountainbike_Tretlager_gefraest,Mountainbike_Tretlager_gefraest,25
1563,6,2,Racebike_Rahmen_nachbearbeitet,Racebike_Rahmen_nachbearbeitet,25
1563,7,2,E-Bike_Tretlageraufnahme_geschweisst,E-Bike_Tretlageraufnahme_geschweisst,25
1563,8,0,E-Bike_Bremsaufnahme_gebohrt,E-Bike_Bremsaufnahme_gebohrt,55
1563,9,1,E-Bike_Bremsen_justiert,E-Bike_Bremsen_justiert,28
1563,10,0,E-Bike_Steuerrohr_ausgerieben,E-Bike_Steuerrohr_ausgerieben,40
1563,11,1,Mountainbike_Fahrrad_endmontiert,Mountainbike_Fahrrad_endmontiert,26
1563,12,2,Mountainbike_Rahmen_lackiert,Mountainbike_Rahmen_lackiert,24
1563,13,0,Racebike_Antrieb_installiert,Racebike_Antrieb_installiert,47
1563,14,1,Mountainbike_Fahrrad_endmontiert,Mountainbike_Fahrrad_endmontiert,15
1563,15,0,E-Bike_Tretlager_gefraest,E-Bike_Tretlager_gefraest,47
1563,16,2,Racebike_Antrieb_installiert,Racebike_Antrieb_installiert,16
1563,17,1,E-Bike_Hinterbau_vorbereitet,E-Bike_Hinterbau_vorbereitet,28
1563,18,0,E-Bike_Rahmen_nachbearbeitet,E-Bike_Rahmen_nachbearbeitet,40
1563,19,0,E-Bike_Tretlager_gefraest,E-Bike_Tretlager_gefraest,40
1563,20,0,Citybike_Hinterbau_vorbereitet,Citybike_Hinterbau_vorbereitet,54
1563,21,1,Racebike_Tretlageraufnahme_geschweisst,Racebike_Tretlageraufnahme_geschweisst,26
1563,22,1,Citybike_Bremsen_justiert,Citybike_Bremsen_justiert,25
1563,23,1,Mountainbike_Steuerrohr_montiert,Mountainbike_Steuerrohr_montiert,20
1563,24,1,Citybike_Tretlager_gefraest,Citybike_Tretlager_gefraest,15
1563,25,0,Racebike_Hauptrahmen_zugeschnitten,Racebike_Hauptrahmen_zugeschnitten,42
1563,26,1,E-Bike_Hinterbau_vorbereitet,E-Bike_Hinterbau_vorbereitet,27
1563,27,1,Racebike_Rahmen_nachbearbeitet,Racebike_Rahmen_nachbearbeitet,26
1563,28,1,Racebike_Fahrrad_endmontiert,Racebike_Fahrrad_endmontiert,20
1563,29,1,Racebike_Laufraeder_montiert,Racebike_Laufraeder_montiert,20
1563,30,1,E-Bike_Laufraeder_montiert,E-Bike_Laufraeder_montiert,28
1563,31,1,Citybike_Hinterbau_vorbereitet,Citybike_Hinterbau_vorbereitet,28
1563,32,2,Mountainbike_Tretlageraufnahme_geschweisst,Mountainbike_Tretlageraufnahme_geschweisst,13
1563,33,1,Citybike_Antrieb_installiert,Citybike_Antrieb_installiert,20
1563,34,2,Racebike_Hinterbau_vorbereitet,Racebike_Hinterbau_vorbereitet,16
1563,35,0,E-Bike_Antrieb_installiert,E-Bike_Antrieb_installiert,47
1563,36,1,Mountainbike_Rahmen_komplettiert,Mountainbike_Rahmen_komplettiert,20
1563,37,2,E-Bike_Bremsaufnahme_gebohrt,E-Bike_Bremsaufnahme_gebohrt,25
1563,38,0,Mountainbike_Schaltauge_bearbeitet,Mountainbike_Schaltauge_bearbeitet,53
1563,39,2,Mountainbike_Bremsen_justiert,Mountainbike_Bremsen_justiert,24
1563,40,1,Mountainbike_Antrieb_installiert,Mountainbike_Antrieb_installiert,20
1563,41,0,Citybike_Rahmen_nachbearbeitet,Citybike_Rahmen_nachbearbeitet,39
1563,42,1,E-Bike_Hauptrahmen_zugeschnitten,E-Bike_Hauptrahmen_zugeschnitten,28
1563,43,0,Mountainbike_Rahmen_lackiert,Mountainbike_Rahmen_lackiert,40
1563,44,2,Citybike_Hauptrahmen_zugeschnitten,Citybike_Hauptrahmen_zugeschnitten,18
1563,45,2,Mountainbike_Hinterbau_vorbereitet,Mountainbike_Hinterbau_vorbereitet,12
1563,46,0,Mountainbike_Bremsaufnahme_gebohrt,Mountainbike_Bremsaufnahme_gebohrt,40
1563,47,0,Racebike_Rahmen_lackiert,Racebike_Rahmen_lackiert,35
1563,48,1,Mountainbike_Rahmen_komplettiert,Mountainbike_Rahmen_komplettiert,26
1563,49,0,Mountainbike_Hinterbau_vorbereitet,Mountainbike_Hinterbau_vorbereitet,38
1563,50,1,Mountainbike_Bremsaufnahme_gebohrt,Mountainbike_Bremsaufnahme_gebohrt,20
1563,51,1,Racebike_Tretlager_gefraest,Racebike_Tretlager_gefraest,24
1563,52,1,E-Bike_Schaltauge_bearbeitet,E-Bike_Schaltauge_bearbeitet,28
1563,53,2,Mountainbike_Bremsen_justiert,Mountainbike_Bremsen_justiert,15
1563,54,0,Citybike_Rahmen_lackiert,Citybike_Rahmen_lackiert,39
1563,55,2,Mountainbike_Laufraeder_montiert,Mountainbike_Laufraeder_montiert,15
1563,56,2,Citybike_Schaltauge_bearbeitet,Citybike_Schaltauge_bearbeitet,18
1563,57,1,Citybike_Bremsen_justiert,Citybike_Bremsen_justiert,28
1563,58,2,E-Bike_Rahmen_komplettiert,E-Bike_Rahmen_komplettiert,24
1563,59,2,Citybike_Tretlageraufnahme_geschweisst,Citybike_Tretlageraufnahme_geschweisst,15
1563,60,0,Mountainbike_Rahmen_nachbearbeitet,Mountainbike_Rahmen_nachbearbeitet,40
1563,61,0,Citybike_Fahrrad_endmontiert,Citybike_Fahrrad_endmontiert,39
1563,62,1,Mountainbike_Fahrrad_endmontiert,Mountainbike_Fahrrad_endmontiert,20
1563,63,2,Mountainbike_Steuerrohr_ausgerieben,Mountainbike_Steuerrohr_ausgerieben,12
1563,64,1,E-Bike_Hinterbau_vorbereitet,E-Bike_Hinterbau_vorbereitet,28
1563,65,2,Mountainbike_Tretlageraufnahme_geschweisst,Mountainbike_Tretlageraufnahme_geschweisst,15
1563,66,1,Racebike_Tretlageraufnahme_geschweisst,Racebike_Tretlageraufnahme_geschweisst,26
1563,67,0,Citybike_Hauptrahmen_zugeschnitten,Citybike_Hauptrahmen_zugeschnitten,40
1563,68,2,Racebike_Rahmen_komplettiert,Racebike_Rahmen_komplettiert,16
1563,69,0,Racebike_Bremsen_justiert,Racebike_Bremsen_justiert,42
1563,70,0,Citybike_Rahmen_komplettiert,Citybike_Rahmen_komplettiert,43
1563,71,0,Racebike_Fahrrad_endmontiert,Racebike_Fahrrad_endmontiert,42
1563,72,1,Racebike_Rahmen_lackiert,Racebike_Rahmen_lackiert,20
1563,73,0,Mountainbike_Hinterbau_vorbereitet,Mountainbike_Hinterbau_vorbereitet,38
1563,74,0,Racebike_Tretlager_gefraest,Racebike_Tretlager_gefraest,35
1563,75,0,Mountainbike_Hauptrahmen_zugeschnitten,Mountainbike_Hauptrahmen_zugeschnitten,38
1563,76,1,Citybike_Rahmen_lackiert,Citybike_Rahmen_lackiert,25
1563,77,0,E-Bike_Rahmen_nachbearbeitet,E-Bike_Rahmen_nachbearbeitet,55
1563,78,1,Mountainbike_Bremsaufnahme_gebohrt,Mountainbike_Bremsaufnahme_gebohrt,20
1563,79,0,Mountainbike_Tretlager_gefraest,Mountainbike_Tretlager_gefraest,53
1563,80,1,Citybike_Rahmen_nachbearbeitet,Citybike_Rahmen_nachbearbeitet,15
1563,81,2,Mountainbike_Rahmen_nachbearbeitet,Mountainbike_Rahmen_nachbearbeitet,13
1563,82,1,Mountainbike_Rahmen_lackiert,Mountainbike_Rahmen_lackiert,20
1563,83,0,E-Bike_Hinterbau_vorbereitet,E-Bike_Hinterbau_vorbereitet,55
1563,84,1,Mountainbike_Rahmen_nachbearbeitet,Mountainbike_Rahmen_nachbearbeitet,20
1563,85,1,E-Bike_Tretlageraufnahme_geschweisst,E-Bike_Tretlageraufnahme_geschweisst,28
1563,86,2,Mountainbike_Tretlageraufnahme_geschweisst,Mountainbike_Tretlageraufnahme_geschweisst,15
1563,87,0,Racebike_Hinterbau_vorbereitet,Racebike_Hinterbau_vorbereitet,47
1563,88,1,Mountainbike_Hauptrahmen_zugeschnitten,Mountainbike_Hauptrahmen_zugeschnitten,26
1563,89,1,Mountainbike_Rahmen_lackiert,Mountainbike_Rahmen_lackiert,20
1563,90,0,Mountainbike_Steuerrohr_montiert,Mountainbike_Steuerrohr_montiert,38
1563,91,2,E-Bike_Steuerrohr_montiert,E-Bike_Steuerrohr_montiert,24
1563,92,0,Mountainbike_Hauptrahmen_zugeschnitten,Mountainbike_Hauptrahmen_zugeschnitten,40
1563,93,1,E-Bike_Tretlager_gefraest,E-Bike_Tretlager_gefraest,28
1563,94,1,Racebike_Steuerrohr_ausgerieben,Racebike_Steuerrohr_ausgerieben,26
1563,95,1,E-Bike_Rahmen_lackiert,E-Bike_Rahmen_lackiert,28
1563,96,1,Mountainbike_Steuerrohr_ausgerieben,Mountainbike_Steuerrohr_ausgerieben,26
1563,97,0,Racebike_Rahmen_komplettiert,Racebike_Rahmen_komplettiert,35
1563,98,1,Mountainbike_Steuerrohr_montiert,Mountainbike_Steuerrohr_montiert,20
1563,99,0,Mountainbike_Tretlager_gefraest,Mountainbike_Tretlager_gefraest,38
1563,100,0,E-Bike_Fahrrad_endmontiert,E-Bike_Fahrrad_endmontiert,55
1563,101,2,Mountainbike_Laufraeder_montiert,Mountainbike_Laufraeder_montiert,24
1563,102,1,E-Bike_Hinterbau_vorbereitet,E-Bike_Hinterbau_vorbereitet,28
1563,103,2,E-Bike_Rahmen_komplettiert,E-Bike_Rahmen_komplettiert,24
1563,104,2,Mountainbike_Antrieb_installiert,Mountainbike_Antrieb_installiert,24
1563,105,1,Racebike_Bremsaufnahme_gebohrt,Racebike_Bremsaufnahme_gebohrt,26
1563,106,2,Racebike_Rahmen_komplettiert,Racebike_Rahmen_komplettiert,16
1563,107,1,Racebike_Steuerrohr_ausgerieben,Racebike_Steuerrohr_ausgerieben,20
1563,108,2,Citybike_Steuerrohr_montiert,Citybike_Steuerrohr_montiert,18
1563,109,2,Racebike_Hauptrahmen_zugeschnitten,Racebike_Hauptrahmen_zugeschnitten,10
1563,110,0,Mountainbike_Steuerrohr_montiert,Mountainbike_Steuerrohr_montiert,53
1563,111,0,Racebike_Steuerrohr_montiert,Racebike_Steuerrohr_montiert,35
1563,112,0,E-Bike_Bremsen_justiert,E-Bike_Bremsen_justiert,47
1563,113,0,Racebike_Bremsen_justiert,Racebike_Bremsen_justiert,47
1563,114,1,Citybike_Fahrrad_endmontiert,Citybike_Fahrrad_endmontiert,25
1563,115,0,Racebike_Rahmen_lackiert,Racebike_Rahmen_lackiert,40
1563,116,1,E-Bike_Hauptrahmen_zugeschnitten,E-Bike_Hauptrahmen_zugeschnitten,27
1563,117,0,Racebike_Rahmen_komplettiert,Racebike_Rahmen_komplettiert,40
1563,118,1,Racebike_Hauptrahmen_zugeschnitten,Racebike_Hauptrahmen_zugeschnitten,26
1563,119,1,Racebike_Rahmen_nachbearbeitet,Racebike_Rahmen_nachbearbeitet,20
1563,120,2,Racebike_Antrieb_installiert,Racebike_Antrieb_installiert,15
1563,121,2,E-Bike_Schaltauge_bearbeitet,E-Bike_Schaltauge_bearbeitet,25
1563,122,1,Racebike_Schaltauge_bearbeitet,Racebike_Schaltauge_bearbeitet,20
1563,123,2,E-Bike_Rahmen_nachbearbeitet,E-Bike_Rahmen_nachbearbeitet,15
1564,3,2,E-Bike_Tretlageraufnahme_geschweisst,E-Bike_Tretlageraufnahme_geschweisst,15
1564,5,2,Mountainbike_Rahmen_lackiert,Mountainbike_Rahmen_lackiert,24
1564,6,0,E-Bike_Steuerrohr_ausgerieben,E-Bike_Steuerrohr_ausgerieben,55
1564,7,0,Mountainbike_Tretlager_gefraest,Mountainbike_Tretlager_gefraest,53
1564,8,1,E-Bike_Schaltauge_bearbeitet,E-Bike_Schaltauge_bearbeitet,28
1564,9,1,Mountainbike_Tretlager_gefraest,Mountainbike_Tretlager_gefraest,26
1564,10,2,Mountainbike_Rahmen_nachbearbeitet,Mountainbike_Rahmen_nachbearbeitet,15
1564,11,0,Racebike_Hauptrahmen_zugeschnitten,Racebike_Hauptrahmen_zugeschnitten,35
1564,12,0,Mountainbike_Hauptrahmen_zugeschnitten,Mountainbike_Hauptrahmen_zugeschnitten,38
1564,13,1,Citybike_Tretlager_gefraest,Citybike_Tretlager_gefraest,15
1564,14,1,Racebike_Laufraeder_montiert,Racebike_Laufraeder_montiert,15
1564,15,1,Mountainbike_Steuerrohr_ausgerieben,Mountainbike_Steuerrohr_ausgerieben,25
1564,16,2,Racebike_Antrieb_installiert,Racebike_Antrieb_installiert,16
1564,17,1,E-Bike_Hinterbau_vorbereitet,E-Bike_Hinterbau_vorbereitet,28
1564,18,0,E-Bike_Bremsaufnahme_gebohrt,E-Bike_Bremsaufnahme_gebohrt,55
1564,19,1,E-Bike_Bremsen_justiert,E-Bike_Bremsen_justiert,20
1564,20,1,E-Bike_Hinterbau_vorbereitet,E-Bike_Hinterbau_vorbereitet,20
1564,21,0,E-Bike_Rahmen_nachbearbeitet,E-Bike_Rahmen_nachbearbeitet,40
1564,22,0,E-Bike_Antrieb_installiert,E-Bike_Antrieb_installiert,40
1564,23,0,E-Bike_Tretlager_gefraest,E-Bike_Tretlager_gefraest,40
1564,24,1,Mountainbike_Steuerrohr_montiert,Mountainbike_Steuerrohr_montiert,26
1564,25,0,Citybike_Hinterbau_vorbereitet,Citybike_Hinterbau_vorbereitet,54
1564,26,0,E-Bike_Tretlager_gefraest,E-Bike_Tretlager_gefraest,43
1564,27,1,Racebike_Bremsaufnahme_gebohrt,Racebike_Bremsaufnahme_gebohrt,24
1564,28,2,E-Bike_Bremsaufnahme_gebohrt,E-Bike_Bremsaufnahme_gebohrt,25
1564,29,1,E-Bike_Laufraeder_montiert,E-Bike_Laufraeder_montiert,28
1564,30,1,Mountainbike_Antrieb_installiert,Mountainbike_Antrieb_installiert,26
1564,31,2,Mountainbike_Tretlageraufnahme_geschweisst,Mountainbike_Tretlageraufnahme_geschweisst,24
1564,32,0,Mountainbike_Rahmen_lackiert,Mountainbike_Rahmen_lackiert,53
1564,33,1,Mountainbike_Fahrrad_endmontiert,Mountainbike_Fahrrad_endmontiert,20
1564,34,1,Mountainbike_Rahmen_komplettiert,Mountainbike_Rahmen_komplettiert,20
1564,35,1,Citybike_Bremsen_justiert,Citybike_Bremsen_justiert,15
1564,36,1,Citybike_Bremsen_justiert,Citybike_Bremsen_justiert,15
1564,37,1,Citybike_Antrieb_installiert,Citybike_Antrieb_installiert,20
1564,38,2,Citybike_Tretlageraufnahme_geschweisst,Citybike_Tretlageraufnahme_geschweisst,18
1564,39,0,Mountainbike_Rahmen_nachbearbeitet,Mountainbike_Rahmen_nachbearbeitet,40
1564,40,1,Racebike_Fahrrad_endmontiert,Racebike_Fahrrad_endmontiert,15
1564,41,1,Racebike_Hinterbau_vorbereitet,Racebike_Hinterbau_vorbereitet,20
1564,42,2,Mountainbike_Tretlageraufnahme_geschweisst,Mountainbike_Tretlageraufnahme_geschweisst,12
1564,43,0,Mountainbike_Bremsaufnahme_gebohrt,Mountainbike_Bremsaufnahme_gebohrt,40
1564,44,2,Mountainbike_Bremsen_justiert,Mountainbike_Bremsen_justiert,15
1564,45,0,Racebike_Hinterbau_vorbereitet,Racebike_Hinterbau_vorbereitet,35
1564,46,1,Citybike_Hinterbau_vorbereitet,Citybike_Hinterbau_vorbereitet,25
1564,47,1,Mountainbike_Bremsaufnahme_gebohrt,Mountainbike_Bremsaufnahme_gebohrt,20
1564,48,1,Mountainbike_Rahmen_komplettiert,Mountainbike_Rahmen_komplettiert,20
1564,49,1,Racebike_Rahmen_nachbearbeitet,Racebike_Rahmen_nachbearbeitet,24
1564,50,2,Racebike_Rahmen_nachbearbeitet,Racebike_Rahmen_nachbearbeitet,16
1564,51,0,Racebike_Antrieb_installiert,Racebike_Antrieb_installiert,40
1564,52,0,Citybike_Rahmen_nachbearbeitet,Citybike_Rahmen_nachbearbeitet,43
1564,53,1,Citybike_Rahmen_lackiert,Citybike_Rahmen_lackiert,25
1564,54,1,Citybike_Rahmen_nachbearbeitet,Citybike_Rahmen_nachbearbeitet,20
1564,55,0,E-Bike_Hinterbau_vorbereitet,E-Bike_Hinterbau_vorbereitet,43
1564,56,2,Racebike_Rahmen_komplettiert,Racebike_Rahmen_komplettiert,15
1564,57,1,E-Bike_Hauptrahmen_zugeschnitten,E-Bike_Hauptrahmen_zugeschnitten,27
1564,58,1,Mountainbike_Hauptrahmen_zugeschnitten,Mountainbike_Hauptrahmen_zugeschnitten,26
1564,59,0,Mountainbike_Tretlageraufnahme_geschweisst,Mountainbike_Tretlageraufnahme_geschweisst,53
1564,60,1,Mountainbike_Rahmen_lackiert,Mountainbike_Rahmen_lackiert,20
1564,61,1,Mountainbike_Fahrrad_endmontiert,Mountainbike_Fahrrad_endmontiert,20
1564,62,1,Mountainbike_Steuerrohr_montiert,Mountainbike_Steuerrohr_montiert,20
1564,63,1,Mountainbike_Rahmen_nachbearbeitet,Mountainbike_Rahmen_nachbearbeitet,20
1564,64,0,Racebike_Bremsen_justiert,Racebike_Bremsen_justiert,35
1564,65,2,Citybike_Hauptrahmen_zugeschnitten,Citybike_Hauptrahmen_zugeschnitten,18
1564,66,0,Mountainbike_Hinterbau_vorbereitet,Mountainbike_Hinterbau_vorbereitet,38
1564,67,2,Racebike_Hinterbau_vorbereitet,Racebike_Hinterbau_vorbereitet,10
1564,68,0,Citybike_Rahmen_lackiert,Citybike_Rahmen_lackiert,39
1564,69,0,Racebike_Fahrrad_endmontiert,Racebike_Fahrrad_endmontiert,42
1564,70,2,Mountainbike_Hinterbau_vorbereitet,Mountainbike_Hinterbau_vorbereitet,13
1564,71,2,Mountainbike_Bremsen_justiert,Mountainbike_Bremsen_justiert,15
1564,72,2,Mountainbike_Steuerrohr_ausgerieben,Mountainbike_Steuerrohr_ausgerieben,15
1564,73,1,Racebike_Tretlageraufnahme_geschweisst,Racebike_Tretlageraufnahme_geschweisst,24
1564,74,2,Mountainbike_Laufraeder_montiert,Mountainbike_Laufraeder_montiert,15
1564,75,0,Racebike_Rahmen_lackiert,Racebike_Rahmen_lackiert,40
1564,76,2,Citybike_Schaltauge_bearbeitet,Citybike_Schaltauge_bearbeitet,18
1564,77,0,Mountainbike_Hauptrahmen_zugeschnitten,Mountainbike_Hauptrahmen_zugeschnitten,38
1564,78,1,Racebike_Bremsaufnahme_gebohrt,Racebike_Bremsaufnahme_gebohrt,20
1564,79,0,Mountainbike_Tretlager_gefraest,Mountainbike_Tretlager_gefraest,40
1564,80,1,Racebike_Tretlager_gefraest,Racebike_Tretlager_gefraest,20
1564,81,0,Citybike_Fahrrad_endmontiert,Citybike_Fahrrad_endmontiert,39
1564,82,2,Mountainbike_Tretlageraufnahme_geschweisst,Mountainbike_Tretlageraufnahme_geschweisst,12
1564,83,1,Racebike_Rahmen_lackiert,Racebike_Rahmen_lackiert,20
1564,84,2,E-Bike_Rahmen_komplettiert,E-Bike_Rahmen_komplettiert,24
1564,85,1,E-Bike_Tretlageraufnahme_geschweisst,E-Bike_Tretlageraufnahme_geschweisst,28
1564,86,1,Mountainbike_Bremsaufnahme_gebohrt,Mountainbike_Bremsaufnahme_gebohrt,26
1564,87,0,Citybike_Rahmen_komplettiert,Citybike_Rahmen_komplettiert,40
1564,88,1,E-Bike_Hinterbau_vorbereitet,E-Bike_Hinterbau_vorbereitet,28
1564,89,0,Citybike_Hauptrahmen_zugeschnitten,Citybike_Hauptrahmen_zugeschnitten,40
1564,90,1,Racebike_Tretlageraufnahme_geschweisst,Racebike_Tretlageraufnahme_geschweisst,26
1564,91,0,E-Bike_Rahmen_nachbearbeitet,E-Bike_Rahmen_nachbearbeitet,43
1564,92,1,E-Bike_Tretlager_gefraest,E-Bike_Tretlager_gefraest,28
1564,93,0,Mountainbike_Hinterbau_vorbereitet,Mountainbike_Hinterbau_vorbereitet,53
1564,94,0,Racebike_Tretlager_gefraest,Racebike_Tretlager_gefraest,35
1564,95,1,Mountainbike_Rahmen_lackiert,Mountainbike_Rahmen_lackiert,26
1564,96,2,Mountainbike_Laufraeder_montiert,Mountainbike_Laufraeder_montiert,24
1564,97,1,Racebike_Steuerrohr_ausgerieben,Racebike_Steuerrohr_ausgerieben,24
1564,98,2,E-Bike_Steuerrohr_montiert,E-Bike_Steuerrohr_montiert,24
1564,99,1,E-Bike_Rahmen_lackiert,E-Bike_Rahmen_lackiert,28
1564,100,2,Racebike_Rahmen_komplettiert,Racebike_Rahmen_komplettiert,25
1564,101,0,Mountainbike_Steuerrohr_montiert,Mountainbike_Steuerrohr_montiert,38
1564,102,0,E-Bike_Bremsen_justiert,E-Bike_Bremsen_justiert,55
1564,103,0,Racebike_Rahmen_lackiert,Racebike_Rahmen_lackiert,47
1564,104,2,E-Bike_Rahmen_komplettiert,E-Bike_Rahmen_komplettiert,25
1564,105,1,E-Bike_Hauptrahmen_zugeschnitten,E-Bike_Hauptrahmen_zugeschnitten,20
1564,106,0,Racebike_Rahmen_komplettiert,Racebike_Rahmen_komplettiert,40
1564,107,2,Mountainbike_Antrieb_installiert,Mountainbike_Antrieb_installiert,24
1564,108,0,E-Bike_Fahrrad_endmontiert,E-Bike_Fahrrad_endmontiert,47
1564,109,1,E-Bike_Hinterbau_vorbereitet,E-Bike_Hinterbau_vorbereitet,20
1564,110,1,Racebike_Steuerrohr_ausgerieben,Racebike_Steuerrohr_ausgerieben,26
1564,111,0,Mountainbike_Steuerrohr_montiert,Mountainbike_Steuerrohr_montiert,53
1564,112,2,E-Bike_Schaltauge_bearbeitet,E-Bike_Schaltauge_bearbeitet,24
1564,113,2,Racebike_Hauptrahmen_zugeschnitten,Racebike_Hauptrahmen_zugeschnitten,25
1564,114,0,Racebike_Rahmen_komplettiert,Racebike_Rahmen_komplettiert,35
1564,115,2,Citybike_Steuerrohr_montiert,Citybike_Steuerrohr_montiert,18
1564,116,1,Citybike_Fahrrad_endmontiert,Citybike_Fahrrad_endmontiert,25
1564,117,1,Racebike_Hauptrahmen_zugeschnitten,Racebike_Hauptrahmen_zugeschnitten,15
1564,118,2,E-Bike_Rahmen_nachbearbeitet,E-Bike_Rahmen_nachbearbeitet,24
1564,119,0,Racebike_Steuerrohr_montiert,Racebike_Steuerrohr_montiert,40
1564,120,1,Racebike_Rahmen_nachbearbeitet,Racebike_Rahmen_nachbearbeitet,20
1564,121,2,Racebike_Antrieb_installiert,Racebike_Antrieb_installiert,25
1564,122,0,Racebike_Bremsen_justiert,Racebike_Bremsen_justiert,40
1564,123,1,Racebike_Schaltauge_bearbeitet,Racebike_Schaltauge_bearbeitet,20
1565,4,1,Racebike_Bremsaufnahme_gebohrt,Racebike_Bremsaufnahme_gebohrt,20
1565,5,0,Mountainbike_Rahmen_lackiert,Mountainbike_Rahmen_lackiert,40
1565,6,2,Racebike_Antrieb_installiert,Racebike_Antrieb_installiert,25
1565,7,0,E-Bike_Steuerrohr_ausgerieben,E-Bike_Steuerrohr_ausgerieben,55
1565,8,1,E-Bike_Hinterbau_vorbereitet,E-Bike_Hinterbau_vorbereitet,28
1565,9,1,Racebike_Rahmen_nachbearbeitet,Racebike_Rahmen_nachbearbeitet,26
1565,10,2,Racebike_Rahmen_nachbearbeitet,Racebike_Rahmen_nachbearbeitet,15
1565,11,1,Mountainbike_Fahrrad_endmontiert,Mountainbike_Fahrrad_endmontiert,25
1565,12,1,E-Bike_Schaltauge_bearbeitet,E-Bike_Schaltauge_bearbeitet,28
1565,13,1,Mountainbike_Tretlager_gefraest,Mountainbike_Tretlager_gefraest,26
1565,14,0,E-Bike_Rahmen_nachbearbeitet,E-Bike_Rahmen_nachbearbeitet,40
1565,15,0,Citybike_Hinterbau_vorbereitet,Citybike_Hinterbau_vorbereitet,54
1565,16,1,Citybike_Hinterbau_vorbereitet,Citybike_Hinterbau_vorbereitet,15
1565,17,0,Citybike_Rahmen_nachbearbeitet,Citybike_Rahmen_nachbearbeitet,40
1565,18,2,Mountainbike_Rahmen_lackiert,Mountainbike_Rahmen_lackiert,13
1565,19,0,E-Bike_Tretlager_gefraest,E-Bike_Tretlager_gefraest,43
1565,20,0,Mountainbike_Tretlager_gefraest,Mountainbike_Tretlager_gefraest,53
1565,21,2,Citybike_Hauptrahmen_zugeschnitten,Citybike_Hauptrahmen_zugeschnitten,18
1565,22,1,Mountainbike_Steuerrohr_montiert,Mountainbike_Steuerrohr_montiert,20
1565,23,1,Mountainbike_Rahmen_komplettiert,Mountainbike_Rahmen_komplettiert,20
1565,24,0,Mountainbike_Rahmen_nachbearbeitet,Mountainbike_Rahmen_nachbearbeitet,40
1565,25,2,Mountainbike_Tretlageraufnahme_geschweisst,Mountainbike_Tretlageraufnahme_geschweisst,12
1565,26,0,E-Bike_Tretlager_gefraest,E-Bike_Tretlager_gefraest,55
1565,27,0,Citybike_Rahmen_lackiert,Citybike_Rahmen_lackiert,54
1565,28,2,E-Bike_Rahmen_komplettiert,E-Bike_Rahmen_komplettiert,24
1565,29,2,Citybike_Schaltauge_bearbeitet,Citybike_Schaltauge_bearbeitet,15
1565,30,2,Mountainbike_Tretlageraufnahme_geschweisst,Mountainbike_Tretlageraufnahme_geschweisst,12
1565,31,0,Mountainbike_Bremsaufnahme_gebohrt,Mountainbike_Bremsaufnahme_gebohrt,40
1565,32,1,Mountainbike_Fahrrad_endmontiert,Mountainbike_Fahrrad_endmontiert,20
1565,33,1,Mountainbike_Bremsaufnahme_gebohrt,Mountainbike_Bremsaufnahme_gebohrt,20
1565,34,2,E-Bike_Bremsaufnahme_gebohrt,E-Bike_Bremsaufnahme_gebohrt,24
1565,35,1,Mountainbike_Rahmen_komplettiert,Mountainbike_Rahmen_komplettiert,20
1565,36,1,Mountainbike_Hauptrahmen_zugeschnitten,Mountainbike_Hauptrahmen_zugeschnitten,20
1565,37,2,E-Bike_Tretlageraufnahme_geschweisst,E-Bike_Tretlageraufnahme_geschweisst,15
1565,38,1,Citybike_Bremsen_justiert,Citybike_Bremsen_justiert,15
1565,39,0,Mountainbike_Schaltauge_bearbeitet,Mountainbike_Schaltauge_bearbeitet,40
1565,40,1,Citybike_Antrieb_installiert,Citybike_Antrieb_installiert,20
1565,41,0,Mountainbike_Hinterbau_vorbereitet,Mountainbike_Hinterbau_vorbereitet,40
1565,42,0,E-Bike_Bremsaufnahme_gebohrt,E-Bike_Bremsaufnahme_gebohrt,55
1565,43,0,Citybike_Fahrrad_endmontiert,Citybike_Fahrrad_endmontiert,54
1565,44,0,Racebike_Hauptrahmen_zugeschnitten,Racebike_Hauptrahmen_zugeschnitten,42
1565,45,0,E-Bike_Hinterbau_vorbereitet,E-Bike_Hinterbau_vorbereitet,47
1565,46,1,Mountainbike_Antrieb_installiert,Mountainbike_Antrieb_installiert,20
1565,47,2,Mountainbike_Rahmen_nachbearbeitet,Mountainbike_Rahmen_nachbearbeitet,24
1565,48,0,Mountainbike_Hauptrahmen_zugeschnitten,Mountainbike_Hauptrahmen_zugeschnitten,53
1565,49,0,Racebike_Fahrrad_endmontiert,Racebike_Fahrrad_endmontiert,35
1565,50,2,Citybike_Tretlageraufnahme_geschweisst,Citybike_Tretlageraufnahme_geschweisst,18
1565,51,1,E-Bike_Laufraeder_montiert,E-Bike_Laufraeder_montiert,28
1565,52,2,Racebike_Hinterbau_vorbereitet,Racebike_Hinterbau_vorbereitet,10
1565,53,1,Mountainbike_Steuerrohr_montiert,Mountainbike_Steuerrohr_montiert,26
1565,54,1,Mountainbike_Fahrrad_endmontiert,Mountainbike_Fahrrad_endmontiert,20
1565,55,1,E-Bike_Bremsen_justiert,E-Bike_Bremsen_justiert,28
1565,56,1,E-Bike_Tretlageraufnahme_geschweisst,E-Bike_Tretlageraufnahme_geschweisst,20
1565,57,2,Mountainbike_Bremsen_justiert,Mountainbike_Bremsen_justiert,13
1565,58,0,Racebike_Antrieb_installiert,Racebike_Antrieb_installiert,40
1565,59,1,E-Bike_Hinterbau_vorbereitet,E-Bike_Hinterbau_vorbereitet,20
1565,60,0,E-Bike_Antrieb_installiert,E-Bike_Antrieb_installiert,47
1565,61,1,Racebike_Fahrrad_endmontiert,Racebike_Fahrrad_endmontiert,26
1565,62,1,Citybike_Rahmen_lackiert,Citybike_Rahmen_lackiert,25
1565,63,1,Citybike_Rahmen_nachbearbeitet,Citybike_Rahmen_nachbearbeitet,20
1565,64,0,Racebike_Rahmen_lackiert,Racebike_Rahmen_lackiert,47
1565,65,1,Mountainbike_Steuerrohr_ausgerieben,Mountainbike_Steuerrohr_ausgerieben,20
1565,66,1,E-Bike_Hauptrahmen_zugeschnitten,E-Bike_Hauptrahmen_zugeschnitten,28
1565,67,0,Mountainbike_Hinterbau_vorbereitet,Mountainbike_Hinterbau_vorbereitet,38
1565,68,1,Citybike_Tretlager_gefraest,Citybike_Tretlager_gefraest,28
1565,69,1,Mountainbike_Bremsaufnahme_gebohrt,Mountainbike_Bremsaufnahme_gebohrt,20
1565,70,0,Citybike_Rahmen_komplettiert,Citybike_Rahmen_komplettiert,39
1565,71,1,Racebike_Tretlager_gefraest,Racebike_Tretlager_gefraest,24
1565,72,1,Racebike_Tretlageraufnahme_geschweisst,Racebike_Tretlageraufnahme_geschweisst,20
1565,73,1,Mountainbike_Rahmen_nachbearbeitet,Mountainbike_Rahmen_nachbearbeitet,25
1565,74,1,Citybike_Bremsen_justiert,Citybike_Bremsen_justiert,15
1565,75,2,Mountainbike_Bremsen_justiert,Mountainbike_Bremsen_justiert,10
1565,76,1,Mountainbike_Rahmen_lackiert,Mountainbike_Rahmen_lackiert,20
1565,77,2,Mountainbike_Steuerrohr_ausgerieben,Mountainbike_Steuerrohr_ausgerieben,15
1565,78,0,Racebike_Hinterbau_vorbereitet,Racebike_Hinterbau_vorbereitet,42
1565,79,0,Racebike_Rahmen_lackiert,Racebike_Rahmen_lackiert,40
1565,80,1,Mountainbike_Rahmen_lackiert,Mountainbike_Rahmen_lackiert,15
1565,81,1,Racebike_Laufraeder_montiert,Racebike_Laufraeder_montiert,24
1565,82,2,Racebike_Rahmen_komplettiert,Racebike_Rahmen_komplettiert,16
1565,83,0,Citybike_Hauptrahmen_zugeschnitten,Citybike_Hauptrahmen_zugeschnitten,43
1565,84,0,Racebike_Bremsen_justiert,Racebike_Bremsen_justiert,42
1565,85,1,E-Bike_Hinterbau_vorbereitet,E-Bike_Hinterbau_vorbereitet,28
1565,86,0,E-Bike_Bremsen_justiert,E-Bike_Bremsen_justiert,47
1565,87,1,Racebike_Tretlageraufnahme_geschweisst,Racebike_Tretlageraufnahme_geschweisst,26
1565,88,0,Mountainbike_Steuerrohr_montiert,Mountainbike_Steuerrohr_montiert,53
1565,89,0,Mountainbike_Tretlager_gefraest,Mountainbike_Tretlager_gefraest,40
1565,90,1,E-Bike_Tretlager_gefraest,E-Bike_Tretlager_gefraest,28
1565,91,2,Citybike_Steuerrohr_montiert,Citybike_Steuerrohr_montiert,18
1565,92,0,Racebike_Rahmen_komplettiert,Racebike_Rahmen_komplettiert,35
1565,93,2,Mountainbike_Laufraeder_montiert,Mountainbike_Laufraeder_montiert,12
1565,94,0,Racebike_Rahmen_komplettiert,Racebike_Rahmen_komplettiert,25
1565,95,1,Racebike_Rahmen_lackiert,Racebike_Rahmen_lackiert,26
1565,96,0,E-Bike_Fahrrad_endmontiert,E-Bike_Fahrrad_endmontiert,47
1565,97,2,Mountainbike_Hinterbau_vorbereitet,Mountainbike_Hinterbau_vorbereitet,15
1565,98,1,Racebike_Bremsaufnahme_gebohrt,Racebike_Bremsaufnahme_gebohrt,20
1565,99,0,E-Bike_Rahmen_nachbearbeitet,E-Bike_Rahmen_nachbearbeitet,40
1565,100,1,E-Bike_Hinterbau_vorbereitet,E-Bike_Hinterbau_vorbereitet,28
1565,101,1,E-Bike_Hauptrahmen_zugeschnitten,E-Bike_Hauptrahmen_zugeschnitten,20
1565,102,2,E-Bike_Steuerrohr_montiert,E-Bike_Steuerrohr_montiert,24
1565,103,1,E-Bike_Rahmen_lackiert,E-Bike_Rahmen_lackiert,20
1565,104,2,Mountainbike_Antrieb_installiert,Mountainbike_Antrieb_installiert,24
1565,105,0,Mountainbike_Steuerrohr_montiert,Mountainbike_Steuerrohr_montiert,53
1565,106,1,Citybike_Fahrrad_endmontiert,Citybike_Fahrrad_endmontiert,28
1565,107,2,E-Bike_Rahmen_komplettiert,E-Bike_Rahmen_komplettiert,24
1565,108,1,Racebike_Hauptrahmen_zugeschnitten,Racebike_Hauptrahmen_zugeschnitten,15
1565,109,0,Racebike_Tretlager_gefraest,Racebike_Tretlager_gefraest,35
1565,110,1,Racebike_Steuerrohr_ausgerieben,Racebike_Steuerrohr_ausgerieben,20
1565,111,1,Racebike_Rahmen_nachbearbeitet,Racebike_Rahmen_nachbearbeitet,20
1565,112,2,Mountainbike_Laufraeder_montiert,Mountainbike_Laufraeder_montiert,24
1565,113,0,Mountainbike_Hauptrahmen_zugeschnitten,Mountainbike_Hauptrahmen_zugeschnitten,38
1565,114,2,Racebike_Antrieb_installiert,Racebike_Antrieb_installiert,16
1565,115,1,Racebike_Schaltauge_bearbeitet,Racebike_Schaltauge_bearbeitet,20
1565,116,2,Mountainbike_Tretlageraufnahme_geschweisst,Mountainbike_Tretlageraufnahme_geschweisst,13
1565,117,2,Racebike_Rahmen_komplettiert,Racebike_Rahmen_komplettiert,16
1565,118,1,Racebike_Steuerrohr_ausgerieben,Racebike_Steuerrohr_ausgerieben,20
1565,119,2,Racebike_Hauptrahmen_zugeschnitten,Racebike_Hauptrahmen_zugeschnitten,15
1565,120,0,Racebike_Steuerrohr_montiert,Racebike_Steuerrohr_montiert,35
1565,121,0,Racebike_Bremsen_justiert,Racebike_Bremsen_justiert,40
1565,122,2,E-Bike_Schaltauge_bearbeitet,E-Bike_Schaltauge_bearbeitet,25
1565,123,2,E-Bike_Rahmen_nachbearbeitet,E-Bike_Rahmen_nachbearbeitet,15
1566,2,2,E-Bike_Tretlageraufnahme_geschweisst,E-Bike_Tretlageraufnahme_geschweisst,15
1566,4,1,Citybike_Hinterbau_vorbereitet,Citybike_Hinterbau_vorbereitet,15
1566,6,0,E-Bike_Steuerrohr_ausgerieben,E-Bike_Steuerrohr_ausgerieben,43
1566,7,2,Racebike_Antrieb_installiert,Racebike_Antrieb_installiert,25
1566,8,0,E-Bike_Bremsaufnahme_gebohrt,E-Bike_Bremsaufnahme_gebohrt,40
1566,9,0,Mountainbike_Rahmen_nachbearbeitet,Mountainbike_Rahmen_nachbearbeitet,53
1566,10,1,Racebike_Hinterbau_vorbereitet,Racebike_Hinterbau_vorbereitet,15
1566,11,1,Citybike_Tretlager_gefraest,Citybike_Tretlager_gefraest,25
1566,12,0,E-Bike_Tretlager_gefraest,E-Bike_Tretlager_gefraest,55
1566,13,0,Mountainbike_Schaltauge_bearbeitet,Mountainbike_Schaltauge_bearbeitet,53
1566,14,1,Racebike_Bremsaufnahme_gebohrt,Racebike_Bremsaufnahme_gebohrt,15
1566,15,1,Mountainbike_Fahrrad_endmontiert,Mountainbike_Fahrrad_endmontiert,25
1566,16,1,E-Bike_Bremsen_justiert,E-Bike_Bremsen_justiert,28
1566,17,2,Mountainbike_Tretlageraufnahme_geschweisst,Mountainbike_Tretlageraufnahme_geschweisst,13
1566,18,0,Racebike_Hauptrahmen_zugeschnitten,Racebike_Hauptrahmen_zugeschnitten,35
1566,19,1,E-Bike_Hinterbau_vorbereitet,E-Bike_Hinterbau_vorbereitet,20
1566,20,2,Racebike_Rahmen_nachbearbeitet,Racebike_Rahmen_nachbearbeitet,16
1566,21,0,Racebike_Antrieb_installiert,Racebike_Antrieb_installiert,40
1566,22,2,Mountainbike_Rahmen_lackiert,Mountainbike_Rahmen_lackiert,13
1566,23,0,Mountainbike_Rahmen_lackiert,Mountainbike_Rahmen_lackiert,38
1566,24,0,Mountainbike_Tretlager_gefraest,Mountainbike_Tretlager_gefraest,40
1566,25,1,E-Bike_Laufraeder_montiert,E-Bike_Laufraeder_montiert,20
1566,26,1,E-Bike_Hinterbau_vorbereitet,E-Bike_Hinterbau_vorbereitet,20
1566,27,0,Mountainbike_Bremsaufnahme_gebohrt,Mountainbike_Bremsaufnahme_gebohrt,40
1566,28,1,Citybike_Bremsen_justiert,Citybike_Bremsen_justiert,28
1566,29,0,E-Bike_Hinterbau_vorbereitet,E-Bike_Hinterbau_vorbereitet,55
1566,30,0,E-Bike_Antrieb_installiert,E-Bike_Antrieb_installiert,40
1566,31,1,Mountainbike_Rahmen_lackiert,Mountainbike_Rahmen_lackiert,20
1566,32,0,E-Bike_Rahmen_nachbearbeitet,E-Bike_Rahmen_nachbearbeitet,40
1566,33,1,Citybike_Antrieb_installiert,Citybike_Antrieb_installiert,15
1566,34,2,Citybike_Tretlageraufnahme_geschweisst,Citybike_Tretlageraufnahme_geschweisst,18
1566,35,1,Mountainbike_Tretlager_gefraest,Mountainbike_Tretlager_gefraest,20
1566,36,0,Racebike_Fahrrad_endmontiert,Racebike_Fahrrad_endmontiert,47
1566,37,1,E-Bike_Hauptrahmen_zugeschnitten,E-Bike_Hauptrahmen_zugeschnitten,28
1566,38,0,Citybike_Rahmen_nachbearbeitet,Citybike_Rahmen_nachbearbeitet,43
1566,39,1,Mountainbike_Steuerrohr_montiert,Mountainbike_Steuerrohr_montiert,26
1566,40,1,Racebike_Laufraeder_montiert,Racebike_Laufraeder_montiert,24
1566,41,0,E-Bike_Tretlager_gefraest,E-Bike_Tretlager_gefraest,43
1566,42,2,Mountainbike_Rahmen_nachbearbeitet,Mountainbike_Rahmen_nachbearbeitet,12
1566,43,2,Mountainbike_Tretlageraufnahme_geschweisst,Mountainbike_Tretlageraufnahme_geschweisst,15
1566,44,1,E-Bike_Hinterbau_vorbereitet,E-Bike_Hinterbau_vorbereitet,28
1566,45,0,Mountainbike_Hauptrahmen_zugeschnitten,Mountainbike_Hauptrahmen_zugeschnitten,53
1566,46,1,Citybike_Rahmen_lackiert,Citybike_Rahmen_lackiert,28
1566,47,2,Citybike_Hauptrahmen_zugeschnitten,Citybike_Hauptrahmen_zugeschnitten,18
1566,48,2,Racebike_Rahmen_komplettiert,Racebike_Rahmen_komplettiert,10
1566,49,2,E-Bike_Bremsaufnahme_gebohrt,E-Bike_Bremsaufnahme_gebohrt,25
1566,50,1,Mountainbike_Steuerrohr_ausgerieben,Mountainbike_Steuerrohr_ausgerieben,20
1566,51,2,Mountainbike_Bremsen_justiert,Mountainbike_Bremsen_justiert,24
1566,52,0,E-Bike_Rahmen_nachbearbeitet,E-Bike_Rahmen_nachbearbeitet,55
1566,53,1,Mountainbike_Antrieb_installiert,Mountainbike_Antrieb_installiert,20
1566,54,0,Citybike_Rahmen_lackiert,Citybike_Rahmen_lackiert,54
1566,55,1,Mountainbike_Rahmen_komplettiert,Mountainbike_Rahmen_komplettiert,20
1566,56,0,Mountainbike_Tretlager_gefraest,Mountainbike_Tretlager_gefraest,40
1566,57,0,Mountainbike_Hinterbau_vorbereitet,Mountainbike_Hinterbau_vorbereitet,40
1566,58,2,Mountainbike_Bremsen_justiert,Mountainbike_Bremsen_justiert,10
1566,59,1,Citybike_Rahmen_nachbearbeitet,Citybike_Rahmen_nachbearbeitet,15
1566,60,2,Citybike_Schaltauge_bearbeitet,Citybike_Schaltauge_bearbeitet,18
1566,61,1,Mountainbike_Hauptrahmen_zugeschnitten,Mountainbike_Hauptrahmen_zugeschnitten,20
1566,62,1,Racebike_Rahmen_nachbearbeitet,Racebike_Rahmen_nachbearbeitet,24
1566,63,1,Racebike_Tretlageraufnahme_geschweisst,Racebike_Tretlageraufnahme_geschweisst,20
1566,64,0,Mountainbike_Tretlageraufnahme_geschweisst,Mountainbike_Tretlageraufnahme_geschweisst,40
1566,65,2,Mountainbike_Laufraeder_montiert,Mountainbike_Laufraeder_montiert,12
1566,66,0,Racebike_Rahmen_komplettiert,Racebike_Rahmen_komplettiert,35
1566,67,0,Citybike_Fahrrad_endmontiert,Citybike_Fahrrad_endmontiert,43
1566,68,1,Citybike_Bremsen_justiert,Citybike_Bremsen_justiert,25
1566,69,1,E-Bike_Schaltauge_bearbeitet,E-Bike_Schaltauge_bearbeitet,27
1566,70,2,E-Bike_Steuerrohr_montiert,E-Bike_Steuerrohr_montiert,24
1566,71,1,Mountainbike_Fahrrad_endmontiert,Mountainbike_Fahrrad_endmontiert,26
1566,72,0,Racebike_Rahmen_lackiert,Racebike_Rahmen_lackiert,42
1566,73,0,E-Bike_Bremsen_justiert,E-Bike_Bremsen_justiert,47
1566,74,0,Citybike_Rahmen_komplettiert,Citybike_Rahmen_komplettiert,54
1566,75,2,Racebike_Hinterbau_vorbereitet,Racebike_Hinterbau_vorbereitet,25
1566,76,1,Racebike_Fahrrad_endmontiert,Racebike_Fahrrad_endmontiert,24
1566,77,0,Racebike_Bremsen_justiert,Racebike_Bremsen_justiert,42
1566,78,1,Mountainbike_Steuerrohr_montiert,Mountainbike_Steuerrohr_montiert,25
1566,79,2,Mountainbike_Steuerrohr_ausgerieben,Mountainbike_Steuerrohr_ausgerieben,13
1566,80,2,Mountainbike_Hinterbau_vorbereitet,Mountainbike_Hinterbau_vorbereitet,15
1566,81,0,Racebike_Rahmen_lackiert,Racebike_Rahmen_lackiert,40
1566,82,1,Mountainbike_Fahrrad_endmontiert,Mountainbike_Fahrrad_endmontiert,20
1566,83,1,Racebike_Rahmen_lackiert,Racebike_Rahmen_lackiert,24
1566,84,1,Racebike_Tretlager_gefraest,Racebike_Tretlager_gefraest,20
1566,85,1,E-Bike_Rahmen_lackiert,E-Bike_Rahmen_lackiert,28
1566,86,0,Citybike_Hauptrahmen_zugeschnitten,Citybike_Hauptrahmen_zugeschnitten,43
1566,87,2,Mountainbike_Antrieb_installiert,Mountainbike_Antrieb_installiert,15
1566,88,1,E-Bike_Hauptrahmen_zugeschnitten,E-Bike_Hauptrahmen_zugeschnitten,20
1566,89,0,Mountainbike_Steuerrohr_montiert,Mountainbike_Steuerrohr_montiert,40
1566,90,2,E-Bike_Schaltauge_bearbeitet,E-Bike_Schaltauge_bearbeitet,24
1566,91,2,E-Bike_Rahmen_komplettiert,E-Bike_Rahmen_komplettiert,15
1566,92,2,E-Bike_Rahmen_nachbearbeitet,E-Bike_Rahmen_nachbearbeitet,15
1566,93,1,Mountainbike_Bremsaufnahme_gebohrt,Mountainbike_Bremsaufnahme_gebohrt,26
1566,94,2,E-Bike_Rahmen_komplettiert,E-Bike_Rahmen_komplettiert,15
1566,95,1,Mountainbike_Bremsaufnahme_gebohrt,Mountainbike_Bremsaufnahme_gebohrt,15
1566,96,0,Racebike_Tretlager_gefraest,Racebike_Tretlager_gefraest,35
1566,97,0,Mountainbike_Hinterbau_vorbereitet,Mountainbike_Hinterbau_vorbereitet,38
1566,98,0,Racebike_Rahmen_komplettiert,Racebike_Rahmen_komplettiert,35
1566,99,1,Mountainbike_Rahmen_lackiert,Mountainbike_Rahmen_lackiert,20
1566,100,1,Racebike_Tretlageraufnahme_geschweisst,Racebike_Tretlageraufnahme_geschweisst,24
1566,101,0,Mountainbike_Steuerrohr_montiert,Mountainbike_Steuerrohr_montiert,38
1566,102,1,Mountainbike_Rahmen_nachbearbeitet,Mountainbike_Rahmen_nachbearbeitet,25
1566,103,2,Citybike_Steuerrohr_montiert,Citybike_Steuerrohr_montiert,15
1566,104,1,Racebike_Steuerrohr_ausgerieben,Racebike_Steuerrohr_ausgerieben,24
1566,105,1,E-Bike_Tretlageraufnahme_geschweisst,E-Bike_Tretlageraufnahme_geschweisst,28
1566,106,1,Racebike_Hauptrahmen_zugeschnitten,Racebike_Hauptrahmen_zugeschnitten,26
1566,107,1,E-Bike_Tretlager_gefraest,E-Bike_Tretlager_gefraest,28
1566,108,1,Citybike_Fahrrad_endmontiert,Citybike_Fahrrad_endmontiert,28
1566,109,1,Racebike_Rahmen_nachbearbeitet,Racebike_Rahmen_nachbearbeitet,15
1566,110,0,E-Bike_Fahrrad_endmontiert,E-Bike_Fahrrad_endmontiert,55
1566,111,0,Racebike_Hinterbau_vorbereitet,Racebike_Hinterbau_vorbereitet,47
1566,112,1,E-Bike_Hinterbau_vorbereitet,E-Bike_Hinterbau_vorbereitet,28
1566,113,1,Racebike_Bremsaufnahme_gebohrt,Racebike_Bremsaufnahme_gebohrt,26
1566,114,2,Mountainbike_Laufraeder_montiert,Mountainbike_Laufraeder_montiert,12
1566,115,2,Racebike_Rahmen_komplettiert,Racebike_Rahmen_komplettiert,16
1566,116,2,Racebike_Antrieb_installiert,Racebike_Antrieb_installiert,15
1566,117,1,Racebike_Schaltauge_bearbeitet,Racebike_Schaltauge_bearbeitet,20
1566,118,0,Mountainbike_Hauptrahmen_zugeschnitten,Mountainbike_Hauptrahmen_zugeschnitten,38
1566,119,2,Mountainbike_Tretlageraufnahme_geschweisst,Mountainbike_Tretlageraufnahme_geschweisst,13
1566,120,1,Racebike_Steuerrohr_ausgerieben,Racebike_Steuerrohr_ausgerieben,20
1566,121,2,Racebike_Hauptrahmen_zugeschnitten,Racebike_Hauptrahmen_zugeschnitten,16
1566,122,0,Racebike_Steuerrohr_montiert,Racebike_Steuerrohr_montiert,35
1566,123,0,Racebike_Bremsen_justiert,Racebike_Bremsen_justiert,40
1567,3,1,Mountainbike_Steuerrohr_montiert,Mountainbike_Steuerrohr_montiert,20
1567,5,1,Citybike_Hinterbau_vorbereitet,Citybike_Hinterbau_vorbereitet,15
1567,6,1,E-Bike_Hinterbau_vorbereitet,E-Bike_Hinterbau_vorbereitet,27
1567,7,0,Citybike_Rahmen_nachbearbeitet,Citybike_Rahmen_nachbearbeitet,54
1567,8,0,Citybike_Hinterbau_vorbereitet,Citybike_Hinterbau_vorbereitet,40
1567,9,0,Mountainbike_Schaltauge_bearbeitet,Mountainbike_Schaltauge_bearbeitet,40
1567,10,1,Mountainbike_Rahmen_komplettiert,Mountainbike_Rahmen_komplettiert,26
1567,11,1,Mountainbike_Antrieb_installiert,Mountainbike_Antrieb_installiert,20
1567,12,2,E-Bike_Tretlageraufnahme_geschweisst,E-Bike_Tretlageraufnahme_geschweisst,15
1567,13,1,Racebike_Hinterbau_vorbereitet,Racebike_Hinterbau_vorbereitet,24
1567,14,0,Mountainbike_Rahmen_lackiert,Mountainbike_Rahmen_lackiert,40
1567,15,2,Mountainbike_Tretlageraufnahme_geschweisst,Mountainbike_Tretlageraufnahme_geschweisst,24
1567,16,0,E-Bike_Rahmen_nachbearbeitet,E-Bike_Rahmen_nachbearbeitet,55
1567,17,1,Racebike_Bremsaufnahme_gebohrt,Racebike_Bremsaufnahme_gebohrt,20
1567,18,0,Mountainbike_Bremsaufnahme_gebohrt,Mountainbike_Bremsaufnahme_gebohrt,53
1567,19,0,Mountainbike_Hinterbau_vorbereitet,Mountainbike_Hinterbau_vorbereitet,40
1567,20,0,Mountainbike_Tretlageraufnahme_geschweisst,Mountainbike_Tretlageraufnahme_geschweisst,40
1567,21,2,Mountainbike_Bremsen_justiert,Mountainbike_Bremsen_justiert,15
1567,22,0,E-Bike_Bremsaufnahme_gebohrt,E-Bike_Bremsaufnahme_gebohrt,55
1567,23,1,Mountainbike_Fahrrad_endmontiert,Mountainbike_Fahrrad_endmontiert,25
1567,24,1,Mountainbike_Fahrrad_endmontiert,Mountainbike_Fahrrad_endmontiert,15
1567,25,1,E-Bike_Bremsen_justiert,E-Bike_Bremsen_justiert,28
1567,26,1,Mountainbike_Fahrrad_endmontiert,Mountainbike_Fahrrad_endmontiert,26
1567,27,0,E-Bike_Tretlager_gefraest,E-Bike_Tretlager_gefraest,40
1567,28,0,E-Bike_Tretlager_gefraest,E-Bike_Tretlager_gefraest,25
1567,29,0,Racebike_Hauptrahmen_zugeschnitten,Racebike_Hauptrahmen_zugeschnitten,47
1567,30,0,Mountainbike_Rahmen_nachbearbeitet,Mountainbike_Rahmen_nachbearbeitet,38
1567,31,2,Mountainbike_Bremsen_justiert,Mountainbike_Bremsen_justiert,10
1567,32,1,Mountainbike_Rahmen_komplettiert,Mountainbike_Rahmen_komplettiert,20
1567,33,1,Mountainbike_Bremsaufnahme_gebohrt,Mountainbike_Bremsaufnahme_gebohrt,20
1567,34,2,Citybike_Hauptrahmen_zugeschnitten,Citybike_Hauptrahmen_zugeschnitten,18
1567,35,1,Mountainbike_Bremsaufnahme_gebohrt,Mountainbike_Bremsaufnahme_gebohrt,15
1567,36,1,E-Bike_Schaltauge_bearbeitet,E-Bike_Schaltauge_bearbeitet,28
1567,37,1,Citybike_Bremsen_justiert,Citybike_Bremsen_justiert,28
1567,38,1,E-Bike_Hinterbau_vorbereitet,E-Bike_Hinterbau_vorbereitet,27
1567,39,1,Citybike_Antrieb_installiert,Citybike_Antrieb_installiert,28
1567,40,2,Mountainbike_Steuerrohr_ausgerieben,Mountainbike_Steuerrohr_ausgerieben,12
1567,41,0,Citybike_Rahmen_lackiert,Citybike_Rahmen_lackiert,39
1567,42,0,Racebike_Fahrrad_endmontiert,Racebike_Fahrrad_endmontiert,42
1567,43,2,Citybike_Schaltauge_bearbeitet,Citybike_Schaltauge_bearbeitet,18
1567,44,2,E-Bike_Rahmen_komplettiert,E-Bike_Rahmen_komplettiert,24
1567,45,1,Mountainbike_Hauptrahmen_zugeschnitten,Mountainbike_Hauptrahmen_zugeschnitten,20
1567,46,2,Racebike_Antrieb_installiert,Racebike_Antrieb_installiert,25
1567,47,2,E-Bike_Bremsaufnahme_gebohrt,E-Bike_Bremsaufnahme_gebohrt,25
1567,48,2,Mountainbike_Tretlageraufnahme_geschweisst,Mountainbike_Tretlageraufnahme_geschweisst,24
1567,49,2,Mountainbike_Hinterbau_vorbereitet,Mountainbike_Hinterbau_vorbereitet,15
1567,50,1,Mountainbike_Rahmen_lackiert,Mountainbike_Rahmen_lackiert,20
1567,51,2,Racebike_Rahmen_nachbearbeitet,Racebike_Rahmen_nachbearbeitet,16
1567,52,1,E-Bike_Laufraeder_montiert,E-Bike_Laufraeder_montiert,28
1567,53,2,Mountainbike_Rahmen_lackiert,Mountainbike_Rahmen_lackiert,13
1567,54,1,Racebike_Laufraeder_montiert,Racebike_Laufraeder_montiert,26
1567,55,1,Racebike_Fahrrad_endmontiert,Racebike_Fahrrad_endmontiert,20
1567,56,0,E-Bike_Antrieb_installiert,E-Bike_Antrieb_installiert,47
1567,57,0,Citybike_Fahrrad_endmontiert,Citybike_Fahrrad_endmontiert,54
1567,58,1,Racebike_Rahmen_nachbearbeitet,Racebike_Rahmen_nachbearbeitet,20
1567,59,0,Racebike_Rahmen_lackiert,Racebike_Rahmen_lackiert,42
1567,60,2,Citybike_Tretlageraufnahme_geschweisst,Citybike_Tretlageraufnahme_geschweisst,18
1567,61,0,Racebike_Hinterbau_vorbereitet,Racebike_Hinterbau_vorbereitet,40
1567,62,1,Mountainbike_Steuerrohr_montiert,Mountainbike_Steuerrohr_montiert,25
1567,63,0,Mountainbike_Tretlager_gefraest,Mountainbike_Tretlager_gefraest,38
1567,64,2,Racebike_Rahmen_komplettiert,Racebike_Rahmen_komplettiert,10
1567,65,2,Racebike_Hinterbau_vorbereitet,Racebike_Hinterbau_vorbereitet,15
1567,66,2,Mountainbike_Laufraeder_montiert,Mountainbike_Laufraeder_montiert,13
1567,67,0,Racebike_Bremsen_justiert,Racebike_Bremsen_justiert,35
1567,68,0,Racebike_Antrieb_installiert,Racebike_Antrieb_installiert,40
1567,69,0,Mountainbike_Hinterbau_vorbereitet,Mountainbike_Hinterbau_vorbereitet,38
1567,70,1,E-Bike_Tretlageraufnahme_geschweisst,E-Bike_Tretlageraufnahme_geschweisst,28
1567,71,1,Mountainbike_Rahmen_nachbearbeitet,Mountainbike_Rahmen_nachbearbeitet,26
1567,72,2,Mountainbike_Rahmen_nachbearbeitet,Mountainbike_Rahmen_nachbearbeitet,15
1567,73,0,Racebike_Rahmen_komplettiert,Racebike_Rahmen_komplettiert,35
1567,74,0,Mountainbike_Hauptrahmen_zugeschnitten,Mountainbike_Hauptrahmen_zugeschnitten,38
1567,75,0,Mountainbike_Hauptrahmen_zugeschnitten,Mountainbike_Hauptrahmen_zugeschnitten,25
1567,76,1,Citybike_Tretlager_gefraest,Citybike_Tretlager_gefraest,15
1567,77,1,Citybike_Rahmen_lackiert,Citybike_Rahmen_lackiert,20
1567,78,1,Racebike_Tretlageraufnahme_geschweisst,Racebike_Tretlageraufnahme_geschweisst,15
1567,79,1,Citybike_Bremsen_justiert,Citybike_Bremsen_justiert,25
1567,80,0,Citybike_Rahmen_komplettiert,Citybike_Rahmen_komplettiert,39
1567,81,1,Mountainbike_Steuerrohr_ausgerieben,Mountainbike_Steuerrohr_ausgerieben,20
1567,82,1,Racebike_Rahmen_lackiert,Racebike_Rahmen_lackiert,24
1567,83,1,E-Bike_Tretlager_gefraest,E-Bike_Tretlager_gefraest,28
1567,84,1,Mountainbike_Rahmen_lackiert,Mountainbike_Rahmen_lackiert,26
1567,85,1,Citybike_Rahmen_nachbearbeitet,Citybike_Rahmen_nachbearbeitet,15
1567,86,0,Mountainbike_Tretlager_gefraest,Mountainbike_Tretlager_gefraest,40
1567,87,1,Racebike_Hauptrahmen_zugeschnitten,Racebike_Hauptrahmen_zugeschnitten,15
1567,88,2,Mountainbike_Laufraeder_montiert,Mountainbike_Laufraeder_montiert,15
1567,89,1,E-Bike_Hauptrahmen_zugeschnitten,E-Bike_Hauptrahmen_zugeschnitten,28
1567,90,1,E-Bike_Hinterbau_vorbereitet,E-Bike_Hinterbau_vorbereitet,20
1567,91,2,Mountainbike_Antrieb_installiert,Mountainbike_Antrieb_installiert,15
1567,92,2,Mountainbike_Tretlageraufnahme_geschweisst,Mountainbike_Tretlageraufnahme_geschweisst,15
1567,93,0,Citybike_Hauptrahmen_zugeschnitten,Citybike_Hauptrahmen_zugeschnitten,39
1567,94,0,Racebike_Rahmen_komplettiert,Racebike_Rahmen_komplettiert,42
1567,95,0,E-Bike_Fahrrad_endmontiert,E-Bike_Fahrrad_endmontiert,47
1567,96,0,Racebike_Tretlager_gefraest,Racebike_Tretlager_gefraest,47
1567,97,1,Racebike_Bremsaufnahme_gebohrt,Racebike_Bremsaufnahme_gebohrt,26
1567,98,0,Racebike_Rahmen_lackiert,Racebike_Rahmen_lackiert,40
1567,99,1,E-Bike_Hinterbau_vorbereitet,E-Bike_Hinterbau_vorbereitet,28
1567,100,0,Mountainbike_Steuerrohr_montiert,Mountainbike_Steuerrohr_montiert,38
1567,101,0,Mountainbike_Steuerrohr_montiert,Mountainbike_Steuerrohr_montiert,25
1567,102,0,E-Bike_Rahmen_nachbearbeitet,E-Bike_Rahmen_nachbearbeitet,55
1567,103,1,Racebike_Tretlager_gefraest,Racebike_Tretlager_gefraest,26
1567,104,2,E-Bike_Steuerrohr_montiert,E-Bike_Steuerrohr_montiert,24
1567,105,1,Racebike_Steuerrohr_ausgerieben,Racebike_Steuerrohr_ausgerieben,20
1567,106,2,Citybike_Steuerrohr_montiert,Citybike_Steuerrohr_montiert,15
1567,107,0,E-Bike_Hinterbau_vorbereitet,E-Bike_Hinterbau_vorbereitet,40
1567,108,2,Racebike_Rahmen_komplettiert,Racebike_Rahmen_komplettiert,10
1567,109,1,Racebike_Tretlageraufnahme_geschweisst,Racebike_Tretlageraufnahme_geschweisst,20
1567,110,1,Racebike_Rahmen_nachbearbeitet,Racebike_Rahmen_nachbearbeitet,20
1567,111,2,Racebike_Antrieb_installiert,Racebike_Antrieb_installiert,15
1567,112,1,E-Bike_Rahmen_lackiert,E-Bike_Rahmen_lackiert,28
1567,113,1,Racebike_Steuerrohr_ausgerieben,Racebike_Steuerrohr_ausgerieben,26
1567,114,2,E-Bike_Rahmen_komplettiert,E-Bike_Rahmen_komplettiert,25
1567,115,1,Racebike_Schaltauge_bearbeitet,Racebike_Schaltauge_bearbeitet,20
1567,116,0,E-Bike_Bremsen_justiert,E-Bike_Bremsen_justiert,40
1567,117,1,E-Bike_Hauptrahmen_zugeschnitten,E-Bike_Hauptrahmen_zugeschnitten,28
1567,118,1,Citybike_Fahrrad_endmontiert,Citybike_Fahrrad_endmontiert,28
1567,119,2,Racebike_Hauptrahmen_zugeschnitten,Racebike_Hauptrahmen_zugeschnitten,25
1567,120,2,E-Bike_Schaltauge_bearbeitet,E-Bike_Schaltauge_bearbeitet,25
1567,121,0,Racebike_Steuerrohr_montiert,Racebike_Steuerrohr_montiert,47
1567,122,0,Racebike_Bremsen_justiert,Racebike_Bremsen_justiert,40
1567,123,2,E-Bike_Rahmen_nachbearbeitet,E-Bike_Rahmen_nachbearbeitet,15
1568,3,0,Citybike_Hinterbau_vorbereitet,Citybike_Hinterbau_vorbereitet,39
1568,5,1,Citybike_Tretlager_gefraest,Citybike_Tretlager_gefraest,25
1568,6,1,Mountainbike_Fahrrad_endmontiert,Mountainbike_Fahrrad_endmontiert,20
1568,7,2,Mountainbike_Rahmen_lackiert,Mountainbike_Rahmen_lackiert,15
1568,8,2,Racebike_Antrieb_installiert,Racebike_Antrieb_installiert,16
1568,9,2,E-Bike_Tretlageraufnahme_geschweisst,E-Bike_Tretlageraufnahme_geschweisst,25
1568,10,0,Mountainbike_Tretlager_gefraest,Mountainbike_Tretlager_gefraest,40
1568,11,2,E-Bike_Rahmen_komplettiert,E-Bike_Rahmen_komplettiert,15
1568,12,0,Racebike_Hauptrahmen_zugeschnitten,Racebike_Hauptrahmen_zugeschnitten,35
1568,13,0,Mountainbike_Rahmen_lackiert,Mountainbike_Rahmen_lackiert,38
1568,14,0,E-Bike_Bremsaufnahme_gebohrt,E-Bike_Bremsaufnahme_gebohrt,55
1568,15,1,E-Bike_Schaltauge_bearbeitet,E-Bike_Schaltauge_bearbeitet,28
1568,16,0,E-Bike_Steuerrohr_ausgerieben,E-Bike_Steuerrohr_ausgerieben,40
1568,17,1,E-Bike_Hinterbau_vorbereitet,E-Bike_Hinterbau_vorbereitet,20
1568,18,1,E-Bike_Bremsen_justiert,E-Bike_Bremsen_justiert,20
1568,19,2,Mountainbike_Rahmen_nachbearbeitet,Mountainbike_Rahmen_nachbearbeitet,24
1568,20,1,Citybike_Hinterbau_vorbereitet,Citybike_Hinterbau_vorbereitet,28
1568,21,0,E-Bike_Rahmen_nachbearbeitet,E-Bike_Rahmen_nachbearbeitet,40
1568,22,1,Mountainbike_Tretlager_gefraest,Mountainbike_Tretlager_gefraest,20
1568,23,1,Mountainbike_Steuerrohr_montiert,Mountainbike_Steuerrohr_montiert,20
1568,24,1,Racebike_Rahmen_nachbearbeitet,Racebike_Rahmen_nachbearbeitet,24
1568,25,1,Citybike_Bremsen_justiert,Citybike_Bremsen_justiert,25
1568,26,1,Mountainbike_Rahmen_komplettiert,Mountainbike_Rahmen_komplettiert,20
1568,27,1,Citybike_Bremsen_justiert,Citybike_Bremsen_justiert,15
1568,28,0,Mountainbike_Hauptrahmen_zugeschnitten,Mountainbike_Hauptrahmen_zugeschnitten,53
1568,29,2,Racebike_Hinterbau_vorbereitet,Racebike_Hinterbau_vorbereitet,16
1568,30,0,Mountainbike_Tretlageraufnahme_geschweisst,Mountainbike_Tretlageraufnahme_geschweisst,40
1568,31,0,E-Bike_Tretlager_gefraest,E-Bike_Tretlager_gefraest,55
1568,32,0,Mountainbike_Bremsaufnahme_gebohrt,Mountainbike_Bremsaufnahme_gebohrt,53
1568,33,0,E-Bike_Tretlager_gefraest,E-Bike_Tretlager_gefraest,55
1568,34,2,Mountainbike_Tretlageraufnahme_geschweisst,Mountainbike_Tretlageraufnahme_geschweisst,13
1568,35,2,Mountainbike_Hinterbau_vorbereitet,Mountainbike_Hinterbau_vorbereitet,15
1568,36,2,Racebike_Rahmen_nachbearbeitet,Racebike_Rahmen_nachbearbeitet,16
1568,37,1,E-Bike_Hinterbau_vorbereitet,E-Bike_Hinterbau_vorbereitet,27
1568,38,2,E-Bike_Bremsaufnahme_gebohrt,E-Bike_Bremsaufnahme_gebohrt,25
1568,39,0,Mountainbike_Hinterbau_vorbereitet,Mountainbike_Hinterbau_vorbereitet,53
1568,40,1,Citybike_Antrieb_installiert,Citybike_Antrieb_installiert,28
1568,41,2,E-Bike_Rahmen_komplettiert,E-Bike_Rahmen_komplettiert,15
1568,42,0,Citybike_Hauptrahmen_zugeschnitten,Citybike_Hauptrahmen_zugeschnitten,39
1568,43,1,Mountainbike_Antrieb_installiert,Mountainbike_Antrieb_installiert,20
1568,44,1,Mountainbike_Steuerrohr_ausgerieben,Mountainbike_Steuerrohr_ausgerieben,20
1568,45,0,E-Bike_Antrieb_installiert,E-Bike_Antrieb_installiert,43
1568,46,1,Racebike_Hinterbau_vorbereitet,Racebike_Hinterbau_vorbereitet,24
1568,47,1,Mountainbike_Fahrrad_endmontiert,Mountainbike_Fahrrad_endmontiert,25
1568,48,1,Mountainbike_Rahmen_komplettiert,Mountainbike_Rahmen_komplettiert,20
1568,49,2,Mountainbike_Bremsen_justiert,Mountainbike_Bremsen_justiert,24
1568,50,1,Mountainbike_Hauptrahmen_zugeschnitten,Mountainbike_Hauptrahmen_zugeschnitten,20
1568,51,1,E-Bike_Laufraeder_montiert,E-Bike_Laufraeder_montiert,28
1568,52,1,Mountainbike_Fahrrad_endmontiert,Mountainbike_Fahrrad_endmontiert,26
1568,53,1,Mountainbike_Steuerrohr_montiert,Mountainbike_Steuerrohr_montiert,20
1568,54,1,E-Bike_Tretlageraufnahme_geschweisst,E-Bike_Tretlageraufnahme_geschweisst,28
1568,55,2,Mountainbike_Steuerrohr_ausgerieben,Mountainbike_Steuerrohr_ausgerieben,15
1568,56,0,Citybike_Rahmen_nachbearbeitet,Citybike_Rahmen_nachbearbeitet,54
1568,57,1,Racebike_Laufraeder_montiert,Racebike_Laufraeder_montiert,26
1568,58,2,Racebike_Rahmen_komplettiert,Racebike_Rahmen_komplettiert,16
1568,59,0,Racebike_Antrieb_installiert,Racebike_Antrieb_installiert,42
1568,60,0,Racebike_Bremsen_justiert,Racebike_Bremsen_justiert,40
1568,61,1,E-Bike_Tretlager_gefraest,E-Bike_Tretlager_gefraest,28
1568,62,2,Citybike_Tretlageraufnahme_geschweisst,Citybike_Tretlageraufnahme_geschweisst,18
1568,63,1,Racebike_Tretlageraufnahme_geschweisst,Racebike_Tretlageraufnahme_geschweisst,26
1568,64,2,Citybike_Steuerrohr_montiert,Citybike_Steuerrohr_montiert,15
1568,65,1,Mountainbike_Bremsaufnahme_gebohrt,Mountainbike_Bremsaufnahme_gebohrt,25
1568,66,1,E-Bike_Hauptrahmen_zugeschnitten,E-Bike_Hauptrahmen_zugeschnitten,28
1568,67,1,E-Bike_Hinterbau_vorbereitet,E-Bike_Hinterbau_vorbereitet,20
1568,68,1,Racebike_Fahrrad_endmontiert,Racebike_Fahrrad_endmontiert,26
1568,69,1,Mountainbike_Bremsaufnahme_gebohrt,Mountainbike_Bremsaufnahme_gebohrt,25
1568,70,0,Mountainbike_Hinterbau_vorbereitet,Mountainbike_Hinterbau_vorbereitet,38
1568,71,1,Racebike_Rahmen_lackiert,Racebike_Rahmen_lackiert,24
1568,72,0,Racebike_Rahmen_lackiert,Racebike_Rahmen_lackiert,35
1568,73,0,Racebike_Fahrrad_endmontiert,Racebike_Fahrrad_endmontiert,40
1568,74,2,Citybike_Hauptrahmen_zugeschnitten,Citybike_Hauptrahmen_zugeschnitten,15
1568,75,0,Racebike_Rahmen_komplettiert,Racebike_Rahmen_komplettiert,40
1568,76,0,E-Bike_Fahrrad_endmontiert,E-Bike_Fahrrad_endmontiert,47
1568,77,0,Racebike_Rahmen_lackiert,Racebike_Rahmen_lackiert,47
1568,78,0,Citybike_Rahmen_lackiert,Citybike_Rahmen_lackiert,43
1568,79,1,E-Bike_Hinterbau_vorbereitet,E-Bike_Hinterbau_vorbereitet,28
1568,80,0,Racebike_Rahmen_komplettiert,Racebike_Rahmen_komplettiert,42
1568,81,0,Racebike_Tretlager_gefraest,Racebike_Tretlager_gefraest,40
1568,82,2,Citybike_Schaltauge_bearbeitet,Citybike_Schaltauge_bearbeitet,15
1568,83,0,E-Bike_Rahmen_nachbearbeitet,E-Bike_Rahmen_nachbearbeitet,47
1568,84,1,Racebike_Hauptrahmen_zugeschnitten,Racebike_Hauptrahmen_zugeschnitten,26
1568,85,1,Mountainbike_Rahmen_lackiert,Mountainbike_Rahmen_lackiert,25
1568,86,0,Citybike_Fahrrad_endmontiert,Citybike_Fahrrad_endmontiert,54
1568,87,0,Mountainbike_Steuerrohr_montiert,Mountainbike_Steuerrohr_montiert,40
1568,88,0,Racebike_Hinterbau_vorbereitet,Racebike_Hinterbau_vorbereitet,35
1568,89,1,Citybike_Rahmen_lackiert,Citybike_Rahmen_lackiert,15
1568,90,0,Citybike_Rahmen_komplettiert,Citybike_Rahmen_komplettiert,43
1568,91,1,Racebike_Steuerrohr_ausgerieben,Racebike_Steuerrohr_ausgerieben,15
1568,92,2,E-Bike_Steuerrohr_montiert,E-Bike_Steuerrohr_montiert,24
1568,93,1,Citybike_Rahmen_nachbearbeitet,Citybike_Rahmen_nachbearbeitet,25
1568,94,0,Mountainbike_Rahmen_nachbearbeitet,Mountainbike_Rahmen_nachbearbeitet,40
1568,95,1,Racebike_Rahmen_nachbearbeitet,Racebike_Rahmen_nachbearbeitet,15
1568,96,2,Mountainbike_Tretlageraufnahme_geschweisst,Mountainbike_Tretlageraufnahme_geschweisst,24
1568,97,1,Mountainbike_Rahmen_nachbearbeitet,Mountainbike_Rahmen_nachbearbeitet,25
1568,98,1,E-Bike_Rahmen_lackiert,E-Bike_Rahmen_lackiert,28
1568,99,0,E-Bike_Hinterbau_vorbereitet,E-Bike_Hinterbau_vorbereitet,55
1568,100,1,Mountainbike_Rahmen_lackiert,Mountainbike_Rahmen_lackiert,26
1568,101,2,E-Bike_Rahmen_komplettiert,E-Bike_Rahmen_komplettiert,24
1568,102,0,E-Bike_Bremsen_justiert,E-Bike_Bremsen_justiert,40
1568,103,1,E-Bike_Hauptrahmen_zugeschnitten,E-Bike_Hauptrahmen_zugeschnitten,28
1568,104,2,E-Bike_Schaltauge_bearbeitet,E-Bike_Schaltauge_bearbeitet,15
1568,105,2,Mountainbike_Laufraeder_montiert,Mountainbike_Laufraeder_montiert,24
1568,106,2,Racebike_Antrieb_installiert,Racebike_Antrieb_installiert,16
1568,107,1,Racebike_Schaltauge_bearbeitet,Racebike_Schaltauge_bearbeitet,26
1568,108,0,Mountainbike_Tretlager_gefraest,Mountainbike_Tretlager_gefraest,53
1568,109,2,E-Bike_Rahmen_nachbearbeitet,E-Bike_Rahmen_nachbearbeitet,25
1568,110,1,Citybike_Fahrrad_endmontiert,Citybike_Fahrrad_endmontiert,25
1568,111,1,Racebike_Bremsaufnahme_gebohrt,Racebike_Bremsaufnahme_gebohrt,15
1568,112,2,Mountainbike_Laufraeder_montiert,Mountainbike_Laufraeder_montiert,24
1568,113,2,Mountainbike_Antrieb_installiert,Mountainbike_Antrieb_installiert,15
1568,114,0,Mountainbike_Hauptrahmen_zugeschnitten,Mountainbike_Hauptrahmen_zugeschnitten,40
1568,115,0,Mountainbike_Steuerrohr_montiert,Mountainbike_Steuerrohr_montiert,40
1568,116,2,Mountainbike_Tretlageraufnahme_geschweisst,Mountainbike_Tretlageraufnahme_geschweisst,15
1568,117,1,Racebike_Tretlager_gefraest,Racebike_Tretlager_gefraest,20
1568,118,1,Racebike_Tretlageraufnahme_geschweisst,Racebike_Tretlageraufnahme_geschweisst,20
1568,119,2,Racebike_Rahmen_komplettiert,Racebike_Rahmen_komplettiert,16
1568,120,1,Racebike_Steuerrohr_ausgerieben,Racebike_Steuerrohr_ausgerieben,20
1568,121,2,Racebike_Hauptrahmen_zugeschnitten,Racebike_Hauptrahmen_zugeschnitten,15
1568,122,0,Racebike_Steuerrohr_montiert,Racebike_Steuerrohr_montiert,35
1568,123,0,Racebike_Bremsen_justiert,Racebike_Bremsen_justiert,40
1569,4,1,Mountainbike_Rahmen_komplettiert,Mountainbike_Rahmen_komplettiert,25
1569,5,0,Citybike_Hinterbau_vorbereitet,Citybike_Hinterbau_vorbereitet,54
1569,6,1,E-Bike_Schaltauge_bearbeitet,E-Bike_Schaltauge_bearbeitet,28
1569,7,0,Racebike_Hauptrahmen_zugeschnitten,Racebike_Hauptrahmen_zugeschnitten,42
1569,8,1,Mountainbike_Tretlager_gefraest,Mountainbike_Tretlager_gefraest,26
1569,9,1,E-Bike_Hinterbau_vorbereitet,E-Bike_Hinterbau_vorbereitet,28
1569,10,1,Citybike_Hinterbau_vorbereitet,Citybike_Hinterbau_vorbereitet,28
1569,11,1,Mountainbike_Fahrrad_endmontiert,Mountainbike_Fahrrad_endmontiert,20
1569,12,1,Mountainbike_Steuerrohr_montiert,Mountainbike_Steuerrohr_montiert,20
1569,13,0,Mountainbike_Rahmen_lackiert,Mountainbike_Rahmen_lackiert,38
1569,14,0,E-Bike_Rahmen_nachbearbeitet,E-Bike_Rahmen_nachbearbeitet,55
1569,15,0,E-Bike_Tretlager_gefraest,E-Bike_Tretlager_gefraest,40
1569,16,0,Mountainbike_Tretlageraufnahme_geschweisst,Mountainbike_Tretlageraufnahme_geschweisst,53
1569,17,0,Mountainbike_Bremsaufnahme_gebohrt,Mountainbike_Bremsaufnahme_gebohrt,40
1569,18,2,E-Bike_Bremsaufnahme_gebohrt,E-Bike_Bremsaufnahme_gebohrt,15
1569,19,1,Citybike_Tretlager_gefraest,Citybike_Tretlager_gefraest,15
1569,20,2,Mountainbike_Tretlageraufnahme_geschweisst,Mountainbike_Tretlageraufnahme_geschweisst,24
1569,21,0,Mountainbike_Rahmen_nachbearbeitet,Mountainbike_Rahmen_nachbearbeitet,40
1569,22,2,E-Bike_Rahmen_komplettiert,E-Bike_Rahmen_komplettiert,24
1569,23,2,Mountainbike_Rahmen_lackiert,Mountainbike_Rahmen_lackiert,24
1569,24,1,Mountainbike_Fahrrad_endmontiert,Mountainbike_Fahrrad_endmontiert,20
1569,25,2,E-Bike_Tretlageraufnahme_geschweisst,E-Bike_Tretlageraufnahme_geschweisst,24
1569,26,0,E-Bike_Bremsaufnahme_gebohrt,E-Bike_Bremsaufnahme_gebohrt,55
1569,27,2,Mountainbike_Bremsen_justiert,Mountainbike_Bremsen_justiert,24
1569,28,1,Citybike_Bremsen_justiert,Citybike_Bremsen_justiert,15
1569,29,0,Citybike_Hauptrahmen_zugeschnitten,Citybike_Hauptrahmen_zugeschnitten,54
1569,30,2,Racebike_Antrieb_installiert,Racebike_Antrieb_installiert,16
1569,31,2,Mountainbike_Tretlageraufnahme_geschweisst,Mountainbike_Tretlageraufnahme_geschweisst,13
1569,32,1,Racebike_Hinterbau_vorbereitet,Racebike_Hinterbau_vorbereitet,15
1569,33,2,Racebike_Rahmen_nachbearbeitet,Racebike_Rahmen_nachbearbeitet,16
1569,34,1,Racebike_Laufraeder_montiert,Racebike_Laufraeder_montiert,20
1569,35,1,Mountainbike_Rahmen_komplettiert,Mountainbike_Rahmen_komplettiert,25
1569,36,1,E-Bike_Tretlageraufnahme_geschweisst,E-Bike_Tretlageraufnahme_geschweisst,28
1569,37,1,Citybike_Bremsen_justiert,Citybike_Bremsen_justiert,28
1569,38,1,E-Bike_Bremsen_justiert,E-Bike_Bremsen_justiert,27
1569,39,1,Mountainbike_Hauptrahmen_zugeschnitten,Mountainbike_Hauptrahmen_zugeschnitten,26
1569,40,1,E-Bike_Hinterbau_vorbereitet,E-Bike_Hinterbau_vorbereitet,28
1569,41,0,Mountainbike_Tretlager_gefraest,Mountainbike_Tretlager_gefraest,40
1569,42,0,Mountainbike_Schaltauge_bearbeitet,Mountainbike_Schaltauge_bearbeitet,40
1569,43,1,Mountainbike_Steuerrohr_montiert,Mountainbike_Steuerrohr_montiert,26
1569,44,0,E-Bike_Antrieb_installiert,E-Bike_Antrieb_installiert,55
1569,45,2,Mountainbike_Rahmen_nachbearbeitet,Mountainbike_Rahmen_nachbearbeitet,13
1569,46,0,Mountainbike_Hinterbau_vorbereitet,Mountainbike_Hinterbau_vorbereitet,53
1569,47,0,Racebike_Fahrrad_endmontiert,Racebike_Fahrrad_endmontiert,35
1569,48,2,Racebike_Rahmen_komplettiert,Racebike_Rahmen_komplettiert,16
1569,49,1,Racebike_Rahmen_nachbearbeitet,Racebike_Rahmen_nachbearbeitet,24
1569,50,1,Mountainbike_Bremsaufnahme_gebohrt,Mountainbike_Bremsaufnahme_gebohrt,25
1569,51,0,Mountainbike_Hauptrahmen_zugeschnitten,Mountainbike_Hauptrahmen_zugeschnitten,38
1569,52,1,Mountainbike_Steuerrohr_ausgerieben,Mountainbike_Steuerrohr_ausgerieben,20
1569,53,0,Racebike_Antrieb_installiert,Racebike_Antrieb_installiert,35
1569,54,2,Mountainbike_Bremsen_justiert,Mountainbike_Bremsen_justiert,13
1569,55,0,Racebike_Rahmen_lackiert,Racebike_Rahmen_lackiert,40
1569,56,1,Mountainbike_Antrieb_installiert,Mountainbike_Antrieb_installiert,20
1569,57,2,Mountainbike_Steuerrohr_ausgerieben,Mountainbike_Steuerrohr_ausgerieben,15
1569,58,2,Racebike_Hinterbau_vorbereitet,Racebike_Hinterbau_vorbereitet,16
1569,59,2,Citybike_Steuerrohr_montiert,Citybike_Steuerrohr_montiert,18
1569,60,1,Mountainbike_Rahmen_lackiert,Mountainbike_Rahmen_lackiert,20
1569,61,2,Mountainbike_Hinterbau_vorbereitet,Mountainbike_Hinterbau_vorbereitet,12
1569,62,1,Mountainbike_Fahrrad_endmontiert,Mountainbike_Fahrrad_endmontiert,20
1569,63,0,Mountainbike_Hinterbau_vorbereitet,Mountainbike_Hinterbau_vorbereitet,38
1569,64,1,Racebike_Tretlageraufnahme_geschweisst,Racebike_Tretlageraufnahme_geschweisst,24
1569,65,0,Citybike_Rahmen_nachbearbeitet,Citybike_Rahmen_nachbearbeitet,39
1569,66,1,E-Bike_Tretlager_gefraest,E-Bike_Tretlager_gefraest,28
1569,67,0,Racebike_Rahmen_lackiert,Racebike_Rahmen_lackiert,42
1569,68,0,E-Bike_Tretlager_gefraest,E-Bike_Tretlager_gefraest,47
1569,69,1,Racebike_Tretlager_gefraest,Racebike_Tretlager_gefraest,26
1569,70,1,Mountainbike_Bremsaufnahme_gebohrt,Mountainbike_Bremsaufnahme_gebohrt,25
1569,71,0,Racebike_Rahmen_komplettiert,Racebike_Rahmen_komplettiert,47
1569,72,2,Mountainbike_Laufraeder_montiert,Mountainbike_Laufraeder_montiert,15
1569,73,2,Citybike_Hauptrahmen_zugeschnitten,Citybike_Hauptrahmen_zugeschnitten,18
1569,74,1,Mountainbike_Rahmen_nachbearbeitet,Mountainbike_Rahmen_nachbearbeitet,20
1569,75,0,Racebike_Bremsen_justiert,Racebike_Bremsen_justiert,40
1569,76,0,Mountainbike_Tretlager_gefraest,Mountainbike_Tretlager_gefraest,38
1569,77,0,Citybike_Rahmen_lackiert,Citybike_Rahmen_lackiert,39
1569,78,0,Mountainbike_Hauptrahmen_zugeschnitten,Mountainbike_Hauptrahmen_zugeschnitten,40
1569,79,1,Racebike_Rahmen_lackiert,Racebike_Rahmen_lackiert,24
1569,80,1,Citybike_Antrieb_installiert,Citybike_Antrieb_installiert,25
1569,81,0,Racebike_Tretlager_gefraest,Racebike_Tretlager_gefraest,35
1569,82,2,Citybike_Tretlageraufnahme_geschweisst,Citybike_Tretlageraufnahme_geschweisst,15
1569,83,1,Racebike_Fahrrad_endmontiert,Racebike_Fahrrad_endmontiert,15
1569,84,2,Mountainbike_Tretlageraufnahme_geschweisst,Mountainbike_Tretlageraufnahme_geschweisst,12
1569,85,2,Citybike_Schaltauge_bearbeitet,Citybike_Schaltauge_bearbeitet,18
1569,86,1,Racebike_Steuerrohr_ausgerieben,Racebike_Steuerrohr_ausgerieben,20
1569,87,1,Citybike_Fahrrad_endmontiert,Citybike_Fahrrad_endmontiert,25
1569,88,1,E-Bike_Laufraeder_montiert,E-Bike_Laufraeder_montiert,27
1569,89,2,Mountainbike_Laufraeder_montiert,Mountainbike_Laufraeder_montiert,12
1569,90,1,Mountainbike_Rahmen_lackiert,Mountainbike_Rahmen_lackiert,26
1569,91,0,Mountainbike_Steuerrohr_montiert,Mountainbike_Steuerrohr_montiert,38
1569,92,1,Racebike_Tretlageraufnahme_geschweisst,Racebike_Tretlageraufnahme_geschweisst,24
1569,93,0,Citybike_Fahrrad_endmontiert,Citybike_Fahrrad_endmontiert,39
1569,94,1,Citybike_Rahmen_lackiert,Citybike_Rahmen_lackiert,25
1569,95,1,E-Bike_Hauptrahmen_zugeschnitten,E-Bike_Hauptrahmen_zugeschnitten,27
1569,96,2,Mountainbike_Antrieb_installiert,Mountainbike_Antrieb_installiert,15
1569,97,0,Citybike_Rahmen_komplettiert,Citybike_Rahmen_komplettiert,40
1569,98,1,Citybike_Rahmen_nachbearbeitet,Citybike_Rahmen_nachbearbeitet,28
1569,99,0,Racebike_Hinterbau_vorbereitet,Racebike_Hinterbau_vorbereitet,42
1569,100,0,Mountainbike_Steuerrohr_montiert,Mountainbike_Steuerrohr_montiert,38
1569,101,1,E-Bike_Hinterbau_vorbereitet,E-Bike_Hinterbau_vorbereitet,27
1569,102,0,E-Bike_Rahmen_nachbearbeitet,E-Bike_Rahmen_nachbearbeitet,55
1569,103,0,E-Bike_Fahrrad_endmontiert,E-Bike_Fahrrad_endmontiert,40
1569,104,2,E-Bike_Steuerrohr_montiert,E-Bike_Steuerrohr_montiert,24
1569,105,0,E-Bike_Hinterbau_vorbereitet,E-Bike_Hinterbau_vorbereitet,40
1569,106,1,E-Bike_Hinterbau_vorbereitet,E-Bike_Hinterbau_vorbereitet,15
1569,107,0,Racebike_Rahmen_komplettiert,Racebike_Rahmen_komplettiert,47
1569,108,1,Racebike_Hauptrahmen_zugeschnitten,Racebike_Hauptrahmen_zugeschnitten,26
1569,109,1,Racebike_Bremsaufnahme_gebohrt,Racebike_Bremsaufnahme_gebohrt,20
1569,110,2,Racebike_Rahmen_komplettiert,Racebike_Rahmen_komplettiert,25
1569,111,0,E-Bike_Bremsen_justiert,E-Bike_Bremsen_justiert,47
1569,112,1,Racebike_Steuerrohr_ausgerieben,Racebike_Steuerrohr_ausgerieben,20
1569,113,1,E-Bike_Rahmen_lackiert,E-Bike_Rahmen_lackiert,28
1569,114,2,E-Bike_Rahmen_komplettiert,E-Bike_Rahmen_komplettiert,25
1569,115,2,Racebike_Hauptrahmen_zugeschnitten,Racebike_Hauptrahmen_zugeschnitten,25
1569,116,1,E-Bike_Hauptrahmen_zugeschnitten,E-Bike_Hauptrahmen_zugeschnitten,20
1569,117,1,Racebike_Rahmen_nachbearbeitet,Racebike_Rahmen_nachbearbeitet,26
1569,118,2,Racebike_Antrieb_installiert,Racebike_Antrieb_installiert,15
1569,119,1,Racebike_Schaltauge_bearbeitet,Racebike_Schaltauge_bearbeitet,20
1569,120,2,E-Bike_Schaltauge_bearbeitet,E-Bike_Schaltauge_bearbeitet,25
1569,121,0,Racebike_Steuerrohr_montiert,Racebike_Steuerrohr_montiert,47
1569,122,2,E-Bike_Rahmen_nachbearbeitet,E-Bike_Rahmen_nachbearbeitet,15
1569,123,0,Racebike_Bremsen_justiert,Racebike_Bremsen_justiert,40
1570,4,1,E-Bike_Hinterbau_vorbereitet,E-Bike_Hinterbau_vorbereitet,28
1570,5,0,E-Bike_Rahmen_nachbearbeitet,E-Bike_Rahmen_nachbearbeitet,40
1570,6,2,Mountainbike_Rahmen_lackiert,Mountainbike_Rahmen_lackiert,24
1570,7,0,E-Bike_Tretlager_gefraest,E-Bike_Tretlager_gefraest,40
1570,8,2,E-Bike_Bremsaufnahme_gebohrt,E-Bike_Bremsaufnahme_gebohrt,24
1570,9,0,Mountainbike_Tretlageraufnahme_geschweisst,Mountainbike_Tretlageraufnahme_geschweisst,53
1570,10,1,Citybike_Hinterbau_vorbereitet,Citybike_Hinterbau_vorbereitet,28
1570,11,0,E-Bike_Tretlager_gefraest,E-Bike_Tretlager_gefraest,55
1570,12,1,Mountainbike_Fahrrad_endmontiert,Mountainbike_Fahrrad_endmontiert,20
1570,13,0,Mountainbike_Rahmen_lackiert,Mountainbike_Rahmen_lackiert,53
1570,14,1,Mountainbike_Tretlager_gefraest,Mountainbike_Tretlager_gefraest,20
1570,15,0,Mountainbike_Tretlager_gefraest,Mountainbike_Tretlager_gefraest,40
1570,16,0,Racebike_Hauptrahmen_zugeschnitten,Racebike_Hauptrahmen_zugeschnitten,35
1570,17,2,Racebike_Antrieb_installiert,Racebike_Antrieb_installiert,25
1570,18,2,Mountainbike_Bremsen_justiert,Mountainbike_Bremsen_justiert,13
1570,19,1,E-Bike_Schaltauge_bearbeitet,E-Bike_Schaltauge_bearbeitet,28
1570,20,1,Mountainbike_Steuerrohr_montiert,Mountainbike_Steuerrohr_montiert,26
1570,21,2,Mountainbike_Tretlageraufnahme_geschweisst,Mountainbike_Tretlageraufnahme_geschweisst,15
1570,22,1,E-Bike_Laufraeder_montiert,E-Bike_Laufraeder_montiert,28
1570,23,0,Mountainbike_Hinterbau_vorbereitet,Mountainbike_Hinterbau_vorbereitet,38
1570,24,1,Mountainbike_Rahmen_komplettiert,Mountainbike_Rahmen_komplettiert,26
1570,25,2,E-Bike_Tretlageraufnahme_geschweisst,E-Bike_Tretlageraufnahme_geschweisst,24
1570,26,0,Mountainbike_Schaltauge_bearbeitet,Mountainbike_Schaltauge_bearbeitet,40
1570,27,2,Mountainbike_Rahmen_nachbearbeitet,Mountainbike_Rahmen_nachbearbeitet,24
1570,28,2,Mountainbike_Bremsen_justiert,Mountainbike_Bremsen_justiert,15
1570,29,0,E-Bike_Bremsaufnahme_gebohrt,E-Bike_Bremsaufnahme_gebohrt,55
1570,30,0,E-Bike_Hinterbau_vorbereitet,E-Bike_Hinterbau_vorbereitet,40
1570,31,2,Mountainbike_Steuerrohr_ausgerieben,Mountainbike_Steuerrohr_ausgerieben,15
1570,32,0,Mountainbike_Rahmen_nachbearbeitet,Mountainbike_Rahmen_nachbearbeitet,53
1570,33,2,Mountainbike_Hinterbau_vorbereitet,Mountainbike_Hinterbau_vorbereitet,15
1570,34,0,E-Bike_Bremsen_justiert,E-Bike_Bremsen_justiert,55
1570,35,0,Mountainbike_Bremsaufnahme_gebohrt,Mountainbike_Bremsaufnahme_gebohrt,53
1570,36,0,Citybike_Hinterbau_vorbereitet,Citybike_Hinterbau_vorbereitet,39
1570,37,1,Mountainbike_Antrieb_installiert,Mountainbike_Antrieb_installiert,20
1570,38,1,Racebike_Hinterbau_vorbereitet,Racebike_Hinterbau_vorbereitet,24
1570,39,2,Mountainbike_Laufraeder_montiert,Mountainbike_Laufraeder_montiert,15
1570,40,1,Citybike_Bremsen_justiert,Citybike_Bremsen_justiert,25
1570,41,1,E-Bike_Bremsen_justiert,E-Bike_Bremsen_justiert,27
1570,42,2,Mountainbike_Tretlageraufnahme_geschweisst,Mountainbike_Tretlageraufnahme_geschweisst,15
1570,43,1,Mountainbike_Rahmen_lackiert,Mountainbike_Rahmen_lackiert,26
1570,44,0,Mountainbike_Hauptrahmen_zugeschnitten,Mountainbike_Hauptrahmen_zugeschnitten,40
1570,45,2,E-Bike_Rahmen_komplettiert,E-Bike_Rahmen_komplettiert,24
1570,46,0,Mountainbike_Tretlager_gefraest,Mountainbike_Tretlager_gefraest,40
1570,47,1,Citybike_Tretlager_gefraest,Citybike_Tretlager_gefraest,15
1570,48,1,Racebike_Bremsaufnahme_gebohrt,Racebike_Bremsaufnahme_gebohrt,15
1570,49,1,E-Bike_Tretlageraufnahme_geschweisst,E-Bike_Tretlageraufnahme_geschweisst,28
1570,50,1,E-Bike_Tretlager_gefraest,E-Bike_Tretlager_gefraest,20
1570,51,0,Citybike_Rahmen_nachbearbeitet,Citybike_Rahmen_nachbearbeitet,39
1570,52,0,Mountainbike_Hauptrahmen_zugeschnitten,Mountainbike_Hauptrahmen_zugeschnitten,40
1570,53,2,Racebike_Rahmen_nachbearbeitet,Racebike_Rahmen_nachbearbeitet,25
1570,54,2,Citybike_Hauptrahmen_zugeschnitten,Citybike_Hauptrahmen_zugeschnitten,18
1570,55,2,Mountainbike_Laufraeder_montiert,Mountainbike_Laufraeder_montiert,12
1570,56,1,E-Bike_Hinterbau_vorbereitet,E-Bike_Hinterbau_vorbereitet,20
1570,57,0,E-Bike_Antrieb_installiert,E-Bike_Antrieb_installiert,55
1570,58,1,Mountainbike_Fahrrad_endmontiert,Mountainbike_Fahrrad_endmontiert,26
1570,59,2,Mountainbike_Tretlageraufnahme_geschweisst,Mountainbike_Tretlageraufnahme_geschweisst,15
1570,60,1,Racebike_Laufraeder_montiert,Racebike_Laufraeder_montiert,24
1570,61,1,Mountainbike_Rahmen_komplettiert,Mountainbike_Rahmen_komplettiert,25
1570,62,0,E-Bike_Fahrrad_endmontiert,E-Bike_Fahrrad_endmontiert,40
1570,63,1,Mountainbike_Steuerrohr_ausgerieben,Mountainbike_Steuerrohr_ausgerieben,20
1570,64,0,Citybike_Rahmen_lackiert,Citybike_Rahmen_lackiert,54
1570,65,0,Racebike_Antrieb_installiert,Racebike_Antrieb_installiert,42
1570,66,1,Mountainbike_Bremsaufnahme_gebohrt,Mountainbike_Bremsaufnahme_gebohrt,20
1570,67,1,Mountainbike_Bremsaufnahme_gebohrt,Mountainbike_Bremsaufnahme_gebohrt,15
1570,68,1,Racebike_Fahrrad_endmontiert,Racebike_Fahrrad_endmontiert,24
1570,69,2,Mountainbike_Antrieb_installiert,Mountainbike_Antrieb_installiert,15
1570,70,1,Mountainbike_Rahmen_nachbearbeitet,Mountainbike_Rahmen_nachbearbeitet,25
1570,71,2,Citybike_Schaltauge_bearbeitet,Citybike_Schaltauge_bearbeitet,18
1570,72,1,Racebike_Tretlageraufnahme_geschweisst,Racebike_Tretlageraufnahme_geschweisst,24
1570,73,1,E-Bike_Hauptrahmen_zugeschnitten,E-Bike_Hauptrahmen_zugeschnitten,28
1570,74,1,Citybike_Antrieb_installiert,Citybike_Antrieb_installiert,28
1570,75,0,Mountainbike_Steuerrohr_montiert,Mountainbike_Steuerrohr_montiert,38
1570,76,1,Racebike_Rahmen_nachbearbeitet,Racebike_Rahmen_nachbearbeitet,15
1570,77,1,E-Bike_Hinterbau_vorbereitet,E-Bike_Hinterbau_vorbereitet,28
1570,78,0,Citybike_Fahrrad_endmontiert,Citybike_Fahrrad_endmontiert,39
1570,79,2,Citybike_Tretlageraufnahme_geschweisst,Citybike_Tretlageraufnahme_geschweisst,15
1570,80,0,Racebike_Rahmen_komplettiert,Racebike_Rahmen_komplettiert,42
1570,81,0,Citybike_Rahmen_komplettiert,Citybike_Rahmen_komplettiert,43
1570,82,1,Citybike_Rahmen_lackiert,Citybike_Rahmen_lackiert,28
1570,83,0,Racebike_Fahrrad_endmontiert,Racebike_Fahrrad_endmontiert,42
1570,84,1,E-Bike_Hauptrahmen_zugeschnitten,E-Bike_Hauptrahmen_zugeschnitten,27
1570,85,2,Racebike_Rahmen_komplettiert,Racebike_Rahmen_komplettiert,10
1570,86,0,Racebike_Hinterbau_vorbereitet,Racebike_Hinterbau_vorbereitet,40
1570,87,0,Racebike_Rahmen_lackiert,Racebike_Rahmen_lackiert,40
1570,88,1,Citybike_Rahmen_nachbearbeitet,Citybike_Rahmen_nachbearbeitet,28
1570,89,2,Racebike_Hinterbau_vorbereitet,Racebike_Hinterbau_vorbereitet,15
1570,90,0,Racebike_Bremsen_justiert,Racebike_Bremsen_justiert,40
1570,91,1,Racebike_Rahmen_lackiert,Racebike_Rahmen_lackiert,15
1570,92,0,E-Bike_Rahmen_nachbearbeitet,E-Bike_Rahmen_nachbearbeitet,47
1570,93,0,Racebike_Tretlager_gefraest,Racebike_Tretlager_gefraest,47
1570,94,0,Racebike_Rahmen_komplettiert,Racebike_Rahmen_komplettiert,40
1570,95,1,Mountainbike_Hauptrahmen_zugeschnitten,Mountainbike_Hauptrahmen_zugeschnitten,25
1570,96,1,Citybike_Bremsen_justiert,Citybike_Bremsen_justiert,15
1570,97,0,Racebike_Rahmen_lackiert,Racebike_Rahmen_lackiert,40
1570,98,0,Mountainbike_Hinterbau_vorbereitet,Mountainbike_Hinterbau_vorbereitet,38
1570,99,1,Mountainbike_Rahmen_lackiert,Mountainbike_Rahmen_lackiert,20
1570,100,1,Racebike_Tretlager_gefraest,Racebike_Tretlager_gefraest,24
1570,101,1,Mountainbike_Steuerrohr_montiert,Mountainbike_Steuerrohr_montiert,25
1570,102,1,E-Bike_Hinterbau_vorbereitet,E-Bike_Hinterbau_vorbereitet,28
1570,103,2,E-Bike_Steuerrohr_montiert,E-Bike_Steuerrohr_montiert,25
1570,104,1,Racebike_Bremsaufnahme_gebohrt,Racebike_Bremsaufnahme_gebohrt,26
1570,105,1,Racebike_Tretlageraufnahme_geschweisst,Racebike_Tretlageraufnahme_geschweisst,20
1570,106,1,E-Bike_Rahmen_lackiert,E-Bike_Rahmen_lackiert,28
1570,107,0,Citybike_Hauptrahmen_zugeschnitten,Citybike_Hauptrahmen_zugeschnitten,39
1570,108,1,Racebike_Steuerrohr_ausgerieben,Racebike_Steuerrohr_ausgerieben,26
1570,109,2,E-Bike_Rahmen_komplettiert,E-Bike_Rahmen_komplettiert,15
1570,110,2,E-Bike_Schaltauge_bearbeitet,E-Bike_Schaltauge_bearbeitet,15
1570,111,2,E-Bike_Rahmen_nachbearbeitet,E-Bike_Rahmen_nachbearbeitet,15
1570,112,0,Mountainbike_Steuerrohr_montiert,Mountainbike_Steuerrohr_montiert,40
1570,113,2,Citybike_Steuerrohr_montiert,Citybike_Steuerrohr_montiert,15
1570,114,2,Racebike_Rahmen_komplettiert,Racebike_Rahmen_komplettiert,10
1570,115,1,Citybike_Fahrrad_endmontiert,Citybike_Fahrrad_endmontiert,25
1570,116,1,Racebike_Hauptrahmen_zugeschnitten,Racebike_Hauptrahmen_zugeschnitten,15
1570,117,1,Racebike_Rahmen_nachbearbeitet,Racebike_Rahmen_nachbearbeitet,20
1570,118,2,Racebike_Antrieb_installiert,Racebike_Antrieb_installiert,15
1570,119,1,Racebike_Steuerrohr_ausgerieben,Racebike_Steuerrohr_ausgerieben,20
1570,120,1,Racebike_Schaltauge_bearbeitet,Racebike_Schaltauge_bearbeitet,20
1570,121,2,Racebike_Hauptrahmen_zugeschnitten,Racebike_Hauptrahmen_zugeschnitten,15
1570,122,0,Racebike_Steuerrohr_montiert,Racebike_Steuerrohr_montiert,35
1570,123,0,Racebike_Bremsen_justiert,Racebike_Bremsen_justiert,40
1571,2,2,E-Bike_Rahmen_komplettiert,E-Bike_Rahmen_komplettiert,15
1571,5,2,Racebike_Antrieb_installiert,Racebike_Antrieb_installiert,25
1571,6,0,Mountainbike_Rahmen_lackiert,Mountainbike_Rahmen_lackiert,40
1571,7,0,Mountainbike_Schaltauge_bearbeitet,Mountainbike_Schaltauge_bearbeitet,40
1571,8,0,E-Bike_Steuerrohr_ausgerieben,E-Bike_Steuerrohr_ausgerieben,55
1571,9,0,Mountainbike_Bremsaufnahme_gebohrt,Mountainbike_Bremsaufnahme_gebohrt,53
1571,10,1,Racebike_Fahrrad_endmontiert,Racebike_Fahrrad_endmontiert,24
1571,11,0,E-Bike_Bremsaufnahme_gebohrt,E-Bike_Bremsaufnahme_gebohrt,55
1571,12,1,Mountainbike_Fahrrad_endmontiert,Mountainbike_Fahrrad_endmontiert,25
1571,13,1,Mountainbike_Antrieb_installiert,Mountainbike_Antrieb_installiert,20
1571,14,1,E-Bike_Bremsen_justiert,E-Bike_Bremsen_justiert,28
1571,15,1,E-Bike_Schaltauge_bearbeitet,E-Bike_Schaltauge_bearbeitet,20
1571,16,1,Racebike_Bremsaufnahme_gebohrt,Racebike_Bremsaufnahme_gebohrt,26
1571,17,2,Mountainbike_Rahmen_lackiert,Mountainbike_Rahmen_lackiert,13
1571,18,2,Mountainbike_Bremsen_justiert,Mountainbike_Bremsen_justiert,15
1571,19,1,E-Bike_Hinterbau_vorbereitet,E-Bike_Hinterbau_vorbereitet,28
1571,20,0,Mountainbike_Tretlager_gefraest,Mountainbike_Tretlager_gefraest,53
1571,21,1,Mountainbike_Tretlager_gefraest,Mountainbike_Tretlager_gefraest,26
1571,22,1,Citybike_Hinterbau_vorbereitet,Citybike_Hinterbau_vorbereitet,15
1571,23,1,E-Bike_Hinterbau_vorbereitet,E-Bike_Hinterbau_vorbereitet,27
1571,24,2,Racebike_Rahmen_nachbearbeitet,Racebike_Rahmen_nachbearbeitet,16
1571,25,0,Racebike_Antrieb_installiert,Racebike_Antrieb_installiert,35
1571,26,2,Mountainbike_Rahmen_nachbearbeitet,Mountainbike_Rahmen_nachbearbeitet,13
1571,27,1,Mountainbike_Fahrrad_endmontiert,Mountainbike_Fahrrad_endmontiert,26
1571,28,0,Citybike_Hinterbau_vorbereitet,Citybike_Hinterbau_vorbereitet,43
1571,29,0,E-Bike_Tretlager_gefraest,E-Bike_Tretlager_gefraest,43
1571,30,1,Mountainbike_Steuerrohr_montiert,Mountainbike_Steuerrohr_montiert,20
1571,31,1,Citybike_Bremsen_justiert,Citybike_Bremsen_justiert,15
1571,32,0,E-Bike_Rahmen_nachbearbeitet,E-Bike_Rahmen_nachbearbeitet,40
1571,33,0,E-Bike_Tretlager_gefraest,E-Bike_Tretlager_gefraest,40
1571,34,0,E-Bike_Antrieb_installiert,E-Bike_Antrieb_installiert,40
1571,35,1,E-Bike_Laufraeder_montiert,E-Bike_Laufraeder_montiert,27
1571,36,1,Mountainbike_Rahmen_komplettiert,Mountainbike_Rahmen_komplettiert,26
1571,37,1,Mountainbike_Rahmen_komplettiert,Mountainbike_Rahmen_komplettiert,15
1571,38,1,Mountainbike_Bremsaufnahme_gebohrt,Mountainbike_Bremsaufnahme_gebohrt,20
1571,39,2,E-Bike_Bremsaufnahme_gebohrt,E-Bike_Bremsaufnahme_gebohrt,24
1571,40,2,E-Bike_Rahmen_komplettiert,E-Bike_Rahmen_komplettiert,15
1571,41,1,Racebike_Rahmen_nachbearbeitet,Racebike_Rahmen_nachbearbeitet,24
1571,42,0,Citybike_Rahmen_nachbearbeitet,Citybike_Rahmen_nachbearbeitet,54
1571,43,1,Mountainbike_Bremsaufnahme_gebohrt,Mountainbike_Bremsaufnahme_gebohrt,25
1571,44,1,Citybike_Antrieb_installiert,Citybike_Antrieb_installiert,15
1571,45,2,Racebike_Hinterbau_vorbereitet,Racebike_Hinterbau_vorbereitet,25
1571,46,0,Mountainbike_Hinterbau_vorbereitet,Mountainbike_Hinterbau_vorbereitet,40
1571,47,0,Racebike_Rahmen_lackiert,Racebike_Rahmen_lackiert,35
1571,48,0,Mountainbike_Hauptrahmen_zugeschnitten,Mountainbike_Hauptrahmen_zugeschnitten,38
1571,49,1,Racebike_Tretlageraufnahme_geschweisst,Racebike_Tretlageraufnahme_geschweisst,15
1571,50,2,Citybike_Tretlageraufnahme_geschweisst,Citybike_Tretlageraufnahme_geschweisst,18
1571,51,1,Mountainbike_Rahmen_lackiert,Mountainbike_Rahmen_lackiert,25
1571,52,1,Mountainbike_Rahmen_nachbearbeitet,Mountainbike_Rahmen_nachbearbeitet,20
1571,53,0,Racebike_Rahmen_komplettiert,Racebike_Rahmen_komplettiert,35
1571,54,2,Citybike_Hauptrahmen_zugeschnitten,Citybike_Hauptrahmen_zugeschnitten,15
1571,55,1,Mountainbike_Hauptrahmen_zugeschnitten,Mountainbike_Hauptrahmen_zugeschnitten,20
1571,56,1,Mountainbike_Steuerrohr_montiert,Mountainbike_Steuerrohr_montiert,20
1571,57,2,Mountainbike_Tretlageraufnahme_geschweisst,Mountainbike_Tretlageraufnahme_geschweisst,12
1571,58,1,Racebike_Hinterbau_vorbereitet,Racebike_Hinterbau_vorbereitet,24
1571,59,1,Mountainbike_Steuerrohr_ausgerieben,Mountainbike_Steuerrohr_ausgerieben,25
1571,60,0,Mountainbike_Hinterbau_vorbereitet,Mountainbike_Hinterbau_vorbereitet,38
1571,61,0,Racebike_Hauptrahmen_zugeschnitten,Racebike_Hauptrahmen_zugeschnitten,35
1571,62,2,Mountainbike_Hinterbau_vorbereitet,Mountainbike_Hinterbau_vorbereitet,15
1571,63,0,Racebike_Fahrrad_endmontiert,Racebike_Fahrrad_endmontiert,40
1571,64,2,Mountainbike_Bremsen_justiert,Mountainbike_Bremsen_justiert,15
1571,65,1,E-Bike_Hauptrahmen_zugeschnitten,E-Bike_Hauptrahmen_zugeschnitten,28
1571,66,0,Citybike_Rahmen_lackiert,Citybike_Rahmen_lackiert,43
1571,67,2,Mountainbike_Laufraeder_montiert,Mountainbike_Laufraeder_montiert,15
1571,68,0,Racebike_Rahmen_lackiert,Racebike_Rahmen_lackiert,42
1571,69,0,Racebike_Hinterbau_vorbereitet,Racebike_Hinterbau_vorbereitet,40
1571,70,0,Mountainbike_Rahmen_nachbearbeitet,Mountainbike_Rahmen_nachbearbeitet,38
1571,71,0,Mountainbike_Steuerrohr_montiert,Mountainbike_Steuerrohr_montiert,40
1571,72,1,E-Bike_Hinterbau_vorbereitet,E-Bike_Hinterbau_vorbereitet,20
1571,73,2,Mountainbike_Tretlageraufnahme_geschweisst,Mountainbike_Tretlageraufnahme_geschweisst,15
1571,74,1,Mountainbike_Rahmen_lackiert,Mountainbike_Rahmen_lackiert,26
1571,75,2,Mountainbike_Steuerrohr_ausgerieben,Mountainbike_Steuerrohr_ausgerieben,15
1571,76,1,Citybike_Tretlager_gefraest,Citybike_Tretlager_gefraest,15
1571,77,1,Racebike_Laufraeder_montiert,Racebike_Laufraeder_montiert,15
1571,78,2,Racebike_Rahmen_komplettiert,Racebike_Rahmen_komplettiert,16
1571,79,2,Citybike_Schaltauge_bearbeitet,Citybike_Schaltauge_bearbeitet,18
1571,80,0,E-Bike_Rahmen_nachbearbeitet,E-Bike_Rahmen_nachbearbeitet,55
1571,81,1,Citybike_Rahmen_lackiert,Citybike_Rahmen_lackiert,25
1571,82,0,Citybike_Fahrrad_endmontiert,Citybike_Fahrrad_endmontiert,54
1571,83,1,Racebike_Tretlager_gefraest,Racebike_Tretlager_gefraest,15
1571,84,1,E-Bike_Tretlageraufnahme_geschweisst,E-Bike_Tretlageraufnahme_geschweisst,28
1571,85,1,Citybike_Bremsen_justiert,Citybike_Bremsen_justiert,28
1571,86,0,Racebike_Bremsen_justiert,Racebike_Bremsen_justiert,42
1571,87,1,Racebike_Rahmen_lackiert,Racebike_Rahmen_lackiert,15
1571,88,0,Racebike_Rahmen_komplettiert,Racebike_Rahmen_komplettiert,40
1571,89,0,Mountainbike_Tretlager_gefraest,Mountainbike_Tretlager_gefraest,38
1571,90,1,Racebike_Hauptrahmen_zugeschnitten,Racebike_Hauptrahmen_zugeschnitten,20
1571,91,0,Racebike_Tretlager_gefraest,Racebike_Tretlager_gefraest,35
1571,92,1,Racebike_Tretlageraufnahme_geschweisst,Racebike_Tretlageraufnahme_geschweisst,20
1571,93,2,E-Bike_Steuerrohr_montiert,E-Bike_Steuerrohr_montiert,24
1571,94,2,Mountainbike_Laufraeder_montiert,Mountainbike_Laufraeder_montiert,24
1571,95,0,E-Bike_Hinterbau_vorbereitet,E-Bike_Hinterbau_vorbereitet,47
1571,96,1,E-Bike_Rahmen_lackiert,E-Bike_Rahmen_lackiert,28
1571,97,2,E-Bike_Rahmen_komplettiert,E-Bike_Rahmen_komplettiert,24
1571,98,0,Citybike_Rahmen_komplettiert,Citybike_Rahmen_komplettiert,54
1571,99,1,Racebike_Rahmen_nachbearbeitet,Racebike_Rahmen_nachbearbeitet,26
1571,100,2,Mountainbike_Antrieb_installiert,Mountainbike_Antrieb_installiert,24
1571,101,0,Citybike_Hauptrahmen_zugeschnitten,Citybike_Hauptrahmen_zugeschnitten,40
1571,102,1,Citybike_Rahmen_nachbearbeitet,Citybike_Rahmen_nachbearbeitet,25
1571,103,2,Racebike_Antrieb_installiert,Racebike_Antrieb_installiert,16
1571,104,0,Mountainbike_Steuerrohr_montiert,Mountainbike_Steuerrohr_montiert,40
1571,105,1,E-Bike_Tretlager_gefraest,E-Bike_Tretlager_gefraest,27
1571,106,0,E-Bike_Fahrrad_endmontiert,E-Bike_Fahrrad_endmontiert,55
1571,107,0,Mountainbike_Hauptrahmen_zugeschnitten,Mountainbike_Hauptrahmen_zugeschnitten,53
1571,108,1,Racebike_Schaltauge_bearbeitet,Racebike_Schaltauge_bearbeitet,26
1571,109,2,Mountainbike_Tretlageraufnahme_geschweisst,Mountainbike_Tretlageraufnahme_geschweisst,13
1571,110,1,Racebike_Steuerrohr_ausgerieben,Racebike_Steuerrohr_ausgerieben,20
1571,111,2,Citybike_Steuerrohr_montiert,Citybike_Steuerrohr_montiert,18
1571,112,0,E-Bike_Bremsen_justiert,E-Bike_Bremsen_justiert,55
1571,113,1,Racebike_Bremsaufnahme_gebohrt,Racebike_Bremsaufnahme_gebohrt,20
1571,114,1,Citybike_Fahrrad_endmontiert,Citybike_Fahrrad_endmontiert,25
1571,115,1,E-Bike_Hauptrahmen_zugeschnitten,E-Bike_Hauptrahmen_zugeschnitten,27
1571,116,2,Racebike_Rahmen_komplettiert,Racebike_Rahmen_komplettiert,10
1571,117,1,E-Bike_Hinterbau_vorbereitet,E-Bike_Hinterbau_vorbereitet,20
1571,118,1,Racebike_Steuerrohr_ausgerieben,Racebike_Steuerrohr_ausgerieben,26
1571,119,2,E-Bike_Schaltauge_bearbeitet,E-Bike_Schaltauge_bearbeitet,25
1571,120,2,E-Bike_Rahmen_nachbearbeitet,E-Bike_Rahmen_nachbearbeitet,15
1571,121,2,Racebike_Hauptrahmen_zugeschnitten,Racebike_Hauptrahmen_zugeschnitten,25
1571,122,0,Racebike_Steuerrohr_montiert,Racebike_Steuerrohr_montiert,47
1571,123,0,Racebike_Bremsen_justiert,Racebike_Bremsen_justiert,40
1572,3,1,Racebike_Hinterbau_vorbereitet,Racebike_Hinterbau_vorbereitet,24
1572,5,1,Racebike_Rahmen_nachbearbeitet,Racebike_Rahmen_nachbearbeitet,20
1572,6,2,Mountainbike_Rahmen_lackiert,Mountainbike_Rahmen_lackiert,13
1572,7,1,Mountainbike_Tretlager_gefraest,Mountainbike_Tretlager_gefraest,25
1572,8,1,Mountainbike_Steuerrohr_montiert,Mountainbike_Steuerrohr_montiert,20
1572,9,2,Mountainbike_Bremsen_justiert,Mountainbike_Bremsen_justiert,15
1572,10,2,Mountainbike_Tretlageraufnahme_geschweisst,Mountainbike_Tretlageraufnahme_geschweisst,15
1572,11,0,Racebike_Hauptrahmen_zugeschnitten,Racebike_Hauptrahmen_zugeschnitten,35
1572,12,0,Mountainbike_Hinterbau_vorbereitet,Mountainbike_Hinterbau_vorbereitet,38
1572,13,1,Citybike_Tretlager_gefraest,Citybike_Tretlager_gefraest,15
1572,14,2,Mountainbike_Bremsen_justiert,Mountainbike_Bremsen_justiert,15
1572,15,1,Mountainbike_Rahmen_komplettiert,Mountainbike_Rahmen_komplettiert,20
1572,16,0,Mountainbike_Tretlager_gefraest,Mountainbike_Tretlager_gefraest,40
1572,17,2,E-Bike_Rahmen_komplettiert,E-Bike_Rahmen_komplettiert,24
1572,18,0,Racebike_Fahrrad_endmontiert,Racebike_Fahrrad_endmontiert,35
1572,19,0,Mountainbike_Rahmen_nachbearbeitet,Mountainbike_Rahmen_nachbearbeitet,38
1572,20,1,Racebike_Bremsaufnahme_gebohrt,Racebike_Bremsaufnahme_gebohrt,24
1572,21,0,Mountainbike_Schaltauge_bearbeitet,Mountainbike_Schaltauge_bearbeitet,40
1572,22,0,E-Bike_Steuerrohr_ausgerieben,E-Bike_Steuerrohr_ausgerieben,55
1572,23,2,Mountainbike_Rahmen_nachbearbeitet,Mountainbike_Rahmen_nachbearbeitet,24
1572,24,2,Mountainbike_Hinterbau_vorbereitet,Mountainbike_Hinterbau_vorbereitet,15
1572,25,0,Mountainbike_Hauptrahmen_zugeschnitten,Mountainbike_Hauptrahmen_zugeschnitten,53
1572,26,2,Mountainbike_Laufraeder_montiert,Mountainbike_Laufraeder_montiert,15
1572,27,1,E-Bike_Hinterbau_vorbereitet,E-Bike_Hinterbau_vorbereitet,28
1572,28,2,Racebike_Rahmen_nachbearbeitet,Racebike_Rahmen_nachbearbeitet,16
1572,29,1,Mountainbike_Steuerrohr_ausgerieben,Mountainbike_Steuerrohr_ausgerieben,26
1572,30,0,Racebike_Antrieb_installiert,Racebike_Antrieb_installiert,35
1572,31,0,Mountainbike_Hauptrahmen_zugeschnitten,Mountainbike_Hauptrahmen_zugeschnitten,38
1572,32,1,Citybike_Hinterbau_vorbereitet,Citybike_Hinterbau_vorbereitet,15
1572,33,2,Racebike_Hinterbau_vorbereitet,Racebike_Hinterbau_vorbereitet,15
1572,34,1,Citybike_Bremsen_justiert,Citybike_Bremsen_justiert,20
1572,35,0,E-Bike_Rahmen_nachbearbeitet,E-Bike_Rahmen_nachbearbeitet,55
1572,36,2,Mountainbike_Steuerrohr_ausgerieben,Mountainbike_Steuerrohr_ausgerieben,13
1572,37,2,Mountainbike_Tretlageraufnahme_geschweisst,Mountainbike_Tretlageraufnahme_geschweisst,15
1572,38,0,Citybike_Hinterbau_vorbereitet,Citybike_Hinterbau_vorbereitet,54
1572,39,0,Racebike_Rahmen_lackiert,Racebike_Rahmen_lackiert,42
1572,40,1,Racebike_Tretlageraufnahme_geschweisst,Racebike_Tretlageraufnahme_geschweisst,15
1572,41,0,E-Bike_Tretlager_gefraest,E-Bike_Tretlager_gefraest,47
1572,42,1,E-Bike_Schaltauge_bearbeitet,E-Bike_Schaltauge_bearbeitet,28
1572,43,2,E-Bike_Tretlageraufnahme_geschweisst,E-Bike_Tretlageraufnahme_geschweisst,24
1572,44,0,E-Bike_Bremsaufnahme_gebohrt,E-Bike_Bremsaufnahme_gebohrt,40
1572,45,2,E-Bike_Bremsaufnahme_gebohrt,E-Bike_Bremsaufnahme_gebohrt,15
1572,46,1,Racebike_Laufraeder_montiert,Racebike_Laufraeder_montiert,26
1572,47,0,Racebike_Rahmen_komplettiert,Racebike_Rahmen_komplettiert,47
1572,48,1,E-Bike_Bremsen_justiert,E-Bike_Bremsen_justiert,28
1572,49,1,E-Bike_Hinterbau_vorbereitet,E-Bike_Hinterbau_vorbereitet,20
1572,50,2,Mountainbike_Tretlageraufnahme_geschweisst,Mountainbike_Tretlageraufnahme_geschweisst,24
1572,51,0,E-Bike_Antrieb_installiert,E-Bike_Antrieb_installiert,47
1572,52,0,E-Bike_Hinterbau_vorbereitet,E-Bike_Hinterbau_vorbereitet,40
1572,53,1,Mountainbike_Antrieb_installiert,Mountainbike_Antrieb_installiert,26
1572,54,0,Mountainbike_Bremsaufnahme_gebohrt,Mountainbike_Bremsaufnahme_gebohrt,53
1572,55,1,Mountainbike_Fahrrad_endmontiert,Mountainbike_Fahrrad_endmontiert,20
1572,56,0,Citybike_Rahmen_nachbearbeitet,Citybike_Rahmen_nachbearbeitet,39
1572,57,1,Mountainbike_Rahmen_komplettiert,Mountainbike_Rahmen_komplettiert,20
1572,58,2,Racebike_Rahmen_komplettiert,Racebike_Rahmen_komplettiert,16
1572,59,2,Citybike_Hauptrahmen_zugeschnitten,Citybike_Hauptrahmen_zugeschnitten,18
1572,60,0,E-Bike_Tretlager_gefraest,E-Bike_Tretlager_gefraest,43
1572,61,2,E-Bike_Rahmen_komplettiert,E-Bike_Rahmen_komplettiert,24
1572,62,0,Citybike_Hauptrahmen_zugeschnitten,Citybike_Hauptrahmen_zugeschnitten,54
1572,63,1,Mountainbike_Bremsaufnahme_gebohrt,Mountainbike_Bremsaufnahme_gebohrt,20
1572,64,1,Mountainbike_Rahmen_nachbearbeitet,Mountainbike_Rahmen_nachbearbeitet,20
1572,65,1,Mountainbike_Hauptrahmen_zugeschnitten,Mountainbike_Hauptrahmen_zugeschnitten,20
1572,66,0,Racebike_Rahmen_lackiert,Racebike_Rahmen_lackiert,42
1572,67,2,Citybike_Steuerrohr_montiert,Citybike_Steuerrohr_montiert,15
1572,68,1,Mountainbike_Steuerrohr_montiert,Mountainbike_Steuerrohr_montiert,20
1572,69,1,Citybike_Bremsen_justiert,Citybike_Bremsen_justiert,15
1572,70,0,Citybike_Rahmen_lackiert,Citybike_Rahmen_lackiert,43
1572,71,1,Mountainbike_Rahmen_lackiert,Mountainbike_Rahmen_lackiert,20
1572,72,2,Citybike_Schaltauge_bearbeitet,Citybike_Schaltauge_bearbeitet,15
1572,73,0,Racebike_Rahmen_komplettiert,Racebike_Rahmen_komplettiert,42
1572,74,1,E-Bike_Laufraeder_montiert,E-Bike_Laufraeder_montiert,28
1572,75,0,E-Bike_Bremsen_justiert,E-Bike_Bremsen_justiert,47
1572,76,0,Mountainbike_Tretlageraufnahme_geschweisst,Mountainbike_Tretlageraufnahme_geschweisst,53
1572,77,0,Racebike_Bremsen_justiert,Racebike_Bremsen_justiert,35
1572,78,1,Racebike_Fahrrad_endmontiert,Racebike_Fahrrad_endmontiert,26
1572,79,1,Citybike_Antrieb_installiert,Citybike_Antrieb_installiert,25
1572,80,0,Mountainbike_Tretlager_gefraest,Mountainbike_Tretlager_gefraest,38
1572,81,2,Mountainbike_Laufraeder_montiert,Mountainbike_Laufraeder_montiert,12
1572,82,1,E-Bike_Hauptrahmen_zugeschnitten,E-Bike_Hauptrahmen_zugeschnitten,27
1572,83,1,Racebike_Rahmen_lackiert,Racebike_Rahmen_lackiert,26
1572,84,1,Racebike_Tretlager_gefraest,Racebike_Tretlager_gefraest,20
1572,85,1,Racebike_Tretlageraufnahme_geschweisst,Racebike_Tretlageraufnahme_geschweisst,20
1572,86,0,Racebike_Tretlager_gefraest,Racebike_Tretlager_gefraest,35
1572,87,2,Mountainbike_Antrieb_installiert,Mountainbike_Antrieb_installiert,15
1572,88,2,Citybike_Tretlageraufnahme_geschweisst,Citybike_Tretlageraufnahme_geschweisst,18
1572,89,0,Mountainbike_Steuerrohr_montiert,Mountainbike_Steuerrohr_montiert,38
1572,90,1,Citybike_Rahmen_lackiert,Citybike_Rahmen_lackiert,25
1572,91,1,Citybike_Fahrrad_endmontiert,Citybike_Fahrrad_endmontiert,20
1572,92,1,Mountainbike_Fahrrad_endmontiert,Mountainbike_Fahrrad_endmontiert,20
1572,93,2,E-Bike_Schaltauge_bearbeitet,E-Bike_Schaltauge_bearbeitet,24
1572,94,1,Racebike_Steuerrohr_ausgerieben,Racebike_Steuerrohr_ausgerieben,24
1572,95,0,Citybike_Fahrrad_endmontiert,Citybike_Fahrrad_endmontiert,39
1572,96,1,E-Bike_Hauptrahmen_zugeschnitten,E-Bike_Hauptrahmen_zugeschnitten,28
1572,97,1,Mountainbike_Bremsaufnahme_gebohrt,Mountainbike_Bremsaufnahme_gebohrt,26
1572,98,1,E-Bike_Hinterbau_vorbereitet,E-Bike_Hinterbau_vorbereitet,28
1572,99,0,E-Bike_Rahmen_nachbearbeitet,E-Bike_Rahmen_nachbearbeitet,43
1572,100,0,Mountainbike_Hinterbau_vorbereitet,Mountainbike_Hinterbau_vorbereitet,53
1572,101,0,Citybike_Rahmen_komplettiert,Citybike_Rahmen_komplettiert,39
1572,102,0,Racebike_Hinterbau_vorbereitet,Racebike_Hinterbau_vorbereitet,42
1572,103,1,Racebike_Hauptrahmen_zugeschnitten,Racebike_Hauptrahmen_zugeschnitten,26
1572,104,1,Racebike_Rahmen_nachbearbeitet,Racebike_Rahmen_nachbearbeitet,20
1572,105,1,Mountainbike_Rahmen_lackiert,Mountainbike_Rahmen_lackiert,25
1572,106,2,E-Bike_Rahmen_nachbearbeitet,E-Bike_Rahmen_nachbearbeitet,15
1572,107,0,Mountainbike_Steuerrohr_montiert,Mountainbike_Steuerrohr_montiert,38
1572,108,1,E-Bike_Tretlageraufnahme_geschweisst,E-Bike_Tretlageraufnahme_geschweisst,28
1572,109,1,E-Bike_Tretlager_gefraest,E-Bike_Tretlager_gefraest,20
1572,110,2,E-Bike_Steuerrohr_montiert,E-Bike_Steuerrohr_montiert,15
1572,111,1,Citybike_Rahmen_nachbearbeitet,Citybike_Rahmen_nachbearbeitet,28
1572,112,1,E-Bike_Rahmen_lackiert,E-Bike_Rahmen_lackiert,27
1572,113,1,Racebike_Bremsaufnahme_gebohrt,Racebike_Bremsaufnahme_gebohrt,26
1572,114,2,E-Bike_Rahmen_komplettiert,E-Bike_Rahmen_komplettiert,15
1572,115,0,E-Bike_Fahrrad_endmontiert,E-Bike_Fahrrad_endmontiert,55
1572,116,1,E-Bike_Hinterbau_vorbereitet,E-Bike_Hinterbau_vorbereitet,28
1572,117,2,Racebike_Antrieb_installiert,Racebike_Antrieb_installiert,25
1572,118,2,Racebike_Rahmen_komplettiert,Racebike_Rahmen_komplettiert,15
1572,119,1,Racebike_Steuerrohr_ausgerieben,Racebike_Steuerrohr_ausgerieben,26
1572,120,2,Racebike_Hauptrahmen_zugeschnitten,Racebike_Hauptrahmen_zugeschnitten,15
1572,121,0,Racebike_Steuerrohr_montiert,Racebike_Steuerrohr_montiert,47
1572,122,1,Racebike_Schaltauge_bearbeitet,Racebike_Schaltauge_bearbeitet,20
1572,123,0,Racebike_Bremsen_justiert,Racebike_Bremsen_justiert,40
1573,2,1,Mountainbike_Tretlager_gefraest,Mountainbike_Tretlager_gefraest,20
1573,3,1,Racebike_Bremsaufnahme_gebohrt,Racebike_Bremsaufnahme_gebohrt,24
1573,4,1,Mountainbike_Fahrrad_endmontiert,Mountainbike_Fahrrad_endmontiert,25
1573,5,1,Citybike_Tretlager_gefraest,Citybike_Tretlager_gefraest,15
1573,7,1,Citybike_Hinterbau_vorbereitet,Citybike_Hinterbau_vorbereitet,20
1573,8,2,E-Bike_Rahmen_komplettiert,E-Bike_Rahmen_komplettiert,24
1573,9,2,Racebike_Antrieb_installiert,Racebike_Antrieb_installiert,25
1573,11,0,Mountainbike_Tretlager_gefraest,Mountainbike_Tretlager_gefraest,40
1573,12,0,Citybike_Rahmen_nachbearbeitet,Citybike_Rahmen_nachbearbeitet,39
1573,13,0,E-Bike_Steuerrohr_ausgerieben,E-Bike_Steuerrohr_ausgerieben,43
1573,14,0,E-Bike_Tretlager_gefraest,E-Bike_Tretlager_gefraest,40
1573,15,1,E-Bike_Hinterbau_vorbereitet,E-Bike_Hinterbau_vorbereitet,27
1573,16,0,Citybike_Hinterbau_vorbereitet,Citybike_Hinterbau_vorbereitet,54
1573,17,0,E-Bike_Rahmen_nachbearbeitet,E-Bike_Rahmen_nachbearbeitet,43
1573,18,0,E-Bike_Tretlager_gefraest,E-Bike_Tretlager_gefraest,40
1573,19,0,Racebike_Hauptrahmen_zugeschnitten,Racebike_Hauptrahmen_zugeschnitten,47
1573,20,1,Racebike_Rahmen_nachbearbeitet,Racebike_Rahmen_nachbearbeitet,26
1573,21,1,Mountainbike_Fahrrad_endmontiert,Mountainbike_Fahrrad_endmontiert,25
1573,22,0,Mountainbike_Rahmen_nachbearbeitet,Mountainbike_Rahmen_nachbearbeitet,38
1573,23,1,E-Bike_Laufraeder_montiert,E-Bike_Laufraeder_montiert,28
1573,24,2,E-Bike_Bremsaufnahme_gebohrt,E-Bike_Bremsaufnahme_gebohrt,25
1573,25,2,Racebike_Hinterbau_vorbereitet,Racebike_Hinterbau_vorbereitet,25
1573,26,1,Citybike_Bremsen_justiert,Citybike_Bremsen_justiert,28
1573,27,1,Mountainbike_Bremsaufnahme_gebohrt,Mountainbike_Bremsaufnahme_gebohrt,20
1573,28,2,Mountainbike_Tretlageraufnahme_geschweisst,Mountainbike_Tretlageraufnahme_geschweisst,13
1573,29,1,E-Bike_Schaltauge_bearbeitet,E-Bike_Schaltauge_bearbeitet,28
1573,30,1,Mountainbike_Steuerrohr_montiert,Mountainbike_Steuerrohr_montiert,26
1573,31,2,Racebike_Rahmen_nachbearbeitet,Racebike_Rahmen_nachbearbeitet,16
1573,32,1,Citybike_Antrieb_installiert,Citybike_Antrieb_installiert,15
1573,33,1,Citybike_Bremsen_justiert,Citybike_Bremsen_justiert,20
1573,34,2,E-Bike_Rahmen_komplettiert,E-Bike_Rahmen_komplettiert,25
1573,35,0,Mountainbike_Schaltauge_bearbeitet,Mountainbike_Schaltauge_bearbeitet,40
1573,36,0,Citybike_Hauptrahmen_zugeschnitten,Citybike_Hauptrahmen_zugeschnitten,39
1573,37,0,Mountainbike_Rahmen_lackiert,Mountainbike_Rahmen_lackiert,40
1573,38,1,Mountainbike_Rahmen_lackiert,Mountainbike_Rahmen_lackiert,20
1573,39,2,Citybike_Tretlageraufnahme_geschweisst,Citybike_Tretlageraufnahme_geschweisst,15
1573,40,0,Mountainbike_Bremsaufnahme_gebohrt,Mountainbike_Bremsaufnahme_gebohrt,40
1573,41,2,Citybike_Hauptrahmen_zugeschnitten,Citybike_Hauptrahmen_zugeschnitten,15
1573,42,2,Mountainbike_Rahmen_nachbearbeitet,Mountainbike_Rahmen_nachbearbeitet,12
1573,43,0,Mountainbike_Hauptrahmen_zugeschnitten,Mountainbike_Hauptrahmen_zugeschnitten,40
1573,44,1,Citybike_Rahmen_lackiert,Citybike_Rahmen_lackiert,15
1573,45,1,Mountainbike_Antrieb_installiert,Mountainbike_Antrieb_installiert,20
1573,46,2,Mountainbike_Bremsen_justiert,Mountainbike_Bremsen_justiert,15
1573,47,0,Mountainbike_Tretlager_gefraest,Mountainbike_Tretlager_gefraest,40
1573,48,2,Mountainbike_Tretlageraufnahme_geschweisst,Mountainbike_Tretlageraufnahme_geschweisst,15
1573,49,0,Mountainbike_Hinterbau_vorbereitet,Mountainbike_Hinterbau_vorbereitet,40
1573,50,2,E-Bike_Tretlageraufnahme_geschweisst,E-Bike_Tretlageraufnahme_geschweisst,24
1573,51,2,Mountainbike_Bremsen_justiert,Mountainbike_Bremsen_justiert,24
1573,52,0,Racebike_Rahmen_lackiert,Racebike_Rahmen_lackiert,35
1573,53,2,Mountainbike_Steuerrohr_ausgerieben,Mountainbike_Steuerrohr_ausgerieben,15
1573,54,1,Racebike_Laufraeder_montiert,Racebike_Laufraeder_montiert,24
1573,55,0,Racebike_Antrieb_installiert,Racebike_Antrieb_installiert,40
1573,56,1,Mountainbike_Steuerrohr_ausgerieben,Mountainbike_Steuerrohr_ausgerieben,25
1573,57,1,Mountainbike_Rahmen_komplettiert,Mountainbike_Rahmen_komplettiert,20
1573,58,2,Mountainbike_Hinterbau_vorbereitet,Mountainbike_Hinterbau_vorbereitet,15
1573,59,2,Racebike_Rahmen_komplettiert,Racebike_Rahmen_komplettiert,16
1573,60,0,E-Bike_Hinterbau_vorbereitet,E-Bike_Hinterbau_vorbereitet,47
1573,61,1,Mountainbike_Hauptrahmen_zugeschnitten,Mountainbike_Hauptrahmen_zugeschnitten,20
1573,62,1,E-Bike_Tretlageraufnahme_geschweisst,E-Bike_Tretlageraufnahme_geschweisst,28
1573,63,1,E-Bike_Hauptrahmen_zugeschnitten,E-Bike_Hauptrahmen_zugeschnitten,20
1573,64,2,Mountainbike_Laufraeder_montiert,Mountainbike_Laufraeder_montiert,13
1573,65,2,Citybike_Steuerrohr_montiert,Citybike_Steuerrohr_montiert,18
1573,66,0,Mountainbike_Hinterbau_vorbereitet,Mountainbike_Hinterbau_vorbereitet,53
1573,67,1,Racebike_Hinterbau_vorbereitet,Racebike_Hinterbau_vorbereitet,26
1573,68,1,E-Bike_Tretlager_gefraest,E-Bike_Tretlager_gefraest,28
1573,69,1,Racebike_Tretlageraufnahme_geschweisst,Racebike_Tretlageraufnahme_geschweisst,26
1573,70,0,E-Bike_Bremsaufnahme_gebohrt,E-Bike_Bremsaufnahme_gebohrt,55
1573,71,0,Racebike_Bremsen_justiert,Racebike_Bremsen_justiert,47
1573,72,1,Mountainbike_Rahmen_lackiert,Mountainbike_Rahmen_lackiert,25
1573,73,1,Racebike_Fahrrad_endmontiert,Racebike_Fahrrad_endmontiert,24
1573,74,0,Mountainbike_Hauptrahmen_zugeschnitten,Mountainbike_Hauptrahmen_zugeschnitten,38
1573,75,0,Racebike_Rahmen_komplettiert,Racebike_Rahmen_komplettiert,35
1573,76,2,Mountainbike_Laufraeder_montiert,Mountainbike_Laufraeder_montiert,12
1573,77,0,Mountainbike_Steuerrohr_montiert,Mountainbike_Steuerrohr_montiert,38
1573,78,1,Racebike_Tretlager_gefraest,Racebike_Tretlager_gefraest,20
1573,79,0,Racebike_Hinterbau_vorbereitet,Racebike_Hinterbau_vorbereitet,35
1573,80,1,E-Bike_Hinterbau_vorbereitet,E-Bike_Hinterbau_vorbereitet,28
1573,81,1,E-Bike_Bremsen_justiert,E-Bike_Bremsen_justiert,20
1573,82,2,Mountainbike_Antrieb_installiert,Mountainbike_Antrieb_installiert,15
1573,83,0,Racebike_Fahrrad_endmontiert,Racebike_Fahrrad_endmontiert,40
1573,84,1,Citybike_Fahrrad_endmontiert,Citybike_Fahrrad_endmontiert,28
1573,85,0,E-Bike_Fahrrad_endmontiert,E-Bike_Fahrrad_endmontiert,47
1573,86,2,Mountainbike_Tretlageraufnahme_geschweisst,Mountainbike_Tretlageraufnahme_geschweisst,15
1573,87,1,Racebike_Tretlageraufnahme_geschweisst,Racebike_Tretlageraufnahme_geschweisst,15
1573,88,1,E-Bike_Hinterbau_vorbereitet,E-Bike_Hinterbau_vorbereitet,28
1573,89,0,Citybike_Rahmen_lackiert,Citybike_Rahmen_lackiert,54
1573,90,0,E-Bike_Antrieb_installiert,E-Bike_Antrieb_installiert,43
1573,91,0,Racebike_Rahmen_lackiert,Racebike_Rahmen_lackiert,47
1573,92,1,Racebike_Rahmen_lackiert,Racebike_Rahmen_lackiert,26
1573,93,1,Citybike_Rahmen_nachbearbeitet,Citybike_Rahmen_nachbearbeitet,25
1573,94,0,Mountainbike_Steuerrohr_montiert,Mountainbike_Steuerrohr_montiert,38
1573,95,0,E-Bike_Bremsen_justiert,E-Bike_Bremsen_justiert,55
1573,96,1,E-Bike_Hauptrahmen_zugeschnitten,E-Bike_Hauptrahmen_zugeschnitten,27
1573,97,0,E-Bike_Rahmen_nachbearbeitet,E-Bike_Rahmen_nachbearbeitet,40
1573,98,0,Racebike_Rahmen_komplettiert,Racebike_Rahmen_komplettiert,47
1573,99,0,Racebike_Tretlager_gefraest,Racebike_Tretlager_gefraest,40
1573,100,1,Mountainbike_Steuerrohr_montiert,Mountainbike_Steuerrohr_montiert,26
1573,101,2,E-Bike_Steuerrohr_montiert,E-Bike_Steuerrohr_montiert,24
1573,102,1,E-Bike_Hinterbau_vorbereitet,E-Bike_Hinterbau_vorbereitet,28
1573,103,1,E-Bike_Rahmen_lackiert,E-Bike_Rahmen_lackiert,20
1573,104,1,Racebike_Bremsaufnahme_gebohrt,Racebike_Bremsaufnahme_gebohrt,26
1573,105,1,Racebike_Steuerrohr_ausgerieben,Racebike_Steuerrohr_ausgerieben,20
1573,106,2,E-Bike_Rahmen_komplettiert,E-Bike_Rahmen_komplettiert,15
1573,107,1,Racebike_Hauptrahmen_zugeschnitten,Racebike_Hauptrahmen_zugeschnitten,20
1573,108,2,Citybike_Schaltauge_bearbeitet,Citybike_Schaltauge_bearbeitet,15
1573,109,1,Racebike_Rahmen_nachbearbeitet,Racebike_Rahmen_nachbearbeitet,20
1573,110,2,Racebike_Antrieb_installiert,Racebike_Antrieb_installiert,10
1573,111,2,E-Bike_Schaltauge_bearbeitet,E-Bike_Schaltauge_bearbeitet,25
1573,112,1,Racebike_Schaltauge_bearbeitet,Racebike_Schaltauge_bearbeitet,20
1573,113,1,Mountainbike_Fahrrad_endmontiert,Mountainbike_Fahrrad_endmontiert,25
1573,114,0,Citybike_Fahrrad_endmontiert,Citybike_Fahrrad_endmontiert,43
1573,115,2,Racebike_Rahmen_komplettiert,Racebike_Rahmen_komplettiert,25
1573,116,1,Mountainbike_Bremsaufnahme_gebohrt,Mountainbike_Bremsaufnahme_gebohrt,20
1573,117,1,Mountainbike_Rahmen_nachbearbeitet,Mountainbike_Rahmen_nachbearbeitet,20
1573,118,0,Citybike_Rahmen_komplettiert,Citybike_Rahmen_komplettiert,40
1573,119,1,Racebike_Steuerrohr_ausgerieben,Racebike_Steuerrohr_ausgerieben,24
1573,120,2,Racebike_Hauptrahmen_zugeschnitten,Racebike_Hauptrahmen_zugeschnitten,15
1573,121,2,E-Bike_Rahmen_nachbearbeitet,E-Bike_Rahmen_nachbearbeitet,25
1573,122,0,Racebike_Steuerrohr_montiert,Racebike_Steuerrohr_montiert,42
1573,123,0,Racebike_Bremsen_justiert,Racebike_Bremsen_justiert,40
1574,2,1,Mountainbike_Fahrrad_endmontiert,Mountainbike_Fahrrad_endmontiert,20
1574,4,1,Mountainbike_Tretlager_gefraest,Mountainbike_Tretlager_gefraest,20
1574,6,2,E-Bike_Tretlageraufnahme_geschweisst,E-Bike_Tretlageraufnahme_geschweisst,15
1574,7,0,E-Bike_Bremsaufnahme_gebohrt,E-Bike_Bremsaufnahme_gebohrt,40
1574,8,1,Racebike_Fahrrad_endmontiert,Racebike_Fahrrad_endmontiert,24
1574,9,2,Racebike_Antrieb_installiert,Racebike_Antrieb_installiert,25
1574,10,1,E-Bike_Bremsen_justiert,E-Bike_Bremsen_justiert,28
1574,11,0,E-Bike_Tretlager_gefraest,E-Bike_Tretlager_gefraest,40
1574,12,1,Mountainbike_Steuerrohr_montiert,Mountainbike_Steuerrohr_montiert,26
1574,13,1,E-Bike_Hinterbau_vorbereitet,E-Bike_Hinterbau_vorbereitet,28
1574,14,0,Mountainbike_Rahmen_nachbearbeitet,Mountainbike_Rahmen_nachbearbeitet,53
1574,15,1,Racebike_Bremsaufnahme_gebohrt,Racebike_Bremsaufnahme_gebohrt,26
1574,16,0,Citybike_Hinterbau_vorbereitet,Citybike_Hinterbau_vorbereitet,39
1574,17,1,E-Bike_Laufraeder_montiert,E-Bike_Laufraeder_montiert,28
1574,18,0,E-Bike_Rahmen_nachbearbeitet,E-Bike_Rahmen_nachbearbeitet,43
1574,19,1,E-Bike_Hinterbau_vorbereitet,E-Bike_Hinterbau_vorbereitet,20
1574,20,2,Mountainbike_Rahmen_lackiert,Mountainbike_Rahmen_lackiert,13
1574,21,0,E-Bike_Tretlager_gefraest,E-Bike_Tretlager_gefraest,40
1574,22,1,Citybike_Hinterbau_vorbereitet,Citybike_Hinterbau_vorbereitet,28
1574,23,1,E-Bike_Schaltauge_bearbeitet,E-Bike_Schaltauge_bearbeitet,27
1574,24,0,Racebike_Hinterbau_vorbereitet,Racebike_Hinterbau_vorbereitet,47
1574,25,2,Racebike_Rahmen_nachbearbeitet,Racebike_Rahmen_nachbearbeitet,16
1574,26,0,Racebike_Antrieb_installiert,Racebike_Antrieb_installiert,40
1574,27,2,Mountainbike_Bremsen_justiert,Mountainbike_Bremsen_justiert,13
1574,28,2,E-Bike_Bremsaufnahme_gebohrt,E-Bike_Bremsaufnahme_gebohrt,24
1574,29,2,Mountainbike_Hinterbau_vorbereitet,Mountainbike_Hinterbau_vorbereitet,24
1574,30,1,Citybike_Bremsen_justiert,Citybike_Bremsen_justiert,28
1574,31,1,Racebike_Bremsaufnahme_gebohrt,Racebike_Bremsaufnahme_gebohrt,15
1574,32,0,Mountainbike_Tretlager_gefraest,Mountainbike_Tretlager_gefraest,38
1574,33,0,E-Bike_Antrieb_installiert,E-Bike_Antrieb_installiert,55
1574,34,0,Mountainbike_Rahmen_lackiert,Mountainbike_Rahmen_lackiert,53
1574,35,0,Racebike_Hauptrahmen_zugeschnitten,Racebike_Hauptrahmen_zugeschnitten,35
1574,36,2,E-Bike_Rahmen_komplettiert,E-Bike_Rahmen_komplettiert,24
1574,37,0,Citybike_Rahmen_nachbearbeitet,Citybike_Rahmen_nachbearbeitet,43
1574,38,2,Mountainbike_Tretlageraufnahme_geschweisst,Mountainbike_Tretlageraufnahme_geschweisst,24
1574,39,0,Mountainbike_Bremsaufnahme_gebohrt,Mountainbike_Bremsaufnahme_gebohrt,40
1574,40,2,Mountainbike_Tretlageraufnahme_geschweisst,Mountainbike_Tretlageraufnahme_geschweisst,10
1574,41,2,Racebike_Rahmen_komplettiert,Racebike_Rahmen_komplettiert,16
1574,42,2,Citybike_Hauptrahmen_zugeschnitten,Citybike_Hauptrahmen_zugeschnitten,18
1574,43,1,Mountainbike_Rahmen_lackiert,Mountainbike_Rahmen_lackiert,25
1574,44,1,Racebike_Steuerrohr_ausgerieben,Racebike_Steuerrohr_ausgerieben,24
1574,45,0,Mountainbike_Tretlageraufnahme_geschweisst,Mountainbike_Tretlageraufnahme_geschweisst,40
1574,46,1,Mountainbike_Rahmen_komplettiert,Mountainbike_Rahmen_komplettiert,25
1574,47,1,Racebike_Tretlageraufnahme_geschweisst,Racebike_Tretlageraufnahme_geschweisst,24
1574,48,0,Citybike_Rahmen_lackiert,Citybike_Rahmen_lackiert,39
1574,49,1,Mountainbike_Hauptrahmen_zugeschnitten,Mountainbike_Hauptrahmen_zugeschnitten,25
1574,50,1,Mountainbike_Steuerrohr_montiert,Mountainbike_Steuerrohr_montiert,20
1574,51,1,Citybike_Tretlager_gefraest,Citybike_Tretlager_gefraest,15
1574,52,2,Mountainbike_Rahmen_nachbearbeitet,Mountainbike_Rahmen_nachbearbeitet,12
1574,53,0,Mountainbike_Hauptrahmen_zugeschnitten,Mountainbike_Hauptrahmen_zugeschnitten,40
1574,54,1,E-Bike_Tretlageraufnahme_geschweisst,E-Bike_Tretlageraufnahme_geschweisst,27
1574,55,1,Mountainbike_Steuerrohr_ausgerieben,Mountainbike_Steuerrohr_ausgerieben,26
1574,56,1,Racebike_Rahmen_nachbearbeitet,Racebike_Rahmen_nachbearbeitet,24
1574,57,0,Racebike_Rahmen_komplettiert,Racebike_Rahmen_komplettiert,35
1574,58,1,E-Bike_Tretlager_gefraest,E-Bike_Tretlager_gefraest,28
1574,59,2,Mountainbike_Laufraeder_montiert,Mountainbike_Laufraeder_montiert,15
1574,60,1,E-Bike_Hauptrahmen_zugeschnitten,E-Bike_Hauptrahmen_zugeschnitten,20
1574,61,1,Citybike_Antrieb_installiert,Citybike_Antrieb_installiert,28
1574,62,2,Citybike_Schaltauge_bearbeitet,Citybike_Schaltauge_bearbeitet,18
1574,63,1,Mountainbike_Fahrrad_endmontiert,Mountainbike_Fahrrad_endmontiert,20
1574,64,0,Mountainbike_Hauptrahmen_zugeschnitten,Mountainbike_Hauptrahmen_zugeschnitten,38
1574,65,0,Mountainbike_Hinterbau_vorbereitet,Mountainbike_Hinterbau_vorbereitet,40
1574,66,2,Mountainbike_Bremsen_justiert,Mountainbike_Bremsen_justiert,12
1574,67,2,Mountainbike_Steuerrohr_ausgerieben,Mountainbike_Steuerrohr_ausgerieben,15
1574,68,0,Mountainbike_Schaltauge_bearbeitet,Mountainbike_Schaltauge_bearbeitet,40
1574,69,1,Racebike_Hinterbau_vorbereitet,Racebike_Hinterbau_vorbereitet,24
1574,70,1,E-Bike_Hinterbau_vorbereitet,E-Bike_Hinterbau_vorbereitet,28
1574,71,1,Racebike_Laufraeder_montiert,Racebike_Laufraeder_montiert,26
1574,72,0,Mountainbike_Tretlager_gefraest,Mountainbike_Tretlager_gefraest,40
1574,73,0,E-Bike_Fahrrad_endmontiert,E-Bike_Fahrrad_endmontiert,55
1574,74,1,Mountainbike_Antrieb_installiert,Mountainbike_Antrieb_installiert,25
1574,75,1,Citybike_Bremsen_justiert,Citybike_Bremsen_justiert,15
1574,76,2,Racebike_Hauptrahmen_zugeschnitten,Racebike_Hauptrahmen_zugeschnitten,16
1574,77,2,Racebike_Hinterbau_vorbereitet,Racebike_Hinterbau_vorbereitet,15
1574,78,1,Mountainbike_Fahrrad_endmontiert,Mountainbike_Fahrrad_endmontiert,20
1574,79,0,Citybike_Hauptrahmen_zugeschnitten,Citybike_Hauptrahmen_zugeschnitten,54
1574,80,1,Mountainbike_Bremsaufnahme_gebohrt,Mountainbike_Bremsaufnahme_gebohrt,20
1574,81,0,Racebike_Steuerrohr_montiert,Racebike_Steuerrohr_montiert,42
1574,82,2,Citybike_Tretlageraufnahme_geschweisst,Citybike_Tretlageraufnahme_geschweisst,18
1574,83,0,Racebike_Rahmen_lackiert,Racebike_Rahmen_lackiert,40
1574,84,2,Mountainbike_Tretlageraufnahme_geschweisst,Mountainbike_Tretlageraufnahme_geschweisst,12
1574,85,1,Citybike_Rahmen_lackiert,Citybike_Rahmen_lackiert,15
1574,86,1,E-Bike_Hinterbau_vorbereitet,E-Bike_Hinterbau_vorbereitet,27
1574,87,1,Citybike_Rahmen_nachbearbeitet,Citybike_Rahmen_nachbearbeitet,28
1574,88,1,Mountainbike_Bremsaufnahme_gebohrt,Mountainbike_Bremsaufnahme_gebohrt,20
1574,89,1,Racebike_Tretlager_gefraest,Racebike_Tretlager_gefraest,24
1574,90,0,Citybike_Fahrrad_endmontiert,Citybike_Fahrrad_endmontiert,43
1574,91,2,Citybike_Steuerrohr_montiert,Citybike_Steuerrohr_montiert,18
1574,92,0,Mountainbike_Hinterbau_vorbereitet,Mountainbike_Hinterbau_vorbereitet,40
1574,93,0,E-Bike_Rahmen_nachbearbeitet,E-Bike_Rahmen_nachbearbeitet,55
1574,94,2,Mountainbike_Laufraeder_montiert,Mountainbike_Laufraeder_montiert,12
1574,95,0,Racebike_Bremsen_justiert,Racebike_Bremsen_justiert,47
1574,96,1,Racebike_Tretlageraufnahme_geschweisst,Racebike_Tretlageraufnahme_geschweisst,20
1574,97,1,Mountainbike_Rahmen_lackiert,Mountainbike_Rahmen_lackiert,25
1574,98,0,E-Bike_Hinterbau_vorbereitet,E-Bike_Hinterbau_vorbereitet,47
1574,99,0,Mountainbike_Steuerrohr_montiert,Mountainbike_Steuerrohr_montiert,53
1574,100,0,Citybike_Rahmen_komplettiert,Citybike_Rahmen_komplettiert,39
1574,101,2,Mountainbike_Antrieb_installiert,Mountainbike_Antrieb_installiert,15
1574,102,2,Racebike_Rahmen_komplettiert,Racebike_Rahmen_komplettiert,16
1574,103,1,Mountainbike_Rahmen_nachbearbeitet,Mountainbike_Rahmen_nachbearbeitet,20
1574,104,0,Mountainbike_Steuerrohr_montiert,Mountainbike_Steuerrohr_montiert,40
1574,105,2,E-Bike_Steuerrohr_montiert,E-Bike_Steuerrohr_montiert,25
1574,106,1,Citybike_Fahrrad_endmontiert,Citybike_Fahrrad_endmontiert,15
1574,107,0,E-Bike_Bremsen_justiert,E-Bike_Bremsen_justiert,55
1574,108,0,Racebike_Fahrrad_endmontiert,Racebike_Fahrrad_endmontiert,47
1574,109,1,E-Bike_Rahmen_lackiert,E-Bike_Rahmen_lackiert,27
1574,110,1,E-Bike_Hauptrahmen_zugeschnitten,E-Bike_Hauptrahmen_zugeschnitten,20
1574,111,0,Racebike_Rahmen_lackiert,Racebike_Rahmen_lackiert,40
1574,112,0,Racebike_Bremsen_justiert,Racebike_Bremsen_justiert,40
1574,113,1,Racebike_Rahmen_lackiert,Racebike_Rahmen_lackiert,26
1574,114,2,E-Bike_Schaltauge_bearbeitet,E-Bike_Schaltauge_bearbeitet,15
1574,115,2,E-Bike_Rahmen_nachbearbeitet,E-Bike_Rahmen_nachbearbeitet,15
1574,116,2,E-Bike_Rahmen_komplettiert,E-Bike_Rahmen_komplettiert,15
1574,117,0,Racebike_Tretlager_gefraest,Racebike_Tretlager_gefraest,40
1574,118,1,Racebike_Steuerrohr_ausgerieben,Racebike_Steuerrohr_ausgerieben,20
1574,119,0,Racebike_Rahmen_komplettiert,Racebike_Rahmen_komplettiert,40
1574,120,1,Racebike_Hauptrahmen_zugeschnitten,Racebike_Hauptrahmen_zugeschnitten,20
1574,121,1,Racebike_Rahmen_nachbearbeitet,Racebike_Rahmen_nachbearbeitet,20
1574,122,2,Racebike_Antrieb_installiert,Racebike_Antrieb_installiert,25
1574,123,1,Racebike_Schaltauge_bearbeitet,Racebike_Schaltauge_bearbeitet,20
1575,2,0,Citybike_Hinterbau_vorbereitet,Citybike_Hinterbau_vorbereitet,39
1575,3,0,Mountainbike_Tretlageraufnahme_geschweisst,Mountainbike_Tretlageraufnahme_geschweisst,40
1575,5,0,Mountainbike_Schaltauge_bearbeitet,Mountainbike_Schaltauge_bearbeitet,40
1575,6,1,Mountainbike_Antrieb_installiert,Mountainbike_Antrieb_installiert,20
1575,8,0,E-Bike_Steuerrohr_ausgerieben,E-Bike_Steuerrohr_ausgerieben,55
1575,9,1,Citybike_Hinterbau_vorbereitet,Citybike_Hinterbau_vorbereitet,15
1575,10,2,Mountainbike_Bremsen_justiert,Mountainbike_Bremsen_justiert,24
1575,11,1,Citybike_Bremsen_justiert,Citybike_Bremsen_justiert,20
1575,12,0,Mountainbike_Bremsaufnahme_gebohrt,Mountainbike_Bremsaufnahme_gebohrt,53
1575,13,1,E-Bike_Hinterbau_vorbereitet,E-Bike_Hinterbau_vorbereitet,27
1575,14,1,Mountainbike_Fahrrad_endmontiert,Mountainbike_Fahrrad_endmontiert,26
1575,15,1,E-Bike_Schaltauge_bearbeitet,E-Bike_Schaltauge_bearbeitet,28
1575,16,0,Citybike_Rahmen_nachbearbeitet,Citybike_Rahmen_nachbearbeitet,39
1575,17,0,E-Bike_Rahmen_nachbearbeitet,E-Bike_Rahmen_nachbearbeitet,43
1575,18,1,Racebike_Fahrrad_endmontiert,Racebike_Fahrrad_endmontiert,26
1575,19,1,Citybike_Antrieb_installiert,Citybike_Antrieb_installiert,25
1575,20,0,E-Bike_Tretlager_gefraest,E-Bike_Tretlager_gefraest,40
1575,21,0,E-Bike_Hinterbau_vorbereitet,E-Bike_Hinterbau_vorbereitet,40
1575,22,1,Citybike_Tretlager_gefraest,Citybike_Tretlager_gefraest,20
1575,23,0,E-Bike_Tretlager_gefraest,E-Bike_Tretlager_gefraest,40
1575,24,0,Mountainbike_Rahmen_nachbearbeitet,Mountainbike_Rahmen_nachbearbeitet,53
1575,25,2,Mountainbike_Hinterbau_vorbereitet,Mountainbike_Hinterbau_vorbereitet,15
1575,26,2,E-Bike_Bremsaufnahme_gebohrt,E-Bike_Bremsaufnahme_gebohrt,24
1575,27,1,Mountainbike_Tretlager_gefraest,Mountainbike_Tretlager_gefraest,20
1575,28,1,Mountainbike_Rahmen_komplettiert,Mountainbike_Rahmen_komplettiert,20
1575,29,0,Racebike_Hauptrahmen_zugeschnitten,Racebike_Hauptrahmen_zugeschnitten,35
1575,30,1,Racebike_Bremsaufnahme_gebohrt,Racebike_Bremsaufnahme_gebohrt,24
1575,31,2,E-Bike_Tretlageraufnahme_geschweisst,E-Bike_Tretlageraufnahme_geschweisst,15
1575,32,1,Mountainbike_Bremsaufnahme_gebohrt,Mountainbike_Bremsaufnahme_gebohrt,25
1575,33,2,Mountainbike_Tretlageraufnahme_geschweisst,Mountainbike_Tretlageraufnahme_geschweisst,24
1575,34,1,E-Bike_Laufraeder_montiert,E-Bike_Laufraeder_montiert,28
1575,35,1,Citybike_Bremsen_justiert,Citybike_Bremsen_justiert,28
1575,36,1,Racebike_Hinterbau_vorbereitet,Racebike_Hinterbau_vorbereitet,15
1575,37,1,E-Bike_Hauptrahmen_zugeschnitten,E-Bike_Hauptrahmen_zugeschnitten,28
1575,38,0,Racebike_Hinterbau_vorbereitet,Racebike_Hinterbau_vorbereitet,40
1575,39,1,Mountainbike_Fahrrad_endmontiert,Mountainbike_Fahrrad_endmontiert,26
1575,40,2,Racebike_Rahmen_nachbearbeitet,Racebike_Rahmen_nachbearbeitet,16
1575,41,1,Mountainbike_Rahmen_lackiert,Mountainbike_Rahmen_lackiert,20
1575,42,1,E-Bike_Hinterbau_vorbereitet,E-Bike_Hinterbau_vorbereitet,28
1575,43,1,Mountainbike_Steuerrohr_montiert,Mountainbike_Steuerrohr_montiert,26
1575,44,0,E-Bike_Bremsaufnahme_gebohrt,E-Bike_Bremsaufnahme_gebohrt,47
1575,45,1,Mountainbike_Hauptrahmen_zugeschnitten,Mountainbike_Hauptrahmen_zugeschnitten,20
1575,46,1,Racebike_Laufraeder_montiert,Racebike_Laufraeder_montiert,24
1575,47,2,Mountainbike_Rahmen_lackiert,Mountainbike_Rahmen_lackiert,13
1575,48,1,Mountainbike_Steuerrohr_montiert,Mountainbike_Steuerrohr_montiert,25
1575,49,0,Citybike_Hauptrahmen_zugeschnitten,Citybike_Hauptrahmen_zugeschnitten,54
1575,50,0,Mountainbike_Tretlager_gefraest,Mountainbike_Tretlager_gefraest,40
1575,51,0,Mountainbike_Hinterbau_vorbereitet,Mountainbike_Hinterbau_vorbereitet,40
1575,52,0,E-Bike_Bremsen_justiert,E-Bike_Bremsen_justiert,55
1575,53,0,Mountainbike_Tretlager_gefraest,Mountainbike_Tretlager_gefraest,53
1575,54,2,E-Bike_Rahmen_komplettiert,E-Bike_Rahmen_komplettiert,24
1575,55,2,Mountainbike_Laufraeder_montiert,Mountainbike_Laufraeder_montiert,24
1575,56,0,E-Bike_Rahmen_nachbearbeitet,E-Bike_Rahmen_nachbearbeitet,55
1575,57,2,Mountainbike_Antrieb_installiert,Mountainbike_Antrieb_installiert,15
1575,58,2,Citybike_Steuerrohr_montiert,Citybike_Steuerrohr_montiert,18
1575,59,1,Mountainbike_Fahrrad_endmontiert,Mountainbike_Fahrrad_endmontiert,20
1575,60,0,Mountainbike_Steuerrohr_montiert,Mountainbike_Steuerrohr_montiert,53
1575,61,1,Mountainbike_Rahmen_lackiert,Mountainbike_Rahmen_lackiert,20
1575,62,1,Mountainbike_Bremsaufnahme_gebohrt,Mountainbike_Bremsaufnahme_gebohrt,20
1575,63,2,Mountainbike_Rahmen_nachbearbeitet,Mountainbike_Rahmen_nachbearbeitet,12
1575,64,1,E-Bike_Bremsen_justiert,E-Bike_Bremsen_justiert,28
1575,65,2,Mountainbike_Laufraeder_montiert,Mountainbike_Laufraeder_montiert,15
1575,66,0,Mountainbike_Hauptrahmen_zugeschnitten,Mountainbike_Hauptrahmen_zugeschnitten,40
1575,67,2,Mountainbike_Tretlageraufnahme_geschweisst,Mountainbike_Tretlageraufnahme_geschweisst,15
1575,68,1,Racebike_Bremsaufnahme_gebohrt,Racebike_Bremsaufnahme_gebohrt,26
1575,69,1,E-Bike_Tretlageraufnahme_geschweisst,E-Bike_Tretlageraufnahme_geschweisst,28
1575,70,0,Racebike_Fahrrad_endmontiert,Racebike_Fahrrad_endmontiert,35
1575,71,1,E-Bike_Hinterbau_vorbereitet,E-Bike_Hinterbau_vorbereitet,20
1575,72,0,Mountainbike_Hauptrahmen_zugeschnitten,Mountainbike_Hauptrahmen_zugeschnitten,38
1575,73,2,Racebike_Antrieb_installiert,Racebike_Antrieb_installiert,16
1575,74,0,Mountainbike_Hinterbau_vorbereitet,Mountainbike_Hinterbau_vorbereitet,40
1575,75,2,E-Bike_Steuerrohr_montiert,E-Bike_Steuerrohr_montiert,25
1575,76,1,Racebike_Rahmen_nachbearbeitet,Racebike_Rahmen_nachbearbeitet,26
1575,77,1,Mountainbike_Rahmen_nachbearbeitet,Mountainbike_Rahmen_nachbearbeitet,25
1575,78,0,E-Bike_Antrieb_installiert,E-Bike_Antrieb_installiert,55
1575,79,2,Mountainbike_Bremsen_justiert,Mountainbike_Bremsen_justiert,24
1575,80,2,Mountainbike_Tretlageraufnahme_geschweisst,Mountainbike_Tretlageraufnahme_geschweisst,15
1575,81,1,E-Bike_Rahmen_lackiert,E-Bike_Rahmen_lackiert,28
1575,82,2,E-Bike_Rahmen_komplettiert,E-Bike_Rahmen_komplettiert,24
1575,83,2,Mountainbike_Steuerrohr_ausgerieben,Mountainbike_Steuerrohr_ausgerieben,24
1575,84,1,Citybike_Fahrrad_endmontiert,Citybike_Fahrrad_endmontiert,28
1575,85,2,Citybike_Hauptrahmen_zugeschnitten,Citybike_Hauptrahmen_zugeschnitten,18
1575,86,1,E-Bike_Tretlager_gefraest,E-Bike_Tretlager_gefraest,27
1575,87,0,Racebike_Rahmen_lackiert,Racebike_Rahmen_lackiert,47
1575,88,1,E-Bike_Hauptrahmen_zugeschnitten,E-Bike_Hauptrahmen_zugeschnitten,20
1575,89,2,Racebike_Hinterbau_vorbereitet,Racebike_Hinterbau_vorbereitet,10
1575,90,1,Mountainbike_Steuerrohr_ausgerieben,Mountainbike_Steuerrohr_ausgerieben,26
1575,91,0,Citybike_Rahmen_lackiert,Citybike_Rahmen_lackiert,43
1575,92,0,E-Bike_Fahrrad_endmontiert,E-Bike_Fahrrad_endmontiert,43
1575,93,2,Racebike_Rahmen_komplettiert,Racebike_Rahmen_komplettiert,15
1575,94,0,Racebike_Rahmen_komplettiert,Racebike_Rahmen_komplettiert,47
1575,95,0,Racebike_Antrieb_installiert,Racebike_Antrieb_installiert,40
1575,96,1,E-Bike_Hinterbau_vorbereitet,E-Bike_Hinterbau_vorbereitet,28
1575,97,1,Racebike_Tretlageraufnahme_geschweisst,Racebike_Tretlageraufnahme_geschweisst,26
1575,98,0,Racebike_Rahmen_komplettiert,Racebike_Rahmen_komplettiert,40
1575,99,2,Citybike_Schaltauge_bearbeitet,Citybike_Schaltauge_bearbeitet,18
1575,100,1,Racebike_Steuerrohr_ausgerieben,Racebike_Steuerrohr_ausgerieben,20
1575,101,0,Racebike_Rahmen_lackiert,Racebike_Rahmen_lackiert,40
1575,102,1,Racebike_Tretlager_gefraest,Racebike_Tretlager_gefraest,20
1575,103,2,Citybike_Tretlageraufnahme_geschweisst,Citybike_Tretlageraufnahme_geschweisst,15
1575,104,1,Racebike_Tretlageraufnahme_geschweisst,Racebike_Tretlageraufnahme_geschweisst,20
1575,105,0,Mountainbike_Steuerrohr_montiert,Mountainbike_Steuerrohr_montiert,38
1575,106,2,Racebike_Hauptrahmen_zugeschnitten,Racebike_Hauptrahmen_zugeschnitten,10
1575,107,2,E-Bike_Schaltauge_bearbeitet,E-Bike_Schaltauge_bearbeitet,25
1575,108,2,Racebike_Rahmen_komplettiert,Racebike_Rahmen_komplettiert,25
1575,109,0,Racebike_Bremsen_justiert,Racebike_Bremsen_justiert,35
1575,110,0,Citybike_Fahrrad_endmontiert,Citybike_Fahrrad_endmontiert,43
1575,111,1,Citybike_Rahmen_lackiert,Citybike_Rahmen_lackiert,25
1575,112,0,Racebike_Steuerrohr_montiert,Racebike_Steuerrohr_montiert,42
1575,113,1,Citybike_Rahmen_nachbearbeitet,Citybike_Rahmen_nachbearbeitet,20
1575,114,0,Citybike_Rahmen_komplettiert,Citybike_Rahmen_komplettiert,43
1575,115,0,Racebike_Bremsen_justiert,Racebike_Bremsen_justiert,42
1575,116,1,Racebike_Hauptrahmen_zugeschnitten,Racebike_Hauptrahmen_zugeschnitten,15
1575,117,1,Racebike_Rahmen_nachbearbeitet,Racebike_Rahmen_nachbearbeitet,20
1575,118,1,Racebike_Rahmen_lackiert,Racebike_Rahmen_lackiert,20
1575,119,2,E-Bike_Rahmen_nachbearbeitet,E-Bike_Rahmen_nachbearbeitet,25
1575,120,0,Racebike_Tretlager_gefraest,Racebike_Tretlager_gefraest,40
1575,121,2,Racebike_Antrieb_installiert,Racebike_Antrieb_installiert,25
1575,122,1,Racebike_Steuerrohr_ausgerieben,Racebike_Steuerrohr_ausgerieben,20
1575,123,1,Racebike_Schaltauge_bearbeitet,Racebike_Schaltauge_bearbeitet,20
1576,3,2,Racebike_Antrieb_installiert,Racebike_Antrieb_installiert,25
1576,5,1,Mountainbike_Tretlager_gefraest,Mountainbike_Tretlager_gefraest,20
1576,6,1,Racebike_Fahrrad_endmontiert,Racebike_Fahrrad_endmontiert,24
1576,7,0,Racebike_Hinterbau_vorbereitet,Racebike_Hinterbau_vorbereitet,40
1576,8,0,E-Bike_Bremsaufnahme_gebohrt,E-Bike_Bremsaufnahme_gebohrt,47
1576,9,1,Mountainbike_Steuerrohr_montiert,Mountainbike_Steuerrohr_montiert,25
1576,10,2,Mountainbike_Tretlageraufnahme_geschweisst,Mountainbike_Tretlageraufnahme_geschweisst,13
1576,11,1,Mountainbike_Fahrrad_endmontiert,Mountainbike_Fahrrad_endmontiert,20
1576,12,2,E-Bike_Rahmen_komplettiert,E-Bike_Rahmen_komplettiert,24
1576,13,1,Racebike_Hinterbau_vorbereitet,Racebike_Hinterbau_vorbereitet,24
1576,14,1,E-Bike_Schaltauge_bearbeitet,E-Bike_Schaltauge_bearbeitet,28
1576,15,0,Mountainbike_Rahmen_nachbearbeitet,Mountainbike_Rahmen_nachbearbeitet,53
1576,16,1,Racebike_Bremsaufnahme_gebohrt,Racebike_Bremsaufnahme_gebohrt,26
1576,17,0,Mountainbike_Hinterbau_vorbereitet,Mountainbike_Hinterbau_vorbereitet,40
1576,18,1,E-Bike_Bremsen_justiert,E-Bike_Bremsen_justiert,28
1576,19,2,Mountainbike_Bremsen_justiert,Mountainbike_Bremsen_justiert,24
1576,20,1,Racebike_Rahmen_nachbearbeitet,Racebike_Rahmen_nachbearbeitet,26
1576,21,0,Mountainbike_Tretlageraufnahme_geschweisst,Mountainbike_Tretlageraufnahme_geschweisst,40
1576,22,1,Citybike_Hinterbau_vorbereitet,Citybike_Hinterbau_vorbereitet,25
1576,23,2,Racebike_Hinterbau_vorbereitet,Racebike_Hinterbau_vorbereitet,16
1576,24,1,Citybike_Tretlager_gefraest,Citybike_Tretlager_gefraest,20
1576,25,1,E-Bike_Hinterbau_vorbereitet,E-Bike_Hinterbau_vorbereitet,27
1576,26,1,Mountainbike_Fahrrad_endmontiert,Mountainbike_Fahrrad_endmontiert,26
1576,27,0,Mountainbike_Rahmen_lackiert,Mountainbike_Rahmen_lackiert,40
1576,28,1,Racebike_Laufraeder_montiert,Racebike_Laufraeder_montiert,24
1576,29,2,Racebike_Rahmen_nachbearbeitet,Racebike_Rahmen_nachbearbeitet,15
1576,30,0,Citybike_Rahmen_nachbearbeitet,Citybike_Rahmen_nachbearbeitet,39
1576,31,2,Mountainbike_Bremsen_justiert,Mountainbike_Bremsen_justiert,13
1576,32,2,Mountainbike_Tretlageraufnahme_geschweisst,Mountainbike_Tretlageraufnahme_geschweisst,15
1576,33,2,Citybike_Hauptrahmen_zugeschnitten,Citybike_Hauptrahmen_zugeschnitten,18
1576,34,1,Mountainbike_Bremsaufnahme_gebohrt,Mountainbike_Bremsaufnahme_gebohrt,25
1576,35,0,E-Bike_Tretlager_gefraest,E-Bike_Tretlager_gefraest,43
1576,36,0,Citybike_Rahmen_lackiert,Citybike_Rahmen_lackiert,54
1576,37,0,Racebike_Fahrrad_endmontiert,Racebike_Fahrrad_endmontiert,42
1576,38,0,Mountainbike_Bremsaufnahme_gebohrt,Mountainbike_Bremsaufnahme_gebohrt,38
1576,39,2,Mountainbike_Steuerrohr_ausgerieben,Mountainbike_Steuerrohr_ausgerieben,12
1576,40,0,E-Bike_Antrieb_installiert,E-Bike_Antrieb_installiert,55
1576,41,1,Mountainbike_Rahmen_komplettiert,Mountainbike_Rahmen_komplettiert,20
1576,42,2,Citybike_Schaltauge_bearbeitet,Citybike_Schaltauge_bearbeitet,18
1576,43,2,Mountainbike_Rahmen_lackiert,Mountainbike_Rahmen_lackiert,12
1576,44,1,Citybike_Bremsen_justiert,Citybike_Bremsen_justiert,15
1576,45,0,E-Bike_Steuerrohr_ausgerieben,E-Bike_Steuerrohr_ausgerieben,40
1576,46,0,Racebike_Rahmen_lackiert,Racebike_Rahmen_lackiert,47
1576,47,2,Racebike_Rahmen_komplettiert,Racebike_Rahmen_komplettiert,16
1576,48,1,E-Bike_Hinterbau_vorbereitet,E-Bike_Hinterbau_vorbereitet,27
1576,49,0,E-Bike_Hinterbau_vorbereitet,E-Bike_Hinterbau_vorbereitet,47
1576,50,0,E-Bike_Rahmen_nachbearbeitet,E-Bike_Rahmen_nachbearbeitet,40
1576,51,0,E-Bike_Tretlager_gefraest,E-Bike_Tretlager_gefraest,40
1576,52,1,Mountainbike_Rahmen_lackiert,Mountainbike_Rahmen_lackiert,26
1576,53,0,Racebike_Antrieb_installiert,Racebike_Antrieb_installiert,47
1576,54,2,E-Bike_Bremsaufnahme_gebohrt,E-Bike_Bremsaufnahme_gebohrt,25
1576,55,0,Mountainbike_Tretlager_gefraest,Mountainbike_Tretlager_gefraest,38
1576,56,0,Racebike_Bremsen_justiert,Racebike_Bremsen_justiert,35
1576,57,0,Citybike_Hinterbau_vorbereitet,Citybike_Hinterbau_vorbereitet,43
1576,58,1,Citybike_Bremsen_justiert,Citybike_Bremsen_justiert,15
1576,59,2,E-Bike_Rahmen_komplettiert,E-Bike_Rahmen_komplettiert,15
1576,60,1,Racebike_Rahmen_lackiert,Racebike_Rahmen_lackiert,15
1576,61,1,Racebike_Bremsaufnahme_gebohrt,Racebike_Bremsaufnahme_gebohrt,20
1576,62,0,Mountainbike_Tretlager_gefraest,Mountainbike_Tretlager_gefraest,40
1576,63,0,Racebike_Rahmen_lackiert,Racebike_Rahmen_lackiert,35
1576,64,0,Racebike_Rahmen_komplettiert,Racebike_Rahmen_komplettiert,40
1576,65,1,Racebike_Tretlager_gefraest,Racebike_Tretlager_gefraest,20
1576,66,1,E-Bike_Laufraeder_montiert,E-Bike_Laufraeder_montiert,28
1576,67,1,Mountainbike_Hauptrahmen_zugeschnitten,Mountainbike_Hauptrahmen_zugeschnitten,26
1576,68,1,Citybike_Antrieb_installiert,Citybike_Antrieb_installiert,15
1576,69,1,E-Bike_Hauptrahmen_zugeschnitten,E-Bike_Hauptrahmen_zugeschnitten,27
1576,70,1,Mountainbike_Steuerrohr_montiert,Mountainbike_Steuerrohr_montiert,26
1576,71,2,Mountainbike_Hinterbau_vorbereitet,Mountainbike_Hinterbau_vorbereitet,24
1576,72,2,Mountainbike_Laufraeder_montiert,Mountainbike_Laufraeder_montiert,15
1576,73,0,Mountainbike_Schaltauge_bearbeitet,Mountainbike_Schaltauge_bearbeitet,38
1576,74,1,Racebike_Hauptrahmen_zugeschnitten,Racebike_Hauptrahmen_zugeschnitten,24
1576,75,1,Mountainbike_Antrieb_installiert,Mountainbike_Antrieb_installiert,25
1576,76,2,Citybike_Tretlageraufnahme_geschweisst,Citybike_Tretlageraufnahme_geschweisst,18
1576,77,1,Citybike_Rahmen_lackiert,Citybike_Rahmen_lackiert,15
1576,78,2,Mountainbike_Rahmen_nachbearbeitet,Mountainbike_Rahmen_nachbearbeitet,12
1576,79,1,Racebike_Tretlageraufnahme_geschweisst,Racebike_Tretlageraufnahme_geschweisst,15
1576,80,0,Mountainbike_Hauptrahmen_zugeschnitten,Mountainbike_Hauptrahmen_zugeschnitten,40
1576,81,1,E-Bike_Tretlageraufnahme_geschweisst,E-Bike_Tretlageraufnahme_geschweisst,28
1576,82,1,E-Bike_Hinterbau_vorbereitet,E-Bike_Hinterbau_vorbereitet,20
1576,83,1,E-Bike_Tretlager_gefraest,E-Bike_Tretlager_gefraest,20
1576,84,1,Citybike_Rahmen_nachbearbeitet,Citybike_Rahmen_nachbearbeitet,28
1576,85,0,E-Bike_Rahmen_nachbearbeitet,E-Bike_Rahmen_nachbearbeitet,55
1576,86,0,Citybike_Hauptrahmen_zugeschnitten,Citybike_Hauptrahmen_zugeschnitten,54
1576,87,1,Mountainbike_Steuerrohr_ausgerieben,Mountainbike_Steuerrohr_ausgerieben,20
1576,88,0,E-Bike_Fahrrad_endmontiert,E-Bike_Fahrrad_endmontiert,43
1576,89,1,Racebike_Tretlageraufnahme_geschweisst,Racebike_Tretlageraufnahme_geschweisst,24
1576,90,0,Mountainbike_Hinterbau_vorbereitet,Mountainbike_Hinterbau_vorbereitet,53
1576,91,2,Citybike_Steuerrohr_montiert,Citybike_Steuerrohr_montiert,18
1576,92,1,E-Bike_Hinterbau_vorbereitet,E-Bike_Hinterbau_vorbereitet,28
1576,93,2,E-Bike_Steuerrohr_montiert,E-Bike_Steuerrohr_montiert,24
1576,94,1,E-Bike_Rahmen_lackiert,E-Bike_Rahmen_lackiert,20
1576,95,2,Mountainbike_Laufraeder_montiert,Mountainbike_Laufraeder_montiert,24
1576,96,1,Citybike_Fahrrad_endmontiert,Citybike_Fahrrad_endmontiert,28
1576,97,0,Racebike_Rahmen_komplettiert,Racebike_Rahmen_komplettiert,35
1576,98,2,E-Bike_Rahmen_komplettiert,E-Bike_Rahmen_komplettiert,24
1576,99,0,E-Bike_Bremsen_justiert,E-Bike_Bremsen_justiert,47
1576,100,1,Racebike_Rahmen_nachbearbeitet,Racebike_Rahmen_nachbearbeitet,15
1576,101,2,Racebike_Rahmen_komplettiert,Racebike_Rahmen_komplettiert,25
1576,102,0,Mountainbike_Hauptrahmen_zugeschnitten,Mountainbike_Hauptrahmen_zugeschnitten,53
1576,103,2,Mountainbike_Antrieb_installiert,Mountainbike_Antrieb_installiert,13
1576,104,0,Mountainbike_Steuerrohr_montiert,Mountainbike_Steuerrohr_montiert,40
1576,105,0,Citybike_Fahrrad_endmontiert,Citybike_Fahrrad_endmontiert,39
1576,106,2,Mountainbike_Tretlageraufnahme_geschweisst,Mountainbike_Tretlageraufnahme_geschweisst,15
1576,107,0,Citybike_Rahmen_komplettiert,Citybike_Rahmen_komplettiert,40
1576,108,2,Racebike_Antrieb_installiert,Racebike_Antrieb_installiert,16
1576,109,1,Mountainbike_Fahrrad_endmontiert,Mountainbike_Fahrrad_endmontiert,25
1576,110,0,Racebike_Tretlager_gefraest,Racebike_Tretlager_gefraest,42
1576,111,1,Mountainbike_Rahmen_lackiert,Mountainbike_Rahmen_lackiert,20
1576,112,1,Racebike_Steuerrohr_ausgerieben,Racebike_Steuerrohr_ausgerieben,24
1576,113,1,Racebike_Schaltauge_bearbeitet,Racebike_Schaltauge_bearbeitet,20
1576,114,1,Mountainbike_Bremsaufnahme_gebohrt,Mountainbike_Bremsaufnahme_gebohrt,25
1576,115,0,Mountainbike_Steuerrohr_montiert,Mountainbike_Steuerrohr_montiert,38
1576,116,1,Mountainbike_Rahmen_nachbearbeitet,Mountainbike_Rahmen_nachbearbeitet,20
1576,117,1,Racebike_Steuerrohr_ausgerieben,Racebike_Steuerrohr_ausgerieben,24
1576,118,2,Racebike_Hauptrahmen_zugeschnitten,Racebike_Hauptrahmen_zugeschnitten,15
1576,119,1,E-Bike_Hauptrahmen_zugeschnitten,E-Bike_Hauptrahmen_zugeschnitten,28
1576,120,0,Racebike_Steuerrohr_montiert,Racebike_Steuerrohr_montiert,35
1576,121,0,Racebike_Bremsen_justiert,Racebike_Bremsen_justiert,40
1576,122,2,E-Bike_Schaltauge_bearbeitet,E-Bike_Schaltauge_bearbeitet,25
1576,123,2,E-Bike_Rahmen_nachbearbeitet,E-Bike_Rahmen_nachbearbeitet,15
1577,4,2,Mountainbike_Hinterbau_vorbereitet,Mountainbike_Hinterbau_vorbereitet,15
1577,5,1,Citybike_Tretlager_gefraest,Citybike_Tretlager_gefraest,25
1577,6,2,Mountainbike_Laufraeder_montiert,Mountainbike_Laufraeder_montiert,15
1577,7,2,Racebike_Rahmen_nachbearbeitet,Racebike_Rahmen_nachbearbeitet,16
1577,8,2,E-Bike_Tretlageraufnahme_geschweisst,E-Bike_Tretlageraufnahme_geschweisst,25
1577,9,0,Racebike_Antrieb_installiert,Racebike_Antrieb_installiert,35
1577,10,0,Mountainbike_Schaltauge_bearbeitet,Mountainbike_Schaltauge_bearbeitet,38
1577,11,2,E-Bike_Rahmen_komplettiert,E-Bike_Rahmen_komplettiert,15
1577,12,0,Racebike_Hauptrahmen_zugeschnitten,Racebike_Hauptrahmen_zugeschnitten,35
1577,13,1,Citybike_Hinterbau_vorbereitet,Citybike_Hinterbau_vorbereitet,20
1577,14,0,Citybike_Rahmen_nachbearbeitet,Citybike_Rahmen_nachbearbeitet,43
1577,15,0,E-Bike_Steuerrohr_ausgerieben,E-Bike_Steuerrohr_ausgerieben,43
1577,16,0,Citybike_Hinterbau_vorbereitet,Citybike_Hinterbau_vorbereitet,54
1577,17,1,E-Bike_Hinterbau_vorbereitet,E-Bike_Hinterbau_vorbereitet,27
1577,18,1,Citybike_Bremsen_justiert,Citybike_Bremsen_justiert,28
1577,19,1,Racebike_Laufraeder_montiert,Racebike_Laufraeder_montiert,15
1577,20,1,Mountainbike_Rahmen_komplettiert,Mountainbike_Rahmen_komplettiert,25
1577,21,1,E-Bike_Schaltauge_bearbeitet,E-Bike_Schaltauge_bearbeitet,28
1577,22,2,Citybike_Hauptrahmen_zugeschnitten,Citybike_Hauptrahmen_zugeschnitten,15
1577,23,1,Citybike_Bremsen_justiert,Citybike_Bremsen_justiert,28
1577,24,2,E-Bike_Rahmen_komplettiert,E-Bike_Rahmen_komplettiert,24
1577,25,1,Citybike_Antrieb_installiert,Citybike_Antrieb_installiert,20
1577,26,0,E-Bike_Bremsaufnahme_gebohrt,E-Bike_Bremsaufnahme_gebohrt,43
1577,27,0,E-Bike_Hinterbau_vorbereitet,E-Bike_Hinterbau_vorbereitet,40
1577,28,0,Citybike_Hauptrahmen_zugeschnitten,Citybike_Hauptrahmen_zugeschnitten,54
1577,29,2,Racebike_Antrieb_installiert,Racebike_Antrieb_installiert,25
1577,30,1,Mountainbike_Fahrrad_endmontiert,Mountainbike_Fahrrad_endmontiert,20
1577,31,1,E-Bike_Bremsen_justiert,E-Bike_Bremsen_justiert,28
1577,32,1,Mountainbike_Bremsaufnahme_gebohrt,Mountainbike_Bremsaufnahme_gebohrt,26
1577,33,1,Racebike_Tretlageraufnahme_geschweisst,Racebike_Tretlageraufnahme_geschweisst,24
1577,34,1,Racebike_Rahmen_nachbearbeitet,Racebike_Rahmen_nachbearbeitet,20
1577,35,0,Racebike_Rahmen_komplettiert,Racebike_Rahmen_komplettiert,42
1577,36,1,E-Bike_Hinterbau_vorbereitet,E-Bike_Hinterbau_vorbereitet,28
1577,37,1,E-Bike_Tretlageraufnahme_geschweisst,E-Bike_Tretlageraufnahme_geschweisst,20
1577,38,2,Citybike_Steuerrohr_montiert,Citybike_Steuerrohr_montiert,18
1577,39,0,E-Bike_Tretlager_gefraest,E-Bike_Tretlager_gefraest,47
1577,40,0,Mountainbike_Hinterbau_vorbereitet,Mountainbike_Hinterbau_vorbereitet,53
1577,41,1,Mountainbike_Rahmen_lackiert,Mountainbike_Rahmen_lackiert,26
1577,42,0,E-Bike_Rahmen_nachbearbeitet,E-Bike_Rahmen_nachbearbeitet,55
1577,43,1,E-Bike_Tretlager_gefraest,E-Bike_Tretlager_gefraest,28
1577,44,1,Mountainbike_Tretlager_gefraest,Mountainbike_Tretlager_gefraest,26
1577,45,0,Mountainbike_Rahmen_lackiert,Mountainbike_Rahmen_lackiert,53
1577,46,0,Mountainbike_Rahmen_nachbearbeitet,Mountainbike_Rahmen_nachbearbeitet,40
1577,47,1,Mountainbike_Fahrrad_endmontiert,Mountainbike_Fahrrad_endmontiert,20
1577,48,0,Mountainbike_Bremsaufnahme_gebohrt,Mountainbike_Bremsaufnahme_gebohrt,40
1577,49,0,E-Bike_Tretlager_gefraest,E-Bike_Tretlager_gefraest,55
1577,50,1,Citybike_Fahrrad_endmontiert,Citybike_Fahrrad_endmontiert,15
1577,51,0,Mountainbike_Hauptrahmen_zugeschnitten,Mountainbike_Hauptrahmen_zugeschnitten,53
1577,52,0,Citybike_Rahmen_lackiert,Citybike_Rahmen_lackiert,39
1577,53,2,E-Bike_Bremsaufnahme_gebohrt,E-Bike_Bremsaufnahme_gebohrt,24
1577,54,2,Citybike_Schaltauge_bearbeitet,Citybike_Schaltauge_bearbeitet,15
1577,55,2,Mountainbike_Rahmen_lackiert,Mountainbike_Rahmen_lackiert,12
1577,56,0,Mountainbike_Steuerrohr_montiert,Mountainbike_Steuerrohr_montiert,40
1577,57,1,Mountainbike_Antrieb_installiert,Mountainbike_Antrieb_installiert,20
1577,58,0,E-Bike_Antrieb_installiert,E-Bike_Antrieb_installiert,55
1577,59,1,Mountainbike_Steuerrohr_montiert,Mountainbike_Steuerrohr_montiert,20
1577,60,2,Mountainbike_Tretlageraufnahme_geschweisst,Mountainbike_Tretlageraufnahme_geschweisst,15
1577,61,0,Mountainbike_Tretlager_gefraest,Mountainbike_Tretlager_gefraest,53
1577,62,2,Mountainbike_Tretlageraufnahme_geschweisst,Mountainbike_Tretlageraufnahme_geschweisst,10
1577,63,2,Racebike_Rahmen_komplettiert,Racebike_Rahmen_komplettiert,16
1577,64,0,Citybike_Fahrrad_endmontiert,Citybike_Fahrrad_endmontiert,39
1577,65,1,Mountainbike_Fahrrad_endmontiert,Mountainbike_Fahrrad_endmontiert,20
1577,66,1,Mountainbike_Rahmen_lackiert,Mountainbike_Rahmen_lackiert,20
1577,67,1,Mountainbike_Rahmen_komplettiert,Mountainbike_Rahmen_komplettiert,20
1577,68,1,Mountainbike_Hauptrahmen_zugeschnitten,Mountainbike_Hauptrahmen_zugeschnitten,20
1577,69,2,Mountainbike_Tretlageraufnahme_geschweisst,Mountainbike_Tretlageraufnahme_geschweisst,13
1577,70,2,Citybike_Tretlageraufnahme_geschweisst,Citybike_Tretlageraufnahme_geschweisst,18
1577,71,0,Mountainbike_Tretlager_gefraest,Mountainbike_Tretlager_gefraest,40
1577,72,2,Racebike_Hinterbau_vorbereitet,Racebike_Hinterbau_vorbereitet,10
1577,73,2,Mountainbike_Rahmen_nachbearbeitet,Mountainbike_Rahmen_nachbearbeitet,13
1577,74,0,Citybike_Rahmen_komplettiert,Citybike_Rahmen_komplettiert,39
1577,75,1,Racebike_Fahrrad_endmontiert,Racebike_Fahrrad_endmontiert,24
1577,76,0,Racebike_Bremsen_justiert,Racebike_Bremsen_justiert,42
1577,77,2,Mountainbike_Laufraeder_montiert,Mountainbike_Laufraeder_montiert,15
1577,78,1,E-Bike_Laufraeder_montiert,E-Bike_Laufraeder_montiert,28
1577,79,0,Mountainbike_Hinterbau_vorbereitet,Mountainbike_Hinterbau_vorbereitet,38
1577,80,1,Mountainbike_Steuerrohr_montiert,Mountainbike_Steuerrohr_montiert,26
1577,81,0,Mountainbike_Hauptrahmen_zugeschnitten,Mountainbike_Hauptrahmen_zugeschnitten,40
1577,82,1,Mountainbike_Steuerrohr_ausgerieben,Mountainbike_Steuerrohr_ausgerieben,20
1577,83,2,Mountainbike_Bremsen_justiert,Mountainbike_Bremsen_justiert,15
1577,84,1,Citybike_Rahmen_lackiert,Citybike_Rahmen_lackiert,15
1577,85,1,Citybike_Rahmen_nachbearbeitet,Citybike_Rahmen_nachbearbeitet,20
1577,86,1,Racebike_Rahmen_lackiert,Racebike_Rahmen_lackiert,15
1577,87,2,Mountainbike_Steuerrohr_ausgerieben,Mountainbike_Steuerrohr_ausgerieben,15
1577,88,0,E-Bike_Fahrrad_endmontiert,E-Bike_Fahrrad_endmontiert,55
1577,89,0,Racebike_Hinterbau_vorbereitet,Racebike_Hinterbau_vorbereitet,47
1577,90,1,E-Bike_Hauptrahmen_zugeschnitten,E-Bike_Hauptrahmen_zugeschnitten,28
1577,91,1,E-Bike_Hinterbau_vorbereitet,E-Bike_Hinterbau_vorbereitet,20
1577,92,1,E-Bike_Hinterbau_vorbereitet,E-Bike_Hinterbau_vorbereitet,15
1577,93,1,Mountainbike_Bremsaufnahme_gebohrt,Mountainbike_Bremsaufnahme_gebohrt,26
1577,94,0,E-Bike_Rahmen_nachbearbeitet,E-Bike_Rahmen_nachbearbeitet,47
1577,95,2,E-Bike_Steuerrohr_montiert,E-Bike_Steuerrohr_montiert,24
1577,96,2,Mountainbike_Antrieb_installiert,Mountainbike_Antrieb_installiert,24
1577,97,1,Mountainbike_Rahmen_nachbearbeitet,Mountainbike_Rahmen_nachbearbeitet,20
1577,98,1,Racebike_Bremsaufnahme_gebohrt,Racebike_Bremsaufnahme_gebohrt,24
1577,99,0,Racebike_Rahmen_lackiert,Racebike_Rahmen_lackiert,47
1577,100,1,E-Bike_Rahmen_lackiert,E-Bike_Rahmen_lackiert,28
1577,101,0,E-Bike_Bremsen_justiert,E-Bike_Bremsen_justiert,47
1577,102,2,E-Bike_Rahmen_komplettiert,E-Bike_Rahmen_komplettiert,24
1577,103,0,Mountainbike_Steuerrohr_montiert,Mountainbike_Steuerrohr_montiert,53
1577,104,2,Racebike_Rahmen_komplettiert,Racebike_Rahmen_komplettiert,25
1577,105,1,E-Bike_Hauptrahmen_zugeschnitten,E-Bike_Hauptrahmen_zugeschnitten,20
1577,106,1,Racebike_Tretlager_gefraest,Racebike_Tretlager_gefraest,26
1577,107,1,Racebike_Tretlageraufnahme_geschweisst,Racebike_Tretlageraufnahme_geschweisst,20
1577,108,1,Racebike_Steuerrohr_ausgerieben,Racebike_Steuerrohr_ausgerieben,20
1577,109,1,Racebike_Hinterbau_vorbereitet,Racebike_Hinterbau_vorbereitet,20
1577,110,2,E-Bike_Schaltauge_bearbeitet,E-Bike_Schaltauge_bearbeitet,25
1577,111,2,E-Bike_Rahmen_nachbearbeitet,E-Bike_Rahmen_nachbearbeitet,15
1577,112,2,Racebike_Hauptrahmen_zugeschnitten,Racebike_Hauptrahmen_zugeschnitten,25
1577,113,0,Racebike_Tretlager_gefraest,Racebike_Tretlager_gefraest,35
1577,114,0,Racebike_Fahrrad_endmontiert,Racebike_Fahrrad_endmontiert,40
1577,115,0,Racebike_Steuerrohr_montiert,Racebike_Steuerrohr_montiert,40
1577,116,1,Racebike_Steuerrohr_ausgerieben,Racebike_Steuerrohr_ausgerieben,20
1577,117,0,Racebike_Rahmen_lackiert,Racebike_Rahmen_lackiert,40
1577,118,0,Racebike_Rahmen_komplettiert,Racebike_Rahmen_komplettiert,40
1577,119,0,Racebike_Bremsen_justiert,Racebike_Bremsen_justiert,40
1577,120,1,Racebike_Hauptrahmen_zugeschnitten,Racebike_Hauptrahmen_zugeschnitten,20
1577,121,1,Racebike_Rahmen_nachbearbeitet,Racebike_Rahmen_nachbearbeitet,20
1577,122,2,Racebike_Antrieb_installiert,Racebike_Antrieb_installiert,15
1577,123,1,Racebike_Schaltauge_bearbeitet,Racebike_Schaltauge_bearbeitet,20
1578,2,1,Citybike_Tretlager_gefraest,Citybike_Tretlager_gefraest,28
1578,3,1,Racebike_Hinterbau_vorbereitet,Racebike_Hinterbau_vorbereitet,15
1578,5,0,Citybike_Hinterbau_vorbereitet,Citybike_Hinterbau_vorbereitet,39
1578,6,1,Citybike_Bremsen_justiert,Citybike_Bremsen_justiert,25
1578,7,0,E-Bike_Tretlager_gefraest,E-Bike_Tretlager_gefraest,43
1578,8,1,Citybike_Hinterbau_vorbereitet,Citybike_Hinterbau_vorbereitet,20
1578,9,1,Mountainbike_Rahmen_komplettiert,Mountainbike_Rahmen_komplettiert,20
1578,10,1,Racebike_Bremsaufnahme_gebohrt,Racebike_Bremsaufnahme_gebohrt,24
1578,12,1,Mountainbike_Fahrrad_endmontiert,Mountainbike_Fahrrad_endmontiert,25
1578,13,1,Citybike_Antrieb_installiert,Citybike_Antrieb_installiert,15
1578,14,0,E-Bike_Hinterbau_vorbereitet,E-Bike_Hinterbau_vorbereitet,40
1578,15,2,Mountainbike_Rahmen_lackiert,Mountainbike_Rahmen_lackiert,13
1578,16,2,Mountainbike_Bremsen_justiert,Mountainbike_Bremsen_justiert,15
1578,17,2,E-Bike_Rahmen_komplettiert,E-Bike_Rahmen_komplettiert,24
1578,18,1,Racebike_Rahmen_nachbearbeitet,Racebike_Rahmen_nachbearbeitet,15
1578,19,2,Racebike_Rahmen_nachbearbeitet,Racebike_Rahmen_nachbearbeitet,25
1578,20,2,Citybike_Tretlageraufnahme_geschweisst,Citybike_Tretlageraufnahme_geschweisst,18
1578,21,1,Mountainbike_Antrieb_installiert,Mountainbike_Antrieb_installiert,25
1578,22,2,E-Bike_Rahmen_komplettiert,E-Bike_Rahmen_komplettiert,24
1578,23,0,Racebike_Antrieb_installiert,Racebike_Antrieb_installiert,47
1578,24,2,E-Bike_Tretlageraufnahme_geschweisst,E-Bike_Tretlageraufnahme_geschweisst,15
1578,25,0,E-Bike_Bremsaufnahme_gebohrt,E-Bike_Bremsaufnahme_gebohrt,47
1578,26,2,Racebike_Hinterbau_vorbereitet,Racebike_Hinterbau_vorbereitet,25
1578,27,1,Mountainbike_Fahrrad_endmontiert,Mountainbike_Fahrrad_endmontiert,20
1578,28,0,Citybike_Rahmen_nachbearbeitet,Citybike_Rahmen_nachbearbeitet,54
1578,29,1,Racebike_Tretlageraufnahme_geschweisst,Racebike_Tretlageraufnahme_geschweisst,24
1578,30,1,Racebike_Fahrrad_endmontiert,Racebike_Fahrrad_endmontiert,20
1578,31,0,Racebike_Rahmen_lackiert,Racebike_Rahmen_lackiert,42
1578,32,2,Citybike_Hauptrahmen_zugeschnitten,Citybike_Hauptrahmen_zugeschnitten,18
1578,33,0,Racebike_Fahrrad_endmontiert,Racebike_Fahrrad_endmontiert,40
1578,34,0,E-Bike_Steuerrohr_ausgerieben,E-Bike_Steuerrohr_ausgerieben,47
1578,35,0,Racebike_Rahmen_komplettiert,Racebike_Rahmen_komplettiert,47
1578,36,1,E-Bike_Bremsen_justiert,E-Bike_Bremsen_justiert,28
1578,37,1,E-Bike_Hinterbau_vorbereitet,E-Bike_Hinterbau_vorbereitet,20
1578,38,0,E-Bike_Antrieb_installiert,E-Bike_Antrieb_installiert,47
1578,39,1,E-Bike_Tretlageraufnahme_geschweisst,E-Bike_Tretlageraufnahme_geschweisst,20
1578,40,0,Racebike_Hinterbau_vorbereitet,Racebike_Hinterbau_vorbereitet,47
1578,41,1,E-Bike_Tretlager_gefraest,E-Bike_Tretlager_gefraest,20
1578,42,0,Mountainbike_Tretlageraufnahme_geschweisst,Mountainbike_Tretlageraufnahme_geschweisst,38
1578,43,0,Racebike_Hauptrahmen_zugeschnitten,Racebike_Hauptrahmen_zugeschnitten,35
1578,44,0,Mountainbike_Rahmen_lackiert,Mountainbike_Rahmen_lackiert,38
1578,45,1,E-Bike_Hinterbau_vorbereitet,E-Bike_Hinterbau_vorbereitet,20
1578,46,0,Mountainbike_Rahmen_nachbearbeitet,Mountainbike_Rahmen_nachbearbeitet,40
1578,47,0,Mountainbike_Tretlager_gefraest,Mountainbike_Tretlager_gefraest,40
1578,48,1,Mountainbike_Fahrrad_endmontiert,Mountainbike_Fahrrad_endmontiert,26
1578,49,1,Mountainbike_Bremsaufnahme_gebohrt,Mountainbike_Bremsaufnahme_gebohrt,20
1578,50,2,Mountainbike_Rahmen_nachbearbeitet,Mountainbike_Rahmen_nachbearbeitet,12
1578,51,0,E-Bike_Fahrrad_endmontiert,E-Bike_Fahrrad_endmontiert,55
1578,52,0,E-Bike_Rahmen_nachbearbeitet,E-Bike_Rahmen_nachbearbeitet,40
1578,53,1,E-Bike_Hinterbau_vorbereitet,E-Bike_Hinterbau_vorbereitet,28
1578,54,1,Citybike_Rahmen_lackiert,Citybike_Rahmen_lackiert,28
1578,55,1,Citybike_Bremsen_justiert,Citybike_Bremsen_justiert,20
1578,56,0,Mountainbike_Hinterbau_vorbereitet,Mountainbike_Hinterbau_vorbereitet,53
1578,57,0,E-Bike_Tretlager_gefraest,E-Bike_Tretlager_gefraest,55
1578,58,0,E-Bike_Bremsen_justiert,E-Bike_Bremsen_justiert,40
1578,59,2,Mountainbike_Hinterbau_vorbereitet,Mountainbike_Hinterbau_vorbereitet,15
1578,60,2,Mountainbike_Laufraeder_montiert,Mountainbike_Laufraeder_montiert,15
1578,61,1,Racebike_Tretlager_gefraest,Racebike_Tretlager_gefraest,15
1578,62,0,Mountainbike_Hauptrahmen_zugeschnitten,Mountainbike_Hauptrahmen_zugeschnitten,53
1578,63,2,E-Bike_Bremsaufnahme_gebohrt,E-Bike_Bremsaufnahme_gebohrt,24
1578,64,0,Citybike_Hauptrahmen_zugeschnitten,Citybike_Hauptrahmen_zugeschnitten,39
1578,65,1,Racebike_Tretlageraufnahme_geschweisst,Racebike_Tretlageraufnahme_geschweisst,20
1578,66,1,Mountainbike_Bremsaufnahme_gebohrt,Mountainbike_Bremsaufnahme_gebohrt,25
1578,67,1,E-Bike_Hauptrahmen_zugeschnitten,E-Bike_Hauptrahmen_zugeschnitten,28
1578,68,0,Mountainbike_Hauptrahmen_zugeschnitten,Mountainbike_Hauptrahmen_zugeschnitten,40
1578,69,2,E-Bike_Schaltauge_bearbeitet,E-Bike_Schaltauge_bearbeitet,15
1578,70,0,Mountainbike_Bremsaufnahme_gebohrt,Mountainbike_Bremsaufnahme_gebohrt,40
1578,71,1,Mountainbike_Rahmen_nachbearbeitet,Mountainbike_Rahmen_nachbearbeitet,26
1578,72,2,Mountainbike_Tretlageraufnahme_geschweisst,Mountainbike_Tretlageraufnahme_geschweisst,24
1578,73,1,Mountainbike_Rahmen_komplettiert,Mountainbike_Rahmen_komplettiert,20
1578,74,2,Citybike_Steuerrohr_montiert,Citybike_Steuerrohr_montiert,18
1578,75,1,Racebike_Laufraeder_montiert,Racebike_Laufraeder_montiert,24
1578,76,1,Mountainbike_Rahmen_lackiert,Mountainbike_Rahmen_lackiert,25
1578,77,0,Mountainbike_Steuerrohr_montiert,Mountainbike_Steuerrohr_montiert,40
1578,78,2,Racebike_Rahmen_komplettiert,Racebike_Rahmen_komplettiert,10
1578,79,1,Racebike_Bremsaufnahme_gebohrt,Racebike_Bremsaufnahme_gebohrt,24
1578,80,1,E-Bike_Laufraeder_montiert,E-Bike_Laufraeder_montiert,28
1578,81,1,Citybike_Fahrrad_endmontiert,Citybike_Fahrrad_endmontiert,28
1578,82,2,Mountainbike_Tretlageraufnahme_geschweisst,Mountainbike_Tretlageraufnahme_geschweisst,13
1578,83,0,Racebike_Rahmen_lackiert,Racebike_Rahmen_lackiert,35
1578,84,0,Racebike_Bremsen_justiert,Racebike_Bremsen_justiert,40
1578,85,1,Citybike_Rahmen_nachbearbeitet,Citybike_Rahmen_nachbearbeitet,20
1578,86,2,E-Bike_Rahmen_nachbearbeitet,E-Bike_Rahmen_nachbearbeitet,24
1578,87,0,Racebike_Rahmen_komplettiert,Racebike_Rahmen_komplettiert,40
1578,88,1,Racebike_Hauptrahmen_zugeschnitten,Racebike_Hauptrahmen_zugeschnitten,15
1578,89,1,Mountainbike_Steuerrohr_ausgerieben,Mountainbike_Steuerrohr_ausgerieben,25
1578,90,1,Mountainbike_Tretlager_gefraest,Mountainbike_Tretlager_gefraest,20
1578,91,0,Citybike_Rahmen_lackiert,Citybike_Rahmen_lackiert,43
1578,92,1,Mountainbike_Rahmen_lackiert,Mountainbike_Rahmen_lackiert,20
1578,93,2,Citybike_Schaltauge_bearbeitet,Citybike_Schaltauge_bearbeitet,15
1578,94,1,Mountainbike_Steuerrohr_montiert,Mountainbike_Steuerrohr_montiert,20
1578,95,1,E-Bike_Hauptrahmen_zugeschnitten,E-Bike_Hauptrahmen_zugeschnitten,28
1578,96,1,Mountainbike_Hauptrahmen_zugeschnitten,Mountainbike_Hauptrahmen_zugeschnitten,26
1578,97,0,Mountainbike_Tretlager_gefraest,Mountainbike_Tretlager_gefraest,40
1578,98,2,Mountainbike_Laufraeder_montiert,Mountainbike_Laufraeder_montiert,12
1578,99,2,Mountainbike_Tretlageraufnahme_geschweisst,Mountainbike_Tretlageraufnahme_geschweisst,15
1578,100,0,Mountainbike_Hinterbau_vorbereitet,Mountainbike_Hinterbau_vorbereitet,40
1578,101,0,Citybike_Fahrrad_endmontiert,Citybike_Fahrrad_endmontiert,39
1578,102,1,Racebike_Rahmen_lackiert,Racebike_Rahmen_lackiert,24
1578,103,2,Racebike_Rahmen_komplettiert,Racebike_Rahmen_komplettiert,16
1578,104,1,E-Bike_Hinterbau_vorbereitet,E-Bike_Hinterbau_vorbereitet,28
1578,105,0,Citybike_Rahmen_komplettiert,Citybike_Rahmen_komplettiert,40
1578,106,1,Racebike_Steuerrohr_ausgerieben,Racebike_Steuerrohr_ausgerieben,26
1578,107,2,Mountainbike_Bremsen_justiert,Mountainbike_Bremsen_justiert,13
1578,108,2,Mountainbike_Steuerrohr_ausgerieben,Mountainbike_Steuerrohr_ausgerieben,15
1578,109,1,Racebike_Rahmen_nachbearbeitet,Racebike_Rahmen_nachbearbeitet,20
1578,110,0,Racebike_Tretlager_gefraest,Racebike_Tretlager_gefraest,42
1578,111,2,Mountainbike_Antrieb_installiert,Mountainbike_Antrieb_installiert,15
1578,112,0,Mountainbike_Steuerrohr_montiert,Mountainbike_Steuerrohr_montiert,38
1578,113,0,E-Bike_Rahmen_nachbearbeitet,E-Bike_Rahmen_nachbearbeitet,55
1578,114,1,Racebike_Steuerrohr_ausgerieben,Racebike_Steuerrohr_ausgerieben,20
1578,115,2,Racebike_Hauptrahmen_zugeschnitten,Racebike_Hauptrahmen_zugeschnitten,16
1578,116,2,E-Bike_Steuerrohr_montiert,E-Bike_Steuerrohr_montiert,25
1578,117,2,Racebike_Antrieb_installiert,Racebike_Antrieb_installiert,25
1578,118,1,Racebike_Schaltauge_bearbeitet,Racebike_Schaltauge_bearbeitet,20
1578,119,1,E-Bike_Rahmen_lackiert,E-Bike_Rahmen_lackiert,28
1578,120,0,Racebike_Steuerrohr_montiert,Racebike_Steuerrohr_montiert,47
1578,121,1,Mountainbike_Steuerrohr_montiert,Mountainbike_Steuerrohr_montiert,26
1578,122,0,Racebike_Bremsen_justiert,Racebike_Bremsen_justiert,40
1578,123,2,E-Bike_Rahmen_komplettiert,E-Bike_Rahmen_komplettiert,25
1579,2,2,E-Bike_Tretlageraufnahme_geschweisst,E-Bike_Tretlageraufnahme_geschweisst,15
1579,5,1,Mountainbike_Tretlager_gefraest,Mountainbike_Tretlager_gefraest,20
1579,6,0,Citybike_Hinterbau_vorbereitet,Citybike_Hinterbau_vorbereitet,54
1579,7,1,Citybike_Hinterbau_vorbereitet,Citybike_Hinterbau_vorbereitet,15
1579,8,0,Mountainbike_Tretlageraufnahme_geschweisst,Mountainbike_Tretlageraufnahme_geschweisst,40
1579,9,0,Citybike_Rahmen_nachbearbeitet,Citybike_Rahmen_nachbearbeitet,39
1579,10,1,Citybike_Tretlager_gefraest,Citybike_Tretlager_gefraest,20
1579,11,2,Citybike_Hauptrahmen_zugeschnitten,Citybike_Hauptrahmen_zugeschnitten,15
1579,12,1,Citybike_Bremsen_justiert,Citybike_Bremsen_justiert,20
1579,13,0,E-Bike_Bremsaufnahme_gebohrt,E-Bike_Bremsaufnahme_gebohrt,43
1579,14,1,Citybike_Antrieb_installiert,Citybike_Antrieb_installiert,20
1579,15,1,E-Bike_Laufraeder_montiert,E-Bike_Laufraeder_montiert,27
1579,16,2,Racebike_Antrieb_installiert,Racebike_Antrieb_installiert,10
1579,17,1,Racebike_Hinterbau_vorbereitet,Racebike_Hinterbau_vorbereitet,26
1579,18,1,Racebike_Rahmen_nachbearbeitet,Racebike_Rahmen_nachbearbeitet,20
1579,19,0,Mountainbike_Rahmen_lackiert,Mountainbike_Rahmen_lackiert,53
1579,20,1,E-Bike_Hauptrahmen_zugeschnitten,E-Bike_Hauptrahmen_zugeschnitten,28
1579,21,1,Mountainbike_Steuerrohr_montiert,Mountainbike_Steuerrohr_montiert,26
1579,22,0,Citybike_Rahmen_lackiert,Citybike_Rahmen_lackiert,39
1579,23,1,Citybike_Bremsen_justiert,Citybike_Bremsen_justiert,15
1579,24,1,Racebike_Bremsaufnahme_gebohrt,Racebike_Bremsaufnahme_gebohrt,15
1579,25,2,Citybike_Tretlageraufnahme_geschweisst,Citybike_Tretlageraufnahme_geschweisst,18
1579,26,1,Citybike_Rahmen_lackiert,Citybike_Rahmen_lackiert,25
1579,27,2,Mountainbike_Rahmen_lackiert,Mountainbike_Rahmen_lackiert,12
1579,28,0,Citybike_Hauptrahmen_zugeschnitten,Citybike_Hauptrahmen_zugeschnitten,40
1579,29,2,Citybike_Schaltauge_bearbeitet,Citybike_Schaltauge_bearbeitet,18
1579,30,1,Mountainbike_Rahmen_komplettiert,Mountainbike_Rahmen_komplettiert,20
1579,31,2,Citybike_Steuerrohr_montiert,Citybike_Steuerrohr_montiert,15
1579,32,1,E-Bike_Bremsen_justiert,E-Bike_Bremsen_justiert,28
1579,33,0,E-Bike_Steuerrohr_ausgerieben,E-Bike_Steuerrohr_ausgerieben,43
1579,34,2,Mountainbike_Tretlageraufnahme_geschweisst,Mountainbike_Tretlageraufnahme_geschweisst,12
1579,35,2,Racebike_Rahmen_nachbearbeitet,Racebike_Rahmen_nachbearbeitet,16
1579,36,0,Citybike_Fahrrad_endmontiert,Citybike_Fahrrad_endmontiert,54
1579,37,0,Mountainbike_Schaltauge_bearbeitet,Mountainbike_Schaltauge_bearbeitet,40
1579,38,1,Citybike_Rahmen_nachbearbeitet,Citybike_Rahmen_nachbearbeitet,28
1579,39,1,Mountainbike_Fahrrad_endmontiert,Mountainbike_Fahrrad_endmontiert,20
1579,40,1,E-Bike_Hinterbau_vorbereitet,E-Bike_Hinterbau_vorbereitet,28
1579,41,0,Mountainbike_Hinterbau_vorbereitet,Mountainbike_Hinterbau_vorbereitet,40
1579,42,0,E-Bike_Rahmen_nachbearbeitet,E-Bike_Rahmen_nachbearbeitet,55
1579,43,1,Mountainbike_Bremsaufnahme_gebohrt,Mountainbike_Bremsaufnahme_gebohrt,26
1579,44,0,Citybike_Rahmen_komplettiert,Citybike_Rahmen_komplettiert,54
1579,45,0,Mountainbike_Hinterbau_vorbereitet,Mountainbike_Hinterbau_vorbereitet,40
1579,46,1,Mountainbike_Antrieb_installiert,Mountainbike_Antrieb_installiert,20
1579,47,2,E-Bike_Steuerrohr_montiert,E-Bike_Steuerrohr_montiert,25
1579,48,0,Racebike_Antrieb_installiert,Racebike_Antrieb_installiert,35
1579,49,1,E-Bike_Hinterbau_vorbereitet,E-Bike_Hinterbau_vorbereitet,28
1579,50,1,Mountainbike_Fahrrad_endmontiert,Mountainbike_Fahrrad_endmontiert,26
1579,51,0,E-Bike_Hinterbau_vorbereitet,E-Bike_Hinterbau_vorbereitet,47
1579,52,1,Racebike_Tretlageraufnahme_geschweisst,Racebike_Tretlageraufnahme_geschweisst,24
1579,53,1,E-Bike_Hinterbau_vorbereitet,E-Bike_Hinterbau_vorbereitet,28
1579,54,2,Racebike_Hinterbau_vorbereitet,Racebike_Hinterbau_vorbereitet,25
1579,55,0,E-Bike_Rahmen_nachbearbeitet,E-Bike_Rahmen_nachbearbeitet,40
1579,56,0,Racebike_Fahrrad_endmontiert,Racebike_Fahrrad_endmontiert,47
1579,57,1,E-Bike_Rahmen_lackiert,E-Bike_Rahmen_lackiert,20
1579,58,0,Racebike_Rahmen_lackiert,Racebike_Rahmen_lackiert,40
1579,59,0,Mountainbike_Rahmen_nachbearbeitet,Mountainbike_Rahmen_nachbearbeitet,38
1579,60,1,E-Bike_Schaltauge_bearbeitet,E-Bike_Schaltauge_bearbeitet,20
1579,61,1,Racebike_Tretlager_gefraest,Racebike_Tretlager_gefraest,26
1579,62,1,Racebike_Tretlageraufnahme_geschweisst,Racebike_Tretlageraufnahme_geschweisst,20
1579,63,0,Racebike_Rahmen_komplettiert,Racebike_Rahmen_komplettiert,35
1579,64,2,Mountainbike_Bremsen_justiert,Mountainbike_Bremsen_justiert,13
1579,65,2,Mountainbike_Steuerrohr_ausgerieben,Mountainbike_Steuerrohr_ausgerieben,15
1579,66,2,Mountainbike_Tretlageraufnahme_geschweisst,Mountainbike_Tretlageraufnahme_geschweisst,15
1579,67,1,Mountainbike_Rahmen_lackiert,Mountainbike_Rahmen_lackiert,25
1579,68,0,Racebike_Hauptrahmen_zugeschnitten,Racebike_Hauptrahmen_zugeschnitten,40
1579,69,0,Mountainbike_Tretlager_gefraest,Mountainbike_Tretlager_gefraest,38
1579,70,2,Mountainbike_Laufraeder_montiert,Mountainbike_Laufraeder_montiert,15
1579,71,1,Citybike_Fahrrad_endmontiert,Citybike_Fahrrad_endmontiert,15
1579,72,1,Mountainbike_Rahmen_lackiert,Mountainbike_Rahmen_lackiert,20
1579,73,1,Mountainbike_Bremsaufnahme_gebohrt,Mountainbike_Bremsaufnahme_gebohrt,20
1579,74,0,E-Bike_Bremsen_justiert,E-Bike_Bremsen_justiert,55
1579,75,0,Mountainbike_Steuerrohr_montiert,Mountainbike_Steuerrohr_montiert,53
1579,76,0,Racebike_Rahmen_lackiert,Racebike_Rahmen_lackiert,35
1579,77,1,Racebike_Laufraeder_montiert,Racebike_Laufraeder_montiert,24
1579,78,2,Racebike_Rahmen_komplettiert,Racebike_Rahmen_komplettiert,16
1579,79,1,Racebike_Fahrrad_endmontiert,Racebike_Fahrrad_endmontiert,20
1579,80,1,E-Bike_Hauptrahmen_zugeschnitten,E-Bike_Hauptrahmen_zugeschnitten,28
1579,81,2,Mountainbike_Antrieb_installiert,Mountainbike_Antrieb_installiert,13
1579,82,0,Racebike_Bremsen_justiert,Racebike_Bremsen_justiert,40
1579,83,0,Mountainbike_Bremsaufnahme_gebohrt,Mountainbike_Bremsaufnahme_gebohrt,38
1579,84,0,Mountainbike_Tretlager_gefraest,Mountainbike_Tretlager_gefraest,40
1579,85,0,Racebike_Hinterbau_vorbereitet,Racebike_Hinterbau_vorbereitet,35
1579,86,1,Racebike_Bremsaufnahme_gebohrt,Racebike_Bremsaufnahme_gebohrt,26
1579,87,0,E-Bike_Tretlager_gefraest,E-Bike_Tretlager_gefraest,47
1579,88,2,E-Bike_Rahmen_komplettiert,E-Bike_Rahmen_komplettiert,24
1579,89,2,E-Bike_Schaltauge_bearbeitet,E-Bike_Schaltauge_bearbeitet,15
1579,90,0,Mountainbike_Steuerrohr_montiert,Mountainbike_Steuerrohr_montiert,53
1579,91,2,Mountainbike_Bremsen_justiert,Mountainbike_Bremsen_justiert,24
1579,92,2,E-Bike_Bremsaufnahme_gebohrt,E-Bike_Bremsaufnahme_gebohrt,24
1579,93,2,E-Bike_Rahmen_komplettiert,E-Bike_Rahmen_komplettiert,15
1579,94,0,Racebike_Rahmen_komplettiert,Racebike_Rahmen_komplettiert,35
1579,95,0,E-Bike_Antrieb_installiert,E-Bike_Antrieb_installiert,47
1579,96,1,Racebike_Hauptrahmen_zugeschnitten,Racebike_Hauptrahmen_zugeschnitten,20
1579,97,1,Racebike_Rahmen_lackiert,Racebike_Rahmen_lackiert,20
1579,98,1,E-Bike_Tretlageraufnahme_geschweisst,E-Bike_Tretlageraufnahme_geschweisst,28
1579,99,2,Racebike_Rahmen_komplettiert,Racebike_Rahmen_komplettiert,25
1579,100,0,Racebike_Tretlager_gefraest,Racebike_Tretlager_gefraest,47
1579,101,2,Mountainbike_Hinterbau_vorbereitet,Mountainbike_Hinterbau_vorbereitet,13
1579,102,2,Mountainbike_Laufraeder_montiert,Mountainbike_Laufraeder_montiert,15
1579,103,2,Mountainbike_Rahmen_nachbearbeitet,Mountainbike_Rahmen_nachbearbeitet,15
1579,104,0,Mountainbike_Hauptrahmen_zugeschnitten,Mountainbike_Hauptrahmen_zugeschnitten,38
1579,105,1,E-Bike_Tretlager_gefraest,E-Bike_Tretlager_gefraest,20
1579,106,2,Mountainbike_Tretlageraufnahme_geschweisst,Mountainbike_Tretlageraufnahme_geschweisst,15
1579,107,1,Mountainbike_Rahmen_nachbearbeitet,Mountainbike_Rahmen_nachbearbeitet,26
1579,108,1,Mountainbike_Rahmen_komplettiert,Mountainbike_Rahmen_komplettiert,20
1579,109,1,Racebike_Steuerrohr_ausgerieben,Racebike_Steuerrohr_ausgerieben,24
1579,110,0,E-Bike_Fahrrad_endmontiert,E-Bike_Fahrrad_endmontiert,55
1579,111,1,Mountainbike_Hauptrahmen_zugeschnitten,Mountainbike_Hauptrahmen_zugeschnitten,25
1579,112,2,E-Bike_Rahmen_nachbearbeitet,E-Bike_Rahmen_nachbearbeitet,24
1579,113,1,Mountainbike_Steuerrohr_montiert,Mountainbike_Steuerrohr_montiert,20
1579,114,0,Mountainbike_Hauptrahmen_zugeschnitten,Mountainbike_Hauptrahmen_zugeschnitten,53
1579,115,1,Racebike_Rahmen_nachbearbeitet,Racebike_Rahmen_nachbearbeitet,24
1579,116,1,Racebike_Steuerrohr_ausgerieben,Racebike_Steuerrohr_ausgerieben,20
1579,117,1,Mountainbike_Steuerrohr_ausgerieben,Mountainbike_Steuerrohr_ausgerieben,25
1579,118,2,Racebike_Antrieb_installiert,Racebike_Antrieb_installiert,25
1579,119,1,E-Bike_Hinterbau_vorbereitet,E-Bike_Hinterbau_vorbereitet,28
1579,120,1,Racebike_Schaltauge_bearbeitet,Racebike_Schaltauge_bearbeitet,26
1579,121,2,Racebike_Hauptrahmen_zugeschnitten,Racebike_Hauptrahmen_zugeschnitten,15
1579,122,0,Racebike_Steuerrohr_montiert,Racebike_Steuerrohr_montiert,35
1579,123,0,Racebike_Bremsen_justiert,Racebike_Bremsen_justiert,40
1580,3,1,Mountainbike_Rahmen_komplettiert,Mountainbike_Rahmen_komplettiert,20
1580,4,2,Racebike_Antrieb_installiert,Racebike_Antrieb_installiert,16
1580,5,2,E-Bike_Tretlageraufnahme_geschweisst,E-Bike_Tretlageraufnahme_geschweisst,25
1580,7,0,E-Bike_Bremsaufnahme_gebohrt,E-Bike_Bremsaufnahme_gebohrt,55
1580,8,1,Racebike_Rahmen_nachbearbeitet,Racebike_Rahmen_nachbearbeitet,24
1580,9,0,Racebike_Hauptrahmen_zugeschnitten,Racebike_Hauptrahmen_zugeschnitten,47
1580,10,2,E-Bike_Rahmen_komplettiert,E-Bike_Rahmen_komplettiert,15
1580,11,1,Racebike_Hinterbau_vorbereitet,Racebike_Hinterbau_vorbereitet,20
1580,12,0,E-Bike_Steuerrohr_ausgerieben,E-Bike_Steuerrohr_ausgerieben,47
1580,13,2,Mountainbike_Hinterbau_vorbereitet,Mountainbike_Hinterbau_vorbereitet,24
1580,14,0,Mountainbike_Rahmen_nachbearbeitet,Mountainbike_Rahmen_nachbearbeitet,53
1580,15,1,Racebike_Bremsaufnahme_gebohrt,Racebike_Bremsaufnahme_gebohrt,20
1580,16,1,E-Bike_Schaltauge_bearbeitet,E-Bike_Schaltauge_bearbeitet,28
1580,17,2,Mountainbike_Laufraeder_montiert,Mountainbike_Laufraeder_montiert,15
1580,18,0,Citybike_Hinterbau_vorbereitet,Citybike_Hinterbau_vorbereitet,39
1580,19,0,Citybike_Rahmen_nachbearbeitet,Citybike_Rahmen_nachbearbeitet,40
1580,20,1,Citybike_Tretlager_gefraest,Citybike_Tretlager_gefraest,28
1580,21,1,Citybike_Bremsen_justiert,Citybike_Bremsen_justiert,20
1580,22,2,Citybike_Hauptrahmen_zugeschnitten,Citybike_Hauptrahmen_zugeschnitten,18
1580,23,1,Racebike_Fahrrad_endmontiert,Racebike_Fahrrad_endmontiert,15
1580,24,1,Mountainbike_Tretlager_gefraest,Mountainbike_Tretlager_gefraest,25
1580,25,1,Citybike_Antrieb_installiert,Citybike_Antrieb_installiert,15
1580,26,2,E-Bike_Rahmen_komplettiert,E-Bike_Rahmen_komplettiert,24
1580,27,0,Mountainbike_Hauptrahmen_zugeschnitten,Mountainbike_Hauptrahmen_zugeschnitten,40
1580,28,1,E-Bike_Tretlageraufnahme_geschweisst,E-Bike_Tretlageraufnahme_geschweisst,27
1580,29,2,Racebike_Rahmen_nachbearbeitet,Racebike_Rahmen_nachbearbeitet,25
1580,30,0,Mountainbike_Rahmen_lackiert,Mountainbike_Rahmen_lackiert,40
1580,31,0,Racebike_Hinterbau_vorbereitet,Racebike_Hinterbau_vorbereitet,35
1580,32,0,Citybike_Rahmen_lackiert,Citybike_Rahmen_lackiert,43
1580,33,2,Citybike_Tretlageraufnahme_geschweisst,Citybike_Tretlageraufnahme_geschweisst,18
1580,34,0,E-Bike_Tretlager_gefraest,E-Bike_Tretlager_gefraest,43
1580,35,1,Citybike_Bremsen_justiert,Citybike_Bremsen_justiert,28
1580,36,1,Citybike_Rahmen_lackiert,Citybike_Rahmen_lackiert,20
1580,37,1,Citybike_Rahmen_nachbearbeitet,Citybike_Rahmen_nachbearbeitet,20
1580,38,0,Mountainbike_Tretlageraufnahme_geschweisst,Mountainbike_Tretlageraufnahme_geschweisst,53
1580,39,1,E-Bike_Hinterbau_vorbereitet,E-Bike_Hinterbau_vorbereitet,27
1580,40,1,Racebike_Bremsaufnahme_gebohrt,Racebike_Bremsaufnahme_gebohrt,26
1580,41,0,E-Bike_Hinterbau_vorbereitet,E-Bike_Hinterbau_vorbereitet,55
1580,42,1,E-Bike_Bremsen_justiert,E-Bike_Bremsen_justiert,28
1580,43,0,Mountainbike_Bremsaufnahme_gebohrt,Mountainbike_Bremsaufnahme_gebohrt,53
1580,44,0,Racebike_Antrieb_installiert,Racebike_Antrieb_installiert,35
1580,45,0,E-Bike_Rahmen_nachbearbeitet,E-Bike_Rahmen_nachbearbeitet,47
1580,46,1,Racebike_Tretlageraufnahme_geschweisst,Racebike_Tretlageraufnahme_geschweisst,26
1580,47,2,Citybike_Schaltauge_bearbeitet,Citybike_Schaltauge_bearbeitet,15
1580,48,1,E-Bike_Tretlager_gefraest,E-Bike_Tretlager_gefraest,28
1580,49,2,Mountainbike_Tretlageraufnahme_geschweisst,Mountainbike_Tretlageraufnahme_geschweisst,12
1580,50,2,Mountainbike_Tretlageraufnahme_geschweisst,Mountainbike_Tretlageraufnahme_geschweisst,10
1580,51,0,Racebike_Fahrrad_endmontiert,Racebike_Fahrrad_endmontiert,47
1580,52,1,E-Bike_Laufraeder_montiert,E-Bike_Laufraeder_montiert,20
1580,53,1,Mountainbike_Rahmen_lackiert,Mountainbike_Rahmen_lackiert,26
1580,54,1,E-Bike_Hinterbau_vorbereitet,E-Bike_Hinterbau_vorbereitet,28
1580,55,1,E-Bike_Hauptrahmen_zugeschnitten,E-Bike_Hauptrahmen_zugeschnitten,20
1580,56,0,Citybike_Fahrrad_endmontiert,Citybike_Fahrrad_endmontiert,43
1580,57,0,Racebike_Rahmen_komplettiert,Racebike_Rahmen_komplettiert,42
1580,58,1,Mountainbike_Fahrrad_endmontiert,Mountainbike_Fahrrad_endmontiert,26
1580,59,1,Mountainbike_Fahrrad_endmontiert,Mountainbike_Fahrrad_endmontiert,15
1580,60,0,E-Bike_Tretlager_gefraest,E-Bike_Tretlager_gefraest,47
1580,61,1,Racebike_Laufraeder_montiert,Racebike_Laufraeder_montiert,24
1580,62,2,Racebike_Hinterbau_vorbereitet,Racebike_Hinterbau_vorbereitet,16
1580,63,1,Mountainbike_Antrieb_installiert,Mountainbike_Antrieb_installiert,25
1580,64,2,Racebike_Rahmen_komplettiert,Racebike_Rahmen_komplettiert,15
1580,65,2,Mountainbike_Rahmen_lackiert,Mountainbike_Rahmen_lackiert,13
1580,66,0,Citybike_Hauptrahmen_zugeschnitten,Citybike_Hauptrahmen_zugeschnitten,54
1580,67,0,Mountainbike_Tretlager_gefraest,Mountainbike_Tretlager_gefraest,40
1580,68,2,Racebike_Rahmen_komplettiert,Racebike_Rahmen_komplettiert,16
1580,69,0,E-Bike_Antrieb_installiert,E-Bike_Antrieb_installiert,55
1580,70,0,Citybike_Rahmen_komplettiert,Citybike_Rahmen_komplettiert,54
1580,71,2,Mountainbike_Rahmen_nachbearbeitet,Mountainbike_Rahmen_nachbearbeitet,13
1580,72,0,Mountainbike_Tretlager_gefraest,Mountainbike_Tretlager_gefraest,40
1580,73,1,E-Bike_Hinterbau_vorbereitet,E-Bike_Hinterbau_vorbereitet,28
1580,74,2,Citybike_Steuerrohr_montiert,Citybike_Steuerrohr_montiert,18
1580,75,2,E-Bike_Bremsaufnahme_gebohrt,E-Bike_Bremsaufnahme_gebohrt,24
1580,76,1,Mountainbike_Fahrrad_endmontiert,Mountainbike_Fahrrad_endmontiert,26
1580,77,0,Racebike_Rahmen_lackiert,Racebike_Rahmen_lackiert,35
1580,78,2,Mountainbike_Laufraeder_montiert,Mountainbike_Laufraeder_montiert,24
1580,79,0,Mountainbike_Hauptrahmen_zugeschnitten,Mountainbike_Hauptrahmen_zugeschnitten,38
1580,80,0,Racebike_Bremsen_justiert,Racebike_Bremsen_justiert,35
1580,81,0,E-Bike_Fahrrad_endmontiert,E-Bike_Fahrrad_endmontiert,47
1580,82,1,E-Bike_Hinterbau_vorbereitet,E-Bike_Hinterbau_vorbereitet,28
1580,83,1,Citybike_Fahrrad_endmontiert,Citybike_Fahrrad_endmontiert,28
1580,84,1,Mountainbike_Steuerrohr_montiert,Mountainbike_Steuerrohr_montiert,20
1580,85,0,E-Bike_Rahmen_nachbearbeitet,E-Bike_Rahmen_nachbearbeitet,40
1580,86,1,Mountainbike_Steuerrohr_ausgerieben,Mountainbike_Steuerrohr_ausgerieben,20
1580,87,2,Mountainbike_Tretlageraufnahme_geschweisst,Mountainbike_Tretlageraufnahme_geschweisst,15
1580,88,0,Racebike_Rahmen_lackiert,Racebike_Rahmen_lackiert,47
1580,89,1,Racebike_Tretlager_gefraest,Racebike_Tretlager_gefraest,24
1580,90,0,Mountainbike_Hinterbau_vorbereitet,Mountainbike_Hinterbau_vorbereitet,38
1580,91,0,Racebike_Rahmen_komplettiert,Racebike_Rahmen_komplettiert,35
1580,92,2,E-Bike_Steuerrohr_montiert,E-Bike_Steuerrohr_montiert,24
1580,93,1,Racebike_Rahmen_lackiert,Racebike_Rahmen_lackiert,20
1580,94,1,Mountainbike_Bremsaufnahme_gebohrt,Mountainbike_Bremsaufnahme_gebohrt,25
1580,95,1,Racebike_Hauptrahmen_zugeschnitten,Racebike_Hauptrahmen_zugeschnitten,24
1580,96,2,Mountainbike_Antrieb_installiert,Mountainbike_Antrieb_installiert,24
1580,97,0,Racebike_Tretlager_gefraest,Racebike_Tretlager_gefraest,40
1580,98,1,Mountainbike_Rahmen_nachbearbeitet,Mountainbike_Rahmen_nachbearbeitet,25
1580,99,1,Racebike_Rahmen_nachbearbeitet,Racebike_Rahmen_nachbearbeitet,24
1580,100,0,Mountainbike_Steuerrohr_montiert,Mountainbike_Steuerrohr_montiert,38
1580,101,1,Racebike_Steuerrohr_ausgerieben,Racebike_Steuerrohr_ausgerieben,20
1580,102,1,Racebike_Tretlageraufnahme_geschweisst,Racebike_Tretlageraufnahme_geschweisst,20
1580,103,1,E-Bike_Rahmen_lackiert,E-Bike_Rahmen_lackiert,28
1580,104,1,Mountainbike_Rahmen_komplettiert,Mountainbike_Rahmen_komplettiert,26
1580,105,1,Mountainbike_Bremsaufnahme_gebohrt,Mountainbike_Bremsaufnahme_gebohrt,20
1580,106,1,Mountainbike_Hauptrahmen_zugeschnitten,Mountainbike_Hauptrahmen_zugeschnitten,20
1580,107,1,Racebike_Steuerrohr_ausgerieben,Racebike_Steuerrohr_ausgerieben,24
1580,108,2,E-Bike_Rahmen_komplettiert,E-Bike_Rahmen_komplettiert,24
1580,109,1,Mountainbike_Steuerrohr_montiert,Mountainbike_Steuerrohr_montiert,25
1580,110,0,Mountainbike_Hinterbau_vorbereitet,Mountainbike_Hinterbau_vorbereitet,40
1580,111,1,Mountainbike_Rahmen_lackiert,Mountainbike_Rahmen_lackiert,20
1580,112,0,Mountainbike_Steuerrohr_montiert,Mountainbike_Steuerrohr_montiert,40
1580,113,0,E-Bike_Bremsen_justiert,E-Bike_Bremsen_justiert,55
1580,114,2,Mountainbike_Bremsen_justiert,Mountainbike_Bremsen_justiert,24
1580,115,2,Racebike_Antrieb_installiert,Racebike_Antrieb_installiert,16
1580,116,1,E-Bike_Hauptrahmen_zugeschnitten,E-Bike_Hauptrahmen_zugeschnitten,28
1580,117,2,Mountainbike_Steuerrohr_ausgerieben,Mountainbike_Steuerrohr_ausgerieben,13
1580,118,2,E-Bike_Schaltauge_bearbeitet,E-Bike_Schaltauge_bearbeitet,24
1580,119,1,Racebike_Schaltauge_bearbeitet,Racebike_Schaltauge_bearbeitet,26
1580,120,2,Racebike_Hauptrahmen_zugeschnitten,Racebike_Hauptrahmen_zugeschnitten,25
1580,121,2,E-Bike_Rahmen_nachbearbeitet,E-Bike_Rahmen_nachbearbeitet,25
1580,122,0,Racebike_Steuerrohr_montiert,Racebike_Steuerrohr_montiert,47
1580,123,0,Racebike_Bremsen_justiert,Racebike_Bremsen_justiert,40
1581,3,2,Mountainbike_Bremsen_justiert,Mountainbike_Bremsen_justiert,24
1581,4,1,Citybike_Tretlager_gefraest,Citybike_Tretlager_gefraest,25
1581,5,1,Racebike_Fahrrad_endmontiert,Racebike_Fahrrad_endmontiert,15
1581,6,2,Racebike_Rahmen_nachbearbeitet,Racebike_Rahmen_nachbearbeitet,16
1581,8,1,Mountainbike_Fahrrad_endmontiert,Mountainbike_Fahrrad_endmontiert,25
1581,9,0,Racebike_Antrieb_installiert,Racebike_Antrieb_installiert,40
1581,10,1,E-Bike_Schaltauge_bearbeitet,E-Bike_Schaltauge_bearbeitet,28
1581,11,1,Citybike_Hinterbau_vorbereitet,Citybike_Hinterbau_vorbereitet,28
1581,12,0,E-Bike_Steuerrohr_ausgerieben,E-Bike_Steuerrohr_ausgerieben,47
1581,13,1,Mountainbike_Rahmen_komplettiert,Mountainbike_Rahmen_komplettiert,20
1581,14,2,Mountainbike_Hinterbau_vorbereitet,Mountainbike_Hinterbau_vorbereitet,13
1581,15,0,Citybike_Hinterbau_vorbereitet,Citybike_Hinterbau_vorbereitet,54
1581,16,0,Mountainbike_Rahmen_nachbearbeitet,Mountainbike_Rahmen_nachbearbeitet,40
1581,17,1,Racebike_Hinterbau_vorbereitet,Racebike_Hinterbau_vorbereitet,24
1581,18,0,Racebike_Hauptrahmen_zugeschnitten,Racebike_Hauptrahmen_zugeschnitten,35
1581,19,1,Citybike_Bremsen_justiert,Citybike_Bremsen_justiert,25
1581,20,2,E-Bike_Tretlageraufnahme_geschweisst,E-Bike_Tretlageraufnahme_geschweisst,24
1581,21,1,Citybike_Antrieb_installiert,Citybike_Antrieb_installiert,20
1581,22,0,Mountainbike_Schaltauge_bearbeitet,Mountainbike_Schaltauge_bearbeitet,38
1581,23,2,Mountainbike_Laufraeder_montiert,Mountainbike_Laufraeder_montiert,24
1581,24,0,Racebike_Fahrrad_endmontiert,Racebike_Fahrrad_endmontiert,35
1581,25,0,E-Bike_Hinterbau_vorbereitet,E-Bike_Hinterbau_vorbereitet,47
1581,26,0,E-Bike_Bremsaufnahme_gebohrt,E-Bike_Bremsaufnahme_gebohrt,40
1581,27,2,Citybike_Tretlageraufnahme_geschweisst,Citybike_Tretlageraufnahme_geschweisst,18
1581,28,0,Mountainbike_Hauptrahmen_zugeschnitten,Mountainbike_Hauptrahmen_zugeschnitten,53
1581,29,0,Citybike_Rahmen_nachbearbeitet,Citybike_Rahmen_nachbearbeitet,39
1581,30,1,Mountainbike_Tretlager_gefraest,Mountainbike_Tretlager_gefraest,20
1581,31,2,Mountainbike_Tretlageraufnahme_geschweisst,Mountainbike_Tretlageraufnahme_geschweisst,12
1581,32,1,Citybike_Bremsen_justiert,Citybike_Bremsen_justiert,15
1581,33,1,Citybike_Rahmen_lackiert,Citybike_Rahmen_lackiert,20
1581,34,2,E-Bike_Rahmen_komplettiert,E-Bike_Rahmen_komplettiert,24
1581,35,0,Citybike_Hauptrahmen_zugeschnitten,Citybike_Hauptrahmen_zugeschnitten,40
1581,36,2,Mountainbike_Rahmen_lackiert,Mountainbike_Rahmen_lackiert,24
1581,37,2,Citybike_Steuerrohr_montiert,Citybike_Steuerrohr_montiert,18
1581,38,1,Racebike_Bremsaufnahme_gebohrt,Racebike_Bremsaufnahme_gebohrt,15
1581,39,1,E-Bike_Hinterbau_vorbereitet,E-Bike_Hinterbau_vorbereitet,28
1581,40,1,Racebike_Tretlageraufnahme_geschweisst,Racebike_Tretlageraufnahme_geschweisst,26
1581,41,0,E-Bike_Tretlager_gefraest,E-Bike_Tretlager_gefraest,43
1581,42,1,Mountainbike_Steuerrohr_montiert,Mountainbike_Steuerrohr_montiert,25
1581,43,1,Mountainbike_Antrieb_installiert,Mountainbike_Antrieb_installiert,20
1581,44,2,Racebike_Antrieb_installiert,Racebike_Antrieb_installiert,10
1581,45,2,Racebike_Rahmen_komplettiert,Racebike_Rahmen_komplettiert,15
1581,46,0,E-Bike_Bremsen_justiert,E-Bike_Bremsen_justiert,40
1581,47,1,Racebike_Laufraeder_montiert,Racebike_Laufraeder_montiert,24
1581,48,1,Citybike_Rahmen_nachbearbeitet,Citybike_Rahmen_nachbearbeitet,25
1581,49,0,E-Bike_Rahmen_nachbearbeitet,E-Bike_Rahmen_nachbearbeitet,40
1581,50,1,Mountainbike_Fahrrad_endmontiert,Mountainbike_Fahrrad_endmontiert,20
1581,51,0,Mountainbike_Tretlager_gefraest,Mountainbike_Tretlager_gefraest,53
1581,52,1,Racebike_Rahmen_nachbearbeitet,Racebike_Rahmen_nachbearbeitet,24
1581,53,1,E-Bike_Bremsen_justiert,E-Bike_Bremsen_justiert,28
1581,54,1,E-Bike_Tretlageraufnahme_geschweisst,E-Bike_Tretlageraufnahme_geschweisst,20
1581,55,1,E-Bike_Hinterbau_vorbereitet,E-Bike_Hinterbau_vorbereitet,20
1581,56,0,Racebike_Rahmen_komplettiert,Racebike_Rahmen_komplettiert,35
1581,57,1,Citybike_Fahrrad_endmontiert,Citybike_Fahrrad_endmontiert,28
1581,58,2,Racebike_Hinterbau_vorbereitet,Racebike_Hinterbau_vorbereitet,15
1581,59,0,E-Bike_Tretlager_gefraest,E-Bike_Tretlager_gefraest,47
1581,60,1,Mountainbike_Bremsaufnahme_gebohrt,Mountainbike_Bremsaufnahme_gebohrt,20
1581,61,0,Racebike_Rahmen_lackiert,Racebike_Rahmen_lackiert,47
1581,62,2,Racebike_Rahmen_komplettiert,Racebike_Rahmen_komplettiert,15
1581,63,1,Racebike_Steuerrohr_ausgerieben,Racebike_Steuerrohr_ausgerieben,24
1581,64,0,Mountainbike_Rahmen_lackiert,Mountainbike_Rahmen_lackiert,38
1581,65,0,Mountainbike_Bremsaufnahme_gebohrt,Mountainbike_Bremsaufnahme_gebohrt,40
1581,66,2,Mountainbike_Tretlageraufnahme_geschweisst,Mountainbike_Tretlageraufnahme_geschweisst,13
1581,67,2,Citybike_Hauptrahmen_zugeschnitten,Citybike_Hauptrahmen_zugeschnitten,18
1581,68,0,Racebike_Rahmen_komplettiert,Racebike_Rahmen_komplettiert,35
1581,69,2,E-Bike_Bremsaufnahme_gebohrt,E-Bike_Bremsaufnahme_gebohrt,24
1581,70,1,E-Bike_Laufraeder_montiert,E-Bike_Laufraeder_montiert,28
1581,71,2,Mountainbike_Tretlageraufnahme_geschweisst,Mountainbike_Tretlageraufnahme_geschweisst,24
1581,72,1,Mountainbike_Rahmen_komplettiert,Mountainbike_Rahmen_komplettiert,26
1581,73,1,Mountainbike_Rahmen_lackiert,Mountainbike_Rahmen_lackiert,20
1581,74,0,Citybike_Rahmen_lackiert,Citybike_Rahmen_lackiert,43
1581,75,0,Mountainbike_Tretlager_gefraest,Mountainbike_Tretlager_gefraest,40
1581,76,0,Mountainbike_Hinterbau_vorbereitet,Mountainbike_Hinterbau_vorbereitet,40
1581,77,2,Citybike_Schaltauge_bearbeitet,Citybike_Schaltauge_bearbeitet,18
1581,78,1,Racebike_Hauptrahmen_zugeschnitten,Racebike_Hauptrahmen_zugeschnitten,24
1581,79,1,Mountainbike_Hauptrahmen_zugeschnitten,Mountainbike_Hauptrahmen_zugeschnitten,25
1581,80,1,E-Bike_Tretlager_gefraest,E-Bike_Tretlager_gefraest,28
1581,81,0,Citybike_Fahrrad_endmontiert,Citybike_Fahrrad_endmontiert,39
1581,82,2,Mountainbike_Bremsen_justiert,Mountainbike_Bremsen_justiert,12
1581,83,1,Racebike_Rahmen_nachbearbeitet,Racebike_Rahmen_nachbearbeitet,26
1581,84,2,Mountainbike_Steuerrohr_ausgerieben,Mountainbike_Steuerrohr_ausgerieben,15
1581,85,0,Racebike_Bremsen_justiert,Racebike_Bremsen_justiert,42
1581,86,2,Mountainbike_Rahmen_nachbearbeitet,Mountainbike_Rahmen_nachbearbeitet,15
1581,87,0,Mountainbike_Tretlageraufnahme_geschweisst,Mountainbike_Tretlageraufnahme_geschweisst,38
1581,88,1,E-Bike_Hauptrahmen_zugeschnitten,E-Bike_Hauptrahmen_zugeschnitten,28
1581,89,2,Racebike_Antrieb_installiert,Racebike_Antrieb_installiert,16
1581,90,0,Citybike_Rahmen_komplettiert,Citybike_Rahmen_komplettiert,39
1581,91,0,E-Bike_Antrieb_installiert,E-Bike_Antrieb_installiert,43
1581,92,0,Racebike_Rahmen_lackiert,Racebike_Rahmen_lackiert,47
1581,93,1,E-Bike_Hauptrahmen_zugeschnitten,E-Bike_Hauptrahmen_zugeschnitten,15
1581,94,2,E-Bike_Schaltauge_bearbeitet,E-Bike_Schaltauge_bearbeitet,25
1581,95,0,Mountainbike_Hauptrahmen_zugeschnitten,Mountainbike_Hauptrahmen_zugeschnitten,38
1581,96,1,Racebike_Rahmen_lackiert,Racebike_Rahmen_lackiert,26
1581,97,1,Mountainbike_Rahmen_nachbearbeitet,Mountainbike_Rahmen_nachbearbeitet,25
1581,98,1,Racebike_Schaltauge_bearbeitet,Racebike_Schaltauge_bearbeitet,24
1581,99,2,Mountainbike_Laufraeder_montiert,Mountainbike_Laufraeder_montiert,24
1581,100,1,E-Bike_Hinterbau_vorbereitet,E-Bike_Hinterbau_vorbereitet,28
1581,101,2,E-Bike_Rahmen_nachbearbeitet,E-Bike_Rahmen_nachbearbeitet,24
1581,102,0,E-Bike_Fahrrad_endmontiert,E-Bike_Fahrrad_endmontiert,55
1581,103,1,E-Bike_Hinterbau_vorbereitet,E-Bike_Hinterbau_vorbereitet,15
1581,104,1,Mountainbike_Steuerrohr_ausgerieben,Mountainbike_Steuerrohr_ausgerieben,26
1581,105,1,Mountainbike_Fahrrad_endmontiert,Mountainbike_Fahrrad_endmontiert,20
1581,106,0,E-Bike_Rahmen_nachbearbeitet,E-Bike_Rahmen_nachbearbeitet,40
1581,107,1,Racebike_Tretlager_gefraest,Racebike_Tretlager_gefraest,24
1581,108,2,Racebike_Hauptrahmen_zugeschnitten,Racebike_Hauptrahmen_zugeschnitten,25
1581,109,1,Mountainbike_Steuerrohr_montiert,Mountainbike_Steuerrohr_montiert,25
1581,110,2,Mountainbike_Antrieb_installiert,Mountainbike_Antrieb_installiert,13
1581,111,1,Mountainbike_Bremsaufnahme_gebohrt,Mountainbike_Bremsaufnahme_gebohrt,20
1581,112,0,Mountainbike_Hinterbau_vorbereitet,Mountainbike_Hinterbau_vorbereitet,53
1581,113,1,Racebike_Tretlageraufnahme_geschweisst,Racebike_Tretlageraufnahme_geschweisst,24
1581,114,0,Mountainbike_Steuerrohr_montiert,Mountainbike_Steuerrohr_montiert,40
1581,115,0,Racebike_Tretlager_gefraest,Racebike_Tretlager_gefraest,35
1581,116,1,Mountainbike_Rahmen_lackiert,Mountainbike_Rahmen_lackiert,25
1581,117,0,Mountainbike_Steuerrohr_montiert,Mountainbike_Steuerrohr_montiert,38
1581,118,1,Racebike_Steuerrohr_ausgerieben,Racebike_Steuerrohr_ausgerieben,24
1581,119,2,E-Bike_Steuerrohr_montiert,E-Bike_Steuerrohr_montiert,24
1581,120,1,E-Bike_Rahmen_lackiert,E-Bike_Rahmen_lackiert,28
1581,121,2,E-Bike_Rahmen_komplettiert,E-Bike_Rahmen_komplettiert,15
1581,122,0,Racebike_Steuerrohr_montiert,Racebike_Steuerrohr_montiert,35
1581,123,0,Racebike_Bremsen_justiert,Racebike_Bremsen_justiert,40
1582,3,1,Racebike_Bremsaufnahme_gebohrt,Racebike_Bremsaufnahme_gebohrt,15
1582,4,0,Mountainbike_Tretlageraufnahme_geschweisst,Mountainbike_Tretlageraufnahme_geschweisst,40
1582,6,1,Mountainbike_Rahmen_komplettiert,Mountainbike_Rahmen_komplettiert,25
1582,7,1,Citybike_Antrieb_installiert,Citybike_Antrieb_installiert,15
1582,8,0,E-Bike_Tretlager_gefraest,E-Bike_Tretlager_gefraest,55
1582,9,1,Citybike_Tretlager_gefraest,Citybike_Tretlager_gefraest,20
1582,10,2,Citybike_Tretlageraufnahme_geschweisst,Citybike_Tretlageraufnahme_geschweisst,18
1582,11,0,Racebike_Hauptrahmen_zugeschnitten,Racebike_Hauptrahmen_zugeschnitten,47
1582,12,1,E-Bike_Laufraeder_montiert,E-Bike_Laufraeder_montiert,27
1582,13,2,Mountainbike_Hinterbau_vorbereitet,Mountainbike_Hinterbau_vorbereitet,12
1582,14,2,Racebike_Rahmen_nachbearbeitet,Racebike_Rahmen_nachbearbeitet,16
1582,15,0,Mountainbike_Rahmen_lackiert,Mountainbike_Rahmen_lackiert,38
1582,16,2,Racebike_Antrieb_installiert,Racebike_Antrieb_installiert,15
1582,17,2,Mountainbike_Laufraeder_montiert,Mountainbike_Laufraeder_montiert,13
1582,18,0,Mountainbike_Rahmen_nachbearbeitet,Mountainbike_Rahmen_nachbearbeitet,40
1582,19,2,E-Bike_Rahmen_komplettiert,E-Bike_Rahmen_komplettiert,24
1582,20,1,E-Bike_Hauptrahmen_zugeschnitten,E-Bike_Hauptrahmen_zugeschnitten,20
1582,21,0,E-Bike_Steuerrohr_ausgerieben,E-Bike_Steuerrohr_ausgerieben,55
1582,22,1,Mountainbike_Fahrrad_endmontiert,Mountainbike_Fahrrad_endmontiert,26
1582,23,1,Citybike_Rahmen_lackiert,Citybike_Rahmen_lackiert,15
1582,24,0,Mountainbike_Hauptrahmen_zugeschnitten,Mountainbike_Hauptrahmen_zugeschnitten,53
1582,25,1,E-Bike_Schaltauge_bearbeitet,E-Bike_Schaltauge_bearbeitet,27
1582,26,1,Mountainbike_Tretlager_gefraest,Mountainbike_Tretlager_gefraest,26
1582,27,2,E-Bike_Tretlageraufnahme_geschweisst,E-Bike_Tretlageraufnahme_geschweisst,15
1582,28,1,Mountainbike_Steuerrohr_montiert,Mountainbike_Steuerrohr_montiert,20
1582,29,2,Mountainbike_Tretlageraufnahme_geschweisst,Mountainbike_Tretlageraufnahme_geschweisst,24
1582,30,1,Citybike_Hinterbau_vorbereitet,Citybike_Hinterbau_vorbereitet,15
1582,31,0,Citybike_Rahmen_nachbearbeitet,Citybike_Rahmen_nachbearbeitet,39
1582,32,2,Citybike_Hauptrahmen_zugeschnitten,Citybike_Hauptrahmen_zugeschnitten,18
1582,33,1,Citybike_Bremsen_justiert,Citybike_Bremsen_justiert,20
1582,34,1,Citybike_Rahmen_nachbearbeitet,Citybike_Rahmen_nachbearbeitet,20
1582,35,1,Racebike_Laufraeder_montiert,Racebike_Laufraeder_montiert,15
1582,36,0,Racebike_Antrieb_installiert,Racebike_Antrieb_installiert,42
1582,37,1,Mountainbike_Rahmen_lackiert,Mountainbike_Rahmen_lackiert,25
1582,38,0,Mountainbike_Tretlager_gefraest,Mountainbike_Tretlager_gefraest,38
1582,39,1,E-Bike_Hinterbau_vorbereitet,E-Bike_Hinterbau_vorbereitet,28
1582,40,2,Mountainbike_Rahmen_lackiert,Mountainbike_Rahmen_lackiert,12
1582,41,0,Citybike_Rahmen_lackiert,Citybike_Rahmen_lackiert,39
1582,42,1,Racebike_Tretlageraufnahme_geschweisst,Racebike_Tretlageraufnahme_geschweisst,26
1582,43,0,E-Bike_Rahmen_nachbearbeitet,E-Bike_Rahmen_nachbearbeitet,43
1582,44,1,Racebike_Rahmen_nachbearbeitet,Racebike_Rahmen_nachbearbeitet,20
1582,45,2,Citybike_Schaltauge_bearbeitet,Citybike_Schaltauge_bearbeitet,18
1582,46,1,Mountainbike_Fahrrad_endmontiert,Mountainbike_Fahrrad_endmontiert,25
1582,47,0,E-Bike_Bremsaufnahme_gebohrt,E-Bike_Bremsaufnahme_gebohrt,40
1582,48,2,Mountainbike_Tretlageraufnahme_geschweisst,Mountainbike_Tretlageraufnahme_geschweisst,12
1582,49,2,Mountainbike_Tretlageraufnahme_geschweisst,Mountainbike_Tretlageraufnahme_geschweisst,10
1582,50,0,E-Bike_Tretlager_gefraest,E-Bike_Tretlager_gefraest,40
1582,51,2,Racebike_Rahmen_komplettiert,Racebike_Rahmen_komplettiert,16
1582,52,2,E-Bike_Bremsaufnahme_gebohrt,E-Bike_Bremsaufnahme_gebohrt,25
1582,53,0,Racebike_Rahmen_komplettiert,Racebike_Rahmen_komplettiert,47
1582,54,1,E-Bike_Bremsen_justiert,E-Bike_Bremsen_justiert,28
1582,55,0,Citybike_Hauptrahmen_zugeschnitten,Citybike_Hauptrahmen_zugeschnitten,43
1582,56,2,E-Bike_Rahmen_komplettiert,E-Bike_Rahmen_komplettiert,15
1582,57,2,Citybike_Steuerrohr_montiert,Citybike_Steuerrohr_montiert,15
1582,58,0,Mountainbike_Hinterbau_vorbereitet,Mountainbike_Hinterbau_vorbereitet,40
1582,59,2,Mountainbike_Laufraeder_montiert,Mountainbike_Laufraeder_montiert,12
1582,60,1,E-Bike_Hinterbau_vorbereitet,E-Bike_Hinterbau_vorbereitet,20
1582,61,0,Citybike_Fahrrad_endmontiert,Citybike_Fahrrad_endmontiert,39
1582,62,0,Citybike_Rahmen_komplettiert,Citybike_Rahmen_komplettiert,40
1582,63,0,Racebike_Bremsen_justiert,Racebike_Bremsen_justiert,42
1582,64,1,Racebike_Rahmen_lackiert,Racebike_Rahmen_lackiert,26
1582,65,1,E-Bike_Hinterbau_vorbereitet,E-Bike_Hinterbau_vorbereitet,28
1582,66,0,E-Bike_Rahmen_nachbearbeitet,E-Bike_Rahmen_nachbearbeitet,47
1582,67,2,Mountainbike_Antrieb_installiert,Mountainbike_Antrieb_installiert,15
1582,68,2,Mountainbike_Bremsen_justiert,Mountainbike_Bremsen_justiert,15
1582,69,2,E-Bike_Steuerrohr_montiert,E-Bike_Steuerrohr_montiert,24
1582,70,0,E-Bike_Antrieb_installiert,E-Bike_Antrieb_installiert,40
1582,71,0,Mountainbike_Bremsaufnahme_gebohrt,Mountainbike_Bremsaufnahme_gebohrt,53
1582,72,0,Mountainbike_Tretlager_gefraest,Mountainbike_Tretlager_gefraest,40
1582,73,1,Mountainbike_Rahmen_komplettiert,Mountainbike_Rahmen_komplettiert,26
1582,74,2,Mountainbike_Steuerrohr_ausgerieben,Mountainbike_Steuerrohr_ausgerieben,24
1582,75,1,E-Bike_Tretlageraufnahme_geschweisst,E-Bike_Tretlageraufnahme_geschweisst,28
1582,76,1,Mountainbike_Hauptrahmen_zugeschnitten,Mountainbike_Hauptrahmen_zugeschnitten,26
1582,77,2,Mountainbike_Rahmen_nachbearbeitet,Mountainbike_Rahmen_nachbearbeitet,15
1582,78,1,Racebike_Hinterbau_vorbereitet,Racebike_Hinterbau_vorbereitet,24
1582,79,0,Mountainbike_Schaltauge_bearbeitet,Mountainbike_Schaltauge_bearbeitet,40
1582,80,1,Citybike_Fahrrad_endmontiert,Citybike_Fahrrad_endmontiert,25
1582,81,0,Racebike_Fahrrad_endmontiert,Racebike_Fahrrad_endmontiert,35
1582,82,0,Racebike_Tretlager_gefraest,Racebike_Tretlager_gefraest,40
1582,83,0,Mountainbike_Hauptrahmen_zugeschnitten,Mountainbike_Hauptrahmen_zugeschnitten,38
1582,84,1,Mountainbike_Bremsaufnahme_gebohrt,Mountainbike_Bremsaufnahme_gebohrt,20
1582,85,0,Mountainbike_Hinterbau_vorbereitet,Mountainbike_Hinterbau_vorbereitet,40
1582,86,0,Racebike_Rahmen_lackiert,Racebike_Rahmen_lackiert,35
1582,87,1,Racebike_Fahrrad_endmontiert,Racebike_Fahrrad_endmontiert,24
1582,88,1,Racebike_Steuerrohr_ausgerieben,Racebike_Steuerrohr_ausgerieben,20
1582,89,1,Mountainbike_Steuerrohr_montiert,Mountainbike_Steuerrohr_montiert,25
1582,90,1,E-Bike_Rahmen_lackiert,E-Bike_Rahmen_lackiert,28
1582,91,1,Mountainbike_Rahmen_lackiert,Mountainbike_Rahmen_lackiert,26
1582,92,1,E-Bike_Tretlager_gefraest,E-Bike_Tretlager_gefraest,28
1582,93,0,Racebike_Rahmen_komplettiert,Racebike_Rahmen_komplettiert,40
1582,94,2,Racebike_Hinterbau_vorbereitet,Racebike_Hinterbau_vorbereitet,16
1582,95,0,Mountainbike_Steuerrohr_montiert,Mountainbike_Steuerrohr_montiert,38
1582,96,1,Mountainbike_Steuerrohr_ausgerieben,Mountainbike_Steuerrohr_ausgerieben,26
1582,97,1,Mountainbike_Antrieb_installiert,Mountainbike_Antrieb_installiert,20
1582,98,2,E-Bike_Rahmen_komplettiert,E-Bike_Rahmen_komplettiert,25
1582,99,0,Mountainbike_Steuerrohr_montiert,Mountainbike_Steuerrohr_montiert,25
1582,100,0,E-Bike_Hinterbau_vorbereitet,E-Bike_Hinterbau_vorbereitet,55
1582,101,1,Mountainbike_Fahrrad_endmontiert,Mountainbike_Fahrrad_endmontiert,20
1582,102,0,Racebike_Rahmen_lackiert,Racebike_Rahmen_lackiert,47
1582,103,0,Racebike_Hinterbau_vorbereitet,Racebike_Hinterbau_vorbereitet,40
1582,104,1,Racebike_Hauptrahmen_zugeschnitten,Racebike_Hauptrahmen_zugeschnitten,24
1582,105,0,E-Bike_Fahrrad_endmontiert,E-Bike_Fahrrad_endmontiert,47
1582,106,1,Racebike_Tretlager_gefraest,Racebike_Tretlager_gefraest,20
1582,107,1,Racebike_Rahmen_nachbearbeitet,Racebike_Rahmen_nachbearbeitet,20
1582,108,1,Racebike_Bremsaufnahme_gebohrt,Racebike_Bremsaufnahme_gebohrt,20
1582,109,2,Racebike_Antrieb_installiert,Racebike_Antrieb_installiert,25
1582,110,1,Mountainbike_Bremsaufnahme_gebohrt,Mountainbike_Bremsaufnahme_gebohrt,25
1582,111,1,Racebike_Schaltauge_bearbeitet,Racebike_Schaltauge_bearbeitet,24
1582,112,1,E-Bike_Hinterbau_vorbereitet,E-Bike_Hinterbau_vorbereitet,28
1582,113,0,E-Bike_Bremsen_justiert,E-Bike_Bremsen_justiert,40
1582,114,1,Racebike_Tretlageraufnahme_geschweisst,Racebike_Tretlageraufnahme_geschweisst,26
1582,115,1,E-Bike_Hauptrahmen_zugeschnitten,E-Bike_Hauptrahmen_zugeschnitten,28
1582,116,1,Mountainbike_Rahmen_nachbearbeitet,Mountainbike_Rahmen_nachbearbeitet,26
1582,117,2,Racebike_Rahmen_komplettiert,Racebike_Rahmen_komplettiert,15
1582,118,1,Racebike_Steuerrohr_ausgerieben,Racebike_Steuerrohr_ausgerieben,24
1582,119,2,Racebike_Hauptrahmen_zugeschnitten,Racebike_Hauptrahmen_zugeschnitten,15
1582,120,0,Racebike_Steuerrohr_montiert,Racebike_Steuerrohr_montiert,47
1582,121,0,Racebike_Bremsen_justiert,Racebike_Bremsen_justiert,40
1582,122,2,E-Bike_Schaltauge_bearbeitet,E-Bike_Schaltauge_bearbeitet,25
1582,123,2,E-Bike_Rahmen_nachbearbeitet,E-Bike_Rahmen_nachbearbeitet,15
1583,2,2,Mountainbike_Hinterbau_vorbereitet,Mountainbike_Hinterbau_vorbereitet,15
1583,4,0,Citybike_Hinterbau_vorbereitet,Citybike_Hinterbau_vorbereitet,39
1583,6,1,Mountainbike_Rahmen_komplettiert,Mountainbike_Rahmen_komplettiert,25
1583,7,1,Citybike_Hinterbau_vorbereitet,Citybike_Hinterbau_vorbereitet,15
1583,8,1,Racebike_Bremsaufnahme_gebohrt,Racebike_Bremsaufnahme_gebohrt,15
1583,9,1,E-Bike_Schaltauge_bearbeitet,E-Bike_Schaltauge_bearbeitet,28
1583,10,0,Mountainbike_Tretlageraufnahme_geschweisst,Mountainbike_Tretlageraufnahme_geschweisst,40
1583,11,0,Mountainbike_Rahmen_nachbearbeitet,Mountainbike_Rahmen_nachbearbeitet,40
1583,12,2,Racebike_Antrieb_installiert,Racebike_Antrieb_installiert,16
1583,13,1,Citybike_Bremsen_justiert,Citybike_Bremsen_justiert,28
1583,14,2,Mountainbike_Laufraeder_montiert,Mountainbike_Laufraeder_montiert,13
1583,15,1,Mountainbike_Tretlager_gefraest,Mountainbike_Tretlager_gefraest,20
1583,16,2,E-Bike_Rahmen_komplettiert,E-Bike_Rahmen_komplettiert,24
1583,17,1,Mountainbike_Steuerrohr_montiert,Mountainbike_Steuerrohr_montiert,20
1583,18,0,E-Bike_Steuerrohr_ausgerieben,E-Bike_Steuerrohr_ausgerieben,55
1583,19,2,Mountainbike_Tretlageraufnahme_geschweisst,Mountainbike_Tretlageraufnahme_geschweisst,24
1583,20,0,Citybike_Rahmen_nachbearbeitet,Citybike_Rahmen_nachbearbeitet,54
1583,21,2,Mountainbike_Tretlageraufnahme_geschweisst,Mountainbike_Tretlageraufnahme_geschweisst,10
1583,22,0,Mountainbike_Hauptrahmen_zugeschnitten,Mountainbike_Hauptrahmen_zugeschnitten,40
1583,23,1,Racebike_Fahrrad_endmontiert,Racebike_Fahrrad_endmontiert,24
1583,24,2,Mountainbike_Tretlageraufnahme_geschweisst,Mountainbike_Tretlageraufnahme_geschweisst,10
1583,25,0,Racebike_Hauptrahmen_zugeschnitten,Racebike_Hauptrahmen_zugeschnitten,35
1583,26,0,Mountainbike_Hinterbau_vorbereitet,Mountainbike_Hinterbau_vorbereitet,38
1583,27,0,E-Bike_Hinterbau_vorbereitet,E-Bike_Hinterbau_vorbereitet,55
1583,28,1,E-Bike_Hinterbau_vorbereitet,E-Bike_Hinterbau_vorbereitet,28
1583,29,2,Mountainbike_Bremsen_justiert,Mountainbike_Bremsen_justiert,15
1583,30,2,Racebike_Rahmen_nachbearbeitet,Racebike_Rahmen_nachbearbeitet,16
1583,31,0,Mountainbike_Rahmen_lackiert,Mountainbike_Rahmen_lackiert,53
1583,32,0,Mountainbike_Bremsaufnahme_gebohrt,Mountainbike_Bremsaufnahme_gebohrt,40
1583,33,1,Racebike_Rahmen_nachbearbeitet,Racebike_Rahmen_nachbearbeitet,26
1583,34,0,E-Bike_Rahmen_nachbearbeitet,E-Bike_Rahmen_nachbearbeitet,55
1583,35,2,Mountainbike_Steuerrohr_ausgerieben,Mountainbike_Steuerrohr_ausgerieben,13
1583,36,2,Citybike_Hauptrahmen_zugeschnitten,Citybike_Hauptrahmen_zugeschnitten,18
1583,37,2,Racebike_Hinterbau_vorbereitet,Racebike_Hinterbau_vorbereitet,10
1583,38,0,Racebike_Hinterbau_vorbereitet,Racebike_Hinterbau_vorbereitet,47
1583,39,1,Mountainbike_Antrieb_installiert,Mountainbike_Antrieb_installiert,25
1583,40,0,E-Bike_Tretlager_gefraest,E-Bike_Tretlager_gefraest,47
1583,41,1,Citybike_Antrieb_installiert,Citybike_Antrieb_installiert,15
1583,42,2,Citybike_Tretlageraufnahme_geschweisst,Citybike_Tretlageraufnahme_geschweisst,18
1583,43,1,Mountainbike_Fahrrad_endmontiert,Mountainbike_Fahrrad_endmontiert,20
1583,44,0,Racebike_Antrieb_installiert,Racebike_Antrieb_installiert,47
1583,45,0,Racebike_Rahmen_lackiert,Racebike_Rahmen_lackiert,40
1583,46,0,Racebike_Fahrrad_endmontiert,Racebike_Fahrrad_endmontiert,40
1583,47,1,Mountainbike_Rahmen_komplettiert,Mountainbike_Rahmen_komplettiert,20
1583,48,2,Mountainbike_Rahmen_lackiert,Mountainbike_Rahmen_lackiert,12
1583,49,1,Mountainbike_Rahmen_lackiert,Mountainbike_Rahmen_lackiert,20
1583,50,0,E-Bike_Tretlager_gefraest,E-Bike_Tretlager_gefraest,47
1583,51,1,Racebike_Tretlager_gefraest,Racebike_Tretlager_gefraest,24
1583,52,1,Racebike_Tretlageraufnahme_geschweisst,Racebike_Tretlageraufnahme_geschweisst,20
1583,53,0,Racebike_Rahmen_lackiert,Racebike_Rahmen_lackiert,47
1583,54,0,Citybike_Rahmen_lackiert,Citybike_Rahmen_lackiert,43
1583,55,2,Citybike_Schaltauge_bearbeitet,Citybike_Schaltauge_bearbeitet,18
1583,56,0,Mountainbike_Tretlager_gefraest,Mountainbike_Tretlager_gefraest,40
1583,57,1,Citybike_Rahmen_lackiert,Citybike_Rahmen_lackiert,25
1583,58,0,Racebike_Rahmen_komplettiert,Racebike_Rahmen_komplettiert,35
1583,59,1,Racebike_Tretlageraufnahme_geschweisst,Racebike_Tretlageraufnahme_geschweisst,15
1583,60,1,Citybike_Rahmen_nachbearbeitet,Citybike_Rahmen_nachbearbeitet,25
1583,61,2,Mountainbike_Laufraeder_montiert,Mountainbike_Laufraeder_montiert,12
1583,62,1,Citybike_Tretlager_gefraest,Citybike_Tretlager_gefraest,20
1583,63,1,Racebike_Bremsaufnahme_gebohrt,Racebike_Bremsaufnahme_gebohrt,15
1583,64,0,Citybike_Fahrrad_endmontiert,Citybike_Fahrrad_endmontiert,43
1583,65,0,Racebike_Rahmen_komplettiert,Racebike_Rahmen_komplettiert,42
1583,66,2,Mountainbike_Antrieb_installiert,Mountainbike_Antrieb_installiert,15
1583,67,0,Mountainbike_Steuerrohr_montiert,Mountainbike_Steuerrohr_montiert,38
1583,68,0,Mountainbike_Tretlager_gefraest,Mountainbike_Tretlager_gefraest,40
1583,69,1,Mountainbike_Fahrrad_endmontiert,Mountainbike_Fahrrad_endmontiert,25
1583,70,0,Citybike_Rahmen_komplettiert,Citybike_Rahmen_komplettiert,39
1583,71,2,Mountainbike_Rahmen_nachbearbeitet,Mountainbike_Rahmen_nachbearbeitet,15
1583,72,1,Mountainbike_Bremsaufnahme_gebohrt,Mountainbike_Bremsaufnahme_gebohrt,20
1583,73,2,E-Bike_Rahmen_komplettiert,E-Bike_Rahmen_komplettiert,24
1583,74,1,E-Bike_Tretlageraufnahme_geschweisst,E-Bike_Tretlageraufnahme_geschweisst,28
1583,75,1,Mountainbike_Rahmen_nachbearbeitet,Mountainbike_Rahmen_nachbearbeitet,26
1583,76,2,E-Bike_Tretlageraufnahme_geschweisst,E-Bike_Tretlageraufnahme_geschweisst,15
1583,77,1,E-Bike_Tretlager_gefraest,E-Bike_Tretlager_gefraest,28
1583,78,0,E-Bike_Fahrrad_endmontiert,E-Bike_Fahrrad_endmontiert,43
1583,79,1,Mountainbike_Hauptrahmen_zugeschnitten,Mountainbike_Hauptrahmen_zugeschnitten,26
1583,80,1,E-Bike_Laufraeder_montiert,E-Bike_Laufraeder_montiert,28
1583,81,0,Mountainbike_Hauptrahmen_zugeschnitten,Mountainbike_Hauptrahmen_zugeschnitten,53
1583,82,1,Citybike_Bremsen_justiert,Citybike_Bremsen_justiert,28
1583,83,1,Mountainbike_Fahrrad_endmontiert,Mountainbike_Fahrrad_endmontiert,20
1583,84,0,Citybike_Hauptrahmen_zugeschnitten,Citybike_Hauptrahmen_zugeschnitten,39
1583,85,0,E-Bike_Bremsen_justiert,E-Bike_Bremsen_justiert,43
1583,86,1,E-Bike_Hauptrahmen_zugeschnitten,E-Bike_Hauptrahmen_zugeschnitten,28
1583,87,0,E-Bike_Bremsaufnahme_gebohrt,E-Bike_Bremsaufnahme_gebohrt,40
1583,88,2,E-Bike_Schaltauge_bearbeitet,E-Bike_Schaltauge_bearbeitet,15
1583,89,1,E-Bike_Bremsen_justiert,E-Bike_Bremsen_justiert,20
1583,90,1,Racebike_Laufraeder_montiert,Racebike_Laufraeder_montiert,26
1583,91,1,E-Bike_Hinterbau_vorbereitet,E-Bike_Hinterbau_vorbereitet,28
1583,92,2,E-Bike_Bremsaufnahme_gebohrt,E-Bike_Bremsaufnahme_gebohrt,15
1583,93,1,Mountainbike_Steuerrohr_ausgerieben,Mountainbike_Steuerrohr_ausgerieben,26
1583,94,2,Citybike_Steuerrohr_montiert,Citybike_Steuerrohr_montiert,15
1583,95,2,E-Bike_Rahmen_nachbearbeitet,E-Bike_Rahmen_nachbearbeitet,24
1583,96,2,Racebike_Rahmen_komplettiert,Racebike_Rahmen_komplettiert,25
1583,97,1,Citybike_Fahrrad_endmontiert,Citybike_Fahrrad_endmontiert,15
1583,98,1,E-Bike_Hinterbau_vorbereitet,E-Bike_Hinterbau_vorbereitet,27
1583,99,1,E-Bike_Hauptrahmen_zugeschnitten,E-Bike_Hauptrahmen_zugeschnitten,20
1583,100,0,Racebike_Bremsen_justiert,Racebike_Bremsen_justiert,47
1583,101,1,Racebike_Rahmen_lackiert,Racebike_Rahmen_lackiert,26
1583,102,1,Mountainbike_Bremsaufnahme_gebohrt,Mountainbike_Bremsaufnahme_gebohrt,25
1583,103,0,E-Bike_Antrieb_installiert,E-Bike_Antrieb_installiert,47
1583,104,1,E-Bike_Hinterbau_vorbereitet,E-Bike_Hinterbau_vorbereitet,28
1583,105,0,Mountainbike_Hinterbau_vorbereitet,Mountainbike_Hinterbau_vorbereitet,53
1583,106,0,Racebike_Tretlager_gefraest,Racebike_Tretlager_gefraest,35
1583,107,1,Racebike_Hauptrahmen_zugeschnitten,Racebike_Hauptrahmen_zugeschnitten,26
1583,108,1,Mountainbike_Rahmen_lackiert,Mountainbike_Rahmen_lackiert,25
1583,109,0,Mountainbike_Steuerrohr_montiert,Mountainbike_Steuerrohr_montiert,38
1583,110,2,Racebike_Rahmen_komplettiert,Racebike_Rahmen_komplettiert,10
1583,111,1,Mountainbike_Steuerrohr_montiert,Mountainbike_Steuerrohr_montiert,20
1583,112,1,Racebike_Rahmen_nachbearbeitet,Racebike_Rahmen_nachbearbeitet,24
1583,113,1,Racebike_Steuerrohr_ausgerieben,Racebike_Steuerrohr_ausgerieben,20
1583,114,1,Racebike_Steuerrohr_ausgerieben,Racebike_Steuerrohr_ausgerieben,15
1583,115,2,Racebike_Antrieb_installiert,Racebike_Antrieb_installiert,15
1583,116,1,Racebike_Schaltauge_bearbeitet,Racebike_Schaltauge_bearbeitet,20
1583,117,2,Racebike_Hauptrahmen_zugeschnitten,Racebike_Hauptrahmen_zugeschnitten,15
1583,118,0,Racebike_Steuerrohr_montiert,Racebike_Steuerrohr_montiert,35
1583,119,0,E-Bike_Rahmen_nachbearbeitet,E-Bike_Rahmen_nachbearbeitet,47
1583,120,0,Racebike_Bremsen_justiert,Racebike_Bremsen_justiert,47
1583,121,2,E-Bike_Steuerrohr_montiert,E-Bike_Steuerrohr_montiert,25
1583,122,1,E-Bike_Rahmen_lackiert,E-Bike_Rahmen_lackiert,28
1583,123,2,E-Bike_Rahmen_komplettiert,E-Bike_Rahmen_komplettiert,15
1584,4,0,E-Bike_Tretlager_gefraest,E-Bike_Tretlager_gefraest,43
1584,5,1,E-Bike_Tretlageraufnahme_geschweisst,E-Bike_Tretlageraufnahme_geschweisst,20
1584,6,1,E-Bike_Laufraeder_montiert,E-Bike_Laufraeder_montiert,20
1584,7,1,E-Bike_Hauptrahmen_zugeschnitten,E-Bike_Hauptrahmen_zugeschnitten,20
1584,8,1,Racebike_Bremsaufnahme_gebohrt,Racebike_Bremsaufnahme_gebohrt,26
1584,9,1,E-Bike_Hinterbau_vorbereitet,E-Bike_Hinterbau_vorbereitet,28
1584,10,1,Mountainbike_Tretlager_gefraest,Mountainbike_Tretlager_gefraest,26
1584,11,1,Mountainbike_Steuerrohr_montiert,Mountainbike_Steuerrohr_montiert,20
1584,12,0,Mountainbike_Tretlageraufnahme_geschweisst,Mountainbike_Tretlageraufnahme_geschweisst,53
1584,13,2,Racebike_Rahmen_nachbearbeitet,Racebike_Rahmen_nachbearbeitet,25
1584,14,1,Citybike_Bremsen_justiert,Citybike_Bremsen_justiert,15
1584,15,1,Mountainbike_Fahrrad_endmontiert,Mountainbike_Fahrrad_endmontiert,20
1584,16,2,Mountainbike_Tretlageraufnahme_geschweisst,Mountainbike_Tretlageraufnahme_geschweisst,13
1584,17,0,Mountainbike_Hinterbau_vorbereitet,Mountainbike_Hinterbau_vorbereitet,40
1584,18,2,Mountainbike_Bremsen_justiert,Mountainbike_Bremsen_justiert,15
1584,19,1,E-Bike_Tretlager_gefraest,E-Bike_Tretlager_gefraest,28
1584,20,1,Citybike_Antrieb_installiert,Citybike_Antrieb_installiert,28
1584,21,2,Mountainbike_Rahmen_lackiert,Mountainbike_Rahmen_lackiert,15
1584,22,2,E-Bike_Rahmen_komplettiert,E-Bike_Rahmen_komplettiert,24
1584,23,1,Citybike_Hinterbau_vorbereitet,Citybike_Hinterbau_vorbereitet,20
1584,24,0,E-Bike_Steuerrohr_ausgerieben,E-Bike_Steuerrohr_ausgerieben,55
1584,25,0,Racebike_Hauptrahmen_zugeschnitten,Racebike_Hauptrahmen_zugeschnitten,47
1584,26,2,E-Bike_Tretlageraufnahme_geschweisst,E-Bike_Tretlageraufnahme_geschweisst,15
1584,27,2,Racebike_Antrieb_installiert,Racebike_Antrieb_installiert,25
1584,28,2,Mountainbike_Bremsen_justiert,Mountainbike_Bremsen_justiert,13
1584,29,2,Mountainbike_Hinterbau_vorbereitet,Mountainbike_Hinterbau_vorbereitet,15
1584,30,0,E-Bike_Bremsaufnahme_gebohrt,E-Bike_Bremsaufnahme_gebohrt,47
1584,31,1,Racebike_Laufraeder_montiert,Racebike_Laufraeder_montiert,15
1584,32,0,Mountainbike_Tretlager_gefraest,Mountainbike_Tretlager_gefraest,53
1584,33,0,Citybike_Rahmen_nachbearbeitet,Citybike_Rahmen_nachbearbeitet,39
1584,34,2,Mountainbike_Steuerrohr_ausgerieben,Mountainbike_Steuerrohr_ausgerieben,15
1584,35,1,E-Bike_Hinterbau_vorbereitet,E-Bike_Hinterbau_vorbereitet,28
1584,36,2,Citybike_Tretlageraufnahme_geschweisst,Citybike_Tretlageraufnahme_geschweisst,18
1584,37,2,Mountainbike_Laufraeder_montiert,Mountainbike_Laufraeder_montiert,12
1584,38,0,E-Bike_Rahmen_nachbearbeitet,E-Bike_Rahmen_nachbearbeitet,43
1584,39,2,Citybike_Hauptrahmen_zugeschnitten,Citybike_Hauptrahmen_zugeschnitten,18
1584,40,1,Citybike_Rahmen_lackiert,Citybike_Rahmen_lackiert,28
1584,41,0,Racebike_Antrieb_installiert,Racebike_Antrieb_installiert,47
1584,42,0,Citybike_Rahmen_lackiert,Citybike_Rahmen_lackiert,43
1584,43,1,E-Bike_Bremsen_justiert,E-Bike_Bremsen_justiert,27
1584,44,1,Citybike_Rahmen_nachbearbeitet,Citybike_Rahmen_nachbearbeitet,28
1584,45,1,Racebike_Rahmen_nachbearbeitet,Racebike_Rahmen_nachbearbeitet,15
1584,46,1,Racebike_Fahrrad_endmontiert,Racebike_Fahrrad_endmontiert,20
1584,47,1,Mountainbike_Fahrrad_endmontiert,Mountainbike_Fahrrad_endmontiert,25
1584,48,1,E-Bike_Hinterbau_vorbereitet,E-Bike_Hinterbau_vorbereitet,28
1584,49,0,E-Bike_Antrieb_installiert,E-Bike_Antrieb_installiert,43
1584,50,0,Mountainbike_Rahmen_lackiert,Mountainbike_Rahmen_lackiert,53
1584,51,0,Mountainbike_Hauptrahmen_zugeschnitten,Mountainbike_Hauptrahmen_zugeschnitten,40
1584,52,2,Racebike_Hinterbau_vorbereitet,Racebike_Hinterbau_vorbereitet,10
1584,53,1,Racebike_Tretlageraufnahme_geschweisst,Racebike_Tretlageraufnahme_geschweisst,26
1584,54,1,Citybike_Tretlager_gefraest,Citybike_Tretlager_gefraest,25
1584,55,1,Mountainbike_Rahmen_komplettiert,Mountainbike_Rahmen_komplettiert,20
1584,56,2,Citybike_Schaltauge_bearbeitet,Citybike_Schaltauge_bearbeitet,18
1584,57,2,Mountainbike_Tretlageraufnahme_geschweisst,Mountainbike_Tretlageraufnahme_geschweisst,12
1584,58,0,E-Bike_Hinterbau_vorbereitet,E-Bike_Hinterbau_vorbereitet,55
1584,59,0,Racebike_Rahmen_lackiert,Racebike_Rahmen_lackiert,47
1584,60,1,Citybike_Bremsen_justiert,Citybike_Bremsen_justiert,15
1584,61,0,Citybike_Hauptrahmen_zugeschnitten,Citybike_Hauptrahmen_zugeschnitten,43
1584,62,0,E-Bike_Tretlager_gefraest,E-Bike_Tretlager_gefraest,43
1584,63,2,E-Bike_Bremsaufnahme_gebohrt,E-Bike_Bremsaufnahme_gebohrt,24
1584,64,0,E-Bike_Rahmen_nachbearbeitet,E-Bike_Rahmen_nachbearbeitet,40
1584,65,0,Racebike_Hinterbau_vorbereitet,Racebike_Hinterbau_vorbereitet,47
1584,66,0,Racebike_Rahmen_komplettiert,Racebike_Rahmen_komplettiert,40
1584,67,0,Citybike_Fahrrad_endmontiert,Citybike_Fahrrad_endmontiert,43
1584,68,2,E-Bike_Steuerrohr_montiert,E-Bike_Steuerrohr_montiert,15
1584,69,1,Racebike_Bremsaufnahme_gebohrt,Racebike_Bremsaufnahme_gebohrt,15
1584,70,0,Citybike_Rahmen_komplettiert,Citybike_Rahmen_komplettiert,40
1584,71,2,Citybike_Steuerrohr_montiert,Citybike_Steuerrohr_montiert,15
1584,72,2,Mountainbike_Rahmen_nachbearbeitet,Mountainbike_Rahmen_nachbearbeitet,12
1584,73,1,E-Bike_Rahmen_lackiert,E-Bike_Rahmen_lackiert,28
1584,74,1,Racebike_Hinterbau_vorbereitet,Racebike_Hinterbau_vorbereitet,26
1584,75,1,Racebike_Tretlager_gefraest,Racebike_Tretlager_gefraest,20
1584,76,0,Mountainbike_Rahmen_nachbearbeitet,Mountainbike_Rahmen_nachbearbeitet,40
1584,77,2,Mountainbike_Tretlageraufnahme_geschweisst,Mountainbike_Tretlageraufnahme_geschweisst,15
1584,78,1,Citybike_Fahrrad_endmontiert,Citybike_Fahrrad_endmontiert,25
1584,79,0,Mountainbike_Hauptrahmen_zugeschnitten,Mountainbike_Hauptrahmen_zugeschnitten,40
1584,80,2,Racebike_Rahmen_komplettiert,Racebike_Rahmen_komplettiert,16
1584,81,1,Mountainbike_Bremsaufnahme_gebohrt,Mountainbike_Bremsaufnahme_gebohrt,20
1584,82,0,E-Bike_Fahrrad_endmontiert,E-Bike_Fahrrad_endmontiert,55
1584,83,2,E-Bike_Rahmen_komplettiert,E-Bike_Rahmen_komplettiert,25
1584,84,0,E-Bike_Bremsen_justiert,E-Bike_Bremsen_justiert,40
1584,85,1,Racebike_Steuerrohr_ausgerieben,Racebike_Steuerrohr_ausgerieben,24
1584,86,0,Mountainbike_Schaltauge_bearbeitet,Mountainbike_Schaltauge_bearbeitet,53
1584,87,0,Mountainbike_Bremsaufnahme_gebohrt,Mountainbike_Bremsaufnahme_gebohrt,40
1584,88,0,Racebike_Fahrrad_endmontiert,Racebike_Fahrrad_endmontiert,35
1584,89,1,Racebike_Tretlageraufnahme_geschweisst,Racebike_Tretlageraufnahme_geschweisst,20
1584,90,1,Mountainbike_Rahmen_lackiert,Mountainbike_Rahmen_lackiert,25
1584,91,1,Mountainbike_Rahmen_komplettiert,Mountainbike_Rahmen_komplettiert,20
1584,92,1,Mountainbike_Hauptrahmen_zugeschnitten,Mountainbike_Hauptrahmen_zugeschnitten,20
1584,93,0,Racebike_Rahmen_lackiert,Racebike_Rahmen_lackiert,40
1584,94,0,Mountainbike_Tretlager_gefraest,Mountainbike_Tretlager_gefraest,38
1584,95,2,Mountainbike_Laufraeder_montiert,Mountainbike_Laufraeder_montiert,24
1584,96,1,Mountainbike_Steuerrohr_montiert,Mountainbike_Steuerrohr_montiert,20
1584,97,1,Mountainbike_Steuerrohr_ausgerieben,Mountainbike_Steuerrohr_ausgerieben,20
1584,98,1,Mountainbike_Antrieb_installiert,Mountainbike_Antrieb_installiert,20
1584,99,2,Racebike_Rahmen_komplettiert,Racebike_Rahmen_komplettiert,16
1584,100,2,Racebike_Hauptrahmen_zugeschnitten,Racebike_Hauptrahmen_zugeschnitten,15
1584,101,1,E-Bike_Hinterbau_vorbereitet,E-Bike_Hinterbau_vorbereitet,28
1584,102,0,Racebike_Steuerrohr_montiert,Racebike_Steuerrohr_montiert,35
1584,103,0,Mountainbike_Hinterbau_vorbereitet,Mountainbike_Hinterbau_vorbereitet,38
1584,104,2,Mountainbike_Antrieb_installiert,Mountainbike_Antrieb_installiert,13
1584,105,1,Mountainbike_Fahrrad_endmontiert,Mountainbike_Fahrrad_endmontiert,26
1584,106,0,Mountainbike_Steuerrohr_montiert,Mountainbike_Steuerrohr_montiert,40
1584,107,1,Mountainbike_Rahmen_lackiert,Mountainbike_Rahmen_lackiert,20
1584,108,0,Racebike_Bremsen_justiert,Racebike_Bremsen_justiert,35
1584,109,1,Mountainbike_Bremsaufnahme_gebohrt,Mountainbike_Bremsaufnahme_gebohrt,20
1584,110,0,Racebike_Bremsen_justiert,Racebike_Bremsen_justiert,25
1584,111,1,Racebike_Rahmen_lackiert,Racebike_Rahmen_lackiert,24
1584,112,0,Mountainbike_Steuerrohr_montiert,Mountainbike_Steuerrohr_montiert,38
1584,113,0,Racebike_Rahmen_komplettiert,Racebike_Rahmen_komplettiert,35
1584,114,1,Racebike_Hauptrahmen_zugeschnitten,Racebike_Hauptrahmen_zugeschnitten,20
1584,115,0,Racebike_Tretlager_gefraest,Racebike_Tretlager_gefraest,40
1584,116,1,Racebike_Rahmen_nachbearbeitet,Racebike_Rahmen_nachbearbeitet,20
1584,117,1,Racebike_Steuerrohr_ausgerieben,Racebike_Steuerrohr_ausgerieben,20
1584,118,1,Mountainbike_Rahmen_nachbearbeitet,Mountainbike_Rahmen_nachbearbeitet,25
1584,119,1,E-Bike_Hauptrahmen_zugeschnitten,E-Bike_Hauptrahmen_zugeschnitten,28
1584,120,2,Racebike_Antrieb_installiert,Racebike_Antrieb_installiert,16
1584,121,1,Racebike_Schaltauge_bearbeitet,Racebike_Schaltauge_bearbeitet,26
1584,122,2,E-Bike_Schaltauge_bearbeitet,E-Bike_Schaltauge_bearbeitet,25
1584,123,2,E-Bike_Rahmen_nachbearbeitet,E-Bike_Rahmen_nachbearbeitet,15
1585,2,1,Racebike_Bremsaufnahme_gebohrt,Racebike_Bremsaufnahme_gebohrt,15
1585,4,1,Racebike_Hinterbau_vorbereitet,Racebike_Hinterbau_vorbereitet,20
1585,5,0,Mountainbike_Schaltauge_bearbeitet,Mountainbike_Schaltauge_bearbeitet,40
1585,7,2,Racebike_Rahmen_nachbearbeitet,Racebike_Rahmen_nachbearbeitet,25
1585,8,0,Mountainbike_Rahmen_lackiert,Mountainbike_Rahmen_lackiert,40
1585,9,0,Mountainbike_Tretlageraufnahme_geschweisst,Mountainbike_Tretlageraufnahme_geschweisst,40
1585,10,1,Mountainbike_Antrieb_installiert,Mountainbike_Antrieb_installiert,25
1585,11,1,E-Bike_Schaltauge_bearbeitet,E-Bike_Schaltauge_bearbeitet,28
1585,12,2,E-Bike_Rahmen_komplettiert,E-Bike_Rahmen_komplettiert,25
1585,13,1,Mountainbike_Fahrrad_endmontiert,Mountainbike_Fahrrad_endmontiert,26
1585,14,0,Racebike_Fahrrad_endmontiert,Racebike_Fahrrad_endmontiert,35
1585,15,1,Mountainbike_Tretlager_gefraest,Mountainbike_Tretlager_gefraest,20
1585,16,0,E-Bike_Steuerrohr_ausgerieben,E-Bike_Steuerrohr_ausgerieben,47
1585,17,0,Racebike_Rahmen_lackiert,Racebike_Rahmen_lackiert,47
1585,18,1,Mountainbike_Steuerrohr_montiert,Mountainbike_Steuerrohr_montiert,20
1585,19,0,Racebike_Antrieb_installiert,Racebike_Antrieb_installiert,40
1585,20,1,Mountainbike_Rahmen_komplettiert,Mountainbike_Rahmen_komplettiert,20
1585,21,2,Mountainbike_Tretlageraufnahme_geschweisst,Mountainbike_Tretlageraufnahme_geschweisst,24
1585,22,0,Mountainbike_Hinterbau_vorbereitet,Mountainbike_Hinterbau_vorbereitet,38
1585,23,1,Racebike_Tretlageraufnahme_geschweisst,Racebike_Tretlageraufnahme_geschweisst,24
1585,24,0,Racebike_Rahmen_komplettiert,Racebike_Rahmen_komplettiert,35
1585,25,2,E-Bike_Rahmen_komplettiert,E-Bike_Rahmen_komplettiert,24
1585,26,2,Mountainbike_Bremsen_justiert,Mountainbike_Bremsen_justiert,24
1585,27,1,E-Bike_Hinterbau_vorbereitet,E-Bike_Hinterbau_vorbereitet,28
1585,28,1,Mountainbike_Fahrrad_endmontiert,Mountainbike_Fahrrad_endmontiert,26
1585,29,2,Mountainbike_Bremsen_justiert,Mountainbike_Bremsen_justiert,10
1585,30,1,Citybike_Bremsen_justiert,Citybike_Bremsen_justiert,15
1585,31,0,E-Bike_Rahmen_nachbearbeitet,E-Bike_Rahmen_nachbearbeitet,47
1585,32,0,Racebike_Rahmen_komplettiert,Racebike_Rahmen_komplettiert,47
1585,33,1,Citybike_Bremsen_justiert,Citybike_Bremsen_justiert,15
1585,34,1,Mountainbike_Bremsaufnahme_gebohrt,Mountainbike_Bremsaufnahme_gebohrt,20
1585,35,0,Mountainbike_Rahmen_nachbearbeitet,Mountainbike_Rahmen_nachbearbeitet,38
1585,36,1,Racebike_Fahrrad_endmontiert,Racebike_Fahrrad_endmontiert,24
1585,37,2,Mountainbike_Tretlageraufnahme_geschweisst,Mountainbike_Tretlageraufnahme_geschweisst,15
1585,38,1,Mountainbike_Rahmen_lackiert,Mountainbike_Rahmen_lackiert,25
1585,39,0,Citybike_Hauptrahmen_zugeschnitten,Citybike_Hauptrahmen_zugeschnitten,39
1585,40,2,Mountainbike_Hinterbau_vorbereitet,Mountainbike_Hinterbau_vorbereitet,15
1585,41,0,E-Bike_Tretlager_gefraest,E-Bike_Tretlager_gefraest,43
1585,42,0,Racebike_Hinterbau_vorbereitet,Racebike_Hinterbau_vorbereitet,47
1585,43,1,Citybike_Hinterbau_vorbereitet,Citybike_Hinterbau_vorbereitet,15
1585,44,2,Mountainbike_Rahmen_lackiert,Mountainbike_Rahmen_lackiert,15
1585,45,1,E-Bike_Tretlageraufnahme_geschweisst,E-Bike_Tretlageraufnahme_geschweisst,27
1585,46,2,Racebike_Antrieb_installiert,Racebike_Antrieb_installiert,16
1585,47,0,Mountainbike_Tretlager_gefraest,Mountainbike_Tretlager_gefraest,38
1585,48,1,Citybike_Antrieb_installiert,Citybike_Antrieb_installiert,28
1585,49,0,Mountainbike_Hinterbau_vorbereitet,Mountainbike_Hinterbau_vorbereitet,40
1585,50,2,Mountainbike_Laufraeder_montiert,Mountainbike_Laufraeder_montiert,13
1585,51,0,E-Bike_Bremsaufnahme_gebohrt,E-Bike_Bremsaufnahme_gebohrt,55
1585,52,2,Citybike_Tretlageraufnahme_geschweisst,Citybike_Tretlageraufnahme_geschweisst,18
1585,53,1,Racebike_Hauptrahmen_zugeschnitten,Racebike_Hauptrahmen_zugeschnitten,15
1585,54,0,Mountainbike_Bremsaufnahme_gebohrt,Mountainbike_Bremsaufnahme_gebohrt,53
1585,55,1,Mountainbike_Rahmen_lackiert,Mountainbike_Rahmen_lackiert,25
1585,56,2,Mountainbike_Steuerrohr_ausgerieben,Mountainbike_Steuerrohr_ausgerieben,12
1585,57,2,Mountainbike_Laufraeder_montiert,Mountainbike_Laufraeder_montiert,15
1585,58,1,Citybike_Rahmen_lackiert,Citybike_Rahmen_lackiert,15
1585,59,0,Citybike_Rahmen_nachbearbeitet,Citybike_Rahmen_nachbearbeitet,39
1585,60,1,Citybike_Rahmen_nachbearbeitet,Citybike_Rahmen_nachbearbeitet,20
1585,61,1,Mountainbike_Fahrrad_endmontiert,Mountainbike_Fahrrad_endmontiert,20
1585,62,0,Racebike_Hauptrahmen_zugeschnitten,Racebike_Hauptrahmen_zugeschnitten,42
1585,63,1,Racebike_Laufraeder_montiert,Racebike_Laufraeder_montiert,24
1585,64,2,Citybike_Hauptrahmen_zugeschnitten,Citybike_Hauptrahmen_zugeschnitten,18
1585,65,2,Racebike_Rahmen_komplettiert,Racebike_Rahmen_komplettiert,10
1585,66,2,E-Bike_Bremsaufnahme_gebohrt,E-Bike_Bremsaufnahme_gebohrt,25
1585,67,1,Racebike_Rahmen_nachbearbeitet,Racebike_Rahmen_nachbearbeitet,20
1585,68,1,E-Bike_Tretlager_gefraest,E-Bike_Tretlager_gefraest,28
1585,69,1,E-Bike_Bremsen_justiert,E-Bike_Bremsen_justiert,20
1585,70,0,Citybike_Rahmen_lackiert,Citybike_Rahmen_lackiert,43
1585,71,0,E-Bike_Hinterbau_vorbereitet,E-Bike_Hinterbau_vorbereitet,43
1585,72,2,Mountainbike_Antrieb_installiert,Mountainbike_Antrieb_installiert,24
1585,73,0,Racebike_Bremsen_justiert,Racebike_Bremsen_justiert,47
1585,74,0,Mountainbike_Steuerrohr_montiert,Mountainbike_Steuerrohr_montiert,38
1585,75,0,E-Bike_Fahrrad_endmontiert,E-Bike_Fahrrad_endmontiert,55
1585,76,1,Mountainbike_Bremsaufnahme_gebohrt,Mountainbike_Bremsaufnahme_gebohrt,26
1585,77,0,E-Bike_Bremsen_justiert,E-Bike_Bremsen_justiert,40
1585,78,1,Racebike_Bremsaufnahme_gebohrt,Racebike_Bremsaufnahme_gebohrt,24
1585,79,1,Mountainbike_Rahmen_komplettiert,Mountainbike_Rahmen_komplettiert,25
1585,80,2,Citybike_Schaltauge_bearbeitet,Citybike_Schaltauge_bearbeitet,18
1585,81,2,Racebike_Antrieb_installiert,Racebike_Antrieb_installiert,10
1585,82,2,Citybike_Steuerrohr_montiert,Citybike_Steuerrohr_montiert,18
1585,83,0,Mountainbike_Tretlager_gefraest,Mountainbike_Tretlager_gefraest,53
1585,84,1,E-Bike_Hinterbau_vorbereitet,E-Bike_Hinterbau_vorbereitet,28
1585,85,1,Mountainbike_Rahmen_nachbearbeitet,Mountainbike_Rahmen_nachbearbeitet,26
1585,86,2,Racebike_Rahmen_komplettiert,Racebike_Rahmen_komplettiert,10
1585,87,0,Mountainbike_Hauptrahmen_zugeschnitten,Mountainbike_Hauptrahmen_zugeschnitten,40
1585,88,0,Citybike_Fahrrad_endmontiert,Citybike_Fahrrad_endmontiert,39
1585,89,0,Mountainbike_Steuerrohr_montiert,Mountainbike_Steuerrohr_montiert,40
1585,90,0,Citybike_Rahmen_komplettiert,Citybike_Rahmen_komplettiert,39
1585,91,1,Racebike_Steuerrohr_ausgerieben,Racebike_Steuerrohr_ausgerieben,24
1585,92,2,Mountainbike_Rahmen_nachbearbeitet,Mountainbike_Rahmen_nachbearbeitet,13
1585,93,2,Mountainbike_Tretlageraufnahme_geschweisst,Mountainbike_Tretlageraufnahme_geschweisst,15
1585,94,1,Mountainbike_Hauptrahmen_zugeschnitten,Mountainbike_Hauptrahmen_zugeschnitten,25
1585,95,1,Racebike_Rahmen_lackiert,Racebike_Rahmen_lackiert,24
1585,96,1,E-Bike_Hauptrahmen_zugeschnitten,E-Bike_Hauptrahmen_zugeschnitten,28
1585,97,1,Citybike_Fahrrad_endmontiert,Citybike_Fahrrad_endmontiert,28
1585,98,1,Mountainbike_Steuerrohr_montiert,Mountainbike_Steuerrohr_montiert,20
1585,99,2,Racebike_Hauptrahmen_zugeschnitten,Racebike_Hauptrahmen_zugeschnitten,16
1585,100,1,Racebike_Rahmen_nachbearbeitet,Racebike_Rahmen_nachbearbeitet,24
1585,101,0,E-Bike_Tretlager_gefraest,E-Bike_Tretlager_gefraest,43
1585,102,0,Mountainbike_Hauptrahmen_zugeschnitten,Mountainbike_Hauptrahmen_zugeschnitten,53
1585,103,0,Racebike_Steuerrohr_montiert,Racebike_Steuerrohr_montiert,35
1585,104,1,E-Bike_Hinterbau_vorbereitet,E-Bike_Hinterbau_vorbereitet,28
1585,105,1,Racebike_Schaltauge_bearbeitet,Racebike_Schaltauge_bearbeitet,26
1585,106,0,Racebike_Bremsen_justiert,Racebike_Bremsen_justiert,40
1585,107,2,E-Bike_Schaltauge_bearbeitet,E-Bike_Schaltauge_bearbeitet,25
1585,108,1,Mountainbike_Steuerrohr_ausgerieben,Mountainbike_Steuerrohr_ausgerieben,25
1585,109,0,E-Bike_Antrieb_installiert,E-Bike_Antrieb_installiert,47
1585,110,1,E-Bike_Laufraeder_montiert,E-Bike_Laufraeder_montiert,28
1585,111,0,Racebike_Tretlager_gefraest,Racebike_Tretlager_gefraest,47
1585,112,2,Racebike_Hinterbau_vorbereitet,Racebike_Hinterbau_vorbereitet,25
1585,113,1,E-Bike_Hauptrahmen_zugeschnitten,E-Bike_Hauptrahmen_zugeschnitten,20
1585,114,0,Racebike_Rahmen_lackiert,Racebike_Rahmen_lackiert,40
1585,115,1,E-Bike_Hinterbau_vorbereitet,E-Bike_Hinterbau_vorbereitet,20
1585,116,2,E-Bike_Rahmen_nachbearbeitet,E-Bike_Rahmen_nachbearbeitet,25
1585,117,1,Racebike_Steuerrohr_ausgerieben,Racebike_Steuerrohr_ausgerieben,26
1585,118,0,E-Bike_Rahmen_nachbearbeitet,E-Bike_Rahmen_nachbearbeitet,47
1585,119,1,Racebike_Tretlager_gefraest,Racebike_Tretlager_gefraest,20
1585,120,1,Racebike_Tretlageraufnahme_geschweisst,Racebike_Tretlageraufnahme_geschweisst,20
1585,121,2,E-Bike_Steuerrohr_montiert,E-Bike_Steuerrohr_montiert,15
1585,122,1,E-Bike_Rahmen_lackiert,E-Bike_Rahmen_lackiert,28
1585,123,2,E-Bike_Rahmen_komplettiert,E-Bike_Rahmen_komplettiert,15
1586,4,1,Mountainbike_Fahrrad_endmontiert,Mountainbike_Fahrrad_endmontiert,25
1586,5,1,Citybike_Bremsen_justiert,Citybike_Bremsen_justiert,15
1586,6,1,Citybike_Hinterbau_vorbereitet,Citybike_Hinterbau_vorbereitet,20
1586,7,1,Racebike_Bremsaufnahme_gebohrt,Racebike_Bremsaufnahme_gebohrt,15
1586,8,2,E-Bike_Rahmen_komplettiert,E-Bike_Rahmen_komplettiert,24
1586,9,0,Racebike_Hauptrahmen_zugeschnitten,Racebike_Hauptrahmen_zugeschnitten,42
1586,10,2,Racebike_Rahmen_nachbearbeitet,Racebike_Rahmen_nachbearbeitet,25
1586,11,0,Racebike_Antrieb_installiert,Racebike_Antrieb_installiert,40
1586,12,0,Mountainbike_Tretlageraufnahme_geschweisst,Mountainbike_Tretlageraufnahme_geschweisst,38
1586,13,2,Mountainbike_Hinterbau_vorbereitet,Mountainbike_Hinterbau_vorbereitet,13
1586,14,1,Mountainbike_Fahrrad_endmontiert,Mountainbike_Fahrrad_endmontiert,25
1586,15,2,E-Bike_Tretlageraufnahme_geschweisst,E-Bike_Tretlageraufnahme_geschweisst,24
1586,16,1,Racebike_Laufraeder_montiert,Racebike_Laufraeder_montiert,24
1586,17,0,E-Bike_Tretlager_gefraest,E-Bike_Tretlager_gefraest,55
1586,18,1,Citybike_Antrieb_installiert,Citybike_Antrieb_installiert,25
1586,19,2,Racebike_Rahmen_komplettiert,Racebike_Rahmen_komplettiert,25
1586,20,2,Racebike_Antrieb_installiert,Racebike_Antrieb_installiert,15
1586,21,0,Mountainbike_Schaltauge_bearbeitet,Mountainbike_Schaltauge_bearbeitet,53
1586,22,1,Mountainbike_Tretlager_gefraest,Mountainbike_Tretlager_gefraest,20
1586,23,0,Racebike_Bremsen_justiert,Racebike_Bremsen_justiert,35
1586,24,2,Citybike_Tretlageraufnahme_geschweisst,Citybike_Tretlageraufnahme_geschweisst,18
1586,25,1,Mountainbike_Steuerrohr_montiert,Mountainbike_Steuerrohr_montiert,20
1586,26,2,Mountainbike_Laufraeder_montiert,Mountainbike_Laufraeder_montiert,12
1586,27,2,Mountainbike_Tretlageraufnahme_geschweisst,Mountainbike_Tretlageraufnahme_geschweisst,15
1586,28,0,Mountainbike_Hauptrahmen_zugeschnitten,Mountainbike_Hauptrahmen_zugeschnitten,38
1586,29,1,E-Bike_Laufraeder_montiert,E-Bike_Laufraeder_montiert,28
1586,30,1,Citybike_Rahmen_lackiert,Citybike_Rahmen_lackiert,28
1586,31,1,Mountainbike_Antrieb_installiert,Mountainbike_Antrieb_installiert,20
1586,32,0,E-Bike_Hinterbau_vorbereitet,E-Bike_Hinterbau_vorbereitet,55
1586,33,1,Mountainbike_Bremsaufnahme_gebohrt,Mountainbike_Bremsaufnahme_gebohrt,20
1586,34,1,Racebike_Tretlageraufnahme_geschweisst,Racebike_Tretlageraufnahme_geschweisst,24
1586,35,0,Mountainbike_Hinterbau_vorbereitet,Mountainbike_Hinterbau_vorbereitet,53
1586,36,0,Racebike_Rahmen_komplettiert,Racebike_Rahmen_komplettiert,35
1586,37,0,Mountainbike_Rahmen_lackiert,Mountainbike_Rahmen_lackiert,38
1586,38,1,Mountainbike_Fahrrad_endmontiert,Mountainbike_Fahrrad_endmontiert,25
1586,39,0,E-Bike_Steuerrohr_ausgerieben,E-Bike_Steuerrohr_ausgerieben,55
1586,40,0,Mountainbike_Bremsaufnahme_gebohrt,Mountainbike_Bremsaufnahme_gebohrt,53
1586,41,2,Mountainbike_Tretlageraufnahme_geschweisst,Mountainbike_Tretlageraufnahme_geschweisst,10
1586,42,1,Racebike_Rahmen_nachbearbeitet,Racebike_Rahmen_nachbearbeitet,24
1586,43,1,E-Bike_Hinterbau_vorbereitet,E-Bike_Hinterbau_vorbereitet,28
1586,44,0,E-Bike_Rahmen_nachbearbeitet,E-Bike_Rahmen_nachbearbeitet,55
1586,45,0,Mountainbike_Hinterbau_vorbereitet,Mountainbike_Hinterbau_vorbereitet,53
1586,46,2,Racebike_Hinterbau_vorbereitet,Racebike_Hinterbau_vorbereitet,16
1586,47,1,Mountainbike_Rahmen_lackiert,Mountainbike_Rahmen_lackiert,26
1586,48,1,E-Bike_Schaltauge_bearbeitet,E-Bike_Schaltauge_bearbeitet,28
1586,49,0,E-Bike_Bremsen_justiert,E-Bike_Bremsen_justiert,55
1586,50,1,Citybike_Rahmen_nachbearbeitet,Citybike_Rahmen_nachbearbeitet,28
1586,51,2,Mountainbike_Bremsen_justiert,Mountainbike_Bremsen_justiert,13
1586,52,0,E-Bike_Bremsaufnahme_gebohrt,E-Bike_Bremsaufnahme_gebohrt,40
1586,53,1,Mountainbike_Rahmen_komplettiert,Mountainbike_Rahmen_komplettiert,20
1586,54,2,Mountainbike_Steuerrohr_ausgerieben,Mountainbike_Steuerrohr_ausgerieben,15
1586,55,0,E-Bike_Tretlager_gefraest,E-Bike_Tretlager_gefraest,40
1586,56,1,Citybike_Tretlager_gefraest,Citybike_Tretlager_gefraest,15
1586,57,2,E-Bike_Bremsaufnahme_gebohrt,E-Bike_Bremsaufnahme_gebohrt,24
1586,58,2,E-Bike_Rahmen_komplettiert,E-Bike_Rahmen_komplettiert,15
1586,59,2,Mountainbike_Rahmen_lackiert,Mountainbike_Rahmen_lackiert,24
1586,60,0,Racebike_Rahmen_lackiert,Racebike_Rahmen_lackiert,47
1586,61,0,Citybike_Rahmen_nachbearbeitet,Citybike_Rahmen_nachbearbeitet,43
1586,62,0,Mountainbike_Tretlager_gefraest,Mountainbike_Tretlager_gefraest,40
1586,63,2,Citybike_Hauptrahmen_zugeschnitten,Citybike_Hauptrahmen_zugeschnitten,18
1586,64,0,Mountainbike_Rahmen_nachbearbeitet,Mountainbike_Rahmen_nachbearbeitet,40
1586,65,1,E-Bike_Bremsen_justiert,E-Bike_Bremsen_justiert,27
1586,66,2,Mountainbike_Tretlageraufnahme_geschweisst,Mountainbike_Tretlageraufnahme_geschweisst,12
1586,67,1,Citybike_Bremsen_justiert,Citybike_Bremsen_justiert,28
1586,68,2,Mountainbike_Rahmen_nachbearbeitet,Mountainbike_Rahmen_nachbearbeitet,15
1586,69,1,Racebike_Rahmen_lackiert,Racebike_Rahmen_lackiert,15
1586,70,1,Mountainbike_Rahmen_lackiert,Mountainbike_Rahmen_lackiert,25
1586,71,1,Racebike_Hinterbau_vorbereitet,Racebike_Hinterbau_vorbereitet,24
1586,72,0,Mountainbike_Steuerrohr_montiert,Mountainbike_Steuerrohr_montiert,40
1586,73,1,Mountainbike_Rahmen_komplettiert,Mountainbike_Rahmen_komplettiert,25
1586,74,1,Racebike_Tretlager_gefraest,Racebike_Tretlager_gefraest,24
1586,75,1,Mountainbike_Hauptrahmen_zugeschnitten,Mountainbike_Hauptrahmen_zugeschnitten,25
1586,76,1,E-Bike_Hinterbau_vorbereitet,E-Bike_Hinterbau_vorbereitet,28
1586,77,0,E-Bike_Antrieb_installiert,E-Bike_Antrieb_installiert,55
1586,78,1,Mountainbike_Bremsaufnahme_gebohrt,Mountainbike_Bremsaufnahme_gebohrt,26
1586,79,1,Racebike_Tretlageraufnahme_geschweisst,Racebike_Tretlageraufnahme_geschweisst,24
1586,80,1,E-Bike_Hauptrahmen_zugeschnitten,E-Bike_Hauptrahmen_zugeschnitten,28
1586,81,1,E-Bike_Hauptrahmen_zugeschnitten,E-Bike_Hauptrahmen_zugeschnitten,15
1586,82,1,Mountainbike_Steuerrohr_montiert,Mountainbike_Steuerrohr_montiert,26
1586,83,1,Mountainbike_Rahmen_nachbearbeitet,Mountainbike_Rahmen_nachbearbeitet,20
1586,84,0,Citybike_Hauptrahmen_zugeschnitten,Citybike_Hauptrahmen_zugeschnitten,54
1586,85,0,Racebike_Hinterbau_vorbereitet,Racebike_Hinterbau_vorbereitet,42
1586,86,0,Citybike_Rahmen_lackiert,Citybike_Rahmen_lackiert,43
1586,87,2,Citybike_Steuerrohr_montiert,Citybike_Steuerrohr_montiert,18
1586,88,0,Mountainbike_Tretlager_gefraest,Mountainbike_Tretlager_gefraest,40
1586,89,1,Racebike_Bremsaufnahme_gebohrt,Racebike_Bremsaufnahme_gebohrt,24
1586,90,2,Mountainbike_Laufraeder_montiert,Mountainbike_Laufraeder_montiert,12
1586,91,2,Citybike_Schaltauge_bearbeitet,Citybike_Schaltauge_bearbeitet,18
1586,92,2,Mountainbike_Antrieb_installiert,Mountainbike_Antrieb_installiert,12
1586,93,0,Racebike_Fahrrad_endmontiert,Racebike_Fahrrad_endmontiert,35
1586,94,0,Citybike_Fahrrad_endmontiert,Citybike_Fahrrad_endmontiert,43
1586,95,1,E-Bike_Tretlageraufnahme_geschweisst,E-Bike_Tretlageraufnahme_geschweisst,28
1586,96,0,Mountainbike_Hauptrahmen_zugeschnitten,Mountainbike_Hauptrahmen_zugeschnitten,40
1586,97,1,E-Bike_Tretlager_gefraest,E-Bike_Tretlager_gefraest,20
1586,98,0,Citybike_Rahmen_komplettiert,Citybike_Rahmen_komplettiert,39
1586,99,1,Mountainbike_Steuerrohr_ausgerieben,Mountainbike_Steuerrohr_ausgerieben,26
1586,100,0,E-Bike_Fahrrad_endmontiert,E-Bike_Fahrrad_endmontiert,43
1586,101,0,Racebike_Tretlager_gefraest,Racebike_Tretlager_gefraest,47
1586,102,0,Mountainbike_Steuerrohr_montiert,Mountainbike_Steuerrohr_montiert,38
1586,103,1,E-Bike_Hinterbau_vorbereitet,E-Bike_Hinterbau_vorbereitet,28
1586,104,0,Racebike_Rahmen_lackiert,Racebike_Rahmen_lackiert,35
1586,105,0,Racebike_Rahmen_komplettiert,Racebike_Rahmen_komplettiert,40
1586,106,1,E-Bike_Hinterbau_vorbereitet,E-Bike_Hinterbau_vorbereitet,15
1586,107,1,Citybike_Fahrrad_endmontiert,Citybike_Fahrrad_endmontiert,28
1586,108,0,E-Bike_Rahmen_nachbearbeitet,E-Bike_Rahmen_nachbearbeitet,47
1586,109,1,Racebike_Steuerrohr_ausgerieben,Racebike_Steuerrohr_ausgerieben,15
1586,110,2,E-Bike_Steuerrohr_montiert,E-Bike_Steuerrohr_montiert,24
1586,111,1,Racebike_Hauptrahmen_zugeschnitten,Racebike_Hauptrahmen_zugeschnitten,20
1586,112,1,Racebike_Rahmen_nachbearbeitet,Racebike_Rahmen_nachbearbeitet,20
1586,113,2,E-Bike_Schaltauge_bearbeitet,E-Bike_Schaltauge_bearbeitet,15
1586,114,2,Racebike_Antrieb_installiert,Racebike_Antrieb_installiert,25
1586,115,1,Racebike_Schaltauge_bearbeitet,Racebike_Schaltauge_bearbeitet,20
1586,116,2,Racebike_Rahmen_komplettiert,Racebike_Rahmen_komplettiert,15
1586,117,1,Racebike_Steuerrohr_ausgerieben,Racebike_Steuerrohr_ausgerieben,20
1586,118,1,E-Bike_Rahmen_lackiert,E-Bike_Rahmen_lackiert,28
1586,119,2,Racebike_Hauptrahmen_zugeschnitten,Racebike_Hauptrahmen_zugeschnitten,15
1586,120,0,Racebike_Steuerrohr_montiert,Racebike_Steuerrohr_montiert,47
1586,121,0,Racebike_Bremsen_justiert,Racebike_Bremsen_justiert,40
1586,122,2,E-Bike_Rahmen_komplettiert,E-Bike_Rahmen_komplettiert,25
1586,123,2,E-Bike_Rahmen_nachbearbeitet,E-Bike_Rahmen_nachbearbeitet,15
1587,4,1,Mountainbike_Tretlager_gefraest,Mountainbike_Tretlager_gefraest,25
1587,5,0,Racebike_Hauptrahmen_zugeschnitten,Racebike_Hauptrahmen_zugeschnitten,42
1587,6,1,Mountainbike_Rahmen_komplettiert,Mountainbike_Rahmen_komplettiert,20
1587,7,2,E-Bike_Tretlageraufnahme_geschweisst,E-Bike_Tretlageraufnahme_geschweisst,25
1587,8,1,Racebike_Bremsaufnahme_gebohrt,Racebike_Bremsaufnahme_gebohrt,24
1587,9,1,Citybike_Bremsen_justiert,Citybike_Bremsen_justiert,25
1587,10,0,Mountainbike_Tretlageraufnahme_geschweisst,Mountainbike_Tretlageraufnahme_geschweisst,38
1587,11,2,E-Bike_Rahmen_komplettiert,E-Bike_Rahmen_komplettiert,15
1587,12,0,E-Bike_Steuerrohr_ausgerieben,E-Bike_Steuerrohr_ausgerieben,55
1587,13,0,Racebike_Fahrrad_endmontiert,Racebike_Fahrrad_endmontiert,47
1587,14,1,Mountainbike_Fahrrad_endmontiert,Mountainbike_Fahrrad_endmontiert,20
1587,15,0,E-Bike_Hinterbau_vorbereitet,E-Bike_Hinterbau_vorbereitet,47
1587,16,1,Mountainbike_Steuerrohr_montiert,Mountainbike_Steuerrohr_montiert,20
1587,17,1,Citybike_Antrieb_installiert,Citybike_Antrieb_installiert,15
1587,18,1,E-Bike_Hinterbau_vorbereitet,E-Bike_Hinterbau_vorbereitet,27
1587,19,2,Citybike_Tretlageraufnahme_geschweisst,Citybike_Tretlageraufnahme_geschweisst,15
1587,20,2,Mountainbike_Tretlageraufnahme_geschweisst,Mountainbike_Tretlageraufnahme_geschweisst,12
1587,21,2,Mountainbike_Bremsen_justiert,Mountainbike_Bremsen_justiert,15
1587,22,2,Mountainbike_Hinterbau_vorbereitet,Mountainbike_Hinterbau_vorbereitet,15
1587,23,1,Racebike_Rahmen_nachbearbeitet,Racebike_Rahmen_nachbearbeitet,26
1587,24,1,Citybike_Rahmen_lackiert,Citybike_Rahmen_lackiert,25
1587,25,1,Mountainbike_Fahrrad_endmontiert,Mountainbike_Fahrrad_endmontiert,20
1587,26,0,Mountainbike_Hinterbau_vorbereitet,Mountainbike_Hinterbau_vorbereitet,53
1587,27,0,E-Bike_Rahmen_nachbearbeitet,E-Bike_Rahmen_nachbearbeitet,55
1587,28,1,E-Bike_Schaltauge_bearbeitet,E-Bike_Schaltauge_bearbeitet,28
1587,29,0,E-Bike_Tretlager_gefraest,E-Bike_Tretlager_gefraest,40
1587,30,0,Racebike_Rahmen_lackiert,Racebike_Rahmen_lackiert,47
1587,31,1,Mountainbike_Bremsaufnahme_gebohrt,Mountainbike_Bremsaufnahme_gebohrt,26
1587,32,2,Mountainbike_Bremsen_justiert,Mountainbike_Bremsen_justiert,15
1587,33,1,Racebike_Laufraeder_montiert,Racebike_Laufraeder_montiert,24
1587,34,1,Citybike_Rahmen_nachbearbeitet,Citybike_Rahmen_nachbearbeitet,25
1587,35,0,E-Bike_Bremsaufnahme_gebohrt,E-Bike_Bremsaufnahme_gebohrt,47
1587,36,0,E-Bike_Tretlager_gefraest,E-Bike_Tretlager_gefraest,40
1587,37,0,E-Bike_Bremsen_justiert,E-Bike_Bremsen_justiert,40
1587,38,2,Racebike_Rahmen_nachbearbeitet,Racebike_Rahmen_nachbearbeitet,16
1587,39,2,Racebike_Hinterbau_vorbereitet,Racebike_Hinterbau_vorbereitet,15
1587,40,1,Citybike_Tretlager_gefraest,Citybike_Tretlager_gefraest,20
1587,41,2,E-Bike_Bremsaufnahme_gebohrt,E-Bike_Bremsaufnahme_gebohrt,25
1587,42,0,Racebike_Rahmen_komplettiert,Racebike_Rahmen_komplettiert,47
1587,43,2,Mountainbike_Steuerrohr_ausgerieben,Mountainbike_Steuerrohr_ausgerieben,24
1587,44,1,Citybike_Hinterbau_vorbereitet,Citybike_Hinterbau_vorbereitet,20
1587,45,1,E-Bike_Bremsen_justiert,E-Bike_Bremsen_justiert,27
1587,46,1,E-Bike_Hinterbau_vorbereitet,E-Bike_Hinterbau_vorbereitet,20
1587,47,1,Racebike_Hauptrahmen_zugeschnitten,Racebike_Hauptrahmen_zugeschnitten,26
1587,48,0,Racebike_Rahmen_lackiert,Racebike_Rahmen_lackiert,40
1587,49,2,Mountainbike_Rahmen_lackiert,Mountainbike_Rahmen_lackiert,15
1587,50,2,Mountainbike_Laufraeder_montiert,Mountainbike_Laufraeder_montiert,15
1587,51,0,Mountainbike_Schaltauge_bearbeitet,Mountainbike_Schaltauge_bearbeitet,38
1587,52,1,Mountainbike_Antrieb_installiert,Mountainbike_Antrieb_installiert,25
1587,53,0,Citybike_Rahmen_nachbearbeitet,Citybike_Rahmen_nachbearbeitet,39
1587,54,0,E-Bike_Antrieb_installiert,E-Bike_Antrieb_installiert,43
1587,55,2,Racebike_Rahmen_komplettiert,Racebike_Rahmen_komplettiert,16
1587,56,0,Mountainbike_Hauptrahmen_zugeschnitten,Mountainbike_Hauptrahmen_zugeschnitten,53
1587,57,2,Mountainbike_Tretlageraufnahme_geschweisst,Mountainbike_Tretlageraufnahme_geschweisst,13
1587,58,1,Mountainbike_Fahrrad_endmontiert,Mountainbike_Fahrrad_endmontiert,20
1587,59,1,Racebike_Fahrrad_endmontiert,Racebike_Fahrrad_endmontiert,24
1587,60,0,Racebike_Hinterbau_vorbereitet,Racebike_Hinterbau_vorbereitet,35
1587,61,1,Racebike_Rahmen_nachbearbeitet,Racebike_Rahmen_nachbearbeitet,20
1587,62,1,Mountainbike_Bremsaufnahme_gebohrt,Mountainbike_Bremsaufnahme_gebohrt,25
1587,63,1,Racebike_Tretlager_gefraest,Racebike_Tretlager_gefraest,24
1587,64,2,Racebike_Antrieb_installiert,Racebike_Antrieb_installiert,16
1587,65,1,Citybike_Bremsen_justiert,Citybike_Bremsen_justiert,25
1587,66,1,Mountainbike_Rahmen_nachbearbeitet,Mountainbike_Rahmen_nachbearbeitet,20
1587,67,0,Mountainbike_Tretlager_gefraest,Mountainbike_Tretlager_gefraest,38
1587,68,0,Racebike_Antrieb_installiert,Racebike_Antrieb_installiert,35
1587,69,1,Racebike_Schaltauge_bearbeitet,Racebike_Schaltauge_bearbeitet,24
1587,70,2,Citybike_Hauptrahmen_zugeschnitten,Citybike_Hauptrahmen_zugeschnitten,18
1587,71,1,Racebike_Tretlageraufnahme_geschweisst,Racebike_Tretlageraufnahme_geschweisst,20
1587,72,0,Racebike_Bremsen_justiert,Racebike_Bremsen_justiert,40
1587,73,0,Mountainbike_Rahmen_nachbearbeitet,Mountainbike_Rahmen_nachbearbeitet,38
1587,74,1,Racebike_Rahmen_lackiert,Racebike_Rahmen_lackiert,20
1587,75,0,Racebike_Rahmen_komplettiert,Racebike_Rahmen_komplettiert,35
1587,76,0,Mountainbike_Hinterbau_vorbereitet,Mountainbike_Hinterbau_vorbereitet,38
1587,77,1,E-Bike_Laufraeder_montiert,E-Bike_Laufraeder_montiert,28
1587,78,0,Citybike_Hauptrahmen_zugeschnitten,Citybike_Hauptrahmen_zugeschnitten,39
1587,79,2,Mountainbike_Rahmen_nachbearbeitet,Mountainbike_Rahmen_nachbearbeitet,12
1587,80,2,Mountainbike_Tretlageraufnahme_geschweisst,Mountainbike_Tretlageraufnahme_geschweisst,15
1587,81,0,Citybike_Rahmen_lackiert,Citybike_Rahmen_lackiert,40
1587,82,1,Racebike_Bremsaufnahme_gebohrt,Racebike_Bremsaufnahme_gebohrt,26
1587,83,1,Mountainbike_Rahmen_lackiert,Mountainbike_Rahmen_lackiert,25
1587,84,1,Mountainbike_Rahmen_lackiert,Mountainbike_Rahmen_lackiert,15
1587,85,0,Mountainbike_Steuerrohr_montiert,Mountainbike_Steuerrohr_montiert,40
1587,86,0,Mountainbike_Hauptrahmen_zugeschnitten,Mountainbike_Hauptrahmen_zugeschnitten,40
1587,87,0,Mountainbike_Rahmen_lackiert,Mountainbike_Rahmen_lackiert,40
1587,88,1,Mountainbike_Steuerrohr_ausgerieben,Mountainbike_Steuerrohr_ausgerieben,20
1587,89,1,E-Bike_Hauptrahmen_zugeschnitten,E-Bike_Hauptrahmen_zugeschnitten,28
1587,90,2,Citybike_Schaltauge_bearbeitet,Citybike_Schaltauge_bearbeitet,18
1587,91,0,Mountainbike_Tretlager_gefraest,Mountainbike_Tretlager_gefraest,40
1587,92,0,Citybike_Fahrrad_endmontiert,Citybike_Fahrrad_endmontiert,39
1587,93,2,E-Bike_Rahmen_komplettiert,E-Bike_Rahmen_komplettiert,24
1587,94,0,Citybike_Rahmen_komplettiert,Citybike_Rahmen_komplettiert,40
1587,95,1,E-Bike_Hinterbau_vorbereitet,E-Bike_Hinterbau_vorbereitet,20
1587,96,0,Racebike_Tretlager_gefraest,Racebike_Tretlager_gefraest,42
1587,97,1,E-Bike_Tretlageraufnahme_geschweisst,E-Bike_Tretlageraufnahme_geschweisst,20
1587,98,2,Citybike_Steuerrohr_montiert,Citybike_Steuerrohr_montiert,15
1587,99,1,Citybike_Fahrrad_endmontiert,Citybike_Fahrrad_endmontiert,28
1587,100,1,E-Bike_Hauptrahmen_zugeschnitten,E-Bike_Hauptrahmen_zugeschnitten,27
1587,101,0,Mountainbike_Bremsaufnahme_gebohrt,Mountainbike_Bremsaufnahme_gebohrt,38
1587,102,2,Racebike_Rahmen_komplettiert,Racebike_Rahmen_komplettiert,10
1587,103,1,Mountainbike_Rahmen_komplettiert,Mountainbike_Rahmen_komplettiert,26
1587,104,2,E-Bike_Schaltauge_bearbeitet,E-Bike_Schaltauge_bearbeitet,25
1587,105,1,E-Bike_Tretlager_gefraest,E-Bike_Tretlager_gefraest,28
1587,106,0,E-Bike_Fahrrad_endmontiert,E-Bike_Fahrrad_endmontiert,55
1587,107,2,Mountainbike_Laufraeder_montiert,Mountainbike_Laufraeder_montiert,24
1587,108,1,E-Bike_Hinterbau_vorbereitet,E-Bike_Hinterbau_vorbereitet,20
1587,109,2,Mountainbike_Antrieb_installiert,Mountainbike_Antrieb_installiert,15
1587,110,2,E-Bike_Rahmen_nachbearbeitet,E-Bike_Rahmen_nachbearbeitet,24
1587,111,0,E-Bike_Rahmen_nachbearbeitet,E-Bike_Rahmen_nachbearbeitet,40
1587,112,1,Mountainbike_Hauptrahmen_zugeschnitten,Mountainbike_Hauptrahmen_zugeschnitten,26
1587,113,1,Racebike_Steuerrohr_ausgerieben,Racebike_Steuerrohr_ausgerieben,24
1587,114,1,Racebike_Steuerrohr_ausgerieben,Racebike_Steuerrohr_ausgerieben,15
1587,115,2,E-Bike_Steuerrohr_montiert,E-Bike_Steuerrohr_montiert,15
1587,116,1,Mountainbike_Steuerrohr_montiert,Mountainbike_Steuerrohr_montiert,25
1587,117,1,Racebike_Tretlageraufnahme_geschweisst,Racebike_Tretlageraufnahme_geschweisst,24
1587,118,0,Mountainbike_Steuerrohr_montiert,Mountainbike_Steuerrohr_montiert,53
1587,119,2,Racebike_Hauptrahmen_zugeschnitten,Racebike_Hauptrahmen_zugeschnitten,25
1587,120,0,Racebike_Steuerrohr_montiert,Racebike_Steuerrohr_montiert,35
1587,121,0,Racebike_Bremsen_justiert,Racebike_Bremsen_justiert,40
1587,122,1,E-Bike_Rahmen_lackiert,E-Bike_Rahmen_lackiert,28
1587,123,2,E-Bike_Rahmen_komplettiert,E-Bike_Rahmen_komplettiert,25
1588,3,1,Racebike_Bremsaufnahme_gebohrt,Racebike_Bremsaufnahme_gebohrt,20
1588,5,1,Citybike_Bremsen_justiert,Citybike_Bremsen_justiert,25
1588,6,2,E-Bike_Rahmen_komplettiert,E-Bike_Rahmen_komplettiert,25
1588,7,2,Mountainbike_Bremsen_justiert,Mountainbike_Bremsen_justiert,24
1588,8,0,Racebike_Antrieb_installiert,Racebike_Antrieb_installiert,42
1588,9,2,Mountainbike_Hinterbau_vorbereitet,Mountainbike_Hinterbau_vorbereitet,15
1588,10,1,Mountainbike_Rahmen_komplettiert,Mountainbike_Rahmen_komplettiert,20
1588,11,1,Mountainbike_Tretlager_gefraest,Mountainbike_Tretlager_gefraest,20
1588,12,1,Mountainbike_Steuerrohr_montiert,Mountainbike_Steuerrohr_montiert,20
1588,13,0,Mountainbike_Rahmen_nachbearbeitet,Mountainbike_Rahmen_nachbearbeitet,38
1588,14,2,Mountainbike_Laufraeder_montiert,Mountainbike_Laufraeder_montiert,15
1588,15,2,E-Bike_Tretlageraufnahme_geschweisst,E-Bike_Tretlageraufnahme_geschweisst,24
1588,16,1,E-Bike_Schaltauge_bearbeitet,E-Bike_Schaltauge_bearbeitet,28
1588,17,2,Racebike_Antrieb_installiert,Racebike_Antrieb_installiert,25
1588,18,0,E-Bike_Steuerrohr_ausgerieben,E-Bike_Steuerrohr_ausgerieben,55
1588,19,1,E-Bike_Hinterbau_vorbereitet,E-Bike_Hinterbau_vorbereitet,20
1588,20,1,Citybike_Antrieb_installiert,Citybike_Antrieb_installiert,28
1588,21,0,E-Bike_Tretlager_gefraest,E-Bike_Tretlager_gefraest,40
1588,22,1,Mountainbike_Fahrrad_endmontiert,Mountainbike_Fahrrad_endmontiert,20
1588,23,1,Racebike_Fahrrad_endmontiert,Racebike_Fahrrad_endmontiert,24
1588,24,0,E-Bike_Hinterbau_vorbereitet,E-Bike_Hinterbau_vorbereitet,40
1588,25,2,Citybike_Tretlageraufnahme_geschweisst,Citybike_Tretlageraufnahme_geschweisst,18
1588,26,0,Racebike_Fahrrad_endmontiert,Racebike_Fahrrad_endmontiert,47
1588,27,0,E-Bike_Rahmen_nachbearbeitet,E-Bike_Rahmen_nachbearbeitet,47
1588,28,0,Mountainbike_Hauptrahmen_zugeschnitten,Mountainbike_Hauptrahmen_zugeschnitten,53
1588,29,2,Mountainbike_Tretlageraufnahme_geschweisst,Mountainbike_Tretlageraufnahme_geschweisst,12
1588,30,0,E-Bike_Bremsen_justiert,E-Bike_Bremsen_justiert,55
1588,31,0,E-Bike_Tretlager_gefraest,E-Bike_Tretlager_gefraest,40
1588,32,2,Mountainbike_Tretlageraufnahme_geschweisst,Mountainbike_Tretlageraufnahme_geschweisst,10
1588,33,2,Mountainbike_Tretlageraufnahme_geschweisst,Mountainbike_Tretlageraufnahme_geschweisst,10
1588,34,1,Racebike_Tretlageraufnahme_geschweisst,Racebike_Tretlageraufnahme_geschweisst,20
1588,35,0,Mountainbike_Rahmen_lackiert,Mountainbike_Rahmen_lackiert,53
1588,36,2,E-Bike_Bremsaufnahme_gebohrt,E-Bike_Bremsaufnahme_gebohrt,24
1588,37,0,Racebike_Rahmen_lackiert,Racebike_Rahmen_lackiert,35
1588,38,0,E-Bike_Bremsaufnahme_gebohrt,E-Bike_Bremsaufnahme_gebohrt,47
1588,39,1,Citybike_Rahmen_lackiert,Citybike_Rahmen_lackiert,25
1588,40,2,Mountainbike_Rahmen_lackiert,Mountainbike_Rahmen_lackiert,24
1588,41,0,Mountainbike_Tretlageraufnahme_geschweisst,Mountainbike_Tretlageraufnahme_geschweisst,53
1588,42,1,E-Bike_Bremsen_justiert,E-Bike_Bremsen_justiert,27
1588,43,1,Citybike_Rahmen_nachbearbeitet,Citybike_Rahmen_nachbearbeitet,28
1588,44,0,Racebike_Rahmen_komplettiert,Racebike_Rahmen_komplettiert,35
1588,45,1,Citybike_Tretlager_gefraest,Citybike_Tretlager_gefraest,20
1588,46,1,E-Bike_Hinterbau_vorbereitet,E-Bike_Hinterbau_vorbereitet,27
1588,47,2,E-Bike_Rahmen_komplettiert,E-Bike_Rahmen_komplettiert,24
1588,48,1,Mountainbike_Fahrrad_endmontiert,Mountainbike_Fahrrad_endmontiert,26
1588,49,0,E-Bike_Antrieb_installiert,E-Bike_Antrieb_installiert,47
1588,50,0,Mountainbike_Bremsaufnahme_gebohrt,Mountainbike_Bremsaufnahme_gebohrt,53
1588,51,1,Citybike_Bremsen_justiert,Citybike_Bremsen_justiert,15
1588,52,0,Mountainbike_Schaltauge_bearbeitet,Mountainbike_Schaltauge_bearbeitet,40
1588,53,0,Mountainbike_Hinterbau_vorbereitet,Mountainbike_Hinterbau_vorbereitet,40
1588,54,1,Mountainbike_Rahmen_komplettiert,Mountainbike_Rahmen_komplettiert,20
1588,55,2,Mountainbike_Bremsen_justiert,Mountainbike_Bremsen_justiert,24
1588,56,1,Racebike_Rahmen_nachbearbeitet,Racebike_Rahmen_nachbearbeitet,24
1588,57,0,Racebike_Rahmen_komplettiert,Racebike_Rahmen_komplettiert,35
1588,58,2,Racebike_Hinterbau_vorbereitet,Racebike_Hinterbau_vorbereitet,16
1588,59,0,Racebike_Rahmen_lackiert,Racebike_Rahmen_lackiert,40
1588,60,2,Mountainbike_Steuerrohr_ausgerieben,Mountainbike_Steuerrohr_ausgerieben,13
1588,61,1,E-Bike_Hauptrahmen_zugeschnitten,E-Bike_Hauptrahmen_zugeschnitten,28
1588,62,1,Mountainbike_Bremsaufnahme_gebohrt,Mountainbike_Bremsaufnahme_gebohrt,26
1588,63,1,Racebike_Hauptrahmen_zugeschnitten,Racebike_Hauptrahmen_zugeschnitten,24
1588,64,1,E-Bike_Laufraeder_montiert,E-Bike_Laufraeder_montiert,28
1588,65,0,Racebike_Hinterbau_vorbereitet,Racebike_Hinterbau_vorbereitet,40
1588,66,0,Racebike_Hauptrahmen_zugeschnitten,Racebike_Hauptrahmen_zugeschnitten,40
1588,67,1,Racebike_Tretlager_gefraest,Racebike_Tretlager_gefraest,26
1588,68,1,E-Bike_Tretlageraufnahme_geschweisst,E-Bike_Tretlageraufnahme_geschweisst,28
1588,69,1,E-Bike_Tretlager_gefraest,E-Bike_Tretlager_gefraest,20
1588,70,1,Racebike_Bremsaufnahme_gebohrt,Racebike_Bremsaufnahme_gebohrt,26
1588,71,1,Citybike_Hinterbau_vorbereitet,Citybike_Hinterbau_vorbereitet,25
1588,72,0,E-Bike_Fahrrad_endmontiert,E-Bike_Fahrrad_endmontiert,47
1588,73,1,Mountainbike_Rahmen_lackiert,Mountainbike_Rahmen_lackiert,20
1588,74,0,Mountainbike_Tretlager_gefraest,Mountainbike_Tretlager_gefraest,53
1588,75,2,Racebike_Rahmen_komplettiert,Racebike_Rahmen_komplettiert,16
1588,76,0,Mountainbike_Hinterbau_vorbereitet,Mountainbike_Hinterbau_vorbereitet,40
1588,77,1,Racebike_Laufraeder_montiert,Racebike_Laufraeder_montiert,24
1588,78,1,Mountainbike_Rahmen_lackiert,Mountainbike_Rahmen_lackiert,25
1588,79,1,Mountainbike_Hauptrahmen_zugeschnitten,Mountainbike_Hauptrahmen_zugeschnitten,20
1588,80,0,Citybike_Hauptrahmen_zugeschnitten,Citybike_Hauptrahmen_zugeschnitten,39
1588,81,0,Mountainbike_Steuerrohr_montiert,Mountainbike_Steuerrohr_montiert,40
1588,82,2,Racebike_Rahmen_komplettiert,Racebike_Rahmen_komplettiert,10
1588,83,1,Racebike_Tretlageraufnahme_geschweisst,Racebike_Tretlageraufnahme_geschweisst,24
1588,84,2,Mountainbike_Rahmen_nachbearbeitet,Mountainbike_Rahmen_nachbearbeitet,13
1588,85,0,Mountainbike_Tretlager_gefraest,Mountainbike_Tretlager_gefraest,40
1588,86,0,Citybike_Rahmen_nachbearbeitet,Citybike_Rahmen_nachbearbeitet,39
1588,87,0,Mountainbike_Hauptrahmen_zugeschnitten,Mountainbike_Hauptrahmen_zugeschnitten,40
1588,88,1,E-Bike_Hauptrahmen_zugeschnitten,E-Bike_Hauptrahmen_zugeschnitten,28
1588,89,1,Racebike_Steuerrohr_ausgerieben,Racebike_Steuerrohr_ausgerieben,26
1588,90,0,Racebike_Bremsen_justiert,Racebike_Bremsen_justiert,35
1588,91,1,Mountainbike_Steuerrohr_montiert,Mountainbike_Steuerrohr_montiert,25
1588,92,2,Citybike_Hauptrahmen_zugeschnitten,Citybike_Hauptrahmen_zugeschnitten,18
1588,93,1,E-Bike_Hinterbau_vorbereitet,E-Bike_Hinterbau_vorbereitet,28
1588,94,1,Mountainbike_Steuerrohr_ausgerieben,Mountainbike_Steuerrohr_ausgerieben,26
1588,95,2,Citybike_Steuerrohr_montiert,Citybike_Steuerrohr_montiert,15
1588,96,1,Racebike_Rahmen_lackiert,Racebike_Rahmen_lackiert,24
1588,97,1,Racebike_Rahmen_nachbearbeitet,Racebike_Rahmen_nachbearbeitet,20
1588,98,2,Mountainbike_Laufraeder_montiert,Mountainbike_Laufraeder_montiert,12
1588,99,2,Racebike_Hauptrahmen_zugeschnitten,Racebike_Hauptrahmen_zugeschnitten,16
1588,100,0,Citybike_Rahmen_lackiert,Citybike_Rahmen_lackiert,43
1588,101,2,E-Bike_Schaltauge_bearbeitet,E-Bike_Schaltauge_bearbeitet,25
1588,102,2,Mountainbike_Antrieb_installiert,Mountainbike_Antrieb_installiert,24
1588,103,1,Mountainbike_Antrieb_installiert,Mountainbike_Antrieb_installiert,25
1588,104,1,Citybike_Fahrrad_endmontiert,Citybike_Fahrrad_endmontiert,15
1588,105,0,Racebike_Tretlager_gefraest,Racebike_Tretlager_gefraest,42
1588,106,2,Citybike_Schaltauge_bearbeitet,Citybike_Schaltauge_bearbeitet,18
1588,107,1,E-Bike_Hinterbau_vorbereitet,E-Bike_Hinterbau_vorbereitet,27
1588,108,1,Racebike_Steuerrohr_ausgerieben,Racebike_Steuerrohr_ausgerieben,26
1588,109,0,Citybike_Fahrrad_endmontiert,Citybike_Fahrrad_endmontiert,43
1588,110,0,Racebike_Steuerrohr_montiert,Racebike_Steuerrohr_montiert,42
1588,111,2,Racebike_Antrieb_installiert,Racebike_Antrieb_installiert,10
1588,112,1,Racebike_Schaltauge_bearbeitet,Racebike_Schaltauge_bearbeitet,20
1588,113,0,Racebike_Bremsen_justiert,Racebike_Bremsen_justiert,40
1588,114,0,Citybike_Rahmen_komplettiert,Citybike_Rahmen_komplettiert,43
1588,115,0,E-Bike_Rahmen_nachbearbeitet,E-Bike_Rahmen_nachbearbeitet,43
1588,116,1,Mountainbike_Fahrrad_endmontiert,Mountainbike_Fahrrad_endmontiert,25
1588,117,0,Mountainbike_Steuerrohr_montiert,Mountainbike_Steuerrohr_montiert,53
1588,118,2,E-Bike_Steuerrohr_montiert,E-Bike_Steuerrohr_montiert,25
1588,119,1,E-Bike_Rahmen_lackiert,E-Bike_Rahmen_lackiert,28
1588,120,1,Mountainbike_Bremsaufnahme_gebohrt,Mountainbike_Bremsaufnahme_gebohrt,26
1588,121,2,E-Bike_Rahmen_komplettiert,E-Bike_Rahmen_komplettiert,15
1588,122,2,E-Bike_Rahmen_nachbearbeitet,E-Bike_Rahmen_nachbearbeitet,15
1588,123,1,Mountainbike_Rahmen_nachbearbeitet,Mountainbike_Rahmen_nachbearbeitet,20
1589,3,1,Mountainbike_Tretlager_gefraest,Mountainbike_Tretlager_gefraest,25
1589,4,0,Citybike_Hinterbau_vorbereitet,Citybike_Hinterbau_vorbereitet,39
1589,5,0,E-Bike_Hinterbau_vorbereitet,E-Bike_Hinterbau_vorbereitet,43
1589,6,1,Mountainbike_Fahrrad_endmontiert,Mountainbike_Fahrrad_endmontiert,20
1589,7,1,Mountainbike_Rahmen_komplettiert,Mountainbike_Rahmen_komplettiert,20
1589,8,1,Mountainbike_Steuerrohr_montiert,Mountainbike_Steuerrohr_montiert,20
1589,9,1,Citybike_Bremsen_justiert,Citybike_Bremsen_justiert,15
1589,10,1,Citybike_Antrieb_installiert,Citybike_Antrieb_installiert,20
1589,12,0,Mountainbike_Schaltauge_bearbeitet,Mountainbike_Schaltauge_bearbeitet,53
1589,13,0,E-Bike_Steuerrohr_ausgerieben,E-Bike_Steuerrohr_ausgerieben,55
1589,14,0,Mountainbike_Rahmen_lackiert,Mountainbike_Rahmen_lackiert,53
1589,15,2,Mountainbike_Tretlageraufnahme_geschweisst,Mountainbike_Tretlageraufnahme_geschweisst,24
1589,16,1,E-Bike_Hinterbau_vorbereitet,E-Bike_Hinterbau_vorbereitet,27
1589,17,0,E-Bike_Rahmen_nachbearbeitet,E-Bike_Rahmen_nachbearbeitet,55
1589,18,2,Citybike_Tretlageraufnahme_geschweisst,Citybike_Tretlageraufnahme_geschweisst,18
1589,19,0,Mountainbike_Hinterbau_vorbereitet,Mountainbike_Hinterbau_vorbereitet,53
1589,20,2,Mountainbike_Bremsen_justiert,Mountainbike_Bremsen_justiert,12
1589,21,2,Racebike_Rahmen_nachbearbeitet,Racebike_Rahmen_nachbearbeitet,16
1589,22,2,Mountainbike_Hinterbau_vorbereitet,Mountainbike_Hinterbau_vorbereitet,13
1589,23,2,Racebike_Antrieb_installiert,Racebike_Antrieb_installiert,16
1589,24,0,Racebike_Antrieb_installiert,Racebike_Antrieb_installiert,35
1589,25,1,Citybike_Rahmen_lackiert,Citybike_Rahmen_lackiert,28
1589,26,2,Mountainbike_Laufraeder_montiert,Mountainbike_Laufraeder_montiert,13
1589,27,1,Citybike_Rahmen_nachbearbeitet,Citybike_Rahmen_nachbearbeitet,20
1589,28,1,Mountainbike_Fahrrad_endmontiert,Mountainbike_Fahrrad_endmontiert,20
1589,29,1,Citybike_Hinterbau_vorbereitet,Citybike_Hinterbau_vorbereitet,15
1589,30,1,Racebike_Rahmen_nachbearbeitet,Racebike_Rahmen_nachbearbeitet,15
1589,31,0,Mountainbike_Rahmen_nachbearbeitet,Mountainbike_Rahmen_nachbearbeitet,38
1589,32,0,Racebike_Hauptrahmen_zugeschnitten,Racebike_Hauptrahmen_zugeschnitten,35
1589,33,1,Racebike_Fahrrad_endmontiert,Racebike_Fahrrad_endmontiert,20
1589,34,0,E-Bike_Bremsen_justiert,E-Bike_Bremsen_justiert,47
1589,35,1,Racebike_Tretlageraufnahme_geschweisst,Racebike_Tretlageraufnahme_geschweisst,20
1589,36,0,Racebike_Rahmen_komplettiert,Racebike_Rahmen_komplettiert,47
1589,37,1,Racebike_Hinterbau_vorbereitet,Racebike_Hinterbau_vorbereitet,20
1589,38,0,Mountainbike_Bremsaufnahme_gebohrt,Mountainbike_Bremsaufnahme_gebohrt,38
1589,39,2,E-Bike_Tretlageraufnahme_geschweisst,E-Bike_Tretlageraufnahme_geschweisst,24
1589,40,0,E-Bike_Bremsaufnahme_gebohrt,E-Bike_Bremsaufnahme_gebohrt,55
1589,41,0,Racebike_Fahrrad_endmontiert,Racebike_Fahrrad_endmontiert,47
1589,42,1,E-Bike_Hauptrahmen_zugeschnitten,E-Bike_Hauptrahmen_zugeschnitten,28
1589,43,0,E-Bike_Tretlager_gefraest,E-Bike_Tretlager_gefraest,47
1589,44,2,Mountainbike_Bremsen_justiert,Mountainbike_Bremsen_justiert,24
1589,45,1,Racebike_Laufraeder_montiert,Racebike_Laufraeder_montiert,26
1589,46,2,Racebike_Hinterbau_vorbereitet,Racebike_Hinterbau_vorbereitet,16
1589,47,1,Mountainbike_Bremsaufnahme_gebohrt,Mountainbike_Bremsaufnahme_gebohrt,25
1589,48,0,Racebike_Rahmen_lackiert,Racebike_Rahmen_lackiert,47
1589,49,2,Mountainbike_Steuerrohr_ausgerieben,Mountainbike_Steuerrohr_ausgerieben,13
1589,50,0,Citybike_Rahmen_nachbearbeitet,Citybike_Rahmen_nachbearbeitet,43
1589,51,2,Mountainbike_Rahmen_lackiert,Mountainbike_Rahmen_lackiert,15
1589,52,2,Racebike_Rahmen_komplettiert,Racebike_Rahmen_komplettiert,16
1589,53,1,E-Bike_Laufraeder_montiert,E-Bike_Laufraeder_montiert,28
1589,54,1,Citybike_Tretlager_gefraest,Citybike_Tretlager_gefraest,28
1589,55,0,Mountainbike_Hauptrahmen_zugeschnitten,Mountainbike_Hauptrahmen_zugeschnitten,40
1589,56,1,Mountainbike_Rahmen_komplettiert,Mountainbike_Rahmen_komplettiert,20
1589,57,0,Racebike_Rahmen_lackiert,Racebike_Rahmen_lackiert,35
1589,58,0,Mountainbike_Tretlager_gefraest,Mountainbike_Tretlager_gefraest,38
1589,59,0,Racebike_Rahmen_komplettiert,Racebike_Rahmen_komplettiert,35
1589,60,2,Citybike_Hauptrahmen_zugeschnitten,Citybike_Hauptrahmen_zugeschnitten,18
1589,61,2,Mountainbike_Rahmen_nachbearbeitet,Mountainbike_Rahmen_nachbearbeitet,12
1589,62,2,E-Bike_Schaltauge_bearbeitet,E-Bike_Schaltauge_bearbeitet,24
1589,63,2,Mountainbike_Tretlageraufnahme_geschweisst,Mountainbike_Tretlageraufnahme_geschweisst,24
1589,64,1,Racebike_Hauptrahmen_zugeschnitten,Racebike_Hauptrahmen_zugeschnitten,24
1589,65,1,E-Bike_Schaltauge_bearbeitet,E-Bike_Schaltauge_bearbeitet,28
1589,66,0,E-Bike_Tretlager_gefraest,E-Bike_Tretlager_gefraest,47
1589,67,1,Mountainbike_Hauptrahmen_zugeschnitten,Mountainbike_Hauptrahmen_zugeschnitten,26
1589,68,2,E-Bike_Rahmen_nachbearbeitet,E-Bike_Rahmen_nachbearbeitet,24
1589,69,1,Mountainbike_Antrieb_installiert,Mountainbike_Antrieb_installiert,20
1589,70,1,Racebike_Tretlager_gefraest,Racebike_Tretlager_gefraest,24
1589,71,1,E-Bike_Bremsen_justiert,E-Bike_Bremsen_justiert,28
1589,72,2,Mountainbike_Tretlageraufnahme_geschweisst,Mountainbike_Tretlageraufnahme_geschweisst,24
1589,73,1,Citybike_Bremsen_justiert,Citybike_Bremsen_justiert,28
1589,74,1,Racebike_Rahmen_nachbearbeitet,Racebike_Rahmen_nachbearbeitet,15
1589,75,2,Racebike_Antrieb_installiert,Racebike_Antrieb_installiert,16
1589,76,1,Mountainbike_Rahmen_lackiert,Mountainbike_Rahmen_lackiert,25
1589,77,0,Mountainbike_Hinterbau_vorbereitet,Mountainbike_Hinterbau_vorbereitet,53
1589,78,1,Mountainbike_Rahmen_lackiert,Mountainbike_Rahmen_lackiert,15
1589,79,0,Mountainbike_Steuerrohr_montiert,Mountainbike_Steuerrohr_montiert,40
1589,80,1,E-Bike_Hinterbau_vorbereitet,E-Bike_Hinterbau_vorbereitet,28
1589,81,2,E-Bike_Rahmen_komplettiert,E-Bike_Rahmen_komplettiert,25
1589,82,1,Racebike_Tretlageraufnahme_geschweisst,Racebike_Tretlageraufnahme_geschweisst,26
1589,83,0,Mountainbike_Hauptrahmen_zugeschnitten,Mountainbike_Hauptrahmen_zugeschnitten,40
1589,84,2,E-Bike_Bremsaufnahme_gebohrt,E-Bike_Bremsaufnahme_gebohrt,15
1589,85,0,Racebike_Bremsen_justiert,Racebike_Bremsen_justiert,35
1589,86,1,Mountainbike_Fahrrad_endmontiert,Mountainbike_Fahrrad_endmontiert,25
1589,87,1,Mountainbike_Bremsaufnahme_gebohrt,Mountainbike_Bremsaufnahme_gebohrt,20
1589,88,1,Racebike_Rahmen_lackiert,Racebike_Rahmen_lackiert,24
1589,89,0,Mountainbike_Tretlager_gefraest,Mountainbike_Tretlager_gefraest,38
1589,90,1,Racebike_Schaltauge_bearbeitet,Racebike_Schaltauge_bearbeitet,20
1589,91,0,Racebike_Hinterbau_vorbereitet,Racebike_Hinterbau_vorbereitet,35
1589,92,2,Mountainbike_Laufraeder_montiert,Mountainbike_Laufraeder_montiert,24
1589,93,1,Mountainbike_Rahmen_nachbearbeitet,Mountainbike_Rahmen_nachbearbeitet,25
1589,94,1,E-Bike_Tretlageraufnahme_geschweisst,E-Bike_Tretlageraufnahme_geschweisst,28
1589,95,0,Citybike_Hauptrahmen_zugeschnitten,Citybike_Hauptrahmen_zugeschnitten,43
1589,96,2,Mountainbike_Antrieb_installiert,Mountainbike_Antrieb_installiert,15
1589,97,1,Mountainbike_Steuerrohr_ausgerieben,Mountainbike_Steuerrohr_ausgerieben,26
1589,98,1,Racebike_Bremsaufnahme_gebohrt,Racebike_Bremsaufnahme_gebohrt,24
1589,99,2,Racebike_Rahmen_komplettiert,Racebike_Rahmen_komplettiert,16
1589,100,2,Citybike_Steuerrohr_montiert,Citybike_Steuerrohr_montiert,18
1589,101,1,Mountainbike_Steuerrohr_montiert,Mountainbike_Steuerrohr_montiert,25
1589,102,1,Citybike_Fahrrad_endmontiert,Citybike_Fahrrad_endmontiert,15
1589,103,1,E-Bike_Hauptrahmen_zugeschnitten,E-Bike_Hauptrahmen_zugeschnitten,27
1589,104,1,Racebike_Steuerrohr_ausgerieben,Racebike_Steuerrohr_ausgerieben,26
1589,105,0,E-Bike_Antrieb_installiert,E-Bike_Antrieb_installiert,43
1589,106,1,E-Bike_Hinterbau_vorbereitet,E-Bike_Hinterbau_vorbereitet,28
1589,107,1,E-Bike_Tretlager_gefraest,E-Bike_Tretlager_gefraest,20
1589,108,0,Citybike_Rahmen_lackiert,Citybike_Rahmen_lackiert,54
1589,109,2,Citybike_Schaltauge_bearbeitet,Citybike_Schaltauge_bearbeitet,15
1589,110,0,Racebike_Tretlager_gefraest,Racebike_Tretlager_gefraest,42
1589,111,1,Racebike_Steuerrohr_ausgerieben,Racebike_Steuerrohr_ausgerieben,26
1589,112,0,E-Bike_Fahrrad_endmontiert,E-Bike_Fahrrad_endmontiert,47
1589,113,1,E-Bike_Hinterbau_vorbereitet,E-Bike_Hinterbau_vorbereitet,28
1589,114,0,E-Bike_Rahmen_nachbearbeitet,E-Bike_Rahmen_nachbearbeitet,40
1589,115,0,Mountainbike_Steuerrohr_montiert,Mountainbike_Steuerrohr_montiert,53
1589,116,0,Citybike_Fahrrad_endmontiert,Citybike_Fahrrad_endmontiert,39
1589,117,2,E-Bike_Steuerrohr_montiert,E-Bike_Steuerrohr_montiert,24
1589,118,0,Citybike_Rahmen_komplettiert,Citybike_Rahmen_komplettiert,40
1589,119,2,Racebike_Hauptrahmen_zugeschnitten,Racebike_Hauptrahmen_zugeschnitten,25
1589,120,0,Racebike_Steuerrohr_montiert,Racebike_Steuerrohr_montiert,42
1589,121,0,Racebike_Bremsen_justiert,Racebike_Bremsen_justiert,40
1589,122,1,E-Bike_Rahmen_lackiert,E-Bike_Rahmen_lackiert,20
1589,123,2,E-Bike_Rahmen_komplettiert,E-Bike_Rahmen_komplettiert,25
1590,4,1,Mountainbike_Tretlager_gefraest,Mountainbike_Tretlager_gefraest,26
1590,5,0,Mountainbike_Tretlageraufnahme_geschweisst,Mountainbike_Tretlageraufnahme_geschweisst,40
1590,6,0,Citybike_Hinterbau_vorbereitet,Citybike_Hinterbau_vorbereitet,39
1590,7,1,Citybike_Tretlager_gefraest,Citybike_Tretlager_gefraest,15
1590,8,1,Citybike_Bremsen_justiert,Citybike_Bremsen_justiert,20
1590,9,1,Racebike_Bremsaufnahme_gebohrt,Racebike_Bremsaufnahme_gebohrt,15
1590,10,0,E-Bike_Steuerrohr_ausgerieben,E-Bike_Steuerrohr_ausgerieben,43
1590,11,1,E-Bike_Hinterbau_vorbereitet,E-Bike_Hinterbau_vorbereitet,28
1590,12,2,Racebike_Rahmen_nachbearbeitet,Racebike_Rahmen_nachbearbeitet,25
1590,13,1,Mountainbike_Fahrrad_endmontiert,Mountainbike_Fahrrad_endmontiert,26
1590,14,1,Mountainbike_Fahrrad_endmontiert,Mountainbike_Fahrrad_endmontiert,15
1590,15,0,E-Bike_Rahmen_nachbearbeitet,E-Bike_Rahmen_nachbearbeitet,40
1590,16,0,Racebike_Hauptrahmen_zugeschnitten,Racebike_Hauptrahmen_zugeschnitten,47
1590,17,0,Racebike_Antrieb_installiert,Racebike_Antrieb_installiert,40
1590,18,1,Racebike_Laufraeder_montiert,Racebike_Laufraeder_montiert,24
1590,19,1,Mountainbike_Steuerrohr_montiert,Mountainbike_Steuerrohr_montiert,25
1590,20,2,Mountainbike_Bremsen_justiert,Mountainbike_Bremsen_justiert,13
1590,21,1,Racebike_Tretlageraufnahme_geschweisst,Racebike_Tretlageraufnahme_geschweisst,24
1590,22,2,E-Bike_Rahmen_komplettiert,E-Bike_Rahmen_komplettiert,24
1590,23,2,Mountainbike_Tretlageraufnahme_geschweisst,Mountainbike_Tretlageraufnahme_geschweisst,24
1590,24,2,Racebike_Antrieb_installiert,Racebike_Antrieb_installiert,16
1590,25,1,Racebike_Rahmen_nachbearbeitet,Racebike_Rahmen_nachbearbeitet,20
1590,26,1,Citybike_Bremsen_justiert,Citybike_Bremsen_justiert,25
1590,27,0,Mountainbike_Schaltauge_bearbeitet,Mountainbike_Schaltauge_bearbeitet,38
1590,28,1,Citybike_Hinterbau_vorbereitet,Citybike_Hinterbau_vorbereitet,20
1590,29,2,Racebike_Hinterbau_vorbereitet,Racebike_Hinterbau_vorbereitet,15
1590,30,1,Racebike_Fahrrad_endmontiert,Racebike_Fahrrad_endmontiert,15
1590,31,2,Mountainbike_Hinterbau_vorbereitet,Mountainbike_Hinterbau_vorbereitet,13
1590,32,0,Mountainbike_Bremsaufnahme_gebohrt,Mountainbike_Bremsaufnahme_gebohrt,40
1590,33,0,E-Bike_Tretlager_gefraest,E-Bike_Tretlager_gefraest,55
1590,34,0,E-Bike_Tretlager_gefraest,E-Bike_Tretlager_gefraest,25
1590,35,0,Citybike_Rahmen_nachbearbeitet,Citybike_Rahmen_nachbearbeitet,54
1590,36,0,Mountainbike_Hinterbau_vorbereitet,Mountainbike_Hinterbau_vorbereitet,40
1590,37,2,E-Bike_Bremsaufnahme_gebohrt,E-Bike_Bremsaufnahme_gebohrt,24
1590,38,0,Racebike_Rahmen_komplettiert,Racebike_Rahmen_komplettiert,35
1590,39,2,Mountainbike_Laufraeder_montiert,Mountainbike_Laufraeder_montiert,24
1590,40,0,Racebike_Hinterbau_vorbereitet,Racebike_Hinterbau_vorbereitet,40
1590,41,2,E-Bike_Tretlageraufnahme_geschweisst,E-Bike_Tretlageraufnahme_geschweisst,24
1590,42,1,Racebike_Hinterbau_vorbereitet,Racebike_Hinterbau_vorbereitet,20
1590,43,2,Mountainbike_Bremsen_justiert,Mountainbike_Bremsen_justiert,24
1590,44,0,Mountainbike_Hauptrahmen_zugeschnitten,Mountainbike_Hauptrahmen_zugeschnitten,38
1590,45,2,Mountainbike_Steuerrohr_ausgerieben,Mountainbike_Steuerrohr_ausgerieben,15
1590,46,0,E-Bike_Bremsaufnahme_gebohrt,E-Bike_Bremsaufnahme_gebohrt,55
1590,47,0,Racebike_Rahmen_lackiert,Racebike_Rahmen_lackiert,47
1590,48,1,E-Bike_Laufraeder_montiert,E-Bike_Laufraeder_montiert,28
1590,49,1,E-Bike_Bremsen_justiert,E-Bike_Bremsen_justiert,20
1590,50,2,Mountainbike_Rahmen_lackiert,Mountainbike_Rahmen_lackiert,15
1590,51,2,Mountainbike_Tretlageraufnahme_geschweisst,Mountainbike_Tretlageraufnahme_geschweisst,15
1590,52,1,Mountainbike_Rahmen_komplettiert,Mountainbike_Rahmen_komplettiert,26
1590,53,1,E-Bike_Hauptrahmen_zugeschnitten,E-Bike_Hauptrahmen_zugeschnitten,28
1590,54,2,Citybike_Hauptrahmen_zugeschnitten,Citybike_Hauptrahmen_zugeschnitten,18
1590,55,2,Racebike_Rahmen_komplettiert,Racebike_Rahmen_komplettiert,10
1590,56,1,Citybike_Antrieb_installiert,Citybike_Antrieb_installiert,28
1590,57,2,Citybike_Tretlageraufnahme_geschweisst,Citybike_Tretlageraufnahme_geschweisst,18
1590,58,1,Racebike_Tretlager_gefraest,Racebike_Tretlager_gefraest,15
1590,59,1,E-Bike_Hinterbau_vorbereitet,E-Bike_Hinterbau_vorbereitet,28
1590,60,0,Mountainbike_Rahmen_nachbearbeitet,Mountainbike_Rahmen_nachbearbeitet,38
1590,61,1,E-Bike_Tretlageraufnahme_geschweisst,E-Bike_Tretlageraufnahme_geschweisst,20
1590,62,1,Citybike_Rahmen_lackiert,Citybike_Rahmen_lackiert,28
1590,63,0,Racebike_Bremsen_justiert,Racebike_Bremsen_justiert,35
1590,64,1,E-Bike_Hinterbau_vorbereitet,E-Bike_Hinterbau_vorbereitet,27
1590,65,1,Racebike_Rahmen_lackiert,Racebike_Rahmen_lackiert,26
1590,66,0,Citybike_Hauptrahmen_zugeschnitten,Citybike_Hauptrahmen_zugeschnitten,43
1590,67,0,E-Bike_Rahmen_nachbearbeitet,E-Bike_Rahmen_nachbearbeitet,43
1590,68,0,Racebike_Tretlager_gefraest,Racebike_Tretlager_gefraest,47
1590,69,0,E-Bike_Hinterbau_vorbereitet,E-Bike_Hinterbau_vorbereitet,47
1590,70,1,Citybike_Rahmen_nachbearbeitet,Citybike_Rahmen_nachbearbeitet,25
1590,71,1,E-Bike_Tretlager_gefraest,E-Bike_Tretlager_gefraest,27
1590,72,0,Racebike_Fahrrad_endmontiert,Racebike_Fahrrad_endmontiert,47
1590,73,1,Racebike_Bremsaufnahme_gebohrt,Racebike_Bremsaufnahme_gebohrt,26
1590,74,1,Racebike_Tretlageraufnahme_geschweisst,Racebike_Tretlageraufnahme_geschweisst,20
1590,75,1,Mountainbike_Bremsaufnahme_gebohrt,Mountainbike_Bremsaufnahme_gebohrt,25
1590,76,0,Citybike_Rahmen_lackiert,Citybike_Rahmen_lackiert,43
1590,77,0,Mountainbike_Hinterbau_vorbereitet,Mountainbike_Hinterbau_vorbereitet,40
1590,78,0,E-Bike_Fahrrad_endmontiert,E-Bike_Fahrrad_endmontiert,55
1590,79,0,Racebike_Rahmen_lackiert,Racebike_Rahmen_lackiert,47
1590,80,0,E-Bike_Bremsen_justiert,E-Bike_Bremsen_justiert,47
1590,81,1,Mountainbike_Rahmen_komplettiert,Mountainbike_Rahmen_komplettiert,20
1590,82,1,Racebike_Steuerrohr_ausgerieben,Racebike_Steuerrohr_ausgerieben,24
1590,83,2,Racebike_Rahmen_komplettiert,Racebike_Rahmen_komplettiert,10
1590,84,2,Mountainbike_Tretlageraufnahme_geschweisst,Mountainbike_Tretlageraufnahme_geschweisst,13
1590,85,1,Mountainbike_Antrieb_installiert,Mountainbike_Antrieb_installiert,25
1590,86,2,Citybike_Schaltauge_bearbeitet,Citybike_Schaltauge_bearbeitet,18
1590,87,1,Mountainbike_Rahmen_lackiert,Mountainbike_Rahmen_lackiert,20
1590,88,2,E-Bike_Steuerrohr_montiert,E-Bike_Steuerrohr_montiert,24
1590,89,0,Mountainbike_Steuerrohr_montiert,Mountainbike_Steuerrohr_montiert,53
1590,90,1,Mountainbike_Rahmen_lackiert,Mountainbike_Rahmen_lackiert,15
1590,91,1,E-Bike_Hauptrahmen_zugeschnitten,E-Bike_Hauptrahmen_zugeschnitten,28
1590,92,0,E-Bike_Antrieb_installiert,E-Bike_Antrieb_installiert,55
1590,93,0,Mountainbike_Tretlager_gefraest,Mountainbike_Tretlager_gefraest,53
1590,94,0,Mountainbike_Tretlager_gefraest,Mountainbike_Tretlager_gefraest,25
1590,95,2,Citybike_Steuerrohr_montiert,Citybike_Steuerrohr_montiert,15
1590,96,2,Mountainbike_Laufraeder_montiert,Mountainbike_Laufraeder_montiert,12
1590,97,1,Racebike_Steuerrohr_ausgerieben,Racebike_Steuerrohr_ausgerieben,26
1590,98,2,Mountainbike_Antrieb_installiert,Mountainbike_Antrieb_installiert,15
1590,99,2,Mountainbike_Rahmen_nachbearbeitet,Mountainbike_Rahmen_nachbearbeitet,15
1590,100,2,E-Bike_Schaltauge_bearbeitet,E-Bike_Schaltauge_bearbeitet,24
1590,101,2,Racebike_Hauptrahmen_zugeschnitten,Racebike_Hauptrahmen_zugeschnitten,25
1590,102,0,Racebike_Rahmen_komplettiert,Racebike_Rahmen_komplettiert,35
1590,103,1,Racebike_Hauptrahmen_zugeschnitten,Racebike_Hauptrahmen_zugeschnitten,20
1590,104,0,Mountainbike_Hauptrahmen_zugeschnitten,Mountainbike_Hauptrahmen_zugeschnitten,38
1590,105,0,Racebike_Steuerrohr_montiert,Racebike_Steuerrohr_montiert,35
1590,106,1,Mountainbike_Steuerrohr_ausgerieben,Mountainbike_Steuerrohr_ausgerieben,25
1590,107,0,Mountainbike_Steuerrohr_montiert,Mountainbike_Steuerrohr_montiert,38
1590,108,0,Racebike_Bremsen_justiert,Racebike_Bremsen_justiert,35
1590,109,1,Citybike_Fahrrad_endmontiert,Citybike_Fahrrad_endmontiert,15
1590,110,2,E-Bike_Rahmen_nachbearbeitet,E-Bike_Rahmen_nachbearbeitet,25
1590,111,0,Citybike_Fahrrad_endmontiert,Citybike_Fahrrad_endmontiert,43
1590,112,0,Citybike_Rahmen_komplettiert,Citybike_Rahmen_komplettiert,40
1590,113,1,Mountainbike_Fahrrad_endmontiert,Mountainbike_Fahrrad_endmontiert,20
1590,114,1,E-Bike_Hinterbau_vorbereitet,E-Bike_Hinterbau_vorbereitet,28
1590,115,1,E-Bike_Rahmen_lackiert,E-Bike_Rahmen_lackiert,20
1590,116,1,Mountainbike_Hauptrahmen_zugeschnitten,Mountainbike_Hauptrahmen_zugeschnitten,26
1590,117,1,Mountainbike_Bremsaufnahme_gebohrt,Mountainbike_Bremsaufnahme_gebohrt,20
1590,118,1,Racebike_Rahmen_nachbearbeitet,Racebike_Rahmen_nachbearbeitet,24
1590,119,2,Racebike_Antrieb_installiert,Racebike_Antrieb_installiert,25
1590,120,2,E-Bike_Rahmen_komplettiert,E-Bike_Rahmen_komplettiert,25
1590,121,1,Mountainbike_Rahmen_nachbearbeitet,Mountainbike_Rahmen_nachbearbeitet,25
1590,122,1,Racebike_Schaltauge_bearbeitet,Racebike_Schaltauge_bearbeitet,24
1590,123,1,Mountainbike_Steuerrohr_montiert,Mountainbike_Steuerrohr_montiert,25
1591,3,1,Citybike_Tretlager_gefraest,Citybike_Tretlager_gefraest,25
1591,5,1,Mountainbike_Tretlager_gefraest,Mountainbike_Tretlager_gefraest,20
1591,6,0,Racebike_Hauptrahmen_zugeschnitten,Racebike_Hauptrahmen_zugeschnitten,35
1591,7,1,Citybike_Hinterbau_vorbereitet,Citybike_Hinterbau_vorbereitet,15
1591,8,1,Citybike_Bremsen_justiert,Citybike_Bremsen_justiert,20
1591,9,1,Mountainbike_Rahmen_komplettiert,Mountainbike_Rahmen_komplettiert,20
1591,10,0,Mountainbike_Schaltauge_bearbeitet,Mountainbike_Schaltauge_bearbeitet,38
1591,11,0,Mountainbike_Tretlageraufnahme_geschweisst,Mountainbike_Tretlageraufnahme_geschweisst,40
1591,12,0,Mountainbike_Rahmen_nachbearbeitet,Mountainbike_Rahmen_nachbearbeitet,40
1591,13,0,Citybike_Hauptrahmen_zugeschnitten,Citybike_Hauptrahmen_zugeschnitten,39
1591,14,2,E-Bike_Rahmen_komplettiert,E-Bike_Rahmen_komplettiert,25
1591,15,1,Mountainbike_Steuerrohr_montiert,Mountainbike_Steuerrohr_montiert,20
1591,16,2,Mountainbike_Tretlageraufnahme_geschweisst,Mountainbike_Tretlageraufnahme_geschweisst,24
1591,17,2,E-Bike_Tretlageraufnahme_geschweisst,E-Bike_Tretlageraufnahme_geschweisst,24
1591,18,0,E-Bike_Bremsaufnahme_gebohrt,E-Bike_Bremsaufnahme_gebohrt,43
1591,19,0,E-Bike_Steuerrohr_ausgerieben,E-Bike_Steuerrohr_ausgerieben,40
1591,20,1,E-Bike_Schaltauge_bearbeitet,E-Bike_Schaltauge_bearbeitet,28
1591,21,1,E-Bike_Hinterbau_vorbereitet,E-Bike_Hinterbau_vorbereitet,20
1591,22,1,Racebike_Hinterbau_vorbereitet,Racebike_Hinterbau_vorbereitet,26
1591,23,1,Mountainbike_Fahrrad_endmontiert,Mountainbike_Fahrrad_endmontiert,25
1591,24,0,Racebike_Antrieb_installiert,Racebike_Antrieb_installiert,47
1591,25,1,E-Bike_Bremsen_justiert,E-Bike_Bremsen_justiert,28
1591,26,1,Racebike_Laufraeder_montiert,Racebike_Laufraeder_montiert,26
1591,27,2,Mountainbike_Bremsen_justiert,Mountainbike_Bremsen_justiert,24
1591,28,0,Mountainbike_Hinterbau_vorbereitet,Mountainbike_Hinterbau_vorbereitet,38
1591,29,2,Citybike_Steuerrohr_montiert,Citybike_Steuerrohr_montiert,18
1591,30,1,Racebike_Tretlageraufnahme_geschweisst,Racebike_Tretlageraufnahme_geschweisst,20
1591,31,0,E-Bike_Rahmen_nachbearbeitet,E-Bike_Rahmen_nachbearbeitet,55
1591,32,0,E-Bike_Tretlager_gefraest,E-Bike_Tretlager_gefraest,40
1591,33,0,Citybike_Rahmen_nachbearbeitet,Citybike_Rahmen_nachbearbeitet,54
1591,34,0,Racebike_Rahmen_komplettiert,Racebike_Rahmen_komplettiert,42
1591,35,1,Mountainbike_Antrieb_installiert,Mountainbike_Antrieb_installiert,25
1591,36,2,Mountainbike_Bremsen_justiert,Mountainbike_Bremsen_justiert,12
1591,37,2,Mountainbike_Steuerrohr_ausgerieben,Mountainbike_Steuerrohr_ausgerieben,15
1591,38,2,Mountainbike_Tretlageraufnahme_geschweisst,Mountainbike_Tretlageraufnahme_geschweisst,15
1591,39,2,Mountainbike_Hinterbau_vorbereitet,Mountainbike_Hinterbau_vorbereitet,15
1591,40,2,E-Bike_Bremsaufnahme_gebohrt,E-Bike_Bremsaufnahme_gebohrt,24
1591,41,1,Mountainbike_Rahmen_lackiert,Mountainbike_Rahmen_lackiert,20
1591,42,1,Mountainbike_Fahrrad_endmontiert,Mountainbike_Fahrrad_endmontiert,20
1591,43,2,Citybike_Hauptrahmen_zugeschnitten,Citybike_Hauptrahmen_zugeschnitten,15
1591,44,0,Mountainbike_Tretlager_gefraest,Mountainbike_Tretlager_gefraest,38
1591,45,0,Racebike_Fahrrad_endmontiert,Racebike_Fahrrad_endmontiert,35
1591,46,2,Mountainbike_Laufraeder_montiert,Mountainbike_Laufraeder_montiert,12
1591,47,0,E-Bike_Tretlager_gefraest,E-Bike_Tretlager_gefraest,47
1591,48,1,E-Bike_Hinterbau_vorbereitet,E-Bike_Hinterbau_vorbereitet,28
1591,49,0,Citybike_Hinterbau_vorbereitet,Citybike_Hinterbau_vorbereitet,54
1591,50,1,Citybike_Bremsen_justiert,Citybike_Bremsen_justiert,28
1591,51,2,Racebike_Antrieb_installiert,Racebike_Antrieb_installiert,16
1591,52,1,Racebike_Rahmen_nachbearbeitet,Racebike_Rahmen_nachbearbeitet,15
1591,53,0,Citybike_Rahmen_lackiert,Citybike_Rahmen_lackiert,40
1591,54,0,Mountainbike_Hauptrahmen_zugeschnitten,Mountainbike_Hauptrahmen_zugeschnitten,40
1591,55,1,Citybike_Antrieb_installiert,Citybike_Antrieb_installiert,25
1591,56,2,Mountainbike_Tretlageraufnahme_geschweisst,Mountainbike_Tretlageraufnahme_geschweisst,13
1591,57,1,Mountainbike_Fahrrad_endmontiert,Mountainbike_Fahrrad_endmontiert,20
1591,58,1,E-Bike_Laufraeder_montiert,E-Bike_Laufraeder_montiert,28
1591,59,2,Citybike_Tretlageraufnahme_geschweisst,Citybike_Tretlageraufnahme_geschweisst,18
1591,60,1,Citybike_Fahrrad_endmontiert,Citybike_Fahrrad_endmontiert,28
1591,61,0,E-Bike_Antrieb_installiert,E-Bike_Antrieb_installiert,55
1591,62,2,Mountainbike_Laufraeder_montiert,Mountainbike_Laufraeder_montiert,12
1591,63,1,Mountainbike_Bremsaufnahme_gebohrt,Mountainbike_Bremsaufnahme_gebohrt,20
1591,64,1,Citybike_Rahmen_lackiert,Citybike_Rahmen_lackiert,15
1591,65,2,E-Bike_Rahmen_komplettiert,E-Bike_Rahmen_komplettiert,24
1591,66,1,E-Bike_Tretlageraufnahme_geschweisst,E-Bike_Tretlageraufnahme_geschweisst,27
1591,67,1,Mountainbike_Bremsaufnahme_gebohrt,Mountainbike_Bremsaufnahme_gebohrt,26
1591,68,1,Mountainbike_Rahmen_nachbearbeitet,Mountainbike_Rahmen_nachbearbeitet,20
1591,69,1,E-Bike_Tretlager_gefraest,E-Bike_Tretlager_gefraest,28
1591,70,0,Mountainbike_Bremsaufnahme_gebohrt,Mountainbike_Bremsaufnahme_gebohrt,53
1591,71,1,Citybike_Rahmen_nachbearbeitet,Citybike_Rahmen_nachbearbeitet,28
1591,72,2,Mountainbike_Antrieb_installiert,Mountainbike_Antrieb_installiert,24
1591,73,2,Citybike_Schaltauge_bearbeitet,Citybike_Schaltauge_bearbeitet,18
1591,74,0,Mountainbike_Steuerrohr_montiert,Mountainbike_Steuerrohr_montiert,40
1591,75,0,E-Bike_Fahrrad_endmontiert,E-Bike_Fahrrad_endmontiert,55
1591,76,0,Citybike_Fahrrad_endmontiert,Citybike_Fahrrad_endmontiert,54
1591,77,0,Citybike_Rahmen_komplettiert,Citybike_Rahmen_komplettiert,40
1591,78,0,Mountainbike_Hinterbau_vorbereitet,Mountainbike_Hinterbau_vorbereitet,40
1591,79,2,Racebike_Hinterbau_vorbereitet,Racebike_Hinterbau_vorbereitet,10
1591,80,0,Racebike_Rahmen_lackiert,Racebike_Rahmen_lackiert,35
1591,81,1,Mountainbike_Rahmen_lackiert,Mountainbike_Rahmen_lackiert,20
1591,82,2,Mountainbike_Rahmen_lackiert,Mountainbike_Rahmen_lackiert,13
1591,83,1,Racebike_Tretlager_gefraest,Racebike_Tretlager_gefraest,24
1591,84,0,Mountainbike_Tretlager_gefraest,Mountainbike_Tretlager_gefraest,38
1591,85,1,E-Bike_Hinterbau_vorbereitet,E-Bike_Hinterbau_vorbereitet,28
1591,86,0,Racebike_Rahmen_lackiert,Racebike_Rahmen_lackiert,35
1591,87,1,Racebike_Fahrrad_endmontiert,Racebike_Fahrrad_endmontiert,26
1591,88,2,Mountainbike_Rahmen_nachbearbeitet,Mountainbike_Rahmen_nachbearbeitet,15
1591,89,0,Mountainbike_Steuerrohr_montiert,Mountainbike_Steuerrohr_montiert,38
1591,90,1,E-Bike_Hauptrahmen_zugeschnitten,E-Bike_Hauptrahmen_zugeschnitten,28
1591,91,0,Mountainbike_Hauptrahmen_zugeschnitten,Mountainbike_Hauptrahmen_zugeschnitten,40
1591,92,0,Racebike_Hinterbau_vorbereitet,Racebike_Hinterbau_vorbereitet,35
1591,93,1,Racebike_Bremsaufnahme_gebohrt,Racebike_Bremsaufnahme_gebohrt,26
1591,94,0,Racebike_Rahmen_komplettiert,Racebike_Rahmen_komplettiert,40
1591,95,1,Mountainbike_Rahmen_komplettiert,Mountainbike_Rahmen_komplettiert,25
1591,96,0,E-Bike_Hinterbau_vorbereitet,E-Bike_Hinterbau_vorbereitet,47
1591,97,1,Racebike_Hauptrahmen_zugeschnitten,Racebike_Hauptrahmen_zugeschnitten,24
1591,98,0,E-Bike_Bremsen_justiert,E-Bike_Bremsen_justiert,40
1591,99,1,Mountainbike_Steuerrohr_ausgerieben,Mountainbike_Steuerrohr_ausgerieben,25
1591,100,1,Racebike_Rahmen_nachbearbeitet,Racebike_Rahmen_nachbearbeitet,24
1591,101,1,E-Bike_Hinterbau_vorbereitet,E-Bike_Hinterbau_vorbereitet,28
1591,102,2,Racebike_Rahmen_komplettiert,Racebike_Rahmen_komplettiert,16
1591,103,2,Racebike_Rahmen_komplettiert,Racebike_Rahmen_komplettiert,10
1591,104,2,Racebike_Antrieb_installiert,Racebike_Antrieb_installiert,15
1591,105,1,E-Bike_Hauptrahmen_zugeschnitten,E-Bike_Hauptrahmen_zugeschnitten,20
1591,106,1,Racebike_Schaltauge_bearbeitet,Racebike_Schaltauge_bearbeitet,26
1591,107,1,Mountainbike_Hauptrahmen_zugeschnitten,Mountainbike_Hauptrahmen_zugeschnitten,25
1591,108,1,Mountainbike_Steuerrohr_montiert,Mountainbike_Steuerrohr_montiert,20
1591,109,2,E-Bike_Schaltauge_bearbeitet,E-Bike_Schaltauge_bearbeitet,25
1591,110,2,E-Bike_Rahmen_nachbearbeitet,E-Bike_Rahmen_nachbearbeitet,15
1591,111,0,Racebike_Bremsen_justiert,Racebike_Bremsen_justiert,47
1591,112,0,E-Bike_Rahmen_nachbearbeitet,E-Bike_Rahmen_nachbearbeitet,47
1591,113,1,Racebike_Tretlageraufnahme_geschweisst,Racebike_Tretlageraufnahme_geschweisst,24
1591,114,1,Racebike_Rahmen_lackiert,Racebike_Rahmen_lackiert,20
1591,115,1,Racebike_Steuerrohr_ausgerieben,Racebike_Steuerrohr_ausgerieben,20
1591,116,2,E-Bike_Steuerrohr_montiert,E-Bike_Steuerrohr_montiert,15
1591,117,2,Racebike_Hauptrahmen_zugeschnitten,Racebike_Hauptrahmen_zugeschnitten,25
1591,118,0,Racebike_Steuerrohr_montiert,Racebike_Steuerrohr_montiert,47
1591,119,1,E-Bike_Rahmen_lackiert,E-Bike_Rahmen_lackiert,28
1591,120,0,Racebike_Tretlager_gefraest,Racebike_Tretlager_gefraest,40
1591,121,1,Racebike_Steuerrohr_ausgerieben,Racebike_Steuerrohr_ausgerieben,26
1591,122,0,Racebike_Bremsen_justiert,Racebike_Bremsen_justiert,40
1591,123,2,E-Bike_Rahmen_komplettiert,E-Bike_Rahmen_komplettiert,25
1592,2,0,Mountainbike_Tretlageraufnahme_geschweisst,Mountainbike_Tretlageraufnahme_geschweisst,40
1592,4,1,Citybike_Tretlager_gefraest,Citybike_Tretlager_gefraest,25
1592,6,2,E-Bike_Tretlageraufnahme_geschweisst,E-Bike_Tretlageraufnahme_geschweisst,15
1592,7,0,E-Bike_Steuerrohr_ausgerieben,E-Bike_Steuerrohr_ausgerieben,55
1592,8,1,E-Bike_Hinterbau_vorbereitet,E-Bike_Hinterbau_vorbereitet,27
1592,9,1,Mountainbike_Rahmen_komplettiert,Mountainbike_Rahmen_komplettiert,26
1592,10,1,Racebike_Fahrrad_endmontiert,Racebike_Fahrrad_endmontiert,24
1592,11,0,Mountainbike_Rahmen_nachbearbeitet,Mountainbike_Rahmen_nachbearbeitet,53
1592,12,2,Racebike_Antrieb_installiert,Racebike_Antrieb_installiert,25
1592,13,2,Mountainbike_Tretlageraufnahme_geschweisst,Mountainbike_Tretlageraufnahme_geschweisst,13
1592,14,0,E-Bike_Bremsaufnahme_gebohrt,E-Bike_Bremsaufnahme_gebohrt,55
1592,15,0,E-Bike_Rahmen_nachbearbeitet,E-Bike_Rahmen_nachbearbeitet,40
1592,16,1,Mountainbike_Tretlager_gefraest,Mountainbike_Tretlager_gefraest,25
1592,17,0,Racebike_Hauptrahmen_zugeschnitten,Racebike_Hauptrahmen_zugeschnitten,47
1592,18,0,Racebike_Fahrrad_endmontiert,Racebike_Fahrrad_endmontiert,40
1592,19,2,Mountainbike_Bremsen_justiert,Mountainbike_Bremsen_justiert,15
1592,20,0,E-Bike_Tretlager_gefraest,E-Bike_Tretlager_gefraest,47
1592,21,1,Racebike_Rahmen_nachbearbeitet,Racebike_Rahmen_nachbearbeitet,24
1592,22,1,Racebike_Laufraeder_montiert,Racebike_Laufraeder_montiert,20
1592,23,2,E-Bike_Bremsaufnahme_gebohrt,E-Bike_Bremsaufnahme_gebohrt,24
1592,24,1,Citybike_Bremsen_justiert,Citybike_Bremsen_justiert,25
1592,25,1,Citybike_Hinterbau_vorbereitet,Citybike_Hinterbau_vorbereitet,20
1592,26,1,Mountainbike_Fahrrad_endmontiert,Mountainbike_Fahrrad_endmontiert,20
1592,27,1,Citybike_Bremsen_justiert,Citybike_Bremsen_justiert,15
1592,28,0,Citybike_Rahmen_nachbearbeitet,Citybike_Rahmen_nachbearbeitet,54
1592,29,1,Mountainbike_Steuerrohr_montiert,Mountainbike_Steuerrohr_montiert,20
1592,30,0,Mountainbike_Rahmen_lackiert,Mountainbike_Rahmen_lackiert,40
1592,31,2,Mountainbike_Tretlageraufnahme_geschweisst,Mountainbike_Tretlageraufnahme_geschweisst,24
1592,32,1,Citybike_Antrieb_installiert,Citybike_Antrieb_installiert,15
1592,33,0,Mountainbike_Hinterbau_vorbereitet,Mountainbike_Hinterbau_vorbereitet,40
1592,34,1,Mountainbike_Bremsaufnahme_gebohrt,Mountainbike_Bremsaufnahme_gebohrt,20
1592,35,1,E-Bike_Bremsen_justiert,E-Bike_Bremsen_justiert,28
1592,36,0,Mountainbike_Bremsaufnahme_gebohrt,Mountainbike_Bremsaufnahme_gebohrt,40
1592,37,1,Racebike_Bremsaufnahme_gebohrt,Racebike_Bremsaufnahme_gebohrt,26
1592,38,2,Racebike_Hinterbau_vorbereitet,Racebike_Hinterbau_vorbereitet,16
1592,39,0,Racebike_Hinterbau_vorbereitet,Racebike_Hinterbau_vorbereitet,35
1592,40,2,Racebike_Rahmen_nachbearbeitet,Racebike_Rahmen_nachbearbeitet,15
1592,41,0,Racebike_Antrieb_installiert,Racebike_Antrieb_installiert,40
1592,42,2,Citybike_Hauptrahmen_zugeschnitten,Citybike_Hauptrahmen_zugeschnitten,18
1592,43,0,Racebike_Rahmen_lackiert,Racebike_Rahmen_lackiert,40
1592,44,0,E-Bike_Hinterbau_vorbereitet,E-Bike_Hinterbau_vorbereitet,47
1592,45,1,Racebike_Tretlageraufnahme_geschweisst,Racebike_Tretlageraufnahme_geschweisst,20
1592,46,0,Citybike_Hauptrahmen_zugeschnitten,Citybike_Hauptrahmen_zugeschnitten,54
1592,47,1,Mountainbike_Rahmen_komplettiert,Mountainbike_Rahmen_komplettiert,25
1592,48,1,Racebike_Tretlager_gefraest,Racebike_Tretlager_gefraest,24
1592,49,2,Citybike_Tretlageraufnahme_geschweisst,Citybike_Tretlageraufnahme_geschweisst,15
1592,50,1,Mountainbike_Rahmen_lackiert,Mountainbike_Rahmen_lackiert,25
1592,51,1,E-Bike_Hinterbau_vorbereitet,E-Bike_Hinterbau_vorbereitet,28
1592,52,2,Racebike_Rahmen_komplettiert,Racebike_Rahmen_komplettiert,10
1592,53,2,Mountainbike_Hinterbau_vorbereitet,Mountainbike_Hinterbau_vorbereitet,13
1592,54,2,Mountainbike_Laufraeder_montiert,Mountainbike_Laufraeder_montiert,15
1592,55,0,Racebike_Bremsen_justiert,Racebike_Bremsen_justiert,42
1592,56,0,Racebike_Rahmen_lackiert,Racebike_Rahmen_lackiert,40
1592,57,0,Mountainbike_Hauptrahmen_zugeschnitten,Mountainbike_Hauptrahmen_zugeschnitten,38
1592,58,2,Mountainbike_Bremsen_justiert,Mountainbike_Bremsen_justiert,15
1592,59,2,Citybike_Steuerrohr_montiert,Citybike_Steuerrohr_montiert,18
1592,60,1,Mountainbike_Fahrrad_endmontiert,Mountainbike_Fahrrad_endmontiert,26
1592,61,0,Mountainbike_Schaltauge_bearbeitet,Mountainbike_Schaltauge_bearbeitet,40
1592,62,0,E-Bike_Tretlager_gefraest,E-Bike_Tretlager_gefraest,55
1592,63,1,Mountainbike_Antrieb_installiert,Mountainbike_Antrieb_installiert,20
1592,64,0,Racebike_Rahmen_komplettiert,Racebike_Rahmen_komplettiert,47
1592,65,1,Citybike_Rahmen_lackiert,Citybike_Rahmen_lackiert,15
1592,66,1,E-Bike_Schaltauge_bearbeitet,E-Bike_Schaltauge_bearbeitet,27
1592,67,2,Mountainbike_Steuerrohr_ausgerieben,Mountainbike_Steuerrohr_ausgerieben,12
1592,68,2,E-Bike_Rahmen_komplettiert,E-Bike_Rahmen_komplettiert,24
1592,69,2,Mountainbike_Rahmen_lackiert,Mountainbike_Rahmen_lackiert,24
1592,70,0,E-Bike_Bremsen_justiert,E-Bike_Bremsen_justiert,47
1592,71,1,Mountainbike_Fahrrad_endmontiert,Mountainbike_Fahrrad_endmontiert,26
1592,72,2,Mountainbike_Tretlageraufnahme_geschweisst,Mountainbike_Tretlageraufnahme_geschweisst,15
1592,73,1,Racebike_Bremsaufnahme_gebohrt,Racebike_Bremsaufnahme_gebohrt,24
1592,74,1,E-Bike_Laufraeder_montiert,E-Bike_Laufraeder_montiert,28
1592,75,0,Racebike_Rahmen_komplettiert,Racebike_Rahmen_komplettiert,47
1592,76,0,E-Bike_Antrieb_installiert,E-Bike_Antrieb_installiert,47
1592,77,1,Mountainbike_Hauptrahmen_zugeschnitten,Mountainbike_Hauptrahmen_zugeschnitten,26
1592,78,1,Racebike_Rahmen_lackiert,Racebike_Rahmen_lackiert,24
1592,79,1,Citybike_Rahmen_nachbearbeitet,Citybike_Rahmen_nachbearbeitet,25
1592,80,2,Racebike_Rahmen_komplettiert,Racebike_Rahmen_komplettiert,16
1592,81,1,Mountainbike_Bremsaufnahme_gebohrt,Mountainbike_Bremsaufnahme_gebohrt,20
1592,82,0,Racebike_Tretlager_gefraest,Racebike_Tretlager_gefraest,47
1592,83,1,Mountainbike_Rahmen_nachbearbeitet,Mountainbike_Rahmen_nachbearbeitet,20
1592,84,1,E-Bike_Tretlageraufnahme_geschweisst,E-Bike_Tretlageraufnahme_geschweisst,28
1592,85,1,Citybike_Fahrrad_endmontiert,Citybike_Fahrrad_endmontiert,28
1592,86,1,Racebike_Steuerrohr_ausgerieben,Racebike_Steuerrohr_ausgerieben,15
1592,87,0,Mountainbike_Hinterbau_vorbereitet,Mountainbike_Hinterbau_vorbereitet,38
1592,88,0,Mountainbike_Tretlager_gefraest,Mountainbike_Tretlager_gefraest,40
1592,89,1,Mountainbike_Rahmen_lackiert,Mountainbike_Rahmen_lackiert,25
1592,90,2,Mountainbike_Rahmen_nachbearbeitet,Mountainbike_Rahmen_nachbearbeitet,13
1592,91,1,Racebike_Steuerrohr_ausgerieben,Racebike_Steuerrohr_ausgerieben,24
1592,92,1,Mountainbike_Steuerrohr_montiert,Mountainbike_Steuerrohr_montiert,25
1592,93,2,Racebike_Hauptrahmen_zugeschnitten,Racebike_Hauptrahmen_zugeschnitten,16
1592,94,0,Mountainbike_Steuerrohr_montiert,Mountainbike_Steuerrohr_montiert,40
1592,95,0,Mountainbike_Hauptrahmen_zugeschnitten,Mountainbike_Hauptrahmen_zugeschnitten,40
1592,96,1,E-Bike_Tretlager_gefraest,E-Bike_Tretlager_gefraest,28
1592,97,1,Mountainbike_Steuerrohr_ausgerieben,Mountainbike_Steuerrohr_ausgerieben,26
1592,98,1,E-Bike_Hauptrahmen_zugeschnitten,E-Bike_Hauptrahmen_zugeschnitten,28
1592,99,0,Racebike_Steuerrohr_montiert,Racebike_Steuerrohr_montiert,35
1592,100,1,E-Bike_Hauptrahmen_zugeschnitten,E-Bike_Hauptrahmen_zugeschnitten,15
1592,101,0,Racebike_Bremsen_justiert,Racebike_Bremsen_justiert,40
1592,102,0,Mountainbike_Tretlager_gefraest,Mountainbike_Tretlager_gefraest,38
1592,103,1,Racebike_Hauptrahmen_zugeschnitten,Racebike_Hauptrahmen_zugeschnitten,26
1592,104,1,Racebike_Tretlageraufnahme_geschweisst,Racebike_Tretlageraufnahme_geschweisst,20
1592,105,2,Mountainbike_Laufraeder_montiert,Mountainbike_Laufraeder_montiert,13
1592,106,0,Citybike_Rahmen_lackiert,Citybike_Rahmen_lackiert,39
1592,107,1,Racebike_Rahmen_nachbearbeitet,Racebike_Rahmen_nachbearbeitet,20
1592,108,2,Mountainbike_Antrieb_installiert,Mountainbike_Antrieb_installiert,15
1592,109,2,Citybike_Schaltauge_bearbeitet,Citybike_Schaltauge_bearbeitet,18
1592,110,2,Racebike_Antrieb_installiert,Racebike_Antrieb_installiert,10
1592,111,0,Mountainbike_Steuerrohr_montiert,Mountainbike_Steuerrohr_montiert,40
1592,112,2,E-Bike_Schaltauge_bearbeitet,E-Bike_Schaltauge_bearbeitet,25
1592,113,0,E-Bike_Fahrrad_endmontiert,E-Bike_Fahrrad_endmontiert,55
1592,114,2,E-Bike_Rahmen_nachbearbeitet,E-Bike_Rahmen_nachbearbeitet,15
1592,115,1,E-Bike_Hinterbau_vorbereitet,E-Bike_Hinterbau_vorbereitet,28
1592,116,1,E-Bike_Hinterbau_vorbereitet,E-Bike_Hinterbau_vorbereitet,15
1592,117,0,Citybike_Fahrrad_endmontiert,Citybike_Fahrrad_endmontiert,54
1592,118,0,E-Bike_Rahmen_nachbearbeitet,E-Bike_Rahmen_nachbearbeitet,43
1592,119,2,E-Bike_Steuerrohr_montiert,E-Bike_Steuerrohr_montiert,15
1592,120,0,Citybike_Rahmen_komplettiert,Citybike_Rahmen_komplettiert,54
1592,121,1,Racebike_Schaltauge_bearbeitet,Racebike_Schaltauge_bearbeitet,26
1592,122,1,E-Bike_Rahmen_lackiert,E-Bike_Rahmen_lackiert,28
1592,123,2,E-Bike_Rahmen_komplettiert,E-Bike_Rahmen_komplettiert,15
1593,3,1,Racebike_Fahrrad_endmontiert,Racebike_Fahrrad_endmontiert,24
1593,4,1,Racebike_Bremsaufnahme_gebohrt,Racebike_Bremsaufnahme_gebohrt,20
1593,5,0,E-Bike_Tretlager_gefraest,E-Bike_Tretlager_gefraest,55
1593,6,1,Citybike_Hinterbau_vorbereitet,Citybike_Hinterbau_vorbereitet,25
1593,7,1,E-Bike_Schaltauge_bearbeitet,E-Bike_Schaltauge_bearbeitet,27
1593,9,1,Citybike_Tretlager_gefraest,Citybike_Tretlager_gefraest,28
1593,10,0,Mountainbike_Bremsaufnahme_gebohrt,Mountainbike_Bremsaufnahme_gebohrt,53
1593,11,0,Mountainbike_Schaltauge_bearbeitet,Mountainbike_Schaltauge_bearbeitet,40
1593,12,2,Mountainbike_Bremsen_justiert,Mountainbike_Bremsen_justiert,13
1593,13,0,Citybike_Hinterbau_vorbereitet,Citybike_Hinterbau_vorbereitet,39
1593,14,2,Mountainbike_Hinterbau_vorbereitet,Mountainbike_Hinterbau_vorbereitet,15
1593,15,2,E-Bike_Rahmen_komplettiert,E-Bike_Rahmen_komplettiert,24
1593,16,2,Racebike_Rahmen_nachbearbeitet,Racebike_Rahmen_nachbearbeitet,25
1593,17,0,Racebike_Hinterbau_vorbereitet,Racebike_Hinterbau_vorbereitet,42
1593,18,0,Racebike_Hauptrahmen_zugeschnitten,Racebike_Hauptrahmen_zugeschnitten,40
1593,19,2,Mountainbike_Laufraeder_montiert,Mountainbike_Laufraeder_montiert,13
1593,20,2,E-Bike_Rahmen_komplettiert,E-Bike_Rahmen_komplettiert,24
1593,21,1,Citybike_Bremsen_justiert,Citybike_Bremsen_justiert,20
1593,22,1,Racebike_Laufraeder_montiert,Racebike_Laufraeder_montiert,15
1593,23,1,Mountainbike_Tretlager_gefraest,Mountainbike_Tretlager_gefraest,25
1593,24,1,Racebike_Rahmen_nachbearbeitet,Racebike_Rahmen_nachbearbeitet,24
1593,25,0,Mountainbike_Tretlageraufnahme_geschweisst,Mountainbike_Tretlageraufnahme_geschweisst,38
1593,26,1,Mountainbike_Steuerrohr_montiert,Mountainbike_Steuerrohr_montiert,25
1593,27,0,Mountainbike_Rahmen_nachbearbeitet,Mountainbike_Rahmen_nachbearbeitet,40
1593,28,1,Mountainbike_Fahrrad_endmontiert,Mountainbike_Fahrrad_endmontiert,20
1593,29,1,Mountainbike_Antrieb_installiert,Mountainbike_Antrieb_installiert,20
1593,30,0,E-Bike_Steuerrohr_ausgerieben,E-Bike_Steuerrohr_ausgerieben,55
1593,31,2,Mountainbike_Tretlageraufnahme_geschweisst,Mountainbike_Tretlageraufnahme_geschweisst,24
1593,32,1,Citybike_Antrieb_installiert,Citybike_Antrieb_installiert,15
1593,33,2,Racebike_Hinterbau_vorbereitet,Racebike_Hinterbau_vorbereitet,16
1593,34,0,Racebike_Antrieb_installiert,Racebike_Antrieb_installiert,47
1593,35,1,Mountainbike_Fahrrad_endmontiert,Mountainbike_Fahrrad_endmontiert,20
1593,36,2,Mountainbike_Tretlageraufnahme_geschweisst,Mountainbike_Tretlageraufnahme_geschweisst,13
1593,37,1,E-Bike_Hinterbau_vorbereitet,E-Bike_Hinterbau_vorbereitet,28
1593,38,0,Mountainbike_Hinterbau_vorbereitet,Mountainbike_Hinterbau_vorbereitet,38
1593,39,2,Mountainbike_Bremsen_justiert,Mountainbike_Bremsen_justiert,15
1593,40,1,Racebike_Bremsaufnahme_gebohrt,Racebike_Bremsaufnahme_gebohrt,26
1593,41,2,Citybike_Tretlageraufnahme_geschweisst,Citybike_Tretlageraufnahme_geschweisst,18
1593,42,1,Citybike_Bremsen_justiert,Citybike_Bremsen_justiert,25
1593,43,2,E-Bike_Tretlageraufnahme_geschweisst,E-Bike_Tretlageraufnahme_geschweisst,24
1593,44,0,Racebike_Rahmen_lackiert,Racebike_Rahmen_lackiert,35
1593,45,2,Mountainbike_Steuerrohr_ausgerieben,Mountainbike_Steuerrohr_ausgerieben,24
1593,46,1,Racebike_Tretlageraufnahme_geschweisst,Racebike_Tretlageraufnahme_geschweisst,15
1593,47,0,Mountainbike_Hauptrahmen_zugeschnitten,Mountainbike_Hauptrahmen_zugeschnitten,38
1593,48,2,Mountainbike_Tretlageraufnahme_geschweisst,Mountainbike_Tretlageraufnahme_geschweisst,15
1593,49,1,Citybike_Rahmen_lackiert,Citybike_Rahmen_lackiert,25
1593,50,2,Racebike_Rahmen_komplettiert,Racebike_Rahmen_komplettiert,16
1593,51,1,Mountainbike_Bremsaufnahme_gebohrt,Mountainbike_Bremsaufnahme_gebohrt,20
1593,52,1,Mountainbike_Fahrrad_endmontiert,Mountainbike_Fahrrad_endmontiert,20
1593,53,0,E-Bike_Bremsaufnahme_gebohrt,E-Bike_Bremsaufnahme_gebohrt,55
1593,54,1,Mountainbike_Bremsaufnahme_gebohrt,Mountainbike_Bremsaufnahme_gebohrt,20
1593,55,2,Racebike_Rahmen_komplettiert,Racebike_Rahmen_komplettiert,10
1593,56,0,Racebike_Rahmen_komplettiert,Racebike_Rahmen_komplettiert,47
1593,57,1,Racebike_Steuerrohr_ausgerieben,Racebike_Steuerrohr_ausgerieben,24
1593,58,1,Citybike_Rahmen_nachbearbeitet,Citybike_Rahmen_nachbearbeitet,25
1593,59,0,Mountainbike_Hinterbau_vorbereitet,Mountainbike_Hinterbau_vorbereitet,38
1593,60,1,Mountainbike_Rahmen_lackiert,Mountainbike_Rahmen_lackiert,20
1593,61,0,Citybike_Rahmen_nachbearbeitet,Citybike_Rahmen_nachbearbeitet,39
1593,62,1,Racebike_Tretlager_gefraest,Racebike_Tretlager_gefraest,24
1593,63,0,E-Bike_Rahmen_nachbearbeitet,E-Bike_Rahmen_nachbearbeitet,43
1593,64,1,E-Bike_Bremsen_justiert,E-Bike_Bremsen_justiert,28
1593,65,1,E-Bike_Tretlageraufnahme_geschweisst,E-Bike_Tretlageraufnahme_geschweisst,20
1593,66,2,Mountainbike_Rahmen_lackiert,Mountainbike_Rahmen_lackiert,13
1593,67,1,Mountainbike_Rahmen_lackiert,Mountainbike_Rahmen_lackiert,26
1593,68,2,Citybike_Hauptrahmen_zugeschnitten,Citybike_Hauptrahmen_zugeschnitten,18
1593,69,1,E-Bike_Laufraeder_montiert,E-Bike_Laufraeder_montiert,28
1593,70,1,E-Bike_Tretlager_gefraest,E-Bike_Tretlager_gefraest,20
1593,71,1,Racebike_Hinterbau_vorbereitet,Racebike_Hinterbau_vorbereitet,26
1593,72,0,E-Bike_Tretlager_gefraest,E-Bike_Tretlager_gefraest,40
1593,73,0,Mountainbike_Steuerrohr_montiert,Mountainbike_Steuerrohr_montiert,53
1593,74,2,E-Bike_Bremsaufnahme_gebohrt,E-Bike_Bremsaufnahme_gebohrt,24
1593,75,1,E-Bike_Hinterbau_vorbereitet,E-Bike_Hinterbau_vorbereitet,28
1593,76,0,Citybike_Rahmen_lackiert,Citybike_Rahmen_lackiert,39
1593,77,0,Racebike_Bremsen_justiert,Racebike_Bremsen_justiert,42
1593,78,1,Racebike_Rahmen_lackiert,Racebike_Rahmen_lackiert,26
1593,79,0,E-Bike_Hinterbau_vorbereitet,E-Bike_Hinterbau_vorbereitet,47
1593,80,0,Racebike_Tretlager_gefraest,Racebike_Tretlager_gefraest,47
1593,81,1,Mountainbike_Rahmen_komplettiert,Mountainbike_Rahmen_komplettiert,25
1593,82,0,E-Bike_Fahrrad_endmontiert,E-Bike_Fahrrad_endmontiert,47
1593,83,2,Citybike_Schaltauge_bearbeitet,Citybike_Schaltauge_bearbeitet,15
1593,84,0,Mountainbike_Tretlager_gefraest,Mountainbike_Tretlager_gefraest,53
1593,85,2,Racebike_Hauptrahmen_zugeschnitten,Racebike_Hauptrahmen_zugeschnitten,10
1593,86,0,E-Bike_Antrieb_installiert,E-Bike_Antrieb_installiert,55
1593,87,0,E-Bike_Bremsen_justiert,E-Bike_Bremsen_justiert,40
1593,88,0,Racebike_Steuerrohr_montiert,Racebike_Steuerrohr_montiert,47
1593,89,1,Mountainbike_Hauptrahmen_zugeschnitten,Mountainbike_Hauptrahmen_zugeschnitten,20
1593,90,0,Mountainbike_Tretlager_gefraest,Mountainbike_Tretlager_gefraest,38
1593,91,0,Citybike_Fahrrad_endmontiert,Citybike_Fahrrad_endmontiert,39
1593,92,2,Mountainbike_Laufraeder_montiert,Mountainbike_Laufraeder_montiert,13
1593,93,1,E-Bike_Hinterbau_vorbereitet,E-Bike_Hinterbau_vorbereitet,28
1593,94,1,Mountainbike_Rahmen_nachbearbeitet,Mountainbike_Rahmen_nachbearbeitet,26
1593,95,0,Racebike_Fahrrad_endmontiert,Racebike_Fahrrad_endmontiert,42
1593,96,1,E-Bike_Hauptrahmen_zugeschnitten,E-Bike_Hauptrahmen_zugeschnitten,28
1593,97,0,Citybike_Hauptrahmen_zugeschnitten,Citybike_Hauptrahmen_zugeschnitten,43
1593,98,2,Mountainbike_Antrieb_installiert,Mountainbike_Antrieb_installiert,15
1593,99,1,Racebike_Tretlageraufnahme_geschweisst,Racebike_Tretlageraufnahme_geschweisst,26
1593,100,0,Mountainbike_Steuerrohr_montiert,Mountainbike_Steuerrohr_montiert,40
1593,101,0,Racebike_Rahmen_lackiert,Racebike_Rahmen_lackiert,35
1593,102,1,Mountainbike_Steuerrohr_montiert,Mountainbike_Steuerrohr_montiert,25
1593,103,2,Citybike_Steuerrohr_montiert,Citybike_Steuerrohr_montiert,18
1593,104,1,E-Bike_Hinterbau_vorbereitet,E-Bike_Hinterbau_vorbereitet,28
1593,105,2,Mountainbike_Rahmen_nachbearbeitet,Mountainbike_Rahmen_nachbearbeitet,12
1593,106,0,Mountainbike_Hauptrahmen_zugeschnitten,Mountainbike_Hauptrahmen_zugeschnitten,38
1593,107,0,Racebike_Rahmen_komplettiert,Racebike_Rahmen_komplettiert,35
1593,108,1,Racebike_Steuerrohr_ausgerieben,Racebike_Steuerrohr_ausgerieben,26
1593,109,0,Racebike_Bremsen_justiert,Racebike_Bremsen_justiert,40
1593,110,1,Racebike_Hauptrahmen_zugeschnitten,Racebike_Hauptrahmen_zugeschnitten,20
1593,111,0,E-Bike_Rahmen_nachbearbeitet,E-Bike_Rahmen_nachbearbeitet,47
1593,112,1,Citybike_Fahrrad_endmontiert,Citybike_Fahrrad_endmontiert,25
1593,113,1,Racebike_Rahmen_nachbearbeitet,Racebike_Rahmen_nachbearbeitet,15
1593,114,2,E-Bike_Steuerrohr_montiert,E-Bike_Steuerrohr_montiert,24
1593,115,2,Racebike_Antrieb_installiert,Racebike_Antrieb_installiert,25
1593,116,1,Mountainbike_Steuerrohr_ausgerieben,Mountainbike_Steuerrohr_ausgerieben,25
1593,117,1,Racebike_Schaltauge_bearbeitet,Racebike_Schaltauge_bearbeitet,24
1593,118,1,E-Bike_Hauptrahmen_zugeschnitten,E-Bike_Hauptrahmen_zugeschnitten,28
1593,119,0,Citybike_Rahmen_komplettiert,Citybike_Rahmen_komplettiert,54
1593,120,2,E-Bike_Schaltauge_bearbeitet,E-Bike_Schaltauge_bearbeitet,25
1593,121,2,E-Bike_Rahmen_nachbearbeitet,E-Bike_Rahmen_nachbearbeitet,15
1593,122,1,E-Bike_Rahmen_lackiert,E-Bike_Rahmen_lackiert,20
1593,123,2,E-Bike_Rahmen_komplettiert,E-Bike_Rahmen_komplettiert,15
1594,2,1,Mountainbike_Rahmen_komplettiert,Mountainbike_Rahmen_komplettiert,20
1594,3,1,Citybike_Hinterbau_vorbereitet,Citybike_Hinterbau_vorbereitet,15
1594,5,1,Racebike_Laufraeder_montiert,Racebike_Laufraeder_montiert,15
1594,7,0,Citybike_Hinterbau_vorbereitet,Citybike_Hinterbau_vorbereitet,43
1594,8,1,Racebike_Bremsaufnahme_gebohrt,Racebike_Bremsaufnahme_gebohrt,20
1594,9,0,E-Bike_Hinterbau_vorbereitet,E-Bike_Hinterbau_vorbereitet,43
1594,10,1,Racebike_Hinterbau_vorbereitet,Racebike_Hinterbau_vorbereitet,20
1594,11,0,Mountainbike_Rahmen_nachbearbeitet,Mountainbike_Rahmen_nachbearbeitet,53
1594,12,2,Mountainbike_Bremsen_justiert,Mountainbike_Bremsen_justiert,24
1594,13,1,Mountainbike_Steuerrohr_montiert,Mountainbike_Steuerrohr_montiert,25
1594,14,2,E-Bike_Tretlageraufnahme_geschweisst,E-Bike_Tretlageraufnahme_geschweisst,24
1594,15,2,Mountainbike_Tretlageraufnahme_geschweisst,Mountainbike_Tretlageraufnahme_geschweisst,24
1594,16,1,Racebike_Fahrrad_endmontiert,Racebike_Fahrrad_endmontiert,24
1594,17,0,E-Bike_Steuerrohr_ausgerieben,E-Bike_Steuerrohr_ausgerieben,55
1594,18,2,Racebike_Antrieb_installiert,Racebike_Antrieb_installiert,16
1594,19,0,Citybike_Rahmen_nachbearbeitet,Citybike_Rahmen_nachbearbeitet,54
1594,20,0,Mountainbike_Hinterbau_vorbereitet,Mountainbike_Hinterbau_vorbereitet,40
1594,21,0,Racebike_Fahrrad_endmontiert,Racebike_Fahrrad_endmontiert,35
1594,22,2,Citybike_Hauptrahmen_zugeschnitten,Citybike_Hauptrahmen_zugeschnitten,18
1594,23,0,Mountainbike_Rahmen_lackiert,Mountainbike_Rahmen_lackiert,38
1594,24,2,Racebike_Rahmen_nachbearbeitet,Racebike_Rahmen_nachbearbeitet,10
1594,25,1,Citybike_Bremsen_justiert,Citybike_Bremsen_justiert,25
1594,26,0,Mountainbike_Bremsaufnahme_gebohrt,Mountainbike_Bremsaufnahme_gebohrt,40
1594,27,0,Racebike_Hinterbau_vorbereitet,Racebike_Hinterbau_vorbereitet,35
1594,28,0,Racebike_Antrieb_installiert,Racebike_Antrieb_installiert,40
1594,29,1,Citybike_Tretlager_gefraest,Citybike_Tretlager_gefraest,20
1594,30,1,Mountainbike_Rahmen_komplettiert,Mountainbike_Rahmen_komplettiert,20
1594,31,2,Racebike_Rahmen_komplettiert,Racebike_Rahmen_komplettiert,15
1594,32,1,Citybike_Antrieb_installiert,Citybike_Antrieb_installiert,15
1594,33,0,E-Bike_Tretlager_gefraest,E-Bike_Tretlager_gefraest,47
1594,34,0,Mountainbike_Tretlageraufnahme_geschweisst,Mountainbike_Tretlageraufnahme_geschweisst,53
1594,35,0,E-Bike_Bremsaufnahme_gebohrt,E-Bike_Bremsaufnahme_gebohrt,55
1594,36,1,E-Bike_Hinterbau_vorbereitet,E-Bike_Hinterbau_vorbereitet,27
1594,37,1,Mountainbike_Hauptrahmen_zugeschnitten,Mountainbike_Hauptrahmen_zugeschnitten,26
1594,38,2,Mountainbike_Hinterbau_vorbereitet,Mountainbike_Hinterbau_vorbereitet,13
1594,39,1,Racebike_Bremsaufnahme_gebohrt,Racebike_Bremsaufnahme_gebohrt,24
1594,40,2,Mountainbike_Bremsen_justiert,Mountainbike_Bremsen_justiert,15
1594,41,2,Mountainbike_Steuerrohr_ausgerieben,Mountainbike_Steuerrohr_ausgerieben,15
1594,42,2,Racebike_Rahmen_komplettiert,Racebike_Rahmen_komplettiert,16
1594,43,1,E-Bike_Bremsen_justiert,E-Bike_Bremsen_justiert,28
1594,44,1,E-Bike_Laufraeder_montiert,E-Bike_Laufraeder_montiert,20
1594,45,2,Citybike_Tretlageraufnahme_geschweisst,Citybike_Tretlageraufnahme_geschweisst,18
1594,46,0,Citybike_Rahmen_lackiert,Citybike_Rahmen_lackiert,54
1594,47,1,Mountainbike_Fahrrad_endmontiert,Mountainbike_Fahrrad_endmontiert,26
1594,48,2,Mountainbike_Tretlageraufnahme_geschweisst,Mountainbike_Tretlageraufnahme_geschweisst,12
1594,49,1,E-Bike_Hinterbau_vorbereitet,E-Bike_Hinterbau_vorbereitet,28
1594,50,1,Citybike_Rahmen_lackiert,Citybike_Rahmen_lackiert,28
1594,51,1,Mountainbike_Steuerrohr_montiert,Mountainbike_Steuerrohr_montiert,20
1594,52,0,E-Bike_Rahmen_nachbearbeitet,E-Bike_Rahmen_nachbearbeitet,43
1594,53,0,E-Bike_Tretlager_gefraest,E-Bike_Tretlager_gefraest,40
1594,54,1,Mountainbike_Rahmen_lackiert,Mountainbike_Rahmen_lackiert,20
1594,55,1,Citybike_Rahmen_nachbearbeitet,Citybike_Rahmen_nachbearbeitet,15
1594,56,0,E-Bike_Antrieb_installiert,E-Bike_Antrieb_installiert,40
1594,57,2,Citybike_Schaltauge_bearbeitet,Citybike_Schaltauge_bearbeitet,18
1594,58,1,Racebike_Rahmen_nachbearbeitet,Racebike_Rahmen_nachbearbeitet,15
1594,59,1,Racebike_Tretlageraufnahme_geschweisst,Racebike_Tretlageraufnahme_geschweisst,20
1594,60,2,Racebike_Hinterbau_vorbereitet,Racebike_Hinterbau_vorbereitet,10
1594,61,0,Racebike_Rahmen_komplettiert,Racebike_Rahmen_komplettiert,47
1594,62,2,E-Bike_Bremsaufnahme_gebohrt,E-Bike_Bremsaufnahme_gebohrt,25
1594,63,2,Mountainbike_Laufraeder_montiert,Mountainbike_Laufraeder_montiert,24
1594,64,0,Mountainbike_Hauptrahmen_zugeschnitten,Mountainbike_Hauptrahmen_zugeschnitten,38
1594,65,1,Mountainbike_Fahrrad_endmontiert,Mountainbike_Fahrrad_endmontiert,25
1594,66,0,Citybike_Fahrrad_endmontiert,Citybike_Fahrrad_endmontiert,39
1594,67,0,Racebike_Rahmen_lackiert,Racebike_Rahmen_lackiert,42
1594,68,1,E-Bike_Schaltauge_bearbeitet,E-Bike_Schaltauge_bearbeitet,28
1594,69,0,Mountainbike_Tretlager_gefraest,Mountainbike_Tretlager_gefraest,38
1594,70,0,Racebike_Rahmen_lackiert,Racebike_Rahmen_lackiert,35
1594,71,0,E-Bike_Bremsen_justiert,E-Bike_Bremsen_justiert,47
1594,72,2,Mountainbike_Laufraeder_montiert,Mountainbike_Laufraeder_montiert,10
1594,73,2,Mountainbike_Antrieb_installiert,Mountainbike_Antrieb_installiert,15
1594,74,0,Racebike_Bremsen_justiert,Racebike_Bremsen_justiert,47
1594,75,2,Mountainbike_Tretlageraufnahme_geschweisst,Mountainbike_Tretlageraufnahme_geschweisst,15
1594,76,1,Racebike_Rahmen_lackiert,Racebike_Rahmen_lackiert,26
1594,77,1,Racebike_Steuerrohr_ausgerieben,Racebike_Steuerrohr_ausgerieben,20
1594,78,1,Citybike_Bremsen_justiert,Citybike_Bremsen_justiert,25
1594,79,0,Citybike_Rahmen_komplettiert,Citybike_Rahmen_komplettiert,43
1594,80,1,Racebike_Tretlager_gefraest,Racebike_Tretlager_gefraest,15
1594,81,0,Mountainbike_Steuerrohr_montiert,Mountainbike_Steuerrohr_montiert,40
1594,82,0,Citybike_Hauptrahmen_zugeschnitten,Citybike_Hauptrahmen_zugeschnitten,39
1594,83,2,Racebike_Hauptrahmen_zugeschnitten,Racebike_Hauptrahmen_zugeschnitten,16
1594,84,1,Racebike_Tretlageraufnahme_geschweisst,Racebike_Tretlageraufnahme_geschweisst,20
1594,85,0,Racebike_Tretlager_gefraest,Racebike_Tretlager_gefraest,42
1594,86,1,Racebike_Steuerrohr_ausgerieben,Racebike_Steuerrohr_ausgerieben,20
1594,87,0,Mountainbike_Schaltauge_bearbeitet,Mountainbike_Schaltauge_bearbeitet,38
1594,88,2,Citybike_Steuerrohr_montiert,Citybike_Steuerrohr_montiert,18
1594,89,1,Mountainbike_Bremsaufnahme_gebohrt,Mountainbike_Bremsaufnahme_gebohrt,25
1594,90,0,Racebike_Steuerrohr_montiert,Racebike_Steuerrohr_montiert,35
1594,91,1,Citybike_Fahrrad_endmontiert,Citybike_Fahrrad_endmontiert,15
1594,92,1,Mountainbike_Antrieb_installiert,Mountainbike_Antrieb_installiert,20
1594,93,0,Racebike_Rahmen_komplettiert,Racebike_Rahmen_komplettiert,40
1594,94,1,Racebike_Hauptrahmen_zugeschnitten,Racebike_Hauptrahmen_zugeschnitten,24
1594,95,2,Mountainbike_Rahmen_lackiert,Mountainbike_Rahmen_lackiert,12
1594,96,0,Mountainbike_Hinterbau_vorbereitet,Mountainbike_Hinterbau_vorbereitet,38
1594,97,1,Racebike_Rahmen_nachbearbeitet,Racebike_Rahmen_nachbearbeitet,20
1594,98,1,E-Bike_Hauptrahmen_zugeschnitten,E-Bike_Hauptrahmen_zugeschnitten,28
1594,99,0,Mountainbike_Tretlager_gefraest,Mountainbike_Tretlager_gefraest,40
1594,100,2,E-Bike_Rahmen_komplettiert,E-Bike_Rahmen_komplettiert,24
1594,101,2,Mountainbike_Rahmen_nachbearbeitet,Mountainbike_Rahmen_nachbearbeitet,24
1594,102,1,E-Bike_Hauptrahmen_zugeschnitten,E-Bike_Hauptrahmen_zugeschnitten,15
1594,103,1,E-Bike_Hinterbau_vorbereitet,E-Bike_Hinterbau_vorbereitet,20
1594,104,1,Mountainbike_Fahrrad_endmontiert,Mountainbike_Fahrrad_endmontiert,26
1594,105,2,Racebike_Antrieb_installiert,Racebike_Antrieb_installiert,16
1594,106,1,Mountainbike_Bremsaufnahme_gebohrt,Mountainbike_Bremsaufnahme_gebohrt,20
1594,107,2,E-Bike_Schaltauge_bearbeitet,E-Bike_Schaltauge_bearbeitet,25
1594,108,1,Mountainbike_Rahmen_lackiert,Mountainbike_Rahmen_lackiert,20
1594,109,0,Racebike_Bremsen_justiert,Racebike_Bremsen_justiert,35
1594,110,2,E-Bike_Rahmen_nachbearbeitet,E-Bike_Rahmen_nachbearbeitet,15
1594,111,0,Mountainbike_Steuerrohr_montiert,Mountainbike_Steuerrohr_montiert,38
1594,112,0,Mountainbike_Hauptrahmen_zugeschnitten,Mountainbike_Hauptrahmen_zugeschnitten,40
1594,113,1,Mountainbike_Steuerrohr_ausgerieben,Mountainbike_Steuerrohr_ausgerieben,20
1594,114,1,Mountainbike_Rahmen_nachbearbeitet,Mountainbike_Rahmen_nachbearbeitet,20
1594,115,1,E-Bike_Tretlageraufnahme_geschweisst,E-Bike_Tretlageraufnahme_geschweisst,28
1594,116,1,E-Bike_Tretlager_gefraest,E-Bike_Tretlager_gefraest,20
1594,117,0,E-Bike_Fahrrad_endmontiert,E-Bike_Fahrrad_endmontiert,55
1594,118,1,E-Bike_Hinterbau_vorbereitet,E-Bike_Hinterbau_vorbereitet,20
1594,119,1,Racebike_Schaltauge_bearbeitet,Racebike_Schaltauge_bearbeitet,26
1594,120,0,E-Bike_Rahmen_nachbearbeitet,E-Bike_Rahmen_nachbearbeitet,40
1594,121,2,E-Bike_Steuerrohr_montiert,E-Bike_Steuerrohr_montiert,15
1594,122,1,E-Bike_Rahmen_lackiert,E-Bike_Rahmen_lackiert,28
1594,123,2,E-Bike_Rahmen_komplettiert,E-Bike_Rahmen_komplettiert,15
1595,3,1,Mountainbike_Rahmen_komplettiert,Mountainbike_Rahmen_komplettiert,25
1595,4,1,Citybike_Tretlager_gefraest,Citybike_Tretlager_gefraest,15
1595,6,1,Racebike_Hinterbau_vorbereitet,Racebike_Hinterbau_vorbereitet,15
1595,7,2,E-Bike_Rahmen_komplettiert,E-Bike_Rahmen_komplettiert,15
1595,8,0,Mountainbike_Rahmen_lackiert,Mountainbike_Rahmen_lackiert,38
1595,9,0,Mountainbike_Bremsaufnahme_gebohrt,Mountainbike_Bremsaufnahme_gebohrt,40
1595,10,1,E-Bike_Schaltauge_bearbeitet,E-Bike_Schaltauge_bearbeitet,28
1595,11,1,Mountainbike_Tretlager_gefraest,Mountainbike_Tretlager_gefraest,26
1595,12,0,Mountainbike_Tretlageraufnahme_geschweisst,Mountainbike_Tretlageraufnahme_geschweisst,40
1595,13,1,Mountainbike_Steuerrohr_montiert,Mountainbike_Steuerrohr_montiert,20
1595,14,0,E-Bike_Steuerrohr_ausgerieben,E-Bike_Steuerrohr_ausgerieben,55
1595,15,1,Racebike_Laufraeder_montiert,Racebike_Laufraeder_montiert,24
1595,16,1,Mountainbike_Fahrrad_endmontiert,Mountainbike_Fahrrad_endmontiert,25
1595,17,2,Mountainbike_Bremsen_justiert,Mountainbike_Bremsen_justiert,24
1595,18,2,Mountainbike_Hinterbau_vorbereitet,Mountainbike_Hinterbau_vorbereitet,15
1595,19,0,Citybike_Hinterbau_vorbereitet,Citybike_Hinterbau_vorbereitet,54
1595,20,0,Mountainbike_Schaltauge_bearbeitet,Mountainbike_Schaltauge_bearbeitet,40
1595,21,2,Racebike_Antrieb_installiert,Racebike_Antrieb_installiert,16
1595,22,1,Citybike_Bremsen_justiert,Citybike_Bremsen_justiert,15
1595,23,1,Citybike_Hinterbau_vorbereitet,Citybike_Hinterbau_vorbereitet,20
1595,24,0,Racebike_Fahrrad_endmontiert,Racebike_Fahrrad_endmontiert,35
1595,25,2,Racebike_Rahmen_komplettiert,Racebike_Rahmen_komplettiert,15
1595,26,0,Racebike_Hinterbau_vorbereitet,Racebike_Hinterbau_vorbereitet,40
1595,27,1,Mountainbike_Bremsaufnahme_gebohrt,Mountainbike_Bremsaufnahme_gebohrt,20
1595,28,1,E-Bike_Hinterbau_vorbereitet,E-Bike_Hinterbau_vorbereitet,28
1595,29,0,E-Bike_Rahmen_nachbearbeitet,E-Bike_Rahmen_nachbearbeitet,47
1595,30,0,Mountainbike_Rahmen_nachbearbeitet,Mountainbike_Rahmen_nachbearbeitet,53
1595,31,1,Mountainbike_Rahmen_komplettiert,Mountainbike_Rahmen_komplettiert,26
1595,32,1,Citybike_Antrieb_installiert,Citybike_Antrieb_installiert,15
1595,33,1,Mountainbike_Hauptrahmen_zugeschnitten,Mountainbike_Hauptrahmen_zugeschnitten,20
1595,34,2,Mountainbike_Tretlageraufnahme_geschweisst,Mountainbike_Tretlageraufnahme_geschweisst,13
1595,35,0,Racebike_Bremsen_justiert,Racebike_Bremsen_justiert,35
1595,36,0,E-Bike_Tretlager_gefraest,E-Bike_Tretlager_gefraest,47
1595,37,0,E-Bike_Bremsaufnahme_gebohrt,E-Bike_Bremsaufnahme_gebohrt,40
1595,38,1,Racebike_Rahmen_nachbearbeitet,Racebike_Rahmen_nachbearbeitet,24
1595,39,1,Mountainbike_Fahrrad_endmontiert,Mountainbike_Fahrrad_endmontiert,25
1595,40,1,Racebike_Bremsaufnahme_gebohrt,Racebike_Bremsaufnahme_gebohrt,24
1595,41,2,Citybike_Tretlageraufnahme_geschweisst,Citybike_Tretlageraufnahme_geschweisst,18
1595,42,1,Mountainbike_Steuerrohr_montiert,Mountainbike_Steuerrohr_montiert,25
1595,43,2,Mountainbike_Laufraeder_montiert,Mountainbike_Laufraeder_montiert,12
1595,44,0,Racebike_Rahmen_lackiert,Racebike_Rahmen_lackiert,47
1595,45,2,Racebike_Hinterbau_vorbereitet,Racebike_Hinterbau_vorbereitet,16
1595,46,0,Racebike_Rahmen_lackiert,Racebike_Rahmen_lackiert,25
1595,47,2,E-Bike_Rahmen_komplettiert,E-Bike_Rahmen_komplettiert,25
1595,48,1,Citybike_Rahmen_lackiert,Citybike_Rahmen_lackiert,15
1595,49,1,Racebike_Tretlager_gefraest,Racebike_Tretlager_gefraest,15
1595,50,2,E-Bike_Bremsaufnahme_gebohrt,E-Bike_Bremsaufnahme_gebohrt,15
1595,51,0,Mountainbike_Hinterbau_vorbereitet,Mountainbike_Hinterbau_vorbereitet,38
1595,52,1,Racebike_Rahmen_lackiert,Racebike_Rahmen_lackiert,20
1595,53,2,Racebike_Rahmen_nachbearbeitet,Racebike_Rahmen_nachbearbeitet,25
1595,54,0,Mountainbike_Hinterbau_vorbereitet,Mountainbike_Hinterbau_vorbereitet,25
1595,55,2,Mountainbike_Bremsen_justiert,Mountainbike_Bremsen_justiert,13
1595,56,1,Citybike_Bremsen_justiert,Citybike_Bremsen_justiert,25
1595,57,0,Citybike_Hauptrahmen_zugeschnitten,Citybike_Hauptrahmen_zugeschnitten,39
1595,58,0,Racebike_Antrieb_installiert,Racebike_Antrieb_installiert,42
1595,59,0,Citybike_Rahmen_nachbearbeitet,Citybike_Rahmen_nachbearbeitet,43
1595,60,1,Citybike_Rahmen_nachbearbeitet,Citybike_Rahmen_nachbearbeitet,20
1595,61,1,Mountainbike_Antrieb_installiert,Mountainbike_Antrieb_installiert,20
1595,62,1,E-Bike_Bremsen_justiert,E-Bike_Bremsen_justiert,28
1595,63,1,Racebike_Tretlageraufnahme_geschweisst,Racebike_Tretlageraufnahme_geschweisst,26
1595,64,1,Racebike_Bremsaufnahme_gebohrt,Racebike_Bremsaufnahme_gebohrt,20
1595,65,0,Racebike_Rahmen_komplettiert,Racebike_Rahmen_komplettiert,42
1595,66,0,E-Bike_Hinterbau_vorbereitet,E-Bike_Hinterbau_vorbereitet,47
1595,67,0,Mountainbike_Hauptrahmen_zugeschnitten,Mountainbike_Hauptrahmen_zugeschnitten,53
1595,68,1,Racebike_Hauptrahmen_zugeschnitten,Racebike_Hauptrahmen_zugeschnitten,20
1595,69,2,Citybike_Steuerrohr_montiert,Citybike_Steuerrohr_montiert,18
1595,70,2,Mountainbike_Steuerrohr_ausgerieben,Mountainbike_Steuerrohr_ausgerieben,12
1595,71,1,Mountainbike_Fahrrad_endmontiert,Mountainbike_Fahrrad_endmontiert,25
1595,72,1,Citybike_Fahrrad_endmontiert,Citybike_Fahrrad_endmontiert,15
1595,73,2,Mountainbike_Tretlageraufnahme_geschweisst,Mountainbike_Tretlageraufnahme_geschweisst,15
1595,74,1,Racebike_Rahmen_nachbearbeitet,Racebike_Rahmen_nachbearbeitet,15
1595,75,1,Mountainbike_Bremsaufnahme_gebohrt,Mountainbike_Bremsaufnahme_gebohrt,25
1595,76,1,E-Bike_Tretlageraufnahme_geschweisst,E-Bike_Tretlageraufnahme_geschweisst,28
1595,77,2,Mountainbike_Tretlageraufnahme_geschweisst,Mountainbike_Tretlageraufnahme_geschweisst,10
1595,78,0,E-Bike_Tretlager_gefraest,E-Bike_Tretlager_gefraest,55
1595,79,1,Mountainbike_Rahmen_lackiert,Mountainbike_Rahmen_lackiert,26
1595,80,1,Racebike_Tretlageraufnahme_geschweisst,Racebike_Tretlageraufnahme_geschweisst,24
1595,81,0,Racebike_Tretlager_gefraest,Racebike_Tretlager_gefraest,47
1595,82,2,Citybike_Hauptrahmen_zugeschnitten,Citybike_Hauptrahmen_zugeschnitten,18
1595,83,1,E-Bike_Tretlager_gefraest,E-Bike_Tretlager_gefraest,28
1595,84,1,E-Bike_Laufraeder_montiert,E-Bike_Laufraeder_montiert,20
1595,85,2,Racebike_Antrieb_installiert,Racebike_Antrieb_installiert,10
1595,86,2,Mountainbike_Rahmen_lackiert,Mountainbike_Rahmen_lackiert,13
1595,87,0,E-Bike_Fahrrad_endmontiert,E-Bike_Fahrrad_endmontiert,47
1595,88,1,E-Bike_Hinterbau_vorbereitet,E-Bike_Hinterbau_vorbereitet,20
1595,89,1,Racebike_Steuerrohr_ausgerieben,Racebike_Steuerrohr_ausgerieben,26
1595,90,1,Mountainbike_Rahmen_lackiert,Mountainbike_Rahmen_lackiert,25
1595,91,0,Mountainbike_Tretlager_gefraest,Mountainbike_Tretlager_gefraest,53
1595,92,1,Racebike_Schaltauge_bearbeitet,Racebike_Schaltauge_bearbeitet,24
1595,93,1,E-Bike_Hauptrahmen_zugeschnitten,E-Bike_Hauptrahmen_zugeschnitten,28
1595,94,0,Mountainbike_Tretlager_gefraest,Mountainbike_Tretlager_gefraest,25
1595,95,1,Mountainbike_Rahmen_nachbearbeitet,Mountainbike_Rahmen_nachbearbeitet,26
1595,96,2,Mountainbike_Rahmen_nachbearbeitet,Mountainbike_Rahmen_nachbearbeitet,15
1595,97,0,Mountainbike_Hauptrahmen_zugeschnitten,Mountainbike_Hauptrahmen_zugeschnitten,40
1595,98,2,Mountainbike_Laufraeder_montiert,Mountainbike_Laufraeder_montiert,15
1595,99,2,Mountainbike_Antrieb_installiert,Mountainbike_Antrieb_installiert,15
1595,100,0,Mountainbike_Steuerrohr_montiert,Mountainbike_Steuerrohr_montiert,40
1595,101,0,Mountainbike_Steuerrohr_montiert,Mountainbike_Steuerrohr_montiert,25
1595,102,1,Mountainbike_Steuerrohr_ausgerieben,Mountainbike_Steuerrohr_ausgerieben,20
1595,103,2,Racebike_Rahmen_komplettiert,Racebike_Rahmen_komplettiert,16
1595,104,0,Citybike_Rahmen_lackiert,Citybike_Rahmen_lackiert,39
1595,105,1,Racebike_Steuerrohr_ausgerieben,Racebike_Steuerrohr_ausgerieben,24
1595,106,1,E-Bike_Hinterbau_vorbereitet,E-Bike_Hinterbau_vorbereitet,28
1595,107,0,E-Bike_Antrieb_installiert,E-Bike_Antrieb_installiert,43
1595,108,2,Racebike_Hauptrahmen_zugeschnitten,Racebike_Hauptrahmen_zugeschnitten,15
1595,109,0,Racebike_Steuerrohr_montiert,Racebike_Steuerrohr_montiert,47
1595,110,0,Racebike_Rahmen_komplettiert,Racebike_Rahmen_komplettiert,40
1595,111,0,E-Bike_Bremsen_justiert,E-Bike_Bremsen_justiert,47
1595,112,1,E-Bike_Hinterbau_vorbereitet,E-Bike_Hinterbau_vorbereitet,15
1595,113,2,Citybike_Schaltauge_bearbeitet,Citybike_Schaltauge_bearbeitet,18
1595,114,1,E-Bike_Hauptrahmen_zugeschnitten,E-Bike_Hauptrahmen_zugeschnitten,20
1595,115,0,Racebike_Bremsen_justiert,Racebike_Bremsen_justiert,47
1595,116,2,E-Bike_Schaltauge_bearbeitet,E-Bike_Schaltauge_bearbeitet,24
1595,117,2,E-Bike_Rahmen_nachbearbeitet,E-Bike_Rahmen_nachbearbeitet,15
1595,118,0,E-Bike_Rahmen_nachbearbeitet,E-Bike_Rahmen_nachbearbeitet,47
1595,119,0,Citybike_Fahrrad_endmontiert,Citybike_Fahrrad_endmontiert,54
1595,120,2,E-Bike_Steuerrohr_montiert,E-Bike_Steuerrohr_montiert,15
1595,121,0,Citybike_Rahmen_komplettiert,Citybike_Rahmen_komplettiert,40
1595,122,1,E-Bike_Rahmen_lackiert,E-Bike_Rahmen_lackiert,20
1595,123,2,E-Bike_Rahmen_komplettiert,E-Bike_Rahmen_komplettiert,15
1596,3,0,Racebike_Hauptrahmen_zugeschnitten,Racebike_Hauptrahmen_zugeschnitten,47
1596,4,0,Citybike_Hinterbau_vorbereitet,Citybike_Hinterbau_vorbereitet,43
1596,5,1,Citybike_Hinterbau_vorbereitet,Citybike_Hinterbau_vorbereitet,25
1596,6,0,Citybike_Rahmen_nachbearbeitet,Citybike_Rahmen_nachbearbeitet,40
1596,7,1,Mountainbike_Tretlager_gefraest,Mountainbike_Tretlager_gefraest,20
1596,8,1,Mountainbike_Rahmen_komplettiert,Mountainbike_Rahmen_komplettiert,20
1596,9,1,Racebike_Fahrrad_endmontiert,Racebike_Fahrrad_endmontiert,24
1596,11,1,Citybike_Tretlager_gefraest,Citybike_Tretlager_gefraest,25
1596,12,0,Mountainbike_Rahmen_lackiert,Mountainbike_Rahmen_lackiert,40
1596,13,1,Racebike_Laufraeder_montiert,Racebike_Laufraeder_montiert,15
1596,14,1,Citybike_Bremsen_justiert,Citybike_Bremsen_justiert,25
1596,15,0,E-Bike_Bremsaufnahme_gebohrt,E-Bike_Bremsaufnahme_gebohrt,55
1596,16,2,Racebike_Antrieb_installiert,Racebike_Antrieb_installiert,25
1596,17,0,Citybike_Hauptrahmen_zugeschnitten,Citybike_Hauptrahmen_zugeschnitten,54
1596,18,0,Mountainbike_Tretlageraufnahme_geschweisst,Mountainbike_Tretlageraufnahme_geschweisst,40
1596,19,0,Mountainbike_Bremsaufnahme_gebohrt,Mountainbike_Bremsaufnahme_gebohrt,40
1596,20,1,Mountainbike_Steuerrohr_montiert,Mountainbike_Steuerrohr_montiert,20
1596,21,2,Mountainbike_Tretlageraufnahme_geschweisst,Mountainbike_Tretlageraufnahme_geschweisst,13
1596,22,2,Racebike_Rahmen_komplettiert,Racebike_Rahmen_komplettiert,16
1596,23,2,Racebike_Rahmen_nachbearbeitet,Racebike_Rahmen_nachbearbeitet,15
1596,24,2,E-Bike_Rahmen_komplettiert,E-Bike_Rahmen_komplettiert,25
1596,25,0,Racebike_Antrieb_installiert,Racebike_Antrieb_installiert,35
1596,26,1,Mountainbike_Fahrrad_endmontiert,Mountainbike_Fahrrad_endmontiert,20
1596,27,0,Racebike_Bremsen_justiert,Racebike_Bremsen_justiert,40
1596,28,2,Citybike_Hauptrahmen_zugeschnitten,Citybike_Hauptrahmen_zugeschnitten,15
1596,29,1,Citybike_Bremsen_justiert,Citybike_Bremsen_justiert,15
1596,30,0,Mountainbike_Rahmen_nachbearbeitet,Mountainbike_Rahmen_nachbearbeitet,38
1596,31,1,Racebike_Rahmen_lackiert,Racebike_Rahmen_lackiert,15
1596,32,2,Mountainbike_Bremsen_justiert,Mountainbike_Bremsen_justiert,12
1596,33,0,E-Bike_Hinterbau_vorbereitet,E-Bike_Hinterbau_vorbereitet,55
1596,34,1,Racebike_Hinterbau_vorbereitet,Racebike_Hinterbau_vorbereitet,20
1596,35,2,Citybike_Steuerrohr_montiert,Citybike_Steuerrohr_montiert,18
1596,36,0,E-Bike_Bremsen_justiert,E-Bike_Bremsen_justiert,40
1596,37,1,Mountainbike_Rahmen_komplettiert,Mountainbike_Rahmen_komplettiert,25
1596,38,0,Mountainbike_Hinterbau_vorbereitet,Mountainbike_Hinterbau_vorbereitet,53
1596,39,0,Racebike_Tretlager_gefraest,Racebike_Tretlager_gefraest,35
1596,40,0,Citybike_Rahmen_lackiert,Citybike_Rahmen_lackiert,43
1596,41,1,E-Bike_Hauptrahmen_zugeschnitten,E-Bike_Hauptrahmen_zugeschnitten,28
1596,42,1,Citybike_Antrieb_installiert,Citybike_Antrieb_installiert,28
1596,43,2,Citybike_Schaltauge_bearbeitet,Citybike_Schaltauge_bearbeitet,15
1596,44,1,E-Bike_Bremsen_justiert,E-Bike_Bremsen_justiert,27
1596,45,2,Mountainbike_Tretlageraufnahme_geschweisst,Mountainbike_Tretlageraufnahme_geschweisst,12
1596,46,0,E-Bike_Steuerrohr_ausgerieben,E-Bike_Steuerrohr_ausgerieben,43
1596,47,1,E-Bike_Laufraeder_montiert,E-Bike_Laufraeder_montiert,20
1596,48,1,E-Bike_Hinterbau_vorbereitet,E-Bike_Hinterbau_vorbereitet,20
1596,49,1,Mountainbike_Hauptrahmen_zugeschnitten,Mountainbike_Hauptrahmen_zugeschnitten,26
1596,50,1,Mountainbike_Bremsaufnahme_gebohrt,Mountainbike_Bremsaufnahme_gebohrt,20
1596,51,2,Mountainbike_Hinterbau_vorbereitet,Mountainbike_Hinterbau_vorbereitet,15
1596,52,0,Racebike_Hinterbau_vorbereitet,Racebike_Hinterbau_vorbereitet,47
1596,53,1,Mountainbike_Rahmen_lackiert,Mountainbike_Rahmen_lackiert,20
1596,54,1,Mountainbike_Steuerrohr_montiert,Mountainbike_Steuerrohr_montiert,20
1596,55,0,E-Bike_Rahmen_nachbearbeitet,E-Bike_Rahmen_nachbearbeitet,47
1596,56,2,Citybike_Tretlageraufnahme_geschweisst,Citybike_Tretlageraufnahme_geschweisst,18
1596,57,1,E-Bike_Hinterbau_vorbereitet,E-Bike_Hinterbau_vorbereitet,28
1596,58,1,Citybike_Fahrrad_endmontiert,Citybike_Fahrrad_endmontiert,28
1596,59,0,Racebike_Fahrrad_endmontiert,Racebike_Fahrrad_endmontiert,47
1596,60,0,Mountainbike_Schaltauge_bearbeitet,Mountainbike_Schaltauge_bearbeitet,38
1596,61,1,Racebike_Bremsaufnahme_gebohrt,Racebike_Bremsaufnahme_gebohrt,15
1596,62,2,Mountainbike_Laufraeder_montiert,Mountainbike_Laufraeder_montiert,12
1596,63,2,Mountainbike_Bremsen_justiert,Mountainbike_Bremsen_justiert,15
1596,64,0,E-Bike_Tretlager_gefraest,E-Bike_Tretlager_gefraest,55
1596,65,0,Mountainbike_Hinterbau_vorbereitet,Mountainbike_Hinterbau_vorbereitet,53
1596,66,2,Mountainbike_Steuerrohr_ausgerieben,Mountainbike_Steuerrohr_ausgerieben,15
1596,67,0,Racebike_Rahmen_lackiert,Racebike_Rahmen_lackiert,35
1596,68,1,Racebike_Rahmen_nachbearbeitet,Racebike_Rahmen_nachbearbeitet,20
1596,69,1,Racebike_Steuerrohr_ausgerieben,Racebike_Steuerrohr_ausgerieben,20
1596,70,0,Racebike_Rahmen_komplettiert,Racebike_Rahmen_komplettiert,40
1596,71,1,Mountainbike_Antrieb_installiert,Mountainbike_Antrieb_installiert,25
1596,72,0,E-Bike_Antrieb_installiert,E-Bike_Antrieb_installiert,47
1596,73,0,Citybike_Fahrrad_endmontiert,Citybike_Fahrrad_endmontiert,54
1596,74,1,Racebike_Tretlageraufnahme_geschweisst,Racebike_Tretlageraufnahme_geschweisst,24
1596,75,0,Racebike_Rahmen_komplettiert,Racebike_Rahmen_komplettiert,42
1596,76,2,E-Bike_Bremsaufnahme_gebohrt,E-Bike_Bremsaufnahme_gebohrt,24
1596,77,0,Mountainbike_Hauptrahmen_zugeschnitten,Mountainbike_Hauptrahmen_zugeschnitten,38
1596,78,0,Citybike_Rahmen_komplettiert,Citybike_Rahmen_komplettiert,39
1596,79,2,Mountainbike_Tretlageraufnahme_geschweisst,Mountainbike_Tretlageraufnahme_geschweisst,24
1596,80,2,Racebike_Hinterbau_vorbereitet,Racebike_Hinterbau_vorbereitet,16
1596,81,2,E-Bike_Schaltauge_bearbeitet,E-Bike_Schaltauge_bearbeitet,25
1596,82,1,E-Bike_Hauptrahmen_zugeschnitten,E-Bike_Hauptrahmen_zugeschnitten,28
1596,83,1,Citybike_Rahmen_lackiert,Citybike_Rahmen_lackiert,28
1596,84,1,Mountainbike_Fahrrad_endmontiert,Mountainbike_Fahrrad_endmontiert,20
1596,85,2,Racebike_Rahmen_komplettiert,Racebike_Rahmen_komplettiert,25
1596,86,1,E-Bike_Schaltauge_bearbeitet,E-Bike_Schaltauge_bearbeitet,28
1596,87,1,Mountainbike_Bremsaufnahme_gebohrt,Mountainbike_Bremsaufnahme_gebohrt,26
1596,88,1,Mountainbike_Rahmen_nachbearbeitet,Mountainbike_Rahmen_nachbearbeitet,20
1596,89,1,Racebike_Steuerrohr_ausgerieben,Racebike_Steuerrohr_ausgerieben,24
1596,90,0,Mountainbike_Tretlager_gefraest,Mountainbike_Tretlager_gefraest,40
1596,91,2,Mountainbike_Laufraeder_montiert,Mountainbike_Laufraeder_montiert,13
1596,92,2,Mountainbike_Antrieb_installiert,Mountainbike_Antrieb_installiert,15
1596,93,2,Racebike_Hauptrahmen_zugeschnitten,Racebike_Hauptrahmen_zugeschnitten,16
1596,94,1,Citybike_Rahmen_nachbearbeitet,Citybike_Rahmen_nachbearbeitet,25
1596,95,1,Mountainbike_Rahmen_lackiert,Mountainbike_Rahmen_lackiert,20
1596,96,0,Racebike_Rahmen_lackiert,Racebike_Rahmen_lackiert,35
1596,97,1,Racebike_Hauptrahmen_zugeschnitten,Racebike_Hauptrahmen_zugeschnitten,24
1596,98,2,E-Bike_Rahmen_nachbearbeitet,E-Bike_Rahmen_nachbearbeitet,25
1596,99,1,Mountainbike_Fahrrad_endmontiert,Mountainbike_Fahrrad_endmontiert,25
1596,100,0,Mountainbike_Steuerrohr_montiert,Mountainbike_Steuerrohr_montiert,38
1596,101,0,Mountainbike_Steuerrohr_montiert,Mountainbike_Steuerrohr_montiert,25
1596,102,1,Racebike_Rahmen_nachbearbeitet,Racebike_Rahmen_nachbearbeitet,24
1596,103,0,Racebike_Steuerrohr_montiert,Racebike_Steuerrohr_montiert,35
1596,104,2,Racebike_Antrieb_installiert,Racebike_Antrieb_installiert,25
1596,105,0,Racebike_Bremsen_justiert,Racebike_Bremsen_justiert,40
1596,106,1,Racebike_Schaltauge_bearbeitet,Racebike_Schaltauge_bearbeitet,20
1596,107,1,Racebike_Tretlager_gefraest,Racebike_Tretlager_gefraest,20
1596,108,1,Racebike_Tretlageraufnahme_geschweisst,Racebike_Tretlageraufnahme_geschweisst,20
1596,109,2,Mountainbike_Rahmen_lackiert,Mountainbike_Rahmen_lackiert,13
1596,110,1,E-Bike_Hinterbau_vorbereitet,E-Bike_Hinterbau_vorbereitet,28
1596,111,0,E-Bike_Rahmen_nachbearbeitet,E-Bike_Rahmen_nachbearbeitet,47
1596,112,0,Mountainbike_Tretlager_gefraest,Mountainbike_Tretlager_gefraest,53
1596,113,2,E-Bike_Rahmen_komplettiert,E-Bike_Rahmen_komplettiert,24
1596,114,1,E-Bike_Tretlageraufnahme_geschweisst,E-Bike_Tretlageraufnahme_geschweisst,20
1596,115,1,E-Bike_Tretlager_gefraest,E-Bike_Tretlager_gefraest,20
1596,116,2,Mountainbike_Rahmen_nachbearbeitet,Mountainbike_Rahmen_nachbearbeitet,24
1596,117,0,Mountainbike_Hauptrahmen_zugeschnitten,Mountainbike_Hauptrahmen_zugeschnitten,40
1596,118,0,E-Bike_Fahrrad_endmontiert,E-Bike_Fahrrad_endmontiert,55
1596,119,1,E-Bike_Hinterbau_vorbereitet,E-Bike_Hinterbau_vorbereitet,20
1596,120,2,E-Bike_Steuerrohr_montiert,E-Bike_Steuerrohr_montiert,24
1596,121,1,Mountainbike_Steuerrohr_ausgerieben,Mountainbike_Steuerrohr_ausgerieben,26
1596,122,1,E-Bike_Rahmen_lackiert,E-Bike_Rahmen_lackiert,28
1596,123,2,E-Bike_Rahmen_komplettiert,E-Bike_Rahmen_komplettiert,15
1597,4,0,Mountainbike_Rahmen_lackiert,Mountainbike_Rahmen_lackiert,38
1597,5,1,Mountainbike_Steuerrohr_montiert,Mountainbike_Steuerrohr_montiert,20
1597,6,0,Mountainbike_Bremsaufnahme_gebohrt,Mountainbike_Bremsaufnahme_gebohrt,40
1597,7,2,Racebike_Antrieb_installiert,Racebike_Antrieb_installiert,16
1597,8,1,Mountainbike_Rahmen_komplettiert,Mountainbike_Rahmen_komplettiert,20
1597,9,2,E-Bike_Rahmen_komplettiert,E-Bike_Rahmen_komplettiert,25
1597,10,0,Mountainbike_Rahmen_nachbearbeitet,Mountainbike_Rahmen_nachbearbeitet,40
1597,11,1,Mountainbike_Rahmen_komplettiert,Mountainbike_Rahmen_komplettiert,15
1597,12,0,Mountainbike_Schaltauge_bearbeitet,Mountainbike_Schaltauge_bearbeitet,40
1597,13,2,E-Bike_Tretlageraufnahme_geschweisst,E-Bike_Tretlageraufnahme_geschweisst,15
1597,14,2,Mountainbike_Tretlageraufnahme_geschweisst,Mountainbike_Tretlageraufnahme_geschweisst,24
1597,15,2,Mountainbike_Hinterbau_vorbereitet,Mountainbike_Hinterbau_vorbereitet,15
1597,16,1,Racebike_Fahrrad_endmontiert,Racebike_Fahrrad_endmontiert,24
1597,17,2,Mountainbike_Tretlageraufnahme_geschweisst,Mountainbike_Tretlageraufnahme_geschweisst,15
1597,18,1,Mountainbike_Hauptrahmen_zugeschnitten,Mountainbike_Hauptrahmen_zugeschnitten,25
1597,19,2,Mountainbike_Laufraeder_montiert,Mountainbike_Laufraeder_montiert,15
1597,20,0,E-Bike_Tretlager_gefraest,E-Bike_Tretlager_gefraest,55
1597,21,0,Citybike_Hinterbau_vorbereitet,Citybike_Hinterbau_vorbereitet,54
1597,22,1,Citybike_Bremsen_justiert,Citybike_Bremsen_justiert,15
1597,23,1,Mountainbike_Rahmen_lackiert,Mountainbike_Rahmen_lackiert,20
1597,24,0,Mountainbike_Tretlager_gefraest,Mountainbike_Tretlager_gefraest,40
1597,25,1,Citybike_Antrieb_installiert,Citybike_Antrieb_installiert,15
1597,26,2,Citybike_Tretlageraufnahme_geschweisst,Citybike_Tretlageraufnahme_geschweisst,18
1597,27,0,E-Bike_Steuerrohr_ausgerieben,E-Bike_Steuerrohr_ausgerieben,55
1597,28,1,Mountainbike_Fahrrad_endmontiert,Mountainbike_Fahrrad_endmontiert,20
1597,29,1,E-Bike_Schaltauge_bearbeitet,E-Bike_Schaltauge_bearbeitet,28
1597,30,1,E-Bike_Hinterbau_vorbereitet,E-Bike_Hinterbau_vorbereitet,20
1597,31,0,Mountainbike_Hauptrahmen_zugeschnitten,Mountainbike_Hauptrahmen_zugeschnitten,53
1597,32,0,E-Bike_Rahmen_nachbearbeitet,E-Bike_Rahmen_nachbearbeitet,55
1597,33,1,Mountainbike_Steuerrohr_montiert,Mountainbike_Steuerrohr_montiert,26
1597,34,0,E-Bike_Bremsaufnahme_gebohrt,E-Bike_Bremsaufnahme_gebohrt,40
1597,35,0,Mountainbike_Hinterbau_vorbereitet,Mountainbike_Hinterbau_vorbereitet,53
1597,36,1,Citybike_Rahmen_lackiert,Citybike_Rahmen_lackiert,15
1597,37,2,Mountainbike_Rahmen_lackiert,Mountainbike_Rahmen_lackiert,12
1597,38,1,Racebike_Bremsaufnahme_gebohrt,Racebike_Bremsaufnahme_gebohrt,15
1597,39,1,Citybike_Rahmen_nachbearbeitet,Citybike_Rahmen_nachbearbeitet,25
1597,40,1,Citybike_Hinterbau_vorbereitet,Citybike_Hinterbau_vorbereitet,20
1597,41,1,Citybike_Tretlager_gefraest,Citybike_Tretlager_gefraest,20
1597,42,0,Mountainbike_Tretlager_gefraest,Mountainbike_Tretlager_gefraest,40
1597,43,1,Racebike_Laufraeder_montiert,Racebike_Laufraeder_montiert,15
1597,44,2,Mountainbike_Laufraeder_montiert,Mountainbike_Laufraeder_montiert,15
1597,45,2,Mountainbike_Bremsen_justiert,Mountainbike_Bremsen_justiert,15
1597,46,2,E-Bike_Rahmen_komplettiert,E-Bike_Rahmen_komplettiert,24
1597,47,1,E-Bike_Tretlageraufnahme_geschweisst,E-Bike_Tretlageraufnahme_geschweisst,28
1597,48,2,Mountainbike_Tretlageraufnahme_geschweisst,Mountainbike_Tretlageraufnahme_geschweisst,24
1597,49,1,E-Bike_Tretlager_gefraest,E-Bike_Tretlager_gefraest,20
1597,50,0,E-Bike_Tretlager_gefraest,E-Bike_Tretlager_gefraest,55
1597,51,0,Citybike_Rahmen_nachbearbeitet,Citybike_Rahmen_nachbearbeitet,54
1597,52,2,Racebike_Rahmen_komplettiert,Racebike_Rahmen_komplettiert,16
1597,53,2,Mountainbike_Steuerrohr_ausgerieben,Mountainbike_Steuerrohr_ausgerieben,13
1597,54,0,Racebike_Bremsen_justiert,Racebike_Bremsen_justiert,42
1597,55,0,Racebike_Hinterbau_vorbereitet,Racebike_Hinterbau_vorbereitet,40
1597,56,1,Racebike_Hinterbau_vorbereitet,Racebike_Hinterbau_vorbereitet,26
1597,57,1,E-Bike_Bremsen_justiert,E-Bike_Bremsen_justiert,28
1597,58,1,E-Bike_Laufraeder_montiert,E-Bike_Laufraeder_montiert,20
1597,59,1,Racebike_Rahmen_lackiert,Racebike_Rahmen_lackiert,26
1597,60,2,Racebike_Rahmen_nachbearbeitet,Racebike_Rahmen_nachbearbeitet,16
1597,61,2,Citybike_Hauptrahmen_zugeschnitten,Citybike_Hauptrahmen_zugeschnitten,18
1597,62,0,Citybike_Rahmen_lackiert,Citybike_Rahmen_lackiert,43
1597,63,0,Racebike_Fahrrad_endmontiert,Racebike_Fahrrad_endmontiert,42
1597,64,0,E-Bike_Hinterbau_vorbereitet,E-Bike_Hinterbau_vorbereitet,47
1597,65,0,Racebike_Tretlager_gefraest,Racebike_Tretlager_gefraest,47
1597,66,2,E-Bike_Bremsaufnahme_gebohrt,E-Bike_Bremsaufnahme_gebohrt,24
1597,67,1,Racebike_Steuerrohr_ausgerieben,Racebike_Steuerrohr_ausgerieben,20
1597,68,2,Mountainbike_Antrieb_installiert,Mountainbike_Antrieb_installiert,24
1597,69,0,Mountainbike_Steuerrohr_montiert,Mountainbike_Steuerrohr_montiert,38
1597,70,0,Racebike_Antrieb_installiert,Racebike_Antrieb_installiert,35
1597,71,0,Mountainbike_Tretlageraufnahme_geschweisst,Mountainbike_Tretlageraufnahme_geschweisst,38
1597,72,0,E-Bike_Bremsen_justiert,E-Bike_Bremsen_justiert,55
1597,73,1,Mountainbike_Fahrrad_endmontiert,Mountainbike_Fahrrad_endmontiert,25
1597,74,1,Racebike_Rahmen_nachbearbeitet,Racebike_Rahmen_nachbearbeitet,24
1597,75,1,Racebike_Bremsaufnahme_gebohrt,Racebike_Bremsaufnahme_gebohrt,20
1597,76,1,Racebike_Tretlageraufnahme_geschweisst,Racebike_Tretlageraufnahme_geschweisst,20
1597,77,1,Citybike_Bremsen_justiert,Citybike_Bremsen_justiert,25
1597,78,1,E-Bike_Hauptrahmen_zugeschnitten,E-Bike_Hauptrahmen_zugeschnitten,27
1597,79,2,Racebike_Rahmen_komplettiert,Racebike_Rahmen_komplettiert,16
1597,80,2,Citybike_Schaltauge_bearbeitet,Citybike_Schaltauge_bearbeitet,18
1597,81,0,Citybike_Hauptrahmen_zugeschnitten,Citybike_Hauptrahmen_zugeschnitten,54
1597,82,1,Mountainbike_Antrieb_installiert,Mountainbike_Antrieb_installiert,26
1597,83,0,Racebike_Rahmen_komplettiert,Racebike_Rahmen_komplettiert,42
1597,84,2,Racebike_Hinterbau_vorbereitet,Racebike_Hinterbau_vorbereitet,10
1597,85,2,Citybike_Steuerrohr_montiert,Citybike_Steuerrohr_montiert,18
1597,86,0,Racebike_Rahmen_lackiert,Racebike_Rahmen_lackiert,40
1597,87,1,Racebike_Tretlager_gefraest,Racebike_Tretlager_gefraest,24
1597,88,1,E-Bike_Hinterbau_vorbereitet,E-Bike_Hinterbau_vorbereitet,28
1597,89,0,Citybike_Fahrrad_endmontiert,Citybike_Fahrrad_endmontiert,43
1597,90,1,Racebike_Tretlageraufnahme_geschweisst,Racebike_Tretlageraufnahme_geschweisst,26
1597,91,1,Racebike_Steuerrohr_ausgerieben,Racebike_Steuerrohr_ausgerieben,20
1597,92,0,E-Bike_Fahrrad_endmontiert,E-Bike_Fahrrad_endmontiert,43
1597,93,1,Mountainbike_Bremsaufnahme_gebohrt,Mountainbike_Bremsaufnahme_gebohrt,25
1597,94,0,Citybike_Rahmen_komplettiert,Citybike_Rahmen_komplettiert,54
1597,95,0,Racebike_Rahmen_lackiert,Racebike_Rahmen_lackiert,42
1597,96,0,Mountainbike_Hinterbau_vorbereitet,Mountainbike_Hinterbau_vorbereitet,38
1597,97,0,E-Bike_Antrieb_installiert,E-Bike_Antrieb_installiert,55
1597,98,2,Racebike_Hauptrahmen_zugeschnitten,Racebike_Hauptrahmen_zugeschnitten,10
1597,99,1,E-Bike_Hauptrahmen_zugeschnitten,E-Bike_Hauptrahmen_zugeschnitten,28
1597,100,0,Racebike_Steuerrohr_montiert,Racebike_Steuerrohr_montiert,47
1597,101,1,E-Bike_Hinterbau_vorbereitet,E-Bike_Hinterbau_vorbereitet,20
1597,102,1,Citybike_Fahrrad_endmontiert,Citybike_Fahrrad_endmontiert,28
1597,103,2,E-Bike_Schaltauge_bearbeitet,E-Bike_Schaltauge_bearbeitet,25
1597,104,2,Mountainbike_Rahmen_nachbearbeitet,Mountainbike_Rahmen_nachbearbeitet,24
1597,105,1,E-Bike_Hinterbau_vorbereitet,E-Bike_Hinterbau_vorbereitet,27
1597,106,0,Racebike_Rahmen_komplettiert,Racebike_Rahmen_komplettiert,40
1597,107,1,Mountainbike_Rahmen_lackiert,Mountainbike_Rahmen_lackiert,26
1597,108,1,Racebike_Hauptrahmen_zugeschnitten,Racebike_Hauptrahmen_zugeschnitten,24
1597,109,0,Mountainbike_Steuerrohr_montiert,Mountainbike_Steuerrohr_montiert,38
1597,110,2,E-Bike_Rahmen_nachbearbeitet,E-Bike_Rahmen_nachbearbeitet,24
1597,111,1,Racebike_Rahmen_nachbearbeitet,Racebike_Rahmen_nachbearbeitet,20
1597,112,0,Mountainbike_Hauptrahmen_zugeschnitten,Mountainbike_Hauptrahmen_zugeschnitten,40
1597,113,1,Mountainbike_Steuerrohr_ausgerieben,Mountainbike_Steuerrohr_ausgerieben,25
1597,114,1,Mountainbike_Fahrrad_endmontiert,Mountainbike_Fahrrad_endmontiert,20
1597,115,0,E-Bike_Rahmen_nachbearbeitet,E-Bike_Rahmen_nachbearbeitet,55
1597,116,1,Mountainbike_Bremsaufnahme_gebohrt,Mountainbike_Bremsaufnahme_gebohrt,20
1597,117,1,Mountainbike_Rahmen_nachbearbeitet,Mountainbike_Rahmen_nachbearbeitet,20
1597,118,2,E-Bike_Steuerrohr_montiert,E-Bike_Steuerrohr_montiert,15
1597,119,2,Racebike_Antrieb_installiert,Racebike_Antrieb_installiert,25
1597,120,0,Racebike_Bremsen_justiert,Racebike_Bremsen_justiert,47
1597,121,1,E-Bike_Rahmen_lackiert,E-Bike_Rahmen_lackiert,28
1597,122,1,Racebike_Schaltauge_bearbeitet,Racebike_Schaltauge_bearbeitet,26
1597,123,2,E-Bike_Rahmen_komplettiert,E-Bike_Rahmen_komplettiert,25
1598,3,0,E-Bike_Steuerrohr_ausgerieben,E-Bike_Steuerrohr_ausgerieben,55
1598,5,1,E-Bike_Schaltauge_bearbeitet,E-Bike_Schaltauge_bearbeitet,28
1598,6,0,Mountainbike_Tretlageraufnahme_geschweisst,Mountainbike_Tretlageraufnahme_geschweisst,53
1598,7,1,Mountainbike_Fahrrad_endmontiert,Mountainbike_Fahrrad_endmontiert,26
1598,8,1,Racebike_Bremsaufnahme_gebohrt,Racebike_Bremsaufnahme_gebohrt,24
1598,9,0,Citybike_Hinterbau_vorbereitet,Citybike_Hinterbau_vorbereitet,39
1598,10,1,Citybike_Bremsen_justiert,Citybike_Bremsen_justiert,25
1598,11,0,E-Bike_Tretlager_gefraest,E-Bike_Tretlager_gefraest,43
1598,12,1,E-Bike_Laufraeder_montiert,E-Bike_Laufraeder_montiert,27
1598,13,1,Racebike_Hinterbau_vorbereitet,Racebike_Hinterbau_vorbereitet,26
1598,14,0,Racebike_Hauptrahmen_zugeschnitten,Racebike_Hauptrahmen_zugeschnitten,47
1598,15,1,Citybike_Antrieb_installiert,Citybike_Antrieb_installiert,25
1598,16,1,Racebike_Laufraeder_montiert,Racebike_Laufraeder_montiert,15
1598,17,2,Racebike_Antrieb_installiert,Racebike_Antrieb_installiert,25
1598,18,2,Racebike_Rahmen_komplettiert,Racebike_Rahmen_komplettiert,15
1598,19,0,Racebike_Bremsen_justiert,Racebike_Bremsen_justiert,40
1598,20,0,Mountainbike_Bremsaufnahme_gebohrt,Mountainbike_Bremsaufnahme_gebohrt,38
1598,21,2,Citybike_Tretlageraufnahme_geschweisst,Citybike_Tretlageraufnahme_geschweisst,18
1598,22,1,Mountainbike_Rahmen_komplettiert,Mountainbike_Rahmen_komplettiert,25
1598,23,1,Mountainbike_Rahmen_komplettiert,Mountainbike_Rahmen_komplettiert,15
1598,24,1,Mountainbike_Steuerrohr_montiert,Mountainbike_Steuerrohr_montiert,20
1598,25,1,Racebike_Rahmen_nachbearbeitet,Racebike_Rahmen_nachbearbeitet,24
1598,26,1,E-Bike_Hinterbau_vorbereitet,E-Bike_Hinterbau_vorbereitet,28
1598,27,1,Mountainbike_Fahrrad_endmontiert,Mountainbike_Fahrrad_endmontiert,26
1598,28,0,Mountainbike_Rahmen_nachbearbeitet,Mountainbike_Rahmen_nachbearbeitet,40
1598,29,1,Mountainbike_Hauptrahmen_zugeschnitten,Mountainbike_Hauptrahmen_zugeschnitten,20
1598,30,1,Citybike_Rahmen_lackiert,Citybike_Rahmen_lackiert,15
1598,31,1,Racebike_Rahmen_lackiert,Racebike_Rahmen_lackiert,15
1598,32,1,Mountainbike_Steuerrohr_montiert,Mountainbike_Steuerrohr_montiert,25
1598,33,1,Racebike_Fahrrad_endmontiert,Racebike_Fahrrad_endmontiert,24
1598,34,1,Citybike_Tretlager_gefraest,Citybike_Tretlager_gefraest,25
1598,35,1,Mountainbike_Bremsaufnahme_gebohrt,Mountainbike_Bremsaufnahme_gebohrt,20
1598,36,1,E-Bike_Hauptrahmen_zugeschnitten,E-Bike_Hauptrahmen_zugeschnitten,28
1598,37,1,Citybike_Bremsen_justiert,Citybike_Bremsen_justiert,28
1598,38,2,Mountainbike_Tretlageraufnahme_geschweisst,Mountainbike_Tretlageraufnahme_geschweisst,12
1598,39,0,E-Bike_Rahmen_nachbearbeitet,E-Bike_Rahmen_nachbearbeitet,55
1598,40,0,Mountainbike_Hinterbau_vorbereitet,Mountainbike_Hinterbau_vorbereitet,53
1598,41,2,Mountainbike_Bremsen_justiert,Mountainbike_Bremsen_justiert,15
1598,42,2,Mountainbike_Bremsen_justiert,Mountainbike_Bremsen_justiert,10
1598,43,0,Racebike_Hinterbau_vorbereitet,Racebike_Hinterbau_vorbereitet,35
1598,44,2,E-Bike_Rahmen_komplettiert,E-Bike_Rahmen_komplettiert,24
1598,45,2,Mountainbike_Hinterbau_vorbereitet,Mountainbike_Hinterbau_vorbereitet,24
1598,46,0,Racebike_Tretlager_gefraest,Racebike_Tretlager_gefraest,40
1598,47,2,Mountainbike_Tretlageraufnahme_geschweisst,Mountainbike_Tretlageraufnahme_geschweisst,15
1598,48,0,Citybike_Hauptrahmen_zugeschnitten,Citybike_Hauptrahmen_zugeschnitten,43
1598,49,0,Mountainbike_Schaltauge_bearbeitet,Mountainbike_Schaltauge_bearbeitet,40
1598,50,1,E-Bike_Tretlageraufnahme_geschweisst,E-Bike_Tretlageraufnahme_geschweisst,27
1598,51,2,E-Bike_Tretlageraufnahme_geschweisst,E-Bike_Tretlageraufnahme_geschweisst,24
1598,52,2,Racebike_Hinterbau_vorbereitet,Racebike_Hinterbau_vorbereitet,25
1598,53,2,Mountainbike_Laufraeder_montiert,Mountainbike_Laufraeder_montiert,13
1598,54,2,Racebike_Rahmen_nachbearbeitet,Racebike_Rahmen_nachbearbeitet,16
1598,55,1,Racebike_Steuerrohr_ausgerieben,Racebike_Steuerrohr_ausgerieben,26
1598,56,1,Citybike_Hinterbau_vorbereitet,Citybike_Hinterbau_vorbereitet,25
1598,57,2,Mountainbike_Steuerrohr_ausgerieben,Mountainbike_Steuerrohr_ausgerieben,13
1598,58,0,Mountainbike_Hinterbau_vorbereitet,Mountainbike_Hinterbau_vorbereitet,40
1598,59,1,Racebike_Bremsaufnahme_gebohrt,Racebike_Bremsaufnahme_gebohrt,15
1598,60,0,Citybike_Rahmen_nachbearbeitet,Citybike_Rahmen_nachbearbeitet,39
1598,61,2,Racebike_Rahmen_komplettiert,Racebike_Rahmen_komplettiert,16
1598,62,0,E-Bike_Tretlager_gefraest,E-Bike_Tretlager_gefraest,43
1598,63,1,Racebike_Steuerrohr_ausgerieben,Racebike_Steuerrohr_ausgerieben,20
1598,64,2,Citybike_Steuerrohr_montiert,Citybike_Steuerrohr_montiert,18
1598,65,2,Mountainbike_Rahmen_lackiert,Mountainbike_Rahmen_lackiert,12
1598,66,0,E-Bike_Bremsaufnahme_gebohrt,E-Bike_Bremsaufnahme_gebohrt,40
1598,67,2,Citybike_Hauptrahmen_zugeschnitten,Citybike_Hauptrahmen_zugeschnitten,18
1598,68,1,E-Bike_Hinterbau_vorbereitet,E-Bike_Hinterbau_vorbereitet,28
1598,69,0,Racebike_Rahmen_lackiert,Racebike_Rahmen_lackiert,47
1598,70,1,E-Bike_Bremsen_justiert,E-Bike_Bremsen_justiert,20
1598,71,0,Mountainbike_Tretlager_gefraest,Mountainbike_Tretlager_gefraest,38
1598,72,0,Racebike_Fahrrad_endmontiert,Racebike_Fahrrad_endmontiert,35
1598,73,0,Mountainbike_Hauptrahmen_zugeschnitten,Mountainbike_Hauptrahmen_zugeschnitten,38
1598,74,1,Mountainbike_Antrieb_installiert,Mountainbike_Antrieb_installiert,26
1598,75,0,Racebike_Antrieb_installiert,Racebike_Antrieb_installiert,35
1598,76,1,Mountainbike_Rahmen_lackiert,Mountainbike_Rahmen_lackiert,20
1598,77,1,E-Bike_Hinterbau_vorbereitet,E-Bike_Hinterbau_vorbereitet,28
1598,78,0,E-Bike_Antrieb_installiert,E-Bike_Antrieb_installiert,47
1598,79,0,Mountainbike_Tretlager_gefraest,Mountainbike_Tretlager_gefraest,53
1598,80,1,Citybike_Rahmen_nachbearbeitet,Citybike_Rahmen_nachbearbeitet,28
1598,81,1,Racebike_Tretlageraufnahme_geschweisst,Racebike_Tretlageraufnahme_geschweisst,15
1598,82,1,Racebike_Tretlager_gefraest,Racebike_Tretlager_gefraest,20
1598,83,1,Mountainbike_Fahrrad_endmontiert,Mountainbike_Fahrrad_endmontiert,25
1598,84,1,E-Bike_Tretlager_gefraest,E-Bike_Tretlager_gefraest,28
1598,85,1,Mountainbike_Bremsaufnahme_gebohrt,Mountainbike_Bremsaufnahme_gebohrt,26
1598,86,2,Mountainbike_Tretlageraufnahme_geschweisst,Mountainbike_Tretlageraufnahme_geschweisst,12
1598,87,2,E-Bike_Bremsaufnahme_gebohrt,E-Bike_Bremsaufnahme_gebohrt,24
1598,88,1,Mountainbike_Rahmen_lackiert,Mountainbike_Rahmen_lackiert,20
1598,89,0,E-Bike_Hinterbau_vorbereitet,E-Bike_Hinterbau_vorbereitet,55
1598,90,0,E-Bike_Bremsen_justiert,E-Bike_Bremsen_justiert,40
1598,91,2,Racebike_Hauptrahmen_zugeschnitten,Racebike_Hauptrahmen_zugeschnitten,25
1598,92,1,Citybike_Fahrrad_endmontiert,Citybike_Fahrrad_endmontiert,15
1598,93,1,Mountainbike_Rahmen_nachbearbeitet,Mountainbike_Rahmen_nachbearbeitet,20
1598,94,0,Racebike_Rahmen_lackiert,Racebike_Rahmen_lackiert,47
1598,95,1,Racebike_Tretlageraufnahme_geschweisst,Racebike_Tretlageraufnahme_geschweisst,24
1598,96,2,Mountainbike_Laufraeder_montiert,Mountainbike_Laufraeder_montiert,13
1598,97,2,Mountainbike_Antrieb_installiert,Mountainbike_Antrieb_installiert,15
1598,98,0,Racebike_Steuerrohr_montiert,Racebike_Steuerrohr_montiert,40
1598,99,0,Racebike_Rahmen_komplettiert,Racebike_Rahmen_komplettiert,40
1598,100,0,E-Bike_Fahrrad_endmontiert,E-Bike_Fahrrad_endmontiert,47
1598,101,1,Racebike_Hauptrahmen_zugeschnitten,Racebike_Hauptrahmen_zugeschnitten,20
1598,102,0,Racebike_Bremsen_justiert,Racebike_Bremsen_justiert,47
1598,103,0,Racebike_Rahmen_komplettiert,Racebike_Rahmen_komplettiert,40
1598,104,0,Mountainbike_Steuerrohr_montiert,Mountainbike_Steuerrohr_montiert,38
1598,105,0,Citybike_Rahmen_lackiert,Citybike_Rahmen_lackiert,39
1598,106,0,Mountainbike_Steuerrohr_montiert,Mountainbike_Steuerrohr_montiert,40
1598,107,2,Citybike_Schaltauge_bearbeitet,Citybike_Schaltauge_bearbeitet,18
1598,108,1,E-Bike_Hauptrahmen_zugeschnitten,E-Bike_Hauptrahmen_zugeschnitten,28
1598,109,2,Mountainbike_Rahmen_nachbearbeitet,Mountainbike_Rahmen_nachbearbeitet,12
1598,110,0,Citybike_Fahrrad_endmontiert,Citybike_Fahrrad_endmontiert,39
1598,111,0,E-Bike_Rahmen_nachbearbeitet,E-Bike_Rahmen_nachbearbeitet,43
1598,112,0,Mountainbike_Hauptrahmen_zugeschnitten,Mountainbike_Hauptrahmen_zugeschnitten,53
1598,113,0,Citybike_Rahmen_komplettiert,Citybike_Rahmen_komplettiert,39
1598,114,1,E-Bike_Hinterbau_vorbereitet,E-Bike_Hinterbau_vorbereitet,20
1598,115,1,Racebike_Rahmen_nachbearbeitet,Racebike_Rahmen_nachbearbeitet,26
1598,116,2,E-Bike_Schaltauge_bearbeitet,E-Bike_Schaltauge_bearbeitet,24
1598,117,2,E-Bike_Steuerrohr_montiert,E-Bike_Steuerrohr_montiert,15
1598,118,1,Mountainbike_Steuerrohr_ausgerieben,Mountainbike_Steuerrohr_ausgerieben,25
1598,119,1,E-Bike_Rahmen_lackiert,E-Bike_Rahmen_lackiert,28
1598,120,2,E-Bike_Rahmen_nachbearbeitet,E-Bike_Rahmen_nachbearbeitet,15
1598,121,2,E-Bike_Rahmen_komplettiert,E-Bike_Rahmen_komplettiert,15
1598,122,2,Racebike_Antrieb_installiert,Racebike_Antrieb_installiert,25
1598,123,1,Racebike_Schaltauge_bearbeitet,Racebike_Schaltauge_bearbeitet,26
1599,3,1,Citybike_Hinterbau_vorbereitet,Citybike_Hinterbau_vorbereitet,25
1599,4,1,Mountainbike_Tretlager_gefraest,Mountainbike_Tretlager_gefraest,20
1599,5,2,Mountainbike_Bremsen_justiert,Mountainbike_Bremsen_justiert,24
1599,7,1,E-Bike_Schaltauge_bearbeitet,E-Bike_Schaltauge_bearbeitet,28
1599,8,0,Mountainbike_Tretlageraufnahme_geschweisst,Mountainbike_Tretlageraufnahme_geschweisst,40
1599,9,0,Mountainbike_Rahmen_lackiert,Mountainbike_Rahmen_lackiert,40
1599,10,1,Racebike_Fahrrad_endmontiert,Racebike_Fahrrad_endmontiert,26
1599,11,1,Mountainbike_Fahrrad_endmontiert,Mountainbike_Fahrrad_endmontiert,25
1599,12,1,Citybike_Bremsen_justiert,Citybike_Bremsen_justiert,15
1599,13,0,E-Bike_Bremsaufnahme_gebohrt,E-Bike_Bremsaufnahme_gebohrt,55
1599,14,1,Citybike_Antrieb_installiert,Citybike_Antrieb_installiert,20
1599,15,2,E-Bike_Rahmen_komplettiert,E-Bike_Rahmen_komplettiert,24
1599,16,1,Mountainbike_Steuerrohr_montiert,Mountainbike_Steuerrohr_montiert,20
1599,17,2,Mountainbike_Hinterbau_vorbereitet,Mountainbike_Hinterbau_vorbereitet,24
1599,18,1,Citybike_Tretlager_gefraest,Citybike_Tretlager_gefraest,15
1599,19,0,Racebike_Hinterbau_vorbereitet,Racebike_Hinterbau_vorbereitet,47
1599,20,1,Racebike_Bremsaufnahme_gebohrt,Racebike_Bremsaufnahme_gebohrt,15
1599,21,0,Mountainbike_Bremsaufnahme_gebohrt,Mountainbike_Bremsaufnahme_gebohrt,38
1599,22,2,Racebike_Rahmen_nachbearbeitet,Racebike_Rahmen_nachbearbeitet,16
1599,23,2,Citybike_Tretlageraufnahme_geschweisst,Citybike_Tretlageraufnahme_geschweisst,18
1599,24,0,Racebike_Hauptrahmen_zugeschnitten,Racebike_Hauptrahmen_zugeschnitten,35
1599,25,2,Racebike_Antrieb_installiert,Racebike_Antrieb_installiert,10
1599,26,1,E-Bike_Bremsen_justiert,E-Bike_Bremsen_justiert,28
1599,27,1,Mountainbike_Rahmen_komplettiert,Mountainbike_Rahmen_komplettiert,26
1599,28,1,E-Bike_Hinterbau_vorbereitet,E-Bike_Hinterbau_vorbereitet,28
1599,29,0,E-Bike_Steuerrohr_ausgerieben,E-Bike_Steuerrohr_ausgerieben,47
1599,30,1,Citybike_Rahmen_lackiert,Citybike_Rahmen_lackiert,28
1599,31,1,Mountainbike_Hauptrahmen_zugeschnitten,Mountainbike_Hauptrahmen_zugeschnitten,20
1599,32,1,Mountainbike_Fahrrad_endmontiert,Mountainbike_Fahrrad_endmontiert,20
1599,33,0,Racebike_Antrieb_installiert,Racebike_Antrieb_installiert,47
1599,34,0,Mountainbike_Schaltauge_bearbeitet,Mountainbike_Schaltauge_bearbeitet,38
1599,35,1,Citybike_Rahmen_nachbearbeitet,Citybike_Rahmen_nachbearbeitet,15
1599,36,1,Mountainbike_Rahmen_komplettiert,Mountainbike_Rahmen_komplettiert,20
1599,37,2,Mountainbike_Tretlageraufnahme_geschweisst,Mountainbike_Tretlageraufnahme_geschweisst,13
1599,38,0,Racebike_Fahrrad_endmontiert,Racebike_Fahrrad_endmontiert,35
1599,39,0,E-Bike_Tretlager_gefraest,E-Bike_Tretlager_gefraest,47
1599,40,2,Mountainbike_Laufraeder_montiert,Mountainbike_Laufraeder_montiert,15
1599,41,1,Racebike_Bremsaufnahme_gebohrt,Racebike_Bremsaufnahme_gebohrt,24
1599,42,0,Mountainbike_Hauptrahmen_zugeschnitten,Mountainbike_Hauptrahmen_zugeschnitten,53
1599,43,1,Mountainbike_Steuerrohr_montiert,Mountainbike_Steuerrohr_montiert,25
1599,44,1,E-Bike_Hinterbau_vorbereitet,E-Bike_Hinterbau_vorbereitet,28
1599,45,2,E-Bike_Rahmen_komplettiert,E-Bike_Rahmen_komplettiert,24
1599,46,0,Mountainbike_Hinterbau_vorbereitet,Mountainbike_Hinterbau_vorbereitet,40
1599,47,2,Mountainbike_Tretlageraufnahme_geschweisst,Mountainbike_Tretlageraufnahme_geschweisst,24
1599,48,1,Mountainbike_Antrieb_installiert,Mountainbike_Antrieb_installiert,26
1599,49,2,Mountainbike_Bremsen_justiert,Mountainbike_Bremsen_justiert,15
1599,50,0,E-Bike_Rahmen_nachbearbeitet,E-Bike_Rahmen_nachbearbeitet,55
1599,51,2,Mountainbike_Steuerrohr_ausgerieben,Mountainbike_Steuerrohr_ausgerieben,15
1599,52,1,Racebike_Rahmen_nachbearbeitet,Racebike_Rahmen_nachbearbeitet,24
1599,53,1,Mountainbike_Fahrrad_endmontiert,Mountainbike_Fahrrad_endmontiert,25
1599,54,0,Mountainbike_Rahmen_nachbearbeitet,Mountainbike_Rahmen_nachbearbeitet,53
1599,55,1,Citybike_Bremsen_justiert,Citybike_Bremsen_justiert,15
1599,56,1,Racebike_Laufraeder_montiert,Racebike_Laufraeder_montiert,15
1599,57,0,Citybike_Hauptrahmen_zugeschnitten,Citybike_Hauptrahmen_zugeschnitten,39
1599,58,2,Mountainbike_Tretlageraufnahme_geschweisst,Mountainbike_Tretlageraufnahme_geschweisst,15
1599,59,1,E-Bike_Tretlageraufnahme_geschweisst,E-Bike_Tretlageraufnahme_geschweisst,28
1599,60,0,E-Bike_Hinterbau_vorbereitet,E-Bike_Hinterbau_vorbereitet,43
1599,61,0,E-Bike_Antrieb_installiert,E-Bike_Antrieb_installiert,40
1599,62,1,E-Bike_Laufraeder_montiert,E-Bike_Laufraeder_montiert,20
1599,63,1,E-Bike_Tretlager_gefraest,E-Bike_Tretlager_gefraest,20
1599,64,2,Racebike_Rahmen_komplettiert,Racebike_Rahmen_komplettiert,16
1599,65,2,Racebike_Rahmen_komplettiert,Racebike_Rahmen_komplettiert,10
1599,66,1,Mountainbike_Bremsaufnahme_gebohrt,Mountainbike_Bremsaufnahme_gebohrt,26
1599,67,0,E-Bike_Fahrrad_endmontiert,E-Bike_Fahrrad_endmontiert,40
1599,68,1,Racebike_Tretlageraufnahme_geschweisst,Racebike_Tretlageraufnahme_geschweisst,24
1599,69,0,Racebike_Bremsen_justiert,Racebike_Bremsen_justiert,47
1599,70,1,Racebike_Rahmen_lackiert,Racebike_Rahmen_lackiert,20
1599,71,1,E-Bike_Hinterbau_vorbereitet,E-Bike_Hinterbau_vorbereitet,28
1599,72,1,Mountainbike_Rahmen_lackiert,Mountainbike_Rahmen_lackiert,26
1599,73,0,Citybike_Rahmen_nachbearbeitet,Citybike_Rahmen_nachbearbeitet,43
1599,74,0,Mountainbike_Tretlager_gefraest,Mountainbike_Tretlager_gefraest,40
1599,75,1,Mountainbike_Bremsaufnahme_gebohrt,Mountainbike_Bremsaufnahme_gebohrt,20
1599,76,0,Mountainbike_Hinterbau_vorbereitet,Mountainbike_Hinterbau_vorbereitet,40
1599,77,1,Mountainbike_Rahmen_lackiert,Mountainbike_Rahmen_lackiert,20
1599,78,2,Citybike_Steuerrohr_montiert,Citybike_Steuerrohr_montiert,18
1599,79,2,Racebike_Hinterbau_vorbereitet,Racebike_Hinterbau_vorbereitet,10
1599,80,0,E-Bike_Tretlager_gefraest,E-Bike_Tretlager_gefraest,55
1599,81,2,Mountainbike_Rahmen_lackiert,Mountainbike_Rahmen_lackiert,13
1599,82,2,Mountainbike_Laufraeder_montiert,Mountainbike_Laufraeder_montiert,15
1599,83,2,Citybike_Hauptrahmen_zugeschnitten,Citybike_Hauptrahmen_zugeschnitten,18
1599,84,2,E-Bike_Bremsaufnahme_gebohrt,E-Bike_Bremsaufnahme_gebohrt,24
1599,85,1,Racebike_Steuerrohr_ausgerieben,Racebike_Steuerrohr_ausgerieben,24
1599,86,1,E-Bike_Hauptrahmen_zugeschnitten,E-Bike_Hauptrahmen_zugeschnitten,28
1599,87,2,Mountainbike_Antrieb_installiert,Mountainbike_Antrieb_installiert,24
1599,88,1,Citybike_Fahrrad_endmontiert,Citybike_Fahrrad_endmontiert,28
1599,89,0,Mountainbike_Steuerrohr_montiert,Mountainbike_Steuerrohr_montiert,53
1599,90,0,Racebike_Rahmen_lackiert,Racebike_Rahmen_lackiert,35
1599,91,0,E-Bike_Bremsen_justiert,E-Bike_Bremsen_justiert,47
1599,92,0,Racebike_Tretlager_gefraest,Racebike_Tretlager_gefraest,47
1599,93,1,Racebike_Steuerrohr_ausgerieben,Racebike_Steuerrohr_ausgerieben,15
1599,94,0,Racebike_Rahmen_komplettiert,Racebike_Rahmen_komplettiert,40
1599,95,1,Racebike_Tretlager_gefraest,Racebike_Tretlager_gefraest,20
1599,96,0,Mountainbike_Steuerrohr_montiert,Mountainbike_Steuerrohr_montiert,38
1599,97,1,Racebike_Tretlageraufnahme_geschweisst,Racebike_Tretlageraufnahme_geschweisst,20
1599,98,1,E-Bike_Hauptrahmen_zugeschnitten,E-Bike_Hauptrahmen_zugeschnitten,28
1599,99,1,Mountainbike_Rahmen_nachbearbeitet,Mountainbike_Rahmen_nachbearbeitet,26
1599,100,0,Citybike_Rahmen_lackiert,Citybike_Rahmen_lackiert,39
1599,101,0,Racebike_Rahmen_lackiert,Racebike_Rahmen_lackiert,42
1599,102,2,Racebike_Hauptrahmen_zugeschnitten,Racebike_Hauptrahmen_zugeschnitten,16
1599,103,0,Mountainbike_Tretlager_gefraest,Mountainbike_Tretlager_gefraest,38
1599,104,0,Racebike_Rahmen_komplettiert,Racebike_Rahmen_komplettiert,35
1599,105,0,Racebike_Steuerrohr_montiert,Racebike_Steuerrohr_montiert,40
1599,106,2,Citybike_Schaltauge_bearbeitet,Citybike_Schaltauge_bearbeitet,18
1599,107,2,Mountainbike_Rahmen_nachbearbeitet,Mountainbike_Rahmen_nachbearbeitet,12
1599,108,0,Racebike_Bremsen_justiert,Racebike_Bremsen_justiert,40
1599,109,1,Racebike_Hauptrahmen_zugeschnitten,Racebike_Hauptrahmen_zugeschnitten,24
1599,110,1,E-Bike_Hinterbau_vorbereitet,E-Bike_Hinterbau_vorbereitet,28
1599,111,0,Citybike_Fahrrad_endmontiert,Citybike_Fahrrad_endmontiert,43
1599,112,0,E-Bike_Rahmen_nachbearbeitet,E-Bike_Rahmen_nachbearbeitet,43
1599,113,0,Mountainbike_Hauptrahmen_zugeschnitten,Mountainbike_Hauptrahmen_zugeschnitten,53
1599,114,1,Mountainbike_Steuerrohr_ausgerieben,Mountainbike_Steuerrohr_ausgerieben,26
1599,115,1,Racebike_Rahmen_nachbearbeitet,Racebike_Rahmen_nachbearbeitet,24
1599,116,2,E-Bike_Steuerrohr_montiert,E-Bike_Steuerrohr_montiert,24
1599,117,1,E-Bike_Rahmen_lackiert,E-Bike_Rahmen_lackiert,28
1599,118,2,E-Bike_Rahmen_komplettiert,E-Bike_Rahmen_komplettiert,15
1599,119,2,E-Bike_Schaltauge_bearbeitet,E-Bike_Schaltauge_bearbeitet,15
1599,120,2,E-Bike_Rahmen_nachbearbeitet,E-Bike_Rahmen_nachbearbeitet,15
1599,121,2,Racebike_Antrieb_installiert,Racebike_Antrieb_installiert,25
1599,122,0,Citybike_Rahmen_komplettiert,Citybike_Rahmen_komplettiert,39
1599,123,1,Racebike_Schaltauge_bearbeitet,Racebike_Schaltauge_bearbeitet,26
1600,3,2,E-Bike_Tretlageraufnahme_geschweisst,E-Bike_Tretlageraufnahme_geschweisst,15
1600,4,1,Citybike_Hinterbau_vorbereitet,Citybike_Hinterbau_vorbereitet,15
1600,6,0,Mountainbike_Rahmen_lackiert,Mountainbike_Rahmen_lackiert,40
1600,7,0,Mountainbike_Tretlageraufnahme_geschweisst,Mountainbike_Tretlageraufnahme_geschweisst,40
1600,8,1,Racebike_Fahrrad_endmontiert,Racebike_Fahrrad_endmontiert,15
1600,9,0,E-Bike_Bremsaufnahme_gebohrt,E-Bike_Bremsaufnahme_gebohrt,55
1600,10,1,E-Bike_Bremsen_justiert,E-Bike_Bremsen_justiert,28
1600,11,0,E-Bike_Tretlager_gefraest,E-Bike_Tretlager_gefraest,40
1600,12,0,Mountainbike_Schaltauge_bearbeitet,Mountainbike_Schaltauge_bearbeitet,53
1600,13,1,Mountainbike_Steuerrohr_montiert,Mountainbike_Steuerrohr_montiert,26
1600,14,1,Racebike_Bremsaufnahme_gebohrt,Racebike_Bremsaufnahme_gebohrt,24
1600,15,1,Mountainbike_Antrieb_installiert,Mountainbike_Antrieb_installiert,25
1600,16,0,Mountainbike_Bremsaufnahme_gebohrt,Mountainbike_Bremsaufnahme_gebohrt,40
1600,17,1,Mountainbike_Fahrrad_endmontiert,Mountainbike_Fahrrad_endmontiert,20
1600,18,2,Mountainbike_Bremsen_justiert,Mountainbike_Bremsen_justiert,24
1600,19,1,Mountainbike_Rahmen_komplettiert,Mountainbike_Rahmen_komplettiert,20
1600,20,0,Citybike_Hinterbau_vorbereitet,Citybike_Hinterbau_vorbereitet,39
1600,21,1,E-Bike_Hinterbau_vorbereitet,E-Bike_Hinterbau_vorbereitet,28
1600,22,2,Racebike_Antrieb_installiert,Racebike_Antrieb_installiert,16
1600,23,0,E-Bike_Hinterbau_vorbereitet,E-Bike_Hinterbau_vorbereitet,43
1600,24,2,Mountainbike_Tretlageraufnahme_geschweisst,Mountainbike_Tretlageraufnahme_geschweisst,13
1600,25,0,Mountainbike_Hinterbau_vorbereitet,Mountainbike_Hinterbau_vorbereitet,53
1600,26,2,Mountainbike_Bremsen_justiert,Mountainbike_Bremsen_justiert,15
1600,27,2,Mountainbike_Steuerrohr_ausgerieben,Mountainbike_Steuerrohr_ausgerieben,15
1600,28,0,E-Bike_Steuerrohr_ausgerieben,E-Bike_Steuerrohr_ausgerieben,55
1600,29,0,E-Bike_Antrieb_installiert,E-Bike_Antrieb_installiert,40
1600,30,1,Racebike_Rahmen_nachbearbeitet,Racebike_Rahmen_nachbearbeitet,26
1600,31,2,Racebike_Hinterbau_vorbereitet,Racebike_Hinterbau_vorbereitet,16
1600,32,2,Mountainbike_Hinterbau_vorbereitet,Mountainbike_Hinterbau_vorbereitet,13
1600,33,1,Mountainbike_Hauptrahmen_zugeschnitten,Mountainbike_Hauptrahmen_zugeschnitten,25
1600,34,1,Mountainbike_Rahmen_komplettiert,Mountainbike_Rahmen_komplettiert,20
1600,35,2,Racebike_Rahmen_nachbearbeitet,Racebike_Rahmen_nachbearbeitet,16
1600,36,0,Mountainbike_Rahmen_nachbearbeitet,Mountainbike_Rahmen_nachbearbeitet,53
1600,37,1,Citybike_Bremsen_justiert,Citybike_Bremsen_justiert,15
1600,38,1,Mountainbike_Fahrrad_endmontiert,Mountainbike_Fahrrad_endmontiert,20
1600,39,1,Mountainbike_Bremsaufnahme_gebohrt,Mountainbike_Bremsaufnahme_gebohrt,20
1600,40,1,E-Bike_Hinterbau_vorbereitet,E-Bike_Hinterbau_vorbereitet,28
1600,41,0,E-Bike_Rahmen_nachbearbeitet,E-Bike_Rahmen_nachbearbeitet,55
1600,42,1,Citybike_Antrieb_installiert,Citybike_Antrieb_installiert,28
1600,43,0,E-Bike_Tretlager_gefraest,E-Bike_Tretlager_gefraest,40
1600,44,1,Mountainbike_Bremsaufnahme_gebohrt,Mountainbike_Bremsaufnahme_gebohrt,20
1600,45,2,Citybike_Tretlageraufnahme_geschweisst,Citybike_Tretlageraufnahme_geschweisst,18
1600,46,0,Racebike_Hinterbau_vorbereitet,Racebike_Hinterbau_vorbereitet,47
1600,47,2,Mountainbike_Laufraeder_montiert,Mountainbike_Laufraeder_montiert,12
1600,48,1,Mountainbike_Steuerrohr_montiert,Mountainbike_Steuerrohr_montiert,20
1600,49,2,E-Bike_Bremsaufnahme_gebohrt,E-Bike_Bremsaufnahme_gebohrt,24
1600,50,2,Mountainbike_Tretlageraufnahme_geschweisst,Mountainbike_Tretlageraufnahme_geschweisst,24
1600,51,0,Racebike_Rahmen_lackiert,Racebike_Rahmen_lackiert,40
1600,52,0,Mountainbike_Hauptrahmen_zugeschnitten,Mountainbike_Hauptrahmen_zugeschnitten,38
1600,53,0,E-Bike_Bremsen_justiert,E-Bike_Bremsen_justiert,55
1600,54,1,Racebike_Bremsaufnahme_gebohrt,Racebike_Bremsaufnahme_gebohrt,24
1600,55,0,Racebike_Hauptrahmen_zugeschnitten,Racebike_Hauptrahmen_zugeschnitten,47
1600,56,1,Racebike_Laufraeder_montiert,Racebike_Laufraeder_montiert,20
1600,57,2,Citybike_Hauptrahmen_zugeschnitten,Citybike_Hauptrahmen_zugeschnitten,18
1600,58,2,Mountainbike_Tretlageraufnahme_geschweisst,Mountainbike_Tretlageraufnahme_geschweisst,12
1600,59,1,Mountainbike_Fahrrad_endmontiert,Mountainbike_Fahrrad_endmontiert,25
1600,60,1,E-Bike_Schaltauge_bearbeitet,E-Bike_Schaltauge_bearbeitet,28
1600,61,1,Racebike_Tretlager_gefraest,Racebike_Tretlager_gefraest,26
1600,62,1,Citybike_Rahmen_lackiert,Citybike_Rahmen_lackiert,25
1600,63,1,Citybike_Rahmen_nachbearbeitet,Citybike_Rahmen_nachbearbeitet,20
1600,64,1,E-Bike_Hauptrahmen_zugeschnitten,E-Bike_Hauptrahmen_zugeschnitten,27
1600,65,1,E-Bike_Laufraeder_montiert,E-Bike_Laufraeder_montiert,20
1600,66,2,Racebike_Rahmen_komplettiert,Racebike_Rahmen_komplettiert,16
1600,67,0,Racebike_Antrieb_installiert,Racebike_Antrieb_installiert,40
1600,68,0,Citybike_Rahmen_lackiert,Citybike_Rahmen_lackiert,43
1600,69,1,Mountainbike_Rahmen_nachbearbeitet,Mountainbike_Rahmen_nachbearbeitet,26
1600,70,2,Racebike_Rahmen_komplettiert,Racebike_Rahmen_komplettiert,10
1600,71,1,Citybike_Tretlager_gefraest,Citybike_Tretlager_gefraest,15
1600,72,2,E-Bike_Rahmen_komplettiert,E-Bike_Rahmen_komplettiert,25
1600,73,1,Racebike_Steuerrohr_ausgerieben,Racebike_Steuerrohr_ausgerieben,15
1600,74,2,Mountainbike_Rahmen_lackiert,Mountainbike_Rahmen_lackiert,24
1600,75,0,Mountainbike_Hinterbau_vorbereitet,Mountainbike_Hinterbau_vorbereitet,40
1600,76,2,Racebike_Hauptrahmen_zugeschnitten,Racebike_Hauptrahmen_zugeschnitten,16
1600,77,2,Citybike_Schaltauge_bearbeitet,Citybike_Schaltauge_bearbeitet,18
1600,78,0,Racebike_Steuerrohr_montiert,Racebike_Steuerrohr_montiert,35
1600,79,0,Racebike_Bremsen_justiert,Racebike_Bremsen_justiert,40
1600,80,1,Mountainbike_Rahmen_lackiert,Mountainbike_Rahmen_lackiert,25
1600,81,1,Racebike_Rahmen_lackiert,Racebike_Rahmen_lackiert,24
1600,82,0,Mountainbike_Tretlager_gefraest,Mountainbike_Tretlager_gefraest,38
1600,83,1,E-Bike_Tretlageraufnahme_geschweisst,E-Bike_Tretlageraufnahme_geschweisst,28
1600,84,1,Racebike_Hinterbau_vorbereitet,Racebike_Hinterbau_vorbereitet,26
1600,85,0,Racebike_Fahrrad_endmontiert,Racebike_Fahrrad_endmontiert,35
1600,86,1,Racebike_Tretlageraufnahme_geschweisst,Racebike_Tretlageraufnahme_geschweisst,20
1600,87,1,Citybike_Bremsen_justiert,Citybike_Bremsen_justiert,25
1600,88,2,Mountainbike_Laufraeder_montiert,Mountainbike_Laufraeder_montiert,12
1600,89,0,Racebike_Rahmen_komplettiert,Racebike_Rahmen_komplettiert,40
1600,90,0,Racebike_Rahmen_lackiert,Racebike_Rahmen_lackiert,40
1600,91,0,Racebike_Tretlager_gefraest,Racebike_Tretlager_gefraest,40
1600,92,0,Citybike_Fahrrad_endmontiert,Citybike_Fahrrad_endmontiert,43
1600,93,1,Mountainbike_Rahmen_lackiert,Mountainbike_Rahmen_lackiert,20
1600,94,1,E-Bike_Tretlager_gefraest,E-Bike_Tretlager_gefraest,28
1600,95,0,Citybike_Rahmen_komplettiert,Citybike_Rahmen_komplettiert,40
1600,96,0,E-Bike_Fahrrad_endmontiert,E-Bike_Fahrrad_endmontiert,43
1600,97,1,Racebike_Tretlageraufnahme_geschweisst,Racebike_Tretlageraufnahme_geschweisst,26
1600,98,1,E-Bike_Hinterbau_vorbereitet,E-Bike_Hinterbau_vorbereitet,28
1600,99,0,Mountainbike_Steuerrohr_montiert,Mountainbike_Steuerrohr_montiert,53
1600,100,2,E-Bike_Schaltauge_bearbeitet,E-Bike_Schaltauge_bearbeitet,24
1600,101,0,Citybike_Hauptrahmen_zugeschnitten,Citybike_Hauptrahmen_zugeschnitten,39
1600,102,1,E-Bike_Hauptrahmen_zugeschnitten,E-Bike_Hauptrahmen_zugeschnitten,20
1600,103,0,Racebike_Bremsen_justiert,Racebike_Bremsen_justiert,42
1600,104,2,Mountainbike_Antrieb_installiert,Mountainbike_Antrieb_installiert,24
1600,105,2,E-Bike_Rahmen_nachbearbeitet,E-Bike_Rahmen_nachbearbeitet,24
1600,106,0,Racebike_Rahmen_komplettiert,Racebike_Rahmen_komplettiert,40
1600,107,1,Racebike_Steuerrohr_ausgerieben,Racebike_Steuerrohr_ausgerieben,26
1600,108,0,Mountainbike_Steuerrohr_montiert,Mountainbike_Steuerrohr_montiert,38
1600,109,2,Citybike_Steuerrohr_montiert,Citybike_Steuerrohr_montiert,15
1600,110,1,Citybike_Fahrrad_endmontiert,Citybike_Fahrrad_endmontiert,25
1600,111,0,Mountainbike_Tretlager_gefraest,Mountainbike_Tretlager_gefraest,40
1600,112,1,Racebike_Hauptrahmen_zugeschnitten,Racebike_Hauptrahmen_zugeschnitten,15
1600,113,1,Racebike_Rahmen_nachbearbeitet,Racebike_Rahmen_nachbearbeitet,20
1600,114,2,Racebike_Antrieb_installiert,Racebike_Antrieb_installiert,10
1600,115,2,Mountainbike_Rahmen_nachbearbeitet,Mountainbike_Rahmen_nachbearbeitet,13
1600,116,1,Racebike_Schaltauge_bearbeitet,Racebike_Schaltauge_bearbeitet,20
1600,117,0,Mountainbike_Hauptrahmen_zugeschnitten,Mountainbike_Hauptrahmen_zugeschnitten,40
1600,118,1,Mountainbike_Steuerrohr_ausgerieben,Mountainbike_Steuerrohr_ausgerieben,25
1600,119,1,E-Bike_Hinterbau_vorbereitet,E-Bike_Hinterbau_vorbereitet,28
1600,120,0,E-Bike_Rahmen_nachbearbeitet,E-Bike_Rahmen_nachbearbeitet,55
1600,121,2,E-Bike_Steuerrohr_montiert,E-Bike_Steuerrohr_montiert,24
1600,122,1,E-Bike_Rahmen_lackiert,E-Bike_Rahmen_lackiert,20
1600,123,2,E-Bike_Rahmen_komplettiert,E-Bike_Rahmen_komplettiert,15
1601,3,1,Citybike_Tretlager_gefraest,Citybike_Tretlager_gefraest,15
1601,4,0,E-Bike_Hinterbau_vorbereitet,E-Bike_Hinterbau_vorbereitet,47
1601,5,1,Racebike_Fahrrad_endmontiert,Racebike_Fahrrad_endmontiert,15
1601,7,2,Mountainbike_Bremsen_justiert,Mountainbike_Bremsen_justiert,24
1601,8,0,E-Bike_Bremsaufnahme_gebohrt,E-Bike_Bremsaufnahme_gebohrt,40
1601,9,2,E-Bike_Rahmen_komplettiert,E-Bike_Rahmen_komplettiert,24
1601,10,1,Mountainbike_Tretlager_gefraest,Mountainbike_Tretlager_gefraest,25
1601,11,1,Mountainbike_Rahmen_komplettiert,Mountainbike_Rahmen_komplettiert,20
1601,12,1,Mountainbike_Steuerrohr_montiert,Mountainbike_Steuerrohr_montiert,20
1601,13,1,E-Bike_Schaltauge_bearbeitet,E-Bike_Schaltauge_bearbeitet,28
1601,14,2,Mountainbike_Hinterbau_vorbereitet,Mountainbike_Hinterbau_vorbereitet,24
1601,15,2,E-Bike_Rahmen_komplettiert,E-Bike_Rahmen_komplettiert,24
1601,16,2,Mountainbike_Tretlageraufnahme_geschweisst,Mountainbike_Tretlageraufnahme_geschweisst,24
1601,17,1,Racebike_Bremsaufnahme_gebohrt,Racebike_Bremsaufnahme_gebohrt,26
1601,18,1,Racebike_Laufraeder_montiert,Racebike_Laufraeder_montiert,20
1601,19,0,Mountainbike_Hinterbau_vorbereitet,Mountainbike_Hinterbau_vorbereitet,53
1601,20,0,Citybike_Hinterbau_vorbereitet,Citybike_Hinterbau_vorbereitet,39
1601,21,0,E-Bike_Steuerrohr_ausgerieben,E-Bike_Steuerrohr_ausgerieben,43
1601,22,1,Citybike_Bremsen_justiert,Citybike_Bremsen_justiert,25
1601,23,2,Mountainbike_Bremsen_justiert,Mountainbike_Bremsen_justiert,15
1601,24,0,Mountainbike_Tretlageraufnahme_geschweisst,Mountainbike_Tretlageraufnahme_geschweisst,53
1601,25,0,Racebike_Hinterbau_vorbereitet,Racebike_Hinterbau_vorbereitet,35
1601,26,1,E-Bike_Tretlageraufnahme_geschweisst,E-Bike_Tretlageraufnahme_geschweisst,27
1601,27,2,Mountainbike_Rahmen_lackiert,Mountainbike_Rahmen_lackiert,15
1601,28,2,Racebike_Rahmen_nachbearbeitet,Racebike_Rahmen_nachbearbeitet,16
1601,29,1,Racebike_Hinterbau_vorbereitet,Racebike_Hinterbau_vorbereitet,26
1601,30,0,Racebike_Fahrrad_endmontiert,Racebike_Fahrrad_endmontiert,40
1601,31,0,Mountainbike_Rahmen_lackiert,Mountainbike_Rahmen_lackiert,38
1601,32,2,Racebike_Rahmen_komplettiert,Racebike_Rahmen_komplettiert,15
1601,33,2,Mountainbike_Steuerrohr_ausgerieben,Mountainbike_Steuerrohr_ausgerieben,13
1601,34,0,Racebike_Bremsen_justiert,Racebike_Bremsen_justiert,35
1601,35,1,E-Bike_Tretlager_gefraest,E-Bike_Tretlager_gefraest,28
1601,36,0,Mountainbike_Rahmen_nachbearbeitet,Mountainbike_Rahmen_nachbearbeitet,38
1601,37,0,Mountainbike_Schaltauge_bearbeitet,Mountainbike_Schaltauge_bearbeitet,40
1601,38,1,Citybike_Bremsen_justiert,Citybike_Bremsen_justiert,28
1601,39,1,Mountainbike_Antrieb_installiert,Mountainbike_Antrieb_installiert,20
1601,40,1,Racebike_Bremsaufnahme_gebohrt,Racebike_Bremsaufnahme_gebohrt,24
1601,41,2,Mountainbike_Laufraeder_montiert,Mountainbike_Laufraeder_montiert,15
1601,42,0,Mountainbike_Bremsaufnahme_gebohrt,Mountainbike_Bremsaufnahme_gebohrt,40
1601,43,1,Mountainbike_Fahrrad_endmontiert,Mountainbike_Fahrrad_endmontiert,25
1601,44,0,E-Bike_Bremsen_justiert,E-Bike_Bremsen_justiert,55
1601,45,1,E-Bike_Bremsen_justiert,E-Bike_Bremsen_justiert,28
1601,46,2,Mountainbike_Tretlageraufnahme_geschweisst,Mountainbike_Tretlageraufnahme_geschweisst,15
1601,47,0,Racebike_Antrieb_installiert,Racebike_Antrieb_installiert,47
1601,48,1,E-Bike_Hinterbau_vorbereitet,E-Bike_Hinterbau_vorbereitet,20
1601,49,1,Mountainbike_Bremsaufnahme_gebohrt,Mountainbike_Bremsaufnahme_gebohrt,26
1601,50,1,Mountainbike_Fahrrad_endmontiert,Mountainbike_Fahrrad_endmontiert,20
1601,51,1,Mountainbike_Rahmen_komplettiert,Mountainbike_Rahmen_komplettiert,20
1601,52,1,E-Bike_Hauptrahmen_zugeschnitten,E-Bike_Hauptrahmen_zugeschnitten,28
1601,53,0,E-Bike_Rahmen_nachbearbeitet,E-Bike_Rahmen_nachbearbeitet,47
1601,54,2,Racebike_Antrieb_installiert,Racebike_Antrieb_installiert,16
1601,55,1,Racebike_Tretlageraufnahme_geschweisst,Racebike_Tretlageraufnahme_geschweisst,26
1601,56,0,Citybike_Hauptrahmen_zugeschnitten,Citybike_Hauptrahmen_zugeschnitten,54
1601,57,0,Mountainbike_Hauptrahmen_zugeschnitten,Mountainbike_Hauptrahmen_zugeschnitten,40
1601,58,1,Citybike_Hinterbau_vorbereitet,Citybike_Hinterbau_vorbereitet,25
1601,59,0,Mountainbike_Hinterbau_vorbereitet,Mountainbike_Hinterbau_vorbereitet,40
1601,60,1,E-Bike_Hinterbau_vorbereitet,E-Bike_Hinterbau_vorbereitet,27
1601,61,1,Racebike_Rahmen_nachbearbeitet,Racebike_Rahmen_nachbearbeitet,26
1601,62,2,Mountainbike_Tretlageraufnahme_geschweisst,Mountainbike_Tretlageraufnahme_geschweisst,13
1601,63,1,Mountainbike_Bremsaufnahme_gebohrt,Mountainbike_Bremsaufnahme_gebohrt,25
1601,64,0,Mountainbike_Tretlager_gefraest,Mountainbike_Tretlager_gefraest,40
1601,65,1,Mountainbike_Rahmen_nachbearbeitet,Mountainbike_Rahmen_nachbearbeitet,20
1601,66,2,Racebike_Rahmen_komplettiert,Racebike_Rahmen_komplettiert,16
1601,67,1,Racebike_Rahmen_lackiert,Racebike_Rahmen_lackiert,24
1601,68,1,Racebike_Steuerrohr_ausgerieben,Racebike_Steuerrohr_ausgerieben,20
1601,69,1,Mountainbike_Rahmen_lackiert,Mountainbike_Rahmen_lackiert,25
1601,70,1,Mountainbike_Hauptrahmen_zugeschnitten,Mountainbike_Hauptrahmen_zugeschnitten,20
1601,71,0,Mountainbike_Steuerrohr_montiert,Mountainbike_Steuerrohr_montiert,40
1601,72,0,Racebike_Tretlager_gefraest,Racebike_Tretlager_gefraest,35
1601,73,0,Racebike_Rahmen_lackiert,Racebike_Rahmen_lackiert,40
1601,74,1,Citybike_Antrieb_installiert,Citybike_Antrieb_installiert,15
1601,75,2,Citybike_Tretlageraufnahme_geschweisst,Citybike_Tretlageraufnahme_geschweisst,18
1601,76,2,Racebike_Hauptrahmen_zugeschnitten,Racebike_Hauptrahmen_zugeschnitten,10
1601,77,0,E-Bike_Fahrrad_endmontiert,E-Bike_Fahrrad_endmontiert,47
1601,78,2,Mountainbike_Rahmen_nachbearbeitet,Mountainbike_Rahmen_nachbearbeitet,13
1601,79,0,Racebike_Rahmen_komplettiert,Racebike_Rahmen_komplettiert,47
1601,80,0,E-Bike_Tretlager_gefraest,E-Bike_Tretlager_gefraest,47
1601,81,0,E-Bike_Tretlager_gefraest,E-Bike_Tretlager_gefraest,25
1601,82,0,Mountainbike_Hauptrahmen_zugeschnitten,Mountainbike_Hauptrahmen_zugeschnitten,53
1601,83,1,Citybike_Rahmen_lackiert,Citybike_Rahmen_lackiert,20
1601,84,1,E-Bike_Laufraeder_montiert,E-Bike_Laufraeder_montiert,27
1601,85,1,Racebike_Steuerrohr_ausgerieben,Racebike_Steuerrohr_ausgerieben,26
1601,86,1,Mountainbike_Rahmen_lackiert,Mountainbike_Rahmen_lackiert,25
1601,87,1,Mountainbike_Steuerrohr_ausgerieben,Mountainbike_Steuerrohr_ausgerieben,20
1601,88,1,Mountainbike_Steuerrohr_montiert,Mountainbike_Steuerrohr_montiert,20
1601,89,1,Citybike_Rahmen_nachbearbeitet,Citybike_Rahmen_nachbearbeitet,15
1601,90,0,E-Bike_Antrieb_installiert,E-Bike_Antrieb_installiert,55
1601,91,1,E-Bike_Hinterbau_vorbereitet,E-Bike_Hinterbau_vorbereitet,27
1601,92,1,E-Bike_Hauptrahmen_zugeschnitten,E-Bike_Hauptrahmen_zugeschnitten,20
1601,93,2,E-Bike_Schaltauge_bearbeitet,E-Bike_Schaltauge_bearbeitet,24
1601,94,0,Racebike_Rahmen_komplettiert,Racebike_Rahmen_komplettiert,47
1601,95,2,Racebike_Hinterbau_vorbereitet,Racebike_Hinterbau_vorbereitet,25
1601,96,1,Racebike_Hauptrahmen_zugeschnitten,Racebike_Hauptrahmen_zugeschnitten,26
1601,97,2,E-Bike_Rahmen_nachbearbeitet,E-Bike_Rahmen_nachbearbeitet,25
1601,98,0,Mountainbike_Tretlager_gefraest,Mountainbike_Tretlager_gefraest,38
1601,99,2,Mountainbike_Laufraeder_montiert,Mountainbike_Laufraeder_montiert,24
1601,100,2,E-Bike_Bremsaufnahme_gebohrt,E-Bike_Bremsaufnahme_gebohrt,24
1601,101,1,E-Bike_Hinterbau_vorbereitet,E-Bike_Hinterbau_vorbereitet,28
1601,102,0,Racebike_Steuerrohr_montiert,Racebike_Steuerrohr_montiert,35
1601,103,0,Citybike_Rahmen_nachbearbeitet,Citybike_Rahmen_nachbearbeitet,43
1601,104,2,Citybike_Steuerrohr_montiert,Citybike_Steuerrohr_montiert,15
1601,105,0,Racebike_Rahmen_lackiert,Racebike_Rahmen_lackiert,42
1601,106,0,E-Bike_Rahmen_nachbearbeitet,E-Bike_Rahmen_nachbearbeitet,47
1601,107,0,Racebike_Bremsen_justiert,Racebike_Bremsen_justiert,47
1601,108,1,Citybike_Fahrrad_endmontiert,Citybike_Fahrrad_endmontiert,28
1601,109,2,Citybike_Hauptrahmen_zugeschnitten,Citybike_Hauptrahmen_zugeschnitten,15
1601,110,0,Citybike_Rahmen_lackiert,Citybike_Rahmen_lackiert,43
1601,111,2,Mountainbike_Antrieb_installiert,Mountainbike_Antrieb_installiert,12
1601,112,1,Racebike_Rahmen_nachbearbeitet,Racebike_Rahmen_nachbearbeitet,15
1601,113,0,Mountainbike_Steuerrohr_montiert,Mountainbike_Steuerrohr_montiert,40
1601,114,2,Citybike_Schaltauge_bearbeitet,Citybike_Schaltauge_bearbeitet,18
1601,115,2,E-Bike_Steuerrohr_montiert,E-Bike_Steuerrohr_montiert,24
1601,116,0,Citybike_Fahrrad_endmontiert,Citybike_Fahrrad_endmontiert,39
1601,117,0,Citybike_Rahmen_komplettiert,Citybike_Rahmen_komplettiert,40
1601,118,1,Racebike_Tretlager_gefraest,Racebike_Tretlager_gefraest,20
1601,119,1,E-Bike_Rahmen_lackiert,E-Bike_Rahmen_lackiert,28
1601,120,2,E-Bike_Rahmen_komplettiert,E-Bike_Rahmen_komplettiert,15
1601,121,1,Racebike_Tretlageraufnahme_geschweisst,Racebike_Tretlageraufnahme_geschweisst,26
1601,122,2,Racebike_Antrieb_installiert,Racebike_Antrieb_installiert,25
1601,123,1,Racebike_Schaltauge_bearbeitet,Racebike_Schaltauge_bearbeitet,20
1602,2,0,E-Bike_Tretlager_gefraest,E-Bike_Tretlager_gefraest,55
1602,5,1,Mountainbike_Tretlager_gefraest,Mountainbike_Tretlager_gefraest,26
1602,6,0,Mountainbike_Tretlageraufnahme_geschweisst,Mountainbike_Tretlageraufnahme_geschweisst,53
1602,7,1,Mountainbike_Fahrrad_endmontiert,Mountainbike_Fahrrad_endmontiert,20
1602,8,1,E-Bike_Laufraeder_montiert,E-Bike_Laufraeder_montiert,28
1602,9,1,E-Bike_Hauptrahmen_zugeschnitten,E-Bike_Hauptrahmen_zugeschnitten,20
1602,10,0,Mountainbike_Bremsaufnahme_gebohrt,Mountainbike_Bremsaufnahme_gebohrt,40
1602,11,1,Mountainbike_Bremsaufnahme_gebohrt,Mountainbike_Bremsaufnahme_gebohrt,26
1602,12,0,E-Bike_Bremsaufnahme_gebohrt,E-Bike_Bremsaufnahme_gebohrt,55
1602,13,0,Mountainbike_Schaltauge_bearbeitet,Mountainbike_Schaltauge_bearbeitet,53
1602,14,2,E-Bike_Rahmen_komplettiert,E-Bike_Rahmen_komplettiert,15
1602,15,0,Racebike_Hauptrahmen_zugeschnitten,Racebike_Hauptrahmen_zugeschnitten,35
1602,16,1,E-Bike_Tretlageraufnahme_geschweisst,E-Bike_Tretlageraufnahme_geschweisst,28
1602,17,2,E-Bike_Rahmen_komplettiert,E-Bike_Rahmen_komplettiert,10
1602,18,0,Citybike_Hinterbau_vorbereitet,Citybike_Hinterbau_vorbereitet,43
1602,19,1,E-Bike_Bremsen_justiert,E-Bike_Bremsen_justiert,20
1602,20,1,E-Bike_Tretlager_gefraest,E-Bike_Tretlager_gefraest,20
1602,21,1,Mountainbike_Steuerrohr_montiert,Mountainbike_Steuerrohr_montiert,26
1602,22,1,Mountainbike_Antrieb_installiert,Mountainbike_Antrieb_installiert,20
1602,23,1,Mountainbike_Rahmen_komplettiert,Mountainbike_Rahmen_komplettiert,20
1602,24,2,Mountainbike_Tretlageraufnahme_geschweisst,Mountainbike_Tretlageraufnahme_geschweisst,24
1602,25,0,Mountainbike_Hinterbau_vorbereitet,Mountainbike_Hinterbau_vorbereitet,40
1602,26,1,E-Bike_Hinterbau_vorbereitet,E-Bike_Hinterbau_vorbereitet,28
1602,27,1,Mountainbike_Rahmen_komplettiert,Mountainbike_Rahmen_komplettiert,26
1602,28,1,Racebike_Bremsaufnahme_gebohrt,Racebike_Bremsaufnahme_gebohrt,24
1602,29,1,Racebike_Hinterbau_vorbereitet,Racebike_Hinterbau_vorbereitet,20
1602,30,1,Mountainbike_Hauptrahmen_zugeschnitten,Mountainbike_Hauptrahmen_zugeschnitten,25
1602,31,1,Mountainbike_Steuerrohr_montiert,Mountainbike_Steuerrohr_montiert,20
1602,32,0,E-Bike_Steuerrohr_ausgerieben,E-Bike_Steuerrohr_ausgerieben,55
1602,33,0,Mountainbike_Hinterbau_vorbereitet,Mountainbike_Hinterbau_vorbereitet,53
1602,34,2,Racebike_Rahmen_nachbearbeitet,Racebike_Rahmen_nachbearbeitet,16
1602,35,2,Mountainbike_Bremsen_justiert,Mountainbike_Bremsen_justiert,13
1602,36,1,E-Bike_Hinterbau_vorbereitet,E-Bike_Hinterbau_vorbereitet,28
1602,37,1,Citybike_Hinterbau_vorbereitet,Citybike_Hinterbau_vorbereitet,28
1602,38,0,E-Bike_Antrieb_installiert,E-Bike_Antrieb_installiert,55
1602,39,0,Racebike_Antrieb_installiert,Racebike_Antrieb_installiert,47
1602,40,1,Mountainbike_Rahmen_lackiert,Mountainbike_Rahmen_lackiert,20
1602,41,0,Mountainbike_Steuerrohr_montiert,Mountainbike_Steuerrohr_montiert,38
1602,42,1,Citybike_Bremsen_justiert,Citybike_Bremsen_justiert,15
1602,43,0,Racebike_Fahrrad_endmontiert,Racebike_Fahrrad_endmontiert,35
1602,44,1,Racebike_Tretlageraufnahme_geschweisst,Racebike_Tretlageraufnahme_geschweisst,15
1602,45,2,Mountainbike_Hinterbau_vorbereitet,Mountainbike_Hinterbau_vorbereitet,15
1602,46,0,E-Bike_Hinterbau_vorbereitet,E-Bike_Hinterbau_vorbereitet,47
1602,47,0,E-Bike_Fahrrad_endmontiert,E-Bike_Fahrrad_endmontiert,40
1602,48,0,Mountainbike_Rahmen_nachbearbeitet,Mountainbike_Rahmen_nachbearbeitet,53
1602,49,1,Citybike_Antrieb_installiert,Citybike_Antrieb_installiert,25
1602,50,1,Racebike_Laufraeder_montiert,Racebike_Laufraeder_montiert,15
1602,51,1,E-Bike_Hinterbau_vorbereitet,E-Bike_Hinterbau_vorbereitet,28
1602,52,0,Citybike_Rahmen_nachbearbeitet,Citybike_Rahmen_nachbearbeitet,39
1602,53,2,Citybike_Hauptrahmen_zugeschnitten,Citybike_Hauptrahmen_zugeschnitten,18
1602,54,0,E-Bike_Bremsen_justiert,E-Bike_Bremsen_justiert,43
1602,55,2,Mountainbike_Bremsen_justiert,Mountainbike_Bremsen_justiert,12
1602,56,0,Racebike_Rahmen_komplettiert,Racebike_Rahmen_komplettiert,47
1602,57,0,E-Bike_Rahmen_nachbearbeitet,E-Bike_Rahmen_nachbearbeitet,47
1602,58,0,Citybike_Rahmen_lackiert,Citybike_Rahmen_lackiert,54
1602,59,1,E-Bike_Hauptrahmen_zugeschnitten,E-Bike_Hauptrahmen_zugeschnitten,20
1602,60,2,Mountainbike_Laufraeder_montiert,Mountainbike_Laufraeder_montiert,15
1602,61,0,E-Bike_Rahmen_nachbearbeitet,E-Bike_Rahmen_nachbearbeitet,43
1602,62,2,Mountainbike_Tretlageraufnahme_geschweisst,Mountainbike_Tretlageraufnahme_geschweisst,15
1602,63,2,Citybike_Tretlageraufnahme_geschweisst,Citybike_Tretlageraufnahme_geschweisst,18
1602,64,2,E-Bike_Schaltauge_bearbeitet,E-Bike_Schaltauge_bearbeitet,24
1602,65,2,E-Bike_Steuerrohr_montiert,E-Bike_Steuerrohr_montiert,15
1602,66,1,Mountainbike_Fahrrad_endmontiert,Mountainbike_Fahrrad_endmontiert,26
1602,67,1,Mountainbike_Fahrrad_endmontiert,Mountainbike_Fahrrad_endmontiert,15
1602,68,1,Racebike_Fahrrad_endmontiert,Racebike_Fahrrad_endmontiert,24
1602,69,0,E-Bike_Tretlager_gefraest,E-Bike_Tretlager_gefraest,40
1602,70,2,Racebike_Antrieb_installiert,Racebike_Antrieb_installiert,25
1602,71,1,Racebike_Rahmen_nachbearbeitet,Racebike_Rahmen_nachbearbeitet,20
1602,72,2,Mountainbike_Steuerrohr_ausgerieben,Mountainbike_Steuerrohr_ausgerieben,13
1602,73,2,Racebike_Hinterbau_vorbereitet,Racebike_Hinterbau_vorbereitet,16
1602,74,1,Citybike_Rahmen_lackiert,Citybike_Rahmen_lackiert,25
1602,75,2,E-Bike_Rahmen_nachbearbeitet,E-Bike_Rahmen_nachbearbeitet,25
1602,76,2,Citybike_Schaltauge_bearbeitet,Citybike_Schaltauge_bearbeitet,15
1602,77,0,Racebike_Hinterbau_vorbereitet,Racebike_Hinterbau_vorbereitet,47
1602,78,0,Racebike_Rahmen_lackiert,Racebike_Rahmen_lackiert,40
1602,79,0,Racebike_Rahmen_lackiert,Racebike_Rahmen_lackiert,25
1602,80,2,Racebike_Rahmen_komplettiert,Racebike_Rahmen_komplettiert,10
1602,81,1,Citybike_Rahmen_nachbearbeitet,Citybike_Rahmen_nachbearbeitet,20
1602,82,1,E-Bike_Hinterbau_vorbereitet,E-Bike_Hinterbau_vorbereitet,27
1602,83,0,Racebike_Rahmen_komplettiert,Racebike_Rahmen_komplettiert,40
1602,84,2,E-Bike_Bremsaufnahme_gebohrt,E-Bike_Bremsaufnahme_gebohrt,25
1602,85,1,Racebike_Hauptrahmen_zugeschnitten,Racebike_Hauptrahmen_zugeschnitten,26
1602,86,2,Mountainbike_Rahmen_lackiert,Mountainbike_Rahmen_lackiert,24
1602,87,0,Citybike_Fahrrad_endmontiert,Citybike_Fahrrad_endmontiert,43
1602,88,1,E-Bike_Rahmen_lackiert,E-Bike_Rahmen_lackiert,28
1602,89,1,Racebike_Rahmen_nachbearbeitet,Racebike_Rahmen_nachbearbeitet,26
1602,90,0,Mountainbike_Hauptrahmen_zugeschnitten,Mountainbike_Hauptrahmen_zugeschnitten,40
1602,91,1,Racebike_Tretlager_gefraest,Racebike_Tretlager_gefraest,20
1602,92,1,Mountainbike_Rahmen_lackiert,Mountainbike_Rahmen_lackiert,25
1602,93,1,Racebike_Tretlageraufnahme_geschweisst,Racebike_Tretlageraufnahme_geschweisst,24
1602,94,1,Mountainbike_Bremsaufnahme_gebohrt,Mountainbike_Bremsaufnahme_gebohrt,25
1602,95,2,Mountainbike_Tretlageraufnahme_geschweisst,Mountainbike_Tretlageraufnahme_geschweisst,15
1602,96,1,Mountainbike_Rahmen_nachbearbeitet,Mountainbike_Rahmen_nachbearbeitet,20
1602,97,0,Citybike_Rahmen_komplettiert,Citybike_Rahmen_komplettiert,39
1602,98,0,Mountainbike_Tretlager_gefraest,Mountainbike_Tretlager_gefraest,40
1602,99,2,Mountainbike_Laufraeder_montiert,Mountainbike_Laufraeder_montiert,15
1602,100,0,Mountainbike_Tretlager_gefraest,Mountainbike_Tretlager_gefraest,25
1602,101,2,Mountainbike_Antrieb_installiert,Mountainbike_Antrieb_installiert,15
1602,102,0,Racebike_Bremsen_justiert,Racebike_Bremsen_justiert,35
1602,103,1,Citybike_Tretlager_gefraest,Citybike_Tretlager_gefraest,15
1602,104,2,E-Bike_Rahmen_komplettiert,E-Bike_Rahmen_komplettiert,24
1602,105,1,Citybike_Bremsen_justiert,Citybike_Bremsen_justiert,20
1602,106,0,Mountainbike_Steuerrohr_montiert,Mountainbike_Steuerrohr_montiert,38
1602,107,0,Citybike_Hauptrahmen_zugeschnitten,Citybike_Hauptrahmen_zugeschnitten,39
1602,108,2,Mountainbike_Rahmen_nachbearbeitet,Mountainbike_Rahmen_nachbearbeitet,24
1602,109,2,Citybike_Steuerrohr_montiert,Citybike_Steuerrohr_montiert,18
1602,110,1,Racebike_Bremsaufnahme_gebohrt,Racebike_Bremsaufnahme_gebohrt,15
1602,111,2,Racebike_Rahmen_komplettiert,Racebike_Rahmen_komplettiert,10
1602,112,1,Racebike_Rahmen_lackiert,Racebike_Rahmen_lackiert,20
1602,113,1,Racebike_Steuerrohr_ausgerieben,Racebike_Steuerrohr_ausgerieben,20
1602,114,2,Racebike_Hauptrahmen_zugeschnitten,Racebike_Hauptrahmen_zugeschnitten,15
1602,115,0,Mountainbike_Hauptrahmen_zugeschnitten,Mountainbike_Hauptrahmen_zugeschnitten,40
1602,116,2,Racebike_Antrieb_installiert,Racebike_Antrieb_installiert,15
1602,117,1,Citybike_Fahrrad_endmontiert,Citybike_Fahrrad_endmontiert,25
1602,118,1,Mountainbike_Steuerrohr_ausgerieben,Mountainbike_Steuerrohr_ausgerieben,20
1602,119,0,Racebike_Tretlager_gefraest,Racebike_Tretlager_gefraest,35
1602,120,1,Racebike_Steuerrohr_ausgerieben,Racebike_Steuerrohr_ausgerieben,24
1602,121,0,Racebike_Steuerrohr_montiert,Racebike_Steuerrohr_montiert,40
1602,122,0,Racebike_Bremsen_justiert,Racebike_Bremsen_justiert,40
1602,123,1,Racebike_Schaltauge_bearbeitet,Racebike_Schaltauge_bearbeitet,20
1603,3,2,Racebike_Antrieb_installiert,Racebike_Antrieb_installiert,16
1603,4,1,Mountainbike_Tretlager_gefraest,Mountainbike_Tretlager_gefraest,20
1603,5,1,Racebike_Hinterbau_vorbereitet,Racebike_Hinterbau_vorbereitet,24
1603,6,2,E-Bike_Tretlageraufnahme_geschweisst,E-Bike_Tretlageraufnahme_geschweisst,25
1603,8,2,E-Bike_Rahmen_komplettiert,E-Bike_Rahmen_komplettiert,15
1603,9,1,Citybike_Tretlager_gefraest,Citybike_Tretlager_gefraest,25
1603,10,1,Racebike_Fahrrad_endmontiert,Racebike_Fahrrad_endmontiert,15
1603,11,2,Mountainbike_Hinterbau_vorbereitet,Mountainbike_Hinterbau_vorbereitet,24
1603,12,1,Mountainbike_Steuerrohr_montiert,Mountainbike_Steuerrohr_montiert,25
1603,13,1,E-Bike_Schaltauge_bearbeitet,E-Bike_Schaltauge_bearbeitet,28
1603,14,0,E-Bike_Steuerrohr_ausgerieben,E-Bike_Steuerrohr_ausgerieben,43
1603,15,0,Mountainbike_Schaltauge_bearbeitet,Mountainbike_Schaltauge_bearbeitet,53
1603,16,1,Racebike_Bremsaufnahme_gebohrt,Racebike_Bremsaufnahme_gebohrt,26
1603,17,0,E-Bike_Bremsaufnahme_gebohrt,E-Bike_Bremsaufnahme_gebohrt,55
1603,18,0,Mountainbike_Rahmen_lackiert,Mountainbike_Rahmen_lackiert,53
1603,19,2,Mountainbike_Laufraeder_montiert,Mountainbike_Laufraeder_montiert,15
1603,20,1,Citybike_Bremsen_justiert,Citybike_Bremsen_justiert,25
1603,21,1,E-Bike_Hinterbau_vorbereitet,E-Bike_Hinterbau_vorbereitet,27
1603,22,0,Mountainbike_Hauptrahmen_zugeschnitten,Mountainbike_Hauptrahmen_zugeschnitten,40
1603,23,0,Mountainbike_Bremsaufnahme_gebohrt,Mountainbike_Bremsaufnahme_gebohrt,40
1603,24,1,Citybike_Bremsen_justiert,Citybike_Bremsen_justiert,28
1603,25,1,Mountainbike_Rahmen_komplettiert,Mountainbike_Rahmen_komplettiert,20
1603,26,0,E-Bike_Tretlager_gefraest,E-Bike_Tretlager_gefraest,55
1603,27,2,Racebike_Rahmen_nachbearbeitet,Racebike_Rahmen_nachbearbeitet,16
1603,28,0,Citybike_Hauptrahmen_zugeschnitten,Citybike_Hauptrahmen_zugeschnitten,54
1603,29,1,E-Bike_Bremsen_justiert,E-Bike_Bremsen_justiert,28
1603,30,1,Citybike_Antrieb_installiert,Citybike_Antrieb_installiert,28
1603,31,0,Racebike_Antrieb_installiert,Racebike_Antrieb_installiert,42
1603,32,1,E-Bike_Laufraeder_montiert,E-Bike_Laufraeder_montiert,27
1603,33,0,E-Bike_Hinterbau_vorbereitet,E-Bike_Hinterbau_vorbereitet,47
1603,34,1,Mountainbike_Hauptrahmen_zugeschnitten,Mountainbike_Hauptrahmen_zugeschnitten,26
1603,35,0,Racebike_Hauptrahmen_zugeschnitten,Racebike_Hauptrahmen_zugeschnitten,47
1603,36,1,Racebike_Tretlageraufnahme_geschweisst,Racebike_Tretlageraufnahme_geschweisst,24
1603,37,2,Citybike_Tretlageraufnahme_geschweisst,Citybike_Tretlageraufnahme_geschweisst,18
1603,38,1,Mountainbike_Antrieb_installiert,Mountainbike_Antrieb_installiert,25
1603,39,1,Citybike_Rahmen_lackiert,Citybike_Rahmen_lackiert,15
1603,40,2,Mountainbike_Tretlageraufnahme_geschweisst,Mountainbike_Tretlageraufnahme_geschweisst,12
1603,41,2,E-Bike_Rahmen_komplettiert,E-Bike_Rahmen_komplettiert,24
1603,42,2,Citybike_Steuerrohr_montiert,Citybike_Steuerrohr_montiert,15
1603,43,0,Mountainbike_Hinterbau_vorbereitet,Mountainbike_Hinterbau_vorbereitet,38
1603,44,1,E-Bike_Hinterbau_vorbereitet,E-Bike_Hinterbau_vorbereitet,27
1603,45,0,E-Bike_Antrieb_installiert,E-Bike_Antrieb_installiert,55
1603,46,1,Racebike_Rahmen_nachbearbeitet,Racebike_Rahmen_nachbearbeitet,26
1603,47,1,Citybike_Hinterbau_vorbereitet,Citybike_Hinterbau_vorbereitet,25
1603,48,2,Mountainbike_Tretlageraufnahme_geschweisst,Mountainbike_Tretlageraufnahme_geschweisst,12
1603,49,0,E-Bike_Rahmen_nachbearbeitet,E-Bike_Rahmen_nachbearbeitet,40
1603,50,1,Mountainbike_Fahrrad_endmontiert,Mountainbike_Fahrrad_endmontiert,20
1603,51,1,E-Bike_Hauptrahmen_zugeschnitten,E-Bike_Hauptrahmen_zugeschnitten,28
1603,52,1,Mountainbike_Steuerrohr_montiert,Mountainbike_Steuerrohr_montiert,26
1603,53,1,Racebike_Laufraeder_montiert,Racebike_Laufraeder_montiert,24
1603,54,0,E-Bike_Tretlager_gefraest,E-Bike_Tretlager_gefraest,40
1603,55,2,Mountainbike_Bremsen_justiert,Mountainbike_Bremsen_justiert,15
1603,56,1,Mountainbike_Bremsaufnahme_gebohrt,Mountainbike_Bremsaufnahme_gebohrt,25
1603,57,0,Mountainbike_Tretlageraufnahme_geschweisst,Mountainbike_Tretlageraufnahme_geschweisst,53
1603,58,0,Mountainbike_Rahmen_nachbearbeitet,Mountainbike_Rahmen_nachbearbeitet,40
1603,59,1,Mountainbike_Fahrrad_endmontiert,Mountainbike_Fahrrad_endmontiert,20
1603,60,0,Racebike_Rahmen_komplettiert,Racebike_Rahmen_komplettiert,35
1603,61,0,Racebike_Fahrrad_endmontiert,Racebike_Fahrrad_endmontiert,40
1603,62,1,Mountainbike_Rahmen_nachbearbeitet,Mountainbike_Rahmen_nachbearbeitet,20
1603,63,2,Mountainbike_Steuerrohr_ausgerieben,Mountainbike_Steuerrohr_ausgerieben,15
1603,64,1,Citybike_Rahmen_nachbearbeitet,Citybike_Rahmen_nachbearbeitet,15
1603,65,0,Racebike_Rahmen_lackiert,Racebike_Rahmen_lackiert,40
1603,66,0,E-Bike_Bremsen_justiert,E-Bike_Bremsen_justiert,47
1603,67,0,Citybike_Rahmen_nachbearbeitet,Citybike_Rahmen_nachbearbeitet,54
1603,68,1,Mountainbike_Fahrrad_endmontiert,Mountainbike_Fahrrad_endmontiert,20
1603,69,1,E-Bike_Hinterbau_vorbereitet,E-Bike_Hinterbau_vorbereitet,28
1603,70,1,E-Bike_Hauptrahmen_zugeschnitten,E-Bike_Hauptrahmen_zugeschnitten,20
1603,71,2,Citybike_Hauptrahmen_zugeschnitten,Citybike_Hauptrahmen_zugeschnitten,18
1603,72,2,Mountainbike_Rahmen_lackiert,Mountainbike_Rahmen_lackiert,12
1603,73,1,E-Bike_Tretlageraufnahme_geschweisst,E-Bike_Tretlageraufnahme_geschweisst,20
1603,74,1,Mountainbike_Bremsaufnahme_gebohrt,Mountainbike_Bremsaufnahme_gebohrt,26
1603,75,2,E-Bike_Bremsaufnahme_gebohrt,E-Bike_Bremsaufnahme_gebohrt,24
1603,76,0,Racebike_Rahmen_komplettiert,Racebike_Rahmen_komplettiert,42
1603,77,0,Mountainbike_Tretlager_gefraest,Mountainbike_Tretlager_gefraest,38
1603,78,2,Mountainbike_Tretlageraufnahme_geschweisst,Mountainbike_Tretlageraufnahme_geschweisst,24
1603,79,1,Racebike_Hauptrahmen_zugeschnitten,Racebike_Hauptrahmen_zugeschnitten,24
1603,80,2,Racebike_Rahmen_komplettiert,Racebike_Rahmen_komplettiert,16
1603,81,0,Racebike_Bremsen_justiert,Racebike_Bremsen_justiert,35
1603,82,1,Racebike_Rahmen_nachbearbeitet,Racebike_Rahmen_nachbearbeitet,20
1603,83,1,Citybike_Fahrrad_endmontiert,Citybike_Fahrrad_endmontiert,25
1603,84,2,Racebike_Antrieb_installiert,Racebike_Antrieb_installiert,15
1603,85,1,Mountainbike_Rahmen_lackiert,Mountainbike_Rahmen_lackiert,20
1603,86,0,Mountainbike_Tretlager_gefraest,Mountainbike_Tretlager_gefraest,38
1603,87,0,Mountainbike_Hinterbau_vorbereitet,Mountainbike_Hinterbau_vorbereitet,40
1603,88,1,Racebike_Rahmen_lackiert,Racebike_Rahmen_lackiert,24
1603,89,0,Racebike_Tretlager_gefraest,Racebike_Tretlager_gefraest,35
1603,90,1,Mountainbike_Rahmen_lackiert,Mountainbike_Rahmen_lackiert,25
1603,91,0,Racebike_Hinterbau_vorbereitet,Racebike_Hinterbau_vorbereitet,40
1603,92,2,Mountainbike_Laufraeder_montiert,Mountainbike_Laufraeder_montiert,13
1603,93,0,Mountainbike_Steuerrohr_montiert,Mountainbike_Steuerrohr_montiert,38
1603,94,0,E-Bike_Rahmen_nachbearbeitet,E-Bike_Rahmen_nachbearbeitet,55
1603,95,2,E-Bike_Steuerrohr_montiert,E-Bike_Steuerrohr_montiert,24
1603,96,1,Racebike_Schaltauge_bearbeitet,Racebike_Schaltauge_bearbeitet,24
1603,97,1,E-Bike_Tretlager_gefraest,E-Bike_Tretlager_gefraest,28
1603,98,1,Racebike_Steuerrohr_ausgerieben,Racebike_Steuerrohr_ausgerieben,26
1603,99,2,Mountainbike_Antrieb_installiert,Mountainbike_Antrieb_installiert,24
1603,100,2,Mountainbike_Rahmen_nachbearbeitet,Mountainbike_Rahmen_nachbearbeitet,15
1603,101,0,E-Bike_Fahrrad_endmontiert,E-Bike_Fahrrad_endmontiert,40
1603,102,0,Mountainbike_Hauptrahmen_zugeschnitten,Mountainbike_Hauptrahmen_zugeschnitten,53
1603,103,1,Mountainbike_Steuerrohr_ausgerieben,Mountainbike_Steuerrohr_ausgerieben,25
1603,104,0,Citybike_Rahmen_lackiert,Citybike_Rahmen_lackiert,39
1603,105,1,Racebike_Bremsaufnahme_gebohrt,Racebike_Bremsaufnahme_gebohrt,24
1603,106,1,E-Bike_Rahmen_lackiert,E-Bike_Rahmen_lackiert,28
1603,107,2,Citybike_Schaltauge_bearbeitet,Citybike_Schaltauge_bearbeitet,18
1603,108,0,Citybike_Fahrrad_endmontiert,Citybike_Fahrrad_endmontiert,40
1603,109,2,E-Bike_Rahmen_komplettiert,E-Bike_Rahmen_komplettiert,24
1603,110,0,Mountainbike_Steuerrohr_montiert,Mountainbike_Steuerrohr_montiert,40
1603,111,0,Citybike_Rahmen_komplettiert,Citybike_Rahmen_komplettiert,39
1603,112,1,E-Bike_Hinterbau_vorbereitet,E-Bike_Hinterbau_vorbereitet,20
1603,113,2,E-Bike_Schaltauge_bearbeitet,E-Bike_Schaltauge_bearbeitet,15
1603,114,2,E-Bike_Rahmen_nachbearbeitet,E-Bike_Rahmen_nachbearbeitet,15
1603,115,2,Racebike_Hinterbau_vorbereitet,Racebike_Hinterbau_vorbereitet,25
1603,116,2,Racebike_Rahmen_komplettiert,Racebike_Rahmen_komplettiert,15
1603,117,1,Racebike_Steuerrohr_ausgerieben,Racebike_Steuerrohr_ausgerieben,26
1603,118,0,Racebike_Rahmen_lackiert,Racebike_Rahmen_lackiert,42
1603,119,2,Racebike_Hauptrahmen_zugeschnitten,Racebike_Hauptrahmen_zugeschnitten,15
1603,120,1,Racebike_Tretlager_gefraest,Racebike_Tretlager_gefraest,20
1603,121,0,Racebike_Steuerrohr_montiert,Racebike_Steuerrohr_montiert,40
1603,122,1,Racebike_Tretlageraufnahme_geschweisst,Racebike_Tretlageraufnahme_geschweisst,20
1603,123,0,Racebike_Bremsen_justiert,Racebike_Bremsen_justiert,40
1604,3,0,Mountainbike_Rahmen_lackiert,Mountainbike_Rahmen_lackiert,40
1604,5,1,Citybike_Bremsen_justiert,Citybike_Bremsen_justiert,25
1604,6,1,Mountainbike_Fahrrad_endmontiert,Mountainbike_Fahrrad_endmontiert,20
1604,7,0,Mountainbike_Bremsaufnahme_gebohrt,Mountainbike_Bremsaufnahme_gebohrt,40
1604,8,1,Mountainbike_Rahmen_komplettiert,Mountainbike_Rahmen_komplettiert,20
1604,9,0,Mountainbike_Schaltauge_bearbeitet,Mountainbike_Schaltauge_bearbeitet,40
1604,10,2,E-Bike_Rahmen_komplettiert,E-Bike_Rahmen_komplettiert,25
1604,11,1,Citybike_Tretlager_gefraest,Citybike_Tretlager_gefraest,15
1604,12,0,E-Bike_Steuerrohr_ausgerieben,E-Bike_Steuerrohr_ausgerieben,55
1604,13,2,Mountainbike_Bremsen_justiert,Mountainbike_Bremsen_justiert,24
1604,14,2,Mountainbike_Rahmen_lackiert,Mountainbike_Rahmen_lackiert,15
1604,15,1,Mountainbike_Antrieb_installiert,Mountainbike_Antrieb_installiert,20
1604,16,1,Citybike_Hinterbau_vorbereitet,Citybike_Hinterbau_vorbereitet,15
1604,17,1,Citybike_Bremsen_justiert,Citybike_Bremsen_justiert,20
1604,18,1,Mountainbike_Hauptrahmen_zugeschnitten,Mountainbike_Hauptrahmen_zugeschnitten,20
1604,19,1,E-Bike_Schaltauge_bearbeitet,E-Bike_Schaltauge_bearbeitet,28
1604,20,1,Citybike_Antrieb_installiert,Citybike_Antrieb_installiert,28
1604,21,0,Racebike_Fahrrad_endmontiert,Racebike_Fahrrad_endmontiert,47
1604,22,1,Racebike_Rahmen_nachbearbeitet,Racebike_Rahmen_nachbearbeitet,15
1604,23,1,E-Bike_Hinterbau_vorbereitet,E-Bike_Hinterbau_vorbereitet,28
1604,24,0,Racebike_Rahmen_lackiert,Racebike_Rahmen_lackiert,40
1604,25,2,Citybike_Tretlageraufnahme_geschweisst,Citybike_Tretlageraufnahme_geschweisst,18
1604,26,0,Mountainbike_Tretlager_gefraest,Mountainbike_Tretlager_gefraest,38
1604,27,1,Mountainbike_Steuerrohr_montiert,Mountainbike_Steuerrohr_montiert,26
1604,28,2,E-Bike_Tretlageraufnahme_geschweisst,E-Bike_Tretlageraufnahme_geschweisst,24
1604,29,0,E-Bike_Tretlager_gefraest,E-Bike_Tretlager_gefraest,55
1604,30,0,E-Bike_Bremsaufnahme_gebohrt,E-Bike_Bremsaufnahme_gebohrt,40
1604,31,1,Citybike_Rahmen_lackiert,Citybike_Rahmen_lackiert,15
1604,32,0,Citybike_Rahmen_nachbearbeitet,Citybike_Rahmen_nachbearbeitet,54
1604,33,1,Racebike_Bremsaufnahme_gebohrt,Racebike_Bremsaufnahme_gebohrt,15
1604,34,0,E-Bike_Rahmen_nachbearbeitet,E-Bike_Rahmen_nachbearbeitet,43
1604,35,1,Citybike_Rahmen_nachbearbeitet,Citybike_Rahmen_nachbearbeitet,25
1604,36,2,Racebike_Hinterbau_vorbereitet,Racebike_Hinterbau_vorbereitet,25
1604,37,1,Mountainbike_Rahmen_komplettiert,Mountainbike_Rahmen_komplettiert,20
1604,38,0,Citybike_Hauptrahmen_zugeschnitten,Citybike_Hauptrahmen_zugeschnitten,54
1604,39,1,E-Bike_Bremsen_justiert,E-Bike_Bremsen_justiert,28
1604,40,0,Racebike_Rahmen_lackiert,Racebike_Rahmen_lackiert,42
1604,41,2,Citybike_Steuerrohr_montiert,Citybike_Steuerrohr_montiert,18
1604,42,2,E-Bike_Rahmen_komplettiert,E-Bike_Rahmen_komplettiert,24
1604,43,1,Racebike_Fahrrad_endmontiert,Racebike_Fahrrad_endmontiert,26
1604,44,1,Mountainbike_Tretlager_gefraest,Mountainbike_Tretlager_gefraest,25
1604,45,1,Mountainbike_Steuerrohr_montiert,Mountainbike_Steuerrohr_montiert,20
1604,46,2,Mountainbike_Tretlageraufnahme_geschweisst,Mountainbike_Tretlageraufnahme_geschweisst,24
1604,47,2,Citybike_Hauptrahmen_zugeschnitten,Citybike_Hauptrahmen_zugeschnitten,18
1604,48,1,Racebike_Tretlager_gefraest,Racebike_Tretlager_gefraest,24
1604,49,1,E-Bike_Laufraeder_montiert,E-Bike_Laufraeder_montiert,28
1604,50,2,Mountainbike_Hinterbau_vorbereitet,Mountainbike_Hinterbau_vorbereitet,12
1604,51,1,Citybike_Fahrrad_endmontiert,Citybike_Fahrrad_endmontiert,28
1604,52,1,E-Bike_Hinterbau_vorbereitet,E-Bike_Hinterbau_vorbereitet,27
1604,53,1,Racebike_Tretlageraufnahme_geschweisst,Racebike_Tretlageraufnahme_geschweisst,26
1604,54,1,E-Bike_Tretlageraufnahme_geschweisst,E-Bike_Tretlageraufnahme_geschweisst,28
1604,55,0,Racebike_Hinterbau_vorbereitet,Racebike_Hinterbau_vorbereitet,40
1604,56,0,Mountainbike_Rahmen_nachbearbeitet,Mountainbike_Rahmen_nachbearbeitet,38
1604,57,1,E-Bike_Tretlager_gefraest,E-Bike_Tretlager_gefraest,20
1604,58,0,E-Bike_Tretlager_gefraest,E-Bike_Tretlager_gefraest,55
1604,59,0,Mountainbike_Hinterbau_vorbereitet,Mountainbike_Hinterbau_vorbereitet,53
1604,60,0,E-Bike_Fahrrad_endmontiert,E-Bike_Fahrrad_endmontiert,55
1604,61,2,Mountainbike_Laufraeder_montiert,Mountainbike_Laufraeder_montiert,15
1604,62,0,E-Bike_Antrieb_installiert,E-Bike_Antrieb_installiert,40
1604,63,2,Mountainbike_Rahmen_nachbearbeitet,Mountainbike_Rahmen_nachbearbeitet,15
1604,64,1,E-Bike_Hauptrahmen_zugeschnitten,E-Bike_Hauptrahmen_zugeschnitten,20
1604,65,0,Mountainbike_Tretlageraufnahme_geschweisst,Mountainbike_Tretlageraufnahme_geschweisst,53
1604,66,0,Mountainbike_Hauptrahmen_zugeschnitten,Mountainbike_Hauptrahmen_zugeschnitten,40
1604,67,0,E-Bike_Hinterbau_vorbereitet,E-Bike_Hinterbau_vorbereitet,55
1604,68,2,Racebike_Rahmen_nachbearbeitet,Racebike_Rahmen_nachbearbeitet,16
1604,69,0,Mountainbike_Hauptrahmen_zugeschnitten,Mountainbike_Hauptrahmen_zugeschnitten,53
1604,70,2,Mountainbike_Bremsen_justiert,Mountainbike_Bremsen_justiert,13
1604,71,2,E-Bike_Bremsaufnahme_gebohrt,E-Bike_Bremsaufnahme_gebohrt,24
1604,72,2,Mountainbike_Steuerrohr_ausgerieben,Mountainbike_Steuerrohr_ausgerieben,24
1604,73,0,Racebike_Antrieb_installiert,Racebike_Antrieb_installiert,35
1604,74,1,Mountainbike_Fahrrad_endmontiert,Mountainbike_Fahrrad_endmontiert,26
1604,75,0,E-Bike_Bremsen_justiert,E-Bike_Bremsen_justiert,47
1604,76,0,Citybike_Rahmen_lackiert,Citybike_Rahmen_lackiert,54
1604,77,1,E-Bike_Hinterbau_vorbereitet,E-Bike_Hinterbau_vorbereitet,28
1604,78,2,Mountainbike_Tretlageraufnahme_geschweisst,Mountainbike_Tretlageraufnahme_geschweisst,15
1604,79,1,Mountainbike_Bremsaufnahme_gebohrt,Mountainbike_Bremsaufnahme_gebohrt,26
1604,80,1,Mountainbike_Rahmen_lackiert,Mountainbike_Rahmen_lackiert,20
1604,81,0,Mountainbike_Tretlager_gefraest,Mountainbike_Tretlager_gefraest,40
1604,82,1,E-Bike_Hauptrahmen_zugeschnitten,E-Bike_Hauptrahmen_zugeschnitten,28
1604,83,0,Racebike_Hauptrahmen_zugeschnitten,Racebike_Hauptrahmen_zugeschnitten,35
1604,84,0,Racebike_Rahmen_komplettiert,Racebike_Rahmen_komplettiert,40
1604,85,1,Racebike_Tretlageraufnahme_geschweisst,Racebike_Tretlageraufnahme_geschweisst,26
1604,86,0,Racebike_Rahmen_komplettiert,Racebike_Rahmen_komplettiert,25
1604,87,0,Mountainbike_Hinterbau_vorbereitet,Mountainbike_Hinterbau_vorbereitet,38
1604,88,1,Racebike_Bremsaufnahme_gebohrt,Racebike_Bremsaufnahme_gebohrt,20
1604,89,2,Mountainbike_Tretlageraufnahme_geschweisst,Mountainbike_Tretlageraufnahme_geschweisst,10
1604,90,1,Mountainbike_Steuerrohr_ausgerieben,Mountainbike_Steuerrohr_ausgerieben,25
1604,91,1,Racebike_Hauptrahmen_zugeschnitten,Racebike_Hauptrahmen_zugeschnitten,24
1604,92,0,E-Bike_Rahmen_nachbearbeitet,E-Bike_Rahmen_nachbearbeitet,55
1604,93,2,Citybike_Schaltauge_bearbeitet,Citybike_Schaltauge_bearbeitet,18
1604,94,1,Mountainbike_Rahmen_lackiert,Mountainbike_Rahmen_lackiert,25
1604,95,2,Racebike_Rahmen_komplettiert,Racebike_Rahmen_komplettiert,10
1604,96,1,Mountainbike_Fahrrad_endmontiert,Mountainbike_Fahrrad_endmontiert,20
1604,97,1,E-Bike_Hinterbau_vorbereitet,E-Bike_Hinterbau_vorbereitet,28
1604,98,1,Racebike_Steuerrohr_ausgerieben,Racebike_Steuerrohr_ausgerieben,26
1604,99,1,Mountainbike_Bremsaufnahme_gebohrt,Mountainbike_Bremsaufnahme_gebohrt,25
1604,100,2,E-Bike_Steuerrohr_montiert,E-Bike_Steuerrohr_montiert,25
1604,101,1,E-Bike_Rahmen_lackiert,E-Bike_Rahmen_lackiert,28
1604,102,0,Mountainbike_Steuerrohr_montiert,Mountainbike_Steuerrohr_montiert,53
1604,103,2,Mountainbike_Laufraeder_montiert,Mountainbike_Laufraeder_montiert,24
1604,104,1,Mountainbike_Rahmen_nachbearbeitet,Mountainbike_Rahmen_nachbearbeitet,26
1604,105,2,Mountainbike_Antrieb_installiert,Mountainbike_Antrieb_installiert,15
1604,106,0,Citybike_Fahrrad_endmontiert,Citybike_Fahrrad_endmontiert,39
1604,107,2,Racebike_Hauptrahmen_zugeschnitten,Racebike_Hauptrahmen_zugeschnitten,16
1604,108,0,Citybike_Rahmen_komplettiert,Citybike_Rahmen_komplettiert,40
1604,109,1,Racebike_Rahmen_nachbearbeitet,Racebike_Rahmen_nachbearbeitet,24
1604,110,0,Mountainbike_Steuerrohr_montiert,Mountainbike_Steuerrohr_montiert,40
1604,111,0,Racebike_Steuerrohr_montiert,Racebike_Steuerrohr_montiert,35
1604,112,2,E-Bike_Schaltauge_bearbeitet,E-Bike_Schaltauge_bearbeitet,25
1604,113,0,Racebike_Bremsen_justiert,Racebike_Bremsen_justiert,40
1604,114,2,E-Bike_Rahmen_komplettiert,E-Bike_Rahmen_komplettiert,15
1604,115,2,Racebike_Antrieb_installiert,Racebike_Antrieb_installiert,25
1604,116,2,E-Bike_Rahmen_nachbearbeitet,E-Bike_Rahmen_nachbearbeitet,25
1604,117,1,Racebike_Laufraeder_montiert,Racebike_Laufraeder_montiert,20
1604,118,1,Racebike_Schaltauge_bearbeitet,Racebike_Schaltauge_bearbeitet,20
1604,119,2,Racebike_Rahmen_komplettiert,Racebike_Rahmen_komplettiert,25
1604,120,0,Racebike_Bremsen_justiert,Racebike_Bremsen_justiert,25
1604,121,1,Racebike_Rahmen_lackiert,Racebike_Rahmen_lackiert,20
1604,122,0,Racebike_Tretlager_gefraest,Racebike_Tretlager_gefraest,40
1604,123,1,Racebike_Steuerrohr_ausgerieben,Racebike_Steuerrohr_ausgerieben,20
1605,2,0,Racebike_Hauptrahmen_zugeschnitten,Racebike_Hauptrahmen_zugeschnitten,35
1605,3,0,Citybike_Hinterbau_vorbereitet,Citybike_Hinterbau_vorbereitet,43
1605,5,1,Citybike_Hinterbau_vorbereitet,Citybike_Hinterbau_vorbereitet,25
1605,6,0,Mountainbike_Tretlageraufnahme_geschweisst,Mountainbike_Tretlageraufnahme_geschweisst,40
1605,7,1,Racebike_Bremsaufnahme_gebohrt,Racebike_Bremsaufnahme_gebohrt,15
1605,8,1,Racebike_Laufraeder_montiert,Racebike_Laufraeder_montiert,20
1605,10,1,Racebike_Hinterbau_vorbereitet,Racebike_Hinterbau_vorbereitet,20
1605,11,2,E-Bike_Rahmen_komplettiert,E-Bike_Rahmen_komplettiert,24
1605,12,2,Racebike_Rahmen_nachbearbeitet,Racebike_Rahmen_nachbearbeitet,25
1605,13,2,Mountainbike_Hinterbau_vorbereitet,Mountainbike_Hinterbau_vorbereitet,13
1605,14,0,E-Bike_Hinterbau_vorbereitet,E-Bike_Hinterbau_vorbereitet,55
1605,15,2,Racebike_Antrieb_installiert,Racebike_Antrieb_installiert,16
1605,16,2,Racebike_Rahmen_komplettiert,Racebike_Rahmen_komplettiert,15
1605,17,1,Mountainbike_Tretlager_gefraest,Mountainbike_Tretlager_gefraest,25
1605,18,0,Racebike_Fahrrad_endmontiert,Racebike_Fahrrad_endmontiert,47
1605,19,1,Mountainbike_Steuerrohr_montiert,Mountainbike_Steuerrohr_montiert,20
1605,20,1,Racebike_Rahmen_nachbearbeitet,Racebike_Rahmen_nachbearbeitet,24
1605,21,2,Mountainbike_Tretlageraufnahme_geschweisst,Mountainbike_Tretlageraufnahme_geschweisst,13
1605,22,1,Mountainbike_Fahrrad_endmontiert,Mountainbike_Fahrrad_endmontiert,25
1605,23,0,Racebike_Bremsen_justiert,Racebike_Bremsen_justiert,40
1605,24,0,Mountainbike_Bremsaufnahme_gebohrt,Mountainbike_Bremsaufnahme_gebohrt,38
1605,25,0,E-Bike_Tretlager_gefraest,E-Bike_Tretlager_gefraest,55
1605,26,1,Citybike_Bremsen_justiert,Citybike_Bremsen_justiert,15
1605,27,1,Citybike_Antrieb_installiert,Citybike_Antrieb_installiert,20
1605,28,0,Racebike_Rahmen_lackiert,Racebike_Rahmen_lackiert,47
1605,29,1,Mountainbike_Rahmen_komplettiert,Mountainbike_Rahmen_komplettiert,20
1605,30,0,Racebike_Antrieb_installiert,Racebike_Antrieb_installiert,40
1605,31,0,Racebike_Hinterbau_vorbereitet,Racebike_Hinterbau_vorbereitet,40
1605,32,1,Mountainbike_Hauptrahmen_zugeschnitten,Mountainbike_Hauptrahmen_zugeschnitten,20
1605,33,0,E-Bike_Steuerrohr_ausgerieben,E-Bike_Steuerrohr_ausgerieben,47
1605,34,1,E-Bike_Hinterbau_vorbereitet,E-Bike_Hinterbau_vorbereitet,28
1605,35,1,Racebike_Tretlageraufnahme_geschweisst,Racebike_Tretlageraufnahme_geschweisst,26
1605,36,2,Citybike_Tretlageraufnahme_geschweisst,Citybike_Tretlageraufnahme_geschweisst,18
1605,37,1,Mountainbike_Rahmen_komplettiert,Mountainbike_Rahmen_komplettiert,25
1605,38,1,Citybike_Rahmen_lackiert,Citybike_Rahmen_lackiert,15
1605,39,2,Mountainbike_Laufraeder_montiert,Mountainbike_Laufraeder_montiert,12
1605,40,0,E-Bike_Bremsen_justiert,E-Bike_Bremsen_justiert,40
1605,41,1,Citybike_Rahmen_nachbearbeitet,Citybike_Rahmen_nachbearbeitet,20
1605,42,1,E-Bike_Schaltauge_bearbeitet,E-Bike_Schaltauge_bearbeitet,27
1605,43,2,E-Bike_Tretlageraufnahme_geschweisst,E-Bike_Tretlageraufnahme_geschweisst,24
1605,44,0,Racebike_Rahmen_komplettiert,Racebike_Rahmen_komplettiert,47
1605,45,0,E-Bike_Rahmen_nachbearbeitet,E-Bike_Rahmen_nachbearbeitet,47
1605,46,0,Mountainbike_Hinterbau_vorbereitet,Mountainbike_Hinterbau_vorbereitet,53
1605,47,0,E-Bike_Bremsaufnahme_gebohrt,E-Bike_Bremsaufnahme_gebohrt,55
1605,48,2,Mountainbike_Bremsen_justiert,Mountainbike_Bremsen_justiert,24
1605,49,1,Mountainbike_Steuerrohr_montiert,Mountainbike_Steuerrohr_montiert,26
1605,50,1,E-Bike_Bremsen_justiert,E-Bike_Bremsen_justiert,28
1605,51,0,E-Bike_Tretlager_gefraest,E-Bike_Tretlager_gefraest,40
1605,52,1,E-Bike_Hinterbau_vorbereitet,E-Bike_Hinterbau_vorbereitet,20
1605,53,0,E-Bike_Antrieb_installiert,E-Bike_Antrieb_installiert,40
1605,54,1,Citybike_Tretlager_gefraest,Citybike_Tretlager_gefraest,28
1605,55,1,Racebike_Rahmen_lackiert,Racebike_Rahmen_lackiert,15
1605,56,1,Citybike_Bremsen_justiert,Citybike_Bremsen_justiert,25
1605,57,0,Mountainbike_Schaltauge_bearbeitet,Mountainbike_Schaltauge_bearbeitet,53
1605,58,1,E-Bike_Laufraeder_montiert,E-Bike_Laufraeder_montiert,27
1605,59,0,Citybike_Rahmen_nachbearbeitet,Citybike_Rahmen_nachbearbeitet,39
1605,60,2,Citybike_Hauptrahmen_zugeschnitten,Citybike_Hauptrahmen_zugeschnitten,18
1605,61,0,Mountainbike_Hauptrahmen_zugeschnitten,Mountainbike_Hauptrahmen_zugeschnitten,40
1605,62,2,E-Bike_Rahmen_komplettiert,E-Bike_Rahmen_komplettiert,24
1605,63,0,Citybike_Hauptrahmen_zugeschnitten,Citybike_Hauptrahmen_zugeschnitten,39
1605,64,2,E-Bike_Bremsaufnahme_gebohrt,E-Bike_Bremsaufnahme_gebohrt,15
1605,65,2,Racebike_Hinterbau_vorbereitet,Racebike_Hinterbau_vorbereitet,25
1605,66,1,E-Bike_Hauptrahmen_zugeschnitten,E-Bike_Hauptrahmen_zugeschnitten,20
1605,67,1,E-Bike_Tretlageraufnahme_geschweisst,E-Bike_Tretlageraufnahme_geschweisst,20
1605,68,1,Mountainbike_Antrieb_installiert,Mountainbike_Antrieb_installiert,26
1605,69,1,Mountainbike_Fahrrad_endmontiert,Mountainbike_Fahrrad_endmontiert,20
1605,70,2,Citybike_Steuerrohr_montiert,Citybike_Steuerrohr_montiert,18
1605,71,1,E-Bike_Hauptrahmen_zugeschnitten,E-Bike_Hauptrahmen_zugeschnitten,28
1605,72,2,Mountainbike_Steuerrohr_ausgerieben,Mountainbike_Steuerrohr_ausgerieben,12
1605,73,1,Mountainbike_Bremsaufnahme_gebohrt,Mountainbike_Bremsaufnahme_gebohrt,26
1605,74,1,Mountainbike_Fahrrad_endmontiert,Mountainbike_Fahrrad_endmontiert,20
1605,75,0,Citybike_Rahmen_lackiert,Citybike_Rahmen_lackiert,40
1605,76,0,Racebike_Rahmen_lackiert,Racebike_Rahmen_lackiert,42
1605,77,1,Mountainbike_Bremsaufnahme_gebohrt,Mountainbike_Bremsaufnahme_gebohrt,20
1605,78,0,Racebike_Tretlager_gefraest,Racebike_Tretlager_gefraest,40
1605,79,0,Racebike_Rahmen_komplettiert,Racebike_Rahmen_komplettiert,40
1605,80,1,E-Bike_Tretlager_gefraest,E-Bike_Tretlager_gefraest,28
1605,81,1,Racebike_Tretlager_gefraest,Racebike_Tretlager_gefraest,26
1605,82,0,Mountainbike_Hinterbau_vorbereitet,Mountainbike_Hinterbau_vorbereitet,38
1605,83,1,Citybike_Fahrrad_endmontiert,Citybike_Fahrrad_endmontiert,25
1605,84,2,Mountainbike_Tretlageraufnahme_geschweisst,Mountainbike_Tretlageraufnahme_geschweisst,15
1605,85,1,Mountainbike_Rahmen_nachbearbeitet,Mountainbike_Rahmen_nachbearbeitet,20
1605,86,1,Racebike_Bremsaufnahme_gebohrt,Racebike_Bremsaufnahme_gebohrt,24
1605,87,2,Mountainbike_Rahmen_lackiert,Mountainbike_Rahmen_lackiert,15
1605,88,1,Racebike_Steuerrohr_ausgerieben,Racebike_Steuerrohr_ausgerieben,20
1605,89,2,Racebike_Rahmen_komplettiert,Racebike_Rahmen_komplettiert,16
1605,90,1,Racebike_Hauptrahmen_zugeschnitten,Racebike_Hauptrahmen_zugeschnitten,20
1605,91,0,Mountainbike_Rahmen_nachbearbeitet,Mountainbike_Rahmen_nachbearbeitet,40
1605,92,1,Mountainbike_Rahmen_lackiert,Mountainbike_Rahmen_lackiert,25
1605,93,1,E-Bike_Hinterbau_vorbereitet,E-Bike_Hinterbau_vorbereitet,28
1605,94,1,Racebike_Rahmen_nachbearbeitet,Racebike_Rahmen_nachbearbeitet,26
1605,95,2,Citybike_Schaltauge_bearbeitet,Citybike_Schaltauge_bearbeitet,18
1605,96,0,Citybike_Fahrrad_endmontiert,Citybike_Fahrrad_endmontiert,39
1605,97,0,Citybike_Rahmen_komplettiert,Citybike_Rahmen_komplettiert,40
1605,98,2,Racebike_Antrieb_installiert,Racebike_Antrieb_installiert,10
1605,99,1,Racebike_Schaltauge_bearbeitet,Racebike_Schaltauge_bearbeitet,20
1605,100,0,Mountainbike_Steuerrohr_montiert,Mountainbike_Steuerrohr_montiert,40
1605,101,2,E-Bike_Schaltauge_bearbeitet,E-Bike_Schaltauge_bearbeitet,25
1605,102,0,E-Bike_Rahmen_nachbearbeitet,E-Bike_Rahmen_nachbearbeitet,55
1605,103,2,E-Bike_Steuerrohr_montiert,E-Bike_Steuerrohr_montiert,15
1605,104,2,Mountainbike_Tretlageraufnahme_geschweisst,Mountainbike_Tretlageraufnahme_geschweisst,24
1605,105,2,E-Bike_Rahmen_nachbearbeitet,E-Bike_Rahmen_nachbearbeitet,24
1605,106,1,E-Bike_Rahmen_lackiert,E-Bike_Rahmen_lackiert,28
1605,107,1,Mountainbike_Rahmen_lackiert,Mountainbike_Rahmen_lackiert,26
1605,108,2,E-Bike_Rahmen_komplettiert,E-Bike_Rahmen_komplettiert,15
1605,109,0,E-Bike_Fahrrad_endmontiert,E-Bike_Fahrrad_endmontiert,40
1605,110,1,Racebike_Tretlageraufnahme_geschweisst,Racebike_Tretlageraufnahme_geschweisst,24
1605,111,1,E-Bike_Hinterbau_vorbereitet,E-Bike_Hinterbau_vorbereitet,28
1605,112,0,Mountainbike_Tretlager_gefraest,Mountainbike_Tretlager_gefraest,53
1605,113,0,Mountainbike_Tretlager_gefraest,Mountainbike_Tretlager_gefraest,25
1605,114,1,Racebike_Steuerrohr_ausgerieben,Racebike_Steuerrohr_ausgerieben,26
1605,115,2,Racebike_Hauptrahmen_zugeschnitten,Racebike_Hauptrahmen_zugeschnitten,25
1605,116,0,Racebike_Steuerrohr_montiert,Racebike_Steuerrohr_montiert,35
1605,117,0,Racebike_Bremsen_justiert,Racebike_Bremsen_justiert,40
1605,118,2,Mountainbike_Laufraeder_montiert,Mountainbike_Laufraeder_montiert,13
1605,119,2,Mountainbike_Rahmen_nachbearbeitet,Mountainbike_Rahmen_nachbearbeitet,15
1605,120,2,Mountainbike_Antrieb_installiert,Mountainbike_Antrieb_installiert,15
1605,121,0,Mountainbike_Steuerrohr_montiert,Mountainbike_Steuerrohr_montiert,38
1605,122,0,Mountainbike_Hauptrahmen_zugeschnitten,Mountainbike_Hauptrahmen_zugeschnitten,40
1605,123,1,Mountainbike_Steuerrohr_ausgerieben,Mountainbike_Steuerrohr_ausgerieben,25
1606,4,0,Citybike_Hinterbau_vorbereitet,Citybike_Hinterbau_vorbereitet,54
1606,5,1,E-Bike_Hinterbau_vorbereitet,E-Bike_Hinterbau_vorbereitet,20
1606,6,1,Mountainbike_Tretlager_gefraest,Mountainbike_Tretlager_gefraest,26
1606,7,1,Citybike_Tretlager_gefraest,Citybike_Tretlager_gefraest,15
1606,8,1,Mountainbike_Steuerrohr_montiert,Mountainbike_Steuerrohr_montiert,20
1606,9,0,E-Bike_Rahmen_nachbearbeitet,E-Bike_Rahmen_nachbearbeitet,43
1606,10,2,E-Bike_Rahmen_komplettiert,E-Bike_Rahmen_komplettiert,10
1606,11,2,E-Bike_Tretlageraufnahme_geschweisst,E-Bike_Tretlageraufnahme_geschweisst,15
1606,12,0,Racebike_Hauptrahmen_zugeschnitten,Racebike_Hauptrahmen_zugeschnitten,47
1606,13,1,Racebike_Hinterbau_vorbereitet,Racebike_Hinterbau_vorbereitet,24
1606,14,0,E-Bike_Bremsaufnahme_gebohrt,E-Bike_Bremsaufnahme_gebohrt,47
1606,15,0,Mountainbike_Rahmen_lackiert,Mountainbike_Rahmen_lackiert,53
1606,16,2,Mountainbike_Bremsen_justiert,Mountainbike_Bremsen_justiert,24
1606,17,2,Mountainbike_Hinterbau_vorbereitet,Mountainbike_Hinterbau_vorbereitet,15
1606,18,2,Mountainbike_Tretlageraufnahme_geschweisst,Mountainbike_Tretlageraufnahme_geschweisst,15
1606,19,1,Mountainbike_Rahmen_komplettiert,Mountainbike_Rahmen_komplettiert,25
1606,20,0,Mountainbike_Hinterbau_vorbereitet,Mountainbike_Hinterbau_vorbereitet,40
1606,21,2,Mountainbike_Bremsen_justiert,Mountainbike_Bremsen_justiert,15
1606,22,0,Racebike_Fahrrad_endmontiert,Racebike_Fahrrad_endmontiert,35
1606,23,1,Citybike_Bremsen_justiert,Citybike_Bremsen_justiert,15
1606,24,0,E-Bike_Hinterbau_vorbereitet,E-Bike_Hinterbau_vorbereitet,47
1606,25,1,Citybike_Antrieb_installiert,Citybike_Antrieb_installiert,20
1606,26,1,E-Bike_Bremsen_justiert,E-Bike_Bremsen_justiert,27
1606,27,2,Citybike_Tretlageraufnahme_geschweisst,Citybike_Tretlageraufnahme_geschweisst,18
1606,28,1,Citybike_Rahmen_lackiert,Citybike_Rahmen_lackiert,28
1606,29,2,Mountainbike_Laufraeder_montiert,Mountainbike_Laufraeder_montiert,12
1606,30,1,Citybike_Rahmen_nachbearbeitet,Citybike_Rahmen_nachbearbeitet,20
1606,31,2,Mountainbike_Steuerrohr_ausgerieben,Mountainbike_Steuerrohr_ausgerieben,15
1606,32,1,Citybike_Hinterbau_vorbereitet,Citybike_Hinterbau_vorbereitet,20
1606,33,0,Racebike_Rahmen_lackiert,Racebike_Rahmen_lackiert,47
1606,34,0,Racebike_Rahmen_komplettiert,Racebike_Rahmen_komplettiert,40
1606,35,0,Mountainbike_Bremsaufnahme_gebohrt,Mountainbike_Bremsaufnahme_gebohrt,38
1606,36,0,Mountainbike_Hauptrahmen_zugeschnitten,Mountainbike_Hauptrahmen_zugeschnitten,40
1606,37,2,Mountainbike_Tretlageraufnahme_geschweisst,Mountainbike_Tretlageraufnahme_geschweisst,15
1606,38,0,E-Bike_Tretlager_gefraest,E-Bike_Tretlager_gefraest,55
1606,39,1,E-Bike_Tretlageraufnahme_geschweisst,E-Bike_Tretlageraufnahme_geschweisst,27
1606,40,0,Mountainbike_Tretlageraufnahme_geschweisst,Mountainbike_Tretlageraufnahme_geschweisst,53
1606,41,0,Citybike_Rahmen_nachbearbeitet,Citybike_Rahmen_nachbearbeitet,39
1606,42,1,Citybike_Bremsen_justiert,Citybike_Bremsen_justiert,28
1606,43,0,Mountainbike_Rahmen_nachbearbeitet,Mountainbike_Rahmen_nachbearbeitet,40
1606,44,0,E-Bike_Tretlager_gefraest,E-Bike_Tretlager_gefraest,55
1606,45,1,E-Bike_Hinterbau_vorbereitet,E-Bike_Hinterbau_vorbereitet,27
1606,46,1,Racebike_Laufraeder_montiert,Racebike_Laufraeder_montiert,26
1606,47,1,Racebike_Fahrrad_endmontiert,Racebike_Fahrrad_endmontiert,20
1606,48,0,Racebike_Hinterbau_vorbereitet,Racebike_Hinterbau_vorbereitet,47
1606,49,2,Mountainbike_Tretlageraufnahme_geschweisst,Mountainbike_Tretlageraufnahme_geschweisst,10
1606,50,2,Racebike_Rahmen_komplettiert,Racebike_Rahmen_komplettiert,16
1606,51,2,Racebike_Antrieb_installiert,Racebike_Antrieb_installiert,15
1606,52,1,Mountainbike_Rahmen_komplettiert,Mountainbike_Rahmen_komplettiert,25
1606,53,1,Racebike_Rahmen_nachbearbeitet,Racebike_Rahmen_nachbearbeitet,24
1606,54,0,Mountainbike_Schaltauge_bearbeitet,Mountainbike_Schaltauge_bearbeitet,38
1606,55,1,Mountainbike_Hauptrahmen_zugeschnitten,Mountainbike_Hauptrahmen_zugeschnitten,25
1606,56,1,Mountainbike_Rahmen_lackiert,Mountainbike_Rahmen_lackiert,20
1606,57,2,Citybike_Hauptrahmen_zugeschnitten,Citybike_Hauptrahmen_zugeschnitten,18
1606,58,2,E-Bike_Bremsaufnahme_gebohrt,E-Bike_Bremsaufnahme_gebohrt,24
1606,59,1,Mountainbike_Steuerrohr_montiert,Mountainbike_Steuerrohr_montiert,20
1606,60,0,Mountainbike_Tretlager_gefraest,Mountainbike_Tretlager_gefraest,40
1606,61,0,E-Bike_Bremsen_justiert,E-Bike_Bremsen_justiert,55
1606,62,0,Citybike_Hauptrahmen_zugeschnitten,Citybike_Hauptrahmen_zugeschnitten,54
1606,63,0,Racebike_Bremsen_justiert,Racebike_Bremsen_justiert,42
1606,64,1,Racebike_Bremsaufnahme_gebohrt,Racebike_Bremsaufnahme_gebohrt,24
1606,65,2,Racebike_Hinterbau_vorbereitet,Racebike_Hinterbau_vorbereitet,25
1606,66,2,Mountainbike_Laufraeder_montiert,Mountainbike_Laufraeder_montiert,13
1606,67,0,Citybike_Rahmen_lackiert,Citybike_Rahmen_lackiert,43
1606,68,1,E-Bike_Tretlager_gefraest,E-Bike_Tretlager_gefraest,28
1606,69,2,Citybike_Schaltauge_bearbeitet,Citybike_Schaltauge_bearbeitet,18
1606,70,1,Racebike_Hauptrahmen_zugeschnitten,Racebike_Hauptrahmen_zugeschnitten,26
1606,71,1,Racebike_Rahmen_nachbearbeitet,Racebike_Rahmen_nachbearbeitet,20
1606,72,1,Racebike_Bremsaufnahme_gebohrt,Racebike_Bremsaufnahme_gebohrt,20
1606,73,0,E-Bike_Fahrrad_endmontiert,E-Bike_Fahrrad_endmontiert,43
1606,74,2,Racebike_Rahmen_komplettiert,Racebike_Rahmen_komplettiert,10
1606,75,1,E-Bike_Hauptrahmen_zugeschnitten,E-Bike_Hauptrahmen_zugeschnitten,28
1606,76,1,Racebike_Steuerrohr_ausgerieben,Racebike_Steuerrohr_ausgerieben,26
1606,77,0,E-Bike_Antrieb_installiert,E-Bike_Antrieb_installiert,40
1606,78,2,Racebike_Antrieb_installiert,Racebike_Antrieb_installiert,15
1606,79,2,Citybike_Steuerrohr_montiert,Citybike_Steuerrohr_montiert,18
1606,80,0,Racebike_Rahmen_lackiert,Racebike_Rahmen_lackiert,47
1606,81,0,Citybike_Fahrrad_endmontiert,Citybike_Fahrrad_endmontiert,43
1606,82,0,Citybike_Rahmen_komplettiert,Citybike_Rahmen_komplettiert,40
1606,83,1,Citybike_Fahrrad_endmontiert,Citybike_Fahrrad_endmontiert,25
1606,84,1,Mountainbike_Fahrrad_endmontiert,Mountainbike_Fahrrad_endmontiert,20
1606,85,1,E-Bike_Laufraeder_montiert,E-Bike_Laufraeder_montiert,28
1606,86,1,E-Bike_Hinterbau_vorbereitet,E-Bike_Hinterbau_vorbereitet,20
1606,87,2,Mountainbike_Antrieb_installiert,Mountainbike_Antrieb_installiert,12
1606,88,1,Racebike_Tretlager_gefraest,Racebike_Tretlager_gefraest,26
1606,89,1,Mountainbike_Fahrrad_endmontiert,Mountainbike_Fahrrad_endmontiert,25
1606,90,1,Mountainbike_Antrieb_installiert,Mountainbike_Antrieb_installiert,20
1606,91,1,Racebike_Schaltauge_bearbeitet,Racebike_Schaltauge_bearbeitet,24
1606,92,1,Racebike_Tretlageraufnahme_geschweisst,Racebike_Tretlageraufnahme_geschweisst,20
1606,93,0,Mountainbike_Steuerrohr_montiert,Mountainbike_Steuerrohr_montiert,40
1606,94,1,E-Bike_Hauptrahmen_zugeschnitten,E-Bike_Hauptrahmen_zugeschnitten,28
1606,95,2,Racebike_Hauptrahmen_zugeschnitten,Racebike_Hauptrahmen_zugeschnitten,16
1606,96,1,Mountainbike_Bremsaufnahme_gebohrt,Mountainbike_Bremsaufnahme_gebohrt,26
1606,97,0,Mountainbike_Hinterbau_vorbereitet,Mountainbike_Hinterbau_vorbereitet,40
1606,98,1,Mountainbike_Rahmen_lackiert,Mountainbike_Rahmen_lackiert,20
1606,99,1,Racebike_Rahmen_lackiert,Racebike_Rahmen_lackiert,24
1606,100,2,E-Bike_Schaltauge_bearbeitet,E-Bike_Schaltauge_bearbeitet,25
1606,101,0,Racebike_Steuerrohr_montiert,Racebike_Steuerrohr_montiert,35
1606,102,1,Mountainbike_Fahrrad_endmontiert,Mountainbike_Fahrrad_endmontiert,25
1606,103,1,E-Bike_Hinterbau_vorbereitet,E-Bike_Hinterbau_vorbereitet,28
1606,104,2,E-Bike_Rahmen_nachbearbeitet,E-Bike_Rahmen_nachbearbeitet,15
1606,105,2,Racebike_Rahmen_nachbearbeitet,Racebike_Rahmen_nachbearbeitet,25
1606,106,0,Racebike_Antrieb_installiert,Racebike_Antrieb_installiert,40
1606,107,1,Racebike_Tretlageraufnahme_geschweisst,Racebike_Tretlageraufnahme_geschweisst,26
1606,108,0,Mountainbike_Steuerrohr_montiert,Mountainbike_Steuerrohr_montiert,38
1606,109,2,Mountainbike_Rahmen_lackiert,Mountainbike_Rahmen_lackiert,13
1606,110,0,E-Bike_Rahmen_nachbearbeitet,E-Bike_Rahmen_nachbearbeitet,55
1606,111,0,Racebike_Rahmen_komplettiert,Racebike_Rahmen_komplettiert,47
1606,112,2,E-Bike_Steuerrohr_montiert,E-Bike_Steuerrohr_montiert,24
1606,113,0,Racebike_Bremsen_justiert,Racebike_Bremsen_justiert,40
1606,114,1,Mountainbike_Bremsaufnahme_gebohrt,Mountainbike_Bremsaufnahme_gebohrt,25
1606,115,0,Racebike_Tretlager_gefraest,Racebike_Tretlager_gefraest,40
1606,116,1,Mountainbike_Rahmen_nachbearbeitet,Mountainbike_Rahmen_nachbearbeitet,20
1606,117,1,Racebike_Steuerrohr_ausgerieben,Racebike_Steuerrohr_ausgerieben,24
1606,118,0,Mountainbike_Tretlager_gefraest,Mountainbike_Tretlager_gefraest,38
1606,119,2,Mountainbike_Rahmen_nachbearbeitet,Mountainbike_Rahmen_nachbearbeitet,24
1606,120,1,E-Bike_Rahmen_lackiert,E-Bike_Rahmen_lackiert,28
1606,121,0,Mountainbike_Hauptrahmen_zugeschnitten,Mountainbike_Hauptrahmen_zugeschnitten,40
1606,122,2,E-Bike_Rahmen_komplettiert,E-Bike_Rahmen_komplettiert,24
1606,123,1,Mountainbike_Steuerrohr_ausgerieben,Mountainbike_Steuerrohr_ausgerieben,26
1607,2,1,E-Bike_Schaltauge_bearbeitet,E-Bike_Schaltauge_bearbeitet,28
1607,3,1,Mountainbike_Tretlager_gefraest,Mountainbike_Tretlager_gefraest,26
1607,5,1,Racebike_Hinterbau_vorbereitet,Racebike_Hinterbau_vorbereitet,24
1607,6,0,E-Bike_Hinterbau_vorbereitet,E-Bike_Hinterbau_vorbereitet,43
1607,7,1,Mountainbike_Rahmen_komplettiert,Mountainbike_Rahmen_komplettiert,25
1607,9,1,Citybike_Bremsen_justiert,Citybike_Bremsen_justiert,15
1607,10,0,Racebike_Hauptrahmen_zugeschnitten,Racebike_Hauptrahmen_zugeschnitten,47
1607,11,1,Citybike_Hinterbau_vorbereitet,Citybike_Hinterbau_vorbereitet,20
1607,12,1,Citybike_Tretlager_gefraest,Citybike_Tretlager_gefraest,20
1607,13,1,Citybike_Bremsen_justiert,Citybike_Bremsen_justiert,20
1607,14,2,E-Bike_Rahmen_komplettiert,E-Bike_Rahmen_komplettiert,15
1607,15,2,Mountainbike_Bremsen_justiert,Mountainbike_Bremsen_justiert,24
1607,16,0,Mountainbike_Schaltauge_bearbeitet,Mountainbike_Schaltauge_bearbeitet,38
1607,17,0,Racebike_Hinterbau_vorbereitet,Racebike_Hinterbau_vorbereitet,35
1607,18,1,Racebike_Laufraeder_montiert,Racebike_Laufraeder_montiert,15
1607,19,1,Mountainbike_Steuerrohr_montiert,Mountainbike_Steuerrohr_montiert,25
1607,20,2,E-Bike_Rahmen_komplettiert,E-Bike_Rahmen_komplettiert,24
1607,21,0,E-Bike_Steuerrohr_ausgerieben,E-Bike_Steuerrohr_ausgerieben,47
1607,22,1,Mountainbike_Fahrrad_endmontiert,Mountainbike_Fahrrad_endmontiert,20
1607,23,2,Racebike_Rahmen_komplettiert,Racebike_Rahmen_komplettiert,25
1607,24,1,Racebike_Bremsaufnahme_gebohrt,Racebike_Bremsaufnahme_gebohrt,24
1607,25,1,E-Bike_Hinterbau_vorbereitet,E-Bike_Hinterbau_vorbereitet,28
1607,26,2,Mountainbike_Tretlageraufnahme_geschweisst,Mountainbike_Tretlageraufnahme_geschweisst,13
1607,27,1,E-Bike_Tretlageraufnahme_geschweisst,E-Bike_Tretlageraufnahme_geschweisst,20
1607,28,2,Mountainbike_Hinterbau_vorbereitet,Mountainbike_Hinterbau_vorbereitet,15
1607,29,0,Mountainbike_Rahmen_nachbearbeitet,Mountainbike_Rahmen_nachbearbeitet,53
1607,30,0,E-Bike_Rahmen_nachbearbeitet,E-Bike_Rahmen_nachbearbeitet,55
1607,31,0,Citybike_Hauptrahmen_zugeschnitten,Citybike_Hauptrahmen_zugeschnitten,54
1607,32,0,Citybike_Rahmen_nachbearbeitet,Citybike_Rahmen_nachbearbeitet,40
1607,33,2,Racebike_Rahmen_nachbearbeitet,Racebike_Rahmen_nachbearbeitet,16
1607,34,0,Racebike_Fahrrad_endmontiert,Racebike_Fahrrad_endmontiert,42
1607,35,1,Citybike_Antrieb_installiert,Citybike_Antrieb_installiert,28
1607,36,2,Mountainbike_Laufraeder_montiert,Mountainbike_Laufraeder_montiert,13
1607,37,0,Mountainbike_Hauptrahmen_zugeschnitten,Mountainbike_Hauptrahmen_zugeschnitten,38
1607,38,2,Mountainbike_Tretlageraufnahme_geschweisst,Mountainbike_Tretlageraufnahme_geschweisst,15
1607,39,1,Mountainbike_Rahmen_lackiert,Mountainbike_Rahmen_lackiert,20
1607,40,2,Citybike_Steuerrohr_montiert,Citybike_Steuerrohr_montiert,18
1607,41,0,Mountainbike_Hinterbau_vorbereitet,Mountainbike_Hinterbau_vorbereitet,40
1607,42,0,Mountainbike_Rahmen_lackiert,Mountainbike_Rahmen_lackiert,40
1607,43,2,Mountainbike_Tretlageraufnahme_geschweisst,Mountainbike_Tretlageraufnahme_geschweisst,12
1607,44,0,E-Bike_Bremsaufnahme_gebohrt,E-Bike_Bremsaufnahme_gebohrt,55
1607,45,2,Citybike_Hauptrahmen_zugeschnitten,Citybike_Hauptrahmen_zugeschnitten,18
1607,46,2,Citybike_Tretlageraufnahme_geschweisst,Citybike_Tretlageraufnahme_geschweisst,15
1607,47,0,Mountainbike_Bremsaufnahme_gebohrt,Mountainbike_Bremsaufnahme_gebohrt,53
1607,48,0,Racebike_Antrieb_installiert,Racebike_Antrieb_installiert,35
1607,49,2,Mountainbike_Bremsen_justiert,Mountainbike_Bremsen_justiert,12
1607,50,0,Racebike_Rahmen_lackiert,Racebike_Rahmen_lackiert,40
1607,51,2,Racebike_Antrieb_installiert,Racebike_Antrieb_installiert,16
1607,52,1,Citybike_Rahmen_lackiert,Citybike_Rahmen_lackiert,15
1607,53,0,Mountainbike_Tretlager_gefraest,Mountainbike_Tretlager_gefraest,38
1607,54,1,Citybike_Rahmen_nachbearbeitet,Citybike_Rahmen_nachbearbeitet,20
1607,55,1,Racebike_Rahmen_nachbearbeitet,Racebike_Rahmen_nachbearbeitet,15
1607,56,2,Mountainbike_Rahmen_lackiert,Mountainbike_Rahmen_lackiert,13
1607,57,1,Racebike_Bremsaufnahme_gebohrt,Racebike_Bremsaufnahme_gebohrt,20
1607,58,1,Mountainbike_Rahmen_komplettiert,Mountainbike_Rahmen_komplettiert,25
1607,59,1,Racebike_Tretlageraufnahme_geschweisst,Racebike_Tretlageraufnahme_geschweisst,24
1607,60,2,Racebike_Rahmen_komplettiert,Racebike_Rahmen_komplettiert,16
1607,61,1,Mountainbike_Hauptrahmen_zugeschnitten,Mountainbike_Hauptrahmen_zugeschnitten,25
1607,62,0,Racebike_Rahmen_komplettiert,Racebike_Rahmen_komplettiert,35
1607,63,1,Racebike_Hauptrahmen_zugeschnitten,Racebike_Hauptrahmen_zugeschnitten,24
1607,64,0,E-Bike_Tretlager_gefraest,E-Bike_Tretlager_gefraest,47
1607,65,1,Mountainbike_Steuerrohr_montiert,Mountainbike_Steuerrohr_montiert,25
1607,66,2,Mountainbike_Steuerrohr_ausgerieben,Mountainbike_Steuerrohr_ausgerieben,13
1607,67,2,Racebike_Hinterbau_vorbereitet,Racebike_Hinterbau_vorbereitet,16
1607,68,1,E-Bike_Bremsen_justiert,E-Bike_Bremsen_justiert,28
1607,69,0,E-Bike_Bremsen_justiert,E-Bike_Bremsen_justiert,40
1607,70,1,Racebike_Steuerrohr_ausgerieben,Racebike_Steuerrohr_ausgerieben,26
1607,71,0,Citybike_Rahmen_lackiert,Citybike_Rahmen_lackiert,54
1607,72,1,Citybike_Fahrrad_endmontiert,Citybike_Fahrrad_endmontiert,25
1607,73,2,Mountainbike_Laufraeder_montiert,Mountainbike_Laufraeder_montiert,13
1607,74,1,E-Bike_Hinterbau_vorbereitet,E-Bike_Hinterbau_vorbereitet,27
1607,75,0,Racebike_Rahmen_lackiert,Racebike_Rahmen_lackiert,42
1607,76,1,E-Bike_Laufraeder_montiert,E-Bike_Laufraeder_montiert,20
1607,77,1,E-Bike_Hauptrahmen_zugeschnitten,E-Bike_Hauptrahmen_zugeschnitten,20
1607,78,2,Citybike_Schaltauge_bearbeitet,Citybike_Schaltauge_bearbeitet,18
1607,79,0,E-Bike_Tretlager_gefraest,E-Bike_Tretlager_gefraest,47
1607,80,1,E-Bike_Tretlager_gefraest,E-Bike_Tretlager_gefraest,20
1607,81,2,E-Bike_Bremsaufnahme_gebohrt,E-Bike_Bremsaufnahme_gebohrt,24
1607,82,0,Citybike_Fahrrad_endmontiert,Citybike_Fahrrad_endmontiert,54
1607,83,1,E-Bike_Hauptrahmen_zugeschnitten,E-Bike_Hauptrahmen_zugeschnitten,20
1607,84,2,E-Bike_Schaltauge_bearbeitet,E-Bike_Schaltauge_bearbeitet,15
1607,85,2,Mountainbike_Antrieb_installiert,Mountainbike_Antrieb_installiert,24
1607,86,0,Mountainbike_Tretlager_gefraest,Mountainbike_Tretlager_gefraest,40
1607,87,0,E-Bike_Antrieb_installiert,E-Bike_Antrieb_installiert,55
1607,88,1,E-Bike_Hinterbau_vorbereitet,E-Bike_Hinterbau_vorbereitet,20
1607,89,0,Mountainbike_Tretlageraufnahme_geschweisst,Mountainbike_Tretlageraufnahme_geschweisst,53
1607,90,0,Citybike_Rahmen_komplettiert,Citybike_Rahmen_komplettiert,39
1607,91,1,Racebike_Rahmen_nachbearbeitet,Racebike_Rahmen_nachbearbeitet,26
1607,92,0,Mountainbike_Steuerrohr_montiert,Mountainbike_Steuerrohr_montiert,40
1607,93,2,Racebike_Antrieb_installiert,Racebike_Antrieb_installiert,16
1607,94,1,Racebike_Schaltauge_bearbeitet,Racebike_Schaltauge_bearbeitet,20
1607,95,2,Mountainbike_Rahmen_nachbearbeitet,Mountainbike_Rahmen_nachbearbeitet,13
1607,96,2,E-Bike_Rahmen_nachbearbeitet,E-Bike_Rahmen_nachbearbeitet,24
1607,97,0,Racebike_Bremsen_justiert,Racebike_Bremsen_justiert,35
1607,98,0,E-Bike_Fahrrad_endmontiert,E-Bike_Fahrrad_endmontiert,47
1607,99,1,E-Bike_Hinterbau_vorbereitet,E-Bike_Hinterbau_vorbereitet,28
1607,100,1,Racebike_Rahmen_lackiert,Racebike_Rahmen_lackiert,26
1607,101,0,Racebike_Tretlager_gefraest,Racebike_Tretlager_gefraest,47
1607,102,1,Racebike_Tretlager_gefraest,Racebike_Tretlager_gefraest,20
1607,103,1,Racebike_Steuerrohr_ausgerieben,Racebike_Steuerrohr_ausgerieben,20
1607,104,0,Mountainbike_Hauptrahmen_zugeschnitten,Mountainbike_Hauptrahmen_zugeschnitten,38
1607,105,1,Mountainbike_Antrieb_installiert,Mountainbike_Antrieb_installiert,25
1607,106,1,Mountainbike_Steuerrohr_ausgerieben,Mountainbike_Steuerrohr_ausgerieben,20
1607,107,1,Mountainbike_Fahrrad_endmontiert,Mountainbike_Fahrrad_endmontiert,20
1607,108,0,Racebike_Rahmen_komplettiert,Racebike_Rahmen_komplettiert,35
1607,109,1,Mountainbike_Fahrrad_endmontiert,Mountainbike_Fahrrad_endmontiert,15
1607,110,1,Mountainbike_Bremsaufnahme_gebohrt,Mountainbike_Bremsaufnahme_gebohrt,20
1607,111,0,E-Bike_Rahmen_nachbearbeitet,E-Bike_Rahmen_nachbearbeitet,47
1607,112,1,Racebike_Tretlageraufnahme_geschweisst,Racebike_Tretlageraufnahme_geschweisst,24
1607,113,0,Mountainbike_Hinterbau_vorbereitet,Mountainbike_Hinterbau_vorbereitet,53
1607,114,2,Racebike_Hauptrahmen_zugeschnitten,Racebike_Hauptrahmen_zugeschnitten,25
1607,115,0,Racebike_Steuerrohr_montiert,Racebike_Steuerrohr_montiert,35
1607,116,1,Mountainbike_Bremsaufnahme_gebohrt,Mountainbike_Bremsaufnahme_gebohrt,25
1607,117,2,E-Bike_Steuerrohr_montiert,E-Bike_Steuerrohr_montiert,25
1607,118,0,Racebike_Bremsen_justiert,Racebike_Bremsen_justiert,40
1607,119,1,Mountainbike_Rahmen_lackiert,Mountainbike_Rahmen_lackiert,20
1607,120,1,Mountainbike_Rahmen_nachbearbeitet,Mountainbike_Rahmen_nachbearbeitet,20
1607,121,0,Mountainbike_Steuerrohr_montiert,Mountainbike_Steuerrohr_montiert,38
1607,122,1,E-Bike_Rahmen_lackiert,E-Bike_Rahmen_lackiert,28
1607,123,2,E-Bike_Rahmen_komplettiert,E-Bike_Rahmen_komplettiert,15
1608,3,2,E-Bike_Rahmen_komplettiert,E-Bike_Rahmen_komplettiert,24
1608,5,2,Racebike_Antrieb_installiert,Racebike_Antrieb_installiert,25
1608,6,1,Racebike_Fahrrad_endmontiert,Racebike_Fahrrad_endmontiert,24
1608,7,0,Racebike_Hauptrahmen_zugeschnitten,Racebike_Hauptrahmen_zugeschnitten,35
1608,8,1,E-Bike_Schaltauge_bearbeitet,E-Bike_Schaltauge_bearbeitet,28
1608,9,1,Citybike_Tretlager_gefraest,Citybike_Tretlager_gefraest,28
1608,10,0,E-Bike_Hinterbau_vorbereitet,E-Bike_Hinterbau_vorbereitet,47
1608,11,2,Mountainbike_Hinterbau_vorbereitet,Mountainbike_Hinterbau_vorbereitet,13
1608,12,2,E-Bike_Rahmen_komplettiert,E-Bike_Rahmen_komplettiert,24
1608,13,0,E-Bike_Steuerrohr_ausgerieben,E-Bike_Steuerrohr_ausgerieben,40
1608,14,0,Citybike_Hinterbau_vorbereitet,Citybike_Hinterbau_vorbereitet,54
1608,15,1,Citybike_Bremsen_justiert,Citybike_Bremsen_justiert,20
1608,16,2,Mountainbike_Laufraeder_montiert,Mountainbike_Laufraeder_montiert,24
1608,17,1,Mountainbike_Rahmen_komplettiert,Mountainbike_Rahmen_komplettiert,20
1608,18,1,Mountainbike_Tretlager_gefraest,Mountainbike_Tretlager_gefraest,20
1608,19,1,Racebike_Bremsaufnahme_gebohrt,Racebike_Bremsaufnahme_gebohrt,24
1608,20,1,E-Bike_Tretlageraufnahme_geschweisst,E-Bike_Tretlageraufnahme_geschweisst,28
1608,21,1,Citybike_Antrieb_installiert,Citybike_Antrieb_installiert,28
1608,22,1,Racebike_Rahmen_nachbearbeitet,Racebike_Rahmen_nachbearbeitet,15
1608,23,1,Citybike_Bremsen_justiert,Citybike_Bremsen_justiert,25
1608,24,1,Mountainbike_Fahrrad_endmontiert,Mountainbike_Fahrrad_endmontiert,20
1608,25,2,E-Bike_Tretlageraufnahme_geschweisst,E-Bike_Tretlageraufnahme_geschweisst,24
1608,26,1,E-Bike_Hinterbau_vorbereitet,E-Bike_Hinterbau_vorbereitet,28
1608,27,0,Racebike_Hinterbau_vorbereitet,Racebike_Hinterbau_vorbereitet,42
1608,28,0,Citybike_Hauptrahmen_zugeschnitten,Citybike_Hauptrahmen_zugeschnitten,43
1608,29,2,Citybike_Tretlageraufnahme_geschweisst,Citybike_Tretlageraufnahme_geschweisst,15
1608,30,0,E-Bike_Bremsen_justiert,E-Bike_Bremsen_justiert,43
1608,31,0,Mountainbike_Rahmen_lackiert,Mountainbike_Rahmen_lackiert,53
1608,32,2,Racebike_Rahmen_nachbearbeitet,Racebike_Rahmen_nachbearbeitet,10
1608,33,0,E-Bike_Tretlager_gefraest,E-Bike_Tretlager_gefraest,55
1608,34,0,Mountainbike_Bremsaufnahme_gebohrt,Mountainbike_Bremsaufnahme_gebohrt,53
1608,35,1,Racebike_Laufraeder_montiert,Racebike_Laufraeder_montiert,26
1608,36,1,Mountainbike_Steuerrohr_montiert,Mountainbike_Steuerrohr_montiert,25
1608,37,2,Mountainbike_Rahmen_lackiert,Mountainbike_Rahmen_lackiert,13
1608,38,2,Mountainbike_Tretlageraufnahme_geschweisst,Mountainbike_Tretlageraufnahme_geschweisst,15
1608,39,0,Mountainbike_Hinterbau_vorbereitet,Mountainbike_Hinterbau_vorbereitet,40
1608,40,2,Racebike_Rahmen_komplettiert,Racebike_Rahmen_komplettiert,16
1608,41,0,Mountainbike_Hauptrahmen_zugeschnitten,Mountainbike_Hauptrahmen_zugeschnitten,40
1608,42,1,Racebike_Bremsaufnahme_gebohrt,Racebike_Bremsaufnahme_gebohrt,24
1608,43,1,Racebike_Hinterbau_vorbereitet,Racebike_Hinterbau_vorbereitet,20
1608,44,2,Citybike_Steuerrohr_montiert,Citybike_Steuerrohr_montiert,18
1608,45,2,Mountainbike_Bremsen_justiert,Mountainbike_Bremsen_justiert,12
1608,46,1,Citybike_Rahmen_lackiert,Citybike_Rahmen_lackiert,25
1608,47,1,Citybike_Rahmen_nachbearbeitet,Citybike_Rahmen_nachbearbeitet,20
1608,48,0,Mountainbike_Rahmen_nachbearbeitet,Mountainbike_Rahmen_nachbearbeitet,40
1608,49,0,Racebike_Bremsen_justiert,Racebike_Bremsen_justiert,35
1608,50,2,Racebike_Rahmen_komplettiert,Racebike_Rahmen_komplettiert,16
1608,51,0,Racebike_Fahrrad_endmontiert,Racebike_Fahrrad_endmontiert,40
1608,52,0,Racebike_Rahmen_lackiert,Racebike_Rahmen_lackiert,40
1608,53,2,Mountainbike_Steuerrohr_ausgerieben,Mountainbike_Steuerrohr_ausgerieben,13
1608,54,0,Mountainbike_Tretlager_gefraest,Mountainbike_Tretlager_gefraest,38
1608,55,2,Racebike_Hinterbau_vorbereitet,Racebike_Hinterbau_vorbereitet,16
1608,56,0,Racebike_Antrieb_installiert,Racebike_Antrieb_installiert,35
1608,57,1,Racebike_Tretlageraufnahme_geschweisst,Racebike_Tretlageraufnahme_geschweisst,15
1608,58,0,E-Bike_Bremsaufnahme_gebohrt,E-Bike_Bremsaufnahme_gebohrt,47
1608,59,1,Citybike_Fahrrad_endmontiert,Citybike_Fahrrad_endmontiert,25
1608,60,1,E-Bike_Hauptrahmen_zugeschnitten,E-Bike_Hauptrahmen_zugeschnitten,27
1608,61,0,E-Bike_Rahmen_nachbearbeitet,E-Bike_Rahmen_nachbearbeitet,40
1608,62,1,Mountainbike_Rahmen_komplettiert,Mountainbike_Rahmen_komplettiert,26
1608,63,2,Mountainbike_Tretlageraufnahme_geschweisst,Mountainbike_Tretlageraufnahme_geschweisst,13
1608,64,2,Mountainbike_Tretlageraufnahme_geschweisst,Mountainbike_Tretlageraufnahme_geschweisst,10
1608,65,0,Racebike_Rahmen_komplettiert,Racebike_Rahmen_komplettiert,47
1608,66,0,Racebike_Rahmen_komplettiert,Racebike_Rahmen_komplettiert,25
1608,67,1,E-Bike_Bremsen_justiert,E-Bike_Bremsen_justiert,28
1608,68,1,E-Bike_Tretlager_gefraest,E-Bike_Tretlager_gefraest,20
1608,69,2,E-Bike_Schaltauge_bearbeitet,E-Bike_Schaltauge_bearbeitet,24
1608,70,1,Mountainbike_Hauptrahmen_zugeschnitten,Mountainbike_Hauptrahmen_zugeschnitten,26
1608,71,0,E-Bike_Tretlager_gefraest,E-Bike_Tretlager_gefraest,47
1608,72,1,Mountainbike_Steuerrohr_montiert,Mountainbike_Steuerrohr_montiert,20
1608,73,1,Racebike_Rahmen_lackiert,Racebike_Rahmen_lackiert,24
1608,74,0,Racebike_Tretlager_gefraest,Racebike_Tretlager_gefraest,47
1608,75,0,Racebike_Rahmen_lackiert,Racebike_Rahmen_lackiert,40
1608,76,1,Citybike_Hinterbau_vorbereitet,Citybike_Hinterbau_vorbereitet,25
1608,77,1,E-Bike_Laufraeder_montiert,E-Bike_Laufraeder_montiert,27
1608,78,1,Racebike_Hauptrahmen_zugeschnitten,Racebike_Hauptrahmen_zugeschnitten,26
1608,79,1,Mountainbike_Bremsaufnahme_gebohrt,Mountainbike_Bremsaufnahme_gebohrt,25
1608,80,2,E-Bike_Bremsaufnahme_gebohrt,E-Bike_Bremsaufnahme_gebohrt,15
1608,81,1,Racebike_Steuerrohr_ausgerieben,Racebike_Steuerrohr_ausgerieben,24
1608,82,0,Citybike_Rahmen_nachbearbeitet,Citybike_Rahmen_nachbearbeitet,43
1608,83,1,Mountainbike_Rahmen_lackiert,Mountainbike_Rahmen_lackiert,25
1608,84,0,Mountainbike_Schaltauge_bearbeitet,Mountainbike_Schaltauge_bearbeitet,40
1608,85,1,Racebike_Rahmen_nachbearbeitet,Racebike_Rahmen_nachbearbeitet,24
1608,86,1,E-Bike_Hauptrahmen_zugeschnitten,E-Bike_Hauptrahmen_zugeschnitten,28
1608,87,2,E-Bike_Rahmen_nachbearbeitet,E-Bike_Rahmen_nachbearbeitet,15
1608,88,2,Racebike_Hauptrahmen_zugeschnitten,Racebike_Hauptrahmen_zugeschnitten,25
1608,89,0,Mountainbike_Hinterbau_vorbereitet,Mountainbike_Hinterbau_vorbereitet,40
1608,90,2,Racebike_Antrieb_installiert,Racebike_Antrieb_installiert,15
1608,91,0,Racebike_Steuerrohr_montiert,Racebike_Steuerrohr_montiert,35
1608,92,1,E-Bike_Hinterbau_vorbereitet,E-Bike_Hinterbau_vorbereitet,20
1608,93,2,Citybike_Hauptrahmen_zugeschnitten,Citybike_Hauptrahmen_zugeschnitten,18
1608,94,2,Mountainbike_Rahmen_nachbearbeitet,Mountainbike_Rahmen_nachbearbeitet,12
1608,95,1,Mountainbike_Rahmen_lackiert,Mountainbike_Rahmen_lackiert,26
1608,96,1,Racebike_Tretlager_gefraest,Racebike_Tretlager_gefraest,24
1608,97,1,Racebike_Steuerrohr_ausgerieben,Racebike_Steuerrohr_ausgerieben,20
1608,98,1,Racebike_Schaltauge_bearbeitet,Racebike_Schaltauge_bearbeitet,20
1608,99,0,E-Bike_Rahmen_nachbearbeitet,E-Bike_Rahmen_nachbearbeitet,47
1608,100,0,Mountainbike_Tretlager_gefraest,Mountainbike_Tretlager_gefraest,53
1608,101,2,Mountainbike_Laufraeder_montiert,Mountainbike_Laufraeder_montiert,15
1608,102,1,E-Bike_Hinterbau_vorbereitet,E-Bike_Hinterbau_vorbereitet,28
1608,103,1,Racebike_Tretlageraufnahme_geschweisst,Racebike_Tretlageraufnahme_geschweisst,26
1608,104,2,Mountainbike_Antrieb_installiert,Mountainbike_Antrieb_installiert,15
1608,105,0,Mountainbike_Steuerrohr_montiert,Mountainbike_Steuerrohr_montiert,40
1608,106,1,Mountainbike_Antrieb_installiert,Mountainbike_Antrieb_installiert,25
1608,107,0,E-Bike_Antrieb_installiert,E-Bike_Antrieb_installiert,55
1608,108,0,Racebike_Bremsen_justiert,Racebike_Bremsen_justiert,47
1608,109,0,Citybike_Rahmen_lackiert,Citybike_Rahmen_lackiert,43
1608,110,1,Mountainbike_Fahrrad_endmontiert,Mountainbike_Fahrrad_endmontiert,20
1608,111,1,Mountainbike_Bremsaufnahme_gebohrt,Mountainbike_Bremsaufnahme_gebohrt,20
1608,112,1,Mountainbike_Rahmen_nachbearbeitet,Mountainbike_Rahmen_nachbearbeitet,20
1608,113,0,E-Bike_Fahrrad_endmontiert,E-Bike_Fahrrad_endmontiert,43
1608,114,0,Mountainbike_Steuerrohr_montiert,Mountainbike_Steuerrohr_montiert,53
1608,115,0,Mountainbike_Hauptrahmen_zugeschnitten,Mountainbike_Hauptrahmen_zugeschnitten,40
1608,116,2,Citybike_Schaltauge_bearbeitet,Citybike_Schaltauge_bearbeitet,18
1608,117,0,Citybike_Fahrrad_endmontiert,Citybike_Fahrrad_endmontiert,39
1608,118,1,E-Bike_Hinterbau_vorbereitet,E-Bike_Hinterbau_vorbereitet,28
1608,119,0,Citybike_Rahmen_komplettiert,Citybike_Rahmen_komplettiert,40
1608,120,1,Mountainbike_Steuerrohr_ausgerieben,Mountainbike_Steuerrohr_ausgerieben,26
1608,121,2,E-Bike_Steuerrohr_montiert,E-Bike_Steuerrohr_montiert,24
1608,122,1,E-Bike_Rahmen_lackiert,E-Bike_Rahmen_lackiert,28
1608,123,2,E-Bike_Rahmen_komplettiert,E-Bike_Rahmen_komplettiert,15
1609,4,1,Mountainbike_Antrieb_installiert,Mountainbike_Antrieb_installiert,25
1609,5,0,Mountainbike_Tretlageraufnahme_geschweisst,Mountainbike_Tretlageraufnahme_geschweisst,40
1609,6,1,Mountainbike_Tretlager_gefraest,Mountainbike_Tretlager_gefraest,20
1609,7,2,Racebike_Antrieb_installiert,Racebike_Antrieb_installiert,25
1609,8,1,Racebike_Rahmen_nachbearbeitet,Racebike_Rahmen_nachbearbeitet,24
1609,9,1,Racebike_Hinterbau_vorbereitet,Racebike_Hinterbau_vorbereitet,20
1609,10,1,Mountainbike_Rahmen_komplettiert,Mountainbike_Rahmen_komplettiert,25
1609,11,1,Mountainbike_Fahrrad_endmontiert,Mountainbike_Fahrrad_endmontiert,20
1609,12,0,Racebike_Hauptrahmen_zugeschnitten,Racebike_Hauptrahmen_zugeschnitten,35
1609,13,1,E-Bike_Schaltauge_bearbeitet,E-Bike_Schaltauge_bearbeitet,28
1609,14,2,E-Bike_Rahmen_komplettiert,E-Bike_Rahmen_komplettiert,25
1609,15,1,Citybike_Tretlager_gefraest,Citybike_Tretlager_gefraest,28
1609,16,1,E-Bike_Tretlageraufnahme_geschweisst,E-Bike_Tretlageraufnahme_geschweisst,27
1609,17,1,Mountainbike_Steuerrohr_montiert,Mountainbike_Steuerrohr_montiert,26
1609,18,1,E-Bike_Tretlager_gefraest,E-Bike_Tretlager_gefraest,28
1609,19,0,Citybike_Hinterbau_vorbereitet,Citybike_Hinterbau_vorbereitet,43
1609,20,2,Mountainbike_Bremsen_justiert,Mountainbike_Bremsen_justiert,24
1609,21,1,Citybike_Bremsen_justiert,Citybike_Bremsen_justiert,28
1609,22,0,Racebike_Fahrrad_endmontiert,Racebike_Fahrrad_endmontiert,42
1609,23,2,Mountainbike_Hinterbau_vorbereitet,Mountainbike_Hinterbau_vorbereitet,15
1609,24,0,Mountainbike_Rahmen_lackiert,Mountainbike_Rahmen_lackiert,38
1609,25,0,Racebike_Hinterbau_vorbereitet,Racebike_Hinterbau_vorbereitet,35
1609,26,2,Mountainbike_Tretlageraufnahme_geschweisst,Mountainbike_Tretlageraufnahme_geschweisst,15
1609,27,0,Mountainbike_Bremsaufnahme_gebohrt,Mountainbike_Bremsaufnahme_gebohrt,38
1609,28,2,Racebike_Hinterbau_vorbereitet,Racebike_Hinterbau_vorbereitet,16
1609,29,1,Citybike_Hinterbau_vorbereitet,Citybike_Hinterbau_vorbereitet,20
1609,30,1,Racebike_Laufraeder_montiert,Racebike_Laufraeder_montiert,15
1609,31,0,Mountainbike_Hinterbau_vorbereitet,Mountainbike_Hinterbau_vorbereitet,40
1609,32,0,E-Bike_Steuerrohr_ausgerieben,E-Bike_Steuerrohr_ausgerieben,55
1609,33,1,Mountainbike_Fahrrad_endmontiert,Mountainbike_Fahrrad_endmontiert,25
1609,34,0,E-Bike_Fahrrad_endmontiert,E-Bike_Fahrrad_endmontiert,40
1609,35,2,E-Bike_Tretlageraufnahme_geschweisst,E-Bike_Tretlageraufnahme_geschweisst,25
1609,36,0,E-Bike_Tretlager_gefraest,E-Bike_Tretlager_gefraest,40
1609,37,1,E-Bike_Hinterbau_vorbereitet,E-Bike_Hinterbau_vorbereitet,28
1609,38,0,Racebike_Rahmen_lackiert,Racebike_Rahmen_lackiert,47
1609,39,1,E-Bike_Hinterbau_vorbereitet,E-Bike_Hinterbau_vorbereitet,15
1609,40,2,Mountainbike_Bremsen_justiert,Mountainbike_Bremsen_justiert,24
1609,41,0,Racebike_Rahmen_lackiert,Racebike_Rahmen_lackiert,25
1609,42,0,E-Bike_Rahmen_nachbearbeitet,E-Bike_Rahmen_nachbearbeitet,47
1609,43,1,Mountainbike_Fahrrad_endmontiert,Mountainbike_Fahrrad_endmontiert,26
1609,44,1,Citybike_Antrieb_installiert,Citybike_Antrieb_installiert,15
1609,45,0,Racebike_Rahmen_komplettiert,Racebike_Rahmen_komplettiert,47
1609,46,1,Mountainbike_Bremsaufnahme_gebohrt,Mountainbike_Bremsaufnahme_gebohrt,20
1609,47,2,Mountainbike_Rahmen_lackiert,Mountainbike_Rahmen_lackiert,15
1609,48,0,E-Bike_Tretlager_gefraest,E-Bike_Tretlager_gefraest,47
1609,49,2,Mountainbike_Steuerrohr_ausgerieben,Mountainbike_Steuerrohr_ausgerieben,15
1609,50,0,Mountainbike_Tretlager_gefraest,Mountainbike_Tretlager_gefraest,53
1609,51,1,Citybike_Bremsen_justiert,Citybike_Bremsen_justiert,15
1609,52,0,Citybike_Hauptrahmen_zugeschnitten,Citybike_Hauptrahmen_zugeschnitten,39
1609,53,0,E-Bike_Bremsaufnahme_gebohrt,E-Bike_Bremsaufnahme_gebohrt,43
1609,54,2,Citybike_Tretlageraufnahme_geschweisst,Citybike_Tretlageraufnahme_geschweisst,18
1609,55,2,Mountainbike_Laufraeder_montiert,Mountainbike_Laufraeder_montiert,12
1609,56,2,E-Bike_Bremsaufnahme_gebohrt,E-Bike_Bremsaufnahme_gebohrt,24
1609,57,1,Racebike_Bremsaufnahme_gebohrt,Racebike_Bremsaufnahme_gebohrt,15
1609,58,1,Racebike_Hauptrahmen_zugeschnitten,Racebike_Hauptrahmen_zugeschnitten,20
1609,59,0,Mountainbike_Hauptrahmen_zugeschnitten,Mountainbike_Hauptrahmen_zugeschnitten,53
1609,60,1,Mountainbike_Rahmen_komplettiert,Mountainbike_Rahmen_komplettiert,25
1609,61,1,Racebike_Rahmen_nachbearbeitet,Racebike_Rahmen_nachbearbeitet,24
1609,62,2,Citybike_Steuerrohr_montiert,Citybike_Steuerrohr_montiert,15
1609,63,2,Racebike_Rahmen_komplettiert,Racebike_Rahmen_komplettiert,10
1609,64,2,Racebike_Antrieb_installiert,Racebike_Antrieb_installiert,15
1609,65,0,Mountainbike_Hinterbau_vorbereitet,Mountainbike_Hinterbau_vorbereitet,40
1609,66,1,Racebike_Bremsaufnahme_gebohrt,Racebike_Bremsaufnahme_gebohrt,20
1609,67,1,Citybike_Fahrrad_endmontiert,Citybike_Fahrrad_endmontiert,25
1609,68,1,Mountainbike_Bremsaufnahme_gebohrt,Mountainbike_Bremsaufnahme_gebohrt,20
1609,69,1,Racebike_Schaltauge_bearbeitet,Racebike_Schaltauge_bearbeitet,24
1609,70,2,Racebike_Rahmen_komplettiert,Racebike_Rahmen_komplettiert,15
1609,71,2,Racebike_Rahmen_nachbearbeitet,Racebike_Rahmen_nachbearbeitet,15
1609,72,1,Mountainbike_Rahmen_lackiert,Mountainbike_Rahmen_lackiert,25
1609,73,0,Racebike_Bremsen_justiert,Racebike_Bremsen_justiert,35
1609,74,1,E-Bike_Laufraeder_montiert,E-Bike_Laufraeder_montiert,28
1609,75,1,Mountainbike_Hauptrahmen_zugeschnitten,Mountainbike_Hauptrahmen_zugeschnitten,26
1609,76,2,Mountainbike_Tretlageraufnahme_geschweisst,Mountainbike_Tretlageraufnahme_geschweisst,13
1609,77,1,Racebike_Rahmen_lackiert,Racebike_Rahmen_lackiert,24
1609,78,1,Citybike_Rahmen_lackiert,Citybike_Rahmen_lackiert,25
1609,79,1,Citybike_Rahmen_nachbearbeitet,Citybike_Rahmen_nachbearbeitet,20
1609,80,0,Racebike_Tretlager_gefraest,Racebike_Tretlager_gefraest,40
1609,81,0,Mountainbike_Rahmen_nachbearbeitet,Mountainbike_Rahmen_nachbearbeitet,38
1609,82,1,E-Bike_Bremsen_justiert,E-Bike_Bremsen_justiert,27
1609,83,0,Citybike_Rahmen_nachbearbeitet,Citybike_Rahmen_nachbearbeitet,39
1609,84,1,E-Bike_Hinterbau_vorbereitet,E-Bike_Hinterbau_vorbereitet,20
1609,85,0,E-Bike_Antrieb_installiert,E-Bike_Antrieb_installiert,43
1609,86,1,Mountainbike_Steuerrohr_montiert,Mountainbike_Steuerrohr_montiert,26
1609,87,1,E-Bike_Hauptrahmen_zugeschnitten,E-Bike_Hauptrahmen_zugeschnitten,28
1609,88,0,Racebike_Antrieb_installiert,Racebike_Antrieb_installiert,47
1609,89,1,Mountainbike_Rahmen_nachbearbeitet,Mountainbike_Rahmen_nachbearbeitet,26
1609,90,1,Racebike_Steuerrohr_ausgerieben,Racebike_Steuerrohr_ausgerieben,24
1609,91,0,E-Bike_Hinterbau_vorbereitet,E-Bike_Hinterbau_vorbereitet,47
1609,92,0,E-Bike_Bremsen_justiert,E-Bike_Bremsen_justiert,40
1609,93,0,Mountainbike_Steuerrohr_montiert,Mountainbike_Steuerrohr_montiert,53
1609,94,2,Mountainbike_Tretlageraufnahme_geschweisst,Mountainbike_Tretlageraufnahme_geschweisst,10
1609,95,1,Racebike_Tretlageraufnahme_geschweisst,Racebike_Tretlageraufnahme_geschweisst,20
1609,96,1,Racebike_Tretlager_gefraest,Racebike_Tretlager_gefraest,20
1609,97,2,Citybike_Hauptrahmen_zugeschnitten,Citybike_Hauptrahmen_zugeschnitten,18
1609,98,1,Mountainbike_Rahmen_lackiert,Mountainbike_Rahmen_lackiert,25
1609,99,1,Racebike_Tretlageraufnahme_geschweisst,Racebike_Tretlageraufnahme_geschweisst,24
1609,100,1,Racebike_Steuerrohr_ausgerieben,Racebike_Steuerrohr_ausgerieben,20
1609,101,2,Racebike_Hauptrahmen_zugeschnitten,Racebike_Hauptrahmen_zugeschnitten,10
1609,102,0,Mountainbike_Tretlager_gefraest,Mountainbike_Tretlager_gefraest,40
1609,103,1,E-Bike_Hauptrahmen_zugeschnitten,E-Bike_Hauptrahmen_zugeschnitten,28
1609,104,0,Racebike_Steuerrohr_montiert,Racebike_Steuerrohr_montiert,35
1609,105,2,Mountainbike_Rahmen_nachbearbeitet,Mountainbike_Rahmen_nachbearbeitet,13
1609,106,0,Racebike_Bremsen_justiert,Racebike_Bremsen_justiert,40
1609,107,2,E-Bike_Schaltauge_bearbeitet,E-Bike_Schaltauge_bearbeitet,24
1609,108,2,E-Bike_Rahmen_nachbearbeitet,E-Bike_Rahmen_nachbearbeitet,15
1609,109,1,E-Bike_Hinterbau_vorbereitet,E-Bike_Hinterbau_vorbereitet,20
1609,110,2,Mountainbike_Laufraeder_montiert,Mountainbike_Laufraeder_montiert,24
1609,111,0,E-Bike_Rahmen_nachbearbeitet,E-Bike_Rahmen_nachbearbeitet,47
1609,112,2,E-Bike_Steuerrohr_montiert,E-Bike_Steuerrohr_montiert,24
1609,113,0,Citybike_Rahmen_lackiert,Citybike_Rahmen_lackiert,54
1609,114,0,Mountainbike_Hauptrahmen_zugeschnitten,Mountainbike_Hauptrahmen_zugeschnitten,40
1609,115,0,Racebike_Rahmen_komplettiert,Racebike_Rahmen_komplettiert,35
1609,116,1,Mountainbike_Steuerrohr_ausgerieben,Mountainbike_Steuerrohr_ausgerieben,26
1609,117,1,E-Bike_Rahmen_lackiert,E-Bike_Rahmen_lackiert,28
1609,118,2,Citybike_Schaltauge_bearbeitet,Citybike_Schaltauge_bearbeitet,15
1609,119,2,E-Bike_Rahmen_komplettiert,E-Bike_Rahmen_komplettiert,24
1609,120,2,Mountainbike_Antrieb_installiert,Mountainbike_Antrieb_installiert,24
1609,121,0,Mountainbike_Steuerrohr_montiert,Mountainbike_Steuerrohr_montiert,38
1609,122,0,Citybike_Fahrrad_endmontiert,Citybike_Fahrrad_endmontiert,39
1609,123,0,Citybike_Rahmen_komplettiert,Citybike_Rahmen_komplettiert,40
1610,2,1,Mountainbike_Steuerrohr_montiert,Mountainbike_Steuerrohr_montiert,20
1610,5,0,E-Bike_Tretlager_gefraest,E-Bike_Tretlager_gefraest,55
1610,6,0,E-Bike_Hinterbau_vorbereitet,E-Bike_Hinterbau_vorbereitet,40
1610,7,1,E-Bike_Laufraeder_montiert,E-Bike_Laufraeder_montiert,28
1610,8,1,E-Bike_Schaltauge_bearbeitet,E-Bike_Schaltauge_bearbeitet,20
1610,9,2,E-Bike_Rahmen_komplettiert,E-Bike_Rahmen_komplettiert,25
1610,10,0,Racebike_Hauptrahmen_zugeschnitten,Racebike_Hauptrahmen_zugeschnitten,47
1610,11,1,Racebike_Rahmen_nachbearbeitet,Racebike_Rahmen_nachbearbeitet,26
1610,12,1,Mountainbike_Rahmen_komplettiert,Mountainbike_Rahmen_komplettiert,25
1610,13,2,E-Bike_Tretlageraufnahme_geschweisst,E-Bike_Tretlageraufnahme_geschweisst,15
1610,14,2,Racebike_Hinterbau_vorbereitet,Racebike_Hinterbau_vorbereitet,25
1610,15,2,E-Bike_Rahmen_komplettiert,E-Bike_Rahmen_komplettiert,25
1610,16,1,Racebike_Hinterbau_vorbereitet,Racebike_Hinterbau_vorbereitet,24
1610,17,0,Racebike_Rahmen_lackiert,Racebike_Rahmen_lackiert,40
1610,18,0,Mountainbike_Tretlageraufnahme_geschweisst,Mountainbike_Tretlageraufnahme_geschweisst,38
1610,19,2,Mountainbike_Bremsen_justiert,Mountainbike_Bremsen_justiert,24
1610,20,2,Mountainbike_Tretlageraufnahme_geschweisst,Mountainbike_Tretlageraufnahme_geschweisst,15
1610,21,0,Racebike_Fahrrad_endmontiert,Racebike_Fahrrad_endmontiert,35
1610,22,0,Mountainbike_Hinterbau_vorbereitet,Mountainbike_Hinterbau_vorbereitet,38
1610,23,2,Mountainbike_Bremsen_justiert,Mountainbike_Bremsen_justiert,15
1610,24,2,Mountainbike_Steuerrohr_ausgerieben,Mountainbike_Steuerrohr_ausgerieben,15
1610,25,1,Citybike_Tretlager_gefraest,Citybike_Tretlager_gefraest,25
1610,26,1,Mountainbike_Fahrrad_endmontiert,Mountainbike_Fahrrad_endmontiert,20
1610,27,1,E-Bike_Tretlageraufnahme_geschweisst,E-Bike_Tretlageraufnahme_geschweisst,28
1610,28,1,Racebike_Bremsaufnahme_gebohrt,Racebike_Bremsaufnahme_gebohrt,26
1610,29,0,E-Bike_Bremsen_justiert,E-Bike_Bremsen_justiert,55
1610,30,1,Racebike_Laufraeder_montiert,Racebike_Laufraeder_montiert,20
1610,31,1,Mountainbike_Bremsaufnahme_gebohrt,Mountainbike_Bremsaufnahme_gebohrt,25
1610,32,1,Mountainbike_Fahrrad_endmontiert,Mountainbike_Fahrrad_endmontiert,20
1610,33,0,E-Bike_Steuerrohr_ausgerieben,E-Bike_Steuerrohr_ausgerieben,40
1610,34,2,Racebike_Rahmen_komplettiert,Racebike_Rahmen_komplettiert,16
1610,35,1,E-Bike_Hinterbau_vorbereitet,E-Bike_Hinterbau_vorbereitet,28
1610,36,1,Racebike_Tretlager_gefraest,Racebike_Tretlager_gefraest,26
1610,37,1,E-Bike_Tretlager_gefraest,E-Bike_Tretlager_gefraest,28
1610,38,2,Mountainbike_Hinterbau_vorbereitet,Mountainbike_Hinterbau_vorbereitet,13
1610,39,1,Racebike_Tretlageraufnahme_geschweisst,Racebike_Tretlageraufnahme_geschweisst,26
1610,40,0,Mountainbike_Hinterbau_vorbereitet,Mountainbike_Hinterbau_vorbereitet,53
1610,41,1,E-Bike_Hauptrahmen_zugeschnitten,E-Bike_Hauptrahmen_zugeschnitten,28
1610,42,0,Racebike_Rahmen_lackiert,Racebike_Rahmen_lackiert,35
1610,43,0,Mountainbike_Rahmen_lackiert,Mountainbike_Rahmen_lackiert,38
1610,44,0,E-Bike_Rahmen_nachbearbeitet,E-Bike_Rahmen_nachbearbeitet,55
1610,45,0,Racebike_Bremsen_justiert,Racebike_Bremsen_justiert,47
1610,46,1,Mountainbike_Antrieb_installiert,Mountainbike_Antrieb_installiert,26
1610,47,1,Citybike_Hinterbau_vorbereitet,Citybike_Hinterbau_vorbereitet,15
1610,48,1,Citybike_Bremsen_justiert,Citybike_Bremsen_justiert,20
1610,49,0,Racebike_Rahmen_komplettiert,Racebike_Rahmen_komplettiert,40
1610,50,0,Citybike_Hinterbau_vorbereitet,Citybike_Hinterbau_vorbereitet,43
1610,51,1,Mountainbike_Rahmen_lackiert,Mountainbike_Rahmen_lackiert,20
1610,52,1,Racebike_Rahmen_lackiert,Racebike_Rahmen_lackiert,24
1610,53,0,Mountainbike_Bremsaufnahme_gebohrt,Mountainbike_Bremsaufnahme_gebohrt,40
1610,54,1,E-Bike_Hauptrahmen_zugeschnitten,E-Bike_Hauptrahmen_zugeschnitten,28
1610,55,1,Mountainbike_Fahrrad_endmontiert,Mountainbike_Fahrrad_endmontiert,26
1610,56,0,E-Bike_Fahrrad_endmontiert,E-Bike_Fahrrad_endmontiert,55
1610,57,1,Racebike_Fahrrad_endmontiert,Racebike_Fahrrad_endmontiert,24
1610,58,1,Citybike_Bremsen_justiert,Citybike_Bremsen_justiert,25
1610,59,1,E-Bike_Hinterbau_vorbereitet,E-Bike_Hinterbau_vorbereitet,27
1610,60,2,E-Bike_Schaltauge_bearbeitet,E-Bike_Schaltauge_bearbeitet,24
1610,61,0,Racebike_Hinterbau_vorbereitet,Racebike_Hinterbau_vorbereitet,47
1610,62,0,Racebike_Tretlager_gefraest,Racebike_Tretlager_gefraest,40
1610,63,0,E-Bike_Tretlager_gefraest,E-Bike_Tretlager_gefraest,47
1610,64,0,E-Bike_Bremsaufnahme_gebohrt,E-Bike_Bremsaufnahme_gebohrt,40
1610,65,2,Mountainbike_Rahmen_lackiert,Mountainbike_Rahmen_lackiert,24
1610,66,0,Mountainbike_Rahmen_nachbearbeitet,Mountainbike_Rahmen_nachbearbeitet,53
1610,67,0,Citybike_Rahmen_nachbearbeitet,Citybike_Rahmen_nachbearbeitet,39
1610,68,2,E-Bike_Bremsaufnahme_gebohrt,E-Bike_Bremsaufnahme_gebohrt,24
1610,69,1,Racebike_Steuerrohr_ausgerieben,Racebike_Steuerrohr_ausgerieben,26
1610,70,0,Mountainbike_Steuerrohr_montiert,Mountainbike_Steuerrohr_montiert,40
1610,71,1,Mountainbike_Rahmen_komplettiert,Mountainbike_Rahmen_komplettiert,25
1610,72,1,Racebike_Hauptrahmen_zugeschnitten,Racebike_Hauptrahmen_zugeschnitten,24
1610,73,1,Mountainbike_Hauptrahmen_zugeschnitten,Mountainbike_Hauptrahmen_zugeschnitten,25
1610,74,2,Mountainbike_Laufraeder_montiert,Mountainbike_Laufraeder_montiert,24
1610,75,1,Racebike_Rahmen_nachbearbeitet,Racebike_Rahmen_nachbearbeitet,24
1610,76,2,E-Bike_Rahmen_nachbearbeitet,E-Bike_Rahmen_nachbearbeitet,24
1610,77,1,Citybike_Antrieb_installiert,Citybike_Antrieb_installiert,25
1610,78,2,Racebike_Rahmen_nachbearbeitet,Racebike_Rahmen_nachbearbeitet,25
1610,79,0,Mountainbike_Hauptrahmen_zugeschnitten,Mountainbike_Hauptrahmen_zugeschnitten,40
1610,80,2,Citybike_Tretlageraufnahme_geschweisst,Citybike_Tretlageraufnahme_geschweisst,18
1610,81,2,Mountainbike_Tretlageraufnahme_geschweisst,Mountainbike_Tretlageraufnahme_geschweisst,12
1610,82,0,Racebike_Antrieb_installiert,Racebike_Antrieb_installiert,35
1610,83,1,Citybike_Rahmen_lackiert,Citybike_Rahmen_lackiert,20
1610,84,1,Mountainbike_Bremsaufnahme_gebohrt,Mountainbike_Bremsaufnahme_gebohrt,20
1610,85,2,Mountainbike_Tretlageraufnahme_geschweisst,Mountainbike_Tretlageraufnahme_geschweisst,10
1610,86,1,E-Bike_Hinterbau_vorbereitet,E-Bike_Hinterbau_vorbereitet,28
1610,87,2,Racebike_Antrieb_installiert,Racebike_Antrieb_installiert,16
1610,88,1,Racebike_Bremsaufnahme_gebohrt,Racebike_Bremsaufnahme_gebohrt,26
1610,89,1,Racebike_Schaltauge_bearbeitet,Racebike_Schaltauge_bearbeitet,20
1610,90,0,E-Bike_Rahmen_nachbearbeitet,E-Bike_Rahmen_nachbearbeitet,47
1610,91,1,Mountainbike_Rahmen_lackiert,Mountainbike_Rahmen_lackiert,25
1610,92,0,Mountainbike_Tretlager_gefraest,Mountainbike_Tretlager_gefraest,53
1610,93,2,Racebike_Rahmen_komplettiert,Racebike_Rahmen_komplettiert,15
1610,94,1,Mountainbike_Steuerrohr_montiert,Mountainbike_Steuerrohr_montiert,20
1610,95,2,Mountainbike_Laufraeder_montiert,Mountainbike_Laufraeder_montiert,13
1610,96,0,Mountainbike_Tretlager_gefraest,Mountainbike_Tretlager_gefraest,25
1610,97,2,Citybike_Hauptrahmen_zugeschnitten,Citybike_Hauptrahmen_zugeschnitten,18
1610,98,1,Racebike_Steuerrohr_ausgerieben,Racebike_Steuerrohr_ausgerieben,24
1610,99,2,E-Bike_Steuerrohr_montiert,E-Bike_Steuerrohr_montiert,24
1610,100,1,Citybike_Rahmen_nachbearbeitet,Citybike_Rahmen_nachbearbeitet,25
1610,101,2,Mountainbike_Antrieb_installiert,Mountainbike_Antrieb_installiert,24
1610,102,2,Mountainbike_Rahmen_nachbearbeitet,Mountainbike_Rahmen_nachbearbeitet,15
1610,103,1,Mountainbike_Rahmen_nachbearbeitet,Mountainbike_Rahmen_nachbearbeitet,20
1610,104,0,Mountainbike_Hauptrahmen_zugeschnitten,Mountainbike_Hauptrahmen_zugeschnitten,40
1610,105,0,Citybike_Rahmen_lackiert,Citybike_Rahmen_lackiert,39
1610,106,1,E-Bike_Rahmen_lackiert,E-Bike_Rahmen_lackiert,28
1610,107,0,Citybike_Hauptrahmen_zugeschnitten,Citybike_Hauptrahmen_zugeschnitten,40
1610,108,2,Citybike_Schaltauge_bearbeitet,Citybike_Schaltauge_bearbeitet,18
1610,109,0,Mountainbike_Steuerrohr_montiert,Mountainbike_Steuerrohr_montiert,40
1610,110,2,Racebike_Hauptrahmen_zugeschnitten,Racebike_Hauptrahmen_zugeschnitten,10
1610,111,1,Mountainbike_Steuerrohr_ausgerieben,Mountainbike_Steuerrohr_ausgerieben,26
1610,112,2,E-Bike_Rahmen_komplettiert,E-Bike_Rahmen_komplettiert,25
1610,113,0,Racebike_Steuerrohr_montiert,Racebike_Steuerrohr_montiert,35
1610,114,0,Racebike_Bremsen_justiert,Racebike_Bremsen_justiert,40
1610,115,0,Citybike_Fahrrad_endmontiert,Citybike_Fahrrad_endmontiert,43
1610,116,1,E-Bike_Bremsen_justiert,E-Bike_Bremsen_justiert,28
1610,117,1,E-Bike_Hinterbau_vorbereitet,E-Bike_Hinterbau_vorbereitet,20
1610,118,2,Citybike_Steuerrohr_montiert,Citybike_Steuerrohr_montiert,15
1610,119,0,Citybike_Rahmen_komplettiert,Citybike_Rahmen_komplettiert,40
1610,120,1,Racebike_Tretlageraufnahme_geschweisst,Racebike_Tretlageraufnahme_geschweisst,26
1610,121,1,Citybike_Fahrrad_endmontiert,Citybike_Fahrrad_endmontiert,25
1610,122,0,Racebike_Rahmen_komplettiert,Racebike_Rahmen_komplettiert,42
1610,123,0,E-Bike_Antrieb_installiert,E-Bike_Antrieb_installiert,47
1611,4,0,Citybike_Hinterbau_vorbereitet,Citybike_Hinterbau_vorbereitet,39
1611,5,2,E-Bike_Rahmen_komplettiert,E-Bike_Rahmen_komplettiert,25
1611,6,0,Mountainbike_Tretlageraufnahme_geschweisst,Mountainbike_Tretlageraufnahme_geschweisst,40
1611,7,1,Racebike_Hinterbau_vorbereitet,Racebike_Hinterbau_vorbereitet,24
1611,8,0,Mountainbike_Schaltauge_bearbeitet,Mountainbike_Schaltauge_bearbeitet,40
1611,9,1,E-Bike_Schaltauge_bearbeitet,E-Bike_Schaltauge_bearbeitet,28
1611,10,2,E-Bike_Rahmen_komplettiert,E-Bike_Rahmen_komplettiert,10
1611,11,1,Citybike_Tretlager_gefraest,Citybike_Tretlager_gefraest,28
1611,12,1,E-Bike_Tretlageraufnahme_geschweisst,E-Bike_Tretlageraufnahme_geschweisst,27
1611,13,0,E-Bike_Steuerrohr_ausgerieben,E-Bike_Steuerrohr_ausgerieben,55
1611,14,1,E-Bike_Hinterbau_vorbereitet,E-Bike_Hinterbau_vorbereitet,20
1611,15,0,Mountainbike_Rahmen_nachbearbeitet,Mountainbike_Rahmen_nachbearbeitet,53
1611,16,1,Racebike_Fahrrad_endmontiert,Racebike_Fahrrad_endmontiert,26
1611,17,0,Racebike_Hinterbau_vorbereitet,Racebike_Hinterbau_vorbereitet,35
1611,18,0,Racebike_Hauptrahmen_zugeschnitten,Racebike_Hauptrahmen_zugeschnitten,40
1611,19,1,Mountainbike_Antrieb_installiert,Mountainbike_Antrieb_installiert,25
1611,20,0,Mountainbike_Bremsaufnahme_gebohrt,Mountainbike_Bremsaufnahme_gebohrt,38
1611,21,1,Mountainbike_Fahrrad_endmontiert,Mountainbike_Fahrrad_endmontiert,20
1611,22,1,Mountainbike_Fahrrad_endmontiert,Mountainbike_Fahrrad_endmontiert,15
1611,23,1,Citybike_Bremsen_justiert,Citybike_Bremsen_justiert,15
1611,24,1,Mountainbike_Tretlager_gefraest,Mountainbike_Tretlager_gefraest,20
1611,25,0,E-Bike_Rahmen_nachbearbeitet,E-Bike_Rahmen_nachbearbeitet,55
1611,26,1,Mountainbike_Rahmen_komplettiert,Mountainbike_Rahmen_komplettiert,20
1611,27,2,Mountainbike_Rahmen_lackiert,Mountainbike_Rahmen_lackiert,24
1611,28,1,E-Bike_Tretlager_gefraest,E-Bike_Tretlager_gefraest,28
1611,29,1,Racebike_Bremsaufnahme_gebohrt,Racebike_Bremsaufnahme_gebohrt,26
1611,30,2,Mountainbike_Bremsen_justiert,Mountainbike_Bremsen_justiert,15
1611,31,2,E-Bike_Tretlageraufnahme_geschweisst,E-Bike_Tretlageraufnahme_geschweisst,24
1611,32,2,Racebike_Rahmen_komplettiert,Racebike_Rahmen_komplettiert,25
1611,33,1,Citybike_Antrieb_installiert,Citybike_Antrieb_installiert,25
1611,34,1,Mountainbike_Steuerrohr_montiert,Mountainbike_Steuerrohr_montiert,20
1611,35,1,Racebike_Steuerrohr_ausgerieben,Racebike_Steuerrohr_ausgerieben,24
1611,36,0,E-Bike_Tretlager_gefraest,E-Bike_Tretlager_gefraest,40
1611,37,2,Mountainbike_Tretlageraufnahme_geschweisst,Mountainbike_Tretlageraufnahme_geschweisst,13
1611,38,0,Mountainbike_Hinterbau_vorbereitet,Mountainbike_Hinterbau_vorbereitet,53
1611,39,0,Racebike_Fahrrad_endmontiert,Racebike_Fahrrad_endmontiert,35
1611,40,1,Mountainbike_Bremsaufnahme_gebohrt,Mountainbike_Bremsaufnahme_gebohrt,25
1611,41,0,E-Bike_Fahrrad_endmontiert,E-Bike_Fahrrad_endmontiert,47
1611,42,1,Citybike_Bremsen_justiert,Citybike_Bremsen_justiert,15
1611,43,1,Mountainbike_Hauptrahmen_zugeschnitten,Mountainbike_Hauptrahmen_zugeschnitten,20
1611,44,2,E-Bike_Bremsaufnahme_gebohrt,E-Bike_Bremsaufnahme_gebohrt,24
1611,45,2,Mountainbike_Hinterbau_vorbereitet,Mountainbike_Hinterbau_vorbereitet,24
1611,46,2,Citybike_Tretlageraufnahme_geschweisst,Citybike_Tretlageraufnahme_geschweisst,18
1611,47,0,E-Bike_Hinterbau_vorbereitet,E-Bike_Hinterbau_vorbereitet,40
1611,48,1,E-Bike_Hinterbau_vorbereitet,E-Bike_Hinterbau_vorbereitet,28
1611,49,1,Citybike_Rahmen_lackiert,Citybike_Rahmen_lackiert,28
1611,50,1,Citybike_Rahmen_nachbearbeitet,Citybike_Rahmen_nachbearbeitet,20
1611,51,1,Racebike_Laufraeder_montiert,Racebike_Laufraeder_montiert,15
1611,52,2,Mountainbike_Bremsen_justiert,Mountainbike_Bremsen_justiert,12
1611,53,0,Mountainbike_Hinterbau_vorbereitet,Mountainbike_Hinterbau_vorbereitet,53
1611,54,2,Mountainbike_Laufraeder_montiert,Mountainbike_Laufraeder_montiert,15
1611,55,0,Citybike_Hauptrahmen_zugeschnitten,Citybike_Hauptrahmen_zugeschnitten,39
1611,56,1,Citybike_Hinterbau_vorbereitet,Citybike_Hinterbau_vorbereitet,25
1611,57,0,E-Bike_Bremsen_justiert,E-Bike_Bremsen_justiert,43
1611,58,2,Racebike_Hauptrahmen_zugeschnitten,Racebike_Hauptrahmen_zugeschnitten,16
1611,59,1,Mountainbike_Steuerrohr_montiert,Mountainbike_Steuerrohr_montiert,20
1611,60,1,E-Bike_Hauptrahmen_zugeschnitten,E-Bike_Hauptrahmen_zugeschnitten,28
1611,61,2,Citybike_Steuerrohr_montiert,Citybike_Steuerrohr_montiert,18
1611,62,0,Citybike_Rahmen_nachbearbeitet,Citybike_Rahmen_nachbearbeitet,54
1611,63,2,E-Bike_Schaltauge_bearbeitet,E-Bike_Schaltauge_bearbeitet,24
1611,64,1,Citybike_Fahrrad_endmontiert,Citybike_Fahrrad_endmontiert,28
1611,65,2,Mountainbike_Steuerrohr_ausgerieben,Mountainbike_Steuerrohr_ausgerieben,24
1611,66,2,E-Bike_Rahmen_nachbearbeitet,E-Bike_Rahmen_nachbearbeitet,24
1611,67,0,E-Bike_Bremsaufnahme_gebohrt,E-Bike_Bremsaufnahme_gebohrt,43
1611,68,2,Citybike_Hauptrahmen_zugeschnitten,Citybike_Hauptrahmen_zugeschnitten,15
1611,69,0,Mountainbike_Tretlager_gefraest,Mountainbike_Tretlager_gefraest,53
1611,70,0,Mountainbike_Hauptrahmen_zugeschnitten,Mountainbike_Hauptrahmen_zugeschnitten,40
1611,71,2,Mountainbike_Tretlageraufnahme_geschweisst,Mountainbike_Tretlageraufnahme_geschweisst,12
1611,72,1,Racebike_Bremsaufnahme_gebohrt,Racebike_Bremsaufnahme_gebohrt,15
1611,73,0,Racebike_Rahmen_lackiert,Racebike_Rahmen_lackiert,35
1611,74,1,Mountainbike_Rahmen_lackiert,Mountainbike_Rahmen_lackiert,25
1611,75,0,Citybike_Rahmen_lackiert,Citybike_Rahmen_lackiert,43
1611,76,2,Racebike_Rahmen_komplettiert,Racebike_Rahmen_komplettiert,16
1611,77,2,Mountainbike_Rahmen_nachbearbeitet,Mountainbike_Rahmen_nachbearbeitet,13
1611,78,0,Racebike_Steuerrohr_montiert,Racebike_Steuerrohr_montiert,42
1611,79,0,Mountainbike_Hauptrahmen_zugeschnitten,Mountainbike_Hauptrahmen_zugeschnitten,38
1611,80,2,Mountainbike_Tretlageraufnahme_geschweisst,Mountainbike_Tretlageraufnahme_geschweisst,15
1611,81,0,Racebike_Bremsen_justiert,Racebike_Bremsen_justiert,35
1611,82,1,Mountainbike_Rahmen_lackiert,Mountainbike_Rahmen_lackiert,15
1611,83,0,Mountainbike_Steuerrohr_montiert,Mountainbike_Steuerrohr_montiert,38
1611,84,0,Mountainbike_Tretlager_gefraest,Mountainbike_Tretlager_gefraest,40
1611,85,0,Racebike_Bremsen_justiert,Racebike_Bremsen_justiert,35
1611,86,1,Mountainbike_Steuerrohr_ausgerieben,Mountainbike_Steuerrohr_ausgerieben,20
1611,87,1,E-Bike_Bremsen_justiert,E-Bike_Bremsen_justiert,28
1611,88,2,Racebike_Rahmen_nachbearbeitet,Racebike_Rahmen_nachbearbeitet,16
1611,89,1,Racebike_Rahmen_lackiert,Racebike_Rahmen_lackiert,26
1611,90,1,E-Bike_Hinterbau_vorbereitet,E-Bike_Hinterbau_vorbereitet,28
1611,91,0,E-Bike_Antrieb_installiert,E-Bike_Antrieb_installiert,47
1611,92,1,Racebike_Rahmen_nachbearbeitet,Racebike_Rahmen_nachbearbeitet,26
1611,93,2,Racebike_Hinterbau_vorbereitet,Racebike_Hinterbau_vorbereitet,15
1611,94,0,Racebike_Tretlager_gefraest,Racebike_Tretlager_gefraest,47
1611,95,2,Mountainbike_Laufraeder_montiert,Mountainbike_Laufraeder_montiert,13
1611,96,0,Racebike_Rahmen_lackiert,Racebike_Rahmen_lackiert,40
1611,97,2,Citybike_Schaltauge_bearbeitet,Citybike_Schaltauge_bearbeitet,18
1611,98,2,Mountainbike_Antrieb_installiert,Mountainbike_Antrieb_installiert,12
1611,99,0,Racebike_Rahmen_komplettiert,Racebike_Rahmen_komplettiert,40
1611,100,1,Racebike_Hauptrahmen_zugeschnitten,Racebike_Hauptrahmen_zugeschnitten,20
1611,101,1,Racebike_Tretlager_gefraest,Racebike_Tretlager_gefraest,20
1611,102,0,Racebike_Antrieb_installiert,Racebike_Antrieb_installiert,40
1611,103,1,Racebike_Rahmen_nachbearbeitet,Racebike_Rahmen_nachbearbeitet,20
1611,104,0,Mountainbike_Steuerrohr_montiert,Mountainbike_Steuerrohr_montiert,38
1611,105,2,Racebike_Antrieb_installiert,Racebike_Antrieb_installiert,16
1611,106,1,Mountainbike_Fahrrad_endmontiert,Mountainbike_Fahrrad_endmontiert,25
1611,107,1,Racebike_Steuerrohr_ausgerieben,Racebike_Steuerrohr_ausgerieben,24
1611,108,1,Racebike_Schaltauge_bearbeitet,Racebike_Schaltauge_bearbeitet,20
1611,109,0,E-Bike_Tretlager_gefraest,E-Bike_Tretlager_gefraest,55
1611,110,1,Racebike_Tretlageraufnahme_geschweisst,Racebike_Tretlageraufnahme_geschweisst,20
1611,111,1,Mountainbike_Bremsaufnahme_gebohrt,Mountainbike_Bremsaufnahme_gebohrt,25
1611,112,1,Racebike_Tretlageraufnahme_geschweisst,Racebike_Tretlageraufnahme_geschweisst,24
1611,113,1,Mountainbike_Rahmen_nachbearbeitet,Mountainbike_Rahmen_nachbearbeitet,25
1611,114,1,E-Bike_Laufraeder_montiert,E-Bike_Laufraeder_montiert,28
1611,115,0,Citybike_Fahrrad_endmontiert,Citybike_Fahrrad_endmontiert,54
1611,116,1,E-Bike_Hauptrahmen_zugeschnitten,E-Bike_Hauptrahmen_zugeschnitten,20
1611,117,1,E-Bike_Hinterbau_vorbereitet,E-Bike_Hinterbau_vorbereitet,20
1611,118,0,Citybike_Rahmen_komplettiert,Citybike_Rahmen_komplettiert,40
1611,119,0,E-Bike_Rahmen_nachbearbeitet,E-Bike_Rahmen_nachbearbeitet,43
1611,120,2,E-Bike_Steuerrohr_montiert,E-Bike_Steuerrohr_montiert,25
1611,121,0,Racebike_Rahmen_komplettiert,Racebike_Rahmen_komplettiert,47
1611,122,1,E-Bike_Rahmen_lackiert,E-Bike_Rahmen_lackiert,20
1611,123,2,E-Bike_Rahmen_komplettiert,E-Bike_Rahmen_komplettiert,15
1612,4,2,Racebike_Antrieb_installiert,Racebike_Antrieb_installiert,25
1612,5,2,Racebike_Rahmen_nachbearbeitet,Racebike_Rahmen_nachbearbeitet,15
1612,6,1,Mountainbike_Rahmen_komplettiert,Mountainbike_Rahmen_komplettiert,25
1612,7,0,Mountainbike_Schaltauge_bearbeitet,Mountainbike_Schaltauge_bearbeitet,53
1612,8,0,E-Bike_Tretlager_gefraest,E-Bike_Tretlager_gefraest,55
1612,9,0,Racebike_Antrieb_installiert,Racebike_Antrieb_installiert,47
1612,10,1,Mountainbike_Antrieb_installiert,Mountainbike_Antrieb_installiert,20
1612,11,1,Mountainbike_Tretlager_gefraest,Mountainbike_Tretlager_gefraest,20
1612,12,0,Citybike_Hinterbau_vorbereitet,Citybike_Hinterbau_vorbereitet,43
1612,13,1,Mountainbike_Fahrrad_endmontiert,Mountainbike_Fahrrad_endmontiert,20
1612,14,2,Mountainbike_Bremsen_justiert,Mountainbike_Bremsen_justiert,13
1612,15,2,Mountainbike_Hinterbau_vorbereitet,Mountainbike_Hinterbau_vorbereitet,15
1612,16,1,E-Bike_Schaltauge_bearbeitet,E-Bike_Schaltauge_bearbeitet,28
1612,17,0,E-Bike_Hinterbau_vorbereitet,E-Bike_Hinterbau_vorbereitet,43
1612,18,2,E-Bike_Rahmen_komplettiert,E-Bike_Rahmen_komplettiert,24
1612,19,1,Racebike_Rahmen_nachbearbeitet,Racebike_Rahmen_nachbearbeitet,26
1612,20,1,Mountainbike_Fahrrad_endmontiert,Mountainbike_Fahrrad_endmontiert,25
1612,21,2,Mountainbike_Laufraeder_montiert,Mountainbike_Laufraeder_montiert,24
1612,22,1,Citybike_Tretlager_gefraest,Citybike_Tretlager_gefraest,15
1612,23,1,Citybike_Hinterbau_vorbereitet,Citybike_Hinterbau_vorbereitet,20
1612,24,0,Mountainbike_Rahmen_lackiert,Mountainbike_Rahmen_lackiert,53
1612,25,2,Racebike_Hinterbau_vorbereitet,Racebike_Hinterbau_vorbereitet,16
1612,26,1,Mountainbike_Steuerrohr_montiert,Mountainbike_Steuerrohr_montiert,20
1612,27,0,Mountainbike_Rahmen_nachbearbeitet,Mountainbike_Rahmen_nachbearbeitet,40
1612,28,1,Racebike_Fahrrad_endmontiert,Racebike_Fahrrad_endmontiert,24
1612,29,2,E-Bike_Tretlageraufnahme_geschweisst,E-Bike_Tretlageraufnahme_geschweisst,25
1612,30,1,Citybike_Bremsen_justiert,Citybike_Bremsen_justiert,25
1612,31,1,E-Bike_Tretlageraufnahme_geschweisst,E-Bike_Tretlageraufnahme_geschweisst,27
1612,32,1,E-Bike_Tretlager_gefraest,E-Bike_Tretlager_gefraest,20
1612,33,1,Citybike_Antrieb_installiert,Citybike_Antrieb_installiert,28
1612,34,2,Citybike_Tretlageraufnahme_geschweisst,Citybike_Tretlageraufnahme_geschweisst,15
1612,35,0,Citybike_Rahmen_nachbearbeitet,Citybike_Rahmen_nachbearbeitet,39
1612,36,0,E-Bike_Fahrrad_endmontiert,E-Bike_Fahrrad_endmontiert,43
1612,37,1,Racebike_Hinterbau_vorbereitet,Racebike_Hinterbau_vorbereitet,15
1612,38,0,Mountainbike_Hauptrahmen_zugeschnitten,Mountainbike_Hauptrahmen_zugeschnitten,53
1612,39,0,E-Bike_Bremsaufnahme_gebohrt,E-Bike_Bremsaufnahme_gebohrt,55
1612,40,1,E-Bike_Laufraeder_montiert,E-Bike_Laufraeder_montiert,28
1612,41,1,E-Bike_Hinterbau_vorbereitet,E-Bike_Hinterbau_vorbereitet,20
1612,42,1,Racebike_Tretlageraufnahme_geschweisst,Racebike_Tretlageraufnahme_geschweisst,26
1612,43,2,Mountainbike_Tretlageraufnahme_geschweisst,Mountainbike_Tretlageraufnahme_geschweisst,12
1612,44,1,Mountainbike_Bremsaufnahme_gebohrt,Mountainbike_Bremsaufnahme_gebohrt,25
1612,45,1,Citybike_Rahmen_lackiert,Citybike_Rahmen_lackiert,15
1612,46,2,Mountainbike_Tretlageraufnahme_geschweisst,Mountainbike_Tretlageraufnahme_geschweisst,10
1612,47,0,Mountainbike_Bremsaufnahme_gebohrt,Mountainbike_Bremsaufnahme_gebohrt,53
1612,48,0,Racebike_Rahmen_komplettiert,Racebike_Rahmen_komplettiert,35
1612,49,2,Mountainbike_Tretlageraufnahme_geschweisst,Mountainbike_Tretlageraufnahme_geschweisst,10
1612,50,1,Citybike_Bremsen_justiert,Citybike_Bremsen_justiert,20
1612,51,0,Mountainbike_Tretlageraufnahme_geschweisst,Mountainbike_Tretlageraufnahme_geschweisst,38
1612,52,1,Citybike_Rahmen_nachbearbeitet,Citybike_Rahmen_nachbearbeitet,20
1612,53,0,Racebike_Hinterbau_vorbereitet,Racebike_Hinterbau_vorbereitet,35
1612,54,0,Mountainbike_Hinterbau_vorbereitet,Mountainbike_Hinterbau_vorbereitet,38
1612,55,0,Racebike_Hauptrahmen_zugeschnitten,Racebike_Hauptrahmen_zugeschnitten,35
1612,56,1,Mountainbike_Rahmen_lackiert,Mountainbike_Rahmen_lackiert,20
1612,57,1,Mountainbike_Fahrrad_endmontiert,Mountainbike_Fahrrad_endmontiert,20
1612,58,1,E-Bike_Bremsen_justiert,E-Bike_Bremsen_justiert,28
1612,59,1,E-Bike_Hinterbau_vorbereitet,E-Bike_Hinterbau_vorbereitet,20
1612,60,0,Mountainbike_Tretlager_gefraest,Mountainbike_Tretlager_gefraest,38
1612,61,2,Mountainbike_Rahmen_lackiert,Mountainbike_Rahmen_lackiert,15
1612,62,1,E-Bike_Hinterbau_vorbereitet,E-Bike_Hinterbau_vorbereitet,15
1612,63,2,Mountainbike_Bremsen_justiert,Mountainbike_Bremsen_justiert,15
1612,64,0,E-Bike_Rahmen_nachbearbeitet,E-Bike_Rahmen_nachbearbeitet,55
1612,65,2,Mountainbike_Steuerrohr_ausgerieben,Mountainbike_Steuerrohr_ausgerieben,15
1612,66,2,Citybike_Hauptrahmen_zugeschnitten,Citybike_Hauptrahmen_zugeschnitten,18
1612,67,0,Citybike_Rahmen_lackiert,Citybike_Rahmen_lackiert,54
1612,68,1,Racebike_Bremsaufnahme_gebohrt,Racebike_Bremsaufnahme_gebohrt,26
1612,69,1,Mountainbike_Bremsaufnahme_gebohrt,Mountainbike_Bremsaufnahme_gebohrt,25
1612,70,0,Mountainbike_Hinterbau_vorbereitet,Mountainbike_Hinterbau_vorbereitet,40
1612,71,1,Racebike_Laufraeder_montiert,Racebike_Laufraeder_montiert,24
1612,72,1,Mountainbike_Rahmen_komplettiert,Mountainbike_Rahmen_komplettiert,25
1612,73,2,Racebike_Rahmen_komplettiert,Racebike_Rahmen_komplettiert,10
1612,74,0,Mountainbike_Tretlager_gefraest,Mountainbike_Tretlager_gefraest,40
1612,75,1,Mountainbike_Hauptrahmen_zugeschnitten,Mountainbike_Hauptrahmen_zugeschnitten,20
1612,76,0,Racebike_Rahmen_lackiert,Racebike_Rahmen_lackiert,35
1612,77,0,Racebike_Fahrrad_endmontiert,Racebike_Fahrrad_endmontiert,40
1612,78,1,Mountainbike_Steuerrohr_montiert,Mountainbike_Steuerrohr_montiert,20
1612,79,2,Mountainbike_Laufraeder_montiert,Mountainbike_Laufraeder_montiert,13
1612,80,1,E-Bike_Hauptrahmen_zugeschnitten,E-Bike_Hauptrahmen_zugeschnitten,28
1612,81,1,E-Bike_Hinterbau_vorbereitet,E-Bike_Hinterbau_vorbereitet,20
1612,82,0,E-Bike_Antrieb_installiert,E-Bike_Antrieb_installiert,47
1612,83,2,Citybike_Schaltauge_bearbeitet,Citybike_Schaltauge_bearbeitet,18
1612,84,1,Racebike_Tretlager_gefraest,Racebike_Tretlager_gefraest,26
1612,85,0,Citybike_Hauptrahmen_zugeschnitten,Citybike_Hauptrahmen_zugeschnitten,54
1612,86,0,E-Bike_Bremsen_justiert,E-Bike_Bremsen_justiert,43
1612,87,0,E-Bike_Rahmen_nachbearbeitet,E-Bike_Rahmen_nachbearbeitet,40
1612,88,0,Racebike_Bremsen_justiert,Racebike_Bremsen_justiert,47
1612,89,2,E-Bike_Steuerrohr_montiert,E-Bike_Steuerrohr_montiert,24
1612,90,2,Mountainbike_Antrieb_installiert,Mountainbike_Antrieb_installiert,24
1612,91,1,Racebike_Tretlageraufnahme_geschweisst,Racebike_Tretlageraufnahme_geschweisst,20
1612,92,1,Racebike_Rahmen_lackiert,Racebike_Rahmen_lackiert,20
1612,93,0,Citybike_Fahrrad_endmontiert,Citybike_Fahrrad_endmontiert,43
1612,94,1,Mountainbike_Rahmen_nachbearbeitet,Mountainbike_Rahmen_nachbearbeitet,25
1612,95,0,E-Bike_Tretlager_gefraest,E-Bike_Tretlager_gefraest,43
1612,96,2,E-Bike_Bremsaufnahme_gebohrt,E-Bike_Bremsaufnahme_gebohrt,24
1612,97,1,Mountainbike_Rahmen_lackiert,Mountainbike_Rahmen_lackiert,20
1612,98,2,Racebike_Rahmen_komplettiert,Racebike_Rahmen_komplettiert,25
1612,99,1,Racebike_Steuerrohr_ausgerieben,Racebike_Steuerrohr_ausgerieben,24
1612,100,0,Racebike_Tretlager_gefraest,Racebike_Tretlager_gefraest,47
1612,101,2,Racebike_Hauptrahmen_zugeschnitten,Racebike_Hauptrahmen_zugeschnitten,15
1612,102,2,Citybike_Steuerrohr_montiert,Citybike_Steuerrohr_montiert,18
1612,103,0,Mountainbike_Steuerrohr_montiert,Mountainbike_Steuerrohr_montiert,38
1612,104,0,Racebike_Rahmen_lackiert,Racebike_Rahmen_lackiert,35
1612,105,1,E-Bike_Hauptrahmen_zugeschnitten,E-Bike_Hauptrahmen_zugeschnitten,28
1612,106,0,Mountainbike_Steuerrohr_montiert,Mountainbike_Steuerrohr_montiert,38
1612,107,0,Racebike_Rahmen_komplettiert,Racebike_Rahmen_komplettiert,35
1612,108,0,Racebike_Steuerrohr_montiert,Racebike_Steuerrohr_montiert,40
1612,109,0,Racebike_Bremsen_justiert,Racebike_Bremsen_justiert,40
1612,110,1,Racebike_Hauptrahmen_zugeschnitten,Racebike_Hauptrahmen_zugeschnitten,26
1612,111,1,Citybike_Fahrrad_endmontiert,Citybike_Fahrrad_endmontiert,25
1612,112,2,Mountainbike_Rahmen_nachbearbeitet,Mountainbike_Rahmen_nachbearbeitet,12
1612,113,1,Racebike_Rahmen_nachbearbeitet,Racebike_Rahmen_nachbearbeitet,15
1612,114,1,E-Bike_Rahmen_lackiert,E-Bike_Rahmen_lackiert,28
1612,115,2,E-Bike_Schaltauge_bearbeitet,E-Bike_Schaltauge_bearbeitet,24
1612,116,0,Mountainbike_Hauptrahmen_zugeschnitten,Mountainbike_Hauptrahmen_zugeschnitten,38
1612,117,1,Racebike_Steuerrohr_ausgerieben,Racebike_Steuerrohr_ausgerieben,26
1612,118,2,E-Bike_Rahmen_nachbearbeitet,E-Bike_Rahmen_nachbearbeitet,15
1612,119,1,Mountainbike_Steuerrohr_ausgerieben,Mountainbike_Steuerrohr_ausgerieben,25
1612,120,2,E-Bike_Rahmen_komplettiert,E-Bike_Rahmen_komplettiert,15
1612,121,2,Racebike_Antrieb_installiert,Racebike_Antrieb_installiert,25
1612,122,0,Citybike_Rahmen_komplettiert,Citybike_Rahmen_komplettiert,39
1612,123,1,Racebike_Schaltauge_bearbeitet,Racebike_Schaltauge_bearbeitet,24
1613,3,1,Mountainbike_Rahmen_komplettiert,Mountainbike_Rahmen_komplettiert,26
1613,4,2,Mountainbike_Bremsen_justiert,Mountainbike_Bremsen_justiert,24
1613,5,1,Racebike_Hinterbau_vorbereitet,Racebike_Hinterbau_vorbereitet,24
1613,7,1,Mountainbike_Tretlager_gefraest,Mountainbike_Tretlager_gefraest,25
1613,8,1,Mountainbike_Fahrrad_endmontiert,Mountainbike_Fahrrad_endmontiert,20
1613,9,1,Citybike_Hinterbau_vorbereitet,Citybike_Hinterbau_vorbereitet,15
1613,10,2,Mountainbike_Hinterbau_vorbereitet,Mountainbike_Hinterbau_vorbereitet,15
1613,11,1,E-Bike_Tretlageraufnahme_geschweisst,E-Bike_Tretlageraufnahme_geschweisst,27
1613,12,0,Racebike_Fahrrad_endmontiert,Racebike_Fahrrad_endmontiert,35
1613,13,1,Mountainbike_Antrieb_installiert,Mountainbike_Antrieb_installiert,26
1613,14,2,Mountainbike_Rahmen_lackiert,Mountainbike_Rahmen_lackiert,15
1613,15,0,Mountainbike_Rahmen_lackiert,Mountainbike_Rahmen_lackiert,38
1613,16,1,Mountainbike_Steuerrohr_montiert,Mountainbike_Steuerrohr_montiert,20
1613,17,2,E-Bike_Rahmen_komplettiert,E-Bike_Rahmen_komplettiert,24
1613,18,0,Citybike_Hinterbau_vorbereitet,Citybike_Hinterbau_vorbereitet,39
1613,19,1,Citybike_Bremsen_justiert,Citybike_Bremsen_justiert,15
1613,20,1,Racebike_Fahrrad_endmontiert,Racebike_Fahrrad_endmontiert,15
1613,21,0,E-Bike_Tretlager_gefraest,E-Bike_Tretlager_gefraest,43
1613,22,2,Racebike_Antrieb_installiert,Racebike_Antrieb_installiert,25
1613,23,1,E-Bike_Tretlager_gefraest,E-Bike_Tretlager_gefraest,28
1613,24,2,Mountainbike_Laufraeder_montiert,Mountainbike_Laufraeder_montiert,13
1613,25,0,E-Bike_Fahrrad_endmontiert,E-Bike_Fahrrad_endmontiert,40
1613,26,1,E-Bike_Hinterbau_vorbereitet,E-Bike_Hinterbau_vorbereitet,20
1613,27,2,E-Bike_Tretlageraufnahme_geschweisst,E-Bike_Tretlageraufnahme_geschweisst,24
1613,28,0,Racebike_Hauptrahmen_zugeschnitten,Racebike_Hauptrahmen_zugeschnitten,47
1613,29,0,Mountainbike_Hauptrahmen_zugeschnitten,Mountainbike_Hauptrahmen_zugeschnitten,38
1613,30,0,Mountainbike_Bremsaufnahme_gebohrt,Mountainbike_Bremsaufnahme_gebohrt,40
1613,31,0,Mountainbike_Tretlager_gefraest,Mountainbike_Tretlager_gefraest,40
1613,32,2,Mountainbike_Tretlageraufnahme_geschweisst,Mountainbike_Tretlageraufnahme_geschweisst,24
1613,33,1,Racebike_Rahmen_nachbearbeitet,Racebike_Rahmen_nachbearbeitet,26
1613,34,2,Mountainbike_Rahmen_nachbearbeitet,Mountainbike_Rahmen_nachbearbeitet,15
1613,35,0,Racebike_Rahmen_lackiert,Racebike_Rahmen_lackiert,35
1613,36,0,E-Bike_Steuerrohr_ausgerieben,E-Bike_Steuerrohr_ausgerieben,47
1613,37,0,Mountainbike_Tretlageraufnahme_geschweisst,Mountainbike_Tretlageraufnahme_geschweisst,53
1613,38,0,Racebike_Rahmen_komplettiert,Racebike_Rahmen_komplettiert,35
1613,39,1,Mountainbike_Fahrrad_endmontiert,Mountainbike_Fahrrad_endmontiert,25
1613,40,2,Mountainbike_Tretlageraufnahme_geschweisst,Mountainbike_Tretlageraufnahme_geschweisst,15
1613,41,1,E-Bike_Hinterbau_vorbereitet,E-Bike_Hinterbau_vorbereitet,28
1613,42,0,E-Bike_Bremsaufnahme_gebohrt,E-Bike_Bremsaufnahme_gebohrt,47
1613,43,1,Citybike_Tretlager_gefraest,Citybike_Tretlager_gefraest,28
1613,44,1,E-Bike_Bremsen_justiert,E-Bike_Bremsen_justiert,27
1613,45,0,E-Bike_Rahmen_nachbearbeitet,E-Bike_Rahmen_nachbearbeitet,40
1613,46,0,Mountainbike_Hauptrahmen_zugeschnitten,Mountainbike_Hauptrahmen_zugeschnitten,53
1613,47,0,Mountainbike_Hinterbau_vorbereitet,Mountainbike_Hinterbau_vorbereitet,40
1613,48,1,Racebike_Bremsaufnahme_gebohrt,Racebike_Bremsaufnahme_gebohrt,26
1613,49,0,E-Bike_Tretlager_gefraest,E-Bike_Tretlager_gefraest,55
1613,50,1,E-Bike_Laufraeder_montiert,E-Bike_Laufraeder_montiert,28
1613,51,1,Citybike_Antrieb_installiert,Citybike_Antrieb_installiert,28
1613,52,1,E-Bike_Hinterbau_vorbereitet,E-Bike_Hinterbau_vorbereitet,27
1613,53,0,E-Bike_Antrieb_installiert,E-Bike_Antrieb_installiert,40
1613,54,2,Citybike_Tretlageraufnahme_geschweisst,Citybike_Tretlageraufnahme_geschweisst,18
1613,55,0,Citybike_Rahmen_nachbearbeitet,Citybike_Rahmen_nachbearbeitet,54
1613,56,0,Mountainbike_Rahmen_nachbearbeitet,Mountainbike_Rahmen_nachbearbeitet,40
1613,57,2,E-Bike_Bremsaufnahme_gebohrt,E-Bike_Bremsaufnahme_gebohrt,24
1613,58,2,Racebike_Rahmen_nachbearbeitet,Racebike_Rahmen_nachbearbeitet,25
1613,59,1,E-Bike_Hauptrahmen_zugeschnitten,E-Bike_Hauptrahmen_zugeschnitten,20
1613,60,2,Racebike_Hinterbau_vorbereitet,Racebike_Hinterbau_vorbereitet,15
1613,61,0,E-Bike_Hinterbau_vorbereitet,E-Bike_Hinterbau_vorbereitet,55
1613,62,1,Racebike_Hauptrahmen_zugeschnitten,Racebike_Hauptrahmen_zugeschnitten,26
1613,63,1,Racebike_Rahmen_nachbearbeitet,Racebike_Rahmen_nachbearbeitet,20
1613,64,0,Racebike_Rahmen_lackiert,Racebike_Rahmen_lackiert,47
1613,65,1,Citybike_Rahmen_lackiert,Citybike_Rahmen_lackiert,25
1613,66,0,Racebike_Antrieb_installiert,Racebike_Antrieb_installiert,40
1613,67,2,Mountainbike_Bremsen_justiert,Mountainbike_Bremsen_justiert,13
1613,68,2,Citybike_Hauptrahmen_zugeschnitten,Citybike_Hauptrahmen_zugeschnitten,18
1613,69,1,Racebike_Tretlager_gefraest,Racebike_Tretlager_gefraest,15
1613,70,1,Racebike_Tretlageraufnahme_geschweisst,Racebike_Tretlageraufnahme_geschweisst,20
1613,71,2,Racebike_Antrieb_installiert,Racebike_Antrieb_installiert,10
1613,72,1,Citybike_Rahmen_nachbearbeitet,Citybike_Rahmen_nachbearbeitet,25
1613,73,1,Citybike_Bremsen_justiert,Citybike_Bremsen_justiert,20
1613,74,0,Racebike_Rahmen_komplettiert,Racebike_Rahmen_komplettiert,40
1613,75,0,Citybike_Hauptrahmen_zugeschnitten,Citybike_Hauptrahmen_zugeschnitten,43
1613,76,2,Mountainbike_Steuerrohr_ausgerieben,Mountainbike_Steuerrohr_ausgerieben,13
1613,77,1,Mountainbike_Steuerrohr_ausgerieben,Mountainbike_Steuerrohr_ausgerieben,20
1613,78,1,Mountainbike_Rahmen_komplettiert,Mountainbike_Rahmen_komplettiert,20
1613,79,1,Mountainbike_Bremsaufnahme_gebohrt,Mountainbike_Bremsaufnahme_gebohrt,20
1613,80,1,Racebike_Tretlageraufnahme_geschweisst,Racebike_Tretlageraufnahme_geschweisst,24
1613,81,2,Mountainbike_Tretlageraufnahme_geschweisst,Mountainbike_Tretlageraufnahme_geschweisst,15
1613,82,1,Mountainbike_Fahrrad_endmontiert,Mountainbike_Fahrrad_endmontiert,25
1613,83,1,Racebike_Laufraeder_montiert,Racebike_Laufraeder_montiert,24
1613,84,2,Citybike_Steuerrohr_montiert,Citybike_Steuerrohr_montiert,18
1613,85,0,E-Bike_Bremsen_justiert,E-Bike_Bremsen_justiert,43
1613,86,1,Mountainbike_Hauptrahmen_zugeschnitten,Mountainbike_Hauptrahmen_zugeschnitten,25
1613,87,1,Mountainbike_Rahmen_lackiert,Mountainbike_Rahmen_lackiert,20
1613,88,2,Racebike_Rahmen_komplettiert,Racebike_Rahmen_komplettiert,10
1613,89,1,Mountainbike_Steuerrohr_montiert,Mountainbike_Steuerrohr_montiert,20
1613,90,0,Racebike_Bremsen_justiert,Racebike_Bremsen_justiert,47
1613,91,0,Racebike_Hinterbau_vorbereitet,Racebike_Hinterbau_vorbereitet,40
1613,92,1,Citybike_Fahrrad_endmontiert,Citybike_Fahrrad_endmontiert,15
1613,93,1,Racebike_Bremsaufnahme_gebohrt,Racebike_Bremsaufnahme_gebohrt,15
1613,94,1,Racebike_Rahmen_lackiert,Racebike_Rahmen_lackiert,20
1613,95,1,E-Bike_Hinterbau_vorbereitet,E-Bike_Hinterbau_vorbereitet,28
1613,96,1,Mountainbike_Bremsaufnahme_gebohrt,Mountainbike_Bremsaufnahme_gebohrt,26
1613,97,0,Mountainbike_Tretlager_gefraest,Mountainbike_Tretlager_gefraest,38
1613,98,1,Racebike_Schaltauge_bearbeitet,Racebike_Schaltauge_bearbeitet,24
1613,99,2,Racebike_Rahmen_komplettiert,Racebike_Rahmen_komplettiert,10
1613,100,2,Mountainbike_Laufraeder_montiert,Mountainbike_Laufraeder_montiert,13
1613,101,2,Mountainbike_Antrieb_installiert,Mountainbike_Antrieb_installiert,15
1613,102,0,Racebike_Tretlager_gefraest,Racebike_Tretlager_gefraest,35
1613,103,0,E-Bike_Rahmen_nachbearbeitet,E-Bike_Rahmen_nachbearbeitet,47
1613,104,2,E-Bike_Steuerrohr_montiert,E-Bike_Steuerrohr_montiert,24
1613,105,1,Racebike_Steuerrohr_ausgerieben,Racebike_Steuerrohr_ausgerieben,20
1613,106,0,Mountainbike_Hinterbau_vorbereitet,Mountainbike_Hinterbau_vorbereitet,53
1613,107,1,Mountainbike_Rahmen_nachbearbeitet,Mountainbike_Rahmen_nachbearbeitet,25
1613,108,1,Mountainbike_Rahmen_lackiert,Mountainbike_Rahmen_lackiert,20
1613,109,1,Racebike_Steuerrohr_ausgerieben,Racebike_Steuerrohr_ausgerieben,24
1613,110,1,E-Bike_Hauptrahmen_zugeschnitten,E-Bike_Hauptrahmen_zugeschnitten,28
1613,111,1,E-Bike_Rahmen_lackiert,E-Bike_Rahmen_lackiert,20
1613,112,2,E-Bike_Rahmen_komplettiert,E-Bike_Rahmen_komplettiert,15
1613,113,0,Mountainbike_Steuerrohr_montiert,Mountainbike_Steuerrohr_montiert,40
1613,114,2,Racebike_Hauptrahmen_zugeschnitten,Racebike_Hauptrahmen_zugeschnitten,25
1613,115,0,Citybike_Rahmen_lackiert,Citybike_Rahmen_lackiert,39
1613,116,0,Mountainbike_Steuerrohr_montiert,Mountainbike_Steuerrohr_montiert,40
1613,117,2,E-Bike_Schaltauge_bearbeitet,E-Bike_Schaltauge_bearbeitet,25
1613,118,2,Citybike_Schaltauge_bearbeitet,Citybike_Schaltauge_bearbeitet,15
1613,119,0,Racebike_Steuerrohr_montiert,Racebike_Steuerrohr_montiert,35
1613,120,2,E-Bike_Rahmen_nachbearbeitet,E-Bike_Rahmen_nachbearbeitet,24
1613,121,0,Citybike_Fahrrad_endmontiert,Citybike_Fahrrad_endmontiert,43
1613,122,0,Citybike_Rahmen_komplettiert,Citybike_Rahmen_komplettiert,40
1613,123,0,Racebike_Bremsen_justiert,Racebike_Bremsen_justiert,42
1614,2,0,Citybike_Hinterbau_vorbereitet,Citybike_Hinterbau_vorbereitet,39
1614,4,1,Racebike_Bremsaufnahme_gebohrt,Racebike_Bremsaufnahme_gebohrt,26
1614,5,0,E-Bike_Tretlager_gefraest,E-Bike_Tretlager_gefraest,43
1614,6,0,Mountainbike_Rahmen_lackiert,Mountainbike_Rahmen_lackiert,53
1614,8,1,E-Bike_Laufraeder_montiert,E-Bike_Laufraeder_montiert,28
1614,9,1,Mountainbike_Fahrrad_endmontiert,Mountainbike_Fahrrad_endmontiert,26
1614,10,0,Mountainbike_Schaltauge_bearbeitet,Mountainbike_Schaltauge_bearbeitet,40
1614,11,2,Racebike_Rahmen_nachbearbeitet,Racebike_Rahmen_nachbearbeitet,16
1614,12,1,Racebike_Fahrrad_endmontiert,Racebike_Fahrrad_endmontiert,24
1614,13,0,Racebike_Antrieb_installiert,Racebike_Antrieb_installiert,35
1614,14,1,Racebike_Hinterbau_vorbereitet,Racebike_Hinterbau_vorbereitet,20
1614,15,1,Mountainbike_Rahmen_komplettiert,Mountainbike_Rahmen_komplettiert,25
1614,16,2,Racebike_Antrieb_installiert,Racebike_Antrieb_installiert,15
1614,17,2,E-Bike_Rahmen_komplettiert,E-Bike_Rahmen_komplettiert,25
1614,18,0,Racebike_Fahrrad_endmontiert,Racebike_Fahrrad_endmontiert,40
1614,19,1,E-Bike_Hauptrahmen_zugeschnitten,E-Bike_Hauptrahmen_zugeschnitten,28
1614,20,0,Racebike_Hinterbau_vorbereitet,Racebike_Hinterbau_vorbereitet,40
1614,21,2,E-Bike_Rahmen_komplettiert,E-Bike_Rahmen_komplettiert,10
1614,22,0,Racebike_Hauptrahmen_zugeschnitten,Racebike_Hauptrahmen_zugeschnitten,40
1614,23,1,Citybike_Tretlager_gefraest,Citybike_Tretlager_gefraest,28
1614,24,1,Citybike_Bremsen_justiert,Citybike_Bremsen_justiert,20
1614,25,1,Citybike_Hinterbau_vorbereitet,Citybike_Hinterbau_vorbereitet,20
1614,26,1,Mountainbike_Tretlager_gefraest,Mountainbike_Tretlager_gefraest,20
1614,27,1,Citybike_Antrieb_installiert,Citybike_Antrieb_installiert,15
1614,28,1,E-Bike_Tretlageraufnahme_geschweisst,E-Bike_Tretlageraufnahme_geschweisst,27
1614,29,1,Mountainbike_Antrieb_installiert,Mountainbike_Antrieb_installiert,26
1614,30,1,Mountainbike_Steuerrohr_montiert,Mountainbike_Steuerrohr_montiert,20
1614,31,0,Mountainbike_Rahmen_nachbearbeitet,Mountainbike_Rahmen_nachbearbeitet,38
1614,32,0,E-Bike_Steuerrohr_ausgerieben,E-Bike_Steuerrohr_ausgerieben,55
1614,33,2,E-Bike_Tretlageraufnahme_geschweisst,E-Bike_Tretlageraufnahme_geschweisst,15
1614,34,0,Racebike_Rahmen_lackiert,Racebike_Rahmen_lackiert,47
1614,35,2,Citybike_Tretlageraufnahme_geschweisst,Citybike_Tretlageraufnahme_geschweisst,15
1614,36,1,E-Bike_Tretlager_gefraest,E-Bike_Tretlager_gefraest,28
1614,37,2,Mountainbike_Tretlageraufnahme_geschweisst,Mountainbike_Tretlageraufnahme_geschweisst,12
1614,38,1,Racebike_Rahmen_nachbearbeitet,Racebike_Rahmen_nachbearbeitet,26
1614,39,2,Mountainbike_Tretlageraufnahme_geschweisst,Mountainbike_Tretlageraufnahme_geschweisst,10
1614,40,0,E-Bike_Fahrrad_endmontiert,E-Bike_Fahrrad_endmontiert,47
1614,41,1,Citybike_Bremsen_justiert,Citybike_Bremsen_justiert,25
1614,42,1,E-Bike_Hinterbau_vorbereitet,E-Bike_Hinterbau_vorbereitet,27
1614,43,0,E-Bike_Hinterbau_vorbereitet,E-Bike_Hinterbau_vorbereitet,40
1614,44,1,Racebike_Laufraeder_montiert,Racebike_Laufraeder_montiert,26
1614,45,0,Racebike_Rahmen_komplettiert,Racebike_Rahmen_komplettiert,47
1614,46,1,Citybike_Rahmen_lackiert,Citybike_Rahmen_lackiert,25
1614,47,2,Mountainbike_Hinterbau_vorbereitet,Mountainbike_Hinterbau_vorbereitet,15
1614,48,0,Citybike_Hauptrahmen_zugeschnitten,Citybike_Hauptrahmen_zugeschnitten,43
1614,49,1,Citybike_Rahmen_nachbearbeitet,Citybike_Rahmen_nachbearbeitet,20
1614,50,1,E-Bike_Hinterbau_vorbereitet,E-Bike_Hinterbau_vorbereitet,27
1614,51,2,Citybike_Steuerrohr_montiert,Citybike_Steuerrohr_montiert,18
1614,52,2,Racebike_Hinterbau_vorbereitet,Racebike_Hinterbau_vorbereitet,10
1614,53,2,Racebike_Rahmen_komplettiert,Racebike_Rahmen_komplettiert,15
1614,54,1,Citybike_Fahrrad_endmontiert,Citybike_Fahrrad_endmontiert,28
1614,55,1,E-Bike_Hinterbau_vorbereitet,E-Bike_Hinterbau_vorbereitet,27
1614,56,0,E-Bike_Bremsaufnahme_gebohrt,E-Bike_Bremsaufnahme_gebohrt,43
1614,57,1,Racebike_Tretlageraufnahme_geschweisst,Racebike_Tretlageraufnahme_geschweisst,26
1614,58,1,Racebike_Bremsaufnahme_gebohrt,Racebike_Bremsaufnahme_gebohrt,20
1614,59,0,Citybike_Rahmen_nachbearbeitet,Citybike_Rahmen_nachbearbeitet,54
1614,60,1,Mountainbike_Bremsaufnahme_gebohrt,Mountainbike_Bremsaufnahme_gebohrt,25
1614,61,0,Mountainbike_Bremsaufnahme_gebohrt,Mountainbike_Bremsaufnahme_gebohrt,40
1614,62,2,Racebike_Rahmen_komplettiert,Racebike_Rahmen_komplettiert,10
1614,63,1,Mountainbike_Fahrrad_endmontiert,Mountainbike_Fahrrad_endmontiert,20
1614,64,0,Racebike_Rahmen_lackiert,Racebike_Rahmen_lackiert,35
1614,65,1,E-Bike_Bremsen_justiert,E-Bike_Bremsen_justiert,28
1614,66,2,Citybike_Hauptrahmen_zugeschnitten,Citybike_Hauptrahmen_zugeschnitten,18
1614,67,0,Racebike_Bremsen_justiert,Racebike_Bremsen_justiert,40
1614,68,2,Mountainbike_Laufraeder_montiert,Mountainbike_Laufraeder_montiert,12
1614,69,1,Mountainbike_Fahrrad_endmontiert,Mountainbike_Fahrrad_endmontiert,26
1614,70,1,Racebike_Hauptrahmen_zugeschnitten,Racebike_Hauptrahmen_zugeschnitten,24
1614,71,1,E-Bike_Hinterbau_vorbereitet,E-Bike_Hinterbau_vorbereitet,28
1614,72,0,E-Bike_Antrieb_installiert,E-Bike_Antrieb_installiert,47
1614,73,0,Mountainbike_Hinterbau_vorbereitet,Mountainbike_Hinterbau_vorbereitet,53
1614,74,1,Racebike_Rahmen_nachbearbeitet,Racebike_Rahmen_nachbearbeitet,26
1614,75,1,Racebike_Rahmen_lackiert,Racebike_Rahmen_lackiert,20
1614,76,1,Racebike_Tretlager_gefraest,Racebike_Tretlager_gefraest,20
1614,77,2,Racebike_Antrieb_installiert,Racebike_Antrieb_installiert,16
1614,78,2,Mountainbike_Bremsen_justiert,Mountainbike_Bremsen_justiert,13
1614,79,1,Mountainbike_Rahmen_komplettiert,Mountainbike_Rahmen_komplettiert,25
1614,80,0,Mountainbike_Hauptrahmen_zugeschnitten,Mountainbike_Hauptrahmen_zugeschnitten,40
1614,81,0,E-Bike_Rahmen_nachbearbeitet,E-Bike_Rahmen_nachbearbeitet,55
1614,82,1,Mountainbike_Hauptrahmen_zugeschnitten,Mountainbike_Hauptrahmen_zugeschnitten,20
1614,83,1,Mountainbike_Rahmen_lackiert,Mountainbike_Rahmen_lackiert,20
1614,84,2,E-Bike_Steuerrohr_montiert,E-Bike_Steuerrohr_montiert,24
1614,85,1,Mountainbike_Steuerrohr_montiert,Mountainbike_Steuerrohr_montiert,20
1614,86,1,Racebike_Steuerrohr_ausgerieben,Racebike_Steuerrohr_ausgerieben,24
1614,87,1,Racebike_Tretlageraufnahme_geschweisst,Racebike_Tretlageraufnahme_geschweisst,20
1614,88,0,Racebike_Rahmen_komplettiert,Racebike_Rahmen_komplettiert,47
1614,89,2,Mountainbike_Steuerrohr_ausgerieben,Mountainbike_Steuerrohr_ausgerieben,24
1614,90,1,Racebike_Schaltauge_bearbeitet,Racebike_Schaltauge_bearbeitet,20
1614,91,2,Racebike_Hauptrahmen_zugeschnitten,Racebike_Hauptrahmen_zugeschnitten,16
1614,92,0,E-Bike_Rahmen_nachbearbeitet,E-Bike_Rahmen_nachbearbeitet,47
1614,93,0,Citybike_Rahmen_lackiert,Citybike_Rahmen_lackiert,54
1614,94,0,E-Bike_Tretlager_gefraest,E-Bike_Tretlager_gefraest,43
1614,95,1,Mountainbike_Bremsaufnahme_gebohrt,Mountainbike_Bremsaufnahme_gebohrt,25
1614,96,0,Racebike_Tretlager_gefraest,Racebike_Tretlager_gefraest,47
1614,97,1,Racebike_Steuerrohr_ausgerieben,Racebike_Steuerrohr_ausgerieben,24
1614,98,0,Mountainbike_Hinterbau_vorbereitet,Mountainbike_Hinterbau_vorbereitet,38
1614,99,2,E-Bike_Bremsaufnahme_gebohrt,E-Bike_Bremsaufnahme_gebohrt,25
1614,100,0,E-Bike_Bremsen_justiert,E-Bike_Bremsen_justiert,55
1614,101,2,Mountainbike_Tretlageraufnahme_geschweisst,Mountainbike_Tretlageraufnahme_geschweisst,24
1614,102,2,Citybike_Schaltauge_bearbeitet,Citybike_Schaltauge_bearbeitet,18
1614,103,1,Mountainbike_Rahmen_nachbearbeitet,Mountainbike_Rahmen_nachbearbeitet,25
1614,104,0,Citybike_Fahrrad_endmontiert,Citybike_Fahrrad_endmontiert,54
1614,105,1,E-Bike_Hauptrahmen_zugeschnitten,E-Bike_Hauptrahmen_zugeschnitten,28
1614,106,0,Racebike_Steuerrohr_montiert,Racebike_Steuerrohr_montiert,42
1614,107,0,Racebike_Bremsen_justiert,Racebike_Bremsen_justiert,40
1614,108,1,E-Bike_Rahmen_lackiert,E-Bike_Rahmen_lackiert,20
1614,109,0,Mountainbike_Tretlager_gefraest,Mountainbike_Tretlager_gefraest,38
1614,110,0,Citybike_Rahmen_komplettiert,Citybike_Rahmen_komplettiert,39
1614,111,2,E-Bike_Rahmen_komplettiert,E-Bike_Rahmen_komplettiert,24
1614,112,2,E-Bike_Schaltauge_bearbeitet,E-Bike_Schaltauge_bearbeitet,15
1614,113,2,E-Bike_Rahmen_nachbearbeitet,E-Bike_Rahmen_nachbearbeitet,15
1614,114,2,Mountainbike_Laufraeder_montiert,Mountainbike_Laufraeder_montiert,24
1614,115,1,Mountainbike_Rahmen_lackiert,Mountainbike_Rahmen_lackiert,26
1614,116,2,Mountainbike_Rahmen_lackiert,Mountainbike_Rahmen_lackiert,15
1614,117,2,Mountainbike_Antrieb_installiert,Mountainbike_Antrieb_installiert,15
1614,118,0,Mountainbike_Steuerrohr_montiert,Mountainbike_Steuerrohr_montiert,40
1614,119,0,Mountainbike_Steuerrohr_montiert,Mountainbike_Steuerrohr_montiert,25
1614,120,0,Mountainbike_Tretlager_gefraest,Mountainbike_Tretlager_gefraest,40
1614,121,2,Mountainbike_Rahmen_nachbearbeitet,Mountainbike_Rahmen_nachbearbeitet,15
1614,122,0,Mountainbike_Hauptrahmen_zugeschnitten,Mountainbike_Hauptrahmen_zugeschnitten,40
1614,123,1,Mountainbike_Steuerrohr_ausgerieben,Mountainbike_Steuerrohr_ausgerieben,20
1615,2,2,E-Bike_Tretlageraufnahme_geschweisst,E-Bike_Tretlageraufnahme_geschweisst,24
1615,5,2,E-Bike_Rahmen_komplettiert,E-Bike_Rahmen_komplettiert,15
1615,6,0,Mountainbike_Schaltauge_bearbeitet,Mountainbike_Schaltauge_bearbeitet,53
1615,7,1,Mountainbike_Tretlager_gefraest,Mountainbike_Tretlager_gefraest,20
1615,8,2,Mountainbike_Hinterbau_vorbereitet,Mountainbike_Hinterbau_vorbereitet,24
1615,9,1,Mountainbike_Antrieb_installiert,Mountainbike_Antrieb_installiert,20
1615,10,0,Citybike_Hinterbau_vorbereitet,Citybike_Hinterbau_vorbereitet,39
1615,11,0,E-Bike_Steuerrohr_ausgerieben,E-Bike_Steuerrohr_ausgerieben,43
1615,12,2,Racebike_Antrieb_installiert,Racebike_Antrieb_installiert,16
1615,13,1,Citybike_Tretlager_gefraest,Citybike_Tretlager_gefraest,15
1615,14,1,Racebike_Rahmen_nachbearbeitet,Racebike_Rahmen_nachbearbeitet,15
1615,15,1,Mountainbike_Steuerrohr_montiert,Mountainbike_Steuerrohr_montiert,25
1615,16,1,Racebike_Hinterbau_vorbereitet,Racebike_Hinterbau_vorbereitet,24
1615,17,0,Mountainbike_Rahmen_lackiert,Mountainbike_Rahmen_lackiert,53
1615,18,1,Mountainbike_Rahmen_komplettiert,Mountainbike_Rahmen_komplettiert,25
1615,19,0,Racebike_Fahrrad_endmontiert,Racebike_Fahrrad_endmontiert,35
1615,20,1,Mountainbike_Fahrrad_endmontiert,Mountainbike_Fahrrad_endmontiert,20
1615,21,2,Mountainbike_Laufraeder_montiert,Mountainbike_Laufraeder_montiert,13
1615,22,1,E-Bike_Schaltauge_bearbeitet,E-Bike_Schaltauge_bearbeitet,28
1615,23,1,E-Bike_Hinterbau_vorbereitet,E-Bike_Hinterbau_vorbereitet,20
1615,24,2,E-Bike_Rahmen_komplettiert,E-Bike_Rahmen_komplettiert,24
1615,25,1,Mountainbike_Bremsaufnahme_gebohrt,Mountainbike_Bremsaufnahme_gebohrt,26
1615,26,0,Mountainbike_Rahmen_nachbearbeitet,Mountainbike_Rahmen_nachbearbeitet,38
1615,27,2,Racebike_Hinterbau_vorbereitet,Racebike_Hinterbau_vorbereitet,25
1615,28,0,Mountainbike_Tretlageraufnahme_geschweisst,Mountainbike_Tretlageraufnahme_geschweisst,40
1615,29,1,Mountainbike_Fahrrad_endmontiert,Mountainbike_Fahrrad_endmontiert,20
1615,30,2,Mountainbike_Tretlageraufnahme_geschweisst,Mountainbike_Tretlageraufnahme_geschweisst,13
1615,31,1,Citybike_Bremsen_justiert,Citybike_Bremsen_justiert,15
1615,32,1,Racebike_Fahrrad_endmontiert,Racebike_Fahrrad_endmontiert,15
1615,33,1,Racebike_Bremsaufnahme_gebohrt,Racebike_Bremsaufnahme_gebohrt,20
1615,34,1,Citybike_Bremsen_justiert,Citybike_Bremsen_justiert,25
1615,35,0,E-Bike_Tretlager_gefraest,E-Bike_Tretlager_gefraest,55
1615,36,1,E-Bike_Tretlageraufnahme_geschweisst,E-Bike_Tretlageraufnahme_geschweisst,27
1615,37,0,Mountainbike_Hauptrahmen_zugeschnitten,Mountainbike_Hauptrahmen_zugeschnitten,53
1615,38,1,Citybike_Antrieb_installiert,Citybike_Antrieb_installiert,28
1615,39,0,Racebike_Rahmen_lackiert,Racebike_Rahmen_lackiert,35
1615,40,1,E-Bike_Bremsen_justiert,E-Bike_Bremsen_justiert,27
1615,41,0,Mountainbike_Hinterbau_vorbereitet,Mountainbike_Hinterbau_vorbereitet,38
1615,42,1,E-Bike_Laufraeder_montiert,E-Bike_Laufraeder_montiert,20
1615,43,0,Racebike_Hinterbau_vorbereitet,Racebike_Hinterbau_vorbereitet,35
1615,44,0,E-Bike_Rahmen_nachbearbeitet,E-Bike_Rahmen_nachbearbeitet,47
1615,45,0,Citybike_Hauptrahmen_zugeschnitten,Citybike_Hauptrahmen_zugeschnitten,54
1615,46,2,Racebike_Rahmen_nachbearbeitet,Racebike_Rahmen_nachbearbeitet,16
1615,47,0,Citybike_Rahmen_nachbearbeitet,Citybike_Rahmen_nachbearbeitet,40
1615,48,0,E-Bike_Tretlager_gefraest,E-Bike_Tretlager_gefraest,43
1615,49,1,E-Bike_Tretlager_gefraest,E-Bike_Tretlager_gefraest,20
1615,50,2,Mountainbike_Tretlageraufnahme_geschweisst,Mountainbike_Tretlageraufnahme_geschweisst,13
1615,51,0,E-Bike_Fahrrad_endmontiert,E-Bike_Fahrrad_endmontiert,40
1615,52,0,Mountainbike_Bremsaufnahme_gebohrt,Mountainbike_Bremsaufnahme_gebohrt,53
1615,53,2,Citybike_Hauptrahmen_zugeschnitten,Citybike_Hauptrahmen_zugeschnitten,18
1615,54,1,Mountainbike_Rahmen_komplettiert,Mountainbike_Rahmen_komplettiert,26
1615,55,1,E-Bike_Hinterbau_vorbereitet,E-Bike_Hinterbau_vorbereitet,28
1615,56,2,E-Bike_Bremsaufnahme_gebohrt,E-Bike_Bremsaufnahme_gebohrt,24
1615,57,2,Mountainbike_Bremsen_justiert,Mountainbike_Bremsen_justiert,24
1615,58,0,E-Bike_Hinterbau_vorbereitet,E-Bike_Hinterbau_vorbereitet,55
1615,59,2,Citybike_Tretlageraufnahme_geschweisst,Citybike_Tretlageraufnahme_geschweisst,18
1615,60,1,Mountainbike_Hauptrahmen_zugeschnitten,Mountainbike_Hauptrahmen_zugeschnitten,26
1615,61,0,Citybike_Rahmen_lackiert,Citybike_Rahmen_lackiert,54
1615,62,1,Mountainbike_Fahrrad_endmontiert,Mountainbike_Fahrrad_endmontiert,20
1615,63,1,Citybike_Rahmen_lackiert,Citybike_Rahmen_lackiert,15
1615,64,2,Mountainbike_Steuerrohr_ausgerieben,Mountainbike_Steuerrohr_ausgerieben,12
1615,65,1,E-Bike_Hauptrahmen_zugeschnitten,E-Bike_Hauptrahmen_zugeschnitten,27
1615,66,2,Citybike_Schaltauge_bearbeitet,Citybike_Schaltauge_bearbeitet,18
1615,67,1,Mountainbike_Rahmen_nachbearbeitet,Mountainbike_Rahmen_nachbearbeitet,26
1615,68,2,Citybike_Steuerrohr_montiert,Citybike_Steuerrohr_montiert,15
1615,69,2,Mountainbike_Rahmen_lackiert,Mountainbike_Rahmen_lackiert,12
1615,70,1,Citybike_Fahrrad_endmontiert,Citybike_Fahrrad_endmontiert,15
1615,71,2,Mountainbike_Tretlageraufnahme_geschweisst,Mountainbike_Tretlageraufnahme_geschweisst,15
1615,72,1,E-Bike_Hinterbau_vorbereitet,E-Bike_Hinterbau_vorbereitet,27
1615,73,0,Racebike_Rahmen_komplettiert,Racebike_Rahmen_komplettiert,42
1615,74,1,Racebike_Hauptrahmen_zugeschnitten,Racebike_Hauptrahmen_zugeschnitten,26
1615,75,1,Racebike_Bremsaufnahme_gebohrt,Racebike_Bremsaufnahme_gebohrt,20
1615,76,1,Mountainbike_Bremsaufnahme_gebohrt,Mountainbike_Bremsaufnahme_gebohrt,25
1615,77,0,Mountainbike_Hinterbau_vorbereitet,Mountainbike_Hinterbau_vorbereitet,38
1615,78,0,Racebike_Rahmen_lackiert,Racebike_Rahmen_lackiert,35
1615,79,0,Citybike_Fahrrad_endmontiert,Citybike_Fahrrad_endmontiert,43
1615,80,1,Mountainbike_Rahmen_lackiert,Mountainbike_Rahmen_lackiert,20
1615,81,0,Racebike_Hauptrahmen_zugeschnitten,Racebike_Hauptrahmen_zugeschnitten,42
1615,82,0,E-Bike_Rahmen_nachbearbeitet,E-Bike_Rahmen_nachbearbeitet,47
1615,83,0,Mountainbike_Steuerrohr_montiert,Mountainbike_Steuerrohr_montiert,53
1615,84,1,Citybike_Rahmen_nachbearbeitet,Citybike_Rahmen_nachbearbeitet,15
1615,85,2,E-Bike_Steuerrohr_montiert,E-Bike_Steuerrohr_montiert,24
1615,86,0,E-Bike_Bremsen_justiert,E-Bike_Bremsen_justiert,55
1615,87,1,Racebike_Rahmen_nachbearbeitet,Racebike_Rahmen_nachbearbeitet,15
1615,88,0,Racebike_Antrieb_installiert,Racebike_Antrieb_installiert,47
1615,89,1,E-Bike_Hinterbau_vorbereitet,E-Bike_Hinterbau_vorbereitet,28
1615,90,1,Racebike_Tretlager_gefraest,Racebike_Tretlager_gefraest,26
1615,91,1,Racebike_Tretlageraufnahme_geschweisst,Racebike_Tretlageraufnahme_geschweisst,20
1615,92,1,E-Bike_Rahmen_lackiert,E-Bike_Rahmen_lackiert,28
1615,93,2,Racebike_Rahmen_komplettiert,Racebike_Rahmen_komplettiert,25
1615,94,1,Mountainbike_Rahmen_lackiert,Mountainbike_Rahmen_lackiert,26
1615,95,1,Mountainbike_Steuerrohr_montiert,Mountainbike_Steuerrohr_montiert,20
1615,96,0,Citybike_Rahmen_komplettiert,Citybike_Rahmen_komplettiert,43
1615,97,1,Racebike_Tretlageraufnahme_geschweisst,Racebike_Tretlageraufnahme_geschweisst,24
1615,98,0,Mountainbike_Tretlager_gefraest,Mountainbike_Tretlager_gefraest,40
1615,99,2,Racebike_Antrieb_installiert,Racebike_Antrieb_installiert,15
1615,100,0,Racebike_Rahmen_komplettiert,Racebike_Rahmen_komplettiert,35
1615,101,2,E-Bike_Rahmen_komplettiert,E-Bike_Rahmen_komplettiert,25
1615,102,2,Mountainbike_Laufraeder_montiert,Mountainbike_Laufraeder_montiert,24
1615,103,0,Mountainbike_Tretlager_gefraest,Mountainbike_Tretlager_gefraest,38
1615,104,1,E-Bike_Hauptrahmen_zugeschnitten,E-Bike_Hauptrahmen_zugeschnitten,28
1615,105,2,Mountainbike_Antrieb_installiert,Mountainbike_Antrieb_installiert,15
1615,106,0,E-Bike_Antrieb_installiert,E-Bike_Antrieb_installiert,55
1615,107,2,E-Bike_Schaltauge_bearbeitet,E-Bike_Schaltauge_bearbeitet,24
1615,108,2,Mountainbike_Rahmen_nachbearbeitet,Mountainbike_Rahmen_nachbearbeitet,24
1615,109,1,Racebike_Schaltauge_bearbeitet,Racebike_Schaltauge_bearbeitet,26
1615,110,1,Racebike_Steuerrohr_ausgerieben,Racebike_Steuerrohr_ausgerieben,20
1615,111,1,Racebike_Laufraeder_montiert,Racebike_Laufraeder_montiert,20
1615,112,2,E-Bike_Rahmen_nachbearbeitet,E-Bike_Rahmen_nachbearbeitet,24
1615,113,2,Racebike_Hauptrahmen_zugeschnitten,Racebike_Hauptrahmen_zugeschnitten,25
1615,114,0,Mountainbike_Hauptrahmen_zugeschnitten,Mountainbike_Hauptrahmen_zugeschnitten,53
1615,115,0,Racebike_Steuerrohr_montiert,Racebike_Steuerrohr_montiert,35
1615,116,2,Racebike_Rahmen_komplettiert,Racebike_Rahmen_komplettiert,15
1615,117,1,Mountainbike_Steuerrohr_ausgerieben,Mountainbike_Steuerrohr_ausgerieben,25
1615,118,0,Racebike_Bremsen_justiert,Racebike_Bremsen_justiert,40
1615,119,1,Racebike_Rahmen_lackiert,Racebike_Rahmen_lackiert,24
1615,120,0,Mountainbike_Steuerrohr_montiert,Mountainbike_Steuerrohr_montiert,38
1615,121,0,Racebike_Bremsen_justiert,Racebike_Bremsen_justiert,35
1615,122,0,Racebike_Tretlager_gefraest,Racebike_Tretlager_gefraest,40
1615,123,1,Racebike_Steuerrohr_ausgerieben,Racebike_Steuerrohr_ausgerieben,20
1616,3,0,Racebike_Hauptrahmen_zugeschnitten,Racebike_Hauptrahmen_zugeschnitten,47
1616,5,1,Mountainbike_Tretlager_gefraest,Mountainbike_Tretlager_gefraest,26
1616,6,2,Mountainbike_Hinterbau_vorbereitet,Mountainbike_Hinterbau_vorbereitet,15
1616,7,1,Racebike_Hinterbau_vorbereitet,Racebike_Hinterbau_vorbereitet,24
1616,8,2,Mountainbike_Laufraeder_montiert,Mountainbike_Laufraeder_montiert,15
1616,9,0,Mountainbike_Hauptrahmen_zugeschnitten,Mountainbike_Hauptrahmen_zugeschnitten,38
1616,10,0,Mountainbike_Tretlageraufnahme_geschweisst,Mountainbike_Tretlageraufnahme_geschweisst,40
1616,11,2,Racebike_Antrieb_installiert,Racebike_Antrieb_installiert,16
1616,12,1,Mountainbike_Steuerrohr_montiert,Mountainbike_Steuerrohr_montiert,25
1616,13,1,E-Bike_Hauptrahmen_zugeschnitten,E-Bike_Hauptrahmen_zugeschnitten,28
1616,14,0,Mountainbike_Rahmen_lackiert,Mountainbike_Rahmen_lackiert,40
1616,15,2,E-Bike_Rahmen_komplettiert,E-Bike_Rahmen_komplettiert,25
1616,16,1,Racebike_Bremsaufnahme_gebohrt,Racebike_Bremsaufnahme_gebohrt,26
1616,17,1,E-Bike_Hinterbau_vorbereitet,E-Bike_Hinterbau_vorbereitet,28
1616,18,2,Mountainbike_Tretlageraufnahme_geschweisst,Mountainbike_Tretlageraufnahme_geschweisst,24
1616,19,1,Racebike_Rahmen_nachbearbeitet,Racebike_Rahmen_nachbearbeitet,26
1616,20,0,E-Bike_Hinterbau_vorbereitet,E-Bike_Hinterbau_vorbereitet,55
1616,21,1,Mountainbike_Rahmen_komplettiert,Mountainbike_Rahmen_komplettiert,25
1616,22,2,Mountainbike_Tretlageraufnahme_geschweisst,Mountainbike_Tretlageraufnahme_geschweisst,10
1616,23,0,Mountainbike_Rahmen_nachbearbeitet,Mountainbike_Rahmen_nachbearbeitet,53
1616,24,0,Citybike_Hinterbau_vorbereitet,Citybike_Hinterbau_vorbereitet,39
1616,25,1,Racebike_Fahrrad_endmontiert,Racebike_Fahrrad_endmontiert,24
1616,26,1,E-Bike_Schaltauge_bearbeitet,E-Bike_Schaltauge_bearbeitet,28
1616,27,0,Mountainbike_Hinterbau_vorbereitet,Mountainbike_Hinterbau_vorbereitet,40
1616,28,0,Mountainbike_Bremsaufnahme_gebohrt,Mountainbike_Bremsaufnahme_gebohrt,40
1616,29,2,Racebike_Rahmen_nachbearbeitet,Racebike_Rahmen_nachbearbeitet,16
1616,30,2,E-Bike_Rahmen_komplettiert,E-Bike_Rahmen_komplettiert,25
1616,31,2,Mountainbike_Tretlageraufnahme_geschweisst,Mountainbike_Tretlageraufnahme_geschweisst,24
1616,32,1,E-Bike_Tretlageraufnahme_geschweisst,E-Bike_Tretlageraufnahme_geschweisst,20
1616,33,2,Mountainbike_Bremsen_justiert,Mountainbike_Bremsen_justiert,15
1616,34,0,E-Bike_Steuerrohr_ausgerieben,E-Bike_Steuerrohr_ausgerieben,55
1616,35,2,Mountainbike_Steuerrohr_ausgerieben,Mountainbike_Steuerrohr_ausgerieben,15
1616,36,2,E-Bike_Tretlageraufnahme_geschweisst,E-Bike_Tretlageraufnahme_geschweisst,24
1616,37,0,Racebike_Antrieb_installiert,Racebike_Antrieb_installiert,47
1616,38,1,E-Bike_Hinterbau_vorbereitet,E-Bike_Hinterbau_vorbereitet,20
1616,39,0,E-Bike_Rahmen_nachbearbeitet,E-Bike_Rahmen_nachbearbeitet,47
1616,40,1,Racebike_Laufraeder_montiert,Racebike_Laufraeder_montiert,26
1616,41,0,E-Bike_Rahmen_nachbearbeitet,E-Bike_Rahmen_nachbearbeitet,25
1616,42,1,Racebike_Tretlageraufnahme_geschweisst,Racebike_Tretlageraufnahme_geschweisst,20
1616,43,1,Mountainbike_Rahmen_komplettiert,Mountainbike_Rahmen_komplettiert,25
1616,44,1,Citybike_Hinterbau_vorbereitet,Citybike_Hinterbau_vorbereitet,15
1616,45,1,Mountainbike_Fahrrad_endmontiert,Mountainbike_Fahrrad_endmontiert,20
1616,46,0,Racebike_Fahrrad_endmontiert,Racebike_Fahrrad_endmontiert,47
1616,47,2,E-Bike_Steuerrohr_montiert,E-Bike_Steuerrohr_montiert,15
1616,48,1,E-Bike_Rahmen_lackiert,E-Bike_Rahmen_lackiert,28
1616,49,1,Mountainbike_Bremsaufnahme_gebohrt,Mountainbike_Bremsaufnahme_gebohrt,26
1616,50,0,Mountainbike_Schaltauge_bearbeitet,Mountainbike_Schaltauge_bearbeitet,38
1616,51,0,Racebike_Hinterbau_vorbereitet,Racebike_Hinterbau_vorbereitet,35
1616,52,2,E-Bike_Rahmen_komplettiert,E-Bike_Rahmen_komplettiert,15
1616,53,1,Citybike_Bremsen_justiert,Citybike_Bremsen_justiert,15
1616,54,1,E-Bike_Tretlager_gefraest,E-Bike_Tretlager_gefraest,27
1616,55,2,Racebike_Hinterbau_vorbereitet,Racebike_Hinterbau_vorbereitet,25
1616,56,1,Mountainbike_Antrieb_installiert,Mountainbike_Antrieb_installiert,26
1616,57,0,E-Bike_Fahrrad_endmontiert,E-Bike_Fahrrad_endmontiert,47
1616,58,1,Mountainbike_Fahrrad_endmontiert,Mountainbike_Fahrrad_endmontiert,20
1616,59,0,Racebike_Rahmen_komplettiert,Racebike_Rahmen_komplettiert,47
1616,60,0,E-Bike_Tretlager_gefraest,E-Bike_Tretlager_gefraest,47
1616,61,1,E-Bike_Hinterbau_vorbereitet,E-Bike_Hinterbau_vorbereitet,28
1616,62,1,Citybike_Antrieb_installiert,Citybike_Antrieb_installiert,28
1616,63,0,Racebike_Rahmen_lackiert,Racebike_Rahmen_lackiert,47
1616,64,1,Mountainbike_Fahrrad_endmontiert,Mountainbike_Fahrrad_endmontiert,20
1616,65,2,E-Bike_Bremsaufnahme_gebohrt,E-Bike_Bremsaufnahme_gebohrt,25
1616,66,1,Racebike_Bremsaufnahme_gebohrt,Racebike_Bremsaufnahme_gebohrt,24
1616,67,0,Racebike_Rahmen_lackiert,Racebike_Rahmen_lackiert,25
1616,68,2,Racebike_Rahmen_komplettiert,Racebike_Rahmen_komplettiert,25
1616,69,0,Mountainbike_Hinterbau_vorbereitet,Mountainbike_Hinterbau_vorbereitet,38
1616,70,1,Mountainbike_Rahmen_lackiert,Mountainbike_Rahmen_lackiert,25
1616,71,0,Racebike_Bremsen_justiert,Racebike_Bremsen_justiert,35
1616,72,0,E-Bike_Bremsen_justiert,E-Bike_Bremsen_justiert,47
1616,73,1,Mountainbike_Rahmen_lackiert,Mountainbike_Rahmen_lackiert,15
1616,74,0,Citybike_Rahmen_nachbearbeitet,Citybike_Rahmen_nachbearbeitet,54
1616,75,1,E-Bike_Hauptrahmen_zugeschnitten,E-Bike_Hauptrahmen_zugeschnitten,28
1616,76,1,Racebike_Rahmen_lackiert,Racebike_Rahmen_lackiert,26
1616,77,1,Citybike_Tretlager_gefraest,Citybike_Tretlager_gefraest,25
1616,78,0,Racebike_Rahmen_komplettiert,Racebike_Rahmen_komplettiert,42
1616,79,1,Racebike_Hauptrahmen_zugeschnitten,Racebike_Hauptrahmen_zugeschnitten,15
1616,80,1,Citybike_Bremsen_justiert,Citybike_Bremsen_justiert,25
1616,81,1,Racebike_Tretlager_gefraest,Racebike_Tretlager_gefraest,15
1616,82,0,E-Bike_Bremsaufnahme_gebohrt,E-Bike_Bremsaufnahme_gebohrt,47
1616,83,2,Citybike_Hauptrahmen_zugeschnitten,Citybike_Hauptrahmen_zugeschnitten,18
1616,84,1,E-Bike_Bremsen_justiert,E-Bike_Bremsen_justiert,28
1616,85,0,Mountainbike_Steuerrohr_montiert,Mountainbike_Steuerrohr_montiert,53
1616,86,2,E-Bike_Schaltauge_bearbeitet,E-Bike_Schaltauge_bearbeitet,24
1616,87,1,Racebike_Tretlageraufnahme_geschweisst,Racebike_Tretlageraufnahme_geschweisst,26
1616,88,0,Racebike_Tretlager_gefraest,Racebike_Tretlager_gefraest,35
1616,89,0,Citybike_Hauptrahmen_zugeschnitten,Citybike_Hauptrahmen_zugeschnitten,43
1616,90,1,Mountainbike_Bremsaufnahme_gebohrt,Mountainbike_Bremsaufnahme_gebohrt,25
1616,91,1,Racebike_Rahmen_nachbearbeitet,Racebike_Rahmen_nachbearbeitet,24
1616,92,0,Mountainbike_Tretlager_gefraest,Mountainbike_Tretlager_gefraest,40
1616,93,1,Mountainbike_Hauptrahmen_zugeschnitten,Mountainbike_Hauptrahmen_zugeschnitten,25
1616,94,2,Citybike_Steuerrohr_montiert,Citybike_Steuerrohr_montiert,15
1616,95,2,Mountainbike_Rahmen_lackiert,Mountainbike_Rahmen_lackiert,12
1616,96,1,Citybike_Fahrrad_endmontiert,Citybike_Fahrrad_endmontiert,15
1616,97,2,Citybike_Tretlageraufnahme_geschweisst,Citybike_Tretlageraufnahme_geschweisst,18
1616,98,1,E-Bike_Hinterbau_vorbereitet,E-Bike_Hinterbau_vorbereitet,27
1616,99,1,Mountainbike_Steuerrohr_montiert,Mountainbike_Steuerrohr_montiert,26
1616,100,1,Racebike_Steuerrohr_ausgerieben,Racebike_Steuerrohr_ausgerieben,24
1616,101,0,Mountainbike_Tretlager_gefraest,Mountainbike_Tretlager_gefraest,25
1616,102,1,Mountainbike_Rahmen_nachbearbeitet,Mountainbike_Rahmen_nachbearbeitet,25
1616,103,1,Citybike_Rahmen_lackiert,Citybike_Rahmen_lackiert,15
1616,104,1,Citybike_Rahmen_nachbearbeitet,Citybike_Rahmen_nachbearbeitet,20
1616,105,2,Racebike_Antrieb_installiert,Racebike_Antrieb_installiert,10
1616,106,0,E-Bike_Antrieb_installiert,E-Bike_Antrieb_installiert,55
1616,107,0,Citybike_Rahmen_lackiert,Citybike_Rahmen_lackiert,54
1616,108,1,Racebike_Schaltauge_bearbeitet,Racebike_Schaltauge_bearbeitet,15
1616,109,2,Mountainbike_Laufraeder_montiert,Mountainbike_Laufraeder_montiert,13
1616,110,2,Racebike_Rahmen_komplettiert,Racebike_Rahmen_komplettiert,16
1616,111,2,Mountainbike_Antrieb_installiert,Mountainbike_Antrieb_installiert,13
1616,112,2,Citybike_Schaltauge_bearbeitet,Citybike_Schaltauge_bearbeitet,18
1616,113,1,Racebike_Steuerrohr_ausgerieben,Racebike_Steuerrohr_ausgerieben,20
1616,114,2,E-Bike_Rahmen_nachbearbeitet,E-Bike_Rahmen_nachbearbeitet,24
1616,115,2,Racebike_Hauptrahmen_zugeschnitten,Racebike_Hauptrahmen_zugeschnitten,25
1616,116,0,Racebike_Steuerrohr_montiert,Racebike_Steuerrohr_montiert,42
1616,117,0,Mountainbike_Steuerrohr_montiert,Mountainbike_Steuerrohr_montiert,38
1616,118,0,Citybike_Fahrrad_endmontiert,Citybike_Fahrrad_endmontiert,39
1616,119,0,Racebike_Bremsen_justiert,Racebike_Bremsen_justiert,42
1616,120,2,Mountainbike_Rahmen_nachbearbeitet,Mountainbike_Rahmen_nachbearbeitet,13
1616,121,0,Citybike_Rahmen_komplettiert,Citybike_Rahmen_komplettiert,43
1616,122,0,Mountainbike_Hauptrahmen_zugeschnitten,Mountainbike_Hauptrahmen_zugeschnitten,40
1616,123,1,Mountainbike_Steuerrohr_ausgerieben,Mountainbike_Steuerrohr_ausgerieben,25
1617,4,0,Racebike_Hauptrahmen_zugeschnitten,Racebike_Hauptrahmen_zugeschnitten,42
1617,5,1,Citybike_Tretlager_gefraest,Citybike_Tretlager_gefraest,25
1617,6,0,Mountainbike_Schaltauge_bearbeitet,Mountainbike_Schaltauge_bearbeitet,38
1617,7,0,Mountainbike_Tretlageraufnahme_geschweisst,Mountainbike_Tretlageraufnahme_geschweisst,40
1617,8,1,Racebike_Laufraeder_montiert,Racebike_Laufraeder_montiert,15
1617,9,1,E-Bike_Schaltauge_bearbeitet,E-Bike_Schaltauge_bearbeitet,28
1617,10,0,E-Bike_Steuerrohr_ausgerieben,E-Bike_Steuerrohr_ausgerieben,55
1617,11,2,Racebike_Antrieb_installiert,Racebike_Antrieb_installiert,25
1617,12,1,E-Bike_Hinterbau_vorbereitet,E-Bike_Hinterbau_vorbereitet,20
1617,13,1,Mountainbike_Antrieb_installiert,Mountainbike_Antrieb_installiert,26
1617,14,1,Mountainbike_Rahmen_komplettiert,Mountainbike_Rahmen_komplettiert,20
1617,15,2,Mountainbike_Bremsen_justiert,Mountainbike_Bremsen_justiert,13
1617,16,1,Racebike_Rahmen_nachbearbeitet,Racebike_Rahmen_nachbearbeitet,24
1617,17,1,Citybike_Hinterbau_vorbereitet,Citybike_Hinterbau_vorbereitet,25
1617,18,2,E-Bike_Rahmen_komplettiert,E-Bike_Rahmen_komplettiert,24
1617,19,0,E-Bike_Rahmen_nachbearbeitet,E-Bike_Rahmen_nachbearbeitet,40
1617,20,1,Mountainbike_Fahrrad_endmontiert,Mountainbike_Fahrrad_endmontiert,20
1617,21,2,E-Bike_Tretlageraufnahme_geschweisst,E-Bike_Tretlageraufnahme_geschweisst,15
1617,22,0,Mountainbike_Rahmen_nachbearbeitet,Mountainbike_Rahmen_nachbearbeitet,53
1617,23,2,Mountainbike_Hinterbau_vorbereitet,Mountainbike_Hinterbau_vorbereitet,24
1617,24,2,Racebike_Hinterbau_vorbereitet,Racebike_Hinterbau_vorbereitet,16
1617,25,1,Mountainbike_Tretlager_gefraest,Mountainbike_Tretlager_gefraest,20
1617,26,1,E-Bike_Tretlageraufnahme_geschweisst,E-Bike_Tretlageraufnahme_geschweisst,28
1617,27,1,Mountainbike_Fahrrad_endmontiert,Mountainbike_Fahrrad_endmontiert,26
1617,28,1,Mountainbike_Bremsaufnahme_gebohrt,Mountainbike_Bremsaufnahme_gebohrt,20
1617,29,1,Racebike_Fahrrad_endmontiert,Racebike_Fahrrad_endmontiert,24
1617,30,0,E-Bike_Bremsaufnahme_gebohrt,E-Bike_Bremsaufnahme_gebohrt,55
1617,31,1,E-Bike_Bremsen_justiert,E-Bike_Bremsen_justiert,28
1617,32,1,Mountainbike_Steuerrohr_montiert,Mountainbike_Steuerrohr_montiert,26
1617,33,2,Mountainbike_Rahmen_lackiert,Mountainbike_Rahmen_lackiert,13
1617,34,1,Racebike_Bremsaufnahme_gebohrt,Racebike_Bremsaufnahme_gebohrt,24
1617,35,2,Mountainbike_Tretlageraufnahme_geschweisst,Mountainbike_Tretlageraufnahme_geschweisst,15
1617,36,2,Mountainbike_Tretlageraufnahme_geschweisst,Mountainbike_Tretlageraufnahme_geschweisst,10
1617,37,1,E-Bike_Tretlager_gefraest,E-Bike_Tretlager_gefraest,28
1617,38,0,E-Bike_Tretlager_gefraest,E-Bike_Tretlager_gefraest,40
1617,39,0,Racebike_Fahrrad_endmontiert,Racebike_Fahrrad_endmontiert,47
1617,40,0,E-Bike_Fahrrad_endmontiert,E-Bike_Fahrrad_endmontiert,47
1617,41,0,E-Bike_Tretlager_gefraest,E-Bike_Tretlager_gefraest,40
1617,42,1,Citybike_Bremsen_justiert,Citybike_Bremsen_justiert,28
1617,43,1,Mountainbike_Rahmen_lackiert,Mountainbike_Rahmen_lackiert,20
1617,44,0,Racebike_Hinterbau_vorbereitet,Racebike_Hinterbau_vorbereitet,47
1617,45,1,E-Bike_Laufraeder_montiert,E-Bike_Laufraeder_montiert,28
1617,46,1,Racebike_Bremsaufnahme_gebohrt,Racebike_Bremsaufnahme_gebohrt,26
1617,47,0,Racebike_Rahmen_lackiert,Racebike_Rahmen_lackiert,40
1617,48,0,Mountainbike_Rahmen_lackiert,Mountainbike_Rahmen_lackiert,38
1617,49,2,Mountainbike_Laufraeder_montiert,Mountainbike_Laufraeder_montiert,15
1617,50,2,Racebike_Rahmen_komplettiert,Racebike_Rahmen_komplettiert,16
1617,51,0,Mountainbike_Hauptrahmen_zugeschnitten,Mountainbike_Hauptrahmen_zugeschnitten,40
1617,52,1,E-Bike_Hinterbau_vorbereitet,E-Bike_Hinterbau_vorbereitet,28
1617,53,0,Racebike_Rahmen_lackiert,Racebike_Rahmen_lackiert,35
1617,54,2,Racebike_Rahmen_nachbearbeitet,Racebike_Rahmen_nachbearbeitet,15
1617,55,2,E-Bike_Bremsaufnahme_gebohrt,E-Bike_Bremsaufnahme_gebohrt,25
1617,56,0,E-Bike_Hinterbau_vorbereitet,E-Bike_Hinterbau_vorbereitet,47
1617,57,1,Citybike_Bremsen_justiert,Citybike_Bremsen_justiert,28
1617,58,0,Mountainbike_Tretlager_gefraest,Mountainbike_Tretlager_gefraest,53
1617,59,2,Mountainbike_Tretlageraufnahme_geschweisst,Mountainbike_Tretlageraufnahme_geschweisst,24
1617,60,1,E-Bike_Hinterbau_vorbereitet,E-Bike_Hinterbau_vorbereitet,27
1617,61,0,Citybike_Rahmen_nachbearbeitet,Citybike_Rahmen_nachbearbeitet,39
1617,62,1,Mountainbike_Rahmen_nachbearbeitet,Mountainbike_Rahmen_nachbearbeitet,26
1617,63,1,Citybike_Antrieb_installiert,Citybike_Antrieb_installiert,15
1617,64,0,Citybike_Hauptrahmen_zugeschnitten,Citybike_Hauptrahmen_zugeschnitten,40
1617,65,2,Mountainbike_Laufraeder_montiert,Mountainbike_Laufraeder_montiert,15
1617,66,1,E-Bike_Hauptrahmen_zugeschnitten,E-Bike_Hauptrahmen_zugeschnitten,27
1617,67,0,Racebike_Antrieb_installiert,Racebike_Antrieb_installiert,42
1617,68,2,Citybike_Hauptrahmen_zugeschnitten,Citybike_Hauptrahmen_zugeschnitten,18
1617,69,2,Mountainbike_Antrieb_installiert,Mountainbike_Antrieb_installiert,12
1617,70,0,Racebike_Rahmen_komplettiert,Racebike_Rahmen_komplettiert,40
1617,71,1,Racebike_Tretlageraufnahme_geschweisst,Racebike_Tretlageraufnahme_geschweisst,26
1617,72,1,Racebike_Tretlager_gefraest,Racebike_Tretlager_gefraest,20
1617,73,0,Mountainbike_Hinterbau_vorbereitet,Mountainbike_Hinterbau_vorbereitet,38
1617,74,1,Racebike_Tretlageraufnahme_geschweisst,Racebike_Tretlageraufnahme_geschweisst,20
1617,75,1,Mountainbike_Fahrrad_endmontiert,Mountainbike_Fahrrad_endmontiert,25
1617,76,0,Mountainbike_Bremsaufnahme_gebohrt,Mountainbike_Bremsaufnahme_gebohrt,40
1617,77,2,Mountainbike_Bremsen_justiert,Mountainbike_Bremsen_justiert,15
1617,78,1,Mountainbike_Bremsaufnahme_gebohrt,Mountainbike_Bremsaufnahme_gebohrt,20
1617,79,0,Mountainbike_Steuerrohr_montiert,Mountainbike_Steuerrohr_montiert,40
1617,80,1,Mountainbike_Rahmen_komplettiert,Mountainbike_Rahmen_komplettiert,20
1617,81,0,Mountainbike_Tretlager_gefraest,Mountainbike_Tretlager_gefraest,40
1617,82,0,Mountainbike_Hinterbau_vorbereitet,Mountainbike_Hinterbau_vorbereitet,40
1617,83,2,Citybike_Tretlageraufnahme_geschweisst,Citybike_Tretlageraufnahme_geschweisst,18
1617,84,1,Mountainbike_Rahmen_lackiert,Mountainbike_Rahmen_lackiert,20
1617,85,1,E-Bike_Hinterbau_vorbereitet,E-Bike_Hinterbau_vorbereitet,28
1617,86,2,Mountainbike_Steuerrohr_ausgerieben,Mountainbike_Steuerrohr_ausgerieben,12
1617,87,0,Citybike_Rahmen_lackiert,Citybike_Rahmen_lackiert,39
1617,88,2,Citybike_Steuerrohr_montiert,Citybike_Steuerrohr_montiert,18
1617,89,0,E-Bike_Rahmen_nachbearbeitet,E-Bike_Rahmen_nachbearbeitet,43
1617,90,1,Citybike_Fahrrad_endmontiert,Citybike_Fahrrad_endmontiert,28
1617,91,2,Racebike_Rahmen_komplettiert,Racebike_Rahmen_komplettiert,10
1617,92,2,Citybike_Schaltauge_bearbeitet,Citybike_Schaltauge_bearbeitet,18
1617,93,0,Racebike_Rahmen_komplettiert,Racebike_Rahmen_komplettiert,47
1617,94,2,Mountainbike_Rahmen_nachbearbeitet,Mountainbike_Rahmen_nachbearbeitet,12
1617,95,0,E-Bike_Bremsen_justiert,E-Bike_Bremsen_justiert,47
1617,96,0,Citybike_Fahrrad_endmontiert,Citybike_Fahrrad_endmontiert,54
1617,97,1,Mountainbike_Hauptrahmen_zugeschnitten,Mountainbike_Hauptrahmen_zugeschnitten,20
1617,98,0,E-Bike_Antrieb_installiert,E-Bike_Antrieb_installiert,43
1617,99,1,Citybike_Rahmen_lackiert,Citybike_Rahmen_lackiert,15
1617,100,1,Citybike_Rahmen_nachbearbeitet,Citybike_Rahmen_nachbearbeitet,20
1617,101,1,Mountainbike_Steuerrohr_montiert,Mountainbike_Steuerrohr_montiert,20
1617,102,2,E-Bike_Steuerrohr_montiert,E-Bike_Steuerrohr_montiert,24
1617,103,0,Racebike_Bremsen_justiert,Racebike_Bremsen_justiert,47
1617,104,1,Racebike_Rahmen_lackiert,Racebike_Rahmen_lackiert,24
1617,105,0,Citybike_Rahmen_komplettiert,Citybike_Rahmen_komplettiert,43
1617,106,0,Mountainbike_Hauptrahmen_zugeschnitten,Mountainbike_Hauptrahmen_zugeschnitten,40
1617,107,0,Racebike_Tretlager_gefraest,Racebike_Tretlager_gefraest,35
1617,108,1,Racebike_Steuerrohr_ausgerieben,Racebike_Steuerrohr_ausgerieben,20
1617,109,1,E-Bike_Rahmen_lackiert,E-Bike_Rahmen_lackiert,28
1617,110,1,Mountainbike_Steuerrohr_ausgerieben,Mountainbike_Steuerrohr_ausgerieben,26
1617,111,2,E-Bike_Rahmen_komplettiert,E-Bike_Rahmen_komplettiert,15
1617,112,0,Mountainbike_Steuerrohr_montiert,Mountainbike_Steuerrohr_montiert,38
1617,113,1,Racebike_Hauptrahmen_zugeschnitten,Racebike_Hauptrahmen_zugeschnitten,24
1617,114,1,Racebike_Steuerrohr_ausgerieben,Racebike_Steuerrohr_ausgerieben,20
1617,115,1,Racebike_Rahmen_nachbearbeitet,Racebike_Rahmen_nachbearbeitet,20
1617,116,2,Racebike_Antrieb_installiert,Racebike_Antrieb_installiert,25
1617,117,1,Racebike_Schaltauge_bearbeitet,Racebike_Schaltauge_bearbeitet,20
1617,118,1,E-Bike_Hauptrahmen_zugeschnitten,E-Bike_Hauptrahmen_zugeschnitten,28
1617,119,2,E-Bike_Schaltauge_bearbeitet,E-Bike_Schaltauge_bearbeitet,25
1617,120,2,Racebike_Hauptrahmen_zugeschnitten,Racebike_Hauptrahmen_zugeschnitten,25
1617,121,2,E-Bike_Rahmen_nachbearbeitet,E-Bike_Rahmen_nachbearbeitet,25
1617,122,0,Racebike_Steuerrohr_montiert,Racebike_Steuerrohr_montiert,35
1617,123,0,Racebike_Bremsen_justiert,Racebike_Bremsen_justiert,40
1618,2,2,Mountainbike_Hinterbau_vorbereitet,Mountainbike_Hinterbau_vorbereitet,15
1618,4,1,Mountainbike_Fahrrad_endmontiert,Mountainbike_Fahrrad_endmontiert,20
1618,5,1,Mountainbike_Tretlager_gefraest,Mountainbike_Tretlager_gefraest,20
1618,7,1,Racebike_Fahrrad_endmontiert,Racebike_Fahrrad_endmontiert,24
1618,8,0,Racebike_Hauptrahmen_zugeschnitten,Racebike_Hauptrahmen_zugeschnitten,35
1618,9,2,E-Bike_Tretlageraufnahme_geschweisst,E-Bike_Tretlageraufnahme_geschweisst,24
1618,10,1,E-Bike_Schaltauge_bearbeitet,E-Bike_Schaltauge_bearbeitet,28
1618,11,1,Citybike_Tretlager_gefraest,Citybike_Tretlager_gefraest,28
1618,12,1,Mountainbike_Steuerrohr_montiert,Mountainbike_Steuerrohr_montiert,20
1618,13,1,Racebike_Bremsaufnahme_gebohrt,Racebike_Bremsaufnahme_gebohrt,24
1618,14,2,Mountainbike_Tretlageraufnahme_geschweisst,Mountainbike_Tretlageraufnahme_geschweisst,24
1618,15,2,E-Bike_Rahmen_komplettiert,E-Bike_Rahmen_komplettiert,24
1618,16,0,Mountainbike_Rahmen_nachbearbeitet,Mountainbike_Rahmen_nachbearbeitet,38
1618,17,1,Citybike_Hinterbau_vorbereitet,Citybike_Hinterbau_vorbereitet,25
1618,18,1,Racebike_Hinterbau_vorbereitet,Racebike_Hinterbau_vorbereitet,15
1618,19,2,Racebike_Rahmen_nachbearbeitet,Racebike_Rahmen_nachbearbeitet,25
1618,20,0,E-Bike_Steuerrohr_ausgerieben,E-Bike_Steuerrohr_ausgerieben,55
1618,21,0,E-Bike_Tretlager_gefraest,E-Bike_Tretlager_gefraest,40
1618,22,0,Mountainbike_Hinterbau_vorbereitet,Mountainbike_Hinterbau_vorbereitet,53
1618,23,0,Racebike_Fahrrad_endmontiert,Racebike_Fahrrad_endmontiert,35
1618,24,1,Racebike_Laufraeder_montiert,Racebike_Laufraeder_montiert,20
1618,25,2,Mountainbike_Tretlageraufnahme_geschweisst,Mountainbike_Tretlageraufnahme_geschweisst,13
1618,26,0,Racebike_Rahmen_lackiert,Racebike_Rahmen_lackiert,40
1618,27,0,Racebike_Rahmen_komplettiert,Racebike_Rahmen_komplettiert,40
1618,28,1,Racebike_Hauptrahmen_zugeschnitten,Racebike_Hauptrahmen_zugeschnitten,20
1618,29,1,Mountainbike_Antrieb_installiert,Mountainbike_Antrieb_installiert,25
1618,30,1,E-Bike_Hinterbau_vorbereitet,E-Bike_Hinterbau_vorbereitet,28
1618,31,2,Mountainbike_Bremsen_justiert,Mountainbike_Bremsen_justiert,15
1618,32,2,Mountainbike_Rahmen_lackiert,Mountainbike_Rahmen_lackiert,15
1618,33,0,Racebike_Antrieb_installiert,Racebike_Antrieb_installiert,40
1618,34,2,Mountainbike_Steuerrohr_ausgerieben,Mountainbike_Steuerrohr_ausgerieben,15
1618,35,0,E-Bike_Hinterbau_vorbereitet,E-Bike_Hinterbau_vorbereitet,47
1618,36,1,Mountainbike_Fahrrad_endmontiert,Mountainbike_Fahrrad_endmontiert,26
1618,37,1,Racebike_Rahmen_nachbearbeitet,Racebike_Rahmen_nachbearbeitet,24
1618,38,0,Citybike_Hinterbau_vorbereitet,Citybike_Hinterbau_vorbereitet,54
1618,39,2,Mountainbike_Laufraeder_montiert,Mountainbike_Laufraeder_montiert,15
1618,40,0,E-Bike_Rahmen_nachbearbeitet,E-Bike_Rahmen_nachbearbeitet,43
1618,41,0,Racebike_Hinterbau_vorbereitet,Racebike_Hinterbau_vorbereitet,47
1618,42,1,Mountainbike_Bremsaufnahme_gebohrt,Mountainbike_Bremsaufnahme_gebohrt,25
1618,43,0,Mountainbike_Hauptrahmen_zugeschnitten,Mountainbike_Hauptrahmen_zugeschnitten,38
1618,44,2,Mountainbike_Tretlageraufnahme_geschweisst,Mountainbike_Tretlageraufnahme_geschweisst,15
1618,45,2,Racebike_Antrieb_installiert,Racebike_Antrieb_installiert,16
1618,46,1,Racebike_Schaltauge_bearbeitet,Racebike_Schaltauge_bearbeitet,24
1618,47,1,Citybike_Bremsen_justiert,Citybike_Bremsen_justiert,25
1618,48,1,E-Bike_Laufraeder_montiert,E-Bike_Laufraeder_montiert,27
1618,49,1,Racebike_Tretlageraufnahme_geschweisst,Racebike_Tretlageraufnahme_geschweisst,26
1618,50,0,Mountainbike_Tretlageraufnahme_geschweisst,Mountainbike_Tretlageraufnahme_geschweisst,40
1618,51,1,Mountainbike_Rahmen_lackiert,Mountainbike_Rahmen_lackiert,25
1618,52,1,Mountainbike_Rahmen_nachbearbeitet,Mountainbike_Rahmen_nachbearbeitet,20
1618,53,0,Mountainbike_Rahmen_lackiert,Mountainbike_Rahmen_lackiert,40
1618,54,2,Racebike_Rahmen_komplettiert,Racebike_Rahmen_komplettiert,15
1618,55,0,Racebike_Bremsen_justiert,Racebike_Bremsen_justiert,35
1618,56,0,E-Bike_Bremsen_justiert,E-Bike_Bremsen_justiert,47
1618,57,2,E-Bike_Rahmen_komplettiert,E-Bike_Rahmen_komplettiert,25
1618,58,1,E-Bike_Hauptrahmen_zugeschnitten,E-Bike_Hauptrahmen_zugeschnitten,28
1618,59,0,E-Bike_Bremsaufnahme_gebohrt,E-Bike_Bremsaufnahme_gebohrt,40
1618,60,0,E-Bike_Tretlager_gefraest,E-Bike_Tretlager_gefraest,40
1618,61,1,E-Bike_Hauptrahmen_zugeschnitten,E-Bike_Hauptrahmen_zugeschnitten,15
1618,62,1,Mountainbike_Fahrrad_endmontiert,Mountainbike_Fahrrad_endmontiert,26
1618,63,0,Mountainbike_Tretlager_gefraest,Mountainbike_Tretlager_gefraest,53
1618,64,1,Citybike_Bremsen_justiert,Citybike_Bremsen_justiert,15
1618,65,2,Mountainbike_Laufraeder_montiert,Mountainbike_Laufraeder_montiert,24
1618,66,2,Mountainbike_Antrieb_installiert,Mountainbike_Antrieb_installiert,15
1618,67,1,E-Bike_Bremsen_justiert,E-Bike_Bremsen_justiert,27
1618,68,2,E-Bike_Bremsaufnahme_gebohrt,E-Bike_Bremsaufnahme_gebohrt,24
1618,69,1,Racebike_Bremsaufnahme_gebohrt,Racebike_Bremsaufnahme_gebohrt,26
1618,70,1,Citybike_Antrieb_installiert,Citybike_Antrieb_installiert,25
1618,71,2,Citybike_Tretlageraufnahme_geschweisst,Citybike_Tretlageraufnahme_geschweisst,15
1618,72,1,Racebike_Rahmen_lackiert,Racebike_Rahmen_lackiert,15
1618,73,1,E-Bike_Hinterbau_vorbereitet,E-Bike_Hinterbau_vorbereitet,28
1618,74,0,Mountainbike_Steuerrohr_montiert,Mountainbike_Steuerrohr_montiert,40
1618,75,1,E-Bike_Tretlageraufnahme_geschweisst,E-Bike_Tretlageraufnahme_geschweisst,20
1618,76,0,Mountainbike_Bremsaufnahme_gebohrt,Mountainbike_Bremsaufnahme_gebohrt,40
1618,77,1,E-Bike_Hinterbau_vorbereitet,E-Bike_Hinterbau_vorbereitet,20
1618,78,0,Citybike_Rahmen_nachbearbeitet,Citybike_Rahmen_nachbearbeitet,39
1618,79,1,Citybike_Rahmen_lackiert,Citybike_Rahmen_lackiert,28
1618,80,1,E-Bike_Tretlager_gefraest,E-Bike_Tretlager_gefraest,27
1618,81,1,Citybike_Rahmen_nachbearbeitet,Citybike_Rahmen_nachbearbeitet,28
1618,82,0,E-Bike_Rahmen_nachbearbeitet,E-Bike_Rahmen_nachbearbeitet,43
1618,83,2,Racebike_Antrieb_installiert,Racebike_Antrieb_installiert,10
1618,84,1,Mountainbike_Bremsaufnahme_gebohrt,Mountainbike_Bremsaufnahme_gebohrt,20
1618,85,1,Racebike_Rahmen_nachbearbeitet,Racebike_Rahmen_nachbearbeitet,24
1618,86,0,Racebike_Rahmen_komplettiert,Racebike_Rahmen_komplettiert,47
1618,87,2,Racebike_Rahmen_komplettiert,Racebike_Rahmen_komplettiert,15
1618,88,2,Citybike_Hauptrahmen_zugeschnitten,Citybike_Hauptrahmen_zugeschnitten,18
1618,89,2,E-Bike_Schaltauge_bearbeitet,E-Bike_Schaltauge_bearbeitet,24
1618,90,2,E-Bike_Rahmen_nachbearbeitet,E-Bike_Rahmen_nachbearbeitet,15
1618,91,0,E-Bike_Fahrrad_endmontiert,E-Bike_Fahrrad_endmontiert,47
1618,92,0,Mountainbike_Hinterbau_vorbereitet,Mountainbike_Hinterbau_vorbereitet,53
1618,93,0,Racebike_Tretlager_gefraest,Racebike_Tretlager_gefraest,35
1618,94,0,Mountainbike_Tretlager_gefraest,Mountainbike_Tretlager_gefraest,38
1618,95,1,Mountainbike_Rahmen_lackiert,Mountainbike_Rahmen_lackiert,25
1618,96,0,Citybike_Hauptrahmen_zugeschnitten,Citybike_Hauptrahmen_zugeschnitten,39
1618,97,1,Racebike_Steuerrohr_ausgerieben,Racebike_Steuerrohr_ausgerieben,24
1618,98,1,Mountainbike_Rahmen_komplettiert,Mountainbike_Rahmen_komplettiert,25
1618,99,1,E-Bike_Hinterbau_vorbereitet,E-Bike_Hinterbau_vorbereitet,28
1618,100,2,Citybike_Steuerrohr_montiert,Citybike_Steuerrohr_montiert,15
1618,101,2,Racebike_Hinterbau_vorbereitet,Racebike_Hinterbau_vorbereitet,10
1618,102,2,E-Bike_Steuerrohr_montiert,E-Bike_Steuerrohr_montiert,25
1618,103,0,Mountainbike_Steuerrohr_montiert,Mountainbike_Steuerrohr_montiert,40
1618,104,1,Mountainbike_Hauptrahmen_zugeschnitten,Mountainbike_Hauptrahmen_zugeschnitten,26
1618,105,0,Citybike_Rahmen_lackiert,Citybike_Rahmen_lackiert,39
1618,106,1,Racebike_Steuerrohr_ausgerieben,Racebike_Steuerrohr_ausgerieben,24
1618,107,1,E-Bike_Rahmen_lackiert,E-Bike_Rahmen_lackiert,28
1618,108,2,E-Bike_Rahmen_komplettiert,E-Bike_Rahmen_komplettiert,15
1618,109,1,Mountainbike_Steuerrohr_montiert,Mountainbike_Steuerrohr_montiert,26
1618,110,2,Citybike_Schaltauge_bearbeitet,Citybike_Schaltauge_bearbeitet,15
1618,111,2,Mountainbike_Rahmen_nachbearbeitet,Mountainbike_Rahmen_nachbearbeitet,12
1618,112,0,E-Bike_Antrieb_installiert,E-Bike_Antrieb_installiert,43
1618,113,0,Racebike_Rahmen_lackiert,Racebike_Rahmen_lackiert,47
1618,114,1,Racebike_Tretlager_gefraest,Racebike_Tretlager_gefraest,24
1618,115,1,Racebike_Tretlageraufnahme_geschweisst,Racebike_Tretlageraufnahme_geschweisst,20
1618,116,1,Citybike_Fahrrad_endmontiert,Citybike_Fahrrad_endmontiert,25
1618,117,0,Citybike_Fahrrad_endmontiert,Citybike_Fahrrad_endmontiert,43
1618,118,2,Racebike_Hauptrahmen_zugeschnitten,Racebike_Hauptrahmen_zugeschnitten,16
1618,119,0,Racebike_Steuerrohr_montiert,Racebike_Steuerrohr_montiert,42
1618,120,0,Mountainbike_Hauptrahmen_zugeschnitten,Mountainbike_Hauptrahmen_zugeschnitten,38
1618,121,1,Mountainbike_Steuerrohr_ausgerieben,Mountainbike_Steuerrohr_ausgerieben,20
1618,122,0,Citybike_Rahmen_komplettiert,Citybike_Rahmen_komplettiert,39
1618,123,0,Racebike_Bremsen_justiert,Racebike_Bremsen_justiert,42
1619,2,1,Racebike_Hinterbau_vorbereitet,Racebike_Hinterbau_vorbereitet,24
1619,4,1,Mountainbike_Rahmen_komplettiert,Mountainbike_Rahmen_komplettiert,25
1619,5,1,E-Bike_Schaltauge_bearbeitet,E-Bike_Schaltauge_bearbeitet,28
1619,6,1,E-Bike_Laufraeder_montiert,E-Bike_Laufraeder_montiert,20
1619,8,2,Mountainbike_Hinterbau_vorbereitet,Mountainbike_Hinterbau_vorbereitet,15
1619,9,1,Citybike_Tretlager_gefraest,Citybike_Tretlager_gefraest,28
1619,10,1,Mountainbike_Steuerrohr_montiert,Mountainbike_Steuerrohr_montiert,20
1619,11,1,E-Bike_Hauptrahmen_zugeschnitten,E-Bike_Hauptrahmen_zugeschnitten,28
1619,12,2,E-Bike_Tretlageraufnahme_geschweisst,E-Bike_Tretlageraufnahme_geschweisst,24
1619,13,2,Racebike_Antrieb_installiert,Racebike_Antrieb_installiert,25
1619,14,2,E-Bike_Rahmen_komplettiert,E-Bike_Rahmen_komplettiert,25
1619,15,0,Mountainbike_Rahmen_nachbearbeitet,Mountainbike_Rahmen_nachbearbeitet,53
1619,16,1,Racebike_Bremsaufnahme_gebohrt,Racebike_Bremsaufnahme_gebohrt,26
1619,17,2,Mountainbike_Tretlageraufnahme_geschweisst,Mountainbike_Tretlageraufnahme_geschweisst,24
1619,18,1,Mountainbike_Rahmen_lackiert,Mountainbike_Rahmen_lackiert,25
1619,19,0,Mountainbike_Tretlager_gefraest,Mountainbike_Tretlager_gefraest,40
1619,20,0,Mountainbike_Rahmen_lackiert,Mountainbike_Rahmen_lackiert,40
1619,21,2,Mountainbike_Tretlageraufnahme_geschweisst,Mountainbike_Tretlageraufnahme_geschweisst,10
1619,22,0,E-Bike_Bremsaufnahme_gebohrt,E-Bike_Bremsaufnahme_gebohrt,55
1619,23,1,Racebike_Rahmen_nachbearbeitet,Racebike_Rahmen_nachbearbeitet,24
1619,24,0,Racebike_Hauptrahmen_zugeschnitten,Racebike_Hauptrahmen_zugeschnitten,47
1619,25,1,E-Bike_Hinterbau_vorbereitet,E-Bike_Hinterbau_vorbereitet,28
1619,26,1,Racebike_Fahrrad_endmontiert,Racebike_Fahrrad_endmontiert,26
1619,27,2,E-Bike_Rahmen_komplettiert,E-Bike_Rahmen_komplettiert,24
1619,28,2,Mountainbike_Laufraeder_montiert,Mountainbike_Laufraeder_montiert,24
1619,29,0,Racebike_Hinterbau_vorbereitet,Racebike_Hinterbau_vorbereitet,40
1619,30,1,E-Bike_Bremsen_justiert,E-Bike_Bremsen_justiert,28
1619,31,0,E-Bike_Steuerrohr_ausgerieben,E-Bike_Steuerrohr_ausgerieben,47
1619,32,1,E-Bike_Hinterbau_vorbereitet,E-Bike_Hinterbau_vorbereitet,20
1619,33,1,Citybike_Bremsen_justiert,Citybike_Bremsen_justiert,28
1619,34,1,Racebike_Laufraeder_montiert,Racebike_Laufraeder_montiert,15
1619,35,0,E-Bike_Rahmen_nachbearbeitet,E-Bike_Rahmen_nachbearbeitet,40
1619,36,1,E-Bike_Tretlageraufnahme_geschweisst,E-Bike_Tretlageraufnahme_geschweisst,28
1619,37,0,Mountainbike_Hauptrahmen_zugeschnitten,Mountainbike_Hauptrahmen_zugeschnitten,53
1619,38,1,E-Bike_Hinterbau_vorbereitet,E-Bike_Hinterbau_vorbereitet,20
1619,39,2,Mountainbike_Tretlageraufnahme_geschweisst,Mountainbike_Tretlageraufnahme_geschweisst,15
1619,40,0,E-Bike_Hinterbau_vorbereitet,E-Bike_Hinterbau_vorbereitet,55
1619,41,0,Citybike_Hinterbau_vorbereitet,Citybike_Hinterbau_vorbereitet,54
1619,42,2,Racebike_Rahmen_nachbearbeitet,Racebike_Rahmen_nachbearbeitet,16
1619,43,1,Racebike_Bremsaufnahme_gebohrt,Racebike_Bremsaufnahme_gebohrt,26
1619,44,1,Citybike_Hinterbau_vorbereitet,Citybike_Hinterbau_vorbereitet,25
1619,45,2,Racebike_Rahmen_komplettiert,Racebike_Rahmen_komplettiert,15
1619,46,0,Citybike_Rahmen_nachbearbeitet,Citybike_Rahmen_nachbearbeitet,40
1619,47,1,Citybike_Bremsen_justiert,Citybike_Bremsen_justiert,20
1619,48,0,E-Bike_Rahmen_nachbearbeitet,E-Bike_Rahmen_nachbearbeitet,43
1619,49,1,Citybike_Antrieb_installiert,Citybike_Antrieb_installiert,20
1619,50,0,E-Bike_Bremsen_justiert,E-Bike_Bremsen_justiert,40
1619,51,0,Mountainbike_Schaltauge_bearbeitet,Mountainbike_Schaltauge_bearbeitet,53
1619,52,0,E-Bike_Tretlager_gefraest,E-Bike_Tretlager_gefraest,55
1619,53,2,Racebike_Rahmen_komplettiert,Racebike_Rahmen_komplettiert,10
1619,54,0,E-Bike_Antrieb_installiert,E-Bike_Antrieb_installiert,40
1619,55,2,E-Bike_Bremsaufnahme_gebohrt,E-Bike_Bremsaufnahme_gebohrt,25
1619,56,2,Mountainbike_Laufraeder_montiert,Mountainbike_Laufraeder_montiert,24
1619,57,0,Mountainbike_Hinterbau_vorbereitet,Mountainbike_Hinterbau_vorbereitet,53
1619,58,0,Racebike_Antrieb_installiert,Racebike_Antrieb_installiert,35
1619,59,2,E-Bike_Steuerrohr_montiert,E-Bike_Steuerrohr_montiert,24
1619,60,0,Mountainbike_Tretlageraufnahme_geschweisst,Mountainbike_Tretlageraufnahme_geschweisst,38
1619,61,1,E-Bike_Rahmen_lackiert,E-Bike_Rahmen_lackiert,27
1619,62,1,Mountainbike_Fahrrad_endmontiert,Mountainbike_Fahrrad_endmontiert,26
1619,63,2,Mountainbike_Rahmen_lackiert,Mountainbike_Rahmen_lackiert,24
1619,64,0,Racebike_Bremsen_justiert,Racebike_Bremsen_justiert,35
1619,65,2,Mountainbike_Antrieb_installiert,Mountainbike_Antrieb_installiert,15
1619,66,0,Citybike_Hauptrahmen_zugeschnitten,Citybike_Hauptrahmen_zugeschnitten,43
1619,67,2,Citybike_Tretlageraufnahme_geschweisst,Citybike_Tretlageraufnahme_geschweisst,18
1619,68,1,Mountainbike_Antrieb_installiert,Mountainbike_Antrieb_installiert,20
1619,69,2,Racebike_Hinterbau_vorbereitet,Racebike_Hinterbau_vorbereitet,10
1619,70,0,Racebike_Rahmen_lackiert,Racebike_Rahmen_lackiert,42
1619,71,1,Mountainbike_Fahrrad_endmontiert,Mountainbike_Fahrrad_endmontiert,20
1619,72,0,Mountainbike_Tretlager_gefraest,Mountainbike_Tretlager_gefraest,38
1619,73,1,Mountainbike_Bremsaufnahme_gebohrt,Mountainbike_Bremsaufnahme_gebohrt,20
1619,74,1,Mountainbike_Rahmen_nachbearbeitet,Mountainbike_Rahmen_nachbearbeitet,20
1619,75,1,Racebike_Rahmen_lackiert,Racebike_Rahmen_lackiert,24
1619,76,0,Racebike_Fahrrad_endmontiert,Racebike_Fahrrad_endmontiert,35
1619,77,1,E-Bike_Tretlager_gefraest,E-Bike_Tretlager_gefraest,28
1619,78,1,Racebike_Tretlager_gefraest,Racebike_Tretlager_gefraest,26
1619,79,1,Mountainbike_Fahrrad_endmontiert,Mountainbike_Fahrrad_endmontiert,25
1619,80,0,Racebike_Tretlager_gefraest,Racebike_Tretlager_gefraest,40
1619,81,1,Racebike_Tretlageraufnahme_geschweisst,Racebike_Tretlageraufnahme_geschweisst,24
1619,82,1,Racebike_Tretlageraufnahme_geschweisst,Racebike_Tretlageraufnahme_geschweisst,15
1619,83,0,E-Bike_Fahrrad_endmontiert,E-Bike_Fahrrad_endmontiert,47
1619,84,1,E-Bike_Hinterbau_vorbereitet,E-Bike_Hinterbau_vorbereitet,28
1619,85,0,Mountainbike_Bremsaufnahme_gebohrt,Mountainbike_Bremsaufnahme_gebohrt,53
1619,86,2,Mountainbike_Bremsen_justiert,Mountainbike_Bremsen_justiert,13
1619,87,2,Citybike_Steuerrohr_montiert,Citybike_Steuerrohr_montiert,18
1619,88,1,Mountainbike_Rahmen_komplettiert,Mountainbike_Rahmen_komplettiert,26
1619,89,0,Racebike_Rahmen_komplettiert,Racebike_Rahmen_komplettiert,35
1619,90,0,Mountainbike_Steuerrohr_montiert,Mountainbike_Steuerrohr_montiert,38
1619,91,1,Citybike_Fahrrad_endmontiert,Citybike_Fahrrad_endmontiert,15
1619,92,2,Citybike_Hauptrahmen_zugeschnitten,Citybike_Hauptrahmen_zugeschnitten,15
1619,93,2,Mountainbike_Rahmen_nachbearbeitet,Mountainbike_Rahmen_nachbearbeitet,12
1619,94,0,Mountainbike_Hauptrahmen_zugeschnitten,Mountainbike_Hauptrahmen_zugeschnitten,40
1619,95,1,Mountainbike_Steuerrohr_ausgerieben,Mountainbike_Steuerrohr_ausgerieben,20
1619,96,0,Racebike_Rahmen_lackiert,Racebike_Rahmen_lackiert,35
1619,97,2,E-Bike_Rahmen_komplettiert,E-Bike_Rahmen_komplettiert,24
1619,98,0,Racebike_Rahmen_komplettiert,Racebike_Rahmen_komplettiert,40
1619,99,1,Citybike_Rahmen_lackiert,Citybike_Rahmen_lackiert,15
1619,100,2,Mountainbike_Steuerrohr_ausgerieben,Mountainbike_Steuerrohr_ausgerieben,24
1619,101,1,E-Bike_Hauptrahmen_zugeschnitten,E-Bike_Hauptrahmen_zugeschnitten,27
1619,102,1,Racebike_Steuerrohr_ausgerieben,Racebike_Steuerrohr_ausgerieben,26
1619,103,2,Racebike_Hauptrahmen_zugeschnitten,Racebike_Hauptrahmen_zugeschnitten,16
1619,104,2,E-Bike_Schaltauge_bearbeitet,E-Bike_Schaltauge_bearbeitet,25
1619,105,0,Citybike_Rahmen_lackiert,Citybike_Rahmen_lackiert,43
1619,106,1,Mountainbike_Hauptrahmen_zugeschnitten,Mountainbike_Hauptrahmen_zugeschnitten,25
1619,107,1,Mountainbike_Steuerrohr_montiert,Mountainbike_Steuerrohr_montiert,20
1619,108,1,Citybike_Rahmen_nachbearbeitet,Citybike_Rahmen_nachbearbeitet,15
1619,109,2,E-Bike_Rahmen_nachbearbeitet,E-Bike_Rahmen_nachbearbeitet,15
1619,110,1,Racebike_Steuerrohr_ausgerieben,Racebike_Steuerrohr_ausgerieben,15
1619,111,1,Racebike_Hauptrahmen_zugeschnitten,Racebike_Hauptrahmen_zugeschnitten,20
1619,112,0,Racebike_Steuerrohr_montiert,Racebike_Steuerrohr_montiert,42
1619,113,1,Racebike_Rahmen_nachbearbeitet,Racebike_Rahmen_nachbearbeitet,20
1619,114,2,Citybike_Schaltauge_bearbeitet,Citybike_Schaltauge_bearbeitet,15
1619,115,0,Racebike_Bremsen_justiert,Racebike_Bremsen_justiert,40
1619,116,1,Mountainbike_Bremsaufnahme_gebohrt,Mountainbike_Bremsaufnahme_gebohrt,25
1619,117,2,Racebike_Antrieb_installiert,Racebike_Antrieb_installiert,10
1619,118,0,Mountainbike_Hinterbau_vorbereitet,Mountainbike_Hinterbau_vorbereitet,38
1619,119,1,Racebike_Schaltauge_bearbeitet,Racebike_Schaltauge_bearbeitet,24
1619,120,0,Citybike_Fahrrad_endmontiert,Citybike_Fahrrad_endmontiert,39
1619,121,0,Citybike_Rahmen_komplettiert,Citybike_Rahmen_komplettiert,40
1619,122,1,Mountainbike_Rahmen_lackiert,Mountainbike_Rahmen_lackiert,25
1619,123,0,Mountainbike_Steuerrohr_montiert,Mountainbike_Steuerrohr_montiert,40
1620,2,1,Citybike_Hinterbau_vorbereitet,Citybike_Hinterbau_vorbereitet,20
1620,3,1,Mountainbike_Tretlager_gefraest,Mountainbike_Tretlager_gefraest,20
1620,5,2,E-Bike_Tretlageraufnahme_geschweisst,E-Bike_Tretlageraufnahme_geschweisst,15
1620,7,1,Mountainbike_Steuerrohr_montiert,Mountainbike_Steuerrohr_montiert,20
1620,8,2,Racebike_Antrieb_installiert,Racebike_Antrieb_installiert,25
1620,9,0,E-Bike_Steuerrohr_ausgerieben,E-Bike_Steuerrohr_ausgerieben,40
1620,10,1,E-Bike_Laufraeder_montiert,E-Bike_Laufraeder_montiert,28
1620,11,2,Mountainbike_Bremsen_justiert,Mountainbike_Bremsen_justiert,13
1620,12,1,Mountainbike_Rahmen_komplettiert,Mountainbike_Rahmen_komplettiert,26
1620,13,1,Mountainbike_Fahrrad_endmontiert,Mountainbike_Fahrrad_endmontiert,20
1620,14,2,Mountainbike_Hinterbau_vorbereitet,Mountainbike_Hinterbau_vorbereitet,15
1620,15,1,Racebike_Fahrrad_endmontiert,Racebike_Fahrrad_endmontiert,24
1620,16,1,E-Bike_Hinterbau_vorbereitet,E-Bike_Hinterbau_vorbereitet,28
1620,17,0,Mountainbike_Schaltauge_bearbeitet,Mountainbike_Schaltauge_bearbeitet,53
1620,18,1,Citybike_Bremsen_justiert,Citybike_Bremsen_justiert,28
1620,19,0,E-Bike_Rahmen_nachbearbeitet,E-Bike_Rahmen_nachbearbeitet,55
1620,20,2,Mountainbike_Laufraeder_montiert,Mountainbike_Laufraeder_montiert,15
1620,21,0,Racebike_Hauptrahmen_zugeschnitten,Racebike_Hauptrahmen_zugeschnitten,47
1620,22,1,E-Bike_Schaltauge_bearbeitet,E-Bike_Schaltauge_bearbeitet,27
1620,23,1,Racebike_Hinterbau_vorbereitet,Racebike_Hinterbau_vorbereitet,26
1620,24,0,Racebike_Hinterbau_vorbereitet,Racebike_Hinterbau_vorbereitet,40
1620,25,0,Mountainbike_Tretlageraufnahme_geschweisst,Mountainbike_Tretlageraufnahme_geschweisst,38
1620,26,0,Mountainbike_Hauptrahmen_zugeschnitten,Mountainbike_Hauptrahmen_zugeschnitten,40
1620,27,1,Racebike_Rahmen_nachbearbeitet,Racebike_Rahmen_nachbearbeitet,20
1620,28,0,Mountainbike_Rahmen_nachbearbeitet,Mountainbike_Rahmen_nachbearbeitet,40
1620,29,2,Mountainbike_Tretlageraufnahme_geschweisst,Mountainbike_Tretlageraufnahme_geschweisst,15
1620,30,0,E-Bike_Bremsaufnahme_gebohrt,E-Bike_Bremsaufnahme_gebohrt,55
1620,31,1,Racebike_Bremsaufnahme_gebohrt,Racebike_Bremsaufnahme_gebohrt,20
1620,32,2,Racebike_Rahmen_nachbearbeitet,Racebike_Rahmen_nachbearbeitet,16
1620,33,2,Mountainbike_Rahmen_lackiert,Mountainbike_Rahmen_lackiert,13
1620,34,0,Racebike_Antrieb_installiert,Racebike_Antrieb_installiert,47
1620,35,2,Mountainbike_Tretlageraufnahme_geschweisst,Mountainbike_Tretlageraufnahme_geschweisst,15
1620,36,2,Mountainbike_Tretlageraufnahme_geschweisst,Mountainbike_Tretlageraufnahme_geschweisst,10
1620,37,0,Mountainbike_Hinterbau_vorbereitet,Mountainbike_Hinterbau_vorbereitet,38
1620,38,0,Citybike_Rahmen_nachbearbeitet,Citybike_Rahmen_nachbearbeitet,39
1620,39,1,Racebike_Bremsaufnahme_gebohrt,Racebike_Bremsaufnahme_gebohrt,15
1620,40,1,Mountainbike_Antrieb_installiert,Mountainbike_Antrieb_installiert,25
1620,41,2,E-Bike_Rahmen_komplettiert,E-Bike_Rahmen_komplettiert,24
1620,42,1,E-Bike_Bremsen_justiert,E-Bike_Bremsen_justiert,28
1620,43,0,Citybike_Hauptrahmen_zugeschnitten,Citybike_Hauptrahmen_zugeschnitten,40
1620,44,0,Mountainbike_Rahmen_lackiert,Mountainbike_Rahmen_lackiert,40
1620,45,2,Racebike_Rahmen_komplettiert,Racebike_Rahmen_komplettiert,25
1620,46,1,Racebike_Tretlageraufnahme_geschweisst,Racebike_Tretlageraufnahme_geschweisst,26
1620,47,1,Racebike_Steuerrohr_ausgerieben,Racebike_Steuerrohr_ausgerieben,20
1620,48,1,Mountainbike_Fahrrad_endmontiert,Mountainbike_Fahrrad_endmontiert,25
1620,49,0,Racebike_Fahrrad_endmontiert,Racebike_Fahrrad_endmontiert,35
1620,50,1,Racebike_Laufraeder_montiert,Racebike_Laufraeder_montiert,24
1620,51,0,E-Bike_Tretlager_gefraest,E-Bike_Tretlager_gefraest,47
1620,52,2,E-Bike_Bremsaufnahme_gebohrt,E-Bike_Bremsaufnahme_gebohrt,25
1620,53,0,Racebike_Rahmen_komplettiert,Racebike_Rahmen_komplettiert,47
1620,54,1,E-Bike_Tretlageraufnahme_geschweisst,E-Bike_Tretlageraufnahme_geschweisst,28
1620,55,1,E-Bike_Tretlager_gefraest,E-Bike_Tretlager_gefraest,20
1620,56,0,E-Bike_Fahrrad_endmontiert,E-Bike_Fahrrad_endmontiert,47
1620,57,2,Mountainbike_Bremsen_justiert,Mountainbike_Bremsen_justiert,24
1620,58,1,E-Bike_Hinterbau_vorbereitet,E-Bike_Hinterbau_vorbereitet,20
1620,59,0,Mountainbike_Bremsaufnahme_gebohrt,Mountainbike_Bremsaufnahme_gebohrt,53
1620,60,2,Racebike_Hauptrahmen_zugeschnitten,Racebike_Hauptrahmen_zugeschnitten,16
1620,61,0,E-Bike_Hinterbau_vorbereitet,E-Bike_Hinterbau_vorbereitet,55
1620,62,0,Mountainbike_Tretlager_gefraest,Mountainbike_Tretlager_gefraest,53
1620,63,1,E-Bike_Hinterbau_vorbereitet,E-Bike_Hinterbau_vorbereitet,15
1620,64,0,Citybike_Hinterbau_vorbereitet,Citybike_Hinterbau_vorbereitet,39
1620,65,1,Mountainbike_Rahmen_komplettiert,Mountainbike_Rahmen_komplettiert,26
1620,66,0,Racebike_Rahmen_lackiert,Racebike_Rahmen_lackiert,42
1620,67,2,Mountainbike_Steuerrohr_ausgerieben,Mountainbike_Steuerrohr_ausgerieben,13
1620,68,2,Citybike_Steuerrohr_montiert,Citybike_Steuerrohr_montiert,18
1620,69,1,Mountainbike_Hauptrahmen_zugeschnitten,Mountainbike_Hauptrahmen_zugeschnitten,20
1620,70,2,Mountainbike_Rahmen_nachbearbeitet,Mountainbike_Rahmen_nachbearbeitet,12
1620,71,1,Mountainbike_Rahmen_lackiert,Mountainbike_Rahmen_lackiert,20
1620,72,0,Racebike_Steuerrohr_montiert,Racebike_Steuerrohr_montiert,40
1620,73,2,Racebike_Hinterbau_vorbereitet,Racebike_Hinterbau_vorbereitet,16
1620,74,0,Racebike_Rahmen_komplettiert,Racebike_Rahmen_komplettiert,40
1620,75,1,Mountainbike_Steuerrohr_montiert,Mountainbike_Steuerrohr_montiert,20
1620,76,1,Citybike_Bremsen_justiert,Citybike_Bremsen_justiert,15
1620,77,1,Racebike_Hauptrahmen_zugeschnitten,Racebike_Hauptrahmen_zugeschnitten,15
1620,78,1,Citybike_Fahrrad_endmontiert,Citybike_Fahrrad_endmontiert,25
1620,79,0,Racebike_Bremsen_justiert,Racebike_Bremsen_justiert,40
1620,80,0,Mountainbike_Hauptrahmen_zugeschnitten,Mountainbike_Hauptrahmen_zugeschnitten,38
1620,81,1,Mountainbike_Fahrrad_endmontiert,Mountainbike_Fahrrad_endmontiert,20
1620,82,1,Racebike_Rahmen_nachbearbeitet,Racebike_Rahmen_nachbearbeitet,24
1620,83,1,Mountainbike_Bremsaufnahme_gebohrt,Mountainbike_Bremsaufnahme_gebohrt,25
1620,84,1,Citybike_Antrieb_installiert,Citybike_Antrieb_installiert,15
1620,85,2,Racebike_Antrieb_installiert,Racebike_Antrieb_installiert,15
1620,86,1,Mountainbike_Steuerrohr_ausgerieben,Mountainbike_Steuerrohr_ausgerieben,20
1620,87,1,Racebike_Schaltauge_bearbeitet,Racebike_Schaltauge_bearbeitet,24
1620,88,0,Mountainbike_Tretlager_gefraest,Mountainbike_Tretlager_gefraest,40
1620,89,0,Racebike_Rahmen_lackiert,Racebike_Rahmen_lackiert,35
1620,90,2,Citybike_Tretlageraufnahme_geschweisst,Citybike_Tretlageraufnahme_geschweisst,18
1620,91,1,Citybike_Rahmen_lackiert,Citybike_Rahmen_lackiert,25
1620,92,1,Citybike_Rahmen_nachbearbeitet,Citybike_Rahmen_nachbearbeitet,20
1620,93,0,E-Bike_Antrieb_installiert,E-Bike_Antrieb_installiert,47
1620,94,2,Racebike_Rahmen_komplettiert,Racebike_Rahmen_komplettiert,10
1620,95,1,Mountainbike_Rahmen_nachbearbeitet,Mountainbike_Rahmen_nachbearbeitet,20
1620,96,2,Mountainbike_Laufraeder_montiert,Mountainbike_Laufraeder_montiert,13
1620,97,1,Mountainbike_Bremsaufnahme_gebohrt,Mountainbike_Bremsaufnahme_gebohrt,20
1620,98,1,Racebike_Tretlager_gefraest,Racebike_Tretlager_gefraest,24
1620,99,0,Racebike_Bremsen_justiert,Racebike_Bremsen_justiert,47
1620,100,2,Citybike_Hauptrahmen_zugeschnitten,Citybike_Hauptrahmen_zugeschnitten,18
1620,101,1,E-Bike_Hauptrahmen_zugeschnitten,E-Bike_Hauptrahmen_zugeschnitten,28
1620,102,2,Mountainbike_Antrieb_installiert,Mountainbike_Antrieb_installiert,12
1620,103,1,Racebike_Tretlageraufnahme_geschweisst,Racebike_Tretlageraufnahme_geschweisst,26
1620,104,0,Mountainbike_Hinterbau_vorbereitet,Mountainbike_Hinterbau_vorbereitet,38
1620,105,0,E-Bike_Bremsen_justiert,E-Bike_Bremsen_justiert,55
1620,106,1,Racebike_Rahmen_lackiert,Racebike_Rahmen_lackiert,20
1620,107,1,E-Bike_Hauptrahmen_zugeschnitten,E-Bike_Hauptrahmen_zugeschnitten,28
1620,108,0,Mountainbike_Steuerrohr_montiert,Mountainbike_Steuerrohr_montiert,53
1620,109,1,E-Bike_Hinterbau_vorbereitet,E-Bike_Hinterbau_vorbereitet,20
1620,110,0,Citybike_Rahmen_lackiert,Citybike_Rahmen_lackiert,39
1620,111,0,Racebike_Tretlager_gefraest,Racebike_Tretlager_gefraest,42
1620,112,2,Citybike_Schaltauge_bearbeitet,Citybike_Schaltauge_bearbeitet,18
1620,113,1,Mountainbike_Rahmen_lackiert,Mountainbike_Rahmen_lackiert,26
1620,114,0,E-Bike_Rahmen_nachbearbeitet,E-Bike_Rahmen_nachbearbeitet,47
1620,115,0,Mountainbike_Steuerrohr_montiert,Mountainbike_Steuerrohr_montiert,53
1620,116,2,E-Bike_Steuerrohr_montiert,E-Bike_Steuerrohr_montiert,24
1620,117,2,E-Bike_Schaltauge_bearbeitet,E-Bike_Schaltauge_bearbeitet,15
1620,118,1,E-Bike_Rahmen_lackiert,E-Bike_Rahmen_lackiert,28
1620,119,2,E-Bike_Rahmen_komplettiert,E-Bike_Rahmen_komplettiert,15
1620,120,1,Racebike_Steuerrohr_ausgerieben,Racebike_Steuerrohr_ausgerieben,26
1620,121,0,Citybike_Fahrrad_endmontiert,Citybike_Fahrrad_endmontiert,39
1620,122,2,E-Bike_Rahmen_nachbearbeitet,E-Bike_Rahmen_nachbearbeitet,15
1620,123,0,Citybike_Rahmen_komplettiert,Citybike_Rahmen_komplettiert,40
1621,3,1,Mountainbike_Tretlager_gefraest,Mountainbike_Tretlager_gefraest,20
1621,4,0,E-Bike_Tretlager_gefraest,E-Bike_Tretlager_gefraest,55
1621,5,1,Racebike_Fahrrad_endmontiert,Racebike_Fahrrad_endmontiert,24
1621,6,1,Mountainbike_Steuerrohr_montiert,Mountainbike_Steuerrohr_montiert,25
1621,7,1,Racebike_Bremsaufnahme_gebohrt,Racebike_Bremsaufnahme_gebohrt,24
1621,8,1,Citybike_Tretlager_gefraest,Citybike_Tretlager_gefraest,25
1621,10,2,Mountainbike_Bremsen_justiert,Mountainbike_Bremsen_justiert,13
1621,11,2,Mountainbike_Hinterbau_vorbereitet,Mountainbike_Hinterbau_vorbereitet,15
1621,12,2,E-Bike_Tretlageraufnahme_geschweisst,E-Bike_Tretlageraufnahme_geschweisst,24
1621,13,0,Racebike_Antrieb_installiert,Racebike_Antrieb_installiert,47
1621,14,0,Mountainbike_Rahmen_lackiert,Mountainbike_Rahmen_lackiert,38
1621,15,0,Citybike_Hinterbau_vorbereitet,Citybike_Hinterbau_vorbereitet,39
1621,16,0,Mountainbike_Tretlageraufnahme_geschweisst,Mountainbike_Tretlageraufnahme_geschweisst,40
1621,17,1,Mountainbike_Fahrrad_endmontiert,Mountainbike_Fahrrad_endmontiert,20
1621,18,2,Racebike_Antrieb_installiert,Racebike_Antrieb_installiert,25
1621,19,1,Mountainbike_Bremsaufnahme_gebohrt,Mountainbike_Bremsaufnahme_gebohrt,20
1621,20,1,E-Bike_Schaltauge_bearbeitet,E-Bike_Schaltauge_bearbeitet,28
1621,21,2,Mountainbike_Tretlageraufnahme_geschweisst,Mountainbike_Tretlageraufnahme_geschweisst,13
1621,22,0,Mountainbike_Schaltauge_bearbeitet,Mountainbike_Schaltauge_bearbeitet,40
1621,23,1,Mountainbike_Rahmen_lackiert,Mountainbike_Rahmen_lackiert,26
1621,24,1,Racebike_Hinterbau_vorbereitet,Racebike_Hinterbau_vorbereitet,24
1621,25,0,Mountainbike_Tretlager_gefraest,Mountainbike_Tretlager_gefraest,40
1621,26,1,Mountainbike_Antrieb_installiert,Mountainbike_Antrieb_installiert,25
1621,27,2,Mountainbike_Tretlageraufnahme_geschweisst,Mountainbike_Tretlageraufnahme_geschweisst,10
1621,28,0,Mountainbike_Hinterbau_vorbereitet,Mountainbike_Hinterbau_vorbereitet,40
1621,29,2,Mountainbike_Laufraeder_montiert,Mountainbike_Laufraeder_montiert,15
1621,30,2,Mountainbike_Antrieb_installiert,Mountainbike_Antrieb_installiert,15
1621,31,1,Citybike_Hinterbau_vorbereitet,Citybike_Hinterbau_vorbereitet,15
1621,32,2,Mountainbike_Laufraeder_montiert,Mountainbike_Laufraeder_montiert,15
1621,33,2,E-Bike_Rahmen_komplettiert,E-Bike_Rahmen_komplettiert,24
1621,34,0,E-Bike_Steuerrohr_ausgerieben,E-Bike_Steuerrohr_ausgerieben,55
1621,35,0,Mountainbike_Hauptrahmen_zugeschnitten,Mountainbike_Hauptrahmen_zugeschnitten,53
1621,36,1,E-Bike_Laufraeder_montiert,E-Bike_Laufraeder_montiert,27
1621,37,1,E-Bike_Hauptrahmen_zugeschnitten,E-Bike_Hauptrahmen_zugeschnitten,20
1621,38,1,E-Bike_Hinterbau_vorbereitet,E-Bike_Hinterbau_vorbereitet,20
1621,39,0,Mountainbike_Hinterbau_vorbereitet,Mountainbike_Hinterbau_vorbereitet,40
1621,40,0,E-Bike_Rahmen_nachbearbeitet,E-Bike_Rahmen_nachbearbeitet,55
1621,41,2,E-Bike_Rahmen_komplettiert,E-Bike_Rahmen_komplettiert,10
1621,42,1,E-Bike_Hinterbau_vorbereitet,E-Bike_Hinterbau_vorbereitet,15
1621,43,0,Citybike_Rahmen_nachbearbeitet,Citybike_Rahmen_nachbearbeitet,54
1621,44,1,Mountainbike_Fahrrad_endmontiert,Mountainbike_Fahrrad_endmontiert,26
1621,45,2,Citybike_Hauptrahmen_zugeschnitten,Citybike_Hauptrahmen_zugeschnitten,15
1621,46,0,E-Bike_Tretlager_gefraest,E-Bike_Tretlager_gefraest,43
1621,47,2,Mountainbike_Bremsen_justiert,Mountainbike_Bremsen_justiert,12
1621,48,0,Mountainbike_Steuerrohr_montiert,Mountainbike_Steuerrohr_montiert,53
1621,49,2,Mountainbike_Steuerrohr_ausgerieben,Mountainbike_Steuerrohr_ausgerieben,15
1621,50,2,Mountainbike_Tretlageraufnahme_geschweisst,Mountainbike_Tretlageraufnahme_geschweisst,15
1621,51,1,Citybike_Bremsen_justiert,Citybike_Bremsen_justiert,15
1621,52,1,Citybike_Bremsen_justiert,Citybike_Bremsen_justiert,15
1621,53,1,Mountainbike_Rahmen_lackiert,Mountainbike_Rahmen_lackiert,20
1621,54,1,Racebike_Tretlageraufnahme_geschweisst,Racebike_Tretlageraufnahme_geschweisst,24
1621,55,0,Racebike_Rahmen_komplettiert,Racebike_Rahmen_komplettiert,35
1621,56,1,Racebike_Rahmen_nachbearbeitet,Racebike_Rahmen_nachbearbeitet,20
1621,57,2,Racebike_Hinterbau_vorbereitet,Racebike_Hinterbau_vorbereitet,16
1621,58,0,Mountainbike_Bremsaufnahme_gebohrt,Mountainbike_Bremsaufnahme_gebohrt,38
1621,59,2,Mountainbike_Rahmen_lackiert,Mountainbike_Rahmen_lackiert,13
1621,60,1,Mountainbike_Fahrrad_endmontiert,Mountainbike_Fahrrad_endmontiert,25
1621,61,0,Racebike_Hinterbau_vorbereitet,Racebike_Hinterbau_vorbereitet,35
1621,62,0,E-Bike_Bremsaufnahme_gebohrt,E-Bike_Bremsaufnahme_gebohrt,47
1621,63,0,Citybike_Hauptrahmen_zugeschnitten,Citybike_Hauptrahmen_zugeschnitten,54
1621,64,0,Mountainbike_Tretlager_gefraest,Mountainbike_Tretlager_gefraest,40
1621,65,1,Citybike_Antrieb_installiert,Citybike_Antrieb_installiert,15
1621,66,2,E-Bike_Bremsaufnahme_gebohrt,E-Bike_Bremsaufnahme_gebohrt,24
1621,67,0,Racebike_Rahmen_lackiert,Racebike_Rahmen_lackiert,35
1621,68,1,Racebike_Bremsaufnahme_gebohrt,Racebike_Bremsaufnahme_gebohrt,15
1621,69,2,Citybike_Tretlageraufnahme_geschweisst,Citybike_Tretlageraufnahme_geschweisst,15
1621,70,1,Mountainbike_Bremsaufnahme_gebohrt,Mountainbike_Bremsaufnahme_gebohrt,25
1621,71,0,Mountainbike_Steuerrohr_montiert,Mountainbike_Steuerrohr_montiert,38
1621,72,1,E-Bike_Bremsen_justiert,E-Bike_Bremsen_justiert,28
1621,73,1,Mountainbike_Rahmen_komplettiert,Mountainbike_Rahmen_komplettiert,26
1621,74,0,Citybike_Rahmen_lackiert,Citybike_Rahmen_lackiert,39
1621,75,2,Mountainbike_Rahmen_nachbearbeitet,Mountainbike_Rahmen_nachbearbeitet,12
1621,76,1,E-Bike_Tretlageraufnahme_geschweisst,E-Bike_Tretlageraufnahme_geschweisst,28
1621,77,2,Citybike_Schaltauge_bearbeitet,Citybike_Schaltauge_bearbeitet,18
1621,78,1,E-Bike_Tretlager_gefraest,E-Bike_Tretlager_gefraest,20
1621,79,1,Mountainbike_Hauptrahmen_zugeschnitten,Mountainbike_Hauptrahmen_zugeschnitten,26
1621,80,0,Citybike_Fahrrad_endmontiert,Citybike_Fahrrad_endmontiert,40
1621,81,1,Racebike_Tretlager_gefraest,Racebike_Tretlager_gefraest,24
1621,82,0,E-Bike_Rahmen_nachbearbeitet,E-Bike_Rahmen_nachbearbeitet,43
1621,83,2,E-Bike_Steuerrohr_montiert,E-Bike_Steuerrohr_montiert,24
1621,84,1,Mountainbike_Steuerrohr_montiert,Mountainbike_Steuerrohr_montiert,25
1621,85,0,Racebike_Fahrrad_endmontiert,Racebike_Fahrrad_endmontiert,47
1621,86,2,Racebike_Rahmen_komplettiert,Racebike_Rahmen_komplettiert,25
1621,87,1,E-Bike_Rahmen_lackiert,E-Bike_Rahmen_lackiert,28
1621,88,0,E-Bike_Fahrrad_endmontiert,E-Bike_Fahrrad_endmontiert,47
1621,89,1,Citybike_Rahmen_lackiert,Citybike_Rahmen_lackiert,28
1621,90,1,Racebike_Tretlageraufnahme_geschweisst,Racebike_Tretlageraufnahme_geschweisst,15
1621,91,2,Citybike_Steuerrohr_montiert,Citybike_Steuerrohr_montiert,18
1621,92,2,E-Bike_Rahmen_komplettiert,E-Bike_Rahmen_komplettiert,24
1621,93,0,Citybike_Rahmen_komplettiert,Citybike_Rahmen_komplettiert,54
1621,94,1,E-Bike_Hinterbau_vorbereitet,E-Bike_Hinterbau_vorbereitet,28
1621,95,0,Racebike_Hauptrahmen_zugeschnitten,Racebike_Hauptrahmen_zugeschnitten,42
1621,96,1,Citybike_Rahmen_nachbearbeitet,Citybike_Rahmen_nachbearbeitet,28
1621,97,1,E-Bike_Hinterbau_vorbereitet,E-Bike_Hinterbau_vorbereitet,27
1621,98,0,E-Bike_Hinterbau_vorbereitet,E-Bike_Hinterbau_vorbereitet,47
1621,99,1,Citybike_Fahrrad_endmontiert,Citybike_Fahrrad_endmontiert,28
1621,100,1,Mountainbike_Rahmen_nachbearbeitet,Mountainbike_Rahmen_nachbearbeitet,20
1621,101,1,Racebike_Laufraeder_montiert,Racebike_Laufraeder_montiert,24
1621,102,2,Racebike_Rahmen_komplettiert,Racebike_Rahmen_komplettiert,25
1621,103,0,E-Bike_Bremsen_justiert,E-Bike_Bremsen_justiert,40
1621,104,0,E-Bike_Antrieb_installiert,E-Bike_Antrieb_installiert,40
1621,105,0,Racebike_Bremsen_justiert,Racebike_Bremsen_justiert,47
1621,106,0,Mountainbike_Hauptrahmen_zugeschnitten,Mountainbike_Hauptrahmen_zugeschnitten,38
1621,107,1,Mountainbike_Steuerrohr_ausgerieben,Mountainbike_Steuerrohr_ausgerieben,25
1621,108,1,Racebike_Steuerrohr_ausgerieben,Racebike_Steuerrohr_ausgerieben,24
1621,109,0,Racebike_Rahmen_lackiert,Racebike_Rahmen_lackiert,35
1621,110,0,Racebike_Rahmen_komplettiert,Racebike_Rahmen_komplettiert,40
1621,111,1,Racebike_Hauptrahmen_zugeschnitten,Racebike_Hauptrahmen_zugeschnitten,20
1621,112,1,E-Bike_Hauptrahmen_zugeschnitten,E-Bike_Hauptrahmen_zugeschnitten,28
1621,113,1,Racebike_Rahmen_lackiert,Racebike_Rahmen_lackiert,26
1621,114,2,Racebike_Hauptrahmen_zugeschnitten,Racebike_Hauptrahmen_zugeschnitten,15
1621,115,0,Racebike_Steuerrohr_montiert,Racebike_Steuerrohr_montiert,40
1621,116,1,Racebike_Rahmen_nachbearbeitet,Racebike_Rahmen_nachbearbeitet,20
1621,117,0,Racebike_Bremsen_justiert,Racebike_Bremsen_justiert,40
1621,118,0,Racebike_Tretlager_gefraest,Racebike_Tretlager_gefraest,40
1621,119,1,Racebike_Steuerrohr_ausgerieben,Racebike_Steuerrohr_ausgerieben,20
1621,120,2,Racebike_Antrieb_installiert,Racebike_Antrieb_installiert,15
1621,121,1,Racebike_Schaltauge_bearbeitet,Racebike_Schaltauge_bearbeitet,20
1621,122,2,E-Bike_Schaltauge_bearbeitet,E-Bike_Schaltauge_bearbeitet,25
1621,123,2,E-Bike_Rahmen_nachbearbeitet,E-Bike_Rahmen_nachbearbeitet,15
1622,3,2,Mountainbike_Bremsen_justiert,Mountainbike_Bremsen_justiert,13
1622,5,2,Mountainbike_Hinterbau_vorbereitet,Mountainbike_Hinterbau_vorbereitet,15
1622,6,0,Mountainbike_Schaltauge_bearbeitet,Mountainbike_Schaltauge_bearbeitet,38
1622,7,1,Mountainbike_Tretlager_gefraest,Mountainbike_Tretlager_gefraest,25
1622,8,1,E-Bike_Schaltauge_bearbeitet,E-Bike_Schaltauge_bearbeitet,28
1622,9,1,Citybike_Hinterbau_vorbereitet,Citybike_Hinterbau_vorbereitet,28
1622,10,2,Mountainbike_Laufraeder_montiert,Mountainbike_Laufraeder_montiert,15
1622,11,1,Mountainbike_Steuerrohr_montiert,Mountainbike_Steuerrohr_montiert,20
1622,12,1,Racebike_Bremsaufnahme_gebohrt,Racebike_Bremsaufnahme_gebohrt,24
1622,13,1,Citybike_Tretlager_gefraest,Citybike_Tretlager_gefraest,25
1622,14,2,E-Bike_Tretlageraufnahme_geschweisst,E-Bike_Tretlageraufnahme_geschweisst,24
1622,15,0,Citybike_Rahmen_nachbearbeitet,Citybike_Rahmen_nachbearbeitet,39
1622,16,2,E-Bike_Rahmen_komplettiert,E-Bike_Rahmen_komplettiert,15
1622,17,2,Citybike_Hauptrahmen_zugeschnitten,Citybike_Hauptrahmen_zugeschnitten,15
1622,18,1,Racebike_Hinterbau_vorbereitet,Racebike_Hinterbau_vorbereitet,15
1622,19,0,E-Bike_Bremsaufnahme_gebohrt,E-Bike_Bremsaufnahme_gebohrt,43
1622,20,2,Mountainbike_Tretlageraufnahme_geschweisst,Mountainbike_Tretlageraufnahme_geschweisst,12
1622,21,0,Citybike_Rahmen_lackiert,Citybike_Rahmen_lackiert,54
1622,22,0,Citybike_Hinterbau_vorbereitet,Citybike_Hinterbau_vorbereitet,40
1622,23,0,Mountainbike_Hauptrahmen_zugeschnitten,Mountainbike_Hauptrahmen_zugeschnitten,40
1622,24,0,E-Bike_Steuerrohr_ausgerieben,E-Bike_Steuerrohr_ausgerieben,55
1622,25,0,Mountainbike_Hinterbau_vorbereitet,Mountainbike_Hinterbau_vorbereitet,53
1622,26,0,E-Bike_Tretlager_gefraest,E-Bike_Tretlager_gefraest,55
1622,27,0,Racebike_Fahrrad_endmontiert,Racebike_Fahrrad_endmontiert,47
1622,28,1,E-Bike_Bremsen_justiert,E-Bike_Bremsen_justiert,28
1622,29,1,Mountainbike_Antrieb_installiert,Mountainbike_Antrieb_installiert,26
1622,30,1,Citybike_Bremsen_justiert,Citybike_Bremsen_justiert,15
1622,31,1,E-Bike_Hinterbau_vorbereitet,E-Bike_Hinterbau_vorbereitet,27
1622,32,2,E-Bike_Rahmen_komplettiert,E-Bike_Rahmen_komplettiert,24
1622,33,2,Mountainbike_Bremsen_justiert,Mountainbike_Bremsen_justiert,24
1622,34,0,Racebike_Rahmen_lackiert,Racebike_Rahmen_lackiert,40
1622,35,1,Mountainbike_Fahrrad_endmontiert,Mountainbike_Fahrrad_endmontiert,26
1622,36,2,Mountainbike_Steuerrohr_ausgerieben,Mountainbike_Steuerrohr_ausgerieben,15
1622,37,1,Citybike_Bremsen_justiert,Citybike_Bremsen_justiert,15
1622,38,1,Racebike_Rahmen_nachbearbeitet,Racebike_Rahmen_nachbearbeitet,15
1622,39,2,Mountainbike_Rahmen_lackiert,Mountainbike_Rahmen_lackiert,15
1622,40,2,Mountainbike_Tretlageraufnahme_geschweisst,Mountainbike_Tretlageraufnahme_geschweisst,15
1622,41,1,E-Bike_Laufraeder_montiert,E-Bike_Laufraeder_montiert,28
1622,42,1,E-Bike_Hinterbau_vorbereitet,E-Bike_Hinterbau_vorbereitet,20
1622,43,0,E-Bike_Rahmen_nachbearbeitet,E-Bike_Rahmen_nachbearbeitet,47
1622,44,0,Mountainbike_Tretlager_gefraest,Mountainbike_Tretlager_gefraest,53
1622,45,2,Mountainbike_Rahmen_nachbearbeitet,Mountainbike_Rahmen_nachbearbeitet,15
1622,46,1,Racebike_Bremsaufnahme_gebohrt,Racebike_Bremsaufnahme_gebohrt,26
1622,47,0,Racebike_Hauptrahmen_zugeschnitten,Racebike_Hauptrahmen_zugeschnitten,35
1622,48,2,Racebike_Hinterbau_vorbereitet,Racebike_Hinterbau_vorbereitet,16
1622,49,0,E-Bike_Tretlager_gefraest,E-Bike_Tretlager_gefraest,47
1622,50,2,E-Bike_Bremsaufnahme_gebohrt,E-Bike_Bremsaufnahme_gebohrt,25
1622,51,1,Mountainbike_Fahrrad_endmontiert,Mountainbike_Fahrrad_endmontiert,25
1622,52,1,Racebike_Laufraeder_montiert,Racebike_Laufraeder_montiert,24
1622,53,1,Citybike_Antrieb_installiert,Citybike_Antrieb_installiert,25
1622,54,1,Mountainbike_Bremsaufnahme_gebohrt,Mountainbike_Bremsaufnahme_gebohrt,20
1622,55,2,Citybike_Tretlageraufnahme_geschweisst,Citybike_Tretlageraufnahme_geschweisst,15
1622,56,0,Racebike_Rahmen_komplettiert,Racebike_Rahmen_komplettiert,47
1622,57,1,Mountainbike_Rahmen_komplettiert,Mountainbike_Rahmen_komplettiert,20
1622,58,0,Mountainbike_Hauptrahmen_zugeschnitten,Mountainbike_Hauptrahmen_zugeschnitten,38
1622,59,1,Racebike_Hauptrahmen_zugeschnitten,Racebike_Hauptrahmen_zugeschnitten,24
1622,60,0,E-Bike_Hinterbau_vorbereitet,E-Bike_Hinterbau_vorbereitet,55
1622,61,0,Mountainbike_Rahmen_nachbearbeitet,Mountainbike_Rahmen_nachbearbeitet,53
1622,62,1,Mountainbike_Steuerrohr_ausgerieben,Mountainbike_Steuerrohr_ausgerieben,25
1622,63,2,Citybike_Schaltauge_bearbeitet,Citybike_Schaltauge_bearbeitet,15
1622,64,1,Racebike_Rahmen_nachbearbeitet,Racebike_Rahmen_nachbearbeitet,24
1622,65,0,Citybike_Fahrrad_endmontiert,Citybike_Fahrrad_endmontiert,39
1622,66,0,Citybike_Rahmen_komplettiert,Citybike_Rahmen_komplettiert,40
1622,67,1,E-Bike_Tretlageraufnahme_geschweisst,E-Bike_Tretlageraufnahme_geschweisst,28
1622,68,2,Racebike_Antrieb_installiert,Racebike_Antrieb_installiert,10
1622,69,2,Racebike_Rahmen_nachbearbeitet,Racebike_Rahmen_nachbearbeitet,15
1622,70,2,Racebike_Rahmen_komplettiert,Racebike_Rahmen_komplettiert,15
1622,71,0,Racebike_Rahmen_lackiert,Racebike_Rahmen_lackiert,42
1622,72,0,Mountainbike_Tretlageraufnahme_geschweisst,Mountainbike_Tretlageraufnahme_geschweisst,38
1622,73,0,Citybike_Hauptrahmen_zugeschnitten,Citybike_Hauptrahmen_zugeschnitten,39
1622,74,1,Racebike_Tretlager_gefraest,Racebike_Tretlager_gefraest,26
1622,75,1,E-Bike_Tretlager_gefraest,E-Bike_Tretlager_gefraest,28
1622,76,1,Racebike_Tretlageraufnahme_geschweisst,Racebike_Tretlageraufnahme_geschweisst,26
1622,77,0,E-Bike_Fahrrad_endmontiert,E-Bike_Fahrrad_endmontiert,43
1622,78,1,Racebike_Schaltauge_bearbeitet,Racebike_Schaltauge_bearbeitet,20
1622,79,0,Racebike_Antrieb_installiert,Racebike_Antrieb_installiert,47
1622,80,2,Citybike_Steuerrohr_montiert,Citybike_Steuerrohr_montiert,18
1622,81,1,Citybike_Rahmen_lackiert,Citybike_Rahmen_lackiert,25
1622,82,1,Racebike_Tretlageraufnahme_geschweisst,Racebike_Tretlageraufnahme_geschweisst,15
1622,83,0,Mountainbike_Rahmen_lackiert,Mountainbike_Rahmen_lackiert,38
1622,84,2,Mountainbike_Tretlageraufnahme_geschweisst,Mountainbike_Tretlageraufnahme_geschweisst,12
1622,85,1,Citybike_Fahrrad_endmontiert,Citybike_Fahrrad_endmontiert,25
1622,86,1,Citybike_Rahmen_nachbearbeitet,Citybike_Rahmen_nachbearbeitet,20
1622,87,1,E-Bike_Hinterbau_vorbereitet,E-Bike_Hinterbau_vorbereitet,27
1622,88,0,Mountainbike_Bremsaufnahme_gebohrt,Mountainbike_Bremsaufnahme_gebohrt,40
1622,89,1,Mountainbike_Rahmen_nachbearbeitet,Mountainbike_Rahmen_nachbearbeitet,26
1622,90,1,Mountainbike_Fahrrad_endmontiert,Mountainbike_Fahrrad_endmontiert,20
1622,91,0,Racebike_Rahmen_komplettiert,Racebike_Rahmen_komplettiert,35
1622,92,1,Mountainbike_Rahmen_lackiert,Mountainbike_Rahmen_lackiert,20
1622,93,1,E-Bike_Hauptrahmen_zugeschnitten,E-Bike_Hauptrahmen_zugeschnitten,28
1622,94,1,Mountainbike_Rahmen_komplettiert,Mountainbike_Rahmen_komplettiert,26
1622,95,1,E-Bike_Hinterbau_vorbereitet,E-Bike_Hinterbau_vorbereitet,28
1622,96,0,Racebike_Bremsen_justiert,Racebike_Bremsen_justiert,40
1622,97,1,Racebike_Rahmen_lackiert,Racebike_Rahmen_lackiert,26
1622,98,2,Racebike_Rahmen_komplettiert,Racebike_Rahmen_komplettiert,16
1622,99,1,Racebike_Steuerrohr_ausgerieben,Racebike_Steuerrohr_ausgerieben,20
1622,100,0,E-Bike_Rahmen_nachbearbeitet,E-Bike_Rahmen_nachbearbeitet,47
1622,101,0,Mountainbike_Tretlager_gefraest,Mountainbike_Tretlager_gefraest,53
1622,102,1,Mountainbike_Hauptrahmen_zugeschnitten,Mountainbike_Hauptrahmen_zugeschnitten,25
1622,103,0,Racebike_Tretlager_gefraest,Racebike_Tretlager_gefraest,35
1622,104,2,E-Bike_Steuerrohr_montiert,E-Bike_Steuerrohr_montiert,25
1622,105,1,Mountainbike_Bremsaufnahme_gebohrt,Mountainbike_Bremsaufnahme_gebohrt,20
1622,106,2,Mountainbike_Laufraeder_montiert,Mountainbike_Laufraeder_montiert,24
1622,107,2,Racebike_Hauptrahmen_zugeschnitten,Racebike_Hauptrahmen_zugeschnitten,16
1622,108,0,Mountainbike_Hinterbau_vorbereitet,Mountainbike_Hinterbau_vorbereitet,38
1622,109,1,E-Bike_Rahmen_lackiert,E-Bike_Rahmen_lackiert,28
1622,110,0,E-Bike_Antrieb_installiert,E-Bike_Antrieb_installiert,55
1622,111,2,Mountainbike_Antrieb_installiert,Mountainbike_Antrieb_installiert,13
1622,112,1,Racebike_Steuerrohr_ausgerieben,Racebike_Steuerrohr_ausgerieben,26
1622,113,0,Racebike_Steuerrohr_montiert,Racebike_Steuerrohr_montiert,47
1622,114,0,Racebike_Bremsen_justiert,Racebike_Bremsen_justiert,40
1622,115,2,E-Bike_Rahmen_komplettiert,E-Bike_Rahmen_komplettiert,24
1622,116,0,Mountainbike_Steuerrohr_montiert,Mountainbike_Steuerrohr_montiert,38
1622,117,1,Mountainbike_Steuerrohr_montiert,Mountainbike_Steuerrohr_montiert,25
1622,118,1,Mountainbike_Rahmen_lackiert,Mountainbike_Rahmen_lackiert,20
1622,119,0,E-Bike_Bremsen_justiert,E-Bike_Bremsen_justiert,55
1622,120,0,Mountainbike_Steuerrohr_montiert,Mountainbike_Steuerrohr_montiert,53
1622,121,1,E-Bike_Hauptrahmen_zugeschnitten,E-Bike_Hauptrahmen_zugeschnitten,28
1622,122,2,E-Bike_Schaltauge_bearbeitet,E-Bike_Schaltauge_bearbeitet,15
1622,123,2,E-Bike_Rahmen_nachbearbeitet,E-Bike_Rahmen_nachbearbeitet,15
1623,3,1,Racebike_Hinterbau_vorbereitet,Racebike_Hinterbau_vorbereitet,20
1623,4,2,Mountainbike_Bremsen_justiert,Mountainbike_Bremsen_justiert,24
1623,6,2,Mountainbike_Hinterbau_vorbereitet,Mountainbike_Hinterbau_vorbereitet,15
1623,7,2,Mountainbike_Laufraeder_montiert,Mountainbike_Laufraeder_montiert,15
1623,8,0,Racebike_Fahrrad_endmontiert,Racebike_Fahrrad_endmontiert,40
1623,9,0,E-Bike_Steuerrohr_ausgerieben,E-Bike_Steuerrohr_ausgerieben,47
1623,10,1,Racebike_Laufraeder_montiert,Racebike_Laufraeder_montiert,20
1623,11,0,Mountainbike_Schaltauge_bearbeitet,Mountainbike_Schaltauge_bearbeitet,53
1623,12,1,Mountainbike_Rahmen_komplettiert,Mountainbike_Rahmen_komplettiert,25
1623,13,1,Mountainbike_Antrieb_installiert,Mountainbike_Antrieb_installiert,20
1623,14,1,Mountainbike_Tretlager_gefraest,Mountainbike_Tretlager_gefraest,20
1623,15,1,Citybike_Hinterbau_vorbereitet,Citybike_Hinterbau_vorbereitet,15
1623,16,2,Racebike_Rahmen_komplettiert,Racebike_Rahmen_komplettiert,16
1623,17,2,Racebike_Antrieb_installiert,Racebike_Antrieb_installiert,15
1623,18,1,Mountainbike_Fahrrad_endmontiert,Mountainbike_Fahrrad_endmontiert,20
1623,19,0,Citybike_Rahmen_nachbearbeitet,Citybike_Rahmen_nachbearbeitet,39
1623,20,0,Racebike_Bremsen_justiert,Racebike_Bremsen_justiert,42
1623,21,1,E-Bike_Schaltauge_bearbeitet,E-Bike_Schaltauge_bearbeitet,28
1623,22,1,Racebike_Bremsaufnahme_gebohrt,Racebike_Bremsaufnahme_gebohrt,26
1623,23,1,Mountainbike_Fahrrad_endmontiert,Mountainbike_Fahrrad_endmontiert,25
1623,24,0,E-Bike_Tretlager_gefraest,E-Bike_Tretlager_gefraest,47
1623,25,0,Mountainbike_Hauptrahmen_zugeschnitten,Mountainbike_Hauptrahmen_zugeschnitten,53
1623,26,0,Mountainbike_Rahmen_nachbearbeitet,Mountainbike_Rahmen_nachbearbeitet,40
1623,27,2,Mountainbike_Tretlageraufnahme_geschweisst,Mountainbike_Tretlageraufnahme_geschweisst,13
1623,28,2,E-Bike_Rahmen_komplettiert,E-Bike_Rahmen_komplettiert,24
1623,29,2,E-Bike_Tretlageraufnahme_geschweisst,E-Bike_Tretlageraufnahme_geschweisst,15
1623,30,0,E-Bike_Bremsaufnahme_gebohrt,E-Bike_Bremsaufnahme_gebohrt,55
1623,31,1,Citybike_Tretlager_gefraest,Citybike_Tretlager_gefraest,15
1623,32,2,Mountainbike_Rahmen_lackiert,Mountainbike_Rahmen_lackiert,24
1623,33,1,E-Bike_Laufraeder_montiert,E-Bike_Laufraeder_montiert,27
1623,34,0,Mountainbike_Tretlager_gefraest,Mountainbike_Tretlager_gefraest,53
1623,35,2,Citybike_Hauptrahmen_zugeschnitten,Citybike_Hauptrahmen_zugeschnitten,18
1623,36,0,Citybike_Rahmen_lackiert,Citybike_Rahmen_lackiert,39
1623,37,2,Citybike_Schaltauge_bearbeitet,Citybike_Schaltauge_bearbeitet,15
1623,38,0,Mountainbike_Tretlageraufnahme_geschweisst,Mountainbike_Tretlageraufnahme_geschweisst,40
1623,39,1,Mountainbike_Bremsaufnahme_gebohrt,Mountainbike_Bremsaufnahme_gebohrt,26
1623,40,1,E-Bike_Tretlageraufnahme_geschweisst,E-Bike_Tretlageraufnahme_geschweisst,28
1623,41,2,Mountainbike_Tretlageraufnahme_geschweisst,Mountainbike_Tretlageraufnahme_geschweisst,12
1623,42,1,Racebike_Rahmen_lackiert,Racebike_Rahmen_lackiert,26
1623,43,1,Mountainbike_Fahrrad_endmontiert,Mountainbike_Fahrrad_endmontiert,25
1623,44,2,Mountainbike_Rahmen_nachbearbeitet,Mountainbike_Rahmen_nachbearbeitet,15
1623,45,0,Racebike_Tretlager_gefraest,Racebike_Tretlager_gefraest,35
1623,46,1,Mountainbike_Rahmen_lackiert,Mountainbike_Rahmen_lackiert,20
1623,47,0,Mountainbike_Rahmen_lackiert,Mountainbike_Rahmen_lackiert,38
1623,48,1,E-Bike_Tretlager_gefraest,E-Bike_Tretlager_gefraest,28
1623,49,0,E-Bike_Fahrrad_endmontiert,E-Bike_Fahrrad_endmontiert,55
1623,50,0,Mountainbike_Hauptrahmen_zugeschnitten,Mountainbike_Hauptrahmen_zugeschnitten,53
1623,51,1,E-Bike_Hauptrahmen_zugeschnitten,E-Bike_Hauptrahmen_zugeschnitten,20
1623,52,0,Citybike_Fahrrad_endmontiert,Citybike_Fahrrad_endmontiert,39
1623,53,1,Citybike_Bremsen_justiert,Citybike_Bremsen_justiert,28
1623,54,0,Racebike_Hinterbau_vorbereitet,Racebike_Hinterbau_vorbereitet,42
1623,55,1,Mountainbike_Steuerrohr_ausgerieben,Mountainbike_Steuerrohr_ausgerieben,20
1623,56,1,E-Bike_Hinterbau_vorbereitet,E-Bike_Hinterbau_vorbereitet,28
1623,57,0,Racebike_Rahmen_lackiert,Racebike_Rahmen_lackiert,40
1623,58,0,Citybike_Rahmen_komplettiert,Citybike_Rahmen_komplettiert,43
1623,59,1,Mountainbike_Rahmen_nachbearbeitet,Mountainbike_Rahmen_nachbearbeitet,26
1623,60,1,Mountainbike_Steuerrohr_montiert,Mountainbike_Steuerrohr_montiert,20
1623,61,0,Citybike_Hinterbau_vorbereitet,Citybike_Hinterbau_vorbereitet,40
1623,62,2,Mountainbike_Tretlageraufnahme_geschweisst,Mountainbike_Tretlageraufnahme_geschweisst,15
1623,63,0,Mountainbike_Hinterbau_vorbereitet,Mountainbike_Hinterbau_vorbereitet,40
1623,64,1,Racebike_Rahmen_nachbearbeitet,Racebike_Rahmen_nachbearbeitet,24
1623,65,0,Racebike_Rahmen_komplettiert,Racebike_Rahmen_komplettiert,35
1623,66,0,Mountainbike_Tretlager_gefraest,Mountainbike_Tretlager_gefraest,38
1623,67,2,Racebike_Rahmen_nachbearbeitet,Racebike_Rahmen_nachbearbeitet,16
1623,68,2,Mountainbike_Laufraeder_montiert,Mountainbike_Laufraeder_montiert,13
1623,69,2,Mountainbike_Antrieb_installiert,Mountainbike_Antrieb_installiert,15
1623,70,1,E-Bike_Bremsen_justiert,E-Bike_Bremsen_justiert,28
1623,71,0,Racebike_Antrieb_installiert,Racebike_Antrieb_installiert,35
1623,72,0,Mountainbike_Steuerrohr_montiert,Mountainbike_Steuerrohr_montiert,38
1623,73,1,Racebike_Tretlageraufnahme_geschweisst,Racebike_Tretlageraufnahme_geschweisst,26
1623,74,0,Mountainbike_Bremsaufnahme_gebohrt,Mountainbike_Bremsaufnahme_gebohrt,40
1623,75,2,Mountainbike_Bremsen_justiert,Mountainbike_Bremsen_justiert,15
1623,76,0,Citybike_Hauptrahmen_zugeschnitten,Citybike_Hauptrahmen_zugeschnitten,39
1623,77,0,E-Bike_Hinterbau_vorbereitet,E-Bike_Hinterbau_vorbereitet,43
1623,78,2,Mountainbike_Steuerrohr_ausgerieben,Mountainbike_Steuerrohr_ausgerieben,15
1623,79,0,Racebike_Rahmen_komplettiert,Racebike_Rahmen_komplettiert,47
1623,80,1,Racebike_Steuerrohr_ausgerieben,Racebike_Steuerrohr_ausgerieben,20
1623,81,2,Racebike_Hinterbau_vorbereitet,Racebike_Hinterbau_vorbereitet,16
1623,82,1,E-Bike_Hinterbau_vorbereitet,E-Bike_Hinterbau_vorbereitet,28
1623,83,1,E-Bike_Hinterbau_vorbereitet,E-Bike_Hinterbau_vorbereitet,15
1623,84,1,Racebike_Hauptrahmen_zugeschnitten,Racebike_Hauptrahmen_zugeschnitten,26
1623,85,0,Racebike_Rahmen_lackiert,Racebike_Rahmen_lackiert,40
1623,86,1,Racebike_Tretlager_gefraest,Racebike_Tretlager_gefraest,20
1623,87,1,Racebike_Tretlageraufnahme_geschweisst,Racebike_Tretlageraufnahme_geschweisst,20
1623,88,1,E-Bike_Hinterbau_vorbereitet,E-Bike_Hinterbau_vorbereitet,28
1623,89,1,Citybike_Bremsen_justiert,Citybike_Bremsen_justiert,28
1623,90,1,Citybike_Antrieb_installiert,Citybike_Antrieb_installiert,20
1623,91,0,E-Bike_Rahmen_nachbearbeitet,E-Bike_Rahmen_nachbearbeitet,47
1623,92,2,Citybike_Tretlageraufnahme_geschweisst,Citybike_Tretlageraufnahme_geschweisst,18
1623,93,0,E-Bike_Rahmen_nachbearbeitet,E-Bike_Rahmen_nachbearbeitet,25
1623,94,2,Citybike_Steuerrohr_montiert,Citybike_Steuerrohr_montiert,15
1623,95,1,Racebike_Rahmen_nachbearbeitet,Racebike_Rahmen_nachbearbeitet,15
1623,96,2,Racebike_Antrieb_installiert,Racebike_Antrieb_installiert,10
1623,97,1,Racebike_Bremsaufnahme_gebohrt,Racebike_Bremsaufnahme_gebohrt,20
1623,98,1,Mountainbike_Bremsaufnahme_gebohrt,Mountainbike_Bremsaufnahme_gebohrt,25
1623,99,0,E-Bike_Antrieb_installiert,E-Bike_Antrieb_installiert,40
1623,100,0,E-Bike_Tretlager_gefraest,E-Bike_Tretlager_gefraest,40
1623,101,2,E-Bike_Bremsaufnahme_gebohrt,E-Bike_Bremsaufnahme_gebohrt,25
1623,102,2,E-Bike_Steuerrohr_montiert,E-Bike_Steuerrohr_montiert,15
1623,103,1,E-Bike_Rahmen_lackiert,E-Bike_Rahmen_lackiert,28
1623,104,1,Racebike_Schaltauge_bearbeitet,Racebike_Schaltauge_bearbeitet,26
1623,105,0,Mountainbike_Hinterbau_vorbereitet,Mountainbike_Hinterbau_vorbereitet,53
1623,106,1,Mountainbike_Rahmen_lackiert,Mountainbike_Rahmen_lackiert,25
1623,107,1,Citybike_Rahmen_lackiert,Citybike_Rahmen_lackiert,15
1623,108,2,E-Bike_Rahmen_komplettiert,E-Bike_Rahmen_komplettiert,15
1623,109,2,Racebike_Rahmen_komplettiert,Racebike_Rahmen_komplettiert,25
1623,110,1,Racebike_Steuerrohr_ausgerieben,Racebike_Steuerrohr_ausgerieben,15
1623,111,2,Racebike_Hauptrahmen_zugeschnitten,Racebike_Hauptrahmen_zugeschnitten,15
1623,112,1,Mountainbike_Rahmen_komplettiert,Mountainbike_Rahmen_komplettiert,25
1623,113,0,Racebike_Steuerrohr_montiert,Racebike_Steuerrohr_montiert,35
1623,114,1,Citybike_Rahmen_nachbearbeitet,Citybike_Rahmen_nachbearbeitet,15
1623,115,0,Racebike_Bremsen_justiert,Racebike_Bremsen_justiert,40
1623,116,0,Mountainbike_Steuerrohr_montiert,Mountainbike_Steuerrohr_montiert,38
1623,117,1,Citybike_Fahrrad_endmontiert,Citybike_Fahrrad_endmontiert,20
1623,118,1,Mountainbike_Hauptrahmen_zugeschnitten,Mountainbike_Hauptrahmen_zugeschnitten,20
1623,119,1,Mountainbike_Steuerrohr_montiert,Mountainbike_Steuerrohr_montiert,20
1623,120,0,E-Bike_Bremsen_justiert,E-Bike_Bremsen_justiert,55
1623,121,1,E-Bike_Hauptrahmen_zugeschnitten,E-Bike_Hauptrahmen_zugeschnitten,28
1623,122,2,E-Bike_Schaltauge_bearbeitet,E-Bike_Schaltauge_bearbeitet,25
1623,123,2,E-Bike_Rahmen_nachbearbeitet,E-Bike_Rahmen_nachbearbeitet,15
1624,4,1,Racebike_Bremsaufnahme_gebohrt,Racebike_Bremsaufnahme_gebohrt,15
1624,5,0,Mountainbike_Schaltauge_bearbeitet,Mountainbike_Schaltauge_bearbeitet,40
1624,6,2,Racebike_Rahmen_nachbearbeitet,Racebike_Rahmen_nachbearbeitet,25
1624,7,1,Mountainbike_Fahrrad_endmontiert,Mountainbike_Fahrrad_endmontiert,25
1624,8,1,Mountainbike_Tretlager_gefraest,Mountainbike_Tretlager_gefraest,20
1624,9,1,E-Bike_Schaltauge_bearbeitet,E-Bike_Schaltauge_bearbeitet,28
1624,10,2,Mountainbike_Rahmen_lackiert,Mountainbike_Rahmen_lackiert,13
1624,11,2,Mountainbike_Bremsen_justiert,Mountainbike_Bremsen_justiert,15
1624,12,0,Mountainbike_Tretlager_gefraest,Mountainbike_Tretlager_gefraest,40
1624,13,2,E-Bike_Rahmen_komplettiert,E-Bike_Rahmen_komplettiert,24
1624,14,2,Mountainbike_Hinterbau_vorbereitet,Mountainbike_Hinterbau_vorbereitet,24
1624,15,2,E-Bike_Tretlageraufnahme_geschweisst,E-Bike_Tretlageraufnahme_geschweisst,24
1624,16,0,Racebike_Hauptrahmen_zugeschnitten,Racebike_Hauptrahmen_zugeschnitten,35
1624,17,1,Mountainbike_Rahmen_komplettiert,Mountainbike_Rahmen_komplettiert,26
1624,18,1,Mountainbike_Steuerrohr_montiert,Mountainbike_Steuerrohr_montiert,20
1624,19,0,Mountainbike_Rahmen_nachbearbeitet,Mountainbike_Rahmen_nachbearbeitet,38
1624,20,2,Mountainbike_Tretlageraufnahme_geschweisst,Mountainbike_Tretlageraufnahme_geschweisst,24
1624,21,1,E-Bike_Tretlageraufnahme_geschweisst,E-Bike_Tretlageraufnahme_geschweisst,28
1624,22,0,E-Bike_Bremsaufnahme_gebohrt,E-Bike_Bremsaufnahme_gebohrt,55
1624,23,0,Mountainbike_Tretlageraufnahme_geschweisst,Mountainbike_Tretlageraufnahme_geschweisst,53
1624,24,0,Citybike_Hinterbau_vorbereitet,Citybike_Hinterbau_vorbereitet,39
1624,25,1,Mountainbike_Rahmen_lackiert,Mountainbike_Rahmen_lackiert,26
1624,26,1,E-Bike_Bremsen_justiert,E-Bike_Bremsen_justiert,28
1624,27,2,Mountainbike_Laufraeder_montiert,Mountainbike_Laufraeder_montiert,15
1624,28,1,Mountainbike_Fahrrad_endmontiert,Mountainbike_Fahrrad_endmontiert,26
1624,29,1,Racebike_Hinterbau_vorbereitet,Racebike_Hinterbau_vorbereitet,24
1624,30,2,Racebike_Antrieb_installiert,Racebike_Antrieb_installiert,16
1624,31,0,E-Bike_Steuerrohr_ausgerieben,E-Bike_Steuerrohr_ausgerieben,43
1624,32,1,Racebike_Fahrrad_endmontiert,Racebike_Fahrrad_endmontiert,20
1624,33,1,Mountainbike_Antrieb_installiert,Mountainbike_Antrieb_installiert,25
1624,34,1,E-Bike_Hinterbau_vorbereitet,E-Bike_Hinterbau_vorbereitet,28
1624,35,0,Mountainbike_Hauptrahmen_zugeschnitten,Mountainbike_Hauptrahmen_zugeschnitten,53
1624,36,0,Mountainbike_Bremsaufnahme_gebohrt,Mountainbike_Bremsaufnahme_gebohrt,40
1624,37,0,Racebike_Fahrrad_endmontiert,Racebike_Fahrrad_endmontiert,35
1624,38,1,Racebike_Rahmen_nachbearbeitet,Racebike_Rahmen_nachbearbeitet,26
1624,39,1,Citybike_Bremsen_justiert,Citybike_Bremsen_justiert,25
1624,40,1,Citybike_Bremsen_justiert,Citybike_Bremsen_justiert,15
1624,41,1,Racebike_Laufraeder_montiert,Racebike_Laufraeder_montiert,15
1624,42,2,Mountainbike_Tretlageraufnahme_geschweisst,Mountainbike_Tretlageraufnahme_geschweisst,13
1624,43,2,Mountainbike_Rahmen_nachbearbeitet,Mountainbike_Rahmen_nachbearbeitet,15
1624,44,1,Mountainbike_Bremsaufnahme_gebohrt,Mountainbike_Bremsaufnahme_gebohrt,25
1624,45,1,Citybike_Hinterbau_vorbereitet,Citybike_Hinterbau_vorbereitet,15
1624,46,0,Mountainbike_Hauptrahmen_zugeschnitten,Mountainbike_Hauptrahmen_zugeschnitten,38
1624,47,2,Racebike_Hinterbau_vorbereitet,Racebike_Hinterbau_vorbereitet,16
1624,48,1,E-Bike_Hinterbau_vorbereitet,E-Bike_Hinterbau_vorbereitet,27
1624,49,0,Racebike_Rahmen_lackiert,Racebike_Rahmen_lackiert,35
1624,50,2,Mountainbike_Tretlageraufnahme_geschweisst,Mountainbike_Tretlageraufnahme_geschweisst,13
1624,51,0,Mountainbike_Tretlager_gefraest,Mountainbike_Tretlager_gefraest,38
1624,52,0,Racebike_Antrieb_installiert,Racebike_Antrieb_installiert,35
1624,53,2,Mountainbike_Laufraeder_montiert,Mountainbike_Laufraeder_montiert,15
1624,54,2,Racebike_Rahmen_komplettiert,Racebike_Rahmen_komplettiert,16
1624,55,0,E-Bike_Rahmen_nachbearbeitet,E-Bike_Rahmen_nachbearbeitet,47
1624,56,2,Mountainbike_Antrieb_installiert,Mountainbike_Antrieb_installiert,13
1624,57,0,Mountainbike_Hinterbau_vorbereitet,Mountainbike_Hinterbau_vorbereitet,53
1624,58,0,Racebike_Rahmen_komplettiert,Racebike_Rahmen_komplettiert,35
1624,59,0,E-Bike_Antrieb_installiert,E-Bike_Antrieb_installiert,47
1624,60,1,Mountainbike_Steuerrohr_ausgerieben,Mountainbike_Steuerrohr_ausgerieben,26
1624,61,1,Racebike_Hauptrahmen_zugeschnitten,Racebike_Hauptrahmen_zugeschnitten,24
1624,62,1,Mountainbike_Fahrrad_endmontiert,Mountainbike_Fahrrad_endmontiert,25
1624,63,1,Mountainbike_Bremsaufnahme_gebohrt,Mountainbike_Bremsaufnahme_gebohrt,20
1624,64,1,Mountainbike_Rahmen_lackiert,Mountainbike_Rahmen_lackiert,20
1624,65,0,Mountainbike_Steuerrohr_montiert,Mountainbike_Steuerrohr_montiert,53
1624,66,0,Citybike_Hauptrahmen_zugeschnitten,Citybike_Hauptrahmen_zugeschnitten,39
1624,67,1,Mountainbike_Rahmen_komplettiert,Mountainbike_Rahmen_komplettiert,20
1624,68,1,Racebike_Rahmen_nachbearbeitet,Racebike_Rahmen_nachbearbeitet,24
1624,69,0,E-Bike_Tretlager_gefraest,E-Bike_Tretlager_gefraest,43
1624,70,1,E-Bike_Laufraeder_montiert,E-Bike_Laufraeder_montiert,28
1624,71,0,Mountainbike_Hinterbau_vorbereitet,Mountainbike_Hinterbau_vorbereitet,53
1624,72,1,E-Bike_Hauptrahmen_zugeschnitten,E-Bike_Hauptrahmen_zugeschnitten,20
1624,73,1,E-Bike_Tretlager_gefraest,E-Bike_Tretlager_gefraest,20
1624,74,0,E-Bike_Tretlager_gefraest,E-Bike_Tretlager_gefraest,55
1624,75,0,Racebike_Rahmen_lackiert,Racebike_Rahmen_lackiert,47
1624,76,0,Mountainbike_Steuerrohr_montiert,Mountainbike_Steuerrohr_montiert,38
1624,77,2,Racebike_Antrieb_installiert,Racebike_Antrieb_installiert,16
1624,78,1,Racebike_Schaltauge_bearbeitet,Racebike_Schaltauge_bearbeitet,26
1624,79,2,Citybike_Steuerrohr_montiert,Citybike_Steuerrohr_montiert,18
1624,80,2,Mountainbike_Bremsen_justiert,Mountainbike_Bremsen_justiert,12
1624,81,0,Citybike_Rahmen_nachbearbeitet,Citybike_Rahmen_nachbearbeitet,39
1624,82,1,Mountainbike_Rahmen_nachbearbeitet,Mountainbike_Rahmen_nachbearbeitet,25
1624,83,2,Mountainbike_Steuerrohr_ausgerieben,Mountainbike_Steuerrohr_ausgerieben,15
1624,84,2,E-Bike_Bremsaufnahme_gebohrt,E-Bike_Bremsaufnahme_gebohrt,24
1624,85,1,Citybike_Fahrrad_endmontiert,Citybike_Fahrrad_endmontiert,15
1624,86,1,Racebike_Tretlager_gefraest,Racebike_Tretlager_gefraest,15
1624,87,1,Citybike_Antrieb_installiert,Citybike_Antrieb_installiert,25
1624,88,1,Racebike_Tretlageraufnahme_geschweisst,Racebike_Tretlageraufnahme_geschweisst,15
1624,89,0,Racebike_Hinterbau_vorbereitet,Racebike_Hinterbau_vorbereitet,42
1624,90,2,Citybike_Tretlageraufnahme_geschweisst,Citybike_Tretlageraufnahme_geschweisst,15
1624,91,0,E-Bike_Hinterbau_vorbereitet,E-Bike_Hinterbau_vorbereitet,47
1624,92,1,Citybike_Rahmen_lackiert,Citybike_Rahmen_lackiert,25
1624,93,1,E-Bike_Hinterbau_vorbereitet,E-Bike_Hinterbau_vorbereitet,27
1624,94,0,Racebike_Bremsen_justiert,Racebike_Bremsen_justiert,47
1624,95,0,E-Bike_Fahrrad_endmontiert,E-Bike_Fahrrad_endmontiert,47
1624,96,1,Racebike_Rahmen_lackiert,Racebike_Rahmen_lackiert,26
1624,97,1,E-Bike_Hinterbau_vorbereitet,E-Bike_Hinterbau_vorbereitet,28
1624,98,2,Citybike_Hauptrahmen_zugeschnitten,Citybike_Hauptrahmen_zugeschnitten,15
1624,99,1,Racebike_Tretlageraufnahme_geschweisst,Racebike_Tretlageraufnahme_geschweisst,26
1624,100,1,Racebike_Bremsaufnahme_gebohrt,Racebike_Bremsaufnahme_gebohrt,20
1624,101,0,Citybike_Rahmen_lackiert,Citybike_Rahmen_lackiert,54
1624,102,1,Mountainbike_Hauptrahmen_zugeschnitten,Mountainbike_Hauptrahmen_zugeschnitten,25
1624,103,0,E-Bike_Rahmen_nachbearbeitet,E-Bike_Rahmen_nachbearbeitet,43
1624,104,0,Racebike_Tretlager_gefraest,Racebike_Tretlager_gefraest,47
1624,105,0,Racebike_Rahmen_komplettiert,Racebike_Rahmen_komplettiert,40
1624,106,1,Mountainbike_Steuerrohr_montiert,Mountainbike_Steuerrohr_montiert,20
1624,107,2,E-Bike_Steuerrohr_montiert,E-Bike_Steuerrohr_montiert,24
1624,108,2,Citybike_Schaltauge_bearbeitet,Citybike_Schaltauge_bearbeitet,15
1624,109,1,Racebike_Steuerrohr_ausgerieben,Racebike_Steuerrohr_ausgerieben,24
1624,110,1,E-Bike_Rahmen_lackiert,E-Bike_Rahmen_lackiert,28
1624,111,2,E-Bike_Rahmen_komplettiert,E-Bike_Rahmen_komplettiert,24
1624,112,2,Racebike_Rahmen_komplettiert,Racebike_Rahmen_komplettiert,25
1624,113,0,Citybike_Fahrrad_endmontiert,Citybike_Fahrrad_endmontiert,43
1624,114,0,Citybike_Rahmen_komplettiert,Citybike_Rahmen_komplettiert,40
1624,115,1,Racebike_Steuerrohr_ausgerieben,Racebike_Steuerrohr_ausgerieben,26
1624,116,0,E-Bike_Bremsen_justiert,E-Bike_Bremsen_justiert,43
1624,117,1,Citybike_Rahmen_nachbearbeitet,Citybike_Rahmen_nachbearbeitet,25
1624,118,2,Racebike_Hauptrahmen_zugeschnitten,Racebike_Hauptrahmen_zugeschnitten,15
1624,119,1,E-Bike_Hauptrahmen_zugeschnitten,E-Bike_Hauptrahmen_zugeschnitten,27
1624,120,0,Racebike_Steuerrohr_montiert,Racebike_Steuerrohr_montiert,47
1624,121,0,Racebike_Bremsen_justiert,Racebike_Bremsen_justiert,40
1624,122,2,E-Bike_Schaltauge_bearbeitet,E-Bike_Schaltauge_bearbeitet,25
1624,123,2,E-Bike_Rahmen_nachbearbeitet,E-Bike_Rahmen_nachbearbeitet,15
1625,4,1,Racebike_Bremsaufnahme_gebohrt,Racebike_Bremsaufnahme_gebohrt,24
1625,5,1,Racebike_Fahrrad_endmontiert,Racebike_Fahrrad_endmontiert,20
1625,6,1,Racebike_Hinterbau_vorbereitet,Racebike_Hinterbau_vorbereitet,20
1625,7,0,Mountainbike_Tretlageraufnahme_geschweisst,Mountainbike_Tretlageraufnahme_geschweisst,53
1625,8,2,Racebike_Rahmen_nachbearbeitet,Racebike_Rahmen_nachbearbeitet,15
1625,9,2,E-Bike_Tretlageraufnahme_geschweisst,E-Bike_Tretlageraufnahme_geschweisst,25
1625,10,2,Mountainbike_Bremsen_justiert,Mountainbike_Bremsen_justiert,24
1625,11,1,E-Bike_Schaltauge_bearbeitet,E-Bike_Schaltauge_bearbeitet,28
1625,12,2,Mountainbike_Hinterbau_vorbereitet,Mountainbike_Hinterbau_vorbereitet,15
1625,13,1,Citybike_Hinterbau_vorbereitet,Citybike_Hinterbau_vorbereitet,28
1625,14,2,Mountainbike_Laufraeder_montiert,Mountainbike_Laufraeder_montiert,15
1625,15,2,E-Bike_Rahmen_komplettiert,E-Bike_Rahmen_komplettiert,24
1625,16,0,Racebike_Hinterbau_vorbereitet,Racebike_Hinterbau_vorbereitet,35
1625,17,0,Mountainbike_Schaltauge_bearbeitet,Mountainbike_Schaltauge_bearbeitet,38
1625,18,1,E-Bike_Tretlageraufnahme_geschweisst,E-Bike_Tretlageraufnahme_geschweisst,27
1625,19,2,E-Bike_Rahmen_komplettiert,E-Bike_Rahmen_komplettiert,10
1625,20,0,E-Bike_Steuerrohr_ausgerieben,E-Bike_Steuerrohr_ausgerieben,55
1625,21,1,E-Bike_Hinterbau_vorbereitet,E-Bike_Hinterbau_vorbereitet,20
1625,22,1,Mountainbike_Fahrrad_endmontiert,Mountainbike_Fahrrad_endmontiert,26
1625,23,1,Mountainbike_Antrieb_installiert,Mountainbike_Antrieb_installiert,20
1625,24,0,Mountainbike_Hauptrahmen_zugeschnitten,Mountainbike_Hauptrahmen_zugeschnitten,53
1625,25,2,Mountainbike_Tretlageraufnahme_geschweisst,Mountainbike_Tretlageraufnahme_geschweisst,24
1625,26,0,Citybike_Rahmen_nachbearbeitet,Citybike_Rahmen_nachbearbeitet,39
1625,27,1,E-Bike_Tretlager_gefraest,E-Bike_Tretlager_gefraest,28
1625,28,1,Mountainbike_Tretlager_gefraest,Mountainbike_Tretlager_gefraest,26
1625,29,1,Citybike_Tretlager_gefraest,Citybike_Tretlager_gefraest,15
1625,30,0,Mountainbike_Rahmen_nachbearbeitet,Mountainbike_Rahmen_nachbearbeitet,40
1625,31,1,Mountainbike_Bremsaufnahme_gebohrt,Mountainbike_Bremsaufnahme_gebohrt,20
1625,32,2,Citybike_Hauptrahmen_zugeschnitten,Citybike_Hauptrahmen_zugeschnitten,18
1625,33,0,E-Bike_Rahmen_nachbearbeitet,E-Bike_Rahmen_nachbearbeitet,55
1625,34,1,Mountainbike_Fahrrad_endmontiert,Mountainbike_Fahrrad_endmontiert,20
1625,35,0,Mountainbike_Hinterbau_vorbereitet,Mountainbike_Hinterbau_vorbereitet,53
1625,36,0,Racebike_Antrieb_installiert,Racebike_Antrieb_installiert,35
1625,37,1,Mountainbike_Bremsaufnahme_gebohrt,Mountainbike_Bremsaufnahme_gebohrt,20
1625,38,0,E-Bike_Fahrrad_endmontiert,E-Bike_Fahrrad_endmontiert,47
1625,39,1,Citybike_Bremsen_justiert,Citybike_Bremsen_justiert,15
1625,40,0,E-Bike_Tretlager_gefraest,E-Bike_Tretlager_gefraest,40
1625,41,1,Racebike_Bremsaufnahme_gebohrt,Racebike_Bremsaufnahme_gebohrt,15
1625,42,0,Citybike_Hinterbau_vorbereitet,Citybike_Hinterbau_vorbereitet,54
1625,43,0,E-Bike_Bremsaufnahme_gebohrt,E-Bike_Bremsaufnahme_gebohrt,43
1625,44,1,Mountainbike_Fahrrad_endmontiert,Mountainbike_Fahrrad_endmontiert,25
1625,45,0,Racebike_Fahrrad_endmontiert,Racebike_Fahrrad_endmontiert,47
1625,46,1,E-Bike_Laufraeder_montiert,E-Bike_Laufraeder_montiert,28
1625,47,1,Racebike_Tretlageraufnahme_geschweisst,Racebike_Tretlageraufnahme_geschweisst,26
1625,48,1,E-Bike_Bremsen_justiert,E-Bike_Bremsen_justiert,28
1625,49,2,Mountainbike_Rahmen_lackiert,Mountainbike_Rahmen_lackiert,12
1625,50,0,Racebike_Rahmen_lackiert,Racebike_Rahmen_lackiert,40
1625,51,2,E-Bike_Bremsaufnahme_gebohrt,E-Bike_Bremsaufnahme_gebohrt,24
1625,52,2,Racebike_Rahmen_komplettiert,Racebike_Rahmen_komplettiert,25
1625,53,1,Racebike_Steuerrohr_ausgerieben,Racebike_Steuerrohr_ausgerieben,26
1625,54,1,Mountainbike_Rahmen_lackiert,Mountainbike_Rahmen_lackiert,25
1625,55,1,Mountainbike_Rahmen_nachbearbeitet,Mountainbike_Rahmen_nachbearbeitet,20
1625,56,1,E-Bike_Hauptrahmen_zugeschnitten,E-Bike_Hauptrahmen_zugeschnitten,28
1625,57,0,Mountainbike_Rahmen_lackiert,Mountainbike_Rahmen_lackiert,38
1625,58,0,Mountainbike_Bremsaufnahme_gebohrt,Mountainbike_Bremsaufnahme_gebohrt,40
1625,59,1,E-Bike_Hinterbau_vorbereitet,E-Bike_Hinterbau_vorbereitet,20
1625,60,0,Citybike_Hauptrahmen_zugeschnitten,Citybike_Hauptrahmen_zugeschnitten,39
1625,61,2,Mountainbike_Tretlageraufnahme_geschweisst,Mountainbike_Tretlageraufnahme_geschweisst,13
1625,62,0,Racebike_Hauptrahmen_zugeschnitten,Racebike_Hauptrahmen_zugeschnitten,42
1625,63,1,Racebike_Laufraeder_montiert,Racebike_Laufraeder_montiert,26
1625,64,2,Citybike_Steuerrohr_montiert,Citybike_Steuerrohr_montiert,18
1625,65,0,Racebike_Rahmen_komplettiert,Racebike_Rahmen_komplettiert,40
1625,66,1,Citybike_Fahrrad_endmontiert,Citybike_Fahrrad_endmontiert,25
1625,67,1,E-Bike_Hinterbau_vorbereitet,E-Bike_Hinterbau_vorbereitet,27
1625,68,2,Racebike_Rahmen_komplettiert,Racebike_Rahmen_komplettiert,10
1625,69,1,E-Bike_Hinterbau_vorbereitet,E-Bike_Hinterbau_vorbereitet,15
1625,70,0,Mountainbike_Tretlager_gefraest,Mountainbike_Tretlager_gefraest,38
1625,71,1,Citybike_Bremsen_justiert,Citybike_Bremsen_justiert,28
1625,72,0,E-Bike_Antrieb_installiert,E-Bike_Antrieb_installiert,55
1625,73,0,E-Bike_Hinterbau_vorbereitet,E-Bike_Hinterbau_vorbereitet,40
1625,74,1,Mountainbike_Rahmen_komplettiert,Mountainbike_Rahmen_komplettiert,20
1625,75,0,Citybike_Rahmen_lackiert,Citybike_Rahmen_lackiert,54
1625,76,2,Racebike_Hauptrahmen_zugeschnitten,Racebike_Hauptrahmen_zugeschnitten,15
1625,77,0,Racebike_Rahmen_komplettiert,Racebike_Rahmen_komplettiert,42
1625,78,1,Mountainbike_Rahmen_lackiert,Mountainbike_Rahmen_lackiert,20
1625,79,1,Mountainbike_Hauptrahmen_zugeschnitten,Mountainbike_Hauptrahmen_zugeschnitten,20
1625,80,1,Racebike_Rahmen_nachbearbeitet,Racebike_Rahmen_nachbearbeitet,24
1625,81,0,Racebike_Steuerrohr_montiert,Racebike_Steuerrohr_montiert,40
1625,82,0,Racebike_Bremsen_justiert,Racebike_Bremsen_justiert,40
1625,83,1,Mountainbike_Steuerrohr_montiert,Mountainbike_Steuerrohr_montiert,25
1625,84,0,Mountainbike_Tretlager_gefraest,Mountainbike_Tretlager_gefraest,38
1625,85,2,Mountainbike_Rahmen_nachbearbeitet,Mountainbike_Rahmen_nachbearbeitet,13
1625,86,1,Mountainbike_Steuerrohr_montiert,Mountainbike_Steuerrohr_montiert,15
1625,87,0,Racebike_Bremsen_justiert,Racebike_Bremsen_justiert,35
1625,88,2,Mountainbike_Tretlageraufnahme_geschweisst,Mountainbike_Tretlageraufnahme_geschweisst,15
1625,89,0,E-Bike_Rahmen_nachbearbeitet,E-Bike_Rahmen_nachbearbeitet,47
1625,90,0,E-Bike_Bremsen_justiert,E-Bike_Bremsen_justiert,40
1625,91,2,Mountainbike_Laufraeder_montiert,Mountainbike_Laufraeder_montiert,15
1625,92,1,Racebike_Hauptrahmen_zugeschnitten,Racebike_Hauptrahmen_zugeschnitten,24
1625,93,0,Mountainbike_Steuerrohr_montiert,Mountainbike_Steuerrohr_montiert,53
1625,94,0,Mountainbike_Hauptrahmen_zugeschnitten,Mountainbike_Hauptrahmen_zugeschnitten,40
1625,95,1,Citybike_Antrieb_installiert,Citybike_Antrieb_installiert,25
1625,96,2,Racebike_Hinterbau_vorbereitet,Racebike_Hinterbau_vorbereitet,16
1625,97,2,Citybike_Schaltauge_bearbeitet,Citybike_Schaltauge_bearbeitet,18
1625,98,1,Racebike_Rahmen_lackiert,Racebike_Rahmen_lackiert,15
1625,99,1,Racebike_Rahmen_nachbearbeitet,Racebike_Rahmen_nachbearbeitet,20
1625,100,0,Mountainbike_Hinterbau_vorbereitet,Mountainbike_Hinterbau_vorbereitet,40
1625,101,1,Mountainbike_Steuerrohr_ausgerieben,Mountainbike_Steuerrohr_ausgerieben,25
1625,102,2,Mountainbike_Antrieb_installiert,Mountainbike_Antrieb_installiert,12
1625,103,2,Racebike_Antrieb_installiert,Racebike_Antrieb_installiert,16
1625,104,0,Citybike_Fahrrad_endmontiert,Citybike_Fahrrad_endmontiert,39
1625,105,0,Citybike_Rahmen_komplettiert,Citybike_Rahmen_komplettiert,40
1625,106,0,Mountainbike_Steuerrohr_montiert,Mountainbike_Steuerrohr_montiert,40
1625,107,1,Racebike_Schaltauge_bearbeitet,Racebike_Schaltauge_bearbeitet,24
1625,108,2,E-Bike_Steuerrohr_montiert,E-Bike_Steuerrohr_montiert,25
1625,109,2,Mountainbike_Bremsen_justiert,Mountainbike_Bremsen_justiert,24
1625,110,2,Citybike_Tretlageraufnahme_geschweisst,Citybike_Tretlageraufnahme_geschweisst,18
1625,111,0,Racebike_Rahmen_lackiert,Racebike_Rahmen_lackiert,35
1625,112,2,Mountainbike_Steuerrohr_ausgerieben,Mountainbike_Steuerrohr_ausgerieben,12
1625,113,0,Racebike_Tretlager_gefraest,Racebike_Tretlager_gefraest,40
1625,114,1,E-Bike_Rahmen_lackiert,E-Bike_Rahmen_lackiert,28
1625,115,1,Citybike_Rahmen_lackiert,Citybike_Rahmen_lackiert,28
1625,116,1,Racebike_Tretlager_gefraest,Racebike_Tretlager_gefraest,15
1625,117,1,Racebike_Steuerrohr_ausgerieben,Racebike_Steuerrohr_ausgerieben,20
1625,118,2,E-Bike_Rahmen_komplettiert,E-Bike_Rahmen_komplettiert,24
1625,119,1,Racebike_Tretlageraufnahme_geschweisst,Racebike_Tretlageraufnahme_geschweisst,20
1625,120,1,E-Bike_Hauptrahmen_zugeschnitten,E-Bike_Hauptrahmen_zugeschnitten,28
1625,121,1,Citybike_Rahmen_nachbearbeitet,Citybike_Rahmen_nachbearbeitet,28
1625,122,2,E-Bike_Schaltauge_bearbeitet,E-Bike_Schaltauge_bearbeitet,15
1625,123,2,E-Bike_Rahmen_nachbearbeitet,E-Bike_Rahmen_nachbearbeitet,15
1626,3,1,Racebike_Fahrrad_endmontiert,Racebike_Fahrrad_endmontiert,26
1626,5,2,Mountainbike_Bremsen_justiert,Mountainbike_Bremsen_justiert,24
1626,6,2,Racebike_Antrieb_installiert,Racebike_Antrieb_installiert,16
1626,7,0,Racebike_Hinterbau_vorbereitet,Racebike_Hinterbau_vorbereitet,35
1626,8,1,Mountainbike_Fahrrad_endmontiert,Mountainbike_Fahrrad_endmontiert,25
1626,9,0,E-Bike_Steuerrohr_ausgerieben,E-Bike_Steuerrohr_ausgerieben,47
1626,10,1,Citybike_Hinterbau_vorbereitet,Citybike_Hinterbau_vorbereitet,15
1626,11,0,E-Bike_Tretlager_gefraest,E-Bike_Tretlager_gefraest,40
1626,12,1,Mountainbike_Rahmen_komplettiert,Mountainbike_Rahmen_komplettiert,20
1626,13,2,Mountainbike_Rahmen_lackiert,Mountainbike_Rahmen_lackiert,13
1626,14,2,Mountainbike_Hinterbau_vorbereitet,Mountainbike_Hinterbau_vorbereitet,15
1626,15,2,E-Bike_Rahmen_komplettiert,E-Bike_Rahmen_komplettiert,24
1626,16,1,Mountainbike_Antrieb_installiert,Mountainbike_Antrieb_installiert,20
1626,17,0,Mountainbike_Tretlager_gefraest,Mountainbike_Tretlager_gefraest,53
1626,18,1,Racebike_Hinterbau_vorbereitet,Racebike_Hinterbau_vorbereitet,24
1626,19,1,Mountainbike_Tretlager_gefraest,Mountainbike_Tretlager_gefraest,25
1626,20,1,E-Bike_Hinterbau_vorbereitet,E-Bike_Hinterbau_vorbereitet,28
1626,21,1,Mountainbike_Fahrrad_endmontiert,Mountainbike_Fahrrad_endmontiert,26
1626,22,0,E-Bike_Rahmen_nachbearbeitet,E-Bike_Rahmen_nachbearbeitet,55
1626,23,1,E-Bike_Laufraeder_montiert,E-Bike_Laufraeder_montiert,28
1626,24,0,E-Bike_Tretlager_gefraest,E-Bike_Tretlager_gefraest,40
1626,25,0,Mountainbike_Rahmen_lackiert,Mountainbike_Rahmen_lackiert,53
1626,26,2,E-Bike_Tretlageraufnahme_geschweisst,E-Bike_Tretlageraufnahme_geschweisst,15
1626,27,2,Mountainbike_Laufraeder_montiert,Mountainbike_Laufraeder_montiert,24
1626,28,2,E-Bike_Bremsaufnahme_gebohrt,E-Bike_Bremsaufnahme_gebohrt,24
1626,29,1,Racebike_Bremsaufnahme_gebohrt,Racebike_Bremsaufnahme_gebohrt,26
1626,30,1,E-Bike_Tretlageraufnahme_geschweisst,E-Bike_Tretlageraufnahme_geschweisst,28
1626,31,1,E-Bike_Hauptrahmen_zugeschnitten,E-Bike_Hauptrahmen_zugeschnitten,20
1626,32,0,E-Bike_Hinterbau_vorbereitet,E-Bike_Hinterbau_vorbereitet,55
1626,33,0,Racebike_Hauptrahmen_zugeschnitten,Racebike_Hauptrahmen_zugeschnitten,47
1626,34,0,Mountainbike_Hauptrahmen_zugeschnitten,Mountainbike_Hauptrahmen_zugeschnitten,38
1626,35,0,Mountainbike_Rahmen_nachbearbeitet,Mountainbike_Rahmen_nachbearbeitet,40
1626,36,1,Racebike_Bremsaufnahme_gebohrt,Racebike_Bremsaufnahme_gebohrt,26
1626,37,0,Mountainbike_Tretlageraufnahme_geschweisst,Mountainbike_Tretlageraufnahme_geschweisst,40
1626,38,0,Citybike_Rahmen_nachbearbeitet,Citybike_Rahmen_nachbearbeitet,39
1626,39,1,Mountainbike_Bremsaufnahme_gebohrt,Mountainbike_Bremsaufnahme_gebohrt,25
1626,40,1,E-Bike_Tretlager_gefraest,E-Bike_Tretlager_gefraest,28
1626,41,1,Mountainbike_Steuerrohr_montiert,Mountainbike_Steuerrohr_montiert,26
1626,42,1,Racebike_Laufraeder_montiert,Racebike_Laufraeder_montiert,24
1626,43,2,Mountainbike_Tretlageraufnahme_geschweisst,Mountainbike_Tretlageraufnahme_geschweisst,24
1626,44,1,Mountainbike_Rahmen_lackiert,Mountainbike_Rahmen_lackiert,25
1626,45,1,Racebike_Rahmen_nachbearbeitet,Racebike_Rahmen_nachbearbeitet,24
1626,46,2,Racebike_Hinterbau_vorbereitet,Racebike_Hinterbau_vorbereitet,16
1626,47,0,Racebike_Fahrrad_endmontiert,Racebike_Fahrrad_endmontiert,42
1626,48,2,Mountainbike_Rahmen_nachbearbeitet,Mountainbike_Rahmen_nachbearbeitet,13
1626,49,2,Racebike_Rahmen_komplettiert,Racebike_Rahmen_komplettiert,16
1626,50,0,Racebike_Bremsen_justiert,Racebike_Bremsen_justiert,40
1626,51,1,E-Bike_Hinterbau_vorbereitet,E-Bike_Hinterbau_vorbereitet,28
1626,52,2,Mountainbike_Tretlageraufnahme_geschweisst,Mountainbike_Tretlageraufnahme_geschweisst,13
1626,53,0,Racebike_Rahmen_lackiert,Racebike_Rahmen_lackiert,40
1626,54,0,Mountainbike_Tretlager_gefraest,Mountainbike_Tretlager_gefraest,38
1626,55,2,Citybike_Hauptrahmen_zugeschnitten,Citybike_Hauptrahmen_zugeschnitten,18
1626,56,0,E-Bike_Bremsaufnahme_gebohrt,E-Bike_Bremsaufnahme_gebohrt,55
1626,57,0,E-Bike_Rahmen_nachbearbeitet,E-Bike_Rahmen_nachbearbeitet,40
1626,58,1,E-Bike_Bremsen_justiert,E-Bike_Bremsen_justiert,20
1626,59,2,Mountainbike_Tretlageraufnahme_geschweisst,Mountainbike_Tretlageraufnahme_geschweisst,12
1626,60,0,Mountainbike_Hinterbau_vorbereitet,Mountainbike_Hinterbau_vorbereitet,53
1626,61,1,Racebike_Tretlager_gefraest,Racebike_Tretlager_gefraest,26
1626,62,1,E-Bike_Hinterbau_vorbereitet,E-Bike_Hinterbau_vorbereitet,28
1626,63,1,Mountainbike_Rahmen_nachbearbeitet,Mountainbike_Rahmen_nachbearbeitet,26
1626,64,2,Racebike_Rahmen_komplettiert,Racebike_Rahmen_komplettiert,16
1626,65,2,Racebike_Rahmen_nachbearbeitet,Racebike_Rahmen_nachbearbeitet,15
1626,66,0,E-Bike_Antrieb_installiert,E-Bike_Antrieb_installiert,55
1626,67,2,Mountainbike_Laufraeder_montiert,Mountainbike_Laufraeder_montiert,13
1626,68,0,E-Bike_Fahrrad_endmontiert,E-Bike_Fahrrad_endmontiert,40
1626,69,1,E-Bike_Hinterbau_vorbereitet,E-Bike_Hinterbau_vorbereitet,28
1626,70,0,Citybike_Rahmen_lackiert,Citybike_Rahmen_lackiert,54
1626,71,1,Racebike_Tretlageraufnahme_geschweisst,Racebike_Tretlageraufnahme_geschweisst,26
1626,72,0,Mountainbike_Bremsaufnahme_gebohrt,Mountainbike_Bremsaufnahme_gebohrt,40
1626,73,0,E-Bike_Bremsen_justiert,E-Bike_Bremsen_justiert,55
1626,74,2,Mountainbike_Bremsen_justiert,Mountainbike_Bremsen_justiert,15
1626,75,0,Racebike_Antrieb_installiert,Racebike_Antrieb_installiert,47
1626,76,1,Racebike_Rahmen_lackiert,Racebike_Rahmen_lackiert,20
1626,77,0,Racebike_Tretlager_gefraest,Racebike_Tretlager_gefraest,40
1626,78,2,Mountainbike_Steuerrohr_ausgerieben,Mountainbike_Steuerrohr_ausgerieben,15
1626,79,1,Racebike_Tretlageraufnahme_geschweisst,Racebike_Tretlageraufnahme_geschweisst,20
1626,80,0,Racebike_Rahmen_komplettiert,Racebike_Rahmen_komplettiert,40
1626,81,1,Mountainbike_Fahrrad_endmontiert,Mountainbike_Fahrrad_endmontiert,25
1626,82,2,Citybike_Schaltauge_bearbeitet,Citybike_Schaltauge_bearbeitet,18
1626,83,0,Racebike_Rahmen_lackiert,Racebike_Rahmen_lackiert,40
1626,84,2,E-Bike_Steuerrohr_montiert,E-Bike_Steuerrohr_montiert,24
1626,85,0,Citybike_Hinterbau_vorbereitet,Citybike_Hinterbau_vorbereitet,43
1626,86,1,Citybike_Tretlager_gefraest,Citybike_Tretlager_gefraest,15
1626,87,1,Racebike_Steuerrohr_ausgerieben,Racebike_Steuerrohr_ausgerieben,15
1626,88,1,E-Bike_Rahmen_lackiert,E-Bike_Rahmen_lackiert,28
1626,89,2,Mountainbike_Antrieb_installiert,Mountainbike_Antrieb_installiert,24
1626,90,1,Mountainbike_Bremsaufnahme_gebohrt,Mountainbike_Bremsaufnahme_gebohrt,26
1626,91,2,E-Bike_Rahmen_komplettiert,E-Bike_Rahmen_komplettiert,24
1626,92,2,Racebike_Hauptrahmen_zugeschnitten,Racebike_Hauptrahmen_zugeschnitten,25
1626,93,0,Citybike_Fahrrad_endmontiert,Citybike_Fahrrad_endmontiert,40
1626,94,0,Mountainbike_Steuerrohr_montiert,Mountainbike_Steuerrohr_montiert,40
1626,95,0,Mountainbike_Hinterbau_vorbereitet,Mountainbike_Hinterbau_vorbereitet,40
1626,96,0,Racebike_Rahmen_komplettiert,Racebike_Rahmen_komplettiert,35
1626,97,1,Racebike_Hauptrahmen_zugeschnitten,Racebike_Hauptrahmen_zugeschnitten,24
1626,98,1,Mountainbike_Rahmen_komplettiert,Mountainbike_Rahmen_komplettiert,25
1626,99,0,Racebike_Steuerrohr_montiert,Racebike_Steuerrohr_montiert,40
1626,100,0,Racebike_Bremsen_justiert,Racebike_Bremsen_justiert,40
1626,101,1,Racebike_Rahmen_nachbearbeitet,Racebike_Rahmen_nachbearbeitet,24
1626,102,0,Citybike_Rahmen_komplettiert,Citybike_Rahmen_komplettiert,43
1626,103,1,Citybike_Bremsen_justiert,Citybike_Bremsen_justiert,25
1626,104,1,Citybike_Bremsen_justiert,Citybike_Bremsen_justiert,15
1626,105,1,Mountainbike_Rahmen_lackiert,Mountainbike_Rahmen_lackiert,20
1626,106,1,Mountainbike_Hauptrahmen_zugeschnitten,Mountainbike_Hauptrahmen_zugeschnitten,20
1626,107,1,E-Bike_Hauptrahmen_zugeschnitten,E-Bike_Hauptrahmen_zugeschnitten,28
1626,108,0,Citybike_Hauptrahmen_zugeschnitten,Citybike_Hauptrahmen_zugeschnitten,40
1626,109,0,Mountainbike_Steuerrohr_montiert,Mountainbike_Steuerrohr_montiert,40
1626,110,2,Racebike_Antrieb_installiert,Racebike_Antrieb_installiert,15
1626,111,1,Racebike_Schaltauge_bearbeitet,Racebike_Schaltauge_bearbeitet,26
1626,112,1,Mountainbike_Steuerrohr_montiert,Mountainbike_Steuerrohr_montiert,25
1626,113,1,Racebike_Steuerrohr_ausgerieben,Racebike_Steuerrohr_ausgerieben,24
1626,114,0,Mountainbike_Hauptrahmen_zugeschnitten,Mountainbike_Hauptrahmen_zugeschnitten,40
1626,115,1,Mountainbike_Steuerrohr_ausgerieben,Mountainbike_Steuerrohr_ausgerieben,25
1626,116,2,Citybike_Steuerrohr_montiert,Citybike_Steuerrohr_montiert,18
1626,117,1,Citybike_Fahrrad_endmontiert,Citybike_Fahrrad_endmontiert,15
1626,118,1,Citybike_Antrieb_installiert,Citybike_Antrieb_installiert,20
1626,119,2,E-Bike_Schaltauge_bearbeitet,E-Bike_Schaltauge_bearbeitet,24
1626,120,2,Citybike_Tretlageraufnahme_geschweisst,Citybike_Tretlageraufnahme_geschweisst,15
1626,121,2,E-Bike_Rahmen_nachbearbeitet,E-Bike_Rahmen_nachbearbeitet,24
1626,122,1,Citybike_Rahmen_lackiert,Citybike_Rahmen_lackiert,20
1626,123,1,Citybike_Rahmen_nachbearbeitet,Citybike_Rahmen_nachbearbeitet,20
1627,4,1,E-Bike_Schaltauge_bearbeitet,E-Bike_Schaltauge_bearbeitet,28
1627,5,1,Racebike_Hinterbau_vorbereitet,Racebike_Hinterbau_vorbereitet,26
1627,6,2,E-Bike_Rahmen_komplettiert,E-Bike_Rahmen_komplettiert,24
1627,7,1,Mountainbike_Tretlager_gefraest,Mountainbike_Tretlager_gefraest,25
1627,8,2,Mountainbike_Hinterbau_vorbereitet,Mountainbike_Hinterbau_vorbereitet,24
1627,9,1,Mountainbike_Fahrrad_endmontiert,Mountainbike_Fahrrad_endmontiert,20
1627,10,2,E-Bike_Tretlageraufnahme_geschweisst,E-Bike_Tretlageraufnahme_geschweisst,24
1627,11,0,E-Bike_Bremsaufnahme_gebohrt,E-Bike_Bremsaufnahme_gebohrt,55
1627,12,1,Citybike_Hinterbau_vorbereitet,Citybike_Hinterbau_vorbereitet,15
1627,13,0,Racebike_Fahrrad_endmontiert,Racebike_Fahrrad_endmontiert,47
1627,14,2,Mountainbike_Laufraeder_montiert,Mountainbike_Laufraeder_montiert,24
1627,15,1,E-Bike_Bremsen_justiert,E-Bike_Bremsen_justiert,27
1627,16,0,Mountainbike_Schaltauge_bearbeitet,Mountainbike_Schaltauge_bearbeitet,38
1627,17,1,E-Bike_Hinterbau_vorbereitet,E-Bike_Hinterbau_vorbereitet,20
1627,18,0,E-Bike_Antrieb_installiert,E-Bike_Antrieb_installiert,55
1627,19,2,E-Bike_Rahmen_komplettiert,E-Bike_Rahmen_komplettiert,24
1627,20,1,E-Bike_Tretlageraufnahme_geschweisst,E-Bike_Tretlageraufnahme_geschweisst,20
1627,21,1,Mountainbike_Antrieb_installiert,Mountainbike_Antrieb_installiert,26
1627,22,1,Mountainbike_Fahrrad_endmontiert,Mountainbike_Fahrrad_endmontiert,20
1627,23,0,Mountainbike_Hauptrahmen_zugeschnitten,Mountainbike_Hauptrahmen_zugeschnitten,53
1627,24,0,Racebike_Rahmen_lackiert,Racebike_Rahmen_lackiert,35
1627,25,2,Mountainbike_Rahmen_lackiert,Mountainbike_Rahmen_lackiert,24
1627,26,2,Mountainbike_Tretlageraufnahme_geschweisst,Mountainbike_Tretlageraufnahme_geschweisst,15
1627,27,0,Citybike_Rahmen_nachbearbeitet,Citybike_Rahmen_nachbearbeitet,43
1627,28,1,Mountainbike_Fahrrad_endmontiert,Mountainbike_Fahrrad_endmontiert,15
1627,29,1,Mountainbike_Steuerrohr_montiert,Mountainbike_Steuerrohr_montiert,20
1627,30,0,E-Bike_Steuerrohr_ausgerieben,E-Bike_Steuerrohr_ausgerieben,43
1627,31,1,Mountainbike_Bremsaufnahme_gebohrt,Mountainbike_Bremsaufnahme_gebohrt,20
1627,32,2,Racebike_Antrieb_installiert,Racebike_Antrieb_installiert,16
1627,33,1,Mountainbike_Rahmen_nachbearbeitet,Mountainbike_Rahmen_nachbearbeitet,20
1627,34,1,E-Bike_Tretlager_gefraest,E-Bike_Tretlager_gefraest,28
1627,35,0,Racebike_Hinterbau_vorbereitet,Racebike_Hinterbau_vorbereitet,47
1627,36,0,Racebike_Hauptrahmen_zugeschnitten,Racebike_Hauptrahmen_zugeschnitten,40
1627,37,1,E-Bike_Hinterbau_vorbereitet,E-Bike_Hinterbau_vorbereitet,20
1627,38,1,Mountainbike_Bremsaufnahme_gebohrt,Mountainbike_Bremsaufnahme_gebohrt,26
1627,39,0,E-Bike_Rahmen_nachbearbeitet,E-Bike_Rahmen_nachbearbeitet,47
1627,40,0,Mountainbike_Hinterbau_vorbereitet,Mountainbike_Hinterbau_vorbereitet,53
1627,41,2,Mountainbike_Tretlageraufnahme_geschweisst,Mountainbike_Tretlageraufnahme_geschweisst,13
1627,42,0,Mountainbike_Tretlager_gefraest,Mountainbike_Tretlager_gefraest,40
1627,43,0,Citybike_Hinterbau_vorbereitet,Citybike_Hinterbau_vorbereitet,39
1627,44,0,Racebike_Rahmen_komplettiert,Racebike_Rahmen_komplettiert,42
1627,45,1,Racebike_Hauptrahmen_zugeschnitten,Racebike_Hauptrahmen_zugeschnitten,24
1627,46,0,Mountainbike_Rahmen_lackiert,Mountainbike_Rahmen_lackiert,38
1627,47,2,Citybike_Hauptrahmen_zugeschnitten,Citybike_Hauptrahmen_zugeschnitten,18
1627,48,0,E-Bike_Tretlager_gefraest,E-Bike_Tretlager_gefraest,55
1627,49,1,Racebike_Bremsaufnahme_gebohrt,Racebike_Bremsaufnahme_gebohrt,20
1627,50,1,Citybike_Bremsen_justiert,Citybike_Bremsen_justiert,25
1627,51,1,Racebike_Rahmen_nachbearbeitet,Racebike_Rahmen_nachbearbeitet,15
1627,52,2,Racebike_Hinterbau_vorbereitet,Racebike_Hinterbau_vorbereitet,10
1627,53,2,E-Bike_Bremsaufnahme_gebohrt,E-Bike_Bremsaufnahme_gebohrt,25
1627,54,1,Racebike_Bremsaufnahme_gebohrt,Racebike_Bremsaufnahme_gebohrt,20
1627,55,1,Mountainbike_Rahmen_komplettiert,Mountainbike_Rahmen_komplettiert,25
1627,56,2,Mountainbike_Rahmen_nachbearbeitet,Mountainbike_Rahmen_nachbearbeitet,24
1627,57,0,E-Bike_Fahrrad_endmontiert,E-Bike_Fahrrad_endmontiert,40
1627,58,0,Citybike_Rahmen_lackiert,Citybike_Rahmen_lackiert,54
1627,59,2,Racebike_Rahmen_komplettiert,Racebike_Rahmen_komplettiert,16
1627,60,1,Racebike_Steuerrohr_ausgerieben,Racebike_Steuerrohr_ausgerieben,24
1627,61,0,Mountainbike_Bremsaufnahme_gebohrt,Mountainbike_Bremsaufnahme_gebohrt,40
1627,62,1,E-Bike_Hinterbau_vorbereitet,E-Bike_Hinterbau_vorbereitet,28
1627,63,1,Racebike_Laufraeder_montiert,Racebike_Laufraeder_montiert,26
1627,64,0,Mountainbike_Rahmen_nachbearbeitet,Mountainbike_Rahmen_nachbearbeitet,40
1627,65,0,Mountainbike_Hinterbau_vorbereitet,Mountainbike_Hinterbau_vorbereitet,40
1627,66,2,Mountainbike_Bremsen_justiert,Mountainbike_Bremsen_justiert,13
1627,67,1,Citybike_Antrieb_installiert,Citybike_Antrieb_installiert,25
1627,68,0,E-Bike_Tretlager_gefraest,E-Bike_Tretlager_gefraest,55
1627,69,0,Mountainbike_Hauptrahmen_zugeschnitten,Mountainbike_Hauptrahmen_zugeschnitten,53
1627,70,1,Mountainbike_Steuerrohr_ausgerieben,Mountainbike_Steuerrohr_ausgerieben,20
1627,71,1,E-Bike_Laufraeder_montiert,E-Bike_Laufraeder_montiert,28
1627,72,0,E-Bike_Hinterbau_vorbereitet,E-Bike_Hinterbau_vorbereitet,55
1627,73,1,Racebike_Rahmen_nachbearbeitet,Racebike_Rahmen_nachbearbeitet,26
1627,74,2,Racebike_Antrieb_installiert,Racebike_Antrieb_installiert,16
1627,75,1,E-Bike_Hauptrahmen_zugeschnitten,E-Bike_Hauptrahmen_zugeschnitten,28
1627,76,0,E-Bike_Bremsen_justiert,E-Bike_Bremsen_justiert,40
1627,77,2,Mountainbike_Steuerrohr_ausgerieben,Mountainbike_Steuerrohr_ausgerieben,13
1627,78,2,Racebike_Rahmen_nachbearbeitet,Racebike_Rahmen_nachbearbeitet,16
1627,79,1,Racebike_Schaltauge_bearbeitet,Racebike_Schaltauge_bearbeitet,26
1627,80,2,Mountainbike_Tretlageraufnahme_geschweisst,Mountainbike_Tretlageraufnahme_geschweisst,13
1627,81,2,Racebike_Hauptrahmen_zugeschnitten,Racebike_Hauptrahmen_zugeschnitten,16
1627,82,1,Citybike_Tretlager_gefraest,Citybike_Tretlager_gefraest,25
1627,83,2,Racebike_Rahmen_komplettiert,Racebike_Rahmen_komplettiert,15
1627,84,0,Racebike_Bremsen_justiert,Racebike_Bremsen_justiert,47
1627,85,1,Citybike_Bremsen_justiert,Citybike_Bremsen_justiert,20
1627,86,2,Citybike_Schaltauge_bearbeitet,Citybike_Schaltauge_bearbeitet,18
1627,87,1,Mountainbike_Rahmen_lackiert,Mountainbike_Rahmen_lackiert,20
1627,88,0,Citybike_Fahrrad_endmontiert,Citybike_Fahrrad_endmontiert,43
1627,89,0,Mountainbike_Tretlager_gefraest,Mountainbike_Tretlager_gefraest,40
1627,90,0,Racebike_Antrieb_installiert,Racebike_Antrieb_installiert,35
1627,91,0,Citybike_Hauptrahmen_zugeschnitten,Citybike_Hauptrahmen_zugeschnitten,43
1627,92,1,E-Bike_Hauptrahmen_zugeschnitten,E-Bike_Hauptrahmen_zugeschnitten,28
1627,93,1,Mountainbike_Rahmen_lackiert,Mountainbike_Rahmen_lackiert,26
1627,94,1,Racebike_Rahmen_lackiert,Racebike_Rahmen_lackiert,24
1627,95,2,Citybike_Tretlageraufnahme_geschweisst,Citybike_Tretlageraufnahme_geschweisst,15
1627,96,1,Mountainbike_Rahmen_komplettiert,Mountainbike_Rahmen_komplettiert,25
1627,97,0,Racebike_Steuerrohr_montiert,Racebike_Steuerrohr_montiert,42
1627,98,0,Citybike_Rahmen_komplettiert,Citybike_Rahmen_komplettiert,43
1627,99,2,Citybike_Steuerrohr_montiert,Citybike_Steuerrohr_montiert,15
1627,100,0,Racebike_Bremsen_justiert,Racebike_Bremsen_justiert,42
1627,101,0,Mountainbike_Steuerrohr_montiert,Mountainbike_Steuerrohr_montiert,38
1627,102,1,Mountainbike_Hauptrahmen_zugeschnitten,Mountainbike_Hauptrahmen_zugeschnitten,20
1627,103,1,E-Bike_Hinterbau_vorbereitet,E-Bike_Hinterbau_vorbereitet,28
1627,104,1,Racebike_Tretlageraufnahme_geschweisst,Racebike_Tretlageraufnahme_geschweisst,26
1627,105,0,Racebike_Rahmen_komplettiert,Racebike_Rahmen_komplettiert,35
1627,106,2,Mountainbike_Laufraeder_montiert,Mountainbike_Laufraeder_montiert,12
1627,107,1,Citybike_Rahmen_lackiert,Citybike_Rahmen_lackiert,25
1627,108,0,Racebike_Tretlager_gefraest,Racebike_Tretlager_gefraest,40
1627,109,2,Mountainbike_Antrieb_installiert,Mountainbike_Antrieb_installiert,15
1627,110,0,Mountainbike_Steuerrohr_montiert,Mountainbike_Steuerrohr_montiert,38
1627,111,1,Racebike_Steuerrohr_ausgerieben,Racebike_Steuerrohr_ausgerieben,15
1627,112,0,Racebike_Rahmen_lackiert,Racebike_Rahmen_lackiert,35
1627,113,1,Citybike_Rahmen_nachbearbeitet,Citybike_Rahmen_nachbearbeitet,25
1627,114,2,E-Bike_Schaltauge_bearbeitet,E-Bike_Schaltauge_bearbeitet,24
1627,115,1,Citybike_Fahrrad_endmontiert,Citybike_Fahrrad_endmontiert,20
1627,116,0,E-Bike_Rahmen_nachbearbeitet,E-Bike_Rahmen_nachbearbeitet,47
1627,117,1,Mountainbike_Steuerrohr_montiert,Mountainbike_Steuerrohr_montiert,20
1627,118,2,E-Bike_Steuerrohr_montiert,E-Bike_Steuerrohr_montiert,15
1627,119,1,E-Bike_Rahmen_lackiert,E-Bike_Rahmen_lackiert,28
1627,120,2,E-Bike_Rahmen_komplettiert,E-Bike_Rahmen_komplettiert,15
1627,121,1,Racebike_Tretlager_gefraest,Racebike_Tretlager_gefraest,26
1627,122,1,Racebike_Tretlageraufnahme_geschweisst,Racebike_Tretlageraufnahme_geschweisst,20
1627,123,2,E-Bike_Rahmen_nachbearbeitet,E-Bike_Rahmen_nachbearbeitet,15
1628,3,2,Mountainbike_Bremsen_justiert,Mountainbike_Bremsen_justiert,24
1628,4,2,Mountainbike_Hinterbau_vorbereitet,Mountainbike_Hinterbau_vorbereitet,15
1628,6,0,E-Bike_Tretlager_gefraest,E-Bike_Tretlager_gefraest,55
1628,7,1,Mountainbike_Antrieb_installiert,Mountainbike_Antrieb_installiert,25
1628,8,2,Racebike_Antrieb_installiert,Racebike_Antrieb_installiert,16
1628,9,1,Mountainbike_Fahrrad_endmontiert,Mountainbike_Fahrrad_endmontiert,20
1628,10,1,E-Bike_Schaltauge_bearbeitet,E-Bike_Schaltauge_bearbeitet,28
1628,11,0,E-Bike_Hinterbau_vorbereitet,E-Bike_Hinterbau_vorbereitet,40
1628,12,1,Mountainbike_Fahrrad_endmontiert,Mountainbike_Fahrrad_endmontiert,26
1628,13,1,Racebike_Bremsaufnahme_gebohrt,Racebike_Bremsaufnahme_gebohrt,24
1628,14,2,Racebike_Rahmen_nachbearbeitet,Racebike_Rahmen_nachbearbeitet,15
1628,15,0,E-Bike_Bremsen_justiert,E-Bike_Bremsen_justiert,40
1628,16,2,E-Bike_Rahmen_komplettiert,E-Bike_Rahmen_komplettiert,25
1628,17,1,Mountainbike_Tretlager_gefraest,Mountainbike_Tretlager_gefraest,25
1628,18,2,Mountainbike_Laufraeder_montiert,Mountainbike_Laufraeder_montiert,24
1628,19,0,Racebike_Antrieb_installiert,Racebike_Antrieb_installiert,47
1628,20,0,Mountainbike_Hauptrahmen_zugeschnitten,Mountainbike_Hauptrahmen_zugeschnitten,38
1628,21,0,Racebike_Hauptrahmen_zugeschnitten,Racebike_Hauptrahmen_zugeschnitten,35
1628,22,1,E-Bike_Hauptrahmen_zugeschnitten,E-Bike_Hauptrahmen_zugeschnitten,28
1628,23,1,E-Bike_Tretlageraufnahme_geschweisst,E-Bike_Tretlageraufnahme_geschweisst,20
1628,24,0,Citybike_Hinterbau_vorbereitet,Citybike_Hinterbau_vorbereitet,43
1628,25,1,Racebike_Rahmen_nachbearbeitet,Racebike_Rahmen_nachbearbeitet,26
1628,26,1,Mountainbike_Steuerrohr_montiert,Mountainbike_Steuerrohr_montiert,25
1628,27,1,Mountainbike_Rahmen_komplettiert,Mountainbike_Rahmen_komplettiert,20
1628,28,2,Mountainbike_Tretlageraufnahme_geschweisst,Mountainbike_Tretlageraufnahme_geschweisst,15
1628,29,1,E-Bike_Laufraeder_montiert,E-Bike_Laufraeder_montiert,28
1628,30,1,Citybike_Tretlager_gefraest,Citybike_Tretlager_gefraest,28
1628,31,1,E-Bike_Tretlager_gefraest,E-Bike_Tretlager_gefraest,27
1628,32,2,E-Bike_Tretlageraufnahme_geschweisst,E-Bike_Tretlageraufnahme_geschweisst,24
1628,33,1,Racebike_Hinterbau_vorbereitet,Racebike_Hinterbau_vorbereitet,26
1628,34,1,E-Bike_Hauptrahmen_zugeschnitten,E-Bike_Hauptrahmen_zugeschnitten,28
1628,35,0,Mountainbike_Tretlageraufnahme_geschweisst,Mountainbike_Tretlageraufnahme_geschweisst,40
1628,36,2,Mountainbike_Tretlageraufnahme_geschweisst,Mountainbike_Tretlageraufnahme_geschweisst,24
1628,37,0,E-Bike_Steuerrohr_ausgerieben,E-Bike_Steuerrohr_ausgerieben,55
1628,38,1,E-Bike_Hinterbau_vorbereitet,E-Bike_Hinterbau_vorbereitet,20
1628,39,1,E-Bike_Hinterbau_vorbereitet,E-Bike_Hinterbau_vorbereitet,15
1628,40,0,Mountainbike_Hinterbau_vorbereitet,Mountainbike_Hinterbau_vorbereitet,53
1628,41,1,Racebike_Tretlageraufnahme_geschweisst,Racebike_Tretlageraufnahme_geschweisst,26
1628,42,1,Citybike_Bremsen_justiert,Citybike_Bremsen_justiert,25
1628,43,1,Racebike_Laufraeder_montiert,Racebike_Laufraeder_montiert,15
1628,44,2,Mountainbike_Rahmen_lackiert,Mountainbike_Rahmen_lackiert,15
1628,45,2,Mountainbike_Bremsen_justiert,Mountainbike_Bremsen_justiert,15
1628,46,1,Mountainbike_Fahrrad_endmontiert,Mountainbike_Fahrrad_endmontiert,25
1628,47,0,E-Bike_Rahmen_nachbearbeitet,E-Bike_Rahmen_nachbearbeitet,55
1628,48,0,Racebike_Rahmen_komplettiert,Racebike_Rahmen_komplettiert,47
1628,49,2,Racebike_Rahmen_komplettiert,Racebike_Rahmen_komplettiert,16
1628,50,0,E-Bike_Tretlager_gefraest,E-Bike_Tretlager_gefraest,47
1628,51,2,Racebike_Hinterbau_vorbereitet,Racebike_Hinterbau_vorbereitet,15
1628,52,1,Citybike_Hinterbau_vorbereitet,Citybike_Hinterbau_vorbereitet,15
1628,53,0,Racebike_Fahrrad_endmontiert,Racebike_Fahrrad_endmontiert,47
1628,54,0,E-Bike_Fahrrad_endmontiert,E-Bike_Fahrrad_endmontiert,47
1628,55,2,E-Bike_Schaltauge_bearbeitet,E-Bike_Schaltauge_bearbeitet,25
1628,56,1,Mountainbike_Bremsaufnahme_gebohrt,Mountainbike_Bremsaufnahme_gebohrt,20
1628,57,0,Mountainbike_Tretlager_gefraest,Mountainbike_Tretlager_gefraest,53
1628,58,0,Mountainbike_Hinterbau_vorbereitet,Mountainbike_Hinterbau_vorbereitet,40
1628,59,0,E-Bike_Rahmen_nachbearbeitet,E-Bike_Rahmen_nachbearbeitet,55
1628,60,1,Mountainbike_Bremsaufnahme_gebohrt,Mountainbike_Bremsaufnahme_gebohrt,15
1628,61,1,Mountainbike_Rahmen_lackiert,Mountainbike_Rahmen_lackiert,20
1628,62,0,E-Bike_Bremsaufnahme_gebohrt,E-Bike_Bremsaufnahme_gebohrt,40
1628,63,0,Citybike_Rahmen_nachbearbeitet,Citybike_Rahmen_nachbearbeitet,54
1628,64,1,E-Bike_Bremsen_justiert,E-Bike_Bremsen_justiert,28
1628,65,0,Mountainbike_Rahmen_lackiert,Mountainbike_Rahmen_lackiert,40
1628,66,0,Racebike_Rahmen_lackiert,Racebike_Rahmen_lackiert,35
1628,67,2,Citybike_Hauptrahmen_zugeschnitten,Citybike_Hauptrahmen_zugeschnitten,15
1628,68,0,Mountainbike_Rahmen_nachbearbeitet,Mountainbike_Rahmen_nachbearbeitet,38
1628,69,2,E-Bike_Rahmen_nachbearbeitet,E-Bike_Rahmen_nachbearbeitet,24
1628,70,2,E-Bike_Bremsaufnahme_gebohrt,E-Bike_Bremsaufnahme_gebohrt,15
1628,71,1,E-Bike_Hinterbau_vorbereitet,E-Bike_Hinterbau_vorbereitet,20
1628,72,0,Mountainbike_Steuerrohr_montiert,Mountainbike_Steuerrohr_montiert,40
1628,73,0,Racebike_Hinterbau_vorbereitet,Racebike_Hinterbau_vorbereitet,35
1628,74,1,Mountainbike_Rahmen_nachbearbeitet,Mountainbike_Rahmen_nachbearbeitet,26
1628,75,2,Mountainbike_Tretlageraufnahme_geschweisst,Mountainbike_Tretlageraufnahme_geschweisst,24
1628,76,0,Racebike_Bremsen_justiert,Racebike_Bremsen_justiert,40
1628,77,0,Racebike_Rahmen_lackiert,Racebike_Rahmen_lackiert,40
1628,78,0,Racebike_Rahmen_komplettiert,Racebike_Rahmen_komplettiert,40
1628,79,2,Mountainbike_Steuerrohr_ausgerieben,Mountainbike_Steuerrohr_ausgerieben,15
1628,80,1,Mountainbike_Rahmen_lackiert,Mountainbike_Rahmen_lackiert,20
1628,81,1,Citybike_Bremsen_justiert,Citybike_Bremsen_justiert,15
1628,82,1,Racebike_Rahmen_lackiert,Racebike_Rahmen_lackiert,15
1628,83,2,Mountainbike_Rahmen_nachbearbeitet,Mountainbike_Rahmen_nachbearbeitet,15
1628,84,2,E-Bike_Steuerrohr_montiert,E-Bike_Steuerrohr_montiert,24
1628,85,1,Racebike_Bremsaufnahme_gebohrt,Racebike_Bremsaufnahme_gebohrt,20
1628,86,0,Citybike_Hauptrahmen_zugeschnitten,Citybike_Hauptrahmen_zugeschnitten,43
1628,87,1,Racebike_Tretlager_gefraest,Racebike_Tretlager_gefraest,20
1628,88,1,E-Bike_Hinterbau_vorbereitet,E-Bike_Hinterbau_vorbereitet,28
1628,89,0,Mountainbike_Tretlager_gefraest,Mountainbike_Tretlager_gefraest,40
1628,90,0,Citybike_Rahmen_lackiert,Citybike_Rahmen_lackiert,39
1628,91,0,E-Bike_Antrieb_installiert,E-Bike_Antrieb_installiert,43
1628,92,1,Racebike_Hauptrahmen_zugeschnitten,Racebike_Hauptrahmen_zugeschnitten,26
1628,93,0,Mountainbike_Hauptrahmen_zugeschnitten,Mountainbike_Hauptrahmen_zugeschnitten,53
1628,94,1,E-Bike_Rahmen_lackiert,E-Bike_Rahmen_lackiert,28
1628,95,0,Mountainbike_Bremsaufnahme_gebohrt,Mountainbike_Bremsaufnahme_gebohrt,40
1628,96,2,Citybike_Schaltauge_bearbeitet,Citybike_Schaltauge_bearbeitet,15
1628,97,0,Racebike_Tretlager_gefraest,Racebike_Tretlager_gefraest,35
1628,98,2,Citybike_Steuerrohr_montiert,Citybike_Steuerrohr_montiert,15
1628,99,1,Racebike_Steuerrohr_ausgerieben,Racebike_Steuerrohr_ausgerieben,26
1628,100,1,Citybike_Antrieb_installiert,Citybike_Antrieb_installiert,25
1628,101,1,Mountainbike_Rahmen_komplettiert,Mountainbike_Rahmen_komplettiert,20
1628,102,2,E-Bike_Rahmen_komplettiert,E-Bike_Rahmen_komplettiert,24
1628,103,2,Citybike_Tretlageraufnahme_geschweisst,Citybike_Tretlageraufnahme_geschweisst,15
1628,104,0,Citybike_Fahrrad_endmontiert,Citybike_Fahrrad_endmontiert,43
1628,105,1,Mountainbike_Steuerrohr_ausgerieben,Mountainbike_Steuerrohr_ausgerieben,20
1628,106,1,Citybike_Rahmen_lackiert,Citybike_Rahmen_lackiert,15
1628,107,1,Racebike_Rahmen_nachbearbeitet,Racebike_Rahmen_nachbearbeitet,15
1628,108,1,Racebike_Tretlageraufnahme_geschweisst,Racebike_Tretlageraufnahme_geschweisst,20
1628,109,2,Racebike_Antrieb_installiert,Racebike_Antrieb_installiert,10
1628,110,1,Racebike_Schaltauge_bearbeitet,Racebike_Schaltauge_bearbeitet,20
1628,111,1,Mountainbike_Hauptrahmen_zugeschnitten,Mountainbike_Hauptrahmen_zugeschnitten,25
1628,112,1,Citybike_Rahmen_nachbearbeitet,Citybike_Rahmen_nachbearbeitet,15
1628,113,0,Citybike_Rahmen_komplettiert,Citybike_Rahmen_komplettiert,40
1628,114,2,Racebike_Rahmen_komplettiert,Racebike_Rahmen_komplettiert,15
1628,115,2,Mountainbike_Laufraeder_montiert,Mountainbike_Laufraeder_montiert,13
1628,116,2,Mountainbike_Antrieb_installiert,Mountainbike_Antrieb_installiert,15
1628,117,0,Mountainbike_Steuerrohr_montiert,Mountainbike_Steuerrohr_montiert,40
1628,118,1,Mountainbike_Steuerrohr_montiert,Mountainbike_Steuerrohr_montiert,20
1628,119,1,Citybike_Fahrrad_endmontiert,Citybike_Fahrrad_endmontiert,15
1628,120,1,Racebike_Steuerrohr_ausgerieben,Racebike_Steuerrohr_ausgerieben,15
1628,121,2,Racebike_Hauptrahmen_zugeschnitten,Racebike_Hauptrahmen_zugeschnitten,16
1628,122,0,Racebike_Steuerrohr_montiert,Racebike_Steuerrohr_montiert,35
1628,123,0,Racebike_Bremsen_justiert,Racebike_Bremsen_justiert,40
1629,2,0,Mountainbike_Schaltauge_bearbeitet,Mountainbike_Schaltauge_bearbeitet,53
1629,3,0,Racebike_Hauptrahmen_zugeschnitten,Racebike_Hauptrahmen_zugeschnitten,35
1629,4,0,E-Bike_Tretlager_gefraest,E-Bike_Tretlager_gefraest,47
1629,7,2,Mountainbike_Bremsen_justiert,Mountainbike_Bremsen_justiert,24
1629,8,1,Mountainbike_Antrieb_installiert,Mountainbike_Antrieb_installiert,26
1629,9,0,E-Bike_Bremsen_justiert,E-Bike_Bremsen_justiert,40
1629,10,1,E-Bike_Laufraeder_montiert,E-Bike_Laufraeder_montiert,28
1629,11,0,Mountainbike_Tretlageraufnahme_geschweisst,Mountainbike_Tretlageraufnahme_geschweisst,53
1629,12,1,E-Bike_Hauptrahmen_zugeschnitten,E-Bike_Hauptrahmen_zugeschnitten,20
1629,13,2,E-Bike_Rahmen_komplettiert,E-Bike_Rahmen_komplettiert,24
1629,14,1,Racebike_Laufraeder_montiert,Racebike_Laufraeder_montiert,26
1629,15,1,Mountainbike_Rahmen_komplettiert,Mountainbike_Rahmen_komplettiert,25
1629,16,1,E-Bike_Tretlageraufnahme_geschweisst,E-Bike_Tretlageraufnahme_geschweisst,28
1629,17,1,Racebike_Fahrrad_endmontiert,Racebike_Fahrrad_endmontiert,26
1629,18,1,E-Bike_Hauptrahmen_zugeschnitten,E-Bike_Hauptrahmen_zugeschnitten,28
1629,19,1,E-Bike_Hinterbau_vorbereitet,E-Bike_Hinterbau_vorbereitet,20
1629,20,1,Mountainbike_Fahrrad_endmontiert,Mountainbike_Fahrrad_endmontiert,26
1629,21,1,Mountainbike_Fahrrad_endmontiert,Mountainbike_Fahrrad_endmontiert,15
1629,22,1,Mountainbike_Bremsaufnahme_gebohrt,Mountainbike_Bremsaufnahme_gebohrt,20
1629,23,1,E-Bike_Tretlager_gefraest,E-Bike_Tretlager_gefraest,28
1629,24,1,Racebike_Hinterbau_vorbereitet,Racebike_Hinterbau_vorbereitet,26
1629,25,0,E-Bike_Bremsaufnahme_gebohrt,E-Bike_Bremsaufnahme_gebohrt,55
1629,26,1,Citybike_Hinterbau_vorbereitet,Citybike_Hinterbau_vorbereitet,25
1629,27,1,Mountainbike_Rahmen_nachbearbeitet,Mountainbike_Rahmen_nachbearbeitet,20
1629,28,2,Mountainbike_Hinterbau_vorbereitet,Mountainbike_Hinterbau_vorbereitet,24
1629,29,2,Mountainbike_Laufraeder_montiert,Mountainbike_Laufraeder_montiert,15
1629,30,1,Mountainbike_Tretlager_gefraest,Mountainbike_Tretlager_gefraest,20
1629,31,2,E-Bike_Rahmen_komplettiert,E-Bike_Rahmen_komplettiert,24
1629,32,0,Mountainbike_Hauptrahmen_zugeschnitten,Mountainbike_Hauptrahmen_zugeschnitten,53
1629,33,0,Mountainbike_Rahmen_nachbearbeitet,Mountainbike_Rahmen_nachbearbeitet,40
1629,34,0,E-Bike_Fahrrad_endmontiert,E-Bike_Fahrrad_endmontiert,55
1629,35,0,E-Bike_Steuerrohr_ausgerieben,E-Bike_Steuerrohr_ausgerieben,40
1629,36,0,Mountainbike_Rahmen_lackiert,Mountainbike_Rahmen_lackiert,53
1629,37,2,Mountainbike_Tretlageraufnahme_geschweisst,Mountainbike_Tretlageraufnahme_geschweisst,24
1629,38,0,Racebike_Fahrrad_endmontiert,Racebike_Fahrrad_endmontiert,35
1629,39,2,Mountainbike_Tretlageraufnahme_geschweisst,Mountainbike_Tretlageraufnahme_geschweisst,10
1629,40,1,Racebike_Bremsaufnahme_gebohrt,Racebike_Bremsaufnahme_gebohrt,24
1629,41,0,Racebike_Hinterbau_vorbereitet,Racebike_Hinterbau_vorbereitet,40
1629,42,0,Citybike_Hinterbau_vorbereitet,Citybike_Hinterbau_vorbereitet,43
1629,43,1,E-Bike_Hinterbau_vorbereitet,E-Bike_Hinterbau_vorbereitet,28
1629,44,1,Mountainbike_Fahrrad_endmontiert,Mountainbike_Fahrrad_endmontiert,26
1629,45,1,E-Bike_Hinterbau_vorbereitet,E-Bike_Hinterbau_vorbereitet,28
1629,46,1,Mountainbike_Steuerrohr_montiert,Mountainbike_Steuerrohr_montiert,26
1629,47,2,Racebike_Rahmen_nachbearbeitet,Racebike_Rahmen_nachbearbeitet,16
1629,48,1,Mountainbike_Rahmen_lackiert,Mountainbike_Rahmen_lackiert,20
1629,49,1,Mountainbike_Bremsaufnahme_gebohrt,Mountainbike_Bremsaufnahme_gebohrt,20
1629,50,1,Racebike_Bremsaufnahme_gebohrt,Racebike_Bremsaufnahme_gebohrt,24
1629,51,0,Racebike_Rahmen_lackiert,Racebike_Rahmen_lackiert,42
1629,52,2,Racebike_Antrieb_installiert,Racebike_Antrieb_installiert,15
1629,53,2,Racebike_Rahmen_komplettiert,Racebike_Rahmen_komplettiert,15
1629,54,2,Mountainbike_Tretlageraufnahme_geschweisst,Mountainbike_Tretlageraufnahme_geschweisst,13
1629,55,2,Mountainbike_Rahmen_lackiert,Mountainbike_Rahmen_lackiert,15
1629,56,1,E-Bike_Bremsen_justiert,E-Bike_Bremsen_justiert,28
1629,57,1,Racebike_Rahmen_nachbearbeitet,Racebike_Rahmen_nachbearbeitet,26
1629,58,0,E-Bike_Rahmen_nachbearbeitet,E-Bike_Rahmen_nachbearbeitet,47
1629,59,0,Racebike_Rahmen_komplettiert,Racebike_Rahmen_komplettiert,47
1629,60,0,Mountainbike_Tretlager_gefraest,Mountainbike_Tretlager_gefraest,38
1629,61,2,Racebike_Hinterbau_vorbereitet,Racebike_Hinterbau_vorbereitet,16
1629,62,0,Racebike_Antrieb_installiert,Racebike_Antrieb_installiert,35
1629,63,0,Racebike_Bremsen_justiert,Racebike_Bremsen_justiert,40
1629,64,1,E-Bike_Hinterbau_vorbereitet,E-Bike_Hinterbau_vorbereitet,28
1629,65,1,Racebike_Hauptrahmen_zugeschnitten,Racebike_Hauptrahmen_zugeschnitten,26
1629,66,0,E-Bike_Antrieb_installiert,E-Bike_Antrieb_installiert,47
1629,67,0,E-Bike_Rahmen_nachbearbeitet,E-Bike_Rahmen_nachbearbeitet,40
1629,68,2,Mountainbike_Laufraeder_montiert,Mountainbike_Laufraeder_montiert,13
1629,69,1,Citybike_Bremsen_justiert,Citybike_Bremsen_justiert,25
1629,70,0,Citybike_Rahmen_nachbearbeitet,Citybike_Rahmen_nachbearbeitet,54
1629,71,2,Racebike_Rahmen_komplettiert,Racebike_Rahmen_komplettiert,16
1629,72,0,E-Bike_Tretlager_gefraest,E-Bike_Tretlager_gefraest,43
1629,73,1,Citybike_Antrieb_installiert,Citybike_Antrieb_installiert,20
1629,74,0,Mountainbike_Tretlager_gefraest,Mountainbike_Tretlager_gefraest,53
1629,75,1,Racebike_Steuerrohr_ausgerieben,Racebike_Steuerrohr_ausgerieben,15
1629,76,2,Mountainbike_Rahmen_nachbearbeitet,Mountainbike_Rahmen_nachbearbeitet,13
1629,77,0,Mountainbike_Hinterbau_vorbereitet,Mountainbike_Hinterbau_vorbereitet,40
1629,78,2,E-Bike_Schaltauge_bearbeitet,E-Bike_Schaltauge_bearbeitet,24
1629,79,2,Citybike_Hauptrahmen_zugeschnitten,Citybike_Hauptrahmen_zugeschnitten,15
1629,80,2,Citybike_Tretlageraufnahme_geschweisst,Citybike_Tretlageraufnahme_geschweisst,15
1629,81,2,E-Bike_Bremsaufnahme_gebohrt,E-Bike_Bremsaufnahme_gebohrt,24
1629,82,2,Mountainbike_Bremsen_justiert,Mountainbike_Bremsen_justiert,24
1629,83,2,Mountainbike_Steuerrohr_ausgerieben,Mountainbike_Steuerrohr_ausgerieben,15
1629,84,1,Racebike_Rahmen_nachbearbeitet,Racebike_Rahmen_nachbearbeitet,20
1629,85,1,Citybike_Tretlager_gefraest,Citybike_Tretlager_gefraest,25
1629,86,2,Mountainbike_Antrieb_installiert,Mountainbike_Antrieb_installiert,15
1629,87,1,Racebike_Rahmen_lackiert,Racebike_Rahmen_lackiert,15
1629,88,1,Citybike_Bremsen_justiert,Citybike_Bremsen_justiert,25
1629,89,0,Citybike_Rahmen_lackiert,Citybike_Rahmen_lackiert,39
1629,90,0,Racebike_Rahmen_lackiert,Racebike_Rahmen_lackiert,42
1629,91,0,Mountainbike_Steuerrohr_montiert,Mountainbike_Steuerrohr_montiert,38
1629,92,0,Racebike_Tretlager_gefraest,Racebike_Tretlager_gefraest,35
1629,93,0,Citybike_Hauptrahmen_zugeschnitten,Citybike_Hauptrahmen_zugeschnitten,43
1629,94,2,Racebike_Antrieb_installiert,Racebike_Antrieb_installiert,16
1629,95,2,Racebike_Hauptrahmen_zugeschnitten,Racebike_Hauptrahmen_zugeschnitten,15
1629,96,1,Racebike_Schaltauge_bearbeitet,Racebike_Schaltauge_bearbeitet,15
1629,97,0,Mountainbike_Hinterbau_vorbereitet,Mountainbike_Hinterbau_vorbereitet,40
1629,98,1,Racebike_Tretlager_gefraest,Racebike_Tretlager_gefraest,20
1629,99,2,Citybike_Schaltauge_bearbeitet,Citybike_Schaltauge_bearbeitet,18
1629,100,1,Mountainbike_Rahmen_lackiert,Mountainbike_Rahmen_lackiert,25
1629,101,2,E-Bike_Steuerrohr_montiert,E-Bike_Steuerrohr_montiert,24
1629,102,0,Mountainbike_Hauptrahmen_zugeschnitten,Mountainbike_Hauptrahmen_zugeschnitten,40
1629,103,1,Racebike_Tretlageraufnahme_geschweisst,Racebike_Tretlageraufnahme_geschweisst,24
1629,104,2,Citybike_Steuerrohr_montiert,Citybike_Steuerrohr_montiert,15
1629,105,0,Racebike_Rahmen_komplettiert,Racebike_Rahmen_komplettiert,35
1629,106,1,E-Bike_Rahmen_lackiert,E-Bike_Rahmen_lackiert,28
1629,107,1,Racebike_Tretlageraufnahme_geschweisst,Racebike_Tretlageraufnahme_geschweisst,26
1629,108,1,Mountainbike_Steuerrohr_ausgerieben,Mountainbike_Steuerrohr_ausgerieben,25
1629,109,1,Racebike_Steuerrohr_ausgerieben,Racebike_Steuerrohr_ausgerieben,24
1629,110,0,Citybike_Fahrrad_endmontiert,Citybike_Fahrrad_endmontiert,43
1629,111,2,E-Bike_Rahmen_komplettiert,E-Bike_Rahmen_komplettiert,24
1629,112,1,Citybike_Rahmen_lackiert,Citybike_Rahmen_lackiert,25
1629,113,1,Citybike_Rahmen_nachbearbeitet,Citybike_Rahmen_nachbearbeitet,20
1629,114,0,Citybike_Rahmen_komplettiert,Citybike_Rahmen_komplettiert,40
1629,115,1,Citybike_Fahrrad_endmontiert,Citybike_Fahrrad_endmontiert,20
1629,116,0,Mountainbike_Steuerrohr_montiert,Mountainbike_Steuerrohr_montiert,40
1629,117,0,Racebike_Steuerrohr_montiert,Racebike_Steuerrohr_montiert,35
1629,118,0,Racebike_Bremsen_justiert,Racebike_Bremsen_justiert,40
1629,119,0,Mountainbike_Bremsaufnahme_gebohrt,Mountainbike_Bremsaufnahme_gebohrt,38
1629,120,1,Mountainbike_Rahmen_komplettiert,Mountainbike_Rahmen_komplettiert,20
1629,121,2,E-Bike_Rahmen_nachbearbeitet,E-Bike_Rahmen_nachbearbeitet,15
1629,122,1,Mountainbike_Hauptrahmen_zugeschnitten,Mountainbike_Hauptrahmen_zugeschnitten,20
1629,123,1,Mountainbike_Steuerrohr_montiert,Mountainbike_Steuerrohr_montiert,20
1630,4,1,Citybike_Tretlager_gefraest,Citybike_Tretlager_gefraest,15
1630,5,2,Racebike_Antrieb_installiert,Racebike_Antrieb_installiert,16
1630,6,1,Mountainbike_Fahrrad_endmontiert,Mountainbike_Fahrrad_endmontiert,20
1630,7,0,Mountainbike_Schaltauge_bearbeitet,Mountainbike_Schaltauge_bearbeitet,40
1630,8,0,Citybike_Hinterbau_vorbereitet,Citybike_Hinterbau_vorbereitet,39
1630,9,1,Citybike_Bremsen_justiert,Citybike_Bremsen_justiert,15
1630,10,2,Mountainbike_Hinterbau_vorbereitet,Mountainbike_Hinterbau_vorbereitet,13
1630,11,2,Mountainbike_Laufraeder_montiert,Mountainbike_Laufraeder_montiert,15
1630,12,1,Mountainbike_Fahrrad_endmontiert,Mountainbike_Fahrrad_endmontiert,20
1630,13,2,E-Bike_Rahmen_komplettiert,E-Bike_Rahmen_komplettiert,24
1630,14,1,Mountainbike_Antrieb_installiert,Mountainbike_Antrieb_installiert,20
1630,15,0,Mountainbike_Hauptrahmen_zugeschnitten,Mountainbike_Hauptrahmen_zugeschnitten,40
1630,16,0,E-Bike_Hinterbau_vorbereitet,E-Bike_Hinterbau_vorbereitet,55
1630,17,1,Citybike_Bremsen_justiert,Citybike_Bremsen_justiert,15
1630,18,1,Mountainbike_Tretlager_gefraest,Mountainbike_Tretlager_gefraest,20
1630,19,1,Mountainbike_Steuerrohr_montiert,Mountainbike_Steuerrohr_montiert,20
1630,20,0,E-Bike_Steuerrohr_ausgerieben,E-Bike_Steuerrohr_ausgerieben,40
1630,21,2,Mountainbike_Tretlageraufnahme_geschweisst,Mountainbike_Tretlageraufnahme_geschweisst,24
1630,22,1,Racebike_Fahrrad_endmontiert,Racebike_Fahrrad_endmontiert,24
1630,23,0,Racebike_Hauptrahmen_zugeschnitten,Racebike_Hauptrahmen_zugeschnitten,47
1630,24,0,Mountainbike_Rahmen_lackiert,Mountainbike_Rahmen_lackiert,38
1630,25,1,E-Bike_Schaltauge_bearbeitet,E-Bike_Schaltauge_bearbeitet,28
1630,26,2,Mountainbike_Rahmen_lackiert,Mountainbike_Rahmen_lackiert,15
1630,27,1,Racebike_Bremsaufnahme_gebohrt,Racebike_Bremsaufnahme_gebohrt,26
1630,28,2,E-Bike_Rahmen_komplettiert,E-Bike_Rahmen_komplettiert,24
1630,29,1,Mountainbike_Fahrrad_endmontiert,Mountainbike_Fahrrad_endmontiert,25
1630,30,1,Mountainbike_Bremsaufnahme_gebohrt,Mountainbike_Bremsaufnahme_gebohrt,20
1630,31,1,Racebike_Hinterbau_vorbereitet,Racebike_Hinterbau_vorbereitet,24
1630,32,0,E-Bike_Tretlager_gefraest,E-Bike_Tretlager_gefraest,55
1630,33,1,Mountainbike_Bremsaufnahme_gebohrt,Mountainbike_Bremsaufnahme_gebohrt,25
1630,34,1,Mountainbike_Rahmen_nachbearbeitet,Mountainbike_Rahmen_nachbearbeitet,20
1630,35,0,Racebike_Hinterbau_vorbereitet,Racebike_Hinterbau_vorbereitet,47
1630,36,0,Mountainbike_Rahmen_nachbearbeitet,Mountainbike_Rahmen_nachbearbeitet,38
1630,37,0,Mountainbike_Tretlager_gefraest,Mountainbike_Tretlager_gefraest,40
1630,38,2,Mountainbike_Tretlageraufnahme_geschweisst,Mountainbike_Tretlageraufnahme_geschweisst,24
1630,39,0,Mountainbike_Hinterbau_vorbereitet,Mountainbike_Hinterbau_vorbereitet,40
1630,40,0,Citybike_Hauptrahmen_zugeschnitten,Citybike_Hauptrahmen_zugeschnitten,39
1630,41,1,E-Bike_Tretlageraufnahme_geschweisst,E-Bike_Tretlageraufnahme_geschweisst,28
1630,42,2,E-Bike_Tretlageraufnahme_geschweisst,E-Bike_Tretlageraufnahme_geschweisst,24
1630,43,0,E-Bike_Bremsaufnahme_gebohrt,E-Bike_Bremsaufnahme_gebohrt,43
1630,44,0,Racebike_Fahrrad_endmontiert,Racebike_Fahrrad_endmontiert,47
1630,45,2,Mountainbike_Bremsen_justiert,Mountainbike_Bremsen_justiert,24
1630,46,2,Mountainbike_Rahmen_nachbearbeitet,Mountainbike_Rahmen_nachbearbeitet,15
1630,47,1,Citybike_Antrieb_installiert,Citybike_Antrieb_installiert,28
1630,48,0,Mountainbike_Bremsaufnahme_gebohrt,Mountainbike_Bremsaufnahme_gebohrt,38
1630,49,1,E-Bike_Tretlager_gefraest,E-Bike_Tretlager_gefraest,27
1630,50,1,Racebike_Laufraeder_montiert,Racebike_Laufraeder_montiert,26
1630,51,2,Racebike_Rahmen_nachbearbeitet,Racebike_Rahmen_nachbearbeitet,16
1630,52,0,E-Bike_Bremsen_justiert,E-Bike_Bremsen_justiert,55
1630,53,0,E-Bike_Fahrrad_endmontiert,E-Bike_Fahrrad_endmontiert,40
1630,54,0,Racebike_Antrieb_installiert,Racebike_Antrieb_installiert,47
1630,55,2,Mountainbike_Tretlageraufnahme_geschweisst,Mountainbike_Tretlageraufnahme_geschweisst,13
1630,56,2,Mountainbike_Steuerrohr_ausgerieben,Mountainbike_Steuerrohr_ausgerieben,15
1630,57,1,Racebike_Bremsaufnahme_gebohrt,Racebike_Bremsaufnahme_gebohrt,20
1630,58,1,E-Bike_Bremsen_justiert,E-Bike_Bremsen_justiert,28
1630,59,2,Racebike_Rahmen_komplettiert,Racebike_Rahmen_komplettiert,16
1630,60,2,Racebike_Rahmen_komplettiert,Racebike_Rahmen_komplettiert,10
1630,61,1,E-Bike_Hinterbau_vorbereitet,E-Bike_Hinterbau_vorbereitet,20
1630,62,0,Racebike_Bremsen_justiert,Racebike_Bremsen_justiert,40
1630,63,1,Racebike_Tretlageraufnahme_geschweisst,Racebike_Tretlageraufnahme_geschweisst,26
1630,64,2,Citybike_Steuerrohr_montiert,Citybike_Steuerrohr_montiert,18
1630,65,1,Racebike_Steuerrohr_ausgerieben,Racebike_Steuerrohr_ausgerieben,20
1630,66,1,E-Bike_Laufraeder_montiert,E-Bike_Laufraeder_montiert,28
1630,67,0,Racebike_Rahmen_lackiert,Racebike_Rahmen_lackiert,40
1630,68,1,E-Bike_Hinterbau_vorbereitet,E-Bike_Hinterbau_vorbereitet,20
1630,69,1,Citybike_Hinterbau_vorbereitet,Citybike_Hinterbau_vorbereitet,28
1630,70,0,Mountainbike_Hinterbau_vorbereitet,Mountainbike_Hinterbau_vorbereitet,38
1630,71,2,Racebike_Hauptrahmen_zugeschnitten,Racebike_Hauptrahmen_zugeschnitten,10
1630,72,1,Mountainbike_Rahmen_lackiert,Mountainbike_Rahmen_lackiert,20
1630,73,1,Mountainbike_Rahmen_komplettiert,Mountainbike_Rahmen_komplettiert,20
1630,74,1,Mountainbike_Rahmen_lackiert,Mountainbike_Rahmen_lackiert,20
1630,75,0,Mountainbike_Steuerrohr_montiert,Mountainbike_Steuerrohr_montiert,40
1630,76,0,Racebike_Rahmen_komplettiert,Racebike_Rahmen_komplettiert,35
1630,77,1,Racebike_Hauptrahmen_zugeschnitten,Racebike_Hauptrahmen_zugeschnitten,24
1630,78,0,E-Bike_Rahmen_nachbearbeitet,E-Bike_Rahmen_nachbearbeitet,47
1630,79,0,Mountainbike_Hauptrahmen_zugeschnitten,Mountainbike_Hauptrahmen_zugeschnitten,53
1630,80,1,Mountainbike_Hauptrahmen_zugeschnitten,Mountainbike_Hauptrahmen_zugeschnitten,25
1630,81,2,Citybike_Tretlageraufnahme_geschweisst,Citybike_Tretlageraufnahme_geschweisst,18
1630,82,0,E-Bike_Tretlager_gefraest,E-Bike_Tretlager_gefraest,55
1630,83,1,Racebike_Rahmen_nachbearbeitet,Racebike_Rahmen_nachbearbeitet,24
1630,84,1,E-Bike_Hauptrahmen_zugeschnitten,E-Bike_Hauptrahmen_zugeschnitten,28
1630,85,0,Citybike_Rahmen_nachbearbeitet,Citybike_Rahmen_nachbearbeitet,54
1630,86,1,Mountainbike_Steuerrohr_montiert,Mountainbike_Steuerrohr_montiert,26
1630,87,2,Citybike_Hauptrahmen_zugeschnitten,Citybike_Hauptrahmen_zugeschnitten,15
1630,88,1,Racebike_Rahmen_lackiert,Racebike_Rahmen_lackiert,24
1630,89,1,E-Bike_Hauptrahmen_zugeschnitten,E-Bike_Hauptrahmen_zugeschnitten,28
1630,90,1,Citybike_Fahrrad_endmontiert,Citybike_Fahrrad_endmontiert,28
1630,91,1,E-Bike_Hinterbau_vorbereitet,E-Bike_Hinterbau_vorbereitet,27
1630,92,1,Racebike_Rahmen_nachbearbeitet,Racebike_Rahmen_nachbearbeitet,26
1630,93,2,Racebike_Antrieb_installiert,Racebike_Antrieb_installiert,10
1630,94,1,Racebike_Schaltauge_bearbeitet,Racebike_Schaltauge_bearbeitet,20
1630,95,0,Mountainbike_Tretlager_gefraest,Mountainbike_Tretlager_gefraest,40
1630,96,2,E-Bike_Bremsaufnahme_gebohrt,E-Bike_Bremsaufnahme_gebohrt,25
1630,97,0,Racebike_Rahmen_komplettiert,Racebike_Rahmen_komplettiert,35
1630,98,1,Mountainbike_Steuerrohr_ausgerieben,Mountainbike_Steuerrohr_ausgerieben,25
1630,99,0,E-Bike_Antrieb_installiert,E-Bike_Antrieb_installiert,47
1630,100,2,Mountainbike_Laufraeder_montiert,Mountainbike_Laufraeder_montiert,24
1630,101,2,Mountainbike_Antrieb_installiert,Mountainbike_Antrieb_installiert,15
1630,102,1,Citybike_Rahmen_lackiert,Citybike_Rahmen_lackiert,15
1630,103,0,Citybike_Rahmen_lackiert,Citybike_Rahmen_lackiert,54
1630,104,1,Citybike_Rahmen_nachbearbeitet,Citybike_Rahmen_nachbearbeitet,20
1630,105,2,E-Bike_Schaltauge_bearbeitet,E-Bike_Schaltauge_bearbeitet,24
1630,106,2,E-Bike_Rahmen_nachbearbeitet,E-Bike_Rahmen_nachbearbeitet,15
1630,107,0,Racebike_Steuerrohr_montiert,Racebike_Steuerrohr_montiert,42
1630,108,0,Racebike_Tretlager_gefraest,Racebike_Tretlager_gefraest,40
1630,109,0,Mountainbike_Steuerrohr_montiert,Mountainbike_Steuerrohr_montiert,38
1630,110,1,E-Bike_Hinterbau_vorbereitet,E-Bike_Hinterbau_vorbereitet,27
1630,111,0,Racebike_Bremsen_justiert,Racebike_Bremsen_justiert,35
1630,112,1,Racebike_Steuerrohr_ausgerieben,Racebike_Steuerrohr_ausgerieben,26
1630,113,2,Racebike_Hinterbau_vorbereitet,Racebike_Hinterbau_vorbereitet,25
1630,114,0,E-Bike_Rahmen_nachbearbeitet,E-Bike_Rahmen_nachbearbeitet,47
1630,115,0,Racebike_Rahmen_lackiert,Racebike_Rahmen_lackiert,47
1630,116,1,Racebike_Tretlager_gefraest,Racebike_Tretlager_gefraest,20
1630,117,2,E-Bike_Steuerrohr_montiert,E-Bike_Steuerrohr_montiert,25
1630,118,2,Citybike_Schaltauge_bearbeitet,Citybike_Schaltauge_bearbeitet,15
1630,119,1,E-Bike_Rahmen_lackiert,E-Bike_Rahmen_lackiert,28
1630,120,2,E-Bike_Rahmen_komplettiert,E-Bike_Rahmen_komplettiert,24
1630,121,1,Racebike_Tretlageraufnahme_geschweisst,Racebike_Tretlageraufnahme_geschweisst,26
1630,122,0,Citybike_Fahrrad_endmontiert,Citybike_Fahrrad_endmontiert,43
1630,123,0,Citybike_Rahmen_komplettiert,Citybike_Rahmen_komplettiert,40
1631,3,1,Racebike_Hinterbau_vorbereitet,Racebike_Hinterbau_vorbereitet,15
1631,5,1,E-Bike_Schaltauge_bearbeitet,E-Bike_Schaltauge_bearbeitet,28
1631,6,2,Mountainbike_Bremsen_justiert,Mountainbike_Bremsen_justiert,24
1631,7,2,Mountainbike_Hinterbau_vorbereitet,Mountainbike_Hinterbau_vorbereitet,15
1631,8,0,Mountainbike_Tretlageraufnahme_geschweisst,Mountainbike_Tretlageraufnahme_geschweisst,40
1631,9,0,Racebike_Hauptrahmen_zugeschnitten,Racebike_Hauptrahmen_zugeschnitten,35
1631,10,1,Mountainbike_Tretlager_gefraest,Mountainbike_Tretlager_gefraest,26
1631,11,0,Mountainbike_Rahmen_lackiert,Mountainbike_Rahmen_lackiert,38
1631,12,1,Mountainbike_Antrieb_installiert,Mountainbike_Antrieb_installiert,20
1631,13,1,Mountainbike_Steuerrohr_montiert,Mountainbike_Steuerrohr_montiert,20
1631,14,2,E-Bike_Rahmen_komplettiert,E-Bike_Rahmen_komplettiert,24
1631,15,2,Mountainbike_Laufraeder_montiert,Mountainbike_Laufraeder_montiert,24
1631,16,0,E-Bike_Steuerrohr_ausgerieben,E-Bike_Steuerrohr_ausgerieben,55
1631,17,1,Mountainbike_Fahrrad_endmontiert,Mountainbike_Fahrrad_endmontiert,20
1631,18,2,E-Bike_Rahmen_komplettiert,E-Bike_Rahmen_komplettiert,24
1631,19,0,E-Bike_Tretlager_gefraest,E-Bike_Tretlager_gefraest,40
1631,20,0,Citybike_Hinterbau_vorbereitet,Citybike_Hinterbau_vorbereitet,54
1631,21,1,E-Bike_Laufraeder_montiert,E-Bike_Laufraeder_montiert,28
1631,22,1,Citybike_Bremsen_justiert,Citybike_Bremsen_justiert,28
1631,23,0,Mountainbike_Hauptrahmen_zugeschnitten,Mountainbike_Hauptrahmen_zugeschnitten,40
1631,24,1,Citybike_Hinterbau_vorbereitet,Citybike_Hinterbau_vorbereitet,20
1631,25,1,E-Bike_Tretlageraufnahme_geschweisst,E-Bike_Tretlageraufnahme_geschweisst,27
1631,26,2,Mountainbike_Tretlageraufnahme_geschweisst,Mountainbike_Tretlageraufnahme_geschweisst,24
1631,27,1,E-Bike_Hinterbau_vorbereitet,E-Bike_Hinterbau_vorbereitet,20
1631,28,1,Racebike_Fahrrad_endmontiert,Racebike_Fahrrad_endmontiert,26
1631,29,1,E-Bike_Tretlager_gefraest,E-Bike_Tretlager_gefraest,28
1631,30,0,Mountainbike_Bremsaufnahme_gebohrt,Mountainbike_Bremsaufnahme_gebohrt,40
1631,31,0,E-Bike_Fahrrad_endmontiert,E-Bike_Fahrrad_endmontiert,55
1631,32,1,Citybike_Bremsen_justiert,Citybike_Bremsen_justiert,28
1631,33,1,Mountainbike_Rahmen_komplettiert,Mountainbike_Rahmen_komplettiert,20
1631,34,1,Citybike_Antrieb_installiert,Citybike_Antrieb_installiert,15
1631,35,1,Mountainbike_Fahrrad_endmontiert,Mountainbike_Fahrrad_endmontiert,20
1631,36,0,E-Bike_Hinterbau_vorbereitet,E-Bike_Hinterbau_vorbereitet,40
1631,37,0,Mountainbike_Rahmen_nachbearbeitet,Mountainbike_Rahmen_nachbearbeitet,53
1631,38,2,Mountainbike_Rahmen_lackiert,Mountainbike_Rahmen_lackiert,15
1631,39,1,Racebike_Bremsaufnahme_gebohrt,Racebike_Bremsaufnahme_gebohrt,24
1631,40,0,E-Bike_Rahmen_nachbearbeitet,E-Bike_Rahmen_nachbearbeitet,55
1631,41,0,Citybike_Hauptrahmen_zugeschnitten,Citybike_Hauptrahmen_zugeschnitten,54
1631,42,1,E-Bike_Hauptrahmen_zugeschnitten,E-Bike_Hauptrahmen_zugeschnitten,28
1631,43,0,E-Bike_Tretlager_gefraest,E-Bike_Tretlager_gefraest,43
1631,44,2,Mountainbike_Tretlageraufnahme_geschweisst,Mountainbike_Tretlageraufnahme_geschweisst,15
1631,45,1,E-Bike_Hinterbau_vorbereitet,E-Bike_Hinterbau_vorbereitet,20
1631,46,2,Citybike_Tretlageraufnahme_geschweisst,Citybike_Tretlageraufnahme_geschweisst,18
1631,47,2,E-Bike_Bremsaufnahme_gebohrt,E-Bike_Bremsaufnahme_gebohrt,24
1631,48,1,Racebike_Laufraeder_montiert,Racebike_Laufraeder_montiert,26
1631,49,2,Racebike_Antrieb_installiert,Racebike_Antrieb_installiert,25
1631,50,2,Citybike_Steuerrohr_montiert,Citybike_Steuerrohr_montiert,18
1631,51,2,Mountainbike_Tretlageraufnahme_geschweisst,Mountainbike_Tretlageraufnahme_geschweisst,12
1631,52,1,Mountainbike_Bremsaufnahme_gebohrt,Mountainbike_Bremsaufnahme_gebohrt,25
1631,53,1,E-Bike_Hinterbau_vorbereitet,E-Bike_Hinterbau_vorbereitet,28
1631,54,0,Racebike_Fahrrad_endmontiert,Racebike_Fahrrad_endmontiert,47
1631,55,0,E-Bike_Rahmen_nachbearbeitet,E-Bike_Rahmen_nachbearbeitet,47
1631,56,0,Racebike_Hinterbau_vorbereitet,Racebike_Hinterbau_vorbereitet,47
1631,57,0,Mountainbike_Hinterbau_vorbereitet,Mountainbike_Hinterbau_vorbereitet,38
1631,58,0,Citybike_Rahmen_nachbearbeitet,Citybike_Rahmen_nachbearbeitet,39
1631,59,1,Mountainbike_Rahmen_lackiert,Mountainbike_Rahmen_lackiert,26
1631,60,2,Racebike_Rahmen_komplettiert,Racebike_Rahmen_komplettiert,16
1631,61,1,Mountainbike_Fahrrad_endmontiert,Mountainbike_Fahrrad_endmontiert,20
1631,62,1,Mountainbike_Bremsaufnahme_gebohrt,Mountainbike_Bremsaufnahme_gebohrt,20
1631,63,1,Racebike_Rahmen_nachbearbeitet,Racebike_Rahmen_nachbearbeitet,24
1631,64,0,E-Bike_Bremsen_justiert,E-Bike_Bremsen_justiert,43
1631,65,1,Mountainbike_Rahmen_nachbearbeitet,Mountainbike_Rahmen_nachbearbeitet,25
1631,66,2,Racebike_Rahmen_nachbearbeitet,Racebike_Rahmen_nachbearbeitet,15
1631,67,0,Mountainbike_Tretlager_gefraest,Mountainbike_Tretlager_gefraest,53
1631,68,0,Mountainbike_Tretlager_gefraest,Mountainbike_Tretlager_gefraest,25
1631,69,0,E-Bike_Bremsaufnahme_gebohrt,E-Bike_Bremsaufnahme_gebohrt,55
1631,70,2,E-Bike_Steuerrohr_montiert,E-Bike_Steuerrohr_montiert,25
1631,71,1,Citybike_Rahmen_lackiert,Citybike_Rahmen_lackiert,15
1631,72,1,E-Bike_Hauptrahmen_zugeschnitten,E-Bike_Hauptrahmen_zugeschnitten,27
1631,73,2,Mountainbike_Bremsen_justiert,Mountainbike_Bremsen_justiert,24
1631,74,0,Mountainbike_Hinterbau_vorbereitet,Mountainbike_Hinterbau_vorbereitet,53
1631,75,2,Mountainbike_Steuerrohr_ausgerieben,Mountainbike_Steuerrohr_ausgerieben,15
1631,76,1,E-Bike_Rahmen_lackiert,E-Bike_Rahmen_lackiert,20
1631,77,1,E-Bike_Bremsen_justiert,E-Bike_Bremsen_justiert,20
1631,78,1,Mountainbike_Rahmen_komplettiert,Mountainbike_Rahmen_komplettiert,26
1631,79,2,Citybike_Hauptrahmen_zugeschnitten,Citybike_Hauptrahmen_zugeschnitten,18
1631,80,0,Racebike_Bremsen_justiert,Racebike_Bremsen_justiert,35
1631,81,2,Mountainbike_Rahmen_nachbearbeitet,Mountainbike_Rahmen_nachbearbeitet,12
1631,82,1,E-Bike_Hinterbau_vorbereitet,E-Bike_Hinterbau_vorbereitet,28
1631,83,2,E-Bike_Rahmen_komplettiert,E-Bike_Rahmen_komplettiert,24
1631,84,0,Citybike_Rahmen_lackiert,Citybike_Rahmen_lackiert,43
1631,85,2,Mountainbike_Laufraeder_montiert,Mountainbike_Laufraeder_montiert,24
1631,86,2,Citybike_Schaltauge_bearbeitet,Citybike_Schaltauge_bearbeitet,18
1631,87,2,Racebike_Hinterbau_vorbereitet,Racebike_Hinterbau_vorbereitet,10
1631,88,2,E-Bike_Schaltauge_bearbeitet,E-Bike_Schaltauge_bearbeitet,25
1631,89,0,Racebike_Rahmen_lackiert,Racebike_Rahmen_lackiert,42
1631,90,0,Racebike_Antrieb_installiert,Racebike_Antrieb_installiert,40
1631,91,1,Citybike_Fahrrad_endmontiert,Citybike_Fahrrad_endmontiert,28
1631,92,1,Racebike_Bremsaufnahme_gebohrt,Racebike_Bremsaufnahme_gebohrt,15
1631,93,0,Mountainbike_Hauptrahmen_zugeschnitten,Mountainbike_Hauptrahmen_zugeschnitten,38
1631,94,1,Racebike_Tretlager_gefraest,Racebike_Tretlager_gefraest,20
1631,95,1,Citybike_Rahmen_nachbearbeitet,Citybike_Rahmen_nachbearbeitet,25
1631,96,1,Mountainbike_Hauptrahmen_zugeschnitten,Mountainbike_Hauptrahmen_zugeschnitten,20
1631,97,1,Mountainbike_Rahmen_lackiert,Mountainbike_Rahmen_lackiert,20
1631,98,2,Racebike_Rahmen_komplettiert,Racebike_Rahmen_komplettiert,25
1631,99,0,Mountainbike_Steuerrohr_montiert,Mountainbike_Steuerrohr_montiert,40
1631,100,1,Racebike_Tretlageraufnahme_geschweisst,Racebike_Tretlageraufnahme_geschweisst,24
1631,101,0,Racebike_Rahmen_lackiert,Racebike_Rahmen_lackiert,35
1631,102,0,E-Bike_Antrieb_installiert,E-Bike_Antrieb_installiert,47
1631,103,1,Mountainbike_Steuerrohr_ausgerieben,Mountainbike_Steuerrohr_ausgerieben,25
1631,104,1,Racebike_Rahmen_lackiert,Racebike_Rahmen_lackiert,24
1631,105,1,Racebike_Tretlageraufnahme_geschweisst,Racebike_Tretlageraufnahme_geschweisst,20
1631,106,0,Racebike_Rahmen_komplettiert,Racebike_Rahmen_komplettiert,47
1631,107,0,Racebike_Rahmen_komplettiert,Racebike_Rahmen_komplettiert,25
1631,108,1,Mountainbike_Steuerrohr_montiert,Mountainbike_Steuerrohr_montiert,25
1631,109,2,Mountainbike_Antrieb_installiert,Mountainbike_Antrieb_installiert,13
1631,110,2,E-Bike_Rahmen_nachbearbeitet,E-Bike_Rahmen_nachbearbeitet,24
1631,111,0,Mountainbike_Steuerrohr_montiert,Mountainbike_Steuerrohr_montiert,38
1631,112,1,Racebike_Hauptrahmen_zugeschnitten,Racebike_Hauptrahmen_zugeschnitten,24
1631,113,1,Racebike_Rahmen_nachbearbeitet,Racebike_Rahmen_nachbearbeitet,20
1631,114,1,Racebike_Steuerrohr_ausgerieben,Racebike_Steuerrohr_ausgerieben,20
1631,115,2,Racebike_Antrieb_installiert,Racebike_Antrieb_installiert,25
1631,116,1,Racebike_Schaltauge_bearbeitet,Racebike_Schaltauge_bearbeitet,20
1631,117,2,Racebike_Hauptrahmen_zugeschnitten,Racebike_Hauptrahmen_zugeschnitten,15
1631,118,0,Racebike_Tretlager_gefraest,Racebike_Tretlager_gefraest,35
1631,119,1,Racebike_Steuerrohr_ausgerieben,Racebike_Steuerrohr_ausgerieben,20
1631,120,0,Racebike_Steuerrohr_montiert,Racebike_Steuerrohr_montiert,40
1631,121,0,Racebike_Bremsen_justiert,Racebike_Bremsen_justiert,40
1631,122,0,Citybike_Fahrrad_endmontiert,Citybike_Fahrrad_endmontiert,43
1631,123,0,Citybike_Rahmen_komplettiert,Citybike_Rahmen_komplettiert,40
1632,2,0,Mountainbike_Rahmen_lackiert,Mountainbike_Rahmen_lackiert,53
1632,5,0,Mountainbike_Schaltauge_bearbeitet,Mountainbike_Schaltauge_bearbeitet,40
1632,6,1,E-Bike_Schaltauge_bearbeitet,E-Bike_Schaltauge_bearbeitet,28
1632,7,1,Racebike_Bremsaufnahme_gebohrt,Racebike_Bremsaufnahme_gebohrt,26
1632,8,0,Citybike_Hinterbau_vorbereitet,Citybike_Hinterbau_vorbereitet,39
1632,9,1,Citybike_Tretlager_gefraest,Citybike_Tretlager_gefraest,25
1632,10,0,Mountainbike_Bremsaufnahme_gebohrt,Mountainbike_Bremsaufnahme_gebohrt,40
1632,11,2,E-Bike_Rahmen_komplettiert,E-Bike_Rahmen_komplettiert,25
1632,12,2,Racebike_Rahmen_nachbearbeitet,Racebike_Rahmen_nachbearbeitet,25
1632,13,1,Racebike_Rahmen_nachbearbeitet,Racebike_Rahmen_nachbearbeitet,15
1632,14,2,Mountainbike_Bremsen_justiert,Mountainbike_Bremsen_justiert,13
1632,15,1,Mountainbike_Rahmen_komplettiert,Mountainbike_Rahmen_komplettiert,25
1632,16,0,Mountainbike_Rahmen_nachbearbeitet,Mountainbike_Rahmen_nachbearbeitet,40
1632,17,2,E-Bike_Rahmen_komplettiert,E-Bike_Rahmen_komplettiert,24
1632,18,1,E-Bike_Tretlageraufnahme_geschweisst,E-Bike_Tretlageraufnahme_geschweisst,28
1632,19,1,Mountainbike_Fahrrad_endmontiert,Mountainbike_Fahrrad_endmontiert,26
1632,20,2,Mountainbike_Rahmen_lackiert,Mountainbike_Rahmen_lackiert,24
1632,21,0,Mountainbike_Tretlageraufnahme_geschweisst,Mountainbike_Tretlageraufnahme_geschweisst,40
1632,22,1,Mountainbike_Tretlager_gefraest,Mountainbike_Tretlager_gefraest,20
1632,23,2,Mountainbike_Tretlageraufnahme_geschweisst,Mountainbike_Tretlageraufnahme_geschweisst,15
1632,24,1,Mountainbike_Steuerrohr_montiert,Mountainbike_Steuerrohr_montiert,20
1632,25,1,Mountainbike_Antrieb_installiert,Mountainbike_Antrieb_installiert,20
1632,26,2,Mountainbike_Hinterbau_vorbereitet,Mountainbike_Hinterbau_vorbereitet,15
1632,27,1,Mountainbike_Fahrrad_endmontiert,Mountainbike_Fahrrad_endmontiert,20
1632,28,1,Citybike_Bremsen_justiert,Citybike_Bremsen_justiert,15
1632,29,2,E-Bike_Tretlageraufnahme_geschweisst,E-Bike_Tretlageraufnahme_geschweisst,24
1632,30,2,Mountainbike_Laufraeder_montiert,Mountainbike_Laufraeder_montiert,24
1632,31,0,Mountainbike_Hauptrahmen_zugeschnitten,Mountainbike_Hauptrahmen_zugeschnitten,40
1632,32,2,Mountainbike_Tretlageraufnahme_geschweisst,Mountainbike_Tretlageraufnahme_geschweisst,15
1632,33,1,Citybike_Bremsen_justiert,Citybike_Bremsen_justiert,15
1632,34,0,Citybike_Hauptrahmen_zugeschnitten,Citybike_Hauptrahmen_zugeschnitten,39
1632,35,2,Mountainbike_Tretlageraufnahme_geschweisst,Mountainbike_Tretlageraufnahme_geschweisst,10
1632,36,0,E-Bike_Tretlager_gefraest,E-Bike_Tretlager_gefraest,43
1632,37,0,Racebike_Fahrrad_endmontiert,Racebike_Fahrrad_endmontiert,47
1632,38,0,E-Bike_Bremsaufnahme_gebohrt,E-Bike_Bremsaufnahme_gebohrt,47
1632,39,1,Mountainbike_Fahrrad_endmontiert,Mountainbike_Fahrrad_endmontiert,20
1632,40,0,Racebike_Hauptrahmen_zugeschnitten,Racebike_Hauptrahmen_zugeschnitten,47
1632,41,1,Racebike_Fahrrad_endmontiert,Racebike_Fahrrad_endmontiert,24
1632,42,1,Citybike_Hinterbau_vorbereitet,Citybike_Hinterbau_vorbereitet,25
1632,43,0,Mountainbike_Hinterbau_vorbereitet,Mountainbike_Hinterbau_vorbereitet,38
1632,44,0,Racebike_Hinterbau_vorbereitet,Racebike_Hinterbau_vorbereitet,35
1632,45,0,Racebike_Antrieb_installiert,Racebike_Antrieb_installiert,40
1632,46,1,Citybike_Antrieb_installiert,Citybike_Antrieb_installiert,20
1632,47,2,Citybike_Steuerrohr_montiert,Citybike_Steuerrohr_montiert,18
1632,48,0,Mountainbike_Tretlager_gefraest,Mountainbike_Tretlager_gefraest,38
1632,49,1,Mountainbike_Bremsaufnahme_gebohrt,Mountainbike_Bremsaufnahme_gebohrt,20
1632,50,0,E-Bike_Steuerrohr_ausgerieben,E-Bike_Steuerrohr_ausgerieben,55
1632,51,1,E-Bike_Hinterbau_vorbereitet,E-Bike_Hinterbau_vorbereitet,28
1632,52,2,Mountainbike_Bremsen_justiert,Mountainbike_Bremsen_justiert,12
1632,53,2,Citybike_Tretlageraufnahme_geschweisst,Citybike_Tretlageraufnahme_geschweisst,18
1632,54,0,Citybike_Rahmen_nachbearbeitet,Citybike_Rahmen_nachbearbeitet,54
1632,55,1,Racebike_Laufraeder_montiert,Racebike_Laufraeder_montiert,26
1632,56,0,E-Bike_Rahmen_nachbearbeitet,E-Bike_Rahmen_nachbearbeitet,43
1632,57,0,E-Bike_Tretlager_gefraest,E-Bike_Tretlager_gefraest,40
1632,58,1,E-Bike_Laufraeder_montiert,E-Bike_Laufraeder_montiert,28
1632,59,2,Mountainbike_Rahmen_nachbearbeitet,Mountainbike_Rahmen_nachbearbeitet,12
1632,60,2,Citybike_Hauptrahmen_zugeschnitten,Citybike_Hauptrahmen_zugeschnitten,18
1632,61,2,Racebike_Hinterbau_vorbereitet,Racebike_Hinterbau_vorbereitet,10
1632,62,1,Mountainbike_Bremsaufnahme_gebohrt,Mountainbike_Bremsaufnahme_gebohrt,26
1632,63,1,Racebike_Tretlageraufnahme_geschweisst,Racebike_Tretlageraufnahme_geschweisst,24
1632,64,1,Mountainbike_Rahmen_nachbearbeitet,Mountainbike_Rahmen_nachbearbeitet,25
1632,65,2,E-Bike_Bremsaufnahme_gebohrt,E-Bike_Bremsaufnahme_gebohrt,25
1632,66,0,Mountainbike_Hauptrahmen_zugeschnitten,Mountainbike_Hauptrahmen_zugeschnitten,53
1632,67,1,Mountainbike_Steuerrohr_ausgerieben,Mountainbike_Steuerrohr_ausgerieben,20
1632,68,0,Racebike_Rahmen_lackiert,Racebike_Rahmen_lackiert,35
1632,69,1,Citybike_Rahmen_lackiert,Citybike_Rahmen_lackiert,15
1632,70,0,Mountainbike_Hinterbau_vorbereitet,Mountainbike_Hinterbau_vorbereitet,38
1632,71,0,Racebike_Rahmen_komplettiert,Racebike_Rahmen_komplettiert,35
1632,72,1,E-Bike_Tretlager_gefraest,E-Bike_Tretlager_gefraest,27
1632,73,1,Racebike_Bremsaufnahme_gebohrt,Racebike_Bremsaufnahme_gebohrt,26
1632,74,2,Mountainbike_Steuerrohr_ausgerieben,Mountainbike_Steuerrohr_ausgerieben,24
1632,75,0,E-Bike_Fahrrad_endmontiert,E-Bike_Fahrrad_endmontiert,47
1632,76,1,Racebike_Hauptrahmen_zugeschnitten,Racebike_Hauptrahmen_zugeschnitten,20
1632,77,1,E-Bike_Hauptrahmen_zugeschnitten,E-Bike_Hauptrahmen_zugeschnitten,28
1632,78,0,Racebike_Rahmen_lackiert,Racebike_Rahmen_lackiert,47
1632,79,1,Mountainbike_Rahmen_lackiert,Mountainbike_Rahmen_lackiert,26
1632,80,1,E-Bike_Hinterbau_vorbereitet,E-Bike_Hinterbau_vorbereitet,28
1632,81,1,Mountainbike_Rahmen_lackiert,Mountainbike_Rahmen_lackiert,26
1632,82,1,E-Bike_Hinterbau_vorbereitet,E-Bike_Hinterbau_vorbereitet,28
1632,83,0,E-Bike_Rahmen_nachbearbeitet,E-Bike_Rahmen_nachbearbeitet,47
1632,84,2,Racebike_Rahmen_komplettiert,Racebike_Rahmen_komplettiert,16
1632,85,0,Mountainbike_Steuerrohr_montiert,Mountainbike_Steuerrohr_montiert,53
1632,86,1,Citybike_Fahrrad_endmontiert,Citybike_Fahrrad_endmontiert,28
1632,87,1,E-Bike_Bremsen_justiert,E-Bike_Bremsen_justiert,27
1632,88,0,E-Bike_Bremsen_justiert,E-Bike_Bremsen_justiert,55
1632,89,1,Citybike_Rahmen_nachbearbeitet,Citybike_Rahmen_nachbearbeitet,28
1632,90,1,Racebike_Rahmen_nachbearbeitet,Racebike_Rahmen_nachbearbeitet,15
1632,91,0,Mountainbike_Tretlager_gefraest,Mountainbike_Tretlager_gefraest,53
1632,92,0,Racebike_Rahmen_komplettiert,Racebike_Rahmen_komplettiert,35
1632,93,2,E-Bike_Steuerrohr_montiert,E-Bike_Steuerrohr_montiert,25
1632,94,0,Citybike_Rahmen_lackiert,Citybike_Rahmen_lackiert,43
1632,95,2,Mountainbike_Laufraeder_montiert,Mountainbike_Laufraeder_montiert,24
1632,96,1,E-Bike_Rahmen_lackiert,E-Bike_Rahmen_lackiert,28
1632,97,2,E-Bike_Rahmen_komplettiert,E-Bike_Rahmen_komplettiert,24
1632,98,1,Racebike_Steuerrohr_ausgerieben,Racebike_Steuerrohr_ausgerieben,26
1632,99,2,Racebike_Antrieb_installiert,Racebike_Antrieb_installiert,25
1632,100,1,E-Bike_Hinterbau_vorbereitet,E-Bike_Hinterbau_vorbereitet,28
1632,101,1,Racebike_Schaltauge_bearbeitet,Racebike_Schaltauge_bearbeitet,26
1632,102,1,Mountainbike_Rahmen_komplettiert,Mountainbike_Rahmen_komplettiert,25
1632,103,1,Mountainbike_Hauptrahmen_zugeschnitten,Mountainbike_Hauptrahmen_zugeschnitten,20
1632,104,2,Citybike_Schaltauge_bearbeitet,Citybike_Schaltauge_bearbeitet,18
1632,105,0,Citybike_Fahrrad_endmontiert,Citybike_Fahrrad_endmontiert,40
1632,106,0,Citybike_Rahmen_komplettiert,Citybike_Rahmen_komplettiert,40
1632,107,1,Mountainbike_Steuerrohr_montiert,Mountainbike_Steuerrohr_montiert,20
1632,108,2,Mountainbike_Antrieb_installiert,Mountainbike_Antrieb_installiert,12
1632,109,0,E-Bike_Antrieb_installiert,E-Bike_Antrieb_installiert,43
1632,110,0,Mountainbike_Steuerrohr_montiert,Mountainbike_Steuerrohr_montiert,53
1632,111,1,Racebike_Tretlager_gefraest,Racebike_Tretlager_gefraest,24
1632,112,1,Racebike_Tretlageraufnahme_geschweisst,Racebike_Tretlageraufnahme_geschweisst,20
1632,113,2,Racebike_Rahmen_komplettiert,Racebike_Rahmen_komplettiert,16
1632,114,2,Racebike_Hauptrahmen_zugeschnitten,Racebike_Hauptrahmen_zugeschnitten,15
1632,115,0,Racebike_Steuerrohr_montiert,Racebike_Steuerrohr_montiert,35
1632,116,1,E-Bike_Hauptrahmen_zugeschnitten,E-Bike_Hauptrahmen_zugeschnitten,28
1632,117,0,Racebike_Bremsen_justiert,Racebike_Bremsen_justiert,40
1632,118,1,Racebike_Rahmen_lackiert,Racebike_Rahmen_lackiert,26
1632,119,0,Racebike_Bremsen_justiert,Racebike_Bremsen_justiert,25
1632,120,0,Racebike_Tretlager_gefraest,Racebike_Tretlager_gefraest,40
1632,121,1,Racebike_Steuerrohr_ausgerieben,Racebike_Steuerrohr_ausgerieben,20
1632,122,2,E-Bike_Schaltauge_bearbeitet,E-Bike_Schaltauge_bearbeitet,25
1632,123,2,E-Bike_Rahmen_nachbearbeitet,E-Bike_Rahmen_nachbearbeitet,15
1633,3,2,Mountainbike_Hinterbau_vorbereitet,Mountainbike_Hinterbau_vorbereitet,15
1633,4,2,Mountainbike_Laufraeder_montiert,Mountainbike_Laufraeder_montiert,15
1633,5,1,Citybike_Tretlager_gefraest,Citybike_Tretlager_gefraest,15
1633,7,1,Racebike_Fahrrad_endmontiert,Racebike_Fahrrad_endmontiert,15
1633,8,0,Mountainbike_Schaltauge_bearbeitet,Mountainbike_Schaltauge_bearbeitet,40
1633,9,1,Racebike_Hinterbau_vorbereitet,Racebike_Hinterbau_vorbereitet,20
1633,10,0,Mountainbike_Hauptrahmen_zugeschnitten,Mountainbike_Hauptrahmen_zugeschnitten,40
1633,11,0,Racebike_Fahrrad_endmontiert,Racebike_Fahrrad_endmontiert,35
1633,12,2,E-Bike_Rahmen_komplettiert,E-Bike_Rahmen_komplettiert,24
1633,13,1,Mountainbike_Antrieb_installiert,Mountainbike_Antrieb_installiert,25
1633,14,0,E-Bike_Steuerrohr_ausgerieben,E-Bike_Steuerrohr_ausgerieben,47
1633,15,2,Mountainbike_Tretlageraufnahme_geschweisst,Mountainbike_Tretlageraufnahme_geschweisst,24
1633,16,1,Mountainbike_Tretlager_gefraest,Mountainbike_Tretlager_gefraest,20
1633,17,0,Citybike_Hinterbau_vorbereitet,Citybike_Hinterbau_vorbereitet,54
1633,18,1,Mountainbike_Rahmen_komplettiert,Mountainbike_Rahmen_komplettiert,20
1633,19,1,E-Bike_Schaltauge_bearbeitet,E-Bike_Schaltauge_bearbeitet,28
1633,20,2,E-Bike_Tretlageraufnahme_geschweisst,E-Bike_Tretlageraufnahme_geschweisst,24
1633,21,0,E-Bike_Tretlager_gefraest,E-Bike_Tretlager_gefraest,43
1633,22,2,Racebike_Antrieb_installiert,Racebike_Antrieb_installiert,25
1633,23,1,E-Bike_Hinterbau_vorbereitet,E-Bike_Hinterbau_vorbereitet,20
1633,24,1,Citybike_Hinterbau_vorbereitet,Citybike_Hinterbau_vorbereitet,28
1633,25,1,Citybike_Bremsen_justiert,Citybike_Bremsen_justiert,20
1633,26,0,E-Bike_Hinterbau_vorbereitet,E-Bike_Hinterbau_vorbereitet,40
1633,27,1,Mountainbike_Fahrrad_endmontiert,Mountainbike_Fahrrad_endmontiert,20
1633,28,1,Citybike_Antrieb_installiert,Citybike_Antrieb_installiert,15
1633,29,0,Mountainbike_Rahmen_nachbearbeitet,Mountainbike_Rahmen_nachbearbeitet,53
1633,30,0,E-Bike_Bremsaufnahme_gebohrt,E-Bike_Bremsaufnahme_gebohrt,55
1633,31,0,Racebike_Hauptrahmen_zugeschnitten,Racebike_Hauptrahmen_zugeschnitten,47
1633,32,2,E-Bike_Rahmen_komplettiert,E-Bike_Rahmen_komplettiert,25
1633,33,1,E-Bike_Tretlageraufnahme_geschweisst,E-Bike_Tretlageraufnahme_geschweisst,27
1633,34,1,Citybike_Bremsen_justiert,Citybike_Bremsen_justiert,28
1633,35,1,Mountainbike_Bremsaufnahme_gebohrt,Mountainbike_Bremsaufnahme_gebohrt,20
1633,36,2,Mountainbike_Tretlageraufnahme_geschweisst,Mountainbike_Tretlageraufnahme_geschweisst,24
1633,37,1,Mountainbike_Rahmen_lackiert,Mountainbike_Rahmen_lackiert,20
1633,38,2,Mountainbike_Rahmen_lackiert,Mountainbike_Rahmen_lackiert,15
1633,39,0,Racebike_Hinterbau_vorbereitet,Racebike_Hinterbau_vorbereitet,40
1633,40,0,E-Bike_Rahmen_nachbearbeitet,E-Bike_Rahmen_nachbearbeitet,47
1633,41,1,Mountainbike_Rahmen_nachbearbeitet,Mountainbike_Rahmen_nachbearbeitet,20
1633,42,1,Racebike_Laufraeder_montiert,Racebike_Laufraeder_montiert,24
1633,43,1,E-Bike_Bremsen_justiert,E-Bike_Bremsen_justiert,28
1633,44,0,Mountainbike_Bremsaufnahme_gebohrt,Mountainbike_Bremsaufnahme_gebohrt,53
1633,45,0,E-Bike_Tretlager_gefraest,E-Bike_Tretlager_gefraest,55
1633,46,1,Mountainbike_Rahmen_komplettiert,Mountainbike_Rahmen_komplettiert,26
1633,47,2,E-Bike_Bremsaufnahme_gebohrt,E-Bike_Bremsaufnahme_gebohrt,24
1633,48,1,Mountainbike_Hauptrahmen_zugeschnitten,Mountainbike_Hauptrahmen_zugeschnitten,20
1633,49,1,E-Bike_Hinterbau_vorbereitet,E-Bike_Hinterbau_vorbereitet,28
1633,50,0,Mountainbike_Tretlager_gefraest,Mountainbike_Tretlager_gefraest,53
1633,51,0,Racebike_Rahmen_lackiert,Racebike_Rahmen_lackiert,35
1633,52,2,Racebike_Rahmen_komplettiert,Racebike_Rahmen_komplettiert,25
1633,53,0,Racebike_Bremsen_justiert,Racebike_Bremsen_justiert,40
1633,54,0,Citybike_Hauptrahmen_zugeschnitten,Citybike_Hauptrahmen_zugeschnitten,43
1633,55,1,Mountainbike_Steuerrohr_montiert,Mountainbike_Steuerrohr_montiert,26
1633,56,0,Mountainbike_Tretlageraufnahme_geschweisst,Mountainbike_Tretlageraufnahme_geschweisst,40
1633,57,1,E-Bike_Tretlager_gefraest,E-Bike_Tretlager_gefraest,28
1633,58,2,Citybike_Steuerrohr_montiert,Citybike_Steuerrohr_montiert,18
1633,59,0,E-Bike_Fahrrad_endmontiert,E-Bike_Fahrrad_endmontiert,55
1633,60,2,Citybike_Tretlageraufnahme_geschweisst,Citybike_Tretlageraufnahme_geschweisst,15
1633,61,1,E-Bike_Laufraeder_montiert,E-Bike_Laufraeder_montiert,20
1633,62,0,Mountainbike_Tretlager_gefraest,Mountainbike_Tretlager_gefraest,53
1633,63,0,E-Bike_Bremsen_justiert,E-Bike_Bremsen_justiert,55
1633,64,2,Mountainbike_Laufraeder_montiert,Mountainbike_Laufraeder_montiert,12
1633,65,1,Racebike_Rahmen_nachbearbeitet,Racebike_Rahmen_nachbearbeitet,26
1633,66,1,Mountainbike_Steuerrohr_montiert,Mountainbike_Steuerrohr_montiert,25
1633,67,1,Citybike_Fahrrad_endmontiert,Citybike_Fahrrad_endmontiert,15
1633,68,0,Racebike_Rahmen_komplettiert,Racebike_Rahmen_komplettiert,47
1633,69,1,Racebike_Bremsaufnahme_gebohrt,Racebike_Bremsaufnahme_gebohrt,15
1633,70,1,Racebike_Hauptrahmen_zugeschnitten,Racebike_Hauptrahmen_zugeschnitten,20
1633,71,1,Citybike_Rahmen_lackiert,Citybike_Rahmen_lackiert,25
1633,72,1,Racebike_Rahmen_nachbearbeitet,Racebike_Rahmen_nachbearbeitet,15
1633,73,2,Racebike_Hinterbau_vorbereitet,Racebike_Hinterbau_vorbereitet,16
1633,74,1,Citybike_Rahmen_nachbearbeitet,Citybike_Rahmen_nachbearbeitet,25
1633,75,2,Racebike_Rahmen_nachbearbeitet,Racebike_Rahmen_nachbearbeitet,15
1633,76,0,E-Bike_Antrieb_installiert,E-Bike_Antrieb_installiert,47
1633,77,0,Citybike_Rahmen_nachbearbeitet,Citybike_Rahmen_nachbearbeitet,54
1633,78,2,Mountainbike_Antrieb_installiert,Mountainbike_Antrieb_installiert,13
1633,79,0,Mountainbike_Steuerrohr_montiert,Mountainbike_Steuerrohr_montiert,40
1633,80,1,E-Bike_Hinterbau_vorbereitet,E-Bike_Hinterbau_vorbereitet,27
1633,81,1,E-Bike_Hauptrahmen_zugeschnitten,E-Bike_Hauptrahmen_zugeschnitten,20
1633,82,1,E-Bike_Hauptrahmen_zugeschnitten,E-Bike_Hauptrahmen_zugeschnitten,15
1633,83,1,Racebike_Bremsaufnahme_gebohrt,Racebike_Bremsaufnahme_gebohrt,26
1633,84,2,Citybike_Hauptrahmen_zugeschnitten,Citybike_Hauptrahmen_zugeschnitten,18
1633,85,0,Racebike_Rahmen_lackiert,Racebike_Rahmen_lackiert,35
1633,86,2,Mountainbike_Tretlageraufnahme_geschweisst,Mountainbike_Tretlageraufnahme_geschweisst,12
1633,87,2,E-Bike_Schaltauge_bearbeitet,E-Bike_Schaltauge_bearbeitet,24
1633,88,0,Citybike_Rahmen_lackiert,Citybike_Rahmen_lackiert,43
1633,89,1,Mountainbike_Fahrrad_endmontiert,Mountainbike_Fahrrad_endmontiert,25
1633,90,1,Racebike_Rahmen_lackiert,Racebike_Rahmen_lackiert,24
1633,91,0,Racebike_Antrieb_installiert,Racebike_Antrieb_installiert,42
1633,92,1,E-Bike_Hinterbau_vorbereitet,E-Bike_Hinterbau_vorbereitet,28
1633,93,2,Racebike_Antrieb_installiert,Racebike_Antrieb_installiert,25
1633,94,2,E-Bike_Rahmen_nachbearbeitet,E-Bike_Rahmen_nachbearbeitet,25
1633,95,1,Racebike_Tretlageraufnahme_geschweisst,Racebike_Tretlageraufnahme_geschweisst,26
1633,96,1,Mountainbike_Bremsaufnahme_gebohrt,Mountainbike_Bremsaufnahme_gebohrt,25
1633,97,0,Racebike_Rahmen_komplettiert,Racebike_Rahmen_komplettiert,40
1633,98,2,Racebike_Rahmen_komplettiert,Racebike_Rahmen_komplettiert,25
1633,99,1,Racebike_Tretlager_gefraest,Racebike_Tretlager_gefraest,24
1633,100,2,Citybike_Schaltauge_bearbeitet,Citybike_Schaltauge_bearbeitet,18
1633,101,0,Citybike_Fahrrad_endmontiert,Citybike_Fahrrad_endmontiert,43
1633,102,2,Mountainbike_Rahmen_nachbearbeitet,Mountainbike_Rahmen_nachbearbeitet,12
1633,103,0,Mountainbike_Hinterbau_vorbereitet,Mountainbike_Hinterbau_vorbereitet,40
1633,104,0,E-Bike_Rahmen_nachbearbeitet,E-Bike_Rahmen_nachbearbeitet,55
1633,105,0,Racebike_Tretlager_gefraest,Racebike_Tretlager_gefraest,47
1633,106,0,Mountainbike_Hinterbau_vorbereitet,Mountainbike_Hinterbau_vorbereitet,38
1633,107,1,Racebike_Steuerrohr_ausgerieben,Racebike_Steuerrohr_ausgerieben,20
1633,108,0,Mountainbike_Hauptrahmen_zugeschnitten,Mountainbike_Hauptrahmen_zugeschnitten,40
1633,109,1,Racebike_Schaltauge_bearbeitet,Racebike_Schaltauge_bearbeitet,20
1633,110,2,Racebike_Hauptrahmen_zugeschnitten,Racebike_Hauptrahmen_zugeschnitten,16
1633,111,2,E-Bike_Steuerrohr_montiert,E-Bike_Steuerrohr_montiert,25
1633,112,1,E-Bike_Rahmen_lackiert,E-Bike_Rahmen_lackiert,28
1633,113,1,Racebike_Steuerrohr_ausgerieben,Racebike_Steuerrohr_ausgerieben,26
1633,114,0,Citybike_Rahmen_komplettiert,Citybike_Rahmen_komplettiert,39
1633,115,1,Mountainbike_Steuerrohr_ausgerieben,Mountainbike_Steuerrohr_ausgerieben,25
1633,116,1,Mountainbike_Rahmen_lackiert,Mountainbike_Rahmen_lackiert,20
1633,117,2,E-Bike_Rahmen_komplettiert,E-Bike_Rahmen_komplettiert,15
1633,118,2,Mountainbike_Bremsen_justiert,Mountainbike_Bremsen_justiert,24
1633,119,2,Mountainbike_Steuerrohr_ausgerieben,Mountainbike_Steuerrohr_ausgerieben,15
1633,120,0,Mountainbike_Steuerrohr_montiert,Mountainbike_Steuerrohr_montiert,40
1633,121,1,Racebike_Tretlageraufnahme_geschweisst,Racebike_Tretlageraufnahme_geschweisst,24
1633,122,0,Racebike_Steuerrohr_montiert,Racebike_Steuerrohr_montiert,35
1633,123,0,Racebike_Bremsen_justiert,Racebike_Bremsen_justiert,40
1634,4,1,Racebike_Bremsaufnahme_gebohrt,Racebike_Bremsaufnahme_gebohrt,24
1634,5,0,E-Bike_Tretlager_gefraest,E-Bike_Tretlager_gefraest,43
1634,6,1,Citybike_Tretlager_gefraest,Citybike_Tretlager_gefraest,25
1634,7,1,E-Bike_Laufraeder_montiert,E-Bike_Laufraeder_montiert,27
1634,8,1,Mountainbike_Fahrrad_endmontiert,Mountainbike_Fahrrad_endmontiert,26
1634,9,2,Mountainbike_Rahmen_lackiert,Mountainbike_Rahmen_lackiert,15
1634,10,2,Mountainbike_Hinterbau_vorbereitet,Mountainbike_Hinterbau_vorbereitet,15
1634,11,1,Racebike_Fahrrad_endmontiert,Racebike_Fahrrad_endmontiert,24
1634,12,1,Citybike_Bremsen_justiert,Citybike_Bremsen_justiert,25
1634,13,0,Mountainbike_Tretlager_gefraest,Mountainbike_Tretlager_gefraest,53
1634,14,2,E-Bike_Rahmen_komplettiert,E-Bike_Rahmen_komplettiert,24
1634,15,0,Racebike_Hinterbau_vorbereitet,Racebike_Hinterbau_vorbereitet,35
1634,16,1,Mountainbike_Rahmen_komplettiert,Mountainbike_Rahmen_komplettiert,20
1634,17,1,Racebike_Bremsaufnahme_gebohrt,Racebike_Bremsaufnahme_gebohrt,24
1634,18,0,Mountainbike_Tretlageraufnahme_geschweisst,Mountainbike_Tretlageraufnahme_geschweisst,38
1634,19,2,E-Bike_Tretlageraufnahme_geschweisst,E-Bike_Tretlageraufnahme_geschweisst,15
1634,20,1,Racebike_Hinterbau_vorbereitet,Racebike_Hinterbau_vorbereitet,20
1634,21,2,Racebike_Antrieb_installiert,Racebike_Antrieb_installiert,25
1634,22,0,Mountainbike_Schaltauge_bearbeitet,Mountainbike_Schaltauge_bearbeitet,40
1634,23,0,E-Bike_Hinterbau_vorbereitet,E-Bike_Hinterbau_vorbereitet,55
1634,24,0,E-Bike_Bremsaufnahme_gebohrt,E-Bike_Bremsaufnahme_gebohrt,40
1634,25,1,Citybike_Hinterbau_vorbereitet,Citybike_Hinterbau_vorbereitet,25
1634,26,1,Mountainbike_Fahrrad_endmontiert,Mountainbike_Fahrrad_endmontiert,20
1634,27,1,E-Bike_Schaltauge_bearbeitet,E-Bike_Schaltauge_bearbeitet,28
1634,28,0,Racebike_Hauptrahmen_zugeschnitten,Racebike_Hauptrahmen_zugeschnitten,47
1634,29,1,Racebike_Rahmen_nachbearbeitet,Racebike_Rahmen_nachbearbeitet,26
1634,30,0,Mountainbike_Rahmen_nachbearbeitet,Mountainbike_Rahmen_nachbearbeitet,38
1634,31,1,E-Bike_Bremsen_justiert,E-Bike_Bremsen_justiert,28
1634,32,1,Mountainbike_Antrieb_installiert,Mountainbike_Antrieb_installiert,26
1634,33,2,Mountainbike_Tretlageraufnahme_geschweisst,Mountainbike_Tretlageraufnahme_geschweisst,13
1634,34,2,Racebike_Rahmen_komplettiert,Racebike_Rahmen_komplettiert,16
1634,35,1,Citybike_Bremsen_justiert,Citybike_Bremsen_justiert,15
1634,36,0,Mountainbike_Rahmen_lackiert,Mountainbike_Rahmen_lackiert,40
1634,37,2,Mountainbike_Laufraeder_montiert,Mountainbike_Laufraeder_montiert,13
1634,38,1,E-Bike_Hinterbau_vorbereitet,E-Bike_Hinterbau_vorbereitet,27
1634,39,1,Mountainbike_Steuerrohr_montiert,Mountainbike_Steuerrohr_montiert,26
1634,40,2,E-Bike_Rahmen_komplettiert,E-Bike_Rahmen_komplettiert,24
1634,41,0,Racebike_Fahrrad_endmontiert,Racebike_Fahrrad_endmontiert,35
1634,42,1,Racebike_Steuerrohr_ausgerieben,Racebike_Steuerrohr_ausgerieben,24
1634,43,0,Racebike_Rahmen_lackiert,Racebike_Rahmen_lackiert,40
1634,44,1,Mountainbike_Bremsaufnahme_gebohrt,Mountainbike_Bremsaufnahme_gebohrt,25
1634,45,0,Mountainbike_Hauptrahmen_zugeschnitten,Mountainbike_Hauptrahmen_zugeschnitten,38
1634,46,1,Citybike_Antrieb_installiert,Citybike_Antrieb_installiert,15
1634,47,1,E-Bike_Tretlageraufnahme_geschweisst,E-Bike_Tretlageraufnahme_geschweisst,27
1634,48,2,Mountainbike_Tretlageraufnahme_geschweisst,Mountainbike_Tretlageraufnahme_geschweisst,24
1634,49,2,Citybike_Tretlageraufnahme_geschweisst,Citybike_Tretlageraufnahme_geschweisst,18
1634,50,1,Mountainbike_Fahrrad_endmontiert,Mountainbike_Fahrrad_endmontiert,26
1634,51,1,Mountainbike_Rahmen_lackiert,Mountainbike_Rahmen_lackiert,20
1634,52,0,E-Bike_Antrieb_installiert,E-Bike_Antrieb_installiert,55
1634,53,1,Mountainbike_Bremsaufnahme_gebohrt,Mountainbike_Bremsaufnahme_gebohrt,20
1634,54,1,Mountainbike_Rahmen_nachbearbeitet,Mountainbike_Rahmen_nachbearbeitet,20
1634,55,0,Mountainbike_Bremsaufnahme_gebohrt,Mountainbike_Bremsaufnahme_gebohrt,53
1634,56,0,Citybike_Hauptrahmen_zugeschnitten,Citybike_Hauptrahmen_zugeschnitten,39
1634,57,0,Citybike_Rahmen_nachbearbeitet,Citybike_Rahmen_nachbearbeitet,40
1634,58,2,Mountainbike_Tretlageraufnahme_geschweisst,Mountainbike_Tretlageraufnahme_geschweisst,12
1634,59,1,E-Bike_Tretlager_gefraest,E-Bike_Tretlager_gefraest,28
1634,60,2,Racebike_Hauptrahmen_zugeschnitten,Racebike_Hauptrahmen_zugeschnitten,16
1634,61,2,Citybike_Steuerrohr_montiert,Citybike_Steuerrohr_montiert,18
1634,62,0,E-Bike_Steuerrohr_ausgerieben,E-Bike_Steuerrohr_ausgerieben,43
1634,63,0,Racebike_Steuerrohr_montiert,Racebike_Steuerrohr_montiert,47
1634,64,0,E-Bike_Fahrrad_endmontiert,E-Bike_Fahrrad_endmontiert,47
1634,65,1,Racebike_Laufraeder_montiert,Racebike_Laufraeder_montiert,26
1634,66,1,Citybike_Fahrrad_endmontiert,Citybike_Fahrrad_endmontiert,25
1634,67,1,E-Bike_Hinterbau_vorbereitet,E-Bike_Hinterbau_vorbereitet,27
1634,68,1,Mountainbike_Rahmen_komplettiert,Mountainbike_Rahmen_komplettiert,26
1634,69,1,E-Bike_Hinterbau_vorbereitet,E-Bike_Hinterbau_vorbereitet,28
1634,70,2,Mountainbike_Rahmen_nachbearbeitet,Mountainbike_Rahmen_nachbearbeitet,12
1634,71,1,Citybike_Rahmen_lackiert,Citybike_Rahmen_lackiert,28
1634,72,0,Mountainbike_Tretlager_gefraest,Mountainbike_Tretlager_gefraest,53
1634,73,2,Racebike_Rahmen_nachbearbeitet,Racebike_Rahmen_nachbearbeitet,16
1634,74,2,Citybike_Hauptrahmen_zugeschnitten,Citybike_Hauptrahmen_zugeschnitten,18
1634,75,0,Racebike_Bremsen_justiert,Racebike_Bremsen_justiert,35
1634,76,0,E-Bike_Rahmen_nachbearbeitet,E-Bike_Rahmen_nachbearbeitet,47
1634,77,0,Racebike_Rahmen_komplettiert,Racebike_Rahmen_komplettiert,47
1634,78,1,Racebike_Hauptrahmen_zugeschnitten,Racebike_Hauptrahmen_zugeschnitten,15
1634,79,0,E-Bike_Tretlager_gefraest,E-Bike_Tretlager_gefraest,47
1634,80,1,Citybike_Rahmen_nachbearbeitet,Citybike_Rahmen_nachbearbeitet,25
1634,81,2,Racebike_Hinterbau_vorbereitet,Racebike_Hinterbau_vorbereitet,10
1634,82,0,Mountainbike_Hinterbau_vorbereitet,Mountainbike_Hinterbau_vorbereitet,53
1634,83,0,Racebike_Rahmen_lackiert,Racebike_Rahmen_lackiert,35
1634,84,2,Racebike_Rahmen_komplettiert,Racebike_Rahmen_komplettiert,15
1634,85,2,E-Bike_Bremsaufnahme_gebohrt,E-Bike_Bremsaufnahme_gebohrt,25
1634,86,0,Racebike_Antrieb_installiert,Racebike_Antrieb_installiert,40
1634,87,0,Mountainbike_Hauptrahmen_zugeschnitten,Mountainbike_Hauptrahmen_zugeschnitten,38
1634,88,1,Racebike_Rahmen_nachbearbeitet,Racebike_Rahmen_nachbearbeitet,15
1634,89,1,Mountainbike_Steuerrohr_ausgerieben,Mountainbike_Steuerrohr_ausgerieben,25
1634,90,1,E-Bike_Hauptrahmen_zugeschnitten,E-Bike_Hauptrahmen_zugeschnitten,28
1634,91,0,Citybike_Rahmen_lackiert,Citybike_Rahmen_lackiert,39
1634,92,2,Mountainbike_Bremsen_justiert,Mountainbike_Bremsen_justiert,24
1634,93,1,Mountainbike_Hauptrahmen_zugeschnitten,Mountainbike_Hauptrahmen_zugeschnitten,26
1634,94,1,Racebike_Tretlager_gefraest,Racebike_Tretlager_gefraest,24
1634,95,1,E-Bike_Hinterbau_vorbereitet,E-Bike_Hinterbau_vorbereitet,28
1634,96,2,Mountainbike_Steuerrohr_ausgerieben,Mountainbike_Steuerrohr_ausgerieben,15
1634,97,2,Mountainbike_Laufraeder_montiert,Mountainbike_Laufraeder_montiert,15
1634,98,1,Racebike_Tretlageraufnahme_geschweisst,Racebike_Tretlageraufnahme_geschweisst,26
1634,99,2,Citybike_Schaltauge_bearbeitet,Citybike_Schaltauge_bearbeitet,18
1634,100,0,E-Bike_Rahmen_nachbearbeitet,E-Bike_Rahmen_nachbearbeitet,43
1634,101,2,Racebike_Antrieb_installiert,Racebike_Antrieb_installiert,10
1634,102,0,Mountainbike_Hinterbau_vorbereitet,Mountainbike_Hinterbau_vorbereitet,53
1634,103,1,Racebike_Schaltauge_bearbeitet,Racebike_Schaltauge_bearbeitet,20
1634,104,0,Citybike_Fahrrad_endmontiert,Citybike_Fahrrad_endmontiert,39
1634,105,1,Racebike_Tretlageraufnahme_geschweisst,Racebike_Tretlageraufnahme_geschweisst,20
1634,106,0,Racebike_Rahmen_komplettiert,Racebike_Rahmen_komplettiert,42
1634,107,2,E-Bike_Steuerrohr_montiert,E-Bike_Steuerrohr_montiert,25
1634,108,1,Mountainbike_Rahmen_lackiert,Mountainbike_Rahmen_lackiert,25
1634,109,0,E-Bike_Bremsen_justiert,E-Bike_Bremsen_justiert,47
1634,110,0,Mountainbike_Steuerrohr_montiert,Mountainbike_Steuerrohr_montiert,53
1634,111,1,E-Bike_Rahmen_lackiert,E-Bike_Rahmen_lackiert,28
1634,112,1,Mountainbike_Steuerrohr_montiert,Mountainbike_Steuerrohr_montiert,26
1634,113,0,Citybike_Rahmen_komplettiert,Citybike_Rahmen_komplettiert,39
1634,114,2,E-Bike_Rahmen_komplettiert,E-Bike_Rahmen_komplettiert,15
1634,115,1,E-Bike_Hauptrahmen_zugeschnitten,E-Bike_Hauptrahmen_zugeschnitten,28
1634,116,2,E-Bike_Schaltauge_bearbeitet,E-Bike_Schaltauge_bearbeitet,15
1634,117,2,Mountainbike_Antrieb_installiert,Mountainbike_Antrieb_installiert,24
1634,118,2,E-Bike_Rahmen_nachbearbeitet,E-Bike_Rahmen_nachbearbeitet,24
1634,119,0,Mountainbike_Steuerrohr_montiert,Mountainbike_Steuerrohr_montiert,40
1634,120,0,Racebike_Bremsen_justiert,Racebike_Bremsen_justiert,35
1634,121,1,Racebike_Rahmen_lackiert,Racebike_Rahmen_lackiert,26
1634,122,0,Racebike_Tretlager_gefraest,Racebike_Tretlager_gefraest,40
1634,123,1,Racebike_Steuerrohr_ausgerieben,Racebike_Steuerrohr_ausgerieben,20
1635,2,2,E-Bike_Rahmen_komplettiert,E-Bike_Rahmen_komplettiert,24
1635,4,1,E-Bike_Schaltauge_bearbeitet,E-Bike_Schaltauge_bearbeitet,28
1635,5,2,Racebike_Antrieb_installiert,Racebike_Antrieb_installiert,25
1635,7,1,Racebike_Bremsaufnahme_gebohrt,Racebike_Bremsaufnahme_gebohrt,26
1635,8,2,E-Bike_Rahmen_komplettiert,E-Bike_Rahmen_komplettiert,25
1635,9,0,Mountainbike_Schaltauge_bearbeitet,Mountainbike_Schaltauge_bearbeitet,53
1635,10,1,Mountainbike_Steuerrohr_montiert,Mountainbike_Steuerrohr_montiert,25
1635,11,1,Racebike_Rahmen_nachbearbeitet,Racebike_Rahmen_nachbearbeitet,24
1635,12,1,Mountainbike_Rahmen_komplettiert,Mountainbike_Rahmen_komplettiert,25
1635,13,2,Racebike_Rahmen_nachbearbeitet,Racebike_Rahmen_nachbearbeitet,25
1635,14,0,Mountainbike_Rahmen_nachbearbeitet,Mountainbike_Rahmen_nachbearbeitet,40
1635,15,2,Mountainbike_Hinterbau_vorbereitet,Mountainbike_Hinterbau_vorbereitet,13
1635,16,2,Mountainbike_Laufraeder_montiert,Mountainbike_Laufraeder_montiert,15
1635,17,1,Mountainbike_Antrieb_installiert,Mountainbike_Antrieb_installiert,20
1635,18,0,E-Bike_Tretlager_gefraest,E-Bike_Tretlager_gefraest,55
1635,19,0,Mountainbike_Rahmen_lackiert,Mountainbike_Rahmen_lackiert,53
1635,20,2,Mountainbike_Tretlageraufnahme_geschweisst,Mountainbike_Tretlageraufnahme_geschweisst,15
1635,21,0,Mountainbike_Hauptrahmen_zugeschnitten,Mountainbike_Hauptrahmen_zugeschnitten,40
1635,22,1,E-Bike_Laufraeder_montiert,E-Bike_Laufraeder_montiert,28
1635,23,1,Citybike_Tretlager_gefraest,Citybike_Tretlager_gefraest,28
1635,24,1,Racebike_Hinterbau_vorbereitet,Racebike_Hinterbau_vorbereitet,15
1635,25,0,Mountainbike_Hinterbau_vorbereitet,Mountainbike_Hinterbau_vorbereitet,40
1635,26,2,Mountainbike_Tretlageraufnahme_geschweisst,Mountainbike_Tretlageraufnahme_geschweisst,10
1635,27,1,Citybike_Bremsen_justiert,Citybike_Bremsen_justiert,25
1635,28,1,Mountainbike_Fahrrad_endmontiert,Mountainbike_Fahrrad_endmontiert,20
1635,29,2,Mountainbike_Tretlageraufnahme_geschweisst,Mountainbike_Tretlageraufnahme_geschweisst,10
1635,30,1,E-Bike_Tretlageraufnahme_geschweisst,E-Bike_Tretlageraufnahme_geschweisst,28
1635,31,1,Mountainbike_Bremsaufnahme_gebohrt,Mountainbike_Bremsaufnahme_gebohrt,26
1635,32,1,E-Bike_Tretlager_gefraest,E-Bike_Tretlager_gefraest,28
1635,33,1,Racebike_Fahrrad_endmontiert,Racebike_Fahrrad_endmontiert,26
1635,34,0,Racebike_Antrieb_installiert,Racebike_Antrieb_installiert,35
1635,35,0,Citybike_Hauptrahmen_zugeschnitten,Citybike_Hauptrahmen_zugeschnitten,43
1635,36,1,E-Bike_Hinterbau_vorbereitet,E-Bike_Hinterbau_vorbereitet,28
1635,37,2,Racebike_Hinterbau_vorbereitet,Racebike_Hinterbau_vorbereitet,16
1635,38,0,Racebike_Hauptrahmen_zugeschnitten,Racebike_Hauptrahmen_zugeschnitten,42
1635,39,0,E-Bike_Fahrrad_endmontiert,E-Bike_Fahrrad_endmontiert,47
1635,40,1,E-Bike_Hinterbau_vorbereitet,E-Bike_Hinterbau_vorbereitet,15
1635,41,1,Citybike_Hinterbau_vorbereitet,Citybike_Hinterbau_vorbereitet,28
1635,42,2,E-Bike_Tretlageraufnahme_geschweisst,E-Bike_Tretlageraufnahme_geschweisst,25
1635,43,0,Racebike_Fahrrad_endmontiert,Racebike_Fahrrad_endmontiert,47
1635,44,0,Mountainbike_Tretlageraufnahme_geschweisst,Mountainbike_Tretlageraufnahme_geschweisst,38
1635,45,1,Mountainbike_Fahrrad_endmontiert,Mountainbike_Fahrrad_endmontiert,20
1635,46,1,Mountainbike_Rahmen_nachbearbeitet,Mountainbike_Rahmen_nachbearbeitet,20
1635,47,0,Racebike_Rahmen_lackiert,Racebike_Rahmen_lackiert,35
1635,48,1,E-Bike_Hauptrahmen_zugeschnitten,E-Bike_Hauptrahmen_zugeschnitten,28
1635,49,0,Mountainbike_Bremsaufnahme_gebohrt,Mountainbike_Bremsaufnahme_gebohrt,38
1635,50,0,Citybike_Hinterbau_vorbereitet,Citybike_Hinterbau_vorbereitet,39
1635,51,1,Citybike_Bremsen_justiert,Citybike_Bremsen_justiert,28
1635,52,0,Citybike_Rahmen_nachbearbeitet,Citybike_Rahmen_nachbearbeitet,40
1635,53,1,Mountainbike_Bremsaufnahme_gebohrt,Mountainbike_Bremsaufnahme_gebohrt,20
1635,54,0,Racebike_Rahmen_komplettiert,Racebike_Rahmen_komplettiert,42
1635,55,1,Citybike_Antrieb_installiert,Citybike_Antrieb_installiert,15
1635,56,0,E-Bike_Bremsaufnahme_gebohrt,E-Bike_Bremsaufnahme_gebohrt,47
1635,57,1,Mountainbike_Fahrrad_endmontiert,Mountainbike_Fahrrad_endmontiert,20
1635,58,1,E-Bike_Bremsen_justiert,E-Bike_Bremsen_justiert,28
1635,59,2,Citybike_Steuerrohr_montiert,Citybike_Steuerrohr_montiert,15
1635,60,1,E-Bike_Hinterbau_vorbereitet,E-Bike_Hinterbau_vorbereitet,20
1635,61,0,Racebike_Rahmen_lackiert,Racebike_Rahmen_lackiert,47
1635,62,0,E-Bike_Rahmen_nachbearbeitet,E-Bike_Rahmen_nachbearbeitet,47
1635,63,0,E-Bike_Rahmen_nachbearbeitet,E-Bike_Rahmen_nachbearbeitet,25
1635,64,2,Mountainbike_Rahmen_lackiert,Mountainbike_Rahmen_lackiert,12
1635,65,1,Racebike_Laufraeder_montiert,Racebike_Laufraeder_montiert,26
1635,66,2,Mountainbike_Bremsen_justiert,Mountainbike_Bremsen_justiert,15
1635,67,2,Mountainbike_Steuerrohr_ausgerieben,Mountainbike_Steuerrohr_ausgerieben,15
1635,68,1,Racebike_Hauptrahmen_zugeschnitten,Racebike_Hauptrahmen_zugeschnitten,20
1635,69,1,Racebike_Tretlager_gefraest,Racebike_Tretlager_gefraest,20
1635,70,0,Mountainbike_Tretlager_gefraest,Mountainbike_Tretlager_gefraest,53
1635,71,1,E-Bike_Hinterbau_vorbereitet,E-Bike_Hinterbau_vorbereitet,28
1635,72,2,Citybike_Tretlageraufnahme_geschweisst,Citybike_Tretlageraufnahme_geschweisst,18
1635,73,0,Mountainbike_Hinterbau_vorbereitet,Mountainbike_Hinterbau_vorbereitet,40
1635,74,0,Racebike_Hinterbau_vorbereitet,Racebike_Hinterbau_vorbereitet,35
1635,75,2,Citybike_Hauptrahmen_zugeschnitten,Citybike_Hauptrahmen_zugeschnitten,15
1635,76,0,E-Bike_Hinterbau_vorbereitet,E-Bike_Hinterbau_vorbereitet,47
1635,77,2,E-Bike_Steuerrohr_montiert,E-Bike_Steuerrohr_montiert,24
1635,78,0,E-Bike_Tretlager_gefraest,E-Bike_Tretlager_gefraest,40
1635,79,1,Mountainbike_Rahmen_lackiert,Mountainbike_Rahmen_lackiert,26
1635,80,0,E-Bike_Bremsen_justiert,E-Bike_Bremsen_justiert,40
1635,81,1,E-Bike_Rahmen_lackiert,E-Bike_Rahmen_lackiert,28
1635,82,0,Citybike_Rahmen_lackiert,Citybike_Rahmen_lackiert,54
1635,83,1,Racebike_Bremsaufnahme_gebohrt,Racebike_Bremsaufnahme_gebohrt,26
1635,84,0,Mountainbike_Steuerrohr_montiert,Mountainbike_Steuerrohr_montiert,40
1635,85,2,E-Bike_Bremsaufnahme_gebohrt,E-Bike_Bremsaufnahme_gebohrt,15
1635,86,1,Mountainbike_Rahmen_lackiert,Mountainbike_Rahmen_lackiert,25
1635,87,2,Mountainbike_Rahmen_nachbearbeitet,Mountainbike_Rahmen_nachbearbeitet,24
1635,88,2,Racebike_Rahmen_komplettiert,Racebike_Rahmen_komplettiert,16
1635,89,1,Mountainbike_Rahmen_komplettiert,Mountainbike_Rahmen_komplettiert,20
1635,90,0,Mountainbike_Tretlager_gefraest,Mountainbike_Tretlager_gefraest,40
1635,91,1,Racebike_Steuerrohr_ausgerieben,Racebike_Steuerrohr_ausgerieben,24
1635,92,1,Racebike_Tretlageraufnahme_geschweisst,Racebike_Tretlageraufnahme_geschweisst,20
1635,93,1,Racebike_Rahmen_nachbearbeitet,Racebike_Rahmen_nachbearbeitet,20
1635,94,0,Mountainbike_Hauptrahmen_zugeschnitten,Mountainbike_Hauptrahmen_zugeschnitten,40
1635,95,2,Racebike_Hauptrahmen_zugeschnitten,Racebike_Hauptrahmen_zugeschnitten,15
1635,96,0,E-Bike_Antrieb_installiert,E-Bike_Antrieb_installiert,55
1635,97,1,Mountainbike_Hauptrahmen_zugeschnitten,Mountainbike_Hauptrahmen_zugeschnitten,25
1635,98,2,Citybike_Schaltauge_bearbeitet,Citybike_Schaltauge_bearbeitet,18
1635,99,2,Mountainbike_Laufraeder_montiert,Mountainbike_Laufraeder_montiert,12
1635,100,2,Mountainbike_Antrieb_installiert,Mountainbike_Antrieb_installiert,15
1635,101,1,Mountainbike_Steuerrohr_ausgerieben,Mountainbike_Steuerrohr_ausgerieben,20
1635,102,2,Racebike_Rahmen_komplettiert,Racebike_Rahmen_komplettiert,16
1635,103,2,E-Bike_Rahmen_komplettiert,E-Bike_Rahmen_komplettiert,25
1635,104,1,Mountainbike_Steuerrohr_montiert,Mountainbike_Steuerrohr_montiert,20
1635,105,0,Racebike_Steuerrohr_montiert,Racebike_Steuerrohr_montiert,47
1635,106,0,Mountainbike_Steuerrohr_montiert,Mountainbike_Steuerrohr_montiert,38
1635,107,1,Racebike_Tretlageraufnahme_geschweisst,Racebike_Tretlageraufnahme_geschweisst,24
1635,108,0,Citybike_Fahrrad_endmontiert,Citybike_Fahrrad_endmontiert,39
1635,109,0,Racebike_Bremsen_justiert,Racebike_Bremsen_justiert,42
1635,110,0,Racebike_Rahmen_komplettiert,Racebike_Rahmen_komplettiert,40
1635,111,2,Racebike_Antrieb_installiert,Racebike_Antrieb_installiert,25
1635,112,1,Citybike_Fahrrad_endmontiert,Citybike_Fahrrad_endmontiert,25
1635,113,1,E-Bike_Hauptrahmen_zugeschnitten,E-Bike_Hauptrahmen_zugeschnitten,27
1635,114,1,Citybike_Rahmen_lackiert,Citybike_Rahmen_lackiert,28
1635,115,1,Citybike_Rahmen_nachbearbeitet,Citybike_Rahmen_nachbearbeitet,20
1635,116,0,Racebike_Bremsen_justiert,Racebike_Bremsen_justiert,40
1635,117,0,Citybike_Rahmen_komplettiert,Citybike_Rahmen_komplettiert,43
1635,118,1,Racebike_Schaltauge_bearbeitet,Racebike_Schaltauge_bearbeitet,15
1635,119,1,Racebike_Rahmen_lackiert,Racebike_Rahmen_lackiert,20
1635,120,0,Racebike_Tretlager_gefraest,Racebike_Tretlager_gefraest,42
1635,121,1,Racebike_Steuerrohr_ausgerieben,Racebike_Steuerrohr_ausgerieben,20
1635,122,2,E-Bike_Schaltauge_bearbeitet,E-Bike_Schaltauge_bearbeitet,25
1635,123,2,E-Bike_Rahmen_nachbearbeitet,E-Bike_Rahmen_nachbearbeitet,15
1636,4,0,Mountainbike_Rahmen_lackiert,Mountainbike_Rahmen_lackiert,53
1636,5,1,Citybike_Hinterbau_vorbereitet,Citybike_Hinterbau_vorbereitet,28
1636,6,1,Mountainbike_Rahmen_komplettiert,Mountainbike_Rahmen_komplettiert,20
1636,7,1,Racebike_Hinterbau_vorbereitet,Racebike_Hinterbau_vorbereitet,24
1636,8,0,Racebike_Hauptrahmen_zugeschnitten,Racebike_Hauptrahmen_zugeschnitten,35
1636,9,0,Mountainbike_Rahmen_nachbearbeitet,Mountainbike_Rahmen_nachbearbeitet,38
1636,10,1,E-Bike_Hinterbau_vorbereitet,E-Bike_Hinterbau_vorbereitet,28
1636,11,2,Mountainbike_Bremsen_justiert,Mountainbike_Bremsen_justiert,24
1636,12,2,Mountainbike_Hinterbau_vorbereitet,Mountainbike_Hinterbau_vorbereitet,15
1636,13,0,Citybike_Rahmen_nachbearbeitet,Citybike_Rahmen_nachbearbeitet,39
1636,14,2,Mountainbike_Tretlageraufnahme_geschweisst,Mountainbike_Tretlageraufnahme_geschweisst,15
1636,15,1,Racebike_Fahrrad_endmontiert,Racebike_Fahrrad_endmontiert,26
1636,16,1,Mountainbike_Fahrrad_endmontiert,Mountainbike_Fahrrad_endmontiert,25
1636,17,0,E-Bike_Rahmen_nachbearbeitet,E-Bike_Rahmen_nachbearbeitet,43
1636,18,2,E-Bike_Rahmen_komplettiert,E-Bike_Rahmen_komplettiert,24
1636,19,0,E-Bike_Hinterbau_vorbereitet,E-Bike_Hinterbau_vorbereitet,40
1636,20,2,Citybike_Hauptrahmen_zugeschnitten,Citybike_Hauptrahmen_zugeschnitten,15
1636,21,1,Mountainbike_Tretlager_gefraest,Mountainbike_Tretlager_gefraest,20
1636,22,0,Citybike_Hinterbau_vorbereitet,Citybike_Hinterbau_vorbereitet,54
1636,23,0,Mountainbike_Tretlageraufnahme_geschweisst,Mountainbike_Tretlageraufnahme_geschweisst,40
1636,24,0,E-Bike_Tretlager_gefraest,E-Bike_Tretlager_gefraest,55
1636,25,1,Mountainbike_Fahrrad_endmontiert,Mountainbike_Fahrrad_endmontiert,20
1636,26,1,Citybike_Tretlager_gefraest,Citybike_Tretlager_gefraest,15
1636,27,1,Mountainbike_Steuerrohr_montiert,Mountainbike_Steuerrohr_montiert,20
1636,28,1,Citybike_Bremsen_justiert,Citybike_Bremsen_justiert,15
1636,29,0,Racebike_Fahrrad_endmontiert,Racebike_Fahrrad_endmontiert,47
1636,30,0,Mountainbike_Schaltauge_bearbeitet,Mountainbike_Schaltauge_bearbeitet,38
1636,31,0,Racebike_Hinterbau_vorbereitet,Racebike_Hinterbau_vorbereitet,35
1636,32,2,Mountainbike_Tretlageraufnahme_geschweisst,Mountainbike_Tretlageraufnahme_geschweisst,12
1636,33,2,Mountainbike_Rahmen_lackiert,Mountainbike_Rahmen_lackiert,15
1636,34,0,Racebike_Rahmen_lackiert,Racebike_Rahmen_lackiert,40
1636,35,2,Mountainbike_Laufraeder_montiert,Mountainbike_Laufraeder_montiert,15
1636,36,2,E-Bike_Tretlageraufnahme_geschweisst,E-Bike_Tretlageraufnahme_geschweisst,24
1636,37,0,Mountainbike_Hinterbau_vorbereitet,Mountainbike_Hinterbau_vorbereitet,38
1636,38,1,E-Bike_Tretlageraufnahme_geschweisst,E-Bike_Tretlageraufnahme_geschweisst,27
1636,39,1,Mountainbike_Antrieb_installiert,Mountainbike_Antrieb_installiert,26
1636,40,1,Racebike_Bremsaufnahme_gebohrt,Racebike_Bremsaufnahme_gebohrt,24
1636,41,1,Citybike_Antrieb_installiert,Citybike_Antrieb_installiert,25
1636,42,1,E-Bike_Tretlager_gefraest,E-Bike_Tretlager_gefraest,27
1636,43,1,Mountainbike_Fahrrad_endmontiert,Mountainbike_Fahrrad_endmontiert,26
1636,44,1,E-Bike_Laufraeder_montiert,E-Bike_Laufraeder_montiert,28
1636,45,1,Mountainbike_Rahmen_lackiert,Mountainbike_Rahmen_lackiert,26
1636,46,0,Mountainbike_Tretlager_gefraest,Mountainbike_Tretlager_gefraest,40
1636,47,0,E-Bike_Bremsaufnahme_gebohrt,E-Bike_Bremsaufnahme_gebohrt,55
1636,48,1,Mountainbike_Bremsaufnahme_gebohrt,Mountainbike_Bremsaufnahme_gebohrt,20
1636,49,2,Racebike_Rahmen_komplettiert,Racebike_Rahmen_komplettiert,25
1636,50,2,Citybike_Tretlageraufnahme_geschweisst,Citybike_Tretlageraufnahme_geschweisst,18
1636,51,1,Citybike_Bremsen_justiert,Citybike_Bremsen_justiert,15
1636,52,0,E-Bike_Bremsen_justiert,E-Bike_Bremsen_justiert,40
1636,53,0,E-Bike_Tretlager_gefraest,E-Bike_Tretlager_gefraest,40
1636,54,1,Racebike_Laufraeder_montiert,Racebike_Laufraeder_montiert,15
1636,55,1,Mountainbike_Rahmen_nachbearbeitet,Mountainbike_Rahmen_nachbearbeitet,25
1636,56,0,Mountainbike_Tretlager_gefraest,Mountainbike_Tretlager_gefraest,53
1636,57,0,Mountainbike_Hauptrahmen_zugeschnitten,Mountainbike_Hauptrahmen_zugeschnitten,40
1636,58,2,Racebike_Rahmen_komplettiert,Racebike_Rahmen_komplettiert,10
1636,59,2,Mountainbike_Tretlageraufnahme_geschweisst,Mountainbike_Tretlageraufnahme_geschweisst,13
1636,60,2,Mountainbike_Rahmen_nachbearbeitet,Mountainbike_Rahmen_nachbearbeitet,15
1636,61,0,Racebike_Rahmen_komplettiert,Racebike_Rahmen_komplettiert,35
1636,62,2,Mountainbike_Bremsen_justiert,Mountainbike_Bremsen_justiert,15
1636,63,1,Racebike_Steuerrohr_ausgerieben,Racebike_Steuerrohr_ausgerieben,24
1636,64,0,Citybike_Hauptrahmen_zugeschnitten,Citybike_Hauptrahmen_zugeschnitten,43
1636,65,1,E-Bike_Bremsen_justiert,E-Bike_Bremsen_justiert,28
1636,66,2,E-Bike_Bremsaufnahme_gebohrt,E-Bike_Bremsaufnahme_gebohrt,24
1636,67,2,Mountainbike_Laufraeder_montiert,Mountainbike_Laufraeder_montiert,24
1636,68,1,Racebike_Hauptrahmen_zugeschnitten,Racebike_Hauptrahmen_zugeschnitten,26
1636,69,0,Racebike_Bremsen_justiert,Racebike_Bremsen_justiert,42
1636,70,1,Mountainbike_Bremsaufnahme_gebohrt,Mountainbike_Bremsaufnahme_gebohrt,25
1636,71,0,E-Bike_Fahrrad_endmontiert,E-Bike_Fahrrad_endmontiert,47
1636,72,1,Racebike_Rahmen_lackiert,Racebike_Rahmen_lackiert,24
1636,73,0,Racebike_Tretlager_gefraest,Racebike_Tretlager_gefraest,47
1636,74,1,E-Bike_Hinterbau_vorbereitet,E-Bike_Hinterbau_vorbereitet,28
1636,75,1,Citybike_Rahmen_lackiert,Citybike_Rahmen_lackiert,28
1636,76,1,E-Bike_Hauptrahmen_zugeschnitten,E-Bike_Hauptrahmen_zugeschnitten,27
1636,77,2,Citybike_Steuerrohr_montiert,Citybike_Steuerrohr_montiert,18
1636,78,1,Racebike_Bremsaufnahme_gebohrt,Racebike_Bremsaufnahme_gebohrt,26
1636,79,1,E-Bike_Hinterbau_vorbereitet,E-Bike_Hinterbau_vorbereitet,28
1636,80,1,Citybike_Rahmen_nachbearbeitet,Citybike_Rahmen_nachbearbeitet,28
1636,81,1,E-Bike_Hinterbau_vorbereitet,E-Bike_Hinterbau_vorbereitet,27
1636,82,2,Racebike_Hauptrahmen_zugeschnitten,Racebike_Hauptrahmen_zugeschnitten,10
1636,83,1,Racebike_Steuerrohr_ausgerieben,Racebike_Steuerrohr_ausgerieben,26
1636,84,0,Mountainbike_Hauptrahmen_zugeschnitten,Mountainbike_Hauptrahmen_zugeschnitten,38
1636,85,2,Mountainbike_Steuerrohr_ausgerieben,Mountainbike_Steuerrohr_ausgerieben,13
1636,86,2,Racebike_Rahmen_nachbearbeitet,Racebike_Rahmen_nachbearbeitet,16
1636,87,0,Citybike_Rahmen_lackiert,Citybike_Rahmen_lackiert,39
1636,88,0,Racebike_Antrieb_installiert,Racebike_Antrieb_installiert,42
1636,89,1,Racebike_Tretlageraufnahme_geschweisst,Racebike_Tretlageraufnahme_geschweisst,20
1636,90,0,Racebike_Steuerrohr_montiert,Racebike_Steuerrohr_montiert,40
1636,91,1,E-Bike_Hauptrahmen_zugeschnitten,E-Bike_Hauptrahmen_zugeschnitten,28
1636,92,1,Racebike_Rahmen_nachbearbeitet,Racebike_Rahmen_nachbearbeitet,26
1636,93,2,Racebike_Antrieb_installiert,Racebike_Antrieb_installiert,15
1636,94,1,Racebike_Schaltauge_bearbeitet,Racebike_Schaltauge_bearbeitet,20
1636,95,2,Citybike_Schaltauge_bearbeitet,Citybike_Schaltauge_bearbeitet,18
1636,96,2,Mountainbike_Antrieb_installiert,Mountainbike_Antrieb_installiert,12
1636,97,0,E-Bike_Antrieb_installiert,E-Bike_Antrieb_installiert,47
1636,98,2,E-Bike_Schaltauge_bearbeitet,E-Bike_Schaltauge_bearbeitet,24
1636,99,0,E-Bike_Rahmen_nachbearbeitet,E-Bike_Rahmen_nachbearbeitet,40
1636,100,1,Citybike_Fahrrad_endmontiert,Citybike_Fahrrad_endmontiert,25
1636,101,0,Racebike_Bremsen_justiert,Racebike_Bremsen_justiert,47
1636,102,2,E-Bike_Steuerrohr_montiert,E-Bike_Steuerrohr_montiert,15
1636,103,0,Racebike_Rahmen_komplettiert,Racebike_Rahmen_komplettiert,40
1636,104,0,Citybike_Fahrrad_endmontiert,Citybike_Fahrrad_endmontiert,43
1636,105,0,Mountainbike_Steuerrohr_montiert,Mountainbike_Steuerrohr_montiert,40
1636,106,1,E-Bike_Rahmen_lackiert,E-Bike_Rahmen_lackiert,27
1636,107,0,Mountainbike_Hinterbau_vorbereitet,Mountainbike_Hinterbau_vorbereitet,40
1636,108,1,Mountainbike_Steuerrohr_ausgerieben,Mountainbike_Steuerrohr_ausgerieben,26
1636,109,2,E-Bike_Rahmen_komplettiert,E-Bike_Rahmen_komplettiert,15
1636,110,0,Citybike_Rahmen_komplettiert,Citybike_Rahmen_komplettiert,39
1636,111,1,Mountainbike_Rahmen_lackiert,Mountainbike_Rahmen_lackiert,20
1636,112,2,Racebike_Antrieb_installiert,Racebike_Antrieb_installiert,25
1636,113,1,Racebike_Rahmen_nachbearbeitet,Racebike_Rahmen_nachbearbeitet,24
1636,114,0,Mountainbike_Bremsaufnahme_gebohrt,Mountainbike_Bremsaufnahme_gebohrt,40
1636,115,1,Mountainbike_Rahmen_komplettiert,Mountainbike_Rahmen_komplettiert,25
1636,116,2,E-Bike_Rahmen_nachbearbeitet,E-Bike_Rahmen_nachbearbeitet,25
1636,117,2,Racebike_Hinterbau_vorbereitet,Racebike_Hinterbau_vorbereitet,25
1636,118,0,Mountainbike_Steuerrohr_montiert,Mountainbike_Steuerrohr_montiert,40
1636,119,0,Racebike_Rahmen_lackiert,Racebike_Rahmen_lackiert,35
1636,120,1,Racebike_Tretlager_gefraest,Racebike_Tretlager_gefraest,24
1636,121,1,Racebike_Tretlageraufnahme_geschweisst,Racebike_Tretlageraufnahme_geschweisst,20
1636,122,1,Mountainbike_Hauptrahmen_zugeschnitten,Mountainbike_Hauptrahmen_zugeschnitten,25
1636,123,1,Mountainbike_Steuerrohr_montiert,Mountainbike_Steuerrohr_montiert,20
1637,4,0,Citybike_Hinterbau_vorbereitet,Citybike_Hinterbau_vorbereitet,54
1637,5,2,E-Bike_Tretlageraufnahme_geschweisst,E-Bike_Tretlageraufnahme_geschweisst,24
1637,6,0,Mountainbike_Rahmen_lackiert,Mountainbike_Rahmen_lackiert,40
1637,7,1,Mountainbike_Tretlager_gefraest,Mountainbike_Tretlager_gefraest,20
1637,8,2,Mountainbike_Hinterbau_vorbereitet,Mountainbike_Hinterbau_vorbereitet,24
1637,9,0,E-Bike_Tretlager_gefraest,E-Bike_Tretlager_gefraest,55
1637,10,0,Mountainbike_Rahmen_nachbearbeitet,Mountainbike_Rahmen_nachbearbeitet,53
1637,11,0,Mountainbike_Bremsaufnahme_gebohrt,Mountainbike_Bremsaufnahme_gebohrt,40
1637,12,2,Mountainbike_Laufraeder_montiert,Mountainbike_Laufraeder_montiert,15
1637,13,1,Racebike_Bremsaufnahme_gebohrt,Racebike_Bremsaufnahme_gebohrt,24
1637,14,1,Citybike_Tretlager_gefraest,Citybike_Tretlager_gefraest,25
1637,15,0,Mountainbike_Tretlageraufnahme_geschweisst,Mountainbike_Tretlageraufnahme_geschweisst,40
1637,16,2,Racebike_Rahmen_nachbearbeitet,Racebike_Rahmen_nachbearbeitet,16
1637,17,2,Racebike_Antrieb_installiert,Racebike_Antrieb_installiert,15
1637,18,0,Mountainbike_Hauptrahmen_zugeschnitten,Mountainbike_Hauptrahmen_zugeschnitten,40
1637,19,1,Citybike_Bremsen_justiert,Citybike_Bremsen_justiert,20
1637,20,0,E-Bike_Bremsaufnahme_gebohrt,E-Bike_Bremsaufnahme_gebohrt,55
1637,21,2,Mountainbike_Tretlageraufnahme_geschweisst,Mountainbike_Tretlageraufnahme_geschweisst,13
1637,22,0,Racebike_Antrieb_installiert,Racebike_Antrieb_installiert,47
1637,23,2,E-Bike_Rahmen_komplettiert,E-Bike_Rahmen_komplettiert,24
1637,24,1,Racebike_Hinterbau_vorbereitet,Racebike_Hinterbau_vorbereitet,15
1637,25,0,Mountainbike_Schaltauge_bearbeitet,Mountainbike_Schaltauge_bearbeitet,38
1637,26,1,Racebike_Fahrrad_endmontiert,Racebike_Fahrrad_endmontiert,20
1637,27,0,Racebike_Fahrrad_endmontiert,Racebike_Fahrrad_endmontiert,35
1637,28,1,Citybike_Bremsen_justiert,Citybike_Bremsen_justiert,25
1637,29,1,Racebike_Rahmen_nachbearbeitet,Racebike_Rahmen_nachbearbeitet,15
1637,30,0,Citybike_Hauptrahmen_zugeschnitten,Citybike_Hauptrahmen_zugeschnitten,43
1637,31,0,E-Bike_Steuerrohr_ausgerieben,E-Bike_Steuerrohr_ausgerieben,43
1637,32,1,E-Bike_Schaltauge_bearbeitet,E-Bike_Schaltauge_bearbeitet,28
1637,33,1,Mountainbike_Antrieb_installiert,Mountainbike_Antrieb_installiert,26
1637,34,2,Citybike_Steuerrohr_montiert,Citybike_Steuerrohr_montiert,15
1637,35,1,Racebike_Tretlageraufnahme_geschweisst,Racebike_Tretlageraufnahme_geschweisst,24
1637,36,1,Mountainbike_Steuerrohr_montiert,Mountainbike_Steuerrohr_montiert,25
1637,37,1,Citybike_Hinterbau_vorbereitet,Citybike_Hinterbau_vorbereitet,15
1637,38,2,Mountainbike_Tretlageraufnahme_geschweisst,Mountainbike_Tretlageraufnahme_geschweisst,12
1637,39,2,E-Bike_Rahmen_komplettiert,E-Bike_Rahmen_komplettiert,24
1637,40,1,Citybike_Antrieb_installiert,Citybike_Antrieb_installiert,20
1637,41,1,Mountainbike_Fahrrad_endmontiert,Mountainbike_Fahrrad_endmontiert,20
1637,42,2,Mountainbike_Rahmen_lackiert,Mountainbike_Rahmen_lackiert,24
1637,43,0,Mountainbike_Tretlager_gefraest,Mountainbike_Tretlager_gefraest,53
1637,44,1,Mountainbike_Rahmen_lackiert,Mountainbike_Rahmen_lackiert,20
1637,45,1,E-Bike_Tretlageraufnahme_geschweisst,E-Bike_Tretlageraufnahme_geschweisst,28
1637,46,1,E-Bike_Bremsen_justiert,E-Bike_Bremsen_justiert,20
1637,47,1,Mountainbike_Fahrrad_endmontiert,Mountainbike_Fahrrad_endmontiert,26
1637,48,2,Racebike_Hinterbau_vorbereitet,Racebike_Hinterbau_vorbereitet,16
1637,49,2,Mountainbike_Rahmen_nachbearbeitet,Mountainbike_Rahmen_nachbearbeitet,13
1637,50,1,Mountainbike_Rahmen_komplettiert,Mountainbike_Rahmen_komplettiert,20
1637,51,0,Racebike_Rahmen_lackiert,Racebike_Rahmen_lackiert,35
1637,52,0,Mountainbike_Tretlager_gefraest,Mountainbike_Tretlager_gefraest,38
1637,53,0,Mountainbike_Hauptrahmen_zugeschnitten,Mountainbike_Hauptrahmen_zugeschnitten,40
1637,54,1,E-Bike_Hinterbau_vorbereitet,E-Bike_Hinterbau_vorbereitet,28
1637,55,0,Racebike_Rahmen_lackiert,Racebike_Rahmen_lackiert,35
1637,56,1,Mountainbike_Fahrrad_endmontiert,Mountainbike_Fahrrad_endmontiert,26
1637,57,2,Mountainbike_Laufraeder_montiert,Mountainbike_Laufraeder_montiert,15
1637,58,1,Mountainbike_Steuerrohr_ausgerieben,Mountainbike_Steuerrohr_ausgerieben,20
1637,59,1,E-Bike_Tretlager_gefraest,E-Bike_Tretlager_gefraest,28
1637,60,1,Racebike_Tretlager_gefraest,Racebike_Tretlager_gefraest,26
1637,61,1,E-Bike_Laufraeder_montiert,E-Bike_Laufraeder_montiert,28
1637,62,0,E-Bike_Rahmen_nachbearbeitet,E-Bike_Rahmen_nachbearbeitet,47
1637,63,1,Mountainbike_Bremsaufnahme_gebohrt,Mountainbike_Bremsaufnahme_gebohrt,26
1637,64,1,E-Bike_Hauptrahmen_zugeschnitten,E-Bike_Hauptrahmen_zugeschnitten,28
1637,65,2,Mountainbike_Tretlageraufnahme_geschweisst,Mountainbike_Tretlageraufnahme_geschweisst,15
1637,66,1,E-Bike_Hinterbau_vorbereitet,E-Bike_Hinterbau_vorbereitet,20
1637,67,0,E-Bike_Tretlager_gefraest,E-Bike_Tretlager_gefraest,40
1637,68,0,Mountainbike_Hinterbau_vorbereitet,Mountainbike_Hinterbau_vorbereitet,53
1637,69,1,Racebike_Tretlageraufnahme_geschweisst,Racebike_Tretlageraufnahme_geschweisst,26
1637,70,2,E-Bike_Bremsaufnahme_gebohrt,E-Bike_Bremsaufnahme_gebohrt,24
1637,71,2,Mountainbike_Antrieb_installiert,Mountainbike_Antrieb_installiert,24
1637,72,0,Mountainbike_Hinterbau_vorbereitet,Mountainbike_Hinterbau_vorbereitet,25
1637,73,0,E-Bike_Fahrrad_endmontiert,E-Bike_Fahrrad_endmontiert,55
1637,74,1,Mountainbike_Bremsaufnahme_gebohrt,Mountainbike_Bremsaufnahme_gebohrt,25
1637,75,1,Mountainbike_Hauptrahmen_zugeschnitten,Mountainbike_Hauptrahmen_zugeschnitten,20
1637,76,1,Mountainbike_Rahmen_nachbearbeitet,Mountainbike_Rahmen_nachbearbeitet,20
1637,77,2,Mountainbike_Bremsen_justiert,Mountainbike_Bremsen_justiert,15
1637,78,1,E-Bike_Hinterbau_vorbereitet,E-Bike_Hinterbau_vorbereitet,28
1637,79,0,Citybike_Rahmen_nachbearbeitet,Citybike_Rahmen_nachbearbeitet,54
1637,80,1,Mountainbike_Steuerrohr_montiert,Mountainbike_Steuerrohr_montiert,26
1637,81,0,Racebike_Rahmen_komplettiert,Racebike_Rahmen_komplettiert,42
1637,82,2,Citybike_Tretlageraufnahme_geschweisst,Citybike_Tretlageraufnahme_geschweisst,18
1637,83,1,Citybike_Fahrrad_endmontiert,Citybike_Fahrrad_endmontiert,15
1637,84,2,Citybike_Hauptrahmen_zugeschnitten,Citybike_Hauptrahmen_zugeschnitten,15
1637,85,0,Citybike_Rahmen_lackiert,Citybike_Rahmen_lackiert,43
1637,86,0,Racebike_Rahmen_komplettiert,Racebike_Rahmen_komplettiert,42
1637,87,1,Mountainbike_Rahmen_lackiert,Mountainbike_Rahmen_lackiert,20
1637,88,1,Citybike_Rahmen_lackiert,Citybike_Rahmen_lackiert,15
1637,89,1,Racebike_Hauptrahmen_zugeschnitten,Racebike_Hauptrahmen_zugeschnitten,15
1637,90,0,E-Bike_Bremsen_justiert,E-Bike_Bremsen_justiert,47
1637,91,1,E-Bike_Hauptrahmen_zugeschnitten,E-Bike_Hauptrahmen_zugeschnitten,28
1637,92,0,Racebike_Hinterbau_vorbereitet,Racebike_Hinterbau_vorbereitet,47
1637,93,1,Citybike_Rahmen_nachbearbeitet,Citybike_Rahmen_nachbearbeitet,28
1637,94,2,Mountainbike_Steuerrohr_ausgerieben,Mountainbike_Steuerrohr_ausgerieben,12
1637,95,1,Racebike_Bremsaufnahme_gebohrt,Racebike_Bremsaufnahme_gebohrt,15
1637,96,1,Racebike_Rahmen_nachbearbeitet,Racebike_Rahmen_nachbearbeitet,20
1637,97,2,Racebike_Antrieb_installiert,Racebike_Antrieb_installiert,16
1637,98,0,Mountainbike_Steuerrohr_montiert,Mountainbike_Steuerrohr_montiert,38
1637,99,1,Racebike_Schaltauge_bearbeitet,Racebike_Schaltauge_bearbeitet,20
1637,100,0,E-Bike_Rahmen_nachbearbeitet,E-Bike_Rahmen_nachbearbeitet,55
1637,101,2,Citybike_Schaltauge_bearbeitet,Citybike_Schaltauge_bearbeitet,18
1637,102,2,E-Bike_Schaltauge_bearbeitet,E-Bike_Schaltauge_bearbeitet,24
1637,103,2,E-Bike_Steuerrohr_montiert,E-Bike_Steuerrohr_montiert,15
1637,104,2,Racebike_Rahmen_komplettiert,Racebike_Rahmen_komplettiert,25
1637,105,1,E-Bike_Rahmen_lackiert,E-Bike_Rahmen_lackiert,28
1637,106,1,E-Bike_Hinterbau_vorbereitet,E-Bike_Hinterbau_vorbereitet,20
1637,107,0,Citybike_Fahrrad_endmontiert,Citybike_Fahrrad_endmontiert,54
1637,108,2,E-Bike_Rahmen_komplettiert,E-Bike_Rahmen_komplettiert,25
1637,109,0,Mountainbike_Steuerrohr_montiert,Mountainbike_Steuerrohr_montiert,40
1637,110,0,Citybike_Rahmen_komplettiert,Citybike_Rahmen_komplettiert,39
1637,111,0,E-Bike_Antrieb_installiert,E-Bike_Antrieb_installiert,43
1637,112,1,Racebike_Steuerrohr_ausgerieben,Racebike_Steuerrohr_ausgerieben,26
1637,113,2,Racebike_Hauptrahmen_zugeschnitten,Racebike_Hauptrahmen_zugeschnitten,25
1637,114,2,E-Bike_Rahmen_nachbearbeitet,E-Bike_Rahmen_nachbearbeitet,25
1637,115,0,Racebike_Steuerrohr_montiert,Racebike_Steuerrohr_montiert,47
1637,116,0,Racebike_Bremsen_justiert,Racebike_Bremsen_justiert,40
1637,117,0,Racebike_Hauptrahmen_zugeschnitten,Racebike_Hauptrahmen_zugeschnitten,40
1637,118,1,Racebike_Laufraeder_montiert,Racebike_Laufraeder_montiert,20
1637,119,2,Racebike_Rahmen_komplettiert,Racebike_Rahmen_komplettiert,25
1637,120,0,Racebike_Bremsen_justiert,Racebike_Bremsen_justiert,40
1637,121,1,Racebike_Rahmen_lackiert,Racebike_Rahmen_lackiert,20
1637,122,0,Racebike_Tretlager_gefraest,Racebike_Tretlager_gefraest,40
1637,123,1,Racebike_Steuerrohr_ausgerieben,Racebike_Steuerrohr_ausgerieben,20
1638,2,0,Mountainbike_Schaltauge_bearbeitet,Mountainbike_Schaltauge_bearbeitet,53
1638,4,1,Racebike_Bremsaufnahme_gebohrt,Racebike_Bremsaufnahme_gebohrt,20
1638,5,1,E-Bike_Laufraeder_montiert,E-Bike_Laufraeder_montiert,28
1638,6,1,Mountainbike_Rahmen_komplettiert,Mountainbike_Rahmen_komplettiert,26
1638,8,1,Mountainbike_Fahrrad_endmontiert,Mountainbike_Fahrrad_endmontiert,20
1638,9,0,Mountainbike_Rahmen_nachbearbeitet,Mountainbike_Rahmen_nachbearbeitet,40
1638,10,1,Citybike_Hinterbau_vorbereitet,Citybike_Hinterbau_vorbereitet,15
1638,11,2,Racebike_Antrieb_installiert,Racebike_Antrieb_installiert,16
1638,12,2,E-Bike_Rahmen_komplettiert,E-Bike_Rahmen_komplettiert,25
1638,13,1,Racebike_Fahrrad_endmontiert,Racebike_Fahrrad_endmontiert,15
1638,14,2,Racebike_Rahmen_nachbearbeitet,Racebike_Rahmen_nachbearbeitet,25
1638,15,0,Racebike_Fahrrad_endmontiert,Racebike_Fahrrad_endmontiert,35
1638,16,1,E-Bike_Schaltauge_bearbeitet,E-Bike_Schaltauge_bearbeitet,28
1638,17,2,E-Bike_Rahmen_komplettiert,E-Bike_Rahmen_komplettiert,25
1638,18,0,E-Bike_Steuerrohr_ausgerieben,E-Bike_Steuerrohr_ausgerieben,47
1638,19,1,Mountainbike_Antrieb_installiert,Mountainbike_Antrieb_installiert,26
1638,20,1,Mountainbike_Tretlager_gefraest,Mountainbike_Tretlager_gefraest,20
1638,21,0,Racebike_Hinterbau_vorbereitet,Racebike_Hinterbau_vorbereitet,47
1638,22,1,Mountainbike_Fahrrad_endmontiert,Mountainbike_Fahrrad_endmontiert,20
1638,23,2,Mountainbike_Tretlageraufnahme_geschweisst,Mountainbike_Tretlageraufnahme_geschweisst,24
1638,24,0,Racebike_Antrieb_installiert,Racebike_Antrieb_installiert,40
1638,25,1,E-Bike_Hauptrahmen_zugeschnitten,E-Bike_Hauptrahmen_zugeschnitten,28
1638,26,0,Citybike_Rahmen_nachbearbeitet,Citybike_Rahmen_nachbearbeitet,43
1638,27,1,E-Bike_Hinterbau_vorbereitet,E-Bike_Hinterbau_vorbereitet,20
1638,28,1,Mountainbike_Bremsaufnahme_gebohrt,Mountainbike_Bremsaufnahme_gebohrt,26
1638,29,2,E-Bike_Tretlageraufnahme_geschweisst,E-Bike_Tretlageraufnahme_geschweisst,24
1638,30,1,Mountainbike_Steuerrohr_montiert,Mountainbike_Steuerrohr_montiert,20
1638,31,1,Mountainbike_Rahmen_lackiert,Mountainbike_Rahmen_lackiert,20
1638,32,0,E-Bike_Bremsaufnahme_gebohrt,E-Bike_Bremsaufnahme_gebohrt,43
1638,33,0,E-Bike_Hinterbau_vorbereitet,E-Bike_Hinterbau_vorbereitet,40
1638,34,1,Racebike_Tretlageraufnahme_geschweisst,Racebike_Tretlageraufnahme_geschweisst,24
1638,35,0,E-Bike_Rahmen_nachbearbeitet,E-Bike_Rahmen_nachbearbeitet,40
1638,36,2,Mountainbike_Hinterbau_vorbereitet,Mountainbike_Hinterbau_vorbereitet,24
1638,37,0,Mountainbike_Tretlager_gefraest,Mountainbike_Tretlager_gefraest,53
1638,38,2,Mountainbike_Tretlageraufnahme_geschweisst,Mountainbike_Tretlageraufnahme_geschweisst,15
1638,39,2,Mountainbike_Laufraeder_montiert,Mountainbike_Laufraeder_montiert,15
1638,40,2,Mountainbike_Rahmen_lackiert,Mountainbike_Rahmen_lackiert,15
1638,41,0,Mountainbike_Hauptrahmen_zugeschnitten,Mountainbike_Hauptrahmen_zugeschnitten,40
1638,42,1,E-Bike_Hinterbau_vorbereitet,E-Bike_Hinterbau_vorbereitet,28
1638,43,1,E-Bike_Tretlageraufnahme_geschweisst,E-Bike_Tretlageraufnahme_geschweisst,20
1638,44,1,Mountainbike_Rahmen_nachbearbeitet,Mountainbike_Rahmen_nachbearbeitet,26
1638,45,2,Mountainbike_Laufraeder_montiert,Mountainbike_Laufraeder_montiert,15
1638,46,1,Racebike_Bremsaufnahme_gebohrt,Racebike_Bremsaufnahme_gebohrt,24
1638,47,0,E-Bike_Tretlager_gefraest,E-Bike_Tretlager_gefraest,55
1638,48,2,E-Bike_Bremsaufnahme_gebohrt,E-Bike_Bremsaufnahme_gebohrt,24
1638,49,1,E-Bike_Tretlager_gefraest,E-Bike_Tretlager_gefraest,28
1638,50,0,Mountainbike_Hinterbau_vorbereitet,Mountainbike_Hinterbau_vorbereitet,53
1638,51,1,E-Bike_Bremsen_justiert,E-Bike_Bremsen_justiert,20
1638,52,2,Mountainbike_Tretlageraufnahme_geschweisst,Mountainbike_Tretlageraufnahme_geschweisst,24
1638,53,0,Racebike_Rahmen_lackiert,Racebike_Rahmen_lackiert,35
1638,54,0,Mountainbike_Tretlager_gefraest,Mountainbike_Tretlager_gefraest,38
1638,55,2,Mountainbike_Antrieb_installiert,Mountainbike_Antrieb_installiert,15
1638,56,1,Citybike_Tretlager_gefraest,Citybike_Tretlager_gefraest,28
1638,57,2,Mountainbike_Bremsen_justiert,Mountainbike_Bremsen_justiert,15
1638,58,0,Racebike_Rahmen_komplettiert,Racebike_Rahmen_komplettiert,35
1638,59,0,Mountainbike_Steuerrohr_montiert,Mountainbike_Steuerrohr_montiert,38
1638,60,2,Mountainbike_Steuerrohr_ausgerieben,Mountainbike_Steuerrohr_ausgerieben,15
1638,61,0,E-Bike_Bremsen_justiert,E-Bike_Bremsen_justiert,55
1638,62,1,Racebike_Rahmen_nachbearbeitet,Racebike_Rahmen_nachbearbeitet,15
1638,63,0,Mountainbike_Rahmen_lackiert,Mountainbike_Rahmen_lackiert,53
1638,64,0,Racebike_Rahmen_komplettiert,Racebike_Rahmen_komplettiert,35
1638,65,2,Racebike_Rahmen_komplettiert,Racebike_Rahmen_komplettiert,16
1638,66,2,Citybike_Hauptrahmen_zugeschnitten,Citybike_Hauptrahmen_zugeschnitten,18
1638,67,1,Citybike_Bremsen_justiert,Citybike_Bremsen_justiert,25
1638,68,2,Racebike_Hinterbau_vorbereitet,Racebike_Hinterbau_vorbereitet,10
1638,69,1,Racebike_Steuerrohr_ausgerieben,Racebike_Steuerrohr_ausgerieben,15
1638,70,0,Mountainbike_Tretlageraufnahme_geschweisst,Mountainbike_Tretlageraufnahme_geschweisst,38
1638,71,0,E-Bike_Rahmen_nachbearbeitet,E-Bike_Rahmen_nachbearbeitet,55
1638,72,0,Citybike_Hinterbau_vorbereitet,Citybike_Hinterbau_vorbereitet,54
1638,73,0,Citybike_Rahmen_lackiert,Citybike_Rahmen_lackiert,40
1638,74,1,Mountainbike_Fahrrad_endmontiert,Mountainbike_Fahrrad_endmontiert,25
1638,75,0,Racebike_Rahmen_lackiert,Racebike_Rahmen_lackiert,42
1638,76,2,Mountainbike_Rahmen_nachbearbeitet,Mountainbike_Rahmen_nachbearbeitet,13
1638,77,0,Citybike_Hauptrahmen_zugeschnitten,Citybike_Hauptrahmen_zugeschnitten,43
1638,78,0,E-Bike_Fahrrad_endmontiert,E-Bike_Fahrrad_endmontiert,43
1638,79,0,Mountainbike_Bremsaufnahme_gebohrt,Mountainbike_Bremsaufnahme_gebohrt,53
1638,80,1,E-Bike_Hinterbau_vorbereitet,E-Bike_Hinterbau_vorbereitet,28
1638,81,2,Citybike_Steuerrohr_montiert,Citybike_Steuerrohr_montiert,18
1638,82,1,Citybike_Fahrrad_endmontiert,Citybike_Fahrrad_endmontiert,28
1638,83,0,Racebike_Hauptrahmen_zugeschnitten,Racebike_Hauptrahmen_zugeschnitten,35
1638,84,1,Racebike_Hauptrahmen_zugeschnitten,Racebike_Hauptrahmen_zugeschnitten,15
1638,85,1,Citybike_Bremsen_justiert,Citybike_Bremsen_justiert,25
1638,86,1,Citybike_Antrieb_installiert,Citybike_Antrieb_installiert,20
1638,87,1,Mountainbike_Bremsaufnahme_gebohrt,Mountainbike_Bremsaufnahme_gebohrt,20
1638,88,1,E-Bike_Hinterbau_vorbereitet,E-Bike_Hinterbau_vorbereitet,28
1638,89,1,Racebike_Tretlager_gefraest,Racebike_Tretlager_gefraest,26
1638,90,2,Racebike_Hauptrahmen_zugeschnitten,Racebike_Hauptrahmen_zugeschnitten,10
1638,91,1,Racebike_Tretlageraufnahme_geschweisst,Racebike_Tretlageraufnahme_geschweisst,20
1638,92,0,E-Bike_Antrieb_installiert,E-Bike_Antrieb_installiert,47
1638,93,1,E-Bike_Hauptrahmen_zugeschnitten,E-Bike_Hauptrahmen_zugeschnitten,28
1638,94,0,Mountainbike_Hinterbau_vorbereitet,Mountainbike_Hinterbau_vorbereitet,53
1638,95,2,Citybike_Schaltauge_bearbeitet,Citybike_Schaltauge_bearbeitet,18
1638,96,1,Racebike_Rahmen_nachbearbeitet,Racebike_Rahmen_nachbearbeitet,26
1638,97,2,E-Bike_Steuerrohr_montiert,E-Bike_Steuerrohr_montiert,24
1638,98,1,E-Bike_Rahmen_lackiert,E-Bike_Rahmen_lackiert,28
1638,99,1,Mountainbike_Rahmen_lackiert,Mountainbike_Rahmen_lackiert,26
1638,100,2,Citybike_Tretlageraufnahme_geschweisst,Citybike_Tretlageraufnahme_geschweisst,15
1638,101,0,Mountainbike_Hauptrahmen_zugeschnitten,Mountainbike_Hauptrahmen_zugeschnitten,40
1638,102,1,Citybike_Rahmen_lackiert,Citybike_Rahmen_lackiert,15
1638,103,1,Racebike_Laufraeder_montiert,Racebike_Laufraeder_montiert,15
1638,104,0,Mountainbike_Steuerrohr_montiert,Mountainbike_Steuerrohr_montiert,40
1638,105,0,Citybike_Fahrrad_endmontiert,Citybike_Fahrrad_endmontiert,39
1638,106,2,Racebike_Rahmen_komplettiert,Racebike_Rahmen_komplettiert,10
1638,107,0,Citybike_Rahmen_komplettiert,Citybike_Rahmen_komplettiert,40
1638,108,2,Racebike_Antrieb_installiert,Racebike_Antrieb_installiert,15
1638,109,1,Mountainbike_Steuerrohr_ausgerieben,Mountainbike_Steuerrohr_ausgerieben,25
1638,110,0,Racebike_Steuerrohr_montiert,Racebike_Steuerrohr_montiert,42
1638,111,0,Racebike_Bremsen_justiert,Racebike_Bremsen_justiert,40
1638,112,1,Racebike_Schaltauge_bearbeitet,Racebike_Schaltauge_bearbeitet,24
1638,113,1,Citybike_Rahmen_nachbearbeitet,Citybike_Rahmen_nachbearbeitet,25
1638,114,1,Racebike_Rahmen_lackiert,Racebike_Rahmen_lackiert,15
1638,115,2,E-Bike_Rahmen_komplettiert,E-Bike_Rahmen_komplettiert,25
1638,116,0,Racebike_Tretlager_gefraest,Racebike_Tretlager_gefraest,40
1638,117,1,Mountainbike_Rahmen_komplettiert,Mountainbike_Rahmen_komplettiert,25
1638,118,0,Racebike_Bremsen_justiert,Racebike_Bremsen_justiert,40
1638,119,2,E-Bike_Schaltauge_bearbeitet,E-Bike_Schaltauge_bearbeitet,15
1638,120,1,Racebike_Steuerrohr_ausgerieben,Racebike_Steuerrohr_ausgerieben,24
1638,121,1,Mountainbike_Hauptrahmen_zugeschnitten,Mountainbike_Hauptrahmen_zugeschnitten,25
1638,122,1,Mountainbike_Steuerrohr_montiert,Mountainbike_Steuerrohr_montiert,20
1638,123,2,E-Bike_Rahmen_nachbearbeitet,E-Bike_Rahmen_nachbearbeitet,15
1639,2,1,Racebike_Fahrrad_endmontiert,Racebike_Fahrrad_endmontiert,24
1639,4,1,Racebike_Bremsaufnahme_gebohrt,Racebike_Bremsaufnahme_gebohrt,20
1639,6,1,Citybike_Tretlager_gefraest,Citybike_Tretlager_gefraest,25
1639,7,2,Mountainbike_Hinterbau_vorbereitet,Mountainbike_Hinterbau_vorbereitet,15
1639,8,0,Racebike_Hinterbau_vorbereitet,Racebike_Hinterbau_vorbereitet,47
1639,9,0,Citybike_Hinterbau_vorbereitet,Citybike_Hinterbau_vorbereitet,43
1639,10,2,Mountainbike_Laufraeder_montiert,Mountainbike_Laufraeder_montiert,15
1639,11,1,Mountainbike_Fahrrad_endmontiert,Mountainbike_Fahrrad_endmontiert,20
1639,12,1,Citybike_Hinterbau_vorbereitet,Citybike_Hinterbau_vorbereitet,15
1639,13,1,Mountainbike_Rahmen_komplettiert,Mountainbike_Rahmen_komplettiert,20
1639,14,2,E-Bike_Rahmen_komplettiert,E-Bike_Rahmen_komplettiert,24
1639,15,0,E-Bike_Steuerrohr_ausgerieben,E-Bike_Steuerrohr_ausgerieben,43
1639,16,0,Mountainbike_Hauptrahmen_zugeschnitten,Mountainbike_Hauptrahmen_zugeschnitten,53
1639,17,1,Racebike_Hinterbau_vorbereitet,Racebike_Hinterbau_vorbereitet,24
1639,18,1,Citybike_Bremsen_justiert,Citybike_Bremsen_justiert,25
1639,19,1,E-Bike_Schaltauge_bearbeitet,E-Bike_Schaltauge_bearbeitet,27
1639,20,1,E-Bike_Hinterbau_vorbereitet,E-Bike_Hinterbau_vorbereitet,20
1639,21,2,E-Bike_Rahmen_komplettiert,E-Bike_Rahmen_komplettiert,10
1639,22,2,Mountainbike_Rahmen_lackiert,Mountainbike_Rahmen_lackiert,24
1639,23,2,E-Bike_Tretlageraufnahme_geschweisst,E-Bike_Tretlageraufnahme_geschweisst,24
1639,24,0,E-Bike_Rahmen_nachbearbeitet,E-Bike_Rahmen_nachbearbeitet,55
1639,25,0,Citybike_Rahmen_nachbearbeitet,Citybike_Rahmen_nachbearbeitet,54
1639,26,0,E-Bike_Tretlager_gefraest,E-Bike_Tretlager_gefraest,43
1639,27,2,Racebike_Rahmen_nachbearbeitet,Racebike_Rahmen_nachbearbeitet,25
1639,28,2,Citybike_Hauptrahmen_zugeschnitten,Citybike_Hauptrahmen_zugeschnitten,18
1639,29,1,E-Bike_Tretlageraufnahme_geschweisst,E-Bike_Tretlageraufnahme_geschweisst,20
1639,30,0,Mountainbike_Rahmen_nachbearbeitet,Mountainbike_Rahmen_nachbearbeitet,53
1639,31,0,Racebike_Fahrrad_endmontiert,Racebike_Fahrrad_endmontiert,35
1639,32,1,Racebike_Bremsaufnahme_gebohrt,Racebike_Bremsaufnahme_gebohrt,26
1639,33,1,E-Bike_Tretlager_gefraest,E-Bike_Tretlager_gefraest,28
1639,34,0,E-Bike_Bremsaufnahme_gebohrt,E-Bike_Bremsaufnahme_gebohrt,47
1639,35,0,Racebike_Hauptrahmen_zugeschnitten,Racebike_Hauptrahmen_zugeschnitten,47
1639,36,0,E-Bike_Fahrrad_endmontiert,E-Bike_Fahrrad_endmontiert,47
1639,37,0,Citybike_Hauptrahmen_zugeschnitten,Citybike_Hauptrahmen_zugeschnitten,54
1639,38,1,Citybike_Bremsen_justiert,Citybike_Bremsen_justiert,28
1639,39,1,E-Bike_Bremsen_justiert,E-Bike_Bremsen_justiert,27
1639,40,0,Citybike_Rahmen_lackiert,Citybike_Rahmen_lackiert,40
1639,41,2,E-Bike_Bremsaufnahme_gebohrt,E-Bike_Bremsaufnahme_gebohrt,24
1639,42,2,Mountainbike_Tretlageraufnahme_geschweisst,Mountainbike_Tretlageraufnahme_geschweisst,24
1639,43,0,Racebike_Antrieb_installiert,Racebike_Antrieb_installiert,42
1639,44,1,Racebike_Tretlageraufnahme_geschweisst,Racebike_Tretlageraufnahme_geschweisst,26
1639,45,0,Racebike_Rahmen_komplettiert,Racebike_Rahmen_komplettiert,40
1639,46,2,Citybike_Schaltauge_bearbeitet,Citybike_Schaltauge_bearbeitet,18
1639,47,2,Mountainbike_Tretlageraufnahme_geschweisst,Mountainbike_Tretlageraufnahme_geschweisst,12
1639,48,1,Mountainbike_Rahmen_lackiert,Mountainbike_Rahmen_lackiert,25
1639,49,0,Mountainbike_Tretlager_gefraest,Mountainbike_Tretlager_gefraest,38
1639,50,1,E-Bike_Laufraeder_montiert,E-Bike_Laufraeder_montiert,28
1639,51,1,Citybike_Antrieb_installiert,Citybike_Antrieb_installiert,28
1639,52,1,E-Bike_Hinterbau_vorbereitet,E-Bike_Hinterbau_vorbereitet,27
1639,53,2,Mountainbike_Laufraeder_montiert,Mountainbike_Laufraeder_montiert,15
1639,54,2,Racebike_Antrieb_installiert,Racebike_Antrieb_installiert,16
1639,55,2,Citybike_Steuerrohr_montiert,Citybike_Steuerrohr_montiert,18
1639,56,1,E-Bike_Hauptrahmen_zugeschnitten,E-Bike_Hauptrahmen_zugeschnitten,20
1639,57,1,E-Bike_Hinterbau_vorbereitet,E-Bike_Hinterbau_vorbereitet,20
1639,58,2,Citybike_Tretlageraufnahme_geschweisst,Citybike_Tretlageraufnahme_geschweisst,15
1639,59,0,Citybike_Fahrrad_endmontiert,Citybike_Fahrrad_endmontiert,39
1639,60,1,Racebike_Laufraeder_montiert,Racebike_Laufraeder_montiert,26
1639,61,2,Mountainbike_Antrieb_installiert,Mountainbike_Antrieb_installiert,12
1639,62,0,E-Bike_Antrieb_installiert,E-Bike_Antrieb_installiert,43
1639,63,0,E-Bike_Hinterbau_vorbereitet,E-Bike_Hinterbau_vorbereitet,40
1639,64,0,Mountainbike_Tretlager_gefraest,Mountainbike_Tretlager_gefraest,53
1639,65,0,Mountainbike_Rahmen_lackiert,Mountainbike_Rahmen_lackiert,40
1639,66,1,Mountainbike_Steuerrohr_montiert,Mountainbike_Steuerrohr_montiert,25
1639,67,0,Mountainbike_Schaltauge_bearbeitet,Mountainbike_Schaltauge_bearbeitet,40
1639,68,0,Racebike_Rahmen_lackiert,Racebike_Rahmen_lackiert,35
1639,69,1,E-Bike_Hinterbau_vorbereitet,E-Bike_Hinterbau_vorbereitet,28
1639,70,1,Mountainbike_Antrieb_installiert,Mountainbike_Antrieb_installiert,26
1639,71,1,Citybike_Rahmen_lackiert,Citybike_Rahmen_lackiert,15
1639,72,2,Mountainbike_Rahmen_nachbearbeitet,Mountainbike_Rahmen_nachbearbeitet,15
1639,73,1,Racebike_Rahmen_nachbearbeitet,Racebike_Rahmen_nachbearbeitet,15
1639,74,0,Mountainbike_Steuerrohr_montiert,Mountainbike_Steuerrohr_montiert,38
1639,75,0,Mountainbike_Tretlageraufnahme_geschweisst,Mountainbike_Tretlageraufnahme_geschweisst,40
1639,76,2,Racebike_Rahmen_komplettiert,Racebike_Rahmen_komplettiert,16
1639,77,0,Mountainbike_Hauptrahmen_zugeschnitten,Mountainbike_Hauptrahmen_zugeschnitten,40
1639,78,1,Citybike_Rahmen_nachbearbeitet,Citybike_Rahmen_nachbearbeitet,25
1639,79,1,Citybike_Fahrrad_endmontiert,Citybike_Fahrrad_endmontiert,20
1639,80,2,Racebike_Hinterbau_vorbereitet,Racebike_Hinterbau_vorbereitet,15
1639,81,0,E-Bike_Rahmen_nachbearbeitet,E-Bike_Rahmen_nachbearbeitet,55
1639,82,0,Racebike_Rahmen_lackiert,Racebike_Rahmen_lackiert,47
1639,83,0,Racebike_Rahmen_komplettiert,Racebike_Rahmen_komplettiert,40
1639,84,1,Mountainbike_Fahrrad_endmontiert,Mountainbike_Fahrrad_endmontiert,20
1639,85,1,Racebike_Steuerrohr_ausgerieben,Racebike_Steuerrohr_ausgerieben,24
1639,86,2,Racebike_Rahmen_komplettiert,Racebike_Rahmen_komplettiert,15
1639,87,2,Mountainbike_Tretlageraufnahme_geschweisst,Mountainbike_Tretlageraufnahme_geschweisst,13
1639,88,1,Mountainbike_Bremsaufnahme_gebohrt,Mountainbike_Bremsaufnahme_gebohrt,25
1639,89,0,Mountainbike_Hinterbau_vorbereitet,Mountainbike_Hinterbau_vorbereitet,38
1639,90,1,Racebike_Hauptrahmen_zugeschnitten,Racebike_Hauptrahmen_zugeschnitten,24
1639,91,0,Citybike_Rahmen_komplettiert,Citybike_Rahmen_komplettiert,39
1639,92,1,Racebike_Tretlager_gefraest,Racebike_Tretlager_gefraest,20
1639,93,1,Mountainbike_Fahrrad_endmontiert,Mountainbike_Fahrrad_endmontiert,25
1639,94,1,Racebike_Tretlageraufnahme_geschweisst,Racebike_Tretlageraufnahme_geschweisst,24
1639,95,0,Mountainbike_Hinterbau_vorbereitet,Mountainbike_Hinterbau_vorbereitet,40
1639,96,2,Mountainbike_Bremsen_justiert,Mountainbike_Bremsen_justiert,15
1639,97,2,Racebike_Hauptrahmen_zugeschnitten,Racebike_Hauptrahmen_zugeschnitten,16
1639,98,1,Mountainbike_Bremsaufnahme_gebohrt,Mountainbike_Bremsaufnahme_gebohrt,25
1639,99,0,Racebike_Steuerrohr_montiert,Racebike_Steuerrohr_montiert,35
1639,100,0,Racebike_Bremsen_justiert,Racebike_Bremsen_justiert,40
1639,101,0,Mountainbike_Bremsaufnahme_gebohrt,Mountainbike_Bremsaufnahme_gebohrt,38
1639,102,1,Mountainbike_Rahmen_nachbearbeitet,Mountainbike_Rahmen_nachbearbeitet,20
1639,103,2,E-Bike_Steuerrohr_montiert,E-Bike_Steuerrohr_montiert,25
1639,104,1,Racebike_Rahmen_nachbearbeitet,Racebike_Rahmen_nachbearbeitet,24
1639,105,0,E-Bike_Bremsen_justiert,E-Bike_Bremsen_justiert,55
1639,106,2,Racebike_Antrieb_installiert,Racebike_Antrieb_installiert,25
1639,107,1,Mountainbike_Rahmen_komplettiert,Mountainbike_Rahmen_komplettiert,25
1639,108,1,E-Bike_Rahmen_lackiert,E-Bike_Rahmen_lackiert,28
1639,109,1,Mountainbike_Rahmen_lackiert,Mountainbike_Rahmen_lackiert,26
1639,110,2,E-Bike_Rahmen_komplettiert,E-Bike_Rahmen_komplettiert,25
1639,111,1,Racebike_Schaltauge_bearbeitet,Racebike_Schaltauge_bearbeitet,24
1639,112,0,Mountainbike_Steuerrohr_montiert,Mountainbike_Steuerrohr_montiert,53
1639,113,1,E-Bike_Hauptrahmen_zugeschnitten,E-Bike_Hauptrahmen_zugeschnitten,28
1639,114,0,Racebike_Bremsen_justiert,Racebike_Bremsen_justiert,35
1639,115,2,Mountainbike_Steuerrohr_ausgerieben,Mountainbike_Steuerrohr_ausgerieben,24
1639,116,1,Mountainbike_Steuerrohr_ausgerieben,Mountainbike_Steuerrohr_ausgerieben,26
1639,117,1,Mountainbike_Hauptrahmen_zugeschnitten,Mountainbike_Hauptrahmen_zugeschnitten,20
1639,118,1,Racebike_Rahmen_lackiert,Racebike_Rahmen_lackiert,24
1639,119,1,Mountainbike_Steuerrohr_montiert,Mountainbike_Steuerrohr_montiert,25
1639,120,2,E-Bike_Schaltauge_bearbeitet,E-Bike_Schaltauge_bearbeitet,24
1639,121,2,E-Bike_Rahmen_nachbearbeitet,E-Bike_Rahmen_nachbearbeitet,15
1639,122,0,Racebike_Tretlager_gefraest,Racebike_Tretlager_gefraest,40
1639,123,1,Racebike_Steuerrohr_ausgerieben,Racebike_Steuerrohr_ausgerieben,24
1640,3,1,Racebike_Hinterbau_vorbereitet,Racebike_Hinterbau_vorbereitet,20
1640,4,1,Mountainbike_Tretlager_gefraest,Mountainbike_Tretlager_gefraest,25
1640,5,1,E-Bike_Schaltauge_bearbeitet,E-Bike_Schaltauge_bearbeitet,28
1640,6,1,Mountainbike_Fahrrad_endmontiert,Mountainbike_Fahrrad_endmontiert,26
1640,7,0,Racebike_Hauptrahmen_zugeschnitten,Racebike_Hauptrahmen_zugeschnitten,47
1640,9,1,Citybike_Hinterbau_vorbereitet,Citybike_Hinterbau_vorbereitet,15
1640,10,2,Mountainbike_Bremsen_justiert,Mountainbike_Bremsen_justiert,24
1640,11,1,Mountainbike_Steuerrohr_montiert,Mountainbike_Steuerrohr_montiert,20
1640,12,0,E-Bike_Bremsaufnahme_gebohrt,E-Bike_Bremsaufnahme_gebohrt,47
1640,13,2,E-Bike_Rahmen_komplettiert,E-Bike_Rahmen_komplettiert,24
1640,14,2,Racebike_Rahmen_nachbearbeitet,Racebike_Rahmen_nachbearbeitet,25
1640,15,2,Racebike_Antrieb_installiert,Racebike_Antrieb_installiert,15
1640,16,2,Mountainbike_Rahmen_lackiert,Mountainbike_Rahmen_lackiert,13
1640,17,1,Racebike_Fahrrad_endmontiert,Racebike_Fahrrad_endmontiert,24
1640,18,0,Racebike_Antrieb_installiert,Racebike_Antrieb_installiert,47
1640,19,1,E-Bike_Tretlageraufnahme_geschweisst,E-Bike_Tretlageraufnahme_geschweisst,28
1640,20,0,Citybike_Hinterbau_vorbereitet,Citybike_Hinterbau_vorbereitet,43
1640,21,1,E-Bike_Tretlager_gefraest,E-Bike_Tretlager_gefraest,20
1640,22,1,E-Bike_Laufraeder_montiert,E-Bike_Laufraeder_montiert,20
1640,23,1,E-Bike_Hauptrahmen_zugeschnitten,E-Bike_Hauptrahmen_zugeschnitten,20
1640,24,0,Citybike_Rahmen_nachbearbeitet,Citybike_Rahmen_nachbearbeitet,40
1640,25,1,Citybike_Bremsen_justiert,Citybike_Bremsen_justiert,28
1640,26,1,Mountainbike_Rahmen_komplettiert,Mountainbike_Rahmen_komplettiert,20
1640,27,0,Mountainbike_Schaltauge_bearbeitet,Mountainbike_Schaltauge_bearbeitet,40
1640,28,0,Mountainbike_Tretlager_gefraest,Mountainbike_Tretlager_gefraest,40
1640,29,2,Mountainbike_Rahmen_nachbearbeitet,Mountainbike_Rahmen_nachbearbeitet,15
1640,30,1,Racebike_Tretlageraufnahme_geschweisst,Racebike_Tretlageraufnahme_geschweisst,24
1640,31,0,Racebike_Fahrrad_endmontiert,Racebike_Fahrrad_endmontiert,35
1640,32,0,E-Bike_Fahrrad_endmontiert,E-Bike_Fahrrad_endmontiert,47
1640,33,2,Citybike_Hauptrahmen_zugeschnitten,Citybike_Hauptrahmen_zugeschnitten,18
1640,34,1,Citybike_Tretlager_gefraest,Citybike_Tretlager_gefraest,25
1640,35,1,E-Bike_Bremsen_justiert,E-Bike_Bremsen_justiert,27
1640,36,0,Mountainbike_Rahmen_nachbearbeitet,Mountainbike_Rahmen_nachbearbeitet,53
1640,37,1,E-Bike_Hinterbau_vorbereitet,E-Bike_Hinterbau_vorbereitet,20
1640,38,1,Racebike_Rahmen_nachbearbeitet,Racebike_Rahmen_nachbearbeitet,26
1640,39,2,Mountainbike_Tretlageraufnahme_geschweisst,Mountainbike_Tretlageraufnahme_geschweisst,12
1640,40,0,Racebike_Rahmen_lackiert,Racebike_Rahmen_lackiert,35
1640,41,0,Mountainbike_Tretlageraufnahme_geschweisst,Mountainbike_Tretlageraufnahme_geschweisst,38
1640,42,2,Mountainbike_Hinterbau_vorbereitet,Mountainbike_Hinterbau_vorbereitet,15
1640,43,1,Mountainbike_Antrieb_installiert,Mountainbike_Antrieb_installiert,25
1640,44,0,Mountainbike_Hinterbau_vorbereitet,Mountainbike_Hinterbau_vorbereitet,40
1640,45,0,Racebike_Rahmen_komplettiert,Racebike_Rahmen_komplettiert,35
1640,46,0,Racebike_Rahmen_komplettiert,Racebike_Rahmen_komplettiert,25
1640,47,2,E-Bike_Rahmen_komplettiert,E-Bike_Rahmen_komplettiert,24
1640,48,1,E-Bike_Hinterbau_vorbereitet,E-Bike_Hinterbau_vorbereitet,28
1640,49,0,Mountainbike_Hauptrahmen_zugeschnitten,Mountainbike_Hauptrahmen_zugeschnitten,38
1640,50,2,Mountainbike_Bremsen_justiert,Mountainbike_Bremsen_justiert,24
1640,51,1,Mountainbike_Steuerrohr_ausgerieben,Mountainbike_Steuerrohr_ausgerieben,26
1640,52,2,Mountainbike_Tretlageraufnahme_geschweisst,Mountainbike_Tretlageraufnahme_geschweisst,15
1640,53,2,Racebike_Hinterbau_vorbereitet,Racebike_Hinterbau_vorbereitet,16
1640,54,1,E-Bike_Hinterbau_vorbereitet,E-Bike_Hinterbau_vorbereitet,28
1640,55,1,Citybike_Bremsen_justiert,Citybike_Bremsen_justiert,28
1640,56,2,Mountainbike_Laufraeder_montiert,Mountainbike_Laufraeder_montiert,13
1640,57,0,Mountainbike_Hauptrahmen_zugeschnitten,Mountainbike_Hauptrahmen_zugeschnitten,25
1640,58,1,Mountainbike_Rahmen_lackiert,Mountainbike_Rahmen_lackiert,20
1640,59,0,E-Bike_Hinterbau_vorbereitet,E-Bike_Hinterbau_vorbereitet,55
1640,60,2,Mountainbike_Tretlageraufnahme_geschweisst,Mountainbike_Tretlageraufnahme_geschweisst,15
1640,61,0,E-Bike_Steuerrohr_ausgerieben,E-Bike_Steuerrohr_ausgerieben,40
1640,62,0,Citybike_Rahmen_lackiert,Citybike_Rahmen_lackiert,54
1640,63,1,Mountainbike_Fahrrad_endmontiert,Mountainbike_Fahrrad_endmontiert,20
1640,64,2,Mountainbike_Steuerrohr_ausgerieben,Mountainbike_Steuerrohr_ausgerieben,15
1640,65,2,Citybike_Schaltauge_bearbeitet,Citybike_Schaltauge_bearbeitet,18
1640,66,0,Racebike_Rahmen_lackiert,Racebike_Rahmen_lackiert,42
1640,67,0,E-Bike_Rahmen_nachbearbeitet,E-Bike_Rahmen_nachbearbeitet,47
1640,68,0,E-Bike_Bremsen_justiert,E-Bike_Bremsen_justiert,40
1640,69,1,Racebike_Hauptrahmen_zugeschnitten,Racebike_Hauptrahmen_zugeschnitten,24
1640,70,1,E-Bike_Hinterbau_vorbereitet,E-Bike_Hinterbau_vorbereitet,28
1640,71,1,Mountainbike_Fahrrad_endmontiert,Mountainbike_Fahrrad_endmontiert,26
1640,72,0,E-Bike_Antrieb_installiert,E-Bike_Antrieb_installiert,40
1640,73,0,Mountainbike_Tretlager_gefraest,Mountainbike_Tretlager_gefraest,53
1640,74,0,Racebike_Hinterbau_vorbereitet,Racebike_Hinterbau_vorbereitet,35
1640,75,1,Citybike_Antrieb_installiert,Citybike_Antrieb_installiert,15
1640,76,0,E-Bike_Rahmen_nachbearbeitet,E-Bike_Rahmen_nachbearbeitet,47
1640,77,2,Citybike_Tretlageraufnahme_geschweisst,Citybike_Tretlageraufnahme_geschweisst,15
1640,78,0,E-Bike_Tretlager_gefraest,E-Bike_Tretlager_gefraest,40
1640,79,1,Racebike_Bremsaufnahme_gebohrt,Racebike_Bremsaufnahme_gebohrt,15
1640,80,0,Citybike_Fahrrad_endmontiert,Citybike_Fahrrad_endmontiert,54
1640,81,1,Citybike_Rahmen_lackiert,Citybike_Rahmen_lackiert,25
1640,82,2,E-Bike_Bremsaufnahme_gebohrt,E-Bike_Bremsaufnahme_gebohrt,24
1640,83,1,Mountainbike_Bremsaufnahme_gebohrt,Mountainbike_Bremsaufnahme_gebohrt,20
1640,84,0,Citybike_Rahmen_komplettiert,Citybike_Rahmen_komplettiert,40
1640,85,1,Mountainbike_Rahmen_nachbearbeitet,Mountainbike_Rahmen_nachbearbeitet,20
1640,86,2,E-Bike_Steuerrohr_montiert,E-Bike_Steuerrohr_montiert,15
1640,87,1,E-Bike_Rahmen_lackiert,E-Bike_Rahmen_lackiert,28
1640,88,0,Citybike_Hauptrahmen_zugeschnitten,Citybike_Hauptrahmen_zugeschnitten,40
1640,89,2,Mountainbike_Laufraeder_montiert,Mountainbike_Laufraeder_montiert,24
1640,90,2,E-Bike_Rahmen_komplettiert,E-Bike_Rahmen_komplettiert,24
1640,91,1,Racebike_Tretlager_gefraest,Racebike_Tretlager_gefraest,26
1640,92,2,Mountainbike_Antrieb_installiert,Mountainbike_Antrieb_installiert,24
1640,93,0,Mountainbike_Rahmen_lackiert,Mountainbike_Rahmen_lackiert,40
1640,94,2,Racebike_Rahmen_komplettiert,Racebike_Rahmen_komplettiert,16
1640,95,1,Racebike_Laufraeder_montiert,Racebike_Laufraeder_montiert,20
1640,96,0,Mountainbike_Bremsaufnahme_gebohrt,Mountainbike_Bremsaufnahme_gebohrt,40
1640,97,1,Mountainbike_Rahmen_komplettiert,Mountainbike_Rahmen_komplettiert,25
1640,98,2,Citybike_Steuerrohr_montiert,Citybike_Steuerrohr_montiert,18
1640,99,1,Racebike_Tretlageraufnahme_geschweisst,Racebike_Tretlageraufnahme_geschweisst,24
1640,100,1,Racebike_Steuerrohr_ausgerieben,Racebike_Steuerrohr_ausgerieben,20
1640,101,1,Citybike_Fahrrad_endmontiert,Citybike_Fahrrad_endmontiert,25
1640,102,0,Mountainbike_Steuerrohr_montiert,Mountainbike_Steuerrohr_montiert,40
1640,103,1,Racebike_Rahmen_nachbearbeitet,Racebike_Rahmen_nachbearbeitet,15
1640,104,1,Citybike_Rahmen_nachbearbeitet,Citybike_Rahmen_nachbearbeitet,25
1640,105,2,Racebike_Hauptrahmen_zugeschnitten,Racebike_Hauptrahmen_zugeschnitten,10
1640,106,0,Racebike_Steuerrohr_montiert,Racebike_Steuerrohr_montiert,35
1640,107,2,Racebike_Antrieb_installiert,Racebike_Antrieb_installiert,15
1640,108,1,Racebike_Schaltauge_bearbeitet,Racebike_Schaltauge_bearbeitet,15
1640,109,0,Racebike_Bremsen_justiert,Racebike_Bremsen_justiert,40
1640,110,1,E-Bike_Hauptrahmen_zugeschnitten,E-Bike_Hauptrahmen_zugeschnitten,28
1640,111,2,E-Bike_Schaltauge_bearbeitet,E-Bike_Schaltauge_bearbeitet,25
1640,112,2,E-Bike_Rahmen_nachbearbeitet,E-Bike_Rahmen_nachbearbeitet,15
1640,113,1,Mountainbike_Bremsaufnahme_gebohrt,Mountainbike_Bremsaufnahme_gebohrt,26
1640,114,1,Mountainbike_Hauptrahmen_zugeschnitten,Mountainbike_Hauptrahmen_zugeschnitten,20
1640,115,1,Mountainbike_Steuerrohr_montiert,Mountainbike_Steuerrohr_montiert,20
1640,116,2,Racebike_Rahmen_komplettiert,Racebike_Rahmen_komplettiert,25
1640,117,0,Mountainbike_Hinterbau_vorbereitet,Mountainbike_Hinterbau_vorbereitet,38
1640,118,0,Racebike_Bremsen_justiert,Racebike_Bremsen_justiert,35
1640,119,1,Racebike_Rahmen_lackiert,Racebike_Rahmen_lackiert,24
1640,120,1,Mountainbike_Rahmen_lackiert,Mountainbike_Rahmen_lackiert,25
1640,121,0,Mountainbike_Steuerrohr_montiert,Mountainbike_Steuerrohr_montiert,38
1640,122,0,Racebike_Tretlager_gefraest,Racebike_Tretlager_gefraest,35
1640,123,1,Racebike_Steuerrohr_ausgerieben,Racebike_Steuerrohr_ausgerieben,24
1641,4,0,Mountainbike_Schaltauge_bearbeitet,Mountainbike_Schaltauge_bearbeitet,38
1641,5,1,Racebike_Bremsaufnahme_gebohrt,Racebike_Bremsaufnahme_gebohrt,26
1641,6,2,Racebike_Rahmen_nachbearbeitet,Racebike_Rahmen_nachbearbeitet,25
1641,7,2,E-Bike_Tretlageraufnahme_geschweisst,E-Bike_Tretlageraufnahme_geschweisst,25
1641,8,0,Citybike_Hinterbau_vorbereitet,Citybike_Hinterbau_vorbereitet,39
1641,9,1,Racebike_Hinterbau_vorbereitet,Racebike_Hinterbau_vorbereitet,20
1641,10,1,Citybike_Hinterbau_vorbereitet,Citybike_Hinterbau_vorbereitet,25
1641,11,1,Racebike_Laufraeder_montiert,Racebike_Laufraeder_montiert,15
1641,12,0,Racebike_Fahrrad_endmontiert,Racebike_Fahrrad_endmontiert,42
1641,13,1,Mountainbike_Tretlager_gefraest,Mountainbike_Tretlager_gefraest,25
1641,14,0,E-Bike_Steuerrohr_ausgerieben,E-Bike_Steuerrohr_ausgerieben,47
1641,15,1,E-Bike_Hinterbau_vorbereitet,E-Bike_Hinterbau_vorbereitet,28
1641,16,1,Mountainbike_Fahrrad_endmontiert,Mountainbike_Fahrrad_endmontiert,26
1641,17,2,Racebike_Rahmen_komplettiert,Racebike_Rahmen_komplettiert,25
1641,18,0,E-Bike_Bremsaufnahme_gebohrt,E-Bike_Bremsaufnahme_gebohrt,40
1641,19,0,Racebike_Rahmen_lackiert,Racebike_Rahmen_lackiert,47
1641,20,2,Racebike_Antrieb_installiert,Racebike_Antrieb_installiert,15
1641,21,0,Racebike_Antrieb_installiert,Racebike_Antrieb_installiert,40
1641,22,2,E-Bike_Rahmen_komplettiert,E-Bike_Rahmen_komplettiert,25
1641,23,0,E-Bike_Rahmen_nachbearbeitet,E-Bike_Rahmen_nachbearbeitet,47
1641,24,1,E-Bike_Tretlageraufnahme_geschweisst,E-Bike_Tretlageraufnahme_geschweisst,28
1641,25,2,Mountainbike_Bremsen_justiert,Mountainbike_Bremsen_justiert,24
1641,26,2,Mountainbike_Hinterbau_vorbereitet,Mountainbike_Hinterbau_vorbereitet,15
1641,27,0,E-Bike_Tretlager_gefraest,E-Bike_Tretlager_gefraest,40
1641,28,0,E-Bike_Tretlager_gefraest,E-Bike_Tretlager_gefraest,25
1641,29,0,Citybike_Rahmen_nachbearbeitet,Citybike_Rahmen_nachbearbeitet,54
1641,30,2,E-Bike_Bremsaufnahme_gebohrt,E-Bike_Bremsaufnahme_gebohrt,24
1641,31,1,E-Bike_Laufraeder_montiert,E-Bike_Laufraeder_montiert,20
1641,32,1,E-Bike_Tretlager_gefraest,E-Bike_Tretlager_gefraest,20
1641,33,1,Racebike_Tretlageraufnahme_geschweisst,Racebike_Tretlageraufnahme_geschweisst,26
1641,34,1,E-Bike_Bremsen_justiert,E-Bike_Bremsen_justiert,28
1641,35,2,Mountainbike_Laufraeder_montiert,Mountainbike_Laufraeder_montiert,24
1641,36,1,Mountainbike_Steuerrohr_montiert,Mountainbike_Steuerrohr_montiert,26
1641,37,0,E-Bike_Fahrrad_endmontiert,E-Bike_Fahrrad_endmontiert,43
1641,38,0,Racebike_Rahmen_komplettiert,Racebike_Rahmen_komplettiert,47
1641,39,0,Mountainbike_Tretlageraufnahme_geschweisst,Mountainbike_Tretlageraufnahme_geschweisst,38
1641,40,1,E-Bike_Hinterbau_vorbereitet,E-Bike_Hinterbau_vorbereitet,28
1641,41,1,E-Bike_Hinterbau_vorbereitet,E-Bike_Hinterbau_vorbereitet,15
1641,42,1,Mountainbike_Fahrrad_endmontiert,Mountainbike_Fahrrad_endmontiert,26
1641,43,1,Mountainbike_Antrieb_installiert,Mountainbike_Antrieb_installiert,20
1641,44,0,Mountainbike_Hauptrahmen_zugeschnitten,Mountainbike_Hauptrahmen_zugeschnitten,40
1641,45,0,Racebike_Rahmen_komplettiert,Racebike_Rahmen_komplettiert,35
1641,46,1,Racebike_Rahmen_nachbearbeitet,Racebike_Rahmen_nachbearbeitet,24
1641,47,1,Racebike_Fahrrad_endmontiert,Racebike_Fahrrad_endmontiert,20
1641,48,2,Mountainbike_Tretlageraufnahme_geschweisst,Mountainbike_Tretlageraufnahme_geschweisst,15
1641,49,1,Mountainbike_Bremsaufnahme_gebohrt,Mountainbike_Bremsaufnahme_gebohrt,25
1641,50,2,Mountainbike_Tretlageraufnahme_geschweisst,Mountainbike_Tretlageraufnahme_geschweisst,10
1641,51,1,E-Bike_Hauptrahmen_zugeschnitten,E-Bike_Hauptrahmen_zugeschnitten,28
1641,52,1,Racebike_Hauptrahmen_zugeschnitten,Racebike_Hauptrahmen_zugeschnitten,26
1641,53,0,Racebike_Bremsen_justiert,Racebike_Bremsen_justiert,40
1641,54,1,E-Bike_Hinterbau_vorbereitet,E-Bike_Hinterbau_vorbereitet,28
1641,55,0,E-Bike_Hinterbau_vorbereitet,E-Bike_Hinterbau_vorbereitet,47
1641,56,0,Mountainbike_Hinterbau_vorbereitet,Mountainbike_Hinterbau_vorbereitet,53
1641,57,1,Racebike_Rahmen_nachbearbeitet,Racebike_Rahmen_nachbearbeitet,26
1641,58,0,Racebike_Hinterbau_vorbereitet,Racebike_Hinterbau_vorbereitet,35
1641,59,2,Citybike_Hauptrahmen_zugeschnitten,Citybike_Hauptrahmen_zugeschnitten,18
1641,60,0,Mountainbike_Hinterbau_vorbereitet,Mountainbike_Hinterbau_vorbereitet,38
1641,61,2,Mountainbike_Bremsen_justiert,Mountainbike_Bremsen_justiert,12
1641,62,1,Mountainbike_Rahmen_lackiert,Mountainbike_Rahmen_lackiert,25
1641,63,0,Citybike_Rahmen_lackiert,Citybike_Rahmen_lackiert,39
1641,64,0,E-Bike_Antrieb_installiert,E-Bike_Antrieb_installiert,43
1641,65,0,E-Bike_Bremsen_justiert,E-Bike_Bremsen_justiert,40
1641,66,2,Racebike_Antrieb_installiert,Racebike_Antrieb_installiert,16
1641,67,2,Citybike_Schaltauge_bearbeitet,Citybike_Schaltauge_bearbeitet,18
1641,68,1,Citybike_Bremsen_justiert,Citybike_Bremsen_justiert,15
1641,69,1,Racebike_Bremsaufnahme_gebohrt,Racebike_Bremsaufnahme_gebohrt,15
1641,70,0,E-Bike_Rahmen_nachbearbeitet,E-Bike_Rahmen_nachbearbeitet,40
1641,71,2,Racebike_Rahmen_komplettiert,Racebike_Rahmen_komplettiert,10
1641,72,2,E-Bike_Steuerrohr_montiert,E-Bike_Steuerrohr_montiert,25
1641,73,1,Citybike_Tretlager_gefraest,Citybike_Tretlager_gefraest,25
1641,74,1,E-Bike_Rahmen_lackiert,E-Bike_Rahmen_lackiert,27
1641,75,2,Mountainbike_Rahmen_lackiert,Mountainbike_Rahmen_lackiert,24
1641,76,0,Mountainbike_Steuerrohr_montiert,Mountainbike_Steuerrohr_montiert,53
1641,77,1,Mountainbike_Fahrrad_endmontiert,Mountainbike_Fahrrad_endmontiert,26
1641,78,1,Racebike_Schaltauge_bearbeitet,Racebike_Schaltauge_bearbeitet,24
1641,79,1,Citybike_Antrieb_installiert,Citybike_Antrieb_installiert,25
1641,80,1,Mountainbike_Rahmen_komplettiert,Mountainbike_Rahmen_komplettiert,20
1641,81,2,E-Bike_Rahmen_komplettiert,E-Bike_Rahmen_komplettiert,24
1641,82,2,Citybike_Tretlageraufnahme_geschweisst,Citybike_Tretlageraufnahme_geschweisst,15
1641,83,0,Mountainbike_Tretlager_gefraest,Mountainbike_Tretlager_gefraest,40
1641,84,0,Mountainbike_Rahmen_nachbearbeitet,Mountainbike_Rahmen_nachbearbeitet,40
1641,85,2,Mountainbike_Rahmen_nachbearbeitet,Mountainbike_Rahmen_nachbearbeitet,12
1641,86,2,Mountainbike_Tretlageraufnahme_geschweisst,Mountainbike_Tretlageraufnahme_geschweisst,15
1641,87,2,Mountainbike_Steuerrohr_ausgerieben,Mountainbike_Steuerrohr_ausgerieben,15
1641,88,1,Racebike_Rahmen_lackiert,Racebike_Rahmen_lackiert,24
1641,89,0,Citybike_Fahrrad_endmontiert,Citybike_Fahrrad_endmontiert,39
1641,90,0,Mountainbike_Rahmen_lackiert,Mountainbike_Rahmen_lackiert,40
1641,91,2,Racebike_Hinterbau_vorbereitet,Racebike_Hinterbau_vorbereitet,16
1641,92,1,E-Bike_Hauptrahmen_zugeschnitten,E-Bike_Hauptrahmen_zugeschnitten,28
1641,93,0,Citybike_Rahmen_komplettiert,Citybike_Rahmen_komplettiert,39
1641,94,0,Mountainbike_Bremsaufnahme_gebohrt,Mountainbike_Bremsaufnahme_gebohrt,40
1641,95,0,Racebike_Tretlager_gefraest,Racebike_Tretlager_gefraest,35
1641,96,1,Mountainbike_Bremsaufnahme_gebohrt,Mountainbike_Bremsaufnahme_gebohrt,26
1641,97,1,Mountainbike_Rahmen_lackiert,Mountainbike_Rahmen_lackiert,20
1641,98,1,Mountainbike_Rahmen_nachbearbeitet,Mountainbike_Rahmen_nachbearbeitet,20
1641,99,1,Racebike_Steuerrohr_ausgerieben,Racebike_Steuerrohr_ausgerieben,24
1641,100,1,Citybike_Rahmen_lackiert,Citybike_Rahmen_lackiert,25
1641,101,0,Racebike_Rahmen_lackiert,Racebike_Rahmen_lackiert,40
1641,102,1,Citybike_Bremsen_justiert,Citybike_Bremsen_justiert,20
1641,103,1,Racebike_Steuerrohr_ausgerieben,Racebike_Steuerrohr_ausgerieben,15
1641,104,1,Citybike_Rahmen_nachbearbeitet,Citybike_Rahmen_nachbearbeitet,25
1641,105,0,Mountainbike_Hauptrahmen_zugeschnitten,Mountainbike_Hauptrahmen_zugeschnitten,38
1641,106,1,Mountainbike_Steuerrohr_ausgerieben,Mountainbike_Steuerrohr_ausgerieben,20
1641,107,2,Racebike_Hauptrahmen_zugeschnitten,Racebike_Hauptrahmen_zugeschnitten,15
1641,108,0,Mountainbike_Tretlager_gefraest,Mountainbike_Tretlager_gefraest,40
1641,109,0,Racebike_Steuerrohr_montiert,Racebike_Steuerrohr_montiert,35
1641,110,0,Citybike_Hauptrahmen_zugeschnitten,Citybike_Hauptrahmen_zugeschnitten,43
1641,111,2,E-Bike_Schaltauge_bearbeitet,E-Bike_Schaltauge_bearbeitet,25
1641,112,0,Racebike_Bremsen_justiert,Racebike_Bremsen_justiert,42
1641,113,2,Mountainbike_Laufraeder_montiert,Mountainbike_Laufraeder_montiert,24
1641,114,2,Mountainbike_Antrieb_installiert,Mountainbike_Antrieb_installiert,15
1641,115,1,Racebike_Tretlager_gefraest,Racebike_Tretlager_gefraest,24
1641,116,1,Racebike_Tretlageraufnahme_geschweisst,Racebike_Tretlageraufnahme_geschweisst,20
1641,117,0,Mountainbike_Steuerrohr_montiert,Mountainbike_Steuerrohr_montiert,38
1641,118,2,Citybike_Steuerrohr_montiert,Citybike_Steuerrohr_montiert,18
1641,119,1,Citybike_Fahrrad_endmontiert,Citybike_Fahrrad_endmontiert,25
1641,120,2,E-Bike_Rahmen_nachbearbeitet,E-Bike_Rahmen_nachbearbeitet,24
1641,121,1,Mountainbike_Rahmen_komplettiert,Mountainbike_Rahmen_komplettiert,20
1641,122,1,Mountainbike_Hauptrahmen_zugeschnitten,Mountainbike_Hauptrahmen_zugeschnitten,20
1641,123,1,Mountainbike_Steuerrohr_montiert,Mountainbike_Steuerrohr_montiert,20
1642,3,1,Citybike_Hinterbau_vorbereitet,Citybike_Hinterbau_vorbereitet,15
1642,5,1,Citybike_Tretlager_gefraest,Citybike_Tretlager_gefraest,20
1642,6,0,Mountainbike_Rahmen_lackiert,Mountainbike_Rahmen_lackiert,40
1642,7,1,Mountainbike_Tretlager_gefraest,Mountainbike_Tretlager_gefraest,20
1642,8,1,Citybike_Bremsen_justiert,Citybike_Bremsen_justiert,15
1642,9,0,Mountainbike_Schaltauge_bearbeitet,Mountainbike_Schaltauge_bearbeitet,40
1642,10,1,Mountainbike_Antrieb_installiert,Mountainbike_Antrieb_installiert,20
1642,11,1,Mountainbike_Rahmen_komplettiert,Mountainbike_Rahmen_komplettiert,20
1642,12,1,E-Bike_Schaltauge_bearbeitet,E-Bike_Schaltauge_bearbeitet,28
1642,13,2,Mountainbike_Rahmen_lackiert,Mountainbike_Rahmen_lackiert,24
1642,14,2,E-Bike_Rahmen_komplettiert,E-Bike_Rahmen_komplettiert,24
1642,15,2,E-Bike_Rahmen_komplettiert,E-Bike_Rahmen_komplettiert,10
1642,16,1,Racebike_Hinterbau_vorbereitet,Racebike_Hinterbau_vorbereitet,26
1642,17,0,E-Bike_Tretlager_gefraest,E-Bike_Tretlager_gefraest,55
1642,18,1,E-Bike_Tretlageraufnahme_geschweisst,E-Bike_Tretlageraufnahme_geschweisst,28
1642,19,0,Citybike_Hauptrahmen_zugeschnitten,Citybike_Hauptrahmen_zugeschnitten,54
1642,20,2,Citybike_Hauptrahmen_zugeschnitten,Citybike_Hauptrahmen_zugeschnitten,15
1642,21,1,Racebike_Bremsaufnahme_gebohrt,Racebike_Bremsaufnahme_gebohrt,26
1642,22,2,Racebike_Rahmen_nachbearbeitet,Racebike_Rahmen_nachbearbeitet,10
1642,23,0,Racebike_Hauptrahmen_zugeschnitten,Racebike_Hauptrahmen_zugeschnitten,42
1642,24,1,Mountainbike_Fahrrad_endmontiert,Mountainbike_Fahrrad_endmontiert,25
1642,25,0,Racebike_Fahrrad_endmontiert,Racebike_Fahrrad_endmontiert,40
1642,26,2,Citybike_Steuerrohr_montiert,Citybike_Steuerrohr_montiert,18
1642,27,0,E-Bike_Bremsaufnahme_gebohrt,E-Bike_Bremsaufnahme_gebohrt,47
1642,28,1,Mountainbike_Bremsaufnahme_gebohrt,Mountainbike_Bremsaufnahme_gebohrt,20
1642,29,1,Mountainbike_Rahmen_nachbearbeitet,Mountainbike_Rahmen_nachbearbeitet,20
1642,30,1,E-Bike_Tretlager_gefraest,E-Bike_Tretlager_gefraest,28
1642,31,2,Mountainbike_Bremsen_justiert,Mountainbike_Bremsen_justiert,12
1642,32,2,Mountainbike_Hinterbau_vorbereitet,Mountainbike_Hinterbau_vorbereitet,15
1642,33,0,E-Bike_Steuerrohr_ausgerieben,E-Bike_Steuerrohr_ausgerieben,40
1642,34,2,Mountainbike_Laufraeder_montiert,Mountainbike_Laufraeder_montiert,15
1642,35,0,Mountainbike_Rahmen_nachbearbeitet,Mountainbike_Rahmen_nachbearbeitet,53
1642,36,0,Racebike_Antrieb_installiert,Racebike_Antrieb_installiert,35
1642,37,0,E-Bike_Fahrrad_endmontiert,E-Bike_Fahrrad_endmontiert,47
1642,38,0,Citybike_Hinterbau_vorbereitet,Citybike_Hinterbau_vorbereitet,54
1642,39,0,Mountainbike_Tretlager_gefraest,Mountainbike_Tretlager_gefraest,40
1642,40,2,Mountainbike_Tretlageraufnahme_geschweisst,Mountainbike_Tretlageraufnahme_geschweisst,15
1642,41,1,Racebike_Tretlageraufnahme_geschweisst,Racebike_Tretlageraufnahme_geschweisst,26
1642,42,1,Citybike_Bremsen_justiert,Citybike_Bremsen_justiert,25
1642,43,1,E-Bike_Bremsen_justiert,E-Bike_Bremsen_justiert,27
1642,44,1,E-Bike_Hinterbau_vorbereitet,E-Bike_Hinterbau_vorbereitet,20
1642,45,1,Citybike_Antrieb_installiert,Citybike_Antrieb_installiert,28
1642,46,0,E-Bike_Rahmen_nachbearbeitet,E-Bike_Rahmen_nachbearbeitet,55
1642,47,0,Racebike_Rahmen_komplettiert,Racebike_Rahmen_komplettiert,47
1642,48,1,E-Bike_Laufraeder_montiert,E-Bike_Laufraeder_montiert,27
1642,49,1,E-Bike_Hinterbau_vorbereitet,E-Bike_Hinterbau_vorbereitet,20
1642,50,1,Mountainbike_Steuerrohr_montiert,Mountainbike_Steuerrohr_montiert,26
1642,51,1,Racebike_Fahrrad_endmontiert,Racebike_Fahrrad_endmontiert,24
1642,52,0,E-Bike_Tretlager_gefraest,E-Bike_Tretlager_gefraest,47
1642,53,0,Racebike_Hinterbau_vorbereitet,Racebike_Hinterbau_vorbereitet,47
1642,54,1,E-Bike_Hauptrahmen_zugeschnitten,E-Bike_Hauptrahmen_zugeschnitten,28
1642,55,2,Citybike_Tretlageraufnahme_geschweisst,Citybike_Tretlageraufnahme_geschweisst,18
1642,56,0,E-Bike_Hinterbau_vorbereitet,E-Bike_Hinterbau_vorbereitet,47
1642,57,2,Mountainbike_Tretlageraufnahme_geschweisst,Mountainbike_Tretlageraufnahme_geschweisst,12
1642,58,2,Racebike_Antrieb_installiert,Racebike_Antrieb_installiert,16
1642,59,1,Racebike_Rahmen_nachbearbeitet,Racebike_Rahmen_nachbearbeitet,26
1642,60,0,Racebike_Rahmen_lackiert,Racebike_Rahmen_lackiert,47
1642,61,2,E-Bike_Bremsaufnahme_gebohrt,E-Bike_Bremsaufnahme_gebohrt,25
1642,62,0,Mountainbike_Hauptrahmen_zugeschnitten,Mountainbike_Hauptrahmen_zugeschnitten,38
1642,63,0,Mountainbike_Bremsaufnahme_gebohrt,Mountainbike_Bremsaufnahme_gebohrt,40
1642,64,2,Mountainbike_Tretlageraufnahme_geschweisst,Mountainbike_Tretlageraufnahme_geschweisst,24
1642,65,2,Mountainbike_Rahmen_nachbearbeitet,Mountainbike_Rahmen_nachbearbeitet,15
1642,66,0,Citybike_Rahmen_lackiert,Citybike_Rahmen_lackiert,39
1642,67,0,Racebike_Rahmen_komplettiert,Racebike_Rahmen_komplettiert,42
1642,68,2,Racebike_Hinterbau_vorbereitet,Racebike_Hinterbau_vorbereitet,16
1642,69,2,Citybike_Schaltauge_bearbeitet,Citybike_Schaltauge_bearbeitet,18
1642,70,1,Citybike_Rahmen_lackiert,Citybike_Rahmen_lackiert,25
1642,71,1,Mountainbike_Rahmen_komplettiert,Mountainbike_Rahmen_komplettiert,20
1642,72,0,E-Bike_Bremsen_justiert,E-Bike_Bremsen_justiert,47
1642,73,1,Citybike_Rahmen_nachbearbeitet,Citybike_Rahmen_nachbearbeitet,15
1642,74,1,E-Bike_Hauptrahmen_zugeschnitten,E-Bike_Hauptrahmen_zugeschnitten,27
1642,75,0,Citybike_Fahrrad_endmontiert,Citybike_Fahrrad_endmontiert,54
1642,76,1,Mountainbike_Rahmen_lackiert,Mountainbike_Rahmen_lackiert,26
1642,77,0,Mountainbike_Tretlager_gefraest,Mountainbike_Tretlager_gefraest,40
1642,78,1,E-Bike_Hinterbau_vorbereitet,E-Bike_Hinterbau_vorbereitet,28
1642,79,1,E-Bike_Hinterbau_vorbereitet,E-Bike_Hinterbau_vorbereitet,15
1642,80,0,E-Bike_Rahmen_nachbearbeitet,E-Bike_Rahmen_nachbearbeitet,55
1642,81,1,Racebike_Laufraeder_montiert,Racebike_Laufraeder_montiert,26
1642,82,0,E-Bike_Antrieb_installiert,E-Bike_Antrieb_installiert,40
1642,83,0,Mountainbike_Hauptrahmen_zugeschnitten,Mountainbike_Hauptrahmen_zugeschnitten,53
1642,84,0,Mountainbike_Hinterbau_vorbereitet,Mountainbike_Hinterbau_vorbereitet,40
1642,85,0,Citybike_Rahmen_komplettiert,Citybike_Rahmen_komplettiert,39
1642,86,1,Mountainbike_Steuerrohr_ausgerieben,Mountainbike_Steuerrohr_ausgerieben,25
1642,87,1,Racebike_Bremsaufnahme_gebohrt,Racebike_Bremsaufnahme_gebohrt,24
1642,88,0,Mountainbike_Tretlageraufnahme_geschweisst,Mountainbike_Tretlageraufnahme_geschweisst,40
1642,89,1,Racebike_Hauptrahmen_zugeschnitten,Racebike_Hauptrahmen_zugeschnitten,20
1642,90,2,Mountainbike_Laufraeder_montiert,Mountainbike_Laufraeder_montiert,12
1642,91,1,Citybike_Fahrrad_endmontiert,Citybike_Fahrrad_endmontiert,25
1642,92,2,Racebike_Rahmen_komplettiert,Racebike_Rahmen_komplettiert,16
1642,93,2,Mountainbike_Antrieb_installiert,Mountainbike_Antrieb_installiert,13
1642,94,0,Racebike_Bremsen_justiert,Racebike_Bremsen_justiert,35
1642,95,1,Racebike_Rahmen_nachbearbeitet,Racebike_Rahmen_nachbearbeitet,15
1642,96,1,Racebike_Rahmen_lackiert,Racebike_Rahmen_lackiert,20
1642,97,0,Racebike_Tretlager_gefraest,Racebike_Tretlager_gefraest,40
1642,98,2,Racebike_Rahmen_komplettiert,Racebike_Rahmen_komplettiert,16
1642,99,2,Racebike_Antrieb_installiert,Racebike_Antrieb_installiert,15
1642,100,2,E-Bike_Steuerrohr_montiert,E-Bike_Steuerrohr_montiert,25
1642,101,1,Racebike_Schaltauge_bearbeitet,Racebike_Schaltauge_bearbeitet,20
1642,102,0,Mountainbike_Steuerrohr_montiert,Mountainbike_Steuerrohr_montiert,38
1642,103,1,E-Bike_Rahmen_lackiert,E-Bike_Rahmen_lackiert,28
1642,104,1,Racebike_Steuerrohr_ausgerieben,Racebike_Steuerrohr_ausgerieben,26
1642,105,0,Racebike_Rahmen_lackiert,Racebike_Rahmen_lackiert,35
1642,106,1,Racebike_Tretlager_gefraest,Racebike_Tretlager_gefraest,20
1642,107,1,Racebike_Steuerrohr_ausgerieben,Racebike_Steuerrohr_ausgerieben,20
1642,108,2,E-Bike_Rahmen_komplettiert,E-Bike_Rahmen_komplettiert,15
1642,109,1,Mountainbike_Fahrrad_endmontiert,Mountainbike_Fahrrad_endmontiert,25
1642,110,2,Racebike_Hauptrahmen_zugeschnitten,Racebike_Hauptrahmen_zugeschnitten,25
1642,111,2,Mountainbike_Bremsen_justiert,Mountainbike_Bremsen_justiert,13
1642,112,2,Mountainbike_Steuerrohr_ausgerieben,Mountainbike_Steuerrohr_ausgerieben,15
1642,113,1,Mountainbike_Hauptrahmen_zugeschnitten,Mountainbike_Hauptrahmen_zugeschnitten,20
1642,114,2,E-Bike_Schaltauge_bearbeitet,E-Bike_Schaltauge_bearbeitet,24
1642,115,1,Mountainbike_Steuerrohr_montiert,Mountainbike_Steuerrohr_montiert,20
1642,116,0,Racebike_Steuerrohr_montiert,Racebike_Steuerrohr_montiert,40
1642,117,1,Racebike_Tretlageraufnahme_geschweisst,Racebike_Tretlageraufnahme_geschweisst,24
1642,118,0,Racebike_Bremsen_justiert,Racebike_Bremsen_justiert,40
1642,119,2,E-Bike_Rahmen_nachbearbeitet,E-Bike_Rahmen_nachbearbeitet,15
1642,120,1,Mountainbike_Bremsaufnahme_gebohrt,Mountainbike_Bremsaufnahme_gebohrt,25
1642,121,0,Mountainbike_Hinterbau_vorbereitet,Mountainbike_Hinterbau_vorbereitet,38
1642,122,1,Mountainbike_Rahmen_lackiert,Mountainbike_Rahmen_lackiert,20
1642,123,0,Mountainbike_Steuerrohr_montiert,Mountainbike_Steuerrohr_montiert,40
1643,3,1,Mountainbike_Rahmen_komplettiert,Mountainbike_Rahmen_komplettiert,20
1643,4,1,E-Bike_Schaltauge_bearbeitet,E-Bike_Schaltauge_bearbeitet,28
1643,5,0,Mountainbike_Schaltauge_bearbeitet,Mountainbike_Schaltauge_bearbeitet,40
1643,7,1,Racebike_Hinterbau_vorbereitet,Racebike_Hinterbau_vorbereitet,26
1643,8,0,Citybike_Hinterbau_vorbereitet,Citybike_Hinterbau_vorbereitet,39
1643,9,2,E-Bike_Rahmen_komplettiert,E-Bike_Rahmen_komplettiert,15
1643,10,0,E-Bike_Bremsaufnahme_gebohrt,E-Bike_Bremsaufnahme_gebohrt,43
1643,11,1,E-Bike_Tretlageraufnahme_geschweisst,E-Bike_Tretlageraufnahme_geschweisst,28
1643,12,1,Racebike_Fahrrad_endmontiert,Racebike_Fahrrad_endmontiert,26
1643,13,0,Mountainbike_Rahmen_nachbearbeitet,Mountainbike_Rahmen_nachbearbeitet,53
1643,14,0,E-Bike_Tretlager_gefraest,E-Bike_Tretlager_gefraest,55
1643,15,2,E-Bike_Rahmen_komplettiert,E-Bike_Rahmen_komplettiert,10
1643,16,0,Racebike_Fahrrad_endmontiert,Racebike_Fahrrad_endmontiert,47
1643,17,0,E-Bike_Steuerrohr_ausgerieben,E-Bike_Steuerrohr_ausgerieben,47
1643,18,0,Racebike_Hauptrahmen_zugeschnitten,Racebike_Hauptrahmen_zugeschnitten,47
1643,19,1,Mountainbike_Antrieb_installiert,Mountainbike_Antrieb_installiert,25
1643,20,0,Racebike_Hinterbau_vorbereitet,Racebike_Hinterbau_vorbereitet,40
1643,21,1,Mountainbike_Fahrrad_endmontiert,Mountainbike_Fahrrad_endmontiert,20
1643,22,1,E-Bike_Hinterbau_vorbereitet,E-Bike_Hinterbau_vorbereitet,28
1643,23,1,Racebike_Bremsaufnahme_gebohrt,Racebike_Bremsaufnahme_gebohrt,26
1643,24,1,Citybike_Bremsen_justiert,Citybike_Bremsen_justiert,25
1643,25,0,E-Bike_Rahmen_nachbearbeitet,E-Bike_Rahmen_nachbearbeitet,47
1643,26,2,Racebike_Rahmen_nachbearbeitet,Racebike_Rahmen_nachbearbeitet,25
1643,27,2,Racebike_Antrieb_installiert,Racebike_Antrieb_installiert,15
1643,28,1,E-Bike_Laufraeder_montiert,E-Bike_Laufraeder_montiert,27
1643,29,0,E-Bike_Tretlager_gefraest,E-Bike_Tretlager_gefraest,40
1643,30,2,Mountainbike_Bremsen_justiert,Mountainbike_Bremsen_justiert,13
1643,31,1,E-Bike_Tretlager_gefraest,E-Bike_Tretlager_gefraest,20
1643,32,0,E-Bike_Fahrrad_endmontiert,E-Bike_Fahrrad_endmontiert,40
1643,33,0,Citybike_Hauptrahmen_zugeschnitten,Citybike_Hauptrahmen_zugeschnitten,54
1643,34,2,E-Bike_Bremsaufnahme_gebohrt,E-Bike_Bremsaufnahme_gebohrt,24
1643,35,0,Racebike_Antrieb_installiert,Racebike_Antrieb_installiert,42
1643,36,1,Racebike_Rahmen_nachbearbeitet,Racebike_Rahmen_nachbearbeitet,26
1643,37,1,Racebike_Bremsaufnahme_gebohrt,Racebike_Bremsaufnahme_gebohrt,20
1643,38,1,Mountainbike_Bremsaufnahme_gebohrt,Mountainbike_Bremsaufnahme_gebohrt,25
1643,39,1,E-Bike_Bremsen_justiert,E-Bike_Bremsen_justiert,28
1643,40,1,E-Bike_Hauptrahmen_zugeschnitten,E-Bike_Hauptrahmen_zugeschnitten,20
1643,41,0,Mountainbike_Hinterbau_vorbereitet,Mountainbike_Hinterbau_vorbereitet,38
1643,42,0,Racebike_Rahmen_lackiert,Racebike_Rahmen_lackiert,35
1643,43,1,Racebike_Tretlageraufnahme_geschweisst,Racebike_Tretlageraufnahme_geschweisst,26
1643,44,1,E-Bike_Hinterbau_vorbereitet,E-Bike_Hinterbau_vorbereitet,28
1643,45,1,Mountainbike_Fahrrad_endmontiert,Mountainbike_Fahrrad_endmontiert,26
1643,46,1,Mountainbike_Tretlager_gefraest,Mountainbike_Tretlager_gefraest,20
1643,47,2,Racebike_Rahmen_komplettiert,Racebike_Rahmen_komplettiert,25
1643,48,2,Racebike_Hinterbau_vorbereitet,Racebike_Hinterbau_vorbereitet,15
1643,49,1,E-Bike_Hinterbau_vorbereitet,E-Bike_Hinterbau_vorbereitet,28
1643,50,2,Mountainbike_Tretlageraufnahme_geschweisst,Mountainbike_Tretlageraufnahme_geschweisst,13
1643,51,2,Mountainbike_Hinterbau_vorbereitet,Mountainbike_Hinterbau_vorbereitet,15
1643,52,0,Racebike_Rahmen_lackiert,Racebike_Rahmen_lackiert,25
1643,53,1,Racebike_Steuerrohr_ausgerieben,Racebike_Steuerrohr_ausgerieben,26
1643,54,1,Racebike_Tretlager_gefraest,Racebike_Tretlager_gefraest,20
1643,55,1,E-Bike_Hinterbau_vorbereitet,E-Bike_Hinterbau_vorbereitet,28
1643,56,1,Mountainbike_Fahrrad_endmontiert,Mountainbike_Fahrrad_endmontiert,26
1643,57,1,Racebike_Tretlageraufnahme_geschweisst,Racebike_Tretlageraufnahme_geschweisst,24
1643,58,1,Citybike_Hinterbau_vorbereitet,Citybike_Hinterbau_vorbereitet,25
1643,59,1,Mountainbike_Rahmen_lackiert,Mountainbike_Rahmen_lackiert,20
1643,60,0,Racebike_Rahmen_komplettiert,Racebike_Rahmen_komplettiert,40
1643,61,2,Mountainbike_Laufraeder_montiert,Mountainbike_Laufraeder_montiert,15
1643,62,0,Mountainbike_Hauptrahmen_zugeschnitten,Mountainbike_Hauptrahmen_zugeschnitten,38
1643,63,0,Racebike_Rahmen_komplettiert,Racebike_Rahmen_komplettiert,35
1643,64,0,Citybike_Rahmen_nachbearbeitet,Citybike_Rahmen_nachbearbeitet,43
1643,65,1,Citybike_Bremsen_justiert,Citybike_Bremsen_justiert,15
1643,66,0,E-Bike_Antrieb_installiert,E-Bike_Antrieb_installiert,43
1643,67,1,Mountainbike_Rahmen_lackiert,Mountainbike_Rahmen_lackiert,20
1643,68,1,Racebike_Hauptrahmen_zugeschnitten,Racebike_Hauptrahmen_zugeschnitten,24
1643,69,0,Mountainbike_Tretlager_gefraest,Mountainbike_Tretlager_gefraest,53
1643,70,1,Mountainbike_Bremsaufnahme_gebohrt,Mountainbike_Bremsaufnahme_gebohrt,25
1643,71,2,Mountainbike_Rahmen_lackiert,Mountainbike_Rahmen_lackiert,15
1643,72,1,Mountainbike_Steuerrohr_montiert,Mountainbike_Steuerrohr_montiert,20
1643,73,2,Citybike_Hauptrahmen_zugeschnitten,Citybike_Hauptrahmen_zugeschnitten,18
1643,74,0,Citybike_Rahmen_lackiert,Citybike_Rahmen_lackiert,39
1643,75,0,Mountainbike_Rahmen_lackiert,Mountainbike_Rahmen_lackiert,40
1643,76,0,E-Bike_Rahmen_nachbearbeitet,E-Bike_Rahmen_nachbearbeitet,55
1643,77,2,Racebike_Hauptrahmen_zugeschnitten,Racebike_Hauptrahmen_zugeschnitten,10
1643,78,1,Mountainbike_Rahmen_nachbearbeitet,Mountainbike_Rahmen_nachbearbeitet,20
1643,79,2,E-Bike_Steuerrohr_montiert,E-Bike_Steuerrohr_montiert,25
1643,80,1,E-Bike_Rahmen_lackiert,E-Bike_Rahmen_lackiert,28
1643,81,2,Citybike_Steuerrohr_montiert,Citybike_Steuerrohr_montiert,15
1643,82,0,Mountainbike_Bremsaufnahme_gebohrt,Mountainbike_Bremsaufnahme_gebohrt,53
1643,83,0,Mountainbike_Steuerrohr_montiert,Mountainbike_Steuerrohr_montiert,40
1643,84,1,Citybike_Antrieb_installiert,Citybike_Antrieb_installiert,28
1643,85,2,Citybike_Schaltauge_bearbeitet,Citybike_Schaltauge_bearbeitet,15
1643,86,2,Mountainbike_Laufraeder_montiert,Mountainbike_Laufraeder_montiert,12
1643,87,0,Citybike_Fahrrad_endmontiert,Citybike_Fahrrad_endmontiert,39
1643,88,1,Mountainbike_Rahmen_komplettiert,Mountainbike_Rahmen_komplettiert,20
1643,89,1,Racebike_Laufraeder_montiert,Racebike_Laufraeder_montiert,24
1643,90,0,Racebike_Steuerrohr_montiert,Racebike_Steuerrohr_montiert,42
1643,91,2,Mountainbike_Antrieb_installiert,Mountainbike_Antrieb_installiert,15
1643,92,0,Mountainbike_Tretlager_gefraest,Mountainbike_Tretlager_gefraest,38
1643,93,0,Mountainbike_Steuerrohr_montiert,Mountainbike_Steuerrohr_montiert,40
1643,94,2,E-Bike_Rahmen_komplettiert,E-Bike_Rahmen_komplettiert,24
1643,95,0,Citybike_Rahmen_komplettiert,Citybike_Rahmen_komplettiert,39
1643,96,2,Mountainbike_Rahmen_nachbearbeitet,Mountainbike_Rahmen_nachbearbeitet,24
1643,97,2,Mountainbike_Tretlageraufnahme_geschweisst,Mountainbike_Tretlageraufnahme_geschweisst,15
1643,98,1,Racebike_Rahmen_nachbearbeitet,Racebike_Rahmen_nachbearbeitet,20
1643,99,2,Racebike_Antrieb_installiert,Racebike_Antrieb_installiert,16
1643,100,0,Mountainbike_Hauptrahmen_zugeschnitten,Mountainbike_Hauptrahmen_zugeschnitten,40
1643,101,1,Mountainbike_Steuerrohr_ausgerieben,Mountainbike_Steuerrohr_ausgerieben,25
1643,102,0,Mountainbike_Hinterbau_vorbereitet,Mountainbike_Hinterbau_vorbereitet,40
1643,103,2,Racebike_Rahmen_komplettiert,Racebike_Rahmen_komplettiert,15
1643,104,1,Racebike_Schaltauge_bearbeitet,Racebike_Schaltauge_bearbeitet,24
1643,105,1,Citybike_Fahrrad_endmontiert,Citybike_Fahrrad_endmontiert,25
1643,106,2,Citybike_Tretlageraufnahme_geschweisst,Citybike_Tretlageraufnahme_geschweisst,18
1643,107,1,Mountainbike_Hauptrahmen_zugeschnitten,Mountainbike_Hauptrahmen_zugeschnitten,20
1643,108,1,Citybike_Rahmen_lackiert,Citybike_Rahmen_lackiert,15
1643,109,0,Racebike_Bremsen_justiert,Racebike_Bremsen_justiert,35
1643,110,0,Racebike_Bremsen_justiert,Racebike_Bremsen_justiert,25
1643,111,1,Racebike_Rahmen_lackiert,Racebike_Rahmen_lackiert,15
1643,112,2,Mountainbike_Tretlageraufnahme_geschweisst,Mountainbike_Tretlageraufnahme_geschweisst,12
1643,113,1,Citybike_Rahmen_nachbearbeitet,Citybike_Rahmen_nachbearbeitet,25
1643,114,0,E-Bike_Hinterbau_vorbereitet,E-Bike_Hinterbau_vorbereitet,47
1643,115,0,E-Bike_Bremsen_justiert,E-Bike_Bremsen_justiert,40
1643,116,2,Mountainbike_Bremsen_justiert,Mountainbike_Bremsen_justiert,15
1643,117,2,Mountainbike_Steuerrohr_ausgerieben,Mountainbike_Steuerrohr_ausgerieben,15
1643,118,1,E-Bike_Hauptrahmen_zugeschnitten,E-Bike_Hauptrahmen_zugeschnitten,27
1643,119,2,E-Bike_Schaltauge_bearbeitet,E-Bike_Schaltauge_bearbeitet,24
1643,120,0,Racebike_Tretlager_gefraest,Racebike_Tretlager_gefraest,47
1643,121,1,Racebike_Steuerrohr_ausgerieben,Racebike_Steuerrohr_ausgerieben,26
1643,122,2,E-Bike_Rahmen_nachbearbeitet,E-Bike_Rahmen_nachbearbeitet,15
1643,123,1,Mountainbike_Steuerrohr_montiert,Mountainbike_Steuerrohr_montiert,25
1644,3,2,Racebike_Rahmen_nachbearbeitet,Racebike_Rahmen_nachbearbeitet,15
1644,5,1,E-Bike_Schaltauge_bearbeitet,E-Bike_Schaltauge_bearbeitet,28
1644,6,0,E-Bike_Hinterbau_vorbereitet,E-Bike_Hinterbau_vorbereitet,55
1644,7,2,E-Bike_Rahmen_komplettiert,E-Bike_Rahmen_komplettiert,25
1644,8,1,Citybike_Hinterbau_vorbereitet,Citybike_Hinterbau_vorbereitet,28
1644,9,0,Racebike_Antrieb_installiert,Racebike_Antrieb_installiert,47
1644,10,1,Mountainbike_Antrieb_installiert,Mountainbike_Antrieb_installiert,20
1644,11,0,Citybike_Rahmen_nachbearbeitet,Citybike_Rahmen_nachbearbeitet,43
1644,12,1,E-Bike_Tretlageraufnahme_geschweisst,E-Bike_Tretlageraufnahme_geschweisst,28
1644,13,0,Racebike_Hauptrahmen_zugeschnitten,Racebike_Hauptrahmen_zugeschnitten,42
1644,14,0,E-Bike_Bremsen_justiert,E-Bike_Bremsen_justiert,47
1644,15,2,Citybike_Hauptrahmen_zugeschnitten,Citybike_Hauptrahmen_zugeschnitten,15
1644,16,0,Citybike_Hinterbau_vorbereitet,Citybike_Hinterbau_vorbereitet,54
1644,17,1,Racebike_Fahrrad_endmontiert,Racebike_Fahrrad_endmontiert,26
1644,18,1,Mountainbike_Fahrrad_endmontiert,Mountainbike_Fahrrad_endmontiert,25
1644,19,2,E-Bike_Rahmen_komplettiert,E-Bike_Rahmen_komplettiert,24
1644,20,1,Mountainbike_Rahmen_komplettiert,Mountainbike_Rahmen_komplettiert,20
1644,21,2,E-Bike_Tretlageraufnahme_geschweisst,E-Bike_Tretlageraufnahme_geschweisst,15
1644,22,0,E-Bike_Bremsaufnahme_gebohrt,E-Bike_Bremsaufnahme_gebohrt,43
1644,23,0,E-Bike_Steuerrohr_ausgerieben,E-Bike_Steuerrohr_ausgerieben,40
1644,24,1,E-Bike_Bremsen_justiert,E-Bike_Bremsen_justiert,28
1644,25,1,E-Bike_Tretlager_gefraest,E-Bike_Tretlager_gefraest,20
1644,26,1,E-Bike_Hinterbau_vorbereitet,E-Bike_Hinterbau_vorbereitet,20
1644,27,1,Racebike_Hinterbau_vorbereitet,Racebike_Hinterbau_vorbereitet,26
1644,28,1,Racebike_Tretlageraufnahme_geschweisst,Racebike_Tretlageraufnahme_geschweisst,20
1644,29,1,E-Bike_Hinterbau_vorbereitet,E-Bike_Hinterbau_vorbereitet,28
1644,30,1,Citybike_Tretlager_gefraest,Citybike_Tretlager_gefraest,28
1644,31,0,Citybike_Rahmen_lackiert,Citybike_Rahmen_lackiert,54
1644,32,1,Mountainbike_Fahrrad_endmontiert,Mountainbike_Fahrrad_endmontiert,20
1644,33,2,Mountainbike_Rahmen_lackiert,Mountainbike_Rahmen_lackiert,24
1644,34,1,Racebike_Laufraeder_montiert,Racebike_Laufraeder_montiert,24
1644,35,0,E-Bike_Rahmen_nachbearbeitet,E-Bike_Rahmen_nachbearbeitet,43
1644,36,1,Citybike_Bremsen_justiert,Citybike_Bremsen_justiert,25
1644,37,0,Racebike_Fahrrad_endmontiert,Racebike_Fahrrad_endmontiert,47
1644,38,0,E-Bike_Tretlager_gefraest,E-Bike_Tretlager_gefraest,47
1644,39,0,Racebike_Rahmen_lackiert,Racebike_Rahmen_lackiert,47
1644,40,2,E-Bike_Bremsaufnahme_gebohrt,E-Bike_Bremsaufnahme_gebohrt,24
1644,41,1,Mountainbike_Tretlager_gefraest,Mountainbike_Tretlager_gefraest,20
1644,42,1,Racebike_Rahmen_nachbearbeitet,Racebike_Rahmen_nachbearbeitet,24
1644,43,2,Citybike_Schaltauge_bearbeitet,Citybike_Schaltauge_bearbeitet,15
1644,44,2,Mountainbike_Bremsen_justiert,Mountainbike_Bremsen_justiert,12
1644,45,2,Mountainbike_Hinterbau_vorbereitet,Mountainbike_Hinterbau_vorbereitet,15
1644,46,0,Racebike_Rahmen_komplettiert,Racebike_Rahmen_komplettiert,40
1644,47,0,E-Bike_Tretlager_gefraest,E-Bike_Tretlager_gefraest,47
1644,48,1,Racebike_Hauptrahmen_zugeschnitten,Racebike_Hauptrahmen_zugeschnitten,20
1644,49,0,E-Bike_Antrieb_installiert,E-Bike_Antrieb_installiert,40
1644,50,1,Mountainbike_Steuerrohr_montiert,Mountainbike_Steuerrohr_montiert,25
1644,51,0,E-Bike_Fahrrad_endmontiert,E-Bike_Fahrrad_endmontiert,40
1644,52,0,Citybike_Fahrrad_endmontiert,Citybike_Fahrrad_endmontiert,54
1644,53,1,E-Bike_Laufraeder_montiert,E-Bike_Laufraeder_montiert,28
1644,54,1,E-Bike_Hauptrahmen_zugeschnitten,E-Bike_Hauptrahmen_zugeschnitten,20
1644,55,1,Racebike_Rahmen_nachbearbeitet,Racebike_Rahmen_nachbearbeitet,26
1644,56,2,Racebike_Antrieb_installiert,Racebike_Antrieb_installiert,16
1644,57,0,Racebike_Rahmen_komplettiert,Racebike_Rahmen_komplettiert,42
1644,58,0,Racebike_Hinterbau_vorbereitet,Racebike_Hinterbau_vorbereitet,40
1644,59,1,Racebike_Bremsaufnahme_gebohrt,Racebike_Bremsaufnahme_gebohrt,20
1644,60,1,Citybike_Bremsen_justiert,Citybike_Bremsen_justiert,25
1644,61,2,Racebike_Rahmen_komplettiert,Racebike_Rahmen_komplettiert,15
1644,62,1,E-Bike_Hauptrahmen_zugeschnitten,E-Bike_Hauptrahmen_zugeschnitten,27
1644,63,0,Racebike_Bremsen_justiert,Racebike_Bremsen_justiert,40
1644,64,0,Mountainbike_Tretlager_gefraest,Mountainbike_Tretlager_gefraest,38
1644,65,1,Mountainbike_Bremsaufnahme_gebohrt,Mountainbike_Bremsaufnahme_gebohrt,26
1644,66,2,Mountainbike_Tretlageraufnahme_geschweisst,Mountainbike_Tretlageraufnahme_geschweisst,13
1644,67,0,Mountainbike_Rahmen_lackiert,Mountainbike_Rahmen_lackiert,40
1644,68,2,Mountainbike_Rahmen_nachbearbeitet,Mountainbike_Rahmen_nachbearbeitet,15
1644,69,1,Mountainbike_Rahmen_nachbearbeitet,Mountainbike_Rahmen_nachbearbeitet,20
1644,70,2,Mountainbike_Laufraeder_montiert,Mountainbike_Laufraeder_montiert,15
1644,71,1,E-Bike_Hinterbau_vorbereitet,E-Bike_Hinterbau_vorbereitet,28
1644,72,1,E-Bike_Hinterbau_vorbereitet,E-Bike_Hinterbau_vorbereitet,15
1644,73,0,Mountainbike_Hinterbau_vorbereitet,Mountainbike_Hinterbau_vorbereitet,40
1644,74,0,Citybike_Rahmen_komplettiert,Citybike_Rahmen_komplettiert,39
1644,75,1,Citybike_Antrieb_installiert,Citybike_Antrieb_installiert,28
1644,76,0,E-Bike_Rahmen_nachbearbeitet,E-Bike_Rahmen_nachbearbeitet,43
1644,77,2,Mountainbike_Bremsen_justiert,Mountainbike_Bremsen_justiert,15
1644,78,1,Racebike_Rahmen_lackiert,Racebike_Rahmen_lackiert,15
1644,79,2,Mountainbike_Steuerrohr_ausgerieben,Mountainbike_Steuerrohr_ausgerieben,15
1644,80,0,Mountainbike_Tretlageraufnahme_geschweisst,Mountainbike_Tretlageraufnahme_geschweisst,53
1644,81,1,Mountainbike_Fahrrad_endmontiert,Mountainbike_Fahrrad_endmontiert,25
1644,82,0,Mountainbike_Hauptrahmen_zugeschnitten,Mountainbike_Hauptrahmen_zugeschnitten,40
1644,83,0,Mountainbike_Hauptrahmen_zugeschnitten,Mountainbike_Hauptrahmen_zugeschnitten,25
1644,84,0,Citybike_Hauptrahmen_zugeschnitten,Citybike_Hauptrahmen_zugeschnitten,39
1644,85,2,Racebike_Hinterbau_vorbereitet,Racebike_Hinterbau_vorbereitet,16
1644,86,0,Mountainbike_Rahmen_nachbearbeitet,Mountainbike_Rahmen_nachbearbeitet,40
1644,87,2,Citybike_Tretlageraufnahme_geschweisst,Citybike_Tretlageraufnahme_geschweisst,18
1644,88,1,Racebike_Schaltauge_bearbeitet,Racebike_Schaltauge_bearbeitet,24
1644,89,2,Mountainbike_Tretlageraufnahme_geschweisst,Mountainbike_Tretlageraufnahme_geschweisst,12
1644,90,1,Mountainbike_Bremsaufnahme_gebohrt,Mountainbike_Bremsaufnahme_gebohrt,25
1644,91,2,Racebike_Rahmen_komplettiert,Racebike_Rahmen_komplettiert,16
1644,92,0,Racebike_Rahmen_lackiert,Racebike_Rahmen_lackiert,35
1644,93,2,Citybike_Steuerrohr_montiert,Citybike_Steuerrohr_montiert,18
1644,94,0,Racebike_Tretlager_gefraest,Racebike_Tretlager_gefraest,40
1644,95,2,Mountainbike_Tretlageraufnahme_geschweisst,Mountainbike_Tretlageraufnahme_geschweisst,12
1644,96,0,Mountainbike_Bremsaufnahme_gebohrt,Mountainbike_Bremsaufnahme_gebohrt,38
1644,97,0,Mountainbike_Hinterbau_vorbereitet,Mountainbike_Hinterbau_vorbereitet,40
1644,98,1,Citybike_Fahrrad_endmontiert,Citybike_Fahrrad_endmontiert,15
1644,99,1,Racebike_Steuerrohr_ausgerieben,Racebike_Steuerrohr_ausgerieben,15
1644,100,1,Racebike_Tretlager_gefraest,Racebike_Tretlager_gefraest,20
1644,101,2,E-Bike_Schaltauge_bearbeitet,E-Bike_Schaltauge_bearbeitet,24
1644,102,1,Racebike_Steuerrohr_ausgerieben,Racebike_Steuerrohr_ausgerieben,20
1644,103,1,Racebike_Tretlageraufnahme_geschweisst,Racebike_Tretlageraufnahme_geschweisst,20
1644,104,1,Mountainbike_Steuerrohr_ausgerieben,Mountainbike_Steuerrohr_ausgerieben,25
1644,105,2,E-Bike_Steuerrohr_montiert,E-Bike_Steuerrohr_montiert,15
1644,106,1,E-Bike_Rahmen_lackiert,E-Bike_Rahmen_lackiert,28
1644,107,2,E-Bike_Rahmen_komplettiert,E-Bike_Rahmen_komplettiert,15
1644,108,1,Citybike_Rahmen_lackiert,Citybike_Rahmen_lackiert,28
1644,109,2,Racebike_Hauptrahmen_zugeschnitten,Racebike_Hauptrahmen_zugeschnitten,25
1644,110,1,Mountainbike_Rahmen_lackiert,Mountainbike_Rahmen_lackiert,20
1644,111,2,E-Bike_Rahmen_nachbearbeitet,E-Bike_Rahmen_nachbearbeitet,25
1644,112,0,Mountainbike_Tretlager_gefraest,Mountainbike_Tretlager_gefraest,40
1644,113,1,Citybike_Rahmen_nachbearbeitet,Citybike_Rahmen_nachbearbeitet,15
1644,114,0,Racebike_Steuerrohr_montiert,Racebike_Steuerrohr_montiert,35
1644,115,0,Racebike_Bremsen_justiert,Racebike_Bremsen_justiert,40
1644,116,2,Mountainbike_Laufraeder_montiert,Mountainbike_Laufraeder_montiert,24
1644,117,1,Mountainbike_Rahmen_komplettiert,Mountainbike_Rahmen_komplettiert,20
1644,118,2,Mountainbike_Antrieb_installiert,Mountainbike_Antrieb_installiert,15
1644,119,0,Mountainbike_Steuerrohr_montiert,Mountainbike_Steuerrohr_montiert,38
1644,120,1,Mountainbike_Rahmen_lackiert,Mountainbike_Rahmen_lackiert,20
1644,121,1,Mountainbike_Hauptrahmen_zugeschnitten,Mountainbike_Hauptrahmen_zugeschnitten,20
1644,122,1,Mountainbike_Steuerrohr_montiert,Mountainbike_Steuerrohr_montiert,20
1644,123,0,Mountainbike_Steuerrohr_montiert,Mountainbike_Steuerrohr_montiert,25
1645,4,0,Mountainbike_Tretlageraufnahme_geschweisst,Mountainbike_Tretlageraufnahme_geschweisst,40
1645,5,1,Mountainbike_Rahmen_komplettiert,Mountainbike_Rahmen_komplettiert,26
1645,6,1,Citybike_Hinterbau_vorbereitet,Citybike_Hinterbau_vorbereitet,15
1645,7,1,Racebike_Bremsaufnahme_gebohrt,Racebike_Bremsaufnahme_gebohrt,15
1645,8,2,E-Bike_Rahmen_komplettiert,E-Bike_Rahmen_komplettiert,15
1645,9,0,Mountainbike_Rahmen_lackiert,Mountainbike_Rahmen_lackiert,40
1645,10,0,Racebike_Hauptrahmen_zugeschnitten,Racebike_Hauptrahmen_zugeschnitten,35
1645,11,2,Racebike_Rahmen_nachbearbeitet,Racebike_Rahmen_nachbearbeitet,25
1645,12,0,E-Bike_Bremsaufnahme_gebohrt,E-Bike_Bremsaufnahme_gebohrt,47
1645,13,0,E-Bike_Steuerrohr_ausgerieben,E-Bike_Steuerrohr_ausgerieben,40
1645,14,1,Mountainbike_Tretlager_gefraest,Mountainbike_Tretlager_gefraest,25
1645,15,2,E-Bike_Rahmen_komplettiert,E-Bike_Rahmen_komplettiert,25
1645,16,1,Racebike_Hinterbau_vorbereitet,Racebike_Hinterbau_vorbereitet,24
1645,17,1,Mountainbike_Fahrrad_endmontiert,Mountainbike_Fahrrad_endmontiert,25
1645,18,1,E-Bike_Hinterbau_vorbereitet,E-Bike_Hinterbau_vorbereitet,28
1645,19,1,Citybike_Bremsen_justiert,Citybike_Bremsen_justiert,28
1645,20,1,Mountainbike_Bremsaufnahme_gebohrt,Mountainbike_Bremsaufnahme_gebohrt,20
1645,21,0,Racebike_Fahrrad_endmontiert,Racebike_Fahrrad_endmontiert,47
1645,22,1,Citybike_Tretlager_gefraest,Citybike_Tretlager_gefraest,15
1645,23,0,Mountainbike_Hinterbau_vorbereitet,Mountainbike_Hinterbau_vorbereitet,38
1645,24,1,E-Bike_Tretlageraufnahme_geschweisst,E-Bike_Tretlageraufnahme_geschweisst,27
1645,25,1,E-Bike_Tretlager_gefraest,E-Bike_Tretlager_gefraest,20
1645,26,0,E-Bike_Fahrrad_endmontiert,E-Bike_Fahrrad_endmontiert,55
1645,27,1,Racebike_Laufraeder_montiert,Racebike_Laufraeder_montiert,26
1645,28,0,Citybike_Rahmen_nachbearbeitet,Citybike_Rahmen_nachbearbeitet,54
1645,29,1,Mountainbike_Fahrrad_endmontiert,Mountainbike_Fahrrad_endmontiert,25
1645,30,1,Mountainbike_Rahmen_lackiert,Mountainbike_Rahmen_lackiert,20
1645,31,1,Mountainbike_Steuerrohr_montiert,Mountainbike_Steuerrohr_montiert,20
1645,32,1,E-Bike_Hinterbau_vorbereitet,E-Bike_Hinterbau_vorbereitet,28
1645,33,2,Mountainbike_Rahmen_lackiert,Mountainbike_Rahmen_lackiert,24
1645,34,0,Mountainbike_Schaltauge_bearbeitet,Mountainbike_Schaltauge_bearbeitet,40
1645,35,0,E-Bike_Rahmen_nachbearbeitet,E-Bike_Rahmen_nachbearbeitet,55
1645,36,2,Mountainbike_Bremsen_justiert,Mountainbike_Bremsen_justiert,15
1645,37,1,E-Bike_Bremsen_justiert,E-Bike_Bremsen_justiert,20
1645,38,1,E-Bike_Hinterbau_vorbereitet,E-Bike_Hinterbau_vorbereitet,20
1645,39,0,E-Bike_Antrieb_installiert,E-Bike_Antrieb_installiert,40
1645,40,0,Racebike_Antrieb_installiert,Racebike_Antrieb_installiert,47
1645,41,2,Citybike_Hauptrahmen_zugeschnitten,Citybike_Hauptrahmen_zugeschnitten,18
1645,42,2,Racebike_Rahmen_komplettiert,Racebike_Rahmen_komplettiert,10
1645,43,0,Citybike_Rahmen_lackiert,Citybike_Rahmen_lackiert,43
1645,44,2,Mountainbike_Tretlageraufnahme_geschweisst,Mountainbike_Tretlageraufnahme_geschweisst,13
1645,45,0,E-Bike_Tretlager_gefraest,E-Bike_Tretlager_gefraest,43
1645,46,2,E-Bike_Bremsaufnahme_gebohrt,E-Bike_Bremsaufnahme_gebohrt,24
1645,47,0,Mountainbike_Steuerrohr_montiert,Mountainbike_Steuerrohr_montiert,53
1645,48,0,Mountainbike_Rahmen_nachbearbeitet,Mountainbike_Rahmen_nachbearbeitet,40
1645,49,1,Racebike_Fahrrad_endmontiert,Racebike_Fahrrad_endmontiert,26
1645,50,0,E-Bike_Hinterbau_vorbereitet,E-Bike_Hinterbau_vorbereitet,55
1645,51,0,Racebike_Rahmen_lackiert,Racebike_Rahmen_lackiert,47
1645,52,2,Racebike_Antrieb_installiert,Racebike_Antrieb_installiert,25
1645,53,2,Mountainbike_Hinterbau_vorbereitet,Mountainbike_Hinterbau_vorbereitet,13
1645,54,2,Mountainbike_Laufraeder_montiert,Mountainbike_Laufraeder_montiert,15
1645,55,0,E-Bike_Tretlager_gefraest,E-Bike_Tretlager_gefraest,47
1645,56,0,Racebike_Rahmen_komplettiert,Racebike_Rahmen_komplettiert,47
1645,57,2,Citybike_Schaltauge_bearbeitet,Citybike_Schaltauge_bearbeitet,18
1645,58,1,Citybike_Bremsen_justiert,Citybike_Bremsen_justiert,25
1645,59,1,Racebike_Rahmen_nachbearbeitet,Racebike_Rahmen_nachbearbeitet,15
1645,60,1,Racebike_Tretlageraufnahme_geschweisst,Racebike_Tretlageraufnahme_geschweisst,20
1645,61,0,Mountainbike_Bremsaufnahme_gebohrt,Mountainbike_Bremsaufnahme_gebohrt,38
1645,62,0,Mountainbike_Hauptrahmen_zugeschnitten,Mountainbike_Hauptrahmen_zugeschnitten,40
1645,63,0,Racebike_Rahmen_komplettiert,Racebike_Rahmen_komplettiert,35
1645,64,1,Racebike_Hauptrahmen_zugeschnitten,Racebike_Hauptrahmen_zugeschnitten,20
1645,65,2,Mountainbike_Tretlageraufnahme_geschweisst,Mountainbike_Tretlageraufnahme_geschweisst,12
1645,66,2,Mountainbike_Tretlageraufnahme_geschweisst,Mountainbike_Tretlageraufnahme_geschweisst,10
1645,67,0,Citybike_Hauptrahmen_zugeschnitten,Citybike_Hauptrahmen_zugeschnitten,43
1645,68,0,Mountainbike_Tretlager_gefraest,Mountainbike_Tretlager_gefraest,40
1645,69,0,Citybike_Fahrrad_endmontiert,Citybike_Fahrrad_endmontiert,39
1645,70,0,Mountainbike_Hinterbau_vorbereitet,Mountainbike_Hinterbau_vorbereitet,40
1645,71,2,Mountainbike_Rahmen_nachbearbeitet,Mountainbike_Rahmen_nachbearbeitet,15
1645,72,1,Mountainbike_Rahmen_komplettiert,Mountainbike_Rahmen_komplettiert,25
1645,73,2,Citybike_Steuerrohr_montiert,Citybike_Steuerrohr_montiert,18
1645,74,1,E-Bike_Laufraeder_montiert,E-Bike_Laufraeder_montiert,28
1645,75,1,Mountainbike_Antrieb_installiert,Mountainbike_Antrieb_installiert,26
1645,76,1,Mountainbike_Fahrrad_endmontiert,Mountainbike_Fahrrad_endmontiert,20
1645,77,1,Racebike_Rahmen_nachbearbeitet,Racebike_Rahmen_nachbearbeitet,24
1645,78,1,Citybike_Fahrrad_endmontiert,Citybike_Fahrrad_endmontiert,25
1645,79,2,Racebike_Antrieb_installiert,Racebike_Antrieb_installiert,10
1645,80,1,E-Bike_Hauptrahmen_zugeschnitten,E-Bike_Hauptrahmen_zugeschnitten,27
1645,81,0,Racebike_Hinterbau_vorbereitet,Racebike_Hinterbau_vorbereitet,35
1645,82,1,Mountainbike_Bremsaufnahme_gebohrt,Mountainbike_Bremsaufnahme_gebohrt,26
1645,83,1,Mountainbike_Rahmen_nachbearbeitet,Mountainbike_Rahmen_nachbearbeitet,20
1645,84,0,Citybike_Rahmen_komplettiert,Citybike_Rahmen_komplettiert,43
1645,85,0,Mountainbike_Hauptrahmen_zugeschnitten,Mountainbike_Hauptrahmen_zugeschnitten,40
1645,86,1,Mountainbike_Steuerrohr_ausgerieben,Mountainbike_Steuerrohr_ausgerieben,20
1645,87,1,Mountainbike_Rahmen_lackiert,Mountainbike_Rahmen_lackiert,20
1645,88,2,Mountainbike_Bremsen_justiert,Mountainbike_Bremsen_justiert,13
1645,89,1,Racebike_Schaltauge_bearbeitet,Racebike_Schaltauge_bearbeitet,24
1645,90,0,Racebike_Bremsen_justiert,Racebike_Bremsen_justiert,35
1645,91,0,E-Bike_Bremsen_justiert,E-Bike_Bremsen_justiert,47
1645,92,0,Mountainbike_Tretlager_gefraest,Mountainbike_Tretlager_gefraest,53
1645,93,2,Racebike_Hinterbau_vorbereitet,Racebike_Hinterbau_vorbereitet,16
1645,94,0,Racebike_Rahmen_lackiert,Racebike_Rahmen_lackiert,35
1645,95,1,Racebike_Rahmen_lackiert,Racebike_Rahmen_lackiert,20
1645,96,1,Citybike_Antrieb_installiert,Citybike_Antrieb_installiert,25
1645,97,1,E-Bike_Hauptrahmen_zugeschnitten,E-Bike_Hauptrahmen_zugeschnitten,27
1645,98,0,Racebike_Tretlager_gefraest,Racebike_Tretlager_gefraest,40
1645,99,1,E-Bike_Hinterbau_vorbereitet,E-Bike_Hinterbau_vorbereitet,20
1645,100,2,Citybike_Tretlageraufnahme_geschweisst,Citybike_Tretlageraufnahme_geschweisst,18
1645,101,1,Citybike_Rahmen_lackiert,Citybike_Rahmen_lackiert,28
1645,102,0,E-Bike_Rahmen_nachbearbeitet,E-Bike_Rahmen_nachbearbeitet,47
1645,103,1,Citybike_Rahmen_nachbearbeitet,Citybike_Rahmen_nachbearbeitet,20
1645,104,1,Racebike_Tretlager_gefraest,Racebike_Tretlager_gefraest,15
1645,105,1,Mountainbike_Hauptrahmen_zugeschnitten,Mountainbike_Hauptrahmen_zugeschnitten,25
1645,106,1,Racebike_Bremsaufnahme_gebohrt,Racebike_Bremsaufnahme_gebohrt,24
1645,107,2,Mountainbike_Laufraeder_montiert,Mountainbike_Laufraeder_montiert,12
1645,108,2,Racebike_Rahmen_komplettiert,Racebike_Rahmen_komplettiert,16
1645,109,2,E-Bike_Steuerrohr_montiert,E-Bike_Steuerrohr_montiert,25
1645,110,2,Mountainbike_Antrieb_installiert,Mountainbike_Antrieb_installiert,24
1645,111,1,E-Bike_Rahmen_lackiert,E-Bike_Rahmen_lackiert,28
1645,112,2,E-Bike_Rahmen_komplettiert,E-Bike_Rahmen_komplettiert,24
1645,113,1,Racebike_Steuerrohr_ausgerieben,Racebike_Steuerrohr_ausgerieben,26
1645,114,2,Mountainbike_Steuerrohr_ausgerieben,Mountainbike_Steuerrohr_ausgerieben,24
1645,115,2,E-Bike_Schaltauge_bearbeitet,E-Bike_Schaltauge_bearbeitet,24
1645,116,2,E-Bike_Rahmen_nachbearbeitet,E-Bike_Rahmen_nachbearbeitet,15
1645,117,0,Mountainbike_Steuerrohr_montiert,Mountainbike_Steuerrohr_montiert,53
1645,118,1,Racebike_Steuerrohr_ausgerieben,Racebike_Steuerrohr_ausgerieben,15
1645,119,1,Racebike_Tretlageraufnahme_geschweisst,Racebike_Tretlageraufnahme_geschweisst,20
1645,120,2,Racebike_Hauptrahmen_zugeschnitten,Racebike_Hauptrahmen_zugeschnitten,25
1645,121,0,Racebike_Steuerrohr_montiert,Racebike_Steuerrohr_montiert,35
1645,122,1,Mountainbike_Steuerrohr_montiert,Mountainbike_Steuerrohr_montiert,25
1645,123,0,Racebike_Bremsen_justiert,Racebike_Bremsen_justiert,40
1646,3,0,Racebike_Hauptrahmen_zugeschnitten,Racebike_Hauptrahmen_zugeschnitten,35
1646,4,1,Mountainbike_Tretlager_gefraest,Mountainbike_Tretlager_gefraest,20
1646,6,1,Racebike_Fahrrad_endmontiert,Racebike_Fahrrad_endmontiert,24
1646,7,1,Racebike_Bremsaufnahme_gebohrt,Racebike_Bremsaufnahme_gebohrt,20
1646,8,1,E-Bike_Schaltauge_bearbeitet,E-Bike_Schaltauge_bearbeitet,28
1646,9,2,E-Bike_Rahmen_komplettiert,E-Bike_Rahmen_komplettiert,15
1646,10,0,Citybike_Hinterbau_vorbereitet,Citybike_Hinterbau_vorbereitet,43
1646,11,1,Racebike_Laufraeder_montiert,Racebike_Laufraeder_montiert,26
1646,12,1,Citybike_Hinterbau_vorbereitet,Citybike_Hinterbau_vorbereitet,25
1646,13,2,Racebike_Antrieb_installiert,Racebike_Antrieb_installiert,25
1646,14,0,Citybike_Rahmen_nachbearbeitet,Citybike_Rahmen_nachbearbeitet,40
1646,15,0,E-Bike_Tretlager_gefraest,E-Bike_Tretlager_gefraest,43
1646,16,1,Citybike_Tretlager_gefraest,Citybike_Tretlager_gefraest,20
1646,17,0,E-Bike_Bremsaufnahme_gebohrt,E-Bike_Bremsaufnahme_gebohrt,40
1646,18,1,E-Bike_Bremsen_justiert,E-Bike_Bremsen_justiert,27
1646,19,2,Mountainbike_Bremsen_justiert,Mountainbike_Bremsen_justiert,13
1646,20,1,Racebike_Hinterbau_vorbereitet,Racebike_Hinterbau_vorbereitet,26
1646,21,2,Mountainbike_Tretlageraufnahme_geschweisst,Mountainbike_Tretlageraufnahme_geschweisst,15
1646,22,2,Mountainbike_Hinterbau_vorbereitet,Mountainbike_Hinterbau_vorbereitet,15
1646,23,1,E-Bike_Laufraeder_montiert,E-Bike_Laufraeder_montiert,28
1646,24,1,Racebike_Rahmen_nachbearbeitet,Racebike_Rahmen_nachbearbeitet,26
1646,25,0,Mountainbike_Schaltauge_bearbeitet,Mountainbike_Schaltauge_bearbeitet,53
1646,26,1,E-Bike_Hinterbau_vorbereitet,E-Bike_Hinterbau_vorbereitet,28
1646,27,1,E-Bike_Hauptrahmen_zugeschnitten,E-Bike_Hauptrahmen_zugeschnitten,20
1646,28,1,Mountainbike_Steuerrohr_montiert,Mountainbike_Steuerrohr_montiert,26
1646,29,1,E-Bike_Tretlageraufnahme_geschweisst,E-Bike_Tretlageraufnahme_geschweisst,28
1646,30,0,E-Bike_Antrieb_installiert,E-Bike_Antrieb_installiert,55
1646,31,2,Racebike_Rahmen_komplettiert,Racebike_Rahmen_komplettiert,16
1646,32,0,Racebike_Bremsen_justiert,Racebike_Bremsen_justiert,47
1646,33,1,E-Bike_Tretlager_gefraest,E-Bike_Tretlager_gefraest,20
1646,34,2,Citybike_Hauptrahmen_zugeschnitten,Citybike_Hauptrahmen_zugeschnitten,18
1646,35,1,Citybike_Bremsen_justiert,Citybike_Bremsen_justiert,28
1646,36,0,Racebike_Hinterbau_vorbereitet,Racebike_Hinterbau_vorbereitet,40
1646,37,2,Mountainbike_Tretlageraufnahme_geschweisst,Mountainbike_Tretlageraufnahme_geschweisst,12
1646,38,2,Racebike_Rahmen_nachbearbeitet,Racebike_Rahmen_nachbearbeitet,16
1646,39,1,Mountainbike_Fahrrad_endmontiert,Mountainbike_Fahrrad_endmontiert,20
1646,40,1,E-Bike_Hinterbau_vorbereitet,E-Bike_Hinterbau_vorbereitet,28
1646,41,0,E-Bike_Fahrrad_endmontiert,E-Bike_Fahrrad_endmontiert,47
1646,42,1,Citybike_Antrieb_installiert,Citybike_Antrieb_installiert,28
1646,43,2,Mountainbike_Rahmen_lackiert,Mountainbike_Rahmen_lackiert,13
1646,44,0,Mountainbike_Hinterbau_vorbereitet,Mountainbike_Hinterbau_vorbereitet,53
1646,45,2,Citybike_Tretlageraufnahme_geschweisst,Citybike_Tretlageraufnahme_geschweisst,18
1646,46,2,E-Bike_Rahmen_komplettiert,E-Bike_Rahmen_komplettiert,24
1646,47,1,Citybike_Bremsen_justiert,Citybike_Bremsen_justiert,20
1646,48,1,Mountainbike_Antrieb_installiert,Mountainbike_Antrieb_installiert,20
1646,49,0,Racebike_Fahrrad_endmontiert,Racebike_Fahrrad_endmontiert,35
1646,50,0,E-Bike_Steuerrohr_ausgerieben,E-Bike_Steuerrohr_ausgerieben,47
1646,51,1,E-Bike_Hinterbau_vorbereitet,E-Bike_Hinterbau_vorbereitet,28
1646,52,1,Racebike_Rahmen_lackiert,Racebike_Rahmen_lackiert,26
1646,53,0,E-Bike_Rahmen_nachbearbeitet,E-Bike_Rahmen_nachbearbeitet,40
1646,54,1,Mountainbike_Fahrrad_endmontiert,Mountainbike_Fahrrad_endmontiert,25
1646,55,0,Mountainbike_Tretlageraufnahme_geschweisst,Mountainbike_Tretlageraufnahme_geschweisst,53
1646,56,2,Mountainbike_Laufraeder_montiert,Mountainbike_Laufraeder_montiert,24
1646,57,0,Citybike_Rahmen_lackiert,Citybike_Rahmen_lackiert,39
1646,58,0,Citybike_Hauptrahmen_zugeschnitten,Citybike_Hauptrahmen_zugeschnitten,40
1646,59,2,Racebike_Hinterbau_vorbereitet,Racebike_Hinterbau_vorbereitet,16
1646,60,0,Racebike_Rahmen_lackiert,Racebike_Rahmen_lackiert,42
1646,61,2,Citybike_Schaltauge_bearbeitet,Citybike_Schaltauge_bearbeitet,18
1646,62,0,Racebike_Antrieb_installiert,Racebike_Antrieb_installiert,40
1646,63,2,Citybike_Steuerrohr_montiert,Citybike_Steuerrohr_montiert,15
1646,64,0,Mountainbike_Tretlager_gefraest,Mountainbike_Tretlager_gefraest,38
1646,65,2,E-Bike_Steuerrohr_montiert,E-Bike_Steuerrohr_montiert,24
1646,66,0,E-Bike_Hinterbau_vorbereitet,E-Bike_Hinterbau_vorbereitet,55
1646,67,1,Citybike_Fahrrad_endmontiert,Citybike_Fahrrad_endmontiert,15
1646,68,1,Mountainbike_Rahmen_lackiert,Mountainbike_Rahmen_lackiert,20
1646,69,1,Racebike_Tretlageraufnahme_geschweisst,Racebike_Tretlageraufnahme_geschweisst,24
1646,70,0,Racebike_Tretlager_gefraest,Racebike_Tretlager_gefraest,47
1646,71,0,Citybike_Fahrrad_endmontiert,Citybike_Fahrrad_endmontiert,43
1646,72,1,Racebike_Steuerrohr_ausgerieben,Racebike_Steuerrohr_ausgerieben,20
1646,73,2,Mountainbike_Bremsen_justiert,Mountainbike_Bremsen_justiert,24
1646,74,2,Mountainbike_Rahmen_nachbearbeitet,Mountainbike_Rahmen_nachbearbeitet,15
1646,75,0,Racebike_Rahmen_lackiert,Racebike_Rahmen_lackiert,42
1646,76,1,Citybike_Rahmen_lackiert,Citybike_Rahmen_lackiert,25
1646,77,2,Mountainbike_Steuerrohr_ausgerieben,Mountainbike_Steuerrohr_ausgerieben,15
1646,78,0,Racebike_Rahmen_komplettiert,Racebike_Rahmen_komplettiert,40
1646,79,0,Mountainbike_Rahmen_lackiert,Mountainbike_Rahmen_lackiert,38
1646,80,1,E-Bike_Hinterbau_vorbereitet,E-Bike_Hinterbau_vorbereitet,27
1646,81,0,Mountainbike_Tretlager_gefraest,Mountainbike_Tretlager_gefraest,40
1646,82,0,Mountainbike_Hauptrahmen_zugeschnitten,Mountainbike_Hauptrahmen_zugeschnitten,40
1646,83,1,Racebike_Hauptrahmen_zugeschnitten,Racebike_Hauptrahmen_zugeschnitten,26
1646,84,0,E-Bike_Rahmen_nachbearbeitet,E-Bike_Rahmen_nachbearbeitet,55
1646,85,0,E-Bike_Tretlager_gefraest,E-Bike_Tretlager_gefraest,40
1646,86,1,Racebike_Rahmen_nachbearbeitet,Racebike_Rahmen_nachbearbeitet,20
1646,87,1,Mountainbike_Fahrrad_endmontiert,Mountainbike_Fahrrad_endmontiert,25
1646,88,2,Racebike_Antrieb_installiert,Racebike_Antrieb_installiert,16
1646,89,1,Mountainbike_Bremsaufnahme_gebohrt,Mountainbike_Bremsaufnahme_gebohrt,20
1646,90,2,E-Bike_Bremsaufnahme_gebohrt,E-Bike_Bremsaufnahme_gebohrt,25
1646,91,1,Mountainbike_Rahmen_nachbearbeitet,Mountainbike_Rahmen_nachbearbeitet,20
1646,92,1,Racebike_Schaltauge_bearbeitet,Racebike_Schaltauge_bearbeitet,24
1646,93,1,E-Bike_Rahmen_lackiert,E-Bike_Rahmen_lackiert,28
1646,94,1,Citybike_Rahmen_nachbearbeitet,Citybike_Rahmen_nachbearbeitet,28
1646,95,0,Racebike_Rahmen_komplettiert,Racebike_Rahmen_komplettiert,47
1646,96,2,Mountainbike_Laufraeder_montiert,Mountainbike_Laufraeder_montiert,24
1646,97,0,E-Bike_Bremsen_justiert,E-Bike_Bremsen_justiert,47
1646,98,1,Racebike_Bremsaufnahme_gebohrt,Racebike_Bremsaufnahme_gebohrt,15
1646,99,0,Mountainbike_Hauptrahmen_zugeschnitten,Mountainbike_Hauptrahmen_zugeschnitten,53
1646,100,2,Mountainbike_Antrieb_installiert,Mountainbike_Antrieb_installiert,15
1646,101,1,E-Bike_Hauptrahmen_zugeschnitten,E-Bike_Hauptrahmen_zugeschnitten,28
1646,102,2,E-Bike_Schaltauge_bearbeitet,E-Bike_Schaltauge_bearbeitet,24
1646,103,1,Mountainbike_Bremsaufnahme_gebohrt,Mountainbike_Bremsaufnahme_gebohrt,26
1646,104,0,Mountainbike_Steuerrohr_montiert,Mountainbike_Steuerrohr_montiert,40
1646,105,2,Mountainbike_Tretlageraufnahme_geschweisst,Mountainbike_Tretlageraufnahme_geschweisst,24
1646,106,0,Mountainbike_Bremsaufnahme_gebohrt,Mountainbike_Bremsaufnahme_gebohrt,40
1646,107,0,Mountainbike_Hinterbau_vorbereitet,Mountainbike_Hinterbau_vorbereitet,40
1646,108,1,Mountainbike_Rahmen_komplettiert,Mountainbike_Rahmen_komplettiert,20
1646,109,0,Citybike_Rahmen_komplettiert,Citybike_Rahmen_komplettiert,39
1646,110,2,Racebike_Rahmen_komplettiert,Racebike_Rahmen_komplettiert,16
1646,111,2,E-Bike_Rahmen_komplettiert,E-Bike_Rahmen_komplettiert,25
1646,112,1,Mountainbike_Steuerrohr_ausgerieben,Mountainbike_Steuerrohr_ausgerieben,20
1646,113,1,Mountainbike_Hauptrahmen_zugeschnitten,Mountainbike_Hauptrahmen_zugeschnitten,20
1646,114,1,Mountainbike_Rahmen_lackiert,Mountainbike_Rahmen_lackiert,20
1646,115,1,Mountainbike_Steuerrohr_montiert,Mountainbike_Steuerrohr_montiert,20
1646,116,1,Racebike_Steuerrohr_ausgerieben,Racebike_Steuerrohr_ausgerieben,24
1646,117,0,Mountainbike_Steuerrohr_montiert,Mountainbike_Steuerrohr_montiert,40
1646,118,2,Racebike_Hauptrahmen_zugeschnitten,Racebike_Hauptrahmen_zugeschnitten,25
1646,119,0,Racebike_Steuerrohr_montiert,Racebike_Steuerrohr_montiert,35
1646,120,2,E-Bike_Rahmen_nachbearbeitet,E-Bike_Rahmen_nachbearbeitet,25
1646,121,1,Racebike_Tretlager_gefraest,Racebike_Tretlager_gefraest,20
1646,122,1,Racebike_Tretlageraufnahme_geschweisst,Racebike_Tretlageraufnahme_geschweisst,20
1646,123,0,Racebike_Bremsen_justiert,Racebike_Bremsen_justiert,40
1647,3,1,Racebike_Bremsaufnahme_gebohrt,Racebike_Bremsaufnahme_gebohrt,24
1647,4,2,E-Bike_Rahmen_komplettiert,E-Bike_Rahmen_komplettiert,15
1647,6,0,Mountainbike_Tretlageraufnahme_geschweisst,Mountainbike_Tretlageraufnahme_geschweisst,53
1647,7,2,Racebike_Antrieb_installiert,Racebike_Antrieb_installiert,25
1647,8,1,Citybike_Tretlager_gefraest,Citybike_Tretlager_gefraest,25
1647,9,1,Racebike_Rahmen_nachbearbeitet,Racebike_Rahmen_nachbearbeitet,15
1647,10,1,E-Bike_Bremsen_justiert,E-Bike_Bremsen_justiert,28
1647,11,1,Mountainbike_Fahrrad_endmontiert,Mountainbike_Fahrrad_endmontiert,26
1647,12,1,Citybike_Hinterbau_vorbereitet,Citybike_Hinterbau_vorbereitet,15
1647,13,1,Citybike_Bremsen_justiert,Citybike_Bremsen_justiert,20
1647,14,0,E-Bike_Hinterbau_vorbereitet,E-Bike_Hinterbau_vorbereitet,55
1647,15,1,Mountainbike_Rahmen_komplettiert,Mountainbike_Rahmen_komplettiert,20
1647,16,0,Mountainbike_Rahmen_nachbearbeitet,Mountainbike_Rahmen_nachbearbeitet,53
1647,17,0,Racebike_Hauptrahmen_zugeschnitten,Racebike_Hauptrahmen_zugeschnitten,35
1647,18,2,Racebike_Hinterbau_vorbereitet,Racebike_Hinterbau_vorbereitet,15
1647,19,2,Mountainbike_Rahmen_lackiert,Mountainbike_Rahmen_lackiert,13
1647,20,1,Racebike_Laufraeder_montiert,Racebike_Laufraeder_montiert,24
1647,21,2,Racebike_Rahmen_nachbearbeitet,Racebike_Rahmen_nachbearbeitet,16
1647,22,0,E-Bike_Steuerrohr_ausgerieben,E-Bike_Steuerrohr_ausgerieben,47
1647,23,1,E-Bike_Schaltauge_bearbeitet,E-Bike_Schaltauge_bearbeitet,28
1647,24,0,Citybike_Hinterbau_vorbereitet,Citybike_Hinterbau_vorbereitet,54
1647,25,1,Mountainbike_Tretlager_gefraest,Mountainbike_Tretlager_gefraest,26
1647,26,1,Racebike_Hinterbau_vorbereitet,Racebike_Hinterbau_vorbereitet,24
1647,27,2,Mountainbike_Bremsen_justiert,Mountainbike_Bremsen_justiert,13
1647,28,0,Mountainbike_Rahmen_lackiert,Mountainbike_Rahmen_lackiert,40
1647,29,0,Racebike_Antrieb_installiert,Racebike_Antrieb_installiert,35
1647,30,0,E-Bike_Tretlager_gefraest,E-Bike_Tretlager_gefraest,47
1647,31,1,E-Bike_Hinterbau_vorbereitet,E-Bike_Hinterbau_vorbereitet,28
1647,32,1,Mountainbike_Steuerrohr_montiert,Mountainbike_Steuerrohr_montiert,26
1647,33,1,E-Bike_Laufraeder_montiert,E-Bike_Laufraeder_montiert,28
1647,34,1,Racebike_Tretlageraufnahme_geschweisst,Racebike_Tretlageraufnahme_geschweisst,26
1647,35,2,Mountainbike_Tretlageraufnahme_geschweisst,Mountainbike_Tretlageraufnahme_geschweisst,15
1647,36,0,Racebike_Rahmen_komplettiert,Racebike_Rahmen_komplettiert,47
1647,37,1,E-Bike_Hinterbau_vorbereitet,E-Bike_Hinterbau_vorbereitet,28
1647,38,0,Racebike_Rahmen_lackiert,Racebike_Rahmen_lackiert,40
1647,39,2,E-Bike_Rahmen_komplettiert,E-Bike_Rahmen_komplettiert,24
1647,40,1,Racebike_Fahrrad_endmontiert,Racebike_Fahrrad_endmontiert,26
1647,41,1,Mountainbike_Bremsaufnahme_gebohrt,Mountainbike_Bremsaufnahme_gebohrt,25
1647,42,0,Mountainbike_Hinterbau_vorbereitet,Mountainbike_Hinterbau_vorbereitet,38
1647,43,0,E-Bike_Bremsen_justiert,E-Bike_Bremsen_justiert,55
1647,44,0,Mountainbike_Schaltauge_bearbeitet,Mountainbike_Schaltauge_bearbeitet,53
1647,45,0,Citybike_Hauptrahmen_zugeschnitten,Citybike_Hauptrahmen_zugeschnitten,39
1647,46,1,E-Bike_Hauptrahmen_zugeschnitten,E-Bike_Hauptrahmen_zugeschnitten,28
1647,47,2,Racebike_Rahmen_komplettiert,Racebike_Rahmen_komplettiert,25
1647,48,0,Mountainbike_Hinterbau_vorbereitet,Mountainbike_Hinterbau_vorbereitet,40
1647,49,0,Citybike_Rahmen_nachbearbeitet,Citybike_Rahmen_nachbearbeitet,39
1647,50,2,Mountainbike_Bremsen_justiert,Mountainbike_Bremsen_justiert,13
1647,51,0,E-Bike_Antrieb_installiert,E-Bike_Antrieb_installiert,43
1647,52,1,E-Bike_Tretlageraufnahme_geschweisst,E-Bike_Tretlageraufnahme_geschweisst,20
1647,53,2,Citybike_Hauptrahmen_zugeschnitten,Citybike_Hauptrahmen_zugeschnitten,18
1647,54,1,Mountainbike_Rahmen_lackiert,Mountainbike_Rahmen_lackiert,26
1647,55,2,E-Bike_Schaltauge_bearbeitet,E-Bike_Schaltauge_bearbeitet,24
1647,56,2,Mountainbike_Steuerrohr_ausgerieben,Mountainbike_Steuerrohr_ausgerieben,24
1647,57,0,Citybike_Rahmen_lackiert,Citybike_Rahmen_lackiert,54
1647,58,0,Racebike_Fahrrad_endmontiert,Racebike_Fahrrad_endmontiert,42
1647,59,2,Mountainbike_Hinterbau_vorbereitet,Mountainbike_Hinterbau_vorbereitet,15
1647,60,2,E-Bike_Rahmen_nachbearbeitet,E-Bike_Rahmen_nachbearbeitet,24
1647,61,0,Racebike_Rahmen_lackiert,Racebike_Rahmen_lackiert,40
1647,62,0,Mountainbike_Tretlager_gefraest,Mountainbike_Tretlager_gefraest,38
1647,63,0,E-Bike_Rahmen_nachbearbeitet,E-Bike_Rahmen_nachbearbeitet,55
1647,64,1,Citybike_Bremsen_justiert,Citybike_Bremsen_justiert,15
1647,65,2,Mountainbike_Rahmen_nachbearbeitet,Mountainbike_Rahmen_nachbearbeitet,24
1647,66,0,Racebike_Rahmen_komplettiert,Racebike_Rahmen_komplettiert,47
1647,67,1,Citybike_Antrieb_installiert,Citybike_Antrieb_installiert,20
1647,68,0,E-Bike_Tretlager_gefraest,E-Bike_Tretlager_gefraest,47
1647,69,2,Citybike_Tretlageraufnahme_geschweisst,Citybike_Tretlageraufnahme_geschweisst,18
1647,70,2,E-Bike_Bremsaufnahme_gebohrt,E-Bike_Bremsaufnahme_gebohrt,24
1647,71,0,Mountainbike_Steuerrohr_montiert,Mountainbike_Steuerrohr_montiert,53
1647,72,0,Mountainbike_Bremsaufnahme_gebohrt,Mountainbike_Bremsaufnahme_gebohrt,40
1647,73,2,Citybike_Steuerrohr_montiert,Citybike_Steuerrohr_montiert,15
1647,74,0,Racebike_Bremsen_justiert,Racebike_Bremsen_justiert,35
1647,75,2,Citybike_Schaltauge_bearbeitet,Citybike_Schaltauge_bearbeitet,15
1647,76,1,Citybike_Rahmen_lackiert,Citybike_Rahmen_lackiert,20
1647,77,1,Racebike_Hauptrahmen_zugeschnitten,Racebike_Hauptrahmen_zugeschnitten,15
1647,78,1,E-Bike_Tretlager_gefraest,E-Bike_Tretlager_gefraest,28
1647,79,1,Citybike_Rahmen_nachbearbeitet,Citybike_Rahmen_nachbearbeitet,28
1647,80,0,Racebike_Hinterbau_vorbereitet,Racebike_Hinterbau_vorbereitet,40
1647,81,1,Citybike_Fahrrad_endmontiert,Citybike_Fahrrad_endmontiert,20
1647,82,1,Racebike_Bremsaufnahme_gebohrt,Racebike_Bremsaufnahme_gebohrt,15
1647,83,0,Mountainbike_Hauptrahmen_zugeschnitten,Mountainbike_Hauptrahmen_zugeschnitten,38
1647,84,1,Racebike_Rahmen_nachbearbeitet,Racebike_Rahmen_nachbearbeitet,20
1647,85,2,Racebike_Rahmen_komplettiert,Racebike_Rahmen_komplettiert,10
1647,86,1,Racebike_Rahmen_lackiert,Racebike_Rahmen_lackiert,20
1647,87,2,Mountainbike_Tretlageraufnahme_geschweisst,Mountainbike_Tretlageraufnahme_geschweisst,13
1647,88,1,E-Bike_Hauptrahmen_zugeschnitten,E-Bike_Hauptrahmen_zugeschnitten,28
1647,89,1,Mountainbike_Antrieb_installiert,Mountainbike_Antrieb_installiert,26
1647,90,2,Racebike_Antrieb_installiert,Racebike_Antrieb_installiert,16
1647,91,1,Racebike_Tretlager_gefraest,Racebike_Tretlager_gefraest,24
1647,92,1,Mountainbike_Fahrrad_endmontiert,Mountainbike_Fahrrad_endmontiert,25
1647,93,1,Mountainbike_Rahmen_lackiert,Mountainbike_Rahmen_lackiert,20
1647,94,0,Citybike_Fahrrad_endmontiert,Citybike_Fahrrad_endmontiert,39
1647,95,1,Mountainbike_Rahmen_komplettiert,Mountainbike_Rahmen_komplettiert,20
1647,96,2,Mountainbike_Laufraeder_montiert,Mountainbike_Laufraeder_montiert,13
1647,97,0,E-Bike_Fahrrad_endmontiert,E-Bike_Fahrrad_endmontiert,43
1647,98,1,E-Bike_Hinterbau_vorbereitet,E-Bike_Hinterbau_vorbereitet,28
1647,99,1,E-Bike_Hinterbau_vorbereitet,E-Bike_Hinterbau_vorbereitet,15
1647,100,1,Racebike_Schaltauge_bearbeitet,Racebike_Schaltauge_bearbeitet,26
1647,101,0,Racebike_Tretlager_gefraest,Racebike_Tretlager_gefraest,47
1647,102,0,Mountainbike_Hauptrahmen_zugeschnitten,Mountainbike_Hauptrahmen_zugeschnitten,38
1647,103,0,Mountainbike_Tretlager_gefraest,Mountainbike_Tretlager_gefraest,40
1647,104,2,Mountainbike_Laufraeder_montiert,Mountainbike_Laufraeder_montiert,10
1647,105,0,Citybike_Rahmen_komplettiert,Citybike_Rahmen_komplettiert,39
1647,106,1,Racebike_Steuerrohr_ausgerieben,Racebike_Steuerrohr_ausgerieben,20
1647,107,0,E-Bike_Rahmen_nachbearbeitet,E-Bike_Rahmen_nachbearbeitet,43
1647,108,2,Mountainbike_Antrieb_installiert,Mountainbike_Antrieb_installiert,15
1647,109,2,E-Bike_Steuerrohr_montiert,E-Bike_Steuerrohr_montiert,24
1647,110,2,Mountainbike_Tretlageraufnahme_geschweisst,Mountainbike_Tretlageraufnahme_geschweisst,24
1647,111,1,Mountainbike_Bremsaufnahme_gebohrt,Mountainbike_Bremsaufnahme_gebohrt,25
1647,112,1,Mountainbike_Steuerrohr_ausgerieben,Mountainbike_Steuerrohr_ausgerieben,20
1647,113,0,Mountainbike_Steuerrohr_montiert,Mountainbike_Steuerrohr_montiert,53
1647,114,1,Mountainbike_Rahmen_nachbearbeitet,Mountainbike_Rahmen_nachbearbeitet,20
1647,115,1,E-Bike_Rahmen_lackiert,E-Bike_Rahmen_lackiert,28
1647,116,1,Racebike_Steuerrohr_ausgerieben,Racebike_Steuerrohr_ausgerieben,26
1647,117,1,Racebike_Tretlageraufnahme_geschweisst,Racebike_Tretlageraufnahme_geschweisst,20
1647,118,1,Mountainbike_Hauptrahmen_zugeschnitten,Mountainbike_Hauptrahmen_zugeschnitten,25
1647,119,2,Racebike_Hauptrahmen_zugeschnitten,Racebike_Hauptrahmen_zugeschnitten,16
1647,120,2,E-Bike_Rahmen_komplettiert,E-Bike_Rahmen_komplettiert,25
1647,121,0,Racebike_Steuerrohr_montiert,Racebike_Steuerrohr_montiert,35
1647,122,1,Mountainbike_Steuerrohr_montiert,Mountainbike_Steuerrohr_montiert,20
1647,123,0,Racebike_Bremsen_justiert,Racebike_Bremsen_justiert,40
1648,2,0,Citybike_Hinterbau_vorbereitet,Citybike_Hinterbau_vorbereitet,39
1648,5,1,Citybike_Tretlager_gefraest,Citybike_Tretlager_gefraest,15
1648,6,2,Racebike_Antrieb_installiert,Racebike_Antrieb_installiert,25
1648,7,2,E-Bike_Tretlageraufnahme_geschweisst,E-Bike_Tretlageraufnahme_geschweisst,25
1648,8,1,Racebike_Bremsaufnahme_gebohrt,Racebike_Bremsaufnahme_gebohrt,15
1648,9,1,Racebike_Rahmen_nachbearbeitet,Racebike_Rahmen_nachbearbeitet,20
1648,10,0,E-Bike_Tretlager_gefraest,E-Bike_Tretlager_gefraest,43
1648,11,0,E-Bike_Bremsaufnahme_gebohrt,E-Bike_Bremsaufnahme_gebohrt,40
1648,12,0,Mountainbike_Rahmen_nachbearbeitet,Mountainbike_Rahmen_nachbearbeitet,53
1648,13,1,Mountainbike_Fahrrad_endmontiert,Mountainbike_Fahrrad_endmontiert,25
1648,14,0,E-Bike_Steuerrohr_ausgerieben,E-Bike_Steuerrohr_ausgerieben,55
1648,15,0,Racebike_Hauptrahmen_zugeschnitten,Racebike_Hauptrahmen_zugeschnitten,47
1648,16,2,Racebike_Hinterbau_vorbereitet,Racebike_Hinterbau_vorbereitet,25
1648,17,1,Citybike_Bremsen_justiert,Citybike_Bremsen_justiert,15
1648,18,0,E-Bike_Hinterbau_vorbereitet,E-Bike_Hinterbau_vorbereitet,47
1648,19,1,E-Bike_Laufraeder_montiert,E-Bike_Laufraeder_montiert,27
1648,20,1,E-Bike_Bremsen_justiert,E-Bike_Bremsen_justiert,20
1648,21,2,Racebike_Rahmen_nachbearbeitet,Racebike_Rahmen_nachbearbeitet,15
1648,22,2,Mountainbike_Bremsen_justiert,Mountainbike_Bremsen_justiert,13
1648,23,0,Racebike_Rahmen_lackiert,Racebike_Rahmen_lackiert,47
1648,24,1,E-Bike_Hinterbau_vorbereitet,E-Bike_Hinterbau_vorbereitet,20
1648,25,0,Mountainbike_Schaltauge_bearbeitet,Mountainbike_Schaltauge_bearbeitet,38
1648,26,0,E-Bike_Rahmen_nachbearbeitet,E-Bike_Rahmen_nachbearbeitet,55
1648,27,2,Mountainbike_Rahmen_lackiert,Mountainbike_Rahmen_lackiert,15
1648,28,1,E-Bike_Schaltauge_bearbeitet,E-Bike_Schaltauge_bearbeitet,20
1648,29,1,E-Bike_Hinterbau_vorbereitet,E-Bike_Hinterbau_vorbereitet,20
1648,30,1,E-Bike_Hauptrahmen_zugeschnitten,E-Bike_Hauptrahmen_zugeschnitten,20
1648,31,1,E-Bike_Hinterbau_vorbereitet,E-Bike_Hinterbau_vorbereitet,20
1648,32,0,Citybike_Hauptrahmen_zugeschnitten,Citybike_Hauptrahmen_zugeschnitten,54
1648,33,0,E-Bike_Antrieb_installiert,E-Bike_Antrieb_installiert,43
1648,34,2,Mountainbike_Tretlageraufnahme_geschweisst,Mountainbike_Tretlageraufnahme_geschweisst,15
1648,35,1,Racebike_Fahrrad_endmontiert,Racebike_Fahrrad_endmontiert,26
1648,36,1,Racebike_Laufraeder_montiert,Racebike_Laufraeder_montiert,20
1648,37,1,Racebike_Hinterbau_vorbereitet,Racebike_Hinterbau_vorbereitet,20
1648,38,1,Racebike_Tretlager_gefraest,Racebike_Tretlager_gefraest,20
1648,39,2,Mountainbike_Hinterbau_vorbereitet,Mountainbike_Hinterbau_vorbereitet,15
1648,40,1,Mountainbike_Tretlager_gefraest,Mountainbike_Tretlager_gefraest,25
1648,41,2,E-Bike_Rahmen_komplettiert,E-Bike_Rahmen_komplettiert,24
1648,42,1,Mountainbike_Rahmen_lackiert,Mountainbike_Rahmen_lackiert,20
1648,43,0,Racebike_Hinterbau_vorbereitet,Racebike_Hinterbau_vorbereitet,47
1648,44,1,Racebike_Bremsaufnahme_gebohrt,Racebike_Bremsaufnahme_gebohrt,24
1648,45,0,Racebike_Antrieb_installiert,Racebike_Antrieb_installiert,40
1648,46,0,Mountainbike_Tretlageraufnahme_geschweisst,Mountainbike_Tretlageraufnahme_geschweisst,38
1648,47,1,Racebike_Tretlageraufnahme_geschweisst,Racebike_Tretlageraufnahme_geschweisst,20
1648,48,1,Mountainbike_Antrieb_installiert,Mountainbike_Antrieb_installiert,25
1648,49,0,Mountainbike_Tretlager_gefraest,Mountainbike_Tretlager_gefraest,40
1648,50,0,Mountainbike_Tretlager_gefraest,Mountainbike_Tretlager_gefraest,25
1648,51,1,Racebike_Tretlageraufnahme_geschweisst,Racebike_Tretlageraufnahme_geschweisst,24
1648,52,1,Mountainbike_Fahrrad_endmontiert,Mountainbike_Fahrrad_endmontiert,25
1648,53,2,Citybike_Steuerrohr_montiert,Citybike_Steuerrohr_montiert,15
1648,54,0,Racebike_Fahrrad_endmontiert,Racebike_Fahrrad_endmontiert,35
1648,55,2,Mountainbike_Rahmen_nachbearbeitet,Mountainbike_Rahmen_nachbearbeitet,12
1648,56,1,Mountainbike_Steuerrohr_montiert,Mountainbike_Steuerrohr_montiert,20
1648,57,1,E-Bike_Tretlageraufnahme_geschweisst,E-Bike_Tretlageraufnahme_geschweisst,28
1648,58,0,Racebike_Rahmen_komplettiert,Racebike_Rahmen_komplettiert,40
1648,59,1,Citybike_Fahrrad_endmontiert,Citybike_Fahrrad_endmontiert,28
1648,60,2,Mountainbike_Laufraeder_montiert,Mountainbike_Laufraeder_montiert,15
1648,61,2,Mountainbike_Tretlageraufnahme_geschweisst,Mountainbike_Tretlageraufnahme_geschweisst,15
1648,62,1,E-Bike_Tretlager_gefraest,E-Bike_Tretlager_gefraest,27
1648,63,0,E-Bike_Fahrrad_endmontiert,E-Bike_Fahrrad_endmontiert,47
1648,64,2,Mountainbike_Laufraeder_montiert,Mountainbike_Laufraeder_montiert,15
1648,65,1,E-Bike_Hinterbau_vorbereitet,E-Bike_Hinterbau_vorbereitet,20
1648,66,1,Citybike_Bremsen_justiert,Citybike_Bremsen_justiert,28
1648,67,1,Citybike_Antrieb_installiert,Citybike_Antrieb_installiert,20
1648,68,0,Mountainbike_Hauptrahmen_zugeschnitten,Mountainbike_Hauptrahmen_zugeschnitten,53
1648,69,1,Mountainbike_Fahrrad_endmontiert,Mountainbike_Fahrrad_endmontiert,20
1648,70,0,Mountainbike_Bremsaufnahme_gebohrt,Mountainbike_Bremsaufnahme_gebohrt,40
1648,71,1,Mountainbike_Rahmen_komplettiert,Mountainbike_Rahmen_komplettiert,20
1648,72,1,Mountainbike_Steuerrohr_ausgerieben,Mountainbike_Steuerrohr_ausgerieben,20
1648,73,0,Mountainbike_Hinterbau_vorbereitet,Mountainbike_Hinterbau_vorbereitet,40
1648,74,0,Racebike_Rahmen_lackiert,Racebike_Rahmen_lackiert,35
1648,75,2,Racebike_Rahmen_komplettiert,Racebike_Rahmen_komplettiert,16
1648,76,1,Mountainbike_Bremsaufnahme_gebohrt,Mountainbike_Bremsaufnahme_gebohrt,20
1648,77,0,Racebike_Rahmen_komplettiert,Racebike_Rahmen_komplettiert,40
1648,78,2,Citybike_Tretlageraufnahme_geschweisst,Citybike_Tretlageraufnahme_geschweisst,18
1648,79,0,Racebike_Bremsen_justiert,Racebike_Bremsen_justiert,40
1648,80,0,E-Bike_Tretlager_gefraest,E-Bike_Tretlager_gefraest,47
1648,81,2,E-Bike_Bremsaufnahme_gebohrt,E-Bike_Bremsaufnahme_gebohrt,24
1648,82,1,Citybike_Hinterbau_vorbereitet,Citybike_Hinterbau_vorbereitet,15
1648,83,2,Mountainbike_Bremsen_justiert,Mountainbike_Bremsen_justiert,24
1648,84,2,Mountainbike_Antrieb_installiert,Mountainbike_Antrieb_installiert,15
1648,85,0,Mountainbike_Hauptrahmen_zugeschnitten,Mountainbike_Hauptrahmen_zugeschnitten,53
1648,86,0,E-Bike_Rahmen_nachbearbeitet,E-Bike_Rahmen_nachbearbeitet,55
1648,87,1,Mountainbike_Hauptrahmen_zugeschnitten,Mountainbike_Hauptrahmen_zugeschnitten,20
1648,88,1,Mountainbike_Rahmen_nachbearbeitet,Mountainbike_Rahmen_nachbearbeitet,20
1648,89,2,Mountainbike_Steuerrohr_ausgerieben,Mountainbike_Steuerrohr_ausgerieben,15
1648,90,1,Citybike_Rahmen_lackiert,Citybike_Rahmen_lackiert,15
1648,91,2,E-Bike_Steuerrohr_montiert,E-Bike_Steuerrohr_montiert,24
1648,92,1,Racebike_Rahmen_lackiert,Racebike_Rahmen_lackiert,15
1648,93,0,Racebike_Tretlager_gefraest,Racebike_Tretlager_gefraest,47
1648,94,1,Racebike_Hauptrahmen_zugeschnitten,Racebike_Hauptrahmen_zugeschnitten,20
1648,95,1,Mountainbike_Bremsaufnahme_gebohrt,Mountainbike_Bremsaufnahme_gebohrt,25
1648,96,1,Citybike_Rahmen_nachbearbeitet,Citybike_Rahmen_nachbearbeitet,15
1648,97,2,Mountainbike_Tretlageraufnahme_geschweisst,Mountainbike_Tretlageraufnahme_geschweisst,24
1648,98,1,Racebike_Rahmen_nachbearbeitet,Racebike_Rahmen_nachbearbeitet,15
1648,99,2,Racebike_Antrieb_installiert,Racebike_Antrieb_installiert,16
1648,100,1,Mountainbike_Steuerrohr_montiert,Mountainbike_Steuerrohr_montiert,25
1648,101,1,E-Bike_Rahmen_lackiert,E-Bike_Rahmen_lackiert,28
1648,102,1,Racebike_Steuerrohr_ausgerieben,Racebike_Steuerrohr_ausgerieben,26
1648,103,2,Racebike_Rahmen_komplettiert,Racebike_Rahmen_komplettiert,15
1648,104,0,Citybike_Rahmen_nachbearbeitet,Citybike_Rahmen_nachbearbeitet,43
1648,105,0,Mountainbike_Steuerrohr_montiert,Mountainbike_Steuerrohr_montiert,40
1648,106,2,Citybike_Hauptrahmen_zugeschnitten,Citybike_Hauptrahmen_zugeschnitten,18
1648,107,1,Racebike_Schaltauge_bearbeitet,Racebike_Schaltauge_bearbeitet,20
1648,108,2,E-Bike_Rahmen_komplettiert,E-Bike_Rahmen_komplettiert,24
1648,109,0,Citybike_Rahmen_lackiert,Citybike_Rahmen_lackiert,39
1648,110,2,Citybike_Schaltauge_bearbeitet,Citybike_Schaltauge_bearbeitet,15
1648,111,0,Mountainbike_Hinterbau_vorbereitet,Mountainbike_Hinterbau_vorbereitet,40
1648,112,1,Racebike_Steuerrohr_ausgerieben,Racebike_Steuerrohr_ausgerieben,20
1648,113,1,Mountainbike_Rahmen_lackiert,Mountainbike_Rahmen_lackiert,25
1648,114,0,Mountainbike_Steuerrohr_montiert,Mountainbike_Steuerrohr_montiert,40
1648,115,0,Citybike_Fahrrad_endmontiert,Citybike_Fahrrad_endmontiert,39
1648,116,0,Citybike_Rahmen_komplettiert,Citybike_Rahmen_komplettiert,40
1648,117,2,Racebike_Hauptrahmen_zugeschnitten,Racebike_Hauptrahmen_zugeschnitten,10
1648,118,0,E-Bike_Bremsen_justiert,E-Bike_Bremsen_justiert,43
1648,119,0,Racebike_Steuerrohr_montiert,Racebike_Steuerrohr_montiert,47
1648,120,0,Racebike_Bremsen_justiert,Racebike_Bremsen_justiert,40
1648,121,1,E-Bike_Hauptrahmen_zugeschnitten,E-Bike_Hauptrahmen_zugeschnitten,28
1648,122,2,E-Bike_Schaltauge_bearbeitet,E-Bike_Schaltauge_bearbeitet,25
1648,123,2,E-Bike_Rahmen_nachbearbeitet,E-Bike_Rahmen_nachbearbeitet,15
1649,3,1,Mountainbike_Tretlager_gefraest,Mountainbike_Tretlager_gefraest,20
1649,4,2,Mountainbike_Hinterbau_vorbereitet,Mountainbike_Hinterbau_vorbereitet,15
1649,5,1,E-Bike_Schaltauge_bearbeitet,E-Bike_Schaltauge_bearbeitet,28
1649,6,1,Mountainbike_Steuerrohr_montiert,Mountainbike_Steuerrohr_montiert,26
1649,7,1,Racebike_Bremsaufnahme_gebohrt,Racebike_Bremsaufnahme_gebohrt,24
1649,8,2,E-Bike_Tretlageraufnahme_geschweisst,E-Bike_Tretlageraufnahme_geschweisst,24
1649,10,1,Citybike_Bremsen_justiert,Citybike_Bremsen_justiert,25
1649,11,2,Mountainbike_Laufraeder_montiert,Mountainbike_Laufraeder_montiert,24
1649,12,1,Racebike_Fahrrad_endmontiert,Racebike_Fahrrad_endmontiert,15
1649,13,1,E-Bike_Bremsen_justiert,E-Bike_Bremsen_justiert,28
1649,14,0,Racebike_Hauptrahmen_zugeschnitten,Racebike_Hauptrahmen_zugeschnitten,47
1649,15,1,Mountainbike_Fahrrad_endmontiert,Mountainbike_Fahrrad_endmontiert,26
1649,16,0,E-Bike_Tretlager_gefraest,E-Bike_Tretlager_gefraest,47
1649,17,2,E-Bike_Rahmen_komplettiert,E-Bike_Rahmen_komplettiert,24
1649,18,0,Citybike_Hauptrahmen_zugeschnitten,Citybike_Hauptrahmen_zugeschnitten,54
1649,19,2,Mountainbike_Rahmen_lackiert,Mountainbike_Rahmen_lackiert,24
1649,20,1,E-Bike_Laufraeder_montiert,E-Bike_Laufraeder_montiert,28
1649,21,2,Racebike_Rahmen_nachbearbeitet,Racebike_Rahmen_nachbearbeitet,16
1649,22,0,Mountainbike_Hauptrahmen_zugeschnitten,Mountainbike_Hauptrahmen_zugeschnitten,40
1649,23,1,E-Bike_Hinterbau_vorbereitet,E-Bike_Hinterbau_vorbereitet,20
1649,24,1,Mountainbike_Rahmen_komplettiert,Mountainbike_Rahmen_komplettiert,26
1649,25,0,Racebike_Hinterbau_vorbereitet,Racebike_Hinterbau_vorbereitet,35
1649,26,2,Mountainbike_Tretlageraufnahme_geschweisst,Mountainbike_Tretlageraufnahme_geschweisst,13
1649,27,1,Racebike_Bremsaufnahme_gebohrt,Racebike_Bremsaufnahme_gebohrt,24
1649,28,0,Racebike_Antrieb_installiert,Racebike_Antrieb_installiert,40
1649,29,0,E-Bike_Antrieb_installiert,E-Bike_Antrieb_installiert,47
1649,30,2,Citybike_Steuerrohr_montiert,Citybike_Steuerrohr_montiert,18
1649,31,1,Racebike_Tretlageraufnahme_geschweisst,Racebike_Tretlageraufnahme_geschweisst,20
1649,32,0,Racebike_Rahmen_komplettiert,Racebike_Rahmen_komplettiert,47
1649,33,0,Citybike_Hinterbau_vorbereitet,Citybike_Hinterbau_vorbereitet,43
1649,34,0,E-Bike_Steuerrohr_ausgerieben,E-Bike_Steuerrohr_ausgerieben,43
1649,35,1,Racebike_Hinterbau_vorbereitet,Racebike_Hinterbau_vorbereitet,20
1649,36,0,Mountainbike_Schaltauge_bearbeitet,Mountainbike_Schaltauge_bearbeitet,53
1649,37,1,Racebike_Laufraeder_montiert,Racebike_Laufraeder_montiert,20
1649,38,0,Mountainbike_Rahmen_nachbearbeitet,Mountainbike_Rahmen_nachbearbeitet,40
1649,39,2,Mountainbike_Tretlageraufnahme_geschweisst,Mountainbike_Tretlageraufnahme_geschweisst,12
1649,40,1,Citybike_Hinterbau_vorbereitet,Citybike_Hinterbau_vorbereitet,25
1649,41,0,Mountainbike_Tretlager_gefraest,Mountainbike_Tretlager_gefraest,40
1649,42,0,Racebike_Fahrrad_endmontiert,Racebike_Fahrrad_endmontiert,35
1649,43,2,Racebike_Rahmen_komplettiert,Racebike_Rahmen_komplettiert,16
1649,44,1,Racebike_Steuerrohr_ausgerieben,Racebike_Steuerrohr_ausgerieben,15
1649,45,1,E-Bike_Hinterbau_vorbereitet,E-Bike_Hinterbau_vorbereitet,28
1649,46,1,Mountainbike_Rahmen_lackiert,Mountainbike_Rahmen_lackiert,26
1649,47,0,Racebike_Rahmen_lackiert,Racebike_Rahmen_lackiert,40
1649,48,2,E-Bike_Rahmen_komplettiert,E-Bike_Rahmen_komplettiert,25
1649,49,1,E-Bike_Hauptrahmen_zugeschnitten,E-Bike_Hauptrahmen_zugeschnitten,28
1649,50,2,Racebike_Antrieb_installiert,Racebike_Antrieb_installiert,25
1649,51,1,Racebike_Rahmen_nachbearbeitet,Racebike_Rahmen_nachbearbeitet,26
1649,52,0,Mountainbike_Tretlageraufnahme_geschweisst,Mountainbike_Tretlageraufnahme_geschweisst,38
1649,53,1,Citybike_Fahrrad_endmontiert,Citybike_Fahrrad_endmontiert,25
1649,54,1,E-Bike_Tretlageraufnahme_geschweisst,E-Bike_Tretlageraufnahme_geschweisst,27
1649,55,1,Mountainbike_Fahrrad_endmontiert,Mountainbike_Fahrrad_endmontiert,26
1649,56,2,Racebike_Hauptrahmen_zugeschnitten,Racebike_Hauptrahmen_zugeschnitten,15
1649,57,1,E-Bike_Hinterbau_vorbereitet,E-Bike_Hinterbau_vorbereitet,28
1649,58,2,Racebike_Hinterbau_vorbereitet,Racebike_Hinterbau_vorbereitet,15
1649,59,1,E-Bike_Tretlager_gefraest,E-Bike_Tretlager_gefraest,20
1649,60,0,Citybike_Rahmen_nachbearbeitet,Citybike_Rahmen_nachbearbeitet,39
1649,61,0,Racebike_Steuerrohr_montiert,Racebike_Steuerrohr_montiert,42
1649,62,0,Racebike_Rahmen_komplettiert,Racebike_Rahmen_komplettiert,40
1649,63,2,Racebike_Rahmen_komplettiert,Racebike_Rahmen_komplettiert,15
1649,64,0,Racebike_Bremsen_justiert,Racebike_Bremsen_justiert,40
1649,65,0,Mountainbike_Hinterbau_vorbereitet,Mountainbike_Hinterbau_vorbereitet,38
1649,66,0,E-Bike_Fahrrad_endmontiert,E-Bike_Fahrrad_endmontiert,55
1649,67,0,E-Bike_Rahmen_nachbearbeitet,E-Bike_Rahmen_nachbearbeitet,40
1649,68,1,Citybike_Bremsen_justiert,Citybike_Bremsen_justiert,28
1649,69,1,Racebike_Rahmen_lackiert,Racebike_Rahmen_lackiert,15
1649,70,0,Mountainbike_Rahmen_lackiert,Mountainbike_Rahmen_lackiert,53
1649,71,2,Citybike_Hauptrahmen_zugeschnitten,Citybike_Hauptrahmen_zugeschnitten,18
1649,72,0,E-Bike_Rahmen_nachbearbeitet,E-Bike_Rahmen_nachbearbeitet,55
1649,73,2,Mountainbike_Rahmen_nachbearbeitet,Mountainbike_Rahmen_nachbearbeitet,12
1649,74,0,Racebike_Rahmen_lackiert,Racebike_Rahmen_lackiert,47
1649,75,1,Mountainbike_Bremsaufnahme_gebohrt,Mountainbike_Bremsaufnahme_gebohrt,25
1649,76,1,Citybike_Antrieb_installiert,Citybike_Antrieb_installiert,15
1649,77,0,E-Bike_Tretlager_gefraest,E-Bike_Tretlager_gefraest,47
1649,78,1,E-Bike_Hinterbau_vorbereitet,E-Bike_Hinterbau_vorbereitet,27
1649,79,0,Mountainbike_Hinterbau_vorbereitet,Mountainbike_Hinterbau_vorbereitet,53
1649,80,0,Mountainbike_Bremsaufnahme_gebohrt,Mountainbike_Bremsaufnahme_gebohrt,40
1649,81,0,Citybike_Rahmen_lackiert,Citybike_Rahmen_lackiert,39
1649,82,2,E-Bike_Steuerrohr_montiert,E-Bike_Steuerrohr_montiert,24
1649,83,2,E-Bike_Bremsaufnahme_gebohrt,E-Bike_Bremsaufnahme_gebohrt,15
1649,84,1,Racebike_Tretlager_gefraest,Racebike_Tretlager_gefraest,26
1649,85,0,Racebike_Tretlager_gefraest,Racebike_Tretlager_gefraest,42
1649,86,1,Racebike_Steuerrohr_ausgerieben,Racebike_Steuerrohr_ausgerieben,20
1649,87,1,Racebike_Hauptrahmen_zugeschnitten,Racebike_Hauptrahmen_zugeschnitten,20
1649,88,0,Mountainbike_Tretlager_gefraest,Mountainbike_Tretlager_gefraest,38
1649,89,1,Racebike_Rahmen_nachbearbeitet,Racebike_Rahmen_nachbearbeitet,20
1649,90,2,Racebike_Antrieb_installiert,Racebike_Antrieb_installiert,25
1649,91,0,Mountainbike_Hauptrahmen_zugeschnitten,Mountainbike_Hauptrahmen_zugeschnitten,40
1649,92,0,Racebike_Bremsen_justiert,Racebike_Bremsen_justiert,35
1649,93,1,Racebike_Tretlageraufnahme_geschweisst,Racebike_Tretlageraufnahme_geschweisst,20
1649,94,1,Racebike_Schaltauge_bearbeitet,Racebike_Schaltauge_bearbeitet,20
1649,95,2,Mountainbike_Bremsen_justiert,Mountainbike_Bremsen_justiert,13
1649,96,1,Mountainbike_Antrieb_installiert,Mountainbike_Antrieb_installiert,25
1649,97,1,Mountainbike_Rahmen_lackiert,Mountainbike_Rahmen_lackiert,20
1649,98,1,Mountainbike_Fahrrad_endmontiert,Mountainbike_Fahrrad_endmontiert,20
1649,99,2,Mountainbike_Tretlageraufnahme_geschweisst,Mountainbike_Tretlageraufnahme_geschweisst,15
1649,100,1,Mountainbike_Rahmen_komplettiert,Mountainbike_Rahmen_komplettiert,20
1649,101,0,Mountainbike_Steuerrohr_montiert,Mountainbike_Steuerrohr_montiert,38
1649,102,2,Mountainbike_Steuerrohr_ausgerieben,Mountainbike_Steuerrohr_ausgerieben,15
1649,103,2,Citybike_Schaltauge_bearbeitet,Citybike_Schaltauge_bearbeitet,18
1649,104,1,E-Bike_Rahmen_lackiert,E-Bike_Rahmen_lackiert,28
1649,105,2,E-Bike_Rahmen_komplettiert,E-Bike_Rahmen_komplettiert,24
1649,106,1,Mountainbike_Hauptrahmen_zugeschnitten,Mountainbike_Hauptrahmen_zugeschnitten,26
1649,107,2,Citybike_Tretlageraufnahme_geschweisst,Citybike_Tretlageraufnahme_geschweisst,15
1649,108,0,E-Bike_Hinterbau_vorbereitet,E-Bike_Hinterbau_vorbereitet,55
1649,109,2,Mountainbike_Laufraeder_montiert,Mountainbike_Laufraeder_montiert,12
1649,110,2,Mountainbike_Antrieb_installiert,Mountainbike_Antrieb_installiert,15
1649,111,0,Citybike_Fahrrad_endmontiert,Citybike_Fahrrad_endmontiert,54
1649,112,1,Mountainbike_Steuerrohr_montiert,Mountainbike_Steuerrohr_montiert,20
1649,113,1,Citybike_Rahmen_lackiert,Citybike_Rahmen_lackiert,15
1649,114,0,Citybike_Rahmen_komplettiert,Citybike_Rahmen_komplettiert,40
1649,115,1,Citybike_Rahmen_nachbearbeitet,Citybike_Rahmen_nachbearbeitet,20
1649,116,0,E-Bike_Bremsen_justiert,E-Bike_Bremsen_justiert,43
1649,117,1,Mountainbike_Bremsaufnahme_gebohrt,Mountainbike_Bremsaufnahme_gebohrt,20
1649,118,1,Mountainbike_Steuerrohr_ausgerieben,Mountainbike_Steuerrohr_ausgerieben,20
1649,119,0,Mountainbike_Steuerrohr_montiert,Mountainbike_Steuerrohr_montiert,53
1649,120,1,E-Bike_Hauptrahmen_zugeschnitten,E-Bike_Hauptrahmen_zugeschnitten,28
1649,121,1,Mountainbike_Rahmen_nachbearbeitet,Mountainbike_Rahmen_nachbearbeitet,26
1649,122,2,E-Bike_Schaltauge_bearbeitet,E-Bike_Schaltauge_bearbeitet,24
1649,123,2,E-Bike_Rahmen_nachbearbeitet,E-Bike_Rahmen_nachbearbeitet,15
1650,2,0,Citybike_Hinterbau_vorbereitet,Citybike_Hinterbau_vorbereitet,39
1650,4,1,Racebike_Fahrrad_endmontiert,Racebike_Fahrrad_endmontiert,15
1650,5,0,Mountainbike_Tretlageraufnahme_geschweisst,Mountainbike_Tretlageraufnahme_geschweisst,40
1650,6,0,E-Bike_Tretlager_gefraest,E-Bike_Tretlager_gefraest,55
1650,7,1,E-Bike_Laufraeder_montiert,E-Bike_Laufraeder_montiert,28
1650,8,1,Racebike_Bremsaufnahme_gebohrt,Racebike_Bremsaufnahme_gebohrt,26
1650,9,1,E-Bike_Hauptrahmen_zugeschnitten,E-Bike_Hauptrahmen_zugeschnitten,28
1650,10,1,E-Bike_Schaltauge_bearbeitet,E-Bike_Schaltauge_bearbeitet,20
1650,12,1,Racebike_Hinterbau_vorbereitet,Racebike_Hinterbau_vorbereitet,26
1650,13,2,Mountainbike_Bremsen_justiert,Mountainbike_Bremsen_justiert,13
1650,14,1,Mountainbike_Fahrrad_endmontiert,Mountainbike_Fahrrad_endmontiert,25
1650,15,2,Mountainbike_Rahmen_lackiert,Mountainbike_Rahmen_lackiert,15
1650,16,2,E-Bike_Tretlageraufnahme_geschweisst,E-Bike_Tretlageraufnahme_geschweisst,24
1650,17,0,Racebike_Fahrrad_endmontiert,Racebike_Fahrrad_endmontiert,47
1650,18,1,Mountainbike_Tretlager_gefraest,Mountainbike_Tretlager_gefraest,20
1650,19,0,Mountainbike_Tretlager_gefraest,Mountainbike_Tretlager_gefraest,38
1650,20,1,E-Bike_Hinterbau_vorbereitet,E-Bike_Hinterbau_vorbereitet,28
1650,21,2,Racebike_Antrieb_installiert,Racebike_Antrieb_installiert,25
1650,22,0,E-Bike_Rahmen_nachbearbeitet,E-Bike_Rahmen_nachbearbeitet,55
1650,23,1,Mountainbike_Rahmen_komplettiert,Mountainbike_Rahmen_komplettiert,26
1650,24,0,Racebike_Hauptrahmen_zugeschnitten,Racebike_Hauptrahmen_zugeschnitten,47
1650,25,1,Racebike_Laufraeder_montiert,Racebike_Laufraeder_montiert,24
1650,26,0,Racebike_Hinterbau_vorbereitet,Racebike_Hinterbau_vorbereitet,40
1650,27,2,E-Bike_Rahmen_komplettiert,E-Bike_Rahmen_komplettiert,25
1650,28,2,E-Bike_Rahmen_komplettiert,E-Bike_Rahmen_komplettiert,10
1650,29,1,E-Bike_Tretlageraufnahme_geschweisst,E-Bike_Tretlageraufnahme_geschweisst,28
1650,30,1,Racebike_Rahmen_nachbearbeitet,Racebike_Rahmen_nachbearbeitet,26
1650,31,0,E-Bike_Steuerrohr_ausgerieben,E-Bike_Steuerrohr_ausgerieben,47
1650,32,1,Citybike_Bremsen_justiert,Citybike_Bremsen_justiert,25
1650,33,1,E-Bike_Hinterbau_vorbereitet,E-Bike_Hinterbau_vorbereitet,27
1650,34,1,Citybike_Antrieb_installiert,Citybike_Antrieb_installiert,28
1650,35,0,E-Bike_Rahmen_nachbearbeitet,E-Bike_Rahmen_nachbearbeitet,40
1650,36,0,E-Bike_Bremsaufnahme_gebohrt,E-Bike_Bremsaufnahme_gebohrt,40
1650,37,1,Mountainbike_Steuerrohr_montiert,Mountainbike_Steuerrohr_montiert,20
1650,38,2,Racebike_Hinterbau_vorbereitet,Racebike_Hinterbau_vorbereitet,25
1650,39,1,E-Bike_Tretlager_gefraest,E-Bike_Tretlager_gefraest,28
1650,40,0,Racebike_Antrieb_installiert,Racebike_Antrieb_installiert,47
1650,41,1,Citybike_Bremsen_justiert,Citybike_Bremsen_justiert,28
1650,42,1,Citybike_Hinterbau_vorbereitet,Citybike_Hinterbau_vorbereitet,20
1650,43,1,Mountainbike_Antrieb_installiert,Mountainbike_Antrieb_installiert,20
1650,44,1,Racebike_Bremsaufnahme_gebohrt,Racebike_Bremsaufnahme_gebohrt,24
1650,45,1,E-Bike_Bremsen_justiert,E-Bike_Bremsen_justiert,28
1650,46,2,E-Bike_Steuerrohr_montiert,E-Bike_Steuerrohr_montiert,25
1650,47,2,Mountainbike_Tretlageraufnahme_geschweisst,Mountainbike_Tretlageraufnahme_geschweisst,24
1650,48,2,Citybike_Tretlageraufnahme_geschweisst,Citybike_Tretlageraufnahme_geschweisst,18
1650,49,0,Racebike_Rahmen_lackiert,Racebike_Rahmen_lackiert,40
1650,50,1,Mountainbike_Fahrrad_endmontiert,Mountainbike_Fahrrad_endmontiert,26
1650,51,1,E-Bike_Hinterbau_vorbereitet,E-Bike_Hinterbau_vorbereitet,28
1650,52,0,Racebike_Rahmen_lackiert,Racebike_Rahmen_lackiert,25
1650,53,2,Mountainbike_Hinterbau_vorbereitet,Mountainbike_Hinterbau_vorbereitet,12
1650,54,2,Racebike_Rahmen_komplettiert,Racebike_Rahmen_komplettiert,16
1650,55,0,Citybike_Hauptrahmen_zugeschnitten,Citybike_Hauptrahmen_zugeschnitten,43
1650,56,0,E-Bike_Tretlager_gefraest,E-Bike_Tretlager_gefraest,43
1650,57,0,Mountainbike_Rahmen_nachbearbeitet,Mountainbike_Rahmen_nachbearbeitet,53
1650,58,1,Citybike_Rahmen_lackiert,Citybike_Rahmen_lackiert,28
1650,59,1,Racebike_Tretlageraufnahme_geschweisst,Racebike_Tretlageraufnahme_geschweisst,15
1650,60,0,Racebike_Bremsen_justiert,Racebike_Bremsen_justiert,35
1650,61,0,E-Bike_Fahrrad_endmontiert,E-Bike_Fahrrad_endmontiert,47
1650,62,2,Mountainbike_Tretlageraufnahme_geschweisst,Mountainbike_Tretlageraufnahme_geschweisst,13
1650,63,2,Citybike_Steuerrohr_montiert,Citybike_Steuerrohr_montiert,18
1650,64,2,Mountainbike_Rahmen_nachbearbeitet,Mountainbike_Rahmen_nachbearbeitet,12
1650,65,0,Mountainbike_Hinterbau_vorbereitet,Mountainbike_Hinterbau_vorbereitet,53
1650,66,0,E-Bike_Hinterbau_vorbereitet,E-Bike_Hinterbau_vorbereitet,55
1650,67,2,Racebike_Rahmen_komplettiert,Racebike_Rahmen_komplettiert,16
1650,68,1,Mountainbike_Rahmen_lackiert,Mountainbike_Rahmen_lackiert,25
1650,69,1,E-Bike_Rahmen_lackiert,E-Bike_Rahmen_lackiert,28
1650,70,2,Mountainbike_Bremsen_justiert,Mountainbike_Bremsen_justiert,13
1650,71,0,Citybike_Rahmen_nachbearbeitet,Citybike_Rahmen_nachbearbeitet,54
1650,72,0,Mountainbike_Tretlager_gefraest,Mountainbike_Tretlager_gefraest,40
1650,73,1,Racebike_Steuerrohr_ausgerieben,Racebike_Steuerrohr_ausgerieben,26
1650,74,0,Racebike_Rahmen_komplettiert,Racebike_Rahmen_komplettiert,35
1650,75,0,Mountainbike_Hauptrahmen_zugeschnitten,Mountainbike_Hauptrahmen_zugeschnitten,38
1650,76,1,Racebike_Tretlager_gefraest,Racebike_Tretlager_gefraest,20
1650,77,1,Racebike_Tretlageraufnahme_geschweisst,Racebike_Tretlageraufnahme_geschweisst,20
1650,78,2,E-Bike_Rahmen_komplettiert,E-Bike_Rahmen_komplettiert,24
1650,79,1,Mountainbike_Steuerrohr_ausgerieben,Mountainbike_Steuerrohr_ausgerieben,25
1650,80,2,E-Bike_Bremsaufnahme_gebohrt,E-Bike_Bremsaufnahme_gebohrt,15
1650,81,1,Mountainbike_Bremsaufnahme_gebohrt,Mountainbike_Bremsaufnahme_gebohrt,20
1650,82,1,Mountainbike_Fahrrad_endmontiert,Mountainbike_Fahrrad_endmontiert,20
1650,83,1,E-Bike_Hinterbau_vorbereitet,E-Bike_Hinterbau_vorbereitet,28
1650,84,2,Mountainbike_Laufraeder_montiert,Mountainbike_Laufraeder_montiert,24
1650,85,2,Citybike_Hauptrahmen_zugeschnitten,Citybike_Hauptrahmen_zugeschnitten,18
1650,86,0,E-Bike_Antrieb_installiert,E-Bike_Antrieb_installiert,55
1650,87,0,Mountainbike_Rahmen_lackiert,Mountainbike_Rahmen_lackiert,53
1650,88,0,Mountainbike_Bremsaufnahme_gebohrt,Mountainbike_Bremsaufnahme_gebohrt,40
1650,89,0,Racebike_Rahmen_komplettiert,Racebike_Rahmen_komplettiert,35
1650,90,1,Mountainbike_Rahmen_komplettiert,Mountainbike_Rahmen_komplettiert,26
1650,91,1,Racebike_Hauptrahmen_zugeschnitten,Racebike_Hauptrahmen_zugeschnitten,24
1650,92,1,Racebike_Rahmen_nachbearbeitet,Racebike_Rahmen_nachbearbeitet,20
1650,93,1,Citybike_Fahrrad_endmontiert,Citybike_Fahrrad_endmontiert,25
1650,94,1,Citybike_Rahmen_nachbearbeitet,Citybike_Rahmen_nachbearbeitet,20
1650,95,0,Mountainbike_Hauptrahmen_zugeschnitten,Mountainbike_Hauptrahmen_zugeschnitten,38
1650,96,2,Mountainbike_Laufraeder_montiert,Mountainbike_Laufraeder_montiert,12
1650,97,2,Racebike_Antrieb_installiert,Racebike_Antrieb_installiert,16
1650,98,1,Mountainbike_Bremsaufnahme_gebohrt,Mountainbike_Bremsaufnahme_gebohrt,20
1650,99,1,Racebike_Schaltauge_bearbeitet,Racebike_Schaltauge_bearbeitet,24
1650,100,2,Mountainbike_Antrieb_installiert,Mountainbike_Antrieb_installiert,13
1650,101,1,Mountainbike_Rahmen_nachbearbeitet,Mountainbike_Rahmen_nachbearbeitet,25
1650,102,1,Racebike_Rahmen_lackiert,Racebike_Rahmen_lackiert,24
1650,103,2,Mountainbike_Steuerrohr_ausgerieben,Mountainbike_Steuerrohr_ausgerieben,15
1650,104,0,E-Bike_Bremsen_justiert,E-Bike_Bremsen_justiert,55
1650,105,2,Racebike_Hauptrahmen_zugeschnitten,Racebike_Hauptrahmen_zugeschnitten,16
1650,106,0,Mountainbike_Steuerrohr_montiert,Mountainbike_Steuerrohr_montiert,53
1650,107,0,Racebike_Tretlager_gefraest,Racebike_Tretlager_gefraest,35
1650,108,0,Racebike_Steuerrohr_montiert,Racebike_Steuerrohr_montiert,40
1650,109,0,Mountainbike_Hinterbau_vorbereitet,Mountainbike_Hinterbau_vorbereitet,38
1650,110,2,Mountainbike_Tretlageraufnahme_geschweisst,Mountainbike_Tretlageraufnahme_geschweisst,13
1650,111,0,Citybike_Rahmen_lackiert,Citybike_Rahmen_lackiert,39
1650,112,1,Mountainbike_Hauptrahmen_zugeschnitten,Mountainbike_Hauptrahmen_zugeschnitten,25
1650,113,1,Racebike_Steuerrohr_ausgerieben,Racebike_Steuerrohr_ausgerieben,24
1650,114,1,Mountainbike_Steuerrohr_montiert,Mountainbike_Steuerrohr_montiert,25
1650,115,2,Citybike_Schaltauge_bearbeitet,Citybike_Schaltauge_bearbeitet,18
1650,116,1,Mountainbike_Rahmen_lackiert,Mountainbike_Rahmen_lackiert,20
1650,117,0,Citybike_Fahrrad_endmontiert,Citybike_Fahrrad_endmontiert,40
1650,118,0,Mountainbike_Steuerrohr_montiert,Mountainbike_Steuerrohr_montiert,40
1650,119,0,Racebike_Bremsen_justiert,Racebike_Bremsen_justiert,35
1650,120,0,Citybike_Rahmen_komplettiert,Citybike_Rahmen_komplettiert,43
1650,121,1,E-Bike_Hauptrahmen_zugeschnitten,E-Bike_Hauptrahmen_zugeschnitten,28
1650,122,2,E-Bike_Schaltauge_bearbeitet,E-Bike_Schaltauge_bearbeitet,24
1650,123,2,E-Bike_Rahmen_nachbearbeitet,E-Bike_Rahmen_nachbearbeitet,15
1651,3,1,Racebike_Bremsaufnahme_gebohrt,Racebike_Bremsaufnahme_gebohrt,24
1651,5,1,Mountainbike_Fahrrad_endmontiert,Mountainbike_Fahrrad_endmontiert,25
1651,6,0,E-Bike_Tretlager_gefraest,E-Bike_Tretlager_gefraest,55
1651,7,1,Citybike_Hinterbau_vorbereitet,Citybike_Hinterbau_vorbereitet,15
1651,8,2,E-Bike_Tretlageraufnahme_geschweisst,E-Bike_Tretlageraufnahme_geschweisst,25
1651,9,1,E-Bike_Schaltauge_bearbeitet,E-Bike_Schaltauge_bearbeitet,27
1651,10,2,Racebike_Antrieb_installiert,Racebike_Antrieb_installiert,25
1651,11,1,Racebike_Fahrrad_endmontiert,Racebike_Fahrrad_endmontiert,26
1651,12,1,Mountainbike_Tretlager_gefraest,Mountainbike_Tretlager_gefraest,25
1651,13,0,Racebike_Antrieb_installiert,Racebike_Antrieb_installiert,47
1651,14,2,Mountainbike_Rahmen_lackiert,Mountainbike_Rahmen_lackiert,13
1651,15,0,Racebike_Hauptrahmen_zugeschnitten,Racebike_Hauptrahmen_zugeschnitten,40
1651,16,1,E-Bike_Laufraeder_montiert,E-Bike_Laufraeder_montiert,28
1651,17,1,Racebike_Tretlageraufnahme_geschweisst,Racebike_Tretlageraufnahme_geschweisst,26
1651,18,0,E-Bike_Bremsaufnahme_gebohrt,E-Bike_Bremsaufnahme_gebohrt,47
1651,19,2,Mountainbike_Bremsen_justiert,Mountainbike_Bremsen_justiert,15
1651,20,0,Citybike_Rahmen_nachbearbeitet,Citybike_Rahmen_nachbearbeitet,54
1651,21,1,Mountainbike_Steuerrohr_montiert,Mountainbike_Steuerrohr_montiert,25
1651,22,1,Racebike_Laufraeder_montiert,Racebike_Laufraeder_montiert,24
1651,23,0,Mountainbike_Tretlager_gefraest,Mountainbike_Tretlager_gefraest,40
1651,24,1,Mountainbike_Rahmen_komplettiert,Mountainbike_Rahmen_komplettiert,25
1651,25,2,Mountainbike_Rahmen_nachbearbeitet,Mountainbike_Rahmen_nachbearbeitet,15
1651,26,1,E-Bike_Hauptrahmen_zugeschnitten,E-Bike_Hauptrahmen_zugeschnitten,28
1651,27,0,Mountainbike_Schaltauge_bearbeitet,Mountainbike_Schaltauge_bearbeitet,40
1651,28,1,E-Bike_Bremsen_justiert,E-Bike_Bremsen_justiert,20
1651,29,1,E-Bike_Hinterbau_vorbereitet,E-Bike_Hinterbau_vorbereitet,20
1651,30,2,Mountainbike_Hinterbau_vorbereitet,Mountainbike_Hinterbau_vorbereitet,15
1651,31,2,Racebike_Rahmen_komplettiert,Racebike_Rahmen_komplettiert,16
1651,32,0,Mountainbike_Rahmen_lackiert,Mountainbike_Rahmen_lackiert,40
1651,33,0,Mountainbike_Rahmen_nachbearbeitet,Mountainbike_Rahmen_nachbearbeitet,40
1651,34,0,Mountainbike_Hauptrahmen_zugeschnitten,Mountainbike_Hauptrahmen_zugeschnitten,40
1651,35,1,E-Bike_Hinterbau_vorbereitet,E-Bike_Hinterbau_vorbereitet,15
1651,36,2,Mountainbike_Tretlageraufnahme_geschweisst,Mountainbike_Tretlageraufnahme_geschweisst,13
1651,37,1,Mountainbike_Steuerrohr_ausgerieben,Mountainbike_Steuerrohr_ausgerieben,26
1651,38,0,Racebike_Hinterbau_vorbereitet,Racebike_Hinterbau_vorbereitet,35
1651,39,2,Mountainbike_Laufraeder_montiert,Mountainbike_Laufraeder_montiert,15
1651,40,1,Mountainbike_Antrieb_installiert,Mountainbike_Antrieb_installiert,20
1651,41,0,Racebike_Rahmen_komplettiert,Racebike_Rahmen_komplettiert,40
1651,42,0,Mountainbike_Bremsaufnahme_gebohrt,Mountainbike_Bremsaufnahme_gebohrt,38
1651,43,2,Mountainbike_Tretlageraufnahme_geschweisst,Mountainbike_Tretlageraufnahme_geschweisst,15
1651,44,0,E-Bike_Antrieb_installiert,E-Bike_Antrieb_installiert,55
1651,45,0,E-Bike_Rahmen_nachbearbeitet,E-Bike_Rahmen_nachbearbeitet,40
1651,46,0,E-Bike_Hinterbau_vorbereitet,E-Bike_Hinterbau_vorbereitet,40
1651,47,1,Racebike_Rahmen_nachbearbeitet,Racebike_Rahmen_nachbearbeitet,24
1651,48,1,Citybike_Tretlager_gefraest,Citybike_Tretlager_gefraest,25
1651,49,1,Mountainbike_Fahrrad_endmontiert,Mountainbike_Fahrrad_endmontiert,20
1651,50,2,Racebike_Hinterbau_vorbereitet,Racebike_Hinterbau_vorbereitet,16
1651,51,1,Mountainbike_Bremsaufnahme_gebohrt,Mountainbike_Bremsaufnahme_gebohrt,20
1651,52,0,Citybike_Hinterbau_vorbereitet,Citybike_Hinterbau_vorbereitet,54
1651,53,0,Mountainbike_Hinterbau_vorbereitet,Mountainbike_Hinterbau_vorbereitet,40
1651,54,2,E-Bike_Rahmen_komplettiert,E-Bike_Rahmen_komplettiert,25
1651,55,1,Racebike_Bremsaufnahme_gebohrt,Racebike_Bremsaufnahme_gebohrt,24
1651,56,0,Racebike_Rahmen_lackiert,Racebike_Rahmen_lackiert,35
1651,57,2,E-Bike_Steuerrohr_montiert,E-Bike_Steuerrohr_montiert,15
1651,58,1,Mountainbike_Rahmen_nachbearbeitet,Mountainbike_Rahmen_nachbearbeitet,25
1651,59,1,Citybike_Bremsen_justiert,Citybike_Bremsen_justiert,15
1651,60,1,Racebike_Hinterbau_vorbereitet,Racebike_Hinterbau_vorbereitet,15
1651,61,0,Racebike_Bremsen_justiert,Racebike_Bremsen_justiert,40
1651,62,1,Mountainbike_Rahmen_komplettiert,Mountainbike_Rahmen_komplettiert,25
1651,63,1,Racebike_Rahmen_lackiert,Racebike_Rahmen_lackiert,24
1651,64,1,Mountainbike_Bremsaufnahme_gebohrt,Mountainbike_Bremsaufnahme_gebohrt,25
1651,65,0,Racebike_Tretlager_gefraest,Racebike_Tretlager_gefraest,40
1651,66,0,Mountainbike_Hinterbau_vorbereitet,Mountainbike_Hinterbau_vorbereitet,38
1651,67,1,E-Bike_Rahmen_lackiert,E-Bike_Rahmen_lackiert,28
1651,68,0,Racebike_Fahrrad_endmontiert,Racebike_Fahrrad_endmontiert,35
1651,69,1,Mountainbike_Rahmen_lackiert,Mountainbike_Rahmen_lackiert,26
1651,70,2,E-Bike_Rahmen_komplettiert,E-Bike_Rahmen_komplettiert,15
1651,71,2,Citybike_Hauptrahmen_zugeschnitten,Citybike_Hauptrahmen_zugeschnitten,15
1651,72,2,Mountainbike_Bremsen_justiert,Mountainbike_Bremsen_justiert,12
1651,73,0,Racebike_Rahmen_lackiert,Racebike_Rahmen_lackiert,40
1651,74,1,Racebike_Tretlager_gefraest,Racebike_Tretlager_gefraest,24
1651,75,0,E-Bike_Steuerrohr_ausgerieben,E-Bike_Steuerrohr_ausgerieben,47
1651,76,1,Racebike_Steuerrohr_ausgerieben,Racebike_Steuerrohr_ausgerieben,20
1651,77,0,Racebike_Rahmen_komplettiert,Racebike_Rahmen_komplettiert,47
1651,78,2,Mountainbike_Steuerrohr_ausgerieben,Mountainbike_Steuerrohr_ausgerieben,15
1651,79,1,E-Bike_Hinterbau_vorbereitet,E-Bike_Hinterbau_vorbereitet,28
1651,80,0,Citybike_Rahmen_lackiert,Citybike_Rahmen_lackiert,43
1651,81,1,Racebike_Hauptrahmen_zugeschnitten,Racebike_Hauptrahmen_zugeschnitten,26
1651,82,0,Mountainbike_Steuerrohr_montiert,Mountainbike_Steuerrohr_montiert,40
1651,83,0,E-Bike_Rahmen_nachbearbeitet,E-Bike_Rahmen_nachbearbeitet,55
1651,84,0,E-Bike_Tretlager_gefraest,E-Bike_Tretlager_gefraest,40
1651,85,0,Mountainbike_Hauptrahmen_zugeschnitten,Mountainbike_Hauptrahmen_zugeschnitten,53
1651,86,2,E-Bike_Bremsaufnahme_gebohrt,E-Bike_Bremsaufnahme_gebohrt,24
1651,87,2,E-Bike_Rahmen_komplettiert,E-Bike_Rahmen_komplettiert,15
1651,88,1,Mountainbike_Rahmen_lackiert,Mountainbike_Rahmen_lackiert,25
1651,89,1,Citybike_Bremsen_justiert,Citybike_Bremsen_justiert,15
1651,90,1,Mountainbike_Hauptrahmen_zugeschnitten,Mountainbike_Hauptrahmen_zugeschnitten,20
1651,91,1,Racebike_Tretlageraufnahme_geschweisst,Racebike_Tretlageraufnahme_geschweisst,24
1651,92,0,Mountainbike_Tretlager_gefraest,Mountainbike_Tretlager_gefraest,40
1651,93,1,E-Bike_Tretlageraufnahme_geschweisst,E-Bike_Tretlageraufnahme_geschweisst,28
1651,94,2,Citybike_Schaltauge_bearbeitet,Citybike_Schaltauge_bearbeitet,15
1651,95,1,E-Bike_Tretlager_gefraest,E-Bike_Tretlager_gefraest,20
1651,96,0,Citybike_Fahrrad_endmontiert,Citybike_Fahrrad_endmontiert,39
1651,97,0,E-Bike_Fahrrad_endmontiert,E-Bike_Fahrrad_endmontiert,43
1651,98,2,Mountainbike_Laufraeder_montiert,Mountainbike_Laufraeder_montiert,12
1651,99,0,Citybike_Hauptrahmen_zugeschnitten,Citybike_Hauptrahmen_zugeschnitten,54
1651,100,0,E-Bike_Bremsen_justiert,E-Bike_Bremsen_justiert,43
1651,101,2,Racebike_Rahmen_komplettiert,Racebike_Rahmen_komplettiert,16
1651,102,2,Mountainbike_Antrieb_installiert,Mountainbike_Antrieb_installiert,13
1651,103,1,Mountainbike_Steuerrohr_montiert,Mountainbike_Steuerrohr_montiert,26
1651,104,1,Citybike_Antrieb_installiert,Citybike_Antrieb_installiert,15
1651,105,2,Mountainbike_Tretlageraufnahme_geschweisst,Mountainbike_Tretlageraufnahme_geschweisst,15
1651,106,2,Citybike_Steuerrohr_montiert,Citybike_Steuerrohr_montiert,18
1651,107,1,Citybike_Fahrrad_endmontiert,Citybike_Fahrrad_endmontiert,20
1651,108,0,Citybike_Rahmen_komplettiert,Citybike_Rahmen_komplettiert,54
1651,109,1,E-Bike_Hinterbau_vorbereitet,E-Bike_Hinterbau_vorbereitet,27
1651,110,0,Mountainbike_Steuerrohr_montiert,Mountainbike_Steuerrohr_montiert,40
1651,111,2,Citybike_Tretlageraufnahme_geschweisst,Citybike_Tretlageraufnahme_geschweisst,15
1651,112,1,Citybike_Rahmen_lackiert,Citybike_Rahmen_lackiert,28
1651,113,1,Racebike_Rahmen_nachbearbeitet,Racebike_Rahmen_nachbearbeitet,15
1651,114,1,Racebike_Steuerrohr_ausgerieben,Racebike_Steuerrohr_ausgerieben,20
1651,115,1,Citybike_Rahmen_nachbearbeitet,Citybike_Rahmen_nachbearbeitet,25
1651,116,2,Racebike_Hauptrahmen_zugeschnitten,Racebike_Hauptrahmen_zugeschnitten,10
1651,117,0,Racebike_Steuerrohr_montiert,Racebike_Steuerrohr_montiert,35
1651,118,0,Racebike_Bremsen_justiert,Racebike_Bremsen_justiert,40
1651,119,2,Racebike_Antrieb_installiert,Racebike_Antrieb_installiert,15
1651,120,1,E-Bike_Hauptrahmen_zugeschnitten,E-Bike_Hauptrahmen_zugeschnitten,27
1651,121,2,E-Bike_Schaltauge_bearbeitet,E-Bike_Schaltauge_bearbeitet,25
1651,122,1,Racebike_Schaltauge_bearbeitet,Racebike_Schaltauge_bearbeitet,26
1651,123,2,E-Bike_Rahmen_nachbearbeitet,E-Bike_Rahmen_nachbearbeitet,15
1652,4,0,E-Bike_Tretlager_gefraest,E-Bike_Tretlager_gefraest,55
1652,5,2,E-Bike_Tretlageraufnahme_geschweisst,E-Bike_Tretlageraufnahme_geschweisst,15
1652,6,0,Mountainbike_Tretlageraufnahme_geschweisst,Mountainbike_Tretlageraufnahme_geschweisst,53
1652,7,0,E-Bike_Steuerrohr_ausgerieben,E-Bike_Steuerrohr_ausgerieben,55
1652,8,1,E-Bike_Schaltauge_bearbeitet,E-Bike_Schaltauge_bearbeitet,27
1652,9,1,Citybike_Bremsen_justiert,Citybike_Bremsen_justiert,28
1652,10,0,E-Bike_Bremsaufnahme_gebohrt,E-Bike_Bremsaufnahme_gebohrt,40
1652,11,2,Mountainbike_Bremsen_justiert,Mountainbike_Bremsen_justiert,24
1652,12,1,E-Bike_Bremsen_justiert,E-Bike_Bremsen_justiert,27
1652,13,1,E-Bike_Hinterbau_vorbereitet,E-Bike_Hinterbau_vorbereitet,20
1652,14,1,Racebike_Fahrrad_endmontiert,Racebike_Fahrrad_endmontiert,26
1652,15,0,E-Bike_Antrieb_installiert,E-Bike_Antrieb_installiert,40
1652,16,1,Mountainbike_Antrieb_installiert,Mountainbike_Antrieb_installiert,25
1652,17,1,E-Bike_Laufraeder_montiert,E-Bike_Laufraeder_montiert,28
1652,18,2,E-Bike_Rahmen_komplettiert,E-Bike_Rahmen_komplettiert,24
1652,19,1,Mountainbike_Fahrrad_endmontiert,Mountainbike_Fahrrad_endmontiert,26
1652,20,1,E-Bike_Hauptrahmen_zugeschnitten,E-Bike_Hauptrahmen_zugeschnitten,28
1652,21,1,E-Bike_Tretlageraufnahme_geschweisst,E-Bike_Tretlageraufnahme_geschweisst,20
1652,22,0,Citybike_Hinterbau_vorbereitet,Citybike_Hinterbau_vorbereitet,54
1652,23,1,Mountainbike_Fahrrad_endmontiert,Mountainbike_Fahrrad_endmontiert,26
1652,24,1,E-Bike_Tretlager_gefraest,E-Bike_Tretlager_gefraest,28
1652,25,0,E-Bike_Fahrrad_endmontiert,E-Bike_Fahrrad_endmontiert,43
1652,26,1,Racebike_Bremsaufnahme_gebohrt,Racebike_Bremsaufnahme_gebohrt,26
1652,27,1,Mountainbike_Bremsaufnahme_gebohrt,Mountainbike_Bremsaufnahme_gebohrt,25
1652,28,1,Mountainbike_Rahmen_komplettiert,Mountainbike_Rahmen_komplettiert,20
1652,29,1,Citybike_Bremsen_justiert,Citybike_Bremsen_justiert,15
1652,30,2,Racebike_Rahmen_nachbearbeitet,Racebike_Rahmen_nachbearbeitet,25
1652,31,1,Mountainbike_Rahmen_nachbearbeitet,Mountainbike_Rahmen_nachbearbeitet,20
1652,32,0,Mountainbike_Rahmen_nachbearbeitet,Mountainbike_Rahmen_nachbearbeitet,53
1652,33,0,Racebike_Antrieb_installiert,Racebike_Antrieb_installiert,35
1652,34,2,Mountainbike_Hinterbau_vorbereitet,Mountainbike_Hinterbau_vorbereitet,13
1652,35,1,E-Bike_Hinterbau_vorbereitet,E-Bike_Hinterbau_vorbereitet,28
1652,36,2,Mountainbike_Tretlageraufnahme_geschweisst,Mountainbike_Tretlageraufnahme_geschweisst,15
1652,37,1,E-Bike_Hinterbau_vorbereitet,E-Bike_Hinterbau_vorbereitet,15
1652,38,0,Racebike_Hinterbau_vorbereitet,Racebike_Hinterbau_vorbereitet,40
1652,39,2,Mountainbike_Laufraeder_montiert,Mountainbike_Laufraeder_montiert,15
1652,40,0,E-Bike_Rahmen_nachbearbeitet,E-Bike_Rahmen_nachbearbeitet,47
1652,41,1,Racebike_Tretlageraufnahme_geschweisst,Racebike_Tretlageraufnahme_geschweisst,26
1652,42,0,Racebike_Rahmen_komplettiert,Racebike_Rahmen_komplettiert,47
1652,43,0,Racebike_Hauptrahmen_zugeschnitten,Racebike_Hauptrahmen_zugeschnitten,40
1652,44,0,Citybike_Hauptrahmen_zugeschnitten,Citybike_Hauptrahmen_zugeschnitten,43
1652,45,2,Racebike_Antrieb_installiert,Racebike_Antrieb_installiert,16
1652,46,1,Racebike_Bremsaufnahme_gebohrt,Racebike_Bremsaufnahme_gebohrt,20
1652,47,1,Mountainbike_Tretlager_gefraest,Mountainbike_Tretlager_gefraest,25
1652,48,1,Mountainbike_Fahrrad_endmontiert,Mountainbike_Fahrrad_endmontiert,20
1652,49,2,Mountainbike_Rahmen_lackiert,Mountainbike_Rahmen_lackiert,13
1652,50,1,Mountainbike_Bremsaufnahme_gebohrt,Mountainbike_Bremsaufnahme_gebohrt,20
1652,51,2,Citybike_Steuerrohr_montiert,Citybike_Steuerrohr_montiert,18
1652,52,1,Citybike_Hinterbau_vorbereitet,Citybike_Hinterbau_vorbereitet,15
1652,53,1,Citybike_Fahrrad_endmontiert,Citybike_Fahrrad_endmontiert,20
1652,54,0,Mountainbike_Rahmen_lackiert,Mountainbike_Rahmen_lackiert,40
1652,55,1,Citybike_Antrieb_installiert,Citybike_Antrieb_installiert,20
1652,56,1,Mountainbike_Steuerrohr_montiert,Mountainbike_Steuerrohr_montiert,20
1652,57,0,Mountainbike_Tretlager_gefraest,Mountainbike_Tretlager_gefraest,40
1652,58,0,Mountainbike_Bremsaufnahme_gebohrt,Mountainbike_Bremsaufnahme_gebohrt,40
1652,59,1,Racebike_Rahmen_nachbearbeitet,Racebike_Rahmen_nachbearbeitet,24
1652,60,0,Citybike_Rahmen_nachbearbeitet,Citybike_Rahmen_nachbearbeitet,39
1652,61,2,Mountainbike_Rahmen_nachbearbeitet,Mountainbike_Rahmen_nachbearbeitet,12
1652,62,0,Mountainbike_Hauptrahmen_zugeschnitten,Mountainbike_Hauptrahmen_zugeschnitten,40
1652,63,2,Mountainbike_Tretlageraufnahme_geschweisst,Mountainbike_Tretlageraufnahme_geschweisst,15
1652,64,1,Mountainbike_Rahmen_komplettiert,Mountainbike_Rahmen_komplettiert,25
1652,65,1,Mountainbike_Steuerrohr_ausgerieben,Mountainbike_Steuerrohr_ausgerieben,20
1652,66,0,E-Bike_Hinterbau_vorbereitet,E-Bike_Hinterbau_vorbereitet,55
1652,67,0,Mountainbike_Hinterbau_vorbereitet,Mountainbike_Hinterbau_vorbereitet,53
1652,68,0,Mountainbike_Hauptrahmen_zugeschnitten,Mountainbike_Hauptrahmen_zugeschnitten,40
1652,69,2,E-Bike_Steuerrohr_montiert,E-Bike_Steuerrohr_montiert,24
1652,70,2,Mountainbike_Bremsen_justiert,Mountainbike_Bremsen_justiert,24
1652,71,2,Mountainbike_Steuerrohr_ausgerieben,Mountainbike_Steuerrohr_ausgerieben,15
1652,72,1,Mountainbike_Rahmen_lackiert,Mountainbike_Rahmen_lackiert,20
1652,73,1,Racebike_Laufraeder_montiert,Racebike_Laufraeder_montiert,24
1652,74,0,Mountainbike_Hinterbau_vorbereitet,Mountainbike_Hinterbau_vorbereitet,40
1652,75,2,Racebike_Hinterbau_vorbereitet,Racebike_Hinterbau_vorbereitet,16
1652,76,1,E-Bike_Rahmen_lackiert,E-Bike_Rahmen_lackiert,28
1652,77,2,E-Bike_Rahmen_komplettiert,E-Bike_Rahmen_komplettiert,25
1652,78,2,Citybike_Tretlageraufnahme_geschweisst,Citybike_Tretlageraufnahme_geschweisst,15
1652,79,2,Citybike_Hauptrahmen_zugeschnitten,Citybike_Hauptrahmen_zugeschnitten,15
1652,80,2,Mountainbike_Tretlageraufnahme_geschweisst,Mountainbike_Tretlageraufnahme_geschweisst,12
1652,81,2,Racebike_Rahmen_komplettiert,Racebike_Rahmen_komplettiert,16
1652,82,2,Racebike_Rahmen_komplettiert,Racebike_Rahmen_komplettiert,10
1652,83,1,Mountainbike_Hauptrahmen_zugeschnitten,Mountainbike_Hauptrahmen_zugeschnitten,26
1652,84,0,Mountainbike_Tretlager_gefraest,Mountainbike_Tretlager_gefraest,40
1652,85,1,E-Bike_Hinterbau_vorbereitet,E-Bike_Hinterbau_vorbereitet,28
1652,86,0,Racebike_Rahmen_lackiert,Racebike_Rahmen_lackiert,35
1652,87,1,Mountainbike_Rahmen_lackiert,Mountainbike_Rahmen_lackiert,26
1652,88,0,Racebike_Bremsen_justiert,Racebike_Bremsen_justiert,40
1652,89,0,Citybike_Rahmen_lackiert,Citybike_Rahmen_lackiert,43
1652,90,0,E-Bike_Rahmen_nachbearbeitet,E-Bike_Rahmen_nachbearbeitet,43
1652,91,2,Citybike_Schaltauge_bearbeitet,Citybike_Schaltauge_bearbeitet,18
1652,92,1,Racebike_Rahmen_lackiert,Racebike_Rahmen_lackiert,24
1652,93,1,Citybike_Rahmen_lackiert,Citybike_Rahmen_lackiert,25
1652,94,1,Racebike_Steuerrohr_ausgerieben,Racebike_Steuerrohr_ausgerieben,15
1652,95,1,Citybike_Rahmen_nachbearbeitet,Citybike_Rahmen_nachbearbeitet,25
1652,96,0,E-Bike_Tretlager_gefraest,E-Bike_Tretlager_gefraest,40
1652,97,1,Racebike_Hinterbau_vorbereitet,Racebike_Hinterbau_vorbereitet,15
1652,98,2,E-Bike_Bremsaufnahme_gebohrt,E-Bike_Bremsaufnahme_gebohrt,24
1652,99,1,Racebike_Tretlager_gefraest,Racebike_Tretlager_gefraest,20
1652,100,0,Racebike_Fahrrad_endmontiert,Racebike_Fahrrad_endmontiert,47
1652,101,1,Mountainbike_Steuerrohr_montiert,Mountainbike_Steuerrohr_montiert,25
1652,102,0,Racebike_Rahmen_lackiert,Racebike_Rahmen_lackiert,40
1652,103,0,Racebike_Rahmen_komplettiert,Racebike_Rahmen_komplettiert,40
1652,104,2,Mountainbike_Laufraeder_montiert,Mountainbike_Laufraeder_montiert,24
1652,105,0,Racebike_Tretlager_gefraest,Racebike_Tretlager_gefraest,40
1652,106,2,Mountainbike_Antrieb_installiert,Mountainbike_Antrieb_installiert,15
1652,107,0,Mountainbike_Steuerrohr_montiert,Mountainbike_Steuerrohr_montiert,38
1652,108,1,Racebike_Tretlageraufnahme_geschweisst,Racebike_Tretlageraufnahme_geschweisst,24
1652,109,0,Citybike_Fahrrad_endmontiert,Citybike_Fahrrad_endmontiert,39
1652,110,2,Racebike_Hauptrahmen_zugeschnitten,Racebike_Hauptrahmen_zugeschnitten,16
1652,111,1,Racebike_Hauptrahmen_zugeschnitten,Racebike_Hauptrahmen_zugeschnitten,20
1652,112,0,Mountainbike_Steuerrohr_montiert,Mountainbike_Steuerrohr_montiert,40
1652,113,0,Citybike_Rahmen_komplettiert,Citybike_Rahmen_komplettiert,39
1652,114,0,Racebike_Steuerrohr_montiert,Racebike_Steuerrohr_montiert,42
1652,115,0,Racebike_Bremsen_justiert,Racebike_Bremsen_justiert,40
1652,116,1,Racebike_Steuerrohr_ausgerieben,Racebike_Steuerrohr_ausgerieben,20
1652,117,0,E-Bike_Bremsen_justiert,E-Bike_Bremsen_justiert,47
1652,118,1,E-Bike_Hauptrahmen_zugeschnitten,E-Bike_Hauptrahmen_zugeschnitten,28
1652,119,2,E-Bike_Schaltauge_bearbeitet,E-Bike_Schaltauge_bearbeitet,25
1652,120,1,Racebike_Rahmen_nachbearbeitet,Racebike_Rahmen_nachbearbeitet,26
1652,121,2,E-Bike_Rahmen_nachbearbeitet,E-Bike_Rahmen_nachbearbeitet,15
1652,122,2,Racebike_Antrieb_installiert,Racebike_Antrieb_installiert,25
1652,123,1,Racebike_Schaltauge_bearbeitet,Racebike_Schaltauge_bearbeitet,20
1653,2,1,Mountainbike_Tretlager_gefraest,Mountainbike_Tretlager_gefraest,25
1653,4,1,Racebike_Bremsaufnahme_gebohrt,Racebike_Bremsaufnahme_gebohrt,24
1653,6,0,Racebike_Hinterbau_vorbereitet,Racebike_Hinterbau_vorbereitet,35
1653,7,1,Racebike_Bremsaufnahme_gebohrt,Racebike_Bremsaufnahme_gebohrt,15
1653,8,2,E-Bike_Rahmen_komplettiert,E-Bike_Rahmen_komplettiert,25
1653,9,2,E-Bike_Tretlageraufnahme_geschweisst,E-Bike_Tretlageraufnahme_geschweisst,15
1653,10,0,E-Bike_Bremsaufnahme_gebohrt,E-Bike_Bremsaufnahme_gebohrt,47
1653,11,1,Citybike_Tretlager_gefraest,Citybike_Tretlager_gefraest,25
1653,12,0,Mountainbike_Schaltauge_bearbeitet,Mountainbike_Schaltauge_bearbeitet,53
1653,13,2,Racebike_Antrieb_installiert,Racebike_Antrieb_installiert,25
1653,14,1,Citybike_Bremsen_justiert,Citybike_Bremsen_justiert,20
1653,15,1,E-Bike_Bremsen_justiert,E-Bike_Bremsen_justiert,27
1653,16,0,E-Bike_Tretlager_gefraest,E-Bike_Tretlager_gefraest,55
1653,17,1,Mountainbike_Antrieb_installiert,Mountainbike_Antrieb_installiert,26
1653,18,0,Racebike_Antrieb_installiert,Racebike_Antrieb_installiert,47
1653,19,1,E-Bike_Schaltauge_bearbeitet,E-Bike_Schaltauge_bearbeitet,28
1653,20,1,Citybike_Hinterbau_vorbereitet,Citybike_Hinterbau_vorbereitet,28
1653,21,1,E-Bike_Laufraeder_montiert,E-Bike_Laufraeder_montiert,27
1653,22,1,E-Bike_Hinterbau_vorbereitet,E-Bike_Hinterbau_vorbereitet,20
1653,23,0,E-Bike_Antrieb_installiert,E-Bike_Antrieb_installiert,47
1653,24,1,Mountainbike_Fahrrad_endmontiert,Mountainbike_Fahrrad_endmontiert,26
1653,25,0,E-Bike_Steuerrohr_ausgerieben,E-Bike_Steuerrohr_ausgerieben,40
1653,26,1,E-Bike_Hauptrahmen_zugeschnitten,E-Bike_Hauptrahmen_zugeschnitten,28
1653,27,1,E-Bike_Hinterbau_vorbereitet,E-Bike_Hinterbau_vorbereitet,20
1653,28,1,Mountainbike_Rahmen_komplettiert,Mountainbike_Rahmen_komplettiert,26
1653,29,2,E-Bike_Rahmen_komplettiert,E-Bike_Rahmen_komplettiert,25
1653,30,1,E-Bike_Tretlageraufnahme_geschweisst,E-Bike_Tretlageraufnahme_geschweisst,28
1653,31,1,E-Bike_Tretlager_gefraest,E-Bike_Tretlager_gefraest,20
1653,32,1,E-Bike_Hinterbau_vorbereitet,E-Bike_Hinterbau_vorbereitet,20
1653,33,1,Mountainbike_Steuerrohr_montiert,Mountainbike_Steuerrohr_montiert,26
1653,34,0,E-Bike_Rahmen_nachbearbeitet,E-Bike_Rahmen_nachbearbeitet,40
1653,35,0,Citybike_Hinterbau_vorbereitet,Citybike_Hinterbau_vorbereitet,54
1653,36,2,E-Bike_Steuerrohr_montiert,E-Bike_Steuerrohr_montiert,15
1653,37,1,Citybike_Bremsen_justiert,Citybike_Bremsen_justiert,15
1653,38,2,Mountainbike_Bremsen_justiert,Mountainbike_Bremsen_justiert,24
1653,39,1,Racebike_Tretlageraufnahme_geschweisst,Racebike_Tretlageraufnahme_geschweisst,15
1653,40,1,Mountainbike_Bremsaufnahme_gebohrt,Mountainbike_Bremsaufnahme_gebohrt,25
1653,41,0,E-Bike_Rahmen_nachbearbeitet,E-Bike_Rahmen_nachbearbeitet,43
1653,42,2,Mountainbike_Hinterbau_vorbereitet,Mountainbike_Hinterbau_vorbereitet,15
1653,43,1,Mountainbike_Rahmen_nachbearbeitet,Mountainbike_Rahmen_nachbearbeitet,20
1653,44,0,Racebike_Rahmen_komplettiert,Racebike_Rahmen_komplettiert,47
1653,45,2,Racebike_Rahmen_komplettiert,Racebike_Rahmen_komplettiert,16
1653,46,0,Mountainbike_Rahmen_lackiert,Mountainbike_Rahmen_lackiert,38
1653,47,1,E-Bike_Rahmen_lackiert,E-Bike_Rahmen_lackiert,28
1653,48,2,E-Bike_Rahmen_komplettiert,E-Bike_Rahmen_komplettiert,25
1653,49,1,Mountainbike_Fahrrad_endmontiert,Mountainbike_Fahrrad_endmontiert,26
1653,50,2,Mountainbike_Laufraeder_montiert,Mountainbike_Laufraeder_montiert,24
1653,51,2,Mountainbike_Rahmen_lackiert,Mountainbike_Rahmen_lackiert,15
1653,52,0,Citybike_Hauptrahmen_zugeschnitten,Citybike_Hauptrahmen_zugeschnitten,39
1653,53,1,Racebike_Hinterbau_vorbereitet,Racebike_Hinterbau_vorbereitet,24
1653,54,0,Mountainbike_Rahmen_nachbearbeitet,Mountainbike_Rahmen_nachbearbeitet,40
1653,55,0,Mountainbike_Tretlager_gefraest,Mountainbike_Tretlager_gefraest,40
1653,56,0,E-Bike_Fahrrad_endmontiert,E-Bike_Fahrrad_endmontiert,55
1653,57,0,Racebike_Hauptrahmen_zugeschnitten,Racebike_Hauptrahmen_zugeschnitten,47
1653,58,0,E-Bike_Tretlager_gefraest,E-Bike_Tretlager_gefraest,47
1653,59,1,Mountainbike_Fahrrad_endmontiert,Mountainbike_Fahrrad_endmontiert,25
1653,60,2,Citybike_Steuerrohr_montiert,Citybike_Steuerrohr_montiert,18
1653,61,0,Mountainbike_Hauptrahmen_zugeschnitten,Mountainbike_Hauptrahmen_zugeschnitten,53
1653,62,1,Racebike_Rahmen_nachbearbeitet,Racebike_Rahmen_nachbearbeitet,24
1653,63,2,E-Bike_Bremsaufnahme_gebohrt,E-Bike_Bremsaufnahme_gebohrt,24
1653,64,2,Mountainbike_Tretlageraufnahme_geschweisst,Mountainbike_Tretlageraufnahme_geschweisst,24
1653,65,1,E-Bike_Hinterbau_vorbereitet,E-Bike_Hinterbau_vorbereitet,28
1653,66,0,Mountainbike_Hinterbau_vorbereitet,Mountainbike_Hinterbau_vorbereitet,40
1653,67,1,Racebike_Laufraeder_montiert,Racebike_Laufraeder_montiert,26
1653,68,2,Mountainbike_Rahmen_nachbearbeitet,Mountainbike_Rahmen_nachbearbeitet,15
1653,69,1,Citybike_Fahrrad_endmontiert,Citybike_Fahrrad_endmontiert,25
1653,70,0,Citybike_Rahmen_nachbearbeitet,Citybike_Rahmen_nachbearbeitet,39
1653,71,1,Mountainbike_Bremsaufnahme_gebohrt,Mountainbike_Bremsaufnahme_gebohrt,20
1653,72,2,Mountainbike_Bremsen_justiert,Mountainbike_Bremsen_justiert,15
1653,73,0,Mountainbike_Hinterbau_vorbereitet,Mountainbike_Hinterbau_vorbereitet,40
1653,74,2,Mountainbike_Tretlageraufnahme_geschweisst,Mountainbike_Tretlageraufnahme_geschweisst,15
1653,75,0,Mountainbike_Hauptrahmen_zugeschnitten,Mountainbike_Hauptrahmen_zugeschnitten,40
1653,76,0,E-Bike_Hinterbau_vorbereitet,E-Bike_Hinterbau_vorbereitet,55
1653,77,1,Mountainbike_Steuerrohr_ausgerieben,Mountainbike_Steuerrohr_ausgerieben,20
1653,78,2,Citybike_Hauptrahmen_zugeschnitten,Citybike_Hauptrahmen_zugeschnitten,18
1653,79,2,Racebike_Rahmen_komplettiert,Racebike_Rahmen_komplettiert,10
1653,80,0,Racebike_Bremsen_justiert,Racebike_Bremsen_justiert,47
1653,81,0,E-Bike_Bremsen_justiert,E-Bike_Bremsen_justiert,47
1653,82,1,Racebike_Rahmen_lackiert,Racebike_Rahmen_lackiert,24
1653,83,1,Mountainbike_Rahmen_lackiert,Mountainbike_Rahmen_lackiert,25
1653,84,2,Mountainbike_Tretlageraufnahme_geschweisst,Mountainbike_Tretlageraufnahme_geschweisst,13
1653,85,0,Racebike_Fahrrad_endmontiert,Racebike_Fahrrad_endmontiert,47
1653,86,1,Racebike_Steuerrohr_ausgerieben,Racebike_Steuerrohr_ausgerieben,24
1653,87,2,Racebike_Hauptrahmen_zugeschnitten,Racebike_Hauptrahmen_zugeschnitten,16
1653,88,0,Citybike_Rahmen_lackiert,Citybike_Rahmen_lackiert,43
1653,89,1,Mountainbike_Rahmen_lackiert,Mountainbike_Rahmen_lackiert,25
1653,90,2,Citybike_Schaltauge_bearbeitet,Citybike_Schaltauge_bearbeitet,18
1653,91,0,Citybike_Fahrrad_endmontiert,Citybike_Fahrrad_endmontiert,40
1653,92,2,Racebike_Hinterbau_vorbereitet,Racebike_Hinterbau_vorbereitet,10
1653,93,0,Racebike_Rahmen_lackiert,Racebike_Rahmen_lackiert,42
1653,94,1,Citybike_Antrieb_installiert,Citybike_Antrieb_installiert,15
1653,95,0,Mountainbike_Bremsaufnahme_gebohrt,Mountainbike_Bremsaufnahme_gebohrt,38
1653,96,2,Mountainbike_Steuerrohr_ausgerieben,Mountainbike_Steuerrohr_ausgerieben,13
1653,97,1,Mountainbike_Rahmen_komplettiert,Mountainbike_Rahmen_komplettiert,20
1653,98,2,Citybike_Tretlageraufnahme_geschweisst,Citybike_Tretlageraufnahme_geschweisst,18
1653,99,0,Racebike_Rahmen_lackiert,Racebike_Rahmen_lackiert,35
1653,100,0,Racebike_Steuerrohr_montiert,Racebike_Steuerrohr_montiert,40
1653,101,0,Mountainbike_Steuerrohr_montiert,Mountainbike_Steuerrohr_montiert,38
1653,102,0,Racebike_Rahmen_komplettiert,Racebike_Rahmen_komplettiert,35
1653,103,1,Racebike_Tretlager_gefraest,Racebike_Tretlager_gefraest,24
1653,104,1,Racebike_Hauptrahmen_zugeschnitten,Racebike_Hauptrahmen_zugeschnitten,20
1653,105,1,Mountainbike_Hauptrahmen_zugeschnitten,Mountainbike_Hauptrahmen_zugeschnitten,25
1653,106,1,Mountainbike_Steuerrohr_montiert,Mountainbike_Steuerrohr_montiert,20
1653,107,0,Racebike_Bremsen_justiert,Racebike_Bremsen_justiert,40
1653,108,0,Citybike_Rahmen_komplettiert,Citybike_Rahmen_komplettiert,43
1653,109,0,Racebike_Tretlager_gefraest,Racebike_Tretlager_gefraest,42
1653,110,1,Citybike_Rahmen_lackiert,Citybike_Rahmen_lackiert,15
1653,111,1,Citybike_Rahmen_nachbearbeitet,Citybike_Rahmen_nachbearbeitet,20
1653,112,0,Mountainbike_Tretlager_gefraest,Mountainbike_Tretlager_gefraest,38
1653,113,1,Racebike_Steuerrohr_ausgerieben,Racebike_Steuerrohr_ausgerieben,15
1653,114,1,Racebike_Rahmen_nachbearbeitet,Racebike_Rahmen_nachbearbeitet,20
1653,115,1,Racebike_Tretlageraufnahme_geschweisst,Racebike_Tretlageraufnahme_geschweisst,20
1653,116,2,Racebike_Antrieb_installiert,Racebike_Antrieb_installiert,10
1653,117,1,Racebike_Schaltauge_bearbeitet,Racebike_Schaltauge_bearbeitet,20
1653,118,2,Mountainbike_Laufraeder_montiert,Mountainbike_Laufraeder_montiert,13
1653,119,2,Mountainbike_Antrieb_installiert,Mountainbike_Antrieb_installiert,15
1653,120,0,Mountainbike_Steuerrohr_montiert,Mountainbike_Steuerrohr_montiert,40
1653,121,1,E-Bike_Hauptrahmen_zugeschnitten,E-Bike_Hauptrahmen_zugeschnitten,28
1653,122,2,E-Bike_Schaltauge_bearbeitet,E-Bike_Schaltauge_bearbeitet,24
1653,123,2,E-Bike_Rahmen_nachbearbeitet,E-Bike_Rahmen_nachbearbeitet,15
1654,3,0,Mountainbike_Rahmen_lackiert,Mountainbike_Rahmen_lackiert,38
1654,5,1,Racebike_Hinterbau_vorbereitet,Racebike_Hinterbau_vorbereitet,15
1654,6,1,Racebike_Fahrrad_endmontiert,Racebike_Fahrrad_endmontiert,20
1654,7,1,Citybike_Tretlager_gefraest,Citybike_Tretlager_gefraest,25
1654,8,1,Mountainbike_Fahrrad_endmontiert,Mountainbike_Fahrrad_endmontiert,20
1654,9,2,E-Bike_Tretlageraufnahme_geschweisst,E-Bike_Tretlageraufnahme_geschweisst,15
1654,10,1,E-Bike_Schaltauge_bearbeitet,E-Bike_Schaltauge_bearbeitet,28
1654,11,0,Racebike_Hinterbau_vorbereitet,Racebike_Hinterbau_vorbereitet,35
1654,12,0,E-Bike_Tretlager_gefraest,E-Bike_Tretlager_gefraest,47
1654,13,0,Mountainbike_Schaltauge_bearbeitet,Mountainbike_Schaltauge_bearbeitet,53
1654,14,1,Mountainbike_Antrieb_installiert,Mountainbike_Antrieb_installiert,26
1654,15,2,Mountainbike_Rahmen_lackiert,Mountainbike_Rahmen_lackiert,24
1654,16,1,Racebike_Bremsaufnahme_gebohrt,Racebike_Bremsaufnahme_gebohrt,24
1654,17,2,Racebike_Antrieb_installiert,Racebike_Antrieb_installiert,16
1654,18,1,Mountainbike_Rahmen_komplettiert,Mountainbike_Rahmen_komplettiert,25
1654,19,0,Racebike_Fahrrad_endmontiert,Racebike_Fahrrad_endmontiert,35
1654,20,1,Racebike_Rahmen_nachbearbeitet,Racebike_Rahmen_nachbearbeitet,24
1654,21,0,Mountainbike_Tretlager_gefraest,Mountainbike_Tretlager_gefraest,38
1654,22,0,E-Bike_Steuerrohr_ausgerieben,E-Bike_Steuerrohr_ausgerieben,55
1654,23,1,E-Bike_Laufraeder_montiert,E-Bike_Laufraeder_montiert,28
1654,24,1,E-Bike_Hauptrahmen_zugeschnitten,E-Bike_Hauptrahmen_zugeschnitten,20
1654,25,2,Racebike_Rahmen_nachbearbeitet,Racebike_Rahmen_nachbearbeitet,15
1654,26,1,Citybike_Bremsen_justiert,Citybike_Bremsen_justiert,28
1654,27,0,Citybike_Hauptrahmen_zugeschnitten,Citybike_Hauptrahmen_zugeschnitten,54
1654,28,1,E-Bike_Hinterbau_vorbereitet,E-Bike_Hinterbau_vorbereitet,27
1654,29,2,Mountainbike_Bremsen_justiert,Mountainbike_Bremsen_justiert,13
1654,30,2,E-Bike_Rahmen_komplettiert,E-Bike_Rahmen_komplettiert,24
1654,31,1,Mountainbike_Fahrrad_endmontiert,Mountainbike_Fahrrad_endmontiert,26
1654,32,1,Racebike_Laufraeder_montiert,Racebike_Laufraeder_montiert,24
1654,33,0,Citybike_Hinterbau_vorbereitet,Citybike_Hinterbau_vorbereitet,40
1654,34,1,E-Bike_Hinterbau_vorbereitet,E-Bike_Hinterbau_vorbereitet,28
1654,35,2,Racebike_Hinterbau_vorbereitet,Racebike_Hinterbau_vorbereitet,25
1654,36,2,Mountainbike_Hinterbau_vorbereitet,Mountainbike_Hinterbau_vorbereitet,13
1654,37,0,Mountainbike_Rahmen_nachbearbeitet,Mountainbike_Rahmen_nachbearbeitet,40
1654,38,0,E-Bike_Rahmen_nachbearbeitet,E-Bike_Rahmen_nachbearbeitet,55
1654,39,1,E-Bike_Tretlageraufnahme_geschweisst,E-Bike_Tretlageraufnahme_geschweisst,20
1654,40,0,Racebike_Rahmen_lackiert,Racebike_Rahmen_lackiert,47
1654,41,1,Mountainbike_Bremsaufnahme_gebohrt,Mountainbike_Bremsaufnahme_gebohrt,26
1654,42,0,Racebike_Antrieb_installiert,Racebike_Antrieb_installiert,40
1654,43,1,Racebike_Bremsaufnahme_gebohrt,Racebike_Bremsaufnahme_gebohrt,24
1654,44,2,Mountainbike_Tretlageraufnahme_geschweisst,Mountainbike_Tretlageraufnahme_geschweisst,15
1654,45,1,Mountainbike_Tretlager_gefraest,Mountainbike_Tretlager_gefraest,25
1654,46,2,Racebike_Rahmen_komplettiert,Racebike_Rahmen_komplettiert,16
1654,47,1,E-Bike_Tretlager_gefraest,E-Bike_Tretlager_gefraest,28
1654,48,1,Mountainbike_Rahmen_lackiert,Mountainbike_Rahmen_lackiert,26
1654,49,0,E-Bike_Rahmen_nachbearbeitet,E-Bike_Rahmen_nachbearbeitet,47
1654,50,1,Racebike_Tretlageraufnahme_geschweisst,Racebike_Tretlageraufnahme_geschweisst,24
1654,51,0,Racebike_Rahmen_komplettiert,Racebike_Rahmen_komplettiert,47
1654,52,1,Mountainbike_Rahmen_nachbearbeitet,Mountainbike_Rahmen_nachbearbeitet,25
1654,53,2,E-Bike_Steuerrohr_montiert,E-Bike_Steuerrohr_montiert,25
1654,54,0,Citybike_Rahmen_nachbearbeitet,Citybike_Rahmen_nachbearbeitet,43
1654,55,1,E-Bike_Rahmen_lackiert,E-Bike_Rahmen_lackiert,28
1654,56,2,Mountainbike_Rahmen_nachbearbeitet,Mountainbike_Rahmen_nachbearbeitet,24
1654,57,2,E-Bike_Rahmen_komplettiert,E-Bike_Rahmen_komplettiert,24
1654,58,0,E-Bike_Bremsaufnahme_gebohrt,E-Bike_Bremsaufnahme_gebohrt,43
1654,59,2,Mountainbike_Laufraeder_montiert,Mountainbike_Laufraeder_montiert,24
1654,60,2,Racebike_Rahmen_komplettiert,Racebike_Rahmen_komplettiert,16
1654,61,1,Racebike_Steuerrohr_ausgerieben,Racebike_Steuerrohr_ausgerieben,26
1654,62,2,Citybike_Steuerrohr_montiert,Citybike_Steuerrohr_montiert,18
1654,63,1,E-Bike_Bremsen_justiert,E-Bike_Bremsen_justiert,28
1654,64,0,Mountainbike_Tretlager_gefraest,Mountainbike_Tretlager_gefraest,53
1654,65,0,Racebike_Rahmen_lackiert,Racebike_Rahmen_lackiert,35
1654,66,0,Mountainbike_Hauptrahmen_zugeschnitten,Mountainbike_Hauptrahmen_zugeschnitten,38
1654,67,2,Racebike_Hauptrahmen_zugeschnitten,Racebike_Hauptrahmen_zugeschnitten,10
1654,68,0,E-Bike_Tretlager_gefraest,E-Bike_Tretlager_gefraest,55
1654,69,1,Racebike_Tretlager_gefraest,Racebike_Tretlager_gefraest,26
1654,70,1,Citybike_Bremsen_justiert,Citybike_Bremsen_justiert,25
1654,71,1,E-Bike_Hinterbau_vorbereitet,E-Bike_Hinterbau_vorbereitet,27
1654,72,2,E-Bike_Bremsaufnahme_gebohrt,E-Bike_Bremsaufnahme_gebohrt,25
1654,73,2,Mountainbike_Laufraeder_montiert,Mountainbike_Laufraeder_montiert,24
1654,74,2,Mountainbike_Antrieb_installiert,Mountainbike_Antrieb_installiert,15
1654,75,1,Citybike_Fahrrad_endmontiert,Citybike_Fahrrad_endmontiert,28
1654,76,0,Mountainbike_Tretlageraufnahme_geschweisst,Mountainbike_Tretlageraufnahme_geschweisst,53
1654,77,2,Mountainbike_Tretlageraufnahme_geschweisst,Mountainbike_Tretlageraufnahme_geschweisst,15
1654,78,0,Racebike_Bremsen_justiert,Racebike_Bremsen_justiert,35
1654,79,1,Mountainbike_Steuerrohr_montiert,Mountainbike_Steuerrohr_montiert,20
1654,80,0,Mountainbike_Hauptrahmen_zugeschnitten,Mountainbike_Hauptrahmen_zugeschnitten,38
1654,81,1,Citybike_Antrieb_installiert,Citybike_Antrieb_installiert,15
1654,82,0,Mountainbike_Bremsaufnahme_gebohrt,Mountainbike_Bremsaufnahme_gebohrt,40
1654,83,1,Racebike_Rahmen_lackiert,Racebike_Rahmen_lackiert,15
1654,84,0,E-Bike_Antrieb_installiert,E-Bike_Antrieb_installiert,55
1654,85,0,Mountainbike_Steuerrohr_montiert,Mountainbike_Steuerrohr_montiert,53
1654,86,2,Citybike_Tretlageraufnahme_geschweisst,Citybike_Tretlageraufnahme_geschweisst,18
1654,87,1,Mountainbike_Steuerrohr_ausgerieben,Mountainbike_Steuerrohr_ausgerieben,25
1654,88,2,Citybike_Hauptrahmen_zugeschnitten,Citybike_Hauptrahmen_zugeschnitten,15
1654,89,0,Racebike_Steuerrohr_montiert,Racebike_Steuerrohr_montiert,35
1654,90,0,Racebike_Rahmen_komplettiert,Racebike_Rahmen_komplettiert,40
1654,91,0,Citybike_Rahmen_lackiert,Citybike_Rahmen_lackiert,43
1654,92,2,Mountainbike_Tretlageraufnahme_geschweisst,Mountainbike_Tretlageraufnahme_geschweisst,12
1654,93,0,Racebike_Tretlager_gefraest,Racebike_Tretlager_gefraest,42
1654,94,0,Mountainbike_Hinterbau_vorbereitet,Mountainbike_Hinterbau_vorbereitet,38
1654,95,0,E-Bike_Hinterbau_vorbereitet,E-Bike_Hinterbau_vorbereitet,55
1654,96,0,E-Bike_Fahrrad_endmontiert,E-Bike_Fahrrad_endmontiert,40
1654,97,1,Mountainbike_Fahrrad_endmontiert,Mountainbike_Fahrrad_endmontiert,20
1654,98,1,E-Bike_Hinterbau_vorbereitet,E-Bike_Hinterbau_vorbereitet,28
1654,99,1,Racebike_Steuerrohr_ausgerieben,Racebike_Steuerrohr_ausgerieben,26
1654,100,0,Racebike_Bremsen_justiert,Racebike_Bremsen_justiert,47
1654,101,2,Citybike_Schaltauge_bearbeitet,Citybike_Schaltauge_bearbeitet,18
1654,102,1,Racebike_Hauptrahmen_zugeschnitten,Racebike_Hauptrahmen_zugeschnitten,20
1654,103,2,Mountainbike_Bremsen_justiert,Mountainbike_Bremsen_justiert,12
1654,104,1,Mountainbike_Bremsaufnahme_gebohrt,Mountainbike_Bremsaufnahme_gebohrt,25
1654,105,1,Citybike_Rahmen_lackiert,Citybike_Rahmen_lackiert,15
1654,106,1,Racebike_Rahmen_nachbearbeitet,Racebike_Rahmen_nachbearbeitet,15
1654,107,2,Mountainbike_Steuerrohr_ausgerieben,Mountainbike_Steuerrohr_ausgerieben,15
1654,108,0,Mountainbike_Hinterbau_vorbereitet,Mountainbike_Hinterbau_vorbereitet,38
1654,109,2,Racebike_Antrieb_installiert,Racebike_Antrieb_installiert,16
1654,110,1,Racebike_Tretlageraufnahme_geschweisst,Racebike_Tretlageraufnahme_geschweisst,20
1654,111,1,Citybike_Rahmen_nachbearbeitet,Citybike_Rahmen_nachbearbeitet,25
1654,112,1,Racebike_Schaltauge_bearbeitet,Racebike_Schaltauge_bearbeitet,15
1654,113,1,Mountainbike_Rahmen_lackiert,Mountainbike_Rahmen_lackiert,25
1654,114,0,Citybike_Fahrrad_endmontiert,Citybike_Fahrrad_endmontiert,39
1654,115,0,E-Bike_Bremsen_justiert,E-Bike_Bremsen_justiert,43
1654,116,1,Mountainbike_Rahmen_komplettiert,Mountainbike_Rahmen_komplettiert,20
1654,117,0,Mountainbike_Steuerrohr_montiert,Mountainbike_Steuerrohr_montiert,53
1654,118,1,Mountainbike_Hauptrahmen_zugeschnitten,Mountainbike_Hauptrahmen_zugeschnitten,20
1654,119,1,E-Bike_Hauptrahmen_zugeschnitten,E-Bike_Hauptrahmen_zugeschnitten,28
1654,120,1,Mountainbike_Steuerrohr_montiert,Mountainbike_Steuerrohr_montiert,26
1654,121,0,Citybike_Rahmen_komplettiert,Citybike_Rahmen_komplettiert,39
1654,122,2,E-Bike_Schaltauge_bearbeitet,E-Bike_Schaltauge_bearbeitet,25
1654,123,2,E-Bike_Rahmen_nachbearbeitet,E-Bike_Rahmen_nachbearbeitet,15
1655,3,2,Mountainbike_Bremsen_justiert,Mountainbike_Bremsen_justiert,13
1655,5,2,E-Bike_Tretlageraufnahme_geschweisst,E-Bike_Tretlageraufnahme_geschweisst,24
1655,6,1,Citybike_Tretlager_gefraest,Citybike_Tretlager_gefraest,15
1655,7,0,Mountainbike_Rahmen_nachbearbeitet,Mountainbike_Rahmen_nachbearbeitet,53
1655,8,1,E-Bike_Schaltauge_bearbeitet,E-Bike_Schaltauge_bearbeitet,27
1655,9,0,E-Bike_Bremsaufnahme_gebohrt,E-Bike_Bremsaufnahme_gebohrt,55
1655,10,0,Racebike_Hauptrahmen_zugeschnitten,Racebike_Hauptrahmen_zugeschnitten,47
1655,11,1,Mountainbike_Tretlager_gefraest,Mountainbike_Tretlager_gefraest,26
1655,12,2,Mountainbike_Tretlageraufnahme_geschweisst,Mountainbike_Tretlageraufnahme_geschweisst,24
1655,13,2,E-Bike_Rahmen_komplettiert,E-Bike_Rahmen_komplettiert,24
1655,14,1,Racebike_Fahrrad_endmontiert,Racebike_Fahrrad_endmontiert,24
1655,15,1,Mountainbike_Fahrrad_endmontiert,Mountainbike_Fahrrad_endmontiert,25
1655,16,1,E-Bike_Bremsen_justiert,E-Bike_Bremsen_justiert,28
1655,17,1,Mountainbike_Rahmen_lackiert,Mountainbike_Rahmen_lackiert,26
1655,18,0,Mountainbike_Schaltauge_bearbeitet,Mountainbike_Schaltauge_bearbeitet,38
1655,19,0,Mountainbike_Tretlager_gefraest,Mountainbike_Tretlager_gefraest,40
1655,20,1,Racebike_Bremsaufnahme_gebohrt,Racebike_Bremsaufnahme_gebohrt,24
1655,21,0,Mountainbike_Tretlageraufnahme_geschweisst,Mountainbike_Tretlageraufnahme_geschweisst,40
1655,22,2,Racebike_Rahmen_nachbearbeitet,Racebike_Rahmen_nachbearbeitet,25
1655,23,2,Mountainbike_Rahmen_lackiert,Mountainbike_Rahmen_lackiert,13
1655,24,0,E-Bike_Tretlager_gefraest,E-Bike_Tretlager_gefraest,55
1655,25,1,Mountainbike_Antrieb_installiert,Mountainbike_Antrieb_installiert,25
1655,26,0,Racebike_Antrieb_installiert,Racebike_Antrieb_installiert,47
1655,27,1,Racebike_Laufraeder_montiert,Racebike_Laufraeder_montiert,24
1655,28,2,Mountainbike_Laufraeder_montiert,Mountainbike_Laufraeder_montiert,15
1655,29,1,Racebike_Rahmen_nachbearbeitet,Racebike_Rahmen_nachbearbeitet,20
1655,30,1,Citybike_Bremsen_justiert,Citybike_Bremsen_justiert,25
1655,31,1,E-Bike_Laufraeder_montiert,E-Bike_Laufraeder_montiert,27
1655,32,0,Racebike_Hinterbau_vorbereitet,Racebike_Hinterbau_vorbereitet,40
1655,33,1,E-Bike_Hauptrahmen_zugeschnitten,E-Bike_Hauptrahmen_zugeschnitten,20
1655,34,1,Mountainbike_Steuerrohr_montiert,Mountainbike_Steuerrohr_montiert,26
1655,35,1,E-Bike_Hinterbau_vorbereitet,E-Bike_Hinterbau_vorbereitet,28
1655,36,0,E-Bike_Bremsen_justiert,E-Bike_Bremsen_justiert,47
1655,37,1,E-Bike_Hinterbau_vorbereitet,E-Bike_Hinterbau_vorbereitet,15
1655,38,0,E-Bike_Rahmen_nachbearbeitet,E-Bike_Rahmen_nachbearbeitet,40
1655,39,1,Citybike_Hinterbau_vorbereitet,Citybike_Hinterbau_vorbereitet,28
1655,40,2,Racebike_Rahmen_komplettiert,Racebike_Rahmen_komplettiert,16
1655,41,1,Racebike_Hinterbau_vorbereitet,Racebike_Hinterbau_vorbereitet,15
1655,42,1,Mountainbike_Fahrrad_endmontiert,Mountainbike_Fahrrad_endmontiert,25
1655,43,2,E-Bike_Rahmen_komplettiert,E-Bike_Rahmen_komplettiert,25
1655,44,1,E-Bike_Tretlageraufnahme_geschweisst,E-Bike_Tretlageraufnahme_geschweisst,28
1655,45,1,Mountainbike_Bremsaufnahme_gebohrt,Mountainbike_Bremsaufnahme_gebohrt,26
1655,46,1,Mountainbike_Fahrrad_endmontiert,Mountainbike_Fahrrad_endmontiert,20
1655,47,0,E-Bike_Antrieb_installiert,E-Bike_Antrieb_installiert,40
1655,48,2,Mountainbike_Hinterbau_vorbereitet,Mountainbike_Hinterbau_vorbereitet,24
1655,49,2,Mountainbike_Laufraeder_montiert,Mountainbike_Laufraeder_montiert,15
1655,50,1,Racebike_Bremsaufnahme_gebohrt,Racebike_Bremsaufnahme_gebohrt,24
1655,51,1,E-Bike_Hauptrahmen_zugeschnitten,E-Bike_Hauptrahmen_zugeschnitten,28
1655,52,2,E-Bike_Steuerrohr_montiert,E-Bike_Steuerrohr_montiert,24
1655,53,0,Racebike_Fahrrad_endmontiert,Racebike_Fahrrad_endmontiert,47
1655,54,0,Mountainbike_Hauptrahmen_zugeschnitten,Mountainbike_Hauptrahmen_zugeschnitten,38
1655,55,0,Citybike_Hauptrahmen_zugeschnitten,Citybike_Hauptrahmen_zugeschnitten,39
1655,56,1,Racebike_Tretlageraufnahme_geschweisst,Racebike_Tretlageraufnahme_geschweisst,26
1655,57,0,Citybike_Rahmen_nachbearbeitet,Citybike_Rahmen_nachbearbeitet,40
1655,58,1,Mountainbike_Rahmen_nachbearbeitet,Mountainbike_Rahmen_nachbearbeitet,25
1655,59,2,Racebike_Hinterbau_vorbereitet,Racebike_Hinterbau_vorbereitet,25
1655,60,2,Mountainbike_Tretlageraufnahme_geschweisst,Mountainbike_Tretlageraufnahme_geschweisst,13
1655,61,0,Racebike_Rahmen_lackiert,Racebike_Rahmen_lackiert,42
1655,62,0,Racebike_Rahmen_lackiert,Racebike_Rahmen_lackiert,25
1655,63,0,Mountainbike_Tretlager_gefraest,Mountainbike_Tretlager_gefraest,38
1655,64,2,Mountainbike_Tretlageraufnahme_geschweisst,Mountainbike_Tretlageraufnahme_geschweisst,10
1655,65,0,Racebike_Rahmen_komplettiert,Racebike_Rahmen_komplettiert,35
1655,66,1,E-Bike_Rahmen_lackiert,E-Bike_Rahmen_lackiert,28
1655,67,2,Mountainbike_Rahmen_nachbearbeitet,Mountainbike_Rahmen_nachbearbeitet,15
1655,68,0,Racebike_Rahmen_komplettiert,Racebike_Rahmen_komplettiert,25
1655,69,0,Mountainbike_Hauptrahmen_zugeschnitten,Mountainbike_Hauptrahmen_zugeschnitten,38
1655,70,0,Mountainbike_Rahmen_lackiert,Mountainbike_Rahmen_lackiert,40
1655,71,2,E-Bike_Rahmen_komplettiert,E-Bike_Rahmen_komplettiert,24
1655,72,1,Mountainbike_Steuerrohr_ausgerieben,Mountainbike_Steuerrohr_ausgerieben,26
1655,73,2,Mountainbike_Antrieb_installiert,Mountainbike_Antrieb_installiert,24
1655,74,1,Mountainbike_Bremsaufnahme_gebohrt,Mountainbike_Bremsaufnahme_gebohrt,20
1655,75,0,E-Bike_Steuerrohr_ausgerieben,E-Bike_Steuerrohr_ausgerieben,55
1655,76,1,E-Bike_Hinterbau_vorbereitet,E-Bike_Hinterbau_vorbereitet,28
1655,77,0,Citybike_Hinterbau_vorbereitet,Citybike_Hinterbau_vorbereitet,54
1655,78,1,E-Bike_Tretlager_gefraest,E-Bike_Tretlager_gefraest,20
1655,79,2,Racebike_Rahmen_komplettiert,Racebike_Rahmen_komplettiert,16
1655,80,0,E-Bike_Rahmen_nachbearbeitet,E-Bike_Rahmen_nachbearbeitet,43
1655,81,2,Citybike_Hauptrahmen_zugeschnitten,Citybike_Hauptrahmen_zugeschnitten,18
1655,82,0,Mountainbike_Steuerrohr_montiert,Mountainbike_Steuerrohr_montiert,53
1655,83,0,Mountainbike_Hinterbau_vorbereitet,Mountainbike_Hinterbau_vorbereitet,40
1655,84,1,Citybike_Bremsen_justiert,Citybike_Bremsen_justiert,28
1655,85,1,Racebike_Tretlager_gefraest,Racebike_Tretlager_gefraest,15
1655,86,1,Racebike_Steuerrohr_ausgerieben,Racebike_Steuerrohr_ausgerieben,20
1655,87,0,E-Bike_Fahrrad_endmontiert,E-Bike_Fahrrad_endmontiert,55
1655,88,0,E-Bike_Tretlager_gefraest,E-Bike_Tretlager_gefraest,40
1655,89,2,Mountainbike_Bremsen_justiert,Mountainbike_Bremsen_justiert,12
1655,90,0,Mountainbike_Hinterbau_vorbereitet,Mountainbike_Hinterbau_vorbereitet,53
1655,91,1,E-Bike_Hinterbau_vorbereitet,E-Bike_Hinterbau_vorbereitet,28
1655,92,1,Citybike_Antrieb_installiert,Citybike_Antrieb_installiert,28
1655,93,2,E-Bike_Bremsaufnahme_gebohrt,E-Bike_Bremsaufnahme_gebohrt,24
1655,94,2,E-Bike_Schaltauge_bearbeitet,E-Bike_Schaltauge_bearbeitet,15
1655,95,0,Citybike_Rahmen_lackiert,Citybike_Rahmen_lackiert,39
1655,96,2,Mountainbike_Steuerrohr_ausgerieben,Mountainbike_Steuerrohr_ausgerieben,24
1655,97,0,Racebike_Bremsen_justiert,Racebike_Bremsen_justiert,42
1655,98,2,Racebike_Hauptrahmen_zugeschnitten,Racebike_Hauptrahmen_zugeschnitten,16
1655,99,1,Racebike_Tretlageraufnahme_geschweisst,Racebike_Tretlageraufnahme_geschweisst,15
1655,100,0,Mountainbike_Bremsaufnahme_gebohrt,Mountainbike_Bremsaufnahme_gebohrt,38
1655,101,1,Racebike_Rahmen_lackiert,Racebike_Rahmen_lackiert,20
1655,102,1,Mountainbike_Rahmen_lackiert,Mountainbike_Rahmen_lackiert,25
1655,103,1,Racebike_Hauptrahmen_zugeschnitten,Racebike_Hauptrahmen_zugeschnitten,24
1655,104,2,Citybike_Steuerrohr_montiert,Citybike_Steuerrohr_montiert,18
1655,105,1,Racebike_Rahmen_nachbearbeitet,Racebike_Rahmen_nachbearbeitet,20
1655,106,1,Citybike_Fahrrad_endmontiert,Citybike_Fahrrad_endmontiert,25
1655,107,0,Mountainbike_Steuerrohr_montiert,Mountainbike_Steuerrohr_montiert,40
1655,108,2,E-Bike_Rahmen_nachbearbeitet,E-Bike_Rahmen_nachbearbeitet,24
1655,109,2,Citybike_Schaltauge_bearbeitet,Citybike_Schaltauge_bearbeitet,15
1655,110,0,Racebike_Steuerrohr_montiert,Racebike_Steuerrohr_montiert,35
1655,111,0,Citybike_Fahrrad_endmontiert,Citybike_Fahrrad_endmontiert,43
1655,112,2,Citybike_Tretlageraufnahme_geschweisst,Citybike_Tretlageraufnahme_geschweisst,15
1655,113,1,Mountainbike_Rahmen_komplettiert,Mountainbike_Rahmen_komplettiert,20
1655,114,0,Citybike_Rahmen_komplettiert,Citybike_Rahmen_komplettiert,40
1655,115,2,Racebike_Antrieb_installiert,Racebike_Antrieb_installiert,10
1655,116,0,Racebike_Bremsen_justiert,Racebike_Bremsen_justiert,42
1655,117,0,Racebike_Tretlager_gefraest,Racebike_Tretlager_gefraest,40
1655,118,1,Racebike_Schaltauge_bearbeitet,Racebike_Schaltauge_bearbeitet,24
1655,119,1,Mountainbike_Hauptrahmen_zugeschnitten,Mountainbike_Hauptrahmen_zugeschnitten,25
1655,120,1,Mountainbike_Steuerrohr_montiert,Mountainbike_Steuerrohr_montiert,20
1655,121,1,Racebike_Steuerrohr_ausgerieben,Racebike_Steuerrohr_ausgerieben,24
1655,122,1,Citybike_Rahmen_lackiert,Citybike_Rahmen_lackiert,25
1655,123,1,Citybike_Rahmen_nachbearbeitet,Citybike_Rahmen_nachbearbeitet,20
1656,2,1,Mountainbike_Rahmen_komplettiert,Mountainbike_Rahmen_komplettiert,20
1656,5,0,Mountainbike_Rahmen_nachbearbeitet,Mountainbike_Rahmen_nachbearbeitet,38
1656,6,0,E-Bike_Bremsaufnahme_gebohrt,E-Bike_Bremsaufnahme_gebohrt,55
1656,7,1,Mountainbike_Tretlager_gefraest,Mountainbike_Tretlager_gefraest,20
1656,8,1,Mountainbike_Fahrrad_endmontiert,Mountainbike_Fahrrad_endmontiert,20
1656,9,2,Mountainbike_Rahmen_lackiert,Mountainbike_Rahmen_lackiert,24
1656,10,1,E-Bike_Bremsen_justiert,E-Bike_Bremsen_justiert,28
1656,11,1,Racebike_Hinterbau_vorbereitet,Racebike_Hinterbau_vorbereitet,26
1656,12,0,E-Bike_Tretlager_gefraest,E-Bike_Tretlager_gefraest,40
1656,13,1,Racebike_Bremsaufnahme_gebohrt,Racebike_Bremsaufnahme_gebohrt,20
1656,14,1,E-Bike_Hinterbau_vorbereitet,E-Bike_Hinterbau_vorbereitet,28
1656,15,1,E-Bike_Schaltauge_bearbeitet,E-Bike_Schaltauge_bearbeitet,20
1656,16,1,Citybike_Bremsen_justiert,Citybike_Bremsen_justiert,28
1656,17,2,Mountainbike_Bremsen_justiert,Mountainbike_Bremsen_justiert,15
1656,18,1,Citybike_Hinterbau_vorbereitet,Citybike_Hinterbau_vorbereitet,20
1656,19,2,E-Bike_Rahmen_komplettiert,E-Bike_Rahmen_komplettiert,24
1656,20,2,E-Bike_Rahmen_komplettiert,E-Bike_Rahmen_komplettiert,10
1656,21,1,E-Bike_Laufraeder_montiert,E-Bike_Laufraeder_montiert,27
1656,22,1,Racebike_Laufraeder_montiert,Racebike_Laufraeder_montiert,26
1656,23,2,Racebike_Rahmen_nachbearbeitet,Racebike_Rahmen_nachbearbeitet,25
1656,24,0,Citybike_Hauptrahmen_zugeschnitten,Citybike_Hauptrahmen_zugeschnitten,54
1656,25,1,Mountainbike_Steuerrohr_montiert,Mountainbike_Steuerrohr_montiert,25
1656,26,1,Racebike_Fahrrad_endmontiert,Racebike_Fahrrad_endmontiert,24
1656,27,1,E-Bike_Tretlageraufnahme_geschweisst,E-Bike_Tretlageraufnahme_geschweisst,28
1656,28,2,Racebike_Rahmen_komplettiert,Racebike_Rahmen_komplettiert,15
1656,29,1,E-Bike_Tretlager_gefraest,E-Bike_Tretlager_gefraest,20
1656,30,2,Racebike_Antrieb_installiert,Racebike_Antrieb_installiert,15
1656,31,2,Mountainbike_Tretlageraufnahme_geschweisst,Mountainbike_Tretlageraufnahme_geschweisst,13
1656,32,0,E-Bike_Fahrrad_endmontiert,E-Bike_Fahrrad_endmontiert,43
1656,33,2,Mountainbike_Tretlageraufnahme_geschweisst,Mountainbike_Tretlageraufnahme_geschweisst,10
1656,34,1,E-Bike_Hinterbau_vorbereitet,E-Bike_Hinterbau_vorbereitet,20
1656,35,0,Racebike_Antrieb_installiert,Racebike_Antrieb_installiert,47
1656,36,0,E-Bike_Hinterbau_vorbereitet,E-Bike_Hinterbau_vorbereitet,47
1656,37,0,Citybike_Hinterbau_vorbereitet,Citybike_Hinterbau_vorbereitet,54
1656,38,1,Mountainbike_Rahmen_lackiert,Mountainbike_Rahmen_lackiert,26
1656,39,0,Mountainbike_Schaltauge_bearbeitet,Mountainbike_Schaltauge_bearbeitet,40
1656,40,1,Mountainbike_Antrieb_installiert,Mountainbike_Antrieb_installiert,20
1656,41,0,E-Bike_Antrieb_installiert,E-Bike_Antrieb_installiert,55
1656,42,1,Citybike_Bremsen_justiert,Citybike_Bremsen_justiert,15
1656,43,1,Mountainbike_Fahrrad_endmontiert,Mountainbike_Fahrrad_endmontiert,20
1656,44,1,Mountainbike_Bremsaufnahme_gebohrt,Mountainbike_Bremsaufnahme_gebohrt,20
1656,45,2,Citybike_Steuerrohr_montiert,Citybike_Steuerrohr_montiert,18
1656,46,0,Racebike_Hinterbau_vorbereitet,Racebike_Hinterbau_vorbereitet,47
1656,47,1,E-Bike_Hauptrahmen_zugeschnitten,E-Bike_Hauptrahmen_zugeschnitten,28
1656,48,1,Mountainbike_Rahmen_nachbearbeitet,Mountainbike_Rahmen_nachbearbeitet,26
1656,49,1,Racebike_Tretlageraufnahme_geschweisst,Racebike_Tretlageraufnahme_geschweisst,24
1656,50,0,E-Bike_Steuerrohr_ausgerieben,E-Bike_Steuerrohr_ausgerieben,47
1656,51,0,Mountainbike_Tretlager_gefraest,Mountainbike_Tretlager_gefraest,53
1656,52,1,E-Bike_Hinterbau_vorbereitet,E-Bike_Hinterbau_vorbereitet,28
1656,53,1,Racebike_Bremsaufnahme_gebohrt,Racebike_Bremsaufnahme_gebohrt,26
1656,54,1,E-Bike_Hinterbau_vorbereitet,E-Bike_Hinterbau_vorbereitet,28
1656,55,1,Citybike_Fahrrad_endmontiert,Citybike_Fahrrad_endmontiert,28
1656,56,0,Racebike_Rahmen_komplettiert,Racebike_Rahmen_komplettiert,35
1656,57,0,Mountainbike_Hinterbau_vorbereitet,Mountainbike_Hinterbau_vorbereitet,38
1656,58,2,Mountainbike_Hinterbau_vorbereitet,Mountainbike_Hinterbau_vorbereitet,12
1656,59,0,Mountainbike_Tretlager_gefraest,Mountainbike_Tretlager_gefraest,40
1656,60,2,Racebike_Rahmen_komplettiert,Racebike_Rahmen_komplettiert,16
1656,61,0,E-Bike_Rahmen_nachbearbeitet,E-Bike_Rahmen_nachbearbeitet,55
1656,62,2,Mountainbike_Rahmen_nachbearbeitet,Mountainbike_Rahmen_nachbearbeitet,13
1656,63,1,Citybike_Antrieb_installiert,Citybike_Antrieb_installiert,20
1656,64,0,Mountainbike_Tretlageraufnahme_geschweisst,Mountainbike_Tretlageraufnahme_geschweisst,53
1656,65,0,Mountainbike_Hauptrahmen_zugeschnitten,Mountainbike_Hauptrahmen_zugeschnitten,40
1656,66,0,Racebike_Bremsen_justiert,Racebike_Bremsen_justiert,35
1656,67,1,Mountainbike_Steuerrohr_ausgerieben,Mountainbike_Steuerrohr_ausgerieben,20
1656,68,0,Citybike_Rahmen_nachbearbeitet,Citybike_Rahmen_nachbearbeitet,43
1656,69,1,Racebike_Steuerrohr_ausgerieben,Racebike_Steuerrohr_ausgerieben,24
1656,70,0,Racebike_Fahrrad_endmontiert,Racebike_Fahrrad_endmontiert,42
1656,71,2,Citybike_Hauptrahmen_zugeschnitten,Citybike_Hauptrahmen_zugeschnitten,18
1656,72,2,Mountainbike_Laufraeder_montiert,Mountainbike_Laufraeder_montiert,12
1656,73,2,Racebike_Hauptrahmen_zugeschnitten,Racebike_Hauptrahmen_zugeschnitten,16
1656,74,2,Mountainbike_Bremsen_justiert,Mountainbike_Bremsen_justiert,13
1656,75,2,Mountainbike_Steuerrohr_ausgerieben,Mountainbike_Steuerrohr_ausgerieben,15
1656,76,0,Racebike_Rahmen_lackiert,Racebike_Rahmen_lackiert,40
1656,77,2,Citybike_Tretlageraufnahme_geschweisst,Citybike_Tretlageraufnahme_geschweisst,18
1656,78,0,Citybike_Rahmen_lackiert,Citybike_Rahmen_lackiert,43
1656,79,0,E-Bike_Tretlager_gefraest,E-Bike_Tretlager_gefraest,43
1656,80,0,E-Bike_Rahmen_nachbearbeitet,E-Bike_Rahmen_nachbearbeitet,40
1656,81,2,E-Bike_Bremsaufnahme_gebohrt,E-Bike_Bremsaufnahme_gebohrt,24
1656,82,2,Citybike_Schaltauge_bearbeitet,Citybike_Schaltauge_bearbeitet,15
1656,83,1,Racebike_Rahmen_lackiert,Racebike_Rahmen_lackiert,20
1656,84,0,Racebike_Steuerrohr_montiert,Racebike_Steuerrohr_montiert,47
1656,85,2,Mountainbike_Laufraeder_montiert,Mountainbike_Laufraeder_montiert,12
1656,86,2,E-Bike_Steuerrohr_montiert,E-Bike_Steuerrohr_montiert,24
1656,87,0,Racebike_Rahmen_komplettiert,Racebike_Rahmen_komplettiert,40
1656,88,0,Mountainbike_Hauptrahmen_zugeschnitten,Mountainbike_Hauptrahmen_zugeschnitten,38
1656,89,2,Mountainbike_Antrieb_installiert,Mountainbike_Antrieb_installiert,24
1656,90,1,Mountainbike_Fahrrad_endmontiert,Mountainbike_Fahrrad_endmontiert,25
1656,91,0,Racebike_Bremsen_justiert,Racebike_Bremsen_justiert,35
1656,92,0,Mountainbike_Steuerrohr_montiert,Mountainbike_Steuerrohr_montiert,38
1656,93,0,Mountainbike_Rahmen_lackiert,Mountainbike_Rahmen_lackiert,40
1656,94,1,E-Bike_Rahmen_lackiert,E-Bike_Rahmen_lackiert,28
1656,95,2,E-Bike_Rahmen_komplettiert,E-Bike_Rahmen_komplettiert,24
1656,96,0,Mountainbike_Bremsaufnahme_gebohrt,Mountainbike_Bremsaufnahme_gebohrt,40
1656,97,1,Racebike_Hauptrahmen_zugeschnitten,Racebike_Hauptrahmen_zugeschnitten,26
1656,98,1,Racebike_Rahmen_nachbearbeitet,Racebike_Rahmen_nachbearbeitet,20
1656,99,1,Mountainbike_Bremsaufnahme_gebohrt,Mountainbike_Bremsaufnahme_gebohrt,25
1656,100,0,E-Bike_Bremsen_justiert,E-Bike_Bremsen_justiert,55
1656,101,2,Mountainbike_Tretlageraufnahme_geschweisst,Mountainbike_Tretlageraufnahme_geschweisst,24
1656,102,0,Citybike_Fahrrad_endmontiert,Citybike_Fahrrad_endmontiert,54
1656,103,0,Citybike_Rahmen_komplettiert,Citybike_Rahmen_komplettiert,40
1656,104,0,Mountainbike_Hinterbau_vorbereitet,Mountainbike_Hinterbau_vorbereitet,40
1656,105,1,Citybike_Rahmen_lackiert,Citybike_Rahmen_lackiert,15
1656,106,1,Racebike_Rahmen_nachbearbeitet,Racebike_Rahmen_nachbearbeitet,15
1656,107,2,Racebike_Hinterbau_vorbereitet,Racebike_Hinterbau_vorbereitet,16
1656,108,1,Mountainbike_Rahmen_komplettiert,Mountainbike_Rahmen_komplettiert,25
1656,109,1,Mountainbike_Rahmen_lackiert,Mountainbike_Rahmen_lackiert,20
1656,110,0,Racebike_Rahmen_lackiert,Racebike_Rahmen_lackiert,35
1656,111,1,Mountainbike_Hauptrahmen_zugeschnitten,Mountainbike_Hauptrahmen_zugeschnitten,20
1656,112,1,Mountainbike_Steuerrohr_montiert,Mountainbike_Steuerrohr_montiert,20
1656,113,2,Racebike_Antrieb_installiert,Racebike_Antrieb_installiert,15
1656,114,0,Mountainbike_Steuerrohr_montiert,Mountainbike_Steuerrohr_montiert,38
1656,115,0,Racebike_Tretlager_gefraest,Racebike_Tretlager_gefraest,35
1656,116,1,Racebike_Schaltauge_bearbeitet,Racebike_Schaltauge_bearbeitet,24
1656,117,1,Racebike_Steuerrohr_ausgerieben,Racebike_Steuerrohr_ausgerieben,20
1656,118,1,Citybike_Rahmen_nachbearbeitet,Citybike_Rahmen_nachbearbeitet,25
1656,119,1,Racebike_Tretlager_gefraest,Racebike_Tretlager_gefraest,15
1656,120,1,Racebike_Tretlageraufnahme_geschweisst,Racebike_Tretlageraufnahme_geschweisst,20
1656,121,1,E-Bike_Hauptrahmen_zugeschnitten,E-Bike_Hauptrahmen_zugeschnitten,28
1656,122,2,E-Bike_Schaltauge_bearbeitet,E-Bike_Schaltauge_bearbeitet,25
1656,123,2,E-Bike_Rahmen_nachbearbeitet,E-Bike_Rahmen_nachbearbeitet,15
1657,2,1,Citybike_Hinterbau_vorbereitet,Citybike_Hinterbau_vorbereitet,20
1657,3,1,Racebike_Bremsaufnahme_gebohrt,Racebike_Bremsaufnahme_gebohrt,15
1657,6,1,Mountainbike_Rahmen_komplettiert,Mountainbike_Rahmen_komplettiert,25
1657,7,0,Mountainbike_Schaltauge_bearbeitet,Mountainbike_Schaltauge_bearbeitet,40
1657,8,2,E-Bike_Tretlageraufnahme_geschweisst,E-Bike_Tretlageraufnahme_geschweisst,15
1657,9,1,Citybike_Bremsen_justiert,Citybike_Bremsen_justiert,15
1657,10,0,Citybike_Hauptrahmen_zugeschnitten,Citybike_Hauptrahmen_zugeschnitten,39
1657,11,1,Racebike_Fahrrad_endmontiert,Racebike_Fahrrad_endmontiert,15
1657,12,2,Mountainbike_Bremsen_justiert,Mountainbike_Bremsen_justiert,24
1657,13,0,E-Bike_Steuerrohr_ausgerieben,E-Bike_Steuerrohr_ausgerieben,43
1657,14,2,Citybike_Steuerrohr_montiert,Citybike_Steuerrohr_montiert,18
1657,15,1,E-Bike_Hinterbau_vorbereitet,E-Bike_Hinterbau_vorbereitet,28
1657,16,0,E-Bike_Rahmen_nachbearbeitet,E-Bike_Rahmen_nachbearbeitet,40
1657,17,1,E-Bike_Schaltauge_bearbeitet,E-Bike_Schaltauge_bearbeitet,20
1657,18,1,Mountainbike_Tretlager_gefraest,Mountainbike_Tretlager_gefraest,26
1657,19,2,Racebike_Antrieb_installiert,Racebike_Antrieb_installiert,10
1657,20,1,Mountainbike_Antrieb_installiert,Mountainbike_Antrieb_installiert,20
1657,21,1,Racebike_Rahmen_nachbearbeitet,Racebike_Rahmen_nachbearbeitet,24
1657,22,1,Citybike_Fahrrad_endmontiert,Citybike_Fahrrad_endmontiert,25
1657,23,2,E-Bike_Rahmen_komplettiert,E-Bike_Rahmen_komplettiert,25
1657,24,0,E-Bike_Tretlager_gefraest,E-Bike_Tretlager_gefraest,40
1657,25,1,Racebike_Hinterbau_vorbereitet,Racebike_Hinterbau_vorbereitet,15
1657,26,0,Mountainbike_Rahmen_nachbearbeitet,Mountainbike_Rahmen_nachbearbeitet,53
1657,27,0,Mountainbike_Tretlageraufnahme_geschweisst,Mountainbike_Tretlageraufnahme_geschweisst,40
1657,28,1,Mountainbike_Fahrrad_endmontiert,Mountainbike_Fahrrad_endmontiert,25
1657,29,2,E-Bike_Bremsaufnahme_gebohrt,E-Bike_Bremsaufnahme_gebohrt,15
1657,30,0,E-Bike_Tretlager_gefraest,E-Bike_Tretlager_gefraest,55
1657,31,1,E-Bike_Laufraeder_montiert,E-Bike_Laufraeder_montiert,28
1657,32,2,Racebike_Rahmen_nachbearbeitet,Racebike_Rahmen_nachbearbeitet,25
1657,33,1,E-Bike_Tretlageraufnahme_geschweisst,E-Bike_Tretlageraufnahme_geschweisst,20
1657,34,2,Mountainbike_Tretlageraufnahme_geschweisst,Mountainbike_Tretlageraufnahme_geschweisst,13
1657,35,1,Mountainbike_Fahrrad_endmontiert,Mountainbike_Fahrrad_endmontiert,26
1657,36,0,E-Bike_Bremsaufnahme_gebohrt,E-Bike_Bremsaufnahme_gebohrt,40
1657,37,1,Mountainbike_Bremsaufnahme_gebohrt,Mountainbike_Bremsaufnahme_gebohrt,20
1657,38,0,Racebike_Antrieb_installiert,Racebike_Antrieb_installiert,47
1657,39,1,E-Bike_Tretlager_gefraest,E-Bike_Tretlager_gefraest,28
1657,40,2,Mountainbike_Hinterbau_vorbereitet,Mountainbike_Hinterbau_vorbereitet,15
1657,41,1,Racebike_Tretlageraufnahme_geschweisst,Racebike_Tretlageraufnahme_geschweisst,26
1657,42,0,E-Bike_Fahrrad_endmontiert,E-Bike_Fahrrad_endmontiert,47
1657,43,2,Mountainbike_Laufraeder_montiert,Mountainbike_Laufraeder_montiert,15
1657,44,0,Racebike_Hinterbau_vorbereitet,Racebike_Hinterbau_vorbereitet,47
1657,45,0,Mountainbike_Rahmen_lackiert,Mountainbike_Rahmen_lackiert,38
1657,46,0,Racebike_Hauptrahmen_zugeschnitten,Racebike_Hauptrahmen_zugeschnitten,35
1657,47,1,Mountainbike_Fahrrad_endmontiert,Mountainbike_Fahrrad_endmontiert,25
1657,48,0,Mountainbike_Hinterbau_vorbereitet,Mountainbike_Hinterbau_vorbereitet,38
1657,49,1,Racebike_Bremsaufnahme_gebohrt,Racebike_Bremsaufnahme_gebohrt,24
1657,50,1,E-Bike_Hinterbau_vorbereitet,E-Bike_Hinterbau_vorbereitet,28
1657,51,2,Racebike_Rahmen_komplettiert,Racebike_Rahmen_komplettiert,16
1657,52,1,Racebike_Laufraeder_montiert,Racebike_Laufraeder_montiert,26
1657,53,1,Mountainbike_Rahmen_lackiert,Mountainbike_Rahmen_lackiert,25
1657,54,2,Mountainbike_Rahmen_lackiert,Mountainbike_Rahmen_lackiert,13
1657,55,1,E-Bike_Hauptrahmen_zugeschnitten,E-Bike_Hauptrahmen_zugeschnitten,28
1657,56,0,Racebike_Fahrrad_endmontiert,Racebike_Fahrrad_endmontiert,35
1657,57,0,Mountainbike_Tretlager_gefraest,Mountainbike_Tretlager_gefraest,38
1657,58,0,Racebike_Rahmen_komplettiert,Racebike_Rahmen_komplettiert,35
1657,59,2,Mountainbike_Laufraeder_montiert,Mountainbike_Laufraeder_montiert,15
1657,60,2,Mountainbike_Antrieb_installiert,Mountainbike_Antrieb_installiert,15
1657,61,1,Racebike_Steuerrohr_ausgerieben,Racebike_Steuerrohr_ausgerieben,26
1657,62,0,Mountainbike_Tretlager_gefraest,Mountainbike_Tretlager_gefraest,38
1657,63,1,Mountainbike_Rahmen_lackiert,Mountainbike_Rahmen_lackiert,25
1657,64,0,Mountainbike_Steuerrohr_montiert,Mountainbike_Steuerrohr_montiert,40
1657,65,1,E-Bike_Bremsen_justiert,E-Bike_Bremsen_justiert,28
1657,66,1,E-Bike_Hinterbau_vorbereitet,E-Bike_Hinterbau_vorbereitet,20
1657,67,0,Mountainbike_Hauptrahmen_zugeschnitten,Mountainbike_Hauptrahmen_zugeschnitten,40
1657,68,1,E-Bike_Hinterbau_vorbereitet,E-Bike_Hinterbau_vorbereitet,15
1657,69,2,Racebike_Rahmen_komplettiert,Racebike_Rahmen_komplettiert,16
1657,70,0,Mountainbike_Bremsaufnahme_gebohrt,Mountainbike_Bremsaufnahme_gebohrt,40
1657,71,0,Citybike_Hinterbau_vorbereitet,Citybike_Hinterbau_vorbereitet,39
1657,72,2,Mountainbike_Tretlageraufnahme_geschweisst,Mountainbike_Tretlageraufnahme_geschweisst,13
1657,73,0,Racebike_Rahmen_lackiert,Racebike_Rahmen_lackiert,42
1657,74,0,E-Bike_Antrieb_installiert,E-Bike_Antrieb_installiert,47
1657,75,2,Citybike_Hauptrahmen_zugeschnitten,Citybike_Hauptrahmen_zugeschnitten,18
1657,76,0,Mountainbike_Steuerrohr_montiert,Mountainbike_Steuerrohr_montiert,53
1657,77,1,Mountainbike_Bremsaufnahme_gebohrt,Mountainbike_Bremsaufnahme_gebohrt,26
1657,78,1,Citybike_Bremsen_justiert,Citybike_Bremsen_justiert,15
1657,79,0,Racebike_Rahmen_komplettiert,Racebike_Rahmen_komplettiert,35
1657,80,2,Racebike_Hauptrahmen_zugeschnitten,Racebike_Hauptrahmen_zugeschnitten,10
1657,81,0,E-Bike_Rahmen_nachbearbeitet,E-Bike_Rahmen_nachbearbeitet,47
1657,82,0,Citybike_Rahmen_lackiert,Citybike_Rahmen_lackiert,54
1657,83,1,Mountainbike_Steuerrohr_montiert,Mountainbike_Steuerrohr_montiert,20
1657,84,1,Racebike_Hauptrahmen_zugeschnitten,Racebike_Hauptrahmen_zugeschnitten,24
1657,85,1,Mountainbike_Rahmen_nachbearbeitet,Mountainbike_Rahmen_nachbearbeitet,25
1657,86,2,Mountainbike_Rahmen_nachbearbeitet,Mountainbike_Rahmen_nachbearbeitet,13
1657,87,2,Racebike_Hinterbau_vorbereitet,Racebike_Hinterbau_vorbereitet,16
1657,88,1,Mountainbike_Rahmen_komplettiert,Mountainbike_Rahmen_komplettiert,20
1657,89,0,Racebike_Rahmen_lackiert,Racebike_Rahmen_lackiert,42
1657,90,2,Citybike_Schaltauge_bearbeitet,Citybike_Schaltauge_bearbeitet,18
1657,91,0,Citybike_Fahrrad_endmontiert,Citybike_Fahrrad_endmontiert,43
1657,92,2,Mountainbike_Tretlageraufnahme_geschweisst,Mountainbike_Tretlageraufnahme_geschweisst,12
1657,93,1,Racebike_Rahmen_nachbearbeitet,Racebike_Rahmen_nachbearbeitet,24
1657,94,0,Citybike_Rahmen_komplettiert,Citybike_Rahmen_komplettiert,40
1657,95,1,Mountainbike_Hauptrahmen_zugeschnitten,Mountainbike_Hauptrahmen_zugeschnitten,25
1657,96,2,Racebike_Antrieb_installiert,Racebike_Antrieb_installiert,16
1657,97,1,Citybike_Antrieb_installiert,Citybike_Antrieb_installiert,15
1657,98,2,E-Bike_Steuerrohr_montiert,E-Bike_Steuerrohr_montiert,25
1657,99,2,Citybike_Tretlageraufnahme_geschweisst,Citybike_Tretlageraufnahme_geschweisst,15
1657,100,0,Mountainbike_Hauptrahmen_zugeschnitten,Mountainbike_Hauptrahmen_zugeschnitten,40
1657,101,0,Racebike_Bremsen_justiert,Racebike_Bremsen_justiert,35
1657,102,1,E-Bike_Rahmen_lackiert,E-Bike_Rahmen_lackiert,27
1657,103,0,Racebike_Steuerrohr_montiert,Racebike_Steuerrohr_montiert,40
1657,104,1,Racebike_Schaltauge_bearbeitet,Racebike_Schaltauge_bearbeitet,26
1657,105,1,Racebike_Rahmen_lackiert,Racebike_Rahmen_lackiert,20
1657,106,2,E-Bike_Rahmen_komplettiert,E-Bike_Rahmen_komplettiert,24
1657,107,0,E-Bike_Hinterbau_vorbereitet,E-Bike_Hinterbau_vorbereitet,47
1657,108,0,E-Bike_Bremsen_justiert,E-Bike_Bremsen_justiert,40
1657,109,0,Racebike_Bremsen_justiert,Racebike_Bremsen_justiert,47
1657,110,0,Racebike_Tretlager_gefraest,Racebike_Tretlager_gefraest,40
1657,111,1,E-Bike_Hauptrahmen_zugeschnitten,E-Bike_Hauptrahmen_zugeschnitten,28
1657,112,1,Racebike_Steuerrohr_ausgerieben,Racebike_Steuerrohr_ausgerieben,26
1657,113,0,Mountainbike_Hinterbau_vorbereitet,Mountainbike_Hinterbau_vorbereitet,38
1657,114,1,Mountainbike_Steuerrohr_montiert,Mountainbike_Steuerrohr_montiert,25
1657,115,2,E-Bike_Schaltauge_bearbeitet,E-Bike_Schaltauge_bearbeitet,15
1657,116,1,Citybike_Rahmen_lackiert,Citybike_Rahmen_lackiert,15
1657,117,1,Citybike_Rahmen_nachbearbeitet,Citybike_Rahmen_nachbearbeitet,20
1657,118,1,Racebike_Tretlager_gefraest,Racebike_Tretlager_gefraest,15
1657,119,1,Mountainbike_Steuerrohr_ausgerieben,Mountainbike_Steuerrohr_ausgerieben,25
1657,120,2,Mountainbike_Bremsen_justiert,Mountainbike_Bremsen_justiert,24
1657,121,2,E-Bike_Rahmen_nachbearbeitet,E-Bike_Rahmen_nachbearbeitet,24
1657,122,2,Mountainbike_Steuerrohr_ausgerieben,Mountainbike_Steuerrohr_ausgerieben,24
1657,123,1,Racebike_Tretlageraufnahme_geschweisst,Racebike_Tretlageraufnahme_geschweisst,24
1658,2,1,E-Bike_Schaltauge_bearbeitet,E-Bike_Schaltauge_bearbeitet,28
1658,4,1,Racebike_Bremsaufnahme_gebohrt,Racebike_Bremsaufnahme_gebohrt,26
1658,6,2,E-Bike_Rahmen_komplettiert,E-Bike_Rahmen_komplettiert,10
1658,7,0,E-Bike_Steuerrohr_ausgerieben,E-Bike_Steuerrohr_ausgerieben,40
1658,8,2,Racebike_Rahmen_nachbearbeitet,Racebike_Rahmen_nachbearbeitet,25
1658,9,1,E-Bike_Hinterbau_vorbereitet,E-Bike_Hinterbau_vorbereitet,28
1658,10,1,E-Bike_Laufraeder_montiert,E-Bike_Laufraeder_montiert,20
1658,11,0,Mountainbike_Rahmen_nachbearbeitet,Mountainbike_Rahmen_nachbearbeitet,53
1658,12,0,Citybike_Hinterbau_vorbereitet,Citybike_Hinterbau_vorbereitet,39
1658,13,1,Citybike_Tretlager_gefraest,Citybike_Tretlager_gefraest,28
1658,14,1,Mountainbike_Tretlager_gefraest,Mountainbike_Tretlager_gefraest,20
1658,15,2,Racebike_Antrieb_installiert,Racebike_Antrieb_installiert,15
1658,16,0,Racebike_Hauptrahmen_zugeschnitten,Racebike_Hauptrahmen_zugeschnitten,42
1658,17,2,Mountainbike_Tretlageraufnahme_geschweisst,Mountainbike_Tretlageraufnahme_geschweisst,13
1658,18,1,E-Bike_Tretlageraufnahme_geschweisst,E-Bike_Tretlageraufnahme_geschweisst,28
1658,19,1,Racebike_Hinterbau_vorbereitet,Racebike_Hinterbau_vorbereitet,26
1658,20,0,E-Bike_Rahmen_nachbearbeitet,E-Bike_Rahmen_nachbearbeitet,47
1658,21,0,E-Bike_Tretlager_gefraest,E-Bike_Tretlager_gefraest,40
1658,22,0,Racebike_Fahrrad_endmontiert,Racebike_Fahrrad_endmontiert,47
1658,23,0,Mountainbike_Tretlageraufnahme_geschweisst,Mountainbike_Tretlageraufnahme_geschweisst,38
1658,24,1,Citybike_Hinterbau_vorbereitet,Citybike_Hinterbau_vorbereitet,25
1658,25,2,E-Bike_Bremsaufnahme_gebohrt,E-Bike_Bremsaufnahme_gebohrt,24
1658,26,1,E-Bike_Tretlager_gefraest,E-Bike_Tretlager_gefraest,27
1658,27,1,Mountainbike_Rahmen_lackiert,Mountainbike_Rahmen_lackiert,26
1658,28,1,Racebike_Rahmen_nachbearbeitet,Racebike_Rahmen_nachbearbeitet,24
1658,29,0,E-Bike_Fahrrad_endmontiert,E-Bike_Fahrrad_endmontiert,55
1658,30,1,Mountainbike_Fahrrad_endmontiert,Mountainbike_Fahrrad_endmontiert,25
1658,31,0,Citybike_Rahmen_nachbearbeitet,Citybike_Rahmen_nachbearbeitet,54
1658,32,2,Mountainbike_Rahmen_lackiert,Mountainbike_Rahmen_lackiert,24
1658,33,1,E-Bike_Hauptrahmen_zugeschnitten,E-Bike_Hauptrahmen_zugeschnitten,28
1658,34,1,Mountainbike_Steuerrohr_montiert,Mountainbike_Steuerrohr_montiert,26
1658,35,0,Racebike_Antrieb_installiert,Racebike_Antrieb_installiert,42
1658,36,0,Mountainbike_Tretlager_gefraest,Mountainbike_Tretlager_gefraest,38
1658,37,1,Racebike_Fahrrad_endmontiert,Racebike_Fahrrad_endmontiert,24
1658,38,2,Mountainbike_Bremsen_justiert,Mountainbike_Bremsen_justiert,15
1658,39,2,Citybike_Hauptrahmen_zugeschnitten,Citybike_Hauptrahmen_zugeschnitten,18
1658,40,0,Racebike_Hinterbau_vorbereitet,Racebike_Hinterbau_vorbereitet,35
1658,41,2,Mountainbike_Tretlageraufnahme_geschweisst,Mountainbike_Tretlageraufnahme_geschweisst,12
1658,42,2,Mountainbike_Laufraeder_montiert,Mountainbike_Laufraeder_montiert,15
1658,43,1,Racebike_Laufraeder_montiert,Racebike_Laufraeder_montiert,20
1658,44,0,E-Bike_Hinterbau_vorbereitet,E-Bike_Hinterbau_vorbereitet,47
1658,45,2,E-Bike_Tretlageraufnahme_geschweisst,E-Bike_Tretlageraufnahme_geschweisst,24
1658,46,1,Citybike_Bremsen_justiert,Citybike_Bremsen_justiert,25
1658,47,2,Mountainbike_Hinterbau_vorbereitet,Mountainbike_Hinterbau_vorbereitet,24
1658,48,0,Citybike_Hauptrahmen_zugeschnitten,Citybike_Hauptrahmen_zugeschnitten,54
1658,49,0,Mountainbike_Rahmen_lackiert,Mountainbike_Rahmen_lackiert,40
1658,50,2,Racebike_Hinterbau_vorbereitet,Racebike_Hinterbau_vorbereitet,16
1658,51,0,Mountainbike_Schaltauge_bearbeitet,Mountainbike_Schaltauge_bearbeitet,40
1658,52,2,Mountainbike_Laufraeder_montiert,Mountainbike_Laufraeder_montiert,13
1658,53,2,Citybike_Steuerrohr_montiert,Citybike_Steuerrohr_montiert,18
1658,54,1,Mountainbike_Antrieb_installiert,Mountainbike_Antrieb_installiert,20
1658,55,1,Mountainbike_Fahrrad_endmontiert,Mountainbike_Fahrrad_endmontiert,20
1658,56,1,Racebike_Bremsaufnahme_gebohrt,Racebike_Bremsaufnahme_gebohrt,24
1658,57,2,Mountainbike_Antrieb_installiert,Mountainbike_Antrieb_installiert,12
1658,58,1,E-Bike_Hinterbau_vorbereitet,E-Bike_Hinterbau_vorbereitet,28
1658,59,0,E-Bike_Bremsaufnahme_gebohrt,E-Bike_Bremsaufnahme_gebohrt,55
1658,60,1,Racebike_Tretlageraufnahme_geschweisst,Racebike_Tretlageraufnahme_geschweisst,26
1658,61,1,Mountainbike_Bremsaufnahme_gebohrt,Mountainbike_Bremsaufnahme_gebohrt,25
1658,62,1,E-Bike_Hinterbau_vorbereitet,E-Bike_Hinterbau_vorbereitet,28
1658,63,1,Mountainbike_Fahrrad_endmontiert,Mountainbike_Fahrrad_endmontiert,26
1658,64,0,Citybike_Rahmen_lackiert,Citybike_Rahmen_lackiert,54
1658,65,1,Citybike_Fahrrad_endmontiert,Citybike_Fahrrad_endmontiert,15
1658,66,1,Citybike_Bremsen_justiert,Citybike_Bremsen_justiert,20
1658,67,0,Mountainbike_Hauptrahmen_zugeschnitten,Mountainbike_Hauptrahmen_zugeschnitten,40
1658,68,0,Mountainbike_Tretlager_gefraest,Mountainbike_Tretlager_gefraest,40
1658,69,0,Racebike_Rahmen_lackiert,Racebike_Rahmen_lackiert,35
1658,70,0,Mountainbike_Steuerrohr_montiert,Mountainbike_Steuerrohr_montiert,38
1658,71,0,Racebike_Rahmen_komplettiert,Racebike_Rahmen_komplettiert,35
1658,72,1,E-Bike_Bremsen_justiert,E-Bike_Bremsen_justiert,27
1658,73,2,Racebike_Rahmen_komplettiert,Racebike_Rahmen_komplettiert,16
1658,74,2,Racebike_Rahmen_komplettiert,Racebike_Rahmen_komplettiert,10
1658,75,0,Racebike_Rahmen_lackiert,Racebike_Rahmen_lackiert,40
1658,76,1,Mountainbike_Rahmen_nachbearbeitet,Mountainbike_Rahmen_nachbearbeitet,26
1658,77,1,E-Bike_Hinterbau_vorbereitet,E-Bike_Hinterbau_vorbereitet,28
1658,78,0,Racebike_Bremsen_justiert,Racebike_Bremsen_justiert,40
1658,79,2,Citybike_Schaltauge_bearbeitet,Citybike_Schaltauge_bearbeitet,18
1658,80,0,Mountainbike_Hinterbau_vorbereitet,Mountainbike_Hinterbau_vorbereitet,38
1658,81,2,Mountainbike_Rahmen_nachbearbeitet,Mountainbike_Rahmen_nachbearbeitet,12
1658,82,0,E-Bike_Antrieb_installiert,E-Bike_Antrieb_installiert,55
1658,83,1,Citybike_Antrieb_installiert,Citybike_Antrieb_installiert,28
1658,84,2,Citybike_Tretlageraufnahme_geschweisst,Citybike_Tretlageraufnahme_geschweisst,18
1658,85,0,Racebike_Rahmen_komplettiert,Racebike_Rahmen_komplettiert,47
1658,86,0,Mountainbike_Hauptrahmen_zugeschnitten,Mountainbike_Hauptrahmen_zugeschnitten,38
1658,87,1,Racebike_Hauptrahmen_zugeschnitten,Racebike_Hauptrahmen_zugeschnitten,15
1658,88,1,Racebike_Steuerrohr_ausgerieben,Racebike_Steuerrohr_ausgerieben,20
1658,89,2,Mountainbike_Bremsen_justiert,Mountainbike_Bremsen_justiert,12
1658,90,0,E-Bike_Rahmen_nachbearbeitet,E-Bike_Rahmen_nachbearbeitet,55
1658,91,2,E-Bike_Steuerrohr_montiert,E-Bike_Steuerrohr_montiert,24
1658,92,1,E-Bike_Rahmen_lackiert,E-Bike_Rahmen_lackiert,28
1658,93,0,Mountainbike_Bremsaufnahme_gebohrt,Mountainbike_Bremsaufnahme_gebohrt,53
1658,94,1,Racebike_Rahmen_lackiert,Racebike_Rahmen_lackiert,26
1658,95,1,Mountainbike_Bremsaufnahme_gebohrt,Mountainbike_Bremsaufnahme_gebohrt,25
1658,96,0,Citybike_Fahrrad_endmontiert,Citybike_Fahrrad_endmontiert,39
1658,97,2,Mountainbike_Tretlageraufnahme_geschweisst,Mountainbike_Tretlageraufnahme_geschweisst,24
1658,98,1,Racebike_Rahmen_nachbearbeitet,Racebike_Rahmen_nachbearbeitet,24
1658,99,1,Mountainbike_Steuerrohr_ausgerieben,Mountainbike_Steuerrohr_ausgerieben,25
1658,100,0,E-Bike_Bremsen_justiert,E-Bike_Bremsen_justiert,43
1658,101,0,Citybike_Rahmen_komplettiert,Citybike_Rahmen_komplettiert,54
1658,102,0,Mountainbike_Hinterbau_vorbereitet,Mountainbike_Hinterbau_vorbereitet,40
1658,103,2,Racebike_Antrieb_installiert,Racebike_Antrieb_installiert,16
1658,104,0,Racebike_Tretlager_gefraest,Racebike_Tretlager_gefraest,35
1658,105,1,Mountainbike_Rahmen_komplettiert,Mountainbike_Rahmen_komplettiert,20
1658,106,1,Mountainbike_Hauptrahmen_zugeschnitten,Mountainbike_Hauptrahmen_zugeschnitten,20
1658,107,2,E-Bike_Rahmen_komplettiert,E-Bike_Rahmen_komplettiert,25
1658,108,2,Mountainbike_Steuerrohr_ausgerieben,Mountainbike_Steuerrohr_ausgerieben,24
1658,109,1,Racebike_Schaltauge_bearbeitet,Racebike_Schaltauge_bearbeitet,24
1658,110,1,Racebike_Steuerrohr_ausgerieben,Racebike_Steuerrohr_ausgerieben,20
1658,111,2,Racebike_Hauptrahmen_zugeschnitten,Racebike_Hauptrahmen_zugeschnitten,16
1658,112,1,Mountainbike_Rahmen_lackiert,Mountainbike_Rahmen_lackiert,25
1658,113,1,Mountainbike_Steuerrohr_montiert,Mountainbike_Steuerrohr_montiert,20
1658,114,1,Racebike_Tretlager_gefraest,Racebike_Tretlager_gefraest,24
1658,115,0,Racebike_Steuerrohr_montiert,Racebike_Steuerrohr_montiert,40
1658,116,0,Racebike_Bremsen_justiert,Racebike_Bremsen_justiert,40
1658,117,1,Racebike_Tretlageraufnahme_geschweisst,Racebike_Tretlageraufnahme_geschweisst,20
1658,118,0,Mountainbike_Steuerrohr_montiert,Mountainbike_Steuerrohr_montiert,38
1658,119,1,E-Bike_Hauptrahmen_zugeschnitten,E-Bike_Hauptrahmen_zugeschnitten,28
1658,120,1,Citybike_Rahmen_lackiert,Citybike_Rahmen_lackiert,28
1658,121,1,Citybike_Rahmen_nachbearbeitet,Citybike_Rahmen_nachbearbeitet,20
1658,122,2,E-Bike_Schaltauge_bearbeitet,E-Bike_Schaltauge_bearbeitet,25
1658,123,2,E-Bike_Rahmen_nachbearbeitet,E-Bike_Rahmen_nachbearbeitet,15
1659,4,1,Citybike_Hinterbau_vorbereitet,Citybike_Hinterbau_vorbereitet,28
1659,5,1,Racebike_Hinterbau_vorbereitet,Racebike_Hinterbau_vorbereitet,15
1659,6,2,E-Bike_Rahmen_komplettiert,E-Bike_Rahmen_komplettiert,10
1659,7,0,Citybike_Rahmen_nachbearbeitet,Citybike_Rahmen_nachbearbeitet,39
1659,8,1,E-Bike_Tretlageraufnahme_geschweisst,E-Bike_Tretlageraufnahme_geschweisst,28
1659,9,1,E-Bike_Tretlager_gefraest,E-Bike_Tretlager_gefraest,20
1659,10,0,E-Bike_Steuerrohr_ausgerieben,E-Bike_Steuerrohr_ausgerieben,43
1659,11,0,Racebike_Fahrrad_endmontiert,Racebike_Fahrrad_endmontiert,47
1659,12,1,E-Bike_Hinterbau_vorbereitet,E-Bike_Hinterbau_vorbereitet,20
1659,13,2,Mountainbike_Bremsen_justiert,Mountainbike_Bremsen_justiert,24
1659,14,1,Citybike_Tretlager_gefraest,Citybike_Tretlager_gefraest,28
1659,15,2,Mountainbike_Hinterbau_vorbereitet,Mountainbike_Hinterbau_vorbereitet,15
1659,16,0,Racebike_Hauptrahmen_zugeschnitten,Racebike_Hauptrahmen_zugeschnitten,40
1659,17,1,Citybike_Bremsen_justiert,Citybike_Bremsen_justiert,20
1659,18,0,Citybike_Hauptrahmen_zugeschnitten,Citybike_Hauptrahmen_zugeschnitten,43
1659,19,1,Mountainbike_Antrieb_installiert,Mountainbike_Antrieb_installiert,20
1659,20,0,E-Bike_Fahrrad_endmontiert,E-Bike_Fahrrad_endmontiert,43
1659,21,0,E-Bike_Rahmen_nachbearbeitet,E-Bike_Rahmen_nachbearbeitet,40
1659,22,2,Mountainbike_Laufraeder_montiert,Mountainbike_Laufraeder_montiert,15
1659,23,1,E-Bike_Hinterbau_vorbereitet,E-Bike_Hinterbau_vorbereitet,28
1659,24,0,Mountainbike_Tretlageraufnahme_geschweisst,Mountainbike_Tretlageraufnahme_geschweisst,53
1659,25,0,E-Bike_Tretlager_gefraest,E-Bike_Tretlager_gefraest,55
1659,26,1,Racebike_Bremsaufnahme_gebohrt,Racebike_Bremsaufnahme_gebohrt,26
1659,27,1,Mountainbike_Fahrrad_endmontiert,Mountainbike_Fahrrad_endmontiert,25
1659,28,1,Racebike_Fahrrad_endmontiert,Racebike_Fahrrad_endmontiert,24
1659,29,1,Mountainbike_Fahrrad_endmontiert,Mountainbike_Fahrrad_endmontiert,25
1659,30,0,E-Bike_Tretlager_gefraest,E-Bike_Tretlager_gefraest,25
1659,31,0,Racebike_Rahmen_lackiert,Racebike_Rahmen_lackiert,47
1659,32,2,Racebike_Rahmen_nachbearbeitet,Racebike_Rahmen_nachbearbeitet,16
1659,33,2,E-Bike_Tretlageraufnahme_geschweisst,E-Bike_Tretlageraufnahme_geschweisst,25
1659,34,2,Citybike_Steuerrohr_montiert,Citybike_Steuerrohr_montiert,15
1659,35,2,Citybike_Hauptrahmen_zugeschnitten,Citybike_Hauptrahmen_zugeschnitten,15
1659,36,2,Mountainbike_Rahmen_lackiert,Mountainbike_Rahmen_lackiert,12
1659,37,0,Racebike_Antrieb_installiert,Racebike_Antrieb_installiert,40
1659,38,1,Racebike_Tretlageraufnahme_geschweisst,Racebike_Tretlageraufnahme_geschweisst,24
1659,39,2,E-Bike_Bremsaufnahme_gebohrt,E-Bike_Bremsaufnahme_gebohrt,24
1659,40,0,Racebike_Hinterbau_vorbereitet,Racebike_Hinterbau_vorbereitet,40
1659,41,0,Racebike_Rahmen_komplettiert,Racebike_Rahmen_komplettiert,40
1659,42,1,Mountainbike_Tretlager_gefraest,Mountainbike_Tretlager_gefraest,25
1659,43,2,Racebike_Antrieb_installiert,Racebike_Antrieb_installiert,25
1659,44,1,Racebike_Laufraeder_montiert,Racebike_Laufraeder_montiert,24
1659,45,1,Citybike_Fahrrad_endmontiert,Citybike_Fahrrad_endmontiert,25
1659,46,0,Mountainbike_Hauptrahmen_zugeschnitten,Mountainbike_Hauptrahmen_zugeschnitten,38
1659,47,1,Mountainbike_Rahmen_komplettiert,Mountainbike_Rahmen_komplettiert,20
1659,48,0,Citybike_Rahmen_lackiert,Citybike_Rahmen_lackiert,39
1659,49,0,E-Bike_Bremsaufnahme_gebohrt,E-Bike_Bremsaufnahme_gebohrt,43
1659,50,1,E-Bike_Bremsen_justiert,E-Bike_Bremsen_justiert,28
1659,51,0,Mountainbike_Rahmen_nachbearbeitet,Mountainbike_Rahmen_nachbearbeitet,53
1659,52,0,Racebike_Rahmen_komplettiert,Racebike_Rahmen_komplettiert,35
1659,53,0,Mountainbike_Rahmen_lackiert,Mountainbike_Rahmen_lackiert,38
1659,54,1,Racebike_Hauptrahmen_zugeschnitten,Racebike_Hauptrahmen_zugeschnitten,26
1659,55,0,Mountainbike_Tretlager_gefraest,Mountainbike_Tretlager_gefraest,40
1659,56,2,Citybike_Schaltauge_bearbeitet,Citybike_Schaltauge_bearbeitet,18
1659,57,0,Citybike_Fahrrad_endmontiert,Citybike_Fahrrad_endmontiert,39
1659,58,1,E-Bike_Laufraeder_montiert,E-Bike_Laufraeder_montiert,28
1659,59,2,Mountainbike_Tretlageraufnahme_geschweisst,Mountainbike_Tretlageraufnahme_geschweisst,12
1659,60,0,Citybike_Rahmen_komplettiert,Citybike_Rahmen_komplettiert,40
1659,61,2,Racebike_Rahmen_komplettiert,Racebike_Rahmen_komplettiert,16
1659,62,2,Mountainbike_Rahmen_nachbearbeitet,Mountainbike_Rahmen_nachbearbeitet,13
1659,63,2,Mountainbike_Tretlageraufnahme_geschweisst,Mountainbike_Tretlageraufnahme_geschweisst,15
1659,64,1,Mountainbike_Fahrrad_endmontiert,Mountainbike_Fahrrad_endmontiert,26
1659,65,1,Mountainbike_Steuerrohr_montiert,Mountainbike_Steuerrohr_montiert,20
1659,66,1,Racebike_Bremsaufnahme_gebohrt,Racebike_Bremsaufnahme_gebohrt,24
1659,67,2,Mountainbike_Tretlageraufnahme_geschweisst,Mountainbike_Tretlageraufnahme_geschweisst,10
1659,68,1,Mountainbike_Rahmen_lackiert,Mountainbike_Rahmen_lackiert,25
1659,69,1,E-Bike_Hinterbau_vorbereitet,E-Bike_Hinterbau_vorbereitet,28
1659,70,1,E-Bike_Hauptrahmen_zugeschnitten,E-Bike_Hauptrahmen_zugeschnitten,20
1659,71,0,Mountainbike_Tretlager_gefraest,Mountainbike_Tretlager_gefraest,40
1659,72,0,Citybike_Hinterbau_vorbereitet,Citybike_Hinterbau_vorbereitet,39
1659,73,2,Mountainbike_Laufraeder_montiert,Mountainbike_Laufraeder_montiert,15
1659,74,0,Mountainbike_Bremsaufnahme_gebohrt,Mountainbike_Bremsaufnahme_gebohrt,40
1659,75,1,E-Bike_Hinterbau_vorbereitet,E-Bike_Hinterbau_vorbereitet,20
1659,76,1,Mountainbike_Bremsaufnahme_gebohrt,Mountainbike_Bremsaufnahme_gebohrt,26
1659,77,1,Citybike_Bremsen_justiert,Citybike_Bremsen_justiert,15
1659,78,2,Mountainbike_Antrieb_installiert,Mountainbike_Antrieb_installiert,15
1659,79,1,Mountainbike_Rahmen_nachbearbeitet,Mountainbike_Rahmen_nachbearbeitet,20
1659,80,0,Mountainbike_Hinterbau_vorbereitet,Mountainbike_Hinterbau_vorbereitet,40
1659,81,1,Mountainbike_Bremsaufnahme_gebohrt,Mountainbike_Bremsaufnahme_gebohrt,20
1659,82,1,Mountainbike_Rahmen_komplettiert,Mountainbike_Rahmen_komplettiert,20
1659,83,0,Racebike_Bremsen_justiert,Racebike_Bremsen_justiert,35
1659,84,1,Racebike_Rahmen_lackiert,Racebike_Rahmen_lackiert,24
1659,85,2,Racebike_Rahmen_komplettiert,Racebike_Rahmen_komplettiert,16
1659,86,0,E-Bike_Rahmen_nachbearbeitet,E-Bike_Rahmen_nachbearbeitet,47
1659,87,1,Racebike_Steuerrohr_ausgerieben,Racebike_Steuerrohr_ausgerieben,20
1659,88,2,Mountainbike_Bremsen_justiert,Mountainbike_Bremsen_justiert,13
1659,89,2,E-Bike_Steuerrohr_montiert,E-Bike_Steuerrohr_montiert,24
1659,90,1,Citybike_Antrieb_installiert,Citybike_Antrieb_installiert,25
1659,91,0,Mountainbike_Steuerrohr_montiert,Mountainbike_Steuerrohr_montiert,53
1659,92,0,Mountainbike_Hinterbau_vorbereitet,Mountainbike_Hinterbau_vorbereitet,40
1659,93,2,Citybike_Tretlageraufnahme_geschweisst,Citybike_Tretlageraufnahme_geschweisst,15
1659,94,2,Racebike_Hauptrahmen_zugeschnitten,Racebike_Hauptrahmen_zugeschnitten,10
1659,95,1,Racebike_Rahmen_nachbearbeitet,Racebike_Rahmen_nachbearbeitet,15
1659,96,0,E-Bike_Hinterbau_vorbereitet,E-Bike_Hinterbau_vorbereitet,55
1659,97,0,Racebike_Steuerrohr_montiert,Racebike_Steuerrohr_montiert,47
1659,98,1,Mountainbike_Rahmen_lackiert,Mountainbike_Rahmen_lackiert,25
1659,99,1,Racebike_Rahmen_nachbearbeitet,Racebike_Rahmen_nachbearbeitet,24
1659,100,2,Racebike_Hinterbau_vorbereitet,Racebike_Hinterbau_vorbereitet,15
1659,101,2,Racebike_Antrieb_installiert,Racebike_Antrieb_installiert,15
1659,102,0,Racebike_Rahmen_lackiert,Racebike_Rahmen_lackiert,40
1659,103,0,E-Bike_Antrieb_installiert,E-Bike_Antrieb_installiert,47
1659,104,1,Racebike_Schaltauge_bearbeitet,Racebike_Schaltauge_bearbeitet,20
1659,105,2,Mountainbike_Steuerrohr_ausgerieben,Mountainbike_Steuerrohr_ausgerieben,13
1659,106,0,Mountainbike_Steuerrohr_montiert,Mountainbike_Steuerrohr_montiert,53
1659,107,0,Racebike_Tretlager_gefraest,Racebike_Tretlager_gefraest,35
1659,108,1,Racebike_Steuerrohr_ausgerieben,Racebike_Steuerrohr_ausgerieben,20
1659,109,0,Racebike_Bremsen_justiert,Racebike_Bremsen_justiert,40
1659,110,1,E-Bike_Rahmen_lackiert,E-Bike_Rahmen_lackiert,28
1659,111,1,Racebike_Tretlager_gefraest,Racebike_Tretlager_gefraest,26
1659,112,2,E-Bike_Rahmen_komplettiert,E-Bike_Rahmen_komplettiert,24
1659,113,1,Racebike_Tretlageraufnahme_geschweisst,Racebike_Tretlageraufnahme_geschweisst,20
1659,114,1,Citybike_Rahmen_lackiert,Citybike_Rahmen_lackiert,25
1659,115,0,E-Bike_Bremsen_justiert,E-Bike_Bremsen_justiert,47
1659,116,0,Mountainbike_Hauptrahmen_zugeschnitten,Mountainbike_Hauptrahmen_zugeschnitten,53
1659,117,1,Mountainbike_Steuerrohr_ausgerieben,Mountainbike_Steuerrohr_ausgerieben,20
1659,118,1,Mountainbike_Hauptrahmen_zugeschnitten,Mountainbike_Hauptrahmen_zugeschnitten,20
1659,119,1,Citybike_Rahmen_nachbearbeitet,Citybike_Rahmen_nachbearbeitet,15
1659,120,1,E-Bike_Hauptrahmen_zugeschnitten,E-Bike_Hauptrahmen_zugeschnitten,27
1659,121,1,Mountainbike_Steuerrohr_montiert,Mountainbike_Steuerrohr_montiert,26
1659,122,2,E-Bike_Schaltauge_bearbeitet,E-Bike_Schaltauge_bearbeitet,15
1659,123,2,E-Bike_Rahmen_nachbearbeitet,E-Bike_Rahmen_nachbearbeitet,15
1660,3,2,E-Bike_Tretlageraufnahme_geschweisst,E-Bike_Tretlageraufnahme_geschweisst,15
1660,5,0,Racebike_Hauptrahmen_zugeschnitten,Racebike_Hauptrahmen_zugeschnitten,47
1660,6,1,Racebike_Fahrrad_endmontiert,Racebike_Fahrrad_endmontiert,15
1660,7,1,Racebike_Bremsaufnahme_gebohrt,Racebike_Bremsaufnahme_gebohrt,20
1660,8,1,E-Bike_Hinterbau_vorbereitet,E-Bike_Hinterbau_vorbereitet,28
1660,9,2,Racebike_Rahmen_nachbearbeitet,Racebike_Rahmen_nachbearbeitet,25
1660,10,1,Mountainbike_Tretlager_gefraest,Mountainbike_Tretlager_gefraest,26
1660,11,1,Mountainbike_Rahmen_komplettiert,Mountainbike_Rahmen_komplettiert,20
1660,12,0,Citybike_Hinterbau_vorbereitet,Citybike_Hinterbau_vorbereitet,43
1660,13,1,E-Bike_Schaltauge_bearbeitet,E-Bike_Schaltauge_bearbeitet,28
1660,14,0,Racebike_Antrieb_installiert,Racebike_Antrieb_installiert,42
1660,15,2,E-Bike_Rahmen_komplettiert,E-Bike_Rahmen_komplettiert,25
1660,16,1,Citybike_Bremsen_justiert,Citybike_Bremsen_justiert,28
1660,17,1,E-Bike_Tretlageraufnahme_geschweisst,E-Bike_Tretlageraufnahme_geschweisst,27
1660,18,1,Racebike_Laufraeder_montiert,Racebike_Laufraeder_montiert,26
1660,19,2,Mountainbike_Bremsen_justiert,Mountainbike_Bremsen_justiert,24
1660,20,0,Mountainbike_Rahmen_nachbearbeitet,Mountainbike_Rahmen_nachbearbeitet,38
1660,21,2,Racebike_Antrieb_installiert,Racebike_Antrieb_installiert,16
1660,22,0,Mountainbike_Tretlageraufnahme_geschweisst,Mountainbike_Tretlageraufnahme_geschweisst,40
1660,23,1,Mountainbike_Fahrrad_endmontiert,Mountainbike_Fahrrad_endmontiert,25
1660,24,1,Mountainbike_Steuerrohr_montiert,Mountainbike_Steuerrohr_montiert,20
1660,25,1,Racebike_Tretlageraufnahme_geschweisst,Racebike_Tretlageraufnahme_geschweisst,24
1660,26,0,E-Bike_Tretlager_gefraest,E-Bike_Tretlager_gefraest,55
1660,27,2,Mountainbike_Tretlageraufnahme_geschweisst,Mountainbike_Tretlageraufnahme_geschweisst,13
1660,28,1,Racebike_Hinterbau_vorbereitet,Racebike_Hinterbau_vorbereitet,20
1660,29,0,Racebike_Rahmen_komplettiert,Racebike_Rahmen_komplettiert,47
1660,30,1,Citybike_Bremsen_justiert,Citybike_Bremsen_justiert,25
1660,31,2,Mountainbike_Rahmen_lackiert,Mountainbike_Rahmen_lackiert,15
1660,32,1,Racebike_Rahmen_nachbearbeitet,Racebike_Rahmen_nachbearbeitet,15
1660,33,0,Mountainbike_Schaltauge_bearbeitet,Mountainbike_Schaltauge_bearbeitet,38
1660,34,0,E-Bike_Bremsaufnahme_gebohrt,E-Bike_Bremsaufnahme_gebohrt,55
1660,35,1,Mountainbike_Fahrrad_endmontiert,Mountainbike_Fahrrad_endmontiert,25
1660,36,1,E-Bike_Laufraeder_montiert,E-Bike_Laufraeder_montiert,28
1660,37,0,Mountainbike_Tretlager_gefraest,Mountainbike_Tretlager_gefraest,53
1660,38,0,Citybike_Hauptrahmen_zugeschnitten,Citybike_Hauptrahmen_zugeschnitten,39
1660,39,1,E-Bike_Hauptrahmen_zugeschnitten,E-Bike_Hauptrahmen_zugeschnitten,20
1660,40,1,E-Bike_Tretlager_gefraest,E-Bike_Tretlager_gefraest,20
1660,41,2,Mountainbike_Tretlageraufnahme_geschweisst,Mountainbike_Tretlageraufnahme_geschweisst,15
1660,42,2,Mountainbike_Hinterbau_vorbereitet,Mountainbike_Hinterbau_vorbereitet,15
1660,43,2,Citybike_Steuerrohr_montiert,Citybike_Steuerrohr_montiert,18
1660,44,1,Mountainbike_Antrieb_installiert,Mountainbike_Antrieb_installiert,26
1660,45,0,E-Bike_Hinterbau_vorbereitet,E-Bike_Hinterbau_vorbereitet,43
1660,46,0,E-Bike_Fahrrad_endmontiert,E-Bike_Fahrrad_endmontiert,40
1660,47,1,Mountainbike_Fahrrad_endmontiert,Mountainbike_Fahrrad_endmontiert,20
1660,48,1,E-Bike_Hinterbau_vorbereitet,E-Bike_Hinterbau_vorbereitet,28
1660,49,1,Mountainbike_Bremsaufnahme_gebohrt,Mountainbike_Bremsaufnahme_gebohrt,26
1660,50,0,Mountainbike_Hinterbau_vorbereitet,Mountainbike_Hinterbau_vorbereitet,53
1660,51,1,Mountainbike_Rahmen_lackiert,Mountainbike_Rahmen_lackiert,20
1660,52,0,E-Bike_Bremsen_justiert,E-Bike_Bremsen_justiert,55
1660,53,1,Citybike_Fahrrad_endmontiert,Citybike_Fahrrad_endmontiert,15
1660,54,1,Citybike_Hinterbau_vorbereitet,Citybike_Hinterbau_vorbereitet,20
1660,55,0,Mountainbike_Tretlager_gefraest,Mountainbike_Tretlager_gefraest,53
1660,56,2,Mountainbike_Laufraeder_montiert,Mountainbike_Laufraeder_montiert,12
1660,57,1,E-Bike_Bremsen_justiert,E-Bike_Bremsen_justiert,27
1660,58,2,Mountainbike_Rahmen_nachbearbeitet,Mountainbike_Rahmen_nachbearbeitet,15
1660,59,2,Mountainbike_Antrieb_installiert,Mountainbike_Antrieb_installiert,15
1660,60,0,Mountainbike_Hauptrahmen_zugeschnitten,Mountainbike_Hauptrahmen_zugeschnitten,40
1660,61,0,E-Bike_Rahmen_nachbearbeitet,E-Bike_Rahmen_nachbearbeitet,55
1660,62,0,Mountainbike_Hinterbau_vorbereitet,Mountainbike_Hinterbau_vorbereitet,53
1660,63,1,E-Bike_Hinterbau_vorbereitet,E-Bike_Hinterbau_vorbereitet,20
1660,64,0,Racebike_Fahrrad_endmontiert,Racebike_Fahrrad_endmontiert,35
1660,65,0,E-Bike_Tretlager_gefraest,E-Bike_Tretlager_gefraest,47
1660,66,1,E-Bike_Hinterbau_vorbereitet,E-Bike_Hinterbau_vorbereitet,15
1660,67,0,E-Bike_Antrieb_installiert,E-Bike_Antrieb_installiert,40
1660,68,2,Racebike_Hinterbau_vorbereitet,Racebike_Hinterbau_vorbereitet,16
1660,69,0,Racebike_Rahmen_lackiert,Racebike_Rahmen_lackiert,47
1660,70,0,Mountainbike_Steuerrohr_montiert,Mountainbike_Steuerrohr_montiert,38
1660,71,1,Mountainbike_Bremsaufnahme_gebohrt,Mountainbike_Bremsaufnahme_gebohrt,26
1660,72,2,E-Bike_Bremsaufnahme_gebohrt,E-Bike_Bremsaufnahme_gebohrt,25
1660,73,1,E-Bike_Hauptrahmen_zugeschnitten,E-Bike_Hauptrahmen_zugeschnitten,28
1660,74,0,E-Bike_Rahmen_nachbearbeitet,E-Bike_Rahmen_nachbearbeitet,55
1660,75,0,Racebike_Rahmen_lackiert,Racebike_Rahmen_lackiert,47
1660,76,0,Racebike_Rahmen_komplettiert,Racebike_Rahmen_komplettiert,40
1660,77,1,Racebike_Hauptrahmen_zugeschnitten,Racebike_Hauptrahmen_zugeschnitten,26
1660,78,2,E-Bike_Steuerrohr_montiert,E-Bike_Steuerrohr_montiert,15
1660,79,1,Mountainbike_Rahmen_nachbearbeitet,Mountainbike_Rahmen_nachbearbeitet,25
1660,80,2,Mountainbike_Bremsen_justiert,Mountainbike_Bremsen_justiert,24
1660,81,2,Racebike_Rahmen_komplettiert,Racebike_Rahmen_komplettiert,16
1660,82,1,Racebike_Rahmen_nachbearbeitet,Racebike_Rahmen_nachbearbeitet,24
1660,83,0,Citybike_Rahmen_nachbearbeitet,Citybike_Rahmen_nachbearbeitet,43
1660,84,1,Mountainbike_Steuerrohr_ausgerieben,Mountainbike_Steuerrohr_ausgerieben,25
1660,85,1,Mountainbike_Rahmen_lackiert,Mountainbike_Rahmen_lackiert,20
1660,86,0,Racebike_Bremsen_justiert,Racebike_Bremsen_justiert,42
1660,87,0,Racebike_Hinterbau_vorbereitet,Racebike_Hinterbau_vorbereitet,40
1660,88,2,E-Bike_Schaltauge_bearbeitet,E-Bike_Schaltauge_bearbeitet,25
1660,89,2,Citybike_Hauptrahmen_zugeschnitten,Citybike_Hauptrahmen_zugeschnitten,15
1660,90,1,Racebike_Tretlager_gefraest,Racebike_Tretlager_gefraest,24
1660,91,2,Racebike_Antrieb_installiert,Racebike_Antrieb_installiert,10
1660,92,0,Mountainbike_Steuerrohr_montiert,Mountainbike_Steuerrohr_montiert,38
1660,93,1,Racebike_Schaltauge_bearbeitet,Racebike_Schaltauge_bearbeitet,20
1660,94,1,Racebike_Bremsaufnahme_gebohrt,Racebike_Bremsaufnahme_gebohrt,20
1660,95,2,E-Bike_Rahmen_nachbearbeitet,E-Bike_Rahmen_nachbearbeitet,25
1660,96,1,E-Bike_Rahmen_lackiert,E-Bike_Rahmen_lackiert,28
1660,97,0,Mountainbike_Rahmen_lackiert,Mountainbike_Rahmen_lackiert,40
1660,98,2,Racebike_Rahmen_komplettiert,Racebike_Rahmen_komplettiert,25
1660,99,1,Racebike_Tretlageraufnahme_geschweisst,Racebike_Tretlageraufnahme_geschweisst,26
1660,100,0,Mountainbike_Bremsaufnahme_gebohrt,Mountainbike_Bremsaufnahme_gebohrt,40
1660,101,0,Citybike_Rahmen_lackiert,Citybike_Rahmen_lackiert,39
1660,102,1,Racebike_Steuerrohr_ausgerieben,Racebike_Steuerrohr_ausgerieben,20
1660,103,2,Racebike_Hauptrahmen_zugeschnitten,Racebike_Hauptrahmen_zugeschnitten,15
1660,104,1,Mountainbike_Rahmen_komplettiert,Mountainbike_Rahmen_komplettiert,25
1660,105,2,Mountainbike_Laufraeder_montiert,Mountainbike_Laufraeder_montiert,13
1660,106,1,Racebike_Rahmen_lackiert,Racebike_Rahmen_lackiert,24
1660,107,0,Racebike_Steuerrohr_montiert,Racebike_Steuerrohr_montiert,42
1660,108,0,Mountainbike_Hauptrahmen_zugeschnitten,Mountainbike_Hauptrahmen_zugeschnitten,38
1660,109,2,Citybike_Schaltauge_bearbeitet,Citybike_Schaltauge_bearbeitet,18
1660,110,2,Mountainbike_Tretlageraufnahme_geschweisst,Mountainbike_Tretlageraufnahme_geschweisst,12
1660,111,1,Mountainbike_Hauptrahmen_zugeschnitten,Mountainbike_Hauptrahmen_zugeschnitten,25
1660,112,1,Citybike_Antrieb_installiert,Citybike_Antrieb_installiert,15
1660,113,2,Citybike_Tretlageraufnahme_geschweisst,Citybike_Tretlageraufnahme_geschweisst,18
1660,114,0,Racebike_Bremsen_justiert,Racebike_Bremsen_justiert,35
1660,115,0,Citybike_Fahrrad_endmontiert,Citybike_Fahrrad_endmontiert,43
1660,116,0,Citybike_Rahmen_komplettiert,Citybike_Rahmen_komplettiert,40
1660,117,2,Mountainbike_Steuerrohr_ausgerieben,Mountainbike_Steuerrohr_ausgerieben,12
1660,118,1,Citybike_Rahmen_lackiert,Citybike_Rahmen_lackiert,20
1660,119,1,Mountainbike_Steuerrohr_montiert,Mountainbike_Steuerrohr_montiert,20
1660,120,1,Citybike_Rahmen_nachbearbeitet,Citybike_Rahmen_nachbearbeitet,15
1660,121,0,Racebike_Tretlager_gefraest,Racebike_Tretlager_gefraest,42
1660,122,2,E-Bike_Rahmen_komplettiert,E-Bike_Rahmen_komplettiert,24
1660,123,1,Racebike_Steuerrohr_ausgerieben,Racebike_Steuerrohr_ausgerieben,15
