episode,step,machine_idx,machine_time,current_time,utilization
1,1,0,31.0,31.0,1.0
1,1,1,0.0,31.0,0.0
1,1,2,0.0,31.0,0.0
1,2,0,74.0,74.0,1.0
1,2,1,0.0,74.0,0.0
1,2,2,0.0,74.0,0.0
1,3,0,154.0,154.0,1.0
1,3,1,0.0,154.0,0.0
1,3,2,0.0,154.0,0.0
1,4,0,232.0,232.0,1.0
1,4,1,0.0,232.0,0.0
1,4,2,0.0,232.0,0.0
1,5,0,306.0,306.0,1.0
1,5,1,0.0,306.0,0.0
1,5,2,0.0,306.0,0.0
1,6,0,368.0,368.0,1.0
1,6,1,0.0,368.0,0.0
1,6,2,0.0,368.0,0.0
1,7,0,412.0,412.0,1.0
1,7,1,0.0,412.0,0.0
1,7,2,0.0,412.0,0.0
1,8,0,412.0,432.0,0.9537037
1,8,1,432.0,432.0,1.0
1,8,2,0.0,432.0,0.0
1,9,0,412.0,466.0,0.88412017
1,9,1,432.0,466.0,0.9270386
1,9,2,466.0,466.0,1.0
1,10,0,546.0,546.0,1.0
1,10,1,432.0,546.0,0.7912088
1,10,2,466.0,546.0,0.85347986
1,11,0,627.0,627.0,1.0
1,11,1,432.0,627.0,0.68899524
1,11,2,466.0,627.0,0.7432217
1,12,0,703.0,703.0,1.0
1,12,1,432.0,703.0,0.6145092
1,12,2,466.0,703.0,0.6628734
1,13,0,778.0,778.0,1.0
1,13,1,432.0,778.0,0.5552699
1,13,2,466.0,778.0,0.5989717
1,14,0,778.0,809.0,0.96168107
1,14,1,809.0,809.0,1.0
1,14,2,466.0,809.0,0.57601976
1,15,0,778.0,840.0,0.9261905
1,15,1,840.0,840.0,1.0
1,15,2,466.0,840.0,0.5547619
1,16,0,778.0,883.0,0.8810872
1,16,1,883.0,883.0,1.0
1,16,2,466.0,883.0,0.5277463
1,17,0,778.0,914.0,0.8512035
1,17,1,914.0,914.0,1.0
1,17,2,466.0,914.0,0.5098468
1,18,0,778.0,965.0,0.8062176
1,18,1,914.0,965.0,0.94715023
1,18,2,965.0,965.0,1.0
1,19,0,778.0,1006.0,0.77335984
1,19,1,914.0,1006.0,0.9085487
1,19,2,1006.0,1006.0,1.0
1,20,0,1054.0,1054.0,1.0
1,20,1,914.0,1054.0,0.86717266
1,20,2,1006.0,1054.0,0.9544592
1,21,0,1109.0,1109.0,1.0
1,21,1,914.0,1109.0,0.82416594
1,21,2,1006.0,1109.0,0.9071235
1,22,0,1109.0,1144.0,0.9694056
1,22,1,1144.0,1144.0,1.0
1,22,2,1006.0,1144.0,0.8793706
1,23,0,1109.0,1184.0,0.9366554
1,23,1,1184.0,1184.0,1.0
1,23,2,1006.0,1184.0,0.8496622
1,24,0,1109.0,1249.0,0.8879103
1,24,1,1184.0,1249.0,0.94795835
1,24,2,1249.0,1249.0,1.0
1,25,0,1109.0,1287.0,0.86169386
1,25,1,1287.0,1287.0,1.0
1,25,2,1249.0,1287.0,0.97047395
1,26,0,1109.0,1327.0,0.83571965
1,26,1,1327.0,1327.0,1.0
1,26,2,1249.0,1327.0,0.9412208
1,27,0,1109.0,1396.0,0.7944126
1,27,1,1327.0,1396.0,0.9505731
1,27,2,1396.0,1396.0,1.0
1,28,0,1109.0,1435.0,0.7728223
1,28,1,1327.0,1435.0,0.9247387
1,28,2,1435.0,1435.0,1.0
1,29,0,1109.0,1478.0,0.7503383
1,29,1,1478.0,1478.0,1.0
1,29,2,1435.0,1478.0,0.9709066
1,30,0,1109.0,1522.0,0.7286465
1,30,1,1478.0,1522.0,0.9710907
1,30,2,1522.0,1522.0,1.0
1,31,0,1109.0,1555.0,0.7131833
1,31,1,1555.0,1555.0,1.0
1,31,2,1522.0,1555.0,0.9787781
1,32,0,1109.0,1605.0,0.6909657
1,32,1,1555.0,1605.0,0.96884733
1,32,2,1605.0,1605.0,1.0
1,33,0,1676.0,1676.0,1.0
1,33,1,1555.0,1676.0,0.9278043
1,33,2,1605.0,1676.0,0.95763725
1,34,0,1676.0,1718.0,0.975553
1,34,1,1718.0,1718.0,1.0
1,34,2,1605.0,1718.0,0.93422586
1,35,0,1676.0,1778.0,0.9426322
1,35,1,1718.0,1778.0,0.96625423
1,35,2,1778.0,1778.0,1.0
1,36,0,1676.0,1851.0,0.9054565
1,36,1,1718.0,1851.0,0.92814696
1,36,2,1851.0,1851.0,1.0
1,37,0,1676.0,1901.0,0.88164127
1,37,1,1901.0,1901.0,1.0
1,37,2,1851.0,1901.0,0.9736981
1,38,0,1960.0,1960.0,1.0
1,38,1,1901.0,1960.0,0.969898
1,38,2,1851.0,1960.0,0.94438773
1,39,0,2026.0,2026.0,1.0
1,39,1,1901.0,2026.0,0.9383021
1,39,2,1851.0,2026.0,0.9136229
1,40,0,2026.0,2061.0,0.983018
1,40,1,2061.0,2061.0,1.0
1,40,2,1851.0,2061.0,0.8981077
1,41,0,2026.0,2093.0,0.96798855
1,41,1,2093.0,2093.0,1.0
1,41,2,1851.0,2093.0,0.88437647
1,42,0,2026.0,2136.0,0.9485019
1,42,1,2136.0,2136.0,1.0
1,42,2,1851.0,2136.0,0.86657304
1,43,0,2026.0,2210.0,0.9167421
1,43,1,2136.0,2210.0,0.96651584
1,43,2,2210.0,2210.0,1.0
1,44,0,2026.0,2280.0,0.8885965
1,44,1,2136.0,2280.0,0.9368421
1,44,2,2280.0,2280.0,1.0
1,45,0,2026.0,2322.0,0.87252367
1,45,1,2136.0,2322.0,0.91989666
1,45,2,2322.0,2322.0,1.0
1,46,0,2026.0,2390.0,0.84769875
1,46,1,2136.0,2390.0,0.89372385
1,46,2,2390.0,2390.0,1.0
1,47,0,2026.0,2430.0,0.8337449
1,47,1,2136.0,2430.0,0.87901235
1,47,2,2430.0,2430.0,1.0
1,48,0,2026.0,2472.0,0.8195793
1,48,1,2472.0,2472.0,1.0
1,48,2,2430.0,2472.0,0.9830097
1,49,0,2026.0,2512.0,0.8065287
1,49,1,2472.0,2512.0,0.98407644
1,49,2,2512.0,2512.0,1.0
1,50,0,2026.0,2554.0,0.79326546
1,50,1,2554.0,2554.0,1.0
1,50,2,2512.0,2554.0,0.9835552
1,51,0,2026.0,2599.0,0.7795306
1,51,1,2554.0,2599.0,0.9826856
1,51,2,2599.0,2599.0,1.0
1,52,0,2026.0,2634.0,0.7691724
1,52,1,2634.0,2634.0,1.0
1,52,2,2599.0,2634.0,0.9867122
1,53,0,2026.0,2702.0,0.7498149
1,53,1,2634.0,2702.0,0.9748334
1,53,2,2702.0,2702.0,1.0
1,54,0,2026.0,2748.0,0.73726344
1,54,1,2748.0,2748.0,1.0
1,54,2,2702.0,2748.0,0.9832606
1,55,0,2026.0,2781.0,0.7285149
1,55,1,2781.0,2781.0,1.0
1,55,2,2702.0,2781.0,0.97159296
1,56,0,2026.0,2824.0,0.71742207
1,56,1,2824.0,2824.0,1.0
1,56,2,2702.0,2824.0,0.95679885
1,57,0,2026.0,2867.0,0.706662
1,57,1,2867.0,2867.0,1.0
1,57,2,2702.0,2867.0,0.94244856
1,58,0,2026.0,2933.0,0.6907603
1,58,1,2867.0,2933.0,0.97749746
1,58,2,2933.0,2933.0,1.0
1,59,0,2026.0,2979.0,0.680094
1,59,1,2979.0,2979.0,1.0
1,59,2,2933.0,2979.0,0.9845586
1,60,0,2026.0,3016.0,0.67175066
1,60,1,3016.0,3016.0,1.0
1,60,2,2933.0,3016.0,0.9724801
1,61,0,2026.0,3048.0,0.6646982
1,61,1,3048.0,3048.0,1.0
1,61,2,2933.0,3048.0,0.9622703
1,62,0,2026.0,3096.0,0.6543928
1,62,1,3096.0,3096.0,1.0
1,62,2,2933.0,3096.0,0.9473514
1,63,0,2026.0,3139.0,0.6454285
1,63,1,3139.0,3139.0,1.0
1,63,2,2933.0,3139.0,0.934374
1,64,0,2026.0,3181.0,0.6369066
1,64,1,3181.0,3181.0,1.0
1,64,2,2933.0,3181.0,0.9220371
1,65,0,2026.0,3222.0,0.628802
1,65,1,3222.0,3222.0,1.0
1,65,2,2933.0,3222.0,0.9103041
1,66,0,2026.0,3264.0,0.6207108
1,66,1,3222.0,3264.0,0.9871324
1,66,2,3264.0,3264.0,1.0
1,67,0,3320.0,3320.0,1.0
1,67,1,3222.0,3320.0,0.97048193
1,67,2,3264.0,3320.0,0.98313254
1,68,0,3320.0,3353.0,0.9901581
1,68,1,3353.0,3353.0,1.0
1,68,2,3264.0,3353.0,0.9734566
1,69,0,3320.0,3391.0,0.9790622
1,69,1,3391.0,3391.0,1.0
1,69,2,3264.0,3391.0,0.9625479
1,70,0,3320.0,3421.0,0.97047645
1,70,1,3421.0,3421.0,1.0
1,70,2,3264.0,3421.0,0.954107
1,71,0,3320.0,3477.0,0.95484614
1,71,1,3421.0,3477.0,0.98389417
1,71,2,3477.0,3477.0,1.0
1,72,0,3320.0,3514.0,0.9447923
1,72,1,3421.0,3514.0,0.9735344
1,72,2,3514.0,3514.0,1.0
1,73,0,3320.0,3547.0,0.93600225
1,73,1,3547.0,3547.0,1.0
1,73,2,3514.0,3547.0,0.9906964
1,74,0,3320.0,3597.0,0.9229914
1,74,1,3597.0,3597.0,1.0
1,74,2,3514.0,3597.0,0.9769252
1,75,0,3320.0,3632.0,0.9140969
1,75,1,3632.0,3632.0,1.0
1,75,2,3514.0,3632.0,0.967511
1,76,0,3320.0,3670.0,0.90463215
1,76,1,3632.0,3670.0,0.9896458
1,76,2,3670.0,3670.0,1.0
1,77,0,3320.0,3713.0,0.8941557
1,77,1,3713.0,3713.0,1.0
1,77,2,3670.0,3713.0,0.98841906
1,78,0,3320.0,3747.0,0.8860422
1,78,1,3747.0,3747.0,1.0
1,78,2,3670.0,3747.0,0.9794502
1,79,0,3320.0,3792.0,0.87552744
1,79,1,3792.0,3792.0,1.0
1,79,2,3670.0,3792.0,0.967827
1,80,0,3320.0,3822.0,0.86865515
1,80,1,3822.0,3822.0,1.0
1,80,2,3670.0,3822.0,0.96023023
1,81,0,3320.0,3879.0,0.8558907
1,81,1,3822.0,3879.0,0.9853055
1,81,2,3879.0,3879.0,1.0
1,82,0,3320.0,3916.0,0.8478039
1,82,1,3822.0,3916.0,0.9759959
1,82,2,3916.0,3916.0,1.0
1,83,0,3320.0,3970.0,0.83627206
1,83,1,3822.0,3970.0,0.9627204
1,83,2,3970.0,3970.0,1.0
1,84,0,3320.0,4013.0,0.8273112
1,84,1,3822.0,4013.0,0.9524047
1,84,2,4013.0,4013.0,1.0
1,85,0,3320.0,4050.0,0.8197531
1,85,1,3822.0,4050.0,0.9437037
1,85,2,4050.0,4050.0,1.0
1,86,0,3320.0,4088.0,0.8121331
1,86,1,4088.0,4088.0,1.0
1,86,2,4050.0,4088.0,0.9907045
1,87,0,3320.0,4121.0,0.80562973
1,87,1,4121.0,4121.0,1.0
1,87,2,4050.0,4121.0,0.98277116
1,88,0,4186.0,4186.0,1.0
1,88,1,4121.0,4186.0,0.98447204
1,88,2,4050.0,4186.0,0.96751076
1,89,0,4186.0,4231.0,0.9893642
1,89,1,4231.0,4231.0,1.0
1,89,2,4050.0,4231.0,0.9572205
1,90,0,4186.0,4300.0,0.9734884
1,90,1,4231.0,4300.0,0.9839535
1,90,2,4300.0,4300.0,1.0
1,91,0,4186.0,4337.0,0.9651833
1,91,1,4337.0,4337.0,1.0
1,91,2,4300.0,4337.0,0.9914687
1,92,0,4186.0,4374.0,0.95701873
1,92,1,4374.0,4374.0,1.0
1,92,2,4300.0,4374.0,0.9830818
1,93,0,4186.0,4423.0,0.94641644
1,93,1,4423.0,4423.0,1.0
1,93,2,4300.0,4423.0,0.9721908
1,94,0,4186.0,4464.0,0.937724
1,94,1,4464.0,4464.0,1.0
1,94,2,4300.0,4464.0,0.96326166
1,95,0,4186.0,4503.0,0.9296025
1,95,1,4464.0,4503.0,0.9913391
1,95,2,4503.0,4503.0,1.0
1,96,0,4186.0,4538.0,0.9224328
1,96,1,4538.0,4538.0,1.0
1,96,2,4503.0,4538.0,0.99228734
1,97,0,4186.0,4593.0,0.9113869
1,97,1,4538.0,4593.0,0.98802525
1,97,2,4593.0,4593.0,1.0
1,98,0,4186.0,4635.0,0.9031284
1,98,1,4635.0,4635.0,1.0
1,98,2,4593.0,4635.0,0.9909385
1,99,0,4186.0,4691.0,0.89234704
1,99,1,4635.0,4691.0,0.98806226
1,99,2,4691.0,4691.0,1.0
1,100,0,4186.0,4740.0,0.8831224
1,100,1,4740.0,4740.0,1.0
1,100,2,4691.0,4740.0,0.98966247
1,101,0,4186.0,4784.0,0.875
1,101,1,4784.0,4784.0,1.0
1,101,2,4691.0,4784.0,0.9805602
1,102,0,4186.0,4819.0,0.86864495
1,102,1,4819.0,4819.0,1.0
1,102,2,4691.0,4819.0,0.9734385
1,103,0,4186.0,4860.0,0.86131686
1,103,1,4860.0,4860.0,1.0
1,103,2,4691.0,4860.0,0.96522635
1,104,0,4186.0,4905.0,0.8534149
1,104,1,4905.0,4905.0,1.0
1,104,2,4691.0,4905.0,0.95637107
1,105,0,4186.0,4955.0,0.8448032
1,105,1,4955.0,4955.0,1.0
1,105,2,4691.0,4955.0,0.9467205
1,106,0,4186.0,4992.0,0.8385417
1,106,1,4992.0,4992.0,1.0
1,106,2,4691.0,4992.0,0.9397035
1,107,0,5049.0,5049.0,1.0
1,107,1,4992.0,5049.0,0.98871064
1,107,2,4691.0,5049.0,0.92909485
1,108,0,5049.0,5083.0,0.99331105
1,108,1,5083.0,5083.0,1.0
1,108,2,4691.0,5083.0,0.9228802
1,109,0,5049.0,5123.0,0.98555535
1,109,1,5083.0,5123.0,0.9921921
1,109,2,5123.0,5123.0,1.0
1,110,0,5049.0,5167.0,0.9771628
1,110,1,5167.0,5167.0,1.0
1,110,2,5123.0,5167.0,0.9914844
1,111,0,5049.0,5217.0,0.9677976
1,111,1,5167.0,5217.0,0.99041593
1,111,2,5217.0,5217.0,1.0
1,112,0,5049.0,5262.0,0.9595211
1,112,1,5262.0,5262.0,1.0
1,112,2,5217.0,5262.0,0.9914481
1,113,0,5049.0,5303.0,0.9521026
1,113,1,5303.0,5303.0,1.0
1,113,2,5217.0,5303.0,0.98378277
1,114,0,5049.0,5339.0,0.9456827
1,114,1,5303.0,5339.0,0.99325716
1,114,2,5339.0,5339.0,1.0
1,115,0,5049.0,5383.0,0.9379528
1,115,1,5383.0,5383.0,1.0
1,115,2,5339.0,5383.0,0.9918261
1,116,0,5049.0,5433.0,0.9293208
1,116,1,5433.0,5433.0,1.0
1,116,2,5339.0,5433.0,0.9826983
1,117,0,5049.0,5475.0,0.9221918
1,117,1,5475.0,5475.0,1.0
1,117,2,5339.0,5475.0,0.9751598
1,118,0,5049.0,5520.0,0.9146739
1,118,1,5520.0,5520.0,1.0
1,118,2,5339.0,5520.0,0.9672102
1,119,0,5049.0,5561.0,0.90793025
1,119,1,5520.0,5561.0,0.9926272
1,119,2,5561.0,5561.0,1.0
1,120,0,5049.0,5611.0,0.8998396
1,120,1,5611.0,5611.0,1.0
1,120,2,5561.0,5611.0,0.9910889
1,121,0,5049.0,5665.0,0.8912621
1,121,1,5611.0,5665.0,0.9904678
1,121,2,5665.0,5665.0,1.0
1,122,0,5049.0,5707.0,0.884703
1,122,1,5707.0,5707.0,1.0
1,122,2,5665.0,5707.0,0.9926406
1,123,0,5049.0,5780.0,0.87352943
1,123,1,5707.0,5780.0,0.98737025
1,123,2,5780.0,5780.0,1.0
1,124,0,5841.0,5841.0,1.0
1,124,1,5707.0,5841.0,0.9770587
1,124,2,5780.0,5841.0,0.9895566
1,125,0,5841.0,5872.0,0.9947207
1,125,1,5872.0,5872.0,1.0
1,125,2,5780.0,5872.0,0.98433244
1,126,0,5841.0,5905.0,0.98916173
1,126,1,5905.0,5905.0,1.0
1,126,2,5780.0,5905.0,0.97883147
1,127,0,5841.0,5931.0,0.9848255
1,127,1,5931.0,5931.0,1.0
1,127,2,5780.0,5931.0,0.97454053
1,128,0,5841.0,5963.0,0.9795405
1,128,1,5963.0,5963.0,1.0
1,128,2,5780.0,5963.0,0.96931076
1,129,0,5841.0,6027.0,0.96913886
1,129,1,5963.0,6027.0,0.98938113
1,129,2,6027.0,6027.0,1.0
1,130,0,5841.0,6077.0,0.9611651
1,130,1,6077.0,6077.0,1.0
1,130,2,6027.0,6077.0,0.99177223
1,131,0,5841.0,6110.0,0.9559738
1,131,1,6110.0,6110.0,1.0
1,131,2,6027.0,6110.0,0.9864157
1,132,0,5841.0,6163.0,0.9477527
1,132,1,6110.0,6163.0,0.9914003
1,132,2,6163.0,6163.0,1.0
1,133,0,5841.0,6236.0,0.9366581
1,133,1,6110.0,6236.0,0.97979474
1,133,2,6236.0,6236.0,1.0
1,134,0,5841.0,6292.0,0.92832166
1,134,1,6110.0,6292.0,0.9710744
1,134,2,6292.0,6292.0,1.0
2,1,0,32.0,32.0,1.0
2,1,1,0.0,32.0,0.0
2,1,2,0.0,32.0,0.0
2,2,0,83.0,83.0,1.0
2,2,1,0.0,83.0,0.0
2,2,2,0.0,83.0,0.0
2,3,0,145.0,145.0,1.0
2,3,1,0.0,145.0,0.0
2,3,2,0.0,145.0,0.0
2,4,0,223.0,223.0,1.0
2,4,1,0.0,223.0,0.0
2,4,2,0.0,223.0,0.0
2,5,0,282.0,282.0,1.0
2,5,1,0.0,282.0,0.0
2,5,2,0.0,282.0,0.0
2,6,0,282.0,307.0,0.91856676
2,6,1,307.0,307.0,1.0
2,6,2,0.0,307.0,0.0
2,7,0,282.0,346.0,0.8150289
2,7,1,307.0,346.0,0.88728327
2,7,2,346.0,346.0,1.0
2,8,0,409.0,409.0,1.0
2,8,1,307.0,409.0,0.75061125
2,8,2,346.0,409.0,0.84596574
2,9,0,409.0,451.0,0.90687364
2,9,1,451.0,451.0,1.0
2,9,2,346.0,451.0,0.767184
2,10,0,531.0,531.0,1.0
2,10,1,451.0,531.0,0.84934086
2,10,2,346.0,531.0,0.6516008
2,11,0,572.0,572.0,1.0
2,11,1,451.0,572.0,0.78846157
2,11,2,346.0,572.0,0.6048951
2,12,0,572.0,603.0,0.9485904
2,12,1,603.0,603.0,1.0
2,12,2,346.0,603.0,0.5737977
2,13,0,658.0,658.0,1.0
2,13,1,603.0,658.0,0.91641337
2,13,2,346.0,658.0,0.5258359
2,14,0,658.0,703.0,0.9359886
2,14,1,703.0,703.0,1.0
2,14,2,346.0,703.0,0.49217638
2,15,0,658.0,741.0,0.8879892
2,15,1,741.0,741.0,1.0
2,15,2,346.0,741.0,0.46693656
2,16,0,821.0,821.0,1.0
2,16,1,741.0,821.0,0.90255785
2,16,2,346.0,821.0,0.42143726
2,17,0,821.0,851.0,0.96474737
2,17,1,851.0,851.0,1.0
2,17,2,346.0,851.0,0.4065805
2,18,0,901.0,901.0,1.0
2,18,1,851.0,901.0,0.9445061
2,18,2,346.0,901.0,0.38401777
2,19,0,901.0,934.0,0.9646681
2,19,1,934.0,934.0,1.0
2,19,2,346.0,934.0,0.3704497
2,20,0,995.0,995.0,1.0
2,20,1,934.0,995.0,0.93869346
2,20,2,346.0,995.0,0.34773868
2,21,0,995.0,1040.0,0.9567308
2,21,1,934.0,1040.0,0.89807695
2,21,2,1040.0,1040.0,1.0
2,22,0,995.0,1080.0,0.9212963
2,22,1,1080.0,1080.0,1.0
2,22,2,1040.0,1080.0,0.962963
2,23,0,1140.0,1140.0,1.0
2,23,1,1080.0,1140.0,0.94736844
2,23,2,1040.0,1140.0,0.9122807
2,24,0,1140.0,1189.0,0.9587889
2,24,1,1080.0,1189.0,0.9083263
2,24,2,1189.0,1189.0,1.0
2,25,0,1140.0,1220.0,0.93442625
2,25,1,1220.0,1220.0,1.0
2,25,2,1189.0,1220.0,0.9745902
2,26,0,1140.0,1259.0,0.90548056
2,26,1,1220.0,1259.0,0.96902305
2,26,2,1259.0,1259.0,1.0
2,27,0,1140.0,1302.0,0.875576
2,27,1,1302.0,1302.0,1.0
2,27,2,1259.0,1302.0,0.9669739
2,28,0,1140.0,1333.0,0.8552138
2,28,1,1333.0,1333.0,1.0
2,28,2,1259.0,1333.0,0.94448614
2,29,0,1140.0,1384.0,0.8236994
2,29,1,1333.0,1384.0,0.96315026
2,29,2,1384.0,1384.0,1.0
2,30,0,1140.0,1440.0,0.7916667
2,30,1,1333.0,1440.0,0.92569447
2,30,2,1440.0,1440.0,1.0
2,31,0,1140.0,1472.0,0.7744565
2,31,1,1472.0,1472.0,1.0
2,31,2,1440.0,1472.0,0.9782609
2,32,0,1140.0,1508.0,0.75596815
2,32,1,1508.0,1508.0,1.0
2,32,2,1440.0,1508.0,0.9549072
2,33,0,1140.0,1549.0,0.7359587
2,33,1,1508.0,1549.0,0.9735313
2,33,2,1549.0,1549.0,1.0
2,34,0,1140.0,1592.0,0.7160804
2,34,1,1508.0,1592.0,0.9472362
2,34,2,1592.0,1592.0,1.0
2,35,0,1140.0,1634.0,0.6976744
2,35,1,1508.0,1634.0,0.92288864
2,35,2,1634.0,1634.0,1.0
2,36,0,1140.0,1671.0,0.68222624
2,36,1,1671.0,1671.0,1.0
2,36,2,1634.0,1671.0,0.9778576
2,37,0,1140.0,1704.0,0.6690141
2,37,1,1704.0,1704.0,1.0
2,37,2,1634.0,1704.0,0.9589202
2,38,0,1140.0,1734.0,0.6574395
2,38,1,1734.0,1734.0,1.0
2,38,2,1634.0,1734.0,0.9423299
2,39,0,1808.0,1808.0,1.0
2,39,1,1734.0,1808.0,0.9590708
2,39,2,1634.0,1808.0,0.9037611
2,40,0,1808.0,1848.0,0.978355
2,40,1,1734.0,1848.0,0.9383117
2,40,2,1848.0,1848.0,1.0
2,41,0,1808.0,1889.0,0.9571202
2,41,1,1889.0,1889.0,1.0
2,41,2,1848.0,1889.0,0.9782954
2,42,0,1947.0,1947.0,1.0
2,42,1,1889.0,1947.0,0.97021055
2,42,2,1848.0,1947.0,0.9491525
2,43,0,1947.0,1987.0,0.9798691
2,43,1,1987.0,1987.0,1.0
2,43,2,1848.0,1987.0,0.9300453
2,44,0,1947.0,2031.0,0.95864105
2,44,1,1987.0,2031.0,0.9783358
2,44,2,2031.0,2031.0,1.0
2,45,0,1947.0,2086.0,0.9333653
2,45,1,1987.0,2086.0,0.95254076
2,45,2,2086.0,2086.0,1.0
2,46,0,1947.0,2141.0,0.9093881
2,46,1,1987.0,2141.0,0.928071
2,46,2,2141.0,2141.0,1.0
2,47,0,2197.0,2197.0,1.0
2,47,1,1987.0,2197.0,0.90441513
2,47,2,2141.0,2197.0,0.97451067
2,48,0,2197.0,2230.0,0.9852018
2,48,1,2230.0,2230.0,1.0
2,48,2,2141.0,2230.0,0.9600897
2,49,0,2197.0,2270.0,0.9678414
2,49,1,2270.0,2270.0,1.0
2,49,2,2141.0,2270.0,0.9431718
2,50,0,2197.0,2339.0,0.9392903
2,50,1,2270.0,2339.0,0.97050023
2,50,2,2339.0,2339.0,1.0
2,51,0,2197.0,2409.0,0.91199666
2,51,1,2270.0,2409.0,0.9422997
2,51,2,2409.0,2409.0,1.0
2,52,0,2197.0,2447.0,0.89783406
2,52,1,2447.0,2447.0,1.0
2,52,2,2409.0,2447.0,0.9844708
2,53,0,2197.0,2480.0,0.8858871
2,53,1,2480.0,2480.0,1.0
2,53,2,2409.0,2480.0,0.971371
2,54,0,2197.0,2524.0,0.87044376
2,54,1,2524.0,2524.0,1.0
2,54,2,2409.0,2524.0,0.9544374
2,55,0,2197.0,2562.0,0.85753316
2,55,1,2562.0,2562.0,1.0
2,55,2,2409.0,2562.0,0.94028103
2,56,0,2643.0,2643.0,1.0
2,56,1,2562.0,2643.0,0.969353
2,56,2,2409.0,2643.0,0.9114643
2,57,0,2643.0,2672.0,0.9891467
2,57,1,2672.0,2672.0,1.0
2,57,2,2409.0,2672.0,0.90157187
2,58,0,2643.0,2715.0,0.97348064
2,58,1,2715.0,2715.0,1.0
2,58,2,2409.0,2715.0,0.8872928
2,59,0,2643.0,2783.0,0.9496946
2,59,1,2715.0,2783.0,0.9755659
2,59,2,2783.0,2783.0,1.0
2,60,0,2643.0,2828.0,0.93458277
2,60,1,2828.0,2828.0,1.0
2,60,2,2783.0,2828.0,0.9840877
2,61,0,2643.0,2870.0,0.92090595
2,61,1,2828.0,2870.0,0.98536587
2,61,2,2870.0,2870.0,1.0
2,62,0,2643.0,2906.0,0.9094976
2,62,1,2906.0,2906.0,1.0
2,62,2,2870.0,2906.0,0.98761183
2,63,0,2643.0,2959.0,0.8932072
2,63,1,2906.0,2959.0,0.98208857
2,63,2,2959.0,2959.0,1.0
2,64,0,2643.0,3032.0,0.87170184
2,64,1,2906.0,3032.0,0.9584433
2,64,2,3032.0,3032.0,1.0
2,65,0,2643.0,3074.0,0.8597918
2,65,1,3074.0,3074.0,1.0
2,65,2,3032.0,3074.0,0.986337
2,66,0,3133.0,3133.0,1.0
2,66,1,3074.0,3133.0,0.9811682
2,66,2,3032.0,3133.0,0.96776253
2,67,0,3133.0,3177.0,0.98615044
2,67,1,3177.0,3177.0,1.0
2,67,2,3032.0,3177.0,0.9543595
2,68,0,3133.0,3233.0,0.969069
2,68,1,3177.0,3233.0,0.98267865
2,68,2,3233.0,3233.0,1.0
2,69,0,3304.0,3304.0,1.0
2,69,1,3177.0,3304.0,0.96156174
2,69,2,3233.0,3304.0,0.9785109
2,70,0,3304.0,3360.0,0.98333335
2,70,1,3177.0,3360.0,0.9455357
2,70,2,3360.0,3360.0,1.0
2,71,0,3304.0,3397.0,0.97262293
2,71,1,3177.0,3397.0,0.935237
2,71,2,3397.0,3397.0,1.0
2,72,0,3304.0,3440.0,0.96046513
2,72,1,3440.0,3440.0,1.0
2,72,2,3397.0,3440.0,0.9875
2,73,0,3304.0,3482.0,0.94887996
2,73,1,3482.0,3482.0,1.0
2,73,2,3397.0,3482.0,0.97558874
2,74,0,3304.0,3534.0,0.9349179
2,74,1,3482.0,3534.0,0.9852858
2,74,2,3534.0,3534.0,1.0
2,75,0,3304.0,3575.0,0.9241958
2,75,1,3482.0,3575.0,0.973986
2,75,2,3575.0,3575.0,1.0
2,76,0,3304.0,3640.0,0.9076923
2,76,1,3482.0,3640.0,0.9565934
2,76,2,3640.0,3640.0,1.0
2,77,0,3304.0,3677.0,0.8985586
2,77,1,3482.0,3677.0,0.94696766
2,77,2,3677.0,3677.0,1.0
2,78,0,3304.0,3731.0,0.8855535
2,78,1,3482.0,3731.0,0.9332619
2,78,2,3731.0,3731.0,1.0
2,79,0,3304.0,3766.0,0.87732345
2,79,1,3766.0,3766.0,1.0
2,79,2,3731.0,3766.0,0.9907063
2,80,0,3304.0,3806.0,0.86810297
2,80,1,3806.0,3806.0,1.0
2,80,2,3731.0,3806.0,0.9802943
2,81,0,3304.0,3851.0,0.857959
2,81,1,3851.0,3851.0,1.0
2,81,2,3731.0,3851.0,0.9688393
2,82,0,3304.0,3888.0,0.8497942
2,82,1,3888.0,3888.0,1.0
2,82,2,3731.0,3888.0,0.95961934
2,83,0,3304.0,3927.0,0.8413547
2,83,1,3888.0,3927.0,0.99006873
2,83,2,3927.0,3927.0,1.0
2,84,0,3988.0,3988.0,1.0
2,84,1,3888.0,3988.0,0.9749248
2,84,2,3927.0,3988.0,0.98470414
2,85,0,3988.0,4056.0,0.9832347
2,85,1,3888.0,4056.0,0.9585799
2,85,2,4056.0,4056.0,1.0
2,86,0,3988.0,4092.0,0.9745846
2,86,1,3888.0,4092.0,0.9501466
2,86,2,4092.0,4092.0,1.0
2,87,0,3988.0,4135.0,0.9644498
2,87,1,4135.0,4135.0,1.0
2,87,2,4092.0,4135.0,0.98960096
2,88,0,3988.0,4172.0,0.95589644
2,88,1,4135.0,4172.0,0.99113137
2,88,2,4172.0,4172.0,1.0
2,89,0,3988.0,4210.0,0.9472684
2,89,1,4210.0,4210.0,1.0
2,89,2,4172.0,4210.0,0.9909739
2,90,0,3988.0,4242.0,0.9401226
2,90,1,4242.0,4242.0,1.0
2,90,2,4172.0,4242.0,0.98349833
2,91,0,3988.0,4316.0,0.9240037
2,91,1,4242.0,4316.0,0.9828545
2,91,2,4316.0,4316.0,1.0
2,92,0,3988.0,4358.0,0.91509867
2,92,1,4358.0,4358.0,1.0
2,92,2,4316.0,4358.0,0.9903625
2,93,0,3988.0,4385.0,0.90946406
2,93,1,4385.0,4385.0,1.0
2,93,2,4316.0,4385.0,0.98426455
2,94,0,3988.0,4446.0,0.89698607
2,94,1,4385.0,4446.0,0.9862798
2,94,2,4446.0,4446.0,1.0
2,95,0,3988.0,4492.0,0.8878005
2,95,1,4492.0,4492.0,1.0
2,95,2,4446.0,4492.0,0.98975956
2,96,0,3988.0,4525.0,0.88132596
2,96,1,4525.0,4525.0,1.0
2,96,2,4446.0,4525.0,0.98254144
2,97,0,3988.0,4567.0,0.8732209
2,97,1,4567.0,4567.0,1.0
2,97,2,4446.0,4567.0,0.97350556
2,98,0,3988.0,4640.0,0.85948277
2,98,1,4567.0,4640.0,0.98426723
2,98,2,4640.0,4640.0,1.0
2,99,0,3988.0,4678.0,0.8525011
2,99,1,4678.0,4678.0,1.0
2,99,2,4640.0,4678.0,0.9918769
2,100,0,3988.0,4723.0,0.8443786
2,100,1,4678.0,4723.0,0.99047214
2,100,2,4723.0,4723.0,1.0
2,101,0,3988.0,4772.0,0.8357083
2,101,1,4772.0,4772.0,1.0
2,101,2,4723.0,4772.0,0.9897318
2,102,0,3988.0,4812.0,0.82876146
2,102,1,4772.0,4812.0,0.9916875
2,102,2,4812.0,4812.0,1.0
2,103,0,3988.0,4849.0,0.82243764
2,103,1,4849.0,4849.0,1.0
2,103,2,4812.0,4849.0,0.99236953
2,104,0,3988.0,4899.0,0.8140437
2,104,1,4899.0,4899.0,1.0
2,104,2,4812.0,4899.0,0.9822413
2,105,0,3988.0,4934.0,0.80826914
2,105,1,4934.0,4934.0,1.0
2,105,2,4812.0,4934.0,0.9752736
2,106,0,3988.0,4967.0,0.8028991
2,106,1,4934.0,4967.0,0.99335617
2,106,2,4967.0,4967.0,1.0
2,107,0,3988.0,5010.0,0.796008
2,107,1,5010.0,5010.0,1.0
2,107,2,4967.0,5010.0,0.99141717
2,108,0,3988.0,5060.0,0.78814226
2,108,1,5060.0,5060.0,1.0
2,108,2,4967.0,5060.0,0.98162055
2,109,0,3988.0,5097.0,0.78242105
2,109,1,5097.0,5097.0,1.0
2,109,2,4967.0,5097.0,0.9744948
2,110,0,3988.0,5133.0,0.77693355
2,110,1,5133.0,5133.0,1.0
2,110,2,4967.0,5133.0,0.96766025
2,111,0,3988.0,5177.0,0.7703303
2,111,1,5177.0,5177.0,1.0
2,111,2,4967.0,5177.0,0.95943594
2,112,0,3988.0,5211.0,0.76530415
2,112,1,5211.0,5211.0,1.0
2,112,2,4967.0,5211.0,0.95317596
2,113,0,3988.0,5256.0,0.7587519
2,113,1,5256.0,5256.0,1.0
2,113,2,4967.0,5256.0,0.9450152
2,114,0,3988.0,5286.0,0.75444573
2,114,1,5286.0,5286.0,1.0
2,114,2,4967.0,5286.0,0.9396519
2,115,0,3988.0,5346.0,0.7459783
2,115,1,5286.0,5346.0,0.9887767
2,115,2,5346.0,5346.0,1.0
2,116,0,3988.0,5387.0,0.7403007
2,116,1,5387.0,5387.0,1.0
2,116,2,5346.0,5387.0,0.9923891
2,117,0,3988.0,5433.0,0.73403275
2,117,1,5433.0,5433.0,1.0
2,117,2,5346.0,5433.0,0.98398674
2,118,0,3988.0,5474.0,0.7285349
2,118,1,5474.0,5474.0,1.0
2,118,2,5346.0,5474.0,0.97661674
2,119,0,3988.0,5523.0,0.72207135
2,119,1,5523.0,5523.0,1.0
2,119,2,5346.0,5523.0,0.9679522
2,120,0,3988.0,5571.0,0.71584994
2,120,1,5571.0,5571.0,1.0
2,120,2,5346.0,5571.0,0.95961225
2,121,0,3988.0,5604.0,0.7116346
2,121,1,5604.0,5604.0,1.0
2,121,2,5346.0,5604.0,0.95396143
2,122,0,3988.0,5652.0,0.70559096
2,122,1,5652.0,5652.0,1.0
2,122,2,5346.0,5652.0,0.94585985
2,123,0,3988.0,5697.0,0.7000176
2,123,1,5697.0,5697.0,1.0
2,123,2,5346.0,5697.0,0.93838865
2,124,0,3988.0,5739.0,0.69489455
2,124,1,5739.0,5739.0,1.0
2,124,2,5346.0,5739.0,0.9315212
2,125,0,3988.0,5789.0,0.6888927
2,125,1,5789.0,5789.0,1.0
2,125,2,5346.0,5789.0,0.92347556
2,126,0,3988.0,5858.0,0.68077844
2,126,1,5789.0,5858.0,0.9882212
2,126,2,5858.0,5858.0,1.0
2,127,0,3988.0,5931.0,0.6723993
2,127,1,5789.0,5931.0,0.976058
2,127,2,5931.0,5931.0,1.0
2,128,0,3988.0,5966.0,0.6684546
2,128,1,5966.0,5966.0,1.0
2,128,2,5931.0,5966.0,0.9941334
2,129,0,3988.0,6030.0,0.66135985
2,129,1,5966.0,6030.0,0.9893864
2,129,2,6030.0,6030.0,1.0
2,130,0,3988.0,6080.0,0.65592104
2,130,1,6080.0,6080.0,1.0
2,130,2,6030.0,6080.0,0.9917763
2,131,0,3988.0,6120.0,0.651634
2,131,1,6080.0,6120.0,0.99346405
2,131,2,6120.0,6120.0,1.0
2,132,0,3988.0,6155.0,0.64792854
2,132,1,6155.0,6155.0,1.0
2,132,2,6120.0,6155.0,0.99431354
2,133,0,3988.0,6205.0,0.64270747
2,133,1,6205.0,6205.0,1.0
2,133,2,6120.0,6205.0,0.98630136
2,134,0,3988.0,6247.0,0.6383864
2,134,1,6247.0,6247.0,1.0
2,134,2,6120.0,6247.0,0.9796702
3,1,0,38.0,38.0,1.0
3,1,1,0.0,38.0,0.0
3,1,2,0.0,38.0,0.0
3,2,0,114.0,114.0,1.0
3,2,1,0.0,114.0,0.0
3,2,2,0.0,114.0,0.0
3,3,0,179.0,179.0,1.0
3,3,1,0.0,179.0,0.0
3,3,2,0.0,179.0,0.0
3,4,0,236.0,236.0,1.0
3,4,1,0.0,236.0,0.0
3,4,2,0.0,236.0,0.0
3,5,0,296.0,296.0,1.0
3,5,1,0.0,296.0,0.0
3,5,2,0.0,296.0,0.0
3,6,0,367.0,367.0,1.0
3,6,1,0.0,367.0,0.0
3,6,2,0.0,367.0,0.0
3,7,0,367.0,392.0,0.93622446
3,7,1,392.0,392.0,1.0
3,7,2,0.0,392.0,0.0
3,8,0,367.0,420.0,0.8738095
3,8,1,420.0,420.0,1.0
3,8,2,0.0,420.0,0.0
3,9,0,464.0,464.0,1.0
3,9,1,420.0,464.0,0.9051724
3,9,2,0.0,464.0,0.0
3,10,0,464.0,495.0,0.93737376
3,10,1,495.0,495.0,1.0
3,10,2,0.0,495.0,0.0
3,11,0,551.0,551.0,1.0
3,11,1,495.0,551.0,0.89836663
3,11,2,0.0,551.0,0.0
3,12,0,551.0,596.0,0.92449665
3,12,1,596.0,596.0,1.0
3,12,2,0.0,596.0,0.0
3,13,0,551.0,620.0,0.88870966
3,13,1,596.0,620.0,0.9612903
3,13,2,620.0,620.0,1.0
3,14,0,551.0,674.0,0.81750745
3,14,1,596.0,674.0,0.884273
3,14,2,674.0,674.0,1.0
3,15,0,551.0,704.0,0.78267044
3,15,1,704.0,704.0,1.0
3,15,2,674.0,704.0,0.9573864
3,16,0,551.0,760.0,0.725
3,16,1,704.0,760.0,0.9263158
3,16,2,760.0,760.0,1.0
3,17,0,822.0,822.0,1.0
3,17,1,704.0,822.0,0.8564477
3,17,2,760.0,822.0,0.9245742
3,18,0,822.0,865.0,0.950289
3,18,1,704.0,865.0,0.8138728
3,18,2,865.0,865.0,1.0
3,19,0,822.0,908.0,0.9052864
3,19,1,908.0,908.0,1.0
3,19,2,865.0,908.0,0.95264316
3,20,0,822.0,948.0,0.8670886
3,20,1,948.0,948.0,1.0
3,20,2,865.0,948.0,0.9124473
3,21,0,822.0,990.0,0.830303
3,21,1,990.0,990.0,1.0
3,21,2,865.0,990.0,0.8737374
3,22,0,1070.0,1070.0,1.0
3,22,1,990.0,1070.0,0.92523366
3,22,2,865.0,1070.0,0.80841124
3,23,0,1070.0,1106.0,0.96745026
3,23,1,1106.0,1106.0,1.0
3,23,2,865.0,1106.0,0.78209764
3,24,0,1070.0,1146.0,0.9336824
3,24,1,1146.0,1146.0,1.0
3,24,2,865.0,1146.0,0.7547993
3,25,0,1202.0,1202.0,1.0
3,25,1,1146.0,1202.0,0.953411
3,25,2,865.0,1202.0,0.71963394
3,26,0,1268.0,1268.0,1.0
3,26,1,1146.0,1268.0,0.90378547
3,26,2,865.0,1268.0,0.68217665
3,27,0,1318.0,1318.0,1.0
3,27,1,1146.0,1318.0,0.86949927
3,27,2,865.0,1318.0,0.65629745
3,28,0,1373.0,1373.0,1.0
3,28,1,1146.0,1373.0,0.83466864
3,28,2,865.0,1373.0,0.63000727
3,29,0,1373.0,1404.0,0.97792023
3,29,1,1404.0,1404.0,1.0
3,29,2,865.0,1404.0,0.61609685
3,30,0,1480.0,1480.0,1.0
3,30,1,1404.0,1480.0,0.94864863
3,30,2,865.0,1480.0,0.5844595
3,31,0,1480.0,1517.0,0.9756098
3,31,1,1517.0,1517.0,1.0
3,31,2,865.0,1517.0,0.5702044
3,32,0,1480.0,1552.0,0.9536083
3,32,1,1552.0,1552.0,1.0
3,32,2,865.0,1552.0,0.5573454
3,33,0,1480.0,1596.0,0.9273183
3,33,1,1552.0,1596.0,0.97243106
3,33,2,1596.0,1596.0,1.0
3,34,0,1659.0,1659.0,1.0
3,34,1,1552.0,1659.0,0.9355033
3,34,2,1596.0,1659.0,0.96202534
3,35,0,1659.0,1698.0,0.9770318
3,35,1,1552.0,1698.0,0.9140165
3,35,2,1698.0,1698.0,1.0
3,36,0,1659.0,1738.0,0.95454544
3,36,1,1552.0,1738.0,0.89298046
3,36,2,1738.0,1738.0,1.0
3,37,0,1659.0,1807.0,0.9180963
3,37,1,1552.0,1807.0,0.8588821
3,37,2,1807.0,1807.0,1.0
3,38,0,1881.0,1881.0,1.0
3,38,1,1552.0,1881.0,0.82509303
3,38,2,1807.0,1881.0,0.9606592
3,39,0,1881.0,1919.0,0.980198
3,39,1,1919.0,1919.0,1.0
3,39,2,1807.0,1919.0,0.94163626
3,40,0,1881.0,1962.0,0.9587156
3,40,1,1962.0,1962.0,1.0
3,40,2,1807.0,1962.0,0.920999
3,41,0,1881.0,2017.0,0.93257314
3,41,1,1962.0,2017.0,0.97273177
3,41,2,2017.0,2017.0,1.0
3,42,0,1881.0,2050.0,0.917561
3,42,1,2050.0,2050.0,1.0
3,42,2,2017.0,2050.0,0.98390245
3,43,0,1881.0,2103.0,0.89443654
3,43,1,2050.0,2103.0,0.9747979
3,43,2,2103.0,2103.0,1.0
3,44,0,1881.0,2152.0,0.87407064
3,44,1,2050.0,2152.0,0.9526022
3,44,2,2152.0,2152.0,1.0
3,45,0,1881.0,2198.0,0.855778
3,45,1,2198.0,2198.0,1.0
3,45,2,2152.0,2198.0,0.97907186
3,46,0,1881.0,2231.0,0.8431197
3,46,1,2231.0,2231.0,1.0
3,46,2,2152.0,2231.0,0.9645899
3,47,0,1881.0,2272.0,0.82790494
3,47,1,2231.0,2272.0,0.9819542
3,47,2,2272.0,2272.0,1.0
3,48,0,1881.0,2322.0,0.81007755
3,48,1,2231.0,2322.0,0.96080965
3,48,2,2322.0,2322.0,1.0
3,49,0,1881.0,2372.0,0.7930017
3,49,1,2231.0,2372.0,0.94055647
3,49,2,2372.0,2372.0,1.0
3,50,0,1881.0,2418.0,0.77791566
3,50,1,2231.0,2418.0,0.92266333
3,50,2,2418.0,2418.0,1.0
3,51,0,1881.0,2456.0,0.76587945
3,51,1,2456.0,2456.0,1.0
3,51,2,2418.0,2456.0,0.9845277
3,52,0,1881.0,2498.0,0.7530024
3,52,1,2456.0,2498.0,0.98318654
3,52,2,2498.0,2498.0,1.0
3,53,0,1881.0,2568.0,0.73247665
3,53,1,2456.0,2568.0,0.95638627
3,53,2,2568.0,2568.0,1.0
3,54,0,1881.0,2608.0,0.7212423
3,54,1,2608.0,2608.0,1.0
3,54,2,2568.0,2608.0,0.9846626
3,55,0,1881.0,2643.0,0.71169126
3,55,1,2643.0,2643.0,1.0
3,55,2,2568.0,2643.0,0.9716232
3,56,0,1881.0,2678.0,0.70238984
3,56,1,2678.0,2678.0,1.0
3,56,2,2568.0,2678.0,0.9589246
3,57,0,1881.0,2751.0,0.68375134
3,57,1,2678.0,2751.0,0.9734642
3,57,2,2751.0,2751.0,1.0
3,58,0,1881.0,2789.0,0.67443526
3,58,1,2789.0,2789.0,1.0
3,58,2,2751.0,2789.0,0.98637503
3,59,0,1881.0,2822.0,0.66654855
3,59,1,2822.0,2822.0,1.0
3,59,2,2751.0,2822.0,0.9748405
3,60,0,2881.0,2881.0,1.0
3,60,1,2822.0,2881.0,0.979521
3,60,2,2751.0,2881.0,0.9548768
3,61,0,2881.0,2924.0,0.9852941
3,61,1,2924.0,2924.0,1.0
3,61,2,2751.0,2924.0,0.94083446
3,62,0,2881.0,2974.0,0.96872896
3,62,1,2974.0,2974.0,1.0
3,62,2,2751.0,2974.0,0.9250168
3,63,0,2881.0,3016.0,0.9552387
3,63,1,3016.0,3016.0,1.0
3,63,2,2751.0,3016.0,0.9121353
3,64,0,2881.0,3048.0,0.94521
3,64,1,3048.0,3048.0,1.0
3,64,2,2751.0,3048.0,0.90255904
3,65,0,2881.0,3083.0,0.9344794
3,65,1,3083.0,3083.0,1.0
3,65,2,2751.0,3083.0,0.8923127
3,66,0,2881.0,3114.0,0.9251766
3,66,1,3114.0,3114.0,1.0
3,66,2,2751.0,3114.0,0.88342965
3,67,0,2881.0,3147.0,0.9154751
3,67,1,3147.0,3147.0,1.0
3,67,2,2751.0,3147.0,0.8741659
3,68,0,2881.0,3182.0,0.9054054
3,68,1,3182.0,3182.0,1.0
3,68,2,2751.0,3182.0,0.8645506
3,69,0,2881.0,3215.0,0.89611197
3,69,1,3215.0,3215.0,1.0
3,69,2,2751.0,3215.0,0.85567653
3,70,0,2881.0,3252.0,0.88591635
3,70,1,3252.0,3252.0,1.0
3,70,2,2751.0,3252.0,0.84594095
3,71,0,2881.0,3288.0,0.87621653
3,71,1,3288.0,3288.0,1.0
3,71,2,2751.0,3288.0,0.8366788
3,72,0,2881.0,3361.0,0.85718536
3,72,1,3288.0,3361.0,0.97828025
3,72,2,3361.0,3361.0,1.0
3,73,0,2881.0,3418.0,0.84289056
3,73,1,3288.0,3418.0,0.96196604
3,73,2,3418.0,3418.0,1.0
3,74,0,2881.0,3474.0,0.8293034
3,74,1,3288.0,3474.0,0.9464594
3,74,2,3474.0,3474.0,1.0
3,75,0,2881.0,3506.0,0.8217342
3,75,1,3506.0,3506.0,1.0
3,75,2,3474.0,3506.0,0.9908728
3,76,0,2881.0,3546.0,0.8124648
3,76,1,3546.0,3546.0,1.0
3,76,2,3474.0,3546.0,0.97969544
3,77,0,2881.0,3587.0,0.80317813
3,77,1,3587.0,3587.0,1.0
3,77,2,3474.0,3587.0,0.96849734
3,78,0,2881.0,3624.0,0.7949779
3,78,1,3587.0,3624.0,0.98979026
3,78,2,3624.0,3624.0,1.0
3,79,0,2881.0,3666.0,0.78587013
3,79,1,3587.0,3666.0,0.97845066
3,79,2,3666.0,3666.0,1.0
3,80,0,2881.0,3716.0,0.77529603
3,80,1,3716.0,3716.0,1.0
3,80,2,3666.0,3716.0,0.98654467
3,81,0,3759.0,3759.0,1.0
3,81,1,3716.0,3759.0,0.9885608
3,81,2,3666.0,3759.0,0.97525936
3,82,0,3759.0,3796.0,0.9902529
3,82,1,3716.0,3796.0,0.97892517
3,82,2,3796.0,3796.0,1.0
3,83,0,3759.0,3857.0,0.9745917
3,83,1,3716.0,3857.0,0.9634431
3,83,2,3857.0,3857.0,1.0
3,84,0,3759.0,3891.0,0.96607554
3,84,1,3891.0,3891.0,1.0
3,84,2,3857.0,3891.0,0.9912619
3,85,0,3759.0,3923.0,0.95819527
3,85,1,3923.0,3923.0,1.0
3,85,2,3857.0,3923.0,0.9831761
3,86,0,3759.0,3988.0,0.9425777
3,86,1,3923.0,3988.0,0.9837011
3,86,2,3988.0,3988.0,1.0
3,87,0,3759.0,4033.0,0.9320605
3,87,1,4033.0,4033.0,1.0
3,87,2,3988.0,4033.0,0.98884207
3,88,0,3759.0,4078.0,0.9217754
3,88,1,4033.0,4078.0,0.98896515
3,88,2,4078.0,4078.0,1.0
3,89,0,3759.0,4117.0,0.9130435
3,89,1,4117.0,4117.0,1.0
3,89,2,4078.0,4117.0,0.9905271
3,90,0,3759.0,4186.0,0.8979933
3,90,1,4117.0,4186.0,0.98351645
3,90,2,4186.0,4186.0,1.0
3,91,0,3759.0,4227.0,0.8892832
3,91,1,4117.0,4227.0,0.9739768
3,91,2,4227.0,4227.0,1.0
3,92,0,3759.0,4257.0,0.8830162
3,92,1,4257.0,4257.0,1.0
3,92,2,4227.0,4257.0,0.99295276
3,93,0,3759.0,4300.0,0.87418604
3,93,1,4300.0,4300.0,1.0
3,93,2,4227.0,4300.0,0.9830232
3,94,0,3759.0,4344.0,0.8653315
3,94,1,4344.0,4344.0,1.0
3,94,2,4227.0,4344.0,0.9730663
3,95,0,3759.0,4398.0,0.8547067
3,95,1,4344.0,4398.0,0.9877217
3,95,2,4398.0,4398.0,1.0
3,96,0,3759.0,4438.0,0.84700316
3,96,1,4344.0,4438.0,0.9788193
3,96,2,4438.0,4438.0,1.0
3,97,0,4519.0,4519.0,1.0
3,97,1,4344.0,4519.0,0.9612746
3,97,2,4438.0,4519.0,0.9820757
3,98,0,4519.0,4555.0,0.9920966
3,98,1,4344.0,4555.0,0.9536773
3,98,2,4555.0,4555.0,1.0
3,99,0,4519.0,4589.0,0.98474616
3,99,1,4589.0,4589.0,1.0
3,99,2,4555.0,4589.0,0.99259096
3,100,0,4519.0,4632.0,0.9756045
3,100,1,4632.0,4632.0,1.0
3,100,2,4555.0,4632.0,0.9833765
3,101,0,4519.0,4693.0,0.9629235
3,101,1,4632.0,4693.0,0.9870019
3,101,2,4693.0,4693.0,1.0
3,102,0,4519.0,4766.0,0.9481746
3,102,1,4632.0,4766.0,0.9718842
3,102,2,4766.0,4766.0,1.0
3,103,0,4519.0,4840.0,0.9336777
3,103,1,4632.0,4840.0,0.9570248
3,103,2,4840.0,4840.0,1.0
3,104,0,4519.0,4873.0,0.9273548
3,104,1,4632.0,4873.0,0.9505438
3,104,2,4873.0,4873.0,1.0
3,105,0,4519.0,4941.0,0.9145922
3,105,1,4632.0,4941.0,0.93746203
3,105,2,4941.0,4941.0,1.0
3,106,0,4519.0,4978.0,0.9077943
3,106,1,4978.0,4978.0,1.0
3,106,2,4941.0,4978.0,0.9925673
3,107,0,4519.0,5020.0,0.9001992
3,107,1,5020.0,5020.0,1.0
3,107,2,4941.0,5020.0,0.98426294
3,108,0,4519.0,5056.0,0.8937895
3,108,1,5056.0,5056.0,1.0
3,108,2,4941.0,5056.0,0.97725475
3,109,0,4519.0,5098.0,0.88642603
3,109,1,5098.0,5098.0,1.0
3,109,2,4941.0,5098.0,0.9692036
3,110,0,4519.0,5138.0,0.8795251
3,110,1,5098.0,5138.0,0.99221486
3,110,2,5138.0,5138.0,1.0
3,111,0,4519.0,5175.0,0.8732367
3,111,1,5098.0,5175.0,0.9851208
3,111,2,5175.0,5175.0,1.0
3,112,0,4519.0,5239.0,0.8625692
3,112,1,5098.0,5239.0,0.9730865
3,112,2,5239.0,5239.0,1.0
3,113,0,4519.0,5307.0,0.85151684
3,113,1,5098.0,5307.0,0.9606181
3,113,2,5307.0,5307.0,1.0
3,114,0,4519.0,5356.0,0.84372663
3,114,1,5356.0,5356.0,1.0
3,114,2,5307.0,5356.0,0.9908514
3,115,0,4519.0,5394.0,0.83778274
3,115,1,5394.0,5394.0,1.0
3,115,2,5307.0,5394.0,0.983871
3,116,0,4519.0,5427.0,0.8326884
3,116,1,5427.0,5427.0,1.0
3,116,2,5307.0,5427.0,0.97788835
3,117,0,4519.0,5464.0,0.8270498
3,117,1,5464.0,5464.0,1.0
3,117,2,5307.0,5464.0,0.97126645
3,118,0,4519.0,5506.0,0.820741
3,118,1,5506.0,5506.0,1.0
3,118,2,5307.0,5506.0,0.9638576
3,119,0,4519.0,5547.0,0.8146746
3,119,1,5547.0,5547.0,1.0
3,119,2,5307.0,5547.0,0.95673335
3,120,0,4519.0,5597.0,0.8073968
3,120,1,5597.0,5597.0,1.0
3,120,2,5307.0,5597.0,0.9481865
3,121,0,4519.0,5642.0,0.8009571
3,121,1,5642.0,5642.0,1.0
3,121,2,5307.0,5642.0,0.9406239
3,122,0,4519.0,5702.0,0.7925289
3,122,1,5642.0,5702.0,0.9894774
3,122,2,5702.0,5702.0,1.0
3,123,0,4519.0,5748.0,0.7861865
3,123,1,5748.0,5748.0,1.0
3,123,2,5702.0,5748.0,0.99199724
3,124,0,4519.0,5796.0,0.77967566
3,124,1,5796.0,5796.0,1.0
3,124,2,5702.0,5796.0,0.98378193
3,125,0,4519.0,5831.0,0.7749957
3,125,1,5831.0,5831.0,1.0
3,125,2,5702.0,5831.0,0.97787684
3,126,0,4519.0,5880.0,0.7685374
3,126,1,5880.0,5880.0,1.0
3,126,2,5702.0,5880.0,0.9697279
3,127,0,4519.0,5930.0,0.76205736
3,127,1,5930.0,5930.0,1.0
3,127,2,5702.0,5930.0,0.9615514
3,128,0,4519.0,5980.0,0.7556856
3,128,1,5980.0,5980.0,1.0
3,128,2,5702.0,5980.0,0.9535117
3,129,0,4519.0,6030.0,0.74941957
3,129,1,6030.0,6030.0,1.0
3,129,2,5702.0,6030.0,0.9456053
3,130,0,4519.0,6072.0,0.7442358
3,130,1,6072.0,6072.0,1.0
3,130,2,5702.0,6072.0,0.93906456
3,131,0,4519.0,6116.0,0.73888165
3,131,1,6116.0,6116.0,1.0
3,131,2,5702.0,6116.0,0.9323087
3,132,0,4519.0,6157.0,0.73396134
3,132,1,6157.0,6157.0,1.0
3,132,2,5702.0,6157.0,0.9261004
3,133,0,4519.0,6205.0,0.72828364
3,133,1,6205.0,6205.0,1.0
3,133,2,5702.0,6205.0,0.9189363
3,134,0,4519.0,6247.0,0.72338724
3,134,1,6247.0,6247.0,1.0
3,134,2,5702.0,6247.0,0.9127581
4,1,0,26.0,26.0,1.0
4,1,1,0.0,26.0,0.0
4,1,2,0.0,26.0,0.0
4,2,0,87.0,87.0,1.0
4,2,1,0.0,87.0,0.0
4,2,2,0.0,87.0,0.0
4,3,0,168.0,168.0,1.0
4,3,1,0.0,168.0,0.0
4,3,2,0.0,168.0,0.0
4,4,0,240.0,240.0,1.0
4,4,1,0.0,240.0,0.0
4,4,2,0.0,240.0,0.0
4,5,0,298.0,298.0,1.0
4,5,1,0.0,298.0,0.0
4,5,2,0.0,298.0,0.0
4,6,0,298.0,311.0,0.9581994
4,6,1,311.0,311.0,1.0
4,6,2,0.0,311.0,0.0
4,7,0,355.0,355.0,1.0
4,7,1,311.0,355.0,0.8760563
4,7,2,0.0,355.0,0.0
4,8,0,411.0,411.0,1.0
4,8,1,311.0,411.0,0.756691
4,8,2,0.0,411.0,0.0
4,9,0,473.0,473.0,1.0
4,9,1,311.0,473.0,0.6575053
4,9,2,0.0,473.0,0.0
4,10,0,553.0,553.0,1.0
4,10,1,311.0,553.0,0.562387
4,10,2,0.0,553.0,0.0
4,11,0,594.0,594.0,1.0
4,11,1,311.0,594.0,0.52356905
4,11,2,0.0,594.0,0.0
4,12,0,594.0,634.0,0.93690854
4,12,1,634.0,634.0,1.0
4,12,2,0.0,634.0,0.0
4,13,0,594.0,674.0,0.88130563
4,13,1,674.0,674.0,1.0
4,13,2,0.0,674.0,0.0
4,14,0,594.0,707.0,0.8401697
4,14,1,707.0,707.0,1.0
4,14,2,0.0,707.0,0.0
4,15,0,766.0,766.0,1.0
4,15,1,707.0,766.0,0.9229765
4,15,2,0.0,766.0,0.0
4,16,0,766.0,805.0,0.9515528
4,16,1,707.0,805.0,0.87826085
4,16,2,805.0,805.0,1.0
4,17,0,766.0,850.0,0.90117645
4,17,1,850.0,850.0,1.0
4,17,2,805.0,850.0,0.9470588
4,18,0,766.0,892.0,0.8587444
4,18,1,892.0,892.0,1.0
4,18,2,805.0,892.0,0.90246636
4,19,0,967.0,967.0,1.0
4,19,1,892.0,967.0,0.9224405
4,19,2,805.0,967.0,0.83247155
4,20,0,967.0,1011.0,0.9564787
4,20,1,892.0,1011.0,0.8822948
4,20,2,1011.0,1011.0,1.0
4,21,0,967.0,1045.0,0.92535883
4,21,1,892.0,1045.0,0.8535885
4,21,2,1045.0,1045.0,1.0
4,22,0,967.0,1101.0,0.87829244
4,22,1,892.0,1101.0,0.81017256
4,22,2,1101.0,1101.0,1.0
4,23,0,1156.0,1156.0,1.0
4,23,1,892.0,1156.0,0.7716263
4,23,2,1101.0,1156.0,0.95242214
4,24,0,1156.0,1221.0,0.94676495
4,24,1,892.0,1221.0,0.73054874
4,24,2,1221.0,1221.0,1.0
4,25,0,1156.0,1251.0,0.92406076
4,25,1,1251.0,1251.0,1.0
4,25,2,1221.0,1251.0,0.9760192
4,26,0,1316.0,1316.0,1.0
4,26,1,1251.0,1316.0,0.9506079
4,26,2,1221.0,1316.0,0.92781156
4,27,0,1316.0,1353.0,0.9726534
4,27,1,1353.0,1353.0,1.0
4,27,2,1221.0,1353.0,0.902439
4,28,0,1316.0,1384.0,0.95086706
4,28,1,1384.0,1384.0,1.0
4,28,2,1221.0,1384.0,0.88222545
4,29,0,1449.0,1449.0,1.0
4,29,1,1384.0,1449.0,0.9551415
4,29,2,1221.0,1449.0,0.8426501
4,30,0,1449.0,1492.0,0.9711796
4,30,1,1384.0,1492.0,0.9276139
4,30,2,1492.0,1492.0,1.0
4,31,0,1566.0,1566.0,1.0
4,31,1,1384.0,1566.0,0.88378036
4,31,2,1492.0,1566.0,0.95274585
4,32,0,1566.0,1606.0,0.9750934
4,32,1,1606.0,1606.0,1.0
4,32,2,1492.0,1606.0,0.9290162
4,33,0,1566.0,1641.0,0.9542962
4,33,1,1641.0,1641.0,1.0
4,33,2,1492.0,1641.0,0.9092017
4,34,0,1566.0,1682.0,0.9310345
4,34,1,1682.0,1682.0,1.0
4,34,2,1492.0,1682.0,0.88703924
4,35,0,1566.0,1735.0,0.9025937
4,35,1,1682.0,1735.0,0.96945244
4,35,2,1735.0,1735.0,1.0
4,36,0,1566.0,1779.0,0.8802698
4,36,1,1779.0,1779.0,1.0
4,36,2,1735.0,1779.0,0.975267
4,37,0,1566.0,1817.0,0.8618602
4,37,1,1817.0,1817.0,1.0
4,37,2,1735.0,1817.0,0.95487064
4,38,0,1566.0,1850.0,0.8464865
4,38,1,1850.0,1850.0,1.0
4,38,2,1735.0,1850.0,0.93783784
4,39,0,1566.0,1923.0,0.8143526
4,39,1,1850.0,1923.0,0.96203846
4,39,2,1923.0,1923.0,1.0
4,40,0,1566.0,1966.0,0.7965412
4,40,1,1966.0,1966.0,1.0
4,40,2,1923.0,1966.0,0.9781282
4,41,0,1566.0,1997.0,0.7841763
4,41,1,1997.0,1997.0,1.0
4,41,2,1923.0,1997.0,0.9629444
4,42,0,2073.0,2073.0,1.0
4,42,1,1997.0,2073.0,0.96333814
4,42,2,1923.0,2073.0,0.9276411
4,43,0,2073.0,2123.0,0.9764484
4,43,1,2123.0,2123.0,1.0
4,43,2,1923.0,2123.0,0.90579367
4,44,0,2073.0,2178.0,0.95179063
4,44,1,2123.0,2178.0,0.9747475
4,44,2,2178.0,2178.0,1.0
4,45,0,2073.0,2215.0,0.9358916
4,45,1,2123.0,2215.0,0.95846504
4,45,2,2215.0,2215.0,1.0
4,46,0,2073.0,2272.0,0.912412
4,46,1,2123.0,2272.0,0.93441904
4,46,2,2272.0,2272.0,1.0
4,47,0,2073.0,2307.0,0.8985696
4,47,1,2307.0,2307.0,1.0
4,47,2,2272.0,2307.0,0.98482877
4,48,0,2385.0,2385.0,1.0
4,48,1,2307.0,2385.0,0.9672956
4,48,2,2272.0,2385.0,0.95262057
4,49,0,2385.0,2421.0,0.98513013
4,49,1,2421.0,2421.0,1.0
4,49,2,2272.0,2421.0,0.93845516
4,50,0,2385.0,2456.0,0.9710912
4,50,1,2456.0,2456.0,1.0
4,50,2,2272.0,2456.0,0.92508143
4,51,0,2385.0,2512.0,0.9494427
4,51,1,2456.0,2512.0,0.977707
4,51,2,2512.0,2512.0,1.0
4,52,0,2385.0,2544.0,0.9375
4,52,1,2544.0,2544.0,1.0
4,52,2,2512.0,2544.0,0.9874214
4,53,0,2385.0,2583.0,0.92334497
4,53,1,2544.0,2583.0,0.98490125
4,53,2,2583.0,2583.0,1.0
4,54,0,2385.0,2619.0,0.91065294
4,54,1,2544.0,2619.0,0.9713631
4,54,2,2619.0,2619.0,1.0
4,55,0,2385.0,2659.0,0.89695376
4,55,1,2544.0,2659.0,0.95675063
4,55,2,2659.0,2659.0,1.0
4,56,0,2385.0,2702.0,0.8826795
4,56,1,2702.0,2702.0,1.0
4,56,2,2659.0,2702.0,0.98408586
4,57,0,2385.0,2771.0,0.86070013
4,57,1,2702.0,2771.0,0.97509927
4,57,2,2771.0,2771.0,1.0
4,58,0,2842.0,2842.0,1.0
4,58,1,2702.0,2842.0,0.9507389
4,58,2,2771.0,2842.0,0.9750176
4,59,0,2842.0,2875.0,0.98852175
4,59,1,2875.0,2875.0,1.0
4,59,2,2771.0,2875.0,0.96382606
4,60,0,2842.0,2911.0,0.9762968
4,60,1,2911.0,2911.0,1.0
4,60,2,2771.0,2911.0,0.95190656
4,61,0,2842.0,2955.0,0.96175975
4,61,1,2911.0,2955.0,0.98511
4,61,2,2955.0,2955.0,1.0
4,62,0,2842.0,2998.0,0.9479653
4,62,1,2998.0,2998.0,1.0
4,62,2,2955.0,2998.0,0.9856571
4,63,0,2842.0,3034.0,0.9367172
4,63,1,3034.0,3034.0,1.0
4,63,2,2955.0,3034.0,0.9739618
4,64,0,2842.0,3079.0,0.923027
4,64,1,3034.0,3079.0,0.9853849
4,64,2,3079.0,3079.0,1.0
4,65,0,2842.0,3152.0,0.9016498
4,65,1,3034.0,3152.0,0.96256346
4,65,2,3152.0,3152.0,1.0
4,66,0,2842.0,3207.0,0.8861865
4,66,1,3034.0,3207.0,0.94605553
4,66,2,3207.0,3207.0,1.0
4,67,0,2842.0,3244.0,0.8760789
4,67,1,3244.0,3244.0,1.0
4,67,2,3207.0,3244.0,0.98859435
4,68,0,2842.0,3290.0,0.8638298
4,68,1,3290.0,3290.0,1.0
4,68,2,3207.0,3290.0,0.97477204
4,69,0,2842.0,3327.0,0.854223
4,69,1,3290.0,3327.0,0.98887885
4,69,2,3327.0,3327.0,1.0
4,70,0,2842.0,3378.0,0.84132624
4,70,1,3290.0,3378.0,0.9739491
4,70,2,3378.0,3378.0,1.0
4,71,0,2842.0,3412.0,0.83294255
4,71,1,3412.0,3412.0,1.0
4,71,2,3378.0,3412.0,0.9900352
4,72,0,2842.0,3453.0,0.8230524
4,72,1,3412.0,3453.0,0.9881263
4,72,2,3453.0,3453.0,1.0
4,73,0,2842.0,3491.0,0.8140934
4,73,1,3491.0,3491.0,1.0
4,73,2,3453.0,3491.0,0.9891149
4,74,0,2842.0,3529.0,0.8053273
4,74,1,3529.0,3529.0,1.0
4,74,2,3453.0,3529.0,0.9784641
4,75,0,2842.0,3561.0,0.7980904
4,75,1,3561.0,3561.0,1.0
4,75,2,3453.0,3561.0,0.9696714
4,76,0,2842.0,3599.0,0.7896638
4,76,1,3599.0,3599.0,1.0
4,76,2,3453.0,3599.0,0.9594332
4,77,0,2842.0,3649.0,0.7788435
4,77,1,3649.0,3649.0,1.0
4,77,2,3453.0,3649.0,0.9462867
4,78,0,2842.0,3684.0,0.7714441
4,78,1,3684.0,3684.0,1.0
4,78,2,3453.0,3684.0,0.9372964
4,79,0,2842.0,3726.0,0.76274824
4,79,1,3726.0,3726.0,1.0
4,79,2,3453.0,3726.0,0.92673105
4,80,0,2842.0,3763.0,0.7552485
4,80,1,3763.0,3763.0,1.0
4,80,2,3453.0,3763.0,0.91761893
4,81,0,2842.0,3829.0,0.74223036
4,81,1,3763.0,3829.0,0.9827631
4,81,2,3829.0,3829.0,1.0
4,82,0,2842.0,3889.0,0.7307791
4,82,1,3763.0,3889.0,0.96760094
4,82,2,3889.0,3889.0,1.0
4,83,0,2842.0,3926.0,0.723892
4,83,1,3763.0,3926.0,0.9584819
4,83,2,3926.0,3926.0,1.0
4,84,0,2842.0,4000.0,0.7105
4,84,1,3763.0,4000.0,0.94075
4,84,2,4000.0,4000.0,1.0
4,85,0,2842.0,4033.0,0.70468634
4,85,1,3763.0,4033.0,0.9330523
4,85,2,4033.0,4033.0,1.0
4,86,0,2842.0,4075.0,0.69742334
4,86,1,4075.0,4075.0,1.0
4,86,2,4033.0,4075.0,0.9896932
4,87,0,2842.0,4116.0,0.6904762
4,87,1,4116.0,4116.0,1.0
4,87,2,4033.0,4116.0,0.9798348
4,88,0,2842.0,4149.0,0.6849843
4,88,1,4149.0,4149.0,1.0
4,88,2,4033.0,4149.0,0.9720414
4,89,0,2842.0,4184.0,0.6792543
4,89,1,4149.0,4184.0,0.9916348
4,89,2,4184.0,4184.0,1.0
4,90,0,2842.0,4216.0,0.6740987
4,90,1,4216.0,4216.0,1.0
4,90,2,4184.0,4216.0,0.9924099
4,91,0,2842.0,4256.0,0.6677632
4,91,1,4256.0,4256.0,1.0
4,91,2,4184.0,4256.0,0.9830827
4,92,0,2842.0,4305.0,0.6601626
4,92,1,4305.0,4305.0,1.0
4,92,2,4184.0,4305.0,0.97189313
4,93,0,2842.0,4354.0,0.65273315
4,93,1,4305.0,4354.0,0.988746
4,93,2,4354.0,4354.0,1.0
4,94,0,2842.0,4423.0,0.6425503
4,94,1,4305.0,4423.0,0.97332126
4,94,2,4423.0,4423.0,1.0
4,95,0,4486.0,4486.0,1.0
4,95,1,4305.0,4486.0,0.95965225
4,95,2,4423.0,4486.0,0.9859563
4,96,0,4486.0,4527.0,0.99094325
4,96,1,4527.0,4527.0,1.0
4,96,2,4423.0,4527.0,0.9770267
4,97,0,4486.0,4557.0,0.9844196
4,97,1,4557.0,4557.0,1.0
4,97,2,4423.0,4557.0,0.9705947
4,98,0,4486.0,4590.0,0.97734207
4,98,1,4590.0,4590.0,1.0
4,98,2,4423.0,4590.0,0.96361655
4,99,0,4486.0,4635.0,0.9678533
4,99,1,4635.0,4635.0,1.0
4,99,2,4423.0,4635.0,0.95426106
4,100,0,4486.0,4680.0,0.958547
4,100,1,4680.0,4680.0,1.0
4,100,2,4423.0,4680.0,0.94508547
4,101,0,4486.0,4717.0,0.95102817
4,101,1,4717.0,4717.0,1.0
4,101,2,4423.0,4717.0,0.93767226
4,102,0,4486.0,4777.0,0.9390831
4,102,1,4717.0,4777.0,0.9874398
4,102,2,4777.0,4777.0,1.0
4,103,0,4486.0,4821.0,0.93051237
4,103,1,4821.0,4821.0,1.0
4,103,2,4777.0,4821.0,0.9908733
4,104,0,4486.0,4864.0,0.9222862
4,104,1,4864.0,4864.0,1.0
4,104,2,4777.0,4864.0,0.9821135
4,105,0,4486.0,4906.0,0.91439056
4,105,1,4906.0,4906.0,1.0
4,105,2,4777.0,4906.0,0.97370565
4,106,0,4486.0,4947.0,0.9068122
4,106,1,4906.0,4947.0,0.99171215
4,106,2,4947.0,4947.0,1.0
4,107,0,4486.0,4990.0,0.898998
4,107,1,4990.0,4990.0,1.0
4,107,2,4947.0,4990.0,0.9913828
4,108,0,4486.0,5040.0,0.8900794
4,108,1,4990.0,5040.0,0.99007934
4,108,2,5040.0,5040.0,1.0
4,109,0,4486.0,5074.0,0.8841151
4,109,1,5074.0,5074.0,1.0
4,109,2,5040.0,5074.0,0.9932992
4,110,0,4486.0,5120.0,0.8761719
4,110,1,5120.0,5120.0,1.0
4,110,2,5040.0,5120.0,0.984375
4,111,0,4486.0,5170.0,0.86769825
4,111,1,5170.0,5170.0,1.0
4,111,2,5040.0,5170.0,0.97485495
4,112,0,4486.0,5220.0,0.859387
4,112,1,5220.0,5220.0,1.0
4,112,2,5040.0,5220.0,0.9655172
4,113,0,4486.0,5269.0,0.85139495
4,113,1,5269.0,5269.0,1.0
4,113,2,5040.0,5269.0,0.95653826
4,114,0,4486.0,5311.0,0.844662
4,114,1,5269.0,5311.0,0.9920919
4,114,2,5311.0,5311.0,1.0
4,115,0,4486.0,5384.0,0.8332095
4,115,1,5269.0,5384.0,0.97864044
4,115,2,5384.0,5384.0,1.0
4,116,0,4486.0,5424.0,0.8270649
4,116,1,5424.0,5424.0,1.0
4,116,2,5384.0,5424.0,0.99262536
4,117,0,4486.0,5492.0,0.8168245
4,117,1,5424.0,5492.0,0.9876183
4,117,2,5492.0,5492.0,1.0
4,118,0,4486.0,5556.0,0.8074154
4,118,1,5424.0,5556.0,0.9762419
4,118,2,5556.0,5556.0,1.0
4,119,0,4486.0,5600.0,0.8010714
4,119,1,5600.0,5600.0,1.0
4,119,2,5556.0,5600.0,0.99214286
4,120,0,4486.0,5643.0,0.79496723
4,120,1,5643.0,5643.0,1.0
4,120,2,5556.0,5643.0,0.98458266
4,121,0,4486.0,5693.0,0.78798527
4,121,1,5693.0,5693.0,1.0
4,121,2,5556.0,5693.0,0.97593534
4,122,0,4486.0,5741.0,0.781397
4,122,1,5741.0,5741.0,1.0
4,122,2,5556.0,5741.0,0.96777564
4,123,0,4486.0,5784.0,0.77558786
4,123,1,5784.0,5784.0,1.0
4,123,2,5556.0,5784.0,0.9605809
4,124,0,4486.0,5826.0,0.7699966
4,124,1,5826.0,5826.0,1.0
4,124,2,5556.0,5826.0,0.953656
4,125,0,4486.0,5868.0,0.76448536
4,125,1,5826.0,5868.0,0.99284256
4,125,2,5868.0,5868.0,1.0
4,126,0,4486.0,5924.0,0.7572586
4,126,1,5826.0,5924.0,0.98345715
4,126,2,5924.0,5924.0,1.0
4,127,0,4486.0,5959.0,0.7528109
4,127,1,5959.0,5959.0,1.0
4,127,2,5924.0,5959.0,0.99412656
4,128,0,4486.0,5999.0,0.7477913
4,128,1,5959.0,5999.0,0.9933322
4,128,2,5999.0,5999.0,1.0
4,129,0,4486.0,6041.0,0.7425923
4,129,1,6041.0,6041.0,1.0
4,129,2,5999.0,6041.0,0.99304754
4,130,0,4486.0,6109.0,0.7343264
4,130,1,6041.0,6109.0,0.9888689
4,130,2,6109.0,6109.0,1.0
4,131,0,4486.0,6144.0,0.73014325
4,131,1,6144.0,6144.0,1.0
4,131,2,6109.0,6144.0,0.9943034
4,132,0,4486.0,6194.0,0.72424924
4,132,1,6194.0,6194.0,1.0
4,132,2,6109.0,6194.0,0.98627704
4,133,0,4486.0,6235.0,0.7194868
4,133,1,6235.0,6235.0,1.0
4,133,2,6109.0,6235.0,0.9797915
4,134,0,4486.0,6277.0,0.7146726
4,134,1,6277.0,6277.0,1.0
4,134,2,6109.0,6277.0,0.9732356
5,1,0,34.0,34.0,1.0
5,1,1,0.0,34.0,0.0
5,1,2,0.0,34.0,0.0
5,2,0,100.0,100.0,1.0
5,2,1,0.0,100.0,0.0
5,2,2,0.0,100.0,0.0
5,3,0,175.0,175.0,1.0
5,3,1,0.0,175.0,0.0
5,3,2,0.0,175.0,0.0
5,4,0,175.0,198.0,0.88383836
5,4,1,198.0,198.0,1.0
5,4,2,0.0,198.0,0.0
5,5,0,255.0,255.0,1.0
5,5,1,198.0,255.0,0.7764706
5,5,2,0.0,255.0,0.0
5,6,0,314.0,314.0,1.0
5,6,1,198.0,314.0,0.6305733
5,6,2,0.0,314.0,0.0
5,7,0,370.0,370.0,1.0
5,7,1,198.0,370.0,0.53513515
5,7,2,0.0,370.0,0.0
5,8,0,370.0,400.0,0.925
5,8,1,400.0,400.0,1.0
5,8,2,0.0,400.0,0.0
5,9,0,370.0,445.0,0.83146065
5,9,1,445.0,445.0,1.0
5,9,2,0.0,445.0,0.0
5,10,0,521.0,521.0,1.0
5,10,1,445.0,521.0,0.8541267
5,10,2,0.0,521.0,0.0
5,11,0,576.0,576.0,1.0
5,11,1,445.0,576.0,0.7725694
5,11,2,0.0,576.0,0.0
5,12,0,576.0,600.0,0.96
5,12,1,445.0,600.0,0.7416667
5,12,2,600.0,600.0,1.0
5,13,0,576.0,649.0,0.88751924
5,13,1,445.0,649.0,0.68567026
5,13,2,649.0,649.0,1.0
5,14,0,576.0,694.0,0.8299712
5,14,1,694.0,694.0,1.0
5,14,2,649.0,694.0,0.9351585
5,15,0,756.0,756.0,1.0
5,15,1,694.0,756.0,0.91798943
5,15,2,649.0,756.0,0.8584656
5,16,0,756.0,798.0,0.94736844
5,16,1,798.0,798.0,1.0
5,16,2,649.0,798.0,0.8132832
5,17,0,756.0,841.0,0.89892983
5,17,1,798.0,841.0,0.9488704
5,17,2,841.0,841.0,1.0
5,18,0,919.0,919.0,1.0
5,18,1,798.0,919.0,0.8683351
5,18,2,841.0,919.0,0.91512513
5,19,0,919.0,950.0,0.9673684
5,19,1,950.0,950.0,1.0
5,19,2,841.0,950.0,0.88526314
5,20,0,919.0,991.0,0.9273461
5,20,1,991.0,991.0,1.0
5,20,2,841.0,991.0,0.84863776
5,21,0,919.0,1031.0,0.8913676
5,21,1,1031.0,1031.0,1.0
5,21,2,841.0,1031.0,0.8157129
5,22,0,919.0,1064.0,0.8637218
5,22,1,1064.0,1064.0,1.0
5,22,2,841.0,1064.0,0.79041356
5,23,0,919.0,1103.0,0.8331822
5,23,1,1064.0,1103.0,0.96464187
5,23,2,1103.0,1103.0,1.0
5,24,0,919.0,1141.0,0.8054338
5,24,1,1141.0,1141.0,1.0
5,24,2,1103.0,1141.0,0.9666959
5,25,0,919.0,1185.0,0.7755274
5,25,1,1185.0,1185.0,1.0
5,25,2,1103.0,1185.0,0.9308017
5,26,0,919.0,1235.0,0.74412954
5,26,1,1235.0,1235.0,1.0
5,26,2,1103.0,1235.0,0.8931174
5,27,0,1278.0,1278.0,1.0
5,27,1,1235.0,1278.0,0.96635365
5,27,2,1103.0,1278.0,0.86306727
5,28,0,1344.0,1344.0,1.0
5,28,1,1235.0,1344.0,0.9188988
5,28,2,1103.0,1344.0,0.82068455
5,29,0,1415.0,1415.0,1.0
5,29,1,1235.0,1415.0,0.8727915
5,29,2,1103.0,1415.0,0.7795053
5,30,0,1415.0,1471.0,0.96193063
5,30,1,1235.0,1471.0,0.8395649
5,30,2,1471.0,1471.0,1.0
5,31,0,1415.0,1524.0,0.9284777
5,31,1,1235.0,1524.0,0.81036747
5,31,2,1524.0,1524.0,1.0
5,32,0,1415.0,1555.0,0.90996784
5,32,1,1555.0,1555.0,1.0
5,32,2,1524.0,1555.0,0.98006433
5,33,0,1415.0,1592.0,0.8888191
5,33,1,1592.0,1592.0,1.0
5,33,2,1524.0,1592.0,0.9572864
5,34,0,1415.0,1625.0,0.8707692
5,34,1,1625.0,1625.0,1.0
5,34,2,1524.0,1625.0,0.9378461
5,35,0,1415.0,1669.0,0.84781307
5,35,1,1625.0,1669.0,0.9736369
5,35,2,1669.0,1669.0,1.0
5,36,0,1415.0,1712.0,0.8265187
5,36,1,1712.0,1712.0,1.0
5,36,2,1669.0,1712.0,0.9748832
5,37,0,1415.0,1747.0,0.80995995
5,37,1,1747.0,1747.0,1.0
5,37,2,1669.0,1747.0,0.955352
5,38,0,1415.0,1784.0,0.79316145
5,38,1,1747.0,1784.0,0.9792601
5,38,2,1784.0,1784.0,1.0
5,39,0,1415.0,1817.0,0.7787562
5,39,1,1817.0,1817.0,1.0
5,39,2,1784.0,1817.0,0.98183817
5,40,0,1415.0,1853.0,0.7636266
5,40,1,1817.0,1853.0,0.98057204
5,40,2,1853.0,1853.0,1.0
5,41,0,1415.0,1890.0,0.74867725
5,41,1,1890.0,1890.0,1.0
5,41,2,1853.0,1890.0,0.9804233
5,42,0,1415.0,1963.0,0.72083545
5,42,1,1890.0,1963.0,0.962812
5,42,2,1963.0,1963.0,1.0
5,43,0,1415.0,2033.0,0.6960157
5,43,1,1890.0,2033.0,0.9296606
5,43,2,2033.0,2033.0,1.0
5,44,0,1415.0,2073.0,0.6825856
5,44,1,1890.0,2073.0,0.9117221
5,44,2,2073.0,2073.0,1.0
5,45,0,1415.0,2129.0,0.6646313
5,45,1,1890.0,2129.0,0.88774073
5,45,2,2129.0,2129.0,1.0
5,46,0,1415.0,2161.0,0.65478945
5,46,1,2161.0,2161.0,1.0
5,46,2,2129.0,2161.0,0.98519206
5,47,0,2226.0,2226.0,1.0
5,47,1,2161.0,2226.0,0.9707996
5,47,2,2129.0,2226.0,0.95642406
5,48,0,2226.0,2267.0,0.9819144
5,48,1,2267.0,2267.0,1.0
5,48,2,2129.0,2267.0,0.9391266
5,49,0,2226.0,2300.0,0.96782607
5,49,1,2300.0,2300.0,1.0
5,49,2,2129.0,2300.0,0.92565215
5,50,0,2344.0,2344.0,1.0
5,50,1,2300.0,2344.0,0.98122865
5,50,2,2129.0,2344.0,0.90827644
5,51,0,2344.0,2399.0,0.9770738
5,51,1,2300.0,2399.0,0.9587328
5,51,2,2399.0,2399.0,1.0
5,52,0,2344.0,2435.0,0.96262836
5,52,1,2435.0,2435.0,1.0
5,52,2,2399.0,2435.0,0.9852156
5,53,0,2506.0,2506.0,1.0
5,53,1,2435.0,2506.0,0.971668
5,53,2,2399.0,2506.0,0.95730245
5,54,0,2506.0,2537.0,0.98778087
5,54,1,2537.0,2537.0,1.0
5,54,2,2399.0,2537.0,0.94560504
5,55,0,2506.0,2594.0,0.96607554
5,55,1,2537.0,2594.0,0.9780262
5,55,2,2594.0,2594.0,1.0
5,56,0,2506.0,2658.0,0.9428142
5,56,1,2537.0,2658.0,0.9544771
5,56,2,2658.0,2658.0,1.0
5,57,0,2506.0,2703.0,0.927118
5,57,1,2537.0,2703.0,0.9385868
5,57,2,2703.0,2703.0,1.0
5,58,0,2506.0,2746.0,0.91260016
5,58,1,2746.0,2746.0,1.0
5,58,2,2703.0,2746.0,0.98434085
5,59,0,2506.0,2789.0,0.89852995
5,59,1,2789.0,2789.0,1.0
5,59,2,2703.0,2789.0,0.96916455
5,60,0,2506.0,2835.0,0.8839506
5,60,1,2835.0,2835.0,1.0
5,60,2,2703.0,2835.0,0.9534392
5,61,0,2900.0,2900.0,1.0
5,61,1,2835.0,2900.0,0.9775862
5,61,2,2703.0,2900.0,0.93206894
5,62,0,2900.0,2932.0,0.989086
5,62,1,2932.0,2932.0,1.0
5,62,2,2703.0,2932.0,0.92189634
5,63,0,2900.0,2967.0,0.97741824
5,63,1,2967.0,2967.0,1.0
5,63,2,2703.0,2967.0,0.91102123
5,64,0,2900.0,3007.0,0.9644164
5,64,1,3007.0,3007.0,1.0
5,64,2,2703.0,3007.0,0.89890254
5,65,0,3083.0,3083.0,1.0
5,65,1,3007.0,3083.0,0.9753487
5,65,2,2703.0,3083.0,0.87674344
5,66,0,3083.0,3120.0,0.988141
5,66,1,3007.0,3120.0,0.9637821
5,66,2,3120.0,3120.0,1.0
5,67,0,3083.0,3175.0,0.9710236
5,67,1,3007.0,3175.0,0.94708663
5,67,2,3175.0,3175.0,1.0
5,68,0,3083.0,3212.0,0.9598381
5,68,1,3007.0,3212.0,0.93617684
5,68,2,3212.0,3212.0,1.0
5,69,0,3083.0,3257.0,0.9465766
5,69,1,3257.0,3257.0,1.0
5,69,2,3212.0,3257.0,0.9861836
5,70,0,3083.0,3300.0,0.9342424
5,70,1,3300.0,3300.0,1.0
5,70,2,3212.0,3300.0,0.97333336
5,71,0,3083.0,3335.0,0.92443776
5,71,1,3335.0,3335.0,1.0
5,71,2,3212.0,3335.0,0.96311843
5,72,0,3083.0,3368.0,0.91538006
5,72,1,3368.0,3368.0,1.0
5,72,2,3212.0,3368.0,0.9536817
5,73,0,3083.0,3408.0,0.90463614
5,73,1,3368.0,3408.0,0.9882629
5,73,2,3408.0,3408.0,1.0
5,74,0,3083.0,3442.0,0.89570016
5,74,1,3442.0,3442.0,1.0
5,74,2,3408.0,3442.0,0.990122
5,75,0,3083.0,3487.0,0.8841411
5,75,1,3487.0,3487.0,1.0
5,75,2,3408.0,3487.0,0.9773444
5,76,0,3083.0,3536.0,0.8718891
5,76,1,3487.0,3536.0,0.9861425
5,76,2,3536.0,3536.0,1.0
5,77,0,3083.0,3574.0,0.8626189
5,77,1,3574.0,3574.0,1.0
5,77,2,3536.0,3574.0,0.98936766
5,78,0,3083.0,3609.0,0.85425323
5,78,1,3609.0,3609.0,1.0
5,78,2,3536.0,3609.0,0.9797728
5,79,0,3083.0,3653.0,0.84396386
5,79,1,3653.0,3653.0,1.0
5,79,2,3536.0,3653.0,0.9679715
5,80,0,3083.0,3694.0,0.83459663
5,80,1,3653.0,3694.0,0.9889009
5,80,2,3694.0,3694.0,1.0
5,81,0,3757.0,3757.0,1.0
5,81,1,3653.0,3757.0,0.97231835
5,81,2,3694.0,3757.0,0.9832313
5,82,0,3757.0,3798.0,0.9892048
5,82,1,3653.0,3798.0,0.96182203
5,82,2,3798.0,3798.0,1.0
5,83,0,3757.0,3847.0,0.9766051
5,83,1,3847.0,3847.0,1.0
5,83,2,3798.0,3847.0,0.9872628
5,84,0,3757.0,3901.0,0.96308637
5,84,1,3847.0,3901.0,0.9861574
5,84,2,3901.0,3901.0,1.0
5,85,0,3757.0,3941.0,0.9533113
5,85,1,3941.0,3941.0,1.0
5,85,2,3901.0,3941.0,0.9898503
5,86,0,3757.0,4001.0,0.93901527
5,86,1,3941.0,4001.0,0.98500377
5,86,2,4001.0,4001.0,1.0
5,87,0,3757.0,4069.0,0.9233227
5,87,1,3941.0,4069.0,0.96854264
5,87,2,4069.0,4069.0,1.0
5,88,0,3757.0,4111.0,0.9138896
5,88,1,4111.0,4111.0,1.0
5,88,2,4069.0,4111.0,0.9897835
5,89,0,3757.0,4149.0,0.9055194
5,89,1,4149.0,4149.0,1.0
5,89,2,4069.0,4149.0,0.98071826
5,90,0,3757.0,4217.0,0.8909177
5,90,1,4149.0,4217.0,0.9838748
5,90,2,4217.0,4217.0,1.0
5,91,0,3757.0,4267.0,0.8804781
5,91,1,4267.0,4267.0,1.0
5,91,2,4217.0,4267.0,0.98828214
5,92,0,3757.0,4302.0,0.87331474
5,92,1,4302.0,4302.0,1.0
5,92,2,4217.0,4302.0,0.9802418
5,93,0,3757.0,4352.0,0.86328125
5,93,1,4352.0,4352.0,1.0
5,93,2,4217.0,4352.0,0.9689798
5,94,0,3757.0,4426.0,0.84884775
5,94,1,4352.0,4426.0,0.9832806
5,94,2,4426.0,4426.0,1.0
5,95,0,3757.0,4471.0,0.8403042
5,95,1,4471.0,4471.0,1.0
5,95,2,4426.0,4471.0,0.98993516
5,96,0,3757.0,4540.0,0.82753307
5,96,1,4471.0,4540.0,0.98480177
5,96,2,4540.0,4540.0,1.0
5,97,0,3757.0,4606.0,0.8156752
5,97,1,4471.0,4606.0,0.9706904
5,97,2,4606.0,4606.0,1.0
5,98,0,3757.0,4639.0,0.8098728
5,98,1,4471.0,4639.0,0.9637853
5,98,2,4639.0,4639.0,1.0
5,99,0,3757.0,4673.0,0.8039803
5,99,1,4673.0,4673.0,1.0
5,99,2,4639.0,4673.0,0.9927242
5,100,0,3757.0,4746.0,0.791614
5,100,1,4673.0,4746.0,0.9846186
5,100,2,4746.0,4746.0,1.0
5,101,0,3757.0,4796.0,0.78336114
5,101,1,4796.0,4796.0,1.0
5,101,2,4746.0,4796.0,0.9895747
5,102,0,3757.0,4860.0,0.77304524
5,102,1,4796.0,4860.0,0.98683125
5,102,2,4860.0,4860.0,1.0
5,103,0,3757.0,4902.0,0.76642185
5,103,1,4902.0,4902.0,1.0
5,103,2,4860.0,4902.0,0.9914321
5,104,0,3757.0,4939.0,0.7606803
5,104,1,4939.0,4939.0,1.0
5,104,2,4860.0,4939.0,0.98400486
5,105,0,3757.0,4989.0,0.7530567
5,105,1,4989.0,4989.0,1.0
5,105,2,4860.0,4989.0,0.9741431
5,106,0,3757.0,5057.0,0.7429306
5,106,1,4989.0,5057.0,0.9865533
5,106,2,5057.0,5057.0,1.0
5,107,0,3757.0,5107.0,0.7356569
5,107,1,5107.0,5107.0,1.0
5,107,2,5057.0,5107.0,0.9902095
5,108,0,3757.0,5151.0,0.7293729
5,108,1,5151.0,5151.0,1.0
5,108,2,5057.0,5151.0,0.98175114
5,109,0,3757.0,5192.0,0.72361326
5,109,1,5192.0,5192.0,1.0
5,109,2,5057.0,5192.0,0.9739985
5,110,0,3757.0,5229.0,0.71849304
5,110,1,5229.0,5229.0,1.0
5,110,2,5057.0,5229.0,0.9671065
5,111,0,3757.0,5266.0,0.71344477
5,111,1,5266.0,5266.0,1.0
5,111,2,5057.0,5266.0,0.9603114
5,112,0,3757.0,5296.0,0.70940334
5,112,1,5296.0,5296.0,1.0
5,112,2,5057.0,5296.0,0.9548716
5,113,0,3757.0,5337.0,0.7039535
5,113,1,5337.0,5337.0,1.0
5,113,2,5057.0,5337.0,0.94753605
5,114,0,3757.0,5381.0,0.69819736
5,114,1,5381.0,5381.0,1.0
5,114,2,5057.0,5381.0,0.93978816
5,115,0,5446.0,5446.0,1.0
5,115,1,5381.0,5446.0,0.98806465
5,115,2,5057.0,5446.0,0.9285714
5,116,0,5446.0,5486.0,0.99270874
5,116,1,5381.0,5486.0,0.98086035
5,116,2,5486.0,5486.0,1.0
5,117,0,5446.0,5519.0,0.98677295
5,117,1,5519.0,5519.0,1.0
5,117,2,5486.0,5519.0,0.99402064
5,118,0,5446.0,5561.0,0.9793203
5,118,1,5561.0,5561.0,1.0
5,118,2,5486.0,5561.0,0.9865132
5,119,0,5446.0,5597.0,0.97302127
5,119,1,5597.0,5597.0,1.0
5,119,2,5486.0,5597.0,0.9801679
5,120,0,5446.0,5647.0,0.9644059
5,120,1,5597.0,5647.0,0.99114573
5,120,2,5647.0,5647.0,1.0
5,121,0,5446.0,5689.0,0.957286
5,121,1,5597.0,5689.0,0.9838284
5,121,2,5689.0,5689.0,1.0
5,122,0,5446.0,5729.0,0.9506022
5,122,1,5729.0,5729.0,1.0
5,122,2,5689.0,5729.0,0.993018
5,123,0,5446.0,5780.0,0.94221455
5,123,1,5729.0,5780.0,0.9911765
5,123,2,5780.0,5780.0,1.0
5,124,0,5446.0,5840.0,0.9325342
5,124,1,5729.0,5840.0,0.98099315
5,124,2,5840.0,5840.0,1.0
5,125,0,5446.0,5886.0,0.92524636
5,125,1,5886.0,5886.0,1.0
5,125,2,5840.0,5886.0,0.9921848
5,126,0,5446.0,5934.0,0.91776204
5,126,1,5934.0,5934.0,1.0
5,126,2,5840.0,5934.0,0.9841591
5,127,0,5446.0,5977.0,0.91115946
5,127,1,5977.0,5977.0,1.0
5,127,2,5840.0,5977.0,0.9770788
5,128,0,5446.0,6019.0,0.9048015
5,128,1,5977.0,6019.0,0.9930221
5,128,2,6019.0,6019.0,1.0
5,129,0,5446.0,6075.0,0.8964609
5,129,1,5977.0,6075.0,0.9838683
5,129,2,6075.0,6075.0,1.0
5,130,0,5446.0,6113.0,0.8908883
5,130,1,6113.0,6113.0,1.0
5,130,2,6075.0,6113.0,0.9937837
5,131,0,5446.0,6155.0,0.8848091
5,131,1,6155.0,6155.0,1.0
5,131,2,6075.0,6155.0,0.98700243
5,132,0,5446.0,6187.0,0.88023275
5,132,1,6187.0,6187.0,1.0
5,132,2,6075.0,6187.0,0.98189753
5,133,0,5446.0,6235.0,0.8734563
5,133,1,6235.0,6235.0,1.0
5,133,2,6075.0,6235.0,0.9743384
5,134,0,5446.0,6277.0,0.86761194
5,134,1,6277.0,6277.0,1.0
5,134,2,6075.0,6277.0,0.96781904
6,1,0,19.0,19.0,1.0
6,1,1,0.0,19.0,0.0
6,1,2,0.0,19.0,0.0
6,2,0,75.0,75.0,1.0
6,2,1,0.0,75.0,0.0
6,2,2,0.0,75.0,0.0
6,3,0,147.0,147.0,1.0
6,3,1,0.0,147.0,0.0
6,3,2,0.0,147.0,0.0
6,4,0,207.0,207.0,1.0
6,4,1,0.0,207.0,0.0
6,4,2,0.0,207.0,0.0
6,5,0,278.0,278.0,1.0
6,5,1,0.0,278.0,0.0
6,5,2,0.0,278.0,0.0
6,6,0,349.0,349.0,1.0
6,6,1,0.0,349.0,0.0
6,6,2,0.0,349.0,0.0
6,7,0,349.0,374.0,0.93315506
6,7,1,374.0,374.0,1.0
6,7,2,0.0,374.0,0.0
6,8,0,421.0,421.0,1.0
6,8,1,374.0,421.0,0.88836104
6,8,2,0.0,421.0,0.0
6,9,0,421.0,451.0,0.93348116
6,9,1,451.0,451.0,1.0
6,9,2,0.0,451.0,0.0
6,10,0,421.0,490.0,0.85918367
6,10,1,451.0,490.0,0.9204082
6,10,2,490.0,490.0,1.0
6,11,0,421.0,533.0,0.78986865
6,11,1,451.0,533.0,0.84615386
6,11,2,533.0,533.0,1.0
6,12,0,421.0,575.0,0.7321739
6,12,1,575.0,575.0,1.0
6,12,2,533.0,575.0,0.92695653
6,13,0,630.0,630.0,1.0
6,13,1,575.0,630.0,0.9126984
6,13,2,533.0,630.0,0.8460317
6,14,0,630.0,671.0,0.9388972
6,14,1,671.0,671.0,1.0
6,14,2,533.0,671.0,0.7943368
6,15,0,630.0,702.0,0.8974359
6,15,1,702.0,702.0,1.0
6,15,2,533.0,702.0,0.7592593
6,16,0,780.0,780.0,1.0
6,16,1,702.0,780.0,0.9
6,16,2,533.0,780.0,0.68333334
6,17,0,780.0,822.0,0.9489051
6,17,1,822.0,822.0,1.0
6,17,2,533.0,822.0,0.6484185
6,18,0,898.0,898.0,1.0
6,18,1,822.0,898.0,0.9153675
6,18,2,533.0,898.0,0.5935412
6,19,0,949.0,949.0,1.0
6,19,1,822.0,949.0,0.86617494
6,19,2,533.0,949.0,0.56164384
6,20,0,949.0,999.0,0.9499499
6,20,1,999.0,999.0,1.0
6,20,2,533.0,999.0,0.5335335
6,21,0,949.0,1043.0,0.90987533
6,21,1,1043.0,1043.0,1.0
6,21,2,533.0,1043.0,0.5110259
6,22,0,949.0,1083.0,0.87626964
6,22,1,1083.0,1083.0,1.0
6,22,2,533.0,1083.0,0.49215144
6,23,0,949.0,1120.0,0.84732145
6,23,1,1083.0,1120.0,0.9669643
6,23,2,1120.0,1120.0,1.0
6,24,0,949.0,1153.0,0.8230702
6,24,1,1153.0,1153.0,1.0
6,24,2,1120.0,1153.0,0.971379
6,25,0,949.0,1198.0,0.7921536
6,25,1,1198.0,1198.0,1.0
6,25,2,1120.0,1198.0,0.93489146
6,26,0,949.0,1235.0,0.76842105
6,26,1,1235.0,1235.0,1.0
6,26,2,1120.0,1235.0,0.9068826
6,27,0,949.0,1279.0,0.7419859
6,27,1,1235.0,1279.0,0.9655981
6,27,2,1279.0,1279.0,1.0
6,28,0,949.0,1334.0,0.7113943
6,28,1,1235.0,1334.0,0.9257871
6,28,2,1334.0,1334.0,1.0
6,29,0,949.0,1370.0,0.69270074
6,29,1,1370.0,1370.0,1.0
6,29,2,1334.0,1370.0,0.97372264
6,30,0,1446.0,1446.0,1.0
6,30,1,1370.0,1446.0,0.9474412
6,30,2,1334.0,1446.0,0.92254496
6,31,0,1509.0,1509.0,1.0
6,31,1,1370.0,1509.0,0.907886
6,31,2,1334.0,1509.0,0.88402915
6,32,0,1509.0,1549.0,0.9741769
6,32,1,1549.0,1549.0,1.0
6,32,2,1334.0,1549.0,0.86120075
6,33,0,1509.0,1587.0,0.95085067
6,33,1,1587.0,1587.0,1.0
6,33,2,1334.0,1587.0,0.8405797
6,34,0,1509.0,1636.0,0.9223716
6,34,1,1587.0,1636.0,0.9700489
6,34,2,1636.0,1636.0,1.0
6,35,0,1509.0,1669.0,0.9041342
6,35,1,1669.0,1669.0,1.0
6,35,2,1636.0,1669.0,0.9802277
6,36,0,1509.0,1739.0,0.8677401
6,36,1,1669.0,1739.0,0.95974696
6,36,2,1739.0,1739.0,1.0
6,37,0,1798.0,1798.0,1.0
6,37,1,1669.0,1798.0,0.9282536
6,37,2,1739.0,1798.0,0.96718574
6,38,0,1798.0,1839.0,0.9777053
6,38,1,1669.0,1839.0,0.90755844
6,38,2,1839.0,1839.0,1.0
6,39,0,1798.0,1882.0,0.9553666
6,39,1,1882.0,1882.0,1.0
6,39,2,1839.0,1882.0,0.977152
6,40,0,1798.0,1913.0,0.939885
6,40,1,1913.0,1913.0,1.0
6,40,2,1839.0,1913.0,0.9613173
6,41,0,1798.0,1948.0,0.92299795
6,41,1,1948.0,1948.0,1.0
6,41,2,1839.0,1948.0,0.9440452
6,42,0,1798.0,1987.0,0.9048817
6,42,1,1948.0,1987.0,0.9803724
6,42,2,1987.0,1987.0,1.0
6,43,0,1798.0,2022.0,0.88921857
6,43,1,2022.0,2022.0,1.0
6,43,2,1987.0,2022.0,0.9826904
6,44,0,1798.0,2054.0,0.87536514
6,44,1,2054.0,2054.0,1.0
6,44,2,1987.0,2054.0,0.9673807
6,45,0,1798.0,2099.0,0.8565984
6,45,1,2099.0,2099.0,1.0
6,45,2,1987.0,2099.0,0.94664127
6,46,0,1798.0,2164.0,0.8308688
6,46,1,2099.0,2164.0,0.969963
6,46,2,2164.0,2164.0,1.0
6,47,0,2238.0,2238.0,1.0
6,47,1,2099.0,2238.0,0.93789095
6,47,2,2164.0,2238.0,0.96693474
6,48,0,2296.0,2296.0,1.0
6,48,1,2099.0,2296.0,0.9141986
6,48,2,2164.0,2296.0,0.9425087
6,49,0,2296.0,2329.0,0.98583084
6,49,1,2329.0,2329.0,1.0
6,49,2,2164.0,2329.0,0.92915416
6,50,0,2394.0,2394.0,1.0
6,50,1,2329.0,2394.0,0.9728488
6,50,2,2164.0,2394.0,0.9039265
6,51,0,2394.0,2425.0,0.9872165
6,51,1,2329.0,2425.0,0.9604124
6,51,2,2425.0,2425.0,1.0
6,52,0,2394.0,2471.0,0.9688385
6,52,1,2471.0,2471.0,1.0
6,52,2,2425.0,2471.0,0.98138404
6,53,0,2394.0,2511.0,0.953405
6,53,1,2471.0,2511.0,0.98407006
6,53,2,2511.0,2511.0,1.0
6,54,0,2394.0,2545.0,0.940668
6,54,1,2471.0,2545.0,0.97092336
6,54,2,2545.0,2545.0,1.0
6,55,0,2394.0,2578.0,0.92862684
6,55,1,2578.0,2578.0,1.0
6,55,2,2545.0,2578.0,0.98719937
6,56,0,2394.0,2614.0,0.9158378
6,56,1,2614.0,2614.0,1.0
6,56,2,2545.0,2614.0,0.97360367
6,57,0,2394.0,2657.0,0.9010162
6,57,1,2657.0,2657.0,1.0
6,57,2,2545.0,2657.0,0.9578472
6,58,0,2394.0,2731.0,0.876602
6,58,1,2657.0,2731.0,0.97290367
6,58,2,2731.0,2731.0,1.0
6,59,0,2394.0,2779.0,0.861461
6,59,1,2779.0,2779.0,1.0
6,59,2,2731.0,2779.0,0.9827276
6,60,0,2394.0,2835.0,0.84444445
6,60,1,2779.0,2835.0,0.9802469
6,60,2,2835.0,2835.0,1.0
6,61,0,2916.0,2916.0,1.0
6,61,1,2779.0,2916.0,0.95301783
6,61,2,2835.0,2916.0,0.9722222
6,62,0,2916.0,2952.0,0.9878049
6,62,1,2952.0,2952.0,1.0
6,62,2,2835.0,2952.0,0.96036583
6,63,0,2916.0,2987.0,0.9762303
6,63,1,2987.0,2987.0,1.0
6,63,2,2835.0,2987.0,0.94911283
6,64,0,2916.0,3032.0,0.96174145
6,64,1,2987.0,3032.0,0.9851583
6,64,2,3032.0,3032.0,1.0
6,65,0,2916.0,3101.0,0.94034183
6,65,1,2987.0,3101.0,0.96323764
6,65,2,3101.0,3101.0,1.0
6,66,0,2916.0,3153.0,0.9248335
6,66,1,2987.0,3153.0,0.94735175
6,66,2,3153.0,3153.0,1.0
6,67,0,2916.0,3190.0,0.9141066
6,67,1,2987.0,3190.0,0.93636364
6,67,2,3190.0,3190.0,1.0
6,68,0,2916.0,3230.0,0.9027864
6,68,1,3230.0,3230.0,1.0
6,68,2,3190.0,3230.0,0.9876161
6,69,0,3310.0,3310.0,1.0
6,69,1,3230.0,3310.0,0.9758308
6,69,2,3190.0,3310.0,0.96374625
6,70,0,3310.0,3383.0,0.9784215
6,70,1,3230.0,3383.0,0.95477384
6,70,2,3383.0,3383.0,1.0
6,71,0,3310.0,3420.0,0.96783626
6,71,1,3230.0,3420.0,0.9444444
6,71,2,3420.0,3420.0,1.0
6,72,0,3310.0,3474.0,0.95279217
6,72,1,3230.0,3474.0,0.929764
6,72,2,3474.0,3474.0,1.0
6,73,0,3310.0,3522.0,0.93980694
6,73,1,3522.0,3522.0,1.0
6,73,2,3474.0,3522.0,0.9863714
6,74,0,3310.0,3564.0,0.92873174
6,74,1,3564.0,3564.0,1.0
6,74,2,3474.0,3564.0,0.9747475
6,75,0,3310.0,3617.0,0.91512305
6,75,1,3564.0,3617.0,0.985347
6,75,2,3617.0,3617.0,1.0
6,76,0,3310.0,3650.0,0.9068493
6,76,1,3650.0,3650.0,1.0
6,76,2,3617.0,3650.0,0.9909589
6,77,0,3310.0,3687.0,0.8977488
6,77,1,3687.0,3687.0,1.0
6,77,2,3617.0,3687.0,0.9810144
6,78,0,3310.0,3727.0,0.88811374
6,78,1,3687.0,3727.0,0.9892675
6,78,2,3727.0,3727.0,1.0
6,79,0,3310.0,3767.0,0.8786833
6,79,1,3687.0,3767.0,0.9787629
6,79,2,3767.0,3767.0,1.0
6,80,0,3310.0,3800.0,0.8710526
6,80,1,3800.0,3800.0,1.0
6,80,2,3767.0,3800.0,0.9913158
6,81,0,3310.0,3843.0,0.86130625
6,81,1,3843.0,3843.0,1.0
6,81,2,3767.0,3843.0,0.9802238
6,82,0,3310.0,3889.0,0.85111856
6,82,1,3889.0,3889.0,1.0
6,82,2,3767.0,3889.0,0.9686295
6,83,0,3310.0,3939.0,0.8403148
6,83,1,3939.0,3939.0,1.0
6,83,2,3767.0,3939.0,0.9563341
6,84,0,3310.0,3989.0,0.8297819
6,84,1,3939.0,3989.0,0.9874655
6,84,2,3989.0,3989.0,1.0
6,85,0,3310.0,4026.0,0.822156
6,85,1,4026.0,4026.0,1.0
6,85,2,3989.0,4026.0,0.99080974
6,86,0,4076.0,4076.0,1.0
6,86,1,4026.0,4076.0,0.98773307
6,86,2,3989.0,4076.0,0.9786555
6,87,0,4076.0,4149.0,0.9824054
6,87,1,4026.0,4149.0,0.9703543
6,87,2,4149.0,4149.0,1.0
6,88,0,4076.0,4187.0,0.97348934
6,88,1,4187.0,4187.0,1.0
6,88,2,4149.0,4187.0,0.9909243
6,89,0,4076.0,4236.0,0.96222854
6,89,1,4236.0,4236.0,1.0
6,89,2,4149.0,4236.0,0.9794617
6,90,0,4076.0,4273.0,0.9538966
6,90,1,4273.0,4273.0,1.0
6,90,2,4149.0,4273.0,0.9709806
6,91,0,4076.0,4308.0,0.9461467
6,91,1,4308.0,4308.0,1.0
6,91,2,4149.0,4308.0,0.9630919
6,92,0,4076.0,4342.0,0.9387379
6,92,1,4342.0,4342.0,1.0
6,92,2,4149.0,4342.0,0.95555043
6,93,0,4076.0,4384.0,0.92974454
6,93,1,4384.0,4384.0,1.0
6,93,2,4149.0,4384.0,0.946396
6,94,0,4076.0,4434.0,0.91926026
6,94,1,4434.0,4434.0,1.0
6,94,2,4149.0,4434.0,0.93572396
6,95,0,4076.0,4490.0,0.9077951
6,95,1,4434.0,4490.0,0.98752785
6,95,2,4490.0,4490.0,1.0
6,96,0,4076.0,4540.0,0.89779735
6,96,1,4434.0,4540.0,0.97665197
6,96,2,4540.0,4540.0,1.0
6,97,0,4076.0,4589.0,0.88821095
6,97,1,4589.0,4589.0,1.0
6,97,2,4540.0,4589.0,0.9893223
6,98,0,4076.0,4625.0,0.8812973
6,98,1,4625.0,4625.0,1.0
6,98,2,4540.0,4625.0,0.9816216
6,99,0,4076.0,4675.0,0.87187165
6,99,1,4675.0,4675.0,1.0
6,99,2,4540.0,4675.0,0.971123
6,100,0,4076.0,4713.0,0.86484194
6,100,1,4713.0,4713.0,1.0
6,100,2,4540.0,4713.0,0.963293
6,101,0,4076.0,4754.0,0.85738325
6,101,1,4754.0,4754.0,1.0
6,101,2,4540.0,4754.0,0.95498526
6,102,0,4076.0,4823.0,0.84511715
6,102,1,4754.0,4823.0,0.9856936
6,102,2,4823.0,4823.0,1.0
6,103,0,4076.0,4853.0,0.83989286
6,103,1,4853.0,4853.0,1.0
6,103,2,4823.0,4853.0,0.9938183
6,104,0,4076.0,4926.0,0.8274462
6,104,1,4853.0,4926.0,0.9851807
6,104,2,4926.0,4926.0,1.0
6,105,0,4076.0,4969.0,0.8202858
6,105,1,4969.0,4969.0,1.0
6,105,2,4926.0,4969.0,0.99134636
6,106,0,4076.0,5004.0,0.8145484
6,106,1,5004.0,5004.0,1.0
6,106,2,4926.0,5004.0,0.9844125
6,107,0,4076.0,5054.0,0.8064899
6,107,1,5054.0,5054.0,1.0
6,107,2,4926.0,5054.0,0.9746735
6,108,0,4076.0,5097.0,0.7996861
6,108,1,5097.0,5097.0,1.0
6,108,2,4926.0,5097.0,0.96645087
6,109,0,4076.0,5152.0,0.7911491
6,109,1,5097.0,5152.0,0.9893245
6,109,2,5152.0,5152.0,1.0
6,110,0,4076.0,5184.0,0.78626543
6,110,1,5184.0,5184.0,1.0
6,110,2,5152.0,5184.0,0.99382716
6,111,0,4076.0,5248.0,0.77667683
6,111,1,5184.0,5248.0,0.9878049
6,111,2,5248.0,5248.0,1.0
6,112,0,4076.0,5309.0,0.7677529
6,112,1,5184.0,5309.0,0.9764551
6,112,2,5309.0,5309.0,1.0
6,113,0,4076.0,5342.0,0.7630101
6,113,1,5184.0,5342.0,0.97042304
6,113,2,5342.0,5342.0,1.0
6,114,0,4076.0,5392.0,0.7559347
6,114,1,5392.0,5392.0,1.0
6,114,2,5342.0,5392.0,0.990727
6,115,0,4076.0,5436.0,0.74981606
6,115,1,5436.0,5436.0,1.0
6,115,2,5342.0,5436.0,0.98270786
6,116,0,4076.0,5481.0,0.7436599
6,116,1,5481.0,5481.0,1.0
6,116,2,5342.0,5481.0,0.97463965
6,117,0,4076.0,5549.0,0.7345468
6,117,1,5481.0,5549.0,0.9877455
6,117,2,5549.0,5549.0,1.0
6,118,0,4076.0,5591.0,0.7290288
6,118,1,5591.0,5591.0,1.0
6,118,2,5549.0,5591.0,0.9924879
6,119,0,4076.0,5632.0,0.72372156
6,119,1,5632.0,5632.0,1.0
6,119,2,5549.0,5632.0,0.9852628
6,120,0,4076.0,5674.0,0.7183645
6,120,1,5674.0,5674.0,1.0
6,120,2,5549.0,5674.0,0.9779697
6,121,0,4076.0,5716.0,0.71308607
6,121,1,5674.0,5716.0,0.9926522
6,121,2,5716.0,5716.0,1.0
6,122,0,4076.0,5756.0,0.70813066
6,122,1,5756.0,5756.0,1.0
6,122,2,5716.0,5756.0,0.99305075
6,123,0,4076.0,5824.0,0.69986266
6,123,1,5756.0,5824.0,0.98832417
6,123,2,5824.0,5824.0,1.0
6,124,0,4076.0,5875.0,0.6937872
6,124,1,5756.0,5875.0,0.9797447
6,124,2,5875.0,5875.0,1.0
6,125,0,4076.0,5913.0,0.6893286
6,125,1,5913.0,5913.0,1.0
6,125,2,5875.0,5913.0,0.9935735
6,126,0,4076.0,5955.0,0.68446684
6,126,1,5913.0,5955.0,0.9929471
6,126,2,5955.0,5955.0,1.0
6,127,0,4076.0,5993.0,0.6801268
6,127,1,5993.0,5993.0,1.0
6,127,2,5955.0,5993.0,0.99365926
6,128,0,4076.0,6035.0,0.6753935
6,128,1,6035.0,6035.0,1.0
6,128,2,5955.0,6035.0,0.986744
6,129,0,4076.0,6067.0,0.6718312
6,129,1,6067.0,6067.0,1.0
6,129,2,5955.0,6067.0,0.9815395
6,130,0,4076.0,6123.0,0.6656867
6,130,1,6067.0,6123.0,0.99085414
6,130,2,6123.0,6123.0,1.0
6,131,0,4076.0,6157.0,0.6620107
6,131,1,6157.0,6157.0,1.0
6,131,2,6123.0,6157.0,0.9944778
6,132,0,4076.0,6202.0,0.65720737
6,132,1,6202.0,6202.0,1.0
6,132,2,6123.0,6202.0,0.9872622
6,133,0,4076.0,6241.0,0.6531005
6,133,1,6241.0,6241.0,1.0
6,133,2,6123.0,6241.0,0.98109275
6,134,0,4076.0,6277.0,0.6493548
6,134,1,6241.0,6277.0,0.9942648
6,134,2,6277.0,6277.0,1.0
7,1,0,38.0,38.0,1.0
7,1,1,0.0,38.0,0.0
7,1,2,0.0,38.0,0.0
7,2,0,97.0,97.0,1.0
7,2,1,0.0,97.0,0.0
7,2,2,0.0,97.0,0.0
7,3,0,152.0,152.0,1.0
7,3,1,0.0,152.0,0.0
7,3,2,0.0,152.0,0.0
7,4,0,228.0,228.0,1.0
7,4,1,0.0,228.0,0.0
7,4,2,0.0,228.0,0.0
7,5,0,285.0,285.0,1.0
7,5,1,0.0,285.0,0.0
7,5,2,0.0,285.0,0.0
7,6,0,285.0,310.0,0.91935486
7,6,1,310.0,310.0,1.0
7,6,2,0.0,310.0,0.0
7,7,0,370.0,370.0,1.0
7,7,1,310.0,370.0,0.8378378
7,7,2,0.0,370.0,0.0
7,8,0,429.0,429.0,1.0
7,8,1,310.0,429.0,0.7226107
7,8,2,0.0,429.0,0.0
7,9,0,429.0,479.0,0.8956159
7,9,1,479.0,479.0,1.0
7,9,2,0.0,479.0,0.0
7,10,0,522.0,522.0,1.0
7,10,1,479.0,522.0,0.91762453
7,10,2,0.0,522.0,0.0
7,11,0,563.0,563.0,1.0
7,11,1,479.0,563.0,0.85079926
7,11,2,0.0,563.0,0.0
7,12,0,563.0,593.0,0.9494098
7,12,1,593.0,593.0,1.0
7,12,2,0.0,593.0,0.0
7,13,0,563.0,615.0,0.9154472
7,13,1,593.0,615.0,0.9642276
7,13,2,615.0,615.0,1.0
7,14,0,563.0,648.0,0.86882716
7,14,1,648.0,648.0,1.0
7,14,2,615.0,648.0,0.9490741
7,15,0,563.0,691.0,0.8147612
7,15,1,648.0,691.0,0.9377713
7,15,2,691.0,691.0,1.0
7,16,0,563.0,724.0,0.7776243
7,16,1,724.0,724.0,1.0
7,16,2,691.0,724.0,0.9544199
7,17,0,786.0,786.0,1.0
7,17,1,724.0,786.0,0.9211196
7,17,2,691.0,786.0,0.87913483
7,18,0,786.0,840.0,0.9357143
7,18,1,724.0,840.0,0.86190474
7,18,2,840.0,840.0,1.0
7,19,0,786.0,877.0,0.8962372
7,19,1,877.0,877.0,1.0
7,19,2,840.0,877.0,0.9578107
7,20,0,786.0,919.0,0.8552775
7,20,1,919.0,919.0,1.0
7,20,2,840.0,919.0,0.914037
7,21,0,999.0,999.0,1.0
7,21,1,919.0,999.0,0.9199199
7,21,2,840.0,999.0,0.8408408
7,22,0,1070.0,1070.0,1.0
7,22,1,919.0,1070.0,0.8588785
7,22,2,840.0,1070.0,0.78504676
7,23,0,1070.0,1111.0,0.9630963
7,23,1,1111.0,1111.0,1.0
7,23,2,840.0,1111.0,0.7560756
7,24,0,1191.0,1191.0,1.0
7,24,1,1111.0,1191.0,0.93282956
7,24,2,840.0,1191.0,0.70528966
7,25,0,1191.0,1232.0,0.96672076
7,25,1,1232.0,1232.0,1.0
7,25,2,840.0,1232.0,0.6818182
7,26,0,1191.0,1277.0,0.9326547
7,26,1,1277.0,1277.0,1.0
7,26,2,840.0,1277.0,0.6577917
7,27,0,1191.0,1319.0,0.9029568
7,27,1,1319.0,1319.0,1.0
7,27,2,840.0,1319.0,0.6368461
7,28,0,1191.0,1379.0,0.86366934
7,28,1,1319.0,1379.0,0.9564902
7,28,2,1379.0,1379.0,1.0
7,29,0,1191.0,1419.0,0.83932346
7,29,1,1419.0,1419.0,1.0
7,29,2,1379.0,1419.0,0.9718111
7,30,0,1470.0,1470.0,1.0
7,30,1,1419.0,1470.0,0.9653061
7,30,2,1379.0,1470.0,0.9380952
7,31,0,1470.0,1513.0,0.9715797
7,31,1,1513.0,1513.0,1.0
7,31,2,1379.0,1513.0,0.91143423
7,32,0,1470.0,1543.0,0.9526896
7,32,1,1543.0,1543.0,1.0
7,32,2,1379.0,1543.0,0.89371353
7,33,0,1591.0,1591.0,1.0
7,33,1,1543.0,1591.0,0.9698303
7,33,2,1379.0,1591.0,0.8667505
7,34,0,1591.0,1630.0,0.9760736
7,34,1,1543.0,1630.0,0.94662577
7,34,2,1630.0,1630.0,1.0
7,35,0,1591.0,1674.0,0.9504182
7,35,1,1674.0,1674.0,1.0
7,35,2,1630.0,1674.0,0.97371566
7,36,0,1591.0,1717.0,0.9266162
7,36,1,1717.0,1717.0,1.0
7,36,2,1630.0,1717.0,0.9493302
7,37,0,1591.0,1763.0,0.902439
7,37,1,1763.0,1763.0,1.0
7,37,2,1630.0,1763.0,0.9245604
7,38,0,1591.0,1794.0,0.88684505
7,38,1,1794.0,1794.0,1.0
7,38,2,1630.0,1794.0,0.9085842
7,39,0,1591.0,1834.0,0.86750275
7,39,1,1834.0,1834.0,1.0
7,39,2,1630.0,1834.0,0.8887677
7,40,0,1591.0,1878.0,0.84717786
7,40,1,1834.0,1878.0,0.97657084
7,40,2,1878.0,1878.0,1.0
7,41,0,1591.0,1926.0,0.8260644
7,41,1,1926.0,1926.0,1.0
7,41,2,1878.0,1926.0,0.97507787
7,42,0,1591.0,1996.0,0.79709417
7,42,1,1926.0,1996.0,0.9649299
7,42,2,1996.0,1996.0,1.0
7,43,0,2070.0,2070.0,1.0
7,43,1,1926.0,2070.0,0.93043476
7,43,2,1996.0,2070.0,0.9642512
7,44,0,2070.0,2103.0,0.9843081
7,44,1,2103.0,2103.0,1.0
7,44,2,1996.0,2103.0,0.9491203
7,45,0,2070.0,2136.0,0.96910113
7,45,1,2136.0,2136.0,1.0
7,45,2,1996.0,2136.0,0.93445694
7,46,0,2070.0,2174.0,0.9521619
7,46,1,2174.0,2174.0,1.0
7,46,2,1996.0,2174.0,0.9181233
7,47,0,2245.0,2245.0,1.0
7,47,1,2174.0,2245.0,0.9683742
7,47,2,1996.0,2245.0,0.88908684
7,48,0,2245.0,2285.0,0.98249453
7,48,1,2285.0,2285.0,1.0
7,48,2,1996.0,2285.0,0.873523
7,49,0,2245.0,2316.0,0.9693437
7,49,1,2316.0,2316.0,1.0
7,49,2,1996.0,2316.0,0.8618308
7,50,0,2245.0,2352.0,0.9545068
7,50,1,2352.0,2352.0,1.0
7,50,2,1996.0,2352.0,0.8486394
7,51,0,2245.0,2405.0,0.9334719
7,51,1,2352.0,2405.0,0.97796255
7,51,2,2405.0,2405.0,1.0
7,52,0,2245.0,2436.0,0.9215928
7,52,1,2436.0,2436.0,1.0
7,52,2,2405.0,2436.0,0.9872742
7,53,0,2245.0,2472.0,0.90817153
7,53,1,2436.0,2472.0,0.9854369
7,53,2,2472.0,2472.0,1.0
7,54,0,2245.0,2509.0,0.8947788
7,54,1,2436.0,2509.0,0.97090477
7,54,2,2509.0,2509.0,1.0
7,55,0,2245.0,2557.0,0.877982
7,55,1,2557.0,2557.0,1.0
7,55,2,2509.0,2557.0,0.981228
7,56,0,2245.0,2599.0,0.8637938
7,56,1,2599.0,2599.0,1.0
7,56,2,2509.0,2599.0,0.9653713
7,57,0,2245.0,2672.0,0.8401946
7,57,1,2599.0,2672.0,0.9726796
7,57,2,2672.0,2672.0,1.0
7,58,0,2245.0,2704.0,0.83025146
7,58,1,2704.0,2704.0,1.0
7,58,2,2672.0,2704.0,0.9881657
7,59,0,2245.0,2754.0,0.8151779
7,59,1,2754.0,2754.0,1.0
7,59,2,2672.0,2754.0,0.97022516
7,60,0,2245.0,2787.0,0.80552566
7,60,1,2787.0,2787.0,1.0
7,60,2,2672.0,2787.0,0.958737
7,61,0,2852.0,2852.0,1.0
7,61,1,2787.0,2852.0,0.977209
7,61,2,2672.0,2852.0,0.93688637
7,62,0,2852.0,2891.0,0.98650986
7,62,1,2787.0,2891.0,0.9640263
7,62,2,2891.0,2891.0,1.0
7,63,0,2852.0,2960.0,0.9635135
7,63,1,2787.0,2960.0,0.94155407
7,63,2,2960.0,2960.0,1.0
7,64,0,2852.0,2993.0,0.9528901
7,64,1,2993.0,2993.0,1.0
7,64,2,2960.0,2993.0,0.9889743
7,65,0,2852.0,3039.0,0.9384666
7,65,1,3039.0,3039.0,1.0
7,65,2,2960.0,3039.0,0.9740046
7,66,0,2852.0,3077.0,0.92687684
7,66,1,3077.0,3077.0,1.0
7,66,2,2960.0,3077.0,0.96197593
7,67,0,2852.0,3115.0,0.91556984
7,67,1,3115.0,3115.0,1.0
7,67,2,2960.0,3115.0,0.9502408
7,68,0,2852.0,3145.0,0.9068363
7,68,1,3145.0,3145.0,1.0
7,68,2,2960.0,3145.0,0.9411765
7,69,0,2852.0,3194.0,0.89292425
7,69,1,3194.0,3194.0,1.0
7,69,2,2960.0,3194.0,0.9267376
7,70,0,2852.0,3231.0,0.88269883
7,70,1,3231.0,3231.0,1.0
7,70,2,2960.0,3231.0,0.91612506
7,71,0,2852.0,3274.0,0.8711057
7,71,1,3274.0,3274.0,1.0
7,71,2,2960.0,3274.0,0.90409285
7,72,0,2852.0,3330.0,0.85645646
7,72,1,3274.0,3330.0,0.9831832
7,72,2,3330.0,3330.0,1.0
7,73,0,2852.0,3380.0,0.84378695
7,73,1,3380.0,3380.0,1.0
7,73,2,3330.0,3380.0,0.9852071
7,74,0,2852.0,3437.0,0.82979345
7,74,1,3380.0,3437.0,0.9834158
7,74,2,3437.0,3437.0,1.0
7,75,0,2852.0,3482.0,0.8190695
7,75,1,3380.0,3482.0,0.97070646
7,75,2,3482.0,3482.0,1.0
7,76,0,2852.0,3523.0,0.80953735
7,76,1,3523.0,3523.0,1.0
7,76,2,3482.0,3523.0,0.9883622
7,77,0,2852.0,3560.0,0.8011236
7,77,1,3523.0,3560.0,0.98960674
7,77,2,3560.0,3560.0,1.0
7,78,0,2852.0,3596.0,0.79310346
7,78,1,3596.0,3596.0,1.0
7,78,2,3560.0,3596.0,0.98998886
7,79,0,2852.0,3641.0,0.7833013
7,79,1,3641.0,3641.0,1.0
7,79,2,3560.0,3641.0,0.97775334
7,80,0,2852.0,3695.0,0.77185386
7,80,1,3641.0,3695.0,0.98538566
7,80,2,3695.0,3695.0,1.0
7,81,0,2852.0,3732.0,0.7642015
7,81,1,3732.0,3732.0,1.0
7,81,2,3695.0,3732.0,0.9900857
7,82,0,2852.0,3759.0,0.7587124
7,82,1,3759.0,3759.0,1.0
7,82,2,3695.0,3759.0,0.9829742
7,83,0,2852.0,3796.0,0.7513172
7,83,1,3796.0,3796.0,1.0
7,83,2,3695.0,3796.0,0.973393
7,84,0,2852.0,3839.0,0.7429018
7,84,1,3839.0,3839.0,1.0
7,84,2,3695.0,3839.0,0.96249026
7,85,0,2852.0,3876.0,0.7358101
7,85,1,3876.0,3876.0,1.0
7,85,2,3695.0,3876.0,0.9533024
7,86,0,2852.0,3916.0,0.7282942
7,86,1,3876.0,3916.0,0.9897855
7,86,2,3916.0,3916.0,1.0
7,87,0,2852.0,3982.0,0.716223
7,87,1,3876.0,3982.0,0.9733802
7,87,2,3982.0,3982.0,1.0
7,88,0,2852.0,4016.0,0.71015936
7,88,1,4016.0,4016.0,1.0
7,88,2,3982.0,4016.0,0.9915339
7,89,0,2852.0,4085.0,0.698164
7,89,1,4016.0,4085.0,0.98310894
7,89,2,4085.0,4085.0,1.0
7,90,0,2852.0,4125.0,0.6913939
7,90,1,4125.0,4125.0,1.0
7,90,2,4085.0,4125.0,0.99030304
7,91,0,2852.0,4198.0,0.6793711
7,91,1,4125.0,4198.0,0.98261076
7,91,2,4198.0,4198.0,1.0
7,92,0,4279.0,4279.0,1.0
7,92,1,4125.0,4279.0,0.9640103
7,92,2,4198.0,4279.0,0.98107034
7,93,0,4279.0,4330.0,0.9882217
7,93,1,4125.0,4330.0,0.9526559
7,93,2,4330.0,4330.0,1.0
7,94,0,4279.0,4379.0,0.97716373
7,94,1,4379.0,4379.0,1.0
7,94,2,4330.0,4379.0,0.98881024
7,95,0,4279.0,4429.0,0.9661323
7,95,1,4429.0,4429.0,1.0
7,95,2,4330.0,4429.0,0.9776473
7,96,0,4279.0,4464.0,0.95855737
7,96,1,4464.0,4464.0,1.0
7,96,2,4330.0,4464.0,0.9699821
7,97,0,4279.0,4502.0,0.95046645
7,97,1,4464.0,4502.0,0.9915593
7,97,2,4502.0,4502.0,1.0
7,98,0,4279.0,4552.0,0.94002634
7,98,1,4464.0,4552.0,0.9806678
7,98,2,4552.0,4552.0,1.0
7,99,0,4279.0,4616.0,0.9269931
7,99,1,4464.0,4616.0,0.96707106
7,99,2,4616.0,4616.0,1.0
7,100,0,4279.0,4689.0,0.9125613
7,100,1,4464.0,4689.0,0.95201534
7,100,2,4689.0,4689.0,1.0
7,101,0,4279.0,4745.0,0.90179133
7,101,1,4464.0,4745.0,0.94077975
7,101,2,4745.0,4745.0,1.0
7,102,0,4279.0,4789.0,0.89350593
7,102,1,4789.0,4789.0,1.0
7,102,2,4745.0,4789.0,0.9908123
7,103,0,4279.0,4831.0,0.88573796
7,103,1,4789.0,4831.0,0.9913061
7,103,2,4831.0,4831.0,1.0
7,104,0,4279.0,4880.0,0.8768443
7,104,1,4789.0,4880.0,0.98135245
7,104,2,4880.0,4880.0,1.0
7,105,0,4279.0,4930.0,0.86795133
7,105,1,4930.0,4930.0,1.0
7,105,2,4880.0,4930.0,0.98985803
7,106,0,4279.0,4985.0,0.85837513
7,106,1,4930.0,4985.0,0.9889669
7,106,2,4985.0,4985.0,1.0
7,107,0,4279.0,5025.0,0.8515423
7,107,1,5025.0,5025.0,1.0
7,107,2,4985.0,5025.0,0.9920398
7,108,0,4279.0,5055.0,0.84648865
7,108,1,5055.0,5055.0,1.0
7,108,2,4985.0,5055.0,0.98615235
7,109,0,4279.0,5093.0,0.84017277
7,109,1,5093.0,5093.0,1.0
7,109,2,4985.0,5093.0,0.9787944
7,110,0,4279.0,5136.0,0.83313864
7,110,1,5136.0,5136.0,1.0
7,110,2,4985.0,5136.0,0.9705997
7,111,0,4279.0,5177.0,0.82654047
7,111,1,5177.0,5177.0,1.0
7,111,2,4985.0,5177.0,0.96291286
7,112,0,4279.0,5220.0,0.8197318
7,112,1,5220.0,5220.0,1.0
7,112,2,4985.0,5220.0,0.95498085
7,113,0,4279.0,5261.0,0.81334347
7,113,1,5220.0,5261.0,0.9922068
7,113,2,5261.0,5261.0,1.0
7,114,0,4279.0,5326.0,0.8034172
7,114,1,5220.0,5326.0,0.98009765
7,114,2,5326.0,5326.0,1.0
7,115,0,4279.0,5395.0,0.7931418
7,115,1,5220.0,5395.0,0.96756256
7,115,2,5395.0,5395.0,1.0
7,116,0,4279.0,5450.0,0.7851376
7,116,1,5220.0,5450.0,0.9577982
7,116,2,5450.0,5450.0,1.0
7,117,0,4279.0,5492.0,0.77913326
7,117,1,5220.0,5492.0,0.9504734
7,117,2,5492.0,5492.0,1.0
7,118,0,5568.0,5568.0,1.0
7,118,1,5220.0,5568.0,0.9375
7,118,2,5492.0,5568.0,0.9863506
7,119,0,5568.0,5608.0,0.99286735
7,119,1,5220.0,5608.0,0.93081313
7,119,2,5608.0,5608.0,1.0
7,120,0,5568.0,5643.0,0.9867092
7,120,1,5643.0,5643.0,1.0
7,120,2,5608.0,5643.0,0.9937976
7,121,0,5568.0,5711.0,0.9749606
7,121,1,5643.0,5711.0,0.98809314
7,121,2,5711.0,5711.0,1.0
7,122,0,5568.0,5753.0,0.9678429
7,122,1,5753.0,5753.0,1.0
7,122,2,5711.0,5753.0,0.99269944
7,123,0,5568.0,5787.0,0.96215653
7,123,1,5787.0,5787.0,1.0
7,123,2,5711.0,5787.0,0.98686713
7,124,0,5568.0,5848.0,0.95212036
7,124,1,5787.0,5848.0,0.98956907
7,124,2,5848.0,5848.0,1.0
7,125,0,5568.0,5888.0,0.9456522
7,125,1,5787.0,5888.0,0.98284644
7,125,2,5888.0,5888.0,1.0
7,126,0,5568.0,5923.0,0.94006413
7,126,1,5923.0,5923.0,1.0
7,126,2,5888.0,5923.0,0.99409086
7,127,0,5568.0,5968.0,0.9329759
7,127,1,5968.0,5968.0,1.0
7,127,2,5888.0,5968.0,0.98659515
7,128,0,5568.0,6007.0,0.92691857
7,128,1,6007.0,6007.0,1.0
7,128,2,5888.0,6007.0,0.9801898
7,129,0,5568.0,6044.0,0.9212442
7,129,1,6044.0,6044.0,1.0
7,129,2,5888.0,6044.0,0.9741893
7,130,0,5568.0,6112.0,0.91099477
7,130,1,6044.0,6112.0,0.9888743
7,130,2,6112.0,6112.0,1.0
7,131,0,5568.0,6162.0,0.9036027
7,131,1,6162.0,6162.0,1.0
7,131,2,6112.0,6162.0,0.9918857
7,132,0,5568.0,6203.0,0.89763016
7,132,1,6162.0,6203.0,0.9933903
7,132,2,6203.0,6203.0,1.0
7,133,0,5568.0,6245.0,0.8915933
7,133,1,6245.0,6245.0,1.0
7,133,2,6203.0,6245.0,0.9932746
7,134,0,5568.0,6277.0,0.88704795
7,134,1,6277.0,6277.0,1.0
7,134,2,6203.0,6277.0,0.9882109
8,1,0,38.0,38.0,1.0
8,1,1,0.0,38.0,0.0
8,1,2,0.0,38.0,0.0
8,2,0,79.0,79.0,1.0
8,2,1,0.0,79.0,0.0
8,2,2,0.0,79.0,0.0
8,3,0,144.0,144.0,1.0
8,3,1,0.0,144.0,0.0
8,3,2,0.0,144.0,0.0
8,4,0,225.0,225.0,1.0
8,4,1,0.0,225.0,0.0
8,4,2,0.0,225.0,0.0
8,5,0,297.0,297.0,1.0
8,5,1,0.0,297.0,0.0
8,5,2,0.0,297.0,0.0
8,6,0,297.0,322.0,0.92236024
8,6,1,322.0,322.0,1.0
8,6,2,0.0,322.0,0.0
8,7,0,297.0,361.0,0.8227147
8,7,1,322.0,361.0,0.89196676
8,7,2,361.0,361.0,1.0
8,8,0,297.0,397.0,0.74811083
8,8,1,397.0,397.0,1.0
8,8,2,361.0,397.0,0.9093199
8,9,0,468.0,468.0,1.0
8,9,1,397.0,468.0,0.8482906
8,9,2,361.0,468.0,0.77136755
8,10,0,468.0,510.0,0.91764706
8,10,1,510.0,510.0,1.0
8,10,2,361.0,510.0,0.7078431
8,11,0,468.0,552.0,0.84782606
8,11,1,552.0,552.0,1.0
8,11,2,361.0,552.0,0.6539855
8,12,0,628.0,628.0,1.0
8,12,1,552.0,628.0,0.8789809
8,12,2,361.0,628.0,0.5748408
8,13,0,628.0,658.0,0.9544073
8,13,1,658.0,658.0,1.0
8,13,2,361.0,658.0,0.5486322
8,14,0,718.0,718.0,1.0
8,14,1,658.0,718.0,0.9164345
8,14,2,361.0,718.0,0.5027855
8,15,0,718.0,761.0,0.9434954
8,15,1,658.0,761.0,0.8646518
8,15,2,761.0,761.0,1.0
8,16,0,718.0,802.0,0.8952618
8,16,1,802.0,802.0,1.0
8,16,2,761.0,802.0,0.9488778
8,17,0,857.0,857.0,1.0
8,17,1,802.0,857.0,0.93582267
8,17,2,761.0,857.0,0.88798136
8,18,0,916.0,916.0,1.0
8,18,1,802.0,916.0,0.87554586
8,18,2,761.0,916.0,0.83078605
8,19,0,977.0,977.0,1.0
8,19,1,802.0,977.0,0.82088023
8,19,2,761.0,977.0,0.77891505
8,20,0,1048.0,1048.0,1.0
8,20,1,802.0,1048.0,0.7652672
8,20,2,761.0,1048.0,0.726145
8,21,0,1048.0,1079.0,0.97126967
8,21,1,1079.0,1079.0,1.0
8,21,2,761.0,1079.0,0.7052827
8,22,0,1048.0,1114.0,0.94075406
8,22,1,1114.0,1114.0,1.0
8,22,2,761.0,1114.0,0.6831239
8,23,0,1158.0,1158.0,1.0
8,23,1,1114.0,1158.0,0.96200347
8,23,2,761.0,1158.0,0.65716755
8,24,0,1158.0,1191.0,0.9722922
8,24,1,1191.0,1191.0,1.0
8,24,2,761.0,1191.0,0.6389589
8,25,0,1158.0,1229.0,0.94222945
8,25,1,1229.0,1229.0,1.0
8,25,2,761.0,1229.0,0.6192026
8,26,0,1303.0,1303.0,1.0
8,26,1,1229.0,1303.0,0.943208
8,26,2,761.0,1303.0,0.5840368
8,27,0,1361.0,1361.0,1.0
8,27,1,1229.0,1361.0,0.9030125
8,27,2,761.0,1361.0,0.55914766
8,28,0,1361.0,1425.0,0.9550877
8,28,1,1229.0,1425.0,0.86245614
8,28,2,1425.0,1425.0,1.0
8,29,0,1488.0,1488.0,1.0
8,29,1,1229.0,1488.0,0.82594085
8,29,2,1425.0,1488.0,0.9576613
8,30,0,1488.0,1531.0,0.97191375
8,30,1,1531.0,1531.0,1.0
8,30,2,1425.0,1531.0,0.9307642
8,31,0,1488.0,1571.0,0.9471674
8,31,1,1571.0,1571.0,1.0
8,31,2,1425.0,1571.0,0.9070656
8,32,0,1488.0,1631.0,0.9123237
8,32,1,1571.0,1631.0,0.9632127
8,32,2,1631.0,1631.0,1.0
8,33,0,1488.0,1681.0,0.8851874
8,33,1,1681.0,1681.0,1.0
8,33,2,1631.0,1681.0,0.9702558
8,34,0,1746.0,1746.0,1.0
8,34,1,1681.0,1746.0,0.9627721
8,34,2,1631.0,1746.0,0.93413514
8,35,0,1746.0,1785.0,0.97815126
8,35,1,1681.0,1785.0,0.9417367
8,35,2,1785.0,1785.0,1.0
8,36,0,1746.0,1818.0,0.96039605
8,36,1,1818.0,1818.0,1.0
8,36,2,1785.0,1818.0,0.9818482
8,37,0,1880.0,1880.0,1.0
8,37,1,1818.0,1880.0,0.9670213
8,37,2,1785.0,1880.0,0.9494681
8,38,0,1880.0,1924.0,0.97713095
8,38,1,1924.0,1924.0,1.0
8,38,2,1785.0,1924.0,0.9277547
8,39,0,1880.0,1960.0,0.9591837
8,39,1,1924.0,1960.0,0.98163265
8,39,2,1960.0,1960.0,1.0
8,40,0,1880.0,2000.0,0.94
8,40,1,1924.0,2000.0,0.962
8,40,2,2000.0,2000.0,1.0
8,41,0,1880.0,2040.0,0.92156863
8,41,1,2040.0,2040.0,1.0
8,41,2,2000.0,2040.0,0.98039216
8,42,0,1880.0,2080.0,0.90384614
8,42,1,2080.0,2080.0,1.0
8,42,2,2000.0,2080.0,0.96153843
8,43,0,1880.0,2113.0,0.8897302
8,43,1,2113.0,2113.0,1.0
8,43,2,2000.0,2113.0,0.9465215
8,44,0,1880.0,2150.0,0.8744186
8,44,1,2113.0,2150.0,0.9827907
8,44,2,2150.0,2150.0,1.0
8,45,0,1880.0,2193.0,0.85727316
8,45,1,2193.0,2193.0,1.0
8,45,2,2150.0,2193.0,0.98039216
8,46,0,1880.0,2229.0,0.84342754
8,46,1,2229.0,2229.0,1.0
8,46,2,2150.0,2229.0,0.9645581
8,47,0,1880.0,2262.0,0.8311229
8,47,1,2262.0,2262.0,1.0
8,47,2,2150.0,2262.0,0.9504863
8,48,0,2328.0,2328.0,1.0
8,48,1,2262.0,2328.0,0.97164947
8,48,2,2150.0,2328.0,0.9235395
8,49,0,2328.0,2377.0,0.9793858
8,49,1,2262.0,2377.0,0.9516197
8,49,2,2377.0,2377.0,1.0
8,50,0,2328.0,2417.0,0.9631775
8,50,1,2417.0,2417.0,1.0
8,50,2,2377.0,2417.0,0.98345053
8,51,0,2328.0,2461.0,0.94595695
8,51,1,2417.0,2461.0,0.9821211
8,51,2,2461.0,2461.0,1.0
8,52,0,2328.0,2507.0,0.9285999
8,52,1,2507.0,2507.0,1.0
8,52,2,2461.0,2507.0,0.98165137
8,53,0,2328.0,2560.0,0.909375
8,53,1,2507.0,2560.0,0.97929686
8,53,2,2560.0,2560.0,1.0
8,54,0,2610.0,2610.0,1.0
8,54,1,2507.0,2610.0,0.9605364
8,54,2,2560.0,2610.0,0.9808429
8,55,0,2610.0,2655.0,0.9830508
8,55,1,2507.0,2655.0,0.9442561
8,55,2,2655.0,2655.0,1.0
8,56,0,2610.0,2728.0,0.95674485
8,56,1,2507.0,2728.0,0.9189883
8,56,2,2728.0,2728.0,1.0
8,57,0,2610.0,2797.0,0.93314266
8,57,1,2507.0,2797.0,0.8963175
8,57,2,2797.0,2797.0,1.0
8,58,0,2610.0,2867.0,0.91035926
8,58,1,2507.0,2867.0,0.8744332
8,58,2,2867.0,2867.0,1.0
8,59,0,2610.0,2940.0,0.8877551
8,59,1,2507.0,2940.0,0.8527211
8,59,2,2940.0,2940.0,1.0
8,60,0,2610.0,2986.0,0.87407905
8,60,1,2986.0,2986.0,1.0
8,60,2,2940.0,2986.0,0.98459476
8,61,0,2610.0,3025.0,0.8628099
8,61,1,2986.0,3025.0,0.98710746
8,61,2,3025.0,3025.0,1.0
8,62,0,2610.0,3062.0,0.8523841
8,62,1,3062.0,3062.0,1.0
8,62,2,3025.0,3062.0,0.9879164
8,63,0,2610.0,3104.0,0.84085053
8,63,1,3062.0,3104.0,0.9864691
8,63,2,3104.0,3104.0,1.0
8,64,0,2610.0,3177.0,0.82152975
8,64,1,3062.0,3177.0,0.96380234
8,64,2,3177.0,3177.0,1.0
8,65,0,2610.0,3214.0,0.81207216
8,65,1,3062.0,3214.0,0.95270693
8,65,2,3214.0,3214.0,1.0
8,66,0,2610.0,3270.0,0.79816514
8,66,1,3062.0,3270.0,0.9363914
8,66,2,3270.0,3270.0,1.0
8,67,0,2610.0,3307.0,0.78923494
8,67,1,3307.0,3307.0,1.0
8,67,2,3270.0,3307.0,0.9888116
8,68,0,2610.0,3350.0,0.7791045
8,68,1,3350.0,3350.0,1.0
8,68,2,3270.0,3350.0,0.9761194
8,69,0,2610.0,3383.0,0.7715046
8,69,1,3383.0,3383.0,1.0
8,69,2,3270.0,3383.0,0.9665977
8,70,0,2610.0,3416.0,0.7640515
8,70,1,3416.0,3416.0,1.0
8,70,2,3270.0,3416.0,0.95725995
8,71,0,2610.0,3457.0,0.75498986
8,71,1,3457.0,3457.0,1.0
8,71,2,3270.0,3457.0,0.9459069
8,72,0,2610.0,3497.0,0.74635404
8,72,1,3497.0,3497.0,1.0
8,72,2,3270.0,3497.0,0.9350872
8,73,0,2610.0,3545.0,0.73624825
8,73,1,3545.0,3545.0,1.0
8,73,2,3270.0,3545.0,0.9224259
8,74,0,2610.0,3590.0,0.7270195
8,74,1,3590.0,3590.0,1.0
8,74,2,3270.0,3590.0,0.9108635
8,75,0,2610.0,3625.0,0.72
8,75,1,3625.0,3625.0,1.0
8,75,2,3270.0,3625.0,0.902069
8,76,0,2610.0,3656.0,0.71389496
8,76,1,3656.0,3656.0,1.0
8,76,2,3270.0,3656.0,0.89442015
8,77,0,2610.0,3698.0,0.7057869
8,77,1,3698.0,3698.0,1.0
8,77,2,3270.0,3698.0,0.8842618
8,78,0,2610.0,3736.0,0.69860816
8,78,1,3736.0,3736.0,1.0
8,78,2,3270.0,3736.0,0.8752677
8,79,0,2610.0,3772.0,0.6919406
8,79,1,3772.0,3772.0,1.0
8,79,2,3270.0,3772.0,0.8669141
8,80,0,2610.0,3802.0,0.6864808
8,80,1,3802.0,3802.0,1.0
8,80,2,3270.0,3802.0,0.8600736
8,81,0,2610.0,3852.0,0.6775701
8,81,1,3852.0,3852.0,1.0
8,81,2,3270.0,3852.0,0.8489097
8,82,0,2610.0,3902.0,0.66888773
8,82,1,3902.0,3902.0,1.0
8,82,2,3270.0,3902.0,0.83803177
8,83,0,2610.0,3945.0,0.66159695
8,83,1,3945.0,3945.0,1.0
8,83,2,3270.0,3945.0,0.82889736
8,84,0,2610.0,3986.0,0.6547918
8,84,1,3945.0,3986.0,0.989714
8,84,2,3986.0,3986.0,1.0
8,85,0,2610.0,4029.0,0.6478034
8,85,1,4029.0,4029.0,1.0
8,85,2,3986.0,4029.0,0.9893274
8,86,0,2610.0,4071.0,0.64112014
8,86,1,4071.0,4071.0,1.0
8,86,2,3986.0,4071.0,0.9791206
8,87,0,2610.0,4116.0,0.6341108
8,87,1,4071.0,4116.0,0.9890671
8,87,2,4116.0,4116.0,1.0
8,88,0,2610.0,4148.0,0.6292189
8,88,1,4148.0,4148.0,1.0
8,88,2,4116.0,4148.0,0.99228543
8,89,0,2610.0,4212.0,0.6196581
8,89,1,4148.0,4212.0,0.98480535
8,89,2,4212.0,4212.0,1.0
8,90,0,2610.0,4249.0,0.61426216
8,90,1,4249.0,4249.0,1.0
8,90,2,4212.0,4249.0,0.99129206
8,91,0,2610.0,4317.0,0.60458654
8,91,1,4249.0,4317.0,0.98424834
8,91,2,4317.0,4317.0,1.0
8,92,0,2610.0,4367.0,0.5976643
8,92,1,4367.0,4367.0,1.0
8,92,2,4317.0,4367.0,0.9885505
8,93,0,2610.0,4416.0,0.5910326
8,93,1,4416.0,4416.0,1.0
8,93,2,4317.0,4416.0,0.9775815
8,94,0,2610.0,4481.0,0.5824593
8,94,1,4416.0,4481.0,0.9854943
8,94,2,4481.0,4481.0,1.0
8,95,0,2610.0,4524.0,0.5769231
8,95,1,4524.0,4524.0,1.0
8,95,2,4481.0,4524.0,0.99049515
8,96,0,2610.0,4565.0,0.5717415
8,96,1,4565.0,4565.0,1.0
8,96,2,4481.0,4565.0,0.98159915
8,97,0,2610.0,4615.0,0.5655471
8,97,1,4615.0,4615.0,1.0
8,97,2,4481.0,4615.0,0.97096425
8,98,0,2610.0,4671.0,0.55876684
8,98,1,4615.0,4671.0,0.9880111
8,98,2,4671.0,4671.0,1.0
8,99,0,2610.0,4701.0,0.555201
8,99,1,4701.0,4701.0,1.0
8,99,2,4671.0,4701.0,0.99361837
8,100,0,2610.0,4745.0,0.5500527
8,100,1,4745.0,4745.0,1.0
8,100,2,4671.0,4745.0,0.9844046
8,101,0,2610.0,4787.0,0.54522663
8,101,1,4787.0,4787.0,1.0
8,101,2,4671.0,4787.0,0.97576773
8,102,0,2610.0,4822.0,0.5412692
8,102,1,4822.0,4822.0,1.0
8,102,2,4671.0,4822.0,0.9686852
8,103,0,2610.0,4873.0,0.53560436
8,103,1,4822.0,4873.0,0.98953414
8,103,2,4873.0,4873.0,1.0
8,104,0,2610.0,4947.0,0.5275925
8,104,1,4822.0,4947.0,0.97473216
8,104,2,4947.0,4947.0,1.0
8,105,0,2610.0,5004.0,0.5215827
8,105,1,4822.0,5004.0,0.96362907
8,105,2,5004.0,5004.0,1.0
8,106,0,2610.0,5041.0,0.51775444
8,106,1,4822.0,5041.0,0.95655626
8,106,2,5041.0,5041.0,1.0
8,107,0,2610.0,5079.0,0.51388067
8,107,1,5079.0,5079.0,1.0
8,107,2,5041.0,5079.0,0.9925182
8,108,0,2610.0,5119.0,0.5098652
8,108,1,5079.0,5119.0,0.99218595
8,108,2,5119.0,5119.0,1.0
8,109,0,2610.0,5157.0,0.5061082
8,109,1,5157.0,5157.0,1.0
8,109,2,5119.0,5157.0,0.9926314
8,110,0,2610.0,5197.0,0.5022128
8,110,1,5157.0,5197.0,0.99230325
8,110,2,5197.0,5197.0,1.0
8,111,0,2610.0,5227.0,0.4993304
8,111,1,5227.0,5227.0,1.0
8,111,2,5197.0,5227.0,0.99426055
8,112,0,2610.0,5259.0,0.49629208
8,112,1,5259.0,5259.0,1.0
8,112,2,5197.0,5259.0,0.9882107
8,113,0,2610.0,5308.0,0.49171063
8,113,1,5259.0,5308.0,0.9907687
8,113,2,5308.0,5308.0,1.0
8,114,0,2610.0,5353.0,0.48757705
8,114,1,5353.0,5353.0,1.0
8,114,2,5308.0,5353.0,0.9915935
8,115,0,2610.0,5408.0,0.48261833
8,115,1,5353.0,5408.0,0.9898299
8,115,2,5408.0,5408.0,1.0
8,116,0,2610.0,5442.0,0.47960308
8,116,1,5442.0,5442.0,1.0
8,116,2,5408.0,5442.0,0.9937523
8,117,0,2610.0,5479.0,0.4763643
8,117,1,5479.0,5479.0,1.0
8,117,2,5408.0,5479.0,0.9870414
8,118,0,2610.0,5547.0,0.4705246
8,118,1,5479.0,5547.0,0.9877411
8,118,2,5547.0,5547.0,1.0
8,119,0,2610.0,5584.0,0.46740687
8,119,1,5584.0,5584.0,1.0
8,119,2,5547.0,5584.0,0.99337393
8,120,0,2610.0,5626.0,0.46391752
8,120,1,5584.0,5626.0,0.99253464
8,120,2,5626.0,5626.0,1.0
8,121,0,2610.0,5682.0,0.4593453
8,121,1,5584.0,5682.0,0.98275256
8,121,2,5682.0,5682.0,1.0
8,122,0,2610.0,5748.0,0.454071
8,122,1,5584.0,5748.0,0.9714683
8,122,2,5748.0,5748.0,1.0
8,123,0,2610.0,5781.0,0.451479
8,123,1,5584.0,5781.0,0.96592283
8,123,2,5781.0,5781.0,1.0
8,124,0,2610.0,5831.0,0.4476076
8,124,1,5831.0,5831.0,1.0
8,124,2,5781.0,5831.0,0.99142516
8,125,0,2610.0,5880.0,0.44387755
8,125,1,5880.0,5880.0,1.0
8,125,2,5781.0,5880.0,0.98316324
8,126,0,2610.0,5916.0,0.44117647
8,126,1,5916.0,5916.0,1.0
8,126,2,5781.0,5916.0,0.97718054
8,127,0,2610.0,5954.0,0.43836078
8,127,1,5954.0,5954.0,1.0
8,127,2,5781.0,5954.0,0.9709439
8,128,0,2610.0,5996.0,0.4352902
8,128,1,5996.0,5996.0,1.0
8,128,2,5781.0,5996.0,0.96414274
8,129,0,2610.0,6051.0,0.43133366
8,129,1,5996.0,6051.0,0.9909106
8,129,2,6051.0,6051.0,1.0
8,130,0,2610.0,6083.0,0.4290646
8,130,1,6083.0,6083.0,1.0
8,130,2,6051.0,6083.0,0.9947394
8,131,0,2610.0,6117.0,0.42667973
8,131,1,6117.0,6117.0,1.0
8,131,2,6051.0,6117.0,0.9892104
8,132,0,2610.0,6162.0,0.42356378
8,132,1,6162.0,6162.0,1.0
8,132,2,6051.0,6162.0,0.98198634
8,133,0,2610.0,6201.0,0.42089987
8,133,1,6201.0,6201.0,1.0
8,133,2,6051.0,6201.0,0.97581035
8,134,0,2610.0,6242.0,0.41813523
8,134,1,6201.0,6242.0,0.99343157
8,134,2,6242.0,6242.0,1.0
9,1,0,38.0,38.0,1.0
9,1,1,0.0,38.0,0.0
9,1,2,0.0,38.0,0.0
9,2,0,119.0,119.0,1.0
9,2,1,0.0,119.0,0.0
9,2,2,0.0,119.0,0.0
9,3,0,177.0,177.0,1.0
9,3,1,0.0,177.0,0.0
9,3,2,0.0,177.0,0.0
9,4,0,249.0,249.0,1.0
9,4,1,0.0,249.0,0.0
9,4,2,0.0,249.0,0.0
9,5,0,320.0,320.0,1.0
9,5,1,0.0,320.0,0.0
9,5,2,0.0,320.0,0.0
9,6,0,379.0,379.0,1.0
9,6,1,0.0,379.0,0.0
9,6,2,0.0,379.0,0.0
9,7,0,420.0,420.0,1.0
9,7,1,0.0,420.0,0.0
9,7,2,0.0,420.0,0.0
9,8,0,485.0,485.0,1.0
9,8,1,0.0,485.0,0.0
9,8,2,0.0,485.0,0.0
9,9,0,485.0,505.0,0.96039605
9,9,1,505.0,505.0,1.0
9,9,2,0.0,505.0,0.0
9,10,0,580.0,580.0,1.0
9,10,1,505.0,580.0,0.87068963
9,10,2,0.0,580.0,0.0
9,11,0,580.0,608.0,0.95394737
9,11,1,608.0,608.0,1.0
9,11,2,0.0,608.0,0.0
9,12,0,673.0,673.0,1.0
9,12,1,608.0,673.0,0.9034175
9,12,2,0.0,673.0,0.0
9,13,0,673.0,698.0,0.9641834
9,13,1,698.0,698.0,1.0
9,13,2,0.0,698.0,0.0
9,14,0,673.0,752.0,0.8949468
9,14,1,698.0,752.0,0.9281915
9,14,2,752.0,752.0,1.0
9,15,0,813.0,813.0,1.0
9,15,1,698.0,813.0,0.8585486
9,15,2,752.0,813.0,0.92496926
9,16,0,889.0,889.0,1.0
9,16,1,698.0,889.0,0.78515184
9,16,2,752.0,889.0,0.8458943
9,17,0,889.0,934.0,0.95182014
9,17,1,934.0,934.0,1.0
9,17,2,752.0,934.0,0.8051392
9,18,0,1008.0,1008.0,1.0
9,18,1,934.0,1008.0,0.9265873
9,18,2,752.0,1008.0,0.74603176
9,19,0,1067.0,1067.0,1.0
9,19,1,934.0,1067.0,0.8753514
9,19,2,752.0,1067.0,0.70477974
9,20,0,1067.0,1105.0,0.96561086
9,20,1,934.0,1105.0,0.8452489
9,20,2,1105.0,1105.0,1.0
9,21,0,1067.0,1143.0,0.93350834
9,21,1,1143.0,1143.0,1.0
9,21,2,1105.0,1143.0,0.96675414
9,22,0,1067.0,1171.0,0.911187
9,22,1,1171.0,1171.0,1.0
9,22,2,1105.0,1171.0,0.9436379
9,23,0,1067.0,1210.0,0.8818182
9,23,1,1171.0,1210.0,0.9677686
9,23,2,1210.0,1210.0,1.0
9,24,0,1067.0,1245.0,0.8570281
9,24,1,1245.0,1245.0,1.0
9,24,2,1210.0,1245.0,0.9718875
9,25,0,1316.0,1316.0,1.0
9,25,1,1245.0,1316.0,0.9460486
9,25,2,1210.0,1316.0,0.9194529
9,26,0,1316.0,1365.0,0.96410257
9,26,1,1245.0,1365.0,0.9120879
9,26,2,1365.0,1365.0,1.0
9,27,0,1316.0,1401.0,0.939329
9,27,1,1401.0,1401.0,1.0
9,27,2,1365.0,1401.0,0.9743041
9,28,0,1316.0,1454.0,0.90508944
9,28,1,1401.0,1454.0,0.96354884
9,28,2,1454.0,1454.0,1.0
9,29,0,1509.0,1509.0,1.0
9,29,1,1401.0,1509.0,0.9284294
9,29,2,1454.0,1509.0,0.963552
9,30,0,1509.0,1540.0,0.97987014
9,30,1,1540.0,1540.0,1.0
9,30,2,1454.0,1540.0,0.9441559
9,31,0,1509.0,1613.0,0.93552387
9,31,1,1540.0,1613.0,0.9547427
9,31,2,1613.0,1613.0,1.0
9,32,0,1509.0,1655.0,0.9117825
9,32,1,1655.0,1655.0,1.0
9,32,2,1613.0,1655.0,0.97462237
9,33,0,1509.0,1715.0,0.8798834
9,33,1,1655.0,1715.0,0.9650146
9,33,2,1715.0,1715.0,1.0
9,34,0,1509.0,1784.0,0.845852
9,34,1,1655.0,1784.0,0.92769057
9,34,2,1784.0,1784.0,1.0
9,35,0,1509.0,1827.0,0.8259442
9,35,1,1827.0,1827.0,1.0
9,35,2,1784.0,1827.0,0.97646415
9,36,0,1509.0,1867.0,0.8082485
9,36,1,1827.0,1867.0,0.9785752
9,36,2,1867.0,1867.0,1.0
9,37,0,1509.0,1900.0,0.79421055
9,37,1,1900.0,1900.0,1.0
9,37,2,1867.0,1900.0,0.98263156
9,38,0,1962.0,1962.0,1.0
9,38,1,1900.0,1962.0,0.9683996
9,38,2,1867.0,1962.0,0.95158005
9,39,0,1962.0,1997.0,0.98247373
9,39,1,1997.0,1997.0,1.0
9,39,2,1867.0,1997.0,0.93490237
9,40,0,1962.0,2053.0,0.95567465
9,40,1,1997.0,2053.0,0.9727228
9,40,2,2053.0,2053.0,1.0
9,41,0,1962.0,2094.0,0.9369627
9,41,1,2094.0,2094.0,1.0
9,41,2,2053.0,2094.0,0.98042023
9,42,0,2157.0,2157.0,1.0
9,42,1,2094.0,2157.0,0.9707928
9,42,2,2053.0,2157.0,0.9517849
9,43,0,2157.0,2198.0,0.98134667
9,43,1,2198.0,2198.0,1.0
9,43,2,2053.0,2198.0,0.93403095
9,44,0,2157.0,2255.0,0.956541
9,44,1,2198.0,2255.0,0.97472286
9,44,2,2255.0,2255.0,1.0
9,45,0,2157.0,2296.0,0.9394599
9,45,1,2198.0,2296.0,0.95731705
9,45,2,2296.0,2296.0,1.0
9,46,0,2157.0,2336.0,0.9233733
9,46,1,2336.0,2336.0,1.0
9,46,2,2296.0,2336.0,0.9828767
9,47,0,2157.0,2368.0,0.9108953
9,47,1,2336.0,2368.0,0.9864865
9,47,2,2368.0,2368.0,1.0
9,48,0,2157.0,2418.0,0.89205956
9,48,1,2418.0,2418.0,1.0
9,48,2,2368.0,2418.0,0.9793218
9,49,0,2468.0,2468.0,1.0
9,49,1,2418.0,2468.0,0.9797407
9,49,2,2368.0,2468.0,0.95948136
9,50,0,2468.0,2514.0,0.98170245
9,50,1,2514.0,2514.0,1.0
9,50,2,2368.0,2514.0,0.9419252
9,51,0,2468.0,2557.0,0.96519357
9,51,1,2557.0,2557.0,1.0
9,51,2,2368.0,2557.0,0.92608523
9,52,0,2468.0,2595.0,0.95105976
9,52,1,2595.0,2595.0,1.0
9,52,2,2368.0,2595.0,0.9125241
9,53,0,2468.0,2639.0,0.9352027
9,53,1,2595.0,2639.0,0.98332703
9,53,2,2639.0,2639.0,1.0
9,54,0,2468.0,2712.0,0.9100295
9,54,1,2595.0,2712.0,0.9568584
9,54,2,2712.0,2712.0,1.0
9,55,0,2468.0,2744.0,0.8994169
9,55,1,2744.0,2744.0,1.0
9,55,2,2712.0,2744.0,0.9883382
9,56,0,2468.0,2809.0,0.8786045
9,56,1,2744.0,2809.0,0.9768601
9,56,2,2809.0,2809.0,1.0
9,57,0,2468.0,2863.0,0.86203283
9,57,1,2744.0,2863.0,0.95843524
9,57,2,2863.0,2863.0,1.0
9,58,0,2468.0,2937.0,0.84031326
9,58,1,2744.0,2937.0,0.9342867
9,58,2,2937.0,2937.0,1.0
9,59,0,2468.0,2972.0,0.8304172
9,59,1,2972.0,2972.0,1.0
9,59,2,2937.0,2972.0,0.98822343
9,60,0,2468.0,3042.0,0.8113083
9,60,1,2972.0,3042.0,0.97698885
9,60,2,3042.0,3042.0,1.0
9,61,0,2468.0,3085.0,0.8
9,61,1,3085.0,3085.0,1.0
9,61,2,3042.0,3085.0,0.9860616
9,62,0,2468.0,3130.0,0.7884984
9,62,1,3130.0,3130.0,1.0
9,62,2,3042.0,3130.0,0.97188497
9,63,0,2468.0,3178.0,0.77658904
9,63,1,3178.0,3178.0,1.0
9,63,2,3042.0,3178.0,0.9572058
9,64,0,2468.0,3220.0,0.76645964
9,64,1,3220.0,3220.0,1.0
9,64,2,3042.0,3220.0,0.9447205
9,65,0,2468.0,3264.0,0.7561275
9,65,1,3264.0,3264.0,1.0
9,65,2,3042.0,3264.0,0.9319853
9,66,0,2468.0,3304.0,0.7469734
9,66,1,3264.0,3304.0,0.98789346
9,66,2,3304.0,3304.0,1.0
9,67,0,2468.0,3365.0,0.7334324
9,67,1,3264.0,3365.0,0.9699851
9,67,2,3365.0,3365.0,1.0
9,68,0,2468.0,3410.0,0.7237537
9,68,1,3410.0,3410.0,1.0
9,68,2,3365.0,3410.0,0.98680353
9,69,0,2468.0,3441.0,0.71723336
9,69,1,3410.0,3441.0,0.990991
9,69,2,3441.0,3441.0,1.0
9,70,0,2468.0,3490.0,0.70716333
9,70,1,3410.0,3490.0,0.97707736
9,70,2,3490.0,3490.0,1.0
9,71,0,2468.0,3523.0,0.7005393
9,71,1,3523.0,3523.0,1.0
9,71,2,3490.0,3523.0,0.990633
9,72,0,2468.0,3560.0,0.6932584
9,72,1,3560.0,3560.0,1.0
9,72,2,3490.0,3560.0,0.9803371
9,73,0,2468.0,3596.0,0.68631816
9,73,1,3596.0,3596.0,1.0
9,73,2,3490.0,3596.0,0.9705228
9,74,0,2468.0,3655.0,0.6752394
9,74,1,3596.0,3655.0,0.98385775
9,74,2,3655.0,3655.0,1.0
9,75,0,2468.0,3694.0,0.66811043
9,75,1,3596.0,3694.0,0.9734705
9,75,2,3694.0,3694.0,1.0
9,76,0,2468.0,3742.0,0.65954036
9,76,1,3742.0,3742.0,1.0
9,76,2,3694.0,3742.0,0.98717266
9,77,0,2468.0,3775.0,0.65377486
9,77,1,3775.0,3775.0,1.0
9,77,2,3694.0,3775.0,0.97854304
9,78,0,2468.0,3805.0,0.64862025
9,78,1,3805.0,3805.0,1.0
9,78,2,3694.0,3805.0,0.9708279
9,79,0,2468.0,3873.0,0.6372321
9,79,1,3805.0,3873.0,0.98244256
9,79,2,3873.0,3873.0,1.0
9,80,0,2468.0,3913.0,0.6307181
9,80,1,3913.0,3913.0,1.0
9,80,2,3873.0,3913.0,0.9897777
9,81,0,2468.0,3955.0,0.6240202
9,81,1,3955.0,3955.0,1.0
9,81,2,3873.0,3955.0,0.97926676
9,82,0,2468.0,4005.0,0.6162297
9,82,1,4005.0,4005.0,1.0
9,82,2,3873.0,4005.0,0.9670412
9,83,0,2468.0,4055.0,0.6086313
9,83,1,4005.0,4055.0,0.9876695
9,83,2,4055.0,4055.0,1.0
9,84,0,2468.0,4093.0,0.6029807
9,84,1,4005.0,4093.0,0.9784999
9,84,2,4093.0,4093.0,1.0
9,85,0,2468.0,4161.0,0.59312665
9,85,1,4005.0,4161.0,0.96250904
9,85,2,4161.0,4161.0,1.0
9,86,0,2468.0,4217.0,0.5852502
9,86,1,4005.0,4217.0,0.9497273
9,86,2,4217.0,4217.0,1.0
9,87,0,2468.0,4259.0,0.57947874
9,87,1,4259.0,4259.0,1.0
9,87,2,4217.0,4259.0,0.99013853
9,88,0,2468.0,4301.0,0.57382005
9,88,1,4301.0,4301.0,1.0
9,88,2,4217.0,4301.0,0.98046964
9,89,0,2468.0,4343.0,0.5682708
9,89,1,4301.0,4343.0,0.99032927
9,89,2,4343.0,4343.0,1.0
9,90,0,4394.0,4394.0,1.0
9,90,1,4301.0,4394.0,0.97883475
9,90,2,4343.0,4394.0,0.98839325
9,91,0,4394.0,4429.0,0.99209756
9,91,1,4429.0,4429.0,1.0
9,91,2,4343.0,4429.0,0.98058254
9,92,0,4394.0,4479.0,0.98102254
9,92,1,4479.0,4479.0,1.0
9,92,2,4343.0,4479.0,0.9696361
9,93,0,4394.0,4552.0,0.96529
9,93,1,4479.0,4552.0,0.9839631
9,93,2,4552.0,4552.0,1.0
9,94,0,4394.0,4584.0,0.95855147
9,94,1,4479.0,4584.0,0.97709423
9,94,2,4584.0,4584.0,1.0
9,95,0,4394.0,4615.0,0.9521127
9,95,1,4615.0,4615.0,1.0
9,95,2,4584.0,4615.0,0.9932828
9,96,0,4394.0,4648.0,0.94535285
9,96,1,4648.0,4648.0,1.0
9,96,2,4584.0,4648.0,0.9862306
9,97,0,4394.0,4690.0,0.93688697
9,97,1,4690.0,4690.0,1.0
9,97,2,4584.0,4690.0,0.9773987
9,98,0,4394.0,4723.0,0.9303409
9,98,1,4723.0,4723.0,1.0
9,98,2,4584.0,4723.0,0.97056955
9,99,0,4394.0,4763.0,0.9225278
9,99,1,4763.0,4763.0,1.0
9,99,2,4584.0,4763.0,0.9624186
9,100,0,4394.0,4800.0,0.91541666
9,100,1,4800.0,4800.0,1.0
9,100,2,4584.0,4800.0,0.955
9,101,0,4394.0,4831.0,0.90954256
9,101,1,4831.0,4831.0,1.0
9,101,2,4584.0,4831.0,0.94887185
9,102,0,4394.0,4863.0,0.9035575
9,102,1,4863.0,4863.0,1.0
9,102,2,4584.0,4863.0,0.942628
9,103,0,4394.0,4912.0,0.89454395
9,103,1,4912.0,4912.0,1.0
9,103,2,4584.0,4912.0,0.93322474
9,104,0,4394.0,4949.0,0.8878561
9,104,1,4949.0,4949.0,1.0
9,104,2,4584.0,4949.0,0.9262477
9,105,0,4394.0,5004.0,0.87809753
9,105,1,4949.0,5004.0,0.9890088
9,105,2,5004.0,5004.0,1.0
9,106,0,4394.0,5041.0,0.8716524
9,106,1,4949.0,5041.0,0.98174965
9,106,2,5041.0,5041.0,1.0
9,107,0,4394.0,5092.0,0.86292225
9,107,1,4949.0,5092.0,0.97191674
9,107,2,5092.0,5092.0,1.0
9,108,0,4394.0,5130.0,0.8565302
9,108,1,5130.0,5130.0,1.0
9,108,2,5092.0,5130.0,0.9925926
9,109,0,4394.0,5164.0,0.85089076
9,109,1,5164.0,5164.0,1.0
9,109,2,5092.0,5164.0,0.98605734
9,110,0,4394.0,5213.0,0.84289277
9,110,1,5213.0,5213.0,1.0
9,110,2,5092.0,5213.0,0.9767888
9,111,0,4394.0,5263.0,0.83488506
9,111,1,5263.0,5263.0,1.0
9,111,2,5092.0,5263.0,0.96750903
9,112,0,4394.0,5306.0,0.8281191
9,112,1,5306.0,5306.0,1.0
9,112,2,5092.0,5306.0,0.9596683
9,113,0,4394.0,5346.0,0.82192296
9,113,1,5346.0,5346.0,1.0
9,113,2,5092.0,5346.0,0.9524878
9,114,0,4394.0,5387.0,0.81566733
9,114,1,5387.0,5387.0,1.0
9,114,2,5092.0,5387.0,0.94523853
9,115,0,4394.0,5432.0,0.8089102
9,115,1,5432.0,5432.0,1.0
9,115,2,5092.0,5432.0,0.937408
9,116,0,4394.0,5472.0,0.80299705
9,116,1,5432.0,5472.0,0.9926901
9,116,2,5472.0,5472.0,1.0
9,117,0,4394.0,5522.0,0.7957262
9,117,1,5522.0,5522.0,1.0
9,117,2,5472.0,5522.0,0.99094534
9,118,0,4394.0,5572.0,0.7885858
9,118,1,5522.0,5572.0,0.9910266
9,118,2,5572.0,5572.0,1.0
9,119,0,4394.0,5614.0,0.7826861
9,119,1,5522.0,5614.0,0.9836124
9,119,2,5614.0,5614.0,1.0
9,120,0,4394.0,5652.0,0.7774239
9,120,1,5652.0,5652.0,1.0
9,120,2,5614.0,5652.0,0.9932767
9,121,0,4394.0,5708.0,0.7697968
9,121,1,5652.0,5708.0,0.9901892
9,121,2,5708.0,5708.0,1.0
9,122,0,4394.0,5745.0,0.764839
9,122,1,5745.0,5745.0,1.0
9,122,2,5708.0,5745.0,0.9935596
9,123,0,4394.0,5789.0,0.75902575
9,123,1,5789.0,5789.0,1.0
9,123,2,5708.0,5789.0,0.9860079
9,124,0,4394.0,5833.0,0.7533002
9,124,1,5833.0,5833.0,1.0
9,124,2,5708.0,5833.0,0.9785702
9,125,0,4394.0,5869.0,0.7486795
9,125,1,5833.0,5869.0,0.9938661
9,125,2,5869.0,5869.0,1.0
9,126,0,4394.0,5910.0,0.7434856
9,126,1,5910.0,5910.0,1.0
9,126,2,5869.0,5910.0,0.9930626
9,127,0,4394.0,5940.0,0.73973066
9,127,1,5940.0,5940.0,1.0
9,127,2,5869.0,5940.0,0.9880471
9,128,0,4394.0,5981.0,0.73465973
9,128,1,5981.0,5981.0,1.0
9,128,2,5869.0,5981.0,0.981274
9,129,0,4394.0,6026.0,0.7291736
9,129,1,5981.0,6026.0,0.9925324
9,129,2,6026.0,6026.0,1.0
9,130,0,4394.0,6069.0,0.72400725
9,130,1,6069.0,6069.0,1.0
9,130,2,6026.0,6069.0,0.9929148
9,131,0,4394.0,6103.0,0.7199738
9,131,1,6103.0,6103.0,1.0
9,131,2,6026.0,6103.0,0.98738325
9,132,0,4394.0,6153.0,0.7141232
9,132,1,6153.0,6153.0,1.0
9,132,2,6026.0,6153.0,0.9793597
9,133,0,4394.0,6195.0,0.7092817
9,133,1,6195.0,6195.0,1.0
9,133,2,6026.0,6195.0,0.9727199
9,134,0,4394.0,6227.0,0.70563674
9,134,1,6227.0,6227.0,1.0
9,134,2,6026.0,6227.0,0.9677212
10,1,0,15.0,15.0,1.0
10,1,1,0.0,15.0,0.0
10,1,2,0.0,15.0,0.0
10,2,0,86.0,86.0,1.0
10,2,1,0.0,86.0,0.0
10,2,2,0.0,86.0,0.0
10,3,0,145.0,145.0,1.0
10,3,1,0.0,145.0,0.0
10,3,2,0.0,145.0,0.0
10,4,0,208.0,208.0,1.0
10,4,1,0.0,208.0,0.0
10,4,2,0.0,208.0,0.0
10,5,0,208.0,221.0,0.9411765
10,5,1,221.0,221.0,1.0
10,5,2,0.0,221.0,0.0
10,6,0,277.0,277.0,1.0
10,6,1,221.0,277.0,0.7978339
10,6,2,0.0,277.0,0.0
10,7,0,277.0,302.0,0.91721857
10,7,1,302.0,302.0,1.0
10,7,2,0.0,302.0,0.0
10,8,0,277.0,356.0,0.7780899
10,8,1,302.0,356.0,0.8483146
10,8,2,356.0,356.0,1.0
10,9,0,277.0,394.0,0.70304567
10,9,1,302.0,394.0,0.76649743
10,9,2,394.0,394.0,1.0
10,10,0,459.0,459.0,1.0
10,10,1,302.0,459.0,0.6579521
10,10,2,394.0,459.0,0.8583878
10,11,0,459.0,501.0,0.9161677
10,11,1,501.0,501.0,1.0
10,11,2,394.0,501.0,0.78642714
10,12,0,459.0,537.0,0.8547486
10,12,1,537.0,537.0,1.0
10,12,2,394.0,537.0,0.73370576
10,13,0,613.0,613.0,1.0
10,13,1,537.0,613.0,0.8760196
10,13,2,394.0,613.0,0.6427406
10,14,0,613.0,654.0,0.93730885
10,14,1,654.0,654.0,1.0
10,14,2,394.0,654.0,0.6024465
10,15,0,613.0,687.0,0.8922853
10,15,1,687.0,687.0,1.0
10,15,2,394.0,687.0,0.573508
10,16,0,749.0,749.0,1.0
10,16,1,687.0,749.0,0.917223
10,16,2,394.0,749.0,0.5260347
10,17,0,807.0,807.0,1.0
10,17,1,687.0,807.0,0.85130113
10,17,2,394.0,807.0,0.488228
10,18,0,807.0,847.0,0.9527745
10,18,1,847.0,847.0,1.0
10,18,2,394.0,847.0,0.4651712
10,19,0,923.0,923.0,1.0
10,19,1,847.0,923.0,0.9176598
10,19,2,394.0,923.0,0.42686892
10,20,0,923.0,953.0,0.96852046
10,20,1,953.0,953.0,1.0
10,20,2,394.0,953.0,0.41343126
10,21,0,923.0,1017.0,0.9075713
10,21,1,953.0,1017.0,0.93706983
10,21,2,1017.0,1017.0,1.0
10,22,0,923.0,1070.0,0.86261684
10,22,1,953.0,1070.0,0.8906542
10,22,2,1070.0,1070.0,1.0
10,23,0,923.0,1110.0,0.8315315
10,23,1,953.0,1110.0,0.85855854
10,23,2,1110.0,1110.0,1.0
10,24,0,923.0,1165.0,0.79227465
10,24,1,953.0,1165.0,0.81802577
10,24,2,1165.0,1165.0,1.0
10,25,0,1236.0,1236.0,1.0
10,25,1,953.0,1236.0,0.7710356
10,25,2,1165.0,1236.0,0.9425566
10,26,0,1236.0,1282.0,0.96411854
10,26,1,1282.0,1282.0,1.0
10,26,2,1165.0,1282.0,0.90873635
10,27,0,1236.0,1330.0,0.9293233
10,27,1,1330.0,1330.0,1.0
10,27,2,1165.0,1330.0,0.87593985
10,28,0,1236.0,1373.0,0.9002185
10,28,1,1373.0,1373.0,1.0
10,28,2,1165.0,1373.0,0.8485069
10,29,0,1236.0,1446.0,0.8547718
10,29,1,1373.0,1446.0,0.9495159
10,29,2,1446.0,1446.0,1.0
10,30,0,1236.0,1479.0,0.8356998
10,30,1,1479.0,1479.0,1.0
10,30,2,1446.0,1479.0,0.9776876
10,31,0,1545.0,1545.0,1.0
10,31,1,1479.0,1545.0,0.95728153
10,31,2,1446.0,1545.0,0.9359223
10,32,0,1545.0,1595.0,0.968652
10,32,1,1479.0,1595.0,0.92727274
10,32,2,1595.0,1595.0,1.0
10,33,0,1676.0,1676.0,1.0
10,33,1,1479.0,1676.0,0.8824582
10,33,2,1595.0,1676.0,0.95167065
10,34,0,1676.0,1719.0,0.9749855
10,34,1,1719.0,1719.0,1.0
10,34,2,1595.0,1719.0,0.927865
10,35,0,1676.0,1763.0,0.9506523
10,35,1,1763.0,1763.0,1.0
10,35,2,1595.0,1763.0,0.9047079
10,36,0,1676.0,1790.0,0.93631285
10,36,1,1790.0,1790.0,1.0
10,36,2,1595.0,1790.0,0.8910614
10,37,0,1676.0,1825.0,0.9183562
10,37,1,1825.0,1825.0,1.0
10,37,2,1595.0,1825.0,0.8739726
10,38,0,1900.0,1900.0,1.0
10,38,1,1825.0,1900.0,0.9605263
10,38,2,1595.0,1900.0,0.83947366
10,39,0,1900.0,1940.0,0.97938144
10,39,1,1825.0,1940.0,0.94072163
10,39,2,1940.0,1940.0,1.0
10,40,0,1900.0,1976.0,0.96153843
10,40,1,1825.0,1976.0,0.923583
10,40,2,1976.0,1976.0,1.0
10,41,0,2054.0,2054.0,1.0
10,41,1,1825.0,2054.0,0.8885102
10,41,2,1976.0,2054.0,0.96202534
10,42,0,2054.0,2127.0,0.96567935
10,42,1,1825.0,2127.0,0.858016
10,42,2,2127.0,2127.0,1.0
10,43,0,2201.0,2201.0,1.0
10,43,1,1825.0,2201.0,0.82916856
10,43,2,2127.0,2201.0,0.9663789
10,44,0,2201.0,2265.0,0.97174394
10,44,1,1825.0,2265.0,0.8057395
10,44,2,2265.0,2265.0,1.0
10,45,0,2324.0,2324.0,1.0
10,45,1,1825.0,2324.0,0.785284
10,45,2,2265.0,2324.0,0.9746127
10,46,0,2389.0,2389.0,1.0
10,46,1,1825.0,2389.0,0.763918
10,46,2,2265.0,2389.0,0.94809544
10,47,0,2389.0,2445.0,0.97709614
10,47,1,1825.0,2445.0,0.7464213
10,47,2,2445.0,2445.0,1.0
10,48,0,2389.0,2480.0,0.9633064
10,48,1,2480.0,2480.0,1.0
10,48,2,2445.0,2480.0,0.9858871
10,49,0,2545.0,2545.0,1.0
10,49,1,2480.0,2545.0,0.9744597
10,49,2,2445.0,2545.0,0.96070725
10,50,0,2545.0,2595.0,0.9807322
10,50,1,2595.0,2595.0,1.0
10,50,2,2445.0,2595.0,0.94219655
10,51,0,2652.0,2652.0,1.0
10,51,1,2595.0,2652.0,0.9785068
10,51,2,2445.0,2652.0,0.9219457
10,52,0,2652.0,2718.0,0.9757174
10,52,1,2595.0,2718.0,0.9547461
10,52,2,2718.0,2718.0,1.0
10,53,0,2652.0,2761.0,0.9605216
10,53,1,2761.0,2761.0,1.0
10,53,2,2718.0,2761.0,0.98442596
10,54,0,2652.0,2794.0,0.9491768
10,54,1,2761.0,2794.0,0.988189
10,54,2,2794.0,2794.0,1.0
10,55,0,2652.0,2844.0,0.93248945
10,55,1,2844.0,2844.0,1.0
10,55,2,2794.0,2844.0,0.98241913
10,56,0,2652.0,2889.0,0.9179647
10,56,1,2889.0,2889.0,1.0
10,56,2,2794.0,2889.0,0.96711665
10,57,0,2652.0,2937.0,0.9029622
10,57,1,2937.0,2937.0,1.0
10,57,2,2794.0,2937.0,0.9513109
10,58,0,2652.0,2980.0,0.8899329
10,58,1,2980.0,2980.0,1.0
10,58,2,2794.0,2980.0,0.93758386
10,59,0,2652.0,3022.0,0.87756455
10,59,1,3022.0,3022.0,1.0
10,59,2,2794.0,3022.0,0.9245533
10,60,0,2652.0,3062.0,0.8661006
10,60,1,3062.0,3062.0,1.0
10,60,2,2794.0,3062.0,0.9124755
10,61,0,2652.0,3107.0,0.8535565
10,61,1,3107.0,3107.0,1.0
10,61,2,2794.0,3107.0,0.89925975
10,62,0,2652.0,3149.0,0.84217215
10,62,1,3107.0,3149.0,0.98666245
10,62,2,3149.0,3149.0,1.0
10,63,0,2652.0,3198.0,0.8292683
10,63,1,3107.0,3198.0,0.97154474
10,63,2,3198.0,3198.0,1.0
10,64,0,2652.0,3237.0,0.8192771
10,64,1,3107.0,3237.0,0.95983934
10,64,2,3237.0,3237.0,1.0
10,65,0,2652.0,3276.0,0.8095238
10,65,1,3107.0,3276.0,0.9484127
10,65,2,3276.0,3276.0,1.0
10,66,0,2652.0,3319.0,0.79903585
10,66,1,3319.0,3319.0,1.0
10,66,2,3276.0,3319.0,0.9870443
10,67,0,2652.0,3353.0,0.7909335
10,67,1,3353.0,3353.0,1.0
10,67,2,3276.0,3353.0,0.97703546
10,68,0,2652.0,3397.0,0.7806888
10,68,1,3353.0,3397.0,0.9870474
10,68,2,3397.0,3397.0,1.0
10,69,0,2652.0,3434.0,0.77227724
10,69,1,3353.0,3434.0,0.97641236
10,69,2,3434.0,3434.0,1.0
10,70,0,2652.0,3488.0,0.7603211
10,70,1,3353.0,3488.0,0.96129584
10,70,2,3488.0,3488.0,1.0
10,71,0,2652.0,3538.0,0.74957603
10,71,1,3538.0,3538.0,1.0
10,71,2,3488.0,3538.0,0.98586774
10,72,0,2652.0,3584.0,0.73995537
10,72,1,3584.0,3584.0,1.0
10,72,2,3488.0,3584.0,0.97321427
10,73,0,2652.0,3626.0,0.73138446
10,73,1,3626.0,3626.0,1.0
10,73,2,3488.0,3626.0,0.96194154
10,74,0,2652.0,3662.0,0.7241944
10,74,1,3662.0,3662.0,1.0
10,74,2,3488.0,3662.0,0.95248497
10,75,0,2652.0,3703.0,0.7161761
10,75,1,3662.0,3703.0,0.9889279
10,75,2,3703.0,3703.0,1.0
10,76,0,2652.0,3745.0,0.7081442
10,76,1,3745.0,3745.0,1.0
10,76,2,3703.0,3745.0,0.988785
10,77,0,2652.0,3776.0,0.7023305
10,77,1,3776.0,3776.0,1.0
10,77,2,3703.0,3776.0,0.98066735
10,78,0,2652.0,3813.0,0.69551533
10,78,1,3776.0,3813.0,0.99029636
10,78,2,3813.0,3813.0,1.0
10,79,0,2652.0,3848.0,0.6891892
10,79,1,3848.0,3848.0,1.0
10,79,2,3813.0,3848.0,0.9909044
10,80,0,2652.0,3881.0,0.68332905
10,80,1,3881.0,3881.0,1.0
10,80,2,3813.0,3881.0,0.98247874
10,81,0,2652.0,3931.0,0.6746375
10,81,1,3931.0,3931.0,1.0
10,81,2,3813.0,3931.0,0.9699822
10,82,0,2652.0,3971.0,0.66784185
10,82,1,3971.0,3971.0,1.0
10,82,2,3813.0,3971.0,0.9602115
10,83,0,2652.0,4007.0,0.66184175
10,83,1,4007.0,4007.0,1.0
10,83,2,3813.0,4007.0,0.95158476
10,84,0,2652.0,4063.0,0.6527197
10,84,1,4007.0,4063.0,0.9862171
10,84,2,4063.0,4063.0,1.0
10,85,0,2652.0,4128.0,0.64244187
10,85,1,4007.0,4128.0,0.970688
10,85,2,4128.0,4128.0,1.0
10,86,0,2652.0,4197.0,0.6318799
10,86,1,4007.0,4197.0,0.95472956
10,86,2,4197.0,4197.0,1.0
10,87,0,2652.0,4232.0,0.6266541
10,87,1,4232.0,4232.0,1.0
10,87,2,4197.0,4232.0,0.9917297
10,88,0,2652.0,4277.0,0.6200608
10,88,1,4277.0,4277.0,1.0
10,88,2,4197.0,4277.0,0.9812953
10,89,0,2652.0,4350.0,0.6096552
10,89,1,4277.0,4350.0,0.9832184
10,89,2,4350.0,4350.0,1.0
10,90,0,2652.0,4393.0,0.6036877
10,90,1,4393.0,4393.0,1.0
10,90,2,4350.0,4393.0,0.9902117
10,91,0,2652.0,4426.0,0.5991866
10,91,1,4426.0,4426.0,1.0
10,91,2,4350.0,4426.0,0.98282874
10,92,0,2652.0,4489.0,0.59077746
10,92,1,4426.0,4489.0,0.98596567
10,92,2,4489.0,4489.0,1.0
10,93,0,2652.0,4539.0,0.58426964
10,93,1,4539.0,4539.0,1.0
10,93,2,4489.0,4539.0,0.98898435
10,94,0,2652.0,4567.0,0.5806875
10,94,1,4567.0,4567.0,1.0
10,94,2,4489.0,4567.0,0.98292094
10,95,0,2652.0,4598.0,0.5767725
10,95,1,4598.0,4598.0,1.0
10,95,2,4489.0,4598.0,0.97629404
10,96,0,2652.0,4631.0,0.5726625
10,96,1,4631.0,4631.0,1.0
10,96,2,4489.0,4631.0,0.9693371
10,97,0,2652.0,4673.0,0.5675155
10,97,1,4673.0,4673.0,1.0
10,97,2,4489.0,4673.0,0.9606249
10,98,0,2652.0,4743.0,0.5591398
10,98,1,4673.0,4743.0,0.9852414
10,98,2,4743.0,4743.0,1.0
10,99,0,2652.0,4775.0,0.5553927
10,99,1,4775.0,4775.0,1.0
10,99,2,4743.0,4775.0,0.9932984
10,100,0,2652.0,4812.0,0.5511222
10,100,1,4812.0,4812.0,1.0
10,100,2,4743.0,4812.0,0.98566085
10,101,0,2652.0,4854.0,0.5463535
10,101,1,4812.0,4854.0,0.9913473
10,101,2,4854.0,4854.0,1.0
10,102,0,2652.0,4889.0,0.5424422
10,102,1,4889.0,4889.0,1.0
10,102,2,4854.0,4889.0,0.99284106
10,103,0,2652.0,4926.0,0.53836787
10,103,1,4926.0,4926.0,1.0
10,103,2,4854.0,4926.0,0.9853837
10,104,0,2652.0,4964.0,0.53424656
10,104,1,4964.0,4964.0,1.0
10,104,2,4854.0,4964.0,0.9778404
10,105,0,2652.0,5001.0,0.53029394
10,105,1,5001.0,5001.0,1.0
10,105,2,4854.0,5001.0,0.97060585
10,106,0,2652.0,5050.0,0.5251485
10,106,1,5050.0,5050.0,1.0
10,106,2,4854.0,5050.0,0.96118814
10,107,0,2652.0,5095.0,0.5205103
10,107,1,5095.0,5095.0,1.0
10,107,2,4854.0,5095.0,0.9526987
10,108,0,2652.0,5151.0,0.5148515
10,108,1,5095.0,5151.0,0.98912835
10,108,2,5151.0,5151.0,1.0
10,109,0,2652.0,5190.0,0.51098263
10,109,1,5190.0,5190.0,1.0
10,109,2,5151.0,5190.0,0.9924855
10,110,0,2652.0,5230.0,0.5070746
10,110,1,5190.0,5230.0,0.99235183
10,110,2,5230.0,5230.0,1.0
10,111,0,2652.0,5271.0,0.5031303
10,111,1,5271.0,5271.0,1.0
10,111,2,5230.0,5271.0,0.9922216
10,112,0,2652.0,5307.0,0.49971735
10,112,1,5307.0,5307.0,1.0
10,112,2,5230.0,5307.0,0.98549086
10,113,0,2652.0,5347.0,0.49597904
10,113,1,5307.0,5347.0,0.99251914
10,113,2,5347.0,5347.0,1.0
10,114,0,2652.0,5397.0,0.4913841
10,114,1,5307.0,5397.0,0.98332405
10,114,2,5397.0,5397.0,1.0
10,115,0,2652.0,5430.0,0.48839778
10,115,1,5430.0,5430.0,1.0
10,115,2,5397.0,5430.0,0.99392265
10,116,0,2652.0,5487.0,0.48332423
10,116,1,5430.0,5487.0,0.9896118
10,116,2,5487.0,5487.0,1.0
10,117,0,2652.0,5517.0,0.48069602
10,117,1,5517.0,5517.0,1.0
10,117,2,5487.0,5517.0,0.99456227
10,118,0,2652.0,5557.0,0.4772359
10,118,1,5557.0,5557.0,1.0
10,118,2,5487.0,5557.0,0.9874033
10,119,0,2652.0,5608.0,0.47289586
10,119,1,5557.0,5608.0,0.9909058
10,119,2,5608.0,5608.0,1.0
10,120,0,2652.0,5676.0,0.46723044
10,120,1,5557.0,5676.0,0.97903454
10,120,2,5676.0,5676.0,1.0
10,121,0,2652.0,5714.0,0.46412322
10,121,1,5714.0,5714.0,1.0
10,121,2,5676.0,5714.0,0.9933497
10,122,0,2652.0,5751.0,0.4611372
10,122,1,5714.0,5751.0,0.99356633
10,122,2,5751.0,5751.0,1.0
10,123,0,2652.0,5792.0,0.45787293
10,123,1,5792.0,5792.0,1.0
10,123,2,5751.0,5792.0,0.9929213
10,124,0,2652.0,5834.0,0.4545766
10,124,1,5834.0,5834.0,1.0
10,124,2,5751.0,5834.0,0.985773
10,125,0,2652.0,5889.0,0.45033112
10,125,1,5834.0,5889.0,0.99066055
10,125,2,5889.0,5889.0,1.0
10,126,0,2652.0,5943.0,0.44623926
10,126,1,5834.0,5943.0,0.9816591
10,126,2,5943.0,5943.0,1.0
10,127,0,2652.0,5975.0,0.44384938
10,127,1,5975.0,5975.0,1.0
10,127,2,5943.0,5975.0,0.99464434
10,128,0,2652.0,6012.0,0.44111776
10,128,1,6012.0,6012.0,1.0
10,128,2,5943.0,6012.0,0.98852295
10,129,0,2652.0,6046.0,0.4386371
10,129,1,6046.0,6046.0,1.0
10,129,2,5943.0,6046.0,0.9829639
10,130,0,2652.0,6091.0,0.4353965
10,130,1,6091.0,6091.0,1.0
10,130,2,5943.0,6091.0,0.97570187
10,131,0,2652.0,6133.0,0.4324148
10,131,1,6133.0,6133.0,1.0
10,131,2,5943.0,6133.0,0.96902007
10,132,0,2652.0,6182.0,0.42898738
10,132,1,6182.0,6182.0,1.0
10,132,2,5943.0,6182.0,0.96133935
10,133,0,2652.0,6226.0,0.42595568
10,133,1,6226.0,6226.0,1.0
10,133,2,5943.0,6226.0,0.95454544
10,134,0,2652.0,6267.0,0.423169
10,134,1,6226.0,6267.0,0.9934578
10,134,2,6267.0,6267.0,1.0
11,1,0,36.0,36.0,1.0
11,1,1,0.0,36.0,0.0
11,1,2,0.0,36.0,0.0
11,2,0,80.0,80.0,1.0
11,2,1,0.0,80.0,0.0
11,2,2,0.0,80.0,0.0
11,3,0,136.0,136.0,1.0
11,3,1,0.0,136.0,0.0
11,3,2,0.0,136.0,0.0
11,4,0,192.0,192.0,1.0
11,4,1,0.0,192.0,0.0
11,4,2,0.0,192.0,0.0
11,5,0,268.0,268.0,1.0
11,5,1,0.0,268.0,0.0
11,5,2,0.0,268.0,0.0
11,6,0,268.0,283.0,0.94699645
11,6,1,283.0,283.0,1.0
11,6,2,0.0,283.0,0.0
11,7,0,363.0,363.0,1.0
11,7,1,283.0,363.0,0.7796143
11,7,2,0.0,363.0,0.0
11,8,0,363.0,400.0,0.9075
11,8,1,400.0,400.0,1.0
11,8,2,0.0,400.0,0.0
11,9,0,363.0,436.0,0.8325688
11,9,1,436.0,436.0,1.0
11,9,2,0.0,436.0,0.0
11,10,0,363.0,461.0,0.78741866
11,10,1,461.0,461.0,1.0
11,10,2,0.0,461.0,0.0
11,11,0,541.0,541.0,1.0
11,11,1,461.0,541.0,0.8521257
11,11,2,0.0,541.0,0.0
11,12,0,541.0,566.0,0.9558304
11,12,1,461.0,566.0,0.81448764
11,12,2,566.0,566.0,1.0
11,13,0,625.0,625.0,1.0
11,13,1,461.0,625.0,0.7376
11,13,2,566.0,625.0,0.9056
11,14,0,688.0,688.0,1.0
11,14,1,461.0,688.0,0.67005813
11,14,2,566.0,688.0,0.8226744
11,15,0,688.0,723.0,0.9515906
11,15,1,723.0,723.0,1.0
11,15,2,566.0,723.0,0.78284925
11,16,0,794.0,794.0,1.0
11,16,1,723.0,794.0,0.9105793
11,16,2,566.0,794.0,0.71284634
11,17,0,794.0,849.0,0.9352179
11,17,1,723.0,849.0,0.8515901
11,17,2,849.0,849.0,1.0
11,18,0,794.0,882.0,0.9002268
11,18,1,882.0,882.0,1.0
11,18,2,849.0,882.0,0.96258503
11,19,0,794.0,910.0,0.8725275
11,19,1,910.0,910.0,1.0
11,19,2,849.0,910.0,0.932967
11,20,0,794.0,943.0,0.84199363
11,20,1,943.0,943.0,1.0
11,20,2,849.0,943.0,0.90031815
11,21,0,794.0,993.0,0.7995972
11,21,1,993.0,993.0,1.0
11,21,2,849.0,993.0,0.8549849
11,22,0,794.0,1062.0,0.747646
11,22,1,993.0,1062.0,0.93502825
11,22,2,1062.0,1062.0,1.0
11,23,0,794.0,1115.0,0.7121076
11,23,1,993.0,1115.0,0.890583
11,23,2,1115.0,1115.0,1.0
11,24,0,794.0,1158.0,0.68566495
11,24,1,1158.0,1158.0,1.0
11,24,2,1115.0,1158.0,0.962867
11,25,0,794.0,1200.0,0.6616667
11,25,1,1200.0,1200.0,1.0
11,25,2,1115.0,1200.0,0.9291667
11,26,0,1255.0,1255.0,1.0
11,26,1,1200.0,1255.0,0.9561753
11,26,2,1115.0,1255.0,0.8884462
11,27,0,1321.0,1321.0,1.0
11,27,1,1200.0,1321.0,0.90840274
11,27,2,1115.0,1321.0,0.84405756
11,28,0,1321.0,1353.0,0.9763489
11,28,1,1353.0,1353.0,1.0
11,28,2,1115.0,1353.0,0.8240946
11,29,0,1412.0,1412.0,1.0
11,29,1,1353.0,1412.0,0.9582153
11,29,2,1115.0,1412.0,0.78966004
11,30,0,1412.0,1452.0,0.9724518
11,30,1,1452.0,1452.0,1.0
11,30,2,1115.0,1452.0,0.7679063
11,31,0,1412.0,1495.0,0.9444816
11,31,1,1452.0,1495.0,0.9712375
11,31,2,1495.0,1495.0,1.0
11,32,0,1412.0,1528.0,0.92408377
11,32,1,1528.0,1528.0,1.0
11,32,2,1495.0,1528.0,0.97840315
11,33,0,1594.0,1594.0,1.0
11,33,1,1528.0,1594.0,0.95859474
11,33,2,1495.0,1594.0,0.9378921
11,34,0,1594.0,1658.0,0.96139926
11,34,1,1528.0,1658.0,0.9215923
11,34,2,1658.0,1658.0,1.0
11,35,0,1720.0,1720.0,1.0
11,35,1,1528.0,1720.0,0.88837206
11,35,2,1658.0,1720.0,0.9639535
11,36,0,1720.0,1793.0,0.9592861
11,36,1,1528.0,1793.0,0.852203
11,36,2,1793.0,1793.0,1.0
11,37,0,1720.0,1866.0,0.92175776
11,37,1,1528.0,1866.0,0.81886387
11,37,2,1866.0,1866.0,1.0
11,38,0,1720.0,1930.0,0.8911917
11,38,1,1528.0,1930.0,0.79170984
11,38,2,1930.0,1930.0,1.0
11,39,0,1720.0,1980.0,0.86868685
11,39,1,1980.0,1980.0,1.0
11,39,2,1930.0,1980.0,0.9747475
11,40,0,1720.0,2021.0,0.85106385
11,40,1,2021.0,2021.0,1.0
11,40,2,1930.0,2021.0,0.9549728
11,41,0,2086.0,2086.0,1.0
11,41,1,2021.0,2086.0,0.9688399
11,41,2,1930.0,2086.0,0.9252157
11,42,0,2086.0,2121.0,0.98349833
11,42,1,2121.0,2121.0,1.0
11,42,2,1930.0,2121.0,0.9099481
11,43,0,2181.0,2181.0,1.0
11,43,1,2121.0,2181.0,0.97248966
11,43,2,1930.0,2181.0,0.8849152
11,44,0,2181.0,2237.0,0.97496647
11,44,1,2121.0,2237.0,0.94814485
11,44,2,2237.0,2237.0,1.0
11,45,0,2181.0,2287.0,0.9536511
11,45,1,2121.0,2287.0,0.92741585
11,45,2,2287.0,2287.0,1.0
11,46,0,2181.0,2333.0,0.93484783
11,46,1,2333.0,2333.0,1.0
11,46,2,2287.0,2333.0,0.9802829
11,47,0,2181.0,2381.0,0.9160017
11,47,1,2381.0,2381.0,1.0
11,47,2,2287.0,2381.0,0.9605208
11,48,0,2181.0,2424.0,0.8997525
11,48,1,2424.0,2424.0,1.0
11,48,2,2287.0,2424.0,0.94348186
11,49,0,2181.0,2464.0,0.8851461
11,49,1,2464.0,2464.0,1.0
11,49,2,2287.0,2464.0,0.92816556
11,50,0,2181.0,2507.0,0.8699641
11,50,1,2507.0,2507.0,1.0
11,50,2,2287.0,2507.0,0.9122457
11,51,0,2181.0,2551.0,0.85495883
11,51,1,2551.0,2551.0,1.0
11,51,2,2287.0,2551.0,0.8965112
11,52,0,2181.0,2595.0,0.84046245
11,52,1,2551.0,2595.0,0.9830443
11,52,2,2595.0,2595.0,1.0
11,53,0,2181.0,2652.0,0.8223982
11,53,1,2551.0,2652.0,0.96191555
11,53,2,2652.0,2652.0,1.0
11,54,0,2181.0,2688.0,0.8113839
11,54,1,2551.0,2688.0,0.9490327
11,54,2,2688.0,2688.0,1.0
11,55,0,2181.0,2758.0,0.79079044
11,55,1,2551.0,2758.0,0.9249456
11,55,2,2758.0,2758.0,1.0
11,56,0,2181.0,2794.0,0.78060126
11,56,1,2794.0,2794.0,1.0
11,56,2,2758.0,2794.0,0.98711526
11,57,0,2181.0,2827.0,0.7714892
11,57,1,2827.0,2827.0,1.0
11,57,2,2758.0,2827.0,0.9755925
11,58,0,2181.0,2864.0,0.76152235
11,58,1,2827.0,2864.0,0.987081
11,58,2,2864.0,2864.0,1.0
11,59,0,2181.0,2899.0,0.7523284
11,59,1,2899.0,2899.0,1.0
11,59,2,2864.0,2899.0,0.9879269
11,60,0,2181.0,2944.0,0.7408288
11,60,1,2899.0,2944.0,0.9847147
11,60,2,2944.0,2944.0,1.0
11,61,0,2181.0,3010.0,0.7245847
11,61,1,2899.0,3010.0,0.9631229
11,61,2,3010.0,3010.0,1.0
11,62,0,2181.0,3052.0,0.7146134
11,62,1,3052.0,3052.0,1.0
11,62,2,3010.0,3052.0,0.98623854
11,63,0,2181.0,3102.0,0.7030948
11,63,1,3102.0,3102.0,1.0
11,63,2,3010.0,3102.0,0.97034174
11,64,0,2181.0,3135.0,0.6956938
11,64,1,3102.0,3135.0,0.9894737
11,64,2,3135.0,3135.0,1.0
11,65,0,3192.0,3192.0,1.0
11,65,1,3102.0,3192.0,0.9718045
11,65,2,3135.0,3192.0,0.98214287
11,66,0,3192.0,3231.0,0.98792946
11,66,1,3102.0,3231.0,0.9600743
11,66,2,3231.0,3231.0,1.0
11,67,0,3192.0,3304.0,0.9661017
11,67,1,3102.0,3304.0,0.93886197
11,67,2,3304.0,3304.0,1.0
11,68,0,3192.0,3349.0,0.95312035
11,68,1,3349.0,3349.0,1.0
11,68,2,3304.0,3349.0,0.98656315
11,69,0,3192.0,3403.0,0.9379959
11,69,1,3349.0,3403.0,0.98413163
11,69,2,3403.0,3403.0,1.0
11,70,0,3192.0,3442.0,0.9273678
11,70,1,3349.0,3442.0,0.9729808
11,70,2,3442.0,3442.0,1.0
11,71,0,3192.0,3487.0,0.9154
11,71,1,3487.0,3487.0,1.0
11,71,2,3442.0,3487.0,0.98709494
11,72,0,3192.0,3543.0,0.9009314
11,72,1,3487.0,3543.0,0.98419416
11,72,2,3543.0,3543.0,1.0
11,73,0,3192.0,3586.0,0.89012825
11,73,1,3586.0,3586.0,1.0
11,73,2,3543.0,3586.0,0.9880089
11,74,0,3192.0,3640.0,0.8769231
11,74,1,3586.0,3640.0,0.9851648
11,74,2,3640.0,3640.0,1.0
11,75,0,3192.0,3678.0,0.86786294
11,75,1,3678.0,3678.0,1.0
11,75,2,3640.0,3678.0,0.9896683
11,76,0,3736.0,3736.0,1.0
11,76,1,3678.0,3736.0,0.9844754
11,76,2,3640.0,3736.0,0.9743041
11,77,0,3736.0,3778.0,0.988883
11,77,1,3678.0,3778.0,0.97353095
11,77,2,3778.0,3778.0,1.0
11,78,0,3736.0,3821.0,0.97775453
11,78,1,3821.0,3821.0,1.0
11,78,2,3778.0,3821.0,0.9887464
11,79,0,3736.0,3858.0,0.9683774
11,79,1,3821.0,3858.0,0.99040955
11,79,2,3858.0,3858.0,1.0
11,80,0,3736.0,3900.0,0.95794874
11,80,1,3900.0,3900.0,1.0
11,80,2,3858.0,3900.0,0.98923075
11,81,0,3736.0,3963.0,0.9427202
11,81,1,3900.0,3963.0,0.98410296
11,81,2,3963.0,3963.0,1.0
11,82,0,3736.0,4013.0,0.9309743
11,82,1,4013.0,4013.0,1.0
11,82,2,3963.0,4013.0,0.9875405
11,83,0,3736.0,4041.0,0.92452365
11,83,1,4041.0,4041.0,1.0
11,83,2,3963.0,4041.0,0.9806979
11,84,0,3736.0,4078.0,0.9161354
11,84,1,4078.0,4078.0,1.0
11,84,2,3963.0,4078.0,0.9717999
11,85,0,3736.0,4114.0,0.9081186
11,85,1,4114.0,4114.0,1.0
11,85,2,3963.0,4114.0,0.96329606
11,86,0,3736.0,4151.0,0.9000241
11,86,1,4114.0,4151.0,0.9910865
11,86,2,4151.0,4151.0,1.0
11,87,0,3736.0,4193.0,0.89100885
11,87,1,4193.0,4193.0,1.0
11,87,2,4151.0,4193.0,0.9899833
11,88,0,3736.0,4224.0,0.8844697
11,88,1,4224.0,4224.0,1.0
11,88,2,4151.0,4224.0,0.9827178
11,89,0,3736.0,4253.0,0.8784388
11,89,1,4253.0,4253.0,1.0
11,89,2,4151.0,4253.0,0.97601694
11,90,0,3736.0,4290.0,0.8708625
11,90,1,4290.0,4290.0,1.0
11,90,2,4151.0,4290.0,0.9675991
11,91,0,3736.0,4358.0,0.857274
11,91,1,4290.0,4358.0,0.9843965
11,91,2,4358.0,4358.0,1.0
11,92,0,3736.0,4408.0,0.8475499
11,92,1,4408.0,4408.0,1.0
11,92,2,4358.0,4408.0,0.988657
11,93,0,3736.0,4445.0,0.84049493
11,93,1,4445.0,4445.0,1.0
11,93,2,4358.0,4445.0,0.98042744
11,94,0,3736.0,4485.0,0.8329989
11,94,1,4485.0,4485.0,1.0
11,94,2,4358.0,4485.0,0.9716834
11,95,0,3736.0,4526.0,0.8254529
11,95,1,4526.0,4526.0,1.0
11,95,2,4358.0,4526.0,0.96288115
11,96,0,4589.0,4589.0,1.0
11,96,1,4526.0,4589.0,0.9862715
11,96,2,4358.0,4589.0,0.9496622
11,97,0,4589.0,4632.0,0.99071676
11,97,1,4632.0,4632.0,1.0
11,97,2,4358.0,4632.0,0.94084626
11,98,0,4589.0,4674.0,0.98181427
11,98,1,4632.0,4674.0,0.9910141
11,98,2,4674.0,4674.0,1.0
11,99,0,4589.0,4729.0,0.97039545
11,99,1,4632.0,4729.0,0.97948825
11,99,2,4729.0,4729.0,1.0
11,100,0,4589.0,4771.0,0.96185285
11,100,1,4771.0,4771.0,1.0
11,100,2,4729.0,4771.0,0.9911968
11,101,0,4589.0,4817.0,0.95266765
11,101,1,4771.0,4817.0,0.9904505
11,101,2,4817.0,4817.0,1.0
11,102,0,4589.0,4855.0,0.9452111
11,102,1,4855.0,4855.0,1.0
11,102,2,4817.0,4855.0,0.992173
11,103,0,4589.0,4895.0,0.93748724
11,103,1,4855.0,4895.0,0.9918284
11,103,2,4895.0,4895.0,1.0
11,104,0,4589.0,4956.0,0.9259483
11,104,1,4855.0,4956.0,0.97962064
11,104,2,4956.0,4956.0,1.0
11,105,0,4589.0,4986.0,0.9203771
11,105,1,4986.0,4986.0,1.0
11,105,2,4956.0,4986.0,0.99398315
11,106,0,4589.0,5020.0,0.91414344
11,106,1,5020.0,5020.0,1.0
11,106,2,4956.0,5020.0,0.987251
11,107,0,4589.0,5060.0,0.906917
11,107,1,5060.0,5060.0,1.0
11,107,2,4956.0,5060.0,0.97944665
11,108,0,4589.0,5106.0,0.89874655
11,108,1,5106.0,5106.0,1.0
11,108,2,4956.0,5106.0,0.9706228
11,109,0,4589.0,5155.0,0.8902037
11,109,1,5155.0,5155.0,1.0
11,109,2,4956.0,5155.0,0.9613967
11,110,0,4589.0,5193.0,0.8836896
11,110,1,5193.0,5193.0,1.0
11,110,2,4956.0,5193.0,0.9543616
11,111,0,4589.0,5242.0,0.8754292
11,111,1,5242.0,5242.0,1.0
11,111,2,4956.0,5242.0,0.94544065
11,112,0,4589.0,5279.0,0.86929345
11,112,1,5279.0,5279.0,1.0
11,112,2,4956.0,5279.0,0.93881416
11,113,0,4589.0,5317.0,0.8630807
11,113,1,5317.0,5317.0,1.0
11,113,2,4956.0,5317.0,0.9321046
11,114,0,4589.0,5366.0,0.8551994
11,114,1,5317.0,5366.0,0.99086845
11,114,2,5366.0,5366.0,1.0
11,115,0,4589.0,5392.0,0.85107565
11,115,1,5392.0,5392.0,1.0
11,115,2,5366.0,5392.0,0.99517804
11,116,0,4589.0,5432.0,0.8448085
11,116,1,5432.0,5432.0,1.0
11,116,2,5366.0,5432.0,0.9878498
11,117,0,4589.0,5470.0,0.83893967
11,117,1,5470.0,5470.0,1.0
11,117,2,5366.0,5470.0,0.9809872
11,118,0,4589.0,5511.0,0.8326982
11,118,1,5511.0,5511.0,1.0
11,118,2,5366.0,5511.0,0.97368896
11,119,0,4589.0,5543.0,0.82789105
11,119,1,5543.0,5543.0,1.0
11,119,2,5366.0,5543.0,0.9680678
11,120,0,4589.0,5584.0,0.82181233
11,120,1,5543.0,5584.0,0.9926576
11,120,2,5584.0,5584.0,1.0
11,121,0,4589.0,5619.0,0.81669337
11,121,1,5619.0,5619.0,1.0
11,121,2,5584.0,5619.0,0.99377114
11,122,0,4589.0,5664.0,0.8102048
11,122,1,5664.0,5664.0,1.0
11,122,2,5584.0,5664.0,0.9858757
11,123,0,4589.0,5714.0,0.8031151
11,123,1,5714.0,5714.0,1.0
11,123,2,5584.0,5714.0,0.97724885
11,124,0,4589.0,5769.0,0.7954585
11,124,1,5714.0,5769.0,0.9904663
11,124,2,5769.0,5769.0,1.0
11,125,0,4589.0,5813.0,0.7894375
11,125,1,5813.0,5813.0,1.0
11,125,2,5769.0,5813.0,0.99243075
11,126,0,4589.0,5854.0,0.7839084
11,126,1,5813.0,5854.0,0.9929962
11,126,2,5854.0,5854.0,1.0
11,127,0,4589.0,5898.0,0.7780604
11,127,1,5898.0,5898.0,1.0
11,127,2,5854.0,5898.0,0.9925398
11,128,0,4589.0,5943.0,0.77216893
11,128,1,5943.0,5943.0,1.0
11,128,2,5854.0,5943.0,0.9850244
11,129,0,4589.0,5984.0,0.76687837
11,129,1,5984.0,5984.0,1.0
11,129,2,5854.0,5984.0,0.9782754
11,130,0,4589.0,6026.0,0.7615334
11,130,1,6026.0,6026.0,1.0
11,130,2,5854.0,6026.0,0.971457
11,131,0,4589.0,6058.0,0.7575107
11,131,1,6058.0,6058.0,1.0
11,131,2,5854.0,6058.0,0.9663255
11,132,0,4589.0,6123.0,0.7494692
11,132,1,6058.0,6123.0,0.9893843
11,132,2,6123.0,6123.0,1.0
11,133,0,4589.0,6192.0,0.7411176
11,133,1,6058.0,6192.0,0.97835916
11,133,2,6192.0,6192.0,1.0
11,134,0,4589.0,6227.0,0.736952
11,134,1,6058.0,6227.0,0.9728601
11,134,2,6227.0,6227.0,1.0
12,1,0,32.0,32.0,1.0
12,1,1,0.0,32.0,0.0
12,1,2,0.0,32.0,0.0
12,2,0,91.0,91.0,1.0
12,2,1,0.0,91.0,0.0
12,2,2,0.0,91.0,0.0
12,3,0,152.0,152.0,1.0
12,3,1,0.0,152.0,0.0
12,3,2,0.0,152.0,0.0
12,4,0,232.0,232.0,1.0
12,4,1,0.0,232.0,0.0
12,4,2,0.0,232.0,0.0
12,5,0,303.0,303.0,1.0
12,5,1,0.0,303.0,0.0
12,5,2,0.0,303.0,0.0
12,6,0,303.0,319.0,0.9498433
12,6,1,319.0,319.0,1.0
12,6,2,0.0,319.0,0.0
12,7,0,377.0,377.0,1.0
12,7,1,319.0,377.0,0.84615386
12,7,2,0.0,377.0,0.0
12,8,0,439.0,439.0,1.0
12,8,1,319.0,439.0,0.7266515
12,8,2,0.0,439.0,0.0
12,9,0,439.0,484.0,0.9070248
12,9,1,484.0,484.0,1.0
12,9,2,0.0,484.0,0.0
12,10,0,540.0,540.0,1.0
12,10,1,484.0,540.0,0.8962963
12,10,2,0.0,540.0,0.0
12,11,0,606.0,606.0,1.0
12,11,1,484.0,606.0,0.7986799
12,11,2,0.0,606.0,0.0
12,12,0,606.0,643.0,0.94245726
12,12,1,643.0,643.0,1.0
12,12,2,0.0,643.0,0.0
12,13,0,704.0,704.0,1.0
12,13,1,643.0,704.0,0.91335225
12,13,2,0.0,704.0,0.0
12,14,0,763.0,763.0,1.0
12,14,1,643.0,763.0,0.84272605
12,14,2,0.0,763.0,0.0
12,15,0,763.0,798.0,0.95614034
12,15,1,798.0,798.0,1.0
12,15,2,0.0,798.0,0.0
12,16,0,853.0,853.0,1.0
12,16,1,798.0,853.0,0.93552166
12,16,2,0.0,853.0,0.0
12,17,0,853.0,898.0,0.94988865
12,17,1,798.0,898.0,0.8886414
12,17,2,898.0,898.0,1.0
12,18,0,853.0,933.0,0.9142551
12,18,1,933.0,933.0,1.0
12,18,2,898.0,933.0,0.9624866
12,19,0,853.0,1002.0,0.8512974
12,19,1,933.0,1002.0,0.93113774
12,19,2,1002.0,1002.0,1.0
12,20,0,853.0,1032.0,0.82655036
12,20,1,1032.0,1032.0,1.0
12,20,2,1002.0,1032.0,0.9709302
12,21,0,853.0,1072.0,0.79570895
12,21,1,1072.0,1072.0,1.0
12,21,2,1002.0,1072.0,0.9347015
12,22,0,853.0,1122.0,0.76024956
12,22,1,1122.0,1122.0,1.0
12,22,2,1002.0,1122.0,0.8930481
12,23,0,1197.0,1197.0,1.0
12,23,1,1122.0,1197.0,0.93734336
12,23,2,1002.0,1197.0,0.83709276
12,24,0,1278.0,1278.0,1.0
12,24,1,1122.0,1278.0,0.8779343
12,24,2,1002.0,1278.0,0.78403753
12,25,0,1278.0,1311.0,0.97482836
12,25,1,1311.0,1311.0,1.0
12,25,2,1002.0,1311.0,0.7643021
12,26,0,1376.0,1376.0,1.0
12,26,1,1311.0,1376.0,0.95276165
12,26,2,1002.0,1376.0,0.7281977
12,27,0,1376.0,1419.0,0.969697
12,27,1,1419.0,1419.0,1.0
12,27,2,1002.0,1419.0,0.7061311
12,28,0,1490.0,1490.0,1.0
12,28,1,1419.0,1490.0,0.952349
12,28,2,1002.0,1490.0,0.6724832
12,29,0,1490.0,1525.0,0.9770492
12,29,1,1525.0,1525.0,1.0
12,29,2,1002.0,1525.0,0.6570492
12,30,0,1490.0,1563.0,0.95329493
12,30,1,1525.0,1563.0,0.9756878
12,30,2,1563.0,1563.0,1.0
12,31,0,1490.0,1601.0,0.93066835
12,31,1,1601.0,1601.0,1.0
12,31,2,1563.0,1601.0,0.97626483
12,32,0,1675.0,1675.0,1.0
12,32,1,1601.0,1675.0,0.9558209
12,32,2,1563.0,1675.0,0.9331343
12,33,0,1755.0,1755.0,1.0
12,33,1,1601.0,1755.0,0.9122507
12,33,2,1563.0,1755.0,0.8905983
12,34,0,1755.0,1787.0,0.9820929
12,34,1,1787.0,1787.0,1.0
12,34,2,1563.0,1787.0,0.87465024
12,35,0,1755.0,1823.0,0.9626989
12,35,1,1823.0,1823.0,1.0
12,35,2,1563.0,1823.0,0.85737795
12,36,0,1755.0,1869.0,0.93900484
12,36,1,1869.0,1869.0,1.0
12,36,2,1563.0,1869.0,0.83627605
12,37,0,1755.0,1905.0,0.9212598
12,37,1,1905.0,1905.0,1.0
12,37,2,1563.0,1905.0,0.8204724
12,38,0,1755.0,1953.0,0.8986175
12,38,1,1953.0,1953.0,1.0
12,38,2,1563.0,1953.0,0.8003072
12,39,0,1755.0,1993.0,0.88058203
12,39,1,1953.0,1993.0,0.97992975
12,39,2,1993.0,1993.0,1.0
12,40,0,2041.0,2041.0,1.0
12,40,1,1953.0,2041.0,0.9568839
12,40,2,1993.0,2041.0,0.9764821
12,41,0,2041.0,2080.0,0.98125
12,41,1,1953.0,2080.0,0.9389423
12,41,2,2080.0,2080.0,1.0
12,42,0,2041.0,2117.0,0.9641001
12,42,1,1953.0,2117.0,0.9225319
12,42,2,2117.0,2117.0,1.0
12,43,0,2041.0,2157.0,0.9462216
12,43,1,2157.0,2157.0,1.0
12,43,2,2117.0,2157.0,0.98145574
12,44,0,2041.0,2227.0,0.9164796
12,44,1,2157.0,2227.0,0.96856755
12,44,2,2227.0,2227.0,1.0
12,45,0,2041.0,2300.0,0.8873913
12,45,1,2157.0,2300.0,0.9378261
12,45,2,2300.0,2300.0,1.0
12,46,0,2041.0,2348.0,0.8692504
12,46,1,2348.0,2348.0,1.0
12,46,2,2300.0,2348.0,0.9795571
12,47,0,2041.0,2390.0,0.8539749
12,47,1,2390.0,2390.0,1.0
12,47,2,2300.0,2390.0,0.9623431
12,48,0,2041.0,2427.0,0.8409559
12,48,1,2390.0,2427.0,0.98475486
12,48,2,2427.0,2427.0,1.0
12,49,0,2041.0,2482.0,0.8223207
12,49,1,2390.0,2482.0,0.9629331
12,49,2,2482.0,2482.0,1.0
12,50,0,2041.0,2532.0,0.8060821
12,50,1,2532.0,2532.0,1.0
12,50,2,2482.0,2532.0,0.98025274
12,51,0,2041.0,2578.0,0.791699
12,51,1,2532.0,2578.0,0.9821567
12,51,2,2578.0,2578.0,1.0
12,52,0,2041.0,2647.0,0.7710616
12,52,1,2532.0,2647.0,0.9565546
12,52,2,2647.0,2647.0,1.0
12,53,0,2041.0,2682.0,0.76099926
12,53,1,2682.0,2682.0,1.0
12,53,2,2647.0,2682.0,0.98695004
12,54,0,2041.0,2755.0,0.74083483
12,54,1,2682.0,2755.0,0.9735027
12,54,2,2755.0,2755.0,1.0
12,55,0,2041.0,2794.0,0.7304939
12,55,1,2682.0,2794.0,0.9599141
12,55,2,2794.0,2794.0,1.0
12,56,0,2041.0,2827.0,0.72196674
12,56,1,2827.0,2827.0,1.0
12,56,2,2794.0,2827.0,0.98832685
12,57,0,2041.0,2855.0,0.7148862
12,57,1,2855.0,2855.0,1.0
12,57,2,2794.0,2855.0,0.978634
12,58,0,2041.0,2888.0,0.70671743
12,58,1,2888.0,2888.0,1.0
12,58,2,2794.0,2888.0,0.9674515
12,59,0,2041.0,2921.0,0.6987333
12,59,1,2921.0,2921.0,1.0
12,59,2,2794.0,2921.0,0.95652175
12,60,0,2041.0,2987.0,0.6832943
12,60,1,2921.0,2987.0,0.97790426
12,60,2,2987.0,2987.0,1.0
12,61,0,2041.0,3046.0,0.6700591
12,61,1,2921.0,3046.0,0.95896256
12,61,2,3046.0,3046.0,1.0
12,62,0,2041.0,3079.0,0.66287756
12,62,1,2921.0,3079.0,0.94868463
12,62,2,3079.0,3079.0,1.0
12,63,0,2041.0,3120.0,0.65416664
12,63,1,3120.0,3120.0,1.0
12,63,2,3079.0,3120.0,0.98685896
12,64,0,2041.0,3158.0,0.64629513
12,64,1,3158.0,3158.0,1.0
12,64,2,3079.0,3158.0,0.97498417
12,65,0,2041.0,3215.0,0.6348367
12,65,1,3158.0,3215.0,0.9822706
12,65,2,3215.0,3215.0,1.0
12,66,0,3293.0,3293.0,1.0
12,66,1,3158.0,3293.0,0.9590039
12,66,2,3215.0,3293.0,0.9763134
12,67,0,3293.0,3346.0,0.9841602
12,67,1,3158.0,3346.0,0.9438135
12,67,2,3346.0,3346.0,1.0
12,68,0,3293.0,3384.0,0.97310877
12,68,1,3384.0,3384.0,1.0
12,68,2,3346.0,3384.0,0.98877066
12,69,0,3293.0,3434.0,0.95894
12,69,1,3434.0,3434.0,1.0
12,69,2,3346.0,3434.0,0.97437394
12,70,0,3293.0,3474.0,0.9478987
12,70,1,3474.0,3474.0,1.0
12,70,2,3346.0,3474.0,0.96315485
12,71,0,3293.0,3511.0,0.9379094
12,71,1,3474.0,3511.0,0.9894617
12,71,2,3511.0,3511.0,1.0
12,72,0,3293.0,3548.0,0.92812854
12,72,1,3548.0,3548.0,1.0
12,72,2,3511.0,3548.0,0.9895716
12,73,0,3293.0,3592.0,0.9167595
12,73,1,3592.0,3592.0,1.0
12,73,2,3511.0,3592.0,0.9774499
12,74,0,3293.0,3641.0,0.90442187
12,74,1,3592.0,3641.0,0.98654217
12,74,2,3641.0,3641.0,1.0
12,75,0,3293.0,3691.0,0.89217013
12,75,1,3592.0,3691.0,0.973178
12,75,2,3691.0,3691.0,1.0
12,76,0,3293.0,3731.0,0.8826052
12,76,1,3592.0,3731.0,0.9627446
12,76,2,3731.0,3731.0,1.0
12,77,0,3293.0,3776.0,0.8720869
12,77,1,3776.0,3776.0,1.0
12,77,2,3731.0,3776.0,0.98808265
12,78,0,3293.0,3818.0,0.86249346
12,78,1,3776.0,3818.0,0.9889995
12,78,2,3818.0,3818.0,1.0
12,79,0,3293.0,3861.0,0.85288787
12,79,1,3861.0,3861.0,1.0
12,79,2,3818.0,3861.0,0.988863
12,80,0,3293.0,3898.0,0.8447922
12,80,1,3898.0,3898.0,1.0
12,80,2,3818.0,3898.0,0.97947663
12,81,0,3293.0,3937.0,0.8364237
12,81,1,3898.0,3937.0,0.990094
12,81,2,3937.0,3937.0,1.0
12,82,0,3293.0,3987.0,0.8259343
12,82,1,3987.0,3987.0,1.0
12,82,2,3937.0,3987.0,0.98745924
12,83,0,3293.0,4060.0,0.81108373
12,83,1,3987.0,4060.0,0.9820197
12,83,2,4060.0,4060.0,1.0
12,84,0,3293.0,4114.0,0.8004375
12,84,1,3987.0,4114.0,0.9691298
12,84,2,4114.0,4114.0,1.0
12,85,0,3293.0,4150.0,0.793494
12,85,1,3987.0,4150.0,0.96072286
12,85,2,4150.0,4150.0,1.0
12,86,0,3293.0,4206.0,0.7829291
12,86,1,3987.0,4206.0,0.9479315
12,86,2,4206.0,4206.0,1.0
12,87,0,3293.0,4248.0,0.7751883
12,87,1,4248.0,4248.0,1.0
12,87,2,4206.0,4248.0,0.990113
12,88,0,3293.0,4276.0,0.7701123
12,88,1,4276.0,4276.0,1.0
12,88,2,4206.0,4276.0,0.9836296
12,89,0,3293.0,4316.0,0.762975
12,89,1,4316.0,4316.0,1.0
12,89,2,4206.0,4316.0,0.9745134
12,90,0,3293.0,4357.0,0.7557953
12,90,1,4357.0,4357.0,1.0
12,90,2,4206.0,4357.0,0.9653431
12,91,0,3293.0,4400.0,0.7484091
12,91,1,4400.0,4400.0,1.0
12,91,2,4206.0,4400.0,0.9559091
12,92,0,3293.0,4437.0,0.7421681
12,92,1,4400.0,4437.0,0.991661
12,92,2,4437.0,4437.0,1.0
12,93,0,3293.0,4474.0,0.7360304
12,93,1,4474.0,4474.0,1.0
12,93,2,4437.0,4474.0,0.99173
12,94,0,3293.0,4504.0,0.73112786
12,94,1,4504.0,4504.0,1.0
12,94,2,4437.0,4504.0,0.98512435
12,95,0,3293.0,4545.0,0.7245324
12,95,1,4504.0,4545.0,0.9909791
12,95,2,4545.0,4545.0,1.0
12,96,0,3293.0,4613.0,0.71385217
12,96,1,4504.0,4613.0,0.9763711
12,96,2,4613.0,4613.0,1.0
12,97,0,3293.0,4655.0,0.7074114
12,97,1,4655.0,4655.0,1.0
12,97,2,4613.0,4655.0,0.99097747
12,98,0,3293.0,4689.0,0.70228195
12,98,1,4689.0,4689.0,1.0
12,98,2,4613.0,4689.0,0.9837918
12,99,0,3293.0,4743.0,0.69428635
12,99,1,4689.0,4743.0,0.9886148
12,99,2,4743.0,4743.0,1.0
12,100,0,3293.0,4780.0,0.68891215
12,100,1,4780.0,4780.0,1.0
12,100,2,4743.0,4780.0,0.99225944
12,101,0,3293.0,4821.0,0.6830533
12,101,1,4821.0,4821.0,1.0
12,101,2,4743.0,4821.0,0.9838208
12,102,0,3293.0,4864.0,0.6770148
12,102,1,4864.0,4864.0,1.0
12,102,2,4743.0,4864.0,0.97512335
12,103,0,3293.0,4896.0,0.6725899
12,103,1,4896.0,4896.0,1.0
12,103,2,4743.0,4896.0,0.96875
12,104,0,3293.0,4938.0,0.66686916
12,104,1,4938.0,4938.0,1.0
12,104,2,4743.0,4938.0,0.9605103
12,105,0,3293.0,4999.0,0.65873176
12,105,1,4938.0,4999.0,0.98779756
12,105,2,4999.0,4999.0,1.0
12,106,0,3293.0,5043.0,0.6529843
12,106,1,5043.0,5043.0,1.0
12,106,2,4999.0,5043.0,0.991275
12,107,0,3293.0,5111.0,0.6442966
12,107,1,5043.0,5111.0,0.98669535
12,107,2,5111.0,5111.0,1.0
12,108,0,3293.0,5153.0,0.63904524
12,108,1,5153.0,5153.0,1.0
12,108,2,5111.0,5153.0,0.9918494
12,109,0,3293.0,5199.0,0.633391
12,109,1,5199.0,5199.0,1.0
12,109,2,5111.0,5199.0,0.98307365
12,110,0,3293.0,5239.0,0.62855506
12,110,1,5239.0,5239.0,1.0
12,110,2,5111.0,5239.0,0.9755679
12,111,0,3293.0,5289.0,0.62261295
12,111,1,5289.0,5289.0,1.0
12,111,2,5111.0,5289.0,0.96634525
12,112,0,3293.0,5334.0,0.61736035
12,112,1,5334.0,5334.0,1.0
12,112,2,5111.0,5334.0,0.9581927
12,113,0,3293.0,5377.0,0.6124233
12,113,1,5377.0,5377.0,1.0
12,113,2,5111.0,5377.0,0.95053005
12,114,0,3293.0,5426.0,0.60689276
12,114,1,5426.0,5426.0,1.0
12,114,2,5111.0,5426.0,0.9419462
12,115,0,3293.0,5470.0,0.60201097
12,115,1,5470.0,5470.0,1.0
12,115,2,5111.0,5470.0,0.93436927
12,116,0,3293.0,5499.0,0.5988361
12,116,1,5499.0,5499.0,1.0
12,116,2,5111.0,5499.0,0.9294417
12,117,0,3293.0,5540.0,0.59440434
12,117,1,5499.0,5540.0,0.99259925
12,117,2,5540.0,5540.0,1.0
12,118,0,3293.0,5596.0,0.58845603
12,118,1,5499.0,5596.0,0.9826662
12,118,2,5596.0,5596.0,1.0
12,119,0,3293.0,5622.0,0.5857346
12,119,1,5622.0,5622.0,1.0
12,119,2,5596.0,5622.0,0.99537534
12,120,0,3293.0,5659.0,0.58190495
12,120,1,5659.0,5659.0,1.0
12,120,2,5596.0,5659.0,0.9888673
12,121,0,3293.0,5724.0,0.575297
12,121,1,5659.0,5724.0,0.9886443
12,121,2,5724.0,5724.0,1.0
12,122,0,3293.0,5762.0,0.5715029
12,122,1,5762.0,5762.0,1.0
12,122,2,5724.0,5762.0,0.99340504
12,123,0,3293.0,5812.0,0.5665864
12,123,1,5812.0,5812.0,1.0
12,123,2,5724.0,5812.0,0.98485893
12,124,0,3293.0,5850.0,0.56290597
12,124,1,5850.0,5850.0,1.0
12,124,2,5724.0,5850.0,0.97846156
12,125,0,3293.0,5880.0,0.56003404
12,125,1,5880.0,5880.0,1.0
12,125,2,5724.0,5880.0,0.9734694
12,126,0,3293.0,5949.0,0.5535384
12,126,1,5880.0,5949.0,0.9884014
12,126,2,5949.0,5949.0,1.0
12,127,0,3293.0,5994.0,0.5493827
12,127,1,5994.0,5994.0,1.0
12,127,2,5949.0,5994.0,0.9924925
12,128,0,3293.0,6034.0,0.5457408
12,128,1,5994.0,6034.0,0.9933709
12,128,2,6034.0,6034.0,1.0
12,129,0,3293.0,6065.0,0.54295135
12,129,1,6065.0,6065.0,1.0
12,129,2,6034.0,6065.0,0.9948887
12,130,0,3293.0,6109.0,0.53904074
12,130,1,6109.0,6109.0,1.0
12,130,2,6034.0,6109.0,0.98772305
12,131,0,3293.0,6159.0,0.5346647
12,131,1,6109.0,6159.0,0.9918818
12,131,2,6159.0,6159.0,1.0
12,132,0,3293.0,6191.0,0.5319011
12,132,1,6191.0,6191.0,1.0
12,132,2,6159.0,6191.0,0.9948312
12,133,0,3293.0,6231.0,0.5284866
12,133,1,6191.0,6231.0,0.99358046
12,133,2,6231.0,6231.0,1.0
12,134,0,3293.0,6272.0,0.52503186
12,134,1,6272.0,6272.0,1.0
12,134,2,6231.0,6272.0,0.99346304
13,1,0,18.0,18.0,1.0
13,1,1,0.0,18.0,0.0
13,1,2,0.0,18.0,0.0
13,2,0,83.0,83.0,1.0
13,2,1,0.0,83.0,0.0
13,2,2,0.0,83.0,0.0
13,3,0,159.0,159.0,1.0
13,3,1,0.0,159.0,0.0
13,3,2,0.0,159.0,0.0
13,4,0,230.0,230.0,1.0
13,4,1,0.0,230.0,0.0
13,4,2,0.0,230.0,0.0
13,5,0,296.0,296.0,1.0
13,5,1,0.0,296.0,0.0
13,5,2,0.0,296.0,0.0
13,6,0,367.0,367.0,1.0
13,6,1,0.0,367.0,0.0
13,6,2,0.0,367.0,0.0
13,7,0,443.0,443.0,1.0
13,7,1,0.0,443.0,0.0
13,7,2,0.0,443.0,0.0
13,8,0,443.0,458.0,0.9672489
13,8,1,458.0,458.0,1.0
13,8,2,0.0,458.0,0.0
13,9,0,514.0,514.0,1.0
13,9,1,458.0,514.0,0.8910506
13,9,2,0.0,514.0,0.0
13,10,0,558.0,558.0,1.0
13,10,1,458.0,558.0,0.8207885
13,10,2,0.0,558.0,0.0
13,11,0,558.0,591.0,0.9441624
13,11,1,591.0,591.0,1.0
13,11,2,0.0,591.0,0.0
13,12,0,665.0,665.0,1.0
13,12,1,591.0,665.0,0.8887218
13,12,2,0.0,665.0,0.0
13,13,0,705.0,705.0,1.0
13,13,1,591.0,705.0,0.83829784
13,13,2,0.0,705.0,0.0
13,14,0,705.0,745.0,0.94630873
13,14,1,745.0,745.0,1.0
13,14,2,0.0,745.0,0.0
13,15,0,705.0,775.0,0.90967745
13,15,1,775.0,775.0,1.0
13,15,2,0.0,775.0,0.0
13,16,0,855.0,855.0,1.0
13,16,1,775.0,855.0,0.90643275
13,16,2,0.0,855.0,0.0
13,17,0,855.0,909.0,0.9405941
13,17,1,775.0,909.0,0.85258526
13,17,2,909.0,909.0,1.0
13,18,0,855.0,944.0,0.90572035
13,18,1,944.0,944.0,1.0
13,18,2,909.0,944.0,0.9629237
13,19,0,855.0,1017.0,0.84070796
13,19,1,944.0,1017.0,0.9282203
13,19,2,1017.0,1017.0,1.0
13,20,0,1079.0,1079.0,1.0
13,20,1,944.0,1079.0,0.8748841
13,20,2,1017.0,1079.0,0.9425394
13,21,0,1079.0,1121.0,0.9625335
13,21,1,1121.0,1121.0,1.0
13,21,2,1017.0,1121.0,0.90722567
13,22,0,1079.0,1181.0,0.9136325
13,22,1,1121.0,1181.0,0.9491956
13,22,2,1181.0,1181.0,1.0
13,23,0,1079.0,1214.0,0.88879734
13,23,1,1214.0,1214.0,1.0
13,23,2,1181.0,1214.0,0.9728171
13,24,0,1079.0,1287.0,0.83838385
13,24,1,1214.0,1287.0,0.94327897
13,24,2,1287.0,1287.0,1.0
13,25,0,1079.0,1330.0,0.8112782
13,25,1,1214.0,1330.0,0.91278195
13,25,2,1330.0,1330.0,1.0
13,26,0,1079.0,1370.0,0.7875912
13,26,1,1214.0,1370.0,0.8861314
13,26,2,1370.0,1370.0,1.0
13,27,0,1079.0,1416.0,0.7620056
13,27,1,1416.0,1416.0,1.0
13,27,2,1370.0,1416.0,0.9675141
13,28,0,1079.0,1452.0,0.7431129
13,28,1,1452.0,1452.0,1.0
13,28,2,1370.0,1452.0,0.94352615
13,29,0,1079.0,1488.0,0.72513443
13,29,1,1488.0,1488.0,1.0
13,29,2,1370.0,1488.0,0.92069894
13,30,0,1079.0,1536.0,0.70247394
13,30,1,1536.0,1536.0,1.0
13,30,2,1370.0,1536.0,0.89192706
13,31,0,1079.0,1577.0,0.68421054
13,31,1,1577.0,1577.0,1.0
13,31,2,1370.0,1577.0,0.8687381
13,32,0,1079.0,1630.0,0.66196316
13,32,1,1577.0,1630.0,0.96748465
13,32,2,1630.0,1630.0,1.0
13,33,0,1695.0,1695.0,1.0
13,33,1,1577.0,1695.0,0.9303835
13,33,2,1630.0,1695.0,0.9616519
13,34,0,1695.0,1759.0,0.9636157
13,34,1,1577.0,1759.0,0.8965321
13,34,2,1759.0,1759.0,1.0
13,35,0,1695.0,1807.0,0.9380188
13,35,1,1807.0,1807.0,1.0
13,35,2,1759.0,1807.0,0.97343665
13,36,0,1695.0,1843.0,0.91969615
13,36,1,1843.0,1843.0,1.0
13,36,2,1759.0,1843.0,0.9544221
13,37,0,1695.0,1912.0,0.88650626
13,37,1,1843.0,1912.0,0.9639121
13,37,2,1912.0,1912.0,1.0
13,38,0,1695.0,1955.0,0.8670077
13,38,1,1955.0,1955.0,1.0
13,38,2,1912.0,1955.0,0.9780051
13,39,0,2014.0,2014.0,1.0
13,39,1,1955.0,2014.0,0.9707051
13,39,2,1912.0,2014.0,0.9493545
13,40,0,2014.0,2056.0,0.979572
13,40,1,2056.0,2056.0,1.0
13,40,2,1912.0,2056.0,0.9299611
13,41,0,2014.0,2129.0,0.945984
13,41,1,2056.0,2129.0,0.9657116
13,41,2,2129.0,2129.0,1.0
13,42,0,2014.0,2164.0,0.9306839
13,42,1,2164.0,2164.0,1.0
13,42,2,2129.0,2164.0,0.9838262
13,43,0,2014.0,2214.0,0.90966576
13,43,1,2214.0,2214.0,1.0
13,43,2,2129.0,2214.0,0.96160793
13,44,0,2014.0,2264.0,0.88957596
13,44,1,2264.0,2264.0,1.0
13,44,2,2129.0,2264.0,0.94037104
13,45,0,2014.0,2306.0,0.8733738
13,45,1,2306.0,2306.0,1.0
13,45,2,2129.0,2306.0,0.9232437
13,46,0,2014.0,2339.0,0.86105174
13,46,1,2339.0,2339.0,1.0
13,46,2,2129.0,2339.0,0.91021806
13,47,0,2014.0,2371.0,0.8494306
13,47,1,2371.0,2371.0,1.0
13,47,2,2129.0,2371.0,0.89793336
13,48,0,2014.0,2408.0,0.83637875
13,48,1,2371.0,2408.0,0.9846346
13,48,2,2408.0,2408.0,1.0
13,49,0,2014.0,2443.0,0.82439625
13,49,1,2443.0,2443.0,1.0
13,49,2,2408.0,2443.0,0.98567337
13,50,0,2014.0,2500.0,0.8056
13,50,1,2443.0,2500.0,0.9772
13,50,2,2500.0,2500.0,1.0
13,51,0,2014.0,2550.0,0.7898039
13,51,1,2550.0,2550.0,1.0
13,51,2,2500.0,2550.0,0.98039216
13,52,0,2014.0,2583.0,0.7797135
13,52,1,2583.0,2583.0,1.0
13,52,2,2500.0,2583.0,0.96786684
13,53,0,2014.0,2628.0,0.76636225
13,53,1,2628.0,2628.0,1.0
13,53,2,2500.0,2628.0,0.95129377
13,54,0,2014.0,2665.0,0.75572234
13,54,1,2628.0,2665.0,0.98611635
13,54,2,2665.0,2665.0,1.0
13,55,0,2014.0,2721.0,0.74016905
13,55,1,2628.0,2721.0,0.9658214
13,55,2,2721.0,2721.0,1.0
13,56,0,2796.0,2796.0,1.0
13,56,1,2628.0,2796.0,0.93991417
13,56,2,2721.0,2796.0,0.97317594
13,57,0,2796.0,2833.0,0.98693967
13,57,1,2833.0,2833.0,1.0
13,57,2,2721.0,2833.0,0.9604659
13,58,0,2914.0,2914.0,1.0
13,58,1,2833.0,2914.0,0.97220314
13,58,2,2721.0,2914.0,0.93376803
13,59,0,2914.0,2946.0,0.9891378
13,59,1,2946.0,2946.0,1.0
13,59,2,2721.0,2946.0,0.92362523
13,60,0,3018.0,3018.0,1.0
13,60,1,2946.0,3018.0,0.9761431
13,60,2,2721.0,3018.0,0.90159047
13,61,0,3018.0,3073.0,0.98210216
13,61,1,2946.0,3073.0,0.9586723
13,61,2,3073.0,3073.0,1.0
13,62,0,3018.0,3116.0,0.96854943
13,62,1,3116.0,3116.0,1.0
13,62,2,3073.0,3116.0,0.9862003
13,63,0,3018.0,3161.0,0.95476115
13,63,1,3161.0,3161.0,1.0
13,63,2,3073.0,3161.0,0.9721607
13,64,0,3018.0,3215.0,0.93872476
13,64,1,3161.0,3215.0,0.9832037
13,64,2,3215.0,3215.0,1.0
13,65,0,3018.0,3260.0,0.9257669
13,65,1,3260.0,3260.0,1.0
13,65,2,3215.0,3260.0,0.98619634
13,66,0,3018.0,3321.0,0.9087624
13,66,1,3260.0,3321.0,0.98163205
13,66,2,3321.0,3321.0,1.0
13,67,0,3018.0,3365.0,0.8968797
13,67,1,3365.0,3365.0,1.0
13,67,2,3321.0,3365.0,0.98692423
13,68,0,3018.0,3406.0,0.88608336
13,68,1,3406.0,3406.0,1.0
13,68,2,3321.0,3406.0,0.975044
13,69,0,3484.0,3484.0,1.0
13,69,1,3406.0,3484.0,0.97761196
13,69,2,3321.0,3484.0,0.9532147
13,70,0,3484.0,3523.0,0.98892987
13,70,1,3406.0,3523.0,0.96678966
13,70,2,3523.0,3523.0,1.0
13,71,0,3484.0,3560.0,0.9786517
13,71,1,3560.0,3560.0,1.0
13,71,2,3523.0,3560.0,0.98960674
13,72,0,3484.0,3598.0,0.9683157
13,72,1,3560.0,3598.0,0.9894386
13,72,2,3598.0,3598.0,1.0
13,73,0,3484.0,3635.0,0.95845944
13,73,1,3560.0,3635.0,0.97936726
13,73,2,3635.0,3635.0,1.0
13,74,0,3484.0,3703.0,0.9408588
13,74,1,3560.0,3703.0,0.9613827
13,74,2,3703.0,3703.0,1.0
13,75,0,3484.0,3743.0,0.9308042
13,75,1,3743.0,3743.0,1.0
13,75,2,3703.0,3743.0,0.98931336
13,76,0,3484.0,3786.0,0.9202324
13,76,1,3786.0,3786.0,1.0
13,76,2,3703.0,3786.0,0.9780771
13,77,0,3484.0,3842.0,0.90681934
13,77,1,3786.0,3842.0,0.9854243
13,77,2,3842.0,3842.0,1.0
13,78,0,3484.0,3882.0,0.89747554
13,78,1,3882.0,3882.0,1.0
13,78,2,3842.0,3882.0,0.989696
13,79,0,3484.0,3918.0,0.8892292
13,79,1,3882.0,3918.0,0.99081165
13,79,2,3918.0,3918.0,1.0
13,80,0,3484.0,3959.0,0.8800202
13,80,1,3959.0,3959.0,1.0
13,80,2,3918.0,3959.0,0.9896439
13,81,0,3484.0,4001.0,0.8707823
13,81,1,4001.0,4001.0,1.0
13,81,2,3918.0,4001.0,0.9792552
13,82,0,3484.0,4031.0,0.8643017
13,82,1,4031.0,4031.0,1.0
13,82,2,3918.0,4031.0,0.9719673
13,83,0,3484.0,4080.0,0.8539216
13,83,1,4031.0,4080.0,0.9879902
13,83,2,4080.0,4080.0,1.0
13,84,0,3484.0,4114.0,0.84686434
13,84,1,4114.0,4114.0,1.0
13,84,2,4080.0,4114.0,0.9917355
13,85,0,3484.0,4165.0,0.8364946
13,85,1,4114.0,4165.0,0.9877551
13,85,2,4165.0,4165.0,1.0
13,86,0,3484.0,4198.0,0.829919
13,86,1,4198.0,4198.0,1.0
13,86,2,4165.0,4198.0,0.9921391
13,87,0,3484.0,4232.0,0.8232514
13,87,1,4198.0,4232.0,0.99196595
13,87,2,4232.0,4232.0,1.0
13,88,0,3484.0,4270.0,0.81592506
13,88,1,4270.0,4270.0,1.0
13,88,2,4232.0,4270.0,0.9911007
13,89,0,3484.0,4308.0,0.8087279
13,89,1,4308.0,4308.0,1.0
13,89,2,4232.0,4308.0,0.9823584
13,90,0,3484.0,4353.0,0.80036753
13,90,1,4353.0,4353.0,1.0
13,90,2,4232.0,4353.0,0.9722031
13,91,0,3484.0,4397.0,0.7923584
13,91,1,4353.0,4397.0,0.98999316
13,91,2,4397.0,4397.0,1.0
13,92,0,3484.0,4451.0,0.7827454
13,92,1,4353.0,4451.0,0.97798246
13,92,2,4451.0,4451.0,1.0
13,93,0,3484.0,4493.0,0.7754285
13,93,1,4493.0,4493.0,1.0
13,93,2,4451.0,4493.0,0.99065214
13,94,0,3484.0,4535.0,0.76824695
13,94,1,4535.0,4535.0,1.0
13,94,2,4451.0,4535.0,0.9814774
13,95,0,3484.0,4577.0,0.76119727
13,95,1,4577.0,4577.0,1.0
13,95,2,4451.0,4577.0,0.97247106
13,96,0,3484.0,4645.0,0.7500538
13,96,1,4577.0,4645.0,0.9853606
13,96,2,4645.0,4645.0,1.0
13,97,0,3484.0,4677.0,0.744922
13,97,1,4677.0,4677.0,1.0
13,97,2,4645.0,4677.0,0.993158
13,98,0,3484.0,4722.0,0.73782295
13,98,1,4722.0,4722.0,1.0
13,98,2,4645.0,4722.0,0.98369336
13,99,0,3484.0,4767.0,0.73085797
13,99,1,4722.0,4767.0,0.9905601
13,99,2,4767.0,4767.0,1.0
13,100,0,3484.0,4808.0,0.72462565
13,100,1,4808.0,4808.0,1.0
13,100,2,4767.0,4808.0,0.99147254
13,101,0,3484.0,4857.0,0.7173152
13,101,1,4857.0,4857.0,1.0
13,101,2,4767.0,4857.0,0.98147005
13,102,0,3484.0,4898.0,0.71131074
13,102,1,4857.0,4898.0,0.99162924
13,102,2,4898.0,4898.0,1.0
13,103,0,3484.0,4963.0,0.7019948
13,103,1,4857.0,4963.0,0.9786419
13,103,2,4963.0,4963.0,1.0
13,104,0,3484.0,5032.0,0.69236887
13,104,1,4857.0,5032.0,0.9652226
13,104,2,5032.0,5032.0,1.0
13,105,0,3484.0,5063.0,0.68812954
13,105,1,5063.0,5063.0,1.0
13,105,2,5032.0,5063.0,0.9938772
13,106,0,3484.0,5100.0,0.68313724
13,106,1,5100.0,5100.0,1.0
13,106,2,5032.0,5100.0,0.9866667
13,107,0,3484.0,5135.0,0.67848104
13,107,1,5100.0,5135.0,0.99318403
13,107,2,5135.0,5135.0,1.0
13,108,0,3484.0,5179.0,0.67271674
13,108,1,5179.0,5179.0,1.0
13,108,2,5135.0,5179.0,0.99150413
13,109,0,3484.0,5222.0,0.6671773
13,109,1,5222.0,5222.0,1.0
13,109,2,5135.0,5222.0,0.9833397
13,110,0,3484.0,5256.0,0.66286147
13,110,1,5256.0,5256.0,1.0
13,110,2,5135.0,5256.0,0.9769787
13,111,0,3484.0,5297.0,0.6577308
13,111,1,5256.0,5297.0,0.99225974
13,111,2,5297.0,5297.0,1.0
13,112,0,3484.0,5367.0,0.6491522
13,112,1,5256.0,5367.0,0.9793181
13,112,2,5367.0,5367.0,1.0
13,113,0,3484.0,5407.0,0.64434993
13,113,1,5256.0,5407.0,0.97207326
13,113,2,5407.0,5407.0,1.0
13,114,0,3484.0,5456.0,0.63856304
13,114,1,5456.0,5456.0,1.0
13,114,2,5407.0,5456.0,0.99101907
13,115,0,3484.0,5494.0,0.63414633
13,115,1,5494.0,5494.0,1.0
13,115,2,5407.0,5494.0,0.98416454
13,116,0,3484.0,5527.0,0.63036007
13,116,1,5527.0,5527.0,1.0
13,116,2,5407.0,5527.0,0.9782884
13,117,0,3484.0,5557.0,0.626957
13,117,1,5557.0,5557.0,1.0
13,117,2,5407.0,5557.0,0.973007
13,118,0,3484.0,5607.0,0.62136614
13,118,1,5607.0,5607.0,1.0
13,118,2,5407.0,5607.0,0.9643303
13,119,0,3484.0,5657.0,0.6158741
13,119,1,5657.0,5657.0,1.0
13,119,2,5407.0,5657.0,0.955807
13,120,0,3484.0,5690.0,0.6123023
13,120,1,5690.0,5690.0,1.0
13,120,2,5407.0,5690.0,0.9502636
13,121,0,3484.0,5735.0,0.6074978
13,121,1,5735.0,5735.0,1.0
13,121,2,5407.0,5735.0,0.9428073
13,122,0,3484.0,5785.0,0.6022472
13,122,1,5735.0,5785.0,0.99135697
13,122,2,5785.0,5785.0,1.0
13,123,0,3484.0,5816.0,0.5990371
13,123,1,5816.0,5816.0,1.0
13,123,2,5785.0,5816.0,0.99466985
13,124,0,3484.0,5860.0,0.5945392
13,124,1,5860.0,5860.0,1.0
13,124,2,5785.0,5860.0,0.9872014
13,125,0,5923.0,5923.0,1.0
13,125,1,5860.0,5923.0,0.9893635
13,125,2,5785.0,5923.0,0.976701
13,126,0,5923.0,5964.0,0.99312544
13,126,1,5964.0,5964.0,1.0
13,126,2,5785.0,5964.0,0.96998656
13,127,0,5923.0,5997.0,0.98766047
13,127,1,5997.0,5997.0,1.0
13,127,2,5785.0,5997.0,0.96464896
13,128,0,5923.0,6047.0,0.979494
13,128,1,5997.0,6047.0,0.99173146
13,128,2,6047.0,6047.0,1.0
13,129,0,5923.0,6089.0,0.9727377
13,129,1,5997.0,6089.0,0.98489076
13,129,2,6089.0,6089.0,1.0
13,130,0,5923.0,6121.0,0.9676523
13,130,1,6121.0,6121.0,1.0
13,130,2,6089.0,6121.0,0.9947721
13,131,0,5923.0,6161.0,0.96136993
13,131,1,6161.0,6161.0,1.0
13,131,2,6089.0,6161.0,0.98831356
13,132,0,5923.0,6199.0,0.9554767
13,132,1,6199.0,6199.0,1.0
13,132,2,6089.0,6199.0,0.9822552
13,133,0,5923.0,6241.0,0.9490466
13,133,1,6199.0,6241.0,0.99327034
13,133,2,6241.0,6241.0,1.0
13,134,0,5923.0,6297.0,0.94060665
13,134,1,6199.0,6297.0,0.98443705
13,134,2,6297.0,6297.0,1.0
14,1,0,32.0,32.0,1.0
14,1,1,0.0,32.0,0.0
14,1,2,0.0,32.0,0.0
14,2,0,112.0,112.0,1.0
14,2,1,0.0,112.0,0.0
14,2,2,0.0,112.0,0.0
14,3,0,155.0,155.0,1.0
14,3,1,0.0,155.0,0.0
14,3,2,0.0,155.0,0.0
14,4,0,220.0,220.0,1.0
14,4,1,0.0,220.0,0.0
14,4,2,0.0,220.0,0.0
14,5,0,220.0,236.0,0.9322034
14,5,1,236.0,236.0,1.0
14,5,2,0.0,236.0,0.0
14,6,0,307.0,307.0,1.0
14,6,1,236.0,307.0,0.7687296
14,6,2,0.0,307.0,0.0
14,7,0,307.0,349.0,0.87965614
14,7,1,349.0,349.0,1.0
14,7,2,0.0,349.0,0.0
14,8,0,307.0,384.0,0.7994792
14,8,1,384.0,384.0,1.0
14,8,2,0.0,384.0,0.0
14,9,0,307.0,424.0,0.7240566
14,9,1,384.0,424.0,0.9056604
14,9,2,424.0,424.0,1.0
14,10,0,307.0,464.0,0.6616379
14,10,1,464.0,464.0,1.0
14,10,2,424.0,464.0,0.9137931
14,11,0,520.0,520.0,1.0
14,11,1,464.0,520.0,0.8923077
14,11,2,424.0,520.0,0.8153846
14,12,0,520.0,569.0,0.913884
14,12,1,464.0,569.0,0.81546575
14,12,2,569.0,569.0,1.0
14,13,0,520.0,629.0,0.8267091
14,13,1,464.0,629.0,0.7376788
14,13,2,629.0,629.0,1.0
14,14,0,520.0,663.0,0.78431374
14,14,1,663.0,663.0,1.0
14,14,2,629.0,663.0,0.94871795
14,15,0,520.0,709.0,0.73342735
14,15,1,709.0,709.0,1.0
14,15,2,629.0,709.0,0.887165
14,16,0,783.0,783.0,1.0
14,16,1,709.0,783.0,0.9054917
14,16,2,629.0,783.0,0.8033206
14,17,0,783.0,825.0,0.9490909
14,17,1,825.0,825.0,1.0
14,17,2,629.0,825.0,0.76242423
14,18,0,783.0,861.0,0.9094077
14,18,1,861.0,861.0,1.0
14,18,2,629.0,861.0,0.7305459
14,19,0,783.0,886.0,0.88374716
14,19,1,886.0,886.0,1.0
14,19,2,629.0,886.0,0.70993227
14,20,0,957.0,957.0,1.0
14,20,1,886.0,957.0,0.9258098
14,20,2,629.0,957.0,0.65726227
14,21,0,957.0,1000.0,0.957
14,21,1,886.0,1000.0,0.886
14,21,2,1000.0,1000.0,1.0
14,22,0,957.0,1028.0,0.93093383
14,22,1,1028.0,1028.0,1.0
14,22,2,1000.0,1028.0,0.97276264
14,23,0,1109.0,1109.0,1.0
14,23,1,1028.0,1109.0,0.92696124
14,23,2,1000.0,1109.0,0.90171325
14,24,0,1149.0,1149.0,1.0
14,24,1,1028.0,1149.0,0.89469105
14,24,2,1000.0,1149.0,0.87032205
14,25,0,1225.0,1225.0,1.0
14,25,1,1028.0,1225.0,0.8391837
14,25,2,1000.0,1225.0,0.81632656
14,26,0,1288.0,1288.0,1.0
14,26,1,1028.0,1288.0,0.79813665
14,26,2,1000.0,1288.0,0.7763975
14,27,0,1339.0,1339.0,1.0
14,27,1,1028.0,1339.0,0.7677371
14,27,2,1000.0,1339.0,0.746826
14,28,0,1339.0,1384.0,0.96748555
14,28,1,1384.0,1384.0,1.0
14,28,2,1000.0,1384.0,0.72254336
14,29,0,1445.0,1445.0,1.0
14,29,1,1384.0,1445.0,0.9577855
14,29,2,1000.0,1445.0,0.6920415
14,30,0,1445.0,1486.0,0.9724091
14,30,1,1486.0,1486.0,1.0
14,30,2,1000.0,1486.0,0.6729475
14,31,0,1445.0,1526.0,0.94692004
14,31,1,1526.0,1526.0,1.0
14,31,2,1000.0,1526.0,0.655308
14,32,0,1445.0,1559.0,0.9268762
14,32,1,1559.0,1559.0,1.0
14,32,2,1000.0,1559.0,0.6414368
14,33,0,1445.0,1612.0,0.896402
14,33,1,1559.0,1612.0,0.9671216
14,33,2,1612.0,1612.0,1.0
14,34,0,1445.0,1643.0,0.87948877
14,34,1,1643.0,1643.0,1.0
14,34,2,1612.0,1643.0,0.9811321
14,35,0,1445.0,1691.0,0.85452396
14,35,1,1691.0,1691.0,1.0
14,35,2,1612.0,1691.0,0.95328206
14,36,0,1445.0,1726.0,0.8371958
14,36,1,1726.0,1726.0,1.0
14,36,2,1612.0,1726.0,0.9339513
14,37,0,1445.0,1783.0,0.81043184
14,37,1,1726.0,1783.0,0.9680314
14,37,2,1783.0,1783.0,1.0
14,38,0,1445.0,1818.0,0.7948295
14,38,1,1818.0,1818.0,1.0
14,38,2,1783.0,1818.0,0.98074806
14,39,0,1445.0,1866.0,0.7743837
14,39,1,1866.0,1866.0,1.0
14,39,2,1783.0,1866.0,0.95551986
14,40,0,1445.0,1939.0,0.7452295
14,40,1,1866.0,1939.0,0.96235174
14,40,2,1939.0,1939.0,1.0
14,41,0,1445.0,2008.0,0.71962154
14,41,1,1866.0,2008.0,0.92928284
14,41,2,2008.0,2008.0,1.0
14,42,0,1445.0,2058.0,0.702138
14,42,1,2058.0,2058.0,1.0
14,42,2,2008.0,2058.0,0.97570455
14,43,0,2117.0,2117.0,1.0
14,43,1,2058.0,2117.0,0.97213036
14,43,2,2008.0,2117.0,0.948512
14,44,0,2117.0,2173.0,0.97422916
14,44,1,2058.0,2173.0,0.94707775
14,44,2,2173.0,2173.0,1.0
14,45,0,2117.0,2213.0,0.95662
14,45,1,2058.0,2213.0,0.92995936
14,45,2,2213.0,2213.0,1.0
14,46,0,2117.0,2251.0,0.9404709
14,46,1,2251.0,2251.0,1.0
14,46,2,2213.0,2251.0,0.9831186
14,47,0,2117.0,2293.0,0.92324466
14,47,1,2293.0,2293.0,1.0
14,47,2,2213.0,2293.0,0.9651112
14,48,0,2117.0,2336.0,0.90625
14,48,1,2336.0,2336.0,1.0
14,48,2,2213.0,2336.0,0.9473459
14,49,0,2395.0,2395.0,1.0
14,49,1,2336.0,2395.0,0.97536534
14,49,2,2213.0,2395.0,0.92400837
14,50,0,2395.0,2440.0,0.98155737
14,50,1,2336.0,2440.0,0.9573771
14,50,2,2440.0,2440.0,1.0
14,51,0,2395.0,2513.0,0.9530442
14,51,1,2336.0,2513.0,0.92956626
14,51,2,2513.0,2513.0,1.0
14,52,0,2395.0,2546.0,0.9406913
14,52,1,2546.0,2546.0,1.0
14,52,2,2513.0,2546.0,0.9870385
14,53,0,2395.0,2578.0,0.92901474
14,53,1,2546.0,2578.0,0.9875873
14,53,2,2578.0,2578.0,1.0
14,54,0,2395.0,2628.0,0.9113394
14,54,1,2546.0,2628.0,0.96879756
14,54,2,2628.0,2628.0,1.0
14,55,0,2395.0,2665.0,0.8986867
14,55,1,2546.0,2665.0,0.9553471
14,55,2,2665.0,2665.0,1.0
14,56,0,2395.0,2709.0,0.88409007
14,56,1,2709.0,2709.0,1.0
14,56,2,2665.0,2709.0,0.98375785
14,57,0,2772.0,2772.0,1.0
14,57,1,2709.0,2772.0,0.97727275
14,57,2,2665.0,2772.0,0.96139973
14,58,0,2772.0,2815.0,0.9847247
14,58,1,2815.0,2815.0,1.0
14,58,2,2665.0,2815.0,0.94671404
14,59,0,2772.0,2865.0,0.96753925
14,59,1,2865.0,2865.0,1.0
14,59,2,2665.0,2865.0,0.930192
14,60,0,2772.0,2900.0,0.95586205
14,60,1,2900.0,2900.0,1.0
14,60,2,2665.0,2900.0,0.9189655
14,61,0,2772.0,2937.0,0.94382024
14,61,1,2937.0,2937.0,1.0
14,61,2,2665.0,2937.0,0.9073885
14,62,0,2772.0,2969.0,0.9336477
14,62,1,2969.0,2969.0,1.0
14,62,2,2665.0,2969.0,0.89760864
14,63,0,2772.0,3010.0,0.9209302
14,63,1,2969.0,3010.0,0.9863787
14,63,2,3010.0,3010.0,1.0
14,64,0,2772.0,3049.0,0.90915054
14,64,1,3049.0,3049.0,1.0
14,64,2,3010.0,3049.0,0.9872089
14,65,0,3124.0,3124.0,1.0
14,65,1,3049.0,3124.0,0.9759923
14,65,2,3010.0,3124.0,0.9635083
14,66,0,3124.0,3174.0,0.984247
14,66,1,3174.0,3174.0,1.0
14,66,2,3010.0,3174.0,0.94833016
14,67,0,3124.0,3215.0,0.9716952
14,67,1,3215.0,3215.0,1.0
14,67,2,3010.0,3215.0,0.9362364
14,68,0,3124.0,3248.0,0.9618227
14,68,1,3248.0,3248.0,1.0
14,68,2,3010.0,3248.0,0.92672414
14,69,0,3124.0,3281.0,0.95214874
14,69,1,3281.0,3281.0,1.0
14,69,2,3010.0,3281.0,0.9174032
14,70,0,3124.0,3335.0,0.93673164
14,70,1,3281.0,3335.0,0.9838081
14,70,2,3335.0,3335.0,1.0
14,71,0,3124.0,3372.0,0.9264532
14,71,1,3281.0,3372.0,0.97301304
14,71,2,3372.0,3372.0,1.0
14,72,0,3124.0,3414.0,0.91505563
14,72,1,3281.0,3414.0,0.96104276
14,72,2,3414.0,3414.0,1.0
14,73,0,3124.0,3450.0,0.90550727
14,73,1,3281.0,3450.0,0.9510145
14,73,2,3450.0,3450.0,1.0
14,74,0,3124.0,3484.0,0.8966705
14,74,1,3484.0,3484.0,1.0
14,74,2,3450.0,3484.0,0.9902411
14,75,0,3124.0,3510.0,0.8900285
14,75,1,3510.0,3510.0,1.0
14,75,2,3450.0,3510.0,0.982906
14,76,0,3124.0,3553.0,0.87925696
14,76,1,3553.0,3553.0,1.0
14,76,2,3450.0,3553.0,0.9710104
14,77,0,3124.0,3590.0,0.870195
14,77,1,3590.0,3590.0,1.0
14,77,2,3450.0,3590.0,0.96100277
14,78,0,3124.0,3630.0,0.8606061
14,78,1,3630.0,3630.0,1.0
14,78,2,3450.0,3630.0,0.9504132
14,79,0,3124.0,3672.0,0.85076255
14,79,1,3672.0,3672.0,1.0
14,79,2,3450.0,3672.0,0.9395425
14,80,0,3124.0,3713.0,0.84136814
14,80,1,3713.0,3713.0,1.0
14,80,2,3450.0,3713.0,0.9291678
14,81,0,3124.0,3751.0,0.83284456
14,81,1,3751.0,3751.0,1.0
14,81,2,3450.0,3751.0,0.91975474
14,82,0,3124.0,3812.0,0.8195173
14,82,1,3751.0,3812.0,0.9839979
14,82,2,3812.0,3812.0,1.0
14,83,0,3124.0,3862.0,0.80890733
14,83,1,3862.0,3862.0,1.0
14,83,2,3812.0,3862.0,0.98705333
14,84,0,3124.0,3899.0,0.8012311
14,84,1,3899.0,3899.0,1.0
14,84,2,3812.0,3899.0,0.9776866
14,85,0,3124.0,3936.0,0.7936992
14,85,1,3936.0,3936.0,1.0
14,85,2,3812.0,3936.0,0.9684959
14,86,0,3124.0,3969.0,0.7871
14,86,1,3936.0,3969.0,0.99168557
14,86,2,3969.0,3969.0,1.0
14,87,0,3124.0,4038.0,0.77365035
14,87,1,3936.0,4038.0,0.97473997
14,87,2,4038.0,4038.0,1.0
14,88,0,3124.0,4068.0,0.76794493
14,88,1,4068.0,4068.0,1.0
14,88,2,4038.0,4068.0,0.99262536
14,89,0,3124.0,4113.0,0.75954294
14,89,1,4113.0,4113.0,1.0
14,89,2,4038.0,4113.0,0.98176515
14,90,0,3124.0,4162.0,0.7506007
14,90,1,4162.0,4162.0,1.0
14,90,2,4038.0,4162.0,0.9702066
14,91,0,3124.0,4235.0,0.7376623
14,91,1,4162.0,4235.0,0.9827627
14,91,2,4235.0,4235.0,1.0
14,92,0,3124.0,4274.0,0.7309312
14,92,1,4162.0,4274.0,0.97379506
14,92,2,4274.0,4274.0,1.0
14,93,0,3124.0,4317.0,0.7236507
14,93,1,4317.0,4317.0,1.0
14,93,2,4274.0,4317.0,0.9900394
14,94,0,3124.0,4362.0,0.7161852
14,94,1,4362.0,4362.0,1.0
14,94,2,4274.0,4362.0,0.9798258
14,95,0,3124.0,4426.0,0.7058292
14,95,1,4362.0,4426.0,0.98554
14,95,2,4426.0,4426.0,1.0
14,96,0,4488.0,4488.0,1.0
14,96,1,4362.0,4488.0,0.97192514
14,96,2,4426.0,4488.0,0.9861854
14,97,0,4488.0,4538.0,0.9889819
14,97,1,4538.0,4538.0,1.0
14,97,2,4426.0,4538.0,0.9753195
14,98,0,4488.0,4594.0,0.97692645
14,98,1,4538.0,4594.0,0.9878102
14,98,2,4594.0,4594.0,1.0
14,99,0,4488.0,4637.0,0.96786714
14,99,1,4637.0,4637.0,1.0
14,99,2,4594.0,4637.0,0.99072677
14,100,0,4488.0,4674.0,0.9602054
14,100,1,4674.0,4674.0,1.0
14,100,2,4594.0,4674.0,0.98288405
14,101,0,4488.0,4714.0,0.9520577
14,101,1,4714.0,4714.0,1.0
14,101,2,4594.0,4714.0,0.9745439
14,102,0,4488.0,4746.0,0.9456384
14,102,1,4746.0,4746.0,1.0
14,102,2,4594.0,4746.0,0.96797305
14,103,0,4488.0,4790.0,0.936952
14,103,1,4746.0,4790.0,0.9908142
14,103,2,4790.0,4790.0,1.0
14,104,0,4488.0,4860.0,0.9234568
14,104,1,4746.0,4860.0,0.9765432
14,104,2,4860.0,4860.0,1.0
14,105,0,4488.0,4900.0,0.91591835
14,105,1,4900.0,4900.0,1.0
14,105,2,4860.0,4900.0,0.9918367
14,106,0,4488.0,4940.0,0.90850204
14,106,1,4900.0,4940.0,0.9919028
14,106,2,4940.0,4940.0,1.0
14,107,0,4488.0,4989.0,0.89957905
14,107,1,4900.0,4989.0,0.98216075
14,107,2,4989.0,4989.0,1.0
14,108,0,4488.0,5030.0,0.89224654
14,108,1,4900.0,5030.0,0.97415507
14,108,2,5030.0,5030.0,1.0
14,109,0,5110.0,5110.0,1.0
14,109,1,4900.0,5110.0,0.9589041
14,109,2,5030.0,5110.0,0.9843444
14,110,0,5110.0,5143.0,0.9935835
14,110,1,5143.0,5143.0,1.0
14,110,2,5030.0,5143.0,0.9780284
14,111,0,5110.0,5182.0,0.98610574
14,111,1,5143.0,5182.0,0.99247396
14,111,2,5182.0,5182.0,1.0
14,112,0,5110.0,5218.0,0.9793024
14,112,1,5218.0,5218.0,1.0
14,112,2,5182.0,5218.0,0.9931008
14,113,0,5110.0,5286.0,0.9667045
14,113,1,5218.0,5286.0,0.9871358
14,113,2,5286.0,5286.0,1.0
14,114,0,5110.0,5335.0,0.95782566
14,114,1,5335.0,5335.0,1.0
14,114,2,5286.0,5335.0,0.99081534
14,115,0,5110.0,5380.0,0.94981414
14,115,1,5380.0,5380.0,1.0
14,115,2,5286.0,5380.0,0.98252785
14,116,0,5110.0,5422.0,0.94245666
14,116,1,5380.0,5422.0,0.9922538
14,116,2,5422.0,5422.0,1.0
14,117,0,5110.0,5477.0,0.9329925
14,117,1,5380.0,5477.0,0.98228955
14,117,2,5477.0,5477.0,1.0
14,118,0,5110.0,5542.0,0.9220498
14,118,1,5380.0,5542.0,0.9707687
14,118,2,5542.0,5542.0,1.0
14,119,0,5110.0,5584.0,0.91511464
14,119,1,5584.0,5584.0,1.0
14,119,2,5542.0,5584.0,0.9924785
14,120,0,5110.0,5645.0,0.9052259
14,120,1,5584.0,5645.0,0.989194
14,120,2,5645.0,5645.0,1.0
14,121,0,5110.0,5696.0,0.8971208
14,121,1,5584.0,5696.0,0.9803371
14,121,2,5696.0,5696.0,1.0
14,122,0,5110.0,5734.0,0.89117545
14,122,1,5734.0,5734.0,1.0
14,122,2,5696.0,5734.0,0.99337286
14,123,0,5110.0,5808.0,0.87982094
14,123,1,5734.0,5808.0,0.987259
14,123,2,5808.0,5808.0,1.0
14,124,0,5110.0,5852.0,0.8732057
14,124,1,5852.0,5852.0,1.0
14,124,2,5808.0,5852.0,0.99248123
14,125,0,5110.0,5893.0,0.8671305
14,125,1,5893.0,5893.0,1.0
14,125,2,5808.0,5893.0,0.9855761
14,126,0,5110.0,5936.0,0.8608491
14,126,1,5936.0,5936.0,1.0
14,126,2,5808.0,5936.0,0.97843665
14,127,0,5110.0,5978.0,0.85480094
14,127,1,5978.0,5978.0,1.0
14,127,2,5808.0,5978.0,0.9715624
14,128,0,5110.0,6010.0,0.8502496
14,128,1,6010.0,6010.0,1.0
14,128,2,5808.0,6010.0,0.96638936
14,129,0,5110.0,6078.0,0.8407371
14,129,1,6010.0,6078.0,0.9888121
14,129,2,6078.0,6078.0,1.0
14,130,0,5110.0,6124.0,0.83442193
14,130,1,6124.0,6124.0,1.0
14,130,2,6078.0,6124.0,0.99248856
14,131,0,5110.0,6164.0,0.82900715
14,131,1,6124.0,6164.0,0.9935107
14,131,2,6164.0,6164.0,1.0
14,132,0,5110.0,6197.0,0.82459253
14,132,1,6197.0,6197.0,1.0
14,132,2,6164.0,6197.0,0.99467486
14,133,0,5110.0,6227.0,0.8206199
14,133,1,6227.0,6227.0,1.0
14,133,2,6164.0,6227.0,0.98988277
14,134,0,5110.0,6272.0,0.81473213
14,134,1,6272.0,6272.0,1.0
14,134,2,6164.0,6272.0,0.98278064
15,1,0,16.0,16.0,1.0
15,1,1,0.0,16.0,0.0
15,1,2,0.0,16.0,0.0
15,2,0,79.0,79.0,1.0
15,2,1,0.0,79.0,0.0
15,2,2,0.0,79.0,0.0
15,3,0,150.0,150.0,1.0
15,3,1,0.0,150.0,0.0
15,3,2,0.0,150.0,0.0
15,4,0,222.0,222.0,1.0
15,4,1,0.0,222.0,0.0
15,4,2,0.0,222.0,0.0
15,5,0,277.0,277.0,1.0
15,5,1,0.0,277.0,0.0
15,5,2,0.0,277.0,0.0
15,6,0,357.0,357.0,1.0
15,6,1,0.0,357.0,0.0
15,6,2,0.0,357.0,0.0
15,7,0,437.0,437.0,1.0
15,7,1,0.0,437.0,0.0
15,7,2,0.0,437.0,0.0
15,8,0,496.0,496.0,1.0
15,8,1,0.0,496.0,0.0
15,8,2,0.0,496.0,0.0
15,9,0,496.0,509.0,0.9744597
15,9,1,509.0,509.0,1.0
15,9,2,0.0,509.0,0.0
15,10,0,496.0,534.0,0.92883897
15,10,1,534.0,534.0,1.0
15,10,2,0.0,534.0,0.0
15,11,0,496.0,584.0,0.84931505
15,11,1,584.0,584.0,1.0
15,11,2,0.0,584.0,0.0
15,12,0,496.0,638.0,0.77742946
15,12,1,584.0,638.0,0.9153605
15,12,2,638.0,638.0,1.0
15,13,0,496.0,680.0,0.7294118
15,13,1,680.0,680.0,1.0
15,13,2,638.0,680.0,0.9382353
15,14,0,736.0,736.0,1.0
15,14,1,680.0,736.0,0.92391306
15,14,2,638.0,736.0,0.8668478
15,15,0,736.0,774.0,0.95090437
15,15,1,680.0,774.0,0.878553
15,15,2,774.0,774.0,1.0
15,16,0,850.0,850.0,1.0
15,16,1,680.0,850.0,0.8
15,16,2,774.0,850.0,0.91058826
15,17,0,908.0,908.0,1.0
15,17,1,680.0,908.0,0.7488987
15,17,2,774.0,908.0,0.8524229
15,18,0,908.0,981.0,0.92558616
15,18,1,680.0,981.0,0.69317025
15,18,2,981.0,981.0,1.0
15,19,0,908.0,1022.0,0.888454
15,19,1,1022.0,1022.0,1.0
15,19,2,981.0,1022.0,0.95988256
15,20,0,908.0,1082.0,0.83918667
15,20,1,1022.0,1082.0,0.9445471
15,20,2,1082.0,1082.0,1.0
15,21,0,908.0,1115.0,0.8143498
15,21,1,1115.0,1115.0,1.0
15,21,2,1082.0,1115.0,0.9704036
15,22,0,908.0,1161.0,0.7820844
15,22,1,1161.0,1161.0,1.0
15,22,2,1082.0,1161.0,0.9319552
15,23,0,908.0,1197.0,0.7585631
15,23,1,1197.0,1197.0,1.0
15,23,2,1082.0,1197.0,0.9039265
15,24,0,1262.0,1262.0,1.0
15,24,1,1197.0,1262.0,0.94849443
15,24,2,1082.0,1262.0,0.85736924
15,25,0,1321.0,1321.0,1.0
15,25,1,1197.0,1321.0,0.90613174
15,25,2,1082.0,1321.0,0.8190765
15,26,0,1395.0,1395.0,1.0
15,26,1,1197.0,1395.0,0.85806453
15,26,2,1082.0,1395.0,0.77562726
15,27,0,1395.0,1432.0,0.974162
15,27,1,1197.0,1432.0,0.83589387
15,27,2,1432.0,1432.0,1.0
15,28,0,1395.0,1465.0,0.9522184
15,28,1,1465.0,1465.0,1.0
15,28,2,1432.0,1465.0,0.9774744
15,29,0,1531.0,1531.0,1.0
15,29,1,1465.0,1531.0,0.95689094
15,29,2,1432.0,1531.0,0.9353364
15,30,0,1531.0,1579.0,0.96960104
15,30,1,1579.0,1579.0,1.0
15,30,2,1432.0,1579.0,0.9069031
15,31,0,1531.0,1624.0,0.942734
15,31,1,1624.0,1624.0,1.0
15,31,2,1432.0,1624.0,0.8817734
15,32,0,1531.0,1660.0,0.92228913
15,32,1,1660.0,1660.0,1.0
15,32,2,1432.0,1660.0,0.8626506
15,33,0,1531.0,1705.0,0.8979472
15,33,1,1705.0,1705.0,1.0
15,33,2,1432.0,1705.0,0.8398827
15,34,0,1531.0,1745.0,0.8773639
15,34,1,1745.0,1745.0,1.0
15,34,2,1432.0,1745.0,0.8206304
15,35,0,1807.0,1807.0,1.0
15,35,1,1745.0,1807.0,0.965689
15,35,2,1432.0,1807.0,0.79247373
15,36,0,1807.0,1847.0,0.97834325
15,36,1,1847.0,1847.0,1.0
15,36,2,1432.0,1847.0,0.7753113
15,37,0,1807.0,1886.0,0.9581124
15,37,1,1847.0,1886.0,0.9793213
15,37,2,1886.0,1886.0,1.0
15,38,0,1807.0,1925.0,0.9387013
15,38,1,1847.0,1925.0,0.9594805
15,38,2,1925.0,1925.0,1.0
15,39,0,1991.0,1991.0,1.0
15,39,1,1847.0,1991.0,0.92767453
15,39,2,1925.0,1991.0,0.9668508
15,40,0,1991.0,2034.0,0.97885936
15,40,1,2034.0,2034.0,1.0
15,40,2,1925.0,2034.0,0.946411
15,41,0,1991.0,2078.0,0.9581328
15,41,1,2078.0,2078.0,1.0
15,41,2,1925.0,2078.0,0.9263715
15,42,0,1991.0,2147.0,0.92734045
15,42,1,2078.0,2147.0,0.9678621
15,42,2,2147.0,2147.0,1.0
15,43,0,1991.0,2203.0,0.9037676
15,43,1,2078.0,2203.0,0.9432592
15,43,2,2203.0,2203.0,1.0
15,44,0,1991.0,2276.0,0.8747803
15,44,1,2078.0,2276.0,0.9130053
15,44,2,2276.0,2276.0,1.0
15,45,0,1991.0,2339.0,0.85121846
15,45,1,2078.0,2339.0,0.88841385
15,45,2,2339.0,2339.0,1.0
15,46,0,1991.0,2387.0,0.8341014
15,46,1,2387.0,2387.0,1.0
15,46,2,2339.0,2387.0,0.97989106
15,47,0,1991.0,2429.0,0.8196789
15,47,1,2429.0,2429.0,1.0
15,47,2,2339.0,2429.0,0.9629477
15,48,0,1991.0,2499.0,0.7967187
15,48,1,2429.0,2499.0,0.9719888
15,48,2,2499.0,2499.0,1.0
15,49,0,1991.0,2541.0,0.7835498
15,49,1,2541.0,2541.0,1.0
15,49,2,2499.0,2541.0,0.9834711
15,50,0,1991.0,2591.0,0.76842916
15,50,1,2591.0,2591.0,1.0
15,50,2,2499.0,2591.0,0.9644925
15,51,0,1991.0,2626.0,0.75818735
15,51,1,2626.0,2626.0,1.0
15,51,2,2499.0,2626.0,0.95163745
15,52,0,1991.0,2662.0,0.74793386
15,52,1,2626.0,2662.0,0.98647636
15,52,2,2662.0,2662.0,1.0
15,53,0,1991.0,2716.0,0.73306334
15,53,1,2626.0,2716.0,0.96686304
15,53,2,2716.0,2716.0,1.0
15,54,0,1991.0,2749.0,0.72426337
15,54,1,2749.0,2749.0,1.0
15,54,2,2716.0,2749.0,0.9879956
15,55,0,1991.0,2786.0,0.7146447
15,55,1,2786.0,2786.0,1.0
15,55,2,2716.0,2786.0,0.9748744
15,56,0,1991.0,2843.0,0.70031655
15,56,1,2786.0,2843.0,0.9799508
15,56,2,2843.0,2843.0,1.0
15,57,0,1991.0,2907.0,0.6848985
15,57,1,2786.0,2907.0,0.95837635
15,57,2,2907.0,2907.0,1.0
15,58,0,1991.0,2975.0,0.6692437
15,58,1,2786.0,2975.0,0.93647057
15,58,2,2975.0,2975.0,1.0
15,59,0,3036.0,3036.0,1.0
15,59,1,2786.0,3036.0,0.9176548
15,59,2,2975.0,3036.0,0.97990775
15,60,0,3036.0,3071.0,0.98860306
15,60,1,3071.0,3071.0,1.0
15,60,2,2975.0,3071.0,0.9687398
15,61,0,3036.0,3114.0,0.9749518
15,61,1,3114.0,3114.0,1.0
15,61,2,2975.0,3114.0,0.95536286
15,62,0,3036.0,3155.0,0.9622821
15,62,1,3155.0,3155.0,1.0
15,62,2,2975.0,3155.0,0.9429477
15,63,0,3036.0,3200.0,0.94875
15,63,1,3155.0,3200.0,0.9859375
15,63,2,3200.0,3200.0,1.0
15,64,0,3036.0,3250.0,0.93415385
15,64,1,3250.0,3250.0,1.0
15,64,2,3200.0,3250.0,0.9846154
15,65,0,3036.0,3292.0,0.9222357
15,65,1,3292.0,3292.0,1.0
15,65,2,3200.0,3292.0,0.97205347
15,66,0,3036.0,3325.0,0.9130827
15,66,1,3325.0,3325.0,1.0
15,66,2,3200.0,3325.0,0.96240604
15,67,0,3036.0,3373.0,0.90008897
15,67,1,3325.0,3373.0,0.98576933
15,67,2,3373.0,3373.0,1.0
15,68,0,3036.0,3405.0,0.89162993
15,68,1,3405.0,3405.0,1.0
15,68,2,3373.0,3405.0,0.9906021
15,69,0,3036.0,3455.0,0.8787265
15,69,1,3405.0,3455.0,0.98552823
15,69,2,3455.0,3455.0,1.0
15,70,0,3036.0,3491.0,0.86966485
15,70,1,3491.0,3491.0,1.0
15,70,2,3455.0,3491.0,0.98968774
15,71,0,3036.0,3528.0,0.8605442
15,71,1,3491.0,3528.0,0.98951244
15,71,2,3528.0,3528.0,1.0
15,72,0,3036.0,3558.0,0.85328835
15,72,1,3558.0,3558.0,1.0
15,72,2,3528.0,3558.0,0.99156827
15,73,0,3036.0,3624.0,0.83774835
15,73,1,3558.0,3624.0,0.9817881
15,73,2,3624.0,3624.0,1.0
15,74,0,3036.0,3659.0,0.8297349
15,74,1,3659.0,3659.0,1.0
15,74,2,3624.0,3659.0,0.9904345
15,75,0,3036.0,3696.0,0.8214286
15,75,1,3696.0,3696.0,1.0
15,75,2,3624.0,3696.0,0.9805195
15,76,0,3036.0,3747.0,0.8102482
15,76,1,3696.0,3747.0,0.9863891
15,76,2,3747.0,3747.0,1.0
15,77,0,3036.0,3787.0,0.80169
15,77,1,3696.0,3787.0,0.97597045
15,77,2,3787.0,3787.0,1.0
15,78,0,3036.0,3825.0,0.7937255
15,78,1,3825.0,3825.0,1.0
15,78,2,3787.0,3825.0,0.99006534
15,79,0,3036.0,3856.0,0.7873444
15,79,1,3856.0,3856.0,1.0
15,79,2,3787.0,3856.0,0.9821058
15,80,0,3904.0,3904.0,1.0
15,80,1,3856.0,3904.0,0.98770493
15,80,2,3787.0,3904.0,0.9700307
15,81,0,3904.0,3947.0,0.98910564
15,81,1,3947.0,3947.0,1.0
15,81,2,3787.0,3947.0,0.9594629
15,82,0,3904.0,3988.0,0.9789368
15,82,1,3988.0,3988.0,1.0
15,82,2,3787.0,3988.0,0.9495988
15,83,0,3904.0,4061.0,0.9613396
15,83,1,3988.0,4061.0,0.98202413
15,83,2,4061.0,4061.0,1.0
15,84,0,3904.0,4117.0,0.9482633
15,84,1,3988.0,4117.0,0.9686665
15,84,2,4117.0,4117.0,1.0
15,85,0,3904.0,4151.0,0.94049627
15,85,1,4151.0,4151.0,1.0
15,85,2,4117.0,4151.0,0.9918092
15,86,0,3904.0,4184.0,0.9330784
15,86,1,4184.0,4184.0,1.0
15,86,2,4117.0,4184.0,0.9839866
15,87,0,3904.0,4221.0,0.92489934
15,87,1,4221.0,4221.0,1.0
15,87,2,4117.0,4221.0,0.9753613
15,88,0,3904.0,4266.0,0.915143
15,88,1,4266.0,4266.0,1.0
15,88,2,4117.0,4266.0,0.9650727
15,89,0,4326.0,4326.0,1.0
15,89,1,4266.0,4326.0,0.98613036
15,89,2,4117.0,4326.0,0.95168746
15,90,0,4326.0,4376.0,0.988574
15,90,1,4376.0,4376.0,1.0
15,90,2,4117.0,4376.0,0.94081354
15,91,0,4326.0,4414.0,0.98006344
15,91,1,4376.0,4414.0,0.991391
15,91,2,4414.0,4414.0,1.0
15,92,0,4326.0,4441.0,0.97410494
15,92,1,4441.0,4441.0,1.0
15,92,2,4414.0,4441.0,0.99392027
15,93,0,4326.0,4490.0,0.9634744
15,93,1,4441.0,4490.0,0.98908687
15,93,2,4490.0,4490.0,1.0
15,94,0,4326.0,4525.0,0.9560221
15,94,1,4525.0,4525.0,1.0
15,94,2,4490.0,4525.0,0.99226516
15,95,0,4326.0,4562.0,0.9482683
15,95,1,4562.0,4562.0,1.0
15,95,2,4490.0,4562.0,0.98421746
15,96,0,4326.0,4602.0,0.9400261
15,96,1,4562.0,4602.0,0.99130815
15,96,2,4602.0,4602.0,1.0
15,97,0,4326.0,4636.0,0.933132
15,97,1,4636.0,4636.0,1.0
15,97,2,4602.0,4636.0,0.99266607
15,98,0,4326.0,4667.0,0.92693377
15,98,1,4667.0,4667.0,1.0
15,98,2,4602.0,4667.0,0.9860724
15,99,0,4326.0,4717.0,0.91710836
15,99,1,4667.0,4717.0,0.9894
15,99,2,4717.0,4717.0,1.0
15,100,0,4326.0,4757.0,0.9093967
15,100,1,4757.0,4757.0,1.0
15,100,2,4717.0,4757.0,0.99159133
15,101,0,4326.0,4797.0,0.9018136
15,101,1,4797.0,4797.0,1.0
15,101,2,4717.0,4797.0,0.9833229
15,102,0,4326.0,4834.0,0.89491105
15,102,1,4834.0,4834.0,1.0
15,102,2,4717.0,4834.0,0.97579646
15,103,0,4326.0,4871.0,0.8881133
15,103,1,4834.0,4871.0,0.99240404
15,103,2,4871.0,4871.0,1.0
15,104,0,4326.0,4915.0,0.8801628
15,104,1,4915.0,4915.0,1.0
15,104,2,4871.0,4915.0,0.9910478
15,105,0,4326.0,4965.0,0.8712991
15,105,1,4965.0,4965.0,1.0
15,105,2,4871.0,4965.0,0.9810675
15,106,0,4326.0,5009.0,0.86364543
15,106,1,4965.0,5009.0,0.9912158
15,106,2,5009.0,5009.0,1.0
15,107,0,4326.0,5050.0,0.85663366
15,107,1,4965.0,5050.0,0.9831683
15,107,2,5050.0,5050.0,1.0
15,108,0,4326.0,5092.0,0.84956795
15,108,1,5092.0,5092.0,1.0
15,108,2,5050.0,5092.0,0.9917518
15,109,0,4326.0,5134.0,0.84261787
15,109,1,5134.0,5134.0,1.0
15,109,2,5050.0,5134.0,0.98363847
15,110,0,4326.0,5177.0,0.8356191
15,110,1,5177.0,5177.0,1.0
15,110,2,5050.0,5177.0,0.9754684
15,111,0,4326.0,5215.0,0.8295302
15,111,1,5215.0,5215.0,1.0
15,111,2,5050.0,5215.0,0.9683605
15,112,0,4326.0,5248.0,0.824314
15,112,1,5248.0,5248.0,1.0
15,112,2,5050.0,5248.0,0.96227133
15,113,0,4326.0,5287.0,0.81823343
15,113,1,5248.0,5287.0,0.9926234
15,113,2,5287.0,5287.0,1.0
15,114,0,4326.0,5332.0,0.8113278
15,114,1,5248.0,5332.0,0.9842461
15,114,2,5332.0,5332.0,1.0
15,115,0,4326.0,5381.0,0.80393976
15,115,1,5381.0,5381.0,1.0
15,115,2,5332.0,5381.0,0.9908939
15,116,0,4326.0,5430.0,0.7966851
15,116,1,5430.0,5430.0,1.0
15,116,2,5332.0,5430.0,0.98195213
15,117,0,4326.0,5462.0,0.7920176
15,117,1,5462.0,5462.0,1.0
15,117,2,5332.0,5462.0,0.9761992
15,118,0,4326.0,5503.0,0.78611666
15,118,1,5462.0,5503.0,0.99254954
15,118,2,5503.0,5503.0,1.0
15,119,0,4326.0,5553.0,0.77903837
15,119,1,5553.0,5553.0,1.0
15,119,2,5503.0,5553.0,0.9909959
15,120,0,4326.0,5595.0,0.7731903
15,120,1,5553.0,5595.0,0.9924933
15,120,2,5595.0,5595.0,1.0
15,121,0,4326.0,5638.0,0.7672934
15,121,1,5638.0,5638.0,1.0
15,121,2,5595.0,5638.0,0.99237317
15,122,0,4326.0,5682.0,0.76135164
15,122,1,5682.0,5682.0,1.0
15,122,2,5595.0,5682.0,0.98468846
15,123,0,4326.0,5723.0,0.7558973
15,123,1,5723.0,5723.0,1.0
15,123,2,5595.0,5723.0,0.97763413
15,124,0,4326.0,5769.0,0.74987
15,124,1,5769.0,5769.0,1.0
15,124,2,5595.0,5769.0,0.9698388
15,125,0,4326.0,5834.0,0.7415153
15,125,1,5769.0,5834.0,0.9888584
15,125,2,5834.0,5834.0,1.0
15,126,0,4326.0,5903.0,0.7328477
15,126,1,5769.0,5903.0,0.9772997
15,126,2,5903.0,5903.0,1.0
15,127,0,4326.0,5938.0,0.72852814
15,127,1,5769.0,5938.0,0.97153926
15,127,2,5938.0,5938.0,1.0
15,128,0,4326.0,5973.0,0.72425914
15,128,1,5973.0,5973.0,1.0
15,128,2,5938.0,5973.0,0.9941403
15,129,0,4326.0,6011.0,0.7196806
15,129,1,6011.0,6011.0,1.0
15,129,2,5938.0,6011.0,0.9878556
15,130,0,4326.0,6044.0,0.7157512
15,130,1,6044.0,6044.0,1.0
15,130,2,5938.0,6044.0,0.9824619
15,131,0,4326.0,6074.0,0.712216
15,131,1,6074.0,6074.0,1.0
15,131,2,5938.0,6074.0,0.97760946
15,132,0,4326.0,6119.0,0.70697826
15,132,1,6119.0,6119.0,1.0
15,132,2,5938.0,6119.0,0.97042
15,133,0,4326.0,6161.0,0.70215875
15,133,1,6119.0,6161.0,0.9931829
15,133,2,6161.0,6161.0,1.0
15,134,0,4326.0,6217.0,0.695834
15,134,1,6119.0,6217.0,0.9842368
15,134,2,6217.0,6217.0,1.0
16,1,0,36.0,36.0,1.0
16,1,1,0.0,36.0,0.0
16,1,2,0.0,36.0,0.0
16,2,0,107.0,107.0,1.0
16,2,1,0.0,107.0,0.0
16,2,2,0.0,107.0,0.0
16,3,0,163.0,163.0,1.0
16,3,1,0.0,163.0,0.0
16,3,2,0.0,163.0,0.0
16,4,0,163.0,173.0,0.94219655
16,4,1,173.0,173.0,1.0
16,4,2,0.0,173.0,0.0
16,5,0,253.0,253.0,1.0
16,5,1,173.0,253.0,0.68379444
16,5,2,0.0,253.0,0.0
16,6,0,324.0,324.0,1.0
16,6,1,173.0,324.0,0.5339506
16,6,2,0.0,324.0,0.0
16,7,0,389.0,389.0,1.0
16,7,1,173.0,389.0,0.44473007
16,7,2,0.0,389.0,0.0
16,8,0,389.0,417.0,0.9328537
16,8,1,417.0,417.0,1.0
16,8,2,0.0,417.0,0.0
16,9,0,389.0,453.0,0.85871965
16,9,1,453.0,453.0,1.0
16,9,2,0.0,453.0,0.0
16,10,0,528.0,528.0,1.0
16,10,1,453.0,528.0,0.85795456
16,10,2,0.0,528.0,0.0
16,11,0,528.0,570.0,0.9263158
16,11,1,453.0,570.0,0.79473686
16,11,2,570.0,570.0,1.0
16,12,0,625.0,625.0,1.0
16,12,1,453.0,625.0,0.7248
16,12,2,570.0,625.0,0.912
16,13,0,625.0,662.0,0.9441088
16,13,1,453.0,662.0,0.68429005
16,13,2,662.0,662.0,1.0
16,14,0,721.0,721.0,1.0
16,14,1,453.0,721.0,0.62829405
16,14,2,662.0,721.0,0.9181692
16,15,0,768.0,768.0,1.0
16,15,1,453.0,768.0,0.58984375
16,15,2,662.0,768.0,0.8619792
16,16,0,840.0,840.0,1.0
16,16,1,453.0,840.0,0.5392857
16,16,2,662.0,840.0,0.78809524
16,17,0,840.0,878.0,0.9567198
16,17,1,878.0,878.0,1.0
16,17,2,662.0,878.0,0.75398636
16,18,0,840.0,923.0,0.91007584
16,18,1,923.0,923.0,1.0
16,18,2,662.0,923.0,0.71722645
16,19,0,982.0,982.0,1.0
16,19,1,923.0,982.0,0.9399185
16,19,2,662.0,982.0,0.67413443
16,20,0,982.0,1015.0,0.9674877
16,20,1,1015.0,1015.0,1.0
16,20,2,662.0,1015.0,0.65221673
16,21,0,982.0,1057.0,0.9290445
16,21,1,1057.0,1057.0,1.0
16,21,2,662.0,1057.0,0.6263009
16,22,0,1123.0,1123.0,1.0
16,22,1,1057.0,1123.0,0.94122887
16,22,2,662.0,1123.0,0.58949244
16,23,0,1123.0,1183.0,0.9492815
16,23,1,1057.0,1183.0,0.89349115
16,23,2,1183.0,1183.0,1.0
16,24,0,1257.0,1257.0,1.0
16,24,1,1057.0,1257.0,0.840891
16,24,2,1183.0,1257.0,0.9411297
16,25,0,1257.0,1311.0,0.9588101
16,25,1,1057.0,1311.0,0.80625474
16,25,2,1311.0,1311.0,1.0
16,26,0,1374.0,1374.0,1.0
16,26,1,1057.0,1374.0,0.76928675
16,26,2,1311.0,1374.0,0.9541485
16,27,0,1374.0,1407.0,0.9765459
16,27,1,1407.0,1407.0,1.0
16,27,2,1311.0,1407.0,0.9317697
16,28,0,1374.0,1443.0,0.95218295
16,28,1,1443.0,1443.0,1.0
16,28,2,1311.0,1443.0,0.9085239
16,29,0,1374.0,1482.0,0.9271255
16,29,1,1443.0,1482.0,0.9736842
16,29,2,1482.0,1482.0,1.0
16,30,0,1374.0,1535.0,0.895114
16,30,1,1443.0,1535.0,0.94006515
16,30,2,1535.0,1535.0,1.0
16,31,0,1374.0,1570.0,0.87515926
16,31,1,1570.0,1570.0,1.0
16,31,2,1535.0,1570.0,0.977707
16,32,0,1646.0,1646.0,1.0
16,32,1,1570.0,1646.0,0.95382744
16,32,2,1535.0,1646.0,0.9325638
16,33,0,1646.0,1686.0,0.9762752
16,33,1,1570.0,1686.0,0.9311981
16,33,2,1686.0,1686.0,1.0
16,34,0,1744.0,1744.0,1.0
16,34,1,1570.0,1744.0,0.90022933
16,34,2,1686.0,1744.0,0.9667431
16,35,0,1744.0,1787.0,0.9759373
16,35,1,1787.0,1787.0,1.0
16,35,2,1686.0,1787.0,0.9434807
16,36,0,1744.0,1830.0,0.9530055
16,36,1,1787.0,1830.0,0.9765027
16,36,2,1830.0,1830.0,1.0
16,37,0,1744.0,1867.0,0.9341189
16,37,1,1867.0,1867.0,1.0
16,37,2,1830.0,1867.0,0.9801821
16,38,0,1744.0,1940.0,0.89896905
16,38,1,1867.0,1940.0,0.9623711
16,38,2,1940.0,1940.0,1.0
16,39,0,2021.0,2021.0,1.0
16,39,1,1867.0,2021.0,0.9238001
16,39,2,1940.0,2021.0,0.9599208
16,40,0,2021.0,2067.0,0.97774553
16,40,1,2067.0,2067.0,1.0
16,40,2,1940.0,2067.0,0.9385583
16,41,0,2021.0,2109.0,0.95827407
16,41,1,2109.0,2109.0,1.0
16,41,2,1940.0,2109.0,0.9198672
16,42,0,2021.0,2160.0,0.93564814
16,42,1,2109.0,2160.0,0.9763889
16,42,2,2160.0,2160.0,1.0
16,43,0,2021.0,2208.0,0.915308
16,43,1,2208.0,2208.0,1.0
16,43,2,2160.0,2208.0,0.9782609
16,44,0,2021.0,2244.0,0.90062386
16,44,1,2244.0,2244.0,1.0
16,44,2,2160.0,2244.0,0.96256685
16,45,0,2021.0,2292.0,0.8817626
16,45,1,2292.0,2292.0,1.0
16,45,2,2160.0,2292.0,0.9424084
16,46,0,2357.0,2357.0,1.0
16,46,1,2292.0,2357.0,0.9724226
16,46,2,2160.0,2357.0,0.91641915
16,47,0,2357.0,2391.0,0.98578
16,47,1,2391.0,2391.0,1.0
16,47,2,2160.0,2391.0,0.9033877
16,48,0,2357.0,2460.0,0.95813006
16,48,1,2391.0,2460.0,0.97195125
16,48,2,2460.0,2460.0,1.0
16,49,0,2357.0,2501.0,0.94242305
16,49,1,2501.0,2501.0,1.0
16,49,2,2460.0,2501.0,0.9836066
16,50,0,2357.0,2551.0,0.9239514
16,50,1,2551.0,2551.0,1.0
16,50,2,2460.0,2551.0,0.9643277
16,51,0,2357.0,2600.0,0.9065385
16,51,1,2600.0,2600.0,1.0
16,51,2,2460.0,2600.0,0.9461538
16,52,0,2357.0,2640.0,0.892803
16,52,1,2640.0,2640.0,1.0
16,52,2,2460.0,2640.0,0.9318182
16,53,0,2718.0,2718.0,1.0
16,53,1,2640.0,2718.0,0.97130245
16,53,2,2460.0,2718.0,0.9050773
16,54,0,2718.0,2758.0,0.98549676
16,54,1,2758.0,2758.0,1.0
16,54,2,2460.0,2758.0,0.89195067
16,55,0,2718.0,2798.0,0.9714081
16,55,1,2798.0,2798.0,1.0
16,55,2,2460.0,2798.0,0.87919945
16,56,0,2718.0,2841.0,0.9567054
16,56,1,2841.0,2841.0,1.0
16,56,2,2460.0,2841.0,0.8658923
16,57,0,2718.0,2905.0,0.93562824
16,57,1,2841.0,2905.0,0.977969
16,57,2,2905.0,2905.0,1.0
16,58,0,2718.0,2949.0,0.92166835
16,58,1,2841.0,2949.0,0.9633774
16,58,2,2949.0,2949.0,1.0
16,59,0,2718.0,2984.0,0.9108579
16,59,1,2984.0,2984.0,1.0
16,59,2,2949.0,2984.0,0.98827076
16,60,0,2718.0,3029.0,0.8973259
16,60,1,3029.0,3029.0,1.0
16,60,2,2949.0,3029.0,0.97358865
16,61,0,2718.0,3061.0,0.8879451
16,61,1,3061.0,3061.0,1.0
16,61,2,2949.0,3061.0,0.9634107
16,62,0,2718.0,3134.0,0.8672623
16,62,1,3061.0,3134.0,0.9767071
16,62,2,3134.0,3134.0,1.0
16,63,0,2718.0,3166.0,0.85849655
16,63,1,3061.0,3166.0,0.96683514
16,63,2,3166.0,3166.0,1.0
16,64,0,2718.0,3222.0,0.8435754
16,64,1,3061.0,3222.0,0.95003104
16,64,2,3222.0,3222.0,1.0
16,65,0,2718.0,3272.0,0.8306846
16,65,1,3272.0,3272.0,1.0
16,65,2,3222.0,3272.0,0.9847188
16,66,0,2718.0,3338.0,0.81426007
16,66,1,3272.0,3338.0,0.9802277
16,66,2,3338.0,3338.0,1.0
16,67,0,2718.0,3380.0,0.804142
16,67,1,3380.0,3380.0,1.0
16,67,2,3338.0,3380.0,0.987574
16,68,0,2718.0,3434.0,0.7914968
16,68,1,3380.0,3434.0,0.9842749
16,68,2,3434.0,3434.0,1.0
16,69,0,2718.0,3474.0,0.78238344
16,69,1,3380.0,3474.0,0.9729419
16,69,2,3474.0,3474.0,1.0
16,70,0,2718.0,3524.0,0.7712826
16,70,1,3524.0,3524.0,1.0
16,70,2,3474.0,3524.0,0.9858116
16,71,0,2718.0,3561.0,0.76326877
16,71,1,3524.0,3561.0,0.98960966
16,71,2,3561.0,3561.0,1.0
16,72,0,2718.0,3599.0,0.7552098
16,72,1,3524.0,3599.0,0.9791609
16,72,2,3599.0,3599.0,1.0
16,73,0,2718.0,3634.0,0.7479361
16,73,1,3634.0,3634.0,1.0
16,73,2,3599.0,3634.0,0.9903687
16,74,0,2718.0,3671.0,0.7403977
16,74,1,3671.0,3671.0,1.0
16,74,2,3599.0,3671.0,0.9803868
16,75,0,2718.0,3727.0,0.7292729
16,75,1,3671.0,3727.0,0.9849745
16,75,2,3727.0,3727.0,1.0
16,76,0,2718.0,3800.0,0.7152631
16,76,1,3671.0,3800.0,0.96605265
16,76,2,3800.0,3800.0,1.0
16,77,0,2718.0,3833.0,0.70910513
16,77,1,3833.0,3833.0,1.0
16,77,2,3800.0,3833.0,0.9913905
16,78,0,2718.0,3875.0,0.70141935
16,78,1,3875.0,3875.0,1.0
16,78,2,3800.0,3875.0,0.9806452
16,79,0,2718.0,3910.0,0.69514066
16,79,1,3910.0,3910.0,1.0
16,79,2,3800.0,3910.0,0.971867
16,80,0,2718.0,3941.0,0.68967265
16,80,1,3941.0,3941.0,1.0
16,80,2,3800.0,3941.0,0.96422225
16,81,0,2718.0,3978.0,0.68325794
16,81,1,3978.0,3978.0,1.0
16,81,2,3800.0,3978.0,0.9552539
16,82,0,2718.0,4014.0,0.67713004
16,82,1,4014.0,4014.0,1.0
16,82,2,3800.0,4014.0,0.9466866
16,83,0,2718.0,4069.0,0.6679774
16,83,1,4014.0,4069.0,0.98648316
16,83,2,4069.0,4069.0,1.0
16,84,0,2718.0,4114.0,0.6606709
16,84,1,4114.0,4114.0,1.0
16,84,2,4069.0,4114.0,0.9890617
16,85,0,2718.0,4164.0,0.65273774
16,85,1,4164.0,4164.0,1.0
16,85,2,4069.0,4164.0,0.9771854
16,86,0,2718.0,4208.0,0.6459125
16,86,1,4208.0,4208.0,1.0
16,86,2,4069.0,4208.0,0.9669677
16,87,0,2718.0,4249.0,0.6396799
16,87,1,4249.0,4249.0,1.0
16,87,2,4069.0,4249.0,0.9576371
16,88,0,2718.0,4313.0,0.6301878
16,88,1,4249.0,4313.0,0.9851611
16,88,2,4313.0,4313.0,1.0
16,89,0,2718.0,4343.0,0.6258347
16,89,1,4343.0,4343.0,1.0
16,89,2,4313.0,4343.0,0.99309236
16,90,0,2718.0,4380.0,0.62054795
16,90,1,4380.0,4380.0,1.0
16,90,2,4313.0,4380.0,0.9847032
16,91,0,2718.0,4413.0,0.61590755
16,91,1,4413.0,4413.0,1.0
16,91,2,4313.0,4413.0,0.9773397
16,92,0,2718.0,4463.0,0.6090074
16,92,1,4463.0,4463.0,1.0
16,92,2,4313.0,4463.0,0.9663903
16,93,0,2718.0,4513.0,0.6022601
16,93,1,4463.0,4513.0,0.98892087
16,93,2,4513.0,4513.0,1.0
16,94,0,2718.0,4551.0,0.5972314
16,94,1,4551.0,4551.0,1.0
16,94,2,4513.0,4551.0,0.99165016
16,95,0,2718.0,4591.0,0.5920279
16,95,1,4551.0,4591.0,0.9912873
16,95,2,4591.0,4591.0,1.0
16,96,0,2718.0,4627.0,0.58742166
16,96,1,4551.0,4627.0,0.9835747
16,96,2,4627.0,4627.0,1.0
16,97,0,2718.0,4665.0,0.58263665
16,97,1,4665.0,4665.0,1.0
16,97,2,4627.0,4665.0,0.99185425
16,98,0,2718.0,4707.0,0.5774379
16,98,1,4665.0,4707.0,0.9910771
16,98,2,4707.0,4707.0,1.0
16,99,0,2718.0,4733.0,0.5742658
16,99,1,4733.0,4733.0,1.0
16,99,2,4707.0,4733.0,0.99450666
16,100,0,2718.0,4768.0,0.57005036
16,100,1,4768.0,4768.0,1.0
16,100,2,4707.0,4768.0,0.9872064
16,101,0,2718.0,4823.0,0.56354964
16,101,1,4768.0,4823.0,0.9885963
16,101,2,4823.0,4823.0,1.0
16,102,0,2718.0,4866.0,0.55856967
16,102,1,4866.0,4866.0,1.0
16,102,2,4823.0,4866.0,0.9911632
16,103,0,2718.0,4908.0,0.55378973
16,103,1,4908.0,4908.0,1.0
16,103,2,4823.0,4908.0,0.98268133
16,104,0,2718.0,4950.0,0.5490909
16,104,1,4950.0,4950.0,1.0
16,104,2,4823.0,4950.0,0.9743434
16,105,0,2718.0,4982.0,0.54556406
16,105,1,4982.0,4982.0,1.0
16,105,2,4823.0,4982.0,0.9680851
16,106,0,2718.0,5020.0,0.5414343
16,106,1,5020.0,5020.0,1.0
16,106,2,4823.0,5020.0,0.96075696
16,107,0,2718.0,5088.0,0.5341981
16,107,1,5020.0,5088.0,0.9866352
16,107,2,5088.0,5088.0,1.0
16,108,0,2718.0,5137.0,0.52910256
16,108,1,5137.0,5137.0,1.0
16,108,2,5088.0,5137.0,0.99046135
16,109,0,2718.0,5176.0,0.5251159
16,109,1,5137.0,5176.0,0.9924652
16,109,2,5176.0,5176.0,1.0
16,110,0,2718.0,5210.0,0.52168906
16,110,1,5210.0,5210.0,1.0
16,110,2,5176.0,5210.0,0.99347407
16,111,0,2718.0,5242.0,0.5185044
16,111,1,5242.0,5242.0,1.0
16,111,2,5176.0,5242.0,0.9874094
16,112,0,2718.0,5285.0,0.51428574
16,112,1,5285.0,5285.0,1.0
16,112,2,5176.0,5285.0,0.9793756
16,113,0,2718.0,5335.0,0.5094658
16,113,1,5335.0,5335.0,1.0
16,113,2,5176.0,5335.0,0.97019684
16,114,0,2718.0,5378.0,0.5053923
16,114,1,5378.0,5378.0,1.0
16,114,2,5176.0,5378.0,0.9624396
16,115,0,2718.0,5448.0,0.49889868
16,115,1,5378.0,5448.0,0.98715127
16,115,2,5448.0,5448.0,1.0
16,116,0,2718.0,5492.0,0.4949017
16,116,1,5492.0,5492.0,1.0
16,116,2,5448.0,5492.0,0.99198836
16,117,0,2718.0,5537.0,0.49087954
16,117,1,5537.0,5537.0,1.0
16,117,2,5448.0,5537.0,0.9839263
16,118,0,2718.0,5576.0,0.4874462
16,118,1,5576.0,5576.0,1.0
16,118,2,5448.0,5576.0,0.97704446
16,119,0,2718.0,5625.0,0.4832
16,119,1,5576.0,5625.0,0.9912889
16,119,2,5625.0,5625.0,1.0
16,120,0,2718.0,5666.0,0.4797035
16,120,1,5666.0,5666.0,1.0
16,120,2,5625.0,5666.0,0.9927639
16,121,0,2718.0,5707.0,0.47625723
16,121,1,5666.0,5707.0,0.99281585
16,121,2,5707.0,5707.0,1.0
16,122,0,2718.0,5749.0,0.47277787
16,122,1,5666.0,5749.0,0.9855627
16,122,2,5749.0,5749.0,1.0
16,123,0,2718.0,5785.0,0.4698358
16,123,1,5666.0,5785.0,0.97942954
16,123,2,5785.0,5785.0,1.0
16,124,0,2718.0,5841.0,0.4653313
16,124,1,5666.0,5841.0,0.97003937
16,124,2,5841.0,5841.0,1.0
16,125,0,2718.0,5906.0,0.46020997
16,125,1,5666.0,5906.0,0.95936334
16,125,2,5906.0,5906.0,1.0
16,126,0,2718.0,5975.0,0.4548954
16,126,1,5666.0,5975.0,0.9482845
16,126,2,5975.0,5975.0,1.0
16,127,0,2718.0,6021.0,0.45142004
16,127,1,6021.0,6021.0,1.0
16,127,2,5975.0,6021.0,0.99236006
16,128,0,2718.0,6063.0,0.4482929
16,128,1,6063.0,6063.0,1.0
16,128,2,5975.0,6063.0,0.98548573
16,129,0,2718.0,6101.0,0.44550073
16,129,1,6101.0,6101.0,1.0
16,129,2,5975.0,6101.0,0.97934765
16,130,0,2718.0,6134.0,0.443104
16,130,1,6134.0,6134.0,1.0
16,130,2,5975.0,6134.0,0.9740789
16,131,0,2718.0,6202.0,0.4382457
16,131,1,6134.0,6202.0,0.9890358
16,131,2,6202.0,6202.0,1.0
16,132,0,2718.0,6237.0,0.43578643
16,132,1,6237.0,6237.0,1.0
16,132,2,6202.0,6237.0,0.99438834
16,133,0,2718.0,6282.0,0.43266475
16,133,1,6282.0,6282.0,1.0
16,133,2,6202.0,6282.0,0.9872652
16,134,0,2718.0,6322.0,0.42992723
16,134,1,6282.0,6322.0,0.9936729
16,134,2,6322.0,6322.0,1.0
17,1,0,26.0,26.0,1.0
17,1,1,0.0,26.0,0.0
17,1,2,0.0,26.0,0.0
17,2,0,102.0,102.0,1.0
17,2,1,0.0,102.0,0.0
17,2,2,0.0,102.0,0.0
17,3,0,102.0,117.0,0.8717949
17,3,1,117.0,117.0,1.0
17,3,2,0.0,117.0,0.0
17,4,0,102.0,147.0,0.6938776
17,4,1,117.0,147.0,0.79591835
17,4,2,147.0,147.0,1.0
17,5,0,191.0,191.0,1.0
17,5,1,117.0,191.0,0.61256546
17,5,2,147.0,191.0,0.76963353
17,6,0,249.0,249.0,1.0
17,6,1,117.0,249.0,0.4698795
17,6,2,147.0,249.0,0.5903614
17,7,0,312.0,312.0,1.0
17,7,1,117.0,312.0,0.375
17,7,2,147.0,312.0,0.47115386
17,8,0,383.0,383.0,1.0
17,8,1,117.0,383.0,0.30548304
17,8,2,147.0,383.0,0.383812
17,9,0,455.0,455.0,1.0
17,9,1,117.0,455.0,0.25714287
17,9,2,147.0,455.0,0.32307693
17,10,0,516.0,516.0,1.0
17,10,1,117.0,516.0,0.22674419
17,10,2,147.0,516.0,0.2848837
17,11,0,516.0,559.0,0.9230769
17,11,1,559.0,559.0,1.0
17,11,2,147.0,559.0,0.26296958
17,12,0,615.0,615.0,1.0
17,12,1,559.0,615.0,0.9089431
17,12,2,147.0,615.0,0.23902439
17,13,0,670.0,670.0,1.0
17,13,1,559.0,670.0,0.83432835
17,13,2,147.0,670.0,0.21940298
17,14,0,729.0,729.0,1.0
17,14,1,559.0,729.0,0.76680386
17,14,2,147.0,729.0,0.20164609
17,15,0,788.0,788.0,1.0
17,15,1,559.0,788.0,0.7093909
17,15,2,147.0,788.0,0.18654822
17,16,0,788.0,822.0,0.9586375
17,16,1,822.0,822.0,1.0
17,16,2,147.0,822.0,0.17883211
17,17,0,788.0,862.0,0.91415316
17,17,1,862.0,862.0,1.0
17,17,2,147.0,862.0,0.17053364
17,18,0,918.0,918.0,1.0
17,18,1,862.0,918.0,0.9389978
17,18,2,147.0,918.0,0.16013072
17,19,0,918.0,946.0,0.9704017
17,19,1,946.0,946.0,1.0
17,19,2,147.0,946.0,0.15539113
17,20,0,918.0,977.0,0.9396111
17,20,1,977.0,977.0,1.0
17,20,2,147.0,977.0,0.1504606
17,21,0,918.0,1017.0,0.9026549
17,21,1,1017.0,1017.0,1.0
17,21,2,147.0,1017.0,0.14454277
17,22,0,918.0,1062.0,0.86440676
17,22,1,1062.0,1062.0,1.0
17,22,2,147.0,1062.0,0.13841808
17,23,0,918.0,1112.0,0.8255396
17,23,1,1112.0,1112.0,1.0
17,23,2,147.0,1112.0,0.13219425
17,24,0,918.0,1149.0,0.7989556
17,24,1,1112.0,1149.0,0.9677981
17,24,2,1149.0,1149.0,1.0
17,25,0,918.0,1206.0,0.76119405
17,25,1,1112.0,1206.0,0.9220564
17,25,2,1206.0,1206.0,1.0
17,26,0,918.0,1236.0,0.74271846
17,26,1,1236.0,1236.0,1.0
17,26,2,1206.0,1236.0,0.97572815
17,27,0,918.0,1273.0,0.7211312
17,27,1,1236.0,1273.0,0.9709348
17,27,2,1273.0,1273.0,1.0
17,28,0,918.0,1327.0,0.691786
17,28,1,1236.0,1327.0,0.93142426
17,28,2,1327.0,1327.0,1.0
17,29,0,918.0,1364.0,0.67302054
17,29,1,1236.0,1364.0,0.9061583
17,29,2,1364.0,1364.0,1.0
17,30,0,918.0,1399.0,0.656183
17,30,1,1399.0,1399.0,1.0
17,30,2,1364.0,1399.0,0.97498214
17,31,0,918.0,1437.0,0.6388309
17,31,1,1437.0,1437.0,1.0
17,31,2,1364.0,1437.0,0.94919974
17,32,0,1512.0,1512.0,1.0
17,32,1,1437.0,1512.0,0.95039684
17,32,2,1364.0,1512.0,0.9021164
17,33,0,1512.0,1556.0,0.97172236
17,33,1,1437.0,1556.0,0.9235219
17,33,2,1556.0,1556.0,1.0
17,34,0,1618.0,1618.0,1.0
17,34,1,1437.0,1618.0,0.8881335
17,34,2,1556.0,1618.0,0.96168107
17,35,0,1698.0,1698.0,1.0
17,35,1,1437.0,1698.0,0.84628975
17,35,2,1556.0,1698.0,0.9163722
17,36,0,1778.0,1778.0,1.0
17,36,1,1437.0,1778.0,0.80821145
17,36,2,1556.0,1778.0,0.8751406
17,37,0,1778.0,1818.0,0.9779978
17,37,1,1818.0,1818.0,1.0
17,37,2,1556.0,1818.0,0.85588557
17,38,0,1778.0,1855.0,0.95849055
17,38,1,1855.0,1855.0,1.0
17,38,2,1556.0,1855.0,0.838814
17,39,0,1778.0,1891.0,0.94024324
17,39,1,1891.0,1891.0,1.0
17,39,2,1556.0,1891.0,0.82284504
17,40,0,1778.0,1932.0,0.9202899
17,40,1,1891.0,1932.0,0.9787785
17,40,2,1932.0,1932.0,1.0
17,41,0,1997.0,1997.0,1.0
17,41,1,1891.0,1997.0,0.9469204
17,41,2,1932.0,1997.0,0.96745116
17,42,0,1997.0,2040.0,0.9789216
17,42,1,1891.0,2040.0,0.92696077
17,42,2,2040.0,2040.0,1.0
17,43,0,1997.0,2068.0,0.9656673
17,43,1,2068.0,2068.0,1.0
17,43,2,2040.0,2068.0,0.9864603
17,44,0,1997.0,2108.0,0.94734347
17,44,1,2108.0,2108.0,1.0
17,44,2,2040.0,2108.0,0.9677419
17,45,0,1997.0,2138.0,0.9340505
17,45,1,2138.0,2138.0,1.0
17,45,2,2040.0,2138.0,0.9541628
17,46,0,1997.0,2189.0,0.9122887
17,46,1,2138.0,2189.0,0.9767017
17,46,2,2189.0,2189.0,1.0
17,47,0,1997.0,2225.0,0.8975281
17,47,1,2225.0,2225.0,1.0
17,47,2,2189.0,2225.0,0.9838202
17,48,0,1997.0,2269.0,0.8801234
17,48,1,2225.0,2269.0,0.9806082
17,48,2,2269.0,2269.0,1.0
17,49,0,1997.0,2334.0,0.8556127
17,49,1,2225.0,2334.0,0.95329905
17,49,2,2334.0,2334.0,1.0
17,50,0,1997.0,2403.0,0.83104455
17,50,1,2225.0,2403.0,0.9259259
17,50,2,2403.0,2403.0,1.0
17,51,0,1997.0,2431.0,0.82147264
17,51,1,2431.0,2431.0,1.0
17,51,2,2403.0,2431.0,0.9884821
17,52,0,1997.0,2474.0,0.8071948
17,52,1,2474.0,2474.0,1.0
17,52,2,2403.0,2474.0,0.97130156
17,53,0,1997.0,2519.0,0.7927749
17,53,1,2519.0,2519.0,1.0
17,53,2,2403.0,2519.0,0.95395
17,54,0,1997.0,2558.0,0.78068805
17,54,1,2519.0,2558.0,0.9847537
17,54,2,2558.0,2558.0,1.0
17,55,0,1997.0,2631.0,0.759027
17,55,1,2519.0,2631.0,0.95743066
17,55,2,2631.0,2631.0,1.0
17,56,0,1997.0,2669.0,0.7482203
17,56,1,2669.0,2669.0,1.0
17,56,2,2631.0,2669.0,0.9857625
17,57,0,1997.0,2738.0,0.7293645
17,57,1,2669.0,2738.0,0.9747991
17,57,2,2738.0,2738.0,1.0
17,58,0,1997.0,2771.0,0.72067845
17,58,1,2771.0,2771.0,1.0
17,58,2,2738.0,2771.0,0.98809093
17,59,0,1997.0,2813.0,0.70991826
17,59,1,2813.0,2813.0,1.0
17,59,2,2738.0,2813.0,0.97333807
17,60,0,1997.0,2883.0,0.69268125
17,60,1,2813.0,2883.0,0.97571975
17,60,2,2883.0,2883.0,1.0
17,61,0,1997.0,2956.0,0.6755751
17,61,1,2813.0,2956.0,0.9516238
17,61,2,2956.0,2956.0,1.0
17,62,0,1997.0,2988.0,0.66834
17,62,1,2988.0,2988.0,1.0
17,62,2,2956.0,2988.0,0.9892905
17,63,0,1997.0,3044.0,0.65604466
17,63,1,2988.0,3044.0,0.98160315
17,63,2,3044.0,3044.0,1.0
17,64,0,1997.0,3097.0,0.6448176
17,64,1,2988.0,3097.0,0.96480465
17,64,2,3097.0,3097.0,1.0
17,65,0,1997.0,3134.0,0.6372048
17,65,1,3134.0,3134.0,1.0
17,65,2,3097.0,3134.0,0.988194
17,66,0,1997.0,3171.0,0.6297698
17,66,1,3171.0,3171.0,1.0
17,66,2,3097.0,3171.0,0.97666353
17,67,0,1997.0,3203.0,0.623478
17,67,1,3203.0,3203.0,1.0
17,67,2,3097.0,3203.0,0.966906
17,68,0,1997.0,3235.0,0.61731064
17,68,1,3235.0,3235.0,1.0
17,68,2,3097.0,3235.0,0.95734155
17,69,0,1997.0,3279.0,0.60902715
17,69,1,3279.0,3279.0,1.0
17,69,2,3097.0,3279.0,0.94449526
17,70,0,1997.0,3316.0,0.6022316
17,70,1,3316.0,3316.0,1.0
17,70,2,3097.0,3316.0,0.93395656
17,71,0,1997.0,3365.0,0.5934621
17,71,1,3365.0,3365.0,1.0
17,71,2,3097.0,3365.0,0.92035663
17,72,0,1997.0,3429.0,0.58238554
17,72,1,3365.0,3429.0,0.98133564
17,72,2,3429.0,3429.0,1.0
17,73,0,1997.0,3469.0,0.57567024
17,73,1,3365.0,3469.0,0.9700202
17,73,2,3469.0,3469.0,1.0
17,74,0,1997.0,3523.0,0.56684643
17,74,1,3365.0,3523.0,0.95515186
17,74,2,3523.0,3523.0,1.0
17,75,0,1997.0,3568.0,0.55969733
17,75,1,3568.0,3568.0,1.0
17,75,2,3523.0,3568.0,0.9873879
17,76,0,1997.0,3609.0,0.5533389
17,76,1,3609.0,3609.0,1.0
17,76,2,3523.0,3609.0,0.97617066
17,77,0,1997.0,3675.0,0.54340136
17,77,1,3609.0,3675.0,0.9820408
17,77,2,3675.0,3675.0,1.0
17,78,0,1997.0,3730.0,0.53538877
17,78,1,3609.0,3730.0,0.96756035
17,78,2,3730.0,3730.0,1.0
17,79,0,1997.0,3780.0,0.5283069
17,79,1,3780.0,3780.0,1.0
17,79,2,3730.0,3780.0,0.9867725
17,80,0,1997.0,3818.0,0.5230487
17,80,1,3780.0,3818.0,0.99004716
17,80,2,3818.0,3818.0,1.0
17,81,0,1997.0,3868.0,0.5162875
17,81,1,3868.0,3868.0,1.0
17,81,2,3818.0,3868.0,0.9870734
17,82,0,1997.0,3928.0,0.5084012
17,82,1,3868.0,3928.0,0.98472506
17,82,2,3928.0,3928.0,1.0
17,83,0,1997.0,3963.0,0.5039112
17,83,1,3868.0,3963.0,0.97602826
17,83,2,3963.0,3963.0,1.0
17,84,0,1997.0,4007.0,0.49837783
17,84,1,4007.0,4007.0,1.0
17,84,2,3963.0,4007.0,0.9890192
17,85,0,1997.0,4080.0,0.4894608
17,85,1,4007.0,4080.0,0.9821078
17,85,2,4080.0,4080.0,1.0
17,86,0,1997.0,4115.0,0.48529768
17,86,1,4115.0,4115.0,1.0
17,86,2,4080.0,4115.0,0.99149454
17,87,0,1997.0,4159.0,0.4801635
17,87,1,4159.0,4159.0,1.0
17,87,2,4080.0,4159.0,0.9810051
17,88,0,1997.0,4192.0,0.4763836
17,88,1,4192.0,4192.0,1.0
17,88,2,4080.0,4192.0,0.97328246
17,89,0,1997.0,4248.0,0.4701036
17,89,1,4192.0,4248.0,0.9868173
17,89,2,4248.0,4248.0,1.0
17,90,0,1997.0,4322.0,0.4620546
17,90,1,4192.0,4322.0,0.96992135
17,90,2,4322.0,4322.0,1.0
17,91,0,1997.0,4353.0,0.45876408
17,91,1,4192.0,4353.0,0.963014
17,91,2,4353.0,4353.0,1.0
17,92,0,1997.0,4394.0,0.4544834
17,92,1,4394.0,4394.0,1.0
17,92,2,4353.0,4394.0,0.9906691
17,93,0,1997.0,4437.0,0.45007887
17,93,1,4437.0,4437.0,1.0
17,93,2,4353.0,4437.0,0.9810683
17,94,0,1997.0,4474.0,0.4463567
17,94,1,4474.0,4474.0,1.0
17,94,2,4353.0,4474.0,0.97295487
17,95,0,4522.0,4522.0,1.0
17,95,1,4474.0,4522.0,0.98938525
17,95,2,4353.0,4522.0,0.9626272
17,96,0,4522.0,4568.0,0.98993
17,96,1,4568.0,4568.0,1.0
17,96,2,4353.0,4568.0,0.95293343
17,97,0,4522.0,4610.0,0.9809111
17,97,1,4610.0,4610.0,1.0
17,97,2,4353.0,4610.0,0.94425166
17,98,0,4522.0,4660.0,0.97038627
17,98,1,4660.0,4660.0,1.0
17,98,2,4353.0,4660.0,0.9341202
17,99,0,4522.0,4703.0,0.96151394
17,99,1,4703.0,4703.0,1.0
17,99,2,4353.0,4703.0,0.9255794
17,100,0,4522.0,4745.0,0.95300317
17,100,1,4745.0,4745.0,1.0
17,100,2,4353.0,4745.0,0.9173867
17,101,0,4522.0,4800.0,0.94208336
17,101,1,4745.0,4800.0,0.98854166
17,101,2,4800.0,4800.0,1.0
17,102,0,4522.0,4834.0,0.93545717
17,102,1,4745.0,4834.0,0.9815887
17,102,2,4834.0,4834.0,1.0
17,103,0,4522.0,4875.0,0.9275897
17,103,1,4875.0,4875.0,1.0
17,103,2,4834.0,4875.0,0.9915897
17,104,0,4522.0,4918.0,0.9194795
17,104,1,4918.0,4918.0,1.0
17,104,2,4834.0,4918.0,0.9829199
17,105,0,4522.0,4964.0,0.9109589
17,105,1,4964.0,4964.0,1.0
17,105,2,4834.0,4964.0,0.97381145
17,106,0,5045.0,5045.0,1.0
17,106,1,4964.0,5045.0,0.9839445
17,106,2,4834.0,5045.0,0.95817643
17,107,0,5045.0,5085.0,0.99213374
17,107,1,4964.0,5085.0,0.9762045
17,107,2,5085.0,5085.0,1.0
17,108,0,5045.0,5133.0,0.98285604
17,108,1,5133.0,5133.0,1.0
17,108,2,5085.0,5133.0,0.99064875
17,109,0,5045.0,5176.0,0.97469085
17,109,1,5176.0,5176.0,1.0
17,109,2,5085.0,5176.0,0.98241884
17,110,0,5045.0,5209.0,0.96851605
17,110,1,5209.0,5209.0,1.0
17,110,2,5085.0,5209.0,0.97619504
17,111,0,5045.0,5251.0,0.96076936
17,111,1,5251.0,5251.0,1.0
17,111,2,5085.0,5251.0,0.96838695
17,112,0,5045.0,5289.0,0.95386654
17,112,1,5289.0,5289.0,1.0
17,112,2,5085.0,5289.0,0.96142936
17,113,0,5045.0,5319.0,0.94848657
17,113,1,5319.0,5319.0,1.0
17,113,2,5085.0,5319.0,0.95600677
17,114,0,5045.0,5369.0,0.9396536
17,114,1,5319.0,5369.0,0.99068725
17,114,2,5369.0,5369.0,1.0
17,115,0,5045.0,5414.0,0.93184334
17,115,1,5414.0,5414.0,1.0
17,115,2,5369.0,5414.0,0.9916882
17,116,0,5045.0,5455.0,0.9248396
17,116,1,5455.0,5455.0,1.0
17,116,2,5369.0,5455.0,0.98423463
17,117,0,5045.0,5497.0,0.9177733
17,117,1,5455.0,5497.0,0.99235946
17,117,2,5497.0,5497.0,1.0
17,118,0,5045.0,5537.0,0.91114324
17,118,1,5537.0,5537.0,1.0
17,118,2,5497.0,5537.0,0.99277586
17,119,0,5045.0,5575.0,0.90493274
17,119,1,5575.0,5575.0,1.0
17,119,2,5497.0,5575.0,0.98600894
17,120,0,5045.0,5620.0,0.89768684
17,120,1,5620.0,5620.0,1.0
17,120,2,5497.0,5620.0,0.9781139
17,121,0,5045.0,5662.0,0.8910279
17,121,1,5620.0,5662.0,0.99258214
17,121,2,5662.0,5662.0,1.0
17,122,0,5045.0,5696.0,0.8857093
17,122,1,5696.0,5696.0,1.0
17,122,2,5662.0,5696.0,0.9940309
17,123,0,5045.0,5727.0,0.880915
17,123,1,5727.0,5727.0,1.0
17,123,2,5662.0,5727.0,0.98865026
17,124,0,5045.0,5795.0,0.8705781
17,124,1,5727.0,5795.0,0.98826575
17,124,2,5795.0,5795.0,1.0
17,125,0,5045.0,5837.0,0.86431384
17,125,1,5837.0,5837.0,1.0
17,125,2,5795.0,5837.0,0.9928045
17,126,0,5045.0,5875.0,0.8587234
17,126,1,5875.0,5875.0,1.0
17,126,2,5795.0,5875.0,0.98638296
17,127,0,5045.0,5901.0,0.8549398
17,127,1,5901.0,5901.0,1.0
17,127,2,5795.0,5901.0,0.98203695
17,128,0,5045.0,5941.0,0.8491836
17,128,1,5941.0,5941.0,1.0
17,128,2,5795.0,5941.0,0.975425
17,129,0,5045.0,6009.0,0.839574
17,129,1,5941.0,6009.0,0.98868364
17,129,2,6009.0,6009.0,1.0
17,130,0,5045.0,6039.0,0.8354032
17,130,1,6039.0,6039.0,1.0
17,130,2,6009.0,6039.0,0.9950323
17,131,0,5045.0,6071.0,0.83099985
17,131,1,6071.0,6071.0,1.0
17,131,2,6009.0,6071.0,0.9897875
17,132,0,5045.0,6132.0,0.8227332
17,132,1,6071.0,6132.0,0.99005216
17,132,2,6132.0,6132.0,1.0
17,133,0,5045.0,6176.0,0.81687176
17,133,1,6176.0,6176.0,1.0
17,133,2,6132.0,6176.0,0.99287564
17,134,0,5045.0,6212.0,0.8121378
17,134,1,6176.0,6212.0,0.99420476
17,134,2,6212.0,6212.0,1.0
18,1,0,16.0,16.0,1.0
18,1,1,0.0,16.0,0.0
18,1,2,0.0,16.0,0.0
18,2,0,91.0,91.0,1.0
18,2,1,0.0,91.0,0.0
18,2,2,0.0,91.0,0.0
18,3,0,139.0,139.0,1.0
18,3,1,0.0,139.0,0.0
18,3,2,0.0,139.0,0.0
18,4,0,198.0,198.0,1.0
18,4,1,0.0,198.0,0.0
18,4,2,0.0,198.0,0.0
18,5,0,274.0,274.0,1.0
18,5,1,0.0,274.0,0.0
18,5,2,0.0,274.0,0.0
18,6,0,321.0,321.0,1.0
18,6,1,0.0,321.0,0.0
18,6,2,0.0,321.0,0.0
18,7,0,321.0,334.0,0.96107787
18,7,1,334.0,334.0,1.0
18,7,2,0.0,334.0,0.0
18,8,0,321.0,369.0,0.8699187
18,8,1,334.0,369.0,0.90514904
18,8,2,369.0,369.0,1.0
18,9,0,435.0,435.0,1.0
18,9,1,334.0,435.0,0.76781607
18,9,2,369.0,435.0,0.84827584
18,10,0,516.0,516.0,1.0
18,10,1,334.0,516.0,0.64728683
18,10,2,369.0,516.0,0.71511626
18,11,0,516.0,551.0,0.93647915
18,11,1,551.0,551.0,1.0
18,11,2,369.0,551.0,0.66969144
18,12,0,516.0,591.0,0.87309647
18,12,1,551.0,591.0,0.9323181
18,12,2,591.0,591.0,1.0
18,13,0,671.0,671.0,1.0
18,13,1,551.0,671.0,0.82116246
18,13,2,591.0,671.0,0.880775
18,14,0,671.0,713.0,0.941094
18,14,1,551.0,713.0,0.772791
18,14,2,713.0,713.0,1.0
18,15,0,671.0,753.0,0.89110225
18,15,1,753.0,753.0,1.0
18,15,2,713.0,753.0,0.94687915
18,16,0,811.0,811.0,1.0
18,16,1,753.0,811.0,0.92848337
18,16,2,713.0,811.0,0.87916154
18,17,0,811.0,849.0,0.95524144
18,17,1,849.0,849.0,1.0
18,17,2,713.0,849.0,0.83981156
18,18,0,811.0,892.0,0.9091928
18,18,1,892.0,892.0,1.0
18,18,2,713.0,892.0,0.7993274
18,19,0,811.0,927.0,0.8748652
18,19,1,927.0,927.0,1.0
18,19,2,713.0,927.0,0.7691478
18,20,0,811.0,960.0,0.84479165
18,20,1,960.0,960.0,1.0
18,20,2,713.0,960.0,0.7427083
18,21,0,811.0,1003.0,0.80857426
18,21,1,1003.0,1003.0,1.0
18,21,2,713.0,1003.0,0.7108674
18,22,0,811.0,1071.0,0.75723624
18,22,1,1003.0,1071.0,0.93650794
18,22,2,1071.0,1071.0,1.0
18,23,0,811.0,1113.0,0.7286613
18,23,1,1113.0,1113.0,1.0
18,23,2,1071.0,1113.0,0.9622642
18,24,0,1178.0,1178.0,1.0
18,24,1,1113.0,1178.0,0.9448217
18,24,2,1071.0,1178.0,0.90916806
18,25,0,1243.0,1243.0,1.0
18,25,1,1113.0,1243.0,0.8954143
18,25,2,1071.0,1243.0,0.8616251
18,26,0,1243.0,1282.0,0.9695788
18,26,1,1113.0,1282.0,0.86817473
18,26,2,1282.0,1282.0,1.0
18,27,0,1243.0,1318.0,0.9430956
18,27,1,1318.0,1318.0,1.0
18,27,2,1282.0,1318.0,0.9726859
18,28,0,1243.0,1348.0,0.9221068
18,28,1,1348.0,1348.0,1.0
18,28,2,1282.0,1348.0,0.9510386
18,29,0,1419.0,1419.0,1.0
18,29,1,1348.0,1419.0,0.94996476
18,29,2,1282.0,1419.0,0.9034531
18,30,0,1419.0,1450.0,0.9786207
18,30,1,1450.0,1450.0,1.0
18,30,2,1282.0,1450.0,0.8841379
18,31,0,1522.0,1522.0,1.0
18,31,1,1450.0,1522.0,0.9526938
18,31,2,1282.0,1522.0,0.84231275
18,32,0,1522.0,1562.0,0.9743918
18,32,1,1450.0,1562.0,0.92829704
18,32,2,1562.0,1562.0,1.0
18,33,0,1633.0,1633.0,1.0
18,33,1,1450.0,1633.0,0.8879363
18,33,2,1562.0,1633.0,0.95652175
18,34,0,1633.0,1676.0,0.97434366
18,34,1,1676.0,1676.0,1.0
18,34,2,1562.0,1676.0,0.9319809
18,35,0,1633.0,1713.0,0.95329833
18,35,1,1676.0,1713.0,0.97840047
18,35,2,1713.0,1713.0,1.0
18,36,0,1633.0,1751.0,0.9326099
18,36,1,1751.0,1751.0,1.0
18,36,2,1713.0,1751.0,0.9782981
18,37,0,1633.0,1789.0,0.91280043
18,37,1,1751.0,1789.0,0.9787591
18,37,2,1789.0,1789.0,1.0
18,38,0,1852.0,1852.0,1.0
18,38,1,1751.0,1852.0,0.9454644
18,38,2,1789.0,1852.0,0.96598274
18,39,0,1852.0,1894.0,0.9778247
18,39,1,1894.0,1894.0,1.0
18,39,2,1789.0,1894.0,0.9445618
18,40,0,1953.0,1953.0,1.0
18,40,1,1894.0,1953.0,0.96979004
18,40,2,1789.0,1953.0,0.91602665
18,41,0,1953.0,1986.0,0.9833837
18,41,1,1986.0,1986.0,1.0
18,41,2,1789.0,1986.0,0.90080565
18,42,0,1953.0,2028.0,0.96301776
18,42,1,1986.0,2028.0,0.97928995
18,42,2,2028.0,2028.0,1.0
18,43,0,1953.0,2073.0,0.94211286
18,43,1,2073.0,2073.0,1.0
18,43,2,2028.0,2073.0,0.97829235
18,44,0,1953.0,2129.0,0.91733205
18,44,1,2073.0,2129.0,0.9736966
18,44,2,2129.0,2129.0,1.0
18,45,0,1953.0,2186.0,0.89341265
18,45,1,2073.0,2186.0,0.9483074
18,45,2,2186.0,2186.0,1.0
18,46,0,2260.0,2260.0,1.0
18,46,1,2073.0,2260.0,0.91725665
18,46,2,2186.0,2260.0,0.96725667
18,47,0,2260.0,2309.0,0.9787787
18,47,1,2309.0,2309.0,1.0
18,47,2,2186.0,2309.0,0.9467302
18,48,0,2260.0,2352.0,0.96088433
18,48,1,2352.0,2352.0,1.0
18,48,2,2186.0,2352.0,0.9294218
18,49,0,2260.0,2397.0,0.9428452
18,49,1,2397.0,2397.0,1.0
18,49,2,2186.0,2397.0,0.9119733
18,50,0,2260.0,2457.0,0.9198209
18,50,1,2397.0,2457.0,0.97558
18,50,2,2457.0,2457.0,1.0
18,51,0,2260.0,2503.0,0.9029165
18,51,1,2503.0,2503.0,1.0
18,51,2,2457.0,2503.0,0.98162204
18,52,0,2260.0,2549.0,0.8866222
18,52,1,2549.0,2549.0,1.0
18,52,2,2457.0,2549.0,0.9639074
18,53,0,2260.0,2597.0,0.8702349
18,53,1,2597.0,2597.0,1.0
18,53,2,2457.0,2597.0,0.94609165
18,54,0,2260.0,2632.0,0.8586626
18,54,1,2632.0,2632.0,1.0
18,54,2,2457.0,2632.0,0.93351066
18,55,0,2260.0,2666.0,0.8477119
18,55,1,2666.0,2666.0,1.0
18,55,2,2457.0,2666.0,0.9216054
18,56,0,2260.0,2714.0,0.8327192
18,56,1,2714.0,2714.0,1.0
18,56,2,2457.0,2714.0,0.9053058
18,57,0,2260.0,2755.0,0.8203267
18,57,1,2755.0,2755.0,1.0
18,57,2,2457.0,2755.0,0.891833
18,58,0,2260.0,2823.0,0.8005668
18,58,1,2755.0,2823.0,0.97591215
18,58,2,2823.0,2823.0,1.0
18,59,0,2260.0,2865.0,0.7888307
18,59,1,2865.0,2865.0,1.0
18,59,2,2823.0,2865.0,0.9853403
18,60,0,2260.0,2920.0,0.77397263
18,60,1,2865.0,2920.0,0.9811644
18,60,2,2920.0,2920.0,1.0
18,61,0,2260.0,2969.0,0.76119906
18,61,1,2865.0,2969.0,0.96497136
18,61,2,2969.0,2969.0,1.0
18,62,0,2260.0,3015.0,0.7495854
18,62,1,2865.0,3015.0,0.9502488
18,62,2,3015.0,3015.0,1.0
18,63,0,2260.0,3057.0,0.7392869
18,63,1,3057.0,3057.0,1.0
18,63,2,3015.0,3057.0,0.98626107
18,64,0,2260.0,3095.0,0.73021
18,64,1,3095.0,3095.0,1.0
18,64,2,3015.0,3095.0,0.97415185
18,65,0,3171.0,3171.0,1.0
18,65,1,3095.0,3171.0,0.9760328
18,65,2,3015.0,3171.0,0.9508042
18,66,0,3171.0,3211.0,0.9875428
18,66,1,3211.0,3211.0,1.0
18,66,2,3015.0,3211.0,0.93895984
18,67,0,3171.0,3248.0,0.9762931
18,67,1,3211.0,3248.0,0.98860836
18,67,2,3248.0,3248.0,1.0
18,68,0,3171.0,3283.0,0.96588486
18,68,1,3283.0,3283.0,1.0
18,68,2,3248.0,3283.0,0.989339
18,69,0,3171.0,3327.0,0.95311093
18,69,1,3327.0,3327.0,1.0
18,69,2,3248.0,3327.0,0.9762549
18,70,0,3171.0,3367.0,0.94178796
18,70,1,3367.0,3367.0,1.0
18,70,2,3248.0,3367.0,0.96465695
18,71,0,3171.0,3402.0,0.93209875
18,71,1,3402.0,3402.0,1.0
18,71,2,3248.0,3402.0,0.95473254
18,72,0,3171.0,3442.0,0.92126673
18,72,1,3442.0,3442.0,1.0
18,72,2,3248.0,3442.0,0.94363743
18,73,0,3171.0,3515.0,0.9021337
18,73,1,3442.0,3515.0,0.97923183
18,73,2,3515.0,3515.0,1.0
18,74,0,3171.0,3560.0,0.8907303
18,74,1,3560.0,3560.0,1.0
18,74,2,3515.0,3560.0,0.9873595
18,75,0,3171.0,3609.0,0.8786367
18,75,1,3560.0,3609.0,0.98642284
18,75,2,3609.0,3609.0,1.0
18,76,0,3171.0,3659.0,0.86663026
18,76,1,3659.0,3659.0,1.0
18,76,2,3609.0,3659.0,0.98633504
18,77,0,3171.0,3709.0,0.85494745
18,77,1,3709.0,3709.0,1.0
18,77,2,3609.0,3709.0,0.97303855
18,78,0,3171.0,3750.0,0.8456
18,78,1,3709.0,3750.0,0.98906666
18,78,2,3750.0,3750.0,1.0
18,79,0,3171.0,3804.0,0.8335962
18,79,1,3709.0,3804.0,0.9750263
18,79,2,3804.0,3804.0,1.0
18,80,0,3171.0,3837.0,0.8264269
18,80,1,3837.0,3837.0,1.0
18,80,2,3804.0,3837.0,0.9913995
18,81,0,3171.0,3881.0,0.81705743
18,81,1,3837.0,3881.0,0.9886627
18,81,2,3881.0,3881.0,1.0
18,82,0,3171.0,3934.0,0.8060498
18,82,1,3837.0,3934.0,0.97534317
18,82,2,3934.0,3934.0,1.0
18,83,0,3171.0,3968.0,0.79914314
18,83,1,3968.0,3968.0,1.0
18,83,2,3934.0,3968.0,0.9914315
18,84,0,3171.0,4005.0,0.7917603
18,84,1,4005.0,4005.0,1.0
18,84,2,3934.0,4005.0,0.98227215
18,85,0,3171.0,4042.0,0.78451264
18,85,1,4042.0,4042.0,1.0
18,85,2,3934.0,4042.0,0.97328055
18,86,0,3171.0,4092.0,0.77492666
18,86,1,4092.0,4092.0,1.0
18,86,2,3934.0,4092.0,0.96138805
18,87,0,3171.0,4137.0,0.76649743
18,87,1,4137.0,4137.0,1.0
18,87,2,3934.0,4137.0,0.95093066
18,88,0,3171.0,4176.0,0.7593391
18,88,1,4137.0,4176.0,0.9906609
18,88,2,4176.0,4176.0,1.0
18,89,0,3171.0,4212.0,0.752849
18,89,1,4137.0,4212.0,0.9821937
18,89,2,4212.0,4212.0,1.0
18,90,0,4267.0,4267.0,1.0
18,90,1,4137.0,4267.0,0.9695336
18,90,2,4212.0,4267.0,0.9871104
18,91,0,4267.0,4309.0,0.990253
18,91,1,4309.0,4309.0,1.0
18,91,2,4212.0,4309.0,0.977489
18,92,0,4267.0,4351.0,0.9806941
18,92,1,4351.0,4351.0,1.0
18,92,2,4212.0,4351.0,0.96805334
18,93,0,4267.0,4420.0,0.9653846
18,93,1,4351.0,4420.0,0.9843891
18,93,2,4420.0,4420.0,1.0
18,94,0,4267.0,4461.0,0.956512
18,94,1,4461.0,4461.0,1.0
18,94,2,4420.0,4461.0,0.99080926
18,95,0,4267.0,4511.0,0.94591
18,95,1,4511.0,4511.0,1.0
18,95,2,4420.0,4511.0,0.9798271
18,96,0,4267.0,4581.0,0.931456
18,96,1,4511.0,4581.0,0.9847195
18,96,2,4581.0,4581.0,1.0
18,97,0,4267.0,4611.0,0.9253958
18,97,1,4611.0,4611.0,1.0
18,97,2,4581.0,4611.0,0.9934938
18,98,0,4267.0,4676.0,0.9125321
18,98,1,4611.0,4676.0,0.98609924
18,98,2,4676.0,4676.0,1.0
18,99,0,4267.0,4732.0,0.90173286
18,99,1,4611.0,4732.0,0.9744294
18,99,2,4732.0,4732.0,1.0
18,100,0,4267.0,4769.0,0.8947368
18,100,1,4769.0,4769.0,1.0
18,100,2,4732.0,4769.0,0.99224156
18,101,0,4267.0,4819.0,0.8854534
18,101,1,4819.0,4819.0,1.0
18,101,2,4732.0,4819.0,0.98194647
18,102,0,4267.0,4863.0,0.8774419
18,102,1,4863.0,4863.0,1.0
18,102,2,4732.0,4863.0,0.9730619
18,103,0,4267.0,4896.0,0.8715278
18,103,1,4896.0,4896.0,1.0
18,103,2,4732.0,4896.0,0.96650326
18,104,0,4267.0,4927.0,0.8660442
18,104,1,4927.0,4927.0,1.0
18,104,2,4732.0,4927.0,0.96042216
18,105,0,4267.0,4967.0,0.8590699
18,105,1,4927.0,4967.0,0.9919469
18,105,2,4967.0,4967.0,1.0
18,106,0,4267.0,5017.0,0.8505083
18,106,1,4927.0,5017.0,0.98206097
18,106,2,5017.0,5017.0,1.0
18,107,0,4267.0,5058.0,0.8436141
18,107,1,5058.0,5058.0,1.0
18,107,2,5017.0,5058.0,0.991894
18,108,0,4267.0,5132.0,0.83144975
18,108,1,5058.0,5132.0,0.9855807
18,108,2,5132.0,5132.0,1.0
18,109,0,4267.0,5176.0,0.82438177
18,109,1,5176.0,5176.0,1.0
18,109,2,5132.0,5176.0,0.99149925
18,110,0,4267.0,5214.0,0.8183736
18,110,1,5214.0,5214.0,1.0
18,110,2,5132.0,5214.0,0.98427314
18,111,0,4267.0,5287.0,0.80707395
18,111,1,5214.0,5287.0,0.9861925
18,111,2,5287.0,5287.0,1.0
18,112,0,4267.0,5324.0,0.80146503
18,112,1,5214.0,5324.0,0.9793388
18,112,2,5324.0,5324.0,1.0
18,113,0,4267.0,5362.0,0.7957851
18,113,1,5362.0,5362.0,1.0
18,113,2,5324.0,5362.0,0.99291307
18,114,0,4267.0,5399.0,0.79033154
18,114,1,5399.0,5399.0,1.0
18,114,2,5324.0,5399.0,0.98610854
18,115,0,4267.0,5472.0,0.779788
18,115,1,5399.0,5472.0,0.98665935
18,115,2,5472.0,5472.0,1.0
18,116,0,4267.0,5505.0,0.7751135
18,116,1,5505.0,5505.0,1.0
18,116,2,5472.0,5505.0,0.99400544
18,117,0,4267.0,5536.0,0.7707731
18,117,1,5536.0,5536.0,1.0
18,117,2,5472.0,5536.0,0.9884393
18,118,0,4267.0,5568.0,0.7663434
18,118,1,5568.0,5568.0,1.0
18,118,2,5472.0,5568.0,0.98275864
18,119,0,4267.0,5595.0,0.76264524
18,119,1,5595.0,5595.0,1.0
18,119,2,5472.0,5595.0,0.9780161
18,120,0,4267.0,5635.0,0.7572316
18,120,1,5595.0,5635.0,0.9929015
18,120,2,5635.0,5635.0,1.0
18,121,0,4267.0,5679.0,0.75136465
18,121,1,5679.0,5679.0,1.0
18,121,2,5635.0,5679.0,0.9922522
18,122,0,4267.0,5738.0,0.7436389
18,122,1,5679.0,5738.0,0.98971766
18,122,2,5738.0,5738.0,1.0
18,123,0,4267.0,5774.0,0.7390024
18,123,1,5774.0,5774.0,1.0
18,123,2,5738.0,5774.0,0.9937652
18,124,0,4267.0,5811.0,0.73429704
18,124,1,5811.0,5811.0,1.0
18,124,2,5738.0,5811.0,0.9874376
18,125,0,4267.0,5852.0,0.72915244
18,125,1,5811.0,5852.0,0.99299383
18,125,2,5852.0,5852.0,1.0
18,126,0,4267.0,5888.0,0.7246943
18,126,1,5888.0,5888.0,1.0
18,126,2,5852.0,5888.0,0.9938859
18,127,0,4267.0,5933.0,0.7191977
18,127,1,5933.0,5933.0,1.0
18,127,2,5852.0,5933.0,0.98634756
18,128,0,4267.0,5983.0,0.71318734
18,128,1,5983.0,5983.0,1.0
18,128,2,5852.0,5983.0,0.97810465
18,129,0,4267.0,6034.0,0.70715946
18,129,1,5983.0,6034.0,0.9915479
18,129,2,6034.0,6034.0,1.0
18,130,0,4267.0,6103.0,0.69916433
18,130,1,5983.0,6103.0,0.98033756
18,130,2,6103.0,6103.0,1.0
18,131,0,4267.0,6146.0,0.6942727
18,131,1,6146.0,6146.0,1.0
18,131,2,6103.0,6146.0,0.9930036
18,132,0,4267.0,6178.0,0.69067657
18,132,1,6178.0,6178.0,1.0
18,132,2,6103.0,6178.0,0.98786014
18,133,0,4267.0,6244.0,0.683376
18,133,1,6178.0,6244.0,0.98942983
18,133,2,6244.0,6244.0,1.0
18,134,0,4267.0,6277.0,0.67978334
18,134,1,6178.0,6277.0,0.98422813
18,134,2,6277.0,6277.0,1.0
19,1,0,36.0,36.0,1.0
19,1,1,0.0,36.0,0.0
19,1,2,0.0,36.0,0.0
19,2,0,111.0,111.0,1.0
19,2,1,0.0,111.0,0.0
19,2,2,0.0,111.0,0.0
19,3,0,159.0,159.0,1.0
19,3,1,0.0,159.0,0.0
19,3,2,0.0,159.0,0.0
19,4,0,215.0,215.0,1.0
19,4,1,0.0,215.0,0.0
19,4,2,0.0,215.0,0.0
19,5,0,215.0,225.0,0.95555556
19,5,1,225.0,225.0,1.0
19,5,2,0.0,225.0,0.0
19,6,0,215.0,258.0,0.8333333
19,6,1,258.0,258.0,1.0
19,6,2,0.0,258.0,0.0
19,7,0,215.0,296.0,0.7263514
19,7,1,296.0,296.0,1.0
19,7,2,0.0,296.0,0.0
19,8,0,362.0,362.0,1.0
19,8,1,296.0,362.0,0.8176796
19,8,2,0.0,362.0,0.0
19,9,0,420.0,420.0,1.0
19,9,1,296.0,420.0,0.7047619
19,9,2,0.0,420.0,0.0
19,10,0,492.0,492.0,1.0
19,10,1,296.0,492.0,0.60162604
19,10,2,0.0,492.0,0.0
19,11,0,563.0,563.0,1.0
19,11,1,296.0,563.0,0.52575487
19,11,2,0.0,563.0,0.0
19,12,0,563.0,598.0,0.9414716
19,12,1,296.0,598.0,0.4949833
19,12,2,598.0,598.0,1.0
19,13,0,563.0,631.0,0.89223456
19,13,1,631.0,631.0,1.0
19,13,2,598.0,631.0,0.94770205
19,14,0,563.0,665.0,0.84661657
19,14,1,631.0,665.0,0.9488722
19,14,2,665.0,665.0,1.0
19,15,0,563.0,710.0,0.7929577
19,15,1,710.0,710.0,1.0
19,15,2,665.0,710.0,0.9366197
19,16,0,563.0,752.0,0.7486702
19,16,1,710.0,752.0,0.94414896
19,16,2,752.0,752.0,1.0
19,17,0,563.0,788.0,0.714467
19,17,1,788.0,788.0,1.0
19,17,2,752.0,788.0,0.9543147
19,18,0,847.0,847.0,1.0
19,18,1,788.0,847.0,0.9303424
19,18,2,752.0,847.0,0.88783944
19,19,0,847.0,890.0,0.95168537
19,19,1,890.0,890.0,1.0
19,19,2,752.0,890.0,0.8449438
19,20,0,847.0,925.0,0.9156757
19,20,1,925.0,925.0,1.0
19,20,2,752.0,925.0,0.81297296
19,21,0,847.0,970.0,0.8731959
19,21,1,970.0,970.0,1.0
19,21,2,752.0,970.0,0.7752577
19,22,0,847.0,1016.0,0.83366144
19,22,1,1016.0,1016.0,1.0
19,22,2,752.0,1016.0,0.7401575
19,23,0,847.0,1049.0,0.80743563
19,23,1,1049.0,1049.0,1.0
19,23,2,752.0,1049.0,0.7168732
19,24,0,1114.0,1114.0,1.0
19,24,1,1049.0,1114.0,0.9416517
19,24,2,752.0,1114.0,0.6750449
19,25,0,1114.0,1151.0,0.967854
19,25,1,1049.0,1151.0,0.9113814
19,25,2,1151.0,1151.0,1.0
19,26,0,1114.0,1189.0,0.9369218
19,26,1,1049.0,1189.0,0.882254
19,26,2,1189.0,1189.0,1.0
19,27,0,1114.0,1224.0,0.91013074
19,27,1,1224.0,1224.0,1.0
19,27,2,1189.0,1224.0,0.9714052
19,28,0,1114.0,1262.0,0.88272583
19,28,1,1262.0,1262.0,1.0
19,28,2,1189.0,1262.0,0.9421553
19,29,0,1323.0,1323.0,1.0
19,29,1,1262.0,1323.0,0.95389265
19,29,2,1189.0,1323.0,0.898715
19,30,0,1323.0,1363.0,0.970653
19,30,1,1363.0,1363.0,1.0
19,30,2,1189.0,1363.0,0.87234044
19,31,0,1323.0,1401.0,0.9443255
19,31,1,1401.0,1401.0,1.0
19,31,2,1189.0,1401.0,0.84867954
19,32,0,1463.0,1463.0,1.0
19,32,1,1401.0,1463.0,0.95762134
19,32,2,1189.0,1463.0,0.8127136
19,33,0,1463.0,1508.0,0.9701592
19,33,1,1401.0,1508.0,0.9290451
19,33,2,1508.0,1508.0,1.0
19,34,0,1463.0,1551.0,0.9432624
19,34,1,1551.0,1551.0,1.0
19,34,2,1508.0,1551.0,0.972276
19,35,0,1463.0,1585.0,0.9230284
19,35,1,1585.0,1585.0,1.0
19,35,2,1508.0,1585.0,0.95141953
19,36,0,1666.0,1666.0,1.0
19,36,1,1585.0,1666.0,0.95138055
19,36,2,1508.0,1666.0,0.90516204
19,37,0,1666.0,1708.0,0.97540987
19,37,1,1585.0,1708.0,0.92798597
19,37,2,1708.0,1708.0,1.0
19,38,0,1666.0,1748.0,0.95308924
19,38,1,1748.0,1748.0,1.0
19,38,2,1708.0,1748.0,0.9771167
19,39,0,1666.0,1804.0,0.92350334
19,39,1,1748.0,1804.0,0.9689579
19,39,2,1804.0,1804.0,1.0
19,40,0,1666.0,1847.0,0.9020032
19,40,1,1847.0,1847.0,1.0
19,40,2,1804.0,1847.0,0.976719
19,41,0,1666.0,1886.0,0.883351
19,41,1,1847.0,1886.0,0.9793213
19,41,2,1886.0,1886.0,1.0
19,42,0,1666.0,1954.0,0.85261005
19,42,1,1847.0,1954.0,0.94524056
19,42,2,1954.0,1954.0,1.0
19,43,0,1666.0,1989.0,0.83760685
19,43,1,1989.0,1989.0,1.0
19,43,2,1954.0,1989.0,0.9824032
19,44,0,2069.0,2069.0,1.0
19,44,1,1989.0,2069.0,0.961334
19,44,2,1954.0,2069.0,0.9444176
19,45,0,2069.0,2104.0,0.983365
19,45,1,2104.0,2104.0,1.0
19,45,2,1954.0,2104.0,0.92870724
19,46,0,2069.0,2154.0,0.9605385
19,46,1,2154.0,2154.0,1.0
19,46,2,1954.0,2154.0,0.9071495
19,47,0,2069.0,2208.0,0.9370471
19,47,1,2154.0,2208.0,0.9755435
19,47,2,2208.0,2208.0,1.0
19,48,0,2069.0,2264.0,0.91386926
19,48,1,2154.0,2264.0,0.95141345
19,48,2,2264.0,2264.0,1.0
19,49,0,2069.0,2313.0,0.8945093
19,49,1,2313.0,2313.0,1.0
19,49,2,2264.0,2313.0,0.9788154
19,50,0,2069.0,2370.0,0.8729958
19,50,1,2313.0,2370.0,0.97594935
19,50,2,2370.0,2370.0,1.0
19,51,0,2450.0,2450.0,1.0
19,51,1,2313.0,2450.0,0.9440816
19,51,2,2370.0,2450.0,0.96734697
19,52,0,2450.0,2494.0,0.9823577
19,52,1,2313.0,2494.0,0.9274258
19,52,2,2494.0,2494.0,1.0
19,53,0,2450.0,2529.0,0.96876234
19,53,1,2313.0,2529.0,0.9145908
19,53,2,2529.0,2529.0,1.0
19,54,0,2450.0,2574.0,0.951826
19,54,1,2574.0,2574.0,1.0
19,54,2,2529.0,2574.0,0.9825175
19,55,0,2450.0,2644.0,0.9266263
19,55,1,2574.0,2644.0,0.973525
19,55,2,2644.0,2644.0,1.0
19,56,0,2450.0,2679.0,0.9145203
19,56,1,2679.0,2679.0,1.0
19,56,2,2644.0,2679.0,0.98693544
19,57,0,2753.0,2753.0,1.0
19,57,1,2679.0,2753.0,0.9731202
19,57,2,2644.0,2753.0,0.96040684
19,58,0,2753.0,2795.0,0.9849732
19,58,1,2795.0,2795.0,1.0
19,58,2,2644.0,2795.0,0.94597495
19,59,0,2753.0,2845.0,0.9676626
19,59,1,2845.0,2845.0,1.0
19,59,2,2644.0,2845.0,0.9293497
19,60,0,2753.0,2887.0,0.953585
19,60,1,2887.0,2887.0,1.0
19,60,2,2644.0,2887.0,0.9158296
19,61,0,2753.0,2924.0,0.9415185
19,61,1,2887.0,2924.0,0.9873461
19,61,2,2924.0,2924.0,1.0
19,62,0,2753.0,2992.0,0.9201203
19,62,1,2887.0,2992.0,0.9649064
19,62,2,2992.0,2992.0,1.0
19,63,0,3051.0,3051.0,1.0
19,63,1,2887.0,3051.0,0.94624716
19,63,2,2992.0,3051.0,0.9806621
19,64,0,3114.0,3114.0,1.0
19,64,1,2887.0,3114.0,0.9271034
19,64,2,2992.0,3114.0,0.9608221
19,65,0,3114.0,3158.0,0.9860671
19,65,1,3158.0,3158.0,1.0
19,65,2,2992.0,3158.0,0.9474351
19,66,0,3114.0,3213.0,0.9691877
19,66,1,3158.0,3213.0,0.982882
19,66,2,3213.0,3213.0,1.0
19,67,0,3114.0,3246.0,0.95933455
19,67,1,3246.0,3246.0,1.0
19,67,2,3213.0,3246.0,0.98983365
19,68,0,3317.0,3317.0,1.0
19,68,1,3246.0,3317.0,0.97859514
19,68,2,3213.0,3317.0,0.96864635
19,69,0,3317.0,3358.0,0.98779035
19,69,1,3358.0,3358.0,1.0
19,69,2,3213.0,3358.0,0.95681953
19,70,0,3317.0,3394.0,0.9773129
19,70,1,3394.0,3394.0,1.0
19,70,2,3213.0,3394.0,0.9466706
19,71,0,3317.0,3436.0,0.9653667
19,71,1,3436.0,3436.0,1.0
19,71,2,3213.0,3436.0,0.93509895
19,72,0,3317.0,3469.0,0.9561833
19,72,1,3469.0,3469.0,1.0
19,72,2,3213.0,3469.0,0.9262035
19,73,0,3317.0,3509.0,0.94528353
19,73,1,3509.0,3509.0,1.0
19,73,2,3213.0,3509.0,0.9156455
19,74,0,3317.0,3540.0,0.93700564
19,74,1,3540.0,3540.0,1.0
19,74,2,3213.0,3540.0,0.9076271
19,75,0,3317.0,3576.0,0.9275727
19,75,1,3576.0,3576.0,1.0
19,75,2,3213.0,3576.0,0.89848995
19,76,0,3317.0,3645.0,0.91001374
19,76,1,3576.0,3645.0,0.98107
19,76,2,3645.0,3645.0,1.0
19,77,0,3317.0,3688.0,0.89940345
19,77,1,3688.0,3688.0,1.0
19,77,2,3645.0,3688.0,0.98834056
19,78,0,3317.0,3726.0,0.89023083
19,78,1,3726.0,3726.0,1.0
19,78,2,3645.0,3726.0,0.9782609
19,79,0,3317.0,3777.0,0.87821025
19,79,1,3726.0,3777.0,0.9864972
19,79,2,3777.0,3777.0,1.0
19,80,0,3317.0,3810.0,0.8706037
19,80,1,3810.0,3810.0,1.0
19,80,2,3777.0,3810.0,0.9913386
19,81,0,3317.0,3879.0,0.8551173
19,81,1,3810.0,3879.0,0.9822119
19,81,2,3879.0,3879.0,1.0
19,82,0,3317.0,3913.0,0.8476872
19,82,1,3913.0,3913.0,1.0
19,82,2,3879.0,3913.0,0.991311
19,83,0,3968.0,3968.0,1.0
19,83,1,3913.0,3968.0,0.9861391
19,83,2,3879.0,3968.0,0.9775706
19,84,0,3968.0,4009.0,0.98977304
19,84,1,4009.0,4009.0,1.0
19,84,2,3879.0,4009.0,0.967573
19,85,0,3968.0,4046.0,0.9807217
19,85,1,4046.0,4046.0,1.0
19,85,2,3879.0,4046.0,0.9587247
19,86,0,3968.0,4086.0,0.9711209
19,86,1,4046.0,4086.0,0.9902105
19,86,2,4086.0,4086.0,1.0
19,87,0,3968.0,4136.0,0.95938104
19,87,1,4046.0,4136.0,0.97823983
19,87,2,4136.0,4136.0,1.0
19,88,0,3968.0,4180.0,0.9492823
19,88,1,4180.0,4180.0,1.0
19,88,2,4136.0,4180.0,0.9894737
19,89,0,3968.0,4234.0,0.9371753
19,89,1,4180.0,4234.0,0.9872461
19,89,2,4234.0,4234.0,1.0
19,90,0,3968.0,4284.0,0.92623717
19,90,1,4284.0,4284.0,1.0
19,90,2,4234.0,4284.0,0.98832864
19,91,0,3968.0,4315.0,0.91958284
19,91,1,4315.0,4315.0,1.0
19,91,2,4234.0,4315.0,0.9812283
19,92,0,3968.0,4346.0,0.9130235
19,92,1,4315.0,4346.0,0.992867
19,92,2,4346.0,4346.0,1.0
19,93,0,3968.0,4378.0,0.90634996
19,93,1,4378.0,4378.0,1.0
19,93,2,4346.0,4378.0,0.99269074
19,94,0,3968.0,4431.0,0.8955089
19,94,1,4378.0,4431.0,0.98803884
19,94,2,4431.0,4431.0,1.0
19,95,0,3968.0,4468.0,0.8880931
19,95,1,4468.0,4468.0,1.0
19,95,2,4431.0,4468.0,0.9917189
19,96,0,3968.0,4541.0,0.8738163
19,96,1,4468.0,4541.0,0.98392427
19,96,2,4541.0,4541.0,1.0
19,97,0,3968.0,4586.0,0.86524206
19,97,1,4586.0,4586.0,1.0
19,97,2,4541.0,4586.0,0.9901875
19,98,0,3968.0,4625.0,0.8579459
19,98,1,4625.0,4625.0,1.0
19,98,2,4541.0,4625.0,0.9818378
19,99,0,3968.0,4675.0,0.8487701
19,99,1,4675.0,4675.0,1.0
19,99,2,4541.0,4675.0,0.9713369
19,100,0,3968.0,4748.0,0.8357203
19,100,1,4675.0,4748.0,0.9846251
19,100,2,4748.0,4748.0,1.0
19,101,0,3968.0,4783.0,0.82960486
19,101,1,4783.0,4783.0,1.0
19,101,2,4748.0,4783.0,0.9926824
19,102,0,3968.0,4843.0,0.8193269
19,102,1,4783.0,4843.0,0.987611
19,102,2,4843.0,4843.0,1.0
19,103,0,3968.0,4885.0,0.8122825
19,103,1,4885.0,4885.0,1.0
19,103,2,4843.0,4885.0,0.99140227
19,104,0,3968.0,4941.0,0.8030763
19,104,1,4885.0,4941.0,0.98866624
19,104,2,4941.0,4941.0,1.0
19,105,0,3968.0,4990.0,0.7951904
19,105,1,4990.0,4990.0,1.0
19,105,2,4941.0,4990.0,0.9901804
19,106,0,3968.0,5063.0,0.7837251
19,106,1,4990.0,5063.0,0.9855817
19,106,2,5063.0,5063.0,1.0
19,107,0,3968.0,5112.0,0.7762128
19,107,1,4990.0,5112.0,0.9761346
19,107,2,5112.0,5112.0,1.0
19,108,0,3968.0,5162.0,0.7686943
19,108,1,5162.0,5162.0,1.0
19,108,2,5112.0,5162.0,0.9903138
19,109,0,3968.0,5203.0,0.76263696
19,109,1,5162.0,5203.0,0.9921199
19,109,2,5203.0,5203.0,1.0
19,110,0,3968.0,5249.0,0.7559535
19,110,1,5249.0,5249.0,1.0
19,110,2,5203.0,5249.0,0.99123645
19,111,0,3968.0,5297.0,0.74910325
19,111,1,5297.0,5297.0,1.0
19,111,2,5203.0,5297.0,0.9822541
19,112,0,3968.0,5335.0,0.74376756
19,112,1,5335.0,5335.0,1.0
19,112,2,5203.0,5335.0,0.97525775
19,113,0,3968.0,5383.0,0.7371354
19,113,1,5383.0,5383.0,1.0
19,113,2,5203.0,5383.0,0.9665614
19,114,0,3968.0,5420.0,0.73210335
19,114,1,5383.0,5420.0,0.9931734
19,114,2,5420.0,5420.0,1.0
19,115,0,3968.0,5485.0,0.72342753
19,115,1,5383.0,5485.0,0.9814038
19,115,2,5485.0,5485.0,1.0
19,116,0,3968.0,5522.0,0.71858025
19,116,1,5522.0,5522.0,1.0
19,116,2,5485.0,5522.0,0.99329954
19,117,0,3968.0,5554.0,0.71444005
19,117,1,5554.0,5554.0,1.0
19,117,2,5485.0,5554.0,0.98757654
19,118,0,3968.0,5596.0,0.7090779
19,118,1,5596.0,5596.0,1.0
19,118,2,5485.0,5596.0,0.9801644
19,119,0,3968.0,5638.0,0.7037957
19,119,1,5638.0,5638.0,1.0
19,119,2,5485.0,5638.0,0.9728627
19,120,0,3968.0,5679.0,0.69871455
19,120,1,5679.0,5679.0,1.0
19,120,2,5485.0,5679.0,0.965839
19,121,0,3968.0,5748.0,0.69032705
19,121,1,5679.0,5748.0,0.9879958
19,121,2,5748.0,5748.0,1.0
19,122,0,3968.0,5809.0,0.683078
19,122,1,5679.0,5809.0,0.97762096
19,122,2,5809.0,5809.0,1.0
19,123,0,3968.0,5844.0,0.67898697
19,123,1,5679.0,5844.0,0.97176594
19,123,2,5844.0,5844.0,1.0
19,124,0,3968.0,5877.0,0.6751744
19,124,1,5877.0,5877.0,1.0
19,124,2,5844.0,5877.0,0.9943849
19,125,0,3968.0,5914.0,0.6709503
19,125,1,5914.0,5914.0,1.0
19,125,2,5844.0,5914.0,0.98816365
19,126,0,3968.0,5956.0,0.66621894
19,126,1,5956.0,5956.0,1.0
19,126,2,5844.0,5956.0,0.98119545
19,127,0,3968.0,5988.0,0.66265863
19,127,1,5988.0,5988.0,1.0
19,127,2,5844.0,5988.0,0.9759519
19,128,0,3968.0,6029.0,0.6581523
19,128,1,6029.0,6029.0,1.0
19,128,2,5844.0,6029.0,0.969315
19,129,0,3968.0,6074.0,0.65327626
19,129,1,6074.0,6074.0,1.0
19,129,2,5844.0,6074.0,0.9621337
19,130,0,3968.0,6107.0,0.6497462
19,130,1,6074.0,6107.0,0.99459636
19,130,2,6107.0,6107.0,1.0
19,131,0,3968.0,6166.0,0.64352906
19,131,1,6074.0,6166.0,0.98507947
19,131,2,6166.0,6166.0,1.0
19,132,0,3968.0,6207.0,0.63927823
19,132,1,6074.0,6207.0,0.9785726
19,132,2,6207.0,6207.0,1.0
19,133,0,3968.0,6232.0,0.63671374
19,133,1,6232.0,6232.0,1.0
19,133,2,6207.0,6232.0,0.9959884
19,134,0,3968.0,6282.0,0.631646
19,134,1,6282.0,6282.0,1.0
19,134,2,6207.0,6282.0,0.98806113
20,1,0,36.0,36.0,1.0
20,1,1,0.0,36.0,0.0
20,1,2,0.0,36.0,0.0
20,2,0,108.0,108.0,1.0
20,2,1,0.0,108.0,0.0
20,2,2,0.0,108.0,0.0
20,3,0,167.0,167.0,1.0
20,3,1,0.0,167.0,0.0
20,3,2,0.0,167.0,0.0
20,4,0,167.0,182.0,0.9175824
20,4,1,182.0,182.0,1.0
20,4,2,0.0,182.0,0.0
20,5,0,258.0,258.0,1.0
20,5,1,182.0,258.0,0.70542634
20,5,2,0.0,258.0,0.0
20,6,0,309.0,309.0,1.0
20,6,1,182.0,309.0,0.58899677
20,6,2,0.0,309.0,0.0
20,7,0,359.0,359.0,1.0
20,7,1,182.0,359.0,0.5069638
20,7,2,0.0,359.0,0.0
20,8,0,415.0,415.0,1.0
20,8,1,182.0,415.0,0.43855423
20,8,2,0.0,415.0,0.0
20,9,0,415.0,450.0,0.9222222
20,9,1,450.0,450.0,1.0
20,9,2,0.0,450.0,0.0
20,10,0,525.0,525.0,1.0
20,10,1,450.0,525.0,0.85714287
20,10,2,0.0,525.0,0.0
20,11,0,525.0,550.0,0.95454544
20,11,1,450.0,550.0,0.8181818
20,11,2,550.0,550.0,1.0
20,12,0,525.0,595.0,0.88235295
20,12,1,450.0,595.0,0.75630254
20,12,2,595.0,595.0,1.0
20,13,0,666.0,666.0,1.0
20,13,1,450.0,666.0,0.6756757
20,13,2,595.0,666.0,0.8933934
20,14,0,666.0,694.0,0.95965415
20,14,1,694.0,694.0,1.0
20,14,2,595.0,694.0,0.8573487
20,15,0,666.0,724.0,0.9198895
20,15,1,724.0,724.0,1.0
20,15,2,595.0,724.0,0.8218232
20,16,0,805.0,805.0,1.0
20,16,1,724.0,805.0,0.8993789
20,16,2,595.0,805.0,0.73913044
20,17,0,805.0,848.0,0.9492925
20,17,1,848.0,848.0,1.0
20,17,2,595.0,848.0,0.7016509
20,18,0,805.0,891.0,0.9034792
20,18,1,891.0,891.0,1.0
20,18,2,595.0,891.0,0.667789
20,19,0,805.0,924.0,0.8712121
20,19,1,924.0,924.0,1.0
20,19,2,595.0,924.0,0.6439394
20,20,0,805.0,981.0,0.8205912
20,20,1,924.0,981.0,0.941896
20,20,2,981.0,981.0,1.0
20,21,0,805.0,1020.0,0.7892157
20,21,1,924.0,1020.0,0.90588236
20,21,2,1020.0,1020.0,1.0
20,22,0,1100.0,1100.0,1.0
20,22,1,924.0,1100.0,0.84
20,22,2,1020.0,1100.0,0.92727274
20,23,0,1180.0,1180.0,1.0
20,23,1,924.0,1180.0,0.78305084
20,23,2,1020.0,1180.0,0.86440676
20,24,0,1228.0,1228.0,1.0
20,24,1,924.0,1228.0,0.752443
20,24,2,1020.0,1228.0,0.8306189
20,25,0,1228.0,1263.0,0.9722882
20,25,1,1263.0,1263.0,1.0
20,25,2,1020.0,1263.0,0.807601
20,26,0,1228.0,1306.0,0.94027567
20,26,1,1306.0,1306.0,1.0
20,26,2,1020.0,1306.0,0.78101075
20,27,0,1228.0,1341.0,0.9157345
20,27,1,1341.0,1341.0,1.0
20,27,2,1020.0,1341.0,0.7606264
20,28,0,1403.0,1403.0,1.0
20,28,1,1341.0,1403.0,0.955809
20,28,2,1020.0,1403.0,0.7270135
20,29,0,1461.0,1461.0,1.0
20,29,1,1341.0,1461.0,0.9178645
20,29,2,1020.0,1461.0,0.69815195
20,30,0,1461.0,1498.0,0.9753004
20,30,1,1341.0,1498.0,0.8951936
20,30,2,1498.0,1498.0,1.0
20,31,0,1461.0,1541.0,0.94808567
20,31,1,1341.0,1541.0,0.87021416
20,31,2,1541.0,1541.0,1.0
20,32,0,1461.0,1591.0,0.9182904
20,32,1,1591.0,1591.0,1.0
20,32,2,1541.0,1591.0,0.9685732
20,33,0,1461.0,1637.0,0.8924863
20,33,1,1637.0,1637.0,1.0
20,33,2,1541.0,1637.0,0.9413561
20,34,0,1461.0,1682.0,0.8686088
20,34,1,1682.0,1682.0,1.0
20,34,2,1541.0,1682.0,0.91617125
20,35,0,1461.0,1710.0,0.854386
20,35,1,1710.0,1710.0,1.0
20,35,2,1541.0,1710.0,0.9011696
20,36,0,1461.0,1751.0,0.8343803
20,36,1,1751.0,1751.0,1.0
20,36,2,1541.0,1751.0,0.88006854
20,37,0,1461.0,1801.0,0.811216
20,37,1,1751.0,1801.0,0.97223765
20,37,2,1801.0,1801.0,1.0
20,38,0,1461.0,1837.0,0.7953184
20,38,1,1837.0,1837.0,1.0
20,38,2,1801.0,1837.0,0.9804028
20,39,0,1461.0,1891.0,0.7726071
20,39,1,1837.0,1891.0,0.97144365
20,39,2,1891.0,1891.0,1.0
20,40,0,1461.0,1933.0,0.75582
20,40,1,1837.0,1933.0,0.9503363
20,40,2,1933.0,1933.0,1.0
20,41,0,1461.0,1969.0,0.742001
20,41,1,1969.0,1969.0,1.0
20,41,2,1933.0,1969.0,0.98171663
20,42,0,1461.0,2014.0,0.725422
20,42,1,2014.0,2014.0,1.0
20,42,2,1933.0,2014.0,0.9597815
20,43,0,1461.0,2054.0,0.711295
20,43,1,2054.0,2054.0,1.0
20,43,2,1933.0,2054.0,0.9410906
20,44,0,1461.0,2098.0,0.6963775
20,44,1,2098.0,2098.0,1.0
20,44,2,1933.0,2098.0,0.9213537
20,45,0,1461.0,2152.0,0.67890334
20,45,1,2098.0,2152.0,0.97490704
20,45,2,2152.0,2152.0,1.0
20,46,0,1461.0,2184.0,0.66895604
20,46,1,2184.0,2184.0,1.0
20,46,2,2152.0,2184.0,0.985348
20,47,0,1461.0,2220.0,0.6581081
20,47,1,2184.0,2220.0,0.9837838
20,47,2,2220.0,2220.0,1.0
20,48,0,1461.0,2257.0,0.64731944
20,48,1,2184.0,2257.0,0.9676562
20,48,2,2257.0,2257.0,1.0
20,49,0,1461.0,2300.0,0.63521737
20,49,1,2300.0,2300.0,1.0
20,49,2,2257.0,2300.0,0.98130435
20,50,0,1461.0,2333.0,0.6262323
20,50,1,2333.0,2333.0,1.0
20,50,2,2257.0,2333.0,0.9674239
20,51,0,1461.0,2375.0,0.6151579
20,51,1,2333.0,2375.0,0.9823158
20,51,2,2375.0,2375.0,1.0
20,52,0,1461.0,2411.0,0.60597265
20,52,1,2411.0,2411.0,1.0
20,52,2,2375.0,2411.0,0.98506844
20,53,0,1461.0,2453.0,0.5955972
20,53,1,2453.0,2453.0,1.0
20,53,2,2375.0,2453.0,0.9682022
20,54,0,1461.0,2509.0,0.5823037
20,54,1,2453.0,2509.0,0.9776803
20,54,2,2509.0,2509.0,1.0
20,55,0,1461.0,2551.0,0.5727166
20,55,1,2551.0,2551.0,1.0
20,55,2,2509.0,2551.0,0.9835359
20,56,0,1461.0,2586.0,0.5649652
20,56,1,2586.0,2586.0,1.0
20,56,2,2509.0,2586.0,0.97022426
20,57,0,1461.0,2624.0,0.55678356
20,57,1,2624.0,2624.0,1.0
20,57,2,2509.0,2624.0,0.9561738
20,58,0,1461.0,2669.0,0.547396
20,58,1,2669.0,2669.0,1.0
20,58,2,2509.0,2669.0,0.94005245
20,59,0,1461.0,2724.0,0.53634363
20,59,1,2669.0,2724.0,0.9798091
20,59,2,2724.0,2724.0,1.0
20,60,0,1461.0,2766.0,0.52819955
20,60,1,2766.0,2766.0,1.0
20,60,2,2724.0,2766.0,0.9848156
20,61,0,2829.0,2829.0,1.0
20,61,1,2766.0,2829.0,0.97773063
20,61,2,2724.0,2829.0,0.9628844
20,62,0,2829.0,2872.0,0.98502785
20,62,1,2872.0,2872.0,1.0
20,62,2,2724.0,2872.0,0.94846797
20,63,0,2829.0,2911.0,0.97183096
20,63,1,2872.0,2911.0,0.98660254
20,63,2,2911.0,2911.0,1.0
20,64,0,2829.0,2960.0,0.95574325
20,64,1,2960.0,2960.0,1.0
20,64,2,2911.0,2960.0,0.98344594
20,65,0,2829.0,3005.0,0.9414309
20,65,1,3005.0,3005.0,1.0
20,65,2,2911.0,3005.0,0.9687188
20,66,0,3049.0,3049.0,1.0
20,66,1,3005.0,3049.0,0.98556906
20,66,2,2911.0,3049.0,0.9547393
20,67,0,3049.0,3105.0,0.9819646
20,67,1,3005.0,3105.0,0.9677939
20,67,2,3105.0,3105.0,1.0
20,68,0,3049.0,3139.0,0.97132844
20,68,1,3139.0,3139.0,1.0
20,68,2,3105.0,3139.0,0.9891685
20,69,0,3049.0,3208.0,0.9504364
20,69,1,3139.0,3208.0,0.97849125
20,69,2,3208.0,3208.0,1.0
20,70,0,3049.0,3239.0,0.9413399
20,70,1,3239.0,3239.0,1.0
20,70,2,3208.0,3239.0,0.99042916
20,71,0,3049.0,3288.0,0.9273114
20,71,1,3288.0,3288.0,1.0
20,71,2,3208.0,3288.0,0.9756691
20,72,0,3049.0,3332.0,0.915066
20,72,1,3332.0,3332.0,1.0
20,72,2,3208.0,3332.0,0.9627851
20,73,0,3049.0,3366.0,0.90582293
20,73,1,3366.0,3366.0,1.0
20,73,2,3208.0,3366.0,0.95306003
20,74,0,3049.0,3407.0,0.8949222
20,74,1,3407.0,3407.0,1.0
20,74,2,3208.0,3407.0,0.94159085
20,75,0,3049.0,3458.0,0.8817235
20,75,1,3407.0,3458.0,0.9852516
20,75,2,3458.0,3458.0,1.0
20,76,0,3049.0,3496.0,0.8721396
20,76,1,3496.0,3496.0,1.0
20,76,2,3458.0,3496.0,0.98913044
20,77,0,3049.0,3546.0,0.85984206
20,77,1,3546.0,3546.0,1.0
20,77,2,3458.0,3546.0,0.9751833
20,78,0,3049.0,3583.0,0.8509629
20,78,1,3583.0,3583.0,1.0
20,78,2,3458.0,3583.0,0.96511304
20,79,0,3657.0,3657.0,1.0
20,79,1,3583.0,3657.0,0.9797648
20,79,2,3458.0,3657.0,0.9455838
20,80,0,3657.0,3695.0,0.9897158
20,80,1,3695.0,3695.0,1.0
20,80,2,3458.0,3695.0,0.93585926
20,81,0,3657.0,3726.0,0.9814815
20,81,1,3726.0,3726.0,1.0
20,81,2,3458.0,3726.0,0.928073
20,82,0,3657.0,3774.0,0.96899843
20,82,1,3726.0,3774.0,0.9872814
20,82,2,3774.0,3774.0,1.0
20,83,0,3814.0,3814.0,1.0
20,83,1,3726.0,3814.0,0.9769271
20,83,2,3774.0,3814.0,0.9895123
20,84,0,3814.0,3846.0,0.99167967
20,84,1,3846.0,3846.0,1.0
20,84,2,3774.0,3846.0,0.98127925
20,85,0,3814.0,3886.0,0.98147196
20,85,1,3846.0,3886.0,0.98970664
20,85,2,3886.0,3886.0,1.0
20,86,0,3814.0,3929.0,0.9707305
20,86,1,3929.0,3929.0,1.0
20,86,2,3886.0,3929.0,0.98905575
20,87,0,3814.0,3974.0,0.9597383
20,87,1,3974.0,3974.0,1.0
20,87,2,3886.0,3974.0,0.97785604
20,88,0,4045.0,4045.0,1.0
20,88,1,3974.0,4045.0,0.98244745
20,88,2,3886.0,4045.0,0.9606922
20,89,0,4045.0,4082.0,0.9909358
20,89,1,4082.0,4082.0,1.0
20,89,2,3886.0,4082.0,0.95198435
20,90,0,4045.0,4150.0,0.9746988
20,90,1,4082.0,4150.0,0.98361444
20,90,2,4150.0,4150.0,1.0
20,91,0,4045.0,4205.0,0.96195006
20,91,1,4082.0,4205.0,0.9707491
20,91,2,4205.0,4205.0,1.0
20,92,0,4045.0,4247.0,0.95243704
20,92,1,4247.0,4247.0,1.0
20,92,2,4205.0,4247.0,0.9901107
20,93,0,4045.0,4320.0,0.9363426
20,93,1,4247.0,4320.0,0.98310184
20,93,2,4320.0,4320.0,1.0
20,94,0,4045.0,4352.0,0.9294577
20,94,1,4352.0,4352.0,1.0
20,94,2,4320.0,4352.0,0.99264705
20,95,0,4045.0,4392.0,0.92099273
20,95,1,4392.0,4392.0,1.0
20,95,2,4320.0,4392.0,0.9836066
20,96,0,4045.0,4436.0,0.91185755
20,96,1,4392.0,4436.0,0.99008113
20,96,2,4436.0,4436.0,1.0
20,97,0,4045.0,4469.0,0.9051242
20,97,1,4469.0,4469.0,1.0
20,97,2,4436.0,4469.0,0.9926158
20,98,0,4045.0,4525.0,0.8939226
20,98,1,4469.0,4525.0,0.9876243
20,98,2,4525.0,4525.0,1.0
20,99,0,4045.0,4557.0,0.88764536
20,99,1,4557.0,4557.0,1.0
20,99,2,4525.0,4557.0,0.99297786
20,100,0,4045.0,4597.0,0.8799217
20,100,1,4597.0,4597.0,1.0
20,100,2,4525.0,4597.0,0.9843376
20,101,0,4045.0,4641.0,0.8715794
20,101,1,4641.0,4641.0,1.0
20,101,2,4525.0,4641.0,0.9750054
20,102,0,4045.0,4711.0,0.85862875
20,102,1,4641.0,4711.0,0.98514116
20,102,2,4711.0,4711.0,1.0
20,103,0,4045.0,4744.0,0.852656
20,103,1,4744.0,4744.0,1.0
20,103,2,4711.0,4744.0,0.99304384
20,104,0,4045.0,4784.0,0.84552675
20,104,1,4784.0,4784.0,1.0
20,104,2,4711.0,4784.0,0.9847408
20,105,0,4045.0,4850.0,0.8340206
20,105,1,4784.0,4850.0,0.9863917
20,105,2,4850.0,4850.0,1.0
20,106,0,4045.0,4891.0,0.8270292
20,106,1,4784.0,4891.0,0.97812307
20,106,2,4891.0,4891.0,1.0
20,107,0,4045.0,4929.0,0.82065326
20,107,1,4784.0,4929.0,0.97058225
20,107,2,4929.0,4929.0,1.0
20,108,0,4045.0,4997.0,0.8094857
20,108,1,4784.0,4997.0,0.95737445
20,108,2,4997.0,4997.0,1.0
20,109,0,4045.0,5047.0,0.8014662
20,109,1,5047.0,5047.0,1.0
20,109,2,4997.0,5047.0,0.9900931
20,110,0,4045.0,5096.0,0.7937598
20,110,1,5047.0,5096.0,0.99038464
20,110,2,5096.0,5096.0,1.0
20,111,0,4045.0,5133.0,0.7880382
20,111,1,5047.0,5133.0,0.9832457
20,111,2,5133.0,5133.0,1.0
20,112,0,4045.0,5201.0,0.77773505
20,112,1,5047.0,5201.0,0.9703903
20,112,2,5201.0,5201.0,1.0
20,113,0,4045.0,5234.0,0.7728315
20,113,1,5234.0,5234.0,1.0
20,113,2,5201.0,5234.0,0.9936951
20,114,0,4045.0,5303.0,0.7627758
20,114,1,5234.0,5303.0,0.9869885
20,114,2,5303.0,5303.0,1.0
20,115,0,4045.0,5344.0,0.7569237
20,115,1,5234.0,5344.0,0.9794162
20,115,2,5344.0,5344.0,1.0
20,116,0,4045.0,5381.0,0.751719
20,116,1,5381.0,5381.0,1.0
20,116,2,5344.0,5381.0,0.99312395
20,117,0,4045.0,5431.0,0.74479836
20,117,1,5431.0,5431.0,1.0
20,117,2,5344.0,5431.0,0.98398083
20,118,0,4045.0,5468.0,0.7397586
20,118,1,5468.0,5468.0,1.0
20,118,2,5344.0,5468.0,0.9773226
20,119,0,4045.0,5533.0,0.73106813
20,119,1,5468.0,5533.0,0.9882523
20,119,2,5533.0,5533.0,1.0
20,120,0,4045.0,5602.0,0.72206354
20,120,1,5468.0,5602.0,0.97608
20,120,2,5602.0,5602.0,1.0
20,121,0,4045.0,5638.0,0.717453
20,121,1,5638.0,5638.0,1.0
20,121,2,5602.0,5638.0,0.99361473
20,122,0,4045.0,5673.0,0.71302664
20,122,1,5638.0,5673.0,0.99383044
20,122,2,5673.0,5673.0,1.0
20,123,0,4045.0,5715.0,0.7077865
20,123,1,5715.0,5715.0,1.0
20,123,2,5673.0,5715.0,0.9926509
20,124,0,4045.0,5775.0,0.7004329
20,124,1,5715.0,5775.0,0.9896104
20,124,2,5775.0,5775.0,1.0
20,125,0,4045.0,5820.0,0.69501716
20,125,1,5820.0,5820.0,1.0
20,125,2,5775.0,5820.0,0.992268
20,126,0,4045.0,5866.0,0.68956697
20,126,1,5866.0,5866.0,1.0
20,126,2,5775.0,5866.0,0.9844869
20,127,0,4045.0,5907.0,0.6847808
20,127,1,5907.0,5907.0,1.0
20,127,2,5775.0,5907.0,0.9776536
20,128,0,4045.0,5980.0,0.6764214
20,128,1,5907.0,5980.0,0.9877927
20,128,2,5980.0,5980.0,1.0
20,129,0,4045.0,6010.0,0.6730449
20,129,1,6010.0,6010.0,1.0
20,129,2,5980.0,6010.0,0.9950083
20,130,0,4045.0,6058.0,0.6677121
20,130,1,6058.0,6058.0,1.0
20,130,2,5980.0,6058.0,0.98712444
20,131,0,4045.0,6101.0,0.66300607
20,131,1,6101.0,6101.0,1.0
20,131,2,5980.0,6101.0,0.9801672
20,132,0,4045.0,6165.0,0.6561233
20,132,1,6101.0,6165.0,0.98961884
20,132,2,6165.0,6165.0,1.0
20,133,0,4045.0,6215.0,0.65084475
20,133,1,6215.0,6215.0,1.0
20,133,2,6165.0,6215.0,0.9919549
20,134,0,4045.0,6257.0,0.646476
20,134,1,6257.0,6257.0,1.0
20,134,2,6165.0,6257.0,0.9852965
21,1,0,35.0,35.0,1.0
21,1,1,0.0,35.0,0.0
21,1,2,0.0,35.0,0.0
21,2,0,83.0,83.0,1.0
21,2,1,0.0,83.0,0.0
21,2,2,0.0,83.0,0.0
21,3,0,154.0,154.0,1.0
21,3,1,0.0,154.0,0.0
21,3,2,0.0,154.0,0.0
21,4,0,220.0,220.0,1.0
21,4,1,0.0,220.0,0.0
21,4,2,0.0,220.0,0.0
21,5,0,220.0,243.0,0.9053498
21,5,1,243.0,243.0,1.0
21,5,2,0.0,243.0,0.0
21,6,0,321.0,321.0,1.0
21,6,1,243.0,321.0,0.7570093
21,6,2,0.0,321.0,0.0
21,7,0,321.0,351.0,0.9145299
21,7,1,351.0,351.0,1.0
21,7,2,0.0,351.0,0.0
21,8,0,431.0,431.0,1.0
21,8,1,351.0,431.0,0.8143852
21,8,2,0.0,431.0,0.0
21,9,0,507.0,507.0,1.0
21,9,1,351.0,507.0,0.6923077
21,9,2,0.0,507.0,0.0
21,10,0,587.0,587.0,1.0
21,10,1,351.0,587.0,0.5979557
21,10,2,0.0,587.0,0.0
21,11,0,659.0,659.0,1.0
21,11,1,351.0,659.0,0.5326252
21,11,2,0.0,659.0,0.0
21,12,0,715.0,715.0,1.0
21,12,1,351.0,715.0,0.4909091
21,12,2,0.0,715.0,0.0
21,13,0,770.0,770.0,1.0
21,13,1,351.0,770.0,0.45584416
21,13,2,0.0,770.0,0.0
21,14,0,835.0,835.0,1.0
21,14,1,351.0,835.0,0.42035928
21,14,2,0.0,835.0,0.0
21,15,0,835.0,871.0,0.9586682
21,15,1,871.0,871.0,1.0
21,15,2,0.0,871.0,0.0
21,16,0,930.0,930.0,1.0
21,16,1,871.0,930.0,0.93655914
21,16,2,0.0,930.0,0.0
21,17,0,1001.0,1001.0,1.0
21,17,1,871.0,1001.0,0.8701299
21,17,2,0.0,1001.0,0.0
21,18,0,1045.0,1045.0,1.0
21,18,1,871.0,1045.0,0.8334928
21,18,2,0.0,1045.0,0.0
21,19,0,1045.0,1090.0,0.9587156
21,19,1,1090.0,1090.0,1.0
21,19,2,0.0,1090.0,0.0
21,20,0,1045.0,1120.0,0.93303573
21,20,1,1120.0,1120.0,1.0
21,20,2,0.0,1120.0,0.0
21,21,0,1201.0,1201.0,1.0
21,21,1,1120.0,1201.0,0.9325562
21,21,2,0.0,1201.0,0.0
21,22,0,1201.0,1229.0,0.97721726
21,22,1,1120.0,1229.0,0.91131
21,22,2,1229.0,1229.0,1.0
21,23,0,1201.0,1272.0,0.9441824
21,23,1,1272.0,1272.0,1.0
21,23,2,1229.0,1272.0,0.966195
21,24,0,1201.0,1305.0,0.9203065
21,24,1,1305.0,1305.0,1.0
21,24,2,1229.0,1305.0,0.94176245
21,25,0,1201.0,1347.0,0.891611
21,25,1,1347.0,1347.0,1.0
21,25,2,1229.0,1347.0,0.9123979
21,26,0,1201.0,1382.0,0.8690304
21,26,1,1382.0,1382.0,1.0
21,26,2,1229.0,1382.0,0.88929087
21,27,0,1201.0,1427.0,0.8416258
21,27,1,1382.0,1427.0,0.9684653
21,27,2,1427.0,1427.0,1.0
21,28,0,1201.0,1462.0,0.8214774
21,28,1,1462.0,1462.0,1.0
21,28,2,1427.0,1462.0,0.9760602
21,29,0,1201.0,1507.0,0.7969476
21,29,1,1507.0,1507.0,1.0
21,29,2,1427.0,1507.0,0.9469144
21,30,0,1566.0,1566.0,1.0
21,30,1,1507.0,1566.0,0.9623244
21,30,2,1427.0,1566.0,0.91123885
21,31,0,1566.0,1616.0,0.9690594
21,31,1,1507.0,1616.0,0.9325495
21,31,2,1616.0,1616.0,1.0
21,32,0,1566.0,1650.0,0.9490909
21,32,1,1507.0,1650.0,0.91333336
21,32,2,1650.0,1650.0,1.0
21,33,0,1566.0,1707.0,0.9173989
21,33,1,1507.0,1707.0,0.8828354
21,33,2,1707.0,1707.0,1.0
21,34,0,1566.0,1741.0,0.8994831
21,34,1,1741.0,1741.0,1.0
21,34,2,1707.0,1741.0,0.980471
21,35,0,1799.0,1799.0,1.0
21,35,1,1741.0,1799.0,0.96775985
21,35,2,1707.0,1799.0,0.94886047
21,36,0,1799.0,1837.0,0.9793141
21,36,1,1837.0,1837.0,1.0
21,36,2,1707.0,1837.0,0.9292324
21,37,0,1799.0,1875.0,0.9594667
21,37,1,1875.0,1875.0,1.0
21,37,2,1707.0,1875.0,0.9104
21,38,0,1937.0,1937.0,1.0
21,38,1,1875.0,1937.0,0.96799177
21,38,2,1707.0,1937.0,0.8812597
21,39,0,1937.0,1983.0,0.9768028
21,39,1,1983.0,1983.0,1.0
21,39,2,1707.0,1983.0,0.86081696
21,40,0,1937.0,2019.0,0.9593858
21,40,1,2019.0,2019.0,1.0
21,40,2,1707.0,2019.0,0.84546804
21,41,0,1937.0,2059.0,0.9407479
21,41,1,2059.0,2059.0,1.0
21,41,2,1707.0,2059.0,0.8290432
21,42,0,1937.0,2093.0,0.9254658
21,42,1,2093.0,2093.0,1.0
21,42,2,1707.0,2093.0,0.8155757
21,43,0,1937.0,2133.0,0.9081106
21,43,1,2133.0,2133.0,1.0
21,43,2,1707.0,2133.0,0.8002813
21,44,0,1937.0,2173.0,0.8913944
21,44,1,2133.0,2173.0,0.9815923
21,44,2,2173.0,2173.0,1.0
21,45,0,1937.0,2207.0,0.877662
21,45,1,2133.0,2207.0,0.9664703
21,45,2,2207.0,2207.0,1.0
21,46,0,1937.0,2240.0,0.86473215
21,46,1,2240.0,2240.0,1.0
21,46,2,2207.0,2240.0,0.9852679
21,47,0,1937.0,2313.0,0.83744055
21,47,1,2240.0,2313.0,0.9684393
21,47,2,2313.0,2313.0,1.0
21,48,0,2389.0,2389.0,1.0
21,48,1,2240.0,2389.0,0.93763083
21,48,2,2313.0,2389.0,0.9681875
21,49,0,2389.0,2427.0,0.9843428
21,49,1,2427.0,2427.0,1.0
21,49,2,2313.0,2427.0,0.95302844
21,50,0,2389.0,2477.0,0.9644731
21,50,1,2477.0,2477.0,1.0
21,50,2,2313.0,2477.0,0.93379086
21,51,0,2389.0,2513.0,0.9506566
21,51,1,2513.0,2513.0,1.0
21,51,2,2313.0,2513.0,0.92041385
21,52,0,2389.0,2582.0,0.9252517
21,52,1,2513.0,2582.0,0.97327656
21,52,2,2582.0,2582.0,1.0
21,53,0,2389.0,2638.0,0.9056103
21,53,1,2513.0,2638.0,0.9526156
21,53,2,2638.0,2638.0,1.0
21,54,0,2389.0,2673.0,0.89375234
21,54,1,2673.0,2673.0,1.0
21,54,2,2638.0,2673.0,0.9869061
21,55,0,2389.0,2710.0,0.88154984
21,55,1,2673.0,2710.0,0.98634684
21,55,2,2710.0,2710.0,1.0
21,56,0,2389.0,2743.0,0.8709442
21,56,1,2743.0,2743.0,1.0
21,56,2,2710.0,2743.0,0.9879694
21,57,0,2389.0,2780.0,0.8593525
21,57,1,2743.0,2780.0,0.98669064
21,57,2,2780.0,2780.0,1.0
21,58,0,2389.0,2818.0,0.8477644
21,58,1,2818.0,2818.0,1.0
21,58,2,2780.0,2818.0,0.9865153
21,59,0,2389.0,2863.0,0.8344394
21,59,1,2863.0,2863.0,1.0
21,59,2,2780.0,2863.0,0.97100943
21,60,0,2389.0,2896.0,0.82493097
21,60,1,2896.0,2896.0,1.0
21,60,2,2780.0,2896.0,0.9599447
21,61,0,2389.0,2946.0,0.8109301
21,61,1,2946.0,2946.0,1.0
21,61,2,2780.0,2946.0,0.9436524
21,62,0,2389.0,2986.0,0.800067
21,62,1,2986.0,2986.0,1.0
21,62,2,2780.0,2986.0,0.9310114
21,63,0,2389.0,3021.0,0.79079777
21,63,1,3021.0,3021.0,1.0
21,63,2,2780.0,3021.0,0.9202251
21,64,0,2389.0,3075.0,0.77691054
21,64,1,3021.0,3075.0,0.98243904
21,64,2,3075.0,3075.0,1.0
21,65,0,2389.0,3117.0,0.7664421
21,65,1,3117.0,3117.0,1.0
21,65,2,3075.0,3117.0,0.9865255
21,66,0,2389.0,3167.0,0.75434166
21,66,1,3167.0,3167.0,1.0
21,66,2,3075.0,3167.0,0.9709504
21,67,0,2389.0,3221.0,0.7416951
21,67,1,3167.0,3221.0,0.983235
21,67,2,3221.0,3221.0,1.0
21,68,0,2389.0,3253.0,0.734399
21,68,1,3253.0,3253.0,1.0
21,68,2,3221.0,3253.0,0.9901629
21,69,0,2389.0,3302.0,0.7235009
21,69,1,3302.0,3302.0,1.0
21,69,2,3221.0,3302.0,0.9754694
21,70,0,2389.0,3344.0,0.7144139
21,70,1,3344.0,3344.0,1.0
21,70,2,3221.0,3344.0,0.9632177
21,71,0,2389.0,3388.0,0.70513576
21,71,1,3388.0,3388.0,1.0
21,71,2,3221.0,3388.0,0.9507084
21,72,0,2389.0,3448.0,0.69286543
21,72,1,3388.0,3448.0,0.9825986
21,72,2,3448.0,3448.0,1.0
21,73,0,2389.0,3474.0,0.6876799
21,73,1,3474.0,3474.0,1.0
21,73,2,3448.0,3474.0,0.9925158
21,74,0,2389.0,3511.0,0.6804329
21,74,1,3511.0,3511.0,1.0
21,74,2,3448.0,3511.0,0.9820564
21,75,0,2389.0,3548.0,0.6733371
21,75,1,3548.0,3548.0,1.0
21,75,2,3448.0,3548.0,0.9718151
21,76,0,2389.0,3601.0,0.6634268
21,76,1,3548.0,3601.0,0.9852819
21,76,2,3601.0,3601.0,1.0
21,77,0,2389.0,3650.0,0.6545206
21,77,1,3650.0,3650.0,1.0
21,77,2,3601.0,3650.0,0.98657537
21,78,0,2389.0,3699.0,0.64585024
21,78,1,3650.0,3699.0,0.98675317
21,78,2,3699.0,3699.0,1.0
21,79,0,2389.0,3749.0,0.6372366
21,79,1,3749.0,3749.0,1.0
21,79,2,3699.0,3749.0,0.9866631
21,80,0,2389.0,3799.0,0.6288497
21,80,1,3749.0,3799.0,0.98683864
21,80,2,3799.0,3799.0,1.0
21,81,0,2389.0,3867.0,0.6177916
21,81,1,3749.0,3867.0,0.9694854
21,81,2,3867.0,3867.0,1.0
21,82,0,2389.0,3908.0,0.6113101
21,82,1,3749.0,3908.0,0.9593142
21,82,2,3908.0,3908.0,1.0
21,83,0,2389.0,3959.0,0.6034352
21,83,1,3749.0,3959.0,0.9469563
21,83,2,3959.0,3959.0,1.0
21,84,0,2389.0,4000.0,0.59725
21,84,1,3749.0,4000.0,0.93725
21,84,2,4000.0,4000.0,1.0
21,85,0,2389.0,4037.0,0.5917761
21,85,1,4037.0,4037.0,1.0
21,85,2,4000.0,4037.0,0.9908348
21,86,0,2389.0,4080.0,0.5855392
21,86,1,4080.0,4080.0,1.0
21,86,2,4000.0,4080.0,0.98039216
21,87,0,2389.0,4122.0,0.57957304
21,87,1,4122.0,4122.0,1.0
21,87,2,4000.0,4122.0,0.9704027
21,88,0,2389.0,4163.0,0.573865
21,88,1,4163.0,4163.0,1.0
21,88,2,4000.0,4163.0,0.96084553
21,89,0,2389.0,4200.0,0.5688095
21,89,1,4163.0,4200.0,0.9911905
21,89,2,4200.0,4200.0,1.0
21,90,0,2389.0,4250.0,0.56211764
21,90,1,4250.0,4250.0,1.0
21,90,2,4200.0,4250.0,0.9882353
21,91,0,2389.0,4289.0,0.5570063
21,91,1,4289.0,4289.0,1.0
21,91,2,4200.0,4289.0,0.97924924
21,92,0,2389.0,4328.0,0.55198705
21,92,1,4328.0,4328.0,1.0
21,92,2,4200.0,4328.0,0.9704251
21,93,0,2389.0,4366.0,0.5471828
21,93,1,4366.0,4366.0,1.0
21,93,2,4200.0,4366.0,0.9619789
21,94,0,2389.0,4392.0,0.5439435
21,94,1,4392.0,4392.0,1.0
21,94,2,4200.0,4392.0,0.95628417
21,95,0,2389.0,4460.0,0.53565025
21,95,1,4392.0,4460.0,0.9847534
21,95,2,4460.0,4460.0,1.0
21,96,0,2389.0,4500.0,0.5308889
21,96,1,4392.0,4500.0,0.976
21,96,2,4500.0,4500.0,1.0
21,97,0,2389.0,4536.0,0.52667546
21,97,1,4392.0,4536.0,0.96825397
21,97,2,4536.0,4536.0,1.0
21,98,0,2389.0,4591.0,0.52036595
21,98,1,4392.0,4591.0,0.9566543
21,98,2,4591.0,4591.0,1.0
21,99,0,2389.0,4623.0,0.516764
21,99,1,4623.0,4623.0,1.0
21,99,2,4591.0,4623.0,0.9930781
21,100,0,2389.0,4692.0,0.5091645
21,100,1,4623.0,4692.0,0.9852941
21,100,2,4692.0,4692.0,1.0
21,101,0,2389.0,4724.0,0.5057155
21,101,1,4724.0,4724.0,1.0
21,101,2,4692.0,4724.0,0.99322605
21,102,0,2389.0,4762.0,0.50167996
21,102,1,4762.0,4762.0,1.0
21,102,2,4692.0,4762.0,0.9853003
21,103,0,2389.0,4795.0,0.49822733
21,103,1,4795.0,4795.0,1.0
21,103,2,4692.0,4795.0,0.9785193
21,104,0,2389.0,4836.0,0.4940033
21,104,1,4836.0,4836.0,1.0
21,104,2,4692.0,4836.0,0.9702233
21,105,0,2389.0,4877.0,0.4898503
21,105,1,4877.0,4877.0,1.0
21,105,2,4692.0,4877.0,0.9620668
21,106,0,2389.0,4943.0,0.48330975
21,106,1,4877.0,4943.0,0.9866478
21,106,2,4943.0,4943.0,1.0
21,107,0,2389.0,4973.0,0.48039412
21,107,1,4973.0,4973.0,1.0
21,107,2,4943.0,4973.0,0.9939674
21,108,0,2389.0,5006.0,0.47722733
21,108,1,4973.0,5006.0,0.9934079
21,108,2,5006.0,5006.0,1.0
21,109,0,2389.0,5043.0,0.47372594
21,109,1,5043.0,5043.0,1.0
21,109,2,5006.0,5043.0,0.9926631
21,110,0,2389.0,5085.0,0.46981317
21,110,1,5085.0,5085.0,1.0
21,110,2,5006.0,5085.0,0.9844641
21,111,0,2389.0,5145.0,0.4643343
21,111,1,5085.0,5145.0,0.9883382
21,111,2,5145.0,5145.0,1.0
21,112,0,2389.0,5177.0,0.46146417
21,112,1,5177.0,5177.0,1.0
21,112,2,5145.0,5177.0,0.9938188
21,113,0,2389.0,5219.0,0.45775053
21,113,1,5177.0,5219.0,0.9919525
21,113,2,5219.0,5219.0,1.0
21,114,0,2389.0,5259.0,0.45426887
21,114,1,5259.0,5259.0,1.0
21,114,2,5219.0,5259.0,0.992394
21,115,0,2389.0,5300.0,0.4507547
21,115,1,5300.0,5300.0,1.0
21,115,2,5219.0,5300.0,0.98471695
21,116,0,2389.0,5368.0,0.4450447
21,116,1,5300.0,5368.0,0.98733234
21,116,2,5368.0,5368.0,1.0
21,117,0,2389.0,5441.0,0.4390737
21,117,1,5300.0,5441.0,0.9740856
21,117,2,5441.0,5441.0,1.0
21,118,0,2389.0,5497.0,0.43460068
21,118,1,5300.0,5497.0,0.9641623
21,118,2,5497.0,5497.0,1.0
21,119,0,2389.0,5571.0,0.42882785
21,119,1,5300.0,5571.0,0.9513552
21,119,2,5571.0,5571.0,1.0
21,120,0,2389.0,5611.0,0.42577082
21,120,1,5611.0,5611.0,1.0
21,120,2,5571.0,5611.0,0.99287117
21,121,0,2389.0,5646.0,0.4231314
21,121,1,5611.0,5646.0,0.99380094
21,121,2,5646.0,5646.0,1.0
21,122,0,2389.0,5705.0,0.41875547
21,122,1,5611.0,5705.0,0.98352325
21,122,2,5705.0,5705.0,1.0
21,123,0,2389.0,5748.0,0.41562283
21,123,1,5748.0,5748.0,1.0
21,123,2,5705.0,5748.0,0.99251914
21,124,0,2389.0,5798.0,0.41203862
21,124,1,5798.0,5798.0,1.0
21,124,2,5705.0,5798.0,0.98396
21,125,0,2389.0,5840.0,0.40907535
21,125,1,5798.0,5840.0,0.9928082
21,125,2,5840.0,5840.0,1.0
21,126,0,2389.0,5896.0,0.40518996
21,126,1,5798.0,5896.0,0.9833786
21,126,2,5896.0,5896.0,1.0
21,127,0,2389.0,5941.0,0.40212086
21,127,1,5941.0,5941.0,1.0
21,127,2,5896.0,5941.0,0.9924255
21,128,0,2389.0,5987.0,0.39903122
21,128,1,5987.0,5987.0,1.0
21,128,2,5896.0,5987.0,0.9848004
21,129,0,2389.0,6031.0,0.39612004
21,129,1,5987.0,6031.0,0.99270433
21,129,2,6031.0,6031.0,1.0
21,130,0,2389.0,6101.0,0.39157516
21,130,1,5987.0,6101.0,0.98131454
21,130,2,6101.0,6101.0,1.0
21,131,0,2389.0,6149.0,0.38851845
21,131,1,6149.0,6149.0,1.0
21,131,2,6101.0,6149.0,0.9921939
21,132,0,2389.0,6192.0,0.38582042
21,132,1,6192.0,6192.0,1.0
21,132,2,6101.0,6192.0,0.98530364
21,133,0,2389.0,6225.0,0.38377512
21,133,1,6225.0,6225.0,1.0
21,133,2,6101.0,6225.0,0.9800803
21,134,0,2389.0,6262.0,0.38150752
21,134,1,6262.0,6262.0,1.0
21,134,2,6101.0,6262.0,0.97428936
22,1,0,15.0,15.0,1.0
22,1,1,0.0,15.0,0.0
22,1,2,0.0,15.0,0.0
22,2,0,73.0,73.0,1.0
22,2,1,0.0,73.0,0.0
22,2,2,0.0,73.0,0.0
22,3,0,148.0,148.0,1.0
22,3,1,0.0,148.0,0.0
22,3,2,0.0,148.0,0.0
22,4,0,228.0,228.0,1.0
22,4,1,0.0,228.0,0.0
22,4,2,0.0,228.0,0.0
22,5,0,293.0,293.0,1.0
22,5,1,0.0,293.0,0.0
22,5,2,0.0,293.0,0.0
22,6,0,369.0,369.0,1.0
22,6,1,0.0,369.0,0.0
22,6,2,0.0,369.0,0.0
22,7,0,416.0,416.0,1.0
22,7,1,0.0,416.0,0.0
22,7,2,0.0,416.0,0.0
22,8,0,416.0,439.0,0.9476082
22,8,1,439.0,439.0,1.0
22,8,2,0.0,439.0,0.0
22,9,0,416.0,469.0,0.8869936
22,9,1,469.0,469.0,1.0
22,9,2,0.0,469.0,0.0
22,10,0,528.0,528.0,1.0
22,10,1,469.0,528.0,0.88825756
22,10,2,0.0,528.0,0.0
22,11,0,528.0,568.0,0.92957747
22,11,1,469.0,568.0,0.8257042
22,11,2,568.0,568.0,1.0
22,12,0,627.0,627.0,1.0
22,12,1,469.0,627.0,0.7480064
22,12,2,568.0,627.0,0.90590113
22,13,0,708.0,708.0,1.0
22,13,1,469.0,708.0,0.6624294
22,13,2,568.0,708.0,0.80225986
22,14,0,708.0,753.0,0.9402391
22,14,1,753.0,753.0,1.0
22,14,2,568.0,753.0,0.7543161
22,15,0,708.0,796.0,0.8894472
22,15,1,796.0,796.0,1.0
22,15,2,568.0,796.0,0.71356785
22,16,0,708.0,835.0,0.8479042
22,16,1,796.0,835.0,0.95329344
22,16,2,835.0,835.0,1.0
22,17,0,708.0,903.0,0.78405315
22,17,1,796.0,903.0,0.8815061
22,17,2,903.0,903.0,1.0
22,18,0,708.0,939.0,0.75399363
22,18,1,939.0,939.0,1.0
22,18,2,903.0,939.0,0.96166134
22,19,0,708.0,973.0,0.72764647
22,19,1,973.0,973.0,1.0
22,19,2,903.0,973.0,0.92805755
22,20,0,1029.0,1029.0,1.0
22,20,1,973.0,1029.0,0.9455782
22,20,2,903.0,1029.0,0.877551
22,21,0,1029.0,1079.0,0.9536608
22,21,1,1079.0,1079.0,1.0
22,21,2,903.0,1079.0,0.836886
22,22,0,1029.0,1116.0,0.922043
22,22,1,1079.0,1116.0,0.96684587
22,22,2,1116.0,1116.0,1.0
22,23,0,1182.0,1182.0,1.0
22,23,1,1079.0,1182.0,0.91285956
22,23,2,1116.0,1182.0,0.9441624
22,24,0,1182.0,1212.0,0.9752475
22,24,1,1212.0,1212.0,1.0
22,24,2,1116.0,1212.0,0.9207921
22,25,0,1182.0,1243.0,0.9509252
22,25,1,1243.0,1243.0,1.0
22,25,2,1116.0,1243.0,0.89782786
22,26,0,1182.0,1282.0,0.9219969
22,26,1,1243.0,1282.0,0.9695788
22,26,2,1282.0,1282.0,1.0
22,27,0,1330.0,1330.0,1.0
22,27,1,1243.0,1330.0,0.93458647
22,27,2,1282.0,1330.0,0.96390975
22,28,0,1330.0,1375.0,0.9672727
22,28,1,1375.0,1375.0,1.0
22,28,2,1282.0,1375.0,0.9323636
22,29,0,1330.0,1444.0,0.92105263
22,29,1,1375.0,1444.0,0.9522161
22,29,2,1444.0,1444.0,1.0
22,30,0,1330.0,1483.0,0.89683074
22,30,1,1483.0,1483.0,1.0
22,30,2,1444.0,1483.0,0.97370195
22,31,0,1330.0,1526.0,0.8715596
22,31,1,1526.0,1526.0,1.0
22,31,2,1444.0,1526.0,0.94626474
22,32,0,1330.0,1567.0,0.8487556
22,32,1,1526.0,1567.0,0.97383535
22,32,2,1567.0,1567.0,1.0
22,33,0,1330.0,1610.0,0.82608694
22,33,1,1610.0,1610.0,1.0
22,33,2,1567.0,1610.0,0.97329193
22,34,0,1330.0,1656.0,0.8031401
22,34,1,1656.0,1656.0,1.0
22,34,2,1567.0,1656.0,0.94625604
22,35,0,1734.0,1734.0,1.0
22,35,1,1656.0,1734.0,0.9550173
22,35,2,1567.0,1734.0,0.9036909
22,36,0,1734.0,1766.0,0.98187995
22,36,1,1766.0,1766.0,1.0
22,36,2,1567.0,1766.0,0.887316
22,37,0,1734.0,1801.0,0.9627984
22,37,1,1801.0,1801.0,1.0
22,37,2,1567.0,1801.0,0.8700722
22,38,0,1877.0,1877.0,1.0
22,38,1,1801.0,1877.0,0.95950985
22,38,2,1567.0,1877.0,0.83484286
22,39,0,1877.0,1912.0,0.9816946
22,39,1,1912.0,1912.0,1.0
22,39,2,1567.0,1912.0,0.81956065
22,40,0,1877.0,1952.0,0.9615779
22,40,1,1912.0,1952.0,0.9795082
22,40,2,1952.0,1952.0,1.0
22,41,0,2023.0,2023.0,1.0
22,41,1,1912.0,2023.0,0.945131
22,41,2,1952.0,2023.0,0.9649036
22,42,0,2023.0,2079.0,0.97306395
22,42,1,1912.0,2079.0,0.9196729
22,42,2,2079.0,2079.0,1.0
22,43,0,2023.0,2112.0,0.9578599
22,43,1,2112.0,2112.0,1.0
22,43,2,2079.0,2112.0,0.984375
22,44,0,2023.0,2178.0,0.9288338
22,44,1,2112.0,2178.0,0.969697
22,44,2,2178.0,2178.0,1.0
22,45,0,2023.0,2211.0,0.9149706
22,45,1,2211.0,2211.0,1.0
22,45,2,2178.0,2211.0,0.98507464
22,46,0,2023.0,2254.0,0.89751554
22,46,1,2211.0,2254.0,0.9809228
22,46,2,2254.0,2254.0,1.0
22,47,0,2023.0,2318.0,0.87273514
22,47,1,2211.0,2318.0,0.95383954
22,47,2,2318.0,2318.0,1.0
22,48,0,2023.0,2351.0,0.8604849
22,48,1,2351.0,2351.0,1.0
22,48,2,2318.0,2351.0,0.9859634
22,49,0,2023.0,2396.0,0.8443239
22,49,1,2351.0,2396.0,0.9812187
22,49,2,2396.0,2396.0,1.0
22,50,0,2476.0,2476.0,1.0
22,50,1,2351.0,2476.0,0.94951534
22,50,2,2396.0,2476.0,0.9676898
22,51,0,2476.0,2524.0,0.98098254
22,51,1,2351.0,2524.0,0.931458
22,51,2,2524.0,2524.0,1.0
22,52,0,2581.0,2581.0,1.0
22,52,1,2351.0,2581.0,0.91088724
22,52,2,2524.0,2581.0,0.9779155
22,53,0,2581.0,2619.0,0.9854906
22,53,1,2351.0,2619.0,0.89767087
22,53,2,2619.0,2619.0,1.0
22,54,0,2581.0,2654.0,0.97249436
22,54,1,2654.0,2654.0,1.0
22,54,2,2619.0,2654.0,0.98681235
22,55,0,2581.0,2696.0,0.95734423
22,55,1,2696.0,2696.0,1.0
22,55,2,2619.0,2696.0,0.9714392
22,56,0,2581.0,2733.0,0.94438344
22,56,1,2733.0,2733.0,1.0
22,56,2,2619.0,2733.0,0.9582876
22,57,0,2581.0,2769.0,0.9321055
22,57,1,2769.0,2769.0,1.0
22,57,2,2619.0,2769.0,0.9458288
22,58,0,2581.0,2812.0,0.91785204
22,58,1,2812.0,2812.0,1.0
22,58,2,2619.0,2812.0,0.93136555
22,59,0,2581.0,2846.0,0.9068869
22,59,1,2846.0,2846.0,1.0
22,59,2,2619.0,2846.0,0.9202389
22,60,0,2581.0,2881.0,0.8958695
22,60,1,2881.0,2881.0,1.0
22,60,2,2619.0,2881.0,0.90905935
22,61,0,2581.0,2921.0,0.8836015
22,61,1,2881.0,2921.0,0.9863061
22,61,2,2921.0,2921.0,1.0
22,62,0,2581.0,2966.0,0.87019557
22,62,1,2966.0,2966.0,1.0
22,62,2,2921.0,2966.0,0.98482805
22,63,0,2581.0,3039.0,0.8492925
22,63,1,2966.0,3039.0,0.9759789
22,63,2,3039.0,3039.0,1.0
22,64,0,2581.0,3093.0,0.8344649
22,64,1,2966.0,3093.0,0.95893955
22,64,2,3093.0,3093.0,1.0
22,65,0,2581.0,3157.0,0.81754833
22,65,1,2966.0,3157.0,0.9394995
22,65,2,3157.0,3157.0,1.0
22,66,0,2581.0,3185.0,0.8103611
22,66,1,3185.0,3185.0,1.0
22,66,2,3157.0,3185.0,0.9912088
22,67,0,2581.0,3235.0,0.7978362
22,67,1,3235.0,3235.0,1.0
22,67,2,3157.0,3235.0,0.9758887
22,68,0,2581.0,3277.0,0.7876106
22,68,1,3277.0,3277.0,1.0
22,68,2,3157.0,3277.0,0.9633811
22,69,0,2581.0,3332.0,0.77460986
22,69,1,3277.0,3332.0,0.9834934
22,69,2,3332.0,3332.0,1.0
22,70,0,2581.0,3381.0,0.7633836
22,70,1,3277.0,3381.0,0.9692399
22,70,2,3381.0,3381.0,1.0
22,71,0,2581.0,3449.0,0.74833286
22,71,1,3277.0,3449.0,0.95013046
22,71,2,3449.0,3449.0,1.0
22,72,0,2581.0,3499.0,0.7376393
22,72,1,3499.0,3499.0,1.0
22,72,2,3449.0,3499.0,0.9857102
22,73,0,2581.0,3556.0,0.72581553
22,73,1,3499.0,3556.0,0.98397076
22,73,2,3556.0,3556.0,1.0
22,74,0,2581.0,3597.0,0.7175424
22,74,1,3597.0,3597.0,1.0
22,74,2,3556.0,3597.0,0.9886016
22,75,0,2581.0,3647.0,0.70770496
22,75,1,3647.0,3647.0,1.0
22,75,2,3556.0,3647.0,0.975048
22,76,0,2581.0,3685.0,0.700407
22,76,1,3685.0,3685.0,1.0
22,76,2,3556.0,3685.0,0.96499324
22,77,0,2581.0,3723.0,0.6932581
22,77,1,3723.0,3723.0,1.0
22,77,2,3556.0,3723.0,0.9551437
22,78,0,2581.0,3749.0,0.6884503
22,78,1,3749.0,3749.0,1.0
22,78,2,3556.0,3749.0,0.9485196
22,79,0,2581.0,3822.0,0.6753009
22,79,1,3749.0,3822.0,0.98090005
22,79,2,3822.0,3822.0,1.0
22,80,0,2581.0,3873.0,0.6664085
22,80,1,3749.0,3873.0,0.9679835
22,80,2,3873.0,3873.0,1.0
22,81,0,2581.0,3917.0,0.6589227
22,81,1,3917.0,3917.0,1.0
22,81,2,3873.0,3917.0,0.9887669
22,82,0,2581.0,3955.0,0.65259165
22,82,1,3955.0,3955.0,1.0
22,82,2,3873.0,3955.0,0.97926676
22,83,0,2581.0,3996.0,0.6458959
22,83,1,3955.0,3996.0,0.9897397
22,83,2,3996.0,3996.0,1.0
22,84,0,2581.0,4034.0,0.6398116
22,84,1,4034.0,4034.0,1.0
22,84,2,3996.0,4034.0,0.9905801
22,85,0,2581.0,4070.0,0.63415235
22,85,1,4034.0,4070.0,0.9911548
22,85,2,4070.0,4070.0,1.0
22,86,0,2581.0,4130.0,0.62493944
22,86,1,4034.0,4130.0,0.97675544
22,86,2,4130.0,4130.0,1.0
22,87,0,2581.0,4167.0,0.6193904
22,87,1,4034.0,4167.0,0.96808255
22,87,2,4167.0,4167.0,1.0
22,88,0,2581.0,4202.0,0.61423135
22,88,1,4202.0,4202.0,1.0
22,88,2,4167.0,4202.0,0.9916706
22,89,0,2581.0,4228.0,0.61045414
22,89,1,4228.0,4228.0,1.0
22,89,2,4167.0,4228.0,0.9855724
22,90,0,2581.0,4265.0,0.60515827
22,90,1,4228.0,4265.0,0.9913247
22,90,2,4265.0,4265.0,1.0
22,91,0,4339.0,4339.0,1.0
22,91,1,4228.0,4339.0,0.97441804
22,91,2,4265.0,4339.0,0.9829454
22,92,0,4410.0,4410.0,1.0
22,92,1,4228.0,4410.0,0.95873016
22,92,2,4265.0,4410.0,0.9671202
22,93,0,4410.0,4447.0,0.9916798
22,93,1,4447.0,4447.0,1.0
22,93,2,4265.0,4447.0,0.95907354
22,94,0,4410.0,4503.0,0.9793471
22,94,1,4447.0,4503.0,0.98756385
22,94,2,4503.0,4503.0,1.0
22,95,0,4410.0,4543.0,0.97072417
22,95,1,4543.0,4543.0,1.0
22,95,2,4503.0,4543.0,0.99119526
22,96,0,4410.0,4588.0,0.96120316
22,96,1,4588.0,4588.0,1.0
22,96,2,4503.0,4588.0,0.9814734
22,97,0,4410.0,4637.0,0.95104593
22,97,1,4637.0,4637.0,1.0
22,97,2,4503.0,4637.0,0.971102
22,98,0,4410.0,4711.0,0.936107
22,98,1,4637.0,4711.0,0.9842921
22,98,2,4711.0,4711.0,1.0
22,99,0,4410.0,4743.0,0.9297913
22,99,1,4743.0,4743.0,1.0
22,99,2,4711.0,4743.0,0.99325323
22,100,0,4410.0,4778.0,0.9229803
22,100,1,4743.0,4778.0,0.99267477
22,100,2,4778.0,4778.0,1.0
22,101,0,4410.0,4851.0,0.90909094
22,101,1,4743.0,4851.0,0.97773653
22,101,2,4851.0,4851.0,1.0
22,102,0,4410.0,4901.0,0.89981633
22,102,1,4901.0,4901.0,1.0
22,102,2,4851.0,4901.0,0.989798
22,103,0,4410.0,4933.0,0.8939793
22,103,1,4933.0,4933.0,1.0
22,103,2,4851.0,4933.0,0.9833773
22,104,0,4410.0,4966.0,0.88803864
22,104,1,4966.0,4966.0,1.0
22,104,2,4851.0,4966.0,0.9768425
22,105,0,4410.0,5020.0,0.87848604
22,105,1,4966.0,5020.0,0.98924303
22,105,2,5020.0,5020.0,1.0
22,106,0,4410.0,5057.0,0.8720585
22,106,1,5057.0,5057.0,1.0
22,106,2,5020.0,5057.0,0.9926834
22,107,0,4410.0,5097.0,0.8652148
22,107,1,5097.0,5097.0,1.0
22,107,2,5020.0,5097.0,0.9848931
22,108,0,4410.0,5141.0,0.8578098
22,108,1,5141.0,5141.0,1.0
22,108,2,5020.0,5141.0,0.97646374
22,109,0,4410.0,5183.0,0.85085857
22,109,1,5183.0,5183.0,1.0
22,109,2,5020.0,5183.0,0.96855104
22,110,0,4410.0,5243.0,0.8411215
22,110,1,5183.0,5243.0,0.98855615
22,110,2,5243.0,5243.0,1.0
22,111,0,4410.0,5285.0,0.8344371
22,111,1,5285.0,5285.0,1.0
22,111,2,5243.0,5285.0,0.992053
22,112,0,4410.0,5327.0,0.8278581
22,112,1,5327.0,5327.0,1.0
22,112,2,5243.0,5327.0,0.9842313
22,113,0,4410.0,5376.0,0.8203125
22,113,1,5376.0,5376.0,1.0
22,113,2,5243.0,5376.0,0.97526044
22,114,0,4410.0,5426.0,0.81275344
22,114,1,5376.0,5426.0,0.9907851
22,114,2,5426.0,5426.0,1.0
22,115,0,4410.0,5472.0,0.8059211
22,115,1,5472.0,5472.0,1.0
22,115,2,5426.0,5472.0,0.99159354
22,116,0,4410.0,5509.0,0.80050826
22,116,1,5509.0,5509.0,1.0
22,116,2,5426.0,5509.0,0.98493373
22,117,0,4410.0,5557.0,0.79359365
22,117,1,5557.0,5557.0,1.0
22,117,2,5426.0,5557.0,0.9764261
22,118,0,4410.0,5598.0,0.78778136
22,118,1,5598.0,5598.0,1.0
22,118,2,5426.0,5598.0,0.96927476
22,119,0,4410.0,5639.0,0.78205353
22,119,1,5639.0,5639.0,1.0
22,119,2,5426.0,5639.0,0.96222734
22,120,0,4410.0,5683.0,0.7759986
22,120,1,5639.0,5683.0,0.9922576
22,120,2,5683.0,5683.0,1.0
22,121,0,4410.0,5753.0,0.76655656
22,121,1,5639.0,5753.0,0.98018426
22,121,2,5753.0,5753.0,1.0
22,122,0,4410.0,5795.0,0.7610009
22,122,1,5639.0,5795.0,0.9730802
22,122,2,5795.0,5795.0,1.0
22,123,0,4410.0,5840.0,0.75513697
22,123,1,5840.0,5840.0,1.0
22,123,2,5795.0,5840.0,0.99229455
22,124,0,4410.0,5888.0,0.748981
22,124,1,5888.0,5888.0,1.0
22,124,2,5795.0,5888.0,0.9842052
22,125,0,4410.0,5930.0,0.74367625
22,125,1,5930.0,5930.0,1.0
22,125,2,5795.0,5930.0,0.9772344
22,126,0,4410.0,5958.0,0.74018127
22,126,1,5958.0,5958.0,1.0
22,126,2,5795.0,5958.0,0.9726418
22,127,0,4410.0,6008.0,0.7340213
22,127,1,6008.0,6008.0,1.0
22,127,2,5795.0,6008.0,0.9645473
22,128,0,4410.0,6045.0,0.72952855
22,128,1,6045.0,6045.0,1.0
22,128,2,5795.0,6045.0,0.9586435
22,129,0,4410.0,6081.0,0.72520965
22,129,1,6081.0,6081.0,1.0
22,129,2,5795.0,6081.0,0.95296824
22,130,0,4410.0,6111.0,0.72164947
22,130,1,6111.0,6111.0,1.0
22,130,2,5795.0,6111.0,0.94829
22,131,0,4410.0,6151.0,0.7169566
22,131,1,6151.0,6151.0,1.0
22,131,2,5795.0,6151.0,0.94212323
22,132,0,4410.0,6189.0,0.7125545
22,132,1,6189.0,6189.0,1.0
22,132,2,5795.0,6189.0,0.93633866
22,133,0,4410.0,6231.0,0.7077516
22,133,1,6189.0,6231.0,0.9932595
22,133,2,6231.0,6231.0,1.0
22,134,0,4410.0,6287.0,0.7014474
22,134,1,6189.0,6287.0,0.98441225
22,134,2,6287.0,6287.0,1.0
23,1,0,26.0,26.0,1.0
23,1,1,0.0,26.0,0.0
23,1,2,0.0,26.0,0.0
23,2,0,102.0,102.0,1.0
23,2,1,0.0,102.0,0.0
23,2,2,0.0,102.0,0.0
23,3,0,182.0,182.0,1.0
23,3,1,0.0,182.0,0.0
23,3,2,0.0,182.0,0.0
23,4,0,241.0,241.0,1.0
23,4,1,0.0,241.0,0.0
23,4,2,0.0,241.0,0.0
23,5,0,297.0,297.0,1.0
23,5,1,0.0,297.0,0.0
23,5,2,0.0,297.0,0.0
23,6,0,340.0,340.0,1.0
23,6,1,0.0,340.0,0.0
23,6,2,0.0,340.0,0.0
23,7,0,403.0,403.0,1.0
23,7,1,0.0,403.0,0.0
23,7,2,0.0,403.0,0.0
23,8,0,403.0,413.0,0.9757869
23,8,1,413.0,413.0,1.0
23,8,2,0.0,413.0,0.0
23,9,0,475.0,475.0,1.0
23,9,1,413.0,475.0,0.8694737
23,9,2,0.0,475.0,0.0
23,10,0,550.0,550.0,1.0
23,10,1,413.0,550.0,0.7509091
23,10,2,0.0,550.0,0.0
23,11,0,615.0,615.0,1.0
23,11,1,413.0,615.0,0.67154473
23,11,2,0.0,615.0,0.0
23,12,0,615.0,660.0,0.9318182
23,12,1,660.0,660.0,1.0
23,12,2,0.0,660.0,0.0
23,13,0,615.0,703.0,0.8748222
23,13,1,703.0,703.0,1.0
23,13,2,0.0,703.0,0.0
23,14,0,615.0,727.0,0.8459422
23,14,1,703.0,727.0,0.9669876
23,14,2,727.0,727.0,1.0
23,15,0,615.0,783.0,0.7854406
23,15,1,703.0,783.0,0.8978289
23,15,2,783.0,783.0,1.0
23,16,0,833.0,833.0,1.0
23,16,1,703.0,833.0,0.8439376
23,16,2,783.0,833.0,0.939976
23,17,0,914.0,914.0,1.0
23,17,1,703.0,914.0,0.7691466
23,17,2,783.0,914.0,0.85667396
23,18,0,985.0,985.0,1.0
23,18,1,703.0,985.0,0.7137056
23,18,2,783.0,985.0,0.79492384
23,19,0,985.0,1015.0,0.97044337
23,19,1,1015.0,1015.0,1.0
23,19,2,783.0,1015.0,0.7714286
23,20,0,985.0,1052.0,0.9363118
23,20,1,1052.0,1052.0,1.0
23,20,2,783.0,1052.0,0.74429655
23,21,0,1126.0,1126.0,1.0
23,21,1,1052.0,1126.0,0.93428063
23,21,2,783.0,1126.0,0.6953819
23,22,0,1126.0,1161.0,0.9698536
23,22,1,1161.0,1161.0,1.0
23,22,2,783.0,1161.0,0.6744186
23,23,0,1126.0,1192.0,0.94463086
23,23,1,1192.0,1192.0,1.0
23,23,2,783.0,1192.0,0.6568792
23,24,0,1264.0,1264.0,1.0
23,24,1,1192.0,1264.0,0.943038
23,24,2,783.0,1264.0,0.619462
23,25,0,1264.0,1304.0,0.9693251
23,25,1,1192.0,1304.0,0.9141104
23,25,2,1304.0,1304.0,1.0
23,26,0,1352.0,1352.0,1.0
23,26,1,1192.0,1352.0,0.8816568
23,26,2,1304.0,1352.0,0.964497
23,27,0,1352.0,1388.0,0.9740634
23,27,1,1388.0,1388.0,1.0
23,27,2,1304.0,1388.0,0.93948126
23,28,0,1352.0,1419.0,0.95278364
23,28,1,1419.0,1419.0,1.0
23,28,2,1304.0,1419.0,0.918957
23,29,0,1474.0,1474.0,1.0
23,29,1,1419.0,1474.0,0.96268654
23,29,2,1304.0,1474.0,0.8846676
23,30,0,1533.0,1533.0,1.0
23,30,1,1419.0,1533.0,0.925636
23,30,2,1304.0,1533.0,0.8506197
23,31,0,1533.0,1570.0,0.9764331
23,31,1,1419.0,1570.0,0.90382165
23,31,2,1570.0,1570.0,1.0
23,32,0,1533.0,1605.0,0.9551402
23,32,1,1605.0,1605.0,1.0
23,32,2,1570.0,1605.0,0.97819316
23,33,0,1533.0,1643.0,0.9330493
23,33,1,1605.0,1643.0,0.97687155
23,33,2,1643.0,1643.0,1.0
23,34,0,1533.0,1676.0,0.9146778
23,34,1,1676.0,1676.0,1.0
23,34,2,1643.0,1676.0,0.98031026
23,35,0,1533.0,1740.0,0.8810345
23,35,1,1676.0,1740.0,0.9632184
23,35,2,1740.0,1740.0,1.0
23,36,0,1533.0,1791.0,0.8559464
23,36,1,1676.0,1791.0,0.93579006
23,36,2,1791.0,1791.0,1.0
23,37,0,1533.0,1831.0,0.83724743
23,37,1,1676.0,1831.0,0.9153468
23,37,2,1831.0,1831.0,1.0
23,38,0,1533.0,1874.0,0.81803626
23,38,1,1874.0,1874.0,1.0
23,38,2,1831.0,1874.0,0.9770544
23,39,0,1533.0,1947.0,0.7873652
23,39,1,1874.0,1947.0,0.9625064
23,39,2,1947.0,1947.0,1.0
23,40,0,1533.0,1980.0,0.7742424
23,40,1,1980.0,1980.0,1.0
23,40,2,1947.0,1980.0,0.98333335
23,41,0,1533.0,2049.0,0.74816984
23,41,1,1980.0,2049.0,0.96632504
23,41,2,2049.0,2049.0,1.0
23,42,0,1533.0,2084.0,0.7356046
23,42,1,2084.0,2084.0,1.0
23,42,2,2049.0,2084.0,0.9832054
23,43,0,1533.0,2124.0,0.7217514
23,43,1,2124.0,2124.0,1.0
23,43,2,2049.0,2124.0,0.96468925
23,44,0,1533.0,2167.0,0.70742965
23,44,1,2167.0,2167.0,1.0
23,44,2,2049.0,2167.0,0.94554687
23,45,0,1533.0,2222.0,0.689919
23,45,1,2167.0,2222.0,0.9752475
23,45,2,2222.0,2222.0,1.0
23,46,0,1533.0,2260.0,0.67831856
23,46,1,2260.0,2260.0,1.0
23,46,2,2222.0,2260.0,0.9831858
23,47,0,1533.0,2310.0,0.6636364
23,47,1,2310.0,2310.0,1.0
23,47,2,2222.0,2310.0,0.96190476
23,48,0,1533.0,2354.0,0.65123194
23,48,1,2310.0,2354.0,0.9813084
23,48,2,2354.0,2354.0,1.0
23,49,0,1533.0,2392.0,0.6408863
23,49,1,2392.0,2392.0,1.0
23,49,2,2354.0,2392.0,0.9841137
23,50,0,1533.0,2447.0,0.6264814
23,50,1,2392.0,2447.0,0.9775235
23,50,2,2447.0,2447.0,1.0
23,51,0,1533.0,2486.0,0.61665326
23,51,1,2392.0,2486.0,0.96218824
23,51,2,2486.0,2486.0,1.0
23,52,0,2542.0,2542.0,1.0
23,52,1,2392.0,2542.0,0.94099134
23,52,2,2486.0,2542.0,0.9779701
23,53,0,2542.0,2578.0,0.9860357
23,53,1,2578.0,2578.0,1.0
23,53,2,2486.0,2578.0,0.96431345
23,54,0,2542.0,2621.0,0.9698588
23,54,1,2621.0,2621.0,1.0
23,54,2,2486.0,2621.0,0.94849294
23,55,0,2542.0,2650.0,0.95924526
23,55,1,2650.0,2650.0,1.0
23,55,2,2486.0,2650.0,0.9381132
23,56,0,2542.0,2699.0,0.94183034
23,56,1,2699.0,2699.0,1.0
23,56,2,2486.0,2699.0,0.9210819
23,57,0,2542.0,2741.0,0.92739874
23,57,1,2741.0,2741.0,1.0
23,57,2,2486.0,2741.0,0.90696824
23,58,0,2542.0,2783.0,0.9134028
23,58,1,2783.0,2783.0,1.0
23,58,2,2486.0,2783.0,0.8932806
23,59,0,2542.0,2815.0,0.90301955
23,59,1,2815.0,2815.0,1.0
23,59,2,2486.0,2815.0,0.88312614
23,60,0,2542.0,2860.0,0.8888112
23,60,1,2860.0,2860.0,1.0
23,60,2,2486.0,2860.0,0.86923075
23,61,0,2542.0,2926.0,0.8687628
23,61,1,2860.0,2926.0,0.97744364
23,61,2,2926.0,2926.0,1.0
23,62,0,2542.0,2958.0,0.85936445
23,62,1,2958.0,2958.0,1.0
23,62,2,2926.0,2958.0,0.9891819
23,63,0,2542.0,3003.0,0.84648687
23,63,1,3003.0,3003.0,1.0
23,63,2,2926.0,3003.0,0.974359
23,64,0,2542.0,3044.0,0.8350854
23,64,1,3044.0,3044.0,1.0
23,64,2,2926.0,3044.0,0.9612352
23,65,0,2542.0,3083.0,0.82452154
23,65,1,3083.0,3083.0,1.0
23,65,2,2926.0,3083.0,0.9490756
23,66,0,2542.0,3151.0,0.806728
23,66,1,3083.0,3151.0,0.97841954
23,66,2,3151.0,3151.0,1.0
23,67,0,3227.0,3227.0,1.0
23,67,1,3083.0,3227.0,0.9553765
23,67,2,3151.0,3227.0,0.9764487
23,68,0,3227.0,3271.0,0.9865485
23,68,1,3271.0,3271.0,1.0
23,68,2,3151.0,3271.0,0.963314
23,69,0,3227.0,3309.0,0.9752191
23,69,1,3309.0,3309.0,1.0
23,69,2,3151.0,3309.0,0.95225143
23,70,0,3227.0,3345.0,0.96472347
23,70,1,3309.0,3345.0,0.98923767
23,70,2,3345.0,3345.0,1.0
23,71,0,3227.0,3386.0,0.9530419
23,71,1,3309.0,3386.0,0.9772593
23,71,2,3386.0,3386.0,1.0
23,72,0,3227.0,3450.0,0.93536234
23,72,1,3309.0,3450.0,0.9591304
23,72,2,3450.0,3450.0,1.0
23,73,0,3227.0,3483.0,0.92650014
23,73,1,3309.0,3483.0,0.9500431
23,73,2,3483.0,3483.0,1.0
23,74,0,3227.0,3527.0,0.91494185
23,74,1,3527.0,3527.0,1.0
23,74,2,3483.0,3527.0,0.9875248
23,75,0,3227.0,3567.0,0.9046818
23,75,1,3567.0,3567.0,1.0
23,75,2,3483.0,3567.0,0.9764508
23,76,0,3227.0,3602.0,0.8958912
23,76,1,3602.0,3602.0,1.0
23,76,2,3483.0,3602.0,0.9669628
23,77,0,3227.0,3644.0,0.88556534
23,77,1,3644.0,3644.0,1.0
23,77,2,3483.0,3644.0,0.95581776
23,78,0,3227.0,3712.0,0.8693427
23,78,1,3644.0,3712.0,0.98168105
23,78,2,3712.0,3712.0,1.0
23,79,0,3227.0,3757.0,0.85893
23,79,1,3757.0,3757.0,1.0
23,79,2,3712.0,3757.0,0.9880224
23,80,0,3227.0,3806.0,0.8478718
23,80,1,3757.0,3806.0,0.9871256
23,80,2,3806.0,3806.0,1.0
23,81,0,3227.0,3856.0,0.8368776
23,81,1,3856.0,3856.0,1.0
23,81,2,3806.0,3856.0,0.9870332
23,82,0,3227.0,3897.0,0.8280729
23,82,1,3897.0,3897.0,1.0
23,82,2,3806.0,3897.0,0.9766487
23,83,0,3227.0,3930.0,0.8211196
23,83,1,3930.0,3930.0,1.0
23,83,2,3806.0,3930.0,0.96844786
23,84,0,3227.0,3971.0,0.8126417
23,84,1,3930.0,3971.0,0.98967516
23,84,2,3971.0,3971.0,1.0
23,85,0,3227.0,4021.0,0.80253667
23,85,1,3930.0,4021.0,0.97736883
23,85,2,4021.0,4021.0,1.0
23,86,0,3227.0,4086.0,0.78976995
23,86,1,3930.0,4086.0,0.96182084
23,86,2,4086.0,4086.0,1.0
23,87,0,3227.0,4131.0,0.7811668
23,87,1,3930.0,4131.0,0.9513435
23,87,2,4131.0,4131.0,1.0
23,88,0,3227.0,4201.0,0.76815045
23,88,1,3930.0,4201.0,0.93549156
23,88,2,4201.0,4201.0,1.0
23,89,0,3227.0,4251.0,0.7591155
23,89,1,4251.0,4251.0,1.0
23,89,2,4201.0,4251.0,0.98823804
23,90,0,3227.0,4293.0,0.7516888
23,90,1,4293.0,4293.0,1.0
23,90,2,4201.0,4293.0,0.97856975
23,91,0,3227.0,4326.0,0.7459547
23,91,1,4326.0,4326.0,1.0
23,91,2,4201.0,4326.0,0.9711049
23,92,0,3227.0,4363.0,0.7396287
23,92,1,4326.0,4363.0,0.9915196
23,92,2,4363.0,4363.0,1.0
23,93,0,3227.0,4423.0,0.7295953
23,93,1,4326.0,4423.0,0.9780692
23,93,2,4423.0,4423.0,1.0
23,94,0,3227.0,4476.0,0.7209562
23,94,1,4326.0,4476.0,0.96648794
23,94,2,4476.0,4476.0,1.0
23,95,0,3227.0,4519.0,0.714096
23,95,1,4519.0,4519.0,1.0
23,95,2,4476.0,4519.0,0.9904846
23,96,0,3227.0,4592.0,0.7027439
23,96,1,4519.0,4592.0,0.9841028
23,96,2,4592.0,4592.0,1.0
23,97,0,3227.0,4637.0,0.6959241
23,97,1,4637.0,4637.0,1.0
23,97,2,4592.0,4637.0,0.99029547
23,98,0,3227.0,4670.0,0.6910064
23,98,1,4670.0,4670.0,1.0
23,98,2,4592.0,4670.0,0.98329765
23,99,0,3227.0,4716.0,0.6842663
23,99,1,4716.0,4716.0,1.0
23,99,2,4592.0,4716.0,0.97370654
23,100,0,3227.0,4772.0,0.6762364
23,100,1,4716.0,4772.0,0.98826486
23,100,2,4772.0,4772.0,1.0
23,101,0,3227.0,4809.0,0.6710335
23,101,1,4809.0,4809.0,1.0
23,101,2,4772.0,4809.0,0.9923061
23,102,0,3227.0,4863.0,0.66358215
23,102,1,4809.0,4863.0,0.9888957
23,102,2,4863.0,4863.0,1.0
23,103,0,3227.0,4920.0,0.6558943
23,103,1,4809.0,4920.0,0.97743905
23,103,2,4920.0,4920.0,1.0
23,104,0,3227.0,4962.0,0.6503426
23,104,1,4962.0,4962.0,1.0
23,104,2,4920.0,4962.0,0.99153566
23,105,0,3227.0,5002.0,0.64514196
23,105,1,5002.0,5002.0,1.0
23,105,2,4920.0,5002.0,0.9836066
23,106,0,3227.0,5033.0,0.6411683
23,106,1,5033.0,5033.0,1.0
23,106,2,4920.0,5033.0,0.9775482
23,107,0,3227.0,5062.0,0.63749504
23,107,1,5062.0,5062.0,1.0
23,107,2,4920.0,5062.0,0.97194785
23,108,0,3227.0,5099.0,0.6328692
23,108,1,5062.0,5099.0,0.9927437
23,108,2,5099.0,5099.0,1.0
23,109,0,3227.0,5141.0,0.6276989
23,109,1,5062.0,5141.0,0.9846333
23,109,2,5141.0,5141.0,1.0
23,110,0,3227.0,5176.0,0.6234544
23,110,1,5176.0,5176.0,1.0
23,110,2,5141.0,5176.0,0.99323803
23,111,0,3227.0,5214.0,0.6189106
23,111,1,5214.0,5214.0,1.0
23,111,2,5141.0,5214.0,0.9859992
23,112,0,3227.0,5247.0,0.6150181
23,112,1,5247.0,5247.0,1.0
23,112,2,5141.0,5247.0,0.97979796
23,113,0,3227.0,5297.0,0.60921276
23,113,1,5297.0,5297.0,1.0
23,113,2,5141.0,5297.0,0.97054935
23,114,0,3227.0,5351.0,0.60306484
23,114,1,5297.0,5351.0,0.98990846
23,114,2,5351.0,5351.0,1.0
23,115,0,3227.0,5382.0,0.59959126
23,115,1,5382.0,5382.0,1.0
23,115,2,5351.0,5382.0,0.99424005
23,116,0,3227.0,5415.0,0.5959372
23,116,1,5415.0,5415.0,1.0
23,116,2,5351.0,5415.0,0.988181
23,117,0,3227.0,5484.0,0.5884391
23,117,1,5415.0,5484.0,0.98741794
23,117,2,5484.0,5484.0,1.0
23,118,0,3227.0,5519.0,0.5847074
23,118,1,5415.0,5519.0,0.981156
23,118,2,5519.0,5519.0,1.0
23,119,0,3227.0,5592.0,0.5770744
23,119,1,5415.0,5592.0,0.96834767
23,119,2,5592.0,5592.0,1.0
23,120,0,3227.0,5633.0,0.5728741
23,120,1,5633.0,5633.0,1.0
23,120,2,5592.0,5633.0,0.99272144
23,121,0,3227.0,5665.0,0.56963813
23,121,1,5665.0,5665.0,1.0
23,121,2,5592.0,5665.0,0.98711383
23,122,0,3227.0,5710.0,0.5651489
23,122,1,5710.0,5710.0,1.0
23,122,2,5592.0,5710.0,0.9793345
23,123,0,3227.0,5758.0,0.5604377
23,123,1,5758.0,5758.0,1.0
23,123,2,5592.0,5758.0,0.97117054
23,124,0,3227.0,5801.0,0.5562834
23,124,1,5801.0,5801.0,1.0
23,124,2,5592.0,5801.0,0.96397173
23,125,0,3227.0,5843.0,0.5522848
23,125,1,5801.0,5843.0,0.9928119
23,125,2,5843.0,5843.0,1.0
23,126,0,3227.0,5880.0,0.5488095
23,126,1,5880.0,5880.0,1.0
23,126,2,5843.0,5880.0,0.9937075
23,127,0,3227.0,5936.0,0.5436321
23,127,1,5880.0,5936.0,0.990566
23,127,2,5936.0,5936.0,1.0
23,128,0,3227.0,5973.0,0.54026455
23,128,1,5973.0,5973.0,1.0
23,128,2,5936.0,5973.0,0.99380547
23,129,0,3227.0,6015.0,0.5364921
23,129,1,6015.0,6015.0,1.0
23,129,2,5936.0,6015.0,0.9868662
23,130,0,3227.0,6065.0,0.53206927
23,130,1,6065.0,6065.0,1.0
23,130,2,5936.0,6065.0,0.97873044
23,131,0,3227.0,6114.0,0.52780503
23,131,1,6114.0,6114.0,1.0
23,131,2,5936.0,6114.0,0.97088647
23,132,0,3227.0,6151.0,0.5246301
23,132,1,6151.0,6151.0,1.0
23,132,2,5936.0,6151.0,0.96504635
23,133,0,3227.0,6187.0,0.5215775
23,133,1,6187.0,6187.0,1.0
23,133,2,5936.0,6187.0,0.95943105
23,134,0,3227.0,6217.0,0.5190606
23,134,1,6217.0,6217.0,1.0
23,134,2,5936.0,6217.0,0.9548014
24,1,0,40.0,40.0,1.0
24,1,1,0.0,40.0,0.0
24,1,2,0.0,40.0,0.0
24,2,0,81.0,81.0,1.0
24,2,1,0.0,81.0,0.0
24,2,2,0.0,81.0,0.0
24,3,0,157.0,157.0,1.0
24,3,1,0.0,157.0,0.0
24,3,2,0.0,157.0,0.0
24,4,0,216.0,216.0,1.0
24,4,1,0.0,216.0,0.0
24,4,2,0.0,216.0,0.0
24,5,0,216.0,231.0,0.9350649
24,5,1,231.0,231.0,1.0
24,5,2,0.0,231.0,0.0
24,6,0,290.0,290.0,1.0
24,6,1,231.0,290.0,0.7965517
24,6,2,0.0,290.0,0.0
24,7,0,290.0,315.0,0.9206349
24,7,1,231.0,315.0,0.73333335
24,7,2,315.0,315.0,1.0
24,8,0,380.0,380.0,1.0
24,8,1,231.0,380.0,0.6078947
24,8,2,315.0,380.0,0.82894737
24,9,0,428.0,428.0,1.0
24,9,1,231.0,428.0,0.53971964
24,9,2,315.0,428.0,0.7359813
24,10,0,483.0,483.0,1.0
24,10,1,231.0,483.0,0.47826087
24,10,2,315.0,483.0,0.65217394
24,11,0,549.0,549.0,1.0
24,11,1,231.0,549.0,0.420765
24,11,2,315.0,549.0,0.57377046
24,12,0,549.0,584.0,0.9400685
24,12,1,584.0,584.0,1.0
24,12,2,315.0,584.0,0.5393836
24,13,0,549.0,614.0,0.8941368
24,13,1,614.0,614.0,1.0
24,13,2,315.0,614.0,0.51302934
24,14,0,549.0,664.0,0.8268072
24,14,1,664.0,664.0,1.0
24,14,2,315.0,664.0,0.4743976
24,15,0,549.0,707.0,0.7765205
24,15,1,664.0,707.0,0.93917966
24,15,2,707.0,707.0,1.0
24,16,0,765.0,765.0,1.0
24,16,1,664.0,765.0,0.86797386
24,16,2,707.0,765.0,0.924183
24,17,0,831.0,831.0,1.0
24,17,1,664.0,831.0,0.7990373
24,17,2,707.0,831.0,0.8507822
24,18,0,831.0,866.0,0.9595843
24,18,1,866.0,866.0,1.0
24,18,2,707.0,866.0,0.81639725
24,19,0,926.0,926.0,1.0
24,19,1,866.0,926.0,0.93520516
24,19,2,707.0,926.0,0.7634989
24,20,0,926.0,969.0,0.95562434
24,20,1,969.0,969.0,1.0
24,20,2,707.0,969.0,0.7296182
24,21,0,1026.0,1026.0,1.0
24,21,1,969.0,1026.0,0.9444444
24,21,2,707.0,1026.0,0.6890838
24,22,0,1026.0,1061.0,0.9670122
24,22,1,1061.0,1061.0,1.0
24,22,2,707.0,1061.0,0.6663525
24,23,0,1026.0,1106.0,0.92766726
24,23,1,1061.0,1106.0,0.95931286
24,23,2,1106.0,1106.0,1.0
24,24,0,1177.0,1177.0,1.0
24,24,1,1061.0,1177.0,0.9014444
24,24,2,1106.0,1177.0,0.9396771
24,25,0,1177.0,1218.0,0.9663383
24,25,1,1218.0,1218.0,1.0
24,25,2,1106.0,1218.0,0.90804595
24,26,0,1296.0,1296.0,1.0
24,26,1,1218.0,1296.0,0.9398148
24,26,2,1106.0,1296.0,0.85339504
24,27,0,1296.0,1341.0,0.96644294
24,27,1,1341.0,1341.0,1.0
24,27,2,1106.0,1341.0,0.82475764
24,28,0,1296.0,1386.0,0.9350649
24,28,1,1386.0,1386.0,1.0
24,28,2,1106.0,1386.0,0.7979798
24,29,0,1296.0,1436.0,0.90250695
24,29,1,1436.0,1436.0,1.0
24,29,2,1106.0,1436.0,0.770195
24,30,0,1296.0,1469.0,0.8822328
24,30,1,1469.0,1469.0,1.0
24,30,2,1106.0,1469.0,0.75289315
24,31,0,1549.0,1549.0,1.0
24,31,1,1469.0,1549.0,0.94835377
24,31,2,1106.0,1549.0,0.71400905
24,32,0,1549.0,1591.0,0.9736015
24,32,1,1591.0,1591.0,1.0
24,32,2,1106.0,1591.0,0.69516027
24,33,0,1549.0,1630.0,0.9503068
24,33,1,1591.0,1630.0,0.9760736
24,33,2,1630.0,1630.0,1.0
24,34,0,1691.0,1691.0,1.0
24,34,1,1591.0,1691.0,0.9408634
24,34,2,1630.0,1691.0,0.9639267
24,35,0,1753.0,1753.0,1.0
24,35,1,1591.0,1753.0,0.907587
24,35,2,1630.0,1753.0,0.92983454
24,36,0,1753.0,1809.0,0.9690437
24,36,1,1591.0,1809.0,0.87949145
24,36,2,1809.0,1809.0,1.0
24,37,0,1753.0,1845.0,0.9501355
24,37,1,1845.0,1845.0,1.0
24,37,2,1809.0,1845.0,0.9804878
24,38,0,1753.0,1876.0,0.93443495
24,38,1,1876.0,1876.0,1.0
24,38,2,1809.0,1876.0,0.96428573
24,39,0,1753.0,1920.0,0.91302085
24,39,1,1920.0,1920.0,1.0
24,39,2,1809.0,1920.0,0.9421875
24,40,0,1994.0,1994.0,1.0
24,40,1,1920.0,1994.0,0.96288866
24,40,2,1809.0,1994.0,0.9072217
24,41,0,1994.0,2034.0,0.98033434
24,41,1,2034.0,2034.0,1.0
24,41,2,1809.0,2034.0,0.8893805
24,42,0,1994.0,2089.0,0.9545237
24,42,1,2034.0,2089.0,0.9736716
24,42,2,2089.0,2089.0,1.0
24,43,0,1994.0,2122.0,0.93967956
24,43,1,2122.0,2122.0,1.0
24,43,2,2089.0,2122.0,0.9844486
24,44,0,1994.0,2167.0,0.92016613
24,44,1,2122.0,2167.0,0.979234
24,44,2,2167.0,2167.0,1.0
24,45,0,1994.0,2207.0,0.9034889
24,45,1,2207.0,2207.0,1.0
24,45,2,2167.0,2207.0,0.98187584
24,46,0,1994.0,2247.0,0.88740546
24,46,1,2247.0,2247.0,1.0
24,46,2,2167.0,2247.0,0.96439695
24,47,0,2318.0,2318.0,1.0
24,47,1,2247.0,2318.0,0.9693701
24,47,2,2167.0,2318.0,0.9348576
24,48,0,2318.0,2355.0,0.98428875
24,48,1,2247.0,2355.0,0.9541401
24,48,2,2355.0,2355.0,1.0
24,49,0,2318.0,2391.0,0.96946883
24,49,1,2391.0,2391.0,1.0
24,49,2,2355.0,2391.0,0.9849435
24,50,0,2318.0,2419.0,0.9582472
24,50,1,2419.0,2419.0,1.0
24,50,2,2355.0,2419.0,0.9735428
24,51,0,2318.0,2470.0,0.93846154
24,51,1,2419.0,2470.0,0.97935224
24,51,2,2470.0,2470.0,1.0
24,52,0,2318.0,2539.0,0.91295785
24,52,1,2419.0,2539.0,0.9527373
24,52,2,2539.0,2539.0,1.0
24,53,0,2318.0,2577.0,0.89949554
24,53,1,2577.0,2577.0,1.0
24,53,2,2539.0,2577.0,0.98525417
24,54,0,2318.0,2611.0,0.88778245
24,54,1,2611.0,2611.0,1.0
24,54,2,2539.0,2611.0,0.9724244
24,55,0,2318.0,2649.0,0.8750472
24,55,1,2649.0,2649.0,1.0
24,55,2,2539.0,2649.0,0.9584749
24,56,0,2318.0,2717.0,0.85314685
24,56,1,2649.0,2717.0,0.97497237
24,56,2,2717.0,2717.0,1.0
24,57,0,2318.0,2754.0,0.8416848
24,57,1,2754.0,2754.0,1.0
24,57,2,2717.0,2754.0,0.986565
24,58,0,2318.0,2797.0,0.82874507
24,58,1,2797.0,2797.0,1.0
24,58,2,2717.0,2797.0,0.97139794
24,59,0,2318.0,2870.0,0.8076655
24,59,1,2797.0,2870.0,0.97456443
24,59,2,2870.0,2870.0,1.0
24,60,0,2318.0,2919.0,0.79410756
24,60,1,2919.0,2919.0,1.0
24,60,2,2870.0,2919.0,0.9832134
24,61,0,2318.0,2964.0,0.78205127
24,61,1,2964.0,2964.0,1.0
24,61,2,2870.0,2964.0,0.9682861
24,62,0,2318.0,3017.0,0.7683129
24,62,1,2964.0,3017.0,0.9824329
24,62,2,3017.0,3017.0,1.0
24,63,0,2318.0,3081.0,0.75235313
24,63,1,2964.0,3081.0,0.96202534
24,63,2,3081.0,3081.0,1.0
24,64,0,2318.0,3150.0,0.73587304
24,64,1,2964.0,3150.0,0.94095236
24,64,2,3150.0,3150.0,1.0
24,65,0,2318.0,3195.0,0.72550863
24,65,1,3195.0,3195.0,1.0
24,65,2,3150.0,3195.0,0.9859155
24,66,0,2318.0,3235.0,0.7165379
24,66,1,3195.0,3235.0,0.98763525
24,66,2,3235.0,3235.0,1.0
24,67,0,2318.0,3278.0,0.7071385
24,67,1,3278.0,3278.0,1.0
24,67,2,3235.0,3278.0,0.98688227
24,68,0,2318.0,3328.0,0.6965144
24,68,1,3278.0,3328.0,0.98497593
24,68,2,3328.0,3328.0,1.0
24,69,0,2318.0,3370.0,0.68783385
24,69,1,3370.0,3370.0,1.0
24,69,2,3328.0,3370.0,0.9875371
24,70,0,2318.0,3414.0,0.67896897
24,70,1,3414.0,3414.0,1.0
24,70,2,3328.0,3414.0,0.9748096
24,71,0,2318.0,3455.0,0.6709117
24,71,1,3455.0,3455.0,1.0
24,71,2,3328.0,3455.0,0.9632417
24,72,0,2318.0,3499.0,0.662475
24,72,1,3455.0,3499.0,0.98742497
24,72,2,3499.0,3499.0,1.0
24,73,0,2318.0,3535.0,0.65572846
24,73,1,3455.0,3535.0,0.9773692
24,73,2,3535.0,3535.0,1.0
24,74,0,2318.0,3569.0,0.64948165
24,74,1,3569.0,3569.0,1.0
24,74,2,3535.0,3569.0,0.9904735
24,75,0,2318.0,3601.0,0.6437101
24,75,1,3601.0,3601.0,1.0
24,75,2,3535.0,3601.0,0.98167175
24,76,0,2318.0,3651.0,0.63489455
24,76,1,3651.0,3651.0,1.0
24,76,2,3535.0,3651.0,0.96822786
24,77,0,2318.0,3721.0,0.6229508
24,77,1,3651.0,3721.0,0.9811879
24,77,2,3721.0,3721.0,1.0
24,78,0,2318.0,3775.0,0.6140397
24,78,1,3651.0,3775.0,0.9671523
24,78,2,3775.0,3775.0,1.0
24,79,0,2318.0,3848.0,0.6023908
24,79,1,3651.0,3848.0,0.94880456
24,79,2,3848.0,3848.0,1.0
24,80,0,2318.0,3892.0,0.5955807
24,80,1,3892.0,3892.0,1.0
24,80,2,3848.0,3892.0,0.9886948
24,81,0,2318.0,3941.0,0.5881756
24,81,1,3892.0,3941.0,0.9875666
24,81,2,3941.0,3941.0,1.0
24,82,0,2318.0,3980.0,0.58241206
24,82,1,3892.0,3980.0,0.9778894
24,82,2,3980.0,3980.0,1.0
24,83,0,2318.0,4022.0,0.5763302
24,83,1,4022.0,4022.0,1.0
24,83,2,3980.0,4022.0,0.98955745
24,84,0,2318.0,4095.0,0.5660562
24,84,1,4022.0,4095.0,0.9821734
24,84,2,4095.0,4095.0,1.0
24,85,0,2318.0,4138.0,0.560174
24,85,1,4138.0,4138.0,1.0
24,85,2,4095.0,4138.0,0.9896085
24,86,0,2318.0,4184.0,0.5540153
24,86,1,4184.0,4184.0,1.0
24,86,2,4095.0,4184.0,0.9787285
24,87,0,2318.0,4244.0,0.5461829
24,87,1,4184.0,4244.0,0.9858624
24,87,2,4244.0,4244.0,1.0
24,88,0,2318.0,4286.0,0.5408306
24,88,1,4184.0,4286.0,0.9762016
24,88,2,4286.0,4286.0,1.0
24,89,0,2318.0,4336.0,0.5345941
24,89,1,4336.0,4336.0,1.0
24,89,2,4286.0,4336.0,0.98846865
24,90,0,2318.0,4392.0,0.5277778
24,90,1,4336.0,4392.0,0.98724955
24,90,2,4392.0,4392.0,1.0
24,91,0,2318.0,4434.0,0.5227785
24,91,1,4434.0,4434.0,1.0
24,91,2,4392.0,4434.0,0.99052775
24,92,0,2318.0,4471.0,0.5184522
24,92,1,4434.0,4471.0,0.99172443
24,92,2,4471.0,4471.0,1.0
24,93,0,2318.0,4504.0,0.5146536
24,93,1,4504.0,4504.0,1.0
24,93,2,4471.0,4504.0,0.99267316
24,94,0,2318.0,4545.0,0.510011
24,94,1,4504.0,4545.0,0.9909791
24,94,2,4545.0,4545.0,1.0
24,95,0,2318.0,4591.0,0.5049009
24,95,1,4591.0,4591.0,1.0
24,95,2,4545.0,4591.0,0.9899804
24,96,0,2318.0,4657.0,0.49774534
24,96,1,4591.0,4657.0,0.9858278
24,96,2,4657.0,4657.0,1.0
24,97,0,2318.0,4690.0,0.49424306
24,97,1,4591.0,4690.0,0.97889125
24,97,2,4690.0,4690.0,1.0
24,98,0,2318.0,4728.0,0.49027073
24,98,1,4728.0,4728.0,1.0
24,98,2,4690.0,4728.0,0.9919628
24,99,0,2318.0,4765.0,0.4864638
24,99,1,4765.0,4765.0,1.0
24,99,2,4690.0,4765.0,0.9842602
24,100,0,2318.0,4801.0,0.48281607
24,100,1,4801.0,4801.0,1.0
24,100,2,4690.0,4801.0,0.97687984
24,101,0,2318.0,4842.0,0.4787278
24,101,1,4801.0,4842.0,0.99153244
24,101,2,4842.0,4842.0,1.0
24,102,0,2318.0,4892.0,0.47383484
24,102,1,4892.0,4892.0,1.0
24,102,2,4842.0,4892.0,0.98977923
24,103,0,2318.0,4925.0,0.4706599
24,103,1,4925.0,4925.0,1.0
24,103,2,4842.0,4925.0,0.9831472
24,104,0,2318.0,4962.0,0.46715033
24,104,1,4962.0,4962.0,1.0
24,104,2,4842.0,4962.0,0.9758162
24,105,0,2318.0,5000.0,0.4636
24,105,1,5000.0,5000.0,1.0
24,105,2,4842.0,5000.0,0.9684
24,106,0,2318.0,5068.0,0.45737964
24,106,1,5000.0,5068.0,0.98658246
24,106,2,5068.0,5068.0,1.0
24,107,0,2318.0,5133.0,0.45158777
24,107,1,5000.0,5133.0,0.9740892
24,107,2,5133.0,5133.0,1.0
24,108,0,2318.0,5173.0,0.4480959
24,108,1,5173.0,5173.0,1.0
24,108,2,5133.0,5173.0,0.99226755
24,109,0,2318.0,5199.0,0.44585496
24,109,1,5199.0,5199.0,1.0
24,109,2,5133.0,5199.0,0.9873052
24,110,0,2318.0,5237.0,0.44261983
24,110,1,5237.0,5237.0,1.0
24,110,2,5133.0,5237.0,0.9801413
24,111,0,2318.0,5279.0,0.43909833
24,111,1,5237.0,5279.0,0.992044
24,111,2,5279.0,5279.0,1.0
24,112,0,2318.0,5335.0,0.43448922
24,112,1,5237.0,5335.0,0.98163074
24,112,2,5335.0,5335.0,1.0
24,113,0,2318.0,5372.0,0.43149665
24,113,1,5372.0,5372.0,1.0
24,113,2,5335.0,5372.0,0.99311244
24,114,0,2318.0,5446.0,0.4256335
24,114,1,5372.0,5446.0,0.98641205
24,114,2,5446.0,5446.0,1.0
24,115,0,2318.0,5479.0,0.4230699
24,115,1,5479.0,5479.0,1.0
24,115,2,5446.0,5479.0,0.993977
24,116,0,2318.0,5509.0,0.42076603
24,116,1,5509.0,5509.0,1.0
24,116,2,5446.0,5509.0,0.9885642
24,117,0,2318.0,5554.0,0.41735685
24,117,1,5554.0,5554.0,1.0
24,117,2,5446.0,5554.0,0.9805546
24,118,0,2318.0,5585.0,0.41504028
24,118,1,5585.0,5585.0,1.0
24,118,2,5446.0,5585.0,0.9751119
24,119,0,2318.0,5630.0,0.4117229
24,119,1,5630.0,5630.0,1.0
24,119,2,5446.0,5630.0,0.96731794
24,120,0,2318.0,5671.0,0.40874624
24,120,1,5671.0,5671.0,1.0
24,120,2,5446.0,5671.0,0.96032447
24,121,0,2318.0,5703.0,0.40645275
24,121,1,5703.0,5703.0,1.0
24,121,2,5446.0,5703.0,0.954936
24,122,0,2318.0,5736.0,0.40411437
24,122,1,5736.0,5736.0,1.0
24,122,2,5446.0,5736.0,0.94944215
24,123,0,2318.0,5793.0,0.4001381
24,123,1,5736.0,5793.0,0.9901605
24,123,2,5793.0,5793.0,1.0
24,124,0,2318.0,5841.0,0.39684984
24,124,1,5841.0,5841.0,1.0
24,124,2,5793.0,5841.0,0.99178225
24,125,0,2318.0,5871.0,0.394822
24,125,1,5871.0,5871.0,1.0
24,125,2,5793.0,5871.0,0.98671436
24,126,0,2318.0,5903.0,0.3926817
24,126,1,5903.0,5903.0,1.0
24,126,2,5793.0,5903.0,0.9813654
24,127,0,2318.0,5951.0,0.38951436
24,127,1,5951.0,5951.0,1.0
24,127,2,5793.0,5951.0,0.9734498
24,128,0,2318.0,5988.0,0.38710755
24,128,1,5951.0,5988.0,0.99382097
24,128,2,5988.0,5988.0,1.0
24,129,0,2318.0,6028.0,0.38453883
24,129,1,5951.0,6028.0,0.98722625
24,129,2,6028.0,6028.0,1.0
24,130,0,2318.0,6077.0,0.3814382
24,130,1,5951.0,6077.0,0.9792661
24,130,2,6077.0,6077.0,1.0
24,131,0,2318.0,6114.0,0.37912986
24,131,1,6114.0,6114.0,1.0
24,131,2,6077.0,6114.0,0.99394834
24,132,0,2318.0,6151.0,0.3768493
24,132,1,6151.0,6151.0,1.0
24,132,2,6077.0,6151.0,0.98796946
24,133,0,2318.0,6200.0,0.37387097
24,133,1,6200.0,6200.0,1.0
24,133,2,6077.0,6200.0,0.9801613
24,134,0,2318.0,6242.0,0.37135532
24,134,1,6242.0,6242.0,1.0
24,134,2,6077.0,6242.0,0.9735662
25,1,0,18.0,18.0,1.0
25,1,1,0.0,18.0,0.0
25,1,2,0.0,18.0,0.0
25,2,0,81.0,81.0,1.0
25,2,1,0.0,81.0,0.0
25,2,2,0.0,81.0,0.0
25,3,0,153.0,153.0,1.0
25,3,1,0.0,153.0,0.0
25,3,2,0.0,153.0,0.0
25,4,0,209.0,209.0,1.0
25,4,1,0.0,209.0,0.0
25,4,2,0.0,209.0,0.0
25,5,0,285.0,285.0,1.0
25,5,1,0.0,285.0,0.0
25,5,2,0.0,285.0,0.0
25,6,0,285.0,295.0,0.9661017
25,6,1,295.0,295.0,1.0
25,6,2,0.0,295.0,0.0
25,7,0,342.0,342.0,1.0
25,7,1,295.0,342.0,0.8625731
25,7,2,0.0,342.0,0.0
25,8,0,422.0,422.0,1.0
25,8,1,295.0,422.0,0.69905216
25,8,2,0.0,422.0,0.0
25,9,0,487.0,487.0,1.0
25,9,1,295.0,487.0,0.6057495
25,9,2,0.0,487.0,0.0
25,10,0,487.0,522.0,0.9329502
25,10,1,522.0,522.0,1.0
25,10,2,0.0,522.0,0.0
25,11,0,487.0,567.0,0.8589065
25,11,1,567.0,567.0,1.0
25,11,2,0.0,567.0,0.0
25,12,0,648.0,648.0,1.0
25,12,1,567.0,648.0,0.875
25,12,2,0.0,648.0,0.0
25,13,0,648.0,676.0,0.9585799
25,13,1,567.0,676.0,0.8387574
25,13,2,676.0,676.0,1.0
25,14,0,735.0,735.0,1.0
25,14,1,567.0,735.0,0.7714286
25,14,2,676.0,735.0,0.91972786
25,15,0,735.0,778.0,0.9447301
25,15,1,778.0,778.0,1.0
25,15,2,676.0,778.0,0.8688946
25,16,0,735.0,818.0,0.898533
25,16,1,818.0,818.0,1.0
25,16,2,676.0,818.0,0.8264059
25,17,0,735.0,858.0,0.8566434
25,17,1,818.0,858.0,0.9533799
25,17,2,858.0,858.0,1.0
25,18,0,933.0,933.0,1.0
25,18,1,818.0,933.0,0.8767417
25,18,2,858.0,933.0,0.91961414
25,19,0,933.0,973.0,0.95889
25,19,1,973.0,973.0,1.0
25,19,2,858.0,973.0,0.8818088
25,20,0,933.0,1009.0,0.9246779
25,20,1,1009.0,1009.0,1.0
25,20,2,858.0,1009.0,0.85034686
25,21,0,933.0,1050.0,0.88857144
25,21,1,1050.0,1050.0,1.0
25,21,2,858.0,1050.0,0.81714284
25,22,0,933.0,1090.0,0.8559633
25,22,1,1090.0,1090.0,1.0
25,22,2,858.0,1090.0,0.787156
25,23,0,1149.0,1149.0,1.0
25,23,1,1090.0,1149.0,0.948651
25,23,2,858.0,1149.0,0.7467363
25,24,0,1149.0,1193.0,0.9631182
25,24,1,1193.0,1193.0,1.0
25,24,2,858.0,1193.0,0.7191953
25,25,0,1149.0,1229.0,0.9349064
25,25,1,1193.0,1229.0,0.9707079
25,25,2,1229.0,1229.0,1.0
25,26,0,1149.0,1278.0,0.899061
25,26,1,1193.0,1278.0,0.9334898
25,26,2,1278.0,1278.0,1.0
25,27,0,1149.0,1323.0,0.86848074
25,27,1,1323.0,1323.0,1.0
25,27,2,1278.0,1323.0,0.9659864
25,28,0,1149.0,1358.0,0.84609723
25,28,1,1358.0,1358.0,1.0
25,28,2,1278.0,1358.0,0.9410898
25,29,0,1149.0,1402.0,0.8195435
25,29,1,1358.0,1402.0,0.96861625
25,29,2,1402.0,1402.0,1.0
25,30,0,1149.0,1439.0,0.79847115
25,30,1,1358.0,1439.0,0.9437109
25,30,2,1439.0,1439.0,1.0
25,31,0,1502.0,1502.0,1.0
25,31,1,1358.0,1502.0,0.90412784
25,31,2,1439.0,1502.0,0.9580559
25,32,0,1502.0,1540.0,0.9753247
25,32,1,1540.0,1540.0,1.0
25,32,2,1439.0,1540.0,0.9344156
25,33,0,1502.0,1608.0,0.9340796
25,33,1,1540.0,1608.0,0.95771146
25,33,2,1608.0,1608.0,1.0
25,34,0,1502.0,1647.0,0.91196114
25,34,1,1540.0,1647.0,0.9350334
25,34,2,1647.0,1647.0,1.0
25,35,0,1502.0,1680.0,0.8940476
25,35,1,1680.0,1680.0,1.0
25,35,2,1647.0,1680.0,0.98035717
25,36,0,1502.0,1721.0,0.8727484
25,36,1,1680.0,1721.0,0.9761766
25,36,2,1721.0,1721.0,1.0
25,37,0,1772.0,1772.0,1.0
25,37,1,1680.0,1772.0,0.94808125
25,37,2,1721.0,1772.0,0.97121894
25,38,0,1772.0,1826.0,0.97042716
25,38,1,1680.0,1826.0,0.9200438
25,38,2,1826.0,1826.0,1.0
25,39,0,1772.0,1875.0,0.9450667
25,39,1,1875.0,1875.0,1.0
25,39,2,1826.0,1875.0,0.97386664
25,40,0,1772.0,1917.0,0.924361
25,40,1,1917.0,1917.0,1.0
25,40,2,1826.0,1917.0,0.95252997
25,41,0,1772.0,1990.0,0.89045227
25,41,1,1917.0,1990.0,0.96331656
25,41,2,1990.0,1990.0,1.0
25,42,0,1772.0,2040.0,0.8686274
25,42,1,2040.0,2040.0,1.0
25,42,2,1990.0,2040.0,0.9754902
25,43,0,1772.0,2105.0,0.8418052
25,43,1,2040.0,2105.0,0.96912116
25,43,2,2105.0,2105.0,1.0
25,44,0,1772.0,2155.0,0.8222738
25,44,1,2155.0,2155.0,1.0
25,44,2,2105.0,2155.0,0.9767981
25,45,0,1772.0,2225.0,0.7964045
25,45,1,2155.0,2225.0,0.9685393
25,45,2,2225.0,2225.0,1.0
25,46,0,1772.0,2276.0,0.77855885
25,46,1,2155.0,2276.0,0.94683653
25,46,2,2276.0,2276.0,1.0
25,47,0,1772.0,2350.0,0.75404257
25,47,1,2155.0,2350.0,0.9170213
25,47,2,2350.0,2350.0,1.0
25,48,0,1772.0,2400.0,0.73833334
25,48,1,2400.0,2400.0,1.0
25,48,2,2350.0,2400.0,0.9791667
25,49,0,2459.0,2459.0,1.0
25,49,1,2400.0,2459.0,0.9760065
25,49,2,2350.0,2459.0,0.95567304
25,50,0,2459.0,2492.0,0.98675764
25,50,1,2492.0,2492.0,1.0
25,50,2,2350.0,2492.0,0.94301766
25,51,0,2459.0,2534.0,0.97040254
25,51,1,2534.0,2534.0,1.0
25,51,2,2350.0,2534.0,0.92738754
25,52,0,2605.0,2605.0,1.0
25,52,1,2534.0,2605.0,0.9727447
25,52,2,2350.0,2605.0,0.90211135
25,53,0,2605.0,2636.0,0.98823977
25,53,1,2636.0,2636.0,1.0
25,53,2,2350.0,2636.0,0.89150226
25,54,0,2605.0,2669.0,0.976021
25,54,1,2669.0,2669.0,1.0
25,54,2,2350.0,2669.0,0.8804796
25,55,0,2605.0,2695.0,0.9666048
25,55,1,2695.0,2695.0,1.0
25,55,2,2350.0,2695.0,0.87198514
25,56,0,2605.0,2728.0,0.954912
25,56,1,2728.0,2728.0,1.0
25,56,2,2350.0,2728.0,0.86143696
25,57,0,2605.0,2763.0,0.9428158
25,57,1,2763.0,2763.0,1.0
25,57,2,2350.0,2763.0,0.8505248
25,58,0,2605.0,2793.0,0.9326889
25,58,1,2793.0,2793.0,1.0
25,58,2,2350.0,2793.0,0.8413892
25,59,0,2605.0,2838.0,0.9178999
25,59,1,2793.0,2838.0,0.98414373
25,59,2,2838.0,2838.0,1.0
25,60,0,2605.0,2875.0,0.906087
25,60,1,2875.0,2875.0,1.0
25,60,2,2838.0,2875.0,0.98713046
25,61,0,2946.0,2946.0,1.0
25,61,1,2875.0,2946.0,0.9758995
25,61,2,2838.0,2946.0,0.9633401
25,62,0,2946.0,2990.0,0.98528427
25,62,1,2990.0,2990.0,1.0
25,62,2,2838.0,2990.0,0.94916385
25,63,0,2946.0,3030.0,0.9722772
25,63,1,2990.0,3030.0,0.9867987
25,63,2,3030.0,3030.0,1.0
25,64,0,2946.0,3098.0,0.9509361
25,64,1,2990.0,3098.0,0.9651388
25,64,2,3098.0,3098.0,1.0
25,65,0,2946.0,3131.0,0.94091344
25,65,1,3131.0,3131.0,1.0
25,65,2,3098.0,3131.0,0.98946023
25,66,0,2946.0,3200.0,0.920625
25,66,1,3131.0,3200.0,0.9784375
25,66,2,3200.0,3200.0,1.0
25,67,0,2946.0,3243.0,0.9084181
25,67,1,3243.0,3243.0,1.0
25,67,2,3200.0,3243.0,0.98674065
25,68,0,2946.0,3295.0,0.89408195
25,68,1,3243.0,3295.0,0.98421854
25,68,2,3295.0,3295.0,1.0
25,69,0,2946.0,3336.0,0.88309354
25,69,1,3336.0,3336.0,1.0
25,69,2,3295.0,3336.0,0.9877098
25,70,0,3391.0,3391.0,1.0
25,70,1,3336.0,3391.0,0.9837806
25,70,2,3295.0,3391.0,0.97168976
25,71,0,3391.0,3464.0,0.9789261
25,71,1,3336.0,3464.0,0.9630485
25,71,2,3464.0,3464.0,1.0
25,72,0,3391.0,3500.0,0.96885717
25,72,1,3500.0,3500.0,1.0
25,72,2,3464.0,3500.0,0.98971426
25,73,0,3391.0,3564.0,0.95145905
25,73,1,3500.0,3564.0,0.9820427
25,73,2,3564.0,3564.0,1.0
25,74,0,3391.0,3633.0,0.9333884
25,74,1,3500.0,3633.0,0.9633911
25,74,2,3633.0,3633.0,1.0
25,75,0,3391.0,3683.0,0.9207168
25,75,1,3500.0,3683.0,0.95031226
25,75,2,3683.0,3683.0,1.0
25,76,0,3391.0,3733.0,0.9083847
25,76,1,3733.0,3733.0,1.0
25,76,2,3683.0,3733.0,0.98660594
25,77,0,3391.0,3776.0,0.89804024
25,77,1,3776.0,3776.0,1.0
25,77,2,3683.0,3776.0,0.97537076
25,78,0,3391.0,3826.0,0.88630426
25,78,1,3776.0,3826.0,0.9869315
25,78,2,3826.0,3826.0,1.0
25,79,0,3391.0,3860.0,0.8784974
25,79,1,3860.0,3860.0,1.0
25,79,2,3826.0,3860.0,0.9911917
25,80,0,3391.0,3910.0,0.86726344
25,80,1,3910.0,3910.0,1.0
25,80,2,3826.0,3910.0,0.97851664
25,81,0,3391.0,3951.0,0.85826373
25,81,1,3951.0,3951.0,1.0
25,81,2,3826.0,3951.0,0.96836245
25,82,0,3391.0,4001.0,0.8475381
25,82,1,4001.0,4001.0,1.0
25,82,2,3826.0,4001.0,0.9562609
25,83,0,3391.0,4031.0,0.84123045
25,83,1,4031.0,4031.0,1.0
25,83,2,3826.0,4031.0,0.9491441
25,84,0,3391.0,4073.0,0.83255583
25,84,1,4073.0,4073.0,1.0
25,84,2,3826.0,4073.0,0.93935674
25,85,0,4149.0,4149.0,1.0
25,85,1,4073.0,4149.0,0.98168236
25,85,2,3826.0,4149.0,0.9221499
25,86,0,4149.0,4181.0,0.99234635
25,86,1,4181.0,4181.0,1.0
25,86,2,3826.0,4181.0,0.9150921
25,87,0,4149.0,4215.0,0.9843416
25,87,1,4215.0,4215.0,1.0
25,87,2,3826.0,4215.0,0.90771055
25,88,0,4149.0,4252.0,0.9757761
25,88,1,4215.0,4252.0,0.9912982
25,88,2,4252.0,4252.0,1.0
25,89,0,4149.0,4294.0,0.96623194
25,89,1,4215.0,4294.0,0.98160225
25,89,2,4294.0,4294.0,1.0
25,90,0,4149.0,4337.0,0.95665205
25,90,1,4337.0,4337.0,1.0
25,90,2,4294.0,4337.0,0.9900853
25,91,0,4149.0,4376.0,0.94812614
25,91,1,4337.0,4376.0,0.99108773
25,91,2,4376.0,4376.0,1.0
25,92,0,4149.0,4416.0,0.93953806
25,92,1,4416.0,4416.0,1.0
25,92,2,4376.0,4416.0,0.990942
25,93,0,4149.0,4456.0,0.9311041
25,93,1,4456.0,4456.0,1.0
25,93,2,4376.0,4456.0,0.98204666
25,94,0,4149.0,4498.0,0.92240995
25,94,1,4498.0,4498.0,1.0
25,94,2,4376.0,4498.0,0.97287685
25,95,0,4149.0,4542.0,0.91347426
25,95,1,4542.0,4542.0,1.0
25,95,2,4376.0,4542.0,0.9634522
25,96,0,4149.0,4575.0,0.90688527
25,96,1,4575.0,4575.0,1.0
25,96,2,4376.0,4575.0,0.95650274
25,97,0,4640.0,4640.0,1.0
25,97,1,4575.0,4640.0,0.98599136
25,97,2,4376.0,4640.0,0.94310343
25,98,0,4640.0,4681.0,0.9912412
25,98,1,4575.0,4681.0,0.97735524
25,98,2,4681.0,4681.0,1.0
25,99,0,4640.0,4718.0,0.9834676
25,99,1,4718.0,4718.0,1.0
25,99,2,4681.0,4718.0,0.9921577
25,100,0,4640.0,4750.0,0.9768421
25,100,1,4750.0,4750.0,1.0
25,100,2,4681.0,4750.0,0.9854737
25,101,0,4640.0,4787.0,0.9692918
25,101,1,4787.0,4787.0,1.0
25,101,2,4681.0,4787.0,0.9778567
25,102,0,4640.0,4853.0,0.95610964
25,102,1,4787.0,4853.0,0.9864002
25,102,2,4853.0,4853.0,1.0
25,103,0,4640.0,4913.0,0.94443315
25,103,1,4787.0,4913.0,0.97435373
25,103,2,4913.0,4913.0,1.0
25,104,0,4640.0,4949.0,0.9375631
25,104,1,4949.0,4949.0,1.0
25,104,2,4913.0,4949.0,0.9927258
25,105,0,4640.0,4989.0,0.9300461
25,105,1,4949.0,4989.0,0.99198234
25,105,2,4989.0,4989.0,1.0
25,106,0,4640.0,5040.0,0.9206349
25,106,1,4949.0,5040.0,0.98194444
25,106,2,5040.0,5040.0,1.0
25,107,0,4640.0,5095.0,0.91069674
25,107,1,4949.0,5095.0,0.9713445
25,107,2,5095.0,5095.0,1.0
25,108,0,4640.0,5133.0,0.9039548
25,108,1,4949.0,5133.0,0.9641535
25,108,2,5133.0,5133.0,1.0
25,109,0,4640.0,5171.0,0.8973119
25,109,1,5171.0,5171.0,1.0
25,109,2,5133.0,5171.0,0.99265134
25,110,0,4640.0,5214.0,0.8899118
25,110,1,5214.0,5214.0,1.0
25,110,2,5133.0,5214.0,0.9844649
25,111,0,4640.0,5251.0,0.8836412
25,111,1,5251.0,5251.0,1.0
25,111,2,5133.0,5251.0,0.9775281
25,112,0,4640.0,5297.0,0.8759675
25,112,1,5297.0,5297.0,1.0
25,112,2,5133.0,5297.0,0.9690391
25,113,0,4640.0,5339.0,0.8690766
25,113,1,5297.0,5339.0,0.9921334
25,113,2,5339.0,5339.0,1.0
25,114,0,4640.0,5395.0,0.8600556
25,114,1,5297.0,5395.0,0.981835
25,114,2,5395.0,5395.0,1.0
25,115,0,4640.0,5438.0,0.85325485
25,115,1,5438.0,5438.0,1.0
25,115,2,5395.0,5438.0,0.99209267
25,116,0,4640.0,5479.0,0.8468699
25,116,1,5479.0,5479.0,1.0
25,116,2,5395.0,5479.0,0.98466873
25,117,0,4640.0,5511.0,0.84195244
25,117,1,5511.0,5511.0,1.0
25,117,2,5395.0,5511.0,0.9789512
25,118,0,4640.0,5548.0,0.83633745
25,118,1,5511.0,5548.0,0.99333096
25,118,2,5548.0,5548.0,1.0
25,119,0,4640.0,5594.0,0.82946014
25,119,1,5594.0,5594.0,1.0
25,119,2,5548.0,5594.0,0.9917769
25,120,0,4640.0,5639.0,0.8228409
25,120,1,5639.0,5639.0,1.0
25,120,2,5548.0,5639.0,0.9838624
25,121,0,4640.0,5693.0,0.815036
25,121,1,5639.0,5693.0,0.9905147
25,121,2,5693.0,5693.0,1.0
25,122,0,4640.0,5741.0,0.8082216
25,122,1,5741.0,5741.0,1.0
25,122,2,5693.0,5741.0,0.9916391
25,123,0,4640.0,5778.0,0.80304605
25,123,1,5778.0,5778.0,1.0
25,123,2,5693.0,5778.0,0.98528904
25,124,0,4640.0,5816.0,0.79779917
25,124,1,5816.0,5816.0,1.0
25,124,2,5693.0,5816.0,0.97885144
25,125,0,4640.0,5864.0,0.79126877
25,125,1,5864.0,5864.0,1.0
25,125,2,5693.0,5864.0,0.970839
25,126,0,4640.0,5906.0,0.78564173
25,126,1,5906.0,5906.0,1.0
25,126,2,5693.0,5906.0,0.96393496
25,127,0,4640.0,5941.0,0.7810133
25,127,1,5941.0,5941.0,1.0
25,127,2,5693.0,5941.0,0.9582562
25,128,0,4640.0,5974.0,0.776699
25,128,1,5974.0,5974.0,1.0
25,128,2,5693.0,5974.0,0.9529628
25,129,0,4640.0,6016.0,0.7712766
25,129,1,6016.0,6016.0,1.0
25,129,2,5693.0,6016.0,0.94630986
25,130,0,4640.0,6065.0,0.76504534
25,130,1,6065.0,6065.0,1.0
25,130,2,5693.0,6065.0,0.9386645
25,131,0,4640.0,6110.0,0.7594108
25,131,1,6110.0,6110.0,1.0
25,131,2,5693.0,6110.0,0.93175125
25,132,0,4640.0,6163.0,0.7528801
25,132,1,6110.0,6163.0,0.9914003
25,132,2,6163.0,6163.0,1.0
25,133,0,4640.0,6236.0,0.7440667
25,133,1,6110.0,6236.0,0.97979474
25,133,2,6236.0,6236.0,1.0
25,134,0,4640.0,6292.0,0.7374444
25,134,1,6110.0,6292.0,0.9710744
25,134,2,6292.0,6292.0,1.0
26,1,0,32.0,32.0,1.0
26,1,1,0.0,32.0,0.0
26,1,2,0.0,32.0,0.0
26,2,0,90.0,90.0,1.0
26,2,1,0.0,90.0,0.0
26,2,2,0.0,90.0,0.0
26,3,0,166.0,166.0,1.0
26,3,1,0.0,166.0,0.0
26,3,2,0.0,166.0,0.0
26,4,0,213.0,213.0,1.0
26,4,1,0.0,213.0,0.0
26,4,2,0.0,213.0,0.0
26,5,0,288.0,288.0,1.0
26,5,1,0.0,288.0,0.0
26,5,2,0.0,288.0,0.0
26,6,0,369.0,369.0,1.0
26,6,1,0.0,369.0,0.0
26,6,2,0.0,369.0,0.0
26,7,0,432.0,432.0,1.0
26,7,1,0.0,432.0,0.0
26,7,2,0.0,432.0,0.0
26,8,0,432.0,448.0,0.96428573
26,8,1,448.0,448.0,1.0
26,8,2,0.0,448.0,0.0
26,9,0,528.0,528.0,1.0
26,9,1,448.0,528.0,0.8484849
26,9,2,0.0,528.0,0.0
26,10,0,528.0,573.0,0.921466
26,10,1,573.0,573.0,1.0
26,10,2,0.0,573.0,0.0
26,11,0,528.0,608.0,0.8684211
26,11,1,608.0,608.0,1.0
26,11,2,0.0,608.0,0.0
26,12,0,649.0,649.0,1.0
26,12,1,608.0,649.0,0.9368259
26,12,2,0.0,649.0,0.0
26,13,0,649.0,679.0,0.9558174
26,13,1,679.0,679.0,1.0
26,13,2,0.0,679.0,0.0
26,14,0,723.0,723.0,1.0
26,14,1,679.0,723.0,0.93914247
26,14,2,0.0,723.0,0.0
26,15,0,799.0,799.0,1.0
26,15,1,679.0,799.0,0.84981227
26,15,2,0.0,799.0,0.0
26,16,0,858.0,858.0,1.0
26,16,1,679.0,858.0,0.7913753
26,16,2,0.0,858.0,0.0
26,17,0,858.0,886.0,0.9683973
26,17,1,679.0,886.0,0.7663657
26,17,2,886.0,886.0,1.0
26,18,0,858.0,926.0,0.9265659
26,18,1,679.0,926.0,0.73326135
26,18,2,926.0,926.0,1.0
26,19,0,858.0,959.0,0.894682
26,19,1,959.0,959.0,1.0
26,19,2,926.0,959.0,0.96558917
26,20,0,858.0,1000.0,0.858
26,20,1,1000.0,1000.0,1.0
26,20,2,926.0,1000.0,0.926
26,21,0,858.0,1054.0,0.81404173
26,21,1,1000.0,1054.0,0.9487666
26,21,2,1054.0,1054.0,1.0
26,22,0,1110.0,1110.0,1.0
26,22,1,1000.0,1110.0,0.9009009
26,22,2,1054.0,1110.0,0.94954956
26,23,0,1110.0,1154.0,0.96187174
26,23,1,1154.0,1154.0,1.0
26,23,2,1054.0,1154.0,0.91334486
26,24,0,1110.0,1194.0,0.9296482
26,24,1,1194.0,1194.0,1.0
26,24,2,1054.0,1194.0,0.88274705
26,25,0,1110.0,1229.0,0.9031733
26,25,1,1229.0,1229.0,1.0
26,25,2,1054.0,1229.0,0.8576078
26,26,0,1110.0,1265.0,0.8774704
26,26,1,1229.0,1265.0,0.9715415
26,26,2,1265.0,1265.0,1.0
26,27,0,1110.0,1308.0,0.8486239
26,27,1,1308.0,1308.0,1.0
26,27,2,1265.0,1308.0,0.96712536
26,28,0,1110.0,1350.0,0.82222223
26,28,1,1350.0,1350.0,1.0
26,28,2,1265.0,1350.0,0.93703705
26,29,0,1110.0,1387.0,0.8002884
26,29,1,1350.0,1387.0,0.9733237
26,29,2,1387.0,1387.0,1.0
26,30,0,1110.0,1431.0,0.7756813
26,30,1,1350.0,1431.0,0.9433962
26,30,2,1431.0,1431.0,1.0
26,31,0,1110.0,1474.0,0.7530529
26,31,1,1474.0,1474.0,1.0
26,31,2,1431.0,1474.0,0.9708277
26,32,0,1110.0,1519.0,0.7307439
26,32,1,1519.0,1519.0,1.0
26,32,2,1431.0,1519.0,0.94206715
26,33,0,1110.0,1569.0,0.707457
26,33,1,1569.0,1569.0,1.0
26,33,2,1431.0,1569.0,0.9120459
26,34,0,1110.0,1605.0,0.69158876
26,34,1,1605.0,1605.0,1.0
26,34,2,1431.0,1605.0,0.8915888
26,35,0,1676.0,1676.0,1.0
26,35,1,1605.0,1676.0,0.95763725
26,35,2,1431.0,1676.0,0.8538186
26,36,0,1742.0,1742.0,1.0
26,36,1,1605.0,1742.0,0.9213548
26,36,2,1431.0,1742.0,0.8214696
26,37,0,1820.0,1820.0,1.0
26,37,1,1605.0,1820.0,0.8818681
26,37,2,1431.0,1820.0,0.78626376
26,38,0,1820.0,1848.0,0.9848485
26,38,1,1848.0,1848.0,1.0
26,38,2,1431.0,1848.0,0.77435064
26,39,0,1820.0,1883.0,0.9665428
26,39,1,1883.0,1883.0,1.0
26,39,2,1431.0,1883.0,0.7599575
26,40,0,1820.0,1925.0,0.94545454
26,40,1,1925.0,1925.0,1.0
26,40,2,1431.0,1925.0,0.7433766
26,41,0,1820.0,1963.0,0.92715234
26,41,1,1963.0,1963.0,1.0
26,41,2,1431.0,1963.0,0.72898626
26,42,0,1820.0,2031.0,0.8961103
26,42,1,1963.0,2031.0,0.96651894
26,42,2,2031.0,2031.0,1.0
26,43,0,1820.0,2081.0,0.87457955
26,43,1,1963.0,2081.0,0.9432965
26,43,2,2081.0,2081.0,1.0
26,44,0,1820.0,2123.0,0.85727745
26,44,1,1963.0,2123.0,0.92463493
26,44,2,2123.0,2123.0,1.0
26,45,0,1820.0,2154.0,0.84493965
26,45,1,2154.0,2154.0,1.0
26,45,2,2123.0,2154.0,0.98560816
26,46,0,1820.0,2203.0,0.8261462
26,46,1,2203.0,2203.0,1.0
26,46,2,2123.0,2203.0,0.96368587
26,47,0,1820.0,2242.0,0.8117752
26,47,1,2203.0,2242.0,0.9826048
26,47,2,2242.0,2242.0,1.0
26,48,0,2316.0,2316.0,1.0
26,48,1,2203.0,2316.0,0.951209
26,48,2,2242.0,2316.0,0.96804833
26,49,0,2316.0,2349.0,0.9859515
26,49,1,2349.0,2349.0,1.0
26,49,2,2242.0,2349.0,0.9544487
26,50,0,2316.0,2419.0,0.9574204
26,50,1,2349.0,2419.0,0.9710624
26,50,2,2419.0,2419.0,1.0
26,51,0,2499.0,2499.0,1.0
26,51,1,2349.0,2499.0,0.939976
26,51,2,2419.0,2499.0,0.9679872
26,52,0,2499.0,2549.0,0.98038447
26,52,1,2549.0,2549.0,1.0
26,52,2,2419.0,2549.0,0.9489996
26,53,0,2499.0,2588.0,0.9656105
26,53,1,2588.0,2588.0,1.0
26,53,2,2419.0,2588.0,0.9346986
26,54,0,2499.0,2657.0,0.9405344
26,54,1,2588.0,2657.0,0.97403085
26,54,2,2657.0,2657.0,1.0
26,55,0,2499.0,2721.0,0.9184123
26,55,1,2588.0,2721.0,0.9511209
26,55,2,2721.0,2721.0,1.0
26,56,0,2771.0,2771.0,1.0
26,56,1,2588.0,2771.0,0.9339589
26,56,2,2721.0,2771.0,0.98195595
26,57,0,2771.0,2806.0,0.9875267
26,57,1,2806.0,2806.0,1.0
26,57,2,2721.0,2806.0,0.9697078
26,58,0,2771.0,2879.0,0.962487
26,58,1,2806.0,2879.0,0.97464395
26,58,2,2879.0,2879.0,1.0
26,59,0,2771.0,2919.0,0.9492977
26,59,1,2919.0,2919.0,1.0
26,59,2,2879.0,2919.0,0.98629665
26,60,0,2771.0,2952.0,0.93868566
26,60,1,2952.0,2952.0,1.0
26,60,2,2879.0,2952.0,0.975271
26,61,0,2771.0,2990.0,0.92675585
26,61,1,2990.0,2990.0,1.0
26,61,2,2879.0,2990.0,0.96287626
26,62,0,2771.0,3031.0,0.91421974
26,62,1,3031.0,3031.0,1.0
26,62,2,2879.0,3031.0,0.9498515
26,63,0,2771.0,3076.0,0.9008452
26,63,1,3031.0,3076.0,0.98537064
26,63,2,3076.0,3076.0,1.0
26,64,0,2771.0,3116.0,0.88928115
26,64,1,3116.0,3116.0,1.0
26,64,2,3076.0,3116.0,0.987163
26,65,0,2771.0,3150.0,0.87968254
26,65,1,3116.0,3150.0,0.9892064
26,65,2,3150.0,3150.0,1.0
26,66,0,2771.0,3192.0,0.8681078
26,66,1,3192.0,3192.0,1.0
26,66,2,3150.0,3192.0,0.9868421
26,67,0,2771.0,3235.0,0.85656875
26,67,1,3235.0,3235.0,1.0
26,67,2,3150.0,3235.0,0.9737249
26,68,0,2771.0,3266.0,0.84843844
26,68,1,3266.0,3266.0,1.0
26,68,2,3150.0,3266.0,0.96448255
26,69,0,2771.0,3322.0,0.83413607
26,69,1,3266.0,3322.0,0.9831427
26,69,2,3322.0,3322.0,1.0
26,70,0,2771.0,3354.0,0.8261777
26,70,1,3354.0,3354.0,1.0
26,70,2,3322.0,3354.0,0.99045914
26,71,0,2771.0,3394.0,0.81644076
26,71,1,3394.0,3394.0,1.0
26,71,2,3322.0,3394.0,0.9787861
26,72,0,2771.0,3458.0,0.80133027
26,72,1,3394.0,3458.0,0.9814922
26,72,2,3458.0,3458.0,1.0
26,73,0,2771.0,3496.0,0.7926201
26,73,1,3496.0,3496.0,1.0
26,73,2,3458.0,3496.0,0.98913044
26,74,0,2771.0,3546.0,0.7814439
26,74,1,3546.0,3546.0,1.0
26,74,2,3458.0,3546.0,0.9751833
26,75,0,2771.0,3579.0,0.7742386
26,75,1,3579.0,3579.0,1.0
26,75,2,3458.0,3579.0,0.96619165
26,76,0,2771.0,3636.0,0.76210123
26,76,1,3579.0,3636.0,0.98432344
26,76,2,3636.0,3636.0,1.0
26,77,0,2771.0,3679.0,0.7531938
26,77,1,3679.0,3679.0,1.0
26,77,2,3636.0,3679.0,0.98831207
26,78,0,2771.0,3711.0,0.746699
26,78,1,3711.0,3711.0,1.0
26,78,2,3636.0,3711.0,0.9797898
26,79,0,2771.0,3754.0,0.738146
26,79,1,3754.0,3754.0,1.0
26,79,2,3636.0,3754.0,0.96856683
26,80,0,2771.0,3809.0,0.7274875
26,80,1,3754.0,3809.0,0.98556054
26,80,2,3809.0,3809.0,1.0
26,81,0,2771.0,3843.0,0.7210513
26,81,1,3843.0,3843.0,1.0
26,81,2,3809.0,3843.0,0.99115276
26,82,0,2771.0,3880.0,0.7141753
26,82,1,3880.0,3880.0,1.0
26,82,2,3809.0,3880.0,0.981701
26,83,0,2771.0,3926.0,0.70580745
26,83,1,3926.0,3926.0,1.0
26,83,2,3809.0,3926.0,0.9701987
26,84,0,2771.0,3975.0,0.6971069
26,84,1,3926.0,3975.0,0.987673
26,84,2,3975.0,3975.0,1.0
26,85,0,2771.0,4041.0,0.68572134
26,85,1,3926.0,4041.0,0.9715417
26,85,2,4041.0,4041.0,1.0
26,86,0,2771.0,4082.0,0.6788339
26,86,1,3926.0,4082.0,0.96178347
26,86,2,4082.0,4082.0,1.0
26,87,0,2771.0,4122.0,0.67224646
26,87,1,3926.0,4122.0,0.9524503
26,87,2,4122.0,4122.0,1.0
26,88,0,2771.0,4160.0,0.66610575
26,88,1,3926.0,4160.0,0.94375
26,88,2,4160.0,4160.0,1.0
26,89,0,2771.0,4215.0,0.657414
26,89,1,3926.0,4215.0,0.93143535
26,89,2,4215.0,4215.0,1.0
26,90,0,2771.0,4249.0,0.65215343
26,90,1,4249.0,4249.0,1.0
26,90,2,4215.0,4249.0,0.99199814
26,91,0,2771.0,4299.0,0.6445685
26,91,1,4299.0,4299.0,1.0
26,91,2,4215.0,4299.0,0.9804606
26,92,0,2771.0,4341.0,0.6383322
26,92,1,4299.0,4341.0,0.9903248
26,92,2,4341.0,4341.0,1.0
26,93,0,2771.0,4379.0,0.6327929
26,93,1,4379.0,4379.0,1.0
26,93,2,4341.0,4379.0,0.9913222
26,94,0,2771.0,4452.0,0.6224169
26,94,1,4379.0,4452.0,0.9836029
26,94,2,4452.0,4452.0,1.0
26,95,0,2771.0,4513.0,0.614004
26,95,1,4379.0,4513.0,0.970308
26,95,2,4513.0,4513.0,1.0
26,96,0,2771.0,4578.0,0.6052861
26,96,1,4379.0,4578.0,0.9565312
26,96,2,4578.0,4578.0,1.0
26,97,0,2771.0,4608.0,0.6013455
26,97,1,4608.0,4608.0,1.0
26,97,2,4578.0,4608.0,0.99348956
26,98,0,2771.0,4658.0,0.59489053
26,98,1,4658.0,4658.0,1.0
26,98,2,4578.0,4658.0,0.9828252
26,99,0,2771.0,4703.0,0.5891984
26,99,1,4703.0,4703.0,1.0
26,99,2,4578.0,4703.0,0.9734212
26,100,0,2771.0,4739.0,0.5847225
26,100,1,4739.0,4739.0,1.0
26,100,2,4578.0,4739.0,0.9660266
26,101,0,2771.0,4792.0,0.5782554
26,101,1,4739.0,4792.0,0.9889399
26,101,2,4792.0,4792.0,1.0
26,102,0,2771.0,4865.0,0.56957865
26,102,1,4739.0,4865.0,0.9741007
26,102,2,4865.0,4865.0,1.0
26,103,0,2771.0,4933.0,0.56172717
26,103,1,4739.0,4933.0,0.96067303
26,103,2,4933.0,4933.0,1.0
26,104,0,2771.0,5007.0,0.5534252
26,104,1,4739.0,5007.0,0.9464749
26,104,2,5007.0,5007.0,1.0
26,105,0,2771.0,5063.0,0.547304
26,105,1,4739.0,5063.0,0.9360063
26,105,2,5063.0,5063.0,1.0
26,106,0,2771.0,5100.0,0.54333335
26,106,1,5100.0,5100.0,1.0
26,106,2,5063.0,5100.0,0.9927451
26,107,0,2771.0,5140.0,0.53910506
26,107,1,5100.0,5140.0,0.9922179
26,107,2,5140.0,5140.0,1.0
26,108,0,2771.0,5185.0,0.5344262
26,108,1,5185.0,5185.0,1.0
26,108,2,5140.0,5185.0,0.99132115
26,109,0,2771.0,5227.0,0.530132
26,109,1,5227.0,5227.0,1.0
26,109,2,5140.0,5227.0,0.98335564
26,110,0,2771.0,5271.0,0.5257067
26,110,1,5271.0,5271.0,1.0
26,110,2,5140.0,5271.0,0.975147
26,111,0,2771.0,5308.0,0.5220422
26,111,1,5271.0,5308.0,0.9930294
26,111,2,5308.0,5308.0,1.0
26,112,0,2771.0,5349.0,0.5180408
26,112,1,5349.0,5349.0,1.0
26,112,2,5308.0,5349.0,0.992335
26,113,0,2771.0,5390.0,0.5141002
26,113,1,5349.0,5390.0,0.9923933
26,113,2,5390.0,5390.0,1.0
26,114,0,2771.0,5420.0,0.5112546
26,114,1,5420.0,5420.0,1.0
26,114,2,5390.0,5420.0,0.99446493
26,115,0,2771.0,5471.0,0.50648874
26,115,1,5420.0,5471.0,0.99067813
26,115,2,5471.0,5471.0,1.0
26,116,0,2771.0,5531.0,0.5009944
26,116,1,5420.0,5531.0,0.9799313
26,116,2,5531.0,5531.0,1.0
26,117,0,2771.0,5585.0,0.4961504
26,117,1,5420.0,5585.0,0.9704566
26,117,2,5585.0,5585.0,1.0
26,118,0,2771.0,5623.0,0.49279743
26,118,1,5623.0,5623.0,1.0
26,118,2,5585.0,5623.0,0.993242
26,119,0,2771.0,5660.0,0.48957598
26,119,1,5660.0,5660.0,1.0
26,119,2,5585.0,5660.0,0.9867491
26,120,0,2771.0,5702.0,0.48596984
26,120,1,5702.0,5702.0,1.0
26,120,2,5585.0,5702.0,0.97948086
26,121,0,5757.0,5757.0,1.0
26,121,1,5702.0,5757.0,0.9904464
26,121,2,5585.0,5757.0,0.97012335
26,122,0,5757.0,5789.0,0.99447227
26,122,1,5789.0,5789.0,1.0
26,122,2,5585.0,5789.0,0.9647608
26,123,0,5757.0,5831.0,0.9873092
26,123,1,5831.0,5831.0,1.0
26,123,2,5585.0,5831.0,0.9578117
26,124,0,5757.0,5877.0,0.9795814
26,124,1,5877.0,5877.0,1.0
26,124,2,5585.0,5877.0,0.95031476
26,125,0,5757.0,5926.0,0.9714816
26,125,1,5926.0,5926.0,1.0
26,125,2,5585.0,5926.0,0.94245696
26,126,0,5757.0,5974.0,0.9636759
26,126,1,5974.0,5974.0,1.0
26,126,2,5585.0,5974.0,0.9348845
26,127,0,5757.0,6024.0,0.9556773
26,127,1,6024.0,6024.0,1.0
26,127,2,5585.0,6024.0,0.92712486
26,128,0,5757.0,6072.0,0.9481225
26,128,1,6072.0,6072.0,1.0
26,128,2,5585.0,6072.0,0.9197958
26,129,0,5757.0,6114.0,0.94160944
26,129,1,6114.0,6114.0,1.0
26,129,2,5585.0,6114.0,0.91347724
26,130,0,5757.0,6151.0,0.9359454
26,130,1,6114.0,6151.0,0.9939847
26,130,2,6151.0,6151.0,1.0
26,131,0,5757.0,6184.0,0.9309508
26,131,1,6184.0,6184.0,1.0
26,131,2,6151.0,6184.0,0.99466366
26,132,0,5757.0,6221.0,0.9254139
26,132,1,6221.0,6221.0,1.0
26,132,2,6151.0,6221.0,0.9887478
26,133,0,5757.0,6257.0,0.9200895
26,133,1,6257.0,6257.0,1.0
26,133,2,6151.0,6257.0,0.983059
26,134,0,5757.0,6302.0,0.9135195
26,134,1,6302.0,6302.0,1.0
26,134,2,6151.0,6302.0,0.97603935
27,1,0,34.0,34.0,1.0
27,1,1,0.0,34.0,0.0
27,1,2,0.0,34.0,0.0
27,2,0,99.0,99.0,1.0
27,2,1,0.0,99.0,0.0
27,2,2,0.0,99.0,0.0
27,3,0,159.0,159.0,1.0
27,3,1,0.0,159.0,0.0
27,3,2,0.0,159.0,0.0
27,4,0,215.0,215.0,1.0
27,4,1,0.0,215.0,0.0
27,4,2,0.0,215.0,0.0
27,5,0,296.0,296.0,1.0
27,5,1,0.0,296.0,0.0
27,5,2,0.0,296.0,0.0
27,6,0,296.0,306.0,0.96732026
27,6,1,306.0,306.0,1.0
27,6,2,0.0,306.0,0.0
27,7,0,364.0,364.0,1.0
27,7,1,306.0,364.0,0.8406593
27,7,2,0.0,364.0,0.0
27,8,0,408.0,408.0,1.0
27,8,1,306.0,408.0,0.75
27,8,2,0.0,408.0,0.0
27,9,0,408.0,439.0,0.92938495
27,9,1,439.0,439.0,1.0
27,9,2,0.0,439.0,0.0
27,10,0,494.0,494.0,1.0
27,10,1,439.0,494.0,0.88866395
27,10,2,0.0,494.0,0.0
27,11,0,553.0,553.0,1.0
27,11,1,439.0,553.0,0.79385173
27,11,2,0.0,553.0,0.0
27,12,0,625.0,625.0,1.0
27,12,1,439.0,625.0,0.7024
27,12,2,0.0,625.0,0.0
27,13,0,701.0,701.0,1.0
27,13,1,439.0,701.0,0.62624824
27,13,2,0.0,701.0,0.0
27,14,0,701.0,736.0,0.9524456
27,14,1,736.0,736.0,1.0
27,14,2,0.0,736.0,0.0
27,15,0,814.0,814.0,1.0
27,15,1,736.0,814.0,0.9041769
27,15,2,0.0,814.0,0.0
27,16,0,814.0,842.0,0.96674585
27,16,1,736.0,842.0,0.87410927
27,16,2,842.0,842.0,1.0
27,17,0,904.0,904.0,1.0
27,17,1,736.0,904.0,0.8141593
27,17,2,842.0,904.0,0.9314159
27,18,0,975.0,975.0,1.0
27,18,1,736.0,975.0,0.7548718
27,18,2,842.0,975.0,0.86358976
27,19,0,975.0,1010.0,0.9653465
27,19,1,1010.0,1010.0,1.0
27,19,2,842.0,1010.0,0.83366334
27,20,0,975.0,1050.0,0.9285714
27,20,1,1050.0,1050.0,1.0
27,20,2,842.0,1050.0,0.80190474
27,21,0,975.0,1094.0,0.89122486
27,21,1,1050.0,1094.0,0.95978063
27,21,2,1094.0,1094.0,1.0
27,22,0,975.0,1164.0,0.83762884
27,22,1,1050.0,1164.0,0.9020619
27,22,2,1164.0,1164.0,1.0
27,23,0,975.0,1192.0,0.817953
27,23,1,1192.0,1192.0,1.0
27,23,2,1164.0,1192.0,0.97651005
27,24,0,975.0,1233.0,0.79075426
27,24,1,1233.0,1233.0,1.0
27,24,2,1164.0,1233.0,0.9440389
27,25,0,975.0,1276.0,0.7641066
27,25,1,1276.0,1276.0,1.0
27,25,2,1164.0,1276.0,0.9122257
27,26,0,975.0,1313.0,0.7425743
27,26,1,1276.0,1313.0,0.97182024
27,26,2,1313.0,1313.0,1.0
27,27,0,975.0,1353.0,0.7206209
27,27,1,1276.0,1353.0,0.9430894
27,27,2,1353.0,1353.0,1.0
27,28,0,1418.0,1418.0,1.0
27,28,1,1276.0,1418.0,0.89985895
27,28,2,1353.0,1418.0,0.9541608
27,29,0,1418.0,1486.0,0.95423955
27,29,1,1276.0,1486.0,0.858681
27,29,2,1486.0,1486.0,1.0
27,30,0,1418.0,1521.0,0.9322814
27,30,1,1521.0,1521.0,1.0
27,30,2,1486.0,1521.0,0.97698885
27,31,0,1418.0,1559.0,0.9095574
27,31,1,1559.0,1559.0,1.0
27,31,2,1486.0,1559.0,0.9531751
27,32,0,1625.0,1625.0,1.0
27,32,1,1559.0,1625.0,0.9593846
27,32,2,1486.0,1625.0,0.91446155
27,33,0,1625.0,1674.0,0.9707288
27,33,1,1559.0,1674.0,0.93130225
27,33,2,1674.0,1674.0,1.0
27,34,0,1625.0,1714.0,0.9480747
27,34,1,1714.0,1714.0,1.0
27,34,2,1674.0,1714.0,0.97666276
27,35,0,1625.0,1758.0,0.92434585
27,35,1,1758.0,1758.0,1.0
27,35,2,1674.0,1758.0,0.9522184
27,36,0,1625.0,1808.0,0.8987832
27,36,1,1808.0,1808.0,1.0
27,36,2,1674.0,1808.0,0.92588496
27,37,0,1625.0,1857.0,0.8750673
27,37,1,1857.0,1857.0,1.0
27,37,2,1674.0,1857.0,0.901454
27,38,0,1625.0,1900.0,0.8552632
27,38,1,1900.0,1900.0,1.0
27,38,2,1674.0,1900.0,0.8810526
27,39,0,1625.0,1942.0,0.83676624
27,39,1,1942.0,1942.0,1.0
27,39,2,1674.0,1942.0,0.86199796
27,40,0,1625.0,1983.0,0.81946546
27,40,1,1942.0,1983.0,0.9793243
27,40,2,1983.0,1983.0,1.0
27,41,0,1625.0,2016.0,0.8060516
27,41,1,2016.0,2016.0,1.0
27,41,2,1983.0,2016.0,0.98363096
27,42,0,1625.0,2066.0,0.786544
27,42,1,2066.0,2066.0,1.0
27,42,2,1983.0,2066.0,0.95982575
27,43,0,1625.0,2105.0,0.7719715
27,43,1,2105.0,2105.0,1.0
27,43,2,1983.0,2105.0,0.94204277
27,44,0,1625.0,2140.0,0.75934577
27,44,1,2140.0,2140.0,1.0
27,44,2,1983.0,2140.0,0.9266355
27,45,0,1625.0,2182.0,0.7447296
27,45,1,2182.0,2182.0,1.0
27,45,2,1983.0,2182.0,0.9087993
27,46,0,1625.0,2218.0,0.732642
27,46,1,2182.0,2218.0,0.9837692
27,46,2,2218.0,2218.0,1.0
27,47,0,1625.0,2291.0,0.70929724
27,47,1,2182.0,2291.0,0.9524225
27,47,2,2291.0,2291.0,1.0
27,48,0,1625.0,2324.0,0.6992255
27,48,1,2324.0,2324.0,1.0
27,48,2,2291.0,2324.0,0.9858003
27,49,0,1625.0,2355.0,0.6900212
27,49,1,2355.0,2355.0,1.0
27,49,2,2291.0,2355.0,0.9728238
27,50,0,1625.0,2420.0,0.6714876
27,50,1,2355.0,2420.0,0.9731405
27,50,2,2420.0,2420.0,1.0
27,51,0,1625.0,2488.0,0.65313506
27,51,1,2355.0,2488.0,0.9465434
27,51,2,2488.0,2488.0,1.0
27,52,0,1625.0,2545.0,0.6385069
27,52,1,2355.0,2545.0,0.9253438
27,52,2,2545.0,2545.0,1.0
27,53,0,1625.0,2580.0,0.62984496
27,53,1,2580.0,2580.0,1.0
27,53,2,2545.0,2580.0,0.9864341
27,54,0,1625.0,2621.0,0.6199924
27,54,1,2621.0,2621.0,1.0
27,54,2,2545.0,2621.0,0.9710034
27,55,0,1625.0,2660.0,0.61090225
27,55,1,2621.0,2660.0,0.98533833
27,55,2,2660.0,2660.0,1.0
27,56,0,1625.0,2705.0,0.60073936
27,56,1,2705.0,2705.0,1.0
27,56,2,2660.0,2705.0,0.98336416
27,57,0,2753.0,2753.0,1.0
27,57,1,2705.0,2753.0,0.98256445
27,57,2,2660.0,2753.0,0.96621865
27,58,0,2753.0,2792.0,0.98603153
27,58,1,2705.0,2792.0,0.9688395
27,58,2,2792.0,2792.0,1.0
27,59,0,2853.0,2853.0,1.0
27,59,1,2705.0,2853.0,0.94812477
27,59,2,2792.0,2853.0,0.978619
27,60,0,2918.0,2918.0,1.0
27,60,1,2705.0,2918.0,0.9270048
27,60,2,2792.0,2918.0,0.9568197
27,61,0,2918.0,2974.0,0.9811701
27,61,1,2705.0,2974.0,0.9095494
27,61,2,2974.0,2974.0,1.0
27,62,0,2918.0,3017.0,0.967186
27,62,1,3017.0,3017.0,1.0
27,62,2,2974.0,3017.0,0.98574746
27,63,0,2918.0,3050.0,0.9567213
27,63,1,3050.0,3050.0,1.0
27,63,2,2974.0,3050.0,0.975082
27,64,0,2918.0,3119.0,0.9355563
27,64,1,3050.0,3119.0,0.9778775
27,64,2,3119.0,3119.0,1.0
27,65,0,2918.0,3156.0,0.9245881
27,65,1,3156.0,3156.0,1.0
27,65,2,3119.0,3156.0,0.9882763
27,66,0,2918.0,3199.0,0.91216004
27,66,1,3199.0,3199.0,1.0
27,66,2,3119.0,3199.0,0.97499216
27,67,0,2918.0,3232.0,0.9028465
27,67,1,3232.0,3232.0,1.0
27,67,2,3119.0,3232.0,0.9650371
27,68,0,2918.0,3296.0,0.88531554
27,68,1,3232.0,3296.0,0.98058254
27,68,2,3296.0,3296.0,1.0
27,69,0,2918.0,3346.0,0.87208605
27,69,1,3232.0,3346.0,0.96592945
27,69,2,3346.0,3346.0,1.0
27,70,0,2918.0,3388.0,0.8612751
27,70,1,3232.0,3388.0,0.9539551
27,70,2,3388.0,3388.0,1.0
27,71,0,2918.0,3428.0,0.8512252
27,71,1,3428.0,3428.0,1.0
27,71,2,3388.0,3428.0,0.9883314
27,72,0,2918.0,3481.0,0.8382649
27,72,1,3428.0,3481.0,0.9847745
27,72,2,3481.0,3481.0,1.0
27,73,0,2918.0,3522.0,0.8285065
27,73,1,3522.0,3522.0,1.0
27,73,2,3481.0,3522.0,0.9883589
27,74,0,2918.0,3595.0,0.8116829
27,74,1,3522.0,3595.0,0.979694
27,74,2,3595.0,3595.0,1.0
27,75,0,2918.0,3635.0,0.802751
27,75,1,3522.0,3635.0,0.9689133
27,75,2,3635.0,3635.0,1.0
27,76,0,2918.0,3685.0,0.7918589
27,76,1,3685.0,3685.0,1.0
27,76,2,3635.0,3685.0,0.9864315
27,77,0,3756.0,3756.0,1.0
27,77,1,3685.0,3756.0,0.9810969
27,77,2,3635.0,3756.0,0.9677849
27,78,0,3756.0,3793.0,0.99024516
27,78,1,3685.0,3793.0,0.9715265
27,78,2,3793.0,3793.0,1.0
27,79,0,3756.0,3835.0,0.9794003
27,79,1,3835.0,3835.0,1.0
27,79,2,3793.0,3835.0,0.98904824
27,80,0,3756.0,3880.0,0.96804124
27,80,1,3880.0,3880.0,1.0
27,80,2,3793.0,3880.0,0.9775773
27,81,0,3756.0,3934.0,0.95475346
27,81,1,3880.0,3934.0,0.9862735
27,81,2,3934.0,3934.0,1.0
27,82,0,3756.0,4008.0,0.93712574
27,82,1,3880.0,4008.0,0.9680639
27,82,2,4008.0,4008.0,1.0
27,83,0,3756.0,4053.0,0.926721
27,83,1,3880.0,4053.0,0.95731556
27,83,2,4053.0,4053.0,1.0
27,84,0,3756.0,4096.0,0.9169922
27,84,1,4096.0,4096.0,1.0
27,84,2,4053.0,4096.0,0.98950195
27,85,0,3756.0,4169.0,0.9009355
27,85,1,4096.0,4169.0,0.9824898
27,85,2,4169.0,4169.0,1.0
27,86,0,3756.0,4223.0,0.8894151
27,86,1,4096.0,4223.0,0.9699266
27,86,2,4223.0,4223.0,1.0
27,87,0,3756.0,4255.0,0.8827262
27,87,1,4255.0,4255.0,1.0
27,87,2,4223.0,4255.0,0.99247944
27,88,0,3756.0,4297.0,0.8740982
27,88,1,4297.0,4297.0,1.0
27,88,2,4223.0,4297.0,0.98277867
27,89,0,3756.0,4352.0,0.8630515
27,89,1,4297.0,4352.0,0.98736215
27,89,2,4352.0,4352.0,1.0
27,90,0,3756.0,4390.0,0.85558087
27,90,1,4390.0,4390.0,1.0
27,90,2,4352.0,4390.0,0.991344
27,91,0,3756.0,4419.0,0.84996605
27,91,1,4419.0,4419.0,1.0
27,91,2,4352.0,4419.0,0.9848382
27,92,0,3756.0,4485.0,0.8374582
27,92,1,4419.0,4485.0,0.98528427
27,92,2,4485.0,4485.0,1.0
27,93,0,3756.0,4535.0,0.8282249
27,93,1,4535.0,4535.0,1.0
27,93,2,4485.0,4535.0,0.98897463
27,94,0,3756.0,4578.0,0.8204456
27,94,1,4578.0,4578.0,1.0
27,94,2,4485.0,4578.0,0.9796854
27,95,0,3756.0,4628.0,0.8115817
27,95,1,4628.0,4628.0,1.0
27,95,2,4485.0,4628.0,0.96910113
27,96,0,3756.0,4659.0,0.8061816
27,96,1,4659.0,4659.0,1.0
27,96,2,4485.0,4659.0,0.9626529
27,97,0,3756.0,4715.0,0.7966066
27,97,1,4659.0,4715.0,0.988123
27,97,2,4715.0,4715.0,1.0
27,98,0,3756.0,4753.0,0.7902377
27,98,1,4659.0,4753.0,0.980223
27,98,2,4753.0,4753.0,1.0
27,99,0,3756.0,4795.0,0.78331596
27,99,1,4659.0,4795.0,0.9716371
27,99,2,4795.0,4795.0,1.0
27,100,0,3756.0,4835.0,0.77683556
27,100,1,4659.0,4835.0,0.9635988
27,100,2,4835.0,4835.0,1.0
27,101,0,3756.0,4890.0,0.7680982
27,101,1,4659.0,4890.0,0.95276076
27,101,2,4890.0,4890.0,1.0
27,102,0,3756.0,4920.0,0.7634146
27,102,1,4920.0,4920.0,1.0
27,102,2,4890.0,4920.0,0.99390244
27,103,0,3756.0,4981.0,0.75406545
27,103,1,4920.0,4981.0,0.98775345
27,103,2,4981.0,4981.0,1.0
27,104,0,3756.0,5014.0,0.74910253
27,104,1,5014.0,5014.0,1.0
27,104,2,4981.0,5014.0,0.99341846
27,105,0,3756.0,5040.0,0.74523807
27,105,1,5040.0,5040.0,1.0
27,105,2,4981.0,5040.0,0.98829365
27,106,0,3756.0,5072.0,0.7405363
27,106,1,5072.0,5072.0,1.0
27,106,2,4981.0,5072.0,0.98205835
27,107,0,3756.0,5106.0,0.7356052
27,107,1,5106.0,5106.0,1.0
27,107,2,4981.0,5106.0,0.975519
27,108,0,3756.0,5142.0,0.7304551
27,108,1,5142.0,5142.0,1.0
27,108,2,4981.0,5142.0,0.9686892
27,109,0,3756.0,5206.0,0.72147524
27,109,1,5142.0,5206.0,0.9877065
27,109,2,5206.0,5206.0,1.0
27,110,0,3756.0,5251.0,0.71529233
27,110,1,5251.0,5251.0,1.0
27,110,2,5206.0,5251.0,0.9914302
27,111,0,3756.0,5296.0,0.7092145
27,111,1,5296.0,5296.0,1.0
27,111,2,5206.0,5296.0,0.98300606
27,112,0,3756.0,5333.0,0.704294
27,112,1,5333.0,5333.0,1.0
27,112,2,5206.0,5333.0,0.97618604
27,113,0,3756.0,5370.0,0.6994413
27,113,1,5370.0,5370.0,1.0
27,113,2,5206.0,5370.0,0.96945995
27,114,0,3756.0,5419.0,0.6931168
27,114,1,5419.0,5419.0,1.0
27,114,2,5206.0,5419.0,0.96069384
27,115,0,3756.0,5456.0,0.6884164
27,115,1,5419.0,5456.0,0.9932185
27,115,2,5456.0,5456.0,1.0
27,116,0,3756.0,5516.0,0.68092823
27,116,1,5419.0,5516.0,0.9824148
27,116,2,5516.0,5516.0,1.0
27,117,0,3756.0,5561.0,0.6754181
27,117,1,5561.0,5561.0,1.0
27,117,2,5516.0,5561.0,0.99190795
27,118,0,3756.0,5612.0,0.6692801
27,118,1,5561.0,5612.0,0.9909123
27,118,2,5612.0,5612.0,1.0
27,119,0,3756.0,5656.0,0.6640735
27,119,1,5656.0,5656.0,1.0
27,119,2,5612.0,5656.0,0.99222064
27,120,0,3756.0,5702.0,0.65871626
27,120,1,5702.0,5702.0,1.0
27,120,2,5612.0,5702.0,0.9842161
27,121,0,3756.0,5735.0,0.6549259
27,121,1,5735.0,5735.0,1.0
27,121,2,5612.0,5735.0,0.97855276
27,122,0,3756.0,5783.0,0.6494899
27,122,1,5783.0,5783.0,1.0
27,122,2,5612.0,5783.0,0.97043055
27,123,0,3756.0,5826.0,0.6446962
27,123,1,5826.0,5826.0,1.0
27,123,2,5612.0,5826.0,0.9632681
27,124,0,3756.0,5867.0,0.6401909
27,124,1,5826.0,5867.0,0.9930118
27,124,2,5867.0,5867.0,1.0
27,125,0,3756.0,5904.0,0.63617885
27,125,1,5904.0,5904.0,1.0
27,125,2,5867.0,5904.0,0.99373305
27,126,0,3756.0,5936.0,0.6327493
27,126,1,5936.0,5936.0,1.0
27,126,2,5867.0,5936.0,0.988376
27,127,0,3756.0,5978.0,0.62830377
27,127,1,5978.0,5978.0,1.0
27,127,2,5867.0,5978.0,0.9814319
27,128,0,3756.0,6019.0,0.6240239
27,128,1,6019.0,6019.0,1.0
27,128,2,5867.0,6019.0,0.97474664
27,129,0,3756.0,6057.0,0.62010896
27,129,1,6057.0,6057.0,1.0
27,129,2,5867.0,6057.0,0.9686313
27,130,0,3756.0,6099.0,0.61583865
27,130,1,6099.0,6099.0,1.0
27,130,2,5867.0,6099.0,0.961961
27,131,0,3756.0,6140.0,0.6117264
27,131,1,6140.0,6140.0,1.0
27,131,2,5867.0,6140.0,0.95553744
27,132,0,3756.0,6172.0,0.6085548
27,132,1,6172.0,6172.0,1.0
27,132,2,5867.0,6172.0,0.9505833
27,133,0,3756.0,6217.0,0.60414994
27,133,1,6217.0,6217.0,1.0
27,133,2,5867.0,6217.0,0.94370276
27,134,0,3756.0,6242.0,0.6017302
27,134,1,6242.0,6242.0,1.0
27,134,2,5867.0,6242.0,0.9399231
28,1,0,41.0,41.0,1.0
28,1,1,0.0,41.0,0.0
28,1,2,0.0,41.0,0.0
28,2,0,99.0,99.0,1.0
28,2,1,0.0,99.0,0.0
28,2,2,0.0,99.0,0.0
28,3,0,161.0,161.0,1.0
28,3,1,0.0,161.0,0.0
28,3,2,0.0,161.0,0.0
28,4,0,217.0,217.0,1.0
28,4,1,0.0,217.0,0.0
28,4,2,0.0,217.0,0.0
28,5,0,293.0,293.0,1.0
28,5,1,0.0,293.0,0.0
28,5,2,0.0,293.0,0.0
28,6,0,293.0,309.0,0.9482201
28,6,1,309.0,309.0,1.0
28,6,2,0.0,309.0,0.0
28,7,0,368.0,368.0,1.0
28,7,1,309.0,368.0,0.83967394
28,7,2,0.0,368.0,0.0
28,8,0,368.0,390.0,0.94358975
28,8,1,309.0,390.0,0.7923077
28,8,2,390.0,390.0,1.0
28,9,0,462.0,462.0,1.0
28,9,1,309.0,462.0,0.66883117
28,9,2,390.0,462.0,0.84415585
28,10,0,540.0,540.0,1.0
28,10,1,309.0,540.0,0.57222223
28,10,2,390.0,540.0,0.7222222
28,11,0,540.0,580.0,0.9310345
28,11,1,580.0,580.0,1.0
28,11,2,390.0,580.0,0.67241377
28,12,0,646.0,646.0,1.0
28,12,1,580.0,646.0,0.8978328
28,12,2,390.0,646.0,0.6037152
28,13,0,701.0,701.0,1.0
28,13,1,580.0,701.0,0.8273894
28,13,2,390.0,701.0,0.5563481
28,14,0,701.0,731.0,0.95896035
28,14,1,731.0,731.0,1.0
28,14,2,390.0,731.0,0.53351575
28,15,0,701.0,769.0,0.91157347
28,15,1,769.0,769.0,1.0
28,15,2,390.0,769.0,0.50715214
28,16,0,701.0,813.0,0.86223865
28,16,1,769.0,813.0,0.94587946
28,16,2,813.0,813.0,1.0
28,17,0,893.0,893.0,1.0
28,17,1,769.0,893.0,0.8611422
28,17,2,813.0,893.0,0.91041434
28,18,0,893.0,926.0,0.96436286
28,18,1,926.0,926.0,1.0
28,18,2,813.0,926.0,0.87796974
28,19,0,893.0,971.0,0.91967046
28,19,1,971.0,971.0,1.0
28,19,2,813.0,971.0,0.83728117
28,20,0,893.0,1040.0,0.85865384
28,20,1,971.0,1040.0,0.93365383
28,20,2,1040.0,1040.0,1.0
28,21,0,893.0,1083.0,0.8245614
28,21,1,1083.0,1083.0,1.0
28,21,2,1040.0,1083.0,0.9602955
28,22,0,893.0,1156.0,0.77249134
28,22,1,1083.0,1156.0,0.9368512
28,22,2,1156.0,1156.0,1.0
28,23,0,893.0,1220.0,0.7319672
28,23,1,1083.0,1220.0,0.8877049
28,23,2,1220.0,1220.0,1.0
28,24,0,893.0,1255.0,0.7115538
28,24,1,1255.0,1255.0,1.0
28,24,2,1220.0,1255.0,0.9721116
28,25,0,893.0,1298.0,0.6879815
28,25,1,1255.0,1298.0,0.9668721
28,25,2,1298.0,1298.0,1.0
28,26,0,893.0,1368.0,0.6527778
28,26,1,1255.0,1368.0,0.9173977
28,26,2,1368.0,1368.0,1.0
28,27,0,893.0,1436.0,0.6218663
28,27,1,1255.0,1436.0,0.8739554
28,27,2,1436.0,1436.0,1.0
28,28,0,1511.0,1511.0,1.0
28,28,1,1255.0,1511.0,0.83057576
28,28,2,1436.0,1511.0,0.950364
28,29,0,1561.0,1561.0,1.0
28,29,1,1255.0,1561.0,0.8039718
28,29,2,1436.0,1561.0,0.9199231
28,30,0,1561.0,1597.0,0.97745776
28,30,1,1597.0,1597.0,1.0
28,30,2,1436.0,1597.0,0.89918596
28,31,0,1668.0,1668.0,1.0
28,31,1,1597.0,1668.0,0.95743406
28,31,2,1436.0,1668.0,0.86091125
28,32,0,1668.0,1701.0,0.98059964
28,32,1,1701.0,1701.0,1.0
28,32,2,1436.0,1701.0,0.8442093
28,33,0,1764.0,1764.0,1.0
28,33,1,1701.0,1764.0,0.96428573
28,33,2,1436.0,1764.0,0.81405896
28,34,0,1764.0,1797.0,0.98163605
28,34,1,1797.0,1797.0,1.0
28,34,2,1436.0,1797.0,0.79910964
28,35,0,1764.0,1838.0,0.95973885
28,35,1,1838.0,1838.0,1.0
28,35,2,1436.0,1838.0,0.781284
28,36,0,1764.0,1881.0,0.93779904
28,36,1,1881.0,1881.0,1.0
28,36,2,1436.0,1881.0,0.7634237
28,37,0,1764.0,1921.0,0.9182717
28,37,1,1921.0,1921.0,1.0
28,37,2,1436.0,1921.0,0.7475273
28,38,0,1764.0,1978.0,0.8918099
28,38,1,1921.0,1978.0,0.971183
28,38,2,1978.0,1978.0,1.0
28,39,0,1764.0,2027.0,0.8702516
28,39,1,2027.0,2027.0,1.0
28,39,2,1978.0,2027.0,0.9758263
28,40,0,1764.0,2072.0,0.8513514
28,40,1,2072.0,2072.0,1.0
28,40,2,1978.0,2072.0,0.9546332
28,41,0,1764.0,2126.0,0.8297272
28,41,1,2072.0,2126.0,0.9746002
28,41,2,2126.0,2126.0,1.0
28,42,0,1764.0,2165.0,0.8147806
28,42,1,2165.0,2165.0,1.0
28,42,2,2126.0,2165.0,0.98198617
28,43,0,2224.0,2224.0,1.0
28,43,1,2165.0,2224.0,0.9734712
28,43,2,2126.0,2224.0,0.95593524
28,44,0,2298.0,2298.0,1.0
28,44,1,2165.0,2298.0,0.9421236
28,44,2,2126.0,2298.0,0.9251523
28,45,0,2298.0,2334.0,0.9845758
28,45,1,2165.0,2334.0,0.9275921
28,45,2,2334.0,2334.0,1.0
28,46,0,2298.0,2373.0,0.96839446
28,46,1,2373.0,2373.0,1.0
28,46,2,2334.0,2373.0,0.9835651
28,47,0,2298.0,2442.0,0.94103193
28,47,1,2373.0,2442.0,0.9717445
28,47,2,2442.0,2442.0,1.0
28,48,0,2298.0,2475.0,0.92848486
28,48,1,2475.0,2475.0,1.0
28,48,2,2442.0,2475.0,0.9866667
28,49,0,2298.0,2517.0,0.91299164
28,49,1,2517.0,2517.0,1.0
28,49,2,2442.0,2517.0,0.9702026
28,50,0,2298.0,2554.0,0.8997651
28,50,1,2517.0,2554.0,0.9855129
28,50,2,2554.0,2554.0,1.0
28,51,0,2634.0,2634.0,1.0
28,51,1,2517.0,2634.0,0.9555809
28,51,2,2554.0,2634.0,0.9696279
28,52,0,2634.0,2674.0,0.98504114
28,52,1,2517.0,2674.0,0.94128644
28,52,2,2674.0,2674.0,1.0
28,53,0,2634.0,2742.0,0.9606127
28,53,1,2517.0,2742.0,0.9179431
28,53,2,2742.0,2742.0,1.0
28,54,0,2634.0,2792.0,0.94340974
28,54,1,2792.0,2792.0,1.0
28,54,2,2742.0,2792.0,0.98209167
28,55,0,2634.0,2837.0,0.9284455
28,55,1,2837.0,2837.0,1.0
28,55,2,2742.0,2837.0,0.96651393
28,56,0,2634.0,2876.0,0.91585535
28,56,1,2837.0,2876.0,0.9864395
28,56,2,2876.0,2876.0,1.0
28,57,0,2634.0,2930.0,0.8989761
28,57,1,2837.0,2930.0,0.9682594
28,57,2,2930.0,2930.0,1.0
28,58,0,2634.0,2980.0,0.8838926
28,58,1,2980.0,2980.0,1.0
28,58,2,2930.0,2980.0,0.9832215
28,59,0,2634.0,3023.0,0.8713199
28,59,1,3023.0,3023.0,1.0
28,59,2,2930.0,3023.0,0.96923584
28,60,0,2634.0,3058.0,0.86134726
28,60,1,3058.0,3058.0,1.0
28,60,2,2930.0,3058.0,0.9581426
28,61,0,2634.0,3095.0,0.8510501
28,61,1,3095.0,3095.0,1.0
28,61,2,2930.0,3095.0,0.94668823
28,62,0,2634.0,3130.0,0.84153354
28,62,1,3130.0,3130.0,1.0
28,62,2,2930.0,3130.0,0.9361022
28,63,0,2634.0,3176.0,0.8293451
28,63,1,3176.0,3176.0,1.0
28,63,2,2930.0,3176.0,0.92254406
28,64,0,2634.0,3217.0,0.81877524
28,64,1,3217.0,3217.0,1.0
28,64,2,2930.0,3217.0,0.91078645
28,65,0,2634.0,3252.0,0.8099631
28,65,1,3252.0,3252.0,1.0
28,65,2,2930.0,3252.0,0.900984
28,66,0,2634.0,3302.0,0.7976984
28,66,1,3252.0,3302.0,0.9848577
28,66,2,3302.0,3302.0,1.0
28,67,0,2634.0,3352.0,0.7857995
28,67,1,3252.0,3352.0,0.97016704
28,67,2,3352.0,3352.0,1.0
28,68,0,2634.0,3391.0,0.776762
28,68,1,3252.0,3391.0,0.9590092
28,68,2,3391.0,3391.0,1.0
28,69,0,2634.0,3433.0,0.76725894
28,69,1,3433.0,3433.0,1.0
28,69,2,3391.0,3433.0,0.9877658
28,70,0,2634.0,3482.0,0.7564618
28,70,1,3482.0,3482.0,1.0
28,70,2,3391.0,3482.0,0.97386557
28,71,0,2634.0,3525.0,0.74723405
28,71,1,3525.0,3525.0,1.0
28,71,2,3391.0,3525.0,0.9619858
28,72,0,2634.0,3563.0,0.73926467
28,72,1,3563.0,3563.0,1.0
28,72,2,3391.0,3563.0,0.9517261
28,73,0,2634.0,3619.0,0.72782534
28,73,1,3563.0,3619.0,0.9845261
28,73,2,3619.0,3619.0,1.0
28,74,0,2634.0,3664.0,0.71888644
28,74,1,3563.0,3664.0,0.9724345
28,74,2,3664.0,3664.0,1.0
28,75,0,2634.0,3694.0,0.71304816
28,75,1,3694.0,3694.0,1.0
28,75,2,3664.0,3694.0,0.99187875
28,76,0,2634.0,3726.0,0.7069243
28,76,1,3726.0,3726.0,1.0
28,76,2,3664.0,3726.0,0.9833602
28,77,0,2634.0,3776.0,0.6975636
28,77,1,3776.0,3776.0,1.0
28,77,2,3664.0,3776.0,0.970339
28,78,0,2634.0,3825.0,0.6886274
28,78,1,3776.0,3825.0,0.98718953
28,78,2,3825.0,3825.0,1.0
28,79,0,2634.0,3870.0,0.68062013
28,79,1,3870.0,3870.0,1.0
28,79,2,3825.0,3870.0,0.9883721
28,80,0,2634.0,3910.0,0.6736573
28,80,1,3910.0,3910.0,1.0
28,80,2,3825.0,3910.0,0.9782609
28,81,0,2634.0,3952.0,0.666498
28,81,1,3952.0,3952.0,1.0
28,81,2,3825.0,3952.0,0.9678644
28,82,0,2634.0,3989.0,0.6603159
28,82,1,3989.0,3989.0,1.0
28,82,2,3825.0,3989.0,0.9588869
28,83,0,2634.0,4031.0,0.6534359
28,83,1,3989.0,4031.0,0.98958075
28,83,2,4031.0,4031.0,1.0
28,84,0,2634.0,4068.0,0.64749265
28,84,1,3989.0,4068.0,0.98058015
28,84,2,4068.0,4068.0,1.0
28,85,0,2634.0,4111.0,0.64072
28,85,1,4111.0,4111.0,1.0
28,85,2,4068.0,4111.0,0.9895403
28,86,0,2634.0,4145.0,0.63546443
28,86,1,4145.0,4145.0,1.0
28,86,2,4068.0,4145.0,0.9814234
28,87,0,2634.0,4185.0,0.62939066
28,87,1,4145.0,4185.0,0.99044204
28,87,2,4185.0,4185.0,1.0
28,88,0,2634.0,4221.0,0.6240227
28,88,1,4221.0,4221.0,1.0
28,88,2,4185.0,4221.0,0.99147123
28,89,0,2634.0,4272.0,0.61657304
28,89,1,4221.0,4272.0,0.9880618
28,89,2,4272.0,4272.0,1.0
28,90,0,2634.0,4322.0,0.6094401
28,90,1,4322.0,4322.0,1.0
28,90,2,4272.0,4322.0,0.9884313
28,91,0,2634.0,4377.0,0.601782
28,91,1,4322.0,4377.0,0.9874343
28,91,2,4377.0,4377.0,1.0
28,92,0,2634.0,4411.0,0.59714353
28,92,1,4411.0,4411.0,1.0
28,92,2,4377.0,4411.0,0.992292
28,93,0,2634.0,4444.0,0.59270924
28,93,1,4444.0,4444.0,1.0
28,93,2,4377.0,4444.0,0.9849235
28,94,0,2634.0,4517.0,0.5831304
28,94,1,4444.0,4517.0,0.98383886
28,94,2,4517.0,4517.0,1.0
28,95,0,2634.0,4583.0,0.5747327
28,95,1,4444.0,4583.0,0.96967053
28,95,2,4583.0,4583.0,1.0
28,96,0,2634.0,4616.0,0.57062393
28,96,1,4444.0,4616.0,0.9627383
28,96,2,4616.0,4616.0,1.0
28,97,0,2634.0,4649.0,0.56657344
28,97,1,4649.0,4649.0,1.0
28,97,2,4616.0,4649.0,0.9929017
28,98,0,4710.0,4710.0,1.0
28,98,1,4649.0,4710.0,0.9870488
28,98,2,4616.0,4710.0,0.98004246
28,99,0,4710.0,4755.0,0.9905363
28,99,1,4755.0,4755.0,1.0
28,99,2,4616.0,4755.0,0.9707676
28,100,0,4710.0,4788.0,0.9837093
28,100,1,4788.0,4788.0,1.0
28,100,2,4616.0,4788.0,0.9640769
28,101,0,4859.0,4859.0,1.0
28,101,1,4788.0,4859.0,0.9853879
28,101,2,4616.0,4859.0,0.94998974
28,102,0,4859.0,4901.0,0.99143034
28,102,1,4901.0,4901.0,1.0
28,102,2,4616.0,4901.0,0.9418486
28,103,0,4859.0,4954.0,0.9808236
28,103,1,4901.0,4954.0,0.98930156
28,103,2,4954.0,4954.0,1.0
28,104,0,4859.0,4995.0,0.9727728
28,104,1,4901.0,4995.0,0.9811812
28,104,2,4995.0,4995.0,1.0
28,105,0,4859.0,5060.0,0.96027666
28,105,1,4901.0,5060.0,0.9685771
28,105,2,5060.0,5060.0,1.0
28,106,0,4859.0,5097.0,0.95330584
28,106,1,5097.0,5097.0,1.0
28,106,2,5060.0,5097.0,0.9927408
28,107,0,4859.0,5129.0,0.94735813
28,107,1,5129.0,5129.0,1.0
28,107,2,5060.0,5129.0,0.9865471
28,108,0,4859.0,5171.0,0.9396635
28,108,1,5171.0,5171.0,1.0
28,108,2,5060.0,5171.0,0.97853416
28,109,0,4859.0,5240.0,0.9272901
28,109,1,5171.0,5240.0,0.9868321
28,109,2,5240.0,5240.0,1.0
28,110,0,4859.0,5281.0,0.9200909
28,110,1,5281.0,5281.0,1.0
28,110,2,5240.0,5281.0,0.9922363
28,111,0,4859.0,5311.0,0.9148936
28,111,1,5311.0,5311.0,1.0
28,111,2,5240.0,5311.0,0.9866315
28,112,0,4859.0,5356.0,0.9072069
28,112,1,5356.0,5356.0,1.0
28,112,2,5240.0,5356.0,0.97834206
28,113,0,4859.0,5395.0,0.9006488
28,113,1,5395.0,5395.0,1.0
28,113,2,5240.0,5395.0,0.97126967
28,114,0,4859.0,5468.0,0.8886247
28,114,1,5395.0,5468.0,0.9866496
28,114,2,5468.0,5468.0,1.0
28,115,0,4859.0,5528.0,0.87897974
28,115,1,5395.0,5528.0,0.97594064
28,115,2,5528.0,5528.0,1.0
28,116,0,4859.0,5569.0,0.8725085
28,116,1,5395.0,5569.0,0.9687556
28,116,2,5569.0,5569.0,1.0
28,117,0,4859.0,5609.0,0.86628634
28,117,1,5395.0,5609.0,0.961847
28,117,2,5609.0,5609.0,1.0
28,118,0,4859.0,5650.0,0.86
28,118,1,5650.0,5650.0,1.0
28,118,2,5609.0,5650.0,0.9927434
28,119,0,4859.0,5681.0,0.85530716
28,119,1,5681.0,5681.0,1.0
28,119,2,5609.0,5681.0,0.98732615
28,120,0,4859.0,5716.0,0.85007
28,120,1,5716.0,5716.0,1.0
28,120,2,5609.0,5716.0,0.9812806
28,121,0,4859.0,5761.0,0.84343
28,121,1,5761.0,5761.0,1.0
28,121,2,5609.0,5761.0,0.9736157
28,122,0,4859.0,5804.0,0.83718127
28,122,1,5804.0,5804.0,1.0
28,122,2,5609.0,5804.0,0.9664025
28,123,0,4859.0,5850.0,0.8305983
28,123,1,5850.0,5850.0,1.0
28,123,2,5609.0,5850.0,0.9588034
28,124,0,4859.0,5906.0,0.8227227
28,124,1,5850.0,5906.0,0.9905181
28,124,2,5906.0,5906.0,1.0
28,125,0,4859.0,5954.0,0.81609005
28,125,1,5954.0,5954.0,1.0
28,125,2,5906.0,5954.0,0.9919382
28,126,0,4859.0,5997.0,0.8102385
28,126,1,5997.0,5997.0,1.0
28,126,2,5906.0,5997.0,0.98482573
28,127,0,4859.0,6035.0,0.8051367
28,127,1,6035.0,6035.0,1.0
28,127,2,5906.0,6035.0,0.9786247
28,128,0,4859.0,6072.0,0.80023056
28,128,1,6072.0,6072.0,1.0
28,128,2,5906.0,6072.0,0.9726614
28,129,0,4859.0,6098.0,0.7968186
28,129,1,6098.0,6098.0,1.0
28,129,2,5906.0,6098.0,0.96851426
28,130,0,4859.0,6130.0,0.79265904
28,130,1,6130.0,6130.0,1.0
28,130,2,5906.0,6130.0,0.9634584
28,131,0,4859.0,6167.0,0.78790337
28,131,1,6130.0,6167.0,0.9940003
28,131,2,6167.0,6167.0,1.0
28,132,0,4859.0,6223.0,0.7808131
28,132,1,6130.0,6223.0,0.98505545
28,132,2,6223.0,6223.0,1.0
28,133,0,4859.0,6250.0,0.77744
28,133,1,6250.0,6250.0,1.0
28,133,2,6223.0,6250.0,0.99568
28,134,0,4859.0,6292.0,0.7722505
28,134,1,6292.0,6292.0,1.0
28,134,2,6223.0,6292.0,0.9890337
29,1,0,36.0,36.0,1.0
29,1,1,0.0,36.0,0.0
29,1,2,0.0,36.0,0.0
29,2,0,117.0,117.0,1.0
29,2,1,0.0,117.0,0.0
29,2,2,0.0,117.0,0.0
29,3,0,180.0,180.0,1.0
29,3,1,0.0,180.0,0.0
29,3,2,0.0,180.0,0.0
29,4,0,242.0,242.0,1.0
29,4,1,0.0,242.0,0.0
29,4,2,0.0,242.0,0.0
29,5,0,322.0,322.0,1.0
29,5,1,0.0,322.0,0.0
29,5,2,0.0,322.0,0.0
29,6,0,322.0,345.0,0.93333334
29,6,1,345.0,345.0,1.0
29,6,2,0.0,345.0,0.0
29,7,0,389.0,389.0,1.0
29,7,1,345.0,389.0,0.88688946
29,7,2,0.0,389.0,0.0
29,8,0,432.0,432.0,1.0
29,8,1,345.0,432.0,0.7986111
29,8,2,0.0,432.0,0.0
29,9,0,432.0,465.0,0.92903227
29,9,1,465.0,465.0,1.0
29,9,2,0.0,465.0,0.0
29,10,0,432.0,505.0,0.85544556
29,10,1,505.0,505.0,1.0
29,10,2,0.0,505.0,0.0
29,11,0,579.0,579.0,1.0
29,11,1,505.0,579.0,0.87219346
29,11,2,0.0,579.0,0.0
29,12,0,579.0,615.0,0.9414634
29,12,1,615.0,615.0,1.0
29,12,2,0.0,615.0,0.0
29,13,0,579.0,646.0,0.8962848
29,13,1,646.0,646.0,1.0
29,13,2,0.0,646.0,0.0
29,14,0,702.0,702.0,1.0
29,14,1,646.0,702.0,0.92022794
29,14,2,0.0,702.0,0.0
29,15,0,702.0,756.0,0.9285714
29,15,1,646.0,756.0,0.8544974
29,15,2,756.0,756.0,1.0
29,16,0,702.0,791.0,0.8874842
29,16,1,791.0,791.0,1.0
29,16,2,756.0,791.0,0.9557522
29,17,0,702.0,821.0,0.8550548
29,17,1,821.0,821.0,1.0
29,17,2,756.0,821.0,0.9208283
29,18,0,884.0,884.0,1.0
29,18,1,821.0,884.0,0.92873305
29,18,2,756.0,884.0,0.8552036
29,19,0,884.0,917.0,0.9640131
29,19,1,917.0,917.0,1.0
29,19,2,756.0,917.0,0.8244275
29,20,0,992.0,992.0,1.0
29,20,1,917.0,992.0,0.92439514
29,20,2,756.0,992.0,0.76209676
29,21,0,992.0,1030.0,0.9631068
29,21,1,1030.0,1030.0,1.0
29,21,2,756.0,1030.0,0.7339806
29,22,0,1101.0,1101.0,1.0
29,22,1,1030.0,1101.0,0.9355132
29,22,2,756.0,1101.0,0.6866485
29,23,0,1101.0,1144.0,0.9624126
29,23,1,1144.0,1144.0,1.0
29,23,2,756.0,1144.0,0.66083914
29,24,0,1101.0,1176.0,0.93622446
29,24,1,1176.0,1176.0,1.0
29,24,2,756.0,1176.0,0.64285713
29,25,0,1101.0,1220.0,0.902459
29,25,1,1176.0,1220.0,0.9639344
29,25,2,1220.0,1220.0,1.0
29,26,0,1101.0,1255.0,0.87729084
29,26,1,1176.0,1255.0,0.9370518
29,26,2,1255.0,1255.0,1.0
29,27,0,1101.0,1298.0,0.84822804
29,27,1,1176.0,1298.0,0.90600926
29,27,2,1298.0,1298.0,1.0
29,28,0,1101.0,1331.0,0.8271976
29,28,1,1331.0,1331.0,1.0
29,28,2,1298.0,1331.0,0.9752066
29,29,0,1101.0,1372.0,0.80247813
29,29,1,1372.0,1372.0,1.0
29,29,2,1298.0,1372.0,0.9460641
29,30,0,1101.0,1412.0,0.77974504
29,30,1,1412.0,1412.0,1.0
29,30,2,1298.0,1412.0,0.9192635
29,31,0,1488.0,1488.0,1.0
29,31,1,1412.0,1488.0,0.9489247
29,31,2,1298.0,1488.0,0.87231183
29,32,0,1488.0,1556.0,0.9562982
29,32,1,1412.0,1556.0,0.907455
29,32,2,1556.0,1556.0,1.0
29,33,0,1488.0,1598.0,0.93116397
29,33,1,1598.0,1598.0,1.0
29,33,2,1556.0,1598.0,0.97371715
29,34,0,1653.0,1653.0,1.0
29,34,1,1598.0,1653.0,0.96672714
29,34,2,1556.0,1653.0,0.9413188
29,35,0,1653.0,1722.0,0.9599303
29,35,1,1598.0,1722.0,0.92799073
29,35,2,1722.0,1722.0,1.0
29,36,0,1653.0,1762.0,0.9381385
29,36,1,1762.0,1762.0,1.0
29,36,2,1722.0,1762.0,0.9772985
29,37,0,1653.0,1830.0,0.9032787
29,37,1,1762.0,1830.0,0.9628415
29,37,2,1830.0,1830.0,1.0
29,38,0,1653.0,1900.0,0.87
29,38,1,1762.0,1900.0,0.9273684
29,38,2,1900.0,1900.0,1.0
29,39,0,1653.0,1944.0,0.85030866
29,39,1,1944.0,1944.0,1.0
29,39,2,1900.0,1944.0,0.97736627
29,40,0,1653.0,1983.0,0.8335855
29,40,1,1944.0,1983.0,0.98033285
29,40,2,1983.0,1983.0,1.0
29,41,0,1653.0,2020.0,0.8183168
29,41,1,1944.0,2020.0,0.96237624
29,41,2,2020.0,2020.0,1.0
29,42,0,1653.0,2053.0,0.8051632
29,42,1,2053.0,2053.0,1.0
29,42,2,2020.0,2053.0,0.98392594
29,43,0,1653.0,2126.0,0.7775165
29,43,1,2053.0,2126.0,0.9656632
29,43,2,2126.0,2126.0,1.0
29,44,0,2198.0,2198.0,1.0
29,44,1,2053.0,2198.0,0.93403095
29,44,2,2126.0,2198.0,0.96724296
29,45,0,2263.0,2263.0,1.0
29,45,1,2053.0,2263.0,0.90720284
29,45,2,2126.0,2263.0,0.9394609
29,46,0,2263.0,2301.0,0.98348546
29,46,1,2301.0,2301.0,1.0
29,46,2,2126.0,2301.0,0.9239461
29,47,0,2263.0,2346.0,0.96462065
29,47,1,2346.0,2346.0,1.0
29,47,2,2126.0,2346.0,0.90622336
29,48,0,2263.0,2395.0,0.9448852
29,48,1,2395.0,2395.0,1.0
29,48,2,2126.0,2395.0,0.8876827
29,49,0,2445.0,2445.0,1.0
29,49,1,2395.0,2445.0,0.9795501
29,49,2,2126.0,2445.0,0.86952966
29,50,0,2445.0,2488.0,0.98271704
29,50,1,2488.0,2488.0,1.0
29,50,2,2126.0,2488.0,0.8545016
29,51,0,2445.0,2545.0,0.96070725
29,51,1,2488.0,2545.0,0.97760314
29,51,2,2545.0,2545.0,1.0
29,52,0,2445.0,2581.0,0.9473072
29,52,1,2581.0,2581.0,1.0
29,52,2,2545.0,2581.0,0.9860519
29,53,0,2445.0,2631.0,0.9293044
29,53,1,2631.0,2631.0,1.0
29,53,2,2545.0,2631.0,0.9673128
29,54,0,2445.0,2670.0,0.91573036
29,54,1,2670.0,2670.0,1.0
29,54,2,2545.0,2670.0,0.95318353
29,55,0,2445.0,2707.0,0.9032139
29,55,1,2670.0,2707.0,0.98633176
29,55,2,2707.0,2707.0,1.0
29,56,0,2445.0,2742.0,0.8916849
29,56,1,2742.0,2742.0,1.0
29,56,2,2707.0,2742.0,0.9872356
29,57,0,2445.0,2810.0,0.87010676
29,57,1,2742.0,2810.0,0.9758007
29,57,2,2810.0,2810.0,1.0
29,58,0,2445.0,2856.0,0.85609245
29,58,1,2856.0,2856.0,1.0
29,58,2,2810.0,2856.0,0.9838936
29,59,0,2445.0,2889.0,0.8463136
29,59,1,2889.0,2889.0,1.0
29,59,2,2810.0,2889.0,0.9726549
29,60,0,2445.0,2939.0,0.8319156
29,60,1,2939.0,2939.0,1.0
29,60,2,2810.0,2939.0,0.9561075
29,61,0,2445.0,3005.0,0.81364393
29,61,1,2939.0,3005.0,0.9780366
29,61,2,3005.0,3005.0,1.0
29,62,0,2445.0,3040.0,0.8042763
29,62,1,3040.0,3040.0,1.0
29,62,2,3005.0,3040.0,0.9884868
29,63,0,2445.0,3095.0,0.78998387
29,63,1,3040.0,3095.0,0.9822294
29,63,2,3095.0,3095.0,1.0
29,64,0,2445.0,3144.0,0.77767175
29,64,1,3040.0,3144.0,0.9669211
29,64,2,3144.0,3144.0,1.0
29,65,0,2445.0,3180.0,0.7688679
29,65,1,3040.0,3180.0,0.9559748
29,65,2,3180.0,3180.0,1.0
29,66,0,2445.0,3221.0,0.759081
29,66,1,3221.0,3221.0,1.0
29,66,2,3180.0,3221.0,0.987271
29,67,0,3272.0,3272.0,1.0
29,67,1,3221.0,3272.0,0.9844132
29,67,2,3180.0,3272.0,0.97188264
29,68,0,3272.0,3331.0,0.9822876
29,68,1,3221.0,3331.0,0.9669769
29,68,2,3331.0,3331.0,1.0
29,69,0,3272.0,3376.0,0.9691943
29,69,1,3376.0,3376.0,1.0
29,69,2,3331.0,3376.0,0.9866706
29,70,0,3272.0,3409.0,0.9598123
29,70,1,3376.0,3409.0,0.9903197
29,70,2,3409.0,3409.0,1.0
29,71,0,3480.0,3480.0,1.0
29,71,1,3376.0,3480.0,0.97011495
29,71,2,3409.0,3480.0,0.9795977
29,72,0,3480.0,3515.0,0.9900427
29,72,1,3515.0,3515.0,1.0
29,72,2,3409.0,3515.0,0.9698435
29,73,0,3480.0,3560.0,0.9775281
29,73,1,3515.0,3560.0,0.9873595
29,73,2,3560.0,3560.0,1.0
29,74,0,3480.0,3602.0,0.9661299
29,74,1,3602.0,3602.0,1.0
29,74,2,3560.0,3602.0,0.9883398
29,75,0,3480.0,3652.0,0.9529025
29,75,1,3652.0,3652.0,1.0
29,75,2,3560.0,3652.0,0.97480834
29,76,0,3480.0,3686.0,0.94411284
29,76,1,3686.0,3686.0,1.0
29,76,2,3560.0,3686.0,0.9658166
29,77,0,3480.0,3740.0,0.93048126
29,77,1,3686.0,3740.0,0.9855615
29,77,2,3740.0,3740.0,1.0
29,78,0,3480.0,3778.0,0.9211223
29,78,1,3778.0,3778.0,1.0
29,78,2,3740.0,3778.0,0.9899418
29,79,0,3480.0,3815.0,0.9121887
29,79,1,3815.0,3815.0,1.0
29,79,2,3740.0,3815.0,0.9803408
29,80,0,3480.0,3849.0,0.90413094
29,80,1,3849.0,3849.0,1.0
29,80,2,3740.0,3849.0,0.97168094
29,81,0,3893.0,3893.0,1.0
29,81,1,3849.0,3893.0,0.98869765
29,81,2,3740.0,3893.0,0.96069866
29,82,0,3893.0,3943.0,0.9873193
29,82,1,3943.0,3943.0,1.0
29,82,2,3740.0,3943.0,0.94851637
29,83,0,3893.0,3984.0,0.9771586
29,83,1,3943.0,3984.0,0.98970884
29,83,2,3984.0,3984.0,1.0
29,84,0,3893.0,4038.0,0.9640911
29,84,1,3943.0,4038.0,0.9764735
29,84,2,4038.0,4038.0,1.0
29,85,0,3893.0,4075.0,0.9553374
29,85,1,3943.0,4075.0,0.9676074
29,85,2,4075.0,4075.0,1.0
29,86,0,3893.0,4110.0,0.94720197
29,86,1,4110.0,4110.0,1.0
29,86,2,4075.0,4110.0,0.99148417
29,87,0,3893.0,4160.0,0.9358173
29,87,1,4110.0,4160.0,0.9879808
29,87,2,4160.0,4160.0,1.0
29,88,0,3893.0,4200.0,0.92690474
29,88,1,4200.0,4200.0,1.0
29,88,2,4160.0,4200.0,0.9904762
29,89,0,3893.0,4265.0,0.91277844
29,89,1,4200.0,4265.0,0.9847597
29,89,2,4265.0,4265.0,1.0
29,90,0,3893.0,4307.0,0.90387744
29,90,1,4307.0,4307.0,1.0
29,90,2,4265.0,4307.0,0.99024844
29,91,0,3893.0,4344.0,0.89617866
29,91,1,4344.0,4344.0,1.0
29,91,2,4265.0,4344.0,0.98181397
29,92,0,3893.0,4393.0,0.88618255
29,92,1,4393.0,4393.0,1.0
29,92,2,4265.0,4393.0,0.97086275
29,93,0,3893.0,4435.0,0.87779033
29,93,1,4393.0,4435.0,0.9905299
29,93,2,4435.0,4435.0,1.0
29,94,0,3893.0,4480.0,0.8689732
29,94,1,4480.0,4480.0,1.0
29,94,2,4435.0,4480.0,0.98995537
29,95,0,3893.0,4521.0,0.8610927
29,95,1,4521.0,4521.0,1.0
29,95,2,4435.0,4521.0,0.98097765
29,96,0,3893.0,4566.0,0.85260624
29,96,1,4566.0,4566.0,1.0
29,96,2,4435.0,4566.0,0.97130966
29,97,0,3893.0,4640.0,0.8390086
29,97,1,4566.0,4640.0,0.9840517
29,97,2,4640.0,4640.0,1.0
29,98,0,3893.0,4685.0,0.83094984
29,98,1,4685.0,4685.0,1.0
29,98,2,4640.0,4685.0,0.9903949
29,99,0,3893.0,4729.0,0.82321846
29,99,1,4729.0,4729.0,1.0
29,99,2,4640.0,4729.0,0.98117995
29,100,0,3893.0,4762.0,0.81751364
29,100,1,4762.0,4762.0,1.0
29,100,2,4640.0,4762.0,0.9743805
29,101,0,3893.0,4802.0,0.8107039
29,101,1,4802.0,4802.0,1.0
29,101,2,4640.0,4802.0,0.96626407
29,102,0,3893.0,4844.0,0.80367464
29,102,1,4844.0,4844.0,1.0
29,102,2,4640.0,4844.0,0.95788604
29,103,0,3893.0,4881.0,0.79758245
29,103,1,4881.0,4881.0,1.0
29,103,2,4640.0,4881.0,0.9506249
29,104,0,3893.0,4922.0,0.7909386
29,104,1,4881.0,4922.0,0.9916701
29,104,2,4922.0,4922.0,1.0
29,105,0,3893.0,4958.0,0.78519565
29,105,1,4958.0,4958.0,1.0
29,105,2,4922.0,4958.0,0.992739
29,106,0,3893.0,5001.0,0.7784443
29,106,1,5001.0,5001.0,1.0
29,106,2,4922.0,5001.0,0.98420316
29,107,0,3893.0,5041.0,0.7722674
29,107,1,5001.0,5041.0,0.9920651
29,107,2,5041.0,5041.0,1.0
29,108,0,3893.0,5083.0,0.7658863
29,108,1,5001.0,5083.0,0.9838678
29,108,2,5083.0,5083.0,1.0
29,109,0,3893.0,5122.0,0.76005465
29,109,1,5001.0,5122.0,0.9763764
29,109,2,5122.0,5122.0,1.0
29,110,0,3893.0,5167.0,0.75343525
29,110,1,5167.0,5167.0,1.0
29,110,2,5122.0,5167.0,0.99129087
29,111,0,3893.0,5228.0,0.7446442
29,111,1,5167.0,5228.0,0.98833203
29,111,2,5228.0,5228.0,1.0
29,112,0,3893.0,5284.0,0.73675245
29,112,1,5167.0,5284.0,0.9778577
29,112,2,5284.0,5284.0,1.0
29,113,0,3893.0,5326.0,0.73094255
29,113,1,5326.0,5326.0,1.0
29,113,2,5284.0,5326.0,0.9921142
29,114,0,3893.0,5357.0,0.7267127
29,114,1,5357.0,5357.0,1.0
29,114,2,5284.0,5357.0,0.98637295
29,115,0,3893.0,5387.0,0.72266567
29,115,1,5387.0,5387.0,1.0
29,115,2,5284.0,5387.0,0.9808799
29,116,0,3893.0,5424.0,0.717736
29,116,1,5424.0,5424.0,1.0
29,116,2,5284.0,5424.0,0.9741888
29,117,0,3893.0,5462.0,0.71274257
29,117,1,5462.0,5462.0,1.0
29,117,2,5284.0,5462.0,0.9674112
29,118,0,3893.0,5513.0,0.7061491
29,118,1,5462.0,5513.0,0.9907491
29,118,2,5513.0,5513.0,1.0
29,119,0,3893.0,5551.0,0.7013151
29,119,1,5551.0,5551.0,1.0
29,119,2,5513.0,5551.0,0.9931544
29,120,0,3893.0,5582.0,0.6974203
29,120,1,5582.0,5582.0,1.0
29,120,2,5513.0,5582.0,0.98763883
29,121,0,3893.0,5642.0,0.6900036
29,121,1,5582.0,5642.0,0.98936546
29,121,2,5642.0,5642.0,1.0
29,122,0,3893.0,5688.0,0.6844233
29,122,1,5688.0,5688.0,1.0
29,122,2,5642.0,5688.0,0.9919128
29,123,0,3893.0,5736.0,0.678696
29,123,1,5736.0,5736.0,1.0
29,123,2,5642.0,5736.0,0.9836123
29,124,0,3893.0,5768.0,0.67493063
29,124,1,5768.0,5768.0,1.0
29,124,2,5642.0,5768.0,0.9781553
29,125,0,3893.0,5808.0,0.67028236
29,125,1,5768.0,5808.0,0.9931129
29,125,2,5808.0,5808.0,1.0
29,126,0,3893.0,5850.0,0.66547006
29,126,1,5850.0,5850.0,1.0
29,126,2,5808.0,5850.0,0.9928205
29,127,0,3893.0,5900.0,0.6598305
29,127,1,5850.0,5900.0,0.9915254
29,127,2,5900.0,5900.0,1.0
29,128,0,3893.0,5948.0,0.6545057
29,128,1,5948.0,5948.0,1.0
29,128,2,5900.0,5948.0,0.99193007
29,129,0,3893.0,5990.0,0.6499165
29,129,1,5990.0,5990.0,1.0
29,129,2,5900.0,5990.0,0.984975
29,130,0,3893.0,6022.0,0.646463
29,130,1,6022.0,6022.0,1.0
29,130,2,5900.0,6022.0,0.979741
29,131,0,3893.0,6055.0,0.64293975
29,131,1,6055.0,6055.0,1.0
29,131,2,5900.0,6055.0,0.9744013
29,132,0,3893.0,6108.0,0.6373608
29,132,1,6055.0,6108.0,0.9913229
29,132,2,6108.0,6108.0,1.0
29,133,0,3893.0,6181.0,0.62983334
29,133,1,6055.0,6181.0,0.979615
29,133,2,6181.0,6181.0,1.0
29,134,0,3893.0,6237.0,0.6241783
29,134,1,6055.0,6237.0,0.9708193
29,134,2,6237.0,6237.0,1.0
30,1,0,36.0,36.0,1.0
30,1,1,0.0,36.0,0.0
30,1,2,0.0,36.0,0.0
30,2,0,116.0,116.0,1.0
30,2,1,0.0,116.0,0.0
30,2,2,0.0,116.0,0.0
30,3,0,159.0,159.0,1.0
30,3,1,0.0,159.0,0.0
30,3,2,0.0,159.0,0.0
30,4,0,215.0,215.0,1.0
30,4,1,0.0,215.0,0.0
30,4,2,0.0,215.0,0.0
30,5,0,215.0,231.0,0.93073595
30,5,1,231.0,231.0,1.0
30,5,2,0.0,231.0,0.0
30,6,0,286.0,286.0,1.0
30,6,1,231.0,286.0,0.8076923
30,6,2,0.0,286.0,0.0
30,7,0,362.0,362.0,1.0
30,7,1,231.0,362.0,0.63812155
30,7,2,0.0,362.0,0.0
30,8,0,362.0,416.0,0.8701923
30,8,1,231.0,416.0,0.55528843
30,8,2,416.0,416.0,1.0
30,9,0,475.0,475.0,1.0
30,9,1,231.0,475.0,0.4863158
30,9,2,416.0,475.0,0.87578946
30,10,0,475.0,518.0,0.91698843
30,10,1,518.0,518.0,1.0
30,10,2,416.0,518.0,0.8030888
30,11,0,599.0,599.0,1.0
30,11,1,518.0,599.0,0.86477464
30,11,2,416.0,599.0,0.6944908
30,12,0,655.0,655.0,1.0
30,12,1,518.0,655.0,0.7908397
30,12,2,416.0,655.0,0.6351145
30,13,0,655.0,687.0,0.9534207
30,13,1,687.0,687.0,1.0
30,13,2,416.0,687.0,0.6055313
30,14,0,655.0,717.0,0.91352856
30,14,1,717.0,717.0,1.0
30,14,2,416.0,717.0,0.58019525
30,15,0,655.0,760.0,0.8618421
30,15,1,760.0,760.0,1.0
30,15,2,416.0,760.0,0.5473684
30,16,0,655.0,798.0,0.82080203
30,16,1,760.0,798.0,0.95238096
30,16,2,798.0,798.0,1.0
30,17,0,878.0,878.0,1.0
30,17,1,760.0,878.0,0.8656036
30,17,2,798.0,878.0,0.9088838
30,18,0,938.0,938.0,1.0
30,18,1,760.0,938.0,0.81023455
30,18,2,798.0,938.0,0.8507463
30,19,0,988.0,988.0,1.0
30,19,1,760.0,988.0,0.7692308
30,19,2,798.0,988.0,0.8076923
30,20,0,1066.0,1066.0,1.0
30,20,1,760.0,1066.0,0.7129456
30,20,2,798.0,1066.0,0.74859285
30,21,0,1128.0,1128.0,1.0
30,21,1,760.0,1128.0,0.67375886
30,21,2,798.0,1128.0,0.7074468
30,22,0,1191.0,1191.0,1.0
30,22,1,760.0,1191.0,0.6381192
30,22,2,798.0,1191.0,0.67002517
30,23,0,1191.0,1259.0,0.9459889
30,23,1,760.0,1259.0,0.60365367
30,23,2,1259.0,1259.0,1.0
30,24,0,1191.0,1294.0,0.9204019
30,24,1,1294.0,1294.0,1.0
30,24,2,1259.0,1294.0,0.97295207
30,25,0,1353.0,1353.0,1.0
30,25,1,1294.0,1353.0,0.9563932
30,25,2,1259.0,1353.0,0.93052477
30,26,0,1425.0,1425.0,1.0
30,26,1,1294.0,1425.0,0.90807015
30,26,2,1259.0,1425.0,0.8835088
30,27,0,1425.0,1463.0,0.97402596
30,27,1,1463.0,1463.0,1.0
30,27,2,1259.0,1463.0,0.8605605
30,28,0,1425.0,1498.0,0.9512684
30,28,1,1498.0,1498.0,1.0
30,28,2,1259.0,1498.0,0.8404539
30,29,0,1425.0,1548.0,0.92054266
30,29,1,1548.0,1548.0,1.0
30,29,2,1259.0,1548.0,0.81330746
30,30,0,1425.0,1593.0,0.8945386
30,30,1,1593.0,1593.0,1.0
30,30,2,1259.0,1593.0,0.79033273
30,31,0,1664.0,1664.0,1.0
30,31,1,1593.0,1664.0,0.9573317
30,31,2,1259.0,1664.0,0.7566106
30,32,0,1664.0,1704.0,0.97652584
30,32,1,1593.0,1704.0,0.93485916
30,32,2,1704.0,1704.0,1.0
30,33,0,1664.0,1737.0,0.95797354
30,33,1,1737.0,1737.0,1.0
30,33,2,1704.0,1737.0,0.98100173
30,34,0,1664.0,1778.0,0.935883
30,34,1,1778.0,1778.0,1.0
30,34,2,1704.0,1778.0,0.9583802
30,35,0,1664.0,1823.0,0.9127811
30,35,1,1823.0,1823.0,1.0
30,35,2,1704.0,1823.0,0.93472296
30,36,0,1664.0,1863.0,0.89318305
30,36,1,1863.0,1863.0,1.0
30,36,2,1704.0,1863.0,0.9146538
30,37,0,1664.0,1898.0,0.8767123
30,37,1,1898.0,1898.0,1.0
30,37,2,1704.0,1898.0,0.89778715
30,38,0,1664.0,1937.0,0.8590604
30,38,1,1898.0,1937.0,0.9798658
30,38,2,1937.0,1937.0,1.0
30,39,0,1664.0,1974.0,0.84295845
30,39,1,1898.0,1974.0,0.9614995
30,39,2,1974.0,1974.0,1.0
30,40,0,1664.0,2040.0,0.8156863
30,40,1,1898.0,2040.0,0.93039215
30,40,2,2040.0,2040.0,1.0
30,41,0,1664.0,2084.0,0.7984645
30,41,1,1898.0,2084.0,0.91074854
30,41,2,2084.0,2084.0,1.0
30,42,0,1664.0,2127.0,0.7823225
30,42,1,2127.0,2127.0,1.0
30,42,2,2084.0,2127.0,0.9797837
30,43,0,1664.0,2169.0,0.7671738
30,43,1,2169.0,2169.0,1.0
30,43,2,2084.0,2169.0,0.96081144
30,44,0,1664.0,2219.0,0.74988735
30,44,1,2219.0,2219.0,1.0
30,44,2,2084.0,2219.0,0.9391618
30,45,0,1664.0,2257.0,0.73726183
30,45,1,2219.0,2257.0,0.9831635
30,45,2,2257.0,2257.0,1.0
30,46,0,1664.0,2307.0,0.7212831
30,46,1,2219.0,2307.0,0.96185523
30,46,2,2307.0,2307.0,1.0
30,47,0,1664.0,2340.0,0.7111111
30,47,1,2340.0,2340.0,1.0
30,47,2,2307.0,2340.0,0.9858974
30,48,0,1664.0,2376.0,0.7003367
30,48,1,2376.0,2376.0,1.0
30,48,2,2307.0,2376.0,0.9709596
30,49,0,1664.0,2445.0,0.68057257
30,49,1,2376.0,2445.0,0.97177917
30,49,2,2445.0,2445.0,1.0
30,50,0,1664.0,2481.0,0.6706973
30,50,1,2481.0,2481.0,1.0
30,50,2,2445.0,2481.0,0.9854897
30,51,0,1664.0,2525.0,0.6590099
30,51,1,2525.0,2525.0,1.0
30,51,2,2445.0,2525.0,0.96831685
30,52,0,1664.0,2557.0,0.6507626
30,52,1,2525.0,2557.0,0.98748535
30,52,2,2557.0,2557.0,1.0
30,53,0,1664.0,2611.0,0.6373037
30,53,1,2525.0,2611.0,0.9670624
30,53,2,2611.0,2611.0,1.0
30,54,0,1664.0,2657.0,0.62627023
30,54,1,2657.0,2657.0,1.0
30,54,2,2611.0,2657.0,0.98268723
30,55,0,1664.0,2690.0,0.6185874
30,55,1,2690.0,2690.0,1.0
30,55,2,2611.0,2690.0,0.97063196
30,56,0,1664.0,2758.0,0.60333574
30,56,1,2690.0,2758.0,0.9753445
30,56,2,2758.0,2758.0,1.0
30,57,0,1664.0,2791.0,0.5962021
30,57,1,2791.0,2791.0,1.0
30,57,2,2758.0,2791.0,0.9881763
30,58,0,1664.0,2827.0,0.5886098
30,58,1,2791.0,2827.0,0.98726565
30,58,2,2827.0,2827.0,1.0
30,59,0,2893.0,2893.0,1.0
30,59,1,2791.0,2893.0,0.9647425
30,59,2,2827.0,2893.0,0.9771863
30,60,0,2893.0,2935.0,0.98568994
30,60,1,2935.0,2935.0,1.0
30,60,2,2827.0,2935.0,0.9632027
30,61,0,2893.0,2970.0,0.97407407
30,61,1,2970.0,2970.0,1.0
30,61,2,2827.0,2970.0,0.95185184
30,62,0,2893.0,3010.0,0.96112955
30,62,1,3010.0,3010.0,1.0
30,62,2,2827.0,3010.0,0.93920267
30,63,0,2893.0,3083.0,0.9383717
30,63,1,3010.0,3083.0,0.97632176
30,63,2,3083.0,3083.0,1.0
30,64,0,2893.0,3153.0,0.9175389
30,64,1,3010.0,3153.0,0.95464635
30,64,2,3153.0,3153.0,1.0
30,65,0,2893.0,3188.0,0.9074655
30,65,1,3188.0,3188.0,1.0
30,65,2,3153.0,3188.0,0.9890213
30,66,0,2893.0,3237.0,0.89372873
30,66,1,3188.0,3237.0,0.9848625
30,66,2,3237.0,3237.0,1.0
30,67,0,2893.0,3279.0,0.8822812
30,67,1,3279.0,3279.0,1.0
30,67,2,3237.0,3279.0,0.9871912
30,68,0,2893.0,3339.0,0.86642706
30,68,1,3279.0,3339.0,0.9820306
30,68,2,3339.0,3339.0,1.0
30,69,0,2893.0,3372.0,0.8579478
30,69,1,3372.0,3372.0,1.0
30,69,2,3339.0,3372.0,0.9902135
30,70,0,2893.0,3409.0,0.848636
30,70,1,3409.0,3409.0,1.0
30,70,2,3339.0,3409.0,0.97946614
30,71,0,2893.0,3473.0,0.8329974
30,71,1,3409.0,3473.0,0.98157215
30,71,2,3473.0,3473.0,1.0
30,72,0,2893.0,3514.0,0.8232783
30,72,1,3409.0,3514.0,0.97011954
30,72,2,3514.0,3514.0,1.0
30,73,0,2893.0,3547.0,0.8156188
30,73,1,3547.0,3547.0,1.0
30,73,2,3514.0,3547.0,0.9906964
30,74,0,3621.0,3621.0,1.0
30,74,1,3547.0,3621.0,0.97956365
30,74,2,3514.0,3621.0,0.97045016
30,75,0,3621.0,3659.0,0.98961467
30,75,1,3659.0,3659.0,1.0
30,75,2,3514.0,3659.0,0.9603717
30,76,0,3621.0,3708.0,0.9765372
30,76,1,3708.0,3708.0,1.0
30,76,2,3514.0,3708.0,0.9476807
30,77,0,3621.0,3747.0,0.9663731
30,77,1,3708.0,3747.0,0.98959166
30,77,2,3747.0,3747.0,1.0
30,78,0,3621.0,3788.0,0.9559134
30,78,1,3788.0,3788.0,1.0
30,78,2,3747.0,3788.0,0.98917633
30,79,0,3621.0,3838.0,0.9434601
30,79,1,3838.0,3838.0,1.0
30,79,2,3747.0,3838.0,0.97628975
30,80,0,3621.0,3891.0,0.9306091
30,80,1,3838.0,3891.0,0.98637885
30,80,2,3891.0,3891.0,1.0
30,81,0,3621.0,3931.0,0.92113966
30,81,1,3931.0,3931.0,1.0
30,81,2,3891.0,3931.0,0.9898245
30,82,0,3621.0,3976.0,0.91071427
30,82,1,3976.0,3976.0,1.0
30,82,2,3891.0,3976.0,0.9786217
30,83,0,3621.0,4009.0,0.90321773
30,83,1,4009.0,4009.0,1.0
30,83,2,3891.0,4009.0,0.9705662
30,84,0,3621.0,4059.0,0.89209163
30,84,1,4059.0,4059.0,1.0
30,84,2,3891.0,4059.0,0.9586105
30,85,0,3621.0,4105.0,0.882095
30,85,1,4105.0,4105.0,1.0
30,85,2,3891.0,4105.0,0.94786847
30,86,0,3621.0,4145.0,0.8735826
30,86,1,4105.0,4145.0,0.9903498
30,86,2,4145.0,4145.0,1.0
30,87,0,3621.0,4190.0,0.8642005
30,87,1,4190.0,4190.0,1.0
30,87,2,4145.0,4190.0,0.98926014
30,88,0,3621.0,4233.0,0.85542166
30,88,1,4233.0,4233.0,1.0
30,88,2,4145.0,4233.0,0.979211
30,89,0,3621.0,4298.0,0.8424849
30,89,1,4233.0,4298.0,0.9848767
30,89,2,4298.0,4298.0,1.0
30,90,0,3621.0,4340.0,0.8343318
30,90,1,4233.0,4340.0,0.9753456
30,90,2,4340.0,4340.0,1.0
30,91,0,3621.0,4395.0,0.8238908
30,91,1,4233.0,4395.0,0.96313995
30,91,2,4395.0,4395.0,1.0
30,92,0,3621.0,4429.0,0.81756604
30,92,1,4429.0,4429.0,1.0
30,92,2,4395.0,4429.0,0.99232334
30,93,0,3621.0,4502.0,0.8043092
30,93,1,4429.0,4502.0,0.983785
30,93,2,4502.0,4502.0,1.0
30,94,0,3621.0,4576.0,0.79130244
30,94,1,4429.0,4576.0,0.9678759
30,94,2,4576.0,4576.0,1.0
30,95,0,3621.0,4620.0,0.7837662
30,95,1,4620.0,4620.0,1.0
30,95,2,4576.0,4620.0,0.9904762
30,96,0,3621.0,4671.0,0.7752087
30,96,1,4620.0,4671.0,0.98908156
30,96,2,4671.0,4671.0,1.0
30,97,0,3621.0,4728.0,0.76586294
30,97,1,4620.0,4728.0,0.97715735
30,97,2,4728.0,4728.0,1.0
30,98,0,3621.0,4770.0,0.7591195
30,98,1,4770.0,4770.0,1.0
30,98,2,4728.0,4770.0,0.99119496
30,99,0,3621.0,4799.0,0.7545322
30,99,1,4799.0,4799.0,1.0
30,99,2,4728.0,4799.0,0.98520523
30,100,0,3621.0,4849.0,0.7467519
30,100,1,4849.0,4849.0,1.0
30,100,2,4728.0,4849.0,0.9750464
30,101,0,3621.0,4886.0,0.74109703
30,101,1,4849.0,4886.0,0.99242735
30,101,2,4886.0,4886.0,1.0
30,102,0,3621.0,4940.0,0.7329959
30,102,1,4849.0,4940.0,0.98157895
30,102,2,4940.0,4940.0,1.0
30,103,0,3621.0,4980.0,0.7271084
30,103,1,4980.0,4980.0,1.0
30,103,2,4940.0,4980.0,0.99196786
30,104,0,3621.0,5018.0,0.72160226
30,104,1,5018.0,5018.0,1.0
30,104,2,4940.0,5018.0,0.98445594
30,105,0,3621.0,5059.0,0.7157541
30,105,1,5059.0,5059.0,1.0
30,105,2,4940.0,5059.0,0.97647756
30,106,0,3621.0,5104.0,0.70944357
30,106,1,5104.0,5104.0,1.0
30,106,2,4940.0,5104.0,0.9678683
30,107,0,3621.0,5139.0,0.7046118
30,107,1,5104.0,5139.0,0.99318933
30,107,2,5139.0,5139.0,1.0
30,108,0,3621.0,5178.0,0.69930476
30,108,1,5178.0,5178.0,1.0
30,108,2,5139.0,5178.0,0.9924681
30,109,0,3621.0,5228.0,0.6926167
30,109,1,5228.0,5228.0,1.0
30,109,2,5139.0,5228.0,0.98297626
30,110,0,3621.0,5276.0,0.6863154
30,110,1,5276.0,5276.0,1.0
30,110,2,5139.0,5276.0,0.97403336
30,111,0,3621.0,5319.0,0.68076706
30,111,1,5319.0,5319.0,1.0
30,111,2,5139.0,5319.0,0.96615905
30,112,0,3621.0,5357.0,0.675938
30,112,1,5357.0,5357.0,1.0
30,112,2,5139.0,5357.0,0.9593056
30,113,0,3621.0,5398.0,0.670804
30,113,1,5357.0,5398.0,0.9924046
30,113,2,5398.0,5398.0,1.0
30,114,0,3621.0,5435.0,0.66623735
30,114,1,5435.0,5435.0,1.0
30,114,2,5398.0,5435.0,0.99319226
30,115,0,3621.0,5472.0,0.66173244
30,115,1,5472.0,5472.0,1.0
30,115,2,5398.0,5472.0,0.9864766
30,116,0,3621.0,5545.0,0.65302074
30,116,1,5472.0,5545.0,0.986835
30,116,2,5545.0,5545.0,1.0
30,117,0,3621.0,5587.0,0.6481117
30,117,1,5587.0,5587.0,1.0
30,117,2,5545.0,5587.0,0.99248254
30,118,0,3621.0,5643.0,0.64167994
30,118,1,5587.0,5643.0,0.9900762
30,118,2,5643.0,5643.0,1.0
30,119,0,3621.0,5685.0,0.6369393
30,119,1,5685.0,5685.0,1.0
30,119,2,5643.0,5685.0,0.9926121
30,120,0,3621.0,5717.0,0.63337415
30,120,1,5717.0,5717.0,1.0
30,120,2,5643.0,5717.0,0.98705614
30,121,0,3621.0,5748.0,0.6299583
30,121,1,5748.0,5748.0,1.0
30,121,2,5643.0,5748.0,0.9817328
30,122,0,3621.0,5785.0,0.6259291
30,122,1,5785.0,5785.0,1.0
30,122,2,5643.0,5785.0,0.97545373
30,123,0,3621.0,5823.0,0.6218444
30,123,1,5823.0,5823.0,1.0
30,123,2,5643.0,5823.0,0.9690881
30,124,0,3621.0,5872.0,0.6166553
30,124,1,5872.0,5872.0,1.0
30,124,2,5643.0,5872.0,0.96100134
30,125,0,3621.0,5928.0,0.61082995
30,125,1,5872.0,5928.0,0.9905533
30,125,2,5928.0,5928.0,1.0
30,126,0,3621.0,5959.0,0.6076523
30,126,1,5959.0,5959.0,1.0
30,126,2,5928.0,5959.0,0.99479777
30,127,0,3621.0,6000.0,0.6035
30,127,1,6000.0,6000.0,1.0
30,127,2,5928.0,6000.0,0.988
30,128,0,3621.0,6037.0,0.59980124
30,128,1,6000.0,6037.0,0.99387115
30,128,2,6037.0,6037.0,1.0
30,129,0,3621.0,6074.0,0.59614754
30,129,1,6074.0,6074.0,1.0
30,129,2,6037.0,6074.0,0.99390846
30,130,0,3621.0,6114.0,0.5922473
30,130,1,6074.0,6114.0,0.9934576
30,130,2,6114.0,6114.0,1.0
30,131,0,3621.0,6144.0,0.58935547
30,131,1,6144.0,6144.0,1.0
30,131,2,6114.0,6144.0,0.9951172
30,132,0,3621.0,6205.0,0.58356166
30,132,1,6144.0,6205.0,0.9901692
30,132,2,6205.0,6205.0,1.0
30,133,0,3621.0,6260.0,0.5784345
30,133,1,6144.0,6260.0,0.98146963
30,133,2,6260.0,6260.0,1.0
30,134,0,3621.0,6292.0,0.5754927
30,134,1,6292.0,6292.0,1.0
30,134,2,6260.0,6292.0,0.9949142
31,1,0,15.0,15.0,1.0
31,1,1,0.0,15.0,0.0
31,1,2,0.0,15.0,0.0
31,2,0,95.0,95.0,1.0
31,2,1,0.0,95.0,0.0
31,2,2,0.0,95.0,0.0
31,3,0,171.0,171.0,1.0
31,3,1,0.0,171.0,0.0
31,3,2,0.0,171.0,0.0
31,4,0,233.0,233.0,1.0
31,4,1,0.0,233.0,0.0
31,4,2,0.0,233.0,0.0
31,5,0,313.0,313.0,1.0
31,5,1,0.0,313.0,0.0
31,5,2,0.0,313.0,0.0
31,6,0,389.0,389.0,1.0
31,6,1,0.0,389.0,0.0
31,6,2,0.0,389.0,0.0
31,7,0,452.0,452.0,1.0
31,7,1,0.0,452.0,0.0
31,7,2,0.0,452.0,0.0
31,8,0,508.0,508.0,1.0
31,8,1,0.0,508.0,0.0
31,8,2,0.0,508.0,0.0
31,9,0,583.0,583.0,1.0
31,9,1,0.0,583.0,0.0
31,9,2,0.0,583.0,0.0
31,10,0,583.0,593.0,0.9831366
31,10,1,593.0,593.0,1.0
31,10,2,0.0,593.0,0.0
31,11,0,664.0,664.0,1.0
31,11,1,593.0,664.0,0.8930723
31,11,2,0.0,664.0,0.0
31,12,0,745.0,745.0,1.0
31,12,1,593.0,745.0,0.7959732
31,12,2,0.0,745.0,0.0
31,13,0,811.0,811.0,1.0
31,13,1,593.0,811.0,0.73119605
31,13,2,0.0,811.0,0.0
31,14,0,811.0,851.0,0.9529965
31,14,1,851.0,851.0,1.0
31,14,2,0.0,851.0,0.0
31,15,0,901.0,901.0,1.0
31,15,1,851.0,901.0,0.9445061
31,15,2,0.0,901.0,0.0
31,16,0,901.0,944.0,0.9544492
31,16,1,944.0,944.0,1.0
31,16,2,0.0,944.0,0.0
31,17,0,901.0,987.0,0.91286725
31,17,1,987.0,987.0,1.0
31,17,2,0.0,987.0,0.0
31,18,0,901.0,1016.0,0.886811
31,18,1,987.0,1016.0,0.9714567
31,18,2,1016.0,1016.0,1.0
31,19,0,1075.0,1075.0,1.0
31,19,1,987.0,1075.0,0.9181395
31,19,2,1016.0,1075.0,0.9451163
31,20,0,1147.0,1147.0,1.0
31,20,1,987.0,1147.0,0.86050564
31,20,2,1016.0,1147.0,0.88578904
31,21,0,1147.0,1217.0,0.9424815
31,21,1,987.0,1217.0,0.81101066
31,21,2,1217.0,1217.0,1.0
31,22,0,1147.0,1252.0,0.9161342
31,22,1,1252.0,1252.0,1.0
31,22,2,1217.0,1252.0,0.9720447
31,23,0,1147.0,1302.0,0.88095236
31,23,1,1302.0,1302.0,1.0
31,23,2,1217.0,1302.0,0.9347158
31,24,0,1147.0,1335.0,0.85917604
31,24,1,1335.0,1335.0,1.0
31,24,2,1217.0,1335.0,0.9116105
31,25,0,1147.0,1380.0,0.8311594
31,25,1,1335.0,1380.0,0.9673913
31,25,2,1380.0,1380.0,1.0
31,26,0,1147.0,1423.0,0.80604357
31,26,1,1335.0,1423.0,0.9381588
31,26,2,1423.0,1423.0,1.0
31,27,0,1147.0,1456.0,0.78777474
31,27,1,1456.0,1456.0,1.0
31,27,2,1423.0,1456.0,0.97733516
31,28,0,1147.0,1508.0,0.7606101
31,28,1,1456.0,1508.0,0.9655172
31,28,2,1508.0,1508.0,1.0
31,29,0,1147.0,1545.0,0.7423948
31,29,1,1456.0,1545.0,0.9423948
31,29,2,1545.0,1545.0,1.0
31,30,0,1147.0,1578.0,0.72686946
31,30,1,1578.0,1578.0,1.0
31,30,2,1545.0,1578.0,0.9790875
31,31,0,1147.0,1615.0,0.7102167
31,31,1,1578.0,1615.0,0.97708976
31,31,2,1615.0,1615.0,1.0
31,32,0,1147.0,1643.0,0.6981132
31,32,1,1643.0,1643.0,1.0
31,32,2,1615.0,1643.0,0.982958
31,33,0,1147.0,1678.0,0.68355185
31,33,1,1678.0,1678.0,1.0
31,33,2,1615.0,1678.0,0.96245533
31,34,0,1147.0,1714.0,0.6691949
31,34,1,1714.0,1714.0,1.0
31,34,2,1615.0,1714.0,0.94224036
31,35,0,1147.0,1783.0,0.6432978
31,35,1,1714.0,1783.0,0.9613012
31,35,2,1783.0,1783.0,1.0
31,36,0,1147.0,1818.0,0.6309131
31,36,1,1818.0,1818.0,1.0
31,36,2,1783.0,1818.0,0.98074806
31,37,0,1147.0,1849.0,0.62033534
31,37,1,1849.0,1849.0,1.0
31,37,2,1783.0,1849.0,0.96430504
31,38,0,1147.0,1899.0,0.6040021
31,38,1,1849.0,1899.0,0.97367036
31,38,2,1899.0,1899.0,1.0
31,39,0,1147.0,1942.0,0.5906282
31,39,1,1942.0,1942.0,1.0
31,39,2,1899.0,1942.0,0.9778579
31,40,0,2000.0,2000.0,1.0
31,40,1,1942.0,2000.0,0.971
31,40,2,1899.0,2000.0,0.9495
31,41,0,2000.0,2068.0,0.96711797
31,41,1,1942.0,2068.0,0.9390716
31,41,2,2068.0,2068.0,1.0
31,42,0,2000.0,2110.0,0.9478673
31,42,1,1942.0,2110.0,0.92037916
31,42,2,2110.0,2110.0,1.0
31,43,0,2000.0,2146.0,0.9319664
31,43,1,2146.0,2146.0,1.0
31,43,2,2110.0,2146.0,0.98322463
31,44,0,2000.0,2186.0,0.91491306
31,44,1,2186.0,2186.0,1.0
31,44,2,2110.0,2186.0,0.9652333
31,45,0,2000.0,2219.0,0.90130687
31,45,1,2219.0,2219.0,1.0
31,45,2,2110.0,2219.0,0.9508788
31,46,0,2000.0,2262.0,0.8841733
31,46,1,2262.0,2262.0,1.0
31,46,2,2110.0,2262.0,0.93280286
31,47,0,2000.0,2313.0,0.8646779
31,47,1,2262.0,2313.0,0.9779507
31,47,2,2313.0,2313.0,1.0
31,48,0,2000.0,2345.0,0.85287845
31,48,1,2345.0,2345.0,1.0
31,48,2,2313.0,2345.0,0.98635393
31,49,0,2000.0,2386.0,0.838223
31,49,1,2386.0,2386.0,1.0
31,49,2,2313.0,2386.0,0.9694049
31,50,0,2000.0,2431.0,0.8227067
31,50,1,2431.0,2431.0,1.0
31,50,2,2313.0,2431.0,0.9514603
31,51,0,2000.0,2468.0,0.81037277
31,51,1,2431.0,2468.0,0.9850081
31,51,2,2468.0,2468.0,1.0
31,52,0,2000.0,2510.0,0.7968128
31,52,1,2431.0,2510.0,0.9685259
31,52,2,2510.0,2510.0,1.0
31,53,0,2573.0,2573.0,1.0
31,53,1,2431.0,2573.0,0.9448115
31,53,2,2510.0,2573.0,0.97551495
31,54,0,2573.0,2611.0,0.9854462
31,54,1,2611.0,2611.0,1.0
31,54,2,2510.0,2611.0,0.9613175
31,55,0,2573.0,2677.0,0.9611505
31,55,1,2611.0,2677.0,0.97534555
31,55,2,2677.0,2677.0,1.0
31,56,0,2573.0,2726.0,0.9438738
31,56,1,2611.0,2726.0,0.9578136
31,56,2,2726.0,2726.0,1.0
31,57,0,2573.0,2763.0,0.9312342
31,57,1,2763.0,2763.0,1.0
31,57,2,2726.0,2763.0,0.98660874
31,58,0,2573.0,2824.0,0.911119
31,58,1,2763.0,2824.0,0.97839946
31,58,2,2824.0,2824.0,1.0
31,59,0,2883.0,2883.0,1.0
31,59,1,2763.0,2883.0,0.9583767
31,59,2,2824.0,2883.0,0.9795352
31,60,0,2957.0,2957.0,1.0
31,60,1,2763.0,2957.0,0.934393
31,60,2,2824.0,2957.0,0.955022
31,61,0,2957.0,2997.0,0.9866533
31,61,1,2997.0,2997.0,1.0
31,61,2,2824.0,2997.0,0.9422756
31,62,0,2957.0,3041.0,0.9723775
31,62,1,3041.0,3041.0,1.0
31,62,2,2824.0,3041.0,0.9286419
31,63,0,2957.0,3084.0,0.9588197
31,63,1,3084.0,3084.0,1.0
31,63,2,2824.0,3084.0,0.9156939
31,64,0,2957.0,3124.0,0.9465429
31,64,1,3124.0,3124.0,1.0
31,64,2,2824.0,3124.0,0.9039693
31,65,0,2957.0,3163.0,0.934872
31,65,1,3124.0,3163.0,0.98766994
31,65,2,3163.0,3163.0,1.0
31,66,0,2957.0,3203.0,0.92319703
31,66,1,3124.0,3203.0,0.9753356
31,66,2,3203.0,3203.0,1.0
31,67,0,2957.0,3239.0,0.9129361
31,67,1,3124.0,3239.0,0.96449524
31,67,2,3239.0,3239.0,1.0
31,68,0,2957.0,3294.0,0.8976928
31,68,1,3124.0,3294.0,0.948391
31,68,2,3294.0,3294.0,1.0
31,69,0,3365.0,3365.0,1.0
31,69,1,3124.0,3365.0,0.92838037
31,69,2,3294.0,3365.0,0.97890043
31,70,0,3365.0,3414.0,0.9856473
31,70,1,3124.0,3414.0,0.91505563
31,70,2,3414.0,3414.0,1.0
31,71,0,3365.0,3452.0,0.9747972
31,71,1,3124.0,3452.0,0.9049826
31,71,2,3452.0,3452.0,1.0
31,72,0,3365.0,3490.0,0.9641834
31,72,1,3490.0,3490.0,1.0
31,72,2,3452.0,3490.0,0.9891117
31,73,0,3365.0,3532.0,0.952718
31,73,1,3532.0,3532.0,1.0
31,73,2,3452.0,3532.0,0.97734994
31,74,0,3365.0,3565.0,0.94389904
31,74,1,3565.0,3565.0,1.0
31,74,2,3452.0,3565.0,0.96830297
31,75,0,3365.0,3600.0,0.93472224
31,75,1,3600.0,3600.0,1.0
31,75,2,3452.0,3600.0,0.9588889
31,76,0,3365.0,3643.0,0.92368925
31,76,1,3643.0,3643.0,1.0
31,76,2,3452.0,3643.0,0.9475707
31,77,0,3365.0,3692.0,0.9114301
31,77,1,3692.0,3692.0,1.0
31,77,2,3452.0,3692.0,0.9349946
31,78,0,3365.0,3737.0,0.90045494
31,78,1,3737.0,3737.0,1.0
31,78,2,3452.0,3737.0,0.9237356
31,79,0,3365.0,3787.0,0.88856614
31,79,1,3787.0,3787.0,1.0
31,79,2,3452.0,3787.0,0.9115395
31,80,0,3365.0,3855.0,0.8728923
31,80,1,3787.0,3855.0,0.98236054
31,80,2,3855.0,3855.0,1.0
31,81,0,3365.0,3896.0,0.86370635
31,81,1,3787.0,3896.0,0.9720226
31,81,2,3896.0,3896.0,1.0
31,82,0,3365.0,3933.0,0.855581
31,82,1,3933.0,3933.0,1.0
31,82,2,3896.0,3933.0,0.9905924
31,83,0,3365.0,3979.0,0.8456899
31,83,1,3979.0,3979.0,1.0
31,83,2,3896.0,3979.0,0.97914046
31,84,0,3365.0,4024.0,0.8362326
31,84,1,4024.0,4024.0,1.0
31,84,2,3896.0,4024.0,0.96819085
31,85,0,3365.0,4066.0,0.8275947
31,85,1,4066.0,4066.0,1.0
31,85,2,3896.0,4066.0,0.95818985
31,86,0,3365.0,4139.0,0.8129983
31,86,1,4066.0,4139.0,0.98236287
31,86,2,4139.0,4139.0,1.0
31,87,0,3365.0,4183.0,0.8044466
31,87,1,4183.0,4183.0,1.0
31,87,2,4139.0,4183.0,0.9894812
31,88,0,3365.0,4217.0,0.79796064
31,88,1,4217.0,4217.0,1.0
31,88,2,4139.0,4217.0,0.9815034
31,89,0,3365.0,4259.0,0.7900916
31,89,1,4259.0,4259.0,1.0
31,89,2,4139.0,4259.0,0.97182435
31,90,0,3365.0,4297.0,0.7831045
31,90,1,4297.0,4297.0,1.0
31,90,2,4139.0,4297.0,0.96323013
31,91,0,3365.0,4334.0,0.776419
31,91,1,4334.0,4334.0,1.0
31,91,2,4139.0,4334.0,0.9550069
31,92,0,3365.0,4364.0,0.77108157
31,92,1,4364.0,4364.0,1.0
31,92,2,4139.0,4364.0,0.9484418
31,93,0,3365.0,4418.0,0.7616569
31,93,1,4364.0,4418.0,0.9877773
31,93,2,4418.0,4418.0,1.0
31,94,0,3365.0,4460.0,0.7544843
31,94,1,4460.0,4460.0,1.0
31,94,2,4418.0,4460.0,0.99058294
31,95,0,3365.0,4505.0,0.7469478
31,95,1,4505.0,4505.0,1.0
31,95,2,4418.0,4505.0,0.9806881
31,96,0,3365.0,4553.0,0.73907316
31,96,1,4505.0,4553.0,0.9894575
31,96,2,4553.0,4553.0,1.0
31,97,0,3365.0,4587.0,0.73359495
31,97,1,4587.0,4587.0,1.0
31,97,2,4553.0,4587.0,0.99258775
31,98,0,3365.0,4647.0,0.72412306
31,98,1,4587.0,4647.0,0.98708844
31,98,2,4647.0,4647.0,1.0
31,99,0,3365.0,4712.0,0.7141341
31,99,1,4587.0,4712.0,0.973472
31,99,2,4712.0,4712.0,1.0
31,100,0,3365.0,4757.0,0.7073786
31,100,1,4757.0,4757.0,1.0
31,100,2,4712.0,4757.0,0.99054027
31,101,0,3365.0,4807.0,0.7000208
31,101,1,4807.0,4807.0,1.0
31,101,2,4712.0,4807.0,0.9802371
31,102,0,3365.0,4848.0,0.6941007
31,102,1,4848.0,4848.0,1.0
31,102,2,4712.0,4848.0,0.9719472
31,103,0,3365.0,4887.0,0.6885615
31,103,1,4848.0,4887.0,0.99201965
31,103,2,4887.0,4887.0,1.0
31,104,0,3365.0,4937.0,0.681588
31,104,1,4937.0,4937.0,1.0
31,104,2,4887.0,4937.0,0.9898724
31,105,0,3365.0,4978.0,0.6759743
31,105,1,4978.0,4978.0,1.0
31,105,2,4887.0,4978.0,0.98171955
31,106,0,3365.0,5009.0,0.6717908
31,106,1,5009.0,5009.0,1.0
31,106,2,4887.0,5009.0,0.9756438
31,107,0,3365.0,5051.0,0.6662047
31,107,1,5051.0,5051.0,1.0
31,107,2,4887.0,5051.0,0.9675312
31,108,0,3365.0,5125.0,0.6565854
31,108,1,5051.0,5125.0,0.98556095
31,108,2,5125.0,5125.0,1.0
31,109,0,3365.0,5174.0,0.6503672
31,109,1,5174.0,5174.0,1.0
31,109,2,5125.0,5174.0,0.9905296
31,110,0,3365.0,5209.0,0.6459973
31,110,1,5174.0,5209.0,0.9932809
31,110,2,5209.0,5209.0,1.0
31,111,0,3365.0,5255.0,0.64034253
31,111,1,5255.0,5255.0,1.0
31,111,2,5209.0,5255.0,0.9912464
31,112,0,3365.0,5311.0,0.63359064
31,112,1,5255.0,5311.0,0.9894558
31,112,2,5311.0,5311.0,1.0
31,113,0,3365.0,5384.0,0.625
31,113,1,5255.0,5384.0,0.9760401
31,113,2,5384.0,5384.0,1.0
31,114,0,3365.0,5421.0,0.62073416
31,114,1,5421.0,5421.0,1.0
31,114,2,5384.0,5421.0,0.9931747
31,115,0,3365.0,5461.0,0.6161875
31,115,1,5421.0,5461.0,0.9926753
31,115,2,5461.0,5461.0,1.0
31,116,0,3365.0,5499.0,0.6119294
31,116,1,5499.0,5499.0,1.0
31,116,2,5461.0,5499.0,0.9930897
31,117,0,3365.0,5549.0,0.60641557
31,117,1,5499.0,5549.0,0.9909894
31,117,2,5549.0,5549.0,1.0
31,118,0,3365.0,5594.0,0.60153735
31,118,1,5594.0,5594.0,1.0
31,118,2,5549.0,5594.0,0.99195564
31,119,0,3365.0,5663.0,0.594208
31,119,1,5594.0,5663.0,0.9878156
31,119,2,5663.0,5663.0,1.0
31,120,0,3365.0,5700.0,0.59035087
31,120,1,5700.0,5700.0,1.0
31,120,2,5663.0,5700.0,0.99350876
31,121,0,3365.0,5756.0,0.58460736
31,121,1,5700.0,5756.0,0.99027103
31,121,2,5756.0,5756.0,1.0
31,122,0,3365.0,5800.0,0.5801724
31,122,1,5800.0,5800.0,1.0
31,122,2,5756.0,5800.0,0.9924138
31,123,0,3365.0,5873.0,0.57296103
31,123,1,5800.0,5873.0,0.9875702
31,123,2,5873.0,5873.0,1.0
31,124,0,3365.0,5937.0,0.56678456
31,124,1,5800.0,5937.0,0.97692436
31,124,2,5937.0,5937.0,1.0
31,125,0,3365.0,5978.0,0.56289726
31,125,1,5978.0,5978.0,1.0
31,125,2,5937.0,5978.0,0.99314153
31,126,0,3365.0,6009.0,0.5599933
31,126,1,6009.0,6009.0,1.0
31,126,2,5937.0,6009.0,0.988018
31,127,0,3365.0,6050.0,0.55619836
31,127,1,6009.0,6050.0,0.99322313
31,127,2,6050.0,6050.0,1.0
31,128,0,3365.0,6100.0,0.5516393
31,128,1,6100.0,6100.0,1.0
31,128,2,6050.0,6100.0,0.9918033
31,129,0,3365.0,6132.0,0.5487606
31,129,1,6132.0,6132.0,1.0
31,129,2,6050.0,6132.0,0.9866275
31,130,0,3365.0,6159.0,0.54635495
31,130,1,6159.0,6159.0,1.0
31,130,2,6050.0,6159.0,0.9823023
31,131,0,3365.0,6207.0,0.5421299
31,131,1,6207.0,6207.0,1.0
31,131,2,6050.0,6207.0,0.974706
31,132,0,3365.0,6237.0,0.53952223
31,132,1,6237.0,6237.0,1.0
31,132,2,6050.0,6237.0,0.9700176
31,133,0,3365.0,6285.0,0.53540176
31,133,1,6285.0,6285.0,1.0
31,133,2,6050.0,6285.0,0.9626094
31,134,0,3365.0,6327.0,0.53184766
31,134,1,6327.0,6327.0,1.0
31,134,2,6050.0,6327.0,0.9562194
32,1,0,25.0,25.0,1.0
32,1,1,0.0,25.0,0.0
32,1,2,0.0,25.0,0.0
32,2,0,84.0,84.0,1.0
32,2,1,0.0,84.0,0.0
32,2,2,0.0,84.0,0.0
32,3,0,142.0,142.0,1.0
32,3,1,0.0,142.0,0.0
32,3,2,0.0,142.0,0.0
32,4,0,218.0,218.0,1.0
32,4,1,0.0,218.0,0.0
32,4,2,0.0,218.0,0.0
32,5,0,273.0,273.0,1.0
32,5,1,0.0,273.0,0.0
32,5,2,0.0,273.0,0.0
32,6,0,273.0,288.0,0.9479167
32,6,1,288.0,288.0,1.0
32,6,2,0.0,288.0,0.0
32,7,0,351.0,351.0,1.0
32,7,1,288.0,351.0,0.82051283
32,7,2,0.0,351.0,0.0
32,8,0,351.0,386.0,0.90932643
32,8,1,386.0,386.0,1.0
32,8,2,0.0,386.0,0.0
32,9,0,448.0,448.0,1.0
32,9,1,386.0,448.0,0.86160713
32,9,2,0.0,448.0,0.0
32,10,0,448.0,498.0,0.8995984
32,10,1,498.0,498.0,1.0
32,10,2,0.0,498.0,0.0
32,11,0,448.0,534.0,0.8389513
32,11,1,534.0,534.0,1.0
32,11,2,0.0,534.0,0.0
32,12,0,612.0,612.0,1.0
32,12,1,534.0,612.0,0.872549
32,12,2,0.0,612.0,0.0
32,13,0,653.0,653.0,1.0
32,13,1,534.0,653.0,0.81776416
32,13,2,0.0,653.0,0.0
32,14,0,697.0,697.0,1.0
32,14,1,534.0,697.0,0.7661406
32,14,2,0.0,697.0,0.0
32,15,0,762.0,762.0,1.0
32,15,1,534.0,762.0,0.7007874
32,15,2,0.0,762.0,0.0
32,16,0,762.0,793.0,0.96090794
32,16,1,793.0,793.0,1.0
32,16,2,0.0,793.0,0.0
32,17,0,864.0,864.0,1.0
32,17,1,793.0,864.0,0.9178241
32,17,2,0.0,864.0,0.0
32,18,0,935.0,935.0,1.0
32,18,1,793.0,935.0,0.8481283
32,18,2,0.0,935.0,0.0
32,19,0,935.0,975.0,0.95897436
32,19,1,793.0,975.0,0.81333333
32,19,2,975.0,975.0,1.0
32,20,0,1041.0,1041.0,1.0
32,20,1,793.0,1041.0,0.7617675
32,20,2,975.0,1041.0,0.93659943
32,21,0,1041.0,1074.0,0.96927375
32,21,1,1074.0,1074.0,1.0
32,21,2,975.0,1074.0,0.90782124
32,22,0,1041.0,1104.0,0.9429348
32,22,1,1104.0,1104.0,1.0
32,22,2,975.0,1104.0,0.8831522
32,23,0,1041.0,1144.0,0.90996504
32,23,1,1144.0,1144.0,1.0
32,23,2,975.0,1144.0,0.85227275
32,24,0,1041.0,1188.0,0.8762626
32,24,1,1144.0,1188.0,0.962963
32,24,2,1188.0,1188.0,1.0
32,25,0,1041.0,1225.0,0.84979594
32,25,1,1144.0,1225.0,0.9338775
32,25,2,1225.0,1225.0,1.0
32,26,0,1041.0,1289.0,0.80760276
32,26,1,1144.0,1289.0,0.8875097
32,26,2,1289.0,1289.0,1.0
32,27,0,1041.0,1334.0,0.7803598
32,27,1,1144.0,1334.0,0.8575712
32,27,2,1334.0,1334.0,1.0
32,28,0,1394.0,1394.0,1.0
32,28,1,1144.0,1394.0,0.82066
32,28,2,1334.0,1394.0,0.9569584
32,29,0,1394.0,1437.0,0.97007656
32,29,1,1437.0,1437.0,1.0
32,29,2,1334.0,1437.0,0.9283229
32,30,0,1394.0,1470.0,0.94829935
32,30,1,1470.0,1470.0,1.0
32,30,2,1334.0,1470.0,0.907483
32,31,0,1527.0,1527.0,1.0
32,31,1,1470.0,1527.0,0.9626719
32,31,2,1334.0,1527.0,0.8736084
32,32,0,1527.0,1572.0,0.97137403
32,32,1,1470.0,1572.0,0.9351145
32,32,2,1572.0,1572.0,1.0
32,33,0,1527.0,1609.0,0.94903666
32,33,1,1470.0,1609.0,0.91361094
32,33,2,1609.0,1609.0,1.0
32,34,0,1527.0,1643.0,0.92939746
32,34,1,1643.0,1643.0,1.0
32,34,2,1609.0,1643.0,0.97930616
32,35,0,1527.0,1676.0,0.9110978
32,35,1,1676.0,1676.0,1.0
32,35,2,1609.0,1676.0,0.9600239
32,36,0,1527.0,1719.0,0.88830715
32,36,1,1719.0,1719.0,1.0
32,36,2,1609.0,1719.0,0.9360093
32,37,0,1800.0,1800.0,1.0
32,37,1,1719.0,1800.0,0.955
32,37,2,1609.0,1800.0,0.8938889
32,38,0,1800.0,1842.0,0.9771987
32,38,1,1719.0,1842.0,0.93322474
32,38,2,1842.0,1842.0,1.0
32,39,0,1800.0,1887.0,0.9538951
32,39,1,1887.0,1887.0,1.0
32,39,2,1842.0,1887.0,0.9761526
32,40,0,1800.0,1957.0,0.9197752
32,40,1,1887.0,1957.0,0.96423095
32,40,2,1957.0,1957.0,1.0
32,41,0,1800.0,1992.0,0.90361446
32,41,1,1992.0,1992.0,1.0
32,41,2,1957.0,1992.0,0.98242974
32,42,0,1800.0,2022.0,0.8902077
32,42,1,2022.0,2022.0,1.0
32,42,2,1957.0,2022.0,0.9678536
32,43,0,1800.0,2056.0,0.8754864
32,43,1,2056.0,2056.0,1.0
32,43,2,1957.0,2056.0,0.95184827
32,44,0,1800.0,2113.0,0.8518694
32,44,1,2056.0,2113.0,0.97302413
32,44,2,2113.0,2113.0,1.0
32,45,0,1800.0,2151.0,0.83682007
32,45,1,2056.0,2151.0,0.9558345
32,45,2,2151.0,2151.0,1.0
32,46,0,1800.0,2191.0,0.8215427
32,46,1,2056.0,2191.0,0.9383843
32,46,2,2191.0,2191.0,1.0
32,47,0,1800.0,2230.0,0.80717486
32,47,1,2230.0,2230.0,1.0
32,47,2,2191.0,2230.0,0.9825112
32,48,0,1800.0,2263.0,0.7954043
32,48,1,2263.0,2263.0,1.0
32,48,2,2191.0,2263.0,0.9681838
32,49,0,1800.0,2304.0,0.78125
32,49,1,2263.0,2304.0,0.98220485
32,49,2,2304.0,2304.0,1.0
32,50,0,2380.0,2380.0,1.0
32,50,1,2263.0,2380.0,0.95084035
32,50,2,2304.0,2380.0,0.9680672
32,51,0,2380.0,2423.0,0.98225343
32,51,1,2423.0,2423.0,1.0
32,51,2,2304.0,2423.0,0.9508873
32,52,0,2380.0,2462.0,0.96669376
32,52,1,2423.0,2462.0,0.98415923
32,52,2,2462.0,2462.0,1.0
32,53,0,2380.0,2505.0,0.9500998
32,53,1,2505.0,2505.0,1.0
32,53,2,2462.0,2505.0,0.98283434
32,54,0,2380.0,2546.0,0.9347997
32,54,1,2546.0,2546.0,1.0
32,54,2,2462.0,2546.0,0.96700704
32,55,0,2380.0,2590.0,0.9189189
32,55,1,2590.0,2590.0,1.0
32,55,2,2462.0,2590.0,0.95057917
32,56,0,2664.0,2664.0,1.0
32,56,1,2590.0,2664.0,0.9722222
32,56,2,2462.0,2664.0,0.9241742
32,57,0,2664.0,2700.0,0.9866667
32,57,1,2590.0,2700.0,0.9592593
32,57,2,2700.0,2700.0,1.0
32,58,0,2664.0,2745.0,0.9704918
32,58,1,2745.0,2745.0,1.0
32,58,2,2700.0,2745.0,0.9836066
32,59,0,2664.0,2787.0,0.9558665
32,59,1,2745.0,2787.0,0.98493004
32,59,2,2787.0,2787.0,1.0
32,60,0,2664.0,2827.0,0.9423417
32,60,1,2827.0,2827.0,1.0
32,60,2,2787.0,2827.0,0.98585075
32,61,0,2664.0,2864.0,0.9301676
32,61,1,2827.0,2864.0,0.987081
32,61,2,2864.0,2864.0,1.0
32,62,0,2664.0,2913.0,0.9145211
32,62,1,2827.0,2913.0,0.97047716
32,62,2,2913.0,2913.0,1.0
32,63,0,2993.0,2993.0,1.0
32,63,1,2827.0,2993.0,0.9445373
32,63,2,2913.0,2993.0,0.97327095
32,64,0,2993.0,3034.0,0.9864865
32,64,1,2827.0,3034.0,0.93177325
32,64,2,3034.0,3034.0,1.0
32,65,0,2993.0,3103.0,0.96455044
32,65,1,2827.0,3103.0,0.91105384
32,65,2,3103.0,3103.0,1.0
32,66,0,2993.0,3138.0,0.9537922
32,66,1,3138.0,3138.0,1.0
32,66,2,3103.0,3138.0,0.9888464
32,67,0,2993.0,3183.0,0.9403079
32,67,1,3183.0,3183.0,1.0
32,67,2,3103.0,3183.0,0.97486645
32,68,0,2993.0,3216.0,0.9306592
32,68,1,3216.0,3216.0,1.0
32,68,2,3103.0,3216.0,0.9648632
32,69,0,2993.0,3277.0,0.9133354
32,69,1,3216.0,3277.0,0.9813854
32,69,2,3277.0,3277.0,1.0
32,70,0,2993.0,3309.0,0.90450287
32,70,1,3309.0,3309.0,1.0
32,70,2,3277.0,3309.0,0.9903294
32,71,0,2993.0,3346.0,0.8945009
32,71,1,3346.0,3346.0,1.0
32,71,2,3277.0,3346.0,0.97937834
32,72,0,2993.0,3400.0,0.88029414
32,72,1,3346.0,3400.0,0.9841176
32,72,2,3400.0,3400.0,1.0
32,73,0,2993.0,3438.0,0.8705643
32,73,1,3438.0,3438.0,1.0
32,73,2,3400.0,3438.0,0.98894703
32,74,0,2993.0,3487.0,0.85833097
32,74,1,3487.0,3487.0,1.0
32,74,2,3400.0,3487.0,0.9750502
32,75,0,2993.0,3553.0,0.8423867
32,75,1,3487.0,3553.0,0.98142415
32,75,2,3553.0,3553.0,1.0
32,76,0,2993.0,3596.0,0.83231366
32,76,1,3596.0,3596.0,1.0
32,76,2,3553.0,3596.0,0.9880423
32,77,0,2993.0,3646.0,0.8208996
32,77,1,3646.0,3646.0,1.0
32,77,2,3553.0,3646.0,0.9744926
32,78,0,2993.0,3685.0,0.8122117
32,78,1,3685.0,3685.0,1.0
32,78,2,3553.0,3685.0,0.9641791
32,79,0,2993.0,3718.0,0.8050027
32,79,1,3685.0,3718.0,0.9911243
32,79,2,3718.0,3718.0,1.0
32,80,0,2993.0,3768.0,0.7943206
32,80,1,3768.0,3768.0,1.0
32,80,2,3718.0,3768.0,0.98673034
32,81,0,2993.0,3810.0,0.7855643
32,81,1,3810.0,3810.0,1.0
32,81,2,3718.0,3810.0,0.975853
32,82,0,2993.0,3850.0,0.7774026
32,82,1,3850.0,3850.0,1.0
32,82,2,3718.0,3850.0,0.9657143
32,83,0,2993.0,3899.0,0.7676327
32,83,1,3850.0,3899.0,0.98743266
32,83,2,3899.0,3899.0,1.0
32,84,0,2993.0,3972.0,0.75352466
32,84,1,3850.0,3972.0,0.969285
32,84,2,3972.0,3972.0,1.0
32,85,0,2993.0,4018.0,0.74489796
32,85,1,4018.0,4018.0,1.0
32,85,2,3972.0,4018.0,0.9885515
32,86,0,2993.0,4068.0,0.7357424
32,86,1,4068.0,4068.0,1.0
32,86,2,3972.0,4068.0,0.97640115
32,87,0,2993.0,4109.0,0.72840106
32,87,1,4109.0,4109.0,1.0
32,87,2,3972.0,4109.0,0.96665853
32,88,0,2993.0,4151.0,0.72103107
32,88,1,4151.0,4151.0,1.0
32,88,2,3972.0,4151.0,0.9568779
32,89,0,2993.0,4188.0,0.71466094
32,89,1,4188.0,4188.0,1.0
32,89,2,3972.0,4188.0,0.94842404
32,90,0,2993.0,4221.0,0.70907366
32,90,1,4221.0,4221.0,1.0
32,90,2,3972.0,4221.0,0.9410092
32,91,0,2993.0,4260.0,0.7025822
32,91,1,4221.0,4260.0,0.9908451
32,91,2,4260.0,4260.0,1.0
32,92,0,2993.0,4302.0,0.69572294
32,92,1,4302.0,4302.0,1.0
32,92,2,4260.0,4302.0,0.9902371
32,93,0,2993.0,4343.0,0.689155
32,93,1,4343.0,4343.0,1.0
32,93,2,4260.0,4343.0,0.9808888
32,94,0,2993.0,4386.0,0.68239856
32,94,1,4386.0,4386.0,1.0
32,94,2,4260.0,4386.0,0.97127223
32,95,0,2993.0,4454.0,0.67198026
32,95,1,4386.0,4454.0,0.9847328
32,95,2,4454.0,4454.0,1.0
32,96,0,2993.0,4496.0,0.6657028
32,96,1,4496.0,4496.0,1.0
32,96,2,4454.0,4496.0,0.99065834
32,97,0,2993.0,4527.0,0.66114426
32,97,1,4527.0,4527.0,1.0
32,97,2,4454.0,4527.0,0.98387456
32,98,0,2993.0,4560.0,0.6563597
32,98,1,4560.0,4560.0,1.0
32,98,2,4454.0,4560.0,0.97675437
32,99,0,2993.0,4625.0,0.64713514
32,99,1,4560.0,4625.0,0.98594594
32,99,2,4625.0,4625.0,1.0
32,100,0,2993.0,4675.0,0.6402139
32,100,1,4675.0,4675.0,1.0
32,100,2,4625.0,4675.0,0.98930484
32,101,0,2993.0,4720.0,0.63411015
32,101,1,4720.0,4720.0,1.0
32,101,2,4625.0,4720.0,0.9798729
32,102,0,2993.0,4755.0,0.6294427
32,102,1,4755.0,4755.0,1.0
32,102,2,4625.0,4755.0,0.97266036
32,103,0,2993.0,4797.0,0.62393165
32,103,1,4797.0,4797.0,1.0
32,103,2,4625.0,4797.0,0.96414423
32,104,0,2993.0,4866.0,0.61508423
32,104,1,4797.0,4866.0,0.98582
32,104,2,4866.0,4866.0,1.0
32,105,0,2993.0,4902.0,0.6105671
32,105,1,4902.0,4902.0,1.0
32,105,2,4866.0,4902.0,0.99265605
32,106,0,2993.0,4947.0,0.60501313
32,106,1,4947.0,4947.0,1.0
32,106,2,4866.0,4947.0,0.9836264
32,107,0,2993.0,5020.0,0.5962151
32,107,1,4947.0,5020.0,0.9854582
32,107,2,5020.0,5020.0,1.0
32,108,0,2993.0,5069.0,0.5904518
32,108,1,5069.0,5069.0,1.0
32,108,2,5020.0,5069.0,0.9903334
32,109,0,2993.0,5122.0,0.58434206
32,109,1,5069.0,5122.0,0.98965245
32,109,2,5122.0,5122.0,1.0
32,110,0,2993.0,5195.0,0.57613087
32,110,1,5069.0,5195.0,0.9757459
32,110,2,5195.0,5195.0,1.0
32,111,0,2993.0,5232.0,0.5720566
32,111,1,5232.0,5232.0,1.0
32,111,2,5195.0,5232.0,0.99292815
32,112,0,2993.0,5283.0,0.56653416
32,112,1,5232.0,5283.0,0.9903464
32,112,2,5283.0,5283.0,1.0
32,113,0,2993.0,5339.0,0.5605919
32,113,1,5232.0,5339.0,0.9799588
32,113,2,5339.0,5339.0,1.0
32,114,0,2993.0,5377.0,0.5566301
32,114,1,5377.0,5377.0,1.0
32,114,2,5339.0,5377.0,0.99293286
32,115,0,2993.0,5418.0,0.5524179
32,115,1,5418.0,5418.0,1.0
32,115,2,5339.0,5418.0,0.985419
32,116,0,2993.0,5456.0,0.5485704
32,116,1,5456.0,5456.0,1.0
32,116,2,5339.0,5456.0,0.97855574
32,117,0,2993.0,5493.0,0.5448753
32,117,1,5493.0,5493.0,1.0
32,117,2,5339.0,5493.0,0.9719643
32,118,0,2993.0,5525.0,0.54171944
32,118,1,5525.0,5525.0,1.0
32,118,2,5339.0,5525.0,0.9663348
32,119,0,2993.0,5593.0,0.5351332
32,119,1,5525.0,5593.0,0.98784196
32,119,2,5593.0,5593.0,1.0
32,120,0,2993.0,5649.0,0.5298283
32,120,1,5525.0,5649.0,0.9780492
32,120,2,5649.0,5649.0,1.0
32,121,0,2993.0,5679.0,0.5270294
32,121,1,5679.0,5679.0,1.0
32,121,2,5649.0,5679.0,0.99471736
32,122,0,2993.0,5716.0,0.5236179
32,122,1,5716.0,5716.0,1.0
32,122,2,5649.0,5716.0,0.9882785
32,123,0,2993.0,5780.0,0.51782006
32,123,1,5716.0,5780.0,0.98892736
32,123,2,5780.0,5780.0,1.0
32,124,0,2993.0,5830.0,0.5133791
32,124,1,5830.0,5830.0,1.0
32,124,2,5780.0,5830.0,0.99142367
32,125,0,2993.0,5861.0,0.5106637
32,125,1,5861.0,5861.0,1.0
32,125,2,5780.0,5861.0,0.9861798
32,126,0,2993.0,5893.0,0.5078907
32,126,1,5893.0,5893.0,1.0
32,126,2,5780.0,5893.0,0.9808247
32,127,0,2993.0,5953.0,0.50277174
32,127,1,5893.0,5953.0,0.98992103
32,127,2,5953.0,5953.0,1.0
32,128,0,2993.0,5999.0,0.49891648
32,128,1,5999.0,5999.0,1.0
32,128,2,5953.0,5999.0,0.99233204
32,129,0,2993.0,6039.0,0.49561185
32,129,1,5999.0,6039.0,0.9933764
32,129,2,6039.0,6039.0,1.0
32,130,0,2993.0,6087.0,0.49170363
32,130,1,6087.0,6087.0,1.0
32,130,2,6039.0,6087.0,0.99211437
32,131,0,2993.0,6127.0,0.48849356
32,131,1,6087.0,6127.0,0.9934715
32,131,2,6127.0,6127.0,1.0
32,132,0,2993.0,6177.0,0.48453942
32,132,1,6087.0,6177.0,0.9854298
32,132,2,6177.0,6177.0,1.0
32,133,0,2993.0,6220.0,0.4811897
32,133,1,6220.0,6220.0,1.0
32,133,2,6177.0,6220.0,0.9930868
32,134,0,2993.0,6262.0,0.47796232
32,134,1,6262.0,6262.0,1.0
32,134,2,6177.0,6262.0,0.98642606
33,1,0,40.0,40.0,1.0
33,1,1,0.0,40.0,0.0
33,1,2,0.0,40.0,0.0
33,2,0,105.0,105.0,1.0
33,2,1,0.0,105.0,0.0
33,2,2,0.0,105.0,0.0
33,3,0,156.0,156.0,1.0
33,3,1,0.0,156.0,0.0
33,3,2,0.0,156.0,0.0
33,4,0,204.0,204.0,1.0
33,4,1,0.0,204.0,0.0
33,4,2,0.0,204.0,0.0
33,5,0,275.0,275.0,1.0
33,5,1,0.0,275.0,0.0
33,5,2,0.0,275.0,0.0
33,6,0,337.0,337.0,1.0
33,6,1,0.0,337.0,0.0
33,6,2,0.0,337.0,0.0
33,7,0,393.0,393.0,1.0
33,7,1,0.0,393.0,0.0
33,7,2,0.0,393.0,0.0
33,8,0,393.0,413.0,0.95157385
33,8,1,413.0,413.0,1.0
33,8,2,0.0,413.0,0.0
33,9,0,457.0,457.0,1.0
33,9,1,413.0,457.0,0.9037199
33,9,2,0.0,457.0,0.0
33,10,0,457.0,490.0,0.93265307
33,10,1,490.0,490.0,1.0
33,10,2,0.0,490.0,0.0
33,11,0,457.0,519.0,0.8805395
33,11,1,490.0,519.0,0.9441233
33,11,2,519.0,519.0,1.0
33,12,0,457.0,549.0,0.8324226
33,12,1,549.0,549.0,1.0
33,12,2,519.0,549.0,0.9453552
33,13,0,457.0,579.0,0.78929186
33,13,1,579.0,579.0,1.0
33,13,2,519.0,579.0,0.89637303
33,14,0,655.0,655.0,1.0
33,14,1,579.0,655.0,0.8839695
33,14,2,519.0,655.0,0.7923664
33,15,0,655.0,710.0,0.92253524
33,15,1,579.0,710.0,0.8154929
33,15,2,710.0,710.0,1.0
33,16,0,655.0,752.0,0.87101066
33,16,1,752.0,752.0,1.0
33,16,2,710.0,752.0,0.94414896
33,17,0,807.0,807.0,1.0
33,17,1,752.0,807.0,0.9318463
33,17,2,710.0,807.0,0.87980175
33,18,0,807.0,847.0,0.9527745
33,18,1,752.0,847.0,0.88783944
33,18,2,847.0,847.0,1.0
33,19,0,807.0,892.0,0.9047085
33,19,1,752.0,892.0,0.84304935
33,19,2,892.0,892.0,1.0
33,20,0,967.0,967.0,1.0
33,20,1,752.0,967.0,0.7776629
33,20,2,892.0,967.0,0.9224405
33,21,0,967.0,1010.0,0.9574257
33,21,1,1010.0,1010.0,1.0
33,21,2,892.0,1010.0,0.88316834
33,22,0,967.0,1044.0,0.9262452
33,22,1,1044.0,1044.0,1.0
33,22,2,892.0,1044.0,0.8544061
33,23,0,967.0,1086.0,0.8904236
33,23,1,1044.0,1086.0,0.96132594
33,23,2,1086.0,1086.0,1.0
33,24,0,1164.0,1164.0,1.0
33,24,1,1044.0,1164.0,0.8969072
33,24,2,1086.0,1164.0,0.9329897
33,25,0,1164.0,1198.0,0.97161937
33,25,1,1198.0,1198.0,1.0
33,25,2,1086.0,1198.0,0.90651083
33,26,0,1241.0,1241.0,1.0
33,26,1,1198.0,1241.0,0.9653505
33,26,2,1086.0,1241.0,0.87510073
33,27,0,1241.0,1277.0,0.9718089
33,27,1,1277.0,1277.0,1.0
33,27,2,1086.0,1277.0,0.85043067
33,28,0,1321.0,1321.0,1.0
33,28,1,1277.0,1321.0,0.9666919
33,28,2,1086.0,1321.0,0.82210445
33,29,0,1321.0,1366.0,0.9670571
33,29,1,1366.0,1366.0,1.0
33,29,2,1086.0,1366.0,0.79502195
33,30,0,1321.0,1399.0,0.9442459
33,30,1,1399.0,1399.0,1.0
33,30,2,1086.0,1399.0,0.7762688
33,31,0,1471.0,1471.0,1.0
33,31,1,1399.0,1471.0,0.9510537
33,31,2,1086.0,1471.0,0.73827326
33,32,0,1471.0,1515.0,0.9709571
33,32,1,1515.0,1515.0,1.0
33,32,2,1086.0,1515.0,0.7168317
33,33,0,1471.0,1551.0,0.94842035
33,33,1,1551.0,1551.0,1.0
33,33,2,1086.0,1551.0,0.7001934
33,34,0,1471.0,1621.0,0.9074645
33,34,1,1551.0,1621.0,0.9568168
33,34,2,1621.0,1621.0,1.0
33,35,0,1471.0,1678.0,0.8766388
33,35,1,1551.0,1678.0,0.9243147
33,35,2,1678.0,1678.0,1.0
33,36,0,1471.0,1728.0,0.8512731
33,36,1,1728.0,1728.0,1.0
33,36,2,1678.0,1728.0,0.9710648
33,37,0,1471.0,1768.0,0.83201355
33,37,1,1768.0,1768.0,1.0
33,37,2,1678.0,1768.0,0.949095
33,38,0,1824.0,1824.0,1.0
33,38,1,1768.0,1824.0,0.96929824
33,38,2,1678.0,1824.0,0.91995615
33,39,0,1824.0,1864.0,0.9785408
33,39,1,1864.0,1864.0,1.0
33,39,2,1678.0,1864.0,0.9002146
33,40,0,1824.0,1892.0,0.9640592
33,40,1,1892.0,1892.0,1.0
33,40,2,1678.0,1892.0,0.8868922
33,41,0,1824.0,1956.0,0.9325153
33,41,1,1892.0,1956.0,0.96728015
33,41,2,1956.0,1956.0,1.0
33,42,0,1824.0,2006.0,0.9092722
33,42,1,2006.0,2006.0,1.0
33,42,2,1956.0,2006.0,0.97507477
33,43,0,2087.0,2087.0,1.0
33,43,1,2006.0,2087.0,0.9611883
33,43,2,1956.0,2087.0,0.93723047
33,44,0,2087.0,2130.0,0.9798122
33,44,1,2130.0,2130.0,1.0
33,44,2,1956.0,2130.0,0.91830987
33,45,0,2087.0,2173.0,0.96042335
33,45,1,2173.0,2173.0,1.0
33,45,2,1956.0,2173.0,0.9001381
33,46,0,2087.0,2210.0,0.94434386
33,46,1,2173.0,2210.0,0.9832579
33,46,2,2210.0,2210.0,1.0
33,47,0,2087.0,2249.0,0.92796797
33,47,1,2173.0,2249.0,0.9662072
33,47,2,2249.0,2249.0,1.0
33,48,0,2329.0,2329.0,1.0
33,48,1,2173.0,2329.0,0.93301845
33,48,2,2249.0,2329.0,0.9656505
33,49,0,2329.0,2359.0,0.98728275
33,49,1,2359.0,2359.0,1.0
33,49,2,2249.0,2359.0,0.9533701
33,50,0,2329.0,2401.0,0.9700125
33,50,1,2359.0,2401.0,0.9825073
33,50,2,2401.0,2401.0,1.0
33,51,0,2329.0,2434.0,0.95686114
33,51,1,2434.0,2434.0,1.0
33,51,2,2401.0,2434.0,0.9864421
33,52,0,2329.0,2477.0,0.9402503
33,52,1,2477.0,2477.0,1.0
33,52,2,2401.0,2477.0,0.96931773
33,53,0,2553.0,2553.0,1.0
33,53,1,2477.0,2553.0,0.9702311
33,53,2,2401.0,2553.0,0.9404622
33,54,0,2553.0,2609.0,0.97853583
33,54,1,2477.0,2609.0,0.9494059
33,54,2,2609.0,2609.0,1.0
33,55,0,2553.0,2652.0,0.9626697
33,55,1,2477.0,2652.0,0.93401206
33,55,2,2652.0,2652.0,1.0
33,56,0,2553.0,2684.0,0.95119226
33,56,1,2477.0,2684.0,0.9228763
33,56,2,2684.0,2684.0,1.0
33,57,0,2553.0,2725.0,0.9368807
33,57,1,2725.0,2725.0,1.0
33,57,2,2684.0,2725.0,0.9849541
33,58,0,2553.0,2779.0,0.9186758
33,58,1,2725.0,2779.0,0.9805685
33,58,2,2779.0,2779.0,1.0
33,59,0,2553.0,2816.0,0.9066051
33,59,1,2725.0,2816.0,0.9676847
33,59,2,2816.0,2816.0,1.0
33,60,0,2553.0,2854.0,0.894534
33,60,1,2854.0,2854.0,1.0
33,60,2,2816.0,2854.0,0.98668534
33,61,0,2553.0,2899.0,0.8806485
33,61,1,2899.0,2899.0,1.0
33,61,2,2816.0,2899.0,0.97136945
33,62,0,2553.0,2940.0,0.8683674
33,62,1,2899.0,2940.0,0.9860544
33,62,2,2940.0,2940.0,1.0
33,63,0,2553.0,2979.0,0.856999
33,63,1,2899.0,2979.0,0.97314537
33,63,2,2979.0,2979.0,1.0
33,64,0,2553.0,3012.0,0.8476096
33,64,1,3012.0,3012.0,1.0
33,64,2,2979.0,3012.0,0.98904383
33,65,0,2553.0,3049.0,0.8373237
33,65,1,3049.0,3049.0,1.0
33,65,2,2979.0,3049.0,0.97704166
33,66,0,2553.0,3087.0,0.82701653
33,66,1,3087.0,3087.0,1.0
33,66,2,2979.0,3087.0,0.9650146
33,67,0,2553.0,3122.0,0.81774503
33,67,1,3122.0,3122.0,1.0
33,67,2,2979.0,3122.0,0.95419604
33,68,0,2553.0,3171.0,0.8051088
33,68,1,3122.0,3171.0,0.98454744
33,68,2,3171.0,3171.0,1.0
33,69,0,2553.0,3212.0,0.7948319
33,69,1,3212.0,3212.0,1.0
33,69,2,3171.0,3212.0,0.98723537
33,70,0,2553.0,3249.0,0.78578025
33,70,1,3249.0,3249.0,1.0
33,70,2,3171.0,3249.0,0.9759926
33,71,0,2553.0,3282.0,0.77787936
33,71,1,3282.0,3282.0,1.0
33,71,2,3171.0,3282.0,0.96617913
33,72,0,2553.0,3326.0,0.7675887
33,72,1,3326.0,3326.0,1.0
33,72,2,3171.0,3326.0,0.95339745
33,73,0,2553.0,3369.0,0.75779164
33,73,1,3369.0,3369.0,1.0
33,73,2,3171.0,3369.0,0.94122887
33,74,0,2553.0,3410.0,0.74868035
33,74,1,3369.0,3410.0,0.98797655
33,74,2,3410.0,3410.0,1.0
33,75,0,2553.0,3463.0,0.7372221
33,75,1,3369.0,3463.0,0.9728559
33,75,2,3463.0,3463.0,1.0
33,76,0,2553.0,3509.0,0.7275577
33,76,1,3509.0,3509.0,1.0
33,76,2,3463.0,3509.0,0.98689085
33,77,0,2553.0,3545.0,0.72016925
33,77,1,3509.0,3545.0,0.98984486
33,77,2,3545.0,3545.0,1.0
33,78,0,2553.0,3585.0,0.7121339
33,78,1,3509.0,3585.0,0.97880054
33,78,2,3585.0,3585.0,1.0
33,79,0,2553.0,3627.0,0.7038875
33,79,1,3627.0,3627.0,1.0
33,79,2,3585.0,3627.0,0.9884202
33,80,0,2553.0,3676.0,0.6945049
33,80,1,3676.0,3676.0,1.0
33,80,2,3585.0,3676.0,0.9752448
33,81,0,2553.0,3725.0,0.68536913
33,81,1,3725.0,3725.0,1.0
33,81,2,3585.0,3725.0,0.9624161
33,82,0,2553.0,3780.0,0.6753968
33,82,1,3725.0,3780.0,0.98544973
33,82,2,3780.0,3780.0,1.0
33,83,0,2553.0,3818.0,0.6686747
33,83,1,3818.0,3818.0,1.0
33,83,2,3780.0,3818.0,0.99004716
33,84,0,2553.0,3863.0,0.66088533
33,84,1,3863.0,3863.0,1.0
33,84,2,3780.0,3863.0,0.97851413
33,85,0,2553.0,3928.0,0.6499491
33,85,1,3863.0,3928.0,0.98345214
33,85,2,3928.0,3928.0,1.0
33,86,0,2553.0,3960.0,0.64469695
33,86,1,3960.0,3960.0,1.0
33,86,2,3928.0,3960.0,0.9919192
33,87,0,2553.0,3995.0,0.6390488
33,87,1,3995.0,3995.0,1.0
33,87,2,3928.0,3995.0,0.98322904
33,88,0,2553.0,4056.0,0.62943786
33,88,1,3995.0,4056.0,0.98496056
33,88,2,4056.0,4056.0,1.0
33,89,0,2553.0,4091.0,0.6240528
33,89,1,4091.0,4091.0,1.0
33,89,2,4056.0,4091.0,0.99144465
33,90,0,2553.0,4136.0,0.6172631
33,90,1,4136.0,4136.0,1.0
33,90,2,4056.0,4136.0,0.98065764
33,91,0,2553.0,4205.0,0.60713434
33,91,1,4136.0,4205.0,0.98359096
33,91,2,4205.0,4205.0,1.0
33,92,0,2553.0,4243.0,0.6016969
33,92,1,4136.0,4243.0,0.974782
33,92,2,4243.0,4243.0,1.0
33,93,0,2553.0,4293.0,0.594689
33,93,1,4293.0,4293.0,1.0
33,93,2,4243.0,4293.0,0.98835313
33,94,0,2553.0,4347.0,0.5873016
33,94,1,4293.0,4347.0,0.9875776
33,94,2,4347.0,4347.0,1.0
33,95,0,2553.0,4421.0,0.57747114
33,95,1,4293.0,4421.0,0.9710473
33,95,2,4421.0,4421.0,1.0
33,96,0,4495.0,4495.0,1.0
33,96,1,4293.0,4495.0,0.9550612
33,96,2,4421.0,4495.0,0.98353726
33,97,0,4495.0,4530.0,0.99227375
33,97,1,4293.0,4530.0,0.94768214
33,97,2,4530.0,4530.0,1.0
33,98,0,4495.0,4575.0,0.98251367
33,98,1,4575.0,4575.0,1.0
33,98,2,4530.0,4575.0,0.9901639
33,99,0,4495.0,4619.0,0.97315437
33,99,1,4619.0,4619.0,1.0
33,99,2,4530.0,4619.0,0.9807318
33,100,0,4495.0,4692.0,0.95801365
33,100,1,4619.0,4692.0,0.9844416
33,100,2,4692.0,4692.0,1.0
33,101,0,4495.0,4734.0,0.94951415
33,101,1,4734.0,4734.0,1.0
33,101,2,4692.0,4734.0,0.991128
33,102,0,4495.0,4775.0,0.94136125
33,102,1,4775.0,4775.0,1.0
33,102,2,4692.0,4775.0,0.9826178
33,103,0,4495.0,4831.0,0.9304492
33,103,1,4775.0,4831.0,0.9884082
33,103,2,4831.0,4831.0,1.0
33,104,0,4495.0,4881.0,0.92091787
33,104,1,4881.0,4881.0,1.0
33,104,2,4831.0,4881.0,0.9897562
33,105,0,4495.0,4954.0,0.9073476
33,105,1,4881.0,4954.0,0.9852644
33,105,2,4954.0,4954.0,1.0
33,106,0,4495.0,5022.0,0.89506173
33,106,1,4881.0,5022.0,0.97192353
33,106,2,5022.0,5022.0,1.0
33,107,0,4495.0,5062.0,0.8879889
33,107,1,5062.0,5062.0,1.0
33,107,2,5022.0,5062.0,0.992098
33,108,0,4495.0,5104.0,0.8806818
33,108,1,5104.0,5104.0,1.0
33,108,2,5022.0,5104.0,0.98393416
33,109,0,4495.0,5141.0,0.8743435
33,109,1,5141.0,5141.0,1.0
33,109,2,5022.0,5141.0,0.9768528
33,110,0,4495.0,5205.0,0.8635927
33,110,1,5141.0,5205.0,0.98770416
33,110,2,5205.0,5205.0,1.0
33,111,0,4495.0,5261.0,0.8544003
33,111,1,5141.0,5261.0,0.9771907
33,111,2,5261.0,5261.0,1.0
33,112,0,4495.0,5311.0,0.84635663
33,112,1,5311.0,5311.0,1.0
33,112,2,5261.0,5311.0,0.99058557
33,113,0,4495.0,5342.0,0.84144515
33,113,1,5342.0,5342.0,1.0
33,113,2,5261.0,5342.0,0.9848371
33,114,0,4495.0,5382.0,0.83519137
33,114,1,5342.0,5382.0,0.99256784
33,114,2,5382.0,5382.0,1.0
33,115,0,4495.0,5428.0,0.8281135
33,115,1,5428.0,5428.0,1.0
33,115,2,5382.0,5428.0,0.9915254
33,116,0,4495.0,5466.0,0.8223564
33,116,1,5466.0,5466.0,1.0
33,116,2,5382.0,5466.0,0.98463225
33,117,0,4495.0,5502.0,0.81697565
33,117,1,5502.0,5502.0,1.0
33,117,2,5382.0,5502.0,0.97818977
33,118,0,4495.0,5544.0,0.8107864
33,118,1,5544.0,5544.0,1.0
33,118,2,5382.0,5544.0,0.97077924
33,119,0,4495.0,5575.0,0.80627805
33,119,1,5575.0,5575.0,1.0
33,119,2,5382.0,5575.0,0.96538115
33,120,0,4495.0,5625.0,0.7991111
33,120,1,5575.0,5625.0,0.9911111
33,120,2,5625.0,5625.0,1.0
33,121,0,4495.0,5657.0,0.7945908
33,121,1,5657.0,5657.0,1.0
33,121,2,5625.0,5657.0,0.9943433
33,122,0,4495.0,5705.0,0.78790534
33,122,1,5705.0,5705.0,1.0
33,122,2,5625.0,5705.0,0.98597723
33,123,0,4495.0,5756.0,0.78092426
33,123,1,5705.0,5756.0,0.9911397
33,123,2,5756.0,5756.0,1.0
33,124,0,4495.0,5794.0,0.77580255
33,124,1,5794.0,5794.0,1.0
33,124,2,5756.0,5794.0,0.99344146
33,125,0,4495.0,5862.0,0.76680315
33,125,1,5794.0,5862.0,0.98839986
33,125,2,5862.0,5862.0,1.0
33,126,0,4495.0,5935.0,0.75737154
33,126,1,5794.0,5935.0,0.9762426
33,126,2,5935.0,5935.0,1.0
33,127,0,4495.0,5983.0,0.7512953
33,127,1,5983.0,5983.0,1.0
33,127,2,5935.0,5983.0,0.9919773
33,128,0,4495.0,6025.0,0.7460581
33,128,1,6025.0,6025.0,1.0
33,128,2,5935.0,6025.0,0.98506224
33,129,0,4495.0,6075.0,0.7399177
33,129,1,6075.0,6075.0,1.0
33,129,2,5935.0,6075.0,0.97695476
33,130,0,4495.0,6117.0,0.73483735
33,130,1,6117.0,6117.0,1.0
33,130,2,5935.0,6117.0,0.97024685
33,131,0,4495.0,6154.0,0.7304192
33,131,1,6154.0,6154.0,1.0
33,131,2,5935.0,6154.0,0.9644134
33,132,0,4495.0,6186.0,0.7266408
33,132,1,6186.0,6186.0,1.0
33,132,2,5935.0,6186.0,0.9594245
33,133,0,4495.0,6227.0,0.7218564
33,133,1,6227.0,6227.0,1.0
33,133,2,5935.0,6227.0,0.9531074
33,134,0,4495.0,6257.0,0.7183954
33,134,1,6257.0,6257.0,1.0
33,134,2,5935.0,6257.0,0.94853765
34,1,0,25.0,25.0,1.0
34,1,1,0.0,25.0,0.0
34,1,2,0.0,25.0,0.0
34,2,0,25.0,40.0,0.625
34,2,1,40.0,40.0,1.0
34,2,2,0.0,40.0,0.0
34,3,0,95.0,95.0,1.0
34,3,1,40.0,95.0,0.42105263
34,3,2,0.0,95.0,0.0
34,4,0,175.0,175.0,1.0
34,4,1,40.0,175.0,0.22857143
34,4,2,0.0,175.0,0.0
34,5,0,238.0,238.0,1.0
34,5,1,40.0,238.0,0.16806723
34,5,2,0.0,238.0,0.0
34,6,0,296.0,296.0,1.0
34,6,1,40.0,296.0,0.13513513
34,6,2,0.0,296.0,0.0
34,7,0,340.0,340.0,1.0
34,7,1,40.0,340.0,0.11764706
34,7,2,0.0,340.0,0.0
34,8,0,402.0,402.0,1.0
34,8,1,40.0,402.0,0.09950249
34,8,2,0.0,402.0,0.0
34,9,0,483.0,483.0,1.0
34,9,1,40.0,483.0,0.08281574
34,9,2,0.0,483.0,0.0
34,10,0,555.0,555.0,1.0
34,10,1,40.0,555.0,0.072072074
34,10,2,0.0,555.0,0.0
34,11,0,555.0,583.0,0.95197254
34,11,1,583.0,583.0,1.0
34,11,2,0.0,583.0,0.0
34,12,0,634.0,634.0,1.0
34,12,1,583.0,634.0,0.91955835
34,12,2,0.0,634.0,0.0
34,13,0,634.0,669.0,0.9476831
34,13,1,583.0,669.0,0.87144995
34,13,2,669.0,669.0,1.0
34,14,0,634.0,709.0,0.8942172
34,14,1,709.0,709.0,1.0
34,14,2,669.0,709.0,0.94358253
34,15,0,634.0,759.0,0.8353096
34,15,1,709.0,759.0,0.9341239
34,15,2,759.0,759.0,1.0
34,16,0,634.0,792.0,0.80050504
34,16,1,792.0,792.0,1.0
34,16,2,759.0,792.0,0.9583333
34,17,0,634.0,834.0,0.76019186
34,17,1,792.0,834.0,0.9496403
34,17,2,834.0,834.0,1.0
34,18,0,905.0,905.0,1.0
34,18,1,792.0,905.0,0.8751381
34,18,2,834.0,905.0,0.92154694
34,19,0,979.0,979.0,1.0
34,19,1,792.0,979.0,0.80898875
34,19,2,834.0,979.0,0.85188967
34,20,0,1038.0,1038.0,1.0
34,20,1,792.0,1038.0,0.7630058
34,20,2,834.0,1038.0,0.8034682
34,21,0,1038.0,1083.0,0.95844877
34,21,1,1083.0,1083.0,1.0
34,21,2,834.0,1083.0,0.7700831
34,22,0,1038.0,1116.0,0.93010753
34,22,1,1116.0,1116.0,1.0
34,22,2,834.0,1116.0,0.74731183
34,23,0,1038.0,1151.0,0.9018245
34,23,1,1151.0,1151.0,1.0
34,23,2,834.0,1151.0,0.7245873
34,24,0,1038.0,1195.0,0.86861926
34,24,1,1151.0,1195.0,0.96317995
34,24,2,1195.0,1195.0,1.0
34,25,0,1038.0,1265.0,0.82055336
34,25,1,1151.0,1265.0,0.9098814
34,25,2,1265.0,1265.0,1.0
34,26,0,1038.0,1305.0,0.7954023
34,26,1,1305.0,1305.0,1.0
34,26,2,1265.0,1305.0,0.96934867
34,27,0,1038.0,1341.0,0.7740492
34,27,1,1341.0,1341.0,1.0
34,27,2,1265.0,1341.0,0.9433259
34,28,0,1038.0,1386.0,0.74891776
34,28,1,1341.0,1386.0,0.96753246
34,28,2,1386.0,1386.0,1.0
34,29,0,1038.0,1443.0,0.7193347
34,29,1,1341.0,1443.0,0.92931396
34,29,2,1443.0,1443.0,1.0
34,30,0,1038.0,1477.0,0.7027759
34,30,1,1477.0,1477.0,1.0
34,30,2,1443.0,1477.0,0.9769804
34,31,0,1038.0,1513.0,0.68605417
34,31,1,1513.0,1513.0,1.0
34,31,2,1443.0,1513.0,0.9537343
34,32,0,1038.0,1563.0,0.6641075
34,32,1,1563.0,1563.0,1.0
34,32,2,1443.0,1563.0,0.92322457
34,33,0,1038.0,1600.0,0.64875
34,33,1,1563.0,1600.0,0.976875
34,33,2,1600.0,1600.0,1.0
34,34,0,1038.0,1633.0,0.6356399
34,34,1,1633.0,1633.0,1.0
34,34,2,1600.0,1633.0,0.9797918
34,35,0,1038.0,1676.0,0.6193317
34,35,1,1676.0,1676.0,1.0
34,35,2,1600.0,1676.0,0.9546539
34,36,0,1038.0,1730.0,0.6
34,36,1,1676.0,1730.0,0.9687861
34,36,2,1730.0,1730.0,1.0
34,37,0,1806.0,1806.0,1.0
34,37,1,1676.0,1806.0,0.92801774
34,37,2,1730.0,1806.0,0.95791805
34,38,0,1806.0,1851.0,0.9756888
34,38,1,1851.0,1851.0,1.0
34,38,2,1730.0,1851.0,0.9346299
34,39,0,1806.0,1884.0,0.95859873
34,39,1,1884.0,1884.0,1.0
34,39,2,1730.0,1884.0,0.918259
34,40,0,1806.0,1929.0,0.9362364
34,40,1,1929.0,1929.0,1.0
34,40,2,1730.0,1929.0,0.8968377
34,41,0,1989.0,1989.0,1.0
34,41,1,1929.0,1989.0,0.9698341
34,41,2,1730.0,1989.0,0.8697838
34,42,0,2045.0,2045.0,1.0
34,42,1,1929.0,2045.0,0.9432763
34,42,2,1730.0,2045.0,0.84596574
34,43,0,2045.0,2114.0,0.96736044
34,43,1,1929.0,2114.0,0.91248816
34,43,2,2114.0,2114.0,1.0
34,44,0,2045.0,2157.0,0.948076
34,44,1,2157.0,2157.0,1.0
34,44,2,2114.0,2157.0,0.9800649
34,45,0,2045.0,2201.0,0.9291231
34,45,1,2201.0,2201.0,1.0
34,45,2,2114.0,2201.0,0.9604725
34,46,0,2045.0,2231.0,0.9166293
34,46,1,2231.0,2231.0,1.0
34,46,2,2114.0,2231.0,0.94755715
34,47,0,2045.0,2272.0,0.900088
34,47,1,2231.0,2272.0,0.9819542
34,47,2,2272.0,2272.0,1.0
34,48,0,2348.0,2348.0,1.0
34,48,1,2231.0,2348.0,0.95017034
34,48,2,2272.0,2348.0,0.96763206
34,49,0,2348.0,2385.0,0.9844864
34,49,1,2231.0,2385.0,0.93542975
34,49,2,2385.0,2385.0,1.0
34,50,0,2348.0,2449.0,0.95875865
34,50,1,2231.0,2449.0,0.9109841
34,50,2,2449.0,2449.0,1.0
34,51,0,2348.0,2487.0,0.9441094
34,51,1,2487.0,2487.0,1.0
34,51,2,2449.0,2487.0,0.9847205
34,52,0,2348.0,2536.0,0.9258675
34,52,1,2536.0,2536.0,1.0
34,52,2,2449.0,2536.0,0.965694
34,53,0,2348.0,2574.0,0.9121989
34,53,1,2536.0,2574.0,0.985237
34,53,2,2574.0,2574.0,1.0
34,54,0,2348.0,2616.0,0.8975535
34,54,1,2536.0,2616.0,0.96941894
34,54,2,2616.0,2616.0,1.0
34,55,0,2348.0,2659.0,0.88303876
34,55,1,2659.0,2659.0,1.0
34,55,2,2616.0,2659.0,0.9838285
34,56,0,2348.0,2702.0,0.86898595
34,56,1,2702.0,2702.0,1.0
34,56,2,2616.0,2702.0,0.9681717
34,57,0,2348.0,2752.0,0.8531977
34,57,1,2752.0,2752.0,1.0
34,57,2,2616.0,2752.0,0.9505814
34,58,0,2348.0,2808.0,0.83618236
34,58,1,2752.0,2808.0,0.980057
34,58,2,2808.0,2808.0,1.0
34,59,0,2886.0,2886.0,1.0
34,59,1,2752.0,2886.0,0.95356894
34,59,2,2808.0,2886.0,0.972973
34,60,0,2886.0,2959.0,0.9753295
34,60,1,2752.0,2959.0,0.93004394
34,60,2,2959.0,2959.0,1.0
34,61,0,2886.0,2999.0,0.96232074
34,61,1,2999.0,2999.0,1.0
34,61,2,2959.0,2999.0,0.9866622
34,62,0,2886.0,3048.0,0.9468504
34,62,1,2999.0,3048.0,0.9839239
34,62,2,3048.0,3048.0,1.0
34,63,0,2886.0,3081.0,0.93670887
34,63,1,3081.0,3081.0,1.0
34,63,2,3048.0,3081.0,0.98928916
34,64,0,2886.0,3120.0,0.925
34,64,1,3081.0,3120.0,0.9875
34,64,2,3120.0,3120.0,1.0
34,65,0,2886.0,3158.0,0.91386956
34,65,1,3158.0,3158.0,1.0
34,65,2,3120.0,3158.0,0.9879671
34,66,0,2886.0,3190.0,0.9047022
34,66,1,3190.0,3190.0,1.0
34,66,2,3120.0,3190.0,0.97805643
34,67,0,2886.0,3258.0,0.8858195
34,67,1,3190.0,3258.0,0.9791283
34,67,2,3258.0,3258.0,1.0
34,68,0,2886.0,3295.0,0.87587255
34,68,1,3190.0,3295.0,0.9681335
34,68,2,3295.0,3295.0,1.0
34,69,0,2886.0,3332.0,0.86614645
34,69,1,3332.0,3332.0,1.0
34,69,2,3295.0,3332.0,0.98889554
34,70,0,2886.0,3376.0,0.8548578
34,70,1,3376.0,3376.0,1.0
34,70,2,3295.0,3376.0,0.9760071
34,71,0,2886.0,3418.0,0.84435344
34,71,1,3418.0,3418.0,1.0
34,71,2,3295.0,3418.0,0.96401405
34,72,0,3489.0,3489.0,1.0
34,72,1,3418.0,3489.0,0.9796503
34,72,2,3295.0,3489.0,0.9443967
34,73,0,3489.0,3523.0,0.9903491
34,73,1,3523.0,3523.0,1.0
34,73,2,3295.0,3523.0,0.9352824
34,74,0,3489.0,3558.0,0.9806071
34,74,1,3558.0,3558.0,1.0
34,74,2,3295.0,3558.0,0.9260821
34,75,0,3489.0,3600.0,0.9691667
34,75,1,3600.0,3600.0,1.0
34,75,2,3295.0,3600.0,0.9152778
34,76,0,3489.0,3656.0,0.9543217
34,76,1,3600.0,3656.0,0.98468274
34,76,2,3656.0,3656.0,1.0
34,77,0,3489.0,3720.0,0.9379032
34,77,1,3600.0,3720.0,0.9677419
34,77,2,3720.0,3720.0,1.0
34,78,0,3489.0,3773.0,0.92472833
34,78,1,3600.0,3773.0,0.9541479
34,78,2,3773.0,3773.0,1.0
34,79,0,3489.0,3846.0,0.9071763
34,79,1,3600.0,3846.0,0.9360374
34,79,2,3846.0,3846.0,1.0
34,80,0,3489.0,3887.0,0.8976074
34,80,1,3887.0,3887.0,1.0
34,80,2,3846.0,3887.0,0.989452
34,81,0,3489.0,3929.0,0.88801223
34,81,1,3929.0,3929.0,1.0
34,81,2,3846.0,3929.0,0.97887504
34,82,0,3489.0,3979.0,0.87685347
34,82,1,3979.0,3979.0,1.0
34,82,2,3846.0,3979.0,0.9665745
34,83,0,3489.0,4018.0,0.86834246
34,83,1,3979.0,4018.0,0.9902937
34,83,2,4018.0,4018.0,1.0
34,84,0,3489.0,4068.0,0.8576696
34,84,1,4068.0,4068.0,1.0
34,84,2,4018.0,4068.0,0.9877089
34,85,0,3489.0,4124.0,0.84602326
34,85,1,4068.0,4124.0,0.9864209
34,85,2,4124.0,4124.0,1.0
34,86,0,3489.0,4167.0,0.837293
34,86,1,4167.0,4167.0,1.0
34,86,2,4124.0,4167.0,0.9896808
34,87,0,3489.0,4221.0,0.82658136
34,87,1,4167.0,4221.0,0.9872068
34,87,2,4221.0,4221.0,1.0
34,88,0,3489.0,4265.0,0.8180539
34,88,1,4265.0,4265.0,1.0
34,88,2,4221.0,4265.0,0.98968345
34,89,0,3489.0,4297.0,0.8119618
34,89,1,4297.0,4297.0,1.0
34,89,2,4221.0,4297.0,0.9823132
34,90,0,3489.0,4337.0,0.80447316
34,90,1,4297.0,4337.0,0.990777
34,90,2,4337.0,4337.0,1.0
34,91,0,3489.0,4377.0,0.7971213
34,91,1,4377.0,4377.0,1.0
34,91,2,4337.0,4377.0,0.9908613
34,92,0,3489.0,4418.0,0.7897239
34,92,1,4377.0,4418.0,0.9907198
34,92,2,4418.0,4418.0,1.0
34,93,0,3489.0,4478.0,0.7791425
34,93,1,4377.0,4478.0,0.9774453
34,93,2,4478.0,4478.0,1.0
34,94,0,3489.0,4519.0,0.77207345
34,94,1,4519.0,4519.0,1.0
34,94,2,4478.0,4519.0,0.9909272
34,95,0,3489.0,4554.0,0.7661397
34,95,1,4554.0,4554.0,1.0
34,95,2,4478.0,4554.0,0.98331136
34,96,0,3489.0,4596.0,0.7591384
34,96,1,4596.0,4596.0,1.0
34,96,2,4478.0,4596.0,0.9743255
34,97,0,3489.0,4645.0,0.7511302
34,97,1,4645.0,4645.0,1.0
34,97,2,4478.0,4645.0,0.9640474
34,98,0,3489.0,4691.0,0.74376464
34,98,1,4691.0,4691.0,1.0
34,98,2,4478.0,4691.0,0.9545939
34,99,0,3489.0,4727.0,0.7381003
34,99,1,4691.0,4727.0,0.9923842
34,99,2,4727.0,4727.0,1.0
34,100,0,3489.0,4753.0,0.7340627
34,100,1,4753.0,4753.0,1.0
34,100,2,4727.0,4753.0,0.9945298
34,101,0,3489.0,4798.0,0.727178
34,101,1,4798.0,4798.0,1.0
34,101,2,4727.0,4798.0,0.9852022
34,102,0,3489.0,4835.0,0.7216132
34,102,1,4835.0,4835.0,1.0
34,102,2,4727.0,4835.0,0.97766286
34,103,0,4915.0,4915.0,1.0
34,103,1,4835.0,4915.0,0.9837233
34,103,2,4727.0,4915.0,0.96174973
34,104,0,4915.0,4956.0,0.9917272
34,104,1,4956.0,4956.0,1.0
34,104,2,4727.0,4956.0,0.9537934
34,105,0,4915.0,4992.0,0.98457533
34,105,1,4992.0,4992.0,1.0
34,105,2,4727.0,4992.0,0.9469151
34,106,0,4915.0,5053.0,0.9726895
34,106,1,4992.0,5053.0,0.987928
34,106,2,5053.0,5053.0,1.0
34,107,0,4915.0,5086.0,0.9663783
34,107,1,4992.0,5086.0,0.9815179
34,107,2,5086.0,5086.0,1.0
34,108,0,4915.0,5124.0,0.9592115
34,108,1,5124.0,5124.0,1.0
34,108,2,5086.0,5124.0,0.99258393
34,109,0,4915.0,5170.0,0.950677
34,109,1,5170.0,5170.0,1.0
34,109,2,5086.0,5170.0,0.9837524
34,110,0,4915.0,5220.0,0.9415709
34,110,1,5220.0,5220.0,1.0
34,110,2,5086.0,5220.0,0.97432953
34,111,0,4915.0,5280.0,0.9308712
34,111,1,5220.0,5280.0,0.9886364
34,111,2,5280.0,5280.0,1.0
34,112,0,4915.0,5349.0,0.91886336
34,112,1,5220.0,5349.0,0.97588336
34,112,2,5349.0,5349.0,1.0
34,113,0,4915.0,5387.0,0.91238165
34,113,1,5387.0,5387.0,1.0
34,113,2,5349.0,5387.0,0.99294597
34,114,0,4915.0,5455.0,0.90100825
34,114,1,5387.0,5455.0,0.98753434
34,114,2,5455.0,5455.0,1.0
34,115,0,4915.0,5495.0,0.8944495
34,115,1,5387.0,5495.0,0.9803458
34,115,2,5495.0,5495.0,1.0
34,116,0,4915.0,5543.0,0.88670397
34,116,1,5543.0,5543.0,1.0
34,116,2,5495.0,5543.0,0.99134046
34,117,0,4915.0,5574.0,0.8817725
34,117,1,5574.0,5574.0,1.0
34,117,2,5495.0,5574.0,0.985827
34,118,0,4915.0,5606.0,0.8767392
34,118,1,5606.0,5606.0,1.0
34,118,2,5495.0,5606.0,0.9801998
34,119,0,4915.0,5641.0,0.8712994
34,119,1,5641.0,5641.0,1.0
34,119,2,5495.0,5641.0,0.97411805
34,120,0,4915.0,5692.0,0.8634926
34,120,1,5641.0,5692.0,0.99104005
34,120,2,5692.0,5692.0,1.0
34,121,0,4915.0,5730.0,0.85776615
34,121,1,5730.0,5730.0,1.0
34,121,2,5692.0,5730.0,0.9933682
34,122,0,4915.0,5770.0,0.85181975
34,122,1,5730.0,5770.0,0.99306756
34,122,2,5770.0,5770.0,1.0
34,123,0,4915.0,5812.0,0.84566414
34,123,1,5812.0,5812.0,1.0
34,123,2,5770.0,5812.0,0.9927736
34,124,0,4915.0,5844.0,0.8410335
34,124,1,5844.0,5844.0,1.0
34,124,2,5770.0,5844.0,0.9873374
34,125,0,4915.0,5894.0,0.8338989
34,125,1,5844.0,5894.0,0.99151677
34,125,2,5894.0,5894.0,1.0
34,126,0,4915.0,5942.0,0.82716256
34,126,1,5942.0,5942.0,1.0
34,126,2,5894.0,5942.0,0.9919219
34,127,0,4915.0,5984.0,0.82135695
34,127,1,5984.0,5984.0,1.0
34,127,2,5894.0,5984.0,0.9849599
34,128,0,4915.0,6057.0,0.8114578
34,128,1,5984.0,6057.0,0.9879478
34,128,2,6057.0,6057.0,1.0
34,129,0,4915.0,6107.0,0.80481416
34,129,1,6107.0,6107.0,1.0
34,129,2,6057.0,6107.0,0.99181265
34,130,0,4915.0,6149.0,0.79931694
34,130,1,6149.0,6149.0,1.0
34,130,2,6057.0,6149.0,0.9850382
34,131,0,4915.0,6194.0,0.79350984
34,131,1,6194.0,6194.0,1.0
34,131,2,6057.0,6194.0,0.97788185
34,132,0,4915.0,6231.0,0.788798
34,132,1,6231.0,6231.0,1.0
34,132,2,6057.0,6231.0,0.9720751
34,133,0,4915.0,6267.0,0.78426677
34,133,1,6267.0,6267.0,1.0
34,133,2,6057.0,6267.0,0.96649116
34,134,0,4915.0,6297.0,0.7805304
34,134,1,6297.0,6297.0,1.0
34,134,2,6057.0,6297.0,0.9618866
35,1,0,19.0,19.0,1.0
35,1,1,0.0,19.0,0.0
35,1,2,0.0,19.0,0.0
35,2,0,90.0,90.0,1.0
35,2,1,0.0,90.0,0.0
35,2,2,0.0,90.0,0.0
35,3,0,162.0,162.0,1.0
35,3,1,0.0,162.0,0.0
35,3,2,0.0,162.0,0.0
35,4,0,221.0,221.0,1.0
35,4,1,0.0,221.0,0.0
35,4,2,0.0,221.0,0.0
35,5,0,302.0,302.0,1.0
35,5,1,0.0,302.0,0.0
35,5,2,0.0,302.0,0.0
35,6,0,364.0,364.0,1.0
35,6,1,0.0,364.0,0.0
35,6,2,0.0,364.0,0.0
35,7,0,425.0,425.0,1.0
35,7,1,0.0,425.0,0.0
35,7,2,0.0,425.0,0.0
35,8,0,491.0,491.0,1.0
35,8,1,0.0,491.0,0.0
35,8,2,0.0,491.0,0.0
35,9,0,491.0,504.0,0.9742063
35,9,1,504.0,504.0,1.0
35,9,2,0.0,504.0,0.0
35,10,0,552.0,552.0,1.0
35,10,1,504.0,552.0,0.9130435
35,10,2,0.0,552.0,0.0
35,11,0,613.0,613.0,1.0
35,11,1,504.0,613.0,0.822186
35,11,2,0.0,613.0,0.0
35,12,0,613.0,655.0,0.93587786
35,12,1,504.0,655.0,0.7694656
35,12,2,655.0,655.0,1.0
35,13,0,710.0,710.0,1.0
35,13,1,504.0,710.0,0.70985913
35,13,2,655.0,710.0,0.92253524
35,14,0,710.0,743.0,0.9555855
35,14,1,743.0,743.0,1.0
35,14,2,655.0,743.0,0.8815612
35,15,0,808.0,808.0,1.0
35,15,1,743.0,808.0,0.9195545
35,15,2,655.0,808.0,0.81064355
35,16,0,808.0,838.0,0.9642005
35,16,1,838.0,838.0,1.0
35,16,2,655.0,838.0,0.7816229
35,17,0,912.0,912.0,1.0
35,17,1,838.0,912.0,0.91885966
35,17,2,655.0,912.0,0.71820176
35,18,0,912.0,967.0,0.94312304
35,18,1,838.0,967.0,0.8665977
35,18,2,967.0,967.0,1.0
35,19,0,1047.0,1047.0,1.0
35,19,1,838.0,1047.0,0.800382
35,19,2,967.0,1047.0,0.9235912
35,20,0,1047.0,1092.0,0.9587912
35,20,1,1092.0,1092.0,1.0
35,20,2,967.0,1092.0,0.8855311
35,21,0,1047.0,1129.0,0.92736936
35,21,1,1092.0,1129.0,0.96722764
35,21,2,1129.0,1129.0,1.0
35,22,0,1047.0,1164.0,0.8994845
35,22,1,1164.0,1164.0,1.0
35,22,2,1129.0,1164.0,0.96993124
35,23,0,1047.0,1209.0,0.86600494
35,23,1,1164.0,1209.0,0.96277916
35,23,2,1209.0,1209.0,1.0
35,24,0,1047.0,1252.0,0.836262
35,24,1,1252.0,1252.0,1.0
35,24,2,1209.0,1252.0,0.96565497
35,25,0,1047.0,1286.0,0.8141524
35,25,1,1286.0,1286.0,1.0
35,25,2,1209.0,1286.0,0.9401244
35,26,0,1047.0,1336.0,0.78368264
35,26,1,1336.0,1336.0,1.0
35,26,2,1209.0,1336.0,0.9049401
35,27,0,1047.0,1386.0,0.75541127
35,27,1,1386.0,1386.0,1.0
35,27,2,1209.0,1386.0,0.87229437
35,28,0,1047.0,1420.0,0.73732394
35,28,1,1420.0,1420.0,1.0
35,28,2,1209.0,1420.0,0.8514084
35,29,0,1047.0,1465.0,0.7146758
35,29,1,1465.0,1465.0,1.0
35,29,2,1209.0,1465.0,0.825256
35,30,0,1047.0,1505.0,0.69568104
35,30,1,1505.0,1505.0,1.0
35,30,2,1209.0,1505.0,0.80332226
35,31,0,1585.0,1585.0,1.0
35,31,1,1505.0,1585.0,0.9495268
35,31,2,1209.0,1585.0,0.762776
35,32,0,1585.0,1630.0,0.9723926
35,32,1,1505.0,1630.0,0.9233129
35,32,2,1630.0,1630.0,1.0
35,33,0,1585.0,1665.0,0.951952
35,33,1,1665.0,1665.0,1.0
35,33,2,1630.0,1665.0,0.978979
35,34,0,1585.0,1707.0,0.92852956
35,34,1,1665.0,1707.0,0.97539544
35,34,2,1707.0,1707.0,1.0
35,35,0,1585.0,1751.0,0.905197
35,35,1,1751.0,1751.0,1.0
35,35,2,1707.0,1751.0,0.9748715
35,36,0,1585.0,1792.0,0.8844866
35,36,1,1751.0,1792.0,0.9771205
35,36,2,1792.0,1792.0,1.0
35,37,0,1585.0,1837.0,0.8628198
35,37,1,1837.0,1837.0,1.0
35,37,2,1792.0,1837.0,0.97550356
35,38,0,1895.0,1895.0,1.0
35,38,1,1837.0,1895.0,0.96939313
35,38,2,1792.0,1895.0,0.94564646
35,39,0,1895.0,1931.0,0.9813568
35,39,1,1931.0,1931.0,1.0
35,39,2,1792.0,1931.0,0.92801654
35,40,0,1994.0,1994.0,1.0
35,40,1,1931.0,1994.0,0.9684052
35,40,2,1792.0,1994.0,0.89869606
35,41,0,1994.0,2034.0,0.98033434
35,41,1,2034.0,2034.0,1.0
35,41,2,1792.0,2034.0,0.88102263
35,42,0,1994.0,2074.0,0.9614272
35,42,1,2074.0,2074.0,1.0
35,42,2,1792.0,2074.0,0.86403084
35,43,0,1994.0,2112.0,0.9441288
35,43,1,2112.0,2112.0,1.0
35,43,2,1792.0,2112.0,0.8484849
35,44,0,1994.0,2148.0,0.9283054
35,44,1,2148.0,2148.0,1.0
35,44,2,1792.0,2148.0,0.83426446
35,45,0,1994.0,2217.0,0.89941365
35,45,1,2148.0,2217.0,0.96887684
35,45,2,2217.0,2217.0,1.0
35,46,0,1994.0,2259.0,0.88269144
35,46,1,2148.0,2259.0,0.95086324
35,46,2,2259.0,2259.0,1.0
35,47,0,1994.0,2303.0,0.8658272
35,47,1,2148.0,2303.0,0.93269646
35,47,2,2303.0,2303.0,1.0
35,48,0,1994.0,2364.0,0.8434856
35,48,1,2148.0,2364.0,0.9086294
35,48,2,2364.0,2364.0,1.0
35,49,0,1994.0,2401.0,0.8304873
35,49,1,2148.0,2401.0,0.8946272
35,49,2,2401.0,2401.0,1.0
35,50,0,1994.0,2434.0,0.81922764
35,50,1,2434.0,2434.0,1.0
35,50,2,2401.0,2434.0,0.9864421
35,51,0,1994.0,2488.0,0.801447
35,51,1,2434.0,2488.0,0.9782958
35,51,2,2488.0,2488.0,1.0
35,52,0,1994.0,2525.0,0.78970295
35,52,1,2525.0,2525.0,1.0
35,52,2,2488.0,2525.0,0.98534656
35,53,0,1994.0,2562.0,0.7782982
35,53,1,2562.0,2562.0,1.0
35,53,2,2488.0,2562.0,0.9711163
35,54,0,1994.0,2632.0,0.75759876
35,54,1,2562.0,2632.0,0.9734042
35,54,2,2632.0,2632.0,1.0
35,55,0,1994.0,2670.0,0.74681646
35,55,1,2670.0,2670.0,1.0
35,55,2,2632.0,2670.0,0.9857678
35,56,0,1994.0,2703.0,0.73769885
35,56,1,2703.0,2703.0,1.0
35,56,2,2632.0,2703.0,0.9737329
35,57,0,1994.0,2742.0,0.7272064
35,57,1,2703.0,2742.0,0.9857768
35,57,2,2742.0,2742.0,1.0
35,58,0,1994.0,2798.0,0.7126519
35,58,1,2703.0,2798.0,0.96604717
35,58,2,2798.0,2798.0,1.0
35,59,0,2839.0,2839.0,1.0
35,59,1,2703.0,2839.0,0.9520958
35,59,2,2798.0,2839.0,0.9855583
35,60,0,2839.0,2876.0,0.98713493
35,60,1,2703.0,2876.0,0.939847
35,60,2,2876.0,2876.0,1.0
35,61,0,2839.0,2919.0,0.97259337
35,61,1,2919.0,2919.0,1.0
35,61,2,2876.0,2919.0,0.98526895
35,62,0,2839.0,2973.0,0.9549277
35,62,1,2919.0,2973.0,0.98183656
35,62,2,2973.0,2973.0,1.0
35,63,0,2839.0,3006.0,0.9444444
35,63,1,3006.0,3006.0,1.0
35,63,2,2973.0,3006.0,0.98902196
35,64,0,2839.0,3043.0,0.93296087
35,64,1,3043.0,3043.0,1.0
35,64,2,2973.0,3043.0,0.97699636
35,65,0,2839.0,3083.0,0.9208563
35,65,1,3043.0,3083.0,0.9870256
35,65,2,3083.0,3083.0,1.0
35,66,0,2839.0,3119.0,0.91022766
35,66,1,3119.0,3119.0,1.0
35,66,2,3083.0,3119.0,0.98845786
35,67,0,2839.0,3172.0,0.89501894
35,67,1,3119.0,3172.0,0.9832913
35,67,2,3172.0,3172.0,1.0
35,68,0,2839.0,3204.0,0.8860799
35,68,1,3204.0,3204.0,1.0
35,68,2,3172.0,3204.0,0.99001247
35,69,0,2839.0,3277.0,0.8663412
35,69,1,3204.0,3277.0,0.97772354
35,69,2,3277.0,3277.0,1.0
35,70,0,2839.0,3319.0,0.85537815
35,70,1,3319.0,3319.0,1.0
35,70,2,3277.0,3319.0,0.9873456
35,71,0,2839.0,3375.0,0.8411852
35,71,1,3319.0,3375.0,0.9834074
35,71,2,3375.0,3375.0,1.0
35,72,0,2839.0,3415.0,0.8313324
35,72,1,3415.0,3415.0,1.0
35,72,2,3375.0,3415.0,0.988287
35,73,0,2839.0,3458.0,0.8209948
35,73,1,3458.0,3458.0,1.0
35,73,2,3375.0,3458.0,0.9759977
35,74,0,2839.0,3507.0,0.8095238
35,74,1,3507.0,3507.0,1.0
35,74,2,3375.0,3507.0,0.962361
35,75,0,2839.0,3556.0,0.79836893
35,75,1,3556.0,3556.0,1.0
35,75,2,3375.0,3556.0,0.94910014
35,76,0,2839.0,3589.0,0.79102814
35,76,1,3589.0,3589.0,1.0
35,76,2,3375.0,3589.0,0.94037336
35,77,0,2839.0,3639.0,0.7801594
35,77,1,3639.0,3639.0,1.0
35,77,2,3375.0,3639.0,0.9274526
35,78,0,2839.0,3705.0,0.7662618
35,78,1,3639.0,3705.0,0.98218626
35,78,2,3705.0,3705.0,1.0
35,79,0,2839.0,3760.0,0.75505316
35,79,1,3639.0,3760.0,0.96781915
35,79,2,3760.0,3760.0,1.0
35,80,0,2839.0,3797.0,0.74769557
35,80,1,3797.0,3797.0,1.0
35,80,2,3760.0,3797.0,0.9902555
35,81,0,2839.0,3835.0,0.7402868
35,81,1,3797.0,3835.0,0.99009126
35,81,2,3835.0,3835.0,1.0
35,82,0,2839.0,3879.0,0.73188967
35,82,1,3879.0,3879.0,1.0
35,82,2,3835.0,3879.0,0.9886569
35,83,0,2839.0,3920.0,0.7242347
35,83,1,3920.0,3920.0,1.0
35,83,2,3835.0,3920.0,0.9783163
35,84,0,2839.0,3951.0,0.7185523
35,84,1,3951.0,3951.0,1.0
35,84,2,3835.0,3951.0,0.97064036
35,85,0,2839.0,4019.0,0.7063946
35,85,1,3951.0,4019.0,0.9830804
35,85,2,4019.0,4019.0,1.0
35,86,0,2839.0,4052.0,0.70064163
35,86,1,4052.0,4052.0,1.0
35,86,2,4019.0,4052.0,0.99185586
35,87,0,2839.0,4078.0,0.6961746
35,87,1,4078.0,4078.0,1.0
35,87,2,4019.0,4078.0,0.9855321
35,88,0,2839.0,4110.0,0.69075423
35,88,1,4110.0,4110.0,1.0
35,88,2,4019.0,4110.0,0.9778589
35,89,0,2839.0,4140.0,0.6857488
35,89,1,4140.0,4140.0,1.0
35,89,2,4019.0,4140.0,0.9707729
35,90,0,4211.0,4211.0,1.0
35,90,1,4140.0,4211.0,0.9831394
35,90,2,4019.0,4211.0,0.9544051
35,91,0,4211.0,4252.0,0.99035746
35,91,1,4252.0,4252.0,1.0
35,91,2,4019.0,4252.0,0.94520223
35,92,0,4211.0,4297.0,0.979986
35,92,1,4297.0,4297.0,1.0
35,92,2,4019.0,4297.0,0.9353037
35,93,0,4372.0,4372.0,1.0
35,93,1,4297.0,4372.0,0.98284537
35,93,2,4019.0,4372.0,0.9192589
35,94,0,4372.0,4414.0,0.99048483
35,94,1,4414.0,4414.0,1.0
35,94,2,4019.0,4414.0,0.91051203
35,95,0,4372.0,4482.0,0.9754574
35,95,1,4414.0,4482.0,0.9848282
35,95,2,4482.0,4482.0,1.0
35,96,0,4372.0,4522.0,0.9668288
35,96,1,4414.0,4522.0,0.9761168
35,96,2,4522.0,4522.0,1.0
35,97,0,4372.0,4573.0,0.95604634
35,97,1,4414.0,4573.0,0.9652307
35,97,2,4573.0,4573.0,1.0
35,98,0,4372.0,4618.0,0.9467302
35,98,1,4618.0,4618.0,1.0
35,98,2,4573.0,4618.0,0.99025553
35,99,0,4372.0,4687.0,0.93279284
35,99,1,4618.0,4687.0,0.9852784
35,99,2,4687.0,4687.0,1.0
35,100,0,4372.0,4725.0,0.925291
35,100,1,4618.0,4725.0,0.9773545
35,100,2,4725.0,4725.0,1.0
35,101,0,4372.0,4766.0,0.9173311
35,101,1,4766.0,4766.0,1.0
35,101,2,4725.0,4766.0,0.9913974
35,102,0,4372.0,4834.0,0.904427
35,102,1,4766.0,4834.0,0.98593295
35,102,2,4834.0,4834.0,1.0
35,103,0,4372.0,4907.0,0.8909721
35,103,1,4766.0,4907.0,0.97126555
35,103,2,4907.0,4907.0,1.0
35,104,0,4372.0,4956.0,0.88216305
35,104,1,4766.0,4956.0,0.96166265
35,104,2,4956.0,4956.0,1.0
35,105,0,4372.0,4999.0,0.8745749
35,105,1,4999.0,4999.0,1.0
35,105,2,4956.0,4999.0,0.9913983
35,106,0,4372.0,5043.0,0.86694425
35,106,1,5043.0,5043.0,1.0
35,106,2,4956.0,5043.0,0.9827484
35,107,0,4372.0,5085.0,0.85978365
35,107,1,5085.0,5085.0,1.0
35,107,2,4956.0,5085.0,0.97463125
35,108,0,4372.0,5121.0,0.8537395
35,108,1,5085.0,5121.0,0.9929701
35,108,2,5121.0,5121.0,1.0
35,109,0,4372.0,5162.0,0.8469585
35,109,1,5085.0,5162.0,0.9850833
35,109,2,5162.0,5162.0,1.0
35,110,0,4372.0,5201.0,0.8406076
35,110,1,5085.0,5201.0,0.9776966
35,110,2,5201.0,5201.0,1.0
35,111,0,4372.0,5244.0,0.8337147
35,111,1,5244.0,5244.0,1.0
35,111,2,5201.0,5244.0,0.9918001
35,112,0,4372.0,5281.0,0.8278735
35,112,1,5281.0,5281.0,1.0
35,112,2,5201.0,5281.0,0.98485136
35,113,0,4372.0,5317.0,0.8222682
35,113,1,5317.0,5317.0,1.0
35,113,2,5201.0,5317.0,0.9781832
35,114,0,4372.0,5382.0,0.8123374
35,114,1,5317.0,5382.0,0.9879227
35,114,2,5382.0,5382.0,1.0
35,115,0,4372.0,5441.0,0.8035288
35,115,1,5317.0,5441.0,0.97721004
35,115,2,5441.0,5441.0,1.0
35,116,0,4372.0,5491.0,0.79621196
35,116,1,5491.0,5491.0,1.0
35,116,2,5441.0,5491.0,0.9908942
35,117,0,4372.0,5529.0,0.7907397
35,117,1,5529.0,5529.0,1.0
35,117,2,5441.0,5529.0,0.98408395
35,118,0,4372.0,5598.0,0.7809932
35,118,1,5529.0,5598.0,0.9876742
35,118,2,5598.0,5598.0,1.0
35,119,0,4372.0,5658.0,0.7727112
35,119,1,5529.0,5658.0,0.97720045
35,119,2,5658.0,5658.0,1.0
35,120,0,4372.0,5704.0,0.7664797
35,120,1,5704.0,5704.0,1.0
35,120,2,5658.0,5704.0,0.9919355
35,121,0,4372.0,5734.0,0.7624695
35,121,1,5734.0,5734.0,1.0
35,121,2,5658.0,5734.0,0.9867457
35,122,0,4372.0,5774.0,0.75718737
35,122,1,5734.0,5774.0,0.9930724
35,122,2,5774.0,5774.0,1.0
35,123,0,4372.0,5820.0,0.75120276
35,123,1,5820.0,5820.0,1.0
35,123,2,5774.0,5820.0,0.99209625
35,124,0,4372.0,5853.0,0.7469674
35,124,1,5853.0,5853.0,1.0
35,124,2,5774.0,5853.0,0.98650265
35,125,0,4372.0,5901.0,0.7408914
35,125,1,5901.0,5901.0,1.0
35,125,2,5774.0,5901.0,0.97847825
35,126,0,4372.0,5936.0,0.7365229
35,126,1,5936.0,5936.0,1.0
35,126,2,5774.0,5936.0,0.9727089
35,127,0,4372.0,5973.0,0.7319605
35,127,1,5973.0,5973.0,1.0
35,127,2,5774.0,5973.0,0.9666834
35,128,0,4372.0,6008.0,0.7276964
35,128,1,6008.0,6008.0,1.0
35,128,2,5774.0,6008.0,0.96105194
35,129,0,4372.0,6058.0,0.7216903
35,129,1,6058.0,6058.0,1.0
35,129,2,5774.0,6058.0,0.9531198
35,130,0,4372.0,6100.0,0.7167213
35,130,1,6100.0,6100.0,1.0
35,130,2,5774.0,6100.0,0.9465574
35,131,0,4372.0,6145.0,0.71147275
35,131,1,6145.0,6145.0,1.0
35,131,2,5774.0,6145.0,0.93962574
35,132,0,4372.0,6193.0,0.70595837
35,132,1,6193.0,6193.0,1.0
35,132,2,5774.0,6193.0,0.93234295
35,133,0,4372.0,6235.0,0.70120287
35,133,1,6235.0,6235.0,1.0
35,133,2,5774.0,6235.0,0.9260625
35,134,0,4372.0,6267.0,0.6976225
35,134,1,6267.0,6267.0,1.0
35,134,2,5774.0,6267.0,0.92133397
36,1,0,25.0,25.0,1.0
36,1,1,0.0,25.0,0.0
36,1,2,0.0,25.0,0.0
36,2,0,73.0,73.0,1.0
36,2,1,0.0,73.0,0.0
36,2,2,0.0,73.0,0.0
36,3,0,73.0,86.0,0.8488372
36,3,1,86.0,86.0,1.0
36,3,2,0.0,86.0,0.0
36,4,0,166.0,166.0,1.0
36,4,1,86.0,166.0,0.5180723
36,4,2,0.0,166.0,0.0
36,5,0,166.0,202.0,0.8217822
36,5,1,202.0,202.0,1.0
36,5,2,0.0,202.0,0.0
36,6,0,268.0,268.0,1.0
36,6,1,202.0,268.0,0.75373137
36,6,2,0.0,268.0,0.0
36,7,0,349.0,349.0,1.0
36,7,1,202.0,349.0,0.57879657
36,7,2,0.0,349.0,0.0
36,8,0,411.0,411.0,1.0
36,8,1,202.0,411.0,0.4914842
36,8,2,0.0,411.0,0.0
36,9,0,411.0,446.0,0.92152464
36,9,1,446.0,446.0,1.0
36,9,2,0.0,446.0,0.0
36,10,0,521.0,521.0,1.0
36,10,1,446.0,521.0,0.8560461
36,10,2,0.0,521.0,0.0
36,11,0,597.0,597.0,1.0
36,11,1,446.0,597.0,0.7470687
36,11,2,0.0,597.0,0.0
36,12,0,653.0,653.0,1.0
36,12,1,446.0,653.0,0.6830015
36,12,2,0.0,653.0,0.0
36,13,0,653.0,683.0,0.95607615
36,13,1,683.0,683.0,1.0
36,13,2,0.0,683.0,0.0
36,14,0,653.0,718.0,0.90947074
36,14,1,683.0,718.0,0.9512535
36,14,2,718.0,718.0,1.0
36,15,0,789.0,789.0,1.0
36,15,1,683.0,789.0,0.86565274
36,15,2,718.0,789.0,0.91001266
36,16,0,789.0,858.0,0.9195804
36,16,1,683.0,858.0,0.7960373
36,16,2,858.0,858.0,1.0
36,17,0,930.0,930.0,1.0
36,17,1,683.0,930.0,0.7344086
36,17,2,858.0,930.0,0.92258066
36,18,0,930.0,972.0,0.95679015
36,18,1,683.0,972.0,0.7026749
36,18,2,972.0,972.0,1.0
36,19,0,1031.0,1031.0,1.0
36,19,1,683.0,1031.0,0.6624636
36,19,2,972.0,1031.0,0.942774
36,20,0,1031.0,1064.0,0.96898496
36,20,1,1064.0,1064.0,1.0
36,20,2,972.0,1064.0,0.9135338
36,21,0,1031.0,1119.0,0.92135835
36,21,1,1064.0,1119.0,0.950849
36,21,2,1119.0,1119.0,1.0
36,22,0,1031.0,1162.0,0.88726336
36,22,1,1162.0,1162.0,1.0
36,22,2,1119.0,1162.0,0.9629948
36,23,0,1220.0,1220.0,1.0
36,23,1,1162.0,1220.0,0.95245904
36,23,2,1119.0,1220.0,0.91721314
36,24,0,1220.0,1263.0,0.96595407
36,24,1,1263.0,1263.0,1.0
36,24,2,1119.0,1263.0,0.88598573
36,25,0,1220.0,1298.0,0.93990755
36,25,1,1298.0,1298.0,1.0
36,25,2,1119.0,1298.0,0.86209553
36,26,0,1220.0,1338.0,0.91180867
36,26,1,1338.0,1338.0,1.0
36,26,2,1119.0,1338.0,0.83632284
36,27,0,1220.0,1374.0,0.8879185
36,27,1,1374.0,1374.0,1.0
36,27,2,1119.0,1374.0,0.8144105
36,28,0,1220.0,1419.0,0.8597604
36,28,1,1419.0,1419.0,1.0
36,28,2,1119.0,1419.0,0.7885835
36,29,0,1220.0,1453.0,0.8396421
36,29,1,1453.0,1453.0,1.0
36,29,2,1119.0,1453.0,0.77013075
36,30,0,1220.0,1493.0,0.81714666
36,30,1,1453.0,1493.0,0.9732083
36,30,2,1493.0,1493.0,1.0
36,31,0,1220.0,1533.0,0.7958252
36,31,1,1533.0,1533.0,1.0
36,31,2,1493.0,1533.0,0.97390735
36,32,0,1220.0,1578.0,0.77313054
36,32,1,1578.0,1578.0,1.0
36,32,2,1493.0,1578.0,0.9461343
36,33,0,1220.0,1635.0,0.7461774
36,33,1,1578.0,1635.0,0.9651376
36,33,2,1635.0,1635.0,1.0
36,34,0,1715.0,1715.0,1.0
36,34,1,1578.0,1715.0,0.9201166
36,34,2,1635.0,1715.0,0.95335275
36,35,0,1715.0,1753.0,0.97832286
36,35,1,1753.0,1753.0,1.0
36,35,2,1635.0,1753.0,0.9326868
36,36,0,1715.0,1795.0,0.95543176
36,36,1,1753.0,1795.0,0.97660166
36,36,2,1795.0,1795.0,1.0
36,37,0,1851.0,1851.0,1.0
36,37,1,1753.0,1851.0,0.94705564
36,37,2,1795.0,1851.0,0.9697461
36,38,0,1851.0,1907.0,0.9706345
36,38,1,1753.0,1907.0,0.9192449
36,38,2,1907.0,1907.0,1.0
36,39,0,1851.0,1951.0,0.94874424
36,39,1,1753.0,1951.0,0.89851356
36,39,2,1951.0,1951.0,1.0
36,40,0,1851.0,1990.0,0.93015075
36,40,1,1990.0,1990.0,1.0
36,40,2,1951.0,1990.0,0.980402
36,41,0,2045.0,2045.0,1.0
36,41,1,1990.0,2045.0,0.97310513
36,41,2,1951.0,2045.0,0.9540342
36,42,0,2045.0,2090.0,0.9784689
36,42,1,1990.0,2090.0,0.9521531
36,42,2,2090.0,2090.0,1.0
36,43,0,2045.0,2158.0,0.9476367
36,43,1,1990.0,2158.0,0.92215014
36,43,2,2158.0,2158.0,1.0
36,44,0,2236.0,2236.0,1.0
36,44,1,1990.0,2236.0,0.8899821
36,44,2,2158.0,2236.0,0.96511626
36,45,0,2236.0,2281.0,0.9802718
36,45,1,2281.0,2281.0,1.0
36,45,2,2158.0,2281.0,0.9460763
36,46,0,2236.0,2324.0,0.96213424
36,46,1,2324.0,2324.0,1.0
36,46,2,2158.0,2324.0,0.9285714
36,47,0,2400.0,2400.0,1.0
36,47,1,2324.0,2400.0,0.9683333
36,47,2,2158.0,2400.0,0.89916664
36,48,0,2400.0,2442.0,0.98280096
36,48,1,2442.0,2442.0,1.0
36,48,2,2158.0,2442.0,0.88370186
36,49,0,2516.0,2516.0,1.0
36,49,1,2442.0,2516.0,0.9705882
36,49,2,2158.0,2516.0,0.85771066
36,50,0,2516.0,2557.0,0.9839656
36,50,1,2442.0,2557.0,0.95502543
36,50,2,2557.0,2557.0,1.0
36,51,0,2516.0,2592.0,0.970679
36,51,1,2592.0,2592.0,1.0
36,51,2,2557.0,2592.0,0.9864969
36,52,0,2651.0,2651.0,1.0
36,52,1,2592.0,2651.0,0.9777442
36,52,2,2557.0,2651.0,0.9645417
36,53,0,2651.0,2688.0,0.98623514
36,53,1,2592.0,2688.0,0.96428573
36,53,2,2688.0,2688.0,1.0
36,54,0,2651.0,2742.0,0.96681255
36,54,1,2592.0,2742.0,0.9452954
36,54,2,2742.0,2742.0,1.0
36,55,0,2651.0,2785.0,0.9518851
36,55,1,2785.0,2785.0,1.0
36,55,2,2742.0,2785.0,0.98456013
36,56,0,2651.0,2824.0,0.93873936
36,56,1,2785.0,2824.0,0.9861898
36,56,2,2824.0,2824.0,1.0
36,57,0,2651.0,2857.0,0.9278964
36,57,1,2857.0,2857.0,1.0
36,57,2,2824.0,2857.0,0.9884494
36,58,0,2651.0,2887.0,0.91825426
36,58,1,2887.0,2887.0,1.0
36,58,2,2824.0,2887.0,0.978178
36,59,0,2651.0,2937.0,0.90262175
36,59,1,2937.0,2937.0,1.0
36,59,2,2824.0,2937.0,0.9615254
36,60,0,2651.0,2990.0,0.8866221
36,60,1,2937.0,2990.0,0.98227423
36,60,2,2990.0,2990.0,1.0
36,61,0,2651.0,3040.0,0.8720395
36,61,1,3040.0,3040.0,1.0
36,61,2,2990.0,3040.0,0.98355263
36,62,0,2651.0,3077.0,0.8615535
36,62,1,3040.0,3077.0,0.9879753
36,62,2,3077.0,3077.0,1.0
36,63,0,2651.0,3109.0,0.85268575
36,63,1,3109.0,3109.0,1.0
36,63,2,3077.0,3109.0,0.9897073
36,64,0,2651.0,3146.0,0.8426573
36,64,1,3109.0,3146.0,0.98823905
36,64,2,3146.0,3146.0,1.0
36,65,0,2651.0,3200.0,0.8284375
36,65,1,3109.0,3200.0,0.9715625
36,65,2,3200.0,3200.0,1.0
36,66,0,2651.0,3242.0,0.8177051
36,66,1,3242.0,3242.0,1.0
36,66,2,3200.0,3242.0,0.98704505
36,67,0,2651.0,3275.0,0.80946565
36,67,1,3275.0,3275.0,1.0
36,67,2,3200.0,3275.0,0.97709924
36,68,0,2651.0,3345.0,0.7925262
36,68,1,3275.0,3345.0,0.9790732
36,68,2,3345.0,3345.0,1.0
36,69,0,2651.0,3378.0,0.7847839
36,69,1,3378.0,3378.0,1.0
36,69,2,3345.0,3378.0,0.9902309
36,70,0,2651.0,3420.0,0.7751462
36,70,1,3420.0,3420.0,1.0
36,70,2,3345.0,3420.0,0.9780702
36,71,0,2651.0,3454.0,0.7675159
36,71,1,3454.0,3454.0,1.0
36,71,2,3345.0,3454.0,0.9684424
36,72,0,2651.0,3494.0,0.7587293
36,72,1,3494.0,3494.0,1.0
36,72,2,3345.0,3494.0,0.95735544
36,73,0,2651.0,3563.0,0.7440359
36,73,1,3494.0,3563.0,0.9806343
36,73,2,3563.0,3563.0,1.0
36,74,0,2651.0,3613.0,0.73373926
36,74,1,3613.0,3613.0,1.0
36,74,2,3563.0,3613.0,0.9861611
36,75,0,2651.0,3650.0,0.7263014
36,75,1,3650.0,3650.0,1.0
36,75,2,3563.0,3650.0,0.9761644
36,76,0,2651.0,3690.0,0.7184282
36,76,1,3690.0,3690.0,1.0
36,76,2,3563.0,3690.0,0.96558267
36,77,0,2651.0,3723.0,0.71206015
36,77,1,3723.0,3723.0,1.0
36,77,2,3563.0,3723.0,0.9570239
36,78,0,2651.0,3796.0,0.6983667
36,78,1,3723.0,3796.0,0.9807692
36,78,2,3796.0,3796.0,1.0
36,79,0,2651.0,3835.0,0.6912647
36,79,1,3723.0,3835.0,0.97079533
36,79,2,3835.0,3835.0,1.0
36,80,0,2651.0,3876.0,0.6839525
36,80,1,3876.0,3876.0,1.0
36,80,2,3835.0,3876.0,0.9894221
36,81,0,2651.0,3944.0,0.67216027
36,81,1,3876.0,3944.0,0.98275864
36,81,2,3944.0,3944.0,1.0
36,82,0,2651.0,3989.0,0.6645776
36,82,1,3989.0,3989.0,1.0
36,82,2,3944.0,3989.0,0.988719
36,83,0,2651.0,4026.0,0.65847
36,83,1,4026.0,4026.0,1.0
36,83,2,3944.0,4026.0,0.9796324
36,84,0,2651.0,4099.0,0.6467431
36,84,1,4026.0,4099.0,0.9821908
36,84,2,4099.0,4099.0,1.0
36,85,0,2651.0,4142.0,0.64002895
36,85,1,4142.0,4142.0,1.0
36,85,2,4099.0,4142.0,0.98961854
36,86,0,2651.0,4192.0,0.632395
36,86,1,4192.0,4192.0,1.0
36,86,2,4099.0,4192.0,0.9778149
36,87,0,2651.0,4248.0,0.62405837
36,87,1,4192.0,4248.0,0.9868173
36,87,2,4248.0,4248.0,1.0
36,88,0,2651.0,4314.0,0.6145109
36,88,1,4192.0,4314.0,0.97172
36,88,2,4314.0,4314.0,1.0
36,89,0,2651.0,4351.0,0.60928524
36,89,1,4351.0,4351.0,1.0
36,89,2,4314.0,4351.0,0.9914962
36,90,0,2651.0,4384.0,0.6046989
36,90,1,4351.0,4384.0,0.99247265
36,90,2,4384.0,4384.0,1.0
36,91,0,2651.0,4430.0,0.59841985
36,91,1,4430.0,4430.0,1.0
36,91,2,4384.0,4430.0,0.9896163
36,92,0,2651.0,4472.0,0.59279966
36,92,1,4472.0,4472.0,1.0
36,92,2,4384.0,4472.0,0.980322
36,93,0,2651.0,4514.0,0.587284
36,93,1,4514.0,4514.0,1.0
36,93,2,4384.0,4514.0,0.9712007
36,94,0,2651.0,4555.0,0.5819978
36,94,1,4555.0,4555.0,1.0
36,94,2,4384.0,4555.0,0.96245885
36,95,0,2651.0,4611.0,0.57492954
36,95,1,4555.0,4611.0,0.98785514
36,95,2,4611.0,4611.0,1.0
36,96,0,2651.0,4660.0,0.56888413
36,96,1,4660.0,4660.0,1.0
36,96,2,4611.0,4660.0,0.98948497
36,97,0,2651.0,4690.0,0.5652452
36,97,1,4690.0,4690.0,1.0
36,97,2,4611.0,4690.0,0.98315567
36,98,0,2651.0,4763.0,0.556582
36,98,1,4690.0,4763.0,0.9846735
36,98,2,4763.0,4763.0,1.0
36,99,0,2651.0,4801.0,0.55217665
36,99,1,4801.0,4801.0,1.0
36,99,2,4763.0,4801.0,0.992085
36,100,0,2651.0,4838.0,0.5479537
36,100,1,4838.0,4838.0,1.0
36,100,2,4763.0,4838.0,0.9844977
36,101,0,2651.0,4881.0,0.5431264
36,101,1,4838.0,4881.0,0.9911903
36,101,2,4881.0,4881.0,1.0
36,102,0,2651.0,4945.0,0.53609705
36,102,1,4838.0,4945.0,0.97836196
36,102,2,4945.0,4945.0,1.0
36,103,0,2651.0,4986.0,0.53168875
36,103,1,4986.0,4986.0,1.0
36,103,2,4945.0,4986.0,0.991777
36,104,0,2651.0,5017.0,0.5284034
36,104,1,5017.0,5017.0,1.0
36,104,2,4945.0,5017.0,0.9856488
36,105,0,2651.0,5061.0,0.52380955
36,105,1,5061.0,5061.0,1.0
36,105,2,4945.0,5061.0,0.97707963
36,106,0,2651.0,5099.0,0.51990587
36,106,1,5099.0,5099.0,1.0
36,106,2,4945.0,5099.0,0.969798
36,107,0,2651.0,5149.0,0.51485723
36,107,1,5149.0,5149.0,1.0
36,107,2,4945.0,5149.0,0.9603807
36,108,0,2651.0,5180.0,0.5117761
36,108,1,5149.0,5180.0,0.99401546
36,108,2,5180.0,5180.0,1.0
36,109,0,2651.0,5229.0,0.5069803
36,109,1,5149.0,5229.0,0.9847007
36,109,2,5229.0,5229.0,1.0
36,110,0,2651.0,5265.0,0.50351375
36,110,1,5265.0,5265.0,1.0
36,110,2,5229.0,5265.0,0.9931624
36,111,0,2651.0,5305.0,0.49971724
36,111,1,5265.0,5305.0,0.99245995
36,111,2,5305.0,5305.0,1.0
36,112,0,2651.0,5356.0,0.49495894
36,112,1,5265.0,5356.0,0.9830097
36,112,2,5356.0,5356.0,1.0
36,113,0,2651.0,5416.0,0.48947564
36,113,1,5265.0,5416.0,0.9721196
36,113,2,5416.0,5416.0,1.0
36,114,0,2651.0,5451.0,0.48633277
36,114,1,5451.0,5451.0,1.0
36,114,2,5416.0,5451.0,0.99357915
36,115,0,2651.0,5489.0,0.48296595
36,115,1,5489.0,5489.0,1.0
36,115,2,5416.0,5489.0,0.98670065
36,116,0,2651.0,5544.0,0.4781746
36,116,1,5489.0,5544.0,0.99007934
36,116,2,5544.0,5544.0,1.0
36,117,0,2651.0,5589.0,0.47432455
36,117,1,5589.0,5589.0,1.0
36,117,2,5544.0,5589.0,0.9919485
36,118,0,2651.0,5620.0,0.47170818
36,118,1,5620.0,5620.0,1.0
36,118,2,5544.0,5620.0,0.98647684
36,119,0,2651.0,5652.0,0.4690375
36,119,1,5652.0,5652.0,1.0
36,119,2,5544.0,5652.0,0.9808917
36,120,0,2651.0,5693.0,0.4656596
36,120,1,5652.0,5693.0,0.99279815
36,120,2,5693.0,5693.0,1.0
36,121,0,2651.0,5742.0,0.46168584
36,121,1,5742.0,5742.0,1.0
36,121,2,5693.0,5742.0,0.9914664
36,122,0,2651.0,5780.0,0.45865053
36,122,1,5780.0,5780.0,1.0
36,122,2,5693.0,5780.0,0.9849481
36,123,0,2651.0,5826.0,0.4550292
36,123,1,5826.0,5826.0,1.0
36,123,2,5693.0,5826.0,0.9771713
36,124,0,2651.0,5876.0,0.45115724
36,124,1,5876.0,5876.0,1.0
36,124,2,5693.0,5876.0,0.9688564
36,125,0,2651.0,5915.0,0.44818258
36,125,1,5915.0,5915.0,1.0
36,125,2,5693.0,5915.0,0.9624683
36,126,0,2651.0,5956.0,0.4450974
36,126,1,5956.0,5956.0,1.0
36,126,2,5693.0,5956.0,0.95584285
36,127,0,2651.0,6004.0,0.44153896
36,127,1,6004.0,6004.0,1.0
36,127,2,5693.0,6004.0,0.9482012
36,128,0,2651.0,6069.0,0.43681002
36,128,1,6004.0,6069.0,0.9892898
36,128,2,6069.0,6069.0,1.0
36,129,0,2651.0,6138.0,0.43189964
36,129,1,6004.0,6138.0,0.9781688
36,129,2,6138.0,6138.0,1.0
36,130,0,2651.0,6181.0,0.428895
36,130,1,6181.0,6181.0,1.0
36,130,2,6138.0,6181.0,0.9930432
36,131,0,2651.0,6216.0,0.42648005
36,131,1,6181.0,6216.0,0.9943694
36,131,2,6216.0,6216.0,1.0
36,132,0,2651.0,6258.0,0.42361778
36,132,1,6258.0,6258.0,1.0
36,132,2,6216.0,6258.0,0.9932886
36,133,0,2651.0,6300.0,0.42079365
36,133,1,6300.0,6300.0,1.0
36,133,2,6216.0,6300.0,0.9866667
36,134,0,2651.0,6332.0,0.41866708
36,134,1,6332.0,6332.0,1.0
36,134,2,6216.0,6332.0,0.98168033
37,1,0,32.0,32.0,1.0
37,1,1,0.0,32.0,0.0
37,1,2,0.0,32.0,0.0
37,2,0,82.0,82.0,1.0
37,2,1,0.0,82.0,0.0
37,2,2,0.0,82.0,0.0
37,3,0,153.0,153.0,1.0
37,3,1,0.0,153.0,0.0
37,3,2,0.0,153.0,0.0
37,4,0,196.0,196.0,1.0
37,4,1,0.0,196.0,0.0
37,4,2,0.0,196.0,0.0
37,5,0,276.0,276.0,1.0
37,5,1,0.0,276.0,0.0
37,5,2,0.0,276.0,0.0
37,6,0,276.0,291.0,0.9484536
37,6,1,291.0,291.0,1.0
37,6,2,0.0,291.0,0.0
37,7,0,352.0,352.0,1.0
37,7,1,291.0,352.0,0.82670456
37,7,2,0.0,352.0,0.0
37,8,0,352.0,392.0,0.8979592
37,8,1,291.0,392.0,0.74234694
37,8,2,392.0,392.0,1.0
37,9,0,447.0,447.0,1.0
37,9,1,291.0,447.0,0.6510067
37,9,2,392.0,447.0,0.8769575
37,10,0,513.0,513.0,1.0
37,10,1,291.0,513.0,0.56725144
37,10,2,392.0,513.0,0.76413256
37,11,0,575.0,575.0,1.0
37,11,1,291.0,575.0,0.50608695
37,11,2,392.0,575.0,0.68173915
37,12,0,575.0,608.0,0.9457237
37,12,1,608.0,608.0,1.0
37,12,2,392.0,608.0,0.6447368
37,13,0,674.0,674.0,1.0
37,13,1,608.0,674.0,0.90207714
37,13,2,392.0,674.0,0.5816024
37,14,0,674.0,709.0,0.9506347
37,14,1,709.0,709.0,1.0
37,14,2,392.0,709.0,0.5528914
37,15,0,674.0,737.0,0.9145183
37,15,1,737.0,737.0,1.0
37,15,2,392.0,737.0,0.53188604
37,16,0,674.0,777.0,0.86743885
37,16,1,777.0,777.0,1.0
37,16,2,392.0,777.0,0.5045045
37,17,0,674.0,834.0,0.80815345
37,17,1,777.0,834.0,0.9316547
37,17,2,834.0,834.0,1.0
37,18,0,674.0,879.0,0.76678044
37,18,1,777.0,879.0,0.88395905
37,18,2,879.0,879.0,1.0
37,19,0,674.0,922.0,0.7310195
37,19,1,922.0,922.0,1.0
37,19,2,879.0,922.0,0.9533622
37,20,0,998.0,998.0,1.0
37,20,1,922.0,998.0,0.9238477
37,20,2,879.0,998.0,0.8807615
37,21,0,998.0,1035.0,0.9642512
37,21,1,922.0,1035.0,0.8908213
37,21,2,1035.0,1035.0,1.0
37,22,0,998.0,1103.0,0.90480506
37,22,1,922.0,1103.0,0.8359021
37,22,2,1103.0,1103.0,1.0
37,23,0,1166.0,1166.0,1.0
37,23,1,922.0,1166.0,0.79073757
37,23,2,1103.0,1166.0,0.9459691
37,24,0,1166.0,1200.0,0.9716667
37,24,1,1200.0,1200.0,1.0
37,24,2,1103.0,1200.0,0.9191667
37,25,0,1280.0,1280.0,1.0
37,25,1,1200.0,1280.0,0.9375
37,25,2,1103.0,1280.0,0.8617188
37,26,0,1351.0,1351.0,1.0
37,26,1,1200.0,1351.0,0.8882309
37,26,2,1103.0,1351.0,0.8164323
37,27,0,1410.0,1410.0,1.0
37,27,1,1200.0,1410.0,0.85106385
37,27,2,1103.0,1410.0,0.7822695
37,28,0,1410.0,1446.0,0.97510374
37,28,1,1446.0,1446.0,1.0
37,28,2,1103.0,1446.0,0.7627939
37,29,0,1410.0,1479.0,0.95334685
37,29,1,1479.0,1479.0,1.0
37,29,2,1103.0,1479.0,0.74577415
37,30,0,1410.0,1522.0,0.92641264
37,30,1,1522.0,1522.0,1.0
37,30,2,1103.0,1522.0,0.7247043
37,31,0,1410.0,1557.0,0.9055877
37,31,1,1557.0,1557.0,1.0
37,31,2,1103.0,1557.0,0.7084136
37,32,0,1410.0,1590.0,0.8867925
37,32,1,1590.0,1590.0,1.0
37,32,2,1103.0,1590.0,0.6937107
37,33,0,1410.0,1635.0,0.86238533
37,33,1,1635.0,1635.0,1.0
37,33,2,1103.0,1635.0,0.6746177
37,34,0,1410.0,1675.0,0.84179103
37,34,1,1635.0,1675.0,0.9761194
37,34,2,1675.0,1675.0,1.0
37,35,0,1410.0,1729.0,0.81550026
37,35,1,1635.0,1729.0,0.9456333
37,35,2,1729.0,1729.0,1.0
37,36,0,1410.0,1764.0,0.79931974
37,36,1,1764.0,1764.0,1.0
37,36,2,1729.0,1764.0,0.98015875
37,37,0,1410.0,1809.0,0.7794362
37,37,1,1809.0,1809.0,1.0
37,37,2,1729.0,1809.0,0.9557767
37,38,0,1868.0,1868.0,1.0
37,38,1,1809.0,1868.0,0.96841544
37,38,2,1729.0,1868.0,0.92558885
37,39,0,1868.0,1918.0,0.9739312
37,39,1,1809.0,1918.0,0.94316995
37,39,2,1918.0,1918.0,1.0
37,40,0,1868.0,1954.0,0.9559877
37,40,1,1954.0,1954.0,1.0
37,40,2,1918.0,1954.0,0.98157626
37,41,0,1868.0,1999.0,0.93446726
37,41,1,1999.0,1999.0,1.0
37,41,2,1918.0,1999.0,0.95947975
37,42,0,2055.0,2055.0,1.0
37,42,1,1999.0,2055.0,0.9727494
37,42,2,1918.0,2055.0,0.93333334
37,43,0,2055.0,2099.0,0.97903764
37,43,1,2099.0,2099.0,1.0
37,43,2,1918.0,2099.0,0.9137685
37,44,0,2055.0,2141.0,0.95983183
37,44,1,2141.0,2141.0,1.0
37,44,2,1918.0,2141.0,0.8958431
37,45,0,2055.0,2210.0,0.9298642
37,45,1,2141.0,2210.0,0.96877825
37,45,2,2210.0,2210.0,1.0
37,46,0,2055.0,2240.0,0.91741073
37,46,1,2240.0,2240.0,1.0
37,46,2,2210.0,2240.0,0.98660713
37,47,0,2314.0,2314.0,1.0
37,47,1,2240.0,2314.0,0.96802074
37,47,2,2210.0,2314.0,0.9550562
37,48,0,2314.0,2358.0,0.9813401
37,48,1,2240.0,2358.0,0.9499576
37,48,2,2358.0,2358.0,1.0
37,49,0,2314.0,2399.0,0.96456856
37,49,1,2240.0,2399.0,0.9337224
37,49,2,2399.0,2399.0,1.0
37,50,0,2314.0,2468.0,0.93760127
37,50,1,2240.0,2468.0,0.9076175
37,50,2,2468.0,2468.0,1.0
37,51,0,2314.0,2538.0,0.91174155
37,51,1,2240.0,2538.0,0.8825847
37,51,2,2538.0,2538.0,1.0
37,52,0,2314.0,2575.0,0.89864075
37,52,1,2240.0,2575.0,0.8699029
37,52,2,2575.0,2575.0,1.0
37,53,0,2314.0,2625.0,0.8815238
37,53,1,2625.0,2625.0,1.0
37,53,2,2575.0,2625.0,0.9809524
37,54,0,2314.0,2659.0,0.87025195
37,54,1,2659.0,2659.0,1.0
37,54,2,2575.0,2659.0,0.9684092
37,55,0,2314.0,2701.0,0.85671973
37,55,1,2659.0,2701.0,0.9844502
37,55,2,2701.0,2701.0,1.0
37,56,0,2314.0,2744.0,0.84329444
37,56,1,2744.0,2744.0,1.0
37,56,2,2701.0,2744.0,0.98432946
37,57,0,2314.0,2781.0,0.8320748
37,57,1,2744.0,2781.0,0.9866954
37,57,2,2781.0,2781.0,1.0
37,58,0,2314.0,2823.0,0.81969535
37,58,1,2823.0,2823.0,1.0
37,58,2,2781.0,2823.0,0.9851222
37,59,0,2314.0,2861.0,0.8088081
37,59,1,2861.0,2861.0,1.0
37,59,2,2781.0,2861.0,0.97203773
37,60,0,2314.0,2898.0,0.7984817
37,60,1,2898.0,2898.0,1.0
37,60,2,2781.0,2898.0,0.95962733
37,61,0,2314.0,2951.0,0.78414094
37,61,1,2898.0,2951.0,0.98204
37,61,2,2951.0,2951.0,1.0
37,62,0,2314.0,2994.0,0.77287906
37,62,1,2898.0,2994.0,0.96793586
37,62,2,2994.0,2994.0,1.0
37,63,0,2314.0,3027.0,0.76445323
37,63,1,3027.0,3027.0,1.0
37,63,2,2994.0,3027.0,0.98909813
37,64,0,2314.0,3067.0,0.7544832
37,64,1,3067.0,3067.0,1.0
37,64,2,2994.0,3067.0,0.97619826
37,65,0,2314.0,3100.0,0.7464516
37,65,1,3100.0,3100.0,1.0
37,65,2,2994.0,3100.0,0.9658064
37,66,0,2314.0,3149.0,0.73483646
37,66,1,3149.0,3149.0,1.0
37,66,2,2994.0,3149.0,0.950778
37,67,0,2314.0,3190.0,0.72539186
37,67,1,3190.0,3190.0,1.0
37,67,2,2994.0,3190.0,0.938558
37,68,0,2314.0,3229.0,0.7166305
37,68,1,3190.0,3229.0,0.98792195
37,68,2,3229.0,3229.0,1.0
37,69,0,2314.0,3261.0,0.7095983
37,69,1,3261.0,3261.0,1.0
37,69,2,3229.0,3261.0,0.99018705
37,70,0,2314.0,3301.0,0.7009997
37,70,1,3301.0,3301.0,1.0
37,70,2,3229.0,3301.0,0.97818846
37,71,0,2314.0,3344.0,0.69198567
37,71,1,3344.0,3344.0,1.0
37,71,2,3229.0,3344.0,0.96561
37,72,0,2314.0,3398.0,0.6809888
37,72,1,3344.0,3398.0,0.98410827
37,72,2,3398.0,3398.0,1.0
37,73,0,2314.0,3448.0,0.67111367
37,73,1,3448.0,3448.0,1.0
37,73,2,3398.0,3448.0,0.98549885
37,74,0,2314.0,3490.0,0.66303724
37,74,1,3448.0,3490.0,0.98796564
37,74,2,3490.0,3490.0,1.0
37,75,0,2314.0,3556.0,0.65073115
37,75,1,3448.0,3556.0,0.9696288
37,75,2,3556.0,3556.0,1.0
37,76,0,2314.0,3617.0,0.6397567
37,76,1,3448.0,3617.0,0.9532762
37,76,2,3617.0,3617.0,1.0
37,77,0,2314.0,3673.0,0.63000274
37,77,1,3448.0,3673.0,0.93874216
37,77,2,3673.0,3673.0,1.0
37,78,0,2314.0,3710.0,0.6237197
37,78,1,3710.0,3710.0,1.0
37,78,2,3673.0,3710.0,0.99002695
37,79,0,2314.0,3778.0,0.6124934
37,79,1,3710.0,3778.0,0.98200107
37,79,2,3778.0,3778.0,1.0
37,80,0,2314.0,3818.0,0.6060765
37,80,1,3710.0,3818.0,0.97171295
37,80,2,3818.0,3818.0,1.0
37,81,0,2314.0,3862.0,0.5991714
37,81,1,3862.0,3862.0,1.0
37,81,2,3818.0,3862.0,0.9886069
37,82,0,2314.0,3904.0,0.5927254
37,82,1,3904.0,3904.0,1.0
37,82,2,3818.0,3904.0,0.9779713
37,83,0,2314.0,3946.0,0.5864166
37,83,1,3946.0,3946.0,1.0
37,83,2,3818.0,3946.0,0.9675621
37,84,0,2314.0,3996.0,0.5790791
37,84,1,3996.0,3996.0,1.0
37,84,2,3818.0,3996.0,0.9554555
37,85,0,2314.0,4027.0,0.5746213
37,85,1,4027.0,4027.0,1.0
37,85,2,3818.0,4027.0,0.9481003
37,86,0,2314.0,4064.0,0.56938976
37,86,1,4064.0,4064.0,1.0
37,86,2,3818.0,4064.0,0.9394685
37,87,0,2314.0,4114.0,0.5624696
37,87,1,4114.0,4114.0,1.0
37,87,2,3818.0,4114.0,0.9280506
37,88,0,2314.0,4187.0,0.552663
37,88,1,4114.0,4187.0,0.9825651
37,88,2,4187.0,4187.0,1.0
37,89,0,2314.0,4229.0,0.5471743
37,89,1,4229.0,4229.0,1.0
37,89,2,4187.0,4229.0,0.99006855
37,90,0,2314.0,4284.0,0.5401494
37,90,1,4229.0,4284.0,0.9871615
37,90,2,4284.0,4284.0,1.0
37,91,0,2314.0,4325.0,0.5350289
37,91,1,4325.0,4325.0,1.0
37,91,2,4284.0,4325.0,0.99052024
37,92,0,2314.0,4363.0,0.530369
37,92,1,4363.0,4363.0,1.0
37,92,2,4284.0,4363.0,0.9818932
37,93,0,2314.0,4389.0,0.52722716
37,93,1,4389.0,4389.0,1.0
37,93,2,4284.0,4389.0,0.97607654
37,94,0,2314.0,4427.0,0.5227016
37,94,1,4389.0,4427.0,0.99141634
37,94,2,4427.0,4427.0,1.0
37,95,0,2314.0,4476.0,0.51697946
37,95,1,4476.0,4476.0,1.0
37,95,2,4427.0,4476.0,0.9890527
37,96,0,2314.0,4508.0,0.51330966
37,96,1,4508.0,4508.0,1.0
37,96,2,4427.0,4508.0,0.98203194
37,97,0,2314.0,4581.0,0.5051299
37,97,1,4508.0,4581.0,0.98406464
37,97,2,4581.0,4581.0,1.0
37,98,0,2314.0,4654.0,0.49720672
37,98,1,4508.0,4654.0,0.9686291
37,98,2,4654.0,4654.0,1.0
37,99,0,4729.0,4729.0,1.0
37,99,1,4508.0,4729.0,0.9532671
37,99,2,4654.0,4729.0,0.9841404
37,100,0,4729.0,4779.0,0.98953754
37,100,1,4779.0,4779.0,1.0
37,100,2,4654.0,4779.0,0.9738439
37,101,0,4729.0,4815.0,0.98213917
37,101,1,4815.0,4815.0,1.0
37,101,2,4654.0,4815.0,0.9665628
37,102,0,4729.0,4859.0,0.9732455
37,102,1,4859.0,4859.0,1.0
37,102,2,4654.0,4859.0,0.9578102
37,103,0,4729.0,4900.0,0.965102
37,103,1,4900.0,4900.0,1.0
37,103,2,4654.0,4900.0,0.9497959
37,104,0,4729.0,4943.0,0.95670646
37,104,1,4943.0,4943.0,1.0
37,104,2,4654.0,4943.0,0.9415335
37,105,0,4729.0,4982.0,0.9492172
37,105,1,4943.0,4982.0,0.9921718
37,105,2,4982.0,4982.0,1.0
37,106,0,4729.0,5027.0,0.94072014
37,106,1,5027.0,5027.0,1.0
37,106,2,4982.0,5027.0,0.99104834
37,107,0,4729.0,5073.0,0.93219
37,107,1,5027.0,5073.0,0.9909324
37,107,2,5073.0,5073.0,1.0
37,108,0,4729.0,5116.0,0.924355
37,108,1,5116.0,5116.0,1.0
37,108,2,5073.0,5116.0,0.991595
37,109,0,4729.0,5180.0,0.91293436
37,109,1,5116.0,5180.0,0.9876448
37,109,2,5180.0,5180.0,1.0
37,110,0,4729.0,5230.0,0.9042065
37,110,1,5230.0,5230.0,1.0
37,110,2,5180.0,5230.0,0.9904398
37,111,0,4729.0,5286.0,0.89462733
37,111,1,5230.0,5286.0,0.989406
37,111,2,5286.0,5286.0,1.0
37,112,0,5364.0,5364.0,1.0
37,112,1,5230.0,5364.0,0.9750186
37,112,2,5286.0,5364.0,0.9854586
37,113,0,5364.0,5400.0,0.99333334
37,113,1,5230.0,5400.0,0.9685185
37,113,2,5400.0,5400.0,1.0
37,114,0,5364.0,5438.0,0.9863921
37,114,1,5438.0,5438.0,1.0
37,114,2,5400.0,5438.0,0.99301213
37,115,0,5364.0,5478.0,0.97918946
37,115,1,5478.0,5478.0,1.0
37,115,2,5400.0,5478.0,0.9857612
37,116,0,5364.0,5524.0,0.9710355
37,116,1,5524.0,5524.0,1.0
37,116,2,5400.0,5524.0,0.9775525
37,117,0,5364.0,5561.0,0.9645747
37,117,1,5561.0,5561.0,1.0
37,117,2,5400.0,5561.0,0.97104836
37,118,0,5364.0,5621.0,0.9542786
37,118,1,5561.0,5621.0,0.98932576
37,118,2,5621.0,5621.0,1.0
37,119,0,5364.0,5670.0,0.94603175
37,119,1,5561.0,5670.0,0.980776
37,119,2,5670.0,5670.0,1.0
37,120,0,5364.0,5702.0,0.9407225
37,120,1,5702.0,5702.0,1.0
37,120,2,5670.0,5702.0,0.9943879
37,121,0,5364.0,5740.0,0.9344948
37,121,1,5740.0,5740.0,1.0
37,121,2,5670.0,5740.0,0.9878049
37,122,0,5364.0,5781.0,0.9278672
37,122,1,5740.0,5781.0,0.9929078
37,122,2,5781.0,5781.0,1.0
37,123,0,5364.0,5818.0,0.9219663
37,123,1,5818.0,5818.0,1.0
37,123,2,5781.0,5818.0,0.9936404
37,124,0,5364.0,5864.0,0.91473395
37,124,1,5864.0,5864.0,1.0
37,124,2,5781.0,5864.0,0.98584586
37,125,0,5364.0,5912.0,0.90730715
37,125,1,5912.0,5912.0,1.0
37,125,2,5781.0,5912.0,0.9778417
37,126,0,5364.0,5977.0,0.8974402
37,126,1,5912.0,5977.0,0.98912495
37,126,2,5977.0,5977.0,1.0
37,127,0,5364.0,6018.0,0.891326
37,127,1,6018.0,6018.0,1.0
37,127,2,5977.0,6018.0,0.9931871
37,128,0,5364.0,6066.0,0.884273
37,128,1,6066.0,6066.0,1.0
37,128,2,5977.0,6066.0,0.9853281
37,129,0,5364.0,6101.0,0.87920016
37,129,1,6101.0,6101.0,1.0
37,129,2,5977.0,6101.0,0.9796755
37,130,0,5364.0,6170.0,0.8693679
37,130,1,6101.0,6170.0,0.98881686
37,130,2,6170.0,6170.0,1.0
37,131,0,5364.0,6200.0,0.8651613
37,131,1,6200.0,6200.0,1.0
37,131,2,6170.0,6200.0,0.9951613
37,132,0,5364.0,6245.0,0.85892713
37,132,1,6245.0,6245.0,1.0
37,132,2,6170.0,6245.0,0.9879904
37,133,0,5364.0,6287.0,0.8531891
37,133,1,6287.0,6287.0,1.0
37,133,2,6170.0,6287.0,0.9813902
37,134,0,5364.0,6322.0,0.8484657
37,134,1,6287.0,6322.0,0.9944638
37,134,2,6322.0,6322.0,1.0
38,1,0,34.0,34.0,1.0
38,1,1,0.0,34.0,0.0
38,1,2,0.0,34.0,0.0
38,2,0,93.0,93.0,1.0
38,2,1,0.0,93.0,0.0
38,2,2,0.0,93.0,0.0
38,3,0,164.0,164.0,1.0
38,3,1,0.0,164.0,0.0
38,3,2,0.0,164.0,0.0
38,4,0,208.0,208.0,1.0
38,4,1,0.0,208.0,0.0
38,4,2,0.0,208.0,0.0
38,5,0,273.0,273.0,1.0
38,5,1,0.0,273.0,0.0
38,5,2,0.0,273.0,0.0
38,6,0,273.0,293.0,0.93174064
38,6,1,293.0,293.0,1.0
38,6,2,0.0,293.0,0.0
38,7,0,364.0,364.0,1.0
38,7,1,293.0,364.0,0.80494505
38,7,2,0.0,364.0,0.0
38,8,0,445.0,445.0,1.0
38,8,1,293.0,445.0,0.65842694
38,8,2,0.0,445.0,0.0
38,9,0,503.0,503.0,1.0
38,9,1,293.0,503.0,0.582505
38,9,2,0.0,503.0,0.0
38,10,0,565.0,565.0,1.0
38,10,1,293.0,565.0,0.5185841
38,10,2,0.0,565.0,0.0
38,11,0,640.0,640.0,1.0
38,11,1,293.0,640.0,0.4578125
38,11,2,0.0,640.0,0.0
38,12,0,640.0,683.0,0.9370425
38,12,1,683.0,683.0,1.0
38,12,2,0.0,683.0,0.0
38,13,0,640.0,707.0,0.9052334
38,13,1,683.0,707.0,0.9660537
38,13,2,707.0,707.0,1.0
38,14,0,640.0,749.0,0.85447264
38,14,1,749.0,749.0,1.0
38,14,2,707.0,749.0,0.94392526
38,15,0,640.0,784.0,0.81632656
38,15,1,784.0,784.0,1.0
38,15,2,707.0,784.0,0.90178573
38,16,0,832.0,832.0,1.0
38,16,1,784.0,832.0,0.9423077
38,16,2,707.0,832.0,0.84975964
38,17,0,832.0,867.0,0.9596309
38,17,1,867.0,867.0,1.0
38,17,2,707.0,867.0,0.8154556
38,18,0,947.0,947.0,1.0
38,18,1,867.0,947.0,0.9155227
38,18,2,707.0,947.0,0.7465681
38,19,0,1013.0,1013.0,1.0
38,19,1,867.0,1013.0,0.85587364
38,19,2,707.0,1013.0,0.69792694
38,20,0,1078.0,1078.0,1.0
38,20,1,867.0,1078.0,0.80426717
38,20,2,707.0,1078.0,0.65584415
38,21,0,1154.0,1154.0,1.0
38,21,1,867.0,1154.0,0.7512998
38,21,2,707.0,1154.0,0.61265165
38,22,0,1154.0,1185.0,0.97383964
38,22,1,1185.0,1185.0,1.0
38,22,2,707.0,1185.0,0.5966245
38,23,0,1154.0,1213.0,0.9513603
38,23,1,1213.0,1213.0,1.0
38,23,2,707.0,1213.0,0.5828524
38,24,0,1285.0,1285.0,1.0
38,24,1,1213.0,1285.0,0.9439689
38,24,2,707.0,1285.0,0.55019456
38,25,0,1285.0,1318.0,0.97496206
38,25,1,1318.0,1318.0,1.0
38,25,2,707.0,1318.0,0.5364188
38,26,0,1285.0,1362.0,0.9434655
38,26,1,1318.0,1362.0,0.9676946
38,26,2,1362.0,1362.0,1.0
38,27,0,1285.0,1393.0,0.9224695
38,27,1,1393.0,1393.0,1.0
38,27,2,1362.0,1393.0,0.9777459
38,28,0,1285.0,1462.0,0.87893295
38,28,1,1393.0,1462.0,0.9528044
38,28,2,1462.0,1462.0,1.0
38,29,0,1518.0,1518.0,1.0
38,29,1,1393.0,1518.0,0.9176548
38,29,2,1462.0,1518.0,0.9631094
38,30,0,1518.0,1553.0,0.97746295
38,30,1,1553.0,1553.0,1.0
38,30,2,1462.0,1553.0,0.94140375
38,31,0,1518.0,1603.0,0.9469744
38,31,1,1553.0,1603.0,0.9688085
38,31,2,1603.0,1603.0,1.0
38,32,0,1518.0,1645.0,0.92279637
38,32,1,1553.0,1645.0,0.94407296
38,32,2,1645.0,1645.0,1.0
38,33,0,1518.0,1688.0,0.8992891
38,33,1,1688.0,1688.0,1.0
38,33,2,1645.0,1688.0,0.97452605
38,34,0,1751.0,1751.0,1.0
38,34,1,1688.0,1751.0,0.96402055
38,34,2,1645.0,1751.0,0.93946314
38,35,0,1751.0,1784.0,0.98150223
38,35,1,1784.0,1784.0,1.0
38,35,2,1645.0,1784.0,0.9220852
38,36,0,1751.0,1816.0,0.96420705
38,36,1,1816.0,1816.0,1.0
38,36,2,1645.0,1816.0,0.905837
38,37,0,1751.0,1856.0,0.9434267
38,37,1,1856.0,1856.0,1.0
38,37,2,1645.0,1856.0,0.88631463
38,38,0,1751.0,1911.0,0.9162742
38,38,1,1856.0,1911.0,0.97121924
38,38,2,1911.0,1911.0,1.0
38,39,0,1751.0,1956.0,0.8951943
38,39,1,1956.0,1956.0,1.0
38,39,2,1911.0,1956.0,0.97699386
38,40,0,1751.0,2013.0,0.869846
38,40,1,1956.0,2013.0,0.97168404
38,40,2,2013.0,2013.0,1.0
38,41,0,2068.0,2068.0,1.0
38,41,1,1956.0,2068.0,0.9458414
38,41,2,2013.0,2068.0,0.9734042
38,42,0,2068.0,2111.0,0.97963053
38,42,1,2111.0,2111.0,1.0
38,42,2,2013.0,2111.0,0.9535765
38,43,0,2068.0,2157.0,0.958739
38,43,1,2157.0,2157.0,1.0
38,43,2,2013.0,2157.0,0.9332406
38,44,0,2068.0,2200.0,0.94
38,44,1,2200.0,2200.0,1.0
38,44,2,2013.0,2200.0,0.915
38,45,0,2068.0,2238.0,0.9240393
38,45,1,2238.0,2238.0,1.0
38,45,2,2013.0,2238.0,0.89946383
38,46,0,2068.0,2273.0,0.90981084
38,46,1,2273.0,2273.0,1.0
38,46,2,2013.0,2273.0,0.88561374
38,47,0,2068.0,2323.0,0.89022815
38,47,1,2323.0,2323.0,1.0
38,47,2,2013.0,2323.0,0.8665519
38,48,0,2068.0,2359.0,0.87664264
38,48,1,2359.0,2359.0,1.0
38,48,2,2013.0,2359.0,0.8533277
38,49,0,2068.0,2425.0,0.8527835
38,49,1,2359.0,2425.0,0.9727835
38,49,2,2425.0,2425.0,1.0
38,50,0,2068.0,2495.0,0.8288577
38,50,1,2359.0,2495.0,0.94549096
38,50,2,2495.0,2495.0,1.0
38,51,0,2068.0,2530.0,0.8173913
38,51,1,2530.0,2530.0,1.0
38,51,2,2495.0,2530.0,0.986166
38,52,0,2068.0,2579.0,0.80186117
38,52,1,2530.0,2579.0,0.98100036
38,52,2,2579.0,2579.0,1.0
38,53,0,2068.0,2647.0,0.7812618
38,53,1,2530.0,2647.0,0.95579904
38,53,2,2647.0,2647.0,1.0
38,54,0,2068.0,2707.0,0.76394534
38,54,1,2530.0,2707.0,0.93461394
38,54,2,2707.0,2707.0,1.0
38,55,0,2068.0,2742.0,0.754194
38,55,1,2742.0,2742.0,1.0
38,55,2,2707.0,2742.0,0.9872356
38,56,0,2068.0,2775.0,0.74522525
38,56,1,2775.0,2775.0,1.0
38,56,2,2707.0,2775.0,0.9754955
38,57,0,2068.0,2816.0,0.734375
38,57,1,2775.0,2816.0,0.9854403
38,57,2,2816.0,2816.0,1.0
38,58,0,2068.0,2848.0,0.7261236
38,58,1,2775.0,2848.0,0.974368
38,58,2,2848.0,2848.0,1.0
38,59,0,2068.0,2890.0,0.7155709
38,59,1,2890.0,2890.0,1.0
38,59,2,2848.0,2890.0,0.98546714
38,60,0,2068.0,2927.0,0.70652544
38,60,1,2890.0,2927.0,0.98735905
38,60,2,2927.0,2927.0,1.0
38,61,0,2068.0,2970.0,0.6962963
38,61,1,2970.0,2970.0,1.0
38,61,2,2927.0,2970.0,0.9855219
38,62,0,2068.0,3038.0,0.680711
38,62,1,2970.0,3038.0,0.97761685
38,62,2,3038.0,3038.0,1.0
38,63,0,2068.0,3076.0,0.6723017
38,63,1,2970.0,3076.0,0.96553963
38,63,2,3076.0,3076.0,1.0
38,64,0,2068.0,3130.0,0.6607029
38,64,1,2970.0,3130.0,0.9488818
38,64,2,3130.0,3130.0,1.0
38,65,0,2068.0,3175.0,0.6513386
38,65,1,3175.0,3175.0,1.0
38,65,2,3130.0,3175.0,0.9858268
38,66,0,3251.0,3251.0,1.0
38,66,1,3175.0,3251.0,0.9766226
38,66,2,3130.0,3251.0,0.96278065
38,67,0,3251.0,3285.0,0.98964995
38,67,1,3285.0,3285.0,1.0
38,67,2,3130.0,3285.0,0.95281583
38,68,0,3251.0,3330.0,0.9762763
38,68,1,3330.0,3330.0,1.0
38,68,2,3130.0,3330.0,0.9399399
38,69,0,3251.0,3372.0,0.9641163
38,69,1,3330.0,3372.0,0.9875445
38,69,2,3372.0,3372.0,1.0
38,70,0,3251.0,3410.0,0.9533724
38,70,1,3410.0,3410.0,1.0
38,70,2,3372.0,3410.0,0.9888563
38,71,0,3251.0,3459.0,0.939867
38,71,1,3459.0,3459.0,1.0
38,71,2,3372.0,3459.0,0.9748482
38,72,0,3251.0,3492.0,0.9309851
38,72,1,3492.0,3492.0,1.0
38,72,2,3372.0,3492.0,0.9656357
38,73,0,3251.0,3536.0,0.91940045
38,73,1,3536.0,3536.0,1.0
38,73,2,3372.0,3536.0,0.9536199
38,74,0,3251.0,3609.0,0.90080357
38,74,1,3536.0,3609.0,0.9797728
38,74,2,3609.0,3609.0,1.0
38,75,0,3251.0,3639.0,0.8933773
38,75,1,3639.0,3639.0,1.0
38,75,2,3609.0,3639.0,0.99175596
38,76,0,3251.0,3704.0,0.8776998
38,76,1,3639.0,3704.0,0.9824514
38,76,2,3704.0,3704.0,1.0
38,77,0,3251.0,3753.0,0.8662403
38,77,1,3639.0,3753.0,0.9696243
38,77,2,3753.0,3753.0,1.0
38,78,0,3251.0,3795.0,0.8566535
38,78,1,3795.0,3795.0,1.0
38,78,2,3753.0,3795.0,0.9889328
38,79,0,3251.0,3838.0,0.84705573
38,79,1,3795.0,3838.0,0.98879623
38,79,2,3838.0,3838.0,1.0
38,80,0,3251.0,3878.0,0.8383187
38,80,1,3795.0,3878.0,0.9785972
38,80,2,3878.0,3878.0,1.0
38,81,0,3251.0,3915.0,0.83039594
38,81,1,3795.0,3915.0,0.96934867
38,81,2,3915.0,3915.0,1.0
38,82,0,3251.0,3950.0,0.823038
38,82,1,3950.0,3950.0,1.0
38,82,2,3915.0,3950.0,0.99113923
38,83,0,3251.0,3991.0,0.8145828
38,83,1,3950.0,3991.0,0.9897269
38,83,2,3991.0,3991.0,1.0
38,84,0,3251.0,4041.0,0.80450386
38,84,1,4041.0,4041.0,1.0
38,84,2,3991.0,4041.0,0.98762685
38,85,0,3251.0,4092.0,0.79447705
38,85,1,4041.0,4092.0,0.98753667
38,85,2,4092.0,4092.0,1.0
38,86,0,3251.0,4138.0,0.78564525
38,86,1,4138.0,4138.0,1.0
38,86,2,4092.0,4138.0,0.9888835
38,87,0,3251.0,4183.0,0.7771934
38,87,1,4183.0,4183.0,1.0
38,87,2,4092.0,4183.0,0.97824526
38,88,0,3251.0,4223.0,0.7698319
38,88,1,4183.0,4223.0,0.99052805
38,88,2,4223.0,4223.0,1.0
38,89,0,3251.0,4254.0,0.7642219
38,89,1,4254.0,4254.0,1.0
38,89,2,4223.0,4254.0,0.99271274
38,90,0,3251.0,4293.0,0.7572793
38,90,1,4254.0,4293.0,0.9909154
38,90,2,4293.0,4293.0,1.0
38,91,0,3251.0,4331.0,0.75063497
38,91,1,4331.0,4331.0,1.0
38,91,2,4293.0,4331.0,0.991226
38,92,0,3251.0,4392.0,0.74020946
38,92,1,4331.0,4392.0,0.9861111
38,92,2,4392.0,4392.0,1.0
38,93,0,3251.0,4440.0,0.7322072
38,93,1,4440.0,4440.0,1.0
38,93,2,4392.0,4440.0,0.9891892
38,94,0,3251.0,4483.0,0.725184
38,94,1,4483.0,4483.0,1.0
38,94,2,4392.0,4483.0,0.9797011
38,95,0,3251.0,4525.0,0.71845305
38,95,1,4525.0,4525.0,1.0
38,95,2,4392.0,4525.0,0.97060776
38,96,0,3251.0,4558.0,0.7132514
38,96,1,4558.0,4558.0,1.0
38,96,2,4392.0,4558.0,0.9635805
38,97,0,3251.0,4601.0,0.7065855
38,97,1,4601.0,4601.0,1.0
38,97,2,4392.0,4601.0,0.9545751
38,98,0,3251.0,4643.0,0.7001938
38,98,1,4643.0,4643.0,1.0
38,98,2,4392.0,4643.0,0.94594014
38,99,0,3251.0,4717.0,0.6892092
38,99,1,4643.0,4717.0,0.98431206
38,99,2,4717.0,4717.0,1.0
38,100,0,3251.0,4751.0,0.684277
38,100,1,4751.0,4751.0,1.0
38,100,2,4717.0,4751.0,0.9928436
38,101,0,3251.0,4793.0,0.67828083
38,101,1,4793.0,4793.0,1.0
38,101,2,4717.0,4793.0,0.98414356
38,102,0,3251.0,4825.0,0.6737824
38,102,1,4825.0,4825.0,1.0
38,102,2,4717.0,4825.0,0.9776166
38,103,0,3251.0,4894.0,0.6642828
38,103,1,4825.0,4894.0,0.9859011
38,103,2,4894.0,4894.0,1.0
38,104,0,3251.0,4925.0,0.66010153
38,104,1,4925.0,4925.0,1.0
38,104,2,4894.0,4925.0,0.9937056
38,105,0,3251.0,4978.0,0.65307355
38,105,1,4925.0,4978.0,0.9893532
38,105,2,4978.0,4978.0,1.0
38,106,0,3251.0,5010.0,0.6489022
38,106,1,5010.0,5010.0,1.0
38,106,2,4978.0,5010.0,0.99361277
38,107,0,3251.0,5055.0,0.6431256
38,107,1,5055.0,5055.0,1.0
38,107,2,4978.0,5055.0,0.98476756
38,108,0,3251.0,5095.0,0.63807654
38,108,1,5055.0,5095.0,0.9921492
38,108,2,5095.0,5095.0,1.0
38,109,0,3251.0,5145.0,0.63187563
38,109,1,5145.0,5145.0,1.0
38,109,2,5095.0,5145.0,0.9902818
38,110,0,3251.0,5177.0,0.62796986
38,110,1,5177.0,5177.0,1.0
38,110,2,5095.0,5177.0,0.9841607
38,111,0,3251.0,5214.0,0.62351364
38,111,1,5214.0,5214.0,1.0
38,111,2,5095.0,5214.0,0.97717685
38,112,0,3251.0,5247.0,0.61959213
38,112,1,5247.0,5247.0,1.0
38,112,2,5095.0,5247.0,0.97103107
38,113,0,3251.0,5292.0,0.6143235
38,113,1,5292.0,5292.0,1.0
38,113,2,5095.0,5292.0,0.962774
38,114,0,3251.0,5341.0,0.6086875
38,114,1,5341.0,5341.0,1.0
38,114,2,5095.0,5341.0,0.9539412
38,115,0,3251.0,5382.0,0.6040505
38,115,1,5382.0,5382.0,1.0
38,115,2,5095.0,5382.0,0.9466741
38,116,0,3251.0,5419.0,0.5999262
38,116,1,5419.0,5419.0,1.0
38,116,2,5095.0,5419.0,0.94021034
38,117,0,3251.0,5492.0,0.5919519
38,117,1,5419.0,5492.0,0.9867079
38,117,2,5492.0,5492.0,1.0
38,118,0,3251.0,5548.0,0.58597696
38,118,1,5419.0,5548.0,0.9767484
38,118,2,5548.0,5548.0,1.0
38,119,0,3251.0,5580.0,0.5826165
38,119,1,5580.0,5580.0,1.0
38,119,2,5548.0,5580.0,0.99426526
38,120,0,3251.0,5617.0,0.5787787
38,120,1,5617.0,5617.0,1.0
38,120,2,5548.0,5617.0,0.98771584
38,121,0,3251.0,5657.0,0.5746862
38,121,1,5617.0,5657.0,0.9929291
38,121,2,5657.0,5657.0,1.0
38,122,0,3251.0,5698.0,0.5705511
38,122,1,5698.0,5698.0,1.0
38,122,2,5657.0,5698.0,0.99280447
38,123,0,3251.0,5748.0,0.56558806
38,123,1,5698.0,5748.0,0.9913013
38,123,2,5748.0,5748.0,1.0
38,124,0,3251.0,5792.0,0.56129146
38,124,1,5792.0,5792.0,1.0
38,124,2,5748.0,5792.0,0.9924033
38,125,0,3251.0,5833.0,0.5573461
38,125,1,5833.0,5833.0,1.0
38,125,2,5748.0,5833.0,0.98542774
38,126,0,3251.0,5878.0,0.5530793
38,126,1,5878.0,5878.0,1.0
38,126,2,5748.0,5878.0,0.97788364
38,127,0,3251.0,5951.0,0.54629475
38,127,1,5878.0,5951.0,0.9877331
38,127,2,5951.0,5951.0,1.0
38,128,0,3251.0,5976.0,0.5440094
38,128,1,5976.0,5976.0,1.0
38,128,2,5951.0,5976.0,0.9958166
38,129,0,3251.0,6032.0,0.5389589
38,129,1,5976.0,6032.0,0.99071616
38,129,2,6032.0,6032.0,1.0
38,130,0,3251.0,6076.0,0.53505594
38,130,1,6076.0,6076.0,1.0
38,130,2,6032.0,6076.0,0.9927584
38,131,0,3251.0,6140.0,0.52947885
38,131,1,6076.0,6140.0,0.9895765
38,131,2,6140.0,6140.0,1.0
38,132,0,3251.0,6190.0,0.5252019
38,132,1,6190.0,6190.0,1.0
38,132,2,6140.0,6190.0,0.99192244
38,133,0,3251.0,6221.0,0.5225848
38,133,1,6190.0,6221.0,0.9950169
38,133,2,6221.0,6221.0,1.0
38,134,0,3251.0,6257.0,0.5195781
38,134,1,6257.0,6257.0,1.0
38,134,2,6221.0,6257.0,0.9942464
39,1,0,34.0,34.0,1.0
39,1,1,0.0,34.0,0.0
39,1,2,0.0,34.0,0.0
39,2,0,100.0,100.0,1.0
39,2,1,0.0,100.0,0.0
39,2,2,0.0,100.0,0.0
39,3,0,162.0,162.0,1.0
39,3,1,0.0,162.0,0.0
39,3,2,0.0,162.0,0.0
39,4,0,242.0,242.0,1.0
39,4,1,0.0,242.0,0.0
39,4,2,0.0,242.0,0.0
39,5,0,318.0,318.0,1.0
39,5,1,0.0,318.0,0.0
39,5,2,0.0,318.0,0.0
39,6,0,381.0,381.0,1.0
39,6,1,0.0,381.0,0.0
39,6,2,0.0,381.0,0.0
39,7,0,381.0,394.0,0.9670051
39,7,1,394.0,394.0,1.0
39,7,2,0.0,394.0,0.0
39,8,0,472.0,472.0,1.0
39,8,1,394.0,472.0,0.83474576
39,8,2,0.0,472.0,0.0
39,9,0,544.0,544.0,1.0
39,9,1,394.0,544.0,0.7242647
39,9,2,0.0,544.0,0.0
39,10,0,544.0,584.0,0.9315069
39,10,1,584.0,584.0,1.0
39,10,2,0.0,584.0,0.0
39,11,0,655.0,655.0,1.0
39,11,1,584.0,655.0,0.89160305
39,11,2,0.0,655.0,0.0
39,12,0,730.0,730.0,1.0
39,12,1,584.0,730.0,0.8
39,12,2,0.0,730.0,0.0
39,13,0,730.0,770.0,0.9480519
39,13,1,770.0,770.0,1.0
39,13,2,0.0,770.0,0.0
39,14,0,730.0,809.0,0.9023486
39,14,1,770.0,809.0,0.95179236
39,14,2,809.0,809.0,1.0
39,15,0,730.0,851.0,0.8578143
39,15,1,851.0,851.0,1.0
39,15,2,809.0,851.0,0.9506463
39,16,0,922.0,922.0,1.0
39,16,1,851.0,922.0,0.9229935
39,16,2,809.0,922.0,0.87744033
39,17,0,922.0,967.0,0.9534643
39,17,1,851.0,967.0,0.88004136
39,17,2,967.0,967.0,1.0
39,18,0,922.0,1009.0,0.91377604
39,18,1,851.0,1009.0,0.8434093
39,18,2,1009.0,1009.0,1.0
39,19,0,922.0,1049.0,0.8789323
39,19,1,1049.0,1049.0,1.0
39,19,2,1009.0,1049.0,0.96186846
39,20,0,922.0,1089.0,0.8466483
39,20,1,1089.0,1089.0,1.0
39,20,2,1009.0,1089.0,0.9265381
39,21,0,922.0,1122.0,0.8217469
39,21,1,1122.0,1122.0,1.0
39,21,2,1009.0,1122.0,0.899287
39,22,0,922.0,1157.0,0.79688853
39,22,1,1157.0,1157.0,1.0
39,22,2,1009.0,1157.0,0.87208295
39,23,0,922.0,1214.0,0.7594728
39,23,1,1157.0,1214.0,0.95304775
39,23,2,1214.0,1214.0,1.0
39,24,0,1255.0,1255.0,1.0
39,24,1,1157.0,1255.0,0.9219124
39,24,2,1214.0,1255.0,0.9673307
39,25,0,1299.0,1299.0,1.0
39,25,1,1157.0,1299.0,0.89068514
39,25,2,1214.0,1299.0,0.93456507
39,26,0,1299.0,1342.0,0.9679583
39,26,1,1342.0,1342.0,1.0
39,26,2,1214.0,1342.0,0.90462
39,27,0,1408.0,1408.0,1.0
39,27,1,1342.0,1408.0,0.953125
39,27,2,1214.0,1408.0,0.86221594
39,28,0,1408.0,1434.0,0.9818689
39,28,1,1434.0,1434.0,1.0
39,28,2,1214.0,1434.0,0.846583
39,29,0,1408.0,1477.0,0.95328367
39,29,1,1477.0,1477.0,1.0
39,29,2,1214.0,1477.0,0.82193637
39,30,0,1527.0,1527.0,1.0
39,30,1,1477.0,1527.0,0.96725607
39,30,2,1214.0,1527.0,0.7950229
39,31,0,1527.0,1557.0,0.9807322
39,31,1,1557.0,1557.0,1.0
39,31,2,1214.0,1557.0,0.7797046
39,32,0,1527.0,1600.0,0.954375
39,32,1,1600.0,1600.0,1.0
39,32,2,1214.0,1600.0,0.75875
39,33,0,1527.0,1635.0,0.93394494
39,33,1,1635.0,1635.0,1.0
39,33,2,1214.0,1635.0,0.74250764
39,34,0,1527.0,1679.0,0.9094699
39,34,1,1635.0,1679.0,0.9737939
39,34,2,1679.0,1679.0,1.0
39,35,0,1527.0,1724.0,0.88573086
39,35,1,1635.0,1724.0,0.9483759
39,35,2,1724.0,1724.0,1.0
39,36,0,1527.0,1761.0,0.867121
39,36,1,1635.0,1761.0,0.92844975
39,36,2,1761.0,1761.0,1.0
39,37,0,1527.0,1805.0,0.8459834
39,37,1,1635.0,1805.0,0.90581715
39,37,2,1805.0,1805.0,1.0
39,38,0,1885.0,1885.0,1.0
39,38,1,1635.0,1885.0,0.867374
39,38,2,1805.0,1885.0,0.9575597
39,39,0,1885.0,1953.0,0.96518177
39,39,1,1635.0,1953.0,0.8371736
39,39,2,1953.0,1953.0,1.0
39,40,0,1885.0,1992.0,0.9462851
39,40,1,1635.0,1992.0,0.82078314
39,40,2,1992.0,1992.0,1.0
39,41,0,1885.0,2046.0,0.9213099
39,41,1,1635.0,2046.0,0.79912025
39,41,2,2046.0,2046.0,1.0
39,42,0,1885.0,2088.0,0.9027778
39,42,1,1635.0,2088.0,0.78304595
39,42,2,2088.0,2088.0,1.0
39,43,0,2164.0,2164.0,1.0
39,43,1,1635.0,2164.0,0.75554526
39,43,2,2088.0,2164.0,0.9648799
39,44,0,2222.0,2222.0,1.0
39,44,1,1635.0,2222.0,0.7358236
39,44,2,2088.0,2222.0,0.939694
39,45,0,2222.0,2262.0,0.98231655
39,45,1,1635.0,2262.0,0.7228117
39,45,2,2262.0,2262.0,1.0
39,46,0,2222.0,2323.0,0.95652175
39,46,1,1635.0,2323.0,0.70383126
39,46,2,2323.0,2323.0,1.0
39,47,0,2222.0,2360.0,0.9415254
39,47,1,2360.0,2360.0,1.0
39,47,2,2323.0,2360.0,0.984322
39,48,0,2222.0,2401.0,0.9254477
39,48,1,2360.0,2401.0,0.9829238
39,48,2,2401.0,2401.0,1.0
39,49,0,2222.0,2436.0,0.91215104
39,49,1,2436.0,2436.0,1.0
39,49,2,2401.0,2436.0,0.9856322
39,50,0,2222.0,2491.0,0.8920112
39,50,1,2436.0,2491.0,0.97792053
39,50,2,2491.0,2491.0,1.0
39,51,0,2222.0,2551.0,0.871031
39,51,1,2436.0,2551.0,0.95491964
39,51,2,2551.0,2551.0,1.0
39,52,0,2222.0,2593.0,0.8569225
39,52,1,2593.0,2593.0,1.0
39,52,2,2551.0,2593.0,0.98380256
39,53,0,2222.0,2629.0,0.84518826
39,53,1,2629.0,2629.0,1.0
39,53,2,2551.0,2629.0,0.97033095
39,54,0,2684.0,2684.0,1.0
39,54,1,2629.0,2684.0,0.9795082
39,54,2,2551.0,2684.0,0.9504471
39,55,0,2684.0,2727.0,0.98423177
39,55,1,2727.0,2727.0,1.0
39,55,2,2551.0,2727.0,0.9354602
39,56,0,2684.0,2762.0,0.9717596
39,56,1,2762.0,2762.0,1.0
39,56,2,2551.0,2762.0,0.9236061
39,57,0,2684.0,2808.0,0.95584047
39,57,1,2808.0,2808.0,1.0
39,57,2,2551.0,2808.0,0.90847576
39,58,0,2684.0,2842.0,0.9444054
39,58,1,2842.0,2842.0,1.0
39,58,2,2551.0,2842.0,0.8976073
39,59,0,2684.0,2880.0,0.93194443
39,59,1,2880.0,2880.0,1.0
39,59,2,2551.0,2880.0,0.8857639
39,60,0,2684.0,2918.0,0.9198081
39,60,1,2918.0,2918.0,1.0
39,60,2,2551.0,2918.0,0.8742289
39,61,0,2684.0,2948.0,0.9104478
39,61,1,2948.0,2948.0,1.0
39,61,2,2551.0,2948.0,0.8653324
39,62,0,2684.0,2991.0,0.8973587
39,62,1,2948.0,2991.0,0.98562354
39,62,2,2991.0,2991.0,1.0
39,63,0,2684.0,3026.0,0.8869795
39,63,1,3026.0,3026.0,1.0
39,63,2,2991.0,3026.0,0.9884336
39,64,0,2684.0,3072.0,0.87369794
39,64,1,3072.0,3072.0,1.0
39,64,2,2991.0,3072.0,0.9736328
39,65,0,2684.0,3122.0,0.8597053
39,65,1,3122.0,3122.0,1.0
39,65,2,2991.0,3122.0,0.9580397
39,66,0,2684.0,3167.0,0.8474897
39,66,1,3167.0,3167.0,1.0
39,66,2,2991.0,3167.0,0.9444269
39,67,0,2684.0,3231.0,0.83070254
39,67,1,3167.0,3231.0,0.9801919
39,67,2,3231.0,3231.0,1.0
39,68,0,2684.0,3260.0,0.8233129
39,68,1,3260.0,3260.0,1.0
39,68,2,3231.0,3260.0,0.9911043
39,69,0,2684.0,3293.0,0.8150622
39,69,1,3293.0,3293.0,1.0
39,69,2,3231.0,3293.0,0.9811722
39,70,0,2684.0,3335.0,0.8047976
39,70,1,3335.0,3335.0,1.0
39,70,2,3231.0,3335.0,0.96881557
39,71,0,2684.0,3403.0,0.78871584
39,71,1,3335.0,3403.0,0.9800176
39,71,2,3403.0,3403.0,1.0
39,72,0,2684.0,3441.0,0.7800058
39,72,1,3441.0,3441.0,1.0
39,72,2,3403.0,3441.0,0.9889567
39,73,0,2684.0,3477.0,0.7719298
39,73,1,3477.0,3477.0,1.0
39,73,2,3403.0,3477.0,0.97871727
39,74,0,2684.0,3527.0,0.7609867
39,74,1,3527.0,3527.0,1.0
39,74,2,3403.0,3527.0,0.9648426
39,75,0,2684.0,3578.0,0.7501397
39,75,1,3527.0,3578.0,0.9857462
39,75,2,3578.0,3578.0,1.0
39,76,0,2684.0,3618.0,0.7418463
39,76,1,3618.0,3618.0,1.0
39,76,2,3578.0,3618.0,0.9889442
39,77,0,2684.0,3683.0,0.72875375
39,77,1,3618.0,3683.0,0.98235136
39,77,2,3683.0,3683.0,1.0
39,78,0,2684.0,3731.0,0.7193782
39,78,1,3731.0,3731.0,1.0
39,78,2,3683.0,3731.0,0.9871348
39,79,0,2684.0,3800.0,0.7063158
39,79,1,3731.0,3800.0,0.9818421
39,79,2,3800.0,3800.0,1.0
39,80,0,2684.0,3837.0,0.6995048
39,80,1,3837.0,3837.0,1.0
39,80,2,3800.0,3837.0,0.99035704
39,81,0,2684.0,3880.0,0.69175255
39,81,1,3880.0,3880.0,1.0
39,81,2,3800.0,3880.0,0.97938144
39,82,0,2684.0,3922.0,0.6843447
39,82,1,3922.0,3922.0,1.0
39,82,2,3800.0,3922.0,0.9688934
39,83,0,2684.0,3957.0,0.6782916
39,83,1,3922.0,3957.0,0.9911549
39,83,2,3957.0,3957.0,1.0
39,84,0,2684.0,4006.0,0.669995
39,84,1,4006.0,4006.0,1.0
39,84,2,3957.0,4006.0,0.98776835
39,85,0,2684.0,4037.0,0.6648501
39,85,1,4037.0,4037.0,1.0
39,85,2,3957.0,4037.0,0.9801833
39,86,0,4096.0,4096.0,1.0
39,86,1,4037.0,4096.0,0.9855957
39,86,2,3957.0,4096.0,0.96606445
39,87,0,4096.0,4146.0,0.9879402
39,87,1,4146.0,4146.0,1.0
39,87,2,3957.0,4146.0,0.9544139
39,88,0,4096.0,4194.0,0.9766333
39,88,1,4194.0,4194.0,1.0
39,88,2,3957.0,4194.0,0.9434907
39,89,0,4096.0,4226.0,0.96923804
39,89,1,4226.0,4226.0,1.0
39,89,2,3957.0,4226.0,0.9363464
39,90,0,4096.0,4287.0,0.9554467
39,90,1,4226.0,4287.0,0.98577094
39,90,2,4287.0,4287.0,1.0
39,91,0,4096.0,4320.0,0.94814813
39,91,1,4226.0,4320.0,0.9782407
39,91,2,4320.0,4320.0,1.0
39,92,0,4096.0,4357.0,0.9400964
39,92,1,4226.0,4357.0,0.96993345
39,92,2,4357.0,4357.0,1.0
39,93,0,4096.0,4401.0,0.93069756
39,93,1,4401.0,4401.0,1.0
39,93,2,4357.0,4401.0,0.9900023
39,94,0,4096.0,4446.0,0.9212776
39,94,1,4446.0,4446.0,1.0
39,94,2,4357.0,4446.0,0.979982
39,95,0,4096.0,4516.0,0.9069973
39,95,1,4446.0,4516.0,0.9844996
39,95,2,4516.0,4516.0,1.0
39,96,0,4096.0,4585.0,0.89334786
39,96,1,4446.0,4585.0,0.96968377
39,96,2,4585.0,4585.0,1.0
39,97,0,4096.0,4617.0,0.8871562
39,97,1,4617.0,4617.0,1.0
39,97,2,4585.0,4617.0,0.9930691
39,98,0,4096.0,4658.0,0.8793474
39,98,1,4617.0,4658.0,0.99119794
39,98,2,4658.0,4658.0,1.0
39,99,0,4096.0,4731.0,0.8657789
39,99,1,4617.0,4731.0,0.97590363
39,99,2,4731.0,4731.0,1.0
39,100,0,4096.0,4769.0,0.8588803
39,100,1,4769.0,4769.0,1.0
39,100,2,4731.0,4769.0,0.9920319
39,101,0,4096.0,4802.0,0.85297793
39,101,1,4802.0,4802.0,1.0
39,101,2,4731.0,4802.0,0.9852145
39,102,0,4096.0,4866.0,0.84175915
39,102,1,4802.0,4866.0,0.9868475
39,102,2,4866.0,4866.0,1.0
39,103,0,4096.0,4899.0,0.836089
39,103,1,4899.0,4899.0,1.0
39,103,2,4866.0,4899.0,0.99326396
39,104,0,4096.0,4949.0,0.82764196
39,104,1,4949.0,4949.0,1.0
39,104,2,4866.0,4949.0,0.9832289
39,105,0,4096.0,4986.0,0.8215002
39,105,1,4986.0,4986.0,1.0
39,105,2,4866.0,4986.0,0.9759326
39,106,0,4096.0,5025.0,0.8151244
39,106,1,4986.0,5025.0,0.9922388
39,106,2,5025.0,5025.0,1.0
39,107,0,4096.0,5061.0,0.80932623
39,107,1,5061.0,5061.0,1.0
39,107,2,5025.0,5061.0,0.9928868
39,108,0,4096.0,5103.0,0.8026651
39,108,1,5103.0,5103.0,1.0
39,108,2,5025.0,5103.0,0.98471487
39,109,0,4096.0,5159.0,0.79395235
39,109,1,5103.0,5159.0,0.98914516
39,109,2,5159.0,5159.0,1.0
39,110,0,4096.0,5200.0,0.7876923
39,110,1,5200.0,5200.0,1.0
39,110,2,5159.0,5200.0,0.9921154
39,111,0,4096.0,5237.0,0.7821272
39,111,1,5200.0,5237.0,0.9929349
39,111,2,5237.0,5237.0,1.0
39,112,0,4096.0,5310.0,0.77137476
39,112,1,5200.0,5310.0,0.97928435
39,112,2,5310.0,5310.0,1.0
39,113,0,4096.0,5348.0,0.7658938
39,113,1,5348.0,5348.0,1.0
39,113,2,5310.0,5348.0,0.99289453
39,114,0,4096.0,5381.0,0.7611968
39,114,1,5381.0,5381.0,1.0
39,114,2,5310.0,5381.0,0.98680544
39,115,0,4096.0,5430.0,0.75432783
39,115,1,5430.0,5430.0,1.0
39,115,2,5310.0,5430.0,0.97790056
39,116,0,4096.0,5472.0,0.748538
39,116,1,5472.0,5472.0,1.0
39,116,2,5310.0,5472.0,0.97039473
39,117,0,4096.0,5504.0,0.74418604
39,117,1,5504.0,5504.0,1.0
39,117,2,5310.0,5504.0,0.9647529
39,118,0,4096.0,5554.0,0.7374865
39,118,1,5554.0,5554.0,1.0
39,118,2,5310.0,5554.0,0.9560677
39,119,0,4096.0,5591.0,0.732606
39,119,1,5591.0,5591.0,1.0
39,119,2,5310.0,5591.0,0.94974065
39,120,0,4096.0,5636.0,0.7267566
39,120,1,5636.0,5636.0,1.0
39,120,2,5310.0,5636.0,0.94215757
39,121,0,4096.0,5680.0,0.72112674
39,121,1,5680.0,5680.0,1.0
39,121,2,5310.0,5680.0,0.93485916
39,122,0,4096.0,5733.0,0.71446013
39,122,1,5680.0,5733.0,0.99075526
39,122,2,5733.0,5733.0,1.0
39,123,0,4096.0,5806.0,0.7054771
39,123,1,5680.0,5806.0,0.9782983
39,123,2,5806.0,5806.0,1.0
39,124,0,4096.0,5846.0,0.70065004
39,124,1,5680.0,5846.0,0.9716045
39,124,2,5846.0,5846.0,1.0
39,125,0,4096.0,5887.0,0.6957703
39,125,1,5887.0,5887.0,1.0
39,125,2,5846.0,5887.0,0.9930355
39,126,0,4096.0,5937.0,0.6899107
39,126,1,5887.0,5937.0,0.9915782
39,126,2,5937.0,5937.0,1.0
39,127,0,4096.0,5993.0,0.68346405
39,127,1,5887.0,5993.0,0.9823127
39,127,2,5993.0,5993.0,1.0
39,128,0,4096.0,6034.0,0.67882
39,128,1,6034.0,6034.0,1.0
39,128,2,5993.0,6034.0,0.9932052
39,129,0,4096.0,6078.0,0.6739059
39,129,1,6078.0,6078.0,1.0
39,129,2,5993.0,6078.0,0.98601514
39,130,0,4096.0,6128.0,0.6684073
39,130,1,6128.0,6128.0,1.0
39,130,2,5993.0,6128.0,0.97796994
39,131,0,4096.0,6165.0,0.6643958
39,131,1,6165.0,6165.0,1.0
39,131,2,5993.0,6165.0,0.97210056
39,132,0,4096.0,6201.0,0.6605386
39,132,1,6165.0,6201.0,0.9941945
39,132,2,6201.0,6201.0,1.0
39,133,0,4096.0,6237.0,0.656726
39,133,1,6237.0,6237.0,1.0
39,133,2,6201.0,6237.0,0.994228
39,134,0,4096.0,6267.0,0.6535823
39,134,1,6267.0,6267.0,1.0
39,134,2,6201.0,6267.0,0.98946863
40,1,0,19.0,19.0,1.0
40,1,1,0.0,19.0,0.0
40,1,2,0.0,19.0,0.0
40,2,0,75.0,75.0,1.0
40,2,1,0.0,75.0,0.0
40,2,2,0.0,75.0,0.0
40,3,0,146.0,146.0,1.0
40,3,1,0.0,146.0,0.0
40,3,2,0.0,146.0,0.0
40,4,0,146.0,159.0,0.918239
40,4,1,159.0,159.0,1.0
40,4,2,0.0,159.0,0.0
40,5,0,237.0,237.0,1.0
40,5,1,159.0,237.0,0.6708861
40,5,2,0.0,237.0,0.0
40,6,0,303.0,303.0,1.0
40,6,1,159.0,303.0,0.5247525
40,6,2,0.0,303.0,0.0
40,7,0,359.0,359.0,1.0
40,7,1,159.0,359.0,0.44289693
40,7,2,0.0,359.0,0.0
40,8,0,359.0,401.0,0.8952618
40,8,1,159.0,401.0,0.39650872
40,8,2,401.0,401.0,1.0
40,9,0,444.0,444.0,1.0
40,9,1,159.0,444.0,0.3581081
40,9,2,401.0,444.0,0.9031532
40,10,0,444.0,469.0,0.9466951
40,10,1,469.0,469.0,1.0
40,10,2,401.0,469.0,0.8550107
40,11,0,534.0,534.0,1.0
40,11,1,469.0,534.0,0.8782772
40,11,2,401.0,534.0,0.7509363
40,12,0,608.0,608.0,1.0
40,12,1,469.0,608.0,0.77138156
40,12,2,401.0,608.0,0.65953946
40,13,0,680.0,680.0,1.0
40,13,1,469.0,680.0,0.6897059
40,13,2,401.0,680.0,0.5897059
40,14,0,756.0,756.0,1.0
40,14,1,469.0,756.0,0.6203704
40,14,2,401.0,756.0,0.5304233
40,15,0,756.0,791.0,0.9557522
40,15,1,791.0,791.0,1.0
40,15,2,401.0,791.0,0.50695324
40,16,0,756.0,829.0,0.9119421
40,16,1,791.0,829.0,0.95416164
40,16,2,829.0,829.0,1.0
40,17,0,756.0,866.0,0.8729792
40,17,1,791.0,866.0,0.9133949
40,17,2,866.0,866.0,1.0
40,18,0,941.0,941.0,1.0
40,18,1,791.0,941.0,0.8405951
40,18,2,866.0,941.0,0.92029756
40,19,0,1022.0,1022.0,1.0
40,19,1,791.0,1022.0,0.77397263
40,19,2,866.0,1022.0,0.8473581
40,20,0,1022.0,1062.0,0.9623352
40,20,1,791.0,1062.0,0.7448211
40,20,2,1062.0,1062.0,1.0
40,21,0,1022.0,1102.0,0.9274047
40,21,1,1102.0,1102.0,1.0
40,21,2,1062.0,1102.0,0.9637024
40,22,0,1022.0,1144.0,0.8933566
40,22,1,1144.0,1144.0,1.0
40,22,2,1062.0,1144.0,0.92832166
40,23,0,1224.0,1224.0,1.0
40,23,1,1144.0,1224.0,0.9346405
40,23,2,1062.0,1224.0,0.86764705
40,24,0,1272.0,1272.0,1.0
40,24,1,1144.0,1272.0,0.8993711
40,24,2,1062.0,1272.0,0.8349057
40,25,0,1272.0,1321.0,0.9629069
40,25,1,1144.0,1321.0,0.8660106
40,25,2,1321.0,1321.0,1.0
40,26,0,1371.0,1371.0,1.0
40,26,1,1144.0,1371.0,0.8344274
40,26,2,1321.0,1371.0,0.96353024
40,27,0,1371.0,1407.0,0.97441363
40,27,1,1407.0,1407.0,1.0
40,27,2,1321.0,1407.0,0.93887705
40,28,0,1371.0,1467.0,0.9345603
40,28,1,1407.0,1467.0,0.9591002
40,28,2,1467.0,1467.0,1.0
40,29,0,1528.0,1528.0,1.0
40,29,1,1407.0,1528.0,0.92081153
40,29,2,1467.0,1528.0,0.96007854
40,30,0,1528.0,1571.0,0.9726289
40,30,1,1571.0,1571.0,1.0
40,30,2,1467.0,1571.0,0.9338001
40,31,0,1528.0,1617.0,0.9449598
40,31,1,1617.0,1617.0,1.0
40,31,2,1467.0,1617.0,0.9072356
40,32,0,1528.0,1685.0,0.90682495
40,32,1,1617.0,1685.0,0.9596439
40,32,2,1685.0,1685.0,1.0
40,33,0,1528.0,1718.0,0.88940626
40,33,1,1718.0,1718.0,1.0
40,33,2,1685.0,1718.0,0.9807916
40,34,0,1780.0,1780.0,1.0
40,34,1,1718.0,1780.0,0.96516854
40,34,2,1685.0,1780.0,0.9466292
40,35,0,1780.0,1834.0,0.97055614
40,35,1,1718.0,1834.0,0.9367503
40,35,2,1834.0,1834.0,1.0
40,36,0,1780.0,1876.0,0.94882727
40,36,1,1876.0,1876.0,1.0
40,36,2,1834.0,1876.0,0.97761196
40,37,0,1780.0,1913.0,0.9304757
40,37,1,1913.0,1913.0,1.0
40,37,2,1834.0,1913.0,0.9587036
40,38,0,1780.0,1953.0,0.9114183
40,38,1,1953.0,1953.0,1.0
40,38,2,1834.0,1953.0,0.9390681
40,39,0,1780.0,1986.0,0.8962739
40,39,1,1986.0,1986.0,1.0
40,39,2,1834.0,1986.0,0.92346424
40,40,0,1780.0,2024.0,0.8794466
40,40,1,2024.0,2024.0,1.0
40,40,2,1834.0,2024.0,0.9061265
40,41,0,1780.0,2063.0,0.86282116
40,41,1,2024.0,2063.0,0.9810955
40,41,2,2063.0,2063.0,1.0
40,42,0,2118.0,2118.0,1.0
40,42,1,2024.0,2118.0,0.9556185
40,42,2,2063.0,2118.0,0.9740321
40,43,0,2118.0,2166.0,0.97783935
40,43,1,2024.0,2166.0,0.9344414
40,43,2,2166.0,2166.0,1.0
40,44,0,2118.0,2206.0,0.9601088
40,44,1,2206.0,2206.0,1.0
40,44,2,2166.0,2206.0,0.9818676
40,45,0,2118.0,2254.0,0.9396628
40,45,1,2254.0,2254.0,1.0
40,45,2,2166.0,2254.0,0.9609583
40,46,0,2118.0,2296.0,0.92247385
40,46,1,2296.0,2296.0,1.0
40,46,2,2166.0,2296.0,0.9433798
40,47,0,2118.0,2340.0,0.9051282
40,47,1,2296.0,2340.0,0.9811966
40,47,2,2340.0,2340.0,1.0
40,48,0,2118.0,2381.0,0.8895422
40,48,1,2296.0,2381.0,0.9643007
40,48,2,2381.0,2381.0,1.0
40,49,0,2118.0,2416.0,0.87665564
40,49,1,2416.0,2416.0,1.0
40,49,2,2381.0,2416.0,0.98551327
40,50,0,2118.0,2485.0,0.8523139
40,50,1,2416.0,2485.0,0.9722334
40,50,2,2485.0,2485.0,1.0
40,51,0,2118.0,2553.0,0.8296122
40,51,1,2416.0,2553.0,0.94633764
40,51,2,2553.0,2553.0,1.0
40,52,0,2118.0,2602.0,0.8139892
40,52,1,2602.0,2602.0,1.0
40,52,2,2553.0,2602.0,0.9811683
40,53,0,2118.0,2635.0,0.80379504
40,53,1,2635.0,2635.0,1.0
40,53,2,2553.0,2635.0,0.9688805
40,54,0,2118.0,2685.0,0.7888268
40,54,1,2685.0,2685.0,1.0
40,54,2,2553.0,2685.0,0.95083797
40,55,0,2118.0,2735.0,0.77440584
40,55,1,2685.0,2735.0,0.9817185
40,55,2,2735.0,2735.0,1.0
40,56,0,2118.0,2804.0,0.7553495
40,56,1,2685.0,2804.0,0.9575606
40,56,2,2804.0,2804.0,1.0
40,57,0,2118.0,2869.0,0.7382363
40,57,1,2685.0,2869.0,0.9358662
40,57,2,2869.0,2869.0,1.0
40,58,0,2118.0,2911.0,0.727585
40,58,1,2685.0,2911.0,0.92236346
40,58,2,2911.0,2911.0,1.0
40,59,0,2118.0,2952.0,0.71747965
40,59,1,2952.0,2952.0,1.0
40,59,2,2911.0,2952.0,0.9861111
40,60,0,2118.0,3006.0,0.7045908
40,60,1,2952.0,3006.0,0.98203593
40,60,2,3006.0,3006.0,1.0
40,61,0,2118.0,3080.0,0.68766236
40,61,1,2952.0,3080.0,0.95844156
40,61,2,3080.0,3080.0,1.0
40,62,0,2118.0,3128.0,0.67710996
40,62,1,3128.0,3128.0,1.0
40,62,2,3080.0,3128.0,0.9846547
40,63,0,2118.0,3163.0,0.6696175
40,63,1,3128.0,3163.0,0.9889346
40,63,2,3163.0,3163.0,1.0
40,64,0,2118.0,3198.0,0.6622889
40,64,1,3198.0,3198.0,1.0
40,64,2,3163.0,3198.0,0.98905563
40,65,0,2118.0,3271.0,0.6475084
40,65,1,3198.0,3271.0,0.97768265
40,65,2,3271.0,3271.0,1.0
40,66,0,3330.0,3330.0,1.0
40,66,1,3198.0,3330.0,0.96036035
40,66,2,3271.0,3330.0,0.9822823
40,67,0,3330.0,3373.0,0.9872517
40,67,1,3373.0,3373.0,1.0
40,67,2,3271.0,3373.0,0.9697599
40,68,0,3330.0,3418.0,0.97425395
40,68,1,3373.0,3418.0,0.9868344
40,68,2,3418.0,3418.0,1.0
40,69,0,3330.0,3461.0,0.9621497
40,69,1,3461.0,3461.0,1.0
40,69,2,3418.0,3461.0,0.9875758
40,70,0,3330.0,3511.0,0.94844776
40,70,1,3461.0,3511.0,0.985759
40,70,2,3511.0,3511.0,1.0
40,71,0,3330.0,3581.0,0.92990786
40,71,1,3461.0,3581.0,0.9664898
40,71,2,3581.0,3581.0,1.0
40,72,0,3330.0,3621.0,0.9196355
40,72,1,3621.0,3621.0,1.0
40,72,2,3581.0,3621.0,0.98895335
40,73,0,3330.0,3662.0,0.90933913
40,73,1,3662.0,3662.0,1.0
40,73,2,3581.0,3662.0,0.97788095
40,74,0,3330.0,3735.0,0.8915663
40,74,1,3662.0,3735.0,0.98045516
40,74,2,3735.0,3735.0,1.0
40,75,0,3330.0,3778.0,0.88141876
40,75,1,3778.0,3778.0,1.0
40,75,2,3735.0,3778.0,0.9886183
40,76,0,3330.0,3816.0,0.8726415
40,76,1,3816.0,3816.0,1.0
40,76,2,3735.0,3816.0,0.9787736
40,77,0,3330.0,3849.0,0.8651598
40,77,1,3849.0,3849.0,1.0
40,77,2,3735.0,3849.0,0.9703819
40,78,0,3330.0,3885.0,0.85714287
40,78,1,3885.0,3885.0,1.0
40,78,2,3735.0,3885.0,0.96138996
40,79,0,3330.0,3928.0,0.84775966
40,79,1,3928.0,3928.0,1.0
40,79,2,3735.0,3928.0,0.95086557
40,80,0,3330.0,3970.0,0.83879095
40,80,1,3928.0,3970.0,0.98942065
40,80,2,3970.0,3970.0,1.0
40,81,0,3330.0,4012.0,0.83001
40,81,1,4012.0,4012.0,1.0
40,81,2,3970.0,4012.0,0.9895314
40,82,0,3330.0,4043.0,0.82364583
40,82,1,4043.0,4043.0,1.0
40,82,2,3970.0,4043.0,0.9819441
40,83,0,3330.0,4079.0,0.81637657
40,83,1,4079.0,4079.0,1.0
40,83,2,3970.0,4079.0,0.97327775
40,84,0,3330.0,4130.0,0.8062954
40,84,1,4079.0,4130.0,0.98765135
40,84,2,4130.0,4130.0,1.0
40,85,0,3330.0,4168.0,0.79894435
40,85,1,4168.0,4168.0,1.0
40,85,2,4130.0,4168.0,0.99088293
40,86,0,3330.0,4197.0,0.7934239
40,86,1,4197.0,4197.0,1.0
40,86,2,4130.0,4197.0,0.9840362
40,87,0,3330.0,4239.0,0.78556263
40,87,1,4239.0,4239.0,1.0
40,87,2,4130.0,4239.0,0.9742864
40,88,0,3330.0,4283.0,0.7774924
40,88,1,4283.0,4283.0,1.0
40,88,2,4130.0,4283.0,0.9642774
40,89,0,3330.0,4314.0,0.7719054
40,89,1,4314.0,4314.0,1.0
40,89,2,4130.0,4314.0,0.95734817
40,90,0,3330.0,4375.0,0.76114285
40,90,1,4314.0,4375.0,0.98605716
40,90,2,4375.0,4375.0,1.0
40,91,0,3330.0,4410.0,0.75510204
40,91,1,4410.0,4410.0,1.0
40,91,2,4375.0,4410.0,0.99206346
40,92,0,3330.0,4461.0,0.7464694
40,92,1,4410.0,4461.0,0.9885676
40,92,2,4461.0,4461.0,1.0
40,93,0,3330.0,4496.0,0.74065834
40,93,1,4496.0,4496.0,1.0
40,93,2,4461.0,4496.0,0.9922153
40,94,0,3330.0,4546.0,0.7325121
40,94,1,4546.0,4546.0,1.0
40,94,2,4461.0,4546.0,0.98130226
40,95,0,3330.0,4578.0,0.7273919
40,95,1,4578.0,4578.0,1.0
40,95,2,4461.0,4578.0,0.97444296
40,96,0,3330.0,4623.0,0.72031146
40,96,1,4623.0,4623.0,1.0
40,96,2,4461.0,4623.0,0.96495783
40,97,0,3330.0,4660.0,0.7145923
40,97,1,4623.0,4660.0,0.99206007
40,97,2,4660.0,4660.0,1.0
40,98,0,3330.0,4698.0,0.70881224
40,98,1,4698.0,4698.0,1.0
40,98,2,4660.0,4698.0,0.9919115
40,99,0,3330.0,4740.0,0.70253164
40,99,1,4740.0,4740.0,1.0
40,99,2,4660.0,4740.0,0.98312235
40,100,0,3330.0,4785.0,0.69592476
40,100,1,4785.0,4785.0,1.0
40,100,2,4660.0,4785.0,0.9738767
40,101,0,3330.0,4825.0,0.69015545
40,101,1,4825.0,4825.0,1.0
40,101,2,4660.0,4825.0,0.9658031
40,102,0,3330.0,4857.0,0.6856084
40,102,1,4857.0,4857.0,1.0
40,102,2,4660.0,4857.0,0.95944
40,103,0,3330.0,4895.0,0.680286
40,103,1,4895.0,4895.0,1.0
40,103,2,4660.0,4895.0,0.95199186
40,104,0,3330.0,4944.0,0.6735437
40,104,1,4944.0,4944.0,1.0
40,104,2,4660.0,4944.0,0.9425566
40,105,0,3330.0,5017.0,0.66374326
40,105,1,4944.0,5017.0,0.9854495
40,105,2,5017.0,5017.0,1.0
40,106,0,3330.0,5067.0,0.6571936
40,106,1,5067.0,5067.0,1.0
40,106,2,5017.0,5067.0,0.9901322
40,107,0,3330.0,5131.0,0.6489963
40,107,1,5067.0,5131.0,0.9875268
40,107,2,5131.0,5131.0,1.0
40,108,0,3330.0,5176.0,0.64335394
40,108,1,5176.0,5176.0,1.0
40,108,2,5131.0,5176.0,0.991306
40,109,0,3330.0,5210.0,0.63915545
40,109,1,5210.0,5210.0,1.0
40,109,2,5131.0,5210.0,0.9848369
40,110,0,3330.0,5241.0,0.6353749
40,110,1,5210.0,5241.0,0.9940851
40,110,2,5241.0,5241.0,1.0
40,111,0,3330.0,5286.0,0.62996596
40,111,1,5286.0,5286.0,1.0
40,111,2,5241.0,5286.0,0.99148697
40,112,0,3330.0,5325.0,0.6253521
40,112,1,5286.0,5325.0,0.9926761
40,112,2,5325.0,5325.0,1.0
40,113,0,3330.0,5375.0,0.6195349
40,113,1,5375.0,5375.0,1.0
40,113,2,5325.0,5375.0,0.9906977
40,114,0,3330.0,5441.0,0.61201984
40,114,1,5375.0,5441.0,0.98786986
40,114,2,5441.0,5441.0,1.0
40,115,0,3330.0,5485.0,0.6071103
40,115,1,5485.0,5485.0,1.0
40,115,2,5441.0,5485.0,0.9919781
40,116,0,3330.0,5522.0,0.60304236
40,116,1,5522.0,5522.0,1.0
40,116,2,5441.0,5522.0,0.9853314
40,117,0,3330.0,5566.0,0.59827524
40,117,1,5566.0,5566.0,1.0
40,117,2,5441.0,5566.0,0.9775422
40,118,0,3330.0,5622.0,0.5923159
40,118,1,5566.0,5622.0,0.9900391
40,118,2,5622.0,5622.0,1.0
40,119,0,3330.0,5663.0,0.58802754
40,119,1,5566.0,5663.0,0.9828713
40,119,2,5663.0,5663.0,1.0
40,120,0,3330.0,5701.0,0.58410805
40,120,1,5566.0,5701.0,0.97631997
40,120,2,5701.0,5701.0,1.0
40,121,0,3330.0,5738.0,0.5803416
40,121,1,5738.0,5738.0,1.0
40,121,2,5701.0,5738.0,0.99355173
40,122,0,3330.0,5775.0,0.5766234
40,122,1,5775.0,5775.0,1.0
40,122,2,5701.0,5775.0,0.98718613
40,123,0,3330.0,5812.0,0.5729525
40,123,1,5775.0,5812.0,0.99363387
40,123,2,5812.0,5812.0,1.0
40,124,0,3330.0,5853.0,0.56893903
40,124,1,5853.0,5853.0,1.0
40,124,2,5812.0,5853.0,0.992995
40,125,0,3330.0,5893.0,0.5650772
40,125,1,5853.0,5893.0,0.9932123
40,125,2,5893.0,5893.0,1.0
40,126,0,3330.0,5934.0,0.5611729
40,126,1,5934.0,5934.0,1.0
40,126,2,5893.0,5934.0,0.9930907
40,127,0,3330.0,5964.0,0.5583501
40,127,1,5964.0,5964.0,1.0
40,127,2,5893.0,5964.0,0.9880952
40,128,0,3330.0,6014.0,0.553708
40,128,1,5964.0,6014.0,0.99168605
40,128,2,6014.0,6014.0,1.0
40,129,0,3330.0,6047.0,0.5506863
40,129,1,6047.0,6047.0,1.0
40,129,2,6014.0,6047.0,0.9945428
40,130,0,3330.0,6079.0,0.5477875
40,130,1,6079.0,6079.0,1.0
40,130,2,6014.0,6079.0,0.98930746
40,131,0,3330.0,6129.0,0.5433186
40,131,1,6129.0,6129.0,1.0
40,131,2,6014.0,6129.0,0.98123676
40,132,0,3330.0,6166.0,0.5400584
40,132,1,6166.0,6166.0,1.0
40,132,2,6014.0,6166.0,0.9753487
40,133,0,3330.0,6202.0,0.5369236
40,133,1,6202.0,6202.0,1.0
40,133,2,6014.0,6202.0,0.9696872
40,134,0,3330.0,6247.0,0.53305584
40,134,1,6247.0,6247.0,1.0
40,134,2,6014.0,6247.0,0.9627021
41,1,0,18.0,18.0,1.0
41,1,1,0.0,18.0,0.0
41,1,2,0.0,18.0,0.0
41,2,0,99.0,99.0,1.0
41,2,1,0.0,99.0,0.0
41,2,2,0.0,99.0,0.0
41,3,0,175.0,175.0,1.0
41,3,1,0.0,175.0,0.0
41,3,2,0.0,175.0,0.0
41,4,0,175.0,190.0,0.92105263
41,4,1,190.0,190.0,1.0
41,4,2,0.0,190.0,0.0
41,5,0,256.0,256.0,1.0
41,5,1,190.0,256.0,0.7421875
41,5,2,0.0,256.0,0.0
41,6,0,256.0,299.0,0.8561873
41,6,1,299.0,299.0,1.0
41,6,2,0.0,299.0,0.0
41,7,0,377.0,377.0,1.0
41,7,1,299.0,377.0,0.79310346
41,7,2,0.0,377.0,0.0
41,8,0,377.0,417.0,0.90407676
41,8,1,417.0,417.0,1.0
41,8,2,0.0,417.0,0.0
41,9,0,497.0,497.0,1.0
41,9,1,417.0,497.0,0.8390342
41,9,2,0.0,497.0,0.0
41,10,0,559.0,559.0,1.0
41,10,1,417.0,559.0,0.74597496
41,10,2,0.0,559.0,0.0
41,11,0,615.0,615.0,1.0
41,11,1,417.0,615.0,0.6780488
41,11,2,0.0,615.0,0.0
41,12,0,691.0,691.0,1.0
41,12,1,417.0,691.0,0.60347325
41,12,2,0.0,691.0,0.0
41,13,0,762.0,762.0,1.0
41,13,1,417.0,762.0,0.5472441
41,13,2,0.0,762.0,0.0
41,14,0,825.0,825.0,1.0
41,14,1,417.0,825.0,0.50545454
41,14,2,0.0,825.0,0.0
41,15,0,825.0,859.0,0.9604191
41,15,1,417.0,859.0,0.48544818
41,15,2,859.0,859.0,1.0
41,16,0,825.0,901.0,0.9156493
41,16,1,901.0,901.0,1.0
41,16,2,859.0,901.0,0.9533851
41,17,0,951.0,951.0,1.0
41,17,1,901.0,951.0,0.94742376
41,17,2,859.0,951.0,0.90325975
41,18,0,951.0,984.0,0.9664634
41,18,1,984.0,984.0,1.0
41,18,2,859.0,984.0,0.8729675
41,19,0,1064.0,1064.0,1.0
41,19,1,984.0,1064.0,0.924812
41,19,2,859.0,1064.0,0.80733085
41,20,0,1136.0,1136.0,1.0
41,20,1,984.0,1136.0,0.86619717
41,20,2,859.0,1136.0,0.756162
41,21,0,1136.0,1188.0,0.956229
41,21,1,984.0,1188.0,0.82828283
41,21,2,1188.0,1188.0,1.0
41,22,0,1136.0,1225.0,0.92734694
41,22,1,984.0,1225.0,0.80326533
41,22,2,1225.0,1225.0,1.0
41,23,0,1136.0,1261.0,0.90087235
41,23,1,984.0,1261.0,0.78033304
41,23,2,1261.0,1261.0,1.0
41,24,0,1136.0,1329.0,0.85477805
41,24,1,984.0,1329.0,0.74040633
41,24,2,1329.0,1329.0,1.0
41,25,0,1136.0,1374.0,0.8267831
41,25,1,1374.0,1374.0,1.0
41,25,2,1329.0,1374.0,0.9672489
41,26,0,1136.0,1434.0,0.79218966
41,26,1,1374.0,1434.0,0.95815897
41,26,2,1434.0,1434.0,1.0
41,27,0,1136.0,1480.0,0.7675676
41,27,1,1480.0,1480.0,1.0
41,27,2,1434.0,1480.0,0.9689189
41,28,0,1136.0,1516.0,0.74934036
41,28,1,1516.0,1516.0,1.0
41,28,2,1434.0,1516.0,0.9459103
41,29,0,1136.0,1549.0,0.7333764
41,29,1,1549.0,1549.0,1.0
41,29,2,1434.0,1549.0,0.92575854
41,30,0,1136.0,1591.0,0.7140163
41,30,1,1591.0,1591.0,1.0
41,30,2,1434.0,1591.0,0.9013199
41,31,0,1136.0,1626.0,0.69864696
41,31,1,1626.0,1626.0,1.0
41,31,2,1434.0,1626.0,0.88191885
41,32,0,1136.0,1680.0,0.6761905
41,32,1,1626.0,1680.0,0.9678571
41,32,2,1680.0,1680.0,1.0
41,33,0,1136.0,1728.0,0.6574074
41,33,1,1728.0,1728.0,1.0
41,33,2,1680.0,1728.0,0.9722222
41,34,0,1136.0,1782.0,0.637486
41,34,1,1728.0,1782.0,0.969697
41,34,2,1782.0,1782.0,1.0
41,35,0,1842.0,1842.0,1.0
41,35,1,1728.0,1842.0,0.93811077
41,35,2,1782.0,1842.0,0.9674267
41,36,0,1842.0,1885.0,0.97718835
41,36,1,1885.0,1885.0,1.0
41,36,2,1782.0,1885.0,0.9453581
41,37,0,1842.0,1927.0,0.95589
41,37,1,1927.0,1927.0,1.0
41,37,2,1782.0,1927.0,0.9247535
41,38,0,1842.0,1964.0,0.9378819
41,38,1,1964.0,1964.0,1.0
41,38,2,1782.0,1964.0,0.907332
41,39,0,1842.0,1997.0,0.92238355
41,39,1,1997.0,1997.0,1.0
41,39,2,1782.0,1997.0,0.8923385
41,40,0,1842.0,2035.0,0.9051597
41,40,1,2035.0,2035.0,1.0
41,40,2,1782.0,2035.0,0.8756757
41,41,0,1842.0,2077.0,0.886856
41,41,1,2077.0,2077.0,1.0
41,41,2,1782.0,2077.0,0.8579682
41,42,0,1842.0,2117.0,0.8700992
41,42,1,2077.0,2117.0,0.9811053
41,42,2,2117.0,2117.0,1.0
41,43,0,1842.0,2182.0,0.84417963
41,43,1,2077.0,2182.0,0.951879
41,43,2,2182.0,2182.0,1.0
41,44,0,2256.0,2256.0,1.0
41,44,1,2077.0,2256.0,0.920656
41,44,2,2182.0,2256.0,0.9671986
41,45,0,2256.0,2305.0,0.9787419
41,45,1,2305.0,2305.0,1.0
41,45,2,2182.0,2305.0,0.94663775
41,46,0,2256.0,2373.0,0.95069534
41,46,1,2305.0,2373.0,0.9713443
41,46,2,2373.0,2373.0,1.0
41,47,0,2256.0,2418.0,0.9330025
41,47,1,2305.0,2418.0,0.95326716
41,47,2,2418.0,2418.0,1.0
41,48,0,2256.0,2461.0,0.91670054
41,48,1,2461.0,2461.0,1.0
41,48,2,2418.0,2461.0,0.98252743
41,49,0,2256.0,2498.0,0.9031225
41,49,1,2461.0,2498.0,0.9851881
41,49,2,2498.0,2498.0,1.0
41,50,0,2256.0,2536.0,0.8895899
41,50,1,2536.0,2536.0,1.0
41,50,2,2498.0,2536.0,0.98501575
41,51,0,2256.0,2585.0,0.8727273
41,51,1,2585.0,2585.0,1.0
41,51,2,2498.0,2585.0,0.9663443
41,52,0,2256.0,2620.0,0.8610687
41,52,1,2620.0,2620.0,1.0
41,52,2,2498.0,2620.0,0.9534351
41,53,0,2679.0,2679.0,1.0
41,53,1,2620.0,2679.0,0.97797686
41,53,2,2498.0,2679.0,0.9324375
41,54,0,2679.0,2729.0,0.98167825
41,54,1,2729.0,2729.0,1.0
41,54,2,2498.0,2729.0,0.9153536
41,55,0,2679.0,2771.0,0.96679896
41,55,1,2771.0,2771.0,1.0
41,55,2,2498.0,2771.0,0.9014796
41,56,0,2679.0,2813.0,0.952364
41,56,1,2813.0,2813.0,1.0
41,56,2,2498.0,2813.0,0.8880199
41,57,0,2872.0,2872.0,1.0
41,57,1,2813.0,2872.0,0.97945684
41,57,2,2498.0,2872.0,0.86977714
41,58,0,2927.0,2927.0,1.0
41,58,1,2813.0,2927.0,0.9610523
41,58,2,2498.0,2927.0,0.85343355
41,59,0,2927.0,2980.0,0.98221475
41,59,1,2813.0,2980.0,0.9439597
41,59,2,2980.0,2980.0,1.0
41,60,0,3036.0,3036.0,1.0
41,60,1,2813.0,3036.0,0.92654806
41,60,2,2980.0,3036.0,0.9815547
41,61,0,3036.0,3072.0,0.98828125
41,61,1,3072.0,3072.0,1.0
41,61,2,2980.0,3072.0,0.97005206
41,62,0,3036.0,3112.0,0.9755784
41,62,1,3112.0,3112.0,1.0
41,62,2,2980.0,3112.0,0.95758355
41,63,0,3036.0,3147.0,0.9647283
41,63,1,3147.0,3147.0,1.0
41,63,2,2980.0,3147.0,0.94693357
41,64,0,3036.0,3197.0,0.9496403
41,64,1,3147.0,3197.0,0.98436034
41,64,2,3197.0,3197.0,1.0
41,65,0,3036.0,3233.0,0.9390659
41,65,1,3233.0,3233.0,1.0
41,65,2,3197.0,3233.0,0.98886484
41,66,0,3036.0,3267.0,0.9292929
41,66,1,3267.0,3267.0,1.0
41,66,2,3197.0,3267.0,0.9785736
41,67,0,3036.0,3340.0,0.90898204
41,67,1,3267.0,3340.0,0.9781437
41,67,2,3340.0,3340.0,1.0
41,68,0,3036.0,3384.0,0.8971631
41,68,1,3267.0,3384.0,0.96542555
41,68,2,3384.0,3384.0,1.0
41,69,0,3036.0,3434.0,0.8841002
41,69,1,3267.0,3434.0,0.9513687
41,69,2,3434.0,3434.0,1.0
41,70,0,3036.0,3490.0,0.86991405
41,70,1,3267.0,3490.0,0.93610317
41,70,2,3490.0,3490.0,1.0
41,71,0,3036.0,3529.0,0.86030036
41,71,1,3267.0,3529.0,0.925758
41,71,2,3529.0,3529.0,1.0
41,72,0,3036.0,3569.0,0.8506585
41,72,1,3569.0,3569.0,1.0
41,72,2,3529.0,3569.0,0.98879236
41,73,0,3036.0,3614.0,0.84006643
41,73,1,3614.0,3614.0,1.0
41,73,2,3529.0,3614.0,0.97648036
41,74,0,3036.0,3645.0,0.8329218
41,74,1,3645.0,3645.0,1.0
41,74,2,3529.0,3645.0,0.9681756
41,75,0,3036.0,3695.0,0.82165086
41,75,1,3695.0,3695.0,1.0
41,75,2,3529.0,3695.0,0.9550744
41,76,0,3036.0,3734.0,0.8130691
41,76,1,3734.0,3734.0,1.0
41,76,2,3529.0,3734.0,0.9450991
41,77,0,3036.0,3808.0,0.7972689
41,77,1,3734.0,3808.0,0.9805672
41,77,2,3808.0,3808.0,1.0
41,78,0,3036.0,3841.0,0.79041916
41,78,1,3841.0,3841.0,1.0
41,78,2,3808.0,3841.0,0.99140847
41,79,0,3036.0,3884.0,0.78166837
41,79,1,3884.0,3884.0,1.0
41,79,2,3808.0,3884.0,0.98043257
41,80,0,3036.0,3919.0,0.7746874
41,80,1,3884.0,3919.0,0.99106914
41,80,2,3919.0,3919.0,1.0
41,81,0,3036.0,3949.0,0.7688022
41,81,1,3949.0,3949.0,1.0
41,81,2,3919.0,3949.0,0.99240315
41,82,0,3036.0,4019.0,0.7554118
41,82,1,3949.0,4019.0,0.98258275
41,82,2,4019.0,4019.0,1.0
41,83,0,3036.0,4088.0,0.7426615
41,83,1,3949.0,4088.0,0.96599805
41,83,2,4088.0,4088.0,1.0
41,84,0,3036.0,4134.0,0.73439765
41,84,1,4134.0,4134.0,1.0
41,84,2,4088.0,4134.0,0.98887277
41,85,0,3036.0,4174.0,0.72735983
41,85,1,4174.0,4174.0,1.0
41,85,2,4088.0,4174.0,0.9793963
41,86,0,3036.0,4207.0,0.7216544
41,86,1,4207.0,4207.0,1.0
41,86,2,4088.0,4207.0,0.9717138
41,87,0,3036.0,4237.0,0.71654475
41,87,1,4237.0,4237.0,1.0
41,87,2,4088.0,4237.0,0.9648336
41,88,0,3036.0,4275.0,0.71017545
41,88,1,4237.0,4275.0,0.9911111
41,88,2,4275.0,4275.0,1.0
41,89,0,3036.0,4326.0,0.701803
41,89,1,4237.0,4326.0,0.97942674
41,89,2,4326.0,4326.0,1.0
41,90,0,3036.0,4367.0,0.6952141
41,90,1,4367.0,4367.0,1.0
41,90,2,4326.0,4367.0,0.9906114
41,91,0,3036.0,4408.0,0.6887477
41,91,1,4408.0,4408.0,1.0
41,91,2,4326.0,4408.0,0.98139745
41,92,0,3036.0,4481.0,0.6775273
41,92,1,4408.0,4481.0,0.983709
41,92,2,4481.0,4481.0,1.0
41,93,0,3036.0,4514.0,0.6725742
41,93,1,4514.0,4514.0,1.0
41,93,2,4481.0,4514.0,0.99268943
41,94,0,3036.0,4583.0,0.66244817
41,94,1,4514.0,4583.0,0.98494434
41,94,2,4583.0,4583.0,1.0
41,95,0,3036.0,4626.0,0.65629053
41,95,1,4626.0,4626.0,1.0
41,95,2,4583.0,4626.0,0.9907047
41,96,0,3036.0,4663.0,0.651083
41,96,1,4626.0,4663.0,0.9920652
41,96,2,4663.0,4663.0,1.0
41,97,0,3036.0,4695.0,0.64664537
41,97,1,4695.0,4695.0,1.0
41,97,2,4663.0,4695.0,0.9931842
41,98,0,3036.0,4740.0,0.6405063
41,98,1,4740.0,4740.0,1.0
41,98,2,4663.0,4740.0,0.9837553
41,99,0,3036.0,4782.0,0.6348808
41,99,1,4740.0,4782.0,0.9912171
41,99,2,4782.0,4782.0,1.0
41,100,0,3036.0,4848.0,0.62623763
41,100,1,4740.0,4848.0,0.97772276
41,100,2,4848.0,4848.0,1.0
41,101,0,3036.0,4892.0,0.62060505
41,101,1,4892.0,4892.0,1.0
41,101,2,4848.0,4892.0,0.9910057
41,102,0,3036.0,4932.0,0.6155718
41,102,1,4932.0,4932.0,1.0
41,102,2,4848.0,4932.0,0.9829684
41,103,0,3036.0,4961.0,0.6119734
41,103,1,4961.0,4961.0,1.0
41,103,2,4848.0,4961.0,0.9772223
41,104,0,3036.0,5011.0,0.6058671
41,104,1,5011.0,5011.0,1.0
41,104,2,4848.0,5011.0,0.96747154
41,105,0,3036.0,5084.0,0.5971676
41,105,1,5011.0,5084.0,0.98564124
41,105,2,5084.0,5084.0,1.0
41,106,0,3036.0,5122.0,0.5927372
41,106,1,5122.0,5122.0,1.0
41,106,2,5084.0,5122.0,0.992581
41,107,0,3036.0,5167.0,0.587575
41,107,1,5167.0,5167.0,1.0
41,107,2,5084.0,5167.0,0.98393655
41,108,0,3036.0,5210.0,0.5827255
41,108,1,5210.0,5210.0,1.0
41,108,2,5084.0,5210.0,0.9758157
41,109,0,3036.0,5243.0,0.5790578
41,109,1,5243.0,5243.0,1.0
41,109,2,5084.0,5243.0,0.9696739
41,110,0,3036.0,5279.0,0.57510895
41,110,1,5243.0,5279.0,0.9931805
41,110,2,5279.0,5279.0,1.0
41,111,0,3036.0,5338.0,0.56875235
41,111,1,5243.0,5338.0,0.98220307
41,111,2,5338.0,5338.0,1.0
41,112,0,3036.0,5371.0,0.56525785
41,112,1,5243.0,5371.0,0.97616833
41,112,2,5371.0,5371.0,1.0
41,113,0,3036.0,5415.0,0.56066483
41,113,1,5415.0,5415.0,1.0
41,113,2,5371.0,5415.0,0.9918744
41,114,0,3036.0,5454.0,0.55665565
41,114,1,5415.0,5454.0,0.9928493
41,114,2,5454.0,5454.0,1.0
41,115,0,3036.0,5491.0,0.5529047
41,115,1,5491.0,5491.0,1.0
41,115,2,5454.0,5491.0,0.9932617
41,116,0,3036.0,5522.0,0.5498008
41,116,1,5522.0,5522.0,1.0
41,116,2,5454.0,5522.0,0.9876856
41,117,0,3036.0,5554.0,0.54663306
41,117,1,5554.0,5554.0,1.0
41,117,2,5454.0,5554.0,0.981995
41,118,0,3036.0,5604.0,0.5417559
41,118,1,5604.0,5604.0,1.0
41,118,2,5454.0,5604.0,0.9732334
41,119,0,3036.0,5646.0,0.5377258
41,119,1,5604.0,5646.0,0.9925611
41,119,2,5646.0,5646.0,1.0
41,120,0,3036.0,5702.0,0.5324448
41,120,1,5604.0,5702.0,0.98281306
41,120,2,5702.0,5702.0,1.0
41,121,0,3036.0,5743.0,0.52864355
41,121,1,5743.0,5743.0,1.0
41,121,2,5702.0,5743.0,0.99286085
41,122,0,3036.0,5799.0,0.52353853
41,122,1,5743.0,5799.0,0.99034315
41,122,2,5799.0,5799.0,1.0
41,123,0,3036.0,5849.0,0.5190631
41,123,1,5849.0,5849.0,1.0
41,123,2,5799.0,5849.0,0.9914515
41,124,0,3036.0,5894.0,0.5151001
41,124,1,5894.0,5894.0,1.0
41,124,2,5799.0,5894.0,0.9838819
41,125,0,3036.0,5935.0,0.5115417
41,125,1,5894.0,5935.0,0.9930918
41,125,2,5935.0,5935.0,1.0
41,126,0,3036.0,5973.0,0.5082873
41,126,1,5973.0,5973.0,1.0
41,126,2,5935.0,5973.0,0.99363804
41,127,0,3036.0,6015.0,0.50473815
41,127,1,6015.0,6015.0,1.0
41,127,2,5935.0,6015.0,0.98669994
41,128,0,3036.0,6052.0,0.50165236
41,128,1,6052.0,6052.0,1.0
41,128,2,5935.0,6052.0,0.98066753
41,129,0,3036.0,6084.0,0.4990138
41,129,1,6084.0,6084.0,1.0
41,129,2,5935.0,6084.0,0.9755095
41,130,0,3036.0,6125.0,0.49567348
41,130,1,6125.0,6125.0,1.0
41,130,2,5935.0,6125.0,0.9689796
41,131,0,3036.0,6155.0,0.49325752
41,131,1,6155.0,6155.0,1.0
41,131,2,5935.0,6155.0,0.9642567
41,132,0,3036.0,6192.0,0.49031007
41,132,1,6192.0,6192.0,1.0
41,132,2,5935.0,6192.0,0.95849484
41,133,0,3036.0,6232.0,0.48716304
41,133,1,6192.0,6232.0,0.99358153
41,133,2,6232.0,6232.0,1.0
41,134,0,3036.0,6282.0,0.48328558
41,134,1,6192.0,6282.0,0.98567337
41,134,2,6282.0,6282.0,1.0
42,1,0,25.0,25.0,1.0
42,1,1,0.0,25.0,0.0
42,1,2,0.0,25.0,0.0
42,2,0,101.0,101.0,1.0
42,2,1,0.0,101.0,0.0
42,2,2,0.0,101.0,0.0
42,3,0,179.0,179.0,1.0
42,3,1,0.0,179.0,0.0
42,3,2,0.0,179.0,0.0
42,4,0,179.0,199.0,0.8994975
42,4,1,199.0,199.0,1.0
42,4,2,0.0,199.0,0.0
42,5,0,265.0,265.0,1.0
42,5,1,199.0,265.0,0.7509434
42,5,2,0.0,265.0,0.0
42,6,0,265.0,299.0,0.8862876
42,6,1,199.0,299.0,0.66555184
42,6,2,299.0,299.0,1.0
42,7,0,370.0,370.0,1.0
42,7,1,199.0,370.0,0.53783786
42,7,2,299.0,370.0,0.8081081
42,8,0,370.0,398.0,0.9296482
42,8,1,398.0,398.0,1.0
42,8,2,299.0,398.0,0.7512563
42,9,0,370.0,439.0,0.8428246
42,9,1,398.0,439.0,0.9066059
42,9,2,439.0,439.0,1.0
42,10,0,511.0,511.0,1.0
42,10,1,398.0,511.0,0.778865
42,10,2,439.0,511.0,0.8590998
42,11,0,511.0,576.0,0.8871528
42,11,1,398.0,576.0,0.6909722
42,11,2,576.0,576.0,1.0
42,12,0,647.0,647.0,1.0
42,12,1,398.0,647.0,0.6151468
42,12,2,576.0,647.0,0.8902627
42,13,0,723.0,723.0,1.0
42,13,1,398.0,723.0,0.5504841
42,13,2,576.0,723.0,0.7966805
42,14,0,797.0,797.0,1.0
42,14,1,398.0,797.0,0.49937266
42,14,2,576.0,797.0,0.7227102
42,15,0,797.0,854.0,0.93325526
42,15,1,398.0,854.0,0.46604216
42,15,2,854.0,854.0,1.0
42,16,0,797.0,889.0,0.8965129
42,16,1,889.0,889.0,1.0
42,16,2,854.0,889.0,0.96062994
42,17,0,797.0,963.0,0.827622
42,17,1,889.0,963.0,0.9231568
42,17,2,963.0,963.0,1.0
42,18,0,1022.0,1022.0,1.0
42,18,1,889.0,1022.0,0.86986303
42,18,2,963.0,1022.0,0.94227004
42,19,0,1022.0,1059.0,0.96506137
42,19,1,889.0,1059.0,0.8394712
42,19,2,1059.0,1059.0,1.0
42,20,0,1122.0,1122.0,1.0
42,20,1,889.0,1122.0,0.7923351
42,20,2,1059.0,1122.0,0.9438503
42,21,0,1187.0,1187.0,1.0
42,21,1,889.0,1187.0,0.7489469
42,21,2,1059.0,1187.0,0.8921651
42,22,0,1242.0,1242.0,1.0
42,22,1,889.0,1242.0,0.715781
42,22,2,1059.0,1242.0,0.852657
42,23,0,1242.0,1277.0,0.972592
42,23,1,1277.0,1277.0,1.0
42,23,2,1059.0,1277.0,0.8292874
42,24,0,1343.0,1343.0,1.0
42,24,1,1277.0,1343.0,0.95085627
42,24,2,1059.0,1343.0,0.78853315
42,25,0,1343.0,1397.0,0.96134573
42,25,1,1277.0,1397.0,0.91410166
42,25,2,1397.0,1397.0,1.0
42,26,0,1343.0,1434.0,0.93654114
42,26,1,1434.0,1434.0,1.0
42,26,2,1397.0,1434.0,0.97419804
42,27,0,1343.0,1474.0,0.9111262
42,27,1,1434.0,1474.0,0.97286296
42,27,2,1474.0,1474.0,1.0
42,28,0,1343.0,1507.0,0.8911745
42,28,1,1507.0,1507.0,1.0
42,28,2,1474.0,1507.0,0.9781022
42,29,0,1343.0,1537.0,0.8737801
42,29,1,1537.0,1537.0,1.0
42,29,2,1474.0,1537.0,0.9590111
42,30,0,1343.0,1565.0,0.85814697
42,30,1,1565.0,1565.0,1.0
42,30,2,1474.0,1565.0,0.94185305
42,31,0,1343.0,1607.0,0.83571875
42,31,1,1607.0,1607.0,1.0
42,31,2,1474.0,1607.0,0.9172371
42,32,0,1343.0,1647.0,0.815422
42,32,1,1607.0,1647.0,0.97571343
42,32,2,1647.0,1647.0,1.0
42,33,0,1343.0,1697.0,0.79139656
42,33,1,1697.0,1697.0,1.0
42,33,2,1647.0,1697.0,0.97053623
42,34,0,1343.0,1732.0,0.77540416
42,34,1,1732.0,1732.0,1.0
42,34,2,1647.0,1732.0,0.9509238
42,35,0,1343.0,1782.0,0.75364757
42,35,1,1782.0,1782.0,1.0
42,35,2,1647.0,1782.0,0.92424244
42,36,0,1343.0,1824.0,0.73629385
42,36,1,1824.0,1824.0,1.0
42,36,2,1647.0,1824.0,0.90296054
42,37,0,1343.0,1873.0,0.7170315
42,37,1,1873.0,1873.0,1.0
42,37,2,1647.0,1873.0,0.87933797
42,38,0,1343.0,1933.0,0.694775
42,38,1,1873.0,1933.0,0.96896017
42,38,2,1933.0,1933.0,1.0
42,39,0,1343.0,1978.0,0.67896867
42,39,1,1978.0,1978.0,1.0
42,39,2,1933.0,1978.0,0.97724974
42,40,0,1343.0,2024.0,0.66353756
42,40,1,2024.0,2024.0,1.0
42,40,2,1933.0,2024.0,0.9550395
42,41,0,1343.0,2066.0,0.6500484
42,41,1,2066.0,2066.0,1.0
42,41,2,1933.0,2066.0,0.9356244
42,42,0,1343.0,2120.0,0.63349056
42,42,1,2066.0,2120.0,0.9745283
42,42,2,2120.0,2120.0,1.0
42,43,0,2182.0,2182.0,1.0
42,43,1,2066.0,2182.0,0.9468378
42,43,2,2120.0,2182.0,0.9715857
42,44,0,2182.0,2222.0,0.9819982
42,44,1,2222.0,2222.0,1.0
42,44,2,2120.0,2222.0,0.9540954
42,45,0,2297.0,2297.0,1.0
42,45,1,2222.0,2297.0,0.9673487
42,45,2,2120.0,2297.0,0.922943
42,46,0,2297.0,2339.0,0.9820436
42,46,1,2339.0,2339.0,1.0
42,46,2,2120.0,2339.0,0.9063702
42,47,0,2297.0,2370.0,0.9691983
42,47,1,2370.0,2370.0,1.0
42,47,2,2120.0,2370.0,0.89451474
42,48,0,2297.0,2406.0,0.9546966
42,48,1,2406.0,2406.0,1.0
42,48,2,2120.0,2406.0,0.8811305
42,49,0,2297.0,2479.0,0.9265833
42,49,1,2406.0,2479.0,0.9705526
42,49,2,2479.0,2479.0,1.0
42,50,0,2297.0,2522.0,0.9107851
42,50,1,2522.0,2522.0,1.0
42,50,2,2479.0,2522.0,0.98295003
42,51,0,2297.0,2573.0,0.8927322
42,51,1,2522.0,2573.0,0.9801788
42,51,2,2573.0,2573.0,1.0
42,52,0,2297.0,2641.0,0.8697463
42,52,1,2522.0,2641.0,0.95494133
42,52,2,2641.0,2641.0,1.0
42,53,0,2297.0,2694.0,0.8526355
42,53,1,2522.0,2694.0,0.9361544
42,53,2,2694.0,2694.0,1.0
42,54,0,2297.0,2744.0,0.83709913
42,54,1,2744.0,2744.0,1.0
42,54,2,2694.0,2744.0,0.98177844
42,55,0,2297.0,2784.0,0.8250718
42,55,1,2744.0,2784.0,0.9856322
42,55,2,2784.0,2784.0,1.0
42,56,0,2297.0,2827.0,0.8125221
42,56,1,2827.0,2827.0,1.0
42,56,2,2784.0,2827.0,0.98478955
42,57,0,2885.0,2885.0,1.0
42,57,1,2827.0,2885.0,0.979896
42,57,2,2784.0,2885.0,0.96499133
42,58,0,2885.0,2927.0,0.98565084
42,58,1,2927.0,2927.0,1.0
42,58,2,2784.0,2927.0,0.9511445
42,59,0,2986.0,2986.0,1.0
42,59,1,2927.0,2986.0,0.9802411
42,59,2,2784.0,2986.0,0.932351
42,60,0,2986.0,3034.0,0.9841793
42,60,1,3034.0,3034.0,1.0
42,60,2,2784.0,3034.0,0.9176005
42,61,0,2986.0,3084.0,0.9682231
42,61,1,3034.0,3084.0,0.9837873
42,61,2,3084.0,3084.0,1.0
42,62,0,2986.0,3129.0,0.9542985
42,62,1,3129.0,3129.0,1.0
42,62,2,3084.0,3129.0,0.9856184
42,63,0,2986.0,3174.0,0.9407687
42,63,1,3129.0,3174.0,0.9858223
42,63,2,3174.0,3174.0,1.0
42,64,0,2986.0,3217.0,0.928194
42,64,1,3217.0,3217.0,1.0
42,64,2,3174.0,3217.0,0.98663354
42,65,0,2986.0,3251.0,0.9184866
42,65,1,3251.0,3251.0,1.0
42,65,2,3174.0,3251.0,0.97631496
42,66,0,2986.0,3289.0,0.90787476
42,66,1,3289.0,3289.0,1.0
42,66,2,3174.0,3289.0,0.96503496
42,67,0,2986.0,3357.0,0.88948464
42,67,1,3289.0,3357.0,0.97974384
42,67,2,3357.0,3357.0,1.0
42,68,0,2986.0,3405.0,0.8769457
42,68,1,3405.0,3405.0,1.0
42,68,2,3357.0,3405.0,0.9859031
42,69,0,2986.0,3447.0,0.8662605
42,69,1,3447.0,3447.0,1.0
42,69,2,3357.0,3447.0,0.97389036
42,70,0,2986.0,3489.0,0.85583264
42,70,1,3447.0,3489.0,0.9879622
42,70,2,3489.0,3489.0,1.0
42,71,0,2986.0,3527.0,0.84661186
42,71,1,3527.0,3527.0,1.0
42,71,2,3489.0,3527.0,0.989226
42,72,0,2986.0,3569.0,0.83664894
42,72,1,3569.0,3569.0,1.0
42,72,2,3489.0,3569.0,0.9775848
42,73,0,2986.0,3605.0,0.82829404
42,73,1,3605.0,3605.0,1.0
42,73,2,3489.0,3605.0,0.9678225
42,74,0,2986.0,3642.0,0.8198792
42,74,1,3605.0,3642.0,0.98984075
42,74,2,3642.0,3642.0,1.0
42,75,0,2986.0,3682.0,0.8109723
42,75,1,3682.0,3682.0,1.0
42,75,2,3642.0,3682.0,0.98913634
42,76,0,2986.0,3708.0,0.8052859
42,76,1,3708.0,3708.0,1.0
42,76,2,3642.0,3708.0,0.9822006
42,77,0,2986.0,3746.0,0.79711694
42,77,1,3746.0,3746.0,1.0
42,77,2,3642.0,3746.0,0.97223705
42,78,0,2986.0,3778.0,0.7903653
42,78,1,3778.0,3778.0,1.0
42,78,2,3642.0,3778.0,0.96400213
42,79,0,3834.0,3834.0,1.0
42,79,1,3778.0,3834.0,0.9853938
42,79,2,3642.0,3834.0,0.9499217
42,80,0,3834.0,3877.0,0.98890895
42,80,1,3877.0,3877.0,1.0
42,80,2,3642.0,3877.0,0.9393861
42,81,0,3834.0,3909.0,0.9808135
42,81,1,3909.0,3909.0,1.0
42,81,2,3642.0,3909.0,0.93169606
42,82,0,3834.0,3958.0,0.968671
42,82,1,3958.0,3958.0,1.0
42,82,2,3642.0,3958.0,0.9201617
42,83,0,3834.0,4000.0,0.9585
42,83,1,3958.0,4000.0,0.9895
42,83,2,4000.0,4000.0,1.0
42,84,0,3834.0,4056.0,0.94526625
42,84,1,3958.0,4056.0,0.97583824
42,84,2,4056.0,4056.0,1.0
42,85,0,3834.0,4129.0,0.9285541
42,85,1,3958.0,4129.0,0.9585856
42,85,2,4129.0,4129.0,1.0
42,86,0,3834.0,4168.0,0.91986567
42,86,1,3958.0,4168.0,0.94961613
42,86,2,4168.0,4168.0,1.0
42,87,0,3834.0,4224.0,0.90767044
42,87,1,3958.0,4224.0,0.9370265
42,87,2,4224.0,4224.0,1.0
42,88,0,3834.0,4258.0,0.90042275
42,88,1,4258.0,4258.0,1.0
42,88,2,4224.0,4258.0,0.992015
42,89,0,3834.0,4298.0,0.8920428
42,89,1,4298.0,4298.0,1.0
42,89,2,4224.0,4298.0,0.98278266
42,90,0,3834.0,4343.0,0.8827999
42,90,1,4343.0,4343.0,1.0
42,90,2,4224.0,4343.0,0.97259957
42,91,0,3834.0,4386.0,0.87414503
42,91,1,4386.0,4386.0,1.0
42,91,2,4224.0,4386.0,0.9630643
42,92,0,3834.0,4436.0,0.86429214
42,92,1,4436.0,4436.0,1.0
42,92,2,4224.0,4436.0,0.9522092
42,93,0,3834.0,4480.0,0.85580355
42,93,1,4480.0,4480.0,1.0
42,93,2,4224.0,4480.0,0.94285715
42,94,0,3834.0,4517.0,0.84879345
42,94,1,4480.0,4517.0,0.9918087
42,94,2,4517.0,4517.0,1.0
42,95,0,3834.0,4567.0,0.8395008
42,95,1,4567.0,4567.0,1.0
42,95,2,4517.0,4567.0,0.9890519
42,96,0,3834.0,4600.0,0.8334783
42,96,1,4600.0,4600.0,1.0
42,96,2,4517.0,4600.0,0.98195654
42,97,0,3834.0,4637.0,0.8268277
42,97,1,4637.0,4637.0,1.0
42,97,2,4517.0,4637.0,0.9741212
42,98,0,3834.0,4676.0,0.81993157
42,98,1,4637.0,4676.0,0.9916595
42,98,2,4676.0,4676.0,1.0
42,99,0,4741.0,4741.0,1.0
42,99,1,4637.0,4741.0,0.9780637
42,99,2,4676.0,4741.0,0.9862898
42,100,0,4741.0,4782.0,0.99142617
42,100,1,4637.0,4782.0,0.969678
42,100,2,4782.0,4782.0,1.0
42,101,0,4741.0,4838.0,0.97995037
42,101,1,4637.0,4838.0,0.9584539
42,101,2,4838.0,4838.0,1.0
42,102,0,4741.0,4875.0,0.97251284
42,102,1,4875.0,4875.0,1.0
42,102,2,4838.0,4875.0,0.99241024
42,103,0,4741.0,4919.0,0.9638138
42,103,1,4919.0,4919.0,1.0
42,103,2,4838.0,4919.0,0.98353326
42,104,0,4741.0,4963.0,0.955269
42,104,1,4919.0,4963.0,0.9911344
42,104,2,4963.0,4963.0,1.0
42,105,0,4741.0,4999.0,0.94838965
42,105,1,4999.0,4999.0,1.0
42,105,2,4963.0,4999.0,0.99279857
42,106,0,4741.0,5068.0,0.9354775
42,106,1,4999.0,5068.0,0.98638517
42,106,2,5068.0,5068.0,1.0
42,107,0,4741.0,5108.0,0.9281519
42,107,1,4999.0,5108.0,0.97866094
42,107,2,5108.0,5108.0,1.0
42,108,0,4741.0,5181.0,0.9150743
42,108,1,4999.0,5181.0,0.96487164
42,108,2,5181.0,5181.0,1.0
42,109,0,4741.0,5206.0,0.91068
42,109,1,5206.0,5206.0,1.0
42,109,2,5181.0,5206.0,0.99519783
42,110,0,4741.0,5252.0,0.9027037
42,110,1,5252.0,5252.0,1.0
42,110,2,5181.0,5252.0,0.98648137
42,111,0,4741.0,5307.0,0.8933484
42,111,1,5252.0,5307.0,0.9896363
42,111,2,5307.0,5307.0,1.0
42,112,0,4741.0,5348.0,0.88649964
42,112,1,5348.0,5348.0,1.0
42,112,2,5307.0,5348.0,0.9923336
42,113,0,4741.0,5418.0,0.87504613
42,113,1,5348.0,5418.0,0.9870801
42,113,2,5418.0,5418.0,1.0
42,114,0,4741.0,5456.0,0.8689516
42,114,1,5456.0,5456.0,1.0
42,114,2,5418.0,5456.0,0.9930352
42,115,0,4741.0,5499.0,0.86215675
42,115,1,5456.0,5499.0,0.9921804
42,115,2,5499.0,5499.0,1.0
42,116,0,4741.0,5529.0,0.85747874
42,116,1,5529.0,5529.0,1.0
42,116,2,5499.0,5529.0,0.99457407
42,117,0,4741.0,5570.0,0.85116696
42,117,1,5570.0,5570.0,1.0
42,117,2,5499.0,5570.0,0.9872531
42,118,0,4741.0,5615.0,0.8443455
42,118,1,5615.0,5615.0,1.0
42,118,2,5499.0,5615.0,0.97934103
42,119,0,4741.0,5645.0,0.8398583
42,119,1,5645.0,5645.0,1.0
42,119,2,5499.0,5645.0,0.9741364
42,120,0,4741.0,5678.0,0.8349771
42,120,1,5678.0,5678.0,1.0
42,120,2,5499.0,5678.0,0.9684748
42,121,0,4741.0,5742.0,0.8256705
42,121,1,5678.0,5742.0,0.98885405
42,121,2,5742.0,5742.0,1.0
42,122,0,4741.0,5779.0,0.82038414
42,122,1,5779.0,5779.0,1.0
42,122,2,5742.0,5779.0,0.9935975
42,123,0,4741.0,5848.0,0.8107045
42,123,1,5779.0,5848.0,0.9882011
42,123,2,5848.0,5848.0,1.0
42,124,0,4741.0,5881.0,0.80615544
42,124,1,5881.0,5881.0,1.0
42,124,2,5848.0,5881.0,0.9943887
42,125,0,4741.0,5924.0,0.8003039
42,125,1,5924.0,5924.0,1.0
42,125,2,5848.0,5924.0,0.9871708
42,126,0,4741.0,5974.0,0.7936056
42,126,1,5974.0,5974.0,1.0
42,126,2,5848.0,5974.0,0.9789086
42,127,0,4741.0,6015.0,0.78819615
42,127,1,6015.0,6015.0,1.0
42,127,2,5848.0,6015.0,0.9722361
42,128,0,4741.0,6047.0,0.78402513
42,128,1,6047.0,6047.0,1.0
42,128,2,5848.0,6047.0,0.96709114
42,129,0,4741.0,6088.0,0.77874506
42,129,1,6088.0,6088.0,1.0
42,129,2,5848.0,6088.0,0.9605782
42,130,0,4741.0,6154.0,0.77039325
42,130,1,6088.0,6154.0,0.9892753
42,130,2,6154.0,6154.0,1.0
42,131,0,4741.0,6198.0,0.76492417
42,131,1,6198.0,6198.0,1.0
42,131,2,6154.0,6198.0,0.9929009
42,132,0,4741.0,6231.0,0.7608731
42,132,1,6198.0,6231.0,0.9947039
42,132,2,6231.0,6231.0,1.0
42,133,0,4741.0,6262.0,0.75710636
42,133,1,6198.0,6262.0,0.98977965
42,133,2,6262.0,6262.0,1.0
42,134,0,4741.0,6307.0,0.75170445
42,134,1,6307.0,6307.0,1.0
42,134,2,6262.0,6307.0,0.9928651
43,1,0,25.0,25.0,1.0
43,1,1,0.0,25.0,0.0
43,1,2,0.0,25.0,0.0
43,2,0,103.0,103.0,1.0
43,2,1,0.0,103.0,0.0
43,2,2,0.0,103.0,0.0
43,3,0,179.0,179.0,1.0
43,3,1,0.0,179.0,0.0
43,3,2,0.0,179.0,0.0
43,4,0,230.0,230.0,1.0
43,4,1,0.0,230.0,0.0
43,4,2,0.0,230.0,0.0
43,5,0,278.0,278.0,1.0
43,5,1,0.0,278.0,0.0
43,5,2,0.0,278.0,0.0
43,6,0,349.0,349.0,1.0
43,6,1,0.0,349.0,0.0
43,6,2,0.0,349.0,0.0
43,7,0,404.0,404.0,1.0
43,7,1,0.0,404.0,0.0
43,7,2,0.0,404.0,0.0
43,8,0,466.0,466.0,1.0
43,8,1,0.0,466.0,0.0
43,8,2,0.0,466.0,0.0
43,9,0,538.0,538.0,1.0
43,9,1,0.0,538.0,0.0
43,9,2,0.0,538.0,0.0
43,10,0,538.0,558.0,0.9641577
43,10,1,558.0,558.0,1.0
43,10,2,0.0,558.0,0.0
43,11,0,538.0,603.0,0.89220566
43,11,1,603.0,603.0,1.0
43,11,2,0.0,603.0,0.0
43,12,0,538.0,642.0,0.83800626
43,12,1,603.0,642.0,0.9392523
43,12,2,642.0,642.0,1.0
43,13,0,538.0,691.0,0.77858174
43,13,1,603.0,691.0,0.87264836
43,13,2,691.0,691.0,1.0
43,14,0,538.0,719.0,0.74826145
43,14,1,719.0,719.0,1.0
43,14,2,691.0,719.0,0.961057
43,15,0,538.0,752.0,0.71542555
43,15,1,752.0,752.0,1.0
43,15,2,691.0,752.0,0.91888297
43,16,0,538.0,804.0,0.6691542
43,16,1,752.0,804.0,0.93532336
43,16,2,804.0,804.0,1.0
43,17,0,538.0,841.0,0.6397146
43,17,1,752.0,841.0,0.8941736
43,17,2,841.0,841.0,1.0
43,18,0,538.0,877.0,0.61345494
43,18,1,752.0,877.0,0.85746866
43,18,2,877.0,877.0,1.0
43,19,0,538.0,942.0,0.57112527
43,19,1,752.0,942.0,0.79830146
43,19,2,942.0,942.0,1.0
43,20,0,538.0,991.0,0.54288596
43,20,1,752.0,991.0,0.7588295
43,20,2,991.0,991.0,1.0
43,21,0,1072.0,1072.0,1.0
43,21,1,752.0,1072.0,0.70149255
43,21,2,991.0,1072.0,0.9244403
43,22,0,1072.0,1107.0,0.968383
43,22,1,1107.0,1107.0,1.0
43,22,2,991.0,1107.0,0.8952123
43,23,0,1178.0,1178.0,1.0
43,23,1,1107.0,1178.0,0.9397284
43,23,2,991.0,1178.0,0.8412564
43,24,0,1178.0,1221.0,0.96478295
43,24,1,1221.0,1221.0,1.0
43,24,2,991.0,1221.0,0.81162983
43,25,0,1178.0,1266.0,0.9304897
43,25,1,1266.0,1266.0,1.0
43,25,2,991.0,1266.0,0.7827804
43,26,0,1178.0,1311.0,0.89855075
43,26,1,1266.0,1311.0,0.96567506
43,26,2,1311.0,1311.0,1.0
43,27,0,1178.0,1348.0,0.87388724
43,27,1,1348.0,1348.0,1.0
43,27,2,1311.0,1348.0,0.97255194
43,28,0,1178.0,1385.0,0.85054153
43,28,1,1385.0,1385.0,1.0
43,28,2,1311.0,1385.0,0.9465704
43,29,0,1178.0,1453.0,0.8107364
43,29,1,1385.0,1453.0,0.9532003
43,29,2,1453.0,1453.0,1.0
43,30,0,1178.0,1486.0,0.7927322
43,30,1,1486.0,1486.0,1.0
43,30,2,1453.0,1486.0,0.97779274
43,31,0,1566.0,1566.0,1.0
43,31,1,1486.0,1566.0,0.9489144
43,31,2,1453.0,1566.0,0.92784166
43,32,0,1566.0,1615.0,0.96965945
43,32,1,1615.0,1615.0,1.0
43,32,2,1453.0,1615.0,0.8996904
43,33,0,1566.0,1689.0,0.9271758
43,33,1,1615.0,1689.0,0.95618707
43,33,2,1689.0,1689.0,1.0
43,34,0,1765.0,1765.0,1.0
43,34,1,1615.0,1765.0,0.91501415
43,34,2,1689.0,1765.0,0.95694053
43,35,0,1765.0,1800.0,0.98055553
43,35,1,1615.0,1800.0,0.8972222
43,35,2,1800.0,1800.0,1.0
43,36,0,1874.0,1874.0,1.0
43,36,1,1615.0,1874.0,0.861793
43,36,2,1800.0,1874.0,0.9605123
43,37,0,1874.0,1916.0,0.9780793
43,37,1,1916.0,1916.0,1.0
43,37,2,1800.0,1916.0,0.9394572
43,38,0,1975.0,1975.0,1.0
43,38,1,1916.0,1975.0,0.97012657
43,38,2,1800.0,1975.0,0.9113924
43,39,0,1975.0,2035.0,0.97051597
43,39,1,1916.0,2035.0,0.9415233
43,39,2,2035.0,2035.0,1.0
43,40,0,1975.0,2088.0,0.94588125
43,40,1,1916.0,2088.0,0.91762453
43,40,2,2088.0,2088.0,1.0
43,41,0,1975.0,2125.0,0.92941177
43,41,1,1916.0,2125.0,0.90164703
43,41,2,2125.0,2125.0,1.0
43,42,0,1975.0,2155.0,0.9164733
43,42,1,2155.0,2155.0,1.0
43,42,2,2125.0,2155.0,0.98607886
43,43,0,1975.0,2188.0,0.90265083
43,43,1,2188.0,2188.0,1.0
43,43,2,2125.0,2188.0,0.9712066
43,44,0,1975.0,2228.0,0.8864452
43,44,1,2188.0,2228.0,0.98204666
43,44,2,2228.0,2228.0,1.0
43,45,0,2271.0,2271.0,1.0
43,45,1,2188.0,2271.0,0.9634522
43,45,2,2228.0,2271.0,0.98106563
43,46,0,2271.0,2313.0,0.98184174
43,46,1,2313.0,2313.0,1.0
43,46,2,2228.0,2313.0,0.9632512
43,47,0,2271.0,2351.0,0.96597195
43,47,1,2351.0,2351.0,1.0
43,47,2,2228.0,2351.0,0.94768184
43,48,0,2271.0,2386.0,0.9518022
43,48,1,2386.0,2386.0,1.0
43,48,2,2228.0,2386.0,0.9337804
43,49,0,2271.0,2422.0,0.93765485
43,49,1,2422.0,2422.0,1.0
43,49,2,2228.0,2422.0,0.9199009
43,50,0,2271.0,2477.0,0.9168349
43,50,1,2422.0,2477.0,0.9777957
43,50,2,2477.0,2477.0,1.0
43,51,0,2271.0,2514.0,0.9033413
43,51,1,2422.0,2514.0,0.96340495
43,51,2,2514.0,2514.0,1.0
43,52,0,2271.0,2551.0,0.8902391
43,52,1,2551.0,2551.0,1.0
43,52,2,2514.0,2551.0,0.98549587
43,53,0,2271.0,2585.0,0.87852997
43,53,1,2585.0,2585.0,1.0
43,53,2,2514.0,2585.0,0.9725338
43,54,0,2271.0,2616.0,0.86811924
43,54,1,2616.0,2616.0,1.0
43,54,2,2514.0,2616.0,0.96100914
43,55,0,2271.0,2658.0,0.8544018
43,55,1,2658.0,2658.0,1.0
43,55,2,2514.0,2658.0,0.9458239
43,56,0,2271.0,2691.0,0.84392416
43,56,1,2691.0,2691.0,1.0
43,56,2,2514.0,2691.0,0.9342252
43,57,0,2271.0,2729.0,0.83217293
43,57,1,2729.0,2729.0,1.0
43,57,2,2514.0,2729.0,0.92121655
43,58,0,2271.0,2797.0,0.8119414
43,58,1,2729.0,2797.0,0.9756882
43,58,2,2797.0,2797.0,1.0
43,59,0,2271.0,2826.0,0.8036094
43,59,1,2826.0,2826.0,1.0
43,59,2,2797.0,2826.0,0.98973817
43,60,0,2271.0,2866.0,0.79239357
43,60,1,2866.0,2866.0,1.0
43,60,2,2797.0,2866.0,0.9759246
43,61,0,2271.0,2901.0,0.7828335
43,61,1,2901.0,2901.0,1.0
43,61,2,2797.0,2901.0,0.9641503
43,62,0,2271.0,2970.0,0.7646465
43,62,1,2901.0,2970.0,0.97676766
43,62,2,2970.0,2970.0,1.0
43,63,0,2271.0,3020.0,0.75198674
43,63,1,3020.0,3020.0,1.0
43,63,2,2970.0,3020.0,0.98344374
43,64,0,3085.0,3085.0,1.0
43,64,1,3020.0,3085.0,0.9789303
43,64,2,2970.0,3085.0,0.96272284
43,65,0,3085.0,3121.0,0.98846525
43,65,1,3121.0,3121.0,1.0
43,65,2,2970.0,3121.0,0.9516181
43,66,0,3180.0,3180.0,1.0
43,66,1,3121.0,3180.0,0.98144656
43,66,2,2970.0,3180.0,0.9339623
43,67,0,3180.0,3220.0,0.9875776
43,67,1,3220.0,3220.0,1.0
43,67,2,2970.0,3220.0,0.92236024
43,68,0,3180.0,3266.0,0.9736681
43,68,1,3266.0,3266.0,1.0
43,68,2,2970.0,3266.0,0.90936923
43,69,0,3341.0,3341.0,1.0
43,69,1,3266.0,3341.0,0.97755164
43,69,2,2970.0,3341.0,0.8889554
43,70,0,3341.0,3391.0,0.98525506
43,70,1,3391.0,3391.0,1.0
43,70,2,2970.0,3391.0,0.8758478
43,71,0,3341.0,3422.0,0.9763296
43,71,1,3422.0,3422.0,1.0
43,71,2,2970.0,3422.0,0.8679135
43,72,0,3341.0,3461.0,0.9653279
43,72,1,3461.0,3461.0,1.0
43,72,2,2970.0,3461.0,0.8581335
43,73,0,3341.0,3493.0,0.9564844
43,73,1,3493.0,3493.0,1.0
43,73,2,2970.0,3493.0,0.850272
43,74,0,3341.0,3537.0,0.9445858
43,74,1,3493.0,3537.0,0.9875601
43,74,2,3537.0,3537.0,1.0
43,75,0,3341.0,3610.0,0.9254848
43,75,1,3493.0,3610.0,0.96759003
43,75,2,3610.0,3610.0,1.0
43,76,0,3341.0,3652.0,0.9148412
43,76,1,3652.0,3652.0,1.0
43,76,2,3610.0,3652.0,0.98849946
43,77,0,3341.0,3702.0,0.90248513
43,77,1,3652.0,3702.0,0.98649377
43,77,2,3702.0,3702.0,1.0
43,78,0,3341.0,3750.0,0.89093333
43,78,1,3750.0,3750.0,1.0
43,78,2,3702.0,3750.0,0.9872
43,79,0,3341.0,3793.0,0.8808331
43,79,1,3793.0,3793.0,1.0
43,79,2,3702.0,3793.0,0.9760084
43,80,0,3341.0,3835.0,0.87118644
43,80,1,3835.0,3835.0,1.0
43,80,2,3702.0,3835.0,0.96531945
43,81,0,3341.0,3876.0,0.8619711
43,81,1,3835.0,3876.0,0.9894221
43,81,2,3876.0,3876.0,1.0
43,82,0,3341.0,3919.0,0.8525134
43,82,1,3919.0,3919.0,1.0
43,82,2,3876.0,3919.0,0.9890278
43,83,0,3341.0,3955.0,0.8447535
43,83,1,3955.0,3955.0,1.0
43,83,2,3876.0,3955.0,0.9800253
43,84,0,3341.0,4025.0,0.8300621
43,84,1,3955.0,4025.0,0.9826087
43,84,2,4025.0,4025.0,1.0
43,85,0,3341.0,4098.0,0.8152757
43,85,1,3955.0,4098.0,0.96510494
43,85,2,4098.0,4098.0,1.0
43,86,0,3341.0,4137.0,0.80759007
43,86,1,3955.0,4137.0,0.95600677
43,86,2,4137.0,4137.0,1.0
43,87,0,3341.0,4193.0,0.7968042
43,87,1,3955.0,4193.0,0.94323874
43,87,2,4193.0,4193.0,1.0
43,88,0,3341.0,4257.0,0.78482497
43,88,1,3955.0,4257.0,0.929058
43,88,2,4257.0,4257.0,1.0
43,89,0,3341.0,4300.0,0.77697676
43,89,1,4300.0,4300.0,1.0
43,89,2,4257.0,4300.0,0.99
43,90,0,3341.0,4342.0,0.7694611
43,90,1,4300.0,4342.0,0.99032706
43,90,2,4342.0,4342.0,1.0
43,91,0,3341.0,4382.0,0.7624372
43,91,1,4382.0,4382.0,1.0
43,91,2,4342.0,4382.0,0.9908717
43,92,0,3341.0,4420.0,0.7558824
43,92,1,4420.0,4420.0,1.0
43,92,2,4342.0,4420.0,0.9823529
43,93,0,3341.0,4462.0,0.7487674
43,93,1,4420.0,4462.0,0.9905872
43,93,2,4462.0,4462.0,1.0
43,94,0,3341.0,4513.0,0.7403058
43,94,1,4420.0,4513.0,0.9793929
43,94,2,4513.0,4513.0,1.0
43,95,0,3341.0,4553.0,0.7338019
43,95,1,4553.0,4553.0,1.0
43,95,2,4513.0,4553.0,0.9912146
43,96,0,3341.0,4594.0,0.72725296
43,96,1,4594.0,4594.0,1.0
43,96,2,4513.0,4594.0,0.9823683
43,97,0,3341.0,4639.0,0.72019833
43,97,1,4639.0,4639.0,1.0
43,97,2,4513.0,4639.0,0.972839
43,98,0,3341.0,4712.0,0.70904076
43,98,1,4639.0,4712.0,0.9845076
43,98,2,4712.0,4712.0,1.0
43,99,0,3341.0,4773.0,0.69997907
43,99,1,4639.0,4773.0,0.97192544
43,99,2,4773.0,4773.0,1.0
43,100,0,3341.0,4806.0,0.6951727
43,100,1,4806.0,4806.0,1.0
43,100,2,4773.0,4806.0,0.9931336
43,101,0,3341.0,4845.0,0.68957686
43,101,1,4806.0,4845.0,0.99195045
43,101,2,4845.0,4845.0,1.0
43,102,0,3341.0,4895.0,0.6825332
43,102,1,4895.0,4895.0,1.0
43,102,2,4845.0,4895.0,0.9897855
43,103,0,3341.0,4945.0,0.67563194
43,103,1,4945.0,4945.0,1.0
43,103,2,4845.0,4945.0,0.9797776
43,104,0,5001.0,5001.0,1.0
43,104,1,4945.0,5001.0,0.98880225
43,104,2,4845.0,5001.0,0.96880627
43,105,0,5001.0,5047.0,0.9908857
43,105,1,5047.0,5047.0,1.0
43,105,2,4845.0,5047.0,0.9599762
43,106,0,5001.0,5116.0,0.9775215
43,106,1,5047.0,5116.0,0.9865129
43,106,2,5116.0,5116.0,1.0
43,107,0,5001.0,5153.0,0.9705026
43,107,1,5153.0,5153.0,1.0
43,107,2,5116.0,5153.0,0.9928197
43,108,0,5001.0,5191.0,0.9633982
43,108,1,5191.0,5191.0,1.0
43,108,2,5116.0,5191.0,0.9855519
43,109,0,5001.0,5233.0,0.95566595
43,109,1,5233.0,5233.0,1.0
43,109,2,5116.0,5233.0,0.9776419
43,110,0,5001.0,5274.0,0.94823664
43,110,1,5274.0,5274.0,1.0
43,110,2,5116.0,5274.0,0.9700417
43,111,0,5001.0,5312.0,0.94145334
43,111,1,5312.0,5312.0,1.0
43,111,2,5116.0,5312.0,0.9631024
43,112,0,5001.0,5357.0,0.9335449
43,112,1,5357.0,5357.0,1.0
43,112,2,5116.0,5357.0,0.95501214
43,113,0,5001.0,5392.0,0.92748517
43,113,1,5392.0,5392.0,1.0
43,113,2,5116.0,5392.0,0.9488131
43,114,0,5001.0,5422.0,0.9223534
43,114,1,5422.0,5422.0,1.0
43,114,2,5116.0,5422.0,0.9435633
43,115,0,5001.0,5478.0,0.9129244
43,115,1,5422.0,5478.0,0.98977727
43,115,2,5478.0,5478.0,1.0
43,116,0,5001.0,5516.0,0.9066352
43,116,1,5516.0,5516.0,1.0
43,116,2,5478.0,5516.0,0.99311095
43,117,0,5001.0,5561.0,0.89929867
43,117,1,5561.0,5561.0,1.0
43,117,2,5478.0,5561.0,0.98507464
43,118,0,5001.0,5588.0,0.8949535
43,118,1,5588.0,5588.0,1.0
43,118,2,5478.0,5588.0,0.98031497
43,119,0,5001.0,5618.0,0.89017445
43,119,1,5618.0,5618.0,1.0
43,119,2,5478.0,5618.0,0.9750801
43,120,0,5001.0,5655.0,0.8843501
43,120,1,5655.0,5655.0,1.0
43,120,2,5478.0,5655.0,0.9687003
43,121,0,5001.0,5698.0,0.87767637
43,121,1,5698.0,5698.0,1.0
43,121,2,5478.0,5698.0,0.96138996
43,122,0,5001.0,5747.0,0.8701931
43,122,1,5747.0,5747.0,1.0
43,122,2,5478.0,5747.0,0.95319295
43,123,0,5001.0,5792.0,0.86343235
43,123,1,5792.0,5792.0,1.0
43,123,2,5478.0,5792.0,0.9457873
43,124,0,5001.0,5819.0,0.859426
43,124,1,5819.0,5819.0,1.0
43,124,2,5478.0,5819.0,0.94139886
43,125,0,5001.0,5858.0,0.85370433
43,125,1,5858.0,5858.0,1.0
43,125,2,5478.0,5858.0,0.93513143
43,126,0,5001.0,5898.0,0.8479146
43,126,1,5858.0,5898.0,0.99321806
43,126,2,5898.0,5898.0,1.0
43,127,0,5001.0,5941.0,0.8417775
43,127,1,5858.0,5941.0,0.98602927
43,127,2,5941.0,5941.0,1.0
43,128,0,5001.0,5982.0,0.836008
43,128,1,5982.0,5982.0,1.0
43,128,2,5941.0,5982.0,0.9931461
43,129,0,5001.0,6048.0,0.8268849
43,129,1,5982.0,6048.0,0.9890873
43,129,2,6048.0,6048.0,1.0
43,130,0,5001.0,6092.0,0.82091266
43,130,1,6092.0,6092.0,1.0
43,130,2,6048.0,6092.0,0.9927774
43,131,0,5001.0,6125.0,0.8164898
43,131,1,6092.0,6125.0,0.9946122
43,131,2,6125.0,6125.0,1.0
43,132,0,5001.0,6180.0,0.8092233
43,132,1,6092.0,6180.0,0.9857605
43,132,2,6180.0,6180.0,1.0
43,133,0,5001.0,6221.0,0.80389005
43,133,1,6221.0,6221.0,1.0
43,133,2,6180.0,6221.0,0.9934094
43,134,0,5001.0,6257.0,0.79926485
43,134,1,6221.0,6257.0,0.9942464
43,134,2,6257.0,6257.0,1.0
44,1,0,31.0,31.0,1.0
44,1,1,0.0,31.0,0.0
44,1,2,0.0,31.0,0.0
44,2,0,102.0,102.0,1.0
44,2,1,0.0,102.0,0.0
44,2,2,0.0,102.0,0.0
44,3,0,180.0,180.0,1.0
44,3,1,0.0,180.0,0.0
44,3,2,0.0,180.0,0.0
44,4,0,256.0,256.0,1.0
44,4,1,0.0,256.0,0.0
44,4,2,0.0,256.0,0.0
44,5,0,256.0,269.0,0.95167285
44,5,1,269.0,269.0,1.0
44,5,2,0.0,269.0,0.0
44,6,0,256.0,304.0,0.84210527
44,6,1,304.0,304.0,1.0
44,6,2,0.0,304.0,0.0
44,7,0,256.0,338.0,0.75739646
44,7,1,304.0,338.0,0.8994083
44,7,2,338.0,338.0,1.0
44,8,0,393.0,393.0,1.0
44,8,1,304.0,393.0,0.7735369
44,8,2,338.0,393.0,0.8600509
44,9,0,468.0,468.0,1.0
44,9,1,304.0,468.0,0.6495727
44,9,2,338.0,468.0,0.7222222
44,10,0,468.0,501.0,0.93413174
44,10,1,501.0,501.0,1.0
44,10,2,338.0,501.0,0.67465067
44,11,0,558.0,558.0,1.0
44,11,1,501.0,558.0,0.89784944
44,11,2,338.0,558.0,0.60573477
44,12,0,609.0,609.0,1.0
44,12,1,501.0,609.0,0.8226601
44,12,2,338.0,609.0,0.55500823
44,13,0,671.0,671.0,1.0
44,13,1,501.0,671.0,0.7466468
44,13,2,338.0,671.0,0.50372577
44,14,0,715.0,715.0,1.0
44,14,1,501.0,715.0,0.7006993
44,14,2,338.0,715.0,0.47272727
44,15,0,778.0,778.0,1.0
44,15,1,501.0,778.0,0.64395887
44,15,2,338.0,778.0,0.4344473
44,16,0,778.0,830.0,0.9373494
44,16,1,501.0,830.0,0.60361445
44,16,2,830.0,830.0,1.0
44,17,0,778.0,867.0,0.89734715
44,17,1,501.0,867.0,0.5778547
44,17,2,867.0,867.0,1.0
44,18,0,943.0,943.0,1.0
44,18,1,501.0,943.0,0.53128314
44,18,2,867.0,943.0,0.9194062
44,19,0,943.0,971.0,0.97116375
44,19,1,971.0,971.0,1.0
44,19,2,867.0,971.0,0.8928939
44,20,0,943.0,1024.0,0.92089844
44,20,1,971.0,1024.0,0.9482422
44,20,2,1024.0,1024.0,1.0
44,21,0,943.0,1054.0,0.8946869
44,21,1,1054.0,1054.0,1.0
44,21,2,1024.0,1054.0,0.971537
44,22,0,943.0,1095.0,0.8611872
44,22,1,1054.0,1095.0,0.9625571
44,22,2,1095.0,1095.0,1.0
44,23,0,943.0,1135.0,0.830837
44,23,1,1135.0,1135.0,1.0
44,23,2,1095.0,1135.0,0.9647577
44,24,0,943.0,1189.0,0.79310346
44,24,1,1135.0,1189.0,0.9545837
44,24,2,1189.0,1189.0,1.0
44,25,0,943.0,1239.0,0.76109767
44,25,1,1239.0,1239.0,1.0
44,25,2,1189.0,1239.0,0.95964485
44,26,0,943.0,1289.0,0.7315749
44,26,1,1239.0,1289.0,0.96121025
44,26,2,1289.0,1289.0,1.0
44,27,0,943.0,1354.0,0.69645494
44,27,1,1239.0,1354.0,0.9150665
44,27,2,1354.0,1354.0,1.0
44,28,0,943.0,1391.0,0.6779295
44,28,1,1391.0,1391.0,1.0
44,28,2,1354.0,1391.0,0.9734004
44,29,0,943.0,1436.0,0.65668523
44,29,1,1391.0,1436.0,0.968663
44,29,2,1436.0,1436.0,1.0
44,30,0,943.0,1510.0,0.6245033
44,30,1,1391.0,1510.0,0.92119205
44,30,2,1510.0,1510.0,1.0
44,31,0,943.0,1545.0,0.610356
44,31,1,1391.0,1545.0,0.9003236
44,31,2,1545.0,1545.0,1.0
44,32,0,1603.0,1603.0,1.0
44,32,1,1391.0,1603.0,0.86774796
44,32,2,1545.0,1603.0,0.96381783
44,33,0,1603.0,1640.0,0.97743905
44,33,1,1640.0,1640.0,1.0
44,33,2,1545.0,1640.0,0.94207317
44,34,0,1603.0,1689.0,0.9490823
44,34,1,1689.0,1689.0,1.0
44,34,2,1545.0,1689.0,0.91474247
44,35,0,1603.0,1731.0,0.9260543
44,35,1,1689.0,1731.0,0.97573656
44,35,2,1731.0,1731.0,1.0
44,36,0,1603.0,1766.0,0.907701
44,36,1,1766.0,1766.0,1.0
44,36,2,1731.0,1766.0,0.9801812
44,37,0,1603.0,1809.0,0.8861249
44,37,1,1809.0,1809.0,1.0
44,37,2,1731.0,1809.0,0.95688224
44,38,0,1603.0,1849.0,0.8669551
44,38,1,1809.0,1849.0,0.9783667
44,38,2,1849.0,1849.0,1.0
44,39,0,1603.0,1891.0,0.84769964
44,39,1,1891.0,1891.0,1.0
44,39,2,1849.0,1891.0,0.9777895
44,40,0,1603.0,1946.0,0.823741
44,40,1,1891.0,1946.0,0.9717369
44,40,2,1946.0,1946.0,1.0
44,41,0,2026.0,2026.0,1.0
44,41,1,1891.0,2026.0,0.93336624
44,41,2,1946.0,2026.0,0.96051335
44,42,0,2076.0,2076.0,1.0
44,42,1,1891.0,2076.0,0.91088635
44,42,2,1946.0,2076.0,0.9373796
44,43,0,2076.0,2111.0,0.9834202
44,43,1,2111.0,2111.0,1.0
44,43,2,1946.0,2111.0,0.921838
44,44,0,2076.0,2142.0,0.9691877
44,44,1,2142.0,2142.0,1.0
44,44,2,1946.0,2142.0,0.90849674
44,45,0,2076.0,2197.0,0.9449249
44,45,1,2142.0,2197.0,0.9749659
44,45,2,2197.0,2197.0,1.0
44,46,0,2076.0,2234.0,0.92927486
44,46,1,2142.0,2234.0,0.95881826
44,46,2,2234.0,2234.0,1.0
44,47,0,2076.0,2268.0,0.91534394
44,47,1,2268.0,2268.0,1.0
44,47,2,2234.0,2268.0,0.98500884
44,48,0,2076.0,2303.0,0.90143293
44,48,1,2303.0,2303.0,1.0
44,48,2,2234.0,2303.0,0.97003907
44,49,0,2076.0,2337.0,0.88831836
44,49,1,2337.0,2337.0,1.0
44,49,2,2234.0,2337.0,0.9559264
44,50,0,2076.0,2388.0,0.86934674
44,50,1,2337.0,2388.0,0.97864324
44,50,2,2388.0,2388.0,1.0
44,51,0,2076.0,2438.0,0.8515176
44,51,1,2438.0,2438.0,1.0
44,51,2,2388.0,2438.0,0.9794914
44,52,0,2076.0,2511.0,0.82676226
44,52,1,2438.0,2511.0,0.9709279
44,52,2,2511.0,2511.0,1.0
44,53,0,2076.0,2556.0,0.81220657
44,53,1,2556.0,2556.0,1.0
44,53,2,2511.0,2556.0,0.98239434
44,54,0,2076.0,2594.0,0.8003084
44,54,1,2594.0,2594.0,1.0
44,54,2,2511.0,2594.0,0.9680031
44,55,0,2076.0,2639.0,0.7866616
44,55,1,2639.0,2639.0,1.0
44,55,2,2511.0,2639.0,0.9514968
44,56,0,2076.0,2672.0,0.7769461
44,56,1,2672.0,2672.0,1.0
44,56,2,2511.0,2672.0,0.9397455
44,57,0,2076.0,2716.0,0.76435935
44,57,1,2672.0,2716.0,0.9837997
44,57,2,2716.0,2716.0,1.0
44,58,0,2076.0,2770.0,0.7494585
44,58,1,2672.0,2770.0,0.96462095
44,58,2,2770.0,2770.0,1.0
44,59,0,2076.0,2814.0,0.73773986
44,59,1,2814.0,2814.0,1.0
44,59,2,2770.0,2814.0,0.9843639
44,60,0,2076.0,2849.0,0.72867674
44,60,1,2849.0,2849.0,1.0
44,60,2,2770.0,2849.0,0.97227097
44,61,0,2905.0,2905.0,1.0
44,61,1,2849.0,2905.0,0.9807229
44,61,2,2770.0,2905.0,0.9535284
44,62,0,2905.0,2975.0,0.9764706
44,62,1,2849.0,2975.0,0.9576471
44,62,2,2975.0,2975.0,1.0
44,63,0,2905.0,3012.0,0.96447545
44,63,1,3012.0,3012.0,1.0
44,63,2,2975.0,3012.0,0.9877158
44,64,0,2905.0,3057.0,0.95027804
44,64,1,3057.0,3057.0,1.0
44,64,2,2975.0,3057.0,0.9731763
44,65,0,2905.0,3103.0,0.9361908
44,65,1,3103.0,3103.0,1.0
44,65,2,2975.0,3103.0,0.9587496
44,66,0,3147.0,3147.0,1.0
44,66,1,3103.0,3147.0,0.9860184
44,66,2,2975.0,3147.0,0.94534475
44,67,0,3147.0,3189.0,0.9868297
44,67,1,3189.0,3189.0,1.0
44,67,2,2975.0,3189.0,0.93289435
44,68,0,3147.0,3219.0,0.9776328
44,68,1,3219.0,3219.0,1.0
44,68,2,2975.0,3219.0,0.92420006
44,69,0,3147.0,3269.0,0.96267974
44,69,1,3269.0,3269.0,1.0
44,69,2,2975.0,3269.0,0.9100642
44,70,0,3147.0,3312.0,0.9501812
44,70,1,3312.0,3312.0,1.0
44,70,2,2975.0,3312.0,0.8982488
44,71,0,3147.0,3354.0,0.93828267
44,71,1,3354.0,3354.0,1.0
44,71,2,2975.0,3354.0,0.8870006
44,72,0,3147.0,3397.0,0.92640567
44,72,1,3397.0,3397.0,1.0
44,72,2,2975.0,3397.0,0.8757727
44,73,0,3147.0,3438.0,0.91535777
44,73,1,3397.0,3438.0,0.9880745
44,73,2,3438.0,3438.0,1.0
44,74,0,3147.0,3471.0,0.90665513
44,74,1,3471.0,3471.0,1.0
44,74,2,3438.0,3471.0,0.99049264
44,75,0,3147.0,3510.0,0.8965812
44,75,1,3471.0,3510.0,0.98888886
44,75,2,3510.0,3510.0,1.0
44,76,0,3147.0,3549.0,0.88672864
44,76,1,3471.0,3549.0,0.978022
44,76,2,3549.0,3549.0,1.0
44,77,0,3147.0,3597.0,0.87489575
44,77,1,3597.0,3597.0,1.0
44,77,2,3549.0,3597.0,0.98665553
44,78,0,3147.0,3639.0,0.864798
44,78,1,3597.0,3639.0,0.9884584
44,78,2,3639.0,3639.0,1.0
44,79,0,3720.0,3720.0,1.0
44,79,1,3597.0,3720.0,0.96693546
44,79,2,3639.0,3720.0,0.9782258
44,80,0,3720.0,3771.0,0.9864757
44,80,1,3597.0,3771.0,0.9538584
44,80,2,3771.0,3771.0,1.0
44,81,0,3720.0,3814.0,0.97535396
44,81,1,3814.0,3814.0,1.0
44,81,2,3771.0,3814.0,0.9887257
44,82,0,3720.0,3857.0,0.96448016
44,82,1,3857.0,3857.0,1.0
44,82,2,3771.0,3857.0,0.97770286
44,83,0,3720.0,3913.0,0.9506772
44,83,1,3857.0,3913.0,0.98568875
44,83,2,3913.0,3913.0,1.0
44,84,0,3720.0,3944.0,0.9432049
44,84,1,3944.0,3944.0,1.0
44,84,2,3913.0,3944.0,0.99213994
44,85,0,4003.0,4003.0,1.0
44,85,1,3944.0,4003.0,0.9852611
44,85,2,3913.0,4003.0,0.9775169
44,86,0,4003.0,4064.0,0.9849902
44,86,1,3944.0,4064.0,0.97047246
44,86,2,4064.0,4064.0,1.0
44,87,0,4003.0,4100.0,0.9763415
44,87,1,4100.0,4100.0,1.0
44,87,2,4064.0,4100.0,0.9912195
44,88,0,4003.0,4138.0,0.9673755
44,88,1,4138.0,4138.0,1.0
44,88,2,4064.0,4138.0,0.98211694
44,89,0,4003.0,4178.0,0.9581139
44,89,1,4178.0,4178.0,1.0
44,89,2,4064.0,4178.0,0.97271425
44,90,0,4003.0,4209.0,0.95105726
44,90,1,4209.0,4209.0,1.0
44,90,2,4064.0,4209.0,0.96555
44,91,0,4003.0,4241.0,0.94388115
44,91,1,4241.0,4241.0,1.0
44,91,2,4064.0,4241.0,0.9582646
44,92,0,4003.0,4289.0,0.9333178
44,92,1,4289.0,4289.0,1.0
44,92,2,4064.0,4289.0,0.9475402
44,93,0,4003.0,4357.0,0.9187514
44,93,1,4289.0,4357.0,0.98439294
44,93,2,4357.0,4357.0,1.0
44,94,0,4003.0,4399.0,0.9099795
44,94,1,4399.0,4399.0,1.0
44,94,2,4357.0,4399.0,0.99045235
44,95,0,4003.0,4441.0,0.90137357
44,95,1,4441.0,4441.0,1.0
44,95,2,4357.0,4441.0,0.98108536
44,96,0,4003.0,4509.0,0.88778
44,96,1,4441.0,4509.0,0.9849191
44,96,2,4509.0,4509.0,1.0
44,97,0,4003.0,4551.0,0.8795869
44,97,1,4551.0,4551.0,1.0
44,97,2,4509.0,4551.0,0.99077123
44,98,0,4003.0,4594.0,0.8713539
44,98,1,4551.0,4594.0,0.99064
44,98,2,4594.0,4594.0,1.0
44,99,0,4003.0,4626.0,0.8653264
44,99,1,4626.0,4626.0,1.0
44,99,2,4594.0,4626.0,0.9930826
44,100,0,4003.0,4672.0,0.8568065
44,100,1,4672.0,4672.0,1.0
44,100,2,4594.0,4672.0,0.9833048
44,101,0,4003.0,4740.0,0.8445148
44,101,1,4672.0,4740.0,0.985654
44,101,2,4740.0,4740.0,1.0
44,102,0,4003.0,4777.0,0.8379736
44,102,1,4777.0,4777.0,1.0
44,102,2,4740.0,4777.0,0.99225456
44,103,0,4003.0,4815.0,0.83136034
44,103,1,4815.0,4815.0,1.0
44,103,2,4740.0,4815.0,0.9844237
44,104,0,4003.0,4884.0,0.81961507
44,104,1,4815.0,4884.0,0.9858722
44,104,2,4884.0,4884.0,1.0
44,105,0,4003.0,4934.0,0.8113093
44,105,1,4934.0,4934.0,1.0
44,105,2,4884.0,4934.0,0.98986626
44,106,0,4003.0,4975.0,0.8046231
44,106,1,4975.0,4975.0,1.0
44,106,2,4884.0,4975.0,0.9817085
44,107,0,4003.0,5010.0,0.799002
44,107,1,5010.0,5010.0,1.0
44,107,2,4884.0,5010.0,0.9748503
44,108,0,4003.0,5047.0,0.79314446
44,108,1,5047.0,5047.0,1.0
44,108,2,4884.0,5047.0,0.9677036
44,109,0,4003.0,5088.0,0.7867531
44,109,1,5088.0,5088.0,1.0
44,109,2,4884.0,5088.0,0.9599057
44,110,0,4003.0,5161.0,0.7756249
44,110,1,5088.0,5161.0,0.98585546
44,110,2,5161.0,5161.0,1.0
44,111,0,4003.0,5202.0,0.7695117
44,111,1,5202.0,5202.0,1.0
44,111,2,5161.0,5202.0,0.9921184
44,112,0,4003.0,5247.0,0.76291215
44,112,1,5247.0,5247.0,1.0
44,112,2,5161.0,5247.0,0.9836097
44,113,0,4003.0,5292.0,0.7564248
44,113,1,5292.0,5292.0,1.0
44,113,2,5161.0,5292.0,0.97524565
44,114,0,5372.0,5372.0,1.0
44,114,1,5292.0,5372.0,0.98510796
44,114,2,5161.0,5372.0,0.96072227
44,115,0,5372.0,5405.0,0.9938945
44,115,1,5405.0,5405.0,1.0
44,115,2,5161.0,5405.0,0.95485663
44,116,0,5372.0,5445.0,0.9865932
44,116,1,5405.0,5445.0,0.9926538
44,116,2,5445.0,5445.0,1.0
44,117,0,5372.0,5482.0,0.97993433
44,117,1,5405.0,5482.0,0.98595405
44,117,2,5482.0,5482.0,1.0
44,118,0,5372.0,5512.0,0.97460085
44,118,1,5512.0,5512.0,1.0
44,118,2,5482.0,5512.0,0.9945573
44,119,0,5372.0,5567.0,0.96497214
44,119,1,5512.0,5567.0,0.99012035
44,119,2,5567.0,5567.0,1.0
44,120,0,5372.0,5631.0,0.95400465
44,120,1,5512.0,5631.0,0.978867
44,120,2,5631.0,5631.0,1.0
44,121,0,5372.0,5669.0,0.9476098
44,121,1,5669.0,5669.0,1.0
44,121,2,5631.0,5669.0,0.99329686
44,122,0,5372.0,5718.0,0.9394893
44,122,1,5718.0,5718.0,1.0
44,122,2,5631.0,5718.0,0.9847849
44,123,0,5372.0,5763.0,0.9321534
44,123,1,5763.0,5763.0,1.0
44,123,2,5631.0,5763.0,0.97709525
44,124,0,5372.0,5802.0,0.92588764
44,124,1,5802.0,5802.0,1.0
44,124,2,5631.0,5802.0,0.9705274
44,125,0,5372.0,5838.0,0.9201781
44,125,1,5838.0,5838.0,1.0
44,125,2,5631.0,5838.0,0.9645426
44,126,0,5372.0,5879.0,0.91376084
44,126,1,5879.0,5879.0,1.0
44,126,2,5631.0,5879.0,0.95781595
44,127,0,5372.0,5924.0,0.9068197
44,127,1,5924.0,5924.0,1.0
44,127,2,5631.0,5924.0,0.9505402
44,128,0,5372.0,5968.0,0.900134
44,128,1,5968.0,5968.0,1.0
44,128,2,5631.0,5968.0,0.94353217
44,129,0,5372.0,5999.0,0.8954826
44,129,1,5968.0,5999.0,0.99483246
44,129,2,5999.0,5999.0,1.0
44,130,0,5372.0,6068.0,0.8852999
44,130,1,5968.0,6068.0,0.9835201
44,130,2,6068.0,6068.0,1.0
44,131,0,5372.0,6111.0,0.8790705
44,131,1,6111.0,6111.0,1.0
44,131,2,6068.0,6111.0,0.9929635
44,132,0,5372.0,6143.0,0.8744913
44,132,1,6143.0,6143.0,1.0
44,132,2,6068.0,6143.0,0.987791
44,133,0,5372.0,6209.0,0.8651957
44,133,1,6143.0,6209.0,0.9893703
44,133,2,6209.0,6209.0,1.0
44,134,0,5372.0,6242.0,0.8606216
44,134,1,6143.0,6242.0,0.9841397
44,134,2,6242.0,6242.0,1.0
45,1,0,38.0,38.0,1.0
45,1,1,0.0,38.0,0.0
45,1,2,0.0,38.0,0.0
45,2,0,114.0,114.0,1.0
45,2,1,0.0,114.0,0.0
45,2,2,0.0,114.0,0.0
45,3,0,114.0,134.0,0.8507463
45,3,1,134.0,134.0,1.0
45,3,2,0.0,134.0,0.0
45,4,0,182.0,182.0,1.0
45,4,1,134.0,182.0,0.73626375
45,4,2,0.0,182.0,0.0
45,5,0,182.0,215.0,0.8465116
45,5,1,215.0,215.0,1.0
45,5,2,0.0,215.0,0.0
45,6,0,291.0,291.0,1.0
45,6,1,215.0,291.0,0.73883164
45,6,2,0.0,291.0,0.0
45,7,0,371.0,371.0,1.0
45,7,1,215.0,371.0,0.5795148
45,7,2,0.0,371.0,0.0
45,8,0,442.0,442.0,1.0
45,8,1,215.0,442.0,0.48642534
45,8,2,0.0,442.0,0.0
45,9,0,442.0,475.0,0.9305263
45,9,1,475.0,475.0,1.0
45,9,2,0.0,475.0,0.0
45,10,0,442.0,510.0,0.8666667
45,10,1,475.0,510.0,0.9313725
45,10,2,510.0,510.0,1.0
45,11,0,442.0,567.0,0.77954143
45,11,1,475.0,567.0,0.8377425
45,11,2,567.0,567.0,1.0
45,12,0,442.0,604.0,0.7317881
45,12,1,475.0,604.0,0.78642386
45,12,2,604.0,604.0,1.0
45,13,0,648.0,648.0,1.0
45,13,1,475.0,648.0,0.7330247
45,13,2,604.0,648.0,0.93209875
45,14,0,648.0,681.0,0.95154184
45,14,1,681.0,681.0,1.0
45,14,2,604.0,681.0,0.886931
45,15,0,648.0,716.0,0.9050279
45,15,1,716.0,716.0,1.0
45,15,2,604.0,716.0,0.8435754
45,16,0,648.0,765.0,0.84705883
45,16,1,716.0,765.0,0.9359477
45,16,2,765.0,765.0,1.0
45,17,0,836.0,836.0,1.0
45,17,1,716.0,836.0,0.8564593
45,17,2,765.0,836.0,0.9150718
45,18,0,836.0,873.0,0.9576174
45,18,1,873.0,873.0,1.0
45,18,2,765.0,873.0,0.87628865
45,19,0,836.0,927.0,0.9018339
45,19,1,873.0,927.0,0.94174755
45,19,2,927.0,927.0,1.0
45,20,0,836.0,987.0,0.84701115
45,20,1,873.0,987.0,0.8844985
45,20,2,987.0,987.0,1.0
45,21,0,1062.0,1062.0,1.0
45,21,1,873.0,1062.0,0.8220339
45,21,2,987.0,1062.0,0.9293785
45,22,0,1062.0,1104.0,0.9619565
45,22,1,873.0,1104.0,0.7907609
45,22,2,1104.0,1104.0,1.0
45,23,0,1166.0,1166.0,1.0
45,23,1,873.0,1166.0,0.74871355
45,23,2,1104.0,1166.0,0.94682676
45,24,0,1166.0,1203.0,0.9692436
45,24,1,1203.0,1203.0,1.0
45,24,2,1104.0,1203.0,0.9177057
45,25,0,1166.0,1244.0,0.937299
45,25,1,1203.0,1244.0,0.9670418
45,25,2,1244.0,1244.0,1.0
45,26,0,1166.0,1284.0,0.9080997
45,26,1,1284.0,1284.0,1.0
45,26,2,1244.0,1284.0,0.96884733
45,27,0,1166.0,1322.0,0.881997
45,27,1,1322.0,1322.0,1.0
45,27,2,1244.0,1322.0,0.9409985
45,28,0,1388.0,1388.0,1.0
45,28,1,1322.0,1388.0,0.95244956
45,28,2,1244.0,1388.0,0.8962536
45,29,0,1446.0,1446.0,1.0
45,29,1,1322.0,1446.0,0.9142462
45,29,2,1244.0,1446.0,0.8603043
45,30,0,1446.0,1488.0,0.9717742
45,30,1,1488.0,1488.0,1.0
45,30,2,1244.0,1488.0,0.8360215
45,31,0,1446.0,1553.0,0.9311011
45,31,1,1488.0,1553.0,0.9581455
45,31,2,1553.0,1553.0,1.0
45,32,0,1446.0,1602.0,0.90262175
45,32,1,1602.0,1602.0,1.0
45,32,2,1553.0,1602.0,0.9694132
45,33,0,1446.0,1645.0,0.87902737
45,33,1,1645.0,1645.0,1.0
45,33,2,1553.0,1645.0,0.94407296
45,34,0,1446.0,1714.0,0.8436406
45,34,1,1645.0,1714.0,0.95974326
45,34,2,1714.0,1714.0,1.0
45,35,0,1446.0,1744.0,0.82912844
45,35,1,1744.0,1744.0,1.0
45,35,2,1714.0,1744.0,0.98279816
45,36,0,1446.0,1779.0,0.8128162
45,36,1,1744.0,1779.0,0.980326
45,36,2,1779.0,1779.0,1.0
45,37,0,1860.0,1860.0,1.0
45,37,1,1744.0,1860.0,0.9376344
45,37,2,1779.0,1860.0,0.9564516
45,38,0,1919.0,1919.0,1.0
45,38,1,1744.0,1919.0,0.9088067
45,38,2,1779.0,1919.0,0.92704535
45,39,0,1991.0,1991.0,1.0
45,39,1,1744.0,1991.0,0.87594175
45,39,2,1779.0,1991.0,0.89352083
45,40,0,1991.0,2034.0,0.97885936
45,40,1,2034.0,2034.0,1.0
45,40,2,1779.0,2034.0,0.8746313
45,41,0,1991.0,2074.0,0.9599807
45,41,1,2074.0,2074.0,1.0
45,41,2,1779.0,2074.0,0.85776275
45,42,0,1991.0,2120.0,0.9391509
45,42,1,2120.0,2120.0,1.0
45,42,2,1779.0,2120.0,0.83915097
45,43,0,2175.0,2175.0,1.0
45,43,1,2120.0,2175.0,0.97471267
45,43,2,1779.0,2175.0,0.81793106
45,44,0,2175.0,2208.0,0.9850544
45,44,1,2208.0,2208.0,1.0
45,44,2,1779.0,2208.0,0.8057065
45,45,0,2288.0,2288.0,1.0
45,45,1,2208.0,2288.0,0.96503496
45,45,2,1779.0,2288.0,0.77753496
45,46,0,2288.0,2328.0,0.9828179
45,46,1,2208.0,2328.0,0.9484536
45,46,2,2328.0,2328.0,1.0
45,47,0,2288.0,2359.0,0.9699025
45,47,1,2359.0,2359.0,1.0
45,47,2,2328.0,2359.0,0.98685884
45,48,0,2288.0,2409.0,0.9497717
45,48,1,2409.0,2409.0,1.0
45,48,2,2328.0,2409.0,0.96637607
45,49,0,2288.0,2445.0,0.9357873
45,49,1,2445.0,2445.0,1.0
45,49,2,2328.0,2445.0,0.95214725
45,50,0,2519.0,2519.0,1.0
45,50,1,2445.0,2519.0,0.97062325
45,50,2,2328.0,2519.0,0.9241763
45,51,0,2575.0,2575.0,1.0
45,51,1,2445.0,2575.0,0.94951457
45,51,2,2328.0,2575.0,0.90407765
45,52,0,2575.0,2620.0,0.98282444
45,52,1,2445.0,2620.0,0.9332061
45,52,2,2620.0,2620.0,1.0
45,53,0,2575.0,2668.0,0.9651424
45,53,1,2668.0,2668.0,1.0
45,53,2,2620.0,2668.0,0.982009
45,54,0,2575.0,2710.0,0.9501845
45,54,1,2668.0,2710.0,0.98450184
45,54,2,2710.0,2710.0,1.0
45,55,0,2575.0,2754.0,0.93500364
45,55,1,2668.0,2754.0,0.9687727
45,55,2,2754.0,2754.0,1.0
45,56,0,2575.0,2807.0,0.91734946
45,56,1,2668.0,2807.0,0.95048094
45,56,2,2807.0,2807.0,1.0
45,57,0,2575.0,2850.0,0.9035088
45,57,1,2850.0,2850.0,1.0
45,57,2,2807.0,2850.0,0.9849123
45,58,0,2575.0,2885.0,0.89254767
45,58,1,2885.0,2885.0,1.0
45,58,2,2807.0,2885.0,0.97296363
45,59,0,2575.0,2955.0,0.8714044
45,59,1,2885.0,2955.0,0.9763113
45,59,2,2955.0,2955.0,1.0
45,60,0,2575.0,3006.0,0.8566201
45,60,1,2885.0,3006.0,0.9597472
45,60,2,3006.0,3006.0,1.0
45,61,0,2575.0,3040.0,0.84703946
45,61,1,3040.0,3040.0,1.0
45,61,2,3006.0,3040.0,0.9888158
45,62,0,2575.0,3090.0,0.8333333
45,62,1,3090.0,3090.0,1.0
45,62,2,3006.0,3090.0,0.9728155
45,63,0,2575.0,3138.0,0.8205864
45,63,1,3138.0,3138.0,1.0
45,63,2,3006.0,3138.0,0.957935
45,64,0,2575.0,3199.0,0.80493903
45,64,1,3138.0,3199.0,0.9809315
45,64,2,3199.0,3199.0,1.0
45,65,0,2575.0,3241.0,0.79450786
45,65,1,3241.0,3241.0,1.0
45,65,2,3199.0,3241.0,0.98704106
45,66,0,2575.0,3278.0,0.78554
45,66,1,3241.0,3278.0,0.9887126
45,66,2,3278.0,3278.0,1.0
45,67,0,2575.0,3308.0,0.778416
45,67,1,3308.0,3308.0,1.0
45,67,2,3278.0,3308.0,0.9909311
45,68,0,2575.0,3341.0,0.77072734
45,68,1,3341.0,3341.0,1.0
45,68,2,3278.0,3341.0,0.98114336
45,69,0,2575.0,3379.0,0.7620598
45,69,1,3379.0,3379.0,1.0
45,69,2,3278.0,3379.0,0.9701095
45,70,0,2575.0,3412.0,0.75468934
45,70,1,3412.0,3412.0,1.0
45,70,2,3278.0,3412.0,0.96072686
45,71,0,2575.0,3449.0,0.74659324
45,71,1,3449.0,3449.0,1.0
45,71,2,3278.0,3449.0,0.95042044
45,72,0,2575.0,3485.0,0.73888093
45,72,1,3485.0,3485.0,1.0
45,72,2,3278.0,3485.0,0.9406026
45,73,0,2575.0,3558.0,0.7237212
45,73,1,3485.0,3558.0,0.9794828
45,73,2,3558.0,3558.0,1.0
45,74,0,2575.0,3626.0,0.71014893
45,74,1,3485.0,3626.0,0.96111417
45,74,2,3626.0,3626.0,1.0
45,75,0,2575.0,3671.0,0.70144373
45,75,1,3671.0,3671.0,1.0
45,75,2,3626.0,3671.0,0.98774177
45,76,0,2575.0,3716.0,0.6929494
45,76,1,3716.0,3716.0,1.0
45,76,2,3626.0,3716.0,0.9757804
45,77,0,2575.0,3785.0,0.68031704
45,77,1,3716.0,3785.0,0.98177016
45,77,2,3785.0,3785.0,1.0
45,78,0,3850.0,3850.0,1.0
45,78,1,3716.0,3850.0,0.9651948
45,78,2,3785.0,3850.0,0.98311687
45,79,0,3850.0,3890.0,0.98971725
45,79,1,3890.0,3890.0,1.0
45,79,2,3785.0,3890.0,0.97300774
45,80,0,3850.0,3944.0,0.9761663
45,80,1,3890.0,3944.0,0.98630834
45,80,2,3944.0,3944.0,1.0
45,81,0,3850.0,3980.0,0.96733665
45,81,1,3980.0,3980.0,1.0
45,81,2,3944.0,3980.0,0.99095476
45,82,0,3850.0,4025.0,0.95652175
45,82,1,4025.0,4025.0,1.0
45,82,2,3944.0,4025.0,0.9798758
45,83,0,3850.0,4081.0,0.9433962
45,83,1,4025.0,4081.0,0.9862779
45,83,2,4081.0,4081.0,1.0
45,84,0,3850.0,4120.0,0.934466
45,84,1,4025.0,4120.0,0.97694176
45,84,2,4120.0,4120.0,1.0
45,85,0,3850.0,4170.0,0.9232614
45,85,1,4170.0,4170.0,1.0
45,85,2,4120.0,4170.0,0.9880096
45,86,0,3850.0,4209.0,0.9147066
45,86,1,4170.0,4209.0,0.99073416
45,86,2,4209.0,4209.0,1.0
45,87,0,3850.0,4251.0,0.9056693
45,87,1,4251.0,4251.0,1.0
45,87,2,4209.0,4251.0,0.99012
45,88,0,3850.0,4288.0,0.8978545
45,88,1,4251.0,4288.0,0.9913713
45,88,2,4288.0,4288.0,1.0
45,89,0,3850.0,4361.0,0.882825
45,89,1,4251.0,4361.0,0.97477645
45,89,2,4361.0,4361.0,1.0
45,90,0,3850.0,4434.0,0.8682905
45,90,1,4251.0,4434.0,0.958728
45,90,2,4434.0,4434.0,1.0
45,91,0,3850.0,4476.0,0.860143
45,91,1,4476.0,4476.0,1.0
45,91,2,4434.0,4476.0,0.9906166
45,92,0,3850.0,4544.0,0.84727114
45,92,1,4476.0,4544.0,0.98503524
45,92,2,4544.0,4544.0,1.0
45,93,0,3850.0,4586.0,0.8395116
45,93,1,4586.0,4586.0,1.0
45,93,2,4544.0,4586.0,0.9908417
45,94,0,3850.0,4624.0,0.83261245
45,94,1,4624.0,4624.0,1.0
45,94,2,4544.0,4624.0,0.982699
45,95,0,3850.0,4666.0,0.8251179
45,95,1,4666.0,4666.0,1.0
45,95,2,4544.0,4666.0,0.9738534
45,96,0,3850.0,4730.0,0.81395346
45,96,1,4666.0,4730.0,0.9864693
45,96,2,4730.0,4730.0,1.0
45,97,0,3850.0,4765.0,0.8079748
45,97,1,4765.0,4765.0,1.0
45,97,2,4730.0,4765.0,0.9926548
45,98,0,3850.0,4815.0,0.7995846
45,98,1,4815.0,4815.0,1.0
45,98,2,4730.0,4815.0,0.98234683
45,99,0,3850.0,4846.0,0.79446965
45,99,1,4846.0,4846.0,1.0
45,99,2,4730.0,4846.0,0.9760627
45,100,0,3850.0,4879.0,0.7890961
45,100,1,4879.0,4879.0,1.0
45,100,2,4730.0,4879.0,0.96946096
45,101,0,3850.0,4935.0,0.78014183
45,101,1,4879.0,4935.0,0.98865247
45,101,2,4935.0,4935.0,1.0
45,102,0,3850.0,4990.0,0.7715431
45,102,1,4879.0,4990.0,0.9777555
45,102,2,4990.0,4990.0,1.0
45,103,0,3850.0,5016.0,0.76754385
45,103,1,5016.0,5016.0,1.0
45,103,2,4990.0,5016.0,0.9948166
45,104,0,3850.0,5065.0,0.7601185
45,104,1,5065.0,5065.0,1.0
45,104,2,4990.0,5065.0,0.9851925
45,105,0,3850.0,5108.0,0.7537196
45,105,1,5108.0,5108.0,1.0
45,105,2,4990.0,5108.0,0.97689897
45,106,0,3850.0,5158.0,0.74641335
45,106,1,5158.0,5158.0,1.0
45,106,2,4990.0,5158.0,0.9674292
45,107,0,3850.0,5190.0,0.74181116
45,107,1,5190.0,5190.0,1.0
45,107,2,4990.0,5190.0,0.96146435
45,108,0,3850.0,5217.0,0.737972
45,108,1,5217.0,5217.0,1.0
45,108,2,4990.0,5217.0,0.95648843
45,109,0,3850.0,5254.0,0.73277503
45,109,1,5254.0,5254.0,1.0
45,109,2,4990.0,5254.0,0.94975257
45,110,0,3850.0,5300.0,0.7264151
45,110,1,5300.0,5300.0,1.0
45,110,2,4990.0,5300.0,0.9415094
45,111,0,3850.0,5369.0,0.7170795
45,111,1,5300.0,5369.0,0.98714846
45,111,2,5369.0,5369.0,1.0
45,112,0,3850.0,5413.0,0.7112507
45,112,1,5413.0,5413.0,1.0
45,112,2,5369.0,5413.0,0.9918714
45,113,0,3850.0,5453.0,0.70603335
45,113,1,5413.0,5453.0,0.9926646
45,113,2,5453.0,5453.0,1.0
45,114,0,3850.0,5503.0,0.6996184
45,114,1,5413.0,5503.0,0.98364526
45,114,2,5503.0,5503.0,1.0
45,115,0,3850.0,5553.0,0.6933189
45,115,1,5553.0,5553.0,1.0
45,115,2,5503.0,5553.0,0.9909959
45,116,0,3850.0,5594.0,0.68823737
45,116,1,5594.0,5594.0,1.0
45,116,2,5503.0,5594.0,0.9837326
45,117,0,3850.0,5637.0,0.6829874
45,117,1,5594.0,5637.0,0.99237186
45,117,2,5637.0,5637.0,1.0
45,118,0,3850.0,5674.0,0.6785337
45,118,1,5674.0,5674.0,1.0
45,118,2,5637.0,5674.0,0.993479
45,119,0,3850.0,5710.0,0.67425567
45,119,1,5710.0,5710.0,1.0
45,119,2,5637.0,5710.0,0.9872154
45,120,0,3850.0,5744.0,0.6702646
45,120,1,5744.0,5744.0,1.0
45,120,2,5637.0,5744.0,0.9813719
45,121,0,3850.0,5789.0,0.66505444
45,121,1,5789.0,5789.0,1.0
45,121,2,5637.0,5789.0,0.9737433
45,122,0,3850.0,5828.0,0.660604
45,122,1,5828.0,5828.0,1.0
45,122,2,5637.0,5828.0,0.96722716
45,123,0,3850.0,5861.0,0.6568845
45,123,1,5861.0,5861.0,1.0
45,123,2,5637.0,5861.0,0.96178126
45,124,0,3850.0,5902.0,0.6523212
45,124,1,5861.0,5902.0,0.9930532
45,124,2,5902.0,5902.0,1.0
45,125,0,3850.0,5945.0,0.64760303
45,125,1,5945.0,5945.0,1.0
45,125,2,5902.0,5945.0,0.99276704
45,126,0,3850.0,5980.0,0.6438127
45,126,1,5980.0,5980.0,1.0
45,126,2,5902.0,5980.0,0.98695654
45,127,0,3850.0,6025.0,0.6390042
45,127,1,6025.0,6025.0,1.0
45,127,2,5902.0,6025.0,0.97958505
45,128,0,3850.0,6055.0,0.63583815
45,128,1,6055.0,6055.0,1.0
45,128,2,5902.0,6055.0,0.9747316
45,129,0,3850.0,6087.0,0.63249546
45,129,1,6087.0,6087.0,1.0
45,129,2,5902.0,6087.0,0.96960735
45,130,0,3850.0,6128.0,0.6282637
45,130,1,6128.0,6128.0,1.0
45,130,2,5902.0,6128.0,0.9631201
45,131,0,3850.0,6172.0,0.62378484
45,131,1,6172.0,6172.0,1.0
45,131,2,5902.0,6172.0,0.95625407
45,132,0,3850.0,6238.0,0.617185
45,132,1,6172.0,6238.0,0.9894197
45,132,2,6238.0,6238.0,1.0
45,133,0,3850.0,6271.0,0.6139372
45,133,1,6172.0,6271.0,0.98421305
45,133,2,6271.0,6271.0,1.0
45,134,0,3850.0,6302.0,0.61091715
45,134,1,6172.0,6302.0,0.9793716
45,134,2,6302.0,6302.0,1.0
46,1,0,40.0,40.0,1.0
46,1,1,0.0,40.0,0.0
46,1,2,0.0,40.0,0.0
46,2,0,99.0,99.0,1.0
46,2,1,0.0,99.0,0.0
46,2,2,0.0,99.0,0.0
46,3,0,157.0,157.0,1.0
46,3,1,0.0,157.0,0.0
46,3,2,0.0,157.0,0.0
46,4,0,231.0,231.0,1.0
46,4,1,0.0,231.0,0.0
46,4,2,0.0,231.0,0.0
46,5,0,293.0,293.0,1.0
46,5,1,0.0,293.0,0.0
46,5,2,0.0,293.0,0.0
46,6,0,373.0,373.0,1.0
46,6,1,0.0,373.0,0.0
46,6,2,0.0,373.0,0.0
46,7,0,451.0,451.0,1.0
46,7,1,0.0,451.0,0.0
46,7,2,0.0,451.0,0.0
46,8,0,517.0,517.0,1.0
46,8,1,0.0,517.0,0.0
46,8,2,0.0,517.0,0.0
46,9,0,588.0,588.0,1.0
46,9,1,0.0,588.0,0.0
46,9,2,0.0,588.0,0.0
46,10,0,588.0,608.0,0.96710527
46,10,1,608.0,608.0,1.0
46,10,2,0.0,608.0,0.0
46,11,0,588.0,653.0,0.9004594
46,11,1,653.0,653.0,1.0
46,11,2,0.0,653.0,0.0
46,12,0,729.0,729.0,1.0
46,12,1,653.0,729.0,0.8957476
46,12,2,0.0,729.0,0.0
46,13,0,788.0,788.0,1.0
46,13,1,653.0,788.0,0.8286802
46,13,2,0.0,788.0,0.0
46,14,0,788.0,821.0,0.95980513
46,14,1,821.0,821.0,1.0
46,14,2,0.0,821.0,0.0
46,15,0,788.0,854.0,0.9227166
46,15,1,854.0,854.0,1.0
46,15,2,0.0,854.0,0.0
46,16,0,929.0,929.0,1.0
46,16,1,854.0,929.0,0.919268
46,16,2,0.0,929.0,0.0
46,17,0,1005.0,1005.0,1.0
46,17,1,854.0,1005.0,0.84975123
46,17,2,0.0,1005.0,0.0
46,18,0,1005.0,1043.0,0.96356666
46,18,1,1043.0,1043.0,1.0
46,18,2,0.0,1043.0,0.0
46,19,0,1106.0,1106.0,1.0
46,19,1,1043.0,1106.0,0.943038
46,19,2,0.0,1106.0,0.0
46,20,0,1106.0,1134.0,0.97530866
46,20,1,1134.0,1134.0,1.0
46,20,2,0.0,1134.0,0.0
46,21,0,1106.0,1168.0,0.94691783
46,21,1,1134.0,1168.0,0.9708904
46,21,2,1168.0,1168.0,1.0
46,22,0,1106.0,1220.0,0.9065574
46,22,1,1134.0,1220.0,0.9295082
46,22,2,1220.0,1220.0,1.0
46,23,0,1106.0,1250.0,0.8848
46,23,1,1250.0,1250.0,1.0
46,23,2,1220.0,1250.0,0.976
46,24,0,1106.0,1285.0,0.86070037
46,24,1,1285.0,1285.0,1.0
46,24,2,1220.0,1285.0,0.94941634
46,25,0,1106.0,1326.0,0.8340875
46,25,1,1285.0,1326.0,0.9690799
46,25,2,1326.0,1326.0,1.0
46,26,0,1106.0,1365.0,0.8102564
46,26,1,1285.0,1365.0,0.94139194
46,26,2,1365.0,1365.0,1.0
46,27,0,1106.0,1408.0,0.7855114
46,27,1,1408.0,1408.0,1.0
46,27,2,1365.0,1408.0,0.96946025
46,28,0,1106.0,1448.0,0.7638122
46,28,1,1408.0,1448.0,0.9723757
46,28,2,1448.0,1448.0,1.0
46,29,0,1106.0,1486.0,0.7442799
46,29,1,1486.0,1486.0,1.0
46,29,2,1448.0,1486.0,0.974428
46,30,0,1106.0,1526.0,0.72477067
46,30,1,1486.0,1526.0,0.97378767
46,30,2,1526.0,1526.0,1.0
46,31,0,1106.0,1560.0,0.70897436
46,31,1,1560.0,1560.0,1.0
46,31,2,1526.0,1560.0,0.97820514
46,32,0,1106.0,1595.0,0.69341695
46,32,1,1595.0,1595.0,1.0
46,32,2,1526.0,1595.0,0.9567398
46,33,0,1106.0,1641.0,0.6739793
46,33,1,1641.0,1641.0,1.0
46,33,2,1526.0,1641.0,0.9299208
46,34,0,1722.0,1722.0,1.0
46,34,1,1641.0,1722.0,0.9529617
46,34,2,1526.0,1722.0,0.88617885
46,35,0,1722.0,1772.0,0.9717833
46,35,1,1641.0,1772.0,0.92607224
46,35,2,1772.0,1772.0,1.0
46,36,0,1722.0,1822.0,0.94511527
46,36,1,1822.0,1822.0,1.0
46,36,2,1772.0,1822.0,0.9725576
46,37,0,1722.0,1864.0,0.9238197
46,37,1,1864.0,1864.0,1.0
46,37,2,1772.0,1864.0,0.9506438
46,38,0,1722.0,1907.0,0.902989
46,38,1,1907.0,1907.0,1.0
46,38,2,1772.0,1907.0,0.92920816
46,39,0,1722.0,1945.0,0.88534707
46,39,1,1945.0,1945.0,1.0
46,39,2,1772.0,1945.0,0.91105396
46,40,0,1722.0,2010.0,0.8567164
46,40,1,1945.0,2010.0,0.9676617
46,40,2,2010.0,2010.0,1.0
46,41,0,1722.0,2049.0,0.84040993
46,41,1,1945.0,2049.0,0.94924355
46,41,2,2049.0,2049.0,1.0
46,42,0,1722.0,2089.0,0.8243179
46,42,1,2089.0,2089.0,1.0
46,42,2,2049.0,2089.0,0.98085207
46,43,0,1722.0,2139.0,0.80504906
46,43,1,2139.0,2139.0,1.0
46,43,2,2049.0,2139.0,0.95792425
46,44,0,1722.0,2181.0,0.7895461
46,44,1,2139.0,2181.0,0.98074275
46,44,2,2181.0,2181.0,1.0
46,45,0,1722.0,2255.0,0.76363635
46,45,1,2139.0,2255.0,0.94855875
46,45,2,2255.0,2255.0,1.0
46,46,0,1722.0,2308.0,0.74610054
46,46,1,2139.0,2308.0,0.9267764
46,46,2,2308.0,2308.0,1.0
46,47,0,1722.0,2348.0,0.7333901
46,47,1,2348.0,2348.0,1.0
46,47,2,2308.0,2348.0,0.9829642
46,48,0,1722.0,2384.0,0.72231543
46,48,1,2384.0,2384.0,1.0
46,48,2,2308.0,2384.0,0.9681208
46,49,0,1722.0,2430.0,0.70864195
46,49,1,2384.0,2430.0,0.98107
46,49,2,2430.0,2430.0,1.0
46,50,0,1722.0,2470.0,0.69716597
46,50,1,2470.0,2470.0,1.0
46,50,2,2430.0,2470.0,0.98380566
46,51,0,1722.0,2510.0,0.6860558
46,51,1,2470.0,2510.0,0.98406374
46,51,2,2510.0,2510.0,1.0
46,52,0,1722.0,2543.0,0.677153
46,52,1,2543.0,2543.0,1.0
46,52,2,2510.0,2543.0,0.9870232
46,53,0,1722.0,2580.0,0.66744184
46,53,1,2543.0,2580.0,0.98565894
46,53,2,2580.0,2580.0,1.0
46,54,0,1722.0,2624.0,0.65625
46,54,1,2543.0,2624.0,0.9691311
46,54,2,2624.0,2624.0,1.0
46,55,0,1722.0,2678.0,0.6430172
46,55,1,2543.0,2678.0,0.94958925
46,55,2,2678.0,2678.0,1.0
46,56,0,1722.0,2715.0,0.63425416
46,56,1,2715.0,2715.0,1.0
46,56,2,2678.0,2715.0,0.986372
46,57,0,1722.0,2788.0,0.61764705
46,57,1,2715.0,2788.0,0.97381634
46,57,2,2788.0,2788.0,1.0
46,58,0,1722.0,2826.0,0.6093418
46,58,1,2826.0,2826.0,1.0
46,58,2,2788.0,2826.0,0.98655343
46,59,0,2882.0,2882.0,1.0
46,59,1,2826.0,2882.0,0.98056906
46,59,2,2788.0,2882.0,0.96738374
46,60,0,2882.0,2917.0,0.98800135
46,60,1,2917.0,2917.0,1.0
46,60,2,2788.0,2917.0,0.95577645
46,61,0,2882.0,2947.0,0.97794366
46,61,1,2947.0,2947.0,1.0
46,61,2,2788.0,2947.0,0.9460468
46,62,0,2882.0,3015.0,0.95588726
46,62,1,2947.0,3015.0,0.9774461
46,62,2,3015.0,3015.0,1.0
46,63,0,2882.0,3057.0,0.9427543
46,63,1,3057.0,3057.0,1.0
46,63,2,3015.0,3057.0,0.98626107
46,64,0,3128.0,3128.0,1.0
46,64,1,3057.0,3128.0,0.9773018
46,64,2,3015.0,3128.0,0.9638747
46,65,0,3128.0,3173.0,0.98581785
46,65,1,3173.0,3173.0,1.0
46,65,2,3015.0,3173.0,0.95020485
46,66,0,3128.0,3229.0,0.968721
46,66,1,3173.0,3229.0,0.9826572
46,66,2,3229.0,3229.0,1.0
46,67,0,3128.0,3271.0,0.9562825
46,67,1,3271.0,3271.0,1.0
46,67,2,3229.0,3271.0,0.9871599
46,68,0,3128.0,3313.0,0.9441594
46,68,1,3313.0,3313.0,1.0
46,68,2,3229.0,3313.0,0.9746453
46,69,0,3128.0,3382.0,0.92489654
46,69,1,3313.0,3382.0,0.97959787
46,69,2,3382.0,3382.0,1.0
46,70,0,3128.0,3431.0,0.91168755
46,70,1,3431.0,3431.0,1.0
46,70,2,3382.0,3431.0,0.9857184
46,71,0,3128.0,3474.0,0.900403
46,71,1,3474.0,3474.0,1.0
46,71,2,3382.0,3474.0,0.97351754
46,72,0,3128.0,3530.0,0.886119
46,72,1,3474.0,3530.0,0.984136
46,72,2,3530.0,3530.0,1.0
46,73,0,3128.0,3572.0,0.8756999
46,73,1,3474.0,3572.0,0.9725644
46,73,2,3572.0,3572.0,1.0
46,74,0,3128.0,3614.0,0.865523
46,74,1,3614.0,3614.0,1.0
46,74,2,3572.0,3614.0,0.9883785
46,75,0,3669.0,3669.0,1.0
46,75,1,3614.0,3669.0,0.98500955
46,75,2,3572.0,3669.0,0.9735623
46,76,0,3669.0,3701.0,0.9913537
46,76,1,3701.0,3701.0,1.0
46,76,2,3572.0,3701.0,0.9651446
46,77,0,3669.0,3751.0,0.97813916
46,77,1,3751.0,3751.0,1.0
46,77,2,3572.0,3751.0,0.9522794
46,78,0,3669.0,3787.0,0.9688408
46,78,1,3787.0,3787.0,1.0
46,78,2,3572.0,3787.0,0.9432268
46,79,0,3669.0,3824.0,0.9594665
46,79,1,3824.0,3824.0,1.0
46,79,2,3572.0,3824.0,0.9341004
46,80,0,3669.0,3861.0,0.95027196
46,80,1,3824.0,3861.0,0.990417
46,80,2,3861.0,3861.0,1.0
46,81,0,3669.0,3931.0,0.93335027
46,81,1,3824.0,3931.0,0.97278047
46,81,2,3931.0,3931.0,1.0
46,82,0,3669.0,3991.0,0.91931844
46,82,1,3824.0,3991.0,0.9581559
46,82,2,3991.0,3991.0,1.0
46,83,0,3669.0,4059.0,0.9039172
46,83,1,3824.0,4059.0,0.942104
46,83,2,4059.0,4059.0,1.0
46,84,0,3669.0,4120.0,0.890534
46,84,1,3824.0,4120.0,0.92815536
46,84,2,4120.0,4120.0,1.0
46,85,0,3669.0,4163.0,0.88133556
46,85,1,3824.0,4163.0,0.9185683
46,85,2,4163.0,4163.0,1.0
46,86,0,3669.0,4196.0,0.8744042
46,86,1,4196.0,4196.0,1.0
46,86,2,4163.0,4196.0,0.99213535
46,87,0,3669.0,4269.0,0.8594519
46,87,1,4196.0,4269.0,0.98289996
46,87,2,4269.0,4269.0,1.0
46,88,0,4341.0,4341.0,1.0
46,88,1,4196.0,4341.0,0.96659756
46,88,2,4269.0,4341.0,0.98341393
46,89,0,4341.0,4378.0,0.99154866
46,89,1,4196.0,4378.0,0.9584285
46,89,2,4378.0,4378.0,1.0
46,90,0,4341.0,4424.0,0.9812387
46,90,1,4424.0,4424.0,1.0
46,90,2,4378.0,4424.0,0.98960215
46,91,0,4341.0,4462.0,0.9728821
46,91,1,4462.0,4462.0,1.0
46,91,2,4378.0,4462.0,0.98117435
46,92,0,4341.0,4526.0,0.95912504
46,92,1,4462.0,4526.0,0.98585945
46,92,2,4526.0,4526.0,1.0
46,93,0,4341.0,4576.0,0.9486451
46,93,1,4576.0,4576.0,1.0
46,93,2,4526.0,4576.0,0.98907346
46,94,0,4341.0,4649.0,0.9337492
46,94,1,4576.0,4649.0,0.9842977
46,94,2,4649.0,4649.0,1.0
46,95,0,4341.0,4685.0,0.9265742
46,95,1,4685.0,4685.0,1.0
46,95,2,4649.0,4685.0,0.9923159
46,96,0,4341.0,4733.0,0.91717726
46,96,1,4733.0,4733.0,1.0
46,96,2,4649.0,4733.0,0.9822523
46,97,0,4783.0,4783.0,1.0
46,97,1,4733.0,4783.0,0.9895463
46,97,2,4649.0,4783.0,0.9719841
46,98,0,4783.0,4832.0,0.9898593
46,98,1,4832.0,4832.0,1.0
46,98,2,4649.0,4832.0,0.9621275
46,99,0,4783.0,4901.0,0.9759233
46,99,1,4832.0,4901.0,0.98592126
46,99,2,4901.0,4901.0,1.0
46,100,0,4783.0,4934.0,0.96939605
46,100,1,4934.0,4934.0,1.0
46,100,2,4901.0,4934.0,0.9933117
46,101,0,4783.0,4969.0,0.9625679
46,101,1,4969.0,4969.0,1.0
46,101,2,4901.0,4969.0,0.98631513
46,102,0,4783.0,5017.0,0.9533586
46,102,1,5017.0,5017.0,1.0
46,102,2,4901.0,5017.0,0.9768786
46,103,0,4783.0,5059.0,0.94544375
46,103,1,5059.0,5059.0,1.0
46,103,2,4901.0,5059.0,0.96876854
46,104,0,4783.0,5109.0,0.936191
46,104,1,5109.0,5109.0,1.0
46,104,2,4901.0,5109.0,0.9592875
46,105,0,4783.0,5152.0,0.92837733
46,105,1,5152.0,5152.0,1.0
46,105,2,4901.0,5152.0,0.9512811
46,106,0,4783.0,5192.0,0.92122495
46,106,1,5152.0,5192.0,0.99229586
46,106,2,5192.0,5192.0,1.0
46,107,0,4783.0,5229.0,0.91470647
46,107,1,5229.0,5229.0,1.0
46,107,2,5192.0,5229.0,0.9929241
46,108,0,4783.0,5274.0,0.9069018
46,108,1,5274.0,5274.0,1.0
46,108,2,5192.0,5274.0,0.984452
46,109,0,4783.0,5315.0,0.8999059
46,109,1,5315.0,5315.0,1.0
46,109,2,5192.0,5315.0,0.97685796
46,110,0,4783.0,5365.0,0.8915191
46,110,1,5365.0,5365.0,1.0
46,110,2,5192.0,5365.0,0.96775395
46,111,0,4783.0,5410.0,0.88410354
46,111,1,5410.0,5410.0,1.0
46,111,2,5192.0,5410.0,0.9597043
46,112,0,4783.0,5447.0,0.878098
46,112,1,5447.0,5447.0,1.0
46,112,2,5192.0,5447.0,0.95318526
46,113,0,4783.0,5502.0,0.8693203
46,113,1,5447.0,5502.0,0.99000365
46,113,2,5502.0,5502.0,1.0
46,114,0,4783.0,5538.0,0.8636692
46,114,1,5538.0,5538.0,1.0
46,114,2,5502.0,5538.0,0.99349946
46,115,0,4783.0,5579.0,0.8573221
46,115,1,5579.0,5579.0,1.0
46,115,2,5502.0,5579.0,0.98619825
46,116,0,4783.0,5609.0,0.85273665
46,116,1,5609.0,5609.0,1.0
46,116,2,5502.0,5609.0,0.98092353
46,117,0,4783.0,5641.0,0.8478993
46,117,1,5641.0,5641.0,1.0
46,117,2,5502.0,5641.0,0.97535896
46,118,0,4783.0,5675.0,0.8428194
46,118,1,5675.0,5675.0,1.0
46,118,2,5502.0,5675.0,0.96951544
46,119,0,4783.0,5741.0,0.8331301
46,119,1,5675.0,5741.0,0.98850375
46,119,2,5741.0,5741.0,1.0
46,120,0,4783.0,5796.0,0.8252243
46,120,1,5675.0,5796.0,0.97912353
46,120,2,5796.0,5796.0,1.0
46,121,0,4783.0,5834.0,0.81984913
46,121,1,5675.0,5834.0,0.97274595
46,121,2,5834.0,5834.0,1.0
46,122,0,4783.0,5878.0,0.8137121
46,122,1,5878.0,5878.0,1.0
46,122,2,5834.0,5878.0,0.99251443
46,123,0,4783.0,5917.0,0.80834883
46,123,1,5917.0,5917.0,1.0
46,123,2,5834.0,5917.0,0.98597264
46,124,0,4783.0,5971.0,0.8010383
46,124,1,5917.0,5971.0,0.9909563
46,124,2,5971.0,5971.0,1.0
46,125,0,4783.0,6007.0,0.7962377
46,125,1,5917.0,6007.0,0.9850175
46,125,2,6007.0,6007.0,1.0
46,126,0,4783.0,6048.0,0.79083997
46,126,1,6048.0,6048.0,1.0
46,126,2,6007.0,6048.0,0.9932209
46,127,0,4783.0,6093.0,0.7849992
46,127,1,6093.0,6093.0,1.0
46,127,2,6007.0,6093.0,0.98588544
46,128,0,4783.0,6135.0,0.7796251
46,128,1,6135.0,6135.0,1.0
46,128,2,6007.0,6135.0,0.9791361
46,129,0,4783.0,6166.0,0.77570546
46,129,1,6166.0,6166.0,1.0
46,129,2,6007.0,6166.0,0.9742134
46,130,0,4783.0,6205.0,0.77083
46,130,1,6205.0,6205.0,1.0
46,130,2,6007.0,6205.0,0.96809024
46,131,0,4783.0,6238.0,0.7667522
46,131,1,6238.0,6238.0,1.0
46,131,2,6007.0,6238.0,0.9629689
46,132,0,4783.0,6264.0,0.7635696
46,132,1,6264.0,6264.0,1.0
46,132,2,6007.0,6264.0,0.9589719
46,133,0,4783.0,6296.0,0.7596887
46,133,1,6296.0,6296.0,1.0
46,133,2,6007.0,6296.0,0.95409787
46,134,0,4783.0,6337.0,0.75477356
46,134,1,6296.0,6337.0,0.99353004
46,134,2,6337.0,6337.0,1.0
47,1,0,36.0,36.0,1.0
47,1,1,0.0,36.0,0.0
47,1,2,0.0,36.0,0.0
47,2,0,98.0,98.0,1.0
47,2,1,0.0,98.0,0.0
47,2,2,0.0,98.0,0.0
47,3,0,176.0,176.0,1.0
47,3,1,0.0,176.0,0.0
47,3,2,0.0,176.0,0.0
47,4,0,232.0,232.0,1.0
47,4,1,0.0,232.0,0.0
47,4,2,0.0,232.0,0.0
47,5,0,275.0,275.0,1.0
47,5,1,0.0,275.0,0.0
47,5,2,0.0,275.0,0.0
47,6,0,341.0,341.0,1.0
47,6,1,0.0,341.0,0.0
47,6,2,0.0,341.0,0.0
47,7,0,341.0,354.0,0.96327686
47,7,1,354.0,354.0,1.0
47,7,2,0.0,354.0,0.0
47,8,0,341.0,389.0,0.8766067
47,8,1,389.0,389.0,1.0
47,8,2,0.0,389.0,0.0
47,9,0,446.0,446.0,1.0
47,9,1,389.0,446.0,0.87219733
47,9,2,0.0,446.0,0.0
47,10,0,494.0,494.0,1.0
47,10,1,389.0,494.0,0.7874494
47,10,2,0.0,494.0,0.0
47,11,0,549.0,549.0,1.0
47,11,1,389.0,549.0,0.708561
47,11,2,0.0,549.0,0.0
47,12,0,549.0,579.0,0.9481865
47,12,1,389.0,579.0,0.671848
47,12,2,579.0,579.0,1.0
47,13,0,644.0,644.0,1.0
47,13,1,389.0,644.0,0.6040373
47,13,2,579.0,644.0,0.8990683
47,14,0,644.0,694.0,0.9279539
47,14,1,694.0,694.0,1.0
47,14,2,579.0,694.0,0.83429396
47,15,0,754.0,754.0,1.0
47,15,1,694.0,754.0,0.9204244
47,15,2,579.0,754.0,0.7679045
47,16,0,810.0,810.0,1.0
47,16,1,694.0,810.0,0.8567901
47,16,2,579.0,810.0,0.71481484
47,17,0,869.0,869.0,1.0
47,17,1,694.0,869.0,0.7986191
47,17,2,579.0,869.0,0.6662831
47,18,0,869.0,899.0,0.96662956
47,18,1,899.0,899.0,1.0
47,18,2,579.0,899.0,0.6440489
47,19,0,869.0,936.0,0.9284188
47,19,1,899.0,936.0,0.9604701
47,19,2,936.0,936.0,1.0
47,20,0,869.0,969.0,0.8968008
47,20,1,969.0,969.0,1.0
47,20,2,936.0,969.0,0.9659443
47,21,0,869.0,1009.0,0.86124873
47,21,1,1009.0,1009.0,1.0
47,21,2,936.0,1009.0,0.92765117
47,22,0,1065.0,1065.0,1.0
47,22,1,1009.0,1065.0,0.94741786
47,22,2,936.0,1065.0,0.8788732
47,23,0,1065.0,1102.0,0.9664247
47,23,1,1102.0,1102.0,1.0
47,23,2,936.0,1102.0,0.8493648
47,24,0,1065.0,1147.0,0.9285092
47,24,1,1147.0,1147.0,1.0
47,24,2,936.0,1147.0,0.8160418
47,25,0,1065.0,1189.0,0.8957107
47,25,1,1189.0,1189.0,1.0
47,25,2,936.0,1189.0,0.7872161
47,26,0,1065.0,1230.0,0.86585367
47,26,1,1230.0,1230.0,1.0
47,26,2,936.0,1230.0,0.7609756
47,27,0,1310.0,1310.0,1.0
47,27,1,1230.0,1310.0,0.9389313
47,27,2,936.0,1310.0,0.7145038
47,28,0,1310.0,1346.0,0.9732541
47,28,1,1346.0,1346.0,1.0
47,28,2,936.0,1346.0,0.69539374
47,29,0,1310.0,1383.0,0.9472162
47,29,1,1346.0,1383.0,0.9732466
47,29,2,1383.0,1383.0,1.0
47,30,0,1310.0,1416.0,0.9251412
47,30,1,1416.0,1416.0,1.0
47,30,2,1383.0,1416.0,0.97669494
47,31,0,1310.0,1469.0,0.8917631
47,31,1,1416.0,1469.0,0.963921
47,31,2,1469.0,1469.0,1.0
47,32,0,1310.0,1529.0,0.85676914
47,32,1,1416.0,1529.0,0.9260955
47,32,2,1529.0,1529.0,1.0
47,33,0,1310.0,1567.0,0.83599234
47,33,1,1567.0,1567.0,1.0
47,33,2,1529.0,1567.0,0.97574985
47,34,0,1310.0,1624.0,0.8066502
47,34,1,1567.0,1624.0,0.9649015
47,34,2,1624.0,1624.0,1.0
47,35,0,1310.0,1662.0,0.788207
47,35,1,1567.0,1662.0,0.94284
47,35,2,1662.0,1662.0,1.0
47,36,0,1738.0,1738.0,1.0
47,36,1,1567.0,1738.0,0.90161103
47,36,2,1662.0,1738.0,0.9562716
47,37,0,1738.0,1778.0,0.9775028
47,37,1,1778.0,1778.0,1.0
47,37,2,1662.0,1778.0,0.9347581
47,38,0,1738.0,1824.0,0.9528509
47,38,1,1824.0,1824.0,1.0
47,38,2,1662.0,1824.0,0.9111842
47,39,0,1738.0,1857.0,0.93591815
47,39,1,1857.0,1857.0,1.0
47,39,2,1662.0,1857.0,0.89499193
47,40,0,1738.0,1930.0,0.9005181
47,40,1,1857.0,1930.0,0.96217614
47,40,2,1930.0,1930.0,1.0
47,41,0,1738.0,1968.0,0.8831301
47,41,1,1968.0,1968.0,1.0
47,41,2,1930.0,1968.0,0.9806911
47,42,0,1738.0,2007.0,0.8659691
47,42,1,1968.0,2007.0,0.980568
47,42,2,2007.0,2007.0,1.0
47,43,0,2088.0,2088.0,1.0
47,43,1,1968.0,2088.0,0.9425287
47,43,2,2007.0,2088.0,0.9612069
47,44,0,2088.0,2132.0,0.97936213
47,44,1,1968.0,2132.0,0.9230769
47,44,2,2132.0,2132.0,1.0
47,45,0,2088.0,2169.0,0.9626556
47,45,1,1968.0,2169.0,0.9073306
47,45,2,2169.0,2169.0,1.0
47,46,0,2088.0,2214.0,0.9430894
47,46,1,2214.0,2214.0,1.0
47,46,2,2169.0,2214.0,0.9796748
47,47,0,2088.0,2262.0,0.9230769
47,47,1,2262.0,2262.0,1.0
47,47,2,2169.0,2262.0,0.95888597
47,48,0,2088.0,2311.0,0.90350497
47,48,1,2262.0,2311.0,0.9787971
47,48,2,2311.0,2311.0,1.0
47,49,0,2088.0,2354.0,0.88700086
47,49,1,2354.0,2354.0,1.0
47,49,2,2311.0,2354.0,0.9817332
47,50,0,2088.0,2393.0,0.87254494
47,50,1,2354.0,2393.0,0.9837025
47,50,2,2393.0,2393.0,1.0
47,51,0,2088.0,2461.0,0.8484356
47,51,1,2354.0,2461.0,0.95652175
47,51,2,2461.0,2461.0,1.0
47,52,0,2088.0,2496.0,0.83653843
47,52,1,2496.0,2496.0,1.0
47,52,2,2461.0,2496.0,0.9859776
47,53,0,2088.0,2537.0,0.8230193
47,53,1,2496.0,2537.0,0.98383915
47,53,2,2537.0,2537.0,1.0
47,54,0,2088.0,2579.0,0.80961615
47,54,1,2579.0,2579.0,1.0
47,54,2,2537.0,2579.0,0.98371464
47,55,0,2638.0,2638.0,1.0
47,55,1,2579.0,2638.0,0.97763455
47,55,2,2537.0,2638.0,0.96171343
47,56,0,2638.0,2686.0,0.9821296
47,56,1,2686.0,2686.0,1.0
47,56,2,2537.0,2686.0,0.94452715
47,57,0,2638.0,2740.0,0.96277374
47,57,1,2686.0,2740.0,0.98029196
47,57,2,2740.0,2740.0,1.0
47,58,0,2638.0,2800.0,0.94214284
47,58,1,2686.0,2800.0,0.95928574
47,58,2,2800.0,2800.0,1.0
47,59,0,2638.0,2870.0,0.91916376
47,59,1,2686.0,2870.0,0.9358885
47,59,2,2870.0,2870.0,1.0
47,60,0,2638.0,2913.0,0.9055956
47,60,1,2913.0,2913.0,1.0
47,60,2,2870.0,2913.0,0.9852386
47,61,0,2638.0,2953.0,0.89332885
47,61,1,2913.0,2953.0,0.9864544
47,61,2,2953.0,2953.0,1.0
47,62,0,2638.0,3003.0,0.87845486
47,62,1,2913.0,3003.0,0.97002995
47,62,2,3003.0,3003.0,1.0
47,63,0,2638.0,3059.0,0.86237335
47,63,1,2913.0,3059.0,0.952272
47,63,2,3059.0,3059.0,1.0
47,64,0,2638.0,3097.0,0.85179204
47,64,1,3097.0,3097.0,1.0
47,64,2,3059.0,3097.0,0.9877301
47,65,0,2638.0,3146.0,0.8385251
47,65,1,3146.0,3146.0,1.0
47,65,2,3059.0,3146.0,0.9723458
47,66,0,2638.0,3214.0,0.8207841
47,66,1,3146.0,3214.0,0.97884256
47,66,2,3214.0,3214.0,1.0
47,67,0,2638.0,3256.0,0.8101966
47,67,1,3146.0,3256.0,0.9662162
47,67,2,3256.0,3256.0,1.0
47,68,0,2638.0,3301.0,0.7991518
47,68,1,3301.0,3301.0,1.0
47,68,2,3256.0,3301.0,0.98636776
47,69,0,2638.0,3338.0,0.7902936
47,69,1,3338.0,3338.0,1.0
47,69,2,3256.0,3338.0,0.97543436
47,70,0,2638.0,3373.0,0.7820931
47,70,1,3373.0,3373.0,1.0
47,70,2,3256.0,3373.0,0.9653128
47,71,0,2638.0,3419.0,0.7715706
47,71,1,3419.0,3419.0,1.0
47,71,2,3256.0,3419.0,0.9523252
47,72,0,2638.0,3469.0,0.7604497
47,72,1,3469.0,3469.0,1.0
47,72,2,3256.0,3469.0,0.938599
47,73,0,2638.0,3511.0,0.7513529
47,73,1,3511.0,3511.0,1.0
47,73,2,3256.0,3511.0,0.92737114
47,74,0,2638.0,3553.0,0.74247116
47,74,1,3553.0,3553.0,1.0
47,74,2,3256.0,3553.0,0.91640866
47,75,0,2638.0,3590.0,0.73481894
47,75,1,3590.0,3590.0,1.0
47,75,2,3256.0,3590.0,0.90696377
47,76,0,2638.0,3639.0,0.72492445
47,76,1,3639.0,3639.0,1.0
47,76,2,3256.0,3639.0,0.8947513
47,77,0,2638.0,3677.0,0.7174327
47,77,1,3677.0,3677.0,1.0
47,77,2,3256.0,3677.0,0.8855045
47,78,0,2638.0,3718.0,0.70952123
47,78,1,3718.0,3718.0,1.0
47,78,2,3256.0,3718.0,0.87573963
47,79,0,3798.0,3798.0,1.0
47,79,1,3718.0,3798.0,0.97893625
47,79,2,3256.0,3798.0,0.8572933
47,80,0,3798.0,3832.0,0.9911274
47,80,1,3832.0,3832.0,1.0
47,80,2,3256.0,3832.0,0.84968686
47,81,0,3798.0,3865.0,0.98266494
47,81,1,3865.0,3865.0,1.0
47,81,2,3256.0,3865.0,0.8424321
47,82,0,3798.0,3900.0,0.97384614
47,82,1,3900.0,3900.0,1.0
47,82,2,3256.0,3900.0,0.83487177
47,83,0,3798.0,3974.0,0.95571214
47,83,1,3900.0,3974.0,0.981379
47,83,2,3974.0,3974.0,1.0
47,84,0,3798.0,4009.0,0.94736844
47,84,1,3900.0,4009.0,0.97281116
47,84,2,4009.0,4009.0,1.0
47,85,0,3798.0,4053.0,0.93708366
47,85,1,4053.0,4053.0,1.0
47,85,2,4009.0,4053.0,0.98914385
47,86,0,3798.0,4084.0,0.9299706
47,86,1,4053.0,4084.0,0.9924094
47,86,2,4084.0,4084.0,1.0
47,87,0,4158.0,4158.0,1.0
47,87,1,4053.0,4158.0,0.9747475
47,87,2,4084.0,4158.0,0.982203
47,88,0,4158.0,4227.0,0.9836764
47,88,1,4053.0,4227.0,0.9588361
47,88,2,4227.0,4227.0,1.0
47,89,0,4158.0,4277.0,0.97217673
47,89,1,4277.0,4277.0,1.0
47,89,2,4227.0,4277.0,0.98830956
47,90,0,4158.0,4312.0,0.96428573
47,90,1,4312.0,4312.0,1.0
47,90,2,4227.0,4312.0,0.98028755
47,91,0,4158.0,4347.0,0.95652175
47,91,1,4347.0,4347.0,1.0
47,91,2,4227.0,4347.0,0.97239476
47,92,0,4158.0,4383.0,0.9486653
47,92,1,4383.0,4383.0,1.0
47,92,2,4227.0,4383.0,0.9644079
47,93,0,4158.0,4439.0,0.9366975
47,93,1,4383.0,4439.0,0.98738456
47,93,2,4439.0,4439.0,1.0
47,94,0,4158.0,4490.0,0.92605793
47,94,1,4383.0,4490.0,0.9761693
47,94,2,4490.0,4490.0,1.0
47,95,0,4158.0,4533.0,0.91727334
47,95,1,4533.0,4533.0,1.0
47,95,2,4490.0,4533.0,0.990514
47,96,0,4158.0,4566.0,0.9106439
47,96,1,4566.0,4566.0,1.0
47,96,2,4490.0,4566.0,0.9833552
47,97,0,4158.0,4602.0,0.9035202
47,97,1,4602.0,4602.0,1.0
47,97,2,4490.0,4602.0,0.97566277
47,98,0,4158.0,4640.0,0.89612067
47,98,1,4640.0,4640.0,1.0
47,98,2,4490.0,4640.0,0.9676724
47,99,0,4158.0,4682.0,0.888082
47,99,1,4640.0,4682.0,0.9910295
47,99,2,4682.0,4682.0,1.0
47,100,0,4158.0,4736.0,0.8779561
47,100,1,4640.0,4736.0,0.9797297
47,100,2,4736.0,4736.0,1.0
47,101,0,4158.0,4786.0,0.86878395
47,101,1,4786.0,4786.0,1.0
47,101,2,4736.0,4786.0,0.98955286
47,102,0,4158.0,4831.0,0.86069137
47,102,1,4831.0,4831.0,1.0
47,102,2,4736.0,4831.0,0.98033535
47,103,0,4158.0,4900.0,0.8485714
47,103,1,4831.0,4900.0,0.98591834
47,103,2,4900.0,4900.0,1.0
47,104,0,4158.0,4961.0,0.83813745
47,104,1,4831.0,4961.0,0.9737956
47,104,2,4961.0,4961.0,1.0
47,105,0,4158.0,5003.0,0.83110136
47,105,1,5003.0,5003.0,1.0
47,105,2,4961.0,5003.0,0.99160504
47,106,0,4158.0,5045.0,0.82418233
47,106,1,5045.0,5045.0,1.0
47,106,2,4961.0,5045.0,0.98334986
47,107,0,4158.0,5100.0,0.81529415
47,107,1,5045.0,5100.0,0.9892157
47,107,2,5100.0,5100.0,1.0
47,108,0,4158.0,5143.0,0.8084775
47,108,1,5143.0,5143.0,1.0
47,108,2,5100.0,5143.0,0.99163914
47,109,0,4158.0,5175.0,0.80347824
47,109,1,5175.0,5175.0,1.0
47,109,2,5100.0,5175.0,0.98550725
47,110,0,4158.0,5212.0,0.7977744
47,110,1,5212.0,5212.0,1.0
47,110,2,5100.0,5212.0,0.97851115
47,111,0,4158.0,5252.0,0.7916984
47,111,1,5212.0,5252.0,0.99238384
47,111,2,5252.0,5252.0,1.0
47,112,0,4158.0,5284.0,0.78690386
47,112,1,5284.0,5284.0,1.0
47,112,2,5252.0,5284.0,0.993944
47,113,0,4158.0,5323.0,0.7811385
47,113,1,5323.0,5323.0,1.0
47,113,2,5252.0,5323.0,0.9866617
47,114,0,4158.0,5373.0,0.77386934
47,114,1,5323.0,5373.0,0.9906942
47,114,2,5373.0,5373.0,1.0
47,115,0,4158.0,5414.0,0.7680089
47,115,1,5414.0,5414.0,1.0
47,115,2,5373.0,5414.0,0.99242705
47,116,0,4158.0,5445.0,0.76363635
47,116,1,5445.0,5445.0,1.0
47,116,2,5373.0,5445.0,0.9867769
47,117,0,4158.0,5511.0,0.75449103
47,117,1,5445.0,5511.0,0.98802394
47,117,2,5511.0,5511.0,1.0
47,118,0,4158.0,5584.0,0.74462754
47,118,1,5445.0,5584.0,0.97510743
47,118,2,5584.0,5584.0,1.0
47,119,0,4158.0,5622.0,0.73959446
47,119,1,5445.0,5622.0,0.9685165
47,119,2,5622.0,5622.0,1.0
47,120,0,4158.0,5681.0,0.7319134
47,120,1,5445.0,5681.0,0.958458
47,120,2,5681.0,5681.0,1.0
47,121,0,4158.0,5731.0,0.7255278
47,121,1,5731.0,5731.0,1.0
47,121,2,5681.0,5731.0,0.9912755
47,122,0,4158.0,5769.0,0.72074884
47,122,1,5769.0,5769.0,1.0
47,122,2,5681.0,5769.0,0.98474604
47,123,0,4158.0,5809.0,0.71578586
47,123,1,5809.0,5809.0,1.0
47,123,2,5681.0,5809.0,0.97796524
47,124,0,4158.0,5840.0,0.7119863
47,124,1,5840.0,5840.0,1.0
47,124,2,5681.0,5840.0,0.97277397
47,125,0,4158.0,5872.0,0.7081063
47,125,1,5872.0,5872.0,1.0
47,125,2,5681.0,5872.0,0.96747273
47,126,0,4158.0,5906.0,0.7040298
47,126,1,5906.0,5906.0,1.0
47,126,2,5681.0,5906.0,0.96190315
47,127,0,4158.0,5951.0,0.6987061
47,127,1,5951.0,5951.0,1.0
47,127,2,5681.0,5951.0,0.9546295
47,128,0,4158.0,5990.0,0.69415694
47,128,1,5990.0,5990.0,1.0
47,128,2,5681.0,5990.0,0.948414
47,129,0,4158.0,6063.0,0.6857991
47,129,1,5990.0,6063.0,0.98795974
47,129,2,6063.0,6063.0,1.0
47,130,0,4158.0,6113.0,0.6801898
47,130,1,6113.0,6113.0,1.0
47,130,2,6063.0,6113.0,0.9918207
47,131,0,4158.0,6150.0,0.6760976
47,131,1,6150.0,6150.0,1.0
47,131,2,6063.0,6150.0,0.9858537
47,132,0,4158.0,6186.0,0.67216295
47,132,1,6186.0,6186.0,1.0
47,132,2,6063.0,6186.0,0.98011637
47,133,0,4158.0,6216.0,0.6689189
47,133,1,6216.0,6216.0,1.0
47,133,2,6063.0,6216.0,0.9753861
47,134,0,4158.0,6257.0,0.6645357
47,134,1,6216.0,6257.0,0.99344736
47,134,2,6257.0,6257.0,1.0
48,1,0,26.0,26.0,1.0
48,1,1,0.0,26.0,0.0
48,1,2,0.0,26.0,0.0
48,2,0,97.0,97.0,1.0
48,2,1,0.0,97.0,0.0
48,2,2,0.0,97.0,0.0
48,3,0,168.0,168.0,1.0
48,3,1,0.0,168.0,0.0
48,3,2,0.0,168.0,0.0
48,4,0,211.0,211.0,1.0
48,4,1,0.0,211.0,0.0
48,4,2,0.0,211.0,0.0
48,5,0,252.0,252.0,1.0
48,5,1,0.0,252.0,0.0
48,5,2,0.0,252.0,0.0
48,6,0,317.0,317.0,1.0
48,6,1,0.0,317.0,0.0
48,6,2,0.0,317.0,0.0
48,7,0,398.0,398.0,1.0
48,7,1,0.0,398.0,0.0
48,7,2,0.0,398.0,0.0
48,8,0,398.0,413.0,0.9636804
48,8,1,413.0,413.0,1.0
48,8,2,0.0,413.0,0.0
48,9,0,476.0,476.0,1.0
48,9,1,413.0,476.0,0.86764705
48,9,2,0.0,476.0,0.0
48,10,0,476.0,518.0,0.9189189
48,10,1,518.0,518.0,1.0
48,10,2,0.0,518.0,0.0
48,11,0,476.0,551.0,0.86388385
48,11,1,551.0,551.0,1.0
48,11,2,0.0,551.0,0.0
48,12,0,606.0,606.0,1.0
48,12,1,551.0,606.0,0.9092409
48,12,2,0.0,606.0,0.0
48,13,0,681.0,681.0,1.0
48,13,1,551.0,681.0,0.80910426
48,13,2,0.0,681.0,0.0
48,14,0,681.0,711.0,0.95780593
48,14,1,551.0,711.0,0.7749648
48,14,2,711.0,711.0,1.0
48,15,0,773.0,773.0,1.0
48,15,1,551.0,773.0,0.71280724
48,15,2,711.0,773.0,0.919793
48,16,0,773.0,816.0,0.94730395
48,16,1,816.0,816.0,1.0
48,16,2,711.0,816.0,0.8713235
48,17,0,888.0,888.0,1.0
48,17,1,816.0,888.0,0.9189189
48,17,2,711.0,888.0,0.8006757
48,18,0,888.0,924.0,0.96103895
48,18,1,924.0,924.0,1.0
48,18,2,711.0,924.0,0.7694805
48,19,0,983.0,983.0,1.0
48,19,1,924.0,983.0,0.9399797
48,19,2,711.0,983.0,0.72329605
48,20,0,1063.0,1063.0,1.0
48,20,1,924.0,1063.0,0.869238
48,20,2,711.0,1063.0,0.6688617
48,21,0,1063.0,1100.0,0.9663636
48,21,1,924.0,1100.0,0.84
48,21,2,1100.0,1100.0,1.0
48,22,0,1163.0,1163.0,1.0
48,22,1,924.0,1163.0,0.794497
48,22,2,1100.0,1163.0,0.94582975
48,23,0,1239.0,1239.0,1.0
48,23,1,924.0,1239.0,0.7457627
48,23,2,1100.0,1239.0,0.88781273
48,24,0,1315.0,1315.0,1.0
48,24,1,924.0,1315.0,0.7026616
48,24,2,1100.0,1315.0,0.8365019
48,25,0,1315.0,1365.0,0.96336997
48,25,1,924.0,1365.0,0.6769231
48,25,2,1365.0,1365.0,1.0
48,26,0,1315.0,1425.0,0.92280704
48,26,1,924.0,1425.0,0.64842105
48,26,2,1425.0,1425.0,1.0
48,27,0,1315.0,1470.0,0.89455783
48,27,1,1470.0,1470.0,1.0
48,27,2,1425.0,1470.0,0.96938777
48,28,0,1529.0,1529.0,1.0
48,28,1,1470.0,1529.0,0.96141267
48,28,2,1425.0,1529.0,0.9319817
48,29,0,1529.0,1559.0,0.9807569
48,29,1,1559.0,1559.0,1.0
48,29,2,1425.0,1559.0,0.9140475
48,30,0,1529.0,1595.0,0.95862067
48,30,1,1595.0,1595.0,1.0
48,30,2,1425.0,1595.0,0.89341694
48,31,0,1529.0,1664.0,0.9188702
48,31,1,1595.0,1664.0,0.95853364
48,31,2,1664.0,1664.0,1.0
48,32,0,1529.0,1692.0,0.9036643
48,32,1,1692.0,1692.0,1.0
48,32,2,1664.0,1692.0,0.98345155
48,33,0,1529.0,1717.0,0.8905067
48,33,1,1717.0,1717.0,1.0
48,33,2,1664.0,1717.0,0.9691322
48,34,0,1529.0,1769.0,0.8643301
48,34,1,1717.0,1769.0,0.97060484
48,34,2,1769.0,1769.0,1.0
48,35,0,1529.0,1803.0,0.84803104
48,35,1,1803.0,1803.0,1.0
48,35,2,1769.0,1803.0,0.9811425
48,36,0,1529.0,1846.0,0.82827735
48,36,1,1846.0,1846.0,1.0
48,36,2,1769.0,1846.0,0.9582882
48,37,0,1529.0,1896.0,0.8064346
48,37,1,1896.0,1896.0,1.0
48,37,2,1769.0,1896.0,0.9330169
48,38,0,1529.0,1950.0,0.78410256
48,38,1,1896.0,1950.0,0.9723077
48,38,2,1950.0,1950.0,1.0
48,39,0,1529.0,2000.0,0.7645
48,39,1,2000.0,2000.0,1.0
48,39,2,1950.0,2000.0,0.975
48,40,0,1529.0,2043.0,0.7484092
48,40,1,2043.0,2043.0,1.0
48,40,2,1950.0,2043.0,0.9544787
48,41,0,2117.0,2117.0,1.0
48,41,1,2043.0,2117.0,0.96504486
48,41,2,1950.0,2117.0,0.9211148
48,42,0,2117.0,2151.0,0.9841934
48,42,1,2043.0,2151.0,0.9497908
48,42,2,2151.0,2151.0,1.0
48,43,0,2117.0,2191.0,0.96622545
48,43,1,2191.0,2191.0,1.0
48,43,2,2151.0,2191.0,0.9817435
48,44,0,2117.0,2228.0,0.9501795
48,44,1,2191.0,2228.0,0.9833932
48,44,2,2228.0,2228.0,1.0
48,45,0,2117.0,2261.0,0.93631136
48,45,1,2261.0,2261.0,1.0
48,45,2,2228.0,2261.0,0.9854047
48,46,0,2117.0,2299.0,0.92083514
48,46,1,2299.0,2299.0,1.0
48,46,2,2228.0,2299.0,0.969117
48,47,0,2117.0,2341.0,0.9043144
48,47,1,2341.0,2341.0,1.0
48,47,2,2228.0,2341.0,0.95173
48,48,0,2117.0,2374.0,0.8917439
48,48,1,2374.0,2374.0,1.0
48,48,2,2228.0,2374.0,0.9385004
48,49,0,2117.0,2423.0,0.8737103
48,49,1,2374.0,2423.0,0.97977716
48,49,2,2423.0,2423.0,1.0
48,50,0,2117.0,2468.0,0.85777956
48,50,1,2468.0,2468.0,1.0
48,50,2,2423.0,2468.0,0.98176664
48,51,0,2117.0,2514.0,0.84208435
48,51,1,2514.0,2514.0,1.0
48,51,2,2423.0,2514.0,0.9638027
48,52,0,2117.0,2582.0,0.81990707
48,52,1,2514.0,2582.0,0.9736638
48,52,2,2582.0,2582.0,1.0
48,53,0,2117.0,2622.0,0.8073989
48,53,1,2622.0,2622.0,1.0
48,53,2,2582.0,2622.0,0.9847445
48,54,0,2117.0,2653.0,0.7979646
48,54,1,2653.0,2653.0,1.0
48,54,2,2582.0,2653.0,0.9732379
48,55,0,2117.0,2688.0,0.7875744
48,55,1,2688.0,2688.0,1.0
48,55,2,2582.0,2688.0,0.96056545
48,56,0,2117.0,2725.0,0.77688074
48,56,1,2725.0,2725.0,1.0
48,56,2,2582.0,2725.0,0.94752294
48,57,0,2117.0,2773.0,0.7634331
48,57,1,2773.0,2773.0,1.0
48,57,2,2582.0,2773.0,0.9311215
48,58,0,2853.0,2853.0,1.0
48,58,1,2773.0,2853.0,0.97195935
48,58,2,2582.0,2853.0,0.90501225
48,59,0,2853.0,2896.0,0.98515195
48,59,1,2896.0,2896.0,1.0
48,59,2,2582.0,2896.0,0.89157456
48,60,0,2853.0,2939.0,0.97073835
48,60,1,2896.0,2939.0,0.98536915
48,60,2,2939.0,2939.0,1.0
48,61,0,2853.0,2994.0,0.95290583
48,61,1,2896.0,2994.0,0.9672679
48,61,2,2994.0,2994.0,1.0
48,62,0,2853.0,3027.0,0.94251734
48,62,1,3027.0,3027.0,1.0
48,62,2,2994.0,3027.0,0.98909813
48,63,0,2853.0,3068.0,0.92992175
48,63,1,3068.0,3068.0,1.0
48,63,2,2994.0,3068.0,0.97588
48,64,0,2853.0,3112.0,0.9167738
48,64,1,3112.0,3112.0,1.0
48,64,2,2994.0,3112.0,0.96208227
48,65,0,2853.0,3153.0,0.9048525
48,65,1,3153.0,3153.0,1.0
48,65,2,2994.0,3153.0,0.94957185
48,66,0,2853.0,3189.0,0.8946378
48,66,1,3153.0,3189.0,0.9887112
48,66,2,3189.0,3189.0,1.0
48,67,0,2853.0,3231.0,0.88300836
48,67,1,3153.0,3231.0,0.97585887
48,67,2,3231.0,3231.0,1.0
48,68,0,2853.0,3271.0,0.8722103
48,68,1,3153.0,3271.0,0.9639254
48,68,2,3271.0,3271.0,1.0
48,69,0,2853.0,3344.0,0.85316986
48,69,1,3153.0,3344.0,0.9428828
48,69,2,3344.0,3344.0,1.0
48,70,0,2853.0,3380.0,0.84408283
48,70,1,3380.0,3380.0,1.0
48,70,2,3344.0,3380.0,0.9893491
48,71,0,2853.0,3418.0,0.8346987
48,71,1,3418.0,3418.0,1.0
48,71,2,3344.0,3418.0,0.9783499
48,72,0,2853.0,3467.0,0.82290167
48,72,1,3467.0,3467.0,1.0
48,72,2,3344.0,3467.0,0.96452266
48,73,0,2853.0,3520.0,0.81051135
48,73,1,3467.0,3520.0,0.9849432
48,73,2,3520.0,3520.0,1.0
48,74,0,2853.0,3565.0,0.8002805
48,74,1,3565.0,3565.0,1.0
48,74,2,3520.0,3565.0,0.9873773
48,75,0,2853.0,3596.0,0.7933815
48,75,1,3596.0,3596.0,1.0
48,75,2,3520.0,3596.0,0.9788654
48,76,0,2853.0,3637.0,0.7844377
48,76,1,3637.0,3637.0,1.0
48,76,2,3520.0,3637.0,0.96783066
48,77,0,2853.0,3685.0,0.7742198
48,77,1,3685.0,3685.0,1.0
48,77,2,3520.0,3685.0,0.95522386
48,78,0,2853.0,3719.0,0.7671417
48,78,1,3719.0,3719.0,1.0
48,78,2,3520.0,3719.0,0.946491
48,79,0,2853.0,3761.0,0.75857484
48,79,1,3761.0,3761.0,1.0
48,79,2,3520.0,3761.0,0.9359213
48,80,0,2853.0,3800.0,0.75078946
48,80,1,3761.0,3800.0,0.98973686
48,80,2,3800.0,3800.0,1.0
48,81,0,2853.0,3842.0,0.74258196
48,81,1,3842.0,3842.0,1.0
48,81,2,3800.0,3842.0,0.9890682
48,82,0,2853.0,3883.0,0.73474115
48,82,1,3842.0,3883.0,0.98944116
48,82,2,3883.0,3883.0,1.0
48,83,0,2853.0,3956.0,0.721183
48,83,1,3842.0,3956.0,0.971183
48,83,2,3956.0,3956.0,1.0
48,84,0,2853.0,4012.0,0.7111167
48,84,1,3842.0,4012.0,0.9576271
48,84,2,4012.0,4012.0,1.0
48,85,0,2853.0,4052.0,0.70409673
48,85,1,4052.0,4052.0,1.0
48,85,2,4012.0,4052.0,0.99012834
48,86,0,2853.0,4090.0,0.697555
48,86,1,4090.0,4090.0,1.0
48,86,2,4012.0,4090.0,0.9809291
48,87,0,2853.0,4120.0,0.69247574
48,87,1,4120.0,4120.0,1.0
48,87,2,4012.0,4120.0,0.9737864
48,88,0,2853.0,4155.0,0.6866426
48,88,1,4155.0,4155.0,1.0
48,88,2,4012.0,4155.0,0.9655836
48,89,0,2853.0,4199.0,0.6794475
48,89,1,4155.0,4199.0,0.9895213
48,89,2,4199.0,4199.0,1.0
48,90,0,2853.0,4231.0,0.67430866
48,90,1,4231.0,4231.0,1.0
48,90,2,4199.0,4231.0,0.99243677
48,91,0,2853.0,4276.0,0.66721237
48,91,1,4276.0,4276.0,1.0
48,91,2,4199.0,4276.0,0.98199254
48,92,0,2853.0,4315.0,0.6611819
48,92,1,4315.0,4315.0,1.0
48,92,2,4199.0,4315.0,0.97311705
48,93,0,2853.0,4383.0,0.650924
48,93,1,4315.0,4383.0,0.9844855
48,93,2,4383.0,4383.0,1.0
48,94,0,2853.0,4428.0,0.6443089
48,94,1,4428.0,4428.0,1.0
48,94,2,4383.0,4428.0,0.9898374
48,95,0,2853.0,4493.0,0.6349878
48,95,1,4428.0,4493.0,0.98553306
48,95,2,4493.0,4493.0,1.0
48,96,0,2853.0,4543.0,0.6279991
48,96,1,4543.0,4543.0,1.0
48,96,2,4493.0,4543.0,0.98899406
48,97,0,2853.0,4580.0,0.62292576
48,97,1,4543.0,4580.0,0.9919214
48,97,2,4580.0,4580.0,1.0
48,98,0,2853.0,4621.0,0.61739886
48,98,1,4543.0,4621.0,0.98312056
48,98,2,4621.0,4621.0,1.0
48,99,0,2853.0,4677.0,0.6100064
48,99,1,4543.0,4677.0,0.9713492
48,99,2,4677.0,4677.0,1.0
48,100,0,2853.0,4751.0,0.6005052
48,100,1,4543.0,4751.0,0.95621973
48,100,2,4751.0,4751.0,1.0
48,101,0,2853.0,4786.0,0.5961137
48,101,1,4543.0,4786.0,0.9492269
48,101,2,4786.0,4786.0,1.0
48,102,0,2853.0,4855.0,0.5876416
48,102,1,4543.0,4855.0,0.93573636
48,102,2,4855.0,4855.0,1.0
48,103,0,2853.0,4925.0,0.5792893
48,103,1,4543.0,4925.0,0.92243654
48,103,2,4925.0,4925.0,1.0
48,104,0,2853.0,4958.0,0.5754337
48,104,1,4958.0,4958.0,1.0
48,104,2,4925.0,4958.0,0.99334407
48,105,0,2853.0,5012.0,0.56923383
48,105,1,4958.0,5012.0,0.98922586
48,105,2,5012.0,5012.0,1.0
48,106,0,2853.0,5055.0,0.5643917
48,106,1,5055.0,5055.0,1.0
48,106,2,5012.0,5055.0,0.9914936
48,107,0,2853.0,5095.0,0.5599607
48,107,1,5095.0,5095.0,1.0
48,107,2,5012.0,5095.0,0.9837095
48,108,0,2853.0,5146.0,0.5544112
48,108,1,5095.0,5146.0,0.9900894
48,108,2,5146.0,5146.0,1.0
48,109,0,2853.0,5184.0,0.5503472
48,109,1,5184.0,5184.0,1.0
48,109,2,5146.0,5184.0,0.99266976
48,110,0,2853.0,5226.0,0.54592425
48,110,1,5184.0,5226.0,0.99196327
48,110,2,5226.0,5226.0,1.0
48,111,0,2853.0,5282.0,0.54013634
48,111,1,5184.0,5282.0,0.98144644
48,111,2,5282.0,5282.0,1.0
48,112,0,2853.0,5332.0,0.53507125
48,112,1,5332.0,5332.0,1.0
48,112,2,5282.0,5332.0,0.99062264
48,113,0,2853.0,5364.0,0.5318792
48,113,1,5364.0,5364.0,1.0
48,113,2,5282.0,5364.0,0.9847129
48,114,0,2853.0,5396.0,0.52872497
48,114,1,5396.0,5396.0,1.0
48,114,2,5282.0,5396.0,0.97887325
48,115,0,2853.0,5462.0,0.5223361
48,115,1,5396.0,5462.0,0.9879165
48,115,2,5462.0,5462.0,1.0
48,116,0,2853.0,5499.0,0.5188216
48,116,1,5499.0,5499.0,1.0
48,116,2,5462.0,5499.0,0.9932715
48,117,0,2853.0,5541.0,0.514889
48,117,1,5541.0,5541.0,1.0
48,117,2,5462.0,5541.0,0.9857426
48,118,0,2853.0,5583.0,0.5110156
48,118,1,5583.0,5583.0,1.0
48,118,2,5462.0,5583.0,0.97832704
48,119,0,2853.0,5623.0,0.5073804
48,119,1,5583.0,5623.0,0.99288636
48,119,2,5623.0,5623.0,1.0
48,120,0,2853.0,5660.0,0.5040636
48,120,1,5660.0,5660.0,1.0
48,120,2,5623.0,5660.0,0.9934629
48,121,0,2853.0,5709.0,0.49973726
48,121,1,5709.0,5709.0,1.0
48,121,2,5623.0,5709.0,0.98493606
48,122,0,2853.0,5759.0,0.49539852
48,122,1,5759.0,5759.0,1.0
48,122,2,5623.0,5759.0,0.9763848
48,123,0,2853.0,5797.0,0.4921511
48,123,1,5797.0,5797.0,1.0
48,123,2,5623.0,5797.0,0.9699845
48,124,0,2853.0,5839.0,0.48861107
48,124,1,5839.0,5839.0,1.0
48,124,2,5623.0,5839.0,0.9630074
48,125,0,2853.0,5880.0,0.48520407
48,125,1,5880.0,5880.0,1.0
48,125,2,5623.0,5880.0,0.9562925
48,126,0,2853.0,5930.0,0.481113
48,126,1,5880.0,5930.0,0.99156827
48,126,2,5930.0,5930.0,1.0
48,127,0,2853.0,5960.0,0.47869128
48,127,1,5960.0,5960.0,1.0
48,127,2,5930.0,5960.0,0.99496645
48,128,0,2853.0,6004.0,0.47518322
48,128,1,6004.0,6004.0,1.0
48,128,2,5930.0,6004.0,0.9876749
48,129,0,2853.0,6045.0,0.4719603
48,129,1,6045.0,6045.0,1.0
48,129,2,5930.0,6045.0,0.980976
48,130,0,2853.0,6118.0,0.46632886
48,130,1,6045.0,6118.0,0.988068
48,130,2,6118.0,6118.0,1.0
48,131,0,2853.0,6150.0,0.46390244
48,131,1,6150.0,6150.0,1.0
48,131,2,6118.0,6150.0,0.99479675
48,132,0,2853.0,6188.0,0.46105364
48,132,1,6150.0,6188.0,0.99385905
48,132,2,6188.0,6188.0,1.0
48,133,0,2853.0,6247.0,0.45669922
48,133,1,6150.0,6247.0,0.9844726
48,133,2,6247.0,6247.0,1.0
48,134,0,2853.0,6297.0,0.4530729
48,134,1,6297.0,6297.0,1.0
48,134,2,6247.0,6297.0,0.9920597
49,1,0,15.0,15.0,1.0
49,1,1,0.0,15.0,0.0
49,1,2,0.0,15.0,0.0
49,2,0,86.0,86.0,1.0
49,2,1,0.0,86.0,0.0
49,2,2,0.0,86.0,0.0
49,3,0,152.0,152.0,1.0
49,3,1,0.0,152.0,0.0
49,3,2,0.0,152.0,0.0
49,4,0,217.0,217.0,1.0
49,4,1,0.0,217.0,0.0
49,4,2,0.0,217.0,0.0
49,5,0,291.0,291.0,1.0
49,5,1,0.0,291.0,0.0
49,5,2,0.0,291.0,0.0
49,6,0,347.0,347.0,1.0
49,6,1,0.0,347.0,0.0
49,6,2,0.0,347.0,0.0
49,7,0,423.0,423.0,1.0
49,7,1,0.0,423.0,0.0
49,7,2,0.0,423.0,0.0
49,8,0,423.0,445.0,0.9505618
49,8,1,445.0,445.0,1.0
49,8,2,0.0,445.0,0.0
49,9,0,423.0,475.0,0.8905263
49,9,1,475.0,475.0,1.0
49,9,2,0.0,475.0,0.0
49,10,0,551.0,551.0,1.0
49,10,1,475.0,551.0,0.86206895
49,10,2,0.0,551.0,0.0
49,11,0,595.0,595.0,1.0
49,11,1,475.0,595.0,0.79831934
49,11,2,0.0,595.0,0.0
49,12,0,673.0,673.0,1.0
49,12,1,475.0,673.0,0.70579493
49,12,2,0.0,673.0,0.0
49,13,0,736.0,736.0,1.0
49,13,1,475.0,736.0,0.64538044
49,13,2,0.0,736.0,0.0
49,14,0,736.0,771.0,0.9546044
49,14,1,771.0,771.0,1.0
49,14,2,0.0,771.0,0.0
49,15,0,830.0,830.0,1.0
49,15,1,771.0,830.0,0.9289157
49,15,2,0.0,830.0,0.0
49,16,0,830.0,865.0,0.95953757
49,16,1,865.0,865.0,1.0
49,16,2,0.0,865.0,0.0
49,17,0,830.0,898.0,0.9242762
49,17,1,898.0,898.0,1.0
49,17,2,0.0,898.0,0.0
49,18,0,973.0,973.0,1.0
49,18,1,898.0,973.0,0.9229188
49,18,2,0.0,973.0,0.0
49,19,0,973.0,1003.0,0.97008973
49,19,1,898.0,1003.0,0.89531404
49,19,2,1003.0,1003.0,1.0
49,20,0,973.0,1046.0,0.93021035
49,20,1,1046.0,1046.0,1.0
49,20,2,1003.0,1046.0,0.95889103
49,21,0,973.0,1089.0,0.89348024
49,21,1,1046.0,1089.0,0.96051425
49,21,2,1089.0,1089.0,1.0
49,22,0,1151.0,1151.0,1.0
49,22,1,1046.0,1151.0,0.908775
49,22,2,1089.0,1151.0,0.9461338
49,23,0,1151.0,1191.0,0.96641475
49,23,1,1191.0,1191.0,1.0
49,23,2,1089.0,1191.0,0.91435766
49,24,0,1151.0,1241.0,0.92747784
49,24,1,1241.0,1241.0,1.0
49,24,2,1089.0,1241.0,0.8775181
49,25,0,1321.0,1321.0,1.0
49,25,1,1241.0,1321.0,0.93943983
49,25,2,1089.0,1321.0,0.82437545
49,26,0,1393.0,1393.0,1.0
49,26,1,1241.0,1393.0,0.89088297
49,26,2,1089.0,1393.0,0.781766
49,27,0,1393.0,1427.0,0.9761738
49,27,1,1427.0,1427.0,1.0
49,27,2,1089.0,1427.0,0.7631394
49,28,0,1498.0,1498.0,1.0
49,28,1,1427.0,1498.0,0.95260346
49,28,2,1089.0,1498.0,0.7269693
49,29,0,1498.0,1558.0,0.9614891
49,29,1,1427.0,1558.0,0.9159178
49,29,2,1558.0,1558.0,1.0
49,30,0,1498.0,1608.0,0.93159205
49,30,1,1608.0,1608.0,1.0
49,30,2,1558.0,1608.0,0.96890545
49,31,0,1498.0,1657.0,0.90404344
49,31,1,1608.0,1657.0,0.97042847
49,31,2,1657.0,1657.0,1.0
49,32,0,1498.0,1698.0,0.88221437
49,32,1,1608.0,1698.0,0.94699645
49,32,2,1698.0,1698.0,1.0
49,33,0,1498.0,1739.0,0.8614146
49,33,1,1739.0,1739.0,1.0
49,33,2,1698.0,1739.0,0.9764232
49,34,0,1498.0,1783.0,0.84015703
49,34,1,1783.0,1783.0,1.0
49,34,2,1698.0,1783.0,0.95232755
49,35,0,1498.0,1829.0,0.81902677
49,35,1,1829.0,1829.0,1.0
49,35,2,1698.0,1829.0,0.92837614
49,36,0,1498.0,1877.0,0.79808205
49,36,1,1877.0,1877.0,1.0
49,36,2,1698.0,1877.0,0.9046351
49,37,0,1498.0,1920.0,0.78020835
49,37,1,1920.0,1920.0,1.0
49,37,2,1698.0,1920.0,0.884375
49,38,0,1498.0,1956.0,0.7658487
49,38,1,1920.0,1956.0,0.9815951
49,38,2,1956.0,1956.0,1.0
49,39,0,1498.0,1993.0,0.7516307
49,39,1,1920.0,1993.0,0.9633718
49,39,2,1993.0,1993.0,1.0
49,40,0,1498.0,2058.0,0.72789115
49,40,1,1920.0,2058.0,0.9329446
49,40,2,2058.0,2058.0,1.0
49,41,0,1498.0,2127.0,0.70427835
49,41,1,1920.0,2127.0,0.9026798
49,41,2,2127.0,2127.0,1.0
49,42,0,2170.0,2170.0,1.0
49,42,1,1920.0,2170.0,0.8847926
49,42,2,2127.0,2170.0,0.9801843
49,43,0,2170.0,2203.0,0.9850204
49,43,1,2203.0,2203.0,1.0
49,43,2,2127.0,2203.0,0.9655016
49,44,0,2170.0,2251.0,0.964016
49,44,1,2251.0,2251.0,1.0
49,44,2,2127.0,2251.0,0.9449134
49,45,0,2170.0,2290.0,0.9475983
49,45,1,2251.0,2290.0,0.9829694
49,45,2,2290.0,2290.0,1.0
49,46,0,2170.0,2330.0,0.93133044
49,46,1,2330.0,2330.0,1.0
49,46,2,2290.0,2330.0,0.9828326
49,47,0,2170.0,2363.0,0.9183242
49,47,1,2363.0,2363.0,1.0
49,47,2,2290.0,2363.0,0.9691071
49,48,0,2170.0,2396.0,0.9056761
49,48,1,2396.0,2396.0,1.0
49,48,2,2290.0,2396.0,0.9557596
49,49,0,2170.0,2440.0,0.8893443
49,49,1,2396.0,2440.0,0.9819672
49,49,2,2440.0,2440.0,1.0
49,50,0,2170.0,2476.0,0.8764136
49,50,1,2476.0,2476.0,1.0
49,50,2,2440.0,2476.0,0.9854604
49,51,0,2170.0,2533.0,0.85669166
49,51,1,2476.0,2533.0,0.97749704
49,51,2,2533.0,2533.0,1.0
49,52,0,2170.0,2575.0,0.8427184
49,52,1,2575.0,2575.0,1.0
49,52,2,2533.0,2575.0,0.9836893
49,53,0,2640.0,2640.0,1.0
49,53,1,2575.0,2640.0,0.9753788
49,53,2,2533.0,2640.0,0.9594697
49,54,0,2640.0,2675.0,0.9869159
49,54,1,2675.0,2675.0,1.0
49,54,2,2533.0,2675.0,0.94691586
49,55,0,2640.0,2707.0,0.97524935
49,55,1,2675.0,2707.0,0.9881788
49,55,2,2707.0,2707.0,1.0
49,56,0,2640.0,2745.0,0.96174866
49,56,1,2745.0,2745.0,1.0
49,56,2,2707.0,2745.0,0.98615664
49,57,0,2640.0,2782.0,0.94895756
49,57,1,2745.0,2782.0,0.98670024
49,57,2,2782.0,2782.0,1.0
49,58,0,2640.0,2815.0,0.937833
49,58,1,2815.0,2815.0,1.0
49,58,2,2782.0,2815.0,0.9882771
49,59,0,2640.0,2885.0,0.915078
49,59,1,2815.0,2885.0,0.97573656
49,59,2,2885.0,2885.0,1.0
49,60,0,2640.0,2921.0,0.9038001
49,60,1,2921.0,2921.0,1.0
49,60,2,2885.0,2921.0,0.9876754
49,61,0,2640.0,2971.0,0.8885897
49,61,1,2921.0,2971.0,0.9831706
49,61,2,2971.0,2971.0,1.0
49,62,0,2640.0,3040.0,0.8684211
49,62,1,2921.0,3040.0,0.96085525
49,62,2,3040.0,3040.0,1.0
49,63,0,3121.0,3121.0,1.0
49,63,1,2921.0,3121.0,0.935918
49,63,2,3040.0,3121.0,0.97404677
49,64,0,3121.0,3170.0,0.9845426
49,64,1,3170.0,3170.0,1.0
49,64,2,3040.0,3170.0,0.9589905
49,65,0,3121.0,3224.0,0.9680521
49,65,1,3170.0,3224.0,0.9832506
49,65,2,3224.0,3224.0,1.0
49,66,0,3121.0,3264.0,0.95618874
49,66,1,3170.0,3264.0,0.971201
49,66,2,3264.0,3264.0,1.0
49,67,0,3121.0,3297.0,0.94661814
49,67,1,3297.0,3297.0,1.0
49,67,2,3264.0,3297.0,0.9899909
49,68,0,3121.0,3347.0,0.9324768
49,68,1,3347.0,3347.0,1.0
49,68,2,3264.0,3347.0,0.97520167
49,69,0,3121.0,3389.0,0.9209206
49,69,1,3347.0,3389.0,0.98760694
49,69,2,3389.0,3389.0,1.0
49,70,0,3121.0,3444.0,0.9062137
49,70,1,3347.0,3444.0,0.9718351
49,70,2,3444.0,3444.0,1.0
49,71,0,3121.0,3483.0,0.8960666
49,71,1,3483.0,3483.0,1.0
49,71,2,3444.0,3483.0,0.98880273
49,72,0,3121.0,3524.0,0.88564134
49,72,1,3524.0,3524.0,1.0
49,72,2,3444.0,3524.0,0.9772985
49,73,0,3121.0,3572.0,0.8737402
49,73,1,3524.0,3572.0,0.98656213
49,73,2,3572.0,3572.0,1.0
49,74,0,3121.0,3609.0,0.8647825
49,74,1,3609.0,3609.0,1.0
49,74,2,3572.0,3609.0,0.9897479
49,75,0,3121.0,3654.0,0.8541325
49,75,1,3654.0,3654.0,1.0
49,75,2,3572.0,3654.0,0.97755885
49,76,0,3121.0,3688.0,0.84625816
49,76,1,3688.0,3688.0,1.0
49,76,2,3572.0,3688.0,0.9685466
49,77,0,3121.0,3761.0,0.8298325
49,77,1,3688.0,3761.0,0.9805903
49,77,2,3761.0,3761.0,1.0
49,78,0,3121.0,3799.0,0.821532
49,78,1,3799.0,3799.0,1.0
49,78,2,3761.0,3799.0,0.9899974
49,79,0,3121.0,3839.0,0.8129721
49,79,1,3839.0,3839.0,1.0
49,79,2,3761.0,3839.0,0.9796822
49,80,0,3121.0,3882.0,0.803967
49,80,1,3882.0,3882.0,1.0
49,80,2,3761.0,3882.0,0.9688305
49,81,0,3121.0,3922.0,0.7957675
49,81,1,3922.0,3922.0,1.0
49,81,2,3761.0,3922.0,0.9589495
49,82,0,3121.0,3963.0,0.7875347
49,82,1,3963.0,3963.0,1.0
49,82,2,3761.0,3963.0,0.9490285
49,83,0,3121.0,4006.0,0.7790814
49,83,1,4006.0,4006.0,1.0
49,83,2,3761.0,4006.0,0.93884176
49,84,0,3121.0,4080.0,0.764951
49,84,1,4006.0,4080.0,0.9818627
49,84,2,4080.0,4080.0,1.0
49,85,0,3121.0,4115.0,0.7584447
49,85,1,4006.0,4115.0,0.9735115
49,85,2,4115.0,4115.0,1.0
49,86,0,3121.0,4158.0,0.75060123
49,86,1,4158.0,4158.0,1.0
49,86,2,4115.0,4158.0,0.9896585
49,87,0,3121.0,4203.0,0.74256486
49,87,1,4203.0,4203.0,1.0
49,87,2,4115.0,4203.0,0.97906256
49,88,0,3121.0,4239.0,0.73625857
49,88,1,4239.0,4239.0,1.0
49,88,2,4115.0,4239.0,0.9707478
49,89,0,3121.0,4307.0,0.7246343
49,89,1,4239.0,4307.0,0.98421174
49,89,2,4307.0,4307.0,1.0
49,90,0,3121.0,4344.0,0.7184622
49,90,1,4344.0,4344.0,1.0
49,90,2,4307.0,4344.0,0.9914825
49,91,0,3121.0,4395.0,0.71012515
49,91,1,4344.0,4395.0,0.9883959
49,91,2,4395.0,4395.0,1.0
49,92,0,3121.0,4440.0,0.70292795
49,92,1,4440.0,4440.0,1.0
49,92,2,4395.0,4440.0,0.9898649
49,93,0,3121.0,4482.0,0.6963409
49,93,1,4482.0,4482.0,1.0
49,93,2,4395.0,4482.0,0.98058903
49,94,0,3121.0,4524.0,0.6898762
49,94,1,4482.0,4524.0,0.99071616
49,94,2,4524.0,4524.0,1.0
49,95,0,3121.0,4597.0,0.67892104
49,95,1,4482.0,4597.0,0.9749837
49,95,2,4597.0,4597.0,1.0
49,96,0,3121.0,4639.0,0.6727743
49,96,1,4639.0,4639.0,1.0
49,96,2,4597.0,4639.0,0.99094635
49,97,0,3121.0,4685.0,0.66616863
49,97,1,4685.0,4685.0,1.0
49,97,2,4597.0,4685.0,0.98121667
49,98,0,3121.0,4739.0,0.65857774
49,98,1,4685.0,4739.0,0.9886052
49,98,2,4739.0,4739.0,1.0
49,99,0,3121.0,4778.0,0.6532022
49,99,1,4685.0,4778.0,0.9805358
49,99,2,4778.0,4778.0,1.0
49,100,0,3121.0,4846.0,0.6440363
49,100,1,4685.0,4846.0,0.9667767
49,100,2,4846.0,4846.0,1.0
49,101,0,3121.0,4910.0,0.6356416
49,101,1,4685.0,4910.0,0.9541752
49,101,2,4910.0,4910.0,1.0
49,102,0,3121.0,4952.0,0.6302504
49,102,1,4952.0,4952.0,1.0
49,102,2,4910.0,4952.0,0.99151856
49,103,0,3121.0,4984.0,0.62620384
49,103,1,4984.0,4984.0,1.0
49,103,2,4910.0,4984.0,0.9851525
49,104,0,3121.0,5045.0,0.6186323
49,104,1,4984.0,5045.0,0.98790884
49,104,2,5045.0,5045.0,1.0
49,105,0,3121.0,5096.0,0.6124411
49,105,1,4984.0,5096.0,0.978022
49,105,2,5096.0,5096.0,1.0
49,106,0,3121.0,5134.0,0.60790807
49,106,1,5134.0,5134.0,1.0
49,106,2,5096.0,5134.0,0.99259835
49,107,0,3121.0,5169.0,0.60379183
49,107,1,5169.0,5169.0,1.0
49,107,2,5096.0,5169.0,0.98587734
49,108,0,3121.0,5204.0,0.59973097
49,108,1,5204.0,5204.0,1.0
49,108,2,5096.0,5204.0,0.97924674
49,109,0,3121.0,5270.0,0.5922201
49,109,1,5204.0,5270.0,0.9874763
49,109,2,5270.0,5270.0,1.0
49,110,0,3121.0,5310.0,0.58775896
49,110,1,5310.0,5310.0,1.0
49,110,2,5270.0,5310.0,0.99246705
49,111,0,3121.0,5360.0,0.5822761
49,111,1,5360.0,5360.0,1.0
49,111,2,5270.0,5360.0,0.98320895
49,112,0,3121.0,5404.0,0.57753515
49,112,1,5404.0,5404.0,1.0
49,112,2,5270.0,5404.0,0.9752036
49,113,0,3121.0,5453.0,0.5723455
49,113,1,5453.0,5453.0,1.0
49,113,2,5270.0,5453.0,0.9664405
49,114,0,3121.0,5484.0,0.56911016
49,114,1,5484.0,5484.0,1.0
49,114,2,5270.0,5484.0,0.9609774
49,115,0,3121.0,5557.0,0.561634
49,115,1,5484.0,5557.0,0.98686343
49,115,2,5557.0,5557.0,1.0
49,116,0,3121.0,5607.0,0.55662566
49,116,1,5607.0,5607.0,1.0
49,116,2,5557.0,5607.0,0.99108255
49,117,0,3121.0,5649.0,0.5524872
49,117,1,5649.0,5649.0,1.0
49,117,2,5557.0,5649.0,0.9837139
49,118,0,3121.0,5690.0,0.54850614
49,118,1,5649.0,5690.0,0.9927944
49,118,2,5690.0,5690.0,1.0
49,119,0,3121.0,5728.0,0.54486734
49,119,1,5649.0,5728.0,0.9862081
49,119,2,5728.0,5728.0,1.0
49,120,0,3121.0,5766.0,0.54127645
49,120,1,5766.0,5766.0,1.0
49,120,2,5728.0,5766.0,0.99340963
49,121,0,3121.0,5792.0,0.5388467
49,121,1,5792.0,5792.0,1.0
49,121,2,5728.0,5792.0,0.98895025
49,122,0,3121.0,5824.0,0.535886
49,122,1,5824.0,5824.0,1.0
49,122,2,5728.0,5824.0,0.98351645
49,123,0,3121.0,5880.0,0.53078234
49,123,1,5824.0,5880.0,0.9904762
49,123,2,5880.0,5880.0,1.0
49,124,0,3121.0,5917.0,0.52746326
49,124,1,5917.0,5917.0,1.0
49,124,2,5880.0,5917.0,0.9937468
49,125,0,3121.0,5967.0,0.5230434
49,125,1,5967.0,5967.0,1.0
49,125,2,5880.0,5967.0,0.9854198
49,126,0,3121.0,6012.0,0.5191284
49,126,1,6012.0,6012.0,1.0
49,126,2,5880.0,6012.0,0.9780439
49,127,0,3121.0,6049.0,0.51595306
49,127,1,6049.0,6049.0,1.0
49,127,2,5880.0,6049.0,0.9720615
49,128,0,3121.0,6089.0,0.51256365
49,128,1,6049.0,6089.0,0.9934308
49,128,2,6089.0,6089.0,1.0
49,129,0,3121.0,6125.0,0.50955105
49,129,1,6125.0,6125.0,1.0
49,129,2,6089.0,6125.0,0.99412245
49,130,0,3121.0,6175.0,0.5054251
49,130,1,6125.0,6175.0,0.9919028
49,130,2,6175.0,6175.0,1.0
49,131,0,3121.0,6213.0,0.5023338
49,131,1,6213.0,6213.0,1.0
49,131,2,6175.0,6213.0,0.9938838
49,132,0,3121.0,6255.0,0.49896082
49,132,1,6255.0,6255.0,1.0
49,132,2,6175.0,6255.0,0.9872102
49,133,0,3121.0,6285.0,0.49657917
49,133,1,6285.0,6285.0,1.0
49,133,2,6175.0,6285.0,0.982498
49,134,0,3121.0,6317.0,0.49406365
49,134,1,6317.0,6317.0,1.0
49,134,2,6175.0,6317.0,0.977521
50,1,0,31.0,31.0,1.0
50,1,1,0.0,31.0,0.0
50,1,2,0.0,31.0,0.0
50,2,0,89.0,89.0,1.0
50,2,1,0.0,89.0,0.0
50,2,2,0.0,89.0,0.0
50,3,0,152.0,152.0,1.0
50,3,1,0.0,152.0,0.0
50,3,2,0.0,152.0,0.0
50,4,0,228.0,228.0,1.0
50,4,1,0.0,228.0,0.0
50,4,2,0.0,228.0,0.0
50,5,0,284.0,284.0,1.0
50,5,1,0.0,284.0,0.0
50,5,2,0.0,284.0,0.0
50,6,0,328.0,328.0,1.0
50,6,1,0.0,328.0,0.0
50,6,2,0.0,328.0,0.0
50,7,0,328.0,348.0,0.9425287
50,7,1,348.0,348.0,1.0
50,7,2,0.0,348.0,0.0
50,8,0,403.0,403.0,1.0
50,8,1,348.0,403.0,0.8635236
50,8,2,0.0,403.0,0.0
50,9,0,469.0,469.0,1.0
50,9,1,348.0,469.0,0.7420043
50,9,2,0.0,469.0,0.0
50,10,0,469.0,503.0,0.9324056
50,10,1,348.0,503.0,0.69184893
50,10,2,503.0,503.0,1.0
50,11,0,469.0,544.0,0.8621324
50,11,1,348.0,544.0,0.6397059
50,11,2,544.0,544.0,1.0
50,12,0,469.0,609.0,0.77011496
50,12,1,348.0,609.0,0.5714286
50,12,2,609.0,609.0,1.0
50,13,0,668.0,668.0,1.0
50,13,1,348.0,668.0,0.52095807
50,13,2,609.0,668.0,0.91167665
50,14,0,715.0,715.0,1.0
50,14,1,348.0,715.0,0.4867133
50,14,2,609.0,715.0,0.8517482
50,15,0,795.0,795.0,1.0
50,15,1,348.0,795.0,0.43773586
50,15,2,609.0,795.0,0.76603776
50,16,0,795.0,837.0,0.9498208
50,16,1,837.0,837.0,1.0
50,16,2,609.0,837.0,0.72759855
50,17,0,894.0,894.0,1.0
50,17,1,837.0,894.0,0.9362416
50,17,2,609.0,894.0,0.6812081
50,18,0,894.0,954.0,0.9371069
50,18,1,837.0,954.0,0.8773585
50,18,2,954.0,954.0,1.0
50,19,0,894.0,1000.0,0.894
50,19,1,1000.0,1000.0,1.0
50,19,2,954.0,1000.0,0.954
50,20,0,894.0,1036.0,0.86293435
50,20,1,1036.0,1036.0,1.0
50,20,2,954.0,1036.0,0.92084944
50,21,0,894.0,1066.0,0.83864915
50,21,1,1066.0,1066.0,1.0
50,21,2,954.0,1066.0,0.89493436
50,22,0,894.0,1114.0,0.8025135
50,22,1,1114.0,1114.0,1.0
50,22,2,954.0,1114.0,0.8563734
50,23,0,894.0,1154.0,0.7746967
50,23,1,1154.0,1154.0,1.0
50,23,2,954.0,1154.0,0.8266898
50,24,0,1202.0,1202.0,1.0
50,24,1,1154.0,1202.0,0.96006656
50,24,2,954.0,1202.0,0.7936772
50,25,0,1202.0,1241.0,0.96857375
50,25,1,1154.0,1241.0,0.9298952
50,25,2,1241.0,1241.0,1.0
50,26,0,1202.0,1274.0,0.9434851
50,26,1,1274.0,1274.0,1.0
50,26,2,1241.0,1274.0,0.9740973
50,27,0,1202.0,1344.0,0.8943452
50,27,1,1274.0,1344.0,0.9479167
50,27,2,1344.0,1344.0,1.0
50,28,0,1202.0,1379.0,0.8716461
50,28,1,1379.0,1379.0,1.0
50,28,2,1344.0,1379.0,0.97461927
50,29,0,1202.0,1412.0,0.8512748
50,29,1,1412.0,1412.0,1.0
50,29,2,1344.0,1412.0,0.95184135
50,30,0,1202.0,1460.0,0.82328767
50,30,1,1460.0,1460.0,1.0
50,30,2,1344.0,1460.0,0.92054796
50,31,0,1202.0,1529.0,0.7861347
50,31,1,1460.0,1529.0,0.9548725
50,31,2,1529.0,1529.0,1.0
50,32,0,1202.0,1565.0,0.76805115
50,32,1,1565.0,1565.0,1.0
50,32,2,1529.0,1565.0,0.9769968
50,33,0,1636.0,1636.0,1.0
50,33,1,1565.0,1636.0,0.95660144
50,33,2,1529.0,1636.0,0.9345966
50,34,0,1636.0,1668.0,0.98081535
50,34,1,1565.0,1668.0,0.9382494
50,34,2,1668.0,1668.0,1.0
50,35,0,1742.0,1742.0,1.0
50,35,1,1565.0,1742.0,0.8983927
50,35,2,1668.0,1742.0,0.95752007
50,36,0,1807.0,1807.0,1.0
50,36,1,1565.0,1807.0,0.86607635
50,36,2,1668.0,1807.0,0.9230769
50,37,0,1867.0,1867.0,1.0
50,37,1,1565.0,1867.0,0.8382432
50,37,2,1668.0,1867.0,0.8934119
50,38,0,1867.0,1900.0,0.98263156
50,38,1,1900.0,1900.0,1.0
50,38,2,1668.0,1900.0,0.87789476
50,39,0,1867.0,1950.0,0.9574359
50,39,1,1900.0,1950.0,0.974359
50,39,2,1950.0,1950.0,1.0
50,40,0,1867.0,1983.0,0.94150275
50,40,1,1983.0,1983.0,1.0
50,40,2,1950.0,1983.0,0.98335856
50,41,0,1867.0,2026.0,0.92152023
50,41,1,1983.0,2026.0,0.9787759
50,41,2,2026.0,2026.0,1.0
50,42,0,1867.0,2071.0,0.9014969
50,42,1,1983.0,2071.0,0.95750844
50,42,2,2071.0,2071.0,1.0
50,43,0,1867.0,2121.0,0.88024515
50,43,1,2121.0,2121.0,1.0
50,43,2,2071.0,2121.0,0.97642624
50,44,0,1867.0,2164.0,0.86275417
50,44,1,2164.0,2164.0,1.0
50,44,2,2071.0,2164.0,0.95702404
50,45,0,1867.0,2198.0,0.84940857
50,45,1,2198.0,2198.0,1.0
50,45,2,2071.0,2198.0,0.9422202
50,46,0,1867.0,2248.0,0.83051604
50,46,1,2248.0,2248.0,1.0
50,46,2,2071.0,2248.0,0.92126334
50,47,0,1867.0,2293.0,0.8142172
50,47,1,2293.0,2293.0,1.0
50,47,2,2071.0,2293.0,0.9031836
50,48,0,1867.0,2336.0,0.79922944
50,48,1,2336.0,2336.0,1.0
50,48,2,2071.0,2336.0,0.88655823
50,49,0,1867.0,2366.0,0.7890955
50,49,1,2366.0,2366.0,1.0
50,49,2,2071.0,2366.0,0.875317
50,50,0,1867.0,2412.0,0.7740464
50,50,1,2366.0,2412.0,0.9809287
50,50,2,2412.0,2412.0,1.0
50,51,0,1867.0,2454.0,0.7607987
50,51,1,2454.0,2454.0,1.0
50,51,2,2412.0,2454.0,0.98288506
50,52,0,1867.0,2527.0,0.73882073
50,52,1,2454.0,2527.0,0.971112
50,52,2,2527.0,2527.0,1.0
50,53,0,1867.0,2564.0,0.7281591
50,53,1,2454.0,2564.0,0.9570983
50,53,2,2564.0,2564.0,1.0
50,54,0,1867.0,2602.0,0.717525
50,54,1,2602.0,2602.0,1.0
50,54,2,2564.0,2602.0,0.98539585
50,55,0,1867.0,2659.0,0.70214367
50,55,1,2602.0,2659.0,0.97856337
50,55,2,2659.0,2659.0,1.0
50,56,0,1867.0,2714.0,0.6879145
50,56,1,2602.0,2714.0,0.9587325
50,56,2,2714.0,2714.0,1.0
50,57,0,1867.0,2788.0,0.6696557
50,57,1,2602.0,2788.0,0.93328553
50,57,2,2788.0,2788.0,1.0
50,58,0,1867.0,2824.0,0.661119
50,58,1,2824.0,2824.0,1.0
50,58,2,2788.0,2824.0,0.9872521
50,59,0,1867.0,2873.0,0.6498434
50,59,1,2873.0,2873.0,1.0
50,59,2,2788.0,2873.0,0.9704142
50,60,0,1867.0,2912.0,0.6411401
50,60,1,2873.0,2912.0,0.98660713
50,60,2,2912.0,2912.0,1.0
50,61,0,1867.0,2952.0,0.63245255
50,61,1,2873.0,2952.0,0.97323847
50,61,2,2952.0,2952.0,1.0
50,62,0,1867.0,2994.0,0.6235805
50,62,1,2873.0,2994.0,0.95958585
50,62,2,2994.0,2994.0,1.0
50,63,0,1867.0,3033.0,0.61556214
50,63,1,3033.0,3033.0,1.0
50,63,2,2994.0,3033.0,0.98714143
50,64,0,1867.0,3073.0,0.6075496
50,64,1,3073.0,3073.0,1.0
50,64,2,2994.0,3073.0,0.9742922
50,65,0,1867.0,3137.0,0.5951546
50,65,1,3073.0,3137.0,0.97959834
50,65,2,3137.0,3137.0,1.0
50,66,0,3218.0,3218.0,1.0
50,66,1,3073.0,3218.0,0.954941
50,66,2,3137.0,3218.0,0.9748291
50,67,0,3218.0,3255.0,0.98863286
50,67,1,3073.0,3255.0,0.944086
50,67,2,3255.0,3255.0,1.0
50,68,0,3218.0,3289.0,0.97841287
50,68,1,3289.0,3289.0,1.0
50,68,2,3255.0,3289.0,0.9896625
50,69,0,3218.0,3328.0,0.96694714
50,69,1,3289.0,3328.0,0.98828125
50,69,2,3328.0,3328.0,1.0
50,70,0,3218.0,3371.0,0.95461285
50,70,1,3371.0,3371.0,1.0
50,70,2,3328.0,3371.0,0.9872441
50,71,0,3218.0,3425.0,0.939562
50,71,1,3371.0,3425.0,0.98423356
50,71,2,3425.0,3425.0,1.0
50,72,0,3218.0,3456.0,0.9311343
50,72,1,3371.0,3456.0,0.9754051
50,72,2,3456.0,3456.0,1.0
50,73,0,3218.0,3496.0,0.92048055
50,73,1,3496.0,3496.0,1.0
50,73,2,3456.0,3496.0,0.98855835
50,74,0,3218.0,3533.0,0.91084063
50,74,1,3533.0,3533.0,1.0
50,74,2,3456.0,3533.0,0.9782055
50,75,0,3218.0,3606.0,0.8924016
50,75,1,3533.0,3606.0,0.97975594
50,75,2,3606.0,3606.0,1.0
50,76,0,3218.0,3656.0,0.8801969
50,76,1,3656.0,3656.0,1.0
50,76,2,3606.0,3656.0,0.98632383
50,77,0,3218.0,3689.0,0.8723231
50,77,1,3689.0,3689.0,1.0
50,77,2,3606.0,3689.0,0.9775007
50,78,0,3218.0,3734.0,0.8618104
50,78,1,3734.0,3734.0,1.0
50,78,2,3606.0,3734.0,0.9657204
50,79,0,3218.0,3784.0,0.85042286
50,79,1,3784.0,3784.0,1.0
50,79,2,3606.0,3784.0,0.95295984
50,80,0,3218.0,3823.0,0.84174734
50,80,1,3823.0,3823.0,1.0
50,80,2,3606.0,3823.0,0.9432383
50,81,0,3218.0,3860.0,0.8336788
50,81,1,3860.0,3860.0,1.0
50,81,2,3606.0,3860.0,0.9341969
50,82,0,3218.0,3916.0,0.8217569
50,82,1,3860.0,3916.0,0.9856997
50,82,2,3916.0,3916.0,1.0
50,83,0,3218.0,3954.0,0.8138594
50,83,1,3954.0,3954.0,1.0
50,83,2,3916.0,3954.0,0.99038947
50,84,0,3218.0,3998.0,0.80490243
50,84,1,3998.0,3998.0,1.0
50,84,2,3916.0,3998.0,0.97948974
50,85,0,4074.0,4074.0,1.0
50,85,1,3998.0,4074.0,0.9813451
50,85,2,3916.0,4074.0,0.96121746
50,86,0,4074.0,4123.0,0.98811543
50,86,1,4123.0,4123.0,1.0
50,86,2,3916.0,4123.0,0.9497938
50,87,0,4074.0,4160.0,0.9793269
50,87,1,4160.0,4160.0,1.0
50,87,2,3916.0,4160.0,0.94134617
50,88,0,4074.0,4228.0,0.96357614
50,88,1,4160.0,4228.0,0.98391676
50,88,2,4228.0,4228.0,1.0
50,89,0,4074.0,4271.0,0.95387495
50,89,1,4271.0,4271.0,1.0
50,89,2,4228.0,4271.0,0.9899321
50,90,0,4074.0,4312.0,0.9448052
50,90,1,4312.0,4312.0,1.0
50,90,2,4228.0,4312.0,0.9805195
50,91,0,4074.0,4354.0,0.9356913
50,91,1,4354.0,4354.0,1.0
50,91,2,4228.0,4354.0,0.9710611
50,92,0,4434.0,4434.0,1.0
50,92,1,4354.0,4434.0,0.9819576
50,92,2,4228.0,4434.0,0.9535408
50,93,0,4434.0,4471.0,0.99172443
50,93,1,4471.0,4471.0,1.0
50,93,2,4228.0,4471.0,0.94564974
50,94,0,4434.0,4513.0,0.982495
50,94,1,4513.0,4513.0,1.0
50,94,2,4228.0,4513.0,0.9368491
50,95,0,4434.0,4549.0,0.9747197
50,95,1,4549.0,4549.0,1.0
50,95,2,4228.0,4549.0,0.929435
50,96,0,4434.0,4592.0,0.9655923
50,96,1,4592.0,4592.0,1.0
50,96,2,4228.0,4592.0,0.9207317
50,97,0,4434.0,4627.0,0.9582883
50,97,1,4627.0,4627.0,1.0
50,97,2,4228.0,4627.0,0.91376704
50,98,0,4434.0,4695.0,0.94440895
50,98,1,4627.0,4695.0,0.9855165
50,98,2,4695.0,4695.0,1.0
50,99,0,4434.0,4736.0,0.9362331
50,99,1,4627.0,4736.0,0.9769848
50,99,2,4736.0,4736.0,1.0
50,100,0,4434.0,4782.0,0.9272271
50,100,1,4782.0,4782.0,1.0
50,100,2,4736.0,4782.0,0.9903806
50,101,0,4434.0,4819.0,0.9201079
50,101,1,4782.0,4819.0,0.9923221
50,101,2,4819.0,4819.0,1.0
50,102,0,4434.0,4875.0,0.90953845
50,102,1,4782.0,4875.0,0.98092306
50,102,2,4875.0,4875.0,1.0
50,103,0,4434.0,4916.0,0.9019528
50,103,1,4916.0,4916.0,1.0
50,103,2,4875.0,4916.0,0.9916599
50,104,0,4434.0,4961.0,0.8937714
50,104,1,4961.0,4961.0,1.0
50,104,2,4875.0,4961.0,0.98266476
50,105,0,4434.0,4989.0,0.88875526
50,105,1,4989.0,4989.0,1.0
50,105,2,4875.0,4989.0,0.9771497
50,106,0,4434.0,5021.0,0.88309103
50,106,1,5021.0,5021.0,1.0
50,106,2,4875.0,5021.0,0.9709221
50,107,0,4434.0,5066.0,0.87524676
50,107,1,5066.0,5066.0,1.0
50,107,2,4875.0,5066.0,0.9622977
50,108,0,4434.0,5120.0,0.8660156
50,108,1,5066.0,5120.0,0.98945314
50,108,2,5120.0,5120.0,1.0
50,109,0,4434.0,5160.0,0.85930234
50,109,1,5066.0,5160.0,0.981783
50,109,2,5160.0,5160.0,1.0
50,110,0,4434.0,5195.0,0.853513
50,110,1,5195.0,5195.0,1.0
50,110,2,5160.0,5195.0,0.99326277
50,111,0,4434.0,5264.0,0.8423252
50,111,1,5195.0,5264.0,0.9868921
50,111,2,5264.0,5264.0,1.0
50,112,0,4434.0,5302.0,0.8362882
50,112,1,5302.0,5302.0,1.0
50,112,2,5264.0,5302.0,0.9928329
50,113,0,4434.0,5344.0,0.82971555
50,113,1,5344.0,5344.0,1.0
50,113,2,5264.0,5344.0,0.98502994
50,114,0,4434.0,5394.0,0.82202446
50,114,1,5394.0,5394.0,1.0
50,114,2,5264.0,5394.0,0.97589916
50,115,0,4434.0,5431.0,0.81642425
50,115,1,5431.0,5431.0,1.0
50,115,2,5264.0,5431.0,0.9692506
50,116,0,4434.0,5474.0,0.81001097
50,116,1,5474.0,5474.0,1.0
50,116,2,5264.0,5474.0,0.96163684
50,117,0,4434.0,5524.0,0.80267924
50,117,1,5524.0,5524.0,1.0
50,117,2,5264.0,5524.0,0.95293266
50,118,0,4434.0,5566.0,0.79662234
50,118,1,5566.0,5566.0,1.0
50,118,2,5264.0,5566.0,0.945742
50,119,0,4434.0,5597.0,0.7922101
50,119,1,5597.0,5597.0,1.0
50,119,2,5264.0,5597.0,0.94050384
50,120,0,4434.0,5627.0,0.7879865
50,120,1,5627.0,5627.0,1.0
50,120,2,5264.0,5627.0,0.9354896
50,121,0,4434.0,5680.0,0.7806338
50,121,1,5627.0,5680.0,0.990669
50,121,2,5680.0,5680.0,1.0
50,122,0,4434.0,5725.0,0.7744978
50,122,1,5725.0,5725.0,1.0
50,122,2,5680.0,5725.0,0.99213976
50,123,0,4434.0,5757.0,0.7701928
50,123,1,5757.0,5757.0,1.0
50,123,2,5680.0,5757.0,0.98662496
50,124,0,4434.0,5823.0,0.76146317
50,124,1,5757.0,5823.0,0.98866564
50,124,2,5823.0,5823.0,1.0
50,125,0,4434.0,5864.0,0.75613916
50,125,1,5864.0,5864.0,1.0
50,125,2,5823.0,5864.0,0.9930082
50,126,0,4434.0,5902.0,0.7512708
50,126,1,5902.0,5902.0,1.0
50,126,2,5823.0,5902.0,0.9866147
50,127,0,4434.0,5932.0,0.74747133
50,127,1,5932.0,5932.0,1.0
50,127,2,5823.0,5932.0,0.9816251
50,128,0,4434.0,5963.0,0.74358547
50,128,1,5963.0,5963.0,1.0
50,128,2,5823.0,5963.0,0.9765219
50,129,0,4434.0,6003.0,0.7386307
50,129,1,5963.0,6003.0,0.9933367
50,129,2,6003.0,6003.0,1.0
50,130,0,4434.0,6041.0,0.7339844
50,130,1,5963.0,6041.0,0.9870882
50,130,2,6041.0,6041.0,1.0
50,131,0,4434.0,6073.0,0.7301169
50,131,1,6073.0,6073.0,1.0
50,131,2,6041.0,6073.0,0.9947308
50,132,0,4434.0,6146.0,0.72144485
50,132,1,6073.0,6146.0,0.98812234
50,132,2,6146.0,6146.0,1.0
50,133,0,4434.0,6202.0,0.71493065
50,133,1,6073.0,6202.0,0.97920024
50,133,2,6202.0,6202.0,1.0
50,134,0,4434.0,6257.0,0.7086463
50,134,1,6073.0,6257.0,0.9705929
50,134,2,6257.0,6257.0,1.0
