episode,step,job_idx,reward,makespan,current_time,setup_time,job_completed
1,1,10,23.176110574934217,31.0,31.0,0,False
1,2,13,5.696360121832953,74.0,74.0,0,False
1,3,0,-10.191330265742476,154.0,154.0,0,False
1,4,16,-27.251083776685928,232.0,232.0,0,False
1,5,2,-35.485655004873216,306.0,306.0,0,False
1,6,17,-48.63638994428847,368.0,368.0,0,False
1,7,19,-50.088436126708984,412.0,412.0,0,False
1,8,16,-13.780979251861574,432.0,432.0,0,False
1,9,16,14.097509440669306,466.0,466.0,0,False
1,10,8,-6.272485733032227,546.0,546.0,0,False
1,11,12,-19.1332950592041,627.0,627.0,0,False
1,12,4,-34.935970306396484,703.0,703.0,0,False
1,13,6,-42.60301208496094,778.0,778.0,0,False
1,14,13,-15.75745677947998,809.0,809.0,0,False
1,15,8,-16.58190155029297,840.0,840.0,0,False
1,16,6,-27.58387565612793,883.0,883.0,0,False
1,17,0,-28.029504710371775,914.0,914.0,0,False
1,18,0,-4.052334881170676,965.0,965.0,0,False
1,19,16,-14.311166720920138,1006.0,1006.0,0,False
1,20,14,-1.5211362838745117,1054.0,1054.0,0,False
1,21,18,-16.86563491821289,1109.0,1109.0,0,False
1,22,4,-6.587590217590332,1144.0,1144.0,0,False
1,23,2,-8.83768081665039,1184.0,1184.0,0,False
1,24,16,-6.907064747280545,1249.0,1249.0,0,False
1,25,0,-5.400031345121322,1287.0,1287.0,0,False
1,26,17,-16.86737823486328,1327.0,1327.0,0,False
1,27,8,-16.90066146850586,1396.0,1396.0,0,False
1,28,6,-22.820125579833984,1435.0,1435.0,0,False
1,29,8,-22.27445854610867,1478.0,1478.0,0,False
1,30,17,-28.58284506091365,1522.0,1522.0,0,False
1,31,14,-28.09039878845215,1555.0,1555.0,0,False
1,32,14,-32.23175811767578,1605.0,1605.0,0,False
1,33,11,-16.186294555664062,1676.0,1676.0,0,False
1,34,11,-8.502639770507812,1718.0,1718.0,0,False
1,35,11,-8.205276489257812,1778.0,1778.0,0,False
1,36,2,-15.631065368652344,1851.0,1851.0,0,False
1,37,2,-14.572428703308105,1901.0,1901.0,0,False
1,38,7,-15.924437522888184,1960.0,1960.0,0,False
1,39,15,-22.230836868286133,2026.0,2026.0,0,False
1,40,15,-13.147790908813477,2061.0,2061.0,0,False
1,41,8,-18.112865447998047,2093.0,2093.0,0,False
1,42,12,-24.85983657836914,2136.0,2136.0,0,False
1,43,16,-17.487272333215785,2210.0,2210.0,0,False
1,44,17,-28.73849566777547,2280.0,2280.0,0,False
1,45,14,-31.176509857177734,2322.0,2322.0,0,False
1,46,12,-41.889163970947266,2390.0,2390.0,0,False
1,47,4,-51.9742546081543,2430.0,2430.0,0,False
1,48,12,-33.72060012817383,2472.0,2472.0,0,False
1,49,16,5.475422710842558,2512.0,2512.0,0,False
1,50,0,-40.08203125,2554.0,2554.0,0,False
1,51,15,-42.700260162353516,2599.0,2599.0,0,False
1,52,14,-41.72221374511719,2634.0,2634.0,0,False
1,53,12,-4.119931692016152,2702.0,2702.0,0,False
1,54,11,-59.543724060058594,2748.0,2748.0,0,False
1,55,10,-60.61442565917969,2781.0,2781.0,0,False
1,56,14,-67.35639190673828,2824.0,2824.0,0,False
1,57,6,-73.91500854492188,2867.0,2867.0,0,False
1,58,8,-70.30500793457031,2933.0,2933.0,0,False
1,59,6,-73.4050064086914,2979.0,2979.0,0,False
1,60,2,-78.91000366210938,3016.0,3016.0,0,False
1,61,0,-55.41618347167969,3048.0,3048.0,0,False
1,62,11,-94.46500396728516,3096.0,3096.0,0,False
1,63,11,-96.63999938964844,3139.0,3139.0,0,False
1,64,11,-98.96268463134766,3181.0,3181.0,0,False
1,65,2,-108.83000946044922,3222.0,3222.0,0,False
1,66,14,-92.20999908447266,3264.0,3264.0,0,False
1,67,1,-17.829999923706055,3320.0,3320.0,0,False
1,68,17,13.774409294128418,3353.0,3353.0,0,False
1,69,6,-11.540000915527344,3391.0,3391.0,0,False
1,70,2,46.01171112060547,3421.0,3421.0,0,False
1,71,14,63.17670440673828,3477.0,3477.0,0,False
1,72,13,-19.96000099182129,3514.0,3514.0,0,False
1,73,7,-19.165000915527344,3547.0,3547.0,0,False
1,74,18,-22.750001907348633,3597.0,3597.0,0,False
1,75,6,-27.924999237060547,3632.0,3632.0,0,False
1,76,8,38.27423858642578,3670.0,3670.0,0,False
1,77,15,-27.915000915527344,3713.0,3713.0,0,False
1,78,15,-32.970001220703125,3747.0,3747.0,0,False
1,79,6,25.933334350585938,3792.0,3792.0,0,False
1,80,1,-47.70000457763672,3822.0,3822.0,0,False
1,81,10,-39.73500061035156,3879.0,3879.0,0,False
1,82,10,-45.18500518798828,3916.0,3916.0,0,False
1,83,10,-53.37000274658203,3970.0,3970.0,0,False
1,84,1,-63.7650032043457,4013.0,4013.0,0,False
1,85,18,-65.28500366210938,4050.0,4050.0,0,False
1,86,13,-59.13999938964844,4088.0,4088.0,0,False
1,87,18,-60.06500244140625,4121.0,4121.0,0,False
1,88,3,-14.90000057220459,4186.0,4186.0,0,False
1,89,19,-15.67500114440918,4231.0,4231.0,0,False
1,90,7,-11.319999694824219,4300.0,4300.0,0,False
1,91,10,-8.78499984741211,4337.0,4337.0,0,False
1,92,18,-14.335000991821289,4374.0,4374.0,0,False
1,93,13,-25.74500274658203,4423.0,4423.0,0,False
1,94,1,-31.85500144958496,4464.0,4464.0,0,False
1,95,19,-24.145000457763672,4503.0,4503.0,0,False
1,96,3,-23.700000762939453,4538.0,4538.0,0,False
1,97,3,-28.17500114440918,4593.0,4593.0,0,False
1,98,10,-31.53499984741211,4635.0,4635.0,0,False
1,99,19,-39.60499954223633,4691.0,4691.0,0,False
1,100,10,-13.084583282470703,4740.0,4740.0,0,False
1,101,1,-50.04500198364258,4784.0,4784.0,0,False
1,102,4,-55.25,4819.0,4819.0,0,False
1,103,18,-57.43000030517578,4860.0,4860.0,0,False
1,104,18,-3.6802749633789062,4905.0,4905.0,0,False
1,105,13,-75.22500610351562,4955.0,4955.0,0,False
1,106,19,-80.70999908447266,4992.0,4992.0,0,False
1,107,9,-23.160001754760742,5049.0,5049.0,0,False
1,108,3,-25.6200008392334,5083.0,5083.0,0,False
1,109,19,-5.0,5123.0,5123.0,0,False
1,110,13,-9.870000839233398,5167.0,5167.0,0,False
1,111,19,1.646902084350586,5217.0,5217.0,0,False
1,112,3,-12.575000762939453,5262.0,5262.0,0,False
1,113,13,-12.308300018310547,5303.0,5303.0,0,False
1,114,1,-9.514549255371094,5339.0,5339.0,0,False
1,115,3,-20.56999969482422,5383.0,5383.0,0,False
1,116,4,-32.10000228881836,5433.0,5433.0,0,False
1,117,4,-36.112606048583984,5475.0,5475.0,0,False
1,118,9,-40.625,5520.0,5520.0,0,False
1,119,3,-5.972621917724609,5561.0,5561.0,0,False
1,120,15,-11.063312530517578,5611.0,5611.0,0,False
1,121,9,-39.77000427246094,5665.0,5665.0,0,False
1,122,9,-43.21000289916992,5707.0,5707.0,0,False
1,123,7,-53.915000915527344,5780.0,5780.0,0,False
1,124,5,-3.6800012588500977,5841.0,5841.0,0,False
1,125,9,0.11999893188476562,5872.0,5872.0,0,False
1,126,9,-0.5900001525878906,5905.0,5905.0,0,False
1,127,9,-4.455000877380371,5931.0,5931.0,0,False
1,128,9,50.288787841796875,5963.0,5963.0,0,False
1,129,7,-11.819999694824219,6027.0,6027.0,0,False
1,130,7,1.7994556427001953,6077.0,6077.0,0,False
1,131,5,-16.06500244140625,6110.0,6110.0,0,False
1,132,5,-16.64000129699707,6163.0,6163.0,0,False
1,133,5,-27.690000534057617,6236.0,6236.0,0,False
1,134,5,31.533191680908203,6292.0,6292.0,0,False
2,1,9,12.337704875734119,32.0,32.0,0,False
2,2,15,8.380212880016,83.0,83.0,0,False
2,3,17,-12.38289811876085,145.0,145.0,0,False
2,4,16,-25.762936613294812,223.0,223.0,0,False
2,5,19,-35.55944246175338,282.0,282.0,0,False
2,6,9,-10.374793288442824,307.0,307.0,0,False
2,7,9,7.184818529199671,346.0,346.0,0,False
2,8,14,-11.741551399230957,409.0,409.0,0,False
2,9,9,-1.9423410521613214,451.0,451.0,0,False
2,10,8,-18.34640884399414,531.0,531.0,0,False
2,11,1,-15.198796272277832,572.0,572.0,0,False
2,12,9,-13.40490707397461,603.0,603.0,0,False
2,13,18,-26.586074829101562,658.0,658.0,0,False
2,14,19,-21.167703073851918,703.0,703.0,0,False
2,15,9,-28.498693741692435,741.0,741.0,0,False
2,16,0,-34.894981384277344,821.0,821.0,0,False
2,17,1,-31.85963462193807,851.0,851.0,0,False
2,18,3,-32.19516372680664,901.0,901.0,0,False
2,19,14,-43.74586486816406,934.0,934.0,0,False
2,20,5,-40.65412902832031,995.0,995.0,0,False
2,21,14,-6.318109511936367,1040.0,1040.0,0,False
2,22,16,-2.652444839477539,1080.0,1080.0,0,False
2,23,6,-10.63174819946289,1140.0,1140.0,0,False
2,24,16,-4.389057887042011,1189.0,1189.0,0,False
2,25,9,-3.9484374485318625,1220.0,1220.0,0,False
2,26,19,-4.879725456237793,1259.0,1259.0,0,False
2,27,6,-13.583366394042969,1302.0,1302.0,0,False
2,28,0,-6.431143760681152,1333.0,1333.0,0,False
2,29,0,-11.886592517018745,1384.0,1384.0,0,False
2,30,19,-24.58173116372556,1440.0,1440.0,0,False
2,31,9,61.795553800794806,1472.0,1472.0,0,False
2,32,8,-30.949249267578125,1508.0,1508.0,0,False
2,33,16,-27.93656236860487,1549.0,1549.0,0,False
2,34,1,-34.87360382080078,1592.0,1592.0,0,False
2,35,14,-45.90494918823242,1634.0,1634.0,0,False
2,36,19,-38.34836450109677,1671.0,1671.0,0,False
2,37,5,-48.55385971069336,1704.0,1704.0,0,False
2,38,3,-40.457679748535156,1734.0,1734.0,0,False
2,39,2,-23.477426528930664,1808.0,1808.0,0,False
2,40,19,-6.5420416082654675,1848.0,1848.0,0,False
2,41,1,-6.420319048563639,1889.0,1889.0,0,False
2,42,13,-14.521283149719238,1947.0,1947.0,0,False
2,43,17,-11.306373596191406,1987.0,1987.0,0,False
2,44,17,-6.498973846435547,2031.0,2031.0,0,False
2,45,3,-11.113473892211914,2086.0,2086.0,0,False
2,46,19,9.706036067217504,2141.0,2141.0,0,False
2,47,10,-12.843099594116211,2197.0,2197.0,0,False
2,48,10,-3.8637990951538086,2230.0,2230.0,0,False
2,49,14,-18.623889923095703,2270.0,2270.0,0,False
2,50,8,-16.915504455566406,2339.0,2339.0,0,False
2,51,17,-24.9810791015625,2409.0,2409.0,0,False
2,52,14,-24.80991554260254,2447.0,2447.0,0,False
2,53,17,18.384938451978897,2480.0,2480.0,0,False
2,54,1,-33.07321548461914,2524.0,2524.0,0,False
2,55,0,-34.957054138183594,2562.0,2562.0,0,False
2,56,12,-25.40285873413086,2643.0,2643.0,0,False
2,57,3,-14.331050872802734,2672.0,2672.0,0,False
2,58,12,-25.343021392822266,2715.0,2715.0,0,False
2,59,12,-11.850676536560059,2783.0,2783.0,0,False
2,60,3,-14.88890266418457,2828.0,2828.0,0,False
2,61,14,-25.13500213623047,2870.0,2870.0,0,False
2,62,13,-24.37712860107422,2906.0,2906.0,0,False
2,63,5,-33.07875442504883,2959.0,2959.0,0,False
2,64,5,-44.38655090332031,3032.0,3032.0,0,False
2,65,12,-33.868614196777344,3074.0,3074.0,0,False
2,66,7,-19.59062385559082,3133.0,3133.0,0,False
2,67,3,-11.895000457763672,3177.0,3177.0,0,False
2,68,5,52.5489387512207,3233.0,3233.0,0,False
2,69,11,-21.204999923706055,3304.0,3304.0,0,False
2,70,14,48.82994079589844,3360.0,3360.0,0,False
2,71,13,-23.84010887145996,3397.0,3397.0,0,False
2,72,8,-16.97333335876465,3440.0,3440.0,0,False
2,73,0,-16.435001373291016,3482.0,3482.0,0,False
2,74,10,-12.410001754760742,3534.0,3534.0,0,False
2,75,3,3.894918918609619,3575.0,3575.0,0,False
2,76,16,-36.125003814697266,3640.0,3640.0,0,False
2,77,10,-37.535003662109375,3677.0,3677.0,0,False
2,78,10,-45.720001220703125,3731.0,3731.0,0,False
2,79,15,-33.45000076293945,3766.0,3766.0,0,False
2,80,2,-46.30833435058594,3806.0,3806.0,0,False
2,81,18,-51.833335876464844,3851.0,3851.0,0,False
2,82,10,-51.76000213623047,3888.0,3888.0,0,False
2,83,6,-52.26166915893555,3927.0,3927.0,0,False
2,84,4,-10.630001068115234,3988.0,3988.0,0,False
2,85,12,14.668258666992188,4056.0,4056.0,0,False
2,86,1,-10.082083702087402,4092.0,4092.0,0,False
2,87,6,-17.131668090820312,4135.0,4135.0,0,False
2,88,18,-17.517866134643555,4172.0,4172.0,0,False
2,89,13,-18.690000534057617,4210.0,4210.0,0,False
2,90,0,7.738924026489258,4242.0,4242.0,0,False
2,91,16,-29.352291107177734,4316.0,4316.0,0,False
2,92,10,-25.610000610351562,4358.0,4358.0,0,False
2,93,8,-35.1683349609375,4385.0,4385.0,0,False
2,94,8,-39.09437561035156,4446.0,4446.0,0,False
2,95,6,-43.64666748046875,4492.0,4492.0,0,False
2,96,18,-47.94766616821289,4525.0,4525.0,0,False
2,97,11,-51.56618881225586,4567.0,4567.0,0,False
2,98,2,-57.08375549316406,4640.0,4640.0,0,False
2,99,6,-56.956668853759766,4678.0,4678.0,0,False
2,100,15,-51.97500228881836,4723.0,4723.0,0,False
2,101,13,-62.69291687011719,4772.0,4772.0,0,False
2,102,16,-39.427085876464844,4812.0,4812.0,0,False
2,103,18,-71.14071655273438,4849.0,4849.0,0,False
2,104,2,-75.93334197998047,4899.0,4899.0,0,False
2,105,6,-84.0029067993164,4934.0,4934.0,0,False
2,106,8,-15.918000221252441,4967.0,4967.0,0,False
2,107,15,-73.83999633789062,5010.0,5010.0,0,False
2,108,13,-85.88384246826172,5060.0,5060.0,0,False
2,109,2,-96.84767150878906,5097.0,5097.0,0,False
2,110,2,-100.782958984375,5133.0,5133.0,0,False
2,111,13,-102.89500427246094,5177.0,5177.0,0,False
2,112,15,-107.16368103027344,5211.0,5211.0,0,False
2,113,6,-53.97916793823242,5256.0,5256.0,0,False
2,114,2,-63.22990417480469,5286.0,5286.0,0,False
2,115,11,-106.74812316894531,5346.0,5346.0,0,False
2,116,13,-97.78487396240234,5387.0,5387.0,0,False
2,117,11,-111.3800048828125,5433.0,5433.0,0,False
2,118,18,-120.33833312988281,5474.0,5474.0,0,False
2,119,10,-96.17277526855469,5523.0,5523.0,0,False
2,120,11,-131.5900115966797,5571.0,5571.0,0,False
2,121,7,-137.3645782470703,5604.0,5604.0,0,False
2,122,11,-145.02513122558594,5652.0,5652.0,0,False
2,123,18,-96.45255279541016,5697.0,5697.0,0,False
2,124,11,-150.4185028076172,5739.0,5739.0,0,False
2,125,15,-135.20504760742188,5789.0,5789.0,0,False
2,126,7,-141.3927001953125,5858.0,5858.0,0,False
2,127,7,-153.48670959472656,5931.0,5931.0,0,False
2,128,4,-145.40000915527344,5966.0,5966.0,0,False
2,129,7,-155.4707794189453,6030.0,6030.0,0,False
2,130,7,-137.65325927734375,6080.0,6080.0,0,False
2,131,4,-157.84201049804688,6120.0,6120.0,0,False
2,132,4,-162.2778778076172,6155.0,6155.0,0,False
2,133,4,-171.22552490234375,6205.0,6205.0,0,False
2,134,4,-171.9456024169922,6247.0,6247.0,0,False
3,1,16,18.026719495985244,38.0,38.0,0,False
3,2,5,-11.913175264994305,114.0,114.0,0,False
3,3,0,-7.472065486702867,179.0,179.0,0,False
3,4,9,-28.051924981011286,236.0,236.0,0,False
3,5,6,-38.07122798495823,296.0,296.0,0,False
3,6,11,-49.55945022181952,367.0,367.0,0,False
3,7,9,-17.70033372508155,392.0,392.0,0,False
3,8,5,-25.936786969502766,420.0,420.0,0,False
3,9,19,-26.431053161621094,464.0,464.0,0,False
3,10,0,-19.5195285120318,495.0,495.0,0,False
3,11,1,-41.15562438964844,551.0,551.0,0,False
3,12,19,-37.944666405113374,596.0,596.0,0,False
3,13,19,12.307252196227612,620.0,620.0,0,False
3,14,9,-7.050739655671297,674.0,674.0,0,False
3,15,1,-4.019927438100179,704.0,704.0,0,False
3,16,19,-8.370495767009501,760.0,760.0,0,False
3,17,17,-10.435611724853516,822.0,822.0,0,False
3,18,1,-4.535361157523262,865.0,865.0,0,False
3,19,6,-5.666223049163818,908.0,908.0,0,False
3,20,16,-8.209646224975586,948.0,948.0,0,False
3,21,9,-17.172658443450928,990.0,990.0,0,False
3,22,8,-22.629505157470703,1070.0,1070.0,0,False
3,23,8,-17.262088775634766,1106.0,1106.0,0,False
3,24,17,-20.653012911478676,1146.0,1146.0,0,False
3,25,10,-18.018972396850586,1202.0,1202.0,0,False
3,26,15,-35.090370178222656,1268.0,1268.0,0,False
3,27,3,-36.04173278808594,1318.0,1318.0,0,False
3,28,18,-58.209571838378906,1373.0,1373.0,0,False
3,29,9,-40.842345352172856,1404.0,1404.0,0,False
3,30,4,-56.78335189819336,1480.0,1480.0,0,False
3,31,19,-46.74248046680373,1517.0,1517.0,0,False
3,32,3,-49.083518981933594,1552.0,1552.0,0,False
3,33,17,-6.645557906892565,1596.0,1596.0,0,False
3,34,14,-18.900630950927734,1659.0,1659.0,0,False
3,35,6,-13.041762351989746,1698.0,1698.0,0,False
3,36,19,-14.56096710639746,1738.0,1738.0,0,False
3,37,8,-29.321800231933594,1807.0,1807.0,0,False
3,38,2,-36.01321792602539,1881.0,1881.0,0,False
3,39,9,-12.45908967477304,1919.0,1919.0,0,False
3,40,6,-19.622360229492188,1962.0,1962.0,0,False
3,41,19,21.85957526604566,2017.0,2017.0,0,False
3,42,14,-17.85089111328125,2050.0,2050.0,0,False
3,43,5,-22.474136352539062,2103.0,2103.0,0,False
3,44,16,-25.579872131347656,2152.0,2152.0,0,False
3,45,6,-29.990394592285156,2198.0,2198.0,0,False
3,46,6,-33.81109619140625,2231.0,2231.0,0,False
3,47,16,-30.64014434814453,2272.0,2272.0,0,False
3,48,14,-42.96650695800781,2322.0,2322.0,0,False
3,49,3,-38.24787139892578,2372.0,2372.0,0,False
3,50,0,-45.38672637939453,2418.0,2418.0,0,False
3,51,0,-42.73556137084961,2456.0,2456.0,0,False
3,52,14,-53.69190979003906,2498.0,2498.0,0,False
3,53,17,-60.2258186340332,2568.0,2568.0,0,False
3,54,2,-61.98423767089844,2608.0,2608.0,0,False
3,55,6,-68.2395248413086,2643.0,2643.0,0,False
3,56,14,-73.26981353759766,2678.0,2678.0,0,False
3,57,2,-74.90394592285156,2751.0,2751.0,0,False
3,58,14,-76.83444213867188,2789.0,2789.0,0,False
3,59,17,-34.11458623674181,2822.0,2822.0,0,False
3,60,7,-21.470001220703125,2881.0,2881.0,0,False
3,61,8,-21.56736183166504,2924.0,2924.0,0,False
3,62,2,-28.783334732055664,2974.0,2974.0,0,False
3,63,0,-28.260473251342773,3016.0,3016.0,0,False
3,64,8,-39.86543655395508,3048.0,3048.0,0,False
3,65,4,-48.72500228881836,3083.0,3083.0,0,False
3,66,9,-50.977420806884766,3114.0,3114.0,0,False
3,67,7,-51.9005241394043,3147.0,3147.0,0,False
3,68,15,-53.07500076293945,3182.0,3182.0,0,False
3,69,10,-58.0150032043457,3215.0,3215.0,0,False
3,70,2,-70.4183349609375,3252.0,3252.0,0,False
3,71,2,-74.56333923339844,3288.0,3288.0,0,False
3,72,5,-47.090003967285156,3361.0,3361.0,0,False
3,73,10,-47.060001373291016,3418.0,3418.0,0,False
3,74,5,6.0293731689453125,3474.0,3474.0,0,False
3,75,0,-19.07657814025879,3506.0,3506.0,0,False
3,76,6,7.030204772949219,3546.0,3546.0,0,False
3,77,1,-62.1300048828125,3587.0,3587.0,0,False
3,78,10,-54.18500518798828,3624.0,3624.0,0,False
3,79,14,-69.14603424072266,3666.0,3666.0,0,False
3,80,18,-70.56198120117188,3716.0,3716.0,0,False
3,81,13,-9.165000915527344,3759.0,3759.0,0,False
3,82,18,-11.043334007263184,3796.0,3796.0,0,False
3,83,14,47.42203140258789,3857.0,3857.0,0,False
3,84,3,-9.125211715698242,3891.0,3891.0,0,False
3,85,9,44.517948150634766,3923.0,3923.0,0,False
3,86,16,-20.625,3988.0,3988.0,0,False
3,87,3,-19.9276180267334,4033.0,4033.0,0,False
3,88,15,-21.775001525878906,4078.0,4078.0,0,False
3,89,3,-21.220001220703125,4117.0,4117.0,0,False
3,90,7,-37.078155517578125,4186.0,4186.0,0,False
3,91,3,-10.63797378540039,4227.0,4227.0,0,False
3,92,2,19.69811248779297,4257.0,4257.0,0,False
3,93,15,-40.7650032043457,4300.0,4300.0,0,False
3,94,1,-51.37000274658203,4344.0,4344.0,0,False
3,95,10,-45.891597747802734,4398.0,4398.0,0,False
3,96,4,-62.37306594848633,4438.0,4438.0,0,False
3,97,12,-19.745092391967773,4519.0,4519.0,0,False
3,98,1,-5.494143962860107,4555.0,4555.0,0,False
3,99,15,-2.536562919616699,4589.0,4589.0,0,False
3,100,12,-8.465001106262207,4632.0,4632.0,0,False
3,101,8,-18.29892349243164,4693.0,4693.0,0,False
3,102,7,-25.690000534057617,4766.0,4766.0,0,False
3,103,16,-36.79500198364258,4840.0,4840.0,0,False
3,104,8,16.810705184936523,4873.0,4873.0,0,False
3,105,12,-51.11187744140625,4941.0,4941.0,0,False
3,106,10,-34.345069885253906,4978.0,4978.0,0,False
3,107,12,-37.35912322998047,5020.0,5020.0,0,False
3,108,13,-48.53943634033203,5056.0,5056.0,0,False
3,109,10,-52.17923355102539,5098.0,5098.0,0,False
3,110,16,-29.498291015625,5138.0,5138.0,0,False
3,111,13,-53.042694091796875,5175.0,5175.0,0,False
3,112,7,-61.951316833496094,5239.0,5239.0,0,False
3,113,12,-44.70207977294922,5307.0,5307.0,0,False
3,114,10,-38.18940353393555,5356.0,5356.0,0,False
3,115,13,-71.41211700439453,5394.0,5394.0,0,False
3,116,18,-76.09834289550781,5427.0,5427.0,0,False
3,117,18,-83.39112091064453,5464.0,5464.0,0,False
3,118,11,-89.158203125,5506.0,5506.0,0,False
3,119,18,-101.10289001464844,5547.0,5547.0,0,False
3,120,7,-86.97404479980469,5597.0,5597.0,0,False
3,121,18,-49.283443450927734,5642.0,5642.0,0,False
3,122,11,-91.47566223144531,5702.0,5702.0,0,False
3,123,11,-97.72235870361328,5748.0,5748.0,0,False
3,124,11,-98.56260681152344,5796.0,5796.0,0,False
3,125,4,-110.62110137939453,5831.0,5831.0,0,False
3,126,13,-113.67935943603516,5880.0,5880.0,0,False
3,127,4,-130.53359985351562,5930.0,5930.0,0,False
3,128,13,-129.13926696777344,5980.0,5980.0,0,False
3,129,15,-112.98372650146484,6030.0,6030.0,0,False
3,130,4,-154.95321655273438,6072.0,6072.0,0,False
3,131,13,-149.5545196533203,6116.0,6116.0,0,False
3,132,13,-147.85964965820312,6157.0,6157.0,0,False
3,133,11,-166.85789489746094,6205.0,6205.0,0,False
3,134,11,-165.46287536621094,6247.0,6247.0,0,False
4,1,15,24.105126968323663,26.0,26.0,0,False
4,2,5,-3.69873873392741,87.0,87.0,0,False
4,3,12,-12.22397483881645,168.0,168.0,0,False
4,4,9,-32.54387633005778,240.0,240.0,0,False
4,5,13,-38.47803654140896,298.0,298.0,0,False
4,6,5,-9.944941467709011,311.0,311.0,0,False
4,7,7,-16.727400907824475,355.0,355.0,0,False
4,8,10,-22.66780662536621,411.0,411.0,0,False
4,9,17,-42.3814181221856,473.0,473.0,0,False
4,10,8,-58.47021484375,553.0,553.0,0,False
4,11,1,-55.07259750366211,594.0,594.0,0,False
4,12,9,-43.50657719506158,634.0,634.0,0,False
4,13,17,-46.133056746588814,674.0,674.0,0,False
4,14,10,-48.82125712500678,707.0,707.0,0,False
4,15,19,-58.73048782348633,766.0,766.0,0,False
4,16,9,0.3519039860478159,805.0,805.0,0,False
4,17,19,-1.6831746101379395,850.0,850.0,0,False
4,18,9,-10.348964511023627,892.0,892.0,0,False
4,19,6,-19.25823211669922,967.0,967.0,0,False
4,20,17,-2.224441395865547,1011.0,1011.0,0,False
4,21,19,-4.429913864654749,1045.0,1045.0,0,False
4,22,19,-16.759291736447082,1101.0,1101.0,0,False
4,23,18,-25.7884521484375,1156.0,1156.0,0,False
4,24,17,-16.61568252245585,1221.0,1221.0,0,False
4,25,1,-3.5647072792053223,1251.0,1251.0,0,False
4,26,3,-7.7304792404174805,1316.0,1316.0,0,False
4,27,19,-6.234912138569111,1353.0,1353.0,0,False
4,28,9,-15.010356657240125,1384.0,1384.0,0,False
4,29,0,-11.703906059265137,1449.0,1449.0,0,False
4,30,1,-5.685878753662109,1492.0,1492.0,0,False
4,31,2,-23.21562957763672,1566.0,1566.0,0,False
4,32,2,-10.620719909667969,1606.0,1606.0,0,False
4,33,3,-9.209342002868652,1641.0,1641.0,0,False
4,34,1,-19.124225680033366,1682.0,1682.0,0,False
4,35,5,-16.92830467224121,1735.0,1735.0,0,False
4,36,1,-15.470903720855713,1779.0,1779.0,0,False
4,37,9,-25.421220835932978,1817.0,1817.0,0,False
4,38,17,18.430114958021377,1850.0,1850.0,0,False
4,39,5,-32.524770418802895,1923.0,1923.0,0,False
4,40,6,-34.91986846923828,1966.0,1966.0,0,False
4,41,9,-38.85415409027584,1997.0,1997.0,0,False
4,42,4,-20.495319366455078,2073.0,2073.0,0,False
4,43,18,-20.280014038085938,2123.0,2123.0,0,False
4,44,3,-5.7811808586120605,2178.0,2178.0,0,False
4,45,18,-18.282724380493164,2215.0,2215.0,0,False
4,46,10,-20.420143127441406,2272.0,2272.0,0,False
4,47,15,-15.832098960876465,2307.0,2307.0,0,False
4,48,16,-19.636024475097656,2385.0,2385.0,0,False
4,49,8,-17.011940002441406,2421.0,2421.0,0,False
4,50,16,-15.370560646057129,2456.0,2456.0,0,False
4,51,5,73.12042507595486,2512.0,2512.0,0,False
4,52,9,68.49923845926921,2544.0,2544.0,0,False
4,53,6,-20.421890258789062,2583.0,2583.0,0,False
4,54,1,10.51969413757324,2619.0,2619.0,0,False
4,55,19,-28.0878963470459,2659.0,2659.0,0,False
4,56,6,-31.086536407470703,2702.0,2702.0,0,False
4,57,8,-36.646480560302734,2771.0,2771.0,0,False
4,58,11,-28.172683715820312,2842.0,2842.0,0,False
4,59,18,-14.273333549499512,2875.0,2875.0,0,False
4,60,0,-12.854999542236328,2911.0,2911.0,0,False
4,61,16,-7.495000839233398,2955.0,2955.0,0,False
4,62,8,-18.97333335876465,2998.0,2998.0,0,False
4,63,13,-21.505001068115234,3034.0,3034.0,0,False
4,64,15,-17.125001907348633,3079.0,3079.0,0,False
4,65,2,-35.048336029052734,3152.0,3152.0,0,False
4,66,19,-28.296831130981445,3207.0,3207.0,0,False
4,67,18,-36.443336486816406,3244.0,3244.0,0,False
4,68,6,-44.30659484863281,3290.0,3290.0,0,False
4,69,13,-38.63166046142578,3327.0,3327.0,0,False
4,70,0,-42.30500411987305,3378.0,3378.0,0,False
4,71,3,-41.970001220703125,3412.0,3412.0,0,False
4,72,16,-48.4763298034668,3453.0,3453.0,0,False
4,73,6,-56.510414123535156,3491.0,3491.0,0,False
4,74,0,-53.915000915527344,3529.0,3529.0,0,False
4,75,8,-65.83499145507812,3561.0,3561.0,0,False
4,76,13,-68.66500854492188,3599.0,3599.0,0,False
4,77,2,-79.05834197998047,3649.0,3649.0,0,False
4,78,6,-85.0666732788086,3684.0,3684.0,0,False
4,79,11,-95.00009155273438,3726.0,3726.0,0,False
4,80,2,-96.09333801269531,3763.0,3763.0,0,False
4,81,8,-81.63833618164062,3829.0,3829.0,0,False
4,82,16,-83.52500915527344,3889.0,3889.0,0,False
4,83,10,-89.20999908447266,3926.0,3926.0,0,False
4,84,16,-104.57032012939453,4000.0,4000.0,0,False
4,85,8,-49.3242073059082,4033.0,4033.0,0,False
4,86,0,-92.08499908447266,4075.0,4075.0,0,False
4,87,18,-105.17091369628906,4116.0,4116.0,0,False
4,88,7,-107.29369354248047,4149.0,4149.0,0,False
4,89,16,-75.19329071044922,4184.0,4184.0,0,False
4,90,0,-74.13778686523438,4216.0,4216.0,0,False
4,91,6,-48.78762435913086,4256.0,4256.0,0,False
4,92,13,-117.79500579833984,4305.0,4305.0,0,False
4,93,10,-107.05062103271484,4354.0,4354.0,0,False
4,94,7,-127.6522445678711,4423.0,4423.0,0,False
4,95,14,-27.636953353881836,4486.0,4486.0,0,False
4,96,2,-12.41333293914795,4527.0,4527.0,0,False
4,97,2,44.16106033325195,4557.0,4557.0,0,False
4,98,14,-23.70098876953125,4590.0,4590.0,0,False
4,99,3,-22.759931564331055,4635.0,4635.0,0,False
4,100,18,25.841915130615234,4680.0,4680.0,0,False
4,101,10,-35.73628616333008,4717.0,4717.0,0,False
4,102,11,-31.905174255371094,4777.0,4777.0,0,False
4,103,3,-26.97075843811035,4821.0,4821.0,0,False
4,104,12,-31.424509048461914,4864.0,4864.0,0,False
4,105,10,-38.64866638183594,4906.0,4906.0,0,False
4,106,3,-7.480407238006592,4947.0,4947.0,0,False
4,107,15,-37.22777557373047,4990.0,4990.0,0,False
4,108,14,-47.16230010986328,5040.0,5040.0,0,False
4,109,15,-43.96787643432617,5074.0,5074.0,0,False
4,110,11,-61.11674118041992,5120.0,5120.0,0,False
4,111,13,-59.14366149902344,5170.0,5170.0,0,False
4,112,15,-37.524169921875,5220.0,5220.0,0,False
4,113,10,-44.6076774597168,5269.0,5269.0,0,False
4,114,14,-70.34951782226562,5311.0,5311.0,0,False
4,115,7,-73.87020111083984,5384.0,5384.0,0,False
4,116,14,-75.53849792480469,5424.0,5424.0,0,False
4,117,12,-73.76642608642578,5492.0,5492.0,0,False
4,118,7,-88.25775146484375,5556.0,5556.0,0,False
4,119,13,-95.5289306640625,5600.0,5600.0,0,False
4,120,14,-99.01911163330078,5643.0,5643.0,0,False
4,121,7,-81.93762969970703,5693.0,5693.0,0,False
4,122,11,-111.77571868896484,5741.0,5741.0,0,False
4,123,11,-153.3566131591797,5784.0,5784.0,0,False
4,124,11,-119.07005310058594,5826.0,5826.0,0,False
4,125,14,-112.75797271728516,5868.0,5868.0,0,False
4,126,14,-47.80085754394531,5924.0,5924.0,0,False
4,127,4,-109.95093536376953,5959.0,5959.0,0,False
4,128,4,-113.89411926269531,5999.0,5999.0,0,False
4,129,12,-119.29670715332031,6041.0,6041.0,0,False
4,130,12,-100.01953887939453,6109.0,6109.0,0,False
4,131,4,-125.38247680664062,6144.0,6144.0,0,False
4,132,4,-128.97500610351562,6194.0,6194.0,0,False
4,133,13,-133.25149536132812,6235.0,6235.0,0,False
4,134,4,-144.5084228515625,6277.0,6277.0,0,False
5,1,2,12.872704672030348,34.0,34.0,0,False
5,2,12,5.658705166074892,100.0,100.0,0,False
5,3,6,-21.72088411119249,175.0,175.0,0,False
5,4,6,-0.8208660840988173,198.0,198.0,0,False
5,5,9,-16.369954427083336,255.0,255.0,0,False
5,6,19,-26.01604280666429,314.0,314.0,0,False
5,7,1,-34.5954221089681,370.0,370.0,0,False
5,8,1,-19.567572752634685,400.0,400.0,0,False
5,9,9,-31.118020905388725,445.0,445.0,0,False
5,10,5,-44.4548618528578,521.0,521.0,0,False
5,11,18,-51.874637603759766,576.0,576.0,0,False
5,12,6,-1.0602470768822556,600.0,600.0,0,False
5,13,9,-11.49246551019174,649.0,649.0,0,False
5,14,19,-2.896137733848727,694.0,694.0,0,False
5,15,17,-9.239212036132812,756.0,756.0,0,False
5,16,9,-7.908890692392985,798.0,798.0,0,False
5,17,1,1.3663599067264123,841.0,841.0,0,False
5,18,16,-12.486455917358398,919.0,919.0,0,False
5,19,9,-4.77867931789822,950.0,950.0,0,False
5,20,1,-7.496202977498372,991.0,991.0,0,False
5,21,17,-15.231571621365017,1031.0,1031.0,0,False
5,22,5,-25.196854379442,1064.0,1064.0,0,False
5,23,19,-8.628572981373793,1103.0,1103.0,0,False
5,24,9,-14.890337230541089,1141.0,1141.0,0,False
5,25,1,-18.21330842971802,1185.0,1185.0,0,False
5,26,18,-30.883007049560547,1235.0,1235.0,0,False
5,27,13,-9.006643295288086,1278.0,1278.0,0,False
5,28,15,-22.143043518066406,1344.0,1344.0,0,False
5,29,10,-33.46757888793945,1415.0,1415.0,0,False
5,30,19,-15.960257948661337,1471.0,1471.0,0,False
5,31,5,-28.468728648291695,1524.0,1524.0,0,False
5,32,9,-10.865317223564027,1555.0,1555.0,0,False
5,33,19,-13.76758339356403,1592.0,1592.0,0,False
5,34,10,-15.634305000305176,1625.0,1625.0,0,False
5,35,17,-17.57533021326418,1669.0,1669.0,0,False
5,36,6,-26.015544891357422,1712.0,1712.0,0,False
5,37,15,-23.75583267211914,1747.0,1747.0,0,False
5,38,18,-29.507373809814453,1784.0,1784.0,0,False
5,39,18,-33.09807205200195,1817.0,1817.0,0,False
5,40,1,1.7690650516086137,1853.0,1853.0,0,False
5,41,18,-38.6708711980249,1890.0,1890.0,0,False
5,42,5,-47.39430565304227,1963.0,1963.0,0,False
5,43,17,-53.89474206500583,2033.0,2033.0,0,False
5,44,19,-59.96582950377951,2073.0,2073.0,0,False
5,45,5,17.807605764600964,2129.0,2129.0,0,False
5,46,9,26.91142334408231,2161.0,2161.0,0,False
5,47,8,-14.584623336791992,2226.0,2226.0,0,False
5,48,18,-14.585643848393172,2267.0,2267.0,0,False
5,49,17,28.322847578260635,2300.0,2300.0,0,False
5,50,7,-16.085308074951172,2344.0,2344.0,0,False
5,51,19,23.928107331167503,2399.0,2399.0,0,False
5,52,8,-10.740721702575684,2435.0,2435.0,0,False
5,53,11,-17.306922912597656,2506.0,2506.0,0,False
5,54,13,-7.3563690185546875,2537.0,2537.0,0,False
5,55,10,-5.007122993469238,2594.0,2594.0,0,False
5,56,8,-20.585601806640625,2658.0,2658.0,0,False
5,57,15,-21.91049575805664,2703.0,2703.0,0,False
5,58,12,-17.392467498779297,2746.0,2746.0,0,False
5,59,8,-30.917774200439453,2789.0,2789.0,0,False
5,60,6,-38.92496109008789,2835.0,2835.0,0,False
5,61,3,-21.47500228881836,2900.0,2900.0,0,False
5,62,8,-23.068334579467773,2932.0,2932.0,0,False
5,63,3,-21.5,2967.0,2967.0,0,False
5,64,16,-31.525001525878906,3007.0,3007.0,0,False
5,65,4,-46.58000183105469,3083.0,3083.0,0,False
5,66,13,-10.684999465942383,3120.0,3120.0,0,False
5,67,3,-15.024999618530273,3175.0,3175.0,0,False
5,68,10,-20.485000610351562,3212.0,3212.0,0,False
5,69,18,42.04169464111328,3257.0,3257.0,0,False
5,70,15,-19.09000015258789,3300.0,3300.0,0,False
5,71,4,-34.80000305175781,3335.0,3335.0,0,False
5,72,7,-33.2400016784668,3368.0,3368.0,0,False
5,73,4,-32.82500076293945,3408.0,3408.0,0,False
5,74,3,-25.64608383178711,3442.0,3442.0,0,False
5,75,3,-32.45000076293945,3487.0,3487.0,0,False
5,76,16,-36.809852600097656,3536.0,3536.0,0,False
5,77,13,-39.8650016784668,3574.0,3574.0,0,False
5,78,4,-51.60000228881836,3609.0,3609.0,0,False
5,79,3,-47.74500274658203,3653.0,3653.0,0,False
5,80,3,-16.206205368041992,3694.0,3694.0,0,False
5,81,14,-22.077713012695312,3757.0,3757.0,0,False
5,82,16,-12.594598770141602,3798.0,3798.0,0,False
5,83,13,-10.451050758361816,3847.0,3847.0,0,False
5,84,10,-9.652809143066406,3901.0,3901.0,0,False
5,85,2,-19.33784294128418,3941.0,3941.0,0,False
5,86,16,-18.732715606689453,4001.0,4001.0,0,False
5,87,12,-28.030668258666992,4069.0,4069.0,0,False
5,88,12,-25.456748962402344,4111.0,4111.0,0,False
5,89,6,-38.80466842651367,4149.0,4149.0,0,False
5,90,2,-39.77333450317383,4217.0,4217.0,0,False
5,91,13,-41.818572998046875,4267.0,4267.0,0,False
5,92,6,-50.924503326416016,4302.0,4302.0,0,False
5,93,4,-62.66667175292969,4352.0,4352.0,0,False
5,94,16,-54.345001220703125,4426.0,4426.0,0,False
5,95,6,4.802253723144531,4471.0,4471.0,0,False
5,96,7,-62.56844711303711,4540.0,4540.0,0,False
5,97,8,-75.18036651611328,4606.0,4606.0,0,False
5,98,8,-17.27524185180664,4639.0,4639.0,0,False
5,99,15,-67.94064331054688,4673.0,4673.0,0,False
5,100,7,-77.55332946777344,4746.0,4746.0,0,False
5,101,2,-85.00470733642578,4796.0,4796.0,0,False
5,102,7,-85.34500122070312,4860.0,4860.0,0,False
5,103,4,-99.75814819335938,4902.0,4902.0,0,False
5,104,2,-98.0927734375,4939.0,4939.0,0,False
5,105,7,-84.72134399414062,4989.0,4989.0,0,False
5,106,12,-73.31348419189453,5057.0,5057.0,0,False
5,107,15,-73.72034454345703,5107.0,5107.0,0,False
5,108,13,-109.15287017822266,5151.0,5151.0,0,False
5,109,2,-120.31993865966797,5192.0,5192.0,0,False
5,110,10,-116.23500061035156,5229.0,5229.0,0,False
5,111,10,-117.53500366210938,5266.0,5266.0,0,False
5,112,2,-75.97109985351562,5296.0,5296.0,0,False
5,113,13,-129.66421508789062,5337.0,5337.0,0,False
5,114,10,-111.7432861328125,5381.0,5381.0,0,False
5,115,0,-25.40058135986328,5446.0,5446.0,0,False
5,116,16,16.727535247802734,5486.0,5486.0,0,False
5,117,14,-9.326224327087402,5519.0,5519.0,0,False
5,118,11,-9.651910781860352,5561.0,5561.0,0,False
5,119,0,-17.553722381591797,5597.0,5597.0,0,False
5,120,14,-21.953630447387695,5647.0,5647.0,0,False
5,121,14,-24.31438446044922,5689.0,5689.0,0,False
5,122,14,-24.3582763671875,5729.0,5729.0,0,False
5,123,0,-21.28274154663086,5780.0,5780.0,0,False
5,124,11,-31.424999237060547,5840.0,5840.0,0,False
5,125,11,-37.889732360839844,5886.0,5886.0,0,False
5,126,11,-41.49024963378906,5934.0,5934.0,0,False
5,127,14,-50.734745025634766,5977.0,5977.0,0,False
5,128,14,-48.46796417236328,6019.0,6019.0,0,False
5,129,14,2.3815126419067383,6075.0,6075.0,0,False
5,130,0,-54.52498245239258,6113.0,6113.0,0,False
5,131,0,-57.01728057861328,6155.0,6155.0,0,False
5,132,0,-41.22789764404297,6187.0,6187.0,0,False
5,133,11,-73.79054260253906,6235.0,6235.0,0,False
5,134,11,-71.63385009765625,6277.0,6277.0,0,False
6,1,19,21.254204180775858,19.0,19.0,0,False
6,2,1,-1.0770444869995117,75.0,75.0,0,False
6,3,9,-17.03720868428548,147.0,147.0,0,False
6,4,6,-23.231511878967286,207.0,207.0,0,False
6,5,10,-31.208268886142307,278.0,278.0,0,False
6,6,11,-52.58211963625584,349.0,349.0,0,False
6,7,9,-16.149042640791997,374.0,374.0,0,False
6,8,17,-22.12769121593899,421.0,421.0,0,False
6,9,1,-23.892063681284586,451.0,451.0,0,False
6,10,9,5.466158619633427,490.0,490.0,0,False
6,11,1,-1.24488713476393,533.0,533.0,0,False
6,12,9,-6.659566296471489,575.0,575.0,0,False
6,13,18,-10.053509712219238,630.0,630.0,0,False
6,14,1,-2.0538109461466476,671.0,671.0,0,False
6,15,9,-10.657006797790528,702.0,702.0,0,False
6,16,16,-21.404268264770508,780.0,780.0,0,False
6,17,11,-22.91061019897461,822.0,822.0,0,False
6,18,5,-35.25828552246094,898.0,898.0,0,False
6,19,15,-27.820274353027344,949.0,949.0,0,False
6,20,18,-34.654972076416016,999.0,999.0,0,False
6,21,1,-36.37757216771443,1043.0,1043.0,0,False
6,22,17,-44.60474650065104,1083.0,1083.0,0,False
6,23,18,-10.490136664440158,1120.0,1120.0,0,False
6,24,18,-13.210419558503133,1153.0,1153.0,0,False
6,25,19,-18.741464614868164,1198.0,1198.0,0,False
6,26,18,-25.819859209572872,1235.0,1235.0,0,False
6,27,17,-20.427920668213456,1279.0,1279.0,0,False
6,28,11,-34.83177185058594,1334.0,1334.0,0,False
6,29,18,-29.333577264198766,1370.0,1370.0,0,False
6,30,4,-14.617024421691895,1446.0,1446.0,0,False
6,31,14,-28.85654067993164,1509.0,1509.0,0,False
6,32,16,-15.041631698608398,1549.0,1549.0,0,False
6,33,9,-23.55102382236057,1587.0,1587.0,0,False
6,34,16,-8.401204109191895,1636.0,1636.0,0,False
6,35,10,-7.031904220581055,1669.0,1669.0,0,False
6,36,17,-17.404909504784477,1739.0,1739.0,0,False
6,37,7,-16.512821197509766,1798.0,1798.0,0,False
6,38,16,-12.128539085388184,1839.0,1839.0,0,False
6,39,6,-10.997177124023438,1882.0,1882.0,0,False
6,40,9,-14.798131319076296,1913.0,1913.0,0,False
6,41,4,-17.561912536621094,1948.0,1948.0,0,False
6,42,6,-17.89303970336914,1987.0,1987.0,0,False
6,43,15,-13.978328704833984,2022.0,2022.0,0,False
6,44,9,61.0371539009942,2054.0,2054.0,0,False
6,45,18,51.08744562565083,2099.0,2099.0,0,False
6,46,16,-29.57740020751953,2164.0,2164.0,0,False
6,47,2,-22.77215003967285,2238.0,2238.0,0,False
6,48,13,-28.88520050048828,2296.0,2296.0,0,False
6,49,5,-18.620899200439453,2329.0,2329.0,0,False
6,50,8,-26.005002975463867,2394.0,2394.0,0,False
6,51,1,29.305829789903427,2425.0,2425.0,0,False
6,52,11,-14.859970092773438,2471.0,2471.0,0,False
6,53,4,-10.355060577392578,2511.0,2511.0,0,False
6,54,19,-11.366387367248535,2545.0,2545.0,0,False
6,55,17,28.47235524919298,2578.0,2578.0,0,False
6,56,13,-21.564668655395508,2614.0,2614.0,0,False
6,57,6,-31.958309173583984,2657.0,2657.0,0,False
6,58,16,-30.313058853149414,2731.0,2731.0,0,False
6,59,11,-41.13888168334961,2779.0,2779.0,0,False
6,60,19,-37.258296966552734,2835.0,2835.0,0,False
6,61,12,-18.755001068115234,2916.0,2916.0,0,False
6,62,8,-15.488333702087402,2952.0,2952.0,0,False
6,63,4,-17.900001525878906,2987.0,2987.0,0,False
6,64,15,-8.05000114440918,3032.0,3032.0,0,False
6,65,8,-25.353334426879883,3101.0,3101.0,0,False
6,66,10,-21.985000610351562,3153.0,3153.0,0,False
6,67,10,-31.71053123474121,3190.0,3190.0,0,False
6,68,2,-30.58333396911621,3230.0,3230.0,0,False
6,69,0,-17.400001525878906,3310.0,3310.0,0,False
6,70,2,-19.898334503173828,3383.0,3383.0,0,False
6,71,13,-22.43693733215332,3420.0,3420.0,0,False
6,72,10,-26.6200008392334,3474.0,3474.0,0,False
6,73,11,-51.11499786376953,3522.0,3522.0,0,False
6,74,11,-27.397615432739258,3564.0,3564.0,0,False
6,75,5,-31.024600982666016,3617.0,3617.0,0,False
6,76,14,-33.13999938964844,3650.0,3650.0,0,False
6,77,19,-34.21000289916992,3687.0,3687.0,0,False
6,78,16,-9.960245132446289,3727.0,3727.0,0,False
6,79,19,-39.23340606689453,3767.0,3767.0,0,False
6,80,7,-39.3900032043457,3800.0,3800.0,0,False
6,81,15,-41.8900032043457,3843.0,3843.0,0,False
6,82,6,-56.54228210449219,3889.0,3889.0,0,False
6,83,2,-63.15833282470703,3939.0,3939.0,0,False
6,84,19,-38.11863327026367,3989.0,3989.0,0,False
6,85,10,-52.160003662109375,4026.0,4026.0,0,False
6,86,3,-4.48087215423584,4076.0,4076.0,0,False
6,87,5,-17.974233627319336,4149.0,4149.0,0,False
6,88,13,-10.864999771118164,4187.0,4187.0,0,False
6,89,13,-19.0517578125,4236.0,4236.0,0,False
6,90,2,-26.593334197998047,4273.0,4273.0,0,False
6,91,3,-25.57210922241211,4308.0,4308.0,0,False
6,92,15,-30.55923843383789,4342.0,4342.0,0,False
6,93,10,-36.794281005859375,4384.0,4384.0,0,False
6,94,15,-17.723983764648438,4434.0,4434.0,0,False
6,95,5,30.777746200561523,4490.0,4490.0,0,False
6,96,14,-44.76754379272461,4540.0,4540.0,0,False
6,97,10,-10.766831398010254,4589.0,4589.0,0,False
6,98,0,-41.78866958618164,4625.0,4625.0,0,False
6,99,13,-54.40031433105469,4675.0,4675.0,0,False
6,100,6,-63.19551086425781,4713.0,4713.0,0,False
6,101,2,-68.05805969238281,4754.0,4754.0,0,False
6,102,7,-58.858211517333984,4823.0,4823.0,0,False
6,103,2,-1.4680395126342773,4853.0,4853.0,0,False
6,104,7,-68.36433410644531,4926.0,4926.0,0,False
6,105,8,-71.63040161132812,4969.0,4969.0,0,False
6,106,6,-78.50521087646484,5004.0,5004.0,0,False
6,107,4,-81.41249084472656,5054.0,5054.0,0,False
6,108,12,-83.42835998535156,5097.0,5097.0,0,False
6,109,3,-85.02040100097656,5152.0,5152.0,0,False
6,110,8,-95.49842071533203,5184.0,5184.0,0,False
6,111,7,-93.80736541748047,5248.0,5248.0,0,False
6,112,8,-104.28563690185547,5309.0,5309.0,0,False
6,113,8,-47.19248580932617,5342.0,5342.0,0,False
6,114,7,-88.83961486816406,5392.0,5392.0,0,False
6,115,13,-106.11553955078125,5436.0,5436.0,0,False
6,116,6,-53.66996765136719,5481.0,5481.0,0,False
6,117,12,-106.91699981689453,5549.0,5549.0,0,False
6,118,4,-111.22970581054688,5591.0,5591.0,0,False
6,119,13,-111.73590087890625,5632.0,5632.0,0,False
6,120,12,-123.03902435302734,5674.0,5674.0,0,False
6,121,14,-126.1997299194336,5716.0,5716.0,0,False
6,122,14,-129.9487762451172,5756.0,5756.0,0,False
6,123,12,-103.33262634277344,5824.0,5824.0,0,False
6,124,0,-134.64096069335938,5875.0,5875.0,0,False
6,125,14,-143.39752197265625,5913.0,5913.0,0,False
6,126,14,-147.92042541503906,5955.0,5955.0,0,False
6,127,0,-141.73785400390625,5993.0,5993.0,0,False
6,128,0,-149.99034118652344,6035.0,6035.0,0,False
6,129,0,-133.42247009277344,6067.0,6067.0,0,False
6,130,14,-106.17150115966797,6123.0,6123.0,0,False
6,131,3,-161.56201171875,6157.0,6157.0,0,False
6,132,3,-168.68124389648438,6202.0,6202.0,0,False
6,133,3,-171.94699096679688,6241.0,6241.0,0,False
6,134,3,-139.77444458007812,6277.0,6277.0,0,False
7,1,16,18.026719495985244,38.0,38.0,0,False
7,2,19,-4.8806412171344355,97.0,97.0,0,False
7,3,18,-16.818664809322115,152.0,152.0,0,False
7,4,5,-30.446350415547688,228.0,228.0,0,False
7,5,9,-36.22210375467936,285.0,285.0,0,False
7,6,9,-10.63334227932824,310.0,310.0,0,False
7,7,6,-26.798755645751953,370.0,370.0,0,False
7,8,7,-36.03683272381782,429.0,429.0,0,False
7,9,18,-31.153923787119446,479.0,479.0,0,False
7,10,13,-31.02743148803711,522.0,522.0,0,False
7,11,1,-37.39815139770508,563.0,563.0,0,False
7,12,1,-35.93280318578084,593.0,593.0,0,False
7,13,18,7.94871203475596,615.0,615.0,0,False
7,14,18,-0.1520900470216553,648.0,648.0,0,False
7,15,1,-0.5978843000200058,691.0,691.0,0,False
7,16,5,-9.053027682834202,724.0,724.0,0,False
7,17,17,-8.50802993774414,786.0,786.0,0,False
7,18,9,-6.274680561489529,840.0,840.0,0,False
7,19,18,-2.347817310225933,877.0,877.0,0,False
7,20,9,-10.500900279151068,919.0,919.0,0,False
7,21,8,-18.779972076416016,999.0,999.0,0,False
7,22,11,-27.201171875,1070.0,1070.0,0,False
7,23,18,-17.834513274401758,1111.0,1111.0,0,False
7,24,0,-27.67707061767578,1191.0,1191.0,0,False
7,25,1,-25.429457728068034,1232.0,1232.0,0,False
7,26,18,47.914370332271204,1277.0,1277.0,0,False
7,27,11,-39.90736389160156,1319.0,1319.0,0,False
7,28,11,-11.90999698638916,1379.0,1379.0,0,False
7,29,19,-10.535087585449219,1419.0,1419.0,0,False
7,30,15,0.0729207992553711,1470.0,1470.0,0,False
7,31,6,-12.170717239379883,1513.0,1513.0,0,False
7,32,15,-4.857870101928711,1543.0,1543.0,0,False
7,33,14,-20.942977905273438,1591.0,1591.0,0,False
7,34,6,-7.734107971191406,1630.0,1630.0,0,False
7,35,1,-4.455040493011475,1674.0,1674.0,0,False
7,36,6,-16.018678665161133,1717.0,1717.0,0,False
7,37,11,-19.52586555480957,1763.0,1763.0,0,False
7,38,9,-27.928646074930825,1794.0,1794.0,0,False
7,39,17,-30.54540252685547,1834.0,1834.0,0,False
7,40,17,-20.86300277709961,1878.0,1878.0,0,False
7,41,11,-26.07034824016916,1926.0,1926.0,0,False
7,42,17,-32.17229615317451,1996.0,1996.0,0,False
7,43,2,-22.701770782470703,2070.0,2070.0,0,False
7,44,17,36.58002974192301,2103.0,2103.0,0,False
7,45,7,-13.634836196899414,2136.0,2136.0,0,False
7,46,9,-23.240341186523438,2174.0,2174.0,0,False
7,47,10,-23.98820686340332,2245.0,2245.0,0,False
7,48,2,-26.566633224487305,2285.0,2285.0,0,False
7,49,9,-31.85560141063872,2316.0,2316.0,0,False
7,50,8,-36.97365951538086,2352.0,2352.0,0,False
7,51,5,-19.023571014404297,2405.0,2405.0,0,False
7,52,13,-12.263016700744629,2436.0,2436.0,0,False
7,53,1,14.501069132486982,2472.0,2472.0,0,False
7,54,13,-23.828805923461914,2509.0,2509.0,0,False
7,55,11,-27.128915786743164,2557.0,2557.0,0,False
7,56,11,-4.766417665578167,2599.0,2599.0,0,False
7,57,2,-39.48438262939453,2672.0,2672.0,0,False
7,58,9,45.87665422227647,2704.0,2704.0,0,False
7,59,2,-47.405818939208984,2754.0,2754.0,0,False
7,60,14,-54.12318420410156,2787.0,2787.0,0,False
7,61,3,-20.200000762939453,2852.0,2852.0,0,False
7,62,19,-10.170000076293945,2891.0,2891.0,0,False
7,63,8,-23.503334045410156,2960.0,2960.0,0,False
7,64,10,-9.71500015258789,2993.0,2993.0,0,False
7,65,6,-24.346668243408203,3039.0,3039.0,0,False
7,66,13,-26.340002059936523,3077.0,3077.0,0,False
7,67,6,-35.7066650390625,3115.0,3115.0,0,False
7,68,6,-38.91666793823242,3145.0,3145.0,0,False
7,69,13,-43.94511413574219,3194.0,3194.0,0,False
7,70,2,-52.26833724975586,3231.0,3231.0,0,False
7,71,8,-58.74833297729492,3274.0,3274.0,0,False
7,72,19,-39.58698272705078,3330.0,3330.0,0,False
7,73,13,-44.10016632080078,3380.0,3380.0,0,False
7,74,10,-43.685001373291016,3437.0,3437.0,0,False
7,75,15,-50.375,3482.0,3482.0,0,False
7,76,2,-56.962554931640625,3523.0,3523.0,0,False
7,77,10,-51.4407844543457,3560.0,3560.0,0,False
7,78,0,-55.43000411987305,3596.0,3596.0,0,False
7,79,6,-4.2390851974487305,3641.0,3641.0,0,False
7,80,10,-62.54500198364258,3695.0,3695.0,0,False
7,81,10,-65.20999908447266,3732.0,3732.0,0,False
7,82,8,-74.80613708496094,3759.0,3759.0,0,False
7,83,10,-70.57828521728516,3796.0,3796.0,0,False
7,84,15,-81.29000854492188,3839.0,3839.0,0,False
7,85,19,-90.80999755859375,3876.0,3876.0,0,False
7,86,19,-82.0,3916.0,3916.0,0,False
7,87,8,-95.21830749511719,3982.0,3982.0,0,False
7,88,15,-86.28313446044922,4016.0,4016.0,0,False
7,89,7,-97.0323257446289,4085.0,4085.0,0,False
7,90,16,-98.92500305175781,4125.0,4125.0,0,False
7,91,7,-105.8502197265625,4198.0,4198.0,0,False
7,92,12,-19.134777069091797,4279.0,4279.0,0,False
7,93,0,-14.266002655029297,4330.0,4330.0,0,False
7,94,10,19.778785705566406,4379.0,4379.0,0,False
7,95,15,12.378512382507324,4429.0,4429.0,0,False
7,96,3,-27.648147583007812,4464.0,4464.0,0,False
7,97,8,40.638885498046875,4502.0,4502.0,0,False
7,98,14,-29.456621170043945,4552.0,4552.0,0,False
7,99,7,-34.59942626953125,4616.0,4616.0,0,False
7,100,5,-50.24196243286133,4689.0,4689.0,0,False
7,101,5,10.04887580871582,4745.0,4745.0,0,False
7,102,13,-39.77000427246094,4789.0,4789.0,0,False
7,103,14,-46.01000213623047,4831.0,4831.0,0,False
7,104,16,-50.08666229248047,4880.0,4880.0,0,False
7,105,7,-34.615516662597656,4930.0,4930.0,0,False
7,106,19,-46.435394287109375,4985.0,4985.0,0,False
7,107,14,-61.360233306884766,5025.0,5025.0,0,False
7,108,2,-2.8489532470703125,5055.0,5055.0,0,False
7,109,0,-67.7018814086914,5093.0,5093.0,0,False
7,110,14,-82.62661743164062,5136.0,5136.0,0,False
7,111,13,-72.86095428466797,5177.0,5177.0,0,False
7,112,12,-89.75157928466797,5220.0,5220.0,0,False
7,113,16,-79.89530944824219,5261.0,5261.0,0,False
7,114,16,-88.53245544433594,5326.0,5326.0,0,False
7,115,16,-88.85665893554688,5395.0,5395.0,0,False
7,116,3,-106.91542053222656,5450.0,5450.0,0,False
7,117,14,-113.2276382446289,5492.0,5492.0,0,False
7,118,4,-33.290863037109375,5568.0,5568.0,0,False
7,119,16,-8.659893035888672,5608.0,5608.0,0,False
7,120,4,-7.207798004150391,5643.0,5643.0,0,False
7,121,12,-7.243302822113037,5711.0,5711.0,0,False
7,122,12,-9.304054260253906,5753.0,5753.0,0,False
7,123,3,-23.24038314819336,5787.0,5787.0,0,False
7,124,14,41.74106216430664,5848.0,5848.0,0,False
7,125,4,-29.680191040039062,5888.0,5888.0,0,False
7,126,4,-30.58413314819336,5923.0,5923.0,0,False
7,127,3,-43.4711799621582,5968.0,5968.0,0,False
7,128,3,-47.58799743652344,6007.0,6007.0,0,False
7,129,0,-48.1502799987793,6044.0,6044.0,0,False
7,130,12,-22.32025146484375,6112.0,6112.0,0,False
7,131,4,-48.304256439208984,6162.0,6162.0,0,False
7,132,3,-22.285850524902344,6203.0,6203.0,0,False
7,133,4,-61.65365982055664,6245.0,6245.0,0,False
7,134,0,-42.42837142944336,6277.0,6277.0,0,False
8,1,16,18.026719495985244,38.0,38.0,0,False
8,2,1,5.092112986246747,79.0,79.0,0,False
8,3,8,-11.718659305572508,144.0,144.0,0,False
8,4,12,-21.49291185045259,225.0,225.0,0,False
8,5,9,-42.04796676635742,297.0,297.0,0,False
8,6,9,-11.667536335521273,322.0,322.0,0,False
8,7,9,7.044853259899,361.0,361.0,0,False
8,8,8,-0.6272192425198035,397.0,397.0,0,False
8,9,11,-8.5885591506958,468.0,468.0,0,False
8,10,11,-3.148792849776214,510.0,510.0,0,False
8,11,9,-12.39124968846639,552.0,552.0,0,False
8,12,5,-26.38892364501953,628.0,628.0,0,False
8,13,1,-14.369408003489177,658.0,658.0,0,False
8,14,6,-27.78204345703125,718.0,718.0,0,False
8,15,1,0.6887627548641628,761.0,761.0,0,False
8,16,1,1.2361014048258454,802.0,802.0,0,False
8,17,18,-11.255898475646973,857.0,857.0,0,False
8,18,19,-17.624574661254883,916.0,916.0,0,False
8,19,4,-20.627838134765625,977.0,977.0,0,False
8,20,10,-34.72737503051758,1048.0,1048.0,0,False
8,21,9,-21.71626303778754,1079.0,1079.0,0,False
8,22,4,-25.1187744140625,1114.0,1114.0,0,False
8,23,7,-25.311372756958008,1158.0,1158.0,0,False
8,24,7,-28.842073440551758,1191.0,1191.0,0,False
8,25,9,-36.723502448753074,1229.0,1229.0,0,False
8,26,2,-48.98565673828125,1303.0,1303.0,0,False
8,27,13,-55.09870910644531,1361.0,1361.0,0,False
8,28,7,-9.338850975036621,1425.0,1425.0,0,False
8,29,14,-29.33837127685547,1488.0,1488.0,0,False
8,30,6,-10.672008514404297,1531.0,1531.0,0,False
8,31,16,-13.215433120727539,1571.0,1571.0,0,False
8,32,11,-10.453067779541016,1631.0,1631.0,0,False
8,33,18,-17.767765045166016,1681.0,1681.0,0,False
8,34,0,-16.400203704833984,1746.0,1746.0,0,False
8,35,6,-10.381333351135254,1785.0,1785.0,0,False
8,36,14,-9.770366668701172,1818.0,1818.0,0,False
8,37,17,-14.664257049560547,1880.0,1880.0,0,False
8,38,1,-10.978522497812907,1924.0,1924.0,0,False
8,39,1,28.118339644538032,1960.0,1960.0,0,False
8,40,4,-11.404528617858887,2000.0,2000.0,0,False
8,41,17,-13.179619789123535,2040.0,2040.0,0,False
8,42,19,-15.154708862304688,2080.0,2080.0,0,False
8,43,5,-29.005409240722656,2113.0,2113.0,0,False
8,44,18,-23.391952514648438,2150.0,2150.0,0,False
8,45,6,-29.422256469726562,2193.0,2193.0,0,False
8,46,13,-31.32317352294922,2229.0,2229.0,0,False
8,47,18,-39.27720642089844,2262.0,2262.0,0,False
8,48,15,-19.230270385742188,2328.0,2328.0,0,False
8,49,16,-11.171006202697754,2377.0,2377.0,0,False
8,50,2,-12.809431076049805,2417.0,2417.0,0,False
8,51,17,-12.593697547912598,2461.0,2461.0,0,False
8,52,11,-17.71255111694336,2507.0,2507.0,0,False
8,53,5,-25.795795440673828,2560.0,2560.0,0,False
8,54,3,-7.162158966064453,2610.0,2610.0,0,False
8,55,14,-18.1403865814209,2655.0,2655.0,0,False
8,56,2,-29.224510192871094,2728.0,2728.0,0,False
8,57,8,-39.94279098510742,2797.0,2797.0,0,False
8,58,17,-47.875,2867.0,2867.0,0,False
8,59,5,-63.340003967285156,2940.0,2940.0,0,False
8,60,6,-38.046669006347656,2986.0,2986.0,0,False
8,61,19,-35.49500274658203,3025.0,3025.0,0,False
8,62,18,-42.193336486816406,3062.0,3062.0,0,False
8,63,14,-46.15999984741211,3104.0,3104.0,0,False
8,64,7,-52.76499938964844,3177.0,3177.0,0,False
8,65,13,-58.13500213623047,3214.0,3214.0,0,False
8,66,19,-66.8800048828125,3270.0,3270.0,0,False
8,67,19,-57.98500442504883,3307.0,3307.0,0,False
8,68,11,-60.215003967285156,3350.0,3350.0,0,False
8,69,10,-65.36500549316406,3383.0,3383.0,0,False
8,70,17,-50.28028106689453,3416.0,3416.0,0,False
8,71,18,-82.83833312988281,3457.0,3457.0,0,False
8,72,14,-90.5,3497.0,3497.0,0,False
8,73,11,-93.24150085449219,3545.0,3545.0,0,False
8,74,18,-41.08747482299805,3590.0,3590.0,0,False
8,75,4,-104.67716217041016,3625.0,3625.0,0,False
8,76,9,-112.97473907470703,3656.0,3656.0,0,False
8,77,11,-107.8891372680664,3698.0,3698.0,0,False
8,78,13,-120.84439086914062,3736.0,3736.0,0,False
8,79,0,-130.7303924560547,3772.0,3772.0,0,False
8,80,15,-122.45254516601562,3802.0,3802.0,0,False
8,81,2,-141.136962890625,3852.0,3852.0,0,False
8,82,4,-145.80517578125,3902.0,3902.0,0,False
8,83,8,-155.04833984375,3945.0,3945.0,0,False
8,84,16,-106.4800033569336,3986.0,3986.0,0,False
8,85,12,-107.1253662109375,4029.0,4029.0,0,False
8,86,4,-113.94385528564453,4071.0,4071.0,0,False
8,87,15,-112.07566833496094,4116.0,4116.0,0,False
8,88,9,-56.964515686035156,4148.0,4148.0,0,False
8,89,7,-124.27000427246094,4212.0,4212.0,0,False
8,90,2,-128.9683380126953,4249.0,4249.0,0,False
8,91,12,-128.46923828125,4317.0,4317.0,0,False
8,92,7,-117.0277099609375,4367.0,4367.0,0,False
8,93,13,-142.965576171875,4416.0,4416.0,0,False
8,94,16,-144.13182067871094,4481.0,4481.0,0,False
8,95,15,-143.00665283203125,4524.0,4524.0,0,False
8,96,2,-155.75949096679688,4565.0,4565.0,0,False
8,97,13,-160.42556762695312,4615.0,4615.0,0,False
8,98,5,-93.10969543457031,4671.0,4671.0,0,False
8,99,2,-101.39784240722656,4701.0,4701.0,0,False
8,100,13,-165.4584503173828,4745.0,4745.0,0,False
8,101,12,-167.94082641601562,4787.0,4787.0,0,False
8,102,3,-172.1778106689453,4822.0,4822.0,0,False
8,103,0,-176.4298095703125,4873.0,4873.0,0,False
8,104,16,-184.1280517578125,4947.0,4947.0,0,False
8,105,10,-187.0116424560547,5004.0,5004.0,0,False
8,106,10,-192.4350128173828,5041.0,5041.0,0,False
8,107,6,-190.81378173828125,5079.0,5079.0,0,False
8,108,19,-189.43528747558594,5119.0,5119.0,0,False
8,109,14,-197.9384002685547,5157.0,5157.0,0,False
8,110,16,-174.6209716796875,5197.0,5197.0,0,False
8,111,6,-199.3613739013672,5227.0,5227.0,0,False
8,112,8,-206.84544372558594,5259.0,5259.0,0,False
8,113,10,-197.1229705810547,5308.0,5308.0,0,False
8,114,6,-153.14561462402344,5353.0,5353.0,0,False
8,115,19,-205.02798461914062,5408.0,5408.0,0,False
8,116,15,-219.06991577148438,5442.0,5442.0,0,False
8,117,10,-214.3561248779297,5479.0,5479.0,0,False
8,118,12,-192.44822692871094,5547.0,5547.0,0,False
8,119,10,-219.29612731933594,5584.0,5584.0,0,False
8,120,14,-230.32810974121094,5626.0,5626.0,0,False
8,121,14,-172.58201599121094,5682.0,5682.0,0,False
8,122,8,-249.58387756347656,5748.0,5748.0,0,False
8,123,8,-195.40536499023438,5781.0,5781.0,0,False
8,124,15,-212.90196228027344,5831.0,5831.0,0,False
8,125,10,-223.99217224121094,5880.0,5880.0,0,False
8,126,13,-242.91358947753906,5916.0,5916.0,0,False
8,127,0,-268.11431884765625,5954.0,5954.0,0,False
8,128,0,-380.74169921875,5996.0,5996.0,0,False
8,129,3,-270.2547912597656,6051.0,6051.0,0,False
8,130,0,-302.6761474609375,6083.0,6083.0,0,False
8,131,3,-271.0364685058594,6117.0,6117.0,0,False
8,132,3,-281.6470642089844,6162.0,6162.0,0,False
8,133,3,-276.654541015625,6201.0,6201.0,0,False
8,134,3,-253.84510803222656,6242.0,6242.0,0,False
9,1,16,18.026719495985244,38.0,38.0,0,False
9,2,12,-4.255940313735625,119.0,119.0,0,False
9,3,13,-18.30269381205241,177.0,177.0,0,False
9,4,9,-34.04452444712321,249.0,249.0,0,False
9,5,11,-41.785307923855584,320.0,320.0,0,False
9,6,7,-51.07100145960096,379.0,379.0,0,False
9,7,1,-50.81845474243164,420.0,420.0,0,False
9,8,8,-67.38755798339844,485.0,485.0,0,False
9,9,16,-20.021629280514187,505.0,505.0,0,False
9,10,6,-48.680484771728516,580.0,580.0,0,False
9,11,7,-32.90294118017325,608.0,608.0,0,False
9,12,0,-40.96215057373047,673.0,673.0,0,False
9,13,1,-40.18616536458333,698.0,698.0,0,False
9,14,7,8.345165044479316,752.0,752.0,0,False
9,15,5,-10.82996654510498,813.0,813.0,0,False
9,16,4,-22.23263931274414,889.0,889.0,0,False
9,17,9,-13.17253303527832,934.0,934.0,0,False
9,18,2,-25.87561798095703,1008.0,1008.0,0,False
9,19,19,-32.1492919921875,1067.0,1067.0,0,False
9,20,1,-2.652570989396837,1105.0,1105.0,0,False
9,21,6,-4.588629722595215,1143.0,1143.0,0,False
9,22,5,-9.729527473449707,1171.0,1171.0,0,False
9,23,6,-10.070656776428223,1210.0,1210.0,0,False
9,24,4,-10.155943870544434,1245.0,1245.0,0,False
9,25,10,-9.035479545593262,1316.0,1316.0,0,False
9,26,16,-6.351215362548828,1365.0,1365.0,0,False
9,27,13,-4.138797283172607,1401.0,1401.0,0,False
9,28,5,-12.387783492052996,1454.0,1454.0,0,False
9,29,18,-15.824873924255371,1509.0,1509.0,0,False
9,30,8,-6.179320812225342,1540.0,1540.0,0,False
9,31,5,-11.767124070061577,1613.0,1613.0,0,False
9,32,11,-10.623122215270996,1655.0,1655.0,0,False
9,33,11,-15.650758743286133,1715.0,1715.0,0,False
9,34,8,-29.267372131347656,1784.0,1784.0,0,False
9,35,6,-28.23767852783203,1827.0,1827.0,0,False
9,36,4,-26.306102752685547,1867.0,1867.0,0,False
9,37,10,-25.90680503845215,1900.0,1900.0,0,False
9,38,17,-15.125693321228027,1962.0,1962.0,0,False
9,39,4,-10.787647247314453,1997.0,1997.0,0,False
9,40,5,78.54083923763699,2053.0,2053.0,0,False
9,41,11,-7.213491439819336,2094.0,2094.0,0,False
9,42,14,-20.978008270263672,2157.0,2157.0,0,False
9,43,1,-13.023727416992188,2198.0,2198.0,0,False
9,44,10,-5.849480628967285,2255.0,2255.0,0,False
9,45,16,-16.15019989013672,2296.0,2296.0,0,False
9,46,17,-16.27029037475586,2336.0,2336.0,0,False
9,47,10,-8.71036148071289,2368.0,2368.0,0,False
9,48,18,-26.515058517456055,2418.0,2418.0,0,False
9,49,3,-6.138087272644043,2468.0,2468.0,0,False
9,50,6,-18.9436092376709,2514.0,2514.0,0,False
9,51,8,-24.787248611450195,2557.0,2557.0,0,False
9,52,6,-31.509418487548828,2595.0,2595.0,0,False
9,53,17,-16.445348739624023,2639.0,2639.0,0,False
9,54,7,-27.951141357421875,2712.0,2712.0,0,False
9,55,8,-28.0345458984375,2744.0,2744.0,0,False
9,56,16,-31.831985473632812,2809.0,2809.0,0,False
9,57,9,-43.736671447753906,2863.0,2863.0,0,False
9,58,16,-51.27000045776367,2937.0,2937.0,0,False
9,59,6,-46.76667022705078,2972.0,2972.0,0,False
9,60,17,-49.900001525878906,3042.0,3042.0,0,False
9,61,12,-48.215003967285156,3085.0,3085.0,0,False
9,62,6,3.391315460205078,3130.0,3130.0,0,False
9,63,11,-65.94000244140625,3178.0,3178.0,0,False
9,64,9,-75.87666320800781,3220.0,3220.0,0,False
9,65,1,-78.82003784179688,3264.0,3264.0,0,False
9,66,16,-42.76805877685547,3304.0,3304.0,0,False
9,67,8,-77.23880767822266,3365.0,3365.0,0,False
9,68,19,-76.65158081054688,3410.0,3410.0,0,False
9,69,1,-59.69277572631836,3441.0,3441.0,0,False
9,70,10,-74.64500427246094,3490.0,3490.0,0,False
9,71,17,-59.07403564453125,3523.0,3523.0,0,False
9,72,10,-84.08509826660156,3560.0,3560.0,0,False
9,73,0,-89.48040771484375,3596.0,3596.0,0,False
9,74,7,-88.99520111083984,3655.0,3655.0,0,False
9,75,19,-98.99524688720703,3694.0,3694.0,0,False
9,76,11,-100.14068603515625,3742.0,3742.0,0,False
9,77,14,-109.57115173339844,3775.0,3775.0,0,False
9,78,3,-112.75083923339844,3805.0,3805.0,0,False
9,79,12,-106.31671905517578,3873.0,3873.0,0,False
9,80,2,-115.2385482788086,3913.0,3913.0,0,False
9,81,12,-114.63500213623047,3955.0,3955.0,0,False
9,82,7,-106.80260467529297,4005.0,4005.0,0,False
9,83,14,-126.52706146240234,4055.0,4055.0,0,False
9,84,8,-69.16799926757812,4093.0,4093.0,0,False
9,85,12,-106.2442626953125,4161.0,4161.0,0,False
9,86,19,-145.52285766601562,4217.0,4217.0,0,False
9,87,11,-129.66757202148438,4259.0,4259.0,0,False
9,88,10,-138.73597717285156,4301.0,4301.0,0,False
9,89,14,-145.9929962158203,4343.0,4343.0,0,False
9,90,15,-3.826936721801758,4394.0,4394.0,0,False
9,91,15,-3.764890670776367,4429.0,4429.0,0,False
9,92,4,-15.346370697021484,4479.0,4479.0,0,False
9,93,2,-17.787616729736328,4552.0,4552.0,0,False
9,94,18,-21.731828689575195,4584.0,4584.0,0,False
9,95,9,-21.430692672729492,4615.0,4615.0,0,False
9,96,9,-24.96932601928711,4648.0,4648.0,0,False
9,97,4,-26.036638259887695,4690.0,4690.0,0,False
9,98,18,-36.67953109741211,4723.0,4723.0,0,False
9,99,14,-43.825904846191406,4763.0,4763.0,0,False
9,100,18,-47.70902633666992,4800.0,4800.0,0,False
9,101,9,-53.89369583129883,4831.0,4831.0,0,False
9,102,9,6.7075653076171875,4863.0,4863.0,0,False
9,103,10,-30.651779174804688,4912.0,4912.0,0,False
9,104,19,-66.98538970947266,4949.0,4949.0,0,False
9,105,3,-51.21664047241211,5004.0,5004.0,0,False
9,106,13,-54.517608642578125,5041.0,5041.0,0,False
9,107,0,-56.52177047729492,5092.0,5092.0,0,False
9,108,13,-56.936378479003906,5130.0,5130.0,0,False
9,109,3,-67.29822540283203,5164.0,5164.0,0,False
9,110,13,-68.45356750488281,5213.0,5213.0,0,False
9,111,2,-83.3214340209961,5263.0,5263.0,0,False
9,112,14,-87.5522689819336,5306.0,5306.0,0,False
9,113,3,-97.32707977294922,5346.0,5346.0,0,False
9,114,18,-99.64369201660156,5387.0,5387.0,0,False
9,115,18,-43.7779426574707,5432.0,5432.0,0,False
9,116,19,-82.33563232421875,5472.0,5472.0,0,False
9,117,13,-90.23645782470703,5522.0,5522.0,0,False
9,118,19,-76.04296875,5572.0,5572.0,0,False
9,119,14,-112.70867156982422,5614.0,5614.0,0,False
9,120,0,-91.87875366210938,5652.0,5652.0,0,False
9,121,14,-38.03799819946289,5708.0,5708.0,0,False
9,122,2,-109.66085052490234,5745.0,5745.0,0,False
9,123,13,-114.94020080566406,5789.0,5789.0,0,False
9,124,3,-117.96824645996094,5833.0,5833.0,0,False
9,125,3,-91.7354965209961,5869.0,5869.0,0,False
9,126,2,-119.80622863769531,5910.0,5910.0,0,False
9,127,2,-65.10295867919922,5940.0,5940.0,0,False
9,128,13,-119.81594848632812,5981.0,5981.0,0,False
9,129,15,-123.70599365234375,6026.0,6026.0,0,False
9,130,15,-132.19488525390625,6069.0,6069.0,0,False
9,131,15,-129.49264526367188,6103.0,6103.0,0,False
9,132,15,-117.68006896972656,6153.0,6153.0,0,False
9,133,0,-157.70822143554688,6195.0,6195.0,0,False
9,134,0,-136.120849609375,6227.0,6227.0,0,False
10,1,18,16.103805252963014,15.0,15.0,0,False
10,2,11,-3.0800208019452455,86.0,86.0,0,False
10,3,7,-12.620909884215955,145.0,145.0,0,False
10,4,14,-28.03492441153804,208.0,208.0,0,False
10,5,7,4.931199370390431,221.0,221.0,0,False
10,6,1,-17.622085507710775,277.0,277.0,0,False
10,7,1,-6.6077681859334305,302.0,302.0,0,False
10,8,7,11.470557345073349,356.0,356.0,0,False
10,9,1,2.82341415617201,394.0,394.0,0,False
10,10,8,-10.89124870300293,459.0,459.0,0,False
10,11,11,0.09586237695222977,501.0,501.0,0,False
10,12,8,-8.47059179941813,537.0,537.0,0,False
10,13,5,-22.704513549804688,613.0,613.0,0,False
10,14,1,-11.07273178100586,654.0,654.0,0,False
10,15,5,-21.691348711649574,687.0,687.0,0,False
10,16,17,-28.049823760986328,749.0,749.0,0,False
10,17,13,-37.05620574951172,807.0,807.0,0,False
10,18,17,-28.132266892327202,847.0,847.0,0,False
10,19,4,-43.1989631652832,923.0,923.0,0,False
10,20,4,-32.658618958791095,953.0,953.0,0,False
10,21,8,-4.522093995412192,1017.0,1017.0,0,False
10,22,5,-14.813025386245162,1070.0,1070.0,0,False
10,23,4,-17.07959802945455,1110.0,1110.0,0,False
10,24,11,-22.4286474023491,1165.0,1165.0,0,False
10,25,10,-22.11029815673828,1236.0,1236.0,0,False
10,26,11,-5.803627064292179,1282.0,1282.0,0,False
10,27,11,-12.750728467274412,1330.0,1330.0,0,False
10,28,8,-22.986721812354194,1373.0,1373.0,0,False
10,29,5,-18.487440745035805,1446.0,1446.0,0,False
10,30,14,-20.687725067138672,1479.0,1479.0,0,False
10,31,15,-9.399124145507812,1545.0,1545.0,0,False
10,32,14,-11.92548656463623,1595.0,1595.0,0,False
10,33,12,-18.686294555664062,1676.0,1676.0,0,False
10,34,12,-5.413267135620117,1719.0,1719.0,0,False
10,35,1,-15.204199136098225,1763.0,1763.0,0,False
10,36,8,-21.4466924879286,1790.0,1790.0,0,False
10,37,15,-21.86975860595703,1825.0,1825.0,0,False
10,38,6,-35.23347091674805,1900.0,1900.0,0,False
10,39,15,-0.24189186096191406,1940.0,1940.0,0,False
10,40,1,19.68108026716444,1976.0,1976.0,0,False
10,41,16,-26.47340202331543,2054.0,2054.0,0,False
10,42,7,-25.709192276000977,2127.0,2127.0,0,False
10,43,2,-40.83893966674805,2201.0,2201.0,0,False
10,44,7,-36.0520345710655,2265.0,2265.0,0,False
10,45,19,-46.97276306152344,2324.0,2324.0,0,False
10,46,3,-53.11853790283203,2389.0,2389.0,0,False
10,47,5,36.36550680796306,2445.0,2445.0,0,False
10,48,4,-9.580615997314453,2480.0,2480.0,0,False
10,49,0,-7.271388053894043,2545.0,2545.0,0,False
10,50,18,-18.686084747314453,2595.0,2595.0,0,False
10,51,9,-25.9251708984375,2652.0,2652.0,0,False
10,52,8,-17.383237838745117,2718.0,2718.0,0,False
10,53,15,-9.151877403259277,2761.0,2761.0,0,False
10,54,8,67.27353151109483,2794.0,2794.0,0,False
10,55,7,0.5257747769355774,2844.0,2844.0,0,False
10,56,9,-29.791669845581055,2889.0,2889.0,0,False
10,57,11,-33.34000778198242,2937.0,2937.0,0,False
10,58,6,-43.43171310424805,2980.0,2980.0,0,False
10,59,11,-37.6988525390625,3022.0,3022.0,0,False
10,60,16,-51.550025939941406,3062.0,3062.0,0,False
10,61,19,-58.325035095214844,3107.0,3107.0,0,False
10,62,14,-44.38500213623047,3149.0,3149.0,0,False
10,63,16,-47.27000427246094,3198.0,3198.0,0,False
10,64,19,-53.0700569152832,3237.0,3237.0,0,False
10,65,6,-62.605926513671875,3276.0,3276.0,0,False
10,66,6,-57.88167190551758,3319.0,3319.0,0,False
10,67,15,-55.297515869140625,3353.0,3353.0,0,False
10,68,17,-59.4420051574707,3397.0,3397.0,0,False
10,69,18,-67.24334716796875,3434.0,3434.0,0,False
10,70,9,-77.04309844970703,3488.0,3488.0,0,False
10,71,4,-71.20000457763672,3538.0,3538.0,0,False
10,72,6,-81.74667358398438,3584.0,3584.0,0,False
10,73,9,-88.02669525146484,3626.0,3626.0,0,False
10,74,13,-89.73003387451172,3662.0,3662.0,0,False
10,75,16,-81.60582733154297,3703.0,3703.0,0,False
10,76,4,-82.33707427978516,3745.0,3745.0,0,False
10,77,9,-93.8467025756836,3776.0,3776.0,0,False
10,78,13,-89.03501892089844,3813.0,3813.0,0,False
10,79,14,-96.0006332397461,3848.0,3848.0,0,False
10,80,6,-100.10668182373047,3881.0,3881.0,0,False
10,81,15,-73.71903991699219,3931.0,3931.0,0,False
10,82,2,-113.56076049804688,3971.0,3971.0,0,False
10,83,0,-120.60842895507812,4007.0,4007.0,0,False
10,84,19,-108.80512237548828,4063.0,4063.0,0,False
10,85,16,-118.5999984741211,4128.0,4128.0,0,False
10,86,16,-124.72004699707031,4197.0,4197.0,0,False
10,87,6,-124.71687316894531,4232.0,4232.0,0,False
10,88,6,-66.22977447509766,4277.0,4277.0,0,False
10,89,2,-134.04685974121094,4350.0,4350.0,0,False
10,90,14,-137.765380859375,4393.0,4393.0,0,False
10,91,9,-140.6157684326172,4426.0,4426.0,0,False
10,92,12,-132.6139373779297,4489.0,4489.0,0,False
10,93,2,-147.6096954345703,4539.0,4539.0,0,False
10,94,18,-150.45184326171875,4567.0,4567.0,0,False
10,95,9,-157.4391632080078,4598.0,4598.0,0,False
10,96,10,-154.5877227783203,4631.0,4631.0,0,False
10,97,12,-160.83934020996094,4673.0,4673.0,0,False
10,98,17,-160.43075561523438,4743.0,4743.0,0,False
10,99,9,-99.99715423583984,4775.0,4775.0,0,False
10,100,19,-166.3269805908203,4812.0,4812.0,0,False
10,101,14,-170.79342651367188,4854.0,4854.0,0,False
10,102,3,-165.51564025878906,4889.0,4889.0,0,False
10,103,18,-177.71875,4926.0,4926.0,0,False
10,104,13,-180.59036254882812,4964.0,4964.0,0,False
10,105,2,-189.2548828125,5001.0,5001.0,0,False
10,106,13,-193.95262145996094,5050.0,5050.0,0,False
10,107,13,-196.9359893798828,5095.0,5095.0,0,False
10,108,14,-124.20053100585938,5151.0,5151.0,0,False
10,109,13,-188.74505615234375,5190.0,5190.0,0,False
10,110,16,-171.0909423828125,5230.0,5230.0,0,False
10,111,2,-202.8887481689453,5271.0,5271.0,0,False
10,112,18,-204.54656982421875,5307.0,5307.0,0,False
10,113,19,-203.99301147460938,5347.0,5347.0,0,False
10,114,19,-198.5503387451172,5397.0,5397.0,0,False
10,115,17,-192.8496856689453,5430.0,5430.0,0,False
10,116,10,-221.09068298339844,5487.0,5487.0,0,False
10,117,2,-156.6969451904297,5517.0,5517.0,0,False
10,118,18,-166.46531677246094,5557.0,5557.0,0,False
10,119,0,-231.95350646972656,5608.0,5608.0,0,False
10,120,12,-200.78262329101562,5676.0,5676.0,0,False
10,121,0,-237.65045166015625,5714.0,5714.0,0,False
10,122,10,-232.5512237548828,5751.0,5751.0,0,False
10,123,13,-231.4069061279297,5792.0,5792.0,0,False
10,124,0,-304.8140563964844,5834.0,5834.0,0,False
10,125,3,-239.96792602539062,5889.0,5889.0,0,False
10,126,10,-258.1474304199219,5943.0,5943.0,0,False
10,127,0,-238.17819213867188,5975.0,5975.0,0,False
10,128,10,-256.73870849609375,6012.0,6012.0,0,False
10,129,3,-264.2177734375,6046.0,6046.0,0,False
10,130,3,-279.3998718261719,6091.0,6091.0,0,False
10,131,10,-276.8606872558594,6133.0,6133.0,0,False
10,132,10,-257.64312744140625,6182.0,6182.0,0,False
10,133,3,-291.59783935546875,6226.0,6226.0,0,False
10,134,3,-250.3162384033203,6267.0,6267.0,0,False
11,1,4,18.417418670654296,36.0,36.0,0,False
11,2,19,4.763492671810852,80.0,80.0,0,False
11,3,11,-4.525383465447462,136.0,136.0,0,False
11,4,1,-20.26043567657471,192.0,192.0,0,False
11,5,5,-36.94921822018094,268.0,268.0,0,False
11,6,4,-0.44668280283610073,283.0,283.0,0,False
11,7,8,-30.53019854227702,363.0,363.0,0,False
11,8,11,-16.166897679307933,400.0,400.0,0,False
11,9,8,-29.011268213060166,436.0,436.0,0,False
11,10,1,-25.81500504811605,461.0,461.0,0,False
11,11,0,-38.26934814453125,541.0,541.0,0,False
11,12,4,10.367745886908637,566.0,566.0,0,False
11,13,7,-12.787040710449219,625.0,625.0,0,False
11,14,14,-27.111557006835938,688.0,688.0,0,False
11,15,4,-3.3997627258300778,723.0,723.0,0,False
11,16,10,-15.498048782348633,794.0,794.0,0,False
11,17,11,1.104725144020211,849.0,849.0,0,False
11,18,10,2.7967519760131836,882.0,882.0,0,False
11,19,7,-1.2394670026186674,910.0,910.0,0,False
11,20,5,-14.470815870496962,943.0,943.0,0,False
11,21,4,-16.467873840332032,993.0,993.0,0,False
11,22,8,-19.871155802408854,1062.0,1062.0,0,False
11,23,5,-28.84541947753341,1115.0,1115.0,0,False
11,24,8,-26.154290231068927,1158.0,1158.0,0,False
11,25,4,-4.204383532206222,1200.0,1200.0,0,False
11,26,18,-16.295549392700195,1255.0,1255.0,0,False
11,27,12,-13.038617134094238,1321.0,1321.0,0,False
11,28,8,-15.987854188283285,1353.0,1353.0,0,False
11,29,2,-25.774030685424805,1412.0,1412.0,0,False
11,30,2,-26.229122161865234,1452.0,1452.0,0,False
11,31,1,-3.327760696411133,1495.0,1495.0,0,False
11,32,14,-10.938459396362305,1528.0,1528.0,0,False
11,33,15,-9.174860000610352,1594.0,1594.0,0,False
11,34,7,-5.200003623962402,1658.0,1658.0,0,False
11,35,17,-20.538894653320312,1720.0,1720.0,0,False
11,36,5,-24.667531861199272,1793.0,1793.0,0,False
11,37,7,-32.41547775268555,1866.0,1866.0,0,False
11,38,7,-41.93471248075636,1930.0,1930.0,0,False
11,39,7,20.490529639750264,1980.0,1980.0,0,False
11,40,1,-26.977703094482422,2021.0,2021.0,0,False
11,41,3,-24.138473510742188,2086.0,2086.0,0,False
11,42,3,-19.560428619384766,2121.0,2121.0,0,False
11,43,6,-26.814729690551758,2181.0,2181.0,0,False
11,44,5,76.37486707899305,2237.0,2237.0,0,False
11,45,14,-22.269554138183594,2287.0,2287.0,0,False
11,46,11,-13.708406448364258,2333.0,2333.0,0,False
11,47,11,-21.18851661682129,2381.0,2381.0,0,False
11,48,11,-23.556589736915157,2424.0,2424.0,0,False
11,49,17,-34.06557846069336,2464.0,2464.0,0,False
11,50,6,-44.43921661376953,2507.0,2507.0,0,False
11,51,1,-47.625152587890625,2551.0,2551.0,0,False
11,52,17,-33.422752380371094,2595.0,2595.0,0,False
11,53,10,-38.35850524902344,2652.0,2652.0,0,False
11,54,1,-15.089422104578361,2688.0,2688.0,0,False
11,55,17,-58.66999816894531,2758.0,2758.0,0,False
11,56,0,-45.827579498291016,2794.0,2794.0,0,False
11,57,17,-10.374669475924328,2827.0,2827.0,0,False
11,58,10,-49.68500518798828,2864.0,2864.0,0,False
11,59,15,-53.400001525878906,2899.0,2899.0,0,False
11,60,15,-56.32500076293945,2944.0,2944.0,0,False
11,61,8,-73.163330078125,3010.0,3010.0,0,False
11,62,11,-61.10004425048828,3052.0,3052.0,0,False
11,63,18,-79.308349609375,3102.0,3102.0,0,False
11,64,8,-12.49468994140625,3135.0,3135.0,0,False
11,65,9,-15.726709365844727,3192.0,3192.0,0,False
11,66,6,-14.71166706085205,3231.0,3231.0,0,False
11,67,2,-24.998394012451172,3304.0,3304.0,0,False
11,68,19,-14.875004768371582,3349.0,3349.0,0,False
11,69,10,-14.395008087158203,3403.0,3403.0,0,False
11,70,19,-24.170000076293945,3442.0,3442.0,0,False
11,71,9,-28.891759872436523,3487.0,3487.0,0,False
11,72,19,-29.055124282836914,3543.0,3543.0,0,False
11,73,15,-28.490034103393555,3586.0,3586.0,0,False
11,74,9,-39.836692810058594,3640.0,3640.0,0,False
11,75,6,-41.406856536865234,3678.0,3678.0,0,False
11,76,13,-16.34027862548828,3736.0,3736.0,0,False
11,77,14,-13.610054969787598,3778.0,3778.0,0,False
11,78,12,-5.3150153160095215,3821.0,3821.0,0,False
11,79,18,-13.196707725524902,3858.0,3858.0,0,False
11,80,9,-18.8294620513916,3900.0,3900.0,0,False
11,81,12,-12.065353393554688,3963.0,3963.0,0,False
11,82,2,-27.112789154052734,4013.0,4013.0,0,False
11,83,18,-29.954696655273438,4041.0,4041.0,0,False
11,84,19,-33.96103286743164,4078.0,4078.0,0,False
11,85,13,-39.356475830078125,4114.0,4114.0,0,False
11,86,13,-32.33500289916992,4151.0,4151.0,0,False
11,87,12,-33.156768798828125,4193.0,4193.0,0,False
11,88,9,-45.39666748046875,4224.0,4224.0,0,False
11,89,15,-37.820003509521484,4253.0,4253.0,0,False
11,90,10,-47.660003662109375,4290.0,4290.0,0,False
11,91,12,-19.167762756347656,4358.0,4358.0,0,False
11,92,15,-22.26163101196289,4408.0,4408.0,0,False
11,93,2,-61.22285461425781,4445.0,4445.0,0,False
11,94,14,-68.90646362304688,4485.0,4485.0,0,False
11,95,2,-73.47328186035156,4526.0,4526.0,0,False
11,96,16,-19.1800537109375,4589.0,4589.0,0,False
11,97,14,-27.008554458618164,4632.0,4632.0,0,False
11,98,14,-11.497506141662598,4674.0,4674.0,0,False
11,99,3,-19.815431594848633,4729.0,4729.0,0,False
11,100,10,-11.52588939666748,4771.0,4771.0,0,False
11,101,0,-9.802209854125977,4817.0,4817.0,0,False
11,102,13,-21.570858001708984,4855.0,4855.0,0,False
11,103,19,-23.515378952026367,4895.0,4895.0,0,False
11,104,14,31.040117263793945,4956.0,4956.0,0,False
11,105,2,27.591182708740234,4986.0,4986.0,0,False
11,106,3,-39.83323669433594,5020.0,5020.0,0,False
11,107,16,-40.925514221191406,5060.0,5060.0,0,False
11,108,6,-52.01076889038086,5106.0,5106.0,0,False
11,109,10,-25.790603637695312,5155.0,5155.0,0,False
11,110,6,-64.50711059570312,5193.0,5193.0,0,False
11,111,13,-70.17911529541016,5242.0,5242.0,0,False
11,112,18,-78.15433502197266,5279.0,5279.0,0,False
11,113,9,-84.15098571777344,5317.0,5317.0,0,False
11,114,16,-60.437721252441406,5366.0,5366.0,0,False
11,115,9,-62.22957229614258,5392.0,5392.0,0,False
11,116,3,-71.61932373046875,5432.0,5432.0,0,False
11,117,0,-70.05518341064453,5470.0,5470.0,0,False
11,118,18,-80.49891662597656,5511.0,5511.0,0,False
11,119,9,-22.617229461669922,5543.0,5543.0,0,False
11,120,16,-73.95099639892578,5584.0,5584.0,0,False
11,121,6,-81.63346099853516,5619.0,5619.0,0,False
11,122,18,-31.152803421020508,5664.0,5664.0,0,False
11,123,13,-97.09516143798828,5714.0,5714.0,0,False
11,124,19,-78.85617065429688,5769.0,5769.0,0,False
11,125,3,-112.34095001220703,5813.0,5813.0,0,False
11,126,3,-81.25584411621094,5854.0,5854.0,0,False
11,127,13,-105.23406219482422,5898.0,5898.0,0,False
11,128,6,-54.810359954833984,5943.0,5943.0,0,False
11,129,13,-105.29447937011719,5984.0,5984.0,0,False
11,130,0,-120.89006042480469,6026.0,6026.0,0,False
11,131,0,-102.45732879638672,6058.0,6058.0,0,False
11,132,16,-128.2877197265625,6123.0,6123.0,0,False
11,133,16,-136.40428161621094,6192.0,6192.0,0,False
11,134,16,-125.17317199707031,6227.0,6227.0,0,False
12,1,9,12.337704875734119,32.0,32.0,0,False
12,2,19,-3.8856532233102,91.0,91.0,0,False
12,3,4,-6.977011458079019,152.0,152.0,0,False
12,4,8,-30.09441606733534,232.0,232.0,0,False
12,5,11,-38.97338644741217,303.0,303.0,0,False
12,6,8,-9.634126999643115,319.0,319.0,0,False
12,7,13,-27.286479949951172,377.0,377.0,0,False
12,8,17,-36.253983921474884,439.0,439.0,0,False
12,9,19,-28.34298633069408,484.0,484.0,0,False
12,10,1,-40.26872253417969,540.0,540.0,0,False
12,11,15,-46.840126037597656,606.0,606.0,0,False
12,12,11,-36.94758899171079,643.0,643.0,0,False
12,13,5,-54.641597747802734,704.0,704.0,0,False
12,14,7,-63.06360626220703,763.0,763.0,0,False
12,15,15,-49.74467478316218,798.0,798.0,0,False
12,16,18,-68.25839233398438,853.0,853.0,0,False
12,17,11,5.919251041287993,898.0,898.0,0,False
12,18,4,-0.9377376556396477,933.0,933.0,0,False
12,19,8,-10.16407421959771,1002.0,1002.0,0,False
12,20,1,-8.63233757019043,1032.0,1032.0,0,False
12,21,17,-14.879650010002983,1072.0,1072.0,0,False
12,22,18,-25.822124481201172,1122.0,1122.0,0,False
12,23,6,-23.027502059936523,1197.0,1197.0,0,False
12,24,12,-28.24664306640625,1278.0,1278.0,0,False
12,25,7,-20.442344665527344,1311.0,1311.0,0,False
12,26,3,-29.243118286132812,1376.0,1376.0,0,False
12,27,8,-32.232379372914636,1419.0,1419.0,0,False
12,28,10,-38.91462707519531,1490.0,1490.0,0,False
12,29,3,-33.8565788269043,1525.0,1525.0,0,False
12,30,1,1.189584732055664,1563.0,1563.0,0,False
12,31,6,-9.790916442871094,1601.0,1601.0,0,False
12,32,2,-18.57900047302246,1675.0,1675.0,0,False
12,33,0,-24.225849151611328,1755.0,1755.0,0,False
12,34,8,-18.72397692574395,1787.0,1787.0,0,False
12,35,13,-22.038501739501953,1823.0,1823.0,0,False
12,36,11,-29.247358322143555,1869.0,1869.0,0,False
12,37,0,-30.79994010925293,1905.0,1905.0,0,False
12,38,11,-42.15009746085169,1953.0,1953.0,0,False
12,39,4,-18.015138626098633,1993.0,1993.0,0,False
12,40,14,-14.675246238708496,2041.0,2041.0,0,False
12,41,17,-5.849709510803223,2080.0,2080.0,0,False
12,42,18,-18.681251525878906,2117.0,2117.0,0,False
12,43,2,-13.871341705322266,2157.0,2157.0,0,False
12,44,17,-17.698236730363632,2227.0,2227.0,0,False
12,45,2,-32.04104232788086,2300.0,2300.0,0,False
12,46,11,-26.905038780765796,2348.0,2348.0,0,False
12,47,11,-4.423317444894934,2390.0,2390.0,0,False
12,48,13,-30.81736946105957,2427.0,2427.0,0,False
12,49,3,-35.46687316894531,2482.0,2482.0,0,False
12,50,2,-44.40656661987305,2532.0,2532.0,0,False
12,51,0,-35.71208953857422,2578.0,2578.0,0,False
12,52,7,-54.81536865234375,2647.0,2647.0,0,False
12,53,4,-52.717323303222656,2682.0,2682.0,0,False
12,54,7,-60.39311218261719,2755.0,2755.0,0,False
12,55,19,-66.29257202148438,2794.0,2794.0,0,False
12,56,14,-68.74827575683594,2827.0,2827.0,0,False
12,57,5,-71.76499938964844,2855.0,2855.0,0,False
12,58,10,-69.49000549316406,2888.0,2888.0,0,False
12,59,18,-81.2733383178711,2921.0,2921.0,0,False
12,60,8,-80.5633316040039,2987.0,2987.0,0,False
12,61,7,-82.29500579833984,3046.0,3046.0,0,False
12,62,8,-30.621103286743164,3079.0,3079.0,0,False
12,63,1,-86.45502471923828,3120.0,3120.0,0,False
12,64,0,-88.14004516601562,3158.0,3158.0,0,False
12,65,10,-89.61003112792969,3215.0,3215.0,0,False
12,66,16,-23.365001678466797,3293.0,3293.0,0,False
12,67,5,-23.590045928955078,3346.0,3346.0,0,False
12,68,13,-11.864999771118164,3384.0,3384.0,0,False
12,69,7,0.46674346923828125,3434.0,3434.0,0,False
12,70,16,-29.375,3474.0,3474.0,0,False
12,71,10,-15.560065269470215,3511.0,3511.0,0,False
12,72,18,-26.418432235717773,3548.0,3548.0,0,False
12,73,1,-30.22000503540039,3592.0,3592.0,0,False
12,74,16,-34.7700080871582,3641.0,3641.0,0,False
12,75,14,-42.2751350402832,3691.0,3691.0,0,False
12,76,15,-35.475196838378906,3731.0,3731.0,0,False
12,77,9,-44.991668701171875,3776.0,3776.0,0,False
12,78,14,-47.48500061035156,3818.0,3818.0,0,False
12,79,12,-43.540000915527344,3861.0,3861.0,0,False
12,80,2,-55.89334487915039,3898.0,3898.0,0,False
12,81,6,-55.336944580078125,3937.0,3937.0,0,False
12,82,4,-57.550411224365234,3987.0,3987.0,0,False
12,83,5,-68.11557006835938,4060.0,4060.0,0,False
12,84,9,-75.28753662109375,4114.0,4114.0,0,False
12,85,1,-65.78376770019531,4150.0,4150.0,0,False
12,86,5,-20.701618194580078,4206.0,4206.0,0,False
12,87,4,-72.51741790771484,4248.0,4248.0,0,False
12,88,17,-51.8273811340332,4276.0,4276.0,0,False
12,89,14,-89.42532348632812,4316.0,4316.0,0,False
12,90,2,-93.91383361816406,4357.0,4357.0,0,False
12,91,14,-102.04064178466797,4400.0,4400.0,0,False
12,92,14,-90.5102767944336,4437.0,4437.0,0,False
12,93,0,-83.03750610351562,4474.0,4474.0,0,False
12,94,2,-38.806884765625,4504.0,4504.0,0,False
12,95,16,-118.2748031616211,4545.0,4545.0,0,False
12,96,12,-101.51993560791016,4613.0,4613.0,0,False
12,97,12,-100.77561950683594,4655.0,4655.0,0,False
12,98,3,-108.80156707763672,4689.0,4689.0,0,False
12,99,10,-107.07801818847656,4743.0,4743.0,0,False
12,100,10,-110.00780487060547,4780.0,4780.0,0,False
12,101,18,-124.70974731445312,4821.0,4821.0,0,False
12,102,6,-130.0364532470703,4864.0,4864.0,0,False
12,103,0,-100.52125549316406,4896.0,4896.0,0,False
12,104,10,-133.05860900878906,4938.0,4938.0,0,False
12,105,14,-66.3525390625,4999.0,4999.0,0,False
12,106,13,-128.8215789794922,5043.0,5043.0,0,False
12,107,12,-108.25444793701172,5111.0,5111.0,0,False
12,108,9,-144.37203979492188,5153.0,5153.0,0,False
12,109,6,-151.3944854736328,5199.0,5199.0,0,False
12,110,3,-145.4741668701172,5239.0,5239.0,0,False
12,111,13,-161.63198852539062,5289.0,5289.0,0,False
12,112,18,-111.23120880126953,5334.0,5334.0,0,False
12,113,15,-170.1484832763672,5377.0,5377.0,0,False
12,114,10,-154.00209045410156,5426.0,5426.0,0,False
12,115,3,-188.18276977539062,5470.0,5470.0,0,False
12,116,15,-186.6594696044922,5499.0,5499.0,0,False
12,117,3,-139.6780548095703,5540.0,5540.0,0,False
12,118,19,-185.09263610839844,5596.0,5596.0,0,False
12,119,9,-179.781005859375,5622.0,5622.0,0,False
12,120,19,-179.49258422851562,5659.0,5659.0,0,False
12,121,16,-221.16807556152344,5724.0,5724.0,0,False
12,122,6,-195.04788208007812,5762.0,5762.0,0,False
12,123,15,-169.191650390625,5812.0,5812.0,0,False
12,124,9,-202.27696228027344,5850.0,5850.0,0,False
12,125,6,-206.81138610839844,5880.0,5880.0,0,False
12,126,16,-206.47003173828125,5949.0,5949.0,0,False
12,127,6,-147.18492126464844,5994.0,5994.0,0,False
12,128,19,-214.89190673828125,6034.0,6034.0,0,False
12,129,9,-218.7088165283203,6065.0,6065.0,0,False
12,130,13,-230.07456970214844,6109.0,6109.0,0,False
12,131,19,-209.3187713623047,6159.0,6159.0,0,False
12,132,9,-171.8392333984375,6191.0,6191.0,0,False
12,133,16,-211.25685119628906,6231.0,6231.0,0,False
12,134,13,-240.52613830566406,6272.0,6272.0,0,False
13,1,13,12.90870933532715,18.0,18.0,0,False
13,2,8,-1.6323414590623635,83.0,83.0,0,False
13,3,5,-19.228902498881023,159.0,159.0,0,False
13,4,11,-26.898658810734457,230.0,230.0,0,False
13,5,15,-33.38393804413216,296.0,296.0,0,False
13,6,10,-45.97020721435547,367.0,367.0,0,False
13,7,4,-61.51454931894938,443.0,443.0,0,False
13,8,4,-15.285622151692706,458.0,458.0,0,False
13,9,1,-38.17241287231445,514.0,514.0,0,False
13,10,7,-38.21001434326172,558.0,558.0,0,False
13,11,7,-36.1084207331763,591.0,591.0,0,False
13,12,2,-54.62046813964844,665.0,665.0,0,False
13,13,18,-56.92555618286133,705.0,705.0,0,False
13,14,2,-52.99495403888257,745.0,745.0,0,False
13,15,1,-54.36530033747355,775.0,775.0,0,False
13,16,0,-63.58631134033203,855.0,855.0,0,False
13,17,7,2.8819420325592056,909.0,909.0,0,False
13,18,15,2.2450861828966033,944.0,944.0,0,False
13,19,2,-11.612822201766807,1017.0,1017.0,0,False
13,20,17,-13.156818389892578,1079.0,1079.0,0,False
13,21,11,-4.46816349029541,1121.0,1121.0,0,False
13,22,11,-4.695840195902209,1181.0,1181.0,0,False
13,23,5,-11.0964994430542,1214.0,1214.0,0,False
13,24,7,-13.22808926835775,1287.0,1287.0,0,False
13,25,1,-20.668706443574692,1330.0,1330.0,0,False
13,26,4,-27.239908668729996,1370.0,1370.0,0,False
13,27,11,-23.635309495669414,1416.0,1416.0,0,False
13,28,0,-25.725786209106445,1452.0,1452.0,0,False
13,29,8,-38.161705017089844,1488.0,1488.0,0,False
13,30,11,-41.862880477812006,1536.0,1536.0,0,False
13,31,1,-48.489615503946936,1577.0,1577.0,0,False
13,32,5,-45.01059159526119,1630.0,1630.0,0,False
13,33,3,-11.588212966918945,1695.0,1695.0,0,False
13,34,7,-13.475273604741743,1759.0,1759.0,0,False
13,35,11,-8.353860658460647,1807.0,1807.0,0,False
13,36,13,-20.4510498046875,1843.0,1843.0,0,False
13,37,8,-21.137662887573242,1912.0,1912.0,0,False
13,38,8,-23.774635314941406,1955.0,1955.0,0,False
13,39,19,-15.7033109664917,2014.0,2014.0,0,False
13,40,11,16.897834336137254,2056.0,2056.0,0,False
13,41,5,-15.891625616285536,2129.0,2129.0,0,False
13,42,4,-12.727400779724121,2164.0,2164.0,0,False
13,43,18,-23.417095184326172,2214.0,2214.0,0,False
13,44,4,-28.138460896809896,2264.0,2264.0,0,False
13,45,4,-9.564250861273873,2306.0,2306.0,0,False
13,46,10,-35.452171325683594,2339.0,2339.0,0,False
13,47,8,-47.26057815551758,2371.0,2371.0,0,False
13,48,18,-33.64378356933594,2408.0,2408.0,0,False
13,49,3,-30.722408294677734,2443.0,2443.0,0,False
13,50,10,-35.828163146972656,2500.0,2500.0,0,False
13,51,7,-3.9925004115232454,2550.0,2550.0,0,False
13,52,18,-52.18355941772461,2583.0,2583.0,0,False
13,53,2,-57.99678421020508,2628.0,2628.0,0,False
13,54,10,-47.28166198730469,2665.0,2665.0,0,False
13,55,5,26.129044933619674,2721.0,2721.0,0,False
13,56,6,-28.000497817993164,2796.0,2796.0,0,False
13,57,18,-15.13537311553955,2833.0,2833.0,0,False
13,58,12,-22.955001831054688,2914.0,2914.0,0,False
13,59,2,-22.018335342407227,2946.0,2946.0,0,False
13,60,9,-37.70166778564453,3018.0,3018.0,0,False
13,61,3,-9.675004959106445,3073.0,3073.0,0,False
13,62,12,-7.790000915527344,3116.0,3116.0,0,False
13,63,9,-22.21666717529297,3161.0,3161.0,0,False
13,64,10,-14.845002174377441,3215.0,3215.0,0,False
13,65,19,-22.750001907348633,3260.0,3260.0,0,False
13,66,8,-28.938337326049805,3321.0,3321.0,0,False
13,67,1,-30.545001983642578,3365.0,3365.0,0,False
13,68,18,-39.513336181640625,3406.0,3406.0,0,False
13,69,16,-24.46500015258789,3484.0,3484.0,0,False
13,70,19,-11.645000457763672,3523.0,3523.0,0,False
13,71,10,-5.660000324249268,3560.0,3560.0,0,False
13,72,8,47.70340347290039,3598.0,3598.0,0,False
13,73,13,-21.885000228881836,3635.0,3635.0,0,False
13,74,12,-22.740001678466797,3703.0,3703.0,0,False
13,75,17,-23.12548828125,3743.0,3743.0,0,False
13,76,6,-33.25736618041992,3786.0,3786.0,0,False
13,77,19,-30.668975830078125,3842.0,3842.0,0,False
13,78,16,-33.55001449584961,3882.0,3882.0,0,False
13,79,1,-23.08104133605957,3918.0,3918.0,0,False
13,80,2,-41.96932601928711,3959.0,3959.0,0,False
13,81,10,-41.210994720458984,4001.0,4001.0,0,False
13,82,2,8.994059562683105,4031.0,4031.0,0,False
13,83,16,-46.91755676269531,4080.0,4080.0,0,False
13,84,3,-45.80292892456055,4114.0,4114.0,0,False
13,85,0,-49.621177673339844,4165.0,4165.0,0,False
13,86,0,-47.7429313659668,4198.0,4198.0,0,False
13,87,6,-59.492584228515625,4232.0,4232.0,0,False
13,88,6,-63.90666961669922,4270.0,4270.0,0,False
13,89,13,-72.69002532958984,4308.0,4308.0,0,False
13,90,18,-15.78468132019043,4353.0,4353.0,0,False
13,91,17,-69.99500274658203,4397.0,4397.0,0,False
13,92,9,-81.81222534179688,4451.0,4451.0,0,False
13,93,0,-74.29446411132812,4493.0,4493.0,0,False
13,94,12,-81.64952087402344,4535.0,4535.0,0,False
13,95,9,-94.55205535888672,4577.0,4577.0,0,False
13,96,12,-59.57358169555664,4645.0,4645.0,0,False
13,97,0,-60.0227165222168,4677.0,4677.0,0,False
13,98,3,-94.02172088623047,4722.0,4722.0,0,False
13,99,15,-92.82736206054688,4767.0,4767.0,0,False
13,100,6,-103.25801086425781,4808.0,4808.0,0,False
13,101,10,-78.76908874511719,4857.0,4857.0,0,False
13,102,16,-105.83000946044922,4898.0,4898.0,0,False
13,103,16,-115.78791046142578,4963.0,4963.0,0,False
13,104,16,-121.9801025390625,5032.0,5032.0,0,False
13,105,9,-122.4962158203125,5063.0,5063.0,0,False
13,106,19,-124.42025756835938,5100.0,5100.0,0,False
13,107,16,-96.3686752319336,5135.0,5135.0,0,False
13,108,3,-123.965576171875,5179.0,5179.0,0,False
13,109,15,-130.51174926757812,5222.0,5222.0,0,False
13,110,15,-135.83152770996094,5256.0,5256.0,0,False
13,111,3,-105.50396728515625,5297.0,5297.0,0,False
13,112,17,-146.64132690429688,5367.0,5367.0,0,False
13,113,19,-152.10630798339844,5407.0,5407.0,0,False
13,114,13,-294.8634033203125,5456.0,5456.0,0,False
13,115,9,-158.16098022460938,5494.0,5494.0,0,False
13,116,6,-162.44944763183594,5527.0,5527.0,0,False
13,117,6,-167.39883422851562,5557.0,5557.0,0,False
13,118,15,-142.86651611328125,5607.0,5607.0,0,False
13,119,13,-203.75148010253906,5657.0,5657.0,0,False
13,120,17,-162.6913299560547,5690.0,5690.0,0,False
13,121,6,-132.9744415283203,5735.0,5735.0,0,False
13,122,19,-165.41392517089844,5785.0,5785.0,0,False
13,123,9,-181.46778869628906,5816.0,5816.0,0,False
13,124,13,-274.2420349121094,5860.0,5860.0,0,False
13,125,14,-27.09149932861328,5923.0,5923.0,0,False
13,126,13,-30.529970169067383,5964.0,5964.0,0,False
13,127,14,-28.340316772460938,5997.0,5997.0,0,False
13,128,14,-30.63332748413086,6047.0,6047.0,0,False
13,129,14,-27.3990421295166,6089.0,6089.0,0,False
13,130,9,37.29590606689453,6121.0,6121.0,0,False
13,131,14,-38.32020950317383,6161.0,6161.0,0,False
13,132,14,-50.96282196044922,6199.0,6199.0,0,False
13,133,14,-41.60618591308594,6241.0,6241.0,0,False
13,134,14,11.157007217407227,6297.0,6297.0,0,False
14,1,9,12.337704875734119,32.0,32.0,0,False
14,2,8,-10.252476459079318,112.0,112.0,0,False
14,3,13,-7.809448136223686,155.0,155.0,0,False
14,4,3,-21.297310476680142,220.0,220.0,0,False
14,5,8,-2.5385914458168877,236.0,236.0,0,False
14,6,11,-21.93501449155924,307.0,307.0,0,False
14,7,11,-16.455517139294912,349.0,349.0,0,False
14,8,3,-18.360816145098898,384.0,384.0,0,False
14,9,3,12.953663376190256,424.0,424.0,0,False
14,10,9,-5.830495749579535,464.0,464.0,0,False
14,11,1,-6.60617733001709,520.0,520.0,0,False
14,12,9,-1.2709868713661479,569.0,569.0,0,False
14,13,11,-8.440079956396673,629.0,629.0,0,False
14,14,3,1.8907719135803287,663.0,663.0,0,False
14,15,11,-9.378227377287624,709.0,709.0,0,False
14,16,2,-16.70948028564453,783.0,783.0,0,False
14,17,9,-11.910825888315836,825.0,825.0,0,False
14,18,13,-15.525074005126953,861.0,861.0,0,False
14,19,1,-14.802424494425455,886.0,886.0,0,False
14,20,10,-23.915292739868164,957.0,957.0,0,False
14,21,1,-2.1450422869788284,1000.0,1000.0,0,False
14,22,10,7.900172233581543,1028.0,1028.0,0,False
14,23,12,-8.895636558532715,1109.0,1109.0,0,False
14,24,18,-17.999059677124023,1149.0,1149.0,0,False
14,25,4,-30.92340087890625,1225.0,1225.0,0,False
14,26,14,-45.66291809082031,1288.0,1288.0,0,False
14,27,15,-38.28990936279297,1339.0,1339.0,0,False
14,28,3,-22.249308140899636,1384.0,1384.0,0,False
14,29,5,-39.38639831542969,1445.0,1445.0,0,False
14,30,1,-34.43794873555501,1486.0,1486.0,0,False
14,31,2,-44.395538330078125,1526.0,1526.0,0,False
14,32,5,-51.162906646728516,1559.0,1559.0,0,False
14,33,5,-15.817631174016881,1612.0,1612.0,0,False
14,34,9,-16.89337395138211,1643.0,1643.0,0,False
14,35,11,-20.43828434186343,1691.0,1691.0,0,False
14,36,15,-22.51266098022461,1726.0,1726.0,0,False
14,37,10,-21.69341278076172,1783.0,1783.0,0,False
14,38,4,-28.255367279052734,1818.0,1818.0,0,False
14,39,11,-34.83204254486159,1866.0,1866.0,0,False
14,40,5,-43.66758516099718,1939.0,1939.0,0,False
14,41,8,-53.352882385253906,2008.0,2008.0,0,False
14,42,18,-51.639244079589844,2058.0,2058.0,0,False
14,43,19,-16.807918548583984,2117.0,2117.0,0,False
14,44,5,75.89890039232043,2173.0,2173.0,0,False
14,45,4,-16.72813606262207,2213.0,2213.0,0,False
14,46,9,-15.923638343811035,2251.0,2251.0,0,False
14,47,11,10.48305110151935,2293.0,2293.0,0,False
14,48,8,-27.843624114990234,2336.0,2336.0,0,False
14,49,7,-22.84729766845703,2395.0,2395.0,0,False
14,50,15,-5.880524158477783,2440.0,2440.0,0,False
14,51,2,-24.21464729309082,2513.0,2513.0,0,False
14,52,14,-18.792015075683594,2546.0,2546.0,0,False
14,53,18,-17.12541961669922,2578.0,2578.0,0,False
14,54,14,-27.913450241088867,2628.0,2628.0,0,False
14,55,10,-25.106658935546875,2665.0,2665.0,0,False
14,56,3,-24.314258575439453,2709.0,2709.0,0,False
14,57,16,-12.913776397705078,2772.0,2772.0,0,False
14,58,15,-12.53074836730957,2815.0,2815.0,0,False
14,59,2,-27.058334350585938,2865.0,2865.0,0,False
14,60,4,-29.400001525878906,2900.0,2900.0,0,False
14,61,2,-37.7933349609375,2937.0,2937.0,0,False
14,62,8,-42.56833267211914,2969.0,2969.0,0,False
14,63,3,10.390563011169434,3010.0,3010.0,0,False
14,64,1,-21.145069122314453,3049.0,3049.0,0,False
14,65,6,-24.716724395751953,3124.0,3124.0,0,False
14,66,4,-17.80008316040039,3174.0,3174.0,0,False
14,67,2,-26.73845100402832,3215.0,3215.0,0,False
14,68,7,-28.81500244140625,3248.0,3248.0,0,False
14,69,18,-36.59833526611328,3281.0,3281.0,0,False
14,70,10,-16.395000457763672,3335.0,3335.0,0,False
14,71,13,-25.86016845703125,3372.0,3372.0,0,False
14,72,14,-38.073890686035156,3414.0,3414.0,0,False
14,73,1,-25.585424423217773,3450.0,3450.0,0,False
14,74,15,-26.720001220703125,3484.0,3484.0,0,False
14,75,9,-36.996665954589844,3510.0,3510.0,0,False
14,76,6,-44.78166961669922,3553.0,3553.0,0,False
14,77,18,-49.54719161987305,3590.0,3590.0,0,False
14,78,14,-57.150001525878906,3630.0,3630.0,0,False
14,79,4,-55.187435150146484,3672.0,3672.0,0,False
14,80,18,-67.4953842163086,3713.0,3713.0,0,False
14,81,13,-70.29003143310547,3751.0,3751.0,0,False
14,82,8,-57.313392639160156,3812.0,3812.0,0,False
14,83,15,-28.231834411621094,3862.0,3862.0,0,False
14,84,10,-60.91652297973633,3899.0,3899.0,0,False
14,85,10,-62.50149154663086,3936.0,3936.0,0,False
14,86,8,-5.2100019454956055,3969.0,3969.0,0,False
14,87,7,-75.0543212890625,4038.0,4038.0,0,False
14,88,2,-14.337055206298828,4068.0,4068.0,0,False
14,89,19,-79.2750244140625,4113.0,4113.0,0,False
14,90,10,-55.25801086425781,4162.0,4162.0,0,False
14,91,7,-86.66519927978516,4235.0,4235.0,0,False
14,92,19,-92.3455810546875,4274.0,4274.0,0,False
14,93,12,-87.67854309082031,4317.0,4317.0,0,False
14,94,18,-40.83868408203125,4362.0,4362.0,0,False
14,95,7,-99.77084350585938,4426.0,4426.0,0,False
14,96,17,-17.41273307800293,4488.0,4488.0,0,False
14,97,7,8.427492141723633,4538.0,4538.0,0,False
14,98,19,-9.22173023223877,4594.0,4594.0,0,False
14,99,14,-15.750732421875,4637.0,4637.0,0,False
14,100,19,-17.64434814453125,4674.0,4674.0,0,False
14,101,17,-24.432676315307617,4714.0,4714.0,0,False
14,102,9,32.78997802734375,4746.0,4746.0,0,False
14,103,17,-21.962392807006836,4790.0,4790.0,0,False
14,104,17,-32.725467681884766,4860.0,4860.0,0,False
14,105,16,-31.337039947509766,4900.0,4900.0,0,False
14,106,19,-33.07676696777344,4940.0,4940.0,0,False
14,107,16,-40.257102966308594,4989.0,4989.0,0,False
14,108,16,-46.40424728393555,5030.0,5030.0,0,False
14,109,0,-20.340625762939453,5110.0,5110.0,0,False
14,110,17,13.942642211914062,5143.0,5143.0,0,False
14,111,6,-7.890440464019775,5182.0,5182.0,0,False
14,112,0,-9.520254135131836,5218.0,5218.0,0,False
14,113,12,-11.361077308654785,5286.0,5286.0,0,False
14,114,13,-19.480121612548828,5335.0,5335.0,0,False
14,115,13,-26.48033332824707,5380.0,5380.0,0,False
14,116,14,-28.238271713256836,5422.0,5422.0,0,False
14,117,19,-22.000900268554688,5477.0,5477.0,0,False
14,118,16,-44.38920593261719,5542.0,5542.0,0,False
14,119,12,-32.52141189575195,5584.0,5584.0,0,False
14,120,14,19.030502319335938,5645.0,5645.0,0,False
14,121,0,-45.024505615234375,5696.0,5696.0,0,False
14,122,0,-48.23344802856445,5734.0,5734.0,0,False
14,123,16,-58.527679443359375,5808.0,5808.0,0,False
14,124,13,-58.13880920410156,5852.0,5852.0,0,False
14,125,13,-53.04282760620117,5893.0,5893.0,0,False
14,126,6,-75.54590606689453,5936.0,5936.0,0,False
14,127,0,-75.16361236572266,5978.0,5978.0,0,False
14,128,0,-58.47909927368164,6010.0,6010.0,0,False
14,129,12,-54.098976135253906,6078.0,6078.0,0,False
14,130,6,-101.0059814453125,6124.0,6124.0,0,False
14,131,16,-69.45774841308594,6164.0,6164.0,0,False
14,132,6,-99.91554260253906,6197.0,6197.0,0,False
14,133,6,-107.08419799804688,6227.0,6227.0,0,False
14,134,6,-58.13372039794922,6272.0,6272.0,0,False
15,1,1,21.796630255381267,16.0,16.0,0,False
15,2,16,4.872390630510118,79.0,79.0,0,False
15,3,11,-13.666081715329643,150.0,150.0,0,False
15,4,9,-29.54258867899577,222.0,222.0,0,False
15,5,18,-37.55084733645934,277.0,277.0,0,False
15,6,8,-50.76310208638509,357.0,357.0,0,False
15,7,0,-56.66825652994135,437.0,437.0,0,False
15,8,7,-69.98612213134766,496.0,496.0,0,False
15,9,7,-19.54071945387932,509.0,509.0,0,False
15,10,1,-27.25496063232422,534.0,534.0,0,False
15,11,18,-43.00686893438744,584.0,584.0,0,False
15,12,7,4.341868275926217,638.0,638.0,0,False
15,13,11,-7.561724168455688,680.0,680.0,0,False
15,14,10,2.7783327102661133,736.0,736.0,0,False
15,15,1,5.904497241973877,774.0,774.0,0,False
15,16,4,-15.613175392150879,850.0,850.0,0,False
15,17,13,-24.799556732177734,908.0,908.0,0,False
15,18,7,-18.06641104944714,981.0,981.0,0,False
15,19,1,-2.7102308909098305,1022.0,1022.0,0,False
15,20,11,-9.216003039452538,1082.0,1082.0,0,False
15,21,10,-7.439398765563965,1115.0,1115.0,0,False
15,22,11,-17.75188602153713,1161.0,1161.0,0,False
15,23,8,-27.299169540405273,1197.0,1197.0,0,False
15,24,3,-13.801607131958008,1262.0,1262.0,0,False
15,25,19,-26.953617095947266,1321.0,1321.0,0,False
15,26,2,-41.62836456298828,1395.0,1395.0,0,False
15,27,18,-17.226577758789062,1432.0,1432.0,0,False
15,28,18,-5.714078211723386,1465.0,1465.0,0,False
15,29,12,-2.5703420639038086,1531.0,1531.0,0,False
15,30,11,-9.838958691734558,1579.0,1579.0,0,False
15,31,19,-17.738676071166992,1624.0,1624.0,0,False
15,32,13,-23.2962589263916,1660.0,1660.0,0,False
15,33,9,-34.01115417480469,1705.0,1705.0,0,False
15,34,2,-39.37791061401367,1745.0,1745.0,0,False
15,35,17,-35.50346755981445,1807.0,1807.0,0,False
15,36,17,-31.968555450439453,1847.0,1847.0,0,False
15,37,19,-5.40802001953125,1886.0,1886.0,0,False
15,38,17,-7.227483749389648,1925.0,1925.0,0,False
15,39,15,-15.283883094787598,1991.0,1991.0,0,False
15,40,12,-6.060855865478516,2034.0,2034.0,0,False
15,41,1,-16.376787865956622,2078.0,2078.0,0,False
15,42,8,-17.885068893432617,2147.0,2147.0,0,False
15,43,19,-23.70186424255371,2203.0,2203.0,0,False
15,44,2,-37.980987548828125,2276.0,2276.0,0,False
15,45,12,-36.65217590332031,2339.0,2339.0,0,False
15,46,11,-33.86307295571524,2387.0,2387.0,0,False
15,47,12,-36.4786262512207,2429.0,2429.0,0,False
15,48,17,-43.762535095214844,2499.0,2499.0,0,False
15,49,11,-17.20900057580477,2541.0,2541.0,0,False
15,50,2,-56.313575744628906,2591.0,2591.0,0,False
15,51,3,-54.852195739746094,2626.0,2626.0,0,False
15,52,1,-20.8820004357232,2662.0,2662.0,0,False
15,53,9,-65.34532165527344,2716.0,2716.0,0,False
15,54,17,-16.527406141494634,2749.0,2749.0,0,False
15,55,2,-69.32089233398438,2786.0,2786.0,0,False
15,56,10,-64.95831298828125,2843.0,2843.0,0,False
15,57,7,-78.59500122070312,2907.0,2907.0,0,False
15,58,12,-56.412803649902344,2975.0,2975.0,0,False
15,59,5,-30.380001068115234,3036.0,3036.0,0,False
15,60,15,-7.000000953674316,3071.0,3071.0,0,False
15,61,8,-20.323335647583008,3114.0,3114.0,0,False
15,62,2,-26.463335037231445,3155.0,3155.0,0,False
15,63,15,-11.649999618530273,3200.0,3200.0,0,False
15,64,7,-0.994012713432312,3250.0,3250.0,0,False
15,65,9,-30.479955673217773,3292.0,3292.0,0,False
15,66,5,-36.21500015258789,3325.0,3325.0,0,False
15,67,5,-31.62641143798828,3373.0,3373.0,0,False
15,68,8,-33.56833267211914,3405.0,3405.0,0,False
15,69,3,-26.43459129333496,3455.0,3455.0,0,False
15,70,0,-33.505001068115234,3491.0,3491.0,0,False
15,71,10,-35.110008239746094,3528.0,3528.0,0,False
15,72,2,17.00870132446289,3558.0,3558.0,0,False
15,73,8,-50.963340759277344,3624.0,3624.0,0,False
15,74,4,-49.525001525878906,3659.0,3659.0,0,False
15,75,18,-57.918338775634766,3696.0,3696.0,0,False
15,76,0,-52.155006408691406,3747.0,3747.0,0,False
15,77,4,-62.10000228881836,3787.0,3787.0,0,False
15,78,0,-58.465003967285156,3825.0,3825.0,0,False
15,79,9,-70.74667358398438,3856.0,3856.0,0,False
15,80,14,-18.365007400512695,3904.0,3904.0,0,False
15,81,15,-11.440744400024414,3947.0,3947.0,0,False
15,82,18,-24.415910720825195,3988.0,3988.0,0,False
15,83,5,-20.86716079711914,4061.0,4061.0,0,False
15,84,5,40.24312973022461,4117.0,4117.0,0,False
15,85,15,-16.74945640563965,4151.0,4151.0,0,False
15,86,9,-28.16733169555664,4184.0,4184.0,0,False
15,87,0,-23.09682846069336,4221.0,4221.0,0,False
15,88,18,20.21990203857422,4266.0,4266.0,0,False
15,89,6,-25.225086212158203,4326.0,4326.0,0,False
15,90,15,8.74251937866211,4376.0,4376.0,0,False
15,91,8,51.4447021484375,4414.0,4414.0,0,False
15,92,0,26.48460578918457,4441.0,4441.0,0,False
15,93,10,-4.238448143005371,4490.0,4490.0,0,False
15,94,4,-15.25320816040039,4525.0,4525.0,0,False
15,95,19,-20.911144256591797,4562.0,4562.0,0,False
15,96,19,-20.153329849243164,4602.0,4602.0,0,False
15,97,3,-19.560531616210938,4636.0,4636.0,0,False
15,98,9,-32.02629470825195,4667.0,4667.0,0,False
15,99,19,-14.627457618713379,4717.0,4717.0,0,False
15,100,3,-24.537498474121094,4757.0,4757.0,0,False
15,101,16,-39.466346740722656,4797.0,4797.0,0,False
15,102,10,-40.06315231323242,4834.0,4834.0,0,False
15,103,13,-40.28044891357422,4871.0,4871.0,0,False
15,104,3,-41.829837799072266,4915.0,4915.0,0,False
15,105,4,-52.480224609375,4965.0,4965.0,0,False
15,106,16,-46.588809967041016,5009.0,5009.0,0,False
15,107,3,-26.219560623168945,5050.0,5050.0,0,False
15,108,4,-54.79558181762695,5092.0,5092.0,0,False
15,109,10,-59.266815185546875,5134.0,5134.0,0,False
15,110,6,-74.59541320800781,5177.0,5177.0,0,False
15,111,13,-75.5723648071289,5215.0,5215.0,0,False
15,112,14,-86.59685516357422,5248.0,5248.0,0,False
15,113,6,-76.07849884033203,5287.0,5287.0,0,False
15,114,14,-80.60034942626953,5332.0,5332.0,0,False
15,115,10,-49.193031311035156,5381.0,5381.0,0,False
15,116,13,-87.1092300415039,5430.0,5430.0,0,False
15,117,9,-31.475749969482422,5462.0,5462.0,0,False
15,118,16,-88.24295806884766,5503.0,5503.0,0,False
15,119,13,-93.28266143798828,5553.0,5553.0,0,False
15,120,14,-98.91146850585938,5595.0,5595.0,0,False
15,121,6,-103.89836883544922,5638.0,5638.0,0,False
15,122,13,-111.23548889160156,5682.0,5682.0,0,False
15,123,13,-107.96550750732422,5723.0,5723.0,0,False
15,124,6,-139.4866485595703,5769.0,5769.0,0,False
15,125,16,-114.42306518554688,5834.0,5834.0,0,False
15,126,16,-123.28946685791016,5903.0,5903.0,0,False
15,127,16,-105.19319915771484,5938.0,5938.0,0,False
15,128,14,-132.74855041503906,5973.0,5973.0,0,False
15,129,14,-135.31893920898438,6011.0,6011.0,0,False
15,130,6,-150.08580017089844,6044.0,6044.0,0,False
15,131,6,-153.63584899902344,6074.0,6074.0,0,False
15,132,6,-108.65621948242188,6119.0,6119.0,0,False
15,133,14,-165.09210205078125,6161.0,6161.0,0,False
15,134,14,-116.37239074707031,6217.0,6217.0,0,False
16,1,5,10.967418432235718,36.0,36.0,0,False
16,2,11,-6.553572992823817,107.0,107.0,0,False
16,3,1,-15.50557778676351,163.0,163.0,0,False
16,4,1,9.28064963022868,173.0,173.0,0,False
16,5,0,-13.475041557640157,253.0,253.0,0,False
16,6,10,-25.903233146667482,324.0,324.0,0,False
16,7,8,-39.25428359773424,389.0,389.0,0,False
16,8,10,-13.178236071268717,417.0,417.0,0,False
16,9,0,-22.70253891791067,453.0,453.0,0,False
16,10,6,-44.48786544799805,528.0,528.0,0,False
16,11,10,11.296348147922092,570.0,570.0,0,False
16,12,18,-15.900374412536621,625.0,625.0,0,False
16,13,10,-2.199137931399875,662.0,662.0,0,False
16,14,19,-21.12725830078125,721.0,721.0,0,False
16,15,17,-21.63174057006836,768.0,768.0,0,False
16,16,9,-43.628570556640625,840.0,840.0,0,False
16,17,6,-13.847405433654785,878.0,878.0,0,False
16,18,19,-18.468965530395508,923.0,923.0,0,False
16,19,7,-26.495975494384766,982.0,982.0,0,False
16,20,7,-22.07667350769043,1015.0,1015.0,0,False
16,21,11,-28.658018112182617,1057.0,1057.0,0,False
16,22,15,-34.42441940307617,1123.0,1123.0,0,False
16,23,11,-6.513614664645145,1183.0,1183.0,0,False
16,24,2,-22.826805114746094,1257.0,1257.0,0,False
16,25,10,-11.410676873524984,1311.0,1311.0,0,False
16,26,14,-24.796863555908203,1374.0,1374.0,0,False
16,27,5,-9.257560729980469,1407.0,1407.0,0,False
16,28,8,-13.208476066589355,1443.0,1443.0,0,False
16,29,19,-5.309605598449707,1482.0,1482.0,0,False
16,30,5,-17.68109079643532,1535.0,1535.0,0,False
16,31,15,-9.334805488586426,1570.0,1570.0,0,False
16,32,4,-15.66747760772705,1646.0,1646.0,0,False
16,33,15,1.1124324798583984,1686.0,1686.0,0,False
16,34,13,-19.503950119018555,1744.0,1744.0,0,False
16,35,15,-3.826437581691976,1787.0,1787.0,0,False
16,36,1,-5.937893867492676,1830.0,1830.0,0,False
16,37,10,-5.1485089584633155,1867.0,1867.0,0,False
16,38,5,-21.07494852277968,1940.0,1940.0,0,False
16,39,12,-17.402700424194336,2021.0,2021.0,0,False
16,40,11,-11.836555480957031,2067.0,2067.0,0,False
16,41,10,-13.700520506359283,2109.0,2109.0,0,False
16,42,0,-8.409891128540039,2160.0,2160.0,0,False
16,43,11,-17.28999900817871,2208.0,2208.0,0,False
16,44,13,-22.832582473754883,2244.0,2244.0,0,False
16,45,11,-30.09863033854291,2292.0,2292.0,0,False
16,46,3,-21.238462448120117,2357.0,2357.0,0,False
16,47,15,-16.499788284301758,2391.0,2391.0,0,False
16,48,8,-15.671402931213379,2460.0,2460.0,0,False
16,49,1,-15.153788566589355,2501.0,2501.0,0,False
16,50,18,-25.81348419189453,2551.0,2551.0,0,False
16,51,10,22.288003497653534,2600.0,2600.0,0,False
16,52,2,-39.11431121826172,2640.0,2640.0,0,False
16,53,16,-32.38490295410156,2718.0,2718.0,0,False
16,54,17,-27.56999397277832,2758.0,2758.0,0,False
16,55,16,-33.79508590698242,2798.0,2798.0,0,False
16,56,8,-43.335391998291016,2841.0,2841.0,0,False
16,57,7,-16.145000457763672,2905.0,2905.0,0,False
16,58,17,-26.895000457763672,2949.0,2949.0,0,False
16,59,4,-25.25,2984.0,2984.0,0,False
16,60,9,-35.71666717529297,3029.0,3029.0,0,False
16,61,8,-39.61833190917969,3061.0,3061.0,0,False
16,62,2,-41.12333679199219,3134.0,3134.0,0,False
16,63,18,-44.46833419799805,3166.0,3166.0,0,False
16,64,5,14.29812240600586,3222.0,3222.0,0,False
16,65,15,-15.415151596069336,3272.0,3272.0,0,False
16,66,8,-54.863807678222656,3338.0,3338.0,0,False
16,67,11,-46.463096618652344,3380.0,3380.0,0,False
16,68,9,-61.68806457519531,3434.0,3434.0,0,False
16,69,4,-63.95001983642578,3474.0,3474.0,0,False
16,70,2,-68.53334045410156,3524.0,3524.0,0,False
16,71,13,-66.18499755859375,3561.0,3561.0,0,False
16,72,8,-12.849442481994629,3599.0,3599.0,0,False
16,73,3,-68.25019836425781,3634.0,3634.0,0,False
16,74,2,-80.64620971679688,3671.0,3671.0,0,False
16,75,19,-79.67375946044922,3727.0,3727.0,0,False
16,76,7,-90.69032287597656,3800.0,3800.0,0,False
16,77,18,-89.84846496582031,3833.0,3833.0,0,False
16,78,9,-97.02666473388672,3875.0,3875.0,0,False
16,79,4,-98.57518005371094,3910.0,3910.0,0,False
16,80,9,-106.8716812133789,3941.0,3941.0,0,False
16,81,18,-111.61869049072266,3978.0,3978.0,0,False
16,82,18,-115.76708221435547,4014.0,4014.0,0,False
16,83,3,-101.29265594482422,4069.0,4069.0,0,False
16,84,18,-50.65730285644531,4114.0,4114.0,0,False
16,85,4,-116.08143615722656,4164.0,4164.0,0,False
16,86,1,-122.6708755493164,4208.0,4208.0,0,False
16,87,2,-131.6507568359375,4249.0,4249.0,0,False
16,88,7,-123.74522399902344,4313.0,4313.0,0,False
16,89,2,-66.15203094482422,4343.0,4343.0,0,False
16,90,19,-129.61033630371094,4380.0,4380.0,0,False
16,91,14,-139.04592895507812,4413.0,4413.0,0,False
16,92,7,-123.16508483886719,4463.0,4463.0,0,False
16,93,14,-132.634033203125,4513.0,4513.0,0,False
16,94,0,-135.779296875,4551.0,4551.0,0,False
16,95,19,-141.71058654785156,4591.0,4591.0,0,False
16,96,1,-136.07501220703125,4627.0,4627.0,0,False
16,97,9,-151.52626037597656,4665.0,4665.0,0,False
16,98,14,-177.96099853515625,4707.0,4707.0,0,False
16,99,9,-154.37644958496094,4733.0,4733.0,0,False
16,100,14,-149.07687377929688,4768.0,4768.0,0,False
16,101,19,-151.4567108154297,4823.0,4823.0,0,False
16,102,12,-158.80186462402344,4866.0,4866.0,0,False
16,103,0,-165.1223907470703,4908.0,4908.0,0,False
16,104,4,-172.81092834472656,4950.0,4950.0,0,False
16,105,9,-118.81629180908203,4982.0,4982.0,0,False
16,106,13,-185.04788208007812,5020.0,5020.0,0,False
16,107,12,-175.1988067626953,5088.0,5088.0,0,False
16,108,13,-182.6787872314453,5137.0,5137.0,0,False
16,109,6,-187.35946655273438,5176.0,5176.0,0,False
16,110,3,-183.24325561523438,5210.0,5210.0,0,False
16,111,0,-161.94664001464844,5242.0,5242.0,0,False
16,112,14,-202.60910034179688,5285.0,5285.0,0,False
16,113,13,-206.01809692382812,5335.0,5335.0,0,False
16,114,6,-219.34478759765625,5378.0,5378.0,0,False
16,115,17,-206.2328643798828,5448.0,5448.0,0,False
16,116,13,-208.7216033935547,5492.0,5492.0,0,False
16,117,3,-212.51194763183594,5537.0,5537.0,0,False
16,118,3,-215.30441284179688,5576.0,5576.0,0,False
16,119,16,-218.5149688720703,5625.0,5625.0,0,False
16,120,13,-212.24278259277344,5666.0,5666.0,0,False
16,121,16,-224.3747100830078,5707.0,5707.0,0,False
16,122,14,-238.6500701904297,5749.0,5749.0,0,False
16,123,3,-204.8415985107422,5785.0,5785.0,0,False
16,124,14,-178.4396514892578,5841.0,5841.0,0,False
16,125,16,-252.77513122558594,5906.0,5906.0,0,False
16,126,16,-262.5536804199219,5975.0,5975.0,0,False
16,127,6,-255.49949645996094,6021.0,6021.0,0,False
16,128,12,-255.36697387695312,6063.0,6063.0,0,False
16,129,6,-270.3389587402344,6101.0,6101.0,0,False
16,130,17,-255.49282836914062,6134.0,6134.0,0,False
16,131,12,-243.1602783203125,6202.0,6202.0,0,False
16,132,6,-278.7799072265625,6237.0,6237.0,0,False
16,133,6,-231.11746215820312,6282.0,6282.0,0,False
16,134,16,-291.9906311035156,6322.0,6322.0,0,False
17,1,15,24.105126968323663,26.0,26.0,0,False
17,2,4,-5.6039815902709975,102.0,102.0,0,False
17,3,15,17.624840746744294,117.0,117.0,0,False
17,4,15,21.485883884463334,147.0,147.0,0,False
17,5,19,6.156213069448665,191.0,191.0,0,False
17,6,13,-10.507856623331705,249.0,249.0,0,False
17,7,16,-21.354042561848956,312.0,312.0,0,False
17,8,11,-32.405964305756434,383.0,383.0,0,False
17,9,9,-47.537071228027344,455.0,455.0,0,False
17,10,5,-53.642004330952965,516.0,516.0,0,False
17,11,15,-17.91042161163223,559.0,559.0,0,False
17,12,1,-35.290771484375,615.0,615.0,0,False
17,13,18,-46.67860412597656,670.0,670.0,0,False
17,14,2,-52.380611419677734,729.0,729.0,0,False
17,15,7,-62.479286193847656,788.0,788.0,0,False
17,16,15,-38.60260997698729,822.0,822.0,0,False
17,17,16,-55.975704193115234,862.0,862.0,0,False
17,18,10,-48.97083282470703,918.0,918.0,0,False
17,19,10,-46.48839569091797,946.0,946.0,0,False
17,20,13,-55.32783889770508,977.0,977.0,0,False
17,21,2,-68.68126678466797,1017.0,1017.0,0,False
17,22,18,-74.45948791503906,1062.0,1062.0,0,False
17,23,15,-25.740488389076994,1112.0,1112.0,0,False
17,24,18,-15.002219236720249,1149.0,1149.0,0,False
17,25,10,-17.221481323242188,1206.0,1206.0,0,False
17,26,1,-19.955299377441406,1236.0,1236.0,0,False
17,27,10,-17.78462004131741,1273.0,1273.0,0,False
17,28,10,-25.68626748614841,1327.0,1327.0,0,False
17,29,13,-36.41059112548828,1364.0,1364.0,0,False
17,30,4,-33.49754333496094,1399.0,1399.0,0,False
17,31,13,-39.41804634730021,1437.0,1437.0,0,False
17,32,6,-20.775089263916016,1512.0,1512.0,0,False
17,33,16,-9.70102310180664,1556.0,1556.0,0,False
17,34,17,-19.13991355895996,1618.0,1618.0,0,False
17,35,0,-27.680095672607422,1698.0,1698.0,0,False
17,36,8,-46.9636116027832,1778.0,1778.0,0,False
17,37,17,-19.580368041992188,1818.0,1818.0,0,False
17,38,11,-21.073575973510742,1855.0,1855.0,0,False
17,39,0,-26.921157836914062,1891.0,1891.0,0,False
17,40,16,-20.836490631103516,1932.0,1932.0,0,False
17,41,3,-11.887646675109863,1997.0,1997.0,0,False
17,42,1,-11.344619750976562,2040.0,2040.0,0,False
17,43,5,-8.95218276977539,2068.0,2068.0,0,False
17,44,9,-14.403939247131348,2108.0,2108.0,0,False
17,45,3,-8.35609245300293,2138.0,2138.0,0,False
17,46,0,-12.048081398010254,2189.0,2189.0,0,False
17,47,8,-21.833995819091797,2225.0,2225.0,0,False
17,48,17,-21.938262939453125,2269.0,2269.0,0,False
17,49,16,-44.10903549194336,2334.0,2334.0,0,False
17,50,8,-45.75065231323242,2403.0,2403.0,0,False
17,51,7,-30.719881057739258,2431.0,2431.0,0,False
17,52,8,-44.570186614990234,2474.0,2474.0,0,False
17,53,19,-49.00008010864258,2519.0,2519.0,0,False
17,54,19,-45.089542388916016,2558.0,2558.0,0,False
17,55,2,-59.453704833984375,2631.0,2631.0,0,False
17,56,0,-51.209171295166016,2669.0,2669.0,0,False
17,57,7,-62.00251007080078,2738.0,2738.0,0,False
17,58,18,-65.86648559570312,2771.0,2771.0,0,False
17,59,0,-65.61470031738281,2813.0,2813.0,0,False
17,60,17,-73.55000305175781,2883.0,2883.0,0,False
17,61,7,-84.51499938964844,2956.0,2956.0,0,False
17,62,0,-47.31242752075195,2988.0,2988.0,0,False
17,63,19,-84.00518035888672,3044.0,3044.0,0,False
17,64,5,-96.44001770019531,3097.0,3097.0,0,False
17,65,19,-90.4850082397461,3134.0,3134.0,0,False
17,66,18,-98.86835479736328,3171.0,3171.0,0,False
17,67,8,-103.64334869384766,3203.0,3203.0,0,False
17,68,10,-97.36002349853516,3235.0,3235.0,0,False
17,69,13,-108.02000427246094,3279.0,3279.0,0,False
17,70,10,-109.53500366210938,3316.0,3316.0,0,False
17,71,10,-93.11604309082031,3365.0,3365.0,0,False
17,72,7,-113.02000427246094,3429.0,3429.0,0,False
17,73,19,-118.9000015258789,3469.0,3469.0,0,False
17,74,9,-130.73666381835938,3523.0,3523.0,0,False
17,75,7,-99.15454864501953,3568.0,3568.0,0,False
17,76,1,-128.8050079345703,3609.0,3609.0,0,False
17,77,8,-133.9633331298828,3675.0,3675.0,0,False
17,78,19,-127.72332763671875,3730.0,3730.0,0,False
17,79,13,-138.47500610351562,3780.0,3780.0,0,False
17,80,8,-80.26258087158203,3818.0,3818.0,0,False
17,81,2,-147.40879821777344,3868.0,3868.0,0,False
17,82,11,-148.6265869140625,3928.0,3928.0,0,False
17,83,4,-149.50132751464844,3963.0,3963.0,0,False
17,84,13,-154.52186584472656,4007.0,4007.0,0,False
17,85,5,-165.5676727294922,4080.0,4080.0,0,False
17,86,4,-161.90380859375,4115.0,4115.0,0,False
17,87,1,-168.55044555664062,4159.0,4159.0,0,False
17,88,17,-150.0789337158203,4192.0,4192.0,0,False
17,89,5,-106.99258422851562,4248.0,4248.0,0,False
17,90,16,-184.9188690185547,4322.0,4322.0,0,False
17,91,1,-171.5116729736328,4353.0,4353.0,0,False
17,92,18,-184.63856506347656,4394.0,4394.0,0,False
17,93,6,-191.94271850585938,4437.0,4437.0,0,False
17,94,2,-198.91603088378906,4474.0,4474.0,0,False
17,95,14,-20.90250587463379,4522.0,4522.0,0,False
17,96,11,-19.247264862060547,4568.0,4568.0,0,False
17,97,9,-28.307146072387695,4610.0,4610.0,0,False
17,98,4,-33.71219253540039,4660.0,4660.0,0,False
17,99,11,-34.29268264770508,4703.0,4703.0,0,False
17,100,4,-42.236793518066406,4745.0,4745.0,0,False
17,101,3,-20.38776206970215,4800.0,4800.0,0,False
17,102,6,-29.4197998046875,4834.0,4834.0,0,False
17,103,13,-17.176137924194336,4875.0,4875.0,0,False
17,104,6,-37.7489013671875,4918.0,4918.0,0,False
17,105,6,-44.44356918334961,4964.0,4964.0,0,False
17,106,12,-21.01251220703125,5045.0,5045.0,0,False
17,107,16,-22.63998794555664,5085.0,5085.0,0,False
17,108,11,-7.449972629547119,5133.0,5133.0,0,False
17,109,12,-9.880317687988281,5176.0,5176.0,0,False
17,110,14,-23.924606323242188,5209.0,5209.0,0,False
17,111,11,-18.725383758544922,5251.0,5251.0,0,False
17,112,6,-35.4672737121582,5289.0,5289.0,0,False
17,113,6,-38.035552978515625,5319.0,5319.0,0,False
17,114,14,-30.7174015045166,5369.0,5369.0,0,False
17,115,6,30.82836151123047,5414.0,5414.0,0,False
17,116,2,-36.387264251708984,5455.0,5455.0,0,False
17,117,14,-36.7218132019043,5497.0,5497.0,0,False
17,118,14,-41.198726654052734,5537.0,5537.0,0,False
17,119,14,-45.24338912963867,5575.0,5575.0,0,False
17,120,18,6.324798583984375,5620.0,5620.0,0,False
17,121,14,-51.25747299194336,5662.0,5662.0,0,False
17,122,3,-49.25936508178711,5696.0,5696.0,0,False
17,123,9,-63.394752502441406,5727.0,5727.0,0,False
17,124,12,-54.7403678894043,5795.0,5795.0,0,False
17,125,12,-55.77785110473633,5837.0,5837.0,0,False
17,126,9,-71.33810424804688,5875.0,5875.0,0,False
17,127,9,-72.32877349853516,5901.0,5901.0,0,False
17,128,3,-69.40498352050781,5941.0,5941.0,0,False
17,129,12,-47.87509536743164,6009.0,6009.0,0,False
17,130,2,-35.790584564208984,6039.0,6039.0,0,False
17,131,9,-29.918781280517578,6071.0,6071.0,0,False
17,132,14,-36.84748458862305,6132.0,6132.0,0,False
17,133,3,-106.52882385253906,6176.0,6176.0,0,False
17,134,3,-88.87909698486328,6212.0,6212.0,0,False
18,1,1,21.796630255381267,16.0,16.0,0,False
18,2,6,-7.7148598141140425,91.0,91.0,0,False
18,3,14,-12.692256588503284,139.0,139.0,0,False
18,4,7,-21.329691920739684,198.0,198.0,0,False
18,5,4,-33.80520585378011,274.0,274.0,0,False
18,6,17,-34.170519987742104,321.0,321.0,0,False
18,7,14,-12.605847263605487,334.0,334.0,0,False
18,8,14,7.63419985922663,369.0,369.0,0,False
18,9,15,-3.209602816927454,435.0,435.0,0,False
18,10,12,-16.08827982938169,516.0,516.0,0,False
18,11,4,-5.096457227071127,551.0,551.0,0,False
18,12,4,4.45762012799581,591.0,591.0,0,False
18,13,0,-7.175894737243652,671.0,671.0,0,False
18,14,14,-8.035653027804798,713.0,713.0,0,False
18,15,14,-2.7884241108838808,753.0,753.0,0,False
18,16,13,-8.553711891174316,811.0,811.0,0,False
18,17,14,-5.865853767280566,849.0,849.0,0,False
18,18,12,-7.100132951859699,892.0,892.0,0,False
18,19,15,-13.287797919171496,927.0,927.0,0,False
18,20,7,-22.517173767089844,960.0,960.0,0,False
18,21,6,-32.92581558227539,1003.0,1003.0,0,False
18,22,12,-11.460688220259613,1071.0,1071.0,0,False
18,23,12,-13.46691191050709,1113.0,1113.0,0,False
18,24,8,-10.937252044677734,1178.0,1178.0,0,False
18,25,3,-26.469690322875977,1243.0,1243.0,0,False
18,26,6,-12.425819396972656,1282.0,1282.0,0,False
18,27,0,1.0782661437988281,1318.0,1318.0,0,False
18,28,1,-7.560553073883057,1348.0,1348.0,0,False
18,29,11,-15.94008731842041,1419.0,1419.0,0,False
18,30,13,-5.989532470703125,1450.0,1450.0,0,False
18,31,9,-27.991363525390625,1522.0,1522.0,0,False
18,32,15,2.110213279724121,1562.0,1562.0,0,False
18,33,10,-16.594322204589844,1633.0,1633.0,0,False
18,34,6,-12.087961196899414,1676.0,1676.0,0,False
18,35,13,-4.349503993988037,1713.0,1713.0,0,False
18,36,13,-8.743339538574219,1751.0,1751.0,0,False
18,37,1,-6.307175636291504,1789.0,1789.0,0,False
18,38,16,-8.286693572998047,1852.0,1852.0,0,False
18,39,11,-8.893038749694824,1894.0,1894.0,0,False
18,40,19,-20.010047912597656,1953.0,1953.0,0,False
18,41,10,-11.59074592590332,1986.0,1986.0,0,False
18,42,14,-9.91954408680928,2028.0,2028.0,0,False
18,43,19,-11.26531982421875,2073.0,2073.0,0,False
18,44,14,72.83355408071672,2129.0,2129.0,0,False
18,45,10,-19.78619956970215,2186.0,2186.0,0,False
18,46,2,-26.99595069885254,2260.0,2260.0,0,False
18,47,13,-12.63835334777832,2309.0,2309.0,0,False
18,48,15,-15.300325393676758,2352.0,2352.0,0,False
18,49,9,-29.9802188873291,2397.0,2397.0,0,False
18,50,11,-18.65118980407715,2457.0,2457.0,0,False
18,51,11,-22.49004364013672,2503.0,2503.0,0,False
18,52,6,-33.3155632019043,2549.0,2549.0,0,False
18,53,11,-37.129005432128906,2597.0,2597.0,0,False
18,54,3,-38.51095962524414,2632.0,2632.0,0,False
18,55,15,-43.79728698730469,2666.0,2666.0,0,False
18,56,11,-55.33739471435547,2714.0,2714.0,0,False
18,57,1,-61.68311309814453,2755.0,2755.0,0,False
18,58,12,3.7551184899732846,2823.0,2823.0,0,False
18,59,11,-42.48674774169922,2865.0,2865.0,0,False
18,60,3,-58.90000534057617,2920.0,2920.0,0,False
18,61,9,-64.13666534423828,2969.0,2969.0,0,False
18,62,0,-60.35499954223633,3015.0,3015.0,0,False
18,63,9,-68.55166625976562,3057.0,3057.0,0,False
18,64,6,-74.2316665649414,3095.0,3095.0,0,False
18,65,5,-28.78000259399414,3171.0,3171.0,0,False
18,66,16,-19.400001525878906,3211.0,3211.0,0,False
18,67,10,-4.985000133514404,3248.0,3248.0,0,False
18,68,4,-12.700000762939453,3283.0,3283.0,0,False
18,69,1,-19.344999313354492,3327.0,3327.0,0,False
18,70,17,-25.325000762939453,3367.0,3367.0,0,False
18,71,6,-34.2166862487793,3402.0,3402.0,0,False
18,72,2,-39.408447265625,3442.0,3442.0,0,False
18,73,2,-34.723411560058594,3515.0,3515.0,0,False
18,74,6,27.96805191040039,3560.0,3560.0,0,False
18,75,16,-36.52010726928711,3609.0,3609.0,0,False
18,76,13,-41.600154876708984,3659.0,3659.0,0,False
18,77,2,-51.93355178833008,3709.0,3709.0,0,False
18,78,16,-46.45500183105469,3750.0,3750.0,0,False
18,79,10,-50.62000274658203,3804.0,3804.0,0,False
18,80,5,-58.090003967285156,3837.0,3837.0,0,False
18,81,17,-56.52000427246094,3881.0,3881.0,0,False
18,82,5,-69.01499938964844,3934.0,3934.0,0,False
18,83,3,-68.27238464355469,3968.0,3968.0,0,False
18,84,10,-65.38357543945312,4005.0,4005.0,0,False
18,85,2,-77.79844665527344,4042.0,4042.0,0,False
18,86,4,-82.72257995605469,4092.0,4092.0,0,False
18,87,3,-113.42769622802734,4137.0,4137.0,0,False
18,88,19,-78.49500274658203,4176.0,4176.0,0,False
18,89,1,-72.5362548828125,4212.0,4212.0,0,False
18,90,18,-22.483333587646484,4267.0,4267.0,0,False
18,91,4,-8.147515296936035,4309.0,4309.0,0,False
18,92,10,-12.935030937194824,4351.0,4351.0,0,False
18,93,7,-15.745044708251953,4420.0,4420.0,0,False
18,94,2,-21.607290267944336,4461.0,4461.0,0,False
18,95,15,5.674909591674805,4511.0,4511.0,0,False
18,96,17,-28.193279266357422,4581.0,4581.0,0,False
18,97,2,30.438756942749023,4611.0,4611.0,0,False
18,98,16,-34.75950622558594,4676.0,4676.0,0,False
18,99,19,-41.98419189453125,4732.0,4732.0,0,False
18,100,19,-39.61174011230469,4769.0,4769.0,0,False
18,101,18,-51.63300704956055,4819.0,4819.0,0,False
18,102,13,-53.74631118774414,4863.0,4863.0,0,False
18,103,17,-35.89522171020508,4896.0,4896.0,0,False
18,104,9,-66.87606811523438,4927.0,4927.0,0,False
18,105,19,-52.98573303222656,4967.0,4967.0,0,False
18,106,19,-45.8209228515625,5017.0,5017.0,0,False
18,107,13,-50.00666046142578,5058.0,5058.0,0,False
18,108,16,-67.09689331054688,5132.0,5132.0,0,False
18,109,10,-34.58530044555664,5176.0,5176.0,0,False
18,110,0,-71.0650405883789,5214.0,5214.0,0,False
18,111,5,-82.94306945800781,5287.0,5287.0,0,False
18,112,18,-87.5929183959961,5324.0,5324.0,0,False
18,113,9,-86.30818939208984,5362.0,5362.0,0,False
18,114,0,-82.77761840820312,5399.0,5399.0,0,False
18,115,7,-95.55960083007812,5472.0,5472.0,0,False
18,116,18,-96.84159088134766,5505.0,5505.0,0,False
18,117,9,-102.65824890136719,5536.0,5536.0,0,False
18,118,9,-44.93083953857422,5568.0,5568.0,0,False
18,119,0,-73.57823944091797,5595.0,5595.0,0,False
18,120,16,-82.44217681884766,5635.0,5635.0,0,False
18,121,3,-131.87759399414062,5679.0,5679.0,0,False
18,122,7,-110.60262298583984,5738.0,5738.0,0,False
18,123,8,-115.4078369140625,5774.0,5774.0,0,False
18,124,18,-123.10741424560547,5811.0,5811.0,0,False
18,125,3,-89.6126937866211,5852.0,5852.0,0,False
18,126,18,-129.57374572753906,5888.0,5888.0,0,False
18,127,18,-79.7445068359375,5933.0,5933.0,0,False
18,128,7,-125.33556365966797,5983.0,5983.0,0,False
18,129,5,-77.04200744628906,6034.0,6034.0,0,False
18,130,8,-168.3318328857422,6103.0,6103.0,0,False
18,131,8,-161.07041931152344,6146.0,6146.0,0,False
18,132,8,-168.05393981933594,6178.0,6178.0,0,False
18,133,8,-172.5143585205078,6244.0,6244.0,0,False
18,134,8,-138.42755126953125,6277.0,6277.0,0,False
19,1,4,18.417418670654296,36.0,36.0,0,False
19,2,6,-11.049628003438315,111.0,111.0,0,False
19,3,14,-16.03071148606774,159.0,159.0,0,False
19,4,1,-24.031528155008953,215.0,215.0,0,False
19,5,1,4.871365547180176,225.0,225.0,0,False
19,6,14,-13.398947051250595,258.0,258.0,0,False
19,7,6,-17.69178293016222,296.0,296.0,0,False
19,8,15,-21.760153844936927,362.0,362.0,0,False
19,9,13,-35.953453063964844,420.0,420.0,0,False
19,10,9,-50.89528274536133,492.0,492.0,0,False
19,11,10,-54.273155212402344,563.0,563.0,0,False
19,12,14,-13.816664206755835,598.0,598.0,0,False
19,13,10,6.203640058305528,631.0,631.0,0,False
19,14,6,-0.7417605894583232,665.0,665.0,0,False
19,15,9,-9.481468942430284,710.0,710.0,0,False
19,16,14,-10.390247551998485,752.0,752.0,0,False
19,17,13,-11.439285278320312,788.0,788.0,0,False
19,18,19,-8.611292839050293,847.0,847.0,0,False
19,19,6,-7.937154187096489,890.0,890.0,0,False
19,20,15,-7.093136159425859,925.0,925.0,0,False
19,21,19,-18.508447647094727,970.0,970.0,0,False
19,22,6,-27.59674700842963,1016.0,1016.0,0,False
19,23,6,-31.102261991854068,1049.0,1049.0,0,False
19,24,3,-26.8687744140625,1114.0,1114.0,0,False
19,25,13,-2.8369803428649902,1151.0,1151.0,0,False
19,26,1,-3.808594714270697,1189.0,1189.0,0,False
19,27,3,-0.9377717971801758,1224.0,1224.0,0,False
19,28,13,-10.37216369840834,1262.0,1262.0,0,False
19,29,5,-15.124871253967285,1323.0,1323.0,0,False
19,30,14,-14.4991006515239,1363.0,1363.0,0,False
19,31,14,-18.711283512263595,1401.0,1401.0,0,False
19,32,17,-25.742687225341797,1463.0,1463.0,0,False
19,33,15,-1.860915184020996,1508.0,1508.0,0,False
19,34,15,-1.0274317739723866,1551.0,1551.0,0,False
19,35,15,-5.67901216096093,1585.0,1585.0,0,False
19,36,12,-15.705022811889648,1666.0,1666.0,0,False
19,37,14,-11.202457169109632,1708.0,1708.0,0,False
19,38,17,-6.186457633972168,1748.0,1748.0,0,False
19,39,14,77.97129321376048,1804.0,1804.0,0,False
19,40,12,-9.908557891845703,1847.0,1847.0,0,False
19,41,19,-15.483020782470703,1886.0,1886.0,0,False
19,42,12,-22.210676193237305,1954.0,1954.0,0,False
19,43,6,-27.541437843867712,1989.0,1989.0,0,False
19,44,8,-14.16780948638916,2069.0,2069.0,0,False
19,45,4,-12.389764785766602,2104.0,2104.0,0,False
19,46,15,33.23601042752508,2154.0,2154.0,0,False
19,47,9,-15.586666107177734,2208.0,2208.0,0,False
19,48,19,-20.645126342773438,2264.0,2264.0,0,False
19,49,13,-21.235862731933594,2313.0,2313.0,0,False
19,50,10,-21.221614837646484,2370.0,2370.0,0,False
19,51,0,-17.4617977142334,2450.0,2450.0,0,False
19,52,17,-15.879396438598633,2494.0,2494.0,0,False
19,53,4,-17.03135108947754,2529.0,2529.0,0,False
19,54,6,69.87376003260984,2574.0,2574.0,0,False
19,55,17,-19.278486251831055,2644.0,2644.0,0,False
19,56,4,-20.55044174194336,2679.0,2679.0,0,False
19,57,2,-22.920190811157227,2753.0,2753.0,0,False
19,58,12,-11.913203239440918,2795.0,2795.0,0,False
19,59,13,-23.725000381469727,2845.0,2845.0,0,False
19,60,9,-33.651668548583984,2887.0,2887.0,0,False
19,61,10,-12.03499984741211,2924.0,2924.0,0,False
19,62,12,5.997354507446289,2992.0,2992.0,0,False
19,63,7,-23.020000457763672,3051.0,3051.0,0,False
19,64,16,-25.740001678466797,3114.0,3114.0,0,False
19,65,13,-16.970001220703125,3158.0,3158.0,0,False
19,66,3,-7.575000286102295,3213.0,3213.0,0,False
19,67,17,10.642291069030762,3246.0,3246.0,0,False
19,68,11,-18.980602264404297,3317.0,3317.0,0,False
19,69,13,-2.5699310302734375,3358.0,3358.0,0,False
19,70,0,-15.531231880187988,3394.0,3394.0,0,False
19,71,11,-25.861034393310547,3436.0,3436.0,0,False
19,72,5,-35.26499938964844,3469.0,3469.0,0,False
19,73,16,-36.80000305175781,3509.0,3509.0,0,False
19,74,9,-45.0716667175293,3540.0,3540.0,0,False
19,75,8,-51.331478118896484,3576.0,3576.0,0,False
19,76,8,-33.37000274658203,3645.0,3645.0,0,False
19,77,8,-35.76499938964844,3688.0,3688.0,0,False
19,78,9,-40.606666564941406,3726.0,3726.0,0,False
19,79,0,-33.33000183105469,3777.0,3777.0,0,False
19,80,7,-39.63740539550781,3810.0,3810.0,0,False
19,81,7,-46.422115325927734,3879.0,3879.0,0,False
19,82,3,-43.41999816894531,3913.0,3913.0,0,False
19,83,18,-18.90833282470703,3968.0,3968.0,0,False
19,84,1,-13.062009811401367,4009.0,4009.0,0,False
19,85,19,-18.60572624206543,4046.0,4046.0,0,False
19,86,19,-10.958650588989258,4086.0,4086.0,0,False
19,87,19,-3.00154447555542,4136.0,4136.0,0,False
19,88,1,-18.92734146118164,4180.0,4180.0,0,False
19,89,10,-18.520021438598633,4234.0,4234.0,0,False
19,90,4,-27.2000732421875,4284.0,4284.0,0,False
19,91,9,-35.4278564453125,4315.0,4315.0,0,False
19,92,1,-13.602705955505371,4346.0,4346.0,0,False
19,93,9,29.222789764404297,4378.0,4378.0,0,False
19,94,5,-41.75429153442383,4431.0,4431.0,0,False
19,95,10,-34.96025085449219,4468.0,4468.0,0,False
19,96,7,-47.07772445678711,4541.0,4541.0,0,False
19,97,3,-44.450016021728516,4586.0,4586.0,0,False
19,98,3,-47.38404846191406,4625.0,4625.0,0,False
19,99,18,-64.65904235839844,4675.0,4675.0,0,False
19,100,5,-66.09210205078125,4748.0,4748.0,0,False
19,101,2,-65.95834350585938,4783.0,4783.0,0,False
19,102,11,-67.67529296875,4843.0,4843.0,0,False
19,103,10,-66.7260513305664,4885.0,4885.0,0,False
19,104,5,-10.57189655303955,4941.0,4941.0,0,False
19,105,10,-48.15693283081055,4990.0,4990.0,0,False
19,106,2,-87.32683563232422,5063.0,5063.0,0,False
19,107,16,-91.69538879394531,5112.0,5112.0,0,False
19,108,2,-94.14582061767578,5162.0,5162.0,0,False
19,109,16,-92.43744659423828,5203.0,5203.0,0,False
19,110,11,-97.620361328125,5249.0,5249.0,0,False
19,111,11,-105.17277526855469,5297.0,5297.0,0,False
19,112,0,-106.51782989501953,5335.0,5335.0,0,False
19,113,11,-117.74716186523438,5383.0,5383.0,0,False
19,114,18,-113.97110748291016,5420.0,5420.0,0,False
19,115,16,-118.99412536621094,5485.0,5485.0,0,False
19,116,2,-120.39029693603516,5522.0,5522.0,0,False
19,117,8,-131.13758850097656,5554.0,5554.0,0,False
19,118,0,-125.86756896972656,5596.0,5596.0,0,False
19,119,4,-133.8353729248047,5638.0,5638.0,0,False
19,120,2,-145.03640747070312,5679.0,5679.0,0,False
19,121,16,-132.17364501953125,5748.0,5748.0,0,False
19,122,8,-150.6365203857422,5809.0,5809.0,0,False
19,123,16,-125.66351318359375,5844.0,5844.0,0,False
19,124,18,-151.12493896484375,5877.0,5877.0,0,False
19,125,18,-152.26861572265625,5914.0,5914.0,0,False
19,126,11,-156.08827209472656,5956.0,5956.0,0,False
19,127,0,-131.5645751953125,5988.0,5988.0,0,False
19,128,18,-172.1038360595703,6029.0,6029.0,0,False
19,129,18,-117.00940704345703,6074.0,6074.0,0,False
19,130,8,-104.6661605834961,6107.0,6107.0,0,False
19,131,7,-178.33572387695312,6166.0,6166.0,0,False
19,132,3,-161.4479217529297,6207.0,6207.0,0,False
19,133,2,-138.60079956054688,6232.0,6232.0,0,False
19,134,7,-217.53370666503906,6282.0,6282.0,0,False
20,1,4,18.417418670654296,36.0,36.0,0,False
20,2,9,-10.53441162109375,108.0,108.0,0,False
20,3,19,-16.488836385765854,167.0,167.0,0,False
20,4,4,8.117503992716472,182.0,182.0,0,False
20,5,5,-21.67350165049235,258.0,258.0,0,False
20,6,15,-15.041373882861564,309.0,309.0,0,False
20,7,3,-23.866180161181074,359.0,359.0,0,False
20,8,1,-43.17365010579427,415.0,415.0,0,False
20,9,15,-20.223687278827725,450.0,450.0,0,False
20,10,6,-44.24597930908203,525.0,525.0,0,False
20,11,4,10.877226723564995,550.0,550.0,0,False
20,12,15,0.6345278786694308,595.0,595.0,0,False
20,13,10,-13.877758979797363,666.0,666.0,0,False
20,14,5,-2.2300442589653855,694.0,694.0,0,False
20,15,1,-4.265805975596109,724.0,724.0,0,False
20,16,12,-15.009947776794434,805.0,805.0,0,False
20,17,15,-8.219056768467464,848.0,848.0,0,False
20,18,6,-24.795560836791992,891.0,891.0,0,False
20,19,10,-22.214595794677734,924.0,924.0,0,False
20,20,10,-4.66367925008138,981.0,981.0,0,False
20,21,6,-18.70425425635444,1020.0,1020.0,0,False
20,22,8,-20.62332534790039,1100.0,1100.0,0,False
20,23,0,-26.490171432495117,1180.0,1180.0,0,False
20,24,14,-38.5502815246582,1228.0,1228.0,0,False
20,25,3,-11.132235527038574,1263.0,1263.0,0,False
20,26,6,-25.408652506934274,1306.0,1306.0,0,False
20,27,4,-26.314914894104003,1341.0,1341.0,0,False
20,28,17,-33.83005142211914,1403.0,1403.0,0,False
20,29,13,-42.83643341064453,1461.0,1461.0,0,False
20,30,10,-4.914641380310059,1498.0,1498.0,0,False
20,31,1,-15.636613845825195,1541.0,1541.0,0,False
20,32,4,-8.35464480082194,1591.0,1591.0,0,False
20,33,6,-20.14627692328559,1637.0,1637.0,0,False
20,34,9,-27.506725311279297,1682.0,1682.0,0,False
20,35,14,-31.362621307373047,1710.0,1710.0,0,False
20,36,1,-34.20625578562419,1751.0,1751.0,0,False
20,37,14,-29.88470458984375,1801.0,1801.0,0,False
20,38,0,-24.667285919189453,1837.0,1837.0,0,False
20,39,10,-29.211158752441406,1891.0,1891.0,0,False
20,40,14,-44.187503814697266,1933.0,1933.0,0,False
20,41,13,-39.31008529663086,1969.0,1969.0,0,False
20,42,19,-46.358314514160156,2014.0,2014.0,0,False
20,43,14,-57.05840301513672,2054.0,2054.0,0,False
20,44,1,-58.9226677385966,2098.0,2098.0,0,False
20,45,9,-57.92154312133789,2152.0,2152.0,0,False
20,46,10,-48.074947357177734,2184.0,2184.0,0,False
20,47,1,-24.880863507588707,2220.0,2220.0,0,False
20,48,13,-63.56073760986328,2257.0,2257.0,0,False
20,49,14,-70.55770874023438,2300.0,2300.0,0,False
20,50,6,-73.5600814819336,2333.0,2333.0,0,False
20,51,14,-75.10714007335257,2375.0,2375.0,0,False
20,52,8,-77.28067016601562,2411.0,2411.0,0,False
20,53,9,-84.68034362792969,2453.0,2453.0,0,False
20,54,14,5.008658821491068,2509.0,2509.0,0,False
20,55,4,-60.75820638868544,2551.0,2551.0,0,False
20,56,6,-94.29376983642578,2586.0,2586.0,0,False
20,57,13,-96.55594635009766,2624.0,2624.0,0,False
20,58,6,-20.467852028903792,2669.0,2669.0,0,False
20,59,3,-94.4537353515625,2724.0,2724.0,0,False
20,60,10,-98.05021667480469,2766.0,2766.0,0,False
20,61,16,-12.084529876708984,2829.0,2829.0,0,False
20,62,12,-11.540000915527344,2872.0,2872.0,0,False
20,63,19,-9.020000457763672,2911.0,2911.0,0,False
20,64,13,-14.745000839233398,2960.0,2960.0,0,False
20,65,13,-17.225000381469727,3005.0,3005.0,0,False
20,66,7,-20.6200008392334,3049.0,3049.0,0,False
20,67,19,-11.730001449584961,3105.0,3105.0,0,False
20,68,3,-6.470000267028809,3139.0,3139.0,0,False
20,69,8,-20.02833366394043,3208.0,3208.0,0,False
20,70,9,-21.39666748046875,3239.0,3239.0,0,False
20,71,10,6.975831985473633,3288.0,3288.0,0,False
20,72,13,-31.2450008392334,3332.0,3332.0,0,False
20,73,15,-32.29499816894531,3366.0,3366.0,0,False
20,74,13,-30.43746566772461,3407.0,3407.0,0,False
20,75,0,-29.505001068115234,3458.0,3458.0,0,False
20,76,9,-40.231666564941406,3496.0,3496.0,0,False
20,77,15,-12.230079650878906,3546.0,3546.0,0,False
20,78,19,-49.11000442504883,3583.0,3583.0,0,False
20,79,2,-28.178333282470703,3657.0,3657.0,0,False
20,80,0,-16.315000534057617,3695.0,3695.0,0,False
20,81,9,-28.596668243408203,3726.0,3726.0,0,False
20,82,5,-14.11500072479248,3774.0,3774.0,0,False
20,83,18,-13.383334159851074,3814.0,3814.0,0,False
20,84,9,54.50544357299805,3846.0,3846.0,0,False
20,85,19,-6.374661445617676,3886.0,3886.0,0,False
20,86,8,-13.98388957977295,3929.0,3929.0,0,False
20,87,3,-13.896896362304688,3974.0,3974.0,0,False
20,88,11,-21.70771026611328,4045.0,4045.0,0,False
20,89,0,-8.556726455688477,4082.0,4082.0,0,False
20,90,12,-7.065016269683838,4150.0,4150.0,0,False
20,91,19,-8.290704727172852,4205.0,4205.0,0,False
20,92,12,-13.010055541992188,4247.0,4247.0,0,False
20,93,5,-28.21504020690918,4320.0,4320.0,0,False
20,94,0,7.015304088592529,4352.0,4352.0,0,False
20,95,17,-29.674930572509766,4392.0,4392.0,0,False
20,96,17,-29.595035552978516,4436.0,4436.0,0,False
20,97,7,-36.94001770019531,4469.0,4469.0,0,False
20,98,5,27.271244049072266,4525.0,4525.0,0,False
20,99,8,-41.294673919677734,4557.0,4557.0,0,False
20,100,2,-47.776248931884766,4597.0,4597.0,0,False
20,101,3,-47.49155807495117,4641.0,4641.0,0,False
20,102,17,-51.80016326904297,4711.0,4711.0,0,False
20,103,17,-29.68412971496582,4744.0,4744.0,0,False
20,104,16,-58.71730422973633,4784.0,4784.0,0,False
20,105,8,-64.24030303955078,4850.0,4850.0,0,False
20,106,3,-36.89008712768555,4891.0,4891.0,0,False
20,107,8,-14.731457710266113,4929.0,4929.0,0,False
20,108,12,-51.84129333496094,4997.0,4997.0,0,False
20,109,18,-77.51324462890625,5047.0,5047.0,0,False
20,110,16,-77.82042694091797,5096.0,5096.0,0,False
20,111,18,-85.9324951171875,5133.0,5133.0,0,False
20,112,2,-95.5569839477539,5201.0,5201.0,0,False
20,113,18,-90.59419250488281,5234.0,5234.0,0,False
20,114,7,-98.97674560546875,5303.0,5303.0,0,False
20,115,16,-103.2065200805664,5344.0,5344.0,0,False
20,116,18,-101.98700714111328,5381.0,5381.0,0,False
20,117,2,-109.70230102539062,5431.0,5431.0,0,False
20,118,2,-115.66299438476562,5468.0,5468.0,0,False
20,119,16,-111.49359130859375,5533.0,5533.0,0,False
20,120,16,-120.69430541992188,5602.0,5602.0,0,False
20,121,18,-120.09992980957031,5638.0,5638.0,0,False
20,122,16,-95.59645080566406,5673.0,5673.0,0,False
20,123,11,-126.81350708007812,5715.0,5715.0,0,False
20,124,11,-133.64059448242188,5775.0,5775.0,0,False
20,125,18,-78.23145294189453,5820.0,5820.0,0,False
20,126,11,-146.23074340820312,5866.0,5866.0,0,False
20,127,2,-157.661376953125,5907.0,5907.0,0,False
20,128,7,-187.35488891601562,5980.0,5980.0,0,False
20,129,2,-101.03480529785156,6010.0,6010.0,0,False
20,130,11,-176.14144897460938,6058.0,6058.0,0,False
20,131,11,-171.56585693359375,6101.0,6101.0,0,False
20,132,7,-249.40403747558594,6165.0,6165.0,0,False
20,133,7,-166.51934814453125,6215.0,6215.0,0,False
20,134,11,-197.60780334472656,6257.0,6257.0,0,False
21,1,6,11.822490758366055,35.0,35.0,0,False
21,2,14,-3.344585545610883,83.0,83.0,0,False
21,3,10,-10.532710117763944,154.0,154.0,0,False
21,4,15,-20.91738497271429,220.0,220.0,0,False
21,5,6,-4.69909236431122,243.0,243.0,0,False
21,6,16,-23.742186482747396,321.0,321.0,0,False
21,7,15,-7.175477473664827,351.0,351.0,0,False
21,8,0,-29.10787745239914,431.0,431.0,0,False
21,9,4,-45.45802307128906,507.0,507.0,0,False
21,10,8,-60.761539459228516,587.0,587.0,0,False
21,11,9,-72.7600326538086,659.0,659.0,0,False
21,12,1,-77.72850036621094,715.0,715.0,0,False
21,13,18,-89.1163330078125,770.0,770.0,0,False
21,14,3,-92.44876861572266,835.0,835.0,0,False
21,15,8,-63.18968200683594,871.0,871.0,0,False
21,16,7,-71.95336151123047,930.0,930.0,0,False
21,17,11,-89.06289672851562,1001.0,1001.0,0,False
21,18,19,-83.02549743652344,1045.0,1045.0,0,False
21,19,19,-78.73371887207031,1090.0,1090.0,0,False
21,20,1,-83.3275375366211,1120.0,1120.0,0,False
21,21,12,-91.56334686279297,1201.0,1201.0,0,False
21,22,1,4.255203766292997,1229.0,1229.0,0,False
21,23,12,1.0771198272705078,1272.0,1272.0,0,False
21,24,10,-4.008580207824707,1305.0,1305.0,0,False
21,25,11,-20.58992576599121,1347.0,1347.0,0,False
21,26,3,-16.001880645751953,1382.0,1382.0,0,False
21,27,15,-10.328705207604242,1427.0,1427.0,0,False
21,28,4,-17.602062225341797,1462.0,1462.0,0,False
21,29,9,-28.57195281982422,1507.0,1507.0,0,False
21,30,2,-15.040628433227539,1566.0,1566.0,0,False
21,31,3,1.2313413619995117,1616.0,1616.0,0,False
21,32,6,-14.64665412902832,1650.0,1650.0,0,False
21,33,10,-17.215740203857422,1707.0,1707.0,0,False
21,34,3,-8.642066955566406,1741.0,1741.0,0,False
21,35,13,-13.663448333740234,1799.0,1799.0,0,False
21,36,15,-1.737879973409889,1837.0,1837.0,0,False
21,37,6,-18.457786560058594,1875.0,1875.0,0,False
21,38,17,-25.11001205444336,1937.0,1937.0,0,False
21,39,6,-26.20553207397461,1983.0,1983.0,0,False
21,40,0,-24.091447830200195,2019.0,2019.0,0,False
21,41,2,-37.16987228393555,2059.0,2059.0,0,False
21,42,15,-35.11674426404482,2093.0,2093.0,0,False
21,43,3,-37.60295486450195,2133.0,2133.0,0,False
21,44,4,-18.8780460357666,2173.0,2173.0,0,False
21,45,19,-19.889373779296875,2207.0,2207.0,0,False
21,46,14,-29.47007179260254,2240.0,2240.0,0,False
21,47,2,-35.639198303222656,2313.0,2313.0,0,False
21,48,5,-27.19853401184082,2389.0,2389.0,0,False
21,49,6,-15.914036750793457,2427.0,2427.0,0,False
21,50,15,32.940862571128406,2477.0,2477.0,0,False
21,51,13,-25.121315002441406,2513.0,2513.0,0,False
21,52,8,-22.607929229736328,2582.0,2582.0,0,False
21,53,19,-28.424724578857422,2638.0,2638.0,0,False
21,54,6,-29.3083438873291,2673.0,2673.0,0,False
21,55,10,-23.53488540649414,2710.0,2710.0,0,False
21,56,5,-35.625587463378906,2743.0,2743.0,0,False
21,57,13,-33.178794860839844,2780.0,2780.0,0,False
21,58,13,-37.5726318359375,2818.0,2818.0,0,False
21,59,6,38.35694698757595,2863.0,2863.0,0,False
21,60,7,-48.8900032043457,2896.0,2896.0,0,False
21,61,2,-59.30833435058594,2946.0,2946.0,0,False
21,62,16,-62.42500305175781,2986.0,2986.0,0,False
21,63,4,-67.90000915527344,3021.0,3021.0,0,False
21,64,9,-60.436668395996094,3075.0,3075.0,0,False
21,65,9,-63.876670837402344,3117.0,3117.0,0,False
21,66,4,-67.75,3167.0,3167.0,0,False
21,67,10,-63.72000503540039,3221.0,3221.0,0,False
21,68,19,-65.3600082397461,3253.0,3253.0,0,False
21,69,13,-77.04500579833984,3302.0,3302.0,0,False
21,70,4,-79.21278381347656,3344.0,3344.0,0,False
21,71,3,-85.42000579833984,3388.0,3388.0,0,False
21,72,11,-90.72500610351562,3448.0,3448.0,0,False
21,73,9,-87.62167358398438,3474.0,3474.0,0,False
21,74,10,-86.80999755859375,3511.0,3511.0,0,False
21,75,10,-88.11000061035156,3548.0,3548.0,0,False
21,76,5,-100.13999938964844,3601.0,3601.0,0,False
21,77,10,-68.41340637207031,3650.0,3650.0,0,False
21,78,16,-102.17000579833984,3699.0,3699.0,0,False
21,79,18,-110.08334350585938,3749.0,3749.0,0,False
21,80,14,-114.25000762939453,3799.0,3799.0,0,False
21,81,12,-116.04000854492188,3867.0,3867.0,0,False
21,82,16,-126.05500793457031,3908.0,3908.0,0,False
21,83,0,-129.7550048828125,3959.0,3959.0,0,False
21,84,3,-108.48213958740234,4000.0,4000.0,0,False
21,85,2,-130.14334106445312,4037.0,4037.0,0,False
21,86,8,-136.62335205078125,4080.0,4080.0,0,False
21,87,12,-136.0850067138672,4122.0,4122.0,0,False
21,88,1,-146.23001098632812,4163.0,4163.0,0,False
21,89,18,-141.12782287597656,4200.0,4200.0,0,False
21,90,13,-144.32501220703125,4250.0,4250.0,0,False
21,91,13,-145.87001037597656,4289.0,4289.0,0,False
21,92,1,-151.7200164794922,4328.0,4328.0,0,False
21,93,9,-165.34523010253906,4366.0,4366.0,0,False
21,94,9,-167.9410400390625,4392.0,4392.0,0,False
21,95,12,-129.19793701171875,4460.0,4460.0,0,False
21,96,19,-165.6936798095703,4500.0,4500.0,0,False
21,97,1,-159.9425506591797,4536.0,4536.0,0,False
21,98,19,-169.48773193359375,4591.0,4591.0,0,False
21,99,8,-172.1956787109375,4623.0,4623.0,0,False
21,100,7,-176.24609375,4692.0,4692.0,0,False
21,101,9,-117.78245544433594,4724.0,4724.0,0,False
21,102,0,-178.2567138671875,4762.0,4762.0,0,False
21,103,18,-189.92442321777344,4795.0,4795.0,0,False
21,104,13,-182.4837188720703,4836.0,4836.0,0,False
21,105,2,-201.780517578125,4877.0,4877.0,0,False
21,106,8,-196.70779418945312,4943.0,4943.0,0,False
21,107,2,-136.63050842285156,4973.0,4973.0,0,False
21,108,8,-136.36582946777344,5006.0,5006.0,0,False
21,109,18,-202.13038635253906,5043.0,5043.0,0,False
21,110,0,-201.61917114257812,5085.0,5085.0,0,False
21,111,16,-203.30792236328125,5145.0,5145.0,0,False
21,112,0,-178.6804962158203,5177.0,5177.0,0,False
21,113,14,-215.8208465576172,5219.0,5219.0,0,False
21,114,14,-222.7639923095703,5259.0,5259.0,0,False
21,115,18,-224.365966796875,5300.0,5300.0,0,False
21,116,5,-228.00851440429688,5368.0,5368.0,0,False
21,117,7,-236.0876007080078,5441.0,5441.0,0,False
21,118,5,-181.21377563476562,5497.0,5497.0,0,False
21,119,16,-254.72467041015625,5571.0,5571.0,0,False
21,120,17,-242.8307342529297,5611.0,5611.0,0,False
21,121,16,-216.12583923339844,5646.0,5646.0,0,False
21,122,7,-249.49197387695312,5705.0,5705.0,0,False
21,123,14,-257.05462646484375,5748.0,5748.0,0,False
21,124,7,-244.7529296875,5798.0,5798.0,0,False
21,125,14,-261.819580078125,5840.0,5840.0,0,False
21,126,14,-205.0336151123047,5896.0,5896.0,0,False
21,127,18,-215.5387725830078,5941.0,5941.0,0,False
21,128,11,-287.6572265625,5987.0,5987.0,0,False
21,129,17,-285.5285339355469,6031.0,6031.0,0,False
21,130,17,-297.1783752441406,6101.0,6101.0,0,False
21,131,11,-322.5284423828125,6149.0,6149.0,0,False
21,132,11,-311.5820617675781,6192.0,6192.0,0,False
21,133,17,-301.59259033203125,6225.0,6225.0,0,False
21,134,11,-359.76190185546875,6262.0,6262.0,0,False
22,1,18,16.103805252963014,15.0,15.0,0,False
22,2,13,-0.9619022793240006,73.0,73.0,0,False
22,3,6,-17.218947389390735,148.0,148.0,0,False
22,4,8,-29.433016268412274,228.0,228.0,0,False
22,5,3,-33.39948724705887,293.0,293.0,0,False
22,6,4,-49.381462287902835,369.0,369.0,0,False
22,7,17,-49.614832931094696,416.0,416.0,0,False
22,8,6,-21.590926390224034,439.0,439.0,0,False
22,9,3,-19.32076265520491,469.0,469.0,0,False
22,10,7,-39.54119873046875,528.0,528.0,0,False
22,11,3,13.255850783168096,568.0,568.0,0,False
22,12,19,-12.348296165466309,627.0,627.0,0,False
22,13,12,-21.064104080200195,708.0,708.0,0,False
22,14,19,-8.804166122358673,753.0,753.0,0,False
22,15,12,-10.424602752376426,796.0,796.0,0,False
22,16,19,-1.9339015516294111,835.0,835.0,0,False
22,17,12,-8.174110156108231,903.0,903.0,0,False
22,18,13,-12.739002227783203,939.0,939.0,0,False
22,19,3,-12.490769311920818,973.0,973.0,0,False
22,20,1,-11.720455169677734,1029.0,1029.0,0,False
22,21,18,-13.105152130126953,1079.0,1079.0,0,False
22,22,13,-1.515026569366455,1116.0,1116.0,0,False
22,23,15,-7.656426429748535,1182.0,1182.0,0,False
22,24,1,-3.4202446937561035,1212.0,1212.0,0,False
22,25,8,-9.833023071289062,1243.0,1243.0,0,False
22,26,6,-7.250819206237793,1282.0,1282.0,0,False
22,27,14,-10.599260330200195,1330.0,1330.0,0,False
22,28,3,-0.10537890242976822,1375.0,1375.0,0,False
22,29,8,-10.77910327911377,1444.0,1444.0,0,False
22,30,3,-0.2004496494035397,1483.0,1483.0,0,False
22,31,6,-20.318872451782227,1526.0,1526.0,0,False
22,32,3,38.60358952247971,1567.0,1567.0,0,False
22,33,8,-22.74642303254869,1610.0,1610.0,0,False
22,34,6,-30.520417861938476,1656.0,1656.0,0,False
22,35,16,-20.022676467895508,1734.0,1734.0,0,False
22,36,8,-16.18997094684177,1766.0,1766.0,0,False
22,37,4,-19.38470458984375,1801.0,1801.0,0,False
22,38,5,-35.89237594604492,1877.0,1877.0,0,False
22,39,15,-21.934329986572266,1912.0,1912.0,0,False
22,40,4,-5.059418678283691,1952.0,1952.0,0,False
22,41,10,-12.888955116271973,2023.0,2023.0,0,False
22,42,19,-13.954082489013672,2079.0,2079.0,0,False
22,43,7,-7.699782371520996,2112.0,2112.0,0,False
22,44,8,-16.773681608835858,2178.0,2178.0,0,False
22,45,5,-20.181880950927734,2211.0,2211.0,0,False
22,46,1,-18.698854446411133,2254.0,2254.0,0,False
22,47,7,-24.513999938964844,2318.0,2318.0,0,False
22,48,10,-22.969697952270508,2351.0,2351.0,0,False
22,49,15,-26.307924270629883,2396.0,2396.0,0,False
22,50,0,-17.208106994628906,2476.0,2476.0,0,False
22,51,5,-19.51821517944336,2524.0,2524.0,0,False
22,52,9,-27.75063705444336,2581.0,2581.0,0,False
22,53,8,56.90135650634765,2619.0,2619.0,0,False
22,54,16,-4.959758758544922,2654.0,2654.0,0,False
22,55,12,-11.78110408782959,2696.0,2696.0,0,False
22,56,19,-21.514312744140625,2733.0,2733.0,0,False
22,57,0,-23.111894607543945,2769.0,2769.0,0,False
22,58,15,-29.8388671875,2812.0,2812.0,0,False
22,59,15,-35.06999969482422,2846.0,2846.0,0,False
22,60,4,-44.32500076293945,2881.0,2881.0,0,False
22,61,19,-29.450002670288086,2921.0,2921.0,0,False
22,62,9,-38.141666412353516,2966.0,2966.0,0,False
22,63,7,-40.94000244140625,3039.0,3039.0,0,False
22,64,9,-52.611671447753906,3093.0,3093.0,0,False
22,65,7,-58.595001220703125,3157.0,3157.0,0,False
22,66,14,-52.790000915527344,3185.0,3185.0,0,False
22,67,7,-37.32813262939453,3235.0,3235.0,0,False
22,68,9,-66.82666778564453,3277.0,3277.0,0,False
22,69,19,-49.26071548461914,3332.0,3332.0,0,False
22,70,16,-68.04500579833984,3381.0,3381.0,0,False
22,71,12,-46.35169982910156,3449.0,3449.0,0,False
22,72,15,-41.6639289855957,3499.0,3499.0,0,False
22,73,10,-72.68499755859375,3556.0,3556.0,0,False
22,74,1,-79.7300033569336,3597.0,3597.0,0,False
22,75,4,-87.2750015258789,3647.0,3647.0,0,False
22,76,13,-92.91500854492188,3685.0,3685.0,0,False
22,77,6,-102.28166961669922,3723.0,3723.0,0,False
22,78,9,-104.87167358398438,3749.0,3749.0,0,False
22,79,5,-102.41500091552734,3822.0,3822.0,0,False
22,80,0,-101.45500183105469,3873.0,3873.0,0,False
22,81,1,-103.97000885009766,3917.0,3917.0,0,False
22,82,9,-113.30667114257812,3955.0,3955.0,0,False
22,83,16,-108.4050064086914,3996.0,3996.0,0,False
22,84,0,-108.26500701904297,4034.0,4034.0,0,False
22,85,1,-102.08799743652344,4070.0,4070.0,0,False
22,86,16,-117.9488296508789,4130.0,4130.0,0,False
22,87,10,-123.63002014160156,4167.0,4167.0,0,False
22,88,6,-127.957763671875,4202.0,4202.0,0,False
22,89,9,-130.53623962402344,4228.0,4228.0,0,False
22,90,18,-130.59335327148438,4265.0,4265.0,0,False
22,91,2,-21.777738571166992,4339.0,4339.0,0,False
22,92,11,-36.071800231933594,4410.0,4410.0,0,False
22,93,0,-7.860039710998535,4447.0,4447.0,0,False
22,94,5,53.47435760498047,4503.0,4503.0,0,False
22,95,2,-15.02208423614502,4543.0,4543.0,0,False
22,96,6,41.21430206298828,4588.0,4588.0,0,False
22,97,13,-26.528654098510742,4637.0,4637.0,0,False
22,98,16,-26.803787231445312,4711.0,4711.0,0,False
22,99,9,35.17829895019531,4743.0,4743.0,0,False
22,100,16,-0.14326980710029602,4778.0,4778.0,0,False
22,101,2,-42.15095901489258,4851.0,4851.0,0,False
22,102,13,-38.3251838684082,4901.0,4901.0,0,False
22,103,0,-12.455629348754883,4933.0,4933.0,0,False
22,104,18,-50.439964294433594,4966.0,4966.0,0,False
22,105,10,-41.82933044433594,5020.0,5020.0,0,False
22,106,10,-44.51029968261719,5057.0,5057.0,0,False
22,107,17,-54.51703643798828,5097.0,5097.0,0,False
22,108,13,-61.12621307373047,5141.0,5141.0,0,False
22,109,11,-73.42425537109375,5183.0,5183.0,0,False
22,110,11,-69.03046417236328,5243.0,5243.0,0,False
22,111,10,-62.41996383666992,5285.0,5285.0,0,False
22,112,4,-69.92880249023438,5327.0,5327.0,0,False
22,113,10,-48.893287658691406,5376.0,5376.0,0,False
22,114,14,-81.7354507446289,5426.0,5426.0,0,False
22,115,11,-85.50619506835938,5472.0,5472.0,0,False
22,116,18,-88.57019805908203,5509.0,5509.0,0,False
22,117,11,-110.6642837524414,5557.0,5557.0,0,False
22,118,13,-89.09292602539062,5598.0,5598.0,0,False
22,119,18,-107.9001693725586,5639.0,5639.0,0,False
22,120,17,-93.94286346435547,5683.0,5683.0,0,False
22,121,17,-104.4568099975586,5753.0,5753.0,0,False
22,122,14,-116.2198257446289,5795.0,5795.0,0,False
22,123,18,-50.44544219970703,5840.0,5840.0,0,False
22,124,11,-121.16259002685547,5888.0,5888.0,0,False
22,125,11,-127.78827667236328,5930.0,5930.0,0,False
22,126,17,-103.41719818115234,5958.0,5958.0,0,False
22,127,2,-139.7601776123047,6008.0,6008.0,0,False
22,128,2,-148.18240356445312,6045.0,6045.0,0,False
22,129,2,-156.841552734375,6081.0,6081.0,0,False
22,130,2,-108.9857177734375,6111.0,6111.0,0,False
22,131,14,-171.93121337890625,6151.0,6151.0,0,False
22,132,14,-180.37142944335938,6189.0,6189.0,0,False
22,133,14,-170.13314819335938,6231.0,6231.0,0,False
22,134,14,-120.98107147216797,6287.0,6287.0,0,False
23,1,15,24.105126968323663,26.0,26.0,0,False
23,2,4,-5.6039815902709975,102.0,102.0,0,False
23,3,8,-21.826940515306262,182.0,182.0,0,False
23,4,19,-28.760355929939113,241.0,241.0,0,False
23,5,1,-37.47629985809326,297.0,297.0,0,False
23,6,13,-38.656051741706,340.0,340.0,0,False
23,7,16,-48.700844309065076,403.0,403.0,0,False
23,8,1,-11.069894345601398,413.0,413.0,0,False
23,9,17,-34.806563801235626,475.0,475.0,0,False
23,10,6,-51.16166305541992,550.0,550.0,0,False
23,11,0,-46.810768127441406,615.0,615.0,0,False
23,12,19,-43.43134468428943,660.0,660.0,0,False
23,13,6,-54.31818992826673,703.0,703.0,0,False
23,14,19,8.116189651748762,727.0,727.0,0,False
23,15,19,-7.283596574043742,783.0,783.0,0,False
23,16,3,0.3124876022338867,833.0,833.0,0,False
23,17,12,-19.448320388793945,914.0,914.0,0,False
23,18,11,-34.69785690307617,985.0,985.0,0,False
23,19,15,-4.511674880981445,1015.0,1015.0,0,False
23,20,19,-16.70182130190791,1052.0,1052.0,0,False
23,21,2,-33.06463623046875,1126.0,1126.0,0,False
23,22,3,-20.93325424194336,1161.0,1161.0,0,False
23,23,0,-21.48769760131836,1192.0,1192.0,0,False
23,24,9,-44.864532470703125,1264.0,1264.0,0,False
23,25,19,-2.905639354874488,1304.0,1304.0,0,False
23,26,14,-4.698060989379883,1352.0,1352.0,0,False
23,27,13,-3.9906420707702637,1388.0,1388.0,0,False
23,28,8,-10.373420715332031,1419.0,1419.0,0,False
23,29,18,-20.27791976928711,1474.0,1474.0,0,False
23,30,7,-26.646595001220703,1533.0,1533.0,0,False
23,31,13,-8.869804382324219,1570.0,1570.0,0,False
23,32,4,-4.231759071350098,1605.0,1605.0,0,False
23,33,1,-2.035594940185547,1643.0,1643.0,0,False
23,34,7,-9.796295166015625,1676.0,1676.0,0,False
23,35,7,-11.936439514160156,1740.0,1740.0,0,False
23,36,0,-20.058429718017578,1791.0,1791.0,0,False
23,37,4,-30.22852325439453,1831.0,1831.0,0,False
23,38,12,-22.56049346923828,1874.0,1874.0,0,False
23,39,7,-33.846282958984375,1947.0,1947.0,0,False
23,40,14,-30.556983947753906,1980.0,1980.0,0,False
23,41,8,-44.583595275878906,2049.0,2049.0,0,False
23,42,4,-43.10221862792969,2084.0,2084.0,0,False
23,43,17,-49.35231018066406,2124.0,2124.0,0,False
23,44,8,-58.892616271972656,2167.0,2167.0,0,False
23,45,3,-50.57878494262695,2222.0,2222.0,0,False
23,46,0,-53.53261947631836,2260.0,2260.0,0,False
23,47,4,-65.22397956848144,2310.0,2310.0,0,False
23,48,17,-64.3415756225586,2354.0,2354.0,0,False
23,49,13,-68.1754150390625,2392.0,2392.0,0,False
23,50,19,-39.786972690949284,2447.0,2447.0,0,False
23,51,6,-81.87604522705078,2486.0,2486.0,0,False
23,52,10,-10.784505844116211,2542.0,2542.0,0,False
23,53,1,-6.537087440490723,2578.0,2578.0,0,False
23,54,6,-21.180727005004883,2621.0,2621.0,0,False
23,55,3,-13.707250595092773,2650.0,2650.0,0,False
23,56,13,-29.682987213134766,2699.0,2699.0,0,False
23,57,0,-32.18433380126953,2741.0,2741.0,0,False
23,58,4,-18.085955153571234,2783.0,2783.0,0,False
23,59,8,-49.98408126831055,2815.0,2815.0,0,False
23,60,13,-49.875,2860.0,2860.0,0,False
23,61,8,-37.663333892822266,2926.0,2926.0,0,False
23,62,0,-3.4105396270751953,2958.0,2958.0,0,False
23,63,3,-38.07500076293945,3003.0,3003.0,0,False
23,64,6,-50.621665954589844,3044.0,3044.0,0,False
23,65,3,-45.79500198364258,3083.0,3083.0,0,False
23,66,12,-47.3650016784668,3151.0,3151.0,0,False
23,67,5,-27.880001068115234,3227.0,3227.0,0,False
23,68,1,-14.020000457763672,3271.0,3271.0,0,False
23,69,6,-23.356666564941406,3309.0,3309.0,0,False
23,70,1,0.11635398864746094,3345.0,3345.0,0,False
23,71,3,14.274633407592773,3386.0,3386.0,0,False
23,72,7,-26.8700008392334,3450.0,3450.0,0,False
23,73,8,28.728099822998047,3483.0,3483.0,0,False
23,74,13,-26.020109176635742,3527.0,3527.0,0,False
23,75,16,-32.0,3567.0,3567.0,0,False
23,76,6,-40.89221954345703,3602.0,3602.0,0,False
23,77,12,-39.560787200927734,3644.0,3644.0,0,False
23,78,12,-8.806358337402344,3712.0,3712.0,0,False
23,79,6,19.22092628479004,3757.0,3757.0,0,False
23,80,16,-45.09660720825195,3806.0,3806.0,0,False
23,81,18,-53.01062774658203,3856.0,3856.0,0,False
23,82,13,-44.66281509399414,3897.0,3897.0,0,False
23,83,5,-65.19000244140625,3930.0,3930.0,0,False
23,84,16,-56.33795928955078,3971.0,3971.0,0,False
23,85,14,-68.38066864013672,4021.0,4021.0,0,False
23,86,16,-73.96090698242188,4086.0,4086.0,0,False
23,87,15,-76.6100845336914,4131.0,4131.0,0,False
23,88,17,-91.25213623046875,4201.0,4201.0,0,False
23,89,7,-60.42377471923828,4251.0,4251.0,0,False
23,90,11,-85.31000518798828,4293.0,4293.0,0,False
23,91,10,-86.24760437011719,4326.0,4326.0,0,False
23,92,18,-88.10636138916016,4363.0,4363.0,0,False
23,93,11,-94.27963256835938,4423.0,4423.0,0,False
23,94,5,-106.92071533203125,4476.0,4476.0,0,False
23,95,15,-94.59001922607422,4519.0,4519.0,0,False
23,96,5,-109.90884399414062,4592.0,4592.0,0,False
23,97,9,-111.54378509521484,4637.0,4637.0,0,False
23,98,18,-115.71906280517578,4670.0,4670.0,0,False
23,99,11,-119.45550537109375,4716.0,4716.0,0,False
23,100,5,-52.997413635253906,4772.0,4772.0,0,False
23,101,18,-122.85165405273438,4809.0,4809.0,0,False
23,102,9,-127.18683624267578,4863.0,4863.0,0,False
23,103,10,-128.085205078125,4920.0,4920.0,0,False
23,104,9,-135.0352783203125,4962.0,4962.0,0,False
23,105,2,-140.0618438720703,5002.0,5002.0,0,False
23,106,9,-145.50279235839844,5033.0,5033.0,0,False
23,107,15,-137.9246826171875,5062.0,5062.0,0,False
23,108,10,-135.8667755126953,5099.0,5099.0,0,False
23,109,14,-182.36126708984375,5141.0,5141.0,0,False
23,110,14,-149.98707580566406,5176.0,5176.0,0,False
23,111,14,-155.0272674560547,5214.0,5214.0,0,False
23,112,9,-159.8079071044922,5247.0,5247.0,0,False
23,113,15,-134.61354064941406,5297.0,5297.0,0,False
23,114,10,-156.42977905273438,5351.0,5351.0,0,False
23,115,9,-165.02627563476562,5382.0,5382.0,0,False
23,116,17,-144.5018310546875,5415.0,5415.0,0,False
23,117,16,-166.0916290283203,5484.0,5484.0,0,False
23,118,16,-149.51437377929688,5519.0,5519.0,0,False
23,119,2,-188.91127014160156,5592.0,5592.0,0,False
23,120,18,-185.6614990234375,5633.0,5633.0,0,False
23,121,9,-126.1979751586914,5665.0,5665.0,0,False
23,122,18,-134.6336212158203,5710.0,5710.0,0,False
23,123,11,-199.08163452148438,5758.0,5758.0,0,False
23,124,11,-202.10435485839844,5801.0,5801.0,0,False
23,125,14,-200.90841674804688,5843.0,5843.0,0,False
23,126,10,-197.51365661621094,5880.0,5880.0,0,False
23,127,14,-143.34678649902344,5936.0,5936.0,0,False
23,128,10,-202.29928588867188,5973.0,5973.0,0,False
23,129,11,-221.82034301757812,6015.0,6015.0,0,False
23,130,2,-234.02566528320312,6065.0,6065.0,0,False
23,131,10,-208.21762084960938,6114.0,6114.0,0,False
23,132,2,-257.37103271484375,6151.0,6151.0,0,False
23,133,2,-264.3037109375,6187.0,6187.0,0,False
23,134,2,-229.93133544921875,6217.0,6217.0,0,False
24,1,8,11.852686829037136,40.0,40.0,0,False
24,2,1,4.764190864562988,81.0,81.0,0,False
24,3,4,-14.621814664204916,157.0,157.0,0,False
24,4,7,-24.287391786209316,216.0,216.0,0,False
24,5,4,3.9626012802124038,231.0,231.0,0,False
24,6,19,-19.56109140357193,290.0,290.0,0,False
24,7,4,13.802412033081055,315.0,315.0,0,False
24,8,3,-6.622628296723088,380.0,380.0,0,False
24,9,14,-19.148468017578125,428.0,428.0,0,False
24,10,18,-29.82630157470703,483.0,483.0,0,False
24,11,12,-26.40450728326838,549.0,549.0,0,False
24,12,4,-10.727989641825358,584.0,584.0,0,False
24,13,1,-16.71347468694051,614.0,614.0,0,False
24,14,4,-23.143173319498697,664.0,664.0,0,False
24,15,1,-3.232365136676364,707.0,707.0,0,False
24,16,13,-8.519857406616211,765.0,765.0,0,False
24,17,15,-15.081256866455078,831.0,831.0,0,False
24,18,3,-2.5982112884521484,866.0,866.0,0,False
24,19,6,-18.602514266967773,926.0,926.0,0,False
24,20,12,-11.177380671752653,969.0,969.0,0,False
24,21,9,-26.42523956298828,1026.0,1026.0,0,False
24,22,15,-18.57052993774414,1061.0,1061.0,0,False
24,23,15,3.3271218229718045,1106.0,1106.0,0,False
24,24,11,-13.003289222717285,1177.0,1177.0,0,False
24,25,1,-4.0715080261230465,1218.0,1218.0,0,False
24,26,16,-19.782936096191406,1296.0,1296.0,0,False
24,27,19,-15.771162033081055,1341.0,1341.0,0,False
24,28,9,-26.691055297851562,1386.0,1386.0,0,False
24,29,18,-33.664085388183594,1436.0,1436.0,0,False
24,30,7,-35.88145065307617,1469.0,1469.0,0,False
24,31,0,-36.59163284301758,1549.0,1549.0,0,False
24,32,4,-9.647700013054742,1591.0,1591.0,0,False
24,33,19,-3.6174402236938477,1630.0,1630.0,0,False
24,34,5,-14.14570426940918,1691.0,1691.0,0,False
24,35,17,-23.04959487915039,1753.0,1753.0,0,False
24,36,19,-16.259721755981445,1809.0,1809.0,0,False
24,37,13,-6.662302494049072,1845.0,1845.0,0,False
24,38,8,-13.045082092285156,1876.0,1876.0,0,False
24,39,1,-17.57434720993042,1920.0,1920.0,0,False
24,40,2,-27.015766143798828,1994.0,1994.0,0,False
24,41,17,-18.020854949951172,2034.0,2034.0,0,False
24,42,3,-4.530354976654053,2089.0,2089.0,0,False
24,43,14,-15.181055068969727,2122.0,2122.0,0,False
24,44,14,-17.2692813873291,2167.0,2167.0,0,False
24,45,16,-18.094371795654297,2207.0,2207.0,0,False
24,46,2,-28.819461822509766,2247.0,2247.0,0,False
24,47,10,-17.548999786376953,2318.0,2318.0,0,False
24,48,13,-9.562206268310547,2355.0,2355.0,0,False
24,49,0,-4.309788227081299,2391.0,2391.0,0,False
24,50,5,-15.877352714538574,2419.0,2419.0,0,False
24,51,0,-10.629343032836914,2470.0,2470.0,0,False
24,52,7,-25.457624435424805,2539.0,2539.0,0,False
24,53,13,-23.466461181640625,2577.0,2577.0,0,False
24,54,3,-24.737789154052734,2611.0,2611.0,0,False
24,55,15,-26.42162322998047,2649.0,2649.0,0,False
24,56,12,-31.904277801513672,2717.0,2717.0,0,False
24,57,19,-37.65748596191406,2754.0,2754.0,0,False
24,58,6,-48.04612731933594,2797.0,2797.0,0,False
24,59,7,-48.48999786376953,2870.0,2870.0,0,False
24,60,13,-51.74500274658203,2919.0,2919.0,0,False
24,61,13,-54.22500228881836,2964.0,2964.0,0,False
24,62,5,-62.665000915527344,3017.0,3017.0,0,False
24,63,7,-67.81999969482422,3081.0,3081.0,0,False
24,64,8,-81.02833557128906,3150.0,3150.0,0,False
24,65,3,-68.12500762939453,3195.0,3195.0,0,False
24,66,19,-73.4749984741211,3235.0,3235.0,0,False
24,67,8,-81.02335357666016,3278.0,3278.0,0,False
24,68,19,-65.03208923339844,3328.0,3328.0,0,False
24,69,11,-84.51004791259766,3370.0,3370.0,0,False
24,70,13,-91.12000274658203,3414.0,3414.0,0,False
24,71,13,-85.25413513183594,3455.0,3455.0,0,False
24,72,17,-92.59500122070312,3499.0,3499.0,0,False
24,73,1,-86.02357482910156,3535.0,3535.0,0,False
24,74,15,-93.79515838623047,3569.0,3569.0,0,False
24,75,8,-105.4183349609375,3601.0,3601.0,0,False
24,76,7,-90.47989654541016,3651.0,3651.0,0,False
24,77,17,-110.3253173828125,3721.0,3721.0,0,False
24,78,9,-122.01167297363281,3775.0,3775.0,0,False
24,79,5,-133.8904571533203,3848.0,3848.0,0,False
24,80,3,-118.32064056396484,3892.0,3892.0,0,False
24,81,16,-125.14591217041016,3941.0,3941.0,0,False
24,82,6,-134.61166381835938,3980.0,3980.0,0,False
24,83,12,-127.9100112915039,4022.0,4022.0,0,False
24,84,2,-143.11814880371094,4095.0,4095.0,0,False
24,85,6,-144.36309814453125,4138.0,4138.0,0,False
24,86,6,-151.28477478027344,4184.0,4184.0,0,False
24,87,11,-148.7610321044922,4244.0,4244.0,0,False
24,88,14,-159.49822998046875,4286.0,4286.0,0,False
24,89,2,-160.6321258544922,4336.0,4336.0,0,False
24,90,5,-94.84249877929688,4392.0,4392.0,0,False
24,91,9,-166.02255249023438,4434.0,4434.0,0,False
24,92,18,-166.4275360107422,4471.0,4471.0,0,False
24,93,18,-169.6766357421875,4504.0,4504.0,0,False
24,94,3,-138.77230834960938,4545.0,4545.0,0,False
24,95,11,-173.91876220703125,4591.0,4591.0,0,False
24,96,8,-182.33102416992188,4657.0,4657.0,0,False
24,97,8,-125.03457641601562,4690.0,4690.0,0,False
24,98,6,-187.33245849609375,4728.0,4728.0,0,False
24,99,18,-191.41990661621094,4765.0,4765.0,0,False
24,100,18,-195.67733764648438,4801.0,4801.0,0,False
24,101,16,-191.45159912109375,4842.0,4842.0,0,False
24,102,15,-165.5837860107422,4892.0,4892.0,0,False
24,103,17,-177.9404754638672,4925.0,4925.0,0,False
24,104,2,-220.50706481933594,4962.0,4962.0,0,False
24,105,0,-207.44688415527344,5000.0,5000.0,0,False
24,106,12,-178.13766479492188,5068.0,5068.0,0,False
24,107,16,-218.01364135742188,5133.0,5133.0,0,False
24,108,14,-219.59754943847656,5173.0,5173.0,0,False
24,109,9,-221.362060546875,5199.0,5199.0,0,False
24,110,14,-228.03944396972656,5237.0,5237.0,0,False
24,111,14,-226.59681701660156,5279.0,5279.0,0,False
24,112,14,-165.64096069335938,5335.0,5335.0,0,False
24,113,0,-221.2037353515625,5372.0,5372.0,0,False
24,114,16,-237.68832397460938,5446.0,5446.0,0,False
24,115,9,-239.8129425048828,5479.0,5479.0,0,False
24,116,6,-244.4628143310547,5509.0,5509.0,0,False
24,117,18,-191.38983154296875,5554.0,5554.0,0,False
24,118,9,-256.8385925292969,5585.0,5585.0,0,False
24,119,6,-198.82559204101562,5630.0,5630.0,0,False
24,120,2,-270.1461181640625,5671.0,5671.0,0,False
24,121,9,-210.05787658691406,5703.0,5703.0,0,False
24,122,10,-271.37744140625,5736.0,5736.0,0,False
24,123,10,-257.3114318847656,5793.0,5793.0,0,False
24,124,11,-266.3797607421875,5841.0,5841.0,0,False
24,125,2,-221.00111389160156,5871.0,5871.0,0,False
24,126,0,-247.65838623046875,5903.0,5903.0,0,False
24,127,11,-286.0777282714844,5951.0,5951.0,0,False
24,128,10,-278.3109436035156,5988.0,5988.0,0,False
24,129,16,-272.3873291015625,6028.0,6028.0,0,False
24,130,10,-299.5673828125,6077.0,6077.0,0,False
24,131,10,-295.76214599609375,6114.0,6114.0,0,False
24,132,10,-304.01904296875,6151.0,6151.0,0,False
24,133,10,-306.1520690917969,6200.0,6200.0,0,False
24,134,11,-350.1510009765625,6242.0,6242.0,0,False
25,1,13,21.40870909690857,18.0,18.0,0,False
25,2,16,4.541690731048583,81.0,81.0,0,False
25,3,9,-18.037638854980468,153.0,153.0,0,False
25,4,1,-23.047764650980632,209.0,209.0,0,False
25,5,4,-35.6087703704834,285.0,285.0,0,False
25,6,1,-1.0642096201578788,295.0,295.0,0,False
25,7,17,-15.20952558517456,342.0,342.0,0,False
25,8,8,-39.283042907714844,422.0,422.0,0,False
25,9,3,-42.490478515625,487.0,487.0,0,False
25,10,4,-30.31243305206299,522.0,522.0,0,False
25,11,9,-42.00732650756836,567.0,567.0,0,False
25,12,12,-46.976470947265625,648.0,648.0,0,False
25,13,1,8.903191365136038,676.0,676.0,0,False
25,14,2,-12.789375305175781,735.0,735.0,0,False
25,15,12,2.8145588739243905,778.0,778.0,0,False
25,16,16,-8.654490428500704,818.0,818.0,0,False
25,17,4,-1.38652647336324,858.0,858.0,0,False
25,18,6,-15.541905403137207,933.0,933.0,0,False
25,19,17,-3.6788004769219285,973.0,973.0,0,False
25,20,13,-9.882911682128906,1009.0,1009.0,0,False
25,21,1,-14.476127624511719,1050.0,1050.0,0,False
25,22,2,-25.592052459716797,1090.0,1090.0,0,False
25,23,19,-25.26072883605957,1149.0,1149.0,0,False
25,24,1,-20.596659768422445,1193.0,1193.0,0,False
25,25,1,33.24714758131239,1229.0,1229.0,0,False
25,26,16,-8.73664379119873,1278.0,1278.0,0,False
25,27,19,-10.594871520996094,1323.0,1323.0,0,False
25,28,4,-14.820992724100748,1358.0,1358.0,0,False
25,29,17,-14.87979624889515,1402.0,1402.0,0,False
25,30,13,-21.607633590698242,1439.0,1439.0,0,False
25,31,14,-20.292150497436523,1502.0,1502.0,0,False
25,32,13,-5.78098726272583,1540.0,1540.0,0,False
25,33,12,-3.432964730004601,1608.0,1608.0,0,False
25,34,19,-13.613104820251465,1647.0,1647.0,0,False
25,35,14,-16.443803787231445,1680.0,1680.0,0,False
25,36,16,-14.639521598815918,1721.0,1721.0,0,False
25,37,15,-1.701512336730957,1772.0,1772.0,0,False
25,38,9,-14.462051391601562,1826.0,1826.0,0,False
25,39,13,-8.696120262145996,1875.0,1875.0,0,False
25,40,9,-18.864131927490234,1917.0,1917.0,0,False
25,41,2,-21.471590042114258,1990.0,1990.0,0,False
25,42,4,-21.479619407653807,2040.0,2040.0,0,False
25,43,16,-27.270389556884766,2105.0,2105.0,0,False
25,44,13,-31.34249683662697,2155.0,2155.0,0,False
25,45,17,-37.45851172341241,2225.0,2225.0,0,False
25,46,19,-41.187652587890625,2276.0,2276.0,0,False
25,47,16,-56.876943093759046,2350.0,2350.0,0,False
25,48,2,-54.18877029418945,2400.0,2400.0,0,False
25,49,7,-18.23244285583496,2459.0,2459.0,0,False
25,50,7,-13.813142776489258,2492.0,2492.0,0,False
25,51,12,-16.394489288330078,2534.0,2534.0,0,False
25,52,11,-36.96402359008789,2605.0,2605.0,0,False
25,53,9,-28.93013572692871,2636.0,2636.0,0,False
25,54,9,-32.825836181640625,2669.0,2669.0,0,False
25,55,9,-36.83714294433594,2695.0,2695.0,0,False
25,56,17,5.119933170742456,2728.0,2728.0,0,False
25,57,3,-40.54813003540039,2763.0,2763.0,0,False
25,58,15,-40.94194793701172,2793.0,2793.0,0,False
25,59,15,-17.795175552368164,2838.0,2838.0,0,False
25,60,2,-28.0433349609375,2875.0,2875.0,0,False
25,61,10,-16.779998779296875,2946.0,2946.0,0,False
25,62,13,-16.920000076293945,2990.0,2990.0,0,False
25,63,16,14.119791984558105,3030.0,3030.0,0,False
25,64,12,12.204792976379395,3098.0,3098.0,0,False
25,65,10,-13.515005111694336,3131.0,3131.0,0,False
25,66,7,-24.31999969482422,3200.0,3200.0,0,False
25,67,15,-22.715017318725586,3243.0,3243.0,0,False
25,68,10,-21.83501434326172,3295.0,3295.0,0,False
25,69,13,-21.425878524780273,3336.0,3336.0,0,False
25,70,18,-19.93337059020996,3391.0,3391.0,0,False
25,71,7,-14.690000534057617,3464.0,3464.0,0,False
25,72,8,-14.388333320617676,3500.0,3500.0,0,False
25,73,7,-17.345001220703125,3564.0,3564.0,0,False
25,74,8,-30.553335189819336,3633.0,3633.0,0,False
25,75,14,-39.625,3683.0,3683.0,0,False
25,76,7,-10.528892517089844,3733.0,3733.0,0,False
25,77,8,-38.89833450317383,3776.0,3776.0,0,False
25,78,3,-27.125,3826.0,3826.0,0,False
25,79,15,-33.89500427246094,3860.0,3860.0,0,False
25,80,18,-48.30833435058594,3910.0,3910.0,0,False
25,81,2,-54.41333770751953,3951.0,3951.0,0,False
25,82,15,-27.628576278686523,4001.0,4001.0,0,False
25,83,2,-4.379739284515381,4031.0,4031.0,0,False
25,84,11,-74.88517761230469,4073.0,4073.0,0,False
25,85,5,-38.80524826049805,4149.0,4149.0,0,False
25,86,8,-31.018688201904297,4181.0,4181.0,0,False
25,87,3,-29.295503616333008,4215.0,4215.0,0,False
25,88,18,-11.268335342407227,4252.0,4252.0,0,False
25,89,14,-19.260723114013672,4294.0,4294.0,0,False
25,90,6,-20.20667266845703,4337.0,4337.0,0,False
25,91,6,-21.56170654296875,4376.0,4376.0,0,False
25,92,14,-26.725021362304688,4416.0,4416.0,0,False
25,93,3,-19.975095748901367,4456.0,4456.0,0,False
25,94,4,-31.439647674560547,4498.0,4498.0,0,False
25,95,3,-36.64598846435547,4542.0,4542.0,0,False
25,96,18,-48.375587463378906,4575.0,4575.0,0,False
25,97,0,-17.75007438659668,4640.0,4640.0,0,False
25,98,3,22.273916244506836,4681.0,4681.0,0,False
25,99,18,-9.644977569580078,4718.0,4718.0,0,False
25,100,9,49.6238899230957,4750.0,4750.0,0,False
25,101,19,-16.662017822265625,4787.0,4787.0,0,False
25,102,8,-20.341947555541992,4853.0,4853.0,0,False
25,103,11,-32.47513198852539,4913.0,4913.0,0,False
25,104,0,-19.55532455444336,4949.0,4949.0,0,False
25,105,19,-25.625593185424805,4989.0,4989.0,0,False
25,106,0,-29.33008575439453,5040.0,5040.0,0,False
25,107,19,-31.248327255249023,5095.0,5095.0,0,False
25,108,8,10.974713325500488,5133.0,5133.0,0,False
25,109,0,-35.40236282348633,5171.0,5171.0,0,False
25,110,14,-50.373313903808594,5214.0,5214.0,0,False
25,111,0,-43.15200424194336,5251.0,5251.0,0,False
25,112,11,-64.4223403930664,5297.0,5297.0,0,False
25,113,14,-55.80588912963867,5339.0,5339.0,0,False
25,114,14,5.360952377319336,5395.0,5395.0,0,False
25,115,6,-63.13626480102539,5438.0,5438.0,0,False
25,116,18,-68.61935424804688,5479.0,5479.0,0,False
25,117,0,-40.60996627807617,5511.0,5511.0,0,False
25,118,10,-62.653465270996094,5548.0,5548.0,0,False
25,119,6,-74.45101928710938,5594.0,5594.0,0,False
25,120,18,-21.675222396850586,5639.0,5639.0,0,False
25,121,10,-73.25033569335938,5693.0,5693.0,0,False
25,122,11,-198.6822509765625,5741.0,5741.0,0,False
25,123,10,-84.47254180908203,5778.0,5778.0,0,False
25,124,6,-99.77674102783203,5816.0,5816.0,0,False
25,125,11,-115.8036880493164,5864.0,5864.0,0,False
25,126,11,-140.08248901367188,5906.0,5906.0,0,False
25,127,6,-121.09009552001953,5941.0,5941.0,0,False
25,128,5,-130.09217834472656,5974.0,5974.0,0,False
25,129,10,-127.80125427246094,6016.0,6016.0,0,False
25,130,10,-109.1530990600586,6065.0,6065.0,0,False
25,131,6,-99.29096221923828,6110.0,6110.0,0,False
25,132,5,-147.7161865234375,6163.0,6163.0,0,False
25,133,5,-159.3399658203125,6236.0,6236.0,0,False
25,134,5,-128.38864135742188,6292.0,6292.0,0,False
26,1,9,12.337704875734119,32.0,32.0,0,False
26,2,13,-3.796454429626465,90.0,90.0,0,False
26,3,4,-16.09746087392171,166.0,166.0,0,False
26,4,17,-16.61277500788371,213.0,213.0,0,False
26,5,6,-40.562319946289065,288.0,288.0,0,False
26,6,12,-44.90917758928326,369.0,369.0,0,False
26,7,14,-64.54598236083984,432.0,432.0,0,False
26,8,13,-15.139906077914766,448.0,448.0,0,False
26,9,8,-44.05453109741211,528.0,528.0,0,False
26,10,9,-39.8994244893392,573.0,573.0,0,False
26,11,4,-40.979712041219074,608.0,608.0,0,False
26,12,1,-41.10709762573242,649.0,649.0,0,False
26,13,1,-43.22508217493693,679.0,679.0,0,False
26,14,7,-47.313514709472656,723.0,723.0,0,False
26,15,5,-70.55118560791016,799.0,799.0,0,False
26,16,19,-75.398193359375,858.0,858.0,0,False
26,17,1,-0.4618668980068641,886.0,886.0,0,False
26,18,4,-13.608068217171564,926.0,926.0,0,False
26,19,14,-7.111546516418457,959.0,959.0,0,False
26,20,1,-7.11559804280599,1000.0,1000.0,0,False
26,21,9,-14.271506323637785,1054.0,1054.0,0,False
26,22,11,-4.226264953613281,1110.0,1110.0,0,False
26,23,1,-2.437195466359457,1154.0,1154.0,0,False
26,24,17,-10.718954086303711,1194.0,1194.0,0,False
26,25,4,-14.70132490793864,1229.0,1229.0,0,False
26,26,1,27.369566175672745,1265.0,1265.0,0,False
26,27,12,-8.15046215057373,1308.0,1308.0,0,False
26,28,9,-22.098474979400635,1350.0,1350.0,0,False
26,29,13,-16.790016174316406,1387.0,1387.0,0,False
26,30,17,-23.235116720199585,1431.0,1431.0,0,False
26,31,6,-29.451255798339844,1474.0,1474.0,0,False
26,32,19,-32.79781723022461,1519.0,1519.0,0,False
26,33,4,-39.219178428649904,1569.0,1569.0,0,False
26,34,8,-48.9700927734375,1605.0,1605.0,0,False
26,35,10,-20.98629379272461,1676.0,1676.0,0,False
26,36,15,-31.232696533203125,1742.0,1742.0,0,False
26,37,16,-47.68162536621094,1820.0,1820.0,0,False
26,38,10,-22.4141845703125,1848.0,1848.0,0,False
26,39,15,-32.14613723754883,1883.0,1883.0,0,False
26,40,4,-16.891096538967556,1925.0,1925.0,0,False
26,41,13,-48.111324310302734,1963.0,1963.0,0,False
26,42,12,-13.443974494934082,2031.0,2031.0,0,False
26,43,14,-29.635337829589844,2081.0,2081.0,0,False
26,44,14,-36.131683349609375,2123.0,2123.0,0,False
26,45,9,-29.317794799804688,2154.0,2154.0,0,False
26,46,13,-33.36686706542969,2203.0,2203.0,0,False
26,47,19,-32.13632583618164,2242.0,2242.0,0,False
26,48,2,-21.261077880859375,2316.0,2316.0,0,False
26,49,7,-9.883442878723145,2349.0,2349.0,0,False
26,50,17,-11.68735122680664,2419.0,2419.0,0,False
26,51,0,-18.71253204345703,2499.0,2499.0,0,False
26,52,13,-14.093896865844727,2549.0,2549.0,0,False
26,53,13,-15.858359336853027,2588.0,2588.0,0,False
26,54,7,-17.07164192199707,2657.0,2657.0,0,False
26,55,8,-28.590120315551758,2721.0,2721.0,0,False
26,56,3,-13.568148612976074,2771.0,2771.0,0,False
26,57,3,-6.9651031494140625,2806.0,2806.0,0,False
26,58,7,-14.690000534057617,2879.0,2879.0,0,False
26,59,16,-16.299999237060547,2919.0,2919.0,0,False
26,60,17,3.2224979400634766,2952.0,2952.0,0,False
26,61,9,-30.10666847229004,2990.0,2990.0,0,False
26,62,13,-20.2360782623291,3031.0,3031.0,0,False
26,63,15,-22.22500228881836,3076.0,3076.0,0,False
26,64,2,-32.9083366394043,3116.0,3116.0,0,False
26,65,6,-33.311668395996094,3150.0,3150.0,0,False
26,66,12,-31.935001373291016,3192.0,3192.0,0,False
26,67,15,-38.3900032043457,3235.0,3235.0,0,False
26,68,9,-50.64666748046875,3266.0,3266.0,0,False
26,69,19,-45.55500030517578,3322.0,3322.0,0,False
26,70,9,15.136874198913574,3354.0,3354.0,0,False
26,71,14,-57.32500457763672,3394.0,3394.0,0,False
26,72,7,-55.89500045776367,3458.0,3458.0,0,False
26,73,14,-61.415000915527344,3496.0,3496.0,0,False
26,74,7,-45.93463897705078,3546.0,3546.0,0,False
26,75,5,-74.59000396728516,3579.0,3579.0,0,False
26,76,10,-64.43499755859375,3636.0,3636.0,0,False
26,77,8,-74.62333679199219,3679.0,3679.0,0,False
26,78,8,-79.36833190917969,3711.0,3711.0,0,False
26,79,6,-86.70667266845703,3754.0,3754.0,0,False
26,80,3,-77.25000762939453,3809.0,3809.0,0,False
26,81,15,-79.37000274658203,3843.0,3843.0,0,False
26,82,19,-88.93499755859375,3880.0,3880.0,0,False
26,83,6,-99.54666900634766,3926.0,3926.0,0,False
26,84,16,-93.22000885009766,3975.0,3975.0,0,False
26,85,8,-106.03833770751953,4041.0,4041.0,0,False
26,86,16,-109.2300033569336,4082.0,4082.0,0,False
26,87,19,-115.2249984741211,4122.0,4122.0,0,False
26,88,8,-62.359458923339844,4160.0,4160.0,0,False
26,89,19,-117.59020233154297,4215.0,4215.0,0,False
26,90,3,-108.81999969482422,4249.0,4249.0,0,False
26,91,15,-89.16447448730469,4299.0,4299.0,0,False
26,92,14,-123.11003112792969,4341.0,4341.0,0,False
26,93,6,-126.05671691894531,4379.0,4379.0,0,False
26,94,2,-132.24838256835938,4452.0,4452.0,0,False
26,95,14,-73.98785400390625,4513.0,4513.0,0,False
26,96,16,-147.77513122558594,4578.0,4578.0,0,False
26,97,6,-140.84190368652344,4608.0,4608.0,0,False
26,98,2,-148.8585968017578,4658.0,4658.0,0,False
26,99,6,-91.50153350830078,4703.0,4703.0,0,False
26,100,0,-153.606201171875,4739.0,4739.0,0,False
26,101,5,-156.81735229492188,4792.0,4792.0,0,False
26,102,5,-168.51409912109375,4865.0,4865.0,0,False
26,103,12,-142.84954833984375,4933.0,4933.0,0,False
26,104,16,-184.17442321777344,5007.0,5007.0,0,False
26,105,5,-129.3028106689453,5063.0,5063.0,0,False
26,106,2,-177.28077697753906,5100.0,5100.0,0,False
26,107,16,-153.86965942382812,5140.0,5140.0,0,False
26,108,3,-176.93309020996094,5185.0,5185.0,0,False
26,109,11,-187.21522521972656,5227.0,5227.0,0,False
26,110,3,-189.81971740722656,5271.0,5271.0,0,False
26,111,10,-184.31358337402344,5308.0,5308.0,0,False
26,112,2,-195.79969787597656,5349.0,5349.0,0,False
26,113,3,-164.79629516601562,5390.0,5390.0,0,False
26,114,2,-139.4694061279297,5420.0,5420.0,0,False
26,115,0,-196.69647216796875,5471.0,5471.0,0,False
26,116,11,-209.9866943359375,5531.0,5531.0,0,False
26,117,10,-214.00978088378906,5585.0,5585.0,0,False
26,118,0,-209.20083618164062,5623.0,5623.0,0,False
26,119,10,-213.78939819335938,5660.0,5660.0,0,False
26,120,0,-221.0012664794922,5702.0,5702.0,0,False
26,121,18,-20.291105270385742,5757.0,5757.0,0,False
26,122,0,15.616697311401367,5789.0,5789.0,0,False
26,123,10,-15.665762901306152,5831.0,5831.0,0,False
26,124,11,-27.701574325561523,5877.0,5877.0,0,False
26,125,10,-4.154824256896973,5926.0,5926.0,0,False
26,126,11,-40.73486328125,5974.0,5974.0,0,False
26,127,18,-51.30625915527344,6024.0,6024.0,0,False
26,128,11,-59.23291015625,6072.0,6072.0,0,False
26,129,11,-63.09776306152344,6114.0,6114.0,0,False
26,130,18,-41.13908386230469,6151.0,6151.0,0,False
26,131,18,-50.45249938964844,6184.0,6184.0,0,False
26,132,18,-60.71522521972656,6221.0,6221.0,0,False
26,133,18,-78.69017028808594,6257.0,6257.0,0,False
26,134,18,-57.635292053222656,6302.0,6302.0,0,False
27,1,2,12.872704672030348,34.0,34.0,0,False
27,2,3,-1.2375402294901932,99.0,99.0,0,False
27,3,6,-15.228069559733072,159.0,159.0,0,False
27,4,1,-24.031528155008953,215.0,215.0,0,False
27,5,12,-33.03843274351354,296.0,296.0,0,False
27,6,1,-1.996943855285643,306.0,306.0,0,False
27,7,13,-26.238327026367188,364.0,364.0,0,False
27,8,7,-26.061180083325254,408.0,408.0,0,False
27,9,13,-19.31425819926792,439.0,439.0,0,False
27,10,18,-40.9798698425293,494.0,494.0,0,False
27,11,19,-45.93187713623047,553.0,553.0,0,False
27,12,9,-60.86870574951172,625.0,625.0,0,False
27,13,4,-69.04972076416016,701.0,701.0,0,False
27,14,4,-48.458334032694495,736.0,736.0,0,False
27,15,16,-64.12059783935547,814.0,814.0,0,False
27,16,1,7.732954735226102,842.0,842.0,0,False
27,17,17,-14.64704704284668,904.0,904.0,0,False
27,18,10,-21.9915828704834,975.0,975.0,0,False
27,19,17,-3.340481307771471,1010.0,1010.0,0,False
27,20,16,-14.333626747131348,1050.0,1050.0,0,False
27,21,17,-2.8836349293037706,1094.0,1094.0,0,False
27,22,17,-13.395968278249105,1164.0,1164.0,0,False
27,23,7,-7.972699165344238,1192.0,1192.0,0,False
27,24,1,-17.48716793060303,1233.0,1233.0,0,False
27,25,12,-21.620389938354492,1276.0,1276.0,0,False
27,26,13,-21.698598861694336,1313.0,1313.0,0,False
27,27,4,-27.697020896275838,1353.0,1353.0,0,False
27,28,8,-14.91279411315918,1418.0,1418.0,0,False
27,29,12,-10.76235432835227,1486.0,1486.0,0,False
27,30,4,-5.2528192520141594,1521.0,1521.0,0,False
27,31,13,-12.01290512084961,1559.0,1559.0,0,False
27,32,15,-12.849305152893066,1625.0,1625.0,0,False
27,33,16,-7.71504020690918,1674.0,1674.0,0,False
27,34,2,-9.353464126586914,1714.0,1714.0,0,False
27,35,1,-12.317731075286865,1758.0,1758.0,0,False
27,36,4,-20.212428105672203,1808.0,1808.0,0,False
27,37,13,-28.81983184814453,1857.0,1857.0,0,False
27,38,6,-39.148468017578125,1900.0,1900.0,0,False
27,39,12,-37.40469372842931,1942.0,1942.0,0,False
27,40,16,-27.03886604309082,1983.0,1983.0,0,False
27,41,17,15.390433502197268,2016.0,2016.0,0,False
27,42,13,-37.75185594911929,2066.0,2066.0,0,False
27,43,13,-39.031661620215765,2105.0,2105.0,0,False
27,44,3,-45.367347717285156,2140.0,2140.0,0,False
27,45,4,-30.46924574110243,2182.0,2182.0,0,False
27,46,1,-11.416830656263564,2218.0,2218.0,0,False
27,47,2,-58.71540069580078,2291.0,2291.0,0,False
27,48,10,-49.89276123046875,2324.0,2324.0,0,False
27,49,8,-60.29054260253906,2355.0,2355.0,0,False
27,50,16,-62.94297790527344,2420.0,2420.0,0,False
27,51,12,-20.516712018326107,2488.0,2488.0,0,False
27,52,10,-77.85638427734375,2545.0,2545.0,0,False
27,53,15,-70.19334411621094,2580.0,2580.0,0,False
27,54,13,-47.74433795268509,2621.0,2621.0,0,False
27,55,6,-82.88018798828125,2660.0,2660.0,0,False
27,56,19,-84.57174682617188,2705.0,2705.0,0,False
27,57,14,-16.55685806274414,2753.0,2753.0,0,False
27,58,19,-8.606321334838867,2792.0,2792.0,0,False
27,59,5,-22.229999542236328,2853.0,2853.0,0,False
27,60,0,-20.5,2918.0,2918.0,0,False
27,61,19,-23.90500259399414,2974.0,2974.0,0,False
27,62,6,-15.031667709350586,3017.0,3017.0,0,False
27,63,5,-20.764999389648438,3050.0,3050.0,0,False
27,64,8,-22.678333282470703,3119.0,3119.0,0,False
27,65,19,-21.309999465942383,3156.0,3156.0,0,False
27,66,8,-30.623334884643555,3199.0,3199.0,0,False
27,67,14,-37.19000244140625,3232.0,3232.0,0,False
27,68,7,-28.470001220703125,3296.0,3296.0,0,False
27,69,14,-44.650001525878906,3346.0,3346.0,0,False
27,70,14,-50.90999984741211,3388.0,3388.0,0,False
27,71,14,-46.45000076293945,3428.0,3428.0,0,False
27,72,5,-50.21500015258789,3481.0,3481.0,0,False
27,73,6,-51.49666976928711,3522.0,3522.0,0,False
27,74,5,-60.36500549316406,3595.0,3595.0,0,False
27,75,19,-61.70000457763672,3635.0,3635.0,0,False
27,76,2,-65.10833740234375,3685.0,3685.0,0,False
27,77,11,-20.255001068115234,3756.0,3756.0,0,False
27,78,10,-6.309999942779541,3793.0,3793.0,0,False
27,79,11,-9.785000801086426,3835.0,3835.0,0,False
27,80,9,-20.21666717529297,3880.0,3880.0,0,False
27,81,9,-20.586668014526367,3934.0,3934.0,0,False
27,82,16,-28.12000274658203,4008.0,4008.0,0,False
27,83,15,-30.725000381469727,4053.0,4053.0,0,False
27,84,15,-25.440000534057617,4096.0,4096.0,0,False
27,85,7,-36.065006256103516,4169.0,4169.0,0,False
27,86,10,-40.07001495361328,4223.0,4223.0,0,False
27,87,8,-43.31834030151367,4255.0,4255.0,0,False
27,88,9,-50.501670837402344,4297.0,4297.0,0,False
27,89,19,-37.31501770019531,4352.0,4352.0,0,False
27,90,6,-54.256675720214844,4390.0,4390.0,0,False
27,91,15,-46.64500427246094,4419.0,4419.0,0,False
27,92,8,-61.53833770751953,4485.0,4485.0,0,False
27,93,18,-66.92500305175781,4535.0,4535.0,0,False
27,94,14,-73.33999633789062,4578.0,4578.0,0,False
27,95,15,-45.42755126953125,4628.0,4628.0,0,False
27,96,9,-84.09771728515625,4659.0,4659.0,0,False
27,97,5,-10.497900009155273,4715.0,4715.0,0,False
27,98,8,-21.98085594177246,4753.0,4753.0,0,False
27,99,14,-90.33675384521484,4795.0,4795.0,0,False
27,100,16,-69.0478286743164,4835.0,4835.0,0,False
27,101,3,-95.6905288696289,4890.0,4890.0,0,False
27,102,6,-90.40155029296875,4920.0,4920.0,0,False
27,103,14,-29.65091323852539,4981.0,4981.0,0,False
27,104,9,-97.205810546875,5014.0,5014.0,0,False
27,105,9,-101.05891418457031,5040.0,5040.0,0,False
27,106,9,-42.53236389160156,5072.0,5072.0,0,False
27,107,3,-104.0713119506836,5106.0,5106.0,0,False
27,108,0,-109.4952392578125,5142.0,5142.0,0,False
27,109,7,-109.90229797363281,5206.0,5206.0,0,False
27,110,6,-52.23228454589844,5251.0,5251.0,0,False
27,111,3,-115.2977523803711,5296.0,5296.0,0,False
27,112,10,-120.84833526611328,5333.0,5333.0,0,False
27,113,10,-122.27123260498047,5370.0,5370.0,0,False
27,114,10,-107.4819107055664,5419.0,5419.0,0,False
27,115,18,-130.08056640625,5456.0,5456.0,0,False
27,116,11,-134.95736694335938,5516.0,5516.0,0,False
27,117,7,-113.34639739990234,5561.0,5561.0,0,False
27,118,0,-134.84963989257812,5612.0,5612.0,0,False
27,119,3,-137.79800415039062,5656.0,5656.0,0,False
27,120,11,-149.57730102539062,5702.0,5702.0,0,False
27,121,18,-158.1925811767578,5735.0,5735.0,0,False
27,122,11,-162.2987060546875,5783.0,5783.0,0,False
27,123,11,-164.2247314453125,5826.0,5826.0,0,False
27,124,3,-128.55227661132812,5867.0,5867.0,0,False
27,125,2,-163.23321533203125,5904.0,5904.0,0,False
27,126,18,-171.70635986328125,5936.0,5936.0,0,False
27,127,11,-167.51129150390625,5978.0,5978.0,0,False
27,128,2,-184.040283203125,6019.0,6019.0,0,False
27,129,0,-184.36424255371094,6057.0,6057.0,0,False
27,130,0,-193.9822540283203,6099.0,6099.0,0,False
27,131,18,-216.8759307861328,6140.0,6140.0,0,False
27,132,0,-196.3946533203125,6172.0,6172.0,0,False
27,133,18,-188.4501495361328,6217.0,6217.0,0,False
27,134,2,-228.44244384765625,6242.0,6242.0,0,False
28,1,12,21.627869468279915,41.0,41.0,0,False
28,2,13,-5.297099685668947,99.0,99.0,0,False
28,3,17,-14.984047147962784,161.0,161.0,0,False
28,4,1,-24.35945218404134,217.0,217.0,0,False
28,5,4,-36.92045599619547,293.0,293.0,0,False
28,6,13,-3.1604933420817076,309.0,309.0,0,False
28,7,7,-25.83851764687242,368.0,368.0,0,False
28,8,13,13.275921556684708,390.0,390.0,0,False
28,9,9,-15.751462936401367,462.0,462.0,0,False
28,10,16,-24.50372314453125,540.0,540.0,0,False
28,11,17,-5.977701716952854,580.0,580.0,0,False
28,12,15,-16.365215301513672,646.0,646.0,0,False
28,13,18,-31.703044891357422,701.0,701.0,0,False
28,14,1,-18.3843643506368,731.0,731.0,0,False
28,15,13,-23.42847856945462,769.0,769.0,0,False
28,16,17,-0.12691071298387335,813.0,813.0,0,False
28,17,8,-15.558479309082031,893.0,893.0,0,False
28,18,7,-3.3258466720581055,926.0,926.0,0,False
28,19,9,-14.055740356445312,971.0,971.0,0,False
28,20,7,-7.159664523161295,1040.0,1040.0,0,False
28,21,12,-6.567072879006469,1083.0,1083.0,0,False
28,22,7,-16.581341701344595,1156.0,1156.0,0,False
28,23,7,-26.10546800660362,1220.0,1220.0,0,False
28,24,4,-24.262218475341797,1255.0,1255.0,0,False
28,25,1,-26.724746486875745,1298.0,1298.0,0,False
28,26,17,-36.523099422454834,1368.0,1368.0,0,False
28,27,12,-44.0645664757824,1436.0,1436.0,0,False
28,28,6,-29.369464874267578,1511.0,1511.0,0,False
28,29,3,-22.609159469604492,1561.0,1561.0,0,False
28,30,8,-13.77507495880127,1597.0,1597.0,0,False
28,31,10,-20.466276168823242,1668.0,1668.0,0,False
28,32,17,27.05052299499512,1701.0,1701.0,0,False
28,33,14,-35.56649398803711,1764.0,1764.0,0,False
28,34,10,-22.577194213867188,1797.0,1797.0,0,False
28,35,1,-32.827078119913736,1838.0,1838.0,0,False
28,36,6,-43.36655044555664,1881.0,1881.0,0,False
28,37,16,-45.90997314453125,1921.0,1921.0,0,False
28,38,10,-12.990728378295898,1978.0,1978.0,0,False
28,39,13,-21.55146598815918,2027.0,2027.0,0,False
28,40,13,-24.121729324482104,2072.0,2072.0,0,False
28,41,9,-32.3502311706543,2126.0,2126.0,0,False
28,42,1,-27.23635958035787,2165.0,2165.0,0,False
28,43,19,-16.08503532409668,2224.0,2224.0,0,False
28,44,2,-23.67645263671875,2298.0,2298.0,0,False
28,45,1,19.31929791768392,2334.0,2334.0,0,False
28,46,13,-3.615164295832316,2373.0,2373.0,0,False
28,47,8,-17.645111083984375,2442.0,2442.0,0,False
28,48,14,-20.342479705810547,2475.0,2475.0,0,False
28,49,12,-18.423824310302734,2517.0,2517.0,0,False
28,50,10,-17.282032012939453,2554.0,2554.0,0,False
28,51,0,-16.99721336364746,2634.0,2634.0,0,False
28,52,4,-14.77230453491211,2674.0,2674.0,0,False
28,53,12,27.17409456288361,2742.0,2742.0,0,False
28,54,18,-19.894655227661133,2792.0,2792.0,0,False
28,55,19,-24.039548873901367,2837.0,2837.0,0,False
28,56,6,-25.186668395996094,2876.0,2876.0,0,False
28,57,10,-25.69500160217285,2930.0,2930.0,0,False
28,58,7,-11.147321701049805,2980.0,2980.0,0,False
28,59,6,-41.03166961669922,3023.0,3023.0,0,False
28,60,15,-38.57500076293945,3058.0,3058.0,0,False
28,61,10,-44.13500213623047,3095.0,3095.0,0,False
28,62,3,-49.375,3130.0,3130.0,0,False
28,63,6,-63.99666976928711,3176.0,3176.0,0,False
28,64,13,-54.247535705566406,3217.0,3217.0,0,False
28,65,4,-71.17500305175781,3252.0,3252.0,0,False
28,66,14,-58.10000228881836,3302.0,3302.0,0,False
28,67,3,-52.85000228881836,3352.0,3352.0,0,False
28,68,19,-66.89500427246094,3391.0,3391.0,0,False
28,69,10,-60.03499984741211,3433.0,3433.0,0,False
28,70,10,-39.44257354736328,3482.0,3482.0,0,False
28,71,8,-80.17333221435547,3525.0,3525.0,0,False
28,72,6,-86.68167114257812,3563.0,3563.0,0,False
28,73,19,-77.3550033569336,3619.0,3619.0,0,False
28,74,15,-80.05000305175781,3664.0,3664.0,0,False
28,75,6,-84.56666564941406,3694.0,3694.0,0,False
28,76,8,-89.7933349609375,3726.0,3726.0,0,False
28,77,4,-94.55000305175781,3776.0,3776.0,0,False
28,78,16,-92.24500274658203,3825.0,3825.0,0,False
28,79,6,-34.576045989990234,3870.0,3870.0,0,False
28,80,2,-106.5250015258789,3910.0,3910.0,0,False
28,81,4,-104.76556396484375,3952.0,3952.0,0,False
28,82,19,-113.36000061035156,3989.0,3989.0,0,False
28,83,14,-110.63500213623047,4031.0,4031.0,0,False
28,84,18,-114.49333953857422,4068.0,4068.0,0,False
28,85,15,-109.46501159667969,4111.0,4111.0,0,False
28,86,15,-114.52000427246094,4145.0,4145.0,0,False
28,87,19,-117.5250015258789,4185.0,4185.0,0,False
28,88,0,-117.1550064086914,4221.0,4221.0,0,False
28,89,0,-120.9300537109375,4272.0,4272.0,0,False
28,90,15,-98.63467407226562,4322.0,4322.0,0,False
28,91,19,-121.61283111572266,4377.0,4377.0,0,False
28,92,3,-130.2450714111328,4411.0,4411.0,0,False
28,93,0,-130.94015502929688,4444.0,4444.0,0,False
28,94,2,-148.56576538085938,4517.0,4517.0,0,False
28,95,8,-156.76409912109375,4583.0,4583.0,0,False
28,96,8,-99.30595397949219,4616.0,4616.0,0,False
28,97,18,-154.3488006591797,4649.0,4649.0,0,False
28,98,5,-15.180394172668457,4710.0,4710.0,0,False
28,99,2,-14.776545524597168,4755.0,4755.0,0,False
28,100,5,-20.91583824157715,4788.0,4788.0,0,False
28,101,11,-26.40605354309082,4859.0,4859.0,0,False
28,102,11,-22.236600875854492,4901.0,4901.0,0,False
28,103,5,-12.115484237670898,4954.0,4954.0,0,False
28,104,16,-13.706884384155273,4995.0,4995.0,0,False
28,105,16,-23.58128547668457,5060.0,5060.0,0,False
28,106,18,-21.170873641967773,5097.0,5097.0,0,False
28,107,2,-350.18310546875,5129.0,5129.0,0,False
28,108,9,-33.14047622680664,5171.0,5171.0,0,False
28,109,16,-26.125598907470703,5240.0,5240.0,0,False
28,110,2,-48.14946365356445,5281.0,5281.0,0,False
28,111,2,-31.793445587158203,5311.0,5311.0,0,False
28,112,3,-39.30187225341797,5356.0,5356.0,0,False
28,113,3,-40.99015808105469,5395.0,5395.0,0,False
28,114,5,-51.8514289855957,5468.0,5468.0,0,False
28,115,11,-56.323875427246094,5528.0,5528.0,0,False
28,116,3,-32.60200119018555,5569.0,5569.0,0,False
28,117,16,-45.95323181152344,5609.0,5609.0,0,False
28,118,18,-62.398902893066406,5650.0,5650.0,0,False
28,119,9,-66.88318634033203,5681.0,5681.0,0,False
28,120,14,-72.60956573486328,5716.0,5716.0,0,False
28,121,18,-18.416425704956055,5761.0,5761.0,0,False
28,122,14,-87.07749938964844,5804.0,5804.0,0,False
28,123,11,-89.05826568603516,5850.0,5850.0,0,False
28,124,5,-15.737380027770996,5906.0,5906.0,0,False
28,125,11,-81.8033447265625,5954.0,5954.0,0,False
28,126,11,-84.21248626708984,5997.0,5997.0,0,False
28,127,9,-98.66625213623047,6035.0,6035.0,0,False
28,128,0,-94.40133666992188,6072.0,6072.0,0,False
28,129,9,-110.17598724365234,6098.0,6098.0,0,False
28,130,9,-57.211090087890625,6130.0,6130.0,0,False
28,131,14,-117.62762451171875,6167.0,6167.0,0,False
28,132,14,-62.806358337402344,6223.0,6223.0,0,False
28,133,0,-105.4969482421875,6250.0,6250.0,0,False
28,134,11,-176.3251953125,6292.0,6292.0,0,False
29,1,4,18.417418670654296,36.0,36.0,0,False
29,2,12,-3.930715407352533,117.0,117.0,0,False
29,3,14,-23.361088890091843,180.0,180.0,0,False
29,4,17,-28.152357313368057,242.0,242.0,0,False
29,5,8,-44.97587053510878,322.0,322.0,0,False
29,6,12,-2.1114360917251602,345.0,345.0,0,False
29,7,7,-19.76416723560717,389.0,389.0,0,False
29,8,13,-27.320980072021484,432.0,432.0,0,False
29,9,7,-25.40195565151184,465.0,465.0,0,False
29,10,17,-31.395242585076225,505.0,505.0,0,False
29,11,2,-47.6865234375,579.0,579.0,0,False
29,12,8,-41.53868516286214,615.0,615.0,0,False
29,13,13,-39.85410404735141,646.0,646.0,0,False
29,14,1,-53.33034133911133,702.0,702.0,0,False
29,15,8,-0.10754485130309988,756.0,756.0,0,False
29,16,4,-0.2219998677571624,791.0,791.0,0,False
29,17,1,-4.990817292531332,821.0,821.0,0,False
29,18,16,-4.864501953125,884.0,884.0,0,False
29,19,14,-11.375201225280762,917.0,917.0,0,False
29,20,6,-25.19891357421875,992.0,992.0,0,False
29,21,6,-19.052749633789062,1030.0,1030.0,0,False
29,22,10,-26.00061798095703,1101.0,1101.0,0,False
29,23,8,-27.841479608747694,1144.0,1144.0,0,False
29,24,8,-32.2726624361674,1176.0,1176.0,0,False
29,25,17,-3.8843365157092062,1220.0,1220.0,0,False
29,26,4,-5.698327249950832,1255.0,1255.0,0,False
29,27,1,-16.799745342466565,1298.0,1298.0,0,False
29,28,10,-10.379888534545898,1331.0,1331.0,0,False
29,29,1,-19.65894101460775,1372.0,1372.0,0,False
29,30,2,-30.10403060913086,1412.0,1412.0,0,False
29,31,5,-25.203369140625,1488.0,1488.0,0,False
29,32,12,-6.369262204762595,1556.0,1556.0,0,False
29,33,12,-2.3931472580457047,1598.0,1598.0,0,False
29,34,18,-15.810200691223145,1653.0,1653.0,0,False
29,35,7,-10.260149002075195,1722.0,1722.0,0,False
29,36,16,-8.290239334106445,1762.0,1762.0,0,False
29,37,12,39.18034767846398,1830.0,1830.0,0,False
29,38,17,-24.46541494793362,1900.0,1900.0,0,False
29,39,1,-22.0244033241272,1944.0,1944.0,0,False
29,40,6,-27.945533752441406,1983.0,1983.0,0,False
29,41,13,-30.027074813842773,2020.0,2020.0,0,False
29,42,17,14.95583538479275,2053.0,2053.0,0,False
29,43,2,-41.11189651489258,2126.0,2126.0,0,False
29,44,9,-23.670394897460938,2198.0,2198.0,0,False
29,45,0,-19.33449935913086,2263.0,2263.0,0,False
29,46,13,-15.113334655761719,2301.0,2301.0,0,False
29,47,9,-25.818227767944336,2346.0,2346.0,0,False
29,48,13,-29.797298431396484,2395.0,2395.0,0,False
29,49,3,-21.93366241455078,2445.0,2445.0,0,False
29,50,6,-34.257301330566406,2488.0,2488.0,0,False
29,51,10,-7.131387710571289,2545.0,2545.0,0,False
29,52,0,-9.60396957397461,2581.0,2581.0,0,False
29,53,13,-21.455333709716797,2631.0,2631.0,0,False
29,54,13,-23.219797134399414,2670.0,2670.0,0,False
29,55,10,-18.59300422668457,2707.0,2707.0,0,False
29,56,4,-26.504959106445312,2742.0,2742.0,0,False
29,57,7,-29.127613067626953,2810.0,2810.0,0,False
29,58,6,-40.171669006347656,2856.0,2856.0,0,False
29,59,6,-43.80666732788086,2889.0,2889.0,0,False
29,60,4,-48.97500228881836,2939.0,2939.0,0,False
29,61,8,-50.86333465576172,3005.0,3005.0,0,False
29,62,3,-45.42499923706055,3040.0,3040.0,0,False
29,63,3,-50.15000534057617,3095.0,3095.0,0,False
29,64,16,-61.470001220703125,3144.0,3144.0,0,False
29,65,1,-54.56541442871094,3180.0,3180.0,0,False
29,66,13,-51.02600860595703,3221.0,3221.0,0,False
29,67,15,-6.230007171630859,3272.0,3272.0,0,False
29,68,7,-8.470005989074707,3331.0,3331.0,0,False
29,69,7,11.79422378540039,3376.0,3376.0,0,False
29,70,8,48.29245376586914,3409.0,3409.0,0,False
29,71,11,-24.479999542236328,3480.0,3480.0,0,False
29,72,15,-6.750000953674316,3515.0,3515.0,0,False
29,73,15,-4.350107192993164,3560.0,3560.0,0,False
29,74,4,-8.636805534362793,3602.0,3602.0,0,False
29,75,18,-22.38333511352539,3652.0,3652.0,0,False
29,76,3,-20.570100784301758,3686.0,3686.0,0,False
29,77,10,-18.070144653320312,3740.0,3740.0,0,False
29,78,15,-16.64000129699707,3778.0,3778.0,0,False
29,79,10,-26.435205459594727,3815.0,3815.0,0,False
29,80,15,-31.520294189453125,3849.0,3849.0,0,False
29,81,19,-12.745416641235352,3893.0,3893.0,0,False
29,82,2,-21.558334350585938,3943.0,3943.0,0,False
29,83,16,-8.355000495910645,3984.0,3984.0,0,False
29,84,9,-20.188108444213867,4038.0,4038.0,0,False
29,85,18,-24.821277618408203,4075.0,4075.0,0,False
29,86,6,-22.2476749420166,4110.0,4110.0,0,False
29,87,14,-26.780054092407227,4160.0,4160.0,0,False
29,88,3,-17.49251365661621,4200.0,4200.0,0,False
29,89,16,-31.364715576171875,4265.0,4265.0,0,False
29,90,10,-29.910001754760742,4307.0,4307.0,0,False
29,91,2,-42.28935623168945,4344.0,4344.0,0,False
29,92,10,-15.731298446655273,4393.0,4393.0,0,False
29,93,14,-46.26001739501953,4435.0,4435.0,0,False
29,94,19,-46.77383804321289,4480.0,4480.0,0,False
29,95,2,-55.58835983276367,4521.0,4521.0,0,False
29,96,6,1.7197073698043823,4566.0,4566.0,0,False
29,97,16,-59.37372589111328,4640.0,4640.0,0,False
29,98,15,-26.607786178588867,4685.0,4685.0,0,False
29,99,3,-63.596153259277344,4729.0,4729.0,0,False
29,100,18,-75.32398986816406,4762.0,4762.0,0,False
29,101,14,-83.38976287841797,4802.0,4802.0,0,False
29,102,9,-88.50286102294922,4844.0,4844.0,0,False
29,103,18,-93.44339752197266,4881.0,4881.0,0,False
29,104,3,-46.91864013671875,4922.0,4922.0,0,False
29,105,18,-82.08976745605469,4958.0,4958.0,0,False
29,106,14,-91.49254608154297,5001.0,5001.0,0,False
29,107,16,-63.187435150146484,5041.0,5041.0,0,False
29,108,14,-96.11766052246094,5083.0,5083.0,0,False
29,109,19,-97.45774841308594,5122.0,5122.0,0,False
29,110,18,-38.969844818115234,5167.0,5167.0,0,False
29,111,14,-36.618587493896484,5228.0,5228.0,0,False
29,112,19,-108.43902587890625,5284.0,5284.0,0,False
29,113,11,-113.17867279052734,5326.0,5326.0,0,False
29,114,9,-115.86817169189453,5357.0,5357.0,0,False
29,115,2,-58.71513366699219,5387.0,5387.0,0,False
29,116,19,-121.48907470703125,5424.0,5424.0,0,False
29,117,9,-130.66297912597656,5462.0,5462.0,0,False
29,118,0,-116.31990814208984,5513.0,5513.0,0,False
29,119,0,-119.15204620361328,5551.0,5551.0,0,False
29,120,9,-131.628173828125,5582.0,5582.0,0,False
29,121,11,-136.5531005859375,5642.0,5642.0,0,False
29,122,11,-140.21688842773438,5688.0,5688.0,0,False
29,123,11,-154.6750030517578,5736.0,5736.0,0,False
29,124,9,-86.15471649169922,5768.0,5768.0,0,False
29,125,19,-141.78280639648438,5808.0,5808.0,0,False
29,126,0,-142.6934051513672,5850.0,5850.0,0,False
29,127,19,-137.6667938232422,5900.0,5900.0,0,False
29,128,11,-164.08993530273438,5948.0,5948.0,0,False
29,129,11,-198.76400756835938,5990.0,5990.0,0,False
29,130,0,-144.61485290527344,6022.0,6022.0,0,False
29,131,5,-193.82525634765625,6055.0,6055.0,0,False
29,132,5,-193.575439453125,6108.0,6108.0,0,False
29,133,5,-212.16470336914062,6181.0,6181.0,0,False
29,134,5,-190.25128173828125,6237.0,6237.0,0,False
30,1,4,18.417418670654296,36.0,36.0,0,False
30,2,8,-10.913874350653753,116.0,116.0,0,False
30,3,13,-8.476402537027994,159.0,159.0,0,False
30,4,10,-13.878750854068333,215.0,215.0,0,False
30,5,8,-2.1111496369044005,231.0,231.0,0,False
30,6,18,-21.46856248714125,286.0,286.0,0,False
30,7,5,-34.905960612826874,362.0,362.0,0,False
30,8,8,-2.967424910156815,416.0,416.0,0,False
30,9,19,-17.942951202392578,475.0,475.0,0,False
30,10,8,-1.0972841368781197,518.0,518.0,0,False
30,11,12,-11.825732231140137,599.0,599.0,0,False
30,12,1,-24.66585922241211,655.0,655.0,0,False
30,13,8,-14.170097611745199,687.0,687.0,0,False
30,14,1,-17.647248554229737,717.0,717.0,0,False
30,15,12,-20.071281407123422,760.0,760.0,0,False
30,16,1,2.027775796254476,798.0,798.0,0,False
30,17,0,-8.1907377243042,878.0,878.0,0,False
30,18,6,-21.345041275024414,938.0,938.0,0,False
30,19,3,-18.65973663330078,988.0,988.0,0,False
30,20,16,-41.93866729736328,1066.0,1066.0,0,False
30,21,17,-51.5075569152832,1128.0,1128.0,0,False
30,22,14,-65.81707763671875,1191.0,1191.0,0,False
30,23,12,-30.881383828698223,1259.0,1259.0,0,False
30,24,3,-0.8066797256469727,1294.0,1294.0,0,False
30,25,7,-11.383687973022461,1353.0,1353.0,0,False
30,26,9,-26.320518493652344,1425.0,1425.0,0,False
30,27,6,-15.989355087280273,1463.0,1463.0,0,False
30,28,4,-19.004642486572266,1498.0,1498.0,0,False
30,29,18,-29.694339752197266,1548.0,1548.0,0,False
30,30,19,-34.0892333984375,1593.0,1593.0,0,False
30,31,11,-37.66876983642578,1664.0,1664.0,0,False
30,32,4,-6.863858222961426,1704.0,1704.0,0,False
30,33,14,-9.389556884765625,1737.0,1737.0,0,False
30,34,1,-11.014442698160806,1778.0,1778.0,0,False
30,35,9,-22.000167846679688,1823.0,1823.0,0,False
30,36,17,-24.533592224121094,1863.0,1863.0,0,False
30,37,4,-29.90971590677897,1898.0,1898.0,0,False
30,38,6,-23.911678314208984,1937.0,1937.0,0,False
30,39,18,-28.826553344726562,1974.0,1974.0,0,False
30,40,8,-38.548510286543106,2040.0,2040.0,0,False
30,41,17,-43.397220611572266,2084.0,2084.0,0,False
30,42,6,-41.05085754394531,2127.0,2127.0,0,False
30,43,12,-39.70352055832426,2169.0,2169.0,0,False
30,44,4,-51.43523557027181,2219.0,2219.0,0,False
30,45,8,34.316203604804144,2257.0,2257.0,0,False
30,46,14,-58.057098388671875,2307.0,2307.0,0,False
30,47,7,-53.2578010559082,2340.0,2340.0,0,False
30,48,0,-54.87538146972656,2376.0,2376.0,0,False
30,49,7,-63.353660583496094,2445.0,2445.0,0,False
30,50,13,-64.86624908447266,2481.0,2481.0,0,False
30,51,1,-71.75384521484375,2525.0,2525.0,0,False
30,52,13,-65.17391204833984,2557.0,2557.0,0,False
30,53,9,-81.60446166992188,2611.0,2611.0,0,False
30,54,6,-83.52330780029297,2657.0,2657.0,0,False
30,55,6,-87.34400939941406,2690.0,2690.0,0,False
30,56,12,-35.86329619400659,2758.0,2758.0,0,False
30,57,18,-91.95402526855469,2791.0,2791.0,0,False
30,58,1,-58.43966785007053,2827.0,2827.0,0,False
30,59,15,-15.430000305175781,2893.0,2893.0,0,False
30,60,4,-8.507742881774902,2935.0,2935.0,0,False
30,61,6,-21.34166717529297,2970.0,2970.0,0,False
30,62,16,-23.700000762939453,3010.0,3010.0,0,False
30,63,7,-19.84000015258789,3083.0,3083.0,0,False
30,64,17,-30.325002670288086,3153.0,3153.0,0,False
30,65,15,-21.925003051757812,3188.0,3188.0,0,False
30,66,16,-29.470001220703125,3237.0,3237.0,0,False
30,67,11,-33.310001373291016,3279.0,3279.0,0,False
30,68,11,-38.0,3339.0,3339.0,0,False
30,69,5,-44.06500244140625,3372.0,3372.0,0,False
30,70,18,-47.96833419799805,3409.0,3409.0,0,False
30,71,7,-48.37000274658203,3473.0,3473.0,0,False
30,72,16,-54.404998779296875,3514.0,3514.0,0,False
30,73,10,-48.69000244140625,3547.0,3547.0,0,False
30,74,2,-22.77833366394043,3621.0,3621.0,0,False
30,75,13,-14.915000915527344,3659.0,3659.0,0,False
30,76,13,-22.31999969482422,3708.0,3708.0,0,False
30,77,19,-12.320000648498535,3747.0,3747.0,0,False
30,78,18,-19.638334274291992,3788.0,3788.0,0,False
30,79,7,-4.823932647705078,3838.0,3838.0,0,False
30,80,5,-28.239999771118164,3891.0,3891.0,0,False
30,81,2,-29.783334732055664,3931.0,3931.0,0,False
30,82,18,24.809955596923828,3976.0,3976.0,0,False
30,83,17,-14.595035552978516,4009.0,4009.0,0,False
30,84,13,-45.20000076293945,4059.0,4059.0,0,False
30,85,11,-52.08000183105469,4105.0,4105.0,0,False
30,86,15,-32.500003814697266,4145.0,4145.0,0,False
30,87,6,15.92117691040039,4190.0,4190.0,0,False
30,88,15,-47.71520233154297,4233.0,4233.0,0,False
30,89,16,-53.72500228881836,4298.0,4298.0,0,False
30,90,14,-64.41000366210938,4340.0,4340.0,0,False
30,91,3,-64.22514343261719,4395.0,4395.0,0,False
30,92,15,-58.32001495361328,4429.0,4429.0,0,False
30,93,2,-72.49835205078125,4502.0,4502.0,0,False
30,94,16,-81.02001953125,4576.0,4576.0,0,False
30,95,13,-77.69548034667969,4620.0,4620.0,0,False
30,96,0,-76.8311767578125,4671.0,4671.0,0,False
30,97,10,-85.4100112915039,4728.0,4728.0,0,False
30,98,9,-92.45243835449219,4770.0,4770.0,0,False
30,99,3,-84.82000732421875,4799.0,4799.0,0,False
30,100,15,-69.92108154296875,4849.0,4849.0,0,False
30,101,10,-91.33609008789062,4886.0,4886.0,0,False
30,102,10,-99.52257537841797,4940.0,4940.0,0,False
30,103,14,-108.3915023803711,4980.0,4980.0,0,False
30,104,14,-112.82435607910156,5018.0,5018.0,0,False
30,105,13,-105.1216049194336,5059.0,5059.0,0,False
30,106,3,-118.0,5104.0,5104.0,0,False
30,107,16,-86.88433837890625,5139.0,5139.0,0,False
30,108,3,-109.39502716064453,5178.0,5178.0,0,False
30,109,2,-128.04725646972656,5228.0,5228.0,0,False
30,110,11,-132.42063903808594,5276.0,5276.0,0,False
30,111,11,-134.5652313232422,5319.0,5319.0,0,False
30,112,0,-140.55783081054688,5357.0,5357.0,0,False
30,113,3,-103.03206634521484,5398.0,5398.0,0,False
30,114,10,-132.26112365722656,5435.0,5435.0,0,False
30,115,10,-133.656005859375,5472.0,5472.0,0,False
30,116,5,-151.53448486328125,5545.0,5545.0,0,False
30,117,0,-144.06407165527344,5587.0,5587.0,0,False
30,118,19,-153.08108520507812,5643.0,5643.0,0,False
30,119,11,-149.38800048828125,5685.0,5685.0,0,False
30,120,0,-131.1820526123047,5717.0,5717.0,0,False
30,121,9,-167.8697509765625,5748.0,5748.0,0,False
30,122,2,-173.24815368652344,5785.0,5785.0,0,False
30,123,9,-179.22088623046875,5823.0,5823.0,0,False
30,124,10,-154.49794006347656,5872.0,5872.0,0,False
30,125,5,-112.41265106201172,5928.0,5928.0,0,False
30,126,9,-178.3029022216797,5959.0,5959.0,0,False
30,127,2,-183.03929138183594,6000.0,6000.0,0,False
30,128,14,-183.37039184570312,6037.0,6037.0,0,False
30,129,19,-187.57257080078125,6074.0,6074.0,0,False
30,130,19,-192.42242431640625,6114.0,6114.0,0,False
30,131,2,-142.7125244140625,6144.0,6144.0,0,False
30,132,14,-152.4689178466797,6205.0,6205.0,0,False
30,133,19,-236.3834686279297,6260.0,6260.0,0,False
30,134,9,-223.77577209472656,6292.0,6292.0,0,False
31,1,18,16.103805252963014,15.0,15.0,0,False
31,2,8,-7.44153446621365,95.0,95.0,0,False
31,3,5,-21.179763793945312,171.0,171.0,0,False
31,4,17,-26.689209196302627,233.0,233.0,0,False
31,5,0,-36.303806965325464,313.0,313.0,0,False
31,6,4,-52.66067492167155,389.0,389.0,0,False
31,7,14,-67.65852355957031,452.0,452.0,0,False
31,8,1,-71.83865356445312,508.0,508.0,0,False
31,9,6,-87.27236938476562,583.0,583.0,0,False
31,10,1,-26.332803281148273,593.0,593.0,0,False
31,11,10,-47.46650695800781,664.0,664.0,0,False
31,12,12,-60.372314453125,745.0,745.0,0,False
31,13,15,-70.56871032714844,811.0,811.0,0,False
31,14,17,-58.018666691250274,851.0,851.0,0,False
31,15,3,-58.14516830444336,901.0,901.0,0,False
31,16,6,-70.46880340576172,944.0,944.0,0,False
31,17,12,-68.94154859230396,987.0,987.0,0,False
31,18,17,5.985847561447709,1016.0,1016.0,0,False
31,19,7,-9.369309425354004,1075.0,1075.0,0,False
31,20,9,-25.13947296142578,1147.0,1147.0,0,False
31,21,17,-13.561227215660942,1217.0,1217.0,0,False
31,22,15,-0.7203340530395508,1252.0,1252.0,0,False
31,23,18,-15.410032272338867,1302.0,1302.0,0,False
31,24,17,29.01843388875325,1335.0,1335.0,0,False
31,25,15,-9.957525461233644,1380.0,1380.0,0,False
31,26,1,-20.72537580596076,1423.0,1423.0,0,False
31,27,10,-16.758296966552734,1456.0,1456.0,0,False
31,28,10,-16.970914840698242,1508.0,1508.0,0,False
31,29,18,-33.737457275390625,1545.0,1545.0,0,False
31,30,14,-35.094825744628906,1578.0,1578.0,0,False
31,31,10,-28.64803123474121,1615.0,1615.0,0,False
31,32,5,-38.68560028076172,1643.0,1643.0,0,False
31,33,4,-40.91755294799805,1678.0,1678.0,0,False
31,34,8,-49.358463287353516,1714.0,1714.0,0,False
31,35,8,-51.58675003051758,1783.0,1783.0,0,False
31,36,3,-46.10536575317383,1818.0,1818.0,0,False
31,37,0,-46.659812927246094,1849.0,1849.0,0,False
31,38,14,-61.08617401123047,1899.0,1899.0,0,False
31,39,8,-63.576480865478516,1942.0,1942.0,0,False
31,40,13,-14.969528198242188,2000.0,2000.0,0,False
31,41,12,-7.777182579040527,2068.0,2068.0,0,False
31,42,14,-22.68352699279785,2110.0,2110.0,0,False
31,43,13,-12.406108856201172,2146.0,2146.0,0,False
31,44,14,-23.151199340820312,2186.0,2186.0,0,False
31,45,18,-26.58523178100586,2219.0,2219.0,0,False
31,46,14,-34.993873596191406,2262.0,2262.0,0,False
31,47,0,-21.82086181640625,2313.0,2313.0,0,False
31,48,8,-30.964269638061523,2345.0,2345.0,0,False
31,49,1,-34.55665588378906,2386.0,2386.0,0,False
31,50,9,-46.07988357543945,2431.0,2431.0,0,False
31,51,13,-37.19808578491211,2468.0,2468.0,0,False
31,52,14,-48.509437561035156,2510.0,2510.0,0,False
31,53,16,-14.918951034545898,2573.0,2573.0,0,False
31,54,0,-7.807786464691162,2611.0,2611.0,0,False
31,55,8,-16.227519989013672,2677.0,2677.0,0,False
31,56,10,-12.684922218322754,2726.0,2726.0,0,False
31,57,10,-15.25813102722168,2763.0,2763.0,0,False
31,58,14,61.166311884784726,2824.0,2824.0,0,False
31,59,19,-20.720001220703125,2883.0,2883.0,0,False
31,60,2,-34.72833251953125,2957.0,2957.0,0,False
31,61,2,-21.008333206176758,2997.0,2997.0,0,False
31,62,1,-24.795000076293945,3041.0,3041.0,0,False
31,63,15,-27.240001678466797,3084.0,3084.0,0,False
31,64,16,-37.22500228881836,3124.0,3124.0,0,False
31,65,6,-22.98666763305664,3163.0,3163.0,0,False
31,66,4,-25.325002670288086,3203.0,3203.0,0,False
31,67,1,-18.516633987426758,3239.0,3239.0,0,False
31,68,3,-34.550010681152344,3294.0,3294.0,0,False
31,69,11,-30.25502586364746,3365.0,3365.0,0,False
31,70,16,-25.92002296447754,3414.0,3414.0,0,False
31,71,8,27.605138778686523,3452.0,3452.0,0,False
31,72,13,-13.415000915527344,3490.0,3490.0,0,False
31,73,12,-15.735129356384277,3532.0,3532.0,0,False
31,74,7,-24.64008331298828,3565.0,3565.0,0,False
31,75,4,-29.900012969970703,3600.0,3600.0,0,False
31,76,6,-40.05678939819336,3643.0,3643.0,0,False
31,77,13,-43.77018737792969,3692.0,3692.0,0,False
31,78,13,-46.25,3737.0,3737.0,0,False
31,79,4,-58.025245666503906,3787.0,3787.0,0,False
31,80,12,-10.306574821472168,3855.0,3855.0,0,False
31,81,16,-47.45552062988281,3896.0,3896.0,0,False
31,82,18,-48.893333435058594,3933.0,3933.0,0,False
31,83,6,-56.671669006347656,3979.0,3979.0,0,False
31,84,19,-59.75172424316406,4024.0,4024.0,0,False
31,85,4,-62.56803894042969,4066.0,4066.0,0,False
31,86,2,-65.48052215576172,4139.0,4139.0,0,False
31,87,13,-64.87604522705078,4183.0,4183.0,0,False
31,88,15,-66.19094848632812,4217.0,4217.0,0,False
31,89,11,-76.5276107788086,4259.0,4259.0,0,False
31,90,6,-85.8566665649414,4297.0,4297.0,0,False
31,91,0,-79.51016235351562,4334.0,4334.0,0,False
31,92,6,-94.70394897460938,4364.0,4364.0,0,False
31,93,9,-86.79501342773438,4418.0,4418.0,0,False
31,94,9,-90.41311645507812,4460.0,4460.0,0,False
31,95,6,-31.077484130859375,4505.0,4505.0,0,False
31,96,5,-94.83968353271484,4553.0,4553.0,0,False
31,97,3,-90.3338851928711,4587.0,4587.0,0,False
31,98,11,-99.75566101074219,4647.0,4647.0,0,False
31,99,16,-109.22594451904297,4712.0,4712.0,0,False
31,100,3,-103.75005340576172,4757.0,4757.0,0,False
31,101,2,-118.5448226928711,4807.0,4807.0,0,False
31,102,13,-110.58868408203125,4848.0,4848.0,0,False
31,103,19,-115.2701187133789,4887.0,4887.0,0,False
31,104,15,-90.47366333007812,4937.0,4937.0,0,False
31,105,18,-129.5899200439453,4978.0,4978.0,0,False
31,106,9,-355.6307373046875,5009.0,5009.0,0,False
31,107,10,-133.72384643554688,5051.0,5051.0,0,False
31,108,16,-135.4295654296875,5125.0,5125.0,0,False
31,109,10,-107.85171508789062,5174.0,5174.0,0,False
31,110,16,-111.39056396484375,5209.0,5209.0,0,False
31,111,11,-143.18003845214844,5255.0,5255.0,0,False
31,112,19,-146.99737548828125,5311.0,5311.0,0,False
31,113,5,-162.57533264160156,5384.0,5384.0,0,False
31,114,19,-155.53353881835938,5421.0,5421.0,0,False
31,115,19,-156.9007568359375,5461.0,5461.0,0,False
31,116,9,-173.45492553710938,5499.0,5499.0,0,False
31,117,19,-150.1464385986328,5549.0,5549.0,0,False
31,118,18,-111.46297454833984,5594.0,5594.0,0,False
31,119,7,-173.39979553222656,5663.0,5663.0,0,False
31,120,2,-178.14088439941406,5700.0,5700.0,0,False
31,121,5,-115.88400268554688,5756.0,5756.0,0,False
31,122,3,-178.8895263671875,5800.0,5800.0,0,False
31,123,7,-189.677734375,5873.0,5873.0,0,False
31,124,7,-200.2012176513672,5937.0,5937.0,0,False
31,125,2,-200.86936950683594,5978.0,5978.0,0,False
31,126,9,-234.3419952392578,6009.0,6009.0,0,False
31,127,3,-174.09568786621094,6050.0,6050.0,0,False
31,128,7,-192.65432739257812,6100.0,6100.0,0,False
31,129,9,-229.45327758789062,6132.0,6132.0,0,False
31,130,0,-202.13743591308594,6159.0,6159.0,0,False
31,131,11,-249.86114501953125,6207.0,6207.0,0,False
31,132,2,-199.0558624267578,6237.0,6237.0,0,False
31,133,11,-279.0005187988281,6285.0,6285.0,0,False
31,134,11,-312.272216796875,6327.0,6327.0,0,False
32,1,3,24.23041956745545,25.0,25.0,0,False
32,2,19,-2.72483389718192,84.0,84.0,0,False
32,3,13,-12.466850195990666,142.0,142.0,0,False
32,4,4,-24.623411242167155,218.0,218.0,0,False
32,5,18,-36.88741571031263,273.0,273.0,0,False
32,6,3,2.8668884156966996,288.0,288.0,0,False
32,7,14,-30.054872589905777,351.0,351.0,0,False
32,8,4,-18.780458196004233,386.0,386.0,0,False
32,9,17,-32.442125744289825,448.0,448.0,0,False
32,10,18,-32.78302805990819,498.0,498.0,0,False
32,11,13,-35.901625601450604,534.0,534.0,0,False
32,12,16,-47.83388900756836,612.0,612.0,0,False
32,13,1,-47.279605865478516,653.0,653.0,0,False
32,14,7,-54.39220428466797,697.0,697.0,0,False
32,15,8,-70.4463119506836,762.0,762.0,0,False
32,16,8,-55.10561785168118,793.0,793.0,0,False
32,17,11,-73.59195709228516,864.0,864.0,0,False
32,18,10,-74.64149475097656,935.0,935.0,0,False
32,19,3,3.3627277076093023,975.0,975.0,0,False
32,20,15,-17.98798370361328,1041.0,1041.0,0,False
32,21,14,-7.608682632446289,1074.0,1074.0,0,False
32,22,15,0.4875001907348633,1104.0,1104.0,0,False
32,23,17,-14.009813202752007,1144.0,1144.0,0,False
32,24,17,-5.730190992355347,1188.0,1188.0,0,False
32,25,13,-12.703397750854492,1225.0,1225.0,0,False
32,26,8,-24.381877899169922,1289.0,1289.0,0,False
32,27,15,-25.694775830050066,1334.0,1334.0,0,False
32,28,6,-23.311073303222656,1394.0,1394.0,0,False
32,29,6,-9.918045043945312,1437.0,1437.0,0,False
32,30,10,-7.337079048156738,1470.0,1470.0,0,False
32,31,9,-19.544498443603516,1527.0,1527.0,0,False
32,32,14,-9.096059799194336,1572.0,1572.0,0,False
32,33,18,-14.397602081298828,1609.0,1609.0,0,False
32,34,3,-3.665595054626465,1643.0,1643.0,0,False
32,35,7,-12.796295166015625,1676.0,1676.0,0,False
32,36,15,-15.150877546387253,1719.0,1719.0,0,False
32,37,12,-18.9340763092041,1800.0,1800.0,0,False
32,38,14,-13.200421333312988,1842.0,1842.0,0,False
32,39,3,-3.5765098585267836,1887.0,1887.0,0,False
32,40,17,-13.535126951005724,1957.0,1957.0,0,False
32,41,14,-18.65951156616211,1992.0,1992.0,0,False
32,42,1,-20.053329467773438,2022.0,2022.0,0,False
32,43,15,-20.82132895274254,2056.0,2056.0,0,False
32,44,10,-21.675411224365234,2113.0,2113.0,0,False
32,45,1,-27.244245529174805,2151.0,2151.0,0,False
32,46,4,-37.72933578491211,2191.0,2191.0,0,False
32,47,3,-26.443435571975165,2230.0,2230.0,0,False
32,48,17,5.082445504930284,2263.0,2263.0,0,False
32,49,3,13.612017658511753,2304.0,2304.0,0,False
32,50,5,-23.747888565063477,2380.0,2380.0,0,False
32,51,8,-14.833194732666016,2423.0,2423.0,0,False
32,52,6,-11.54099178314209,2462.0,2462.0,0,False
32,53,14,-17.411296844482422,2505.0,2505.0,0,False
32,54,1,-19.282012939453125,2546.0,2546.0,0,False
32,55,1,-26.14461326599121,2590.0,2590.0,0,False
32,56,2,-29.894365310668945,2664.0,2664.0,0,False
32,57,1,21.6763858795166,2700.0,2700.0,0,False
32,58,19,-10.62183952331543,2745.0,2745.0,0,False
32,59,14,-17.018184661865234,2787.0,2787.0,0,False
32,60,16,-16.833274841308594,2827.0,2827.0,0,False
32,61,10,-14.210000991821289,2864.0,2864.0,0,False
32,62,16,-25.62000274658203,2913.0,2913.0,0,False
32,63,0,-21.350000381469727,2993.0,2993.0,0,False
32,64,16,-19.05500030517578,3034.0,3034.0,0,False
32,65,7,-29.545001983642578,3103.0,3103.0,0,False
32,66,4,-15.17500114440918,3138.0,3138.0,0,False
32,67,9,-25.641666412353516,3183.0,3183.0,0,False
32,68,18,-29.698333740234375,3216.0,3216.0,0,False
32,69,14,39.178192138671875,3277.0,3277.0,0,False
32,70,8,-30.093334197998047,3309.0,3309.0,0,False
32,71,18,-35.6683349609375,3346.0,3346.0,0,False
32,72,9,-38.26166534423828,3400.0,3400.0,0,False
32,73,13,-37.415000915527344,3438.0,3438.0,0,False
32,74,13,-44.81999969482422,3487.0,3487.0,0,False
32,75,8,-49.86333465576172,3553.0,3553.0,0,False
32,76,6,-53.331668853759766,3596.0,3596.0,0,False
32,77,13,-57.20000076293945,3646.0,3646.0,0,False
32,78,13,-58.74500274658203,3685.0,3685.0,0,False
32,79,8,3.4242324829101562,3718.0,3718.0,0,False
32,80,4,-62.875003814697266,3768.0,3768.0,0,False
32,81,11,-75.13500213623047,3810.0,3810.0,0,False
32,82,2,-77.95833587646484,3850.0,3850.0,0,False
32,83,10,-63.119998931884766,3899.0,3899.0,0,False
32,84,2,-85.2733383178711,3972.0,3972.0,0,False
32,85,6,-84.97167205810547,4018.0,4018.0,0,False
32,86,15,-57.387176513671875,4068.0,4068.0,0,False
32,87,18,-97.26333618164062,4109.0,4109.0,0,False
32,88,4,-97.33830261230469,4151.0,4151.0,0,False
32,89,10,-101.76000213623047,4188.0,4188.0,0,False
32,90,5,-115.19000244140625,4221.0,4221.0,0,False
32,91,19,-96.64501190185547,4260.0,4260.0,0,False
32,92,10,-97.28501892089844,4302.0,4302.0,0,False
32,93,13,-96.19998931884766,4343.0,4343.0,0,False
32,94,12,-109.39002990722656,4386.0,4386.0,0,False
32,95,12,-109.0152587890625,4454.0,4454.0,0,False
32,96,9,-119.00171661376953,4496.0,4496.0,0,False
32,97,9,-123.59679412841797,4527.0,4527.0,0,False
32,98,6,-127.30699920654297,4560.0,4560.0,0,False
32,99,16,-125.60115814208984,4625.0,4625.0,0,False
32,100,2,-132.2346954345703,4675.0,4675.0,0,False
32,101,18,-78.26991271972656,4720.0,4720.0,0,False
32,102,6,-144.4932403564453,4755.0,4755.0,0,False
32,103,12,-143.16012573242188,4797.0,4797.0,0,False
32,104,16,-139.24630737304688,4866.0,4866.0,0,False
32,105,0,-140.8071746826172,4902.0,4902.0,0,False
32,106,6,-90.56497192382812,4947.0,4947.0,0,False
32,107,7,-154.87481689453125,5020.0,5020.0,0,False
32,108,10,-127.2825698852539,5069.0,5069.0,0,False
32,109,5,-164.92422485351562,5122.0,5122.0,0,False
32,110,5,-175.98194885253906,5195.0,5195.0,0,False
32,111,2,-171.4690399169922,5232.0,5232.0,0,False
32,112,0,-168.39173889160156,5283.0,5283.0,0,False
32,113,19,-180.84149169921875,5339.0,5339.0,0,False
32,114,0,-175.60415649414062,5377.0,5377.0,0,False
32,115,2,-188.60902404785156,5418.0,5418.0,0,False
32,116,9,-195.26588439941406,5456.0,5456.0,0,False
32,117,0,-188.77850341796875,5493.0,5493.0,0,False
32,118,0,-171.81317138671875,5525.0,5525.0,0,False
32,119,12,-166.3376007080078,5593.0,5593.0,0,False
32,120,5,-140.92977905273438,5649.0,5649.0,0,False
32,121,2,-143.0318145751953,5679.0,5679.0,0,False
32,122,19,-205.5092315673828,5716.0,5716.0,0,False
32,123,7,-209.42684936523438,5780.0,5780.0,0,False
32,124,7,-195.59498596191406,5830.0,5830.0,0,False
32,125,9,-221.2456817626953,5861.0,5861.0,0,False
32,126,9,-161.9844970703125,5893.0,5893.0,0,False
32,127,11,-228.32701110839844,5953.0,5953.0,0,False
32,128,11,-233.40907287597656,5999.0,5999.0,0,False
32,129,16,-213.1421661376953,6039.0,6039.0,0,False
32,130,11,-336.3307189941406,6087.0,6087.0,0,False
32,131,19,-252.76315307617188,6127.0,6127.0,0,False
32,132,19,-251.99514770507812,6177.0,6177.0,0,False
32,133,11,-293.6302490234375,6220.0,6220.0,0,False
32,134,11,-312.2590637207031,6262.0,6262.0,0,False
33,1,8,11.852686829037136,40.0,40.0,0,False
33,2,3,-2.2322385796265714,105.0,105.0,0,False
33,3,15,-3.5942385715277503,156.0,156.0,0,False
33,4,14,-23.542232859820558,204.0,204.0,0,False
33,5,10,-30.7080528471205,275.0,275.0,0,False
33,6,17,-43.59666930304633,337.0,337.0,0,False
33,7,11,-56.03503670494247,393.0,393.0,0,False
33,8,17,-11.583090411292183,413.0,413.0,0,False
33,9,19,-25.86665916442871,457.0,457.0,0,False
33,10,14,-32.66474615353558,490.0,490.0,0,False
33,11,17,13.90806049770779,519.0,519.0,0,False
33,12,3,10.07281862586834,549.0,549.0,0,False
33,13,15,5.50818777318176,579.0,579.0,0,False
33,14,5,-16.715858459472656,655.0,655.0,0,False
33,15,3,1.6260628590718138,710.0,710.0,0,False
33,16,11,-7.543964647139198,752.0,752.0,0,False
33,17,18,-11.049535751342773,807.0,807.0,0,False
33,18,15,9.03532758368711,847.0,847.0,0,False
33,19,14,-10.47803247674856,892.0,892.0,0,False
33,20,6,-23.483230590820312,967.0,967.0,0,False
33,21,15,0.9038706109736729,1010.0,1010.0,0,False
33,22,15,-3.975101272596369,1044.0,1044.0,0,False
33,23,14,-7.712923447824055,1086.0,1086.0,0,False
33,24,16,-13.790135383605957,1164.0,1164.0,0,False
33,25,3,0.09682444744366059,1198.0,1198.0,0,False
33,26,13,-7.298435211181641,1241.0,1241.0,0,False
33,27,13,-11.39101791381836,1277.0,1277.0,0,False
33,28,7,-13.828617095947266,1321.0,1321.0,0,False
33,29,3,-14.311453860126893,1366.0,1366.0,0,False
33,30,10,-20.6125431060791,1399.0,1399.0,0,False
33,31,9,-38.82937240600586,1471.0,1471.0,0,False
33,32,3,-26.03468844749636,1515.0,1515.0,0,False
33,33,8,-39.86621856689453,1551.0,1551.0,0,False
33,34,17,-10.536030716366238,1621.0,1621.0,0,False
33,35,10,-16.527549743652344,1678.0,1678.0,0,False
33,36,15,34.08007047322502,1728.0,1728.0,0,False
33,37,14,-30.168074445323896,1768.0,1768.0,0,False
33,38,1,-17.194129943847656,1824.0,1824.0,0,False
33,39,16,-14.139220237731934,1864.0,1864.0,0,False
33,40,7,-14.186785697937012,1892.0,1892.0,0,False
33,41,8,-12.860261917114258,1956.0,1956.0,0,False
33,42,18,-18.27162742614746,2006.0,2006.0,0,False
33,43,12,-15.549099922180176,2087.0,2087.0,0,False
33,44,14,-19.47607421875,2130.0,2130.0,0,False
33,45,6,-25.3347110748291,2173.0,2173.0,0,False
33,46,10,-5.871253490447998,2210.0,2210.0,0,False
33,47,6,-19.61738395690918,2249.0,2249.0,0,False
33,48,0,-18.70589828491211,2329.0,2329.0,0,False
33,49,1,-10.424715042114258,2359.0,2359.0,0,False
33,50,14,-11.895399101033801,2401.0,2401.0,0,False
33,51,17,34.40768296983507,2434.0,2434.0,0,False
33,52,12,-12.953734397888184,2477.0,2477.0,0,False
33,53,4,-22.846405029296875,2553.0,2553.0,0,False
33,54,14,73.75474143575283,2609.0,2609.0,0,False
33,55,1,-19.938505172729492,2652.0,2652.0,0,False
33,56,13,-20.613576889038086,2684.0,2684.0,0,False
33,57,1,-17.014293670654297,2725.0,2725.0,0,False
33,58,10,-17.158166885375977,2779.0,2779.0,0,False
33,59,18,-29.664709091186523,2816.0,2816.0,0,False
33,60,8,-28.698333740234375,2854.0,2854.0,0,False
33,61,19,-33.900001525878906,2899.0,2899.0,0,False
33,62,3,-0.22094345092773438,2940.0,2940.0,0,False
33,63,19,-37.89500045776367,2979.0,2979.0,0,False
33,64,18,-40.89833450317383,3012.0,3012.0,0,False
33,65,18,-46.46833419799805,3049.0,3049.0,0,False
33,66,13,-49.34000015258789,3087.0,3087.0,0,False
33,67,4,-54.57500076293945,3122.0,3122.0,0,False
33,68,16,-50.02000045776367,3171.0,3171.0,0,False
33,69,18,-56.78833770751953,3212.0,3212.0,0,False
33,70,10,-55.48500442504883,3249.0,3249.0,0,False
33,71,5,-68.91500091552734,3282.0,3282.0,0,False
33,72,1,-71.07000732421875,3326.0,3326.0,0,False
33,73,6,-81.18167114257812,3369.0,3369.0,0,False
33,74,16,-67.55500793457031,3410.0,3410.0,0,False
33,75,5,-80.06500244140625,3463.0,3463.0,0,False
33,76,6,-80.29666900634766,3509.0,3509.0,0,False
33,77,1,-65.35726165771484,3545.0,3545.0,0,False
33,78,4,-82.80000305175781,3585.0,3585.0,0,False
33,79,10,-80.66045379638672,3627.0,3627.0,0,False
33,80,10,-60.23662185668945,3676.0,3676.0,0,False
33,81,13,-98.89592742919922,3725.0,3725.0,0,False
33,82,11,-100.17500305175781,3780.0,3780.0,0,False
33,83,6,-101.83167266845703,3818.0,3818.0,0,False
33,84,9,-108.61986541748047,3863.0,3863.0,0,False
33,85,16,-107.33152770996094,3928.0,3928.0,0,False
33,86,8,-111.18164825439453,3960.0,3960.0,0,False
33,87,4,-113.61119079589844,3995.0,3995.0,0,False
33,88,8,-118.2271499633789,4056.0,4056.0,0,False
33,89,6,-122.09928894042969,4091.0,4091.0,0,False
33,90,6,-63.45695114135742,4136.0,4136.0,0,False
33,91,7,-127.96659851074219,4205.0,4205.0,0,False
33,92,8,-75.14314270019531,4243.0,4243.0,0,False
33,93,13,-133.75,4293.0,4293.0,0,False
33,94,9,-140.86654663085938,4347.0,4347.0,0,False
33,95,16,-148.0700225830078,4421.0,4421.0,0,False
33,96,2,-28.18057632446289,4495.0,4495.0,0,False
33,97,16,8.596541404724121,4530.0,4530.0,0,False
33,98,18,49.32184600830078,4575.0,4575.0,0,False
33,99,13,-14.195539474487305,4619.0,4619.0,0,False
33,100,5,-21.864999771118164,4692.0,4692.0,0,False
33,101,9,-23.76028060913086,4734.0,4734.0,0,False
33,102,13,-14.575613021850586,4775.0,4775.0,0,False
33,103,19,-25.930002212524414,4831.0,4831.0,0,False
33,104,4,-30.450925827026367,4881.0,4881.0,0,False
33,105,7,-36.518211364746094,4954.0,4954.0,0,False
33,106,12,-42.69655227661133,5022.0,5022.0,0,False
33,107,2,-46.063838958740234,5062.0,5062.0,0,False
33,108,4,-46.984657287597656,5104.0,5104.0,0,False
33,109,19,-54.56000518798828,5141.0,5141.0,0,False
33,110,7,-54.13605880737305,5205.0,5205.0,0,False
33,111,5,1.4518178701400757,5261.0,5261.0,0,False
33,112,7,-43.56663131713867,5311.0,5311.0,0,False
33,113,9,-69.48126983642578,5342.0,5342.0,0,False
33,114,19,-65.6348648071289,5382.0,5382.0,0,False
33,115,11,-75.65621948242188,5428.0,5428.0,0,False
33,116,9,-79.00159454345703,5466.0,5466.0,0,False
33,117,0,-76.79553985595703,5502.0,5502.0,0,False
33,118,12,-83.0754623413086,5544.0,5544.0,0,False
33,119,9,-95.31341552734375,5575.0,5575.0,0,False
33,120,19,-69.6611328125,5625.0,5625.0,0,False
33,121,9,-25.11961555480957,5657.0,5657.0,0,False
33,122,11,-104.14320373535156,5705.0,5705.0,0,False
33,123,0,-89.36676025390625,5756.0,5756.0,0,False
33,124,0,-92.43075561523438,5794.0,5794.0,0,False
33,125,12,-73.16226959228516,5862.0,5862.0,0,False
33,126,2,-116.69989013671875,5935.0,5935.0,0,False
33,127,11,-125.6568374633789,5983.0,5983.0,0,False
33,128,0,-116.55940246582031,6025.0,6025.0,0,False
33,129,2,-137.04794311523438,6075.0,6075.0,0,False
33,130,11,-149.3963623046875,6117.0,6117.0,0,False
33,131,2,-163.6837158203125,6154.0,6154.0,0,False
33,132,0,-130.65748596191406,6186.0,6186.0,0,False
33,133,2,-184.6756134033203,6227.0,6227.0,0,False
33,134,2,-163.65316772460938,6257.0,6257.0,0,False
34,1,3,24.23041956745545,25.0,25.0,0,False
34,2,3,23.87178987759717,40.0,40.0,0,False
34,3,18,-4.364789409100858,95.0,95.0,0,False
34,4,8,-17.669492297702366,175.0,175.0,0,False
34,5,14,-30.042605327373252,238.0,238.0,0,False
34,6,13,-35.144560771518286,296.0,296.0,0,False
34,7,7,-34.83765067025253,340.0,340.0,0,False
34,8,17,-51.16383043924967,402.0,402.0,0,False
34,9,12,-60.447055427252806,483.0,483.0,0,False
34,10,9,-79.89979553222656,555.0,555.0,0,False
34,11,14,-39.03831872929965,583.0,583.0,0,False
34,12,15,-36.697689056396484,634.0,634.0,0,False
34,13,14,1.9664748556572675,669.0,669.0,0,False
34,14,17,1.7234647538926868,709.0,709.0,0,False
34,15,3,6.284446120305386,759.0,759.0,0,False
34,16,7,-5.387778349841184,792.0,792.0,0,False
34,17,14,-11.908240286655069,834.0,834.0,0,False
34,18,10,-7.247673988342285,905.0,905.0,0,False
34,19,2,-27.27909278869629,979.0,979.0,0,False
34,20,19,-32.13610076904297,1038.0,1038.0,0,False
34,21,9,-19.285995483398438,1083.0,1083.0,0,False
34,22,10,-16.69502830505371,1116.0,1116.0,0,False
34,23,15,-22.151981353759766,1151.0,1151.0,0,False
34,24,17,-6.535785260023895,1195.0,1195.0,0,False
34,25,17,-16.989669534895157,1265.0,1265.0,0,False
34,26,14,-21.266692169975823,1305.0,1305.0,0,False
34,27,13,-23.40116310119629,1341.0,1341.0,0,False
34,28,15,-19.383101002514465,1386.0,1386.0,0,False
34,29,10,-28.430143356323242,1443.0,1443.0,0,False
34,30,3,-26.956562121449757,1477.0,1477.0,0,False
34,31,8,-39.652381896972656,1513.0,1513.0,0,False
34,32,18,-47.50374984741211,1563.0,1563.0,0,False
34,33,18,-42.94696044921875,1600.0,1600.0,0,False
34,34,18,-46.53765869140625,1633.0,1633.0,0,False
34,35,14,-54.10149237436047,1676.0,1676.0,0,False
34,36,9,-55.62183380126953,1730.0,1730.0,0,False
34,37,5,-22.492839813232422,1806.0,1806.0,0,False
34,38,19,-10.091066360473633,1851.0,1851.0,0,False
34,39,17,30.71656525929769,1884.0,1884.0,0,False
34,40,3,-17.6481652693598,1929.0,1929.0,0,False
34,41,6,-26.83429527282715,1989.0,1989.0,0,False
34,42,1,-35.612754821777344,2045.0,2045.0,0,False
34,43,8,-19.374370574951172,2114.0,2114.0,0,False
34,44,8,-13.311342239379883,2157.0,2157.0,0,False
34,45,3,-13.056154983332794,2201.0,2201.0,0,False
34,46,1,-21.929426193237305,2231.0,2231.0,0,False
34,47,3,34.86351733749052,2272.0,2272.0,0,False
34,48,4,-19.06781768798828,2348.0,2348.0,0,False
34,49,13,-12.681024551391602,2385.0,2385.0,0,False
34,50,7,-18.52617073059082,2449.0,2449.0,0,False
34,51,13,-13.460006713867188,2487.0,2487.0,0,False
34,52,13,-21.1407413482666,2536.0,2536.0,0,False
34,53,1,-14.974578857421875,2574.0,2574.0,0,False
34,54,14,-30.280921936035156,2616.0,2616.0,0,False
34,55,12,-23.72789764404297,2659.0,2659.0,0,False
34,56,15,-30.41986846923828,2702.0,2702.0,0,False
34,57,13,-42.236228942871094,2752.0,2752.0,0,False
34,58,14,47.75394145886132,2808.0,2808.0,0,False
34,59,16,-22.790000915527344,2886.0,2886.0,0,False
34,60,7,-21.614999771118164,2959.0,2959.0,0,False
34,61,16,-13.175000190734863,2999.0,2999.0,0,False
34,62,16,-16.31999969482422,3048.0,3048.0,0,False
34,63,5,-23.264999389648438,3081.0,3081.0,0,False
34,64,19,-20.920000076293945,3120.0,3120.0,0,False
34,65,6,-27.356666564941406,3158.0,3158.0,0,False
34,66,8,-32.5433349609375,3190.0,3190.0,0,False
34,67,12,-29.59000015258789,3258.0,3258.0,0,False
34,68,10,-34.98501205444336,3295.0,3295.0,0,False
34,69,18,-40.74335861206055,3332.0,3332.0,0,False
34,70,13,-44.545021057128906,3376.0,3376.0,0,False
34,71,9,-54.501670837402344,3418.0,3418.0,0,False
34,72,11,-26.730026245117188,3489.0,3489.0,0,False
34,73,15,-17.320167541503906,3523.0,3523.0,0,False
34,74,4,-26.575109481811523,3558.0,3558.0,0,False
34,75,12,-28.90999984741211,3600.0,3600.0,0,False
34,76,19,-17.255155563354492,3656.0,3656.0,0,False
34,77,7,-26.895000457763672,3720.0,3720.0,0,False
34,78,5,-39.290000915527344,3773.0,3773.0,0,False
34,79,5,-50.340003967285156,3846.0,3846.0,0,False
34,80,1,-34.6300048828125,3887.0,3887.0,0,False
34,81,11,-40.935001373291016,3929.0,3929.0,0,False
34,82,7,-29.07655906677246,3979.0,3979.0,0,False
34,83,6,-46.211669921875,4018.0,4018.0,0,False
34,84,15,-16.98717498779297,4068.0,4068.0,0,False
34,85,5,13.565135955810547,4124.0,4124.0,0,False
34,86,6,-57.956668853759766,4167.0,4167.0,0,False
34,87,10,-53.970001220703125,4221.0,4221.0,0,False
34,88,1,-61.720008850097656,4265.0,4265.0,0,False
34,89,10,-58.21000289916992,4297.0,4297.0,0,False
34,90,4,-65.55000305175781,4337.0,4337.0,0,False
34,91,2,-74.55001068115234,4377.0,4377.0,0,False
34,92,16,-71.95500946044922,4418.0,4418.0,0,False
34,93,11,-81.05001068115234,4478.0,4478.0,0,False
34,94,18,-83.61334228515625,4519.0,4519.0,0,False
34,95,4,-86.0000991821289,4554.0,4554.0,0,False
34,96,10,-88.33499908447266,4596.0,4596.0,0,False
34,97,10,-68.75212097167969,4645.0,4645.0,0,False
34,98,6,-109.771728515625,4691.0,4691.0,0,False
34,99,1,-83.33360290527344,4727.0,4727.0,0,False
34,100,9,-98.54724884033203,4753.0,4753.0,0,False
34,101,18,-47.435550689697266,4798.0,4798.0,0,False
34,102,19,-107.98561096191406,4835.0,4835.0,0,False
34,103,0,-20.000289916992188,4915.0,4915.0,0,False
34,104,13,-8.258259773254395,4956.0,4956.0,0,False
34,105,0,-19.8306884765625,4992.0,4992.0,0,False
34,106,8,-13.563333511352539,5053.0,5053.0,0,False
34,107,8,42.205230712890625,5086.0,5086.0,0,False
34,108,6,-19.912578582763672,5124.0,5124.0,0,False
34,109,11,-23.164011001586914,5170.0,5170.0,0,False
34,110,4,-30.708908081054688,5220.0,5220.0,0,False
34,111,16,-24.176143646240234,5280.0,5280.0,0,False
34,112,16,-34.68494415283203,5349.0,5349.0,0,False
34,113,9,-39.734344482421875,5387.0,5387.0,0,False
34,114,12,-15.164543151855469,5455.0,5455.0,0,False
34,115,16,-25.325422286987305,5495.0,5495.0,0,False
34,116,11,-47.55704116821289,5543.0,5543.0,0,False
34,117,9,-55.82071304321289,5574.0,5574.0,0,False
34,118,9,3.44950008392334,5606.0,5606.0,0,False
34,119,6,-65.33055877685547,5641.0,5641.0,0,False
34,120,0,-53.40311050415039,5692.0,5692.0,0,False
34,121,0,-56.34321212768555,5730.0,5730.0,0,False
34,122,19,-62.677040100097656,5770.0,5770.0,0,False
34,123,0,-63.99537658691406,5812.0,5812.0,0,False
34,124,0,-42.43746566772461,5844.0,5844.0,0,False
34,125,19,-59.06330871582031,5894.0,5894.0,0,False
34,126,11,-76.9627914428711,5942.0,5942.0,0,False
34,127,11,-78.13160705566406,5984.0,5984.0,0,False
34,128,2,-92.3341293334961,6057.0,6057.0,0,False
34,129,2,-102.5033187866211,6107.0,6107.0,0,False
34,130,4,-109.47528839111328,6149.0,6149.0,0,False
34,131,6,-65.66517639160156,6194.0,6194.0,0,False
34,132,2,-150.8421630859375,6231.0,6231.0,0,False
34,133,2,-167.3395538330078,6267.0,6267.0,0,False
34,134,2,-137.96011352539062,6297.0,6297.0,0,False
35,1,19,21.254204180775858,19.0,19.0,0,False
35,2,10,0.13854598999023438,90.0,90.0,0,False
35,3,9,-19.53828411102295,162.0,162.0,0,False
35,4,7,-25.108974817263572,221.0,221.0,0,False
35,5,12,-34.01411127736008,302.0,302.0,0,False
35,6,17,-47.986105071173775,364.0,364.0,0,False
35,7,4,-51.73825375239054,425.0,425.0,0,False
35,8,15,-65.24298858642578,491.0,491.0,0,False
35,9,10,-15.726142692565919,504.0,504.0,0,False
35,10,14,-41.346248626708984,552.0,552.0,0,False
35,11,5,-50.90451431274414,613.0,613.0,0,False
35,12,10,7.9532158816302285,655.0,655.0,0,False
35,13,18,-18.928691864013672,710.0,710.0,0,False
35,14,14,-4.92105770111084,743.0,743.0,0,False
35,15,3,-9.221829414367676,808.0,808.0,0,False
35,16,3,0.15935325622558594,838.0,838.0,0,False
35,17,2,-27.077064514160156,912.0,912.0,0,False
35,18,3,-0.5401714232362558,967.0,967.0,0,False
35,19,8,-22.800079345703125,1047.0,1047.0,0,False
35,20,19,-6.1199727058410645,1092.0,1092.0,0,False
35,21,10,3.6507078700595432,1129.0,1129.0,0,False
35,22,15,-1.1251354217529297,1164.0,1164.0,0,False
35,23,15,-3.6911031751415564,1209.0,1209.0,0,False
35,24,15,-7.491507776397331,1252.0,1252.0,0,False
35,25,15,-12.268764326426277,1286.0,1286.0,0,False
35,26,18,-29.051359176635742,1336.0,1336.0,0,False
35,27,15,20.558754912942597,1386.0,1386.0,0,False
35,28,3,-34.31608630869758,1420.0,1420.0,0,False
35,29,3,-40.744642486164096,1465.0,1465.0,0,False
35,30,2,-56.46903610229492,1505.0,1505.0,0,False
35,31,0,-31.269214630126953,1585.0,1585.0,0,False
35,32,14,-10.647441864013672,1630.0,1630.0,0,False
35,33,4,-4.669394493103027,1665.0,1665.0,0,False
35,34,14,-11.865739822387695,1707.0,1707.0,0,False
35,35,3,-7.28718953408781,1751.0,1751.0,0,False
35,36,3,39.761013475846326,1792.0,1792.0,0,False
35,37,9,-22.503952026367188,1837.0,1837.0,0,False
35,38,13,-14.028665542602539,1895.0,1895.0,0,False
35,39,8,-13.004581451416016,1931.0,1931.0,0,False
35,40,16,-15.660764694213867,1994.0,1994.0,0,False
35,41,17,-18.795856475830078,2034.0,2034.0,0,False
35,42,14,-29.520946502685547,2074.0,2074.0,0,False
35,43,14,-34.15078135964057,2112.0,2112.0,0,False
35,44,13,-36.517364501953125,2148.0,2148.0,0,False
35,45,8,-22.303977966308594,2217.0,2217.0,0,False
35,46,14,-30.017192160390124,2259.0,2259.0,0,False
35,47,17,-32.729591369628906,2303.0,2303.0,0,False
35,48,14,44.354342807361775,2364.0,2364.0,0,False
35,49,13,-47.44606399536133,2401.0,2401.0,0,False
35,50,5,-39.336761474609375,2434.0,2434.0,0,False
35,51,10,-35.620635986328125,2488.0,2488.0,0,False
35,52,10,-38.74384307861328,2525.0,2525.0,0,False
35,53,10,-40.252052307128906,2562.0,2562.0,0,False
35,54,17,-52.76095962524414,2632.0,2632.0,0,False
35,55,13,-54.51479721069336,2670.0,2670.0,0,False
35,56,17,-14.879666392008467,2703.0,2703.0,0,False
35,57,19,-58.649959564208984,2742.0,2742.0,0,False
35,58,19,-67.45008850097656,2798.0,2798.0,0,False
35,59,1,-12.705802917480469,2839.0,2839.0,0,False
35,60,18,-18.518333435058594,2876.0,2876.0,0,False
35,61,8,-13.273334503173828,2919.0,2919.0,0,False
35,62,9,-17.786666870117188,2973.0,2973.0,0,False
35,63,18,-18.998334884643555,3006.0,3006.0,0,False
35,64,19,-21.735000610351562,3043.0,3043.0,0,False
35,65,19,-21.250001907348633,3083.0,3083.0,0,False
35,66,0,-20.880001068115234,3119.0,3119.0,0,False
35,67,5,-33.46500015258789,3172.0,3172.0,0,False
35,68,8,-33.768333435058594,3204.0,3204.0,0,False
35,69,5,-42.94000244140625,3277.0,3277.0,0,False
35,70,9,-44.026668548583984,3319.0,3319.0,0,False
35,71,5,21.14031219482422,3375.0,3375.0,0,False
35,72,16,-46.900001525878906,3415.0,3415.0,0,False
35,73,12,-49.3650016784668,3458.0,3458.0,0,False
35,74,10,-28.789274215698242,3507.0,3507.0,0,False
35,75,13,-67.84500885009766,3556.0,3556.0,0,False
35,76,7,-72.71500396728516,3589.0,3589.0,0,False
35,77,13,-80.30000305175781,3639.0,3639.0,0,False
35,78,8,-72.0633316040039,3705.0,3705.0,0,False
35,79,19,-65.85065460205078,3760.0,3760.0,0,False
35,80,18,-77.3933334350586,3797.0,3797.0,0,False
35,81,8,-17.402328491210938,3835.0,3835.0,0,False
35,82,13,-80.77000427246094,3879.0,3879.0,0,False
35,83,13,-75.30778503417969,3920.0,3920.0,0,False
35,84,9,-94.67167663574219,3951.0,3951.0,0,False
35,85,12,-87.44000244140625,4019.0,4019.0,0,False
35,86,9,-94.78166961669922,4052.0,4052.0,0,False
35,87,9,-98.64667510986328,4078.0,4078.0,0,False
35,88,9,-39.294376373291016,4110.0,4110.0,0,False
35,89,1,-105.05000305175781,4140.0,4140.0,0,False
35,90,11,-23.079999923706055,4211.0,4211.0,0,False
35,91,18,-21.67891502380371,4252.0,4252.0,0,False
35,92,18,32.402496337890625,4297.0,4297.0,0,False
35,93,6,-38.64167404174805,4372.0,4372.0,0,False
35,94,12,-27.126333236694336,4414.0,4414.0,0,False
35,95,2,-13.1900053024292,4482.0,4482.0,0,False
35,96,4,-16.33894920349121,4522.0,4522.0,0,False
35,97,0,-20.27496337890625,4573.0,4573.0,0,False
35,98,2,-23.90016746520996,4618.0,4618.0,0,False
35,99,7,-25.395612716674805,4687.0,4687.0,0,False
35,100,1,-26.690019607543945,4725.0,4725.0,0,False
35,101,1,-30.330537796020508,4766.0,4766.0,0,False
35,102,12,-5.561851501464844,4834.0,4834.0,0,False
35,103,7,-46.815040588378906,4907.0,4907.0,0,False
35,104,16,-54.04610061645508,4956.0,4956.0,0,False
35,105,6,-51.135406494140625,4999.0,4999.0,0,False
35,106,1,-54.08402633666992,5043.0,5043.0,0,False
35,107,11,-60.36736297607422,5085.0,5085.0,0,False
35,108,1,-44.26497268676758,5121.0,5121.0,0,False
35,109,16,-60.48117446899414,5162.0,5162.0,0,False
35,110,6,-69.9980239868164,5201.0,5201.0,0,False
35,111,6,-69.00709533691406,5244.0,5244.0,0,False
35,112,2,-91.1358871459961,5281.0,5281.0,0,False
35,113,2,-78.829345703125,5317.0,5317.0,0,False
35,114,16,-80.09364318847656,5382.0,5382.0,0,False
35,115,7,-80.77099609375,5441.0,5441.0,0,False
35,116,7,-66.65431213378906,5491.0,5491.0,0,False
35,117,0,-85.88432312011719,5529.0,5529.0,0,False
35,118,16,-88.2913818359375,5598.0,5598.0,0,False
35,119,11,-101.45713806152344,5658.0,5658.0,0,False
35,120,11,-99.97948455810547,5704.0,5704.0,0,False
35,121,2,-53.81825637817383,5734.0,5734.0,0,False
35,122,16,-81.4435043334961,5774.0,5774.0,0,False
35,123,6,-111.75721740722656,5820.0,5820.0,0,False
35,124,6,-115.36927032470703,5853.0,5853.0,0,False
35,125,11,-120.60498809814453,5901.0,5901.0,0,False
35,126,6,-129.4358367919922,5936.0,5936.0,0,False
35,127,0,-123.49264526367188,5973.0,5973.0,0,False
35,128,4,-137.96774291992188,6008.0,6008.0,0,False
35,129,4,-149.75018310546875,6058.0,6058.0,0,False
35,130,4,-157.89923095703125,6100.0,6100.0,0,False
35,131,6,-109.38407897949219,6145.0,6145.0,0,False
35,132,11,-181.0299835205078,6193.0,6193.0,0,False
35,133,11,-198.3523406982422,6235.0,6235.0,0,False
35,134,0,-213.81727600097656,6267.0,6267.0,0,False
36,1,3,24.23041956745545,25.0,25.0,0,False
36,2,14,-1.6753585736658145,73.0,73.0,0,False
36,3,14,8.790350658667201,86.0,86.0,0,False
36,4,8,-12.731348186069063,166.0,166.0,0,False
36,5,8,-6.23198545244005,202.0,202.0,0,False
36,6,15,-13.640996967055123,268.0,268.0,0,False
36,7,12,-26.506917462830273,349.0,349.0,0,False
36,8,17,-40.47697226206461,411.0,411.0,0,False
36,9,15,-19.884366811094267,446.0,446.0,0,False
36,10,6,-43.9234733581543,521.0,521.0,0,False
36,11,4,-52.3394775390625,597.0,597.0,0,False
36,12,11,-54.20460510253906,653.0,653.0,0,False
36,13,3,-35.936685970826645,683.0,683.0,0,False
36,14,14,3.081246993446058,718.0,718.0,0,False
36,15,10,-6.069911003112793,789.0,789.0,0,False
36,16,8,-11.087082693311903,858.0,858.0,0,False
36,17,9,-25.43502426147461,930.0,930.0,0,False
36,18,14,-19.749495119498132,972.0,972.0,0,False
36,19,19,-28.87171173095703,1031.0,1031.0,0,False
36,20,10,1.472590446472168,1064.0,1064.0,0,False
36,21,3,1.1649155914243003,1119.0,1119.0,0,False
36,22,12,-2.8038816452026367,1162.0,1162.0,0,False
36,23,13,-11.080262184143066,1220.0,1220.0,0,False
36,24,6,-12.01390266418457,1263.0,1263.0,0,False
36,25,4,-13.754190444946289,1298.0,1298.0,0,False
36,26,14,-23.526942533593356,1338.0,1338.0,0,False
36,27,13,-25.586862564086914,1374.0,1374.0,0,False
36,28,9,-36.5517578125,1419.0,1419.0,0,False
36,29,3,-33.810570970410055,1453.0,1453.0,0,False
36,30,4,-17.826505661010742,1493.0,1493.0,0,False
36,31,17,-22.55159568786621,1533.0,1533.0,0,False
36,32,3,-24.78504799302177,1578.0,1578.0,0,False
36,33,10,-26.885578155517578,1635.0,1635.0,0,False
36,34,0,-22.825759887695312,1715.0,1715.0,0,False
36,35,14,-11.304747285190954,1753.0,1753.0,0,False
36,36,14,-8.607414622920214,1795.0,1795.0,0,False
36,37,1,-14.246065139770508,1851.0,1851.0,0,False
36,38,14,76.04625561327384,1907.0,1907.0,0,False
36,39,17,-18.798791885375977,1951.0,1951.0,0,False
36,40,3,-2.3616512143155006,1990.0,1990.0,0,False
36,41,18,-17.291088104248047,2045.0,2045.0,0,False
36,42,15,-4.110981464385986,2090.0,2090.0,0,False
36,43,12,-14.808636665344238,2158.0,2158.0,0,False
36,44,16,-28.772563934326172,2236.0,2236.0,0,False
36,45,19,-12.160789489746094,2281.0,2281.0,0,False
36,46,8,-21.676095962524414,2324.0,2324.0,0,False
36,47,5,-33.735435485839844,2400.0,2400.0,0,False
36,48,12,-20.901779174804688,2442.0,2442.0,0,False
36,49,2,-41.261531829833984,2516.0,2516.0,0,False
36,50,3,41.24625377288365,2557.0,2557.0,0,False
36,51,4,-9.085868835449219,2592.0,2592.0,0,False
36,52,7,-17.687877655029297,2651.0,2651.0,0,False
36,53,10,-6.036085605621338,2688.0,2688.0,0,False
36,54,9,-22.191625595092773,2742.0,2742.0,0,False
36,55,15,-11.161931037902832,2785.0,2785.0,0,False
36,56,19,-16.73639488220215,2824.0,2824.0,0,False
36,57,5,-24.59000015258789,2857.0,2857.0,0,False
36,58,1,-24.575000762939453,2887.0,2887.0,0,False
36,59,18,-35.00833511352539,2937.0,2937.0,0,False
36,60,5,-34.915000915527344,2990.0,2990.0,0,False
36,61,4,-35.17500305175781,3040.0,3040.0,0,False
36,62,18,-38.49333572387695,3077.0,3077.0,0,False
36,63,8,-41.74333190917969,3109.0,3109.0,0,False
36,64,13,-40.83500289916992,3146.0,3146.0,0,False
36,65,10,-45.02000045776367,3200.0,3200.0,0,False
36,66,4,-45.499237060546875,3242.0,3242.0,0,False
36,67,18,-56.923336029052734,3275.0,3275.0,0,False
36,68,17,-58.150001525878906,3345.0,3345.0,0,False
36,69,7,-58.91500473022461,3378.0,3378.0,0,False
36,70,9,-68.92666625976562,3420.0,3420.0,0,False
36,71,15,-66.31999969482422,3454.0,3454.0,0,False
36,72,2,-79.18333435058594,3494.0,3494.0,0,False
36,73,7,-74.42000579833984,3563.0,3563.0,0,False
36,74,15,-46.063751220703125,3613.0,3613.0,0,False
36,75,18,-85.71833801269531,3650.0,3650.0,0,False
36,76,16,-88.9000015258789,3690.0,3690.0,0,False
36,77,17,-70.04676818847656,3723.0,3723.0,0,False
36,78,5,-95.71500396728516,3796.0,3796.0,0,False
36,79,6,-100.5616683959961,3835.0,3835.0,0,False
36,80,18,-98.73833465576172,3876.0,3876.0,0,False
36,81,12,-70.35896301269531,3944.0,3944.0,0,False
36,82,18,-45.67692565917969,3989.0,3989.0,0,False
36,83,10,-105.21002197265625,4026.0,4026.0,0,False
36,84,2,-115.7733383178711,4099.0,4099.0,0,False
36,85,6,-118.68167114257812,4142.0,4142.0,0,False
36,86,2,-125.38333892822266,4192.0,4192.0,0,False
36,87,19,-122.7550048828125,4248.0,4248.0,0,False
36,88,8,-135.53848266601562,4314.0,4314.0,0,False
36,89,2,-133.0433349609375,4351.0,4351.0,0,False
36,90,8,-71.50390625,4384.0,4384.0,0,False
36,91,6,-140.02175903320312,4430.0,4430.0,0,False
36,92,11,-142.63502502441406,4472.0,4472.0,0,False
36,93,10,-144.9350128173828,4514.0,4514.0,0,False
36,94,2,-157.91334533691406,4555.0,4555.0,0,False
36,95,5,-84.98282623291016,4611.0,4611.0,0,False
36,96,10,-122.39105224609375,4660.0,4660.0,0,False
36,97,2,-99.18022155761719,4690.0,4690.0,0,False
36,98,7,-160.74075317382812,4763.0,4763.0,0,False
36,99,6,-166.16488647460938,4801.0,4801.0,0,False
36,100,19,-168.23927307128906,4838.0,4838.0,0,False
36,101,1,-169.45977783203125,4881.0,4881.0,0,False
36,102,7,-176.89686584472656,4945.0,4945.0,0,False
36,103,1,-176.1674346923828,4986.0,4986.0,0,False
36,104,9,-184.4296417236328,5017.0,5017.0,0,False
36,105,1,-187.42196655273438,5061.0,5061.0,0,False
36,106,9,-198.669677734375,5099.0,5099.0,0,False
36,107,7,-182.33486938476562,5149.0,5149.0,0,False
36,108,1,-173.4229278564453,5180.0,5180.0,0,False
36,109,16,-195.10079956054688,5229.0,5229.0,0,False
36,110,0,-200.2167510986328,5265.0,5265.0,0,False
36,111,19,-197.7514190673828,5305.0,5305.0,0,False
36,112,0,-210.05250549316406,5356.0,5356.0,0,False
36,113,11,-214.5853271484375,5416.0,5416.0,0,False
36,114,6,-217.21275329589844,5451.0,5451.0,0,False
36,115,13,-215.3361053466797,5489.0,5489.0,0,False
36,116,19,-207.05503845214844,5544.0,5544.0,0,False
36,117,6,-159.80673217773438,5589.0,5589.0,0,False
36,118,9,-228.0513916015625,5620.0,5620.0,0,False
36,119,9,-168.67835998535156,5652.0,5652.0,0,False
36,120,16,-225.98684692382812,5693.0,5693.0,0,False
36,121,13,-231.30882263183594,5742.0,5742.0,0,False
36,122,0,-241.6728057861328,5780.0,5780.0,0,False
36,123,11,-244.32713317871094,5826.0,5826.0,0,False
36,124,13,-251.65347290039062,5876.0,5876.0,0,False
36,125,13,-253.76670837402344,5915.0,5915.0,0,False
36,126,13,-253.99948120117188,5956.0,5956.0,0,False
36,127,11,-271.42657470703125,6004.0,6004.0,0,False
36,128,16,-258.47052001953125,6069.0,6069.0,0,False
36,129,16,-268.9898376464844,6138.0,6138.0,0,False
36,130,11,-273.5187683105469,6181.0,6181.0,0,False
36,131,16,-257.25933837890625,6216.0,6216.0,0,False
36,132,11,-290.0906982421875,6258.0,6258.0,0,False
36,133,0,-364.58355712890625,6300.0,6300.0,0,False
36,134,0,-384.89349365234375,6332.0,6332.0,0,False
37,1,9,12.337704875734119,32.0,32.0,0,False
37,2,3,8.405775227579554,82.0,82.0,0,False
37,3,10,-10.365971755981445,153.0,153.0,0,False
37,4,13,-14.64572287665473,196.0,196.0,0,False
37,5,0,-38.727320074266004,276.0,276.0,0,False
37,6,3,2.609772141532357,291.0,291.0,0,False
37,7,5,-24.705241945054794,352.0,352.0,0,False
37,8,3,14.442065326929121,392.0,392.0,0,False
37,9,18,-13.69871997833252,447.0,447.0,0,False
37,10,12,-10.275440276356123,513.0,513.0,0,False
37,11,17,-31.063734266493057,575.0,575.0,0,False
37,12,10,-4.889155112372505,608.0,608.0,0,False
37,13,15,-18.472776412963867,674.0,674.0,0,False
37,14,15,-12.794766624170093,709.0,709.0,0,False
37,15,5,-23.94632159339057,737.0,737.0,0,False
37,16,17,-27.120302836100258,777.0,777.0,0,False
37,17,10,-2.092028384738498,834.0,834.0,0,False
37,18,15,-8.659414072420885,879.0,879.0,0,False
37,19,12,-9.698736425300515,922.0,922.0,0,False
37,20,4,-12.621009826660156,998.0,998.0,0,False
37,21,10,2.115781307220459,1035.0,1035.0,0,False
37,22,12,-8.315274345623571,1103.0,1103.0,0,False
37,23,14,-26.651390075683594,1166.0,1166.0,0,False
37,24,3,1.2054921535205523,1200.0,1200.0,0,False
37,25,8,-21.711231231689453,1280.0,1280.0,0,False
37,26,11,-29.882434844970703,1351.0,1351.0,0,False
37,27,7,-39.25444412231445,1410.0,1410.0,0,False
37,28,8,-26.825359344482422,1446.0,1446.0,0,False
37,29,14,-33.61272430419922,1479.0,1479.0,0,False
37,30,15,-31.05329522301562,1522.0,1522.0,0,False
37,31,4,-41.26165008544922,1557.0,1557.0,0,False
37,32,7,-46.387351989746094,1590.0,1590.0,0,False
37,33,3,-48.77157930087732,1635.0,1635.0,0,False
37,34,4,-18.250667572021484,1675.0,1675.0,0,False
37,35,10,-22.566762455834283,1729.0,1729.0,0,False
37,36,4,-26.2014949798584,1764.0,1764.0,0,False
37,37,9,-37.24639129638672,1809.0,1809.0,0,False
37,38,19,-17.65673065185547,1868.0,1868.0,0,False
37,39,14,-13.218092918395996,1918.0,1918.0,0,False
37,40,13,-7.325674533843994,1954.0,1954.0,0,False
37,41,19,-14.3739013671875,1999.0,1999.0,0,False
37,42,1,-18.319026947021484,2055.0,2055.0,0,False
37,43,3,-11.459522837725448,2099.0,2099.0,0,False
37,44,11,-22.432973861694336,2141.0,2141.0,0,False
37,45,7,-15.331254959106445,2210.0,2210.0,0,False
37,46,1,-15.880071640014648,2240.0,2240.0,0,False
37,47,2,-21.57482147216797,2314.0,2314.0,0,False
37,48,17,-11.389089584350586,2358.0,2358.0,0,False
37,49,3,35.2645957709483,2399.0,2399.0,0,False
37,50,8,-30.96642303466797,2468.0,2468.0,0,False
37,51,17,-39.03199768066406,2538.0,2538.0,0,False
37,52,13,-44.625205993652344,2575.0,2575.0,0,False
37,53,18,-31.429903030395508,2625.0,2625.0,0,False
37,54,15,-29.807899475097656,2659.0,2659.0,0,False
37,55,14,-37.33424377441406,2701.0,2701.0,0,False
37,56,8,-40.46455001831055,2744.0,2744.0,0,False
37,57,18,-41.71775817871094,2781.0,2781.0,0,False
37,58,12,-39.92076873779297,2823.0,2823.0,0,False
37,59,13,-49.71500015258789,2861.0,2861.0,0,False
37,60,10,-51.51000213623047,2898.0,2898.0,0,False
37,61,5,-58.0150032043457,2951.0,2951.0,0,False
37,62,1,-59.915000915527344,2994.0,2994.0,0,False
37,63,17,-34.49260711669922,3027.0,3027.0,0,False
37,64,14,-68.9000015258789,3067.0,3067.0,0,False
37,65,18,-72.1483383178711,3100.0,3100.0,0,False
37,66,13,-76.74500274658203,3149.0,3149.0,0,False
37,67,1,-82.8550033569336,3190.0,3190.0,0,False
37,68,19,-72.74500274658203,3229.0,3229.0,0,False
37,69,8,-78.6683349609375,3261.0,3261.0,0,False
37,70,2,-84.70833587646484,3301.0,3301.0,0,False
37,71,14,-92.83999633789062,3344.0,3344.0,0,False
37,72,9,-90.28668212890625,3398.0,3398.0,0,False
37,73,13,-91.30000305175781,3448.0,3448.0,0,False
37,74,14,-97.06000518798828,3490.0,3490.0,0,False
37,75,8,-105.41334533691406,3556.0,3556.0,0,False
37,76,14,-46.39684295654297,3617.0,3617.0,0,False
37,77,19,-119.58000183105469,3673.0,3673.0,0,False
37,78,19,-109.41000366210938,3710.0,3710.0,0,False
37,79,12,-84.03898620605469,3778.0,3778.0,0,False
37,80,19,-121.0999984741211,3818.0,3818.0,0,False
37,81,13,-120.87000274658203,3862.0,3862.0,0,False
37,82,9,-130.82667541503906,3904.0,3904.0,0,False
37,83,10,-129.4600067138672,3946.0,3946.0,0,False
37,84,4,-141.0,3996.0,3996.0,0,False
37,85,9,-149.2216796875,4027.0,4027.0,0,False
37,86,18,-153.96835327148438,4064.0,4064.0,0,False
37,87,15,-127.30245971679688,4114.0,4114.0,0,False
37,88,7,-145.81504821777344,4187.0,4187.0,0,False
37,89,4,-144.40602111816406,4229.0,4229.0,0,False
37,90,19,-140.0530548095703,4284.0,4284.0,0,False
37,91,13,-142.60935974121094,4325.0,4325.0,0,False
37,92,9,-162.7066650390625,4363.0,4363.0,0,False
37,93,9,-165.29666137695312,4389.0,4389.0,0,False
37,94,8,-101.19123077392578,4427.0,4427.0,0,False
37,95,10,-133.70555114746094,4476.0,4476.0,0,False
37,96,9,-107.61505126953125,4508.0,4508.0,0,False
37,97,2,-175.19842529296875,4581.0,4581.0,0,False
37,98,5,-187.81532287597656,4654.0,4654.0,0,False
37,99,6,-28.855077743530273,4729.0,4729.0,0,False
37,100,2,-13.869976043701172,4779.0,4779.0,0,False
37,101,0,-21.73421287536621,4815.0,4815.0,0,False
37,102,1,-22.845996856689453,4859.0,4859.0,0,False
37,103,18,-32.486610412597656,4900.0,4900.0,0,False
37,104,6,-39.10903549194336,4943.0,4943.0,0,False
37,105,6,-22.97222137451172,4982.0,4982.0,0,False
37,106,18,32.748573303222656,5027.0,5027.0,0,False
37,107,0,-28.49892234802246,5073.0,5073.0,0,False
37,108,6,-33.15373611450195,5116.0,5116.0,0,False
37,109,7,-34.7039794921875,5180.0,5180.0,0,False
37,110,7,-20.337013244628906,5230.0,5230.0,0,False
37,111,5,22.406362533569336,5286.0,5286.0,0,False
37,112,16,-17.382802963256836,5364.0,5364.0,0,False
37,113,1,-0.17575956881046295,5400.0,5400.0,0,False
37,114,0,-12.97004508972168,5438.0,5438.0,0,False
37,115,16,-10.115310668945312,5478.0,5478.0,0,False
37,116,6,-20.825069427490234,5524.0,5524.0,0,False
37,117,0,-82.46185302734375,5561.0,5561.0,0,False
37,118,11,-18.449907302856445,5621.0,5621.0,0,False
37,119,16,-25.6392822265625,5670.0,5670.0,0,False
37,120,0,-6.451941013336182,5702.0,5702.0,0,False
37,121,6,-32.398624420166016,5740.0,5740.0,0,False
37,122,16,-28.754262924194336,5781.0,5781.0,0,False
37,123,2,-35.72418975830078,5818.0,5818.0,0,False
37,124,11,-39.62113571166992,5864.0,5864.0,0,False
37,125,11,-47.34687805175781,5912.0,5912.0,0,False
37,126,16,-45.756710052490234,5977.0,5977.0,0,False
37,127,2,-51.3794059753418,6018.0,6018.0,0,False
37,128,11,-57.094051361083984,6066.0,6066.0,0,False
37,129,6,-70.54039764404297,6101.0,6101.0,0,False
37,130,16,-66.35038757324219,6170.0,6170.0,0,False
37,131,2,-18.86448860168457,6200.0,6200.0,0,False
37,132,6,-27.432920455932617,6245.0,6245.0,0,False
37,133,11,-106.98223114013672,6287.0,6287.0,0,False
37,134,16,-126.58504486083984,6322.0,6322.0,0,False
38,1,2,12.872704672030348,34.0,34.0,0,False
38,2,7,-4.076446361251708,93.0,93.0,0,False
38,3,11,-15.981783493806798,164.0,164.0,0,False
38,4,19,-16.46292072412919,208.0,208.0,0,False
38,5,3,-30.083822901023225,273.0,273.0,0,False
38,6,2,-7.7403855634518735,293.0,293.0,0,False
38,7,10,-23.278324127197266,364.0,364.0,0,False
38,8,12,-35.29276084366937,445.0,445.0,0,False
38,9,13,-49.095516204833984,503.0,503.0,0,False
38,10,17,-58.68801731533475,565.0,565.0,0,False
38,11,6,-74.16812133789062,640.0,640.0,0,False
38,12,6,-49.219532850053575,683.0,683.0,0,False
38,13,6,4.791338993001867,707.0,707.0,0,False
38,14,11,-2.412413349944398,749.0,749.0,0,False
38,15,17,-2.6339985264672165,784.0,784.0,0,False
38,16,14,-10.646883964538574,832.0,832.0,0,False
38,17,3,-2.6788387298583984,867.0,867.0,0,False
38,18,8,-24.81235122680664,947.0,947.0,0,False
38,19,15,-28.180419921875,1013.0,1013.0,0,False
38,20,0,-31.54119110107422,1078.0,1078.0,0,False
38,21,4,-54.423866271972656,1154.0,1154.0,0,False
38,22,0,-23.998310089111328,1185.0,1185.0,0,False
38,23,14,-39.84087371826172,1213.0,1213.0,0,False
38,24,9,-52.25770568847656,1285.0,1285.0,0,False
38,25,10,-39.131736755371094,1318.0,1318.0,0,False
38,26,17,-1.8621119128333206,1362.0,1362.0,0,False
38,27,8,-7.002112865447998,1393.0,1393.0,0,False
38,28,8,-15.60539436340332,1462.0,1462.0,0,False
38,29,1,-14.397187232971191,1518.0,1518.0,0,False
38,30,4,-5.364142417907715,1553.0,1553.0,0,False
38,31,14,-9.645503997802734,1603.0,1603.0,0,False
38,32,14,-16.141849517822266,1645.0,1645.0,0,False
38,33,8,-15.52215576171875,1688.0,1688.0,0,False
38,34,16,-15.593339920043945,1751.0,1751.0,0,False
38,35,7,-10.104039192199707,1784.0,1784.0,0,False
38,36,8,-17.443556656307642,1816.0,1816.0,0,False
38,37,16,-25.84420394897461,1856.0,1856.0,0,False
38,38,3,-8.903701782226562,1911.0,1911.0,0,False
38,39,9,-20.64859390258789,1956.0,1956.0,0,False
38,40,10,-17.287683486938477,2013.0,2013.0,0,False
38,41,18,-19.27051544189453,2068.0,2068.0,0,False
38,42,6,-13.335821151733398,2111.0,2111.0,0,False
38,43,6,-20.509674072265625,2157.0,2157.0,0,False
38,44,12,-19.519981384277344,2200.0,2200.0,0,False
38,45,6,-33.07548522949219,2238.0,2238.0,0,False
38,46,14,-38.09077072143555,2273.0,2273.0,0,False
38,47,18,-45.53046798706055,2323.0,2323.0,0,False
38,48,13,-48.22971725463867,2359.0,2359.0,0,False
38,49,8,-34.21384724864253,2425.0,2425.0,0,False
38,50,17,-42.36502456665039,2495.0,2495.0,0,False
38,51,15,-34.686981201171875,2530.0,2530.0,0,False
38,52,16,-47.007713317871094,2579.0,2579.0,0,False
38,53,12,-49.435367584228516,2647.0,2647.0,0,False
38,54,11,-62.73300552368164,2707.0,2707.0,0,False
38,55,6,-59.69662857055664,2742.0,2742.0,0,False
38,56,17,-16.50982920596409,2775.0,2775.0,0,False
38,57,16,-73.39945220947266,2816.0,2816.0,0,False
38,58,10,-57.385005950927734,2848.0,2848.0,0,False
38,59,12,-63.76000213623047,2890.0,2890.0,0,False
38,60,13,-68.88500213623047,2927.0,2927.0,0,False
38,61,14,-78.33999633789062,2970.0,2970.0,0,False
38,62,12,-47.34281921386719,3038.0,3038.0,0,False
38,63,8,-25.243473052978516,3076.0,3076.0,0,False
38,64,9,-96.086669921875,3130.0,3130.0,0,False
38,65,6,-25.797744750976562,3175.0,3175.0,0,False
38,66,5,-25.655000686645508,3251.0,3251.0,0,False
38,67,3,-11.345000267028809,3285.0,3285.0,0,False
38,68,3,-18.150001525878906,3330.0,3330.0,0,False
38,69,14,-16.685001373291016,3372.0,3372.0,0,False
38,70,13,-15.96500015258789,3410.0,3410.0,0,False
38,71,13,-23.369998931884766,3459.0,3459.0,0,False
38,72,5,-32.7400016784668,3492.0,3492.0,0,False
38,73,3,-30.895002365112305,3536.0,3536.0,0,False
38,74,2,-35.27333450317383,3609.0,3609.0,0,False
38,75,1,-32.5,3639.0,3639.0,0,False
38,76,16,-50.72500228881836,3704.0,3704.0,0,False
38,77,10,-37.94499969482422,3753.0,3753.0,0,False
38,78,9,-48.82666778564453,3795.0,3795.0,0,False
38,79,1,-47.21500015258789,3838.0,3838.0,0,False
38,80,4,-53.20000457763672,3878.0,3878.0,0,False
38,81,18,-61.568336486816406,3915.0,3915.0,0,False
38,82,4,-56.22500228881836,3950.0,3950.0,0,False
38,83,3,-27.148971557617188,3991.0,3991.0,0,False
38,84,4,-63.750003814697266,4041.0,4041.0,0,False
38,85,0,-62.65500259399414,4092.0,4092.0,0,False
38,86,11,-70.95500946044922,4138.0,4138.0,0,False
38,87,19,-77.70000457763672,4183.0,4183.0,0,False
38,88,15,-67.3499984741211,4223.0,4223.0,0,False
38,89,9,-82.12167358398438,4254.0,4254.0,0,False
38,90,19,-80.77000427246094,4293.0,4293.0,0,False
38,91,0,-80.79000854492188,4331.0,4331.0,0,False
38,92,14,-25.330753326416016,4392.0,4392.0,0,False
38,93,11,-93.26499938964844,4440.0,4440.0,0,False
38,94,11,-95.44000244140625,4483.0,4483.0,0,False
38,95,0,-101.98500061035156,4525.0,4525.0,0,False
38,96,9,-113.30667114257812,4558.0,4558.0,0,False
38,97,15,-113.3900146484375,4601.0,4601.0,0,False
38,98,4,-120.71540069580078,4643.0,4643.0,0,False
38,99,16,-122.04801177978516,4717.0,4717.0,0,False
38,100,15,-110.97000885009766,4751.0,4751.0,0,False
38,101,11,-114.49533081054688,4793.0,4793.0,0,False
38,102,0,-94.88359832763672,4825.0,4825.0,0,False
38,103,7,-126.2451171875,4894.0,4894.0,0,False
38,104,9,-130.44691467285156,4925.0,4925.0,0,False
38,105,5,-136.50076293945312,4978.0,4978.0,0,False
38,106,9,-73.30194091796875,5010.0,5010.0,0,False
38,107,15,-104.7278823852539,5055.0,5055.0,0,False
38,108,16,-133.77008056640625,5095.0,5095.0,0,False
38,109,13,-143.31556701660156,5145.0,5145.0,0,False
38,110,10,-139.77565002441406,5177.0,5177.0,0,False
38,111,10,-145.3350067138672,5214.0,5214.0,0,False
38,112,18,-161.40103149414062,5247.0,5247.0,0,False
38,113,2,-167.0059356689453,5292.0,5292.0,0,False
38,114,10,-142.3314666748047,5341.0,5341.0,0,False
38,115,1,-178.30517578125,5382.0,5382.0,0,False
38,116,2,-186.85379028320312,5419.0,5419.0,0,False
38,117,7,-169.42611694335938,5492.0,5492.0,0,False
38,118,19,-177.88856506347656,5548.0,5548.0,0,False
38,119,18,-175.57485961914062,5580.0,5580.0,0,False
38,120,19,-179.78924560546875,5617.0,5617.0,0,False
38,121,19,-179.15870666503906,5657.0,5657.0,0,False
38,122,18,-186.43771362304688,5698.0,5698.0,0,False
38,123,19,-173.18846130371094,5748.0,5748.0,0,False
38,124,13,-190.9925079345703,5792.0,5792.0,0,False
38,125,2,-200.64344787597656,5833.0,5833.0,0,False
38,126,18,-146.88333129882812,5878.0,5878.0,0,False
38,127,5,-208.79449462890625,5951.0,5951.0,0,False
38,128,2,-145.79568481445312,5976.0,5976.0,0,False
38,129,5,-150.4122314453125,6032.0,6032.0,0,False
38,130,1,-218.95449829101562,6076.0,6076.0,0,False
38,131,7,-235.42144775390625,6140.0,6140.0,0,False
38,132,7,-226.73291015625,6190.0,6190.0,0,False
38,133,1,-247.7589569091797,6221.0,6221.0,0,False
38,134,13,-295.6645202636719,6257.0,6257.0,0,False
39,1,2,12.872704672030348,34.0,34.0,0,False
39,2,12,5.658705166074892,100.0,100.0,0,False
39,3,17,-15.146617889404297,162.0,162.0,0,False
39,4,0,-24.6435213868336,242.0,242.0,0,False
39,5,4,-41.019470596313475,318.0,318.0,0,False
39,6,14,-56.60898971557617,381.0,381.0,0,False
39,7,14,-17.782346653256617,394.0,394.0,0,False
39,8,16,-36.54607009887695,472.0,472.0,0,False
39,9,9,-51.637901306152344,544.0,544.0,0,False
39,10,9,-39.19743593004014,584.0,584.0,0,False
39,11,11,-50.74085998535156,655.0,655.0,0,False
39,12,6,-66.09957122802734,730.0,730.0,0,False
39,13,2,-55.13292740909142,770.0,770.0,0,False
39,14,9,1.739580740752043,809.0,809.0,0,False
39,15,9,-6.25435700946384,851.0,851.0,0,False
39,16,10,-7.343337059020996,922.0,922.0,0,False
39,17,14,-6.382464156794343,967.0,967.0,0,False
39,18,14,-13.362186274678304,1009.0,1009.0,0,False
39,19,17,-5.270361370510525,1049.0,1049.0,0,False
39,20,14,-14.813239492664815,1089.0,1089.0,0,False
39,21,10,-12.953790664672852,1122.0,1122.0,0,False
39,22,16,-18.410743713378906,1157.0,1157.0,0,False
39,23,10,-15.291500091552734,1214.0,1214.0,0,False
39,24,1,-2.942215919494629,1255.0,1255.0,0,False
39,25,7,-9.804817199707031,1299.0,1299.0,0,False
39,26,14,-10.61820411794339,1342.0,1342.0,0,False
39,27,15,-15.75318717956543,1408.0,1408.0,0,False
39,28,9,-15.252830206553142,1434.0,1434.0,0,False
39,29,6,-24.093137741088867,1477.0,1477.0,0,False
39,30,3,-17.567832946777344,1527.0,1527.0,0,False
39,31,15,-15.886650085449219,1557.0,1557.0,0,False
39,32,12,-26.893625259399414,1600.0,1600.0,0,False
39,33,4,-36.30057907104492,1635.0,1635.0,0,False
39,34,16,-5.86817741394043,1679.0,1679.0,0,False
39,35,15,-13.12640380859375,1724.0,1724.0,0,False
39,36,10,-18.844614028930664,1761.0,1761.0,0,False
39,37,17,-29.72721290588379,1805.0,1805.0,0,False
39,38,8,-30.590726852416992,1885.0,1885.0,0,False
39,39,12,-22.030048370361328,1953.0,1953.0,0,False
39,40,6,-35.621177673339844,1992.0,1992.0,0,False
39,41,10,-36.68338394165039,2046.0,2046.0,0,False
39,42,14,-51.02899838455698,2088.0,2088.0,0,False
39,43,5,-54.68239974975586,2164.0,2164.0,0,False
39,44,13,-64.61878204345703,2222.0,2222.0,0,False
39,45,4,-48.95387268066406,2262.0,2262.0,0,False
39,46,14,28.167947340970997,2323.0,2323.0,0,False
39,47,11,-8.840343475341797,2360.0,2360.0,0,False
39,48,16,-15.466060638427734,2401.0,2401.0,0,False
39,49,3,-15.058016777038574,2436.0,2436.0,0,False
39,50,3,-19.84251594543457,2491.0,2491.0,0,False
39,51,11,-33.20515441894531,2551.0,2551.0,0,False
39,52,12,-28.27649688720703,2593.0,2593.0,0,False
39,53,8,-40.682411193847656,2629.0,2629.0,0,False
39,54,18,-23.811908721923828,2684.0,2684.0,0,False
39,55,6,-22.1522159576416,2727.0,2727.0,0,False
39,56,4,-23.892505645751953,2762.0,2762.0,0,False
39,57,6,-34.77302551269531,2808.0,2808.0,0,False
39,58,3,-32.33768844604492,2842.0,2842.0,0,False
39,59,15,-33.814998626708984,2880.0,2880.0,0,False
39,60,6,-51.43166732788086,2918.0,2918.0,0,False
39,61,1,-52.22500228881836,2948.0,2948.0,0,False
39,62,1,-27.715002059936523,2991.0,2991.0,0,False
39,63,6,-34.616668701171875,3026.0,3026.0,0,False
39,64,11,-37.90500259399414,3072.0,3072.0,0,False
39,65,4,-45.42500305175781,3122.0,3122.0,0,False
39,66,3,-48.150001525878906,3167.0,3167.0,0,False
39,67,8,-48.97833251953125,3231.0,3231.0,0,False
39,68,15,-39.77000045776367,3260.0,3260.0,0,False
39,69,7,-52.9900016784668,3293.0,3293.0,0,False
39,70,4,-55.2299690246582,3335.0,3335.0,0,False
39,71,12,-28.33653450012207,3403.0,3403.0,0,False
39,72,9,-65.23167419433594,3441.0,3441.0,0,False
39,73,0,-62.95500183105469,3477.0,3477.0,0,False
39,74,15,-42.613441467285156,3527.0,3527.0,0,False
39,75,0,-67.12999725341797,3578.0,3578.0,0,False
39,76,6,-11.057296752929688,3618.0,3618.0,0,False
39,77,16,-79.625,3683.0,3683.0,0,False
39,78,11,-83.11499786376953,3731.0,3731.0,0,False
39,79,16,-84.47000122070312,3800.0,3800.0,0,False
39,80,10,-86.18499755859375,3837.0,3837.0,0,False
39,81,8,-99.49833679199219,3880.0,3880.0,0,False
39,82,10,-98.96000671386719,3922.0,3922.0,0,False
39,83,16,-69.95989990234375,3957.0,3957.0,0,False
39,84,10,-71.79743957519531,4006.0,4006.0,0,False
39,85,9,-111.04667663574219,4037.0,4037.0,0,False
39,86,19,-19.645000457763672,4096.0,4096.0,0,False
39,87,18,-20.50833511352539,4146.0,4146.0,0,False
39,88,11,-24.865001678466797,4194.0,4194.0,0,False
39,89,8,-32.4183349609375,4226.0,4226.0,0,False
39,90,8,-19.0383358001709,4287.0,4287.0,0,False
39,91,8,37.40166473388672,4320.0,4320.0,0,False
39,92,18,-30.168338775634766,4357.0,4357.0,0,False
39,93,3,-21.395004272460938,4401.0,4401.0,0,False
39,94,19,-32.1500129699707,4446.0,4446.0,0,False
39,95,17,-34.85002517700195,4516.0,4516.0,0,False
39,96,7,-45.195030212402344,4585.0,4585.0,0,False
39,97,9,20.690418243408203,4617.0,4617.0,0,False
39,98,3,-11.90399169921875,4658.0,4658.0,0,False
39,99,7,-53.29063415527344,4731.0,4731.0,0,False
39,100,0,-47.51603698730469,4769.0,4769.0,0,False
39,101,17,-33.608642578125,4802.0,4802.0,0,False
39,102,7,-59.123680114746094,4866.0,4866.0,0,False
39,103,18,-63.2264289855957,4899.0,4899.0,0,False
39,104,7,-49.44684600830078,4949.0,4949.0,0,False
39,105,18,-75.77000427246094,4986.0,4986.0,0,False
39,106,19,-68.55128479003906,5025.0,5025.0,0,False
39,107,13,-77.79135131835938,5061.0,5061.0,0,False
39,108,0,-74.6053695678711,5103.0,5103.0,0,False
39,109,19,-80.20978546142578,5159.0,5159.0,0,False
39,110,18,-86.21656799316406,5200.0,5200.0,0,False
39,111,13,-90.0350112915039,5237.0,5237.0,0,False
39,112,2,-98.6171646118164,5310.0,5310.0,0,False
39,113,13,-99.76777648925781,5348.0,5348.0,0,False
39,114,5,-103.61589813232422,5381.0,5381.0,0,False
39,115,13,-113.92998504638672,5430.0,5430.0,0,False
39,116,11,-106.78120422363281,5472.0,5472.0,0,False
39,117,0,-87.0676498413086,5504.0,5504.0,0,False
39,118,13,-267.7179260253906,5554.0,5554.0,0,False
39,119,19,-129.64488220214844,5591.0,5591.0,0,False
39,120,18,-80.39710235595703,5636.0,5636.0,0,False
39,121,13,-213.5350799560547,5680.0,5680.0,0,False
39,122,5,-126.4669418334961,5733.0,5733.0,0,False
39,123,5,-137.76287841796875,5806.0,5806.0,0,False
39,124,19,-138.77081298828125,5846.0,5846.0,0,False
39,125,1,-133.91293334960938,5887.0,5887.0,0,False
39,126,19,-124.38410186767578,5937.0,5937.0,0,False
39,127,5,-82.8352279663086,5993.0,5993.0,0,False
39,128,13,-192.54808044433594,6034.0,6034.0,0,False
39,129,1,-157.427001953125,6078.0,6078.0,0,False
39,130,2,-179.16802978515625,6128.0,6128.0,0,False
39,131,2,-186.34671020507812,6165.0,6165.0,0,False
39,132,1,-168.64382934570312,6201.0,6201.0,0,False
39,133,2,-204.8026580810547,6237.0,6237.0,0,False
39,134,2,-182.98207092285156,6267.0,6267.0,0,False
40,1,7,21.282983976546447,19.0,19.0,0,False
40,2,10,9.464621702829998,75.0,75.0,0,False
40,3,11,-13.00445481559175,146.0,146.0,0,False
40,4,10,14.006931177775066,159.0,159.0,0,False
40,5,16,-16.152829043070476,237.0,237.0,0,False
40,6,15,-22.607172741196827,303.0,303.0,0,False
40,7,1,-35.71685682932536,359.0,359.0,0,False
40,8,10,3.498280963191281,401.0,401.0,0,False
40,9,13,-12.813505172729492,444.0,444.0,0,False
40,10,1,9.556646092732748,469.0,469.0,0,False
40,11,8,-9.51329231262207,534.0,534.0,0,False
40,12,2,-18.241376876831055,608.0,608.0,0,False
40,13,9,-37.103206634521484,680.0,680.0,0,False
40,14,4,-45.28421401977539,756.0,756.0,0,False
40,15,4,-23.0469996770223,791.0,791.0,0,False
40,16,1,7.017219532860651,829.0,829.0,0,False
40,17,10,0.9112326410081657,866.0,866.0,0,False
40,18,6,-18.21192169189453,941.0,941.0,0,False
40,19,12,-23.43106460571289,1022.0,1022.0,0,False
40,20,4,-14.451155138015746,1062.0,1062.0,0,False
40,21,16,-2.4012441635131836,1102.0,1102.0,0,False
40,22,11,-8.947589874267578,1144.0,1144.0,0,False
40,23,0,-13.437772750854492,1224.0,1224.0,0,False
40,24,14,-25.497879028320312,1272.0,1272.0,0,False
40,25,16,-10.378616333007812,1321.0,1321.0,0,False
40,26,3,-9.989980697631836,1371.0,1371.0,0,False
40,27,8,-7.080894470214844,1407.0,1407.0,0,False
40,28,11,-6.005197525024414,1467.0,1467.0,0,False
40,29,5,-15.303460121154785,1528.0,1528.0,0,False
40,30,12,-3.080432891845703,1571.0,1571.0,0,False
40,31,11,-14.207832475163244,1617.0,1617.0,0,False
40,32,12,-8.370563661084768,1685.0,1685.0,0,False
40,33,5,-18.057640075683594,1718.0,1718.0,0,False
40,34,17,-14.101531028747559,1780.0,1780.0,0,False
40,35,10,-5.090403079986572,1834.0,1834.0,0,False
40,36,12,-3.3930314747220436,1876.0,1876.0,0,False
40,37,10,-9.392549581880923,1913.0,1913.0,0,False
40,38,17,-20.09004783630371,1953.0,1953.0,0,False
40,39,14,-29.690746307373047,1986.0,1986.0,0,False
40,40,6,-33.5462532043457,2024.0,2024.0,0,False
40,41,6,-25.37071418762207,2063.0,2063.0,0,False
40,42,18,-18.20187759399414,2118.0,2118.0,0,False
40,43,5,-15.678654670715332,2166.0,2166.0,0,False
40,44,9,-11.630411148071289,2206.0,2206.0,0,False
40,45,11,-16.723854064941406,2254.0,2254.0,0,False
40,46,10,-18.874643304612903,2296.0,2296.0,0,False
40,47,17,-19.087799072265625,2340.0,2340.0,0,False
40,48,16,-25.453516006469727,2381.0,2381.0,0,False
40,49,15,-21.74547004699707,2416.0,2416.0,0,False
40,50,8,-35.612083435058594,2485.0,2485.0,0,False
40,51,12,9.57670590830066,2553.0,2553.0,0,False
40,52,10,11.523968548244902,2602.0,2602.0,0,False
40,53,7,-45.917842864990234,2635.0,2635.0,0,False
40,54,18,-56.8675422668457,2685.0,2685.0,0,False
40,55,14,-55.16556930541992,2735.0,2735.0,0,False
40,56,7,-61.49885177612305,2804.0,2804.0,0,False
40,57,16,-71.44999694824219,2869.0,2869.0,0,False
40,58,14,-82.13500213623047,2911.0,2911.0,0,False
40,59,1,-68.08000183105469,2952.0,2952.0,0,False
40,60,9,-75.586669921875,3006.0,3006.0,0,False
40,61,16,-83.12000274658203,3080.0,3080.0,0,False
40,62,11,-81.84000396728516,3128.0,3128.0,0,False
40,63,16,-53.67066192626953,3163.0,3163.0,0,False
40,64,3,-81.55000305175781,3198.0,3198.0,0,False
40,65,5,-97.31500244140625,3271.0,3271.0,0,False
40,66,19,-21.1200008392334,3330.0,3330.0,0,False
40,67,8,-15.423334121704102,3373.0,3373.0,0,False
40,68,15,-6.450000286102295,3418.0,3418.0,0,False
40,69,6,-18.43166732788086,3461.0,3461.0,0,False
40,70,3,-9.575000762939453,3511.0,3511.0,0,False
40,71,17,-28.42500114440918,3581.0,3581.0,0,False
40,72,14,-31.025001525878906,3621.0,3621.0,0,False
40,73,6,-35.0966682434082,3662.0,3662.0,0,False
40,74,7,-36.465003967285156,3735.0,3735.0,0,False
40,75,15,-34.540000915527344,3778.0,3778.0,0,False
40,76,6,-47.88166809082031,3816.0,3816.0,0,False
40,77,17,-25.48114776611328,3849.0,3849.0,0,False
40,78,0,-50.05500411987305,3885.0,3885.0,0,False
40,79,14,-65.04000091552734,3928.0,3928.0,0,False
40,80,14,-55.61000061035156,3970.0,3970.0,0,False
40,81,9,-59.17667770385742,4012.0,4012.0,0,False
40,82,9,-63.77166748046875,4043.0,4043.0,0,False
40,83,13,-65.53002166748047,4079.0,4079.0,0,False
40,84,0,-59.83000183105469,4130.0,4130.0,0,False
40,85,9,-70.80667114257812,4168.0,4168.0,0,False
40,86,15,-63.195003509521484,4197.0,4197.0,0,False
40,87,11,-70.51154327392578,4239.0,4239.0,0,False
40,88,1,-83.92008972167969,4283.0,4283.0,0,False
40,89,9,-92.17167663574219,4314.0,4314.0,0,False
40,90,14,-18.115753173828125,4375.0,4375.0,0,False
40,91,4,-84.05005645751953,4410.0,4410.0,0,False
40,92,5,-22.02739715576172,4461.0,4461.0,0,False
40,93,6,-93.66667175292969,4496.0,4496.0,0,False
40,94,4,-97.57500457763672,4546.0,4546.0,0,False
40,95,9,-40.92619323730469,4578.0,4578.0,0,False
40,96,15,-73.40027618408203,4623.0,4623.0,0,False
40,97,13,-100.21002197265625,4660.0,4660.0,0,False
40,98,13,-104.39141845703125,4698.0,4698.0,0,False
40,99,4,-107.82481384277344,4740.0,4740.0,0,False
40,100,6,-55.79596710205078,4785.0,4785.0,0,False
40,101,2,-126.95160675048828,4825.0,4825.0,0,False
40,102,8,-130.04510498046875,4857.0,4857.0,0,False
40,103,0,-128.9541778564453,4895.0,4895.0,0,False
40,104,13,-140.3536376953125,4944.0,4944.0,0,False
40,105,2,-133.3650665283203,5017.0,5017.0,0,False
40,106,2,-136.52500915527344,5067.0,5067.0,0,False
40,107,7,-136.7162628173828,5131.0,5131.0,0,False
40,108,19,-139.80020141601562,5176.0,5176.0,0,False
40,109,3,-140.85726928710938,5210.0,5210.0,0,False
40,110,1,-127.63126373291016,5241.0,5241.0,0,False
40,111,3,-143.5502166748047,5286.0,5286.0,0,False
40,112,19,-148.80419921875,5325.0,5325.0,0,False
40,113,13,-155.03555297851562,5375.0,5375.0,0,False
40,114,8,-162.9210205078125,5441.0,5441.0,0,False
40,115,3,-159.16470336914062,5485.0,5485.0,0,False
40,116,0,-159.8778076171875,5522.0,5522.0,0,False
40,117,13,-174.54641723632812,5566.0,5566.0,0,False
40,118,19,-172.51451110839844,5622.0,5622.0,0,False
40,119,3,-148.5954132080078,5663.0,5663.0,0,False
40,120,8,-127.06017303466797,5701.0,5701.0,0,False
40,121,2,-187.55474853515625,5738.0,5738.0,0,False
40,122,19,-185.93515014648438,5775.0,5775.0,0,False
40,123,18,-188.2563934326172,5812.0,5812.0,0,False
40,124,13,-179.46951293945312,5853.0,5853.0,0,False
40,125,19,-193.35269165039062,5893.0,5893.0,0,False
40,126,2,-203.47518920898438,5934.0,5934.0,0,False
40,127,2,-149.13751220703125,5964.0,5964.0,0,False
40,128,19,-186.7840576171875,6014.0,6014.0,0,False
40,129,18,-212.78089904785156,6047.0,6047.0,0,False
40,130,0,-191.326904296875,6079.0,6079.0,0,False
40,131,7,-209.71665954589844,6129.0,6129.0,0,False
40,132,18,-250.75662231445312,6166.0,6166.0,0,False
40,133,18,-270.0055847167969,6202.0,6202.0,0,False
40,134,18,-269.1799621582031,6247.0,6247.0,0,False
41,1,13,21.40870909690857,18.0,18.0,0,False
41,2,12,-1.0036817131615408,99.0,99.0,0,False
41,3,4,-17.57310612996419,175.0,175.0,0,False
41,4,4,7.439152081807453,190.0,190.0,0,False
41,5,15,-12.572594874460517,256.0,256.0,0,False
41,6,12,-7.841913080032249,299.0,299.0,0,False
41,7,16,-28.80175715552436,377.0,377.0,0,False
41,8,16,-22.098653729756673,417.0,417.0,0,False
41,9,0,-34.72175216674805,497.0,497.0,0,False
41,10,17,-48.412586000230576,559.0,559.0,0,False
41,11,11,-50.46577072143555,615.0,615.0,0,False
41,12,5,-73.64344024658203,691.0,691.0,0,False
41,13,10,-76.16797637939453,762.0,762.0,0,False
41,14,14,-94.4324951171875,825.0,825.0,0,False
41,15,16,-18.73761747854727,859.0,859.0,0,False
41,16,11,-1.1301651000976562,901.0,901.0,0,False
41,17,3,2.498471260070801,951.0,951.0,0,False
41,18,10,-0.5522279739379883,984.0,984.0,0,False
41,19,8,-22.595741271972656,1064.0,1064.0,0,False
41,20,9,-34.844242095947266,1136.0,1136.0,0,False
41,21,10,-3.645191192626953,1188.0,1188.0,0,False
41,22,10,-12.981177912818062,1225.0,1225.0,0,False
41,23,16,-18.240911838743422,1261.0,1261.0,0,False
41,24,12,-29.263292277313138,1329.0,1329.0,0,False
41,25,9,-19.848527908325195,1374.0,1374.0,0,False
41,26,11,-21.219497680664062,1434.0,1434.0,0,False
41,27,11,-24.676934854325573,1480.0,1480.0,0,False
41,28,13,-30.610933303833008,1516.0,1516.0,0,False
41,29,5,-40.23163604736328,1549.0,1549.0,0,False
41,30,12,-37.09153270887987,1591.0,1591.0,0,False
41,31,15,-43.72493362426758,1626.0,1626.0,0,False
41,32,10,-36.30713866551717,1680.0,1680.0,0,False
41,33,11,-44.59386311043737,1728.0,1728.0,0,False
41,34,9,-52.464454650878906,1782.0,1782.0,0,False
41,35,6,-15.632087707519531,1842.0,1842.0,0,False
41,36,11,-3.594927625531769,1885.0,1885.0,0,False
41,37,11,14.503982488983294,1927.0,1927.0,0,False
41,38,10,-16.173984764240405,1964.0,1964.0,0,False
41,39,14,-30.15264892578125,1997.0,1997.0,0,False
41,40,6,-34.008148193359375,2035.0,2035.0,0,False
41,41,10,-33.4446525452629,2077.0,2077.0,0,False
41,42,4,-20.987918853759766,2117.0,2117.0,0,False
41,43,16,-31.22869110107422,2182.0,2182.0,0,False
41,44,2,-26.37343978881836,2256.0,2256.0,0,False
41,45,10,40.68276829189725,2305.0,2305.0,0,False
41,46,12,40.86609796556692,2373.0,2373.0,0,False
41,47,15,-14.706724166870117,2418.0,2418.0,0,False
41,48,15,-14.163697242736816,2461.0,2461.0,0,False
41,49,13,-19.416906356811523,2498.0,2498.0,0,False
41,50,13,-23.810741424560547,2536.0,2536.0,0,False
41,51,13,-31.491477966308594,2585.0,2585.0,0,False
41,52,4,-36.868431091308594,2620.0,2620.0,0,False
41,53,19,-23.870441436767578,2679.0,2679.0,0,False
41,54,4,-22.181804656982422,2729.0,2729.0,0,False
41,55,4,-4.026760334438748,2771.0,2771.0,0,False
41,56,9,-38.38116455078125,2813.0,2813.0,0,False
41,57,7,-38.77000427246094,2872.0,2872.0,0,False
41,58,18,-51.5,2927.0,2927.0,0,False
41,59,5,-21.014999389648438,2980.0,2980.0,0,False
41,60,1,-27.205001831054688,3036.0,3036.0,0,False
41,61,0,-6.78000020980835,3072.0,3072.0,0,False
41,62,17,-16.799999237060547,3112.0,3112.0,0,False
41,63,3,-18.025001525878906,3147.0,3147.0,0,False
41,64,3,-7.575000762939453,3197.0,3197.0,0,False
41,65,8,-21.48833465576172,3233.0,3233.0,0,False
41,66,3,-19.7450008392334,3267.0,3267.0,0,False
41,67,5,-32.88999938964844,3340.0,3340.0,0,False
41,68,17,-34.845001220703125,3384.0,3384.0,0,False
41,69,14,-46.875,3434.0,3434.0,0,False
41,70,5,14.665488243103027,3490.0,3490.0,0,False
41,71,6,-59.736671447753906,3529.0,3529.0,0,False
41,72,2,-46.50833511352539,3569.0,3569.0,0,False
41,73,18,-53.70000076293945,3614.0,3614.0,0,False
41,74,9,-58.69667053222656,3645.0,3645.0,0,False
41,75,13,-62.62500762939453,3695.0,3695.0,0,False
41,76,13,-64.17000579833984,3734.0,3734.0,0,False
41,77,16,-63.31999969482422,3808.0,3808.0,0,False
41,78,7,-63.7650032043457,3841.0,3841.0,0,False
41,79,6,-73.93167114257812,3884.0,3884.0,0,False
41,80,16,-40.676918029785156,3919.0,3919.0,0,False
41,81,1,-71.12500762939453,3949.0,3949.0,0,False
41,82,17,-78.32500457763672,4019.0,4019.0,0,False
41,83,7,-88.67000579833984,4088.0,4088.0,0,False
41,84,6,-89.94667053222656,4134.0,4134.0,0,False
41,85,3,-84.0,4174.0,4174.0,0,False
41,86,6,-99.58167266845703,4207.0,4207.0,0,False
41,87,6,-104.0666732788086,4237.0,4237.0,0,False
41,88,1,-90.71500396728516,4275.0,4275.0,0,False
41,89,0,-98.68000030517578,4326.0,4326.0,0,False
41,90,13,-92.14579772949219,4367.0,4367.0,0,False
41,91,1,-109.0050048828125,4408.0,4408.0,0,False
41,92,7,-112.71500396728516,4481.0,4481.0,0,False
41,93,17,-90.15840911865234,4514.0,4514.0,0,False
41,94,8,-122.37833404541016,4583.0,4583.0,0,False
41,95,8,-124.77368927001953,4626.0,4626.0,0,False
41,96,18,-127.48619079589844,4663.0,4663.0,0,False
41,97,8,-129.06834411621094,4695.0,4695.0,0,False
41,98,6,-71.83204650878906,4740.0,4740.0,0,False
41,99,14,-136.3100128173828,4782.0,4782.0,0,False
41,100,8,-144.663330078125,4848.0,4848.0,0,False
41,101,1,-141.51531982421875,4892.0,4892.0,0,False
41,102,14,-151.9800567626953,4932.0,4932.0,0,False
41,103,15,-143.55860900878906,4961.0,4961.0,0,False
41,104,15,-128.7513885498047,5011.0,5011.0,0,False
41,105,2,-159.33009338378906,5084.0,5084.0,0,False
41,106,9,-161.48773193359375,5122.0,5122.0,0,False
41,107,19,-164.55618286132812,5167.0,5167.0,0,False
41,108,14,-175.74618530273438,5210.0,5210.0,0,False
41,109,18,-180.37994384765625,5243.0,5243.0,0,False
41,110,1,-157.72750854492188,5279.0,5279.0,0,False
41,111,7,-172.32008361816406,5338.0,5338.0,0,False
41,112,8,-122.77493286132812,5371.0,5371.0,0,False
41,113,3,-175.7162628173828,5415.0,5415.0,0,False
41,114,19,-181.0878143310547,5454.0,5454.0,0,False
41,115,18,-204.67124938964844,5491.0,5491.0,0,False
41,116,9,-192.91786193847656,5522.0,5522.0,0,False
41,117,9,-133.43028259277344,5554.0,5554.0,0,False
41,118,2,-203.83612060546875,5604.0,5604.0,0,False
41,119,14,-199.11195373535156,5646.0,5646.0,0,False
41,120,14,-139.44070434570312,5702.0,5702.0,0,False
41,121,18,-206.82659912109375,5743.0,5743.0,0,False
41,122,19,-207.18739318847656,5799.0,5799.0,0,False
41,123,7,-194.7560577392578,5849.0,5849.0,0,False
41,124,18,-164.99375915527344,5894.0,5894.0,0,False
41,125,3,-187.1637420654297,5935.0,5935.0,0,False
41,126,0,-215.48025512695312,5973.0,5973.0,0,False
41,127,0,-221.61920166015625,6015.0,6015.0,0,False
41,128,2,-234.251708984375,6052.0,6052.0,0,False
41,129,0,-213.5008087158203,6084.0,6084.0,0,False
41,130,2,-258.04925537109375,6125.0,6125.0,0,False
41,131,2,-201.44485473632812,6155.0,6155.0,0,False
41,132,19,-278.2862243652344,6192.0,6192.0,0,False
41,133,19,-282.4596862792969,6232.0,6232.0,0,False
41,134,19,-324.26513671875,6282.0,6282.0,0,False
42,1,3,24.23041956745545,25.0,25.0,0,False
42,2,4,-5.440021006266278,101.0,101.0,0,False
42,3,16,-18.487558852301703,179.0,179.0,0,False
42,4,16,6.137812476687962,199.0,199.0,0,False
42,5,15,-13.373896682325054,265.0,265.0,0,False
42,6,16,11.878465913843225,299.0,299.0,0,False
42,7,10,-8.837088584899902,370.0,370.0,0,False
42,8,10,10.884237247043185,398.0,398.0,0,False
42,9,16,6.2576168484158,439.0,439.0,0,False
42,10,9,-13.027199745178223,511.0,511.0,0,False
42,11,16,-4.911304588317872,576.0,576.0,0,False
42,12,11,-20.245838165283203,647.0,647.0,0,False
42,13,5,-36.848514556884766,723.0,723.0,0,False
42,14,2,-46.688262939453125,797.0,797.0,0,False
42,15,10,-24.72864823517976,854.0,854.0,0,False
42,16,4,-1.4068052927652985,889.0,889.0,0,False
42,17,16,-7.099472490946452,963.0,963.0,0,False
42,18,7,-12.446064949035645,1022.0,1022.0,0,False
42,19,10,-2.360939566294352,1059.0,1059.0,0,False
42,20,14,-25.57879066467285,1122.0,1122.0,0,False
42,21,0,-20.45456314086914,1187.0,1187.0,0,False
42,22,18,-42.547393798828125,1242.0,1242.0,0,False
42,23,3,-9.336016654968262,1277.0,1277.0,0,False
42,24,12,-15.63741683959961,1343.0,1343.0,0,False
42,25,10,-2.0357326867845327,1397.0,1397.0,0,False
42,26,10,0.48994796541002117,1434.0,1434.0,0,False
42,27,4,-7.069587707519531,1474.0,1474.0,0,False
42,28,5,-14.920287132263184,1507.0,1507.0,0,False
42,29,15,-6.824106216430664,1537.0,1537.0,0,False
42,30,14,-22.671669006347656,1565.0,1565.0,0,False
42,31,11,-26.02801513671875,1607.0,1607.0,0,False
42,32,16,25.194394493103026,1647.0,1647.0,0,False
42,33,18,-29.682802200317383,1697.0,1697.0,0,False
42,34,4,-31.829757436116537,1732.0,1732.0,0,False
42,35,4,-39.04778739929199,1782.0,1782.0,0,False
42,36,10,-41.469370060875306,1824.0,1824.0,0,False
42,37,10,-0.33625407748752423,1873.0,1873.0,0,False
42,38,11,-44.92750549316406,1933.0,1933.0,0,False
42,39,9,-52.27239990234375,1978.0,1978.0,0,False
42,40,11,-55.76958465576172,2024.0,2024.0,0,False
42,41,4,-36.65537507798936,2066.0,2066.0,0,False
42,42,9,-62.69146728515625,2120.0,2120.0,0,False
42,43,17,-16.438690185546875,2182.0,2182.0,0,False
42,44,2,-11.687114715576172,2222.0,2222.0,0,False
42,45,6,-26.36749267578125,2297.0,2297.0,0,False
42,46,9,-22.11383819580078,2339.0,2339.0,0,False
42,47,9,-26.883281707763672,2370.0,2370.0,0,False
42,48,0,-24.84419822692871,2406.0,2406.0,0,False
42,49,2,-20.5233211517334,2479.0,2479.0,0,False
42,50,12,-16.006959915161133,2522.0,2522.0,0,False
42,51,0,-19.508953094482422,2573.0,2573.0,0,False
42,52,12,-30.176607131958008,2641.0,2641.0,0,False
42,53,5,-46.849853515625,2694.0,2694.0,0,False
42,54,2,-41.2995491027832,2744.0,2744.0,0,False
42,55,15,-31.39130401611328,2784.0,2784.0,0,False
42,56,15,-40.5982780456543,2827.0,2827.0,0,False
42,57,13,-18.71500015258789,2885.0,2885.0,0,False
42,58,12,-11.585000991821289,2927.0,2927.0,0,False
42,59,19,-31.8700008392334,2986.0,2986.0,0,False
42,60,11,-24.09000015258789,3034.0,3034.0,0,False
42,61,3,-3.3500003814697266,3084.0,3084.0,0,False
42,62,19,-21.325000762939453,3129.0,3129.0,0,False
42,63,14,-21.200000762939453,3174.0,3174.0,0,False
42,64,6,-25.93166732788086,3217.0,3217.0,0,False
42,65,3,-23.32000160217285,3251.0,3251.0,0,False
42,66,9,-36.7066650390625,3289.0,3289.0,0,False
42,67,12,-1.4463691711425781,3357.0,3357.0,0,False
42,68,11,-36.26499938964844,3405.0,3405.0,0,False
42,69,11,-34.54495620727539,3447.0,3447.0,0,False
42,70,14,-44.834999084472656,3489.0,3489.0,0,False
42,71,0,-40.1150016784668,3527.0,3527.0,0,False
42,72,0,-46.435001373291016,3569.0,3569.0,0,False
42,73,13,-55.80500411987305,3605.0,3605.0,0,False
42,74,13,-51.410003662109375,3642.0,3642.0,0,False
42,75,14,-60.400001525878906,3682.0,3682.0,0,False
42,76,9,-62.14666748046875,3708.0,3708.0,0,False
42,77,13,-65.74000549316406,3746.0,3746.0,0,False
42,78,9,-8.456188201904297,3778.0,3778.0,0,False
42,79,1,-23.880001068115234,3834.0,3834.0,0,False
42,80,14,-25.565000534057617,3877.0,3877.0,0,False
42,81,0,5.687309265136719,3909.0,3909.0,0,False
42,82,13,-32.744998931884766,3958.0,3958.0,0,False
42,83,14,-18.560001373291016,4000.0,4000.0,0,False
42,84,14,43.64075469970703,4056.0,4056.0,0,False
42,85,5,-37.56500244140625,4129.0,4129.0,0,False
42,86,6,-42.41167068481445,4168.0,4168.0,0,False
42,87,5,17.603328704833984,4224.0,4224.0,0,False
42,88,15,-29.020099639892578,4258.0,4258.0,0,False
42,89,17,-39.05000305175781,4298.0,4298.0,0,False
42,90,3,-41.82500076293945,4343.0,4343.0,0,False
42,91,6,-55.93173599243164,4386.0,4386.0,0,False
42,92,15,-28.684417724609375,4436.0,4436.0,0,False
42,93,3,-61.87000274658203,4480.0,4480.0,0,False
42,94,18,-53.76833724975586,4517.0,4517.0,0,False
42,95,13,-56.97503662109375,4567.0,4567.0,0,False
42,96,7,-61.840023040771484,4600.0,4600.0,0,False
42,97,2,-70.24336242675781,4637.0,4637.0,0,False
42,98,19,-68.5200424194336,4676.0,4676.0,0,False
42,99,8,-15.083559036254883,4741.0,4741.0,0,False
42,100,3,19.758100509643555,4782.0,4782.0,0,False
42,101,19,-42.95165252685547,4838.0,4838.0,0,False
42,102,19,-16.030208587646484,4875.0,4875.0,0,False
42,103,13,-17.173870086669922,4919.0,4919.0,0,False
42,104,17,-16.421194076538086,4963.0,4963.0,0,False
42,105,8,-22.604698181152344,4999.0,4999.0,0,False
42,106,7,-26.356386184692383,5068.0,5068.0,0,False
42,107,19,-37.66470718383789,5108.0,5108.0,0,False
42,108,7,-43.47711181640625,5181.0,5181.0,0,False
42,109,1,-30.136083602905273,5206.0,5206.0,0,False
42,110,6,-45.065956115722656,5252.0,5252.0,0,False
42,111,19,-36.56026077270508,5307.0,5307.0,0,False
42,112,13,-35.479454040527344,5348.0,5348.0,0,False
42,113,17,-51.690834045410156,5418.0,5418.0,0,False
42,114,6,-56.83254623413086,5456.0,5456.0,0,False
42,115,1,-55.54008102416992,5499.0,5499.0,0,False
42,116,6,-60.55048751831055,5529.0,5529.0,0,False
42,117,2,-67.04035949707031,5570.0,5570.0,0,False
42,118,6,-10.632255554199219,5615.0,5615.0,0,False
42,119,2,-17.6723575592041,5645.0,5645.0,0,False
42,120,18,-82.37503051757812,5678.0,5678.0,0,False
42,121,7,-74.46272277832031,5742.0,5742.0,0,False
42,122,18,-79.18186950683594,5779.0,5779.0,0,False
42,123,8,-85.9007339477539,5848.0,5848.0,0,False
42,124,17,-62.17705535888672,5881.0,5881.0,0,False
42,125,8,-93.35078430175781,5924.0,5924.0,0,False
42,126,7,-81.5235595703125,5974.0,5974.0,0,False
42,127,18,-106.45331573486328,6015.0,6015.0,0,False
42,128,8,-112.67362213134766,6047.0,6047.0,0,False
42,129,1,-120.36961364746094,6088.0,6088.0,0,False
42,130,8,-119.86454010009766,6154.0,6154.0,0,False
42,131,1,-119.9349594116211,6198.0,6198.0,0,False
42,132,8,-73.18254089355469,6231.0,6231.0,0,False
42,133,1,-141.64869689941406,6262.0,6262.0,0,False
42,134,18,-129.193603515625,6307.0,6307.0,0,False
43,1,3,24.23041956745545,25.0,25.0,0,False
43,2,16,-5.920997958713109,103.0,103.0,0,False
43,3,5,-22.480336401197647,179.0,179.0,0,False
43,4,15,-15.732720717448487,230.0,230.0,0,False
43,5,14,-35.89451435956272,278.0,278.0,0,False
43,6,10,-43.04669448004829,349.0,349.0,0,False
43,7,18,-60.148414611816406,404.0,404.0,0,False
43,8,17,-64.56841797298856,466.0,466.0,0,False
43,9,9,-80.25413513183594,538.0,538.0,0,False
43,10,16,-24.552514934539794,558.0,558.0,0,False
43,11,9,-43.98490867614746,603.0,603.0,0,False
43,12,9,1.4228518380059132,642.0,642.0,0,False
43,13,16,-6.447791678817184,691.0,691.0,0,False
43,14,14,-10.361003875732422,719.0,719.0,0,False
43,15,10,-8.271702766418457,752.0,752.0,0,False
43,16,10,-5.3620989905463325,804.0,804.0,0,False
43,17,10,-14.653641266292997,841.0,841.0,0,False
43,18,16,-19.796710432900323,877.0,877.0,0,False
43,19,16,-34.25755186716715,942.0,942.0,0,False
43,20,10,-33.923841828240285,991.0,991.0,0,False
43,21,12,-24.762428283691406,1072.0,1072.0,0,False
43,22,15,-0.7293825149536133,1107.0,1107.0,0,False
43,23,11,-18.33391761779785,1178.0,1178.0,0,False
43,24,12,-10.560890197753906,1221.0,1221.0,0,False
43,25,18,-25.07411766052246,1266.0,1266.0,0,False
43,26,15,-2.375898630272486,1311.0,1311.0,0,False
43,27,10,-4.7918490268566,1348.0,1348.0,0,False
43,28,10,-6.002173703814311,1385.0,1385.0,0,False
43,29,12,-15.374812392531153,1453.0,1453.0,0,False
43,30,5,-25.852115631103516,1486.0,1486.0,0,False
43,31,0,-11.687294960021973,1566.0,1566.0,0,False
43,32,10,42.098912980821396,1615.0,1615.0,0,False
43,33,16,-8.636254904005263,1689.0,1689.0,0,False
43,34,4,-18.762123107910156,1765.0,1765.0,0,False
43,35,16,38.19592571258545,1800.0,1800.0,0,False
43,36,2,-29.723827362060547,1874.0,1874.0,0,False
43,37,11,-8.841837882995605,1916.0,1916.0,0,False
43,38,7,-19.958847045898438,1975.0,1975.0,0,False
43,39,11,-9.926482200622559,2035.0,2035.0,0,False
43,40,5,-22.639726638793945,2088.0,2088.0,0,False
43,41,18,-28.31793785095215,2125.0,2125.0,0,False
43,42,4,-9.776754379272461,2155.0,2155.0,0,False
43,43,18,-23.677453994750977,2188.0,2188.0,0,False
43,44,4,-19.46254539489746,2228.0,2228.0,0,False
43,45,13,-6.694517135620117,2271.0,2271.0,0,False
43,46,9,-12.41752815246582,2313.0,2313.0,0,False
43,47,15,-6.394697189331055,2351.0,2351.0,0,False
43,48,3,-16.07665252685547,2386.0,2386.0,0,False
43,49,13,-25.684234619140625,2422.0,2422.0,0,False
43,50,3,-14.538734436035156,2477.0,2477.0,0,False
43,51,13,-24.20694351196289,2514.0,2514.0,0,False
43,52,18,-41.1680908203125,2551.0,2551.0,0,False
43,53,3,-25.591480255126953,2585.0,2585.0,0,False
43,54,9,-38.067588806152344,2616.0,2616.0,0,False
43,55,12,-36.99226760864258,2658.0,2658.0,0,False
43,56,7,-46.082969665527344,2691.0,2691.0,0,False
43,57,9,-55.688472747802734,2729.0,2729.0,0,False
43,58,12,7.21275063273876,2797.0,2797.0,0,False
43,59,15,-37.097652435302734,2826.0,2826.0,0,False
43,60,3,-43.500003814697266,2866.0,2866.0,0,False
43,61,4,-56.97500228881836,2901.0,2901.0,0,False
43,62,7,-58.445003509521484,2970.0,2970.0,0,False
43,63,15,-29.569486618041992,3020.0,3020.0,0,False
43,64,8,-18.908334732055664,3085.0,3085.0,0,False
43,65,0,-11.204999923706055,3121.0,3121.0,0,False
43,66,19,-26.470001220703125,3180.0,3180.0,0,False
43,67,17,-22.950000762939453,3220.0,3220.0,0,False
43,68,11,-29.880001068115234,3266.0,3266.0,0,False
43,69,6,-43.491668701171875,3341.0,3341.0,0,False
43,70,4,-36.57500076293945,3391.0,3391.0,0,False
43,71,9,-44.796669006347656,3422.0,3422.0,0,False
43,72,3,-38.77000045776367,3461.0,3461.0,0,False
43,73,9,10.516212463378906,3493.0,3493.0,0,False
43,74,17,-17.469999313354492,3537.0,3537.0,0,False
43,75,5,-33.06500244140625,3610.0,3610.0,0,False
43,76,4,-23.355138778686523,3652.0,3652.0,0,False
43,77,14,-34.32500076293945,3702.0,3702.0,0,False
43,78,11,-34.51499938964844,3750.0,3750.0,0,False
43,79,11,-36.69000244140625,3793.0,3793.0,0,False
43,80,11,-39.583763122558594,3835.0,3835.0,0,False
43,81,3,-10.169689178466797,3876.0,3876.0,0,False
43,82,6,-49.456668853759766,3919.0,3919.0,0,False
43,83,8,-53.98833465576172,3955.0,3955.0,0,False
43,84,17,-54.650001525878906,4025.0,4025.0,0,False
43,85,7,-65.61499786376953,4098.0,4098.0,0,False
43,86,6,-74.961669921875,4137.0,4137.0,0,False
43,87,5,-15.169754028320312,4193.0,4193.0,0,False
43,88,7,-89.17000579833984,4257.0,4257.0,0,False
43,89,6,-77.78166961669922,4300.0,4300.0,0,False
43,90,14,-80.43500518798828,4342.0,4342.0,0,False
43,91,14,-84.5250015258789,4382.0,4382.0,0,False
43,92,14,-88.96500396728516,4420.0,4420.0,0,False
43,93,14,-89.43500518798828,4462.0,4462.0,0,False
43,94,0,-88.62999725341797,4513.0,4513.0,0,False
43,95,2,-95.68333435058594,4553.0,4553.0,0,False
43,96,18,-129.10023498535156,4594.0,4594.0,0,False
43,97,19,-105.7750015258789,4639.0,4639.0,0,False
43,98,2,-108.99834442138672,4712.0,4712.0,0,False
43,99,14,-50.966983795166016,4773.0,4773.0,0,False
43,100,17,-87.93692016601562,4806.0,4806.0,0,False
43,101,19,-112.42109680175781,4845.0,4845.0,0,False
43,102,2,-121.13427734375,4895.0,4895.0,0,False
43,103,7,-107.28561401367188,4945.0,4945.0,0,False
43,104,1,-18.193342208862305,5001.0,5001.0,0,False
43,105,6,-19.4967041015625,5047.0,5047.0,0,False
43,106,8,-12.728333473205566,5116.0,5116.0,0,False
43,107,2,-14.2053804397583,5153.0,5153.0,0,False
43,108,0,-13.06507396697998,5191.0,5191.0,0,False
43,109,0,-19.38616371154785,5233.0,5233.0,0,False
43,110,2,-32.38025665283203,5274.0,5274.0,0,False
43,111,6,-38.881832122802734,5312.0,5312.0,0,False
43,112,18,-13.119236946105957,5357.0,5357.0,0,False
43,113,6,-50.40597152709961,5392.0,5392.0,0,False
43,114,2,6.255094528198242,5422.0,5422.0,0,False
43,115,19,-35.29256057739258,5478.0,5478.0,0,False
43,116,13,-37.92141342163086,5516.0,5516.0,0,False
43,117,6,16.055620193481445,5561.0,5561.0,0,False
43,118,0,-13.680267333984375,5588.0,5588.0,0,False
43,119,1,-51.92597961425781,5618.0,5618.0,0,False
43,120,19,-59.07138442993164,5655.0,5655.0,0,False
43,121,8,-67.83426666259766,5698.0,5698.0,0,False
43,122,13,-71.37611389160156,5747.0,5747.0,0,False
43,123,13,-74.25906372070312,5792.0,5792.0,0,False
43,124,8,-84.30728912353516,5819.0,5819.0,0,False
43,125,13,-84.51724243164062,5858.0,5858.0,0,False
43,126,19,-65.15430450439453,5898.0,5898.0,0,False
43,127,1,-71.08061981201172,5941.0,5941.0,0,False
43,128,1,-72.63212585449219,5982.0,5982.0,0,False
43,129,8,-84.66638946533203,6048.0,6048.0,0,False
43,130,1,-90.05781555175781,6092.0,6092.0,0,False
43,131,8,-31.94913101196289,6125.0,6125.0,0,False
43,132,19,-101.13578796386719,6180.0,6180.0,0,False
43,133,13,-122.36125183105469,6221.0,6221.0,0,False
43,134,1,-172.26449584960938,6257.0,6257.0,0,False
44,1,10,23.176110574934217,31.0,31.0,0,False
44,2,11,-5.726536030291346,102.0,102.0,0,False
44,3,16,-18.65290927886963,180.0,180.0,0,False
44,4,5,-34.99835883246528,256.0,256.0,0,False
44,5,10,4.526820585462783,269.0,269.0,0,False
44,6,16,-8.763467846976386,304.0,304.0,0,False
44,7,16,12.882613104361074,338.0,338.0,0,False
44,8,18,-8.369847297668457,393.0,393.0,0,False
44,9,6,-21.22522735595703,468.0,468.0,0,False
44,10,5,-7.1738437016805,501.0,501.0,0,False
44,11,9,-16.366680145263672,558.0,558.0,0,False
44,12,15,-13.60700511932373,609.0,609.0,0,False
44,13,17,-34.31089782714844,671.0,671.0,0,False
44,14,19,-34.31849670410156,715.0,715.0,0,False
44,15,14,-55.468013763427734,778.0,778.0,0,False
44,16,10,-10.329704567238139,830.0,830.0,0,False
44,17,10,-19.59717086156209,867.0,867.0,0,False
44,18,4,-36.78651428222656,943.0,943.0,0,False
44,19,14,-5.7540740966796875,971.0,971.0,0,False
44,20,5,-4.697688085061532,1024.0,1024.0,0,False
44,21,15,4.593862533569336,1054.0,1054.0,0,False
44,22,16,-5.2533124287923165,1095.0,1095.0,0,False
44,23,17,-10.927918328179253,1135.0,1135.0,0,False
44,24,10,-10.103039082421198,1189.0,1189.0,0,False
44,25,18,-23.25551414489746,1239.0,1239.0,0,False
44,26,14,-27.70354461669922,1289.0,1289.0,0,False
44,27,16,-32.027094451056584,1354.0,1354.0,0,False
44,28,10,-26.21345005388613,1391.0,1391.0,0,False
44,29,15,-30.65575408935547,1436.0,1436.0,0,False
44,30,16,-44.763928448712385,1510.0,1510.0,0,False
44,31,16,-0.9649566014607771,1545.0,1545.0,0,False
44,32,13,-21.060504913330078,1603.0,1603.0,0,False
44,33,10,3.8331118462577702,1640.0,1640.0,0,False
44,34,10,40.65471884409587,1689.0,1689.0,0,False
44,35,14,-11.95079517364502,1731.0,1731.0,0,False
44,36,4,-10.962748527526855,1766.0,1766.0,0,False
44,37,15,-13.49647348908326,1809.0,1809.0,0,False
44,38,4,-16.804811477661133,1849.0,1849.0,0,False
44,39,11,-21.601158142089844,1891.0,1891.0,0,False
44,40,11,-21.57565689086914,1946.0,1946.0,0,False
44,41,0,-14.925836563110352,2026.0,2026.0,0,False
44,42,3,-15.80720043182373,2076.0,2076.0,0,False
44,43,3,-9.054155349731445,2111.0,2111.0,0,False
44,44,0,-9.608600616455078,2142.0,2142.0,0,False
44,45,3,-6.588099956512451,2197.0,2197.0,0,False
44,46,18,-19.089641571044922,2234.0,2234.0,0,False
44,47,3,-11.882635116577148,2268.0,2268.0,0,False
44,48,4,-21.334590911865234,2303.0,2303.0,0,False
44,49,15,-22.550024150374057,2337.0,2337.0,0,False
44,50,0,-21.66790771484375,2388.0,2388.0,0,False
44,51,15,22.214966900252627,2438.0,2438.0,0,False
44,52,5,-41.345062255859375,2511.0,2511.0,0,False
44,53,9,-43.14995193481445,2556.0,2556.0,0,False
44,54,0,-41.362125396728516,2594.0,2594.0,0,False
44,55,3,-48.65034866333008,2639.0,2639.0,0,False
44,56,18,-60.559383392333984,2672.0,2672.0,0,False
44,57,17,-51.303653717041016,2716.0,2716.0,0,False
44,58,9,-63.424190521240234,2770.0,2770.0,0,False
44,59,3,-56.45512390136719,2814.0,2814.0,0,False
44,60,14,-69.07500457763672,2849.0,2849.0,0,False
44,61,1,-26.604999542236328,2905.0,2905.0,0,False
44,62,17,-15.30000114440918,2975.0,2975.0,0,False
44,63,18,-15.318333625793457,3012.0,3012.0,0,False
44,64,19,-19.275001525878906,3057.0,3057.0,0,False
44,65,11,-26.18000030517578,3103.0,3103.0,0,False
44,66,7,-16.170000076293945,3147.0,3147.0,0,False
44,67,9,-24.57666778564453,3189.0,3189.0,0,False
44,68,1,-30.850000381469727,3219.0,3219.0,0,False
44,69,4,-32.95000076293945,3269.0,3269.0,0,False
44,70,6,-43.03166961669922,3312.0,3312.0,0,False
44,71,4,-41.57146072387695,3354.0,3354.0,0,False
44,72,14,-56.1150016784668,3397.0,3397.0,0,False
44,73,3,7.02747917175293,3438.0,3438.0,0,False
44,74,7,-27.44000244140625,3471.0,3471.0,0,False
44,75,6,-33.26166915893555,3510.0,3510.0,0,False
44,76,19,-35.44499969482422,3549.0,3549.0,0,False
44,77,11,-38.090003967285156,3597.0,3597.0,0,False
44,78,14,-44.01000213623047,3639.0,3639.0,0,False
44,79,12,-17.204999923706055,3720.0,3720.0,0,False
44,80,5,50.0965576171875,3771.0,3771.0,0,False
44,81,6,-14.156667709350586,3814.0,3814.0,0,False
44,82,12,-12.940000534057617,3857.0,3857.0,0,False
44,83,19,-17.705001831054688,3913.0,3913.0,0,False
44,84,9,-22.946666717529297,3944.0,3944.0,0,False
44,85,2,-15.553333282470703,4003.0,4003.0,0,False
44,86,14,52.283695220947266,4064.0,4064.0,0,False
44,87,13,-9.655000686645508,4100.0,4100.0,0,False
44,88,9,-19.031665802001953,4138.0,4138.0,0,False
44,89,2,-24.20833396911621,4178.0,4178.0,0,False
44,90,9,-29.64666748046875,4209.0,4209.0,0,False
44,91,9,30.86688804626465,4241.0,4241.0,0,False
44,92,11,-37.56500244140625,4289.0,4289.0,0,False
44,93,12,-25.740028381347656,4357.0,4357.0,0,False
44,94,0,-28.060001373291016,4399.0,4399.0,0,False
44,95,11,-31.23801612854004,4441.0,4441.0,0,False
44,96,2,-42.223670959472656,4509.0,4509.0,0,False
44,97,12,-38.959999084472656,4551.0,4551.0,0,False
44,98,1,-50.51522445678711,4594.0,4594.0,0,False
44,99,0,-16.930166244506836,4626.0,4626.0,0,False
44,100,6,-57.92167282104492,4672.0,4672.0,0,False
44,101,12,-26.604021072387695,4740.0,4740.0,0,False
44,102,19,-58.510009765625,4777.0,4777.0,0,False
44,103,6,-67.88168334960938,4815.0,4815.0,0,False
44,104,7,-67.84502410888672,4884.0,4884.0,0,False
44,105,2,-74.15837860107422,4934.0,4934.0,0,False
44,106,18,-80.26346588134766,4975.0,4975.0,0,False
44,107,6,-86.5670166015625,5010.0,5010.0,0,False
44,108,2,-91.29389953613281,5047.0,5047.0,0,False
44,109,1,-100.13045501708984,5088.0,5088.0,0,False
44,110,7,-89.19005584716797,5161.0,5161.0,0,False
44,111,2,-93.78843688964844,5202.0,5202.0,0,False
44,112,6,-36.947044372558594,5247.0,5247.0,0,False
44,113,18,-46.644351959228516,5292.0,5292.0,0,False
44,114,8,-26.560415267944336,5372.0,5372.0,0,False
44,115,17,4.868154525756836,5405.0,5405.0,0,False
44,116,19,-3.549443244934082,5445.0,5445.0,0,False
44,117,13,-8.966503143310547,5482.0,5482.0,0,False
44,118,2,48.43804168701172,5512.0,5512.0,0,False
44,119,19,-3.3740153312683105,5567.0,5567.0,0,False
44,120,7,-23.2666015625,5631.0,5631.0,0,False
44,121,13,-20.879138946533203,5669.0,5669.0,0,False
44,122,13,-27.827117919921875,5718.0,5718.0,0,False
44,123,13,-30.427480697631836,5763.0,5763.0,0,False
44,124,13,-37.03411865234375,5802.0,5802.0,0,False
44,125,8,-49.35981369018555,5838.0,5838.0,0,False
44,126,13,-43.495059967041016,5879.0,5879.0,0,False
44,127,7,-37.09952163696289,5924.0,5924.0,0,False
44,128,1,-81.87096405029297,5968.0,5968.0,0,False
44,129,1,-44.6900520324707,5999.0,5999.0,0,False
44,130,8,-73.582763671875,6068.0,6068.0,0,False
44,131,8,-71.53512573242188,6111.0,6111.0,0,False
44,132,8,-83.78872680664062,6143.0,6143.0,0,False
44,133,8,-112.38980102539062,6209.0,6209.0,0,False
44,134,8,-91.42243194580078,6242.0,6242.0,0,False
45,1,16,18.026719495985244,38.0,38.0,0,False
45,2,5,-11.913175264994305,114.0,114.0,0,False
45,3,16,11.694557899898953,134.0,134.0,0,False
45,4,14,-9.819933330806538,182.0,182.0,0,False
45,5,14,-8.939122599929288,215.0,215.0,0,False
45,6,4,-20.467535781860352,291.0,291.0,0,False
45,7,0,-29.704114142797327,371.0,371.0,0,False
45,8,10,-41.51725387573242,442.0,442.0,0,False
45,9,10,-22.826841884189182,475.0,475.0,0,False
45,10,14,4.809869239156086,510.0,510.0,0,False
45,11,10,0.14934005737304545,567.0,567.0,0,False
45,12,10,-5.3366460906134705,604.0,604.0,0,False
45,13,7,-5.641468048095703,648.0,648.0,0,False
45,14,5,-2.111749966939291,681.0,681.0,0,False
45,15,4,-3.687455876668295,716.0,716.0,0,False
45,16,16,-1.2290245691935233,765.0,765.0,0,False
45,17,11,-11.384393692016602,836.0,836.0,0,False
45,18,11,1.2773990631103516,873.0,873.0,0,False
45,19,10,3.8285264396667475,927.0,927.0,0,False
45,20,11,-10.696713676079561,987.0,987.0,0,False
45,21,6,-21.817821502685547,1062.0,1062.0,0,False
45,22,14,-16.515043278528193,1104.0,1104.0,0,False
45,23,17,-25.74639129638672,1166.0,1166.0,0,False
45,24,10,1.6176235093010796,1203.0,1203.0,0,False
45,25,16,-0.9039278454250752,1244.0,1244.0,0,False
45,26,14,-9.67607750460069,1284.0,1284.0,0,False
45,27,14,-13.91800790220755,1322.0,1322.0,0,False
45,28,15,-11.890643119812012,1388.0,1388.0,0,False
45,29,13,-24.877025604248047,1446.0,1446.0,0,False
45,30,10,-11.395274779910133,1488.0,1488.0,0,False
45,31,16,-6.733864067925346,1553.0,1553.0,0,False
45,32,10,42.64012279510498,1602.0,1602.0,0,False
45,33,6,-21.463516235351562,1645.0,1645.0,0,False
45,34,16,-15.042446526774654,1714.0,1714.0,0,False
45,35,15,-12.813949584960938,1744.0,1744.0,0,False
45,36,16,27.24326464335124,1779.0,1779.0,0,False
45,37,12,-12.646711349487305,1860.0,1860.0,0,False
45,38,19,-25.718719482421875,1919.0,1919.0,0,False
45,39,9,-40.65555191040039,1991.0,1991.0,0,False
45,40,12,-16.01085662841797,2034.0,2034.0,0,False
45,41,17,-26.220945358276367,2074.0,2074.0,0,False
45,42,11,-33.4098014831543,2120.0,2120.0,0,False
45,43,18,-40.172630310058594,2175.0,2175.0,0,False
45,44,7,-33.2400016784668,2208.0,2208.0,0,False
45,45,8,-53.2001838684082,2288.0,2288.0,0,False
45,46,4,-10.050270080566406,2328.0,2328.0,0,False
45,47,8,-10.329715728759766,2359.0,2359.0,0,False
45,48,18,-17.789413452148438,2409.0,2409.0,0,False
45,49,0,-16.48866081237793,2445.0,2445.0,0,False
45,50,2,-28.25341033935547,2519.0,2519.0,0,False
45,51,1,-34.045204162597656,2575.0,2575.0,0,False
45,52,15,-12.21843147277832,2620.0,2620.0,0,False
45,53,11,-11.828540802001953,2668.0,2668.0,0,False
45,54,14,-17.984886169433594,2710.0,2710.0,0,False
45,55,17,-20.342485427856445,2754.0,2754.0,0,False
45,56,5,-33.1357307434082,2807.0,2807.0,0,False
45,57,15,-22.065000534057617,2850.0,2850.0,0,False
45,58,4,-31.275001525878906,2885.0,2885.0,0,False
45,59,17,-34.849998474121094,2955.0,2955.0,0,False
45,60,0,-38.40500259399414,3006.0,3006.0,0,False
45,61,15,-35.595001220703125,3040.0,3040.0,0,False
45,62,15,-14.880783081054688,3090.0,3090.0,0,False
45,63,11,-53.86500549316406,3138.0,3138.0,0,False
45,64,14,13.747020721435547,3199.0,3199.0,0,False
45,65,11,-46.39007568359375,3241.0,3241.0,0,False
45,66,18,-58.01833724975586,3278.0,3278.0,0,False
45,67,1,-58.125003814697266,3308.0,3308.0,0,False
45,68,17,-38.990177154541016,3341.0,3341.0,0,False
45,69,0,-64.31500244140625,3379.0,3379.0,0,False
45,70,18,-76.0733413696289,3412.0,3412.0,0,False
45,71,18,-81.6433334350586,3449.0,3449.0,0,False
45,72,18,-85.78833770751953,3485.0,3485.0,0,False
45,73,5,-83.06500244140625,3558.0,3558.0,0,False
45,74,12,-84.74000549316406,3626.0,3626.0,0,False
45,75,18,-27.236461639404297,3671.0,3671.0,0,False
45,76,9,-95.9666748046875,3716.0,3716.0,0,False
45,77,7,-94.77000427246094,3785.0,3785.0,0,False
45,78,3,-15.75,3850.0,3850.0,0,False
45,79,2,-13.408332824707031,3890.0,3890.0,0,False
45,80,9,-13.286666870117188,3944.0,3944.0,0,False
45,81,13,-12.130001068115234,3980.0,3980.0,0,False
45,82,19,-18.92500114440918,4025.0,4025.0,0,False
45,83,5,44.90245819091797,4081.0,4081.0,0,False
45,84,19,-25.32000160217285,4120.0,4120.0,0,False
45,85,4,-27.000001907348633,4170.0,4170.0,0,False
45,86,6,-31.461666107177734,4209.0,4209.0,0,False
45,87,4,-29.125106811523438,4251.0,4251.0,0,False
45,88,13,-33.06000518798828,4288.0,4288.0,0,False
45,89,7,-44.190006256103516,4361.0,4361.0,0,False
45,90,2,-57.97333526611328,4434.0,4434.0,0,False
45,91,12,-44.81000518798828,4476.0,4476.0,0,False
45,92,12,-23.707866668701172,4544.0,4544.0,0,False
45,93,0,-52.56000518798828,4586.0,4586.0,0,False
45,94,13,-62.2400016784668,4624.0,4624.0,0,False
45,95,9,-72.2266845703125,4666.0,4666.0,0,False
45,96,7,-67.87006378173828,4730.0,4730.0,0,False
45,97,3,-65.42501068115234,4765.0,4765.0,0,False
45,98,7,-58.60829544067383,4815.0,4815.0,0,False
45,99,9,-84.97168731689453,4846.0,4846.0,0,False
45,100,9,-88.68177032470703,4879.0,4879.0,0,False
45,101,19,-82.35519409179688,4935.0,4935.0,0,False
45,102,3,-86.6001968383789,4990.0,4990.0,0,False
45,103,9,-89.69834899902344,5016.0,5016.0,0,False
45,104,13,-94.74740600585938,5065.0,5065.0,0,False
45,105,6,-104.83172607421875,5108.0,5108.0,0,False
45,106,13,-108.70011901855469,5158.0,5158.0,0,False
45,107,9,-52.595577239990234,5190.0,5190.0,0,False
45,108,0,-82.3603286743164,5217.0,5217.0,0,False
45,109,19,-122.03704071044922,5254.0,5254.0,0,False
45,110,6,-132.66539001464844,5300.0,5300.0,0,False
45,111,8,-119.44515228271484,5369.0,5369.0,0,False
45,112,13,-117.52507781982422,5413.0,5413.0,0,False
45,113,19,-118.97189331054688,5453.0,5453.0,0,False
45,114,19,-112.24064636230469,5503.0,5503.0,0,False
45,115,2,-130.84300231933594,5553.0,5553.0,0,False
45,116,13,-123.97920227050781,5594.0,5594.0,0,False
45,117,1,-131.97108459472656,5637.0,5637.0,0,False
45,118,2,-138.37356567382812,5674.0,5674.0,0,False
45,119,2,-142.51339721679688,5710.0,5710.0,0,False
45,120,3,-142.2148895263672,5744.0,5744.0,0,False
45,121,3,-148.93942260742188,5789.0,5789.0,0,False
45,122,3,-150.4407958984375,5828.0,5828.0,0,False
45,123,6,-166.10122680664062,5861.0,5861.0,0,False
45,124,3,-122.4211654663086,5902.0,5902.0,0,False
45,125,8,-161.01870727539062,5945.0,5945.0,0,False
45,126,6,-165.36813354492188,5980.0,5980.0,0,False
45,127,6,-108.43571472167969,6025.0,6025.0,0,False
45,128,2,-116.87580108642578,6055.0,6055.0,0,False
45,129,8,-190.1277618408203,6087.0,6087.0,0,False
45,130,1,-191.718994140625,6128.0,6128.0,0,False
45,131,1,-201.45004272460938,6172.0,6172.0,0,False
45,132,8,-204.94825744628906,6238.0,6238.0,0,False
45,133,8,-162.89796447753906,6271.0,6271.0,0,False
45,134,1,-265.52935791015625,6302.0,6302.0,0,False
46,1,8,11.852686829037136,40.0,40.0,0,False
46,2,19,-5.212303881742518,99.0,99.0,0,False
46,3,13,-14.967925622728135,157.0,157.0,0,False
46,4,2,-29.913190645741718,231.0,231.0,0,False
46,5,17,-36.44351185692681,293.0,293.0,0,False
46,6,0,-46.157571991541055,373.0,373.0,0,False
46,7,16,-63.07789611816406,451.0,451.0,0,False
46,8,15,-69.28929901123047,517.0,517.0,0,False
46,9,10,-80.36383819580078,588.0,588.0,0,False
46,10,16,-28.826933977339003,608.0,608.0,0,False
46,11,19,-44.331238308731386,653.0,653.0,0,False
46,12,5,-61.60728073120117,729.0,729.0,0,False
46,13,7,-66.20429229736328,788.0,788.0,0,False
46,14,10,-52.08498764038086,821.0,821.0,0,False
46,15,5,-64.68596087561713,854.0,854.0,0,False
46,16,6,-76.81939697265625,929.0,929.0,0,False
46,17,4,-84.98540496826172,1005.0,1005.0,0,False
46,18,6,-76.8009033203125,1043.0,1043.0,0,False
46,19,14,-90.96376037597656,1106.0,1106.0,0,False
46,20,14,-84.17131805419922,1134.0,1134.0,0,False
46,21,16,7.272170218714962,1168.0,1168.0,0,False
46,22,10,0.3747367858886719,1220.0,1220.0,0,False
46,23,15,1.0159196853637695,1250.0,1250.0,0,False
46,24,4,-12.706035614013672,1285.0,1285.0,0,False
46,25,16,-12.214669291178385,1326.0,1326.0,0,False
46,26,6,-22.717884063720703,1365.0,1365.0,0,False
46,27,6,-24.840966934627957,1408.0,1408.0,0,False
46,28,15,-14.748279571533203,1448.0,1448.0,0,False
46,29,15,-18.025056597981894,1486.0,1486.0,0,False
46,30,4,-29.28720474243164,1526.0,1526.0,0,False
46,31,15,-27.421301468617028,1560.0,1560.0,0,False
46,32,4,-37.573404947916664,1595.0,1595.0,0,False
46,33,6,-48.77767767588298,1641.0,1641.0,0,False
46,34,12,-18.870149612426758,1722.0,1722.0,0,False
46,35,14,-14.046512603759766,1772.0,1772.0,0,False
46,36,4,-7.789541994730632,1822.0,1822.0,0,False
46,37,4,10.661891216701932,1864.0,1864.0,0,False
46,38,12,-17.44619369506836,1907.0,1907.0,0,False
46,39,6,-30.60354748478642,1945.0,1945.0,0,False
46,40,16,-23.26913407643636,2010.0,2010.0,0,False
46,41,19,-29.300264358520508,2049.0,2049.0,0,False
46,42,2,-31.813690185546875,2089.0,2089.0,0,False
46,43,15,16.691433423538342,2139.0,2139.0,0,False
46,44,14,-39.55806350708008,2181.0,2181.0,0,False
46,45,16,-46.388418904057254,2255.0,2255.0,0,False
46,46,5,-59.37772750854492,2308.0,2308.0,0,False
46,47,14,-54.112815856933594,2348.0,2348.0,0,False
46,48,0,-51.19540023803711,2384.0,2384.0,0,False
46,49,0,-47.204254150390625,2430.0,2430.0,0,False
46,50,17,-59.449344635009766,2470.0,2470.0,0,False
46,51,16,-16.410546726650665,2510.0,2510.0,0,False
46,52,7,-64.27513122558594,2543.0,2543.0,0,False
46,53,10,-62.32834243774414,2580.0,2580.0,0,False
46,54,17,-73.21094512939453,2624.0,2624.0,0,False
46,55,10,-77.6648178100586,2678.0,2678.0,0,False
46,56,10,-74.46302032470703,2715.0,2715.0,0,False
46,57,5,-90.47881317138672,2788.0,2788.0,0,False
46,58,0,-83.4926528930664,2826.0,2826.0,0,False
46,59,1,-23.529998779296875,2882.0,2882.0,0,False
46,60,6,-17.641666412353516,2917.0,2917.0,0,False
46,61,1,-23.950000762939453,2947.0,2947.0,0,False
46,62,12,-11.665000915527344,3015.0,3015.0,0,False
46,63,10,-13.985001564025879,3057.0,3057.0,0,False
46,64,11,-20.654998779296875,3128.0,3128.0,0,False
46,65,6,45.628990173339844,3173.0,3173.0,0,False
46,66,5,53.892051696777344,3229.0,3229.0,0,False
46,67,0,-10.585000991821289,3271.0,3271.0,0,False
46,68,12,-16.88500213623047,3313.0,3313.0,0,False
46,69,7,-23.81999969482422,3382.0,3382.0,0,False
46,70,10,4.876699447631836,3431.0,3431.0,0,False
46,71,14,-37.56500244140625,3474.0,3474.0,0,False
46,72,19,-33.380001068115234,3530.0,3530.0,0,False
46,73,14,-44.11000061035156,3572.0,3572.0,0,False
46,74,11,-39.810001373291016,3614.0,3614.0,0,False
46,75,18,-19.508333206176758,3669.0,3669.0,0,False
46,76,0,19.448692321777344,3701.0,3701.0,0,False
46,77,18,-22.158334732055664,3751.0,3751.0,0,False
46,78,13,-24.655000686645508,3787.0,3787.0,0,False
46,79,19,-30.21000099182129,3824.0,3824.0,0,False
46,80,13,-15.610000610351562,3861.0,3861.0,0,False
46,81,17,-26.275001525878906,3931.0,3931.0,0,False
46,82,11,-35.22500228881836,3991.0,3991.0,0,False
46,83,12,-14.009361267089844,4059.0,4059.0,0,False
46,84,14,10.784278869628906,4120.0,4120.0,0,False
46,85,1,-65.44000244140625,4163.0,4163.0,0,False
46,86,17,-17.307361602783203,4196.0,4196.0,0,False
46,87,7,-47.590003967285156,4269.0,4269.0,0,False
46,88,9,-23.301677703857422,4341.0,4341.0,0,False
46,89,18,-16.193340301513672,4378.0,4378.0,0,False
46,90,11,-7.90500020980835,4424.0,4424.0,0,False
46,91,13,-13.565009117126465,4462.0,4462.0,0,False
46,92,7,-15.745000839233398,4526.0,4526.0,0,False
46,93,7,-0.7669382095336914,4576.0,4576.0,0,False
46,94,2,-28.023334503173828,4649.0,4649.0,0,False
46,95,8,-29.013378143310547,4685.0,4685.0,0,False
46,96,11,-33.440162658691406,4733.0,4733.0,0,False
46,97,3,-5.80000114440918,4783.0,4783.0,0,False
46,98,13,-15.145106315612793,4832.0,4832.0,0,False
46,99,8,-13.453333854675293,4901.0,4901.0,0,False
46,100,18,-14.298484802246094,4934.0,4934.0,0,False
46,101,3,-12.72552490234375,4969.0,4969.0,0,False
46,102,11,-23.99044418334961,5017.0,5017.0,0,False
46,103,11,-23.68219757080078,5059.0,5059.0,0,False
46,104,2,-40.13966751098633,5109.0,5109.0,0,False
46,105,8,-46.54834747314453,5152.0,5152.0,0,False
46,106,19,-29.62508773803711,5192.0,5192.0,0,False
46,107,18,-36.24885940551758,5229.0,5229.0,0,False
46,108,9,-43.867000579833984,5274.0,5274.0,0,False
46,109,18,-49.16362380981445,5315.0,5315.0,0,False
46,110,13,-53.88260269165039,5365.0,5365.0,0,False
46,111,18,-3.3749215602874756,5410.0,5410.0,0,False
46,112,2,-68.45458221435547,5447.0,5447.0,0,False
46,113,3,-49.5919189453125,5502.0,5502.0,0,False
46,114,2,-57.589630126953125,5538.0,5538.0,0,False
46,115,1,-67.77899169921875,5579.0,5579.0,0,False
46,116,2,-9.42265796661377,5609.0,5609.0,0,False
46,117,8,-73.77252960205078,5641.0,5641.0,0,False
46,118,3,-72.05355072021484,5675.0,5675.0,0,False
46,119,8,-74.73088836669922,5741.0,5741.0,0,False
46,120,19,-70.8024673461914,5796.0,5796.0,0,False
46,121,8,-28.38747215270996,5834.0,5834.0,0,False
46,122,13,-80.69901275634766,5878.0,5878.0,0,False
46,123,1,-92.8819580078125,5917.0,5917.0,0,False
46,124,9,-91.34740447998047,5971.0,5971.0,0,False
46,125,1,-86.36151123046875,6007.0,6007.0,0,False
46,126,13,-83.86479187011719,6048.0,6048.0,0,False
46,127,3,-95.55026245117188,6093.0,6093.0,0,False
46,128,9,-110.8336181640625,6135.0,6135.0,0,False
46,129,9,-118.02384185791016,6166.0,6166.0,0,False
46,130,3,-117.22393798828125,6205.0,6205.0,0,False
46,131,9,-135.02584838867188,6238.0,6238.0,0,False
46,132,9,-146.9019775390625,6264.0,6264.0,0,False
46,133,9,-111.58590698242188,6296.0,6296.0,0,False
46,134,3,-172.14395141601562,6337.0,6337.0,0,False
47,1,5,10.967418432235718,36.0,36.0,0,False
47,2,17,-4.742028448316788,98.0,98.0,0,False
47,3,16,-17.991511387295194,176.0,176.0,0,False
47,4,10,-16.713305865393746,232.0,232.0,0,False
47,5,13,-27.81805345747206,275.0,275.0,0,False
47,6,15,-40.76544803712915,341.0,341.0,0,False
47,7,10,-2.7987188975016295,354.0,354.0,0,False
47,8,15,-16.02403383806165,389.0,389.0,0,False
47,9,9,-32.68642807006836,446.0,446.0,0,False
47,10,14,-41.19486999511719,494.0,494.0,0,False
47,11,18,-51.872703552246094,549.0,549.0,0,False
47,12,15,7.219397228528237,579.0,579.0,0,False
47,13,3,-16.198959350585938,644.0,644.0,0,False
47,14,18,-5.913527689931337,694.0,694.0,0,False
47,15,6,-14.334624290466309,754.0,754.0,0,False
47,16,1,-23.113086700439453,810.0,810.0,0,False
47,17,19,-32.56009292602539,869.0,869.0,0,False
47,18,1,-18.454745705922445,899.0,899.0,0,False
47,19,18,-1.0272679365504427,936.0,936.0,0,False
47,20,18,-3.904413575711457,969.0,969.0,0,False
47,21,16,-8.852910041809082,1009.0,1009.0,0,False
47,22,11,-5.398037910461426,1065.0,1065.0,0,False
47,23,18,-9.699309628576879,1102.0,1102.0,0,False
47,24,9,-19.321138381958008,1147.0,1147.0,0,False
47,25,11,-22.425819396972656,1189.0,1189.0,0,False
47,26,18,-29.732057706779226,1230.0,1230.0,0,False
47,27,8,-36.905052185058594,1310.0,1310.0,0,False
47,28,13,-28.45429801940918,1346.0,1346.0,0,False
47,29,13,-1.967505931854248,1383.0,1383.0,0,False
47,30,5,-10.058206558227539,1416.0,1416.0,0,False
47,31,5,-14.081914283611155,1469.0,1469.0,0,False
47,32,11,-19.554088592529297,1529.0,1529.0,0,False
47,33,13,-18.132923126220703,1567.0,1567.0,0,False
47,34,10,-18.998676300048828,1624.0,1624.0,0,False
47,35,1,-24.817514419555664,1662.0,1662.0,0,False
47,36,4,-20.6851863861084,1738.0,1738.0,0,False
47,37,17,-8.90527629852295,1778.0,1778.0,0,False
47,38,11,-16.09412956237793,1824.0,1824.0,0,False
47,39,14,-25.66482925415039,1857.0,1857.0,0,False
47,40,5,-20.701313760545517,1930.0,1930.0,0,False
47,41,6,-20.7811222076416,1968.0,1968.0,0,False
47,42,6,-24.005584716796875,2007.0,2007.0,0,False
47,43,12,-15.229727745056152,2088.0,2088.0,0,False
47,44,17,-13.567327499389648,2132.0,2132.0,0,False
47,45,10,-15.290536880493164,2169.0,2169.0,0,False
47,46,19,-12.50876235961914,2214.0,2214.0,0,False
47,47,11,-19.993873596191406,2262.0,2262.0,0,False
47,48,16,-19.399608612060547,2311.0,2311.0,0,False
47,49,12,-19.636581420898438,2354.0,2354.0,0,False
47,50,19,-25.211044311523438,2393.0,2393.0,0,False
47,51,12,-31.938697814941406,2461.0,2461.0,0,False
47,52,4,-34.44565200805664,2496.0,2496.0,0,False
47,53,16,-36.98136901855469,2537.0,2537.0,0,False
47,54,12,-37.697715759277344,2579.0,2579.0,0,False
47,55,7,-19.13972282409668,2638.0,2638.0,0,False
47,56,11,-17.129831314086914,2686.0,2686.0,0,False
47,57,10,-9.138704299926758,2740.0,2740.0,0,False
47,58,16,-18.25634002685547,2800.0,2800.0,0,False
47,59,17,-33.29999923706055,2870.0,2870.0,0,False
47,60,6,-30.731666564941406,2913.0,2913.0,0,False
47,61,4,-28.575002670288086,2953.0,2953.0,0,False
47,62,14,-40.625,3003.0,3003.0,0,False
47,63,5,21.28961944580078,3059.0,3059.0,0,False
47,64,15,-31.715002059936523,3097.0,3097.0,0,False
47,65,13,-47.369998931884766,3146.0,3146.0,0,False
47,66,12,-17.69649887084961,3214.0,3214.0,0,False
47,67,14,-60.060001373291016,3256.0,3256.0,0,False
47,68,18,3.5765037536621094,3301.0,3301.0,0,False
47,69,10,-56.58500289916992,3338.0,3338.0,0,False
47,70,4,-65.82500457763672,3373.0,3373.0,0,False
47,71,6,-76.44667053222656,3419.0,3419.0,0,False
47,72,4,-80.30000305175781,3469.0,3469.0,0,False
47,73,10,-82.56000518798828,3511.0,3511.0,0,False
47,74,11,-84.96251678466797,3553.0,3553.0,0,False
47,75,4,-89.75132751464844,3590.0,3590.0,0,False
47,76,10,-72.953857421875,3639.0,3639.0,0,False
47,77,6,-113.60667419433594,3677.0,3677.0,0,False
47,78,1,-116.1050033569336,3718.0,3718.0,0,False
47,79,0,-48.05000305175781,3798.0,3798.0,0,False
47,80,15,-41.91999816894531,3832.0,3832.0,0,False
47,81,7,-50.8650016784668,3865.0,3865.0,0,False
47,82,3,-60.625,3900.0,3900.0,0,False
47,83,16,-17.869998931884766,3974.0,3974.0,0,False
47,84,16,4.844964027404785,4009.0,4009.0,0,False
47,85,1,-22.145000457763672,4053.0,4053.0,0,False
47,86,1,-6.475139617919922,4084.0,4084.0,0,False
47,87,2,-20.628334045410156,4158.0,4158.0,0,False
47,88,7,-16.31999969482422,4227.0,4227.0,0,False
47,89,15,19.329814910888672,4277.0,4277.0,0,False
47,90,6,-20.26666831970215,4312.0,4312.0,0,False
47,91,14,-25.100000381469727,4347.0,4347.0,0,False
47,92,0,-23.255002975463867,4383.0,4383.0,0,False
47,93,19,-22.805002212524414,4439.0,4439.0,0,False
47,94,0,-26.43000602722168,4490.0,4490.0,0,False
47,95,14,-34.56501388549805,4533.0,4533.0,0,False
47,96,17,-11.928552627563477,4566.0,4566.0,0,False
47,97,8,-42.71334457397461,4602.0,4602.0,0,False
47,98,0,-41.590152740478516,4640.0,4640.0,0,False
47,99,14,-43.91008758544922,4682.0,4682.0,0,False
47,100,9,-51.237117767333984,4736.0,4736.0,0,False
47,101,13,-49.10068130493164,4786.0,4786.0,0,False
47,102,6,5.314015865325928,4831.0,4831.0,0,False
47,103,8,-60.259498596191406,4900.0,4900.0,0,False
47,104,14,-2.4168190956115723,4961.0,4961.0,0,False
47,105,0,-59.73503494262695,5003.0,5003.0,0,False
47,106,9,-73.70171356201172,5045.0,5045.0,0,False
47,107,3,-75.31476593017578,5100.0,5100.0,0,False
47,108,8,-77.1485824584961,5143.0,5143.0,0,False
47,109,0,-48.70719528198242,5175.0,5175.0,0,False
47,110,19,-84.40339660644531,5212.0,5212.0,0,False
47,111,19,-80.7500228881836,5252.0,5252.0,0,False
47,112,8,-86.63616943359375,5284.0,5284.0,0,False
47,113,13,-85.47417449951172,5323.0,5323.0,0,False
47,114,19,-76.27111053466797,5373.0,5373.0,0,False
47,115,13,-83.55902099609375,5414.0,5414.0,0,False
47,116,9,-101.69921875,5445.0,5445.0,0,False
47,117,8,-104.09595489501953,5511.0,5511.0,0,False
47,118,7,-112.34387969970703,5584.0,5584.0,0,False
47,119,8,-60.49370574951172,5622.0,5622.0,0,False
47,120,7,-122.65365600585938,5681.0,5681.0,0,False
47,121,7,-99.76766204833984,5731.0,5731.0,0,False
47,122,9,-126.05732727050781,5769.0,5769.0,0,False
47,123,2,-131.4695281982422,5809.0,5809.0,0,False
47,124,9,-137.51712036132812,5840.0,5840.0,0,False
47,125,9,-78.19483947753906,5872.0,5872.0,0,False
47,126,3,-148.03659057617188,5906.0,5906.0,0,False
47,127,3,-193.4779815673828,5951.0,5951.0,0,False
47,128,3,-166.56129455566406,5990.0,5990.0,0,False
47,129,2,-150.61463928222656,6063.0,6063.0,0,False
47,130,2,-158.3461456298828,6113.0,6113.0,0,False
47,131,2,-168.64129638671875,6150.0,6150.0,0,False
47,132,2,-189.0635223388672,6186.0,6186.0,0,False
47,133,2,-146.59097290039062,6216.0,6216.0,0,False
47,134,3,-218.66143798828125,6257.0,6257.0,0,False
48,1,15,24.105126968323663,26.0,26.0,0,False
48,2,11,-4.899500021433191,97.0,97.0,0,False
48,3,10,-12.867047182718913,168.0,168.0,0,False
48,4,13,-17.146799257066515,211.0,211.0,0,False
48,5,1,-23.273073768615724,252.0,252.0,0,False
48,6,3,-45.878287323324585,317.0,317.0,0,False
48,7,12,-49.62495160644137,398.0,398.0,0,False
48,8,15,-7.484964464591805,413.0,413.0,0,False
48,9,14,-40.1685791015625,476.0,476.0,0,False
48,10,11,-30.907930087343697,518.0,518.0,0,False
48,11,14,-41.07751841903617,551.0,551.0,0,False
48,12,18,-48.34345626831055,606.0,606.0,0,False
48,13,6,-60.94883346557617,681.0,681.0,0,False
48,14,15,8.35672101523538,711.0,711.0,0,False
48,15,17,-18.209877014160156,773.0,773.0,0,False
48,16,15,3.3782658815801447,816.0,816.0,0,False
48,17,9,-19.69867706298828,888.0,888.0,0,False
48,18,13,-11.304594039916992,924.0,924.0,0,False
48,19,19,-22.901601791381836,983.0,983.0,0,False
48,20,8,-38.29011535644531,1063.0,1063.0,0,False
48,21,13,-8.099990844726562,1100.0,1100.0,0,False
48,22,16,-15.009510040283203,1163.0,1163.0,0,False
48,23,5,-38.152183532714844,1239.0,1239.0,0,False
48,24,4,-45.479854583740234,1315.0,1315.0,0,False
48,25,14,-35.25621795654297,1365.0,1365.0,0,False
48,26,11,-40.14385223388672,1425.0,1425.0,0,False
48,27,9,-14.163745880126953,1470.0,1470.0,0,False
48,28,7,-13.1240873336792,1529.0,1529.0,0,False
48,29,3,-11.472904205322266,1559.0,1559.0,0,False
48,30,8,-16.688819885253906,1595.0,1595.0,0,False
48,31,8,-13.592101097106934,1664.0,1664.0,0,False
48,32,10,-2.7363319396972656,1692.0,1692.0,0,False
48,33,1,-10.61201286315918,1717.0,1717.0,0,False
48,34,10,-9.614631652832031,1769.0,1769.0,0,False
48,35,15,-15.447270935980535,1803.0,1803.0,0,False
48,36,6,-30.819597244262695,1846.0,1846.0,0,False
48,37,18,-37.80262756347656,1896.0,1896.0,0,False
48,38,9,-36.53483200073242,1950.0,1950.0,0,False
48,39,15,15.868369615224111,2000.0,2000.0,0,False
48,40,12,-39.98650360107422,2043.0,2043.0,0,False
48,41,2,-24.691251754760742,2117.0,2117.0,0,False
48,42,6,-10.590911865234375,2151.0,2151.0,0,False
48,43,16,-7.5793352127075195,2191.0,2191.0,0,False
48,44,18,-11.905878067016602,2228.0,2228.0,0,False
48,45,5,-17.163244247436523,2261.0,2261.0,0,False
48,46,13,-18.602081298828125,2299.0,2299.0,0,False
48,47,9,-28.825092315673828,2341.0,2341.0,0,False
48,48,18,-33.08245849609375,2374.0,2374.0,0,False
48,49,16,-25.754863739013672,2423.0,2423.0,0,False
48,50,19,-30.313087463378906,2468.0,2468.0,0,False
48,51,11,-37.47694396972656,2514.0,2514.0,0,False
48,52,12,-36.09459686279297,2582.0,2582.0,0,False
48,53,2,-45.163021087646484,2622.0,2622.0,0,False
48,54,9,-51.02579879760742,2653.0,2653.0,0,False
48,55,4,-52.826087951660156,2688.0,2688.0,0,False
48,56,18,-61.42762756347656,2725.0,2725.0,0,False
48,57,11,-66.1194076538086,2773.0,2773.0,0,False
48,58,0,-30.225000381469727,2853.0,2853.0,0,False
48,59,6,-33.15666961669922,2896.0,2896.0,0,False
48,60,1,-11.140000343322754,2939.0,2939.0,0,False
48,61,3,-23.950000762939453,2994.0,2994.0,0,False
48,62,7,-18.190000534057617,3027.0,3027.0,0,False
48,63,1,-24.380001068115234,3068.0,3068.0,0,False
48,64,1,-30.9950008392334,3112.0,3112.0,0,False
48,65,18,-39.96333694458008,3153.0,3153.0,0,False
48,66,1,-17.098230361938477,3189.0,3189.0,0,False
48,67,14,-39.65999984741211,3231.0,3231.0,0,False
48,68,4,-41.150001525878906,3271.0,3271.0,0,False
48,69,2,-55.09833526611328,3344.0,3344.0,0,False
48,70,0,-40.40500259399414,3380.0,3380.0,0,False
48,71,9,-53.78166961669922,3418.0,3418.0,0,False
48,72,13,-57.52000045776367,3467.0,3467.0,0,False
48,73,5,-59.5150032043457,3520.0,3520.0,0,False
48,74,18,-0.08963394165039062,3565.0,3565.0,0,False
48,75,9,-66.99667358398438,3596.0,3596.0,0,False
48,76,6,-71.94667053222656,3637.0,3637.0,0,False
48,77,11,-76.76499938964844,3685.0,3685.0,0,False
48,78,3,-86.29499816894531,3719.0,3719.0,0,False
48,79,11,-80.41914367675781,3761.0,3761.0,0,False
48,80,19,-74.14500427246094,3800.0,3800.0,0,False
48,81,12,-74.78500366210938,3842.0,3842.0,0,False
48,82,16,-80.5300064086914,3883.0,3883.0,0,False
48,83,5,-96.13999938964844,3956.0,3956.0,0,False
48,84,5,-34.93763732910156,4012.0,4012.0,0,False
48,85,17,-93.875,4052.0,4052.0,0,False
48,86,6,-103.23167419433594,4090.0,4090.0,0,False
48,87,6,-106.4416732788086,4120.0,4120.0,0,False
48,88,4,-109.30001831054688,4155.0,4155.0,0,False
48,89,17,-103.97001647949219,4199.0,4199.0,0,False
48,90,9,-44.99941635131836,4231.0,4231.0,0,False
48,91,3,-119.47501373291016,4276.0,4276.0,0,False
48,92,3,-121.10750579833984,4315.0,4315.0,0,False
48,93,12,-88.01729583740234,4383.0,4383.0,0,False
48,94,6,-59.98542404174805,4428.0,4428.0,0,False
48,95,16,-126.20003509521484,4493.0,4493.0,0,False
48,96,2,-132.8333282470703,4543.0,4543.0,0,False
48,97,10,-126.48500061035156,4580.0,4580.0,0,False
48,98,3,-114.34525299072266,4621.0,4621.0,0,False
48,99,19,-144.6300048828125,4677.0,4677.0,0,False
48,100,16,-155.82000732421875,4751.0,4751.0,0,False
48,101,16,-133.77952575683594,4786.0,4786.0,0,False
48,102,7,-170.89501953125,4855.0,4855.0,0,False
48,103,17,-181.4000244140625,4925.0,4925.0,0,False
48,104,17,-136.06883239746094,4958.0,4958.0,0,False
48,105,10,-158.7450408935547,5012.0,5012.0,0,False
48,106,8,-169.17344665527344,5055.0,5055.0,0,False
48,107,14,-176.8336639404297,5095.0,5095.0,0,False
48,108,0,-168.55545043945312,5146.0,5146.0,0,False
48,109,14,-178.86541748046875,5184.0,5184.0,0,False
48,110,14,-182.34710693359375,5226.0,5226.0,0,False
48,111,14,-121.21627807617188,5282.0,5282.0,0,False
48,112,4,-187.19265747070312,5332.0,5332.0,0,False
48,113,8,-194.74473571777344,5364.0,5364.0,0,False
48,114,10,-188.4369354248047,5396.0,5396.0,0,False
48,115,8,-199.9452362060547,5462.0,5462.0,0,False
48,116,19,-198.76255798339844,5499.0,5499.0,0,False
48,117,10,-200.99070739746094,5541.0,5541.0,0,False
48,118,4,-209.1424560546875,5583.0,5583.0,0,False
48,119,19,-206.47402954101562,5623.0,5623.0,0,False
48,120,2,-213.76657104492188,5660.0,5660.0,0,False
48,121,10,-188.064453125,5709.0,5709.0,0,False
48,122,13,-224.71395874023438,5759.0,5759.0,0,False
48,123,0,-226.39878845214844,5797.0,5797.0,0,False
48,124,0,-233.35226440429688,5839.0,5839.0,0,False
48,125,2,-246.05001831054688,5880.0,5880.0,0,False
48,126,19,-217.0015411376953,5930.0,5930.0,0,False
48,127,2,-174.47259521484375,5960.0,5960.0,0,False
48,128,13,-238.66148376464844,6004.0,6004.0,0,False
48,129,13,-238.445068359375,6045.0,6045.0,0,False
48,130,7,-255.0408172607422,6118.0,6118.0,0,False
48,131,0,-227.81419372558594,6150.0,6150.0,0,False
48,132,8,-212.3726806640625,6188.0,6188.0,0,False
48,133,7,-302.5286865234375,6247.0,6247.0,0,False
48,134,7,-347.041259765625,6297.0,6297.0,0,False
49,1,18,16.103805252963014,15.0,15.0,0,False
49,2,11,-3.0800208019452455,86.0,86.0,0,False
49,3,15,-9.763103205518838,152.0,152.0,0,False
49,4,0,-13.71278559366862,217.0,217.0,0,False
49,5,2,-39.83782873613529,291.0,291.0,0,False
49,6,1,-45.67433001200358,347.0,347.0,0,False
49,7,5,-62.147833824157715,423.0,423.0,0,False
49,8,11,-15.0651730500107,445.0,445.0,0,False
49,9,1,-27.577119032541912,475.0,475.0,0,False
49,10,4,-42.75562286376953,551.0,551.0,0,False
49,11,19,-42.9432258605957,595.0,595.0,0,False
49,12,16,-62.00215148925781,673.0,673.0,0,False
49,13,14,-76.2316665649414,736.0,736.0,0,False
49,14,15,-47.454252566055324,771.0,771.0,0,False
49,15,7,-68.39063262939453,830.0,830.0,0,False
49,16,4,-59.396750132242836,865.0,865.0,0,False
49,17,7,-69.3198088681154,898.0,898.0,0,False
49,18,6,-80.36700439453125,973.0,973.0,0,False
49,19,15,10.27034653498287,1003.0,1003.0,0,False
49,20,15,4.000632462777105,1046.0,1046.0,0,False
49,21,1,-3.0430900096893314,1089.0,1089.0,0,False
49,22,17,-11.311981201171875,1151.0,1151.0,0,False
49,23,16,-4.552071571350098,1191.0,1191.0,0,False
49,24,18,-15.21677017211914,1241.0,1241.0,0,False
49,25,8,-26.06694984436035,1321.0,1321.0,0,False
49,26,9,-38.31544494628906,1393.0,1393.0,0,False
49,27,15,-17.74926656252031,1427.0,1427.0,0,False
49,28,10,-33.03464126586914,1498.0,1498.0,0,False
49,29,11,-9.142278671264648,1558.0,1558.0,0,False
49,30,15,45.948470081589896,1608.0,1608.0,0,False
49,31,16,-10.419376373291016,1657.0,1657.0,0,False
49,32,16,-16.760093688964844,1698.0,1698.0,0,False
49,33,1,-17.263730494181317,1739.0,1739.0,0,False
49,34,1,-23.475080343882244,1783.0,1783.0,0,False
49,35,11,-31.67226791381836,1829.0,1829.0,0,False
49,36,11,-39.07376981795854,1877.0,1877.0,0,False
49,37,6,-49.73601531982422,1920.0,1920.0,0,False
49,38,1,0.04640153249104628,1956.0,1956.0,0,False
49,39,18,-41.833473205566406,1993.0,1993.0,0,False
49,40,16,-49.25591278076172,2058.0,2058.0,0,False
49,41,7,-64.51419067382812,2127.0,2127.0,0,False
49,42,13,-18.65116310119629,2170.0,2170.0,0,False
49,43,18,-9.570196151733398,2203.0,2203.0,0,False
49,44,11,-13.951083585899248,2251.0,2251.0,0,False
49,45,6,-13.423101425170898,2290.0,2290.0,0,False
49,46,17,-14.31152629852295,2330.0,2330.0,0,False
49,47,10,-15.412225723266602,2363.0,2363.0,0,False
49,48,14,-29.04792594909668,2396.0,2396.0,0,False
49,49,17,-22.250524520874023,2440.0,2440.0,0,False
49,50,13,-25.763107299804688,2476.0,2476.0,0,False
49,51,10,-26.788860321044922,2533.0,2533.0,0,False
49,52,11,-5.322830290466264,2575.0,2575.0,0,False
49,53,3,-14.580977439880371,2640.0,2640.0,0,False
49,54,3,-10.002931594848633,2675.0,2675.0,0,False
49,55,13,-2.8180036544799805,2707.0,2707.0,0,False
49,56,13,-11.861839294433594,2745.0,2745.0,0,False
49,57,10,-9.51504898071289,2782.0,2782.0,0,False
49,58,5,-21.60574722290039,2815.0,2815.0,0,False
49,59,17,-24.225000381469727,2885.0,2885.0,0,False
49,60,8,-28.288333892822266,2921.0,2921.0,0,False
49,61,14,-33.57500076293945,2971.0,2971.0,0,False
49,62,8,-42.353336334228516,3040.0,3040.0,0,False
49,63,12,-23.979999542236328,3121.0,3121.0,0,False
49,64,13,-15.170000076293945,3170.0,3170.0,0,False
49,65,10,-8.295000076293945,3224.0,3224.0,0,False
49,66,4,-18.22500228881836,3264.0,3264.0,0,False
49,67,17,6.798020362854004,3297.0,3297.0,0,False
49,68,13,-24.42500114440918,3347.0,3347.0,0,False
49,69,14,-27.709999084472656,3389.0,3389.0,0,False
49,70,3,-27.525001525878906,3444.0,3444.0,0,False
49,71,13,-27.020000457763672,3483.0,3483.0,0,False
49,72,13,-25.489028930664062,3524.0,3524.0,0,False
49,73,5,-40.16500473022461,3572.0,3572.0,0,False
49,74,18,-42.893333435058594,3609.0,3609.0,0,False
49,75,9,-50.516666412353516,3654.0,3654.0,0,False
49,76,3,-47.89500427246094,3688.0,3688.0,0,False
49,77,7,-109.5296630859375,3761.0,3761.0,0,False
49,78,6,-56.80666732788086,3799.0,3799.0,0,False
49,79,2,-63.233333587646484,3839.0,3839.0,0,False
49,80,8,-69.69833374023438,3882.0,3882.0,0,False
49,81,14,-77.5999984741211,3922.0,3922.0,0,False
49,82,18,-82.08833312988281,3963.0,3963.0,0,False
49,83,14,-90.21499633789062,4006.0,4006.0,0,False
49,84,16,-77.34500885009766,4080.0,4080.0,0,False
49,85,16,-54.72205352783203,4115.0,4115.0,0,False
49,86,12,-77.46499633789062,4158.0,4158.0,0,False
49,87,18,-29.897388458251953,4203.0,4203.0,0,False
49,88,0,-89.08000183105469,4239.0,4239.0,0,False
49,89,12,-88.88999938964844,4307.0,4307.0,0,False
49,90,10,-90.43499755859375,4344.0,4344.0,0,False
49,91,0,-94.1300048828125,4395.0,4395.0,0,False
49,92,19,-102.2750015258789,4440.0,4440.0,0,False
49,93,12,-104.56000518798828,4482.0,4482.0,0,False
49,94,14,-111.58500671386719,4524.0,4524.0,0,False
49,95,5,-122.69003295898438,4597.0,4597.0,0,False
49,96,10,-112.9601821899414,4639.0,4639.0,0,False
49,97,6,-127.54666900634766,4685.0,4685.0,0,False
49,98,9,-127.8367691040039,4739.0,4739.0,0,False
49,99,19,-129.94500732421875,4778.0,4778.0,0,False
49,100,12,-109.521728515625,4846.0,4846.0,0,False
49,101,7,-155.45211791992188,4910.0,4910.0,0,False
49,102,9,-143.60208129882812,4952.0,4952.0,0,False
49,103,8,-147.52505493164062,4984.0,4984.0,0,False
49,104,14,-83.13459014892578,5045.0,5045.0,0,False
49,105,5,-88.9536361694336,5096.0,5096.0,0,False
49,106,6,-155.93182373046875,5134.0,5134.0,0,False
49,107,4,-157.50204467773438,5169.0,5169.0,0,False
49,108,6,-166.41722106933594,5204.0,5204.0,0,False
49,109,8,-166.288818359375,5270.0,5270.0,0,False
49,110,3,-157.37754821777344,5310.0,5310.0,0,False
49,111,7,-159.52684020996094,5360.0,5360.0,0,False
49,112,3,-175.24948120117188,5404.0,5404.0,0,False
49,113,10,-156.36090087890625,5453.0,5453.0,0,False
49,114,9,-194.34938049316406,5484.0,5484.0,0,False
49,115,2,-187.4048614501953,5557.0,5557.0,0,False
49,116,4,-187.72216796875,5607.0,5607.0,0,False
49,117,4,-191.87176513671875,5649.0,5649.0,0,False
49,118,3,-161.63291931152344,5690.0,5690.0,0,False
49,119,8,-139.4794921875,5728.0,5728.0,0,False
49,120,9,-201.0245361328125,5766.0,5766.0,0,False
49,121,9,-203.56163024902344,5792.0,5792.0,0,False
49,122,9,-145.6442108154297,5824.0,5824.0,0,False
49,123,19,-205.54446411132812,5880.0,5880.0,0,False
49,124,19,-208.23020935058594,5917.0,5917.0,0,False
49,125,2,-218.95309448242188,5967.0,5967.0,0,False
49,126,6,-162.6067352294922,6012.0,6012.0,0,False
49,127,2,-230.41893005371094,6049.0,6049.0,0,False
49,128,19,-221.32481384277344,6089.0,6089.0,0,False
49,129,2,-229.4593963623047,6125.0,6125.0,0,False
49,130,19,-222.24110412597656,6175.0,6175.0,0,False
49,131,0,-242.61334228515625,6213.0,6213.0,0,False
49,132,0,-263.1120300292969,6255.0,6255.0,0,False
49,133,2,-236.11203002929688,6285.0,6285.0,0,False
49,134,0,-317.9586181640625,6317.0,6317.0,0,False
50,1,11,19.217376058433924,31.0,31.0,0,False
50,2,13,-3.6297160678439653,89.0,89.0,0,False
50,3,16,-7.198122798071967,152.0,152.0,0,False
50,4,5,-30.446350415547688,228.0,228.0,0,False
50,5,1,-35.344811312357585,284.0,284.0,0,False
50,6,7,-35.865851395722316,328.0,328.0,0,False
50,7,16,-6.599955145517985,348.0,348.0,0,False
50,8,18,-31.976123809814453,403.0,403.0,0,False
50,9,15,-35.66174370052518,469.0,469.0,0,False
50,10,16,5.944393186216001,503.0,503.0,0,False
50,11,16,-6.91345452202691,544.0,544.0,0,False
50,12,16,-17.26117109934489,609.0,609.0,0,False
50,13,19,-24.729013442993164,668.0,668.0,0,False
50,14,17,-25.233495712280273,715.0,715.0,0,False
50,15,0,-40.84867858886719,795.0,795.0,0,False
50,16,11,-12.42002010345459,837.0,837.0,0,False
50,17,9,-23.132442474365234,894.0,894.0,0,False
50,18,11,-3.8034353232908362,954.0,954.0,0,False
50,19,11,-2.7022523891663504,1000.0,1000.0,0,False
50,20,0,-14.309846878051758,1036.0,1036.0,0,False
50,21,1,-14.448663711547852,1066.0,1066.0,0,False
50,22,11,-20.187746908845412,1114.0,1114.0,0,False
50,23,17,-28.443862915039062,1154.0,1154.0,0,False
50,24,14,-22.20397186279297,1202.0,1202.0,0,False
50,25,17,2.9988794415085405,1241.0,1241.0,0,False
50,26,7,-2.209134578704834,1274.0,1274.0,0,False
50,27,17,-7.896376450856527,1344.0,1344.0,0,False
50,28,15,-6.834997177124023,1379.0,1379.0,0,False
50,29,17,30.57819076114231,1412.0,1412.0,0,False
50,30,11,-21.385594070297778,1460.0,1460.0,0,False
50,31,7,-24.14908790588379,1529.0,1529.0,0,False
50,32,13,-25.66166877746582,1565.0,1565.0,0,False
50,33,10,-10.411203384399414,1636.0,1636.0,0,False
50,34,13,-0.6712760925292969,1668.0,1668.0,0,False
50,35,2,-23.33102798461914,1742.0,1742.0,0,False
50,36,3,-26.568466186523438,1807.0,1807.0,0,False
50,37,6,-39.797767639160156,1867.0,1867.0,0,False
50,38,14,-21.731801986694336,1900.0,1900.0,0,False
50,39,14,-10.948164939880371,1950.0,1950.0,0,False
50,40,10,-4.998865127563477,1983.0,1983.0,0,False
50,41,1,-12.015837669372559,2026.0,2026.0,0,False
50,42,15,-15.02906608581543,2071.0,2071.0,0,False
50,43,18,-24.318761825561523,2121.0,2121.0,0,False
50,44,15,-24.14240264892578,2164.0,2164.0,0,False
50,45,15,-29.084140654127985,2198.0,2198.0,0,False
50,46,15,12.100346275636902,2248.0,2248.0,0,False
50,47,19,-47.72831726074219,2293.0,2293.0,0,False
50,48,6,-58.32695770263672,2336.0,2336.0,0,False
50,49,3,-51.01411056518555,2366.0,2366.0,0,False
50,50,0,-46.377960205078125,2412.0,2412.0,0,False
50,51,11,-18.37287970951625,2454.0,2454.0,0,False
50,52,7,-54.060096740722656,2527.0,2527.0,0,False
50,53,18,-62.47163772583008,2564.0,2564.0,0,False
50,54,13,-58.55714416503906,2602.0,2602.0,0,False
50,55,10,-59.42289733886719,2659.0,2659.0,0,False
50,56,3,-67.97239685058594,2714.0,2714.0,0,False
50,57,16,-83.58381652832031,2788.0,2788.0,0,False
50,58,1,-72.04640197753906,2824.0,2824.0,0,False
50,59,13,-83.82000732421875,2873.0,2873.0,0,False
50,60,6,-85.66166687011719,2912.0,2912.0,0,False
50,61,16,-63.562503814697266,2952.0,2952.0,0,False
50,62,14,-98.31000518798828,2994.0,2994.0,0,False
50,63,1,-87.56999969482422,3033.0,3033.0,0,False
50,64,2,-100.65834045410156,3073.0,3073.0,0,False
50,65,7,-100.37000274658203,3137.0,3137.0,0,False
50,66,12,-19.354999542236328,3218.0,3218.0,0,False
50,67,10,-12.360000610351562,3255.0,3255.0,0,False
50,68,3,-5.0450005531311035,3289.0,3289.0,0,False
50,69,19,-11.119999885559082,3328.0,3328.0,0,False
50,70,12,-11.915000915527344,3371.0,3371.0,0,False
50,71,10,-15.595001220703125,3425.0,3425.0,0,False
50,72,1,-7.879999160766602,3456.0,3456.0,0,False
50,73,14,-29.049999237060547,3496.0,3496.0,0,False
50,74,10,-26.08500099182129,3533.0,3533.0,0,False
50,75,2,-37.02333450317383,3606.0,3606.0,0,False
50,76,7,-17.659198760986328,3656.0,3656.0,0,False
50,77,18,-44.548336029052734,3689.0,3689.0,0,False
50,78,3,-44.525001525878906,3734.0,3734.0,0,False
50,79,13,-56.05000305175781,3784.0,3784.0,0,False
50,80,13,-57.595001220703125,3823.0,3823.0,0,False
50,81,10,-59.13500213623047,3860.0,3860.0,0,False
50,82,19,-55.58000183105469,3916.0,3916.0,0,False
50,83,0,-62.7400016784668,3954.0,3954.0,0,False
50,84,3,-60.87000274658203,3998.0,3998.0,0,False
50,85,4,-22.93000030517578,4074.0,4074.0,0,False
50,86,10,11.976005554199219,4123.0,4123.0,0,False
50,87,18,-27.268335342407227,4160.0,4160.0,0,False
50,88,12,-11.240001678466797,4228.0,4228.0,0,False
50,89,6,-21.38166618347168,4271.0,4271.0,0,False
50,90,13,-12.59805679321289,4312.0,4312.0,0,False
50,91,0,-36.4327278137207,4354.0,4354.0,0,False
50,92,8,-28.683334350585938,4434.0,4434.0,0,False
50,93,19,-20.184999465942383,4471.0,4471.0,0,False
50,94,12,-22.51000213623047,4513.0,4513.0,0,False
50,95,8,-34.71333312988281,4549.0,4549.0,0,False
50,96,14,-42.8650016784668,4592.0,4592.0,0,False
50,97,4,-43.57500076293945,4627.0,4627.0,0,False
50,98,12,8.13527774810791,4695.0,4695.0,0,False
50,99,3,2.425475835800171,4736.0,4736.0,0,False
50,100,6,-31.446674346923828,4782.0,4782.0,0,False
50,101,14,-31.835012435913086,4819.0,4819.0,0,False
50,102,14,28.36800765991211,4875.0,4875.0,0,False
50,103,18,-39.76335525512695,4916.0,4916.0,0,False
50,104,9,-47.36669158935547,4961.0,4961.0,0,False
50,105,5,-51.06502151489258,4989.0,4989.0,0,False
50,106,0,-41.05091094970703,5021.0,5021.0,0,False
50,107,18,-1.4109859466552734,5066.0,5066.0,0,False
50,108,9,-54.68728256225586,5120.0,5120.0,0,False
50,109,4,-56.95051193237305,5160.0,5160.0,0,False
50,110,4,-56.375213623046875,5195.0,5195.0,0,False
50,111,8,-65.85333251953125,5264.0,5264.0,0,False
50,112,6,-68.3074722290039,5302.0,5302.0,0,False
50,113,9,-74.6289291381836,5344.0,5344.0,0,False
50,114,2,-81.33535766601562,5394.0,5394.0,0,False
50,115,2,-86.81961059570312,5431.0,5431.0,0,False
50,116,8,-93.29874420166016,5474.0,5474.0,0,False
50,117,4,-98.00727844238281,5524.0,5524.0,0,False
50,118,4,-102.35440826416016,5566.0,5566.0,0,False
50,119,9,-112.30142211914062,5597.0,5597.0,0,False
50,120,6,-115.572021484375,5627.0,5627.0,0,False
50,121,5,-97.23633575439453,5680.0,5680.0,0,False
50,122,6,-36.37986755371094,5725.0,5725.0,0,False
50,123,8,-103.85128021240234,5757.0,5757.0,0,False
50,124,8,-106.94194030761719,5823.0,5823.0,0,False
50,125,2,-109.63462829589844,5864.0,5864.0,0,False
50,126,9,-115.83655548095703,5902.0,5902.0,0,False
50,127,2,-59.66582489013672,5932.0,5932.0,0,False
50,128,9,-125.56769561767578,5963.0,5963.0,0,False
50,129,19,-118.38339233398438,6003.0,6003.0,0,False
50,130,8,-69.3652572631836,6041.0,6041.0,0,False
50,131,9,-69.79774475097656,6073.0,6073.0,0,False
50,132,5,-153.38473510742188,6146.0,6146.0,0,False
50,133,5,-111.98129272460938,6202.0,6202.0,0,False
50,134,19,-237.04893493652344,6257.0,6257.0,0,False
