episode,step,job_idx,completion_time,deadline_met
2361,41,2,2088.0,False
2361,51,8,2704.0,False
2361,52,15,2748.0,False
2361,67,7,3570.0,False
2361,77,0,4177.0,False
2361,80,18,4386.0,False
2361,83,5,4536.0,False
2361,85,6,4653.0,False
2361,91,1,4935.0,False
2361,94,12,5061.0,False
2361,97,13,5281.0,False
2361,98,11,5365.0,False
2361,101,16,5544.0,False
2361,103,4,5665.0,False
2361,111,9,6144.0,False
2361,112,14,6181.0,False
2361,116,17,6420.0,False
2361,118,19,6524.0,False
2361,121,3,6705.0,False
2361,123,10,6811.0,False
2362,26,8,1320.0,False
2362,58,1,3054.0,False
2362,69,18,3621.0,False
2362,71,15,3736.0,False
2362,84,5,4444.0,False
2362,86,19,4562.0,False
2362,89,9,4750.0,False
2362,91,12,4847.0,False
2362,93,13,4992.0,False
2362,95,0,5107.0,False
2362,97,6,5253.0,False
2362,99,2,5348.0,False
2362,105,17,5671.0,False
2362,106,11,5753.0,False
2362,110,3,6024.0,False
2362,112,4,6160.0,False
2362,113,14,6198.0,False
2362,118,16,6514.0,False
2362,120,7,6632.0,False
2362,123,10,6807.0,False
2363,25,8,1263.0,False
2363,41,15,2164.0,False
2363,69,7,3707.0,False
2363,71,0,3817.0,False
2363,79,17,4246.0,False
2363,86,2,4643.0,False
2363,88,14,4723.0,False
2363,92,9,4998.0,False
2363,95,3,5174.0,False
2363,98,19,5364.0,False
2363,101,5,5521.0,False
2363,104,1,5632.0,False
2363,105,12,5658.0,False
2363,106,18,5713.0,False
2363,107,6,5777.0,False
2363,108,4,5823.0,False
2363,115,16,6230.0,False
2363,116,10,6300.0,False
2363,120,11,6565.0,False
2363,123,13,6744.0,False
2364,32,1,1631.0,False
2364,34,15,1713.0,False
2364,36,8,1789.0,False
2364,42,9,2167.0,False
2364,58,0,3178.0,False
2364,62,13,3455.0,False
2364,65,6,3655.0,False
2364,76,7,4276.0,False
2364,89,5,4984.0,False
2364,90,18,5042.0,False
2364,98,14,5399.0,False
2364,101,12,5572.0,False
2364,106,2,5828.0,False
2364,108,16,5947.0,False
2364,110,17,6084.0,False
2364,115,19,6381.0,False
2364,118,4,6532.0,False
2364,120,11,6685.0,False
2364,121,3,6743.0,False
2364,123,10,6855.0,False
2365,40,15,2059.0,False
2365,44,1,2225.0,False
2365,45,8,2259.0,False
2365,74,12,3862.0,False
2365,78,0,4101.0,False
2365,79,6,4165.0,False
2365,80,19,4220.0,False
2365,81,11,4304.0,False
2365,95,14,5131.0,False
2365,98,2,5279.0,False
2365,101,18,5441.0,False
2365,103,16,5575.0,False
2365,105,9,5716.0,False
2365,107,4,5826.0,False
2365,108,5,5863.0,False
2365,109,13,5931.0,False
2365,111,3,6078.0,False
2365,114,17,6246.0,False
2365,121,7,6626.0,False
2365,123,10,6734.0,False
2366,37,1,1937.0,False
2366,43,8,2307.0,False
2366,51,15,2791.0,False
2366,60,17,3303.0,False
2366,63,6,3467.0,False
2366,81,12,4467.0,False
2366,82,4,4513.0,False
2366,86,5,4667.0,False
2366,93,0,5025.0,False
2366,99,13,5364.0,False
2366,101,18,5464.0,False
2366,107,14,5789.0,False
2366,108,3,5847.0,False
2366,111,9,6051.0,False
2366,112,11,6148.0,False
2366,114,2,6258.0,False
2366,116,7,6351.0,False
2366,119,16,6544.0,False
2366,121,10,6658.0,False
2366,123,19,6776.0,False
2367,31,1,1552.0,False
2367,40,8,2033.0,False
2367,47,15,2405.0,False
2367,74,3,3967.0,False
2367,81,6,4399.0,False
2367,84,18,4576.0,False
2367,85,0,4627.0,False
2367,89,5,4875.0,False
2367,93,7,5080.0,False
2367,96,12,5202.0,False
2367,102,14,5538.0,False
2367,103,10,5608.0,False
2367,104,2,5656.0,False
2367,106,16,5781.0,False
2367,107,13,5845.0,False
2367,111,11,6113.0,False
2367,112,4,6152.0,False
2367,117,19,6396.0,False
2367,121,9,6679.0,False
2367,123,17,6791.0,False
2368,20,8,917.0,False
2368,24,1,1142.0,False
2368,48,6,2591.0,False
2368,70,15,3872.0,False
2368,72,0,3953.0,False
2368,74,19,4066.0,False
2368,84,7,4554.0,False
2368,87,16,4764.0,False
2368,89,12,4861.0,False
2368,93,18,5085.0,False
2368,97,5,5265.0,False
2368,99,11,5407.0,False
2368,107,3,5935.0,False
2368,111,2,6146.0,False
2368,112,17,6210.0,False
2368,113,14,6247.0,False
2368,115,9,6384.0,False
2368,118,10,6561.0,False
2368,120,13,6670.0,False
2368,123,4,6816.0,False
2369,23,8,1210.0,False
2369,46,1,2553.0,False
2369,54,15,2913.0,False
2369,58,3,3161.0,False
2369,67,12,3693.0,False
2369,72,6,3965.0,False
2369,78,17,4281.0,False
2369,83,5,4529.0,False
2369,87,7,4708.0,False
2369,89,19,4820.0,False
2369,97,11,5310.0,False
2369,100,13,5478.0,False
2369,106,0,5786.0,False
2369,108,10,5916.0,False
2369,110,18,6027.0,False
2369,117,9,6518.0,False
2369,118,14,6556.0,False
2369,120,4,6681.0,False
2369,121,2,6731.0,False
2369,123,16,6856.0,False
2370,19,8,920.0,False
2370,47,1,2520.0,False
2370,58,15,3172.0,False
2370,65,5,3545.0,False
2370,68,12,3679.0,False
2370,70,17,3785.0,False
2370,78,14,4252.0,False
2370,86,2,4681.0,False
2370,89,6,4870.0,False
2370,95,3,5196.0,False
2370,100,7,5463.0,False
2370,101,0,5516.0,False
2370,103,11,5644.0,False
2370,107,13,5850.0,False
2370,110,19,6044.0,False
2370,113,4,6200.0,False
2370,116,18,6365.0,False
2370,119,9,6571.0,False
2370,122,16,6732.0,False
2370,123,10,6815.0,False
2371,34,8,1831.0,False
2371,36,1,1911.0,False
2371,37,19,1975.0,False
2371,58,12,3136.0,False
2371,72,15,3892.0,False
2371,78,5,4258.0,False
2371,79,3,4323.0,False
2371,80,9,4403.0,False
2371,91,6,5039.0,False
2371,95,0,5211.0,False
2371,97,10,5349.0,False
2371,98,7,5383.0,False
2371,101,14,5541.0,False
2371,108,4,5969.0,False
2371,109,17,6040.0,False
2371,116,18,6409.0,False
2371,117,11,6491.0,False
2371,118,13,6555.0,False
2371,122,2,6772.0,False
2371,123,16,6856.0,False
2372,50,8,2680.0,False
2372,66,15,3605.0,False
2372,69,1,3774.0,False
2372,70,6,3838.0,False
2372,76,12,4202.0,False
2372,79,2,4350.0,False
2372,93,17,5141.0,False
2372,98,14,5371.0,False
2372,99,9,5447.0,False
2372,104,0,5715.0,False
2372,106,3,5842.0,False
2372,107,18,5898.0,False
2372,108,19,5962.0,False
2372,110,5,6063.0,False
2372,116,10,6373.0,False
2372,117,16,6457.0,False
2372,120,7,6631.0,False
2372,121,13,6710.0,False
2372,122,11,6794.0,False
2372,123,4,6841.0,False
2373,19,8,915.0,False
2373,44,1,2439.0,False
2373,55,19,3104.0,False
2373,59,6,3384.0,False
2373,64,15,3665.0,False
2373,72,3,4099.0,False
2373,87,17,4835.0,False
2373,89,12,4909.0,False
2373,90,2,4948.0,False
2373,92,13,5071.0,False
2373,97,9,5395.0,False
2373,105,7,5819.0,False
2373,106,11,5903.0,False
2373,109,14,6048.0,False
2373,113,10,6291.0,False
2373,114,5,6326.0,False
2373,115,18,6384.0,False
2373,120,4,6661.0,False
2373,122,0,6744.0,False
2373,123,16,6819.0,False
2374,29,19,1645.0,False
2374,47,8,2564.0,False
2374,48,17,2623.0,False
2374,56,15,3051.0,False
2374,64,12,3409.0,False
2374,72,3,3910.0,False
2374,75,18,4094.0,False
2374,76,13,4162.0,False
2374,85,1,4582.0,False
2374,90,0,4816.0,False
2374,96,5,5122.0,False
2374,99,4,5278.0,False
2374,101,11,5430.0,False
2374,111,10,6096.0,False
2374,115,14,6335.0,False
2374,118,7,6534.0,False
2374,119,2,6582.0,False
2374,120,6,6646.0,False
2374,121,9,6734.0,False
2374,123,16,6859.0,False
2375,20,8,862.0,False
2375,70,17,3789.0,False
2375,72,13,3912.0,False
2375,74,18,4007.0,False
2375,76,0,4107.0,False
2375,79,1,4243.0,False
2375,84,15,4498.0,False
2375,87,12,4634.0,False
2375,94,9,5126.0,False
2375,96,5,5235.0,False
2375,101,14,5528.0,False
2375,102,4,5575.0,False
2375,106,6,5836.0,False
2375,108,19,5957.0,False
2375,111,10,6153.0,False
2375,113,7,6257.0,False
2375,119,11,6599.0,False
2375,120,3,6657.0,False
2375,121,2,6705.0,False
2375,123,16,6839.0,False
2376,48,8,2613.0,False
2376,63,4,3453.0,False
2376,66,19,3636.0,False
2376,70,6,3944.0,False
2376,77,15,4296.0,False
2376,79,17,4417.0,False
2376,83,0,4606.0,False
2376,84,12,4642.0,False
2376,93,1,5083.0,False
2376,97,13,5315.0,False
2376,98,7,5351.0,False
2376,101,18,5511.0,False
2376,103,11,5678.0,False
2376,105,14,5770.0,False
2376,106,3,5828.0,False
2376,107,9,5908.0,False
2376,116,2,6395.0,False
2376,119,10,6618.0,False
2376,120,5,6653.0,False
2376,123,16,6847.0,False
2377,39,1,2163.0,False
2377,45,14,2478.0,False
2377,49,8,2682.0,False
2377,70,17,3893.0,False
2377,73,13,4056.0,False
2377,75,4,4133.0,False
2377,86,19,4812.0,False
2377,88,7,4930.0,False
2377,94,12,5193.0,False
2377,99,3,5481.0,False
2377,104,6,5774.0,False
2377,105,11,5856.0,False
2377,107,15,5963.0,False
2377,108,0,6014.0,False
2377,112,18,6221.0,False
2377,116,10,6459.0,False
2377,118,5,6546.0,False
2377,120,9,6672.0,False
2377,121,16,6757.0,False
2377,123,2,6879.0,False
2378,41,8,2268.0,False
2378,65,11,3536.0,False
2378,70,1,3773.0,False
2378,71,14,3805.0,False
2378,75,12,4057.0,False
2378,76,0,4099.0,False
2378,80,4,4321.0,False
2378,86,15,4653.0,False
2378,92,13,5016.0,False
2378,94,7,5138.0,False
2378,97,3,5309.0,False
2378,102,18,5577.0,False
2378,108,6,5919.0,False
2378,109,5,5956.0,False
2378,112,17,6100.0,False
2378,114,16,6221.0,False
2378,116,19,6339.0,False
2378,119,2,6519.0,False
2378,122,10,6690.0,False
2378,123,9,6778.0,False
2379,38,8,2091.0,False
2379,50,4,2650.0,False
2379,51,0,2703.0,False
2379,63,1,3390.0,False
2379,76,3,4133.0,False
2379,81,17,4460.0,False
2379,86,19,4790.0,False
2379,87,15,4834.0,False
2379,90,14,4967.0,False
2379,93,11,5160.0,False
2379,100,7,5482.0,False
2379,102,12,5577.0,False
2379,104,18,5694.0,False
2379,107,9,5873.0,False
2379,108,10,5956.0,False
2379,113,6,6289.0,False
2379,115,13,6427.0,False
2379,121,2,6743.0,False
2379,122,16,6828.0,False
2379,123,5,6859.0,False
2380,56,1,3058.0,False
2380,65,10,3578.0,False
2380,74,3,4071.0,False
2380,75,8,4118.0,False
2380,76,11,4200.0,False
2380,82,7,4511.0,False
2380,88,18,4843.0,False
2380,90,19,4970.0,False
2380,91,15,5020.0,False
2380,98,14,5441.0,False
2380,100,4,5554.0,False
2380,104,12,5722.0,False
2380,105,13,5801.0,False
2380,110,17,6068.0,False
2380,112,0,6145.0,False
2380,115,9,6346.0,False
2380,116,16,6431.0,False
2380,117,2,6481.0,False
2380,121,5,6706.0,False
2380,123,6,6837.0,False
2381,40,18,2179.0,False
2381,45,4,2512.0,False
2381,57,8,3174.0,False
2381,68,1,3768.0,False
2381,76,12,4157.0,False
2381,83,13,4585.0,False
2381,85,3,4692.0,False
2381,86,9,4772.0,False
2381,87,14,4809.0,False
2381,92,0,5117.0,False
2381,98,10,5464.0,False
2381,100,17,5588.0,False
2381,101,6,5653.0,False
2381,105,15,5857.0,False
2381,111,11,6228.0,False
2381,114,19,6407.0,False
2381,117,5,6566.0,False
2381,118,16,6650.0,False
2381,120,2,6760.0,False
2381,123,7,6929.0,False
2382,38,19,2114.0,False
2382,44,8,2428.0,False
2382,70,10,3939.0,False
2382,77,4,4336.0,False
2382,81,7,4574.0,False
2382,83,6,4697.0,False
2382,84,14,4735.0,False
2382,87,11,4938.0,False
2382,93,15,5222.0,False
2382,100,3,5593.0,False
2382,104,5,5754.0,False
2382,106,18,5900.0,False
2382,109,13,6087.0,False
2382,113,2,6319.0,False
2382,114,17,6385.0,False
2382,115,0,6432.0,False
2382,117,9,6551.0,False
2382,118,12,6582.0,False
2382,122,16,6777.0,False
2382,123,1,6810.0,False
2383,39,8,2052.0,False
2383,48,10,2568.0,False
2383,66,12,3525.0,False
2383,68,0,3647.0,False
2383,71,19,3830.0,False
2383,73,1,3939.0,False
2383,77,15,4138.0,False
2383,79,11,4268.0,False
2383,81,18,4408.0,False
2383,83,6,4523.0,False
2383,86,17,4662.0,False
2383,93,5,5054.0,False
2383,103,7,5637.0,False
2383,108,14,5929.0,False
2383,109,4,5976.0,False
2383,114,3,6262.0,False
2383,116,2,6346.0,False
2383,117,13,6414.0,False
2383,120,9,6630.0,False
2383,123,16,6815.0,False
2384,55,8,2982.0,False
2384,56,17,3041.0,False
2384,58,5,3128.0,False
2384,68,6,3780.0,False
2384,71,0,3893.0,False
2384,76,18,4194.0,False
2384,80,1,4360.0,False
2384,84,12,4590.0,False
2384,85,10,4673.0,False
2384,88,19,4844.0,False
2384,93,7,5060.0,False
2384,98,11,5311.0,False
2384,105,13,5748.0,False
2384,108,4,5902.0,False
2384,109,9,5975.0,False
2384,119,2,6604.0,False
2384,120,15,6653.0,False
2384,121,14,6685.0,False
2384,122,16,6760.0,False
2384,123,3,6823.0,False
2385,48,8,2663.0,False
2385,49,4,2709.0,False
2385,68,19,3752.0,False
2385,74,13,4071.0,False
2385,75,12,4102.0,False
2385,82,17,4440.0,False
2385,92,18,4967.0,False
2385,94,1,5066.0,False
2385,97,15,5212.0,False
2385,102,9,5521.0,False
2385,103,3,5591.0,False
2385,105,11,5714.0,False
2385,106,0,5761.0,False
2385,108,10,5871.0,False
2385,110,5,5962.0,False
2385,111,2,6006.0,False
2385,112,7,6040.0,False
2385,113,14,6077.0,False
2385,122,16,6640.0,False
2385,123,6,6695.0,False
2386,37,15,1896.0,False
2386,66,4,3622.0,False
2386,67,7,3656.0,False
2386,68,19,3720.0,False
2386,69,14,3758.0,False
2386,72,8,3907.0,False
2386,73,1,3940.0,False
2386,80,10,4364.0,False
2386,92,13,4997.0,False
2386,97,0,5243.0,False
2386,98,3,5306.0,False
2386,100,2,5430.0,False
2386,104,9,5718.0,False
2386,106,18,5842.0,False
2386,107,6,5906.0,False
2386,109,17,6050.0,False
2386,117,5,6456.0,False
2386,120,16,6643.0,False
2386,122,12,6716.0,False
2386,123,11,6798.0,False
2387,27,8,1400.0,False
2387,58,2,3107.0,False
2387,62,4,3335.0,False
2387,77,17,4239.0,False
2387,82,15,4457.0,False
2387,87,0,4761.0,False
2387,89,19,4920.0,False
2387,91,11,5051.0,False
2387,94,12,5196.0,False
2387,97,6,5360.0,False
2387,98,1,5393.0,False
2387,100,18,5542.0,False
2387,109,7,6074.0,False
2387,112,14,6241.0,False
2387,114,3,6337.0,False
2387,115,9,6417.0,False
2387,116,13,6496.0,False
2387,118,10,6634.0,False
2387,122,5,6830.0,False
2387,123,16,6915.0,False
2388,19,0,976.0,False
2388,23,8,1141.0,False
2388,36,9,1886.0,False
2388,55,4,2978.0,False
2388,66,17,3589.0,False
2388,77,6,4208.0,False
2388,84,19,4562.0,False
2388,85,7,4607.0,False
2388,90,18,4916.0,False
2388,91,1,4949.0,False
2388,99,3,5392.0,False
2388,102,5,5560.0,False
2388,103,14,5597.0,False
2388,104,16,5682.0,False
2388,108,12,5851.0,False
2388,109,10,5919.0,False
2388,111,15,6044.0,False
2388,112,2,6092.0,False
2388,119,11,6513.0,False
2388,123,13,6773.0,False
2389,29,19,1629.0,False
2389,47,8,2676.0,False
2389,61,10,3390.0,False
2389,71,2,3872.0,False
2389,72,0,3919.0,False
2389,75,12,4092.0,False
2389,77,15,4176.0,False
2389,83,14,4475.0,False
2389,88,7,4752.0,False
2389,93,3,5056.0,False
2389,94,18,5114.0,False
2389,95,4,5161.0,False
2389,100,9,5541.0,False
2389,105,6,5891.0,False
2389,109,1,6046.0,False
2389,115,17,6445.0,False
2389,118,11,6616.0,False
2389,120,16,6750.0,False
2389,121,13,6814.0,False
2389,123,5,6915.0,False
2390,25,8,1305.0,False
2390,54,19,3055.0,False
2390,61,4,3385.0,False
2390,65,12,3596.0,False
2390,67,7,3701.0,False
2390,77,17,4255.0,False
2390,80,18,4430.0,False
2390,85,0,4725.0,False
2390,86,15,4774.0,False
2390,91,6,5059.0,False
2390,96,9,5415.0,False
2390,101,2,5650.0,False
2390,106,10,5948.0,False
2390,110,3,6164.0,False
2390,112,1,6234.0,False
2390,118,16,6594.0,False
2390,119,14,6631.0,False
2390,121,11,6779.0,False
2390,122,13,6843.0,False
2390,123,5,6878.0,False
2391,45,1,2494.0,False
2391,52,8,2859.0,False
2391,66,19,3660.0,False
2391,75,7,4112.0,False
2391,77,3,4230.0,False
2391,80,9,4446.0,False
2391,81,4,4493.0,False
2391,85,12,4676.0,False
2391,89,0,4884.0,False
2391,90,2,4928.0,False
2391,92,15,5029.0,False
2391,95,13,5226.0,False
2391,100,18,5504.0,False
2391,106,17,5789.0,False
2391,107,5,5820.0,False
2391,111,6,6045.0,False
2391,118,14,6513.0,False
2391,119,11,6597.0,False
2391,121,10,6690.0,False
2391,123,16,6815.0,False
2392,33,15,1738.0,False
2392,36,18,1909.0,False
2392,38,8,1985.0,False
2392,48,7,2590.0,False
2392,51,19,2763.0,False
2392,69,4,3899.0,False
2392,71,1,4003.0,False
2392,74,17,4150.0,False
2392,76,0,4262.0,False
2392,89,14,4957.0,False
2392,92,10,5103.0,False
2392,97,3,5374.0,False
2392,103,12,5691.0,False
2392,107,9,5950.0,False
2392,108,13,6029.0,False
2392,116,11,6531.0,False
2392,119,16,6710.0,False
2392,120,6,6765.0,False
2392,121,5,6796.0,False
2392,123,2,6906.0,False
2393,40,12,2055.0,False
2393,49,8,2552.0,False
2393,50,19,2617.0,False
2393,51,10,2687.0,False
2393,64,18,3434.0,False
2393,75,15,4090.0,False
2393,77,7,4194.0,False
2393,81,6,4442.0,False
2393,85,0,4631.0,False
2393,87,4,4763.0,False
2393,96,1,5280.0,False
2393,97,14,5312.0,False
2393,98,17,5376.0,False
2393,103,9,5720.0,False
2393,106,11,5922.0,False
2393,114,2,6330.0,False
2393,115,3,6393.0,False
2393,119,16,6641.0,False
2393,120,5,6678.0,False
2393,123,13,6858.0,False
2394,28,19,1621.0,False
2394,52,18,2823.0,False
2394,58,12,3149.0,False
2394,65,0,3524.0,False
2394,67,1,3647.0,False
2394,77,15,4167.0,False
2394,79,17,4278.0,False
2394,87,8,4756.0,False
2394,90,4,4926.0,False
2394,98,11,5425.0,False
2394,103,2,5664.0,False
2394,108,10,5973.0,False
2394,112,14,6172.0,False
2394,113,9,6248.0,False
2394,114,7,6282.0,False
2394,117,16,6487.0,False
2394,118,13,6555.0,False
2394,121,6,6753.0,False
2394,122,3,6823.0,False
2394,123,5,6860.0,False
2395,52,8,2779.0,False
2395,53,0,2821.0,False
2395,55,19,2935.0,False
2395,60,12,3231.0,False
2395,78,7,4290.0,False
2395,84,11,4645.0,False
2395,90,13,5039.0,False
2395,93,2,5201.0,False
2395,94,17,5267.0,False
2395,95,14,5304.0,False
2395,96,15,5348.0,False
2395,97,10,5416.0,False
2395,102,6,5650.0,False
2395,106,3,5911.0,False
2395,111,4,6145.0,False
2395,113,1,6216.0,False
2395,114,18,6274.0,False
2395,121,16,6699.0,False
2395,122,9,6772.0,False
2395,123,5,6809.0,False
2396,43,19,2381.0,False
2396,71,17,4027.0,False
2396,74,12,4182.0,False
2396,76,10,4308.0,False
2396,77,8,4347.0,False
2396,87,18,4917.0,False
2396,89,6,5036.0,False
2396,91,15,5131.0,False
2396,92,7,5167.0,False
2396,93,0,5218.0,False
2396,97,14,5498.0,False
2396,98,13,5562.0,False
2396,101,16,5740.0,False
2396,104,11,5936.0,False
2396,106,9,6074.0,False
2396,113,4,6438.0,False
2396,114,2,6488.0,False
2396,117,1,6646.0,False
2396,118,3,6709.0,False
2396,123,5,6944.0,False
2397,44,7,2365.0,False
2397,46,12,2447.0,False
2397,48,8,2571.0,False
2397,60,0,3206.0,False
2397,66,19,3620.0,False
2397,85,9,4697.0,False
2397,87,5,4788.0,False
2397,92,17,5080.0,False
2397,95,18,5242.0,False
2397,96,10,5312.0,False
2397,97,14,5344.0,False
2397,102,11,5629.0,False
2397,103,6,5684.0,False
2397,105,13,5803.0,False
2397,113,2,6285.0,False
2397,114,3,6348.0,False
2397,117,15,6485.0,False
2397,118,16,6560.0,False
2397,119,1,6593.0,False
2397,123,4,6788.0,False
2398,31,19,1578.0,False
2398,51,10,2724.0,False
2398,53,12,2813.0,False
2398,56,8,2943.0,False
2398,68,18,3676.0,False
2398,78,1,4190.0,False
2398,85,15,4623.0,False
2398,88,7,4773.0,False
2398,89,0,4824.0,False
2398,96,16,5198.0,False
2398,99,6,5422.0,False
2398,100,14,5460.0,False
2398,105,11,5792.0,False
2398,112,4,6235.0,False
2398,113,17,6301.0,False
2398,115,3,6408.0,False
2398,118,13,6605.0,False
2398,121,5,6732.0,False
2398,122,2,6776.0,False
2398,123,9,6852.0,False
2399,30,7,1617.0,False
2399,50,19,2784.0,False
2399,52,8,2866.0,False
2399,67,12,3662.0,False
2399,82,11,4576.0,False
2399,83,4,4623.0,False
2399,85,0,4725.0,False
2399,89,18,4996.0,False
2399,95,6,5364.0,False
2399,96,15,5414.0,False
2399,99,10,5581.0,False
2399,103,16,5787.0,False
2399,105,2,5904.0,False
2399,106,13,5972.0,False
2399,110,17,6211.0,False
2399,111,14,6249.0,False
2399,118,5,6557.0,False
2399,119,1,6595.0,False
2399,122,9,6797.0,False
2399,123,3,6867.0,False
2400,33,12,1770.0,False
2400,37,7,1942.0,False
2400,60,19,3368.0,False
2400,71,4,3894.0,False
2400,74,8,4053.0,False
2400,75,17,4124.0,False
2400,77,1,4207.0,False
2400,79,9,4340.0,False
2400,82,11,4536.0,False
2400,85,15,4679.0,False
2400,86,13,4747.0,False
2400,91,0,5029.0,False
2400,96,6,5304.0,False
2400,99,18,5502.0,False
2400,104,14,5757.0,False
2400,112,10,6215.0,False
2400,118,5,6518.0,False
2400,120,3,6652.0,False
2400,122,16,6777.0,False
2400,123,2,6827.0,False
2401,39,12,2115.0,False
2401,41,15,2255.0,False
2401,43,7,2339.0,False
2401,50,6,2781.0,False
2401,58,11,3236.0,False
2401,67,8,3731.0,False
2401,68,19,3795.0,False
2401,79,0,4375.0,False
2401,90,16,5074.0,False
2401,92,18,5180.0,False
2401,106,14,5938.0,False
2401,107,1,5971.0,False
2401,112,9,6228.0,False
2401,114,17,6363.0,False
2401,116,10,6473.0,False
2401,117,13,6537.0,False
2401,119,2,6654.0,False
2401,120,3,6717.0,False
2401,122,4,6830.0,False
2401,123,5,6867.0,False
2402,40,0,2183.0,False
2402,44,1,2384.0,False
2402,57,15,3055.0,False
2402,58,12,3081.0,False
2402,59,6,3145.0,False
2402,64,7,3402.0,False
2402,65,8,3449.0,False
2402,84,4,4553.0,False
2402,87,2,4748.0,False
2402,92,11,5033.0,False
2402,102,19,5596.0,False
2402,104,13,5714.0,False
2402,106,16,5880.0,False
2402,109,18,6054.0,False
2402,114,9,6391.0,False
2402,116,10,6528.0,False
2402,118,5,6603.0,False
2402,119,14,6640.0,False
2402,120,17,6699.0,False
2402,123,3,6875.0,False
2403,15,7,792.0,False
2403,42,0,2269.0,False
2403,54,19,2946.0,False
2403,56,16,3097.0,False
2403,61,6,3440.0,False
2403,66,3,3731.0,False
2403,74,12,4143.0,False
2403,80,8,4462.0,False
2403,93,9,5146.0,False
2403,96,1,5323.0,False
2403,97,4,5370.0,False
2403,100,11,5559.0,False
2403,101,18,5614.0,False
2403,104,15,5797.0,False
2403,107,14,5926.0,False
2403,113,17,6246.0,False
2403,116,2,6421.0,False
2403,118,13,6532.0,False
2403,120,10,6655.0,False
2403,123,5,6781.0,False
2404,48,19,2611.0,False
2404,60,7,3300.0,False
2404,64,8,3537.0,False
2404,65,18,3592.0,False
2404,67,0,3681.0,False
2404,75,1,4112.0,False
2404,79,4,4327.0,False
2404,80,12,4366.0,False
2404,88,15,4798.0,False
2404,91,11,4994.0,False
2404,92,16,5078.0,False
2404,99,10,5499.0,False
2404,104,3,5798.0,False
2404,106,5,5889.0,False
2404,109,6,6080.0,False
2404,110,2,6124.0,False
2404,111,13,6203.0,False
2404,113,17,6304.0,False
2404,122,9,6913.0,False
2404,123,14,6951.0,False
2405,45,0,2340.0,False
2405,56,19,3005.0,False
2405,57,12,3041.0,False
2405,59,15,3166.0,False
2405,61,14,3237.0,False
2405,74,1,3930.0,False
2405,77,7,4068.0,False
2405,80,8,4206.0,False
2405,92,9,5019.0,False
2405,97,16,5331.0,False
2405,101,4,5584.0,False
2405,106,10,5906.0,False
2405,108,18,5999.0,False
2405,111,11,6162.0,False
2405,112,2,6206.0,False
2405,114,17,6326.0,False
2405,118,5,6508.0,False
2405,119,13,6573.0,False
2405,122,6,6748.0,False
2405,123,3,6811.0,False
2406,25,8,1319.0,False
2406,56,12,3077.0,False
2406,60,1,3266.0,False
2406,71,15,3907.0,False
2406,72,19,3972.0,False
2406,74,6,4071.0,False
2406,86,5,4716.0,False
2406,87,7,4750.0,False
2406,97,0,5337.0,False
2406,100,11,5543.0,False
2406,101,13,5607.0,False
2406,105,3,5831.0,False
2406,108,16,6020.0,False
2406,110,14,6132.0,False
2406,111,18,6199.0,False
2406,113,2,6285.0,False
2406,116,4,6405.0,False
2406,118,9,6523.0,False
2406,119,10,6606.0,False
2406,123,17,6847.0,False
2407,34,8,1803.0,False
2407,46,7,2507.0,False
2407,58,0,3137.0,False
2407,64,18,3450.0,False
2407,71,12,3806.0,False
2407,72,19,3870.0,False
2407,88,10,4876.0,False
2407,91,15,5027.0,False
2407,97,3,5392.0,False
2407,98,1,5431.0,False
2407,100,14,5522.0,False
2407,101,16,5606.0,False
2407,102,6,5661.0,False
2407,107,13,5968.0,False
2407,113,4,6276.0,False
2407,114,11,6358.0,False
2407,115,17,6417.0,False
2407,118,2,6579.0,False
2407,119,9,6659.0,False
2407,123,5,6835.0,False
2408,12,19,604.0,False
2408,27,8,1415.0,False
2408,66,15,3611.0,False
2408,67,7,3642.0,False
2408,68,16,3726.0,False
2408,82,12,4508.0,False
2408,85,1,4663.0,False
2408,95,6,5299.0,False
2408,97,2,5391.0,False
2408,105,10,5841.0,False
2408,107,9,5982.0,False
2408,111,18,6168.0,False
2408,112,0,6215.0,False
2408,114,11,6367.0,False
2408,115,13,6431.0,False
2408,116,5,6462.0,False
2408,119,14,6610.0,False
2408,120,17,6681.0,False
2408,122,3,6808.0,False
2408,123,4,6855.0,False
2409,15,8,755.0,False
2409,45,0,2449.0,False
2409,54,6,2961.0,False
2409,70,19,3870.0,False
2409,78,3,4357.0,False
2409,79,1,4396.0,False
2409,82,7,4517.0,False
2409,84,16,4681.0,False
2409,92,15,5175.0,False
2409,96,17,5400.0,False
2409,100,12,5587.0,False
2409,102,18,5713.0,False
2409,103,14,5745.0,False
2409,105,10,5851.0,False
2409,112,13,6223.0,False
2409,113,9,6299.0,False
2409,116,11,6498.0,False
2409,118,4,6611.0,False
2409,121,2,6780.0,False
2409,123,5,6866.0,False
2410,29,8,1524.0,False
2410,33,12,1742.0,False
2410,40,19,2152.0,False
2410,58,0,3178.0,False
2410,62,7,3389.0,False
2410,65,1,3530.0,False
2410,80,9,4384.0,False
2410,86,17,4744.0,False
2410,87,6,4808.0,False
2410,94,11,5207.0,False
2410,97,15,5337.0,False
2410,103,2,5650.0,False
2410,104,13,5718.0,False
2410,108,4,5962.0,False
2410,113,18,6242.0,False
2410,117,3,6473.0,False
2410,118,10,6541.0,False
2410,120,5,6659.0,False
2410,122,16,6793.0,False
2410,123,14,6831.0,False
2411,24,8,1192.0,False
2411,57,12,3150.0,False
2411,59,19,3263.0,False
2411,64,7,3520.0,False
2411,65,15,3570.0,False
2411,71,16,3928.0,False
2411,77,18,4248.0,False
2411,85,0,4671.0,False
2411,89,2,4865.0,False
2411,93,1,5075.0,False
2411,94,14,5107.0,False
2411,98,17,5296.0,False
2411,105,3,5759.0,False
2411,107,4,5866.0,False
2411,110,11,6097.0,False
2411,112,13,6216.0,False
2411,113,6,6280.0,False
2411,116,9,6489.0,False
2411,121,10,6774.0,False
2411,123,5,6869.0,False
2412,25,8,1264.0,False
2412,46,19,2557.0,False
2412,52,7,2907.0,False
2412,69,18,3787.0,False
2412,71,17,3932.0,False
2412,75,12,4131.0,False
2412,79,1,4330.0,False
2412,80,4,4377.0,False
2412,82,14,4479.0,False
2412,87,15,4748.0,False
2412,92,11,5052.0,False
2412,93,3,5110.0,False
2412,103,13,5691.0,False
2412,106,0,5892.0,False
2412,107,9,5972.0,False
2412,114,16,6426.0,False
2412,115,6,6481.0,False
2412,116,10,6549.0,False
2412,117,2,6593.0,False
2412,123,5,6889.0,False
2413,24,8,1231.0,False
2413,37,7,1951.0,False
2413,53,12,2811.0,False
2413,75,16,4169.0,False
2413,77,6,4290.0,False
2413,82,3,4587.0,False
2413,83,0,4638.0,False
2413,91,19,5092.0,False
2413,94,1,5240.0,False
2413,95,17,5306.0,False
2413,97,15,5420.0,False
2413,99,18,5524.0,False
2413,101,13,5670.0,False
2413,103,4,5779.0,False
2413,108,9,6105.0,False
2413,112,11,6349.0,False
2413,116,10,6560.0,False
2413,118,2,6670.0,False
2413,119,14,6707.0,False
2413,123,5,6887.0,False
2414,24,8,1270.0,False
2414,52,7,2822.0,False
2414,65,19,3539.0,False
2414,75,1,4093.0,False
2414,81,11,4451.0,False
2414,84,18,4599.0,False
2414,87,3,4799.0,False
2414,94,12,5122.0,False
2414,95,0,5164.0,False
2414,96,9,5244.0,False
2414,99,15,5435.0,False
2414,106,4,5823.0,False
2414,109,14,5957.0,False
2414,111,17,6101.0,False
2414,114,13,6320.0,False
2414,116,2,6409.0,False
2414,118,6,6525.0,False
2414,121,16,6717.0,False
2414,122,10,6787.0,False
2414,123,5,6822.0,False
2415,48,7,2611.0,False
2415,54,8,2969.0,False
2415,63,18,3574.0,False
2415,67,0,3762.0,False
2415,68,19,3826.0,False
2415,78,13,4390.0,False
2415,83,16,4709.0,False
2415,87,17,4908.0,False
2415,90,3,5065.0,False
2415,95,11,5309.0,False
2415,99,15,5552.0,False
2415,102,9,5756.0,False
2415,107,1,5998.0,False
2415,108,4,6045.0,False
2415,115,6,6428.0,False
2415,116,5,6454.0,False
2415,118,10,6604.0,False
2415,119,2,6648.0,False
2415,120,12,6684.0,False
2415,123,14,6855.0,False
2416,46,15,2488.0,False
2416,51,8,2748.0,False
2416,57,7,3051.0,False
2416,66,11,3544.0,False
2416,68,19,3659.0,False
2416,69,17,3718.0,False
2416,79,18,4299.0,False
2416,90,6,4984.0,False
2416,91,0,5037.0,False
2416,93,3,5166.0,False
2416,96,12,5273.0,False
2416,98,4,5375.0,False
2416,104,5,5686.0,False
2416,105,1,5724.0,False
2416,106,14,5756.0,False
2416,107,9,5844.0,False
2416,116,16,6412.0,False
2416,117,10,6480.0,False
2416,118,2,6530.0,False
2416,123,13,6840.0,False
2417,41,7,2208.0,False
2417,49,12,2561.0,False
2417,63,8,3359.0,False
2417,66,15,3504.0,False
2417,74,19,3961.0,False
2417,78,0,4199.0,False
2417,79,18,4257.0,False
2417,80,11,4354.0,False
2417,83,17,4530.0,False
2417,87,1,4727.0,False
2417,92,4,5008.0,False
2417,95,3,5168.0,False
2417,99,10,5412.0,False
2417,100,16,5497.0,False
2417,111,6,6199.0,False
2417,114,9,6373.0,False
2417,116,13,6507.0,False
2417,118,2,6624.0,False
2417,119,14,6661.0,False
2417,123,5,6835.0,False
2418,26,7,1392.0,False
2418,45,19,2423.0,False
2418,48,0,2612.0,False
2418,54,8,2958.0,False
2418,65,4,3552.0,False
2418,72,10,3977.0,False
2418,76,18,4223.0,False
2418,77,12,4259.0,False
2418,84,16,4752.0,False
2418,87,9,4934.0,False
2418,88,14,4972.0,False
2418,89,17,5043.0,False
2418,100,11,5670.0,False
2418,105,15,5968.0,False
2418,106,3,6026.0,False
2418,111,1,6274.0,False
2418,114,6,6453.0,False
2418,115,13,6521.0,False
2418,122,5,6895.0,False
2418,123,2,6939.0,False
2419,39,8,2121.0,False
2419,54,15,2952.0,False
2419,56,7,3036.0,False
2419,63,18,3494.0,False
2419,66,19,3652.0,False
2419,78,11,4397.0,False
2419,83,16,4699.0,False
2419,87,3,4928.0,False
2419,93,4,5248.0,False
2419,97,1,5397.0,False
2419,100,0,5584.0,False
2419,101,12,5620.0,False
2419,105,17,5884.0,False
2419,106,6,5948.0,False
2419,112,2,6301.0,False
2419,113,10,6371.0,False
2419,115,14,6463.0,False
2419,117,13,6589.0,False
2419,118,9,6665.0,False
2419,123,5,6910.0,False
2420,38,18,2114.0,False
2420,50,4,2804.0,False
2420,54,7,2982.0,False
2420,60,19,3332.0,False
2420,63,15,3483.0,False
2420,67,16,3705.0,False
2420,70,8,3843.0,False
2420,75,0,4159.0,False
2420,84,17,4667.0,False
2420,91,11,5048.0,False
2420,93,10,5194.0,False
2420,97,1,5373.0,False
2420,104,14,5762.0,False
2420,107,12,5886.0,False
2420,109,13,6009.0,False
2420,110,2,6048.0,False
2420,111,9,6124.0,False
2420,115,3,6363.0,False
2420,118,5,6484.0,False
2420,123,6,6808.0,False
2421,36,4,1911.0,False
2421,47,8,2491.0,False
2421,49,0,2581.0,False
2421,53,17,2841.0,False
2421,58,14,3118.0,False
2421,66,7,3611.0,False
2421,75,15,4027.0,False
2421,87,18,4672.0,False
2421,92,12,4892.0,False
2421,96,3,5101.0,False
2421,98,2,5205.0,False
2421,104,19,5593.0,False
2421,106,1,5691.0,False
2421,110,10,5945.0,False
2421,111,16,6020.0,False
2421,112,6,6075.0,False
2421,115,11,6249.0,False
2421,117,9,6393.0,False
2421,121,5,6625.0,False
2421,123,13,6745.0,False
2422,38,8,2039.0,False
2422,53,18,2921.0,False
2422,54,0,2968.0,False
2422,65,4,3550.0,False
2422,77,10,4248.0,False
2422,80,15,4375.0,False
2422,81,7,4411.0,False
2422,83,19,4538.0,False
2422,90,9,4988.0,False
2422,93,1,5176.0,False
2422,94,13,5240.0,False
2422,95,14,5272.0,False
2422,103,3,5696.0,False
2422,104,16,5780.0,False
2422,106,11,5918.0,False
2422,107,17,5977.0,False
2422,116,5,6450.0,False
2422,121,2,6710.0,False
2422,122,6,6775.0,False
2422,123,12,6811.0,False
2423,28,8,1455.0,False
2423,51,0,2749.0,False
2423,54,17,2969.0,False
2423,61,4,3446.0,False
2423,74,7,4089.0,False
2423,81,16,4484.0,False
2423,88,3,4829.0,False
2423,89,12,4855.0,False
2423,94,11,5227.0,False
2423,99,2,5518.0,False
2423,100,15,5567.0,False
2423,104,10,5816.0,False
2423,106,18,5920.0,False
2423,108,1,6047.0,False
2423,110,6,6177.0,False
2423,113,19,6336.0,False
2423,117,13,6577.0,False
2423,118,14,6615.0,False
2423,119,9,6691.0,False
2423,123,5,6865.0,False
2424,27,18,1407.0,False
2424,48,8,2601.0,False
2424,51,7,2760.0,False
2424,67,4,3686.0,False
2424,75,19,4230.0,False
2424,76,0,4272.0,False
2424,89,15,4985.0,False
2424,91,6,5127.0,False
2424,94,17,5275.0,False
2424,103,16,5754.0,False
2424,104,12,5780.0,False
2424,107,11,5959.0,False
2424,109,9,6090.0,False
2424,110,3,6160.0,False
2424,115,2,6447.0,False
2424,117,1,6539.0,False
2424,118,10,6609.0,False
2424,120,13,6756.0,False
2424,122,5,6846.0,False
2424,123,14,6883.0,False
2425,18,18,902.0,False
2425,27,8,1403.0,False
2425,47,19,2537.0,False
2425,60,4,3366.0,False
2425,62,15,3490.0,False
2425,73,16,4092.0,False
2425,82,7,4545.0,False
2425,84,12,4608.0,False
2425,90,0,4955.0,False
2425,92,11,5075.0,False
2425,97,17,5380.0,False
2425,99,2,5475.0,False
2425,104,6,5849.0,False
2425,111,14,6224.0,False
2425,115,10,6436.0,False
2425,116,5,6471.0,False
2425,119,13,6647.0,False
2425,120,3,6712.0,False
2425,122,1,6782.0,False
2425,123,9,6862.0,False
2426,28,18,1494.0,False
2426,40,8,2162.0,False
2426,64,0,3433.0,False
2426,69,4,3707.0,False
2426,73,15,3919.0,False
2426,77,3,4192.0,False
2426,79,7,4263.0,False
2426,82,10,4449.0,False
2426,88,19,4785.0,False
2426,90,12,4872.0,False
2426,92,9,5029.0,False
2426,95,5,5214.0,False
2426,98,1,5343.0,False
2426,99,17,5402.0,False
2426,101,14,5484.0,False
2426,106,11,5784.0,False
2426,115,16,6351.0,False
2426,120,2,6670.0,False
2426,122,6,6803.0,False
2426,123,13,6882.0,False
2427,32,18,1704.0,False
2427,40,7,2126.0,False
2427,54,8,2918.0,False
2427,59,0,3159.0,False
2427,65,15,3503.0,False
2427,70,17,3819.0,False
2427,79,12,4299.0,False
2427,81,4,4390.0,False
2427,85,9,4674.0,False
2427,88,16,4856.0,False
2427,92,19,5085.0,False
2427,99,14,5537.0,False
2427,105,11,5881.0,False
2427,107,10,5974.0,False
2427,114,3,6360.0,False
2427,117,5,6500.0,False
2427,118,13,6568.0,False
2427,119,2,6612.0,False
2427,121,6,6714.0,False
2427,123,1,6779.0,False
2428,37,8,1958.0,False
2428,41,4,2183.0,False
2428,53,18,2830.0,False
2428,56,0,3028.0,False
2428,57,19,3083.0,False
2428,58,15,3132.0,False
2428,59,7,3177.0,False
2428,77,17,4226.0,False
2428,79,11,4361.0,False
2428,100,5,5517.0,False
2428,102,2,5595.0,False
2428,103,12,5631.0,False
2428,109,10,5982.0,False
2428,112,14,6137.0,False
2428,113,13,6202.0,False
2428,114,16,6287.0,False
2428,116,1,6352.0,False
2428,118,3,6475.0,False
2428,119,9,6555.0,False
2428,123,6,6787.0,False
2429,30,18,1562.0,False
2429,43,4,2371.0,False
2429,45,9,2499.0,False
2429,59,7,3250.0,False
2429,60,8,3284.0,False
2429,70,15,3772.0,False
2429,74,0,4027.0,False
2429,75,10,4097.0,False
2429,80,1,4348.0,False
2429,86,19,4706.0,False
2429,88,3,4833.0,False
2429,92,17,5069.0,False
2429,100,11,5556.0,False
2429,101,12,5587.0,False
2429,107,6,6016.0,False
2429,110,14,6182.0,False
2429,112,16,6316.0,False
2429,114,2,6446.0,False
2429,118,13,6688.0,False
2429,123,5,6916.0,False
2430,33,4,1773.0,False
2430,61,18,3338.0,False
2430,63,19,3478.0,False
2430,64,13,3557.0,False
2430,67,11,3765.0,False
2430,74,15,4134.0,False
2430,76,7,4259.0,False
2430,78,8,4383.0,False
2430,85,1,4735.0,False
2430,91,10,5071.0,False
2430,92,0,5122.0,False
2430,97,6,5403.0,False
2430,101,3,5629.0,False
2430,103,16,5786.0,False
2430,104,9,5866.0,False
2430,106,17,5978.0,False
2430,113,5,6314.0,False
2430,114,12,6350.0,False
2430,121,2,6736.0,False
2430,123,14,6854.0,False
2431,29,7,1556.0,False
2431,37,9,1987.0,False
2431,51,15,2776.0,False
2431,54,17,2948.0,False
2431,57,8,3083.0,False
2431,65,1,3478.0,False
2431,72,4,3921.0,False
2431,73,11,4018.0,False
2431,75,18,4150.0,False
2431,87,19,4829.0,False
2431,95,0,5262.0,False
2431,97,3,5354.0,False
2431,98,13,5422.0,False
2431,107,12,5891.0,False
2431,111,2,6129.0,False
2431,114,14,6287.0,False
2431,118,10,6545.0,False
2431,121,6,6741.0,False
2431,122,16,6816.0,False
2431,123,5,6853.0,False
2432,46,8,2557.0,False
2432,47,17,2616.0,False
2432,55,18,3025.0,False
2432,63,4,3472.0,False
2432,70,11,3921.0,False
2432,71,19,3986.0,False
2432,76,12,4226.0,False
2432,78,0,4298.0,False
2432,85,15,4690.0,False
2432,87,3,4817.0,False
2432,91,10,5047.0,False
2432,95,7,5198.0,False
2432,101,1,5466.0,False
2432,108,9,5995.0,False
2432,115,6,6443.0,False
2432,116,2,6487.0,False
2432,119,14,6671.0,False
2432,121,13,6785.0,False
2432,122,5,6822.0,False
2432,123,16,6907.0,False
2433,36,8,1931.0,False
2433,56,9,3056.0,False
2433,58,12,3126.0,False
2433,62,4,3349.0,False
2433,74,7,4017.0,False
2433,76,17,4136.0,False
2433,77,18,4194.0,False
2433,85,11,4717.0,False
2433,88,15,4862.0,False
2433,92,0,5106.0,False
2433,98,13,5461.0,False
2433,100,14,5576.0,False
2433,102,10,5714.0,False
2433,104,16,5839.0,False
2433,110,2,6142.0,False
2433,112,19,6270.0,False
2433,115,6,6431.0,False
2433,118,3,6618.0,False
2433,121,1,6729.0,False
2433,123,5,6828.0,False
2434,42,8,2196.0,False
2434,60,15,3166.0,False
2434,61,18,3224.0,False
2434,62,19,3288.0,False
2434,63,0,3339.0,False
2434,68,4,3645.0,False
2434,71,7,3854.0,False
2434,73,14,3928.0,False
2434,79,10,4302.0,False
2434,83,12,4465.0,False
2434,86,17,4609.0,False
2434,89,9,4772.0,False
2434,97,1,5190.0,False
2434,99,11,5318.0,False
2434,110,5,5973.0,False
2434,111,3,6021.0,False
2434,114,13,6204.0,False
2434,118,16,6473.0,False
2434,122,6,6716.0,False
2434,123,2,6760.0,False
2435,43,12,2187.0,False
2435,51,10,2702.0,False
2435,52,8,2746.0,False
2435,53,18,2804.0,False
2435,57,17,3039.0,False
2435,67,7,3568.0,False
2435,87,6,4796.0,False
2435,88,15,4846.0,False
2435,89,19,4901.0,False
2435,91,3,5022.0,False
2435,96,9,5340.0,False
2435,102,2,5632.0,False
2435,103,0,5679.0,False
2435,104,4,5726.0,False
2435,105,13,5794.0,False
2435,114,11,6328.0,False
2435,117,16,6500.0,False
2435,120,14,6652.0,False
2435,121,1,6685.0,False
2435,123,5,6784.0,False
2436,40,18,2273.0,False
2436,61,7,3370.0,False
2436,64,9,3572.0,False
2436,65,17,3643.0,False
2436,69,15,3853.0,False
2436,84,3,4662.0,False
2436,86,0,4754.0,False
2436,89,10,4946.0,False
2436,99,4,5429.0,False
2436,102,8,5644.0,False
2436,103,12,5675.0,False
2436,105,13,5794.0,False
2436,106,19,5849.0,False
2436,107,11,5933.0,False
2436,114,14,6332.0,False
2436,116,5,6419.0,False
2436,118,6,6540.0,False
2436,119,16,6615.0,False
2436,121,2,6737.0,False
2436,123,1,6807.0,False
2437,47,9,2574.0,False
2437,55,19,3021.0,False
2437,57,17,3156.0,False
2437,68,15,3823.0,False
2437,69,4,3870.0,False
2437,70,11,3954.0,False
2437,73,12,4089.0,False
2437,74,18,4147.0,False
2437,78,8,4352.0,False
2437,85,7,4704.0,False
2437,91,3,5045.0,False
2437,93,13,5168.0,False
2437,103,10,5665.0,False
2437,107,1,5888.0,False
2437,110,14,6003.0,False
2437,112,0,6134.0,False
2437,117,2,6445.0,False
2437,120,5,6609.0,False
2437,122,16,6744.0,False
2437,123,6,6799.0,False
2438,17,12,816.0,False
2438,45,8,2398.0,False
2438,63,1,3408.0,False
2438,67,19,3627.0,False
2438,74,17,4045.0,False
2438,81,13,4400.0,False
2438,82,7,4433.0,False
2438,86,4,4659.0,False
2438,91,11,4964.0,False
2438,92,10,5019.0,False
2438,102,3,5559.0,False
2438,103,15,5609.0,False
2438,104,9,5689.0,False
2438,105,0,5740.0,False
2438,106,6,5805.0,False
2438,111,5,6055.0,False
2438,114,18,6244.0,False
2438,120,2,6634.0,False
2438,122,16,6790.0,False
2438,123,14,6827.0,False
2439,25,12,1251.0,False
2439,54,8,2799.0,False
2439,58,17,3045.0,False
2439,61,18,3214.0,False
2439,64,0,3339.0,False
2439,76,9,4148.0,False
2439,80,14,4344.0,False
2439,87,4,4775.0,False
2439,88,19,4839.0,False
2439,91,15,4960.0,False
2439,98,11,5361.0,False
2439,102,7,5540.0,False
2439,104,10,5653.0,False
2439,105,13,5717.0,False
2439,115,16,6314.0,False
2439,116,5,6351.0,False
2439,120,1,6590.0,False
2439,121,2,6638.0,False
2439,122,3,6701.0,False
2439,123,6,6766.0,False
2440,37,12,1929.0,False
2440,42,9,2261.0,False
2440,49,8,2617.0,False
2440,60,17,3294.0,False
2440,72,18,4030.0,False
2440,73,19,4094.0,False
2440,79,7,4403.0,False
2440,81,0,4492.0,False
2440,86,15,4752.0,False
2440,92,10,5112.0,False
2440,93,4,5159.0,False
2440,102,16,5690.0,False
2440,103,13,5769.0,False
2440,111,11,6197.0,False
2440,113,5,6291.0,False
2440,114,6,6356.0,False
2440,116,3,6457.0,False
2440,118,1,6566.0,False
2440,120,2,6694.0,False
2440,123,14,6870.0,False
2441,24,15,1139.0,False
2441,25,12,1165.0,False
2441,41,7,2109.0,False
2441,43,9,2235.0,False
2441,70,18,3800.0,False
2441,74,11,4050.0,False
2441,79,17,4345.0,False
2441,80,8,4392.0,False
2441,87,13,4814.0,False
2441,91,14,5025.0,False
2441,99,19,5448.0,False
2441,104,5,5712.0,False
2441,109,10,5945.0,False
2441,113,2,6170.0,False
2441,114,1,6208.0,False
2441,115,3,6271.0,False
2441,116,4,6318.0,False
2441,117,0,6371.0,False
2441,120,6,6591.0,False
2441,123,16,6775.0,False
2442,28,12,1339.0,False
2442,39,8,1945.0,False
2442,43,18,2142.0,False
2442,53,15,2812.0,False
2442,68,7,3580.0,False
2442,69,10,3650.0,False
2442,71,1,3742.0,False
2442,73,9,3899.0,False
2442,75,13,4022.0,False
2442,83,17,4447.0,False
2442,99,19,5326.0,False
2442,102,11,5569.0,False
2442,104,5,5660.0,False
2442,107,0,5804.0,False
2442,114,2,6252.0,False
2442,115,14,6289.0,False
2442,116,3,6347.0,False
2442,117,4,6394.0,False
2442,120,16,6554.0,False
2442,123,6,6755.0,False
2443,32,12,1689.0,False
2443,40,8,2160.0,False
2443,42,15,2243.0,False
2443,49,9,2640.0,False
2443,53,13,2855.0,False
2443,66,18,3552.0,False
2443,70,7,3766.0,False
2443,81,19,4418.0,False
2443,89,3,4884.0,False
2443,90,11,4966.0,False
2443,103,4,5614.0,False
2443,108,17,5959.0,False
2443,109,10,6027.0,False
2443,110,1,6065.0,False
2443,112,14,6151.0,False
2443,113,5,6186.0,False
2443,114,0,6233.0,False
2443,120,16,6625.0,False
2443,121,6,6680.0,False
2443,123,2,6802.0,False
2444,47,8,2574.0,False
2444,49,12,2639.0,False
2444,55,13,3024.0,False
2444,57,18,3126.0,False
2444,60,9,3310.0,False
2444,61,19,3374.0,False
2444,71,11,4003.0,False
2444,73,15,4086.0,False
2444,75,7,4182.0,False
2444,87,1,4776.0,False
2444,88,17,4835.0,False
2444,102,5,5580.0,False
2444,104,3,5687.0,False
2444,108,4,5893.0,False
2444,109,2,5943.0,False
2444,112,10,6123.0,False
2444,116,14,6381.0,False
2444,118,6,6513.0,False
2444,122,0,6705.0,False
2444,123,16,6780.0,False
2445,24,8,1209.0,False
2445,36,15,1870.0,False
2445,40,9,2174.0,False
2445,54,19,3006.0,False
2445,61,13,3354.0,False
2445,66,17,3607.0,False
2445,69,1,3760.0,False
2445,83,2,4561.0,False
2445,92,5,5120.0,False
2445,93,7,5153.0,False
2445,98,12,5382.0,False
2445,100,6,5480.0,False
2445,106,18,5761.0,False
2445,108,14,5880.0,False
2445,109,11,5964.0,False
2445,110,0,6015.0,False
2445,119,4,6554.0,False
2445,120,3,6612.0,False
2445,122,10,6724.0,False
2445,123,16,6799.0,False
2446,26,15,1407.0,False
2446,62,7,3378.0,False
2446,63,12,3417.0,False
2446,64,8,3456.0,False
2446,65,9,3532.0,False
2446,76,13,4155.0,False
2446,78,5,4262.0,False
2446,80,18,4381.0,False
2446,93,6,5149.0,False
2446,96,11,5347.0,False
2446,97,4,5394.0,False
2446,105,10,5844.0,False
2446,106,1,5877.0,False
2446,110,17,6092.0,False
2446,112,0,6169.0,False
2446,114,3,6296.0,False
2446,116,2,6421.0,False
2446,117,19,6476.0,False
2446,119,14,6556.0,False
2446,123,16,6837.0,False
2447,27,15,1459.0,False
2447,44,7,2434.0,False
2447,75,17,4042.0,False
2447,78,13,4254.0,False
2447,84,5,4518.0,False
2447,85,18,4574.0,False
2447,86,8,4618.0,False
2447,94,1,5026.0,False
2447,97,3,5257.0,False
2447,99,9,5387.0,False
2447,101,19,5504.0,False
2447,104,11,5733.0,False
2447,108,12,5919.0,False
2447,109,4,5965.0,False
2447,111,2,6093.0,False
2447,114,16,6291.0,False
2447,118,0,6556.0,False
2447,120,6,6703.0,False
2447,121,14,6740.0,False
2447,123,10,6848.0,False
2448,25,15,1278.0,False
2448,45,13,2387.0,False
2448,52,8,2783.0,False
2448,66,1,3495.0,False
2448,74,12,3967.0,False
2448,78,11,4254.0,False
2448,79,7,4299.0,False
2448,80,5,4325.0,False
2448,85,10,4581.0,False
2448,89,9,4830.0,False
2448,97,2,5294.0,False
2448,100,17,5492.0,False
2448,107,18,5872.0,False
2448,108,19,5936.0,False
2448,110,4,6052.0,False
2448,112,14,6125.0,False
2448,115,0,6272.0,False
2448,118,6,6462.0,False
2448,121,3,6655.0,False
2448,123,16,6780.0,False
2449,23,15,1098.0,False
2449,44,8,2309.0,False
2449,49,18,2565.0,False
2449,62,9,3380.0,False
2449,67,1,3641.0,False
2449,76,17,4146.0,False
2449,86,13,4731.0,False
2449,93,7,5058.0,False
2449,94,12,5097.0,False
2449,95,11,5181.0,False
2449,98,19,5415.0,False
2449,102,4,5619.0,False
2449,103,14,5657.0,False
2449,106,3,5874.0,False
2449,115,5,6338.0,False
2449,116,2,6382.0,False
2449,117,10,6465.0,False
2449,119,6,6611.0,False
2449,121,0,6717.0,False
2449,123,16,6842.0,False
2450,34,0,1792.0,False
2450,50,15,2708.0,False
2450,63,18,3449.0,False
2450,64,5,3480.0,False
2450,70,8,3765.0,False
2450,83,7,4449.0,False
2450,84,3,4512.0,False
2450,87,17,4698.0,False
2450,91,1,4923.0,False
2450,93,11,5065.0,False
2450,95,19,5171.0,False
2450,96,9,5259.0,False
2450,99,6,5446.0,False
2450,100,12,5477.0,False
2450,103,2,5632.0,False
2450,106,13,5817.0,False
2450,114,4,6267.0,False
2450,119,10,6616.0,False
2450,122,14,6764.0,False
2450,123,16,6839.0,False
2451,48,15,2652.0,False
2451,49,8,2686.0,False
2451,64,0,3480.0,False
2451,80,13,4254.0,False
2451,84,9,4483.0,False
2451,88,10,4744.0,False
2451,93,18,5031.0,False
2451,99,7,5353.0,False
2451,102,16,5577.0,False
2451,104,12,5686.0,False
2451,105,1,5719.0,False
2451,108,19,5884.0,False
2451,109,2,5923.0,False
2451,111,5,6028.0,False
2451,112,4,6075.0,False
2451,115,17,6269.0,False
2451,116,11,6351.0,False
2451,117,6,6406.0,False
2451,122,3,6710.0,False
2451,123,14,6747.0,False
2452,37,0,2076.0,False
2452,43,8,2361.0,False
2452,45,9,2488.0,False
2452,53,15,2922.0,False
2452,56,17,3115.0,False
2452,60,7,3291.0,False
2452,76,19,4149.0,False
2452,77,11,4233.0,False
2452,78,1,4271.0,False
2452,88,12,4814.0,False
2452,92,5,4995.0,False
2452,93,18,5053.0,False
2452,105,10,5765.0,False
2452,108,13,5962.0,False
2452,109,2,6012.0,False
2452,112,14,6160.0,False
2452,113,3,6223.0,False
2452,117,6,6473.0,False
2452,120,4,6623.0,False
2452,123,16,6799.0,False
2453,19,17,902.0,False
2453,39,15,2071.0,False
2453,52,8,2772.0,False
2453,62,18,3393.0,False
2453,69,1,3726.0,False
2453,74,0,3952.0,False
2453,80,5,4269.0,False
2453,89,7,4759.0,False
2453,96,3,5177.0,False
2453,100,12,5370.0,False
2453,101,19,5434.0,False
2453,104,2,5626.0,False
2453,107,10,5811.0,False
2453,108,4,5858.0,False
2453,110,9,5980.0,False
2453,118,13,6513.0,False
2453,119,11,6597.0,False
2453,121,16,6723.0,False
2453,122,14,6761.0,False
2453,123,6,6816.0,False
2454,24,15,1258.0,False
2454,30,8,1602.0,False
2454,40,17,2099.0,False
2454,45,1,2320.0,False
2454,62,18,3320.0,False
2454,63,19,3384.0,False
2454,78,4,4272.0,False
2454,89,3,4829.0,False
2454,90,0,4876.0,False
2454,91,5,4907.0,False
2454,102,7,5541.0,False
2454,105,14,5659.0,False
2454,107,12,5751.0,False
2454,111,2,5976.0,False
2454,112,10,6046.0,False
2454,114,11,6175.0,False
2454,115,9,6263.0,False
2454,116,16,6347.0,False
2454,118,13,6481.0,False
2454,123,6,6791.0,False
2455,29,15,1533.0,False
2455,39,8,2068.0,False
2455,55,9,3062.0,False
2455,59,17,3301.0,False
2455,64,1,3521.0,False
2455,77,7,4171.0,False
2455,82,12,4416.0,False
2455,91,0,4899.0,False
2455,97,5,5216.0,False
2455,98,2,5260.0,False
2455,100,13,5379.0,False
2455,104,4,5642.0,False
2455,106,14,5718.0,False
2455,107,11,5815.0,False
2455,112,3,6081.0,False
2455,113,10,6149.0,False
2455,114,19,6214.0,False
2455,119,6,6532.0,False
2455,122,18,6719.0,False
2455,123,16,6803.0,False
2456,26,17,1444.0,False
2456,52,9,2891.0,False
2456,53,8,2925.0,False
2456,59,7,3221.0,False
2456,61,15,3315.0,False
2456,77,3,4219.0,False
2456,87,10,4728.0,False
2456,88,1,4761.0,False
2456,90,13,4880.0,False
2456,92,4,4989.0,False
2456,94,0,5091.0,False
2456,96,5,5164.0,False
2456,105,18,5748.0,False
2456,107,11,5901.0,False
2456,111,14,6082.0,False
2456,113,16,6217.0,False
2456,116,19,6423.0,False
2456,118,6,6550.0,False
2456,121,12,6664.0,False
2456,123,2,6774.0,False
2457,21,15,1080.0,False
2457,35,8,1851.0,False
2457,40,7,2123.0,False
2457,64,1,3478.0,False
2457,65,13,3546.0,False
2457,67,0,3627.0,False
2457,73,9,3977.0,False
2457,78,17,4263.0,False
2457,92,18,5011.0,False
2457,95,4,5191.0,False
2457,96,12,5230.0,False
2457,99,2,5386.0,False
2457,100,11,5483.0,False
2457,103,14,5636.0,False
2457,109,6,6031.0,False
2457,112,16,6219.0,False
2457,116,19,6433.0,False
2457,119,5,6587.0,False
2457,121,3,6709.0,False
2457,123,10,6820.0,False
2458,15,15,710.0,False
2458,42,8,2174.0,False
2458,49,17,2592.0,False
2458,53,18,2846.0,False
2458,65,11,3533.0,False
2458,79,7,4318.0,False
2458,83,12,4524.0,False
2458,89,16,4904.0,False
2458,92,1,5053.0,False
2458,98,5,5391.0,False
2458,99,4,5438.0,False
2458,101,13,5583.0,False
2458,105,6,5825.0,False
2458,108,14,5998.0,False
2458,114,10,6344.0,False
2458,115,19,6399.0,False
2458,118,9,6589.0,False
2458,120,0,6720.0,False
2458,122,3,6847.0,False
2458,123,2,6891.0,False
2459,36,15,1892.0,False
2459,38,8,1981.0,False
2459,57,17,3137.0,False
2459,65,0,3591.0,False
2459,67,16,3722.0,False
2459,71,4,3923.0,False
2459,76,9,4250.0,False
2459,81,5,4490.0,False
2459,85,7,4715.0,False
2459,87,2,4806.0,False
2459,94,18,5199.0,False
2459,98,19,5445.0,False
2459,99,1,5483.0,False
2459,110,13,6088.0,False
2459,112,12,6158.0,False
2459,113,14,6190.0,False
2459,115,10,6295.0,False
2459,119,6,6568.0,False
2459,121,11,6724.0,False
2459,123,3,6846.0,False
2460,64,8,3520.0,False
2460,68,15,3695.0,False
2460,72,12,3921.0,False
2460,78,3,4282.0,False
2460,79,4,4316.0,False
2460,80,18,4374.0,False
2460,85,9,4737.0,False
2460,87,0,4859.0,False
2460,88,19,4923.0,False
2460,96,7,5315.0,False
2460,100,1,5482.0,False
2460,104,5,5713.0,False
2460,105,11,5810.0,False
2460,110,17,6154.0,False
2460,112,14,6267.0,False
2460,114,6,6388.0,False
2460,117,2,6527.0,False
2460,118,16,6602.0,False
2460,122,10,6830.0,False
2460,123,13,6894.0,False
2461,33,15,1721.0,False
2461,52,8,2841.0,False
2461,71,1,3876.0,False
2461,77,12,4215.0,False
2461,79,11,4378.0,False
2461,83,14,4583.0,False
2461,84,7,4619.0,False
2461,85,17,4678.0,False
2461,99,16,5583.0,False
2461,100,13,5651.0,False
2461,102,4,5728.0,False
2461,104,2,5840.0,False
2461,105,0,5887.0,False
2461,107,9,6030.0,False
2461,110,19,6197.0,False
2461,111,6,6252.0,False
2461,113,3,6368.0,False
2461,117,18,6572.0,False
2461,122,5,6790.0,False
2461,123,10,6860.0,False
2462,38,15,2054.0,False
2462,43,1,2288.0,False
2462,65,8,3620.0,False
2462,66,13,3699.0,False
2462,76,7,4182.0,False
2462,78,18,4287.0,False
2462,79,17,4353.0,False
2462,84,6,4635.0,False
2462,88,12,4844.0,False
2462,89,14,4876.0,False
2462,101,19,5652.0,False
2462,102,3,5710.0,False
2462,103,5,5747.0,False
2462,111,2,6158.0,False
2462,112,11,6240.0,False
2462,113,16,6324.0,False
2462,116,0,6460.0,False
2462,117,9,6548.0,False
2462,119,4,6654.0,False
2462,123,10,6881.0,False
2463,25,15,1288.0,False
2463,30,8,1544.0,False
2463,34,7,1770.0,False
2463,80,6,4431.0,False
2463,81,17,4495.0,False
2463,82,1,4528.0,False
2463,90,0,4962.0,False
2463,92,9,5105.0,False
2463,96,12,5317.0,False
2463,98,18,5432.0,False
2463,100,16,5549.0,False
2463,103,14,5662.0,False
2463,111,11,6121.0,False
2463,113,19,6244.0,False
2463,116,3,6420.0,False
2463,119,13,6629.0,False
2463,120,5,6666.0,False
2463,121,4,6713.0,False
2463,122,10,6783.0,False
2463,123,2,6833.0,False
2464,19,15,846.0,False
2464,32,8,1611.0,False
2464,47,7,2566.0,False
2464,59,1,3211.0,False
2464,67,0,3643.0,False
2464,73,4,3991.0,False
2464,76,13,4185.0,False
2464,84,17,4594.0,False
2464,87,11,4835.0,False
2464,97,9,5409.0,False
2464,99,12,5541.0,False
2464,101,14,5654.0,False
2464,102,16,5739.0,False
2464,105,6,5935.0,False
2464,107,18,6051.0,False
2464,108,2,6099.0,False
2464,112,19,6311.0,False
2464,114,3,6421.0,False
2464,121,5,6773.0,False
2464,123,10,6886.0,False
2465,37,15,1992.0,False
2465,39,17,2095.0,False
2465,50,8,2739.0,False
2465,52,4,2823.0,False
2465,61,9,3393.0,False
2465,62,7,3426.0,False
2465,69,0,3808.0,False
2465,83,18,4604.0,False
2465,95,13,5277.0,False
2465,99,6,5501.0,False
2465,100,1,5534.0,False
2465,102,14,5625.0,False
2465,103,3,5688.0,False
2465,108,10,6024.0,False
2465,109,19,6079.0,False
2465,110,2,6118.0,False
2465,115,5,6410.0,False
2465,116,16,6485.0,False
2465,121,11,6767.0,False
2465,123,12,6832.0,False
2466,26,15,1293.0,False
2466,32,17,1622.0,False
2466,40,8,2008.0,False
2466,52,7,2768.0,False
2466,68,9,3718.0,False
2466,89,13,4915.0,False
2466,91,3,5021.0,False
2466,92,1,5059.0,False
2466,95,10,5227.0,False
2466,98,2,5399.0,False
2466,103,11,5740.0,False
2466,105,0,5835.0,False
2466,106,16,5910.0,False
2466,109,4,6069.0,False
2466,111,5,6170.0,False
2466,112,14,6207.0,False
2466,115,18,6385.0,False
2466,121,6,6720.0,False
2466,122,19,6775.0,False
2466,123,12,6806.0,False
2467,44,15,2450.0,False
2467,45,8,2484.0,False
2467,50,17,2700.0,False
2467,54,1,2891.0,False
2467,57,9,3059.0,False
2467,66,7,3512.0,False
2467,75,0,4025.0,False
2467,84,5,4548.0,False
2467,88,13,4786.0,False
2467,89,19,4841.0,False
2467,100,4,5464.0,False
2467,102,2,5580.0,False
2467,103,16,5665.0,False
2467,104,6,5720.0,False
2467,107,18,5902.0,False
2467,110,3,6078.0,False
2467,118,12,6491.0,False
2467,119,14,6523.0,False
2467,120,11,6607.0,False
2467,123,10,6776.0,False
2468,30,15,1583.0,False
2468,32,8,1661.0,False
2468,48,7,2535.0,False
2468,49,17,2594.0,False
2468,78,4,4285.0,False
2468,82,16,4559.0,False
2468,88,0,4867.0,False
2468,89,9,4955.0,False
2468,92,1,5111.0,False
2468,93,19,5166.0,False
2468,97,13,5457.0,False
2468,99,6,5577.0,False
2468,104,14,5882.0,False
2468,105,3,5940.0,False
2468,113,2,6309.0,False
2468,116,18,6475.0,False
2468,117,11,6557.0,False
2468,118,5,6588.0,False
2468,121,10,6755.0,False
2468,123,12,6820.0,False
2469,37,7,2115.0,False
2469,62,9,3561.0,False
2469,65,8,3670.0,False
2469,68,17,3812.0,False
2469,77,1,4289.0,False
2469,87,14,4843.0,False
2469,95,3,5270.0,False
2469,96,5,5301.0,False
2469,99,15,5433.0,False
2469,101,12,5514.0,False
2469,104,0,5674.0,False
2469,105,2,5718.0,False
2469,108,19,5914.0,False
2469,109,4,5961.0,False
2469,110,6,6016.0,False
2469,111,11,6100.0,False
2469,115,13,6308.0,False
2469,118,10,6494.0,False
2469,119,18,6552.0,False
2469,123,16,6842.0,False
2470,27,15,1353.0,False
2470,29,8,1453.0,False
2470,45,17,2432.0,False
2470,61,19,3312.0,False
2470,75,14,4111.0,False
2470,80,1,4359.0,False
2470,82,11,4501.0,False
2470,87,13,4827.0,False
2470,90,5,4992.0,False
2470,92,7,5087.0,False
2470,94,16,5243.0,False
2470,97,0,5377.0,False
2470,101,2,5572.0,False
2470,102,4,5619.0,False
2470,108,9,5958.0,False
2470,110,3,6092.0,False
2470,113,18,6268.0,False
2470,121,12,6665.0,False
2470,122,6,6729.0,False
2470,123,10,6812.0,False
2471,27,17,1476.0,False
2471,34,15,1852.0,False
2471,35,8,1886.0,False
2471,63,13,3560.0,False
2471,64,7,3605.0,False
2471,68,2,3782.0,False
2471,71,5,3932.0,False
2471,83,11,4582.0,False
2471,86,19,4752.0,False
2471,90,16,4984.0,False
2471,93,1,5115.0,False
2471,104,4,5783.0,False
2471,105,0,5836.0,False
2471,107,14,5922.0,False
2471,109,9,6049.0,False
2471,110,18,6107.0,False
2471,116,3,6459.0,False
2471,117,6,6524.0,False
2471,122,12,6747.0,False
2471,123,10,6817.0,False
2472,40,8,2287.0,False
2472,50,15,2831.0,False
2472,66,17,3690.0,False
2472,71,3,3990.0,False
2472,79,9,4492.0,False
2472,80,0,4543.0,False
2472,93,19,5306.0,False
2472,94,13,5370.0,False
2472,101,2,5737.0,False
2472,102,7,5782.0,False
2472,103,12,5818.0,False
2472,104,4,5864.0,False
2472,105,1,5903.0,False
2472,108,14,6023.0,False
2472,110,10,6161.0,False
2472,111,5,6196.0,False
2472,116,18,6435.0,False
2472,117,11,6504.0,False
2472,121,16,6786.0,False
2472,123,6,6907.0,False
2473,25,8,1243.0,False
2473,26,15,1287.0,False
2473,48,7,2528.0,False
2473,55,17,3024.0,False
2473,60,4,3322.0,False
2473,65,1,3599.0,False
2473,75,9,4209.0,False
2473,76,14,4247.0,False
2473,82,16,4624.0,False
2473,88,19,4973.0,False
2473,94,5,5244.0,False
2473,96,2,5334.0,False
2473,101,12,5586.0,False
2473,102,11,5683.0,False
2473,109,0,6009.0,False
2473,114,13,6307.0,False
2473,116,10,6420.0,False
2473,117,3,6478.0,False
2473,121,18,6714.0,False
2473,123,6,6844.0,False
2474,25,17,1371.0,False
2474,29,15,1571.0,False
2474,34,7,1794.0,False
2474,49,8,2635.0,False
2474,79,4,4320.0,False
2474,81,0,4403.0,False
2474,84,1,4542.0,False
2474,98,5,5281.0,False
2474,104,14,5585.0,False
2474,105,10,5655.0,False
2474,106,2,5703.0,False
2474,108,16,5847.0,False
2474,112,19,6095.0,False
2474,114,12,6198.0,False
2474,115,13,6277.0,False
2474,116,3,6342.0,False
2474,117,11,6424.0,False
2474,119,9,6578.0,False
2474,120,6,6642.0,False
2474,123,18,6829.0,False
2475,25,8,1385.0,False
2475,38,17,2098.0,False
2475,48,15,2683.0,False
2475,60,14,3340.0,False
2475,62,2,3459.0,False
2475,63,7,3492.0,False
2475,76,4,4230.0,False
2475,77,9,4318.0,False
2475,81,0,4549.0,False
2475,94,19,5189.0,False
2475,97,1,5317.0,False
2475,99,13,5444.0,False
2475,100,11,5528.0,False
2475,102,10,5625.0,False
2475,103,12,5664.0,False
2475,113,5,6232.0,False
2475,114,3,6295.0,False
2475,116,16,6430.0,False
2475,121,18,6731.0,False
2475,123,6,6861.0,False
2476,36,4,2063.0,False
2476,40,8,2238.0,False
2476,41,17,2304.0,False
2476,52,7,2871.0,False
2476,59,15,3299.0,False
2476,75,9,4173.0,False
2476,87,11,4898.0,False
2476,89,13,5021.0,False
2476,98,10,5475.0,False
2476,105,1,5888.0,False
2476,107,16,6013.0,False
2476,108,2,6063.0,False
2476,109,0,6110.0,False
2476,111,14,6181.0,False
2476,113,5,6287.0,False
2476,114,12,6323.0,False
2476,117,18,6472.0,False
2476,120,6,6668.0,False
2476,122,3,6790.0,False
2476,123,19,6845.0,False
2477,28,17,1486.0,False
2477,44,15,2275.0,False
2477,55,4,2870.0,False
2477,68,11,3640.0,False
2477,72,12,3882.0,False
2477,73,2,3921.0,False
2477,82,7,4501.0,False
2477,86,8,4728.0,False
2477,93,16,5142.0,False
2477,99,9,5493.0,False
2477,105,13,5869.0,False
2477,109,18,6039.0,False
2477,112,10,6199.0,False
2477,113,1,6232.0,False
2477,116,0,6454.0,False
2477,117,3,6524.0,False
2477,118,14,6561.0,False
2477,120,19,6681.0,False
2477,122,5,6789.0,False
2477,123,6,6844.0,False
2478,38,8,2032.0,False
2478,42,7,2234.0,False
2478,53,17,2966.0,False
2478,74,18,4150.0,False
2478,76,19,4277.0,False
2478,80,15,4484.0,False
2478,85,10,4784.0,False
2478,87,9,4910.0,False
2478,90,4,5023.0,False
2478,95,0,5288.0,False
2478,100,13,5645.0,False
2478,103,16,5834.0,False
2478,107,1,5996.0,False
2478,108,14,6028.0,False
2478,111,5,6203.0,False
2478,115,2,6431.0,False
2478,117,6,6540.0,False
2478,121,3,6777.0,False
2478,122,11,6859.0,False
2478,123,12,6890.0,False
2479,35,15,1872.0,False
2479,36,17,1921.0,False
2479,54,7,2912.0,False
2479,55,8,2959.0,False
2479,65,18,3515.0,False
2479,74,4,4025.0,False
2479,78,0,4244.0,False
2479,82,5,4492.0,False
2479,89,16,4909.0,False
2479,93,2,5131.0,False
2479,97,13,5353.0,False
2479,102,10,5636.0,False
2479,104,9,5761.0,False
2479,110,1,6065.0,False
2479,111,19,6120.0,False
2479,114,14,6271.0,False
2479,116,3,6401.0,False
2479,117,12,6427.0,False
2479,122,6,6738.0,False
2479,123,11,6835.0,False
2480,33,15,1808.0,False
2480,55,4,3075.0,False
2480,59,7,3269.0,False
2480,61,17,3388.0,False
2480,62,8,3435.0,False
2480,81,13,4489.0,False
2480,89,12,4845.0,False
2480,90,0,4887.0,False
2480,93,9,5097.0,False
2480,102,11,5630.0,False
2480,103,18,5688.0,False
2480,104,16,5772.0,False
2480,106,10,5859.0,False
2480,109,5,6027.0,False
2480,110,1,6065.0,False
2480,111,19,6130.0,False
2480,113,2,6244.0,False
2480,114,14,6281.0,False
2480,118,3,6509.0,False
2480,123,6,6833.0,False
2481,27,17,1522.0,False
2481,44,7,2373.0,False
2481,48,0,2595.0,False
2481,51,1,2714.0,False
2481,55,15,2928.0,False
2481,72,13,3967.0,False
2481,75,4,4096.0,False
2481,87,8,4764.0,False
2481,91,11,5043.0,False
2481,92,6,5107.0,False
2481,94,10,5206.0,False
2481,96,19,5290.0,False
2481,107,2,5903.0,False
2481,108,9,5983.0,False
2481,113,12,6247.0,False
2481,115,18,6339.0,False
2481,117,14,6431.0,False
2481,118,5,6466.0,False
2481,122,16,6731.0,False
2481,123,3,6794.0,False
2482,55,2,2942.0,False
2482,59,15,3160.0,False
2482,60,17,3219.0,False
2482,63,10,3386.0,False
2482,70,9,3825.0,False
2482,72,8,3927.0,False
2482,77,4,4227.0,False
2482,81,16,4465.0,False
2482,89,7,4992.0,False
2482,96,12,5330.0,False
2482,98,13,5459.0,False
2482,99,1,5492.0,False
2482,100,19,5556.0,False
2482,105,14,5845.0,False
2482,107,18,5935.0,False
2482,109,0,6029.0,False
2482,110,6,6093.0,False
2482,118,3,6522.0,False
2482,121,11,6700.0,False
2482,123,5,6786.0,False
2483,33,8,1715.0,False
2483,37,9,1934.0,False
2483,42,15,2260.0,False
2483,45,7,2382.0,False
2483,46,1,2421.0,False
2483,59,4,3132.0,False
2483,65,17,3454.0,False
2483,70,2,3728.0,False
2483,73,18,3883.0,False
2483,75,14,3998.0,False
2483,76,10,4068.0,False
2483,87,0,4637.0,False
2483,95,12,5102.0,False
2483,101,5,5474.0,False
2483,110,13,5993.0,False
2483,118,3,6468.0,False
2483,119,11,6550.0,False
2483,120,16,6634.0,False
2483,122,6,6770.0,False
2483,123,19,6825.0,False
2484,22,17,1137.0,False
2484,39,15,2075.0,False
2484,54,7,2944.0,False
2484,56,0,3055.0,False
2484,58,8,3146.0,False
2484,66,1,3525.0,False
2484,72,13,3834.0,False
2484,76,9,4100.0,False
2484,92,5,5027.0,False
2484,94,19,5136.0,False
2484,100,16,5476.0,False
2484,104,12,5701.0,False
2484,107,18,5884.0,False
2484,108,4,5918.0,False
2484,110,3,6052.0,False
2484,111,2,6102.0,False
2484,116,14,6379.0,False
2484,117,10,6462.0,False
2484,120,6,6679.0,False
2484,123,11,6877.0,False
2485,41,8,2274.0,False
2485,44,19,2451.0,False
2485,50,7,2771.0,False
2485,52,15,2860.0,False
2485,68,17,3767.0,False
2485,74,13,4113.0,False
2485,79,2,4393.0,False
2485,86,9,4791.0,False
2485,91,4,5092.0,False
2485,92,18,5150.0,False
2485,102,14,5713.0,False
2485,104,6,5852.0,False
2485,107,12,5971.0,False
2485,111,5,6129.0,False
2485,114,0,6299.0,False
2485,116,1,6407.0,False
2485,118,3,6515.0,False
2485,119,10,6583.0,False
2485,122,11,6742.0,False
2485,123,16,6826.0,False
2486,47,17,2648.0,False
2486,56,8,3051.0,False
2486,62,18,3399.0,False
2486,67,13,3693.0,False
2486,75,7,4120.0,False
2486,77,1,4198.0,False
2486,78,15,4242.0,False
2486,80,9,4376.0,False
2486,83,4,4519.0,False
2486,84,0,4572.0,False
2486,91,14,4999.0,False
2486,94,19,5167.0,False
2486,96,5,5281.0,False
2486,108,10,5969.0,False
2486,114,12,6265.0,False
2486,116,6,6386.0,False
2486,118,16,6510.0,False
2486,119,11,6592.0,False
2486,122,3,6773.0,False
2486,123,2,6823.0,False
2487,16,17,823.0,False
2487,33,8,1733.0,False
2487,55,0,3032.0,False
2487,64,15,3510.0,False
2487,77,4,4227.0,False
2487,78,1,4266.0,False
2487,80,7,4355.0,False
2487,83,18,4504.0,False
2487,88,13,4796.0,False
2487,91,9,5004.0,False
2487,93,19,5131.0,False
2487,95,14,5202.0,False
2487,105,5,5752.0,False
2487,107,11,5889.0,False
2487,111,16,6189.0,False
2487,117,2,6480.0,False
2487,119,3,6586.0,False
2487,120,12,6612.0,False
2487,122,6,6750.0,False
2487,123,10,6833.0,False
2488,40,7,2251.0,False
2488,44,13,2455.0,False
2488,57,9,3293.0,False
2488,65,17,3688.0,False
2488,75,2,4270.0,False
2488,78,8,4424.0,False
2488,82,0,4627.0,False
2488,84,10,4738.0,False
2488,86,15,4854.0,False
2488,88,19,4954.0,False
2488,91,18,5110.0,False
2488,98,4,5481.0,False
2488,104,5,5826.0,False
2488,105,11,5923.0,False
2488,107,6,6046.0,False
2488,110,3,6206.0,False
2488,114,16,6422.0,False
2488,121,12,6782.0,False
2488,122,14,6814.0,False
2488,123,1,6847.0,False
2489,37,17,2186.0,False
2489,49,8,2841.0,False
2489,52,7,2983.0,False
2489,59,19,3348.0,False
2489,61,13,3476.0,False
2489,68,15,3834.0,False
2489,73,18,4095.0,False
2489,81,9,4547.0,False
2489,84,0,4677.0,False
2489,94,14,5245.0,False
2489,95,12,5271.0,False
2489,107,10,5896.0,False
2489,108,2,5946.0,False
2489,109,16,6021.0,False
2489,110,3,6079.0,False
2489,113,5,6215.0,False
2489,114,11,6297.0,False
2489,120,1,6633.0,False
2489,121,4,6680.0,False
2489,123,6,6811.0,False
2490,16,15,739.0,False
2490,42,8,2258.0,False
2490,45,18,2421.0,False
2490,60,17,3310.0,False
2490,63,0,3454.0,False
2490,66,1,3594.0,False
2490,79,13,4366.0,False
2490,90,19,5018.0,False
2490,93,7,5174.0,False
2490,96,10,5354.0,False
2490,98,3,5466.0,False
2490,100,9,5625.0,False
2490,104,5,5837.0,False
2490,106,16,5962.0,False
2490,111,6,6287.0,False
2490,115,4,6508.0,False
2490,118,11,6705.0,False
2490,119,2,6749.0,False
2490,120,14,6786.0,False
2490,123,12,6910.0,False
2491,19,8,867.0,False
2491,35,17,1933.0,False
2491,55,0,2997.0,False
2491,59,9,3270.0,False
2491,64,1,3503.0,False
2491,72,15,3951.0,False
2491,82,19,4607.0,False
2491,83,14,4645.0,False
2491,89,7,4984.0,False
2491,93,13,5216.0,False
2491,97,18,5418.0,False
2491,101,10,5632.0,False
2491,102,4,5679.0,False
2491,106,12,5843.0,False
2491,110,16,6078.0,False
2491,112,5,6173.0,False
2491,113,11,6242.0,False
2491,115,3,6364.0,False
2491,119,6,6631.0,False
2491,123,2,6856.0,False
2492,20,17,904.0,False
2492,39,15,2129.0,False
2492,49,8,2626.0,False
2492,59,18,3157.0,False
2492,67,13,3646.0,False
2492,73,0,3987.0,False
2492,83,4,4561.0,False
2492,88,7,4784.0,False
2492,92,12,4938.0,False
2492,97,10,5278.0,False
2492,98,3,5336.0,False
2492,104,5,5658.0,False
2492,110,9,6015.0,False
2492,113,19,6187.0,False
2492,114,11,6284.0,False
2492,115,14,6321.0,False
2492,117,1,6420.0,False
2492,118,16,6495.0,False
2492,119,2,6543.0,False
2492,123,6,6795.0,False
2493,38,17,2143.0,False
2493,44,15,2393.0,False
2493,52,1,2828.0,False
2493,54,0,2944.0,False
2493,65,9,3663.0,False
2493,69,8,3868.0,False
2493,78,18,4312.0,False
2493,85,13,4694.0,False
2493,89,4,4899.0,False
2493,91,7,4996.0,False
2493,95,14,5212.0,False
2493,104,5,5732.0,False
2493,110,3,6040.0,False
2493,111,12,6066.0,False
2493,112,19,6131.0,False
2493,115,2,6328.0,False
2493,116,10,6396.0,False
2493,118,16,6543.0,False
2493,120,6,6679.0,False
2493,123,11,6877.0,False
2494,33,15,1727.0,False
2494,34,17,1798.0,False
2494,44,9,2432.0,False
2494,54,8,3061.0,False
2494,78,13,4374.0,False
2494,83,0,4609.0,False
2494,85,3,4727.0,False
2494,86,12,4763.0,False
2494,92,19,5119.0,False
2494,93,14,5156.0,False
2494,102,7,5645.0,False
2494,103,18,5703.0,False
2494,105,2,5798.0,False
2494,108,11,6009.0,False
2494,111,10,6150.0,False
2494,112,5,6187.0,False
2494,114,4,6308.0,False
2494,117,6,6476.0,False
2494,119,1,6541.0,False
2494,123,16,6807.0,False
2495,22,15,1086.0,False
2495,28,17,1397.0,False
2495,35,7,1845.0,False
2495,45,18,2400.0,False
2495,50,8,2665.0,False
2495,54,9,2914.0,False
2495,74,5,4058.0,False
2495,84,0,4580.0,False
2495,86,13,4701.0,False
2495,91,19,4991.0,False
2495,96,11,5301.0,False
2495,99,3,5487.0,False
2495,105,14,5761.0,False
2495,106,1,5794.0,False
2495,109,10,6033.0,False
2495,111,4,6148.0,False
2495,115,12,6339.0,False
2495,120,2,6630.0,False
2495,122,16,6778.0,False
2495,123,6,6833.0,False
2496,27,17,1384.0,False
2496,40,8,2068.0,False
2496,54,9,2892.0,False
2496,59,5,3174.0,False
2496,67,15,3617.0,False
2496,68,0,3668.0,False
2496,77,4,4181.0,False
2496,82,7,4483.0,False
2496,88,14,4837.0,False
2496,90,18,4942.0,False
2496,93,11,5157.0,False
2496,103,3,5787.0,False
2496,106,16,5978.0,False
2496,107,13,6042.0,False
2496,112,1,6262.0,False
2496,116,10,6501.0,False
2496,120,12,6709.0,False
2496,121,6,6764.0,False
2496,122,2,6803.0,False
2496,123,19,6858.0,False
2497,26,17,1321.0,False
2497,32,15,1645.0,False
2497,57,4,3124.0,False
2497,62,1,3356.0,False
2497,63,7,3390.0,False
2497,66,8,3519.0,False
2497,76,5,4059.0,False
2497,89,2,4869.0,False
2497,90,13,4934.0,False
2497,92,19,5038.0,False
2497,93,12,5069.0,False
2497,100,0,5452.0,False
2497,101,18,5510.0,False
2497,105,3,5753.0,False
2497,108,9,5933.0,False
2497,110,16,6053.0,False
2497,112,11,6214.0,False
2497,117,14,6475.0,False
2497,118,10,6545.0,False
2497,123,6,6876.0,False
2498,30,15,1651.0,False
2498,32,17,1767.0,False
2498,60,18,3321.0,False
2498,65,4,3572.0,False
2498,73,19,4013.0,False
2498,74,9,4101.0,False
2498,77,5,4246.0,False
2498,78,8,4290.0,False
2498,80,7,4419.0,False
2498,84,3,4619.0,False
2498,91,0,5020.0,False
2498,94,11,5220.0,False
2498,105,12,5766.0,False
2498,108,14,5951.0,False
2498,110,2,6073.0,False
2498,116,13,6469.0,False
2498,117,1,6502.0,False
2498,120,6,6676.0,False
2498,121,16,6751.0,False
2498,123,10,6878.0,False
2499,32,15,1680.0,False
2499,49,17,2689.0,False
2499,50,13,2757.0,False
2499,53,18,2936.0,False
2499,77,3,4216.0,False
2499,81,1,4391.0,False
2499,84,4,4557.0,False
2499,85,0,4610.0,False
2499,86,11,4707.0,False
2499,94,12,5134.0,False
2499,100,8,5416.0,False
2499,101,5,5442.0,False
2499,102,10,5510.0,False
2499,103,2,5554.0,False
2499,106,9,5782.0,False
2499,108,19,5893.0,False
2499,113,7,6250.0,False
2499,115,14,6317.0,False
2499,119,16,6607.0,False
2499,123,6,6829.0,False
2500,41,17,2333.0,False
2500,50,3,2799.0,False
2500,63,8,3442.0,False
2500,64,7,3478.0,False
2500,67,15,3643.0,False
2500,81,9,4462.0,False
2500,83,12,4552.0,False
2500,86,4,4681.0,False
2500,91,13,4953.0,False
2500,92,0,5000.0,False
2500,93,10,5070.0,False
2500,96,5,5252.0,False
2500,108,18,5935.0,False
2500,110,11,6065.0,False
2500,114,1,6264.0,False
2500,116,14,6343.0,False
2500,118,16,6484.0,False
2500,119,19,6539.0,False
2500,120,2,6587.0,False
2500,123,6,6788.0,False
2501,37,15,2054.0,False
2501,45,9,2510.0,False
2501,59,4,3245.0,False
2501,63,17,3440.0,False
2501,68,7,3710.0,False
2501,74,3,4056.0,False
2501,80,5,4367.0,False
2501,81,8,4411.0,False
2501,82,0,4453.0,False
2501,90,16,4964.0,False
2501,98,14,5349.0,False
2501,100,18,5468.0,False
2501,103,10,5666.0,False
2501,107,13,5874.0,False
2501,109,19,6001.0,False
2501,111,12,6094.0,False
2501,112,1,6127.0,False
2501,119,2,6513.0,False
2501,121,11,6665.0,False
2501,123,6,6810.0,False
2502,15,15,714.0,False
2502,48,3,2521.0,False
2502,51,13,2700.0,False
2502,66,4,3581.0,False
2502,73,7,3956.0,False
2502,74,9,4044.0,False
2502,78,17,4249.0,False
2502,84,10,4637.0,False
2502,88,18,4878.0,False
2502,98,12,5439.0,False
2502,99,6,5504.0,False
2502,103,5,5721.0,False
2502,107,8,5905.0,False
2502,111,0,6090.0,False
2502,113,1,6166.0,False
2502,118,11,6483.0,False
2502,119,14,6521.0,False
2502,120,16,6605.0,False
2502,121,2,6653.0,False
2502,123,19,6771.0,False
2503,28,15,1469.0,False
2503,46,0,2570.0,False
2503,47,17,2619.0,False
2503,64,8,3570.0,False
2503,74,7,4045.0,False
2503,88,9,4869.0,False
2503,89,12,4908.0,False
2503,96,4,5277.0,False
2503,97,18,5332.0,False
2503,98,3,5390.0,False
2503,99,10,5458.0,False
2503,102,16,5651.0,False
2503,103,5,5688.0,False
2503,104,19,5743.0,False
2503,106,1,5833.0,False
2503,110,13,6053.0,False
2503,115,11,6427.0,False
2503,116,6,6492.0,False
2503,122,2,6865.0,False
2503,123,14,6902.0,False
2504,20,17,981.0,False
2504,21,15,1030.0,False
2504,51,18,2751.0,False
2504,59,0,3192.0,False
2504,71,5,3905.0,False
2504,72,13,3970.0,False
2504,76,19,4192.0,False
2504,82,1,4593.0,False
2504,88,7,4909.0,False
2504,94,4,5198.0,False
2504,95,9,5286.0,False
2504,97,12,5394.0,False
2504,103,3,5742.0,False
2504,114,2,6284.0,False
2504,116,10,6435.0,False
2504,117,14,6472.0,False
2504,118,8,6506.0,False
2504,120,16,6639.0,False
2504,121,11,6708.0,False
2504,123,6,6844.0,False
2505,26,15,1355.0,False
2505,32,9,1756.0,False
2505,54,17,3055.0,False
2505,56,13,3176.0,False
2505,65,8,3664.0,False
2505,69,4,3905.0,False
2505,79,0,4466.0,False
2505,90,11,5120.0,False
2505,95,19,5403.0,False
2505,96,14,5440.0,False
2505,100,6,5664.0,False
2505,103,1,5789.0,False
2505,107,3,5990.0,False
2505,108,12,6021.0,False
2505,114,18,6402.0,False
2505,116,5,6475.0,False
2505,117,7,6511.0,False
2505,119,16,6645.0,False
2505,120,10,6715.0,False
2505,123,2,6869.0,False
2506,56,15,2950.0,False
2506,59,0,3113.0,False
2506,76,9,4247.0,False
2506,80,14,4454.0,False
2506,82,4,4575.0,False
2506,84,3,4687.0,False
2506,87,7,4839.0,False
2506,92,12,5068.0,False
2506,94,17,5189.0,False
2506,96,18,5325.0,False
2506,98,13,5460.0,False
2506,102,5,5646.0,False
2506,107,16,5928.0,False
2506,111,10,6179.0,False
2506,114,11,6349.0,False
2506,116,6,6490.0,False
2506,117,2,6538.0,False
2506,118,8,6582.0,False
2506,119,1,6615.0,False
2506,123,19,6838.0,False
2507,29,15,1572.0,False
2507,46,17,2624.0,False
2507,51,7,2850.0,False
2507,55,9,3061.0,False
2507,56,0,3108.0,False
2507,66,4,3743.0,False
2507,69,18,3931.0,False
2507,86,13,4867.0,False
2507,92,12,5172.0,False
2507,96,3,5388.0,False
2507,100,14,5622.0,False
2507,104,10,5832.0,False
2507,107,19,6025.0,False
2507,109,2,6105.0,False
2507,111,16,6221.0,False
2507,113,8,6329.0,False
2507,117,5,6561.0,False
2507,118,1,6599.0,False
2507,121,6,6779.0,False
2507,123,11,6940.0,False
2508,41,15,2200.0,False
2508,50,3,2744.0,False
2508,55,17,3021.0,False
2508,70,8,3834.0,False
2508,71,0,3876.0,False
2508,72,12,3912.0,False
2508,77,18,4195.0,False
2508,87,16,4803.0,False
2508,89,9,4922.0,False
2508,98,7,5409.0,False
2508,100,10,5511.0,False
2508,104,2,5717.0,False
2508,107,4,5925.0,False
2508,109,11,6047.0,False
2508,111,1,6157.0,False
2508,112,13,6236.0,False
2508,116,5,6414.0,False
2508,118,19,6530.0,False
2508,122,6,6838.0,False
2508,123,14,6876.0,False
2509,49,18,2649.0,False
2509,50,15,2693.0,False
2509,62,12,3337.0,False
2509,76,9,4137.0,False
2509,77,4,4184.0,False
2509,80,17,4358.0,False
2509,82,3,4485.0,False
2509,85,0,4687.0,False
2509,95,5,5256.0,False
2509,97,6,5390.0,False
2509,102,10,5687.0,False
2509,104,7,5786.0,False
2509,108,13,5999.0,False
2509,109,16,6083.0,False
2509,112,11,6284.0,False
2509,114,14,6405.0,False
2509,116,2,6517.0,False
2509,119,19,6672.0,False
2509,122,8,6785.0,False
2509,123,1,6818.0,False
2510,25,15,1198.0,False
2510,26,9,1286.0,False
2510,63,14,3454.0,False
2510,67,18,3659.0,False
2510,68,17,3723.0,False
2510,69,8,3767.0,False
2510,87,4,4834.0,False
2510,94,1,5162.0,False
2510,95,12,5188.0,False
2510,99,3,5416.0,False
2510,102,7,5554.0,False
2510,106,0,5742.0,False
2510,107,11,5826.0,False
2510,108,16,5910.0,False
2510,109,10,5965.0,False
2510,110,13,6029.0,False
2510,115,5,6314.0,False
2510,119,19,6516.0,False
2510,121,2,6644.0,False
2510,123,6,6772.0,False
2511,15,15,637.0,False
2511,53,9,2893.0,False
2511,54,18,2949.0,False
2511,56,19,3090.0,False
2511,64,3,3543.0,False
2511,69,5,3786.0,False
2511,72,4,3979.0,False
2511,84,7,4688.0,False
2511,85,13,4752.0,False
2511,95,0,5287.0,False
2511,97,16,5447.0,False
2511,100,12,5597.0,False
2511,102,14,5668.0,False
2511,105,17,5831.0,False
2511,112,10,6151.0,False
2511,115,8,6290.0,False
2511,118,11,6488.0,False
2511,119,1,6527.0,False
2511,120,2,6575.0,False
2511,123,6,6793.0,False
2512,30,15,1458.0,False
2512,51,13,2748.0,False
2512,61,9,3382.0,False
2512,65,18,3629.0,False
2512,67,19,3769.0,False
2512,73,4,4095.0,False
2512,82,11,4647.0,False
2512,86,12,4801.0,False
2512,87,0,4843.0,False
2512,90,3,5026.0,False
2512,91,14,5063.0,False
2512,98,16,5507.0,False
2512,104,5,5817.0,False
2512,105,17,5876.0,False
2512,106,7,5921.0,False
2512,118,1,6556.0,False
2512,120,10,6690.0,False
2512,121,8,6724.0,False
2512,122,2,6763.0,False
2512,123,6,6828.0,False
2513,22,15,1107.0,False
2513,48,13,2647.0,False
2513,53,0,2872.0,False
2513,60,18,3275.0,False
2513,61,12,3311.0,False
2513,65,17,3543.0,False
2513,66,4,3590.0,False
2513,83,9,4571.0,False
2513,85,5,4657.0,False
2513,93,3,5129.0,False
2513,100,7,5544.0,False
2513,104,11,5824.0,False
2513,105,19,5879.0,False
2513,106,16,5954.0,False
2513,110,14,6145.0,False
2513,112,8,6211.0,False
2513,114,1,6332.0,False
2513,115,10,6415.0,False
2513,120,6,6744.0,False
2513,123,2,6897.0,False
2514,22,15,1157.0,False
2514,34,9,1821.0,False
2514,51,12,2715.0,False
2514,58,18,3179.0,False
2514,63,16,3511.0,False
2514,65,0,3637.0,False
2514,69,4,3869.0,False
2514,73,10,4090.0,False
2514,77,13,4345.0,False
2514,80,7,4493.0,False
2514,85,17,4763.0,False
2514,94,14,5235.0,False
2514,96,1,5342.0,False
2514,97,3,5412.0,False
2514,100,8,5551.0,False
2514,103,5,5675.0,False
2514,113,19,6276.0,False
2514,118,11,6569.0,False
2514,120,2,6679.0,False
2514,123,6,6889.0,False
2515,32,15,1606.0,False
2515,45,9,2416.0,False
2515,55,12,3028.0,False
2515,57,13,3153.0,False
2515,61,18,3377.0,False
2515,68,17,3728.0,False
2515,69,0,3775.0,False
2515,71,7,3853.0,False
2515,79,5,4247.0,False
2515,93,16,5120.0,False
2515,94,3,5178.0,False
2515,97,19,5351.0,False
2515,98,8,5385.0,False
2515,110,4,6093.0,False
2515,111,14,6131.0,False
2515,115,1,6300.0,False
2515,117,11,6439.0,False
2515,119,10,6567.0,False
2515,120,6,6631.0,False
2515,123,2,6783.0,False
2516,34,15,1786.0,False
2516,42,9,2293.0,False
2516,61,19,3467.0,False
2516,66,13,3747.0,False
2516,68,7,3839.0,False
2516,72,18,4097.0,False
2516,81,8,4576.0,False
2516,84,17,4728.0,False
2516,86,5,4808.0,False
2516,91,14,5041.0,False
2516,93,0,5131.0,False
2516,99,16,5538.0,False
2516,104,4,5764.0,False
2516,107,10,5992.0,False
2516,108,12,6031.0,False
2516,110,6,6177.0,False
2516,113,3,6357.0,False
2516,117,11,6577.0,False
2516,122,1,6807.0,False
2516,123,2,6855.0,False
2517,38,15,1969.0,False
2517,48,12,2556.0,False
2517,64,8,3420.0,False
2517,65,17,3479.0,False
2517,80,13,4411.0,False
2517,83,7,4545.0,False
2517,85,9,4689.0,False
2517,87,18,4806.0,False
2517,92,4,5037.0,False
2517,96,16,5262.0,False
2517,99,0,5451.0,False
2517,105,11,5886.0,False
2517,107,3,6008.0,False
2517,109,10,6119.0,False
2517,111,19,6238.0,False
2517,115,5,6440.0,False
2517,119,14,6579.0,False
2517,120,1,6612.0,False
2517,122,6,6748.0,False
2517,123,2,6796.0,False
2518,36,15,1888.0,False
2518,37,13,1956.0,False
2518,50,9,2762.0,False
2518,62,18,3444.0,False
2518,64,12,3541.0,False
2518,68,17,3767.0,False
2518,76,4,4257.0,False
2518,80,0,4457.0,False
2518,88,8,4863.0,False
2518,95,10,5275.0,False
2518,100,5,5506.0,False
2518,103,7,5684.0,False
2518,105,14,5753.0,False
2518,110,3,6090.0,False
2518,112,19,6214.0,False
2518,115,11,6388.0,False
2518,116,16,6463.0,False
2518,118,1,6534.0,False
2518,122,6,6828.0,False
2518,123,2,6876.0,False
2519,36,13,1911.0,False
2519,47,9,2539.0,False
2519,53,12,2846.0,False
2519,64,8,3486.0,False
2519,65,15,3530.0,False
2519,69,0,3722.0,False
2519,75,19,4085.0,False
2519,77,18,4201.0,False
2519,83,5,4563.0,False
2519,85,4,4666.0,False
2519,86,7,4702.0,False
2519,91,16,4982.0,False
2519,94,14,5129.0,False
2519,96,17,5227.0,False
2519,101,1,5498.0,False
2519,113,10,6227.0,False
2519,115,11,6368.0,False
2519,116,3,6426.0,False
2519,117,6,6491.0,False
2519,123,2,6805.0,False
2520,48,4,2598.0,False
2520,57,9,3118.0,False
2520,69,15,3811.0,False
2520,70,13,3879.0,False
2520,74,8,4097.0,False
2520,75,0,4139.0,False
2520,77,12,4208.0,False
2520,84,17,4599.0,False
2520,88,14,4771.0,False
2520,89,7,4807.0,False
2520,90,11,4889.0,False
2520,91,18,4947.0,False
2520,99,1,5411.0,False
2520,108,3,5944.0,False
2520,109,16,6019.0,False
2520,113,6,6263.0,False
2520,115,5,6358.0,False
2520,118,2,6546.0,False
2520,119,19,6601.0,False
2520,123,10,6812.0,False
2521,27,9,1434.0,False
2521,49,12,2599.0,False
2521,50,15,2643.0,False
2521,54,13,2827.0,False
2521,71,18,3880.0,False
2521,74,17,4041.0,False
2521,78,0,4324.0,False
2521,90,4,4935.0,False
2521,92,10,5062.0,False
2521,93,16,5137.0,False
2521,94,14,5169.0,False
2521,96,1,5254.0,False
2521,99,5,5430.0,False
2521,109,8,5956.0,False
2521,113,2,6197.0,False
2521,114,7,6231.0,False
2521,116,19,6358.0,False
2521,118,3,6467.0,False
2521,120,11,6604.0,False
2521,123,6,6822.0,False
2522,34,4,1914.0,False
2522,41,13,2280.0,False
2522,46,15,2555.0,False
2522,74,9,4088.0,False
2522,75,16,4172.0,False
2522,83,0,4566.0,False
2522,85,5,4669.0,False
2522,89,18,4921.0,False
2522,90,12,4957.0,False
2522,94,17,5181.0,False
2522,101,7,5474.0,False
2522,106,1,5744.0,False
2522,109,11,6000.0,False
2522,110,14,6032.0,False
2522,112,3,6154.0,False
2522,113,19,6218.0,False
2522,115,8,6304.0,False
2522,119,6,6549.0,False
2522,121,2,6656.0,False
2522,123,10,6769.0,False
2523,34,8,1773.0,False
2523,40,0,2091.0,False
2523,43,15,2250.0,False
2523,56,18,3024.0,False
2523,57,13,3092.0,False
2523,58,9,3168.0,False
2523,60,4,3274.0,False
2523,81,12,4421.0,False
2523,90,17,4970.0,False
2523,96,19,5334.0,False
2523,97,7,5379.0,False
2523,99,1,5455.0,False
2523,100,10,5525.0,False
2523,104,16,5795.0,False
2523,110,14,6113.0,False
2523,111,5,6148.0,False
2523,116,11,6421.0,False
2523,118,3,6543.0,False
2523,120,2,6664.0,False
2523,123,6,6874.0,False
2524,34,13,1961.0,False
2524,40,15,2227.0,False
2524,44,17,2449.0,False
2524,64,9,3600.0,False
2524,68,8,3819.0,False
2524,69,12,3850.0,False
2524,73,0,4031.0,False
2524,78,14,4292.0,False
2524,80,4,4413.0,False
2524,82,5,4511.0,False
2524,93,10,5113.0,False
2524,99,16,5468.0,False
2524,101,7,5577.0,False
2524,103,3,5708.0,False
2524,104,18,5766.0,False
2524,110,19,6129.0,False
2524,113,2,6299.0,False
2524,115,1,6369.0,False
2524,120,11,6677.0,False
2524,123,6,6895.0,False
2525,48,18,2593.0,False
2525,59,13,3273.0,False
2525,66,9,3708.0,False
2525,76,15,4348.0,False
2525,78,19,4476.0,False
2525,82,16,4723.0,False
2525,86,4,4952.0,False
2525,98,7,5500.0,False
2525,100,0,5607.0,False
2525,103,8,5719.0,False
2525,104,3,5789.0,False
2525,107,12,5915.0,False
2525,109,6,6010.0,False
2525,113,5,6246.0,False
2525,114,1,6284.0,False
2525,115,17,6348.0,False
2525,119,10,6557.0,False
2525,120,14,6594.0,False
2525,122,2,6708.0,False
2525,123,11,6790.0,False
2526,44,9,2418.0,False
2526,47,15,2608.0,False
2526,53,13,2952.0,False
2526,55,0,3074.0,False
2526,84,1,4703.0,False
2526,93,18,5101.0,False
2526,97,17,5379.0,False
2526,100,5,5536.0,False
2526,105,11,5933.0,False
2526,106,4,5980.0,False
2526,109,14,6129.0,False
2526,110,2,6177.0,False
2526,111,19,6241.0,False
2526,115,12,6491.0,False
2526,116,6,6546.0,False
2526,118,16,6670.0,False
2526,119,8,6717.0,False
2526,120,7,6762.0,False
2526,121,3,6832.0,False
2526,123,10,6938.0,False
2527,31,4,1654.0,False
2527,49,9,2680.0,False
2527,53,17,2944.0,False
2527,60,15,3304.0,False
2527,61,18,3362.0,False
2527,76,5,4238.0,False
2527,83,13,4602.0,False
2527,86,7,4740.0,False
2527,88,0,4865.0,False
2527,89,16,4949.0,False
2527,93,14,5177.0,False
2527,97,19,5407.0,False
2527,99,12,5485.0,False
2527,105,10,5818.0,False
2527,107,3,5926.0,False
2527,108,2,5974.0,False
2527,111,1,6131.0,False
2527,112,8,6165.0,False
2527,120,11,6669.0,False
2527,123,6,6887.0,False
2528,37,13,2091.0,False
2528,55,4,3069.0,False
2528,69,18,3788.0,False
2528,71,15,3872.0,False
2528,76,3,4089.0,False
2528,80,0,4320.0,False
2528,85,5,4599.0,False
2528,86,12,4635.0,False
2528,88,14,4750.0,False
2528,93,1,5028.0,False
2528,94,17,5094.0,False
2528,97,9,5285.0,False
2528,105,8,5753.0,False
2528,110,11,6107.0,False
2528,116,19,6491.0,False
2528,118,7,6579.0,False
2528,120,16,6713.0,False
2528,121,2,6763.0,False
2528,122,10,6831.0,False
2528,123,6,6886.0,False
2529,17,15,773.0,False
2529,46,13,2456.0,False
2529,58,4,3181.0,False
2529,66,14,3664.0,False
2529,71,9,3938.0,False
2529,73,17,4058.0,False
2529,78,2,4325.0,False
2529,80,18,4436.0,False
2529,81,1,4474.0,False
2529,94,11,5200.0,False
2529,98,5,5430.0,False
2529,101,10,5608.0,False
2529,103,0,5689.0,False
2529,110,12,6097.0,False
2529,115,6,6392.0,False
2529,116,7,6437.0,False
2529,118,16,6559.0,False
2529,120,19,6677.0,False
2529,121,3,6735.0,False
2529,123,8,6829.0,False
2530,43,15,2391.0,False
2530,46,4,2534.0,False
2530,57,13,3271.0,False
2530,65,9,3802.0,False
2530,66,14,3834.0,False
2530,75,1,4285.0,False
2530,91,3,5130.0,False
2530,92,0,5172.0,False
2530,93,7,5217.0,False
2530,94,12,5253.0,False
2530,95,17,5317.0,False
2530,97,6,5438.0,False
2530,98,19,5493.0,False
2530,103,8,5758.0,False
2530,105,16,5883.0,False
2530,109,5,6049.0,False
2530,114,11,6342.0,False
2530,115,18,6400.0,False
2530,120,2,6656.0,False
2530,123,10,6828.0,False
2531,54,7,2934.0,False
2531,66,15,3662.0,False
2531,70,13,3933.0,False
2531,71,0,3984.0,False
2531,75,3,4209.0,False
2531,76,19,4264.0,False
2531,78,8,4350.0,False
2531,82,17,4543.0,False
2531,87,4,4791.0,False
2531,93,12,5109.0,False
2531,95,16,5232.0,False
2531,100,1,5464.0,False
2531,102,18,5576.0,False
2531,104,9,5702.0,False
2531,107,6,5917.0,False
2531,112,5,6201.0,False
2531,115,2,6364.0,False
2531,118,10,6524.0,False
2531,122,14,6773.0,False
2531,123,11,6857.0,False
2532,39,15,2033.0,False
2532,55,9,3017.0,False
2532,69,1,3754.0,False
2532,73,12,3989.0,False
2532,77,8,4207.0,False
2532,81,16,4430.0,False
2532,89,6,4832.0,False
2532,92,0,4992.0,False
2532,94,18,5102.0,False
2532,97,4,5270.0,False
2532,98,5,5307.0,False
2532,99,11,5404.0,False
2532,101,3,5534.0,False
2532,105,7,5781.0,False
2532,106,17,5847.0,False
2532,111,19,6152.0,False
2532,114,10,6348.0,False
2532,115,14,6380.0,False
2532,122,13,6825.0,False
2532,123,2,6869.0,False
2533,51,0,2859.0,False
2533,53,17,2979.0,False
2533,60,8,3366.0,False
2533,61,15,3410.0,False
2533,64,9,3571.0,False
2533,76,10,4271.0,False
2533,97,6,5432.0,False
2533,98,12,5468.0,False
2533,100,7,5562.0,False
2533,103,11,5782.0,False
2533,104,4,5828.0,False
2533,105,5,5865.0,False
2533,106,19,5930.0,False
2533,109,18,6139.0,False
2533,110,14,6176.0,False
2533,111,1,6209.0,False
2533,113,2,6306.0,False
2533,116,13,6501.0,False
2533,120,16,6728.0,False
2533,123,3,6916.0,False
2534,36,7,1970.0,False
2534,43,18,2310.0,False
2534,45,1,2399.0,False
2534,62,9,3451.0,False
2534,72,0,4047.0,False
2534,77,4,4357.0,False
2534,82,13,4633.0,False
2534,84,6,4741.0,False
2534,87,12,4848.0,False
2534,90,17,5059.0,False
2534,91,15,5103.0,False
2534,97,19,5468.0,False
2534,105,10,5938.0,False
2534,107,2,6048.0,False
2534,109,8,6138.0,False
2534,112,14,6280.0,False
2534,113,11,6362.0,False
2534,118,16,6629.0,False
2534,121,5,6773.0,False
2534,123,3,6900.0,False
2535,53,7,2907.0,False
2535,56,13,3094.0,False
2535,68,6,3775.0,False
2535,69,0,3826.0,False
2535,74,9,4112.0,False
2535,77,15,4261.0,False
2535,81,12,4425.0,False
2535,87,5,4745.0,False
2535,88,17,4816.0,False
2535,96,11,5284.0,False
2535,97,1,5323.0,False
2535,100,18,5488.0,False
2535,103,8,5639.0,False
2535,104,10,5722.0,False
2535,106,4,5824.0,False
2535,113,16,6251.0,False
2535,116,2,6422.0,False
2535,117,19,6486.0,False
2535,122,3,6781.0,False
2535,123,14,6818.0,False
2536,46,0,2637.0,False
2536,53,6,3021.0,False
2536,56,7,3168.0,False
2536,71,2,3948.0,False
2536,80,15,4487.0,False
2536,83,8,4613.0,False
2536,87,9,4846.0,False
2536,93,13,5177.0,False
2536,98,11,5485.0,False
2536,102,18,5678.0,False
2536,105,4,5860.0,False
2536,107,12,5970.0,False
2536,108,3,6033.0,False
2536,110,17,6169.0,False
2536,112,19,6298.0,False
2536,113,5,6324.0,False
2536,114,1,6362.0,False
2536,120,16,6727.0,False
2536,121,14,6765.0,False
2536,123,10,6873.0,False
2537,34,4,1767.0,False
2537,51,7,2738.0,False
2537,66,6,3668.0,False
2537,80,15,4461.0,False
2537,83,17,4630.0,False
2537,84,16,4705.0,False
2537,87,11,4931.0,False
2537,88,2,4981.0,False
2537,91,0,5115.0,False
2537,92,9,5191.0,False
2537,96,19,5427.0,False
2537,98,8,5520.0,False
2537,105,3,5925.0,False
2537,106,5,5956.0,False
2537,108,18,6049.0,False
2537,110,13,6172.0,False
2537,113,1,6313.0,False
2537,117,12,6449.0,False
2537,121,10,6665.0,False
2537,123,14,6780.0,False
2538,44,19,2422.0,False
2538,56,0,3171.0,False
2538,59,6,3348.0,False
2538,62,7,3557.0,False
2538,79,13,4509.0,False
2538,81,4,4603.0,False
2538,83,3,4713.0,False
2538,87,8,4888.0,False
2538,92,1,5114.0,False
2538,94,17,5222.0,False
2538,98,15,5388.0,False
2538,102,10,5594.0,False
2538,110,14,6108.0,False
2538,112,11,6245.0,False
2538,114,2,6345.0,False
2538,115,18,6412.0,False
2538,116,9,6500.0,False
2538,118,16,6625.0,False
2538,121,5,6784.0,False
2538,123,12,6854.0,False
2539,46,8,2504.0,False
2539,53,12,2805.0,False
2539,61,0,3185.0,False
2539,66,19,3461.0,False
2539,70,17,3717.0,False
2539,73,9,3898.0,False
2539,76,1,4048.0,False
2539,77,15,4092.0,False
2539,78,5,4127.0,False
2539,79,6,4191.0,False
2539,82,7,4351.0,False
2539,90,11,4939.0,False
2539,100,2,5501.0,False
2539,105,16,5819.0,False
2539,106,14,5856.0,False
2539,108,4,5983.0,False
2539,118,10,6502.0,False
2539,120,13,6629.0,False
2539,121,3,6694.0,False
2539,123,18,6801.0,False
2540,32,7,1819.0,False
2540,51,9,2946.0,False
2540,53,0,3032.0,False
2540,71,17,4054.0,False
2540,80,4,4536.0,False
2540,83,16,4731.0,False
2540,85,5,4831.0,False
2540,86,13,4896.0,False
2540,87,8,4940.0,False
2540,89,19,5033.0,False
2540,92,10,5218.0,False
2540,93,12,5244.0,False
2540,99,15,5480.0,False
2540,106,1,5798.0,False
2540,110,11,6085.0,False
2540,112,6,6196.0,False
2540,117,14,6482.0,False
2540,119,2,6601.0,False
2540,120,3,6664.0,False
2540,123,18,6836.0,False
2541,42,9,2387.0,False
2541,46,18,2644.0,False
2541,67,4,3846.0,False
2541,69,0,3980.0,False
2541,79,15,4456.0,False
2541,83,7,4666.0,False
2541,87,17,4872.0,False
2541,90,2,5007.0,False
2541,95,13,5252.0,False
2541,99,5,5458.0,False
2541,100,1,5496.0,False
2541,101,19,5551.0,False
2541,102,10,5621.0,False
2541,103,11,5690.0,False
2541,111,6,6195.0,False
2541,112,14,6232.0,False
2541,115,16,6416.0,False
2541,117,12,6489.0,False
2541,120,3,6682.0,False
2541,123,8,6829.0,False
2542,41,6,2330.0,False
2542,59,4,3308.0,False
2542,61,19,3437.0,False
2542,65,7,3660.0,False
2542,66,0,3713.0,False
2542,88,11,4961.0,False
2542,90,2,5049.0,False
2542,91,8,5093.0,False
2542,97,13,5410.0,False
2542,98,17,5476.0,False
2542,100,18,5577.0,False
2542,103,12,5703.0,False
2542,104,15,5747.0,False
2542,106,16,5882.0,False
2542,110,5,6070.0,False
2542,114,1,6277.0,False
2542,115,10,6347.0,False
2542,117,9,6493.0,False
2542,119,14,6627.0,False
2542,123,3,6841.0,False
2543,49,19,2705.0,False
2543,54,9,3013.0,False
2543,56,0,3103.0,False
2543,59,17,3289.0,False
2543,60,2,3328.0,False
2543,69,7,3846.0,False
2543,70,6,3910.0,False
2543,71,11,3992.0,False
2543,85,4,4758.0,False
2543,86,8,4805.0,False
2543,87,15,4849.0,False
2543,90,18,4988.0,False
2543,92,10,5111.0,False
2543,93,5,5142.0,False
2543,101,13,5648.0,False
2543,105,1,5792.0,False
2543,108,12,5938.0,False
2543,121,16,6737.0,False
2543,122,3,6795.0,False
2543,123,14,6833.0,False
2544,38,17,2189.0,False
2544,52,19,3036.0,False
2544,62,7,3659.0,False
2544,67,6,3943.0,False
2544,76,13,4447.0,False
2544,77,4,4494.0,False
2544,78,11,4578.0,False
2544,79,0,4631.0,False
2544,91,9,5323.0,False
2544,99,15,5733.0,False
2544,100,3,5798.0,False
2544,102,18,5896.0,False
2544,104,8,5990.0,False
2544,108,14,6156.0,False
2544,112,2,6369.0,False
2544,113,10,6437.0,False
2544,117,16,6664.0,False
2544,120,12,6805.0,False
2544,121,5,6831.0,False
2544,123,1,6901.0,False
2545,37,7,2085.0,False
2545,39,0,2210.0,False
2545,42,19,2378.0,False
2545,53,17,3032.0,False
2545,60,6,3411.0,False
2545,65,4,3730.0,False
2545,78,9,4425.0,False
2545,83,8,4679.0,False
2545,89,2,5016.0,False
2545,90,13,5084.0,False
2545,91,10,5154.0,False
2545,94,18,5301.0,False
2545,95,11,5370.0,False
2545,104,12,5926.0,False
2545,111,5,6224.0,False
2545,112,1,6262.0,False
2545,116,16,6490.0,False
2545,117,15,6534.0,False
2545,120,14,6696.0,False
2545,123,3,6877.0,False
2546,26,9,1398.0,False
2546,40,0,2121.0,False
2546,46,7,2451.0,False
2546,55,4,2906.0,False
2546,61,19,3289.0,False
2546,72,17,3968.0,False
2546,75,18,4145.0,False
2546,81,15,4500.0,False
2546,88,11,4894.0,False
2546,89,8,4938.0,False
2546,97,2,5396.0,False
2546,99,16,5531.0,False
2546,101,5,5632.0,False
2546,104,13,5802.0,False
2546,106,12,5902.0,False
2546,108,6,5999.0,False
2546,119,10,6587.0,False
2546,121,14,6678.0,False
2546,122,3,6741.0,False
2546,123,1,6774.0,False
2547,36,0,1947.0,False
2547,51,7,2804.0,False
2547,63,15,3500.0,False
2547,64,11,3584.0,False
2547,65,17,3643.0,False
2547,77,8,4353.0,False
2547,79,18,4459.0,False
2547,80,9,4539.0,False
2547,82,6,4647.0,False
2547,91,13,5162.0,False
2547,99,16,5606.0,False
2547,104,10,5917.0,False
2547,107,14,6038.0,False
2547,109,2,6150.0,False
2547,110,5,6181.0,False
2547,113,12,6278.0,False
2547,118,1,6497.0,False
2547,119,3,6560.0,False
2547,122,4,6746.0,False
2547,123,19,6801.0,False
2548,38,19,2088.0,False
2548,57,17,3233.0,False
2548,65,8,3640.0,False
2548,69,9,3879.0,False
2548,80,0,4499.0,False
2548,81,2,4543.0,False
2548,84,11,4753.0,False
2548,88,7,4939.0,False
2548,90,12,5003.0,False
2548,91,18,5061.0,False
2548,92,15,5105.0,False
2548,94,13,5224.0,False
2548,98,6,5477.0,False
2548,100,10,5615.0,False
2548,107,14,5989.0,False
2548,109,4,6133.0,False
2548,112,16,6318.0,False
2548,117,5,6547.0,False
2548,120,3,6730.0,False
2548,123,1,6832.0,False
2549,32,0,1699.0,False
2549,71,17,3958.0,False
2549,73,8,4057.0,False
2549,75,19,4155.0,False
2549,76,12,4186.0,False
2549,78,11,4328.0,False
2549,80,4,4448.0,False
2549,85,18,4745.0,False
2549,89,7,4951.0,False
2549,91,13,5089.0,False
2549,94,15,5242.0,False
2549,105,6,5891.0,False
2549,108,2,6063.0,False
2549,109,9,6136.0,False
2549,110,5,6167.0,False
2549,115,10,6501.0,False
2549,116,14,6539.0,False
2549,117,3,6597.0,False
2549,121,16,6823.0,False
2549,123,1,6894.0,False
2550,35,17,1989.0,False
2550,43,4,2456.0,False
2550,45,7,2547.0,False
2550,53,0,2971.0,False
2550,63,18,3510.0,False
2550,66,12,3649.0,False
2550,70,11,3884.0,False
2550,82,15,4572.0,False
2550,84,9,4706.0,False
2550,92,6,5233.0,False
2550,93,19,5288.0,False
2550,99,2,5598.0,False
2550,102,8,5712.0,False
2550,105,13,5891.0,False
2550,114,10,6389.0,False
2550,117,3,6580.0,False
2550,118,14,6612.0,False
2550,120,16,6737.0,False
2550,122,5,6838.0,False
2550,123,1,6876.0,False
2551,32,7,1820.0,False
2551,55,4,3063.0,False
2551,60,8,3363.0,False
2551,62,0,3473.0,False
2551,67,9,3774.0,False
2551,76,19,4292.0,False
2551,77,13,4371.0,False
2551,87,17,4929.0,False
2551,88,6,4994.0,False
2551,89,11,5076.0,False
2551,100,18,5717.0,False
2551,103,15,5879.0,False
2551,105,3,5980.0,False
2551,106,2,6028.0,False
2551,108,10,6135.0,False
2551,111,16,6350.0,False
2551,115,12,6521.0,False
2551,120,1,6731.0,False
2551,121,5,6766.0,False
2551,123,14,6884.0,False
2552,37,4,2099.0,False
2552,40,7,2250.0,False
2552,55,9,3143.0,False
2552,60,17,3429.0,False
2552,65,19,3689.0,False
2552,79,0,4472.0,False
2552,84,16,4771.0,False
2552,89,10,5064.0,False
2552,95,6,5481.0,False
2552,96,8,5520.0,False
2552,99,11,5694.0,False
2552,101,2,5775.0,False
2552,106,3,6063.0,False
2552,109,18,6248.0,False
2552,111,13,6353.0,False
2552,114,15,6500.0,False
2552,117,5,6612.0,False
2552,119,14,6732.0,False
2552,120,1,6765.0,False
2552,123,12,6889.0,False
2553,28,7,1527.0,False
2553,69,8,3980.0,False
2553,70,9,4060.0,False
2553,74,10,4263.0,False
2553,77,0,4426.0,False
2553,80,17,4615.0,False
2553,81,4,4662.0,False
2553,82,11,4744.0,False
2553,83,6,4799.0,False
2553,85,13,4918.0,False
2553,89,18,5147.0,False
2553,96,19,5464.0,False
2553,99,2,5620.0,False
2553,104,1,5840.0,False
2553,109,3,6148.0,False
2553,112,5,6273.0,False
2553,116,12,6496.0,False
2553,117,15,6540.0,False
2553,120,16,6733.0,False
2553,123,14,6923.0,False
2554,30,17,1688.0,False
2554,37,4,2086.0,False
2554,43,0,2444.0,False
2554,45,7,2542.0,False
2554,68,8,3800.0,False
2554,72,6,4022.0,False
2554,78,19,4363.0,False
2554,80,10,4509.0,False
2554,81,18,4576.0,False
2554,83,2,4667.0,False
2554,93,11,5234.0,False
2554,95,15,5338.0,False
2554,98,9,5507.0,False
2554,102,13,5713.0,False
2554,110,12,6156.0,False
2554,111,16,6231.0,False
2554,112,3,6294.0,False
2554,116,5,6515.0,False
2554,121,14,6778.0,False
2554,123,1,6843.0,False
2555,38,17,2110.0,False
2555,40,4,2217.0,False
2555,42,15,2306.0,False
2555,48,7,2615.0,False
2555,55,8,3051.0,False
2555,65,9,3642.0,False
2555,74,6,4203.0,False
2555,92,11,5277.0,False
2555,96,14,5454.0,False
2555,97,10,5509.0,False
2555,98,18,5564.0,False
2555,103,13,5844.0,False
2555,104,2,5883.0,False
2555,106,12,5949.0,False
2555,107,19,6013.0,False
2555,108,0,6055.0,False
2555,117,16,6604.0,False
2555,119,5,6705.0,False
2555,120,3,6768.0,False
2555,123,1,6870.0,False
2556,21,8,1018.0,False
2556,24,0,1199.0,False
2556,43,7,2354.0,False
2556,47,4,2578.0,False
2556,63,9,3526.0,False
2556,73,17,4056.0,False
2556,77,19,4278.0,False
2556,82,11,4581.0,False
2556,86,3,4803.0,False
2556,93,6,5172.0,False
2556,99,15,5489.0,False
2556,102,5,5633.0,False
2556,107,16,5934.0,False
2556,112,13,6200.0,False
2556,117,18,6520.0,False
2556,118,2,6564.0,False
2556,120,12,6633.0,False
2556,121,10,6703.0,False
2556,122,1,6736.0,False
2556,123,14,6768.0,False
2557,51,17,2840.0,False
2557,55,8,3071.0,False
2557,63,19,3479.0,False
2557,65,0,3603.0,False
2557,69,7,3802.0,False
2557,74,10,4107.0,False
2557,81,13,4494.0,False
2557,82,4,4533.0,False
2557,89,2,4961.0,False
2557,90,6,5025.0,False
2557,94,11,5249.0,False
2557,95,18,5307.0,False
2557,102,12,5619.0,False
2557,103,15,5663.0,False
2557,109,3,6023.0,False
2557,110,9,6103.0,False
2557,116,16,6529.0,False
2557,117,5,6566.0,False
2557,121,14,6774.0,False
2557,123,1,6839.0,False
2558,43,7,2427.0,False
2558,47,17,2632.0,False
2558,70,0,3850.0,False
2558,77,11,4308.0,False
2558,79,10,4465.0,False
2558,83,9,4697.0,False
2558,88,2,4939.0,False
2558,91,12,5050.0,False
2558,93,4,5130.0,False
2558,97,1,5319.0,False
2558,105,5,5771.0,False
2558,108,15,5953.0,False
2558,110,6,6064.0,False
2558,112,3,6180.0,False
2558,113,8,6214.0,False
2558,114,19,6278.0,False
2558,116,13,6401.0,False
2558,117,18,6468.0,False
2558,119,14,6583.0,False
2558,123,16,6873.0,False
2559,33,9,1862.0,False
2559,42,0,2387.0,False
2559,60,19,3338.0,False
2559,65,15,3614.0,False
2559,70,10,3924.0,False
2559,71,4,3971.0,False
2559,79,8,4422.0,False
2559,81,17,4531.0,False
2559,95,3,5354.0,False
2559,97,7,5427.0,False
2559,100,11,5622.0,False
2559,102,13,5745.0,False
2559,106,12,5915.0,False
2559,109,6,6086.0,False
2559,112,16,6285.0,False
2559,118,14,6621.0,False
2559,119,2,6669.0,False
2559,120,18,6727.0,False
2559,121,5,6758.0,False
2559,123,1,6828.0,False
2560,32,4,1713.0,False
2560,51,9,2833.0,False
2560,60,17,3376.0,False
2560,61,0,3427.0,False
2560,64,19,3606.0,False
2560,65,13,3674.0,False
2560,68,8,3829.0,False
2560,79,15,4455.0,False
2560,96,18,5364.0,False
2560,100,7,5536.0,False
2560,102,2,5648.0,False
2560,105,11,5823.0,False
2560,108,12,5960.0,False
2560,109,3,6023.0,False
2560,112,10,6262.0,False
2560,113,14,6294.0,False
2560,115,6,6414.0,False
2560,116,5,6449.0,False
2560,120,1,6659.0,False
2560,123,16,6843.0,False
2561,32,9,1738.0,False
2561,37,13,2018.0,False
2561,41,15,2208.0,False
2561,47,17,2573.0,False
2561,49,18,2684.0,False
2561,60,4,3337.0,False
2561,66,0,3624.0,False
2561,81,19,4511.0,False
2561,91,7,5082.0,False
2561,92,6,5146.0,False
2561,96,5,5336.0,False
2561,98,11,5484.0,False
2561,107,2,5999.0,False
2561,110,12,6113.0,False
2561,111,8,6152.0,False
2561,113,3,6286.0,False
2561,118,14,6543.0,False
2561,120,16,6650.0,False
2561,122,1,6715.0,False
2561,123,10,6785.0,False
2562,32,15,1762.0,False
2562,51,17,2911.0,False
2562,64,9,3621.0,False
2562,72,4,4077.0,False
2562,74,18,4187.0,False
2562,83,0,4671.0,False
2562,88,8,4972.0,False
2562,93,7,5196.0,False
2562,94,14,5228.0,False
2562,96,11,5362.0,False
2562,99,5,5487.0,False
2562,101,13,5624.0,False
2562,110,16,6120.0,False
2562,114,10,6390.0,False
2562,115,2,6438.0,False
2562,116,3,6496.0,False
2562,118,6,6599.0,False
2562,120,19,6724.0,False
2562,121,1,6757.0,False
2562,123,12,6817.0,False
2563,37,17,2013.0,False
2563,55,13,3030.0,False
2563,63,15,3463.0,False
2563,66,4,3633.0,False
2563,70,9,3882.0,False
2563,72,6,4009.0,False
2563,73,18,4076.0,False
2563,79,11,4419.0,False
2563,82,19,4601.0,False
2563,93,0,5220.0,False
2563,96,2,5407.0,False
2563,102,3,5719.0,False
2563,106,16,5963.0,False
2563,108,5,6040.0,False
2563,109,8,6084.0,False
2563,110,10,6152.0,False
2563,112,14,6267.0,False
2563,115,7,6395.0,False
2563,120,12,6662.0,False
2563,123,1,6759.0,False
2564,51,17,2729.0,False
2564,52,0,2776.0,False
2564,58,9,3160.0,False
2564,60,15,3249.0,False
2564,63,18,3427.0,False
2564,72,4,3913.0,False
2564,85,7,4663.0,False
2564,92,6,5077.0,False
2564,95,11,5276.0,False
2564,103,13,5760.0,False
2564,104,5,5795.0,False
2564,108,2,6028.0,False
2564,109,12,6064.0,False
2564,110,16,6139.0,False
2564,111,10,6209.0,False
2564,114,3,6331.0,False
2564,115,1,6364.0,False
2564,118,8,6489.0,False
2564,122,14,6725.0,False
2564,123,19,6780.0,False
2565,50,17,2862.0,False
2565,60,6,3399.0,False
2565,64,4,3651.0,False
2565,67,13,3819.0,False
2565,73,15,4099.0,False
2565,75,0,4196.0,False
2565,79,12,4344.0,False
2565,83,11,4583.0,False
2565,84,3,4641.0,False
2565,87,18,4787.0,False
2565,89,9,4939.0,False
2565,92,19,5119.0,False
2565,96,7,5306.0,False
2565,106,10,5891.0,False
2565,111,8,6195.0,False
2565,118,16,6621.0,False
2565,119,2,6671.0,False
2565,120,14,6708.0,False
2565,121,5,6743.0,False
2565,123,1,6813.0,False
2566,42,18,2402.0,False
2566,45,4,2568.0,False
2566,51,17,2931.0,False
2566,55,9,3175.0,False
2566,76,6,4325.0,False
2566,77,7,4370.0,False
2566,83,3,4745.0,False
2566,92,13,5234.0,False
2566,94,15,5361.0,False
2566,96,1,5455.0,False
2566,100,14,5645.0,False
2566,101,5,5680.0,False
2566,106,0,5936.0,False
2566,111,11,6266.0,False
2566,113,10,6350.0,False
2566,114,8,6389.0,False
2566,117,12,6507.0,False
2566,120,16,6703.0,False
2566,122,19,6824.0,False
2566,123,2,6874.0,False
2567,45,7,2511.0,False
2567,53,18,2942.0,False
2567,55,17,3054.0,False
2567,62,4,3441.0,False
2567,71,0,3863.0,False
2567,72,15,3912.0,False
2567,83,13,4517.0,False
2567,90,12,4973.0,False
2567,98,3,5429.0,False
2567,99,8,5473.0,False
2567,102,1,5587.0,False
2567,103,11,5669.0,False
2567,104,9,5757.0,False
2567,116,6,6457.0,False
2567,118,14,6560.0,False
2567,119,2,6608.0,False
2567,120,10,6676.0,False
2567,121,16,6751.0,False
2567,122,5,6782.0,False
2567,123,19,6837.0,False
2568,42,4,2283.0,False
2568,47,15,2583.0,False
2568,61,0,3398.0,False
2568,62,17,3464.0,False
2568,65,9,3668.0,False
2568,72,18,4115.0,False
2568,85,16,4891.0,False
2568,86,3,4949.0,False
2568,89,7,5090.0,False
2568,90,13,5158.0,False
2568,92,14,5259.0,False
2568,100,6,5722.0,False
2568,102,5,5813.0,False
2568,110,10,6195.0,False
2568,112,2,6305.0,False
2568,114,12,6368.0,False
2568,115,8,6407.0,False
2568,117,19,6534.0,False
2568,122,1,6770.0,False
2568,123,11,6854.0,False
2569,49,7,2699.0,False
2569,55,15,3053.0,False
2569,57,13,3185.0,False
2569,59,9,3319.0,False
2569,60,14,3357.0,False
2569,61,0,3408.0,False
2569,65,4,3665.0,False
2569,80,17,4460.0,False
2569,83,18,4627.0,False
2569,87,8,4869.0,False
2569,89,3,4996.0,False
2569,91,2,5083.0,False
2569,98,1,5466.0,False
2569,107,10,6053.0,False
2569,110,16,6229.0,False
2569,111,11,6311.0,False
2569,113,6,6421.0,False
2569,117,19,6632.0,False
2569,122,5,6850.0,False
2569,123,12,6886.0,False
2570,46,9,2521.0,False
2570,52,4,2830.0,False
2570,54,13,2930.0,False
2570,67,15,3656.0,False
2570,77,1,4281.0,False
2570,81,6,4534.0,False
2570,82,17,4605.0,False
2570,84,7,4699.0,False
2570,93,11,5193.0,False
2570,94,3,5251.0,False
2570,98,10,5459.0,False
2570,104,16,5829.0,False
2570,110,12,6127.0,False
2570,116,2,6447.0,False
2570,117,5,6478.0,False
2570,118,0,6525.0,False
2570,120,14,6612.0,False
2570,121,19,6676.0,False
2570,122,18,6743.0,False
2570,123,8,6777.0,False
2571,35,4,1875.0,False
2571,40,7,2127.0,False
2571,64,15,3516.0,False
2571,71,16,3987.0,False
2571,74,18,4168.0,False
2571,76,10,4280.0,False
2571,89,0,4996.0,False
2571,96,3,5409.0,False
2571,97,8,5453.0,False
2571,98,17,5517.0,False
2571,99,9,5597.0,False
2571,107,13,6012.0,False
2571,111,12,6189.0,False
2571,112,6,6253.0,False
2571,115,2,6444.0,False
2571,117,14,6545.0,False
2571,118,11,6629.0,False
2571,119,1,6662.0,False
2571,120,5,6697.0,False
2571,123,19,6871.0,False
2572,28,7,1529.0,False
2572,30,4,1647.0,False
2572,45,17,2472.0,False
2572,62,9,3398.0,False
2572,72,10,3997.0,False
2572,74,3,4098.0,False
2572,81,12,4467.0,False
2572,84,18,4633.0,False
2572,86,19,4759.0,False
2572,92,5,5038.0,False
2572,93,8,5082.0,False
2572,103,16,5675.0,False
2572,105,13,5809.0,False
2572,109,2,6039.0,False
2572,112,0,6196.0,False
2572,113,15,6245.0,False
2572,114,6,6309.0,False
2572,118,11,6586.0,False
2572,121,14,6733.0,False
2572,123,1,6798.0,False
2573,36,7,2016.0,False
2573,50,0,2795.0,False
2573,62,4,3482.0,False
2573,70,13,3920.0,False
2573,72,17,4051.0,False
2573,74,8,4145.0,False
2573,76,1,4217.0,False
2573,83,16,4573.0,False
2573,90,12,4891.0,False
2573,99,18,5404.0,False
2573,100,9,5492.0,False
2573,103,11,5680.0,False
2573,104,15,5729.0,False
2573,107,2,5943.0,False
2573,108,3,6006.0,False
2573,115,6,6447.0,False
2573,116,19,6502.0,False
2573,117,14,6539.0,False
2573,122,5,6787.0,False
2573,123,10,6857.0,False
2574,46,17,2479.0,False
2574,53,7,2867.0,False
2574,58,4,3098.0,False
2574,61,1,3253.0,False
2574,63,16,3381.0,False
2574,67,8,3600.0,False
2574,87,12,4797.0,False
2574,89,2,4866.0,False
2574,95,14,5173.0,False
2574,98,0,5338.0,False
2574,100,3,5445.0,False
2574,103,18,5588.0,False
2574,104,19,5652.0,False
2574,106,5,5751.0,False
2574,109,9,5943.0,False
2574,110,13,6022.0,False
2574,113,15,6172.0,False
2574,115,10,6280.0,False
2574,122,6,6688.0,False
2574,123,11,6785.0,False
2575,35,7,1886.0,False
2575,44,17,2413.0,False
2575,53,4,2912.0,False
2575,56,12,3036.0,False
2575,78,1,4133.0,False
2575,85,9,4595.0,False
2575,92,15,5011.0,False
2575,94,18,5141.0,False
2575,98,8,5347.0,False
2575,99,5,5373.0,False
2575,104,2,5640.0,False
2575,108,0,5906.0,False
2575,110,6,6034.0,False
2575,114,19,6283.0,False
2575,117,10,6488.0,False
2575,119,14,6576.0,False
2575,120,13,6640.0,False
2575,121,3,6705.0,False
2575,122,11,6787.0,False
2575,123,16,6862.0,False
2576,46,7,2554.0,False
2576,68,16,3880.0,False
2576,82,12,4545.0,False
2576,83,15,4589.0,False
2576,89,2,4923.0,False
2576,94,5,5159.0,False
2576,95,0,5206.0,False
2576,96,6,5271.0,False
2576,97,4,5318.0,False
2576,101,17,5565.0,False
2576,102,9,5645.0,False
2576,104,13,5780.0,False
2576,106,18,5885.0,False
2576,107,10,5955.0,False
2576,109,1,6037.0,False
2576,115,3,6373.0,False
2576,118,8,6549.0,False
2576,121,19,6714.0,False
2576,122,11,6798.0,False
2576,123,14,6830.0,False
2577,19,0,990.0,False
2577,35,6,1962.0,False
2577,41,7,2252.0,False
2577,49,17,2722.0,False
2577,64,18,3563.0,False
2577,76,8,4202.0,False
2577,78,5,4285.0,False
2577,84,19,4629.0,False
2577,94,1,5127.0,False
2577,97,12,5296.0,False
2577,99,2,5394.0,False
2577,102,3,5559.0,False
2577,112,9,6161.0,False
2577,113,13,6240.0,False
2577,117,4,6452.0,False
2577,118,10,6522.0,False
2577,119,16,6606.0,False
2577,121,14,6708.0,False
2577,122,11,6777.0,False
2577,123,15,6821.0,False
2578,36,17,2000.0,False
2578,39,7,2150.0,False
2578,54,0,3010.0,False
2578,57,8,3179.0,False
2578,62,18,3508.0,False
2578,73,9,4151.0,False
2578,84,4,4729.0,False
2578,87,1,4901.0,False
2578,88,14,4933.0,False
2578,89,19,4997.0,False
2578,95,6,5331.0,False
2578,103,12,5724.0,False
2578,106,15,5887.0,False
2578,107,16,5972.0,False
2578,111,2,6210.0,False
2578,112,5,6241.0,False
2578,115,3,6401.0,False
2578,117,13,6524.0,False
2578,118,10,6594.0,False
2578,123,11,6872.0,False
2579,22,7,1230.0,False
2579,43,8,2423.0,False
2579,71,9,3994.0,False
2579,82,17,4518.0,False
2579,84,1,4617.0,False
2579,89,5,4871.0,False
2579,92,11,5049.0,False
2579,94,4,5155.0,False
2579,98,13,5424.0,False
2579,101,6,5613.0,False
2579,102,10,5683.0,False
2579,103,0,5730.0,False
2579,104,3,5788.0,False
2579,110,18,6156.0,False
2579,111,2,6200.0,False
2579,112,14,6237.0,False
2579,115,12,6334.0,False
2579,120,16,6627.0,False
2579,122,19,6727.0,False
2579,123,15,6771.0,False
2580,20,8,975.0,False
2580,60,7,3388.0,False
2580,66,0,3756.0,False
2580,73,17,4152.0,False
2580,77,6,4352.0,False
2580,80,18,4553.0,False
2580,81,19,4617.0,False
2580,88,5,4975.0,False
2580,89,3,5045.0,False
2580,91,14,5125.0,False
2580,92,4,5172.0,False
2580,103,2,5745.0,False
2580,104,15,5794.0,False
2580,109,11,6116.0,False
2580,112,1,6249.0,False
2580,114,10,6354.0,False
2580,117,13,6506.0,False
2580,118,16,6581.0,False
2580,122,12,6765.0,False
2580,123,9,6841.0,False
2581,23,8,1109.0,False
2581,34,12,1773.0,False
2581,38,17,2025.0,False
2581,48,7,2498.0,False
2581,67,4,3600.0,False
2581,74,0,3964.0,False
2581,75,18,4022.0,False
2581,76,6,4086.0,False
2581,79,5,4227.0,False
2581,88,11,4784.0,False
2581,96,1,5193.0,False
2581,100,14,5413.0,False
2581,102,2,5517.0,False
2581,104,10,5682.0,False
2581,106,9,5825.0,False
2581,118,15,6491.0,False
2581,119,19,6556.0,False
2581,120,13,6624.0,False
2581,121,3,6689.0,False
2581,123,16,6814.0,False
2582,37,8,2002.0,False
2582,43,17,2282.0,False
2582,48,18,2590.0,False
2582,64,7,3487.0,False
2582,65,0,3540.0,False
2582,72,12,3889.0,False
2582,81,5,4437.0,False
2582,83,4,4531.0,False
2582,85,9,4664.0,False
2582,95,16,5205.0,False
2582,96,1,5238.0,False
2582,97,6,5293.0,False
2582,101,11,5528.0,False
2582,105,19,5774.0,False
2582,107,3,5878.0,False
2582,110,10,6042.0,False
2582,111,15,6086.0,False
2582,119,14,6559.0,False
2582,120,13,6627.0,False
2582,123,2,6786.0,False
2583,24,0,1221.0,False
2583,35,17,1796.0,False
2583,44,7,2410.0,False
2583,49,15,2690.0,False
2583,54,8,2907.0,False
2583,65,6,3479.0,False
2583,75,4,4079.0,False
2583,80,18,4329.0,False
2583,82,9,4469.0,False
2583,93,5,5045.0,False
2583,94,12,5081.0,False
2583,95,1,5114.0,False
2583,102,11,5537.0,False
2583,105,3,5721.0,False
2583,107,19,5810.0,False
2583,112,13,6115.0,False
2583,114,14,6191.0,False
2583,118,10,6458.0,False
2583,121,2,6640.0,False
2583,123,16,6765.0,False
2584,50,7,2742.0,False
2584,51,4,2789.0,False
2584,63,18,3506.0,False
2584,66,8,3611.0,False
2584,68,17,3720.0,False
2584,71,6,3863.0,False
2584,73,15,3950.0,False
2584,75,0,4071.0,False
2584,78,1,4232.0,False
2584,83,12,4442.0,False
2584,86,3,4652.0,False
2584,90,11,4897.0,False
2584,100,5,5429.0,False
2584,101,19,5494.0,False
2584,106,14,5806.0,False
2584,107,2,5854.0,False
2584,118,9,6504.0,False
2584,119,10,6587.0,False
2584,121,16,6728.0,False
2584,123,13,6847.0,False
2585,50,8,2837.0,False
2585,53,4,2988.0,False
2585,54,17,3059.0,False
2585,57,7,3185.0,False
2585,58,14,3223.0,False
2585,71,18,4013.0,False
2585,77,1,4292.0,False
2585,81,0,4479.0,False
2585,83,5,4565.0,False
2585,96,9,5279.0,False
2585,98,16,5427.0,False
2585,105,2,5801.0,False
2585,107,13,5953.0,False
2585,108,6,6018.0,False
2585,113,12,6230.0,False
2585,115,15,6337.0,False
2585,118,11,6520.0,False
2585,119,3,6578.0,False
2585,120,19,6642.0,False
2585,123,10,6809.0,False
2586,51,0,2785.0,False
2586,53,8,2886.0,False
2586,65,17,3533.0,False
2586,78,18,4291.0,False
2586,81,7,4399.0,False
2586,82,12,4430.0,False
2586,88,1,4804.0,False
2586,89,9,4877.0,False
2586,91,6,4986.0,False
2586,96,5,5226.0,False
2586,102,15,5524.0,False
2586,108,10,5914.0,False
2586,111,11,6149.0,False
2586,113,4,6249.0,False
2586,114,3,6307.0,False
2586,117,14,6486.0,False
2586,118,2,6534.0,False
2586,120,19,6648.0,False
2586,121,16,6723.0,False
2586,123,13,6843.0,False
2587,23,4,1182.0,False
2587,47,18,2532.0,False
2587,56,12,2989.0,False
2587,63,0,3381.0,False
2587,64,1,3419.0,False
2587,81,17,4446.0,False
2587,83,11,4599.0,False
2587,88,9,4897.0,False
2587,89,2,4945.0,False
2587,91,8,5038.0,False
2587,96,7,5323.0,False
2587,97,14,5355.0,False
2587,98,3,5418.0,False
2587,103,15,5639.0,False
2587,108,19,5941.0,False
2587,110,13,6079.0,False
2587,113,6,6245.0,False
2587,118,10,6548.0,False
2587,122,5,6758.0,False
2587,123,16,6843.0,False
2588,38,4,2134.0,False
2588,58,8,3228.0,False
2588,62,7,3459.0,False
2588,68,17,3822.0,False
2588,75,18,4221.0,False
2588,76,12,4257.0,False
2588,89,14,4913.0,False
2588,91,15,4996.0,False
2588,94,13,5185.0,False
2588,103,3,5721.0,False
2588,104,5,5758.0,False
2588,105,0,5805.0,False
2588,110,1,6082.0,False
2588,113,19,6249.0,False
2588,114,16,6324.0,False
2588,116,2,6418.0,False
2588,119,11,6616.0,False
2588,120,9,6704.0,False
2588,122,6,6811.0,False
2588,123,10,6894.0,False
2589,42,4,2251.0,False
2589,53,12,2823.0,False
2589,68,8,3563.0,False
2589,75,0,3933.0,False
2589,80,15,4218.0,False
2589,83,17,4417.0,False
2589,86,5,4582.0,False
2589,87,3,4640.0,False
2589,94,13,5123.0,False
2589,98,18,5349.0,False
2589,99,1,5382.0,False
2589,101,10,5499.0,False
2589,107,7,5844.0,False
2589,109,6,5989.0,False
2589,115,2,6316.0,False
2589,117,14,6412.0,False
2589,119,16,6559.0,False
2589,120,9,6639.0,False
2589,122,19,6767.0,False
2589,123,11,6864.0,False
2590,33,0,1659.0,False
2590,43,4,2289.0,False
2590,46,12,2451.0,False
2590,48,18,2558.0,False
2590,51,8,2701.0,False
2590,71,9,3962.0,False
2590,83,7,4603.0,False
2590,90,15,4980.0,False
2590,93,13,5126.0,False
2590,96,2,5246.0,False
2590,100,5,5450.0,False
2590,101,17,5521.0,False
2590,105,14,5773.0,False
2590,110,3,6066.0,False
2590,111,19,6121.0,False
2590,112,11,6203.0,False
2590,115,10,6372.0,False
2590,118,16,6540.0,False
2590,121,6,6749.0,False
2590,123,1,6820.0,False
2591,33,8,1742.0,False
2591,44,7,2422.0,False
2591,47,17,2606.0,False
2591,50,18,2758.0,False
2591,52,4,2874.0,False
2591,69,9,3790.0,False
2591,72,10,3990.0,False
2591,73,0,4037.0,False
2591,81,12,4444.0,False
2591,83,3,4566.0,False
2591,85,19,4676.0,False
2591,104,5,5733.0,False
2591,106,15,5814.0,False
2591,109,2,6028.0,False
2591,111,1,6111.0,False
2591,114,11,6290.0,False
2591,115,13,6354.0,False
2591,117,14,6475.0,False
2591,119,6,6620.0,False
2591,123,16,6886.0,False
2592,24,0,1287.0,False
2592,37,4,2087.0,False
2592,51,8,2917.0,False
2592,60,18,3376.0,False
2592,66,13,3723.0,False
2592,75,19,4220.0,False
2592,77,12,4307.0,False
2592,79,7,4432.0,False
2592,89,1,4900.0,False
2592,92,3,5039.0,False
2592,93,2,5087.0,False
2592,100,11,5535.0,False
2592,102,6,5647.0,False
2592,105,15,5827.0,False
2592,108,17,6019.0,False
2592,110,9,6161.0,False
2592,117,10,6586.0,False
2592,119,16,6711.0,False
2592,121,14,6832.0,False
2592,123,5,6931.0,False
2593,29,8,1586.0,False
2593,46,0,2455.0,False
2593,65,7,3489.0,False
2593,71,6,3788.0,False
2593,75,4,4042.0,False
2593,85,14,4664.0,False
2593,87,5,4771.0,False
2593,94,3,5170.0,False
2593,96,18,5260.0,False
2593,97,9,5340.0,False
2593,98,12,5366.0,False
2593,99,2,5405.0,False
2593,101,1,5497.0,False
2593,107,10,5867.0,False
2593,108,19,5931.0,False
2593,109,17,5990.0,False
2593,113,15,6210.0,False
2593,119,11,6602.0,False
2593,122,13,6771.0,False
2593,123,16,6855.0,False
2594,52,8,2817.0,False
2594,54,15,2919.0,False
2594,62,17,3393.0,False
2594,65,13,3577.0,False
2594,73,4,4028.0,False
2594,75,9,4174.0,False
2594,76,1,4213.0,False
2594,80,0,4372.0,False
2594,92,7,4997.0,False
2594,93,18,5055.0,False
2594,98,2,5371.0,False
2594,108,19,5971.0,False
2594,110,6,6099.0,False
2594,111,3,6162.0,False
2594,112,11,6244.0,False
2594,113,14,6276.0,False
2594,114,5,6311.0,False
2594,117,12,6426.0,False
2594,120,10,6644.0,False
2594,123,16,6828.0,False
2595,41,17,2199.0,False
2595,59,1,3279.0,False
2595,65,8,3565.0,False
2595,76,2,4185.0,False
2595,78,4,4288.0,False
2595,87,16,4875.0,False
2595,88,15,4924.0,False
2595,89,9,5012.0,False
2595,94,7,5298.0,False
2595,95,19,5362.0,False
2595,96,12,5388.0,False
2595,99,18,5544.0,False
2595,107,0,5991.0,False
2595,109,3,6125.0,False
2595,113,13,6349.0,False
2595,115,10,6462.0,False
2595,116,14,6494.0,False
2595,121,5,6753.0,False
2595,122,11,6850.0,False
2595,123,6,6914.0,False
2596,43,8,2381.0,False
2596,63,9,3470.0,False
2596,67,14,3707.0,False
2596,75,0,4159.0,False
2596,81,12,4412.0,False
2596,89,15,4842.0,False
2596,90,4,4889.0,False
2596,91,18,4956.0,False
2596,100,19,5528.0,False
2596,104,7,5732.0,False
2596,108,2,5932.0,False
2596,109,6,5996.0,False
2596,110,3,6054.0,False
2596,111,17,6118.0,False
2596,114,10,6289.0,False
2596,115,13,6353.0,False
2596,116,5,6388.0,False
2596,117,1,6426.0,False
2596,120,16,6623.0,False
2596,123,11,6808.0,False
2597,39,13,2168.0,False
2597,47,7,2613.0,False
2597,54,4,3027.0,False
2597,69,1,3853.0,False
2597,74,0,4152.0,False
2597,79,14,4433.0,False
2597,80,19,4498.0,False
2597,83,9,4722.0,False
2597,87,8,4888.0,False
2597,88,18,4943.0,False
2597,93,17,5196.0,False
2597,98,6,5457.0,False
2597,99,11,5539.0,False
2597,103,5,5741.0,False
2597,113,15,6234.0,False
2597,116,2,6368.0,False
2597,117,3,6431.0,False
2597,118,12,6467.0,False
2597,120,10,6639.0,False
2597,123,16,6831.0,False
2598,60,19,3397.0,False
2598,62,1,3486.0,False
2598,67,17,3711.0,False
2598,71,14,3928.0,False
2598,76,10,4231.0,False
2598,83,2,4564.0,False
2598,86,9,4718.0,False
2598,87,0,4765.0,False
2598,88,8,4809.0,False
2598,100,16,5518.0,False
2598,102,18,5628.0,False
2598,103,7,5664.0,False
2598,107,3,5899.0,False
2598,111,13,6151.0,False
2598,113,15,6239.0,False
2598,116,11,6451.0,False
2598,117,4,6490.0,False
2598,120,6,6673.0,False
2598,122,5,6741.0,False
2598,123,12,6777.0,False
2599,61,4,3427.0,False
2599,68,19,3834.0,False
2599,69,13,3899.0,False
2599,74,17,4167.0,False
2599,76,7,4260.0,False
2599,81,15,4518.0,False
2599,82,9,4591.0,False
2599,89,1,5015.0,False
2599,92,14,5140.0,False
2599,96,3,5355.0,False
2599,97,16,5439.0,False
2599,101,12,5634.0,False
2599,102,0,5676.0,False
2599,106,18,5930.0,False
2599,108,2,6021.0,False
2599,110,6,6153.0,False
2599,111,8,6197.0,False
2599,114,10,6381.0,False
2599,122,5,6772.0,False
2599,123,11,6856.0,False
2600,41,0,2225.0,False
2600,44,9,2397.0,False
2600,51,19,2750.0,False
2600,58,4,3216.0,False
2600,68,18,3820.0,False
2600,71,6,4014.0,False
2600,77,12,4279.0,False
2600,80,17,4454.0,False
2600,82,13,4559.0,False
2600,91,8,5014.0,False
2600,92,1,5047.0,False
2600,97,14,5342.0,False
2600,102,2,5606.0,False
2600,104,11,5745.0,False
2600,106,10,5853.0,False
2600,113,15,6180.0,False
2600,116,7,6317.0,False
2600,118,5,6388.0,False
2600,122,16,6670.0,False
2600,123,3,6740.0,False
2601,48,0,2643.0,False
2601,68,12,3802.0,False
2601,71,18,3938.0,False
2601,73,1,4010.0,False
2601,79,15,4340.0,False
2601,80,17,4411.0,False
2601,83,9,4588.0,False
2601,92,2,5116.0,False
2601,95,4,5268.0,False
2601,97,8,5362.0,False
2601,98,10,5445.0,False
2601,101,14,5567.0,False
2601,107,19,5947.0,False
2601,108,13,6026.0,False
2601,112,7,6240.0,False
2601,113,6,6304.0,False
2601,115,5,6399.0,False
2601,121,16,6752.0,False
2601,122,3,6815.0,False
2601,123,11,6897.0,False
2602,23,0,1184.0,False
2602,38,7,2045.0,False
2602,60,19,3327.0,False
2602,61,13,3406.0,False
2602,68,15,3759.0,False
2602,82,17,4546.0,False
2602,84,8,4640.0,False
2602,88,9,4888.0,False
2602,97,4,5387.0,False
2602,98,12,5426.0,False
2602,100,18,5531.0,False
2602,104,3,5752.0,False
2602,107,6,5968.0,False
2602,108,2,6012.0,False
2602,109,14,6049.0,False
2602,110,5,6084.0,False
2602,114,10,6307.0,False
2602,116,1,6390.0,False
2602,118,11,6514.0,False
2602,123,16,6838.0,False
2603,31,19,1699.0,False
2603,46,0,2563.0,False
2603,57,15,3096.0,False
2603,65,13,3493.0,False
2603,67,9,3654.0,False
2603,70,18,3798.0,False
2603,74,10,4043.0,False
2603,77,8,4214.0,False
2603,80,7,4376.0,False
2603,82,17,4498.0,False
2603,83,4,4544.0,False
2603,88,1,4763.0,False
2603,90,12,4841.0,False
2603,104,11,5638.0,False
2603,109,3,5973.0,False
2603,110,2,6017.0,False
2603,118,6,6548.0,False
2603,119,14,6585.0,False
2603,120,5,6620.0,False
2603,123,16,6804.0,False
2604,38,7,1974.0,False
2604,41,0,2190.0,False
2604,44,9,2415.0,False
2604,50,8,2739.0,False
2604,72,18,3923.0,False
2604,73,1,3962.0,False
2604,84,11,4547.0,False
2604,92,12,4891.0,False
2604,94,13,5035.0,False
2604,98,10,5318.0,False
2604,101,2,5489.0,False
2604,104,3,5690.0,False
2604,107,19,5845.0,False
2604,111,15,6039.0,False
2604,115,6,6314.0,False
2604,118,17,6519.0,False
2604,120,16,6660.0,False
2604,121,5,6697.0,False
2604,122,4,6744.0,False
2604,123,14,6782.0,False
2605,48,7,2705.0,False
2605,49,17,2764.0,False
2605,56,8,3079.0,False
2605,61,6,3349.0,False
2605,62,19,3404.0,False
2605,66,1,3619.0,False
2605,68,0,3729.0,False
2605,84,10,4598.0,False
2605,87,9,4796.0,False
2605,89,4,4937.0,False
2605,93,13,5158.0,False
2605,95,11,5297.0,False
2605,97,18,5404.0,False
2605,104,12,5822.0,False
2605,110,5,6096.0,False
2605,113,3,6256.0,False
2605,114,14,6288.0,False
2605,116,15,6371.0,False
2605,121,2,6647.0,False
2605,123,16,6772.0,False
2606,27,0,1430.0,False
2606,36,17,2018.0,False
2606,49,4,2692.0,False
2606,65,6,3598.0,False
2606,73,7,3999.0,False
2606,78,19,4337.0,False
2606,81,15,4484.0,False
2606,84,2,4661.0,False
2606,86,8,4746.0,False
2606,92,9,5102.0,False
2606,96,11,5370.0,False
2606,103,18,5803.0,False
2606,105,13,5926.0,False
2606,111,10,6214.0,False
2606,113,1,6292.0,False
2606,114,12,6318.0,False
2606,117,14,6488.0,False
2606,120,5,6651.0,False
2606,121,3,6714.0,False
2606,123,16,6839.0,False
2607,31,8,1697.0,False
2607,41,7,2239.0,False
2607,54,17,3012.0,False
2607,61,4,3403.0,False
2607,70,2,3951.0,False
2607,74,0,4179.0,False
2607,77,13,4359.0,False
2607,80,6,4512.0,False
2607,82,15,4600.0,False
2607,89,11,5039.0,False
2607,90,9,5127.0,False
2607,91,18,5185.0,False
2607,105,5,5993.0,False
2607,108,19,6181.0,False
2607,111,16,6363.0,False
2607,113,14,6438.0,False
2607,116,10,6572.0,False
2607,118,3,6694.0,False
2607,119,1,6727.0,False
2607,123,12,6891.0,False
2608,28,0,1513.0,False
2608,45,9,2497.0,False
2608,47,8,2594.0,False
2608,51,17,2809.0,False
2608,55,7,2989.0,False
2608,62,3,3382.0,False
2608,76,18,4223.0,False
2608,81,4,4460.0,False
2608,83,2,4557.0,False
2608,86,1,4723.0,False
2608,98,14,5312.0,False
2608,104,10,5679.0,False
2608,106,13,5798.0,False
2608,107,11,5882.0,False
2608,109,19,6009.0,False
2608,112,15,6170.0,False
2608,114,12,6255.0,False
2608,116,16,6379.0,False
2608,120,6,6618.0,False
2608,123,5,6754.0,False
2609,37,0,2074.0,False
2609,42,7,2337.0,False
2609,43,9,2417.0,False
2609,53,8,2914.0,False
2609,63,19,3464.0,False
2609,69,2,3739.0,False
2609,71,1,3816.0,False
2609,74,15,4023.0,False
2609,79,6,4395.0,False
2609,83,4,4651.0,False
2609,90,17,5026.0,False
2609,97,3,5442.0,False
2609,103,18,5773.0,False
2609,107,11,6027.0,False
2609,111,12,6224.0,False
2609,112,10,6294.0,False
2609,113,13,6358.0,False
2609,114,14,6390.0,False
2609,119,5,6608.0,False
2609,123,16,6887.0,False
2610,37,13,2101.0,False
2610,38,17,2167.0,False
2610,50,7,2867.0,False
2610,54,9,3115.0,False
2610,59,19,3415.0,False
2610,75,0,4182.0,False
2610,84,10,4687.0,False
2610,91,8,5023.0,False
2610,95,6,5241.0,False
2610,98,1,5399.0,False
2610,102,4,5623.0,False
2610,103,15,5673.0,False
2610,105,3,5826.0,False
2610,107,11,5963.0,False
2610,111,2,6185.0,False
2610,112,18,6243.0,False
2610,114,14,6361.0,False
2610,117,12,6462.0,False
2610,119,5,6543.0,False
2610,123,16,6834.0,False
2611,18,19,993.0,False
2611,52,1,2894.0,False
2611,54,6,3000.0,False
2611,58,8,3264.0,False
2611,60,17,3358.0,False
2611,62,0,3465.0,False
2611,71,7,3938.0,False
2611,73,18,4040.0,False
2611,76,13,4214.0,False
2611,81,2,4516.0,False
2611,83,9,4649.0,False
2611,88,4,4935.0,False
2611,105,11,5791.0,False
2611,107,12,5882.0,False
2611,108,15,5926.0,False
2611,111,5,6045.0,False
2611,114,10,6180.0,False
2611,120,3,6605.0,False
2611,122,14,6685.0,False
2611,123,16,6760.0,False
2612,21,17,1101.0,False
2612,44,8,2487.0,False
2612,48,0,2687.0,False
2612,50,9,2833.0,False
2612,75,13,4219.0,False
2612,77,4,4319.0,False
2612,82,3,4597.0,False
2612,83,11,4679.0,False
2612,84,19,4743.0,False
2612,85,1,4776.0,False
2612,91,18,5086.0,False
2612,92,7,5122.0,False
2612,97,15,5398.0,False
2612,108,6,6090.0,False
2612,115,12,6438.0,False
2612,116,5,6464.0,False
2612,119,14,6636.0,False
2612,120,2,6684.0,False
2612,122,10,6802.0,False
2612,123,16,6877.0,False
2613,37,7,2010.0,False
2613,47,19,2618.0,False
2613,58,14,3222.0,False
2613,62,8,3455.0,False
2613,75,3,4242.0,False
2613,84,0,4735.0,False
2613,89,13,5009.0,False
2613,91,17,5116.0,False
2613,97,4,5485.0,False
2613,101,18,5685.0,False
2613,102,2,5724.0,False
2613,103,16,5808.0,False
2613,108,11,6145.0,False
2613,109,9,6233.0,False
2613,112,6,6389.0,False
2613,115,1,6510.0,False
2613,120,12,6719.0,False
2613,121,5,6745.0,False
2613,122,15,6794.0,False
2613,123,10,6877.0,False
2614,39,17,2160.0,False
2614,50,13,2868.0,False
2614,56,4,3196.0,False
2614,62,19,3551.0,False
2614,64,8,3642.0,False
2614,78,9,4394.0,False
2614,83,0,4636.0,False
2614,84,18,4694.0,False
2614,85,15,4743.0,False
2614,87,3,4839.0,False
2614,88,1,4872.0,False
2614,93,7,5097.0,False
2614,98,6,5423.0,False
2614,100,11,5572.0,False
2614,107,2,5962.0,False
2614,113,5,6212.0,False
2614,114,10,6280.0,False
2614,117,12,6482.0,False
2614,122,16,6849.0,False
2614,123,14,6887.0,False
2615,29,19,1527.0,False
2615,33,1,1766.0,False
2615,42,17,2306.0,False
2615,59,4,3323.0,False
2615,63,15,3543.0,False
2615,66,0,3711.0,False
2615,69,7,3831.0,False
2615,73,6,4074.0,False
2615,77,13,4319.0,False
2615,83,9,4709.0,False
2615,88,3,5010.0,False
2615,91,8,5149.0,False
2615,104,18,5813.0,False
2615,108,5,5972.0,False
2615,111,12,6144.0,False
2615,112,14,6176.0,False
2615,116,10,6395.0,False
2615,118,2,6487.0,False
2615,119,11,6556.0,False
2615,123,16,6846.0,False
2616,38,17,2171.0,False
2616,40,19,2326.0,False
2616,51,0,2818.0,False
2616,60,13,3341.0,False
2616,61,7,3377.0,False
2616,62,15,3421.0,False
2616,69,4,3815.0,False
2616,71,1,3886.0,False
2616,85,12,4622.0,False
2616,88,8,4802.0,False
2616,91,2,4928.0,False
2616,102,9,5567.0,False
2616,103,3,5637.0,False
2616,105,18,5759.0,False
2616,109,10,6001.0,False
2616,111,11,6175.0,False
2616,115,14,6357.0,False
2616,118,16,6574.0,False
2616,120,6,6695.0,False
2616,123,5,6831.0,False
2617,26,17,1493.0,False
2617,45,1,2509.0,False
2617,62,7,3489.0,False
2617,65,19,3694.0,False
2617,68,13,3847.0,False
2617,70,14,3917.0,False
2617,80,6,4508.0,False
2617,92,9,5183.0,False
2617,94,18,5308.0,False
2617,96,8,5402.0,False
2617,98,15,5510.0,False
2617,99,3,5573.0,False
2617,103,12,5711.0,False
2617,104,0,5753.0,False
2617,105,2,5797.0,False
2617,108,10,5962.0,False
2617,112,4,6190.0,False
2617,115,11,6390.0,False
2617,120,5,6669.0,False
2617,123,16,6863.0,False
2618,38,19,2084.0,False
2618,46,9,2609.0,False
2618,52,7,2911.0,False
2618,62,0,3494.0,False
2618,64,1,3579.0,False
2618,67,17,3734.0,False
2618,79,12,4403.0,False
2618,85,8,4703.0,False
2618,89,14,4924.0,False
2618,90,13,4992.0,False
2618,97,5,5334.0,False
2618,100,6,5509.0,False
2618,105,4,5780.0,False
2618,106,2,5830.0,False
2618,107,3,5893.0,False
2618,109,18,6002.0,False
2618,117,16,6522.0,False
2618,120,11,6712.0,False
2618,122,10,6805.0,False
2618,123,15,6849.0,False
2619,43,17,2411.0,False
2619,47,7,2646.0,False
2619,51,1,2868.0,False
2619,62,13,3407.0,False
2619,74,0,4034.0,False
2619,82,12,4463.0,False
2619,84,19,4618.0,False
2619,85,18,4685.0,False
2619,91,6,5044.0,False
2619,92,3,5114.0,False
2619,99,15,5491.0,False
2619,100,11,5573.0,False
2619,107,10,5942.0,False
2619,108,9,6030.0,False
2619,109,8,6077.0,False
2619,110,4,6123.0,False
2619,111,2,6173.0,False
2619,118,5,6565.0,False
2619,119,16,6650.0,False
2619,123,14,6921.0,False
2620,19,17,934.0,False
2620,32,8,1653.0,False
2620,65,19,3613.0,False
2620,73,12,4044.0,False
2620,79,2,4385.0,False
2620,83,4,4615.0,False
2620,84,7,4651.0,False
2620,88,13,4872.0,False
2620,92,11,5110.0,False
2620,94,9,5261.0,False
2620,96,18,5384.0,False
2620,99,10,5534.0,False
2620,103,1,5724.0,False
2620,108,6,6022.0,False
2620,109,15,6066.0,False
2620,110,0,6117.0,False
2620,113,3,6296.0,False
2620,117,14,6471.0,False
2620,120,5,6659.0,False
2620,123,16,6853.0,False
2621,25,7,1399.0,False
2621,35,17,2024.0,False
2621,41,9,2400.0,False
2621,44,19,2613.0,False
2621,45,13,2681.0,False
2621,54,0,3125.0,False
2621,72,1,4105.0,False
2621,82,18,4665.0,False
2621,83,6,4729.0,False
2621,88,2,5007.0,False
2621,95,8,5363.0,False
2621,98,14,5526.0,False
2621,107,11,5996.0,False
2621,110,3,6138.0,False
2621,111,12,6169.0,False
2621,114,5,6296.0,False
2621,118,10,6571.0,False
2621,119,15,6615.0,False
2621,121,4,6731.0,False
2621,123,16,6848.0,False
2622,40,1,2119.0,False
2622,51,0,2706.0,False
2622,59,7,3107.0,False
2622,63,13,3326.0,False
2622,64,17,3392.0,False
2622,69,18,3621.0,False
2622,78,19,4219.0,False
2622,83,6,4501.0,False
2622,87,4,4764.0,False
2622,89,8,4868.0,False
2622,90,15,4912.0,False
2622,92,9,5061.0,False
2622,104,12,5666.0,False
2622,105,3,5729.0,False
2622,107,11,5867.0,False
2622,117,5,6426.0,False
2622,118,14,6463.0,False
2622,119,10,6546.0,False
2622,121,2,6660.0,False
2622,123,16,6785.0,False
2623,42,7,2199.0,False
2623,47,17,2493.0,False
2623,51,8,2680.0,False
2623,57,1,3041.0,False
2623,60,0,3243.0,False
2623,63,18,3427.0,False
2623,68,6,3671.0,False
2623,78,15,4159.0,False
2623,80,9,4291.0,False
2623,83,14,4501.0,False
2623,87,4,4704.0,False
2623,89,12,4802.0,False
2623,96,19,5197.0,False
2623,100,13,5407.0,False
2623,101,10,5477.0,False
2623,103,5,5556.0,False
2623,106,3,5727.0,False
2623,118,16,6471.0,False
2623,119,2,6519.0,False
2623,123,11,6774.0,False
2624,39,17,2241.0,False
2624,48,8,2765.0,False
2624,56,19,3166.0,False
2624,57,7,3211.0,False
2624,67,6,3846.0,False
2624,76,14,4346.0,False
2624,77,0,4397.0,False
2624,84,11,4794.0,False
2624,92,9,5181.0,False
2624,95,12,5322.0,False
2624,96,18,5380.0,False
2624,99,3,5546.0,False
2624,101,13,5691.0,False
2624,103,15,5786.0,False
2624,104,1,5819.0,False
2624,105,4,5866.0,False
2624,114,10,6428.0,False
2624,121,16,6841.0,False
2624,122,2,6891.0,False
2624,123,5,6922.0,False
2625,40,8,2178.0,False
2625,46,17,2509.0,False
2625,60,0,3281.0,False
2625,64,1,3453.0,False
2625,70,19,3804.0,False
2625,71,13,3868.0,False
2625,72,7,3913.0,False
2625,79,12,4293.0,False
2625,82,18,4462.0,False
2625,85,10,4622.0,False
2625,92,6,4966.0,False
2625,98,9,5345.0,False
2625,102,15,5571.0,False
2625,112,14,6122.0,False
2625,115,11,6318.0,False
2625,116,3,6376.0,False
2625,117,2,6424.0,False
2625,118,5,6455.0,False
2625,119,4,6502.0,False
2625,123,16,6776.0,False
2626,36,1,1966.0,False
2626,42,17,2284.0,False
2626,50,0,2796.0,False
2626,51,8,2840.0,False
2626,53,6,2968.0,False
2626,58,7,3209.0,False
2626,68,12,3698.0,False
2626,79,18,4308.0,False
2626,83,9,4614.0,False
2626,87,13,4841.0,False
2626,93,5,5131.0,False
2626,94,19,5195.0,False
2626,101,11,5615.0,False
2626,105,4,5817.0,False
2626,110,14,6099.0,False
2626,112,2,6180.0,False
2626,114,15,6267.0,False
2626,115,10,6335.0,False
2626,119,3,6548.0,False
2626,123,16,6823.0,False
2627,49,0,2605.0,False
2627,51,9,2756.0,False
2627,52,17,2827.0,False
2627,57,15,3140.0,False
2627,60,6,3309.0,False
2627,66,1,3627.0,False
2627,69,8,3751.0,False
2627,73,18,3956.0,False
2627,76,12,4153.0,False
2627,81,13,4430.0,False
2627,90,7,4979.0,False
2627,94,19,5185.0,False
2627,101,10,5621.0,False
2627,102,4,5668.0,False
2627,108,5,5981.0,False
2627,112,14,6167.0,False
2627,113,11,6249.0,False
2627,116,3,6393.0,False
2627,120,2,6644.0,False
2627,123,16,6837.0,False
2628,23,17,1201.0,False
2628,60,0,3368.0,False
2628,62,19,3494.0,False
2628,70,8,3960.0,False
2628,75,7,4211.0,False
2628,81,12,4545.0,False
2628,85,18,4786.0,False
2628,89,6,5027.0,False
2628,92,13,5200.0,False
2628,97,14,5418.0,False
2628,98,2,5466.0,False
2628,100,15,5587.0,False
2628,101,16,5662.0,False
2628,110,10,6108.0,False
2628,113,1,6238.0,False
2628,115,5,6332.0,False
2628,117,3,6448.0,False
2628,120,4,6598.0,False
2628,121,9,6671.0,False
2628,123,11,6821.0,False
2629,35,17,1919.0,False
2629,42,1,2250.0,False
2629,56,8,3009.0,False
2629,61,0,3280.0,False
2629,69,9,3807.0,False
2629,73,18,4033.0,False
2629,83,13,4639.0,False
2629,88,10,4941.0,False
2629,93,6,5248.0,False
2629,95,15,5337.0,False
2629,99,7,5534.0,False
2629,100,3,5592.0,False
2629,101,14,5624.0,False
2629,103,4,5724.0,False
2629,111,12,6161.0,False
2629,112,19,6216.0,False
2629,118,5,6535.0,False
2629,120,2,6614.0,False
2629,122,11,6753.0,False
2629,123,16,6837.0,False
2630,33,17,1865.0,False
2630,41,8,2332.0,False
2630,53,0,2909.0,False
2630,68,6,3786.0,False
2630,75,13,4156.0,False
2630,77,15,4254.0,False
2630,82,1,4525.0,False
2630,83,7,4561.0,False
2630,84,19,4625.0,False
2630,90,11,5001.0,False
2630,92,9,5139.0,False
2630,98,14,5466.0,False
2630,104,4,5761.0,False
2630,106,18,5863.0,False
2630,107,12,5899.0,False
2630,109,10,6019.0,False
2630,113,3,6242.0,False
2630,120,2,6662.0,False
2630,122,16,6787.0,False
2630,123,5,6824.0,False
2631,21,17,1119.0,False
2631,40,19,2195.0,False
2631,55,12,3042.0,False
2631,62,1,3411.0,False
2631,64,18,3520.0,False
2631,68,8,3746.0,False
2631,71,9,3900.0,False
2631,72,0,3947.0,False
2631,84,13,4688.0,False
2631,97,14,5438.0,False
2631,99,7,5509.0,False
2631,102,11,5706.0,False
2631,109,5,6096.0,False
2631,112,2,6253.0,False
2631,114,15,6370.0,False
2631,116,6,6475.0,False
2631,117,16,6550.0,False
2631,118,4,6589.0,False
2631,121,10,6760.0,False
2631,123,3,6882.0,False
2632,27,0,1413.0,False
2632,40,10,2156.0,False
2632,50,1,2706.0,False
2632,58,12,3215.0,False
2632,62,17,3410.0,False
2632,65,8,3514.0,False
2632,70,15,3826.0,False
2632,75,13,4102.0,False
2632,77,19,4209.0,False
2632,81,14,4418.0,False
2632,84,7,4594.0,False
2632,90,9,4977.0,False
2632,102,4,5628.0,False
2632,111,3,6155.0,False
2632,115,6,6407.0,False
2632,116,2,6451.0,False
2632,118,5,6546.0,False
2632,120,18,6652.0,False
2632,121,16,6736.0,False
2632,123,11,6897.0,False
2633,26,17,1422.0,False
2633,40,19,2262.0,False
2633,52,1,2857.0,False
2633,63,0,3478.0,False
2633,65,9,3605.0,False
2633,73,12,4090.0,False
2633,84,13,4742.0,False
2633,86,15,4825.0,False
2633,94,10,5287.0,False
2633,96,18,5394.0,False
2633,98,4,5470.0,False
2633,103,14,5763.0,False
2633,108,7,6062.0,False
2633,112,6,6276.0,False
2633,114,11,6408.0,False
2633,115,8,6455.0,False
2633,116,16,6530.0,False
2633,119,2,6668.0,False
2633,120,5,6699.0,False
2633,123,3,6885.0,False
2634,26,19,1449.0,False
2634,37,17,2103.0,False
2634,52,8,2958.0,False
2634,57,14,3255.0,False
2634,58,7,3291.0,False
2634,64,9,3617.0,False
2634,73,6,4173.0,False
2634,83,0,4627.0,False
2634,87,12,4808.0,False
2634,99,18,5491.0,False
2634,101,15,5594.0,False
2634,103,1,5685.0,False
2634,104,10,5755.0,False
2634,105,3,5813.0,False
2634,106,13,5881.0,False
2634,109,4,6022.0,False
2634,113,2,6220.0,False
2634,118,5,6481.0,False
2634,122,16,6748.0,False
2634,123,11,6845.0,False
2635,38,1,2157.0,False
2635,47,17,2664.0,False
2635,57,9,3242.0,False
2635,58,0,3289.0,False
2635,69,14,3879.0,False
2635,76,8,4227.0,False
2635,77,13,4292.0,False
2635,79,19,4386.0,False
2635,89,12,4881.0,False
2635,93,7,5090.0,False
2635,96,3,5279.0,False
2635,98,11,5404.0,False
2635,100,10,5584.0,False
2635,104,6,5859.0,False
2635,106,18,5975.0,False
2635,111,16,6262.0,False
2635,112,15,6306.0,False
2635,118,5,6619.0,False
2635,122,4,6848.0,False
2635,123,2,6898.0,False
2636,30,17,1671.0,False
2636,44,12,2396.0,False
2636,49,1,2655.0,False
2636,57,9,3114.0,False
2636,60,19,3317.0,False
2636,74,0,4129.0,False
2636,75,6,4193.0,False
2636,76,7,4238.0,False
2636,86,13,4768.0,False
2636,88,10,4891.0,False
2636,94,14,5218.0,False
2636,98,11,5528.0,False
2636,102,3,5760.0,False
2636,103,2,5810.0,False
2636,109,16,6164.0,False
2636,114,4,6458.0,False
2636,116,18,6559.0,False
2636,118,8,6656.0,False
2636,122,15,6844.0,False
2636,123,5,6879.0,False
2637,46,17,2535.0,False
2637,61,7,3375.0,False
2637,62,9,3463.0,False
2637,70,19,3848.0,False
2637,77,12,4172.0,False
2637,78,1,4205.0,False
2637,79,15,4249.0,False
2637,80,3,4312.0,False
2637,90,0,4925.0,False
2637,96,10,5333.0,False
2637,101,18,5644.0,False
2637,106,13,5936.0,False
2637,107,6,6000.0,False
2637,110,16,6230.0,False
2637,112,2,6326.0,False
2637,113,14,6363.0,False
2637,118,4,6639.0,False
2637,119,11,6736.0,False
2637,121,8,6827.0,False
2637,123,5,6908.0,False
2638,43,13,2461.0,False
2638,46,10,2623.0,False
2638,52,9,3051.0,False
2638,59,17,3423.0,False
2638,60,8,3467.0,False
2638,69,1,3843.0,False
2638,76,0,4186.0,False
2638,88,11,4927.0,False
2638,91,19,5111.0,False
2638,93,6,5208.0,False
2638,94,12,5247.0,False
2638,99,14,5469.0,False
2638,104,2,5741.0,False
2638,107,3,5910.0,False
2638,108,18,5968.0,False
2638,114,16,6340.0,False
2638,115,15,6390.0,False
2638,120,7,6680.0,False
2638,122,5,6791.0,False
2638,123,4,6838.0,False
2639,36,17,2066.0,False
2639,54,9,3035.0,False
2639,69,10,3900.0,False
2639,71,1,3965.0,False
2639,84,11,4715.0,False
2639,85,0,4762.0,False
2639,86,19,4827.0,False
2639,91,12,5073.0,False
2639,94,15,5258.0,False
2639,96,7,5371.0,False
2639,98,13,5486.0,False
2639,103,16,5793.0,False
2639,107,4,6003.0,False
2639,110,14,6158.0,False
2639,112,3,6274.0,False
2639,118,8,6653.0,False
2639,119,6,6718.0,False
2639,120,2,6757.0,False
2639,121,5,6788.0,False
2639,123,18,6904.0,False
2640,32,8,1730.0,False
2640,38,9,2125.0,False
2640,46,17,2533.0,False
2640,52,10,2878.0,False
2640,65,6,3647.0,False
2640,87,0,5009.0,False
2640,89,13,5117.0,False
2640,91,7,5191.0,False
2640,92,3,5256.0,False
2640,96,19,5525.0,False
2640,97,2,5564.0,False
2640,100,12,5685.0,False
2640,103,1,5787.0,False
2640,107,16,6011.0,False
2640,111,11,6266.0,False
2640,112,18,6324.0,False
2640,113,14,6362.0,False
2640,116,4,6528.0,False
2640,122,5,6821.0,False
2640,123,15,6870.0,False
2641,24,4,1189.0,False
2641,40,0,2123.0,False
2641,53,9,2902.0,False
2641,56,19,3064.0,False
2641,59,1,3214.0,False
2641,60,8,3248.0,False
2641,74,17,4138.0,False
2641,75,10,4206.0,False
2641,86,6,4756.0,False
2641,92,11,5143.0,False
2641,97,12,5386.0,False
2641,102,13,5712.0,False
2641,106,14,5929.0,False
2641,107,15,5973.0,False
2641,109,3,6105.0,False
2641,111,5,6192.0,False
2641,112,16,6267.0,False
2641,118,7,6571.0,False
2641,121,2,6719.0,False
2641,123,18,6826.0,False
2642,20,9,1113.0,False
2642,27,17,1496.0,False
2642,73,19,4107.0,False
2642,74,8,4141.0,False
2642,76,10,4274.0,False
2642,84,0,4715.0,False
2642,91,3,5149.0,False
2642,93,12,5254.0,False
2642,96,18,5418.0,False
2642,99,6,5610.0,False
2642,102,11,5789.0,False
2642,103,16,5864.0,False
2642,108,4,6112.0,False
2642,110,2,6229.0,False
2642,115,15,6507.0,False
2642,116,7,6552.0,False
2642,118,1,6643.0,False
2642,119,13,6707.0,False
2642,120,14,6739.0,False
2642,123,5,6870.0,False
2643,38,17,2054.0,False
2643,45,9,2503.0,False
2643,48,10,2733.0,False
2643,56,1,3131.0,False
2643,58,19,3226.0,False
2643,74,7,4136.0,False
2643,76,12,4238.0,False
2643,79,14,4391.0,False
2643,84,8,4646.0,False
2643,86,13,4749.0,False
2643,92,4,5132.0,False
2643,96,6,5369.0,False
2643,105,11,5925.0,False
2643,109,0,6106.0,False
2643,110,3,6164.0,False
2643,111,16,6248.0,False
2643,114,18,6447.0,False
2643,116,2,6562.0,False
2643,117,15,6611.0,False
2643,123,5,6907.0,False
2644,48,8,2703.0,False
2644,55,9,3129.0,False
2644,63,18,3639.0,False
2644,72,12,4113.0,False
2644,75,17,4272.0,False
2644,82,7,4652.0,False
2644,83,19,4716.0,False
2644,84,14,4748.0,False
2644,88,15,4926.0,False
2644,92,10,5119.0,False
2644,100,1,5576.0,False
2644,102,6,5707.0,False
2644,103,0,5758.0,False
2644,104,16,5833.0,False
2644,106,13,5968.0,False
2644,112,2,6330.0,False
2644,113,3,6400.0,False
2644,116,4,6543.0,False
2644,122,11,6898.0,False
2644,123,5,6929.0,False
2645,36,1,1865.0,False
2645,45,12,2393.0,False
2645,54,9,2951.0,False
2645,71,7,3893.0,False
2645,74,0,4070.0,False
2645,86,10,4736.0,False
2645,87,13,4800.0,False
2645,94,17,5262.0,False
2645,95,5,5293.0,False
2645,99,4,5491.0,False
2645,104,19,5784.0,False
2645,105,18,5851.0,False
2645,108,8,6017.0,False
2645,109,14,6049.0,False
2645,111,16,6183.0,False
2645,112,6,6238.0,False
2645,114,11,6378.0,False
2645,116,15,6461.0,False
2645,119,2,6613.0,False
2645,123,3,6832.0,False
2646,47,17,2609.0,False
2646,54,9,3079.0,False
2646,62,16,3576.0,False
2646,69,10,4001.0,False
2646,71,13,4137.0,False
2646,77,14,4439.0,False
2646,86,19,4959.0,False
2646,93,0,5315.0,False
2646,96,6,5492.0,False
2646,97,15,5541.0,False
2646,103,7,5782.0,False
2646,104,11,5866.0,False
2646,109,12,6094.0,False
2646,112,8,6243.0,False
2646,114,18,6353.0,False
2646,117,4,6529.0,False
2646,120,3,6714.0,False
2646,121,2,6758.0,False
2646,122,5,6789.0,False
2646,123,1,6827.0,False
2647,18,17,950.0,False
2647,33,9,1830.0,False
2647,46,10,2514.0,False
2647,55,4,3000.0,False
2647,64,18,3483.0,False
2647,76,12,4118.0,False
2647,86,1,4748.0,False
2647,90,6,4995.0,False
2647,99,14,5584.0,False
2647,102,13,5744.0,False
2647,103,19,5808.0,False
2647,105,16,5936.0,False
2647,106,7,5981.0,False
2647,108,8,6091.0,False
2647,113,3,6356.0,False
2647,117,5,6540.0,False
2647,118,11,6622.0,False
2647,120,0,6699.0,False
2647,122,15,6814.0,False
2647,123,2,6862.0,False
2648,38,17,2131.0,False
2648,53,19,3112.0,False
2648,61,15,3528.0,False
2648,67,13,3876.0,False
2648,73,9,4220.0,False
2648,82,10,4721.0,False
2648,83,1,4759.0,False
2648,85,6,4870.0,False
2648,86,18,4937.0,False
2648,96,0,5489.0,False
2648,97,12,5525.0,False
2648,105,7,5915.0,False
2648,106,14,5953.0,False
2648,109,5,6110.0,False
2648,110,8,6154.0,False
2648,111,16,6238.0,False
2648,117,11,6614.0,False
2648,118,4,6660.0,False
2648,120,3,6768.0,False
2648,123,2,6927.0,False
2649,30,17,1720.0,False
2649,59,8,3286.0,False
2649,66,19,3633.0,False
2649,72,2,3997.0,False
2649,76,9,4288.0,False
2649,78,11,4451.0,False
2649,85,15,4798.0,False
2649,87,6,4900.0,False
2649,91,10,5133.0,False
2649,96,14,5438.0,False
2649,100,3,5695.0,False
2649,102,13,5807.0,False
2649,107,12,6001.0,False
2649,110,1,6098.0,False
2649,112,5,6188.0,False
2649,113,0,6235.0,False
2649,117,18,6458.0,False
2649,120,16,6651.0,False
2649,121,7,6696.0,False
2649,123,4,6809.0,False
2650,38,17,1955.0,False
2650,49,1,2595.0,False
2650,57,10,3090.0,False
2650,59,15,3172.0,False
2650,61,9,3332.0,False
2650,80,19,4386.0,False
2650,85,8,4664.0,False
2650,88,4,4789.0,False
2650,90,12,4869.0,False
2650,94,11,5138.0,False
2650,97,6,5296.0,False
2650,103,3,5700.0,False
2650,105,0,5796.0,False
2650,108,7,5917.0,False
2650,114,16,6290.0,False
2650,115,18,6357.0,False
2650,117,2,6467.0,False
2650,120,14,6654.0,False
2650,122,13,6768.0,False
2650,123,5,6803.0,False
2651,19,17,1021.0,False
2651,54,1,3007.0,False
2651,57,7,3145.0,False
2651,81,8,4543.0,False
2651,85,6,4747.0,False
2651,89,13,4960.0,False
2651,90,3,5025.0,False
2651,92,12,5109.0,False
2651,94,18,5215.0,False
2651,95,10,5283.0,False
2651,99,0,5481.0,False
2651,100,2,5525.0,False
2651,102,15,5611.0,False
2651,106,11,5879.0,False
2651,109,16,6072.0,False
2651,111,9,6205.0,False
2651,115,19,6490.0,False
2651,116,14,6528.0,False
2651,117,4,6575.0,False
2651,123,5,6877.0,False
2652,17,17,913.0,False
2652,42,9,2299.0,False
2652,48,0,2596.0,False
2652,60,10,3386.0,False
2652,61,6,3450.0,False
2652,73,18,4096.0,False
2652,76,15,4255.0,False
2652,81,11,4525.0,False
2652,90,19,5102.0,False
2652,98,3,5573.0,False
2652,103,4,5847.0,False
2652,104,8,5894.0,False
2652,107,14,6075.0,False
2652,108,13,6143.0,False
2652,109,1,6176.0,False
2652,114,16,6509.0,False
2652,117,7,6669.0,False
2652,119,2,6754.0,False
2652,121,5,6840.0,False
2652,123,12,6910.0,False
2653,31,17,1764.0,False
2653,46,11,2556.0,False
2653,53,9,2957.0,False
2653,54,3,3027.0,False
2653,55,15,3076.0,False
2653,74,1,4092.0,False
2653,83,18,4626.0,False
2653,85,6,4744.0,False
2653,88,10,4942.0,False
2653,89,19,4997.0,False
2653,106,0,5910.0,False
2653,108,14,6007.0,False
2653,109,4,6054.0,False
2653,112,7,6194.0,False
2653,113,2,6244.0,False
2653,114,12,6280.0,False
2653,116,5,6364.0,False
2653,117,13,6429.0,False
2653,120,8,6603.0,False
2653,123,16,6795.0,False
2654,29,17,1505.0,False
2654,47,15,2557.0,False
2654,49,3,2671.0,False
2654,67,9,3696.0,False
2654,69,10,3827.0,False
2654,74,0,4036.0,False
2654,77,11,4251.0,False
2654,81,6,4457.0,False
2654,85,18,4745.0,False
2654,86,19,4809.0,False
2654,98,14,5519.0,False
2654,99,13,5584.0,False
2654,101,8,5668.0,False
2654,104,1,5783.0,False
2654,107,5,5946.0,False
2654,112,7,6214.0,False
2654,116,4,6407.0,False
2654,120,16,6639.0,False
2654,122,2,6754.0,False
2654,123,12,6790.0,False
2655,29,17,1567.0,False
2655,42,14,2342.0,False
2655,44,0,2441.0,False
2655,52,9,2900.0,False
2655,60,3,3317.0,False
2655,63,6,3533.0,False
2655,69,1,3836.0,False
2655,74,15,4089.0,False
2655,99,16,5530.0,False
2655,102,13,5734.0,False
2655,106,11,6010.0,False
2655,107,19,6074.0,False
2655,108,10,6129.0,False
2655,110,5,6224.0,False
2655,112,8,6326.0,False
2655,115,18,6475.0,False
2655,119,2,6681.0,False
2655,120,12,6717.0,False
2655,121,7,6753.0,False
2655,123,4,6865.0,False
2656,35,17,1896.0,False
2656,36,8,1940.0,False
2656,38,4,2036.0,False
2656,41,9,2243.0,False
2656,56,15,3135.0,False
2656,62,0,3449.0,False
2656,73,14,4046.0,False
2656,81,19,4469.0,False
2656,84,18,4658.0,False
2656,87,10,4872.0,False
2656,90,1,5072.0,False
2656,98,11,5542.0,False
2656,101,13,5698.0,False
2656,103,2,5786.0,False
2656,109,3,6200.0,False
2656,112,6,6395.0,False
2656,114,16,6519.0,False
2656,116,7,6622.0,False
2656,121,5,6868.0,False
2656,123,12,6938.0,False
2657,12,17,594.0,False
2657,37,15,1998.0,False
2657,48,9,2605.0,False
2657,70,14,3861.0,False
2657,71,3,3919.0,False
2657,80,0,4452.0,False
2657,86,8,4728.0,False
2657,87,7,4764.0,False
2657,89,1,4871.0,False
2657,91,4,4954.0,False
2657,93,11,5092.0,False
2657,96,10,5255.0,False
2657,104,13,5742.0,False
2657,107,18,5900.0,False
2657,110,5,6062.0,False
2657,111,19,6127.0,False
2657,116,12,6375.0,False
2657,117,16,6450.0,False
2657,120,6,6652.0,False
2657,123,2,6800.0,False
2658,17,17,843.0,False
2658,41,8,2183.0,False
2658,61,18,3329.0,False
2658,69,15,3844.0,False
2658,70,9,3917.0,False
2658,76,19,4219.0,False
2658,80,11,4533.0,False
2658,84,0,4732.0,False
2658,86,13,4833.0,False
2658,88,2,4937.0,False
2658,91,16,5113.0,False
2658,102,14,5792.0,False
2658,103,6,5856.0,False
2658,106,1,5988.0,False
2658,111,3,6278.0,False
2658,112,10,6346.0,False
2658,114,4,6440.0,False
2658,117,7,6588.0,False
2658,121,5,6770.0,False
2658,123,12,6840.0,False
2659,18,17,909.0,False
2659,30,1,1550.0,False
2659,32,8,1627.0,False
2659,51,15,2730.0,False
2659,59,14,3200.0,False
2659,70,9,3804.0,False
2659,77,0,4209.0,False
2659,86,13,4770.0,False
2659,88,7,4864.0,False
2659,100,12,5493.0,False
2659,102,4,5592.0,False
2659,105,18,5777.0,False
2659,108,11,6001.0,False
2659,114,16,6397.0,False
2659,115,3,6455.0,False
2659,117,6,6573.0,False
2659,118,19,6628.0,False
2659,119,2,6678.0,False
2659,122,5,6820.0,False
2659,123,10,6888.0,False
2660,33,17,1841.0,False
2660,45,15,2471.0,False
2660,54,9,2963.0,False
2660,63,0,3455.0,False
2660,68,4,3733.0,False
2660,77,19,4335.0,False
2660,84,14,4668.0,False
2660,89,3,4990.0,False
2660,91,8,5074.0,False
2660,96,16,5409.0,False
2660,98,2,5494.0,False
2660,107,6,6007.0,False
2660,109,13,6127.0,False
2660,116,18,6492.0,False
2660,117,11,6576.0,False
2660,119,1,6669.0,False
2660,120,5,6704.0,False
2660,121,10,6774.0,False
2660,122,12,6810.0,False
2660,123,7,6846.0,False
2661,41,17,2202.0,False
2661,52,8,2816.0,False
2661,57,19,3074.0,False
2661,62,15,3312.0,False
2661,72,2,3852.0,False
2661,86,0,4713.0,False
2661,87,3,4771.0,False
2661,88,6,4835.0,False
2661,89,4,4882.0,False
2661,94,11,5205.0,False
2661,96,14,5269.0,False
2661,101,18,5556.0,False
2661,108,12,5923.0,False
2661,109,7,5956.0,False
2661,110,1,5989.0,False
2661,111,9,6077.0,False
2661,115,10,6336.0,False
2661,121,13,6697.0,False
2661,122,16,6782.0,False
2661,123,5,6819.0,False
2662,23,17,1225.0,False
2662,29,9,1584.0,False
2662,61,15,3388.0,False
2662,66,8,3620.0,False
2662,77,18,4287.0,False
2662,81,1,4483.0,False
2662,83,14,4544.0,False
2662,84,6,4609.0,False
2662,85,19,4664.0,False
2662,88,11,4852.0,False
2662,98,7,5421.0,False
2662,99,0,5468.0,False
2662,100,2,5512.0,False
2662,101,4,5559.0,False
2662,105,10,5825.0,False
2662,106,12,5861.0,False
2662,111,13,6138.0,False
2662,118,3,6486.0,False
2662,122,16,6761.0,False
2662,123,5,6798.0,False
2663,41,9,2332.0,False
2663,52,17,3007.0,False
2663,67,6,3888.0,False
2663,69,14,3973.0,False
2663,80,11,4602.0,False
2663,82,0,4699.0,False
2663,83,8,4743.0,False
2663,92,13,5191.0,False
2663,103,18,5752.0,False
2663,104,19,5816.0,False
2663,106,15,5911.0,False
2663,108,12,6034.0,False
2663,111,5,6178.0,False
2663,114,7,6335.0,False
2663,115,3,6398.0,False
2663,117,4,6503.0,False
2663,120,10,6691.0,False
2663,121,2,6741.0,False
2663,122,1,6779.0,False
2663,123,16,6863.0,False
2664,30,9,1718.0,False
2664,61,0,3376.0,False
2664,69,8,3831.0,False
2664,70,10,3914.0,False
2664,74,17,4136.0,False
2664,86,3,4837.0,False
2664,91,11,5162.0,False
2664,94,15,5326.0,False
2664,96,18,5461.0,False
2664,98,16,5595.0,False
2664,100,4,5697.0,False
2664,105,19,6028.0,False
2664,106,14,6066.0,False
2664,107,7,6111.0,False
2664,109,6,6229.0,False
2664,111,13,6326.0,False
2664,113,1,6391.0,False
2664,120,2,6735.0,False
2664,122,12,6820.0,False
2664,123,5,6846.0,False
2665,24,17,1165.0,False
2665,34,15,1751.0,False
2665,38,9,2029.0,False
2665,49,8,2623.0,False
2665,50,0,2665.0,False
2665,70,4,3929.0,False
2665,76,2,4235.0,False
2665,82,19,4603.0,False
2665,85,13,4806.0,False
2665,90,14,5085.0,False
2665,94,7,5271.0,False
2665,98,18,5504.0,False
2665,99,10,5587.0,False
2665,102,6,5804.0,False
2665,105,12,5937.0,False
2665,113,1,6342.0,False
2665,116,16,6512.0,False
2665,118,11,6673.0,False
2665,120,5,6765.0,False
2665,123,3,6936.0,False
2666,29,19,1569.0,False
2666,35,9,1942.0,False
2666,42,15,2337.0,False
2666,45,17,2477.0,False
2666,47,8,2586.0,False
2666,53,0,2921.0,False
2666,67,10,3740.0,False
2666,73,1,4057.0,False
2666,89,11,5070.0,False
2666,91,4,5167.0,False
2666,93,6,5260.0,False
2666,94,14,5298.0,False
2666,97,13,5463.0,False
2666,98,2,5511.0,False
2666,109,3,6088.0,False
2666,113,16,6371.0,False
2666,116,5,6521.0,False
2666,117,18,6577.0,False
2666,121,12,6777.0,False
2666,123,7,6883.0,False
2667,22,8,1075.0,False
2667,28,0,1455.0,False
2667,38,17,1998.0,False
2667,55,10,3002.0,False
2667,59,9,3254.0,False
2667,62,19,3451.0,False
2667,63,15,3500.0,False
2667,64,13,3565.0,False
2667,79,4,4409.0,False
2667,92,18,5102.0,False
2667,101,3,5595.0,False
2667,102,1,5628.0,False
2667,103,11,5710.0,False
2667,106,2,5896.0,False
2667,114,5,6362.0,False
2667,115,14,6399.0,False
2667,116,12,6425.0,False
2667,118,6,6556.0,False
2667,122,16,6812.0,False
2667,123,7,6857.0,False
2668,41,10,2245.0,False
2668,49,19,2765.0,False
2668,51,17,2884.0,False
2668,60,0,3300.0,False
2668,67,9,3663.0,False
2668,68,15,3707.0,False
2668,70,8,3804.0,False
2668,86,3,4807.0,False
2668,87,14,4839.0,False
2668,89,6,4992.0,False
2668,102,4,5765.0,False
2668,104,7,5840.0,False
2668,105,11,5922.0,False
2668,106,13,5986.0,False
2668,111,12,6264.0,False
2668,113,16,6392.0,False
2668,114,2,6436.0,False
2668,119,18,6690.0,False
2668,121,5,6776.0,False
2668,123,1,6846.0,False
2669,25,0,1265.0,False
2669,27,17,1373.0,False
2669,33,8,1705.0,False
2669,51,15,2730.0,False
2669,55,9,2981.0,False
2669,62,10,3445.0,False
2669,71,19,3940.0,False
2669,77,13,4283.0,False
2669,93,7,5228.0,False
2669,97,14,5458.0,False
2669,99,18,5571.0,False
2669,101,11,5723.0,False
2669,103,4,5807.0,False
2669,107,2,6033.0,False
2669,108,6,6098.0,False
2669,110,1,6179.0,False
2669,116,3,6526.0,False
2669,117,16,6610.0,False
2669,119,12,6697.0,False
2669,123,5,6877.0,False
2670,26,17,1326.0,False
2670,28,15,1423.0,False
2670,52,9,2843.0,False
2670,56,8,3104.0,False
2670,70,0,3952.0,False
2670,71,19,4007.0,False
2670,74,6,4167.0,False
2670,76,18,4291.0,False
2670,83,2,4662.0,False
2670,90,14,4975.0,False
2670,91,13,5039.0,False
2670,99,3,5474.0,False
2670,102,4,5669.0,False
2670,103,1,5708.0,False
2670,106,11,5937.0,False
2670,112,16,6244.0,False
2670,115,10,6447.0,False
2670,117,12,6536.0,False
2670,121,5,6724.0,False
2670,123,7,6818.0,False
2671,36,10,1966.0,False
2671,45,8,2514.0,False
2671,52,0,2936.0,False
2671,63,2,3481.0,False
2671,69,11,3859.0,False
2671,70,9,3947.0,False
2671,73,17,4146.0,False
2671,81,15,4670.0,False
2671,83,19,4807.0,False
2671,88,7,5061.0,False
2671,89,4,5100.0,False
2671,95,13,5416.0,False
2671,105,14,5927.0,False
2671,107,18,6015.0,False
2671,110,6,6205.0,False
2671,111,3,6275.0,False
2671,113,1,6356.0,False
2671,118,12,6621.0,False
2671,122,5,6825.0,False
2671,123,16,6900.0,False
2672,16,8,830.0,False
2672,31,17,1628.0,False
2672,38,15,2017.0,False
2672,55,1,3078.0,False
2672,68,0,3799.0,False
2672,69,9,3879.0,False
2672,80,14,4467.0,False
2672,81,7,4512.0,False
2672,87,19,4813.0,False
2672,92,10,5110.0,False
2672,96,2,5330.0,False
2672,98,4,5435.0,False
2672,100,13,5612.0,False
2672,106,11,6019.0,False
2672,107,3,6077.0,False
2672,109,6,6183.0,False
2672,110,12,6214.0,False
2672,114,18,6427.0,False
2672,119,5,6644.0,False
2672,123,16,6927.0,False
2673,15,17,767.0,False
2673,49,8,2720.0,False
2673,64,0,3451.0,False
2673,65,13,3530.0,False
2673,73,15,3927.0,False
2673,75,10,4057.0,False
2673,78,9,4259.0,False
2673,90,18,4995.0,False
2673,96,3,5362.0,False
2673,98,2,5448.0,False
2673,99,7,5484.0,False
2673,102,1,5628.0,False
2673,103,11,5710.0,False
2673,105,19,5827.0,False
2673,109,14,6034.0,False
2673,117,4,6502.0,False
2673,119,12,6607.0,False
2673,120,5,6633.0,False
2673,122,6,6738.0,False
2673,123,16,6813.0,False
2674,11,17,500.0,False
2674,27,8,1378.0,False
2674,56,0,3065.0,False
2674,57,9,3138.0,False
2674,66,15,3672.0,False
2674,68,10,3793.0,False
2674,74,18,4144.0,False
2674,75,14,4182.0,False
2674,83,6,4679.0,False
2674,84,13,4743.0,False
2674,91,12,5019.0,False
2674,92,7,5064.0,False
2674,104,4,5733.0,False
2674,114,19,6309.0,False
2674,116,2,6425.0,False
2674,117,3,6488.0,False
2674,120,1,6622.0,False
2674,121,11,6704.0,False
2674,122,5,6739.0,False
2674,123,16,6823.0,False
2675,26,9,1507.0,False
2675,28,17,1653.0,False
2675,50,0,2829.0,False
2675,53,6,2990.0,False
2675,60,8,3410.0,False
2675,76,7,4345.0,False
2675,87,14,4940.0,False
2675,89,2,5043.0,False
2675,90,19,5107.0,False
2675,93,13,5294.0,False
2675,94,4,5341.0,False
2675,101,15,5693.0,False
2675,109,10,6172.0,False
2675,111,3,6283.0,False
2675,112,1,6321.0,False
2675,117,5,6548.0,False
2675,118,12,6584.0,False
2675,119,11,6666.0,False
2675,121,18,6773.0,False
2675,123,16,6906.0,False
2676,25,17,1323.0,False
2676,49,0,2652.0,False
2676,50,8,2696.0,False
2676,52,9,2844.0,False
2676,68,15,3717.0,False
2676,71,1,3860.0,False
2676,77,10,4208.0,False
2676,79,7,4304.0,False
2676,91,6,5007.0,False
2676,96,18,5267.0,False
2676,98,19,5382.0,False
2676,99,4,5429.0,False
2676,104,11,5766.0,False
2676,106,13,5912.0,False
2676,110,2,6125.0,False
2676,113,3,6311.0,False
2676,117,5,6495.0,False
2676,118,12,6531.0,False
2676,119,14,6563.0,False
2676,123,16,6845.0,False
2677,23,17,1157.0,False
2677,50,8,2600.0,False
2677,58,0,3049.0,False
2677,61,12,3175.0,False
2677,63,15,3286.0,False
2677,67,4,3488.0,False
2677,71,9,3758.0,False
2677,76,6,4033.0,False
2677,86,1,4610.0,False
2677,89,19,4810.0,False
2677,97,18,5288.0,False
2677,98,11,5372.0,False
2677,102,5,5558.0,False
2677,103,10,5628.0,False
2677,112,2,6197.0,False
2677,114,14,6292.0,False
2677,117,3,6464.0,False
2677,119,13,6587.0,False
2677,120,7,6621.0,False
2677,123,16,6814.0,False
2678,26,17,1438.0,False
2678,71,0,4022.0,False
2678,82,7,4566.0,False
2678,84,9,4726.0,False
2678,87,1,4881.0,False
2678,92,13,5208.0,False
2678,94,12,5299.0,False
2678,97,19,5453.0,False
2678,99,6,5577.0,False
2678,102,10,5761.0,False
2678,106,14,5959.0,False
2678,108,18,6051.0,False
2678,110,11,6190.0,False
2678,111,2,6238.0,False
2678,113,8,6341.0,False
2678,116,3,6516.0,False
2678,117,15,6560.0,False
2678,121,5,6747.0,False
2678,122,16,6832.0,False
2678,123,4,6879.0,False
2679,15,17,657.0,False
2679,37,0,2032.0,False
2679,44,15,2364.0,False
2679,56,8,3071.0,False
2679,65,13,3635.0,False
2679,76,11,4265.0,False
2679,81,6,4516.0,False
2679,86,18,4798.0,False
2679,88,9,4933.0,False
2679,89,7,4969.0,False
2679,99,1,5529.0,False
2679,103,4,5764.0,False
2679,113,14,6325.0,False
2679,115,3,6417.0,False
2679,116,16,6502.0,False
2679,117,19,6557.0,False
2679,118,12,6588.0,False
2679,120,2,6691.0,False
2679,121,5,6722.0,False
2679,123,10,6833.0,False
2680,22,17,1100.0,False
2680,42,8,2441.0,False
2680,50,6,2921.0,False
2680,62,9,3672.0,False
2680,72,13,4200.0,False
2680,76,12,4376.0,False
2680,77,0,4418.0,False
2680,88,3,4953.0,False
2680,89,15,4997.0,False
2680,94,14,5256.0,False
2680,98,1,5418.0,False
2680,108,19,5997.0,False
2680,109,2,6047.0,False
2680,110,7,6092.0,False
2680,111,5,6123.0,False
2680,112,4,6170.0,False
2680,115,18,6314.0,False
2680,117,11,6466.0,False
2680,120,10,6675.0,False
2680,123,16,6860.0,False
2681,43,17,2399.0,False
2681,52,9,3025.0,False
2681,56,4,3225.0,False
2681,65,7,3718.0,False
2681,66,19,3782.0,False
2681,68,6,3878.0,False
2681,70,11,4032.0,False
2681,76,8,4328.0,False
2681,77,15,4372.0,False
2681,90,10,5066.0,False
2681,98,14,5499.0,False
2681,105,1,5836.0,False
2681,107,13,5946.0,False
2681,109,0,6059.0,False
2681,112,3,6209.0,False
2681,113,12,6245.0,False
2681,117,18,6468.0,False
2681,118,5,6505.0,False
2681,119,2,6549.0,False
2681,123,16,6831.0,False
2682,32,17,1705.0,False
2682,37,8,1971.0,False
2682,45,9,2457.0,False
2682,52,4,2829.0,False
2682,53,1,2868.0,False
2682,68,18,3730.0,False
2682,85,12,4700.0,False
2682,96,3,5393.0,False
2682,98,11,5522.0,False
2682,99,7,5567.0,False
2682,101,19,5719.0,False
2682,107,14,6024.0,False
2682,109,5,6108.0,False
2682,111,0,6203.0,False
2682,113,6,6318.0,False
2682,114,16,6393.0,False
2682,115,13,6458.0,False
2682,117,15,6573.0,False
2682,121,10,6788.0,False
2682,123,2,6898.0,False
2683,26,17,1381.0,False
2683,45,7,2463.0,False
2683,55,15,2966.0,False
2683,58,4,3163.0,False
2683,64,9,3481.0,False
2683,68,8,3645.0,False
2683,79,19,4309.0,False
2683,87,3,4805.0,False
2683,92,1,5082.0,False
2683,100,2,5580.0,False
2683,103,13,5750.0,False
2683,108,12,5980.0,False
2683,110,18,6087.0,False
2683,114,0,6270.0,False
2683,115,14,6307.0,False
2683,116,16,6391.0,False
2683,117,11,6475.0,False
2683,120,5,6612.0,False
2683,121,10,6667.0,False
2683,123,6,6813.0,False
2684,39,17,2085.0,False
2684,47,15,2551.0,False
2684,49,9,2725.0,False
2684,55,7,3044.0,False
2684,59,8,3327.0,False
2684,68,10,3801.0,False
2684,91,0,5082.0,False
2684,92,19,5146.0,False
2684,93,11,5228.0,False
2684,96,4,5390.0,False
2684,97,13,5455.0,False
2684,101,18,5699.0,False
2684,103,3,5799.0,False
2684,105,2,5909.0,False
2684,109,12,6131.0,False
2684,112,6,6280.0,False
2684,114,14,6354.0,False
2684,118,5,6538.0,False
2684,119,1,6576.0,False
2684,123,16,6867.0,False
2685,21,17,1099.0,False
2685,49,9,2742.0,False
2685,53,8,2985.0,False
2685,56,15,3121.0,False
2685,59,7,3235.0,False
2685,68,6,3753.0,False
2685,79,19,4448.0,False
2685,84,4,4697.0,False
2685,85,18,4755.0,False
2685,101,11,5614.0,False
2685,102,0,5661.0,False
2685,103,13,5725.0,False
2685,109,2,6088.0,False
2685,111,5,6166.0,False
2685,112,10,6236.0,False
2685,113,12,6272.0,False
2685,114,3,6330.0,False
2685,119,14,6631.0,False
2685,122,1,6728.0,False
2685,123,16,6803.0,False
2686,42,17,2382.0,False
2686,44,6,2517.0,False
2686,73,7,4127.0,False
2686,81,8,4571.0,False
2686,84,19,4750.0,False
2686,85,3,4813.0,False
2686,87,10,4941.0,False
2686,90,15,5088.0,False
2686,92,18,5187.0,False
2686,94,11,5358.0,False
2686,96,4,5475.0,False
2686,98,16,5640.0,False
2686,105,13,6016.0,False
2686,108,14,6181.0,False
2686,109,2,6229.0,False
2686,112,1,6342.0,False
2686,113,0,6393.0,False
2686,116,9,6582.0,False
2686,118,12,6647.0,False
2686,123,5,6875.0,False
2687,39,7,2177.0,False
2687,47,19,2596.0,False
2687,54,17,3038.0,False
2687,56,8,3131.0,False
2687,57,10,3199.0,False
2687,62,15,3434.0,False
2687,64,6,3559.0,False
2687,80,16,4538.0,False
2687,84,0,4765.0,False
2687,88,1,4977.0,False
2687,92,3,5234.0,False
2687,98,14,5497.0,False
2687,104,4,5834.0,False
2687,105,9,5910.0,False
2687,113,13,6351.0,False
2687,115,12,6460.0,False
2687,117,2,6554.0,False
2687,118,11,6636.0,False
2687,122,18,6843.0,False
2687,123,5,6874.0,False
2688,39,17,2175.0,False
2688,56,14,3148.0,False
2688,66,7,3635.0,False
2688,72,15,3931.0,False
2688,75,10,4111.0,False
2688,82,2,4513.0,False
2688,87,13,4786.0,False
2688,90,12,4941.0,False
2688,91,19,5005.0,False
2688,94,8,5171.0,False
2688,104,3,5716.0,False
2688,105,16,5791.0,False
2688,106,6,5846.0,False
2688,110,1,6030.0,False
2688,114,18,6263.0,False
2688,118,9,6502.0,False
2688,120,4,6602.0,False
2688,121,11,6699.0,False
2688,122,0,6752.0,False
2688,123,5,6783.0,False
2689,43,17,2346.0,False
2689,50,7,2747.0,False
2689,68,0,3774.0,False
2689,70,8,3867.0,False
2689,75,2,4088.0,False
2689,76,9,4161.0,False
2689,79,1,4270.0,False
2689,84,15,4571.0,False
2689,93,19,5105.0,False
2689,98,6,5422.0,False
2689,99,3,5480.0,False
2689,105,11,5845.0,False
2689,108,18,6029.0,False
2689,110,16,6163.0,False
2689,113,12,6310.0,False
2689,114,14,6342.0,False
2689,116,10,6477.0,False
2689,117,4,6524.0,False
2689,118,13,6588.0,False
2689,123,5,6837.0,False
2690,34,17,1913.0,False
2690,36,7,1996.0,False
2690,56,15,3117.0,False
2690,64,8,3587.0,False
2690,65,6,3651.0,False
2690,72,9,4042.0,False
2690,84,3,4796.0,False
2690,88,19,5005.0,False
2690,89,1,5043.0,False
2690,92,13,5223.0,False
2690,95,4,5353.0,False
2690,96,18,5411.0,False
2690,106,10,5959.0,False
2690,108,2,6069.0,False
2690,109,14,6106.0,False
2690,110,11,6188.0,False
2690,114,0,6407.0,False
2690,117,5,6570.0,False
2690,121,16,6815.0,False
2690,123,12,6888.0,False
2691,23,17,1252.0,False
2691,46,7,2647.0,False
2691,63,15,3562.0,False
2691,64,2,3610.0,False
2691,73,10,4191.0,False
2691,79,13,4513.0,False
2691,83,19,4762.0,False
2691,85,9,4909.0,False
2691,87,4,4999.0,False
2691,97,5,5535.0,False
2691,99,18,5657.0,False
2691,100,16,5741.0,False
2691,103,6,5902.0,False
2691,108,8,6176.0,False
2691,114,0,6432.0,False
2691,117,11,6604.0,False
2691,118,3,6662.0,False
2691,119,1,6700.0,False
2691,122,12,6824.0,False
2691,123,14,6856.0,False
2692,26,17,1331.0,False
2692,35,10,1857.0,False
2692,44,1,2339.0,False
2692,51,7,2710.0,False
2692,53,15,2812.0,False
2692,67,19,3676.0,False
2692,87,13,4862.0,False
2692,92,8,5171.0,False
2692,97,6,5439.0,False
2692,99,3,5540.0,False
2692,100,0,5587.0,False
2692,102,14,5695.0,False
2692,107,18,5967.0,False
2692,108,9,6047.0,False
2692,112,2,6276.0,False
2692,113,12,6312.0,False
2692,119,4,6610.0,False
2692,120,16,6695.0,False
2692,122,11,6856.0,False
2692,123,5,6893.0,False
2693,38,10,2107.0,False
2693,51,15,2781.0,False
2693,57,1,3071.0,False
2693,59,17,3190.0,False
2693,75,7,3999.0,False
2693,77,9,4143.0,False
2693,91,8,4919.0,False
2693,95,19,5200.0,False
2693,97,18,5303.0,False
2693,98,11,5387.0,False
2693,102,4,5601.0,False
2693,106,3,5853.0,False
2693,111,0,6131.0,False
2693,113,6,6261.0,False
2693,115,16,6414.0,False
2693,116,2,6458.0,False
2693,117,14,6495.0,False
2693,118,5,6530.0,False
2693,121,13,6714.0,False
2693,123,12,6784.0,False
2694,40,7,2179.0,False
2694,45,9,2504.0,False
2694,65,1,3484.0,False
2694,67,17,3593.0,False
2694,68,8,3627.0,False
2694,71,3,3820.0,False
2694,80,10,4417.0,False
2694,81,19,4472.0,False
2694,88,16,4865.0,False
2694,95,11,5298.0,False
2694,99,18,5505.0,False
2694,100,6,5569.0,False
2694,103,0,5726.0,False
2694,108,15,5989.0,False
2694,111,14,6168.0,False
2694,112,2,6216.0,False
2694,115,5,6329.0,False
2694,119,13,6590.0,False
2694,120,12,6626.0,False
2694,123,4,6779.0,False
2695,45,8,2642.0,False
2695,46,7,2675.0,False
2695,56,19,3198.0,False
2695,64,13,3620.0,False
2695,67,10,3792.0,False
2695,70,1,3964.0,False
2695,77,17,4368.0,False
2695,94,9,5380.0,False
2695,95,6,5435.0,False
2695,96,15,5484.0,False
2695,97,16,5559.0,False
2695,99,14,5642.0,False
2695,102,0,5752.0,False
2695,111,2,6260.0,False
2695,113,11,6388.0,False
2695,114,3,6446.0,False
2695,117,18,6609.0,False
2695,118,12,6640.0,False
2695,122,4,6827.0,False
2695,123,5,6864.0,False
2696,22,17,1169.0,False
2696,34,7,1894.0,False
2696,44,19,2477.0,False
2696,46,6,2628.0,False
2696,59,10,3321.0,False
2696,67,13,3728.0,False
2696,69,1,3824.0,False
2696,73,0,4020.0,False
2696,79,9,4384.0,False
2696,86,8,4815.0,False
2696,87,11,4912.0,False
2696,92,3,5172.0,False
2696,98,14,5477.0,False
2696,105,5,5791.0,False
2696,110,15,6088.0,False
2696,111,4,6135.0,False
2696,112,12,6174.0,False
2696,115,16,6373.0,False
2696,121,18,6705.0,False
2696,123,2,6815.0,False
2697,32,15,1673.0,False
2697,63,13,3515.0,False
2697,66,11,3693.0,False
2697,67,7,3729.0,False
2697,70,8,3902.0,False
2697,71,10,3972.0,False
2697,72,17,4031.0,False
2697,86,1,4737.0,False
2697,91,12,4987.0,False
2697,92,6,5052.0,False
2697,93,9,5125.0,False
2697,100,19,5542.0,False
2697,103,0,5673.0,False
2697,106,14,5855.0,False
2697,108,5,5987.0,False
2697,111,3,6158.0,False
2697,114,18,6318.0,False
2697,118,4,6571.0,False
2697,120,16,6688.0,False
2697,123,2,6847.0,False
2698,31,15,1645.0,False
2698,40,7,2167.0,False
2698,56,17,3105.0,False
2698,70,14,3939.0,False
2698,72,6,4039.0,False
2698,83,5,4640.0,False
2698,86,1,4788.0,False
2698,87,8,4822.0,False
2698,93,10,5145.0,False
2698,103,16,5676.0,False
2698,105,9,5810.0,False
2698,107,18,5940.0,False
2698,109,19,6048.0,False
2698,110,3,6118.0,False
2698,111,11,6200.0,False
2698,113,13,6353.0,False
2698,114,4,6400.0,False
2698,116,0,6483.0,False
2698,118,2,6600.0,False
2698,123,12,6817.0,False
2699,30,15,1580.0,False
2699,32,17,1706.0,False
2699,45,8,2396.0,False
2699,56,19,3136.0,False
2699,59,9,3320.0,False
2699,67,13,3758.0,False
2699,78,10,4325.0,False
2699,82,7,4516.0,False
2699,86,11,4751.0,False
2699,90,3,4955.0,False
2699,96,1,5279.0,False
2699,100,4,5529.0,False
2699,105,6,5821.0,False
2699,108,0,5988.0,False
2699,110,18,6096.0,False
2699,116,2,6458.0,False
2699,118,14,6576.0,False
2699,120,5,6663.0,False
2699,122,16,6786.0,False
2699,123,12,6817.0,False
2700,16,15,862.0,False
2700,39,9,2177.0,False
2700,67,13,3818.0,False
2700,69,17,3935.0,False
2700,77,19,4459.0,False
2700,81,0,4636.0,False
2700,83,7,4718.0,False
2700,89,10,5043.0,False
2700,92,11,5261.0,False
2700,93,4,5307.0,False
2700,96,16,5483.0,False
2700,102,8,5809.0,False
2700,108,2,6188.0,False
2700,109,1,6226.0,False
2700,111,6,6341.0,False
2700,112,14,6373.0,False
2700,117,18,6643.0,False
2700,120,3,6825.0,False
2700,121,5,6851.0,False
2700,123,12,6921.0,False
2701,25,8,1317.0,False
2701,27,15,1392.0,False
2701,39,7,2113.0,False
2701,66,17,3635.0,False
2701,70,13,3864.0,False
2701,78,10,4318.0,False
2701,81,3,4473.0,False
2701,82,14,4511.0,False
2701,85,4,4672.0,False
2701,87,0,4810.0,False
2701,93,19,5109.0,False
2701,95,9,5261.0,False
2701,96,5,5298.0,False
2701,106,11,5918.0,False
2701,109,6,6107.0,False
2701,110,2,6157.0,False
2701,114,18,6353.0,False
2701,119,1,6593.0,False
2701,120,12,6619.0,False
2701,123,16,6811.0,False
2702,34,15,1860.0,False
2702,36,17,1962.0,False
2702,52,2,2861.0,False
2702,63,7,3435.0,False
2702,78,13,4246.0,False
2702,79,3,4311.0,False
2702,89,9,4874.0,False
2702,90,8,4921.0,False
2702,93,5,5080.0,False
2702,95,4,5199.0,False
2702,96,19,5254.0,False
2702,99,10,5451.0,False
2702,109,14,6066.0,False
2702,110,6,6130.0,False
2702,114,18,6372.0,False
2702,115,11,6456.0,False
2702,116,0,6507.0,False
2702,120,12,6672.0,False
2702,122,1,6760.0,False
2702,123,16,6835.0,False
2703,22,15,1056.0,False
2703,49,8,2790.0,False
2703,52,17,2949.0,False
2703,56,7,3147.0,False
2703,72,13,4051.0,False
2703,73,9,4127.0,False
2703,80,19,4526.0,False
2703,81,11,4610.0,False
2703,87,0,4925.0,False
2703,92,10,5191.0,False
2703,95,5,5323.0,False
2703,106,4,5902.0,False
2703,107,12,5941.0,False
2703,111,2,6183.0,False
2703,112,3,6246.0,False
2703,113,14,6283.0,False
2703,115,6,6396.0,False
2703,119,1,6602.0,False
2703,120,18,6669.0,False
2703,123,16,6862.0,False
2704,29,15,1464.0,False
2704,50,4,2710.0,False
2704,51,7,2744.0,False
2704,60,13,3281.0,False
2704,61,17,3347.0,False
2704,62,8,3381.0,False
2704,75,6,4145.0,False
2704,79,3,4382.0,False
2704,80,9,4462.0,False
2704,93,2,5160.0,False
2704,100,0,5498.0,False
2704,104,19,5720.0,False
2704,105,18,5787.0,False
2704,110,5,6036.0,False
2704,113,11,6242.0,False
2704,114,14,6274.0,False
2704,116,1,6355.0,False
2704,118,10,6448.0,False
2704,119,12,6474.0,False
2704,123,16,6764.0,False
2705,33,8,1802.0,False
2705,38,7,2018.0,False
2705,57,9,3201.0,False
2705,62,17,3512.0,False
2705,69,15,3843.0,False
2705,79,13,4457.0,False
2705,83,6,4665.0,False
2705,86,14,4768.0,False
2705,92,4,5093.0,False
2705,93,12,5132.0,False
2705,99,18,5512.0,False
2705,100,3,5575.0,False
2705,109,10,6046.0,False
2705,110,19,6110.0,False
2705,111,0,6157.0,False
2705,113,11,6290.0,False
2705,114,1,6328.0,False
2705,118,2,6550.0,False
2705,122,5,6742.0,False
2705,123,16,6827.0,False
2706,25,15,1340.0,False
2706,47,9,2661.0,False
2706,51,7,2907.0,False
2706,62,8,3473.0,False
2706,63,17,3537.0,False
2706,64,1,3570.0,False
2706,79,13,4443.0,False
2706,85,4,4697.0,False
2706,89,19,4971.0,False
2706,96,0,5360.0,False
2706,103,6,5738.0,False
2706,104,5,5764.0,False
2706,108,3,6002.0,False
2706,110,14,6093.0,False
2706,111,2,6141.0,False
2706,115,10,6352.0,False
2706,117,11,6546.0,False
2706,118,12,6572.0,False
2706,121,18,6756.0,False
2706,123,16,6889.0,False
2707,40,15,2151.0,False
2707,49,17,2690.0,False
2707,56,6,3107.0,False
2707,57,19,3162.0,False
2707,77,8,4274.0,False
2707,89,4,4993.0,False
2707,92,13,5163.0,False
2707,97,5,5383.0,False
2707,99,11,5528.0,False
2707,100,14,5565.0,False
2707,104,1,5709.0,False
2707,109,18,5971.0,False
2707,112,2,6118.0,False
2707,113,0,6165.0,False
2707,114,7,6199.0,False
2707,115,9,6287.0,False
2707,117,10,6452.0,False
2707,119,12,6556.0,False
2707,121,3,6678.0,False
2707,123,16,6802.0,False
2708,25,15,1208.0,False
2708,29,4,1443.0,False
2708,42,8,2244.0,False
2708,50,17,2677.0,False
2708,69,13,3771.0,False
2708,72,16,3962.0,False
2708,76,3,4219.0,False
2708,81,2,4491.0,False
2708,83,5,4577.0,False
2708,90,18,4966.0,False
2708,91,9,5039.0,False
2708,99,6,5610.0,False
2708,107,7,6044.0,False
2708,109,0,6132.0,False
2708,112,19,6297.0,False
2708,114,1,6359.0,False
2708,118,10,6592.0,False
2708,120,12,6665.0,False
2708,121,11,6734.0,False
2708,123,14,6849.0,False
2709,36,4,1938.0,False
2709,60,19,3339.0,False
2709,66,8,3615.0,False
2709,70,0,3803.0,False
2709,75,15,4085.0,False
2709,78,9,4292.0,False
2709,79,7,4328.0,False
2709,80,17,4399.0,False
2709,83,5,4569.0,False
2709,90,6,4944.0,False
2709,91,1,4977.0,False
2709,92,13,5041.0,False
2709,96,11,5292.0,False
2709,99,3,5511.0,False
2709,101,18,5649.0,False
2709,110,2,6118.0,False
2709,115,14,6378.0,False
2709,117,12,6442.0,False
2709,119,10,6553.0,False
2709,123,16,6835.0,False
2710,34,17,1824.0,False
2710,40,9,2189.0,False
2710,45,3,2472.0,False
2710,59,4,3296.0,False
2710,71,15,3949.0,False
2710,83,18,4622.0,False
2710,87,8,4819.0,False
2710,88,13,4887.0,False
2710,92,5,5100.0,False
2710,94,14,5198.0,False
2710,96,11,5392.0,False
2710,100,7,5572.0,False
2710,112,0,6296.0,False
2710,114,19,6398.0,False
2710,115,16,6473.0,False
2710,116,2,6521.0,False
2710,117,10,6589.0,False
2710,118,1,6627.0,False
2710,120,6,6720.0,False
2710,123,12,6846.0,False
2711,43,3,2432.0,False
2711,46,17,2620.0,False
2711,59,9,3349.0,False
2711,60,7,3385.0,False
2711,62,15,3467.0,False
2711,63,4,3514.0,False
2711,67,1,3709.0,False
2711,70,0,3838.0,False
2711,73,8,3999.0,False
2711,85,18,4680.0,False
2711,87,19,4827.0,False
2711,94,6,5270.0,False
2711,98,13,5529.0,False
2711,100,10,5632.0,False
2711,103,5,5777.0,False
2711,107,11,6006.0,False
2711,110,2,6184.0,False
2711,112,14,6302.0,False
2711,120,12,6715.0,False
2711,123,16,6907.0,False
2712,29,7,1495.0,False
2712,38,17,2040.0,False
2712,42,15,2289.0,False
2712,61,3,3308.0,False
2712,72,8,3881.0,False
2712,86,1,4682.0,False
2712,91,2,4973.0,False
2712,94,4,5083.0,False
2712,96,18,5179.0,False
2712,104,19,5692.0,False
2712,108,16,5938.0,False
2712,110,5,6025.0,False
2712,111,0,6072.0,False
2712,113,9,6212.0,False
2712,114,11,6309.0,False
2712,116,14,6429.0,False
2712,118,13,6554.0,False
2712,119,6,6618.0,False
2712,121,12,6678.0,False
2712,123,10,6786.0,False
2713,23,15,1103.0,False
2713,42,17,2236.0,False
2713,46,4,2468.0,False
2713,50,9,2702.0,False
2713,65,3,3552.0,False
2713,69,7,3741.0,False
2713,78,8,4268.0,False
2713,81,1,4419.0,False
2713,89,10,4873.0,False
2713,90,0,4924.0,False
2713,93,13,5103.0,False
2713,94,19,5158.0,False
2713,103,6,5700.0,False
2713,104,2,5750.0,False
2713,106,11,5896.0,False
2713,108,14,6016.0,False
2713,117,5,6516.0,False
2713,118,18,6583.0,False
2713,121,12,6717.0,False
2713,123,16,6850.0,False
2714,45,15,2404.0,False
2714,46,4,2451.0,False
2714,51,7,2678.0,False
2714,57,8,3028.0,False
2714,58,3,3086.0,False
2714,71,9,3854.0,False
2714,77,2,4181.0,False
2714,83,1,4563.0,False
2714,96,0,5229.0,False
2714,99,10,5418.0,False
2714,101,17,5513.0,False
2714,102,18,5571.0,False
2714,104,5,5657.0,False
2714,110,12,5990.0,False
2714,111,19,6045.0,False
2714,117,11,6435.0,False
2714,119,13,6602.0,False
2714,121,6,6735.0,False
2714,122,14,6773.0,False
2714,123,16,6848.0,False
2715,20,15,1069.0,False
2715,41,17,2251.0,False
2715,46,7,2594.0,False
2715,48,4,2679.0,False
2715,54,9,3011.0,False
2715,55,8,3058.0,False
2715,64,6,3518.0,False
2715,74,1,4087.0,False
2715,78,5,4257.0,False
2715,83,19,4602.0,False
2715,86,11,4791.0,False
2715,101,13,5712.0,False
2715,108,3,6048.0,False
2715,109,16,6132.0,False
2715,110,14,6170.0,False
2715,112,0,6280.0,False
2715,117,10,6521.0,False
2715,121,12,6722.0,False
2715,122,2,6761.0,False
2715,123,18,6819.0,False
2716,31,15,1590.0,False
2716,38,8,1989.0,False
2716,42,4,2234.0,False
2716,54,7,2945.0,False
2716,66,3,3674.0,False
2716,70,9,3937.0,False
2716,77,17,4321.0,False
2716,88,18,4915.0,False
2716,93,14,5164.0,False
2716,94,0,5215.0,False
2716,97,19,5407.0,False
2716,99,11,5545.0,False
2716,101,1,5621.0,False
2716,103,6,5714.0,False
2716,108,10,6018.0,False
2716,115,13,6462.0,False
2716,119,2,6690.0,False
2716,120,16,6774.0,False
2716,121,5,6805.0,False
2716,123,12,6875.0,False
2717,32,15,1615.0,False
2717,47,19,2497.0,False
2717,49,8,2597.0,False
2717,50,17,2661.0,False
2717,77,0,4301.0,False
2717,86,9,4802.0,False
2717,87,6,4866.0,False
2717,88,1,4899.0,False
2717,90,4,5003.0,False
2717,91,2,5053.0,False
2717,93,7,5157.0,False
2717,102,3,5639.0,False
2717,106,18,5871.0,False
2717,107,11,5955.0,False
2717,111,14,6194.0,False
2717,116,10,6479.0,False
2717,117,5,6514.0,False
2717,118,13,6578.0,False
2717,120,12,6648.0,False
2717,123,16,6841.0,False
2718,19,17,1018.0,False
2718,43,1,2301.0,False
2718,44,15,2345.0,False
2718,48,9,2592.0,False
2718,67,8,3684.0,False
2718,79,4,4349.0,False
2718,85,0,4642.0,False
2718,87,19,4757.0,False
2718,92,7,5033.0,False
2718,95,5,5176.0,False
2718,100,3,5477.0,False
2718,103,2,5689.0,False
2718,104,18,5747.0,False
2718,106,13,5866.0,False
2718,110,11,6086.0,False
2718,112,6,6188.0,False
2718,113,10,6243.0,False
2718,118,14,6592.0,False
2718,121,12,6713.0,False
2718,123,16,6846.0,False
2719,51,7,2814.0,False
2719,56,15,3138.0,False
2719,66,9,3642.0,False
2719,76,19,4215.0,False
2719,77,8,4262.0,False
2719,82,18,4513.0,False
2719,83,5,4548.0,False
2719,84,13,4613.0,False
2719,90,17,4988.0,False
2719,93,4,5144.0,False
2719,95,12,5253.0,False
2719,97,0,5325.0,False
2719,103,1,5695.0,False
2719,106,14,5866.0,False
2719,108,6,5980.0,False
2719,112,10,6178.0,False
2719,115,3,6336.0,False
2719,119,11,6591.0,False
2719,120,16,6675.0,False
2719,123,2,6829.0,False
2720,38,15,2058.0,False
2720,43,1,2293.0,False
2720,46,4,2495.0,False
2720,61,8,3401.0,False
2720,65,17,3595.0,False
2720,71,6,3973.0,False
2720,77,7,4324.0,False
2720,81,19,4564.0,False
2720,84,13,4725.0,False
2720,89,9,5035.0,False
2720,92,0,5181.0,False
2720,103,3,5853.0,False
2720,104,14,5885.0,False
2720,107,18,6040.0,False
2720,114,11,6452.0,False
2720,117,2,6604.0,False
2720,118,10,6674.0,False
2720,119,5,6705.0,False
2720,121,16,6830.0,False
2720,123,12,6903.0,False
2721,39,17,2217.0,False
2721,47,15,2635.0,False
2721,61,8,3343.0,False
2721,65,11,3595.0,False
2721,74,19,4149.0,False
2721,75,4,4196.0,False
2721,89,0,4970.0,False
2721,92,7,5137.0,False
2721,94,13,5256.0,False
2721,95,1,5294.0,False
2721,102,9,5716.0,False
2721,105,2,5852.0,False
2721,106,6,5916.0,False
2721,109,14,6119.0,False
2721,114,16,6410.0,False
2721,116,5,6500.0,False
2721,118,3,6622.0,False
2721,120,18,6727.0,False
2721,122,12,6797.0,False
2721,123,10,6865.0,False
2722,32,19,1788.0,False
2722,33,8,1822.0,False
2722,43,17,2421.0,False
2722,52,9,2928.0,False
2722,58,7,3265.0,False
2722,61,15,3436.0,False
2722,78,6,4420.0,False
2722,80,11,4564.0,False
2722,85,2,4862.0,False
2722,91,4,5177.0,False
2722,92,1,5216.0,False
2722,93,0,5267.0,False
2722,94,13,5332.0,False
2722,108,3,6065.0,False
2722,110,18,6171.0,False
2722,111,14,6203.0,False
2722,114,5,6331.0,False
2722,117,10,6551.0,False
2722,122,16,6841.0,False
2722,123,12,6880.0,False
2723,19,1,904.0,False
2723,52,17,2829.0,False
2723,53,8,2863.0,False
2723,69,0,3787.0,False
2723,76,4,4143.0,False
2723,85,19,4666.0,False
2723,86,7,4711.0,False
2723,88,15,4799.0,False
2723,94,2,5155.0,False
2723,98,13,5395.0,False
2723,99,3,5460.0,False
2723,101,18,5562.0,False
2723,102,9,5642.0,False
2723,103,6,5706.0,False
2723,107,14,5880.0,False
2723,113,11,6277.0,False
2723,117,12,6454.0,False
2723,118,5,6480.0,False
2723,121,10,6654.0,False
2723,123,16,6788.0,False
2724,37,13,2082.0,False
2724,46,17,2625.0,False
2724,48,15,2721.0,False
2724,51,8,2887.0,False
2724,70,4,3861.0,False
2724,76,1,4232.0,False
2724,79,3,4412.0,False
2724,83,14,4638.0,False
2724,85,0,4767.0,False
2724,95,7,5265.0,False
2724,96,6,5329.0,False
2724,99,11,5527.0,False
2724,101,19,5615.0,False
2724,102,10,5670.0,False
2724,106,2,5880.0,False
2724,113,9,6327.0,False
2724,117,12,6538.0,False
2724,119,18,6642.0,False
2724,121,16,6762.0,False
2724,123,5,6857.0,False
2725,40,15,2024.0,False
2725,45,1,2313.0,False
2725,49,8,2562.0,False
2725,58,7,3153.0,False
2725,63,13,3420.0,False
2725,74,19,4018.0,False
2725,98,10,5278.0,False
2725,100,17,5446.0,False
2725,108,11,5965.0,False
2725,109,16,6040.0,False
2725,113,12,6275.0,False
2725,114,3,6345.0,False
2725,115,0,6387.0,False
2725,117,6,6523.0,False
2725,118,2,6567.0,False
2725,119,9,6647.0,False
2725,120,4,6694.0,False
2725,121,18,6761.0,False
2725,122,14,6799.0,False
2725,123,5,6834.0,False
2726,48,8,2624.0,False
2726,53,1,2884.0,False
2726,54,19,2948.0,False
2726,70,14,3859.0,False
2726,74,15,4091.0,False
2726,77,6,4254.0,False
2726,84,13,4658.0,False
2726,89,11,4938.0,False
2726,93,2,5186.0,False
2726,94,0,5233.0,False
2726,97,4,5376.0,False
2726,103,9,5750.0,False
2726,109,10,6108.0,False
2726,110,17,6167.0,False
2726,112,18,6266.0,False
2726,115,7,6413.0,False
2726,116,3,6471.0,False
2726,117,5,6502.0,False
2726,121,16,6747.0,False
2726,123,12,6820.0,False
2727,49,7,2628.0,False
2727,53,4,2859.0,False
2727,57,8,3045.0,False
2727,59,15,3175.0,False
2727,62,1,3324.0,False
2727,64,19,3451.0,False
2727,71,2,3886.0,False
2727,72,12,3922.0,False
2727,78,17,4301.0,False
2727,85,14,4688.0,False
2727,86,6,4753.0,False
2727,89,13,4929.0,False
2727,93,3,5138.0,False
2727,97,9,5380.0,False
2727,99,10,5516.0,False
2727,110,0,6097.0,False
2727,113,5,6280.0,False
2727,116,18,6430.0,False
2727,121,11,6755.0,False
2727,123,16,6889.0,False
2728,39,15,2097.0,False
2728,60,17,3311.0,False
2728,64,8,3509.0,False
2728,72,1,3859.0,False
2728,75,7,4033.0,False
2728,76,4,4080.0,False
2728,87,6,4709.0,False
2728,89,19,4844.0,False
2728,94,3,5135.0,False
2728,97,10,5321.0,False
2728,101,18,5571.0,False
2728,102,13,5650.0,False
2728,103,11,5734.0,False
2728,106,12,5843.0,False
2728,108,0,5951.0,False
2728,115,2,6379.0,False
2728,119,5,6571.0,False
2728,120,14,6608.0,False
2728,122,16,6743.0,False
2728,123,9,6816.0,False
2729,32,8,1801.0,False
2729,49,1,2715.0,False
2729,62,6,3456.0,False
2729,78,7,4376.0,False
2729,79,0,4423.0,False
2729,84,4,4690.0,False
2729,95,15,5252.0,False
2729,97,19,5381.0,False
2729,99,5,5462.0,False
2729,101,3,5555.0,False
2729,102,17,5619.0,False
2729,104,2,5733.0,False
2729,105,14,5770.0,False
2729,108,13,5914.0,False
2729,113,9,6239.0,False
2729,114,10,6322.0,False
2729,117,18,6481.0,False
2729,121,11,6698.0,False
2729,122,16,6782.0,False
2729,123,12,6813.0,False
2730,24,14,1303.0,False
2730,36,8,1956.0,False
2730,42,15,2233.0,False
2730,44,1,2326.0,False
2730,69,17,3795.0,False
2730,72,9,4039.0,False
2730,77,2,4327.0,False
2730,83,13,4685.0,False
2730,84,7,4721.0,False
2730,86,18,4834.0,False
2730,90,6,5078.0,False
2730,97,11,5521.0,False
2730,99,19,5650.0,False
2730,100,4,5697.0,False
2730,101,5,5734.0,False
2730,105,0,5892.0,False
2730,113,10,6323.0,False
2730,115,12,6383.0,False
2730,119,3,6563.0,False
2730,123,16,6837.0,False
2731,23,7,1193.0,False
2731,30,8,1593.0,False
2731,50,1,2736.0,False
2731,79,9,4364.0,False
2731,80,13,4443.0,False
2731,82,15,4554.0,False
2731,84,17,4684.0,False
2731,85,14,4716.0,False
2731,88,4,4872.0,False
2731,95,3,5329.0,False
2731,99,2,5573.0,False
2731,100,6,5637.0,False
2731,101,12,5673.0,False
2731,109,16,6105.0,False
2731,115,10,6427.0,False
2731,116,11,6496.0,False
2731,118,5,6582.0,False
2731,119,0,6629.0,False
2731,121,19,6757.0,False
2731,123,18,6873.0,False
2732,20,7,1057.0,False
2732,43,1,2316.0,False
2732,48,13,2564.0,False
2732,50,8,2674.0,False
2732,58,15,3154.0,False
2732,80,19,4420.0,False
2732,81,17,4484.0,False
2732,82,4,4531.0,False
2732,84,3,4627.0,False
2732,85,0,4680.0,False
2732,88,6,4854.0,False
2732,101,2,5565.0,False
2732,103,11,5696.0,False
2732,105,5,5785.0,False
2732,110,9,6064.0,False
2732,114,14,6279.0,False
2732,115,18,6337.0,False
2732,117,12,6420.0,False
2732,118,10,6490.0,False
2732,123,16,6813.0,False
2733,17,8,710.0,False
2733,52,1,2834.0,False
2733,53,17,2893.0,False
2733,57,15,3117.0,False
2733,59,6,3239.0,False
2733,73,13,4051.0,False
2733,83,7,4583.0,False
2733,86,11,4777.0,False
2733,91,4,5023.0,False
2733,92,9,5111.0,False
2733,93,0,5164.0,False
2733,107,5,5889.0,False
2733,109,19,6050.0,False
2733,111,18,6195.0,False
2733,114,2,6346.0,False
2733,116,3,6477.0,False
2733,120,12,6665.0,False
2733,121,14,6697.0,False
2733,122,10,6765.0,False
2733,123,16,6849.0,False
2734,35,7,1947.0,False
2734,40,1,2203.0,False
2734,42,8,2287.0,False
2734,46,17,2554.0,False
2734,63,19,3511.0,False
2734,66,14,3665.0,False
2734,68,9,3801.0,False
2734,73,15,4058.0,False
2734,88,13,4878.0,False
2734,94,6,5263.0,False
2734,95,4,5310.0,False
2734,96,12,5349.0,False
2734,102,0,5642.0,False
2734,108,3,5993.0,False
2734,113,5,6240.0,False
2734,115,11,6388.0,False
2734,118,2,6537.0,False
2734,119,18,6595.0,False
2734,120,10,6665.0,False
2734,123,16,6858.0,False
2735,27,8,1359.0,False
2735,31,1,1506.0,False
2735,61,15,3274.0,False
2735,62,7,3308.0,False
2735,63,19,3372.0,False
2735,67,11,3618.0,False
2735,81,9,4486.0,False
2735,83,5,4612.0,False
2735,86,6,4783.0,False
2735,87,14,4820.0,False
2735,91,17,5026.0,False
2735,94,12,5146.0,False
2735,96,13,5255.0,False
2735,105,3,5867.0,False
2735,106,4,5906.0,False
2735,108,18,6011.0,False
2735,116,0,6410.0,False
2735,118,2,6525.0,False
2735,120,10,6636.0,False
2735,123,16,6830.0,False
2736,25,8,1322.0,False
2736,39,15,2126.0,False
2736,41,7,2240.0,False
2736,45,1,2421.0,False
2736,47,19,2568.0,False
2736,60,17,3226.0,False
2736,78,13,4376.0,False
2736,88,16,4928.0,False
2736,90,0,5021.0,False
2736,92,14,5124.0,False
2736,93,10,5192.0,False
2736,96,9,5369.0,False
2736,102,3,5750.0,False
2736,109,4,6143.0,False
2736,110,5,6180.0,False
2736,113,6,6354.0,False
2736,117,11,6609.0,False
2736,118,18,6667.0,False
2736,121,2,6815.0,False
2736,123,12,6885.0,False
2737,25,8,1258.0,False
2737,28,15,1381.0,False
2737,51,7,2744.0,False
2737,52,13,2808.0,False
2737,59,17,3171.0,False
2737,79,2,4402.0,False
2737,82,0,4530.0,False
2737,85,9,4734.0,False
2737,90,19,5015.0,False
2737,93,1,5189.0,False
2737,97,4,5353.0,False
2737,102,11,5673.0,False
2737,103,6,5737.0,False
2737,109,3,6087.0,False
2737,111,14,6178.0,False
2737,113,5,6268.0,False
2737,114,12,6304.0,False
2737,116,18,6403.0,False
2737,122,16,6771.0,False
2737,123,10,6854.0,False
2738,28,8,1492.0,False
2738,52,17,2848.0,False
2738,61,0,3296.0,False
2738,64,13,3495.0,False
2738,69,15,3716.0,False
2738,74,1,4032.0,False
2738,78,19,4251.0,False
2738,80,6,4392.0,False
2738,81,9,4472.0,False
2738,86,7,4723.0,False
2738,90,5,4936.0,False
2738,91,12,4972.0,False
2738,100,11,5477.0,False
2738,103,10,5656.0,False
2738,109,14,6031.0,False
2738,110,4,6078.0,False
2738,111,2,6128.0,False
2738,117,3,6439.0,False
2738,122,18,6729.0,False
2738,123,16,6813.0,False
2739,31,8,1555.0,False
2739,41,1,2032.0,False
2739,46,15,2339.0,False
2739,56,9,2955.0,False
2739,61,6,3278.0,False
2739,70,19,3859.0,False
2739,76,7,4157.0,False
2739,79,13,4364.0,False
2739,83,12,4563.0,False
2739,91,14,4942.0,False
2739,94,17,5104.0,False
2739,99,10,5438.0,False
2739,104,18,5707.0,False
2739,107,0,5865.0,False
2739,108,16,5949.0,False
2739,115,11,6389.0,False
2739,116,2,6428.0,False
2739,117,4,6475.0,False
2739,118,3,6533.0,False
2739,123,5,6771.0,False
2740,30,8,1693.0,False
2740,35,13,1943.0,False
2740,43,1,2335.0,False
2740,58,18,3219.0,False
2740,76,0,4197.0,False
2740,79,15,4361.0,False
2740,81,7,4445.0,False
2740,83,9,4568.0,False
2740,84,14,4606.0,False
2740,95,19,5225.0,False
2740,100,5,5494.0,False
2740,103,4,5656.0,False
2740,109,6,5977.0,False
2740,110,10,6045.0,False
2740,112,2,6136.0,False
2740,113,11,6205.0,False
2740,115,17,6299.0,False
2740,116,12,6335.0,False
2740,122,3,6735.0,False
2740,123,16,6810.0,False
2741,27,15,1320.0,False
2741,41,17,2268.0,False
2741,53,8,2906.0,False
2741,74,14,4025.0,False
2741,75,1,4058.0,False
2741,79,7,4231.0,False
2741,88,13,4786.0,False
2741,90,10,4898.0,False
2741,93,9,5082.0,False
2741,98,2,5385.0,False
2741,106,16,5851.0,False
2741,107,3,5914.0,False
2741,109,4,5997.0,False
2741,110,5,6034.0,False
2741,113,11,6277.0,False
2741,114,12,6313.0,False
2741,115,6,6368.0,False
2741,117,0,6467.0,False
2741,122,18,6766.0,False
2741,123,19,6830.0,False
2742,21,13,1052.0,False
2742,42,8,2298.0,False
2742,43,15,2342.0,False
2742,46,9,2565.0,False
2742,50,7,2767.0,False
2742,52,17,2892.0,False
2742,81,1,4516.0,False
2742,84,19,4701.0,False
2742,91,0,5088.0,False
2742,93,3,5202.0,False
2742,101,10,5624.0,False
2742,104,6,5824.0,False
2742,105,12,5863.0,False
2742,107,14,5953.0,False
2742,113,4,6258.0,False
2742,115,18,6398.0,False
2742,116,11,6495.0,False
2742,119,2,6679.0,False
2742,122,5,6830.0,False
2742,123,16,6915.0,False
2743,12,8,527.0,False
2743,44,1,2418.0,False
2743,45,13,2482.0,False
2743,67,17,3786.0,False
2743,71,14,3995.0,False
2743,73,7,4073.0,False
2743,75,15,4183.0,False
2743,89,19,4888.0,False
2743,90,5,4919.0,False
2743,97,0,5334.0,False
2743,98,3,5397.0,False
2743,102,11,5679.0,False
2743,104,12,5744.0,False
2743,109,16,6018.0,False
2743,110,2,6066.0,False
2743,111,9,6154.0,False
2743,115,6,6417.0,False
2743,120,4,6691.0,False
2743,121,10,6761.0,False
2743,123,18,6868.0,False
2744,42,8,2246.0,False
2744,54,6,2998.0,False
2744,57,15,3129.0,False
2744,58,7,3174.0,False
2744,63,9,3477.0,False
2744,69,1,3811.0,False
2744,74,13,4100.0,False
2744,86,3,4763.0,False
2744,90,10,5018.0,False
2744,94,0,5288.0,False
2744,99,17,5541.0,False
2744,102,11,5708.0,False
2744,106,5,5916.0,False
2744,109,18,6068.0,False
2744,111,2,6176.0,False
2744,113,12,6246.0,False
2744,115,4,6375.0,False
2744,117,19,6502.0,False
2744,118,14,6540.0,False
2744,123,16,6855.0,False
2745,26,15,1366.0,False
2745,36,8,1934.0,False
2745,51,13,2825.0,False
2745,65,3,3644.0,False
2745,71,1,3934.0,False
2745,83,7,4551.0,False
2745,84,17,4622.0,False
2745,94,4,5195.0,False
2745,95,11,5292.0,False
2745,104,6,5781.0,False
2745,105,14,5819.0,False
2745,106,19,5874.0,False
2745,107,9,5962.0,False
2745,108,18,6029.0,False
2745,109,5,6064.0,False
2745,114,10,6340.0,False
2745,115,0,6387.0,False
2745,117,12,6489.0,False
2745,121,2,6738.0,False
2745,123,16,6863.0,False
2746,21,8,1085.0,False
2746,59,5,3226.0,False
2746,60,13,3291.0,False
2746,65,15,3512.0,False
2746,68,17,3703.0,False
2746,78,7,4210.0,False
2746,82,1,4391.0,False
2746,90,0,4824.0,False
2746,91,3,4887.0,False
2746,94,6,5062.0,False
2746,100,10,5416.0,False
2746,104,4,5625.0,False
2746,106,19,5772.0,False
2746,107,11,5856.0,False
2746,113,18,6204.0,False
2746,114,2,6243.0,False
2746,117,12,6373.0,False
2746,120,14,6555.0,False
2746,121,9,6628.0,False
2746,123,16,6753.0,False
2747,25,8,1328.0,False
2747,48,13,2607.0,False
2747,63,15,3444.0,False
2747,70,12,3770.0,False
2747,72,17,3903.0,False
2747,76,7,4108.0,False
2747,80,10,4329.0,False
2747,84,18,4560.0,False
2747,90,9,4966.0,False
2747,97,5,5274.0,False
2747,98,2,5318.0,False
2747,103,1,5590.0,False
2747,105,4,5696.0,False
2747,108,14,5903.0,False
2747,110,6,6012.0,False
2747,111,3,6070.0,False
2747,117,0,6424.0,False
2747,119,11,6571.0,False
2747,121,16,6693.0,False
2747,123,19,6811.0,False
2748,24,8,1259.0,False
2748,42,15,2308.0,False
2748,65,7,3484.0,False
2748,66,17,3543.0,False
2748,75,1,4048.0,False
2748,79,13,4336.0,False
2748,82,19,4544.0,False
2748,83,5,4579.0,False
2748,85,9,4706.0,False
2748,92,12,5080.0,False
2748,95,18,5250.0,False
2748,96,6,5314.0,False
2748,102,4,5592.0,False
2748,103,0,5645.0,False
2748,106,10,5840.0,False
2748,107,14,5878.0,False
2748,116,3,6434.0,False
2748,119,2,6619.0,False
2748,120,16,6704.0,False
2748,123,11,6889.0,False
2749,35,17,1943.0,False
2749,59,4,3216.0,False
2749,60,15,3266.0,False
2749,69,1,3806.0,False
2749,71,8,3920.0,False
2749,80,12,4348.0,False
2749,85,7,4664.0,False
2749,94,14,5174.0,False
2749,98,13,5402.0,False
2749,100,19,5502.0,False
2749,103,9,5680.0,False
2749,106,5,5808.0,False
2749,108,2,5901.0,False
2749,112,10,6147.0,False
2749,113,18,6205.0,False
2749,117,16,6468.0,False
2749,118,3,6526.0,False
2749,119,6,6581.0,False
2749,122,0,6735.0,False
2749,123,11,6817.0,False
2750,45,8,2508.0,False
2750,66,12,3612.0,False
2750,68,18,3709.0,False
2750,69,17,3775.0,False
2750,70,15,3819.0,False
2750,73,7,4009.0,False
2750,78,19,4275.0,False
2750,82,6,4485.0,False
2750,86,13,4767.0,False
2750,97,4,5406.0,False
2750,101,1,5600.0,False
2750,103,3,5713.0,False
2750,109,16,6061.0,False
2750,110,10,6131.0,False
2750,111,11,6200.0,False
2750,114,14,6351.0,False
2750,118,9,6594.0,False
2750,121,5,6741.0,False
2750,122,0,6788.0,False
2750,123,2,6832.0,False
2751,28,8,1511.0,False
2751,34,7,1861.0,False
2751,51,17,2842.0,False
2751,57,6,3153.0,False
2751,59,9,3327.0,False
2751,70,10,3907.0,False
2751,72,1,4001.0,False
2751,76,12,4207.0,False
2751,91,0,5089.0,False
2751,94,13,5248.0,False
2751,95,14,5285.0,False
2751,99,3,5554.0,False
2751,100,11,5636.0,False
2751,102,16,5753.0,False
2751,109,4,6137.0,False
2751,111,19,6255.0,False
2751,117,2,6559.0,False
2751,118,15,6608.0,False
2751,119,5,6643.0,False
2751,123,18,6848.0,False
2752,24,8,1248.0,False
2752,61,17,3393.0,False
2752,64,7,3522.0,False
2752,78,12,4254.0,False
2752,90,9,5001.0,False
2752,94,19,5299.0,False
2752,95,1,5338.0,False
2752,96,10,5421.0,False
2752,100,4,5626.0,False
2752,102,14,5719.0,False
2752,104,5,5814.0,False
2752,107,6,5980.0,False
2752,109,11,6102.0,False
2752,110,3,6160.0,False
2752,113,13,6342.0,False
2752,115,16,6467.0,False
2752,118,18,6611.0,False
2752,120,0,6706.0,False
2752,121,15,6755.0,False
2752,123,2,6876.0,False
2753,29,8,1512.0,False
2753,61,14,3482.0,False
2753,66,19,3738.0,False
2753,72,15,4039.0,False
2753,78,9,4426.0,False
2753,81,10,4627.0,False
2753,82,7,4660.0,False
2753,88,17,4982.0,False
2753,92,13,5185.0,False
2753,93,12,5221.0,False
2753,100,11,5665.0,False
2753,105,0,5902.0,False
2753,109,4,6130.0,False
2753,110,6,6195.0,False
2753,111,2,6245.0,False
2753,113,5,6347.0,False
2753,114,3,6410.0,False
2753,116,18,6526.0,False
2753,120,1,6733.0,False
2753,123,16,6926.0,False
2754,40,8,2166.0,False
2754,44,7,2374.0,False
2754,45,3,2437.0,False
2754,59,10,3192.0,False
2754,72,13,3891.0,False
2754,74,15,3993.0,False
2754,80,9,4327.0,False
2754,84,0,4506.0,False
2754,85,1,4544.0,False
2754,86,11,4641.0,False
2754,87,12,4667.0,False
2754,88,4,4713.0,False
2754,92,17,4973.0,False
2754,106,6,5848.0,False
2754,107,16,5923.0,False
2754,115,2,6372.0,False
2754,116,19,6437.0,False
2754,118,5,6524.0,False
2754,121,18,6689.0,False
2754,123,14,6809.0,False
2755,32,8,1756.0,False
2755,49,7,2722.0,False
2755,50,19,2786.0,False
2755,64,17,3530.0,False
2755,67,11,3721.0,False
2755,70,5,3851.0,False
2755,78,2,4329.0,False
2755,81,4,4458.0,False
2755,91,10,5003.0,False
2755,92,1,5041.0,False
2755,93,0,5092.0,False
2755,99,15,5452.0,False
2755,104,6,5730.0,False
2755,108,3,5956.0,False
2755,109,13,6024.0,False
2755,111,12,6129.0,False
2755,117,16,6469.0,False
2755,120,9,6690.0,False
2755,122,18,6806.0,False
2755,123,14,6844.0,False
2756,45,7,2482.0,False
2756,52,19,2913.0,False
2756,72,4,4094.0,False
2756,74,8,4174.0,False
2756,78,1,4324.0,False
2756,85,12,4693.0,False
2756,89,11,4994.0,False
2756,90,13,5058.0,False
2756,91,2,5097.0,False
2756,98,0,5451.0,False
2756,101,3,5588.0,False
2756,104,15,5740.0,False
2756,105,14,5772.0,False
2756,110,9,6081.0,False
2756,112,10,6226.0,False
2756,113,17,6285.0,False
2756,114,16,6360.0,False
2756,118,18,6607.0,False
2756,121,5,6740.0,False
2756,123,6,6871.0,False
2757,31,7,1635.0,False
2757,43,8,2343.0,False
2757,51,12,2705.0,False
2757,66,17,3583.0,False
2757,67,4,3617.0,False
2757,72,1,3860.0,False
2757,76,6,4087.0,False
2757,88,10,4760.0,False
2757,91,11,4962.0,False
2757,92,9,5050.0,False
2757,94,3,5191.0,False
2757,95,13,5259.0,False
2757,97,19,5365.0,False
2757,98,18,5432.0,False
2757,107,2,5921.0,False
2757,115,5,6351.0,False
2757,116,0,6398.0,False
2757,118,15,6492.0,False
2757,122,16,6781.0,False
2757,123,14,6819.0,False
2758,25,7,1259.0,False
2758,41,15,2083.0,False
2758,51,17,2641.0,False
2758,54,1,2768.0,False
2758,56,19,2879.0,False
2758,65,8,3446.0,False
2758,86,4,4709.0,False
2758,89,12,4826.0,False
2758,90,9,4902.0,False
2758,93,10,5137.0,False
2758,97,6,5338.0,False
2758,101,3,5553.0,False
2758,104,13,5736.0,False
2758,107,18,5898.0,False
2758,110,0,6029.0,False
2758,111,2,6073.0,False
2758,115,11,6342.0,False
2758,119,5,6566.0,False
2758,122,14,6723.0,False
2758,123,16,6798.0,False
2759,17,7,897.0,False
2759,55,11,2999.0,False
2759,62,8,3377.0,False
2759,64,3,3504.0,False
2759,67,19,3709.0,False
2759,78,17,4284.0,False
2759,80,15,4426.0,False
2759,85,12,4705.0,False
2759,95,10,5274.0,False
2759,97,4,5418.0,False
2759,98,1,5457.0,False
2759,106,9,5918.0,False
2759,110,0,6117.0,False
2759,112,6,6246.0,False
2759,114,5,6348.0,False
2759,116,16,6489.0,False
2759,118,18,6605.0,False
2759,121,13,6797.0,False
2759,122,2,6841.0,False
2759,123,14,6878.0,False
2760,31,7,1671.0,False
2760,34,8,1848.0,False
2760,46,19,2510.0,False
2760,49,3,2754.0,False
2760,59,17,3330.0,False
2760,79,11,4398.0,False
2760,81,18,4507.0,False
2760,83,10,4613.0,False
2760,96,15,5252.0,False
2760,97,12,5278.0,False
2760,102,13,5529.0,False
2760,107,4,5802.0,False
2760,108,5,5839.0,False
2760,113,0,6205.0,False
2760,115,14,6311.0,False
2760,116,1,6344.0,False
2760,118,16,6469.0,False
2760,120,2,6599.0,False
2760,122,9,6738.0,False
2760,123,6,6793.0,False
2761,32,7,1720.0,False
2761,38,17,2053.0,False
2761,42,10,2263.0,False
2761,50,15,2698.0,False
2761,56,8,2976.0,False
2761,74,1,3909.0,False
2761,76,3,4053.0,False
2761,82,11,4440.0,False
2761,86,18,4640.0,False
2761,90,4,4898.0,False
2761,93,6,5104.0,False
2761,95,12,5177.0,False
2761,107,13,5926.0,False
2761,109,19,6044.0,False
2761,112,0,6177.0,False
2761,114,9,6347.0,False
2761,115,2,6391.0,False
2761,117,16,6515.0,False
2761,121,5,6696.0,False
2761,123,14,6829.0,False
2762,34,1,1787.0,False
2762,43,8,2259.0,False
2762,66,3,3530.0,False
2762,68,7,3610.0,False
2762,69,12,3646.0,False
2762,70,10,3714.0,False
2762,87,19,4734.0,False
2762,88,4,4781.0,False
2762,92,5,4961.0,False
2762,95,18,5103.0,False
2762,98,0,5238.0,False
2762,102,13,5469.0,False
2762,104,17,5616.0,False
2762,109,2,5922.0,False
2762,110,15,5971.0,False
2762,111,6,6035.0,False
2762,120,11,6624.0,False
2762,121,16,6699.0,False
2762,122,14,6737.0,False
2762,123,9,6825.0,False
2763,19,7,979.0,False
2763,40,19,2237.0,False
2763,53,8,2975.0,False
2763,65,13,3569.0,False
2763,72,10,3936.0,False
2763,75,1,4056.0,False
2763,76,15,4100.0,False
2763,77,12,4126.0,False
2763,82,3,4441.0,False
2763,85,17,4585.0,False
2763,93,4,5018.0,False
2763,97,18,5259.0,False
2763,100,11,5447.0,False
2763,102,0,5594.0,False
2763,106,5,5798.0,False
2763,112,9,6122.0,False
2763,116,6,6381.0,False
2763,119,2,6561.0,False
2763,122,14,6732.0,False
2763,123,16,6816.0,False
2764,39,8,2097.0,False
2764,40,17,2156.0,False
2764,47,19,2633.0,False
2764,52,7,2890.0,False
2764,75,3,4190.0,False
2764,83,2,4580.0,False
2764,86,10,4752.0,False
2764,89,12,4867.0,False
2764,92,13,5073.0,False
2764,96,4,5281.0,False
2764,97,15,5331.0,False
2764,100,6,5502.0,False
2764,102,0,5613.0,False
2764,103,1,5651.0,False
2764,110,9,6060.0,False
2764,113,5,6194.0,False
2764,118,11,6550.0,False
2764,120,14,6671.0,False
2764,122,18,6787.0,False
2764,123,16,6871.0,False
2765,35,12,1794.0,False
2765,38,1,1902.0,False
2765,54,8,2757.0,False
2765,58,7,3007.0,False
2765,62,13,3267.0,False
2765,63,19,3332.0,False
2765,77,3,4186.0,False
2765,83,2,4472.0,False
2765,84,10,4540.0,False
2765,91,17,4983.0,False
2765,92,0,5030.0,False
2765,96,4,5219.0,False
2765,101,6,5512.0,False
2765,102,5,5543.0,False
2765,112,9,6233.0,False
2765,116,18,6431.0,False
2765,118,15,6571.0,False
2765,120,16,6705.0,False
2765,122,11,6853.0,False
2765,123,14,6891.0,False
2766,21,19,1215.0,False
2766,37,12,2066.0,False
2766,38,7,2099.0,False
2766,51,8,2715.0,False
2766,53,17,2862.0,False
2766,60,4,3272.0,False
2766,67,3,3681.0,False
2766,79,1,4331.0,False
2766,91,6,5037.0,False
2766,92,13,5101.0,False
2766,94,14,5196.0,False
2766,96,0,5285.0,False
2766,108,10,5996.0,False
2766,109,11,6065.0,False
2766,114,2,6335.0,False
2766,116,15,6452.0,False
2766,119,5,6572.0,False
2766,120,18,6639.0,False
2766,121,16,6723.0,False
2766,123,9,6861.0,False
2767,32,8,1672.0,False
2767,46,3,2434.0,False
2767,52,19,2851.0,False
2767,62,10,3408.0,False
2767,69,9,3808.0,False
2767,76,7,4318.0,False
2767,77,6,4382.0,False
2767,78,15,4432.0,False
2767,81,4,4569.0,False
2767,82,12,4608.0,False
2767,89,17,4995.0,False
2767,98,0,5497.0,False
2767,99,13,5562.0,False
2767,103,1,5703.0,False
2767,113,18,6247.0,False
2767,115,11,6386.0,False
2767,116,2,6430.0,False
2767,120,14,6647.0,False
2767,121,16,6731.0,False
2767,123,5,6830.0,False
2768,37,3,2002.0,False
2768,43,8,2324.0,False
2768,44,7,2369.0,False
2768,58,12,3047.0,False
2768,64,19,3375.0,False
2768,74,6,3970.0,False
2768,78,10,4183.0,False
2768,79,17,4242.0,False
2768,81,1,4328.0,False
2768,84,15,4529.0,False
2768,88,13,4781.0,False
2768,90,2,4884.0,False
2768,94,0,5060.0,False
2768,101,4,5531.0,False
2768,105,11,5762.0,False
2768,115,14,6320.0,False
2768,118,18,6508.0,False
2768,120,5,6595.0,False
2768,122,16,6737.0,False
2768,123,9,6810.0,False
2769,23,7,1205.0,False
2769,24,8,1249.0,False
2769,39,10,2070.0,False
2769,48,3,2564.0,False
2769,51,17,2717.0,False
2769,61,12,3293.0,False
2769,63,4,3377.0,False
2769,74,1,3939.0,False
2769,80,19,4324.0,False
2769,92,15,5051.0,False
2769,94,2,5177.0,False
2769,96,11,5319.0,False
2769,98,6,5425.0,False
2769,101,13,5621.0,False
2769,112,0,6177.0,False
2769,115,14,6331.0,False
2769,117,18,6448.0,False
2769,118,9,6528.0,False
2769,119,16,6612.0,False
2769,123,5,6803.0,False
2770,25,3,1343.0,False
2770,35,7,1937.0,False
2770,37,8,2010.0,False
2770,56,10,3065.0,False
2770,60,19,3260.0,False
2770,66,12,3546.0,False
2770,69,17,3747.0,False
2770,72,11,3905.0,False
2770,76,1,4126.0,False
2770,78,4,4224.0,False
2770,81,6,4421.0,False
2770,90,0,5037.0,False
2770,105,18,5883.0,False
2770,110,2,6123.0,False
2770,111,14,6160.0,False
2770,115,13,6366.0,False
2770,116,5,6403.0,False
2770,118,15,6495.0,False
2770,121,9,6722.0,False
2770,123,16,6847.0,False
2771,27,8,1428.0,False
2771,40,10,2147.0,False
2771,50,3,2719.0,False
2771,51,12,2750.0,False
2771,57,19,3108.0,False
2771,58,7,3153.0,False
2771,59,1,3186.0,False
2771,76,17,4160.0,False
2771,79,0,4302.0,False
2771,90,14,4905.0,False
2771,93,4,5114.0,False
2771,102,11,5673.0,False
2771,104,9,5806.0,False
2771,108,6,6040.0,False
2771,114,13,6381.0,False
2771,119,5,6617.0,False
2771,120,16,6702.0,False
2771,121,15,6751.0,False
2771,122,2,6799.0,False
2771,123,18,6866.0,False
2772,41,7,2187.0,False
2772,52,1,2821.0,False
2772,53,10,2904.0,False
2772,60,16,3324.0,False
2772,65,3,3627.0,False
2772,72,0,4003.0,False
2772,74,8,4112.0,False
2772,75,4,4158.0,False
2772,76,19,4222.0,False
2772,83,15,4584.0,False
2772,85,17,4687.0,False
2772,86,12,4723.0,False
2772,92,6,5055.0,False
2772,102,2,5656.0,False
2772,106,11,5958.0,False
2772,109,13,6134.0,False
2772,113,18,6365.0,False
2772,115,9,6488.0,False
2772,118,14,6677.0,False
2772,123,5,6913.0,False
2773,50,3,2820.0,False
2773,53,7,2955.0,False
2773,63,19,3483.0,False
2773,64,12,3522.0,False
2773,66,10,3673.0,False
2773,67,8,3712.0,False
2773,78,0,4315.0,False
2773,80,16,4444.0,False
2773,86,1,4714.0,False
2773,100,4,5455.0,False
2773,102,9,5600.0,False
2773,103,15,5650.0,False
2773,105,17,5780.0,False
2773,109,11,6024.0,False
2773,110,13,6088.0,False
2773,112,18,6195.0,False
2773,117,6,6533.0,False
2773,120,2,6684.0,False
2773,122,14,6785.0,False
2773,123,5,6820.0,False
2774,44,8,2382.0,False
2774,49,3,2735.0,False
2774,51,7,2809.0,False
2774,54,10,3013.0,False
2774,70,19,3852.0,False
2774,75,1,4121.0,False
2774,78,15,4277.0,False
2774,87,4,4792.0,False
2774,93,0,5158.0,False
2774,98,6,5450.0,False
2774,103,16,5735.0,False
2774,107,9,6009.0,False
2774,108,12,6040.0,False
2774,109,11,6137.0,False
2774,110,14,6169.0,False
2774,112,5,6259.0,False
2774,113,17,6318.0,False
2774,114,18,6374.0,False
2774,120,2,6732.0,False
2774,123,13,6909.0,False
2775,40,8,2158.0,False
2775,52,10,2946.0,False
2775,58,3,3320.0,False
2775,70,6,3933.0,False
2775,72,17,4064.0,False
2775,74,7,4150.0,False
2775,76,12,4226.0,False
2775,81,19,4549.0,False
2775,94,4,5230.0,False
2775,101,16,5691.0,False
2775,105,1,5901.0,False
2775,106,11,5985.0,False
2775,111,13,6261.0,False
2775,112,15,6310.0,False
2775,117,0,6550.0,False
2775,119,18,6681.0,False
2775,120,5,6712.0,False
2775,121,14,6749.0,False
2775,122,9,6829.0,False
2775,123,2,6877.0,False
2776,23,10,1213.0,False
2776,41,8,2251.0,False
2776,48,7,2691.0,False
2776,58,6,3247.0,False
2776,61,3,3388.0,False
2776,64,19,3547.0,False
2776,68,0,3758.0,False
2776,91,2,5099.0,False
2776,100,17,5566.0,False
2776,104,18,5886.0,False
2776,108,14,6079.0,False
2776,109,11,6163.0,False
2776,110,9,6251.0,False
2776,111,16,6335.0,False
2776,113,1,6400.0,False
2776,115,12,6460.0,False
2776,117,4,6544.0,False
2776,120,15,6697.0,False
2776,122,5,6801.0,False
2776,123,13,6866.0,False
2777,29,10,1586.0,False
2777,40,1,2167.0,False
2777,47,7,2559.0,False
2777,55,0,2963.0,False
2777,64,3,3480.0,False
2777,73,15,3993.0,False
2777,93,8,5136.0,False
2777,95,19,5273.0,False
2777,96,14,5305.0,False
2777,98,2,5388.0,False
2777,101,16,5590.0,False
2777,102,17,5661.0,False
2777,104,4,5781.0,False
2777,110,6,6158.0,False
2777,111,9,6234.0,False
2777,114,13,6432.0,False
2777,117,12,6539.0,False
2777,120,18,6706.0,False
2777,122,5,6787.0,False
2777,123,11,6871.0,False
2778,33,8,1778.0,False
2778,41,13,2207.0,False
2778,46,10,2599.0,False
2778,54,3,3059.0,False
2778,67,17,3840.0,False
2778,79,7,4477.0,False
2778,83,1,4646.0,False
2778,88,19,4950.0,False
2778,92,0,5199.0,False
2778,94,6,5339.0,False
2778,95,2,5383.0,False
2778,101,11,5737.0,False
2778,102,16,5821.0,False
2778,105,12,5951.0,False
2778,106,9,6039.0,False
2778,107,14,6071.0,False
2778,112,18,6344.0,False
2778,119,4,6706.0,False
2778,120,15,6756.0,False
2778,123,5,6887.0,False
2779,44,1,2408.0,False
2779,58,7,3122.0,False
2779,59,8,3156.0,False
2779,69,11,3795.0,False
2779,74,15,4020.0,False
2779,83,17,4563.0,False
2779,84,4,4597.0,False
2779,87,10,4810.0,False
2779,91,13,5034.0,False
2779,93,19,5161.0,False
2779,104,3,5775.0,False
2779,106,0,5878.0,False
2779,110,6,6130.0,False
2779,112,14,6226.0,False
2779,115,12,6350.0,False
2779,116,18,6406.0,False
2779,118,5,6492.0,False
2779,119,16,6576.0,False
2779,120,9,6664.0,False
2779,123,2,6824.0,False
2780,39,10,2275.0,False
2780,55,1,3131.0,False
2780,61,3,3431.0,False
2780,62,7,3465.0,False
2780,70,19,3892.0,False
2780,71,17,3958.0,False
2780,72,6,4013.0,False
2780,93,8,5163.0,False
2780,95,12,5228.0,False
2780,96,13,5307.0,False
2780,98,16,5474.0,False
2780,101,4,5631.0,False
2780,104,0,5783.0,False
2780,105,14,5820.0,False
2780,108,2,5995.0,False
2780,112,18,6208.0,False
2780,116,15,6441.0,False
2780,117,9,6529.0,False
2780,121,11,6763.0,False
2780,123,5,6849.0,False
2781,29,10,1551.0,False
2781,43,8,2334.0,False
2781,52,7,2847.0,False
2781,54,4,2941.0,False
2781,70,0,3897.0,False
2781,73,3,4080.0,False
2781,81,6,4615.0,False
2781,87,1,4914.0,False
2781,91,16,5181.0,False
2781,96,14,5446.0,False
2781,107,9,6028.0,False
2781,110,13,6220.0,False
2781,111,19,6284.0,False
2781,115,11,6551.0,False
2781,116,2,6599.0,False
2781,118,5,6678.0,False
2781,119,18,6734.0,False
2781,120,12,6770.0,False
2781,121,15,6814.0,False
2781,123,17,6912.0,False
2782,25,10,1358.0,False
2782,47,14,2648.0,False
2782,53,6,3026.0,False
2782,55,7,3107.0,False
2782,65,4,3625.0,False
2782,79,1,4387.0,False
2782,80,3,4445.0,False
2782,83,19,4613.0,False
2782,90,2,4979.0,False
2782,97,15,5383.0,False
2782,100,18,5557.0,False
2782,101,9,5645.0,False
2782,108,16,6093.0,False
2782,111,8,6208.0,False
2782,114,0,6374.0,False
2782,116,17,6495.0,False
2782,117,11,6577.0,False
2782,118,13,6641.0,False
2782,121,5,6782.0,False
2782,123,12,6852.0,False
2783,42,1,2216.0,False
2783,49,10,2603.0,False
2783,51,15,2698.0,False
2783,56,14,3019.0,False
2783,60,2,3265.0,False
2783,62,4,3378.0,False
2783,69,3,3786.0,False
2783,78,6,4388.0,False
2783,92,13,5211.0,False
2783,93,16,5286.0,False
2783,99,7,5643.0,False
2783,102,17,5798.0,False
2783,105,8,5952.0,False
2783,110,9,6261.0,False
2783,117,0,6622.0,False
2783,118,11,6706.0,False
2783,119,5,6737.0,False
2783,121,12,6822.0,False
2783,122,18,6880.0,False
2783,123,19,6944.0,False
2784,48,10,2714.0,False
2784,58,7,3305.0,False
2784,61,17,3473.0,False
2784,62,6,3537.0,False
2784,66,14,3700.0,False
2784,73,15,4024.0,False
2784,75,4,4103.0,False
2784,80,8,4400.0,False
2784,83,13,4565.0,False
2784,93,16,5205.0,False
2784,94,1,5244.0,False
2784,99,19,5516.0,False
2784,104,12,5760.0,False
2784,106,2,5870.0,False
2784,113,5,6209.0,False
2784,118,0,6460.0,False
2784,119,3,6523.0,False
2784,120,11,6605.0,False
2784,121,9,6693.0,False
2784,123,18,6800.0,False
2785,53,3,2891.0,False
2785,66,2,3668.0,False
2785,77,10,4301.0,False
2785,80,6,4492.0,False
2785,82,17,4588.0,False
2785,83,9,4668.0,False
2785,88,18,4985.0,False
2785,90,7,5071.0,False
2785,95,4,5371.0,False
2785,98,14,5515.0,False
2785,103,16,5779.0,False
2785,105,0,5864.0,False
2785,106,1,5902.0,False
2785,107,15,5946.0,False
2785,108,11,6030.0,False
2785,109,13,6094.0,False
2785,118,8,6583.0,False
2785,120,5,6670.0,False
2785,122,12,6740.0,False
2785,123,19,6804.0,False
2786,52,10,2860.0,False
2786,62,14,3446.0,False
2786,70,1,3874.0,False
2786,71,0,3925.0,False
2786,78,6,4311.0,False
2786,79,12,4350.0,False
2786,84,9,4648.0,False
2786,85,17,4719.0,False
2786,91,18,5056.0,False
2786,93,11,5196.0,False
2786,100,19,5581.0,False
2786,101,3,5644.0,False
2786,102,8,5691.0,False
2786,103,13,5759.0,False
2786,106,7,5924.0,False
2786,107,15,5968.0,False
2786,117,16,6568.0,False
2786,120,5,6709.0,False
2786,122,4,6834.0,False
2786,123,2,6884.0,False
2787,40,1,2291.0,False
2787,53,6,3001.0,False
2787,62,0,3503.0,False
2787,65,11,3664.0,False
2787,78,8,4404.0,False
2787,83,12,4613.0,False
2787,86,10,4836.0,False
2787,94,14,5269.0,False
2787,96,4,5390.0,False
2787,97,16,5474.0,False
2787,103,9,5884.0,False
2787,105,17,5996.0,False
2787,107,19,6102.0,False
2787,110,7,6247.0,False
2787,116,13,6568.0,False
2787,117,2,6612.0,False
2787,118,18,6670.0,False
2787,120,3,6799.0,False
2787,121,15,6848.0,False
2787,123,5,6938.0,False
2788,37,1,2074.0,False
2788,40,6,2219.0,False
2788,53,11,3002.0,False
2788,61,14,3482.0,False
2788,67,10,3841.0,False
2788,68,19,3896.0,False
2788,90,3,5205.0,False
2788,95,4,5448.0,False
2788,97,7,5565.0,False
2788,100,0,5682.0,False
2788,102,9,5813.0,False
2788,107,16,6074.0,False
2788,109,12,6179.0,False
2788,111,13,6291.0,False
2788,112,17,6357.0,False
2788,114,8,6428.0,False
2788,117,2,6584.0,False
2788,118,18,6642.0,False
2788,121,15,6780.0,False
2788,123,5,6870.0,False
2789,38,1,2094.0,False
2789,61,7,3430.0,False
2789,64,18,3585.0,False
2789,65,9,3665.0,False
2789,66,0,3718.0,False
2789,70,6,3955.0,False
2789,80,14,4475.0,False
2789,83,17,4638.0,False
2789,93,11,5187.0,False
2789,95,3,5300.0,False
2789,97,8,5399.0,False
2789,99,10,5519.0,False
2789,100,13,5583.0,False
2789,113,15,6276.0,False
2789,114,12,6302.0,False
2789,116,2,6419.0,False
2789,118,16,6544.0,False
2789,120,19,6644.0,False
2789,122,4,6749.0,False
2789,123,5,6786.0,False
2790,42,1,2281.0,False
2790,54,4,2973.0,False
2790,60,17,3292.0,False
2790,64,2,3528.0,False
2790,66,6,3658.0,False
2790,69,3,3851.0,False
2790,70,10,3919.0,False
2790,75,7,4184.0,False
2790,85,14,4763.0,False
2790,86,11,4847.0,False
2790,94,19,5247.0,False
2790,100,16,5631.0,False
2790,104,15,5864.0,False
2790,105,8,5898.0,False
2790,109,13,6114.0,False
2790,110,0,6167.0,False
2790,117,18,6540.0,False
2790,119,9,6675.0,False
2790,120,12,6711.0,False
2790,123,5,6833.0,False
2791,56,0,3235.0,False
2791,67,7,3756.0,False
2791,68,6,3820.0,False
2791,74,1,4136.0,False
2791,81,3,4553.0,False
2791,84,14,4764.0,False
2791,85,16,4848.0,False
2791,88,10,5066.0,False
2791,91,2,5235.0,False
2791,92,11,5332.0,False
2791,99,12,5675.0,False
2791,101,8,5767.0,False
2791,103,17,5872.0,False
2791,104,4,5918.0,False
2791,109,19,6199.0,False
2791,112,13,6354.0,False
2791,117,9,6627.0,False
2791,118,15,6677.0,False
2791,120,5,6767.0,False
2791,123,18,6943.0,False
2792,53,10,3114.0,False
2792,59,1,3409.0,False
2792,62,13,3555.0,False
2792,73,6,4106.0,False
2792,75,12,4189.0,False
2792,78,0,4316.0,False
2792,80,15,4428.0,False
2792,82,8,4517.0,False
2792,95,11,5334.0,False
2792,96,19,5389.0,False
2792,97,17,5448.0,False
2792,98,3,5511.0,False
2792,100,9,5647.0,False
2792,102,2,5787.0,False
2792,103,14,5824.0,False
2792,109,7,6120.0,False
2792,112,16,6320.0,False
2792,113,4,6359.0,False
2792,119,18,6698.0,False
2792,123,5,6880.0,False
2793,36,7,1971.0,False
2793,44,4,2431.0,False
2793,47,1,2588.0,False
2793,56,10,3089.0,False
2793,66,14,3685.0,False
2793,73,17,4098.0,False
2793,75,6,4206.0,False
2793,76,11,4288.0,False
2793,90,3,5030.0,False
2793,94,9,5250.0,False
2793,95,15,5294.0,False
2793,98,12,5456.0,False
2793,100,0,5548.0,False
2793,101,2,5592.0,False
2793,106,18,5878.0,False
2793,107,8,5925.0,False
2793,110,16,6117.0,False
2793,116,13,6496.0,False
2793,119,19,6681.0,False
2793,123,5,6872.0,False
2794,42,7,2389.0,False
2794,50,4,2827.0,False
2794,82,16,4622.0,False
2794,84,15,4712.0,False
2794,87,14,4872.0,False
2794,91,6,5097.0,False
2794,93,1,5198.0,False
2794,94,17,5257.0,False
2794,97,8,5391.0,False
2794,98,0,5433.0,False
2794,100,3,5554.0,False
2794,101,19,5618.0,False
2794,104,9,5805.0,False
2794,105,2,5853.0,False
2794,106,10,5936.0,False
2794,108,11,6058.0,False
2794,114,13,6400.0,False
2794,117,18,6533.0,False
2794,119,12,6622.0,False
2794,123,5,6793.0,False
2795,38,10,2198.0,False
2795,42,7,2420.0,False
2795,56,14,3206.0,False
2795,61,6,3502.0,False
2795,73,0,4149.0,False
2795,76,9,4315.0,False
2795,82,12,4636.0,False
2795,83,11,4718.0,False
2795,84,2,4757.0,False
2795,95,4,5363.0,False
2795,96,1,5402.0,False
2795,100,16,5638.0,False
2795,106,17,5998.0,False
2795,109,3,6185.0,False
2795,110,15,6234.0,False
2795,112,13,6352.0,False
2795,114,19,6474.0,False
2795,115,8,6508.0,False
2795,121,18,6809.0,False
2795,123,5,6895.0,False
2796,34,4,1886.0,False
2796,35,14,1924.0,False
2796,56,0,3100.0,False
2796,63,10,3506.0,False
2796,65,2,3620.0,False
2796,68,7,3775.0,False
2796,80,6,4521.0,False
2796,93,1,5236.0,False
2796,94,11,5333.0,False
2796,99,17,5593.0,False
2796,104,16,5890.0,False
2796,105,19,5945.0,False
2796,107,3,6061.0,False
2796,109,15,6150.0,False
2796,111,12,6234.0,False
2796,113,13,6352.0,False
2796,115,8,6453.0,False
2796,116,18,6508.0,False
2796,118,9,6645.0,False
2796,123,5,6890.0,False
2797,34,7,1916.0,False
2797,37,4,2054.0,False
2797,50,0,2850.0,False
2797,51,14,2887.0,False
2797,57,9,3213.0,False
2797,76,10,4314.0,False
2797,84,19,4766.0,False
2797,85,3,4829.0,False
2797,88,2,4953.0,False
2797,89,12,4989.0,False
2797,95,13,5305.0,False
2797,100,16,5609.0,False
2797,103,11,5819.0,False
2797,107,15,6012.0,False
2797,108,1,6045.0,False
2797,111,6,6245.0,False
2797,114,17,6389.0,False
2797,117,5,6524.0,False
2797,121,8,6720.0,False
2797,123,18,6824.0,False
2798,16,4,769.0,False
2798,43,17,2260.0,False
2798,46,15,2488.0,False
2798,61,7,3343.0,False
2798,68,14,3730.0,False
2798,74,1,4015.0,False
2798,78,0,4281.0,False
2798,82,11,4529.0,False
2798,84,18,4645.0,False
2798,88,10,4835.0,False
2798,90,6,4963.0,False
2798,93,9,5153.0,False
2798,98,12,5407.0,False
2798,101,2,5584.0,False
2798,103,3,5694.0,False
2798,108,19,5992.0,False
2798,110,8,6124.0,False
2798,116,16,6484.0,False
2798,117,13,6563.0,False
2798,123,5,6872.0,False
2799,40,3,2192.0,False
2799,45,4,2475.0,False
2799,51,12,2781.0,False
2799,53,0,2884.0,False
2799,67,1,3568.0,False
2799,76,10,4158.0,False
2799,82,7,4523.0,False
2799,91,13,5079.0,False
2799,93,14,5189.0,False
2799,95,6,5290.0,False
2799,100,16,5591.0,False
2799,101,11,5673.0,False
2799,103,18,5781.0,False
2799,105,2,5881.0,False
2799,110,9,6195.0,False
2799,113,17,6349.0,False
2799,118,15,6601.0,False
2799,119,19,6656.0,False
2799,121,5,6749.0,False
2799,123,8,6840.0,False
2800,30,7,1718.0,False
2800,38,4,2161.0,False
2800,47,0,2645.0,False
2800,75,13,4201.0,False
2800,77,1,4284.0,False
2800,79,14,4399.0,False
2800,87,11,4807.0,False
2800,89,12,4915.0,False
2800,90,9,4995.0,False
2800,94,18,5203.0,False
2800,95,16,5287.0,False
2800,96,15,5336.0,False
2800,102,3,5686.0,False
2800,106,2,5907.0,False
2800,107,6,5962.0,False
2800,111,10,6183.0,False
2800,114,17,6352.0,False
2800,115,8,6386.0,False
2800,117,19,6533.0,False
2800,123,5,6829.0,False
2801,31,7,1756.0,False
2801,36,4,2029.0,False
2801,62,3,3472.0,False
2801,69,12,3769.0,False
2801,81,14,4467.0,False
2801,82,15,4511.0,False
2801,83,10,4594.0,False
2801,85,19,4700.0,False
2801,94,1,5182.0,False
2801,95,17,5246.0,False
2801,100,0,5515.0,False
2801,102,2,5615.0,False
2801,110,18,6059.0,False
2801,111,6,6123.0,False
2801,112,11,6220.0,False
2801,113,13,6284.0,False
2801,114,9,6360.0,False
2801,115,16,6435.0,False
2801,117,8,6529.0,False
2801,123,5,6817.0,False
2802,18,7,969.0,False
2802,23,4,1280.0,False
2802,54,10,3104.0,False
2802,67,0,3740.0,False
2802,75,18,4180.0,False
2802,84,19,4708.0,False
2802,85,11,4792.0,False
2802,86,3,4850.0,False
2802,90,13,5119.0,False
2802,93,14,5298.0,False
2802,95,1,5399.0,False
2802,98,9,5579.0,False
2802,102,16,5839.0,False
2802,103,12,5878.0,False
2802,104,2,5917.0,False
2802,110,6,6289.0,False
2802,113,15,6416.0,False
2802,116,17,6623.0,False
2802,122,5,6903.0,False
2802,123,8,6947.0,False
2803,20,19,1087.0,False
2803,42,7,2417.0,False
2803,43,4,2456.0,False
2803,59,14,3420.0,False
2803,66,10,3726.0,False
2803,80,11,4498.0,False
2803,88,12,4906.0,False
2803,89,13,4974.0,False
2803,94,16,5285.0,False
2803,96,3,5406.0,False
2803,98,9,5524.0,False
2803,101,0,5716.0,False
2803,102,15,5765.0,False
2803,108,6,6087.0,False
2803,110,1,6180.0,False
2803,112,17,6302.0,False
2803,113,18,6360.0,False
2803,115,2,6479.0,False
2803,122,5,6821.0,False
2803,123,8,6865.0,False
2804,25,4,1396.0,False
2804,37,7,2061.0,False
2804,63,19,3458.0,False
2804,67,14,3643.0,False
2804,73,1,3970.0,False
2804,77,0,4204.0,False
2804,79,3,4322.0,False
2804,81,9,4466.0,False
2804,87,6,4785.0,False
2804,91,12,4976.0,False
2804,97,15,5328.0,False
2804,98,2,5376.0,False
2804,104,11,5735.0,False
2804,107,13,5916.0,False
2804,109,16,6041.0,False
2804,111,18,6192.0,False
2804,114,17,6350.0,False
2804,116,10,6478.0,False
2804,122,5,6744.0,False
2804,123,8,6788.0,False
2805,31,4,1775.0,False
2805,53,7,2953.0,False
2805,65,1,3687.0,False
2805,72,15,4000.0,False
2805,76,11,4219.0,False
2805,81,3,4553.0,False
2805,83,16,4693.0,False
2805,84,14,4731.0,False
2805,90,0,5045.0,False
2805,94,9,5305.0,False
2805,96,6,5438.0,False
2805,100,18,5683.0,False
2805,102,13,5811.0,False
2805,109,19,6184.0,False
2805,110,10,6254.0,False
2805,112,12,6367.0,False
2805,117,17,6637.0,False
2805,118,5,6668.0,False
2805,119,2,6712.0,False
2805,123,8,6912.0,False
2806,39,4,2218.0,False
2806,40,7,2252.0,False
2806,57,13,3287.0,False
2806,66,3,3786.0,False
2806,77,9,4420.0,False
2806,81,18,4660.0,False
2806,88,14,4909.0,False
2806,92,17,5133.0,False
2806,95,11,5339.0,False
2806,100,0,5623.0,False
2806,104,2,5863.0,False
2806,105,1,5901.0,False
2806,106,15,5945.0,False
2806,109,12,6077.0,False
2806,110,6,6132.0,False
2806,113,16,6319.0,False
2806,115,10,6443.0,False
2806,118,19,6607.0,False
2806,120,8,6698.0,False
2806,123,5,6814.0,False
2807,24,13,1148.0,False
2807,34,4,1755.0,False
2807,44,15,2396.0,False
2807,56,0,3048.0,False
2807,73,11,4145.0,False
2807,78,14,4359.0,False
2807,83,19,4650.0,False
2807,86,10,4859.0,False
2807,92,16,5234.0,False
2807,93,7,5279.0,False
2807,100,9,5709.0,False
2807,103,6,5894.0,False
2807,105,1,5994.0,False
2807,107,18,6078.0,False
2807,109,3,6205.0,False
2807,112,12,6345.0,False
2807,114,2,6466.0,False
2807,117,8,6616.0,False
2807,119,17,6695.0,False
2807,123,5,6865.0,False
2808,62,13,3510.0,False
2808,67,7,3758.0,False
2808,71,4,3992.0,False
2808,76,15,4323.0,False
2808,82,6,4691.0,False
2808,88,12,4932.0,False
2808,91,14,5055.0,False
2808,93,2,5135.0,False
2808,96,1,5269.0,False
2808,97,11,5351.0,False
2808,98,3,5409.0,False
2808,100,0,5532.0,False
2808,102,19,5645.0,False
2808,103,10,5713.0,False
2808,106,17,5909.0,False
2808,111,9,6214.0,False
2808,112,16,6289.0,False
2808,115,8,6450.0,False
2808,118,18,6610.0,False
2808,123,5,6832.0,False
2809,20,7,1073.0,False
2809,30,14,1693.0,False
2809,55,4,3129.0,False
2809,78,15,4353.0,False
2809,83,10,4644.0,False
2809,84,11,4713.0,False
2809,86,16,4848.0,False
2809,94,9,5244.0,False
2809,98,3,5467.0,False
2809,101,2,5633.0,False
2809,105,0,5846.0,False
2809,106,13,5911.0,False
2809,107,17,5977.0,False
2809,111,6,6251.0,False
2809,113,12,6321.0,False
2809,119,8,6657.0,False
2809,120,19,6721.0,False
2809,121,1,6754.0,False
2809,122,18,6821.0,False
2809,123,5,6856.0,False
2810,40,4,2306.0,False
2810,56,7,3167.0,False
2810,70,9,4012.0,False
2810,71,0,4063.0,False
2810,78,14,4410.0,False
2810,82,19,4618.0,False
2810,86,17,4808.0,False
2810,87,10,4876.0,False
2810,88,12,4902.0,False
2810,89,1,4935.0,False
2810,96,13,5370.0,False
2810,106,11,5956.0,False
2810,109,18,6168.0,False
2810,110,6,6232.0,False
2810,112,15,6332.0,False
2810,113,3,6402.0,False
2810,115,2,6484.0,False
2810,116,16,6559.0,False
2810,122,8,6847.0,False
2810,123,5,6873.0,False
2811,35,4,1864.0,False
2811,51,7,2717.0,False
2811,67,6,3730.0,False
2811,72,14,3982.0,False
2811,90,1,4924.0,False
2811,92,13,5070.0,False
2811,93,10,5140.0,False
2811,94,0,5191.0,False
2811,96,12,5295.0,False
2811,99,15,5449.0,False
2811,103,17,5668.0,False
2811,104,18,5723.0,False
2811,106,9,5867.0,False
2811,108,8,5981.0,False
2811,109,16,6065.0,False
2811,110,2,6104.0,False
2811,112,3,6240.0,False
2811,116,11,6469.0,False
2811,118,19,6596.0,False
2811,123,5,6838.0,False
2812,36,7,1908.0,False
2812,43,4,2353.0,False
2812,66,10,3700.0,False
2812,71,14,3957.0,False
2812,80,9,4415.0,False
2812,81,12,4446.0,False
2812,84,2,4595.0,False
2812,88,18,4810.0,False
2812,91,3,4981.0,False
2812,93,15,5101.0,False
2812,94,17,5160.0,False
2812,97,0,5282.0,False
2812,99,1,5367.0,False
2812,104,5,5607.0,False
2812,105,13,5675.0,False
2812,111,19,6078.0,False
2812,116,8,6349.0,False
2812,118,6,6451.0,False
2812,120,16,6598.0,False
2812,123,11,6783.0,False
2813,46,14,2579.0,False
2813,49,7,2731.0,False
2813,51,4,2820.0,False
2813,61,13,3425.0,False
2813,67,0,3714.0,False
2813,73,15,4015.0,False
2813,79,12,4268.0,False
2813,83,1,4467.0,False
2813,86,10,4650.0,False
2813,92,19,5060.0,False
2813,93,18,5127.0,False
2813,105,6,5797.0,False
2813,106,3,5860.0,False
2813,107,16,5935.0,False
2813,109,11,6077.0,False
2813,112,9,6267.0,False
2813,114,8,6361.0,False
2813,117,2,6516.0,False
2813,121,17,6705.0,False
2813,123,5,6785.0,False
2814,41,4,2242.0,False
2814,55,10,3077.0,False
2814,56,15,3127.0,False
2814,63,3,3455.0,False
2814,65,8,3549.0,False
2814,70,0,3873.0,False
2814,76,7,4121.0,False
2814,77,14,4153.0,False
2814,87,19,4798.0,False
2814,93,16,5129.0,False
2814,96,1,5288.0,False
2814,100,11,5535.0,False
2814,102,12,5625.0,False
2814,107,13,5956.0,False
2814,113,2,6303.0,False
2814,114,18,6361.0,False
2814,115,6,6425.0,False
2814,116,17,6496.0,False
2814,121,9,6777.0,False
2814,123,5,6872.0,False
2815,35,4,1937.0,False
2815,42,14,2344.0,False
2815,46,0,2556.0,False
2815,49,7,2694.0,False
2815,61,2,3336.0,False
2815,72,10,4022.0,False
2815,73,6,4077.0,False
2815,84,18,4751.0,False
2815,85,19,4815.0,False
2815,88,13,4993.0,False
2815,92,11,5206.0,False
2815,99,9,5637.0,False
2815,113,3,6390.0,False
2815,114,15,6434.0,False
2815,115,16,6518.0,False
2815,116,12,6544.0,False
2815,117,1,6577.0,False
2815,118,17,6641.0,False
2815,122,5,6831.0,False
2815,123,8,6875.0,False
2816,33,1,1687.0,False
2816,42,4,2242.0,False
2816,59,9,3328.0,False
2816,64,14,3610.0,False
2816,68,10,3826.0,False
2816,74,7,4156.0,False
2816,86,11,4864.0,False
2816,88,13,4996.0,False
2816,89,3,5061.0,False
2816,97,19,5493.0,False
2816,103,16,5869.0,False
2816,105,0,5946.0,False
2816,107,15,6068.0,False
2816,108,6,6123.0,False
2816,110,18,6259.0,False
2816,111,2,6307.0,False
2816,114,17,6506.0,False
2816,117,12,6636.0,False
2816,118,8,6675.0,False
2816,123,5,6896.0,False
2817,42,10,2288.0,False
2817,50,4,2714.0,False
2817,52,18,2806.0,False
2817,57,14,3073.0,False
2817,58,0,3124.0,False
2817,74,1,4003.0,False
2817,78,7,4227.0,False
2817,80,15,4330.0,False
2817,85,6,4654.0,False
2817,86,2,4702.0,False
2817,94,8,5129.0,False
2817,97,3,5305.0,False
2817,101,19,5573.0,False
2817,103,17,5729.0,False
2817,106,13,5911.0,False
2817,108,11,6038.0,False
2817,114,16,6403.0,False
2817,116,12,6476.0,False
2817,120,9,6724.0,False
2817,123,5,6860.0,False
2818,26,15,1383.0,False
2818,57,2,3063.0,False
2818,58,0,3110.0,False
2818,59,6,3174.0,False
2818,71,7,3866.0,False
2818,74,18,4043.0,False
2818,75,3,4106.0,False
2818,77,10,4224.0,False
2818,81,4,4491.0,False
2818,86,8,4723.0,False
2818,91,1,5048.0,False
2818,93,16,5182.0,False
2818,97,14,5436.0,False
2818,104,13,5782.0,False
2818,105,17,5848.0,False
2818,108,19,6026.0,False
2818,114,9,6382.0,False
2818,116,12,6447.0,False
2818,119,11,6652.0,False
2818,123,5,6823.0,False
2819,20,17,985.0,False
2819,59,15,3174.0,False
2819,66,0,3529.0,False
2819,79,14,4267.0,False
2819,82,9,4492.0,False
2819,88,6,4844.0,False
2819,92,10,5116.0,False
2819,94,12,5206.0,False
2819,95,2,5245.0,False
2819,97,3,5392.0,False
2819,100,1,5543.0,False
2819,101,8,5577.0,False
2819,107,4,5900.0,False
2819,110,19,6065.0,False
2819,111,16,6140.0,False
2819,114,18,6299.0,False
2819,117,11,6523.0,False
2819,118,7,6556.0,False
2819,121,13,6722.0,False
2819,123,5,6808.0,False
2820,45,7,2376.0,False
2820,55,8,2911.0,False
2820,58,2,3134.0,False
2820,66,14,3547.0,False
2820,67,17,3606.0,False
2820,79,4,4295.0,False
2820,83,3,4521.0,False
2820,90,13,4928.0,False
2820,91,15,4977.0,False
2820,95,6,5251.0,False
2820,99,18,5437.0,False
2820,101,10,5588.0,False
2820,105,12,5773.0,False
2820,113,16,6226.0,False
2820,114,19,6281.0,False
2820,116,9,6417.0,False
2820,117,0,6470.0,False
2820,118,1,6508.0,False
2820,122,5,6697.0,False
2820,123,11,6794.0,False
2821,41,17,2138.0,False
2821,58,15,3091.0,False
2821,64,8,3386.0,False
2821,68,4,3625.0,False
2821,74,2,3961.0,False
2821,75,1,3999.0,False
2821,80,0,4318.0,False
2821,87,6,4822.0,False
2821,91,14,5075.0,False
2821,94,16,5238.0,False
2821,98,10,5502.0,False
2821,99,9,5590.0,False
2821,101,3,5717.0,False
2821,102,18,5772.0,False
2821,104,19,5894.0,False
2821,105,7,5939.0,False
2821,107,13,6058.0,False
2821,113,12,6346.0,False
2821,122,11,6837.0,False
2821,123,5,6868.0,False
2822,53,17,2861.0,False
2822,66,1,3642.0,False
2822,68,15,3736.0,False
2822,69,8,3770.0,False
2822,72,4,3904.0,False
2822,79,7,4307.0,False
2822,84,10,4578.0,False
2822,89,19,4860.0,False
2822,90,18,4927.0,False
2822,101,12,5523.0,False
2822,103,9,5685.0,False
2822,104,3,5755.0,False
2822,107,6,5951.0,False
2822,113,0,6266.0,False
2822,114,13,6331.0,False
2822,118,5,6543.0,False
2822,119,14,6580.0,False
2822,120,16,6665.0,False
2822,121,11,6747.0,False
2822,123,2,6861.0,False
2823,40,7,2137.0,False
2823,42,3,2297.0,False
2823,55,15,2983.0,False
2823,65,10,3611.0,False
2823,69,2,3822.0,False
2823,76,8,4148.0,False
2823,85,6,4668.0,False
2823,86,9,4741.0,False
2823,90,17,4992.0,False
2823,92,11,5138.0,False
2823,94,1,5210.0,False
2823,95,0,5261.0,False
2823,96,13,5325.0,False
2823,102,18,5593.0,False
2823,106,19,5806.0,False
2823,107,12,5845.0,False
2823,111,4,6060.0,False
2823,119,5,6544.0,False
2823,121,16,6678.0,False
2823,123,14,6799.0,False
2824,41,1,2163.0,False
2824,44,7,2300.0,False
2824,53,12,2771.0,False
2824,70,8,3705.0,False
2824,78,2,4127.0,False
2824,85,4,4494.0,False
2824,89,10,4774.0,False
2824,90,15,4824.0,False
2824,94,14,5009.0,False
2824,95,17,5068.0,False
2824,103,3,5597.0,False
2824,105,0,5731.0,False
2824,106,9,5811.0,False
2824,107,6,5875.0,False
2824,112,11,6221.0,False
2824,113,18,6279.0,False
2824,116,13,6452.0,False
2824,117,19,6516.0,False
2824,119,16,6649.0,False
2824,123,5,6840.0,False
2825,35,1,1736.0,False
2825,41,15,2163.0,False
2825,53,7,2861.0,False
2825,78,10,4277.0,False
2825,80,3,4392.0,False
2825,85,13,4723.0,False
2825,87,19,4834.0,False
2825,89,0,4928.0,False
2825,94,8,5224.0,False
2825,95,17,5273.0,False
2825,99,14,5444.0,False
2825,103,12,5657.0,False
2825,107,9,5899.0,False
2825,108,18,5966.0,False
2825,111,16,6128.0,False
2825,113,11,6289.0,False
2825,115,5,6375.0,False
2825,119,2,6603.0,False
2825,121,4,6709.0,False
2825,123,6,6840.0,False
2826,19,15,955.0,False
2826,32,7,1769.0,False
2826,46,1,2554.0,False
2826,47,17,2613.0,False
2826,64,6,3661.0,False
2826,73,8,4155.0,False
2826,74,14,4187.0,False
2826,79,3,4445.0,False
2826,88,19,4961.0,False
2826,95,10,5310.0,False
2826,98,12,5447.0,False
2826,107,9,5985.0,False
2826,109,4,6110.0,False
2826,112,2,6303.0,False
2826,114,18,6391.0,False
2826,116,13,6525.0,False
2826,117,5,6556.0,False
2826,119,0,6656.0,False
2826,120,11,6740.0,False
2826,123,16,6933.0,False
2827,43,8,2255.0,False
2827,51,12,2725.0,False
2827,64,1,3418.0,False
2827,66,17,3538.0,False
2827,75,7,3987.0,False
2827,77,15,4082.0,False
2827,79,3,4212.0,False
2827,93,2,5073.0,False
2827,96,13,5247.0,False
2827,98,19,5372.0,False
2827,100,9,5533.0,False
2827,101,4,5567.0,False
2827,106,14,5805.0,False
2827,110,10,6039.0,False
2827,112,0,6174.0,False
2827,113,18,6230.0,False
2827,116,5,6393.0,False
2827,120,11,6646.0,False
2827,121,6,6710.0,False
2827,123,16,6835.0,False
2828,21,15,1016.0,False
2828,29,1,1467.0,False
2828,33,8,1646.0,False
2828,64,17,3471.0,False
2828,67,7,3611.0,False
2828,79,9,4374.0,False
2828,80,13,4453.0,False
2828,86,14,4745.0,False
2828,87,10,4815.0,False
2828,94,12,5189.0,False
2828,100,11,5564.0,False
2828,102,3,5694.0,False
2828,104,19,5790.0,False
2828,108,5,6029.0,False
2828,110,2,6131.0,False
2828,112,6,6284.0,False
2828,114,18,6418.0,False
2828,119,0,6659.0,False
2828,122,4,6814.0,False
2828,123,16,6889.0,False
2829,27,8,1343.0,False
2829,53,15,2771.0,False
2829,63,1,3392.0,False
2829,66,17,3539.0,False
2829,74,7,3989.0,False
2829,78,3,4239.0,False
2829,81,12,4364.0,False
2829,82,19,4428.0,False
2829,89,13,4859.0,False
2829,96,2,5265.0,False
2829,105,9,5754.0,False
2829,106,0,5805.0,False
2829,111,10,6109.0,False
2829,115,4,6328.0,False
2829,116,5,6365.0,False
2829,117,16,6450.0,False
2829,120,6,6638.0,False
2829,121,11,6735.0,False
2829,122,14,6772.0,False
2829,123,18,6839.0,False
2830,24,8,1198.0,False
2830,33,7,1670.0,False
2830,70,15,3758.0,False
2830,72,13,3879.0,False
2830,75,0,4040.0,False
2830,76,18,4096.0,False
2830,88,17,4805.0,False
2830,90,12,4882.0,False
2830,93,6,5044.0,False
2830,96,3,5166.0,False
2830,97,1,5204.0,False
2830,100,4,5347.0,False
2830,106,2,5676.0,False
2830,108,10,5805.0,False
2830,109,11,5874.0,False
2830,114,9,6222.0,False
2830,115,19,6286.0,False
2830,120,14,6603.0,False
2830,121,16,6678.0,False
2830,123,5,6777.0,False
2831,27,15,1398.0,False
2831,38,8,1964.0,False
2831,46,1,2325.0,False
2831,53,7,2717.0,False
2831,54,12,2748.0,False
2831,62,6,3240.0,False
2831,63,11,3337.0,False
2831,67,2,3618.0,False
2831,73,19,3941.0,False
2831,91,13,4974.0,False
2831,96,3,5253.0,False
2831,98,18,5377.0,False
2831,101,17,5572.0,False
2831,108,4,5960.0,False
2831,109,10,6028.0,False
2831,111,0,6128.0,False
2831,112,9,6216.0,False
2831,116,14,6446.0,False
2831,122,16,6855.0,False
2831,123,5,6892.0,False
2832,19,8,925.0,False
2832,30,7,1519.0,False
2832,32,12,1590.0,False
2832,47,6,2444.0,False
2832,74,1,4012.0,False
2832,86,10,4652.0,False
2832,88,17,4761.0,False
2832,89,15,4805.0,False
2832,92,18,4972.0,False
2832,94,9,5090.0,False
2832,99,4,5372.0,False
2832,100,3,5435.0,False
2832,101,0,5488.0,False
2832,106,13,5834.0,False
2832,107,11,5918.0,False
2832,108,14,5955.0,False
2832,109,19,6010.0,False
2832,112,2,6184.0,False
2832,120,5,6598.0,False
2832,123,16,6792.0,False
2833,25,7,1319.0,False
2833,42,8,2228.0,False
2833,59,12,3093.0,False
2833,65,1,3368.0,False
2833,67,15,3485.0,False
2833,76,18,3970.0,False
2833,77,17,4029.0,False
2833,78,11,4111.0,False
2833,79,19,4175.0,False
2833,86,13,4589.0,False
2833,89,0,4717.0,False
2833,91,3,4846.0,False
2833,98,10,5285.0,False
2833,101,2,5463.0,False
2833,105,14,5773.0,False
2833,110,6,6070.0,False
2833,113,9,6237.0,False
2833,117,4,6422.0,False
2833,120,16,6615.0,False
2833,123,5,6751.0,False
2834,40,8,2097.0,False
2834,41,7,2130.0,False
2834,44,19,2289.0,False
2834,45,17,2355.0,False
2834,56,15,2987.0,False
2834,77,13,4227.0,False
2834,80,3,4397.0,False
2834,86,12,4737.0,False
2834,87,0,4779.0,False
2834,90,6,4923.0,False
2834,92,1,5015.0,False
2834,98,14,5295.0,False
2834,99,10,5365.0,False
2834,102,11,5521.0,False
2834,105,18,5723.0,False
2834,109,4,5950.0,False
2834,113,2,6173.0,False
2834,115,9,6335.0,False
2834,122,5,6708.0,False
2834,123,16,6793.0,False
2835,28,7,1501.0,False
2835,43,8,2292.0,False
2835,53,11,2760.0,False
2835,57,0,3024.0,False
2835,59,15,3136.0,False
2835,61,12,3232.0,False
2835,62,19,3297.0,False
2835,80,17,4332.0,False
2835,82,1,4402.0,False
2835,91,10,4932.0,False
2835,92,13,4996.0,False
2835,93,3,5061.0,False
2835,97,4,5273.0,False
2835,102,6,5580.0,False
2835,104,9,5743.0,False
2835,107,14,5889.0,False
2835,110,2,6046.0,False
2835,119,5,6534.0,False
2835,121,16,6669.0,False
2835,123,18,6785.0,False
2836,26,8,1249.0,False
2836,31,15,1514.0,False
2836,32,7,1559.0,False
2836,63,12,3360.0,False
2836,77,19,4230.0,False
2836,81,17,4451.0,False
2836,82,4,4498.0,False
2836,92,11,5047.0,False
2836,97,13,5313.0,False
2836,98,10,5383.0,False
2836,102,3,5652.0,False
2836,104,2,5753.0,False
2836,107,0,5905.0,False
2836,110,1,6048.0,False
2836,115,5,6327.0,False
2836,118,9,6500.0,False
2836,119,18,6558.0,False
2836,120,6,6622.0,False
2836,121,16,6697.0,False
2836,123,14,6831.0,False
2837,23,15,1192.0,False
2837,31,8,1613.0,False
2837,47,7,2548.0,False
2837,50,19,2758.0,False
2837,69,12,3853.0,False
2837,72,4,3995.0,False
2837,78,6,4323.0,False
2837,81,13,4517.0,False
2837,86,17,4812.0,False
2837,93,11,5206.0,False
2837,96,9,5426.0,False
2837,97,2,5470.0,False
2837,98,0,5517.0,False
2837,99,10,5600.0,False
2837,107,1,5964.0,False
2837,111,3,6178.0,False
2837,114,14,6345.0,False
2837,115,18,6403.0,False
2837,118,5,6534.0,False
2837,123,16,6859.0,False
2838,39,8,2093.0,False
2838,57,0,3098.0,False
2838,61,7,3266.0,False
2838,64,17,3479.0,False
2838,70,19,3807.0,False
2838,71,12,3833.0,False
2838,72,4,3879.0,False
2838,73,15,3929.0,False
2838,82,10,4465.0,False
2838,87,18,4712.0,False
2838,94,3,5111.0,False
2838,97,2,5267.0,False
2838,104,16,5675.0,False
2838,110,1,6089.0,False
2838,111,11,6173.0,False
2838,114,5,6360.0,False
2838,116,6,6491.0,False
2838,117,14,6528.0,False
2838,121,13,6760.0,False
2838,123,9,6886.0,False
2839,20,8,1044.0,False
2839,36,15,1894.0,False
2839,42,7,2270.0,False
2839,52,13,2814.0,False
2839,55,12,2948.0,False
2839,80,17,4377.0,False
2839,84,19,4620.0,False
2839,88,14,4840.0,False
2839,92,18,5037.0,False
2839,93,0,5084.0,False
2839,96,11,5272.0,False
2839,101,6,5634.0,False
2839,102,4,5681.0,False
2839,103,2,5731.0,False
2839,105,1,5801.0,False
2839,110,10,6061.0,False
2839,117,3,6493.0,False
2839,119,5,6593.0,False
2839,121,9,6731.0,False
2839,123,16,6848.0,False
2840,15,7,728.0,False
2840,26,8,1243.0,False
2840,31,12,1493.0,False
2840,36,15,1781.0,False
2840,53,13,2799.0,False
2840,54,0,2846.0,False
2840,67,19,3642.0,False
2840,82,6,4501.0,False
2840,91,9,4978.0,False
2840,99,1,5388.0,False
2840,100,11,5472.0,False
2840,104,17,5672.0,False
2840,105,5,5707.0,False
2840,106,4,5754.0,False
2840,110,14,5998.0,False
2840,111,2,6046.0,False
2840,113,18,6148.0,False
2840,115,10,6262.0,False
2840,119,3,6476.0,False
2840,123,16,6751.0,False
2841,21,7,1089.0,False
2841,26,15,1360.0,False
2841,37,8,1923.0,False
2841,47,12,2467.0,False
2841,68,19,3716.0,False
2841,74,13,4020.0,False
2841,76,0,4119.0,False
2841,77,17,4185.0,False
2841,86,10,4684.0,False
2841,90,3,4897.0,False
2841,98,1,5363.0,False
2841,99,6,5427.0,False
2841,100,11,5524.0,False
2841,105,14,5812.0,False
2841,106,4,5859.0,False
2841,107,2,5909.0,False
2841,109,9,6053.0,False
2841,114,18,6336.0,False
2841,121,16,6754.0,False
2841,123,5,6849.0,False
2842,20,7,1043.0,False
2842,21,8,1077.0,False
2842,41,17,2286.0,False
2842,44,15,2406.0,False
2842,54,13,2989.0,False
2842,60,19,3285.0,False
2842,64,12,3512.0,False
2842,73,3,4039.0,False
2842,84,0,4645.0,False
2842,91,11,5044.0,False
2842,92,2,5092.0,False
2842,95,1,5273.0,False
2842,99,14,5467.0,False
2842,109,6,6017.0,False
2842,112,18,6234.0,False
2842,115,10,6423.0,False
2842,117,5,6509.0,False
2842,118,4,6556.0,False
2842,120,9,6689.0,False
2842,123,16,6875.0,False
2843,30,8,1667.0,False
2843,34,7,1873.0,False
2843,48,12,2566.0,False
2843,57,15,3094.0,False
2843,58,0,3145.0,False
2843,69,19,3770.0,False
2843,78,6,4290.0,False
2843,82,17,4510.0,False
2843,87,13,4789.0,False
2843,89,1,4866.0,False
2843,92,14,5024.0,False
2843,100,11,5541.0,False
2843,106,3,5878.0,False
2843,107,2,5928.0,False
2843,109,16,6044.0,False
2843,117,18,6451.0,False
2843,118,9,6539.0,False
2843,119,10,6622.0,False
2843,122,5,6788.0,False
2843,123,4,6835.0,False
2844,32,8,1750.0,False
2844,41,7,2249.0,False
2844,57,1,3113.0,False
2844,59,15,3196.0,False
2844,67,13,3670.0,False
2844,72,19,4007.0,False
2844,81,12,4505.0,False
2844,84,6,4675.0,False
2844,88,2,4904.0,False
2844,89,14,4941.0,False
2844,92,0,5069.0,False
2844,94,17,5175.0,False
2844,107,10,5930.0,False
2844,108,11,5999.0,False
2844,111,18,6148.0,False
2844,112,9,6236.0,False
2844,114,3,6370.0,False
2844,118,4,6579.0,False
2844,120,5,6671.0,False
2844,123,16,6865.0,False
2845,48,12,2655.0,False
2845,52,17,2899.0,False
2845,53,7,2930.0,False
2845,54,13,2998.0,False
2845,59,8,3284.0,False
2845,69,1,3837.0,False
2845,79,14,4389.0,False
2845,80,11,4471.0,False
2845,83,6,4626.0,False
2845,87,19,4859.0,False
2845,96,15,5299.0,False
2845,103,0,5701.0,False
2845,105,10,5814.0,False
2845,107,9,5953.0,False
2845,108,3,6023.0,False
2845,110,18,6131.0,False
2845,112,16,6270.0,False
2845,117,5,6531.0,False
2845,119,4,6633.0,False
2845,123,2,6864.0,False
2846,27,19,1490.0,False
2846,70,16,3943.0,False
2846,72,12,4016.0,False
2846,74,15,4099.0,False
2846,79,17,4363.0,False
2846,83,7,4584.0,False
2846,91,8,5046.0,False
2846,92,9,5126.0,False
2846,93,2,5165.0,False
2846,94,11,5262.0,False
2846,96,13,5385.0,False
2846,102,6,5775.0,False
2846,105,10,5924.0,False
2846,106,0,5975.0,False
2846,109,18,6165.0,False
2846,111,14,6276.0,False
2846,113,4,6400.0,False
2846,120,1,6700.0,False
2846,122,3,6822.0,False
2846,123,5,6857.0,False
2847,27,8,1325.0,False
2847,33,12,1594.0,False
2847,39,7,1950.0,False
2847,46,15,2346.0,False
2847,56,19,2874.0,False
2847,67,6,3533.0,False
2847,72,14,3809.0,False
2847,76,1,4000.0,False
2847,84,13,4519.0,False
2847,86,0,4633.0,False
2847,88,9,4780.0,False
2847,90,18,4887.0,False
2847,97,4,5298.0,False
2847,104,17,5671.0,False
2847,106,16,5806.0,False
2847,112,3,6136.0,False
2847,114,10,6275.0,False
2847,116,11,6399.0,False
2847,117,2,6447.0,False
2847,123,5,6734.0,False
2848,25,8,1309.0,False
2848,43,19,2417.0,False
2848,54,7,2992.0,False
2848,61,6,3448.0,False
2848,65,12,3646.0,False
2848,85,18,4856.0,False
2848,87,13,4957.0,False
2848,88,15,5006.0,False
2848,94,11,5324.0,False
2848,100,3,5664.0,False
2848,108,1,6043.0,False
2848,109,10,6111.0,False
2848,110,17,6170.0,False
2848,112,0,6286.0,False
2848,115,4,6412.0,False
2848,118,14,6585.0,False
2848,119,16,6670.0,False
2848,120,9,6758.0,False
2848,121,5,6793.0,False
2848,123,2,6915.0,False
2849,21,8,1056.0,False
2849,32,10,1765.0,False
2849,57,0,3056.0,False
2849,60,12,3215.0,False
2849,63,7,3387.0,False
2849,81,15,4381.0,False
2849,84,1,4512.0,False
2849,86,9,4646.0,False
2849,87,13,4725.0,False
2849,92,19,5058.0,False
2849,93,4,5105.0,False
2849,103,11,5783.0,False
2849,104,6,5847.0,False
2849,106,17,5950.0,False
2849,110,18,6201.0,False
2849,116,14,6541.0,False
2849,117,2,6589.0,False
2849,118,3,6647.0,False
2849,119,16,6722.0,False
2849,123,5,6907.0,False
2850,34,12,1872.0,False
2850,50,19,2831.0,False
2850,54,8,3056.0,False
2850,60,7,3348.0,False
2850,77,9,4315.0,False
2850,84,0,4719.0,False
2850,86,6,4843.0,False
2850,87,2,4887.0,False
2850,96,1,5437.0,False
2850,100,14,5656.0,False
2850,102,15,5768.0,False
2850,108,3,6098.0,False
2850,109,11,6180.0,False
2850,110,17,6239.0,False
2850,112,16,6357.0,False
2850,113,13,6425.0,False
2850,116,18,6594.0,False
2850,117,10,6664.0,False
2850,122,4,6940.0,False
2850,123,5,6977.0,False
2851,45,15,2420.0,False
2851,49,19,2621.0,False
2851,54,1,2904.0,False
2851,60,7,3244.0,False
2851,62,12,3326.0,False
2851,69,8,3744.0,False
2851,70,9,3832.0,False
2851,91,4,5037.0,False
2851,96,6,5286.0,False
2851,99,17,5487.0,False
2851,100,0,5540.0,False
2851,103,13,5750.0,False
2851,104,14,5787.0,False
2851,111,11,6202.0,False
2851,113,10,6301.0,False
2851,115,16,6444.0,False
2851,116,3,6507.0,False
2851,120,5,6691.0,False
2851,122,18,6820.0,False
2851,123,2,6864.0,False
2852,53,19,2946.0,False
2852,56,7,3062.0,False
2852,60,12,3252.0,False
2852,68,1,3669.0,False
2852,76,15,4114.0,False
2852,77,16,4198.0,False
2852,79,8,4317.0,False
2852,83,10,4581.0,False
2852,91,9,5044.0,False
2852,99,4,5555.0,False
2852,100,11,5639.0,False
2852,104,14,5835.0,False
2852,105,6,5899.0,False
2852,107,13,6023.0,False
2852,114,0,6402.0,False
2852,118,3,6600.0,False
2852,119,17,6664.0,False
2852,120,2,6708.0,False
2852,121,5,6739.0,False
2852,123,18,6844.0,False
2853,65,9,3695.0,False
2853,76,10,4251.0,False
2853,78,18,4345.0,False
2853,82,12,4556.0,False
2853,86,15,4810.0,False
2853,88,0,4932.0,False
2853,89,1,4970.0,False
2853,94,7,5229.0,False
2853,97,2,5404.0,False
2853,99,3,5549.0,False
2853,101,6,5659.0,False
2853,104,4,5808.0,False
2853,106,19,5927.0,False
2853,109,16,6093.0,False
2853,112,8,6242.0,False
2853,113,17,6306.0,False
2853,117,5,6497.0,False
2853,120,14,6664.0,False
2853,122,11,6803.0,False
2853,123,13,6867.0,False
2854,39,8,2035.0,False
2854,42,12,2160.0,False
2854,48,4,2516.0,False
2854,49,7,2561.0,False
2854,50,19,2625.0,False
2854,73,16,4025.0,False
2854,79,1,4367.0,False
2854,82,9,4564.0,False
2854,87,2,4818.0,False
2854,97,11,5384.0,False
2854,103,15,5670.0,False
2854,104,17,5729.0,False
2854,105,10,5797.0,False
2854,106,18,5855.0,False
2854,108,0,5956.0,False
2854,113,3,6280.0,False
2854,118,5,6546.0,False
2854,121,13,6738.0,False
2854,122,6,6802.0,False
2854,123,14,6839.0,False
2855,36,12,1964.0,False
2855,54,9,2981.0,False
2855,59,4,3263.0,False
2855,62,19,3464.0,False
2855,64,10,3578.0,False
2855,66,7,3695.0,False
2855,76,8,4198.0,False
2855,89,0,4961.0,False
2855,92,11,5133.0,False
2855,102,1,5681.0,False
2855,105,15,5807.0,False
2855,109,2,6087.0,False
2855,111,5,6172.0,False
2855,112,6,6237.0,False
2855,115,13,6427.0,False
2855,118,14,6596.0,False
2855,119,16,6680.0,False
2855,120,17,6739.0,False
2855,121,18,6806.0,False
2855,123,3,6933.0,False
2856,42,19,2252.0,False
2856,47,9,2560.0,False
2856,50,1,2667.0,False
2856,59,12,3255.0,False
2856,62,15,3444.0,False
2856,65,4,3611.0,False
2856,68,7,3735.0,False
2856,72,8,3963.0,False
2856,92,0,5047.0,False
2856,93,6,5111.0,False
2856,94,14,5148.0,False
2856,97,5,5291.0,False
2856,99,17,5438.0,False
2856,101,13,5561.0,False
2856,105,3,5782.0,False
2856,109,10,6053.0,False
2856,112,11,6243.0,False
2856,116,16,6487.0,False
2856,122,2,6815.0,False
2856,123,18,6873.0,False
2857,39,8,2053.0,False
2857,46,4,2436.0,False
2857,51,12,2773.0,False
2857,55,7,2988.0,False
2857,62,9,3368.0,False
2857,69,10,3754.0,False
2857,76,19,4143.0,False
2857,77,13,4208.0,False
2857,86,18,4725.0,False
2857,90,15,4970.0,False
2857,95,0,5230.0,False
2857,103,1,5702.0,False
2857,105,17,5811.0,False
2857,111,5,6096.0,False
2857,112,16,6180.0,False
2857,115,11,6392.0,False
2857,118,3,6564.0,False
2857,119,6,6629.0,False
2857,120,2,6673.0,False
2857,123,14,6847.0,False
2858,53,19,2987.0,False
2858,57,4,3180.0,False
2858,59,7,3271.0,False
2858,63,10,3488.0,False
2858,66,12,3611.0,False
2858,73,8,3984.0,False
2858,75,0,4088.0,False
2858,86,3,4693.0,False
2858,89,1,4795.0,False
2858,98,15,5373.0,False
2858,99,13,5441.0,False
2858,101,16,5566.0,False
2858,105,9,5867.0,False
2858,110,18,6102.0,False
2858,113,2,6279.0,False
2858,114,6,6344.0,False
2858,116,17,6472.0,False
2858,117,5,6503.0,False
2858,119,11,6638.0,False
2858,123,14,6887.0,False
2859,46,7,2560.0,False
2859,56,16,3152.0,False
2859,57,8,3186.0,False
2859,59,4,3295.0,False
2859,73,19,4086.0,False
2859,75,6,4216.0,False
2859,78,1,4316.0,False
2859,81,9,4472.0,False
2859,83,15,4562.0,False
2859,84,12,4588.0,False
2859,89,0,4876.0,False
2859,98,2,5334.0,False
2859,99,10,5404.0,False
2859,102,5,5571.0,False
2859,109,11,5979.0,False
2859,114,3,6296.0,False
2859,119,18,6581.0,False
2859,120,17,6647.0,False
2859,121,13,6715.0,False
2859,123,14,6835.0,False
2860,49,12,2759.0,False
2860,51,7,2848.0,False
2860,56,4,3130.0,False
2860,68,10,3809.0,False
2860,71,6,3993.0,False
2860,72,16,4068.0,False
2860,74,19,4192.0,False
2860,76,1,4267.0,False
2860,79,8,4377.0,False
2860,94,15,5245.0,False
2860,100,9,5566.0,False
2860,104,0,5739.0,False
2860,109,11,6080.0,False
2860,112,5,6207.0,False
2860,114,14,6304.0,False
2860,117,18,6462.0,False
2860,118,17,6528.0,False
2860,119,13,6596.0,False
2860,122,3,6775.0,False
2860,123,2,6823.0,False
2861,43,4,2315.0,False
2861,51,12,2706.0,False
2861,53,1,2799.0,False
2861,62,15,3272.0,False
2861,64,7,3365.0,False
2861,67,8,3551.0,False
2861,73,6,3898.0,False
2861,78,19,4250.0,False
2861,82,0,4408.0,False
2861,88,16,4750.0,False
2861,89,13,4814.0,False
2861,98,17,5298.0,False
2861,101,5,5420.0,False
2861,105,9,5702.0,False
2861,106,18,5760.0,False
2861,107,14,5797.0,False
2861,110,10,5979.0,False
2861,115,2,6249.0,False
2861,118,3,6426.0,False
2861,123,11,6713.0,False
2862,36,7,1989.0,False
2862,37,0,2042.0,False
2862,45,4,2531.0,False
2862,60,6,3346.0,False
2862,70,9,3886.0,False
2862,77,8,4267.0,False
2862,92,12,5199.0,False
2862,95,16,5395.0,False
2862,96,10,5463.0,False
2862,99,15,5608.0,False
2862,103,18,5831.0,False
2862,104,5,5866.0,False
2862,111,19,6247.0,False
2862,112,17,6306.0,False
2862,113,1,6344.0,False
2862,114,2,6392.0,False
2862,115,14,6429.0,False
2862,116,13,6497.0,False
2862,121,3,6764.0,False
2862,123,11,6899.0,False
2863,44,8,2340.0,False
2863,48,19,2632.0,False
2863,61,15,3479.0,False
2863,64,4,3618.0,False
2863,67,7,3793.0,False
2863,72,12,4087.0,False
2863,75,6,4258.0,False
2863,79,16,4456.0,False
2863,81,9,4625.0,False
2863,86,0,4890.0,False
2863,89,1,5035.0,False
2863,102,17,5668.0,False
2863,104,3,5795.0,False
2863,107,14,5957.0,False
2863,109,5,6030.0,False
2863,110,10,6100.0,False
2863,118,2,6563.0,False
2863,119,11,6647.0,False
2863,121,18,6762.0,False
2863,123,13,6881.0,False
2864,28,8,1518.0,False
2864,32,4,1704.0,False
2864,39,7,2108.0,False
2864,47,12,2510.0,False
2864,55,19,2935.0,False
2864,61,9,3332.0,False
2864,62,1,3365.0,False
2864,82,6,4528.0,False
2864,85,16,4751.0,False
2864,94,0,5237.0,False
2864,97,15,5362.0,False
2864,98,10,5430.0,False
2864,102,17,5701.0,False
2864,106,11,5939.0,False
2864,116,2,6491.0,False
2864,117,3,6556.0,False
2864,118,18,6611.0,False
2864,121,5,6783.0,False
2864,122,13,6847.0,False
2864,123,14,6884.0,False
2865,31,8,1622.0,False
2865,45,4,2386.0,False
2865,59,9,3207.0,False
2865,64,1,3471.0,False
2865,70,7,3806.0,False
2865,76,19,4115.0,False
2865,82,0,4375.0,False
2865,87,12,4616.0,False
2865,88,17,4687.0,False
2865,90,15,4811.0,False
2865,97,6,5255.0,False
2865,98,5,5290.0,False
2865,103,16,5603.0,False
2865,108,2,5850.0,False
2865,110,10,5953.0,False
2865,111,13,6017.0,False
2865,115,18,6250.0,False
2865,116,14,6282.0,False
2865,122,11,6635.0,False
2865,123,3,6693.0,False
2866,19,4,910.0,False
2866,40,8,2041.0,False
2866,55,9,2936.0,False
2866,62,1,3336.0,False
2866,78,12,4211.0,False
2866,81,2,4379.0,False
2866,82,10,4447.0,False
2866,87,19,4741.0,False
2866,91,6,5015.0,False
2866,95,7,5211.0,False
2866,96,0,5258.0,False
2866,99,17,5420.0,False
2866,103,15,5661.0,False
2866,104,16,5745.0,False
2866,106,14,5833.0,False
2866,116,18,6385.0,False
2866,117,5,6416.0,False
2866,118,13,6481.0,False
2866,121,3,6647.0,False
2866,123,11,6784.0,False
2867,25,7,1280.0,False
2867,34,8,1779.0,False
2867,46,15,2356.0,False
2867,56,4,2979.0,False
2867,63,19,3428.0,False
2867,72,12,3861.0,False
2867,73,17,3925.0,False
2867,81,1,4398.0,False
2867,86,14,4716.0,False
2867,94,0,5143.0,False
2867,100,18,5511.0,False
2867,101,6,5575.0,False
2867,102,10,5658.0,False
2867,105,13,5826.0,False
2867,110,2,6101.0,False
2867,111,5,6132.0,False
2867,113,16,6266.0,False
2867,116,9,6489.0,False
2867,117,3,6559.0,False
2867,123,11,6925.0,False
2868,33,1,1728.0,False
2868,36,4,1853.0,False
2868,44,15,2320.0,False
2868,50,12,2603.0,False
2868,54,7,2820.0,False
2868,58,8,3054.0,False
2868,63,0,3301.0,False
2868,84,19,4545.0,False
2868,86,17,4707.0,False
2868,89,16,4879.0,False
2868,93,5,5108.0,False
2868,97,2,5330.0,False
2868,105,10,5800.0,False
2868,111,14,6099.0,False
2868,114,6,6273.0,False
2868,115,11,6355.0,False
2868,118,18,6551.0,False
2868,119,9,6627.0,False
2868,121,3,6757.0,False
2868,123,13,6880.0,False
2869,28,15,1469.0,False
2869,38,8,1991.0,False
2869,43,1,2258.0,False
2869,52,7,2664.0,False
2869,54,12,2748.0,False
2869,64,17,3373.0,False
2869,66,13,3542.0,False
2869,72,0,3867.0,False
2869,76,19,4146.0,False
2869,77,4,4193.0,False
2869,96,9,5262.0,False
2869,104,2,5686.0,False
2869,106,5,5765.0,False
2869,110,6,6043.0,False
2869,112,10,6172.0,False
2869,116,3,6425.0,False
2869,118,14,6511.0,False
2869,119,11,6593.0,False
2869,121,18,6728.0,False
2869,123,16,6862.0,False
2870,33,15,1695.0,False
2870,39,18,2044.0,False
2870,43,8,2217.0,False
2870,50,0,2588.0,False
2870,62,12,3258.0,False
2870,72,17,3832.0,False
2870,79,19,4263.0,False
2870,80,7,4308.0,False
2870,82,4,4398.0,False
2870,83,9,4486.0,False
2870,84,14,4524.0,False
2870,91,13,4941.0,False
2870,93,1,5052.0,False
2870,105,10,5769.0,False
2870,110,16,6097.0,False
2870,111,6,6152.0,False
2870,115,3,6391.0,False
2870,117,5,6477.0,False
2870,122,11,6771.0,False
2870,123,2,6815.0,False
2871,33,8,1773.0,False
2871,42,15,2290.0,False
2871,46,4,2573.0,False
2871,65,19,3652.0,False
2871,79,9,4418.0,False
2871,82,0,4576.0,False
2871,85,14,4732.0,False
2871,86,12,4758.0,False
2871,91,17,5050.0,False
2871,97,7,5374.0,False
2871,98,13,5438.0,False
2871,100,18,5569.0,False
2871,102,2,5687.0,False
2871,108,1,5957.0,False
2871,110,16,6091.0,False
2871,111,11,6173.0,False
2871,117,5,6526.0,False
2871,120,10,6696.0,False
2871,122,3,6847.0,False
2871,123,6,6912.0,False
2872,22,15,1152.0,False
2872,49,8,2729.0,False
2872,51,4,2832.0,False
2872,59,13,3247.0,False
2872,60,0,3298.0,False
2872,64,1,3487.0,False
2872,65,19,3551.0,False
2872,72,12,3871.0,False
2872,95,18,5250.0,False
2872,96,17,5314.0,False
2872,101,9,5623.0,False
2872,102,14,5655.0,False
2872,107,7,5968.0,False
2872,108,5,5999.0,False
2872,114,16,6351.0,False
2872,115,2,6401.0,False
2872,119,10,6672.0,False
2872,120,3,6730.0,False
2872,122,6,6847.0,False
2872,123,11,6929.0,False
2873,17,15,757.0,False
2873,46,8,2411.0,False
2873,54,4,2885.0,False
2873,56,1,2971.0,False
2873,71,17,3864.0,False
2873,79,0,4276.0,False
2873,84,7,4527.0,False
2873,92,19,4946.0,False
2873,93,18,5013.0,False
2873,94,3,5071.0,False
2873,96,10,5189.0,False
2873,98,13,5326.0,False
2873,102,9,5596.0,False
2873,105,16,5808.0,False
2873,110,12,6022.0,False
2873,115,2,6299.0,False
2873,116,11,6381.0,False
2873,119,6,6583.0,False
2873,120,5,6614.0,False
2873,123,14,6790.0,False
2874,38,15,1908.0,False
2874,45,1,2351.0,False
2874,52,4,2767.0,False
2874,59,8,3191.0,False
2874,68,0,3648.0,False
2874,76,17,4088.0,False
2874,82,19,4400.0,False
2874,92,13,4965.0,False
2874,98,9,5403.0,False
2874,99,18,5458.0,False
2874,104,14,5748.0,False
2874,105,7,5784.0,False
2874,108,10,5986.0,False
2874,113,2,6267.0,False
2874,115,3,6372.0,False
2874,117,12,6463.0,False
2874,119,5,6562.0,False
2874,120,6,6626.0,False
2874,121,11,6723.0,False
2874,123,16,6848.0,False
2875,56,4,3056.0,False
2875,57,12,3095.0,False
2875,63,3,3394.0,False
2875,68,7,3715.0,False
2875,70,15,3843.0,False
2875,84,9,4637.0,False
2875,91,1,4995.0,False
2875,92,11,5077.0,False
2875,93,0,5128.0,False
2875,94,17,5187.0,False
2875,98,8,5394.0,False
2875,102,19,5623.0,False
2875,105,18,5823.0,False
2875,107,13,5957.0,False
2875,113,5,6287.0,False
2875,115,6,6394.0,False
2875,116,2,6444.0,False
2875,117,14,6481.0,False
2875,121,10,6758.0,False
2875,123,16,6883.0,False
2876,32,4,1732.0,False
2876,44,0,2389.0,False
2876,50,8,2699.0,False
2876,56,15,3031.0,False
2876,68,10,3667.0,False
2876,79,5,4229.0,False
2876,81,17,4334.0,False
2876,86,3,4636.0,False
2876,88,19,4792.0,False
2876,92,13,5046.0,False
2876,95,12,5183.0,False
2876,98,18,5341.0,False
2876,102,9,5570.0,False
2876,103,1,5609.0,False
2876,107,14,5873.0,False
2876,115,6,6433.0,False
2876,116,16,6508.0,False
2876,120,2,6708.0,False
2876,122,11,6845.0,False
2876,123,7,6881.0,False
2877,41,19,2260.0,False
2877,44,15,2381.0,False
2877,52,8,2845.0,False
2877,54,1,2945.0,False
2877,74,0,4076.0,False
2877,84,4,4614.0,False
2877,96,13,5320.0,False
2877,101,3,5607.0,False
2877,104,18,5850.0,False
2877,106,14,5942.0,False
2877,107,12,5968.0,False
2877,108,6,6033.0,False
2877,110,2,6119.0,False
2877,114,11,6339.0,False
2877,115,17,6398.0,False
2877,118,7,6569.0,False
2877,119,5,6600.0,False
2877,121,10,6720.0,False
2877,122,16,6804.0,False
2877,123,9,6892.0,False
2878,43,0,2298.0,False
2878,51,4,2809.0,False
2878,63,15,3445.0,False
2878,72,13,3946.0,False
2878,75,6,4104.0,False
2878,80,8,4397.0,False
2878,81,1,4430.0,False
2878,83,17,4540.0,False
2878,88,18,4764.0,False
2878,90,12,4859.0,False
2878,101,10,5565.0,False
2878,102,19,5620.0,False
2878,104,7,5702.0,False
2878,105,5,5737.0,False
2878,108,2,5884.0,False
2878,113,16,6213.0,False
2878,115,14,6321.0,False
2878,119,9,6562.0,False
2878,120,11,6659.0,False
2878,123,3,6831.0,False
2879,38,4,2092.0,False
2879,52,0,2822.0,False
2879,53,19,2886.0,False
2879,57,15,3156.0,False
2879,65,1,3544.0,False
2879,66,7,3580.0,False
2879,78,8,4270.0,False
2879,94,16,5157.0,False
2879,95,14,5189.0,False
2879,99,13,5425.0,False
2879,103,12,5617.0,False
2879,104,18,5675.0,False
2879,105,2,5714.0,False
2879,110,5,5949.0,False
2879,113,9,6129.0,False
2879,115,10,6286.0,False
2879,117,17,6380.0,False
2879,120,11,6623.0,False
2879,122,6,6747.0,False
2879,123,3,6810.0,False
2880,36,4,1979.0,False
2880,47,15,2558.0,False
2880,51,1,2748.0,False
2880,66,10,3582.0,False
2880,70,0,3808.0,False
2880,75,6,4127.0,False
2880,84,16,4648.0,False
2880,85,5,4685.0,False
2880,97,12,5435.0,False
2880,98,19,5500.0,False
2880,99,8,5539.0,False
2880,103,2,5736.0,False
2880,105,18,5851.0,False
2880,113,9,6300.0,False
2880,114,17,6371.0,False
2880,115,7,6407.0,False
2880,116,14,6444.0,False
2880,118,13,6567.0,False
2880,122,11,6818.0,False
2880,123,3,6876.0,False
2881,62,7,3399.0,False
2881,67,4,3681.0,False
2881,68,0,3734.0,False
2881,74,19,4057.0,False
2881,77,8,4221.0,False
2881,78,18,4288.0,False
2881,79,1,4321.0,False
2881,83,3,4596.0,False
2881,92,17,5098.0,False
2881,94,15,5193.0,False
2881,99,16,5511.0,False
2881,103,14,5728.0,False
2881,110,9,6156.0,False
2881,114,11,6433.0,False
2881,116,5,6498.0,False
2881,118,12,6567.0,False
2881,119,10,6622.0,False
2881,120,2,6661.0,False
2881,122,6,6779.0,False
2881,123,13,6844.0,False
2882,55,15,2944.0,False
2882,60,4,3290.0,False
2882,62,7,3384.0,False
2882,64,0,3501.0,False
2882,74,14,4054.0,False
2882,76,8,4138.0,False
2882,80,9,4433.0,False
2882,84,17,4655.0,False
2882,86,19,4746.0,False
2882,89,6,4952.0,False
2882,92,1,5063.0,False
2882,95,18,5284.0,False
2882,99,12,5503.0,False
2882,106,16,5892.0,False
2882,111,3,6210.0,False
2882,113,5,6296.0,False
2882,114,13,6364.0,False
2882,117,10,6538.0,False
2882,120,2,6691.0,False
2882,123,11,6865.0,False
2883,39,15,2129.0,False
2883,40,4,2176.0,False
2883,57,0,3132.0,False
2883,69,2,3841.0,False
2883,70,1,3879.0,False
2883,74,6,4119.0,False
2883,75,19,4174.0,False
2883,92,13,5146.0,False
2883,95,10,5326.0,False
2883,101,16,5688.0,False
2883,103,5,5783.0,False
2883,105,7,5875.0,False
2883,107,18,5980.0,False
2883,108,3,6045.0,False
2883,109,8,6089.0,False
2883,113,17,6277.0,False
2883,117,14,6526.0,False
2883,118,9,6614.0,False
2883,122,12,6763.0,False
2883,123,11,6860.0,False
2884,44,4,2419.0,False
2884,50,15,2739.0,False
2884,57,0,3088.0,False
2884,63,8,3382.0,False
2884,77,16,4176.0,False
2884,80,7,4336.0,False
2884,88,19,4833.0,False
2884,89,10,4903.0,False
2884,90,14,4941.0,False
2884,98,1,5385.0,False
2884,102,12,5593.0,False
2884,105,9,5797.0,False
2884,107,5,5894.0,False
2884,110,6,6095.0,False
2884,111,18,6162.0,False
2884,113,3,6311.0,False
2884,114,17,6375.0,False
2884,119,11,6664.0,False
2884,121,2,6772.0,False
2884,123,13,6891.0,False
2885,32,0,1734.0,False
2885,46,7,2519.0,False
2885,53,4,2916.0,False
2885,58,9,3199.0,False
2885,59,8,3246.0,False
2885,62,17,3409.0,False
2885,66,15,3581.0,False
2885,83,14,4651.0,False
2885,96,3,5377.0,False
2885,99,16,5574.0,False
2885,106,13,5898.0,False
2885,107,1,5931.0,False
2885,108,19,5995.0,False
2885,111,5,6144.0,False
2885,113,2,6261.0,False
2885,114,18,6316.0,False
2885,115,10,6384.0,False
2885,120,6,6694.0,False
2885,121,11,6791.0,False
2885,123,12,6861.0,False
2886,50,0,2798.0,False
2886,57,8,3195.0,False
2886,64,4,3524.0,False
2886,69,9,3834.0,False
2886,71,15,3946.0,False
2886,72,17,4017.0,False
2886,86,7,4828.0,False
2886,88,12,4902.0,False
2886,91,6,5085.0,False
2886,96,16,5399.0,False
2886,98,13,5508.0,False
2886,103,14,5755.0,False
2886,106,10,5914.0,False
2886,108,18,6013.0,False
2886,112,3,6218.0,False
2886,113,1,6257.0,False
2886,116,5,6417.0,False
2886,120,2,6617.0,False
2886,122,19,6744.0,False
2886,123,11,6826.0,False
2887,34,7,1792.0,False
2887,37,0,1930.0,False
2887,44,8,2364.0,False
2887,68,4,3750.0,False
2887,76,5,4207.0,False
2887,77,15,4256.0,False
2887,78,9,4332.0,False
2887,79,17,4403.0,False
2887,88,6,4926.0,False
2887,90,10,5049.0,False
2887,98,14,5441.0,False
2887,102,19,5639.0,False
2887,105,1,5841.0,False
2887,106,13,5909.0,False
2887,110,16,6151.0,False
2887,112,2,6262.0,False
2887,116,18,6438.0,False
2887,120,12,6614.0,False
2887,121,11,6698.0,False
2887,123,3,6820.0,False
2888,57,0,3172.0,False
2888,65,15,3579.0,False
2888,68,6,3771.0,False
2888,75,17,4194.0,False
2888,77,8,4299.0,False
2888,78,4,4345.0,False
2888,80,7,4439.0,False
2888,86,5,4754.0,False
2888,94,9,5238.0,False
2888,95,14,5270.0,False
2888,102,1,5646.0,False
2888,105,2,5804.0,False
2888,106,19,5859.0,False
2888,107,11,5956.0,False
2888,109,10,6059.0,False
2888,110,18,6126.0,False
2888,115,13,6432.0,False
2888,118,16,6624.0,False
2888,120,12,6694.0,False
2888,123,3,6882.0,False
2889,43,7,2418.0,False
2889,56,15,3137.0,False
2889,57,0,3188.0,False
2889,58,8,3232.0,False
2889,72,1,3962.0,False
2889,74,14,4052.0,False
2889,85,9,4729.0,False
2889,89,19,4959.0,False
2889,91,18,5068.0,False
2889,92,4,5107.0,False
2889,93,5,5144.0,False
2889,103,6,5776.0,False
2889,105,16,5920.0,False
2889,108,3,6071.0,False
2889,114,13,6397.0,False
2889,115,2,6441.0,False
2889,117,10,6583.0,False
2889,118,17,6642.0,False
2889,120,12,6712.0,False
2889,123,11,6883.0,False
2890,40,7,2218.0,False
2890,57,8,3219.0,False
2890,58,19,3283.0,False
2890,69,10,3840.0,False
2890,71,0,3932.0,False
2890,83,17,4611.0,False
2890,84,1,4644.0,False
2890,85,5,4679.0,False
2890,95,13,5233.0,False
2890,98,15,5380.0,False
2890,99,18,5436.0,False
2890,102,2,5611.0,False
2890,103,14,5648.0,False
2890,113,12,6265.0,False
2890,114,9,6338.0,False
2890,116,16,6484.0,False
2890,117,4,6530.0,False
2890,118,6,6585.0,False
2890,119,3,6648.0,False
2890,123,11,6903.0,False
2891,39,6,2088.0,False
2891,41,8,2166.0,False
2891,52,12,2748.0,False
2891,56,7,3013.0,False
2891,58,19,3160.0,False
2891,62,15,3406.0,False
2891,73,9,3977.0,False
2891,74,14,4009.0,False
2891,81,0,4356.0,False
2891,85,1,4515.0,False
2891,90,2,4822.0,False
2891,92,17,4952.0,False
2891,93,4,4999.0,False
2891,101,10,5499.0,False
2891,103,18,5614.0,False
2891,107,13,5823.0,False
2891,117,5,6423.0,False
2891,118,3,6481.0,False
2891,122,11,6703.0,False
2891,123,16,6787.0,False
2892,36,0,1867.0,False
2892,40,8,2076.0,False
2892,57,6,3182.0,False
2892,59,4,3271.0,False
2892,61,19,3410.0,False
2892,79,15,4387.0,False
2892,85,7,4689.0,False
2892,86,16,4773.0,False
2892,89,12,4902.0,False
2892,90,18,4958.0,False
2892,93,10,5099.0,False
2892,99,3,5532.0,False
2892,102,2,5679.0,False
2892,109,9,6083.0,False
2892,111,5,6173.0,False
2892,112,14,6210.0,False
2892,115,1,6364.0,False
2892,118,13,6526.0,False
2892,119,17,6592.0,False
2892,123,11,6836.0,False
2893,49,0,2651.0,False
2893,54,19,3020.0,False
2893,67,8,3731.0,False
2893,77,15,4296.0,False
2893,81,1,4512.0,False
2893,82,4,4559.0,False
2893,86,7,4748.0,False
2893,87,17,4812.0,False
2893,96,10,5287.0,False
2893,99,6,5462.0,False
2893,105,14,5785.0,False
2893,106,2,5833.0,False
2893,107,5,5864.0,False
2893,108,9,5952.0,False
2893,109,11,6049.0,False
2893,111,13,6168.0,False
2893,115,18,6359.0,False
2893,118,3,6527.0,False
2893,121,12,6715.0,False
2893,123,16,6839.0,False
2894,33,18,1762.0,False
2894,59,8,3225.0,False
2894,65,9,3592.0,False
2894,71,1,3910.0,False
2894,74,16,4086.0,False
2894,75,10,4154.0,False
2894,77,15,4280.0,False
2894,81,0,4517.0,False
2894,84,2,4662.0,False
2894,85,7,4696.0,False
2894,97,17,5320.0,False
2894,100,14,5467.0,False
2894,108,19,5996.0,False
2894,109,3,6066.0,False
2894,110,13,6134.0,False
2894,111,12,6173.0,False
2894,112,6,6228.0,False
2894,115,5,6386.0,False
2894,120,4,6677.0,False
2894,123,11,6851.0,False
2895,41,0,2248.0,False
2895,43,7,2344.0,False
2895,49,15,2652.0,False
2895,65,14,3567.0,False
2895,72,19,3924.0,False
2895,78,2,4269.0,False
2895,82,1,4528.0,False
2895,86,9,4760.0,False
2895,91,10,5118.0,False
2895,97,12,5401.0,False
2895,99,8,5486.0,False
2895,101,18,5603.0,False
2895,102,6,5667.0,False
2895,109,13,6024.0,False
2895,112,4,6176.0,False
2895,113,16,6261.0,False
2895,114,3,6331.0,False
2895,118,5,6579.0,False
2895,120,17,6678.0,False
2895,123,11,6850.0,False
2896,20,0,978.0,False
2896,35,8,1822.0,False
2896,58,3,3215.0,False
2896,72,7,3968.0,False
2896,76,9,4200.0,False
2896,85,17,4779.0,False
2896,87,2,4872.0,False
2896,88,4,4919.0,False
2896,89,19,4974.0,False
2896,91,6,5113.0,False
2896,95,15,5334.0,False
2896,99,18,5568.0,False
2896,102,10,5737.0,False
2896,107,14,5960.0,False
2896,109,13,6096.0,False
2896,112,5,6206.0,False
2896,114,1,6279.0,False
2896,116,11,6418.0,False
2896,117,12,6444.0,False
2896,123,16,6803.0,False
2897,31,9,1636.0,False
2897,36,0,1859.0,False
2897,38,8,1953.0,False
2897,57,4,3078.0,False
2897,64,15,3407.0,False
2897,82,12,4499.0,False
2897,84,19,4601.0,False
2897,85,2,4649.0,False
2897,87,10,4756.0,False
2897,90,6,4930.0,False
2897,94,17,5209.0,False
2897,96,14,5327.0,False
2897,104,1,5702.0,False
2897,106,7,5775.0,False
2897,118,5,6458.0,False
2897,119,18,6525.0,False
2897,120,3,6590.0,False
2897,121,13,6658.0,False
2897,122,11,6742.0,False
2897,123,16,6826.0,False
2898,37,0,1958.0,False
2898,38,4,2005.0,False
2898,42,8,2215.0,False
2898,48,10,2556.0,False
2898,64,17,3555.0,False
2898,70,7,3864.0,False
2898,81,15,4499.0,False
2898,89,6,4940.0,False
2898,93,1,5157.0,False
2898,96,16,5378.0,False
2898,99,19,5532.0,False
2898,100,14,5570.0,False
2898,108,11,6036.0,False
2898,109,18,6092.0,False
2898,112,3,6226.0,False
2898,113,13,6294.0,False
2898,116,12,6447.0,False
2898,117,9,6523.0,False
2898,120,5,6675.0,False
2898,123,2,6828.0,False
2899,43,0,2374.0,False
2899,51,4,2858.0,False
2899,65,8,3569.0,False
2899,68,7,3720.0,False
2899,78,3,4233.0,False
2899,88,15,4899.0,False
2899,92,12,5070.0,False
2899,96,13,5351.0,False
2899,99,17,5524.0,False
2899,101,14,5616.0,False
2899,104,19,5804.0,False
2899,105,6,5859.0,False
2899,106,16,5934.0,False
2899,108,2,6061.0,False
2899,112,9,6262.0,False
2899,113,5,6299.0,False
2899,115,18,6400.0,False
2899,118,10,6588.0,False
2899,120,1,6653.0,False
2899,123,11,6814.0,False
2900,54,0,2983.0,False
2900,55,17,3049.0,False
2900,70,12,3841.0,False
2900,77,8,4243.0,False
2900,78,2,4282.0,False
2900,85,15,4673.0,False
2900,87,16,4844.0,False
2900,91,4,5060.0,False
2900,92,3,5123.0,False
2900,95,14,5273.0,False
2900,98,7,5414.0,False
2900,103,10,5650.0,False
2900,105,1,5733.0,False
2900,113,9,6196.0,False
2900,114,5,6231.0,False
2900,116,18,6384.0,False
2900,117,6,6448.0,False
2900,121,13,6692.0,False
2900,122,11,6776.0,False
2900,123,19,6840.0,False
2901,30,0,1599.0,False
2901,40,15,2124.0,False
2901,60,3,3303.0,False
2901,62,12,3407.0,False
2901,63,4,3453.0,False
2901,67,8,3638.0,False
2901,71,2,3818.0,False
2901,78,1,4184.0,False
2901,84,6,4517.0,False
2901,92,14,5040.0,False
2901,94,10,5161.0,False
2901,105,17,5787.0,False
2901,107,9,5931.0,False
2901,108,7,5965.0,False
2901,111,18,6157.0,False
2901,112,5,6194.0,False
2901,113,16,6278.0,False
2901,117,19,6513.0,False
2901,120,11,6741.0,False
2901,123,13,6920.0,False
2902,39,15,2211.0,False
2902,51,19,2878.0,False
2902,56,0,3183.0,False
2902,58,3,3299.0,False
2902,73,2,4094.0,False
2902,77,7,4296.0,False
2902,83,9,4634.0,False
2902,92,4,5121.0,False
2902,93,18,5176.0,False
2902,96,14,5407.0,False
2902,97,17,5478.0,False
2902,102,12,5715.0,False
2902,104,6,5834.0,False
2902,106,11,5990.0,False
2902,110,16,6206.0,False
2902,115,1,6455.0,False
2902,116,8,6489.0,False
2902,117,5,6515.0,False
2902,118,10,6585.0,False
2902,123,13,6898.0,False
2903,34,6,1775.0,False
2903,42,16,2290.0,False
2903,67,8,3770.0,False
2903,70,15,3904.0,False
2903,72,7,3981.0,False
2903,74,0,4083.0,False
2903,78,4,4253.0,False
2903,80,18,4347.0,False
2903,89,3,4910.0,False
2903,90,17,4974.0,False
2903,93,19,5099.0,False
2903,102,1,5602.0,False
2903,103,14,5634.0,False
2903,107,10,5858.0,False
2903,108,9,5946.0,False
2903,110,2,6052.0,False
2903,112,12,6183.0,False
2903,117,13,6469.0,False
2903,120,11,6642.0,False
2903,123,5,6773.0,False
2904,20,0,1014.0,False
2904,38,7,2069.0,False
2904,57,15,3129.0,False
2904,61,6,3413.0,False
2904,68,16,3838.0,False
2904,76,8,4258.0,False
2904,77,14,4290.0,False
2904,84,19,4661.0,False
2904,88,2,4894.0,False
2904,92,10,5147.0,False
2904,94,3,5292.0,False
2904,101,1,5625.0,False
2904,104,4,5789.0,False
2904,105,9,5877.0,False
2904,110,11,6191.0,False
2904,114,18,6395.0,False
2904,119,17,6659.0,False
2904,121,12,6729.0,False
2904,122,5,6755.0,False
2904,123,13,6823.0,False
2905,48,6,2646.0,False
2905,50,0,2745.0,False
2905,51,7,2790.0,False
2905,64,15,3558.0,False
2905,70,8,3951.0,False
2905,71,4,3997.0,False
2905,82,19,4652.0,False
2905,88,9,4989.0,False
2905,92,2,5237.0,False
2905,99,12,5526.0,False
2905,101,14,5602.0,False
2905,102,10,5670.0,False
2905,106,16,5901.0,False
2905,108,3,6046.0,False
2905,109,18,6113.0,False
2905,111,11,6234.0,False
2905,114,17,6437.0,False
2905,117,1,6608.0,False
2905,121,5,6793.0,False
2905,123,13,6913.0,False
2906,32,0,1648.0,False
2906,52,6,2864.0,False
2906,57,8,3120.0,False
2906,59,7,3217.0,False
2906,64,15,3476.0,False
2906,80,3,4407.0,False
2906,81,2,4446.0,False
2906,84,9,4625.0,False
2906,86,4,4767.0,False
2906,91,18,5139.0,False
2906,99,14,5577.0,False
2906,104,19,5865.0,False
2906,106,12,5954.0,False
2906,109,11,6123.0,False
2906,110,1,6156.0,False
2906,111,16,6231.0,False
2906,114,17,6406.0,False
2906,117,13,6571.0,False
2906,120,10,6740.0,False
2906,123,5,6880.0,False
2907,30,8,1556.0,False
2907,43,18,2304.0,False
2907,60,3,3207.0,False
2907,69,0,3739.0,False
2907,77,19,4288.0,False
2907,79,15,4410.0,False
2907,80,7,4455.0,False
2907,89,2,5051.0,False
2907,91,14,5143.0,False
2907,92,11,5227.0,False
2907,97,12,5421.0,False
2907,98,6,5485.0,False
2907,105,16,5899.0,False
2907,106,4,5938.0,False
2907,114,5,6325.0,False
2907,116,17,6442.0,False
2907,118,10,6596.0,False
2907,120,1,6695.0,False
2907,122,13,6814.0,False
2907,123,9,6890.0,False
2908,24,0,1222.0,False
2908,62,8,3394.0,False
2908,63,7,3439.0,False
2908,79,6,4401.0,False
2908,90,18,4980.0,False
2908,91,3,5043.0,False
2908,95,12,5275.0,False
2908,101,15,5622.0,False
2908,102,19,5677.0,False
2908,105,4,5820.0,False
2908,106,11,5904.0,False
2908,108,2,6020.0,False
2908,109,5,6051.0,False
2908,114,13,6350.0,False
2908,116,14,6429.0,False
2908,119,17,6585.0,False
2908,120,16,6669.0,False
2908,121,9,6749.0,False
2908,122,10,6832.0,False
2908,123,1,6871.0,False
2909,33,0,1811.0,False
2909,57,3,3165.0,False
2909,65,7,3618.0,False
2909,71,14,3947.0,False
2909,74,18,4122.0,False
2909,75,13,4190.0,False
2909,77,15,4307.0,False
2909,79,11,4484.0,False
2909,82,8,4649.0,False
2909,84,2,4744.0,False
2909,85,6,4808.0,False
2909,88,19,5015.0,False
2909,94,17,5305.0,False
2909,102,1,5718.0,False
2909,113,16,6316.0,False
2909,114,9,6404.0,False
2909,115,10,6487.0,False
2909,118,12,6604.0,False
2909,121,5,6757.0,False
2909,123,4,6878.0,False
2910,43,0,2382.0,False
2910,44,2,2426.0,False
2910,55,6,3011.0,False
2910,57,15,3113.0,False
2910,61,18,3358.0,False
2910,64,7,3502.0,False
2910,65,19,3566.0,False
2910,76,12,4240.0,False
2910,89,8,4943.0,False
2910,92,9,5144.0,False
2910,96,13,5384.0,False
2910,99,17,5534.0,False
2910,101,1,5648.0,False
2910,103,16,5777.0,False
2910,108,11,6077.0,False
2910,109,14,6109.0,False
2910,111,3,6223.0,False
2910,117,5,6519.0,False
2910,122,4,6765.0,False
2910,123,10,6848.0,False
2911,37,2,2054.0,False
2911,45,12,2434.0,False
2911,62,6,3365.0,False
2911,63,0,3418.0,False
2911,69,19,3772.0,False
2911,73,15,4021.0,False
2911,77,1,4210.0,False
2911,89,14,4926.0,False
2911,93,13,5150.0,False
2911,97,17,5384.0,False
2911,99,8,5462.0,False
2911,102,7,5609.0,False
2911,109,9,5987.0,False
2911,112,3,6165.0,False
2911,115,10,6367.0,False
2911,116,11,6436.0,False
2911,117,4,6475.0,False
2911,120,18,6642.0,False
2911,122,16,6776.0,False
2911,123,5,6813.0,False
2912,34,0,1969.0,False
2912,54,8,2977.0,False
2912,57,15,3134.0,False
2912,62,2,3416.0,False
2912,71,7,3960.0,False
2912,80,6,4428.0,False
2912,81,19,4483.0,False
2912,87,11,4843.0,False
2912,90,12,5000.0,False
2912,98,18,5482.0,False
2912,100,16,5624.0,False
2912,103,10,5802.0,False
2912,105,13,5905.0,False
2912,106,17,5971.0,False
2912,109,3,6158.0,False
2912,113,1,6348.0,False
2912,115,14,6461.0,False
2912,116,5,6496.0,False
2912,121,4,6757.0,False
2912,123,9,6875.0,False
2913,29,0,1473.0,False
2913,37,6,1961.0,False
2913,40,8,2148.0,False
2913,53,17,2916.0,False
2913,57,19,3131.0,False
2913,61,2,3310.0,False
2913,62,12,3346.0,False
2913,71,7,3864.0,False
2913,82,13,4507.0,False
2913,85,15,4685.0,False
2913,86,1,4718.0,False
2913,107,14,5827.0,False
2913,108,11,5909.0,False
2913,112,4,6153.0,False
2913,114,3,6271.0,False
2913,115,9,6351.0,False
2913,116,18,6418.0,False
2913,118,16,6552.0,False
2913,120,10,6679.0,False
2913,123,5,6819.0,False
2914,50,0,2693.0,False
2914,58,8,3119.0,False
2914,60,3,3225.0,False
2914,62,14,3338.0,False
2914,67,15,3655.0,False
2914,84,7,4605.0,False
2914,85,2,4655.0,False
2914,90,18,4922.0,False
2914,93,11,5168.0,False
2914,98,19,5474.0,False
2914,100,16,5604.0,False
2914,102,12,5699.0,False
2914,104,6,5786.0,False
2914,107,9,5952.0,False
2914,110,13,6173.0,False
2914,114,10,6359.0,False
2914,115,17,6418.0,False
2914,116,1,6457.0,False
2914,120,4,6678.0,False
2914,123,5,6820.0,False
2915,16,19,814.0,False
2915,38,0,2046.0,False
2915,62,2,3477.0,False
2915,64,6,3595.0,False
2915,70,18,3935.0,False
2915,91,4,5091.0,False
2915,93,7,5169.0,False
2915,96,15,5310.0,False
2915,97,8,5344.0,False
2915,99,13,5476.0,False
2915,101,9,5584.0,False
2915,104,10,5776.0,False
2915,105,3,5834.0,False
2915,112,14,6221.0,False
2915,113,12,6247.0,False
2915,115,5,6341.0,False
2915,116,11,6438.0,False
2915,121,17,6707.0,False
2915,122,1,6745.0,False
2915,123,16,6820.0,False
2916,60,0,3288.0,False
2916,61,8,3332.0,False
2916,73,19,4029.0,False
2916,74,2,4079.0,False
2916,75,3,4142.0,False
2916,78,6,4312.0,False
2916,81,18,4497.0,False
2916,82,9,4573.0,False
2916,84,13,4716.0,False
2916,87,15,4904.0,False
2916,90,14,5082.0,False
2916,94,12,5263.0,False
2916,98,17,5440.0,False
2916,99,1,5473.0,False
2916,106,16,5895.0,False
2916,113,7,6268.0,False
2916,118,4,6530.0,False
2916,119,10,6613.0,False
2916,122,5,6760.0,False
2916,123,11,6829.0,False
2917,49,0,2730.0,False
2917,57,2,3130.0,False
2917,65,19,3655.0,False
2917,66,15,3705.0,False
2917,70,8,3917.0,False
2917,74,3,4129.0,False
2917,86,18,4873.0,False
2917,89,11,5083.0,False
2917,98,4,5585.0,False
2917,100,6,5706.0,False
2917,101,7,5751.0,False
2917,103,17,5843.0,False
2917,105,5,5944.0,False
2917,111,16,6276.0,False
2917,113,13,6395.0,False
2917,114,12,6426.0,False
2917,117,9,6613.0,False
2917,119,14,6741.0,False
2917,121,10,6843.0,False
2917,123,1,6908.0,False
2918,31,0,1677.0,False
2918,44,7,2464.0,False
2918,45,6,2528.0,False
2918,55,2,3020.0,False
2918,69,15,3869.0,False
2918,75,8,4214.0,False
2918,93,18,5210.0,False
2918,97,19,5459.0,False
2918,99,3,5575.0,False
2918,101,9,5722.0,False
2918,102,16,5797.0,False
2918,103,12,5836.0,False
2918,104,4,5882.0,False
2918,106,17,6013.0,False
2918,109,14,6169.0,False
2918,113,1,6343.0,False
2918,116,10,6503.0,False
2918,118,11,6627.0,False
2918,121,5,6754.0,False
2918,123,13,6873.0,False
2919,44,0,2454.0,False
2919,63,9,3458.0,False
2919,65,17,3577.0,False
2919,69,6,3789.0,False
2919,73,8,4021.0,False
2919,75,4,4164.0,False
2919,87,19,4844.0,False
2919,89,7,4946.0,False
2919,91,2,5037.0,False
2919,99,14,5478.0,False
2919,100,10,5548.0,False
2919,101,3,5606.0,False
2919,104,5,5728.0,False
2919,106,15,5812.0,False
2919,111,18,6104.0,False
2919,113,11,6250.0,False
2919,115,16,6384.0,False
2919,121,13,6715.0,False
2919,122,12,6741.0,False
2919,123,1,6774.0,False
2920,21,0,1061.0,False
2920,53,6,2920.0,False
2920,54,15,2964.0,False
2920,55,19,3019.0,False
2920,64,17,3487.0,False
2920,76,18,4245.0,False
2920,80,4,4429.0,False
2920,88,14,4966.0,False
2920,90,2,5076.0,False
2920,92,16,5210.0,False
2920,100,12,5614.0,False
2920,101,8,5653.0,False
2920,102,3,5711.0,False
2920,105,7,5857.0,False
2920,107,5,5957.0,False
2920,114,9,6375.0,False
2920,117,1,6511.0,False
2920,121,13,6729.0,False
2920,122,10,6799.0,False
2920,123,11,6868.0,False
2921,41,0,2268.0,False
2921,57,17,3172.0,False
2921,66,1,3672.0,False
2921,75,18,4205.0,False
2921,81,12,4506.0,False
2921,83,3,4673.0,False
2921,84,6,4737.0,False
2921,86,13,4861.0,False
2921,87,15,4905.0,False
2921,92,2,5178.0,False
2921,98,19,5525.0,False
2921,101,14,5673.0,False
2921,104,16,5901.0,False
2921,106,11,6039.0,False
2921,110,8,6213.0,False
2921,112,7,6308.0,False
2921,113,5,6334.0,False
2921,118,9,6614.0,False
2921,122,10,6846.0,False
2921,123,4,6885.0,False
2922,46,17,2645.0,False
2922,49,0,2819.0,False
2922,64,1,3649.0,False
2922,67,2,3830.0,False
2922,71,13,4028.0,False
2922,74,7,4140.0,False
2922,81,15,4498.0,False
2922,82,6,4562.0,False
2922,83,4,4609.0,False
2922,86,19,4775.0,False
2922,95,18,5272.0,False
2922,96,14,5310.0,False
2922,106,5,5792.0,False
2922,108,11,5933.0,False
2922,109,3,5991.0,False
2922,112,12,6132.0,False
2922,116,9,6417.0,False
2922,119,8,6560.0,False
2922,120,16,6644.0,False
2922,123,10,6826.0,False
2923,47,0,2687.0,False
2923,49,17,2811.0,False
2923,50,19,2866.0,False
2923,58,6,3387.0,False
2923,61,2,3536.0,False
2923,74,7,4233.0,False
2923,80,15,4558.0,False
2923,81,18,4616.0,False
2923,87,14,4847.0,False
2923,91,8,5023.0,False
2923,101,9,5606.0,False
2923,103,3,5740.0,False
2923,105,1,5832.0,False
2923,110,5,6099.0,False
2923,111,12,6135.0,False
2923,117,13,6449.0,False
2923,118,11,6533.0,False
2923,119,16,6617.0,False
2923,121,4,6717.0,False
2923,123,10,6831.0,False
2924,35,0,1893.0,False
2924,62,6,3458.0,False
2924,73,17,4027.0,False
2924,75,7,4108.0,False
2924,76,18,4166.0,False
2924,77,2,4216.0,False
2924,78,3,4279.0,False
2924,85,15,4731.0,False
2924,90,11,5046.0,False
2924,91,19,5110.0,False
2924,100,9,5622.0,False
2924,103,12,5743.0,False
2924,105,14,5834.0,False
2924,109,10,6076.0,False
2924,114,4,6351.0,False
2924,115,5,6388.0,False
2924,116,8,6432.0,False
2924,117,16,6516.0,False
2924,121,13,6731.0,False
2924,123,1,6796.0,False
2925,21,0,1062.0,False
2925,33,19,1815.0,False
2925,56,15,3096.0,False
2925,70,6,3997.0,False
2925,72,2,4119.0,False
2925,76,9,4346.0,False
2925,85,17,4830.0,False
2925,87,1,4944.0,False
2925,89,13,5058.0,False
2925,92,14,5230.0,False
2925,98,18,5568.0,False
2925,99,8,5612.0,False
2925,102,12,5734.0,False
2925,107,3,6021.0,False
2925,111,5,6201.0,False
2925,112,16,6285.0,False
2925,114,7,6388.0,False
2925,115,11,6472.0,False
2925,120,10,6730.0,False
2925,123,4,6888.0,False
2926,20,0,1053.0,False
2926,42,2,2287.0,False
2926,45,6,2490.0,False
2926,62,17,3458.0,False
2926,70,15,3838.0,False
2926,72,19,3961.0,False
2926,75,3,4167.0,False
2926,77,8,4290.0,False
2926,90,11,5064.0,False
2926,91,14,5096.0,False
2926,93,7,5209.0,False
2926,97,18,5403.0,False
2926,102,12,5683.0,False
2926,106,16,5908.0,False
2926,108,10,6040.0,False
2926,113,9,6323.0,False
2926,116,5,6460.0,False
2926,118,1,6558.0,False
2926,122,13,6821.0,False
2926,123,4,6860.0,False
2927,24,0,1295.0,False
2927,38,17,2110.0,False
2927,60,7,3313.0,False
2927,61,2,3361.0,False
2927,63,19,3464.0,False
2927,65,3,3614.0,False
2927,73,6,4117.0,False
2927,84,11,4683.0,False
2927,88,8,4846.0,False
2927,89,5,4872.0,False
2927,91,15,4975.0,False
2927,96,1,5194.0,False
2927,102,18,5549.0,False
2927,105,9,5730.0,False
2927,112,10,6207.0,False
2927,113,14,6245.0,False
2927,117,12,6430.0,False
2927,119,13,6549.0,False
2927,121,16,6673.0,False
2927,123,4,6774.0,False
2928,24,17,1389.0,False
2928,46,8,2459.0,False
2928,48,1,2558.0,False
2928,52,3,2779.0,False
2928,58,15,3062.0,False
2928,61,6,3215.0,False
2928,69,0,3641.0,False
2928,83,2,4471.0,False
2928,84,7,4507.0,False
2928,87,18,4660.0,False
2928,92,12,4935.0,False
2928,99,19,5350.0,False
2928,107,16,5871.0,False
2928,109,10,5997.0,False
2928,110,5,6034.0,False
2928,117,14,6416.0,False
2928,119,11,6553.0,False
2928,120,9,6641.0,False
2928,122,13,6779.0,False
2928,123,4,6818.0,False
2929,28,17,1578.0,False
2929,34,0,1917.0,False
2929,55,6,3107.0,False
2929,68,7,3820.0,False
2929,78,9,4369.0,False
2929,88,5,4899.0,False
2929,91,18,5062.0,False
2929,92,3,5125.0,False
2929,97,12,5399.0,False
2929,98,11,5496.0,False
2929,100,19,5610.0,False
2929,103,2,5753.0,False
2929,104,8,5797.0,False
2929,105,10,5852.0,False
2929,108,15,6008.0,False
2929,113,14,6289.0,False
2929,116,1,6453.0,False
2929,117,16,6537.0,False
2929,121,4,6748.0,False
2929,123,13,6882.0,False
2930,25,17,1203.0,False
2930,52,6,2827.0,False
2930,58,3,3173.0,False
2930,65,0,3547.0,False
2930,78,2,4276.0,False
2930,79,15,4325.0,False
2930,81,1,4428.0,False
2930,83,8,4517.0,False
2930,90,18,4898.0,False
2930,93,11,5078.0,False
2930,96,7,5219.0,False
2930,104,12,5629.0,False
2930,105,5,5655.0,False
2930,111,13,6021.0,False
2930,114,10,6195.0,False
2930,117,19,6387.0,False
2930,118,4,6426.0,False
2930,120,9,6544.0,False
2930,122,16,6661.0,False
2930,123,14,6699.0,False
2931,24,17,1296.0,False
2931,44,8,2475.0,False
2931,48,0,2668.0,False
2931,59,11,3306.0,False
2931,70,7,3941.0,False
2931,80,18,4512.0,False
2931,83,6,4689.0,False
2931,87,3,4913.0,False
2931,93,9,5295.0,False
2931,98,10,5598.0,False
2931,105,2,5949.0,False
2931,107,15,6037.0,False
2931,111,14,6254.0,False
2931,115,16,6479.0,False
2931,116,1,6512.0,False
2931,117,19,6567.0,False
2931,119,13,6708.0,False
2931,121,5,6763.0,False
2931,122,12,6799.0,False
2931,123,4,6845.0,False
2932,27,0,1379.0,False
2932,45,15,2444.0,False
2932,57,2,3106.0,False
2932,66,17,3580.0,False
2932,74,6,4088.0,False
2932,77,1,4202.0,False
2932,78,18,4269.0,False
2932,80,14,4357.0,False
2932,81,16,4441.0,False
2932,84,8,4585.0,False
2932,88,3,4846.0,False
2932,105,10,5819.0,False
2932,106,12,5858.0,False
2932,108,19,5973.0,False
2932,110,9,6133.0,False
2932,112,11,6274.0,False
2932,118,7,6618.0,False
2932,121,5,6758.0,False
2932,122,13,6823.0,False
2932,123,4,6870.0,False
2933,33,3,1764.0,False
2933,44,0,2385.0,False
2933,49,17,2694.0,False
2933,50,8,2733.0,False
2933,62,15,3388.0,False
2933,66,2,3619.0,False
2933,78,19,4369.0,False
2933,81,16,4552.0,False
2933,86,6,4827.0,False
2933,87,7,4872.0,False
2933,90,1,4987.0,False
2933,101,5,5538.0,False
2933,103,10,5661.0,False
2933,104,12,5697.0,False
2933,107,11,5911.0,False
2933,108,14,5943.0,False
2933,116,18,6412.0,False
2933,118,9,6535.0,False
2933,122,13,6773.0,False
2933,123,4,6812.0,False
2934,36,6,1979.0,False
2934,39,8,2162.0,False
2934,43,0,2333.0,False
2934,56,3,3042.0,False
2934,64,1,3392.0,False
2934,76,18,4045.0,False
2934,80,11,4333.0,False
2934,82,7,4413.0,False
2934,87,17,4725.0,False
2934,88,15,4769.0,False
2934,90,10,4908.0,False
2934,94,2,5093.0,False
2934,100,19,5491.0,False
2934,106,16,5907.0,False
2934,111,5,6129.0,False
2934,114,12,6302.0,False
2934,115,13,6366.0,False
2934,117,14,6461.0,False
2934,118,9,6537.0,False
2934,123,4,6782.0,False
2935,41,3,2219.0,False
2935,44,8,2343.0,False
2935,54,0,2893.0,False
2935,58,1,3092.0,False
2935,65,17,3504.0,False
2935,66,15,3548.0,False
2935,69,6,3717.0,False
2935,81,18,4419.0,False
2935,84,7,4551.0,False
2935,91,19,4966.0,False
2935,93,10,5100.0,False
2935,98,11,5364.0,False
2935,99,9,5452.0,False
2935,103,2,5655.0,False
2935,111,5,6116.0,False
2935,113,4,6232.0,False
2935,117,16,6483.0,False
2935,119,13,6630.0,False
2935,120,14,6668.0,False
2935,123,12,6789.0,False
2936,36,15,2005.0,False
2936,50,17,2829.0,False
2936,56,8,3139.0,False
2936,68,3,3764.0,False
2936,80,0,4353.0,False
2936,85,6,4651.0,False
2936,90,1,4958.0,False
2936,97,2,5335.0,False
2936,99,16,5451.0,False
2936,100,14,5488.0,False
2936,103,12,5646.0,False
2936,106,18,5816.0,False
2936,111,13,6115.0,False
2936,113,19,6243.0,False
2936,116,4,6398.0,False
2936,119,9,6591.0,False
2936,120,11,6688.0,False
2936,121,5,6725.0,False
2936,122,7,6761.0,False
2936,123,10,6816.0,False
2937,16,17,818.0,False
2937,39,8,2126.0,False
2937,62,6,3456.0,False
2937,65,15,3579.0,False
2937,75,0,4263.0,False
2937,83,11,4754.0,False
2937,85,2,4857.0,False
2937,91,3,5140.0,False
2937,92,7,5174.0,False
2937,95,13,5350.0,False
2937,104,16,5887.0,False
2937,107,19,6057.0,False
2937,110,9,6236.0,False
2937,112,1,6319.0,False
2937,113,14,6351.0,False
2937,115,12,6411.0,False
2937,117,18,6531.0,False
2937,118,5,6557.0,False
2937,122,10,6783.0,False
2937,123,4,6830.0,False
2938,17,17,903.0,False
2938,38,0,2029.0,False
2938,65,15,3465.0,False
2938,68,3,3627.0,False
2938,70,8,3711.0,False
2938,71,10,3779.0,False
2938,72,1,3812.0,False
2938,77,18,4148.0,False
2938,91,19,5019.0,False
2938,95,5,5195.0,False
2938,96,6,5259.0,False
2938,98,7,5358.0,False
2938,101,11,5568.0,False
2938,102,2,5612.0,False
2938,103,13,5676.0,False
2938,109,14,6020.0,False
2938,117,9,6507.0,False
2938,118,16,6577.0,False
2938,120,12,6650.0,False
2938,123,4,6800.0,False
2939,18,17,853.0,False
2939,43,0,2250.0,False
2939,49,1,2575.0,False
2939,50,15,2619.0,False
2939,79,18,4310.0,False
2939,84,8,4522.0,False
2939,90,3,4893.0,False
2939,91,7,4926.0,False
2939,99,5,5377.0,False
2939,100,10,5460.0,False
2939,102,19,5570.0,False
2939,105,14,5760.0,False
2939,107,2,5855.0,False
2939,109,11,6001.0,False
2939,111,6,6146.0,False
2939,115,12,6328.0,False
2939,117,16,6461.0,False
2939,119,13,6595.0,False
2939,122,9,6780.0,False
2939,123,4,6814.0,False
2940,20,0,946.0,False
2940,26,17,1295.0,False
2940,35,15,1816.0,False
2940,56,1,3041.0,False
2940,65,18,3509.0,False
2940,72,8,3934.0,False
2940,73,14,3966.0,False
2940,77,11,4242.0,False
2940,86,3,4699.0,False
2940,87,6,4764.0,False
2940,97,7,5310.0,False
2940,99,13,5435.0,False
2940,100,9,5511.0,False
2940,104,19,5756.0,False
2940,110,10,6062.0,False
2940,113,16,6256.0,False
2940,114,5,6282.0,False
2940,116,2,6387.0,False
2940,118,12,6457.0,False
2940,123,4,6708.0,False
2941,16,17,811.0,False
2941,29,0,1488.0,False
2941,32,8,1637.0,False
2941,42,15,2222.0,False
2941,58,1,3062.0,False
2941,60,11,3186.0,False
2941,67,6,3646.0,False
2941,77,7,4230.0,False
2941,80,3,4412.0,False
2941,81,10,4480.0,False
2941,84,12,4613.0,False
2941,87,18,4797.0,False
2941,95,19,5279.0,False
2941,107,2,5931.0,False
2941,111,14,6160.0,False
2941,112,13,6239.0,False
2941,117,5,6495.0,False
2941,119,16,6620.0,False
2941,121,9,6746.0,False
2941,123,4,6839.0,False
2942,31,17,1621.0,False
2942,36,8,1902.0,False
2942,37,0,1944.0,False
2942,59,15,3195.0,False
2942,60,6,3259.0,False
2942,64,3,3462.0,False
2942,80,9,4434.0,False
2942,81,18,4492.0,False
2942,85,14,4688.0,False
2942,91,11,5046.0,False
2942,96,7,5301.0,False
2942,99,19,5454.0,False
2942,102,10,5626.0,False
2942,103,12,5662.0,False
2942,111,13,6207.0,False
2942,112,2,6251.0,False
2942,115,1,6372.0,False
2942,118,16,6542.0,False
2942,120,5,6643.0,False
2942,123,4,6797.0,False
2943,20,17,1037.0,False
2943,24,8,1217.0,False
2943,51,15,2741.0,False
2943,55,0,2972.0,False
2943,64,18,3447.0,False
2943,79,1,4226.0,False
2943,82,6,4370.0,False
2943,83,7,4415.0,False
2943,85,3,4540.0,False
2943,95,10,5147.0,False
2943,96,11,5216.0,False
2943,104,14,5639.0,False
2943,105,12,5665.0,False
2943,110,2,5962.0,False
2943,111,5,5993.0,False
2943,112,19,6048.0,False
2943,115,16,6242.0,False
2943,118,13,6438.0,False
2943,119,4,6477.0,False
2943,123,9,6721.0,False
2944,26,0,1337.0,False
2944,37,17,1941.0,False
2944,41,15,2167.0,False
2944,60,8,3180.0,False
2944,69,3,3727.0,False
2944,89,12,4899.0,False
2944,93,6,5127.0,False
2944,97,5,5361.0,False
2944,98,9,5441.0,False
2944,99,2,5485.0,False
2944,100,18,5552.0,False
2944,107,10,5962.0,False
2944,110,1,6081.0,False
2944,114,16,6377.0,False
2944,115,11,6474.0,False
2944,116,7,6519.0,False
2944,117,14,6551.0,False
2944,118,4,6598.0,False
2944,121,13,6777.0,False
2944,123,19,6904.0,False
2945,38,0,2021.0,False
2945,54,18,2979.0,False
2945,61,17,3359.0,False
2945,75,8,4079.0,False
2945,77,7,4204.0,False
2945,85,3,4675.0,False
2945,87,15,4764.0,False
2945,88,2,4812.0,False
2945,94,19,5103.0,False
2945,95,6,5158.0,False
2945,98,12,5301.0,False
2945,100,4,5380.0,False
2945,102,1,5501.0,False
2945,105,11,5727.0,False
2945,112,10,6141.0,False
2945,113,14,6178.0,False
2945,115,16,6303.0,False
2945,119,9,6545.0,False
2945,122,5,6694.0,False
2945,123,13,6759.0,False
2946,33,7,1715.0,False
2946,48,0,2563.0,False
2946,61,8,3206.0,False
2946,64,17,3397.0,False
2946,65,18,3455.0,False
2946,66,15,3499.0,False
2946,71,14,3773.0,False
2946,87,10,4727.0,False
2946,95,3,5110.0,False
2946,97,12,5235.0,False
2946,98,11,5332.0,False
2946,104,6,5718.0,False
2946,106,4,5816.0,False
2946,109,5,5933.0,False
2946,115,16,6314.0,False
2946,117,9,6447.0,False
2946,119,1,6554.0,False
2946,120,19,6618.0,False
2946,122,2,6739.0,False
2946,123,13,6807.0,False
2947,45,8,2393.0,False
2947,46,0,2435.0,False
2947,61,17,3279.0,False
2947,63,12,3342.0,False
2947,73,11,3854.0,False
2947,76,1,4016.0,False
2947,81,7,4282.0,False
2947,84,4,4410.0,False
2947,87,5,4582.0,False
2947,95,14,5093.0,False
2947,99,15,5295.0,False
2947,100,6,5360.0,False
2947,105,18,5645.0,False
2947,107,10,5759.0,False
2947,114,3,6185.0,False
2947,115,16,6270.0,False
2947,116,9,6350.0,False
2947,120,13,6617.0,False
2947,121,2,6661.0,False
2947,123,19,6788.0,False
2948,28,15,1396.0,False
2948,46,8,2462.0,False
2948,50,7,2661.0,False
2948,52,4,2756.0,False
2948,60,17,3258.0,False
2948,63,6,3443.0,False
2948,74,0,4059.0,False
2948,88,5,4824.0,False
2948,92,3,5084.0,False
2948,93,18,5139.0,False
2948,101,16,5677.0,False
2948,103,19,5777.0,False
2948,104,14,5809.0,False
2948,109,9,6130.0,False
2948,110,2,6178.0,False
2948,115,13,6439.0,False
2948,117,11,6578.0,False
2948,118,12,6609.0,False
2948,122,10,6810.0,False
2948,123,1,6843.0,False
2949,38,0,2008.0,False
2949,45,8,2399.0,False
2949,59,5,3146.0,False
2949,65,15,3430.0,False
2949,70,17,3737.0,False
2949,73,4,3936.0,False
2949,75,9,4098.0,False
2949,86,7,4773.0,False
2949,93,18,5113.0,False
2949,95,16,5260.0,False
2949,97,6,5381.0,False
2949,99,12,5494.0,False
2949,104,19,5768.0,False
2949,110,10,6142.0,False
2949,111,11,6211.0,False
2949,113,3,6319.0,False
2949,116,1,6416.0,False
2949,117,14,6448.0,False
2949,122,13,6749.0,False
2949,123,2,6793.0,False
2950,34,8,1829.0,False
2950,40,0,2114.0,False
2950,55,15,3006.0,False
2950,64,4,3545.0,False
2950,71,7,3888.0,False
2950,80,17,4440.0,False
2950,81,18,4496.0,False
2950,83,1,4576.0,False
2950,88,6,4851.0,False
2950,93,13,5117.0,False
2950,98,12,5340.0,False
2950,100,5,5429.0,False
2950,105,2,5680.0,False
2950,108,3,5844.0,False
2950,109,9,5924.0,False
2950,116,11,6432.0,False
2950,118,10,6531.0,False
2950,119,16,6606.0,False
2950,120,19,6661.0,False
2950,123,14,6832.0,False
2951,53,15,2982.0,False
2951,55,8,3060.0,False
2951,58,0,3210.0,False
2951,67,7,3689.0,False
2951,68,17,3748.0,False
2951,78,4,4259.0,False
2951,81,5,4461.0,False
2951,84,6,4616.0,False
2951,86,9,4765.0,False
2951,89,14,4955.0,False
2951,91,16,5081.0,False
2951,95,10,5297.0,False
2951,100,18,5561.0,False
2951,103,1,5732.0,False
2951,109,3,6035.0,False
2951,117,19,6503.0,False
2951,118,12,6534.0,False
2951,121,11,6730.0,False
2951,122,13,6794.0,False
2951,123,2,6833.0,False
2952,19,0,866.0,False
2952,25,8,1169.0,False
2952,36,7,1908.0,False
2952,50,9,2731.0,False
2952,70,15,3854.0,False
2952,84,18,4604.0,False
2952,92,11,5136.0,False
2952,95,19,5324.0,False
2952,101,3,5651.0,False
2952,102,14,5683.0,False
2952,104,1,5766.0,False
2952,105,10,5834.0,False
2952,110,6,6133.0,False
2952,111,5,6164.0,False
2952,112,13,6243.0,False
2952,114,4,6352.0,False
2952,115,2,6402.0,False
2952,116,12,6438.0,False
2952,119,17,6586.0,False
2952,123,16,6851.0,False
2953,63,8,3577.0,False
2953,64,18,3633.0,False
2953,65,9,3706.0,False
2953,69,6,3931.0,False
2953,73,4,4111.0,False
2953,79,1,4360.0,False
2953,85,17,4711.0,False
2953,87,7,4827.0,False
2953,88,19,4891.0,False
2953,89,15,4935.0,False
2953,90,0,4986.0,False
2953,100,12,5559.0,False
2953,103,10,5751.0,False
2953,106,16,5930.0,False
2953,110,13,6178.0,False
2953,113,11,6373.0,False
2953,114,3,6431.0,False
2953,117,2,6590.0,False
2953,121,14,6798.0,False
2953,123,5,6888.0,False
2954,30,0,1599.0,False
2954,61,5,3354.0,False
2954,62,8,3398.0,False
2954,64,4,3502.0,False
2954,70,9,3866.0,False
2954,73,15,4031.0,False
2954,80,17,4457.0,False
2954,83,14,4611.0,False
2954,86,2,4806.0,False
2954,90,7,5001.0,False
2954,91,18,5059.0,False
2954,93,19,5176.0,False
2954,95,6,5268.0,False
2954,104,11,5822.0,False
2954,106,1,5895.0,False
2954,114,10,6302.0,False
2954,116,3,6424.0,False
2954,118,13,6592.0,False
2954,122,16,6814.0,False
2954,123,12,6853.0,False
2955,35,18,1833.0,False
2955,43,0,2259.0,False
2955,50,17,2660.0,False
2955,66,8,3635.0,False
2955,70,6,3862.0,False
2955,71,9,3942.0,False
2955,78,15,4314.0,False
2955,80,11,4451.0,False
2955,87,19,4891.0,False
2955,92,3,5173.0,False
2955,94,4,5256.0,False
2955,95,12,5295.0,False
2955,99,7,5520.0,False
2955,106,5,5914.0,False
2955,112,16,6287.0,False
2955,115,2,6469.0,False
2955,116,14,6506.0,False
2955,118,1,6571.0,False
2955,119,10,6641.0,False
2955,123,13,6898.0,False
2956,36,0,1914.0,False
2956,40,18,2138.0,False
2956,54,19,2950.0,False
2956,57,17,3176.0,False
2956,63,8,3576.0,False
2956,66,4,3723.0,False
2956,70,2,3933.0,False
2956,84,13,4680.0,False
2956,87,3,4832.0,False
2956,94,9,5298.0,False
2956,101,7,5772.0,False
2956,102,15,5816.0,False
2956,103,5,5851.0,False
2956,104,14,5888.0,False
2956,107,16,6054.0,False
2956,111,6,6277.0,False
2956,120,11,6756.0,False
2956,121,12,6787.0,False
2956,122,10,6842.0,False
2956,123,1,6875.0,False
2957,21,4,1060.0,False
2957,29,0,1515.0,False
2957,41,17,2264.0,False
2957,71,11,3973.0,False
2957,72,8,4020.0,False
2957,73,7,4053.0,False
2957,79,6,4391.0,False
2957,81,14,4488.0,False
2957,85,15,4701.0,False
2957,90,19,4991.0,False
2957,94,5,5176.0,False
2957,97,18,5375.0,False
2957,98,3,5445.0,False
2957,100,12,5546.0,False
2957,112,13,6139.0,False
2957,113,10,6209.0,False
2957,118,2,6512.0,False
2957,119,1,6550.0,False
2957,120,9,6630.0,False
2957,123,16,6823.0,False
2958,29,0,1537.0,False
2958,51,18,2833.0,False
2958,55,6,3078.0,False
2958,59,9,3324.0,False
2958,65,4,3683.0,False
2958,77,7,4386.0,False
2958,78,15,4436.0,False
2958,80,17,4533.0,False
2958,89,2,5003.0,False
2958,93,3,5195.0,False
2958,101,8,5657.0,False
2958,102,14,5689.0,False
2958,104,11,5834.0,False
2958,106,10,5927.0,False
2958,115,12,6393.0,False
2958,117,19,6514.0,False
2958,120,1,6657.0,False
2958,121,5,6692.0,False
2958,122,13,6757.0,False
2958,123,16,6832.0,False
2959,28,0,1521.0,False
2959,46,17,2572.0,False
2959,57,9,3221.0,False
2959,65,18,3689.0,False
2959,68,7,3882.0,False
2959,73,4,4150.0,False
2959,80,8,4522.0,False
2959,84,13,4745.0,False
2959,96,14,5325.0,False
2959,98,3,5438.0,False
2959,100,5,5511.0,False
2959,101,10,5579.0,False
2959,109,1,5973.0,False
2959,111,12,6033.0,False
2959,114,11,6277.0,False
2959,115,2,6316.0,False
2959,116,19,6371.0,False
2959,118,6,6507.0,False
2959,120,15,6595.0,False
2959,123,16,6779.0,False
2960,30,0,1611.0,False
2960,46,17,2471.0,False
2960,60,18,3261.0,False
2960,72,9,3981.0,False
2960,73,6,4045.0,False
2960,78,3,4310.0,False
2960,83,4,4620.0,False
2960,94,7,5212.0,False
2960,95,2,5260.0,False
2960,97,8,5364.0,False
2960,100,15,5560.0,False
2960,102,12,5620.0,False
2960,111,16,6153.0,False
2960,113,13,6262.0,False
2960,114,11,6346.0,False
2960,115,1,6384.0,False
2960,117,5,6483.0,False
2960,119,19,6592.0,False
2960,122,14,6750.0,False
2960,123,10,6820.0,False
2961,36,17,2042.0,False
2961,49,0,2801.0,False
2961,51,4,2886.0,False
2961,60,9,3414.0,False
2961,63,18,3604.0,False
2961,66,7,3758.0,False
2961,71,13,4048.0,False
2961,72,3,4113.0,False
2961,92,8,5172.0,False
2961,93,11,5254.0,False
2961,96,6,5401.0,False
2961,102,2,5691.0,False
2961,105,1,5812.0,False
2961,109,15,6016.0,False
2961,110,5,6051.0,False
2961,112,12,6167.0,False
2961,113,19,6222.0,False
2961,119,10,6625.0,False
2961,121,16,6750.0,False
2961,123,14,6871.0,False
2962,50,17,2681.0,False
2962,60,0,3255.0,False
2962,61,4,3302.0,False
2962,67,3,3642.0,False
2962,69,14,3746.0,False
2962,71,7,3839.0,False
2962,74,8,3984.0,False
2962,86,12,4685.0,False
2962,87,9,4758.0,False
2962,88,13,4837.0,False
2962,97,18,5284.0,False
2962,99,10,5414.0,False
2962,102,5,5546.0,False
2962,105,1,5663.0,False
2962,112,6,6070.0,False
2962,115,2,6255.0,False
2962,117,15,6355.0,False
2962,118,16,6430.0,False
2962,121,11,6622.0,False
2962,123,19,6749.0,False
2963,41,3,2294.0,False
2963,54,17,3000.0,False
2963,73,12,4106.0,False
2963,74,18,4161.0,False
2963,77,4,4285.0,False
2963,79,8,4404.0,False
2963,89,13,5033.0,False
2963,92,11,5212.0,False
2963,94,7,5328.0,False
2963,95,16,5412.0,False
2963,96,0,5465.0,False
2963,101,5,5708.0,False
2963,102,19,5773.0,False
2963,105,1,5916.0,False
2963,106,6,5971.0,False
2963,111,9,6259.0,False
2963,116,14,6552.0,False
2963,117,15,6596.0,False
2963,119,2,6715.0,False
2963,123,10,6926.0,False
2964,30,7,1595.0,False
2964,35,17,1872.0,False
2964,49,1,2605.0,False
2964,59,3,3148.0,False
2964,62,4,3304.0,False
2964,77,12,4164.0,False
2964,81,8,4348.0,False
2964,87,5,4663.0,False
2964,88,11,4760.0,False
2964,91,0,4884.0,False
2964,95,18,5174.0,False
2964,97,2,5268.0,False
2964,104,6,5649.0,False
2964,105,9,5737.0,False
2964,110,14,6000.0,False
2964,113,16,6232.0,False
2964,116,15,6394.0,False
2964,119,13,6551.0,False
2964,122,10,6739.0,False
2964,123,19,6794.0,False
2965,39,7,2117.0,False
2965,46,17,2481.0,False
2965,54,8,2916.0,False
2965,59,1,3196.0,False
2965,63,4,3371.0,False
2965,64,0,3424.0,False
2965,87,13,4828.0,False
2965,97,12,5378.0,False
2965,101,11,5621.0,False
2965,102,3,5679.0,False
2965,103,19,5743.0,False
2965,104,18,5810.0,False
2965,108,9,6025.0,False
2965,112,16,6296.0,False
2965,116,6,6537.0,False
2965,117,14,6569.0,False
2965,119,10,6684.0,False
2965,120,15,6733.0,False
2965,122,5,6832.0,False
2965,123,2,6876.0,False
2966,37,17,2022.0,False
2966,59,7,3251.0,False
2966,67,11,3630.0,False
2966,75,14,4033.0,False
2966,78,12,4185.0,False
2966,79,18,4241.0,False
2966,82,15,4430.0,False
2966,86,3,4645.0,False
2966,89,6,4815.0,False
2966,94,8,5045.0,False
2966,97,4,5201.0,False
2966,101,5,5400.0,False
2966,104,0,5562.0,False
2966,107,1,5737.0,False
2966,110,9,5909.0,False
2966,113,13,6100.0,False
2966,116,10,6336.0,False
2966,120,19,6534.0,False
2966,122,2,6650.0,False
2966,123,16,6725.0,False
2967,31,17,1673.0,False
2967,33,7,1759.0,False
2967,52,1,2781.0,False
2967,67,12,3557.0,False
2967,68,11,3654.0,False
2967,77,8,4174.0,False
2967,83,16,4551.0,False
2967,85,4,4645.0,False
2967,96,6,5254.0,False
2967,100,19,5485.0,False
2967,101,0,5532.0,False
2967,102,9,5605.0,False
2967,105,18,5808.0,False
2967,109,5,6015.0,False
2967,113,3,6268.0,False
2967,118,14,6540.0,False
2967,119,13,6604.0,False
2967,120,15,6648.0,False
2967,121,2,6696.0,False
2967,123,10,6809.0,False
2968,25,17,1352.0,False
2968,47,8,2526.0,False
2968,55,12,2883.0,False
2968,62,5,3265.0,False
2968,66,7,3462.0,False
2968,73,3,3831.0,False
2968,84,1,4455.0,False
2968,86,13,4569.0,False
2968,88,0,4702.0,False
2968,89,18,4760.0,False
2968,93,11,5004.0,False
2968,102,4,5534.0,False
2968,104,6,5627.0,False
2968,112,15,6149.0,False
2968,115,10,6333.0,False
2968,117,14,6412.0,False
2968,118,2,6460.0,False
2968,121,9,6648.0,False
2968,122,16,6723.0,False
2968,123,19,6778.0,False
2969,39,17,2178.0,False
2969,59,7,3258.0,False
2969,72,6,4033.0,False
2969,75,4,4209.0,False
2969,76,12,4248.0,False
2969,77,5,4274.0,False
2969,84,11,4685.0,False
2969,85,13,4749.0,False
2969,96,14,5307.0,False
2969,97,1,5340.0,False
2969,101,15,5538.0,False
2969,103,8,5630.0,False
2969,104,18,5688.0,False
2969,108,9,5964.0,False
2969,109,19,6019.0,False
2969,114,0,6273.0,False
2969,115,16,6348.0,False
2969,121,10,6686.0,False
2969,122,2,6734.0,False
2969,123,3,6792.0,False
2970,29,17,1523.0,False
2970,47,7,2501.0,False
2970,52,3,2797.0,False
2970,54,8,2900.0,False
2970,74,11,4097.0,False
2970,78,18,4306.0,False
2970,85,13,4749.0,False
2970,87,4,4837.0,False
2970,93,10,5164.0,False
2970,96,6,5362.0,False
2970,97,9,5435.0,False
2970,99,15,5581.0,False
2970,101,12,5672.0,False
2970,102,0,5714.0,False
2970,109,14,6040.0,False
2970,111,19,6127.0,False
2970,115,5,6382.0,False
2970,117,16,6517.0,False
2970,122,1,6774.0,False
2970,123,2,6822.0,False
2971,39,17,2116.0,False
2971,63,12,3404.0,False
2971,68,8,3692.0,False
2971,69,7,3725.0,False
2971,75,14,4053.0,False
2971,81,0,4360.0,False
2971,87,18,4720.0,False
2971,88,9,4808.0,False
2971,90,3,4934.0,False
2971,95,11,5213.0,False
2971,97,1,5306.0,False
2971,106,13,5819.0,False
2971,108,5,5916.0,False
2971,109,4,5963.0,False
2971,110,15,6013.0,False
2971,111,10,6096.0,False
2971,115,19,6380.0,False
2971,117,6,6494.0,False
2971,119,16,6619.0,False
2971,123,2,6850.0,False
2972,31,17,1711.0,False
2972,59,18,3246.0,False
2972,62,11,3439.0,False
2972,67,7,3660.0,False
2972,73,14,4007.0,False
2972,76,12,4144.0,False
2972,84,0,4565.0,False
2972,85,8,4609.0,False
2972,89,1,4821.0,False
2972,96,3,5196.0,False
2972,97,15,5245.0,False
2972,101,13,5496.0,False
2972,102,16,5581.0,False
2972,106,5,5765.0,False
2972,110,6,6017.0,False
2972,112,10,6162.0,False
2972,116,9,6411.0,False
2972,117,4,6458.0,False
2972,122,2,6756.0,False
2972,123,19,6811.0,False
2973,13,17,640.0,False
2973,67,0,3731.0,False
2973,69,7,3812.0,False
2973,75,8,4089.0,False
2973,80,3,4400.0,False
2973,82,18,4538.0,False
2973,84,10,4718.0,False
2973,87,11,4933.0,False
2973,90,15,5083.0,False
2973,101,4,5726.0,False
2973,102,6,5790.0,False
2973,103,14,5828.0,False
2973,105,12,5906.0,False
2973,108,5,6062.0,False
2973,111,2,6267.0,False
2973,113,13,6401.0,False
2973,117,16,6601.0,False
2973,118,1,6640.0,False
2973,122,9,6870.0,False
2973,123,19,6925.0,False
2974,20,17,997.0,False
2974,34,7,1784.0,False
2974,58,8,3083.0,False
2974,62,3,3346.0,False
2974,69,14,3767.0,False
2974,71,0,3855.0,False
2974,73,11,3994.0,False
2974,87,15,4816.0,False
2974,95,18,5258.0,False
2974,99,2,5471.0,False
2974,100,10,5554.0,False
2974,101,12,5590.0,False
2974,102,1,5623.0,False
2974,104,9,5754.0,False
2974,111,16,6172.0,False
2974,114,6,6333.0,False
2974,116,19,6451.0,False
2974,121,13,6770.0,False
2974,122,5,6807.0,False
2974,123,4,6854.0,False
2975,22,17,1082.0,False
2975,45,18,2471.0,False
2975,54,7,2962.0,False
2975,55,0,3004.0,False
2975,67,15,3723.0,False
2975,79,6,4454.0,False
2975,81,11,4634.0,False
2975,84,10,4779.0,False
2975,86,14,4891.0,False
2975,93,4,5220.0,False
2975,97,8,5443.0,False
2975,100,3,5601.0,False
2975,107,5,5916.0,False
2975,116,9,6454.0,False
2975,117,12,6480.0,False
2975,118,2,6519.0,False
2975,120,13,6648.0,False
2975,121,19,6703.0,False
2975,122,16,6778.0,False
2975,123,1,6817.0,False
2976,22,17,1124.0,False
2976,45,7,2489.0,False
2976,49,8,2691.0,False
2976,53,14,2897.0,False
2976,63,10,3407.0,False
2976,65,15,3489.0,False
2976,71,9,3818.0,False
2976,80,18,4322.0,False
2976,81,0,4369.0,False
2976,84,3,4540.0,False
2976,85,11,4622.0,False
2976,101,12,5539.0,False
2976,103,13,5674.0,False
2976,110,1,6026.0,False
2976,111,2,6074.0,False
2976,112,4,6121.0,False
2976,117,19,6404.0,False
2976,119,16,6529.0,False
2976,122,6,6724.0,False
2976,123,5,6761.0,False
2977,28,17,1410.0,False
2977,43,11,2252.0,False
2977,51,15,2743.0,False
2977,56,18,3058.0,False
2977,69,9,3843.0,False
2977,75,14,4236.0,False
2977,86,8,4790.0,False
2977,88,7,4856.0,False
2977,89,6,4920.0,False
2977,96,0,5303.0,False
2977,98,3,5437.0,False
2977,99,10,5505.0,False
2977,101,4,5606.0,False
2977,105,1,5791.0,False
2977,106,13,5859.0,False
2977,112,12,6194.0,False
2977,114,2,6289.0,False
2977,119,16,6578.0,False
2977,122,5,6736.0,False
2977,123,19,6801.0,False
2978,34,17,1986.0,False
2978,42,14,2417.0,False
2978,50,11,2899.0,False
2978,65,6,3702.0,False
2978,66,0,3749.0,False
2978,70,7,3972.0,False
2978,73,15,4103.0,False
2978,78,18,4379.0,False
2978,82,2,4621.0,False
2978,86,9,4869.0,False
2978,95,8,5381.0,False
2978,96,3,5444.0,False
2978,97,10,5512.0,False
2978,105,4,5928.0,False
2978,107,13,6051.0,False
2978,113,16,6454.0,False
2978,119,19,6761.0,False
2978,120,12,6787.0,False
2978,122,5,6854.0,False
2978,123,1,6892.0,False
2979,23,17,1217.0,False
2979,48,0,2730.0,False
2979,57,6,3219.0,False
2979,58,18,3286.0,False
2979,64,10,3624.0,False
2979,65,7,3669.0,False
2979,70,16,3956.0,False
2979,77,14,4367.0,False
2979,81,1,4575.0,False
2979,87,15,4917.0,False
2979,90,11,5088.0,False
2979,93,8,5251.0,False
2979,94,4,5297.0,False
2979,98,5,5493.0,False
2979,101,9,5668.0,False
2979,110,19,6202.0,False
2979,114,13,6440.0,False
2979,120,3,6777.0,False
2979,122,2,6855.0,False
2979,123,12,6891.0,False
2980,25,17,1312.0,False
2980,33,7,1811.0,False
2980,35,14,1890.0,False
2980,55,18,3020.0,False
2980,71,0,3885.0,False
2980,77,10,4214.0,False
2980,85,3,4756.0,False
2980,86,15,4805.0,False
2980,87,13,4873.0,False
2980,88,8,4907.0,False
2980,90,11,5050.0,False
2980,96,16,5384.0,False
2980,100,5,5523.0,False
2980,112,1,6181.0,False
2980,113,12,6207.0,False
2980,114,6,6271.0,False
2980,116,2,6381.0,False
2980,118,9,6514.0,False
2980,122,4,6713.0,False
2980,123,19,6768.0,False
2981,23,18,1170.0,False
2981,29,17,1494.0,False
2981,36,8,1899.0,False
2981,45,15,2364.0,False
2981,67,14,3615.0,False
2981,68,11,3697.0,False
2981,71,7,3846.0,False
2981,75,0,4052.0,False
2981,77,2,4146.0,False
2981,85,5,4609.0,False
2981,87,3,4743.0,False
2981,103,12,5596.0,False
2981,105,10,5719.0,False
2981,111,16,6081.0,False
2981,112,6,6136.0,False
2981,117,13,6446.0,False
2981,118,9,6522.0,False
2981,119,1,6555.0,False
2981,120,4,6602.0,False
2981,123,19,6767.0,False
2982,47,17,2616.0,False
2982,49,8,2710.0,False
2982,65,3,3651.0,False
2982,69,18,3858.0,False
2982,71,0,3971.0,False
2982,73,14,4050.0,False
2982,80,6,4425.0,False
2982,82,15,4541.0,False
2982,88,7,4848.0,False
2982,91,11,5089.0,False
2982,92,9,5177.0,False
2982,100,10,5628.0,False
2982,105,5,5961.0,False
2982,107,2,6061.0,False
2982,108,16,6146.0,False
2982,115,12,6535.0,False
2982,117,13,6655.0,False
2982,118,4,6701.0,False
2982,121,19,6866.0,False
2982,123,1,6931.0,False
2983,31,15,1643.0,False
2983,34,14,1805.0,False
2983,47,7,2499.0,False
2983,51,18,2705.0,False
2983,59,10,3157.0,False
2983,68,0,3651.0,False
2983,73,17,3951.0,False
2983,83,3,4589.0,False
2983,94,11,5165.0,False
2983,98,13,5410.0,False
2983,99,8,5454.0,False
2983,101,16,5608.0,False
2983,103,12,5688.0,False
2983,104,1,5721.0,False
2983,111,2,6104.0,False
2983,113,6,6204.0,False
2983,116,5,6350.0,False
2983,121,4,6612.0,False
2983,122,9,6685.0,False
2983,123,19,6740.0,False
2984,51,17,2758.0,False
2984,52,14,2795.0,False
2984,56,15,2984.0,False
2984,58,0,3131.0,False
2984,61,7,3318.0,False
2984,65,18,3571.0,False
2984,80,11,4460.0,False
2984,89,3,4910.0,False
2984,96,6,5323.0,False
2984,99,2,5487.0,False
2984,102,4,5643.0,False
2984,105,16,5812.0,False
2984,106,10,5880.0,False
2984,108,8,5961.0,False
2984,110,1,6045.0,False
2984,113,12,6226.0,False
2984,116,13,6403.0,False
2984,117,9,6479.0,False
2984,121,5,6644.0,False
2984,123,19,6772.0,False
2985,33,17,1788.0,False
2985,46,8,2506.0,False
2985,57,7,3070.0,False
2985,67,10,3576.0,False
2985,69,11,3770.0,False
2985,73,15,3983.0,False
2985,81,18,4392.0,False
2985,90,5,4898.0,False
2985,92,14,4973.0,False
2985,94,12,5033.0,False
2985,96,0,5124.0,False
2985,99,6,5372.0,False
2985,100,16,5447.0,False
2985,104,3,5687.0,False
2985,110,4,6014.0,False
2985,113,9,6199.0,False
2985,117,2,6425.0,False
2985,118,13,6493.0,False
2985,119,1,6531.0,False
2985,123,19,6766.0,False
2986,42,18,2326.0,False
2986,46,14,2491.0,False
2986,53,17,2893.0,False
2986,79,16,4326.0,False
2986,80,0,4373.0,False
2986,82,2,4483.0,False
2986,88,7,4770.0,False
2986,91,1,4917.0,False
2986,93,5,4991.0,False
2986,94,11,5073.0,False
2986,97,15,5278.0,False
2986,100,3,5447.0,False
2986,101,10,5515.0,False
2986,105,12,5682.0,False
2986,107,8,5809.0,False
2986,112,6,6136.0,False
2986,115,4,6301.0,False
2986,116,13,6366.0,False
2986,122,19,6700.0,False
2986,123,9,6773.0,False
2987,30,14,1586.0,False
2987,44,17,2399.0,False
2987,52,18,2989.0,False
2987,67,6,3853.0,False
2987,75,11,4317.0,False
2987,79,16,4589.0,False
2987,82,8,4780.0,False
2987,83,13,4844.0,False
2987,86,0,4982.0,False
2987,88,10,5088.0,False
2987,89,7,5133.0,False
2987,94,3,5445.0,False
2987,108,15,6168.0,False
2987,110,1,6267.0,False
2987,111,2,6315.0,False
2987,117,9,6650.0,False
2987,120,5,6792.0,False
2987,121,12,6828.0,False
2987,122,19,6893.0,False
2987,123,4,6939.0,False
2988,23,17,1180.0,False
2988,48,7,2586.0,False
2988,58,18,3169.0,False
2988,63,16,3475.0,False
2988,68,14,3760.0,False
2988,74,10,4123.0,False
2988,75,12,4159.0,False
2988,90,13,5143.0,False
2988,94,9,5364.0,False
2988,96,8,5438.0,False
2988,97,0,5480.0,False
2988,98,11,5577.0,False
2988,102,2,5770.0,False
2988,103,6,5835.0,False
2988,111,15,6246.0,False
2988,113,4,6357.0,False
2988,114,5,6394.0,False
2988,117,3,6553.0,False
2988,119,1,6618.0,False
2988,123,19,6858.0,False
2989,21,18,1095.0,False
2989,42,14,2259.0,False
2989,51,17,2752.0,False
2989,58,15,3077.0,False
2989,71,12,3767.0,False
2989,85,0,4581.0,False
2989,86,2,4625.0,False
2989,89,8,4839.0,False
2989,91,10,4969.0,False
2989,97,11,5379.0,False
2989,99,7,5474.0,False
2989,105,4,5798.0,False
2989,107,6,5908.0,False
2989,110,3,6101.0,False
2989,113,13,6267.0,False
2989,114,1,6306.0,False
2989,117,9,6476.0,False
2989,118,16,6551.0,False
2989,120,5,6646.0,False
2989,123,19,6820.0,False
2990,32,17,1692.0,False
2990,33,18,1748.0,False
2990,69,15,3914.0,False
2990,71,14,3981.0,False
2990,76,6,4285.0,False
2990,80,0,4431.0,False
2990,84,16,4690.0,False
2990,85,11,4774.0,False
2990,86,10,4829.0,False
2990,91,13,5096.0,False
2990,94,8,5262.0,False
2990,96,7,5339.0,False
2990,97,3,5402.0,False
2990,99,1,5472.0,False
2990,110,2,6091.0,False
2990,111,5,6122.0,False
2990,114,4,6280.0,False
2990,116,9,6398.0,False
2990,118,12,6471.0,False
2990,123,19,6764.0,False
2991,49,14,2716.0,False
2991,57,17,3191.0,False
2991,65,6,3695.0,False
2991,69,9,3926.0,False
2991,71,7,4004.0,False
2991,72,18,4062.0,False
2991,82,11,4645.0,False
2991,93,12,5189.0,False
2991,101,13,5648.0,False
2991,103,5,5744.0,False
2991,105,1,5841.0,False
2991,106,15,5885.0,False
2991,110,10,6094.0,False
2991,111,16,6169.0,False
2991,114,8,6327.0,False
2991,115,0,6369.0,False
2991,116,2,6413.0,False
2991,119,3,6586.0,False
2991,122,19,6770.0,False
2991,123,4,6809.0,False
2992,56,17,3144.0,False
2992,61,8,3433.0,False
2992,78,14,4280.0,False
2992,80,5,4345.0,False
2992,81,18,4400.0,False
2992,87,0,4780.0,False
2992,92,9,5087.0,False
2992,96,11,5347.0,False
2992,98,16,5475.0,False
2992,102,4,5679.0,False
2992,104,7,5768.0,False
2992,105,13,5836.0,False
2992,106,12,5875.0,False
2992,107,3,5940.0,False
2992,111,15,6184.0,False
2992,112,10,6252.0,False
2992,115,6,6439.0,False
2992,120,19,6678.0,False
2992,121,1,6711.0,False
2992,123,2,6837.0,False
2993,32,17,1758.0,False
2993,50,15,2788.0,False
2993,61,18,3317.0,False
2993,63,8,3430.0,False
2993,67,7,3665.0,False
2993,74,2,4059.0,False
2993,84,14,4637.0,False
2993,87,10,4825.0,False
2993,91,6,5013.0,False
2993,96,12,5281.0,False
2993,98,11,5440.0,False
2993,100,13,5616.0,False
2993,102,4,5730.0,False
2993,103,0,5783.0,False
2993,106,9,5966.0,False
2993,110,16,6201.0,False
2993,116,1,6465.0,False
2993,121,5,6757.0,False
2993,122,3,6820.0,False
2993,123,19,6875.0,False
2994,46,15,2509.0,False
2994,51,17,2760.0,False
2994,52,12,2791.0,False
2994,63,18,3497.0,False
2994,66,14,3646.0,False
2994,72,0,3962.0,False
2994,81,7,4468.0,False
2994,93,4,5151.0,False
2994,95,16,5297.0,False
2994,97,6,5396.0,False
2994,100,13,5622.0,False
2994,105,2,5854.0,False
2994,106,8,5898.0,False
2994,108,1,5986.0,False
2994,112,11,6238.0,False
2994,113,10,6293.0,False
2994,118,3,6589.0,False
2994,120,9,6741.0,False
2994,122,5,6842.0,False
2994,123,19,6907.0,False
2995,48,0,2641.0,False
2995,55,8,3067.0,False
2995,57,14,3137.0,False
2995,59,10,3242.0,False
2995,66,17,3638.0,False
2995,73,9,4087.0,False
2995,77,7,4251.0,False
2995,93,15,5110.0,False
2995,96,18,5274.0,False
2995,97,11,5356.0,False
2995,100,12,5501.0,False
2995,104,16,5725.0,False
2995,106,2,5848.0,False
2995,107,3,5911.0,False
2995,108,1,5949.0,False
2995,111,13,6123.0,False
2995,115,4,6321.0,False
2995,120,5,6602.0,False
2995,122,6,6730.0,False
2995,123,19,6785.0,False
2996,28,8,1406.0,False
2996,54,15,2911.0,False
2996,57,18,3079.0,False
2996,67,2,3659.0,False
2996,68,14,3696.0,False
2996,73,4,3940.0,False
2996,74,7,3973.0,False
2996,75,0,4026.0,False
2996,85,17,4652.0,False
2996,89,12,4857.0,False
2996,95,13,5201.0,False
2996,99,1,5397.0,False
2996,100,6,5461.0,False
2996,109,3,6013.0,False
2996,110,9,6093.0,False
2996,115,16,6402.0,False
2996,119,11,6647.0,False
2996,120,19,6702.0,False
2996,122,5,6797.0,False
2996,123,10,6852.0,False
2997,40,8,2037.0,False
2997,43,14,2224.0,False
2997,44,17,2288.0,False
2997,63,10,3370.0,False
2997,69,18,3788.0,False
2997,71,2,3891.0,False
2997,77,0,4259.0,False
2997,87,13,4845.0,False
2997,88,15,4889.0,False
2997,96,7,5330.0,False
2997,97,4,5377.0,False
2997,100,9,5542.0,False
2997,105,12,5834.0,False
2997,107,16,5958.0,False
2997,109,6,6068.0,False
2997,115,3,6425.0,False
2997,118,19,6588.0,False
2997,121,11,6768.0,False
2997,122,5,6803.0,False
2997,123,1,6841.0,False
2998,47,0,2603.0,False
2998,54,12,2939.0,False
2998,59,14,3218.0,False
2998,63,8,3413.0,False
2998,71,17,3848.0,False
2998,85,6,4617.0,False
2998,86,15,4661.0,False
2998,88,2,4794.0,False
2998,92,18,5072.0,False
2998,97,19,5370.0,False
2998,100,10,5564.0,False
2998,101,7,5600.0,False
2998,102,16,5684.0,False
2998,103,11,5753.0,False
2998,110,9,6118.0,False
2998,116,4,6403.0,False
2998,118,3,6537.0,False
2998,121,13,6714.0,False
2998,122,5,6751.0,False
2998,123,1,6789.0,False
2999,35,0,1787.0,False
2999,37,8,1906.0,False
2999,62,17,3334.0,False
2999,63,12,3373.0,False
2999,72,7,3848.0,False
2999,82,14,4441.0,False
2999,84,2,4532.0,False
2999,86,18,4670.0,False
2999,93,10,5128.0,False
2999,97,11,5394.0,False
2999,98,6,5458.0,False
2999,103,9,5790.0,False
2999,104,4,5824.0,False
2999,108,15,6008.0,False
2999,109,16,6092.0,False
2999,116,13,6479.0,False
2999,119,1,6622.0,False
2999,120,5,6657.0,False
2999,122,3,6795.0,False
2999,123,19,6850.0,False
3000,47,12,2448.0,False
3000,51,0,2669.0,False
3000,56,10,2988.0,False
3000,64,4,3379.0,False
3000,67,8,3559.0,False
3000,73,7,3877.0,False
3000,84,18,4505.0,False
3000,86,2,4604.0,False
3000,88,17,4712.0,False
3000,97,15,5271.0,False
3000,98,14,5303.0,False
3000,105,19,5697.0,False
3000,106,6,5752.0,False
3000,107,16,5827.0,False
3000,108,1,5860.0,False
3000,110,3,5994.0,False
3000,116,5,6381.0,False
3000,120,13,6591.0,False
3000,121,9,6667.0,False
3000,123,11,6819.0,False
3001,30,0,1613.0,False
3001,53,4,2943.0,False
3001,75,8,4217.0,False
3001,77,12,4330.0,False
3001,79,7,4408.0,False
3001,80,15,4452.0,False
3001,92,6,5109.0,False
3001,95,3,5263.0,False
3001,96,14,5295.0,False
3001,103,17,5716.0,False
3001,106,10,5888.0,False
3001,108,2,5985.0,False
3001,111,18,6148.0,False
3001,112,19,6212.0,False
3001,114,13,6323.0,False
3001,116,16,6472.0,False
3001,117,5,6503.0,False
3001,119,11,6628.0,False
3001,122,1,6763.0,False
3001,123,9,6851.0,False
3002,17,12,729.0,False
3002,34,0,1698.0,False
3002,49,8,2519.0,False
3002,58,18,2996.0,False
3002,66,9,3573.0,False
3002,86,4,4733.0,False
3002,93,13,5119.0,False
3002,96,7,5317.0,False
3002,97,3,5387.0,False
3002,99,2,5472.0,False
3002,103,17,5710.0,False
3002,104,15,5760.0,False
3002,106,14,5873.0,False
3002,111,10,6127.0,False
3002,112,1,6160.0,False
3002,115,16,6348.0,False
3002,117,11,6518.0,False
3002,120,6,6688.0,False
3002,121,5,6719.0,False
3002,123,19,6837.0,False
3003,32,0,1715.0,False
3003,36,13,1918.0,False
3003,41,8,2190.0,False
3003,50,12,2659.0,False
3003,67,10,3607.0,False
3003,73,17,4039.0,False
3003,75,16,4165.0,False
3003,85,14,4680.0,False
3003,88,15,4878.0,False
3003,94,6,5216.0,False
3003,96,11,5390.0,False
3003,104,18,5885.0,False
3003,106,7,5962.0,False
3003,107,2,6006.0,False
3003,111,5,6206.0,False
3003,115,19,6417.0,False
3003,119,3,6624.0,False
3003,120,1,6663.0,False
3003,121,9,6743.0,False
3003,123,4,6849.0,False
3004,20,18,1025.0,False
3004,46,0,2537.0,False
3004,55,6,3019.0,False
3004,56,12,3050.0,False
3004,63,1,3420.0,False
3004,75,10,4137.0,False
3004,79,19,4344.0,False
3004,80,8,4378.0,False
3004,98,13,5386.0,False
3004,101,16,5602.0,False
3004,106,17,5920.0,False
3004,107,4,5967.0,False
3004,109,5,6039.0,False
3004,112,11,6220.0,False
3004,115,7,6386.0,False
3004,116,15,6430.0,False
3004,118,14,6543.0,False
3004,120,3,6642.0,False
3004,122,2,6742.0,False
3004,123,9,6822.0,False
3005,50,0,2686.0,False
3005,51,18,2744.0,False
3005,52,8,2788.0,False
3005,68,13,3709.0,False
3005,75,17,4173.0,False
3005,79,4,4366.0,False
3005,85,16,4770.0,False
3005,89,12,4974.0,False
3005,90,7,5010.0,False
3005,93,10,5166.0,False
3005,96,14,5350.0,False
3005,101,11,5648.0,False
3005,102,6,5712.0,False
3005,106,15,5914.0,False
3005,111,2,6211.0,False
3005,112,19,6266.0,False
3005,114,9,6404.0,False
3005,120,1,6724.0,False
3005,121,3,6787.0,False
3005,123,5,6876.0,False
3006,49,6,2647.0,False
3006,50,18,2714.0,False
3006,54,0,2937.0,False
3006,56,10,3049.0,False
3006,61,8,3262.0,False
3006,70,14,3798.0,False
3006,72,12,3878.0,False
3006,87,16,4768.0,False
3006,94,9,5160.0,False
3006,97,11,5367.0,False
3006,101,13,5622.0,False
3006,104,17,5770.0,False
3006,106,15,5885.0,False
3006,112,5,6212.0,False
3006,115,7,6372.0,False
3006,116,4,6419.0,False
3006,119,3,6586.0,False
3006,120,1,6625.0,False
3006,121,2,6673.0,False
3006,123,19,6800.0,False
3007,37,10,2027.0,False
3007,45,6,2508.0,False
3007,56,8,3142.0,False
3007,64,14,3533.0,False
3007,69,18,3857.0,False
3007,78,11,4429.0,False
3007,84,16,4835.0,False
3007,88,0,5063.0,False
3007,93,9,5379.0,False
3007,100,4,5767.0,False
3007,107,17,6145.0,False
3007,110,5,6289.0,False
3007,112,15,6377.0,False
3007,113,12,6403.0,False
3007,115,3,6498.0,False
3007,116,7,6532.0,False
3007,118,1,6612.0,False
3007,120,2,6731.0,False
3007,122,13,6854.0,False
3007,123,19,6918.0,False
3008,24,7,1327.0,False
3008,47,0,2617.0,False
3008,58,17,3254.0,False
3008,76,8,4237.0,False
3008,80,16,4461.0,False
3008,84,1,4695.0,False
3008,88,12,4886.0,False
3008,89,6,4950.0,False
3008,91,4,5052.0,False
3008,95,18,5254.0,False
3008,99,11,5517.0,False
3008,102,15,5660.0,False
3008,107,10,5953.0,False
3008,108,3,6011.0,False
3008,110,19,6122.0,False
3008,113,2,6279.0,False
3008,115,14,6375.0,False
3008,117,9,6508.0,False
3008,120,13,6699.0,False
3008,123,5,6820.0,False
3009,49,18,2740.0,False
3009,50,7,2776.0,False
3009,62,0,3444.0,False
3009,63,19,3499.0,False
3009,74,12,4021.0,False
3009,81,15,4426.0,False
3009,84,6,4629.0,False
3009,94,11,5189.0,False
3009,96,9,5332.0,False
3009,99,8,5544.0,False
3009,103,5,5755.0,False
3009,105,13,5889.0,False
3009,106,17,5955.0,False
3009,108,4,6068.0,False
3009,114,10,6417.0,False
3009,115,2,6461.0,False
3009,117,16,6573.0,False
3009,121,3,6786.0,False
3009,122,1,6819.0,False
3009,123,14,6851.0,False
3010,17,8,818.0,False
3010,30,7,1607.0,False
3010,33,6,1791.0,False
3010,58,18,3246.0,False
3010,62,15,3422.0,False
3010,71,0,3827.0,False
3010,74,12,4000.0,False
3010,75,1,4033.0,False
3010,82,17,4405.0,False
3010,83,11,4487.0,False
3010,91,9,4949.0,False
3010,96,5,5244.0,False
3010,103,16,5675.0,False
3010,109,13,6031.0,False
3010,113,10,6235.0,False
3010,116,2,6422.0,False
3010,117,19,6477.0,False
3010,119,14,6595.0,False
3010,122,4,6767.0,False
3010,123,3,6837.0,False
3011,29,0,1658.0,False
3011,32,7,1805.0,False
3011,59,6,3343.0,False
3011,68,15,3830.0,False
3011,75,4,4274.0,False
3011,82,8,4651.0,False
3011,89,12,4966.0,False
3011,90,17,5025.0,False
3011,93,13,5202.0,False
3011,98,11,5488.0,False
3011,99,14,5520.0,False
3011,101,10,5677.0,False
3011,105,18,5861.0,False
3011,107,16,6000.0,False
3011,111,19,6240.0,False
3011,113,9,6376.0,False
3011,119,3,6713.0,False
3011,120,1,6751.0,False
3011,121,5,6786.0,False
3011,123,2,6901.0,False
3012,34,0,1912.0,False
3012,38,7,2129.0,False
3012,41,6,2310.0,False
3012,53,1,2893.0,False
3012,64,13,3517.0,False
3012,67,8,3637.0,False
3012,71,2,3883.0,False
3012,77,9,4186.0,False
3012,94,17,5219.0,False
3012,95,11,5301.0,False
3012,99,15,5508.0,False
3012,103,18,5736.0,False
3012,104,12,5772.0,False
3012,105,3,5835.0,False
3012,108,10,6002.0,False
3012,110,16,6136.0,False
3012,115,5,6372.0,False
3012,118,19,6553.0,False
3012,121,14,6730.0,False
3012,123,4,6851.0,False
3013,36,7,1952.0,False
3013,43,0,2347.0,False
3013,44,8,2391.0,False
3013,54,6,3018.0,False
3013,64,17,3581.0,False
3013,66,13,3691.0,False
3013,74,12,4079.0,False
3013,76,11,4193.0,False
3013,82,19,4547.0,False
3013,88,1,4867.0,False
3013,89,2,4915.0,False
3013,99,3,5374.0,False
3013,101,18,5524.0,False
3013,102,15,5574.0,False
3013,110,9,6045.0,False
3013,111,5,6082.0,False
3013,112,16,6166.0,False
3013,115,10,6335.0,False
3013,121,14,6684.0,False
3013,123,4,6805.0,False
3014,40,7,2156.0,False
3014,47,12,2505.0,False
3014,48,8,2544.0,False
3014,50,6,2678.0,False
3014,56,0,3074.0,False
3014,79,11,4381.0,False
3014,82,17,4523.0,False
3014,94,1,5195.0,False
3014,96,15,5303.0,False
3014,98,16,5437.0,False
3014,101,13,5619.0,False
3014,102,18,5675.0,False
3014,106,19,5922.0,False
3014,109,3,6094.0,False
3014,113,14,6327.0,False
3014,114,4,6374.0,False
3014,116,2,6475.0,False
3014,118,9,6604.0,False
3014,121,10,6775.0,False
3014,123,5,6870.0,False
3015,27,7,1524.0,False
3015,56,8,3141.0,False
3015,60,6,3355.0,False
3015,82,12,4565.0,False
3015,83,17,4636.0,False
3015,84,0,4678.0,False
3015,87,18,4830.0,False
3015,88,1,4868.0,False
3015,98,19,5431.0,False
3015,103,11,5730.0,False
3015,112,13,6268.0,False
3015,113,5,6305.0,False
3015,114,3,6370.0,False
3015,115,16,6455.0,False
3015,117,14,6531.0,False
3015,119,15,6646.0,False
3015,120,10,6714.0,False
3015,121,9,6802.0,False
3015,122,4,6849.0,False
3015,123,2,6899.0,False
3016,44,0,2472.0,False
3016,61,7,3472.0,False
3016,63,6,3605.0,False
3016,65,3,3711.0,False
3016,67,8,3805.0,False
3016,75,12,4220.0,False
3016,79,13,4438.0,False
3016,91,2,5032.0,False
3016,98,11,5457.0,False
3016,100,16,5587.0,False
3016,102,9,5722.0,False
3016,104,1,5799.0,False
3016,109,15,6085.0,False
3016,110,5,6120.0,False
3016,113,19,6311.0,False
3016,114,18,6378.0,False
3016,116,10,6492.0,False
3016,119,14,6684.0,False
3016,122,4,6836.0,False
3016,123,17,6907.0,False
3017,41,8,2232.0,False
3017,44,7,2377.0,False
3017,55,0,2951.0,False
3017,63,11,3504.0,False
3017,65,12,3574.0,False
3017,82,6,4450.0,False
3017,83,10,4520.0,False
3017,88,18,4800.0,False
3017,91,13,5026.0,False
3017,93,17,5138.0,False
3017,94,9,5218.0,False
3017,95,3,5288.0,False
3017,98,2,5450.0,False
3017,102,15,5617.0,False
3017,106,1,5835.0,False
3017,110,19,6100.0,False
3017,116,14,6470.0,False
3017,120,16,6691.0,False
3017,121,4,6738.0,False
3017,123,5,6839.0,False
3018,35,7,1922.0,False
3018,41,12,2219.0,False
3018,63,13,3468.0,False
3018,64,0,3519.0,False
3018,67,8,3705.0,False
3018,73,17,4012.0,False
3018,74,3,4075.0,False
3018,87,10,4845.0,False
3018,93,16,5212.0,False
3018,96,11,5376.0,False
3018,99,14,5554.0,False
3018,102,6,5729.0,False
3018,105,18,5882.0,False
3018,109,5,6125.0,False
3018,114,9,6371.0,False
3018,117,1,6514.0,False
3018,118,15,6558.0,False
3018,119,2,6606.0,False
3018,121,4,6719.0,False
3018,123,19,6847.0,False
3019,35,13,2005.0,False
3019,51,6,2893.0,False
3019,56,0,3145.0,False
3019,57,11,3227.0,False
3019,59,12,3295.0,False
3019,71,18,4016.0,False
3019,78,15,4412.0,False
3019,81,7,4546.0,False
3019,85,8,4728.0,False
3019,91,2,5040.0,False
3019,93,3,5160.0,False
3019,101,9,5681.0,False
3019,104,14,5847.0,False
3019,112,10,6342.0,False
3019,113,5,6377.0,False
3019,114,19,6432.0,False
3019,119,16,6714.0,False
3019,120,17,6785.0,False
3019,122,4,6864.0,False
3019,123,1,6903.0,False
3020,25,13,1456.0,False
3020,48,14,2722.0,False
3020,58,7,3266.0,False
3020,63,0,3567.0,False
3020,69,6,3925.0,False
3020,70,1,3958.0,False
3020,77,8,4329.0,False
3020,84,10,4709.0,False
3020,86,11,4831.0,False
3020,89,12,4940.0,False
3020,90,19,5004.0,False
3020,97,3,5428.0,False
3020,105,17,5846.0,False
3020,109,2,6034.0,False
3020,112,18,6231.0,False
3020,115,9,6421.0,False
3020,117,4,6513.0,False
3020,119,5,6605.0,False
3020,122,16,6799.0,False
3020,123,15,6849.0,False
3021,43,7,2393.0,False
3021,60,0,3355.0,False
3021,65,13,3684.0,False
3021,75,3,4245.0,False
3021,81,15,4538.0,False
3021,87,6,4863.0,False
3021,90,8,4993.0,False
3021,91,9,5081.0,False
3021,94,11,5305.0,False
3021,99,12,5553.0,False
3021,102,14,5699.0,False
3021,103,19,5764.0,False
3021,108,10,6086.0,False
3021,109,4,6133.0,False
3021,110,1,6172.0,False
3021,112,2,6269.0,False
3021,115,18,6466.0,False
3021,121,16,6815.0,False
3021,122,5,6852.0,False
3021,123,17,6923.0,False
3022,49,7,2793.0,False
3022,56,11,3156.0,False
3022,62,13,3464.0,False
3022,63,0,3506.0,False
3022,76,10,4230.0,False
3022,84,6,4740.0,False
3022,88,19,4956.0,False
3022,91,12,5105.0,False
3022,93,15,5205.0,False
3022,96,1,5349.0,False
3022,100,8,5565.0,False
3022,102,18,5680.0,False
3022,106,2,5902.0,False
3022,109,9,6076.0,False
3022,112,3,6259.0,False
3022,117,4,6555.0,False
3022,118,14,6593.0,False
3022,120,17,6697.0,False
3022,122,5,6783.0,False
3022,123,16,6868.0,False
3023,26,7,1387.0,False
3023,49,6,2789.0,False
3023,56,2,3170.0,False
3023,61,3,3431.0,False
3023,66,13,3673.0,False
3023,70,11,3987.0,False
3023,75,8,4261.0,False
3023,83,15,4750.0,False
3023,84,17,4809.0,False
3023,95,16,5492.0,False
3023,103,4,5874.0,False
3023,104,0,5927.0,False
3023,107,1,6029.0,False
3023,109,14,6119.0,False
3023,111,9,6250.0,False
3023,113,10,6405.0,False
3023,114,19,6460.0,False
3023,115,18,6527.0,False
3023,120,12,6764.0,False
3023,123,5,6880.0,False
3024,32,7,1778.0,False
3024,47,13,2623.0,False
3024,54,11,3042.0,False
3024,62,6,3580.0,False
3024,79,0,4470.0,False
3024,84,5,4713.0,False
3024,86,8,4829.0,False
3024,89,9,5009.0,False
3024,92,10,5195.0,False
3024,100,3,5688.0,False
3024,104,15,5873.0,False
3024,108,16,6118.0,False
3024,110,4,6233.0,False
3024,111,18,6289.0,False
3024,116,1,6566.0,False
3024,117,12,6592.0,False
3024,118,17,6651.0,False
3024,120,2,6737.0,False
3024,122,19,6882.0,False
3024,123,14,6919.0,False
3025,35,7,1911.0,False
3025,53,0,2965.0,False
3025,57,1,3125.0,False
3025,67,6,3766.0,False
3025,77,14,4306.0,False
3025,78,13,4371.0,False
3025,79,8,4405.0,False
3025,86,15,4765.0,False
3025,88,9,4898.0,False
3025,97,4,5407.0,False
3025,98,17,5466.0,False
3025,99,16,5551.0,False
3025,100,10,5619.0,False
3025,101,2,5669.0,False
3025,107,11,5970.0,False
3025,117,19,6498.0,False
3025,119,12,6587.0,False
3025,120,3,6645.0,False
3025,121,18,6703.0,False
3025,123,5,6784.0,False
3026,36,17,2048.0,False
3026,40,7,2243.0,False
3026,50,11,2765.0,False
3026,94,6,5271.0,False
3026,95,10,5341.0,False
3026,96,15,5390.0,False
3026,98,13,5488.0,False
3026,101,0,5656.0,False
3026,103,8,5759.0,False
3026,104,14,5791.0,False
3026,108,19,6038.0,False
3026,112,2,6248.0,False
3026,113,12,6284.0,False
3026,115,16,6426.0,False
3026,117,1,6491.0,False
3026,118,5,6526.0,False
3026,120,18,6664.0,False
3026,121,4,6711.0,False
3026,122,3,6774.0,False
3026,123,9,6854.0,False
3027,36,0,1979.0,False
3027,62,7,3474.0,False
3027,68,8,3749.0,False
3027,78,6,4291.0,False
3027,79,14,4328.0,False
3027,81,4,4445.0,False
3027,84,3,4687.0,False
3027,92,13,5106.0,False
3027,95,18,5254.0,False
3027,98,15,5375.0,False
3027,100,17,5477.0,False
3027,101,10,5545.0,False
3027,102,16,5629.0,False
3027,107,11,5957.0,False
3027,110,2,6108.0,False
3027,111,12,6144.0,False
3027,112,1,6177.0,False
3027,120,5,6604.0,False
3027,122,9,6750.0,False
3027,123,19,6805.0,False
3028,29,6,1660.0,False
3028,31,7,1778.0,False
3028,58,13,3320.0,False
3028,62,0,3562.0,False
3028,75,10,4231.0,False
3028,85,15,4771.0,False
3028,86,8,4805.0,False
3028,89,17,4989.0,False
3028,91,11,5115.0,False
3028,92,16,5199.0,False
3028,97,4,5452.0,False
3028,99,1,5536.0,False
3028,102,9,5703.0,False
3028,108,19,6079.0,False
3028,109,12,6105.0,False
3028,110,2,6144.0,False
3028,111,18,6211.0,False
3028,113,3,6338.0,False
3028,122,14,6846.0,False
3028,123,5,6881.0,False
3029,48,7,2623.0,False
3029,49,9,2696.0,False
3029,55,10,3089.0,False
3029,63,6,3655.0,False
3029,73,15,4184.0,False
3029,78,17,4477.0,False
3029,81,16,4679.0,False
3029,84,11,4860.0,False
3029,89,14,5084.0,False
3029,91,13,5180.0,False
3029,94,0,5307.0,False
3029,103,12,5779.0,False
3029,105,2,5868.0,False
3029,108,4,6064.0,False
3029,111,3,6258.0,False
3029,112,18,6314.0,False
3029,113,19,6378.0,False
3029,119,8,6686.0,False
3029,121,1,6760.0,False
3029,123,5,6844.0,False
3030,30,7,1685.0,False
3030,47,17,2641.0,False
3030,60,6,3354.0,False
3030,72,11,4090.0,False
3030,75,0,4231.0,False
3030,77,10,4330.0,False
3030,80,3,4535.0,False
3030,83,16,4726.0,False
3030,89,9,5081.0,False
3030,97,12,5542.0,False
3030,102,18,5830.0,False
3030,103,13,5898.0,False
3030,105,8,5982.0,False
3030,107,2,6067.0,False
3030,108,19,6131.0,False
3030,110,15,6219.0,False
3030,116,4,6552.0,False
3030,119,14,6705.0,False
3030,121,1,6788.0,False
3030,123,5,6878.0,False
3031,53,17,2944.0,False
3031,65,7,3693.0,False
3031,66,0,3740.0,False
3031,70,6,3966.0,False
3031,71,19,4021.0,False
3031,76,13,4342.0,False
3031,82,10,4712.0,False
3031,85,16,4878.0,False
3031,91,8,5228.0,False
3031,92,11,5325.0,False
3031,94,4,5431.0,False
3031,96,18,5535.0,False
3031,102,15,5857.0,False
3031,107,12,6064.0,False
3031,108,2,6103.0,False
3031,109,9,6183.0,False
3031,113,14,6446.0,False
3031,118,3,6714.0,False
3031,121,5,6845.0,False
3031,123,1,6915.0,False
3032,42,4,2372.0,False
3032,49,7,2711.0,False
3032,68,6,3852.0,False
3032,72,0,4031.0,False
3032,73,10,4101.0,False
3032,75,17,4234.0,False
3032,84,14,4701.0,False
3032,86,13,4877.0,False
3032,87,2,4925.0,False
3032,93,9,5275.0,False
3032,95,11,5411.0,False
3032,100,8,5653.0,False
3032,102,18,5769.0,False
3032,104,15,5869.0,False
3032,106,16,6013.0,False
3032,108,3,6105.0,False
3032,111,12,6229.0,False
3032,113,1,6313.0,False
3032,117,19,6574.0,False
3032,123,5,6875.0,False
3033,50,7,2818.0,False
3033,73,11,4154.0,False
3033,75,6,4264.0,False
3033,77,18,4365.0,False
3033,80,16,4580.0,False
3033,83,4,4758.0,False
3033,89,0,5135.0,False
3033,92,12,5293.0,False
3033,93,2,5332.0,False
3033,96,15,5494.0,False
3033,98,9,5639.0,False
3033,100,8,5720.0,False
3033,104,13,5941.0,False
3033,107,17,6101.0,False
3033,111,10,6299.0,False
3033,114,19,6463.0,False
3033,116,1,6546.0,False
3033,120,5,6753.0,False
3033,121,3,6816.0,False
3033,123,14,6934.0,False
3034,40,7,2315.0,False
3034,47,6,2722.0,False
3034,55,4,3158.0,False
3034,59,0,3355.0,False
3034,77,19,4300.0,False
3034,85,10,4794.0,False
3034,87,13,4973.0,False
3034,94,8,5301.0,False
3034,102,15,5718.0,False
3034,103,16,5793.0,False
3034,108,1,6060.0,False
3034,110,11,6200.0,False
3034,111,9,6288.0,False
3034,113,5,6360.0,False
3034,115,17,6490.0,False
3034,117,14,6573.0,False
3034,118,3,6636.0,False
3034,119,18,6694.0,False
3034,121,2,6813.0,False
3034,123,12,6883.0,False
3035,41,4,2112.0,False
3035,48,0,2491.0,False
3035,58,10,3157.0,False
3035,60,6,3257.0,False
3035,64,7,3509.0,False
3035,72,18,4000.0,False
3035,78,19,4319.0,False
3035,87,15,4821.0,False
3035,88,8,4855.0,False
3035,89,17,4926.0,False
3035,90,12,4957.0,False
3035,102,3,5609.0,False
3035,104,9,5739.0,False
3035,108,13,5980.0,False
3035,110,11,6124.0,False
3035,111,16,6208.0,False
3035,112,1,6247.0,False
3035,121,5,6719.0,False
3035,122,2,6763.0,False
3035,123,14,6800.0,False
3036,62,10,3608.0,False
3036,64,0,3711.0,False
3036,68,13,3938.0,False
3036,77,7,4375.0,False
3036,79,9,4489.0,False
3036,81,8,4594.0,False
3036,83,11,4717.0,False
3036,84,6,4781.0,False
3036,89,1,5021.0,False
3036,90,14,5053.0,False
3036,94,18,5272.0,False
3036,101,4,5735.0,False
3036,104,17,5896.0,False
3036,105,19,5951.0,False
3036,112,16,6340.0,False
3036,114,15,6431.0,False
3036,117,3,6617.0,False
3036,120,5,6777.0,False
3036,121,2,6821.0,False
3036,123,12,6891.0,False
3037,58,0,3162.0,False
3037,63,6,3434.0,False
3037,66,10,3665.0,False
3037,68,19,3792.0,False
3037,73,7,4019.0,False
3037,80,1,4399.0,False
3037,84,13,4648.0,False
3037,89,15,4877.0,False
3037,91,4,4995.0,False
3037,93,17,5123.0,False
3037,96,18,5290.0,False
3037,104,12,5677.0,False
3037,105,3,5740.0,False
3037,106,2,5779.0,False
3037,109,9,5945.0,False
3037,117,8,6479.0,False
3037,119,5,6560.0,False
3037,120,14,6597.0,False
3037,122,11,6734.0,False
3037,123,16,6818.0,False
3038,18,7,903.0,False
3038,34,0,1806.0,False
3038,61,1,3395.0,False
3038,66,15,3614.0,False
3038,68,13,3736.0,False
3038,70,4,3868.0,False
3038,72,17,3970.0,False
3038,78,18,4310.0,False
3038,84,6,4683.0,False
3038,85,2,4727.0,False
3038,90,9,4999.0,False
3038,98,16,5506.0,False
3038,104,10,5819.0,False
3038,107,19,5944.0,False
3038,109,12,6036.0,False
3038,117,3,6466.0,False
3038,118,8,6500.0,False
3038,120,11,6634.0,False
3038,121,5,6660.0,False
3038,123,14,6780.0,False
3039,19,7,1007.0,False
3039,40,0,2209.0,False
3039,48,10,2653.0,False
3039,53,2,2876.0,False
3039,60,15,3314.0,False
3039,65,17,3603.0,False
3039,73,13,4135.0,False
3039,86,4,4759.0,False
3039,87,1,4798.0,False
3039,90,6,5009.0,False
3039,92,9,5179.0,False
3039,103,16,5784.0,False
3039,104,14,5822.0,False
3039,105,19,5877.0,False
3039,109,3,6101.0,False
3039,116,11,6497.0,False
3039,118,18,6591.0,False
3039,120,5,6672.0,False
3039,122,12,6758.0,False
3039,123,8,6797.0,False
3040,25,7,1289.0,False
3040,34,0,1706.0,False
3040,63,4,3469.0,False
3040,74,9,4159.0,False
3040,77,13,4362.0,False
3040,79,15,4470.0,False
3040,82,6,4645.0,False
3040,86,14,4841.0,False
3040,92,16,5190.0,False
3040,100,18,5632.0,False
3040,102,8,5737.0,False
3040,107,11,5985.0,False
3040,109,17,6115.0,False
3040,110,10,6183.0,False
3040,111,2,6227.0,False
3040,112,12,6263.0,False
3040,119,1,6584.0,False
3040,120,3,6647.0,False
3040,122,5,6755.0,False
3040,123,19,6810.0,False
3041,39,7,2120.0,False
3041,40,4,2167.0,False
3041,42,0,2260.0,False
3041,67,14,3708.0,False
3041,69,18,3805.0,False
3041,74,12,4056.0,False
3041,87,17,4737.0,False
3041,88,9,4817.0,False
3041,90,3,4960.0,False
3041,95,11,5308.0,False
3041,97,6,5404.0,False
3041,99,1,5469.0,False
3041,111,13,6139.0,False
3041,112,10,6209.0,False
3041,113,15,6253.0,False
3041,116,19,6427.0,False
3041,119,16,6606.0,False
3041,121,2,6721.0,False
3041,122,5,6752.0,False
3041,123,8,6796.0,False
3042,32,0,1784.0,False
3042,35,7,1990.0,False
3042,49,6,2793.0,False
3042,65,11,3654.0,False
3042,68,1,3768.0,False
3042,80,15,4487.0,False
3042,82,19,4580.0,False
3042,86,4,4812.0,False
3042,87,9,4900.0,False
3042,98,2,5495.0,False
3042,100,8,5586.0,False
3042,101,10,5656.0,False
3042,108,3,6057.0,False
3042,110,13,6172.0,False
3042,112,5,6237.0,False
3042,114,18,6337.0,False
3042,115,12,6376.0,False
3042,119,17,6646.0,False
3042,121,14,6751.0,False
3042,123,16,6876.0,False
3043,27,6,1423.0,False
3043,50,7,2815.0,False
3043,65,10,3627.0,False
3043,68,0,3771.0,False
3043,79,8,4337.0,False
3043,83,2,4570.0,False
3043,86,18,4728.0,False
3043,91,19,5013.0,False
3043,93,12,5090.0,False
3043,96,5,5244.0,False
3043,98,9,5404.0,False
3043,104,17,5740.0,False
3043,105,3,5803.0,False
3043,107,4,5930.0,False
3043,108,11,6014.0,False
3043,115,14,6400.0,False
3043,116,13,6464.0,False
3043,117,16,6548.0,False
3043,122,1,6748.0,False
3043,123,15,6792.0,False
3044,46,9,2577.0,False
3044,49,7,2706.0,False
3044,55,0,3043.0,False
3044,59,17,3298.0,False
3044,68,6,3873.0,False
3044,76,10,4302.0,False
3044,80,1,4496.0,False
3044,81,18,4551.0,False
3044,91,19,5156.0,False
3044,96,2,5403.0,False
3044,100,12,5580.0,False
3044,101,16,5664.0,False
3044,103,8,5736.0,False
3044,107,5,5916.0,False
3044,114,4,6306.0,False
3044,115,15,6356.0,False
3044,116,3,6419.0,False
3044,121,13,6709.0,False
3044,122,14,6741.0,False
3044,123,11,6825.0,False
3045,38,7,2088.0,False
3045,39,0,2135.0,False
3045,55,10,2957.0,False
3045,57,4,3078.0,False
3045,67,19,3697.0,False
3045,72,2,3965.0,False
3045,83,18,4653.0,False
3045,90,13,5074.0,False
3045,91,9,5150.0,False
3045,97,6,5502.0,False
3045,102,15,5764.0,False
3045,104,12,5862.0,False
3045,105,16,5937.0,False
3045,109,8,6150.0,False
3045,111,17,6273.0,False
3045,113,14,6346.0,False
3045,117,3,6540.0,False
3045,120,5,6662.0,False
3045,121,1,6700.0,False
3045,123,11,6835.0,False
3046,46,0,2476.0,False
3046,58,7,3151.0,False
3046,61,10,3325.0,False
3046,65,6,3587.0,False
3046,67,8,3722.0,False
3046,73,17,4150.0,False
3046,80,14,4510.0,False
3046,82,15,4612.0,False
3046,91,19,5109.0,False
3046,95,1,5296.0,False
3046,101,16,5646.0,False
3046,103,18,5746.0,False
3046,107,2,5956.0,False
3046,112,4,6171.0,False
3046,114,5,6253.0,False
3046,115,11,6335.0,False
3046,116,12,6371.0,False
3046,117,9,6459.0,False
3046,120,3,6679.0,False
3046,123,13,6862.0,False
3047,29,10,1579.0,False
3047,37,7,2043.0,False
3047,40,0,2172.0,False
3047,69,17,3789.0,False
3047,70,12,3828.0,False
3047,71,2,3867.0,False
3047,86,16,4763.0,False
3047,97,8,5399.0,False
3047,98,15,5443.0,False
3047,99,19,5507.0,False
3047,101,18,5619.0,False
3047,104,9,5820.0,False
3047,105,4,5867.0,False
3047,106,14,5905.0,False
3047,107,6,5969.0,False
3047,112,5,6267.0,False
3047,113,13,6332.0,False
3047,118,3,6583.0,False
3047,121,11,6757.0,False
3047,123,1,6822.0,False
3048,22,7,1118.0,False
3048,32,0,1683.0,False
3048,54,18,2947.0,False
3048,60,10,3258.0,False
3048,78,6,4381.0,False
3048,86,4,4882.0,False
3048,90,14,5116.0,False
3048,94,17,5334.0,False
3048,96,3,5457.0,False
3048,98,16,5604.0,False
3048,104,8,5904.0,False
3048,105,19,5968.0,False
3048,107,12,6037.0,False
3048,108,5,6063.0,False
3048,113,11,6377.0,False
3048,114,2,6421.0,False
3048,120,9,6723.0,False
3048,121,15,6767.0,False
3048,122,13,6846.0,False
3048,123,1,6879.0,False
3049,36,7,1918.0,False
3049,63,8,3503.0,False
3049,64,6,3568.0,False
3049,65,0,3610.0,False
3049,70,17,3882.0,False
3049,86,5,4738.0,False
3049,87,1,4776.0,False
3049,95,9,5294.0,False
3049,99,18,5525.0,False
3049,100,10,5608.0,False
3049,102,4,5721.0,False
3049,103,12,5760.0,False
3049,105,14,5864.0,False
3049,108,3,6059.0,False
3049,112,13,6279.0,False
3049,113,19,6343.0,False
3049,117,16,6598.0,False
3049,118,2,6642.0,False
3049,120,15,6730.0,False
3049,123,11,6913.0,False
3050,28,7,1514.0,False
3050,50,12,2671.0,False
3050,52,0,2786.0,False
3050,67,10,3659.0,False
3050,71,5,3843.0,False
3050,81,8,4375.0,False
3050,82,9,4463.0,False
3050,89,15,4853.0,False
3050,91,17,4961.0,False
3050,92,14,4993.0,False
3050,97,18,5277.0,False
3050,99,13,5386.0,False
3050,102,16,5566.0,False
3050,108,1,5922.0,False
3050,111,3,6087.0,False
3050,113,2,6208.0,False
3050,117,19,6438.0,False
3050,118,6,6493.0,False
3050,119,4,6540.0,False
3050,123,11,6810.0,False
3051,39,7,2218.0,False
3051,44,4,2456.0,False
3051,53,0,2894.0,False
3051,80,18,4452.0,False
3051,81,12,4478.0,False
3051,83,13,4575.0,False
3051,87,6,4821.0,False
3051,96,10,5319.0,False
3051,97,3,5377.0,False
3051,99,16,5511.0,False
3051,100,15,5555.0,False
3051,102,8,5669.0,False
3051,108,2,5978.0,False
3051,109,11,6060.0,False
3051,113,19,6307.0,False
3051,114,14,6339.0,False
3051,115,17,6398.0,False
3051,118,1,6531.0,False
3051,122,9,6778.0,False
3051,123,5,6815.0,False
3052,39,0,2233.0,False
3052,40,7,2269.0,False
3052,42,14,2380.0,False
3052,52,4,2922.0,False
3052,63,1,3442.0,False
3052,75,10,4151.0,False
3052,80,19,4452.0,False
3052,82,17,4564.0,False
3052,88,9,4894.0,False
3052,94,2,5258.0,False
3052,95,16,5343.0,False
3052,99,8,5520.0,False
3052,101,12,5597.0,False
3052,103,18,5735.0,False
3052,112,3,6269.0,False
3052,114,6,6407.0,False
3052,119,5,6671.0,False
3052,120,13,6736.0,False
3052,122,11,6875.0,False
3052,123,15,6924.0,False
3053,36,7,1901.0,False
3053,64,4,3487.0,False
3053,65,0,3540.0,False
3053,72,10,3974.0,False
3053,80,13,4397.0,False
3053,83,1,4567.0,False
3053,86,8,4694.0,False
3053,92,17,5023.0,False
3053,100,5,5437.0,False
3053,102,3,5551.0,False
3053,103,12,5590.0,False
3053,107,19,5836.0,False
3053,110,16,6013.0,False
3053,112,9,6171.0,False
3053,114,2,6311.0,False
3053,116,18,6459.0,False
3053,118,15,6593.0,False
3053,120,6,6694.0,False
3053,122,11,6842.0,False
3053,123,14,6874.0,False
3054,27,0,1489.0,False
3054,28,7,1534.0,False
3054,47,17,2633.0,False
3054,57,9,3197.0,False
3054,66,6,3737.0,False
3054,73,4,4102.0,False
3054,80,1,4494.0,False
3054,82,2,4615.0,False
3054,83,13,4683.0,False
3054,87,18,4917.0,False
3054,94,12,5238.0,False
3054,95,10,5306.0,False
3054,101,8,5623.0,False
3054,102,3,5686.0,False
3054,107,19,6023.0,False
3054,111,16,6243.0,False
3054,115,15,6425.0,False
3054,117,14,6540.0,False
3054,120,5,6702.0,False
3054,123,11,6876.0,False
3055,28,0,1479.0,False
3055,44,7,2409.0,False
3055,56,12,3019.0,False
3055,58,8,3114.0,False
3055,60,19,3218.0,False
3055,70,6,3774.0,False
3055,80,2,4417.0,False
3055,82,10,4567.0,False
3055,86,17,4794.0,False
3055,88,15,4890.0,False
3055,95,4,5334.0,False
3055,97,14,5444.0,False
3055,98,18,5502.0,False
3055,107,9,6020.0,False
3055,110,13,6196.0,False
3055,111,16,6280.0,False
3055,115,11,6530.0,False
3055,118,5,6657.0,False
3055,120,1,6727.0,False
3055,123,3,6898.0,False
3056,20,7,975.0,False
3056,51,0,2813.0,False
3056,53,16,2958.0,False
3056,59,17,3367.0,False
3056,62,4,3489.0,False
3056,70,10,3852.0,False
3056,73,15,3982.0,False
3056,82,2,4537.0,False
3056,89,1,4948.0,False
3056,90,12,4974.0,False
3056,91,14,5006.0,False
3056,106,6,5899.0,False
3056,107,13,5964.0,False
3056,110,19,6110.0,False
3056,115,11,6420.0,False
3056,116,5,6457.0,False
3056,119,18,6609.0,False
3056,120,9,6697.0,False
3056,122,8,6812.0,False
3056,123,3,6875.0,False
3057,45,12,2293.0,False
3057,58,10,3083.0,False
3057,60,0,3183.0,False
3057,62,8,3304.0,False
3057,64,9,3452.0,False
3057,67,7,3580.0,False
3057,76,4,4156.0,False
3057,86,2,4750.0,False
3057,89,19,4944.0,False
3057,93,16,5205.0,False
3057,101,18,5632.0,False
3057,102,17,5703.0,False
3057,103,15,5752.0,False
3057,104,6,5816.0,False
3057,106,13,5939.0,False
3057,107,11,6023.0,False
3057,112,14,6284.0,False
3057,119,5,6603.0,False
3057,120,1,6641.0,False
3057,123,3,6812.0,False
3058,25,0,1324.0,False
3058,32,7,1675.0,False
3058,54,10,2887.0,False
3058,56,12,2992.0,False
3058,59,8,3146.0,False
3058,61,19,3306.0,False
3058,69,17,3765.0,False
3058,70,4,3812.0,False
3058,75,14,4096.0,False
3058,78,16,4268.0,False
3058,89,18,4938.0,False
3058,93,2,5198.0,False
3058,106,13,5936.0,False
3058,108,1,6033.0,False
3058,112,9,6241.0,False
3058,113,11,6338.0,False
3058,114,15,6387.0,False
3058,115,6,6451.0,False
3058,120,3,6741.0,False
3058,123,5,6867.0,False
3059,42,0,2170.0,False
3059,64,12,3420.0,False
3059,67,8,3595.0,False
3059,69,7,3680.0,False
3059,70,16,3764.0,False
3059,84,17,4655.0,False
3059,87,4,4836.0,False
3059,91,2,5041.0,False
3059,94,11,5227.0,False
3059,101,10,5628.0,False
3059,103,6,5774.0,False
3059,104,14,5811.0,False
3059,106,15,5924.0,False
3059,111,9,6197.0,False
3059,115,19,6440.0,False
3059,116,1,6478.0,False
3059,118,13,6605.0,False
3059,119,3,6670.0,False
3059,122,5,6816.0,False
3059,123,18,6874.0,False
3060,43,0,2258.0,False
3060,51,17,2800.0,False
3060,67,7,3726.0,False
3060,71,16,3992.0,False
3060,73,15,4102.0,False
3060,76,2,4285.0,False
3060,77,10,4355.0,False
3060,84,14,4735.0,False
3060,91,9,5199.0,False
3060,92,11,5296.0,False
3060,93,19,5360.0,False
3060,97,18,5602.0,False
3060,98,12,5641.0,False
3060,104,13,5985.0,False
3060,108,4,6200.0,False
3060,111,8,6366.0,False
3060,113,6,6474.0,False
3060,119,3,6800.0,False
3060,121,5,6872.0,False
3060,123,1,6942.0,False
3061,38,17,2096.0,False
3061,44,15,2425.0,False
3061,57,6,3174.0,False
3061,60,8,3283.0,False
3061,62,0,3398.0,False
3061,65,19,3563.0,False
3061,70,12,3794.0,False
3061,71,7,3839.0,False
3061,77,14,4230.0,False
3061,79,10,4360.0,False
3061,82,18,4507.0,False
3061,88,13,4848.0,False
3061,89,4,4895.0,False
3061,91,9,5016.0,False
3061,115,3,6412.0,False
3061,116,16,6496.0,False
3061,119,2,6645.0,False
3061,121,11,6780.0,False
3061,122,1,6818.0,False
3061,123,5,6853.0,False
3062,33,0,1831.0,False
3062,41,14,2336.0,False
3062,47,17,2662.0,False
3062,54,3,3067.0,False
3062,59,8,3349.0,False
3062,67,9,3781.0,False
3062,68,7,3812.0,False
3062,83,15,4682.0,False
3062,95,18,5348.0,False
3062,96,10,5418.0,False
3062,103,16,5742.0,False
3062,106,2,5914.0,False
3062,112,1,6200.0,False
3062,114,13,6343.0,False
3062,115,19,6407.0,False
3062,116,11,6491.0,False
3062,117,12,6517.0,False
3062,118,6,6572.0,False
3062,121,5,6725.0,False
3062,123,4,6846.0,False
3063,60,18,3317.0,False
3063,65,8,3646.0,False
3063,73,7,4051.0,False
3063,80,14,4370.0,False
3063,87,17,4764.0,False
3063,88,13,4832.0,False
3063,90,6,4956.0,False
3063,94,0,5150.0,False
3063,96,19,5300.0,False
3063,100,10,5589.0,False
3063,102,15,5697.0,False
3063,103,3,5760.0,False
3063,104,16,5830.0,False
3063,110,5,6081.0,False
3063,113,2,6250.0,False
3063,115,4,6352.0,False
3063,119,12,6554.0,False
3063,120,11,6651.0,False
3063,122,1,6716.0,False
3063,123,9,6804.0,False
3064,41,10,2233.0,False
3064,61,13,3300.0,False
3064,63,0,3408.0,False
3064,64,18,3475.0,False
3064,68,15,3680.0,False
3064,76,7,4094.0,False
3064,79,9,4316.0,False
3064,80,17,4387.0,False
3064,82,8,4493.0,False
3064,94,11,5190.0,False
3064,99,16,5525.0,False
3064,100,2,5575.0,False
3064,103,6,5776.0,False
3064,108,14,6081.0,False
3064,111,1,6234.0,False
3064,113,4,6345.0,False
3064,117,19,6566.0,False
3064,119,5,6631.0,False
3064,120,12,6667.0,False
3064,123,3,6860.0,False
3065,50,7,2791.0,False
3065,64,13,3583.0,False
3065,66,4,3678.0,False
3065,70,10,3945.0,False
3065,79,15,4397.0,False
3065,83,12,4590.0,False
3065,84,8,4629.0,False
3065,86,18,4733.0,False
3065,88,0,4816.0,False
3065,91,6,4999.0,False
3065,94,14,5146.0,False
3065,95,2,5194.0,False
3065,98,9,5353.0,False
3065,99,1,5386.0,False
3065,105,5,5715.0,False
3065,106,17,5774.0,False
3065,111,3,6039.0,False
3065,120,19,6555.0,False
3065,122,11,6716.0,False
3065,123,16,6800.0,False
3066,57,15,3138.0,False
3066,63,10,3488.0,False
3066,64,8,3532.0,False
3066,69,14,3775.0,False
3066,70,0,3826.0,False
3066,80,12,4489.0,False
3066,85,16,4792.0,False
3066,92,2,5149.0,False
3066,95,17,5352.0,False
3066,96,7,5388.0,False
3066,102,4,5679.0,False
3066,103,13,5744.0,False
3066,104,9,5820.0,False
3066,108,6,6024.0,False
3066,113,1,6275.0,False
3066,114,19,6340.0,False
3066,115,5,6375.0,False
3066,118,18,6564.0,False
3066,121,11,6753.0,False
3066,123,3,6875.0,False
3067,34,0,1826.0,False
3067,47,10,2536.0,False
3067,51,12,2760.0,False
3067,53,9,2890.0,False
3067,66,6,3773.0,False
3067,77,2,4389.0,False
3067,84,13,4770.0,False
3067,89,14,5023.0,False
3067,91,8,5112.0,False
3067,96,4,5360.0,False
3067,99,15,5515.0,False
3067,101,19,5616.0,False
3067,102,7,5661.0,False
3067,108,11,6058.0,False
3067,113,5,6337.0,False
3067,114,3,6400.0,False
3067,115,17,6464.0,False
3067,120,16,6745.0,False
3067,121,18,6812.0,False
3067,123,1,6877.0,False
3068,43,0,2344.0,False
3068,51,19,2754.0,False
3068,52,12,2793.0,False
3068,60,8,3202.0,False
3068,72,10,3822.0,False
3068,89,17,4880.0,False
3068,97,6,5332.0,False
3068,98,2,5380.0,False
3068,104,14,5722.0,False
3068,106,7,5815.0,False
3068,107,4,5862.0,False
3068,109,15,5997.0,False
3068,110,13,6061.0,False
3068,111,5,6096.0,False
3068,115,9,6297.0,False
3068,116,16,6381.0,False
3068,117,1,6414.0,False
3068,120,11,6612.0,False
3068,121,18,6670.0,False
3068,123,3,6792.0,False
3069,36,14,1982.0,False
3069,46,0,2564.0,False
3069,60,16,3350.0,False
3069,63,7,3483.0,False
3069,75,12,4162.0,False
3069,84,2,4699.0,False
3069,89,15,4990.0,False
3069,97,10,5447.0,False
3069,98,19,5512.0,False
3069,102,5,5683.0,False
3069,106,4,5920.0,False
3069,107,13,5985.0,False
3069,109,8,6098.0,False
3069,110,17,6162.0,False
3069,111,3,6225.0,False
3069,114,6,6394.0,False
3069,115,9,6467.0,False
3069,119,18,6689.0,False
3069,120,1,6722.0,False
3069,123,11,6898.0,False
3070,63,9,3600.0,False
3070,65,0,3722.0,False
3070,71,13,4044.0,False
3070,72,2,4088.0,False
3070,74,17,4208.0,False
3070,81,19,4631.0,False
3070,85,16,4821.0,False
3070,86,8,4868.0,False
3070,88,10,4975.0,False
3070,96,6,5426.0,False
3070,103,15,5789.0,False
3070,104,12,5815.0,False
3070,105,1,5848.0,False
3070,108,14,6005.0,False
3070,116,5,6397.0,False
3070,117,4,6444.0,False
3070,118,7,6480.0,False
3070,120,18,6609.0,False
3070,122,11,6746.0,False
3070,123,3,6804.0,False
3071,47,19,2665.0,False
3071,61,10,3413.0,False
3071,71,7,3931.0,False
3071,72,14,3968.0,False
3071,77,2,4281.0,False
3071,80,4,4445.0,False
3071,87,12,4815.0,False
3071,89,8,4901.0,False
3071,90,15,4945.0,False
3071,93,0,5101.0,False
3071,97,9,5307.0,False
3071,98,17,5378.0,False
3071,99,13,5446.0,False
3071,107,16,5941.0,False
3071,109,6,6062.0,False
3071,112,5,6209.0,False
3071,118,11,6554.0,False
3071,121,3,6726.0,False
3071,122,1,6764.0,False
3071,123,18,6820.0,False
3072,58,14,3210.0,False
3072,59,0,3261.0,False
3072,66,10,3660.0,False
3072,71,7,3923.0,False
3072,84,4,4622.0,False
3072,85,8,4669.0,False
3072,86,19,4733.0,False
3072,87,9,4813.0,False
3072,89,18,4949.0,False
3072,90,13,5014.0,False
3072,101,17,5657.0,False
3072,102,11,5739.0,False
3072,108,12,6055.0,False
3072,109,2,6094.0,False
3072,110,1,6132.0,False
3072,112,15,6249.0,False
3072,115,16,6450.0,False
3072,119,6,6653.0,False
3072,121,3,6780.0,False
3072,123,5,6875.0,False
3073,29,15,1577.0,False
3073,51,7,2781.0,False
3073,53,0,2889.0,False
3073,70,12,3806.0,False
3073,84,14,4541.0,False
3073,93,16,5090.0,False
3073,98,3,5396.0,False
3073,99,1,5434.0,False
3073,100,11,5516.0,False
3073,101,9,5604.0,False
3073,103,13,5738.0,False
3073,104,4,5785.0,False
3073,105,8,5832.0,False
3073,110,6,6134.0,False
3073,112,10,6280.0,False
3073,115,2,6429.0,False
3073,116,19,6494.0,False
3073,117,17,6553.0,False
3073,118,5,6584.0,False
3073,123,18,6853.0,False
3074,44,12,2352.0,False
3074,50,4,2682.0,False
3074,68,11,3749.0,False
3074,70,19,3840.0,False
3074,72,0,3970.0,False
3074,76,14,4174.0,False
3074,82,10,4529.0,False
3074,85,2,4693.0,False
3074,86,17,4752.0,False
3074,94,7,5175.0,False
3074,96,13,5335.0,False
3074,98,15,5437.0,False
3074,101,9,5667.0,False
3074,106,16,5961.0,False
3074,111,8,6197.0,False
3074,112,6,6262.0,False
3074,114,5,6362.0,False
3074,119,18,6649.0,False
3074,121,3,6749.0,False
3074,123,1,6814.0,False
3075,46,13,2475.0,False
3075,54,0,2942.0,False
3075,67,15,3674.0,False
3075,69,12,3745.0,False
3075,82,14,4545.0,False
3075,88,8,4848.0,False
3075,90,6,4948.0,False
3075,91,4,4995.0,False
3075,96,10,5299.0,False
3075,98,5,5368.0,False
3075,102,2,5547.0,False
3075,106,7,5733.0,False
3075,107,17,5792.0,False
3075,110,11,6050.0,False
3075,111,19,6105.0,False
3075,114,9,6302.0,False
3075,115,1,6341.0,False
3075,119,16,6597.0,False
3075,121,3,6711.0,False
3075,123,18,6827.0,False
3076,52,12,2748.0,False
3076,53,13,2816.0,False
3076,63,2,3396.0,False
3076,69,15,3731.0,False
3076,73,4,3935.0,False
3076,74,7,3969.0,False
3076,79,14,4274.0,False
3076,94,0,5137.0,False
3076,97,19,5304.0,False
3076,101,5,5496.0,False
3076,103,10,5619.0,False
3076,106,11,5779.0,False
3076,107,17,5838.0,False
3076,108,18,5896.0,False
3076,110,16,6031.0,False
3076,115,6,6353.0,False
3076,118,1,6480.0,False
3076,121,8,6656.0,False
3076,122,9,6736.0,False
3076,123,3,6806.0,False
3077,50,7,2821.0,False
3077,53,17,2965.0,False
3077,54,0,3016.0,False
3077,73,9,3992.0,False
3077,74,8,4039.0,False
3077,83,2,4524.0,False
3077,87,10,4791.0,False
3077,89,19,4901.0,False
3077,94,5,5236.0,False
3077,96,1,5327.0,False
3077,99,13,5500.0,False
3077,101,12,5584.0,False
3077,103,11,5711.0,False
3077,105,14,5803.0,False
3077,112,6,6192.0,False
3077,116,18,6438.0,False
3077,117,15,6487.0,False
3077,121,3,6739.0,False
3077,122,4,6778.0,False
3077,123,16,6853.0,False
3078,37,12,2006.0,False
3078,56,0,3150.0,False
3078,62,7,3436.0,False
3078,80,8,4381.0,False
3078,81,10,4464.0,False
3078,89,13,4956.0,False
3078,92,16,5137.0,False
3078,96,2,5371.0,False
3078,99,4,5512.0,False
3078,101,15,5642.0,False
3078,103,14,5733.0,False
3078,110,11,6198.0,False
3078,112,5,6292.0,False
3078,113,6,6357.0,False
3078,116,1,6471.0,False
3078,117,3,6534.0,False
3078,119,9,6677.0,False
3078,120,17,6748.0,False
3078,121,19,6803.0,False
3078,123,18,6919.0,False
3079,42,7,2285.0,False
3079,43,12,2324.0,False
3079,48,0,2596.0,False
3079,78,1,4236.0,False
3079,84,6,4622.0,False
3079,88,4,4827.0,False
3079,93,14,5103.0,False
3079,94,17,5169.0,False
3079,100,9,5514.0,False
3079,102,19,5620.0,False
3079,104,16,5739.0,False
3079,106,8,5858.0,False
3079,110,13,6092.0,False
3079,112,2,6204.0,False
3079,113,15,6253.0,False
3079,115,10,6361.0,False
3079,118,18,6525.0,False
3079,120,5,6597.0,False
3079,121,3,6660.0,False
3079,123,11,6797.0,False
3080,45,7,2495.0,False
3080,60,12,3263.0,False
3080,72,17,3896.0,False
3080,74,0,4032.0,False
3080,79,10,4304.0,False
3080,83,8,4509.0,False
3080,88,13,4846.0,False
3080,92,15,5073.0,False
3080,94,11,5212.0,False
3080,95,5,5243.0,False
3080,105,4,5758.0,False
3080,106,9,5838.0,False
3080,108,1,5948.0,False
3080,109,6,6012.0,False
3080,115,19,6375.0,False
3080,116,3,6438.0,False
3080,117,16,6513.0,False
3080,118,18,6580.0,False
3080,119,2,6628.0,False
3080,123,14,6875.0,False
3081,26,12,1339.0,False
3081,54,13,2977.0,False
3081,56,0,3092.0,False
3081,58,19,3217.0,False
3081,62,17,3490.0,False
3081,66,14,3710.0,False
3081,70,7,3874.0,False
3081,76,15,4167.0,False
3081,84,1,4534.0,False
3081,92,5,4935.0,False
3081,96,11,5212.0,False
3081,99,4,5339.0,False
3081,100,10,5394.0,False
3081,106,2,5816.0,False
3081,109,8,5955.0,False
3081,112,6,6189.0,False
3081,118,18,6515.0,False
3081,120,16,6670.0,False
3081,121,3,6733.0,False
3081,123,9,6863.0,False
3082,41,17,2288.0,False
3082,66,7,3655.0,False
3082,69,19,3836.0,False
3082,70,12,3872.0,False
3082,71,1,3905.0,False
3082,75,10,4117.0,False
3082,79,14,4312.0,False
3082,80,18,4367.0,False
3082,95,8,5178.0,False
3082,99,5,5382.0,False
3082,100,6,5447.0,False
3082,101,3,5495.0,False
3082,103,4,5580.0,False
3082,114,9,6295.0,False
3082,115,13,6374.0,False
3082,116,0,6421.0,False
3082,119,2,6557.0,False
3082,120,11,6641.0,False
3082,121,16,6725.0,False
3082,123,15,6813.0,False
3083,21,7,1090.0,False
3083,38,17,2159.0,False
3083,48,12,2726.0,False
3083,50,14,2854.0,False
3083,66,19,3773.0,False
3083,73,9,4200.0,False
3083,78,5,4454.0,False
3083,84,0,4722.0,False
3083,88,4,4957.0,False
3083,90,13,5116.0,False
3083,92,11,5255.0,False
3083,109,3,6191.0,False
3083,111,1,6263.0,False
3083,112,2,6311.0,False
3083,113,18,6366.0,False
3083,115,6,6489.0,False
3083,117,16,6614.0,False
3083,119,8,6693.0,False
3083,122,15,6834.0,False
3083,123,10,6904.0,False
3084,29,7,1652.0,False
3084,42,9,2434.0,False
3084,58,17,3215.0,False
3084,72,1,3961.0,False
3084,73,12,3987.0,False
3084,84,13,4583.0,False
3084,85,18,4639.0,False
3084,86,10,4709.0,False
3084,104,11,5723.0,False
3084,106,19,5830.0,False
3084,107,8,5864.0,False
3084,108,14,5896.0,False
3084,111,2,6084.0,False
3084,112,5,6115.0,False
3084,114,6,6214.0,False
3084,116,0,6336.0,False
3084,118,4,6472.0,False
3084,119,3,6542.0,False
3084,120,15,6592.0,False
3084,123,16,6776.0,False
3085,16,7,823.0,False
3085,42,17,2364.0,False
3085,67,2,3775.0,False
3085,70,19,3961.0,False
3085,73,12,4102.0,False
3085,74,8,4141.0,False
3085,75,10,4211.0,False
3085,82,11,4629.0,False
3085,86,9,4848.0,False
3085,88,4,4925.0,False
3085,91,13,5120.0,False
3085,99,14,5528.0,False
3085,104,3,5845.0,False
3085,107,0,5986.0,False
3085,110,15,6106.0,False
3085,113,6,6303.0,False
3085,115,1,6386.0,False
3085,118,5,6537.0,False
3085,119,16,6622.0,False
3085,123,18,6853.0,False
3086,16,7,823.0,False
3086,53,9,2967.0,False
3086,61,4,3474.0,False
3086,70,0,3913.0,False
3086,76,12,4226.0,False
3086,81,17,4523.0,False
3086,83,5,4614.0,False
3086,86,6,4780.0,False
3086,88,8,4852.0,False
3086,92,11,5119.0,False
3086,97,2,5412.0,False
3086,98,13,5476.0,False
3086,103,10,5784.0,False
3086,108,1,5986.0,False
3086,111,14,6130.0,False
3086,113,19,6227.0,False
3086,114,15,6277.0,False
3086,118,3,6567.0,False
3086,121,16,6748.0,False
3086,123,18,6864.0,False
3087,24,7,1265.0,False
3087,53,4,3019.0,False
3087,55,12,3114.0,False
3087,63,5,3560.0,False
3087,78,17,4382.0,False
3087,87,0,4859.0,False
3087,91,6,5099.0,False
3087,93,3,5208.0,False
3087,98,13,5472.0,False
3087,101,11,5655.0,False
3087,102,19,5719.0,False
3087,103,10,5774.0,False
3087,104,9,5862.0,False
3087,106,15,5964.0,False
3087,107,18,6022.0,False
3087,111,14,6264.0,False
3087,113,8,6355.0,False
3087,118,2,6637.0,False
3087,121,1,6775.0,False
3087,123,16,6900.0,False
3088,27,7,1464.0,False
3088,48,13,2691.0,False
3088,65,15,3614.0,False
3088,74,17,4069.0,False
3088,79,0,4336.0,False
3088,82,12,4444.0,False
3088,94,19,5085.0,False
3088,96,2,5199.0,False
3088,97,18,5255.0,False
3088,106,5,5821.0,False
3088,109,3,5982.0,False
3088,110,8,6029.0,False
3088,111,1,6062.0,False
3088,112,11,6144.0,False
3088,115,6,6341.0,False
3088,116,4,6388.0,False
3088,117,9,6461.0,False
3088,120,10,6644.0,False
3088,122,14,6759.0,False
3088,123,16,6843.0,False
3089,40,7,2282.0,False
3089,47,12,2632.0,False
3089,60,5,3259.0,False
3089,62,17,3398.0,False
3089,63,13,3466.0,False
3089,73,9,4032.0,False
3089,77,0,4210.0,False
3089,98,15,5396.0,False
3089,99,2,5444.0,False
3089,101,18,5571.0,False
3089,106,10,5930.0,False
3089,107,3,5988.0,False
3089,108,6,6052.0,False
3089,109,4,6099.0,False
3089,116,11,6487.0,False
3089,117,14,6519.0,False
3089,118,8,6553.0,False
3089,120,1,6618.0,False
3089,121,19,6682.0,False
3089,123,16,6807.0,False
3090,29,7,1602.0,False
3090,40,14,2245.0,False
3090,45,12,2471.0,False
3090,69,9,3855.0,False
3090,75,17,4189.0,False
3090,80,1,4431.0,False
3090,85,13,4761.0,False
3090,90,5,5000.0,False
3090,98,4,5439.0,False
3090,101,2,5560.0,False
3090,102,8,5604.0,False
3090,104,16,5748.0,False
3090,106,10,5879.0,False
3090,110,11,6167.0,False
3090,111,15,6211.0,False
3090,114,0,6336.0,False
3090,118,3,6601.0,False
3090,119,6,6666.0,False
3090,121,19,6777.0,False
3090,123,18,6893.0,False
3091,25,7,1258.0,False
3091,28,12,1372.0,False
3091,57,14,3094.0,False
3091,68,15,3739.0,False
3091,70,9,3884.0,False
3091,87,13,4939.0,False
3091,89,6,5050.0,False
3091,94,8,5297.0,False
3091,95,17,5363.0,False
3091,96,18,5419.0,False
3091,98,10,5542.0,False
3091,99,4,5588.0,False
3091,101,5,5674.0,False
3091,103,3,5796.0,False
3091,106,16,6011.0,False
3091,111,2,6277.0,False
3091,117,1,6526.0,False
3091,118,0,6577.0,False
3091,119,11,6661.0,False
3091,123,19,6908.0,False
3092,53,4,2944.0,False
3092,55,12,3021.0,False
3092,56,15,3065.0,False
3092,61,9,3341.0,False
3092,64,7,3475.0,False
3092,80,13,4337.0,False
3092,82,1,4417.0,False
3092,88,5,4736.0,False
3092,91,10,4960.0,False
3092,94,17,5127.0,False
3092,103,2,5630.0,False
3092,105,11,5773.0,False
3092,106,8,5817.0,False
3092,110,16,6098.0,False
3092,113,14,6260.0,False
3092,114,6,6324.0,False
3092,115,0,6375.0,False
3092,119,19,6583.0,False
3092,120,18,6650.0,False
3092,123,3,6834.0,False
3093,37,12,1943.0,False
3093,63,5,3382.0,False
3093,65,7,3479.0,False
3093,67,17,3621.0,False
3093,74,14,3976.0,False
3093,79,15,4229.0,False
3093,80,9,4302.0,False
3093,83,3,4513.0,False
3093,96,11,5206.0,False
3093,97,8,5250.0,False
3093,98,1,5283.0,False
3093,99,0,5334.0,False
3093,102,13,5508.0,False
3093,110,2,5979.0,False
3093,113,4,6167.0,False
3093,114,10,6250.0,False
3093,115,19,6305.0,False
3093,117,6,6441.0,False
3093,121,16,6691.0,False
3093,123,18,6807.0,False
3094,33,9,1908.0,False
3094,38,12,2103.0,False
3094,61,17,3291.0,False
3094,66,7,3554.0,False
3094,71,2,3856.0,False
3094,78,4,4309.0,False
3094,85,11,4666.0,False
3094,89,1,4940.0,False
3094,92,14,5118.0,False
3094,96,15,5306.0,False
3094,100,5,5527.0,False
3094,103,19,5706.0,False
3094,104,8,5750.0,False
3094,112,13,6166.0,False
3094,117,6,6442.0,False
3094,118,3,6505.0,False
3094,119,16,6580.0,False
3094,120,10,6648.0,False
3094,121,0,6699.0,False
3094,123,18,6815.0,False
3095,15,12,754.0,False
3095,34,7,1808.0,False
3095,58,9,3201.0,False
3095,81,11,4466.0,False
3095,84,0,4660.0,False
3095,85,17,4731.0,False
3095,86,4,4778.0,False
3095,87,8,4825.0,False
3095,97,6,5376.0,False
3095,105,10,5908.0,False
3095,107,5,6001.0,False
3095,108,2,6045.0,False
3095,110,14,6133.0,False
3095,112,15,6224.0,False
3095,113,13,6288.0,False
3095,114,16,6363.0,False
3095,116,1,6454.0,False
3095,120,3,6679.0,False
3095,121,18,6735.0,False
3095,123,19,6862.0,False
3096,51,7,2742.0,False
3096,53,9,2894.0,False
3096,56,4,3018.0,False
3096,57,12,3057.0,False
3096,65,17,3533.0,False
3096,87,1,4745.0,False
3096,91,2,4922.0,False
3096,94,13,5117.0,False
3096,97,8,5281.0,False
3096,100,3,5464.0,False
3096,102,15,5578.0,False
3096,105,5,5712.0,False
3096,108,16,5918.0,False
3096,112,10,6184.0,False
3096,115,11,6351.0,False
3096,116,18,6409.0,False
3096,118,19,6520.0,False
3096,119,0,6567.0,False
3096,121,14,6687.0,False
3096,123,6,6823.0,False
3097,36,12,1930.0,False
3097,69,15,3804.0,False
3097,76,7,4150.0,False
3097,77,8,4197.0,False
3097,79,13,4320.0,False
3097,89,10,4940.0,False
3097,95,3,5234.0,False
3097,96,17,5298.0,False
3097,97,18,5365.0,False
3097,99,1,5441.0,False
3097,105,11,5812.0,False
3097,107,4,5906.0,False
3097,109,5,6009.0,False
3097,110,19,6073.0,False
3097,111,2,6117.0,False
3097,116,14,6429.0,False
3097,118,9,6552.0,False
3097,120,16,6693.0,False
3097,122,0,6776.0,False
3097,123,6,6831.0,False
3098,43,12,2282.0,False
3098,55,8,2936.0,False
3098,56,17,2995.0,False
3098,67,3,3654.0,False
3098,68,18,3709.0,False
3098,72,9,3961.0,False
3098,80,0,4376.0,False
3098,81,1,4414.0,False
3098,82,15,4458.0,False
3098,104,13,5701.0,False
3098,109,4,6012.0,False
3098,111,7,6112.0,False
3098,113,6,6249.0,False
3098,114,10,6332.0,False
3098,115,5,6369.0,False
3098,116,19,6424.0,False
3098,119,2,6580.0,False
3098,121,11,6747.0,False
3098,122,14,6784.0,False
3098,123,16,6868.0,False
3099,40,9,2200.0,False
3099,50,7,2701.0,False
3099,55,12,2945.0,False
3099,60,1,3191.0,False
3099,63,14,3323.0,False
3099,72,0,3829.0,False
3099,87,3,4692.0,False
3099,88,10,4760.0,False
3099,89,19,4824.0,False
3099,91,17,4926.0,False
3099,98,4,5357.0,False
3099,99,15,5407.0,False
3099,103,2,5668.0,False
3099,108,18,5955.0,False
3099,113,11,6244.0,False
3099,116,5,6385.0,False
3099,117,16,6469.0,False
3099,118,13,6534.0,False
3099,122,6,6782.0,False
3099,123,8,6829.0,False
3100,53,12,2874.0,False
3100,59,1,3165.0,False
3100,63,7,3411.0,False
3100,67,19,3651.0,False
3100,72,4,3944.0,False
3100,73,17,4015.0,False
3100,75,18,4117.0,False
3100,76,14,4154.0,False
3100,80,6,4423.0,False
3100,92,15,5054.0,False
3100,94,2,5179.0,False
3100,95,9,5267.0,False
3100,96,8,5311.0,False
3100,99,10,5480.0,False
3100,107,13,5971.0,False
3100,114,16,6392.0,False
3100,115,11,6476.0,False
3100,117,3,6598.0,False
3100,120,5,6734.0,False
3100,123,0,6871.0,False
3101,35,12,1811.0,False
3101,39,9,2107.0,False
3101,43,14,2336.0,False
3101,54,0,2961.0,False
3101,74,8,4105.0,False
3101,88,7,4877.0,False
3101,89,17,4943.0,False
3101,94,19,5223.0,False
3101,98,11,5483.0,False
3101,100,18,5591.0,False
3101,105,3,5858.0,False
3101,108,6,6038.0,False
3101,109,10,6108.0,False
3101,111,4,6229.0,False
3101,112,1,6268.0,False
3101,114,16,6396.0,False
3101,118,2,6587.0,False
3101,120,13,6721.0,False
3101,122,15,6809.0,False
3101,123,5,6844.0,False
3102,46,4,2422.0,False
3102,53,18,2930.0,False
3102,66,7,3609.0,False
3102,71,12,3889.0,False
3102,78,19,4275.0,False
3102,80,14,4401.0,False
3102,84,10,4677.0,False
3102,86,8,4776.0,False
3102,90,2,4965.0,False
3102,91,6,5020.0,False
3102,95,9,5283.0,False
3102,96,1,5316.0,False
3102,111,0,6101.0,False
3102,114,11,6290.0,False
3102,118,17,6523.0,False
3102,119,15,6573.0,False
3102,120,16,6657.0,False
3102,121,5,6692.0,False
3102,122,13,6760.0,False
3102,123,3,6825.0,False
3103,29,12,1550.0,False
3103,47,7,2588.0,False
3103,54,9,3043.0,False
3103,61,17,3416.0,False
3103,80,4,4480.0,False
3103,88,14,4904.0,False
3103,94,0,5222.0,False
3103,95,6,5277.0,False
3103,97,18,5397.0,False
3103,98,5,5428.0,False
3103,104,16,5787.0,False
3103,105,2,5837.0,False
3103,107,8,5976.0,False
3103,113,3,6291.0,False
3103,114,15,6335.0,False
3103,115,10,6403.0,False
3103,119,11,6628.0,False
3103,121,1,6715.0,False
3103,122,19,6770.0,False
3103,123,13,6835.0,False
3104,26,9,1426.0,False
3104,30,12,1609.0,False
3104,45,17,2412.0,False
3104,55,8,2980.0,False
3104,62,7,3390.0,False
3104,64,19,3528.0,False
3104,82,16,4610.0,False
3104,84,4,4726.0,False
3104,88,14,4986.0,False
3104,90,13,5115.0,False
3104,93,0,5268.0,False
3104,96,3,5455.0,False
3104,101,18,5725.0,False
3104,104,1,5827.0,False
3104,113,5,6269.0,False
3104,115,15,6356.0,False
3104,116,11,6453.0,False
3104,117,6,6518.0,False
3104,122,10,6790.0,False
3104,123,2,6838.0,False
3105,30,12,1487.0,False
3105,42,9,2235.0,False
3105,56,17,3093.0,False
3105,61,18,3397.0,False
3105,64,4,3585.0,False
3105,65,14,3623.0,False
3105,73,7,4081.0,False
3105,93,6,5251.0,False
3105,96,15,5403.0,False
3105,97,19,5468.0,False
3105,98,3,5538.0,False
3105,102,11,5808.0,False
3105,108,13,6103.0,False
3105,109,5,6138.0,False
3105,110,8,6182.0,False
3105,117,2,6534.0,False
3105,118,0,6581.0,False
3105,120,10,6717.0,False
3105,122,1,6806.0,False
3105,123,16,6881.0,False
3106,8,12,301.0,False
3106,57,7,3149.0,False
3106,73,17,4094.0,False
3106,79,4,4400.0,False
3106,81,8,4494.0,False
3106,84,6,4641.0,False
3106,85,9,4714.0,False
3106,90,13,5010.0,False
3106,98,3,5463.0,False
3106,99,16,5547.0,False
3106,100,18,5614.0,False
3106,109,10,6124.0,False
3106,112,1,6253.0,False
3106,113,0,6304.0,False
3106,114,19,6359.0,False
3106,116,11,6505.0,False
3106,118,5,6582.0,False
3106,121,15,6753.0,False
3106,122,14,6785.0,False
3106,123,2,6833.0,False
3107,30,12,1520.0,False
3107,58,7,3180.0,False
3107,71,16,3988.0,False
3107,80,0,4425.0,False
3107,82,15,4533.0,False
3107,85,14,4693.0,False
3107,87,19,4806.0,False
3107,90,17,5013.0,False
3107,92,3,5149.0,False
3107,93,4,5195.0,False
3107,94,9,5275.0,False
3107,96,10,5415.0,False
3107,107,18,6001.0,False
3107,108,13,6066.0,False
3107,114,2,6377.0,False
3107,115,5,6408.0,False
3107,117,6,6546.0,False
3107,120,1,6662.0,False
3107,122,11,6814.0,False
3107,123,8,6848.0,False
3108,24,12,1215.0,False
3108,26,9,1345.0,False
3108,53,4,2944.0,False
3108,70,8,3954.0,False
3108,74,19,4183.0,False
3108,84,13,4748.0,False
3108,87,1,4863.0,False
3108,90,10,5076.0,False
3108,92,0,5176.0,False
3108,93,7,5212.0,False
3108,97,17,5453.0,False
3108,101,16,5660.0,False
3108,105,3,5901.0,False
3108,106,11,5983.0,False
3108,107,6,6048.0,False
3108,113,5,6352.0,False
3108,117,14,6545.0,False
3108,120,2,6706.0,False
3108,121,18,6764.0,False
3108,123,15,6852.0,False
3109,29,12,1543.0,False
3109,47,7,2579.0,False
3109,53,9,2917.0,False
3109,70,10,3875.0,False
3109,79,15,4349.0,False
3109,81,11,4475.0,False
3109,84,0,4685.0,False
3109,88,4,4860.0,False
3109,98,19,5498.0,False
3109,99,14,5535.0,False
3109,103,16,5782.0,False
3109,104,5,5808.0,False
3109,105,6,5863.0,False
3109,110,13,6154.0,False
3109,113,17,6341.0,False
3109,114,1,6379.0,False
3109,115,18,6435.0,False
3109,119,8,6636.0,False
3109,122,2,6810.0,False
3109,123,3,6873.0,False
3110,24,12,1230.0,False
3110,44,0,2426.0,False
3110,56,14,3215.0,False
3110,61,11,3473.0,False
3110,66,8,3703.0,False
3110,70,17,3896.0,False
3110,72,5,3968.0,False
3110,79,19,4349.0,False
3110,81,9,4521.0,False
3110,82,10,4604.0,False
3110,91,4,5113.0,False
3110,110,18,6226.0,False
3110,111,7,6262.0,False
3110,114,3,6441.0,False
3110,115,16,6525.0,False
3110,116,13,6593.0,False
3110,118,6,6685.0,False
3110,120,1,6750.0,False
3110,121,2,6798.0,False
3110,123,15,6886.0,False
3111,29,12,1489.0,False
3111,47,7,2417.0,False
3111,62,17,3272.0,False
3111,65,0,3441.0,False
3111,71,9,3771.0,False
3111,76,8,4130.0,False
3111,79,19,4296.0,False
3111,81,18,4401.0,False
3111,94,16,5158.0,False
3111,98,5,5368.0,False
3111,100,11,5511.0,False
3111,101,2,5555.0,False
3111,107,6,5929.0,False
3111,108,10,6012.0,False
3111,110,4,6125.0,False
3111,111,3,6195.0,False
3111,117,13,6501.0,False
3111,119,14,6616.0,False
3111,120,15,6660.0,False
3111,123,1,6757.0,False
3112,29,12,1525.0,False
3112,63,10,3459.0,False
3112,81,15,4481.0,False
3112,82,18,4537.0,False
3112,88,0,4874.0,False
3112,92,7,5039.0,False
3112,94,5,5121.0,False
3112,97,8,5264.0,False
3112,103,11,5730.0,False
3112,107,9,5993.0,False
3112,109,4,6098.0,False
3112,110,6,6162.0,False
3112,111,16,6237.0,False
3112,112,19,6292.0,False
3112,113,14,6330.0,False
3112,114,17,6401.0,False
3112,116,3,6528.0,False
3112,117,13,6596.0,False
3112,120,2,6755.0,False
3112,123,1,6857.0,False
3113,33,12,1701.0,False
3113,39,8,2007.0,False
3113,42,19,2211.0,False
3113,53,16,2945.0,False
3113,54,7,2990.0,False
3113,81,2,4571.0,False
3113,83,13,4694.0,False
3113,84,6,4758.0,False
3113,86,11,4872.0,False
3113,88,0,4965.0,False
3113,91,14,5134.0,False
3113,96,5,5364.0,False
3113,104,10,5781.0,False
3113,107,1,5915.0,False
3113,112,15,6193.0,False
3113,115,3,6373.0,False
3113,117,9,6503.0,False
3113,120,4,6643.0,False
3113,122,18,6742.0,False
3113,123,17,6813.0,False
3114,26,9,1435.0,False
3114,50,7,2726.0,False
3114,60,12,3233.0,False
3114,66,0,3584.0,False
3114,78,10,4318.0,False
3114,81,2,4509.0,False
3114,82,4,4556.0,False
3114,93,8,5154.0,False
3114,97,19,5395.0,False
3114,99,5,5486.0,False
3114,105,11,5910.0,False
3114,106,14,5948.0,False
3114,107,16,6033.0,False
3114,115,13,6496.0,False
3114,116,1,6534.0,False
3114,118,6,6636.0,False
3114,119,18,6703.0,False
3114,120,3,6768.0,False
3114,122,15,6851.0,False
3114,123,17,6915.0,False
3115,33,12,1815.0,False
3115,43,8,2350.0,False
3115,51,9,2776.0,False
3115,56,4,3083.0,False
3115,76,7,4134.0,False
3115,79,0,4309.0,False
3115,83,17,4553.0,False
3115,86,19,4729.0,False
3115,88,5,4846.0,False
3115,94,11,5230.0,False
3115,97,13,5386.0,False
3115,107,10,5995.0,False
3115,108,6,6050.0,False
3115,109,1,6089.0,False
3115,111,16,6217.0,False
3115,112,15,6266.0,False
3115,113,2,6314.0,False
3115,119,18,6628.0,False
3115,122,3,6833.0,False
3115,123,14,6870.0,False
3116,28,12,1598.0,False
3116,37,7,2064.0,False
3116,39,9,2214.0,False
3116,57,4,3164.0,False
3116,68,0,3732.0,False
3116,75,13,4129.0,False
3116,78,2,4287.0,False
3116,83,11,4630.0,False
3116,89,8,5000.0,False
3116,90,19,5064.0,False
3116,102,17,5740.0,False
3116,105,5,5851.0,False
3116,111,14,6225.0,False
3116,113,10,6333.0,False
3116,114,15,6377.0,False
3116,115,6,6432.0,False
3116,118,3,6598.0,False
3116,119,16,6673.0,False
3116,121,1,6744.0,False
3116,123,18,6860.0,False
3117,40,12,2138.0,False
3117,50,7,2696.0,False
3117,62,19,3459.0,False
3117,71,9,3964.0,False
3117,76,4,4207.0,False
3117,78,2,4299.0,False
3117,82,8,4458.0,False
3117,84,1,4546.0,False
3117,87,5,4677.0,False
3117,88,0,4724.0,False
3117,98,10,5401.0,False
3117,102,6,5671.0,False
3117,109,15,6049.0,False
3117,110,11,6133.0,False
3117,112,14,6234.0,False
3117,114,18,6350.0,False
3117,116,3,6472.0,False
3117,121,16,6765.0,False
3117,122,17,6831.0,False
3117,123,13,6899.0,False
3118,47,7,2594.0,False
3118,54,19,3007.0,False
3118,56,4,3128.0,False
3118,65,12,3514.0,False
3118,70,10,3802.0,False
3118,71,9,3890.0,False
3118,74,8,4077.0,False
3118,79,15,4342.0,False
3118,85,13,4725.0,False
3118,90,5,5009.0,False
3118,99,3,5504.0,False
3118,100,2,5552.0,False
3118,104,18,5735.0,False
3118,110,0,6038.0,False
3118,111,11,6122.0,False
3118,113,1,6207.0,False
3118,116,6,6435.0,False
3118,118,17,6548.0,False
3118,122,14,6776.0,False
3118,123,16,6851.0,False
3119,32,9,1726.0,False
3119,50,15,2765.0,False
3119,55,12,3001.0,False
3119,60,14,3248.0,False
3119,68,7,3722.0,False
3119,74,0,4054.0,False
3119,78,5,4243.0,False
3119,89,10,4865.0,False
3119,90,8,4912.0,False
3119,92,6,5017.0,False
3119,93,4,5051.0,False
3119,101,13,5580.0,False
3119,102,3,5645.0,False
3119,106,17,5874.0,False
3119,113,1,6247.0,False
3119,116,16,6432.0,False
3119,117,2,6480.0,False
3119,118,11,6564.0,False
3119,121,18,6726.0,False
3119,123,19,6853.0,False
3120,43,7,2378.0,False
3120,44,12,2409.0,False
3120,45,0,2451.0,False
3120,57,13,3180.0,False
3120,61,4,3454.0,False
3120,65,19,3746.0,False
3120,72,6,4062.0,False
3120,81,9,4548.0,False
3120,84,5,4657.0,False
3120,86,15,4745.0,False
3120,90,1,4934.0,False
3120,91,17,4998.0,False
3120,104,18,5689.0,False
3120,105,11,5773.0,False
3120,106,2,5812.0,False
3120,111,10,6112.0,False
3120,112,8,6146.0,False
3120,117,14,6452.0,False
3120,120,16,6649.0,False
3120,123,3,6842.0,False
3121,33,19,1862.0,False
3121,60,15,3322.0,False
3121,66,12,3593.0,False
3121,74,1,4039.0,False
3121,76,9,4158.0,False
3121,78,7,4278.0,False
3121,82,14,4460.0,False
3121,83,13,4528.0,False
3121,90,11,4970.0,False
3121,93,17,5145.0,False
3121,96,5,5271.0,False
3121,99,6,5468.0,False
3121,105,18,5805.0,False
3121,107,4,5913.0,False
3121,109,3,6007.0,False
3121,110,0,6060.0,False
3121,113,10,6226.0,False
3121,118,8,6527.0,False
3121,120,2,6637.0,False
3121,123,16,6830.0,False
3122,50,7,2706.0,False
3122,52,8,2795.0,False
3122,54,11,2919.0,False
3122,67,9,3665.0,False
3122,69,12,3766.0,False
3122,84,15,4693.0,False
3122,92,6,5122.0,False
3122,95,10,5283.0,False
3122,97,3,5402.0,False
3122,100,19,5556.0,False
3122,101,0,5603.0,False
3122,106,5,5833.0,False
3122,108,4,5946.0,False
3122,109,14,5984.0,False
3122,111,1,6075.0,False
3122,112,13,6154.0,False
3122,118,16,6514.0,False
3122,119,18,6581.0,False
3122,122,2,6731.0,False
3122,123,17,6795.0,False
3123,32,19,1826.0,False
3123,49,7,2751.0,False
3123,55,0,2994.0,False
3123,58,12,3113.0,False
3123,68,1,3659.0,False
3123,71,17,3859.0,False
3123,73,11,4024.0,False
3123,81,6,4514.0,False
3123,82,15,4558.0,False
3123,85,13,4720.0,False
3123,89,8,4956.0,False
3123,97,10,5493.0,False
3123,102,16,5783.0,False
3123,103,18,5850.0,False
3123,104,9,5938.0,False
3123,112,5,6352.0,False
3123,116,4,6575.0,False
3123,118,14,6694.0,False
3123,122,2,6883.0,False
3123,123,3,6946.0,False
3124,26,12,1333.0,False
3124,43,0,2227.0,False
3124,50,19,2653.0,False
3124,57,7,3048.0,False
3124,73,4,4073.0,False
3124,83,11,4630.0,False
3124,88,1,4880.0,False
3124,91,8,5066.0,False
3124,94,13,5211.0,False
3124,97,9,5365.0,False
3124,99,14,5446.0,False
3124,106,17,5837.0,False
3124,108,10,5965.0,False
3124,110,6,6079.0,False
3124,116,2,6400.0,False
3124,119,15,6552.0,False
3124,120,16,6637.0,False
3124,121,3,6700.0,False
3124,122,5,6735.0,False
3124,123,18,6802.0,False
3125,39,19,2291.0,False
3125,62,7,3464.0,False
3125,66,12,3651.0,False
3125,68,14,3767.0,False
3125,69,17,3833.0,False
3125,73,0,4049.0,False
3125,74,4,4096.0,False
3125,75,1,4135.0,False
3125,83,13,4561.0,False
3125,84,11,4645.0,False
3125,89,10,4931.0,False
3125,94,9,5237.0,False
3125,100,5,5525.0,False
3125,105,6,5827.0,False
3125,109,2,6024.0,False
3125,114,8,6307.0,False
3125,117,16,6511.0,False
3125,120,3,6670.0,False
3125,121,15,6714.0,False
3125,123,18,6830.0,False
3126,51,12,2765.0,False
3126,61,11,3372.0,False
3126,68,0,3769.0,False
3126,72,2,4013.0,False
3126,73,19,4077.0,False
3126,77,9,4310.0,False
3126,79,8,4409.0,False
3126,86,13,4863.0,False
3126,87,15,4907.0,False
3126,89,10,5015.0,False
3126,91,7,5078.0,False
3126,94,6,5253.0,False
3126,99,17,5512.0,False
3126,105,1,5765.0,False
3126,110,5,6061.0,False
3126,112,18,6166.0,False
3126,113,3,6236.0,False
3126,114,4,6283.0,False
3126,116,14,6411.0,False
3126,123,16,6801.0,False
3127,38,10,2018.0,False
3127,39,12,2044.0,False
3127,51,0,2608.0,False
3127,65,19,3477.0,False
3127,71,11,3826.0,False
3127,76,4,4107.0,False
3127,77,8,4154.0,False
3127,84,16,4626.0,False
3127,94,7,5194.0,False
3127,95,15,5238.0,False
3127,97,6,5383.0,False
3127,99,9,5526.0,False
3127,101,13,5660.0,False
3127,107,17,5942.0,False
3127,108,1,5980.0,False
3127,116,2,6396.0,False
3127,119,5,6546.0,False
3127,120,3,6609.0,False
3127,122,14,6727.0,False
3127,123,18,6783.0,False
3128,25,12,1282.0,False
3128,47,19,2572.0,False
3128,52,0,2819.0,False
3128,58,7,3118.0,False
3128,69,5,3691.0,False
3128,86,11,4684.0,False
3128,93,9,5042.0,False
3128,95,3,5174.0,False
3128,96,15,5224.0,False
3128,99,4,5361.0,False
3128,100,13,5426.0,False
3128,101,17,5492.0,False
3128,104,1,5670.0,False
3128,106,10,5778.0,False
3128,108,18,5885.0,False
3128,109,8,5919.0,False
3128,113,14,6096.0,False
3128,118,16,6436.0,False
3128,122,2,6668.0,False
3128,123,6,6723.0,False
3129,35,12,1859.0,False
3129,54,2,2900.0,False
3129,56,0,3006.0,False
3129,57,10,3074.0,False
3129,72,13,3990.0,False
3129,79,19,4374.0,False
3129,93,4,5177.0,False
3129,96,11,5389.0,False
3129,97,7,5425.0,False
3129,98,15,5475.0,False
3129,100,9,5595.0,False
3129,102,17,5732.0,False
3129,104,6,5841.0,False
3129,108,1,6054.0,False
3129,110,16,6197.0,False
3129,113,8,6330.0,False
3129,117,5,6517.0,False
3129,118,3,6580.0,False
3129,122,18,6813.0,False
3129,123,14,6850.0,False
3130,38,7,2120.0,False
3130,53,0,2867.0,False
3130,58,19,3174.0,False
3130,65,12,3497.0,False
3130,68,1,3629.0,False
3130,71,13,3805.0,False
3130,77,10,4166.0,False
3130,80,9,4371.0,False
3130,90,11,4936.0,False
3130,93,8,5127.0,False
3130,95,5,5212.0,False
3130,98,17,5373.0,False
3130,100,14,5470.0,False
3130,102,4,5586.0,False
3130,106,16,5827.0,False
3130,111,2,6081.0,False
3130,115,15,6320.0,False
3130,117,3,6442.0,False
3130,119,18,6547.0,False
3130,123,6,6808.0,False
3131,43,12,2306.0,False
3131,46,7,2476.0,False
3131,49,11,2705.0,False
3131,52,19,2853.0,False
3131,72,0,3979.0,False
3131,77,13,4238.0,False
3131,81,2,4461.0,False
3131,82,18,4517.0,False
3131,88,9,4880.0,False
3131,94,10,5202.0,False
3131,95,1,5235.0,False
3131,97,15,5338.0,False
3131,104,6,5759.0,False
3131,108,5,5927.0,False
3131,109,17,5993.0,False
3131,113,3,6292.0,False
3131,118,16,6578.0,False
3131,119,8,6625.0,False
3131,120,14,6657.0,False
3131,123,4,6815.0,False
3132,24,7,1302.0,False
3132,58,5,3181.0,False
3132,66,8,3643.0,False
3132,73,11,4112.0,False
3132,81,12,4457.0,False
3132,89,3,4875.0,False
3132,92,18,5052.0,False
3132,94,0,5194.0,False
3132,99,19,5468.0,False
3132,101,10,5590.0,False
3132,102,17,5649.0,False
3132,108,1,5957.0,False
3132,111,13,6141.0,False
3132,112,2,6189.0,False
3132,114,9,6315.0,False
3132,115,14,6353.0,False
3132,117,16,6471.0,False
3132,118,6,6526.0,False
3132,120,15,6621.0,False
3132,123,4,6772.0,False
3133,60,19,3379.0,False
3133,64,12,3581.0,False
3133,66,7,3659.0,False
3133,76,8,4144.0,False
3133,78,10,4258.0,False
3133,80,11,4423.0,False
3133,84,15,4618.0,False
3133,89,0,4897.0,False
3133,91,1,5024.0,False
3133,96,17,5313.0,False
3133,100,6,5588.0,False
3133,102,5,5657.0,False
3133,105,2,5824.0,False
3133,107,3,5951.0,False
3133,113,16,6293.0,False
3133,115,13,6453.0,False
3133,117,4,6550.0,False
3133,119,14,6621.0,False
3133,121,18,6737.0,False
3133,123,9,6883.0,False
3134,26,7,1420.0,False
3134,45,19,2437.0,False
3134,50,0,2713.0,False
3134,74,17,3988.0,False
3134,76,16,4142.0,False
3134,78,8,4227.0,False
3134,84,15,4582.0,False
3134,89,1,4865.0,False
3134,94,5,5124.0,False
3134,96,11,5272.0,False
3134,99,9,5487.0,False
3134,104,2,5758.0,False
3134,107,10,5929.0,False
3134,109,12,6007.0,False
3134,110,13,6071.0,False
3134,113,14,6202.0,False
3134,116,3,6384.0,False
3134,120,18,6626.0,False
3134,122,4,6724.0,False
3134,123,6,6788.0,False
3135,43,19,2411.0,False
3135,57,7,3153.0,False
3135,61,13,3394.0,False
3135,62,0,3447.0,False
3135,71,12,3927.0,False
3135,73,15,4029.0,False
3135,76,8,4154.0,False
3135,82,1,4434.0,False
3135,90,11,4929.0,False
3135,93,18,5108.0,False
3135,94,9,5188.0,False
3135,101,4,5575.0,False
3135,104,10,5772.0,False
3135,108,5,5946.0,False
3135,117,2,6481.0,False
3135,118,16,6556.0,False
3135,119,17,6620.0,False
3135,121,6,6739.0,False
3135,122,3,6802.0,False
3135,123,14,6839.0,False
3136,44,0,2518.0,False
3136,45,19,2573.0,False
3136,46,7,2618.0,False
3136,52,8,2934.0,False
3136,72,9,3990.0,False
3136,78,17,4281.0,False
3136,80,10,4402.0,False
3136,88,15,4788.0,False
3136,91,13,4977.0,False
3136,95,11,5229.0,False
3136,103,1,5635.0,False
3136,105,12,5708.0,False
3136,106,5,5734.0,False
3136,107,2,5778.0,False
3136,111,3,6027.0,False
3136,114,16,6212.0,False
3136,116,18,6345.0,False
3136,117,14,6383.0,False
3136,118,4,6430.0,False
3136,123,6,6733.0,False
3137,21,19,1150.0,False
3137,45,0,2446.0,False
3137,55,7,3041.0,False
3137,64,12,3470.0,False
3137,67,9,3670.0,False
3137,73,8,3957.0,False
3137,74,3,4027.0,False
3137,77,17,4244.0,False
3137,82,18,4495.0,False
3137,94,5,5128.0,False
3137,96,13,5236.0,False
3137,99,1,5389.0,False
3137,104,11,5671.0,False
3137,106,10,5824.0,False
3137,107,14,5861.0,False
3137,113,15,6200.0,False
3137,115,2,6326.0,False
3137,119,16,6565.0,False
3137,121,4,6670.0,False
3137,123,6,6791.0,False
3138,29,19,1661.0,False
3138,36,13,2114.0,False
3138,55,17,3189.0,False
3138,58,0,3339.0,False
3138,65,10,3707.0,False
3138,81,15,4535.0,False
3138,85,12,4714.0,False
3138,89,2,4903.0,False
3138,92,7,5035.0,False
3138,97,8,5312.0,False
3138,104,1,5708.0,False
3138,105,11,5805.0,False
3138,110,16,6086.0,False
3138,114,3,6344.0,False
3138,115,18,6411.0,False
3138,116,4,6445.0,False
3138,117,9,6525.0,False
3138,118,5,6562.0,False
3138,121,14,6742.0,False
3138,123,6,6887.0,False
3139,36,7,1970.0,False
3139,42,19,2335.0,False
3139,52,12,2809.0,False
3139,59,15,3211.0,False
3139,66,10,3583.0,False
3139,68,18,3699.0,False
3139,72,13,3916.0,False
3139,73,0,3967.0,False
3139,83,11,4522.0,False
3139,92,8,5023.0,False
3139,95,1,5176.0,False
3139,96,5,5211.0,False
3139,97,4,5258.0,False
3139,98,9,5331.0,False
3139,107,16,5854.0,False
3139,117,17,6460.0,False
3139,118,2,6504.0,False
3139,119,14,6541.0,False
3139,122,3,6748.0,False
3139,123,6,6813.0,False
3140,37,19,2126.0,False
3140,42,7,2356.0,False
3140,47,0,2632.0,False
3140,70,18,3852.0,False
3140,74,10,4080.0,False
3140,78,12,4255.0,False
3140,81,15,4389.0,False
3140,85,11,4651.0,False
3140,88,13,4821.0,False
3140,91,9,4980.0,False
3140,101,1,5500.0,False
3140,103,3,5634.0,False
3140,107,6,5896.0,False
3140,109,16,6024.0,False
3140,111,14,6126.0,False
3140,114,5,6289.0,False
3140,116,4,6409.0,False
3140,118,2,6509.0,False
3140,119,8,6553.0,False
3140,123,17,6782.0,False
3141,55,0,3067.0,False
3141,63,7,3527.0,False
3141,73,10,4073.0,False
3141,75,19,4193.0,False
3141,77,5,4302.0,False
3141,78,16,4377.0,False
3141,82,9,4627.0,False
3141,86,1,4851.0,False
3141,91,13,5122.0,False
3141,92,18,5177.0,False
3141,102,17,5733.0,False
3141,105,11,5965.0,False
3141,108,4,6094.0,False
3141,109,12,6133.0,False
3141,110,14,6165.0,False
3141,112,15,6278.0,False
3141,113,6,6342.0,False
3141,115,8,6423.0,False
3141,117,2,6548.0,False
3141,123,3,6866.0,False
3142,37,7,2183.0,False
3142,43,0,2488.0,False
3142,50,19,2854.0,False
3142,51,9,2934.0,False
3142,57,13,3257.0,False
3142,63,11,3650.0,False
3142,70,15,4004.0,False
3142,82,16,4635.0,False
3142,88,1,4889.0,False
3142,89,12,4915.0,False
3142,91,17,5008.0,False
3142,93,5,5113.0,False
3142,97,2,5320.0,False
3142,99,18,5436.0,False
3142,100,10,5504.0,False
3142,111,8,6117.0,False
3142,114,4,6269.0,False
3142,117,3,6454.0,False
3142,122,14,6783.0,False
3142,123,6,6847.0,False
3143,52,7,2934.0,False
3143,64,13,3580.0,False
3143,66,10,3703.0,False
3143,67,15,3747.0,False
3143,69,9,3882.0,False
3143,70,18,3940.0,False
3143,79,0,4416.0,False
3143,80,11,4500.0,False
3143,82,3,4622.0,False
3143,83,19,4686.0,False
3143,93,12,5233.0,False
3143,99,5,5530.0,False
3143,102,4,5644.0,False
3143,110,6,6129.0,False
3143,111,1,6162.0,False
3143,112,8,6196.0,False
3143,113,17,6267.0,False
3143,117,16,6521.0,False
3143,121,2,6760.0,False
3143,123,14,6880.0,False
3144,52,13,2894.0,False
3144,57,5,3169.0,False
3144,60,19,3313.0,False
3144,65,0,3557.0,False
3144,72,1,3868.0,False
3144,87,7,4672.0,False
3144,89,10,4814.0,False
3144,90,8,4861.0,False
3144,92,12,4951.0,False
3144,97,15,5302.0,False
3144,100,3,5471.0,False
3144,101,16,5556.0,False
3144,110,4,6023.0,False
3144,112,18,6177.0,False
3144,114,17,6280.0,False
3144,117,14,6447.0,False
3144,120,11,6672.0,False
3144,121,6,6736.0,False
3144,122,9,6824.0,False
3144,123,2,6872.0,False
3145,47,19,2749.0,False
3145,61,7,3477.0,False
3145,67,3,3831.0,False
3145,70,13,3989.0,False
3145,75,12,4250.0,False
3145,81,1,4528.0,False
3145,89,9,5041.0,False
3145,90,4,5088.0,False
3145,92,0,5183.0,False
3145,94,16,5336.0,False
3145,100,8,5647.0,False
3145,104,14,5882.0,False
3145,108,15,6068.0,False
3145,112,18,6291.0,False
3145,114,10,6414.0,False
3145,117,6,6590.0,False
3145,119,2,6698.0,False
3145,120,5,6729.0,False
3145,121,11,6811.0,False
3145,123,17,6905.0,False
3146,32,15,1732.0,False
3146,35,7,1902.0,False
3146,50,19,2776.0,False
3146,65,0,3585.0,False
3146,68,5,3708.0,False
3146,82,9,4536.0,False
3146,84,4,4639.0,False
3146,92,10,5046.0,False
3146,99,13,5437.0,False
3146,101,11,5563.0,False
3146,102,12,5589.0,False
3146,105,3,5769.0,False
3146,106,16,5853.0,False
3146,111,8,6083.0,False
3146,114,18,6253.0,False
3146,115,2,6297.0,False
3146,118,1,6462.0,False
3146,120,17,6599.0,False
3146,121,6,6663.0,False
3146,123,14,6776.0,False
3147,38,15,2042.0,False
3147,43,19,2325.0,False
3147,46,7,2456.0,False
3147,50,4,2691.0,False
3147,61,17,3419.0,False
3147,65,8,3616.0,False
3147,81,0,4422.0,False
3147,84,13,4592.0,False
3147,88,3,4807.0,False
3147,95,11,5245.0,False
3147,96,1,5284.0,False
3147,106,5,5812.0,False
3147,110,2,6048.0,False
3147,113,16,6226.0,False
3147,115,10,6390.0,False
3147,116,6,6445.0,False
3147,117,18,6512.0,False
3147,119,12,6572.0,False
3147,120,9,6660.0,False
3147,123,14,6835.0,False
3148,33,15,1797.0,False
3148,44,1,2382.0,False
3148,50,7,2693.0,False
3148,56,19,3042.0,False
3148,71,13,3837.0,False
3148,74,12,3944.0,False
3148,87,11,4774.0,False
3148,88,0,4825.0,False
3148,94,17,5115.0,False
3148,95,6,5170.0,False
3148,97,10,5300.0,False
3148,103,18,5645.0,False
3148,105,3,5763.0,False
3148,107,5,5850.0,False
3148,116,9,6335.0,False
3148,117,8,6382.0,False
3148,119,14,6510.0,False
3148,120,2,6558.0,False
3148,121,16,6633.0,False
3148,123,4,6754.0,False
3149,28,19,1565.0,False
3149,32,15,1808.0,False
3149,48,14,2735.0,False
3149,49,7,2769.0,False
3149,73,1,4011.0,False
3149,82,8,4544.0,False
3149,90,13,5005.0,False
3149,92,5,5070.0,False
3149,98,0,5370.0,False
3149,99,18,5428.0,False
3149,102,11,5626.0,False
3149,103,4,5672.0,False
3149,106,12,5813.0,False
3149,107,3,5876.0,False
3149,110,16,6080.0,False
3149,111,2,6130.0,False
3149,117,6,6516.0,False
3149,118,9,6596.0,False
3149,122,10,6824.0,False
3149,123,17,6883.0,False
3150,46,7,2477.0,False
3150,47,19,2541.0,False
3150,56,1,3054.0,False
3150,60,15,3266.0,False
3150,76,10,4120.0,False
3150,77,13,4184.0,False
3150,87,9,4766.0,False
3150,90,14,4908.0,False
3150,93,4,5114.0,False
3150,98,5,5332.0,False
3150,101,3,5515.0,False
3150,103,8,5648.0,False
3150,106,11,5862.0,False
3150,107,12,5893.0,False
3150,114,2,6255.0,False
3150,115,0,6302.0,False
3150,116,18,6358.0,False
3150,117,17,6422.0,False
3150,121,16,6695.0,False
3150,123,6,6816.0,False
3151,29,19,1586.0,False
3151,40,4,2215.0,False
3151,53,15,2880.0,False
3151,62,1,3390.0,False
3151,71,10,3853.0,False
3151,90,3,4912.0,False
3151,91,5,4943.0,False
3151,92,7,4977.0,False
3151,93,13,5045.0,False
3151,98,0,5332.0,False
3151,101,18,5473.0,False
3151,102,9,5553.0,False
3151,108,12,5913.0,False
3151,109,2,5952.0,False
3151,112,8,6130.0,False
3151,116,14,6318.0,False
3151,117,11,6415.0,False
3151,119,16,6576.0,False
3151,122,17,6759.0,False
3151,123,6,6814.0,False
3152,55,15,2991.0,False
3152,60,7,3201.0,False
3152,63,10,3381.0,False
3152,66,1,3521.0,False
3152,67,19,3585.0,False
3152,69,12,3682.0,False
3152,71,2,3798.0,False
3152,77,13,4122.0,False
3152,81,4,4377.0,False
3152,90,0,4893.0,False
3152,92,17,5005.0,False
3152,93,8,5049.0,False
3152,97,9,5265.0,False
3152,99,18,5376.0,False
3152,105,14,5711.0,False
3152,106,5,5746.0,False
3152,112,11,6077.0,False
3152,121,3,6650.0,False
3152,122,16,6725.0,False
3152,123,6,6780.0,False
3153,27,15,1360.0,False
3153,28,7,1393.0,False
3153,42,1,2225.0,False
3153,63,19,3461.0,False
3153,66,0,3621.0,False
3153,77,14,4212.0,False
3153,87,12,4725.0,False
3153,94,6,5077.0,False
3153,96,18,5197.0,False
3153,100,13,5463.0,False
3153,101,5,5500.0,False
3153,103,3,5621.0,False
3153,106,4,5747.0,False
3153,110,11,5958.0,False
3153,112,2,6068.0,False
3153,114,8,6204.0,False
3153,115,17,6275.0,False
3153,117,10,6383.0,False
3153,120,9,6603.0,False
3153,123,16,6788.0,False
3154,36,15,1959.0,False
3154,54,19,2957.0,False
3154,56,7,3074.0,False
3154,60,0,3266.0,False
3154,64,10,3535.0,False
3154,69,18,3788.0,False
3154,73,1,3947.0,False
3154,86,2,4717.0,False
3154,88,9,4838.0,False
3154,96,11,5324.0,False
3154,97,14,5361.0,False
3154,105,4,5779.0,False
3154,109,13,6031.0,False
3154,114,12,6332.0,False
3154,115,16,6407.0,False
3154,117,3,6525.0,False
3154,119,6,6638.0,False
3154,120,5,6664.0,False
3154,122,8,6755.0,False
3154,123,17,6821.0,False
3155,36,15,2008.0,False
3155,59,19,3312.0,False
3155,61,12,3392.0,False
3155,74,14,4016.0,False
3155,78,13,4269.0,False
3155,79,9,4345.0,False
3155,87,0,4728.0,False
3155,92,7,4997.0,False
3155,94,5,5076.0,False
3155,97,18,5234.0,False
3155,100,8,5424.0,False
3155,101,1,5457.0,False
3155,103,4,5570.0,False
3155,104,10,5653.0,False
3155,106,11,5763.0,False
3155,108,17,5882.0,False
3155,118,2,6466.0,False
3155,120,16,6591.0,False
3155,121,3,6654.0,False
3155,123,6,6782.0,False
3156,46,7,2632.0,False
3156,52,17,2927.0,False
3156,55,15,3090.0,False
3156,60,16,3341.0,False
3156,68,12,3683.0,False
3156,72,2,3891.0,False
3156,78,18,4215.0,False
3156,79,9,4295.0,False
3156,83,1,4530.0,False
3156,87,19,4765.0,False
3156,89,4,4858.0,False
3156,91,10,5023.0,False
3156,93,11,5147.0,False
3156,97,0,5364.0,False
3156,110,13,6104.0,False
3156,111,8,6151.0,False
3156,116,14,6406.0,False
3156,120,3,6682.0,False
3156,122,6,6820.0,False
3156,123,5,6855.0,False
3157,34,15,1846.0,False
3157,62,7,3376.0,False
3157,65,0,3503.0,False
3157,72,12,3864.0,False
3157,86,11,4704.0,False
3157,89,1,4835.0,False
3157,90,13,4899.0,False
3157,92,18,5017.0,False
3157,93,2,5067.0,False
3157,94,19,5131.0,False
3157,95,16,5206.0,False
3157,101,4,5523.0,False
3157,106,17,5866.0,False
3157,108,14,5964.0,False
3157,111,8,6144.0,False
3157,113,5,6208.0,False
3157,116,6,6397.0,False
3157,117,9,6470.0,False
3157,121,10,6717.0,False
3157,123,3,6839.0,False
3158,26,7,1385.0,False
3158,48,4,2649.0,False
3158,56,15,3020.0,False
3158,64,9,3498.0,False
3158,71,14,3868.0,False
3158,74,12,4019.0,False
3158,84,2,4531.0,False
3158,89,1,4790.0,False
3158,92,11,5005.0,False
3158,94,16,5157.0,False
3158,99,8,5434.0,False
3158,101,19,5558.0,False
3158,104,0,5695.0,False
3158,106,17,5810.0,False
3158,111,5,6063.0,False
3158,116,18,6316.0,False
3158,118,10,6479.0,False
3158,120,6,6624.0,False
3158,122,13,6758.0,False
3158,123,3,6823.0,False
3159,31,7,1713.0,False
3159,37,15,2024.0,False
3159,73,2,4100.0,False
3159,74,9,4173.0,False
3159,82,12,4656.0,False
3159,84,6,4752.0,False
3159,86,16,4890.0,False
3159,88,4,4991.0,False
3159,92,17,5224.0,False
3159,94,8,5318.0,False
3159,99,19,5565.0,False
3159,105,0,5876.0,False
3159,106,5,5907.0,False
3159,108,1,6006.0,False
3159,110,3,6101.0,False
3159,114,14,6313.0,False
3159,117,10,6481.0,False
3159,118,11,6550.0,False
3159,120,13,6669.0,False
3159,123,18,6831.0,False
3160,33,7,1791.0,False
3160,44,15,2454.0,False
3160,58,9,3302.0,False
3160,67,4,3781.0,False
3160,69,1,3893.0,False
3160,77,16,4385.0,False
3160,94,14,5327.0,False
3160,97,2,5486.0,False
3160,99,19,5606.0,False
3160,101,11,5739.0,False
3160,104,12,5908.0,False
3160,106,13,6030.0,False
3160,109,10,6199.0,False
3160,113,17,6377.0,False
3160,116,0,6529.0,False
3160,117,3,6592.0,False
3160,119,6,6729.0,False
3160,120,18,6796.0,False
3160,121,8,6840.0,False
3160,123,5,6921.0,False
3161,26,7,1516.0,False
3161,58,10,3180.0,False
3161,63,15,3466.0,False
3161,65,9,3605.0,False
3161,76,3,4157.0,False
3161,79,17,4346.0,False
3161,84,4,4584.0,False
3161,87,19,4755.0,False
3161,89,0,4859.0,False
3161,92,12,5042.0,False
3161,97,1,5319.0,False
3161,101,2,5558.0,False
3161,103,13,5694.0,False
3161,111,14,6121.0,False
3161,115,8,6313.0,False
3161,116,18,6371.0,False
3161,118,11,6510.0,False
3161,120,16,6682.0,False
3161,121,5,6708.0,False
3161,123,6,6829.0,False
3162,24,7,1300.0,False
3162,53,15,2895.0,False
3162,55,19,3023.0,False
3162,61,17,3333.0,False
3162,73,4,4034.0,False
3162,74,13,4098.0,False
3162,82,12,4468.0,False
3162,87,18,4706.0,False
3162,91,0,4912.0,False
3162,92,3,4975.0,False
3162,105,14,5760.0,False
3162,106,11,5857.0,False
3162,107,1,5890.0,False
3162,111,10,6116.0,False
3162,113,5,6211.0,False
3162,114,6,6275.0,False
3162,119,8,6522.0,False
3162,121,9,6651.0,False
3162,122,2,6701.0,False
3162,123,16,6776.0,False
3163,30,11,1740.0,False
3163,43,7,2337.0,False
3163,56,15,3029.0,False
3163,64,1,3524.0,False
3163,67,8,3672.0,False
3163,75,14,4113.0,False
3163,81,9,4474.0,False
3163,89,17,4910.0,False
3163,92,10,5073.0,False
3163,98,0,5428.0,False
3163,100,16,5573.0,False
3163,103,18,5759.0,False
3163,104,19,5823.0,False
3163,105,3,5893.0,False
3163,111,12,6172.0,False
3163,112,4,6218.0,False
3163,117,13,6559.0,False
3163,118,2,6609.0,False
3163,122,5,6799.0,False
3163,123,6,6864.0,False
3164,33,7,1948.0,False
3164,53,8,3004.0,False
3164,59,15,3317.0,False
3164,61,19,3419.0,False
3164,73,0,4055.0,False
3164,85,4,4727.0,False
3164,86,5,4764.0,False
3164,87,12,4800.0,False
3164,95,9,5287.0,False
3164,98,13,5465.0,False
3164,102,16,5698.0,False
3164,103,1,5737.0,False
3164,104,6,5792.0,False
3164,109,17,6085.0,False
3164,110,18,6143.0,False
3164,111,11,6225.0,False
3164,112,10,6280.0,False
3164,114,3,6385.0,False
3164,118,14,6616.0,False
3164,123,2,6894.0,False
3165,36,7,1957.0,False
3165,64,15,3524.0,False
3165,72,19,4011.0,False
3165,73,1,4050.0,False
3165,75,11,4174.0,False
3165,94,4,5258.0,False
3165,95,16,5333.0,False
3165,96,8,5380.0,False
3165,100,9,5631.0,False
3165,104,17,5813.0,False
3165,109,13,6049.0,False
3165,110,0,6096.0,False
3165,112,14,6199.0,False
3165,113,10,6267.0,False
3165,114,12,6293.0,False
3165,118,3,6546.0,False
3165,119,5,6572.0,False
3165,121,2,6687.0,False
3165,122,18,6743.0,False
3165,123,6,6807.0,False
3166,35,7,1885.0,False
3166,47,19,2637.0,False
3166,53,4,2991.0,False
3166,70,16,3979.0,False
3166,72,17,4068.0,False
3166,80,0,4526.0,False
3166,83,9,4698.0,False
3166,96,12,5348.0,False
3166,99,18,5491.0,False
3166,100,11,5575.0,False
3166,107,13,5966.0,False
3166,108,1,5999.0,False
3166,109,8,6033.0,False
3166,110,15,6077.0,False
3166,111,10,6147.0,False
3166,115,6,6395.0,False
3166,117,3,6495.0,False
3166,119,5,6590.0,False
3166,122,14,6774.0,False
3166,123,2,6822.0,False
3167,29,7,1554.0,False
3167,53,12,2911.0,False
3167,58,15,3176.0,False
3167,69,2,3699.0,False
3167,76,19,4144.0,False
3167,79,9,4362.0,False
3167,84,0,4692.0,False
3167,87,11,4918.0,False
3167,89,4,5020.0,False
3167,93,13,5261.0,False
3167,97,14,5430.0,False
3167,100,10,5618.0,False
3167,106,1,5925.0,False
3167,108,17,6033.0,False
3167,109,16,6118.0,False
3167,117,3,6598.0,False
3167,118,18,6653.0,False
3167,120,8,6752.0,False
3167,122,5,6851.0,False
3167,123,6,6916.0,False
3168,40,4,2228.0,False
3168,46,15,2581.0,False
3168,68,13,3808.0,False
3168,81,7,4487.0,False
3168,82,19,4551.0,False
3168,84,10,4653.0,False
3168,86,5,4748.0,False
3168,89,0,4902.0,False
3168,90,2,4946.0,False
3168,98,11,5540.0,False
3168,101,14,5688.0,False
3168,102,9,5776.0,False
3168,106,1,5959.0,False
3168,113,18,6375.0,False
3168,116,17,6555.0,False
3168,117,3,6618.0,False
3168,118,8,6662.0,False
3168,119,6,6726.0,False
3168,122,16,6884.0,False
3168,123,12,6923.0,False
3169,22,7,1137.0,False
3169,44,14,2390.0,False
3169,58,12,3283.0,False
3169,61,19,3489.0,False
3169,74,15,4201.0,False
3169,75,6,4266.0,False
3169,78,4,4411.0,False
3169,81,9,4581.0,False
3169,83,1,4651.0,False
3169,84,17,4722.0,False
3169,92,2,5176.0,False
3169,101,5,5587.0,False
3169,103,11,5731.0,False
3169,111,10,6223.0,False
3169,112,13,6287.0,False
3169,117,0,6545.0,False
3169,118,3,6608.0,False
3169,120,16,6751.0,False
3169,121,18,6818.0,False
3169,123,8,6912.0,False
3170,33,15,1727.0,False
3170,43,7,2312.0,False
3170,51,0,2726.0,False
3170,53,17,2863.0,False
3170,59,8,3194.0,False
3170,62,4,3343.0,False
3170,70,19,3802.0,False
3170,85,11,4664.0,False
3170,93,2,5111.0,False
3170,97,10,5345.0,False
3170,100,16,5612.0,False
3170,101,18,5679.0,False
3170,102,9,5767.0,False
3170,105,3,5963.0,False
3170,108,6,6169.0,False
3170,116,12,6584.0,False
3170,118,14,6665.0,False
3170,119,1,6698.0,False
3170,121,13,6808.0,False
3170,123,5,6888.0,False
3171,26,7,1436.0,False
3171,57,0,3057.0,False
3171,59,9,3182.0,False
3171,61,12,3253.0,False
3171,66,3,3569.0,False
3171,72,15,3876.0,False
3171,78,4,4192.0,False
3171,86,10,4711.0,False
3171,88,17,4807.0,False
3171,93,19,5085.0,False
3171,96,11,5292.0,False
3171,102,2,5648.0,False
3171,103,14,5685.0,False
3171,105,8,5766.0,False
3171,109,13,5966.0,False
3171,115,18,6284.0,False
3171,116,5,6319.0,False
3171,117,1,6357.0,False
3171,121,6,6604.0,False
3171,123,16,6729.0,False
3172,35,19,1998.0,False
3172,37,7,2077.0,False
3172,44,0,2460.0,False
3172,45,4,2507.0,False
3172,60,11,3367.0,False
3172,62,15,3449.0,False
3172,69,10,3833.0,False
3172,74,3,4178.0,False
3172,88,12,4874.0,False
3172,90,9,4998.0,False
3172,97,18,5488.0,False
3172,103,17,5861.0,False
3172,108,13,6137.0,False
3172,113,2,6452.0,False
3172,114,16,6537.0,False
3172,117,6,6712.0,False
3172,118,5,6743.0,False
3172,120,14,6812.0,False
3172,122,8,6878.0,False
3172,123,1,6911.0,False
3173,34,7,1738.0,False
3173,40,15,2046.0,False
3173,45,3,2398.0,False
3173,50,0,2674.0,False
3173,78,9,4339.0,False
3173,84,8,4618.0,False
3173,88,11,4866.0,False
3173,89,4,4913.0,False
3173,90,19,4977.0,False
3173,91,12,5016.0,False
3173,94,17,5172.0,False
3173,107,5,5938.0,False
3173,108,6,6003.0,False
3173,112,16,6224.0,False
3173,115,13,6390.0,False
3173,117,10,6531.0,False
3173,118,18,6589.0,False
3173,121,2,6752.0,False
3173,122,14,6789.0,False
3173,123,1,6822.0,False
3174,27,7,1491.0,False
3174,54,19,2976.0,False
3174,55,10,3059.0,False
3174,58,8,3214.0,False
3174,60,14,3342.0,False
3174,65,9,3629.0,False
3174,66,0,3682.0,False
3174,69,4,3841.0,False
3174,75,15,4173.0,False
3174,87,12,4756.0,False
3174,93,3,5130.0,False
3174,97,11,5453.0,False
3174,108,18,6112.0,False
3174,112,16,6350.0,False
3174,113,13,6415.0,False
3174,114,2,6459.0,False
3174,117,17,6664.0,False
3174,118,6,6719.0,False
3174,122,5,6887.0,False
3174,123,1,6925.0,False
3175,45,7,2520.0,False
3175,57,2,3187.0,False
3175,64,15,3498.0,False
3175,65,0,3549.0,False
3175,72,13,3962.0,False
3175,86,19,4833.0,False
3175,92,10,5215.0,False
3175,95,17,5408.0,False
3175,96,16,5492.0,False
3175,99,3,5664.0,False
3175,100,18,5719.0,False
3175,105,12,5972.0,False
3175,106,8,6011.0,False
3175,107,6,6075.0,False
3175,108,11,6157.0,False
3175,111,4,6332.0,False
3175,113,14,6426.0,False
3175,116,9,6634.0,False
3175,120,5,6825.0,False
3175,123,1,6927.0,False
3176,42,7,2271.0,False
3176,48,4,2625.0,False
3176,72,9,3892.0,False
3176,81,0,4410.0,False
3176,82,10,4480.0,False
3176,83,15,4529.0,False
3176,84,2,4577.0,False
3176,88,17,4810.0,False
3176,89,14,4847.0,False
3176,91,19,4975.0,False
3176,101,6,5584.0,False
3176,102,11,5681.0,False
3176,108,13,6015.0,False
3176,109,16,6100.0,False
3176,110,1,6133.0,False
3176,114,3,6373.0,False
3176,117,12,6518.0,False
3176,120,8,6656.0,False
3176,121,18,6714.0,False
3176,123,5,6795.0,False
3177,50,3,2764.0,False
3177,57,7,3113.0,False
3177,58,13,3181.0,False
3177,60,17,3311.0,False
3177,65,19,3611.0,False
3177,67,10,3791.0,False
3177,69,15,3874.0,False
3177,88,16,4956.0,False
3177,92,4,5177.0,False
3177,100,9,5637.0,False
3177,103,2,5800.0,False
3177,105,0,5888.0,False
3177,106,8,5932.0,False
3177,107,18,5987.0,False
3177,109,12,6052.0,False
3177,117,1,6524.0,False
3177,118,11,6621.0,False
3177,121,14,6789.0,False
3177,122,5,6824.0,False
3177,123,6,6889.0,False
3178,34,15,1813.0,False
3178,47,7,2559.0,False
3178,54,10,2974.0,False
3178,70,2,3881.0,False
3178,78,4,4307.0,False
3178,79,19,4371.0,False
3178,83,0,4637.0,False
3178,86,11,4815.0,False
3178,94,18,5326.0,False
3178,101,3,5697.0,False
3178,106,13,6005.0,False
3178,109,8,6110.0,False
3178,110,12,6141.0,False
3178,112,14,6236.0,False
3178,113,17,6302.0,False
3178,116,9,6506.0,False
3178,117,6,6570.0,False
3178,118,1,6609.0,False
3178,120,5,6708.0,False
3178,123,16,6902.0,False
3179,44,15,2432.0,False
3179,45,7,2466.0,False
3179,51,4,2822.0,False
3179,53,1,2924.0,False
3179,60,12,3302.0,False
3179,72,19,3927.0,False
3179,79,17,4316.0,False
3179,80,9,4396.0,False
3179,85,14,4670.0,False
3179,86,2,4718.0,False
3179,87,11,4802.0,False
3179,88,10,4857.0,False
3179,97,3,5330.0,False
3179,103,8,5692.0,False
3179,105,0,5764.0,False
3179,111,16,6109.0,False
3179,119,5,6621.0,False
3179,120,6,6686.0,False
3179,121,18,6753.0,False
3179,123,13,6887.0,False
3180,45,9,2581.0,False
3180,53,3,3032.0,False
3180,60,19,3398.0,False
3180,66,10,3822.0,False
3180,74,4,4276.0,False
3180,78,6,4537.0,False
3180,79,7,4582.0,False
3180,86,0,4946.0,False
3180,90,5,5145.0,False
3180,91,15,5194.0,False
3180,93,18,5301.0,False
3180,96,17,5482.0,False
3180,98,8,5554.0,False
3180,105,13,5961.0,False
3180,107,14,6035.0,False
3180,108,12,6061.0,False
3180,112,2,6245.0,False
3180,114,11,6382.0,False
3180,121,16,6821.0,False
3180,123,1,6886.0,False
3181,38,7,2142.0,False
3181,46,8,2567.0,False
3181,63,10,3510.0,False
3181,67,15,3718.0,False
3181,69,17,3822.0,False
3181,71,13,3940.0,False
3181,74,9,4144.0,False
3181,78,4,4382.0,False
3181,87,0,4882.0,False
3181,89,14,4985.0,False
3181,95,19,5346.0,False
3181,99,6,5586.0,False
3181,101,12,5678.0,False
3181,103,11,5796.0,False
3181,107,2,6054.0,False
3181,112,16,6374.0,False
3181,117,1,6608.0,False
3181,119,5,6690.0,False
3181,122,3,6862.0,False
3181,123,18,6918.0,False
3182,27,7,1467.0,False
3182,45,8,2486.0,False
3182,51,14,2838.0,False
3182,54,0,2998.0,False
3182,68,13,3750.0,False
3182,69,10,3820.0,False
3182,84,15,4627.0,False
3182,87,9,4804.0,False
3182,93,17,5207.0,False
3182,94,3,5270.0,False
3182,96,2,5385.0,False
3182,97,19,5440.0,False
3182,106,18,5972.0,False
3182,113,11,6371.0,False
3182,115,6,6468.0,False
3182,116,1,6501.0,False
3182,117,4,6548.0,False
3182,119,16,6678.0,False
3182,120,12,6714.0,False
3182,123,5,6845.0,False
3183,60,18,3391.0,False
3183,64,4,3638.0,False
3183,73,9,4173.0,False
3183,78,7,4395.0,False
3183,81,15,4588.0,False
3183,85,0,4825.0,False
3183,94,6,5311.0,False
3183,98,14,5556.0,False
3183,99,11,5640.0,False
3183,101,10,5740.0,False
3183,102,19,5795.0,False
3183,110,3,6220.0,False
3183,112,8,6322.0,False
3183,113,2,6361.0,False
3183,116,5,6482.0,False
3183,117,13,6547.0,False
3183,118,17,6613.0,False
3183,119,1,6651.0,False
3183,120,16,6736.0,False
3183,123,12,6857.0,False
3184,24,7,1306.0,False
3184,40,19,2248.0,False
3184,66,0,3609.0,False
3184,68,9,3755.0,False
3184,69,2,3799.0,False
3184,74,17,4026.0,False
3184,75,10,4094.0,False
3184,86,15,4720.0,False
3184,90,8,4964.0,False
3184,95,4,5261.0,False
3184,99,14,5472.0,False
3184,101,18,5582.0,False
3184,104,13,5776.0,False
3184,110,3,6124.0,False
3184,111,16,6208.0,False
3184,115,11,6445.0,False
3184,116,6,6509.0,False
3184,119,12,6640.0,False
3184,120,1,6673.0,False
3184,123,5,6813.0,False
3185,46,7,2553.0,False
3185,47,0,2600.0,False
3185,63,19,3460.0,False
3185,72,15,3993.0,False
3185,74,9,4156.0,False
3185,82,10,4606.0,False
3185,83,14,4644.0,False
3185,86,17,4836.0,False
3185,88,3,4950.0,False
3185,90,16,5068.0,False
3185,95,4,5370.0,False
3185,98,8,5525.0,False
3185,100,11,5669.0,False
3185,106,12,5934.0,False
3185,111,13,6295.0,False
3185,112,6,6360.0,False
3185,116,18,6600.0,False
3185,117,5,6626.0,False
3185,122,2,6852.0,False
3185,123,1,6890.0,False
3186,35,7,1993.0,False
3186,58,9,3266.0,False
3186,60,19,3420.0,False
3186,75,14,4203.0,False
3186,77,17,4301.0,False
3186,79,15,4409.0,False
3186,84,3,4696.0,False
3186,86,8,4774.0,False
3186,87,10,4842.0,False
3186,90,0,4982.0,False
3186,92,2,5099.0,False
3186,95,18,5260.0,False
3186,100,12,5583.0,False
3186,104,4,5803.0,False
3186,108,16,6048.0,False
3186,113,13,6365.0,False
3186,117,11,6614.0,False
3186,118,6,6678.0,False
3186,121,1,6775.0,False
3186,123,5,6874.0,False
3187,42,19,2349.0,False
3187,60,9,3322.0,False
3187,64,4,3617.0,False
3187,69,7,3879.0,False
3187,76,17,4311.0,False
3187,81,3,4573.0,False
3187,83,14,4686.0,False
3187,89,0,5007.0,False
3187,90,10,5075.0,False
3187,95,2,5300.0,False
3187,96,13,5365.0,False
3187,97,1,5403.0,False
3187,98,15,5447.0,False
3187,105,8,5935.0,False
3187,110,6,6202.0,False
3187,113,18,6359.0,False
3187,116,16,6546.0,False
3187,117,11,6628.0,False
3187,121,5,6825.0,False
3187,123,12,6895.0,False
3188,18,7,901.0,False
3188,39,8,2084.0,False
3188,52,1,2780.0,False
3188,62,9,3311.0,False
3188,64,0,3409.0,False
3188,73,4,3901.0,False
3188,76,19,4089.0,False
3188,78,13,4194.0,False
3188,86,17,4730.0,False
3188,87,14,4767.0,False
3188,93,18,5077.0,False
3188,97,16,5324.0,False
3188,98,15,5368.0,False
3188,99,3,5431.0,False
3188,105,12,5718.0,False
3188,111,10,6078.0,False
3188,112,11,6147.0,False
3188,117,2,6451.0,False
3188,122,5,6700.0,False
3188,123,6,6765.0,False
3189,22,7,1177.0,False
3189,67,8,3674.0,False
3189,69,0,3804.0,False
3189,72,1,3970.0,False
3189,83,6,4656.0,False
3189,87,12,4857.0,False
3189,89,15,4956.0,False
3189,90,3,5021.0,False
3189,91,14,5053.0,False
3189,92,13,5121.0,False
3189,93,19,5185.0,False
3189,94,16,5260.0,False
3189,97,9,5467.0,False
3189,107,17,5985.0,False
3189,111,4,6185.0,False
3189,115,10,6419.0,False
3189,118,2,6584.0,False
3189,119,11,6666.0,False
3189,120,5,6697.0,False
3189,123,18,6860.0,False
3190,53,7,2961.0,False
3190,57,15,3156.0,False
3190,70,19,3956.0,False
3190,72,17,4079.0,False
3190,84,8,4712.0,False
3190,88,16,4981.0,False
3190,93,11,5294.0,False
3190,96,12,5435.0,False
3190,100,14,5646.0,False
3190,102,1,5755.0,False
3190,104,18,5851.0,False
3190,105,3,5914.0,False
3190,108,0,6050.0,False
3190,110,10,6199.0,False
3190,113,13,6373.0,False
3190,114,4,6420.0,False
3190,115,9,6496.0,False
3190,116,5,6533.0,False
3190,120,6,6767.0,False
3190,123,2,6920.0,False
3191,29,7,1550.0,False
3191,35,4,1848.0,False
3191,66,19,3688.0,False
3191,69,3,3877.0,False
3191,70,17,3941.0,False
3191,84,15,4700.0,False
3191,85,12,4726.0,False
3191,86,14,4758.0,False
3191,88,0,4863.0,False
3191,90,9,4973.0,False
3191,96,13,5305.0,False
3191,97,16,5389.0,False
3191,98,11,5473.0,False
3191,106,18,5886.0,False
3191,109,8,6045.0,False
3191,114,6,6331.0,False
3191,116,5,6426.0,False
3191,121,10,6701.0,False
3191,122,1,6734.0,False
3191,123,2,6782.0,False
3192,24,7,1248.0,False
3192,48,15,2564.0,False
3192,64,19,3516.0,False
3192,65,11,3598.0,False
3192,68,17,3757.0,False
3192,71,0,3911.0,False
3192,80,16,4468.0,False
3192,83,14,4589.0,False
3192,88,8,4870.0,False
3192,92,2,5090.0,False
3192,99,4,5534.0,False
3192,103,3,5741.0,False
3192,104,10,5809.0,False
3192,113,13,6256.0,False
3192,114,12,6292.0,False
3192,117,9,6507.0,False
3192,118,18,6565.0,False
3192,120,1,6639.0,False
3192,122,5,6729.0,False
3192,123,6,6794.0,False
3193,25,8,1328.0,False
3193,31,7,1635.0,False
3193,53,19,2846.0,False
3193,56,2,3029.0,False
3193,65,9,3491.0,False
3193,69,3,3697.0,False
3193,70,15,3741.0,False
3193,73,4,3937.0,False
3193,93,17,5028.0,False
3193,102,13,5540.0,False
3193,103,18,5607.0,False
3193,104,0,5660.0,False
3193,109,1,5920.0,False
3193,110,16,6004.0,False
3193,112,10,6133.0,False
3193,116,14,6332.0,False
3193,117,12,6358.0,False
3193,120,5,6520.0,False
3193,121,6,6585.0,False
3193,123,11,6746.0,False
3194,22,7,1139.0,False
3194,49,8,2693.0,False
3194,77,4,4157.0,False
3194,78,15,4207.0,False
3194,82,12,4387.0,False
3194,83,0,4429.0,False
3194,85,3,4558.0,False
3194,88,2,4740.0,False
3194,90,1,4816.0,False
3194,93,19,5043.0,False
3194,100,9,5467.0,False
3194,104,18,5692.0,False
3194,108,13,5942.0,False
3194,109,10,6012.0,False
3194,110,17,6071.0,False
3194,113,16,6248.0,False
3194,118,6,6551.0,False
3194,120,14,6652.0,False
3194,121,5,6687.0,False
3194,123,11,6837.0,False
3195,17,8,825.0,False
3195,28,7,1421.0,False
3195,49,1,2557.0,False
3195,53,19,2817.0,False
3195,54,15,2867.0,False
3195,63,4,3377.0,False
3195,77,13,4193.0,False
3195,84,0,4584.0,False
3195,93,18,5120.0,False
3195,94,14,5157.0,False
3195,100,16,5520.0,False
3195,101,6,5575.0,False
3195,106,2,5876.0,False
3195,108,11,6001.0,False
3195,110,3,6109.0,False
3195,112,17,6228.0,False
3195,113,9,6308.0,False
3195,118,5,6534.0,False
3195,120,10,6665.0,False
3195,123,12,6794.0,False
3196,14,7,746.0,False
3196,46,4,2497.0,False
3196,67,16,3739.0,False
3196,71,8,3933.0,False
3196,73,15,4009.0,False
3196,74,3,4074.0,False
3196,76,19,4171.0,False
3196,86,1,4695.0,False
3196,88,18,4833.0,False
3196,92,6,5095.0,False
3196,98,0,5441.0,False
3196,108,2,5963.0,False
3196,109,9,6043.0,False
3196,110,5,6074.0,False
3196,112,10,6200.0,False
3196,116,12,6396.0,False
3196,118,17,6499.0,False
3196,121,11,6719.0,False
3196,122,13,6783.0,False
3196,123,14,6815.0,False
3197,29,0,1637.0,False
3197,35,4,1963.0,False
3197,39,7,2216.0,False
3197,45,19,2546.0,False
3197,55,8,3025.0,False
3197,83,17,4598.0,False
3197,87,16,4925.0,False
3197,95,3,5299.0,False
3197,98,18,5448.0,False
3197,100,14,5548.0,False
3197,101,5,5583.0,False
3197,103,9,5721.0,False
3197,104,15,5771.0,False
3197,105,1,5804.0,False
3197,111,6,6163.0,False
3197,115,10,6406.0,False
3197,116,13,6470.0,False
3197,119,2,6610.0,False
3197,120,12,6646.0,False
3197,123,11,6831.0,False
3198,39,7,2248.0,False
3198,50,8,2820.0,False
3198,55,4,3109.0,False
3198,59,0,3274.0,False
3198,68,19,3725.0,False
3198,69,15,3774.0,False
3198,70,1,3807.0,False
3198,78,3,4263.0,False
3198,80,5,4327.0,False
3198,86,14,4667.0,False
3198,90,16,4935.0,False
3198,102,10,5610.0,False
3198,108,9,5992.0,False
3198,112,6,6238.0,False
3198,113,18,6305.0,False
3198,114,17,6371.0,False
3198,115,12,6407.0,False
3198,121,13,6750.0,False
3198,122,2,6789.0,False
3198,123,11,6873.0,False
3199,23,7,1314.0,False
3199,38,8,2193.0,False
3199,54,19,3042.0,False
3199,64,17,3590.0,False
3199,69,9,3850.0,False
3199,70,1,3888.0,False
3199,75,3,4153.0,False
3199,85,4,4803.0,False
3199,95,5,5316.0,False
3199,98,0,5477.0,False
3199,99,15,5526.0,False
3199,101,13,5629.0,False
3199,108,16,6073.0,False
3199,109,14,6111.0,False
3199,113,10,6338.0,False
3199,117,6,6550.0,False
3199,119,18,6688.0,False
3199,120,11,6770.0,False
3199,122,12,6840.0,False
3199,123,2,6879.0,False
3200,45,19,2508.0,False
3200,46,7,2553.0,False
3200,57,1,3168.0,False
3200,69,4,3746.0,False
3200,71,0,3845.0,False
3200,75,8,4087.0,False
3200,83,12,4530.0,False
3200,88,3,4805.0,False
3200,90,17,4949.0,False
3200,91,15,4998.0,False
3200,93,6,5115.0,False
3200,103,9,5702.0,False
3200,106,13,5907.0,False
3200,109,2,6059.0,False
3200,112,5,6195.0,False
3200,116,14,6400.0,False
3200,117,16,6484.0,False
3200,118,10,6554.0,False
3200,120,18,6693.0,False
3200,123,11,6869.0,False
3201,17,8,854.0,False
3201,47,7,2539.0,False
3201,57,19,3126.0,False
3201,66,0,3636.0,False
3201,83,12,4717.0,False
3201,86,16,4926.0,False
3201,94,4,5321.0,False
3201,95,17,5370.0,False
3201,98,14,5496.0,False
3201,100,5,5586.0,False
3201,104,13,5795.0,False
3201,106,2,5912.0,False
3201,107,1,5950.0,False
3201,114,3,6335.0,False
3201,115,15,6379.0,False
3201,116,6,6443.0,False
3201,118,18,6559.0,False
3201,119,9,6639.0,False
3201,122,10,6815.0,False
3201,123,11,6884.0,False
3202,34,19,1975.0,False
3202,39,7,2241.0,False
3202,43,8,2445.0,False
3202,48,14,2661.0,False
3202,70,13,3880.0,False
3202,77,4,4242.0,False
3202,79,12,4312.0,False
3202,81,5,4385.0,False
3202,84,0,4523.0,False
3202,85,18,4579.0,False
3202,90,15,4801.0,False
3202,93,10,4992.0,False
3202,96,9,5175.0,False
3202,103,3,5625.0,False
3202,104,1,5658.0,False
3202,111,11,6076.0,False
3202,114,17,6269.0,False
3202,116,6,6371.0,False
3202,118,2,6486.0,False
3202,123,16,6793.0,False
3203,20,8,1089.0,False
3203,41,17,2284.0,False
3203,42,7,2329.0,False
3203,68,15,3785.0,False
3203,74,4,4132.0,False
3203,80,1,4389.0,False
3203,83,16,4608.0,False
3203,84,19,4663.0,False
3203,90,3,5012.0,False
3203,98,13,5485.0,False
3203,104,2,5838.0,False
3203,106,9,5974.0,False
3203,108,0,6090.0,False
3203,111,18,6240.0,False
3203,113,10,6348.0,False
3203,114,14,6380.0,False
3203,116,5,6479.0,False
3203,118,6,6582.0,False
3203,120,12,6685.0,False
3203,123,11,6870.0,False
3204,32,7,1707.0,False
3204,58,13,3319.0,False
3204,59,8,3366.0,False
3204,65,9,3694.0,False
3204,74,4,4165.0,False
3204,77,12,4361.0,False
3204,79,19,4475.0,False
3204,80,10,4558.0,False
3204,83,16,4710.0,False
3204,84,1,4743.0,False
3204,87,0,4884.0,False
3204,101,14,5604.0,False
3204,102,15,5648.0,False
3204,103,18,5706.0,False
3204,110,17,6160.0,False
3204,116,6,6494.0,False
3204,119,2,6632.0,False
3204,121,5,6727.0,False
3204,122,3,6790.0,False
3204,123,11,6872.0,False
3205,17,8,808.0,False
3205,25,7,1220.0,False
3205,53,19,2855.0,False
3205,65,17,3576.0,False
3205,70,15,3843.0,False
3205,83,14,4535.0,False
3205,84,5,4570.0,False
3205,86,12,4678.0,False
3205,88,3,4796.0,False
3205,89,4,4842.0,False
3205,91,18,4955.0,False
3205,92,13,5020.0,False
3205,100,11,5493.0,False
3205,101,10,5548.0,False
3205,110,16,6026.0,False
3205,111,0,6079.0,False
3205,113,9,6203.0,False
3205,119,1,6518.0,False
3205,121,2,6644.0,False
3205,123,6,6772.0,False
3206,17,8,898.0,False
3206,43,7,2274.0,False
3206,44,19,2338.0,False
3206,56,9,3109.0,False
3206,60,2,3325.0,False
3206,64,13,3541.0,False
3206,68,17,3830.0,False
3206,71,14,3967.0,False
3206,77,0,4267.0,False
3206,79,12,4382.0,False
3206,93,4,5142.0,False
3206,96,15,5318.0,False
3206,98,5,5397.0,False
3206,101,18,5588.0,False
3206,110,16,6122.0,False
3206,111,3,6180.0,False
3206,114,10,6324.0,False
3206,119,11,6613.0,False
3206,120,1,6646.0,False
3206,123,6,6864.0,False
3207,26,8,1334.0,False
3207,34,7,1856.0,False
3207,49,12,2707.0,False
3207,70,19,3790.0,False
3207,72,17,3886.0,False
3207,75,0,4064.0,False
3207,85,13,4646.0,False
3207,87,15,4729.0,False
3207,88,14,4761.0,False
3207,89,1,4794.0,False
3207,93,9,5060.0,False
3207,94,4,5107.0,False
3207,96,10,5238.0,False
3207,109,16,5976.0,False
3207,112,3,6157.0,False
3207,113,2,6207.0,False
3207,118,11,6526.0,False
3207,119,5,6563.0,False
3207,120,18,6621.0,False
3207,123,6,6839.0,False
3208,16,7,891.0,False
3208,32,8,1802.0,False
3208,49,4,2741.0,False
3208,64,3,3535.0,False
3208,67,17,3709.0,False
3208,74,13,4094.0,False
3208,81,1,4452.0,False
3208,90,9,4877.0,False
3208,92,10,5043.0,False
3208,93,0,5094.0,False
3208,95,14,5178.0,False
3208,98,19,5367.0,False
3208,101,15,5535.0,False
3208,104,5,5721.0,False
3208,109,2,6030.0,False
3208,110,12,6066.0,False
3208,115,16,6357.0,False
3208,120,18,6653.0,False
3208,122,6,6783.0,False
3208,123,11,6880.0,False
3209,46,7,2536.0,False
3209,53,8,2859.0,False
3209,62,10,3431.0,False
3209,64,13,3534.0,False
3209,74,9,4184.0,False
3209,81,16,4550.0,False
3209,82,19,4605.0,False
3209,88,17,5059.0,False
3209,90,15,5149.0,False
3209,93,5,5277.0,False
3209,94,12,5313.0,False
3209,99,14,5560.0,False
3209,102,4,5697.0,False
3209,107,3,5946.0,False
3209,110,0,6083.0,False
3209,112,1,6174.0,False
3209,115,11,6365.0,False
3209,121,18,6728.0,False
3209,122,6,6792.0,False
3209,123,2,6842.0,False
3210,36,8,1933.0,False
3210,41,7,2211.0,False
3210,60,2,3363.0,False
3210,65,19,3622.0,False
3210,73,10,4092.0,False
3210,80,5,4500.0,False
3210,88,17,4909.0,False
3210,91,14,5039.0,False
3210,94,4,5180.0,False
3210,96,15,5269.0,False
3210,99,13,5455.0,False
3210,101,12,5529.0,False
3210,103,0,5601.0,False
3210,104,11,5685.0,False
3210,105,9,5773.0,False
3210,109,1,5942.0,False
3210,119,16,6552.0,False
3210,120,18,6619.0,False
3210,121,3,6689.0,False
3210,123,6,6826.0,False
3211,37,14,2121.0,False
3211,39,7,2197.0,False
3211,46,8,2582.0,False
3211,48,19,2691.0,False
3211,64,5,3620.0,False
3211,71,4,3973.0,False
3211,74,13,4146.0,False
3211,77,12,4267.0,False
3211,84,17,4601.0,False
3211,85,16,4686.0,False
3211,92,15,5095.0,False
3211,99,9,5510.0,False
3211,101,0,5599.0,False
3211,102,10,5682.0,False
3211,106,6,5884.0,False
3211,107,3,5947.0,False
3211,110,1,6086.0,False
3211,114,2,6278.0,False
3211,119,18,6576.0,False
3211,123,11,6824.0,False
3212,46,8,2609.0,False
3212,52,7,2899.0,False
3212,55,13,3061.0,False
3212,63,4,3488.0,False
3212,65,9,3606.0,False
3212,68,14,3791.0,False
3212,75,15,4188.0,False
3212,85,17,4738.0,False
3212,89,19,4971.0,False
3212,93,10,5205.0,False
3212,95,16,5319.0,False
3212,104,12,5807.0,False
3212,105,3,5865.0,False
3212,108,0,5992.0,False
3212,111,2,6148.0,False
3212,112,1,6186.0,False
3212,113,5,6221.0,False
3212,114,6,6286.0,False
3212,116,18,6402.0,False
3212,123,11,6832.0,False
3213,35,8,1932.0,False
3213,46,12,2533.0,False
3213,50,17,2759.0,False
3213,58,13,3278.0,False
3213,64,14,3559.0,False
3213,71,5,3889.0,False
3213,73,0,3966.0,False
3213,82,7,4431.0,False
3213,91,4,4916.0,False
3213,94,3,5087.0,False
3213,95,9,5167.0,False
3213,97,15,5282.0,False
3213,101,18,5495.0,False
3213,102,2,5539.0,False
3213,106,6,5808.0,False
3213,108,19,5913.0,False
3213,109,16,5988.0,False
3213,115,1,6293.0,False
3213,119,10,6495.0,False
3213,123,11,6743.0,False
3214,21,17,1054.0,False
3214,36,8,1881.0,False
3214,48,19,2675.0,False
3214,59,4,3251.0,False
3214,63,15,3527.0,False
3214,66,14,3699.0,False
3214,69,13,3879.0,False
3214,77,5,4287.0,False
3214,91,12,5027.0,False
3214,92,9,5107.0,False
3214,96,7,5310.0,False
3214,101,16,5619.0,False
3214,107,3,5938.0,False
3214,110,10,6119.0,False
3214,111,2,6163.0,False
3214,117,11,6487.0,False
3214,118,0,6538.0,False
3214,120,18,6684.0,False
3214,122,6,6814.0,False
3214,123,1,6852.0,False
3215,47,8,2575.0,False
3215,54,17,2930.0,False
3215,59,0,3161.0,False
3215,63,5,3404.0,False
3215,72,7,3911.0,False
3215,77,13,4193.0,False
3215,80,15,4427.0,False
3215,87,4,4774.0,False
3215,88,14,4812.0,False
3215,95,9,5224.0,False
3215,100,19,5513.0,False
3215,105,3,5774.0,False
3215,107,2,5889.0,False
3215,109,16,6023.0,False
3215,111,10,6135.0,False
3215,112,1,6168.0,False
3215,113,12,6194.0,False
3215,117,6,6439.0,False
3215,122,18,6719.0,False
3215,123,11,6803.0,False
3216,43,8,2344.0,False
3216,46,17,2493.0,False
3216,54,4,2923.0,False
3216,71,7,3845.0,False
3216,73,15,3972.0,False
3216,80,3,4333.0,False
3216,90,5,4814.0,False
3216,95,12,5127.0,False
3216,97,0,5204.0,False
3216,100,14,5374.0,False
3216,105,10,5664.0,False
3216,106,1,5703.0,False
3216,110,19,5980.0,False
3216,111,9,6053.0,False
3216,112,11,6150.0,False
3216,116,16,6443.0,False
3216,119,13,6638.0,False
3216,120,2,6686.0,False
3216,121,6,6741.0,False
3216,123,18,6857.0,False
3217,25,8,1382.0,False
3217,44,19,2395.0,False
3217,60,1,3319.0,False
3217,63,14,3486.0,False
3217,75,17,4081.0,False
3217,77,12,4157.0,False
3217,78,13,4225.0,False
3217,82,5,4423.0,False
3217,91,15,4994.0,False
3217,93,11,5137.0,False
3217,97,7,5298.0,False
3217,105,2,5754.0,False
3217,108,10,5922.0,False
3217,109,9,6010.0,False
3217,110,4,6057.0,False
3217,116,18,6390.0,False
3217,117,3,6453.0,False
3217,118,16,6537.0,False
3217,122,0,6766.0,False
3217,123,6,6821.0,False
3218,45,8,2461.0,False
3218,53,7,2876.0,False
3218,56,15,3045.0,False
3218,70,4,3802.0,False
3218,73,0,4022.0,False
3218,74,12,4058.0,False
3218,76,19,4145.0,False
3218,79,14,4335.0,False
3218,83,13,4567.0,False
3218,84,17,4633.0,False
3218,97,5,5284.0,False
3218,100,1,5449.0,False
3218,103,9,5680.0,False
3218,106,16,5848.0,False
3218,111,2,6119.0,False
3218,113,18,6247.0,False
3218,115,10,6367.0,False
3218,117,3,6489.0,False
3218,121,11,6756.0,False
3218,123,6,6901.0,False
3219,26,8,1365.0,False
3219,49,4,2684.0,False
3219,52,17,2858.0,False
3219,65,15,3662.0,False
3219,74,19,4245.0,False
3219,82,5,4663.0,False
3219,90,12,5038.0,False
3219,91,7,5071.0,False
3219,92,0,5113.0,False
3219,93,13,5178.0,False
3219,97,14,5350.0,False
3219,99,16,5485.0,False
3219,106,10,5854.0,False
3219,109,3,6034.0,False
3219,112,1,6152.0,False
3219,115,9,6360.0,False
3219,117,11,6523.0,False
3219,120,2,6695.0,False
3219,122,18,6802.0,False
3219,123,6,6866.0,False
3220,24,8,1295.0,False
3220,28,14,1500.0,False
3220,63,19,3486.0,False
3220,64,18,3553.0,False
3220,65,17,3624.0,False
3220,71,4,3988.0,False
3220,78,13,4406.0,False
3220,83,0,4642.0,False
3220,87,12,4803.0,False
3220,99,7,5407.0,False
3220,102,3,5580.0,False
3220,104,10,5680.0,False
3220,108,15,5911.0,False
3220,111,5,6038.0,False
3220,112,9,6111.0,False
3220,114,2,6221.0,False
3220,115,6,6286.0,False
3220,116,1,6324.0,False
3220,122,16,6697.0,False
3220,123,11,6794.0,False
3221,38,14,2026.0,False
3221,40,8,2104.0,False
3221,62,18,3367.0,False
3221,70,4,3852.0,False
3221,76,2,4212.0,False
3221,79,17,4372.0,False
3221,84,16,4667.0,False
3221,88,7,4883.0,False
3221,89,12,4919.0,False
3221,95,10,5257.0,False
3221,97,13,5366.0,False
3221,98,9,5442.0,False
3221,101,19,5607.0,False
3221,104,0,5739.0,False
3221,107,5,5872.0,False
3221,111,15,6146.0,False
3221,114,6,6311.0,False
3221,121,3,6688.0,False
3221,122,1,6721.0,False
3221,123,11,6803.0,False
3222,25,14,1311.0,False
3222,36,8,1917.0,False
3222,66,5,3504.0,False
3222,69,19,3684.0,False
3222,75,18,4061.0,False
3222,76,10,4131.0,False
3222,77,12,4162.0,False
3222,84,4,4574.0,False
3222,92,9,5045.0,False
3222,94,13,5162.0,False
3222,98,1,5364.0,False
3222,99,15,5408.0,False
3222,102,7,5573.0,False
3222,106,16,5768.0,False
3222,107,0,5815.0,False
3222,112,17,6137.0,False
3222,114,2,6252.0,False
3222,116,11,6422.0,False
3222,118,6,6535.0,False
3222,123,3,6814.0,False
3223,23,8,1184.0,False
3223,29,2,1549.0,False
3223,32,14,1680.0,False
3223,57,13,3038.0,False
3223,63,19,3455.0,False
3223,70,15,3891.0,False
3223,75,7,4147.0,False
3223,76,9,4235.0,False
3223,86,10,4885.0,False
3223,89,18,5031.0,False
3223,95,12,5370.0,False
3223,96,4,5416.0,False
3223,104,6,5939.0,False
3223,109,17,6215.0,False
3223,110,5,6246.0,False
3223,114,16,6451.0,False
3223,116,0,6557.0,False
3223,118,3,6684.0,False
3223,122,11,6888.0,False
3223,123,1,6921.0,False
3224,30,7,1541.0,False
3224,40,8,2107.0,False
3224,51,9,2839.0,False
3224,57,14,3172.0,False
3224,70,2,3939.0,False
3224,71,15,3988.0,False
3224,73,19,4118.0,False
3224,74,10,4186.0,False
3224,79,12,4395.0,False
3224,85,4,4719.0,False
3224,87,13,4828.0,False
3224,91,17,5099.0,False
3224,99,3,5536.0,False
3224,107,1,5936.0,False
3224,110,0,6072.0,False
3224,112,11,6218.0,False
3224,113,18,6276.0,False
3224,120,5,6678.0,False
3224,121,6,6733.0,False
3224,123,16,6858.0,False
3225,29,17,1672.0,False
3225,56,14,3232.0,False
3225,62,4,3560.0,False
3225,68,8,3889.0,False
3225,75,12,4216.0,False
3225,78,2,4374.0,False
3225,79,10,4442.0,False
3225,85,13,4779.0,False
3225,86,9,4855.0,False
3225,87,7,4889.0,False
3225,89,18,5028.0,False
3225,90,1,5061.0,False
3225,92,15,5144.0,False
3225,97,19,5432.0,False
3225,105,6,5928.0,False
3225,116,5,6514.0,False
3225,120,0,6707.0,False
3225,121,3,6765.0,False
3225,122,11,6847.0,False
3225,123,16,6931.0,False
3226,44,8,2411.0,False
3226,54,17,2960.0,False
3226,55,2,3004.0,False
3226,57,13,3117.0,False
3226,65,14,3552.0,False
3226,74,12,4006.0,False
3226,76,7,4090.0,False
3226,80,9,4293.0,False
3226,93,18,5101.0,False
3226,95,4,5195.0,False
3226,100,10,5516.0,False
3226,102,16,5656.0,False
3226,110,0,6081.0,False
3226,113,3,6288.0,False
3226,114,15,6337.0,False
3226,115,6,6392.0,False
3226,116,5,6427.0,False
3226,121,19,6661.0,False
3226,122,1,6694.0,False
3226,123,11,6776.0,False
3227,35,17,1804.0,False
3227,48,14,2624.0,False
3227,63,9,3491.0,False
3227,66,8,3619.0,False
3227,69,6,3791.0,False
3227,76,2,4207.0,False
3227,85,4,4742.0,False
3227,86,12,4781.0,False
3227,88,1,4883.0,False
3227,91,13,5060.0,False
3227,95,10,5296.0,False
3227,99,16,5546.0,False
3227,102,7,5725.0,False
3227,107,5,5957.0,False
3227,114,15,6288.0,False
3227,115,18,6346.0,False
3227,118,19,6499.0,False
3227,119,0,6546.0,False
3227,120,11,6630.0,False
3227,123,3,6811.0,False
3228,42,4,2320.0,False
3228,60,17,3311.0,False
3228,67,0,3780.0,False
3228,71,12,3985.0,False
3228,72,13,4049.0,False
3228,77,10,4375.0,False
3228,79,16,4496.0,False
3228,92,7,5215.0,False
3228,93,5,5250.0,False
3228,94,9,5323.0,False
3228,97,14,5470.0,False
3228,98,2,5518.0,False
3228,100,1,5595.0,False
3228,102,18,5696.0,False
3228,106,6,5949.0,False
3228,107,19,6004.0,False
3228,112,8,6226.0,False
3228,115,15,6356.0,False
3228,119,3,6572.0,False
3228,123,11,6816.0,False
3229,70,15,3853.0,False
3229,72,2,3934.0,False
3229,73,0,3981.0,False
3229,76,9,4174.0,False
3229,82,5,4472.0,False
3229,84,13,4580.0,False
3229,87,8,4747.0,False
3229,91,18,5033.0,False
3229,95,19,5280.0,False
3229,96,17,5351.0,False
3229,99,10,5532.0,False
3229,103,3,5721.0,False
3229,104,4,5767.0,False
3229,105,12,5806.0,False
3229,109,7,6058.0,False
3229,110,14,6090.0,False
3229,111,6,6154.0,False
3229,113,1,6219.0,False
3229,119,11,6554.0,False
3229,123,16,6836.0,False
3230,33,4,1738.0,False
3230,55,8,3037.0,False
3230,65,7,3613.0,False
3230,67,12,3690.0,False
3230,71,17,3884.0,False
3230,73,18,4000.0,False
3230,92,19,5059.0,False
3230,96,14,5298.0,False
3230,100,1,5532.0,False
3230,102,5,5633.0,False
3230,103,13,5712.0,False
3230,106,2,5888.0,False
3230,109,3,6075.0,False
3230,111,15,6154.0,False
3230,112,10,6222.0,False
3230,114,0,6303.0,False
3230,116,6,6408.0,False
3230,118,9,6546.0,False
3230,122,16,6795.0,False
3230,123,11,6892.0,False
3231,33,2,1758.0,False
3231,69,17,3799.0,False
3231,76,4,4224.0,False
3231,78,8,4317.0,False
3231,83,18,4557.0,False
3231,91,5,4938.0,False
3231,92,3,4996.0,False
3231,94,11,5131.0,False
3231,95,14,5168.0,False
3231,96,0,5219.0,False
3231,97,12,5255.0,False
3231,100,6,5399.0,False
3231,105,15,5674.0,False
3231,108,13,5853.0,False
3231,110,19,5980.0,False
3231,115,9,6299.0,False
3231,117,10,6464.0,False
3231,118,7,6500.0,False
3231,122,1,6689.0,False
3231,123,16,6764.0,False
3232,42,4,2335.0,False
3232,50,13,2792.0,False
3232,65,8,3590.0,False
3232,66,15,3634.0,False
3232,85,3,4808.0,False
3232,88,17,4968.0,False
3232,89,18,5024.0,False
3232,90,2,5068.0,False
3232,91,5,5099.0,False
3232,94,14,5206.0,False
3232,95,10,5274.0,False
3232,99,19,5512.0,False
3232,104,7,5731.0,False
3232,106,12,5807.0,False
3232,108,6,5926.0,False
3232,109,11,6010.0,False
3232,112,9,6202.0,False
3232,114,0,6285.0,False
3232,115,1,6323.0,False
3232,123,16,6787.0,False
3233,33,4,1857.0,False
3233,62,8,3518.0,False
3233,71,14,3925.0,False
3233,73,17,4075.0,False
3233,77,5,4252.0,False
3233,78,1,4290.0,False
3233,90,2,4951.0,False
3233,91,3,5014.0,False
3233,93,7,5105.0,False
3233,94,13,5170.0,False
3233,95,19,5234.0,False
3233,98,12,5338.0,False
3233,99,6,5393.0,False
3233,107,15,5814.0,False
3233,112,18,6086.0,False
3233,114,10,6224.0,False
3233,116,0,6374.0,False
3233,117,11,6471.0,False
3233,121,9,6718.0,False
3233,123,16,6835.0,False
3234,24,4,1272.0,False
3234,51,13,2968.0,False
3234,59,12,3385.0,False
3234,60,2,3424.0,False
3234,72,17,4150.0,False
3234,77,7,4410.0,False
3234,84,9,4849.0,False
3234,88,3,5101.0,False
3234,90,14,5177.0,False
3234,99,15,5597.0,False
3234,101,10,5769.0,False
3234,102,5,5804.0,False
3234,104,8,5889.0,False
3234,107,18,6054.0,False
3234,109,0,6126.0,False
3234,112,6,6299.0,False
3234,119,11,6699.0,False
3234,120,1,6732.0,False
3234,121,19,6787.0,False
3234,123,16,6912.0,False
3235,36,4,1882.0,False
3235,47,12,2544.0,False
3235,63,6,3433.0,False
3235,65,17,3552.0,False
3235,76,8,4188.0,False
3235,78,2,4287.0,False
3235,80,18,4392.0,False
3235,83,7,4534.0,False
3235,85,15,4622.0,False
3235,91,5,4990.0,False
3235,92,10,5058.0,False
3235,98,14,5430.0,False
3235,105,13,5769.0,False
3235,106,0,5822.0,False
3235,107,3,5887.0,False
3235,108,1,5925.0,False
3235,112,19,6148.0,False
3235,113,9,6228.0,False
3235,118,11,6534.0,False
3235,123,16,6850.0,False
3236,36,4,1995.0,False
3236,53,2,2882.0,False
3236,55,14,3002.0,False
3236,70,12,3785.0,False
3236,73,5,3931.0,False
3236,88,6,4813.0,False
3236,89,13,4881.0,False
3236,93,7,5086.0,False
3236,94,15,5135.0,False
3236,95,3,5198.0,False
3236,97,10,5370.0,False
3236,100,11,5599.0,False
3236,103,17,5761.0,False
3236,104,8,5795.0,False
3236,113,0,6248.0,False
3236,114,18,6315.0,False
3236,115,1,6353.0,False
3236,117,16,6483.0,False
3236,121,19,6719.0,False
3236,123,9,6842.0,False
3237,25,4,1269.0,False
3237,33,17,1709.0,False
3237,54,19,2982.0,False
3237,56,8,3073.0,False
3237,59,14,3206.0,False
3237,61,15,3326.0,False
3237,62,7,3359.0,False
3237,81,5,4480.0,False
3237,85,1,4658.0,False
3237,88,2,4801.0,False
3237,94,13,5140.0,False
3237,100,12,5429.0,False
3237,104,9,5699.0,False
3237,107,3,5871.0,False
3237,108,6,5935.0,False
3237,109,11,6017.0,False
3237,111,10,6110.0,False
3237,112,18,6177.0,False
3237,119,0,6522.0,False
3237,123,16,6805.0,False
3238,38,17,2130.0,False
3238,51,4,2931.0,False
3238,57,14,3279.0,False
3238,71,7,4031.0,False
3238,79,15,4444.0,False
3238,80,2,4492.0,False
3238,89,5,4964.0,False
3238,91,13,5091.0,False
3238,94,8,5230.0,False
3238,95,6,5295.0,False
3238,97,12,5360.0,False
3238,101,3,5563.0,False
3238,106,19,5841.0,False
3238,108,18,5970.0,False
3238,110,1,6062.0,False
3238,111,10,6130.0,False
3238,114,9,6317.0,False
3238,115,11,6414.0,False
3238,121,16,6797.0,False
3238,123,0,6880.0,False
3239,41,8,2140.0,False
3239,43,4,2252.0,False
3239,48,10,2580.0,False
3239,68,17,3789.0,False
3239,72,14,3970.0,False
3239,76,12,4126.0,False
3239,78,15,4243.0,False
3239,81,6,4408.0,False
3239,94,9,5239.0,False
3239,96,3,5373.0,False
3239,102,2,5685.0,False
3239,106,13,5957.0,False
3239,107,5,5988.0,False
3239,109,18,6083.0,False
3239,117,7,6514.0,False
3239,118,0,6561.0,False
3239,119,19,6625.0,False
3239,121,16,6737.0,False
3239,122,11,6821.0,False
3239,123,1,6854.0,False
3240,20,17,1052.0,False
3240,39,8,2094.0,False
3240,53,4,2827.0,False
3240,58,14,3113.0,False
3240,69,12,3717.0,False
3240,74,2,3985.0,False
3240,79,15,4276.0,False
3240,82,5,4424.0,False
3240,88,1,4673.0,False
3240,93,10,4930.0,False
3240,97,13,5184.0,False
3240,104,0,5577.0,False
3240,105,6,5641.0,False
3240,109,9,5937.0,False
3240,110,19,5992.0,False
3240,111,7,6037.0,False
3240,112,18,6095.0,False
3240,116,3,6321.0,False
3240,118,11,6447.0,False
3240,123,16,6763.0,False
3241,51,17,2784.0,False
3241,65,12,3535.0,False
3241,66,14,3567.0,False
3241,68,2,3669.0,False
3241,73,0,3979.0,False
3241,74,8,4023.0,False
3241,76,4,4141.0,False
3241,79,15,4268.0,False
3241,87,10,4726.0,False
3241,89,5,4799.0,False
3241,96,13,5297.0,False
3241,101,6,5611.0,False
3241,105,18,5805.0,False
3241,109,11,6055.0,False
3241,113,7,6208.0,False
3241,115,9,6347.0,False
3241,116,1,6380.0,False
3241,117,3,6450.0,False
3241,121,19,6725.0,False
3241,123,16,6850.0,False
3242,31,17,1618.0,False
3242,42,1,2229.0,False
3242,58,7,3180.0,False
3242,59,12,3216.0,False
3242,85,8,4610.0,False
3242,87,15,4684.0,False
3242,91,4,4897.0,False
3242,93,0,5026.0,False
3242,97,14,5281.0,False
3242,106,3,5790.0,False
3242,107,13,5858.0,False
3242,108,5,5895.0,False
3242,112,6,6138.0,False
3242,115,10,6322.0,False
3242,116,19,6377.0,False
3242,118,16,6525.0,False
3242,119,11,6594.0,False
3242,121,2,6702.0,False
3242,122,9,6790.0,False
3242,123,18,6848.0,False
3243,16,17,811.0,False
3243,23,8,1140.0,False
3243,39,1,1992.0,False
3243,53,7,2825.0,False
3243,59,14,3200.0,False
3243,66,12,3504.0,False
3243,75,4,4013.0,False
3243,76,15,4063.0,False
3243,80,6,4328.0,False
3243,91,10,4965.0,False
3243,96,3,5208.0,False
3243,97,2,5252.0,False
3243,101,13,5523.0,False
3243,105,9,5801.0,False
3243,108,19,5974.0,False
3243,110,18,6078.0,False
3243,112,0,6186.0,False
3243,113,11,6268.0,False
3243,119,5,6542.0,False
3243,123,16,6833.0,False
3244,31,4,1672.0,False
3244,41,17,2287.0,False
3244,61,9,3404.0,False
3244,82,3,4546.0,False
3244,84,12,4653.0,False
3244,85,14,4685.0,False
3244,86,8,4719.0,False
3244,87,10,4789.0,False
3244,88,6,4853.0,False
3244,95,18,5236.0,False
3244,96,13,5300.0,False
3244,98,7,5398.0,False
3244,99,1,5436.0,False
3244,102,5,5596.0,False
3244,105,2,5752.0,False
3244,111,11,6078.0,False
3244,112,0,6129.0,False
3244,113,15,6178.0,False
3244,122,19,6673.0,False
3244,123,16,6748.0,False
3245,37,1,1929.0,False
3245,54,4,2915.0,False
3245,56,2,3036.0,False
3245,58,17,3166.0,False
3245,60,8,3282.0,False
3245,76,14,4288.0,False
3245,77,6,4352.0,False
3245,84,3,4780.0,False
3245,87,12,4905.0,False
3245,99,5,5441.0,False
3245,100,9,5521.0,False
3245,101,11,5618.0,False
3245,103,15,5706.0,False
3245,105,19,5815.0,False
3245,108,10,5957.0,False
3245,112,7,6212.0,False
3245,113,0,6265.0,False
3245,119,13,6658.0,False
3245,122,16,6858.0,False
3245,123,18,6925.0,False
3246,25,17,1322.0,False
3246,36,1,1865.0,False
3246,37,12,1891.0,False
3246,53,7,2848.0,False
3246,58,19,3150.0,False
3246,59,14,3188.0,False
3246,61,4,3307.0,False
3246,66,8,3549.0,False
3246,82,6,4533.0,False
3246,83,2,4572.0,False
3246,90,3,5001.0,False
3246,95,9,5291.0,False
3246,102,10,5674.0,False
3246,103,5,5709.0,False
3246,109,0,5978.0,False
3246,110,15,6027.0,False
3246,114,18,6277.0,False
3246,119,11,6626.0,False
3246,122,13,6800.0,False
3246,123,16,6875.0,False
3247,11,1,512.0,False
3247,26,4,1306.0,False
3247,35,17,1772.0,False
3247,56,14,2919.0,False
3247,63,8,3280.0,False
3247,64,3,3343.0,False
3247,76,15,4042.0,False
3247,79,9,4216.0,False
3247,81,12,4320.0,False
3247,88,6,4730.0,False
3247,90,2,4872.0,False
3247,92,10,4998.0,False
3247,95,19,5179.0,False
3247,101,0,5500.0,False
3247,112,5,6067.0,False
3247,113,7,6100.0,False
3247,115,11,6238.0,False
3247,118,18,6387.0,False
3247,121,13,6631.0,False
3247,123,16,6748.0,False
3248,33,4,1776.0,False
3248,34,17,1835.0,False
3248,38,1,1991.0,False
3248,50,14,2629.0,False
3248,65,12,3507.0,False
3248,66,15,3551.0,False
3248,67,19,3615.0,False
3248,83,3,4555.0,False
3248,85,8,4643.0,False
3248,90,9,4977.0,False
3248,95,13,5279.0,False
3248,99,6,5500.0,False
3248,101,5,5595.0,False
3248,106,7,5868.0,False
3248,109,10,6030.0,False
3248,110,0,6081.0,False
3248,111,11,6150.0,False
3248,115,2,6348.0,False
3248,118,18,6511.0,False
3248,123,16,6835.0,False
3249,21,4,1138.0,False
3249,46,14,2552.0,False
3249,55,17,3109.0,False
3249,65,12,3625.0,False
3249,66,1,3658.0,False
3249,70,6,3898.0,False
3249,75,9,4176.0,False
3249,82,19,4562.0,False
3249,85,8,4739.0,False
3249,87,13,4867.0,False
3249,95,15,5316.0,False
3249,100,2,5569.0,False
3249,104,3,5831.0,False
3249,111,0,6210.0,False
3249,112,18,6268.0,False
3249,114,10,6408.0,False
3249,118,16,6619.0,False
3249,121,7,6772.0,False
3249,122,11,6841.0,False
3249,123,5,6872.0,False
3250,47,1,2559.0,False
3250,48,4,2606.0,False
3250,53,9,2919.0,False
3250,62,17,3438.0,False
3250,63,8,3477.0,False
3250,69,12,3785.0,False
3250,73,14,3983.0,False
3250,74,13,4048.0,False
3250,75,19,4112.0,False
3250,89,0,4812.0,False
3250,95,5,5189.0,False
3250,98,18,5332.0,False
3250,99,10,5402.0,False
3250,107,15,5897.0,False
3250,108,7,5928.0,False
3250,112,3,6147.0,False
3250,115,16,6319.0,False
3250,117,6,6447.0,False
3250,119,2,6573.0,False
3250,123,11,6828.0,False
3251,38,17,2166.0,False
3251,42,4,2383.0,False
3251,63,1,3494.0,False
3251,64,10,3564.0,False
3251,65,6,3628.0,False
3251,71,15,3938.0,False
3251,78,8,4316.0,False
3251,87,12,4765.0,False
3251,88,7,4798.0,False
3251,97,2,5411.0,False
3251,102,14,5648.0,False
3251,105,19,5831.0,False
3251,107,11,5973.0,False
3251,109,13,6078.0,False
3251,113,3,6334.0,False
3251,116,9,6527.0,False
3251,120,0,6719.0,False
3251,121,5,6750.0,False
3251,122,18,6806.0,False
3251,123,16,6890.0,False
3252,28,8,1380.0,False
3252,32,17,1592.0,False
3252,33,1,1631.0,False
3252,49,4,2642.0,False
3252,59,12,3231.0,False
3252,60,19,3295.0,False
3252,65,18,3611.0,False
3252,86,13,4826.0,False
3252,94,10,5299.0,False
3252,95,7,5333.0,False
3252,100,6,5628.0,False
3252,101,3,5686.0,False
3252,103,15,5790.0,False
3252,107,0,5950.0,False
3252,108,14,5987.0,False
3252,113,9,6259.0,False
3252,115,5,6349.0,False
3252,118,11,6551.0,False
3252,119,2,6601.0,False
3252,123,16,6891.0,False
3253,41,4,2134.0,False
3253,51,1,2741.0,False
3253,59,12,3167.0,False
3253,68,3,3633.0,False
3253,69,8,3667.0,False
3253,76,17,4192.0,False
3253,78,7,4281.0,False
3253,80,19,4383.0,False
3253,84,10,4648.0,False
3253,86,18,4762.0,False
3253,93,14,5179.0,False
3253,98,6,5499.0,False
3253,99,15,5543.0,False
3253,108,13,6038.0,False
3253,114,11,6381.0,False
3253,118,5,6554.0,False
3253,120,0,6667.0,False
3253,121,16,6742.0,False
3253,122,2,6786.0,False
3253,123,9,6866.0,False
3254,14,4,668.0,False
3254,41,8,2203.0,False
3254,51,1,2729.0,False
3254,56,17,3077.0,False
3254,67,14,3689.0,False
3254,87,3,4873.0,False
3254,88,19,4937.0,False
3254,93,10,5174.0,False
3254,95,18,5290.0,False
3254,98,0,5452.0,False
3254,106,2,5888.0,False
3254,111,5,6123.0,False
3254,112,13,6188.0,False
3254,114,11,6314.0,False
3254,115,12,6353.0,False
3254,116,9,6441.0,False
3254,117,15,6485.0,False
3254,119,7,6601.0,False
3254,121,6,6724.0,False
3254,123,16,6849.0,False
3255,22,17,1198.0,False
3255,31,4,1659.0,False
3255,51,8,2791.0,False
3255,55,5,2981.0,False
3255,58,19,3140.0,False
3255,65,13,3577.0,False
3255,67,15,3655.0,False
3255,71,12,3905.0,False
3255,89,1,4854.0,False
3255,93,0,5067.0,False
3255,94,6,5132.0,False
3255,99,10,5428.0,False
3255,106,3,5861.0,False
3255,107,2,5909.0,False
3255,109,9,6067.0,False
3255,111,14,6141.0,False
3255,112,7,6177.0,False
3255,119,11,6627.0,False
3255,121,18,6762.0,False
3255,123,16,6888.0,False
3256,35,4,1870.0,False
3256,37,8,2007.0,False
3256,52,10,2852.0,False
3256,61,17,3341.0,False
3256,67,14,3662.0,False
3256,74,15,4095.0,False
3256,87,0,4911.0,False
3256,90,7,5066.0,False
3256,91,6,5130.0,False
3256,97,19,5476.0,False
3256,101,3,5667.0,False
3256,107,18,5974.0,False
3256,109,12,6044.0,False
3256,112,1,6167.0,False
3256,115,9,6348.0,False
3256,116,16,6432.0,False
3256,120,13,6680.0,False
3256,121,2,6724.0,False
3256,122,5,6755.0,False
3256,123,11,6839.0,False
3257,30,8,1580.0,False
3257,54,4,2924.0,False
3257,69,9,3728.0,False
3257,74,14,4061.0,False
3257,76,17,4185.0,False
3257,80,10,4435.0,False
3257,82,5,4520.0,False
3257,87,0,4759.0,False
3257,88,12,4795.0,False
3257,89,6,4860.0,False
3257,102,19,5597.0,False
3257,105,15,5739.0,False
3257,106,2,5787.0,False
3257,107,13,5852.0,False
3257,108,11,5936.0,False
3257,110,3,6058.0,False
3257,116,18,6367.0,False
3257,117,1,6406.0,False
3257,118,7,6442.0,False
3257,123,16,6766.0,False
3258,12,8,621.0,False
3258,27,17,1495.0,False
3258,36,4,2013.0,False
3258,53,5,2940.0,False
3258,61,0,3454.0,False
3258,71,13,4010.0,False
3258,75,6,4223.0,False
3258,77,1,4333.0,False
3258,84,14,4653.0,False
3258,93,3,5129.0,False
3258,98,19,5391.0,False
3258,104,9,5808.0,False
3258,105,12,5844.0,False
3258,106,15,5888.0,False
3258,109,2,6059.0,False
3258,118,16,6555.0,False
3258,120,11,6699.0,False
3258,121,7,6744.0,False
3258,122,18,6802.0,False
3258,123,10,6857.0,False
3259,34,17,1813.0,False
3259,37,19,1971.0,False
3259,41,4,2202.0,False
3259,48,8,2662.0,False
3259,58,0,3171.0,False
3259,68,6,3752.0,False
3259,74,14,4126.0,False
3259,76,15,4228.0,False
3259,91,2,5047.0,False
3259,94,12,5172.0,False
3259,96,13,5294.0,False
3259,100,7,5480.0,False
3259,101,5,5506.0,False
3259,104,10,5682.0,False
3259,105,11,5751.0,False
3259,107,18,5858.0,False
3259,118,3,6515.0,False
3259,120,16,6623.0,False
3259,121,1,6662.0,False
3259,123,9,6800.0,False
3260,47,4,2613.0,False
3260,55,8,3031.0,False
3260,61,17,3321.0,False
3260,69,11,3782.0,False
3260,72,9,4016.0,False
3260,74,19,4112.0,False
3260,78,15,4366.0,False
3260,82,14,4563.0,False
3260,85,7,4721.0,False
3260,86,5,4756.0,False
3260,92,6,5104.0,False
3260,101,1,5555.0,False
3260,108,0,5916.0,False
3260,110,2,6008.0,False
3260,113,10,6244.0,False
3260,116,3,6428.0,False
3260,117,18,6486.0,False
3260,120,12,6609.0,False
3260,121,16,6693.0,False
3260,123,13,6816.0,False
3261,30,6,1702.0,False
3261,59,8,3309.0,False
3261,75,10,4202.0,False
3261,76,5,4233.0,False
3261,81,0,4479.0,False
3261,83,7,4575.0,False
3261,88,14,4904.0,False
3261,90,11,5042.0,False
3261,92,1,5136.0,False
3261,94,19,5298.0,False
3261,96,4,5390.0,False
3261,102,2,5716.0,False
3261,104,13,5814.0,False
3261,106,17,5931.0,False
3261,108,9,6061.0,False
3261,116,16,6502.0,False
3261,119,18,6656.0,False
3261,120,15,6700.0,False
3261,121,3,6763.0,False
3261,123,12,6823.0,False
3262,36,4,1990.0,False
3262,39,8,2145.0,False
3262,48,6,2793.0,False
3262,62,0,3574.0,False
3262,74,15,4210.0,False
3262,79,19,4440.0,False
3262,80,1,4478.0,False
3262,83,17,4636.0,False
3262,90,10,5020.0,False
3262,99,18,5481.0,False
3262,100,9,5561.0,False
3262,107,3,5958.0,False
3262,108,12,5997.0,False
3262,109,11,6079.0,False
3262,110,14,6111.0,False
3262,112,5,6200.0,False
3262,115,7,6362.0,False
3262,116,13,6426.0,False
3262,119,2,6581.0,False
3262,123,16,6863.0,False
3263,33,17,1827.0,False
3263,58,8,3272.0,False
3263,61,6,3439.0,False
3263,69,19,3876.0,False
3263,73,3,4099.0,False
3263,76,9,4299.0,False
3263,83,7,4701.0,False
3263,84,4,4748.0,False
3263,93,2,5215.0,False
3263,95,18,5326.0,False
3263,96,1,5364.0,False
3263,103,11,5745.0,False
3263,106,10,5939.0,False
3263,109,14,6092.0,False
3263,112,5,6215.0,False
3263,113,15,6264.0,False
3263,115,0,6375.0,False
3263,120,13,6701.0,False
3263,122,12,6789.0,False
3263,123,16,6864.0,False
3264,23,1,1190.0,False
3264,49,8,2561.0,False
3264,63,15,3436.0,False
3264,75,4,4088.0,False
3264,76,7,4133.0,False
3264,80,6,4373.0,False
3264,83,17,4553.0,False
3264,90,5,4929.0,False
3264,92,2,5032.0,False
3264,93,0,5079.0,False
3264,94,3,5142.0,False
3264,100,19,5465.0,False
3264,104,9,5723.0,False
3264,106,18,5828.0,False
3264,110,11,6096.0,False
3264,114,12,6320.0,False
3264,115,14,6352.0,False
3264,117,13,6471.0,False
3264,121,10,6745.0,False
3264,123,16,6870.0,False
3265,60,5,3374.0,False
3265,66,1,3669.0,False
3265,75,4,4143.0,False
3265,81,10,4492.0,False
3265,82,17,4551.0,False
3265,83,9,4631.0,False
3265,85,16,4768.0,False
3265,89,6,5050.0,False
3265,92,14,5194.0,False
3265,94,8,5287.0,False
3265,100,3,5603.0,False
3265,107,11,6070.0,False
3265,108,19,6125.0,False
3265,109,18,6192.0,False
3265,113,7,6354.0,False
3265,116,15,6467.0,False
3265,118,0,6578.0,False
3265,120,12,6685.0,False
3265,121,2,6724.0,False
3265,123,13,6847.0,False
3266,43,8,2388.0,False
3266,45,14,2470.0,False
3266,50,17,2742.0,False
3266,60,1,3227.0,False
3266,67,4,3622.0,False
3266,70,5,3723.0,False
3266,71,18,3781.0,False
3266,86,0,4571.0,False
3266,88,7,4692.0,False
3266,93,2,5014.0,False
3266,94,6,5078.0,False
3266,98,3,5306.0,False
3266,100,15,5389.0,False
3266,102,12,5480.0,False
3266,105,10,5646.0,False
3266,106,13,5710.0,False
3266,112,19,6092.0,False
3266,114,11,6253.0,False
3266,117,9,6424.0,False
3266,123,16,6761.0,False
3267,38,17,2131.0,False
3267,54,4,3008.0,False
3267,58,1,3218.0,False
3267,63,3,3495.0,False
3267,67,0,3677.0,False
3267,70,14,3802.0,False
3267,71,8,3836.0,False
3267,78,7,4252.0,False
3267,83,6,4548.0,False
3267,86,19,4732.0,False
3267,93,10,5140.0,False
3267,95,13,5259.0,False
3267,97,18,5373.0,False
3267,100,5,5497.0,False
3267,104,12,5665.0,False
3267,106,9,5824.0,False
3267,109,15,6011.0,False
3267,114,11,6262.0,False
3267,120,16,6653.0,False
3267,123,2,6819.0,False
3268,28,14,1482.0,False
3268,45,19,2520.0,False
3268,52,6,2891.0,False
3268,53,17,2962.0,False
3268,54,9,3042.0,False
3268,61,1,3354.0,False
3268,63,10,3488.0,False
3268,68,8,3790.0,False
3268,80,4,4405.0,False
3268,85,7,4661.0,False
3268,86,0,4708.0,False
3268,95,2,5188.0,False
3268,103,18,5660.0,False
3268,104,3,5725.0,False
3268,107,12,5843.0,False
3268,108,15,5887.0,False
3268,111,5,6018.0,False
3268,112,13,6083.0,False
3268,119,11,6450.0,False
3268,123,16,6732.0,False
3269,45,8,2522.0,False
3269,48,19,2750.0,False
3269,73,15,4028.0,False
3269,76,14,4166.0,False
3269,77,17,4225.0,False
3269,78,11,4307.0,False
3269,81,13,4475.0,False
3269,86,4,4768.0,False
3269,90,1,4985.0,False
3269,91,0,5036.0,False
3269,92,9,5116.0,False
3269,93,2,5160.0,False
3269,96,3,5343.0,False
3269,106,18,5939.0,False
3269,110,6,6176.0,False
3269,111,10,6259.0,False
3269,112,7,6304.0,False
3269,115,5,6442.0,False
3269,118,12,6559.0,False
3269,123,16,6882.0,False
3270,40,0,2211.0,False
3270,47,3,2606.0,False
3270,51,14,2804.0,False
3270,58,17,3219.0,False
3270,60,8,3339.0,False
3270,71,1,3913.0,False
3270,74,6,4061.0,False
3270,79,4,4288.0,False
3270,85,19,4651.0,False
3270,89,9,4906.0,False
3270,90,15,4956.0,False
3270,97,2,5373.0,False
3270,103,5,5669.0,False
3270,108,7,5902.0,False
3270,112,12,6064.0,False
3270,113,13,6128.0,False
3270,115,11,6310.0,False
3270,119,10,6528.0,False
3270,121,18,6663.0,False
3270,123,16,6797.0,False
3271,44,0,2488.0,False
3271,63,8,3517.0,False
3271,65,4,3601.0,False
3271,70,14,3860.0,False
3271,74,19,4104.0,False
3271,76,1,4174.0,False
3271,84,17,4627.0,False
3271,86,3,4754.0,False
3271,89,6,4904.0,False
3271,92,15,5070.0,False
3271,101,11,5624.0,False
3271,102,7,5669.0,False
3271,104,10,5773.0,False
3271,105,5,5808.0,False
3271,107,12,5900.0,False
3271,109,18,6013.0,False
3271,110,9,6101.0,False
3271,118,16,6616.0,False
3271,121,2,6801.0,False
3271,123,13,6921.0,False
3272,32,1,1596.0,False
3272,61,14,3211.0,False
3272,63,8,3333.0,False
3272,68,4,3635.0,False
3272,73,7,3934.0,False
3272,74,17,4005.0,False
3272,86,0,4605.0,False
3272,93,15,4980.0,False
3272,94,16,5064.0,False
3272,95,3,5127.0,False
3272,98,12,5311.0,False
3272,105,6,5742.0,False
3272,108,11,5941.0,False
3272,110,19,6054.0,False
3272,115,13,6334.0,False
3272,118,18,6504.0,False
3272,120,5,6599.0,False
3272,121,9,6679.0,False
3272,122,10,6762.0,False
3272,123,2,6806.0,False
3273,37,14,2020.0,False
3273,54,18,2988.0,False
3273,59,17,3251.0,False
3273,70,3,3979.0,False
3273,74,8,4206.0,False
3273,79,1,4384.0,False
3273,89,0,4953.0,False
3273,92,9,5145.0,False
3273,93,13,5224.0,False
3273,94,6,5288.0,False
3273,97,19,5455.0,False
3273,98,2,5494.0,False
3273,101,11,5687.0,False
3273,108,16,6103.0,False
3273,112,10,6355.0,False
3273,114,5,6441.0,False
3273,117,4,6592.0,False
3273,118,7,6626.0,False
3273,120,15,6721.0,False
3273,123,12,6845.0,False
3274,32,19,1790.0,False
3274,57,1,3150.0,False
3274,61,17,3413.0,False
3274,67,14,3713.0,False
3274,70,8,3876.0,False
3274,75,0,4123.0,False
3274,77,13,4230.0,False
3274,89,7,4847.0,False
3274,94,12,5088.0,False
3274,97,3,5296.0,False
3274,100,18,5471.0,False
3274,101,4,5517.0,False
3274,102,15,5567.0,False
3274,109,5,5955.0,False
3274,110,11,6052.0,False
3274,116,9,6384.0,False
3274,117,6,6448.0,False
3274,121,16,6706.0,False
3274,122,10,6789.0,False
3274,123,2,6839.0,False
3275,37,14,2048.0,False
3275,50,3,2805.0,False
3275,59,19,3279.0,False
3275,61,0,3400.0,False
3275,72,9,4029.0,False
3275,79,1,4422.0,False
3275,80,4,4469.0,False
3275,82,6,4569.0,False
3275,86,8,4836.0,False
3275,87,12,4867.0,False
3275,89,7,4960.0,False
3275,96,17,5310.0,False
3275,100,11,5573.0,False
3275,110,15,6154.0,False
3275,111,13,6219.0,False
3275,112,16,6303.0,False
3275,114,18,6419.0,False
3275,117,2,6582.0,False
3275,119,5,6668.0,False
3275,123,10,6879.0,False
3276,52,18,2815.0,False
3276,60,7,3253.0,False
3276,66,14,3557.0,False
3276,67,17,3623.0,False
3276,77,8,4180.0,False
3276,86,13,4641.0,False
3276,93,19,5063.0,False
3276,94,15,5113.0,False
3276,96,3,5241.0,False
3276,97,4,5288.0,False
3276,104,0,5735.0,False
3276,106,9,5872.0,False
3276,111,11,6165.0,False
3276,112,6,6220.0,False
3276,113,1,6258.0,False
3276,116,5,6398.0,False
3276,117,10,6453.0,False
3276,120,12,6580.0,False
3276,121,16,6665.0,False
3276,123,2,6770.0,False
3277,51,3,2799.0,False
3277,58,14,3156.0,False
3277,62,18,3372.0,False
3277,71,15,3896.0,False
3277,72,19,3951.0,False
3277,76,4,4152.0,False
3277,78,1,4237.0,False
3277,80,12,4301.0,False
3277,83,5,4466.0,False
3277,88,9,4785.0,False
3277,91,11,4972.0,False
3277,93,6,5061.0,False
3277,94,0,5108.0,False
3277,100,17,5471.0,False
3277,108,2,5943.0,False
3277,113,16,6256.0,False
3277,114,7,6301.0,False
3277,119,8,6590.0,False
3277,122,13,6753.0,False
3277,123,10,6823.0,False
3278,34,17,1814.0,False
3278,40,15,2123.0,False
3278,48,1,2539.0,False
3278,55,9,2956.0,False
3278,70,7,3741.0,False
3278,71,18,3799.0,False
3278,79,10,4339.0,False
3278,87,3,4842.0,False
3278,89,4,4925.0,False
3278,99,13,5490.0,False
3278,102,11,5747.0,False
3278,103,8,5794.0,False
3278,111,5,6204.0,False
3278,115,2,6409.0,False
3278,116,0,6456.0,False
3278,117,19,6521.0,False
3278,118,14,6558.0,False
3278,119,16,6633.0,False
3278,122,12,6805.0,False
3278,123,6,6860.0,False
3279,60,12,3311.0,False
3279,69,15,3757.0,False
3279,73,18,4007.0,False
3279,75,17,4115.0,False
3279,77,9,4232.0,False
3279,88,14,4848.0,False
3279,91,1,5005.0,False
3279,92,4,5052.0,False
3279,94,11,5194.0,False
3279,101,3,5540.0,False
3279,105,2,5760.0,False
3279,108,13,5968.0,False
3279,110,19,6095.0,False
3279,111,10,6165.0,False
3279,112,0,6212.0,False
3279,113,8,6256.0,False
3279,114,7,6301.0,False
3279,118,5,6520.0,False
3279,122,16,6780.0,False
3279,123,6,6835.0,False
3280,18,18,899.0,False
3280,29,17,1530.0,False
3280,55,15,3028.0,False
3280,58,8,3179.0,False
3280,66,3,3635.0,False
3280,69,1,3841.0,False
3280,73,6,4091.0,False
3280,88,4,4997.0,False
3280,91,19,5154.0,False
3280,103,9,5773.0,False
3280,105,13,5922.0,False
3280,108,5,6066.0,False
3280,109,10,6136.0,False
3280,110,0,6183.0,False
3280,113,14,6348.0,False
3280,114,7,6393.0,False
3280,115,12,6419.0,False
3280,117,11,6558.0,False
3280,120,16,6751.0,False
3280,123,2,6910.0,False
3281,44,8,2464.0,False
3281,53,14,2977.0,False
3281,72,19,4146.0,False
3281,81,1,4607.0,False
3281,82,17,4671.0,False
3281,88,18,4951.0,False
3281,94,4,5332.0,False
3281,95,5,5369.0,False
3281,100,13,5657.0,False
3281,101,3,5722.0,False
3281,102,7,5758.0,False
3281,105,6,5899.0,False
3281,106,15,5943.0,False
3281,107,0,5994.0,False
3281,109,9,6138.0,False
3281,110,12,6174.0,False
3281,115,11,6511.0,False
3281,118,2,6669.0,False
3281,122,10,6892.0,False
3281,123,16,6967.0,False
3282,47,8,2551.0,False
3282,51,9,2778.0,False
3282,55,18,3036.0,False
3282,62,15,3458.0,False
3282,65,17,3627.0,False
3282,71,0,3994.0,False
3282,73,4,4136.0,False
3282,83,14,4727.0,False
3282,84,19,4791.0,False
3282,91,1,5159.0,False
3282,98,3,5574.0,False
3282,100,6,5676.0,False
3282,104,5,5874.0,False
3282,107,13,6037.0,False
3282,108,12,6076.0,False
3282,109,7,6110.0,False
3282,110,10,6180.0,False
3282,118,11,6681.0,False
3282,121,16,6874.0,False
3282,123,2,6990.0,False
3283,48,15,2663.0,False
3283,64,13,3526.0,False
3283,71,3,3975.0,False
3283,74,4,4129.0,False
3283,77,1,4266.0,False
3283,79,8,4384.0,False
3283,90,14,4989.0,False
3283,93,0,5151.0,False
3283,95,9,5280.0,False
3283,96,7,5316.0,False
3283,100,18,5525.0,False
3283,103,6,5729.0,False
3283,105,10,5850.0,False
3283,108,17,6015.0,False
3283,113,19,6332.0,False
3283,115,5,6433.0,False
3283,117,12,6503.0,False
3283,118,11,6600.0,False
3283,121,2,6743.0,False
3283,123,16,6877.0,False
3284,51,18,2816.0,False
3284,57,1,3136.0,False
3284,70,17,3827.0,False
3284,74,9,4082.0,False
3284,78,15,4286.0,False
3284,87,2,4827.0,False
3284,90,3,5015.0,False
3284,91,14,5053.0,False
3284,93,12,5121.0,False
3284,94,16,5196.0,False
3284,98,0,5382.0,False
3284,102,5,5587.0,False
3284,106,7,5847.0,False
3284,110,11,6069.0,False
3284,112,13,6225.0,False
3284,116,19,6451.0,False
3284,117,8,6498.0,False
3284,118,4,6544.0,False
3284,122,6,6785.0,False
3284,123,10,6868.0,False
3285,53,11,2826.0,False
3285,57,17,3139.0,False
3285,59,7,3228.0,False
3285,64,12,3485.0,False
3285,72,19,3958.0,False
3285,83,1,4514.0,False
3285,84,8,4548.0,False
3285,86,13,4667.0,False
3285,88,15,4765.0,False
3285,89,5,4800.0,False
3285,93,18,4983.0,False
3285,96,4,5110.0,False
3285,108,2,5816.0,False
3285,109,9,5896.0,False
3285,112,14,6072.0,False
3285,114,6,6174.0,False
3285,119,16,6518.0,False
3285,121,3,6624.0,False
3285,122,0,6671.0,False
3285,123,10,6739.0,False
3286,30,9,1663.0,False
3286,58,1,3188.0,False
3286,59,8,3222.0,False
3286,64,17,3464.0,False
3286,72,15,3892.0,False
3286,83,4,4486.0,False
3286,88,5,4758.0,False
3286,95,0,5198.0,False
3286,98,14,5369.0,False
3286,101,10,5549.0,False
3286,103,2,5653.0,False
3286,106,3,5812.0,False
3286,108,7,5909.0,False
3286,111,12,6029.0,False
3286,112,13,6097.0,False
3286,114,11,6253.0,False
3286,117,6,6430.0,False
3286,118,18,6497.0,False
3286,122,19,6744.0,False
3286,123,16,6819.0,False
3287,20,17,1047.0,False
3287,48,18,2691.0,False
3287,54,13,3075.0,False
3287,71,4,3949.0,False
3287,73,15,4051.0,False
3287,83,14,4626.0,False
3287,88,3,4932.0,False
3287,92,9,5157.0,False
3287,93,1,5190.0,False
3287,96,6,5371.0,False
3287,98,16,5482.0,False
3287,100,0,5567.0,False
3287,101,12,5603.0,False
3287,108,11,6029.0,False
3287,109,2,6073.0,False
3287,114,8,6340.0,False
3287,115,5,6366.0,False
3287,119,19,6597.0,False
3287,122,7,6741.0,False
3287,123,10,6811.0,False
3288,46,19,2515.0,False
3288,56,4,3104.0,False
3288,61,17,3392.0,False
3288,63,7,3499.0,False
3288,72,15,4000.0,False
3288,74,3,4130.0,False
3288,77,14,4290.0,False
3288,86,9,4845.0,False
3288,89,13,5029.0,False
3288,93,8,5206.0,False
3288,102,18,5647.0,False
3288,103,1,5685.0,False
3288,104,12,5711.0,False
3288,109,10,5994.0,False
3288,111,5,6095.0,False
3288,112,0,6142.0,False
3288,113,6,6206.0,False
3288,115,11,6352.0,False
3288,116,2,6396.0,False
3288,123,16,6801.0,False
3289,38,19,2176.0,False
3289,50,17,2822.0,False
3289,67,7,3841.0,False
3289,69,4,3932.0,False
3289,71,14,4009.0,False
3289,74,15,4139.0,False
3289,90,1,4958.0,False
3289,95,8,5212.0,False
3289,97,5,5323.0,False
3289,99,3,5444.0,False
3289,101,12,5536.0,False
3289,102,10,5606.0,False
3289,104,6,5705.0,False
3289,107,13,5886.0,False
3289,108,18,5944.0,False
3289,113,0,6173.0,False
3289,116,11,6379.0,False
3289,118,9,6523.0,False
3289,120,16,6680.0,False
3289,123,2,6839.0,False
3290,44,0,2388.0,False
3290,46,4,2482.0,False
3290,69,3,3816.0,False
3290,72,18,3979.0,False
3290,75,17,4162.0,False
3290,83,11,4629.0,False
3290,84,9,4717.0,False
3290,91,10,5139.0,False
3290,92,2,5187.0,False
3290,95,19,5384.0,False
3290,98,8,5595.0,False
3290,102,15,5811.0,False
3290,105,13,5974.0,False
3290,107,14,6048.0,False
3290,112,1,6288.0,False
3290,114,6,6408.0,False
3290,118,5,6659.0,False
3290,120,12,6729.0,False
3290,122,7,6823.0,False
3290,123,16,6907.0,False
3291,38,15,2101.0,False
3291,45,19,2492.0,False
3291,58,4,3287.0,False
3291,60,3,3426.0,False
3291,62,17,3528.0,False
3291,68,14,3880.0,False
3291,76,8,4252.0,False
3291,80,1,4456.0,False
3291,87,12,4838.0,False
3291,90,9,4993.0,False
3291,93,0,5146.0,False
3291,95,18,5253.0,False
3291,96,7,5289.0,False
3291,106,6,5847.0,False
3291,109,11,6046.0,False
3291,115,13,6424.0,False
3291,117,5,6524.0,False
3291,120,16,6710.0,False
3291,121,2,6760.0,False
3291,123,10,6873.0,False
3292,22,19,1151.0,False
3292,40,15,2248.0,False
3292,46,17,2589.0,False
3292,63,4,3497.0,False
3292,84,9,4749.0,False
3292,85,8,4783.0,False
3292,93,11,5241.0,False
3292,94,14,5279.0,False
3292,95,16,5363.0,False
3292,100,18,5673.0,False
3292,102,3,5784.0,False
3292,105,1,5912.0,False
3292,107,2,6031.0,False
3292,109,5,6117.0,False
3292,114,12,6399.0,False
3292,117,13,6603.0,False
3292,120,7,6705.0,False
3292,121,0,6756.0,False
3292,122,10,6826.0,False
3292,123,6,6890.0,False
3293,45,7,2398.0,False
3293,48,4,2551.0,False
3293,59,17,3208.0,False
3293,65,15,3475.0,False
3293,69,8,3714.0,False
3293,73,9,3943.0,False
3293,74,6,4007.0,False
3293,81,19,4418.0,False
3293,83,2,4528.0,False
3293,85,0,4652.0,False
3293,98,1,5368.0,False
3293,100,18,5461.0,False
3293,106,12,5774.0,False
3293,111,11,6099.0,False
3293,113,13,6218.0,False
3293,115,3,6373.0,False
3293,116,5,6410.0,False
3293,117,14,6447.0,False
3293,122,10,6738.0,False
3293,123,16,6813.0,False
3294,47,19,2703.0,False
3294,51,14,2880.0,False
3294,54,17,3060.0,False
3294,59,7,3334.0,False
3294,69,3,3893.0,False
3294,72,4,4039.0,False
3294,77,15,4307.0,False
3294,81,9,4536.0,False
3294,82,0,4587.0,False
3294,89,1,4932.0,False
3294,96,18,5327.0,False
3294,100,8,5540.0,False
3294,101,13,5604.0,False
3294,104,12,5743.0,False
3294,107,10,5905.0,False
3294,111,11,6123.0,False
3294,117,16,6493.0,False
3294,119,5,6594.0,False
3294,120,2,6638.0,False
3294,123,6,6849.0,False
3295,39,15,2160.0,False
3295,44,17,2404.0,False
3295,66,8,3691.0,False
3295,69,7,3865.0,False
3295,73,19,4075.0,False
3295,79,3,4451.0,False
3295,82,12,4631.0,False
3295,83,9,4704.0,False
3295,84,13,4783.0,False
3295,85,14,4815.0,False
3295,98,1,5491.0,False
3295,99,6,5555.0,False
3295,100,0,5606.0,False
3295,105,5,5864.0,False
3295,106,18,5920.0,False
3295,112,4,6231.0,False
3295,118,10,6610.0,False
3295,120,11,6747.0,False
3295,122,16,6872.0,False
3295,123,2,6922.0,False
3296,38,7,2177.0,False
3296,59,15,3376.0,False
3296,63,9,3591.0,False
3296,67,17,3794.0,False
3296,78,1,4340.0,False
3296,83,13,4638.0,False
3296,84,0,4680.0,False
3296,87,11,4877.0,False
3296,95,5,5298.0,False
3296,98,19,5482.0,False
3296,105,12,5803.0,False
3296,106,2,5842.0,False
3296,110,6,6093.0,False
3296,113,3,6303.0,False
3296,114,14,6341.0,False
3296,115,10,6409.0,False
3296,116,8,6443.0,False
3296,119,18,6633.0,False
3296,120,4,6679.0,False
3296,123,16,6864.0,False
3297,35,15,1979.0,False
3297,43,19,2391.0,False
3297,44,4,2430.0,False
3297,65,14,3659.0,False
3297,73,9,4073.0,False
3297,78,17,4344.0,False
3297,89,8,4879.0,False
3297,90,11,4961.0,False
3297,92,0,5047.0,False
3297,97,1,5346.0,False
3297,99,10,5476.0,False
3297,101,12,5562.0,False
3297,103,7,5649.0,False
3297,105,13,5750.0,False
3297,110,3,6024.0,False
3297,114,5,6246.0,False
3297,115,18,6304.0,False
3297,117,16,6454.0,False
3297,118,6,6509.0,False
3297,123,2,6799.0,False
3298,28,15,1447.0,False
3298,46,11,2537.0,False
3298,59,19,3312.0,False
3298,68,13,3816.0,False
3298,73,12,4046.0,False
3298,75,14,4128.0,False
3298,77,1,4200.0,False
3298,80,17,4412.0,False
3298,87,0,4777.0,False
3298,89,9,4909.0,False
3298,90,4,4956.0,False
3298,94,6,5205.0,False
3298,98,7,5423.0,False
3298,99,8,5470.0,False
3298,106,10,5868.0,False
3298,107,18,5926.0,False
3298,111,3,6169.0,False
3298,114,5,6305.0,False
3298,118,16,6558.0,False
3298,123,2,6847.0,False
3299,27,15,1426.0,False
3299,49,6,2804.0,False
3299,52,4,2935.0,False
3299,71,17,3977.0,False
3299,72,7,4008.0,False
3299,73,3,4071.0,False
3299,77,14,4244.0,False
3299,85,8,4702.0,False
3299,88,1,4835.0,False
3299,94,19,5193.0,False
3299,95,9,5273.0,False
3299,97,2,5372.0,False
3299,103,11,5752.0,False
3299,106,10,5898.0,False
3299,109,12,6030.0,False
3299,112,13,6198.0,False
3299,115,5,6312.0,False
3299,116,0,6359.0,False
3299,121,16,6708.0,False
3299,123,18,6824.0,False
3300,15,15,659.0,False
3300,36,4,1867.0,False
3300,38,17,2010.0,False
3300,41,19,2171.0,False
3300,67,8,3754.0,False
3300,73,9,4180.0,False
3300,75,5,4266.0,False
3300,79,14,4443.0,False
3300,80,11,4525.0,False
3300,81,7,4559.0,False
3300,87,0,4897.0,False
3300,94,3,5277.0,False
3300,103,13,5789.0,False
3300,106,1,5902.0,False
3300,110,12,6096.0,False
3300,112,18,6187.0,False
3300,114,6,6317.0,False
3300,119,16,6619.0,False
3300,121,10,6733.0,False
3300,123,2,6847.0,False
3301,43,4,2417.0,False
3301,46,15,2578.0,False
3301,53,17,2959.0,False
3301,60,18,3360.0,False
3301,67,7,3676.0,False
3301,75,9,4199.0,False
3301,78,11,4374.0,False
3301,87,19,4852.0,False
3301,88,10,4922.0,False
3301,89,13,4986.0,False
3301,94,12,5260.0,False
3301,104,5,5764.0,False
3301,108,0,6023.0,False
3301,110,2,6156.0,False
3301,112,14,6262.0,False
3301,116,3,6521.0,False
3301,117,8,6555.0,False
3301,120,16,6747.0,False
3301,121,6,6802.0,False
3301,123,1,6873.0,False
3302,37,14,2019.0,False
3302,42,15,2298.0,False
3302,44,17,2405.0,False
3302,48,19,2613.0,False
3302,49,7,2658.0,False
3302,58,4,3207.0,False
3302,64,3,3539.0,False
3302,91,13,5150.0,False
3302,92,18,5206.0,False
3302,96,8,5395.0,False
3302,99,9,5584.0,False
3302,100,5,5610.0,False
3302,107,10,5993.0,False
3302,112,6,6221.0,False
3302,113,1,6254.0,False
3302,114,12,6280.0,False
3302,115,11,6362.0,False
3302,116,0,6404.0,False
3302,119,2,6532.0,False
3302,123,16,6813.0,False
3303,35,4,1974.0,False
3303,51,14,2846.0,False
3303,52,19,2910.0,False
3303,61,13,3421.0,False
3303,69,17,3860.0,False
3303,70,7,3891.0,False
3303,78,9,4341.0,False
3303,79,15,4385.0,False
3303,80,3,4455.0,False
3303,90,5,4974.0,False
3303,96,18,5329.0,False
3303,100,10,5538.0,False
3303,102,8,5627.0,False
3303,106,1,5799.0,False
3303,113,11,6207.0,False
3303,116,2,6368.0,False
3303,117,12,6404.0,False
3303,119,6,6534.0,False
3303,122,16,6701.0,False
3303,123,0,6748.0,False
3304,46,8,2568.0,False
3304,50,17,2821.0,False
3304,54,4,3014.0,False
3304,61,5,3430.0,False
3304,70,13,3922.0,False
3304,71,15,3972.0,False
3304,74,19,4138.0,False
3304,80,14,4471.0,False
3304,81,3,4541.0,False
3304,86,1,4763.0,False
3304,90,7,5002.0,False
3304,101,0,5548.0,False
3304,107,12,5841.0,False
3304,109,9,5967.0,False
3304,114,11,6280.0,False
3304,116,18,6426.0,False
3304,117,16,6510.0,False
3304,121,10,6788.0,False
3304,122,2,6832.0,False
3304,123,6,6887.0,False
3305,24,15,1129.0,False
3305,35,17,1830.0,False
3305,49,4,2698.0,False
3305,65,14,3614.0,False
3305,66,13,3679.0,False
3305,71,0,3953.0,False
3305,73,7,4023.0,False
3305,80,11,4450.0,False
3305,81,3,4508.0,False
3305,83,1,4579.0,False
3305,94,8,5164.0,False
3305,98,19,5392.0,False
3305,101,6,5602.0,False
3305,109,12,6013.0,False
3305,111,2,6100.0,False
3305,114,16,6281.0,False
3305,118,9,6529.0,False
3305,120,5,6615.0,False
3305,121,18,6671.0,False
3305,123,10,6797.0,False
3306,60,15,3363.0,False
3306,61,4,3410.0,False
3306,63,9,3542.0,False
3306,65,8,3684.0,False
3306,70,17,3950.0,False
3306,72,19,4051.0,False
3306,76,11,4286.0,False
3306,85,12,4798.0,False
3306,87,7,4857.0,False
3306,91,14,5106.0,False
3306,97,0,5396.0,False
3306,99,5,5482.0,False
3306,100,13,5547.0,False
3306,108,10,5975.0,False
3306,110,3,6104.0,False
3306,111,2,6152.0,False
3306,115,1,6352.0,False
3306,117,6,6482.0,False
3306,120,18,6673.0,False
3306,123,16,6858.0,False
3307,37,4,1993.0,False
3307,44,17,2415.0,False
3307,62,0,3423.0,False
3307,64,15,3545.0,False
3307,75,13,4157.0,False
3307,78,9,4354.0,False
3307,80,3,4490.0,False
3307,88,10,4902.0,False
3307,94,12,5170.0,False
3307,95,11,5254.0,False
3307,96,7,5290.0,False
3307,97,6,5354.0,False
3307,101,1,5577.0,False
3307,102,19,5641.0,False
3307,103,18,5708.0,False
3307,104,14,5740.0,False
3307,116,8,6409.0,False
3307,118,16,6533.0,False
3307,119,2,6583.0,False
3307,123,5,6768.0,False
3308,25,15,1168.0,False
3308,47,17,2547.0,False
3308,51,13,2841.0,False
3308,60,4,3378.0,False
3308,72,8,4039.0,False
3308,73,14,4071.0,False
3308,82,3,4541.0,False
3308,92,19,5176.0,False
3308,95,6,5315.0,False
3308,96,7,5360.0,False
3308,103,9,5814.0,False
3308,105,11,5953.0,False
3308,108,1,6063.0,False
3308,110,16,6191.0,False
3308,116,5,6488.0,False
3308,117,12,6524.0,False
3308,118,0,6566.0,False
3308,119,18,6624.0,False
3308,121,2,6727.0,False
3308,123,10,6840.0,False
3309,43,15,2359.0,False
3309,59,0,3206.0,False
3309,72,8,3914.0,False
3309,80,5,4419.0,False
3309,81,3,4477.0,False
3309,84,17,4615.0,False
3309,89,12,4853.0,False
3309,96,10,5208.0,False
3309,99,13,5387.0,False
3309,102,14,5577.0,False
3309,104,18,5704.0,False
3309,105,6,5768.0,False
3309,108,4,5916.0,False
3309,109,2,5966.0,False
3309,112,11,6145.0,False
3309,113,9,6233.0,False
3309,115,19,6360.0,False
3309,116,7,6405.0,False
3309,117,1,6444.0,False
3309,123,16,6789.0,False
3310,36,15,1906.0,False
3310,43,14,2321.0,False
3310,53,4,2924.0,False
3310,71,13,3911.0,False
3310,83,11,4635.0,False
3310,87,7,4830.0,False
3310,92,10,5081.0,False
3310,93,8,5128.0,False
3310,97,1,5292.0,False
3310,98,19,5356.0,False
3310,99,18,5423.0,False
3310,103,17,5679.0,False
3310,104,12,5705.0,False
3310,108,6,5972.0,False
3310,109,9,6052.0,False
3310,113,3,6315.0,False
3310,118,5,6537.0,False
3310,119,0,6584.0,False
3310,122,16,6790.0,False
3310,123,2,6840.0,False
3311,53,19,2903.0,False
3311,57,15,3071.0,False
3311,59,12,3162.0,False
3311,66,8,3502.0,False
3311,67,17,3568.0,False
3311,72,1,3875.0,False
3311,77,4,4150.0,False
3311,80,10,4297.0,False
3311,88,7,4690.0,False
3311,93,13,5003.0,False
3311,98,0,5295.0,False
3311,101,11,5467.0,False
3311,103,18,5569.0,False
3311,105,3,5682.0,False
3311,107,14,5801.0,False
3311,110,5,5934.0,False
3311,111,9,6022.0,False
3311,116,6,6347.0,False
3311,119,2,6513.0,False
3311,123,16,6786.0,False
3312,25,4,1306.0,False
3312,32,15,1745.0,False
3312,50,19,2746.0,False
3312,62,1,3413.0,False
3312,68,18,3718.0,False
3312,69,8,3762.0,False
3312,81,14,4373.0,False
3312,82,17,4432.0,False
3312,88,9,4752.0,False
3312,89,7,4788.0,False
3312,91,12,4870.0,False
3312,95,11,5114.0,False
3312,97,3,5236.0,False
3312,99,5,5309.0,False
3312,104,0,5594.0,False
3312,106,10,5760.0,False
3312,113,6,6236.0,False
3312,117,16,6478.0,False
3312,122,13,6783.0,False
3312,123,2,6827.0,False
3313,29,15,1422.0,False
3313,68,18,3842.0,False
3313,71,14,4001.0,False
3313,76,10,4271.0,False
3313,80,9,4504.0,False
3313,85,4,4789.0,False
3313,90,0,5056.0,False
3313,95,13,5331.0,False
3313,96,19,5396.0,False
3313,99,12,5551.0,False
3313,103,5,5784.0,False
3313,105,7,5864.0,False
3313,107,8,5945.0,False
3313,110,3,6111.0,False
3313,112,1,6199.0,False
3313,113,6,6263.0,False
3313,114,17,6327.0,False
3313,116,16,6452.0,False
3313,118,11,6582.0,False
3313,123,2,6860.0,False
3314,21,15,993.0,False
3314,41,12,2093.0,False
3314,45,4,2314.0,False
3314,55,9,2895.0,False
3314,61,14,3254.0,False
3314,64,19,3493.0,False
3314,67,17,3638.0,False
3314,70,1,3754.0,False
3314,82,8,4474.0,False
3314,100,18,5493.0,False
3314,101,6,5557.0,False
3314,105,13,5822.0,False
3314,109,11,6126.0,False
3314,110,5,6161.0,False
3314,112,2,6235.0,False
3314,113,3,6293.0,False
3314,117,7,6514.0,False
3314,120,0,6671.0,False
3314,122,10,6784.0,False
3314,123,16,6868.0,False
3315,35,17,1799.0,False
3315,37,15,1904.0,False
3315,47,4,2499.0,False
3315,67,19,3669.0,False
3315,77,18,4211.0,False
3315,80,13,4392.0,False
3315,81,7,4426.0,False
3315,82,14,4464.0,False
3315,84,12,4540.0,False
3315,98,0,5287.0,False
3315,99,8,5331.0,False
3315,102,9,5540.0,False
3315,103,10,5623.0,False
3315,107,3,5832.0,False
3315,109,5,5899.0,False
3315,117,1,6306.0,False
3315,119,16,6456.0,False
3315,120,2,6504.0,False
3315,122,6,6632.0,False
3315,123,11,6714.0,False
3316,48,15,2681.0,False
3316,56,17,3134.0,False
3316,57,7,3179.0,False
3316,64,8,3617.0,False
3316,65,19,3672.0,False
3316,67,5,3749.0,False
3316,70,4,3909.0,False
3316,78,12,4322.0,False
3316,80,14,4410.0,False
3316,87,1,4752.0,False
3316,88,18,4810.0,False
3316,89,9,4883.0,False
3316,93,10,5154.0,False
3316,99,13,5534.0,False
3316,104,3,5820.0,False
3316,111,6,6264.0,False
3316,116,11,6577.0,False
3316,119,16,6741.0,False
3316,122,2,6895.0,False
3316,123,0,6942.0,False
3317,34,15,1793.0,False
3317,40,4,2099.0,False
3317,44,17,2355.0,False
3317,53,12,2874.0,False
3317,65,14,3510.0,False
3317,66,19,3565.0,False
3317,77,9,4263.0,False
3317,89,10,4929.0,False
3317,92,11,5092.0,False
3317,95,5,5226.0,False
3317,98,13,5375.0,False
3317,102,18,5600.0,False
3317,103,2,5648.0,False
3317,108,3,5954.0,False
3317,109,8,5998.0,False
3317,110,1,6031.0,False
3317,112,7,6120.0,False
3317,115,0,6239.0,False
3317,122,16,6694.0,False
3317,123,6,6749.0,False
3318,16,14,839.0,False
3318,55,15,3073.0,False
3318,56,4,3120.0,False
3318,62,17,3476.0,False
3318,70,9,3947.0,False
3318,77,5,4315.0,False
3318,78,19,4380.0,False
3318,84,8,4657.0,False
3318,91,11,5026.0,False
3318,99,18,5430.0,False
3318,100,12,5469.0,False
3318,101,0,5511.0,False
3318,103,1,5633.0,False
3318,106,3,5811.0,False
3318,111,7,6102.0,False
3318,114,2,6294.0,False
3318,119,10,6568.0,False
3318,120,13,6632.0,False
3318,121,16,6716.0,False
3318,123,6,6840.0,False
3319,36,15,1851.0,False
3319,37,12,1877.0,False
3319,40,8,2078.0,False
3319,52,7,2823.0,False
3319,59,4,3162.0,False
3319,65,14,3512.0,False
3319,69,17,3718.0,False
3319,79,19,4321.0,False
3319,87,13,4819.0,False
3319,88,3,4884.0,False
3319,93,9,5176.0,False
3319,96,1,5300.0,False
3319,97,5,5335.0,False
3319,98,18,5393.0,False
3319,102,10,5625.0,False
3319,105,6,5788.0,False
3319,112,11,6177.0,False
3319,118,16,6591.0,False
3319,120,0,6674.0,False
3319,123,2,6827.0,False
3320,30,15,1522.0,False
3320,42,12,2187.0,False
3320,52,4,2767.0,False
3320,54,14,2905.0,False
3320,60,10,3259.0,False
3320,61,0,3312.0,False
3320,72,7,3908.0,False
3320,74,9,4035.0,False
3320,90,19,4937.0,False
3320,99,17,5443.0,False
3320,101,18,5548.0,False
3320,103,8,5656.0,False
3320,108,13,5950.0,False
3320,109,3,6015.0,False
3320,110,1,6048.0,False
3320,115,2,6313.0,False
3320,116,5,6344.0,False
3320,118,11,6468.0,False
3320,119,6,6532.0,False
3320,123,16,6805.0,False
3321,23,7,1202.0,False
3321,39,12,2068.0,False
3321,41,8,2157.0,False
3321,46,14,2413.0,False
3321,50,4,2574.0,False
3321,63,17,3378.0,False
3321,66,15,3522.0,False
3321,77,9,4141.0,False
3321,80,18,4325.0,False
3321,91,0,4901.0,False
3321,94,19,5093.0,False
3321,105,13,5714.0,False
3321,106,1,5747.0,False
3321,108,5,5831.0,False
3321,110,11,5986.0,False
3321,111,2,6030.0,False
3321,113,10,6136.0,False
3321,119,16,6531.0,False
3321,121,6,6655.0,False
3321,123,3,6789.0,False
3322,44,15,2480.0,False
3322,47,17,2691.0,False
3322,51,14,2899.0,False
3322,55,19,3158.0,False
3322,60,12,3418.0,False
3322,71,4,3961.0,False
3322,77,7,4235.0,False
3322,81,8,4452.0,False
3322,89,1,4951.0,False
3322,95,9,5353.0,False
3322,97,13,5488.0,False
3322,107,16,6076.0,False
3322,108,18,6143.0,False
3322,109,11,6225.0,False
3322,110,6,6289.0,False
3322,114,0,6473.0,False
3322,115,3,6536.0,False
3322,118,10,6720.0,False
3322,119,2,6764.0,False
3322,123,5,6949.0,False
3323,40,14,2130.0,False
3323,54,15,2939.0,False
3323,63,12,3347.0,False
3323,64,4,3393.0,False
3323,70,10,3773.0,False
3323,73,19,3945.0,False
3323,75,17,4093.0,False
3323,92,9,5038.0,False
3323,95,3,5233.0,False
3323,103,7,5689.0,False
3323,106,13,5840.0,False
3323,110,5,6016.0,False
3323,111,18,6074.0,False
3323,112,6,6138.0,False
3323,113,1,6176.0,False
3323,114,16,6251.0,False
3323,117,11,6468.0,False
3323,119,0,6549.0,False
3323,120,8,6593.0,False
3323,123,2,6736.0,False
3324,38,18,2022.0,False
3324,41,15,2220.0,False
3324,48,19,2593.0,False
3324,62,12,3381.0,False
3324,67,14,3667.0,False
3324,74,1,4053.0,False
3324,79,4,4295.0,False
3324,80,7,4331.0,False
3324,83,11,4534.0,False
3324,86,8,4675.0,False
3324,94,9,5166.0,False
3324,95,13,5245.0,False
3324,96,3,5310.0,False
3324,103,17,5704.0,False
3324,106,0,5850.0,False
3324,116,10,6449.0,False
3324,118,5,6546.0,False
3324,121,2,6715.0,False
3324,122,16,6790.0,False
3324,123,6,6845.0,False
3325,19,4,958.0,False
3325,47,7,2522.0,False
3325,69,15,3756.0,False
3325,71,13,3886.0,False
3325,76,8,4152.0,False
3325,81,14,4409.0,False
3325,84,12,4520.0,False
3325,90,9,4890.0,False
3325,92,11,5040.0,False
3325,97,19,5303.0,False
3325,98,18,5370.0,False
3325,105,17,5773.0,False
3325,106,3,5836.0,False
3325,114,5,6291.0,False
3325,115,10,6361.0,False
3325,117,0,6449.0,False
3325,119,1,6538.0,False
3325,120,16,6623.0,False
3325,122,2,6752.0,False
3325,123,6,6807.0,False
3326,44,12,2426.0,False
3326,45,14,2458.0,False
3326,54,9,2944.0,False
3326,57,15,3107.0,False
3326,64,17,3506.0,False
3326,69,4,3821.0,False
3326,78,7,4302.0,False
3326,82,8,4497.0,False
3326,86,0,4691.0,False
3326,90,2,4879.0,False
3326,100,1,5366.0,False
3326,104,3,5575.0,False
3326,106,13,5698.0,False
3326,108,19,5817.0,False
3326,109,5,5854.0,False
3326,110,18,5921.0,False
3326,115,11,6263.0,False
3326,120,16,6631.0,False
3326,122,6,6730.0,False
3326,123,10,6813.0,False
3327,21,4,1000.0,False
3327,48,17,2565.0,False
3327,50,15,2656.0,False
3327,62,12,3368.0,False
3327,66,3,3582.0,False
3327,78,11,4262.0,False
3327,80,8,4365.0,False
3327,87,14,4770.0,False
3327,92,10,5055.0,False
3327,95,1,5171.0,False
3327,99,9,5427.0,False
3327,100,0,5480.0,False
3327,102,7,5567.0,False
3327,104,5,5675.0,False
3327,109,13,5988.0,False
3327,110,18,6046.0,False
3327,111,19,6110.0,False
3327,120,2,6612.0,False
3327,121,16,6687.0,False
3327,123,6,6815.0,False
3328,30,12,1481.0,False
3328,49,8,2581.0,False
3328,54,4,2776.0,False
3328,67,15,3625.0,False
3328,68,14,3657.0,False
3328,73,10,3933.0,False
3328,74,18,3991.0,False
3328,88,17,4774.0,False
3328,92,6,4973.0,False
3328,95,7,5110.0,False
3328,96,11,5194.0,False
3328,102,3,5639.0,False
3328,104,1,5731.0,False
3328,106,9,5869.0,False
3328,109,2,6057.0,False
3328,110,0,6104.0,False
3328,116,13,6392.0,False
3328,118,19,6520.0,False
3328,119,5,6557.0,False
3328,123,16,6826.0,False
3329,17,4,804.0,False
3329,31,15,1644.0,False
3329,51,10,2870.0,False
3329,55,17,3101.0,False
3329,65,7,3675.0,False
3329,71,8,3953.0,False
3329,79,13,4414.0,False
3329,84,12,4659.0,False
3329,91,5,4995.0,False
3329,95,2,5271.0,False
3329,97,1,5364.0,False
3329,99,19,5475.0,False
3329,104,3,5798.0,False
3329,106,18,5898.0,False
3329,108,14,5970.0,False
3329,109,9,6050.0,False
3329,111,6,6196.0,False
3329,113,0,6277.0,False
3329,119,16,6677.0,False
3329,123,11,6934.0,False
3330,43,4,2470.0,False
3330,52,7,2940.0,False
3330,68,13,3762.0,False
3330,70,3,3882.0,False
3330,75,15,4120.0,False
3330,76,12,4146.0,False
3330,87,17,4809.0,False
3330,95,18,5200.0,False
3330,98,14,5390.0,False
3330,102,11,5647.0,False
3330,103,9,5735.0,False
3330,104,6,5790.0,False
3330,106,8,5856.0,False
3330,109,10,6053.0,False
3330,113,19,6352.0,False
3330,115,16,6469.0,False
3330,116,2,6519.0,False
3330,117,1,6557.0,False
3330,121,5,6757.0,False
3330,123,0,6834.0,False
3331,42,7,2270.0,False
3331,50,4,2777.0,False
3331,57,12,3108.0,False
3331,63,9,3521.0,False
3331,69,8,3800.0,False
3331,70,14,3832.0,False
3331,72,18,3970.0,False
3331,75,15,4137.0,False
3331,79,10,4390.0,False
3331,90,3,4948.0,False
3331,94,6,5158.0,False
3331,97,17,5357.0,False
3331,99,0,5446.0,False
3331,100,19,5510.0,False
3331,110,1,6042.0,False
3331,113,5,6210.0,False
3331,114,2,6254.0,False
3331,121,13,6693.0,False
3331,122,16,6777.0,False
3331,123,11,6861.0,False
3332,53,4,2999.0,False
3332,56,7,3117.0,False
3332,60,9,3366.0,False
3332,62,8,3472.0,False
3332,72,15,3994.0,False
3332,74,17,4103.0,False
3332,82,19,4493.0,False
3332,85,1,4680.0,False
3332,86,12,4706.0,False
3332,87,6,4761.0,False
3332,91,14,4980.0,False
3332,96,10,5289.0,False
3332,111,16,6167.0,False
3332,113,3,6301.0,False
3332,114,18,6368.0,False
3332,117,2,6519.0,False
3332,118,13,6584.0,False
3332,120,11,6709.0,False
3332,122,0,6811.0,False
3332,123,5,6842.0,False
3333,39,15,2003.0,False
3333,43,9,2247.0,False
3333,46,4,2380.0,False
3333,59,17,3133.0,False
3333,63,1,3347.0,False
3333,68,8,3619.0,False
3333,74,19,4011.0,False
3333,78,0,4265.0,False
3333,79,16,4340.0,False
3333,85,18,4746.0,False
3333,86,14,4783.0,False
3333,95,7,5277.0,False
3333,101,12,5540.0,False
3333,102,6,5605.0,False
3333,107,3,5889.0,False
3333,108,11,5971.0,False
3333,119,10,6567.0,False
3333,121,13,6686.0,False
3333,122,5,6721.0,False
3333,123,2,6765.0,False
3334,23,7,1237.0,False
3334,42,1,2243.0,False
3334,48,4,2554.0,False
3334,61,14,3338.0,False
3334,72,18,3954.0,False
3334,75,12,4104.0,False
3334,81,8,4368.0,False
3334,85,9,4629.0,False
3334,90,11,4940.0,False
3334,92,15,5031.0,False
3334,96,13,5237.0,False
3334,101,0,5525.0,False
3334,102,17,5596.0,False
3334,107,16,5907.0,False
3334,108,19,5962.0,False
3334,109,3,6025.0,False
3334,119,2,6630.0,False
3334,120,10,6698.0,False
3334,121,6,6763.0,False
3334,123,5,6858.0,False
3335,34,14,1897.0,False
3335,45,18,2519.0,False
3335,54,17,3001.0,False
3335,62,12,3459.0,False
3335,68,4,3769.0,False
3335,69,1,3808.0,False
3335,74,6,4117.0,False
3335,77,15,4246.0,False
3335,79,7,4376.0,False
3335,85,9,4735.0,False
3335,87,19,4863.0,False
3335,93,0,5176.0,False
3335,107,13,6033.0,False
3335,109,8,6126.0,False
3335,112,10,6269.0,False
3335,113,5,6304.0,False
3335,114,16,6388.0,False
3335,118,11,6609.0,False
3335,122,3,6840.0,False
3335,123,2,6884.0,False
3336,36,17,1908.0,False
3336,50,14,2836.0,False
3336,66,4,3649.0,False
3336,80,19,4419.0,False
3336,81,15,4469.0,False
3336,83,3,4566.0,False
3336,84,7,4611.0,False
3336,85,9,4691.0,False
3336,87,11,4834.0,False
3336,91,18,5077.0,False
3336,98,1,5433.0,False
3336,100,12,5519.0,False
3336,104,0,5729.0,False
3336,105,8,5773.0,False
3336,110,6,6100.0,False
3336,112,10,6212.0,False
3336,118,5,6529.0,False
3336,120,16,6668.0,False
3336,122,2,6785.0,False
3336,123,13,6853.0,False
3337,31,17,1635.0,False
3337,37,15,1978.0,False
3337,52,8,2774.0,False
3337,58,12,3101.0,False
3337,66,4,3514.0,False
3337,69,7,3683.0,False
3337,84,10,4479.0,False
3337,97,9,5300.0,False
3337,100,2,5450.0,False
3337,101,5,5481.0,False
3337,105,14,5646.0,False
3337,106,18,5701.0,False
3337,111,19,5992.0,False
3337,116,16,6322.0,False
3337,117,0,6375.0,False
3337,118,3,6445.0,False
3337,119,11,6527.0,False
3337,120,1,6565.0,False
3337,121,6,6620.0,False
3337,123,13,6739.0,False
3338,27,17,1367.0,False
3338,30,15,1527.0,False
3338,49,8,2577.0,False
3338,57,3,3052.0,False
3338,67,7,3639.0,False
3338,69,19,3761.0,False
3338,77,9,4218.0,False
3338,80,6,4434.0,False
3338,83,14,4590.0,False
3338,84,0,4641.0,False
3338,91,1,5046.0,False
3338,93,12,5141.0,False
3338,94,4,5187.0,False
3338,103,16,5698.0,False
3338,104,13,5762.0,False
3338,109,18,6025.0,False
3338,110,10,6093.0,False
3338,117,5,6436.0,False
3338,119,11,6573.0,False
3338,123,2,6786.0,False
3339,51,17,2786.0,False
3339,53,15,2874.0,False
3339,54,8,2908.0,False
3339,59,0,3223.0,False
3339,63,14,3422.0,False
3339,72,7,3884.0,False
3339,79,9,4324.0,False
3339,86,3,4701.0,False
3339,88,6,4829.0,False
3339,90,5,4935.0,False
3339,94,18,5168.0,False
3339,97,19,5347.0,False
3339,99,12,5463.0,False
3339,103,4,5633.0,False
3339,109,16,6013.0,False
3339,113,10,6234.0,False
3339,114,1,6267.0,False
3339,118,11,6512.0,False
3339,121,2,6696.0,False
3339,123,13,6816.0,False
3340,45,10,2355.0,False
3340,52,4,2732.0,False
3340,58,3,3058.0,False
3340,62,8,3301.0,False
3340,68,12,3583.0,False
3340,69,15,3627.0,False
3340,75,14,3954.0,False
3340,80,17,4278.0,False
3340,87,1,4669.0,False
3340,90,18,4821.0,False
3340,93,0,4999.0,False
3340,98,9,5282.0,False
3340,106,6,5807.0,False
3340,107,19,5862.0,False
3340,108,16,5937.0,False
3340,112,5,6190.0,False
3340,113,11,6274.0,False
3340,114,7,6308.0,False
3340,122,2,6778.0,False
3340,123,13,6843.0,False
3341,40,17,2219.0,False
3341,45,7,2537.0,False
3341,46,14,2574.0,False
3341,55,12,3015.0,False
3341,61,15,3324.0,False
3341,68,0,3632.0,False
3341,70,4,3734.0,False
3341,79,8,4311.0,False
3341,81,3,4417.0,False
3341,82,11,4499.0,False
3341,93,9,5110.0,False
3341,98,1,5359.0,False
3341,106,2,5834.0,False
3341,112,19,6200.0,False
3341,116,18,6427.0,False
3341,117,16,6511.0,False
3341,119,5,6612.0,False
3341,120,10,6695.0,False
3341,121,6,6760.0,False
3341,123,13,6879.0,False
3342,37,15,1965.0,False
3342,56,17,3137.0,False
3342,69,4,3878.0,False
3342,73,18,4109.0,False
3342,80,6,4542.0,False
3342,86,11,4874.0,False
3342,87,14,4906.0,False
3342,90,1,5020.0,False
3342,93,0,5162.0,False
3342,98,19,5453.0,False
3342,99,9,5529.0,False
3342,100,7,5574.0,False
3342,104,12,5776.0,False
3342,107,8,5913.0,False
3342,111,3,6171.0,False
3342,113,2,6257.0,False
3342,114,10,6325.0,False
3342,117,13,6482.0,False
3342,118,5,6519.0,False
3342,123,16,6832.0,False
3343,34,9,1826.0,False
3343,38,17,2091.0,False
3343,40,8,2188.0,False
3343,47,7,2615.0,False
3343,62,12,3462.0,False
3343,66,15,3651.0,False
3343,72,10,3947.0,False
3343,81,11,4488.0,False
3343,86,14,4737.0,False
3343,88,1,4830.0,False
3343,93,18,5098.0,False
3343,104,2,5725.0,False
3343,108,0,5941.0,False
3343,110,19,6049.0,False
3343,111,3,6119.0,False
3343,112,13,6187.0,False
3343,113,4,6226.0,False
3343,114,5,6263.0,False
3343,119,6,6538.0,False
3343,123,16,6796.0,False
3344,22,15,994.0,False
3344,44,7,2297.0,False
3344,48,17,2504.0,False
3344,57,12,3022.0,False
3344,59,9,3145.0,False
3344,62,4,3306.0,False
3344,68,5,3617.0,False
3344,76,14,4085.0,False
3344,81,10,4386.0,False
3344,82,8,4420.0,False
3344,88,0,4694.0,False
3344,99,3,5356.0,False
3344,100,16,5440.0,False
3344,102,19,5533.0,False
3344,103,11,5615.0,False
3344,105,18,5714.0,False
3344,115,2,6339.0,False
3344,118,6,6544.0,False
3344,119,1,6582.0,False
3344,123,13,6840.0,False
3345,37,14,2074.0,False
3345,42,9,2425.0,False
3345,51,17,2904.0,False
3345,52,8,2943.0,False
3345,59,7,3265.0,False
3345,65,12,3556.0,False
3345,69,10,3811.0,False
3345,87,4,4901.0,False
3345,90,3,5066.0,False
3345,98,15,5474.0,False
3345,99,18,5532.0,False
3345,106,5,5896.0,False
3345,107,19,5961.0,False
3345,108,11,6058.0,False
3345,112,13,6287.0,False
3345,115,0,6437.0,False
3345,116,16,6512.0,False
3345,119,2,6665.0,False
3345,120,1,6703.0,False
3345,123,6,6904.0,False
3346,49,7,2600.0,False
3346,53,8,2807.0,False
3346,58,17,3090.0,False
3346,59,10,3158.0,False
3346,76,9,4195.0,False
3346,79,15,4351.0,False
3346,88,4,4884.0,False
3346,90,13,4996.0,False
3346,91,18,5054.0,False
3346,94,14,5185.0,False
3346,97,11,5364.0,False
3346,100,5,5499.0,False
3346,103,12,5627.0,False
3346,108,16,5966.0,False
3346,109,3,6029.0,False
3346,111,1,6100.0,False
3346,113,0,6181.0,False
3346,120,19,6614.0,False
3346,121,6,6669.0,False
3346,123,2,6791.0,False
3347,48,17,2508.0,False
3347,54,8,2836.0,False
3347,56,15,2912.0,False
3347,65,10,3478.0,False
3347,71,9,3811.0,False
3347,76,7,4059.0,False
3347,86,5,4672.0,False
3347,87,4,4719.0,False
3347,90,14,4919.0,False
3347,92,19,5046.0,False
3347,95,12,5206.0,False
3347,102,18,5586.0,False
3347,105,16,5771.0,False
3347,109,0,5991.0,False
3347,110,6,6046.0,False
3347,114,3,6277.0,False
3347,116,1,6380.0,False
3347,119,13,6532.0,False
3347,121,11,6671.0,False
3347,123,2,6781.0,False
3348,40,12,2122.0,False
3348,49,14,2687.0,False
3348,62,8,3445.0,False
3348,63,15,3489.0,False
3348,65,9,3620.0,False
3348,76,6,4205.0,False
3348,78,17,4341.0,False
3348,90,7,5002.0,False
3348,99,2,5488.0,False
3348,101,5,5560.0,False
3348,104,11,5783.0,False
3348,108,10,6032.0,False
3348,110,3,6148.0,False
3348,112,18,6283.0,False
3348,115,13,6466.0,False
3348,116,19,6530.0,False
3348,117,1,6569.0,False
3348,119,4,6678.0,False
3348,121,16,6795.0,False
3348,123,0,6878.0,False
3349,31,8,1670.0,False
3349,41,15,2171.0,False
3349,56,12,2957.0,False
3349,57,10,3027.0,False
3349,71,7,3749.0,False
3349,73,9,3910.0,False
3349,74,18,3968.0,False
3349,75,17,4039.0,False
3349,79,19,4236.0,False
3349,90,1,4882.0,False
3349,96,13,5261.0,False
3349,101,14,5569.0,False
3349,103,16,5705.0,False
3349,105,4,5803.0,False
3349,109,5,6033.0,False
3349,110,2,6077.0,False
3349,113,3,6267.0,False
3349,121,0,6685.0,False
3349,122,6,6750.0,False
3349,123,11,6832.0,False
3350,39,8,2074.0,False
3350,49,17,2668.0,False
3350,51,9,2793.0,False
3350,59,12,3299.0,False
3350,62,14,3488.0,False
3350,73,15,4101.0,False
3350,82,10,4549.0,False
3350,93,6,5149.0,False
3350,96,7,5291.0,False
3350,97,11,5388.0,False
3350,99,1,5475.0,False
3350,102,3,5670.0,False
3350,103,4,5717.0,False
3350,105,18,5822.0,False
3350,110,5,6116.0,False
3350,112,2,6249.0,False
3350,113,13,6328.0,False
3350,120,0,6693.0,False
3350,122,16,6831.0,False
3350,123,19,6886.0,False
3351,55,17,3131.0,False
3351,57,14,3219.0,False
3351,58,9,3299.0,False
3351,65,8,3712.0,False
3351,78,18,4491.0,False
3351,80,19,4618.0,False
3351,82,7,4692.0,False
3351,83,12,4723.0,False
3351,85,16,4856.0,False
3351,87,4,4948.0,False
3351,90,13,5131.0,False
3351,93,15,5307.0,False
3351,99,11,5645.0,False
3351,109,2,6156.0,False
3351,112,5,6288.0,False
3351,115,1,6407.0,False
3351,116,10,6475.0,False
3351,120,3,6718.0,False
3351,122,0,6838.0,False
3351,123,6,6903.0,False
3352,37,8,2013.0,False
3352,45,17,2483.0,False
3352,51,10,2820.0,False
3352,52,12,2846.0,False
3352,56,7,3015.0,False
3352,58,9,3147.0,False
3352,59,15,3191.0,False
3352,84,1,4566.0,False
3352,86,11,4703.0,False
3352,94,5,5169.0,False
3352,97,2,5342.0,False
3352,102,13,5631.0,False
3352,103,14,5668.0,False
3352,106,19,5812.0,False
3352,115,0,6304.0,False
3352,117,3,6425.0,False
3352,118,4,6459.0,False
3352,120,18,6597.0,False
3352,121,16,6681.0,False
3352,123,6,6802.0,False
3353,35,8,1851.0,False
3353,38,15,1989.0,False
3353,39,16,2073.0,False
3353,50,17,2722.0,False
3353,54,10,2964.0,False
3353,57,12,3102.0,False
3353,58,9,3182.0,False
3353,82,7,4637.0,False
3353,91,14,5166.0,False
3353,102,13,5765.0,False
3353,103,19,5820.0,False
3353,106,6,5992.0,False
3353,108,0,6088.0,False
3353,110,11,6231.0,False
3353,116,1,6528.0,False
3353,118,5,6610.0,False
3353,119,2,6654.0,False
3353,120,4,6701.0,False
3353,122,3,6835.0,False
3353,123,18,6893.0,False
3354,42,9,2323.0,False
3354,54,8,2900.0,False
3354,58,15,3105.0,False
3354,65,7,3566.0,False
3354,76,1,4185.0,False
3354,83,12,4493.0,False
3354,88,18,4731.0,False
3354,95,16,5195.0,False
3354,96,14,5232.0,False
3354,98,17,5369.0,False
3354,101,11,5594.0,False
3354,104,13,5803.0,False
3354,105,10,5873.0,False
3354,106,2,5921.0,False
3354,109,4,6055.0,False
3354,112,19,6234.0,False
3354,117,5,6453.0,False
3354,121,6,6742.0,False
3354,122,3,6812.0,False
3354,123,0,6859.0,False
3355,32,8,1729.0,False
3355,49,4,2669.0,False
3355,56,1,3037.0,False
3355,64,10,3528.0,False
3355,72,15,3949.0,False
3355,74,12,4030.0,False
3355,78,7,4219.0,False
3355,79,9,4307.0,False
3355,100,17,5577.0,False
3355,103,11,5756.0,False
3355,104,18,5814.0,False
3355,105,16,5898.0,False
3355,111,5,6237.0,False
3355,112,6,6302.0,False
3355,114,14,6404.0,False
3355,115,19,6469.0,False
3355,116,13,6534.0,False
3355,119,3,6713.0,False
3355,121,0,6802.0,False
3355,123,2,6917.0,False
3356,32,15,1734.0,False
3356,47,6,2699.0,False
3356,49,8,2796.0,False
3356,52,1,2965.0,False
3356,53,17,3029.0,False
3356,66,9,3751.0,False
3356,75,7,4272.0,False
3356,77,12,4332.0,False
3356,83,16,4668.0,False
3356,88,0,4933.0,False
3356,90,2,5028.0,False
3356,94,10,5282.0,False
3356,105,19,5904.0,False
3356,108,14,6083.0,False
3356,111,5,6213.0,False
3356,115,3,6461.0,False
3356,118,11,6645.0,False
3356,119,4,6684.0,False
3356,120,18,6742.0,False
3356,123,13,6921.0,False
3357,44,1,2283.0,False
3357,61,8,3244.0,False
3357,73,15,3904.0,False
3357,74,9,3992.0,False
3357,81,12,4437.0,False
3357,83,14,4527.0,False
3357,86,4,4714.0,False
3357,87,0,4767.0,False
3357,89,7,4847.0,False
3357,94,10,5137.0,False
3357,95,6,5202.0,False
3357,100,16,5494.0,False
3357,104,19,5730.0,False
3357,110,13,6059.0,False
3357,112,17,6190.0,False
3357,113,18,6257.0,False
3357,115,2,6333.0,False
3357,121,5,6626.0,False
3357,122,11,6708.0,False
3357,123,3,6766.0,False
3358,47,7,2442.0,False
3358,52,1,2717.0,False
3358,54,15,2851.0,False
3358,61,8,3252.0,False
3358,77,5,4133.0,False
3358,81,17,4365.0,False
3358,86,12,4594.0,False
3358,87,10,4662.0,False
3358,92,13,4894.0,False
3358,98,0,5242.0,False
3358,99,18,5309.0,False
3358,101,14,5428.0,False
3358,102,11,5525.0,False
3358,106,19,5732.0,False
3358,114,9,6233.0,False
3358,115,16,6318.0,False
3358,117,6,6445.0,False
3358,118,3,6493.0,False
3358,120,4,6593.0,False
3358,123,2,6759.0,False
3359,39,6,2290.0,False
3359,49,15,2904.0,False
3359,57,1,3296.0,False
3359,58,13,3361.0,False
3359,72,14,4178.0,False
3359,80,11,4643.0,False
3359,86,7,4906.0,False
3359,90,9,5153.0,False
3359,96,12,5482.0,False
3359,98,17,5583.0,False
3359,100,8,5668.0,False
3359,102,4,5763.0,False
3359,103,5,5800.0,False
3359,107,19,5997.0,False
3359,109,10,6123.0,False
3359,115,0,6441.0,False
3359,117,16,6563.0,False
3359,118,18,6630.0,False
3359,122,2,6854.0,False
3359,123,3,6917.0,False
3360,41,15,2283.0,False
3360,53,6,3030.0,False
3360,58,19,3328.0,False
3360,63,1,3570.0,False
3360,65,17,3682.0,False
3360,70,8,3956.0,False
3360,78,5,4326.0,False
3360,80,13,4447.0,False
3360,89,12,4968.0,False
3360,99,14,5507.0,False
3360,101,10,5615.0,False
3360,102,0,5666.0,False
3360,104,9,5798.0,False
3360,108,7,6006.0,False
3360,109,16,6090.0,False
3360,112,11,6296.0,False
3360,116,18,6485.0,False
3360,119,4,6664.0,False
3360,120,2,6714.0,False
3360,123,3,6898.0,False
